id;data_inversa;dia_semana;horario;uf;br;km;municipio;causa_acidente;tipo_acidente;classificacao_acidente;fase_dia;sentido_via;condicao_metereologica;tipo_pista;tracado_via;uso_solo;pessoas;mortos;feridos_leves;feridos_graves;ilesos;ignorados;feridos;veiculos;latitude;longitude;regional;delegacia;uop;;;
653567;06/01/2025;segunda-feira;18:25:00;BA;116;462;SANTO ESTEVAO;Acessar a via sem observar a presen�a dos outros ve�culos;Colis�o lateral mesmo sentido;Com V�timas Feridas;Plena Noite;Crescente;C�u Claro;Dupla;Reta;Sim;2;0;1;0;1;0;1;2;-12,45182;-39,253353;SPRF-BA;DEL02-BA;UOP01-DEL02-BA;;;
653568;06/01/2025;segunda-feira;18:00:00;SC;101;375,3;ICARA;Manobra de mudan�a de faixa;Colis�o lateral mesmo sentido;Com V�timas Feridas;Anoitecer;Decrescente;C�u Claro;M�ltipla;Reta;N�o;3;0;1;0;1;1;1;3;-28,72014713;-49,23508784;SPRF-SC;DEL02-SC;UOP01-DEL02-SC;;;
653574;06/01/2025;segunda-feira;12:30:00;BA;349;1007;CORRENTINA;Rea��o tardia ou ineficiente do condutor;Sa�da de leito carro��vel;Com V�timas Feridas;Pleno dia;Decrescente;C�u Claro;Simples;Reta;N�o;10;0;1;1;7;1;2;3;-13,798735;-46,164127;SPRF-BA;DEL10-BA;UOP02-DEL10-BA;;;
653576;06/01/2025;segunda-feira;13:00:00;MG;40;258,5;SAO GONCALO DO ABAETE;Pedestre andava na pista;Atropelamento de Pedestre;Com V�timas Fatais;Pleno dia;Decrescente;C�u Claro;Simples;"Declive;Reta";N�o;3;1;0;0;1;1;0;2;-18,13657095;-45,37279299;SPRF-MG;DEL14-MG;UOP02-DEL14-MG;;;
653583;06/01/2025;segunda-feira;19:30:00;SE;101;145,7;ESTANCIA;Afundamento ou ondula��o no pavimento;Queda de ocupante de ve�culo;Com V�timas Fatais;Plena Noite;Decrescente;C�u Claro;Dupla;Reta;N�o;2;1;0;0;0;1;0;2;-11,22094463;-37,41933749;SPRF-SE;DEL02-SE;UOP01-DEL02-SE;;;
653589;06/01/2025;segunda-feira;20:05:00;PE;232;251;ARCOVERDE;Rea��o tardia ou ineficiente do condutor;Tombamento;Com V�timas Feridas;Plena Noite;Decrescente;C�u Claro;Simples;Curva;N�o;2;0;1;0;1;0;1;1;-8,429241;-37,060127;SPRF-PE;DEL04-PE;UOP02-DEL04-PE;;;
653593;06/01/2025;segunda-feira;20:00:00;MG;153;129;PRATA;Chuva;Colis�o traseira;Com V�timas Feridas;Plena Noite;Crescente;Chuva;Dupla;Reta;N�o;3;0;1;0;2;0;1;2;-19,47713595;-48,86719852;SPRF-MG;DEL15-MG;UOP03-DEL15-MG;;;
653595;06/01/2025;segunda-feira;21:20:00;PR;277;2,1;PARANAGUA;Desrespeitar a prefer�ncia no cruzamento;Colis�o transversal;Com V�timas Feridas;Plena Noite;Crescente;Nublado;Simples;"Interse��o de Vias;Reta";Sim;3;0;1;0;1;5;1;7;-25,508003;-48,528306;SPRF-PR;DEL01-PR;UOP05-DEL01-PR;;;
653598;06/01/2025;segunda-feira;19:20:00;MT;70;300;PRIMAVERA DO LESTE;Demais falhas mec�nicas ou el�tricas;Eventos at�picos;Com V�timas Feridas;Plena Noite;Decrescente;Nevoeiro/Neblina;Simples;"Declive;Reta";N�o;2;0;1;0;0;1;1;2;-15,57911988;-54,47201099;SPRF-MT;DEL05-MT;UOP01-DEL05-MT;;;
653599;06/01/2025;segunda-feira;18:50:00;MT;70;126;GENERAL CARNEIRO;Pedestre andava na pista;Atropelamento de Pedestre;Com V�timas Fatais;Plena Noite;Crescente;Nublado;Simples;Reta;N�o;3;1;0;0;0;2;0;2;-15,58797578;-53,17073277;SPRF-MT;DEL07-MT;UOP01-DEL07-MT;;;
653601;06/01/2025;segunda-feira;22:40:00;DF;40;7;BRASILIA;Acessar a via sem observar a presen�a dos outros ve�culos;Colis�o lateral mesmo sentido;Com V�timas Feridas;Plena Noite;Crescente;C�u Claro;Dupla;Reta;Sim;4;0;1;0;3;0;1;2;-16,04532081;-47,98077556;SPRF-DF;DEL01-DF;UOP01-DEL01-DF;;;
653602;06/01/2025;segunda-feira;21:00:00;PR;153;210;TIBAGI;Transitar na contram�o;Colis�o frontal;Com V�timas Fatais;Plena Noite;Decrescente;C�u Claro;Simples;"Curva;Declive";N�o;4;1;0;0;1;2;0;4;-24,55321275;-50,45677185;SPRF-PR;DEL03-PR;UOP02-DEL03-PR;;;
653603;06/01/2025;segunda-feira;19:15:00;RR;174;314;CARACARAI;Pedestre - Ingest�o de �lcool/ subst�ncias psicoativas;Atropelamento de Pedestre;Com V�timas Fatais;Plena Noite;Crescente;C�u Claro;Simples;Reta;N�o;2;1;0;0;0;1;0;2;1,481293;-60,905197;SPRF-RR;DEL01-RR;UOP01-DEL01-RR;;;
653606;06/01/2025;segunda-feira;08:40:00;BA;324;610;SIMOES FILHO;Problema com o freio;Engavetamento;Sem V�timas;Pleno dia;Crescente;C�u Claro;Simples;Reta;N�o;3;0;0;0;3;0;0;3;-12,82931703;-38,41113193;SPRF-BA;DEL01-BA;UOP01-DEL01-BA;;;
653607;06/01/2025;segunda-feira;23:54:00;PR;116;75;QUATRO BARRAS;Objeto est�tico sobre o leito carro��vel;Colis�o com objeto;Com V�timas Feridas;Plena Noite;Crescente;Nublado;Dupla;Reta;N�o;5;0;1;0;3;1;1;3;-25,37129423;-49,04588263;SPRF-PR;DEL01-PR;UOP02-DEL01-PR;;;
653608;07/01/2025;ter�a-feira;02:00:00;SP;116;440;REGISTRO;Pedestre cruzava a pista fora da faixa;Atropelamento de Pedestre;Com V�timas Feridas;Plena Noite;Decrescente;C�u Claro;Dupla;Reta;N�o;2;0;0;1;1;0;1;2;-24,46159507;-47,81713991;SPRF-SP;DEL05-SP;UOP01-DEL05-SP;;;
653615;07/01/2025;ter�a-feira;00:10:00;SP;116;511;CAJATI;Rea��o tardia ou ineficiente do condutor;Tombamento;Com V�timas Feridas;Plena Noite;Decrescente;Garoa/Chuvisco;Simples;Curva;N�o;1;0;0;1;0;0;1;1;-24,83558399;-48,2223738;SPRF-SP;DEL05-SP;UOP02-DEL05-SP;;;
653617;07/01/2025;ter�a-feira;06:40:00;SC;470;56;BLUMENAU;Demais falhas mec�nicas ou el�tricas;Inc�ndio;Sem V�timas;Pleno dia;Crescente;C�u Claro;M�ltipla;Reta;Sim;1;0;0;0;1;0;0;1;-26,87674;-49,127743;SPRF-SC;DEL04-SC;UOP01-DEL04-SC;;;
653622;07/01/2025;ter�a-feira;05:00:00;BA;407;175;PONTO NOVO;Aus�ncia de rea��o do condutor;Colis�o traseira;Com V�timas Feridas;Amanhecer;Decrescente;C�u Claro;Simples;Reta;N�o;2;0;0;2;0;0;2;2;-10,88405899;-40,10993487;SPRF-BA;DEL04-BA;UOP02-DEL04-BA;;;
653636;03/01/2025;sexta-feira;09:40:00;CE;116;19;EUSEBIO;Manobra de mudan�a de faixa;Colis�o lateral mesmo sentido;Sem V�timas;Pleno dia;Decrescente;C�u Claro;Dupla;Reta;Sim;3;0;0;0;2;1;0;3;-3,918503;-38,50736976;SPRF-CE;DEL01-CE;UOP02-DEL01-CE;;;
653640;07/01/2025;ter�a-feira;09:40:00;SE;101;124,9;ITAPORANGA DAJUDA;Mal s�bito do condutor;Sa�da de leito carro��vel;Com V�timas Feridas;Pleno dia;Crescente;C�u Claro;Dupla;Reta;N�o;4;0;1;2;0;1;3;2;-11,0497;-37,364988;SPRF-SE;DEL02-SE;UOP01-DEL02-SE;;;
653644;07/01/2025;ter�a-feira;08:50:00;MG;251;288,6;SALINAS;Demais falhas mec�nicas ou el�tricas;Inc�ndio;Sem V�timas;Pleno dia;Crescente;C�u Claro;Simples;"Reta;Declive";N�o;1;0;0;0;1;0;0;1;-16,04478237;-42,14449883;SPRF-MG;DEL12-MG;UOP02-DEL12-MG;;;
653646;06/01/2025;segunda-feira;11:30:00;MG;40;311,5;TRES MARIAS;Ingest�o de �lcool pelo condutor;Colis�o lateral mesmo sentido;Sem V�timas;Pleno dia;Crescente;C�u Claro;Simples;Reta;N�o;4;0;0;0;3;1;0;3;-18,440416;-45,07127;SPRF-MG;DEL14-MG;UOP02-DEL14-MG;;;
653647;06/01/2025;segunda-feira;23:00:00;TO;153;360;FORTALEZA DO TABOCAO;Rea��o tardia ou ineficiente do condutor;Capotamento;Com V�timas Feridas;Plena Noite;Decrescente;C�u Claro;Simples;Reta;Sim;3;0;2;0;0;1;2;2;-9,06426723;-48,52025097;SPRF-TO;DEL02-TO;UOP02-DEL02-TO;;;
653649;07/01/2025;ter�a-feira;10:00:00;RN;304;38;MOSSORO;Condutor deixou de manter dist�ncia do ve�culo da frente;Colis�o transversal;Com V�timas Feridas;Pleno dia;Decrescente;C�u Claro;Simples;Reta;Sim;2;0;1;0;0;1;1;2;-5,18138457;-37,36832252;SPRF-RN;DEL04-RN;UOP02-DEL04-RN;;;
653650;07/01/2025;ter�a-feira;08:10:00;AL;101;149;JEQUIA DA PRAIA;Velocidade Incompat�vel;Tombamento;Com V�timas Feridas;Pleno dia;Crescente;C�u Claro;Dupla;"Declive;Curva";N�o;2;0;1;0;0;1;1;2;-9,89022377;-36,13489151;SPRF-AL;DEL02-AL;UOP02-DEL02-AL;;;
653655;07/01/2025;ter�a-feira;08:20:00;SP;116;52,4;LORENA;Condutor Dormindo;Colis�o traseira;Sem V�timas;Pleno dia;Crescente;C�u Claro;Dupla;Reta;Sim;2;0;0;0;2;0;0;2;-22,74708138;-45,09973038;SPRF-SP;DEL08-SP;UOP02-DEL08-SP;;;
653661;07/01/2025;ter�a-feira;08:40:00;SC;470;109,3;APIUNA;Ingest�o de �lcool pelo condutor;Colis�o lateral sentido oposto;Com V�timas Feridas;Pleno dia;Crescente;C�u Claro;Simples;Reta;N�o;3;0;1;0;1;1;1;3;-27,083876;-49,449543;SPRF-SC;DEL04-SC;UOP02-DEL04-SC;;;
653663;07/01/2025;ter�a-feira;10:45:00;ES;393;1,3;CACHOEIRO DE ITAPEMIRIM;Aus�ncia de rea��o do condutor;Colis�o traseira;Com V�timas Feridas;Pleno dia;Crescente;C�u Claro;Simples;Reta;Sim;3;0;0;1;1;1;1;3;-20,83723289;-41,16733095;SPRF-ES;DEL03-ES;UOP02-DEL03-ES;;;
653668;07/01/2025;ter�a-feira;12:30:00;BA;116;493;RAFAEL JAMBEIRO;Acessar a via sem observar a presen�a dos outros ve�culos;Colis�o traseira;Com V�timas Feridas;Pleno dia;Crescente;C�u Claro;Dupla;Reta;N�o;7;0;1;0;5;2;1;4;-12,56115018;-39,47426391;SPRF-BA;DEL02-BA;UOP01-DEL02-BA;;;
653671;07/01/2025;ter�a-feira;10:00:00;MG;50;122,9;UBERABA;Rea��o tardia ou ineficiente do condutor;Colis�o lateral mesmo sentido;Com V�timas Feridas;Pleno dia;Crescente;Nublado;Dupla;Reta;N�o;5;0;1;0;3;1;1;3;-19,32486914;-48,10279232;SPRF-MG;DEL13-MG;UOP01-DEL13-MG;;;
653672;07/01/2025;ter�a-feira;12:55:00;MG;381;363;JOAO MONLEVADE;Aus�ncia de rea��o do condutor;Colis�o traseira;Com V�timas Feridas;Pleno dia;Crescente;Garoa/Chuvisco;Simples;"Curva;Declive";N�o;3;0;0;1;1;2;1;4;-19,85130197;-43,24808594;SPRF-MG;DEL03-MG;UOP01-DEL03-MG;;;
653674;07/01/2025;ter�a-feira;13:15:00;RS;116;505,5;PELOTAS;Demais falhas mec�nicas ou el�tricas;Inc�ndio;Sem V�timas;Pleno dia;Crescente;Sol;Dupla;Reta;N�o;1;0;0;0;1;0;0;1;-31,58853468;-52,27995231;SPRF-RS;DEL07-RS;UOP01-DEL07-RS;;;
653676;07/01/2025;ter�a-feira;10:40:00;PA;163;146;ALTAMIRA;Objeto est�tico sobre o leito carro��vel;Colis�o com objeto;Com V�timas Feridas;Pleno dia;Decrescente;Sol;Simples;Reta;N�o;3;0;1;0;1;3;1;5;-8,42387326;-55,10583265;SPRF-MT;DEL06-MT;UOP03-DEL06-MT;;;
653680;07/01/2025;ter�a-feira;13:20:00;RS;386;215,2;TIO HUGO;Acessar a via sem observar a presen�a dos outros ve�culos;Colis�o transversal;Com V�timas Feridas;Pleno dia;Decrescente;C�u Claro;Simples;Reta;N�o;6;0;3;0;2;1;3;4;-28,57666;-52,596031;SPRF-RS;DEL04-RS;UOP03-DEL04-RS;;;
653681;07/01/2025;ter�a-feira;12:10:00;SP;116;221;GUARULHOS;Transtornos Mentais (exceto suicidio);Queda de ocupante de ve�culo;Com V�timas Feridas;Pleno dia;Decrescente;C�u Claro;M�ltipla;"Reta;Em Obras";N�o;2;0;1;0;0;1;1;1;-23,46802395;-46,50704901;SPRF-SP;DEL01-SP;UOP01-DEL01-SP;;;
653683;07/01/2025;ter�a-feira;12:04:00;RO;319;63;PORTO VELHO;Suic�dio (presumido);Atropelamento de Pedestre;Com V�timas Fatais;Pleno dia;Crescente;Nublado;Dupla;Reta;Sim;3;1;0;0;2;0;0;2;-8,75535356;-63,8869518;SPRF-RO;DEL01-RO;UOP01-DEL01-RO;;;
653692;07/01/2025;ter�a-feira;09:30:00;BA;116;272;TUCANO;Transitar na contram�o;Colis�o frontal;Com V�timas Fatais;Pleno dia;Crescente;C�u Claro;Simples;Reta;N�o;2;1;0;0;1;0;0;2;-10,936705;-38,81187;SPRF-BA;DEL07-BA;UOP02-DEL07-BA;;;
653698;07/01/2025;ter�a-feira;13:30:00;RJ;101;385;RIO DE JANEIRO;Aus�ncia de rea��o do condutor;Colis�o transversal;Com V�timas Feridas;Pleno dia;Crescente;C�u Claro;M�ltipla;"Retorno Regulamentado;Reta";N�o;5;0;2;0;3;0;2;4;-22,88064129;-43,63218994;SPRF-RJ;DEL03-RJ;UOP01-DEL03-RJ;;;
653699;07/01/2025;ter�a-feira;14:20:00;PR;277;365,8;GUARAPUAVA;Ultrapassagem Indevida;Colis�o frontal;Com V�timas Feridas;Pleno dia;Crescente;Sol;Simples;"Aclive;Reta";N�o;2;0;0;2;0;0;2;2;-25,43214305;-51,60777698;SPRF-PR;DEL08-PR;UOP01-DEL08-PR;;;
653703;07/01/2025;ter�a-feira;15:00:00;RS;285;636,7;SANTO ANTONIO DAS MISSOES;Manobra de mudan�a de faixa;Colis�o lateral sentido oposto;Com V�timas Feridas;Pleno dia;Decrescente;C�u Claro;Simples;Reta;N�o;1;0;1;0;0;0;1;1;-28,58466;-55,626167;SPRF-RS;DEL12-RS;UOP01-DEL12-RS;;;
653704;04/01/2025;s�bado;01:30:00;PR;476;80;BOCAIUVA DO SUL;Demais falhas mec�nicas ou el�tricas;Inc�ndio;Sem V�timas;Plena Noite;Decrescente;Nublado;Simples;Curva;N�o;1;0;0;0;1;0;0;1;-25,122978;-49,099415;SPRF-PR;DEL01-PR;UOP01-DEL01-PR;;;
653709;07/01/2025;ter�a-feira;14:30:00;RS;116;116,4;SAO MARCOS;Acessar a via sem observar a presen�a dos outros ve�culos;Colis�o transversal;Com V�timas Feridas;Pleno dia;Decrescente;C�u Claro;Simples;"Curva;Aclive";Sim;2;0;1;0;0;1;1;2;-28,97609141;-51,06640231;SPRF-RS;DEL05-RS;UOP01-DEL05-RS;;;
653710;07/01/2025;ter�a-feira;15:30:00;MG;116;275,5;TEOFILO OTONI;Faixas de tr�nsito com largura insuficiente;Colis�o lateral mesmo sentido;Com V�timas Feridas;Pleno dia;Decrescente;Nublado;Dupla;Reta;Sim;2;0;1;0;0;1;1;2;-17,846454;-41,51549;SPRF-MG;DEL11-MG;UOP01-DEL11-MG;;;
653712;07/01/2025;ter�a-feira;15:50:00;SC;282;3,2;FLORIANOPOLIS;Convers�o proibida;Colis�o lateral mesmo sentido;Com V�timas Feridas;Pleno dia;Crescente;Nublado;M�ltipla;Reta;Sim;2;0;0;1;1;0;1;2;-27,600384;-48,599705;SPRF-SC;DEL01-SC;UOP01-DEL01-SC;;;
653714;07/01/2025;ter�a-feira;16:15:00;RS;116;252;SAPUCAIA DO SUL;Condutor deixou de manter dist�ncia do ve�culo da frente;Colis�o traseira;Com V�timas Feridas;Pleno dia;Decrescente;C�u Claro;Dupla;Reta;Sim;4;0;1;0;3;0;1;2;-29,80913395;-51,1675292;SPRF-RS;DEL01-RS;UOP02-DEL01-RS;;;
653715;07/01/2025;ter�a-feira;15:48:00;BA;101;148;TEODORO SAMPAIO;Frear bruscamente;Sa�da de leito carro��vel;Sem V�timas;Pleno dia;Crescente;C�u Claro;Simples;"Reta;Declive";N�o;1;0;0;0;1;0;0;1;-12,28365012;-38,69865417;SPRF-BA;DEL01-BA;UOP04-DEL01-BA;;;
653728;07/01/2025;ter�a-feira;13:55:00;PR;277;508,2;GUARANIACU;Transitar na contram�o;Colis�o frontal;Com V�timas Feridas;Pleno dia;Decrescente;Sol;Simples;"Curva;Aclive";N�o;6;0;4;0;1;3;4;5;-25,12868099;-52,73870599;SPRF-PR;DEL04-PR;UOP04-DEL04-PR;;;
653731;07/01/2025;ter�a-feira;14:00:00;PI;343;492;AMARANTE;Demais falhas mec�nicas ou el�tricas;Colis�o com objeto;Com V�timas Feridas;Pleno dia;Crescente;C�u Claro;Simples;"Aclive;Reta";N�o;2;0;1;1;0;0;2;1;-6,251369;-42,734444;SPRF-PI;DEL01-PI;UOP02-DEL01-PI;;;
653738;07/01/2025;ter�a-feira;14:52:00;BA;101;691;EUNAPOLIS;Pista Escorregadia;Sa�da de leito carro��vel;Com V�timas Feridas;Pleno dia;Crescente;Garoa/Chuvisco;Simples;"Curva;Declive";N�o;2;0;1;0;0;1;1;2;-16,34155297;-39,58085475;SPRF-BA;DEL09-BA;UOP03-DEL09-BA;;;
653739;07/01/2025;ter�a-feira;17:35:00;PE;101;78;JABOATAO DOS GUARARAPES;Trafegar com motocicleta (ou similar) entre as faixas;Colis�o lateral mesmo sentido;Com V�timas Fatais;Anoitecer;Decrescente;C�u Claro;Dupla;Reta;Sim;3;1;0;0;1;2;0;4;-8,13496499;-34,94738614;SPRF-PE;DEL01-PE;UOP01-DEL01-PE;;;
653744;07/01/2025;ter�a-feira;19:40:00;BA;101;869;TEIXEIRA DE FREITAS;Pedestre andava na pista;Atropelamento de Pedestre;Com V�timas Fatais;Plena Noite;Crescente;Nublado;Simples;Reta;N�o;3;1;0;0;1;1;0;3;-17,477598;-39,70463;SPRF-BA;DEL09-BA;UOP02-DEL09-BA;;;
653747;07/01/2025;ter�a-feira;17:24:00;MT;163;786;VERA;Manobra de mudan�a de faixa;Colis�o frontal;Com V�timas Fatais;Anoitecer;Crescente;Chuva;Simples;Reta;N�o;3;1;1;0;0;3;1;5;-12,28478231;-55,56112289;SPRF-MT;DEL06-MT;UOP02-DEL06-MT;;;
653750;07/01/2025;ter�a-feira;17:00:00;MG;262;781;UBERABA;Aus�ncia de rea��o do condutor;Colis�o transversal;Com V�timas Feridas;Pleno dia;Decrescente;Chuva;Simples;"Curva;Declive";N�o;6;0;5;1;0;0;6;2;-19,75033611;-47,76840193;SPRF-MG;DEL13-MG;UOP01-DEL13-MG;;;
653754;07/01/2025;ter�a-feira;19:40:00;PA;230;5;ALTAMIRA;Rea��o tardia ou ineficiente do condutor;Colis�o lateral sentido oposto;Sem V�timas;Plena Noite;Crescente;C�u Claro;Simples;Reta;N�o;2;0;0;0;1;1;0;2;-3,18687974;-52,20033646;SPRF-PA;DEL03-PA;UOP01-DEL03-PA;;;
653759;07/01/2025;ter�a-feira;21:15:00;SP;116;220;GUARULHOS;Manobra de mudan�a de faixa;Colis�o lateral mesmo sentido;Com V�timas Feridas;Plena Noite;Crescente;C�u Claro;M�ltipla;"Reta;Em Obras";Sim;3;0;2;0;0;1;2;2;-23,46472809;-46,49793962;SPRF-SP;DEL01-SP;UOP01-DEL01-SP;;;
653760;07/01/2025;ter�a-feira;17:30:00;RO;364;422;JARU;Retorno proibido;Colis�o lateral mesmo sentido;Sem V�timas;Anoitecer;Decrescente;Nublado;Simples;"Aclive;Retorno Regulamentado;Curva";N�o;2;0;0;0;1;1;0;2;-10,4597532;-62,4558043;SPRF-RO;DEL03-RO;UOP02-DEL03-RO;;;
653763;07/01/2025;ter�a-feira;22:00:00;SP;116;174,5;JACAREI;Rea��o tardia ou ineficiente do condutor;Colis�o traseira;Com V�timas Feridas;Plena Noite;Decrescente;C�u Claro;Dupla;Aclive;N�o;2;0;1;0;1;0;1;2;-23,32057287;-46,09074403;SPRF-SP;DEL02-SP;UOP01-DEL02-SP;;;
653765;07/01/2025;ter�a-feira;20:00:00;SC;101;3;GARUVA;Demais falhas mec�nicas ou el�tricas;Inc�ndio;Sem V�timas;Plena Noite;Crescente;Chuva;Dupla;"Reta;Aclive";N�o;2;0;0;0;1;2;0;3;-26,00380807;-48,87233005;SPRF-SC;DEL03-SC;UOP01-DEL03-SC;;;
653771;07/01/2025;ter�a-feira;22:30:00;MG;116;794,7;ALEM PARAIBA;Velocidade Incompat�vel;Sa�da de leito carro��vel;Com V�timas Feridas;Plena Noite;Crescente;Chuva;Simples;"Curva;Declive";N�o;1;0;1;0;0;0;1;1;-21,71949498;-42,72886698;SPRF-MG;DEL07-MG;UOP01-DEL07-MG;;;
653773;07/01/2025;ter�a-feira;23:40:00;PR;277;102;SAO JOSE DOS PINHAIS;Rea��o tardia ou ineficiente do condutor;Colis�o lateral mesmo sentido;Sem V�timas;Plena Noite;Crescente;Nublado;Dupla;Viaduto;N�o;2;0;0;0;2;0;0;2;-25,569698;-49,18132782;SPRF-PR;DEL01-PR;UOP06-DEL01-PR;;;
653785;08/01/2025;quarta-feira;07:00:00;RS;386;439,5;NOVA SANTA RITA;Manobra de mudan�a de faixa;Colis�o lateral mesmo sentido;Com V�timas Feridas;Pleno dia;Crescente;C�u Claro;Dupla;"Declive;Reta;Ponte";N�o;3;0;1;0;1;1;1;3;-29,87693853;-51,24330467;SPRF-RS;DEL04-RS;UOP02-DEL04-RS;;;
653787;08/01/2025;quarta-feira;06:40:00;RS;386;110,1;SARANDI;Rea��o tardia ou ineficiente do condutor;Tombamento;Com V�timas Feridas;Pleno dia;Decrescente;C�u Claro;Simples;Curva;N�o;3;0;2;0;0;1;2;2;-27,809111;-53,051529;SPRF-RS;DEL08-RS;UOP01-DEL08-RS;;;
653790;08/01/2025;quarta-feira;07:25:00;SC;101;144,6;ITAPEMA;Rea��o tardia ou ineficiente do condutor;Tombamento;Com V�timas Feridas;Pleno dia;Decrescente;Garoa/Chuvisco;Dupla;Reta;Sim;2;0;0;1;1;0;1;2;-27,0732659;-48,59672716;SPRF-SC;DEL04-SC;UOP03-DEL04-SC;;;
653791;08/01/2025;quarta-feira;08:15:00;SC;101;46,3;JOINVILLE;Velocidade Incompat�vel;Colis�o traseira;Com V�timas Feridas;Pleno dia;Decrescente;Garoa/Chuvisco;Dupla;Curva;Sim;2;0;1;0;1;0;1;2;-26,36459827;-48,85838449;SPRF-SC;DEL03-SC;UOP01-DEL03-SC;;;
653798;08/01/2025;quarta-feira;09:15:00;SE;101;85;NOSSA SENHORA DO SOCORRO;Acumulo de �leo sobre o pavimento;Tombamento;Com V�timas Feridas;Pleno dia;Crescente;C�u Claro;Simples;Reta;Sim;3;0;1;0;1;1;1;3;-10,85131425;-37,13656783;SPRF-SE;DEL01-SE;UOP01-DEL01-SE;;;
653803;08/01/2025;quarta-feira;08:15:00;MG;116;494;INHAPIM;Mal s�bito do condutor;Colis�o lateral sentido oposto;Com V�timas Feridas;Pleno dia;Crescente;C�u Claro;Simples;"Reta;Aclive";N�o;3;0;1;0;1;3;1;5;-19,50998002;-42,12818892;SPRF-MG;DEL06-MG;UOP02-DEL06-MG;;;
653805;08/01/2025;quarta-feira;06:50:00;MT;364;434;VARZEA GRANDE;Mal s�bito do condutor;Sa�da de leito carro��vel;Sem V�timas;Pleno dia;Decrescente;C�u Claro;Dupla;Interse��o de Vias;Sim;2;0;0;0;1;1;0;2;-15,64575025;-56,14041787;SPRF-MT;DEL01-MT;UOP02-DEL01-MT;;;
653807;08/01/2025;quarta-feira;08:50:00;PR;369;174;ROLANDIA;Demais falhas na via;Colis�o traseira;Com V�timas Feridas;Pleno dia;Decrescente;C�u Claro;Simples;Reta;Sim;4;0;0;1;2;2;1;5;-23,31850456;-51,3793295;SPRF-PR;DEL07-PR;UOP01-DEL07-PR;;;
653815;08/01/2025;quarta-feira;09:25:00;SC;101;233,8;PALHOCA;Chuva;Colis�o com objeto;Com V�timas Feridas;Pleno dia;Crescente;Garoa/Chuvisco;Dupla;Curva;N�o;2;0;1;0;0;1;1;2;-27,80887161;-48,63833606;SPRF-SC;DEL01-SC;UOP02-DEL01-SC;;;
653818;08/01/2025;quarta-feira;09:30:00;PI;343;348;TERESINA;Condutor deixou de manter dist�ncia do ve�culo da frente;Colis�o traseira;Com V�timas Fatais;Pleno dia;Decrescente;C�u Claro;Dupla;Reta;Sim;2;1;0;0;1;0;0;2;-5,114822;-42,778355;SPRF-PI;DEL01-PI;UOP01-DEL01-PI;;;
653821;08/01/2025;quarta-feira;05:30:00;MG;116;453,5;ENGENHEIRO CALDAS;Acessar a via sem observar a presen�a dos outros ve�culos;Sa�da de leito carro��vel;Com V�timas Feridas;Amanhecer;Decrescente;Ignorado;Simples;Reta;N�o;1;0;1;0;0;0;1;1;-19,17637694;-42,0358701;SPRF-MG;DEL06-MG;UOP02-DEL06-MG;;;
653822;08/01/2025;quarta-feira;10:00:00;RS;386;109,2;SAO JOSE DAS MISSOES;Aus�ncia de rea��o do condutor;Colis�o traseira;Com V�timas Feridas;Pleno dia;Decrescente;C�u Claro;Simples;Curva;N�o;3;0;1;0;1;2;1;4;-27,800817;-53,051254;SPRF-RS;DEL08-RS;UOP01-DEL08-RS;;;
653830;08/01/2025;quarta-feira;11:48:00;PR;376;662;GUARATUBA;Aus�ncia de rea��o do condutor;Atropelamento de Pedestre;Com V�timas Feridas;Pleno dia;Decrescente;Garoa/Chuvisco;Dupla;Reta;N�o;3;0;0;1;2;0;1;2;-25,8546345;-48,98523394;SPRF-PR;DEL01-PR;UOP04-DEL01-PR;;;
653832;08/01/2025;quarta-feira;12:05:00;PI;343;196,5;PIRIPIRI;Ultrapassagem Indevida;Colis�o lateral mesmo sentido;Com V�timas Feridas;Pleno dia;Decrescente;C�u Claro;Simples;Reta;N�o;7;0;1;0;6;0;1;3;-4,360559;-41,817978;SPRF-PI;DEL02-PI;UOP01-DEL02-PI;;;
653833;08/01/2025;quarta-feira;13:10:00;MG;146;479;POCOS DE CALDAS;Velocidade Incompat�vel;Tombamento;Com V�timas Feridas;Pleno dia;Decrescente;C�u Claro;Simples;"Curva;Declive";N�o;2;0;1;0;0;1;1;2;-21,772565;-46,421703;SPRF-MG;DEL09-MG;UOP01-DEL09-MG;;;
653834;08/01/2025;quarta-feira;10:30:00;SP;116;515;CAJATI;Velocidade Incompat�vel;Tombamento;Com V�timas Feridas;Pleno dia;Decrescente;Garoa/Chuvisco;Dupla;"Curva;Declive";N�o;2;0;1;0;0;1;1;2;-24,86704083;-48,21738184;SPRF-SP;DEL05-SP;UOP02-DEL05-SP;;;
653837;08/01/2025;quarta-feira;12:10:00;MG;251;492;FRANCISCO SA;Chuva;Sa�da de leito carro��vel;Sem V�timas;Pleno dia;Crescente;Chuva;Simples;"Declive;Reta";N�o;2;0;0;0;1;1;0;2;-16,54433804;-43,59543496;SPRF-MG;DEL12-MG;UOP01-DEL12-MG;;;
653839;08/01/2025;quarta-feira;14:00:00;RS;116;253;SAPUCAIA DO SUL;Demais falhas mec�nicas ou el�tricas;Queda de ocupante de ve�culo;Com V�timas Feridas;Pleno dia;Decrescente;C�u Claro;Dupla;"Viaduto;Declive;Reta";Sim;4;0;0;1;1;2;1;4;-29,81457295;-51,16907832;SPRF-RS;DEL01-RS;UOP02-DEL01-RS;;;