id;data_inversa;dia_semana;horario;uf;br;km;municipio;causa_acidente;tipo_acidente;classificacao_acidente;fase_dia;sentido_via;condicao_metereologica;tipo_pista;tracado_via;uso_solo;pessoas;mortos;feridos_leves;feridos_graves;ilesos;ignorados;feridos;veiculos;latitude;longitude;regional;delegacia;uop;;;
654077;09/01/2025;quinta-feira;17:40:00;MA;135;7;SAO LUIS;Demais falhas mec�nicas ou el�tricas;Colis�o com objeto;Com V�timas Feridas;Anoitecer;Crescente;Nublado;Dupla;"Reta;Declive";Sim;4;0;1;0;1;2;1;4;-2,63608835;-44,26848552;SPRF-MA;DEL01-MA;UOP01-DEL01-MA;;;
654078;09/01/2025;quinta-feira;18:15:00;RS;386;298,8;POUSO NOVO;Condutor deixou de manter dist�ncia do ve�culo da frente;Colis�o traseira;Com V�timas Feridas;Pleno dia;Crescente;C�u Claro;Simples;Reta;N�o;14;0;1;0;12;1;1;8;-29,159327;-52,226838;SPRF-RS;DEL04-RS;UOP01-DEL04-RS;;;
654079;09/01/2025;quinta-feira;11:55:00;PE;407;27,5;AFRANIO;Velocidade Incompat�vel;Colis�o frontal;Com V�timas Fatais;Pleno dia;Crescente;Chuva;Simples;"Curva;Declive";N�o;4;1;1;0;1;2;1;5;-8,647543;-40,971237;SPRF-PE;DEL06-PE;UOP02-DEL06-PE;;;
654083;09/01/2025;quinta-feira;16:00:00;SP;116;47;CANAS;Velocidade Incompat�vel;Engavetamento;Com V�timas Feridas;Pleno dia;Crescente;Garoa/Chuvisco;M�ltipla;Reta;N�o;6;0;1;1;3;1;2;6;-22,71946606;-45,06109596;SPRF-SP;DEL08-SP;UOP02-DEL08-SP;;;
654104;09/01/2025;quinta-feira;16:30:00;RJ;493;88;SEROPEDICA;Rea��o tardia ou ineficiente do condutor;Colis�o traseira;Com V�timas Feridas;Pleno dia;Crescente;Chuva;Dupla;"Retorno Regulamentado;Reta";N�o;3;0;1;0;1;3;1;5;-22,67012919;-43,64843488;SPRF-RJ;DEL01-RJ;UOP03-DEL01-RJ;;;
654114;09/01/2025;quinta-feira;22:00:00;MG;40;728,8;OLIVEIRA FORTES;Demais falhas mec�nicas ou el�tricas;Tombamento;Com V�timas Feridas;Plena Noite;Crescente;Chuva;Dupla;Curva;N�o;2;0;1;0;0;1;1;2;-21,34564169;-43,58252585;SPRF-MG;DEL05-MG;UOP01-DEL05-MG;;;
654115;09/01/2025;quinta-feira;21:31:00;PR;369;438,1;UBIRATA;Acesso irregular;Colis�o frontal;Com V�timas Feridas;Plena Noite;Crescente;C�u Claro;Simples;Reta;Sim;5;0;2;0;2;1;2;3;-24,54731836;-53,04233551;SPRF-PR;DEL04-PR;UOP03-DEL04-PR;;;
654119;09/01/2025;quinta-feira;22:00:00;MG;40;815,3;SIMAO PEREIRA;Curva acentuada;Tombamento;Com V�timas Feridas;Plena Noite;Decrescente;Nublado;Dupla;Curva;N�o;1;0;1;0;0;0;1;1;-21,91933565;-43,32317233;SPRF-MG;DEL05-MG;UOP01-DEL05-MG;;;
654126;09/01/2025;quinta-feira;23:50:00;MG;40;460;SETE LAGOAS;Rea��o tardia ou ineficiente do condutor;Colis�o traseira;Com V�timas Feridas;Plena Noite;Crescente;Nublado;Dupla;"Declive;Reta";Sim;2;0;1;0;1;0;1;2;-19,39770694;-44,33528916;SPRF-MG;DEL02-MG;UOP01-DEL02-MG;;;
654127;09/01/2025;quinta-feira;19:05:00;SP;116;512;CAJATI;Rea��o tardia ou ineficiente do condutor;Tombamento;Com V�timas Fatais;Plena Noite;Decrescente;Nublado;Dupla;"Aclive;Curva";N�o;2;1;0;0;0;1;0;2;-24,84304306;-48,22027915;SPRF-SP;DEL05-SP;UOP02-DEL05-SP;;;
654133;10/01/2025;sexta-feira;00:30:00;MG;153;122;PRATA;Velocidade Incompat�vel;Colis�o traseira;Com V�timas Feridas;Plena Noite;Crescente;Nublado;Dupla;"Declive;Reta";N�o;6;0;3;0;1;2;3;6;-19,41979487;-48,88955245;SPRF-MG;DEL15-MG;UOP03-DEL15-MG;;;
654135;10/01/2025;sexta-feira;03:05:00;SP;116;57;GUARATINGUETA;Aus�ncia de rea��o do condutor;Colis�o traseira;Sem V�timas;Plena Noite;Decrescente;C�u Claro;Dupla;Reta;Sim;3;0;0;0;2;2;0;4;-22,77454618;-45,13807087;SPRF-SP;DEL08-SP;UOP01-DEL08-SP;;;
654138;10/01/2025;sexta-feira;02:00:00;BA;242;682;MUQUEM DE SAO FRANCISCO;Velocidade Incompat�vel;Tombamento;Com V�timas Feridas;Plena Noite;Decrescente;Chuva;Simples;"Curva;Declive";N�o;2;0;0;1;0;1;1;2;-12,22921566;-43,83424759;SPRF-BA;DEL10-BA;UOP01-DEL10-BA;;;
654141;09/01/2025;quinta-feira;01:30:00;MG;365;62,5;JEQUITAI;Velocidade Incompat�vel;Tombamento;Com V�timas Feridas;Plena Noite;Decrescente;Chuva;Simples;Reta;N�o;2;0;1;0;0;1;1;2;-17,02504891;-44,30279212;SPRF-MG;DEL12-MG;UOP01-DEL12-MG;;;
654142;09/01/2025;quinta-feira;13:50:00;BA;324;417,7;NOVA FATIMA;Rea��o tardia ou ineficiente do condutor;Colis�o lateral sentido oposto;Com V�timas Feridas;Pleno dia;Decrescente;C�u Claro;Simples;Declive;N�o;3;0;1;0;1;1;1;3;-11,6880072;-39,54413619;SPRF-BA;DEL04-BA;UOP02-DEL04-BA;;;
654144;10/01/2025;sexta-feira;05:50:00;MG;381;907;CAMBUI;Velocidade Incompat�vel;Colis�o lateral mesmo sentido;Com V�timas Feridas;Amanhecer;Crescente;Nublado;Dupla;"Aclive;Curva";N�o;3;0;1;0;1;1;1;3;-22,67431177;-46,0973822;SPRF-MG;DEL16-MG;UOP03-DEL16-MG;;;
654145;10/01/2025;sexta-feira;05:40:00;MG;381;483;BETIM;Velocidade Incompat�vel;Capotamento;Com V�timas Fatais;Amanhecer;Crescente;Nublado;Dupla;"Curva;Declive";Sim;2;1;0;0;0;1;0;2;-19,95763335;-44,07925308;SPRF-MG;DEL01-MG;UOP03-DEL01-MG;;;
654149;09/01/2025;quinta-feira;22:00:00;BA;101;771;ITAMARAJU;Chuva;Tombamento;Sem V�timas;Plena Noite;Crescente;Chuva;Simples;"Curva;Declive";N�o;1;0;0;0;1;0;0;1;-16,91561807;-39,52897099;SPRF-BA;DEL09-BA;UOP01-DEL09-BA;;;
654150;10/01/2025;sexta-feira;01:30:00;BA;116;646;JAGUAQUARA;Chuva;Sa�da de leito carro��vel;Com V�timas Feridas;Plena Noite;Crescente;Chuva;Simples;Reta;N�o;2;0;1;0;0;1;1;2;-13,58007199;-40,08034578;SPRF-BA;DEL03-BA;UOP01-DEL03-BA;;;
654153;10/01/2025;sexta-feira;07:10:00;DF;40;1,5;BRASILIA;Pista Escorregadia;Sa�da de leito carro��vel;Sem V�timas;Pleno dia;Crescente;C�u Claro;Dupla;Reta;Sim;1;0;0;0;1;0;0;1;-15,985532;-47,987747;SPRF-DF;DEL01-DF;UOP01-DEL01-DF;;;
654154;10/01/2025;sexta-feira;06:20:00;MA;135;13,7;SAO LUIS;Frear bruscamente;Colis�o traseira;Com V�timas Feridas;Amanhecer;Crescente;Nublado;Dupla;Declive;Sim;4;0;2;1;1;0;3;2;-2,68053538;-44,29512283;SPRF-MA;DEL01-MA;UOP01-DEL01-MA;;;
654163;10/01/2025;sexta-feira;06:40:00;PR;376;305;MAUA DA SERRA;Velocidade Incompat�vel;Tombamento;Com V�timas Feridas;Pleno dia;Decrescente;C�u Claro;Dupla;Curva;N�o;2;0;0;1;0;1;1;2;-23,96167303;-51,11499389;SPRF-PR;DEL07-PR;UOP02-DEL07-PR;;;
654168;10/01/2025;sexta-feira;07:30:00;RS;386;280;SAO JOSE DO HERVAL;Rea��o tardia ou ineficiente do condutor;Capotamento;Com V�timas Feridas;Pleno dia;Decrescente;C�u Claro;Simples;Reta;N�o;2;0;1;0;0;1;1;2;-29,025167;-52,311798;SPRF-RS;DEL04-RS;UOP03-DEL04-RS;;;
654170;10/01/2025;sexta-feira;07:00:00;MT;163;808;SINOP;Rea��o tardia ou ineficiente do condutor;Colis�o traseira;Sem V�timas;Pleno dia;Crescente;Chuva;Simples;Curva;N�o;2;0;0;0;2;0;0;2;-12,09924903;-55,51786423;SPRF-MT;DEL06-MT;UOP02-DEL06-MT;;;
654175;10/01/2025;sexta-feira;06:10:00;BA;101;589,9;CAMACAN;Velocidade Incompat�vel;Colis�o frontal;Com V�timas Feridas;Pleno dia;Crescente;Chuva;Simples;Curva;N�o;4;0;1;0;3;0;1;2;-15,426887;-39,448864;SPRF-BA;DEL05-BA;UOP02-DEL05-BA;;;
654179;10/01/2025;sexta-feira;04:40:00;RJ;116;309;RESENDE;Transitar na contram�o;Colis�o frontal;Com V�timas Fatais;Amanhecer;Crescente;C�u Claro;Dupla;Reta;Sim;2;1;1;0;0;0;1;2;-22,45852838;-44,42672997;SPRF-RJ;DEL07-RJ;UOP02-DEL07-RJ;;;
654181;10/01/2025;sexta-feira;04:40:00;MG;262;110,2;RIO CASCA;Velocidade Incompat�vel;Sa�da de leito carro��vel;Com V�timas Feridas;Plena Noite;Crescente;Ignorado;Simples;Curva;N�o;1;0;0;1;0;0;1;1;-20,2679944;-42,5888443;SPRF-MG;DEL03-MG;UOP03-DEL03-MG;;;
654182;10/01/2025;sexta-feira;09:15:00;PR;376;4;APUCARANA;Acessar a via sem observar a presen�a dos outros ve�culos;Colis�o transversal;Sem V�timas;Pleno dia;Crescente;C�u Claro;Simples;"Reta;Declive";Sim;3;0;0;0;3;0;0;2;-23,5513;-51,461266;SPRF-PR;DEL07-PR;UOP03-DEL07-PR;;;
654184;10/01/2025;sexta-feira;08:10:00;MT;158;714;BARRA DO GARCAS;Aus�ncia de rea��o do condutor;Colis�o lateral sentido oposto;Com V�timas Feridas;Pleno dia;Crescente;Nublado;Simples;Reta;N�o;2;0;1;1;0;0;2;2;-15,17297091;-52,1835688;SPRF-MT;DEL07-MT;UOP01-DEL07-MT;;;
654191;10/01/2025;sexta-feira;07:00:00;RJ;40;115;DUQUE DE CAXIAS;Rea��o tardia ou ineficiente do condutor;Colis�o traseira;Com V�timas Feridas;Pleno dia;Crescente;Nublado;M�ltipla;Reta;Sim;6;0;1;0;2;3;1;5;-22,72756999;-43,2891609;SPRF-RJ;DEL01-RJ;UOP02-DEL01-RJ;;;
654199;10/01/2025;sexta-feira;09:00:00;PB;412;93;SERRA BRANCA;Manobra de mudan�a de faixa;Colis�o frontal;Com V�timas Fatais;Pleno dia;Decrescente;C�u Claro;Simples;Reta;N�o;2;1;0;0;1;0;0;2;-7,579538;-36,786976;SPRF-PB;DEL02-PB;UOP02-DEL02-PB;;;
654205;10/01/2025;sexta-feira;09:40:00;RJ;393;286,1;VOLTA REDONDA;Rea��o tardia ou ineficiente do condutor;Colis�o traseira;Com V�timas Feridas;Pleno dia;Crescente;Sol;Simples;Reta;Sim;2;0;1;0;1;0;1;2;-22,49133996;-44,06505619;SPRF-RJ;DEL05-RJ;UOP04-DEL05-RJ;;;
654206;10/01/2025;sexta-feira;10:50:00;PI;402;3;BURITI DOS LOPES;Curva acentuada;Tombamento;Com V�timas Feridas;Pleno dia;Crescente;C�u Claro;Simples;Curva;N�o;3;0;1;1;1;0;2;2;-3,10468586;-41,87730694;SPRF-PI;DEL05-PI;UOP01-DEL05-PI;;;
654216;10/01/2025;sexta-feira;09:20:00;SC;116;253,9;LAGES;Manobra de mudan�a de faixa;Colis�o frontal;Com V�timas Fatais;Pleno dia;Crescente;C�u Claro;Simples;Reta;N�o;4;1;1;0;1;1;1;4;-27,8659782;-50,39451241;SPRF-SC;DEL05-SC;UOP02-DEL05-SC;;;
654217;10/01/2025;sexta-feira;10:15:00;MG;251;355;PADRE CARVALHO;Rea��o tardia ou ineficiente do condutor;Colis�o traseira;Com V�timas Feridas;Pleno dia;Crescente;Nublado;Simples;"Curva;Declive";N�o;42;0;2;0;39;1;2;3;-16,26556781;-42,56697499;SPRF-MG;DEL12-MG;UOP02-DEL12-MG;;;
654227;10/01/2025;sexta-feira;14:15:00;ES;101;210,8;IBIRACU;Rea��o tardia ou ineficiente do condutor;Colis�o com objeto;Com V�timas Fatais;Pleno dia;Decrescente;Chuva;Simples;"Aclive;Reta";Sim;5;1;2;1;0;1;3;3;-19,798437;-40,36982;SPRF-ES;DEL02-ES;UOP01-DEL02-ES;;;
654230;10/01/2025;sexta-feira;14:30:00;SE;101;17,6;SAO FRANCISCO;Retorno proibido;Colis�o lateral mesmo sentido;Sem V�timas;Pleno dia;Crescente;Nublado;Dupla;"Retorno Regulamentado;Reta";N�o;7;0;0;0;7;0;0;2;-10,34333325;-36,89661741;SPRF-SE;DEL02-SE;UOP02-DEL02-SE;;;
654233;10/01/2025;sexta-feira;05:30:00;MA;222;540;BOM JESUS DAS SELVAS;Velocidade Incompat�vel;Tombamento;Com V�timas Feridas;Amanhecer;Decrescente;C�u Claro;Simples;"Declive;Curva";N�o;2;0;1;0;0;1;1;2;-4,30740999;-46,56154001;SPRF-MA;DEL04-MA;UOP03-DEL04-MA;;;
654236;10/01/2025;sexta-feira;13:57:00;RS;116;268;CANOAS;Manobra de mudan�a de faixa;Colis�o traseira;Com V�timas Feridas;Pleno dia;Crescente;C�u Claro;Dupla;Reta;Sim;4;0;2;0;2;0;2;2;-29,95042502;-51,17652939;SPRF-RS;DEL01-RS;UOP01-DEL01-RS;;;
654244;10/01/2025;sexta-feira;15:15:00;GO;414;356,7;COCALZINHO DE GOIAS;Transitar na contram�o;Colis�o frontal;Com V�timas Fatais;Pleno dia;Crescente;Nublado;Simples;Curva;Sim;5;1;0;0;2;3;0;6;-15,67095314;-48,70053113;SPRF-GO;DEL02-GO;UOP01-DEL02-GO;;;
654247;10/01/2025;sexta-feira;15:20:00;SE;235;24;LARANJEIRAS;Chuva;Colis�o frontal;Com V�timas Feridas;Pleno dia;Decrescente;Chuva;Simples;Reta;N�o;2;0;1;1;0;0;2;2;-10,813502;-37,250896;SPRF-SE;DEL01-SE;UOP02-DEL01-SE;;;
654248;10/01/2025;sexta-feira;15:00:00;BA;101;46,2;ESPLANADA;Condutor deixou de manter dist�ncia do ve�culo da frente;Colis�o com objeto;Com V�timas Feridas;Pleno dia;Crescente;Chuva;Simples;Desvio Tempor�rio;N�o;3;0;2;1;0;0;3;2;-11,88660088;-38,02732004;SPRF-SE;DEL02-SE;UOP03-DEL02-SE;;;
654249;10/01/2025;sexta-feira;14:15:00;MS;163;206,5;CAARAPO;Aus�ncia de rea��o do condutor;Sa�da de leito carro��vel;Com V�timas Feridas;Pleno dia;Decrescente;C�u Claro;Simples;Reta;N�o;2;0;1;0;0;2;1;3;-22,65390994;-54,80646392;SPRF-MS;DEL04-MS;UOP02-DEL04-MS;;;
654250;10/01/2025;sexta-feira;16:30:00;SE;101;193,5;CRISTINAPOLIS;Velocidade Incompat�vel;Colis�o transversal;Com V�timas Feridas;Pleno dia;Crescente;Chuva;Simples;Curva;N�o;2;0;0;1;1;0;1;2;-11,44262788;-37,73258333;SPRF-SE;DEL02-SE;UOP03-DEL02-SE;;;
654274;10/01/2025;sexta-feira;17:45:00;RS;116;521,5;PELOTAS;Rea��o tardia ou ineficiente do condutor;Colis�o lateral mesmo sentido;Com V�timas Feridas;Pleno dia;Decrescente;C�u Claro;Dupla;Reta;N�o;3;0;1;0;1;1;1;3;-31,714441;-52,374715;SPRF-RS;DEL07-RS;UOP01-DEL07-RS;;;
654275;10/01/2025;sexta-feira;17:30:00;CE;222;40;SAO GONCALO DO AMARANTE;Condutor deixou de manter dist�ncia do ve�culo da frente;Colis�o traseira;Com V�timas Feridas;Pleno dia;Crescente;C�u Claro;Simples;Reta;N�o;2;0;2;0;0;0;2;2;-3,68690023;-38,90730706;SPRF-CE;DEL01-CE;UOP03-DEL01-CE;;;
654283;10/01/2025;sexta-feira;16:00:00;AL;101;247,4;PORTO REAL DO COLEGIO;Condutor deixou de manter dist�ncia do ve�culo da frente;Colis�o lateral mesmo sentido;Sem V�timas;Pleno dia;Decrescente;Chuva;Dupla;Curva;N�o;3;0;0;0;1;2;0;3;-10,19937283;-36,82059635;SPRF-AL;DEL02-AL;UOP02-DEL02-AL;;;
654284;10/01/2025;sexta-feira;14:00:00;MT;163;707;SORRISO;Ingest�o de �lcool pelo condutor;Colis�o transversal;Sem V�timas;Pleno dia;Decrescente;Chuva;Simples;Reta;N�o;3;0;0;0;2;3;0;5;-13,02951905;-55,89811787;SPRF-MT;DEL06-MT;UOP01-DEL06-MT;;;
654291;10/01/2025;sexta-feira;09:00:00;CE;116;524,8;JATI;Chuva;Colis�o lateral sentido oposto;Com V�timas Fatais;Pleno dia;Decrescente;Chuva;Simples;"Curva;Declive";N�o;4;1;1;1;1;0;2;2;-7,64286;-39,02366;SPRF-CE;DEL05-CE;UOP03-DEL05-CE;;;
654302;10/01/2025;sexta-feira;20:51:00;MS;163;680,4;RIO VERDE DE MATO GROSSO;Acessar a via sem observar a presen�a dos outros ve�culos;Colis�o transversal;Com V�timas Feridas;Plena Noite;Crescente;C�u Claro;Simples;Interse��o de Vias;Sim;3;0;0;1;1;3;1;5;-18,92417173;-54,83538529;SPRF-MS;DEL06-MS;UOP02-DEL06-MS;;;
654306;10/01/2025;sexta-feira;20:00:00;SC;116;54;PAPANDUVA;Convers�o proibida;Colis�o transversal;Com V�timas Feridas;Plena Noite;Decrescente;C�u Claro;Simples;Reta;N�o;3;0;1;0;1;1;1;3;-26,39448417;-50,16480003;SPRF-SC;DEL06-SC;UOP02-DEL06-SC;;;
654307;10/01/2025;sexta-feira;20:55:00;SE;101;20;MALHADA DOS BOIS;Manobra de mudan�a de faixa;Colis�o traseira;Sem V�timas;Plena Noite;Crescente;C�u Claro;Dupla;Reta;N�o;3;0;0;0;1;2;0;3;-10,36128499;-36,90821202;SPRF-SE;DEL02-SE;UOP02-DEL02-SE;;;
654309;10/01/2025;sexta-feira;20:30:00;SC;280;126,6;RIO NEGRINHO;Acessar a via sem observar a presen�a dos outros ve�culos;Colis�o transversal;Com V�timas Feridas;Plena Noite;Crescente;C�u Claro;Simples;Interse��o de Vias;Sim;4;0;1;0;1;2;1;4;-26,2390368;-49,50104713;SPRF-SC;DEL06-SC;UOP03-DEL06-SC;;;
654316;10/01/2025;sexta-feira;18:00:00;SC;116;115;SANTA CECILIA;Velocidade Incompat�vel;Sa�da de leito carro��vel;Com V�timas Feridas;Pleno dia;Decrescente;Nublado;Simples;"Curva;Declive";N�o;2;0;0;1;0;1;1;2;-26,80262399;-50,33936901;SPRF-SC;DEL06-SC;UOP02-DEL06-SC;;;
654320;10/01/2025;sexta-feira;22:20:00;BA;101;728;EUNAPOLIS;Pista Escorregadia;Colis�o com objeto;Com V�timas Feridas;Plena Noite;Crescente;Nublado;Simples;Reta;N�o;3;0;1;0;1;1;1;2;-16,41122195;-39,58803177;SPRF-BA;DEL09-BA;UOP01-DEL09-BA;;;
654322;10/01/2025;sexta-feira;23:25:00;SP;116;209,9;GUARULHOS;Aus�ncia de rea��o do condutor;Colis�o com objeto;Com V�timas Feridas;Plena Noite;Decrescente;Nublado;Dupla;Declive;Sim;1;0;1;0;0;0;1;1;-23,42511799;-46,40221101;SPRF-SP;DEL01-SP;UOP01-DEL01-SP;;;
654323;10/01/2025;sexta-feira;22:15:00;GO;20;211;POSSE;Condutor Dormindo;Tombamento;Com V�timas Feridas;Plena Noite;Decrescente;Garoa/Chuvisco;Simples;"Aclive;Curva";N�o;7;0;1;0;4;3;1;5;-14,266476;-46,37154;SPRF-DF;DEL02-DF;UOP03-DEL02-DF;;;
654325;11/01/2025;s�bado;01:00:00;TO;153;697;CARIRI DO TOCANTINS;Animais na Pista;Atropelamento de Animal;Com V�timas Feridas;Plena Noite;Crescente;Nublado;Simples;Reta;N�o;7;0;6;0;0;1;6;2;-11,9282522;-49,18389058;SPRF-TO;DEL01-TO;UOP02-DEL01-TO;;;
654326;10/01/2025;sexta-feira;22:40:00;MG;116;658,5;SAO FRANCISCO DO GLORIA;Aus�ncia de rea��o do condutor;Sa�da de leito carro��vel;Com V�timas Feridas;Plena Noite;Crescente;C�u Claro;Simples;Reta;N�o;2;0;0;1;1;0;1;1;-20,77782186;-42,30072593;SPRF-MG;DEL07-MG;UOP02-DEL07-MG;;;
654328;10/01/2025;sexta-feira;23:00:00;MG;381;942;EXTREMA;Velocidade Incompat�vel;Colis�o lateral mesmo sentido;Com V�timas Feridas;Plena Noite;Decrescente;Nublado;Dupla;"Aclive;Reta";N�o;5;0;1;0;3;2;1;4;-22,84803509;-46,33447863;SPRF-MG;DEL16-MG;UOP03-DEL16-MG;;;
654339;11/01/2025;s�bado;02:30:00;MG;381;323;NOVA ERA;Condutor Dormindo;Colis�o traseira;Com V�timas Feridas;Plena Noite;Decrescente;Nublado;Simples;"Curva;Declive";Sim;4;0;2;0;1;1;2;3;-19,72257777;-43,00807259;SPRF-MG;DEL03-MG;UOP02-DEL03-MG;;;
654341;11/01/2025;s�bado;04:40:00;AL;101;230,5;PORTO REAL DO COLEGIO;Condutor Dormindo;Sa�da de leito carro��vel;Com V�timas Feridas;Amanhecer;Decrescente;Nublado;Dupla;Curva;N�o;2;0;0;1;0;1;1;2;-10,12025193;-36,73392699;SPRF-AL;DEL02-AL;UOP02-DEL02-AL;;;
654344;11/01/2025;s�bado;04:00:00;SC;116;220,5;CORREIA PINTO;Ingest�o de �lcool pelo condutor;Colis�o traseira;Com V�timas Feridas;Plena Noite;Decrescente;Nublado;Simples;Rotat�ria;Sim;3;0;1;0;1;1;1;3;-27,59033425;-50,36271214;SPRF-SC;DEL05-SC;UOP03-DEL05-SC;;;
654353;10/01/2025;sexta-feira;22:00:00;BA;407;88;JAGUARARI;Ingest�o de �lcool pelo condutor;Colis�o traseira;Com V�timas Feridas;Plena Noite;Crescente;C�u Claro;Simples;Reta;N�o;2;0;1;0;0;1;1;2;-10,132352;-40,23161;SPRF-BA;DEL04-BA;UOP01-DEL04-BA;;;
654356;11/01/2025;s�bado;06:10:00;SP;116;223,2;GUARULHOS;Manobra de mudan�a de faixa;Colis�o lateral mesmo sentido;Com V�timas Feridas;Pleno dia;Crescente;C�u Claro;M�ltipla;Reta;Sim;3;0;1;0;1;1;1;2;-23,47559815;-46,5246609;SPRF-SP;DEL01-SP;UOP01-DEL01-SP;;;
654359;11/01/2025;s�bado;06:04:00;PR;376;544,9;PALMEIRA;Condutor deixou de manter dist�ncia do ve�culo da frente;Colis�o traseira;Sem V�timas;Amanhecer;Decrescente;Nublado;Dupla;"Reta;Declive";N�o;3;0;0;0;2;1;0;3;-25,3896226;-49,7997308;SPRF-PR;DEL03-PR;UOP03-DEL03-PR;;;
654362;10/01/2025;sexta-feira;13:40:00;MT;70;134;GENERAL CARNEIRO;Acostamento em desn�vel;Tombamento;Sem V�timas;Pleno dia;Decrescente;Nublado;Simples;Curva;N�o;2;0;0;0;1;1;0;2;-15,59538384;-53,22838001;SPRF-MT;DEL07-MT;UOP01-DEL07-MT;;;
654367;11/01/2025;s�bado;07:47:00;PE;101;68;RECIFE;Condutor deixou de manter dist�ncia do ve�culo da frente;Colis�o traseira;Com V�timas Feridas;Pleno dia;Decrescente;C�u Claro;M�ltipla;"Reta;Viaduto";Sim;6;0;1;0;5;0;1;3;-8,05074296;-34,94580619;SPRF-PE;DEL01-PE;UOP01-DEL01-PE;;;
654380;11/01/2025;s�bado;07:40:00;BA;324;551;AMELIA RODRIGUES;Carga excessiva e/ou mal acondicionada;Colis�o com objeto;Com V�timas Feridas;Pleno dia;Decrescente;Nublado;M�ltipla;Reta;N�o;3;0;1;0;1;2;1;4;-12,44409807;-38,71821505;SPRF-BA;DEL01-BA;UOP03-DEL01-BA;;;
654383;07/01/2025;ter�a-feira;18:40:00;MG;50;54,9;UBERLANDIA;Condutor Dormindo;Tombamento;Com V�timas Feridas;Anoitecer;Crescente;Nublado;Dupla;Curva;N�o;2;0;1;0;0;1;1;2;-18,76664393;-48,24409132;SPRF-MG;DEL15-MG;UOP02-DEL15-MG;;;
654384;11/01/2025;s�bado;05:57:00;CE;222;197,1;FORQUILHA;Carga excessiva e/ou mal acondicionada;Tombamento;Com V�timas Feridas;Pleno dia;Crescente;C�u Claro;Simples;Reta;N�o;2;0;1;0;0;1;1;2;-3,80735907;-40,17579399;SPRF-CE;DEL04-CE;UOP01-DEL04-CE;;;
654386;11/01/2025;s�bado;05:40:00;BA;101;566;ARATACA;Curva acentuada;Capotamento;Com V�timas Fatais;Amanhecer;Crescente;Garoa/Chuvisco;Simples;Curva;N�o;1;1;0;0;0;0;0;1;-15,25537224;-39,45075989;SPRF-BA;DEL05-BA;UOP02-DEL05-BA;;;
654387;10/01/2025;sexta-feira;16:30:00;RJ;493;73;NOVA IGUACU;Demais falhas mec�nicas ou el�tricas;Inc�ndio;Sem V�timas;Pleno dia;Decrescente;C�u Claro;Dupla;Reta;N�o;1;0;0;0;1;0;0;1;-22,6628662;-43,6250497;SPRF-RJ;DEL01-RJ;UOP03-DEL01-RJ;;;
654396;11/01/2025;s�bado;08:33:00;MT;364;347,7;SANTO ANTONIO DO LEVERGER;Rea��o tardia ou ineficiente do condutor;Colis�o traseira;Com V�timas Feridas;Pleno dia;Crescente;Chuva;Dupla;"Curva;Declive";N�o;3;0;1;0;1;3;1;5;-15,80416834;-55,55429598;SPRF-MT;DEL05-MT;UOP02-DEL05-MT;;;
654400;11/01/2025;s�bado;09:50:00;PR;277;18;PARANAGUA;Demais falhas mec�nicas ou el�tricas;Colis�o traseira;Com V�timas Feridas;Pleno dia;Crescente;C�u Claro;Dupla;Reta;N�o;7;0;3;2;1;2;5;4;-25,56610574;-48,62495594;SPRF-PR;DEL01-PR;UOP05-DEL01-PR;;;
654402;11/01/2025;s�bado;09:20:00;SC;282;19,2;PALHOCA;Rea��o tardia ou ineficiente do condutor;Colis�o traseira;Com V�timas Feridas;Pleno dia;Crescente;Chuva;Simples;Reta;N�o;3;0;2;0;1;0;2;2;-27,678635;-48,70192;SPRF-SC;DEL01-SC;UOP02-DEL01-SC;;;
654403;11/01/2025;s�bado;07:00:00;PE;316;360;PETROLANDIA;Transitar na contram�o;Colis�o transversal;Com V�timas Fatais;Pleno dia;Crescente;C�u Claro;Simples;Reta;N�o;3;1;0;0;1;5;0;7;-8,91846796;-38,2288703;SPRF-PE;DEL04-PE;UOP03-DEL04-PE;;;
654406;10/01/2025;sexta-feira;23:00:00;BA;101;470;URUCUCA;Demais Fen�menos da natureza;Tombamento;Com V�timas Feridas;Plena Noite;Decrescente;Chuva;Simples;Reta;N�o;1;0;1;0;0;0;1;1;-14,521903;-39,333831;SPRF-BA;DEL05-BA;UOP01-DEL05-BA;;;
654412;11/01/2025;s�bado;06:00:00;RS;290;455,5;SAO GABRIEL;Ultrapassagem Indevida;Colis�o traseira;Com V�timas Fatais;Amanhecer;Crescente;C�u Claro;Simples;Reta;N�o;7;3;0;2;1;2;2;5;-30,230503;-54,665829;SPRF-RS;DEL11-RS;UOP02-DEL11-RS;;;
654418;11/01/2025;s�bado;11:30:00;PR;116;116;CURITIBA;Aus�ncia de rea��o do condutor;Colis�o traseira;Sem V�timas;Pleno dia;Decrescente;Nublado;Dupla;Reta;N�o;2;0;0;0;2;0;0;2;-25,57519501;-49,3118012;SPRF-PR;DEL01-PR;UOP03-DEL01-PR;;;
654422;11/01/2025;s�bado;12:00:00;MG;381;688,9;LAVRAS;Manobra de mudan�a de faixa;Colis�o traseira;Com V�timas Feridas;Pleno dia;Crescente;C�u Claro;Dupla;"Reta;Aclive";N�o;3;0;1;0;1;4;1;6;-21,21737985;-45,1265452;SPRF-MG;DEL04-MG;UOP02-DEL04-MG;;;
654426;10/01/2025;sexta-feira;17:00:00;MT;174;316;PONTES E LACERDA;Falta de elemento de conten��o que evite a sa�da do leito carro��vel;Sa�da de leito carro��vel;Sem V�timas;Pleno dia;Decrescente;C�u Claro;Simples;Reta;N�o;1;0;0;0;0;1;0;1;-14,99867205;-59,28499483;SPRF-MT;DEL04-MT;UOP01-DEL04-MT;;;