id;data_inversa;dia_semana;horario;uf;br;km;municipio;causa_acidente;tipo_acidente;classificacao_acidente;fase_dia;sentido_via;condicao_metereologica;tipo_pista;tracado_via;uso_solo;pessoas;mortos;feridos_leves;feridos_graves;ilesos;ignorados;feridos;veiculos;latitude;longitude;regional;delegacia;uop;;;
654910;13/01/2025;segunda-feira;17:50:00;PR;376;674;GUARATUBA;Acostamento em desn�vel;Sa�da de leito carro��vel;Com V�timas Feridas;Pleno dia;Crescente;Nublado;Dupla;Reta;N�o;1;0;1;0;0;0;1;1;-25,90851198;-48,92070682;SPRF-PR;DEL01-PR;UOP04-DEL01-PR;;;
654911;13/01/2025;segunda-feira;18:10:00;SE;101;201,6;CRISTINAPOLIS;Chuva;Colis�o traseira;Com V�timas Feridas;Plena Noite;Decrescente;Chuva;Simples;Reta;N�o;2;0;0;1;0;1;1;2;-11,49070496;-37,77641305;SPRF-SE;DEL02-SE;UOP03-DEL02-SE;;;
654912;13/01/2025;segunda-feira;16:10:00;GO;153;508,3;GOIANIA;Condutor deixou de manter dist�ncia do ve�culo da frente;Colis�o traseira;Com V�timas Feridas;Pleno dia;Decrescente;Chuva;Dupla;"Ponte;Declive;Curva";Sim;3;0;1;0;1;1;1;3;-16,7804;-49,2371;SPRF-GO;DEL01-GO;UOP03-DEL01-GO;;;
654926;12/01/2025;domingo;10:45:00;PE;407;42;AFRANIO;Aus�ncia de rea��o do condutor;Colis�o com objeto;Sem V�timas;Pleno dia;Crescente;Garoa/Chuvisco;Simples;Reta;N�o;2;0;0;0;1;1;0;2;-8,75520116;-40,89544727;SPRF-PE;DEL06-PE;UOP02-DEL06-PE;;;
654933;13/01/2025;segunda-feira;20:00:00;MT;364;400;CUIABA;Estacionar ou parar em local proibido;Colis�o traseira;Com V�timas Feridas;Plena Noite;Crescente;Nublado;Dupla;Reta;Sim;3;0;1;0;1;3;1;5;-15,67565189;-55,93822495;SPRF-MT;DEL01-MT;UOP02-DEL01-MT;;;
654934;13/01/2025;segunda-feira;20:10:00;BA;116;810;VITORIA DA CONQUISTA;Condutor deixou de manter dist�ncia do ve�culo da frente;Colis�o traseira;Com V�timas Feridas;Plena Noite;Crescente;Nublado;Simples;Reta;N�o;2;0;1;0;0;1;1;2;-14,75189084;-40,68129309;SPRF-BA;DEL08-BA;UOP01-DEL08-BA;;;
654953;13/01/2025;segunda-feira;21:30:00;MG;40;137,8;JOAO PINHEIRO;Velocidade Incompat�vel;Colis�o frontal;Com V�timas Feridas;Plena Noite;Crescente;Chuva;Simples;"Reta;Aclive";N�o;6;0;2;3;1;0;5;3;-17,72382989;-46,22254698;SPRF-MG;DEL14-MG;UOP01-DEL14-MG;;;
654967;14/01/2025;ter�a-feira;06:30:00;MG;40;662,8;CARANDAI;Rea��o tardia ou ineficiente do condutor;Colis�o frontal;Com V�timas Fatais;Pleno dia;Crescente;Garoa/Chuvisco;Simples;"Declive;Reta";N�o;7;5;1;1;0;0;2;2;-20,922953;-43,821786;SPRF-MG;DEL05-MG;UOP02-DEL05-MG;;;
654973;14/01/2025;ter�a-feira;06:00:00;PR;277;230;TEIXEIRA SOARES;Manobra de mudan�a de faixa;Colis�o com objeto;Com V�timas Feridas;Pleno dia;Decrescente;C�u Claro;Simples;"Declive;Reta";N�o;5;0;2;0;2;4;2;7;-25,466405;-50,46313292;SPRF-PR;DEL08-PR;UOP02-DEL08-PR;;;
654974;14/01/2025;ter�a-feira;06:15:00;PB;101;85,4;BAYEUX;Acessar a via sem observar a presen�a dos outros ve�culos;Engavetamento;Com V�timas Fatais;Pleno dia;Crescente;Chuva;Dupla;Reta;Sim;5;1;1;3;0;0;4;3;-7,1476653;-34,9141057;SPRF-PB;DEL01-PB;UOP01-DEL01-PB;;;
654989;14/01/2025;ter�a-feira;05:00:00;MG;40;713;BARBACENA;Rea��o tardia ou ineficiente do condutor;Colis�o com objeto;Com V�timas Feridas;Amanhecer;Crescente;Nublado;Dupla;Curva;N�o;1;0;0;1;0;0;1;1;-21,24464947;-43,68824244;SPRF-MG;DEL05-MG;UOP02-DEL05-MG;;;
654991;14/01/2025;ter�a-feira;06:00:00;MT;70;285;PRIMAVERA DO LESTE;Acostamento em desn�vel;Sa�da de leito carro��vel;Com V�timas Feridas;Amanhecer;Decrescente;Garoa/Chuvisco;Simples;"Declive;Reta";Sim;2;0;1;0;0;2;1;3;-15,57491699;-54,340294;SPRF-MT;DEL05-MT;UOP01-DEL05-MT;;;
655001;14/01/2025;ter�a-feira;09:16:00;MG;116;117;ITAOBIM;Acessar a via sem observar a presen�a dos outros ve�culos;Colis�o transversal;Com V�timas Feridas;Pleno dia;Decrescente;Nublado;Simples;Interse��o de Vias;Sim;8;0;0;2;5;1;2;4;-16,57411225;-41,50497449;SPRF-MG;DEL11-MG;UOP02-DEL11-MG;;;
655003;14/01/2025;ter�a-feira;09:10:00;CE;116;40;HORIZONTE;Demais falhas mec�nicas ou el�tricas;Colis�o com objeto;Sem V�timas;Pleno dia;Crescente;Nublado;Dupla;Curva;Sim;1;0;0;0;1;0;0;1;-4,09496999;-38,50351984;SPRF-CE;DEL01-CE;UOP02-DEL01-CE;;;
655006;14/01/2025;ter�a-feira;04:35:00;PR;153;114,1;IBAITI;Manobra de mudan�a de faixa;Colis�o frontal;Com V�timas Fatais;Plena Noite;Decrescente;C�u Claro;Simples;Reta;N�o;2;1;0;1;0;0;1;2;-23,88704983;-50,20290258;SPRF-PR;DEL07-PR;UOP04-DEL07-PR;;;
655007;14/01/2025;ter�a-feira;09:00:00;RS;116;248;SAO LEOPOLDO;Aus�ncia de rea��o do condutor;Colis�o traseira;Com V�timas Feridas;Pleno dia;Decrescente;C�u Claro;Dupla;Reta;Sim;4;0;1;0;1;2;1;4;-29,77951986;-51,15704298;SPRF-RS;DEL01-RS;UOP02-DEL01-RS;;;
655014;06/01/2025;segunda-feira;19:00:00;RJ;116;245;PIRAI;Mal s�bito do condutor;Sa�da de leito carro��vel;Com V�timas Feridas;Plena Noite;Crescente;Garoa/Chuvisco;Dupla;"Aclive;Reta";N�o;2;0;1;0;0;1;1;2;-22,62040692;-43,92593694;SPRF-RJ;DEL07-RJ;UOP01-DEL07-RJ;;;
655016;14/01/2025;ter�a-feira;08:00:00;RJ;101;294;ITABORAI;Aus�ncia de rea��o do condutor;Colis�o lateral mesmo sentido;Com V�timas Feridas;Pleno dia;Crescente;Nublado;Dupla;Reta;Sim;2;0;1;0;1;0;1;2;-22,7584434;-42,89502344;SPRF-RJ;DEL02-RJ;UOP02-DEL02-RJ;;;
655017;14/01/2025;ter�a-feira;09:55:00;SE;101;96,7;SAO CRISTOVAO;Rea��o tardia ou ineficiente do condutor;Sa�da de leito carro��vel;Com V�timas Feridas;Pleno dia;Decrescente;Nublado;Dupla;Reta;N�o;3;0;0;3;0;0;3;1;-10,921125;-37,172163;SPRF-SE;DEL02-SE;UOP01-DEL02-SE;;;
655021;14/01/2025;ter�a-feira;06:57:00;MT;163;831;SINOP;Condutor deixou de manter dist�ncia do ve�culo da frente;Colis�o lateral mesmo sentido;Com V�timas Feridas;Pleno dia;Decrescente;Nublado;Simples;Retorno Regulamentado;Sim;4;0;1;0;2;2;1;4;-11,89182108;-55,5032534;SPRF-MT;DEL06-MT;UOP02-DEL06-MT;;;
655022;14/01/2025;ter�a-feira;11:45:00;GO;60;0,4;SANTO ANTONIO DO DESCOBERTO;Rea��o tardia ou ineficiente do condutor;Sa�da de leito carro��vel;Com V�timas Feridas;Pleno dia;Crescente;Garoa/Chuvisco;Dupla;"Declive;Reta";Sim;1;0;1;0;0;0;1;1;-16,055555;-48,261317;SPRF-DF;DEL03-DF;UOP01-DEL03-DF;;;
655023;14/01/2025;ter�a-feira;11:30:00;RS;285;319,8;PASSO FUNDO;Condutor Dormindo;Sa�da de leito carro��vel;Com V�timas Feridas;Pleno dia;Decrescente;C�u Claro;Dupla;Reta;N�o;2;0;2;0;0;0;2;1;-28,269007;-52,610687;SPRF-RS;DEL08-RS;UOP03-DEL08-RS;;;
655026;14/01/2025;ter�a-feira;10:30:00;BA;116;672;JEQUIE;Acessar a via sem observar a presen�a dos outros ve�culos;Colis�o transversal;Sem V�timas;Pleno dia;Crescente;C�u Claro;Simples;"Reta;Retorno Regulamentado";Sim;7;0;0;0;5;2;0;4;-13,79970305;-40,11130458;SPRF-BA;DEL03-BA;UOP01-DEL03-BA;;;
655028;14/01/2025;ter�a-feira;10:39:00;BA;116;683;JEQUIE;Manobra de mudan�a de faixa;Colis�o lateral sentido oposto;Com V�timas Feridas;Pleno dia;Decrescente;C�u Claro;Simples;Curva;N�o;4;0;1;0;2;2;1;5;-13,87769527;-40,13464153;SPRF-BA;DEL03-BA;UOP01-DEL03-BA;;;
655041;14/01/2025;ter�a-feira;09:15:00;PR;373;274;PRUDENTOPOLIS;Rea��o tardia ou ineficiente do condutor;Sa�da de leito carro��vel;Com V�timas Feridas;Pleno dia;Decrescente;C�u Claro;Simples;Reta;N�o;1;0;1;0;0;0;1;1;-25,25079972;-51,05699658;SPRF-PR;DEL08-PR;UOP01-DEL08-PR;;;
655055;14/01/2025;ter�a-feira;12:50:00;SC;163;86,2;GUARACIABA;Condutor deixou de manter dist�ncia do ve�culo da frente;Colis�o traseira;Com V�timas Feridas;Pleno dia;Decrescente;Chuva;Simples;Reta;Sim;6;0;4;0;2;0;4;2;-26,59874014;-53,51491982;SPRF-SC;DEL07-SC;UOP03-DEL07-SC;;;
655058;14/01/2025;ter�a-feira;14:00:00;RJ;101;425;MANGARATIBA;Aus�ncia de rea��o do condutor;Colis�o transversal;Com V�timas Feridas;Pleno dia;Decrescente;Nublado;Simples;Interse��o de Vias;N�o;5;0;3;0;2;0;3;2;-22,92618815;-43,96323294;SPRF-RJ;DEL03-RJ;UOP02-DEL03-RJ;;;
655063;14/01/2025;ter�a-feira;09:25:00;CE;226;209,7;PEDRA BRANCA;Demais falhas mec�nicas ou el�tricas;Capotamento;Com V�timas Feridas;Pleno dia;Crescente;Nublado;Simples;"Curva;Declive";N�o;4;0;3;1;0;0;4;1;-5,51047006;-39,65265503;SPRF-CE;DEL02-CE;UOP02-DEL02-CE;;;
655064;14/01/2025;ter�a-feira;13:30:00;CE;222;163;IRAUCUBA;Velocidade Incompat�vel;Capotamento;Com V�timas Feridas;Pleno dia;Decrescente;Chuva;Simples;Curva;N�o;1;0;1;0;0;0;1;1;-3,73219489;-39,90251996;SPRF-CE;DEL04-CE;UOP03-DEL04-CE;;;
655068;14/01/2025;ter�a-feira;15:20:00;SC;101;58,4;ARAQUARI;Manobra de mudan�a de faixa;Colis�o lateral mesmo sentido;Com V�timas Feridas;Pleno dia;Crescente;C�u Claro;Dupla;Reta;N�o;2;0;1;0;1;0;1;2;-26,44025049;-48,80129043;SPRF-SC;DEL03-SC;UOP02-DEL03-SC;;;
655073;11/01/2025;s�bado;16:33:00;RS;470;157;NOVA PRATA;Ingest�o de �lcool pelo condutor;Colis�o frontal;Com V�timas Feridas;Pleno dia;Decrescente;C�u Claro;Dupla;"Curva;Declive";N�o;5;0;2;0;3;0;2;2;-28,79507068;-51,61584453;SPRF-RS;DEL06-RS;UOP02-DEL06-RS;;;
655074;14/01/2025;ter�a-feira;14:30:00;SP;116;208;GUARULHOS;Rea��o tardia ou ineficiente do condutor;Colis�o traseira;Com V�timas Feridas;Pleno dia;Decrescente;Nublado;Dupla;Reta;Sim;6;0;1;0;4;1;1;6;-23,42222263;-46,3932771;SPRF-SP;DEL01-SP;UOP01-DEL01-SP;;;
655075;14/01/2025;ter�a-feira;14:00:00;SP;116;206;GUARULHOS;Manobra de mudan�a de faixa;Queda de ocupante de ve�culo;Com V�timas Fatais;Pleno dia;Decrescente;C�u Claro;Dupla;"Em Obras;Reta";Sim;3;1;1;0;0;1;1;2;-23,41722629;-46,37510292;SPRF-SP;DEL01-SP;UOP01-DEL01-SP;;;
655079;14/01/2025;ter�a-feira;15:45:00;CE;222;308;TIANGUA;Acumulo de �gua sobre o pavimento;Sa�da de leito carro��vel;Sem V�timas;Pleno dia;Decrescente;Chuva;Dupla;Reta;Sim;3;0;0;0;2;1;0;2;-3,68901102;-40,97669036;SPRF-CE;DEL04-CE;UOP02-DEL04-CE;;;
655080;14/01/2025;ter�a-feira;13:30:00;MT;163;1110;GUARANTA DO NORTE;Rea��o tardia ou ineficiente do condutor;Tombamento;Com V�timas Feridas;Pleno dia;Decrescente;Nublado;Simples;"Curva;Declive";N�o;2;0;0;1;0;1;1;2;-9,601411;-54,890879;SPRF-MT;DEL06-MT;UOP03-DEL06-MT;;;
655090;14/01/2025;ter�a-feira;16:55:00;MG;365;740;ITUIUTABA;Frear bruscamente;Sa�da de leito carro��vel;Com V�timas Feridas;Pleno dia;Decrescente;Chuva;Simples;Declive;N�o;1;0;1;0;0;0;1;1;-18,91231121;-49,37306898;SPRF-MG;DEL15-MG;UOP03-DEL15-MG;;;
655101;14/01/2025;ter�a-feira;18:30:00;SP;153;61,4;SAO JOSE DO RIO PRETO;Acessar a via sem observar a presen�a dos outros ve�culos;Colis�o transversal;Sem V�timas;Anoitecer;Crescente;C�u Claro;Dupla;Reta;Sim;3;0;0;0;2;2;0;4;-20,80502876;-49,35574909;SPRF-SP;DEL09-SP;UOP01-DEL09-SP;;;
655106;14/01/2025;ter�a-feira;18:30:00;SE;101;153;ESTANCIA;Defici�ncia do Sistema de Ilumina��o/Sinaliza��o;Colis�o lateral mesmo sentido;Com V�timas Feridas;Plena Noite;Crescente;Chuva;Simples;"Reta;Ponte";N�o;3;0;0;1;1;1;1;3;-11,27698008;-37,44948398;SPRF-SE;DEL02-SE;UOP01-DEL02-SE;;;
655116;07/01/2025;ter�a-feira;06:30:00;BA;101;551;ARATACA;Condutor Dormindo;Sa�da de leito carro��vel;Com V�timas Feridas;Amanhecer;Decrescente;C�u Claro;Simples;"Curva;Declive";N�o;2;0;2;0;0;0;2;1;-15,28039697;-39,4750951;SPRF-BA;DEL05-BA;UOP02-DEL05-BA;;;
655125;14/01/2025;ter�a-feira;20:10:00;RS;290;119;ELDORADO DO SUL;Pedestre andava na pista;Atropelamento de Pedestre;Com V�timas Feridas;Plena Noite;Crescente;C�u Claro;Simples;Reta;N�o;2;0;1;0;1;0;1;2;-30,049431;-51,398045;SPRF-RS;DEL02-RS;UOP01-DEL02-RS;;;
655134;14/01/2025;ter�a-feira;14:48:00;MT;364;471;ACORIZAL;Aus�ncia de rea��o do condutor;Sa�da de leito carro��vel;Com V�timas Feridas;Pleno dia;Decrescente;Nublado;Simples;Reta;N�o;2;0;1;0;0;1;1;2;-15,40465;-56,37271;SPRF-MT;DEL01-MT;UOP02-DEL01-MT;;;
655135;14/01/2025;ter�a-feira;19:50:00;BA;101;725;EUNAPOLIS;Curva acentuada;Sa�da de leito carro��vel;Com V�timas Feridas;Plena Noite;Crescente;Chuva;Simples;"Curva;Declive";N�o;1;0;0;1;0;0;1;1;-16,41550326;-39,58614349;SPRF-BA;DEL09-BA;UOP01-DEL09-BA;;;
655136;14/01/2025;ter�a-feira;22:25:00;MG;50;153;UBERABA;Rea��o tardia ou ineficiente do condutor;Colis�o traseira;Com V�timas Feridas;Plena Noite;Crescente;Nublado;Dupla;"Reta;Aclive";N�o;3;0;1;0;1;1;1;3;-19,59125905;-48,02849514;SPRF-MG;DEL13-MG;UOP01-DEL13-MG;;;
655143;14/01/2025;ter�a-feira;20:00:00;BA;242;629;MUQUEM DE SAO FRANCISCO;Chuva;Colis�o frontal;Com V�timas Fatais;Plena Noite;Crescente;Chuva;Simples;Reta;N�o;2;1;0;0;1;0;0;2;-12,16930899;-43,38947902;SPRF-BA;DEL10-BA;UOP01-DEL10-BA;;;
655146;14/01/2025;ter�a-feira;23:30:00;GO;40;127,8;CRISTALINA;Rea��o tardia ou ineficiente do condutor;Tombamento;Com V�timas Feridas;Plena Noite;Crescente;Nublado;Dupla;Reta;N�o;1;0;1;0;0;0;1;1;-16,886701;-47,365804;SPRF-DF;DEL01-DF;UOP02-DEL01-DF;;;
655147;15/01/2025;quarta-feira;01:50:00;MG;381;364;SAO GONCALO DO RIO ABAIXO;Transitar na contram�o;Colis�o frontal;Com V�timas Feridas;Plena Noite;Crescente;Chuva;Simples;Curva;N�o;2;0;1;0;1;0;1;2;-19,84955579;-43,25424839;SPRF-MG;DEL03-MG;UOP01-DEL03-MG;;;
655157;15/01/2025;quarta-feira;03:40:00;BA;101;482;URUCUCA;Demais Fen�menos da natureza;Colis�o com objeto;Com V�timas Feridas;Plena Noite;Crescente;Chuva;Simples;Curva;N�o;1;0;1;0;0;0;1;1;-14,639;-39,337;SPRF-BA;DEL05-BA;UOP01-DEL05-BA;;;
655160;14/01/2025;ter�a-feira;21:30:00;MG;251;204;CACHOEIRA DE PAJEU;Demais falhas mec�nicas ou el�tricas;Inc�ndio;Sem V�timas;Plena Noite;Crescente;Chuva;Simples;"Declive;Reta";N�o;2;0;0;0;1;2;0;3;-15,86747511;-41,51345492;SPRF-MG;DEL12-MG;UOP02-DEL12-MG;;;
655161;15/01/2025;quarta-feira;05:30:00;ES;101;321,4;GUARAPARI;Problema com o freio;Sa�da de leito carro��vel;Com V�timas Feridas;Amanhecer;Decrescente;Chuva;Dupla;"Curva;Declive";N�o;2;0;0;1;0;1;1;2;-20,520908;-40,478306;SPRF-ES;DEL03-ES;UOP01-DEL03-ES;;;
655163;15/01/2025;quarta-feira;06:00:00;DF;60;8,9;BRASILIA;Manobra de mudan�a de faixa;Colis�o lateral mesmo sentido;Com V�timas Feridas;Amanhecer;Crescente;Chuva;Dupla;"Curva;Declive";Sim;3;0;1;0;1;2;1;4;-15,90324;-48,130695;SPRF-DF;DEL03-DF;UOP01-DEL03-DF;;;
655165;14/01/2025;ter�a-feira;18:18:00;MT;364;587;DIAMANTINO;Condutor deixou de manter dist�ncia do ve�culo da frente;Colis�o traseira;Com V�timas Feridas;Anoitecer;Crescente;Nublado;Dupla;"Aclive;Reta";N�o;5;0;2;0;2;2;2;4;-14,61012536;-56,25164264;SPRF-MT;DEL01-MT;UOP01-DEL01-MT;;;
655167;15/01/2025;quarta-feira;07:00:00;GO;153;526;HIDROLANDIA;Demais falhas mec�nicas ou el�tricas;Colis�o traseira;Com V�timas Feridas;Pleno dia;Crescente;Nublado;Dupla;Reta;N�o;3;0;0;1;1;1;1;3;-16,9376;-49,2532;SPRF-GO;DEL01-GO;UOP03-DEL01-GO;;;
655170;14/01/2025;ter�a-feira;23:55:00;CE;222;163,2;IRAUCUBA;Velocidade Incompat�vel;Tombamento;Sem V�timas;Plena Noite;Crescente;Chuva;Simples;Curva;N�o;1;0;0;0;1;0;0;1;-3,72958214;-39,90925312;SPRF-CE;DEL04-CE;UOP03-DEL04-CE;;;
655171;15/01/2025;quarta-feira;06:51:00;PB;101;55,3;SANTA RITA;Condutor Dormindo;Sa�da de leito carro��vel;Com V�timas Feridas;Pleno dia;Crescente;C�u Claro;Dupla;Curva;N�o;2;0;1;0;0;1;1;2;-6,96193314;-35,08636026;SPRF-PB;DEL01-PB;UOP03-DEL01-PB;;;
655178;15/01/2025;quarta-feira;07:00:00;MS;376;125,4;IVINHEMA;Manobra de mudan�a de faixa;Colis�o lateral sentido oposto;Com V�timas Feridas;Pleno dia;Crescente;C�u Claro;Simples;Reta;N�o;6;0;1;0;4;1;1;3;-22,3464942;-53,7333601;SPRF-MS;DEL04-MS;UOP04-DEL04-MS;;;
655180;15/01/2025;quarta-feira;08:00:00;PB;230;27;JOAO PESSOA;Condutor deixou de manter dist�ncia do ve�culo da frente;Colis�o traseira;Com V�timas Feridas;Pleno dia;Crescente;C�u Claro;Simples;Reta;Sim;3;0;1;0;2;0;1;3;-7,1677;-34,8855;SPRF-PB;DEL01-PB;UOP01-DEL01-PB;;;
655185;14/01/2025;ter�a-feira;14:45:00;CE;222;207,5;FORQUILHA;Chuva;Colis�o frontal;Com V�timas Feridas;Pleno dia;Crescente;Chuva;Simples;Curva;N�o;7;0;1;0;6;0;1;2;-3,78975803;-40,24374596;SPRF-CE;DEL04-CE;UOP01-DEL04-CE;;;
655186;01/01/2025;quarta-feira;14:30:00;GO;153;703,5;ITUMBIARA;Demais falhas na via;Sa�da de leito carro��vel;Com V�timas Feridas;Pleno dia;Decrescente;Nublado;Simples;Ponte;Sim;2;0;1;0;0;1;1;2;-18,411018;-49,195927;SPRF-GO;DEL03-GO;UOP02-DEL03-GO;;;
655187;15/01/2025;quarta-feira;08:15:00;SP;116;224;GUARULHOS;Problema com o freio;Engavetamento;Com V�timas Feridas;Pleno dia;Crescente;Sol;M�ltipla;"Em Obras;Reta";Sim;5;0;1;0;3;1;1;4;-23,48071896;-46,53271603;SPRF-SP;DEL01-SP;UOP01-DEL01-SP;;;
655188;07/01/2025;ter�a-feira;12:20:00;PR;376;326,5;ORTIGUEIRA;Velocidade Incompat�vel;Colis�o lateral sentido oposto;Com V�timas Feridas;Pleno dia;Decrescente;C�u Claro;Simples;"Declive;Curva";N�o;6;0;0;2;3;3;2;6;-24,09427565;-51,04402976;SPRF-PR;DEL07-PR;UOP02-DEL07-PR;;;
655190;15/01/2025;quarta-feira;08:15:00;MS;262;483;ANASTACIO;Ultrapassagem Indevida;Colis�o lateral mesmo sentido;Com V�timas Feridas;Pleno dia;Crescente;C�u Claro;Simples;Reta;N�o;4;0;2;0;1;2;2;4;-20,50337535;-55,74932002;SPRF-MS;DEL03-MS;UOP01-DEL03-MS;;;
655195;15/01/2025;quarta-feira;08:30:00;MG;40;421;CURVELO;Chuva;Sa�da de leito carro��vel;Com V�timas Feridas;Pleno dia;Decrescente;Chuva;Simples;Reta;N�o;1;0;1;0;0;0;1;1;-19,15478812;-44,55712798;SPRF-MG;DEL02-MG;UOP01-DEL02-MG;;;
655201;15/01/2025;quarta-feira;08:30:00;MT;163;1040;MATUPA;Acessar a via sem observar a presen�a dos outros ve�culos;Colis�o transversal;Com V�timas Fatais;Pleno dia;Decrescente;C�u Claro;Simples;"Declive;Reta";Sim;3;1;0;0;1;1;0;3;-10,1711179;-54,9391247;SPRF-MT;DEL06-MT;UOP03-DEL06-MT;;;
655206;15/01/2025;quarta-feira;09:35:00;CE;222;163;IRAUCUBA;Chuva;Colis�o frontal;Com V�timas Feridas;Pleno dia;Crescente;Chuva;Simples;Curva;N�o;3;0;0;1;1;2;1;4;-3,72962497;-39,91024017;SPRF-CE;DEL04-CE;UOP03-DEL04-CE;;;
655209;15/01/2025;quarta-feira;09:40:00;RJ;116;177;SAO JOAO DE MERITI;Rea��o tardia ou ineficiente do condutor;Colis�o lateral mesmo sentido;Com V�timas Feridas;Pleno dia;Decrescente;C�u Claro;Dupla;Reta;Sim;3;0;1;0;2;0;1;2;-22,78055198;-43,39208599;SPRF-RJ;DEL06-RJ;UOP01-DEL06-RJ;;;
655210;15/01/2025;quarta-feira;10:25:00;DF;20;19;BRASILIA;Problema com o freio;Colis�o traseira;Com V�timas Feridas;Pleno dia;Crescente;Garoa/Chuvisco;Dupla;"Reta;Declive;Retorno Regulamentado;Interse��o de Vias";N�o;8;0;2;0;6;0;2;5;-15,612175;-47,700928;SPRF-DF;DEL02-DF;UOP01-DEL02-DF;;;
655212;15/01/2025;quarta-feira;07:50:00;MS;163;316,5;RIO BRILHANTE;Aus�ncia de rea��o do condutor;Sa�da de leito carro��vel;Com V�timas Feridas;Pleno dia;Crescente;C�u Claro;Simples;Rotat�ria;N�o;2;0;1;0;0;2;1;3;-21,84371195;-54,53746389;SPRF-MS;DEL02-MS;UOP02-DEL02-MS;;;
655214;15/01/2025;quarta-feira;11:00:00;TO;153;145,2;ARAGUAINA;Acessar a via sem observar a presen�a dos outros ve�culos;Colis�o lateral mesmo sentido;Sem V�timas;Pleno dia;Decrescente;Nublado;Dupla;"Retorno Regulamentado;Rotat�ria";Sim;4;0;0;0;4;0;0;2;-7,20503614;-48,24035166;SPRF-TO;DEL02-TO;UOP01-DEL02-TO;;;
655219;15/01/2025;quarta-feira;09:30:00;MT;364;166,5;PEDRA PRETA;Rea��o tardia ou ineficiente do condutor;Colis�o lateral mesmo sentido;Com V�timas Feridas;Pleno dia;Crescente;Sol;Simples;Reta;N�o;5;0;3;0;1;3;3;5;-16,671022;-54,306168;SPRF-MT;DEL02-MT;UOP01-DEL02-MT;;;
655230;15/01/2025;quarta-feira;13:25:00;SP;116;285;ITAPECERICA DA SERRA;Velocidade Incompat�vel;Colis�o traseira;Com V�timas Feridas;Pleno dia;Decrescente;C�u Claro;Dupla;Reta;N�o;3;0;1;0;1;1;1;3;-23,70407794;-46,87249709;SPRF-SP;DEL04-SP;UOP01-DEL04-SP;;;
655234;15/01/2025;quarta-feira;07:50:00;PR;476;179;CONTENDA;Velocidade Incompat�vel;Tombamento;Com V�timas Feridas;Pleno dia;Decrescente;Sol;Simples;Curva;N�o;5;0;1;1;2;2;2;6;-25,702982;-49,582001;SPRF-PR;DEL01-PR;UOP06-DEL01-PR;;;
655235;15/01/2025;quarta-feira;13:40:00;BA;101;709,7;EUNAPOLIS;Acessar a via sem observar a presen�a dos outros ve�culos;Sa�da de leito carro��vel;Com V�timas Feridas;Pleno dia;Decrescente;Chuva;Simples;"Interse��o de Vias;Reta";N�o;2;0;2;0;0;0;2;2;-16,318828;-39,597342;SPRF-BA;DEL09-BA;UOP01-DEL09-BA;;;
655237;15/01/2025;quarta-feira;13:00:00;GO;40;76;CRISTALINA;Condutor Dormindo;Colis�o frontal;Sem V�timas;Pleno dia;Crescente;Garoa/Chuvisco;Simples;Reta;N�o;3;0;0;0;2;2;0;4;-16,644545;-47,739479;SPRF-DF;DEL01-DF;UOP02-DEL01-DF;;;
655240;15/01/2025;quarta-feira;13:37:00;SC;101;196,8;BIGUACU;Mal s�bito do condutor;Colis�o lateral mesmo sentido;Com V�timas Feridas;Pleno dia;Crescente;C�u Claro;Dupla;Aclive;N�o;3;0;2;0;1;0;2;2;-27,51101091;-48,64322292;SPRF-SC;DEL01-SC;UOP01-DEL01-SC;;;
655241;15/01/2025;quarta-feira;14:10:00;RS;386;246;SOLEDADE;Condutor deixou de manter dist�ncia do ve�culo da frente;Engavetamento;Com V�timas Feridas;Pleno dia;Crescente;C�u Claro;Simples;"Reta;Em Obras";Sim;5;0;2;0;3;0;2;3;-28,808382;-52,502323;SPRF-RS;DEL04-RS;UOP03-DEL04-RS;;;
655246;15/01/2025;quarta-feira;12:30:00;SP;381;76;SAO PAULO;Aus�ncia de rea��o do condutor;Atropelamento de Pedestre;Com V�timas Feridas;Pleno dia;Crescente;Nublado;Dupla;Curva;N�o;3;0;1;0;1;1;1;3;-23,38372401;-46,56502116;SPRF-SP;DEL03-SP;UOP01-DEL03-SP;;;
655248;15/01/2025;quarta-feira;10:49:00;RO;364;437,6;JARU;Rea��o tardia ou ineficiente do condutor;Sa�da de leito carro��vel;Com V�timas Feridas;Pleno dia;Decrescente;Chuva;Simples;Declive;N�o;2;0;2;0;0;0;2;1;-10,368047;-62,563125;SPRF-RO;DEL03-RO;UOP02-DEL03-RO;;;
655256;15/01/2025;quarta-feira;14:30:00;GO;153;200;URUACU;Acessar a via sem observar a presen�a dos outros ve�culos;Colis�o transversal;Com V�timas Feridas;Pleno dia;Decrescente;Chuva;Simples;"Reta;Retorno Regulamentado;Interse��o de Vias";Sim;2;0;0;1;1;0;1;2;-14,532895;-49,160758;SPRF-GO;DEL07-GO;UOP02-DEL07-GO;;;
655263;15/01/2025;quarta-feira;15:00:00;SE;101;115,2;ITAPORANGA DAJUDA;Rea��o tardia ou ineficiente do condutor;Sa�da de leito carro��vel;Sem V�timas;Pleno dia;Decrescente;Nublado;Dupla;"Declive;Retorno Regulamentado";N�o;2;0;0;0;1;1;0;2;-11,00451077;-37,30888444;SPRF-SE;DEL02-SE;UOP01-DEL02-SE;;;