id;data_inversa;dia_semana;horario;uf;br;km;municipio;causa_acidente;tipo_acidente;classificacao_acidente;fase_dia;sentido_via;condicao_metereologica;tipo_pista;tracado_via;uso_solo;pessoas;mortos;feridos_leves;feridos_graves;ilesos;ignorados;feridos;veiculos;latitude;longitude;regional;delegacia;uop;;;
656051;19/01/2025;domingo;14:45:00;PR;277;135;BALSA NOVA;Velocidade Incompat�vel;Tombamento;Com V�timas Feridas;Pleno dia;Decrescente;Chuva;Simples;Reta;N�o;2;0;1;0;0;1;1;2;-25,4713;-49,6205;SPRF-PR;DEL03-PR;UOP03-DEL03-PR;;;
656052;19/01/2025;domingo;11:30:00;BA;116;728;MANOEL VITORINO;Rea��o tardia ou ineficiente do condutor;Colis�o com objeto;Sem V�timas;Pleno dia;Crescente;C�u Claro;Simples;Aclive;N�o;1;0;0;0;1;0;0;1;-14,26300405;-40,28864987;SPRF-BA;DEL08-BA;UOP02-DEL08-BA;;;
656071;19/01/2025;domingo;15:50:00;MT;364;587;DIAMANTINO;Rea��o tardia ou ineficiente do condutor;Sa�da de leito carro��vel;Com V�timas Feridas;Pleno dia;Crescente;Chuva;Dupla;Reta;N�o;2;0;1;0;0;1;1;2;-14,61012536;-56,25164264;SPRF-MT;DEL01-MT;UOP01-DEL01-MT;;;
656072;19/01/2025;domingo;14:30:00;MG;116;222,8;CATUJI;Rea��o tardia ou ineficiente do condutor;Sa�da de leito carro��vel;Com V�timas Feridas;Pleno dia;Decrescente;Sol;Simples;"Curva;Declive";N�o;3;0;1;0;0;2;1;3;-17,42343294;-41,51418802;SPRF-MG;DEL11-MG;UOP01-DEL11-MG;;;
656074;19/01/2025;domingo;08:30:00;PA;10;156;PARAGOMINAS;Avarias e/ou desgaste excessivo no pneu;Tombamento;Com V�timas Feridas;Pleno dia;Crescente;C�u Claro;Simples;Reta;N�o;2;0;1;0;1;0;1;1;-3,07148295;-47,47564419;SPRF-PA;DEL02-PA;UOP01-DEL02-PA;;;
656080;19/01/2025;domingo;17:20:00;SP;116;347;MIRACATU;Mal s�bito do condutor;Colis�o lateral mesmo sentido;Com V�timas Feridas;Pleno dia;Decrescente;C�u Claro;Dupla;Reta;N�o;3;0;1;0;1;1;1;3;-24,04699491;-47,19706111;SPRF-SP;DEL04-SP;UOP03-DEL04-SP;;;
656087;19/01/2025;domingo;14:20:00;RO;364;59;VILHENA;Rea��o tardia ou ineficiente do condutor;Sa�da de leito carro��vel;Com V�timas Feridas;Pleno dia;Decrescente;Chuva;Simples;Reta;N�o;1;0;1;0;0;0;1;1;-12,51637568;-60,42653692;SPRF-RO;DEL04-RO;UOP01-DEL04-RO;;;
656091;19/01/2025;domingo;09:50:00;PA;10;299,9;IRITUIA;Carga excessiva e/ou mal acondicionada;Tombamento;Com V�timas Feridas;Pleno dia;Crescente;Nublado;Simples;Declive;N�o;2;0;1;0;0;1;1;2;-1,80828797;-47,51438083;SPRF-PA;DEL02-PA;UOP01-DEL02-PA;;;
656109;19/01/2025;domingo;19:20:00;SC;101;135,8;BALNEARIO CAMBORIU;Ingest�o de �lcool pelo condutor;Colis�o lateral mesmo sentido;Sem V�timas;Plena Noite;Decrescente;Nublado;M�ltipla;Reta;Sim;2;0;0;0;2;0;0;2;-27,0050108;-48,62677494;SPRF-SC;DEL04-SC;UOP03-DEL04-SC;;;
656121;19/01/2025;domingo;20:04:00;PE;101;46;IGARASSU;Manobra de mudan�a de faixa;Colis�o lateral mesmo sentido;Sem V�timas;Plena Noite;Crescente;C�u Claro;M�ltipla;Reta;Sim;2;0;0;0;2;0;0;2;-7,87406004;-34,90588126;SPRF-PE;DEL01-PE;UOP02-DEL01-PE;;;
656141;19/01/2025;domingo;22:20:00;RS;386;240;SOLEDADE;Transitar na contram�o;Colis�o lateral sentido oposto;Com V�timas Feridas;Plena Noite;Decrescente;Nublado;Simples;Reta;N�o;3;0;1;0;2;0;1;3;-28,766171;-52,533092;SPRF-RS;DEL04-RS;UOP03-DEL04-RS;;;
656142;19/01/2025;domingo;19:40:00;PR;376;100,3;PARANAVAI;Aus�ncia de rea��o do condutor;Tombamento;Com V�timas Feridas;Plena Noite;Decrescente;Chuva;Simples;"Curva;Aclive";N�o;2;0;1;0;0;2;1;3;-23,03210996;-52,4812603;SPRF-PR;DEL09-PR;UOP02-DEL09-PR;;;
656150;19/01/2025;domingo;22:40:00;SP;116;164,3;JACAREI;Rea��o tardia ou ineficiente do condutor;Colis�o lateral mesmo sentido;Com V�timas Fatais;Plena Noite;Crescente;Nublado;Dupla;Reta;N�o;4;1;0;1;1;1;1;3;-23,29166028;-46,00002382;SPRF-SP;DEL02-SP;UOP01-DEL02-SP;;;
656153;19/01/2025;domingo;20:30:00;BA;324;625;SALVADOR;Condutor deixou de manter dist�ncia do ve�culo da frente;Colis�o traseira;Com V�timas Feridas;Plena Noite;Decrescente;C�u Claro;M�ltipla;"Aclive;Reta";N�o;3;0;0;1;1;1;1;3;-12,94194706;-38,47081224;SPRF-BA;DEL01-BA;UOP01-DEL01-BA;;;
656160;19/01/2025;domingo;23:53:00;MT;364;480;JANGADA;Aus�ncia de rea��o do condutor;Tombamento;Com V�timas Feridas;Plena Noite;Decrescente;C�u Claro;Simples;"Declive;Reta";N�o;2;0;1;0;0;2;1;3;-15,40024887;-56,38024791;SPRF-MT;DEL01-MT;UOP02-DEL01-MT;;;
656163;20/01/2025;segunda-feira;01:00:00;RS;392;136;CANGUCU;Condutor Dormindo;Tombamento;Com V�timas Fatais;Plena Noite;Crescente;Nevoeiro/Neblina;Simples;Reta;N�o;2;1;0;0;0;1;0;2;-31,28294105;-52,78851009;SPRF-RS;DEL07-RS;UOP01-DEL07-RS;;;
656167;19/01/2025;domingo;21:20:00;PI;316;56;MONSENHOR GIL;Transitar na contram�o;Colis�o lateral sentido oposto;Sem V�timas;Plena Noite;Crescente;Nublado;Simples;Curva;N�o;3;0;0;0;0;3;0;3;-5,54323473;-42,62283776;SPRF-PI;DEL01-PI;UOP02-DEL01-PI;;;
656171;20/01/2025;segunda-feira;03:00:00;AL;101;29;JOAQUIM GOMES;Acostamento em desn�vel;Tombamento;Com V�timas Feridas;Plena Noite;Decrescente;C�u Claro;Simples;Curva;N�o;2;0;1;0;0;3;1;4;-9,07654203;-35,74434506;SPRF-AL;DEL01-AL;UOP02-DEL01-AL;;;
656172;20/01/2025;segunda-feira;04:30:00;PE;101;23,6;GOIANA;Demais falhas mec�nicas ou el�tricas;Sa�da de leito carro��vel;Com V�timas Feridas;Plena Noite;Decrescente;C�u Claro;Dupla;"Declive;Reta";N�o;1;0;1;0;0;0;1;1;-7,68357776;-34,92410458;SPRF-PE;DEL01-PE;UOP02-DEL01-PE;;;
656176;20/01/2025;segunda-feira;05:20:00;MS;163;567;BANDEIRANTES;Condutor Dormindo;Sa�da de leito carro��vel;Com V�timas Feridas;Amanhecer;Crescente;C�u Claro;Simples;Reta;N�o;2;0;1;0;0;1;1;2;-19,75811396;-54,35853617;SPRF-MS;DEL01-MS;UOP02-DEL01-MS;;;
656181;20/01/2025;segunda-feira;07:00:00;DF;40;7;BRASILIA;Manobra de mudan�a de faixa;Colis�o lateral mesmo sentido;Com V�timas Feridas;Pleno dia;Crescente;C�u Claro;Dupla;Reta;Sim;4;0;1;0;2;2;1;5;-16,038666;-47,979691;SPRF-DF;DEL01-DF;UOP01-DEL01-DF;;;
656186;20/01/2025;segunda-feira;06:00:00;PA;230;590;VITORIA DO XINGU;Avarias e/ou desgaste excessivo no pneu;Tombamento;Com V�timas Feridas;Amanhecer;Decrescente;C�u Claro;Simples;Curva;N�o;2;0;1;0;0;1;1;2;-3,08638;-51,89739;SPRF-PA;DEL04-PA;UOP01-DEL04-PA;;;
656188;20/01/2025;segunda-feira;07:45:00;PR;376;3,3;APUCARANA;Ultrapassagem Indevida;Colis�o lateral mesmo sentido;Com V�timas Feridas;Pleno dia;Crescente;C�u Claro;Simples;Reta;Sim;3;0;1;0;1;1;1;3;-23,559049;-51,43822;SPRF-PR;DEL07-PR;UOP03-DEL07-PR;;;
656206;20/01/2025;segunda-feira;07:10:00;RS;468;66,8;CAMPO NOVO;Transitar na contram�o;Colis�o frontal;Com V�timas Feridas;Pleno dia;Crescente;C�u Claro;Simples;Reta;Sim;2;0;0;1;1;0;1;2;-27,74402797;-53,83268092;SPRF-RS;DEL08-RS;UOP02-DEL08-RS;;;
656214;20/01/2025;segunda-feira;09:15:00;PE;232;409;SERRA TALHADA;Acessar a via sem observar a presen�a dos outros ve�culos;Colis�o transversal;Sem V�timas;Pleno dia;Crescente;C�u Claro;Simples;Reta;Sim;3;0;0;0;3;0;0;3;-7,981944;-38,289467;SPRF-PE;DEL04-PE;UOP01-DEL04-PE;;;
656217;20/01/2025;segunda-feira;09:54:00;RS;472;571;URUGUAIANA;Acessar a via sem observar a presen�a dos outros ve�culos;Colis�o transversal;Com V�timas Feridas;Pleno dia;Decrescente;C�u Claro;Simples;"Curva;Rotat�ria";Sim;3;0;1;0;1;1;1;3;-29,76709669;-57,01232107;SPRF-RS;DEL13-RS;UOP01-DEL13-RS;;;
656218;20/01/2025;segunda-feira;09:45:00;RS;290;418,5;SAO GABRIEL;Aus�ncia de rea��o do condutor;Colis�o traseira;Com V�timas Feridas;Pleno dia;Crescente;C�u Claro;Simples;Rotat�ria;Sim;6;0;3;0;2;1;3;3;-30,354879;-54,328896;SPRF-RS;DEL11-RS;UOP02-DEL11-RS;;;
656221;20/01/2025;segunda-feira;07:35:00;BA;116;29,8;VITORIA DA CONQUISTA;Carga excessiva e/ou mal acondicionada;Tombamento;Com V�timas Feridas;Pleno dia;Decrescente;C�u Claro;Simples;"Rotat�ria;Viaduto";N�o;1;0;1;0;0;0;1;1;-14,827829;-40,828188;SPRF-BA;DEL08-BA;UOP01-DEL08-BA;;;
656222;20/01/2025;segunda-feira;08:35:00;PE;116;41;SALGUEIRO;Ultrapassagem Indevida;Colis�o frontal;Com V�timas Feridas;Pleno dia;Crescente;Nublado;Simples;"Declive;Curva";N�o;3;0;1;0;2;0;1;3;-8,19792;-39,100887;SPRF-PE;DEL05-PE;UOP01-DEL05-PE;;;
656224;20/01/2025;segunda-feira;10:20:00;MG;381;357;JOAO MONLEVADE;Convers�o proibida;Colis�o transversal;Com V�timas Feridas;Pleno dia;Crescente;Sol;Simples;Reta;Sim;3;0;1;0;2;0;1;2;-19,84765404;-43,20566395;SPRF-MG;DEL03-MG;UOP01-DEL03-MG;;;
656226;20/01/2025;segunda-feira;09:10:00;PE;232;266,1;SERTANIA;Frear bruscamente;Engavetamento;Sem V�timas;Pleno dia;Crescente;Nublado;Simples;Reta;N�o;7;0;0;0;6;1;0;3;-8,40768218;-37,18289802;SPRF-PE;DEL04-PE;UOP02-DEL04-PE;;;
656234;20/01/2025;segunda-feira;11:00:00;GO;20;27;FORMOSA;Ultrapassagem Indevida;Colis�o lateral mesmo sentido;Com V�timas Feridas;Pleno dia;Decrescente;C�u Claro;Simples;Reta;N�o;4;0;1;0;2;1;1;3;-15,520933;-47,124645;SPRF-DF;DEL02-DF;UOP02-DEL02-DF;;;
656245;20/01/2025;segunda-feira;11:59:00;MG;40;483;SETE LAGOAS;Rea��o tardia ou ineficiente do condutor;Colis�o lateral mesmo sentido;Com V�timas Feridas;Pleno dia;Decrescente;C�u Claro;Dupla;Curva;N�o;2;0;1;0;1;0;1;2;-19,56753;-44,23715;SPRF-MG;DEL02-MG;UOP01-DEL02-MG;;;
656251;20/01/2025;segunda-feira;12:40:00;PB;230;58,6;CRUZ DO ESPIRITO SANTO;Ultrapassagem Indevida;Colis�o traseira;Com V�timas Fatais;Pleno dia;Decrescente;C�u Claro;Dupla;"Declive;Reta";N�o;4;2;0;0;1;1;0;3;-7,2043;-35,1305;SPRF-PB;DEL01-PB;UOP02-DEL01-PB;;;
656254;20/01/2025;segunda-feira;08:00:00;BA;116;871,5;VITORIA DA CONQUISTA;Transitar na contram�o;Colis�o lateral sentido oposto;Com V�timas Fatais;Pleno dia;Crescente;C�u Claro;Simples;"Reta;Aclive";N�o;3;1;0;0;1;1;0;3;-15,13901524;-41,04396962;SPRF-BA;DEL08-BA;UOP03-DEL08-BA;;;
656255;20/01/2025;segunda-feira;06:30:00;MG;116;71,6;MEDINA;Aus�ncia de rea��o do condutor;Colis�o lateral sentido oposto;Com V�timas Fatais;Pleno dia;Decrescente;C�u Claro;Simples;Reta;N�o;4;1;0;1;1;3;1;5;-16,21131509;-41,47642769;SPRF-MG;DEL11-MG;UOP02-DEL11-MG;;;
656258;20/01/2025;segunda-feira;09:35:00;RJ;101;430;MANGARATIBA;Condutor deixou de manter dist�ncia do ve�culo da frente;Colis�o traseira;Com V�timas Feridas;Pleno dia;Crescente;Sol;Simples;"Declive;Reta";N�o;3;0;1;0;2;0;1;3;-22,93710123;-44,01083798;SPRF-RJ;DEL03-RJ;UOP02-DEL03-RJ;;;
656272;20/01/2025;segunda-feira;13:10:00;PE;428;189;PETROLINA;Acesso irregular;Colis�o frontal;Com V�timas Feridas;Pleno dia;Crescente;C�u Claro;Dupla;Reta;Sim;4;0;0;1;2;1;1;3;-9,37766429;-40,50269795;SPRF-PE;DEL06-PE;UOP01-DEL06-PE;;;
656275;20/01/2025;segunda-feira;09:00:00;PE;423;62;LAJEDO;Transitar na contram�o;Colis�o frontal;Com V�timas Feridas;Pleno dia;Crescente;C�u Claro;Simples;Reta;N�o;2;0;0;1;1;0;1;2;-8,66011023;-36,33781395;SPRF-PE;DEL03-PE;UOP01-DEL03-PE;;;
656279;20/01/2025;segunda-feira;10:56:00;RS;116;93,4;CAMPESTRE DA SERRA;Mal s�bito do condutor;Colis�o lateral sentido oposto;Com V�timas Feridas;Pleno dia;Decrescente;Sol;Simples;Aclive;N�o;4;0;1;0;2;1;1;4;-28,87722228;-51,13320351;SPRF-RS;DEL05-RS;UOP03-DEL05-RS;;;
656283;20/01/2025;segunda-feira;13:40:00;MG;40;574;ITABIRITO;Acessar a via sem observar a presen�a dos outros ve�culos;Colis�o transversal;Com V�timas Feridas;Pleno dia;Crescente;C�u Claro;Simples;Reta;Sim;3;0;1;0;1;1;1;3;-20,24791897;-43,96366791;SPRF-MG;DEL01-MG;UOP02-DEL01-MG;;;
656285;20/01/2025;segunda-feira;13:07:00;MT;364;1253;COMODORO;Condutor deixou de manter dist�ncia do ve�culo da frente;Colis�o traseira;Com V�timas Feridas;Pleno dia;Crescente;Nublado;Simples;Reta;N�o;5;0;2;0;2;3;2;5;-13,67385362;-59,7369149;SPRF-MT;DEL04-MT;UOP01-DEL04-MT;;;
656292;20/01/2025;segunda-feira;15:00:00;GO;452;192;ITUMBIARA;Rea��o tardia ou ineficiente do condutor;Derramamento de carga;Sem V�timas;Pleno dia;Crescente;C�u Claro;Simples;Declive;N�o;7;0;0;0;5;2;0;4;-18,37188499;-49,262211;SPRF-GO;DEL03-GO;UOP02-DEL03-GO;;;
656294;20/01/2025;segunda-feira;16:05:00;RS;101;45,2;TERRA DE AREIA;Manobra de mudan�a de faixa;Colis�o lateral mesmo sentido;Com V�timas Feridas;Pleno dia;Decrescente;C�u Claro;Dupla;"Desvio Tempor�rio;Em Obras;Reta";Sim;4;0;2;0;1;1;2;3;-29,569855;-50,056385;SPRF-RS;DEL03-RS;UOP02-DEL03-RS;;;
656296;20/01/2025;segunda-feira;05:30:00;BA;242;840;BARREIRAS;Pista Escorregadia;Sa�da de leito carro��vel;Com V�timas Feridas;Amanhecer;Decrescente;C�u Claro;Simples;"Curva;Declive";N�o;2;0;0;1;0;1;1;2;-12,11858671;-45,19720999;SPRF-BA;DEL10-BA;UOP01-DEL10-BA;;;
656297;16/01/2025;quinta-feira;17:40:00;GO;153;662,8;GOIATUBA;Velocidade Incompat�vel;Sa�da de leito carro��vel;Com V�timas Feridas;Pleno dia;Crescente;Nublado;Dupla;Reta;N�o;2;0;2;0;0;0;2;1;-18,0724;-49,2697;SPRF-GO;DEL03-GO;UOP02-DEL03-GO;;;
656298;20/01/2025;segunda-feira;13:20:00;PR;277;426,5;VIRMOND;Ingest�o de �lcool pelo condutor;Derramamento de carga;Sem V�timas;Pleno dia;Crescente;C�u Claro;Simples;"Declive;Ponte;Curva";N�o;2;0;0;0;1;1;0;2;-25,38591329;-52,1688956;SPRF-PR;DEL04-PR;UOP02-DEL04-PR;;;
656302;20/01/2025;segunda-feira;08:30:00;CE;222;4;CAUCAIA;Manobra de mudan�a de faixa;Colis�o lateral mesmo sentido;Sem V�timas;Pleno dia;Crescente;C�u Claro;M�ltipla;Reta;Sim;3;0;0;0;2;1;0;3;-3,74164754;-38,60449792;SPRF-CE;DEL01-CE;UOP01-DEL01-CE;;;
656303;20/01/2025;segunda-feira;15:50:00;MG;381;929,9;ITAPEVA;Velocidade Incompat�vel;Tombamento;Com V�timas Feridas;Pleno dia;Crescente;C�u Claro;Dupla;Curva;N�o;2;0;1;0;0;1;1;2;-22,77475998;-46,23893809;SPRF-MG;DEL16-MG;UOP03-DEL16-MG;;;
656305;20/01/2025;segunda-feira;16:00:00;SP;116;564;BARRA DO TURVO;Rea��o tardia ou ineficiente do condutor;Tombamento;Com V�timas Feridas;Pleno dia;Crescente;C�u Claro;Dupla;"Aclive;Curva";N�o;2;0;0;1;0;1;1;2;-25,03458919;-48,53543877;SPRF-SP;DEL05-SP;UOP02-DEL05-SP;;;
656310;20/01/2025;segunda-feira;16:20:00;MS;163;420,2;CAMPO GRANDE;Acessar a via sem observar a presen�a dos outros ve�culos;Colis�o transversal;Com V�timas Feridas;Pleno dia;Crescente;C�u Claro;Simples;"Rotat�ria;Em Obras";Sim;3;0;1;0;1;3;1;5;-20,9869023;-54,50583994;SPRF-MS;DEL01-MS;UOP01-DEL01-MS;;;
656311;20/01/2025;segunda-feira;16:25:00;CE;20;272;CANINDE;Acessar a via sem observar a presen�a dos outros ve�culos;Colis�o transversal;Com V�timas Feridas;Pleno dia;Decrescente;C�u Claro;Simples;Curva;N�o;3;0;0;2;1;0;2;2;-4,64165494;-39,38914084;SPRF-CE;DEL02-CE;UOP01-DEL02-CE;;;
656315;20/01/2025;segunda-feira;12:24:00;AC;364;271;SENA MADUREIRA;Demais falhas mec�nicas ou el�tricas;Inc�ndio;Sem V�timas;Pleno dia;Crescente;C�u Claro;Simples;Curva;N�o;2;0;0;0;1;2;0;3;-9,08315803;-68,65043101;SPRF-AC;DEL01-AC;UOP01-DEL01-AC;;;
656318;20/01/2025;segunda-feira;17:20:00;SP;116;140,2;SAO JOSE DOS CAMPOS;Condutor deixou de manter dist�ncia do ve�culo da frente;Colis�o traseira;Com V�timas Feridas;Pleno dia;Decrescente;C�u Claro;Dupla;Reta;N�o;4;0;2;0;1;1;2;2;-23,16577714;-45,81246193;SPRF-SP;DEL02-SP;UOP01-DEL02-SP;;;
656319;20/01/2025;segunda-feira;15:07:00;MG;381;700,8;LAVRAS;Velocidade Incompat�vel;Tombamento;Com V�timas Fatais;Pleno dia;Crescente;C�u Claro;Dupla;"Curva;Declive";N�o;5;1;2;0;1;1;2;3;-21,31137883;-45,16451703;SPRF-MG;DEL04-MG;UOP02-DEL04-MG;;;
656322;20/01/2025;segunda-feira;15:52:00;GO;364;67,5;CACHOEIRA ALTA;Aus�ncia de rea��o do condutor;Colis�o frontal;Com V�timas Feridas;Pleno dia;Crescente;C�u Claro;Simples;"Aclive;Reta";N�o;2;0;0;1;1;0;1;2;-18,67812;-50,983044;SPRF-GO;DEL05-GO;UOP02-DEL05-GO;;;
656327;20/01/2025;segunda-feira;13:30:00;SC;470;353,6;CAMPOS NOVOS;Rea��o tardia ou ineficiente do condutor;Tombamento;Com V�timas Feridas;Pleno dia;Crescente;C�u Claro;Simples;"Curva;Declive";N�o;2;0;1;0;0;1;1;2;-27,574747;-51,466583;SPRF-SC;DEL07-SC;UOP06-DEL07-SC;;;
656328;20/01/2025;segunda-feira;18:00:00;AL;316;155;PALMEIRA DOS INDIOS;Ingest�o de �lcool pelo condutor;Colis�o transversal;Com V�timas Feridas;Plena Noite;Decrescente;Ignorado;Simples;Reta;Sim;8;0;1;0;7;0;1;2;-9,42623278;-36,63304512;SPRF-AL;DEL03-AL;UOP01-DEL03-AL;;;
656333;20/01/2025;segunda-feira;17:40:00;BA;324;525;FEIRA DE SANTANA;Rea��o tardia ou ineficiente do condutor;Colis�o lateral mesmo sentido;Sem V�timas;Anoitecer;Decrescente;C�u Claro;Dupla;Reta;Sim;2;0;0;0;2;0;0;2;-12,30106981;-38,8977869;SPRF-BA;DEL01-BA;UOP03-DEL01-BA;;;
656335;20/01/2025;segunda-feira;17:00:00;MT;70;159;GENERAL CARNEIRO;Aus�ncia de rea��o do condutor;Tombamento;Com V�timas Feridas;Pleno dia;Crescente;C�u Claro;Simples;Reta;N�o;2;0;1;0;0;2;1;3;-15,57575008;-53,42308044;SPRF-MT;DEL05-MT;UOP01-DEL05-MT;;;
656343;20/01/2025;segunda-feira;17:50:00;ES;101;99,7;JAGUARE;Acesso irregular;Colis�o traseira;Com V�timas Feridas;Anoitecer;Crescente;C�u Claro;Simples;Reta;N�o;2;0;0;1;1;0;1;2;-18,97188909;-39,99152282;SPRF-ES;DEL04-ES;UOP02-DEL04-ES;;;
656351;20/01/2025;segunda-feira;18:30:00;RS;386;251,6;SOLEDADE;Condutor deixou de manter dist�ncia do ve�culo da frente;Colis�o traseira;Com V�timas Feridas;Pleno dia;Crescente;C�u Claro;Simples;"Declive;Reta;Em Obras";N�o;7;0;2;0;4;2;2;5;-28,830132;-52,460941;SPRF-RS;DEL04-RS;UOP03-DEL04-RS;;;
656354;20/01/2025;segunda-feira;17:50:00;RO;364;5;VILHENA;Transitar no Acostamento;Colis�o traseira;Com V�timas Feridas;Pleno dia;Decrescente;C�u Claro;Simples;Reta;Sim;2;0;0;1;1;0;1;2;-12,7863749;-60,0898697;SPRF-RO;DEL04-RO;UOP01-DEL04-RO;;;
656356;20/01/2025;segunda-feira;20:05:00;SC;282;56;RANCHO QUEIMADO;Transitar na contram�o;Colis�o frontal;Com V�timas Feridas;Plena Noite;Decrescente;Garoa/Chuvisco;Simples;Curva;N�o;8;0;0;1;6;1;1;4;-27,691633;-48,991375;SPRF-SC;DEL01-SC;UOP03-DEL01-SC;;;
656375;20/01/2025;segunda-feira;20:00:00;MG;381;526;BRUMADINHO;Pista Escorregadia;Colis�o traseira;Sem V�timas;Plena Noite;Crescente;Nublado;Dupla;Curva;N�o;5;0;0;0;3;3;0;6;-20,16175378;-44,34144636;SPRF-MG;DEL04-MG;UOP03-DEL04-MG;;;
656376;20/01/2025;segunda-feira;18:10:00;MT;163;602;NOVA MUTUM;Ultrapassagem Indevida;Sa�da de leito carro��vel;Com V�timas Fatais;Anoitecer;Crescente;Nublado;Simples;Reta;N�o;4;1;1;1;0;1;2;2;-13,89007603;-56,08964479;SPRF-MT;DEL01-MT;UOP01-DEL01-MT;;;
656381;20/01/2025;segunda-feira;16:30:00;RJ;101;13,4;CAMPOS DOS GOYTACAZES;Condutor deixou de manter dist�ncia do ve�culo da frente;Colis�o traseira;Com V�timas Feridas;Pleno dia;Decrescente;C�u Claro;Simples;Reta;N�o;4;0;2;1;1;0;3;2;-21,32422463;-41,3306571;SPRF-RJ;DEL08-RJ;UOP01-DEL08-RJ;;;
656383;20/01/2025;segunda-feira;22:45:00;PR;116;2;CAMPINA GRANDE DO SUL;Velocidade Incompat�vel;Tombamento;Com V�timas Feridas;Plena Noite;Decrescente;Nublado;Dupla;"Aclive;Curva";N�o;2;0;1;0;0;1;1;2;-25,06602975;-48,57857703;SPRF-PR;DEL01-PR;UOP02-DEL01-PR;;;
656386;21/01/2025;ter�a-feira;01:15:00;CE;116;468;MILAGRES;Condutor Dormindo;Colis�o traseira;Com V�timas Feridas;Plena Noite;Decrescente;Chuva;Simples;Reta;N�o;4;0;1;0;2;2;1;4;-7,23800231;-38,84377498;SPRF-CE;DEL05-CE;UOP03-DEL05-CE;;;
656387;21/01/2025;ter�a-feira;01:30:00;SC;282;46;AGUAS MORNAS;Condutor Dormindo;Colis�o frontal;Com V�timas Feridas;Plena Noite;Crescente;Nublado;Simples;"Curva;Declive";N�o;4;0;0;3;1;0;3;2;-27,721041;-48,925152;SPRF-SC;DEL01-SC;UOP03-DEL01-SC;;;
656390;21/01/2025;ter�a-feira;02:30:00;ES;101;309;VIANA;Velocidade Incompat�vel;Colis�o traseira;Com V�timas Feridas;Plena Noite;Crescente;C�u Claro;Dupla;Reta;N�o;4;0;0;1;2;3;1;6;-20,417;-40,45984911;SPRF-ES;DEL01-ES;UOP01-DEL01-ES;;;
656391;21/01/2025;ter�a-feira;01:00:00;RS;116;504;PELOTAS;Rea��o tardia ou ineficiente do condutor;Sa�da de leito carro��vel;Sem V�timas;Plena Noite;Decrescente;Chuva;Dupla;Reta;N�o;2;0;0;0;1;1;0;2;-31,58165781;-52,27291518;SPRF-RS;DEL07-RS;UOP01-DEL07-RS;;;
656394;21/01/2025;ter�a-feira;05:35:00;GO;153;501;GOIANIA;Rea��o tardia ou ineficiente do condutor;Colis�o transversal;Com V�timas Feridas;Amanhecer;Decrescente;C�u Claro;Dupla;Reta;Sim;2;0;1;0;1;0;1;2;-16,7189;-49,2382;SPRF-GO;DEL01-GO;UOP01-DEL01-GO;;;
656399;21/01/2025;ter�a-feira;04:15:00;AL;101;30;JOAQUIM GOMES;Velocidade Incompat�vel;Tombamento;Com V�timas Feridas;Amanhecer;Decrescente;C�u Claro;Simples;Curva;N�o;2;0;1;0;0;2;1;3;-9,0847746;-35,7468078;SPRF-AL;DEL01-AL;UOP02-DEL01-AL;;;
656400;21/01/2025;ter�a-feira;06:10:00;PR;376;651;TIJUCAS DO SUL;Velocidade Incompat�vel;Tombamento;Com V�timas Feridas;Amanhecer;Crescente;C�u Claro;Dupla;Curva;N�o;1;0;1;0;0;0;1;1;-25,845243;-49,078578;SPRF-PR;DEL01-PR;UOP04-DEL01-PR;;;
656406;21/01/2025;ter�a-feira;07:15:00;GO;60;393;RIO VERDE;Aus�ncia de sinaliza��o;Colis�o lateral mesmo sentido;Com V�timas Feridas;Pleno dia;Decrescente;C�u Claro;Dupla;"Curva;Declive";Sim;6;0;0;2;2;3;2;6;-17,8248;-50,9889;SPRF-GO;DEL04-GO;UOP02-DEL04-GO;;;
656412;21/01/2025;ter�a-feira;05:40:00;PR;277;247;IRATI;Condutor Dormindo;Sa�da de leito carro��vel;Sem V�timas;Amanhecer;Crescente;Nublado;Simples;"Aclive;Reta";N�o;1;0;0;0;1;0;0;1;-25,453166;-50,651406;SPRF-PR;DEL08-PR;UOP02-DEL08-PR;;;
656419;21/01/2025;ter�a-feira;06:10:00;BA;116;877;VITORIA DA CONQUISTA;Ultrapassagem Indevida;Colis�o frontal;Com V�timas Feridas;Pleno dia;Crescente;C�u Claro;Simples;Reta;N�o;2;0;1;0;1;0;1;2;-15,18537576;-41,0722304;SPRF-BA;DEL08-BA;UOP03-DEL08-BA;;;
656429;21/01/2025;ter�a-feira;08:00:00;GO;153;501,3;GOIANIA;Objeto est�tico sobre o leito carro��vel;Tombamento;Com V�timas Fatais;Pleno dia;Crescente;Sol;M�ltipla;Reta;Sim;4;1;0;0;1;3;0;5;-16,71340496;-49,23382197;SPRF-GO;DEL01-GO;UOP01-DEL01-GO;;;
656430;21/01/2025;ter�a-feira;08:22:00;RS;116;427;CRISTAL;Acessar a via sem observar a presen�a dos outros ve�culos;Colis�o transversal;Com V�timas Fatais;Pleno dia;Decrescente;C�u Claro;Simples;Reta;Sim;5;1;1;0;2;2;1;5;-30,99035;-52,038357;SPRF-RS;DEL02-RS;UOP02-DEL02-RS;;;
656440;17/01/2025;sexta-feira;22:00:00;BA;116;696;JEQUIE;Curva acentuada;Sa�da de leito carro��vel;Com V�timas Feridas;Plena Noite;Crescente;C�u Claro;Simples;Curva;N�o;2;0;0;1;0;1;1;2;-13,99324878;-40,17891829;SPRF-BA;DEL03-BA;UOP01-DEL03-BA;;;