id;data_inversa;dia_semana;horario;uf;br;km;municipio;causa_acidente;tipo_acidente;classificacao_acidente;fase_dia;sentido_via;condicao_metereologica;tipo_pista;tracado_via;uso_solo;pessoas;mortos;feridos_leves;feridos_graves;ilesos;ignorados;feridos;veiculos;latitude;longitude;regional;delegacia;uop;;;
656450;21/01/2025;ter�a-feira;07:50:00;PB;230;203;SOLEDADE;Aus�ncia de sinaliza��o;Tombamento;Com V�timas Feridas;Pleno dia;Crescente;C�u Claro;Simples;Aclive;N�o;4;0;1;0;1;2;1;3;-7,0962;-36,2621;SPRF-PB;DEL02-PB;UOP02-DEL02-PB;;;
656451;21/01/2025;ter�a-feira;11:15:00;RS;153;17,6;SEVERIANO DE ALMEIDA;Ultrapassagem Indevida;Colis�o frontal;Com V�timas Feridas;Pleno dia;Crescente;C�u Claro;Simples;Reta;N�o;2;0;0;1;1;0;1;2;-27,45084775;-52,08195625;SPRF-RS;DEL08-RS;UOP04-DEL08-RS;;;
656452;21/01/2025;ter�a-feira;10:15:00;PB;230;257,8;JUNCO DO SERIDO;Condutor deixou de manter dist�ncia do ve�culo da frente;Colis�o traseira;Com V�timas Feridas;Pleno dia;Crescente;Nublado;Simples;Reta;N�o;6;0;3;3;0;0;6;5;-7,0114;-36,6808;SPRF-PB;DEL03-PB;UOP01-DEL03-PB;;;
656453;21/01/2025;ter�a-feira;11:20:00;PB;230;153;CAMPINA GRANDE;Rea��o tardia ou ineficiente do condutor;Colis�o com objeto;Com V�timas Feridas;Pleno dia;Decrescente;Sol;Dupla;Reta;N�o;3;0;1;1;1;0;2;2;-7,2763;-35,8887;SPRF-PB;DEL02-PB;UOP01-DEL02-PB;;;
656454;21/01/2025;ter�a-feira;12:08:00;CE;116;18;EUSEBIO;Manobra de mudan�a de faixa;Colis�o lateral sentido oposto;Com V�timas Feridas;Pleno dia;Decrescente;C�u Claro;Dupla;Reta;Sim;3;0;2;0;1;0;2;2;-3,90496605;-38,50518756;SPRF-CE;DEL01-CE;UOP02-DEL01-CE;;;
656465;21/01/2025;ter�a-feira;13:25:00;PR;277;109,5;CURITIBA;Condutor deixou de manter dist�ncia do ve�culo da frente;Colis�o traseira;Com V�timas Feridas;Pleno dia;Decrescente;Sol;Dupla;"Aclive;Reta";N�o;4;0;1;0;2;1;1;3;-25,42708838;-49,38419938;SPRF-PR;DEL03-PR;UOP03-DEL03-PR;;;
656470;21/01/2025;ter�a-feira;11:50:00;PR;476;28;ADRIANOPOLIS;Curva acentuada;Colis�o lateral sentido oposto;Com V�timas Feridas;Pleno dia;Crescente;C�u Claro;Simples;"Curva;Declive";N�o;3;0;1;0;1;3;1;5;-24,80075998;-49,03936386;SPRF-PR;DEL01-PR;UOP01-DEL01-PR;;;
656484;21/01/2025;ter�a-feira;15:00:00;PE;101;60;RECIFE;Acessar a via sem observar a presen�a dos outros ve�culos;Colis�o transversal;Com V�timas Feridas;Pleno dia;Decrescente;C�u Claro;M�ltipla;Reta;Sim;2;0;1;0;1;0;1;2;-7,98344307;-34,93176727;SPRF-PE;DEL01-PE;UOP02-DEL01-PE;;;
656486;21/01/2025;ter�a-feira;15:35:00;RJ;116;186;NOVA IGUACU;Rea��o tardia ou ineficiente do condutor;Colis�o lateral mesmo sentido;Com V�timas Feridas;Pleno dia;Decrescente;C�u Claro;Dupla;Reta;N�o;3;0;0;1;1;1;1;3;-22,73962339;-43,46276495;SPRF-RJ;DEL06-RJ;UOP01-DEL06-RJ;;;
656496;21/01/2025;ter�a-feira;15:05:00;PR;277;573,9;CASCAVEL;Aus�ncia de rea��o do condutor;Colis�o traseira;Com V�timas Feridas;Pleno dia;Crescente;Nublado;Simples;Reta;N�o;5;0;3;0;1;3;3;6;-24,99847694;-53,29667191;SPRF-PR;DEL04-PR;UOP01-DEL04-PR;;;
656498;21/01/2025;ter�a-feira;16:45:00;MG;40;627;CONSELHEIRO LAFAIETE;Demais falhas mec�nicas ou el�tricas;Inc�ndio;Sem V�timas;Pleno dia;Crescente;C�u Claro;Simples;Reta;Sim;1;0;0;0;1;0;0;1;-20,63591993;-43,81353421;SPRF-MG;DEL05-MG;UOP02-DEL05-MG;;;
656503;21/01/2025;ter�a-feira;15:20:00;MT;70;671,2;CACERES;Transitar na contram�o;Colis�o frontal;Com V�timas Fatais;Pleno dia;Crescente;Nublado;Simples;Reta;N�o;3;1;0;0;1;1;0;3;-16,055449;-57,26798899;SPRF-MT;DEL03-MT;UOP02-DEL03-MT;;;
656507;21/01/2025;ter�a-feira;16:30:00;PE;232;69;GRAVATA;Rea��o tardia ou ineficiente do condutor;Colis�o traseira;Com V�timas Feridas;Pleno dia;Crescente;C�u Claro;Dupla;"Aclive;Reta";N�o;3;0;1;0;1;2;1;4;-8,17240309;-35,47993595;SPRF-PE;DEL02-PE;UOP02-DEL02PE;;;
656511;21/01/2025;ter�a-feira;16:20:00;PR;163;324;TERRA ROXA;Ultrapassagem Indevida;Colis�o lateral mesmo sentido;Com V�timas Feridas;Pleno dia;Decrescente;C�u Claro;Simples;"Declive;Reta";N�o;3;0;1;0;1;2;1;4;-24,30956598;-54,1588218;SPRF-PR;DEL06-PR;UOP01-DEL06-PR;;;
656513;21/01/2025;ter�a-feira;14:30:00;SC;470;145;RIO DO SUL;Acessar a via sem observar a presen�a dos outros ve�culos;Colis�o transversal;Com V�timas Feridas;Pleno dia;Crescente;C�u Claro;Dupla;"Interse��o de Vias;Reta";Sim;3;0;0;1;1;1;1;3;-27,237301;-49,682217;SPRF-SC;DEL04-SC;UOP02-DEL04-SC;;;
656515;21/01/2025;ter�a-feira;15:55:00;RS;386;408;TRIUNFO;Rea��o tardia ou ineficiente do condutor;Tombamento;Com V�timas Feridas;Pleno dia;Decrescente;C�u Claro;Simples;Reta;N�o;2;0;1;0;0;1;1;2;-29,791815;-51,535404;SPRF-RS;DEL04-RS;UOP02-DEL04-RS;;;
656521;21/01/2025;ter�a-feira;17:00:00;SC;282;236,5;LAGES;Rea��o tardia ou ineficiente do condutor;Colis�o lateral sentido oposto;Sem V�timas;Pleno dia;Crescente;C�u Claro;Simples;Reta;N�o;2;0;0;0;2;0;0;2;-27,787489;-50,482494;SPRF-SC;DEL05-SC;UOP02-DEL05-SC;;;
656523;21/01/2025;ter�a-feira;15:10:00;PR;153;30,8;SANTO ANTONIO DA PLATINA;Condutor Dormindo;Colis�o frontal;Com V�timas Feridas;Pleno dia;Decrescente;Nublado;Simples;"Reta;Declive";N�o;2;0;0;1;1;0;1;2;-23,21816767;-50,01161417;SPRF-PR;DEL07-PR;UOP04-DEL07-PR;;;
656524;21/01/2025;ter�a-feira;15:30:00;SC;153;111,1;CONCORDIA;Acessar a via sem observar a presen�a dos outros ve�culos;Colis�o transversal;Com V�timas Feridas;Pleno dia;Decrescente;C�u Claro;Simples;"Interse��o de Vias;Reta";N�o;4;0;1;0;2;1;1;3;-27,319271;-51,983299;SPRF-SC;DEL07-SC;UOP04-DEL07-SC;;;
656526;21/01/2025;ter�a-feira;17:33:00;MG;40;476;SETE LAGOAS;Carga excessiva e/ou mal acondicionada;Tombamento;Com V�timas Feridas;Pleno dia;Crescente;C�u Claro;Dupla;"Reta;Declive";N�o;1;0;1;0;0;0;1;1;-19,51363098;-44,27021397;SPRF-MG;DEL02-MG;UOP01-DEL02-MG;;;
656528;21/01/2025;ter�a-feira;17:30:00;SC;153;91,7;CONCORDIA;Transitar na contram�o;Colis�o lateral sentido oposto;Sem V�timas;Pleno dia;Decrescente;Sol;Simples;Reta;Sim;2;0;0;0;1;1;0;2;-27,183498;-51,922295;SPRF-SC;DEL07-SC;UOP04-DEL07-SC;;;
656530;21/01/2025;ter�a-feira;15:00:00;SC;470;198,5;PONTE ALTA;Condutor Dormindo;Colis�o lateral sentido oposto;Com V�timas Feridas;Pleno dia;Decrescente;C�u Claro;Simples;"Aclive;Curva";N�o;5;0;0;1;3;3;1;7;-27,309549;-50,118202;SPRF-SC;DEL05-SC;UOP03-DEL05-SC;;;
656542;21/01/2025;ter�a-feira;19:00:00;SP;381;79;SAO PAULO;Velocidade Incompat�vel;Capotamento;Com V�timas Feridas;Plena Noite;Crescente;Nublado;Dupla;"Curva;Declive";Sim;4;0;2;0;1;1;2;3;-23,40319901;-46,57564699;SPRF-SP;DEL03-SP;UOP01-DEL03-SP;;;
656543;21/01/2025;ter�a-feira;19:30:00;PR;116;112,7;CURITIBA;Trafegar com motocicleta (ou similar) entre as faixas;Colis�o lateral mesmo sentido;Com V�timas Feridas;Plena Noite;Decrescente;Nublado;M�ltipla;Reta;Sim;3;0;1;0;1;1;1;3;-25,56730763;-49,23706792;SPRF-PR;DEL01-PR;UOP03-DEL01-PR;;;
656552;21/01/2025;ter�a-feira;17:43:00;MG;116;549,3;SANTA BARBARA DO LESTE;Rea��o tardia ou ineficiente do condutor;Colis�o traseira;Com V�timas Feridas;Anoitecer;Decrescente;Nublado;Simples;Reta;N�o;2;0;0;1;1;0;1;2;-19,960735;-42,13329299;SPRF-MG;DEL06-MG;UOP02-DEL06-MG;;;
656563;21/01/2025;ter�a-feira;22:15:00;GO;60;71;ABADIANIA;Aus�ncia de rea��o do condutor;Colis�o traseira;Com V�timas Feridas;Plena Noite;Crescente;C�u Claro;Dupla;Aclive;N�o;3;0;0;1;1;1;1;3;-16,2551;-48,7628;SPRF-GO;DEL02-GO;UOP01-DEL02-GO;;;
656567;21/01/2025;ter�a-feira;20:30:00;PR;376;535;PALMEIRA;Condutor Dormindo;Sa�da de leito carro��vel;Com V�timas Feridas;Plena Noite;Crescente;C�u Claro;Dupla;Reta;N�o;3;0;1;0;1;2;1;4;-25,38045417;-49,80922117;SPRF-PR;DEL03-PR;UOP03-DEL03-PR;;;
656576;21/01/2025;ter�a-feira;20:10:00;MG;365;386,7;PATOS DE MINAS;Pedestre - Ingest�o de �lcool/ subst�ncias psicoativas;Atropelamento de Pedestre;Com V�timas Fatais;Plena Noite;Crescente;Nublado;Simples;"Aclive;Reta";N�o;2;1;0;0;0;1;0;2;-18,60051001;-46,28239399;SPRF-MG;DEL10-MG;UOP01-DEL10-MG;;;
656579;22/01/2025;quarta-feira;01:30:00;MG;262;539;LUZ;Velocidade Incompat�vel;Tombamento;Com V�timas Feridas;Plena Noite;Crescente;Nublado;Simples;Curva;N�o;2;0;0;1;0;1;1;2;-19,74624261;-45,82727909;SPRF-MG;DEL08-MG;UOP02-DEL08-MG;;;
656584;22/01/2025;quarta-feira;00:05:00;MG;365;31,5;MONTES CLAROS;Aus�ncia de rea��o do condutor;Colis�o traseira;Com V�timas Feridas;Plena Noite;Decrescente;Nublado;Simples;Reta;N�o;3;0;2;0;0;1;2;2;-16,85025469;-44,11000723;SPRF-MG;DEL12-MG;UOP01-DEL12-MG;;;
656588;22/01/2025;quarta-feira;03:50:00;SP;116;414;JUQUIA;Acessar a via sem observar a presen�a dos outros ve�culos;Colis�o transversal;Com V�timas Feridas;Plena Noite;Crescente;C�u Claro;Dupla;Reta;Sim;3;0;0;1;0;2;1;2;-24,33164;-47,632774;SPRF-SP;DEL05-SP;UOP01-DEL05-SP;;;
656590;22/01/2025;quarta-feira;05:30:00;PE;232;44;VITORIA DE SANTO ANTAO;Chuva;Tombamento;Com V�timas Feridas;Pleno dia;Crescente;Garoa/Chuvisco;Dupla;Reta;N�o;1;0;1;0;0;0;1;1;-8,12337542;-35,27098583;SPRF-PE;DEL01-PE;UOP01-DEL01-PE;;;
656600;22/01/2025;quarta-feira;06:50:00;MG;381;361;JOAO MONLEVADE;Transitar na contram�o;Colis�o frontal;Com V�timas Fatais;Amanhecer;Decrescente;Sol;Simples;Curva;Sim;6;3;0;0;1;3;0;5;-19,85881293;-43,234108;SPRF-MG;DEL03-MG;UOP01-DEL03-MG;;;
656601;22/01/2025;quarta-feira;05:10:00;GO;153;620;MORRINHOS;Velocidade Incompat�vel;Colis�o traseira;Com V�timas Feridas;Plena Noite;Decrescente;Ignorado;Dupla;"Reta;Aclive";N�o;6;0;2;2;1;5;4;7;-17,7218;-49,1547;SPRF-GO;DEL03-GO;UOP01-DEL03-GO;;;
656606;22/01/2025;quarta-feira;06:50:00;MG;50;28,5;ARAGUARI;Velocidade Incompat�vel;Tombamento;Com V�timas Feridas;Pleno dia;Decrescente;C�u Claro;Dupla;"Curva;Declive";N�o;3;0;0;1;1;2;1;4;-18,61851284;-48,1028889;SPRF-MG;DEL15-MG;UOP02-DEL15-MG;;;
656608;22/01/2025;quarta-feira;02:45:00;SC;282;451,8;PONTE SERRADA;Velocidade Incompat�vel;Colis�o com objeto;Com V�timas Feridas;Plena Noite;Crescente;C�u Claro;Simples;Curva;N�o;2;0;0;1;0;1;1;2;-26,920655;-51,953208;SPRF-SC;DEL07-SC;UOP04-DEL07-SC;;;
656612;22/01/2025;quarta-feira;08:00:00;GO;60;385;RIO VERDE;Ultrapassagem Indevida;Queda de ocupante de ve�culo;Com V�timas Feridas;Pleno dia;Crescente;C�u Claro;Dupla;Declive;Sim;2;0;1;0;0;1;1;2;-17,7964;-50,914;SPRF-GO;DEL04-GO;UOP02-DEL04-GO;;;
656615;18/01/2025;s�bado;23:07:00;RJ;40;94;PETROPOLIS;Demais falhas mec�nicas ou el�tricas;Colis�o com objeto;Com V�timas Feridas;Plena Noite;Crescente;C�u Claro;Dupla;"Curva;Declive";Sim;1;0;1;0;0;0;1;1;-22,55763285;-43,26574352;SPRF-RJ;DEL01-RJ;UOP01-DEL01-RJ;;;
656620;22/01/2025;quarta-feira;06:45:00;SC;101;117,3;ITAJAI;Demais falhas mec�nicas ou el�tricas;Inc�ndio;Sem V�timas;Pleno dia;Decrescente;Sol;M�ltipla;"Reta;Viaduto";Sim;2;0;0;0;1;2;0;3;-26,88747187;-48,72252969;SPRF-SC;DEL04-SC;UOP04-DEL04-SC;;;
656622;22/01/2025;quarta-feira;08:10:00;MG;40;38,8;PARACATU;Condutor deixou de manter dist�ncia do ve�culo da frente;Colis�o traseira;Com V�timas Feridas;Pleno dia;Decrescente;C�u Claro;Simples;Reta;Sim;3;0;1;0;2;0;1;3;-17,21050388;-46,89942099;SPRF-MG;DEL14-MG;UOP01-DEL14-MG;;;
656624;22/01/2025;quarta-feira;08:00:00;RS;290;204,5;PANTANO GRANDE;Condutor Dormindo;Colis�o traseira;Com V�timas Feridas;Pleno dia;Crescente;C�u Claro;Simples;"Reta;Em Obras";N�o;2;0;1;0;1;0;1;2;-30,174364;-52,258057;SPRF-RS;DEL02-RS;UOP03-DEL02-RS;;;
656625;22/01/2025;quarta-feira;08:20:00;RJ;465;2,4;SEROPEDICA;Convers�o proibida;Colis�o lateral mesmo sentido;Com V�timas Feridas;Pleno dia;Decrescente;C�u Claro;Simples;Reta;N�o;2;0;1;0;1;0;1;2;-22,727266;-43,718712;SPRF-RJ;DEL06-RJ;UOP02-DEL06-RJ;;;
656629;22/01/2025;quarta-feira;09:43:00;SC;470;133,5;RIO DO SUL;Convers�o proibida;Colis�o transversal;Com V�timas Feridas;Pleno dia;Crescente;C�u Claro;Simples;Reta;N�o;2;0;0;1;1;0;1;2;-27,1770418;-49,59312201;SPRF-SC;DEL04-SC;UOP02-DEL04-SC;;;
656633;22/01/2025;quarta-feira;06:30:00;MG;116;555,2;MANHUACU;Rea��o tardia ou ineficiente do condutor;Tombamento;Com V�timas Feridas;Pleno dia;Crescente;C�u Claro;Simples;"Curva;Declive";N�o;2;0;0;1;0;1;1;2;-20,00911074;-42,14328403;SPRF-MG;DEL06-MG;UOP02-DEL06-MG;;;
656644;22/01/2025;quarta-feira;09:30:00;CE;116;97;MORADA NOVA;Demais falhas mec�nicas ou el�tricas;Colis�o com objeto;Sem V�timas;Pleno dia;Crescente;Nublado;Simples;Reta;N�o;3;0;0;0;2;2;0;4;-4,51448052;-38,34346321;SPRF-CE;DEL01-CE;UOP04-DEL01-CE;;;
656645;22/01/2025;quarta-feira;11:00:00;RS;290;583;ALEGRETE;Velocidade Incompat�vel;Tombamento;Com V�timas Feridas;Pleno dia;Crescente;C�u Claro;Simples;"Interse��o de Vias;Rotat�ria";Sim;1;0;1;0;0;0;1;1;-29,813101;-55,806679;SPRF-RS;DEL13-RS;UOP02-DEL13-RS;;;
656647;22/01/2025;quarta-feira;11:20:00;BA;242;874;BARREIRAS;Transitar na contram�o;Colis�o frontal;Com V�timas Fatais;Pleno dia;Crescente;C�u Claro;Simples;Reta;N�o;2;1;0;0;1;0;0;2;-12,07674923;-45,50620103;SPRF-BA;DEL10-BA;UOP01-DEL10-BA;;;
656655;22/01/2025;quarta-feira;11:20:00;SC;101;389,1;CRICIUMA;Rea��o tardia ou ineficiente do condutor;Colis�o traseira;Com V�timas Feridas;Pleno dia;Crescente;C�u Claro;Dupla;Reta;Sim;3;0;0;1;1;8;1;10;-28,8026668;-49,36745167;SPRF-SC;DEL02-SC;UOP02-DEL02-SC;;;
656657;22/01/2025;quarta-feira;08:30:00;GO;452;75,5;MAURILANDIA;Condutor Dormindo;Colis�o lateral sentido oposto;Com V�timas Feridas;Pleno dia;Crescente;C�u Claro;Simples;Reta;N�o;4;0;0;2;1;4;2;7;-18,04547914;-50,25746004;SPRF-GO;DEL04-GO;UOP01-DEL04-GO;;;
656658;22/01/2025;quarta-feira;09:13:00;SP;116;125,2;CACAPAVA;Problema com o freio;Colis�o com objeto;Com V�timas Feridas;Pleno dia;Crescente;Sol;Dupla;"Reta;Declive";N�o;3;0;1;0;0;3;1;4;-23,09872598;-45,68608201;SPRF-SP;DEL02-SP;UOP02-DEL02-SP;;;
656664;22/01/2025;quarta-feira;12:00:00;MA;316;617;TIMON;Acessar a via sem observar a presen�a dos outros ve�culos;Colis�o lateral mesmo sentido;Sem V�timas;Pleno dia;Decrescente;C�u Claro;Simples;"Interse��o de Vias;Reta";Sim;3;0;0;0;2;1;0;3;-5,102445;-42,829098;SPRF-MA;DEL03-MA;UOP02-DEL03-MA;;;
656670;22/01/2025;quarta-feira;12:30:00;MG;40;22,7;PARACATU;Rea��o tardia ou ineficiente do condutor;Sa�da de leito carro��vel;Com V�timas Feridas;Pleno dia;Crescente;C�u Claro;Simples;"Reta;Declive";N�o;3;0;2;0;0;1;2;2;-17,113941;-46,992677;SPRF-MG;DEL14-MG;UOP01-DEL14-MG;;;
656672;22/01/2025;quarta-feira;12:05:00;MT;163;720;SORRISO;Manobra de mudan�a de faixa;Colis�o lateral sentido oposto;Com V�timas Feridas;Pleno dia;Crescente;C�u Claro;Simples;Reta;N�o;8;0;4;1;2;3;5;6;-12,810135;-55,8302;SPRF-MT;DEL06-MT;UOP01-DEL06-MT;;;
656676;22/01/2025;quarta-feira;15:00:00;CE;222;152;IRAUCUBA;Aus�ncia de rea��o do condutor;Colis�o com objeto;Com V�timas Fatais;Pleno dia;Crescente;Sol;Simples;Reta;N�o;3;1;0;0;1;3;0;5;-3,73891788;-39,80610692;SPRF-CE;DEL04-CE;UOP03-DEL04-CE;;;
656677;22/01/2025;quarta-feira;13:30:00;BA;116;704;MANOEL VITORINO;Rea��o tardia ou ineficiente do condutor;Colis�o traseira;Com V�timas Fatais;Pleno dia;Decrescente;Chuva;Simples;Reta;N�o;3;1;0;0;1;2;0;4;-14,06331897;-40,20550622;SPRF-BA;DEL03-BA;UOP01-DEL03-BA;;;
656679;22/01/2025;quarta-feira;15:57:00;RJ;101;81;CAMPOS DOS GOYTACAZES;Transitar na contram�o;Colis�o lateral sentido oposto;Com V�timas Feridas;Pleno dia;Decrescente;C�u Claro;Dupla;Reta;N�o;6;0;4;0;1;2;4;5;-21,83221147;-41,44729712;SPRF-RJ;DEL08-RJ;UOP02-DEL08-RJ;;;
656680;22/01/2025;quarta-feira;13:30:00;GO;60;420;RIO VERDE;Ingest�o de subst�ncias psicoativas pelo condutor;Colis�o lateral mesmo sentido;Com V�timas Feridas;Pleno dia;Crescente;Sol;Dupla;Curva;N�o;3;0;1;0;1;1;1;3;-17,82191552;-51,25396729;SPRF-GO;DEL04-GO;UOP02-DEL04-GO;;;
656687;22/01/2025;quarta-feira;16:00:00;PR;277;156;PALMEIRA;Rea��o tardia ou ineficiente do condutor;Colis�o traseira;Com V�timas Feridas;Pleno dia;Crescente;C�u Claro;Simples;"Aclive;Reta";N�o;6;0;1;0;4;1;1;2;-25,47298;-49,82104;SPRF-PR;DEL03-PR;UOP03-DEL03-PR;;;
656691;22/01/2025;quarta-feira;11:25:00;MT;163;897;CLAUDIA;Rea��o tardia ou ineficiente do condutor;Colis�o traseira;Com V�timas Feridas;Pleno dia;Crescente;Nublado;M�ltipla;Reta;N�o;4;0;1;0;2;1;1;3;-11,339;-55,331;SPRF-MT;DEL06-MT;UOP02-DEL06-MT;;;
656692;22/01/2025;quarta-feira;15:51:00;MG;381;942;EXTREMA;Rea��o tardia ou ineficiente do condutor;Colis�o lateral mesmo sentido;Com V�timas Feridas;Pleno dia;Crescente;Nublado;Dupla;"Interse��o de Vias;Curva";N�o;2;0;1;0;1;0;1;2;-22,86605937;-46,34940386;SPRF-MG;DEL16-MG;UOP03-DEL16-MG;;;
656693;22/01/2025;quarta-feira;17:15:00;BA;324;609;SIMOES FILHO;Condutor deixou de manter dist�ncia do ve�culo da frente;Engavetamento;Com V�timas Feridas;Pleno dia;Decrescente;C�u Claro;Dupla;Reta;Sim;14;0;11;0;3;0;11;3;-12,838656;-38,414324;SPRF-BA;DEL01-BA;UOP01-DEL01-BA;;;
656706;22/01/2025;quarta-feira;17:30:00;SC;101;327;CAPIVARI DE BAIXO;Rea��o tardia ou ineficiente do condutor;Tombamento;Com V�timas Feridas;Pleno dia;Decrescente;C�u Claro;Dupla;Reta;Sim;3;0;1;0;1;1;1;3;-28,4322229;-48,95524979;SPRF-SC;DEL02-SC;UOP01-DEL02-SC;;;
656707;22/01/2025;quarta-feira;16:58:00;PR;116;42,1;CAMPINA GRANDE DO SUL;Curva acentuada;Colis�o com objeto;Com V�timas Feridas;Pleno dia;Crescente;Chuva;Dupla;"Reta;Ponte";N�o;1;0;1;0;0;0;1;1;-25,17611697;-48,874256;SPRF-PR;DEL01-PR;UOP02-DEL01-PR;;;
656710;22/01/2025;quarta-feira;16:20:00;RS;158;193,7;CRUZ ALTA;Demais falhas mec�nicas ou el�tricas;Eventos at�picos;Com V�timas Fatais;Pleno dia;Crescente;C�u Claro;Simples;"Reta;Declive";N�o;2;1;0;0;0;2;0;3;-28,63924139;-53,57206643;SPRF-RS;DEL10-RS;UOP02-DEL10-RS;;;
656711;22/01/2025;quarta-feira;17:30:00;AL;104;90;RIO LARGO;Avarias e/ou desgaste excessivo no pneu;Engavetamento;Com V�timas Feridas;Anoitecer;Crescente;C�u Claro;Dupla;Reta;Sim;10;0;2;0;8;0;2;6;-9,50898856;-35,80777135;SPRF-AL;DEL01-AL;UOP01-DEL01-AL;;;
656720;22/01/2025;quarta-feira;16:50:00;MG;262;43,5;MANHUACU;Condutor deixou de manter dist�ncia do ve�culo da frente;Colis�o traseira;Com V�timas Feridas;Pleno dia;Decrescente;Chuva;Simples;"Reta;Declive";N�o;4;0;1;0;3;0;1;2;-20,26409492;-42,07800593;SPRF-MG;DEL06-MG;UOP03-DEL06-MG;;;
656723;22/01/2025;quarta-feira;18:30:00;MG;40;468;SETE LAGOAS;Chuva;Sa�da de leito carro��vel;Com V�timas Feridas;Plena Noite;Decrescente;Chuva;Dupla;"Declive;Reta";Sim;1;0;1;0;0;0;1;1;-19,45630182;-44,30941888;SPRF-MG;DEL02-MG;UOP01-DEL02-MG;;;
656728;22/01/2025;quarta-feira;18:30:00;GO;153;574,9;PROFESSOR JAMIL;Rea��o tardia ou ineficiente do condutor;Sa�da de leito carro��vel;Com V�timas Feridas;Anoitecer;Decrescente;Chuva;Dupla;Curva;N�o;2;0;1;0;0;1;1;2;-17,3387;-49,2399;SPRF-GO;DEL03-GO;UOP01-DEL03-GO;;;
656737;22/01/2025;quarta-feira;19:30:00;CE;116;41;HORIZONTE;Entrada inopinada do pedestre;Colis�o transversal;Sem V�timas;Plena Noite;Decrescente;C�u Claro;Dupla;Reta;Sim;2;0;0;0;1;1;0;2;-4,1024351;-38,50001011;SPRF-CE;DEL01-CE;UOP02-DEL01-CE;;;
656739;22/01/2025;quarta-feira;18:15:00;SC;101;85,1;BARRA VELHA;Velocidade Incompat�vel;Colis�o transversal;Sem V�timas;Pleno dia;Crescente;C�u Claro;Simples;"Reta;Interse��o de Vias";N�o;3;0;0;0;2;1;0;3;-26,63288885;-48,70235503;SPRF-SC;DEL03-SC;UOP02-DEL03-SC;;;
656741;22/01/2025;quarta-feira;15:40:00;MT;70;507,8;CUIABA;Condutor deixou de manter dist�ncia do ve�culo da frente;Colis�o traseira;Com V�timas Feridas;Pleno dia;Crescente;C�u Claro;Simples;"Em Obras;Reta;Declive";N�o;3;0;1;0;1;3;1;5;-15,700802;-56,079807;SPRF-MT;DEL01-MT;UOP02-DEL01-MT;;;
656749;22/01/2025;quarta-feira;21:30:00;SC;101;138;BALNEARIO CAMBORIU;Condutor deixou de manter dist�ncia do ve�culo da frente;Colis�o traseira;Com V�timas Feridas;Plena Noite;Crescente;C�u Claro;Dupla;Reta;Sim;2;0;1;0;0;1;1;2;-27,02397426;-48,60761649;SPRF-SC;DEL04-SC;UOP03-DEL04-SC;;;
656750;22/01/2025;quarta-feira;18:40:00;RJ;116;272;BARRA MANSA;Condutor deixou de manter dist�ncia do ve�culo da frente;Colis�o traseira;Com V�timas Feridas;Plena Noite;Decrescente;C�u Claro;Dupla;"Reta;Em Obras";N�o;2;0;1;0;1;0;1;2;-22,55606865;-44,13021704;SPRF-RJ;DEL07-RJ;UOP02-DEL07-RJ;;;
656758;22/01/2025;quarta-feira;16:00:00;BA;110;375;CATU;Velocidade Incompat�vel;Tombamento;Com V�timas Feridas;Pleno dia;Decrescente;C�u Claro;Simples;"Aclive;Curva";N�o;2;0;1;0;0;1;1;2;-12,41306752;-38,4670231;SPRF-BA;DEL01-BA;UOP01-DEL01-BA;;;
656763;23/01/2025;quinta-feira;01:30:00;PR;277;124;CAMPO LARGO;Rea��o tardia ou ineficiente do condutor;Colis�o com objeto;Com V�timas Feridas;Plena Noite;Crescente;Nublado;Dupla;Reta;N�o;2;0;1;0;1;0;1;2;-25,435;-49,5239;SPRF-PR;DEL03-PR;UOP03-DEL03-PR;;;
656768;23/01/2025;quinta-feira;00:25:00;MG;262;575,5;CORREGO DANTA;Condutor Dormindo;Tombamento;Com V�timas Feridas;Plena Noite;Decrescente;C�u Claro;Simples;Curva;N�o;2;0;1;0;0;1;1;2;-19,69297478;-46,03637682;SPRF-MG;DEL08-MG;UOP02-DEL08-MG;;;
656771;22/01/2025;quarta-feira;20:50:00;BA;324;562;SAO SEBASTIAO DO PASSE;Avarias e/ou desgaste excessivo no pneu;Tombamento;Sem V�timas;Plena Noite;Decrescente;C�u Claro;Simples;Reta;N�o;2;0;0;0;1;1;0;2;-12,503202;-38,639217;SPRF-BA;DEL01-BA;UOP01-DEL01-BA;;;
656773;23/01/2025;quinta-feira;05:00:00;PR;116;133;FAZENDA RIO GRANDE;Rea��o tardia ou ineficiente do condutor;Colis�o traseira;Com V�timas Feridas;Amanhecer;Decrescente;Nevoeiro/Neblina;Dupla;"Reta;Aclive";Sim;3;0;1;0;1;1;1;3;-25,704212;-49,319861;SPRF-PR;DEL01-PR;UOP03-DEL01-PR;;;
656774;22/01/2025;quarta-feira;14:05:00;MG;365;25,3;MONTES CLAROS;Velocidade Incompat�vel;Colis�o frontal;Com V�timas Feridas;Pleno dia;Decrescente;Chuva;Simples;"Reta;Declive";N�o;52;0;41;8;1;2;49;4;-16,8557147;-44,06141289;SPRF-MG;DEL12-MG;UOP01-DEL12-MG;;;