id;data_inversa;dia_semana;horario;uf;br;km;municipio;causa_acidente;tipo_acidente;classificacao_acidente;fase_dia;sentido_via;condicao_metereologica;tipo_pista;tracado_via;uso_solo;pessoas;mortos;feridos_leves;feridos_graves;ilesos;ignorados;feridos;veiculos;latitude;longitude;regional;delegacia;uop;;;
656783;23/01/2025;quinta-feira;06:45:00;GO;364;259;JATAI;Velocidade Incompat�vel;Sa�da de leito carro��vel;Com V�timas Feridas;Amanhecer;Crescente;Chuva;Simples;Curva;N�o;5;0;3;0;1;3;3;4;-17,673866;-52,216778;SPRF-GO;DEL05-GO;UOP01-DEL05-GO;;;
656792;23/01/2025;quinta-feira;07:15:00;PR;376;628;SAO JOSE DOS PINHAIS;Manobra de mudan�a de faixa;Colis�o lateral mesmo sentido;Sem V�timas;Pleno dia;Decrescente;C�u Claro;Dupla;Reta;N�o;2;0;0;0;2;0;0;2;-25,67832409;-49,14963231;SPRF-PR;DEL01-PR;UOP04-DEL01-PR;;;
656799;23/01/2025;quinta-feira;02:40:00;MS;262;618,9;MIRANDA;Condutor Dormindo;Tombamento;Com V�timas Feridas;Plena Noite;Crescente;C�u Claro;Simples;Reta;N�o;2;0;1;0;0;1;1;2;-19,96733704;-56,83601909;SPRF-MS;DEL03-MS;UOP02-DEL03-MS;;;
656804;23/01/2025;quinta-feira;08:50:00;PR;116;111;CURITIBA;Aus�ncia de rea��o do condutor;Colis�o traseira;Com V�timas Feridas;Pleno dia;Decrescente;C�u Claro;Dupla;Reta;N�o;2;0;0;1;1;0;1;2;-25,5575675;-49,2703943;SPRF-PR;DEL01-PR;UOP03-DEL01-PR;;;
656814;23/01/2025;quinta-feira;06:15:00;RS;287;369,4;SANTIAGO;Velocidade Incompat�vel;Tombamento;Com V�timas Feridas;Amanhecer;Crescente;C�u Claro;Simples;"Aclive;Curva";N�o;2;0;1;0;0;1;1;2;-29,38874098;-54,74526309;SPRF-RS;DEL12-RS;UOP02-DEL12-RS;;;
656815;23/01/2025;quinta-feira;09:45:00;MG;381;924;CAMANDUCAIA;Velocidade Incompat�vel;Tombamento;Com V�timas Feridas;Pleno dia;Decrescente;C�u Claro;Dupla;Curva;N�o;2;0;1;0;0;1;1;2;-22,77050246;-46,23490598;SPRF-MG;DEL16-MG;UOP03-DEL16-MG;;;
656818;23/01/2025;quinta-feira;08:40:00;MT;70;511;CUIABA;Aus�ncia de rea��o do condutor;Colis�o traseira;Com V�timas Feridas;Pleno dia;Crescente;C�u Claro;Simples;Reta;N�o;2;0;1;0;1;0;1;2;-15,65051022;-55,99823809;SPRF-MT;DEL01-MT;UOP02-DEL01-MT;;;
656821;23/01/2025;quinta-feira;10:00:00;SP;116;64;GUARATINGUETA;Acessar a via sem observar a presen�a dos outros ve�culos;Colis�o transversal;Com V�timas Feridas;Pleno dia;Crescente;C�u Claro;Dupla;Reta;Sim;3;0;1;0;1;1;1;3;-22,81942006;-45,18421298;SPRF-SP;DEL08-SP;UOP01-DEL08-SP;;;
656823;23/01/2025;quinta-feira;10:20:00;SC;280;55,5;GUARAMIRIM;Acessar a via sem observar a presen�a dos outros ve�culos;Colis�o transversal;Com V�timas Feridas;Pleno dia;Crescente;C�u Claro;Dupla;"Interse��o de Vias;Rotat�ria";Sim;2;0;1;0;1;0;1;2;-26,47584353;-48,9937858;SPRF-SC;DEL03-SC;UOP03-DEL03-SC;;;
656826;15/01/2025;quarta-feira;13:27:00;MS;163;530;JARAGUARI;Rea��o tardia ou ineficiente do condutor;Tombamento;Com V�timas Feridas;Pleno dia;Crescente;C�u Claro;Simples;Reta;N�o;2;0;1;0;0;1;1;2;-20,08519991;-54,43235422;SPRF-MS;DEL01-MS;UOP02-DEL01-MS;;;
656828;23/01/2025;quinta-feira;11:10:00;RS;116;37;VACARIA;Acessar a via sem observar a presen�a dos outros ve�culos;Colis�o transversal;Com V�timas Feridas;Pleno dia;Decrescente;C�u Claro;Simples;"Reta;Rotat�ria";Sim;4;0;1;0;2;1;1;3;-28,49871957;-50,9176864;SPRF-RS;DEL05-RS;UOP03-DEL05-RS;;;
656831;23/01/2025;quinta-feira;07:30:00;MG;251;335;RUBELITA;Aus�ncia de rea��o do condutor;Colis�o lateral sentido oposto;Com V�timas Feridas;Pleno dia;Crescente;C�u Claro;Simples;"Aclive;Curva";N�o;9;0;5;0;3;6;5;9;-16,25584596;-42,43923797;SPRF-MG;DEL12-MG;UOP02-DEL12-MG;;;
656837;23/01/2025;quinta-feira;11:40:00;RS;471;164;RIO PARDO;Avarias e/ou desgaste excessivo no pneu;Tombamento;Com V�timas Feridas;Pleno dia;Decrescente;Sol;Dupla;Aclive;N�o;4;0;1;1;1;2;2;4;-29,939951;-52,385185;SPRF-RS;DEL02-RS;UOP03-DEL02-RS;;;
656840;23/01/2025;quinta-feira;11:00:00;MG;381;506,5;SAO JOAQUIM DE BICAS;Aus�ncia de rea��o do condutor;Colis�o lateral mesmo sentido;Com V�timas Feridas;Pleno dia;Crescente;C�u Claro;Dupla;Viaduto;Sim;3;0;0;1;1;1;1;3;-20,05039397;-44,27962502;SPRF-MG;DEL01-MG;UOP03-DEL01-MG;;;
656844;23/01/2025;quinta-feira;14:00:00;RS;116;452,2;SAO LOURENCO DO SUL;Rea��o tardia ou ineficiente do condutor;Colis�o traseira;Com V�timas Feridas;Pleno dia;Decrescente;Sol;Dupla;"Reta;Aclive";N�o;3;0;2;0;1;0;2;2;-31,21427515;-52,01780939;SPRF-RS;DEL02-RS;UOP02-DEL02-RS;;;
656845;23/01/2025;quinta-feira;11:30:00;BA;135;130;RIACHAO DAS NEVES;Condutor deixou de manter dist�ncia do ve�culo da frente;Colis�o lateral mesmo sentido;Com V�timas Feridas;Pleno dia;Crescente;C�u Claro;Simples;Reta;N�o;3;0;2;0;1;0;2;2;-11,79675758;-44,88154169;SPRF-BA;DEL10-BA;UOP01-DEL10-BA;;;
656846;23/01/2025;quinta-feira;12:15:00;RJ;116;304,8;PORTO REAL;Rea��o tardia ou ineficiente do condutor;Engavetamento;Com V�timas Feridas;Pleno dia;Decrescente;Nublado;Dupla;Reta;N�o;5;0;1;0;3;3;1;7;-22,45478167;-44,38316833;SPRF-RJ;DEL07-RJ;UOP02-DEL07-RJ;;;
656850;23/01/2025;quinta-feira;13:50:00;SC;470;10;NAVEGANTES;Aus�ncia de rea��o do condutor;Colis�o lateral mesmo sentido;Com V�timas Feridas;Pleno dia;Crescente;C�u Claro;Dupla;"Em Obras;Retorno Regulamentado;Reta";N�o;2;0;0;1;1;0;1;2;-26,833693;-48,73724;SPRF-SC;DEL04-SC;UOP04-DEL04-SC;;;
656855;23/01/2025;quinta-feira;08:20:00;PR;277;206;PALMEIRA;Demais falhas mec�nicas ou el�tricas;Inc�ndio;Sem V�timas;Pleno dia;Decrescente;C�u Claro;Simples;Reta;N�o;2;0;0;0;1;1;0;2;-25,46468901;-50,25988;SPRF-PR;DEL08-PR;UOP02-DEL08-PR;;;
656856;23/01/2025;quinta-feira;09:55:00;SC;101;138;BALNEARIO CAMBORIU;Rea��o tardia ou ineficiente do condutor;Colis�o lateral mesmo sentido;Sem V�timas;Pleno dia;Crescente;C�u Claro;M�ltipla;Reta;Sim;2;0;0;0;2;0;0;2;-27,02397426;-48,60761649;SPRF-SC;DEL04-SC;UOP03-DEL04-SC;;;
656857;23/01/2025;quinta-feira;14:38:00;MG;381;553;ITAGUARA;Demais falhas mec�nicas ou el�tricas;Inc�ndio;Sem V�timas;Pleno dia;Crescente;Nublado;Dupla;Reta;N�o;2;0;0;0;1;1;0;2;-20,34694817;-44,44253979;SPRF-MG;DEL04-MG;UOP03-DEL04-MG;;;
656860;23/01/2025;quinta-feira;15:00:00;PB;230;27,5;JOAO PESSOA;Manobra de mudan�a de faixa;Colis�o lateral mesmo sentido;Sem V�timas;Pleno dia;Crescente;Sol;Dupla;Curva;Sim;3;0;0;0;2;1;0;3;-7,1677;-34,8855;SPRF-PB;DEL01-PB;UOP01-DEL01-PB;;;
656863;23/01/2025;quinta-feira;15:20:00;MG;381;487,8;BETIM;Rea��o tardia ou ineficiente do condutor;Colis�o com objeto;Com V�timas Feridas;Pleno dia;Crescente;C�u Claro;M�ltipla;Curva;Sim;3;0;2;0;1;0;2;2;-19,95586853;-44,14609501;SPRF-MG;DEL01-MG;UOP03-DEL01-MG;;;
656868;23/01/2025;quinta-feira;14:50:00;MG;116;275;TEOFILO OTONI;Velocidade Incompat�vel;Colis�o lateral mesmo sentido;Com V�timas Feridas;Pleno dia;Crescente;C�u Claro;Simples;Reta;Sim;3;0;1;0;1;1;1;3;-17,84235093;-41,51410418;SPRF-MG;DEL11-MG;UOP01-DEL11-MG;;;
656877;23/01/2025;quinta-feira;16:00:00;CE;116;64;CHOROZINHO;Acessar a via sem observar a presen�a dos outros ve�culos;Colis�o transversal;Sem V�timas;Pleno dia;Decrescente;C�u Claro;Simples;Reta;Sim;3;0;0;0;1;2;0;3;-4,29766043;-38,50128341;SPRF-CE;DEL01-CE;UOP02-DEL01-CE;;;
656879;23/01/2025;quinta-feira;16:40:00;MG;381;451;SABARA;Rea��o tardia ou ineficiente do condutor;Colis�o traseira;Sem V�timas;Pleno dia;Decrescente;Sol;Simples;"Viaduto;Declive;Reta";Sim;2;0;0;0;2;0;0;2;-19,83832024;-43,8806931;SPRF-MG;DEL01-MG;UOP01-DEL01-MG;;;
656885;23/01/2025;quinta-feira;17:20:00;TO;153;767,3;ALVORADA;Condutor deixou de manter dist�ncia do ve�culo da frente;Colis�o traseira;Com V�timas Feridas;Pleno dia;Crescente;C�u Claro;Simples;Reta;N�o;3;0;1;0;1;1;1;3;-12,53201395;-49,10193689;SPRF-TO;DEL01-TO;UOP02-DEL01-TO;;;
656886;23/01/2025;quinta-feira;16:45:00;SP;116;218;GUARULHOS;Trafegar com motocicleta (ou similar) entre as faixas;Colis�o lateral mesmo sentido;Com V�timas Feridas;Pleno dia;Decrescente;C�u Claro;Dupla;"Reta;Em Obras";Sim;3;0;2;0;1;0;2;2;-23,457972;-46,479927;SPRF-SP;DEL01-SP;UOP01-DEL01-SP;;;
656888;23/01/2025;quinta-feira;16:25:00;RJ;101;157;MACAE;Demais falhas mec�nicas ou el�tricas;Colis�o lateral sentido oposto;Sem V�timas;Pleno dia;Crescente;C�u Claro;Simples;"Reta;Ponte";N�o;3;0;0;0;2;2;0;4;-22,26664642;-41,85839687;SPRF-RJ;DEL08-RJ;UOP04-DEL08-RJ;;;
656890;23/01/2025;quinta-feira;16:30:00;PR;376;302,9;MAUA DA SERRA;Velocidade Incompat�vel;Tombamento;Com V�timas Feridas;Pleno dia;Crescente;Nublado;Dupla;"Curva;Declive";N�o;1;0;1;0;0;0;1;1;-23,93576347;-51,14095497;SPRF-PR;DEL07-PR;UOP02-DEL07-PR;;;
656895;23/01/2025;quinta-feira;12:30:00;PR;487;171;CAMPO MOURAO;Demais falhas mec�nicas ou el�tricas;Sa�da de leito carro��vel;Com V�timas Feridas;Pleno dia;Decrescente;C�u Claro;Simples;Declive;N�o;2;0;1;0;0;1;1;2;-24,014101;-52,46035;SPRF-PR;DEL09-PR;UOP03-DEL09-PR;;;
656897;23/01/2025;quinta-feira;16:50:00;RJ;116;332;ITATIAIA;Aus�ncia de rea��o do condutor;Colis�o traseira;Com V�timas Feridas;Pleno dia;Decrescente;Nublado;Dupla;Reta;N�o;7;0;4;1;1;3;5;5;-22,50082905;-44,63502202;SPRF-RJ;DEL07-RJ;UOP02-DEL07-RJ;;;
656898;23/01/2025;quinta-feira;16:10:00;RJ;116;331;ITATIAIA;Rea��o tardia ou ineficiente do condutor;Colis�o com objeto;Com V�timas Feridas;Pleno dia;Decrescente;Chuva;M�ltipla;Reta;N�o;2;0;0;1;0;1;1;2;-22,50439667;-44,62493;SPRF-RJ;DEL07-RJ;UOP02-DEL07-RJ;;;
656899;23/01/2025;quinta-feira;17:55:00;BA;324;520;FEIRA DE SANTANA;Rea��o tardia ou ineficiente do condutor;Engavetamento;Sem V�timas;Anoitecer;Decrescente;C�u Claro;Dupla;Reta;Sim;5;0;0;0;4;2;0;5;-12,27376054;-38,93366564;SPRF-BA;DEL01-BA;UOP03-DEL01-BA;;;
656901;23/01/2025;quinta-feira;18:35:00;PR;369;154;LONDRINA;Manobra de mudan�a de faixa;Colis�o lateral mesmo sentido;Sem V�timas;Pleno dia;Crescente;C�u Claro;Dupla;Reta;Sim;2;0;0;0;2;0;0;2;-23,29749851;-51,20010429;SPRF-PR;DEL07-PR;UOP01-DEL07-PR;;;
656915;23/01/2025;quinta-feira;20:02:00;PE;101;51;PAULISTA;Trafegar com motocicleta (ou similar) entre as faixas;Colis�o lateral mesmo sentido;Com V�timas Fatais;Plena Noite;Decrescente;C�u Claro;M�ltipla;Reta;Sim;5;1;1;0;1;2;1;3;-7,9169968;-34,89689272;SPRF-PE;DEL01-PE;UOP02-DEL01-PE;;;
656917;23/01/2025;quinta-feira;16:50:00;RJ;393;255;BARRA DO PIRAI;Acessar a via sem observar a presen�a dos outros ve�culos;Colis�o transversal;Com V�timas Feridas;Pleno dia;Crescente;Nublado;Dupla;Interse��o de Vias;Sim;12;0;1;8;2;1;9;3;-22,45630908;-43,83881807;SPRF-RJ;DEL05-RJ;UOP04-DEL05-RJ;;;
656919;23/01/2025;quinta-feira;19:40:00;PE;232;212;PESQUEIRA;Transitar na contram�o;Colis�o lateral sentido oposto;Com V�timas Fatais;Plena Noite;Decrescente;C�u Claro;Simples;Reta;Sim;4;1;0;0;1;3;0;5;-8,36899532;-36,70578682;SPRF-PE;DEL03-PE;UOP02-DEL03-PE;;;
656924;23/01/2025;quinta-feira;20:30:00;GO;50;283;CATALAO;Declive acentuado;Tombamento;Com V�timas Feridas;Pleno dia;Decrescente;C�u Claro;Simples;"Em Obras;Rotat�ria";N�o;2;0;1;0;0;1;1;2;-18,1965;-47,9567;SPRF-GO;DEL06-GO;UOP01-DEL06-GO;;;
656928;23/01/2025;quinta-feira;20:30:00;MT;163;834,9;SINOP;Manobra de mudan�a de faixa;Colis�o com objeto;Com V�timas Feridas;Plena Noite;Decrescente;C�u Claro;Simples;Reta;Sim;3;0;1;0;1;1;1;2;-11,86194;-55,49559;SPRF-MT;DEL06-MT;UOP02-DEL06-MT;;;
656931;23/01/2025;quinta-feira;19:42:00;SE;101;59;ROSARIO DO CATETE;Acessar a via sem observar a presen�a dos outros ve�culos;Colis�o transversal;Com V�timas Feridas;Plena Noite;Decrescente;C�u Claro;Simples;"Interse��o de Vias;Reta";N�o;2;0;2;0;0;0;2;2;-10,659681;-37,02849;SPRF-SE;DEL02-SE;UOP02-DEL02-SE;;;
656932;23/01/2025;quinta-feira;15:10:00;MG;364;32,8;FRUTAL;Velocidade Incompat�vel;Colis�o com objeto;Com V�timas Feridas;Pleno dia;Crescente;Chuva;Simples;"Reta;Ponte;Declive";Sim;3;0;1;0;1;2;1;4;-20,025185;-48,94096;SPRF-MG;DEL13-MG;UOP02-DEL13-MG;;;
656939;23/01/2025;quinta-feira;21:31:00;SC;101;36,8;PALHOCA;Ultrapassagem Indevida;Colis�o lateral mesmo sentido;Com V�timas Feridas;Plena Noite;Decrescente;Nublado;Dupla;"T�nel;Curva";N�o;5;0;1;1;2;1;2;3;-27,6427;-48,6695;SPRF-SC;DEL01-SC;UOP02-DEL01-SC;;;
656944;23/01/2025;quinta-feira;23:40:00;PB;230;153,3;CAMPINA GRANDE;Condutor usando celular;Colis�o frontal;Com V�timas Feridas;Plena Noite;Crescente;C�u Claro;Simples;"Curva;Em Obras";Sim;2;0;1;0;1;0;1;2;-7,2763;-35,8887;SPRF-PB;DEL02-PB;UOP01-DEL02-PB;;;
656948;24/01/2025;sexta-feira;01:00:00;SP;116;228;SAO PAULO;Aus�ncia de rea��o do condutor;Colis�o traseira;Com V�timas Feridas;Plena Noite;Decrescente;Nublado;M�ltipla;Reta;N�o;6;0;4;0;1;1;4;3;-23,50343484;-46,56638712;SPRF-SP;DEL01-SP;UOP01-DEL01-SP;;;
656950;24/01/2025;sexta-feira;00:15:00;MG;50;189,5;UBERABA;Condutor Dormindo;Colis�o traseira;Com V�timas Feridas;Plena Noite;Decrescente;C�u Claro;Dupla;Reta;N�o;2;0;1;0;0;1;1;2;-19,84808;-47,874971;SPRF-MG;DEL13-MG;UOP01-DEL13-MG;;;
656952;24/01/2025;sexta-feira;01:15:00;RN;304;67,3;MOSSORO;Manobra de mudan�a de faixa;Colis�o lateral sentido oposto;Com V�timas Feridas;Plena Noite;Crescente;C�u Claro;Simples;Reta;N�o;2;0;0;1;1;0;1;2;-5,37857529;-37,23882451;SPRF-RN;DEL04-RN;UOP01-DEL04-RN;;;
656953;23/01/2025;quinta-feira;22:00:00;BA;110;104;ANTAS;Problema com o freio;Atropelamento de Pedestre;Com V�timas Feridas;Plena Noite;Crescente;C�u Claro;Simples;Aclive;N�o;2;0;0;1;0;1;1;2;-10,33353685;-38,31563227;SPRF-BA;DEL07-BA;UOP01-DEL07-BA;;;
656962;23/01/2025;quinta-feira;20:00:00;GO;452;19,8;RIO VERDE;Aus�ncia de rea��o do condutor;Sa�da de leito carro��vel;Sem V�timas;Plena Noite;Crescente;C�u Claro;Simples;"Reta;Declive";N�o;2;0;0;0;1;3;0;4;-17,8687406;-50,73337771;SPRF-GO;DEL04-GO;UOP01-DEL04-GO;;;
656963;24/01/2025;sexta-feira;05:10:00;SP;116;123;CACAPAVA;Rea��o tardia ou ineficiente do condutor;Colis�o traseira;Sem V�timas;Amanhecer;Crescente;C�u Claro;Dupla;Reta;N�o;3;0;0;0;2;2;0;4;-23,08754228;-45,66969781;SPRF-SP;DEL02-SP;UOP02-DEL02-SP;;;
656967;23/01/2025;quinta-feira;21:03:00;MG;365;465,2;PATROCINIO;Velocidade Incompat�vel;Colis�o traseira;Com V�timas Feridas;Plena Noite;Decrescente;Nublado;Simples;Reta;N�o;3;0;1;0;2;0;1;3;-18,89880313;-46,95118193;SPRF-MG;DEL10-MG;UOP01-DEL10-MG;;;
656969;24/01/2025;sexta-feira;06:20:00;PR;153;468,9;PORTO VITORIA;Aus�ncia de rea��o do condutor;Tombamento;Com V�timas Feridas;Pleno dia;Crescente;Garoa/Chuvisco;Simples;Curva;N�o;2;0;0;1;0;1;1;2;-26,3133464;-51,2185315;SPRF-PR;DEL02-PR;UOP03-DEL02-PR;;;
656970;24/01/2025;sexta-feira;05:46:00;PR;277;442,2;LARANJEIRAS DO SUL;Rea��o tardia ou ineficiente do condutor;Tombamento;Com V�timas Feridas;Amanhecer;Decrescente;C�u Claro;Simples;Curva;N�o;2;0;1;0;0;1;1;2;-25,37458072;-52,2742009;SPRF-PR;DEL04-PR;UOP02-DEL04-PR;;;
656977;24/01/2025;sexta-feira;05:30:00;PR;153;398;MALLET;Pista Escorregadia;Sa�da de leito carro��vel;Com V�timas Feridas;Amanhecer;Crescente;C�u Claro;Simples;Curva;N�o;2;0;1;0;1;0;1;1;-25,927489;-50,854918;SPRF-PR;DEL08-PR;UOP02-DEL08-PR;;;
656981;24/01/2025;sexta-feira;08:30:00;SE;101;144,2;ESTANCIA;Transitar no Acostamento;Colis�o com objeto;Com V�timas Fatais;Pleno dia;Crescente;C�u Claro;Dupla;"Aclive;Reta";N�o;4;1;0;0;1;2;0;4;-11,20044883;-37,40968738;SPRF-SE;DEL02-SE;UOP01-DEL02-SE;;;
656983;24/01/2025;sexta-feira;08:18:00;SP;116;285;ITAPECERICA DA SERRA;Manobra de mudan�a de faixa;Colis�o traseira;Com V�timas Feridas;Pleno dia;Decrescente;C�u Claro;Dupla;Reta;N�o;2;0;1;0;1;0;1;2;-23,70407794;-46,87249709;SPRF-SP;DEL04-SP;UOP01-DEL04-SP;;;
656986;20/01/2025;segunda-feira;15:30:00;PE;232;62,8;GRAVATA;Demais falhas mec�nicas ou el�tricas;Sa�da de leito carro��vel;Sem V�timas;Pleno dia;Crescente;Sol;Dupla;Reta;N�o;2;0;0;0;1;1;0;2;-8,15598579;-35,42308007;SPRF-PE;DEL02-PE;UOP02-DEL02PE;;;
656996;24/01/2025;sexta-feira;11:00:00;TO;153;498;PARAISO DO TOCANTINS;Acessar a via sem observar a presen�a dos outros ve�culos;Colis�o frontal;Com V�timas Feridas;Pleno dia;Crescente;Sol;Simples;"Curva;Declive";N�o;2;0;0;1;1;0;1;2;-10,18390502;-48,88017144;SPRF-TO;DEL01-TO;UOP01-DEL01-TO;;;
656997;24/01/2025;sexta-feira;08:40:00;BA;116;672;JEQUIE;Acessar a via sem observar a presen�a dos outros ve�culos;Colis�o traseira;Com V�timas Feridas;Pleno dia;Decrescente;Chuva;Dupla;Interse��o de Vias;Sim;3;0;2;0;1;0;2;2;-13,79970305;-40,11130458;SPRF-BA;DEL03-BA;UOP01-DEL03-BA;;;
657000;24/01/2025;sexta-feira;10:00:00;BA;407;119;SENHOR DO BONFIM;Transitar na contram�o;Colis�o frontal;Com V�timas Feridas;Pleno dia;Decrescente;C�u Claro;Simples;Reta;Sim;4;0;2;0;1;2;2;4;-10,39518217;-40,17775944;SPRF-BA;DEL04-BA;UOP01-DEL04-BA;;;
657001;24/01/2025;sexta-feira;11:20:00;MG;381;456;BELO HORIZONTE;Transitar no Acostamento;Colis�o lateral mesmo sentido;Com V�timas Feridas;Pleno dia;Decrescente;C�u Claro;Simples;Reta;Sim;3;0;1;0;1;1;1;3;-19,85862954;-43,91292495;SPRF-MG;DEL01-MG;UOP01-DEL01-MG;;;
657002;24/01/2025;sexta-feira;11:15:00;MG;262;386,5;FLORESTAL;Manobra de mudan�a de faixa;Tombamento;Com V�timas Feridas;Pleno dia;Decrescente;C�u Claro;Dupla;"Aclive;Curva";N�o;2;0;1;0;0;1;1;2;-19,93407809;-44,42855871;SPRF-MG;DEL01-MG;UOP03-DEL01-MG;;;
657015;24/01/2025;sexta-feira;11:55:00;BA;101;399;IBIRAPITANGA;Velocidade Incompat�vel;Colis�o frontal;Com V�timas Fatais;Pleno dia;Crescente;Garoa/Chuvisco;Simples;Curva;N�o;4;3;0;0;1;0;0;2;-13,99468;-39,453937;SPRF-BA;DEL05-BA;UOP03-DEL05-BA;;;
657019;24/01/2025;sexta-feira;12:45:00;SC;101;156,6;PORTO BELO;Rea��o tardia ou ineficiente do condutor;Colis�o com objeto;Com V�timas Feridas;Pleno dia;Decrescente;Nublado;Dupla;Reta;Sim;3;0;0;1;1;1;1;3;-27,172272;-48,61170204;SPRF-SC;DEL04-SC;UOP03-DEL04-SC;;;
657025;24/01/2025;sexta-feira;13:45:00;SC;101;127,1;ITAJAI;Demais falhas mec�nicas ou el�tricas;Tombamento;Com V�timas Feridas;Pleno dia;Decrescente;Nublado;Dupla;Reta;N�o;3;0;0;1;1;1;1;3;-26,9639319;-48,68328024;SPRF-SC;DEL04-SC;UOP04-DEL04-SC;;;
657034;24/01/2025;sexta-feira;15:00:00;MG;40;498,9;ESMERALDAS;Manobra de mudan�a de faixa;Colis�o traseira;Com V�timas Feridas;Pleno dia;Decrescente;C�u Claro;Dupla;Reta;Sim;3;0;1;0;0;2;1;3;-19,68467685;-44,18191183;SPRF-MG;DEL02-MG;UOP01-DEL02-MG;;;
657036;24/01/2025;sexta-feira;13:57:00;PR;277;280,7;PRUDENTOPOLIS;Aus�ncia de rea��o do condutor;Sa�da de leito carro��vel;Sem V�timas;Pleno dia;Decrescente;C�u Claro;Simples;Reta;N�o;1;0;0;0;1;0;0;1;-25,35860715;-50,91749114;SPRF-PR;DEL08-PR;UOP02-DEL08-PR;;;
657040;24/01/2025;sexta-feira;14:10:00;MG;381;726,1;CARMO DA CACHOEIRA;Aus�ncia de rea��o do condutor;Colis�o traseira;Com V�timas Feridas;Pleno dia;Crescente;Sol;Dupla;"Reta;Aclive";N�o;3;0;2;0;1;0;2;2;-21,50846497;-45,21540331;SPRF-MG;DEL04-MG;UOP02-DEL04-MG;;;
657041;24/01/2025;sexta-feira;16:05:00;RN;226;38;MACAIBA;Avarias e/ou desgaste excessivo no pneu;Tombamento;Com V�timas Feridas;Pleno dia;Crescente;C�u Claro;Simples;Reta;N�o;1;0;1;0;0;0;1;1;-5,91608218;-35,52760191;SPRF-RN;DEL01-RN;UOP02-DEL01-RN;;;
657044;24/01/2025;sexta-feira;16:20:00;PR;277;634;CEU AZUL;Condutor deixou de manter dist�ncia do ve�culo da frente;Colis�o traseira;Com V�timas Feridas;Pleno dia;Decrescente;C�u Claro;Simples;Reta;N�o;2;0;2;0;0;0;2;2;-25,13216493;-53,8249287;SPRF-PR;DEL05-PR;UOP02-DEL05-PR;;;
657055;24/01/2025;sexta-feira;16:20:00;SP;116;220;GUARULHOS;Ingest�o de �lcool pelo condutor;Colis�o traseira;Sem V�timas;Pleno dia;Decrescente;Ignorado;M�ltipla;Reta;Sim;3;0;0;0;2;1;0;3;-23,46472809;-46,49793962;SPRF-SP;DEL01-SP;UOP01-DEL01-SP;;;
657057;24/01/2025;sexta-feira;17:10:00;SC;280;128,7;RIO NEGRINHO;Aus�ncia de rea��o do condutor;Colis�o traseira;Com V�timas Feridas;Pleno dia;Crescente;Chuva;Simples;Reta;Sim;6;0;4;0;2;0;4;2;-26,24317941;-49,51320018;SPRF-SC;DEL06-SC;UOP03-DEL06-SC;;;
657069;24/01/2025;sexta-feira;08:00:00;BA;101;435;MARAU;Objeto est�tico sobre o leito carro��vel;Colis�o com objeto;Com V�timas Feridas;Amanhecer;Crescente;Garoa/Chuvisco;Simples;Reta;N�o;2;0;1;0;0;2;1;3;-14,229733;-39,319136;SPRF-BA;DEL05-BA;UOP01-DEL05-BA;;;
657072;24/01/2025;sexta-feira;17:00:00;RO;364;347,5;JI-PARANA;Rea��o tardia ou ineficiente do condutor;Colis�o traseira;Com V�timas Feridas;Pleno dia;Decrescente;C�u Claro;Simples;Reta;N�o;6;0;1;0;5;0;1;2;-10,86070186;-61,9761549;SPRF-RO;DEL02-RO;UOP01-DEL02-RO;;;
657073;18/01/2025;s�bado;13:00:00;MT;70;695;CACERES;Pista Escorregadia;Colis�o frontal;Com V�timas Feridas;Pleno dia;Crescente;Chuva;Simples;Curva;N�o;45;0;19;0;25;1;19;3;-16,24747707;-57,47060716;SPRF-MT;DEL03-MT;UOP01-DEL03-MT;;;
657078;24/01/2025;sexta-feira;17:20:00;SP;116;23,9;LAVRINHAS;Ingest�o de �lcool pelo condutor;Colis�o traseira;Sem V�timas;Pleno dia;Crescente;C�u Claro;M�ltipla;Reta;N�o;3;0;0;0;2;2;0;4;-22,58978112;-44,88535587;SPRF-SP;DEL08-SP;UOP02-DEL08-SP;;;
657081;03/01/2025;sexta-feira;12:55:00;PI;316;259;IPIRANGA DO PIAUI;Acessar a via sem observar a presen�a dos outros ve�culos;Colis�o frontal;Com V�timas Feridas;Pleno dia;Crescente;Sol;Simples;Reta;Sim;2;0;0;1;1;0;1;2;-6,81961598;-41,73781153;SPRF-PI;DEL04-PI;UOP02-DEL04-PI;;;
657083;24/01/2025;sexta-feira;18:15:00;AL;101;138;SAO MIGUEL DOS CAMPOS;Rea��o tardia ou ineficiente do condutor;Colis�o transversal;Sem V�timas;Plena Noite;Crescente;C�u Claro;Dupla;"Desvio Tempor�rio;Em Obras";Sim;3;0;0;0;2;1;0;3;-9,80975158;-36,11701903;SPRF-AL;DEL02-AL;UOP01-DEL02-AL;;;
657088;24/01/2025;sexta-feira;14:10:00;RJ;101;576;PARATY;Rea��o tardia ou ineficiente do condutor;Tombamento;Com V�timas Feridas;Pleno dia;Crescente;C�u Claro;Simples;Curva;N�o;2;0;1;0;0;1;1;2;-23,090246;-44,693758;SPRF-RJ;DEL03-RJ;UOP04-DEL03-RJ;;;