id;data_inversa;dia_semana;horario;uf;br;km;municipio;causa_acidente;tipo_acidente;classificacao_acidente;fase_dia;sentido_via;condicao_metereologica;tipo_pista;tracado_via;uso_solo;pessoas;mortos;feridos_leves;feridos_graves;ilesos;ignorados;feridos;veiculos;latitude;longitude;regional;delegacia;uop;;;
657092;24/01/2025;sexta-feira;19:25:00;PI;343;332;TERESINA;Aus�ncia de rea��o do condutor;Colis�o lateral mesmo sentido;Com V�timas Feridas;Plena Noite;Decrescente;C�u Claro;Dupla;Reta;N�o;2;0;0;1;0;1;1;2;-5,058209;-42,66679;SPRF-PI;DEL01-PI;UOP01-DEL01-PI;;;
657100;24/01/2025;sexta-feira;15:55:00;MG;262;13,1;MARTINS SOARES;Acessar a via sem observar a presen�a dos outros ve�culos;Colis�o transversal;Sem V�timas;Pleno dia;Decrescente;C�u Claro;Simples;Reta;N�o;5;0;0;0;5;0;0;2;-20,25771509;-41,86161294;SPRF-MG;DEL06-MG;UOP03-DEL06-MG;;;
657101;24/01/2025;sexta-feira;21:21:00;ES;101;263;SERRA;Frear bruscamente;Colis�o com objeto;Com V�timas Feridas;Plena Noite;Decrescente;C�u Claro;Dupla;"Reta;Declive";N�o;2;0;1;0;1;0;1;1;-20,16554736;-40,27301648;SPRF-ES;DEL02-ES;UOP01-DEL02-ES;;;
657102;24/01/2025;sexta-feira;14:40:00;MT;163;691;LUCAS DO RIO VERDE;Ultrapassagem Indevida;Colis�o traseira;Com V�timas Fatais;Pleno dia;Crescente;C�u Claro;Simples;Curva;N�o;3;1;0;0;1;1;0;3;-13,15077404;-55,97136391;SPRF-MT;DEL06-MT;UOP01-DEL06-MT;;;
657105;24/01/2025;sexta-feira;19:19:00;RS;290;352,2;SAO SEPE;Velocidade Incompat�vel;Colis�o frontal;Com V�timas Fatais;Pleno dia;Decrescente;Chuva;Simples;"Declive;Reta";N�o;8;1;0;3;1;3;3;4;-30,372091;-53,692841;SPRF-RS;DEL09-RS;UOP02-DEL09-RS;;;
657112;24/01/2025;sexta-feira;20:15:00;SC;282;439;IRANI;Aus�ncia de rea��o do condutor;Colis�o traseira;Com V�timas Feridas;Plena Noite;Decrescente;Nublado;Simples;Reta;N�o;3;0;1;0;1;1;1;3;-26,945671;-51,861717;SPRF-SC;DEL07-SC;UOP04-DEL07-SC;;;
657117;24/01/2025;sexta-feira;20:25:00;SC;280;187,2;MAFRA;Aus�ncia de rea��o do condutor;Colis�o com objeto;Com V�timas Fatais;Plena Noite;Crescente;Chuva;Simples;"Declive;Interse��o de Vias;Reta;Rotat�ria";N�o;2;1;0;0;0;1;0;2;-26,16790438;-49,95451995;SPRF-SC;DEL06-SC;UOP01-DEL06-SC;;;
657124;24/01/2025;sexta-feira;22:40:00;SP;116;218;GUARULHOS;Participar de racha;Colis�o traseira;Com V�timas Feridas;Plena Noite;Decrescente;Nublado;M�ltipla;"Reta;Em Obras";Sim;3;0;1;0;0;2;1;3;-23,457972;-46,479927;SPRF-SP;DEL01-SP;UOP01-DEL01-SP;;;
657131;24/01/2025;sexta-feira;21:40:00;PR;376;383,9;IMBAU;Acessar a via sem observar a presen�a dos outros ve�culos;Colis�o frontal;Com V�timas Fatais;Plena Noite;Decrescente;Nublado;Dupla;Reta;Sim;2;1;0;0;1;0;0;2;-24,43001144;-50,76598763;SPRF-PR;DEL03-PR;UOP02-DEL03-PR;;;
657133;24/01/2025;sexta-feira;22:27:00;PB;230;249;JUAZEIRINHO;Aus�ncia de rea��o do condutor;Colis�o traseira;Sem V�timas;Plena Noite;Crescente;C�u Claro;Simples;Reta;N�o;2;0;0;0;2;0;0;2;-7,0661;-36,6441;SPRF-PB;DEL02-PB;UOP02-DEL02-PB;;;
657140;24/01/2025;sexta-feira;20:00:00;BA;101;885;TEIXEIRA DE FREITAS;Rea��o tardia ou ineficiente do condutor;Colis�o frontal;Com V�timas Feridas;Plena Noite;Crescente;C�u Claro;Simples;"Aclive;Curva";N�o;3;0;2;0;0;1;2;3;-17,60163088;-39,74891716;SPRF-BA;DEL09-BA;UOP02-DEL09-BA;;;
657146;24/01/2025;sexta-feira;18:25:00;RS;392;207;SANTANA DA BOA VISTA;Velocidade Incompat�vel;Colis�o frontal;Com V�timas Feridas;Pleno dia;Crescente;Chuva;Simples;"Curva;Declive";N�o;3;0;0;1;1;2;1;4;-30,82336654;-53,17516923;SPRF-RS;DEL09-RS;UOP02-DEL09-RS;;;
657148;25/01/2025;s�bado;02:30:00;SP;116;24,5;LAVRINHAS;Rea��o tardia ou ineficiente do condutor;Colis�o traseira;Com V�timas Feridas;Plena Noite;Decrescente;Nublado;Dupla;Declive;N�o;3;0;1;0;2;0;1;2;-22,59895814;-44,88797962;SPRF-SP;DEL08-SP;UOP02-DEL08-SP;;;
657150;24/01/2025;sexta-feira;19:30:00;MT;70;553;NOSSA SENHORA DO LIVRAMENTO;Transitar na contram�o;Colis�o frontal;Com V�timas Fatais;Plena Noite;Decrescente;C�u Claro;Simples;Reta;N�o;3;1;0;0;1;2;0;4;-15,67469895;-56,33723399;SPRF-MT;DEL03-MT;UOP02-DEL03-MT;;;
657158;25/01/2025;s�bado;04:30:00;BA;407;126;SENHOR DO BONFIM;Demais falhas mec�nicas ou el�tricas;Tombamento;Com V�timas Feridas;Amanhecer;Crescente;Nublado;Simples;"Declive;Curva;Rotat�ria";Sim;5;0;4;0;0;1;4;2;-10,4558193;-40,18119143;SPRF-BA;DEL04-BA;UOP01-DEL04-BA;;;
657165;24/01/2025;sexta-feira;22:30:00;BA;101;79;ALAGOINHAS;Rea��o tardia ou ineficiente do condutor;Colis�o traseira;Com V�timas Feridas;Plena Noite;Decrescente;C�u Claro;Simples;Reta;N�o;12;0;5;0;6;1;5;3;-12,01196305;-38,26882996;SPRF-BA;DEL01-BA;UOP04-DEL01-BA;;;
657168;24/01/2025;sexta-feira;17:30:00;PA;230;767;MEDICILANDIA;Transitar na contram�o;Colis�o frontal;Com V�timas Fatais;Plena Noite;Decrescente;Ignorado;Simples;Reta;N�o;2;1;0;0;0;1;0;2;-3,4961764;-53,09979789;SPRF-PA;DEL04-PA;UOP01-DEL04-PA;;;
657178;24/01/2025;sexta-feira;19:00:00;RO;364;496;ARIQUEMES;Ultrapassagem Indevida;Colis�o frontal;Sem V�timas;Anoitecer;Crescente;Nublado;Simples;Curva;N�o;6;0;0;0;5;3;0;6;-10,09049706;-62,97006806;SPRF-RO;DEL03-RO;UOP01-DEL03-RO;;;
657181;24/01/2025;sexta-feira;14:47:00;PA;163;421,5;ITAITUBA;Acostamento em desn�vel;Sa�da de leito carro��vel;Com V�timas Feridas;Pleno dia;Crescente;Chuva;Simples;Reta;N�o;2;0;1;0;0;1;1;2;-6,13110818;-55,61925136;SPRF-PA;DEL05-PA;UOP03-DEL05-PA;;;
657183;25/01/2025;s�bado;06:50:00;SC;101;260;PAULO LOPES;Velocidade Incompat�vel;Derramamento de carga;Sem V�timas;Pleno dia;Crescente;C�u Claro;Dupla;Curva;N�o;2;0;0;0;1;1;0;2;-28,0210609;-48,69789507;SPRF-SC;DEL02-SC;UOP03-DEL02-SC;;;
657186;25/01/2025;s�bado;07:15:00;SE;235;20;LARANJEIRAS;Velocidade Incompat�vel;Sa�da de leito carro��vel;Com V�timas Feridas;Pleno dia;Decrescente;Chuva;Simples;Curva;N�o;1;0;1;0;0;0;1;1;-10,834111;-37,221916;SPRF-SE;DEL01-SE;UOP02-DEL01-SE;;;
657193;25/01/2025;s�bado;09:10:00;PB;101;87;JOAO PESSOA;Demais falhas mec�nicas ou el�tricas;Colis�o com objeto;Sem V�timas;Pleno dia;Crescente;C�u Claro;Dupla;Reta;Sim;3;0;0;0;2;1;0;3;-7,15886802;-34,90628504;SPRF-PB;DEL01-PB;UOP01-DEL01-PB;;;
657198;25/01/2025;s�bado;07:00:00;RJ;116;209;SEROPEDICA;Aus�ncia de rea��o do condutor;Colis�o lateral mesmo sentido;Com V�timas Fatais;Pleno dia;Decrescente;C�u Claro;Dupla;Reta;N�o;20;2;1;0;16;1;1;3;-22,721238;-43,681105;SPRF-RJ;DEL06-RJ;UOP02-DEL06-RJ;;;
657201;25/01/2025;s�bado;09:30:00;MG;381;713,5;CARMO DA CACHOEIRA;Condutor Dormindo;Colis�o com objeto;Com V�timas Feridas;Pleno dia;Crescente;C�u Claro;Dupla;Reta;N�o;2;0;1;0;1;0;1;1;-21,40375992;-45,21090213;SPRF-MG;DEL04-MG;UOP02-DEL04-MG;;;
657211;25/01/2025;s�bado;04:00:00;SE;101;61,2;ROSARIO DO CATETE;Rea��o tardia ou ineficiente do condutor;Sa�da de leito carro��vel;Com V�timas Feridas;Plena Noite;Decrescente;C�u Claro;Simples;Reta;N�o;3;0;2;0;1;0;2;1;-10,6767911;-37,03102283;SPRF-SE;DEL02-SE;UOP02-DEL02-SE;;;
657220;25/01/2025;s�bado;09:45:00;PE;101;65,5;RECIFE;Condutor deixou de manter dist�ncia do ve�culo da frente;Colis�o com objeto;Sem V�timas;Pleno dia;Crescente;C�u Claro;Dupla;Reta;Sim;1;0;0;0;1;0;0;1;-8,029612;-34,942948;SPRF-PE;DEL01-PE;UOP01-DEL01-PE;;;
657223;25/01/2025;s�bado;09:45:00;PI;230;309,4;FLORIANO;Aus�ncia de rea��o do condutor;Colis�o traseira;Sem V�timas;Pleno dia;Crescente;C�u Claro;Simples;Reta;Sim;2;0;0;0;1;1;0;2;-6,77433132;-43,00632318;SPRF-PI;DEL03-PI;UOP01-DEL03-PI;;;
657228;25/01/2025;s�bado;10:35:00;BA;324;518,5;FEIRA DE SANTANA;Desvio tempor�rio;Colis�o traseira;Sem V�timas;Pleno dia;Crescente;C�u Claro;Dupla;Reta;Sim;2;0;0;0;1;1;0;2;-12,28252504;-38,9219238;SPRF-BA;DEL02-BA;UOP01-DEL02-BA;;;
657231;25/01/2025;s�bado;10:00:00;CE;20;124;TAUA;Afundamento ou ondula��o no pavimento;Tombamento;Com V�timas Feridas;Pleno dia;Decrescente;C�u Claro;Simples;"Aclive;Reta";N�o;2;0;1;0;0;1;1;2;-5,69290412;-40,12999046;SPRF-CE;DEL02-CE;UOP02-DEL02-CE;;;
657232;25/01/2025;s�bado;06:19:00;MG;381;813,2;CAREACU;Velocidade Incompat�vel;Sa�da de leito carro��vel;Com V�timas Fatais;Amanhecer;Decrescente;Nublado;Dupla;"Ponte;Reta";N�o;4;1;0;0;0;4;0;4;-22,0714422;-45,70245174;SPRF-MG;DEL16-MG;UOP02-DEL16-MG;;;
657247;25/01/2025;s�bado;10:15:00;MG;251;333,7;FRUTA DE LEITE;Aus�ncia de rea��o do condutor;Colis�o traseira;Com V�timas Feridas;Pleno dia;Decrescente;Sol;Simples;"Curva;Em Obras";N�o;5;0;0;1;3;2;1;4;-16,25683842;-42,43114276;SPRF-MG;DEL12-MG;UOP02-DEL12-MG;;;
657251;25/01/2025;s�bado;13:47:00;PB;427;37;POMBAL;Ingest�o de �lcool pelo condutor;Colis�o frontal;Com V�timas Feridas;Pleno dia;Decrescente;C�u Claro;Simples;Reta;N�o;2;0;0;1;1;0;1;2;-6,76405124;-37,78910384;SPRF-PB;DEL03-PB;UOP02-DEL03-PB;;;
657254;25/01/2025;s�bado;14:10:00;MG;116;561;MANHUACU;Aus�ncia de rea��o do condutor;Colis�o traseira;Com V�timas Feridas;Pleno dia;Decrescente;C�u Claro;Simples;Reta;Sim;2;0;0;1;1;0;1;2;-20,04079579;-42,17396159;SPRF-MG;DEL06-MG;UOP03-DEL06-MG;;;
657264;25/01/2025;s�bado;14:15:00;RS;101;46;TERRA DE AREIA;Aus�ncia de rea��o do condutor;Colis�o com objeto;Com V�timas Feridas;Pleno dia;Crescente;Garoa/Chuvisco;M�ltipla;Reta;Sim;1;0;1;0;0;0;1;1;-29,57664003;-50,06327396;SPRF-RS;DEL03-RS;UOP02-DEL03-RS;;;
657267;25/01/2025;s�bado;13:45:00;MG;116;6;DIVISA ALEGRE;Demais falhas na via;Colis�o com objeto;Com V�timas Feridas;Pleno dia;Decrescente;C�u Claro;Simples;Curva;N�o;1;0;1;0;0;0;1;1;-15,74952994;-41,33072084;SPRF-BA;DEL08-BA;UOP03-DEL08-BA;;;
657269;25/01/2025;s�bado;15:40:00;MG;381;491,2;BETIM;Manobra de mudan�a de faixa;Colis�o lateral mesmo sentido;Com V�timas Feridas;Pleno dia;Decrescente;Sol;Dupla;Reta;Sim;4;0;2;0;2;0;2;4;-19,95806853;-44,15051758;SPRF-MG;DEL01-MG;UOP03-DEL01-MG;;;
657275;25/01/2025;s�bado;14:30:00;SC;101;352,9;JAGUARUNA;Demais falhas mec�nicas ou el�tricas;Inc�ndio;Sem V�timas;Pleno dia;Decrescente;C�u Claro;Dupla;Reta;N�o;2;0;0;0;2;0;0;1;-28,60489869;-49,05593332;SPRF-SC;DEL02-SC;UOP01-DEL02-SC;;;
657278;25/01/2025;s�bado;13:30:00;PR;116;193,1;CAMPO DO TENENTE;Demais falhas mec�nicas ou el�tricas;Eventos at�picos;Sem V�timas;Pleno dia;Crescente;Garoa/Chuvisco;Simples;Reta;N�o;3;0;0;0;2;1;0;3;-25,97956005;-49,66051132;SPRF-SC;DEL06-SC;UOP01-DEL06-SC;;;
657279;25/01/2025;s�bado;15:05:00;MT;163;105,4;RONDONOPOLIS;Aus�ncia de rea��o do condutor;Colis�o traseira;Sem V�timas;Pleno dia;Decrescente;C�u Claro;Dupla;"Aclive;Reta";N�o;4;0;0;0;3;3;0;5;-16,62007898;-54,69936693;SPRF-MT;DEL02-MT;UOP01-DEL02-MT;;;
657290;25/01/2025;s�bado;16:15:00;SC;163;115,2;DIONISIO CERQUEIRA;Condutor Dormindo;Sa�da de leito carro��vel;Com V�timas Feridas;Pleno dia;Decrescente;C�u Claro;Simples;"Declive;Reta";N�o;3;0;0;2;0;1;2;2;-26,366385;-53,533985;SPRF-SC;DEL07-SC;UOP03-DEL07-SC;;;
657300;25/01/2025;s�bado;19:34:00;RS;386;442;CANOAS;Mal s�bito do condutor;Colis�o transversal;Com V�timas Feridas;Anoitecer;Decrescente;C�u Claro;Dupla;Reta;N�o;3;0;0;1;2;0;1;2;-29,885923;-51,223259;SPRF-RS;DEL01-RS;UOP01-DEL01-RS;;;
657302;25/01/2025;s�bado;17:25:00;PR;376;343;ORTIGUEIRA;Demais falhas mec�nicas ou el�tricas;Queda de ocupante de ve�culo;Com V�timas Feridas;Anoitecer;Crescente;Chuva;Simples;Curva;N�o;3;0;0;1;1;1;1;2;-24,2017732;-50,94742728;SPRF-PR;DEL07-PR;UOP02-DEL07-PR;;;
657304;25/01/2025;s�bado;19:35:00;MG;116;574,9;MANHUACU;Transitar na contram�o;Colis�o frontal;Com V�timas Fatais;Plena Noite;Decrescente;C�u Claro;Simples;"Curva;Declive";N�o;3;1;0;0;1;1;0;3;-20,14598091;-42,18538333;SPRF-MG;DEL06-MG;UOP03-DEL06-MG;;;
657309;25/01/2025;s�bado;19:55:00;PE;101;69,7;RECIFE;Rea��o tardia ou ineficiente do condutor;Tombamento;Com V�timas Feridas;Plena Noite;Crescente;C�u Claro;Dupla;Curva;Sim;2;0;1;0;0;1;1;2;-8,0655;-34,94428;SPRF-PE;DEL01-PE;UOP01-DEL01-PE;;;
657313;25/01/2025;s�bado;20:00:00;SP;381;86;SAO PAULO;Rea��o tardia ou ineficiente do condutor;Colis�o traseira;Com V�timas Feridas;Plena Noite;Crescente;Chuva;Dupla;Reta;Sim;3;0;1;0;1;1;1;3;-23,45930499;-46,57161179;SPRF-SP;DEL03-SP;UOP01-DEL03-SP;;;
657337;25/01/2025;s�bado;14:00:00;AL;101;71;MESSIAS;Demais falhas mec�nicas ou el�tricas;Inc�ndio;Sem V�timas;Pleno dia;Crescente;Nublado;Dupla;Curva;N�o;4;0;0;0;1;3;0;3;-9,37155696;-35,83020358;SPRF-AL;DEL01-AL;UOP01-DEL01-AL;;;
657339;25/01/2025;s�bado;22:00:00;MG;50;197,3;DELTA;Velocidade Incompat�vel;Colis�o traseira;Com V�timas Fatais;Plena Noite;Crescente;Nublado;Dupla;"Declive;Reta";N�o;3;1;0;0;1;2;0;4;-19,9090125;-47,8338973;SPRF-MG;DEL13-MG;UOP01-DEL13-MG;;;
657349;25/01/2025;s�bado;21:20:00;MG;381;580;CARMOPOLIS DE MINAS;Aus�ncia de rea��o do condutor;Colis�o traseira;Com V�timas Feridas;Plena Noite;Decrescente;C�u Claro;Dupla;Reta;N�o;4;0;0;1;2;2;1;4;-20,50796117;-44,61144676;SPRF-MG;DEL04-MG;UOP01-DEL04-MG;;;
657358;25/01/2025;s�bado;15:25:00;RN;304;140,2;ANGICOS;Condutor deixou de manter dist�ncia do ve�culo da frente;Engavetamento;Sem V�timas;Pleno dia;Crescente;Nublado;Simples;Reta;N�o;3;0;0;0;3;0;0;3;-5,66657204;-36,68142801;SPRF-RN;DEL04-RN;UOP01-DEL04-RN;;;
657362;25/01/2025;s�bado;22:45:00;TO;153;389;RIO DOS BOIS;Transitar na contram�o;Colis�o frontal;Com V�timas Feridas;Plena Noite;Crescente;C�u Claro;Simples;Reta;N�o;4;0;1;0;2;1;1;3;-9,32090992;-48,54216382;SPRF-TO;DEL02-TO;UOP02-DEL02-TO;;;
657366;25/01/2025;s�bado;18:00:00;SC;101;70;ARAQUARI;Rea��o tardia ou ineficiente do condutor;Tombamento;Com V�timas Feridas;Anoitecer;Crescente;Garoa/Chuvisco;M�ltipla;Reta;N�o;3;0;1;0;1;1;1;3;-26,51082007;-48,72345612;SPRF-SC;DEL03-SC;UOP02-DEL03-SC;;;
657368;26/01/2025;domingo;00:42:00;RS;448;21;PORTO ALEGRE;Condutor usando celular;Colis�o traseira;Com V�timas Feridas;Plena Noite;Crescente;C�u Claro;M�ltipla;Reta;N�o;2;0;1;0;1;0;1;2;-29,96574;-51,202034;SPRF-RS;DEL01-RS;UOP01-DEL01-RS;;;
657382;26/01/2025;domingo;01:50:00;AL;104;8;SAO JOSE DA LAJE;Velocidade Incompat�vel;Sa�da de leito carro��vel;Com V�timas Fatais;Plena Noite;Crescente;Garoa/Chuvisco;Simples;"Curva;Declive";N�o;2;2;0;0;0;0;0;1;-8,96386265;-36,02023815;SPRF-AL;DEL01-AL;UOP02-DEL01-AL;;;
657389;26/01/2025;domingo;04:10:00;PR;376;198,3;MARIALVA;Transitar na contram�o;Colis�o frontal;Com V�timas Feridas;Pleno dia;Decrescente;Nublado;Dupla;Reta;N�o;6;0;1;0;1;4;1;3;-23,4997541;-51,76663399;SPRF-PR;DEL09-PR;UOP01-DEL09-PR;;;
657391;26/01/2025;domingo;04:30:00;RS;386;246,2;SOLEDADE;Transitar na contram�o;Colis�o transversal;Com V�timas Feridas;Plena Noite;Crescente;C�u Claro;Simples;Reta;Sim;2;0;1;0;1;0;1;2;-28,808382;-52,502323;SPRF-RS;DEL04-RS;UOP03-DEL04-RS;;;
657392;26/01/2025;domingo;03:20:00;BA;116;456,7;SANTO ESTEVAO;Ingest�o de �lcool pelo condutor;Colis�o lateral mesmo sentido;Sem V�timas;Plena Noite;Crescente;C�u Claro;Dupla;"Aclive;Reta";N�o;3;0;0;0;2;3;0;5;-12,40612105;-39,17593097;SPRF-BA;DEL02-BA;UOP01-DEL02-BA;;;
657397;26/01/2025;domingo;04:00:00;PI;222;57;BRASILEIRA;Aus�ncia de rea��o do condutor;Colis�o traseira;Com V�timas Feridas;Plena Noite;Decrescente;Nublado;Simples;Reta;N�o;2;0;1;0;1;0;1;2;-4,16474682;-41,65676829;SPRF-PI;DEL02-PI;UOP01-DEL02-PI;;;
657400;26/01/2025;domingo;01:20:00;MG;365;706;MONTE ALEGRE DE MINAS;Velocidade Incompat�vel;Tombamento;Sem V�timas;Plena Noite;Decrescente;C�u Claro;Dupla;Retorno Regulamentado;N�o;2;0;0;0;1;3;0;4;-18,8789182;-49,05482003;SPRF-MG;DEL15-MG;UOP03-DEL15-MG;;;
657401;26/01/2025;domingo;05:20:00;PR;376;592,2;CURITIBA;Condutor deixou de manter dist�ncia do ve�culo da frente;Colis�o traseira;Sem V�timas;Amanhecer;Decrescente;Nublado;Dupla;Reta;Sim;3;0;0;0;2;2;0;4;-25,43777559;-49,3649123;SPRF-PR;DEL03-PR;UOP03-DEL03-PR;;;
657409;25/01/2025;s�bado;21:35:00;MT;158;476;CANARANA;Ingest�o de �lcool pelo condutor;Sa�da de leito carro��vel;Com V�timas Feridas;Plena Noite;Crescente;C�u Claro;Simples;Reta;N�o;3;0;1;0;0;3;1;4;-13,26498978;-51,97458743;SPRF-MT;DEL07-MT;UOP02-DEL07-MT;;;
657412;26/01/2025;domingo;06:40:00;MS;163;843;SONORA;Condutor Dormindo;Sa�da de leito carro��vel;Com V�timas Feridas;Amanhecer;Crescente;C�u Claro;Simples;"Reta;Aclive";N�o;2;0;1;0;0;2;1;3;-17,54609699;-54,74124217;SPRF-MS;DEL06-MS;UOP01-DEL06-MS;;;
657414;22/01/2025;quarta-feira;08:15:00;MT;364;463,8;VARZEA GRANDE;Condutor deixou de manter dist�ncia do ve�culo da frente;Colis�o traseira;Com V�timas Feridas;Pleno dia;Decrescente;Sol;Simples;Reta;N�o;3;0;0;1;1;5;1;7;-15,45097;-56,32643;SPRF-MT;DEL01-MT;UOP02-DEL01-MT;;;
657419;26/01/2025;domingo;08:56:00;PA;10;353;SANTA MARIA DO PARA;Ultrapassagem Indevida;Colis�o frontal;Com V�timas Fatais;Pleno dia;Decrescente;C�u Claro;Simples;Reta;Sim;3;1;0;0;1;1;0;3;-1,37053441;-47,56138891;SPRF-PA;DEL01-PA;UOP02-DEL01-PA;;;
657426;26/01/2025;domingo;06:20:00;MT;163;108;RONDONOPOLIS;Rea��o tardia ou ineficiente do condutor;Colis�o com objeto;Sem V�timas;Pleno dia;Decrescente;C�u Claro;Simples;Reta;N�o;4;0;0;0;0;5;0;4;-16,58105817;-54,68825698;SPRF-MT;DEL02-MT;UOP01-DEL02-MT;;;
657429;22/01/2025;quarta-feira;21:36:00;MT;163;555,1;DIAMANTINO;Rea��o tardia ou ineficiente do condutor;Sa�da de leito carro��vel;Com V�timas Feridas;Plena Noite;Decrescente;Chuva;Dupla;Desvio Tempor�rio;N�o;2;0;1;0;0;1;1;2;-14,267496;-56,15044099;SPRF-MT;DEL01-MT;UOP01-DEL01-MT;;;
657430;26/01/2025;domingo;08:50:00;RS;285;243;CIRIACO;Aus�ncia de rea��o do condutor;Colis�o lateral sentido oposto;Com V�timas Feridas;Pleno dia;Crescente;C�u Claro;Simples;Reta;N�o;2;0;1;0;1;0;1;2;-28,265223;-51,918598;SPRF-RS;DEL08-RS;UOP03-DEL08-RS;;;
657434;26/01/2025;domingo;09:40:00;PB;101;79,9;SANTA RITA;Velocidade Incompat�vel;Tombamento;Com V�timas Feridas;Pleno dia;Crescente;C�u Claro;Dupla;Curva;Sim;2;0;1;0;0;1;1;2;-7,11707513;-34,95004177;SPRF-PB;DEL01-PB;UOP03-DEL01-PB;;;
657435;26/01/2025;domingo;09:00:00;PA;230;117;MARABA;Ingest�o de �lcool pelo condutor;Colis�o transversal;Sem V�timas;Pleno dia;Crescente;C�u Claro;Dupla;Reta;Sim;2;0;0;0;2;0;0;2;-5,35569904;-49,09047302;SPRF-PA;DEL03-PA;UOP01-DEL03-PA;;;
657441;26/01/2025;domingo;09:04:00;MT;364;272;JACIARA;Aus�ncia de rea��o do condutor;Colis�o lateral mesmo sentido;Com V�timas Fatais;Pleno dia;Crescente;Sol;Dupla;"Declive;Reta";Sim;3;1;0;0;1;3;0;5;-15,96667987;-54,96121981;SPRF-MT;DEL05-MT;UOP02-DEL05-MT;;;
657447;26/01/2025;domingo;11:00:00;PB;101;106,2;ALHANDRA;Velocidade Incompat�vel;Colis�o traseira;Com V�timas Feridas;Pleno dia;Decrescente;C�u Claro;Dupla;"Reta;Aclive";N�o;3;0;1;0;1;1;1;3;-7,325423;-34,94693577;SPRF-PB;DEL01-PB;UOP01-DEL01-PB;;;
657448;26/01/2025;domingo;10:00:00;PR;277;299,2;PRUDENTOPOLIS;Acessar a via sem observar a presen�a dos outros ve�culos;Colis�o lateral mesmo sentido;Com V�timas Feridas;Pleno dia;Decrescente;C�u Claro;Dupla;Reta;N�o;6;0;1;0;1;4;1;4;-25,3142531;-51,08912399;SPRF-PR;DEL08-PR;UOP01-DEL08-PR;;;
657451;26/01/2025;domingo;09:30:00;SC;470;185,3;POUSO REDONDO;Rea��o tardia ou ineficiente do condutor;Tombamento;Com V�timas Feridas;Pleno dia;Decrescente;C�u Claro;Simples;Curva;N�o;3;0;0;1;0;2;1;3;-27,254034;-50,036575;SPRF-SC;DEL04-SC;UOP02-DEL04-SC;;;
657454;26/01/2025;domingo;11:10:00;MG;40;524;CONTAGEM;Transitar no Acostamento;Colis�o traseira;Com V�timas Feridas;Pleno dia;Decrescente;C�u Claro;Dupla;Curva;Sim;2;0;0;1;1;0;1;2;-19,8754469;-44,05345586;SPRF-MG;DEL01-MG;UOP02-DEL01-MG;;;
657456;26/01/2025;domingo;12:25:00;BA;324;594;CANDEIAS;Aus�ncia de rea��o do condutor;Colis�o traseira;Com V�timas Feridas;Pleno dia;Crescente;C�u Claro;Dupla;Reta;N�o;9;0;4;2;2;1;6;3;-12,70742041;-38,46251062;SPRF-BA;DEL01-BA;UOP01-DEL01-BA;;;
657459;26/01/2025;domingo;11:15:00;MG;116;385,2;MATHIAS LOBATO;Aus�ncia de rea��o do condutor;Colis�o lateral sentido oposto;Com V�timas Fatais;Pleno dia;Decrescente;C�u Claro;Simples;Curva;N�o;10;3;3;3;0;1;6;4;-18,6633058;-41,97668625;SPRF-MG;DEL06-MG;UOP01-DEL06-MG;;;
657463;26/01/2025;domingo;07:10:00;BA;242;493;OLIVEIRA DOS BREJINHOS;Velocidade Incompat�vel;Tombamento;Com V�timas Feridas;Pleno dia;Crescente;C�u Claro;Simples;Curva;N�o;2;0;0;1;0;2;1;3;-12,39898;-42,39651;SPRF-BA;DEL06-BA;UOP01-DEL06-BA;;;
657467;26/01/2025;domingo;12:30:00;SC;101;232,5;PALHOCA;Rea��o tardia ou ineficiente do condutor;Colis�o traseira;Com V�timas Feridas;Pleno dia;Crescente;Garoa/Chuvisco;Dupla;"Aclive;Curva";N�o;7;0;1;0;6;0;1;2;-27,795666;-48,638153;SPRF-SC;DEL01-SC;UOP02-DEL01-SC;;;
657468;26/01/2025;domingo;13:20:00;RJ;101;428;MANGARATIBA;Desrespeitar a prefer�ncia no cruzamento;Colis�o transversal;Com V�timas Feridas;Pleno dia;Crescente;C�u Claro;Dupla;"Retorno Regulamentado;Interse��o de Vias";Sim;8;0;3;0;5;0;3;3;-22,93391858;-43,9899979;SPRF-RJ;DEL03-RJ;UOP02-DEL03-RJ;;;
657476;26/01/2025;domingo;09:25:00;SC;101;298;LAGUNA;Condutor deixou de manter dist�ncia do ve�culo da frente;Colis�o com objeto;Com V�timas Feridas;Pleno dia;Decrescente;C�u Claro;Dupla;Reta;N�o;1;0;1;0;0;0;1;1;-28,32102597;-48,72829906;SPRF-SC;DEL02-SC;UOP03-DEL02-SC;;;
657478;26/01/2025;domingo;14:20:00;MG;381;424,9;CAETE;Aus�ncia de rea��o do condutor;Colis�o com objeto;Com V�timas Feridas;Pleno dia;Decrescente;C�u Claro;Dupla;Curva;Sim;3;0;0;1;0;2;1;3;-19,78303559;-43,66513756;SPRF-MG;DEL01-MG;UOP01-DEL01-MG;;;
657482;26/01/2025;domingo;14:10:00;SP;116;314;SAO LOURENCO DA SERRA;Pista Escorregadia;Colis�o traseira;Com V�timas Feridas;Pleno dia;Decrescente;Chuva;Dupla;Curva;Sim;4;0;1;0;2;1;1;3;-23,89562822;-46,98556063;SPRF-SP;DEL04-SP;UOP01-DEL04-SP;;;
657493;26/01/2025;domingo;14:27:00;RO;364;710;PORTO VELHO;Entrada inopinada do pedestre;Atropelamento de Pedestre;Com V�timas Feridas;Pleno dia;Crescente;Nublado;Dupla;Reta;Sim;4;0;0;1;1;3;1;5;-8,78621576;-63,85712687;SPRF-RO;DEL01-RO;UOP01-DEL01-RO;;;