id;data_inversa;dia_semana;horario;uf;br;km;municipio;causa_acidente;tipo_acidente;classificacao_acidente;fase_dia;sentido_via;condicao_metereologica;tipo_pista;tracado_via;uso_solo;pessoas;mortos;feridos_leves;feridos_graves;ilesos;ignorados;feridos;veiculos;latitude;longitude;regional;delegacia;uop;;;
657502;26/01/2025;domingo;15:07:00;CE;116;547;PENAFORTE;Manobra de mudan�a de faixa;Colis�o lateral mesmo sentido;Com V�timas Feridas;Pleno dia;Decrescente;C�u Claro;Simples;Reta;N�o;7;0;2;0;4;1;2;3;-7,82040438;-39,0865509;SPRF-CE;DEL05-CE;UOP03-DEL05-CE;;;
657503;26/01/2025;domingo;15:20:00;PR;277;135;CAMPO LARGO;Aus�ncia de rea��o do condutor;Colis�o traseira;Sem V�timas;Pleno dia;Decrescente;Nublado;Simples;Curva;N�o;3;0;0;0;2;1;0;3;-25,47;-49,599;SPRF-PR;DEL03-PR;UOP03-DEL03-PR;;;
657508;26/01/2025;domingo;16:00:00;MG;381;915,8;CAMANDUCAIA;Rea��o tardia ou ineficiente do condutor;Colis�o lateral mesmo sentido;Com V�timas Feridas;Pleno dia;Decrescente;Chuva;Dupla;Reta;N�o;4;0;1;1;1;1;2;3;-22,76087082;-46,16278597;SPRF-MG;DEL16-MG;UOP03-DEL16-MG;;;
657510;26/01/2025;domingo;13:30:00;MG;116;148,9;PONTO DOS VOLANTES;Transitar na contram�o;Colis�o frontal;Com V�timas Fatais;Pleno dia;Decrescente;C�u Claro;Simples;"Curva;Declive";N�o;6;1;0;3;1;1;3;3;-16,83568806;-41,47878089;SPRF-MG;DEL11-MG;UOP02-DEL11-MG;;;
657515;26/01/2025;domingo;17:50:00;SP;116;68,5;APARECIDA;Condutor Dormindo;Colis�o lateral mesmo sentido;Com V�timas Feridas;Pleno dia;Crescente;Garoa/Chuvisco;Dupla;Reta;N�o;5;0;1;0;3;1;1;3;-22,83354783;-45,21713313;SPRF-SP;DEL08-SP;UOP01-DEL08-SP;;;
657522;26/01/2025;domingo;17:20:00;RJ;116;196;QUEIMADOS;Rea��o tardia ou ineficiente do condutor;Colis�o traseira;Com V�timas Feridas;Anoitecer;Decrescente;Garoa/Chuvisco;Dupla;Curva;Sim;8;0;4;0;3;1;4;3;-22,73336575;-43,55659479;SPRF-RJ;DEL06-RJ;UOP01-DEL06-RJ;;;
657524;26/01/2025;domingo;17:00:00;MS;262;311;CAMPO GRANDE;Ingest�o de �lcool pelo condutor;Colis�o lateral sentido oposto;Sem V�timas;Pleno dia;Decrescente;C�u Claro;Simples;Reta;N�o;3;0;0;0;2;3;0;5;-20,47415591;-54,39129199;SPRF-MS;DEL01-MS;UOP01-DEL01-MS;;;
657527;26/01/2025;domingo;15:30:00;RJ;40;92;PETROPOLIS;Rea��o tardia ou ineficiente do condutor;Tombamento;Com V�timas Feridas;Pleno dia;Crescente;Chuva;Simples;"Curva;Declive";N�o;2;0;1;0;1;0;1;1;-22,55191954;-43,25068815;SPRF-RJ;DEL01-RJ;UOP01-DEL01-RJ;;;
657532;26/01/2025;domingo;03:30:00;BA;407;227;CAPIM GROSSO;Aus�ncia de rea��o do condutor;Colis�o traseira;Com V�timas Feridas;Plena Noite;Decrescente;Garoa/Chuvisco;Simples;Reta;Sim;2;0;0;1;0;1;1;2;-11,33058004;-40,01665726;SPRF-BA;DEL04-BA;UOP02-DEL04-BA;;;
657536;26/01/2025;domingo;18:39:00;GO;20;11;FORMOSA;Rea��o tardia ou ineficiente do condutor;Colis�o frontal;Com V�timas Feridas;Pleno dia;Crescente;C�u Claro;Simples;Reta;N�o;4;0;0;2;1;1;2;3;-15,562011;-47,257778;SPRF-DF;DEL02-DF;UOP02-DEL02-DF;;;
657545;26/01/2025;domingo;19:00:00;MG;381;515,9;IGARAPE;Velocidade Incompat�vel;Sa�da de leito carro��vel;Com V�timas Feridas;Plena Noite;Decrescente;Nublado;Dupla;"Curva;Declive";N�o;4;0;3;1;0;0;4;1;-20,09734;-44,3159;SPRF-MG;DEL01-MG;UOP03-DEL01-MG;;;
657550;26/01/2025;domingo;17:46:00;MA;10;294,1;IMPERATRIZ;Transitar na contram�o;Colis�o frontal;Com V�timas Fatais;Pleno dia;Crescente;C�u Claro;Simples;Reta;N�o;3;1;1;0;0;1;1;3;-5,165295;-47,534004;SPRF-MA;DEL04-MA;UOP01-DEL04-MA;;;
657557;26/01/2025;domingo;19:27:00;MG;365;637;UBERLANDIA;Rea��o tardia ou ineficiente do condutor;Tombamento;Com V�timas Feridas;Plena Noite;Crescente;Chuva;Dupla;Declive;N�o;8;0;6;0;0;2;6;4;-18,889801;-48,43735;SPRF-MG;DEL15-MG;UOP01-DEL15-MG;;;
657558;26/01/2025;domingo;20:20:00;MG;381;516,1;IGARAPE;Velocidade Incompat�vel;Colis�o lateral mesmo sentido;Com V�timas Feridas;Plena Noite;Decrescente;C�u Claro;Dupla;"Reta;Declive";N�o;5;0;1;0;3;1;1;4;-20,10866993;-44,31488799;SPRF-MG;DEL01-MG;UOP03-DEL01-MG;;;
657574;26/01/2025;domingo;20:50:00;RS;153;50;ERECHIM;Retorno proibido;Colis�o transversal;Sem V�timas;Plena Noite;Decrescente;C�u Claro;Simples;"Reta;Interse��o de Vias";Sim;4;0;0;0;4;0;0;3;-27,65623359;-52,27554709;SPRF-RS;DEL08-RS;UOP04-DEL08-RS;;;
657585;26/01/2025;domingo;21:30:00;MG;40;462;SETE LAGOAS;Chuva;Sa�da de leito carro��vel;Com V�timas Feridas;Plena Noite;Crescente;Chuva;Dupla;Declive;N�o;2;0;1;0;0;1;1;2;-19,4136917;-44,33879427;SPRF-MG;DEL02-MG;UOP01-DEL02-MG;;;
657587;26/01/2025;domingo;19:15:00;RS;116;70,5;CAMPESTRE DA SERRA;Acessar a via sem observar a presen�a dos outros ve�culos;Colis�o traseira;Sem V�timas;Anoitecer;Decrescente;C�u Claro;Simples;Reta;N�o;3;0;0;0;1;2;0;3;-28,71784397;-51,08742966;SPRF-RS;DEL05-RS;UOP03-DEL05-RS;;;
657589;26/01/2025;domingo;19:00:00;MG;381;586,3;CARMOPOLIS DE MINAS;Rea��o tardia ou ineficiente do condutor;Colis�o lateral mesmo sentido;Com V�timas Feridas;Plena Noite;Crescente;Chuva;Dupla;Curva;Sim;3;0;1;0;1;2;1;4;-20,54431144;-44,64751868;SPRF-MG;DEL04-MG;UOP01-DEL04-MG;;;
657592;26/01/2025;domingo;08:40:00;MT;364;1;ALTO ARAGUAIA;Demais falhas mec�nicas ou el�tricas;Inc�ndio;Sem V�timas;Pleno dia;Decrescente;C�u Claro;Dupla;Reta;Sim;3;0;0;0;1;2;0;3;-17,31227325;-53,21828343;SPRF-MT;DEL02-MT;UOP02-DEL02-MT;;;
657605;27/01/2025;segunda-feira;00:50:00;SC;282;340;CAMPOS NOVOS;Ingest�o de �lcool pelo condutor;Colis�o lateral sentido oposto;Com V�timas Feridas;Plena Noite;Decrescente;C�u Claro;Simples;Reta;N�o;3;0;1;0;1;1;1;2;-27,388266;-51,203793;SPRF-SC;DEL07-SC;UOP06-DEL07-SC;;;
657610;27/01/2025;segunda-feira;02:30:00;PR;277;338;GUARAPUAVA;Aus�ncia de rea��o do condutor;Colis�o traseira;Com V�timas Fatais;Plena Noite;Crescente;Chuva;M�ltipla;Reta;Sim;5;1;0;0;3;1;0;3;-25,339917;-51,430278;SPRF-PR;DEL08-PR;UOP01-DEL08-PR;;;
657613;27/01/2025;segunda-feira;03:00:00;AL;101;179,4;JUNQUEIRO;Transitar na contram�o;Colis�o frontal;Com V�timas Fatais;Plena Noite;Decrescente;C�u Claro;Dupla;"Reta;Declive";N�o;2;1;0;0;0;1;0;2;-9,88842574;-36,39977803;SPRF-AL;DEL02-AL;UOP02-DEL02-AL;;;
657619;27/01/2025;segunda-feira;05:08:00;PB;230;145;CAMPINA GRANDE;Convers�o proibida;Colis�o transversal;Com V�timas Feridas;Amanhecer;Decrescente;Nublado;Dupla;"Aclive;Reta";Sim;6;0;2;2;2;0;4;2;-7,2512;-35,8399;SPRF-PB;DEL02-PB;UOP01-DEL02-PB;;;
657623;27/01/2025;segunda-feira;04:00:00;SP;116;545;BARRA DO TURVO;Rea��o tardia ou ineficiente do condutor;Colis�o com objeto;Com V�timas Feridas;Plena Noite;Crescente;Nublado;Simples;"Curva;Declive";N�o;2;0;1;0;0;1;1;2;-24,97035013;-48,49691597;SPRF-SP;DEL05-SP;UOP02-DEL05-SP;;;
657625;27/01/2025;segunda-feira;06:05:00;PE;101;54,4;PAULISTA;Velocidade Incompat�vel;Tombamento;Com V�timas Feridas;Pleno dia;Decrescente;Nublado;M�ltipla;Reta;Sim;3;0;1;0;2;0;1;3;-7,94575087;-34,90439057;SPRF-PE;DEL01-PE;UOP02-DEL01-PE;;;
657627;27/01/2025;segunda-feira;06:30:00;MG;116;276;TEOFILO OTONI;Rea��o tardia ou ineficiente do condutor;Colis�o lateral mesmo sentido;Com V�timas Feridas;Pleno dia;Decrescente;C�u Claro;Dupla;Curva;Sim;3;0;2;0;1;0;2;2;-17,85105696;-41,51454492;SPRF-MG;DEL11-MG;UOP01-DEL11-MG;;;
657633;27/01/2025;segunda-feira;00:30:00;BA;242;477;IBITIARA;Aus�ncia de rea��o do condutor;Colis�o com objeto;Com V�timas Feridas;Plena Noite;Crescente;C�u Claro;Simples;"Reta;Aclive";N�o;8;0;5;1;1;2;6;5;-12,47317295;-42,2897659;SPRF-BA;DEL06-BA;UOP01-DEL06-BA;;;
657637;27/01/2025;segunda-feira;06:49:00;PR;369;184,8;ARAPONGAS;Desrespeitar a prefer�ncia no cruzamento;Colis�o transversal;Com V�timas Fatais;Pleno dia;Decrescente;Nublado;Simples;"Reta;Interse��o de Vias";Sim;3;1;0;0;1;1;0;3;-23,4055189;-51,42840207;SPRF-PR;DEL07-PR;UOP03-DEL07-PR;;;
657638;27/01/2025;segunda-feira;01:00:00;MT;364;349;SANTO ANTONIO DO LEVERGER;Rea��o tardia ou ineficiente do condutor;Tombamento;Sem V�timas;Plena Noite;Crescente;C�u Claro;Dupla;Curva;N�o;1;0;0;0;0;1;0;1;-15,80502622;-55,5546431;SPRF-MT;DEL05-MT;UOP02-DEL05-MT;;;
657643;27/01/2025;segunda-feira;06:30:00;RJ;116;293;BARRA MANSA;Demais falhas na via;Tombamento;Com V�timas Feridas;Pleno dia;Decrescente;Nublado;Dupla;Reta;N�o;2;0;1;0;0;1;1;2;-22,45745983;-44,29161274;SPRF-RJ;DEL07-RJ;UOP02-DEL07-RJ;;;
657645;27/01/2025;segunda-feira;07:35:00;SC;101;119;ITAJAI;Trafegar com motocicleta (ou similar) entre as faixas;Colis�o lateral mesmo sentido;Com V�timas Feridas;Pleno dia;Crescente;C�u Claro;Dupla;Reta;Sim;4;0;1;0;1;4;1;6;-26,9043179;-48,71555481;SPRF-SC;DEL04-SC;UOP04-DEL04-SC;;;
657646;27/01/2025;segunda-feira;07:53:00;BA;324;621;SALVADOR;Acesso irregular;Colis�o lateral mesmo sentido;Sem V�timas;Pleno dia;Crescente;C�u Claro;Dupla;Reta;N�o;2;0;0;0;2;0;0;2;-12,91233708;-38,45956983;SPRF-BA;DEL01-BA;UOP01-DEL01-BA;;;
657656;27/01/2025;segunda-feira;06:50:00;BA;324;420;RIACHAO DO JACUIPE;Pedestre cruzava a pista fora da faixa;Atropelamento de Pedestre;Com V�timas Feridas;Pleno dia;Decrescente;C�u Claro;Simples;Reta;N�o;2;0;1;0;1;0;1;2;-11,70700787;-39,52362288;SPRF-BA;DEL04-BA;UOP02-DEL04-BA;;;
657659;27/01/2025;segunda-feira;09:38:00;MG;40;526,9;CONTAGEM;Manobra de mudan�a de faixa;Colis�o lateral mesmo sentido;Sem V�timas;Pleno dia;Decrescente;C�u Claro;Dupla;Aclive;N�o;6;0;0;0;5;1;0;4;-19,89255399;-44,04985478;SPRF-MG;DEL01-MG;UOP02-DEL01-MG;;;
657671;27/01/2025;segunda-feira;09:40:00;RS;290;365,7;VILA NOVA DO SUL;Rea��o tardia ou ineficiente do condutor;Tombamento;Com V�timas Feridas;Pleno dia;Crescente;C�u Claro;Simples;Reta;N�o;3;0;0;1;0;2;1;3;-30,360786;-53,817539;SPRF-RS;DEL09-RS;UOP02-DEL09-RS;;;
657673;27/01/2025;segunda-feira;07:45:00;CE;116;494,4;MILAGRES;Acessar a via sem observar a presen�a dos outros ve�culos;Colis�o transversal;Com V�timas Feridas;Pleno dia;Crescente;C�u Claro;Simples;"Reta;Interse��o de Vias;Declive";N�o;4;0;0;1;1;2;1;3;-7,39283437;-38,96067552;SPRF-CE;DEL05-CE;UOP03-DEL05-CE;;;
657681;27/01/2025;segunda-feira;10:25:00;MG;381;889;CAMBUI;Velocidade Incompat�vel;Sa�da de leito carro��vel;Com V�timas Feridas;Pleno dia;Crescente;C�u Claro;Dupla;Curva;N�o;2;0;1;0;0;1;1;2;-22,57874206;-46,04473491;SPRF-MG;DEL16-MG;UOP01-DEL16-MG;;;
657696;27/01/2025;segunda-feira;11:10:00;SC;280;26;ARAQUARI;Manobra de mudan�a de faixa;Colis�o traseira;Sem V�timas;Pleno dia;Crescente;C�u Claro;Simples;Reta;N�o;4;0;0;0;3;1;0;3;-26,38972308;-48,73411593;SPRF-SC;DEL03-SC;UOP03-DEL03-SC;;;
657697;27/01/2025;segunda-feira;13:40:00;PR;116;2;CAMPINA GRANDE DO SUL;Rea��o tardia ou ineficiente do condutor;Colis�o transversal;Com V�timas Feridas;Pleno dia;Crescente;C�u Claro;Dupla;Reta;N�o;2;0;0;1;1;0;1;2;-25,3562;-49,0677;SPRF-PR;DEL01-PR;UOP02-DEL01-PR;;;
657703;27/01/2025;segunda-feira;14:05:00;AL;316;228;ATALAIA;Velocidade Incompat�vel;Colis�o lateral sentido oposto;Com V�timas Feridas;Pleno dia;Crescente;Chuva;Simples;Curva;N�o;5;0;0;1;4;0;1;3;-9,49417338;-36,13686798;SPRF-AL;DEL01-AL;UOP01-DEL01-AL;;;
657704;27/01/2025;segunda-feira;13:40:00;RS;158;444,7;ROSARIO DO SUL;Velocidade Incompat�vel;Tombamento;Com V�timas Feridas;Pleno dia;Decrescente;C�u Claro;Simples;Rotat�ria;N�o;2;0;1;0;0;1;1;2;-30,22973447;-54,7298776;SPRF-RS;DEL11-RS;UOP02-DEL11-RS;;;
657708;27/01/2025;segunda-feira;13:50:00;SC;116;212;CORREIA PINTO;Rea��o tardia ou ineficiente do condutor;Tombamento;Com V�timas Feridas;Pleno dia;Decrescente;C�u Claro;Simples;Curva;N�o;2;0;1;0;0;1;1;2;-27,51804376;-50,36466561;SPRF-SC;DEL05-SC;UOP03-DEL05-SC;;;
657714;27/01/2025;segunda-feira;14:30:00;SC;101;134,3;BALNEARIO CAMBORIU;Demais falhas mec�nicas ou el�tricas;Inc�ndio;Sem V�timas;Pleno dia;Decrescente;Nublado;Dupla;Reta;Sim;2;0;0;0;1;1;0;2;-27,00218;-48,636433;SPRF-SC;DEL04-SC;UOP03-DEL04-SC;;;
657719;21/01/2025;ter�a-feira;13:00:00;MG;116;417;GOVERNADOR VALADARES;Condutor deixou de manter dist�ncia do ve�culo da frente;Colis�o traseira;Com V�timas Feridas;Pleno dia;Decrescente;C�u Claro;Simples;Reta;N�o;3;0;1;0;2;0;1;3;-18,90130308;-41,94492414;SPRF-MG;DEL06-MG;UOP01-DEL06-MG;;;
657723;27/01/2025;segunda-feira;15:30:00;PR;277;2,8;PARANAGUA;Acessar a via sem observar a presen�a dos outros ve�culos;Colis�o lateral mesmo sentido;Com V�timas Feridas;Pleno dia;Crescente;C�u Claro;Simples;"Interse��o de Vias;Reta";Sim;3;0;1;0;1;2;1;4;-25,568198;-48,615292;SPRF-PR;DEL01-PR;UOP05-DEL01-PR;;;
657725;27/01/2025;segunda-feira;14:22:00;AL;101;171;TEOTONIO VILELA;Aus�ncia de rea��o do condutor;Colis�o traseira;Com V�timas Fatais;Pleno dia;Crescente;C�u Claro;Dupla;"Curva;Declive";Sim;3;1;0;0;1;2;0;4;-9,90913698;-36,33473799;SPRF-AL;DEL02-AL;UOP02-DEL02-AL;;;
657735;27/01/2025;segunda-feira;16:00:00;PR;163;174,8;LINDOESTE;Aus�ncia de rea��o do condutor;Sa�da de leito carro��vel;Com V�timas Feridas;Pleno dia;Crescente;Chuva;Dupla;"Em Obras;Declive;Curva";N�o;2;0;1;0;0;1;1;2;-25,21734703;-53,59537645;SPRF-PR;DEL05-PR;UOP05-DEL05-PR;;;
657736;27/01/2025;segunda-feira;16:50:00;MG;116;662,7;SAO FRANCISCO DO GLORIA;Velocidade Incompat�vel;Colis�o lateral sentido oposto;Com V�timas Feridas;Pleno dia;Crescente;Chuva;Simples;Curva;N�o;5;0;2;0;2;1;2;4;-20,79792691;-42,30837166;SPRF-MG;DEL07-MG;UOP02-DEL07-MG;;;
657740;27/01/2025;segunda-feira;16:50:00;MG;262;360;BETIM;Condutor deixou de manter dist�ncia do ve�culo da frente;Colis�o traseira;Sem V�timas;Pleno dia;Crescente;Nublado;Dupla;"Declive;Reta";Sim;2;0;0;0;2;0;0;2;-19,9830204;-44,20924834;SPRF-MG;DEL01-MG;UOP03-DEL01-MG;;;
657741;27/01/2025;segunda-feira;16:10:00;RO;364;705;PORTO VELHO;Manobra de mudan�a de faixa;Colis�o lateral mesmo sentido;Com V�timas Feridas;Pleno dia;Crescente;C�u Claro;Dupla;"Retorno Regulamentado;Reta";Sim;5;0;2;0;2;2;2;5;-8,80030041;-63,81926358;SPRF-RO;DEL01-RO;UOP01-DEL01-RO;;;
657742;27/01/2025;segunda-feira;17:00:00;SC;101;19,5;BIGUACU;Manobra de mudan�a de faixa;Colis�o lateral mesmo sentido;Com V�timas Feridas;Pleno dia;Crescente;Nublado;Dupla;Curva;N�o;2;0;1;0;1;0;1;2;-27,4946;-48,6561;SPRF-SC;DEL01-SC;UOP01-DEL01-SC;;;
657744;27/01/2025;segunda-feira;16:10:00;MS;376;172;NOVA ANDRADINA;Manobra de mudan�a de faixa;Colis�o lateral mesmo sentido;Com V�timas Feridas;Pleno dia;Decrescente;Garoa/Chuvisco;Dupla;Rotat�ria;Sim;4;0;2;0;1;1;2;3;-22,26664627;-53,3635872;SPRF-MS;DEL04-MS;UOP04-DEL04-MS;;;
657745;27/01/2025;segunda-feira;17:10:00;MG;40;452;CAETANOPOLIS;Pista Escorregadia;Colis�o traseira;Com V�timas Feridas;Anoitecer;Decrescente;Chuva;Dupla;Reta;N�o;4;0;1;1;1;1;2;3;-19,33382121;-44,36107939;SPRF-MG;DEL02-MG;UOP01-DEL02-MG;;;
657751;27/01/2025;segunda-feira;17:00:00;AL;101;3;NOVO LINO;Velocidade Incompat�vel;Sa�da de leito carro��vel;Sem V�timas;Pleno dia;Decrescente;Chuva;Dupla;"Reta;Declive";N�o;3;0;0;0;2;1;0;3;-8,91012942;-35,63471317;SPRF-AL;DEL01-AL;UOP02-DEL01-AL;;;
657756;27/01/2025;segunda-feira;18:05:00;MA;135;21;SAO LUIS;Rea��o tardia ou ineficiente do condutor;Colis�o lateral mesmo sentido;Com V�timas Feridas;Plena Noite;Decrescente;C�u Claro;Dupla;Reta;Sim;2;0;0;1;1;0;1;2;-2,53073;-44,3068;SPRF-MA;DEL01-MA;UOP01-DEL01-MA;;;
657757;27/01/2025;segunda-feira;17:30:00;SC;282;614;MARAVILHA;Frear bruscamente;Queda de ocupante de ve�culo;Com V�timas Feridas;Anoitecer;Crescente;Chuva;Simples;Curva;N�o;3;0;2;0;1;0;2;2;-26,76932;-53,264568;SPRF-SC;DEL07-SC;UOP02-DEL07-SC;;;
657758;27/01/2025;segunda-feira;18:10:00;PR;116;45;CAMPINA GRANDE DO SUL;Rea��o tardia ou ineficiente do condutor;Sa�da de leito carro��vel;Com V�timas Feridas;Anoitecer;Crescente;Chuva;M�ltipla;"Curva;Declive";N�o;1;0;1;0;0;0;1;1;-25,19502698;-48,89003802;SPRF-PR;DEL01-PR;UOP02-DEL01-PR;;;
657760;27/01/2025;segunda-feira;18:25:00;MS;262;487;ANASTACIO;Demais falhas mec�nicas ou el�tricas;Atropelamento de Pedestre;Com V�timas Feridas;Plena Noite;Decrescente;C�u Claro;Simples;Reta;Sim;3;0;0;1;1;1;1;3;-20,50040494;-55,79686761;SPRF-MS;DEL03-MS;UOP01-DEL03-MS;;;
657763;27/01/2025;segunda-feira;19:25:00;SC;282;16,1;PALHOCA;Convers�o proibida;Colis�o lateral sentido oposto;Com V�timas Feridas;Plena Noite;Decrescente;Chuva;Simples;Reta;Sim;3;0;0;1;2;0;1;3;-27,658611;-48,681847;SPRF-SC;DEL01-SC;UOP02-DEL01-SC;;;
657768;27/01/2025;segunda-feira;18:28:00;RS;386;333,8;MARQUES DE SOUZA;Acumulo de �gua sobre o pavimento;Colis�o transversal;Com V�timas Feridas;Anoitecer;Decrescente;Chuva;Simples;Curva;N�o;3;0;1;0;1;2;1;4;-29,355341;-52,069054;SPRF-RS;DEL04-RS;UOP01-DEL04-RS;;;
657770;27/01/2025;segunda-feira;18:10:00;MS;163;484,3;CAMPO GRANDE;Acessar a via sem observar a presen�a dos outros ve�culos;Colis�o transversal;Com V�timas Fatais;Anoitecer;Decrescente;Nublado;Simples;"Interse��o de Vias;Reta";Sim;6;1;0;0;5;0;0;3;-20,45104898;-54,5403266;SPRF-MS;DEL01-MS;UOP02-DEL01-MS;;;
657779;27/01/2025;segunda-feira;19:30:00;RS;470;221;GARIBALDI;Rea��o tardia ou ineficiente do condutor;Sa�da de leito carro��vel;Com V�timas Feridas;Amanhecer;Crescente;Chuva;Simples;Rotat�ria;N�o;1;0;1;0;0;0;1;1;-29,20881423;-51,51823997;SPRF-RS;DEL06-RS;UOP01-DEL06-RS;;;
657782;27/01/2025;segunda-feira;20:24:00;SP;116;316;SAO LOURENCO DA SERRA;Rea��o tardia ou ineficiente do condutor;Tombamento;Com V�timas Feridas;Plena Noite;Decrescente;Nublado;Dupla;Reta;N�o;1;0;1;0;0;0;1;1;-23,91054997;-46,99149375;SPRF-SP;DEL04-SP;UOP03-DEL04-SP;;;
657787;27/01/2025;segunda-feira;18:20:00;MG;40;404;CURVELO;Demais falhas mec�nicas ou el�tricas;Colis�o frontal;Com V�timas Feridas;Plena Noite;Crescente;Nublado;Simples;Reta;N�o;3;0;0;2;0;2;2;4;-19,06535102;-44,65313827;SPRF-MG;DEL02-MG;UOP01-DEL02-MG;;;
657795;27/01/2025;segunda-feira;19:35:00;SC;280;230;CANOINHAS;Mal s�bito do condutor;Colis�o frontal;Com V�timas Feridas;Plena Noite;Crescente;C�u Claro;Simples;"Reta;Declive";Sim;3;0;1;0;1;2;1;4;-26,18756479;-50,36192211;SPRF-SC;DEL06-SC;UOP04-DEL06-SC;;;
657796;27/01/2025;segunda-feira;15:20:00;RJ;101;295;ITABORAI;Demais falhas mec�nicas ou el�tricas;Tombamento;Com V�timas Feridas;Pleno dia;Decrescente;Sol;Dupla;Reta;Sim;1;0;1;0;0;0;1;1;-22,76365068;-42,90223623;SPRF-RJ;DEL02-RJ;UOP02-DEL02-RJ;;;
657797;27/01/2025;segunda-feira;08:25:00;MG;116;591;MANHUACU;Rea��o tardia ou ineficiente do condutor;Tombamento;Com V�timas Feridas;Pleno dia;Crescente;Nublado;Simples;Curva;N�o;2;0;1;0;0;1;1;2;-20,26350393;-42,14180594;SPRF-MG;DEL06-MG;UOP03-DEL06-MG;;;
657799;27/01/2025;segunda-feira;22:00:00;PE;232;66,6;GRAVATA;Demais falhas mec�nicas ou el�tricas;Inc�ndio;Sem V�timas;Plena Noite;Crescente;Nublado;Dupla;"Reta;Aclive";N�o;1;0;0;0;1;0;0;1;-8,166517;-35,461524;SPRF-PE;DEL02-PE;UOP02-DEL02PE;;;
657802;27/01/2025;segunda-feira;23:45:00;RJ;116;318;ITATIAIA;Rea��o tardia ou ineficiente do condutor;Tombamento;Com V�timas Fatais;Plena Noite;Crescente;Nublado;Dupla;Curva;N�o;3;1;0;0;1;1;0;3;-22,46797868;-44,51030403;SPRF-RJ;DEL07-RJ;UOP02-DEL07-RJ;;;
657803;27/01/2025;segunda-feira;23:15:00;RS;290;138;ELDORADO DO SUL;Aus�ncia de rea��o do condutor;Colis�o lateral sentido oposto;Com V�timas Feridas;Plena Noite;Crescente;Nublado;Simples;Reta;N�o;2;0;0;1;1;0;1;2;-30,075125;-51,590378;SPRF-RS;DEL02-RS;UOP01-DEL02-RS;;;
657804;27/01/2025;segunda-feira;23:00:00;PR;376;651,5;TIJUCAS DO SUL;Rea��o tardia ou ineficiente do condutor;Colis�o lateral mesmo sentido;Sem V�timas;Plena Noite;Decrescente;Garoa/Chuvisco;Dupla;"Reta;Declive";N�o;2;0;0;0;2;0;0;2;-25,845243;-49,078578;SPRF-PR;DEL01-PR;UOP04-DEL01-PR;;;
657806;27/01/2025;segunda-feira;19:30:00;RS;470;169,9;VILA FLORES;Frear bruscamente;Colis�o transversal;Sem V�timas;Anoitecer;Crescente;Chuva;Simples;"Declive;Reta";N�o;3;0;0;0;3;0;0;2;-28,87532452;-51,5493536;SPRF-RS;DEL06-RS;UOP02-DEL06-RS;;;
657807;27/01/2025;segunda-feira;18:55:00;RO;364;846;PORTO VELHO;Aus�ncia de rea��o do condutor;Colis�o lateral mesmo sentido;Com V�timas Feridas;Plena Noite;Crescente;C�u Claro;Simples;Reta;N�o;2;0;0;1;1;0;1;2;-9,44578532;-64,72839082;SPRF-RO;DEL01-RO;UOP02-DEL01-RO;;;
657808;27/01/2025;segunda-feira;22:10:00;MG;40;580;ITABIRITO;Sinaliza��o mal posicionada;Colis�o com objeto;Com V�timas Feridas;Plena Noite;Crescente;C�u Claro;Dupla;Curva;N�o;4;0;2;0;1;1;2;2;-20,29439498;-43,93886497;SPRF-MG;DEL01-MG;UOP02-DEL01-MG;;;
657810;28/01/2025;ter�a-feira;01:30:00;SC;101;149,5;ITAPEMA;Ingest�o de �lcool pelo condutor;Colis�o lateral mesmo sentido;Com V�timas Feridas;Plena Noite;Crescente;Nublado;Dupla;Reta;Sim;5;0;2;0;2;2;2;4;-27,1089649;-48,61277586;SPRF-SC;DEL04-SC;UOP03-DEL04-SC;;;
657811;28/01/2025;ter�a-feira;02:10:00;SP;116;156,4;SAO JOSE DOS CAMPOS;Sinaliza��o mal posicionada;Colis�o traseira;Com V�timas Feridas;Plena Noite;Decrescente;C�u Claro;Dupla;"Em Obras;Reta";N�o;5;0;0;2;1;2;2;3;-23,25044084;-45,93572909;SPRF-SP;DEL02-SP;UOP01-DEL02-SP;;;
657812;28/01/2025;ter�a-feira;02:25:00;SP;116;156,4;SAO JOSE DOS CAMPOS;Condutor Dormindo;Colis�o com objeto;Com V�timas Feridas;Plena Noite;Decrescente;Garoa/Chuvisco;Dupla;"Em Obras;Reta";N�o;4;0;0;2;2;0;2;3;-23,25044084;-45,93572909;SPRF-SP;DEL02-SP;UOP01-DEL02-SP;;;
657813;28/01/2025;ter�a-feira;02:54:00;TO;153;560;FATIMA;Entrada inopinada do pedestre;Atropelamento de Pedestre;Com V�timas Fatais;Plena Noite;Decrescente;C�u Claro;Simples;Reta;N�o;5;1;0;0;2;2;0;4;-10,74245889;-48,90320815;SPRF-TO;DEL01-TO;UOP01-DEL01-TO;;;
657814;28/01/2025;ter�a-feira;03:57:00;PR;277;675;MEDIANEIRA;Aus�ncia de rea��o do condutor;Colis�o traseira;Com V�timas Feridas;Plena Noite;Crescente;Nevoeiro/Neblina;Dupla;Reta;N�o;2;0;0;1;1;0;1;2;-25,29891949;-54,12338731;SPRF-PR;DEL05-PR;UOP01-DEL05-PR;;;