id;data_inversa;dia_semana;horario;uf;br;km;municipio;causa_acidente;tipo_acidente;classificacao_acidente;fase_dia;sentido_via;condicao_metereologica;tipo_pista;tracado_via;uso_solo;pessoas;mortos;feridos_leves;feridos_graves;ilesos;ignorados;feridos;veiculos;latitude;longitude;regional;delegacia;uop;;;
658136;29/01/2025;quarta-feira;23:40:00;PR;376;623;SAO JOSE DOS PINHAIS;Acesso irregular;Sa�da de leito carro��vel;Com V�timas Feridas;Plena Noite;Decrescente;C�u Claro;Dupla;Reta;N�o;3;0;1;0;1;1;1;3;-25,63462416;-49,16182135;SPRF-PR;DEL01-PR;UOP04-DEL01-PR;;;
658138;30/01/2025;quinta-feira;00:00:00;RN;101;159;CANGUARETAMA;Demais falhas mec�nicas ou el�tricas;Inc�ndio;Sem V�timas;Plena Noite;Crescente;Chuva;Dupla;Rotat�ria;N�o;1;0;0;0;1;0;0;1;-6,36312911;-35,15714218;SPRF-RN;DEL01-RN;UOP01-DEL01-RN;;;
658141;29/01/2025;quarta-feira;23:00:00;MG;262;594,5;CAMPOS ALTOS;Velocidade Incompat�vel;Tombamento;Sem V�timas;Plena Noite;Decrescente;Chuva;Simples;Reta;N�o;1;0;0;0;1;0;0;1;-19,65385776;-46,18481755;SPRF-MG;DEL08-MG;UOP02-DEL08-MG;;;
658143;30/01/2025;quinta-feira;01:10:00;SP;116;320;JUQUITIBA;Condutor deixou de manter dist�ncia do ve�culo da frente;Engavetamento;Com V�timas Feridas;Plena Noite;Decrescente;Nublado;Dupla;Reta;N�o;6;0;1;0;5;0;1;3;-23,93226;-47,00835;SPRF-SP;DEL04-SP;UOP03-DEL04-SP;;;
658145;29/01/2025;quarta-feira;16:20:00;SC;101;277;IMBITUBA;Aus�ncia de rea��o do condutor;Colis�o com objeto;Com V�timas Feridas;Pleno dia;Decrescente;Garoa/Chuvisco;M�ltipla;Reta;N�o;1;0;1;0;0;0;1;1;-28,15478103;-48,69265474;SPRF-SC;DEL02-SC;UOP03-DEL02-SC;;;
658148;30/01/2025;quinta-feira;05:15:00;DF;20;39;BRASILIA;Rea��o tardia ou ineficiente do condutor;Queda de ocupante de ve�culo;Com V�timas Feridas;Amanhecer;Crescente;Chuva;Dupla;"Reta;Declive";N�o;3;0;1;0;1;1;1;3;-15,581864;-47,521973;SPRF-DF;DEL02-DF;UOP01-DEL02-DF;;;
658158;30/01/2025;quinta-feira;00:30:00;PR;373;227,9;IMBITUVA;Rea��o tardia ou ineficiente do condutor;Sa�da de leito carro��vel;Com V�timas Feridas;Plena Noite;Decrescente;C�u Claro;Simples;Reta;N�o;2;0;1;0;0;1;1;2;-25,17459823;-50,63931587;SPRF-PR;DEL03-PR;UOP01-DEL03-PR;;;
658160;30/01/2025;quinta-feira;03:40:00;BA;116;890;VITORIA DA CONQUISTA;Demais falhas mec�nicas ou el�tricas;Tombamento;Com V�timas Feridas;Plena Noite;Decrescente;Nublado;Simples;Reta;N�o;2;0;1;0;0;1;1;2;-15,28578591;-41,13352714;SPRF-BA;DEL08-BA;UOP03-DEL08-BA;;;
658161;30/01/2025;quinta-feira;07:00:00;BA;116;864;VITORIA DA CONQUISTA;Rea��o tardia ou ineficiente do condutor;Sa�da de leito carro��vel;Com V�timas Feridas;Amanhecer;Crescente;C�u Claro;Simples;Reta;N�o;2;0;1;0;0;1;1;2;-15,0848343;-41,01118151;SPRF-BA;DEL08-BA;UOP01-DEL08-BA;;;
658165;30/01/2025;quinta-feira;06:55:00;GO;153;75;PORANGATU;Aus�ncia de rea��o do condutor;Colis�o traseira;Com V�timas Feridas;Pleno dia;Crescente;Garoa/Chuvisco;Simples;Reta;N�o;3;0;1;0;1;3;1;5;-13,491837;-49,134628;SPRF-GO;DEL07-GO;UOP01-DEL07-GO;;;
658167;30/01/2025;quinta-feira;00:10:00;RJ;493;90;SEROPEDICA;Rea��o tardia ou ineficiente do condutor;Tombamento;Com V�timas Feridas;Plena Noite;Crescente;Nublado;Dupla;Reta;N�o;2;0;1;0;0;1;1;2;-22,67585;-43,658536;SPRF-RJ;DEL01-RJ;UOP03-DEL01-RJ;;;
658168;30/01/2025;quinta-feira;07:25:00;SP;153;61,4;SAO JOSE DO RIO PRETO;Aus�ncia de rea��o do condutor;Colis�o lateral mesmo sentido;Com V�timas Feridas;Pleno dia;Crescente;Nublado;Dupla;Reta;Sim;4;0;0;1;2;2;1;5;-20,80502876;-49,35574909;SPRF-SP;DEL09-SP;UOP01-DEL09-SP;;;
658169;30/01/2025;quinta-feira;06:50:00;RJ;101;67;CAMPOS DOS GOYTACAZES;Acesso irregular;Colis�o transversal;Com V�timas Feridas;Pleno dia;Decrescente;C�u Claro;Simples;Reta;Sim;4;0;3;0;0;2;3;4;-21,83525792;-41,41878002;SPRF-RJ;DEL08-RJ;UOP02-DEL08-RJ;;;
658171;30/01/2025;quinta-feira;07:45:00;GO;153;499,8;GOIANIA;Trafegar com motocicleta (ou similar) entre as faixas;Colis�o traseira;Com V�timas Fatais;Pleno dia;Crescente;Nublado;Dupla;Reta;Sim;6;1;0;0;4;1;0;5;-16,7033;-49,2311;SPRF-GO;DEL01-GO;UOP01-DEL01-GO;;;
658183;30/01/2025;quinta-feira;08:30:00;PR;116;119;CURITIBA;Manobra de mudan�a de faixa;Colis�o lateral mesmo sentido;Com V�timas Feridas;Pleno dia;Crescente;Nublado;Dupla;Reta;Sim;2;0;1;0;1;0;1;2;-25,574886;-49,311777;SPRF-PR;DEL01-PR;UOP03-DEL01-PR;;;
658194;30/01/2025;quinta-feira;09:30:00;RO;364;152;PIMENTA BUENO;Faixas de tr�nsito com largura insuficiente;Sa�da de leito carro��vel;Com V�timas Feridas;Pleno dia;Decrescente;C�u Claro;Simples;Curva;N�o;3;0;1;0;1;3;1;5;-11,98740675;-60,94744778;SPRF-RO;DEL02-RO;UOP02-DEL02-RO;;;
658202;30/01/2025;quinta-feira;11:30:00;SP;116;456,9;REGISTRO;Acessar a via sem observar a presen�a dos outros ve�culos;Colis�o lateral mesmo sentido;Sem V�timas;Pleno dia;Crescente;Nublado;Dupla;Reta;N�o;5;0;0;0;5;0;0;3;-24,580349;-47,88461;SPRF-SP;DEL05-SP;UOP01-DEL05-SP;;;
658203;30/01/2025;quinta-feira;11:00:00;ES;101;8,1;PEDRO CANARIO;Velocidade Incompat�vel;Tombamento;Com V�timas Feridas;Pleno dia;Crescente;C�u Claro;Simples;"Curva;Aclive";N�o;2;0;1;0;0;1;1;2;-18,23027961;-39,95278417;SPRF-ES;DEL04-ES;UOP02-DEL04-ES;;;
658205;30/01/2025;quinta-feira;10:00:00;RJ;101;83;CAMPOS DOS GOYTACAZES;Rea��o tardia ou ineficiente do condutor;Tombamento;Com V�timas Feridas;Pleno dia;Decrescente;C�u Claro;Simples;Curva;N�o;2;0;1;0;0;1;1;2;-21,82162418;-41,46695137;SPRF-RJ;DEL08-RJ;UOP02-DEL08-RJ;;;
658209;30/01/2025;quinta-feira;09:30:00;DF;20;2;BRASILIA;Manobra de mudan�a de faixa;Colis�o lateral mesmo sentido;Com V�timas Feridas;Pleno dia;Decrescente;Chuva;M�ltipla;"Viaduto;Reta";Sim;2;0;1;0;1;0;1;2;-15,682896;-47,840729;SPRF-DF;DEL02-DF;UOP01-DEL02-DF;;;
658217;30/01/2025;quinta-feira;07:00:00;MT;158;544,9;AGUA BOA;Acostamento em desn�vel;Tombamento;Com V�timas Feridas;Pleno dia;Decrescente;Nublado;Simples;Reta;N�o;2;0;1;0;0;1;1;2;-13,86999497;-52,06354782;SPRF-MT;DEL07-MT;UOP02-DEL07-MT;;;
658220;30/01/2025;quinta-feira;12:50:00;GO;40;88,6;CRISTALINA;Desrespeitar a prefer�ncia no cruzamento;Colis�o transversal;Com V�timas Feridas;Pleno dia;Crescente;C�u Claro;Simples;"Retorno Regulamentado;Rotat�ria;Reta";N�o;3;0;0;2;1;0;2;2;-16,716902;-47,660862;SPRF-DF;DEL01-DF;UOP02-DEL01-DF;;;
658223;30/01/2025;quinta-feira;13:45:00;SC;116;6,9;MAFRA;Acesso irregular;Colis�o transversal;Com V�timas Feridas;Pleno dia;Crescente;C�u Claro;Simples;Reta;Sim;2;0;1;0;1;0;1;2;-26,15196176;-49,83102416;SPRF-SC;DEL06-SC;UOP01-DEL06-SC;;;
658227;30/01/2025;quinta-feira;13:35:00;RS;386;234,2;SOLEDADE;Acesso irregular;Colis�o frontal;Com V�timas Feridas;Pleno dia;Crescente;C�u Claro;Simples;Reta;N�o;3;0;1;0;1;1;1;3;-28,722898;-52,560581;SPRF-RS;DEL04-RS;UOP03-DEL04-RS;;;
658235;30/01/2025;quinta-feira;12:32:00;PR;277;342;GUARAPUAVA;Rea��o tardia ou ineficiente do condutor;Capotamento;Com V�timas Fatais;Pleno dia;Decrescente;C�u Claro;Dupla;Reta;Sim;2;1;0;0;0;1;0;2;-25,35535069;-51,46137714;SPRF-PR;DEL08-PR;UOP01-DEL08-PR;;;
658236;30/01/2025;quinta-feira;13:00:00;CE;116;375,9;ICO;Aus�ncia de rea��o do condutor;Colis�o transversal;Com V�timas Feridas;Pleno dia;Decrescente;C�u Claro;Simples;"Rotat�ria;Reta";Sim;3;0;0;1;1;4;1;6;-6,3951252;-38,83101685;SPRF-CE;DEL05-CE;UOP01-DEL05-CE;;;
658238;30/01/2025;quinta-feira;14:50:00;PA;316;56;CASTANHAL;Manobra de mudan�a de faixa;Colis�o traseira;Com V�timas Feridas;Pleno dia;Decrescente;C�u Claro;Dupla;Reta;Sim;3;0;1;0;2;0;1;3;-1,30296976;-47,99063907;SPRF-PA;DEL01-PA;UOP01-DEL01-PA;;;
658239;30/01/2025;quinta-feira;15:00:00;BA;116;543;MILAGRES;Condutor deixou de manter dist�ncia do ve�culo da frente;Colis�o traseira;Com V�timas Fatais;Pleno dia;Crescente;C�u Claro;Simples;Reta;N�o;51;1;11;0;38;2;11;4;-12,85096022;-39,84407187;SPRF-BA;DEL03-BA;UOP02-DEL03-BA;;;
658240;30/01/2025;quinta-feira;12:30:00;MS;163;839;SONORA;Ingest�o de �lcool pelo condutor;Sa�da de leito carro��vel;Sem V�timas;Pleno dia;Decrescente;C�u Claro;Dupla;"Aclive;Reta";N�o;2;0;0;0;1;2;0;3;-17,58231308;-54,74314059;SPRF-MS;DEL06-MS;UOP01-DEL06-MS;;;
658241;30/01/2025;quinta-feira;12:30:00;TO;153;468;BARROLANDIA;Demais falhas mec�nicas ou el�tricas;Sa�da de leito carro��vel;Com V�timas Feridas;Pleno dia;Decrescente;Nublado;Simples;Reta;N�o;2;0;1;0;0;1;1;2;-9,98289731;-48,75211852;SPRF-TO;DEL01-TO;UOP01-DEL01-TO;;;
658242;30/01/2025;quinta-feira;14:00:00;RS;290;86;PORTO ALEGRE;Condutor deixou de manter dist�ncia do ve�culo da frente;Colis�o traseira;Com V�timas Feridas;Pleno dia;Decrescente;C�u Claro;M�ltipla;Reta;Sim;5;0;2;0;2;1;2;5;-29,968412;-51,117138;SPRF-RS;DEL01-RS;UOP01-DEL01-RS;;;
658248;30/01/2025;quinta-feira;13:30:00;PR;376;602;CURITIBA;Rea��o tardia ou ineficiente do condutor;Tombamento;Com V�timas Feridas;Pleno dia;Crescente;Sol;Dupla;Reta;N�o;2;0;1;0;0;1;1;2;-25,524947;-49,331189;SPRF-PR;DEL01-PR;UOP06-DEL01-PR;;;
658252;30/01/2025;quinta-feira;11:30:00;PR;116;115;CURITIBA;Rea��o tardia ou ineficiente do condutor;Tombamento;Com V�timas Feridas;Pleno dia;Decrescente;C�u Claro;M�ltipla;"Curva;Declive";Sim;2;0;1;0;0;1;1;2;-25,545275;-49,299917;SPRF-PR;DEL01-PR;UOP03-DEL01-PR;;;
658255;30/01/2025;quinta-feira;16:10:00;MG;116;276;TEOFILO OTONI;Manobra de mudan�a de faixa;Colis�o lateral mesmo sentido;Com V�timas Feridas;Pleno dia;Crescente;Nublado;Dupla;"Curva;Rotat�ria";Sim;2;0;1;0;1;0;1;2;-17,85105696;-41,51454492;SPRF-MG;DEL11-MG;UOP01-DEL11-MG;;;
658261;30/01/2025;quinta-feira;16:10:00;SP;116;20,3;LAVRINHAS;Demais falhas mec�nicas ou el�tricas;Colis�o traseira;Com V�timas Feridas;Pleno dia;Decrescente;Nublado;Dupla;Curva;N�o;3;0;1;0;1;2;1;4;-22,57232099;-44,86495105;SPRF-SP;DEL08-SP;UOP02-DEL08-SP;;;
658262;30/01/2025;quinta-feira;15:35:00;PR;476;145;CURITIBA;Rea��o tardia ou ineficiente do condutor;Colis�o traseira;Com V�timas Feridas;Pleno dia;Decrescente;C�u Claro;Dupla;"Reta;Aclive";Sim;3;0;0;1;1;1;1;3;-25,5499628;-49,3269815;SPRF-PR;DEL01-PR;UOP06-DEL01-PR;;;
658268;30/01/2025;quinta-feira;14:00:00;PR;277;226,8;TEIXEIRA SOARES;Aus�ncia de sinaliza��o;Colis�o traseira;Sem V�timas;Pleno dia;Decrescente;C�u Claro;Simples;"Em Obras;Curva";N�o;4;0;0;0;3;2;0;4;-25,45787055;-50,43363476;SPRF-PR;DEL08-PR;UOP02-DEL08-PR;;;
658269;30/01/2025;quinta-feira;17:28:00;AL;101;74,5;MESSIAS;Manobra de mudan�a de faixa;Colis�o lateral mesmo sentido;Com V�timas Feridas;Pleno dia;Decrescente;C�u Claro;Dupla;Curva;Sim;3;0;1;0;1;1;1;3;-9,395538;-35,8387;SPRF-AL;DEL01-AL;UOP01-DEL01-AL;;;
658275;30/01/2025;quinta-feira;17:15:00;SC;101;42,1;JOINVILLE;Trafegar com motocicleta (ou similar) entre as faixas;Colis�o traseira;Com V�timas Feridas;Pleno dia;Decrescente;Nublado;Dupla;Reta;Sim;4;0;1;0;2;1;1;4;-26,29251598;-48,88474385;SPRF-SC;DEL03-SC;UOP01-DEL03-SC;;;
658276;30/01/2025;quinta-feira;15:50:00;MG;40;529,8;CONTAGEM;Chuva;Colis�o com objeto;Com V�timas Feridas;Pleno dia;Crescente;Chuva;Dupla;Curva;Sim;1;0;1;0;0;0;1;1;-19,92064782;-44,0335681;SPRF-MG;DEL01-MG;UOP02-DEL01-MG;;;
658277;30/01/2025;quinta-feira;17:00:00;SP;116;163,6;JACAREI;Demais falhas mec�nicas ou el�tricas;Colis�o traseira;Sem V�timas;Pleno dia;Decrescente;Chuva;Dupla;Reta;N�o;2;0;0;0;2;0;0;2;-23,28649584;-45,9919851;SPRF-SP;DEL02-SP;UOP01-DEL02-SP;;;
658283;30/01/2025;quinta-feira;16:30:00;MG;116;698,2;MURIAE;Velocidade Incompat�vel;Tombamento;Com V�timas Feridas;Pleno dia;Decrescente;Sol;Simples;"Curva;Declive";N�o;4;0;2;0;1;2;2;4;-21,09085016;-42,37310442;SPRF-MG;DEL07-MG;UOP02-DEL07-MG;;;
658291;30/01/2025;quinta-feira;18:10:00;PR;373;181;PONTA GROSSA;Acessar a via sem observar a presen�a dos outros ve�culos;Colis�o frontal;Sem V�timas;Anoitecer;Decrescente;Chuva;Dupla;Reta;Sim;2;0;0;0;2;0;0;2;-25,04266233;-50,25791089;SPRF-PR;DEL03-PR;UOP01-DEL03-PR;;;
658292;30/01/2025;quinta-feira;18:30:00;RS;158;332;SANTA MARIA;Rea��o tardia ou ineficiente do condutor;Sa�da de leito carro��vel;Com V�timas Feridas;Anoitecer;Crescente;Nublado;Dupla;Reta;Sim;3;0;1;0;1;1;1;3;-29,70455526;-53,84562677;SPRF-RS;DEL09-RS;UOP01-DEL09-RS;;;
658293;30/01/2025;quinta-feira;18:00:00;SC;101;112;ITAJAI;Trafegar com motocicleta (ou similar) entre as faixas;Colis�o lateral mesmo sentido;Com V�timas Feridas;Pleno dia;Decrescente;C�u Claro;Dupla;"Reta;Ponte";Sim;4;0;1;0;1;2;1;4;-26,84589005;-48,72131295;SPRF-SC;DEL04-SC;UOP04-DEL04-SC;;;
658294;30/01/2025;quinta-feira;18:25:00;MT;163;1067;GUARANTA DO NORTE;Rea��o tardia ou ineficiente do condutor;Sa�da de leito carro��vel;Sem V�timas;Anoitecer;Decrescente;Nublado;Simples;Reta;N�o;2;0;0;0;1;1;0;2;-10,06966899;-54,90642513;SPRF-MT;DEL06-MT;UOP03-DEL06-MT;;;
658305;30/01/2025;quinta-feira;21:50:00;RN;101;85;NATAL;Rea��o tardia ou ineficiente do condutor;Colis�o lateral mesmo sentido;Com V�timas Feridas;Plena Noite;Crescente;C�u Claro;Simples;Reta;Sim;2;0;1;0;1;0;1;2;-5,777664;-35,24937;SPRF-RN;DEL02-RN;UOP01-DEL02-RN;;;
658306;30/01/2025;quinta-feira;21:00:00;TO;153;758,8;ALVORADA;Acessar a via sem observar a presen�a dos outros ve�culos;Colis�o transversal;Com V�timas Feridas;Plena Noite;Crescente;Nublado;Simples;Reta;Sim;2;0;0;1;1;0;1;2;-12,45418101;-49,11937505;SPRF-TO;DEL01-TO;UOP02-DEL01-TO;;;
658307;30/01/2025;quinta-feira;20:00:00;MT;364;397;CUIABA;Acumulo de �gua sobre o pavimento;Sa�da de leito carro��vel;Com V�timas Feridas;Plena Noite;Crescente;Chuva;Dupla;Reta;N�o;1;0;1;0;0;0;1;1;-15,68642489;-55,91347495;SPRF-MT;DEL01-MT;UOP02-DEL01-MT;;;
658312;30/01/2025;quinta-feira;23:20:00;SP;116;324,6;JUQUITIBA;Rea��o tardia ou ineficiente do condutor;Colis�o traseira;Com V�timas Feridas;Plena Noite;Decrescente;Chuva;Dupla;Reta;Sim;5;0;1;1;1;2;2;4;-23,94029914;-47,04398301;SPRF-SP;DEL04-SP;UOP03-DEL04-SP;;;
658316;31/01/2025;sexta-feira;00:10:00;PR;476;192;LAPA;Velocidade Incompat�vel;Colis�o frontal;Com V�timas Fatais;Plena Noite;Crescente;Chuva;Simples;"Declive;Curva";N�o;3;1;0;0;1;1;0;3;-25,731652;-49,704011;SPRF-PR;DEL01-PR;UOP06-DEL01-PR;;;
658320;31/01/2025;sexta-feira;00:01:00;MG;40;440,7;PARAOPEBA;Aus�ncia de rea��o do condutor;Colis�o traseira;Com V�timas Feridas;Plena Noite;Decrescente;Nublado;Dupla;Reta;N�o;3;0;1;0;1;4;1;6;-19,23100428;-44,43562244;SPRF-MG;DEL02-MG;UOP01-DEL02-MG;;;
658325;31/01/2025;sexta-feira;02:00:00;AM;174;1024;PRESIDENTE FIGUEIREDO;Condutor Dormindo;Sa�da de leito carro��vel;Sem V�timas;Plena Noite;Decrescente;C�u Claro;Simples;Curva;N�o;1;0;0;0;1;0;0;1;-1,79753987;-60,14461348;SPRF-AM;DEL01-AM;UOP02-DEL01-AM;;;
658326;31/01/2025;sexta-feira;03:40:00;GO;60;68;ABADIANIA;Ingest�o de �lcool pelo condutor;Sa�da de leito carro��vel;Sem V�timas;Plena Noite;Crescente;C�u Claro;Dupla;Reta;Sim;1;0;0;0;1;0;0;1;-16,2381207;-48,75987768;SPRF-GO;DEL02-GO;UOP01-DEL02-GO;;;
658330;30/01/2025;quinta-feira;23:30:00;MG;251;290,1;SALINAS;Aus�ncia de rea��o do condutor;Engavetamento;Com V�timas Feridas;Plena Noite;Decrescente;C�u Claro;Simples;"Reta;Aclive";N�o;19;0;1;0;17;5;1;10;-16,06017595;-42,19594359;SPRF-MG;DEL12-MG;UOP02-DEL12-MG;;;
658331;31/01/2025;sexta-feira;05:50:00;MG;40;779,8;JUIZ DE FORA;Animais na Pista;Atropelamento de Animal;Com V�timas Feridas;Amanhecer;Decrescente;Nublado;Dupla;Reta;N�o;4;0;1;0;2;2;1;5;-21,67252614;-43,44374992;SPRF-MG;DEL05-MG;UOP01-DEL05-MG;;;
658333;30/01/2025;quinta-feira;17:00:00;MG;116;554;MANHUACU;Aus�ncia de rea��o do condutor;Tombamento;Com V�timas Feridas;Anoitecer;Crescente;Nublado;Simples;Curva;N�o;2;0;1;0;0;1;1;2;-20,00117809;-42,14034158;SPRF-MG;DEL06-MG;UOP02-DEL06-MG;;;
658334;30/01/2025;quinta-feira;22:00:00;MG;262;24;REDUTO;Transitar na contram�o;Colis�o frontal;Com V�timas Fatais;Plena Noite;Crescente;Nublado;Simples;Reta;N�o;2;1;0;0;1;0;0;2;-20,24814827;-41,94094189;SPRF-MG;DEL06-MG;UOP03-DEL06-MG;;;
658335;31/01/2025;sexta-feira;07:03:00;MG;365;599;UBERLANDIA;Rea��o tardia ou ineficiente do condutor;Sa�da de leito carro��vel;Com V�timas Feridas;Pleno dia;Crescente;C�u Claro;Simples;Reta;N�o;2;0;1;0;0;1;1;2;-18,88997892;-48,12177605;SPRF-MG;DEL15-MG;UOP01-DEL15-MG;;;
658337;31/01/2025;sexta-feira;05:30:00;MT;364;89,2;ALTO GARCAS;Aus�ncia de rea��o do condutor;Sa�da de leito carro��vel;Com V�timas Feridas;Amanhecer;Decrescente;Chuva;Simples;Curva;N�o;3;0;1;0;1;2;1;3;-16,86308889;-53,72048697;SPRF-MT;DEL02-MT;UOP02-DEL02-MT;;;
658340;30/01/2025;quinta-feira;17:30:00;PR;153;509,5;GENERAL CARNEIRO;Velocidade Incompat�vel;Sa�da de leito carro��vel;Sem V�timas;Anoitecer;Decrescente;Chuva;Simples;Curva;N�o;1;0;0;0;1;0;0;1;-26,54226738;-51,40216828;SPRF-PR;DEL02-PR;UOP03-DEL02-PR;;;
658345;31/01/2025;sexta-feira;06:00:00;GO;20;41;FORMOSA;Rea��o tardia ou ineficiente do condutor;Colis�o traseira;Com V�timas Feridas;Amanhecer;Crescente;C�u Claro;Simples;Reta;N�o;5;0;2;0;3;0;2;3;-15,396284;-47,099884;SPRF-DF;DEL02-DF;UOP02-DEL02-DF;;;
658347;30/01/2025;quinta-feira;19:45:00;MT;364;579,9;DIAMANTINO;Rea��o tardia ou ineficiente do condutor;Sa�da de leito carro��vel;Com V�timas Feridas;Plena Noite;Decrescente;Chuva;Dupla;"Reta;Declive";N�o;2;0;1;0;0;1;1;2;-14,66298789;-56,29936934;SPRF-MT;DEL01-MT;UOP01-DEL01-MT;;;
658356;31/01/2025;sexta-feira;06:27:00;ES;101;269;SERRA;Acessar a via sem observar a presen�a dos outros ve�culos;Colis�o lateral mesmo sentido;Sem V�timas;Pleno dia;Decrescente;C�u Claro;Simples;Reta;N�o;2;0;0;0;0;2;0;2;-20,21740496;-40,26990578;SPRF-ES;DEL02-ES;UOP01-DEL02-ES;;;
658366;31/01/2025;sexta-feira;07:50:00;GO;80;99,9;VILA PROPICIO;Velocidade Incompat�vel;Colis�o traseira;Com V�timas Feridas;Pleno dia;Crescente;Nublado;Simples;Reta;N�o;5;0;1;1;1;3;2;6;-15,202273;-48,75209;SPRF-GO;DEL07-GO;UOP02-DEL07-GO;;;
658367;31/01/2025;sexta-feira;08:45:00;MS;163;680,7;RIO VERDE DE MATO GROSSO;Velocidade Incompat�vel;Colis�o transversal;Com V�timas Feridas;Pleno dia;Crescente;C�u Claro;Simples;Reta;Sim;3;0;1;0;1;1;1;3;-18,92417173;-54,83538529;SPRF-MS;DEL06-MS;UOP02-DEL06-MS;;;
658368;08/01/2025;quarta-feira;13:39:00;RO;319;54;PORTO VELHO;Rea��o tardia ou ineficiente do condutor;Tombamento;Com V�timas Feridas;Pleno dia;Decrescente;Nublado;Simples;Curva;N�o;1;0;1;0;0;0;1;1;-8,74350592;-63,94936497;SPRF-RO;DEL01-RO;UOP01-DEL01-RO;;;
658376;31/01/2025;sexta-feira;09:10:00;MS;163;206,3;CAARAPO;Aus�ncia de rea��o do condutor;Colis�o traseira;Com V�timas Feridas;Pleno dia;Crescente;C�u Claro;Simples;Reta;N�o;4;0;3;0;1;0;3;2;-22,65390994;-54,80646392;SPRF-MS;DEL04-MS;UOP02-DEL04-MS;;;
658380;31/01/2025;sexta-feira;10:55:00;PB;230;25,4;JOAO PESSOA;Aus�ncia de rea��o do condutor;Colis�o com objeto;Com V�timas Feridas;Pleno dia;Crescente;C�u Claro;M�ltipla;"Aclive;Reta;Viaduto";Sim;2;0;0;1;1;0;1;2;-7,16947372;-34,87385511;SPRF-PB;DEL01-PB;UOP01-DEL01-PB;;;
658383;30/01/2025;quinta-feira;16:30:00;PA;10;160;PARAGOMINAS;Problema com o freio;Inc�ndio;Sem V�timas;Pleno dia;Crescente;C�u Claro;Simples;Reta;Sim;2;0;0;0;1;1;0;2;-3,033007;-47,466543;SPRF-PA;DEL02-PA;UOP01-DEL02-PA;;;
658385;31/01/2025;sexta-feira;08:50:00;MT;364;134;PEDRA PRETA;Ultrapassagem Indevida;Colis�o lateral mesmo sentido;Com V�timas Feridas;Pleno dia;Crescente;C�u Claro;Simples;"Curva;Declive";N�o;5;0;0;1;3;5;1;8;-16,82537001;-54,060275;SPRF-MT;DEL02-MT;UOP01-DEL02-MT;;;
658391;31/01/2025;sexta-feira;12:10:00;SC;101;105;PENHA;Trafegar com motocicleta (ou similar) entre as faixas;Colis�o lateral mesmo sentido;Com V�timas Feridas;Plena Noite;Crescente;C�u Claro;Dupla;"Viaduto;Reta";N�o;2;0;0;1;0;1;1;2;-26,80215497;-48,67891041;SPRF-SC;DEL03-SC;UOP02-DEL03-SC;;;
658395;31/01/2025;sexta-feira;11:17:00;MS;262;320,9;CAMPO GRANDE;Acessar a via sem observar a presen�a dos outros ve�culos;Colis�o transversal;Com V�timas Feridas;Pleno dia;Crescente;C�u Claro;Simples;Reta;N�o;4;0;2;0;2;0;2;2;-20,4698075;-54,48459148;SPRF-MS;DEL01-MS;UOP01-DEL01-MS;;;
658396;31/01/2025;sexta-feira;12:25:00;PR;376;3;MANDAGUARI;Demais falhas mec�nicas ou el�tricas;Colis�o transversal;Com V�timas Feridas;Pleno dia;Decrescente;C�u Claro;Simples;Reta;Sim;2;0;1;0;1;0;1;2;-23,547966;-51,671265;SPRF-PR;DEL09-PR;UOP01-DEL09-PR;;;
658408;31/01/2025;sexta-feira;12:10:00;RN;406;162;CEARA-MIRIM;Demais falhas mec�nicas ou el�tricas;Tombamento;Sem V�timas;Pleno dia;Crescente;C�u Claro;Simples;Declive;Sim;2;0;0;0;1;2;0;3;-5,7280941;-35,36099113;SPRF-RN;DEL02-RN;UOP01-DEL02-RN;;;
658412;31/01/2025;sexta-feira;11:30:00;RJ;465;6;SEROPEDICA;Manobra de mudan�a de faixa;Colis�o lateral mesmo sentido;Com V�timas Feridas;Pleno dia;Decrescente;Nublado;Dupla;"Retorno Regulamentado;Reta";N�o;3;0;1;1;1;0;2;2;-22,754314;-43,692879;SPRF-RJ;DEL06-RJ;UOP02-DEL06-RJ;;;
658416;31/01/2025;sexta-feira;12:45:00;TO;153;703;CARIRI DO TOCANTINS;Transitar na contram�o;Colis�o lateral mesmo sentido;Com V�timas Feridas;Pleno dia;Crescente;Chuva;Simples;Declive;N�o;4;0;0;1;2;1;1;4;-11,978012;-49,202575;SPRF-TO;DEL01-TO;UOP02-DEL01-TO;;;
658419;31/01/2025;sexta-feira;15:00:00;ES;101;189;ARACRUZ;Condutor Dormindo;Colis�o lateral sentido oposto;Com V�timas Feridas;Pleno dia;Crescente;C�u Claro;Simples;Reta;N�o;6;0;3;0;2;1;3;3;-19,68134019;-40,27051885;SPRF-ES;DEL04-ES;UOP01-DEL04-ES;;;
658421;31/01/2025;sexta-feira;11:30:00;RJ;393;241;VASSOURAS;Manobra de mudan�a de faixa;Colis�o lateral mesmo sentido;Com V�timas Feridas;Pleno dia;Decrescente;C�u Claro;Simples;Reta;N�o;3;0;1;0;2;0;1;2;-22,41971814;-43,68447089;SPRF-RJ;DEL05-RJ;UOP04-DEL05-RJ;;;
658425;31/01/2025;sexta-feira;15:15:00;MG;381;616;OLIVEIRA;Curva acentuada;Sa�da de leito carro��vel;Com V�timas Feridas;Pleno dia;Crescente;Chuva;Dupla;Curva;N�o;2;0;1;0;0;1;1;2;-20,75304819;-44,77475634;SPRF-MG;DEL04-MG;UOP01-DEL04-MG;;;