id;data_inversa;dia_semana;horario;uf;br;km;municipio;causa_acidente;tipo_acidente;classificacao_acidente;fase_dia;sentido_via;condicao_metereologica;tipo_pista;tracado_via;uso_solo;pessoas;mortos;feridos_leves;feridos_graves;ilesos;ignorados;feridos;veiculos;latitude;longitude;regional;delegacia;uop;;;
658426;31/01/2025;sexta-feira;15:50:00;RS;290;78;GRAVATAI;Demais falhas mec�nicas ou el�tricas;Colis�o lateral mesmo sentido;Sem V�timas;Pleno dia;Crescente;C�u Claro;M�ltipla;Reta;N�o;2;0;0;0;2;0;0;2;-29,954178;-51,037735;SPRF-RS;DEL01-RS;UOP01-DEL01-RS;;;
658429;31/01/2025;sexta-feira;14:00:00;GO;153;526;HIDROLANDIA;Rea��o tardia ou ineficiente do condutor;Atropelamento de Pedestre;Com V�timas Feridas;Pleno dia;Decrescente;Chuva;Dupla;Reta;N�o;2;0;0;1;1;0;1;2;-16,9376;-49,2532;SPRF-GO;DEL01-GO;UOP03-DEL01-GO;;;
658431;31/01/2025;sexta-feira;15:30:00;MG;40;590,8;ITABIRITO;Aus�ncia de rea��o do condutor;Colis�o lateral mesmo sentido;Com V�timas Feridas;Pleno dia;Decrescente;Chuva;Dupla;"Aclive;Curva";N�o;4;0;2;0;2;0;2;2;-20,36807799;-43,90982881;SPRF-MG;DEL01-MG;UOP02-DEL01-MG;;;
658438;31/01/2025;sexta-feira;15:20:00;PE;232;412;SERRA TALHADA;Acessar a via sem observar a presen�a dos outros ve�culos;Colis�o transversal;Com V�timas Feridas;Pleno dia;Decrescente;C�u Claro;Simples;"Interse��o de Vias;Reta";Sim;3;0;0;1;2;0;1;2;-7,98424645;-38,32167506;SPRF-PE;DEL04-PE;UOP01-DEL04-PE;;;
658441;31/01/2025;sexta-feira;16:40:00;PE;232;181;BELO JARDIM;Acesso irregular;Colis�o frontal;Com V�timas Fatais;Pleno dia;Decrescente;C�u Claro;Simples;Reta;N�o;2;1;0;0;1;0;0;2;-8,34627974;-36,43776285;SPRF-PE;DEL03-PE;UOP02-DEL03-PE;;;
658444;31/01/2025;sexta-feira;15:55:00;PR;369;481,9;CORBELIA;Aus�ncia de rea��o do condutor;Colis�o traseira;Com V�timas Feridas;Pleno dia;Crescente;C�u Claro;Simples;"Aclive;Reta";N�o;4;0;1;0;2;1;1;4;-24,77247372;-53,29302901;SPRF-PR;DEL04-PR;UOP03-DEL04-PR;;;
658447;31/01/2025;sexta-feira;16:15:00;MG;40;515;RIBEIRAO DAS NEVES;Carga excessiva e/ou mal acondicionada;Sa�da de leito carro��vel;Com V�timas Feridas;Pleno dia;Decrescente;Chuva;Dupla;"Reta;Declive";N�o;2;0;1;0;0;1;1;2;-19,8090079;-44,09493479;SPRF-MG;DEL01-MG;UOP02-DEL01-MG;;;
658451;31/01/2025;sexta-feira;17:15:00;SP;116;212;GUARULHOS;Trafegar com motocicleta (ou similar) entre as faixas;Colis�o transversal;Com V�timas Feridas;Pleno dia;Crescente;C�u Claro;Dupla;Reta;Sim;3;0;0;1;2;0;1;3;-23,43608315;-46,42805094;SPRF-SP;DEL01-SP;UOP01-DEL01-SP;;;
658454;31/01/2025;sexta-feira;15:30:00;PR;153;240;TIBAGI;Velocidade Incompat�vel;Tombamento;Com V�timas Feridas;Pleno dia;Decrescente;Nublado;Simples;"Declive;Curva";N�o;2;0;0;1;0;1;1;2;-24,78994494;-50,46670675;SPRF-PR;DEL03-PR;UOP02-DEL03-PR;;;
658464;30/01/2025;quinta-feira;13:40:00;MG;40;459,7;CAETANOPOLIS;Chuva;Sa�da de leito carro��vel;Com V�timas Feridas;Pleno dia;Crescente;Chuva;Dupla;"Declive;Curva";N�o;2;0;1;0;0;1;1;2;-19,388919;-44,335457;SPRF-MG;DEL02-MG;UOP01-DEL02-MG;;;
658468;31/01/2025;sexta-feira;18:27:00;PE;232;90,1;SAIRE;Avarias e/ou desgaste excessivo no pneu;Colis�o transversal;Com V�timas Fatais;Plena Noite;Crescente;C�u Claro;Dupla;Curva;Sim;3;1;1;0;1;0;1;2;-8,21723507;-35,65712571;SPRF-PE;DEL02-PE;UOP02-DEL02PE;;;
658474;31/01/2025;sexta-feira;18:45:00;GO;20;5;FORMOSA;Pista Escorregadia;Sa�da de leito carro��vel;Sem V�timas;Anoitecer;Crescente;Chuva;Simples;"Declive;Reta";N�o;2;0;0;0;1;1;0;2;-15,555275;-47,306908;SPRF-DF;DEL02-DF;UOP02-DEL02-DF;;;
658475;31/01/2025;sexta-feira;17:10:00;PR;163;238,6;TOLEDO;Pista esburacada;Sa�da de leito carro��vel;Com V�timas Feridas;Pleno dia;Decrescente;Nublado;Dupla;Curva;N�o;1;0;0;1;0;0;1;1;-24,717822;-53,711597;SPRF-PR;DEL04-PR;UOP01-DEL04-PR;;;
658478;31/01/2025;sexta-feira;17:40:00;RJ;101;65;CAMPOS DOS GOYTACAZES;Ultrapassagem Indevida;Colis�o lateral mesmo sentido;Com V�timas Feridas;Pleno dia;Crescente;C�u Claro;Dupla;Reta;N�o;2;0;1;0;1;0;1;2;-21,75371806;-41,344292;SPRF-RJ;DEL08-RJ;UOP02-DEL08-RJ;;;
658483;31/01/2025;sexta-feira;19:00:00;RJ;101;294;ITABORAI;Trafegar com motocicleta (ou similar) entre as faixas;Colis�o transversal;Com V�timas Fatais;Plena Noite;Decrescente;Chuva;Dupla;Reta;Sim;4;1;0;0;2;1;0;4;-22,7584434;-42,89502344;SPRF-RJ;DEL02-RJ;UOP02-DEL02-RJ;;;
658486;31/01/2025;sexta-feira;17:51:00;SC;280;46,2;GUARAMIRIM;Acessar a via sem observar a presen�a dos outros ve�culos;Colis�o transversal;Com V�timas Feridas;Pleno dia;Crescente;Nublado;Simples;"Interse��o de Vias;Aclive;Reta";N�o;3;0;0;1;1;1;1;3;-26,45315954;-48,91022086;SPRF-SC;DEL03-SC;UOP03-DEL03-SC;;;
658489;31/01/2025;sexta-feira;19:30:00;BA;324;519;FEIRA DE SANTANA;Condutor deixou de manter dist�ncia do ve�culo da frente;Colis�o traseira;Com V�timas Feridas;Plena Noite;Decrescente;C�u Claro;Dupla;Reta;Sim;2;0;1;0;1;0;1;2;-12,28035623;-38,92438304;SPRF-BA;DEL02-BA;UOP01-DEL02-BA;;;
658491;31/01/2025;sexta-feira;14:45:00;PR;163;256;TOLEDO;Rea��o tardia ou ineficiente do condutor;Colis�o lateral mesmo sentido;Com V�timas Feridas;Pleno dia;Decrescente;C�u Claro;Dupla;Reta;N�o;3;0;1;0;1;1;1;3;-24,67939252;-53,78535368;SPRF-PR;DEL06-PR;UOP02-DEL06-PR;;;
658493;31/01/2025;sexta-feira;20:40:00;SP;101;44,9;UBATUBA;Acessar a via sem observar a presen�a dos outros ve�culos;Colis�o lateral mesmo sentido;Com V�timas Feridas;Plena Noite;Decrescente;Nublado;Simples;Reta;Sim;2;0;1;0;1;0;1;2;-23,41394683;-45,06765788;SPRF-SP;DEL06-SP;UOP01-DEL06-SP;;;
658494;31/01/2025;sexta-feira;20:00:00;MG;381;495,5;BETIM;Condutor deixou de manter dist�ncia do ve�culo da frente;Colis�o traseira;Sem V�timas;Plena Noite;Crescente;C�u Claro;Dupla;Reta;N�o;2;0;0;0;1;1;0;2;-19,98890883;-44,20522016;SPRF-MG;DEL01-MG;UOP03-DEL01-MG;;;
658500;31/01/2025;sexta-feira;20:15:00;MG;262;558;CORREGO DANTA;Rea��o tardia ou ineficiente do condutor;Colis�o lateral sentido oposto;Com V�timas Feridas;Plena Noite;Crescente;Chuva;Simples;Curva;N�o;3;0;1;0;1;1;1;3;-19,72243801;-45,93499096;SPRF-MG;DEL08-MG;UOP02-DEL08-MG;;;
658507;31/01/2025;sexta-feira;20:00:00;PR;163;343;GUAIRA;Acessar a via sem observar a presen�a dos outros ve�culos;Colis�o transversal;Com V�timas Feridas;Plena Noite;Crescente;C�u Claro;Simples;Reta;Sim;5;0;1;0;3;1;1;3;-24,21375699;-54,19958751;SPRF-PR;DEL06-PR;UOP01-DEL06-PR;;;
658516;31/01/2025;sexta-feira;22:40:00;PR;277;388;CANDOI;Aus�ncia de rea��o do condutor;Sa�da de leito carro��vel;Com V�timas Feridas;Plena Noite;Crescente;C�u Claro;Simples;Reta;N�o;1;0;1;0;0;0;1;1;-25,4345774;-51,80956591;SPRF-PR;DEL08-PR;UOP01-DEL08-PR;;;
658521;01/02/2025;s�bado;00:30:00;MT;70;18;BARRA DO GARCAS;Ultrapassagem Indevida;Colis�o frontal;Com V�timas Feridas;Plena Noite;Decrescente;Nublado;Simples;Reta;N�o;6;0;2;2;1;1;4;3;-15,85699472;-52,40960476;SPRF-MT;DEL07-MT;UOP01-DEL07-MT;;;
658529;01/02/2025;s�bado;01:30:00;SP;116;74;APARECIDA;Entrada inopinada do pedestre;Colis�o traseira;Com V�timas Feridas;Plena Noite;Crescente;Garoa/Chuvisco;Dupla;Reta;N�o;5;0;1;0;3;1;1;4;-22,87353809;-45,25320023;SPRF-SP;DEL08-SP;UOP01-DEL08-SP;;;
658531;01/02/2025;s�bado;03:10:00;RJ;101;49;CAMPOS DOS GOYTACAZES;Ultrapassagem Indevida;Colis�o frontal;Com V�timas Fatais;Plena Noite;Decrescente;C�u Claro;Simples;Reta;Sim;2;1;0;0;1;0;0;2;-21,62508006;-41,31411242;SPRF-RJ;DEL08-RJ;UOP01-DEL08-RJ;;;
658532;01/02/2025;s�bado;02:50:00;MG;381;485;BETIM;Ingest�o de �lcool pelo condutor;Colis�o traseira;Sem V�timas;Plena Noite;Decrescente;Nublado;Dupla;"Reta;Declive";Sim;3;0;0;0;2;1;0;3;-19,95569156;-44,09786582;SPRF-MG;DEL01-MG;UOP03-DEL01-MG;;;
658541;01/02/2025;s�bado;04:43:00;SC;470;140;RIO DO SUL;Ingest�o de �lcool pelo condutor;Colis�o lateral sentido oposto;Sem V�timas;Plena Noite;Decrescente;Nublado;Simples;Reta;Sim;3;0;0;0;2;1;0;3;-27,222485;-49,662827;SPRF-SC;DEL04-SC;UOP02-DEL04-SC;;;
658548;01/02/2025;s�bado;05:20:00;PI;343;1,7;TERESINA;Acessar a via sem observar a presen�a dos outros ve�culos;Colis�o transversal;Com V�timas Feridas;Amanhecer;Decrescente;C�u Claro;M�ltipla;Reta;Sim;2;0;0;1;1;0;1;2;-5,081368;-42,763372;SPRF-PI;DEL01-PI;UOP01-DEL01-PI;;;
658553;01/02/2025;s�bado;03:40:00;MT;163;756;SORRISO;Transitar na contram�o;Colis�o lateral sentido oposto;Com V�timas Feridas;Plena Noite;Decrescente;Chuva;Dupla;Reta;Sim;3;0;1;0;1;3;1;5;-12,51598253;-55,69726872;SPRF-MT;DEL06-MT;UOP01-DEL06-MT;;;
658558;01/02/2025;s�bado;03:00:00;MG;50;93;UBERLANDIA;Objeto est�tico sobre o leito carro��vel;Colis�o com objeto;Sem V�timas;Plena Noite;Crescente;C�u Claro;Dupla;Reta;N�o;3;0;0;0;2;1;0;3;-19,07492502;-48,18892306;SPRF-MG;DEL15-MG;UOP01-DEL15-MG;;;
658562;01/02/2025;s�bado;06:20:00;PR;376;494,1;PONTA GROSSA;Velocidade Incompat�vel;Colis�o traseira;Com V�timas Feridas;Pleno dia;Decrescente;Nublado;Dupla;"Declive;Reta";Sim;5;0;2;1;2;0;3;2;-25,12819303;-50,1754096;SPRF-PR;DEL03-PR;UOP04-DEL03-PR;;;
658568;01/02/2025;s�bado;06:15:00;SC;470;83,9;RODEIO;Transitar na contram�o;Colis�o frontal;Com V�timas Fatais;Amanhecer;Crescente;Nublado;Simples;Reta;N�o;7;3;0;1;1;2;1;4;-26,96135;-49,34197;SPRF-SC;DEL04-SC;UOP01-DEL04-SC;;;
658572;01/02/2025;s�bado;08:15:00;MG;50;15;UBERLANDIA;Velocidade Incompat�vel;Tombamento;Com V�timas Feridas;Pleno dia;Decrescente;Nublado;Simples;Curva;N�o;2;0;1;0;0;1;1;2;-18,9113;-48,2622;SPRF-MG;DEL15-MG;UOP01-DEL15-MG;;;
658576;01/02/2025;s�bado;07:20:00;MA;10;257;IMPERATRIZ;Convers�o proibida;Colis�o lateral mesmo sentido;Com V�timas Feridas;Pleno dia;Decrescente;C�u Claro;Simples;Reta;Sim;3;0;0;1;1;1;1;3;-5,490634;-47,471973;SPRF-MA;DEL04-MA;UOP01-DEL04-MA;;;
658581;31/01/2025;sexta-feira;18:30:00;GO;60;392;RIO VERDE;Falta de elemento de conten��o que evite a sa�da do leito carro��vel;Sa�da de leito carro��vel;Sem V�timas;Anoitecer;Decrescente;Nublado;Dupla;Reta;Sim;2;0;0;0;1;1;0;2;-17,8266;-50,9789;SPRF-GO;DEL04-GO;UOP02-DEL04-GO;;;
658585;01/02/2025;s�bado;08:30:00;SC;470;49,6;BLUMENAU;Manobra de mudan�a de faixa;Colis�o transversal;Com V�timas Feridas;Pleno dia;Crescente;C�u Claro;Dupla;Curva;N�o;3;0;1;1;1;0;2;2;-26,860662;-49,065159;SPRF-SC;DEL04-SC;UOP01-DEL04-SC;;;
658586;01/02/2025;s�bado;09:00:00;CE;20;403;CAUCAIA;Desrespeitar a prefer�ncia no cruzamento;Colis�o transversal;Sem V�timas;Pleno dia;Crescente;C�u Claro;Simples;"Curva;Interse��o de Vias";N�o;4;0;0;0;2;2;0;2;-3,78330069;-38,69351522;SPRF-CE;DEL01-CE;UOP01-DEL01-CE;;;
658589;01/02/2025;s�bado;09:00:00;MG;381;924,8;CAMANDUCAIA;Velocidade Incompat�vel;Colis�o lateral mesmo sentido;Com V�timas Feridas;Pleno dia;Crescente;Chuva;Dupla;Curva;N�o;4;0;2;0;1;1;2;3;-22,77050246;-46,23490598;SPRF-MG;DEL16-MG;UOP03-DEL16-MG;;;
658591;01/02/2025;s�bado;09:30:00;SP;116;216;GUARULHOS;Manobra de mudan�a de faixa;Colis�o traseira;Com V�timas Feridas;Pleno dia;Decrescente;Garoa/Chuvisco;M�ltipla;Reta;Sim;3;0;1;0;0;2;1;2;-23,45056589;-46,46258105;SPRF-SP;DEL01-SP;UOP01-DEL01-SP;;;
658592;31/01/2025;sexta-feira;23:30:00;PA;163;147;ALTAMIRA;Transitar na contram�o;Colis�o frontal;Com V�timas Fatais;Plena Noite;Crescente;Nublado;Simples;"Reta;Aclive";N�o;5;1;1;1;1;3;2;5;-8,41616187;-55,10111522;SPRF-MT;DEL06-MT;UOP03-DEL06-MT;;;
658601;01/02/2025;s�bado;08:55:00;RJ;101;515;ANGRA DOS REIS;Rea��o tardia ou ineficiente do condutor;Colis�o lateral sentido oposto;Com V�timas Fatais;Pleno dia;Crescente;C�u Claro;Simples;Reta;N�o;10;3;2;0;5;0;2;4;-23,00296;-44,44444;SPRF-RJ;DEL03-RJ;UOP03-DEL03-RJ;;;
658605;01/02/2025;s�bado;11:00:00;ES;101;110,5;SOORETAMA;Transitar na contram�o;Colis�o frontal;Com V�timas Feridas;Pleno dia;Decrescente;C�u Claro;Dupla;Reta;N�o;3;0;2;0;1;0;2;2;-19,06215201;-40,03484798;SPRF-ES;DEL04-ES;UOP01-DEL04-ES;;;
658606;01/02/2025;s�bado;07:50:00;MG;262;90,2;ABRE CAMPO;Transitar na contram�o;Colis�o frontal;Com V�timas Fatais;Pleno dia;Crescente;Nublado;Simples;Reta;N�o;4;1;0;0;2;4;0;7;-20,331908;-42,465708;SPRF-MG;DEL03-MG;UOP03-DEL03-MG;;;
658607;01/02/2025;s�bado;07:50:00;CE;20;60;TAUA;Rea��o tardia ou ineficiente do condutor;Colis�o traseira;Com V�timas Fatais;Pleno dia;Crescente;C�u Claro;Simples;Declive;N�o;3;1;0;0;1;2;0;4;-6,12318072;-40,45559231;SPRF-CE;DEL02-CE;UOP02-DEL02-CE;;;
658612;01/02/2025;s�bado;10:30:00;SP;116;516;CAJATI;Acumulo de �leo sobre o pavimento;Queda de ocupante de ve�culo;Com V�timas Feridas;Pleno dia;Decrescente;Nublado;Dupla;Curva;N�o;3;0;2;0;1;0;2;2;-24,87423036;-48,2190838;SPRF-SP;DEL05-SP;UOP02-DEL05-SP;;;
658615;01/02/2025;s�bado;09:55:00;RO;364;228;CACOAL;Rea��o tardia ou ineficiente do condutor;Sa�da de leito carro��vel;Sem V�timas;Pleno dia;Decrescente;Chuva;Simples;Declive;N�o;3;0;0;0;2;1;0;2;-11,49012091;-61,38047391;SPRF-RO;DEL02-RO;UOP02-DEL02-RO;;;
658625;01/02/2025;s�bado;11:20:00;PI;316;2,3;TERESINA;Manobra de mudan�a de faixa;Colis�o traseira;Com V�timas Feridas;Pleno dia;Crescente;Sol;M�ltipla;Reta;Sim;3;0;0;1;1;3;1;5;-5,12477477;-42,79848465;SPRF-PI;DEL01-PI;UOP02-DEL01-PI;;;
658626;01/02/2025;s�bado;10:30:00;MA;222;661;ACAILANDIA;Aus�ncia de rea��o do condutor;Colis�o traseira;Com V�timas Feridas;Pleno dia;Decrescente;Nublado;Simples;Reta;Sim;2;0;0;1;1;0;1;2;-4,87587256;-47,35338025;SPRF-MA;DEL04-MA;UOP03-DEL04-MA;;;
658637;01/02/2025;s�bado;14:30:00;SP;116;278;EMBU DAS ARTES;Aus�ncia de rea��o do condutor;Colis�o com objeto;Com V�timas Feridas;Pleno dia;Crescente;Nublado;Dupla;Reta;Sim;1;0;1;0;0;0;1;1;-23,65508497;-46,84918605;SPRF-SP;DEL04-SP;UOP01-DEL04-SP;;;
658647;01/02/2025;s�bado;14:50:00;MG;365;610;UBERLANDIA;Condutor deixou de manter dist�ncia do ve�culo da frente;Engavetamento;Com V�timas Feridas;Pleno dia;Crescente;Nublado;Simples;Reta;Sim;6;0;0;3;2;2;3;5;-18,92793854;-48,19198317;SPRF-MG;DEL15-MG;UOP01-DEL15-MG;;;
658651;01/02/2025;s�bado;15:40:00;PR;277;1,9;PARANAGUA;Ingest�o de �lcool pelo condutor;Colis�o transversal;Sem V�timas;Pleno dia;Decrescente;Nublado;Dupla;Reta;Sim;3;0;0;0;2;6;0;8;-25,54906115;-48,54873151;SPRF-PR;DEL01-PR;UOP05-DEL01-PR;;;
658653;01/02/2025;s�bado;14:00:00;PR;116;22;ANTONINA;Velocidade Incompat�vel;Colis�o com objeto;Com V�timas Feridas;Pleno dia;Decrescente;Garoa/Chuvisco;Dupla;"Reta;Declive";N�o;2;0;1;0;1;0;1;2;-25,11200643;-48,76440525;SPRF-PR;DEL01-PR;UOP02-DEL01-PR;;;
658661;01/02/2025;s�bado;14:45:00;RO;364;18;VILHENA;Rea��o tardia ou ineficiente do condutor;Colis�o traseira;Com V�timas Feridas;Pleno dia;Decrescente;Chuva;Simples;Reta;N�o;2;0;0;1;1;0;1;2;-12,72972661;-60,17479789;SPRF-RO;DEL04-RO;UOP01-DEL04-RO;;;
658666;01/02/2025;s�bado;15:30:00;CE;20;317;CANINDE;Transitar na contram�o;Colis�o lateral sentido oposto;Com V�timas Fatais;Pleno dia;Crescente;C�u Claro;Simples;Reta;N�o;3;1;0;1;1;0;1;2;-4,29121502;-39,24974699;SPRF-CE;DEL02-CE;UOP01-DEL02-CE;;;
658667;01/02/2025;s�bado;15:40:00;RO;364;743;PORTO VELHO;Acessar a via sem observar a presen�a dos outros ve�culos;Colis�o lateral mesmo sentido;Com V�timas Feridas;Pleno dia;Crescente;Nublado;Simples;Reta;N�o;2;0;0;1;1;0;1;2;-9,001498;-64,00623601;SPRF-RO;DEL01-RO;UOP02-DEL01-RO;;;
658669;01/02/2025;s�bado;09:00:00;MG;116;283;TEOFILO OTONI;Rea��o tardia ou ineficiente do condutor;Colis�o lateral mesmo sentido;Com V�timas Feridas;Pleno dia;Decrescente;C�u Claro;Simples;Aclive;N�o;3;0;1;0;1;1;1;3;-17,91016695;-41,52564104;SPRF-MG;DEL11-MG;UOP01-DEL11-MG;;;
658673;01/02/2025;s�bado;18:10:00;GO;153;679,1;PANAMA;Chuva;Sa�da de leito carro��vel;Sem V�timas;Anoitecer;Decrescente;Chuva;Dupla;Reta;N�o;1;0;0;0;1;0;0;1;-18,2169;-49,2707;SPRF-GO;DEL03-GO;UOP02-DEL03-GO;;;
658676;01/02/2025;s�bado;19:20:00;CE;116;501;BREJO SANTO;Transitar na contram�o;Colis�o frontal;Com V�timas Fatais;Plena Noite;Crescente;C�u Claro;Simples;Reta;Sim;3;1;1;0;0;1;1;3;-7,45382915;-38,97311755;SPRF-CE;DEL05-CE;UOP03-DEL05-CE;;;
658677;01/02/2025;s�bado;16:35:00;AL;423;91;DELMIRO GOUVEIA;Mal s�bito do condutor;Colis�o frontal;Com V�timas Fatais;Pleno dia;Crescente;C�u Claro;Simples;"Aclive;Reta";N�o;4;3;0;1;0;0;1;2;-9,36383409;-38,08008697;SPRF-BA;DEL07-BA;UOP01-DEL07-BA;;;
658699;01/02/2025;s�bado;15:15:00;SC;280;142;RIO NEGRINHO;Acesso irregular;Colis�o frontal;Com V�timas Feridas;Pleno dia;Decrescente;Chuva;Simples;"Declive;Reta;Ponte";Sim;2;0;0;1;1;0;1;2;-26,25076506;-49,62912012;SPRF-SC;DEL06-SC;UOP03-DEL06-SC;;;
658706;01/02/2025;s�bado;17:00:00;GO;153;113;SANTA TEREZA DE GOIAS;Rea��o tardia ou ineficiente do condutor;Tombamento;Com V�timas Feridas;Pleno dia;Crescente;Chuva;Simples;"Declive;Reta";N�o;2;0;1;0;0;1;1;2;-13,761327;-49,028198;SPRF-GO;DEL07-GO;UOP01-DEL07-GO;;;
658710;01/02/2025;s�bado;23:05:00;MG;381;438;SABARA;Ingest�o de �lcool pelo condutor;Colis�o lateral sentido oposto;Com V�timas Fatais;Plena Noite;Crescente;Nublado;Simples;Curva;N�o;28;1;1;10;15;2;11;4;-19,79944368;-43,76157045;SPRF-MG;DEL01-MG;UOP01-DEL01-MG;;;
658721;01/02/2025;s�bado;21:20:00;MG;116;397;GOVERNADOR VALADARES;Ingest�o de �lcool pelo condutor;Colis�o frontal;Com V�timas Feridas;Plena Noite;Decrescente;C�u Claro;Simples;"Curva;Declive";N�o;4;0;1;1;1;1;2;3;-18,74618919;-41,98314664;SPRF-MG;DEL06-MG;UOP01-DEL06-MG;;;
658727;02/02/2025;domingo;00:45:00;PR;116;158;MANDIRITUBA;Rea��o tardia ou ineficiente do condutor;Colis�o frontal;Com V�timas Fatais;Plena Noite;Crescente;Garoa/Chuvisco;Simples;Reta;N�o;2;1;0;0;1;0;0;2;-25,86774621;-49,37339398;SPRF-PR;DEL01-PR;UOP03-DEL01-PR;;;
658742;02/02/2025;domingo;03:10:00;MA;135;31;BACABEIRA;Condutor deixou de manter dist�ncia do ve�culo da frente;Colis�o traseira;Com V�timas Feridas;Plena Noite;Decrescente;Nublado;Dupla;Reta;N�o;2;0;1;0;0;1;1;2;-2,81307801;-44,37432281;SPRF-MA;DEL01-MA;UOP01-DEL01-MA;;;
658743;02/02/2025;domingo;02:00:00;MG;262;789;UBERABA;Condutor Dormindo;Sa�da de leito carro��vel;Sem V�timas;Plena Noite;Crescente;Chuva;Simples;Reta;N�o;1;0;0;0;1;0;0;1;-19,76031983;-47,84038303;SPRF-MG;DEL13-MG;UOP01-DEL13-MG;;;
658758;02/02/2025;domingo;05:30:00;MS;158;132,5;APARECIDA DO TABOADO;Transitar na contram�o;Colis�o lateral sentido oposto;Com V�timas Feridas;Amanhecer;Crescente;C�u Claro;Simples;Curva;N�o;5;0;1;0;3;1;1;3;-19,96357311;-51,10871267;SPRF-MS;DEL08-MS;UOP01-DEL08-MS;;;
658761;02/02/2025;domingo;04:50:00;PR;153;353,4;REBOUCAS;Condutor Dormindo;Sa�da de leito carro��vel;Com V�timas Feridas;Plena Noite;Decrescente;Nublado;Simples;Reta;N�o;1;0;1;0;0;0;1;1;-25,62594193;-50,719173;SPRF-PR;DEL08-PR;UOP02-DEL08-PR;;;
658767;02/02/2025;domingo;06:15:00;RJ;116;147;DUQUE DE CAXIAS;Entrada inopinada do pedestre;Atropelamento de Pedestre;Com V�timas Fatais;Pleno dia;Decrescente;Nublado;Dupla;Reta;Sim;3;1;0;0;1;1;0;3;-22,66978425;-43,27286493;SPRF-RJ;DEL01-RJ;UOP02-DEL01-RJ;;;
658768;02/02/2025;domingo;06:00:00;MG;381;2,1;BETIM;Curva acentuada;Tombamento;Com V�timas Feridas;Pleno dia;Crescente;Chuva;Dupla;Curva;Sim;1;0;1;0;0;0;1;1;-19,96825;-44,198708;SPRF-MG;DEL01-MG;UOP03-DEL01-MG;;;
658771;02/02/2025;domingo;06:00:00;RN;406;103;JOAO CAMARA;Rea��o tardia ou ineficiente do condutor;Colis�o com objeto;Sem V�timas;Amanhecer;Crescente;C�u Claro;Simples;"Reta;Declive";Sim;1;0;0;0;1;0;0;1;-5,53714888;-35,81373986;SPRF-RN;DEL02-RN;UOP01-DEL02-RN;;;
658796;02/02/2025;domingo;09:40:00;MG;381;734,6;CARMO DA CACHOEIRA;Rea��o tardia ou ineficiente do condutor;Colis�o com objeto;Com V�timas Feridas;Pleno dia;Crescente;Nublado;Dupla;Reta;N�o;2;0;1;0;0;1;1;2;-21,53740184;-45,23527265;SPRF-MG;DEL16-MG;UOP02-DEL16-MG;;;
658809;02/02/2025;domingo;11:00:00;SC;282;605,9;MARAVILHA;Aus�ncia de rea��o do condutor;Colis�o frontal;Com V�timas Feridas;Pleno dia;Decrescente;Sol;Simples;"Reta;Declive";Sim;2;0;0;1;1;0;1;2;-26,786951;-53,195248;SPRF-SC;DEL07-SC;UOP02-DEL07-SC;;;
658819;02/02/2025;domingo;13:22:00;GO;80;0,4;PADRE BERNARDO;Aus�ncia de rea��o do condutor;Sa�da de leito carro��vel;Sem V�timas;Pleno dia;Crescente;Sol;Simples;Curva;N�o;2;0;0;0;1;1;0;2;-15,510147;-48,196538;SPRF-DF;DEL03-DF;UOP02-DEL03-DF;;;
658833;02/02/2025;domingo;06:00:00;MA;222;474,5;SANTA LUZIA;Aus�ncia de rea��o do condutor;Tombamento;Com V�timas Fatais;Pleno dia;Decrescente;C�u Claro;Simples;Curva;N�o;2;1;0;0;0;1;0;2;-4,16871267;-46,09730408;SPRF-MA;DEL02-MA;UOP01-DEL02-MA;;;
658836;02/02/2025;domingo;15:40:00;PR;277;419,9;CANTAGALO;Transitar na contram�o;Colis�o frontal;Com V�timas Fatais;Pleno dia;Decrescente;C�u Claro;Simples;Curva;N�o;3;1;0;0;1;1;0;3;-25,37629077;-52,12978363;SPRF-PR;DEL04-PR;UOP02-DEL04-PR;;;
658844;02/02/2025;domingo;15:20:00;SC;101;116;ITAJAI;Demais falhas mec�nicas ou el�tricas;Sa�da de leito carro��vel;Com V�timas Feridas;Pleno dia;Crescente;C�u Claro;Dupla;Reta;N�o;2;0;1;0;0;1;1;2;-26,87905605;-48,72603512;SPRF-SC;DEL04-SC;UOP04-DEL04-SC;;;
658852;02/02/2025;domingo;16:20:00;PR;153;24;JACAREZINHO;Acessar a via sem observar a presen�a dos outros ve�culos;Colis�o transversal;Com V�timas Feridas;Pleno dia;Crescente;C�u Claro;Simples;"Aclive;Reta;Rotat�ria";Sim;3;0;1;0;1;1;1;3;-23,18366424;-49,98244728;SPRF-PR;DEL07-PR;UOP04-DEL07-PR;;;
658854;02/02/2025;domingo;16:30:00;RN;304;288;MACAIBA;Demais falhas mec�nicas ou el�tricas;Inc�ndio;Sem V�timas;Pleno dia;Decrescente;C�u Claro;Dupla;Reta;N�o;1;0;0;0;1;0;0;1;-5,86849713;-35,42070796;SPRF-RN;DEL01-RN;UOP02-DEL01-RN;;;
658860;02/02/2025;domingo;17:25:00;SC;280;28;ARAQUARI;Acessar a via sem observar a presen�a dos outros ve�culos;Colis�o transversal;Com V�timas Feridas;Pleno dia;Crescente;Nublado;Simples;Reta;Sim;6;0;4;0;1;1;4;3;-26,40450077;-48,74561031;SPRF-SC;DEL03-SC;UOP03-DEL03-SC;;;