id;data_inversa;dia_semana;horario;uf;br;km;municipio;causa_acidente;tipo_acidente;classificacao_acidente;fase_dia;sentido_via;condicao_metereologica;tipo_pista;tracado_via;uso_solo;pessoas;mortos;feridos_leves;feridos_graves;ilesos;ignorados;feridos;veiculos;latitude;longitude;regional;delegacia;uop;;;
658863;02/02/2025;domingo;15:00:00;RO;364;473;ARIQUEMES;Acessar a via sem observar a presen�a dos outros ve�culos;Colis�o lateral mesmo sentido;Com V�timas Feridas;Pleno dia;Crescente;C�u Claro;Simples;Reta;N�o;6;0;2;0;3;1;2;3;-10,18146706;-62,81974504;SPRF-RO;DEL03-RO;UOP01-DEL03-RO;;;
658871;02/02/2025;domingo;19:00:00;SE;101;204;CRISTINAPOLIS;Acessar a via sem observar a presen�a dos outros ve�culos;Colis�o transversal;Com V�timas Feridas;Plena Noite;Decrescente;C�u Claro;Simples;Reta;N�o;2;0;1;0;0;1;1;2;-11,50608502;-37,78747022;SPRF-SE;DEL02-SE;UOP03-DEL02-SE;;;
658875;02/02/2025;domingo;19:25:00;RS;116;512;PELOTAS;Manobra de mudan�a de faixa;Colis�o lateral mesmo sentido;Com V�timas Feridas;Plena Noite;Crescente;C�u Claro;Dupla;Reta;N�o;5;0;1;1;2;1;2;4;-31,63498138;-52,3311397;SPRF-RS;DEL07-RS;UOP01-DEL07-RS;;;
658877;02/02/2025;domingo;19:03:00;PE;428;186,9;PETROLINA;Velocidade Incompat�vel;Atropelamento de Pedestre;Com V�timas Fatais;Plena Noite;Crescente;C�u Claro;Dupla;Reta;Sim;3;1;0;0;1;1;0;2;-9,36731601;-40,48443943;SPRF-PE;DEL06-PE;UOP01-DEL06-PE;;;
658883;02/02/2025;domingo;20:00:00;TO;153;644;DUERE;Transitar na contram�o;Colis�o lateral sentido oposto;Com V�timas Fatais;Plena Noite;Crescente;Chuva;Simples;Reta;N�o;3;1;0;1;0;1;1;3;-11,48307595;-49,00099215;SPRF-TO;DEL01-TO;UOP02-DEL01-TO;;;
658885;02/02/2025;domingo;19:15:00;MS;163;370,7;NOVA ALVORADA DO SUL;Acessar a via sem observar a presen�a dos outros ve�culos;Colis�o transversal;Com V�timas Fatais;Plena Noite;Crescente;C�u Claro;Dupla;Reta;N�o;3;1;0;0;1;1;0;3;-21,42250376;-54,38565772;SPRF-MS;DEL02-MS;UOP01-DEL02-MS;;;
658893;02/02/2025;domingo;19:55:00;GO;153;508;APARECIDA DE GOIANIA;Ingest�o de �lcool pelo condutor;Colis�o lateral mesmo sentido;Sem V�timas;Plena Noite;Crescente;Nublado;Dupla;"Declive;Reta";N�o;4;0;0;0;3;2;0;4;-16,7804;-49,2371;SPRF-GO;DEL01-GO;UOP03-DEL01-GO;;;
658895;02/02/2025;domingo;16:40:00;BA;116;719;MANOEL VITORINO;Aus�ncia de rea��o do condutor;Colis�o traseira;Com V�timas Feridas;Pleno dia;Crescente;Ignorado;Simples;Curva;N�o;2;0;0;1;0;1;1;2;-14,1888825;-40,26532343;SPRF-BA;DEL08-BA;UOP02-DEL08-BA;;;
658899;02/02/2025;domingo;19:50:00;PE;116;29;SALGUEIRO;Retorno proibido;Colis�o lateral sentido oposto;Com V�timas Feridas;Plena Noite;Decrescente;C�u Claro;Simples;"Reta;Declive";N�o;2;0;0;1;1;0;1;2;-8,09494;-39,124596;SPRF-PE;DEL05-PE;UOP01-DEL05-PE;;;
658907;02/02/2025;domingo;19:50:00;PR;277;149;BALSA NOVA;Rea��o tardia ou ineficiente do condutor;Sa�da de leito carro��vel;Sem V�timas;Plena Noite;Decrescente;C�u Claro;Simples;"Declive;Reta";N�o;1;0;0;0;0;1;0;1;-25,46552;-49,74408;SPRF-PR;DEL03-PR;UOP03-DEL03-PR;;;
658909;19/01/2025;domingo;12:15:00;RS;285;155,2;MUITOS CAPOES;Rea��o tardia ou ineficiente do condutor;Tombamento;Com V�timas Feridas;Pleno dia;Crescente;C�u Claro;Simples;Curva;N�o;4;0;2;1;0;1;3;3;-28,329794;-51,180145;SPRF-RS;DEL05-RS;UOP03-DEL05-RS;;;
658914;02/02/2025;domingo;17:30:00;MG;40;269;SAO GONCALO DO ABAETE;Velocidade Incompat�vel;Colis�o com objeto;Com V�timas Feridas;Anoitecer;Decrescente;Chuva;Dupla;"Curva;Declive";Sim;2;0;1;0;0;1;1;2;-18,16847698;-45,18871308;SPRF-MG;DEL14-MG;UOP02-DEL14-MG;;;
658917;02/02/2025;domingo;20:00:00;MT;70;505;CUIABA;Rea��o tardia ou ineficiente do condutor;Colis�o frontal;Com V�timas Feridas;Pleno dia;Crescente;C�u Claro;Simples;Reta;N�o;10;0;2;0;7;3;2;6;-15,70215158;-56,05846024;SPRF-MT;DEL01-MT;UOP02-DEL01-MT;;;
658923;02/02/2025;domingo;20:00:00;MT;70;514;VARZEA GRANDE;Ingest�o de �lcool pelo condutor;Colis�o transversal;Sem V�timas;Plena Noite;Decrescente;C�u Claro;Simples;Interse��o de Vias;Sim;5;0;0;0;4;2;0;4;-15,70606706;-56,1319757;SPRF-MT;DEL01-MT;UOP02-DEL01-MT;;;
658932;05/01/2025;domingo;17:00:00;RJ;116;251;PIRAI;Condutor deixou de manter dist�ncia do ve�culo da frente;Engavetamento;Com V�timas Feridas;Pleno dia;Decrescente;Sol;Dupla;Curva;N�o;18;0;8;1;8;2;9;12;-22,58482223;-43,95961921;SPRF-RJ;DEL07-RJ;UOP01-DEL07-RJ;;;
658955;03/02/2025;segunda-feira;00:40:00;SC;101;65;ARAQUARI;Aus�ncia de rea��o do condutor;Colis�o lateral mesmo sentido;Com V�timas Feridas;Plena Noite;Decrescente;Chuva;M�ltipla;Reta;N�o;3;0;1;0;2;0;1;2;-26,47135714;-48,74457217;SPRF-SC;DEL03-SC;UOP02-DEL03-SC;;;
658958;03/02/2025;segunda-feira;01:45:00;AL;101;93;RIO LARGO;Rea��o tardia ou ineficiente do condutor;Colis�o traseira;Com V�timas Feridas;Plena Noite;Crescente;Chuva;Simples;Reta;N�o;4;0;1;0;2;2;1;4;-9,50845198;-35,92634901;SPRF-AL;DEL01-AL;UOP01-DEL01-AL;;;
658959;03/02/2025;segunda-feira;01:25:00;AL;101;80;RIO LARGO;Condutor Dormindo;Colis�o lateral mesmo sentido;Com V�timas Feridas;Plena Noite;Crescente;Nublado;Dupla;Reta;N�o;3;0;1;0;1;1;1;3;-9,44631269;-35,84294014;SPRF-AL;DEL01-AL;UOP01-DEL01-AL;;;
658961;03/02/2025;segunda-feira;03:00:00;PR;476;163,7;ARAUCARIA;Transitar na contram�o;Colis�o lateral sentido oposto;Com V�timas Feridas;Plena Noite;Decrescente;Nublado;Simples;Reta;N�o;2;0;1;0;1;0;1;2;-25,63641644;-49,46636617;SPRF-PR;DEL01-PR;UOP06-DEL01-PR;;;
658971;03/02/2025;segunda-feira;05:30:00;RJ;101;405;ITAGUAI;Animais na Pista;Atropelamento de Animal;Com V�timas Feridas;Amanhecer;Crescente;C�u Claro;Dupla;Reta;N�o;5;0;2;0;3;0;2;3;-22,867606;-43,802743;SPRF-RJ;DEL03-RJ;UOP01-DEL03-RJ;;;
658981;02/02/2025;domingo;20:00:00;MT;364;347,9;SANTO ANTONIO DO LEVERGER;Demais falhas mec�nicas ou el�tricas;Sa�da de leito carro��vel;Sem V�timas;Plena Noite;Crescente;C�u Claro;Dupla;"Curva;Declive";N�o;1;0;0;0;1;0;0;1;-15,807347;-55,54692;SPRF-MT;DEL05-MT;UOP02-DEL05-MT;;;
658983;03/02/2025;segunda-feira;05:15:00;SP;116;2,8;QUELUZ;Condutor Dormindo;Colis�o com objeto;Com V�timas Feridas;Amanhecer;Crescente;Nublado;Dupla;Reta;N�o;2;0;1;0;0;1;1;2;-22,52224482;-44,7168661;SPRF-SP;DEL08-SP;UOP02-DEL08-SP;;;
658986;03/02/2025;segunda-feira;07:35:00;PB;101;83,7;BAYEUX;Manobra de mudan�a de faixa;Colis�o lateral mesmo sentido;Com V�timas Feridas;Pleno dia;Crescente;C�u Claro;Dupla;Reta;Sim;2;0;1;0;0;1;1;2;-7,1337703;-34,92963914;SPRF-PB;DEL01-PB;UOP01-DEL01-PB;;;
658989;03/02/2025;segunda-feira;05:00:00;PE;232;71,8;GRAVATA;Condutor Dormindo;Colis�o traseira;Com V�timas Feridas;Amanhecer;Decrescente;C�u Claro;Dupla;Reta;N�o;2;0;1;0;1;0;1;2;-8,18344403;-35,49296599;SPRF-PE;DEL02-PE;UOP02-DEL02PE;;;
658997;03/02/2025;segunda-feira;07:18:00;PR;153;11;JACAREZINHO;Acessar a via sem observar a presen�a dos outros ve�culos;Colis�o transversal;Com V�timas Feridas;Pleno dia;Decrescente;C�u Claro;Simples;Reta;N�o;2;0;1;0;1;0;1;2;-23,08444598;-49,93636609;SPRF-PR;DEL07-PR;UOP04-DEL07-PR;;;
659002;22/01/2025;quarta-feira;09:40:00;GO;40;8,3;LUZIANIA;Manobra de mudan�a de faixa;Colis�o transversal;Com V�timas Feridas;Pleno dia;Crescente;C�u Claro;Dupla;Reta;Sim;2;0;1;0;1;0;1;2;-16,1212;-47,964243;SPRF-DF;DEL01-DF;UOP01-DEL01-DF;;;
659003;03/02/2025;segunda-feira;08:30:00;BA;20;145;SAO DESIDERIO;Rea��o tardia ou ineficiente do condutor;Colis�o transversal;Com V�timas Fatais;Pleno dia;Crescente;Chuva;Simples;Reta;N�o;3;1;0;0;1;4;0;6;-12,683658;-45,931288;SPRF-BA;DEL10-BA;UOP01-DEL10-BA;;;
659005;03/02/2025;segunda-feira;08:00:00;ES;101;232,1;FUNDAO;Rea��o tardia ou ineficiente do condutor;Colis�o com objeto;Com V�timas Feridas;Pleno dia;Crescente;C�u Claro;Simples;Reta;N�o;2;0;1;0;0;1;1;2;-19,95224103;-40,40879816;SPRF-ES;DEL02-ES;UOP01-DEL02-ES;;;
659012;03/02/2025;segunda-feira;09:00:00;RS;392;67;PELOTAS;Acessar a via sem observar a presen�a dos outros ve�culos;Colis�o transversal;Com V�timas Feridas;Pleno dia;Crescente;C�u Claro;Dupla;Viaduto;Sim;2;0;1;0;1;0;1;2;-31,75691695;-52,40076184;SPRF-RS;DEL07-RS;UOP01-DEL07-RS;;;
659016;25/01/2025;s�bado;15:43:00;MG;251;437;GRAO MOGOL;Condutor Dormindo;Colis�o frontal;Com V�timas Feridas;Pleno dia;Crescente;C�u Claro;Simples;Reta;N�o;7;0;1;3;2;1;4;3;-16,39529722;-43,20402292;SPRF-MG;DEL12-MG;UOP01-DEL12-MG;;;
659020;03/02/2025;segunda-feira;06:52:00;RO;364;252,3;CACOAL;Aus�ncia de rea��o do condutor;Sa�da de leito carro��vel;Sem V�timas;Amanhecer;Decrescente;Nublado;Simples;"Declive;Reta";N�o;1;0;0;0;0;1;0;1;-11,437023;-61,582107;SPRF-RO;DEL02-RO;UOP02-DEL02-RO;;;
659029;03/02/2025;segunda-feira;04:00:00;PA;230;202;ITUPIRANGA;Condutor Dormindo;Colis�o com objeto;Com V�timas Feridas;Plena Noite;Crescente;Ignorado;Simples;"Curva;Ponte";N�o;2;0;1;0;0;1;1;2;-4,90668999;-49,47822903;SPRF-PA;DEL03-PA;UOP01-DEL03-PA;;;
659031;03/02/2025;segunda-feira;08:45:00;SE;101;201,3;CRISTINAPOLIS;Acessar a via sem observar a presen�a dos outros ve�culos;Sa�da de leito carro��vel;Com V�timas Feridas;Pleno dia;Decrescente;Nublado;Simples;Reta;N�o;2;0;1;0;1;0;1;2;-11,49249;-37,777638;SPRF-SE;DEL02-SE;UOP03-DEL02-SE;;;
659034;03/02/2025;segunda-feira;11:05:00;PE;101;72;RECIFE;Rea��o tardia ou ineficiente do condutor;Colis�o traseira;Com V�timas Feridas;Pleno dia;Decrescente;C�u Claro;Dupla;Reta;Sim;3;0;1;0;1;1;1;3;-8,08493106;-34,9450639;SPRF-PE;DEL01-PE;UOP01-DEL01-PE;;;
659035;03/02/2025;segunda-feira;10:20:00;PI;343;342;TERESINA;Demais falhas mec�nicas ou el�tricas;Colis�o com objeto;Sem V�timas;Pleno dia;Crescente;C�u Claro;Simples;Reta;Sim;2;0;0;0;1;1;0;2;-5,077812;-42,744255;SPRF-PI;DEL01-PI;UOP01-DEL01-PI;;;
659044;03/02/2025;segunda-feira;10:45:00;RO;364;424,5;JARU;Rea��o tardia ou ineficiente do condutor;Tombamento;Com V�timas Fatais;Pleno dia;Decrescente;Sol;M�ltipla;Reta;Sim;4;1;0;0;1;4;0;6;-10,44072124;-62,4684535;SPRF-RO;DEL03-RO;UOP02-DEL03-RO;;;
659047;02/02/2025;domingo;16:30:00;MA;222;429,9;SANTA LUZIA;Rea��o tardia ou ineficiente do condutor;Tombamento;Com V�timas Feridas;Pleno dia;Decrescente;C�u Claro;Simples;"Curva;Declive";N�o;1;0;0;1;0;0;1;1;-4,06550809;-45,81998298;SPRF-MA;DEL02-MA;UOP01-DEL02-MA;;;
659048;28/01/2025;ter�a-feira;09:18:00;PE;101;82;JABOATAO DOS GUARARAPES;Avarias e/ou desgaste excessivo no pneu;Inc�ndio;Sem V�timas;Pleno dia;Decrescente;C�u Claro;Dupla;Reta;Sim;2;0;0;0;1;1;0;2;-8,168383;-34,9376;SPRF-PE;DEL01-PE;UOP01-DEL01-PE;;;
659051;03/02/2025;segunda-feira;07:25:00;MG;40;606,7;CONGONHAS;Problema com o freio;Inc�ndio;Sem V�timas;Pleno dia;Crescente;C�u Claro;Simples;"Interse��o de Vias;Reta";N�o;2;0;0;0;1;1;0;2;-20,47574626;-43,8429639;SPRF-MG;DEL05-MG;UOP02-DEL05-MG;;;
659064;03/02/2025;segunda-feira;15:30:00;MG;365;768;ITUIUTABA;Aus�ncia de rea��o do condutor;Engavetamento;Com V�timas Feridas;Pleno dia;Crescente;C�u Claro;Simples;Aclive;N�o;4;0;1;0;3;0;1;3;-18,96224029;-49,59311301;SPRF-MG;DEL15-MG;UOP03-DEL15-MG;;;
659068;17/01/2025;sexta-feira;07:42:00;MG;381;485,5;BETIM;Manobra de mudan�a de faixa;Colis�o lateral mesmo sentido;Com V�timas Feridas;Pleno dia;Decrescente;C�u Claro;Dupla;"Declive;Reta";Sim;2;0;1;0;1;0;1;2;-19,95624622;-44,09946442;SPRF-MG;DEL01-MG;UOP03-DEL01-MG;;;
659069;03/02/2025;segunda-feira;15:00:00;GO;153;497;GOIANIA;Manobra de mudan�a de faixa;Colis�o transversal;Com V�timas Feridas;Pleno dia;Crescente;C�u Claro;Dupla;Reta;Sim;2;0;1;0;0;1;1;2;-16,6854;-49,2338;SPRF-GO;DEL01-GO;UOP01-DEL01-GO;;;
659075;03/02/2025;segunda-feira;15:10:00;RO;319;64;PORTO VELHO;Rea��o tardia ou ineficiente do condutor;Colis�o com objeto;Sem V�timas;Pleno dia;Decrescente;C�u Claro;M�ltipla;Reta;Sim;3;0;0;0;2;1;0;2;-8,766685;-63,884052;SPRF-RO;DEL01-RO;UOP01-DEL01-RO;;;
659082;03/02/2025;segunda-feira;15:20:00;RJ;493;84;JAPERI;Aus�ncia de rea��o do condutor;Sa�da de leito carro��vel;Com V�timas Fatais;Pleno dia;Decrescente;C�u Claro;Dupla;Curva;N�o;1;1;0;0;0;0;0;1;-22,6616483;-43,6031563;SPRF-RJ;DEL01-RJ;UOP03-DEL01-RJ;;;
659083;03/02/2025;segunda-feira;03:30:00;MG;381;412;NOVA UNIAO;Velocidade Incompat�vel;Colis�o com objeto;Com V�timas Feridas;Plena Noite;Decrescente;Nublado;Dupla;"Aclive;Reta";N�o;2;0;1;0;0;1;1;2;-19,72437271;-43,57094049;SPRF-MG;DEL01-MG;UOP01-DEL01-MG;;;
659084;03/02/2025;segunda-feira;16:20:00;SC;101;277;IMBITUBA;Manobra de mudan�a de faixa;Colis�o lateral mesmo sentido;Com V�timas Feridas;Pleno dia;Decrescente;C�u Claro;M�ltipla;Reta;Sim;6;0;2;0;3;1;2;3;-28,15469653;-48,69253278;SPRF-SC;DEL02-SC;UOP03-DEL02-SC;;;
659086;03/02/2025;segunda-feira;16:30:00;RJ;101;327;RIO DE JANEIRO;Condutor deixou de manter dist�ncia do ve�culo da frente;Colis�o traseira;Com V�timas Feridas;Pleno dia;Decrescente;C�u Claro;Dupla;"Reta;Ponte;Aclive";N�o;2;0;1;0;1;0;1;2;-22,87117393;-43,15595099;SPRF-RJ;DEL02-RJ;UOP01-DEL02-RJ;;;
659090;03/02/2025;segunda-feira;17:05:00;RS;116;516,6;PELOTAS;Condutor deixou de manter dist�ncia do ve�culo da frente;Colis�o traseira;Com V�timas Feridas;Pleno dia;Decrescente;Sol;Dupla;"Interse��o de Vias;Reta";Sim;3;0;1;0;1;1;1;3;-31,67426576;-52,34112024;SPRF-RS;DEL07-RS;UOP01-DEL07-RS;;;
659091;03/02/2025;segunda-feira;17:50:00;PR;116;127;FAZENDA RIO GRANDE;Manobra de mudan�a de faixa;Colis�o traseira;Com V�timas Feridas;Anoitecer;Crescente;Nublado;Dupla;Reta;Sim;2;0;1;0;0;1;1;2;-25,644895;-49,312776;SPRF-PR;DEL01-PR;UOP03-DEL01-PR;;;
659092;03/02/2025;segunda-feira;17:00:00;RS;448;20,5;CANOAS;Demais falhas mec�nicas ou el�tricas;Colis�o com objeto;Com V�timas Feridas;Pleno dia;Crescente;C�u Claro;M�ltipla;Reta;Sim;3;0;1;0;1;2;1;4;-29,958729;-51,202465;SPRF-RS;DEL01-RS;UOP01-DEL01-RS;;;
659107;03/02/2025;segunda-feira;17:45:00;MG;381;354,5;BETIM;Demais falhas mec�nicas ou el�tricas;Colis�o com objeto;Com V�timas Feridas;Pleno dia;Decrescente;C�u Claro;Dupla;"Curva;Declive";Sim;4;0;0;1;1;2;1;4;-19,98136044;-44,21149521;SPRF-MG;DEL03-MG;UOP01-DEL03-MG;;;
659110;03/02/2025;segunda-feira;18:10:00;MT;163;499,9;CUIABA;Convers�o proibida;Colis�o transversal;Com V�timas Feridas;Anoitecer;Decrescente;Nublado;Simples;Reta;Sim;3;0;1;0;1;1;1;3;-15,666629;-56,00846171;SPRF-MT;DEL01-MT;UOP01-DEL01-MT;;;
659111;03/02/2025;segunda-feira;15:30:00;MT;174;578;COMODORO;Aus�ncia de rea��o do condutor;Sa�da de leito carro��vel;Com V�timas Feridas;Pleno dia;Decrescente;Chuva;Simples;Reta;N�o;1;0;1;0;0;0;1;1;-12,95984182;-60,03239282;SPRF-MT;DEL04-MT;UOP02-DEL04-MT;;;
659116;03/02/2025;segunda-feira;18:45:00;MT;70;520;VARZEA GRANDE;Rea��o tardia ou ineficiente do condutor;Colis�o traseira;Com V�timas Feridas;Anoitecer;Decrescente;Garoa/Chuvisco;Simples;Reta;Sim;4;0;1;0;2;1;1;3;-15,679025;-56,174669;SPRF-MT;DEL01-MT;UOP02-DEL01-MT;;;
659118;03/02/2025;segunda-feira;16:30:00;MG;262;480;BOM DESPACHO;Aus�ncia de rea��o do condutor;Colis�o lateral sentido oposto;Com V�timas Feridas;Pleno dia;Decrescente;Sol;Simples;Reta;N�o;3;0;0;1;1;1;1;3;-19,78696514;-45,24828201;SPRF-MG;DEL08-MG;UOP03-DEL08-MG;;;
659142;03/02/2025;segunda-feira;22:05:00;SC;101;27;JOINVILLE;Condutor deixou de manter dist�ncia do ve�culo da frente;Engavetamento;Com V�timas Feridas;Plena Noite;Decrescente;Nublado;M�ltipla;"Aclive;Reta;Viaduto";Sim;4;0;0;2;1;2;2;5;-26,2033866;-48,91370773;SPRF-SC;DEL03-SC;UOP01-DEL03-SC;;;
659145;03/02/2025;segunda-feira;21:40:00;SC;101;26,2;JOINVILLE;Rea��o tardia ou ineficiente do condutor;Colis�o lateral mesmo sentido;Com V�timas Feridas;Plena Noite;Decrescente;Nublado;Dupla;"Reta;Ponte";N�o;3;0;1;0;1;1;1;3;-26,19544181;-48,91225398;SPRF-SC;DEL03-SC;UOP01-DEL03-SC;;;
659147;03/02/2025;segunda-feira;16:55:00;MG;381;734,1;CARMO DA CACHOEIRA;Aus�ncia de rea��o do condutor;Sa�da de leito carro��vel;Com V�timas Feridas;Pleno dia;Decrescente;C�u Claro;Dupla;Reta;N�o;4;0;2;0;1;1;2;2;-21,57173297;-45,24325979;SPRF-MG;DEL16-MG;UOP02-DEL16-MG;;;
659150;03/02/2025;segunda-feira;22:45:00;AL;101;181;TEOTONIO VILELA;Velocidade Incompat�vel;Tombamento;Com V�timas Feridas;Plena Noite;Decrescente;C�u Claro;Dupla;"Curva;Aclive";N�o;1;0;1;0;0;0;1;1;-9,89535548;-36,41225988;SPRF-AL;DEL02-AL;UOP02-DEL02-AL;;;
659152;03/02/2025;segunda-feira;21:35:00;CE;116;314,9;JAGUARIBE;Acesso irregular;Colis�o traseira;Com V�timas Fatais;Plena Noite;Decrescente;C�u Claro;Simples;Reta;N�o;3;1;0;0;1;1;0;3;-5,952338;-38,631158;SPRF-CE;DEL05-CE;UOP02-DEL05-CE;;;
659158;04/02/2025;ter�a-feira;01:40:00;PR;277;239,3;FERNANDES PINHEIRO;Acessar a via sem observar a presen�a dos outros ve�culos;Colis�o frontal;Com V�timas Fatais;Plena Noite;Decrescente;Nublado;Simples;Reta;Sim;3;2;0;0;1;0;0;2;-25,46376637;-50,54602007;SPRF-PR;DEL08-PR;UOP02-DEL08-PR;;;
659164;04/02/2025;ter�a-feira;05:00:00;MS;163;736;COXIM;Aus�ncia de rea��o do condutor;Tombamento;Com V�timas Feridas;Amanhecer;Decrescente;Nevoeiro/Neblina;Simples;Reta;N�o;2;0;1;0;0;1;1;2;-18,46085775;-54,71187148;SPRF-MS;DEL06-MS;UOP01-DEL06-MS;;;
659178;04/02/2025;ter�a-feira;07:30:00;SP;116;165,4;JACAREI;Demais falhas mec�nicas ou el�tricas;Inc�ndio;Sem V�timas;Pleno dia;Crescente;Sol;Dupla;Reta;N�o;2;0;0;0;1;1;0;2;-23,29691791;-46,00798704;SPRF-SP;DEL02-SP;UOP01-DEL02-SP;;;
659184;04/02/2025;ter�a-feira;08:10:00;PB;101;84,8;BAYEUX;Demais falhas na via;Tombamento;Com V�timas Feridas;Pleno dia;Crescente;Nublado;Dupla;Reta;Sim;2;0;0;1;1;0;1;2;-7,13957906;-34,92312806;SPRF-PB;DEL01-PB;UOP01-DEL01-PB;;;
659185;04/02/2025;ter�a-feira;09:10:00;MG;251;473,6;FRANCISCO SA;Velocidade Incompat�vel;Colis�o lateral sentido oposto;Com V�timas Fatais;Pleno dia;Crescente;Sol;Simples;"Curva;Declive";N�o;3;2;0;0;1;0;0;2;-16,47012768;-43,44753404;SPRF-MG;DEL12-MG;UOP01-DEL12-MG;;;
659188;03/02/2025;segunda-feira;19:12:00;MT;163;695;SORRISO;Rea��o tardia ou ineficiente do condutor;Colis�o traseira;Com V�timas Feridas;Plena Noite;Decrescente;C�u Claro;Simples;Reta;N�o;3;0;1;0;1;2;1;4;-13,015445;-55,89274166;SPRF-MT;DEL06-MT;UOP01-DEL06-MT;;;
659193;04/02/2025;ter�a-feira;09:30:00;RS;116;248;SAO LEOPOLDO;Aus�ncia de rea��o do condutor;Colis�o lateral mesmo sentido;Com V�timas Feridas;Pleno dia;Crescente;C�u Claro;M�ltipla;"Interse��o de Vias;Reta";Sim;2;0;0;1;1;0;1;2;-29,7780113;-51,15594864;SPRF-RS;DEL01-RS;UOP02-DEL01-RS;;;
659200;04/02/2025;ter�a-feira;09:00:00;MG;153;64,9;MONTE ALEGRE DE MINAS;Condutor usando celular;Sa�da de leito carro��vel;Com V�timas Feridas;Pleno dia;Decrescente;C�u Claro;Simples;"Reta;Aclive";N�o;3;0;1;0;0;3;1;4;-18,93598095;-49,02936069;SPRF-MG;DEL15-MG;UOP03-DEL15-MG;;;
659202;04/02/2025;ter�a-feira;09:05:00;PR;277;306;PRUDENTOPOLIS;Pedestre andava na pista;Atropelamento de Pedestre;Com V�timas Feridas;Pleno dia;Crescente;Nublado;Simples;Reta;N�o;3;0;0;1;1;1;1;3;-25,29937603;-51,14537699;SPRF-PR;DEL08-PR;UOP01-DEL08-PR;;;
659204;04/02/2025;ter�a-feira;10:15:00;RS;116;247,9;SAO LEOPOLDO;Aus�ncia de rea��o do condutor;Engavetamento;Sem V�timas;Pleno dia;Crescente;C�u Claro;M�ltipla;"Reta;Viaduto";Sim;6;0;0;0;6;0;0;4;-29,76733091;-51,1535296;SPRF-RS;DEL01-RS;UOP02-DEL01-RS;;;
659205;16/01/2025;quinta-feira;05:00:00;MG;40;493;ESMERALDAS;Objeto est�tico sobre o leito carro��vel;Colis�o com objeto;Com V�timas Feridas;Amanhecer;Crescente;Nublado;Dupla;Reta;N�o;3;0;0;1;1;1;1;3;-19,64620694;-44,20301977;SPRF-MG;DEL02-MG;UOP01-DEL02-MG;;;
659209;04/02/2025;ter�a-feira;10:50:00;RS;116;247;SAO LEOPOLDO;Rea��o tardia ou ineficiente do condutor;Colis�o lateral mesmo sentido;Sem V�timas;Pleno dia;Decrescente;C�u Claro;Dupla;Reta;Sim;4;0;0;0;3;2;0;4;-29,76733091;-51,1535296;SPRF-RS;DEL01-RS;UOP02-DEL01-RS;;;
659212;31/01/2025;sexta-feira;15:55:00;MT;364;139;PEDRA PRETA;Problema com o freio;Colis�o lateral sentido oposto;Com V�timas Feridas;Pleno dia;Crescente;Nublado;Dupla;Reta;N�o;3;0;1;0;1;3;1;5;-16,80094529;-54,1099251;SPRF-MT;DEL02-MT;UOP01-DEL02-MT;;;
659213;04/02/2025;ter�a-feira;07:30:00;PE;316;250;BELEM DE SAO FRANCISCO;Curva acentuada;Capotamento;Com V�timas Feridas;Pleno dia;Decrescente;C�u Claro;Simples;Curva;N�o;1;0;0;1;0;0;1;1;-8,67841144;-38,97115513;SPRF-PE;DEL05-PE;UOP03-DEL05-PE;;;
659228;10/01/2025;sexta-feira;07:30:00;PR;376;303,4;MAUA DA SERRA;Velocidade Incompat�vel;Tombamento;Com V�timas Feridas;Pleno dia;Crescente;Sol;Dupla;Curva;N�o;2;0;1;0;0;1;1;2;-23,94940698;-51,11940888;SPRF-PR;DEL07-PR;UOP02-DEL07-PR;;;
659229;04/02/2025;ter�a-feira;13:02:00;PA;316;63;CASTANHAL;Aus�ncia de rea��o do condutor;Tombamento;Com V�timas Fatais;Pleno dia;Crescente;C�u Claro;Dupla;Reta;Sim;5;1;0;0;1;4;0;6;-1,29679363;-47,92878096;SPRF-PA;DEL01-PA;UOP01-DEL01-PA;;;
659235;04/02/2025;ter�a-feira;10:20:00;SC;101;38;JOINVILLE;Objeto est�tico sobre o leito carro��vel;Colis�o com objeto;Com V�timas Feridas;Pleno dia;Decrescente;Nublado;M�ltipla;Reta;Sim;2;0;1;0;0;1;1;2;-26,25472505;-48,90561309;SPRF-SC;DEL03-SC;UOP01-DEL03-SC;;;
659239;04/02/2025;ter�a-feira;11:10:00;PR;476;239;LAPA;Aus�ncia de rea��o do condutor;Sa�da de leito carro��vel;Com V�timas Feridas;Pleno dia;Crescente;C�u Claro;Simples;Curva;N�o;2;0;1;0;0;1;1;2;-25,870127;-50,063599;SPRF-PR;DEL02-PR;UOP03-DEL02-PR;;;
659242;01/02/2025;s�bado;09:45:00;MT;163;764;SORRISO;Condutor deixou de manter dist�ncia do ve�culo da frente;Colis�o frontal;Com V�timas Feridas;Pleno dia;Crescente;Chuva;Simples;Reta;N�o;5;0;0;3;1;3;3;6;-12,46346786;-55,66841863;SPRF-MT;DEL06-MT;UOP01-DEL06-MT;;;
659246;04/02/2025;ter�a-feira;10:32:00;SC;116;141;SANTA CECILIA;Acessar a via sem observar a presen�a dos outros ve�culos;Colis�o frontal;Com V�timas Feridas;Pleno dia;Crescente;Sol;Simples;"Curva;Interse��o de Vias";Sim;2;0;1;0;1;0;1;2;-26,97282394;-50,40309796;SPRF-SC;DEL06-SC;UOP02-DEL06-SC;;;