id;data_inversa;dia_semana;horario;uf;br;km;municipio;causa_acidente;tipo_acidente;classificacao_acidente;fase_dia;sentido_via;condicao_metereologica;tipo_pista;tracado_via;uso_solo;pessoas;mortos;feridos_leves;feridos_graves;ilesos;ignorados;feridos;veiculos;latitude;longitude;regional;delegacia;uop;;;
659248;04/02/2025;ter�a-feira;14:00:00;MG;40;750,1;SANTOS DUMONT;Velocidade Incompat�vel;Tombamento;Com V�timas Feridas;Pleno dia;Crescente;C�u Claro;Simples;Curva;N�o;1;0;1;0;0;0;1;1;-21,49074111;-43,53555411;SPRF-MG;DEL05-MG;UOP01-DEL05-MG;;;
659249;04/02/2025;ter�a-feira;15:00:00;ES;101;143,7;LINHARES;Desrespeitar a prefer�ncia no cruzamento;Colis�o transversal;Com V�timas Feridas;Pleno dia;Crescente;C�u Claro;Simples;Interse��o de Vias;N�o;4;0;1;0;2;2;1;4;-19,3453022;-40,06366253;SPRF-ES;DEL04-ES;UOP01-DEL04-ES;;;
659251;04/02/2025;ter�a-feira;15:00:00;PR;277;539;IBEMA;Transitar na contram�o;Colis�o lateral sentido oposto;Com V�timas Feridas;Pleno dia;Decrescente;C�u Claro;Simples;"Reta;Declive";N�o;8;0;0;3;4;2;3;6;-25,10508569;-53,03299472;SPRF-PR;DEL04-PR;UOP04-DEL04-PR;;;
659252;04/02/2025;ter�a-feira;15:00:00;RS;290;23,6;SANTO ANTONIO DA PATRULHA;Rea��o tardia ou ineficiente do condutor;Sa�da de leito carro��vel;Com V�timas Feridas;Pleno dia;Decrescente;C�u Claro;Dupla;Reta;N�o;2;0;1;0;0;1;1;2;-29,885357;-50,484364;SPRF-RS;DEL03-RS;UOP01-DEL03-RS;;;
659254;04/02/2025;ter�a-feira;12:25:00;RO;364;276,5;PRESIDENTE MEDICI;Demais falhas mec�nicas ou el�tricas;Inc�ndio;Sem V�timas;Pleno dia;Crescente;C�u Claro;Simples;"Reta;Aclive";N�o;2;0;0;0;1;2;0;3;-11,38782822;-61,76833405;SPRF-RO;DEL02-RO;UOP01-DEL02-RO;;;
659257;04/02/2025;ter�a-feira;15:30:00;RS;470;162;NOVA PRATA;Ingest�o de �lcool pelo condutor;Colis�o traseira;Sem V�timas;Pleno dia;Decrescente;Sol;Simples;Reta;Sim;6;0;0;0;3;3;0;5;-28,82367706;-51,5857029;SPRF-RS;DEL06-RS;UOP02-DEL06-RS;;;
659259;04/02/2025;ter�a-feira;18:20:00;PR;369;86,1;CORNELIO PROCOPIO;Acessar a via sem observar a presen�a dos outros ve�culos;Colis�o transversal;Com V�timas Feridas;Plena Noite;Decrescente;Chuva;Simples;Interse��o de Vias;Sim;2;0;1;0;1;0;1;2;-23,17364255;-50,62049389;SPRF-PR;DEL07-PR;UOP05-DEL07-PR;;;
659261;04/02/2025;ter�a-feira;16:45:00;RS;290;91;PORTO ALEGRE;Manobra de mudan�a de faixa;Colis�o traseira;Com V�timas Feridas;Pleno dia;Decrescente;C�u Claro;Dupla;"Retorno Regulamentado;Curva";Sim;3;0;2;0;1;0;2;2;-29,969055;-51,167439;SPRF-RS;DEL01-RS;UOP01-DEL01-RS;;;
659268;04/02/2025;ter�a-feira;17:20:00;RJ;101;209;CASIMIRO DE ABREU;Rea��o tardia ou ineficiente do condutor;Colis�o traseira;Com V�timas Feridas;Pleno dia;Decrescente;C�u Claro;Dupla;Curva;N�o;4;0;2;0;2;0;2;3;-22,48133694;-42,22930101;SPRF-RJ;DEL08-RJ;UOP04-DEL08-RJ;;;
659270;04/02/2025;ter�a-feira;15:30:00;PB;101;119,5;PEDRAS DE FOGO;Rea��o tardia ou ineficiente do condutor;Sa�da de leito carro��vel;Sem V�timas;Pleno dia;Decrescente;Chuva;Simples;Aclive;N�o;2;0;0;0;1;1;0;2;-7,42897814;-34,96672977;SPRF-PB;DEL01-PB;UOP01-DEL01-PB;;;
659272;04/02/2025;ter�a-feira;12:36:00;MA;135;29,8;BACABEIRA;Aus�ncia de rea��o do condutor;Colis�o lateral mesmo sentido;Com V�timas Feridas;Pleno dia;Decrescente;Nublado;Dupla;Reta;N�o;4;0;1;2;0;1;3;2;-2,795072;-44,374203;SPRF-MA;DEL01-MA;UOP01-DEL01-MA;;;
659273;04/02/2025;ter�a-feira;16:20:00;MG;153;1;ARAPORA;Velocidade Incompat�vel;Tombamento;Com V�timas Fatais;Pleno dia;Decrescente;Nublado;Dupla;"Aclive;Reta";Sim;3;1;0;0;1;1;0;3;-18,41758;-49,194427;SPRF-MG;DEL15-MG;UOP03-DEL15-MG;;;
659275;04/02/2025;ter�a-feira;18:00:00;RS;448;21;CANOAS;Manobra de mudan�a de faixa;Colis�o lateral mesmo sentido;Com V�timas Feridas;Pleno dia;Decrescente;Sol;M�ltipla;"Ponte;Reta";N�o;2;0;1;0;1;0;1;2;-29,96574;-51,202034;SPRF-RS;DEL01-RS;UOP01-DEL01-RS;;;
659288;04/02/2025;ter�a-feira;18:48:00;ES;101;270,5;SERRA;Acessar a via sem observar a presen�a dos outros ve�culos;Colis�o traseira;Com V�timas Feridas;Anoitecer;Decrescente;C�u Claro;Dupla;Interse��o de Vias;Sim;3;0;0;1;1;3;1;5;-20,22662056;-40,27075088;SPRF-ES;DEL02-ES;UOP01-DEL02-ES;;;
659291;04/02/2025;ter�a-feira;19:55:00;RS;290;86;PORTO ALEGRE;Condutor deixou de manter dist�ncia do ve�culo da frente;Colis�o traseira;Com V�timas Feridas;Plena Noite;Decrescente;C�u Claro;M�ltipla;Reta;Sim;2;0;1;0;1;0;1;2;-29,968412;-51,117138;SPRF-RS;DEL01-RS;UOP01-DEL01-RS;;;
659293;04/02/2025;ter�a-feira;19:00:00;PB;230;158,8;CAMPINA GRANDE;Ingest�o de �lcool pelo condutor;Colis�o transversal;Com V�timas Feridas;Plena Noite;Crescente;Chuva;Simples;Reta;Sim;6;0;2;0;4;0;2;2;-7,25626322;-35,92903733;SPRF-PB;DEL02-PB;UOP01-DEL02-PB;;;
659295;04/02/2025;ter�a-feira;19:40:00;BA;324;537;CONCEICAO DO JACUIPE;Acessar a via sem observar a presen�a dos outros ve�culos;Colis�o transversal;Com V�timas Fatais;Plena Noite;Crescente;C�u Claro;Dupla;Reta;Sim;3;1;0;0;1;1;0;3;-12,36902201;-38,81384601;SPRF-BA;DEL01-BA;UOP03-DEL01-BA;;;
659306;04/02/2025;ter�a-feira;20:50:00;PR;277;135;BALSA NOVA;Demais falhas mec�nicas ou el�tricas;Inc�ndio;Sem V�timas;Plena Noite;Crescente;Garoa/Chuvisco;Dupla;"Curva;Declive";N�o;2;0;0;0;1;1;0;2;-25,47042592;-49,62380648;SPRF-PR;DEL03-PR;UOP03-DEL03-PR;;;
659309;04/02/2025;ter�a-feira;18:55:00;PR;277;475;NOVA LARANJEIRAS;Pedestre cruzava a pista fora da faixa;Atropelamento de Pedestre;Com V�timas Feridas;Anoitecer;Decrescente;Nublado;Simples;Declive;N�o;3;0;0;1;1;3;1;5;-25,29776255;-52,57113978;SPRF-PR;DEL04-PR;UOP02-DEL04-PR;;;
659315;04/02/2025;ter�a-feira;17:10:00;GO;452;147;BOM JESUS DE GOIAS;Ultrapassagem Indevida;Colis�o lateral sentido oposto;Sem V�timas;Anoitecer;Crescente;Chuva;Simples;Reta;N�o;4;0;0;0;3;2;0;5;-18,28706779;-49,60856091;SPRF-GO;DEL03-GO;UOP02-DEL03-GO;;;
659318;04/02/2025;ter�a-feira;22:30:00;MG;40;766,7;JUIZ DE FORA;Rea��o tardia ou ineficiente do condutor;Colis�o com objeto;Sem V�timas;Plena Noite;Crescente;C�u Claro;Simples;Reta;N�o;2;0;0;0;1;1;0;2;-21,5688431;-43,47868311;SPRF-MG;DEL05-MG;UOP01-DEL05-MG;;;
659325;04/02/2025;ter�a-feira;23:14:00;BA;324;539;AMELIA RODRIGUES;Demais falhas mec�nicas ou el�tricas;Colis�o com objeto;Sem V�timas;Plena Noite;Crescente;C�u Claro;Dupla;Reta;Sim;2;0;0;0;1;1;0;2;-12,37995647;-38,79955259;SPRF-BA;DEL01-BA;UOP03-DEL01-BA;;;
659328;04/02/2025;ter�a-feira;20:20:00;MG;251;228,4;SANTA CRUZ DE SALINAS;Curva acentuada;Sa�da de leito carro��vel;Com V�timas Feridas;Plena Noite;Decrescente;C�u Claro;Simples;"Curva;Declive";N�o;3;0;0;1;0;2;1;3;-15,95801106;-41,68965499;SPRF-MG;DEL12-MG;UOP02-DEL12-MG;;;
659329;22/01/2025;quarta-feira;03:00:00;MS;262;449;DOIS IRMAOS DO BURITI;Aus�ncia de rea��o do condutor;Colis�o traseira;Com V�timas Feridas;Plena Noite;Crescente;C�u Claro;Simples;Reta;N�o;6;0;4;0;1;2;4;4;-20,54178326;-55,44642492;SPRF-MS;DEL03-MS;UOP01-DEL03-MS;;;
659331;05/02/2025;quarta-feira;01:50:00;MG;381;4;BETIM;Condutor Dormindo;Colis�o com objeto;Sem V�timas;Plena Noite;Crescente;C�u Claro;Dupla;Curva;Sim;2;0;0;0;1;1;0;2;-19,96825;-44,198708;SPRF-MG;DEL01-MG;UOP03-DEL01-MG;;;
659333;05/02/2025;quarta-feira;01:20:00;CE;116;128;RUSSAS;Animais na Pista;Atropelamento de Animal;Sem V�timas;Plena Noite;Crescente;C�u Claro;Simples;"Reta;Declive";N�o;4;0;0;0;4;0;0;1;-4,67991963;-38,12722972;SPRF-CE;DEL03-CE;UOP01-DEL03-CE;;;
659334;05/02/2025;quarta-feira;01:30:00;PR;153;98,1;JAPIRA;Ingest�o de �lcool pelo condutor;Colis�o traseira;Com V�timas Feridas;Plena Noite;Crescente;Chuva;Simples;"Curva;Aclive";N�o;4;0;1;1;1;1;2;3;-23,75551706;-50,18407866;SPRF-PR;DEL07-PR;UOP04-DEL07-PR;;;
659336;05/02/2025;quarta-feira;02:50:00;GO;60;269,9;JANDAIA;Condutor Dormindo;Tombamento;Sem V�timas;Plena Noite;Crescente;Nublado;Dupla;"Retorno Regulamentado;Reta";N�o;2;0;0;0;0;2;0;2;-17,2061;-50,1122;SPRF-GO;DEL01-GO;UOP02-DEL01-GO;;;
659339;05/02/2025;quarta-feira;04:00:00;ES;259;8,5;JOAO NEIVA;Aus�ncia de rea��o do condutor;Tombamento;Com V�timas Feridas;Amanhecer;Crescente;C�u Claro;Simples;"Curva;Aclive";N�o;2;0;1;0;0;1;1;2;-19,68073376;-40,39141693;SPRF-ES;DEL02-ES;UOP01-DEL02-ES;;;
659340;05/02/2025;quarta-feira;05:15:00;MG;116;776,7;LEOPOLDINA;Velocidade Incompat�vel;Tombamento;Com V�timas Fatais;Amanhecer;Decrescente;C�u Claro;Simples;Curva;N�o;3;1;1;0;0;1;1;2;-21,59023796;-42,68715187;SPRF-MG;DEL07-MG;UOP01-DEL07-MG;;;
659349;05/02/2025;quarta-feira;06:22:00;TO;230;24;SANTA TEREZINHA DO TOCANTINS;Aus�ncia de rea��o do condutor;Atropelamento de Pedestre;Com V�timas Fatais;Amanhecer;Crescente;Nevoeiro/Neblina;Simples;"Aclive;Reta";N�o;2;1;0;0;0;1;0;2;-6,42577201;-47,567059;SPRF-TO;DEL02-TO;UOP03-DEL02-TO;;;
659356;05/02/2025;quarta-feira;06:30:00;RS;290;170,3;BUTIA;Rea��o tardia ou ineficiente do condutor;Sa�da de leito carro��vel;Com V�timas Feridas;Amanhecer;Crescente;C�u Claro;Simples;"Reta;Declive";N�o;1;0;1;0;0;0;1;1;-30,125158;-51,910156;SPRF-RS;DEL02-RS;UOP03-DEL02-RS;;;
659360;05/02/2025;quarta-feira;04:30:00;MG;365;92;JEQUITAI;Velocidade Incompat�vel;Tombamento;Com V�timas Feridas;Amanhecer;Crescente;C�u Claro;Simples;"Declive;Curva";N�o;1;0;1;0;0;0;1;1;-17,21604745;-44,45298992;SPRF-MG;DEL12-MG;UOP01-DEL12-MG;;;
659363;25/01/2025;s�bado;02:30:00;SC;280;187,2;MAFRA;Rea��o tardia ou ineficiente do condutor;Tombamento;Com V�timas Feridas;Plena Noite;Crescente;Nevoeiro/Neblina;Simples;"Declive;Retorno Regulamentado;Interse��o de Vias;Rotat�ria;Desvio Tempor�rio";N�o;2;0;1;0;0;2;1;3;-26,16790438;-49,95451995;SPRF-SC;DEL06-SC;UOP01-DEL06-SC;;;
659369;05/02/2025;quarta-feira;07:51:00;PR;277;679;MEDIANEIRA;Avarias e/ou desgaste excessivo no pneu;Tombamento;Com V�timas Fatais;Pleno dia;Crescente;C�u Claro;Dupla;"Reta;Declive";N�o;2;1;0;0;0;1;0;2;-25,31758044;-54,15684223;SPRF-PR;DEL05-PR;UOP01-DEL05-PR;;;
659380;05/02/2025;quarta-feira;09:15:00;MG;381;689,4;LAVRAS;Aus�ncia de rea��o do condutor;Colis�o traseira;Com V�timas Feridas;Pleno dia;Crescente;Sol;Dupla;"Curva;Aclive";N�o;3;0;1;0;1;1;1;3;-21,225698;-45,130486;SPRF-MG;DEL04-MG;UOP02-DEL04-MG;;;
659381;05/02/2025;quarta-feira;07:50:00;MG;50;19;UBERLANDIA;Manobra de mudan�a de faixa;Tombamento;Com V�timas Feridas;Pleno dia;Crescente;Sol;Dupla;Reta;N�o;2;0;1;0;1;0;1;2;-18,935284;-48,202407;SPRF-MG;DEL15-MG;UOP01-DEL15-MG;;;
659383;05/02/2025;quarta-feira;09:15:00;SP;116;442;REGISTRO;Frear bruscamente;Sa�da de leito carro��vel;Com V�timas Feridas;Pleno dia;Decrescente;C�u Claro;Dupla;Reta;N�o;4;0;1;0;1;2;1;4;-24,46159507;-47,81713991;SPRF-SP;DEL05-SP;UOP01-DEL05-SP;;;
659386;05/02/2025;quarta-feira;06:10:00;GO;60;43,8;ALEXANIA;Rea��o tardia ou ineficiente do condutor;Sa�da de leito carro��vel;Com V�timas Fatais;Pleno dia;Crescente;Nublado;Dupla;Reta;N�o;2;1;0;0;0;1;0;2;-16,1164;-48,5892;SPRF-GO;DEL02-GO;UOP01-DEL02-GO;;;
659417;14/01/2025;ter�a-feira;10:55:00;RS;101;70,8;OSORIO;Condutor deixou de manter dist�ncia do ve�culo da frente;Colis�o traseira;Com V�timas Feridas;Pleno dia;Crescente;Sol;Dupla;Reta;N�o;5;0;1;0;3;2;1;5;-29,759604;-50,21723;SPRF-RS;DEL03-RS;UOP01-DEL03-RS;;;
659418;05/02/2025;quarta-feira;12:00:00;RJ;393;179;PARAIBA DO SUL;Velocidade Incompat�vel;Colis�o traseira;Com V�timas Feridas;Pleno dia;Crescente;C�u Claro;Simples;"Aclive;Reta";N�o;3;0;1;0;1;1;1;3;-22,12695355;-43,23512967;SPRF-RJ;DEL05-RJ;UOP03-DEL05-RJ;;;
659420;05/02/2025;quarta-feira;11:40:00;PR;376;592,2;CURITIBA;Aus�ncia de rea��o do condutor;Colis�o traseira;Com V�timas Feridas;Pleno dia;Decrescente;Nublado;Dupla;Reta;N�o;3;0;0;1;1;2;1;4;-25,45964378;-49,35905635;SPRF-PR;DEL03-PR;UOP03-DEL03-PR;;;
659421;14/01/2025;ter�a-feira;06:00:00;MG;381;700;LAVRAS;Curva acentuada;Tombamento;Com V�timas Feridas;Amanhecer;Crescente;Nublado;Dupla;Curva;N�o;2;0;1;0;0;1;1;2;-21,31137883;-45,16451703;SPRF-MG;DEL04-MG;UOP02-DEL04-MG;;;
659423;05/02/2025;quarta-feira;12:25:00;SC;280;122;SAO BENTO DO SUL;Rea��o tardia ou ineficiente do condutor;Colis�o transversal;Com V�timas Feridas;Pleno dia;Crescente;C�u Claro;Simples;"Interse��o de Vias;Rotat�ria";N�o;2;0;1;0;1;0;1;2;-26,24546499;-49,46053505;SPRF-SC;DEL06-SC;UOP03-DEL06-SC;;;
659424;05/02/2025;quarta-feira;12:00:00;PR;476;169;CONTENDA;Mal s�bito do condutor;Tombamento;Com V�timas Feridas;Pleno dia;Decrescente;Nublado;Simples;Reta;N�o;2;0;1;0;0;1;1;2;-25,666254;-49,495918;SPRF-PR;DEL01-PR;UOP06-DEL01-PR;;;
659428;05/02/2025;quarta-feira;11:00:00;MG;381;824;CAREACU;Demais falhas mec�nicas ou el�tricas;Inc�ndio;Sem V�timas;Pleno dia;Decrescente;C�u Claro;Dupla;Reta;N�o;2;0;0;0;1;1;0;2;-22,12136648;-45,77006905;SPRF-MG;DEL16-MG;UOP02-DEL16-MG;;;
659432;05/02/2025;quarta-feira;13:00:00;AL;101;37,8;JOAQUIM GOMES;Chuva;Colis�o transversal;Com V�timas Feridas;Pleno dia;Decrescente;Chuva;Dupla;Reta;Sim;3;0;2;0;1;0;2;2;-9,1393861;-35,77035538;SPRF-AL;DEL01-AL;UOP02-DEL01-AL;;;
659434;05/02/2025;quarta-feira;10:00:00;SC;163;95;GUARACIABA;Convers�o proibida;Colis�o traseira;Com V�timas Feridas;Pleno dia;Crescente;C�u Claro;Simples;Reta;N�o;2;0;0;1;1;0;1;2;-26,52522398;-53,51935936;SPRF-SC;DEL07-SC;UOP03-DEL07-SC;;;
659444;05/02/2025;quarta-feira;14:20:00;SP;116;488,8;CAJATI;Aus�ncia de rea��o do condutor;Colis�o traseira;Com V�timas Fatais;Pleno dia;Decrescente;C�u Claro;Dupla;Reta;Sim;5;1;0;1;1;3;1;5;-24,73464809;-48,11602794;SPRF-SP;DEL05-SP;UOP01-DEL05-SP;;;
659447;05/02/2025;quarta-feira;13:33:00;SP;381;61;MAIRIPORA;Pista Escorregadia;Colis�o lateral mesmo sentido;Com V�timas Feridas;Pleno dia;Crescente;Chuva;Dupla;Curva;N�o;2;0;1;0;1;0;1;2;-23,29011611;-46,5800681;SPRF-SP;DEL03-SP;UOP01-DEL03-SP;;;
659451;05/02/2025;quarta-feira;15:50:00;RS;472;517;URUGUAIANA;Demais falhas mec�nicas ou el�tricas;Colis�o lateral sentido oposto;Com V�timas Feridas;Plena Noite;Decrescente;C�u Claro;Simples;Reta;N�o;4;0;2;0;1;1;2;3;-29,44651;-56,684626;SPRF-RS;DEL13-RS;UOP01-DEL13-RS;;;
659454;05/02/2025;quarta-feira;13:00:00;AL;101;181;JUNQUEIRO;Velocidade Incompat�vel;Colis�o com objeto;Com V�timas Feridas;Pleno dia;Decrescente;Chuva;Dupla;Declive;N�o;2;0;1;0;0;1;1;2;-9,89535548;-36,41225988;SPRF-AL;DEL02-AL;UOP02-DEL02-AL;;;
659455;05/02/2025;quarta-feira;12:50:00;MG;381;513;IGARAPE;Problema com o freio;Colis�o lateral sentido oposto;Com V�timas Feridas;Pleno dia;Decrescente;C�u Claro;Simples;"Declive;Reta";N�o;4;0;1;1;2;0;2;3;-20,099993;-44,318903;SPRF-MG;DEL01-MG;UOP03-DEL01-MG;;;
659456;05/02/2025;quarta-feira;16:00:00;SC;101;202;SAO JOSE;Trafegar com motocicleta (ou similar) entre as faixas;Colis�o lateral mesmo sentido;Com V�timas Feridas;Pleno dia;Crescente;Nublado;M�ltipla;Reta;Sim;3;0;1;0;0;2;1;3;-27,55711595;-48,61897889;SPRF-SC;DEL01-SC;UOP01-DEL01-SC;;;
659458;05/02/2025;quarta-feira;16:25:00;MG;381;525,5;BRUMADINHO;Problema com o freio;Colis�o com objeto;Com V�timas Feridas;Pleno dia;Crescente;C�u Claro;Dupla;"Em Obras;Declive;Curva";N�o;5;0;3;0;1;2;3;5;-20,16710798;-44,33422398;SPRF-MG;DEL04-MG;UOP03-DEL04-MG;;;
659462;05/02/2025;quarta-feira;17:00:00;DF;40;3;BRASILIA;Acessar a via sem observar a presen�a dos outros ve�culos;Colis�o lateral mesmo sentido;Com V�timas Feridas;Pleno dia;Decrescente;C�u Claro;Dupla;"Interse��o de Vias;Rotat�ria";Sim;2;0;1;0;1;0;1;2;-16,003145;-47,983944;SPRF-DF;DEL01-DF;UOP01-DEL01-DF;;;
659463;05/02/2025;quarta-feira;16:30:00;PR;153;42,4;SANTO ANTONIO DA PLATINA;Desrespeitar a prefer�ncia no cruzamento;Colis�o transversal;Com V�timas Feridas;Pleno dia;Crescente;C�u Claro;Simples;"Reta;Interse��o de Vias";Sim;2;0;0;1;1;0;1;2;-23,29512144;-50,06578041;SPRF-PR;DEL07-PR;UOP04-DEL07-PR;;;
659465;05/02/2025;quarta-feira;17:00:00;SC;101;346;JAGUARUNA;Acessar a via sem observar a presen�a dos outros ve�culos;Colis�o lateral mesmo sentido;Sem V�timas;Pleno dia;Crescente;C�u Claro;Dupla;"Reta;Em Obras";Sim;2;0;0;0;2;0;0;2;-28,55485199;-49,0540891;SPRF-SC;DEL02-SC;UOP01-DEL02-SC;;;
659469;05/02/2025;quarta-feira;14:03:00;SC;163;106,2;SAO JOSE DO CEDRO;Acessar a via sem observar a presen�a dos outros ve�culos;Colis�o transversal;Com V�timas Feridas;Pleno dia;Crescente;C�u Claro;Dupla;"Retorno Regulamentado;Interse��o de Vias";Sim;3;0;0;1;1;3;1;5;-26,43752707;-53,51693708;SPRF-SC;DEL07-SC;UOP03-DEL07-SC;;;
659476;05/02/2025;quarta-feira;18:16:00;TO;153;702;CARIRI DO TOCANTINS;Acessar a via sem observar a presen�a dos outros ve�culos;Colis�o transversal;Com V�timas Feridas;Anoitecer;Crescente;C�u Claro;Simples;"Retorno Regulamentado;Reta";N�o;5;0;1;1;2;1;2;3;-11,96911979;-49,2029167;SPRF-TO;DEL01-TO;UOP02-DEL01-TO;;;
659482;05/02/2025;quarta-feira;17:20:00;PR;369;234,5;JANDAIA DO SUL;Transitar na contram�o;Colis�o frontal;Com V�timas Fatais;Pleno dia;Decrescente;Nublado;Simples;Reta;N�o;2;1;0;0;1;0;0;2;-23,626436;-51,670105;SPRF-PR;DEL09-PR;UOP01-DEL09-PR;;;
659489;05/02/2025;quarta-feira;19:30:00;MA;316;266,6;SANTA INES;Ingest�o de �lcool pelo condutor;Colis�o frontal;Sem V�timas;Plena Noite;Crescente;C�u Claro;Simples;"Viaduto;Reta";Sim;2;0;0;0;2;0;0;2;-3,681815;-45,347157;SPRF-MA;DEL02-MA;UOP01-DEL02-MA;;;
659490;05/02/2025;quarta-feira;20:30:00;GO;364;278;MINEIROS;Rea��o tardia ou ineficiente do condutor;Colis�o traseira;Com V�timas Feridas;Plena Noite;Crescente;C�u Claro;Simples;"Aclive;Reta";N�o;4;0;1;0;2;2;1;5;-17,637932;-52,371918;SPRF-GO;DEL05-GO;UOP01-DEL05-GO;;;
659491;05/02/2025;quarta-feira;20:00:00;PB;230;36;SANTA RITA;Aus�ncia de rea��o do condutor;Colis�o traseira;Com V�timas Feridas;Plena Noite;Decrescente;Chuva;Dupla;Reta;Sim;2;0;0;1;0;1;1;2;-7,1246;-34,9473;SPRF-PB;DEL01-PB;UOP02-DEL01-PB;;;
659503;05/02/2025;quarta-feira;21:15:00;SC;101;1,3;GARUVA;Manobra de mudan�a de faixa;Colis�o lateral mesmo sentido;Com V�timas Feridas;Plena Noite;Decrescente;Garoa/Chuvisco;M�ltipla;Reta;N�o;2;0;1;0;1;0;1;2;-25,99179956;-48,88117254;SPRF-SC;DEL03-SC;UOP01-DEL03-SC;;;
659506;05/02/2025;quarta-feira;22:45:00;BA;101;512,5;ITABUNA;Aus�ncia de rea��o do condutor;Colis�o traseira;Com V�timas Feridas;Plena Noite;Crescente;C�u Claro;Simples;Reta;N�o;4;0;1;1;1;1;2;3;-14,84998829;-39,28151965;SPRF-BA;DEL05-BA;UOP01-DEL05-BA;;;
659508;05/02/2025;quarta-feira;08:55:00;MT;70;95;GENERAL CARNEIRO;Demais falhas mec�nicas ou el�tricas;Tombamento;Sem V�timas;Pleno dia;Decrescente;Nublado;Simples;Curva;N�o;4;0;0;0;3;1;0;2;-15,57483763;-52,90425902;SPRF-MT;DEL07-MT;UOP01-DEL07-MT;;;
659510;05/02/2025;quarta-feira;23:20:00;SE;101;184;UMBAUBA;Aus�ncia de rea��o do condutor;Colis�o traseira;Com V�timas Fatais;Plena Noite;Crescente;Nublado;Simples;"Aclive;Reta";N�o;2;1;0;0;0;1;0;2;-11,3869269;-37,66865876;SPRF-SE;DEL02-SE;UOP03-DEL02-SE;;;
659515;06/02/2025;quinta-feira;01:40:00;MG;153;53;MONTE ALEGRE DE MINAS;Condutor Dormindo;Sa�da de leito carro��vel;Com V�timas Feridas;Plena Noite;Crescente;C�u Claro;Dupla;Reta;N�o;3;0;2;0;0;1;2;2;-18,84716712;-49,09042109;SPRF-MG;DEL15-MG;UOP03-DEL15-MG;;;
659516;06/02/2025;quinta-feira;00:30:00;MG;40;442,7;PARAOPEBA;Manobra de mudan�a de faixa;Colis�o lateral mesmo sentido;Com V�timas Feridas;Plena Noite;Crescente;C�u Claro;Dupla;"Reta;Declive";N�o;4;0;1;0;2;1;1;3;-19,28159537;-44,41755295;SPRF-MG;DEL02-MG;UOP01-DEL02-MG;;;
659517;05/02/2025;quarta-feira;23:38:00;RS;470;112,7;LAGOA VERMELHA;Demais falhas mec�nicas ou el�tricas;Inc�ndio;Sem V�timas;Plena Noite;Crescente;C�u Claro;Simples;Reta;N�o;2;0;0;0;1;1;0;2;-28,459305;-51,514428;SPRF-RS;DEL08-RS;UOP05-DEL08-RS;;;
659518;06/02/2025;quinta-feira;02:30:00;PR;476;97,9;BOCAIUVA DO SUL;Aus�ncia de rea��o do condutor;Sa�da de leito carro��vel;Com V�timas Feridas;Plena Noite;Crescente;Garoa/Chuvisco;Simples;Reta;N�o;2;0;1;0;0;1;1;2;-25,234463;-49,127838;SPRF-PR;DEL01-PR;UOP01-DEL01-PR;;;
659522;06/02/2025;quinta-feira;04:55:00;SP;116;222;GUARULHOS;Aus�ncia de rea��o do condutor;Engavetamento;Com V�timas Feridas;Amanhecer;Crescente;C�u Claro;M�ltipla;"Em Obras;Reta";Sim;4;0;0;2;2;0;2;3;-23,47093408;-46,51631097;SPRF-SP;DEL01-SP;UOP01-DEL01-SP;;;
659523;06/02/2025;quinta-feira;04:15:00;RJ;101;261;RIO BONITO;Aus�ncia de rea��o do condutor;Colis�o traseira;Sem V�timas;Amanhecer;Crescente;Ignorado;Dupla;Reta;N�o;3;0;0;0;2;1;0;3;-22,71139378;-42,61157199;SPRF-RJ;DEL02-RJ;UOP03-DEL02-RJ;;;
659524;05/02/2025;quarta-feira;19:30:00;MG;365;446;GUIMARANIA;Manobra de mudan�a de faixa;Colis�o frontal;Com V�timas Feridas;Plena Noite;Crescente;C�u Claro;Simples;Aclive;N�o;3;0;0;1;1;1;1;3;-18,82615544;-46,7900619;SPRF-MG;DEL10-MG;UOP01-DEL10-MG;;;
659525;21/01/2025;ter�a-feira;12:40:00;BA;324;554;AMELIA RODRIGUES;Aus�ncia de sinaliza��o;Engavetamento;Com V�timas Feridas;Pleno dia;Crescente;C�u Claro;Dupla;Reta;N�o;5;0;1;0;4;0;1;4;-12,46037726;-38,69681519;SPRF-BA;DEL01-BA;UOP03-DEL01-BA;;;
659527;05/02/2025;quarta-feira;23:20:00;PR;373;213,5;IMBITUVA;Aus�ncia de rea��o do condutor;Tombamento;Com V�timas Feridas;Plena Noite;Decrescente;Nublado;Simples;Curva;N�o;2;0;0;1;0;1;1;2;-25,15709703;-50,51398401;SPRF-PR;DEL03-PR;UOP01-DEL03-PR;;;
659528;06/02/2025;quinta-feira;06:10:00;PR;376;343,8;ORTIGUEIRA;Velocidade Incompat�vel;Colis�o frontal;Com V�timas Feridas;Amanhecer;Decrescente;Chuva;Simples;Curva;N�o;3;0;0;1;1;1;1;3;-24,159;-50,973;SPRF-PR;DEL07-PR;UOP02-DEL07-PR;;;
659530;06/02/2025;quinta-feira;05:00:00;BA;410;26;TUCANO;Ultrapassagem Indevida;Colis�o frontal;Com V�timas Feridas;Amanhecer;Crescente;Nublado;Simples;Reta;N�o;6;0;5;0;1;0;5;3;-10,9458839;-38,7252251;SPRF-BA;DEL07-BA;UOP02-DEL07-BA;;;