id;data_inversa;dia_semana;horario;uf;br;km;municipio;causa_acidente;tipo_acidente;classificacao_acidente;fase_dia;sentido_via;condicao_metereologica;tipo_pista;tracado_via;uso_solo;pessoas;mortos;feridos_leves;feridos_graves;ilesos;ignorados;feridos;veiculos;latitude;longitude;regional;delegacia;uop;;;
659539;06/02/2025;quinta-feira;07:15:00;PB;101;72;SANTA RITA;Condutor Dormindo;Colis�o com objeto;Com V�timas Feridas;Pleno dia;Crescente;Nublado;Dupla;Reta;N�o;2;0;1;0;1;0;1;2;-7,07320663;-34,99569975;SPRF-PB;DEL01-PB;UOP03-DEL01-PB;;;
659549;06/02/2025;quinta-feira;08:30:00;PR;369;482,9;CORBELIA;Manobra de mudan�a de faixa;Colis�o lateral mesmo sentido;Com V�timas Feridas;Pleno dia;Decrescente;C�u Claro;Dupla;"Aclive;Reta";N�o;3;0;1;0;0;2;1;3;-24,78175;-53,29141;SPRF-PR;DEL04-PR;UOP03-DEL04-PR;;;
659553;25/01/2025;s�bado;18:40:00;SC;101;35;PALHOCA;Sistema de drenagem ineficiente;Colis�o transversal;Com V�timas Feridas;Anoitecer;Decrescente;Chuva;Dupla;Curva;N�o;3;0;2;0;1;0;2;2;-27,6427;-48,6695;SPRF-SC;DEL01-SC;UOP02-DEL01-SC;;;
659558;06/02/2025;quinta-feira;07:45:00;SC;101;396,7;MARACAJA;Rea��o tardia ou ineficiente do condutor;Colis�o com objeto;Com V�timas Feridas;Pleno dia;Decrescente;C�u Claro;Dupla;Declive;N�o;3;0;0;1;2;0;1;2;-28,8419671;-49,4276619;SPRF-SC;DEL02-SC;UOP02-DEL02-SC;;;
659561;06/02/2025;quinta-feira;09:40:00;CE;116;13,9;FORTALEZA;Manobra de mudan�a de faixa;Colis�o lateral mesmo sentido;Com V�timas Feridas;Pleno dia;Crescente;Nublado;Dupla;Reta;Sim;2;0;1;0;1;0;1;2;-3,86088501;-38,49715296;SPRF-CE;DEL01-CE;UOP02-DEL01-CE;;;
659564;06/02/2025;quinta-feira;09:50:00;RN;101;118;SAO JOSE DE MIPIBU;Aus�ncia de rea��o do condutor;Colis�o lateral mesmo sentido;Sem V�timas;Pleno dia;Crescente;Nublado;Dupla;"Desvio Tempor�rio;Reta;Retorno Regulamentado";N�o;3;0;0;0;2;2;0;4;-6,01774809;-35,2528319;SPRF-RN;DEL01-RN;UOP01-DEL01-RN;;;
659570;06/02/2025;quinta-feira;10:15:00;SC;470;45,9;GASPAR;Ultrapassagem Indevida;Colis�o frontal;Com V�timas Feridas;Pleno dia;Crescente;Garoa/Chuvisco;Simples;Curva;Sim;4;0;1;0;2;1;1;4;-26,86030399;-49,03852701;SPRF-SC;DEL04-SC;UOP01-DEL04-SC;;;
659572;06/02/2025;quinta-feira;09:57:00;PR;163;238,9;TOLEDO;Rea��o tardia ou ineficiente do condutor;Colis�o lateral mesmo sentido;Com V�timas Fatais;Pleno dia;Decrescente;C�u Claro;Dupla;"Aclive;Reta";N�o;6;1;0;1;3;4;1;7;-24,68967215;-53,75789523;SPRF-PR;DEL04-PR;UOP01-DEL04-PR;;;
659578;06/02/2025;quinta-feira;10:00:00;BA;20;142;SAO DESIDERIO;Rea��o tardia ou ineficiente do condutor;Tombamento;Com V�timas Feridas;Pleno dia;Decrescente;Sol;Dupla;"Aclive;Curva";N�o;2;0;1;0;0;2;1;3;-12,70841;-45,93412;SPRF-BA;DEL10-BA;UOP01-DEL10-BA;;;
659582;06/02/2025;quinta-feira;10:15:00;RS;290;161,8;ARROIO DOS RATOS;Rea��o tardia ou ineficiente do condutor;Colis�o transversal;Com V�timas Fatais;Pleno dia;Crescente;Nublado;Simples;"Reta;Declive";N�o;5;1;0;0;2;4;0;7;-30,112318;-51,818535;SPRF-RS;DEL02-RS;UOP01-DEL02-RS;;;
659585;06/02/2025;quinta-feira;11:20:00;RS;101;12,3;DOM PEDRO DE ALCANTARA;Desrespeitar a prefer�ncia no cruzamento;Colis�o lateral mesmo sentido;Com V�timas Feridas;Pleno dia;Decrescente;C�u Claro;Dupla;Viaduto;N�o;17;0;1;0;16;0;1;2;-29,38659602;-49,83647398;SPRF-RS;DEL03-RS;UOP02-DEL03-RS;;;
659587;06/02/2025;quinta-feira;11:20:00;RS;290;375;VILA NOVA DO SUL;Acessar a via sem observar a presen�a dos outros ve�culos;Colis�o transversal;Com V�timas Feridas;Pleno dia;Crescente;C�u Claro;Simples;Reta;N�o;2;0;0;1;1;0;1;2;-30,345064;-53,908253;SPRF-RS;DEL09-RS;UOP02-DEL09-RS;;;
659590;06/02/2025;quinta-feira;09:10:00;GO;158;199;CAIAPONIA;Aus�ncia de rea��o do condutor;Sa�da de leito carro��vel;Sem V�timas;Pleno dia;Decrescente;Nublado;Simples;Curva;N�o;2;0;0;0;0;2;0;2;-17,30699095;-51,88400189;SPRF-GO;DEL05-GO;UOP01-DEL05-GO;;;
659591;06/02/2025;quinta-feira;11:45:00;SC;116;180,9;SAO CRISTOVAO DO SUL;Aus�ncia de rea��o do condutor;Tombamento;Com V�timas Feridas;Pleno dia;Decrescente;Nublado;Simples;Curva;N�o;2;0;1;0;0;2;1;3;-27,2755343;-50,440979;SPRF-SC;DEL05-SC;UOP03-DEL05-SC;;;
659600;06/02/2025;quinta-feira;13:55:00;ES;101;195,3;JOAO NEIVA;Velocidade Incompat�vel;Tombamento;Com V�timas Fatais;Pleno dia;Decrescente;C�u Claro;Simples;"Reta;Declive";N�o;2;1;0;0;1;0;0;2;-19,70198612;-40,32193499;SPRF-ES;DEL04-ES;UOP01-DEL04-ES;;;
659601;06/02/2025;quinta-feira;13:40:00;MG;381;396;BOM JESUS DO AMPARO;Velocidade Incompat�vel;Colis�o com objeto;Com V�timas Feridas;Pleno dia;Crescente;Sol;Dupla;Curva;N�o;1;0;0;1;0;0;1;1;-19,74873228;-43,48895304;SPRF-MG;DEL01-MG;UOP01-DEL01-MG;;;
659602;06/02/2025;quinta-feira;10:40:00;PE;424;89,3;GARANHUNS;Demais falhas mec�nicas ou el�tricas;Colis�o lateral mesmo sentido;Com V�timas Feridas;Pleno dia;Crescente;Nublado;Simples;"Curva;Declive";Sim;6;0;2;0;3;3;2;6;-8,89138375;-36,50571483;SPRF-PE;DEL03-PE;UOP01-DEL03-PE;;;
659603;06/02/2025;quinta-feira;13:55:00;PB;230;21;JOAO PESSOA;Trafegar com motocicleta (ou similar) entre as faixas;Colis�o lateral mesmo sentido;Com V�timas Feridas;Pleno dia;Decrescente;Nublado;Dupla;Reta;Sim;3;0;0;1;1;1;1;3;-7,1415;-34,8519;SPRF-PB;DEL01-PB;UOP01-DEL01-PB;;;
659605;06/02/2025;quinta-feira;14:00:00;RJ;116;212;SEROPEDICA;Manobra de mudan�a de faixa;Colis�o lateral mesmo sentido;Sem V�timas;Pleno dia;Crescente;C�u Claro;M�ltipla;Reta;N�o;2;0;0;0;2;0;0;2;-22,71844298;-43,700897;SPRF-RJ;DEL06-RJ;UOP02-DEL06-RJ;;;
659606;06/02/2025;quinta-feira;13:35:00;PR;376;457;TIBAGI;Rea��o tardia ou ineficiente do condutor;Colis�o lateral mesmo sentido;Com V�timas Feridas;Pleno dia;Decrescente;Chuva;Dupla;Reta;N�o;6;0;2;0;3;2;2;4;-24,98482569;-50,36932593;SPRF-PR;DEL03-PR;UOP01-DEL03-PR;;;
659610;06/02/2025;quinta-feira;14:00:00;MG;381;671;PERDOES;Demais falhas mec�nicas ou el�tricas;Sa�da de leito carro��vel;Com V�timas Feridas;Pleno dia;Decrescente;Sol;Dupla;Reta;N�o;2;0;1;0;1;0;1;1;-21,08945416;-45,06864195;SPRF-MG;DEL04-MG;UOP02-DEL04-MG;;;
659628;06/02/2025;quinta-feira;14:35:00;PI;316;24,3;TERESINA;Estacionar ou parar em local proibido;Colis�o traseira;Com V�timas Feridas;Pleno dia;Crescente;Sol;M�ltipla;Reta;Sim;3;0;1;0;1;3;1;5;-5,28895702;-42,71707202;SPRF-PI;DEL01-PI;UOP02-DEL01-PI;;;
659629;06/02/2025;quinta-feira;15:00:00;MS;163;74;ITAQUIRAI;Aus�ncia de rea��o do condutor;Colis�o lateral sentido oposto;Com V�timas Feridas;Pleno dia;Crescente;Nublado;Simples;Reta;N�o;3;0;1;0;1;1;1;3;-23,50976209;-54,18919663;SPRF-MS;DEL09-MS;UOP02-DEL09-MS;;;
659630;06/02/2025;quinta-feira;16:00:00;RJ;116;205;QUEIMADOS;Demais falhas mec�nicas ou el�tricas;Inc�ndio;Sem V�timas;Pleno dia;Decrescente;C�u Claro;Dupla;Reta;N�o;2;0;0;0;1;1;0;2;-22,72746688;-43,64167998;SPRF-RJ;DEL06-RJ;UOP02-DEL06-RJ;;;
659635;06/02/2025;quinta-feira;14:00:00;PR;376;662,1;TIJUCAS DO SUL;Acessar a via sem observar a presen�a dos outros ve�culos;Colis�o transversal;Com V�timas Feridas;Pleno dia;Decrescente;C�u Claro;Dupla;Reta;N�o;3;0;1;0;1;1;1;3;-25,852775;-48,977135;SPRF-PR;DEL01-PR;UOP04-DEL01-PR;;;
659636;06/02/2025;quinta-feira;15:00:00;RJ;116;311;RESENDE;Frear bruscamente;Colis�o traseira;Com V�timas Feridas;Pleno dia;Crescente;C�u Claro;Dupla;Curva;Sim;7;0;2;0;4;1;2;5;-22,46086624;-44,44296321;SPRF-RJ;DEL07-RJ;UOP02-DEL07-RJ;;;
659652;06/02/2025;quinta-feira;17:30:00;MG;50;66,7;UBERLANDIA;Acessar a via sem observar a presen�a dos outros ve�culos;Colis�o lateral mesmo sentido;Com V�timas Feridas;Anoitecer;Crescente;C�u Claro;Dupla;Viaduto;N�o;2;0;1;0;1;0;1;2;-18,86139712;-48,25422764;SPRF-MG;DEL15-MG;UOP02-DEL15-MG;;;
659654;06/02/2025;quinta-feira;17:30:00;PE;101;51;PAULISTA;Acesso irregular;Colis�o lateral mesmo sentido;Com V�timas Feridas;Plena Noite;Decrescente;Chuva;Dupla;Reta;Sim;3;0;1;0;1;1;1;3;-7,9169968;-34,89689272;SPRF-PE;DEL01-PE;UOP02-DEL01-PE;;;
659659;06/02/2025;quinta-feira;17:30:00;MT;163;834;SINOP;Pista Escorregadia;Colis�o traseira;Com V�timas Feridas;Pleno dia;Decrescente;Chuva;Dupla;"Retorno Regulamentado;Reta";Sim;4;0;1;0;2;3;1;6;-11,87765501;-55,49941432;SPRF-MT;DEL06-MT;UOP02-DEL06-MT;;;
659661;06/02/2025;quinta-feira;17:45:00;SC;101;451;SAO JOAO DO SUL;Desrespeitar a prefer�ncia no cruzamento;Colis�o transversal;Com V�timas Feridas;Pleno dia;Decrescente;Nublado;M�ltipla;"Interse��o de Vias;Viaduto";N�o;3;0;0;1;1;2;1;4;-29,18580098;-49,75491285;SPRF-SC;DEL02-SC;UOP02-DEL02-SC;;;
659673;05/02/2025;quarta-feira;23:00:00;BA;349;822;SAO FELIX DO CORIBE;Demais falhas mec�nicas ou el�tricas;Inc�ndio;Sem V�timas;Plena Noite;Decrescente;C�u Claro;Simples;Reta;N�o;2;0;0;0;1;2;0;3;-13,37698119;-44,03074995;SPRF-BA;DEL10-BA;UOP02-DEL10-BA;;;
659676;06/02/2025;quinta-feira;18:55:00;SC;153;93,7;CONCORDIA;Transitar na contram�o;Colis�o frontal;Com V�timas Feridas;Anoitecer;Decrescente;Ignorado;Simples;"Curva;Declive";N�o;2;0;1;0;1;0;1;2;-27,192907;-51,936951;SPRF-SC;DEL07-SC;UOP04-DEL07-SC;;;
659686;06/02/2025;quinta-feira;19:50:00;MT;364;202;RONDONOPOLIS;Manobra de mudan�a de faixa;Tombamento;Com V�timas Feridas;Plena Noite;Crescente;C�u Claro;Dupla;"Em Obras;Reta;Ponte";Sim;3;0;1;0;1;2;1;4;-16,479299;-54,651568;SPRF-MT;DEL02-MT;UOP01-DEL02-MT;;;
659693;06/02/2025;quinta-feira;21:30:00;BA;324;546;AMELIA RODRIGUES;Demais falhas mec�nicas ou el�tricas;Sa�da de leito carro��vel;Com V�timas Feridas;Plena Noite;Crescente;C�u Claro;Dupla;Declive;N�o;1;0;0;1;0;0;1;1;-12,41513603;-38,75158107;SPRF-BA;DEL01-BA;UOP03-DEL01-BA;;;
659697;06/02/2025;quinta-feira;19:40:00;GO;20;212,3;POSSE;Animais na Pista;Atropelamento de Animal;Com V�timas Feridas;Plena Noite;Decrescente;C�u Claro;Simples;"Declive;Reta";N�o;2;0;1;0;0;1;1;2;-14,259401;-46,365856;SPRF-DF;DEL02-DF;UOP03-DEL02-DF;;;
659700;06/02/2025;quinta-feira;19:40:00;RS;468;63,4;CAMPO NOVO;Acessar a via sem observar a presen�a dos outros ve�culos;Colis�o frontal;Com V�timas Feridas;Plena Noite;Crescente;Garoa/Chuvisco;Simples;"Reta;Interse��o de Vias";Sim;5;0;4;0;1;0;4;2;-27,766647;-53,8184;SPRF-RS;DEL08-RS;UOP02-DEL08-RS;;;
659703;06/02/2025;quinta-feira;20:20:00;RJ;116;234;PIRAI;Velocidade Incompat�vel;Tombamento;Com V�timas Feridas;Plena Noite;Crescente;C�u Claro;Dupla;Reta;Sim;3;0;1;0;1;1;1;2;-22,66632663;-43,84704988;SPRF-RJ;DEL07-RJ;UOP01-DEL07-RJ;;;
659714;06/02/2025;quinta-feira;21:30:00;RO;364;708;PORTO VELHO;Demais falhas mec�nicas ou el�tricas;Inc�ndio;Sem V�timas;Plena Noite;Crescente;Ignorado;Dupla;Reta;N�o;1;0;0;0;1;0;0;1;-8,79554083;-63,84072487;SPRF-RO;DEL01-RO;UOP01-DEL01-RO;;;
659715;06/02/2025;quinta-feira;22:30:00;SP;116;350;MIRACATU;Demais falhas mec�nicas ou el�tricas;Inc�ndio;Com V�timas Feridas;Plena Noite;Decrescente;C�u Claro;Dupla;"Reta;Aclive";N�o;2;0;1;0;0;1;1;2;-24,05853299;-47,21739301;SPRF-SP;DEL04-SP;UOP03-DEL04-SP;;;
659716;07/02/2025;sexta-feira;00:15:00;GO;20;11,1;FORMOSA;Acessar a via sem observar a presen�a dos outros ve�culos;Colis�o transversal;Com V�timas Feridas;Plena Noite;Decrescente;C�u Claro;Simples;Reta;N�o;12;0;2;0;10;0;2;2;-15,562011;-47,257778;SPRF-DF;DEL02-DF;UOP02-DEL02-DF;;;
659718;06/02/2025;quinta-feira;23:30:00;MS;262;244;RIBAS DO RIO PARDO;Aus�ncia de rea��o do condutor;Colis�o lateral sentido oposto;Sem V�timas;Plena Noite;Decrescente;Garoa/Chuvisco;Simples;"Declive;Curva";N�o;2;0;0;0;2;0;0;2;-20,4548435;-53,80367304;SPRF-MS;DEL01-MS;UOP05-DEL01-MS;;;
659720;06/02/2025;quinta-feira;22:50:00;RJ;116;282,1;BARRA MANSA;Pedestre cruzava a pista fora da faixa;Atropelamento de Pedestre;Com V�timas Fatais;Plena Noite;Crescente;C�u Claro;Simples;Reta;N�o;3;1;0;0;2;0;0;3;-22,52405173;-44,20072574;SPRF-RJ;DEL07-RJ;UOP02-DEL07-RJ;;;
659721;07/02/2025;sexta-feira;00:30:00;SP;116;387;MIRACATU;Condutor deixou de manter dist�ncia do ve�culo da frente;Colis�o traseira;Com V�timas Feridas;Plena Noite;Decrescente;C�u Claro;Dupla;"Em Obras;Reta";N�o;8;0;2;0;5;1;2;4;-24,26558971;-47,38858809;SPRF-SP;DEL04-SP;UOP02-DEL04-SP;;;
659724;07/02/2025;sexta-feira;02:00:00;MG;262;362;BETIM;Condutor deixou de manter dist�ncia do ve�culo da frente;Colis�o traseira;Com V�timas Feridas;Plena Noite;Decrescente;C�u Claro;Dupla;"Reta;Declive";Sim;2;0;0;1;1;0;1;2;-19,98025969;-44,22672112;SPRF-MG;DEL01-MG;UOP03-DEL01-MG;;;
659726;07/02/2025;sexta-feira;02:30:00;MG;40;612,5;CONGONHAS;Aus�ncia de rea��o do condutor;Colis�o lateral mesmo sentido;Com V�timas Feridas;Plena Noite;Decrescente;C�u Claro;Simples;Reta;Sim;4;0;0;2;1;1;2;3;-20,52319889;-43,8291359;SPRF-MG;DEL05-MG;UOP02-DEL05-MG;;;
659730;07/02/2025;sexta-feira;03:30:00;SP;116;394;MIRACATU;Rea��o tardia ou ineficiente do condutor;Colis�o traseira;Com V�timas Feridas;Plena Noite;Crescente;Nublado;Dupla;Reta;Sim;3;0;1;0;1;1;1;3;-24,28717454;-47,45143994;SPRF-SP;DEL04-SP;UOP02-DEL04-SP;;;
659731;07/02/2025;sexta-feira;02:00:00;SC;116;109;MONTE CASTELO;Aus�ncia de rea��o do condutor;Colis�o traseira;Com V�timas Feridas;Plena Noite;Decrescente;C�u Claro;Simples;"Reta;Declive";N�o;2;0;1;0;1;0;1;2;-26,7575178;-50,34172617;SPRF-SC;DEL06-SC;UOP02-DEL06-SC;;;
659733;07/02/2025;sexta-feira;04:00:00;RS;470;2;BARRACAO;Aus�ncia de rea��o do condutor;Tombamento;Com V�timas Feridas;Plena Noite;Crescente;Nevoeiro/Neblina;Simples;Curva;N�o;2;0;1;0;1;0;1;1;-27,61455904;-51,47493363;SPRF-RS;DEL08-RS;UOP05-DEL08-RS;;;
659735;07/02/2025;sexta-feira;02:15:00;PE;232;230,5;PESQUEIRA;Aus�ncia de rea��o do condutor;Colis�o lateral mesmo sentido;Com V�timas Feridas;Plena Noite;Crescente;Nublado;Simples;"Reta;Aclive";N�o;3;0;1;0;1;1;1;3;-8,40315513;-36,88346699;SPRF-PE;DEL03-PE;UOP02-DEL03-PE;;;
659737;07/02/2025;sexta-feira;02:45:00;MG;251;244,6;SANTA CRUZ DE SALINAS;Aus�ncia de rea��o do condutor;Colis�o com objeto;Com V�timas Fatais;Plena Noite;Decrescente;C�u Claro;Simples;Reta;N�o;4;1;0;0;2;2;0;4;-15,99781094;-41,81489892;SPRF-MG;DEL12-MG;UOP02-DEL12-MG;;;
659741;06/02/2025;quinta-feira;21:20:00;SP;381;69,9;MAIRIPORA;Rea��o tardia ou ineficiente do condutor;Tombamento;Sem V�timas;Plena Noite;Decrescente;Nublado;Dupla;"Declive;Curva";N�o;2;0;0;0;1;1;0;2;-23,34553108;-46,56787903;SPRF-SP;DEL03-SP;UOP01-DEL03-SP;;;
659748;07/02/2025;sexta-feira;05:30:00;GO;40;125;CRISTALINA;Condutor Dormindo;Sa�da de leito carro��vel;Sem V�timas;Amanhecer;Crescente;C�u Claro;Dupla;Reta;N�o;2;0;0;0;1;1;0;2;-16,874138;-47,379037;SPRF-DF;DEL01-DF;UOP02-DEL01-DF;;;
659753;07/02/2025;sexta-feira;06:20:00;SC;282;423;VARGEM BONITA;Rea��o tardia ou ineficiente do condutor;Colis�o traseira;Com V�timas Feridas;Amanhecer;Crescente;C�u Claro;Simples;Reta;N�o;3;0;1;0;1;1;1;3;-26,99556;-51,752289;SPRF-SC;DEL07-SC;UOP05-DEL07-SC;;;
659754;07/02/2025;sexta-feira;04:30:00;MT;163;1078;GUARANTA DO NORTE;Ingest�o de �lcool pelo condutor;Colis�o traseira;Com V�timas Feridas;Plena Noite;Crescente;C�u Claro;Simples;"Aclive;Reta";N�o;3;0;2;0;1;0;2;2;-9,84387175;-54,88143705;SPRF-MT;DEL06-MT;UOP03-DEL06-MT;;;
659760;07/02/2025;sexta-feira;06:21:00;PE;316;39;ARARIPINA;Transitar na contram�o;Colis�o frontal;Com V�timas Feridas;Pleno dia;Crescente;Nublado;Simples;"Aclive;Reta";N�o;4;0;1;0;2;1;1;4;-7,66360359;-40,40027781;SPRF-PE;DEL05-PE;UOP02-DEL05-PE;;;
659762;07/02/2025;sexta-feira;07:30:00;MG;381;740,7;TRES CORACOES;Aus�ncia de rea��o do condutor;Sa�da de leito carro��vel;Com V�timas Feridas;Pleno dia;Decrescente;C�u Claro;Dupla;Reta;N�o;2;0;0;1;0;1;1;2;-21,6193566;-45,24913194;SPRF-MG;DEL16-MG;UOP02-DEL16-MG;;;
659769;07/02/2025;sexta-feira;08:10:00;BA;324;525;FEIRA DE SANTANA;Suic�dio (presumido);Atropelamento de Pedestre;Com V�timas Feridas;Pleno dia;Decrescente;C�u Claro;Dupla;Reta;N�o;2;0;1;0;1;0;1;2;-12,30106981;-38,8977869;SPRF-BA;DEL01-BA;UOP03-DEL01-BA;;;
659774;07/02/2025;sexta-feira;09:30:00;SP;116;215;GUARULHOS;Carga excessiva e/ou mal acondicionada;Derramamento de carga;Com V�timas Feridas;Plena Noite;Crescente;Nublado;M�ltipla;Reta;Sim;4;0;1;0;3;0;1;3;-23,44695693;-46,45394103;SPRF-SP;DEL01-SP;UOP01-DEL01-SP;;;
659781;07/02/2025;sexta-feira;09:50:00;GO;153;503;APARECIDA DE GOIANIA;Acessar a via sem observar a presen�a dos outros ve�culos;Colis�o transversal;Com V�timas Feridas;Pleno dia;Decrescente;C�u Claro;Dupla;Reta;Sim;4;0;1;0;2;2;1;4;-16,7366;-49,243;SPRF-GO;DEL01-GO;UOP01-DEL01-GO;;;
659782;07/02/2025;sexta-feira;07:50:00;PE;101;98;CABO DE SANTO AGOSTINHO;Demais falhas na via;Sa�da de leito carro��vel;Com V�timas Feridas;Pleno dia;Decrescente;Sol;Dupla;Reta;N�o;1;0;1;0;0;0;1;1;-8,25653422;-35,03811793;SPRF-PE;DEL01-PE;UOP03-DEL01-PE;;;
659784;07/02/2025;sexta-feira;07:03:00;MS;158;17,3;CASSILANDIA;Condutor Dormindo;Colis�o traseira;Com V�timas Feridas;Amanhecer;Crescente;C�u Claro;Simples;Reta;N�o;4;0;1;0;2;2;1;4;-19,17379974;-51,61275888;SPRF-MS;DEL08-MS;UOP01-DEL08-MS;;;
659786;07/02/2025;sexta-feira;10:20:00;MG;381;740,1;TRES CORACOES;Velocidade Incompat�vel;Sa�da de leito carro��vel;Com V�timas Feridas;Pleno dia;Crescente;C�u Claro;Dupla;Reta;N�o;2;0;2;0;0;0;2;1;-21,6193566;-45,24913194;SPRF-MG;DEL16-MG;UOP02-DEL16-MG;;;
659787;07/02/2025;sexta-feira;06:24:00;MT;163;1049;MATUPA;Ultrapassagem Indevida;Colis�o lateral sentido oposto;Com V�timas Feridas;Amanhecer;Crescente;C�u Claro;Simples;Reta;N�o;3;0;1;0;0;2;1;3;-10,21397874;-54,96594637;SPRF-MT;DEL06-MT;UOP03-DEL06-MT;;;
659789;07/02/2025;sexta-feira;09:47:00;MG;153;48,7;MONTE ALEGRE DE MINAS;Rea��o tardia ou ineficiente do condutor;Colis�o traseira;Com V�timas Feridas;Pleno dia;Crescente;C�u Claro;Dupla;Reta;N�o;3;0;1;0;1;1;1;3;-18,80471613;-49,08293767;SPRF-MG;DEL15-MG;UOP03-DEL15-MG;;;
659792;07/02/2025;sexta-feira;11:00:00;ES;262;167,9;IBATIBA;Ultrapassagem Indevida;Colis�o lateral sentido oposto;Com V�timas Feridas;Pleno dia;Crescente;C�u Claro;Simples;"Curva;Declive";N�o;4;0;0;2;1;1;2;3;-20,2531047;-41,56633803;SPRF-ES;DEL01-ES;UOP02-DEL01-ES;;;
659793;04/02/2025;ter�a-feira;07:50:00;RJ;40;102;DUQUE DE CAXIAS;Rea��o tardia ou ineficiente do condutor;Engavetamento;Com V�timas Feridas;Pleno dia;Decrescente;C�u Claro;Simples;Curva;N�o;5;0;1;0;3;1;1;5;-22,61089297;-43,28656077;SPRF-RJ;DEL01-RJ;UOP02-DEL01-RJ;;;
659795;07/02/2025;sexta-feira;10:50:00;TO;153;722;FIGUEIROPOLIS;Acessar a via sem observar a presen�a dos outros ve�culos;Colis�o transversal;Com V�timas Feridas;Pleno dia;Crescente;C�u Claro;Simples;Reta;Sim;3;0;1;0;1;2;1;4;-12,13719423;-49,16925477;SPRF-TO;DEL01-TO;UOP02-DEL01-TO;;;
659796;07/02/2025;sexta-feira;10:24:00;BA;324;597;CANDEIAS;Rea��o tardia ou ineficiente do condutor;Colis�o traseira;Com V�timas Feridas;Pleno dia;Crescente;Sol;Dupla;Reta;N�o;5;0;1;0;4;0;1;4;-12,74194511;-38,43853918;SPRF-BA;DEL01-BA;UOP01-DEL01-BA;;;
659806;07/02/2025;sexta-feira;07:00:00;SC;282;461,5;PONTE SERRADA;Pedestre cruzava a pista fora da faixa;Atropelamento de Pedestre;Com V�timas Feridas;Pleno dia;Crescente;Sol;Simples;Reta;Sim;3;0;1;0;1;1;1;3;-26,86664959;-52,02283859;SPRF-SC;DEL07-SC;UOP04-DEL07-SC;;;
659807;07/02/2025;sexta-feira;12:24:00;BA;101;876;TEIXEIRA DE FREITAS;Condutor deixou de manter dist�ncia do ve�culo da frente;Colis�o traseira;Com V�timas Feridas;Pleno dia;Crescente;Chuva;Simples;Reta;Sim;2;0;0;1;1;0;1;2;-17,535807;-39,713178;SPRF-BA;DEL09-BA;UOP02-DEL09-BA;;;
659810;07/02/2025;sexta-feira;11:30:00;SC;280;68,3;JARAGUA DO SUL;Trafegar com motocicleta (ou similar) entre as faixas;Colis�o transversal;Com V�timas Feridas;Pleno dia;Crescente;Nublado;Simples;"Reta;Interse��o de Vias";Sim;3;0;1;1;1;0;2;2;-26,47277719;-49,11098612;SPRF-SC;DEL03-SC;UOP03-DEL03-SC;;;
659811;07/02/2025;sexta-feira;09:33:00;RN;101;100,8;PARNAMIRIM;Rea��o tardia ou ineficiente do condutor;Colis�o com objeto;Com V�timas Fatais;Pleno dia;Decrescente;Nublado;Dupla;Reta;Sim;3;1;0;1;1;0;1;2;-5,88106901;-35,22542396;SPRF-RN;DEL01-RN;UOP01-DEL01-RN;;;
659813;07/02/2025;sexta-feira;12:35:00;RJ;101;393,4;ITAGUAI;Mal s�bito do condutor;Colis�o traseira;Com V�timas Feridas;Pleno dia;Crescente;C�u Claro;Dupla;"Aclive;Reta;Ponte";N�o;2;0;1;0;1;0;1;2;-22,88924912;-43,70370205;SPRF-RJ;DEL03-RJ;UOP01-DEL03-RJ;;;
659814;07/02/2025;sexta-feira;12:10:00;BA;324;535;CONCEICAO DO JACUIPE;Velocidade Incompat�vel;Sa�da de leito carro��vel;Com V�timas Feridas;Pleno dia;Decrescente;Chuva;Simples;Curva;N�o;1;0;1;0;0;0;1;1;-12,35104617;-38,83402119;SPRF-BA;DEL01-BA;UOP03-DEL01-BA;;;
659815;07/02/2025;sexta-feira;12:10:00;SE;101;156;ESTANCIA;Aus�ncia de rea��o do condutor;Tombamento;Com V�timas Feridas;Pleno dia;Crescente;Chuva;Simples;Curva;N�o;2;0;1;0;0;2;1;3;-11,2859163;-37,45833996;SPRF-SE;DEL02-SE;UOP01-DEL02-SE;;;
659816;07/02/2025;sexta-feira;12:09:00;PR;277;40,7;MORRETES;Demais falhas mec�nicas ou el�tricas;Sa�da de leito carro��vel;Com V�timas Feridas;Pleno dia;Crescente;Sol;Dupla;"Aclive;Reta";N�o;2;0;2;0;0;0;2;1;-25,5805709;-48,8755047;SPRF-PR;DEL01-PR;UOP05-DEL01-PR;;;
659817;07/02/2025;sexta-feira;13:00:00;BA;116;633;JAGUAQUARA;Acessar a via sem observar a presen�a dos outros ve�culos;Colis�o transversal;Com V�timas Feridas;Pleno dia;Decrescente;C�u Claro;Simples;Reta;Sim;2;0;1;0;1;0;1;2;-13,47539479;-40,03995749;SPRF-BA;DEL03-BA;UOP01-DEL03-BA;;;
659820;06/02/2025;quinta-feira;19:15:00;BA;110;144;CICERO DANTAS;Ultrapassagem Indevida;Colis�o lateral sentido oposto;Com V�timas Fatais;Plena Noite;Decrescente;C�u Claro;Simples;"Reta;Declive";N�o;2;1;0;0;0;1;0;2;-10,58317696;-38,37435277;SPRF-BA;DEL07-BA;UOP02-DEL07-BA;;;
659826;07/02/2025;sexta-feira;12:15:00;RJ;101;276;TANGUA;Condutor deixou de manter dist�ncia do ve�culo da frente;Colis�o traseira;Sem V�timas;Pleno dia;Crescente;C�u Claro;Dupla;Reta;Sim;4;0;0;0;3;1;0;4;-22,73796393;-42,73871802;SPRF-RJ;DEL02-RJ;UOP03-DEL02-RJ;;;