id;data_inversa;dia_semana;horario;uf;br;km;municipio;causa_acidente;tipo_acidente;classificacao_acidente;fase_dia;sentido_via;condicao_metereologica;tipo_pista;tracado_via;uso_solo;pessoas;mortos;feridos_leves;feridos_graves;ilesos;ignorados;feridos;veiculos;latitude;longitude;regional;delegacia;uop;;;
659830;07/02/2025;sexta-feira;12:25:00;MG;40;595,5;OURO PRETO;Rea��o tardia ou ineficiente do condutor;Colis�o traseira;Com V�timas Feridas;Pleno dia;Decrescente;C�u Claro;Simples;"Aclive;Desvio Tempor�rio;Em Obras;Reta";N�o;4;0;1;0;2;1;1;3;-20,40314903;-43,89730509;SPRF-MG;DEL05-MG;UOP02-DEL05-MG;;;
659846;30/01/2025;quinta-feira;16:58:00;PB;230;160,4;CAMPINA GRANDE;Desrespeitar a prefer�ncia no cruzamento;Colis�o transversal;Com V�timas Feridas;Anoitecer;Decrescente;C�u Claro;Simples;"Em Obras;Interse��o de Vias";Sim;2;0;1;0;1;0;1;2;-7,2436;-35,9375;SPRF-PB;DEL02-PB;UOP01-DEL02-PB;;;
659857;07/02/2025;sexta-feira;16:00:00;SP;116;300;SAO LOURENCO DA SERRA;Ingest�o de �lcool pelo condutor;Sa�da de leito carro��vel;Sem V�timas;Pleno dia;Crescente;Sol;Dupla;Reta;N�o;2;0;0;0;1;1;0;2;-23,80425272;-46,92143625;SPRF-SP;DEL04-SP;UOP01-DEL04-SP;;;
659862;07/02/2025;sexta-feira;11:40:00;GO;153;171;CAMPINORTE;Mal s�bito do condutor;Sa�da de leito carro��vel;Sem V�timas;Pleno dia;Decrescente;C�u Claro;Simples;Reta;Sim;2;0;0;0;1;1;0;2;-14,266398;-49,144051;SPRF-GO;DEL07-GO;UOP02-DEL07-GO;;;
659866;07/02/2025;sexta-feira;14:10:00;PR;476;81;BOCAIUVA DO SUL;Rea��o tardia ou ineficiente do condutor;Colis�o frontal;Com V�timas Feridas;Pleno dia;Crescente;Chuva;Simples;Curva;N�o;7;0;0;1;1;7;1;6;-25,130367;-49,104187;SPRF-PR;DEL01-PR;UOP01-DEL01-PR;;;
659875;07/02/2025;sexta-feira;17:15:00;GO;153;615,9;MORRINHOS;Velocidade Incompat�vel;Colis�o com objeto;Com V�timas Feridas;Pleno dia;Decrescente;C�u Claro;Dupla;Reta;N�o;7;0;1;0;5;1;1;3;-17,6778;-49,1621;SPRF-GO;DEL03-GO;UOP01-DEL03-GO;;;
659877;07/02/2025;sexta-feira;18:10:00;PR;277;115,2;CAMPO LARGO;Trafegar com motocicleta (ou similar) entre as faixas;Colis�o lateral mesmo sentido;Com V�timas Fatais;Anoitecer;Crescente;Nevoeiro/Neblina;Dupla;Reta;N�o;3;1;0;0;2;0;0;3;-25,43376;-49,437509;SPRF-PR;DEL03-PR;UOP03-DEL03-PR;;;
659879;07/02/2025;sexta-feira;18:45:00;MG;40;498,9;ESMERALDAS;Demais falhas na via;Sa�da de leito carro��vel;Com V�timas Feridas;Plena Noite;Decrescente;C�u Claro;Dupla;Reta;Sim;2;0;1;0;0;1;1;2;-19,69292612;-44,17828038;SPRF-MG;DEL02-MG;UOP01-DEL02-MG;;;
659883;07/02/2025;sexta-feira;14:50:00;BA;101;75;ENTRE RIOS;Demais falhas mec�nicas ou el�tricas;Tombamento;Com V�timas Feridas;Pleno dia;Decrescente;Nublado;Dupla;"Reta;Aclive";N�o;2;0;1;0;0;1;1;2;-11,99107419;-38,23974304;SPRF-BA;DEL01-BA;UOP04-DEL01-BA;;;
659885;07/02/2025;sexta-feira;17:18:00;MS;262;234;RIBAS DO RIO PARDO;Manobra de mudan�a de faixa;Colis�o com objeto;Sem V�timas;Pleno dia;Crescente;Nublado;Simples;Reta;N�o;1;0;0;0;1;0;0;1;-20,46093745;-53,70889786;SPRF-MS;DEL01-MS;UOP05-DEL01-MS;;;
659886;07/02/2025;sexta-feira;15:45:00;RS;386;439;CANOAS;Estacionar ou parar em local proibido;Colis�o traseira;Com V�timas Feridas;Pleno dia;Crescente;C�u Claro;Dupla;Reta;N�o;5;0;1;0;4;0;1;2;-29,87987821;-51,24062598;SPRF-RS;DEL04-RS;UOP02-DEL04-RS;;;
659889;07/02/2025;sexta-feira;19:10:00;MG;40;603,4;CONGONHAS;Demais falhas mec�nicas ou el�tricas;Colis�o frontal;Com V�timas Fatais;Plena Noite;Decrescente;C�u Claro;Simples;"Curva;Aclive";N�o;9;1;1;2;4;3;3;9;-20,45146264;-43,84102821;SPRF-MG;DEL05-MG;UOP02-DEL05-MG;;;
659896;07/02/2025;sexta-feira;15:40:00;BA;101;75;ENTRE RIOS;Aus�ncia de rea��o do condutor;Colis�o traseira;Com V�timas Feridas;Pleno dia;Decrescente;Nublado;Dupla;"Declive;Reta";N�o;6;0;4;0;1;1;4;2;-11,97208818;-38,18461061;SPRF-BA;DEL01-BA;UOP04-DEL01-BA;;;
659900;07/02/2025;sexta-feira;15:30:00;RS;290;258;CACHOEIRA DO SUL;Rea��o tardia ou ineficiente do condutor;Colis�o frontal;Com V�timas Feridas;Pleno dia;Decrescente;C�u Claro;Simples;Reta;N�o;4;0;0;1;2;1;1;3;-30,25590534;-52,80859709;SPRF-RS;DEL02-RS;UOP03-DEL02-RS;;;
659916;07/02/2025;sexta-feira;16:40:00;RJ;493;76;NOVA IGUACU;Rea��o tardia ou ineficiente do condutor;Sa�da de leito carro��vel;Com V�timas Feridas;Pleno dia;Decrescente;C�u Claro;Dupla;Reta;N�o;2;0;2;0;0;0;2;1;-22,68815174;-43,49624634;SPRF-RJ;DEL01-RJ;UOP03-DEL01-RJ;;;
659917;07/02/2025;sexta-feira;20:25:00;PR;277;115;CAMPO LARGO;Condutor deixou de manter dist�ncia do ve�culo da frente;Colis�o traseira;Sem V�timas;Plena Noite;Decrescente;Garoa/Chuvisco;Dupla;Reta;N�o;2;0;0;0;2;0;0;2;-25,435;-49,44;SPRF-PR;DEL03-PR;UOP03-DEL03-PR;;;
659922;07/02/2025;sexta-feira;19:30:00;MG;381;735,5;CARMO DA CACHOEIRA;Rea��o tardia ou ineficiente do condutor;Colis�o traseira;Com V�timas Feridas;Plena Noite;Crescente;Nublado;Dupla;Reta;N�o;3;0;0;1;1;1;1;3;-21,57989599;-45,23993582;SPRF-MG;DEL16-MG;UOP02-DEL16-MG;;;
659923;07/02/2025;sexta-feira;20:35:00;MG;153;17;CENTRALINA;Condutor Dormindo;Sa�da de leito carro��vel;Com V�timas Feridas;Plena Noite;Decrescente;Nublado;Dupla;Declive;N�o;5;0;1;0;3;3;1;6;-18,569555;-49,193806;SPRF-MG;DEL15-MG;UOP03-DEL15-MG;;;
659925;07/02/2025;sexta-feira;16:49:00;PA;163;592;TRAIRAO;Rea��o tardia ou ineficiente do condutor;Colis�o lateral sentido oposto;Sem V�timas;Pleno dia;Crescente;C�u Claro;Simples;Curva;N�o;4;0;0;0;3;8;0;11;-4,89594527;-56,18041849;SPRF-PA;DEL05-PA;UOP03-DEL05-PA;;;
659928;07/02/2025;sexta-feira;22:20:00;PE;101;77,5;RECIFE;Condutor deixou de manter dist�ncia do ve�culo da frente;Engavetamento;Com V�timas Feridas;Plena Noite;Crescente;C�u Claro;Dupla;Reta;Sim;6;0;3;0;2;2;3;5;-8,131104;-34,945328;SPRF-PE;DEL01-PE;UOP01-DEL01-PE;;;
659934;07/02/2025;sexta-feira;22:40:00;RJ;101;294;ITABORAI;Acessar a via sem observar a presen�a dos outros ve�culos;Colis�o traseira;Sem V�timas;Plena Noite;Decrescente;C�u Claro;Dupla;Reta;N�o;2;0;0;0;2;0;0;2;-22,7584434;-42,89502344;SPRF-RJ;DEL02-RJ;UOP02-DEL02-RJ;;;
659941;07/02/2025;sexta-feira;22:17:00;GO;60;377;RIO VERDE;Manobra de mudan�a de faixa;Colis�o lateral mesmo sentido;Com V�timas Feridas;Plena Noite;Crescente;C�u Claro;Dupla;"Reta;Retorno Regulamentado";N�o;4;0;0;1;1;2;1;4;-17,739;-50,8729;SPRF-GO;DEL04-GO;UOP02-DEL04-GO;;;
659948;08/02/2025;s�bado;01:00:00;BA;116;458,6;SANTO ESTEVAO;Animais na Pista;Atropelamento de Animal;Com V�timas Fatais;Plena Noite;Decrescente;C�u Claro;Dupla;"Reta;Declive";N�o;3;1;0;1;0;1;1;2;-12,41591314;-39,19120591;SPRF-BA;DEL02-BA;UOP01-DEL02-BA;;;
659949;08/02/2025;s�bado;01:30:00;SC;101;16,6;BIGUACU;Transitar na contram�o;Colis�o frontal;Com V�timas Feridas;Plena Noite;Decrescente;C�u Claro;Dupla;"Reta;Interse��o de Vias;Viaduto";N�o;3;0;0;1;1;1;1;3;-27,4946;-48,6561;SPRF-SC;DEL01-SC;UOP01-DEL01-SC;;;
659952;07/02/2025;sexta-feira;23:20:00;MG;381;722,8;CARMO DA CACHOEIRA;Aus�ncia de rea��o do condutor;Colis�o traseira;Com V�timas Feridas;Plena Noite;Crescente;C�u Claro;Dupla;Reta;Sim;2;0;1;0;1;0;1;2;-21,47729514;-45,20207819;SPRF-MG;DEL04-MG;UOP02-DEL04-MG;;;
659956;08/02/2025;s�bado;02:00:00;GO;153;498;GOIANIA;Ingest�o de �lcool pelo condutor;Colis�o transversal;Sem V�timas;Plena Noite;Crescente;C�u Claro;Dupla;"Aclive;Reta";Sim;2;0;0;0;1;1;0;2;-16,6939;-49,2321;SPRF-GO;DEL01-GO;UOP01-DEL01-GO;;;
659971;08/02/2025;s�bado;05:45:00;SC;282;16,6;PALHOCA;Transitar na contram�o;Colis�o frontal;Com V�timas Feridas;Amanhecer;Crescente;C�u Claro;Simples;Reta;Sim;4;0;0;1;1;2;1;4;-27,658611;-48,681847;SPRF-SC;DEL01-SC;UOP02-DEL01-SC;;;
659972;08/02/2025;s�bado;03:45:00;MG;116;536,5;SANTA RITA DE MINAS;Velocidade Incompat�vel;Colis�o frontal;Com V�timas Feridas;Plena Noite;Decrescente;C�u Claro;Simples;Reta;Sim;3;0;0;1;1;1;1;3;-19,8670126;-42,13505745;SPRF-MG;DEL06-MG;UOP02-DEL06-MG;;;
659973;08/02/2025;s�bado;06:30:00;MG;381;447;SABARA;Rea��o tardia ou ineficiente do condutor;Colis�o transversal;Sem V�timas;Pleno dia;Decrescente;Nublado;Dupla;Aclive;Sim;3;0;0;0;2;1;0;3;-19,83447607;-43,85011601;SPRF-MG;DEL01-MG;UOP01-DEL01-MG;;;
659974;08/02/2025;s�bado;06:00:00;SC;101;30,2;JOINVILLE;Aus�ncia de rea��o do condutor;Colis�o traseira;Com V�timas Feridas;Amanhecer;Decrescente;Nublado;Dupla;"Aclive;Reta;Viaduto";Sim;5;0;1;0;3;1;1;3;-26,229562;-48,916604;SPRF-SC;DEL03-SC;UOP01-DEL03-SC;;;
659977;08/02/2025;s�bado;04:40:00;PR;373;196,9;IPIRANGA;Demais falhas mec�nicas ou el�tricas;Colis�o traseira;Com V�timas Feridas;Plena Noite;Crescente;Nublado;Dupla;Curva;N�o;3;0;0;1;1;1;1;3;-25,07461142;-50,39246772;SPRF-PR;DEL03-PR;UOP01-DEL03-PR;;;
659979;08/02/2025;s�bado;05:09:00;MT;364;348,8;SANTO ANTONIO DO LEVERGER;Rea��o tardia ou ineficiente do condutor;Sa�da de leito carro��vel;Com V�timas Feridas;Amanhecer;Crescente;C�u Claro;Dupla;Curva;N�o;2;0;0;1;0;1;1;2;-15,80416834;-55,55429598;SPRF-MT;DEL05-MT;UOP02-DEL05-MT;;;
659980;08/02/2025;s�bado;03:30:00;BA;242;851;BARREIRAS;Ultrapassagem Indevida;Colis�o lateral mesmo sentido;Sem V�timas;Plena Noite;Decrescente;C�u Claro;Simples;Reta;N�o;5;0;0;0;5;0;0;2;-12,10830458;-45,29749994;SPRF-BA;DEL10-BA;UOP01-DEL10-BA;;;
659982;08/02/2025;s�bado;03:25:00;MG;381;906,8;CAMBUI;Rea��o tardia ou ineficiente do condutor;Colis�o traseira;Sem V�timas;Plena Noite;Decrescente;Nublado;Dupla;"Curva;Declive";N�o;5;0;0;0;4;2;0;6;-22,67334898;-46,0934412;SPRF-MG;DEL16-MG;UOP03-DEL16-MG;;;
659985;07/02/2025;sexta-feira;21:00:00;MT;174;327;PONTES E LACERDA;Ingest�o de �lcool pelo condutor;Colis�o frontal;Com V�timas Fatais;Plena Noite;Decrescente;Nublado;Simples;Reta;N�o;3;1;0;1;1;0;1;2;-14,90579098;-59,29368385;SPRF-MT;DEL04-MT;UOP01-DEL04-MT;;;
659990;08/02/2025;s�bado;06:50:00;PR;376;181,5;MARINGA;Ingest�o de subst�ncias psicoativas pelo condutor;Colis�o com objeto;Sem V�timas;Pleno dia;Decrescente;C�u Claro;Dupla;Reta;Sim;2;0;0;0;0;2;0;2;-23,43197477;-51,88671852;SPRF-PR;DEL09-PR;UOP01-DEL09-PR;;;
659998;08/02/2025;s�bado;06:00:00;SP;116;509;CAJATI;Rea��o tardia ou ineficiente do condutor;Sa�da de leito carro��vel;Sem V�timas;Amanhecer;Decrescente;Chuva;Simples;Reta;N�o;69;0;0;0;68;1;0;3;-24,82178987;-48,21419034;SPRF-SP;DEL05-SP;UOP02-DEL05-SP;;;
660007;08/02/2025;s�bado;08:20:00;BA;101;204;GOVERNADOR MANGABEIRA;Ultrapassagem Indevida;Colis�o frontal;Com V�timas Fatais;Pleno dia;Crescente;C�u Claro;Simples;"Aclive;Reta";N�o;4;1;0;1;1;1;1;3;-12,6022057;-39,0103324;SPRF-BA;DEL01-BA;UOP02-DEL01-BA;;;
660009;08/02/2025;s�bado;08:00:00;AL;101;107,2;PILAR;Velocidade Incompat�vel;Tombamento;Com V�timas Feridas;Pleno dia;Crescente;C�u Claro;Dupla;"Curva;Declive";N�o;1;0;0;1;0;0;1;1;-9,59200401;-36,00249993;SPRF-AL;DEL02-AL;UOP01-DEL02-AL;;;
660016;08/02/2025;s�bado;08:50:00;PI;343;344,8;TERESINA;Rea��o tardia ou ineficiente do condutor;Colis�o traseira;Com V�timas Feridas;Pleno dia;Crescente;Sol;Simples;Reta;Sim;4;0;2;0;1;1;2;3;-5,102889;-42,766506;SPRF-PI;DEL01-PI;UOP01-DEL01-PI;;;
660018;08/02/2025;s�bado;09:50:00;SC;280;90,4;CORUPA;Velocidade Incompat�vel;Sa�da de leito carro��vel;Com V�timas Feridas;Pleno dia;Crescente;Garoa/Chuvisco;Simples;"Curva;Declive";N�o;1;0;1;0;0;0;1;1;-26,407423;-49,283504;SPRF-SC;DEL06-SC;UOP03-DEL06-SC;;;
660024;08/02/2025;s�bado;09:50:00;SP;116;11;QUELUZ;Manobra de mudan�a de faixa;Colis�o lateral mesmo sentido;Com V�timas Feridas;Pleno dia;Decrescente;C�u Claro;Dupla;Reta;N�o;3;0;0;1;1;2;1;4;-22,54158257;-44,79682894;SPRF-SP;DEL08-SP;UOP02-DEL08-SP;;;
660026;22/01/2025;quarta-feira;05:30:00;SP;116;105;TAUBATE;Aus�ncia de rea��o do condutor;Colis�o traseira;Com V�timas Fatais;Plena Noite;Decrescente;Nublado;Dupla;Reta;N�o;3;2;0;0;1;0;0;2;-23,00757973;-45,51466613;SPRF-SP;DEL02-SP;UOP02-DEL02-SP;;;
660027;08/02/2025;s�bado;07:50:00;MG;40;467,3;SETE LAGOAS;Pista esburacada;Sa�da de leito carro��vel;Com V�timas Feridas;Pleno dia;Decrescente;Nublado;Dupla;"Reta;Declive";Sim;2;0;1;0;0;1;1;2;-19,45038924;-44,3166822;SPRF-MG;DEL02-MG;UOP01-DEL02-MG;;;
660028;08/02/2025;s�bado;09:20:00;SC;101;145;ITAPEMA;Rea��o tardia ou ineficiente do condutor;Colis�o traseira;Com V�timas Feridas;Pleno dia;Decrescente;C�u Claro;Dupla;Reta;Sim;7;0;1;1;4;4;2;9;-27,08139206;-48,60130993;SPRF-SC;DEL04-SC;UOP03-DEL04-SC;;;
660032;05/02/2025;quarta-feira;16:00:00;MT;364;1172;CAMPOS DE JULIO;Acostamento em desn�vel;Tombamento;Com V�timas Feridas;Pleno dia;Decrescente;Garoa/Chuvisco;Simples;Reta;N�o;2;0;1;0;0;2;1;3;-13,64213046;-59,14155846;SPRF-MT;DEL04-MT;UOP02-DEL04-MT;;;
660038;08/02/2025;s�bado;11:15:00;GO;60;202,3;GUAPO;Ingest�o de �lcool pelo condutor;Colis�o lateral mesmo sentido;Sem V�timas;Pleno dia;Decrescente;C�u Claro;Dupla;Declive;N�o;2;0;0;0;1;1;0;2;-16,8874;-49,6243;SPRF-GO;DEL01-GO;UOP02-DEL01-GO;;;
660040;08/02/2025;s�bado;10:00:00;PR;376;172,1;MARINGA;Ultrapassagem Indevida;Colis�o lateral mesmo sentido;Com V�timas Feridas;Pleno dia;Decrescente;C�u Claro;Dupla;"Em Obras;Reta";Sim;2;0;0;1;1;0;1;2;-23,41819121;-51,9748807;SPRF-PR;DEL09-PR;UOP01-DEL09-PR;;;
660044;08/02/2025;s�bado;09:15:00;MG;262;719,8;ARAXA;Rea��o tardia ou ineficiente do condutor;Colis�o traseira;Com V�timas Feridas;Pleno dia;Crescente;C�u Claro;Simples;"Aclive;Reta";N�o;6;0;2;0;4;0;2;2;-19,61792572;-47,22360493;SPRF-MG;DEL08-MG;UOP01-DEL08-MG;;;
660046;08/02/2025;s�bado;10:00:00;AC;317;200;XAPURI;Demais falhas mec�nicas ou el�tricas;Sa�da de leito carro��vel;Com V�timas Feridas;Pleno dia;Decrescente;Nublado;Simples;"Declive;Reta";N�o;3;0;3;0;0;0;3;1;-10,67299886;-68,11092215;SPRF-AC;DEL01-AC;UOP02-DEL01-AC;;;
660053;08/02/2025;s�bado;01:00:00;BA;101;294;VALENCA;Transitar na contram�o;Colis�o frontal;Com V�timas Feridas;Plena Noite;Crescente;C�u Claro;Simples;Reta;N�o;2;0;0;1;1;0;1;2;-13,3289761;-39,36492987;SPRF-BA;DEL01-BA;UOP02-DEL01-BA;;;
660058;08/02/2025;s�bado;06:50:00;SC;470;192,6;POUSO REDONDO;Demais falhas mec�nicas ou el�tricas;Tombamento;Com V�timas Feridas;Pleno dia;Decrescente;C�u Claro;Simples;"Curva;Declive";N�o;2;0;1;0;0;1;1;2;-27,293324;-50,078678;SPRF-SC;DEL04-SC;UOP02-DEL04-SC;;;
660059;08/02/2025;s�bado;13:40:00;SC;101;193;BIGUACU;Acessar a via sem observar a presen�a dos outros ve�culos;Colis�o lateral mesmo sentido;Com V�timas Feridas;Pleno dia;Crescente;Sol;M�ltipla;Reta;Sim;5;0;1;0;1;4;1;5;-27,489574;-48,655914;SPRF-SC;DEL01-SC;UOP01-DEL01-SC;;;
660062;08/02/2025;s�bado;13:30:00;GO;153;299;RIALMA;Ultrapassagem Indevida;Colis�o frontal;Com V�timas Fatais;Pleno dia;Decrescente;C�u Claro;Simples;Reta;Sim;3;1;0;0;1;2;0;4;-15,277585;-49,552872;SPRF-GO;DEL02-GO;UOP02-DEL02-GO;;;
660065;08/02/2025;s�bado;14:00:00;ES;101;294;CARIACICA;Velocidade Incompat�vel;Colis�o traseira;Com V�timas Feridas;Pleno dia;Decrescente;Sol;M�ltipla;Declive;Sim;14;0;7;0;6;2;7;12;-20,32415948;-40,3952903;SPRF-ES;DEL01-ES;UOP01-DEL01-ES;;;
660070;08/02/2025;s�bado;11:45:00;RJ;493;85;SEROPEDICA;Problema na suspens�o;Colis�o lateral mesmo sentido;Com V�timas Feridas;Pleno dia;Crescente;C�u Claro;Dupla;Reta;N�o;2;0;1;0;1;0;1;2;-22,66629385;-43,63529205;SPRF-RJ;DEL01-RJ;UOP03-DEL01-RJ;;;
660078;08/02/2025;s�bado;14:05:00;MG;262;655,2;IBIA;Demais falhas mec�nicas ou el�tricas;Colis�o traseira;Com V�timas Feridas;Pleno dia;Crescente;C�u Claro;Simples;Reta;N�o;3;0;1;0;1;3;1;5;-19,5717018;-46,6726059;SPRF-MG;DEL08-MG;UOP01-DEL08-MG;;;
660085;08/02/2025;s�bado;14:05:00;PR;277;543,5;CATANDUVAS;Rea��o tardia ou ineficiente do condutor;Colis�o traseira;Com V�timas Feridas;Pleno dia;Decrescente;C�u Claro;Simples;Reta;N�o;2;0;0;1;1;0;1;2;-25,1025439;-53,0878821;SPRF-PR;DEL04-PR;UOP04-DEL04-PR;;;
660090;08/02/2025;s�bado;16:45:00;PR;163;330;GUAIRA;Pista Escorregadia;Colis�o lateral mesmo sentido;Sem V�timas;Pleno dia;Crescente;Chuva;Simples;Reta;N�o;7;0;0;0;7;0;0;2;-24,26399161;-54,18874272;SPRF-PR;DEL06-PR;UOP01-DEL06-PR;;;
660095;08/02/2025;s�bado;15:30:00;MG;381;940;EXTREMA;Velocidade Incompat�vel;Tombamento;Com V�timas Feridas;Pleno dia;Decrescente;Nublado;Dupla;Curva;N�o;2;0;1;0;0;1;1;2;-22,85421396;-46,33740277;SPRF-MG;DEL16-MG;UOP03-DEL16-MG;;;
660097;08/02/2025;s�bado;18:00:00;GO;50;112;CRISTALINA;Ingest�o de �lcool pelo condutor;Colis�o lateral sentido oposto;Com V�timas Feridas;Pleno dia;Crescente;C�u Claro;Dupla;Reta;N�o;3;0;1;0;1;1;1;3;-16,9309;-47,7117;SPRF-DF;DEL01-DF;UOP02-DEL01-DF;;;
660099;08/02/2025;s�bado;17:30:00;GO;153;436,6;ANAPOLIS;Faixas de tr�nsito com largura insuficiente;Colis�o lateral mesmo sentido;Sem V�timas;Pleno dia;Crescente;C�u Claro;Simples;Reta;Sim;2;0;0;0;0;2;0;2;-16,299337;-48,928112;SPRF-GO;DEL02-GO;UOP01-DEL02-GO;;;
660104;08/02/2025;s�bado;13:55:00;MT;364;436;VARZEA GRANDE;Convers�o proibida;Colis�o transversal;Com V�timas Feridas;Pleno dia;Crescente;C�u Claro;Dupla;Reta;N�o;2;0;1;0;1;0;1;2;-15,6375121;-56,2038133;SPRF-MT;DEL01-MT;UOP02-DEL01-MT;;;
660109;08/02/2025;s�bado;15:58:00;MT;364;239;JUSCIMEIRA;Condutor deixou de manter dist�ncia do ve�culo da frente;Colis�o lateral mesmo sentido;Com V�timas Feridas;Pleno dia;Crescente;C�u Claro;Dupla;"Reta;Declive";N�o;6;0;2;0;3;3;2;5;-16,1876524;-54,78578459;SPRF-MT;DEL02-MT;UOP01-DEL02-MT;;;
660111;08/02/2025;s�bado;17:00:00;BA;101;140;TEODORO SAMPAIO;Demais falhas mec�nicas ou el�tricas;Inc�ndio;Sem V�timas;Pleno dia;Decrescente;C�u Claro;Simples;Curva;N�o;1;0;0;0;1;0;0;1;-12,27707429;-38,68756785;SPRF-BA;DEL01-BA;UOP04-DEL01-BA;;;
660116;08/02/2025;s�bado;16:40:00;MG;153;91,9;PRATA;Condutor usando celular;Colis�o lateral sentido oposto;Com V�timas Feridas;Pleno dia;Decrescente;C�u Claro;Simples;"Reta;Declive";N�o;5;0;1;0;2;5;1;8;-19,15242696;-48,96164382;SPRF-MG;DEL15-MG;UOP03-DEL15-MG;;;
660142;08/02/2025;s�bado;20:30:00;GO;153;543;HIDROLANDIA;Avarias e/ou desgaste excessivo no pneu;Sa�da de leito carro��vel;Com V�timas Fatais;Plena Noite;Crescente;C�u Claro;Dupla;"Declive;Reta";N�o;1;1;0;0;0;0;0;1;-17,0814;-49,2246;SPRF-GO;DEL01-GO;UOP03-DEL01-GO;;;
660146;08/02/2025;s�bado;21:00:00;SP;153;44,5;ONDA VERDE;Ultrapassagem Indevida;Colis�o frontal;Sem V�timas;Plena Noite;Crescente;C�u Claro;Simples;Reta;N�o;4;0;0;0;3;1;0;4;-20,65497601;-49,34121741;SPRF-SP;DEL09-SP;UOP01-DEL09-SP;;;
660149;08/02/2025;s�bado;18:40:00;PE;232;240;ARCOVERDE;Entrada inopinada do pedestre;Atropelamento de Pedestre;Com V�timas Feridas;Plena Noite;Crescente;C�u Claro;Simples;"Declive;Reta";N�o;5;0;1;2;2;0;3;4;-8,41656773;-36,95265598;SPRF-PE;DEL04-PE;UOP02-DEL04-PE;;;
660154;08/02/2025;s�bado;19:00:00;PA;230;257;NOVO REPARTIMENTO;Ingest�o de �lcool pelo condutor;Tombamento;Com V�timas Feridas;Plena Noite;Crescente;Nublado;Simples;Reta;N�o;2;0;1;0;0;1;1;2;-4,60715191;-49,76799474;SPRF-PA;DEL03-PA;UOP01-DEL03-PA;;;
660156;08/02/2025;s�bado;11:45:00;MG;267;262,8;AIURUOCA;Velocidade Incompat�vel;Tombamento;Com V�timas Feridas;Pleno dia;Decrescente;Sol;Simples;"Curva;Declive";N�o;1;0;1;0;0;0;1;1;-21,93725204;-44,5709875;SPRF-MG;DEL17-MG;UOP01-DEL17-MG;;;
660158;08/02/2025;s�bado;21:20:00;RS;386;386;TABAI;Acessar a via sem observar a presen�a dos outros ve�culos;Colis�o lateral mesmo sentido;Com V�timas Feridas;Plena Noite;Crescente;C�u Claro;Dupla;"Reta;Rotat�ria";N�o;5;0;2;0;2;1;2;3;-29,688717;-51,717327;SPRF-RS;DEL04-RS;UOP01-DEL04-RS;;;
660166;08/02/2025;s�bado;18:20:00;SC;101;313,5;LAGUNA;Rea��o tardia ou ineficiente do condutor;Tombamento;Com V�timas Feridas;Pleno dia;Crescente;C�u Claro;Dupla;Reta;N�o;4;0;0;1;1;4;1;6;-28,43703326;-48,83749695;SPRF-SC;DEL02-SC;UOP01-DEL02-SC;;;
660170;08/02/2025;s�bado;22:25:00;RN;304;287;MACAIBA;Ingest�o de �lcool pelo condutor;Colis�o traseira;Sem V�timas;Plena Noite;Decrescente;C�u Claro;Dupla;"Reta;Viaduto;Aclive";N�o;2;0;0;0;2;0;0;2;-5,8711714;-35,42930088;SPRF-RN;DEL01-RN;UOP02-DEL01-RN;;;
660176;08/02/2025;s�bado;08:00:00;RO;364;569;ITAPUA DO OESTE;Condutor deixou de manter dist�ncia do ve�culo da frente;Colis�o frontal;Sem V�timas;Pleno dia;Decrescente;Chuva;Simples;Reta;N�o;3;0;0;0;2;3;0;5;-9,48656987;-63,09585109;SPRF-RO;DEL01-RO;UOP04-DEL01-RO;;;
660183;08/02/2025;s�bado;23:30:00;MT;364;187,7;RONDONOPOLIS;Acessar a via sem observar a presen�a dos outros ve�culos;Colis�o transversal;Com V�timas Feridas;Plena Noite;Crescente;C�u Claro;Simples;Reta;N�o;2;0;1;0;1;0;1;2;-16,56778271;-54,54638073;SPRF-MT;DEL02-MT;UOP01-DEL02-MT;;;
660190;09/02/2025;domingo;02:00:00;MT;70;278;PRIMAVERA DO LESTE;Acessar a via sem observar a presen�a dos outros ve�culos;Colis�o lateral mesmo sentido;Com V�timas Feridas;Plena Noite;Crescente;C�u Claro;Simples;Reta;Sim;2;0;1;0;0;1;1;2;-15,55739918;-54,27981896;SPRF-MT;DEL05-MT;UOP01-DEL05-MT;;;
660202;09/02/2025;domingo;04:35:00;BA;101;743;ITABELA;Ingest�o de �lcool pelo condutor;Colis�o transversal;Com V�timas Feridas;Amanhecer;Decrescente;Chuva;Dupla;Curva;N�o;4;0;2;0;1;1;2;3;-16,71289569;-39,45239586;SPRF-BA;DEL09-BA;UOP01-DEL09-BA;;;
660204;08/02/2025;s�bado;23:30:00;RS;153;36,5;TRES ARROIOS;Transitar na contram�o;Colis�o lateral sentido oposto;Sem V�timas;Plena Noite;Decrescente;C�u Claro;Simples;Reta;N�o;3;0;0;0;1;2;0;3;-27,560043;-52,20862;SPRF-RS;DEL08-RS;UOP04-DEL08-RS;;;
660206;09/02/2025;domingo;05:10:00;GO;153;310;RIALMA;Ingest�o de �lcool pelo condutor;Colis�o lateral sentido oposto;Sem V�timas;Plena Noite;Crescente;Nublado;Simples;Curva;N�o;4;0;0;0;4;0;0;3;-15,35173483;-49,56825256;SPRF-GO;DEL02-GO;UOP02-DEL02-GO;;;