id;data_inversa;dia_semana;horario;uf;br;km;municipio;causa_acidente;tipo_acidente;classificacao_acidente;fase_dia;sentido_via;condicao_metereologica;tipo_pista;tracado_via;uso_solo;pessoas;mortos;feridos_leves;feridos_graves;ilesos;ignorados;feridos;veiculos;latitude;longitude;regional;delegacia;uop;;;
660207;08/02/2025;s�bado;23:00:00;MT;70;513;VARZEA GRANDE;Rea��o tardia ou ineficiente do condutor;Colis�o traseira;Sem V�timas;Plena Noite;Decrescente;C�u Claro;Simples;Reta;N�o;3;0;0;0;1;2;0;3;-15,7059485;-56,12985492;SPRF-MT;DEL01-MT;UOP02-DEL01-MT;;;
660209;09/02/2025;domingo;05:20:00;PR;116;197,8;RIO NEGRO;Aus�ncia de rea��o do condutor;Sa�da de leito carro��vel;Com V�timas Feridas;Plena Noite;Crescente;Garoa/Chuvisco;Simples;Curva;N�o;3;0;1;0;1;1;1;3;-26,02155422;-49,67567373;SPRF-SC;DEL06-SC;UOP01-DEL06-SC;;;
660217;09/02/2025;domingo;06:20:00;CE;222;307,6;TIANGUA;Aus�ncia de rea��o do condutor;Colis�o com objeto;Sem V�timas;Pleno dia;Crescente;Nublado;Simples;Reta;N�o;1;0;0;0;1;0;0;1;-3,68203653;-40,97306466;SPRF-CE;DEL04-CE;UOP02-DEL04-CE;;;
660224;09/02/2025;domingo;08:10:00;PR;153;51,1;SANTO ANTONIO DA PLATINA;Condutor deixou de manter dist�ncia do ve�culo da frente;Colis�o traseira;Com V�timas Fatais;Pleno dia;Crescente;C�u Claro;Simples;Reta;N�o;3;1;0;0;1;2;0;4;-23,38072;-50,06136;SPRF-PR;DEL07-PR;UOP04-DEL07-PR;;;
660241;09/02/2025;domingo;10:00:00;MG;40;218,4;JOAO PINHEIRO;Condutor Dormindo;Colis�o lateral sentido oposto;Com V�timas Fatais;Pleno dia;Crescente;Nublado;Simples;Reta;N�o;3;1;0;1;1;0;1;3;-17,95864867;-45,66838592;SPRF-MG;DEL14-MG;UOP02-DEL14-MG;;;
660250;09/02/2025;domingo;11:20:00;RJ;116;287;BARRA MANSA;Velocidade Incompat�vel;Colis�o traseira;Com V�timas Feridas;Pleno dia;Decrescente;Sol;Dupla;Reta;N�o;3;0;0;1;1;1;1;3;-22,49295305;-44,24252706;SPRF-RJ;DEL07-RJ;UOP02-DEL07-RJ;;;
660256;09/02/2025;domingo;08:00:00;MA;230;498;RIACHAO;Curva acentuada;Tombamento;Com V�timas Feridas;Pleno dia;Decrescente;C�u Claro;Simples;Curva;N�o;1;0;1;0;0;0;1;1;-7,43414436;-46,80717089;SPRF-MA;DEL05-MA;UOP01-DEL05-MA;;;
660262;09/02/2025;domingo;05:00:00;PI;135;342;SANTA LUZ;Rea��o tardia ou ineficiente do condutor;Tombamento;Com V�timas Feridas;Plena Noite;Decrescente;C�u Claro;Simples;"Curva;Declive";N�o;2;0;1;0;0;1;1;2;-9,02275576;-44,30124532;SPRF-PI;DEL03-PI;UOP02-DEL03-PI;;;
660267;09/02/2025;domingo;11:30:00;PR;373;405;CANDOI;Convers�o proibida;Colis�o transversal;Com V�timas Fatais;Pleno dia;Decrescente;C�u Claro;Simples;"Reta;Interse��o de Vias";N�o;2;1;0;0;1;0;0;2;-25,61062691;-52,05540813;SPRF-PR;DEL08-PR;UOP01-DEL08-PR;;;
660280;09/02/2025;domingo;15:00:00;SP;116;291;ITAPECERICA DA SERRA;Aus�ncia de rea��o do condutor;Colis�o traseira;Com V�timas Feridas;Pleno dia;Decrescente;C�u Claro;Dupla;Curva;N�o;3;0;1;0;1;1;1;3;-23,73826593;-46,89672721;SPRF-SP;DEL04-SP;UOP01-DEL04-SP;;;
660286;09/02/2025;domingo;15:20:00;SP;116;515;CAJATI;Rea��o tardia ou ineficiente do condutor;Sa�da de leito carro��vel;Com V�timas Feridas;Pleno dia;Decrescente;C�u Claro;Dupla;"Curva;Declive";N�o;1;0;1;0;0;0;1;1;-24,86704083;-48,21738184;SPRF-SP;DEL05-SP;UOP02-DEL05-SP;;;
660294;09/02/2025;domingo;16:15:00;ES;101;334,8;GUARAPARI;Acessar a via sem observar a presen�a dos outros ve�culos;Colis�o traseira;Com V�timas Feridas;Pleno dia;Decrescente;C�u Claro;Dupla;Reta;N�o;6;0;4;0;1;1;4;3;-20,626408;-40,526082;SPRF-ES;DEL03-ES;UOP01-DEL03-ES;;;
660303;09/02/2025;domingo;09:20:00;MG;262;419,2;IGARATINGA;Velocidade Incompat�vel;Capotamento;Com V�timas Feridas;Pleno dia;Decrescente;C�u Claro;Dupla;Reta;N�o;1;0;1;0;0;0;1;1;-19,89448983;-44,70395989;SPRF-MG;DEL08-MG;UOP03-DEL08-MG;;;
660311;09/02/2025;domingo;15:00:00;MG;381;539,8;ITATIAIUCU;Aus�ncia de rea��o do condutor;Sa�da de leito carro��vel;Com V�timas Feridas;Pleno dia;Decrescente;Nublado;Dupla;"Curva;Declive;Viaduto";Sim;4;0;2;0;1;2;2;3;-20,242548;-44,41251621;SPRF-MG;DEL04-MG;UOP03-DEL04-MG;;;
660313;09/02/2025;domingo;15:15:00;SP;116;72,2;APARECIDA;Trafegar com motocicleta (ou similar) entre as faixas;Colis�o lateral mesmo sentido;Com V�timas Feridas;Pleno dia;Crescente;C�u Claro;M�ltipla;Aclive;N�o;3;0;0;1;1;1;1;3;-22,86354218;-45,23746093;SPRF-SP;DEL08-SP;UOP01-DEL08-SP;;;
660318;09/02/2025;domingo;14:20:00;MT;163;721;SORRISO;Aus�ncia de rea��o do condutor;Tombamento;Com V�timas Fatais;Pleno dia;Crescente;Chuva;Simples;Reta;N�o;2;1;0;0;0;1;0;2;-12,801158;-55,832997;SPRF-MT;DEL06-MT;UOP01-DEL06-MT;;;
660323;09/02/2025;domingo;15:00:00;MG;40;175,9;JOAO PINHEIRO;Velocidade Incompat�vel;Tombamento;Com V�timas Feridas;Pleno dia;Crescente;C�u Claro;Simples;Curva;N�o;2;0;0;1;0;2;1;3;-17,94634903;-46,02505001;SPRF-MG;DEL14-MG;UOP02-DEL14-MG;;;
660338;09/02/2025;domingo;16:30:00;BA;116;687;JEQUIE;Condutor deixou de manter dist�ncia do ve�culo da frente;Colis�o traseira;Com V�timas Feridas;Pleno dia;Decrescente;Garoa/Chuvisco;Simples;Reta;N�o;4;0;1;0;2;1;1;3;-13,9121709;-40,15218318;SPRF-BA;DEL03-BA;UOP01-DEL03-BA;;;
660341;09/02/2025;domingo;12:00:00;MT;163;1048;MATUPA;Rea��o tardia ou ineficiente do condutor;Colis�o lateral sentido oposto;Sem V�timas;Pleno dia;Decrescente;C�u Claro;Simples;Reta;N�o;2;0;0;0;0;4;0;4;-10,22135189;-54,97106016;SPRF-MT;DEL06-MT;UOP03-DEL06-MT;;;
660353;09/02/2025;domingo;19:05:00;MA;222;665;ACAILANDIA;Pedestre andava na pista;Atropelamento de Pedestre;Com V�timas Feridas;Plena Noite;Decrescente;C�u Claro;Simples;Declive;N�o;3;0;1;1;0;1;2;3;-4,89367779;-47,38426513;SPRF-MA;DEL04-MA;UOP03-DEL04-MA;;;
660356;09/02/2025;domingo;16:20:00;MT;174;288;PONTES E LACERDA;Acessar a via sem observar a presen�a dos outros ve�culos;Colis�o transversal;Com V�timas Feridas;Pleno dia;Crescente;Chuva;M�ltipla;"Aclive;Reta";N�o;6;0;3;0;2;3;3;5;-15,25054096;-59,3111372;SPRF-MT;DEL04-MT;UOP01-DEL04-MT;;;
660360;09/02/2025;domingo;18:50:00;MT;163;943;ITAUBA;Manobra de mudan�a de faixa;Colis�o lateral sentido oposto;Com V�timas Feridas;Plena Noite;Crescente;Nublado;Simples;Reta;N�o;4;0;0;3;0;1;3;3;-10,95192819;-55,21645635;SPRF-MT;DEL06-MT;UOP02-DEL06-MT;;;
660382;08/02/2025;s�bado;00:20:00;MG;251;432,8;GRAO MOGOL;Condutor deixou de manter dist�ncia do ve�culo da frente;Colis�o traseira;Com V�timas Feridas;Plena Noite;Decrescente;C�u Claro;Simples;"Reta;Aclive";N�o;3;0;1;0;1;2;1;4;-16,3602658;-43,16619819;SPRF-MG;DEL12-MG;UOP01-DEL12-MG;;;
660384;09/02/2025;domingo;19:40:00;RO;364;144;PIMENTA BUENO;Manobra de mudan�a de faixa;Colis�o frontal;Com V�timas Feridas;Plena Noite;Crescente;Nublado;Simples;Reta;N�o;3;0;1;0;1;2;1;4;-12,01050133;-60,882074;SPRF-RO;DEL02-RO;UOP02-DEL02-RO;;;
660386;09/02/2025;domingo;13:14:00;MA;222;449;SANTA LUZIA;Velocidade Incompat�vel;Tombamento;Sem V�timas;Pleno dia;Crescente;Nublado;Simples;Curva;N�o;2;0;0;0;1;3;0;4;-4,09361502;-45,96747197;SPRF-MA;DEL02-MA;UOP01-DEL02-MA;;;
660395;09/02/2025;domingo;21:50:00;CE;20;403,7;CAUCAIA;Transitar na contram�o;Colis�o frontal;Com V�timas Fatais;Plena Noite;Decrescente;C�u Claro;Simples;Reta;N�o;3;1;0;0;1;1;0;3;-3,78330069;-38,69351522;SPRF-CE;DEL01-CE;UOP01-DEL01-CE;;;
660409;09/02/2025;domingo;19:20:00;SC;470;260,7;CURITIBANOS;Demais falhas na via;Sa�da de leito carro��vel;Com V�timas Feridas;Plena Noite;Crescente;Nublado;Simples;Curva;N�o;2;0;1;0;0;1;1;2;-27,301584;-50,671352;SPRF-SC;DEL05-SC;UOP03-DEL05-SC;;;
660410;09/02/2025;domingo;23:30:00;SC;101;142,6;ITAPEMA;Condutor deixou de manter dist�ncia do ve�culo da frente;Colis�o traseira;Com V�timas Fatais;Plena Noite;Decrescente;C�u Claro;M�ltipla;Viaduto;Sim;4;1;0;1;1;1;1;3;-27,0597326;-48,5966714;SPRF-SC;DEL04-SC;UOP03-DEL04-SC;;;
660411;09/02/2025;domingo;21:15:00;AM;174;1001;PRESIDENTE FIGUEIREDO;Demais falhas mec�nicas ou el�tricas;Inc�ndio;Sem V�timas;Plena Noite;Decrescente;Chuva;Simples;Reta;N�o;2;0;0;0;2;0;0;1;-1,95994527;-60,03606454;SPRF-AM;DEL01-AM;UOP02-DEL01-AM;;;
660420;09/02/2025;domingo;19:40:00;MT;174;245;JAURU;Rea��o tardia ou ineficiente do condutor;Colis�o traseira;Com V�timas Feridas;Plena Noite;Crescente;Nublado;Simples;Reta;N�o;3;0;1;0;2;0;1;2;-15,49867314;-59,02288726;SPRF-MT;DEL04-MT;UOP01-DEL04-MT;;;
660424;10/02/2025;segunda-feira;00:10:00;MG;381;826,7;CAREACU;Aus�ncia de rea��o do condutor;Colis�o traseira;Com V�timas Feridas;Pleno dia;Crescente;C�u Claro;Dupla;Reta;N�o;3;0;1;0;1;2;1;4;-22,1081057;-45,74028007;SPRF-MG;DEL16-MG;UOP02-DEL16-MG;;;
660427;09/02/2025;domingo;16:00:00;PA;163;514;ITAITUBA;Velocidade Incompat�vel;Colis�o frontal;Com V�timas Feridas;Pleno dia;Crescente;Chuva;Simples;Curva;N�o;4;0;2;0;1;4;2;6;-5,40383926;-55,88351977;SPRF-PA;DEL05-PA;UOP03-DEL05-PA;;;
660431;09/02/2025;domingo;21:15:00;MT;163;812;SINOP;Ingest�o de �lcool pelo condutor;Colis�o lateral sentido oposto;Com V�timas Feridas;Plena Noite;Crescente;Chuva;Simples;Reta;N�o;10;0;8;0;1;3;8;6;-12,18814067;-55,53087854;SPRF-MT;DEL06-MT;UOP02-DEL06-MT;;;
660437;10/02/2025;segunda-feira;02:40:00;BA;407;98;JAGUARARI;Ingest�o de �lcool pelo condutor;Colis�o lateral sentido oposto;Com V�timas Feridas;Plena Noite;Crescente;Nublado;Simples;Reta;N�o;7;0;1;0;5;2;1;5;-10,22018224;-40,21285144;SPRF-BA;DEL04-BA;UOP01-DEL04-BA;;;
660441;10/02/2025;segunda-feira;05:05:00;PR;369;468,7;CORBELIA;Retorno proibido;Colis�o transversal;Com V�timas Fatais;Amanhecer;Crescente;C�u Claro;Simples;Reta;N�o;5;1;0;0;1;3;0;3;-24,683172;-53,227572;SPRF-PR;DEL04-PR;UOP03-DEL04-PR;;;
660444;10/02/2025;segunda-feira;06:45:00;SE;235;81;FREI PAULO;Aus�ncia de rea��o do condutor;Colis�o traseira;Com V�timas Fatais;Pleno dia;Crescente;Chuva;Simples;"Reta;Declive";N�o;2;1;0;0;0;1;0;2;-10,54609;-37,608318;SPRF-SE;DEL01-SE;UOP02-DEL01-SE;;;
660447;10/02/2025;segunda-feira;06:30:00;MG;40;545,5;NOVA LIMA;Aus�ncia de rea��o do condutor;Colis�o com objeto;Com V�timas Feridas;Pleno dia;Crescente;C�u Claro;Dupla;Curva;N�o;2;0;0;1;1;0;1;2;-20,00670404;-43,96418668;SPRF-MG;DEL01-MG;UOP02-DEL01-MG;;;
660450;10/02/2025;segunda-feira;05:00:00;MT;163;503;CUIABA;Ingest�o de �lcool pelo condutor;Colis�o transversal;Com V�timas Feridas;Amanhecer;Crescente;C�u Claro;Simples;Curva;Sim;3;0;1;0;1;1;1;3;-15,6947728;-56,02100372;SPRF-MT;DEL01-MT;UOP01-DEL01-MT;;;
660452;10/02/2025;segunda-feira;05:40:00;MG;381;398,7;BOM JESUS DO AMPARO;Pedestre andava na pista;Atropelamento de Pedestre;Com V�timas Fatais;Pleno dia;Crescente;C�u Claro;Dupla;Curva;N�o;2;1;0;0;0;1;0;2;-19,753452;-43,474711;SPRF-MG;DEL01-MG;UOP01-DEL01-MG;;;
660456;10/02/2025;segunda-feira;06:40:00;ES;101;276,4;SERRA;Acessar a via sem observar a presen�a dos outros ve�culos;Colis�o transversal;Com V�timas Feridas;Pleno dia;Crescente;C�u Claro;Dupla;"Retorno Regulamentado;Reta";N�o;3;0;1;0;1;1;1;3;-20,20788726;-40,3133509;SPRF-ES;DEL02-ES;UOP01-DEL02-ES;;;
660459;10/02/2025;segunda-feira;06:00:00;PA;155;309;MARABA;Manobra de mudan�a de faixa;Colis�o frontal;Com V�timas Feridas;Amanhecer;Crescente;Nublado;Simples;Reta;N�o;5;0;0;1;3;4;1;7;-5,66053897;-49,11162717;SPRF-PA;DEL03-PA;UOP01-DEL03-PA;;;
660464;10/02/2025;segunda-feira;07:00:00;TO;153;605;CRIXAS DO TOCANTINS;Acessar a via sem observar a presen�a dos outros ve�culos;Colis�o transversal;Com V�timas Feridas;Pleno dia;Crescente;Nublado;Simples;Reta;N�o;3;0;0;2;0;2;2;4;-11,140322;-48,92431795;SPRF-TO;DEL01-TO;UOP02-DEL01-TO;;;
660476;10/02/2025;segunda-feira;05:40:00;GO;153;280;NOVA GLORIA;Aus�ncia de rea��o do condutor;Colis�o traseira;Com V�timas Feridas;Amanhecer;Decrescente;C�u Claro;Simples;"Reta;Aclive";N�o;3;0;1;0;1;1;1;3;-15,134809;-49,518436;SPRF-GO;DEL07-GO;UOP02-DEL07-GO;;;
660477;10/02/2025;segunda-feira;07:10:00;RJ;40;13,9;TRES RIOS;Avarias e/ou desgaste excessivo no pneu;Sa�da de leito carro��vel;Com V�timas Feridas;Pleno dia;Decrescente;C�u Claro;Dupla;Reta;N�o;1;0;1;0;0;0;1;1;-22,07038869;-43,19513083;SPRF-RJ;DEL05-RJ;UOP02-DEL05-RJ;;;
660481;09/02/2025;domingo;23:30:00;RJ;493;80;JAPERI;Condutor Dormindo;Sa�da de leito carro��vel;Com V�timas Feridas;Plena Noite;Crescente;C�u Claro;M�ltipla;Reta;N�o;1;0;1;0;0;0;1;1;-22,66318515;-43,56894493;SPRF-RJ;DEL01-RJ;UOP03-DEL01-RJ;;;
660489;10/02/2025;segunda-feira;09:28:00;MS;163;786;COXIM;Demais falhas mec�nicas ou el�tricas;Inc�ndio;Sem V�timas;Pleno dia;Decrescente;C�u Claro;Simples;"Aclive;Reta";N�o;2;0;0;0;1;3;0;4;-18,04196796;-54,68639419;SPRF-MS;DEL06-MS;UOP01-DEL06-MS;;;
660490;10/02/2025;segunda-feira;07:30:00;RS;290;233;RIO PARDO;Problema na suspens�o;Sa�da de leito carro��vel;Com V�timas Feridas;Pleno dia;Decrescente;C�u Claro;Simples;Reta;N�o;3;0;1;0;1;1;1;2;-30,213642;-52,550747;SPRF-RS;DEL02-RS;UOP03-DEL02-RS;;;
660496;10/02/2025;segunda-feira;10:15:00;RS;158;244,7;JULIO DE CASTILHOS;Demais falhas mec�nicas ou el�tricas;Inc�ndio;Com V�timas Feridas;Pleno dia;Decrescente;Sol;Simples;"Reta;Aclive";N�o;2;0;1;0;1;0;1;1;-29,06457202;-53,6469047;SPRF-RS;DEL10-RS;UOP02-DEL10-RS;;;
660502;10/02/2025;segunda-feira;12:00:00;MG;381;568,7;ITAGUARA;Aus�ncia de rea��o do condutor;Sa�da de leito carro��vel;Com V�timas Fatais;Pleno dia;Crescente;C�u Claro;Dupla;Reta;N�o;2;1;0;0;0;1;0;2;-20,40864474;-44,52569693;SPRF-MG;DEL04-MG;UOP03-DEL04-MG;;;
660508;10/02/2025;segunda-feira;10:40:00;RS;116;6;VACARIA;Rea��o tardia ou ineficiente do condutor;Engavetamento;Com V�timas Feridas;Pleno dia;Crescente;C�u Claro;Simples;Reta;N�o;5;0;2;0;3;0;2;3;-28,25541886;-50,78215527;SPRF-RS;DEL05-RS;UOP03-DEL05-RS;;;
660509;10/02/2025;segunda-feira;11:00:00;PR;369;408,5;JURANDA;Acessar a via sem observar a presen�a dos outros ve�culos;Colis�o transversal;Com V�timas Feridas;Pleno dia;Decrescente;C�u Claro;Simples;Reta;N�o;5;0;1;0;3;1;1;3;-24,4210692;-52,8251946;SPRF-PR;DEL04-PR;UOP03-DEL04-PR;;;
660513;10/02/2025;segunda-feira;11:15:00;SC;101;47;JOINVILLE;Mal s�bito do condutor;Colis�o lateral mesmo sentido;Com V�timas Feridas;Pleno dia;Decrescente;C�u Claro;Dupla;Declive;Sim;3;0;1;0;1;1;1;3;-26,34234997;-48,85840089;SPRF-SC;DEL03-SC;UOP01-DEL03-SC;;;
660516;10/02/2025;segunda-feira;13:41:00;GO;60;79;ANAPOLIS;Velocidade Incompat�vel;Colis�o traseira;Com V�timas Feridas;Pleno dia;Decrescente;C�u Claro;Dupla;Reta;Sim;4;0;1;1;1;2;2;4;-16,3053;-48,8208;SPRF-GO;DEL02-GO;UOP01-DEL02-GO;;;
660518;10/02/2025;segunda-feira;09:41:00;MT;163;1029;PEIXOTO DE AZEVEDO;Acessar a via sem observar a presen�a dos outros ve�culos;Colis�o lateral mesmo sentido;Com V�timas Feridas;Pleno dia;Crescente;Sol;Simples;"Reta;Declive";N�o;3;0;0;1;1;1;1;3;-10,251094;-54,994317;SPRF-MT;DEL06-MT;UOP03-DEL06-MT;;;
660522;10/02/2025;segunda-feira;14:00:00;SC;470;49,9;BLUMENAU;Manobra de mudan�a de faixa;Colis�o lateral mesmo sentido;Com V�timas Feridas;Pleno dia;Crescente;C�u Claro;Dupla;Curva;N�o;3;0;1;0;1;1;1;3;-26,8604667;-49,07202244;SPRF-SC;DEL04-SC;UOP01-DEL04-SC;;;
660525;10/02/2025;segunda-feira;14:00:00;PR;376;547;PALMEIRA;Rea��o tardia ou ineficiente do condutor;Colis�o traseira;Com V�timas Feridas;Pleno dia;Crescente;Nublado;Dupla;Reta;N�o;2;0;1;0;1;0;1;2;-25,40128626;-49,78795767;SPRF-PR;DEL03-PR;UOP03-DEL03-PR;;;
660526;10/02/2025;segunda-feira;14:00:00;PE;101;53;PAULISTA;Aus�ncia de rea��o do condutor;Tombamento;Com V�timas Feridas;Pleno dia;Crescente;C�u Claro;Dupla;"Reta;Declive";N�o;3;0;2;0;0;1;2;2;-7,93124094;-34,90068606;SPRF-PE;DEL01-PE;UOP02-DEL01-PE;;;
660527;10/02/2025;segunda-feira;14:00:00;SP;116;303;SAO LOURENCO DA SERRA;Condutor deixou de manter dist�ncia do ve�culo da frente;Colis�o traseira;Com V�timas Feridas;Pleno dia;Crescente;C�u Claro;Dupla;Aclive;N�o;5;0;2;0;2;1;2;3;-23,82760675;-46,92631345;SPRF-SP;DEL04-SP;UOP01-DEL04-SP;;;
660534;10/02/2025;segunda-feira;15:00:00;ES;262;122,9;VENDA NOVA DO IMIGRANTE;Demais falhas mec�nicas ou el�tricas;Tombamento;Com V�timas Feridas;Pleno dia;Crescente;Sol;Simples;Curva;N�o;2;0;1;0;0;1;1;2;-20,29353997;-41,23936799;SPRF-ES;DEL01-ES;UOP02-DEL01-ES;;;
660538;10/02/2025;segunda-feira;13:30:00;MT;364;357;SANTO ANTONIO DO LEVERGER;Rea��o tardia ou ineficiente do condutor;Sa�da de leito carro��vel;Com V�timas Feridas;Pleno dia;Decrescente;Garoa/Chuvisco;Simples;Curva;N�o;2;0;1;0;0;1;1;2;-15,78489984;-55,60855772;SPRF-MT;DEL05-MT;UOP02-DEL05-MT;;;
660541;10/02/2025;segunda-feira;16:30:00;RS;386;266,9;FONTOURA XAVIER;Velocidade Incompat�vel;Colis�o lateral sentido oposto;Com V�timas Feridas;Pleno dia;Crescente;Chuva;Simples;"Em Obras;Curva;Declive";N�o;6;0;1;2;2;1;3;3;-28,944974;-52,375688;SPRF-RS;DEL04-RS;UOP03-DEL04-RS;;;
660548;10/02/2025;segunda-feira;16:30:00;ES;101;284,8;CARIACICA;Rea��o tardia ou ineficiente do condutor;Colis�o traseira;Com V�timas Feridas;Pleno dia;Crescente;C�u Claro;Dupla;Reta;N�o;5;0;2;0;3;0;2;2;-20,24334991;-40,3696926;SPRF-ES;DEL01-ES;UOP01-DEL01-ES;;;
660550;10/02/2025;segunda-feira;16:10:00;MS;163;364;NOVA ALVORADA DO SUL;Rea��o tardia ou ineficiente do condutor;Colis�o traseira;Com V�timas Feridas;Pleno dia;Decrescente;Sol;Dupla;"Rotat�ria;Reta";Sim;3;0;1;0;1;1;1;3;-21,47264252;-54,38623182;SPRF-MS;DEL02-MS;UOP01-DEL02-MS;;;
660553;10/02/2025;segunda-feira;16:25:00;PR;153;468,5;PORTO VITORIA;Frear bruscamente;Colis�o traseira;Com V�timas Feridas;Pleno dia;Decrescente;Sol;Simples;"Curva;Aclive";N�o;4;0;1;0;2;3;1;5;-26,285;-51,195;SPRF-PR;DEL02-PR;UOP03-DEL02-PR;;;
660554;10/02/2025;segunda-feira;17:05:00;SP;116;146;SAO JOSE DOS CAMPOS;Rea��o tardia ou ineficiente do condutor;Colis�o com objeto;Com V�timas Feridas;Pleno dia;Crescente;C�u Claro;Dupla;"Reta;Declive";Sim;3;0;2;0;1;0;2;2;-23,18890004;-45,85854292;SPRF-SP;DEL02-SP;UOP01-DEL02-SP;;;
660557;10/02/2025;segunda-feira;15:30:00;BA;116;911;CANDIDO SALES;Chuva;Colis�o traseira;Sem V�timas;Pleno dia;Decrescente;Chuva;Simples;Reta;N�o;3;0;0;0;2;1;0;3;-15,44641305;-41,22614988;SPRF-BA;DEL08-BA;UOP03-DEL08-BA;;;
660558;10/02/2025;segunda-feira;17:15:00;PR;277;647;CEU AZUL;Manobra de mudan�a de faixa;Colis�o lateral mesmo sentido;Sem V�timas;Pleno dia;Crescente;Garoa/Chuvisco;Simples;Reta;N�o;3;0;0;0;2;1;0;3;-25,17489911;-53,91380604;SPRF-PR;DEL05-PR;UOP02-DEL05-PR;;;
660559;16/01/2025;quinta-feira;06:40:00;GO;20;96,5;VILA BOA;Transitar na contram�o;Colis�o lateral sentido oposto;Com V�timas Feridas;Pleno dia;Crescente;Nublado;Simples;Aclive;N�o;7;0;2;0;3;3;2;5;-14,975515;-47,014931;SPRF-DF;DEL02-DF;UOP02-DEL02-DF;;;
660572;10/02/2025;segunda-feira;18:00:00;PR;116;123;CURITIBA;Transitar no Acostamento;Colis�o lateral mesmo sentido;Com V�timas Feridas;Anoitecer;Crescente;C�u Claro;Dupla;Curva;Sim;2;0;1;0;0;1;1;2;-25,60921381;-49,31962788;SPRF-PR;DEL01-PR;UOP03-DEL01-PR;;;
660574;10/02/2025;segunda-feira;16:20:00;MT;364;362;SANTO ANTONIO DO LEVERGER;Rea��o tardia ou ineficiente do condutor;Sa�da de leito carro��vel;Com V�timas Feridas;Pleno dia;Crescente;C�u Claro;Dupla;Reta;N�o;4;0;1;1;1;3;2;4;-15,75387438;-55,65782547;SPRF-MT;DEL01-MT;UOP02-DEL01-MT;;;
660583;10/02/2025;segunda-feira;18:30:00;DF;40;1,7;BRASILIA;Rea��o tardia ou ineficiente do condutor;Colis�o traseira;Com V�timas Feridas;Plena Noite;Crescente;C�u Claro;Dupla;Reta;Sim;3;0;0;1;1;1;1;3;-15,985532;-47,987747;SPRF-DF;DEL01-DF;UOP01-DEL01-DF;;;
660587;10/02/2025;segunda-feira;16:00:00;RJ;116;271;VOLTA REDONDA;Rea��o tardia ou ineficiente do condutor;Colis�o com objeto;Com V�timas Feridas;Pleno dia;Crescente;Sol;M�ltipla;Reta;Sim;2;0;1;0;0;1;1;2;-22,55785881;-44,13371086;SPRF-RJ;DEL07-RJ;UOP02-DEL07-RJ;;;
660588;03/02/2025;segunda-feira;00:35:00;RS;290;175,5;BUTIA;Acessar a via sem observar a presen�a dos outros ve�culos;Colis�o transversal;Com V�timas Feridas;Plena Noite;Crescente;C�u Claro;Dupla;Reta;Sim;3;0;1;1;1;0;2;2;-30,129343;-51,961823;SPRF-RS;DEL02-RS;UOP03-DEL02-RS;;;
660589;10/02/2025;segunda-feira;18:50:00;SP;381;22;BRAGANCA PAULISTA;Manobra de mudan�a de faixa;Colis�o lateral mesmo sentido;Com V�timas Fatais;Plena Noite;Crescente;Nublado;Dupla;Reta;Sim;3;1;0;0;1;1;0;3;-22,99697186;-46,5163051;SPRF-SP;DEL03-SP;UOP02-DEL03-SP;;;
660608;10/02/2025;segunda-feira;20:35:00;GO;153;135;MARA ROSA;Rea��o tardia ou ineficiente do condutor;Sa�da de leito carro��vel;Sem V�timas;Plena Noite;Crescente;C�u Claro;Simples;Reta;N�o;1;0;0;0;1;0;0;1;-13,949925;-49,08493;SPRF-GO;DEL07-GO;UOP01-DEL07-GO;;;
660618;10/02/2025;segunda-feira;20:15:00;PR;369;450;CORBELIA;Demais falhas mec�nicas ou el�tricas;Sa�da de leito carro��vel;Com V�timas Feridas;Plena Noite;Crescente;Nublado;Simples;"Curva;Declive";N�o;2;0;1;0;0;1;1;2;-24,573;-53,14235;SPRF-PR;DEL04-PR;UOP03-DEL04-PR;;;
660621;10/02/2025;segunda-feira;18:20:00;RJ;116;147;DUQUE DE CAXIAS;Aus�ncia de rea��o do condutor;Colis�o com objeto;Com V�timas Feridas;Plena Noite;Decrescente;C�u Claro;M�ltipla;Reta;Sim;2;0;1;0;0;1;1;2;-22,66978425;-43,27286493;SPRF-RJ;DEL01-RJ;UOP02-DEL01-RJ;;;
660623;10/02/2025;segunda-feira;20:30:00;RO;364;510,8;ARIQUEMES;Frear bruscamente;Colis�o traseira;Com V�timas Feridas;Plena Noite;Crescente;C�u Claro;Simples;"Aclive;Reta";N�o;5;0;0;1;3;1;1;3;-9,96700255;-63,04503259;SPRF-RO;DEL03-RO;UOP01-DEL03-RO;;;
660629;10/02/2025;segunda-feira;19:10:00;RN;304;132;ITAJA;Rea��o tardia ou ineficiente do condutor;Colis�o traseira;Com V�timas Feridas;Plena Noite;Crescente;C�u Claro;Simples;"Ponte;Reta";N�o;4;0;3;0;1;0;3;3;-5,65975029;-36,75325602;SPRF-RN;DEL04-RN;UOP01-DEL04-RN;;;
660636;10/02/2025;segunda-feira;23:00:00;MT;364;198;RONDONOPOLIS;Transitar na contram�o;Colis�o frontal;Com V�timas Feridas;Plena Noite;Decrescente;Chuva;Simples;Reta;N�o;3;0;0;1;1;2;1;4;-16,50621198;-54,62294799;SPRF-MT;DEL02-MT;UOP01-DEL02-MT;;;