id;data_inversa;dia_semana;horario;uf;br;km;municipio;causa_acidente;tipo_acidente;classificacao_acidente;fase_dia;sentido_via;condicao_metereologica;tipo_pista;tracado_via;uso_solo;pessoas;mortos;feridos_leves;feridos_graves;ilesos;ignorados;feridos;veiculos;latitude;longitude;regional;delegacia;uop;;;
661274;14/02/2025;sexta-feira;10:50:00;PR;376;162;MARINGA;Manobra de mudan�a de faixa;Colis�o lateral mesmo sentido;Com V�timas Feridas;Pleno dia;Decrescente;C�u Claro;Dupla;Reta;Sim;2;0;1;0;0;1;1;2;-23,37710685;-52,04510993;SPRF-PR;DEL09-PR;UOP02-DEL09-PR;;;
661278;14/02/2025;sexta-feira;11:02:00;SC;101;178,7;GOVERNADOR CELSO RAMOS;Suic�dio (presumido);Atropelamento de Pedestre;Com V�timas Fatais;Pleno dia;Decrescente;C�u Claro;Dupla;Reta;N�o;3;1;0;0;1;1;0;3;-27,370534;-48,633579;SPRF-SC;DEL01-SC;UOP01-DEL01-SC;;;
661280;14/02/2025;sexta-feira;11:40:00;PR;277;42;MORRETES;Acessar a via sem observar a presen�a dos outros ve�culos;Colis�o traseira;Sem V�timas;Pleno dia;Decrescente;C�u Claro;Dupla;Reta;N�o;3;0;0;0;2;3;0;5;-25,57361239;-48,84469597;SPRF-PR;DEL01-PR;UOP05-DEL01-PR;;;
661283;14/02/2025;sexta-feira;11:00:00;PI;316;46;LAGOA DO PIAUI;Ultrapassagem Indevida;Colis�o lateral mesmo sentido;Com V�timas Feridas;Pleno dia;Crescente;Sol;Simples;"Declive;Reta";N�o;5;0;2;0;2;2;2;4;-5,45656405;-42,6347776;SPRF-PI;DEL01-PI;UOP02-DEL01-PI;;;
661286;14/02/2025;sexta-feira;11:30:00;PA;316;68;CASTANHAL;Ultrapassagem Indevida;Colis�o lateral sentido oposto;Com V�timas Fatais;Pleno dia;Crescente;Garoa/Chuvisco;Simples;Reta;Sim;3;1;0;0;2;0;0;2;-1,2948794;-47,89280703;SPRF-PA;DEL01-PA;UOP01-DEL01-PA;;;
661290;14/02/2025;sexta-feira;03:00:00;MA;316;267;SANTA INES;Carga excessiva e/ou mal acondicionada;Colis�o com objeto;Sem V�timas;Plena Noite;Decrescente;C�u Claro;M�ltipla;Reta;Sim;1;0;0;0;0;1;0;1;-3,686531;-45,339451;SPRF-MA;DEL02-MA;UOP01-DEL02-MA;;;
661296;14/02/2025;sexta-feira;12:30:00;SP;381;43;ATIBAIA;Demais falhas mec�nicas ou el�tricas;Colis�o com objeto;Com V�timas Feridas;Pleno dia;Decrescente;Nublado;Dupla;Reta;N�o;4;0;1;0;2;1;1;3;-23,15597105;-46,5740155;SPRF-SP;DEL03-SP;UOP01-DEL03-SP;;;
661297;14/02/2025;sexta-feira;11:30:00;MG;381;568,9;ITAGUARA;Aus�ncia de rea��o do condutor;Colis�o traseira;Sem V�timas;Pleno dia;Crescente;C�u Claro;Dupla;Reta;Sim;2;0;0;0;1;1;0;2;-20,42649228;-44,54458383;SPRF-MG;DEL04-MG;UOP03-DEL04-MG;;;
661299;14/02/2025;sexta-feira;11:00:00;SC;470;47;BLUMENAU;Acessar a via sem observar a presen�a dos outros ve�culos;Colis�o transversal;Com V�timas Feridas;Pleno dia;Decrescente;C�u Claro;Simples;Reta;Sim;3;0;0;1;2;0;1;2;-26,864044;-49,046516;SPRF-SC;DEL04-SC;UOP01-DEL04-SC;;;
661303;14/02/2025;sexta-feira;13:30:00;SP;116;511,9;CAJATI;Velocidade Incompat�vel;Sa�da de leito carro��vel;Com V�timas Feridas;Pleno dia;Decrescente;Chuva;Simples;Curva;N�o;2;0;1;0;0;1;1;2;-24,84376142;-48,21212769;SPRF-SP;DEL05-SP;UOP02-DEL05-SP;;;
661310;14/02/2025;sexta-feira;10:15:00;ES;101;144;LINHARES;Problema com o freio;Colis�o lateral mesmo sentido;Com V�timas Feridas;Pleno dia;Crescente;C�u Claro;Dupla;Interse��o de Vias;Sim;2;0;1;0;1;0;1;2;-19,35188295;-40,0636685;SPRF-ES;DEL04-ES;UOP01-DEL04-ES;;;
661312;14/02/2025;sexta-feira;12:40:00;PB;104;174,3;ALCANTIL;Transitar na contram�o;Colis�o frontal;Com V�timas Feridas;Pleno dia;Decrescente;C�u Claro;Simples;Curva;N�o;4;0;0;1;2;1;1;4;-7,60890492;-36,05502003;SPRF-PB;DEL02-PB;UOP03-DEL02-PB;;;
661313;14/02/2025;sexta-feira;15:05:00;SC;101;229,8;PALHOCA;Rea��o tardia ou ineficiente do condutor;Colis�o transversal;Com V�timas Feridas;Pleno dia;Decrescente;C�u Claro;Dupla;Reta;N�o;2;0;1;0;1;0;1;2;-27,7688932;-48,63205379;SPRF-SC;DEL01-SC;UOP02-DEL01-SC;;;
661314;14/02/2025;sexta-feira;15:20:00;RS;116;251;SAPUCAIA DO SUL;Ingest�o de �lcool pelo condutor;Colis�o lateral mesmo sentido;Sem V�timas;Pleno dia;Decrescente;C�u Claro;M�ltipla;Reta;N�o;3;0;0;0;2;1;0;3;-29,80035406;-51,16550365;SPRF-RS;DEL01-RS;UOP02-DEL01-RS;;;
661331;14/02/2025;sexta-feira;13:30:00;RJ;116;325;ITATIAIA;Manobra de mudan�a de faixa;Colis�o lateral mesmo sentido;Com V�timas Feridas;Pleno dia;Decrescente;Sol;M�ltipla;Reta;N�o;4;0;1;0;2;1;1;3;-22,49520164;-44,57034743;SPRF-RJ;DEL07-RJ;UOP02-DEL07-RJ;;;
661334;14/02/2025;sexta-feira;16:30:00;SC;101;38;JOINVILLE;Acessar a via sem observar a presen�a dos outros ve�culos;Colis�o transversal;Com V�timas Feridas;Pleno dia;Crescente;Nublado;Dupla;Interse��o de Vias;Sim;3;0;0;1;1;2;1;4;-26,25472505;-48,90561309;SPRF-SC;DEL03-SC;UOP01-DEL03-SC;;;
661339;27/01/2025;segunda-feira;10:11:00;MA;222;671,8;ACAILANDIA;Convers�o proibida;Tombamento;Com V�timas Fatais;Pleno dia;Crescente;Sol;Simples;Reta;Sim;2;1;0;0;0;1;0;2;-4,94583;-47,473899;SPRF-MA;DEL04-MA;UOP03-DEL04-MA;;;
661340;14/02/2025;sexta-feira;16:00:00;GO;50;244,3;CATALAO;Carga excessiva e/ou mal acondicionada;Tombamento;Com V�timas Feridas;Pleno dia;Decrescente;C�u Claro;Dupla;"Retorno Regulamentado;Rotat�ria;Viaduto";N�o;3;0;1;0;1;1;1;2;-17,9172;-47,7901;SPRF-GO;DEL06-GO;UOP01-DEL06-GO;;;
661350;14/02/2025;sexta-feira;15:20:00;BA;116;492,7;RAFAEL JAMBEIRO;Aus�ncia de rea��o do condutor;Colis�o traseira;Com V�timas Feridas;Pleno dia;Crescente;C�u Claro;Dupla;Reta;N�o;3;0;1;0;1;2;1;4;-12,57489;-39,50265;SPRF-BA;DEL02-BA;UOP01-DEL02-BA;;;
661352;14/02/2025;sexta-feira;10:30:00;MT;364;271,6;JACIARA;Acessar a via sem observar a presen�a dos outros ve�culos;Colis�o transversal;Com V�timas Feridas;Pleno dia;Decrescente;Sol;Dupla;Reta;Sim;3;0;1;0;1;1;1;3;-15,96962998;-54,95363;SPRF-MT;DEL05-MT;UOP02-DEL05-MT;;;
661365;14/02/2025;sexta-feira;18:00:00;RJ;40;117;DUQUE DE CAXIAS;Manobra de mudan�a de faixa;Colis�o lateral mesmo sentido;Com V�timas Feridas;Pleno dia;Decrescente;C�u Claro;M�ltipla;Reta;N�o;5;0;1;0;3;1;1;3;-22,741566;-43,288153;SPRF-RJ;DEL01-RJ;UOP02-DEL01-RJ;;;
661370;14/02/2025;sexta-feira;11:10:00;PA;10;329;SAO MIGUEL DO GUAMA;Acumulo de �gua sobre o pavimento;Colis�o lateral sentido oposto;Com V�timas Feridas;Pleno dia;Decrescente;Chuva;Simples;Reta;N�o;2;0;1;0;1;0;1;2;-1,56351202;-47,50851908;SPRF-PA;DEL01-PA;UOP02-DEL01-PA;;;
661372;14/02/2025;sexta-feira;17:30:00;MG;381;902,5;CAMBUI;Velocidade Incompat�vel;Colis�o com objeto;Com V�timas Feridas;Pleno dia;Decrescente;Chuva;Dupla;Curva;N�o;3;0;1;0;1;2;1;4;-22,64538594;-46,08581506;SPRF-MG;DEL16-MG;UOP03-DEL16-MG;;;
661373;14/02/2025;sexta-feira;20:00:00;PE;101;125;ESCADA;Condutor deixou de manter dist�ncia do ve�culo da frente;Colis�o traseira;Com V�timas Feridas;Plena Noite;Crescente;C�u Claro;M�ltipla;Reta;Sim;3;0;0;1;1;2;1;4;-8,36501587;-35,22142966;SPRF-PE;DEL01-PE;UOP03-DEL01-PE;;;
661380;14/02/2025;sexta-feira;11:32:00;PA;163;500;ITAITUBA;Condutor deixou de manter dist�ncia do ve�culo da frente;Colis�o traseira;Com V�timas Feridas;Pleno dia;Crescente;C�u Claro;Simples;"Curva;Aclive";N�o;3;0;0;1;1;3;1;5;-5,50289987;-55,83120751;SPRF-PA;DEL05-PA;UOP03-DEL05-PA;;;
661388;14/02/2025;sexta-feira;20:20:00;MG;364;17,9;FRUTAL;Rea��o tardia ou ineficiente do condutor;Colis�o frontal;Com V�timas Feridas;Plena Noite;Crescente;C�u Claro;Simples;"Reta;Declive";N�o;2;0;0;1;1;0;1;2;-20,05946;-48,81415;SPRF-MG;DEL13-MG;UOP02-DEL13-MG;;;
661392;14/02/2025;sexta-feira;17:44:00;ES;262;166,1;IBATIBA;Avarias e/ou desgaste excessivo no pneu;Colis�o frontal;Com V�timas Feridas;Pleno dia;Decrescente;Nublado;Simples;Curva;N�o;3;0;2;0;1;0;2;3;-20,2468411;-41,56027697;SPRF-ES;DEL01-ES;UOP02-DEL01-ES;;;
661403;14/02/2025;sexta-feira;20:30:00;MG;459;97,9;POUSO ALEGRE;Aus�ncia de rea��o do condutor;Colis�o traseira;Com V�timas Feridas;Plena Noite;Crescente;Nublado;Simples;"Reta;Aclive";N�o;3;0;1;0;1;1;1;3;-22,196163;-45,978573;SPRF-MG;DEL09-MG;UOP01-DEL09-MG;;;
661431;14/02/2025;sexta-feira;20:40:00;PE;423;135,4;SALOA;Demais falhas mec�nicas ou el�tricas;Tombamento;Com V�timas Feridas;Pleno dia;Decrescente;C�u Claro;Simples;Reta;N�o;1;0;1;0;0;0;1;1;-8,9621593;-36,79139492;SPRF-PE;DEL03-PE;UOP01-DEL03-PE;;;
661433;15/02/2025;s�bado;00:01:00;MG;381;943;EXTREMA;Demais falhas na via;Colis�o lateral mesmo sentido;Com V�timas Feridas;Pleno dia;Decrescente;C�u Claro;Dupla;Reta;N�o;5;0;2;1;1;1;3;3;-22,8533252;-46,33739671;SPRF-MG;DEL16-MG;UOP03-DEL16-MG;;;
661438;15/02/2025;s�bado;00:05:00;RJ;116;226,9;PARACAMBI;Condutor Dormindo;Tombamento;Sem V�timas;Plena Noite;Crescente;C�u Claro;Dupla;"Aclive;Em Obras;Reta";N�o;1;0;0;0;1;0;0;1;-22,67208078;-43,81789284;SPRF-RJ;DEL07-RJ;UOP01-DEL07-RJ;;;
661440;15/02/2025;s�bado;00:10:00;PR;373;176;PONTA GROSSA;Manobra de mudan�a de faixa;Colis�o lateral mesmo sentido;Com V�timas Fatais;Plena Noite;Crescente;C�u Claro;Dupla;Reta;Sim;3;1;0;1;0;1;1;2;-25,05794954;-50,2235055;SPRF-PR;DEL03-PR;UOP01-DEL03-PR;;;
661443;15/02/2025;s�bado;01:50:00;MG;381;514,5;IGARAPE;Pedestre andava na pista;Atropelamento de Pedestre;Com V�timas Feridas;Plena Noite;Decrescente;C�u Claro;Dupla;"Reta;Declive";N�o;3;0;0;1;1;1;1;3;-20,08126889;-44,30717897;SPRF-MG;DEL01-MG;UOP03-DEL01-MG;;;
661458;15/02/2025;s�bado;03:00:00;RS;386;30,7;FREDERICO WESTPHALEN;Aus�ncia de rea��o do condutor;Colis�o frontal;Com V�timas Feridas;Plena Noite;Decrescente;C�u Claro;Simples;Curva;N�o;3;0;1;0;1;1;1;2;-27,33300328;-53,38096404;SPRF-RS;DEL08-RS;UOP02-DEL08-RS;;;
661469;15/02/2025;s�bado;04:10:00;MG;251;471,4;FRANCISCO SA;Aus�ncia de rea��o do condutor;Sa�da de leito carro��vel;Com V�timas Feridas;Plena Noite;Crescente;Vento;Simples;Reta;N�o;1;0;0;1;0;0;1;1;-16,46801304;-43,43121303;SPRF-MG;DEL12-MG;UOP01-DEL12-MG;;;
661470;14/02/2025;sexta-feira;19:00:00;BA;101;923,9;NOVA VICOSA;Ultrapassagem Indevida;Colis�o traseira;Com V�timas Feridas;Plena Noite;Crescente;C�u Claro;Simples;Curva;N�o;5;0;4;0;0;1;4;3;-17,919515;-39,829534;SPRF-BA;DEL09-BA;UOP02-DEL09-BA;;;
661482;15/02/2025;s�bado;06:30:00;PE;407;116,1;PETROLINA;Acessar a via sem observar a presen�a dos outros ve�culos;Colis�o lateral mesmo sentido;Com V�timas Fatais;Amanhecer;Crescente;C�u Claro;Simples;Reta;N�o;2;1;0;0;0;1;0;2;-9,30942664;-40,57650626;SPRF-PE;DEL06-PE;UOP01-DEL06-PE;;;
661488;15/02/2025;s�bado;07:00:00;GO;452;18;RIO VERDE;Transitar na contram�o;Colis�o frontal;Com V�timas Feridas;Pleno dia;Crescente;C�u Claro;Simples;"Declive;Reta";N�o;3;0;0;1;1;2;1;4;-17,85914742;-50,74936415;SPRF-GO;DEL04-GO;UOP01-DEL04-GO;;;
661494;14/02/2025;sexta-feira;20:00:00;SP;459;16;PIQUETE;Aus�ncia de rea��o do condutor;Tombamento;Com V�timas Feridas;Plena Noite;Decrescente;C�u Claro;Simples;Reta;N�o;1;0;1;0;0;0;1;1;-22,62031;-45,164268;SPRF-SP;DEL08-SP;UOP02-DEL08-SP;;;
661507;15/02/2025;s�bado;10:30:00;PE;232;76;GRAVATA;Rea��o tardia ou ineficiente do condutor;Engavetamento;Com V�timas Feridas;Pleno dia;Crescente;Sol;Dupla;Reta;N�o;4;0;1;0;3;0;1;3;-8,19541469;-35,53424693;SPRF-PE;DEL02-PE;UOP02-DEL02PE;;;
661513;15/02/2025;s�bado;11:25:00;MG;40;790,6;JUIZ DE FORA;Trafegar com motocicleta (ou similar) entre as faixas;Colis�o traseira;Com V�timas Feridas;Pleno dia;Crescente;C�u Claro;Dupla;Curva;N�o;2;0;0;1;1;0;1;2;-21,77882;-43,42813;SPRF-MG;DEL05-MG;UOP01-DEL05-MG;;;
661515;15/02/2025;s�bado;09:20:00;SC;282;308,2;VARGEM;Velocidade Incompat�vel;Tombamento;Com V�timas Feridas;Pleno dia;Crescente;C�u Claro;Simples;"Curva;Declive";N�o;2;0;0;1;0;1;1;2;-27,49292;-50,971973;SPRF-SC;DEL07-SC;UOP06-DEL07-SC;;;
661516;15/02/2025;s�bado;11:15:00;PI;316;383;ALEGRETE DO PIAUI;Rea��o tardia ou ineficiente do condutor;Colis�o com objeto;Sem V�timas;Pleno dia;Decrescente;C�u Claro;Simples;Reta;N�o;2;0;0;0;1;1;0;2;-7,23044013;-40,87169715;SPRF-PI;DEL04-PI;UOP03-DEL04-PI;;;
661521;15/02/2025;s�bado;09:15:00;CE;222;338;UBAJARA;Velocidade Incompat�vel;Tombamento;Com V�timas Feridas;Pleno dia;Crescente;C�u Claro;Simples;"Curva;Declive";N�o;2;0;1;0;0;1;1;2;-3,87276942;-41,16195432;SPRF-CE;DEL04-CE;UOP02-DEL04-CE;;;
661522;15/02/2025;s�bado;11:45:00;PE;232;32;MORENO;Manobra de mudan�a de faixa;Engavetamento;Com V�timas Feridas;Pleno dia;Crescente;C�u Claro;Dupla;Curva;N�o;10;0;4;0;5;1;4;6;-8,10541732;-35,1665671;SPRF-PE;DEL01-PE;UOP01-DEL01-PE;;;
661524;15/02/2025;s�bado;09:30:00;MG;262;798;UBERABA;Manobra de mudan�a de faixa;Colis�o lateral mesmo sentido;Com V�timas Feridas;Pleno dia;Decrescente;C�u Claro;Simples;"Reta;Declive";N�o;3;0;1;0;1;1;1;3;-19,777964;-47,9268;SPRF-MG;DEL13-MG;UOP01-DEL13-MG;;;
661533;15/02/2025;s�bado;11:30:00;PR;277;109;CURITIBA;Aus�ncia de rea��o do condutor;Engavetamento;Com V�timas Feridas;Pleno dia;Decrescente;C�u Claro;Dupla;"Reta;Declive";Sim;4;0;1;0;2;1;1;4;-25,42784023;-49,38810468;SPRF-PR;DEL03-PR;UOP03-DEL03-PR;;;
661539;15/02/2025;s�bado;13:30:00;GO;20;32;FORMOSA;Aus�ncia de rea��o do condutor;Colis�o transversal;Com V�timas Feridas;Pleno dia;Crescente;C�u Claro;Simples;Curva;N�o;6;0;2;0;3;3;2;6;-15,482159;-47,101757;SPRF-DF;DEL02-DF;UOP02-DEL02-DF;;;
661546;15/02/2025;s�bado;13:50:00;SC;280;49,5;GUARAMIRIM;Carga excessiva e/ou mal acondicionada;Derramamento de carga;Sem V�timas;Pleno dia;Decrescente;C�u Claro;Dupla;Reta;Sim;2;0;0;0;1;1;0;2;-26,45850039;-48,93692786;SPRF-SC;DEL03-SC;UOP03-DEL03-SC;;;
661550;15/02/2025;s�bado;14:10:00;PR;376;182,4;SARANDI;Aus�ncia de rea��o do condutor;Colis�o traseira;Com V�timas Feridas;Pleno dia;Crescente;C�u Claro;Dupla;"Em Obras;Reta";Sim;8;0;0;1;6;2;1;7;-23,43684112;-51,87880764;SPRF-PR;DEL09-PR;UOP01-DEL09-PR;;;
661555;15/02/2025;s�bado;14:30:00;GO;60;102;ANAPOLIS;Trafegar com motocicleta (ou similar) entre as faixas;Colis�o lateral mesmo sentido;Com V�timas Feridas;Pleno dia;Decrescente;C�u Claro;Dupla;"Reta;Aclive";N�o;3;0;1;0;1;2;1;4;-16,406;-48,9831;SPRF-GO;DEL02-GO;UOP01-DEL02-GO;;;
661559;15/02/2025;s�bado;13:15:00;MT;163;1111;GUARANTA DO NORTE;Carga excessiva e/ou mal acondicionada;Tombamento;Com V�timas Fatais;Pleno dia;Crescente;C�u Claro;Simples;"Curva;Declive";N�o;2;1;0;0;0;1;0;2;-9,601025;-54,891166;SPRF-MT;DEL06-MT;UOP03-DEL06-MT;;;
661561;15/02/2025;s�bado;09:30:00;MA;222;661;ACAILANDIA;Mal s�bito do condutor;Colis�o frontal;Com V�timas Feridas;Pleno dia;Decrescente;C�u Claro;Simples;Reta;Sim;3;0;0;1;1;1;1;3;-4,87587256;-47,35338025;SPRF-MA;DEL04-MA;UOP03-DEL04-MA;;;
661564;15/02/2025;s�bado;14:45:00;PR;116;113;CURITIBA;Acessar a via sem observar a presen�a dos outros ve�culos;Colis�o lateral mesmo sentido;Sem V�timas;Pleno dia;Crescente;Nublado;Dupla;Reta;Sim;3;0;0;0;2;1;0;3;-25,546814;-49,29073513;SPRF-PR;DEL01-PR;UOP03-DEL01-PR;;;
661566;15/02/2025;s�bado;16:28:00;SC;101;11;GARUVA;Demais falhas mec�nicas ou el�tricas;Inc�ndio;Sem V�timas;Pleno dia;Decrescente;Nublado;Dupla;Reta;N�o;2;0;0;0;1;1;0;2;-26,07423;-48,861025;SPRF-SC;DEL03-SC;UOP01-DEL03-SC;;;
661568;15/02/2025;s�bado;14:25:00;MG;116;688,7;MURIAE;Condutor Dormindo;Tombamento;Com V�timas Feridas;Pleno dia;Crescente;C�u Claro;Simples;"Curva;Declive";N�o;3;0;1;0;1;1;1;2;-21,00463422;-42,36667213;SPRF-MG;DEL07-MG;UOP02-DEL07-MG;;;
661570;15/02/2025;s�bado;12:25:00;MT;364;106,8;ALTO GARCAS;Ultrapassagem Indevida;Colis�o frontal;Com V�timas Fatais;Pleno dia;Crescente;Nublado;Simples;Reta;N�o;5;1;0;0;2;3;0;5;-16,845062;-53,933692;SPRF-MT;DEL02-MT;UOP02-DEL02-MT;;;
661585;15/02/2025;s�bado;18:00:00;RJ;116;87;TERESOPOLIS;Demais falhas mec�nicas ou el�tricas;Inc�ndio;Sem V�timas;Amanhecer;Decrescente;C�u Claro;Simples;Reta;Sim;1;0;0;0;1;0;0;1;-22,44527396;-42,95175555;SPRF-RJ;DEL04-RJ;UOP01-DEL04-RJ;;;
661593;15/02/2025;s�bado;15:27:00;MG;153;144,8;CAMPO FLORIDO;Transitar na contram�o;Colis�o frontal;Com V�timas Feridas;Pleno dia;Crescente;C�u Claro;Simples;Reta;N�o;2;0;0;1;0;1;1;2;-19,59964093;-48,83389116;SPRF-MG;DEL13-MG;UOP02-DEL13-MG;;;
661599;15/02/2025;s�bado;15:08:00;BA;242;351;LENCOIS;Rea��o tardia ou ineficiente do condutor;Tombamento;Com V�timas Fatais;Pleno dia;Crescente;C�u Claro;Simples;"Curva;Declive";N�o;2;1;0;0;0;1;0;2;-12,49243908;-41,3280788;SPRF-BA;DEL06-BA;UOP02-DEL06-BA;;;
661616;15/02/2025;s�bado;19:10:00;MT;163;203;RONDONOPOLIS;Carga excessiva e/ou mal acondicionada;Colis�o com objeto;Com V�timas Fatais;Plena Noite;Decrescente;C�u Claro;Dupla;"Reta;Viaduto";Sim;10;1;2;0;6;7;2;13;-16,47232462;-54,65507269;SPRF-MT;DEL05-MT;UOP02-DEL05-MT;;;
661627;15/02/2025;s�bado;20:40:00;MG;365;466,2;PATROCINIO;Suic�dio (presumido);Colis�o frontal;Com V�timas Fatais;Plena Noite;Crescente;C�u Claro;Simples;Reta;N�o;3;1;0;0;1;1;0;3;-18,90325161;-46,95935369;SPRF-MG;DEL10-MG;UOP01-DEL10-MG;;;
661628;15/02/2025;s�bado;19:50:00;SC;282;384,7;JOACABA;Velocidade Incompat�vel;Colis�o lateral sentido oposto;Com V�timas Feridas;Plena Noite;Crescente;Chuva;Simples;"Curva;Aclive";N�o;5;0;0;3;2;0;3;3;-27,20299;-51,515095;SPRF-SC;DEL07-SC;UOP05-DEL07-SC;;;
661644;15/02/2025;s�bado;19:20:00;MA;222;152;VARGEM GRANDE;Transitar na contram�o;Colis�o frontal;Com V�timas Fatais;Plena Noite;Decrescente;C�u Claro;Simples;Reta;Sim;2;1;0;0;1;0;0;2;-3,53485254;-43,94414714;SPRF-MA;DEL01-MA;UOP02-DEL01-MA;;;
661650;15/02/2025;s�bado;21:45:00;MG;40;654,4;CRISTIANO OTONI;Condutor Dormindo;Colis�o com objeto;Com V�timas Feridas;Plena Noite;Crescente;C�u Claro;Dupla;Reta;N�o;1;0;0;1;0;0;1;1;-20,86321666;-43,79864999;SPRF-MG;DEL05-MG;UOP02-DEL05-MG;;;
661657;16/02/2025;domingo;01:25:00;AL;101;136,1;SAO MIGUEL DOS CAMPOS;Aus�ncia de sinaliza��o;Colis�o lateral mesmo sentido;Com V�timas Feridas;Plena Noite;Crescente;Nublado;Dupla;Curva;N�o;2;0;1;0;0;1;1;2;-9,77098911;-36,07965263;SPRF-AL;DEL02-AL;UOP01-DEL02-AL;;;
661662;16/02/2025;domingo;01:30:00;MS;158;261,3;TRES LAGOAS;Ingest�o de �lcool pelo condutor;Colis�o com objeto;Com V�timas Feridas;Plena Noite;Crescente;C�u Claro;Simples;Reta;N�o;2;0;1;0;1;0;1;2;-20,72864508;-51,74215513;SPRF-MS;DEL07-MS;UOP01-DEL07-MS;;;
661666;16/02/2025;domingo;02:20:00;PR;277;345,5;GUARAPUAVA;Transitar na contram�o;Colis�o frontal;Com V�timas Feridas;Pleno dia;Decrescente;Nublado;Dupla;Curva;Sim;2;0;0;1;1;0;1;2;-25,36619927;-51,49141788;SPRF-PR;DEL08-PR;UOP01-DEL08-PR;;;
661675;16/02/2025;domingo;04:45:00;PR;476;169;CONTENDA;Rea��o tardia ou ineficiente do condutor;Colis�o lateral sentido oposto;Sem V�timas;Amanhecer;Crescente;C�u Claro;Simples;Curva;N�o;4;0;0;0;3;1;0;3;-25,666254;-49,495918;SPRF-PR;DEL01-PR;UOP06-DEL01-PR;;;
661679;16/02/2025;domingo;04:50:00;PR;476;192;LAPA;Rea��o tardia ou ineficiente do condutor;Colis�o traseira;Com V�timas Feridas;Amanhecer;Decrescente;Nublado;Simples;"Aclive;Reta";N�o;4;0;3;0;0;1;3;2;-25,730359;-49,706912;SPRF-PR;DEL01-PR;UOP06-DEL01-PR;;;
661682;16/02/2025;domingo;00:25:00;BA;116;928;ENCRUZILHADA;Ultrapassagem Indevida;Sa�da de leito carro��vel;Com V�timas Feridas;Plena Noite;Decrescente;Nublado;Simples;Reta;N�o;2;0;1;0;0;1;1;2;-15,656705;-41,30996;SPRF-BA;DEL08-BA;UOP03-DEL08-BA;;;
661698;16/02/2025;domingo;07:30:00;GO;50;200,1;CAMPO ALEGRE DE GOIAS;Rea��o tardia ou ineficiente do condutor;Tombamento;Com V�timas Feridas;Pleno dia;Decrescente;C�u Claro;Dupla;"Curva;Aclive";N�o;1;0;1;0;0;0;1;1;-17,5796;-47,8193;SPRF-GO;DEL06-GO;UOP01-DEL06-GO;;;
661704;16/02/2025;domingo;08:00:00;ES;101;448,2;MIMOSO DO SUL;Velocidade Incompat�vel;Sa�da de leito carro��vel;Com V�timas Feridas;Pleno dia;Crescente;Sol;Simples;Reta;N�o;2;0;0;1;0;1;1;2;-21,13028101;-41,28044011;SPRF-ES;DEL03-ES;UOP02-DEL03-ES;;;
661709;16/02/2025;domingo;05:00:00;BA;116;866;VITORIA DA CONQUISTA;Ingest�o de �lcool pelo condutor;Colis�o lateral sentido oposto;Sem V�timas;Amanhecer;Decrescente;Nublado;Simples;Reta;N�o;3;0;0;0;2;1;0;2;-15;-41;SPRF-BA;DEL08-BA;UOP01-DEL08-BA;;;
661711;16/02/2025;domingo;08:30:00;PR;277;107;CURITIBA;Condutor deixou de manter dist�ncia do ve�culo da frente;Colis�o traseira;Com V�timas Feridas;Pleno dia;Crescente;Nublado;Dupla;Reta;Sim;4;0;1;1;1;1;2;3;-25,47157895;-49,35341791;SPRF-PR;DEL03-PR;UOP03-DEL03-PR;;;
661726;16/02/2025;domingo;11:10:00;MG;381;427,5;CAETE;Manobra de mudan�a de faixa;Colis�o lateral mesmo sentido;Com V�timas Feridas;Pleno dia;Crescente;C�u Claro;Dupla;"Aclive;Reta";N�o;5;0;0;1;2;2;1;4;-19,791003;-43,68128;SPRF-MG;DEL01-MG;UOP01-DEL01-MG;;;
661735;16/02/2025;domingo;13:00:00;MG;262;478,8;BOM DESPACHO;Acessar a via sem observar a presen�a dos outros ve�culos;Colis�o transversal;Com V�timas Feridas;Pleno dia;Crescente;C�u Claro;Simples;Reta;Sim;3;0;2;0;1;0;2;2;-19,78767779;-45,22989387;SPRF-MG;DEL08-MG;UOP03-DEL08-MG;;;
661736;16/02/2025;domingo;10:58:00;MT;70;505;CUIABA;Transitar na contram�o;Colis�o frontal;Com V�timas Feridas;Pleno dia;Crescente;C�u Claro;Simples;Reta;N�o;3;0;0;1;1;3;1;5;-15,66438002;-55,96475201;SPRF-MT;DEL01-MT;UOP02-DEL01-MT;;;
661743;16/02/2025;domingo;12:02:00;SC;101;17,4;JOINVILLE;Trafegar com motocicleta (ou similar) entre as faixas;Colis�o lateral mesmo sentido;Com V�timas Fatais;Pleno dia;Crescente;Sol;Dupla;Reta;N�o;3;1;0;0;0;2;0;3;-26,124233;-48,8850082;SPRF-SC;DEL03-SC;UOP01-DEL03-SC;;;
661748;16/02/2025;domingo;13:10:00;RJ;393;212;VASSOURAS;Condutor Dormindo;Tombamento;Com V�timas Feridas;Pleno dia;Decrescente;C�u Claro;Simples;Reta;N�o;2;0;1;0;0;1;1;2;-22,27318608;-43,4608399;SPRF-RJ;DEL05-RJ;UOP03-DEL05-RJ;;;
661754;16/02/2025;domingo;14:30:00;GO;50;95;CRISTALINA;Rea��o tardia ou ineficiente do condutor;Tombamento;Sem V�timas;Pleno dia;Decrescente;C�u Claro;Simples;Viaduto;N�o;2;0;0;0;1;1;0;2;-16,9309;-47,7117;SPRF-DF;DEL01-DF;UOP02-DEL01-DF;;;