id;data_inversa;dia_semana;horario;uf;br;km;municipio;causa_acidente;tipo_acidente;classificacao_acidente;fase_dia;sentido_via;condicao_metereologica;tipo_pista;tracado_via;uso_solo;pessoas;mortos;feridos_leves;feridos_graves;ilesos;ignorados;feridos;veiculos;latitude;longitude;regional;delegacia;uop;;;
661756;16/02/2025;domingo;09:30:00;MT;70;695;CACERES;Problema com o freio;Tombamento;Com V�timas Feridas;Pleno dia;Decrescente;Nublado;Simples;"Curva;Declive";N�o;2;0;1;0;0;1;1;2;-16,20506165;-57,40494303;SPRF-MT;DEL03-MT;UOP01-DEL03-MT;;;
661757;16/02/2025;domingo;13:19:00;MG;381;541,1;ITATIAIUCU;Problema com o freio;Colis�o traseira;Sem V�timas;Pleno dia;Decrescente;C�u Claro;Dupla;"Curva;Declive";N�o;2;0;0;0;2;0;0;2;-20,25669152;-44,41815376;SPRF-MG;DEL04-MG;UOP03-DEL04-MG;;;
661766;16/02/2025;domingo;11:20:00;RS;153;405,3;CACHOEIRA DO SUL;Suic�dio (presumido);Colis�o frontal;Com V�timas Fatais;Pleno dia;Crescente;C�u Claro;Simples;"Reta;Declive";Sim;3;1;1;0;0;1;1;3;-30,05251956;-52,9080038;SPRF-RS;DEL02-RS;UOP03-DEL02-RS;;;
661775;16/02/2025;domingo;15:30:00;PA;163;572;TRAIRAO;Rea��o tardia ou ineficiente do condutor;Capotamento;Com V�timas Feridas;Anoitecer;Crescente;Chuva;Simples;"Reta;Aclive";N�o;5;0;1;1;2;3;2;5;-5,04193667;-56,18318859;SPRF-PA;DEL05-PA;UOP03-DEL05-PA;;;
661785;16/02/2025;domingo;12:30:00;MG;116;555,2;MANHUACU;Curva acentuada;Tombamento;Com V�timas Feridas;Pleno dia;Crescente;C�u Claro;Simples;"Curva;Declive";N�o;4;0;3;0;0;1;3;3;-20,00911074;-42,14328403;SPRF-MG;DEL06-MG;UOP02-DEL06-MG;;;
661792;16/02/2025;domingo;17:30:00;AL;101;247;PORTO REAL DO COLEGIO;Demais falhas mec�nicas ou el�tricas;Inc�ndio;Sem V�timas;Pleno dia;Decrescente;C�u Claro;Dupla;Reta;N�o;2;0;0;0;1;1;0;2;-10,19937283;-36,82059635;SPRF-AL;DEL02-AL;UOP02-DEL02-AL;;;
661793;16/02/2025;domingo;17:10:00;MG;381;336;BELA VISTA DE MINAS;Aus�ncia de rea��o do condutor;Tombamento;Com V�timas Feridas;Pleno dia;Decrescente;C�u Claro;Simples;"Declive;Reta";N�o;7;0;6;0;0;1;6;2;-19,82119502;-43,07407899;SPRF-MG;DEL03-MG;UOP01-DEL03-MG;;;
661801;16/02/2025;domingo;16:10:00;GO;364;240;JATAI;Condutor Dormindo;Sa�da de leito carro��vel;Com V�timas Feridas;Pleno dia;Decrescente;Sol;Simples;Reta;N�o;2;0;1;0;0;1;1;2;-17,784187;-52,084309;SPRF-GO;DEL05-GO;UOP01-DEL05-GO;;;
661802;16/02/2025;domingo;14:50:00;PI;316;297;PICOS;Curva acentuada;Tombamento;Com V�timas Fatais;Pleno dia;Crescente;C�u Claro;Simples;"Curva;Declive";N�o;2;1;0;0;0;2;0;3;-7,02855707;-41,5570932;SPRF-PI;DEL04-PI;UOP01-DEL04-PI;;;
661806;16/02/2025;domingo;19:15:00;RS;470;216;BENTO GONCALVES;Ingest�o de �lcool pelo condutor;Colis�o lateral mesmo sentido;Sem V�timas;Pleno dia;Decrescente;C�u Claro;Dupla;"Interse��o de Vias;Reta";Sim;2;0;0;0;2;0;0;2;-29,15887096;-51,53142395;SPRF-RS;DEL06-RS;UOP01-DEL06-RS;;;
661816;16/02/2025;domingo;20:00:00;PR;376;171;MARINGA;Condutor desrespeitou a ilumina��o vermelha do sem�foro;Colis�o transversal;Com V�timas Feridas;Plena Noite;Crescente;C�u Claro;Dupla;"Aclive;Reta";Sim;5;0;1;0;4;0;1;2;-23,41822772;-51,97500595;SPRF-PR;DEL09-PR;UOP01-DEL09-PR;;;
661818;16/02/2025;domingo;14:00:00;MG;116;89,9;MEDINA;Velocidade Incompat�vel;Sa�da de leito carro��vel;Com V�timas Feridas;Pleno dia;Crescente;Sol;Simples;Curva;N�o;2;0;0;1;0;1;1;2;-16,342478;-41,476151;SPRF-MG;DEL11-MG;UOP02-DEL11-MG;;;
661819;16/02/2025;domingo;19:30:00;RS;116;485,8;TURUCU;Rea��o tardia ou ineficiente do condutor;Colis�o transversal;Com V�timas Feridas;Anoitecer;Decrescente;Chuva;Simples;"Em Obras;Reta";N�o;3;0;1;0;1;1;1;3;-31,42943686;-52,1859602;SPRF-RS;DEL07-RS;UOP01-DEL07-RS;;;
661828;16/02/2025;domingo;19:41:00;CE;116;502,7;BREJO SANTO;Ingest�o de �lcool pelo condutor;Colis�o frontal;Com V�timas Feridas;Plena Noite;Crescente;C�u Claro;Simples;Reta;Sim;3;0;1;0;2;0;1;3;-7,49535;-38,98453;SPRF-CE;DEL05-CE;UOP03-DEL05-CE;;;
661829;16/02/2025;domingo;21:10:00;RS;153;50,9;ERECHIM;Desrespeitar a prefer�ncia no cruzamento;Colis�o transversal;Sem V�timas;Plena Noite;Crescente;Nublado;Dupla;"Reta;Rotat�ria";Sim;2;0;0;0;2;0;0;2;-27,65623359;-52,27554709;SPRF-RS;DEL08-RS;UOP04-DEL08-RS;;;
661836;16/02/2025;domingo;20:50:00;MG;40;506,8;RIBEIRAO DAS NEVES;Aus�ncia de rea��o do condutor;Sa�da de leito carro��vel;Com V�timas Fatais;Pleno dia;Crescente;C�u Claro;Dupla;Reta;Sim;9;1;0;5;2;1;5;5;-19,74716686;-44,14731173;SPRF-MG;DEL02-MG;UOP01-DEL02-MG;;;
661843;16/02/2025;domingo;14:10:00;PR;476;300;SAO MATEUS DO SUL;Transitar na contram�o;Colis�o frontal;Com V�timas Fatais;Pleno dia;Decrescente;C�u Claro;Simples;Reta;N�o;3;1;1;0;0;1;1;3;-25,985838;-50,56636;SPRF-PR;DEL02-PR;UOP03-DEL02-PR;;;
661856;16/02/2025;domingo;22:15:00;RJ;393;151;SAPUCAIA;Velocidade Incompat�vel;Colis�o com objeto;Com V�timas Feridas;Plena Noite;Crescente;C�u Claro;Simples;Curva;N�o;1;0;1;0;0;0;1;1;-22,06019504;-43,02885795;SPRF-RJ;DEL05-RJ;UOP01-DEL05-RJ;;;
661866;16/02/2025;domingo;19:30:00;GO;452;151;BOM JESUS DE GOIAS;Rea��o tardia ou ineficiente do condutor;Sa�da de leito carro��vel;Com V�timas Feridas;Plena Noite;Crescente;Chuva;Simples;"Declive;Reta";N�o;4;0;1;0;2;1;1;4;-18,30016354;-49,58722869;SPRF-GO;DEL03-GO;UOP02-DEL03-GO;;;
661867;16/02/2025;domingo;19:00:00;RO;364;970;PORTO VELHO;Rea��o tardia ou ineficiente do condutor;Colis�o transversal;Com V�timas Fatais;Anoitecer;Crescente;C�u Claro;Simples;Reta;Sim;4;1;1;0;0;2;1;4;-9,65616271;-65,72389011;SPRF-RO;DEL01-RO;UOP03-DEL01-RO;;;
661882;17/02/2025;segunda-feira;01:10:00;AL;101;14,5;NOVO LINO;Velocidade Incompat�vel;Tombamento;Com V�timas Feridas;Plena Noite;Decrescente;Chuva;Dupla;"Curva;Declive";N�o;2;0;0;1;0;1;1;2;-8,98160808;-35,67369277;SPRF-AL;DEL01-AL;UOP02-DEL01-AL;;;
661883;17/02/2025;segunda-feira;01:45:00;PR;116;71;QUATRO BARRAS;Carga excessiva e/ou mal acondicionada;Derramamento de carga;Sem V�timas;Plena Noite;Decrescente;C�u Claro;Dupla;"Curva;Declive";N�o;4;0;0;0;3;3;0;6;-25,347478;-49,044212;SPRF-PR;DEL01-PR;UOP02-DEL01-PR;;;
661884;17/02/2025;segunda-feira;03:00:00;MG;116;308,6;ITAMBACURI;Demais falhas mec�nicas ou el�tricas;Inc�ndio;Sem V�timas;Plena Noite;Decrescente;C�u Claro;Simples;Reta;N�o;1;0;0;0;1;0;0;1;-18,05506995;-41,66565241;SPRF-MG;DEL11-MG;UOP01-DEL11-MG;;;
661885;17/02/2025;segunda-feira;02:05:00;MT;70;588;NOSSA SENHORA DO LIVRAMENTO;Condutor Dormindo;Colis�o lateral sentido oposto;Com V�timas Feridas;Plena Noite;Crescente;Ignorado;Simples;Reta;N�o;3;0;1;0;2;0;1;2;-15,78382692;-56,630768;SPRF-MT;DEL03-MT;UOP02-DEL03-MT;;;
661889;17/02/2025;segunda-feira;05:30:00;DF;20;21;BRASILIA;Chuva;Tombamento;Sem V�timas;Amanhecer;Crescente;Garoa/Chuvisco;Dupla;Curva;Sim;1;0;0;0;1;0;0;1;-15,603384;-47,684692;SPRF-DF;DEL02-DF;UOP01-DEL02-DF;;;
661890;17/02/2025;segunda-feira;04:30:00;SC;116;141,9;SANTA CECILIA;Transitar na contram�o;Colis�o lateral sentido oposto;Sem V�timas;Plena Noite;Crescente;Chuva;Simples;Declive;Sim;2;0;0;0;2;0;0;2;-26,97282394;-50,40309796;SPRF-SC;DEL06-SC;UOP02-DEL06-SC;;;
661891;17/02/2025;segunda-feira;06:00:00;RS;158;326;SANTA MARIA;Aus�ncia de rea��o do condutor;Colis�o com objeto;Sem V�timas;Amanhecer;Crescente;Garoa/Chuvisco;Dupla;"Interse��o de Vias;Viaduto";Sim;2;0;0;0;1;1;0;2;-29,71239498;-53,80607843;SPRF-RS;DEL09-RS;UOP01-DEL09-RS;;;
661894;17/02/2025;segunda-feira;02:00:00;BA;101;237;CONCEICAO DO ALMEIDA;Aus�ncia de rea��o do condutor;Colis�o traseira;Com V�timas Feridas;Plena Noite;Decrescente;C�u Claro;Simples;Aclive;N�o;2;0;1;0;0;1;1;2;-12,78844966;-39,1898632;SPRF-BA;DEL01-BA;UOP02-DEL01-BA;;;
661895;17/02/2025;segunda-feira;04:05:00;BA;101;232,5;SAPEACU;Ultrapassagem Indevida;Colis�o frontal;Com V�timas Feridas;Amanhecer;Crescente;C�u Claro;Simples;"Aclive;Reta";Sim;2;0;1;0;1;0;1;2;-12,73633099;-39,18434691;SPRF-BA;DEL01-BA;UOP02-DEL01-BA;;;
661908;17/02/2025;segunda-feira;06:50:00;MG;116;275;TEOFILO OTONI;Rea��o tardia ou ineficiente do condutor;Atropelamento de Pedestre;Com V�timas Feridas;Pleno dia;Crescente;C�u Claro;Simples;Reta;N�o;3;0;0;1;1;1;1;3;-17,8719863;-41,5199827;SPRF-MG;DEL11-MG;UOP01-DEL11-MG;;;
661925;17/02/2025;segunda-feira;08:15:00;RS;285;452,2;IJUI;Condutor deixou de manter dist�ncia do ve�culo da frente;Colis�o traseira;Com V�timas Feridas;Pleno dia;Crescente;C�u Claro;Simples;Reta;N�o;4;0;1;0;2;1;1;4;-28,37403235;-53,85794163;SPRF-RS;DEL10-RS;UOP01-DEL10-RS;;;
661928;14/02/2025;sexta-feira;03:20:00;MT;364;464;VARZEA GRANDE;Acumulo de �leo sobre o pavimento;Sa�da de leito carro��vel;Com V�timas Feridas;Amanhecer;Crescente;Garoa/Chuvisco;Simples;"Curva;Ponte";N�o;1;0;1;0;0;0;1;1;-15,49417155;-56,27739364;SPRF-MT;DEL01-MT;UOP02-DEL01-MT;;;
661931;01/02/2025;s�bado;13:30:00;SC;101;39;JOINVILLE;Demais falhas mec�nicas ou el�tricas;Colis�o com objeto;Com V�timas Feridas;Pleno dia;Crescente;Chuva;Dupla;Curva;Sim;4;0;1;0;2;1;1;3;-26,2628107;-48,90192257;SPRF-SC;DEL03-SC;UOP01-DEL03-SC;;;
661935;17/02/2025;segunda-feira;06:50:00;RS;290;352,9;SAO SEPE;Aus�ncia de rea��o do condutor;Sa�da de leito carro��vel;Com V�timas Feridas;Amanhecer;Crescente;Chuva;Simples;"Em Obras;Reta;Declive";N�o;2;0;0;1;1;0;1;1;-30,372091;-53,692841;SPRF-RS;DEL09-RS;UOP02-DEL09-RS;;;
661939;15/02/2025;s�bado;16:00:00;MT;70;142;GENERAL CARNEIRO;Ultrapassagem Indevida;Colis�o lateral mesmo sentido;Sem V�timas;Pleno dia;Decrescente;C�u Claro;Simples;Reta;N�o;5;0;0;0;4;2;0;5;-15,58765841;-53,30155406;SPRF-MT;DEL07-MT;UOP01-DEL07-MT;;;
661940;06/02/2025;quinta-feira;07:20:00;SC;101;27,1;JOINVILLE;Desrespeitar a prefer�ncia no cruzamento;Colis�o transversal;Com V�timas Feridas;Pleno dia;Decrescente;C�u Claro;Dupla;"Viaduto;Rotat�ria";N�o;3;0;1;0;1;1;1;3;-26,20130351;-48,91331794;SPRF-SC;DEL03-SC;UOP01-DEL03-SC;;;
661949;17/02/2025;segunda-feira;09:25:00;BA;116;5;FEIRA DE SANTANA;Condutor deixou de manter dist�ncia do ve�culo da frente;Engavetamento;Com V�timas Feridas;Pleno dia;Crescente;C�u Claro;Dupla;Reta;Sim;4;0;1;0;2;2;1;5;-12,28439132;-38,97181218;SPRF-PE;DEL05-PE;UOP03-DEL05-PE;;;
661950;17/02/2025;segunda-feira;09:32:00;MG;381;857,7;POUSO ALEGRE;Mal s�bito do condutor;Sa�da de leito carro��vel;Sem V�timas;Pleno dia;Crescente;Sol;Dupla;Reta;N�o;2;0;0;0;1;2;0;3;-22,3341773;-45,92156967;SPRF-MG;DEL16-MG;UOP01-DEL16-MG;;;
661951;17/02/2025;segunda-feira;10:00:00;ES;101;265;SERRA;Manobra de mudan�a de faixa;Colis�o lateral mesmo sentido;Sem V�timas;Pleno dia;Decrescente;C�u Claro;M�ltipla;Reta;Sim;2;0;0;0;2;0;0;2;-20,1816849;-40,26536036;SPRF-ES;DEL02-ES;UOP01-DEL02-ES;;;
661952;17/02/2025;segunda-feira;08:40:00;RN;304;300;MACAIBA;Manobra de mudan�a de faixa;Tombamento;Com V�timas Feridas;Pleno dia;Decrescente;Sol;Dupla;Reta;Sim;4;0;2;0;2;0;2;3;-5,8737673;-35,3150361;SPRF-RN;DEL01-RN;UOP02-DEL01-RN;;;
661963;17/02/2025;segunda-feira;10:30:00;MG;40;476,1;SETE LAGOAS;Aus�ncia de rea��o do condutor;Colis�o traseira;Com V�timas Feridas;Pleno dia;Crescente;Sol;Dupla;"Declive;Reta";Sim;2;0;2;0;0;0;2;2;-19,514403;-44,270133;SPRF-MG;DEL02-MG;UOP01-DEL02-MG;;;
661966;17/02/2025;segunda-feira;09:35:00;PR;153;15,5;JACAREZINHO;Velocidade Incompat�vel;Tombamento;Com V�timas Feridas;Pleno dia;Crescente;C�u Claro;Simples;Curva;N�o;2;0;1;0;0;1;1;2;-23,1261823;-49,9440279;SPRF-PR;DEL07-PR;UOP04-DEL07-PR;;;
661968;05/02/2025;quarta-feira;12:01:00;MG;459;86,6;CONGONHAL;Convers�o proibida;Colis�o transversal;Com V�timas Fatais;Pleno dia;Decrescente;C�u Claro;Simples;Reta;Sim;2;1;0;0;1;0;0;2;-22,151685;-46,05262;SPRF-MG;DEL09-MG;UOP01-DEL09-MG;;;
661974;17/02/2025;segunda-feira;12:05:00;ES;101;232,7;FUNDAO;Transitar na contram�o;Colis�o frontal;Com V�timas Feridas;Pleno dia;Crescente;C�u Claro;M�ltipla;Reta;N�o;4;0;2;0;2;0;2;4;-19,95224103;-40,40879816;SPRF-ES;DEL02-ES;UOP01-DEL02-ES;;;
661975;17/02/2025;segunda-feira;12:15:00;PB;230;62,2;CRUZ DO ESPIRITO SANTO;Rea��o tardia ou ineficiente do condutor;Colis�o traseira;Sem V�timas;Pleno dia;Crescente;C�u Claro;Dupla;Reta;N�o;5;0;0;0;5;0;0;2;-7,202;-35,1574;SPRF-PB;DEL01-PB;UOP02-DEL01-PB;;;
661976;17/02/2025;segunda-feira;09:55:00;GO;50;314,1;CUMARI;Velocidade Incompat�vel;Tombamento;Com V�timas Feridas;Pleno dia;Decrescente;Sol;Dupla;"Ponte;Declive;Curva";N�o;3;0;2;0;0;1;2;2;-18,4244;-48,0676;SPRF-GO;DEL06-GO;UOP01-DEL06-GO;;;
661998;17/02/2025;segunda-feira;14:10:00;RS;392;238;CACAPAVA DO SUL;Aus�ncia de rea��o do condutor;Sa�da de leito carro��vel;Com V�timas Feridas;Pleno dia;Decrescente;Nublado;Simples;"Reta;Aclive";N�o;2;0;1;0;0;2;1;3;-30,62048535;-53,34452907;SPRF-RS;DEL09-RS;UOP02-DEL09-RS;;;
661999;17/02/2025;segunda-feira;12:00:00;AC;364;139;RIO BRANCO;Manobra de mudan�a de faixa;Colis�o lateral mesmo sentido;Com V�timas Feridas;Pleno dia;Decrescente;Chuva;Dupla;Reta;N�o;3;0;2;0;0;1;2;2;-9,95359291;-67,86119892;SPRF-AC;DEL01-AC;UOP01-DEL01-AC;;;
662000;17/02/2025;segunda-feira;14:00:00;RJ;101;576;PARATY;Acessar a via sem observar a presen�a dos outros ve�culos;Colis�o transversal;Com V�timas Feridas;Pleno dia;Crescente;C�u Claro;Simples;Reta;Sim;2;0;1;0;1;0;1;2;-23,22679237;-44,72881647;SPRF-RJ;DEL03-RJ;UOP04-DEL03-RJ;;;
662002;17/02/2025;segunda-feira;11:40:00;PR;376;339;ORTIGUEIRA;Velocidade Incompat�vel;Tombamento;Com V�timas Feridas;Pleno dia;Crescente;C�u Claro;Simples;Curva;N�o;2;0;1;0;0;1;1;2;-24,16423688;-50,96922472;SPRF-PR;DEL07-PR;UOP02-DEL07-PR;;;
662008;17/02/2025;segunda-feira;15:10:00;RS;285;208,5;LAGOA VERMELHA;Acessar a via sem observar a presen�a dos outros ve�culos;Colis�o transversal;Com V�timas Feridas;Pleno dia;Decrescente;Nublado;Simples;"Rotat�ria;Interse��o de Vias";N�o;6;0;2;0;2;2;2;4;-28,224096;-51,610735;SPRF-RS;DEL08-RS;UOP05-DEL08-RS;;;
662011;17/02/2025;segunda-feira;15:25:00;ES;101;125,1;SOORETAMA;Condutor desrespeitou a ilumina��o vermelha do sem�foro;Colis�o transversal;Com V�timas Feridas;Pleno dia;Decrescente;C�u Claro;Dupla;Interse��o de Vias;Sim;3;0;0;1;1;1;1;3;-19,18496498;-40,09429827;SPRF-ES;DEL04-ES;UOP01-DEL04-ES;;;
662015;17/02/2025;segunda-feira;09:40:00;RJ;116;100,9;GUAPIMIRIM;Ultrapassagem Indevida;Colis�o frontal;Com V�timas Feridas;Pleno dia;Decrescente;C�u Claro;Simples;"Declive;Reta";N�o;2;0;0;1;1;0;1;2;-22,48909312;-43,00437599;SPRF-RJ;DEL04-RJ;UOP01-DEL04-RJ;;;
662027;17/02/2025;segunda-feira;16:50:00;DF;40;7,8;BRASILIA;�rea urbana sem a presen�a de local apropriado para a travessia de pedestres;Colis�o transversal;Com V�timas Feridas;Pleno dia;Decrescente;Sol;Dupla;"Aclive;Reta;Interse��o de Vias";Sim;2;0;1;0;1;0;1;2;-16,046535;-47,980625;SPRF-DF;DEL01-DF;UOP01-DEL01-DF;;;
662029;17/02/2025;segunda-feira;15:45:00;MA;135;11;SAO LUIS;Manobra de mudan�a de faixa;Colis�o lateral mesmo sentido;Com V�timas Feridas;Pleno dia;Decrescente;Garoa/Chuvisco;Dupla;Reta;Sim;3;0;2;0;1;0;2;2;-2,66470782;-44,28673431;SPRF-MA;DEL01-MA;UOP01-DEL01-MA;;;
662030;17/02/2025;segunda-feira;16:35:00;AL;101;190;JUNQUEIRO;Ingest�o de �lcool pelo condutor;Colis�o transversal;Sem V�timas;Pleno dia;Crescente;C�u Claro;Simples;Interse��o de Vias;Sim;3;0;0;0;2;1;0;3;-9,92466195;-36,47137449;SPRF-AL;DEL02-AL;UOP02-DEL02-AL;;;
662031;17/02/2025;segunda-feira;16:20:00;SC;116;217,4;CORREIA PINTO;Acessar a via sem observar a presen�a dos outros ve�culos;Colis�o transversal;Com V�timas Feridas;Pleno dia;Decrescente;Nublado;Simples;Reta;Sim;3;0;1;0;2;0;1;2;-27,56409;-50,37538;SPRF-SC;DEL05-SC;UOP03-DEL05-SC;;;
662035;17/02/2025;segunda-feira;17:40:00;ES;262;89,7;DOMINGOS MARTINS;Transitar na contram�o;Colis�o frontal;Com V�timas Fatais;Pleno dia;Crescente;C�u Claro;Simples;Reta;Sim;3;1;0;0;1;1;0;3;-20,38725617;-41,01746327;SPRF-ES;DEL01-ES;UOP02-DEL01-ES;;;
662036;17/02/2025;segunda-feira;18:00:00;MG;381;381;BARAO DE COCAIS;Aus�ncia de rea��o do condutor;Tombamento;Com V�timas Feridas;Anoitecer;Decrescente;C�u Claro;Simples;Curva;Sim;2;0;1;0;0;1;1;2;-19,79738383;-43,41740299;SPRF-MG;DEL01-MG;UOP01-DEL01-MG;;;
662041;17/02/2025;segunda-feira;17:25:00;SC;470;145;RIO DO SUL;Chuva;Colis�o lateral sentido oposto;Com V�timas Feridas;Pleno dia;Crescente;Chuva;Simples;Reta;N�o;4;0;0;1;2;1;1;4;-27,237301;-49,682217;SPRF-SC;DEL04-SC;UOP02-DEL04-SC;;;
662042;08/02/2025;s�bado;08:00:00;GO;364;278;MINEIROS;Falta de elemento de conten��o que evite a sa�da do leito carro��vel;Sa�da de leito carro��vel;Com V�timas Feridas;Pleno dia;Decrescente;C�u Claro;Simples;"Reta;Aclive";N�o;2;0;1;0;0;2;1;3;-17,62150325;-52,37390086;SPRF-GO;DEL05-GO;UOP01-DEL05-GO;;;
662044;17/02/2025;segunda-feira;17:44:00;PR;116;170;QUITANDINHA;Ultrapassagem Indevida;Sa�da de leito carro��vel;Com V�timas Feridas;Pleno dia;Crescente;Garoa/Chuvisco;Simples;"Curva;Aclive";N�o;5;0;2;0;3;0;2;5;-25,87465933;-49,48100991;SPRF-PR;DEL01-PR;UOP03-DEL01-PR;;;
662045;17/02/2025;segunda-feira;15:50:00;MG;116;518,2;UBAPORANGA;Manobra de mudan�a de faixa;Colis�o frontal;Com V�timas Fatais;Pleno dia;Crescente;C�u Claro;Simples;Reta;N�o;4;1;0;0;1;2;0;4;-19,71038379;-42,12370706;SPRF-MG;DEL06-MG;UOP02-DEL06-MG;;;
662049;01/02/2025;s�bado;10:00:00;MG;381;483;BETIM;Condutor deixou de manter dist�ncia do ve�culo da frente;Engavetamento;Com V�timas Feridas;Pleno dia;Decrescente;C�u Claro;Dupla;"Curva;Aclive";Sim;6;0;2;0;3;1;2;4;-19,95594491;-44,10721699;SPRF-MG;DEL01-MG;UOP03-DEL01-MG;;;
662053;17/02/2025;segunda-feira;17:30:00;SC;470;137,3;RIO DO SUL;Rea��o tardia ou ineficiente do condutor;Colis�o lateral sentido oposto;Com V�timas Feridas;Pleno dia;Decrescente;Chuva;Simples;"Reta;Aclive";Sim;3;0;1;0;1;1;1;3;-27,18852308;-49,61249828;SPRF-SC;DEL04-SC;UOP02-DEL04-SC;;;
662054;16/02/2025;domingo;23:00:00;PA;222;210;BOM JESUS DO TOCANTINS;Rea��o tardia ou ineficiente do condutor;Sa�da de leito carro��vel;Com V�timas Feridas;Plena Noite;Decrescente;Nublado;Simples;"Reta;Declive";N�o;2;0;1;0;0;1;1;2;-5,162574;-48,911507;SPRF-PA;DEL03-PA;UOP01-DEL03-PA;;;
662056;17/02/2025;segunda-feira;17:15:00;MT;70;235;POXOREU;Rea��o tardia ou ineficiente do condutor;Tombamento;Sem V�timas;Pleno dia;Crescente;Nublado;Simples;Aclive;N�o;2;0;0;0;1;3;0;4;-15,63479484;-53,95467806;SPRF-MT;DEL05-MT;UOP01-DEL05-MT;;;
662058;17/02/2025;segunda-feira;17:10:00;PR;153;316;IMBITUVA;Aus�ncia de rea��o do condutor;Colis�o lateral sentido oposto;Com V�timas Feridas;Pleno dia;Decrescente;C�u Claro;Simples;Reta;N�o;3;0;1;0;1;2;1;4;-25,33983496;-50,6357076;SPRF-PR;DEL08-PR;UOP02-DEL08-PR;;;
662070;17/02/2025;segunda-feira;20:45:00;MG;381;447;SANTA LUZIA;Velocidade Incompat�vel;Colis�o lateral sentido oposto;Com V�timas Feridas;Plena Noite;Decrescente;C�u Claro;Simples;"Curva;Declive";N�o;8;0;6;0;1;2;6;4;-19,82312;-43,814164;SPRF-MG;DEL01-MG;UOP01-DEL01-MG;;;
662071;17/02/2025;segunda-feira;15:00:00;MG;262;385;MATEUS LEME;Aus�ncia de rea��o do condutor;Sa�da de leito carro��vel;Com V�timas Feridas;Pleno dia;Crescente;C�u Claro;Dupla;Curva;N�o;2;0;1;0;0;1;1;2;-19,93325094;-44,42077402;SPRF-MG;DEL01-MG;UOP03-DEL01-MG;;;
662073;17/02/2025;segunda-feira;16:50:00;PR;163;160;LINDOESTE;Velocidade Incompat�vel;Sa�da de leito carro��vel;Com V�timas Feridas;Pleno dia;Crescente;C�u Claro;Dupla;"Aclive;Curva";N�o;2;0;0;1;0;1;1;2;-25,33308243;-53,58516801;SPRF-PR;DEL05-PR;UOP05-DEL05-PR;;;
662076;17/02/2025;segunda-feira;16:00:00;MT;163;619;NOVA MUTUM;Rea��o tardia ou ineficiente do condutor;Sa�da de leito carro��vel;Com V�timas Feridas;Anoitecer;Decrescente;C�u Claro;Simples;Reta;N�o;2;0;1;0;0;2;1;3;-13,634026;-56,034512;SPRF-MT;DEL01-MT;UOP01-DEL01-MT;;;
662080;17/02/2025;segunda-feira;22:10:00;RJ;116;131;MAGE;Defici�ncia do Sistema de Ilumina��o/Sinaliza��o;Colis�o frontal;Com V�timas Feridas;Plena Noite;Crescente;C�u Claro;Simples;"Curva;Viaduto";N�o;2;0;1;0;1;0;1;2;-22,65608024;-43,12511494;SPRF-RJ;DEL04-RJ;UOP02-DEL04-RJ;;;
662083;06/02/2025;quinta-feira;12:10:00;AL;423;78,2;AGUA BRANCA;Pista Escorregadia;Sa�da de leito carro��vel;Com V�timas Feridas;Pleno dia;Decrescente;Nublado;Simples;Reta;N�o;4;0;3;1;0;0;4;1;-9,32481684;-37,96857706;SPRF-AL;DEL03-AL;UOP02-DEL03-AL;;;
662084;17/02/2025;segunda-feira;22:50:00;MG;40;611;CONGONHAS;Rea��o tardia ou ineficiente do condutor;Colis�o com objeto;Com V�timas Feridas;Plena Noite;Decrescente;C�u Claro;Dupla;Curva;N�o;1;0;1;0;0;0;1;1;-20,51043545;-43,84039195;SPRF-MG;DEL05-MG;UOP02-DEL05-MG;;;
662085;17/02/2025;segunda-feira;22:35:00;PE;104;78,9;AGRESTINA;Transitar na contram�o;Colis�o lateral sentido oposto;Sem V�timas;Plena Noite;Crescente;C�u Claro;Simples;"Curva;Declive";N�o;3;0;0;0;1;2;0;3;-8,384866;-35,982338;SPRF-PE;DEL02-PE;UOP01-DEL02-PE;;;
662091;17/02/2025;segunda-feira;16:30:00;SC;282;117,9;ALFREDO WAGNER;Velocidade Incompat�vel;Colis�o frontal;Com V�timas Fatais;Pleno dia;Crescente;Chuva;Simples;Curva;N�o;4;1;0;1;1;2;1;4;-27,7770576;-49,4115229;SPRF-SC;DEL01-SC;UOP03-DEL01-SC;;;
662092;18/02/2025;ter�a-feira;01:32:00;SP;116;93,1;PINDAMONHANGABA;Suic�dio (presumido);Atropelamento de Pedestre;Com V�timas Fatais;Plena Noite;Crescente;C�u Claro;Dupla;Reta;N�o;3;1;0;0;1;1;0;3;-22,95653207;-45,41300297;SPRF-SP;DEL08-SP;UOP01-DEL08-SP;;;
662095;18/02/2025;ter�a-feira;04:00:00;PR;116;18,9;ANTONINA;Aus�ncia de rea��o do condutor;Colis�o traseira;Com V�timas Feridas;Plena Noite;Crescente;C�u Claro;Dupla;"Aclive;Reta";N�o;2;0;1;0;1;0;1;2;-25,10263528;-48,72115731;SPRF-PR;DEL01-PR;UOP02-DEL01-PR;;;
662098;18/02/2025;ter�a-feira;04:30:00;MG;364;3,5;PLANURA;Condutor deixou de manter dist�ncia do ve�culo da frente;Colis�o traseira;Com V�timas Feridas;Plena Noite;Decrescente;Chuva;Simples;Reta;Sim;3;0;1;0;1;1;1;3;-20,13824;-48,702347;SPRF-MG;DEL13-MG;UOP02-DEL13-MG;;;