id;data_inversa;dia_semana;horario;uf;br;km;municipio;causa_acidente;tipo_acidente;classificacao_acidente;fase_dia;sentido_via;condicao_metereologica;tipo_pista;tracado_via;uso_solo;pessoas;mortos;feridos_leves;feridos_graves;ilesos;ignorados;feridos;veiculos;latitude;longitude;regional;delegacia;uop;;;
662099;18/02/2025;ter�a-feira;05:15:00;CE;116;453,7;BARRO;Pista esburacada;Sa�da de leito carro��vel;Com V�timas Feridas;Pleno dia;Crescente;C�u Claro;Simples;Reta;N�o;2;0;1;0;0;1;1;2;-7,15137597;-38,7786803;SPRF-CE;DEL05-CE;UOP03-DEL05-CE;;;
662100;18/02/2025;ter�a-feira;03:50:00;MG;153;8,2;ARAPORA;Demais falhas mec�nicas ou el�tricas;Inc�ndio;Sem V�timas;Plena Noite;Decrescente;C�u Claro;Dupla;Reta;N�o;1;0;0;0;1;0;0;1;-18,48959717;-49,18863215;SPRF-MG;DEL15-MG;UOP03-DEL15-MG;;;
662105;18/02/2025;ter�a-feira;05:35:00;BA;101;31,7;ESPLANADA;Aus�ncia de rea��o do condutor;Tombamento;Com V�timas Feridas;Amanhecer;Decrescente;C�u Claro;Dupla;"Curva;Aclive";N�o;1;0;1;0;0;0;1;1;-11,79445617;-37,9546697;SPRF-SE;DEL02-SE;UOP03-DEL02-SE;;;
662107;18/02/2025;ter�a-feira;06:40:00;RS;386;426,8;MONTENEGRO;Aus�ncia de rea��o do condutor;Colis�o com objeto;Com V�timas Feridas;Pleno dia;Decrescente;Nublado;Dupla;"Curva;Declive";N�o;1;0;1;0;0;0;1;1;-29,819479;-51,36208;SPRF-RS;DEL04-RS;UOP02-DEL04-RS;;;
662110;18/02/2025;ter�a-feira;00:30:00;SC;470;49;BLUMENAU;Acessar a via sem observar a presen�a dos outros ve�culos;Colis�o lateral mesmo sentido;Com V�timas Feridas;Plena Noite;Crescente;C�u Claro;Dupla;"Viaduto;Curva";Sim;4;0;1;0;2;1;1;3;-26,86113669;-49,07146454;SPRF-SC;DEL04-SC;UOP01-DEL04-SC;;;
662111;18/02/2025;ter�a-feira;06:30:00;ES;101;150,5;LINHARES;Condutor deixou de manter dist�ncia do ve�culo da frente;Colis�o traseira;Com V�timas Feridas;Pleno dia;Crescente;C�u Claro;Simples;"Curva;Declive;Interse��o de Vias";Sim;2;0;1;0;0;1;1;2;-19,40436634;-40,06078896;SPRF-ES;DEL04-ES;UOP01-DEL04-ES;;;
662115;18/02/2025;ter�a-feira;05:05:00;PR;277;722;FOZ DO IGUACU;Condutor deixou de manter dist�ncia do ve�culo da frente;Colis�o lateral mesmo sentido;Com V�timas Feridas;Plena Noite;Decrescente;Chuva;Dupla;Reta;Sim;3;0;1;0;1;1;1;3;-25,49048205;-54,51086426;SPRF-PR;DEL05-PR;UOP03-DEL05-PR;;;
662116;18/02/2025;ter�a-feira;07:10:00;PR;116;125;FAZENDA RIO GRANDE;Rea��o tardia ou ineficiente do condutor;Colis�o com objeto;Com V�timas Feridas;Pleno dia;Decrescente;Nublado;Dupla;"Reta;Interse��o de Vias";Sim;3;0;1;0;2;0;1;3;-25,6374701;-49,3131113;SPRF-PR;DEL01-PR;UOP03-DEL01-PR;;;
662120;18/02/2025;ter�a-feira;06:30:00;DF;20;40;BRASILIA;Aus�ncia de rea��o do condutor;Tombamento;Sem V�timas;Pleno dia;Crescente;C�u Claro;Dupla;"Aclive;Reta";N�o;1;0;0;0;1;0;0;1;-15,581853;-47,512711;SPRF-DF;DEL02-DF;UOP01-DEL02-DF;;;
662122;18/02/2025;ter�a-feira;07:13:00;ES;101;264;SERRA;Trafegar com motocicleta (ou similar) entre as faixas;Engavetamento;Com V�timas Feridas;Pleno dia;Crescente;C�u Claro;Dupla;Reta;Sim;4;0;2;0;2;0;2;4;-20,17292791;-40,26736384;SPRF-ES;DEL02-ES;UOP01-DEL02-ES;;;
662130;17/02/2025;segunda-feira;14:00:00;RJ;40;118;DUQUE DE CAXIAS;Demais falhas mec�nicas ou el�tricas;Inc�ndio;Sem V�timas;Pleno dia;Decrescente;C�u Claro;M�ltipla;Reta;Sim;1;0;0;0;1;0;0;1;-22,75470802;-43,28737838;SPRF-RJ;DEL01-RJ;UOP02-DEL01-RJ;;;
662134;18/02/2025;ter�a-feira;07:20:00;PE;101;71,9;RECIFE;Trafegar com motocicleta (ou similar) entre as faixas;Colis�o lateral mesmo sentido;Com V�timas Feridas;Pleno dia;Decrescente;Sol;Dupla;Reta;Sim;2;0;1;0;1;0;1;2;-8,07663102;-34,94277871;SPRF-PE;DEL01-PE;UOP01-DEL01-PE;;;
662138;18/01/2025;s�bado;23:55:00;SC;116;237,4;CORREIA PINTO;Ingest�o de �lcool pelo condutor;Colis�o traseira;Com V�timas Feridas;Plena Noite;Decrescente;Nublado;Simples;Reta;N�o;5;0;1;0;2;2;1;4;-27,73034899;-50,3359778;SPRF-SC;DEL05-SC;UOP01-DEL05-SC;;;
662139;18/02/2025;ter�a-feira;09:40:00;SC;101;202;SAO JOSE;Condutor deixou de manter dist�ncia do ve�culo da frente;Colis�o traseira;Com V�timas Feridas;Pleno dia;Crescente;Nublado;M�ltipla;Reta;Sim;2;0;1;0;1;0;1;2;-27,55711595;-48,61897889;SPRF-SC;DEL01-SC;UOP01-DEL01-SC;;;
662143;18/02/2025;ter�a-feira;08:50:00;PB;230;56,7;CRUZ DO ESPIRITO SANTO;Manobra de mudan�a de faixa;Colis�o lateral mesmo sentido;Com V�timas Feridas;Pleno dia;Crescente;C�u Claro;Dupla;Reta;N�o;2;0;1;0;0;1;1;2;-7,2021;-35,1038;SPRF-PB;DEL01-PB;UOP02-DEL01-PB;;;
662145;16/02/2025;domingo;23:50:00;RJ;101;305;SAO GONCALO;Demais falhas mec�nicas ou el�tricas;Colis�o traseira;Sem V�timas;Plena Noite;Crescente;C�u Claro;Dupla;Reta;Sim;3;0;0;0;3;0;0;2;-22,78702832;-42,99589293;SPRF-RJ;DEL02-RJ;UOP02-DEL02-RJ;;;
662147;18/02/2025;ter�a-feira;07:45:00;MG;40;668;CARANDAI;Acessar a via sem observar a presen�a dos outros ve�culos;Atropelamento de Pedestre;Com V�timas Feridas;Pleno dia;Crescente;C�u Claro;Simples;Reta;N�o;3;0;1;0;1;1;1;3;-20,95232841;-43,79297337;SPRF-MG;DEL05-MG;UOP02-DEL05-MG;;;
662149;18/02/2025;ter�a-feira;10:30:00;PE;101;44;IGARASSU;Manobra de mudan�a de faixa;Colis�o lateral mesmo sentido;Sem V�timas;Pleno dia;Crescente;C�u Claro;M�ltipla;Reta;Sim;2;0;0;0;2;0;0;2;-7,85637001;-34,90842109;SPRF-PE;DEL01-PE;UOP02-DEL01-PE;;;
662152;18/02/2025;ter�a-feira;08:15:00;MT;163;1049;MATUPA;Ultrapassagem Indevida;Colis�o transversal;Sem V�timas;Pleno dia;Crescente;C�u Claro;Simples;Reta;N�o;3;0;0;0;2;1;0;3;-10,091035;-54,917637;SPRF-MT;DEL06-MT;UOP03-DEL06-MT;;;
662157;18/02/2025;ter�a-feira;09:30:00;PE;104;68,1;CARUARU;Rea��o tardia ou ineficiente do condutor;Colis�o traseira;Sem V�timas;Pleno dia;Decrescente;Nublado;Dupla;Retorno Regulamentado;Sim;4;0;0;0;4;0;0;4;-8,3107;-35,9904;SPRF-PE;DEL02-PE;UOP01-DEL02-PE;;;
662159;18/02/2025;ter�a-feira;04:20:00;SC;282;614;MARAVILHA;Demais Fen�menos da natureza;Colis�o traseira;Sem V�timas;Plena Noite;Decrescente;Chuva;Simples;Curva;N�o;2;0;0;0;2;0;0;2;-26,76932;-53,264568;SPRF-SC;DEL07-SC;UOP02-DEL07-SC;;;
662160;18/02/2025;ter�a-feira;11:00:00;RS;116;566,3;PEDRO OSORIO;Rea��o tardia ou ineficiente do condutor;Sa�da de leito carro��vel;Com V�timas Fatais;Pleno dia;Crescente;Sol;Simples;Curva;N�o;3;1;1;0;0;1;1;2;-31,93454899;-52,74641801;SPRF-RS;DEL07-RS;UOP03-DEL07-RS;;;
662162;18/02/2025;ter�a-feira;10:50:00;PR;277;350,4;GUARAPUAVA;Suic�dio (presumido);Colis�o traseira;Com V�timas Fatais;Pleno dia;Crescente;Chuva;Simples;"Aclive;Reta";Sim;3;1;0;0;1;3;0;5;-25,39568354;-51,53191827;SPRF-PR;DEL08-PR;UOP01-DEL08-PR;;;
662166;18/02/2025;ter�a-feira;12:20:00;MG;381;453;SABARA;Acessar a via sem observar a presen�a dos outros ve�culos;Colis�o lateral mesmo sentido;Com V�timas Feridas;Pleno dia;Decrescente;Sol;Simples;Curva;Sim;3;0;0;1;1;1;1;3;-19,84153255;-43,86207819;SPRF-MG;DEL01-MG;UOP01-DEL01-MG;;;
662168;18/02/2025;ter�a-feira;11:30:00;MS;163;452;CAMPO GRANDE;Demais falhas mec�nicas ou el�tricas;Inc�ndio;Sem V�timas;Pleno dia;Crescente;Nublado;Dupla;"Aclive;Reta";N�o;1;0;0;0;1;0;0;1;-20,70734807;-54,54695418;SPRF-MS;DEL01-MS;UOP01-DEL01-MS;;;
662170;18/02/2025;ter�a-feira;12:50:00;ES;101;382;RIO NOVO DO SUL;Acessar a via sem observar a presen�a dos outros ve�culos;Colis�o transversal;Com V�timas Feridas;Pleno dia;Decrescente;C�u Claro;Simples;Reta;N�o;3;0;0;1;1;1;1;3;-20,82072713;-40,84702482;SPRF-ES;DEL03-ES;UOP01-DEL03-ES;;;
662175;18/02/2025;ter�a-feira;08:30:00;RJ;393;180;PARAIBA DO SUL;Demais falhas mec�nicas ou el�tricas;Colis�o transversal;Com V�timas Feridas;Pleno dia;Decrescente;C�u Claro;Simples;Curva;N�o;33;0;32;1;0;0;33;3;-22,13776891;-43,26535642;SPRF-RJ;DEL05-RJ;UOP03-DEL05-RJ;;;
662179;18/02/2025;ter�a-feira;12:10:00;MT;163;871;SINOP;Aus�ncia de rea��o do condutor;Engavetamento;Com V�timas Fatais;Pleno dia;Crescente;C�u Claro;Simples;"Aclive;Reta";N�o;5;1;0;0;3;4;0;7;-11,552788;-55,400653;SPRF-MT;DEL06-MT;UOP02-DEL06-MT;;;
662190;18/02/2025;ter�a-feira;12:35:00;MT;174;250;JAURU;Problema na suspens�o;Tombamento;Com V�timas Feridas;Pleno dia;Crescente;C�u Claro;Simples;Reta;N�o;2;0;2;0;0;0;2;1;-15,48569018;-59,06631404;SPRF-MT;DEL04-MT;UOP01-DEL04-MT;;;
662192;18/02/2025;ter�a-feira;09:00:00;PI;316;312;PICOS;Demais falhas mec�nicas ou el�tricas;Eventos at�picos;Com V�timas Feridas;Pleno dia;Crescente;C�u Claro;Dupla;Reta;Sim;3;0;1;0;1;1;1;2;-7,08092534;-41,4582602;SPRF-PI;DEL04-PI;UOP01-DEL04-PI;;;
662194;18/02/2025;ter�a-feira;13:20:00;MA;135;7;SAO LUIS;Pista Escorregadia;Tombamento;Com V�timas Feridas;Pleno dia;Decrescente;Nublado;Dupla;Rotat�ria;Sim;3;0;1;0;1;1;1;3;-2,63608835;-44,26848552;SPRF-MA;DEL01-MA;UOP01-DEL01-MA;;;
662195;18/02/2025;ter�a-feira;10:00:00;RO;364;1;JI-PARANA;Rea��o tardia ou ineficiente do condutor;Tombamento;Sem V�timas;Pleno dia;Crescente;Sol;Simples;"Curva;Aclive;Viaduto";N�o;3;0;0;0;2;2;0;3;-10,92068833;-61,93040371;SPRF-RO;DEL02-RO;UOP01-DEL02-RO;;;
662198;18/02/2025;ter�a-feira;13:30:00;PB;230;158,9;CAMPINA GRANDE;Rea��o tardia ou ineficiente do condutor;Tombamento;Com V�timas Feridas;Pleno dia;Decrescente;C�u Claro;Simples;Reta;N�o;2;0;1;0;0;1;1;2;-7,2582;-35,9267;SPRF-PB;DEL02-PB;UOP01-DEL02-PB;;;
662200;18/02/2025;ter�a-feira;15:02:00;PR;369;425,1;UBIRATA;Rea��o tardia ou ineficiente do condutor;Colis�o traseira;Sem V�timas;Pleno dia;Decrescente;Nublado;Simples;"Em Obras;Reta";N�o;4;0;0;0;4;0;0;3;-24,52421;-52,94111;SPRF-PR;DEL04-PR;UOP03-DEL04-PR;;;
662201;18/02/2025;ter�a-feira;14:45:00;PA;155;324;MARABA;Demais falhas mec�nicas ou el�tricas;Sa�da de leito carro��vel;Com V�timas Feridas;Pleno dia;Crescente;C�u Claro;Simples;"Aclive;Reta";N�o;3;0;2;0;0;1;2;2;-5,53989402;-49,07533638;SPRF-PA;DEL03-PA;UOP01-DEL03-PA;;;
662202;18/02/2025;ter�a-feira;15:45:00;PR;116;152;MANDIRITUBA;Acessar a via sem observar a presen�a dos outros ve�culos;Colis�o transversal;Com V�timas Feridas;Pleno dia;Crescente;Nublado;Simples;Reta;Sim;3;0;1;0;1;1;1;3;-25,83236296;-49,33609707;SPRF-PR;DEL01-PR;UOP03-DEL01-PR;;;
662208;18/02/2025;ter�a-feira;15:00:00;PE;104;79;CARUARU;Transitar na contram�o;Colis�o frontal;Com V�timas Feridas;Pleno dia;Crescente;C�u Claro;Simples;Curva;N�o;5;0;1;0;4;0;1;4;-8,38591529;-35,98104;SPRF-PE;DEL02-PE;UOP01-DEL02-PE;;;
662214;18/02/2025;ter�a-feira;16:15:00;RJ;101;477;ANGRA DOS REIS;Problema com o freio;Colis�o traseira;Com V�timas Feridas;Pleno dia;Crescente;Nublado;Simples;Ponte;Sim;3;0;1;0;2;0;1;3;-22,99820396;-44,26554599;SPRF-RJ;DEL03-RJ;UOP03-DEL03-RJ;;;
662216;18/02/2025;ter�a-feira;13:15:00;RO;435;77,8;COLORADO DO OESTE;Demais falhas mec�nicas ou el�tricas;Colis�o com objeto;Sem V�timas;Pleno dia;Decrescente;Chuva;Simples;"Rotat�ria;Reta";N�o;1;0;0;0;1;0;0;1;-13,10900126;-60,46158606;SPRF-RO;DEL04-RO;UOP02-DEL04-RO;;;
662225;18/02/2025;ter�a-feira;17:50:00;DF;20;22;BRASILIA;Acessar a via sem observar a presen�a dos outros ve�culos;Colis�o traseira;Com V�timas Feridas;Pleno dia;Crescente;C�u Claro;Dupla;Reta;Sim;3;0;2;0;1;0;2;2;-15,59834;-47,676186;SPRF-DF;DEL02-DF;UOP01-DEL02-DF;;;
662228;18/02/2025;ter�a-feira;15:30:00;SC;101;44,8;JOINVILLE;Rea��o tardia ou ineficiente do condutor;Colis�o frontal;Com V�timas Feridas;Pleno dia;Decrescente;Chuva;Dupla;Reta;Sim;4;0;2;0;1;1;2;3;-26,31238996;-48,87458997;SPRF-SC;DEL03-SC;UOP01-DEL03-SC;;;
662236;18/02/2025;ter�a-feira;19:00:00;MG;381;521,5;BRUMADINHO;Demais falhas mec�nicas ou el�tricas;Colis�o traseira;Com V�timas Feridas;Plena Noite;Decrescente;C�u Claro;Dupla;Curva;N�o;4;0;1;0;2;1;1;3;-20,13846621;-44,31715274;SPRF-MG;DEL04-MG;UOP03-DEL04-MG;;;
662238;18/02/2025;ter�a-feira;17:50:00;BA;116;603;IRAJUBA;Falta de acostamento;Sa�da de leito carro��vel;Sem V�timas;Anoitecer;Decrescente;C�u Claro;Simples;"Aclive;Reta";N�o;2;0;0;0;1;1;0;2;-13,22540422;-40,01948918;SPRF-BA;DEL03-BA;UOP02-DEL03-BA;;;
662240;18/02/2025;ter�a-feira;19:30:00;CE;116;17;ITAITINGA;Condutor deixou de manter dist�ncia do ve�culo da frente;Colis�o traseira;Sem V�timas;Plena Noite;Crescente;C�u Claro;Dupla;Curva;Sim;3;0;0;0;2;1;0;3;-3,89617918;-38,50336042;SPRF-CE;DEL01-CE;UOP02-DEL01-CE;;;
662241;18/02/2025;ter�a-feira;17:20:00;PA;230;1123;ITAITUBA;Rea��o tardia ou ineficiente do condutor;Tombamento;Com V�timas Feridas;Pleno dia;Crescente;Sol;Simples;Reta;N�o;3;0;1;0;1;2;1;3;-4,38069175;-55,86300009;SPRF-PA;DEL05-PA;UOP02-DEL05-PA;;;
662246;18/02/2025;ter�a-feira;19:45:00;GO;60;396;RIO VERDE;Rea��o tardia ou ineficiente do condutor;Colis�o traseira;Com V�timas Feridas;Plena Noite;Decrescente;C�u Claro;Dupla;"Reta;Aclive";N�o;2;0;1;0;1;0;1;2;-17,8244;-51,0172;SPRF-GO;DEL04-GO;UOP02-DEL04-GO;;;
662250;18/02/2025;ter�a-feira;20:00:00;MG;381;863;POUSO ALEGRE;Avarias e/ou desgaste excessivo no pneu;Sa�da de leito carro��vel;Com V�timas Feridas;Plena Noite;Decrescente;C�u Claro;Dupla;Reta;N�o;2;0;0;1;0;1;1;2;-22,3364438;-45,92302431;SPRF-MG;DEL16-MG;UOP01-DEL16-MG;;;
662253;18/02/2025;ter�a-feira;20:00:00;PR;476;162;ARAUCARIA;Manobra de mudan�a de faixa;Colis�o traseira;Com V�timas Feridas;Plena Noite;Decrescente;Nublado;Simples;Reta;N�o;3;0;2;0;1;0;2;2;-25,631102;-49,45784;SPRF-PR;DEL01-PR;UOP06-DEL01-PR;;;
662258;18/02/2025;ter�a-feira;21:30:00;MG;116;665,4;SAO FRANCISCO DO GLORIA;Curva acentuada;Tombamento;Com V�timas Fatais;Plena Noite;Crescente;C�u Claro;Simples;Curva;N�o;2;1;0;0;0;1;0;2;-20,83441437;-42,32220238;SPRF-MG;DEL07-MG;UOP02-DEL07-MG;;;
662260;18/02/2025;ter�a-feira;20:00:00;PR;277;560,1;CASCAVEL;Ingest�o de �lcool pelo condutor;Colis�o frontal;Com V�timas Feridas;Plena Noite;Crescente;C�u Claro;Simples;"Curva;Interse��o de Vias";Sim;3;0;0;1;1;1;1;3;-25,06663015;-53,2151556;SPRF-PR;DEL04-PR;UOP04-DEL04-PR;;;
662264;18/02/2025;ter�a-feira;22:00:00;SC;470;54,5;BLUMENAU;Acessar a via sem observar a presen�a dos outros ve�culos;Colis�o transversal;Sem V�timas;Plena Noite;Crescente;Garoa/Chuvisco;Simples;Interse��o de Vias;Sim;3;0;0;0;2;2;0;4;-26,87320293;-49,11417796;SPRF-SC;DEL04-SC;UOP01-DEL04-SC;;;
662271;18/02/2025;ter�a-feira;23:30:00;PE;101;13;GOIANA;Condutor Dormindo;Sa�da de leito carro��vel;Sem V�timas;Plena Noite;Crescente;C�u Claro;Dupla;Reta;N�o;1;0;0;0;0;1;0;1;-7,612278;-34,974349;SPRF-PE;DEL01-PE;UOP02-DEL01-PE;;;
662273;18/02/2025;ter�a-feira;20:00:00;PA;230;584;VITORIA DO XINGU;Rea��o tardia ou ineficiente do condutor;Colis�o lateral sentido oposto;Com V�timas Feridas;Plena Noite;Crescente;Garoa/Chuvisco;Simples;"Curva;Declive";N�o;4;0;3;0;1;0;3;2;-3,12379;-51,791653;SPRF-PA;DEL04-PA;UOP01-DEL04-PA;;;
662277;19/02/2025;quarta-feira;00:30:00;PR;116;115;CURITIBA;Aus�ncia de rea��o do condutor;Colis�o traseira;Com V�timas Feridas;Plena Noite;Crescente;C�u Claro;M�ltipla;Reta;Sim;2;0;0;1;1;0;1;2;-25,54925618;-49,30458069;SPRF-PR;DEL01-PR;UOP03-DEL01-PR;;;
662287;19/02/2025;quarta-feira;04:40:00;SP;116;325;JUQUITIBA;Demais falhas mec�nicas ou el�tricas;Inc�ndio;Sem V�timas;Amanhecer;Crescente;C�u Claro;Dupla;Reta;Sim;2;0;0;0;2;0;0;1;-23,94085262;-47,05337099;SPRF-SP;DEL04-SP;UOP03-DEL04-SP;;;
662289;19/02/2025;quarta-feira;06:25:00;SC;101;218;PALHOCA;Trafegar com motocicleta (ou similar) entre as faixas;Colis�o traseira;Com V�timas Feridas;Amanhecer;Decrescente;C�u Claro;Dupla;Reta;N�o;2;0;1;0;1;0;1;2;-27,6758601;-48,67052525;SPRF-SC;DEL01-SC;UOP02-DEL01-SC;;;
662290;19/02/2025;quarta-feira;00:35:00;RR;174;230;RORAINOPOLIS;Transitar na contram�o;Colis�o lateral sentido oposto;Com V�timas Feridas;Plena Noite;Decrescente;Nublado;Simples;Reta;N�o;4;0;0;2;1;2;2;4;1,094062;-60,38805;SPRF-RR;DEL01-RR;UOP01-DEL01-RR;;;
662300;19/02/2025;quarta-feira;06:45:00;MG;381;370;SAO GONCALO DO RIO ABAIXO;Demais falhas mec�nicas ou el�tricas;Inc�ndio;Sem V�timas;Pleno dia;Decrescente;C�u Claro;Simples;Reta;N�o;2;0;0;0;1;1;0;2;-19,85037766;-43,30242668;SPRF-MG;DEL01-MG;UOP01-DEL01-MG;;;
662303;19/02/2025;quarta-feira;05:30:00;MT;364;365;SANTO ANTONIO DO LEVERGER;Condutor Dormindo;Sa�da de leito carro��vel;Com V�timas Feridas;Pleno dia;Crescente;C�u Claro;Dupla;Reta;N�o;1;0;1;0;0;0;1;1;-15,73039588;-55,66817093;SPRF-MT;DEL01-MT;UOP02-DEL01-MT;;;
662304;19/02/2025;quarta-feira;06:15:00;SP;116;228;SAO PAULO;Ultrapassagem Indevida;Colis�o lateral mesmo sentido;Com V�timas Feridas;Pleno dia;Crescente;Sol;M�ltipla;"Em Obras;Reta";N�o;2;0;1;0;1;0;1;2;-23,50343484;-46,56638712;SPRF-SP;DEL01-SP;UOP01-DEL01-SP;;;
662307;19/02/2025;quarta-feira;02:30:00;RJ;493;84;JAPERI;Aus�ncia de rea��o do condutor;Sa�da de leito carro��vel;Com V�timas Feridas;Plena Noite;Decrescente;C�u Claro;Dupla;"Curva;Viaduto";N�o;1;0;0;1;0;0;1;1;-22,6559459;-43,61201048;SPRF-RJ;DEL01-RJ;UOP03-DEL01-RJ;;;
662311;19/02/2025;quarta-feira;07:50:00;RS;158;316;ITAARA;Velocidade Incompat�vel;Tombamento;Com V�timas Feridas;Pleno dia;Crescente;Sol;Simples;"Curva;Declive";N�o;2;0;1;0;0;2;1;3;-29,65231057;-53,76503707;SPRF-RS;DEL09-RS;UOP01-DEL09-RS;;;
662312;19/02/2025;quarta-feira;07:50:00;SC;101;169;TIJUCAS;Entrada inopinada do pedestre;Atropelamento de Pedestre;Com V�timas Feridas;Pleno dia;Decrescente;Nublado;Dupla;Reta;N�o;2;0;0;1;1;0;1;2;-27,28790602;-48,63095745;SPRF-SC;DEL04-SC;UOP03-DEL04-SC;;;
662314;19/02/2025;quarta-feira;08:30:00;MG;365;626;UBERLANDIA;Demais falhas na via;Colis�o lateral mesmo sentido;Com V�timas Feridas;Pleno dia;Crescente;C�u Claro;Dupla;Ponte;Sim;3;0;2;0;1;0;2;2;-18,90659356;-48,33469405;SPRF-MG;DEL15-MG;UOP01-DEL15-MG;;;
662316;11/02/2025;ter�a-feira;18:45:00;MG;381;917,6;CAMANDUCAIA;Rea��o tardia ou ineficiente do condutor;Colis�o com objeto;Com V�timas Feridas;Plena Noite;Crescente;C�u Claro;Dupla;"Aclive;Curva";N�o;4;0;0;2;1;1;2;3;-22,76700121;-46,17875277;SPRF-MG;DEL16-MG;UOP03-DEL16-MG;;;
662320;19/02/2025;quarta-feira;08:30:00;RJ;116;172;SAO JOAO DE MERITI;Aus�ncia de rea��o do condutor;Colis�o traseira;Com V�timas Feridas;Pleno dia;Decrescente;C�u Claro;M�ltipla;Reta;Sim;5;0;2;0;2;1;2;3;-22,80188151;-43,35043673;SPRF-RJ;DEL06-RJ;UOP01-DEL06-RJ;;;
662321;19/02/2025;quarta-feira;09:20:00;SC;101;45;JOINVILLE;Velocidade Incompat�vel;Engavetamento;Com V�timas Feridas;Pleno dia;Crescente;Nublado;M�ltipla;"Reta;Declive";Sim;6;0;0;2;4;0;2;3;-26,34588331;-48,85757446;SPRF-SC;DEL03-SC;UOP01-DEL03-SC;;;
662323;18/02/2025;ter�a-feira;18:30:00;MT;242;677;NOVA UBIRATA;Afundamento ou ondula��o no pavimento;Tombamento;Sem V�timas;Plena Noite;Crescente;Nublado;Simples;"Aclive;Ponte;Reta";N�o;2;0;0;0;1;3;0;4;-13,232255;-54,968891;SPRF-MT;DEL06-MT;UOP01-DEL06-MT;;;
662325;19/02/2025;quarta-feira;08:45:00;PR;376;668;GUARATUBA;Velocidade Incompat�vel;Tombamento;Com V�timas Feridas;Pleno dia;Crescente;Nublado;Dupla;Curva;N�o;2;0;2;0;0;0;2;1;-25,864159;-48,937538;SPRF-PR;DEL01-PR;UOP04-DEL01-PR;;;
662327;19/02/2025;quarta-feira;07:40:00;PR;280;293,5;FLOR DA SERRA DO SUL;Desrespeitar a prefer�ncia no cruzamento;Colis�o transversal;Com V�timas Feridas;Pleno dia;Crescente;Nublado;Simples;"Reta;Interse��o de Vias";N�o;6;0;3;1;1;1;4;3;-26,25026574;-53,33540044;SPRF-PR;DEL02-PR;UOP01-DEL02-PR;;;
662328;19/02/2025;quarta-feira;09:30:00;SC;470;122,9;IBIRAMA;Rea��o tardia ou ineficiente do condutor;Colis�o traseira;Com V�timas Feridas;Pleno dia;Crescente;Nublado;Simples;Curva;N�o;2;0;1;0;1;0;1;2;-27,099888;-49,527679;SPRF-SC;DEL04-SC;UOP02-DEL04-SC;;;
662329;17/02/2025;segunda-feira;22:00:00;MG;116;89,8;MEDINA;Rea��o tardia ou ineficiente do condutor;Tombamento;Sem V�timas;Plena Noite;Crescente;C�u Claro;Simples;"Curva;Declive";N�o;2;0;0;0;1;1;0;2;-16,349889;-41,475425;SPRF-MG;DEL11-MG;UOP02-DEL11-MG;;;
662331;19/02/2025;quarta-feira;08:40:00;MG;40;524;CONTAGEM;Pedestre andava na pista;Colis�o com objeto;Com V�timas Feridas;Pleno dia;Decrescente;C�u Claro;Dupla;Curva;Sim;6;0;1;0;2;3;1;4;-19,8754469;-44,05345586;SPRF-MG;DEL01-MG;UOP02-DEL01-MG;;;
662332;19/02/2025;quarta-feira;08:55:00;MG;459;31,9;CALDAS;Velocidade Incompat�vel;Sa�da de leito carro��vel;Com V�timas Feridas;Pleno dia;Decrescente;C�u Claro;Simples;"Curva;Aclive";N�o;2;0;1;0;0;1;1;2;-21,922933;-46,372623;SPRF-MG;DEL09-MG;UOP01-DEL09-MG;;;
662337;19/02/2025;quarta-feira;09:30:00;MG;50;31;ARAGUARI;Rea��o tardia ou ineficiente do condutor;Sa�da de leito carro��vel;Com V�timas Feridas;Pleno dia;Crescente;C�u Claro;Dupla;Reta;N�o;1;0;1;0;0;0;1;1;-18,62419107;-48,11705236;SPRF-MG;DEL15-MG;UOP02-DEL15-MG;;;
662339;19/02/2025;quarta-feira;08:50:00;ES;262;0,5;CARIACICA;Condutor deixou de manter dist�ncia do ve�culo da frente;Colis�o traseira;Com V�timas Feridas;Pleno dia;Crescente;C�u Claro;Dupla;"Ponte;Reta";N�o;3;0;1;0;2;0;1;3;-20,320793;-40,353315;SPRF-ES;DEL01-ES;UOP01-DEL01-ES;;;
662342;19/02/2025;quarta-feira;10:00:00;RJ;101;228;SILVA JARDIM;Rea��o tardia ou ineficiente do condutor;Tombamento;Com V�timas Feridas;Pleno dia;Decrescente;C�u Claro;Dupla;Reta;N�o;2;0;1;0;0;1;1;2;-22,56151;-42,35875;SPRF-RJ;DEL02-RJ;UOP03-DEL02-RJ;;;
662346;19/02/2025;quarta-feira;11:20:00;RJ;116;183;NOVA IGUACU;Aus�ncia de rea��o do condutor;Colis�o traseira;Com V�timas Feridas;Pleno dia;Crescente;C�u Claro;Dupla;Reta;Sim;3;0;1;0;2;0;1;3;-22,7516014;-43,43849831;SPRF-RJ;DEL06-RJ;UOP01-DEL06-RJ;;;
662349;19/02/2025;quarta-feira;10:30:00;SP;381;70;MAIRIPORA;Rea��o tardia ou ineficiente do condutor;Colis�o traseira;Com V�timas Feridas;Pleno dia;Crescente;C�u Claro;Dupla;Reta;N�o;3;0;1;0;1;1;1;3;-23,349833;-46,557898;SPRF-SP;DEL03-SP;UOP01-DEL03-SP;;;
662350;23/01/2025;quinta-feira;13:50:00;RS;471;517,4;RIO GRANDE;Velocidade Incompat�vel;Colis�o transversal;Com V�timas Feridas;Pleno dia;Decrescente;C�u Claro;Simples;Curva;Sim;4;0;1;0;2;1;1;3;-32,49099161;-52,5804095;SPRF-RS;DEL07-RS;UOP02-DEL07-RS;;;