id;data_inversa;dia_semana;horario;uf;br;km;municipio;causa_acidente;tipo_acidente;classificacao_acidente;fase_dia;sentido_via;condicao_metereologica;tipo_pista;tracado_via;uso_solo;pessoas;mortos;feridos_leves;feridos_graves;ilesos;ignorados;feridos;veiculos;latitude;longitude;regional;delegacia;uop;;;
662356;19/02/2025;quarta-feira;12:30:00;RS;290;101,5;PORTO ALEGRE;Condutor deixou de manter dist�ncia do ve�culo da frente;Colis�o traseira;Com V�timas Feridas;Pleno dia;Crescente;C�u Claro;Dupla;Reta;Sim;5;0;3;0;1;2;3;4;-29,985779;-51,246201;SPRF-RS;DEL01-RS;UOP01-DEL01-RS;;;
662366;19/02/2025;quarta-feira;13:05:00;PR;277;728,6;FOZ DO IGUACU;Acesso irregular;Colis�o lateral mesmo sentido;Sem V�timas;Pleno dia;Decrescente;C�u Claro;M�ltipla;"Curva;Declive;Interse��o de Vias;Viaduto";Sim;3;0;0;0;2;1;0;3;-25,51138316;-54,54982281;SPRF-PR;DEL05-PR;UOP03-DEL05-PR;;;
662367;19/02/2025;quarta-feira;07:30:00;MS;262;687,3;CORUMBA;Aus�ncia de rea��o do condutor;Sa�da de leito carro��vel;Com V�timas Feridas;Pleno dia;Decrescente;Nublado;Simples;Reta;N�o;1;0;1;0;0;0;1;1;-19,55967667;-57,25999917;SPRF-MS;DEL03-MS;UOP03-DEL03-MS;;;
662368;19/02/2025;quarta-feira;12:10:00;MG;116;524,6;CARATINGA;Condutor deixou de manter dist�ncia do ve�culo da frente;Colis�o traseira;Com V�timas Feridas;Pleno dia;Crescente;Sol;Simples;Reta;Sim;2;0;1;0;1;0;1;2;-19,76890461;-42,13137746;SPRF-MG;DEL06-MG;UOP02-DEL06-MG;;;
662372;19/02/2025;quarta-feira;11:30:00;MG;153;107;PRATA;Rea��o tardia ou ineficiente do condutor;Colis�o traseira;Com V�timas Feridas;Pleno dia;Crescente;C�u Claro;Simples;Aclive;Sim;3;0;1;0;0;2;1;3;-19,28824388;-48,91115575;SPRF-MG;DEL15-MG;UOP03-DEL15-MG;;;
662378;19/02/2025;quarta-feira;14:50:00;SC;101;156,8;PORTO BELO;Rea��o tardia ou ineficiente do condutor;Colis�o traseira;Com V�timas Feridas;Pleno dia;Crescente;Sol;Dupla;Reta;N�o;4;0;1;1;1;1;2;4;-27,172272;-48,61170204;SPRF-SC;DEL04-SC;UOP03-DEL04-SC;;;
662386;19/02/2025;quarta-feira;15:00:00;CE;116;9;FORTALEZA;Aus�ncia de rea��o do condutor;Colis�o traseira;Com V�timas Feridas;Pleno dia;Decrescente;C�u Claro;Dupla;Reta;Sim;2;0;0;1;1;0;1;2;-3,83198332;-38,50443368;SPRF-CE;DEL01-CE;UOP02-DEL01-CE;;;
662387;19/02/2025;quarta-feira;12:00:00;BA;116;50,6;CHORROCHO;Aus�ncia de rea��o do condutor;Colis�o traseira;Com V�timas Fatais;Pleno dia;Crescente;C�u Claro;Simples;"Em Obras;Reta";N�o;4;1;0;1;1;1;1;3;-9,04838991;-39,16726582;SPRF-PE;DEL05-PE;UOP03-DEL05-PE;;;
662393;19/02/2025;quarta-feira;16:45:00;MG;40;487;SETE LAGOAS;Manobra de mudan�a de faixa;Colis�o lateral mesmo sentido;Com V�timas Feridas;Pleno dia;Crescente;Sol;Dupla;Reta;N�o;2;0;1;0;1;0;1;2;-19,59896404;-44,22303708;SPRF-MG;DEL02-MG;UOP01-DEL02-MG;;;
662394;19/02/2025;quarta-feira;15:50:00;AL;316;268;SATUBA;Condutor deixou de manter dist�ncia do ve�culo da frente;Engavetamento;Com V�timas Feridas;Pleno dia;Decrescente;C�u Claro;Simples;Reta;Sim;6;0;2;0;3;1;2;5;-9,58021969;-35,83876014;SPRF-AL;DEL02-AL;UOP01-DEL02-AL;;;
662397;19/02/2025;quarta-feira;06:35:00;MT;158;597;AGUA BOA;Manobra de mudan�a de faixa;Queda de ocupante de ve�culo;Com V�timas Feridas;Pleno dia;Decrescente;C�u Claro;Simples;Reta;N�o;3;0;1;0;2;0;1;2;-14,32213001;-52,16906054;SPRF-MT;DEL07-MT;UOP02-DEL07-MT;;;
662402;19/02/2025;quarta-feira;14:20:00;SC;158;135,8;PALMITOS;Acessar a via sem observar a presen�a dos outros ve�culos;Colis�o transversal;Com V�timas Feridas;Pleno dia;Decrescente;Sol;Simples;Rotat�ria;N�o;3;0;1;0;1;1;1;3;-27,04863931;-53,07512283;SPRF-SC;DEL07-SC;UOP02-DEL07-SC;;;
662404;19/02/2025;quarta-feira;17:20:00;ES;101;304,4;VIANA;Aus�ncia de rea��o do condutor;Colis�o traseira;Com V�timas Feridas;Pleno dia;Decrescente;Sol;Dupla;Reta;N�o;2;0;1;0;0;1;1;2;-20,3800645;-40,45431391;SPRF-ES;DEL01-ES;UOP01-DEL01-ES;;;
662407;19/02/2025;quarta-feira;13:30:00;MG;116;155,6;PONTO DOS VOLANTES;Transitar na contram�o;Colis�o lateral sentido oposto;Com V�timas Feridas;Pleno dia;Crescente;C�u Claro;Simples;Reta;N�o;8;0;3;0;4;1;3;4;-16,89275118;-41,47383649;SPRF-MG;DEL11-MG;UOP02-DEL11-MG;;;
662411;19/02/2025;quarta-feira;16:40:00;PR;277;108;CURITIBA;Rea��o tardia ou ineficiente do condutor;Colis�o traseira;Com V�timas Feridas;Pleno dia;Decrescente;Chuva;Dupla;Reta;N�o;4;0;1;0;2;1;1;3;-25,42742358;-49,38598037;SPRF-PR;DEL03-PR;UOP03-DEL03-PR;;;
662412;19/02/2025;quarta-feira;11:30:00;CE;222;163;IRAUCUBA;Velocidade Incompat�vel;Colis�o frontal;Com V�timas Fatais;Pleno dia;Crescente;Chuva;Simples;Curva;N�o;3;1;0;1;1;0;1;2;-3,73219489;-39,90251996;SPRF-CE;DEL04-CE;UOP03-DEL04-CE;;;
662429;19/02/2025;quarta-feira;19:30:00;MG;365;624;UBERLANDIA;Desrespeitar a prefer�ncia no cruzamento;Colis�o transversal;Com V�timas Feridas;Plena Noite;Crescente;C�u Claro;Simples;Reta;N�o;3;0;1;0;2;0;1;2;-18,90754763;-48,3160669;SPRF-MG;DEL15-MG;UOP01-DEL15-MG;;;
662435;19/02/2025;quarta-feira;19:00:00;PR;376;616;SAO JOSE DOS PINHAIS;Manobra de mudan�a de faixa;Colis�o lateral mesmo sentido;Com V�timas Feridas;Plena Noite;Decrescente;Chuva;Dupla;Aclive;N�o;3;0;1;0;1;2;1;4;-25,57583659;-49,17953679;SPRF-PR;DEL01-PR;UOP04-DEL01-PR;;;
662441;19/02/2025;quarta-feira;19:40:00;BA;116;184;CANUDOS;Aus�ncia de rea��o do condutor;Tombamento;Com V�timas Feridas;Plena Noite;Crescente;C�u Claro;Simples;Reta;N�o;3;0;2;0;0;1;2;2;-10,24970397;-39,08321189;SPRF-BA;DEL07-BA;UOP03-DEL07-BA;;;
662445;19/02/2025;quarta-feira;17:55:00;MA;222;116;MIRANDA DO NORTE;Transitar na contram�o;Colis�o lateral mesmo sentido;Com V�timas Feridas;Anoitecer;Crescente;Ignorado;Simples;Reta;N�o;3;0;1;0;1;3;1;5;-3,49560165;-44,54338074;SPRF-MA;DEL01-MA;UOP02-DEL01-MA;;;
662447;19/02/2025;quarta-feira;17:15:00;MA;316;341;BACABAL;Aus�ncia de rea��o do condutor;Sa�da de leito carro��vel;Sem V�timas;Anoitecer;Decrescente;Garoa/Chuvisco;Simples;Reta;N�o;3;0;0;0;1;2;0;3;-4,188854;-44,942776;SPRF-MA;DEL02-MA;UOP01-DEL02-MA;;;
662456;19/02/2025;quarta-feira;23:00:00;PR;376;673;GUARATUBA;Aus�ncia de rea��o do condutor;Colis�o traseira;Com V�timas Feridas;Plena Noite;Crescente;C�u Claro;Dupla;"Reta;Declive";N�o;24;0;14;4;5;2;18;5;-25,913153;-48,920244;SPRF-PR;DEL01-PR;UOP04-DEL01-PR;;;
662463;20/02/2025;quinta-feira;00:15:00;PE;232;339,8;CUSTODIA;Rea��o tardia ou ineficiente do condutor;Colis�o frontal;Com V�timas Fatais;Plena Noite;Crescente;C�u Claro;Simples;Reta;N�o;3;1;0;0;1;1;0;3;-8,08234604;-37,68530299;SPRF-PE;DEL04-PE;UOP02-DEL04-PE;;;
662465;20/02/2025;quinta-feira;01:00:00;SP;116;112;TAUBATE;Velocidade Incompat�vel;Colis�o traseira;Com V�timas Feridas;Plena Noite;Decrescente;C�u Claro;Dupla;Reta;N�o;3;0;1;0;1;1;1;2;-23,03887149;-45,56097419;SPRF-SP;DEL02-SP;UOP02-DEL02-SP;;;
662468;20/02/2025;quinta-feira;00:00:00;MG;116;220,4;CATUJI;Rea��o tardia ou ineficiente do condutor;Sa�da de leito carro��vel;Sem V�timas;Plena Noite;Decrescente;C�u Claro;Simples;"Reta;Declive";N�o;2;0;0;0;1;1;0;2;-17,40682777;-41,51524967;SPRF-MG;DEL11-MG;UOP01-DEL11-MG;;;
662473;20/02/2025;quinta-feira;04:40:00;PR;369;395,9;MAMBORE;Acessar a via sem observar a presen�a dos outros ve�culos;Colis�o transversal;Com V�timas Feridas;Amanhecer;Decrescente;C�u Claro;Simples;"Curva;Interse��o de Vias";N�o;3;0;0;1;1;2;1;4;-24,2881;-52,5756;SPRF-PR;DEL04-PR;UOP03-DEL04-PR;;;
662478;20/02/2025;quinta-feira;05:00:00;PR;277;307;PRUDENTOPOLIS;Rea��o tardia ou ineficiente do condutor;Sa�da de leito carro��vel;Com V�timas Feridas;Amanhecer;Decrescente;C�u Claro;Simples;Reta;N�o;2;0;1;0;0;2;1;3;-25,31599988;-51,19617476;SPRF-PR;DEL08-PR;UOP01-DEL08-PR;;;
662480;20/02/2025;quinta-feira;07:00:00;SC;101;208,9;SAO JOSE;Rea��o tardia ou ineficiente do condutor;Colis�o traseira;Com V�timas Feridas;Pleno dia;Decrescente;C�u Claro;M�ltipla;Reta;Sim;4;0;2;0;2;0;2;4;-27,60327979;-48,63201818;SPRF-SC;DEL01-SC;UOP01-DEL01-SC;;;
662482;20/02/2025;quinta-feira;06:45:00;SC;480;126,5;CHAPECO;Velocidade Incompat�vel;Colis�o traseira;Com V�timas Feridas;Pleno dia;Crescente;C�u Claro;Dupla;Reta;Sim;3;0;0;1;1;1;1;3;-27,03781899;-52,63432603;SPRF-SC;DEL07-SC;UOP01-DEL07-SC;;;
662483;20/02/2025;quinta-feira;05:37:00;MS;163;690,5;RIO VERDE DE MATO GROSSO;Rea��o tardia ou ineficiente do condutor;Colis�o lateral sentido oposto;Com V�timas Fatais;Amanhecer;Decrescente;C�u Claro;Simples;"Reta;Ponte";N�o;9;1;6;0;1;2;6;4;-18,84339808;-54,81605383;SPRF-MS;DEL06-MS;UOP01-DEL06-MS;;;
662487;20/02/2025;quinta-feira;00:18:00;PR;153;456;UNIAO DA VITORIA;Defici�ncia do Sistema de Ilumina��o/Sinaliza��o;Colis�o lateral mesmo sentido;Com V�timas Feridas;Plena Noite;Crescente;C�u Claro;Simples;Interse��o de Vias;N�o;2;0;0;1;1;0;1;2;-26,20719853;-51,11251831;SPRF-PR;DEL02-PR;UOP03-DEL02-PR;;;
662495;19/02/2025;quarta-feira;22:00:00;RJ;493;101;DUQUE DE CAXIAS;Aus�ncia de rea��o do condutor;Sa�da de leito carro��vel;Com V�timas Feridas;Plena Noite;Decrescente;C�u Claro;Dupla;Reta;N�o;2;0;1;0;0;1;1;2;-22,672089;-43,285053;SPRF-RJ;DEL01-RJ;UOP03-DEL01-RJ;;;
662504;20/02/2025;quinta-feira;07:30:00;PR;277;592,3;CASCAVEL;Problema com o freio;Colis�o transversal;Com V�timas Feridas;Pleno dia;Crescente;C�u Claro;Simples;"Interse��o de Vias;Viaduto;Declive";Sim;5;0;2;0;3;0;2;2;-24,98285697;-53,47319399;SPRF-PR;DEL04-PR;UOP01-DEL04-PR;;;
662506;20/02/2025;quinta-feira;08:50:00;SC;101;314;LAGUNA;Objeto est�tico sobre o leito carro��vel;Colis�o traseira;Com V�timas Feridas;Pleno dia;Decrescente;C�u Claro;Dupla;"Ponte;Curva";N�o;2;0;1;0;1;0;1;2;-28,44043981;-48,82497095;SPRF-SC;DEL02-SC;UOP01-DEL02-SC;;;
662511;20/02/2025;quinta-feira;09:29:00;AP;156;799;OIAPOQUE;Acessar a via sem observar a presen�a dos outros ve�culos;Colis�o lateral mesmo sentido;Com V�timas Feridas;Pleno dia;Crescente;Nublado;Simples;"Reta;Interse��o de Vias";Sim;2;0;0;1;1;0;1;2;3,83628657;-51,811409;SPRF-AP;DEL01-AP;UOP03-DEL01-AP;;;
662513;20/02/2025;quinta-feira;07:30:00;CE;222;209,2;FORQUILHA;Transitar na contram�o;Colis�o lateral sentido oposto;Com V�timas Feridas;Pleno dia;Crescente;Nublado;Simples;Reta;Sim;5;0;4;0;0;1;4;2;-3,79796009;-40,25863302;SPRF-CE;DEL04-CE;UOP01-DEL04-CE;;;
662515;20/02/2025;quinta-feira;07:20:00;MG;381;929;EXTREMA;Rea��o tardia ou ineficiente do condutor;Tombamento;Com V�timas Feridas;Pleno dia;Crescente;C�u Claro;Dupla;Curva;N�o;5;0;1;0;3;1;1;2;-22,79944905;-46,26113605;SPRF-MG;DEL16-MG;UOP03-DEL16-MG;;;
662518;20/02/2025;quinta-feira;07:40:00;RJ;116;189;NOVA IGUACU;Manobra de mudan�a de faixa;Sa�da de leito carro��vel;Sem V�timas;Pleno dia;Crescente;C�u Claro;Dupla;Reta;Sim;2;0;0;0;1;1;0;2;-22,73765712;-43,49182298;SPRF-RJ;DEL06-RJ;UOP01-DEL06-RJ;;;
662520;19/01/2025;domingo;13:30:00;MT;364;541;ROSARIO OESTE;Carga excessiva e/ou mal acondicionada;Inc�ndio;Sem V�timas;Pleno dia;Crescente;Ignorado;Simples;Reta;N�o;2;0;0;0;0;4;0;4;-14,92009078;-56,47771528;SPRF-MT;DEL01-MT;UOP01-DEL01-MT;;;
662524;21/01/2025;ter�a-feira;13:00:00;MG;40;801;MATIAS BARBOSA;Manobra de mudan�a de faixa;Colis�o traseira;Com V�timas Feridas;Pleno dia;Decrescente;Ignorado;Dupla;"Reta;Aclive";N�o;2;0;1;0;1;0;1;2;-21,83328695;-43,37334752;SPRF-MG;DEL05-MG;UOP01-DEL05-MG;;;
662534;20/02/2025;quinta-feira;09:10:00;SC;280;30;ARAQUARI;Rea��o tardia ou ineficiente do condutor;Colis�o traseira;Sem V�timas;Pleno dia;Decrescente;Sol;Simples;Reta;Sim;2;0;0;0;2;0;0;2;-26,4141523;-48,76209493;SPRF-SC;DEL03-SC;UOP03-DEL03-SC;;;
662535;20/02/2025;quinta-feira;10:30:00;RN;304;297;MACAIBA;Manobra de mudan�a de faixa;Colis�o com objeto;Com V�timas Feridas;Pleno dia;Crescente;C�u Claro;Dupla;Reta;N�o;4;0;1;0;2;2;1;4;-5,8651;-35,3415;SPRF-RN;DEL01-RN;UOP02-DEL01-RN;;;
662539;20/02/2025;quinta-feira;07:50:00;MS;60;610,4;JARDIM;Aus�ncia de rea��o do condutor;Colis�o transversal;Com V�timas Feridas;Pleno dia;Crescente;C�u Claro;Simples;Reta;N�o;3;0;2;0;1;0;2;2;-21,615733;-56,208827;SPRF-MS;DEL05-MS;UOP01-DEL05-MS;;;
662542;20/02/2025;quinta-feira;09:30:00;MA;316;562;CAXIAS;Aus�ncia de rea��o do condutor;Colis�o traseira;Com V�timas Feridas;Pleno dia;Crescente;C�u Claro;Simples;Curva;N�o;6;0;1;0;3;2;1;5;-4,89508;-43,267281;SPRF-MA;DEL03-MA;UOP02-DEL03-MA;;;
662543;20/02/2025;quinta-feira;12:20:00;ES;262;170,4;IBATIBA;Rea��o tardia ou ineficiente do condutor;Colis�o traseira;Com V�timas Feridas;Pleno dia;Crescente;C�u Claro;Simples;"Reta;Aclive";N�o;4;0;0;1;2;1;1;4;-20,2647513;-41,58453796;SPRF-ES;DEL01-ES;UOP02-DEL01-ES;;;
662544;20/02/2025;quinta-feira;12:20:00;ES;101;151;LINHARES;Condutor deixou de manter dist�ncia do ve�culo da frente;Engavetamento;Com V�timas Feridas;Pleno dia;Decrescente;C�u Claro;Simples;"Ponte;Reta";N�o;3;0;1;0;2;0;1;3;-19,41156656;-40,06592463;SPRF-ES;DEL04-ES;UOP01-DEL04-ES;;;
662545;20/02/2025;quinta-feira;07:50:00;SP;116;317;JUQUITIBA;Aus�ncia de rea��o do condutor;Colis�o traseira;Com V�timas Feridas;Pleno dia;Decrescente;C�u Claro;Dupla;Declive;N�o;3;0;0;1;0;2;1;3;-23,91799802;-46,98973192;SPRF-SP;DEL04-SP;UOP03-DEL04-SP;;;
662547;20/02/2025;quinta-feira;11:30:00;BA;101;223;CRUZ DAS ALMAS;Condutor deixou de manter dist�ncia do ve�culo da frente;Colis�o traseira;Com V�timas Feridas;Pleno dia;Crescente;C�u Claro;Simples;Reta;Sim;3;0;0;1;2;0;1;2;-12,67595068;-39,13645506;SPRF-BA;DEL01-BA;UOP02-DEL01-BA;;;
662552;20/02/2025;quinta-feira;13:00:00;MG;116;688,7;MURIAE;Aus�ncia de rea��o do condutor;Colis�o com objeto;Com V�timas Feridas;Pleno dia;Crescente;Sol;Simples;Curva;N�o;2;0;1;0;0;2;1;3;-21,00463422;-42,36667213;SPRF-MG;DEL07-MG;UOP02-DEL07-MG;;;
662558;07/02/2025;sexta-feira;14:30:00;PR;476;253;ANTONIO OLINTO;Convers�o proibida;Colis�o transversal;Com V�timas Feridas;Pleno dia;Crescente;Nublado;Simples;Curva;N�o;3;0;1;0;1;1;1;3;-25,885603;-50,182251;SPRF-PR;DEL02-PR;UOP03-DEL02-PR;;;
662560;20/02/2025;quinta-feira;13:30:00;SP;116;198;ARUJA;Rea��o tardia ou ineficiente do condutor;Colis�o traseira;Com V�timas Feridas;Pleno dia;Crescente;Sol;Dupla;Aclive;N�o;2;0;1;0;1;0;1;2;-23,39983562;-46,30239487;SPRF-SP;DEL01-SP;UOP01-DEL01-SP;;;
662563;20/02/2025;quinta-feira;12:15:00;MS;262;200;RIBAS DO RIO PARDO;Aus�ncia de rea��o do condutor;Sa�da de leito carro��vel;Com V�timas Feridas;Pleno dia;Crescente;Nublado;Simples;Reta;N�o;1;0;1;0;0;0;1;1;-20,4642317;-53,39504806;SPRF-MS;DEL01-MS;UOP05-DEL01-MS;;;
662567;31/01/2025;sexta-feira;18:15:00;MG;365;431;PATOS DE MINAS;Rea��o tardia ou ineficiente do condutor;Colis�o transversal;Com V�timas Feridas;Anoitecer;Crescente;Chuva;Dupla;Interse��o de Vias;N�o;3;0;1;0;1;2;1;4;-18,76420074;-46,67446219;SPRF-MG;DEL10-MG;UOP01-DEL10-MG;;;
662571;20/02/2025;quinta-feira;14:30:00;MG;40;45;PARACATU;Ultrapassagem Indevida;Colis�o lateral mesmo sentido;Sem V�timas;Pleno dia;Crescente;C�u Claro;Simples;Reta;Sim;5;0;0;0;4;1;0;2;-17,23557257;-46,84580984;SPRF-MG;DEL14-MG;UOP01-DEL14-MG;;;
662572;04/02/2025;ter�a-feira;01:25:00;PE;101;10,2;GOIANA;Aus�ncia de rea��o do condutor;Colis�o traseira;Com V�timas Feridas;Plena Noite;Crescente;Nublado;Dupla;"Aclive;Reta";N�o;6;0;1;3;1;2;4;4;-7,58938878;-34,98707771;SPRF-PE;DEL01-PE;UOP02-DEL01-PE;;;
662575;19/01/2025;domingo;13:30:00;MT;163;931;ITAUBA;Carga excessiva e/ou mal acondicionada;Derramamento de carga;Com V�timas Feridas;Pleno dia;Decrescente;Sol;Simples;Reta;N�o;14;0;2;0;11;6;2;9;-11,16334906;-55,31327737;SPRF-MT;DEL06-MT;UOP02-DEL06-MT;;;
662580;11/02/2025;ter�a-feira;14:30:00;BA;324;533;FEIRA DE SANTANA;Rea��o tardia ou ineficiente do condutor;Engavetamento;Com V�timas Feridas;Pleno dia;Decrescente;C�u Claro;Dupla;Reta;N�o;5;0;1;0;3;1;1;4;-12,34449694;-38,84017496;SPRF-BA;DEL01-BA;UOP03-DEL01-BA;;;
662582;20/02/2025;quinta-feira;16:00:00;RJ;465;5;SEROPEDICA;Velocidade Incompat�vel;Colis�o traseira;Com V�timas Feridas;Pleno dia;Decrescente;C�u Claro;Simples;Reta;Sim;2;0;1;0;1;0;1;2;-22,747673;-43,699196;SPRF-RJ;DEL06-RJ;UOP02-DEL06-RJ;;;
662585;20/02/2025;quinta-feira;16:10:00;PR;376;662,5;GUARATUBA;Velocidade Incompat�vel;Colis�o lateral mesmo sentido;Com V�timas Feridas;Pleno dia;Decrescente;Chuva;Dupla;"Curva;Declive";N�o;4;0;2;0;1;1;2;3;-25,8546345;-48,98523394;SPRF-PR;DEL01-PR;UOP04-DEL01-PR;;;
662590;20/02/2025;quinta-feira;16:00:00;CE;222;304,8;TIANGUA;Velocidade Incompat�vel;Engavetamento;Com V�timas Feridas;Pleno dia;Decrescente;Chuva;Simples;Curva;N�o;4;0;1;0;2;1;1;4;-3,66552797;-40,95730864;SPRF-CE;DEL04-CE;UOP02-DEL04-CE;;;
662595;20/02/2025;quinta-feira;17:35:00;PR;277;650,5;MATELANDIA;Acessar a via sem observar a presen�a dos outros ve�culos;Colis�o transversal;Com V�timas Feridas;Pleno dia;Decrescente;C�u Claro;Simples;"Reta;Interse��o de Vias";Sim;4;0;1;2;0;1;3;3;-25,19035881;-53,93738222;SPRF-PR;DEL05-PR;UOP02-DEL05-PR;;;
662596;20/02/2025;quinta-feira;10:45:00;SC;280;166;MAFRA;Acessar a via sem observar a presen�a dos outros ve�culos;Colis�o lateral mesmo sentido;Sem V�timas;Pleno dia;Decrescente;C�u Claro;Dupla;Reta;N�o;2;0;0;0;2;0;0;2;-26,17713619;-49,81611416;SPRF-SC;DEL06-SC;UOP01-DEL06-SC;;;
662598;20/02/2025;quinta-feira;14:00:00;MG;40;546;NOVA LIMA;Rea��o tardia ou ineficiente do condutor;Colis�o traseira;Com V�timas Feridas;Pleno dia;Crescente;C�u Claro;Dupla;Curva;Sim;2;0;1;0;1;0;1;2;-20,01444685;-43,96893823;SPRF-MG;DEL01-MG;UOP02-DEL01-MG;;;
662601;20/02/2025;quinta-feira;18:10:00;SP;116;149;SAO JOSE DOS CAMPOS;Trafegar com motocicleta (ou similar) entre as faixas;Colis�o lateral mesmo sentido;Com V�timas Feridas;Anoitecer;Decrescente;C�u Claro;Dupla;Reta;N�o;5;0;1;0;1;3;1;5;-23,20700047;-45,88626861;SPRF-SP;DEL02-SP;UOP01-DEL02-SP;;;
662608;20/02/2025;quinta-feira;15:15:00;BA;116;585,4;NOVA ITARANA;Ultrapassagem Indevida;Colis�o frontal;Com V�timas Feridas;Pleno dia;Crescente;C�u Claro;Simples;"Curva;Declive";N�o;5;0;0;2;2;2;2;5;-13,10445428;-39,99104101;SPRF-BA;DEL03-BA;UOP02-DEL03-BA;;;
662610;20/02/2025;quinta-feira;19:40:00;MG;40;606,6;CONGONHAS;Acessar a via sem observar a presen�a dos outros ve�culos;Colis�o transversal;Com V�timas Feridas;Plena Noite;Crescente;C�u Claro;Simples;"Retorno Regulamentado;Reta";N�o;2;0;1;0;1;0;1;2;-20,46834617;-43,84095284;SPRF-MG;DEL05-MG;UOP02-DEL05-MG;;;
662615;20/02/2025;quinta-feira;19:50:00;PR;116;120;CURITIBA;Velocidade Incompat�vel;Sa�da de leito carro��vel;Com V�timas Feridas;Plena Noite;Crescente;Garoa/Chuvisco;Dupla;Curva;Sim;4;0;0;1;2;1;1;2;-25,588758;-49,315092;SPRF-PR;DEL01-PR;UOP03-DEL01-PR;;;
662618;20/02/2025;quinta-feira;19:38:00;RO;364;242,3;CACOAL;Rea��o tardia ou ineficiente do condutor;Colis�o traseira;Com V�timas Feridas;Plena Noite;Decrescente;C�u Claro;Simples;"Aclive;Reta";Sim;2;0;0;1;1;0;1;2;-11,440688;-61,489965;SPRF-RO;DEL02-RO;UOP02-DEL02-RO;;;
662619;20/02/2025;quinta-feira;20:35:00;MG;262;42,7;MANHUACU;Mal s�bito do condutor;Colis�o frontal;Com V�timas Feridas;Plena Noite;Crescente;C�u Claro;Simples;Reta;N�o;2;0;0;1;1;0;1;2;-20,26976316;-42,06894006;SPRF-MG;DEL06-MG;UOP03-DEL06-MG;;;
662621;20/02/2025;quinta-feira;20:59:00;ES;101;14;VITORIA;Rea��o tardia ou ineficiente do condutor;Colis�o traseira;Com V�timas Feridas;Plena Noite;Decrescente;C�u Claro;Dupla;Reta;N�o;2;0;1;0;0;1;1;2;-20,2604544;-40,2980864;SPRF-ES;DEL04-ES;UOP02-DEL04-ES;;;
662626;20/02/2025;quinta-feira;19:45:00;SC;101;135;BALNEARIO CAMBORIU;Rea��o tardia ou ineficiente do condutor;Colis�o traseira;Com V�timas Feridas;Plena Noite;Decrescente;C�u Claro;M�ltipla;Reta;Sim;2;0;0;1;1;0;1;2;-27,0050108;-48,62677494;SPRF-SC;DEL04-SC;UOP03-DEL04-SC;;;
662629;20/02/2025;quinta-feira;22:40:00;SP;381;86;SAO PAULO;Entrada inopinada do pedestre;Atropelamento de Pedestre;Com V�timas Feridas;Plena Noite;Decrescente;C�u Claro;Dupla;Reta;N�o;3;0;1;0;1;1;1;3;-23,446611;-46,57184;SPRF-SP;DEL03-SP;UOP01-DEL03-SP;;;
662631;20/02/2025;quinta-feira;22:00:00;PR;376;668,4;GUARATUBA;Transitar na contram�o;Colis�o frontal;Com V�timas Fatais;Plena Noite;Decrescente;Garoa/Chuvisco;Dupla;Curva;N�o;7;1;2;0;3;1;2;5;-25,864159;-48,937538;SPRF-PR;DEL01-PR;UOP04-DEL01-PR;;;
662634;21/02/2025;sexta-feira;00:05:00;SP;381;83;SAO PAULO;Manobra de mudan�a de faixa;Capotamento;Com V�timas Feridas;Plena Noite;Decrescente;C�u Claro;M�ltipla;Reta;Sim;3;0;1;0;1;1;1;2;-23,44089978;-46,56782;SPRF-SP;DEL03-SP;UOP01-DEL03-SP;;;
662635;20/02/2025;quinta-feira;23:40:00;MG;459;70,5;SENADOR JOSE BENTO;Velocidade Incompat�vel;Colis�o lateral sentido oposto;Com V�timas Feridas;Plena Noite;Decrescente;C�u Claro;Simples;Curva;N�o;3;0;1;1;1;0;2;2;-22,133492;-46,175152;SPRF-MG;DEL09-MG;UOP01-DEL09-MG;;;
662639;20/02/2025;quinta-feira;21:50:00;MS;60;526,2;NIOAQUE;Manobra de mudan�a de faixa;Colis�o lateral sentido oposto;Com V�timas Feridas;Plena Noite;Decrescente;Nublado;Simples;Reta;N�o;5;0;2;0;1;2;2;4;-21,13421845;-55,71165513;SPRF-MS;DEL05-MS;UOP01-DEL05-MS;;;
662640;21/02/2025;sexta-feira;03:15:00;SP;381;75;SAO PAULO;Demais falhas mec�nicas ou el�tricas;Colis�o traseira;Com V�timas Feridas;Plena Noite;Decrescente;C�u Claro;M�ltipla;"Aclive;Curva";N�o;4;0;0;1;2;1;1;3;-23,37660089;-46,56409613;SPRF-SP;DEL03-SP;UOP01-DEL03-SP;;;
662642;21/02/2025;sexta-feira;03:30:00;MG;381;491;BETIM;Ingest�o de �lcool pelo condutor;Colis�o frontal;Sem V�timas;Plena Noite;Crescente;C�u Claro;Dupla;Reta;Sim;3;0;0;0;2;1;0;3;-19,97018187;-44,18210416;SPRF-MG;DEL01-MG;UOP03-DEL01-MG;;;