id;data_inversa;dia_semana;horario;uf;br;km;municipio;causa_acidente;tipo_acidente;classificacao_acidente;fase_dia;sentido_via;condicao_metereologica;tipo_pista;tracado_via;uso_solo;pessoas;mortos;feridos_leves;feridos_graves;ilesos;ignorados;feridos;veiculos;latitude;longitude;regional;delegacia;uop;;;
662643;20/02/2025;quinta-feira;22:00:00;MG;116;223,1;CATUJI;Velocidade Incompat�vel;Tombamento;Com V�timas Feridas;Plena Noite;Crescente;Garoa/Chuvisco;Simples;"Reta;Aclive";N�o;3;0;1;0;1;1;1;3;-17,431783;-41,514715;SPRF-MG;DEL11-MG;UOP01-DEL11-MG;;;
662644;21/02/2025;sexta-feira;04:30:00;MG;262;406,1;PARA DE MINAS;Aus�ncia de rea��o do condutor;Tombamento;Com V�timas Fatais;Plena Noite;Crescente;C�u Claro;Dupla;"Reta;Declive";N�o;2;1;0;0;0;1;0;2;-19,89195069;-44,58054391;SPRF-MG;DEL01-MG;UOP03-DEL01-MG;;;
662645;21/02/2025;sexta-feira;05:15:00;PR;277;43;MORRETES;Rea��o tardia ou ineficiente do condutor;Colis�o traseira;Sem V�timas;Amanhecer;Crescente;Nublado;Dupla;"Aclive;Reta";N�o;3;0;0;0;2;1;0;3;-25,59122688;-48,89369309;SPRF-PR;DEL01-PR;UOP05-DEL01-PR;;;
662648;21/02/2025;sexta-feira;04:40:00;ES;101;264;SERRA;Condutor desrespeitou a ilumina��o vermelha do sem�foro;Colis�o transversal;Com V�timas Feridas;Amanhecer;Decrescente;Sol;Dupla;"Reta;Interse��o de Vias";Sim;2;0;1;0;1;0;1;2;-20,17292791;-40,26736384;SPRF-ES;DEL02-ES;UOP01-DEL02-ES;;;
662650;21/02/2025;sexta-feira;06:00:00;GO;60;55;ABADIANIA;Acostamento em desn�vel;Tombamento;Sem V�timas;Amanhecer;Crescente;C�u Claro;Dupla;Reta;N�o;2;0;0;0;2;0;0;1;-16,1862;-48,6611;SPRF-GO;DEL02-GO;UOP01-DEL02-GO;;;
662653;21/02/2025;sexta-feira;06:30:00;BA;101;903;IBIRAPUA;Aus�ncia de rea��o do condutor;Colis�o frontal;Com V�timas Feridas;Amanhecer;Decrescente;C�u Claro;Simples;"Ponte;Curva";N�o;2;0;0;1;0;1;1;2;-17,750617;-39,76344;SPRF-BA;DEL09-BA;UOP02-DEL09-BA;;;
662654;21/02/2025;sexta-feira;04:15:00;MG;40;300;TRES MARIAS;Velocidade Incompat�vel;Tombamento;Com V�timas Feridas;Plena Noite;Decrescente;C�u Claro;Simples;"Curva;Aclive;Ponte";N�o;3;0;0;1;1;3;1;5;-18,350118;-45,09330699;SPRF-MG;DEL14-MG;UOP02-DEL14-MG;;;
662659;21/02/2025;sexta-feira;06:50:00;PR;376;319;ORTIGUEIRA;Condutor Dormindo;Colis�o lateral sentido oposto;Com V�timas Feridas;Pleno dia;Decrescente;C�u Claro;Simples;Reta;N�o;3;0;0;1;1;1;1;3;-24,04618261;-51,07230678;SPRF-PR;DEL07-PR;UOP02-DEL07-PR;;;
662660;21/02/2025;sexta-feira;08:00:00;PR;476;145,7;CURITIBA;Trafegar com motocicleta (ou similar) entre as faixas;Colis�o lateral mesmo sentido;Com V�timas Feridas;Amanhecer;Crescente;Nublado;Dupla;Reta;N�o;4;0;1;0;1;2;1;4;-25,550225;-49,327464;SPRF-PR;DEL01-PR;UOP06-DEL01-PR;;;
662671;21/02/2025;sexta-feira;08:45:00;PR;476;143;CURITIBA;Trafegar com motocicleta (ou similar) entre as faixas;Colis�o traseira;Com V�timas Feridas;Pleno dia;Crescente;C�u Claro;Dupla;"Reta;Declive";N�o;3;0;2;0;0;1;2;3;-25,547659;-49,32079;SPRF-PR;DEL01-PR;UOP06-DEL01-PR;;;
662674;02/02/2025;domingo;09:20:00;SC;101;4;GARUVA;Demais falhas mec�nicas ou el�tricas;Inc�ndio;Sem V�timas;Pleno dia;Crescente;C�u Claro;M�ltipla;Curva;N�o;2;0;0;0;1;2;0;3;-26,00908719;-48,86448735;SPRF-SC;DEL03-SC;UOP01-DEL03-SC;;;
662681;21/02/2025;sexta-feira;06:20:00;ES;262;140,5;MUNIZ FREIRE;Velocidade Incompat�vel;Colis�o frontal;Com V�timas Feridas;Pleno dia;Crescente;Nublado;Simples;Curva;N�o;2;0;2;0;0;0;2;2;-20,22712702;-41,37163639;SPRF-ES;DEL01-ES;UOP02-DEL01-ES;;;
662685;21/02/2025;sexta-feira;09:20:00;RN;226;2,8;NATAL;Aus�ncia de rea��o do condutor;Tombamento;Com V�timas Feridas;Pleno dia;Decrescente;Sol;Simples;Reta;Sim;1;0;1;0;0;0;1;1;-5,81998294;-35,25137186;SPRF-RN;DEL01-RN;UOP02-DEL01-RN;;;
662687;21/02/2025;sexta-feira;10:20:00;PR;153;330;IRATI;Estacionar ou parar em local proibido;Colis�o traseira;Sem V�timas;Pleno dia;Decrescente;C�u Claro;Dupla;Reta;Sim;4;0;0;0;2;2;0;4;-25,46140879;-50,62177452;SPRF-PR;DEL08-PR;UOP02-DEL08-PR;;;
662692;21/02/2025;sexta-feira;05:00:00;MG;381;778,7;CAMPANHA;Rea��o tardia ou ineficiente do condutor;Sa�da de leito carro��vel;Com V�timas Feridas;Pleno dia;Decrescente;Sol;Dupla;Reta;N�o;1;0;1;0;0;0;1;1;-21,8037385;-45,473322;SPRF-MG;DEL16-MG;UOP02-DEL16-MG;;;
662695;21/02/2025;sexta-feira;05:30:00;MT;364;1237;COMODORO;Aus�ncia de sinaliza��o;Colis�o lateral mesmo sentido;Com V�timas Feridas;Amanhecer;Decrescente;Chuva;Simples;Reta;N�o;4;0;1;0;2;3;1;6;-13,6967934;-59,71804046;SPRF-MT;DEL04-MT;UOP02-DEL04-MT;;;
662702;21/02/2025;sexta-feira;11:38:00;CE;222;300;TIANGUA;Demais falhas mec�nicas ou el�tricas;Colis�o com objeto;Sem V�timas;Pleno dia;Crescente;Nublado;Simples;Curva;N�o;3;0;0;0;2;1;0;2;-3,66184681;-40,94144762;SPRF-CE;DEL04-CE;UOP02-DEL04-CE;;;
662704;21/02/2025;sexta-feira;12:25:00;MG;40;461,1;SETE LAGOAS;Carga excessiva e/ou mal acondicionada;Tombamento;Sem V�timas;Pleno dia;Crescente;C�u Claro;Dupla;"Declive;Curva";N�o;1;0;0;0;1;0;0;1;-19,40843773;-44,33384657;SPRF-MG;DEL02-MG;UOP01-DEL02-MG;;;
662711;21/02/2025;sexta-feira;13:30:00;PR;277;186;PALMEIRA;Avarias e/ou desgaste excessivo no pneu;Inc�ndio;Sem V�timas;Pleno dia;Crescente;C�u Claro;Simples;Reta;N�o;2;0;0;0;1;1;0;2;-25,4277724;-50,12821198;SPRF-PR;DEL08-PR;UOP02-DEL08-PR;;;
662717;21/02/2025;sexta-feira;11:10:00;PB;230;516;BOM JESUS;Velocidade Incompat�vel;Colis�o transversal;Com V�timas Feridas;Pleno dia;Decrescente;C�u Claro;Simples;"Aclive;Reta";N�o;2;0;1;0;1;0;1;2;-6,869958;-38,649019;SPRF-PB;DEL03-PB;UOP03-DEL03-PB;;;
662721;27/01/2025;segunda-feira;09:09:00;PA;163;298,4;NOVO PROGRESSO;Rea��o tardia ou ineficiente do condutor;Colis�o traseira;Com V�timas Feridas;Pleno dia;Crescente;Nublado;Simples;Reta;N�o;3;0;1;0;1;1;1;3;-7,143111;-55,381828;SPRF-PA;DEL05-PA;UOP03-DEL05-PA;;;
662722;18/01/2025;s�bado;09:00:00;RS;293;293;SANTANA DO LIVRAMENTO;Rea��o tardia ou ineficiente do condutor;Colis�o lateral sentido oposto;Sem V�timas;Pleno dia;Crescente;C�u Claro;Simples;Reta;N�o;2;0;0;0;1;1;0;2;-30,83197607;-55,07435803;SPRF-RS;DEL11-RS;UOP01-DEL11-RS;;;
662728;21/02/2025;sexta-feira;12:00:00;MT;163;252;JUSCIMEIRA;Carga excessiva e/ou mal acondicionada;Derramamento de carga;Sem V�timas;Pleno dia;Crescente;C�u Claro;Dupla;Declive;N�o;2;0;0;0;1;1;0;2;-16,09397992;-54,86778259;SPRF-MT;DEL05-MT;UOP02-DEL05-MT;;;
662729;09/02/2025;domingo;17:45:00;MT;163;606;NOVA MUTUM;Transitar na contram�o;Colis�o frontal;Com V�timas Fatais;Anoitecer;Crescente;C�u Claro;Simples;Reta;N�o;6;2;0;2;1;2;2;4;-13,745972;-56,052046;SPRF-MT;DEL01-MT;UOP01-DEL01-MT;;;
662737;21/02/2025;sexta-feira;15:00:00;ES;101;393,8;RIO NOVO DO SUL;Ingest�o de �lcool pelo condutor;Colis�o traseira;Sem V�timas;Pleno dia;Decrescente;C�u Claro;Simples;Reta;N�o;3;0;0;0;2;1;0;3;-20,8654568;-40,9213787;SPRF-ES;DEL03-ES;UOP02-DEL03-ES;;;
662738;21/01/2025;ter�a-feira;14:20:00;MG;262;739;PERDIZES;Transitar na contram�o;Colis�o frontal;Com V�timas Feridas;Pleno dia;Crescente;C�u Claro;Simples;Reta;N�o;6;0;1;0;4;2;1;7;-19,61106579;-47,41191998;SPRF-MG;DEL08-MG;UOP01-DEL08-MG;;;
662742;21/02/2025;sexta-feira;15:30:00;RJ;40;106;DUQUE DE CAXIAS;Acessar a via sem observar a presen�a dos outros ve�culos;Colis�o lateral mesmo sentido;Sem V�timas;Pleno dia;Crescente;C�u Claro;M�ltipla;Reta;Sim;3;0;0;0;2;2;0;4;-22,64959681;-43,28376215;SPRF-RJ;DEL01-RJ;UOP02-DEL01-RJ;;;
662744;21/02/2025;sexta-feira;11:45:00;MG;40;649,8;CRISTIANO OTONI;Velocidade Incompat�vel;Colis�o traseira;Com V�timas Feridas;Pleno dia;Decrescente;Sol;Simples;Reta;N�o;2;0;1;0;0;1;1;2;-20,826294;-43,808867;SPRF-MG;DEL05-MG;UOP02-DEL05-MG;;;
662748;21/02/2025;sexta-feira;15:30:00;PI;316;8;TERESINA;Rea��o tardia ou ineficiente do condutor;Colis�o traseira;Com V�timas Feridas;Pleno dia;Decrescente;Chuva;Dupla;Reta;Sim;5;0;3;0;2;0;3;3;-5,18325728;-42,76332032;SPRF-PI;DEL01-PI;UOP02-DEL01-PI;;;
662750;21/02/2025;sexta-feira;16:50:00;GO;60;470;JATAI;Rea��o tardia ou ineficiente do condutor;Colis�o lateral mesmo sentido;Com V�timas Feridas;Pleno dia;Crescente;C�u Claro;Dupla;"Curva;Declive";N�o;3;0;1;0;1;2;1;4;-17,91611479;-51,69328809;SPRF-GO;DEL05-GO;UOP01-DEL05-GO;;;
662754;21/02/2025;sexta-feira;15:30:00;RJ;116;243;PIRAI;Aus�ncia de rea��o do condutor;Colis�o lateral mesmo sentido;Com V�timas Feridas;Pleno dia;Crescente;C�u Claro;Dupla;Reta;Sim;3;0;1;0;2;0;1;2;-22,6303066;-43,9088922;SPRF-RJ;DEL07-RJ;UOP01-DEL07-RJ;;;
662756;21/02/2025;sexta-feira;17:00:00;PR;153;18,1;JACAREZINHO;Rea��o tardia ou ineficiente do condutor;Colis�o lateral mesmo sentido;Com V�timas Feridas;Pleno dia;Decrescente;C�u Claro;Simples;"Aclive;Reta";Sim;2;0;0;1;1;0;1;2;-23,1470198;-49,9517877;SPRF-PR;DEL07-PR;UOP04-DEL07-PR;;;
662762;21/02/2025;sexta-feira;16:40:00;MG;381;484;BETIM;Condutor deixou de manter dist�ncia do ve�culo da frente;Engavetamento;Com V�timas Feridas;Pleno dia;Crescente;C�u Claro;Dupla;"Reta;Declive";N�o;6;0;1;0;4;1;1;6;-20,007659;-44,2004846;SPRF-MG;DEL01-MG;UOP03-DEL01-MG;;;
662763;21/02/2025;sexta-feira;12:55:00;MT;158;602;AGUA BOA;Aus�ncia de rea��o do condutor;Sa�da de leito carro��vel;Com V�timas Fatais;Pleno dia;Decrescente;Sol;Simples;Reta;N�o;1;1;0;0;0;0;0;1;-14,341022;-52,169109;SPRF-MT;DEL07-MT;UOP02-DEL07-MT;;;
662766;21/02/2025;sexta-feira;12:05:00;BA;20;21;CORRENTINA;Rea��o tardia ou ineficiente do condutor;Sa�da de leito carro��vel;Com V�timas Feridas;Pleno dia;Crescente;C�u Claro;Simples;Reta;N�o;1;0;1;0;0;0;1;1;-13,79576926;-46,16410828;SPRF-BA;DEL10-BA;UOP02-DEL10-BA;;;
662767;21/02/2025;sexta-feira;16:20:00;SC;101;40,2;JOINVILLE;Manobra de mudan�a de faixa;Colis�o lateral mesmo sentido;Com V�timas Feridas;Pleno dia;Decrescente;C�u Claro;Dupla;Reta;Sim;3;0;1;0;2;0;1;2;-26,31105274;-48,87652159;SPRF-SC;DEL03-SC;UOP01-DEL03-SC;;;
662768;21/02/2025;sexta-feira;17:30:00;SC;282;476,2;VARGEAO;Velocidade Incompat�vel;Colis�o lateral mesmo sentido;Com V�timas Feridas;Pleno dia;Crescente;C�u Claro;Simples;Reta;N�o;3;0;0;1;1;1;1;3;-26,87540651;-52,15727091;SPRF-SC;DEL07-SC;UOP01-DEL07-SC;;;
662780;21/02/2025;sexta-feira;16:40:00;PR;376;153,9;MANDAGUACU;Manobra de mudan�a de faixa;Colis�o traseira;Com V�timas Feridas;Pleno dia;Crescente;Sol;Dupla;Declive;N�o;6;0;2;0;1;3;2;5;-23,326946;-52,111538;SPRF-PR;DEL09-PR;UOP02-DEL09-PR;;;
662790;21/02/2025;sexta-feira;19:00:00;MG;153;36;CANAPOLIS;Ingest�o de �lcool pelo condutor;Colis�o lateral mesmo sentido;Sem V�timas;Anoitecer;Crescente;Nublado;Dupla;Reta;N�o;2;0;0;0;1;1;0;2;-18,71941;-49,125283;SPRF-MG;DEL15-MG;UOP03-DEL15-MG;;;
662793;21/02/2025;sexta-feira;09:30:00;RO;364;536;RIO CRESPO;Avarias e/ou desgaste excessivo no pneu;Colis�o com objeto;Sem V�timas;Pleno dia;Decrescente;C�u Claro;Simples;Curva;N�o;2;0;0;0;1;2;0;3;-9,75125628;-63,11162646;SPRF-RO;DEL03-RO;UOP01-DEL03-RO;;;
662812;21/02/2025;sexta-feira;21:30:00;SC;280;29,5;ARAQUARI;Velocidade Incompat�vel;Colis�o traseira;Com V�timas Feridas;Plena Noite;Decrescente;Ignorado;Simples;Reta;N�o;2;0;0;1;0;1;1;2;-26,41329937;-48,75830054;SPRF-SC;DEL03-SC;UOP03-DEL03-SC;;;
662819;21/02/2025;sexta-feira;23:05:00;SP;153;63;SAO JOSE DO RIO PRETO;Ingest�o de �lcool pelo condutor;Colis�o traseira;Com V�timas Feridas;Plena Noite;Crescente;C�u Claro;Dupla;Reta;N�o;3;0;1;0;1;1;1;3;-20,840448;-49,3912064;SPRF-SP;DEL09-SP;UOP01-DEL09-SP;;;
662820;21/02/2025;sexta-feira;22:00:00;RJ;493;2;ITABORAI;Acessar a via sem observar a presen�a dos outros ve�culos;Colis�o lateral mesmo sentido;Com V�timas Feridas;Plena Noite;Decrescente;C�u Claro;Dupla;Reta;N�o;4;0;0;2;0;2;2;3;-22,76165892;-42,93375492;SPRF-RJ;DEL02-RJ;UOP02-DEL02-RJ;;;
662825;21/02/2025;sexta-feira;22:50:00;SC;101;365;SANGAO;Ingest�o de �lcool pelo condutor;Colis�o traseira;Com V�timas Feridas;Plena Noite;Crescente;C�u Claro;Dupla;Reta;N�o;2;0;0;1;1;0;1;2;-28,68938296;-49,15935516;SPRF-SC;DEL02-SC;UOP01-DEL02-SC;;;
662829;21/02/2025;sexta-feira;15:30:00;SC;470;116,4;IBIRAMA;Velocidade Incompat�vel;Tombamento;Com V�timas Feridas;Pleno dia;Decrescente;Nublado;Simples;"Curva;Declive";Sim;2;0;0;1;0;1;1;2;-27,08160182;-49,50033367;SPRF-SC;DEL04-SC;UOP02-DEL04-SC;;;
662830;22/02/2025;s�bado;02:30:00;SP;153;72,3;SAO JOSE DO RIO PRETO;Aus�ncia de rea��o do condutor;Colis�o traseira;Com V�timas Fatais;Plena Noite;Crescente;C�u Claro;Dupla;Reta;N�o;3;1;0;0;0;3;0;4;-20,871635;-49,41661;SPRF-SP;DEL09-SP;UOP01-DEL09-SP;;;
662841;22/02/2025;s�bado;04:00:00;PR;116;119;CURITIBA;Aus�ncia de rea��o do condutor;Colis�o lateral mesmo sentido;Sem V�timas;Plena Noite;Crescente;C�u Claro;Dupla;Reta;Sim;2;0;0;0;2;0;0;2;-25,56596039;-49,30927992;SPRF-PR;DEL01-PR;UOP03-DEL01-PR;;;
662846;22/02/2025;s�bado;04:30:00;SC;101;1,4;GARUVA;Problema com o freio;Inc�ndio;Sem V�timas;Plena Noite;Crescente;C�u Claro;M�ltipla;Reta;Sim;2;0;0;0;1;1;0;2;-25,99325334;-48,88105452;SPRF-SC;DEL03-SC;UOP01-DEL03-SC;;;
662863;21/02/2025;sexta-feira;22:10:00;PA;230;1097;ITAITUBA;Aus�ncia de rea��o do condutor;Sa�da de leito carro��vel;Com V�timas Feridas;Plena Noite;Decrescente;Nublado;Simples;Aclive;N�o;2;0;0;1;0;2;1;3;-4,349071;-55,789212;SPRF-PA;DEL05-PA;UOP02-DEL05-PA;;;
662874;21/02/2025;sexta-feira;22:00:00;PA;163;119;ALTAMIRA;Transitar na contram�o;Eventos at�picos;Sem V�timas;Plena Noite;Decrescente;C�u Claro;Simples;Reta;N�o;2;0;0;0;0;2;0;2;-8,628019;-55,042849;SPRF-MT;DEL06-MT;UOP03-DEL06-MT;;;
662875;22/02/2025;s�bado;03:40:00;MG;354;737,3;POUSO ALTO;Velocidade Incompat�vel;Tombamento;Sem V�timas;Plena Noite;Crescente;C�u Claro;Simples;Curva;N�o;2;0;0;0;1;1;0;2;-22,20438724;-44,96227026;SPRF-MG;DEL17-MG;UOP01-DEL17-MG;;;
662892;22/02/2025;s�bado;10:00:00;PR;277;21,5;MORRETES;Acessar a via sem observar a presen�a dos outros ve�culos;Colis�o lateral mesmo sentido;Sem V�timas;Pleno dia;Decrescente;C�u Claro;Dupla;"Em Obras;Reta";N�o;4;0;0;0;3;1;0;3;-25,530523;-48,720102;SPRF-PR;DEL01-PR;UOP05-DEL01-PR;;;
662905;22/02/2025;s�bado;10:35:00;MG;40;606,2;CONGONHAS;Acessar a via sem observar a presen�a dos outros ve�culos;Colis�o lateral mesmo sentido;Com V�timas Feridas;Pleno dia;Decrescente;C�u Claro;Simples;Curva;N�o;4;0;0;1;1;2;1;3;-20,47151372;-43,84423256;SPRF-MG;DEL05-MG;UOP02-DEL05-MG;;;
662916;22/02/2025;s�bado;11:50:00;RJ;101;294;ITABORAI;Manobra de mudan�a de faixa;Colis�o lateral mesmo sentido;Sem V�timas;Pleno dia;Crescente;C�u Claro;Dupla;Reta;Sim;4;0;0;0;3;1;0;3;-22,7624411;-42,9010663;SPRF-RJ;DEL02-RJ;UOP02-DEL02-RJ;;;
662918;22/02/2025;s�bado;12:20:00;MG;251;473,9;FRANCISCO SA;Velocidade Incompat�vel;Tombamento;Com V�timas Feridas;Pleno dia;Crescente;C�u Claro;Simples;Curva;N�o;1;0;1;0;0;0;1;1;-16,4735435;-43,4793755;SPRF-MG;DEL12-MG;UOP01-DEL12-MG;;;
662925;22/02/2025;s�bado;13:27:00;ES;262;169,2;IBATIBA;Velocidade Incompat�vel;Queda de ocupante de ve�culo;Com V�timas Feridas;Pleno dia;Crescente;Garoa/Chuvisco;Simples;Curva;N�o;3;0;0;1;1;1;1;3;-20,265357;-41,57852;SPRF-ES;DEL01-ES;UOP02-DEL01-ES;;;
662928;22/02/2025;s�bado;12:10:00;MS;158;79,9;PARANAIBA;Condutor deixou de manter dist�ncia do ve�culo da frente;Tombamento;Com V�timas Feridas;Pleno dia;Crescente;Sol;Simples;"Aclive;Reta";N�o;2;0;0;1;0;2;1;3;-19,57781059;-51,23342425;SPRF-MS;DEL08-MS;UOP01-DEL08-MS;;;
662929;22/02/2025;s�bado;09:30:00;SC;282;347,4;CAMPOS NOVOS;Acessar a via sem observar a presen�a dos outros ve�culos;Colis�o traseira;Com V�timas Fatais;Pleno dia;Crescente;C�u Claro;Simples;Reta;N�o;3;1;0;0;2;0;0;2;-27,366833;-51,259747;SPRF-SC;DEL07-SC;UOP06-DEL07-SC;;;
662935;22/02/2025;s�bado;09:36:00;MT;163;546;DIAMANTINO;Transitar na contram�o;Colis�o lateral sentido oposto;Com V�timas Feridas;Pleno dia;Decrescente;C�u Claro;Simples;Reta;N�o;3;0;0;1;1;2;1;4;-14,23011265;-56,10712624;SPRF-MT;DEL01-MT;UOP01-DEL01-MT;;;
662936;22/02/2025;s�bado;11:30:00;SC;282;578;PINHALZINHO;Condutor usando celular;Colis�o frontal;Com V�timas Feridas;Pleno dia;Decrescente;Sol;Simples;Reta;Sim;3;0;1;0;1;3;1;5;-26,85107593;-52,98002291;SPRF-SC;DEL07-SC;UOP02-DEL07-SC;;;
662938;22/02/2025;s�bado;14:35:00;GO;153;126;ESTRELA DO NORTE;Acessar a via sem observar a presen�a dos outros ve�culos;Colis�o transversal;Com V�timas Feridas;Pleno dia;Crescente;C�u Claro;Simples;Reta;N�o;3;0;1;0;1;1;1;3;-13,89274421;-49,05807495;SPRF-GO;DEL07-GO;UOP01-DEL07-GO;;;
662943;22/02/2025;s�bado;03:00:00;PB;116;5;CACHOEIRA DOS INDIOS;Velocidade Incompat�vel;Sa�da de leito carro��vel;Com V�timas Feridas;Plena Noite;Crescente;C�u Claro;Simples;Reta;Sim;1;0;1;0;0;0;1;1;-6,94004286;-38,72136176;SPRF-CE;DEL05-CE;UOP03-DEL05-CE;;;
662949;22/02/2025;s�bado;14:45:00;CE;222;37;CAUCAIA;Avarias e/ou desgaste excessivo no pneu;Sa�da de leito carro��vel;Sem V�timas;Pleno dia;Crescente;C�u Claro;Simples;Reta;N�o;1;0;0;0;1;0;0;1;-3,69372;-38,885293;SPRF-CE;DEL01-CE;UOP01-DEL01-CE;;;
662950;22/02/2025;s�bado;13:00:00;MG;116;533,2;SANTA RITA DE MINAS;Desrespeitar a prefer�ncia no cruzamento;Colis�o transversal;Com V�timas Feridas;Pleno dia;Crescente;C�u Claro;Simples;Curva;N�o;4;0;1;0;1;2;1;4;-19,842031;-42,139517;SPRF-MG;DEL06-MG;UOP02-DEL06-MG;;;
662957;22/02/2025;s�bado;14:45:00;MT;364;524;COMODORO;Mal s�bito do condutor;Colis�o lateral sentido oposto;Com V�timas Feridas;Pleno dia;Decrescente;C�u Claro;Simples;Reta;N�o;6;0;0;1;4;2;1;5;-13,35257318;-59,87003167;SPRF-MT;DEL01-MT;UOP01-DEL01-MT;;;
662960;22/02/2025;s�bado;12:45:00;SC;282;244,8;SAO JOSE DO CERRITO;Velocidade Incompat�vel;Tombamento;Com V�timas Feridas;Pleno dia;Crescente;C�u Claro;Simples;"Aclive;Curva";N�o;1;0;1;0;0;0;1;1;-27,7288602;-50,52127898;SPRF-SC;DEL05-SC;UOP02-DEL05-SC;;;
662971;22/02/2025;s�bado;17:25:00;PR;277;585;CASCAVEL;Ultrapassagem Indevida;Colis�o lateral mesmo sentido;Com V�timas Feridas;Pleno dia;Crescente;C�u Claro;Simples;"Declive;Reta";Sim;3;0;0;1;1;1;1;3;-24,964148;-53,411336;SPRF-PR;DEL04-PR;UOP01-DEL04-PR;;;
662974;22/02/2025;s�bado;17:35:00;GO;60;255;INDIARA;Aus�ncia de rea��o do condutor;Sa�da de leito carro��vel;Com V�timas Feridas;Pleno dia;Decrescente;C�u Claro;Dupla;Reta;Sim;1;0;0;1;0;0;1;1;-17,1427422;-50,0022561;SPRF-GO;DEL01-GO;UOP02-DEL01-GO;;;
662977;22/02/2025;s�bado;17:30:00;RJ;116;286;BARRA MANSA;Aus�ncia de rea��o do condutor;Colis�o lateral mesmo sentido;Com V�timas Feridas;Pleno dia;Crescente;C�u Claro;Dupla;Curva;N�o;4;0;2;0;1;1;2;3;-22,498385;-44,233439;SPRF-RJ;DEL07-RJ;UOP02-DEL07-RJ;;;
662984;22/02/2025;s�bado;17:19:00;AC;364;272;SENA MADUREIRA;Condutor deixou de manter dist�ncia do ve�culo da frente;Queda de ocupante de ve�culo;Com V�timas Fatais;Pleno dia;Decrescente;C�u Claro;Simples;Reta;Sim;2;1;0;0;1;0;0;2;-9,081193;-68,661152;SPRF-AC;DEL01-AC;UOP01-DEL01-AC;;;
662988;22/02/2025;s�bado;18:00:00;BA;20;138;SAO DESIDERIO;Acessar a via sem observar a presen�a dos outros ve�culos;Colis�o transversal;Com V�timas Fatais;Plena Noite;Crescente;Chuva;Simples;Reta;Sim;5;1;0;0;3;3;0;6;-12,739206;-45,939602;SPRF-BA;DEL10-BA;UOP01-DEL10-BA;;;
663003;22/02/2025;s�bado;10:30:00;MA;10;41;CAROLINA;Transitar na contram�o;Colis�o frontal;Com V�timas Fatais;Pleno dia;Crescente;C�u Claro;Simples;Reta;N�o;3;2;0;0;0;2;0;4;-7,2849892;-47,4551688;SPRF-MA;DEL04-MA;UOP02-DEL04-MA;;;
663011;22/02/2025;s�bado;19:40:00;SP;116;306;SAO LOURENCO DA SERRA;Pedestre - Ingest�o de �lcool/ subst�ncias psicoativas;Atropelamento de Pedestre;Com V�timas Feridas;Plena Noite;Decrescente;C�u Claro;M�ltipla;"Reta;Aclive";Sim;2;0;1;0;0;1;1;2;-23,80564866;-46,92255182;SPRF-SP;DEL04-SP;UOP01-DEL04-SP;;;
663019;22/02/2025;s�bado;21:00:00;SP;153;89;MIRASSOL;Aus�ncia de rea��o do condutor;Colis�o traseira;Com V�timas Feridas;Plena Noite;Decrescente;C�u Claro;Dupla;Reta;N�o;3;0;1;0;2;0;1;2;-20,94498178;-49,53459612;SPRF-SP;DEL09-SP;UOP01-DEL09-SP;;;
663020;22/02/2025;s�bado;16:20:00;SC;280;291,4;PORTO UNIAO;Acessar a via sem observar a presen�a dos outros ve�culos;Colis�o transversal;Com V�timas Feridas;Pleno dia;Decrescente;C�u Claro;Simples;"Interse��o de Vias;Reta";N�o;4;0;1;0;2;1;1;4;-26,29591587;-50,93223095;SPRF-SC;DEL06-SC;UOP04-DEL06-SC;;;
663025;22/02/2025;s�bado;22:28:00;PA;163;547,5;TRAIRAO;Ingest�o de �lcool pelo condutor;Colis�o frontal;Com V�timas Fatais;Plena Noite;Crescente;Nublado;Simples;Reta;N�o;3;1;0;0;1;2;0;4;-5,203752;-56,040262;SPRF-PA;DEL05-PA;UOP03-DEL05-PA;;;
663042;22/02/2025;s�bado;20:45:00;MT;163;884;ITAUBA;Aus�ncia de rea��o do condutor;Colis�o traseira;Com V�timas Feridas;Plena Noite;Decrescente;C�u Claro;Simples;Reta;N�o;6;0;3;0;2;2;3;4;-11,16150303;-55,31378835;SPRF-MT;DEL06-MT;UOP02-DEL06-MT;;;
663043;22/02/2025;s�bado;23:40:00;PR;277;13;PARANAGUA;Rea��o tardia ou ineficiente do condutor;Colis�o lateral mesmo sentido;Com V�timas Fatais;Pleno dia;Decrescente;Garoa/Chuvisco;Dupla;Reta;N�o;4;1;0;1;1;1;1;3;-25,561367;-48,644905;SPRF-PR;DEL01-PR;UOP05-DEL01-PR;;;
663045;22/02/2025;s�bado;23:25:00;MG;381;351;JOAO MONLEVADE;Ingest�o de �lcool pelo condutor;Colis�o frontal;Com V�timas Feridas;Plena Noite;Crescente;C�u Claro;Simples;Reta;N�o;6;0;1;2;2;1;3;3;-19,8508673;-43,14275265;SPRF-MG;DEL03-MG;UOP01-DEL03-MG;;;
663049;22/02/2025;s�bado;21:00:00;MG;116;375,4;MATHIAS LOBATO;Ingest�o de �lcool pelo condutor;Colis�o lateral mesmo sentido;Com V�timas Feridas;Plena Noite;Crescente;C�u Claro;Simples;Reta;Sim;3;0;1;0;1;1;1;3;-18,57403311;-41,91359282;SPRF-MG;DEL06-MG;UOP01-DEL06-MG;;;
663062;23/02/2025;domingo;00:30:00;MG;262;587;CAMPOS ALTOS;Velocidade Incompat�vel;Tombamento;Com V�timas Feridas;Plena Noite;Crescente;C�u Claro;Simples;"Aclive;Curva";N�o;3;0;2;0;0;1;2;2;-19,65870246;-46,13119483;SPRF-MG;DEL08-MG;UOP02-DEL08-MG;;;