id;data_inversa;dia_semana;horario;uf;br;km;municipio;causa_acidente;tipo_acidente;classificacao_acidente;fase_dia;sentido_via;condicao_metereologica;tipo_pista;tracado_via;uso_solo;pessoas;mortos;feridos_leves;feridos_graves;ilesos;ignorados;feridos;veiculos;latitude;longitude;regional;delegacia;uop;;;
663064;23/02/2025;domingo;01:30:00;GO;20;9,1;FORMOSA;Aus�ncia de rea��o do condutor;Colis�o traseira;Com V�timas Feridas;Plena Noite;Crescente;C�u Claro;Simples;"Reta;Declive";N�o;3;0;1;0;1;1;1;3;-15,5562065;-47,27127743;SPRF-DF;DEL02-DF;UOP02-DEL02-DF;;;
663066;22/02/2025;s�bado;21:45:00;PE;407;117,1;PETROLINA;Acessar a via sem observar a presen�a dos outros ve�culos;Colis�o transversal;Com V�timas Fatais;Plena Noite;Crescente;C�u Claro;Simples;Reta;N�o;2;1;0;0;1;0;0;2;-9,319069;-40,570842;SPRF-PE;DEL06-PE;UOP01-DEL06-PE;;;
663067;23/02/2025;domingo;01:55:00;SC;101;363;SANGAO;Condutor deixou de manter dist�ncia do ve�culo da frente;Colis�o traseira;Sem V�timas;Plena Noite;Crescente;C�u Claro;M�ltipla;"Aclive;Reta";N�o;3;0;0;0;2;1;0;3;-28,67978684;-49,14094632;SPRF-SC;DEL02-SC;UOP01-DEL02-SC;;;
663071;23/02/2025;domingo;01:20:00;GO;364;205;JATAI;Rea��o tardia ou ineficiente do condutor;Colis�o lateral mesmo sentido;Com V�timas Feridas;Plena Noite;Decrescente;Nublado;M�ltipla;"Reta;Declive";N�o;2;0;0;1;1;0;1;2;-17,907701;-51,801361;SPRF-GO;DEL05-GO;UOP01-DEL05-GO;;;
663079;23/02/2025;domingo;01:40:00;PR;376;338,6;ORTIGUEIRA;Velocidade Incompat�vel;Tombamento;Com V�timas Feridas;Plena Noite;Crescente;C�u Claro;Simples;"Declive;Curva";N�o;2;0;1;0;0;1;1;2;-24,137624;-51,004054;SPRF-PR;DEL07-PR;UOP02-DEL07-PR;;;
663086;23/02/2025;domingo;04:30:00;SE;101;59;ROSARIO DO CATETE;Rea��o tardia ou ineficiente do condutor;Tombamento;Com V�timas Feridas;Plena Noite;Crescente;C�u Claro;Simples;Curva;N�o;2;0;1;0;1;0;1;1;-10,659626;-37,028757;SPRF-SE;DEL02-SE;UOP02-DEL02-SE;;;
663101;23/02/2025;domingo;05:00:00;GO;153;205;URUACU;Demais falhas mec�nicas ou el�tricas;Inc�ndio;Sem V�timas;Amanhecer;Decrescente;C�u Claro;Simples;"Aclive;Reta";N�o;2;0;0;0;1;2;0;3;-14,5760351;-49,158116;SPRF-GO;DEL07-GO;UOP02-DEL07-GO;;;
663120;22/02/2025;s�bado;19:15:00;BA;242;543;OLIVEIRA DOS BREJINHOS;Ultrapassagem Indevida;Colis�o frontal;Com V�timas Fatais;Plena Noite;Crescente;Nublado;Simples;Reta;N�o;4;1;0;0;2;2;0;4;-12,192964;-42,82117;SPRF-BA;DEL06-BA;UOP03-DEL06-BA;;;
663128;19/02/2025;quarta-feira;22:30:00;PR;277;160;PALMEIRA;Rea��o tardia ou ineficiente do condutor;Atropelamento de Pedestre;Com V�timas Feridas;Plena Noite;Decrescente;Nublado;Simples;Reta;N�o;2;0;1;0;1;0;1;2;-25,4783;-49,8576;SPRF-PR;DEL03-PR;UOP03-DEL03-PR;;;
663130;23/02/2025;domingo;07:59:00;RJ;465;13;SEROPEDICA;Rea��o tardia ou ineficiente do condutor;Colis�o lateral mesmo sentido;Com V�timas Feridas;Pleno dia;Decrescente;Sol;Simples;Reta;Sim;2;0;1;0;0;1;1;2;-22,79879779;-43,64522159;SPRF-RJ;DEL06-RJ;UOP02-DEL06-RJ;;;
663132;23/02/2025;domingo;03:23:00;CE;222;115,5;ITAPAJE;Condutor deixou de manter dist�ncia do ve�culo da frente;Colis�o traseira;Sem V�timas;Plena Noite;Decrescente;C�u Claro;Simples;"Reta;Declive";Sim;2;0;0;0;0;2;0;2;-3,739186;-39,542932;SPRF-CE;DEL04-CE;UOP03-DEL04-CE;;;
663140;23/02/2025;domingo;07:00:00;AM;174;898;MANAUS;Avarias e/ou desgaste excessivo no pneu;Colis�o com objeto;Sem V�timas;Pleno dia;Decrescente;Garoa/Chuvisco;Simples;Curva;N�o;1;0;0;0;1;0;0;1;-2,85713;-60,037662;SPRF-AM;DEL01-AM;UOP01-DEL01-AM;;;
663145;30/01/2025;quinta-feira;23:20:00;SP;116;414;JUQUIA;Acessar a via sem observar a presen�a dos outros ve�culos;Colis�o lateral mesmo sentido;Com V�timas Feridas;Plena Noite;Crescente;Garoa/Chuvisco;Dupla;Reta;N�o;3;0;1;0;1;1;1;3;-24,33164;-47,632774;SPRF-SP;DEL05-SP;UOP01-DEL05-SP;;;
663146;23/02/2025;domingo;11:00:00;SP;116;357,2;MIRACATU;Declive acentuado;Queda de ocupante de ve�culo;Com V�timas Feridas;Pleno dia;Crescente;C�u Claro;Dupla;"T�nel;Reta;Declive";N�o;5;0;1;0;4;0;1;3;-24,095956;-47,256789;SPRF-SP;DEL04-SP;UOP03-DEL04-SP;;;
663148;23/02/2025;domingo;10:58:00;SC;282;537,6;CHAPECO;Velocidade Incompat�vel;Colis�o lateral sentido oposto;Com V�timas Feridas;Pleno dia;Decrescente;C�u Claro;Simples;"Curva;Declive";N�o;6;0;0;1;3;3;1;5;-27,00046252;-52,67041504;SPRF-SC;DEL07-SC;UOP01-DEL07-SC;;;
663151;23/02/2025;domingo;08:55:00;MA;135;60,6;BACABEIRA;Rea��o tardia ou ineficiente do condutor;Sa�da de leito carro��vel;Sem V�timas;Pleno dia;Crescente;C�u Claro;Dupla;Reta;Sim;2;0;0;0;1;2;0;3;-3,057642;-44,320242;SPRF-MA;DEL01-MA;UOP02-DEL01-MA;;;
663154;23/02/2025;domingo;08:50:00;BA;407;134,8;SENHOR DO BONFIM;Rea��o tardia ou ineficiente do condutor;Colis�o lateral sentido oposto;Com V�timas Feridas;Pleno dia;Crescente;C�u Claro;Simples;Curva;N�o;3;0;1;0;1;3;1;5;-10,5233;-40,1394;SPRF-BA;DEL04-BA;UOP01-DEL04-BA;;;
663159;23/02/2025;domingo;00:30:00;SC;116;69;MONTE CASTELO;Rea��o tardia ou ineficiente do condutor;Tombamento;Com V�timas Feridas;Plena Noite;Decrescente;C�u Claro;Simples;Rotat�ria;N�o;2;0;1;0;0;1;1;2;-26,46046911;-50,22865534;SPRF-SC;DEL06-SC;UOP02-DEL06-SC;;;
663161;23/02/2025;domingo;12:30:00;SP;116;474,9;JACUPIRANGA;Aus�ncia de rea��o do condutor;Colis�o traseira;Com V�timas Feridas;Pleno dia;Decrescente;C�u Claro;Dupla;Reta;Sim;6;0;1;0;4;1;1;3;-24,6879219;-47,9905504;SPRF-SP;DEL05-SP;UOP01-DEL05-SP;;;
663163;19/02/2025;quarta-feira;19:15:00;SC;282;428;VARGEM BONITA;Ultrapassagem Indevida;Tombamento;Com V�timas Feridas;Anoitecer;Decrescente;C�u Claro;Simples;"Declive;Curva";N�o;3;0;1;0;1;1;1;3;-26,9761438;-51,7722168;SPRF-SC;DEL07-SC;UOP05-DEL07-SC;;;
663168;23/02/2025;domingo;13:50:00;RS;392;93;PELOTAS;Acessar a via sem observar a presen�a dos outros ve�culos;Colis�o transversal;Com V�timas Feridas;Pleno dia;Decrescente;C�u Claro;Simples;"Curva;Aclive";N�o;3;0;1;0;1;2;1;4;-31,5794126;-52,5344653;SPRF-RS;DEL07-RS;UOP01-DEL07-RS;;;
663172;23/02/2025;domingo;14:30:00;RJ;101;190;CASIMIRO DE ABREU;Acessar a via sem observar a presen�a dos outros ve�culos;Colis�o lateral mesmo sentido;Com V�timas Feridas;Pleno dia;Decrescente;C�u Claro;Dupla;Curva;N�o;3;0;1;0;1;1;1;3;-22,4608502;-42,06287384;SPRF-RJ;DEL08-RJ;UOP04-DEL08-RJ;;;
663176;23/02/2025;domingo;15:00:00;MG;116;287,9;TEOFILO OTONI;Acessar a via sem observar a presen�a dos outros ve�culos;Colis�o lateral mesmo sentido;Com V�timas Feridas;Pleno dia;Crescente;C�u Claro;Simples;"Reta;Declive";N�o;3;0;1;0;1;2;1;4;-17,95146;-41,533298;SPRF-MG;DEL11-MG;UOP01-DEL11-MG;;;
663183;23/02/2025;domingo;10:30:00;MT;70;241;POXOREU;Velocidade Incompat�vel;Sa�da de leito carro��vel;Com V�timas Feridas;Pleno dia;Decrescente;C�u Claro;Simples;"Curva;Aclive";N�o;4;0;2;0;0;3;2;4;-15,615798;-54,039737;SPRF-MT;DEL05-MT;UOP01-DEL05-MT;;;
663186;23/02/2025;domingo;12:10:00;RJ;116;284;BARRA MANSA;Trafegar com motocicleta (ou similar) entre as faixas;Colis�o traseira;Com V�timas Feridas;Pleno dia;Decrescente;C�u Claro;Dupla;"Curva;Declive";N�o;5;0;2;0;2;1;2;5;-22,5106738;-44,21774983;SPRF-RJ;DEL07-RJ;UOP02-DEL07-RJ;;;
663205;23/02/2025;domingo;17:00:00;SP;116;36,8;CACHOEIRA PAULISTA;Manobra de mudan�a de faixa;Capotamento;Com V�timas Feridas;Pleno dia;Decrescente;Nublado;Dupla;"Aclive;Reta";Sim;2;0;1;0;0;1;1;2;-22,664699;-44,984001;SPRF-SP;DEL08-SP;UOP02-DEL08-SP;;;
663216;23/02/2025;domingo;15:30:00;RS;158;96,5;PALMEIRA DAS MISSOES;Desrespeitar a prefer�ncia no cruzamento;Colis�o transversal;Com V�timas Feridas;Pleno dia;Crescente;C�u Claro;Simples;Interse��o de Vias;N�o;5;0;4;0;0;1;4;3;-27,866867;-53,333138;SPRF-RS;DEL08-RS;UOP01-DEL08-RS;;;
663217;23/02/2025;domingo;18:20:00;PB;101;83;BAYEUX;Rea��o tardia ou ineficiente do condutor;Colis�o lateral mesmo sentido;Com V�timas Feridas;Plena Noite;Decrescente;C�u Claro;Dupla;"Interse��o de Vias;Viaduto;Reta";Sim;3;0;0;1;2;0;1;2;-7,13140572;-34,93222976;SPRF-PB;DEL01-PB;UOP01-DEL01-PB;;;
663218;23/02/2025;domingo;16:50:00;RJ;393;111,1;SAPUCAIA;Mal s�bito do condutor;Sa�da de leito carro��vel;Com V�timas Feridas;Pleno dia;Crescente;C�u Claro;Simples;Reta;N�o;1;0;1;0;0;0;1;1;-21,9096;-42,73955;SPRF-RJ;DEL05-RJ;UOP01-DEL05-RJ;;;
663219;23/02/2025;domingo;10:30:00;PR;369;99,7;CORNELIO PROCOPIO;Mal s�bito do condutor;Tombamento;Com V�timas Feridas;Pleno dia;Crescente;C�u Claro;Dupla;"Aclive;Curva";N�o;2;0;1;0;0;1;1;2;-23,24482061;-50,71187675;SPRF-PR;DEL07-PR;UOP05-DEL07-PR;;;
663238;23/02/2025;domingo;20:20:00;MG;40;443,8;PARAOPEBA;Velocidade Incompat�vel;Tombamento;Sem V�timas;Plena Noite;Crescente;C�u Claro;Dupla;"Retorno Regulamentado;Curva";N�o;2;0;0;0;1;1;0;2;-19,2817;-44,409;SPRF-MG;DEL02-MG;UOP01-DEL02-MG;;;
663245;23/02/2025;domingo;20:20:00;PE;232;251,8;ARCOVERDE;Transitar na contram�o;Colis�o transversal;Com V�timas Feridas;Plena Noite;Decrescente;C�u Claro;Simples;Reta;Sim;2;0;0;1;1;0;1;2;-8,42928005;-37,06062332;SPRF-PE;DEL04-PE;UOP02-DEL04-PE;;;
663254;23/02/2025;domingo;21:20:00;MG;40;467,9;SETE LAGOAS;Condutor deixou de manter dist�ncia do ve�culo da frente;Colis�o traseira;Com V�timas Feridas;Plena Noite;Crescente;C�u Claro;Dupla;Reta;N�o;4;0;1;0;3;0;1;2;-19,46628292;-44,29640579;SPRF-MG;DEL02-MG;UOP01-DEL02-MG;;;
663262;23/02/2025;domingo;20:50:00;RS;290;21,2;SANTO ANTONIO DA PATRULHA;Manobra de mudan�a de faixa;Colis�o traseira;Com V�timas Feridas;Plena Noite;Crescente;C�u Claro;Dupla;Reta;N�o;5;0;1;0;3;1;1;3;-29,88988;-50,466929;SPRF-RS;DEL03-RS;UOP01-DEL03-RS;;;
663263;23/02/2025;domingo;21:18:00;TO;153;264,5;BRASILANDIA DO TOCANTINS;Ilumina��o deficiente;Atropelamento de Pedestre;Com V�timas Feridas;Plena Noite;Decrescente;Chuva;Simples;Reta;N�o;3;0;0;1;2;0;1;2;-8,216412;-48,464197;SPRF-TO;DEL02-TO;UOP02-DEL02-TO;;;
663275;23/02/2025;domingo;23:00:00;PE;423;55,2;LAJEDO;Transitar na contram�o;Colis�o frontal;Com V�timas Fatais;Plena Noite;Crescente;C�u Claro;Simples;Reta;N�o;2;1;1;0;0;0;1;2;-8,6185063;-36,2997266;SPRF-PE;DEL03-PE;UOP01-DEL03-PE;;;
663277;23/02/2025;domingo;16:22:00;RO;364;286;PRESIDENTE MEDICI;Ultrapassagem Indevida;Colis�o lateral sentido oposto;Com V�timas Feridas;Pleno dia;Crescente;Nublado;Simples;Reta;N�o;2;0;0;1;0;1;1;2;-11,356792;-61,851348;SPRF-RO;DEL02-RO;UOP01-DEL02-RO;;;
663284;24/02/2025;segunda-feira;01:05:00;PR;163;162,8;LINDOESTE;Aus�ncia de rea��o do condutor;Tombamento;Com V�timas Feridas;Plena Noite;Decrescente;Nublado;Simples;Curva;N�o;2;0;1;0;1;0;1;2;-25,18317208;-53,60166092;SPRF-PR;DEL05-PR;UOP05-DEL05-PR;;;
663285;23/02/2025;domingo;21:40:00;MG;116;453,1;ENGENHEIRO CALDAS;Condutor Dormindo;Sa�da de leito carro��vel;Com V�timas Feridas;Plena Noite;Crescente;C�u Claro;Simples;Reta;N�o;1;0;0;1;0;0;1;1;-19,178839;-42,037426;SPRF-MG;DEL06-MG;UOP02-DEL06-MG;;;
663286;23/02/2025;domingo;20:30:00;RJ;393;148;TRES RIOS;Demais falhas mec�nicas ou el�tricas;Colis�o frontal;Com V�timas Fatais;Plena Noite;Crescente;C�u Claro;Simples;Curva;N�o;3;1;1;0;0;1;1;3;-22,06276153;-43,02894484;SPRF-RJ;DEL05-RJ;UOP01-DEL05-RJ;;;
663291;23/02/2025;domingo;23:00:00;PI;135;432;MONTE ALEGRE DO PIAUI;Transitar na contram�o;Colis�o frontal;Com V�timas Fatais;Plena Noite;Crescente;Nublado;Simples;"Aclive;Reta";N�o;4;1;0;2;0;1;2;3;-9,557952;-44,765422;SPRF-PI;DEL03-PI;UOP02-DEL03-PI;;;
663293;24/02/2025;segunda-feira;03:02:00;PE;101;77;RECIFE;Rea��o tardia ou ineficiente do condutor;Sa�da de leito carro��vel;Sem V�timas;Plena Noite;Decrescente;C�u Claro;Dupla;Curva;Sim;1;0;0;0;1;0;0;1;-8,133824;-34,947203;SPRF-PE;DEL01-PE;UOP01-DEL01-PE;;;
663294;24/02/2025;segunda-feira;04:25:00;PR;476;179,9;CONTENDA;Transitar na contram�o;Colis�o frontal;Com V�timas Fatais;Plena Noite;Decrescente;Nublado;Simples;Reta;N�o;3;2;0;0;1;0;0;2;-25,707096;-49,597699;SPRF-PR;DEL01-PR;UOP06-DEL01-PR;;;
663295;24/02/2025;segunda-feira;04:43:00;MG;381;943,8;EXTREMA;Demais falhas mec�nicas ou el�tricas;Inc�ndio;Sem V�timas;Amanhecer;Crescente;C�u Claro;Dupla;"Reta;Declive";N�o;2;0;0;0;1;1;0;2;-22,8451282;-46,3316651;SPRF-MG;DEL16-MG;UOP03-DEL16-MG;;;
663299;24/02/2025;segunda-feira;03:30:00;PI;230;279,9;DOM EXPEDITO LOPES;Transitar na contram�o;Colis�o lateral sentido oposto;Sem V�timas;Plena Noite;Crescente;C�u Claro;Simples;Declive;N�o;2;0;0;0;0;2;0;2;-6,96330465;-41,68868781;SPRF-PI;DEL03-PI;UOP01-DEL03-PI;;;
663300;24/02/2025;segunda-feira;05:11:00;PE;424;83,7;GARANHUNS;Acumulo de �leo sobre o pavimento;Colis�o frontal;Com V�timas Feridas;Pleno dia;Crescente;C�u Claro;Simples;Curva;N�o;2;0;0;1;1;0;1;2;-8,8496641;-36,5152933;SPRF-PE;DEL03-PE;UOP01-DEL03-PE;;;
663303;24/02/2025;segunda-feira;05:50:00;MG;381;490,7;BETIM;Trafegar com motocicleta (ou similar) entre as faixas;Colis�o lateral mesmo sentido;Com V�timas Feridas;Amanhecer;Crescente;C�u Claro;M�ltipla;Reta;Sim;4;0;0;1;2;1;1;4;-19,9569274;-44,1506997;SPRF-MG;DEL01-MG;UOP03-DEL01-MG;;;
663307;24/02/2025;segunda-feira;04:42:00;MS;267;223;NOVA ALVORADA DO SUL;Manobra de mudan�a de faixa;Colis�o frontal;Com V�timas Feridas;Amanhecer;Decrescente;C�u Claro;Simples;Reta;N�o;3;0;1;1;0;2;2;4;-21,547283;-54,151123;SPRF-MS;DEL02-MS;UOP01-DEL02-MS;;;
663316;24/02/2025;segunda-feira;07:10:00;BA;324;521;FEIRA DE SANTANA;Condutor deixou de manter dist�ncia do ve�culo da frente;Engavetamento;Sem V�timas;Pleno dia;Crescente;C�u Claro;Dupla;Reta;N�o;3;0;0;0;2;1;0;3;-12,2828006;-38,9215758;SPRF-BA;DEL01-BA;UOP03-DEL01-BA;;;
663318;24/02/2025;segunda-feira;06:45:00;PR;376;308,2;ORTIGUEIRA;Velocidade Incompat�vel;Tombamento;Com V�timas Feridas;Amanhecer;Crescente;Sol;Dupla;Curva;N�o;2;0;0;1;0;1;1;2;-23,9511751;-51,11844063;SPRF-PR;DEL07-PR;UOP02-DEL07-PR;;;
663323;24/02/2025;segunda-feira;06:00:00;CE;20;380;CAUCAIA;Demais falhas mec�nicas ou el�tricas;Inc�ndio;Sem V�timas;Amanhecer;Crescente;Nublado;Simples;Reta;N�o;1;0;0;0;1;0;0;1;-3,915802;-38,850632;SPRF-CE;DEL01-CE;UOP01-DEL01-CE;;;
663326;24/02/2025;segunda-feira;07:10:00;SP;153;61,6;SAO JOSE DO RIO PRETO;Ingest�o de �lcool pelo condutor;Colis�o traseira;Sem V�timas;Pleno dia;Crescente;C�u Claro;Dupla;Reta;Sim;3;0;0;0;2;1;0;3;-20,80969253;-49,35655653;SPRF-SP;DEL09-SP;UOP01-DEL09-SP;;;
663327;24/02/2025;segunda-feira;06:55:00;PB;230;36;SANTA RITA;Demais falhas mec�nicas ou el�tricas;Engavetamento;Com V�timas Feridas;Pleno dia;Decrescente;C�u Claro;Dupla;"Curva;Declive";Sim;10;0;4;0;6;0;4;6;-7,125307;-34,947477;SPRF-PB;DEL01-PB;UOP02-DEL01-PB;;;
663339;24/02/2025;segunda-feira;08:00:00;MG;381;798;SAO GONCALO DO SAPUCAI;Demais falhas mec�nicas ou el�tricas;Inc�ndio;Sem V�timas;Pleno dia;Decrescente;C�u Claro;Dupla;Reta;N�o;1;0;0;0;1;0;0;1;-21,91820419;-45,59051514;SPRF-MG;DEL16-MG;UOP02-DEL16-MG;;;
663340;23/02/2025;domingo;16:40:00;PA;163;513;ITAITUBA;Rea��o tardia ou ineficiente do condutor;Colis�o transversal;Com V�timas Feridas;Pleno dia;Decrescente;C�u Claro;Simples;Reta;N�o;4;0;2;0;1;3;2;5;-5,411084;-55,886005;SPRF-PA;DEL05-PA;UOP03-DEL05-PA;;;
663343;24/02/2025;segunda-feira;07:50:00;MG;381;333;NOVA ERA;Velocidade Incompat�vel;Tombamento;Com V�timas Feridas;Pleno dia;Decrescente;Sol;Simples;Curva;N�o;1;0;0;1;0;0;1;1;-19,76218018;-43,0355072;SPRF-MG;DEL03-MG;UOP01-DEL03-MG;;;
663346;24/02/2025;segunda-feira;08:30:00;BA;324;620;SIMOES FILHO;Condutor deixou de manter dist�ncia do ve�culo da frente;Colis�o traseira;Com V�timas Feridas;Pleno dia;Decrescente;C�u Claro;M�ltipla;Reta;Sim;3;0;1;0;2;0;1;3;-12,7930742;-38,4045294;SPRF-BA;DEL01-BA;UOP01-DEL01-BA;;;
663348;24/02/2025;segunda-feira;08:05:00;MG;146;486;POCOS DE CALDAS;Manobra de mudan�a de faixa;Colis�o lateral mesmo sentido;Com V�timas Feridas;Pleno dia;Decrescente;C�u Claro;Simples;Reta;N�o;2;0;0;1;1;0;1;2;-21,80818244;-46,4921397;SPRF-MG;DEL09-MG;UOP01-DEL09-MG;;;
663354;24/02/2025;segunda-feira;08:45:00;BA;101;504;ITABUNA;Acessar a via sem observar a presen�a dos outros ve�culos;Colis�o transversal;Com V�timas Feridas;Pleno dia;Crescente;Sol;Simples;"Aclive;Reta";Sim;2;0;1;0;1;0;1;2;-14,781878;-39,289808;SPRF-BA;DEL05-BA;UOP01-DEL05-BA;;;
663358;24/02/2025;segunda-feira;10:03:00;PE;101;35;ITAPISSUMA;Aus�ncia de rea��o do condutor;Colis�o traseira;Com V�timas Feridas;Pleno dia;Crescente;C�u Claro;Dupla;Aclive;N�o;2;0;1;0;0;1;1;2;-7,78526765;-34,93079424;SPRF-PE;DEL01-PE;UOP02-DEL01-PE;;;
663360;24/02/2025;segunda-feira;07:40:00;MA;135;10;SAO LUIS;Acessar a via sem observar a presen�a dos outros ve�culos;Colis�o lateral mesmo sentido;Com V�timas Feridas;Pleno dia;Crescente;C�u Claro;Dupla;Reta;Sim;3;0;3;0;0;0;3;2;-2,662893;-44,285905;SPRF-MA;DEL01-MA;UOP01-DEL01-MA;;;
663361;24/02/2025;segunda-feira;09:40:00;PB;230;505,5;CAJAZEIRAS;Acessar a via sem observar a presen�a dos outros ve�culos;Colis�o transversal;Com V�timas Feridas;Pleno dia;Decrescente;C�u Claro;Simples;"Interse��o de Vias;Em Obras;Curva";Sim;2;0;1;0;1;0;1;2;-6,90242;-38,565697;SPRF-PB;DEL03-PB;UOP03-DEL03-PB;;;
663363;24/02/2025;segunda-feira;05:37:00;MG;116;222;CATUJI;Pista Escorregadia;Colis�o lateral sentido oposto;Com V�timas Feridas;Amanhecer;Crescente;Garoa/Chuvisco;Simples;"Curva;Declive";N�o;5;0;1;0;3;2;1;5;-17,430725;-41,51466;SPRF-MG;DEL11-MG;UOP01-DEL11-MG;;;
663368;24/02/2025;segunda-feira;10:30:00;BA;324;616,5;SALVADOR;Aus�ncia de rea��o do condutor;Colis�o traseira;Sem V�timas;Pleno dia;Crescente;C�u Claro;M�ltipla;Reta;Sim;3;0;0;0;2;1;0;3;-12,88788;-38,442537;SPRF-BA;DEL01-BA;UOP01-DEL01-BA;;;
663372;24/02/2025;segunda-feira;10:10:00;SP;381;86,9;SAO PAULO;Estacionar ou parar em local proibido;Colis�o traseira;Com V�timas Feridas;Pleno dia;Crescente;C�u Claro;M�ltipla;Reta;Sim;3;0;1;0;1;1;1;3;-23,47122868;-46,565907;SPRF-SP;DEL03-SP;UOP01-DEL03-SP;;;
663373;24/02/2025;segunda-feira;11:20:00;MG;40;597,7;OURO PRETO;Aus�ncia de rea��o do condutor;Colis�o frontal;Com V�timas Feridas;Pleno dia;Crescente;Sol;Simples;Reta;N�o;4;0;0;1;2;1;1;4;-20,4226366;-43,878575;SPRF-MG;DEL05-MG;UOP02-DEL05-MG;;;
663374;24/02/2025;segunda-feira;10:00:00;PR;277;385;CANDOI;Aus�ncia de rea��o do condutor;Engavetamento;Com V�timas Feridas;Pleno dia;Decrescente;C�u Claro;Simples;Reta;N�o;4;0;1;0;2;1;1;4;-25,4386383;-51,8281301;SPRF-PR;DEL08-PR;UOP01-DEL08-PR;;;
663380;31/01/2025;sexta-feira;23:29:00;RO;364;669;CANDEIAS DO JAMARI;Ingest�o de subst�ncias psicoativas pelo condutor;Colis�o frontal;Com V�timas Feridas;Plena Noite;Decrescente;C�u Claro;Simples;Reta;N�o;16;0;6;4;3;5;10;9;-8,7753;-63,4933;SPRF-RO;DEL01-RO;UOP01-DEL01-RO;;;
663392;24/02/2025;segunda-feira;12:20:00;SC;101;4;ITAJAI;Acesso irregular;Colis�o transversal;Com V�timas Feridas;Pleno dia;Decrescente;Sol;Dupla;Interse��o de Vias;Sim;3;0;1;0;1;1;1;3;-26,94802427;-48,6719272;SPRF-SC;DEL03-SC;UOP01-DEL03-SC;;;
663395;24/02/2025;segunda-feira;11:15:00;BA;324;534;CONCEICAO DO JACUIPE;Aus�ncia de rea��o do condutor;Colis�o traseira;Com V�timas Feridas;Pleno dia;Decrescente;Chuva;Dupla;"Reta;Declive";N�o;4;0;1;0;3;0;1;3;-12,36056706;-38,82445246;SPRF-BA;DEL01-BA;UOP03-DEL01-BA;;;
663408;24/02/2025;segunda-feira;14:00:00;GO;60;198,1;GUAPO;Aus�ncia de rea��o do condutor;Colis�o traseira;Com V�timas Feridas;Pleno dia;Decrescente;Nublado;Dupla;"Aclive;Reta";N�o;2;0;1;1;0;0;2;2;-16,872644;-49,611626;SPRF-GO;DEL01-GO;UOP02-DEL01-GO;;;
663416;24/02/2025;segunda-feira;15:00:00;PR;376;592;CURITIBA;Acessar a via sem observar a presen�a dos outros ve�culos;Colis�o lateral mesmo sentido;Com V�timas Feridas;Pleno dia;Crescente;C�u Claro;Dupla;Interse��o de Vias;Sim;3;0;1;1;1;0;2;2;-25,42988909;-49,36635196;SPRF-PR;DEL03-PR;UOP03-DEL03-PR;;;
663417;24/02/2025;segunda-feira;13:30:00;MT;163;747;SORRISO;Acessar a via sem observar a presen�a dos outros ve�culos;Colis�o transversal;Com V�timas Feridas;Pleno dia;Decrescente;C�u Claro;Dupla;"Interse��o de Vias;Reta";Sim;3;0;1;0;1;3;1;5;-12,59342331;-55,74354529;SPRF-MT;DEL06-MT;UOP01-DEL06-MT;;;
663419;24/02/2025;segunda-feira;15:10:00;MG;262;357;BETIM;Rea��o tardia ou ineficiente do condutor;Colis�o traseira;Com V�timas Feridas;Pleno dia;Decrescente;C�u Claro;Dupla;Reta;Sim;4;0;1;0;2;1;1;3;-19,9836901;-44,23718405;SPRF-MG;DEL01-MG;UOP03-DEL01-MG;;;
663424;24/02/2025;segunda-feira;16:00:00;SC;101;111;NAVEGANTES;Acessar a via sem observar a presen�a dos outros ve�culos;Colis�o lateral mesmo sentido;Com V�timas Feridas;Pleno dia;Crescente;C�u Claro;M�ltipla;Reta;N�o;2;0;1;0;0;1;1;2;-26,84075811;-48,71534538;SPRF-SC;DEL04-SC;UOP04-DEL04-SC;;;
663427;24/02/2025;segunda-feira;15:35:00;MG;262;431;SAO GONCALO DO PARA;Rea��o tardia ou ineficiente do condutor;Tombamento;Com V�timas Fatais;Pleno dia;Decrescente;C�u Claro;Dupla;Curva;N�o;2;1;0;0;0;2;0;3;-19,894253;-44,876348;SPRF-MG;DEL08-MG;UOP03-DEL08-MG;;;
663433;24/02/2025;segunda-feira;16:00:00;MG;365;794;GURINHATA;Velocidade Incompat�vel;Sa�da de leito carro��vel;Com V�timas Feridas;Pleno dia;Crescente;Chuva;Simples;"Reta;Declive";N�o;3;0;1;0;1;1;1;2;-18,92529639;-49,85520601;SPRF-MG;DEL15-MG;UOP03-DEL15-MG;;;
663437;24/02/2025;segunda-feira;13:40:00;MS;262;28;TRES LAGOAS;Transitar na contram�o;Colis�o frontal;Com V�timas Fatais;Pleno dia;Crescente;C�u Claro;Simples;Reta;N�o;3;1;0;0;1;3;0;5;-20,74027987;-52,10289717;SPRF-MS;DEL07-MS;UOP01-DEL07-MS;;;
663438;24/02/2025;segunda-feira;14:00:00;GO;153;688;PANAMA;Aus�ncia de rea��o do condutor;Colis�o traseira;Sem V�timas;Pleno dia;Decrescente;C�u Claro;Dupla;Aclive;N�o;2;0;0;0;2;0;0;2;-18,16715856;-49,28868055;SPRF-GO;DEL03-GO;UOP02-DEL03-GO;;;