id;data_inversa;dia_semana;horario;uf;br;km;municipio;causa_acidente;tipo_acidente;classificacao_acidente;fase_dia;sentido_via;condicao_metereologica;tipo_pista;tracado_via;uso_solo;pessoas;mortos;feridos_leves;feridos_graves;ilesos;ignorados;feridos;veiculos;latitude;longitude;regional;delegacia;uop;;;
663708;25/02/2025;ter�a-feira;21:05:00;TO;153;656,1;GURUPI;Convers�o proibida;Colis�o transversal;Com V�timas Feridas;Plena Noite;Crescente;Chuva;Simples;Reta;N�o;2;0;0;1;1;0;1;2;-11,6737554;-49,06494141;SPRF-TO;DEL01-TO;UOP02-DEL01-TO;;;
663709;25/02/2025;ter�a-feira;19:30:00;CE;230;83;VARZEA ALEGRE;Trafegar com motocicleta (ou similar) entre as faixas;Colis�o traseira;Com V�timas Fatais;Plena Noite;Crescente;C�u Claro;Simples;Reta;Sim;3;1;0;0;1;1;0;3;-6,790669;-39,321747;SPRF-CE;DEL05-CE;UOP01-DEL05-CE;;;
663718;25/02/2025;ter�a-feira;22:00:00;PR;376;525,7;PONTA GROSSA;Condutor Dormindo;Colis�o traseira;Com V�timas Feridas;Plena Noite;Crescente;C�u Claro;Dupla;"Aclive;Reta";N�o;7;0;1;3;2;2;4;4;-25,28;-49,919;SPRF-PR;DEL03-PR;UOP04-DEL03-PR;;;
663719;25/02/2025;ter�a-feira;22:30:00;SC;116;117,5;SANTA CECILIA;Aus�ncia de rea��o do condutor;Tombamento;Sem V�timas;Plena Noite;Decrescente;C�u Claro;Simples;"Curva;Aclive";N�o;2;0;0;0;2;0;0;1;-26,8188461;-50,3506027;SPRF-SC;DEL06-SC;UOP02-DEL06-SC;;;
663721;20/01/2025;segunda-feira;13:10:00;ES;101;278,2;SERRA;Condutor deixou de manter dist�ncia do ve�culo da frente;Colis�o traseira;Sem V�timas;Pleno dia;Crescente;Sol;Dupla;Reta;N�o;3;0;0;0;2;2;0;4;-20,21698365;-40,32974606;SPRF-ES;DEL02-ES;UOP01-DEL02-ES;;;
663723;25/02/2025;ter�a-feira;22:30:00;RJ;393;231;VASSOURAS;Frear bruscamente;Derramamento de carga;Sem V�timas;Plena Noite;Crescente;Nublado;Simples;"Aclive;Reta";Sim;2;0;0;0;1;1;0;2;-22,39547542;-43,65623474;SPRF-RJ;DEL05-RJ;UOP03-DEL05-RJ;;;
663724;26/02/2025;quarta-feira;01:12:00;SP;153;69;SAO JOSE DO RIO PRETO;Rea��o tardia ou ineficiente do condutor;Colis�o traseira;Com V�timas Feridas;Plena Noite;Crescente;C�u Claro;Dupla;Curva;Sim;2;0;1;0;1;0;1;2;-20,851135;-49,398843;SPRF-SP;DEL09-SP;UOP01-DEL09-SP;;;
663725;26/02/2025;quarta-feira;01:50:00;MG;381;824,4;SAO SEBASTIAO DA BELA VISTA;Condutor Dormindo;Tombamento;Com V�timas Feridas;Plena Noite;Decrescente;C�u Claro;Dupla;Reta;N�o;2;0;1;0;0;1;1;2;-22,160686;-45,828851;SPRF-MG;DEL16-MG;UOP02-DEL16-MG;;;
663726;26/02/2025;quarta-feira;00:20:00;SC;101;242,9;PAULO LOPES;Aus�ncia de rea��o do condutor;Colis�o traseira;Com V�timas Feridas;Plena Noite;Crescente;C�u Claro;M�ltipla;Reta;N�o;2;0;1;0;1;0;1;2;-27,94593979;-48,66999191;SPRF-SC;DEL01-SC;UOP02-DEL01-SC;;;
663727;26/02/2025;quarta-feira;02:30:00;SP;116;348;MIRACATU;Demais falhas mec�nicas ou el�tricas;Inc�ndio;Sem V�timas;Plena Noite;Decrescente;C�u Claro;Dupla;Reta;N�o;3;0;0;0;2;1;0;2;-24,05950155;-47,21983752;SPRF-SP;DEL04-SP;UOP03-DEL04-SP;;;
663729;26/02/2025;quarta-feira;02:40:00;MG;381;877,5;ESTIVA;Condutor Dormindo;Colis�o traseira;Com V�timas Feridas;Plena Noite;Crescente;C�u Claro;Dupla;Reta;N�o;2;0;1;0;1;0;1;2;-22,44507498;-45,99326928;SPRF-MG;DEL16-MG;UOP01-DEL16-MG;;;
663730;26/02/2025;quarta-feira;02:40:00;MS;262;177;RIBAS DO RIO PARDO;Transitar na contram�o;Colis�o lateral sentido oposto;Com V�timas Feridas;Plena Noite;Crescente;Chuva;Simples;Reta;N�o;3;0;1;0;1;1;1;3;-20,412085;-53,18354;SPRF-MS;DEL07-MS;UOP02-DEL07-MS;;;
663731;26/02/2025;quarta-feira;04:40:00;MG;153;179;COMENDADOR GOMES;Condutor Dormindo;Colis�o frontal;Com V�timas Fatais;Amanhecer;Decrescente;C�u Claro;Simples;"Reta;Declive";N�o;5;1;1;0;2;2;1;4;-19,79374;-48,966392;SPRF-MG;DEL13-MG;UOP02-DEL13-MG;;;
663739;26/02/2025;quarta-feira;06:40:00;PR;277;484;NOVA LARANJEIRAS;Transitar na contram�o;Colis�o frontal;Com V�timas Feridas;Pleno dia;Crescente;C�u Claro;Simples;Reta;N�o;2;0;1;0;1;0;1;2;-25,2608;-52,6263;SPRF-PR;DEL04-PR;UOP02-DEL04-PR;;;
663740;26/02/2025;quarta-feira;07:10:00;SP;153;58;SAO JOSE DO RIO PRETO;Aus�ncia de rea��o do condutor;Colis�o traseira;Com V�timas Feridas;Pleno dia;Crescente;C�u Claro;Dupla;"Aclive;Reta";Sim;7;0;1;0;5;3;1;9;-20,78010973;-49,35331106;SPRF-SP;DEL09-SP;UOP01-DEL09-SP;;;
663741;26/02/2025;quarta-feira;06:00:00;BA;242;401;SEABRA;Rea��o tardia ou ineficiente do condutor;Tombamento;Com V�timas Feridas;Pleno dia;Decrescente;C�u Claro;Simples;Curva;N�o;2;0;1;0;0;1;1;2;-12,47073;-41,69463;SPRF-BA;DEL06-BA;UOP01-DEL06-BA;;;
663742;26/02/2025;quarta-feira;06:35:00;RJ;116;196;RIO DE JANEIRO;Ingest�o de �lcool pelo condutor;Colis�o lateral mesmo sentido;Sem V�timas;Pleno dia;Crescente;C�u Claro;Dupla;Reta;N�o;2;0;0;0;2;0;0;2;-22,8044457;-43,3451455;SPRF-RJ;DEL06-RJ;UOP01-DEL06-RJ;;;
663744;26/02/2025;quarta-feira;03:00:00;BA;116;921;ENCRUZILHADA;Demais falhas mec�nicas ou el�tricas;Inc�ndio;Sem V�timas;Plena Noite;Decrescente;Nublado;Simples;Reta;N�o;2;0;0;0;1;1;0;2;-15,59987;-41,28083;SPRF-BA;DEL08-BA;UOP03-DEL08-BA;;;
663752;26/02/2025;quarta-feira;07:30:00;PE;101;62;RECIFE;Condutor deixou de manter dist�ncia do ve�culo da frente;Engavetamento;Com V�timas Feridas;Pleno dia;Decrescente;C�u Claro;Dupla;Reta;Sim;4;0;1;0;3;0;1;3;-7,99998634;-34,93872821;SPRF-PE;DEL01-PE;UOP02-DEL01-PE;;;
663753;26/02/2025;quarta-feira;07:55:00;SC;101;163;TIJUCAS;Desrespeitar a prefer�ncia no cruzamento;Colis�o transversal;Com V�timas Feridas;Pleno dia;Crescente;C�u Claro;Dupla;Interse��o de Vias;Sim;2;0;0;1;1;0;1;2;-27,23083996;-48,62985492;SPRF-SC;DEL04-SC;UOP03-DEL04-SC;;;
663756;26/02/2025;quarta-feira;08:30:00;SP;116;135;SAO JOSE DOS CAMPOS;Rea��o tardia ou ineficiente do condutor;Colis�o traseira;Com V�timas Feridas;Pleno dia;Decrescente;C�u Claro;Dupla;Reta;Sim;2;0;1;0;1;0;1;2;-23,14402645;-45,76885796;SPRF-SP;DEL02-SP;UOP01-DEL02-SP;;;
663774;26/02/2025;quarta-feira;07:50:00;BA;407;102;JAGUARARI;Acessar a via sem observar a presen�a dos outros ve�culos;Colis�o transversal;Com V�timas Feridas;Pleno dia;Decrescente;C�u Claro;Dupla;"Reta;Declive";Sim;3;0;1;0;2;0;1;2;-10,25390716;-40,19304919;SPRF-BA;DEL04-BA;UOP01-DEL04-BA;;;
663775;26/02/2025;quarta-feira;09:50:00;GO;153;85;PORANGATU;Rea��o tardia ou ineficiente do condutor;Colis�o transversal;Com V�timas Feridas;Pleno dia;Crescente;Nublado;Simples;"Reta;Ponte;Em Obras";N�o;3;0;1;0;1;3;1;5;-13,55246813;-49,09000397;SPRF-GO;DEL07-GO;UOP01-DEL07-GO;;;
663779;26/02/2025;quarta-feira;07:50:00;PR;277;213;FERNANDES PINHEIRO;Aus�ncia de rea��o do condutor;Colis�o com objeto;Com V�timas Feridas;Pleno dia;Decrescente;C�u Claro;Simples;Reta;N�o;2;0;1;0;0;2;1;3;-25,471228;-50,471424;SPRF-PR;DEL08-PR;UOP02-DEL08-PR;;;
663780;26/02/2025;quarta-feira;08:35:00;RS;290;351,9;SAO SEPE;Acumulo de areia ou detritos sobre o pavimento;Colis�o transversal;Com V�timas Fatais;Pleno dia;Decrescente;Sol;Simples;"Aclive;Reta";N�o;5;3;1;0;1;0;1;2;-30,37146821;-53,67267609;SPRF-RS;DEL09-RS;UOP02-DEL09-RS;;;
663785;26/02/2025;quarta-feira;09:00:00;PR;277;65;SAO JOSE DOS PINHAIS;Acessar a via sem observar a presen�a dos outros ve�culos;Colis�o traseira;Sem V�timas;Pleno dia;Decrescente;C�u Claro;Dupla;Reta;Sim;3;0;0;0;1;3;0;4;-25,52986615;-49,08647418;SPRF-PR;DEL01-PR;UOP01-DEL01-PR;;;
663786;26/02/2025;quarta-feira;10:00:00;RS;287;401;SANTIAGO;Acessar a via sem observar a presen�a dos outros ve�culos;Colis�o transversal;Sem V�timas;Pleno dia;Crescente;Sol;Simples;"Interse��o de Vias;Rotat�ria";Sim;2;0;0;0;2;0;0;2;-29,16166353;-54,87882598;SPRF-RS;DEL12-RS;UOP02-DEL12-RS;;;
663788;26/02/2025;quarta-feira;08:50:00;MG;40;481;SETE LAGOAS;Demais falhas mec�nicas ou el�tricas;Sa�da de leito carro��vel;Com V�timas Feridas;Pleno dia;Decrescente;C�u Claro;Dupla;"Reta;Declive";N�o;2;0;1;0;1;0;1;2;-19,54860097;-44,2460451;SPRF-MG;DEL02-MG;UOP01-DEL02-MG;;;
663793;25/02/2025;ter�a-feira;03:39:00;SP;116;282;EMBU DAS ARTES;Rea��o tardia ou ineficiente do condutor;Colis�o traseira;Com V�timas Feridas;Plena Noite;Decrescente;Nublado;Dupla;Reta;Sim;3;0;0;1;1;1;1;3;-23,66697963;-46,85504794;SPRF-SP;DEL04-SP;UOP01-DEL04-SP;;;
663795;26/02/2025;quarta-feira;11:20:00;SC;280;32;ARAQUARI;Condutor deixou de manter dist�ncia do ve�culo da frente;Engavetamento;Com V�timas Feridas;Pleno dia;Decrescente;Sol;Simples;Reta;N�o;4;0;1;0;3;0;1;3;-26,423077;-48,783601;SPRF-SC;DEL03-SC;UOP03-DEL03-SC;;;
663796;26/02/2025;quarta-feira;10:10:00;MA;135;80;ITAPECURU MIRIM;Aus�ncia de rea��o do condutor;Sa�da de leito carro��vel;Sem V�timas;Pleno dia;Decrescente;C�u Claro;Simples;Reta;N�o;2;0;0;0;0;2;0;2;-3,30376746;-44,42103811;SPRF-MA;DEL01-MA;UOP02-DEL01-MA;;;
663804;26/02/2025;quarta-feira;11:00:00;PR;277;241,7;IRATI;Transitar na contram�o;Colis�o frontal;Com V�timas Fatais;Pleno dia;Crescente;C�u Claro;Simples;"Aclive;Reta";N�o;4;2;0;2;0;0;2;2;-25,465;-50,585;SPRF-PR;DEL08-PR;UOP02-DEL08-PR;;;
663805;26/02/2025;quarta-feira;10:30:00;PR;153;17,1;JACAREZINHO;Rea��o tardia ou ineficiente do condutor;Colis�o traseira;Com V�timas Feridas;Pleno dia;Crescente;C�u Claro;Simples;Reta;N�o;3;0;1;0;1;3;1;5;-23,13264483;-49,94590759;SPRF-PR;DEL07-PR;UOP04-DEL07-PR;;;
663810;04/02/2025;ter�a-feira;12:55:00;MG;40;474;SETE LAGOAS;Aus�ncia de rea��o do condutor;Sa�da de leito carro��vel;Com V�timas Fatais;Pleno dia;Decrescente;C�u Claro;Dupla;Curva;N�o;2;1;0;0;0;1;0;2;-19,49804878;-44,27929974;SPRF-MG;DEL02-MG;UOP01-DEL02-MG;;;
663812;26/02/2025;quarta-feira;13:10:00;PR;373;182;PONTA GROSSA;Manobra de mudan�a de faixa;Colis�o lateral mesmo sentido;Com V�timas Feridas;Pleno dia;Decrescente;C�u Claro;Simples;Reta;N�o;7;0;3;0;3;2;3;6;-25,041666;-50,26666;SPRF-PR;DEL03-PR;UOP01-DEL03-PR;;;
663813;26/02/2025;quarta-feira;13:25:00;SC;101;37;JOINVILLE;Acessar a via sem observar a presen�a dos outros ve�culos;Colis�o lateral mesmo sentido;Com V�timas Feridas;Pleno dia;Crescente;C�u Claro;Dupla;Reta;N�o;2;0;1;0;0;1;1;2;-26,307273;-48,8785814;SPRF-SC;DEL03-SC;UOP01-DEL03-SC;;;
663815;26/02/2025;quarta-feira;12:40:00;SC;470;128,2;LONTRAS;Transitar na contram�o;Colis�o frontal;Com V�timas Fatais;Pleno dia;Crescente;Sol;Simples;Curva;N�o;6;1;0;0;2;4;0;7;-27,14668658;-49,55048561;SPRF-SC;DEL04-SC;UOP02-DEL04-SC;;;
663816;26/02/2025;quarta-feira;14:00:00;SC;470;58;BLUMENAU;Transitar na contram�o;Colis�o frontal;Com V�timas Fatais;Pleno dia;Decrescente;C�u Claro;Simples;"Declive;Reta";Sim;4;1;0;0;1;2;0;3;-26,8842819;-49,1487797;SPRF-SC;DEL04-SC;UOP01-DEL04-SC;;;
663820;26/02/2025;quarta-feira;14:00:00;SC;101;101,6;BALNEARIO PICARRAS;Rea��o tardia ou ineficiente do condutor;Colis�o traseira;Com V�timas Fatais;Pleno dia;Crescente;Sol;M�ltipla;Reta;N�o;2;1;0;0;1;0;0;2;-26,7713916;-48,6860562;SPRF-SC;DEL03-SC;UOP02-DEL03-SC;;;
663822;26/02/2025;quarta-feira;10:00:00;RJ;101;286;ITABORAI;Avarias e/ou desgaste excessivo no pneu;Colis�o lateral mesmo sentido;Com V�timas Feridas;Pleno dia;Decrescente;C�u Claro;M�ltipla;Reta;N�o;6;0;2;0;4;0;2;3;-22,75917478;-42,8403643;SPRF-RJ;DEL02-RJ;UOP02-DEL02-RJ;;;
663828;26/02/2025;quarta-feira;11:15:00;MG;381;418;CAETE;Velocidade Incompat�vel;Colis�o traseira;Com V�timas Feridas;Pleno dia;Decrescente;C�u Claro;Dupla;Curva;N�o;3;0;2;0;1;0;2;2;-19,74575412;-43,61782551;SPRF-MG;DEL01-MG;UOP01-DEL01-MG;;;
663833;26/02/2025;quarta-feira;05:30:00;MT;158;447;RIBEIRAO CASCALHEIRA;Pista esburacada;Sa�da de leito carro��vel;Com V�timas Feridas;Pleno dia;Crescente;Chuva;Simples;"Declive;Curva";N�o;2;0;1;0;0;1;1;2;-13,11458945;-51,92310333;SPRF-MT;DEL07-MT;UOP02-DEL07-MT;;;
663840;26/02/2025;quarta-feira;15:35:00;TO;153;640;ALIANCA DO TOCANTINS;Aus�ncia de rea��o do condutor;Colis�o traseira;Com V�timas Feridas;Pleno dia;Crescente;C�u Claro;M�ltipla;Reta;N�o;3;0;0;1;1;1;1;3;-11,446417;-48,9905255;SPRF-TO;DEL01-TO;UOP02-DEL01-TO;;;
663842;26/02/2025;quarta-feira;14:46:00;BA;116;479,7;RAFAEL JAMBEIRO;Aus�ncia de rea��o do condutor;Sa�da de leito carro��vel;Com V�timas Feridas;Pleno dia;Decrescente;C�u Claro;Dupla;Reta;N�o;2;0;1;0;0;2;1;3;-12,5221;-39,3947;SPRF-BA;DEL02-BA;UOP01-DEL02-BA;;;
663844;26/02/2025;quarta-feira;15:38:00;SC;280;49,5;GUARAMIRIM;Acessar a via sem observar a presen�a dos outros ve�culos;Colis�o traseira;Com V�timas Feridas;Pleno dia;Decrescente;C�u Claro;Dupla;Reta;Sim;2;0;1;0;1;0;1;2;-26,460152;-48,941106;SPRF-SC;DEL03-SC;UOP03-DEL03-SC;;;
663845;26/02/2025;quarta-feira;11:30:00;RS;470;3,5;BARRACAO;Velocidade Incompat�vel;Colis�o com objeto;Sem V�timas;Pleno dia;Decrescente;C�u Claro;Simples;"Declive;Curva";N�o;2;0;0;0;1;2;0;3;-27,619513;-51,487423;SPRF-RS;DEL08-RS;UOP05-DEL08-RS;;;
663850;14/01/2025;ter�a-feira;04:00:00;AM;230;459;MANICORE;Pista Escorregadia;Tombamento;Sem V�timas;Amanhecer;Decrescente;Ignorado;Simples;Reta;N�o;1;0;0;0;1;0;0;1;-8,02355866;-61,86488628;SPRF-AM;DEL02-AM;UOP01-DEL02-AM;;;
663860;26/02/2025;quarta-feira;16:20:00;GO;452;16;RIO VERDE;Condutor deixou de manter dist�ncia do ve�culo da frente;Colis�o traseira;Com V�timas Feridas;Pleno dia;Crescente;Nublado;Simples;Reta;N�o;3;0;0;1;1;1;1;2;-17,84656845;-50,78297876;SPRF-GO;DEL04-GO;UOP01-DEL04-GO;;;
663862;26/02/2025;quarta-feira;16:45:00;RS;285;341,3;CARAZINHO;Acessar a via sem observar a presen�a dos outros ve�culos;Colis�o transversal;Com V�timas Feridas;Pleno dia;Crescente;Nublado;Simples;Interse��o de Vias;Sim;7;0;1;0;5;1;1;4;-28,3174544;-52,8066995;SPRF-RS;DEL08-RS;UOP03-DEL08-RS;;;
663867;26/02/2025;quarta-feira;15:00:00;MT;163;228;RONDONOPOLIS;Ingest�o de �lcool pelo condutor;Colis�o lateral mesmo sentido;Sem V�timas;Pleno dia;Decrescente;C�u Claro;Dupla;Reta;N�o;3;0;0;0;3;0;0;2;-16,416768;-54,7028992;SPRF-MT;DEL05-MT;UOP02-DEL05-MT;;;
663871;26/02/2025;quarta-feira;16:35:00;SC;280;82,5;CORUPA;Aus�ncia de rea��o do condutor;Colis�o transversal;Com V�timas Feridas;Pleno dia;Decrescente;C�u Claro;Simples;"Interse��o de Vias;Rotat�ria";Sim;4;0;0;1;2;1;1;3;-26,4356;-49,2455;SPRF-SC;DEL06-SC;UOP03-DEL06-SC;;;
663873;26/02/2025;quarta-feira;15:45:00;PI;407;428;GEMINIANO;Curva acentuada;Tombamento;Com V�timas Feridas;Pleno dia;Decrescente;Sol;Simples;Curva;N�o;1;0;1;0;0;0;1;1;-7,130195;-41,389094;SPRF-PI;DEL04-PI;UOP01-DEL04-PI;;;
663879;26/02/2025;quarta-feira;18:19:00;MG;40;566,1;NOVA LIMA;Rea��o tardia ou ineficiente do condutor;Colis�o lateral mesmo sentido;Sem V�timas;Plena Noite;Decrescente;C�u Claro;Simples;Reta;N�o;3;0;0;0;3;0;0;2;-20,081768;-43,979095;SPRF-MG;DEL01-MG;UOP02-DEL01-MG;;;
663888;26/02/2025;quarta-feira;19:06:00;MG;40;611,4;CONGONHAS;Acessar a via sem observar a presen�a dos outros ve�culos;Atropelamento de Pedestre;Com V�timas Feridas;Plena Noite;Decrescente;C�u Claro;Simples;Curva;Sim;3;0;0;1;1;1;1;3;-20,4768105;-43,8424631;SPRF-MG;DEL05-MG;UOP02-DEL05-MG;;;
663889;26/02/2025;quarta-feira;19:00:00;SC;101;144;ITAPEMA;Transitar no Acostamento;Colis�o lateral mesmo sentido;Com V�timas Feridas;Anoitecer;Decrescente;Nublado;Dupla;Reta;Sim;2;0;0;1;1;0;1;2;-27,07579419;-48,59782398;SPRF-SC;DEL04-SC;UOP03-DEL04-SC;;;
663894;26/02/2025;quarta-feira;16:15:00;RR;174;226;RORAINOPOLIS;Demais falhas mec�nicas ou el�tricas;Inc�ndio;Sem V�timas;Pleno dia;Crescente;C�u Claro;Simples;Aclive;N�o;2;0;0;0;1;2;0;3;1,07093;-60,380776;SPRF-RR;DEL01-RR;UOP01-DEL01-RR;;;
663898;26/02/2025;quarta-feira;20:30:00;SC;470;185;POUSO REDONDO;Velocidade Incompat�vel;Tombamento;Com V�timas Fatais;Plena Noite;Crescente;C�u Claro;Simples;Curva;N�o;2;1;0;0;0;1;0;2;-27,25348505;-50,03903389;SPRF-SC;DEL04-SC;UOP02-DEL04-SC;;;
663902;26/02/2025;quarta-feira;20:50:00;PR;277;148;BALSA NOVA;Desrespeitar a prefer�ncia no cruzamento;Colis�o transversal;Com V�timas Feridas;Plena Noite;Crescente;Nublado;Simples;"Aclive;Interse��o de Vias;Reta";N�o;6;0;0;4;1;1;4;3;-25,46480807;-49,73375022;SPRF-PR;DEL03-PR;UOP03-DEL03-PR;;;
663910;26/02/2025;quarta-feira;21:45:00;GO;153;305,4;RIALMA;Rea��o tardia ou ineficiente do condutor;Colis�o frontal;Com V�timas Feridas;Plena Noite;Crescente;Chuva;Simples;"Declive;Curva";N�o;3;0;0;2;1;0;2;2;-15,35055754;-49,56800938;SPRF-GO;DEL02-GO;UOP02-DEL02-GO;;;
663918;26/02/2025;quarta-feira;20:50:00;MG;381;702;LAVRAS;Aus�ncia de rea��o do condutor;Tombamento;Com V�timas Feridas;Plena Noite;Crescente;C�u Claro;Dupla;Curva;N�o;1;0;1;0;0;0;1;1;-21,30006092;-45,15148473;SPRF-MG;DEL04-MG;UOP02-DEL04-MG;;;
663920;26/02/2025;quarta-feira;20:20:00;SP;116;130,9;CACAPAVA;Aus�ncia de rea��o do condutor;Colis�o traseira;Sem V�timas;Plena Noite;Crescente;C�u Claro;Dupla;Reta;Sim;4;0;0;0;4;0;0;2;-23,124753;-45,731427;SPRF-SP;DEL02-SP;UOP02-DEL02-SP;;;
663923;26/02/2025;quarta-feira;23:10:00;RJ;116;222;SEROPEDICA;Rea��o tardia ou ineficiente do condutor;Colis�o traseira;Com V�timas Feridas;Plena Noite;Crescente;C�u Claro;M�ltipla;Reta;N�o;3;0;1;0;1;2;1;4;-22,7147776;-43,7256192;SPRF-RJ;DEL06-RJ;UOP02-DEL06-RJ;;;
663930;27/02/2025;quinta-feira;01:30:00;MG;381;455;BELO HORIZONTE;Condutor Dormindo;Colis�o frontal;Com V�timas Feridas;Plena Noite;Decrescente;C�u Claro;Simples;Reta;Sim;3;0;1;0;1;2;1;4;-19,84024594;-43,8759457;SPRF-MG;DEL01-MG;UOP01-DEL01-MG;;;
663933;27/02/2025;quinta-feira;00:40:00;PE;101;162,6;AGUA PRETA;Condutor Dormindo;Sa�da de leito carro��vel;Com V�timas Fatais;Plena Noite;Crescente;Nublado;Dupla;"Declive;Curva";N�o;1;1;0;0;0;0;0;1;-8,5504446;-35,4472455;SPRF-PE;DEL01-PE;UOP03-DEL01-PE;;;
663934;27/02/2025;quinta-feira;01:15:00;MG;153;20;CENTRALINA;Condutor Dormindo;Colis�o traseira;Com V�timas Feridas;Plena Noite;Decrescente;C�u Claro;Dupla;Reta;Sim;3;0;1;0;1;1;1;3;-18,598381;-49,19201174;SPRF-MG;DEL15-MG;UOP03-DEL15-MG;;;
663935;27/02/2025;quinta-feira;03:30:00;SC;116;24,2;ITAIOPOLIS;Ingest�o de �lcool pelo condutor;Colis�o traseira;Com V�timas Feridas;Plena Noite;Decrescente;C�u Claro;Simples;Reta;Sim;2;0;1;0;1;0;1;2;-26,27607582;-49,92267966;SPRF-SC;DEL06-SC;UOP01-DEL06-SC;;;
663936;27/02/2025;quinta-feira;05:15:00;SE;101;153;ESTANCIA;Sinaliza��o mal posicionada;Colis�o traseira;Com V�timas Feridas;Pleno dia;Decrescente;C�u Claro;Simples;Reta;Sim;4;0;2;0;1;1;2;3;-11,282715;-37,450113;SPRF-SE;DEL02-SE;UOP01-DEL02-SE;;;
663939;26/02/2025;quarta-feira;16:05:00;GO;60;203,3;GUAPO;Avarias e/ou desgaste excessivo no pneu;Colis�o transversal;Com V�timas Feridas;Pleno dia;Decrescente;Chuva;Dupla;Reta;N�o;4;0;2;0;1;1;2;3;-16,90968362;-49,65373993;SPRF-GO;DEL01-GO;UOP02-DEL01-GO;;;
663940;27/02/2025;quinta-feira;02:00:00;CE;222;264,5;COREAU;Ingest�o de �lcool pelo condutor;Colis�o traseira;Com V�timas Fatais;Plena Noite;Decrescente;Nublado;Simples;Reta;Sim;3;1;0;1;0;1;1;2;-3,749029;-40,695036;SPRF-CE;DEL04-CE;UOP02-DEL04-CE;;;
663942;27/02/2025;quinta-feira;04:30:00;PR;277;460,9;LARANJEIRAS DO SUL;Velocidade Incompat�vel;Sa�da de leito carro��vel;Com V�timas Feridas;Plena Noite;Decrescente;C�u Claro;Simples;Curva;N�o;5;0;1;0;3;2;1;4;-25,38525905;-52,42453834;SPRF-PR;DEL04-PR;UOP02-DEL04-PR;;;
663943;26/02/2025;quarta-feira;17:00:00;BA;116;514;ITATIM;Ingest�o de �lcool pelo condutor;Tombamento;Com V�timas Feridas;Anoitecer;Crescente;Nublado;Simples;Reta;N�o;2;0;1;0;0;2;1;3;-12,676927;-39,663561;SPRF-BA;DEL02-BA;UOP01-DEL02-BA;;;
663946;27/02/2025;quinta-feira;07:11:00;SC;280;56;GUARAMIRIM;Manobra de mudan�a de faixa;Queda de ocupante de ve�culo;Com V�timas Feridas;Pleno dia;Crescente;C�u Claro;Dupla;Reta;N�o;2;0;1;0;1;0;1;2;-26,479371;-49,006503;SPRF-SC;DEL03-SC;UOP03-DEL03-SC;;;
663947;26/02/2025;quarta-feira;18:30:00;RS;158;93,4;PALMEIRA DAS MISSOES;Demais falhas mec�nicas ou el�tricas;Inc�ndio;Sem V�timas;Anoitecer;Decrescente;Garoa/Chuvisco;Simples;"Aclive;Reta";N�o;1;0;0;0;1;0;0;1;-27,84514767;-53,33141327;SPRF-RS;DEL08-RS;UOP02-DEL08-RS;;;
663950;27/02/2025;quinta-feira;04:15:00;PI;343;622;FLORIANO;Rea��o tardia ou ineficiente do condutor;Sa�da de leito carro��vel;Com V�timas Feridas;Amanhecer;Decrescente;C�u Claro;Simples;Reta;N�o;5;0;3;0;1;1;3;2;-6,958;-43,22303;SPRF-PI;DEL03-PI;UOP01-DEL03-PI;;;
663952;27/02/2025;quinta-feira;05:15:00;PI;316;3;TERESINA;Velocidade Incompat�vel;Colis�o traseira;Sem V�timas;Amanhecer;Crescente;C�u Claro;M�ltipla;Reta;Sim;3;0;0;0;1;2;0;3;-5,13206646;-42,79128785;SPRF-PI;DEL01-PI;UOP02-DEL01-PI;;;
663955;27/02/2025;quinta-feira;01:56:00;SP;101;1;UBATUBA;Estacionar ou parar em local proibido;Colis�o lateral sentido oposto;Com V�timas Fatais;Plena Noite;Crescente;C�u Claro;Simples;Curva;N�o;3;1;0;0;0;2;0;3;-23,35649934;-44,77051257;SPRF-SP;DEL06-SP;UOP01-DEL06-SP;;;
663957;27/02/2025;quinta-feira;07:00:00;RJ;116;278;BARRA MANSA;Velocidade Incompat�vel;Colis�o traseira;Com V�timas Feridas;Pleno dia;Decrescente;C�u Claro;M�ltipla;"Curva;Aclive";Sim;2;0;0;1;0;1;1;2;-22,55287902;-44,17904019;SPRF-RJ;DEL07-RJ;UOP02-DEL07-RJ;;;
663958;27/02/2025;quinta-feira;07:39:00;PI;343;588,8;FLORIANO;Condutor deixou de manter dist�ncia do ve�culo da frente;Colis�o lateral mesmo sentido;Com V�timas Feridas;Pleno dia;Crescente;C�u Claro;Simples;Interse��o de Vias;Sim;4;0;2;0;1;2;2;4;-6,77545283;-43,00797701;SPRF-PI;DEL03-PI;UOP01-DEL03-PI;;;
663961;27/02/2025;quinta-feira;07:45:00;RS;116;145;CAXIAS DO SUL;Aus�ncia de rea��o do condutor;Colis�o traseira;Com V�timas Feridas;Pleno dia;Crescente;C�u Claro;Dupla;Reta;N�o;2;0;0;1;0;1;1;2;-29,13430938;-51,12999558;SPRF-RS;DEL05-RS;UOP01-DEL05-RS;;;