id;data_inversa;dia_semana;horario;uf;br;km;municipio;causa_acidente;tipo_acidente;classificacao_acidente;fase_dia;sentido_via;condicao_metereologica;tipo_pista;tracado_via;uso_solo;pessoas;mortos;feridos_leves;feridos_graves;ilesos;ignorados;feridos;veiculos;latitude;longitude;regional;delegacia;uop;;;
663966;27/02/2025;quinta-feira;06:30:00;PA;163;671;ITAITUBA;Ultrapassagem Indevida;Colis�o frontal;Com V�timas Fatais;Pleno dia;Crescente;C�u Claro;Simples;"Aclive;Curva";N�o;4;1;0;0;1;5;0;7;-4,379287;-55,786097;SPRF-PA;DEL05-PA;UOP02-DEL05-PA;;;
663968;27/02/2025;quinta-feira;08:40:00;PE;101;69,9;RECIFE;Manobra de mudan�a de faixa;Colis�o lateral mesmo sentido;Sem V�timas;Pleno dia;Decrescente;Sol;Dupla;"Reta;Interse��o de Vias";Sim;3;0;0;0;2;1;0;3;-8,06672637;-34,94307109;SPRF-PE;DEL01-PE;UOP01-DEL01-PE;;;
663974;27/02/2025;quinta-feira;04:30:00;RJ;116;103;GUAPIMIRIM;Aus�ncia de rea��o do condutor;Colis�o traseira;Com V�timas Feridas;Plena Noite;Crescente;C�u Claro;Simples;Reta;N�o;2;0;1;0;1;0;1;2;-22,51699712;-43,00186157;SPRF-RJ;DEL04-RJ;UOP01-DEL04-RJ;;;
663976;27/02/2025;quinta-feira;08:03:00;MA;226;302;BARRA DO CORDA;Acessar a via sem observar a presen�a dos outros ve�culos;Colis�o transversal;Com V�timas Feridas;Pleno dia;Crescente;Nublado;Simples;Curva;Sim;2;0;0;1;1;0;1;2;-5,49646219;-45,26887536;SPRF-MA;DEL06-MA;UOP01-DEL06-MA;;;
663979;27/02/2025;quinta-feira;08:12:00;RN;304;38;MOSSORO;Condutor deixou de manter dist�ncia do ve�culo da frente;Eventos at�picos;Com V�timas Feridas;Pleno dia;Crescente;C�u Claro;Dupla;"Reta;Retorno Regulamentado";Sim;3;0;0;1;1;1;1;2;-5,186496;-37,372554;SPRF-RN;DEL04-RN;UOP02-DEL04-RN;;;
663982;27/02/2025;quinta-feira;08:40:00;SC;282;338;CAMPOS NOVOS;Condutor Dormindo;Colis�o lateral sentido oposto;Com V�timas Feridas;Pleno dia;Decrescente;C�u Claro;Simples;Reta;Sim;7;0;1;0;5;2;1;5;-27,39247595;-51,17617607;SPRF-SC;DEL07-SC;UOP06-DEL07-SC;;;
663985;27/02/2025;quinta-feira;09:42:00;MT;163;1102;GUARANTA DO NORTE;Rea��o tardia ou ineficiente do condutor;Tombamento;Com V�timas Feridas;Pleno dia;Decrescente;C�u Claro;Simples;"Curva;Declive";N�o;2;0;0;1;0;2;1;3;-9,65;-54,873;SPRF-MT;DEL06-MT;UOP03-DEL06-MT;;;
663987;27/02/2025;quinta-feira;11:00:00;ES;101;223,6;IBIRACU;Rea��o tardia ou ineficiente do condutor;Tombamento;Com V�timas Feridas;Pleno dia;Crescente;C�u Claro;Simples;Curva;N�o;5;0;1;0;3;1;1;2;-19,880489;-40,417047;SPRF-ES;DEL02-ES;UOP01-DEL02-ES;;;
663991;27/02/2025;quinta-feira;10:00:00;MT;163;769;SORRISO;Sinaliza��o mal posicionada;Engavetamento;Com V�timas Feridas;Pleno dia;Crescente;Chuva;Simples;Reta;N�o;5;0;2;0;2;3;2;6;-12,41557;-55,634087;SPRF-MT;DEL06-MT;UOP01-DEL06-MT;;;
663994;27/02/2025;quinta-feira;11:10:00;SP;116;7,2;QUELUZ;Rea��o tardia ou ineficiente do condutor;Colis�o traseira;Com V�timas Feridas;Pleno dia;Decrescente;C�u Claro;Dupla;Reta;Sim;3;0;0;1;2;0;1;3;-22,536232;-44,765067;SPRF-SP;DEL08-SP;UOP02-DEL08-SP;;;
663995;27/02/2025;quinta-feira;10:08:00;MG;50;112;UBERABA;Rea��o tardia ou ineficiente do condutor;Sa�da de leito carro��vel;Com V�timas Fatais;Pleno dia;Crescente;C�u Claro;Dupla;"Retorno Regulamentado;Reta";N�o;3;1;0;0;1;3;0;5;-19,248723;-48,136359;SPRF-MG;DEL13-MG;UOP01-DEL13-MG;;;
663997;27/02/2025;quinta-feira;08:30:00;PE;423;124;PARANATAMA;Aus�ncia de sinaliza��o;Colis�o frontal;Sem V�timas;Pleno dia;Crescente;Garoa/Chuvisco;Simples;Reta;N�o;2;0;0;0;2;0;0;2;-8,935895;-36,720685;SPRF-PE;DEL03-PE;UOP01-DEL03-PE;;;
663998;27/02/2025;quinta-feira;11:30:00;RJ;101;12;CAMPOS DOS GOYTACAZES;Retorno proibido;Colis�o transversal;Com V�timas Feridas;Pleno dia;Decrescente;C�u Claro;Simples;"Interse��o de Vias;Reta";N�o;4;0;2;0;1;1;2;3;-21,3213548;-41,3286835;SPRF-RJ;DEL08-RJ;UOP01-DEL08-RJ;;;
664000;27/02/2025;quinta-feira;12:00:00;SC;470;5,9;NAVEGANTES;Rea��o tardia ou ineficiente do condutor;Colis�o traseira;Com V�timas Feridas;Pleno dia;Decrescente;Sol;Dupla;Reta;N�o;3;0;1;0;1;2;1;4;-26,85416861;-48,70556831;SPRF-SC;DEL04-SC;UOP04-DEL04-SC;;;
664002;27/02/2025;quinta-feira;11:05:00;RJ;116;325;ITATIAIA;Aus�ncia de rea��o do condutor;Engavetamento;Com V�timas Fatais;Pleno dia;Crescente;C�u Claro;Dupla;Reta;Sim;6;1;0;1;3;2;1;6;-22,4961584;-44,5726912;SPRF-RJ;DEL07-RJ;UOP02-DEL07-RJ;;;
664007;11/01/2025;s�bado;23:00:00;PI;407;474,5;JAICOS;Rea��o tardia ou ineficiente do condutor;Colis�o com objeto;Com V�timas Feridas;Plena Noite;Decrescente;Nublado;Simples;"Declive;Curva";N�o;3;0;2;1;0;0;3;1;-7,39947492;-41,17380309;SPRF-PI;DEL04-PI;UOP01-DEL04-PI;;;
664013;27/02/2025;quinta-feira;08:30:00;MG;262;644,6;IBIA;Condutor deixou de manter dist�ncia do ve�culo da frente;Colis�o traseira;Sem V�timas;Pleno dia;Crescente;C�u Claro;Simples;"Aclive;Reta";N�o;2;0;0;0;2;0;0;2;-19,581685;-46,608122;SPRF-MG;DEL08-MG;UOP01-DEL08-MG;;;
664015;24/02/2025;segunda-feira;15:30:00;SP;116;156,6;SAO JOSE DOS CAMPOS;Aus�ncia de rea��o do condutor;Colis�o traseira;Sem V�timas;Pleno dia;Decrescente;C�u Claro;Dupla;Reta;Sim;4;0;0;0;3;1;0;3;-23,24850296;-45,9323144;SPRF-SP;DEL02-SP;UOP01-DEL02-SP;;;
664017;27/02/2025;quinta-feira;13:50:00;RN;226;4,7;NATAL;Convers�o proibida;Queda de ocupante de ve�culo;Com V�timas Feridas;Pleno dia;Crescente;Nublado;Simples;Curva;Sim;2;0;1;0;1;0;1;2;-5,819978;-35,266763;SPRF-RN;DEL01-RN;UOP02-DEL01-RN;;;
664018;27/02/2025;quinta-feira;12:30:00;SP;116;545;BARRA DO TURVO;Rea��o tardia ou ineficiente do condutor;Tombamento;Com V�timas Feridas;Pleno dia;Decrescente;C�u Claro;Simples;"Curva;Declive";N�o;2;0;1;0;1;0;1;2;-24,95016699;-48,42400302;SPRF-SP;DEL05-SP;UOP02-DEL05-SP;;;
664023;27/02/2025;quinta-feira;12:37:00;AL;101;47;FLEXEIRAS;Manobra de mudan�a de faixa;Colis�o lateral mesmo sentido;Com V�timas Feridas;Pleno dia;Decrescente;Nublado;Dupla;Reta;N�o;3;0;1;0;1;1;1;3;-9,234909;-35,768532;SPRF-AL;DEL01-AL;UOP02-DEL01-AL;;;
664025;27/02/2025;quinta-feira;09:30:00;MT;163;891;CLAUDIA;Demais falhas mec�nicas ou el�tricas;Inc�ndio;Sem V�timas;Pleno dia;Crescente;C�u Claro;Simples;Reta;N�o;2;0;0;0;1;2;0;3;-11,383705;-55,342533;SPRF-MT;DEL06-MT;UOP02-DEL06-MT;;;
664027;27/02/2025;quinta-feira;14:00:00;BA;101;269;SANTO ANTONIO DE JESUS;Carga excessiva e/ou mal acondicionada;Derramamento de carga;Com V�timas Feridas;Pleno dia;Decrescente;Chuva;Simples;"Curva;Declive";N�o;2;0;1;0;1;0;1;2;-13,01639;-39,289138;SPRF-BA;DEL01-BA;UOP02-DEL01-BA;;;
664036;27/02/2025;quinta-feira;15:11:00;MG;50;175,8;UBERABA;Aus�ncia de rea��o do condutor;Colis�o com objeto;Com V�timas Fatais;Pleno dia;Decrescente;C�u Claro;Dupla;"Reta;Declive";Sim;2;1;0;0;0;1;0;2;-19,779025;-47,962022;SPRF-MG;DEL13-MG;UOP01-DEL13-MG;;;
664038;27/02/2025;quinta-feira;09:40:00;BA;242;450;SEABRA;Ultrapassagem Indevida;Colis�o lateral sentido oposto;Com V�timas Fatais;Pleno dia;Crescente;Nublado;Simples;Reta;N�o;8;3;1;2;1;3;3;7;-12,42822966;-42,03460694;SPRF-BA;DEL06-BA;UOP01-DEL06-BA;;;
664047;27/02/2025;quinta-feira;16:35:00;MG;40;588,5;ITABIRITO;Rea��o tardia ou ineficiente do condutor;Colis�o lateral mesmo sentido;Com V�timas Feridas;Pleno dia;Crescente;C�u Claro;Simples;Curva;N�o;4;0;1;0;2;1;1;4;-20,355464;-43,909544;SPRF-MG;DEL01-MG;UOP02-DEL01-MG;;;
664050;27/02/2025;quinta-feira;17:00:00;PR;277;43;MORRETES;Demais falhas mec�nicas ou el�tricas;Inc�ndio;Sem V�timas;Pleno dia;Crescente;C�u Claro;Dupla;"Aclive;Reta";N�o;1;0;0;0;1;0;0;1;-25,59229082;-48,88068259;SPRF-PR;DEL01-PR;UOP05-DEL01-PR;;;
664052;27/02/2025;quinta-feira;17:40:00;PR;277;725,9;FOZ DO IGUACU;Manobra de mudan�a de faixa;Colis�o lateral mesmo sentido;Com V�timas Feridas;Pleno dia;Crescente;Sol;Dupla;Reta;Sim;5;0;2;0;2;1;2;3;-25,510756;-54,553192;SPRF-PR;DEL05-PR;UOP03-DEL05-PR;;;
664059;27/02/2025;quinta-feira;17:35:00;MG;381;864,7;POUSO ALEGRE;Carga excessiva e/ou mal acondicionada;Colis�o com objeto;Sem V�timas;Pleno dia;Crescente;C�u Claro;Dupla;"Aclive;Curva";N�o;3;0;0;0;2;1;0;3;-22,35187453;-45,92775015;SPRF-MG;DEL16-MG;UOP01-DEL16-MG;;;
664060;27/02/2025;quinta-feira;16:45:00;SC;282;446;PONTE SERRADA;Frear bruscamente;Colis�o frontal;Com V�timas Feridas;Pleno dia;Decrescente;Chuva;Simples;"Declive;Curva";N�o;3;0;0;1;1;1;1;3;-26,91237906;-51,90508962;SPRF-SC;DEL07-SC;UOP04-DEL07-SC;;;
664066;27/02/2025;quinta-feira;17:10:00;PR;376;490,9;PONTA GROSSA;Condutor deixou de manter dist�ncia do ve�culo da frente;Engavetamento;Com V�timas Feridas;Pleno dia;Crescente;Sol;Dupla;"Declive;Reta";N�o;7;0;1;0;5;3;1;8;-25,107779;-50,191627;SPRF-PR;DEL03-PR;UOP04-DEL03-PR;;;
664067;27/02/2025;quinta-feira;17:30:00;SC;282;26,7;SANTO AMARO DA IMPERATRIZ;Acessar a via sem observar a presen�a dos outros ve�culos;Colis�o transversal;Com V�timas Feridas;Pleno dia;Crescente;Nublado;Simples;"Interse��o de Vias;Reta";Sim;8;0;3;2;2;1;5;3;-27,680267;-48,762482;SPRF-SC;DEL01-SC;UOP03-DEL01-SC;;;
664068;27/02/2025;quinta-feira;17:00:00;MS;463;55;PONTA PORA;Mal s�bito do condutor;Sa�da de leito carro��vel;Com V�timas Fatais;Pleno dia;Decrescente;C�u Claro;Simples;Reta;N�o;2;1;0;0;1;0;0;1;-22,391452;-55,280833;SPRF-MS;DEL04-MS;UOP03-DEL04-MS;;;
664071;09/02/2025;domingo;06:00:00;PE;232;531,6;TERRA NOVA;Demais falhas mec�nicas ou el�tricas;Inc�ndio;Sem V�timas;Pleno dia;Crescente;C�u Claro;Simples;Reta;N�o;2;0;0;0;1;2;0;3;-8,07649811;-39,32277899;SPRF-PE;DEL05-PE;UOP01-DEL05-PE;;;
664082;27/02/2025;quinta-feira;15:05:00;MG;365;737,1;ITUIUTABA;Velocidade Incompat�vel;Colis�o lateral sentido oposto;Com V�timas Feridas;Pleno dia;Crescente;Chuva;Simples;Reta;N�o;7;0;2;0;2;4;2;6;-18,908399;-49,344792;SPRF-MG;DEL15-MG;UOP03-DEL15-MG;;;
664087;27/02/2025;quinta-feira;18:00:00;SC;280;41;ARAQUARI;Demais falhas mec�nicas ou el�tricas;Tombamento;Com V�timas Feridas;Plena Noite;Decrescente;C�u Claro;Dupla;Reta;N�o;1;0;1;0;0;0;1;1;-26,4502429;-48,8603418;SPRF-SC;DEL03-SC;UOP03-DEL03-SC;;;
664090;27/02/2025;quinta-feira;19:30:00;RS;116;224;DOIS IRMAOS;Desrespeitar a prefer�ncia no cruzamento;Colis�o transversal;Com V�timas Feridas;Plena Noite;Crescente;Nublado;Simples;"Rotat�ria;Reta;Interse��o de Vias";Sim;5;0;4;0;1;0;4;2;-29,589446;-51,107672;SPRF-RS;DEL01-RS;UOP02-DEL01-RS;;;
664095;27/02/2025;quinta-feira;20:00:00;GO;452;19;RIO VERDE;Rea��o tardia ou ineficiente do condutor;Sa�da de leito carro��vel;Com V�timas Feridas;Plena Noite;Crescente;C�u Claro;Simples;Declive;N�o;2;0;1;0;0;1;1;2;-17,866898;-50,735388;SPRF-GO;DEL04-GO;UOP01-DEL04-GO;;;
664098;27/02/2025;quinta-feira;17:20:00;PA;163;665,9;ITAITUBA;Rea��o tardia ou ineficiente do condutor;Colis�o traseira;Com V�timas Feridas;Pleno dia;Decrescente;C�u Claro;Simples;Reta;N�o;3;0;2;0;0;5;2;7;-4,420145;-55,802515;SPRF-PA;DEL05-PA;UOP02-DEL05-PA;;;
664102;27/02/2025;quinta-feira;20:15:00;RJ;101;108,3;CAMPOS DOS GOYTACAZES;Condutor deixou de manter dist�ncia do ve�culo da frente;Colis�o traseira;Com V�timas Feridas;Plena Noite;Crescente;C�u Claro;Dupla;Reta;N�o;2;0;1;0;1;0;1;2;-21,943888;-41,63403;SPRF-RJ;DEL08-RJ;UOP02-DEL08-RJ;;;
664107;27/02/2025;quinta-feira;19:12:00;PE;316;43;ARARIPINA;Transitar na contram�o;Colis�o frontal;Com V�timas Feridas;Plena Noite;Decrescente;Nublado;Simples;Reta;N�o;2;0;1;0;1;0;1;2;-7,678528;-40,370075;SPRF-PE;DEL05-PE;UOP02-DEL05-PE;;;
664109;27/02/2025;quinta-feira;20:57:00;BA;116;751,6;POCOES;Manobra de mudan�a de faixa;Colis�o transversal;Com V�timas Feridas;Plena Noite;Decrescente;Nublado;Simples;"Reta;Aclive";N�o;3;0;0;2;1;0;2;2;-14,491227;-40,344483;SPRF-BA;DEL08-BA;UOP02-DEL08-BA;;;
664113;27/02/2025;quinta-feira;17:50:00;PR;163;159,8;LINDOESTE;Velocidade Incompat�vel;Tombamento;Com V�timas Fatais;Pleno dia;Crescente;C�u Claro;Dupla;"Aclive;Curva";N�o;2;1;0;0;0;2;0;3;-25,3174797;-53,59033763;SPRF-PR;DEL05-PR;UOP05-DEL05-PR;;;
664116;27/02/2025;quinta-feira;20:30:00;RJ;116;269;BARRA MANSA;Condutor deixou de manter dist�ncia do ve�culo da frente;Colis�o traseira;Com V�timas Feridas;Plena Noite;Crescente;C�u Claro;Simples;"Aclive;Curva";N�o;4;0;1;0;2;1;1;4;-22,56143471;-44,15404497;SPRF-RJ;DEL07-RJ;UOP02-DEL07-RJ;;;
664124;27/02/2025;quinta-feira;22:54:00;MS;163;456;CAMPO GRANDE;Acessar a via sem observar a presen�a dos outros ve�culos;Colis�o transversal;Com V�timas Feridas;Plena Noite;Crescente;C�u Claro;Simples;"Interse��o de Vias;Reta";N�o;4;0;1;1;1;1;2;3;-20,6852183;-54,5539127;SPRF-MS;DEL01-MS;UOP01-DEL01-MS;;;
664133;28/02/2025;sexta-feira;03:22:00;PE;101;83;JABOATAO DOS GUARARAPES;Aus�ncia de rea��o do condutor;Sa�da de leito carro��vel;Com V�timas Feridas;Plena Noite;Decrescente;C�u Claro;Dupla;Reta;Sim;1;0;0;1;0;0;1;1;-8,1780821;-34,9487675;SPRF-PE;DEL01-PE;UOP01-DEL01-PE;;;
664140;28/02/2025;sexta-feira;05:30:00;MA;316;499,6;CODO;Demais falhas mec�nicas ou el�tricas;Inc�ndio;Sem V�timas;Amanhecer;Crescente;Nublado;Simples;Reta;N�o;2;0;0;0;1;1;0;2;-4,710512;-43,769145;SPRF-MA;DEL03-MA;UOP02-DEL03-MA;;;
664142;28/02/2025;sexta-feira;06:15:00;RJ;116;201;QUEIMADOS;Aus�ncia de rea��o do condutor;Colis�o traseira;Sem V�timas;Amanhecer;Decrescente;Sol;Dupla;Reta;N�o;4;0;0;0;4;0;0;3;-22,7303282;-43,5941753;SPRF-RJ;DEL06-RJ;UOP02-DEL06-RJ;;;
664144;28/02/2025;sexta-feira;06:10:00;GO;20;231;GUARANI DE GOIAS;Demais falhas mec�nicas ou el�tricas;Inc�ndio;Sem V�timas;Amanhecer;Decrescente;C�u Claro;Simples;Reta;N�o;2;0;0;0;1;3;0;4;-14,03210497;-46,24671936;SPRF-DF;DEL02-DF;UOP03-DEL02-DF;;;
664145;17/01/2025;sexta-feira;15:30:00;RJ;116;32;SAPUCAIA;Condutor deixou de manter dist�ncia do ve�culo da frente;Colis�o transversal;Sem V�timas;Pleno dia;Decrescente;C�u Claro;Simples;Curva;N�o;3;0;0;0;3;0;0;2;-22,08349192;-42,808942;SPRF-RJ;DEL05-RJ;UOP01-DEL05-RJ;;;
664147;28/02/2025;sexta-feira;05:30:00;SC;101;158;PORTO BELO;Condutor Dormindo;Colis�o lateral mesmo sentido;Sem V�timas;Amanhecer;Crescente;C�u Claro;Dupla;Reta;Sim;4;0;0;0;3;3;0;6;-27,19413635;-48,6128615;SPRF-SC;DEL04-SC;UOP03-DEL04-SC;;;
664150;28/02/2025;sexta-feira;06:30:00;ES;101;283,9;CARIACICA;Ingest�o de �lcool pelo condutor;Engavetamento;Com V�timas Feridas;Pleno dia;Decrescente;Sol;M�ltipla;"Aclive;Reta";N�o;6;0;1;0;3;2;1;6;-20,24403965;-40,36985958;SPRF-ES;DEL01-ES;UOP01-DEL01-ES;;;
664153;28/02/2025;sexta-feira;07:00:00;MG;381;365;SAO GONCALO DO RIO ABAIXO;Velocidade Incompat�vel;Tombamento;Com V�timas Feridas;Pleno dia;Crescente;C�u Claro;Simples;Curva;N�o;3;0;1;0;1;2;1;4;-19,84818298;-43,25205803;SPRF-MG;DEL03-MG;UOP01-DEL03-MG;;;
664164;28/02/2025;sexta-feira;07:20:00;RS;470;217;BENTO GONCALVES;Manobra de mudan�a de faixa;Colis�o lateral mesmo sentido;Sem V�timas;Pleno dia;Crescente;C�u Claro;Dupla;"Reta;Rotat�ria";Sim;4;0;0;0;3;1;0;3;-29,17485903;-51,52388871;SPRF-RS;DEL06-RS;UOP01-DEL06-RS;;;
664167;25/02/2025;ter�a-feira;23:20:00;MG;116;383,5;MATHIAS LOBATO;Transitar na contram�o;Colis�o lateral sentido oposto;Com V�timas Feridas;Plena Noite;Decrescente;C�u Claro;Simples;Reta;N�o;2;0;0;1;1;0;1;2;-18,635704;-41,948747;SPRF-MG;DEL06-MG;UOP01-DEL06-MG;;;
664169;28/02/2025;sexta-feira;04:20:00;RS;116;95,5;SAO MARCOS;Rea��o tardia ou ineficiente do condutor;Colis�o com objeto;Sem V�timas;Amanhecer;Decrescente;Ignorado;Simples;Reta;N�o;1;0;0;0;1;0;0;1;-28,882461;-51,148005;SPRF-RS;DEL05-RS;UOP03-DEL05-RS;;;
664177;28/02/2025;sexta-feira;07:45:00;PR;376;488,4;PONTA GROSSA;Rea��o tardia ou ineficiente do condutor;Colis�o traseira;Com V�timas Feridas;Pleno dia;Decrescente;C�u Claro;Dupla;"Aclive;Reta";Sim;3;0;0;1;2;0;1;3;-25,08688592;-50,1936847;SPRF-PR;DEL03-PR;UOP04-DEL03-PR;;;
664184;28/02/2025;sexta-feira;09:30:00;PR;277;608;SANTA TEREZA DO OESTE;Aus�ncia de rea��o do condutor;Colis�o lateral sentido oposto;Com V�timas Feridas;Pleno dia;Crescente;C�u Claro;Simples;Reta;Sim;4;0;1;0;2;3;1;6;-25,0430143;-53,6049417;SPRF-PR;DEL05-PR;UOP02-DEL05-PR;;;
664185;28/02/2025;sexta-feira;09:05:00;RJ;116;89;TERESOPOLIS;Velocidade Incompat�vel;Tombamento;Sem V�timas;Pleno dia;Decrescente;C�u Claro;Simples;Curva;N�o;2;0;0;0;1;3;0;4;-22,45916279;-42,97373056;SPRF-RJ;DEL04-RJ;UOP01-DEL04-RJ;;;
664186;28/02/2025;sexta-feira;10:10:00;RJ;101;162;MACAE;Demais falhas mec�nicas ou el�tricas;Colis�o transversal;Com V�timas Feridas;Pleno dia;Crescente;C�u Claro;Simples;Reta;N�o;2;0;1;0;1;0;1;2;-22,34277239;-41,91764832;SPRF-RJ;DEL08-RJ;UOP04-DEL08-RJ;;;
664191;28/02/2025;sexta-feira;10:00:00;PE;101;86;JABOATAO DOS GUARARAPES;Acessar a via sem observar a presen�a dos outros ve�culos;Colis�o transversal;Com V�timas Feridas;Pleno dia;Decrescente;Nublado;Dupla;Reta;Sim;3;0;2;0;0;1;2;3;-8,18452;-34,96705;SPRF-PE;DEL01-PE;UOP01-DEL01-PE;;;
664194;28/02/2025;sexta-feira;10:50:00;RS;470;231,5;CARLOS BARBOSA;Demais falhas mec�nicas ou el�tricas;Inc�ndio;Sem V�timas;Pleno dia;Decrescente;C�u Claro;Simples;"Aclive;Reta";N�o;2;0;0;0;2;0;0;1;-29,28776932;-51,48893064;SPRF-RS;DEL06-RS;UOP01-DEL06-RS;;;
664196;28/02/2025;sexta-feira;10:30:00;SC;280;1;MAFRA;Problema com o freio;Sa�da de leito carro��vel;Sem V�timas;Pleno dia;Crescente;C�u Claro;Simples;"Reta;Declive";N�o;2;0;0;0;1;1;0;2;-26,20386631;-49,79088509;SPRF-SC;DEL03-SC;UOP03-DEL03-SC;;;
664199;28/02/2025;sexta-feira;11:00:00;PR;369;359;MAMBORE;Problema com o freio;Inc�ndio;Com V�timas Feridas;Pleno dia;Decrescente;C�u Claro;Simples;Reta;N�o;2;0;1;0;1;0;1;1;-24,24027323;-52,52170801;SPRF-PR;DEL09-PR;UOP03-DEL09-PR;;;
664202;28/02/2025;sexta-feira;11:50:00;PR;376;201;MANDAGUARI;Aus�ncia de rea��o do condutor;Colis�o traseira;Com V�timas Feridas;Pleno dia;Crescente;C�u Claro;Dupla;Reta;N�o;2;0;0;1;1;0;1;2;-23,5082744;-51,72706604;SPRF-PR;DEL09-PR;UOP01-DEL09-PR;;;
664207;28/02/2025;sexta-feira;07:00:00;RS;392;223,5;CACAPAVA DO SUL;Rea��o tardia ou ineficiente do condutor;Sa�da de leito carro��vel;Com V�timas Feridas;Amanhecer;Decrescente;Chuva;Simples;Curva;N�o;2;0;1;0;0;2;1;3;-30,708;-53,234;SPRF-RS;DEL09-RS;UOP02-DEL09-RS;;;
664212;28/02/2025;sexta-feira;12:00:00;RS;116;42,8;VACARIA;Acessar a via sem observar a presen�a dos outros ve�culos;Colis�o transversal;Sem V�timas;Pleno dia;Crescente;C�u Claro;Simples;"Interse��o de Vias;Rotat�ria;Reta";N�o;2;0;0;0;2;0;0;2;-28,53519485;-50,96142948;SPRF-RS;DEL05-RS;UOP03-DEL05-RS;;;
664215;28/02/2025;sexta-feira;11:30:00;BA;101;241;CONCEICAO DO ALMEIDA;Ultrapassagem Indevida;Colis�o frontal;Com V�timas Fatais;Pleno dia;Decrescente;Chuva;Simples;Curva;N�o;4;1;0;1;1;1;1;3;-12,80911634;-39,19964433;SPRF-BA;DEL01-BA;UOP02-DEL01-BA;;;
664216;28/02/2025;sexta-feira;12:00:00;ES;101;289;CARIACICA;Aus�ncia de rea��o do condutor;Engavetamento;Com V�timas Feridas;Pleno dia;Decrescente;C�u Claro;Dupla;Reta;Sim;11;0;0;1;8;2;1;11;-20,28835907;-40,39202213;SPRF-ES;DEL01-ES;UOP01-DEL01-ES;;;
664221;20/02/2025;quinta-feira;07:40:00;RS;116;153,8;CAXIAS DO SUL;Manobra de mudan�a de faixa;Tombamento;Com V�timas Feridas;Pleno dia;Decrescente;C�u Claro;Dupla;Reta;Sim;2;0;1;0;1;0;1;2;-29,18877854;-51,18237913;SPRF-RS;DEL05-RS;UOP01-DEL05-RS;;;
664222;28/02/2025;sexta-feira;12:20:00;RS;285;182,3;CAPAO BONITO DO SUL;Curva acentuada;Sa�da de leito carro��vel;Com V�timas Feridas;Pleno dia;Decrescente;Sol;Simples;Curva;N�o;2;0;1;0;0;2;1;3;-28,29368361;-51,4109087;SPRF-RS;DEL08-RS;UOP05-DEL08-RS;;;
664224;20/02/2025;quinta-feira;05:00:00;BA;101;569;ARATACA;Velocidade Incompat�vel;Sa�da de leito carro��vel;Com V�timas Feridas;Amanhecer;Crescente;Chuva;Simples;Curva;N�o;2;0;1;0;0;1;1;2;-15,2712702;-39,4657376;SPRF-BA;DEL05-BA;UOP02-DEL05-BA;;;
664235;28/02/2025;sexta-feira;14:30:00;RJ;101;59;CAMPOS DOS GOYTACAZES;Suic�dio (presumido);Atropelamento de Pedestre;Com V�timas Fatais;Pleno dia;Decrescente;C�u Claro;Simples;Reta;Sim;3;1;0;0;1;2;0;4;-21,719578;-41,313288;SPRF-RJ;DEL08-RJ;UOP01-DEL08-RJ;;;
664239;28/02/2025;sexta-feira;14:30:00;RS;285;293,9;PASSO FUNDO;Carga excessiva e/ou mal acondicionada;Derramamento de carga;Sem V�timas;Pleno dia;Crescente;Nublado;Simples;"Curva;Declive";Sim;2;0;0;0;1;1;0;2;-28,2349;-52,3822;SPRF-RS;DEL08-RS;UOP03-DEL08-RS;;;
664242;28/02/2025;sexta-feira;10:30:00;RO;364;381,2;OURO PRETO DO OESTE;Rea��o tardia ou ineficiente do condutor;Sa�da de leito carro��vel;Sem V�timas;Pleno dia;Crescente;C�u Claro;Simples;Curva;N�o;2;0;0;0;1;1;0;2;-10,727823;-62,230608;SPRF-RO;DEL02-RO;UOP01-DEL02-RO;;;
664244;24/01/2025;sexta-feira;07:30:00;MG;251;349,6;FRUTA DE LEITE;Velocidade Incompat�vel;Tombamento;Com V�timas Fatais;Pleno dia;Decrescente;C�u Claro;Simples;"Declive;Curva";N�o;4;1;0;0;0;3;0;3;-16,27293323;-42,53130451;SPRF-MG;DEL12-MG;UOP02-DEL12-MG;;;
664255;28/02/2025;sexta-feira;15:40:00;MG;262;481;CONTAGEM;Velocidade Incompat�vel;Tombamento;Com V�timas Feridas;Pleno dia;Crescente;Sol;Dupla;"Interse��o de Vias;Reta";Sim;3;0;1;0;1;1;1;3;-19,95860061;-44,06208027;SPRF-MG;DEL08-MG;UOP03-DEL08-MG;;;
664258;28/02/2025;sexta-feira;11:20:00;SC;101;121;ITAJAI;Rea��o tardia ou ineficiente do condutor;Engavetamento;Com V�timas Feridas;Pleno dia;Decrescente;C�u Claro;Dupla;Reta;Sim;4;0;2;0;2;0;2;3;-26,92105;-48,70838;SPRF-SC;DEL04-SC;UOP04-DEL04-SC;;;
664265;28/02/2025;sexta-feira;10:40:00;RO;364;99;VILHENA;Aus�ncia de rea��o do condutor;Colis�o traseira;Com V�timas Feridas;Pleno dia;Decrescente;C�u Claro;Simples;Reta;N�o;4;0;1;0;2;1;1;2;-12,275626;-60,64165;SPRF-RO;DEL04-RO;UOP01-DEL04-RO;;;
664271;28/02/2025;sexta-feira;12:20:00;SP;116;165;JACAREI;Rea��o tardia ou ineficiente do condutor;Colis�o traseira;Sem V�timas;Pleno dia;Crescente;C�u Claro;M�ltipla;Reta;N�o;3;0;0;0;2;2;0;4;-23,29649559;-46,00753784;SPRF-SP;DEL02-SP;UOP01-DEL02-SP;;;