id;data_inversa;dia_semana;horario;uf;br;km;municipio;causa_acidente;tipo_acidente;classificacao_acidente;fase_dia;sentido_via;condicao_metereologica;tipo_pista;tracado_via;uso_solo;pessoas;mortos;feridos_leves;feridos_graves;ilesos;ignorados;feridos;veiculos;latitude;longitude;regional;delegacia;uop;;;
664274;28/02/2025;sexta-feira;16:50:00;MG;381;4,2;BETIM;Manobra de mudan�a de faixa;Colis�o lateral mesmo sentido;Com V�timas Feridas;Pleno dia;Crescente;C�u Claro;Dupla;Reta;Sim;2;0;1;0;1;0;1;2;-19,98698111;-44,17757034;SPRF-MG;DEL01-MG;UOP03-DEL01-MG;;;
664276;28/02/2025;sexta-feira;17:20:00;SP;381;41;ATIBAIA;Aus�ncia de rea��o do condutor;Colis�o traseira;Com V�timas Feridas;Pleno dia;Decrescente;C�u Claro;M�ltipla;Reta;N�o;2;0;1;0;1;0;1;2;-23,16631509;-46,57556916;SPRF-SP;DEL03-SP;UOP01-DEL03-SP;;;
664278;28/02/2025;sexta-feira;04:15:00;SC;101;284,8;IMBITUBA;Aus�ncia de rea��o do condutor;Colis�o traseira;Sem V�timas;Plena Noite;Crescente;Ignorado;Dupla;Curva;N�o;2;0;0;0;1;1;0;2;-28,236519;-48,700818;SPRF-SC;DEL02-SC;UOP03-DEL02-SC;;;
664285;27/02/2025;quinta-feira;11:10:00;SC;116;205,2;PONTE ALTA;Aus�ncia de rea��o do condutor;Colis�o lateral sentido oposto;Com V�timas Feridas;Pleno dia;Crescente;C�u Claro;Simples;"Aclive;Reta";Sim;3;0;2;0;0;2;2;4;-27,465591;-50,385976;SPRF-SC;DEL05-SC;UOP03-DEL05-SC;;;
664289;28/02/2025;sexta-feira;16:00:00;PR;376;0,8;SAO JOSE DOS PINHAIS;Manobra de mudan�a de faixa;Colis�o traseira;Com V�timas Fatais;Pleno dia;Decrescente;C�u Claro;Dupla;Reta;Sim;2;1;0;0;1;0;0;2;-25,5613309;-49,1846452;SPRF-PR;DEL01-PR;UOP04-DEL01-PR;;;
664293;28/02/2025;sexta-feira;09:45:00;SC;282;409,9;CATANDUVAS;Desrespeitar a prefer�ncia no cruzamento;Colis�o transversal;Com V�timas Feridas;Pleno dia;Crescente;C�u Claro;Simples;Interse��o de Vias;Sim;3;0;2;0;1;0;2;2;-27,066995;-51,66306;SPRF-SC;DEL07-SC;UOP05-DEL07-SC;;;
664296;28/02/2025;sexta-feira;18:35:00;MG;381;913,8;CAMANDUCAIA;Aus�ncia de rea��o do condutor;Colis�o lateral mesmo sentido;Com V�timas Fatais;Anoitecer;Crescente;C�u Claro;Dupla;"Declive;Reta";N�o;3;1;0;0;0;2;0;3;-22,714952;-46,124257;SPRF-MG;DEL16-MG;UOP03-DEL16-MG;;;
664299;28/02/2025;sexta-feira;19:15:00;SP;381;67;ATIBAIA;Aus�ncia de rea��o do condutor;Colis�o lateral mesmo sentido;Com V�timas Feridas;Plena Noite;Decrescente;Garoa/Chuvisco;M�ltipla;Reta;N�o;4;0;1;0;2;1;1;3;-23,191453;-46,5853588;SPRF-SP;DEL03-SP;UOP01-DEL03-SP;;;
664302;28/02/2025;sexta-feira;17:30:00;PA;155;239;ELDORADO DO CARAJAS;Aus�ncia de rea��o do condutor;Colis�o traseira;Com V�timas Feridas;Anoitecer;Crescente;Garoa/Chuvisco;Simples;Reta;N�o;5;0;1;1;2;6;2;9;-6,196067;-49,368835;SPRF-PA;DEL03-PA;UOP01-DEL03-PA;;;
664303;28/02/2025;sexta-feira;19:00:00;SP;153;73,9;SAO JOSE DO RIO PRETO;Manobra de mudan�a de faixa;Colis�o traseira;Com V�timas Feridas;Plena Noite;Decrescente;Nublado;Dupla;Reta;N�o;4;0;1;0;3;0;1;2;-20,88255172;-49,42450279;SPRF-SP;DEL09-SP;UOP01-DEL09-SP;;;
664307;28/02/2025;sexta-feira;12:35:00;PR;277;363,3;GUARAPUAVA;Convers�o proibida;Colis�o transversal;Com V�timas Feridas;Pleno dia;Decrescente;C�u Claro;Simples;"Reta;Declive";N�o;4;0;1;1;1;2;2;4;-25,43747169;-51,63902454;SPRF-PR;DEL08-PR;UOP01-DEL08-PR;;;
664310;28/02/2025;sexta-feira;19:00:00;RJ;40;111;DUQUE DE CAXIAS;Condutor deixou de manter dist�ncia do ve�culo da frente;Colis�o traseira;Com V�timas Feridas;Anoitecer;Decrescente;C�u Claro;M�ltipla;"Declive;Reta";Sim;5;0;2;0;3;0;2;4;-22,69174657;-43,28734093;SPRF-RJ;DEL01-RJ;UOP02-DEL01-RJ;;;
664312;27/02/2025;quinta-feira;16:20:00;SP;116;218;GUARULHOS;Aus�ncia de rea��o do condutor;Colis�o lateral mesmo sentido;Sem V�timas;Pleno dia;Crescente;Nublado;M�ltipla;Reta;Sim;3;0;0;0;3;0;0;2;-23,4565396;-46,4778432;SPRF-SP;DEL01-SP;UOP01-DEL01-SP;;;
664328;28/02/2025;sexta-feira;20:35:00;ES;101;453,3;MIMOSO DO SUL;Condutor Dormindo;Sa�da de leito carro��vel;Com V�timas Feridas;Plena Noite;Crescente;C�u Claro;Simples;Reta;N�o;1;0;1;0;0;0;1;1;-21,16979798;-41,28762156;SPRF-ES;DEL03-ES;UOP02-DEL03-ES;;;
664332;28/02/2025;sexta-feira;21:10:00;PR;116;10;COLOMBO;Rea��o tardia ou ineficiente do condutor;Colis�o traseira;Com V�timas Feridas;Plena Noite;Decrescente;Nublado;Dupla;Reta;Sim;2;0;0;1;1;0;1;2;-25,37221649;-49,13561761;SPRF-PR;DEL01-PR;UOP02-DEL01-PR;;;
664334;28/02/2025;sexta-feira;20:50:00;PR;376;301,5;MAUA DA SERRA;Rea��o tardia ou ineficiente do condutor;Colis�o traseira;Com V�timas Feridas;Plena Noite;Crescente;C�u Claro;Dupla;"Aclive;Reta";N�o;7;0;3;2;1;1;5;3;-23,93554132;-51,15049839;SPRF-PR;DEL07-PR;UOP02-DEL07-PR;;;
664337;28/02/2025;sexta-feira;20:10:00;PE;232;320;CUSTODIA;Ultrapassagem Indevida;Colis�o frontal;Com V�timas Fatais;Plena Noite;Decrescente;C�u Claro;Simples;Reta;N�o;12;1;3;6;1;1;9;4;-8,123078;-37,533947;SPRF-PE;DEL04-PE;UOP02-DEL04-PE;;;
664339;28/02/2025;sexta-feira;16:45:00;GO;364;199;JATAI;Condutor deixou de manter dist�ncia do ve�culo da frente;Colis�o lateral mesmo sentido;Com V�timas Fatais;Pleno dia;Decrescente;C�u Claro;Dupla;"Reta;Em Obras;Ponte";N�o;3;1;0;0;1;3;0;5;-17,91906946;-51,75119704;SPRF-GO;DEL05-GO;UOP01-DEL05-GO;;;
664341;28/02/2025;sexta-feira;21:50:00;RS;285;456;IJUI;Acessar a via sem observar a presen�a dos outros ve�culos;Colis�o transversal;Com V�timas Feridas;Plena Noite;Decrescente;Nublado;Simples;"Reta;Interse��o de Vias";Sim;3;0;1;0;1;1;1;3;-28,38894637;-53,89240265;SPRF-RS;DEL10-RS;UOP01-DEL10-RS;;;
664342;28/02/2025;sexta-feira;19:26:00;GO;60;42;ALEXANIA;Condutor Dormindo;Colis�o traseira;Com V�timas Feridas;Plena Noite;Crescente;C�u Claro;Dupla;Reta;N�o;4;0;1;1;1;1;2;3;-16,109948;-48,577502;SPRF-DF;DEL03-DF;UOP01-DEL03-DF;;;
664349;28/02/2025;sexta-feira;22:18:00;SP;116;299;SAO LOURENCO DA SERRA;Manobra de mudan�a de faixa;Colis�o lateral mesmo sentido;Sem V�timas;Plena Noite;Crescente;C�u Claro;Dupla;"Reta;Declive";N�o;6;0;0;0;6;0;0;2;-23,79211345;-46,91506944;SPRF-SP;DEL04-SP;UOP01-DEL04-SP;;;
664350;28/02/2025;sexta-feira;20:00:00;MA;135;67;SANTA RITA;Transitar na contram�o;Colis�o frontal;Com V�timas Feridas;Plena Noite;Crescente;C�u Claro;Dupla;Reta;N�o;5;0;3;0;1;2;3;5;-3,114607;-44,32343;SPRF-MA;DEL01-MA;UOP02-DEL01-MA;;;
664355;28/02/2025;sexta-feira;21:25:00;BA;101;351;WENCESLAU GUIMARAES;Rea��o tardia ou ineficiente do condutor;Colis�o traseira;Com V�timas Feridas;Plena Noite;Crescente;Nublado;Simples;Reta;N�o;3;0;0;1;1;2;1;4;-13,630816;-39,493423;SPRF-BA;DEL05-BA;UOP03-DEL05-BA;;;
664356;28/02/2025;sexta-feira;22:50:00;ES;101;391,1;RIO NOVO DO SUL;Aus�ncia de rea��o do condutor;Tombamento;Com V�timas Feridas;Plena Noite;Crescente;C�u Claro;Simples;Curva;N�o;2;0;0;1;0;1;1;2;-20,86507;-40,89711;SPRF-ES;DEL03-ES;UOP02-DEL03-ES;;;
664371;01/03/2025;s�bado;01:18:00;ES;101;121,5;SOORETAMA;Ultrapassagem Indevida;Colis�o frontal;Com V�timas Fatais;Plena Noite;Crescente;Chuva;Simples;Reta;N�o;3;1;0;0;1;1;0;3;-19,19514857;-40,09520531;SPRF-ES;DEL04-ES;UOP01-DEL04-ES;;;
664372;28/02/2025;sexta-feira;20:20:00;SC;116;114,9;SANTA CECILIA;Velocidade Incompat�vel;Tombamento;Com V�timas Feridas;Plena Noite;Decrescente;C�u Claro;Simples;"Declive;Curva";N�o;2;0;1;0;0;1;1;2;-26,80149036;-50,33860445;SPRF-SC;DEL06-SC;UOP02-DEL06-SC;;;
664373;28/02/2025;sexta-feira;16:00:00;MT;174;543;COMODORO;Mal s�bito do condutor;Colis�o lateral sentido oposto;Com V�timas Fatais;Pleno dia;Crescente;Chuva;Simples;Aclive;N�o;5;1;1;0;2;4;1;8;-13,15258956;-59,87681866;SPRF-MT;DEL04-MT;UOP02-DEL04-MT;;;
664375;01/03/2025;s�bado;01:49:00;SC;101;232;PALHOCA;Rea��o tardia ou ineficiente do condutor;Colis�o lateral mesmo sentido;Com V�timas Feridas;Plena Noite;Crescente;C�u Claro;Dupla;Reta;N�o;4;0;1;0;2;1;1;3;-27,81531066;-48,63226891;SPRF-SC;DEL01-SC;UOP02-DEL01-SC;;;
664376;01/03/2025;s�bado;01:00:00;PR;277;140;BALSA NOVA;Rea��o tardia ou ineficiente do condutor;Engavetamento;Com V�timas Feridas;Plena Noite;Crescente;C�u Claro;Dupla;Reta;N�o;5;0;2;0;2;4;2;7;-25,471558;-49,665897;SPRF-PR;DEL03-PR;UOP03-DEL03-PR;;;
664382;01/03/2025;s�bado;02:51:00;SP;116;212;GUARULHOS;Demais falhas mec�nicas ou el�tricas;Colis�o traseira;Com V�timas Feridas;Plena Noite;Decrescente;Ignorado;M�ltipla;Aclive;Sim;8;0;3;3;2;0;6;2;-23,4379756;-46,43309045;SPRF-SP;DEL01-SP;UOP01-DEL01-SP;;;
664394;28/02/2025;sexta-feira;22:35:00;PR;277;199,9;PALMEIRA;Rea��o tardia ou ineficiente do condutor;Colis�o lateral mesmo sentido;Sem V�timas;Plena Noite;Crescente;Nublado;Simples;Reta;N�o;5;0;0;0;4;1;0;3;-25,458757;-50,213085;SPRF-PR;DEL08-PR;UOP02-DEL08-PR;;;
664399;01/03/2025;s�bado;05:00:00;MG;381;504,3;BETIM;Rea��o tardia ou ineficiente do condutor;Colis�o lateral mesmo sentido;Sem V�timas;Amanhecer;Crescente;C�u Claro;Dupla;Reta;Sim;2;0;0;0;1;1;0;2;-20,030854;-44,236879;SPRF-MG;DEL01-MG;UOP03-DEL01-MG;;;
664405;28/02/2025;sexta-feira;17:00:00;PI;135;607,1;CORRENTE;Transitar na contram�o;Colis�o frontal;Com V�timas Feridas;Pleno dia;Decrescente;C�u Claro;Simples;Reta;N�o;4;0;2;0;2;0;2;3;-10,570163;-45,20443;SPRF-PI;DEL03-PI;UOP02-DEL03-PI;;;
664407;01/03/2025;s�bado;03:00:00;PI;343;70;BURITI DOS LOPES;Ingest�o de �lcool pelo condutor;Colis�o frontal;Sem V�timas;Amanhecer;Crescente;C�u Claro;Simples;Reta;N�o;3;0;0;0;2;2;0;4;-3,32348379;-41,74073426;SPRF-PI;DEL05-PI;UOP01-DEL05-PI;;;
664414;01/03/2025;s�bado;02:30:00;AL;316;102,4;DOIS RIACHOS;Animais na Pista;Atropelamento de Animal;Com V�timas Feridas;Plena Noite;Crescente;C�u Claro;Simples;Reta;N�o;6;0;1;1;4;0;2;3;-9,390863;-37,039363;SPRF-AL;DEL03-AL;UOP01-DEL03-AL;;;
664415;01/03/2025;s�bado;05:30:00;CE;116;164;RUSSAS;Aus�ncia de rea��o do condutor;Colis�o com objeto;Com V�timas Fatais;Amanhecer;Decrescente;C�u Claro;Simples;Curva;Sim;2;1;0;0;0;1;0;2;-4,95209016;-37,99467087;SPRF-CE;DEL03-CE;UOP01-DEL03-CE;;;
664416;01/03/2025;s�bado;04:20:00;RO;364;196,4;PIMENTA BUENO;Condutor Dormindo;Colis�o traseira;Com V�timas Feridas;Amanhecer;Decrescente;C�u Claro;Dupla;Reta;Sim;2;0;1;0;1;0;1;2;-11,683243;-61,185718;SPRF-RO;DEL02-RO;UOP02-DEL02-RO;;;
664423;01/03/2025;s�bado;06:08:00;RJ;116;125;MAGE;Condutor Dormindo;Sa�da de leito carro��vel;Com V�timas Feridas;Pleno dia;Crescente;Sol;Dupla;Reta;Sim;1;0;1;0;0;0;1;1;-22,64770274;-43,07254285;SPRF-RJ;DEL04-RJ;UOP02-DEL04-RJ;;;
664424;01/03/2025;s�bado;06:50:00;GO;60;12;SANTO ANTONIO DO DESCOBERTO;Rea��o tardia ou ineficiente do condutor;Colis�o traseira;Com V�timas Feridas;Amanhecer;Decrescente;Sol;Dupla;Aclive;N�o;6;0;1;0;4;1;1;3;-16,10517034;-48,29580689;SPRF-DF;DEL03-DF;UOP01-DEL03-DF;;;
664427;28/02/2025;sexta-feira;13:25:00;RJ;116;25;SAPUCAIA;Condutor usando celular;Colis�o transversal;Com V�timas Feridas;Pleno dia;Crescente;Sol;Simples;Reta;N�o;2;0;1;0;1;0;1;2;-22,03492126;-42,77958155;SPRF-RJ;DEL05-RJ;UOP01-DEL05-RJ;;;
664428;28/02/2025;sexta-feira;20:00:00;RS;290;60;GRAVATAI;Aus�ncia de rea��o do condutor;Colis�o lateral mesmo sentido;Sem V�timas;Plena Noite;Decrescente;C�u Claro;M�ltipla;Reta;N�o;3;0;0;0;2;1;0;3;-29,9248484;-50,8617438;SPRF-RS;DEL03-RS;UOP01-DEL03-RS;;;
664434;28/02/2025;sexta-feira;00:00:00;MT;364;493;JANGADA;Aus�ncia de rea��o do condutor;Sa�da de leito carro��vel;Sem V�timas;Plena Noite;Crescente;Nevoeiro/Neblina;Simples;Reta;Sim;2;0;0;0;0;2;0;2;-15,25209577;-56,46728039;SPRF-MT;DEL01-MT;UOP01-DEL01-MT;;;
664440;09/02/2025;domingo;08:44:00;PR;376;186;MARIALVA;Manobra de mudan�a de faixa;Colis�o lateral mesmo sentido;Com V�timas Feridas;Pleno dia;Crescente;C�u Claro;Dupla;Reta;N�o;4;0;1;0;2;1;1;2;-23,45643624;-51,84510713;SPRF-PR;DEL09-PR;UOP01-DEL09-PR;;;
664443;01/03/2025;s�bado;07:30:00;SC;116;248,2;LAGES;Rea��o tardia ou ineficiente do condutor;Colis�o frontal;Sem V�timas;Pleno dia;Crescente;C�u Claro;Simples;Curva;N�o;5;0;0;0;5;0;0;2;-27,82386719;-50,37827969;SPRF-SC;DEL05-SC;UOP02-DEL05-SC;;;
664444;01/03/2025;s�bado;07:40:00;ES;101;399;RIO NOVO DO SUL;Manobra de mudan�a de faixa;Colis�o lateral sentido oposto;Com V�timas Feridas;Pleno dia;Crescente;C�u Claro;Simples;Reta;N�o;3;0;1;0;2;0;1;3;-20,87569408;-40,95688105;SPRF-ES;DEL03-ES;UOP02-DEL03-ES;;;
664448;01/03/2025;s�bado;07:50:00;RJ;101;58,1;CAMPOS DOS GOYTACAZES;Condutor deixou de manter dist�ncia do ve�culo da frente;Colis�o traseira;Com V�timas Feridas;Pleno dia;Crescente;C�u Claro;Simples;"Interse��o de Vias;Reta";Sim;2;0;1;0;1;0;1;2;-21,707786;-41,30916;SPRF-RJ;DEL08-RJ;UOP01-DEL08-RJ;;;
664451;01/03/2025;s�bado;08:30:00;MG;381;768,7;CAMPANHA;Manobra de mudan�a de faixa;Colis�o lateral mesmo sentido;Com V�timas Feridas;Pleno dia;Decrescente;C�u Claro;Dupla;Reta;N�o;5;0;0;1;3;1;1;4;-21,754288;-45,400016;SPRF-MG;DEL16-MG;UOP02-DEL16-MG;;;
664453;01/03/2025;s�bado;08:40:00;RS;116;147,8;CAXIAS DO SUL;Aus�ncia de rea��o do condutor;Colis�o traseira;Com V�timas Feridas;Pleno dia;Decrescente;C�u Claro;Dupla;Reta;N�o;3;0;1;0;2;0;1;3;-29,15439786;-51,15066469;SPRF-RS;DEL05-RS;UOP01-DEL05-RS;;;
664470;01/03/2025;s�bado;10:15:00;RS;392;315;SAO SEPE;Aus�ncia de rea��o do condutor;Sa�da de leito carro��vel;Sem V�timas;Pleno dia;Crescente;C�u Claro;Simples;Reta;N�o;1;0;0;0;1;0;0;1;-30,029397;-53,681617;SPRF-RS;DEL09-RS;UOP01-DEL09-RS;;;
664487;01/03/2025;s�bado;10:20:00;MG;381;295;ANTONIO DIAS;Acumulo de areia ou detritos sobre o pavimento;Tombamento;Com V�timas Feridas;Pleno dia;Decrescente;C�u Claro;Dupla;"Reta;Declive";N�o;5;0;0;2;1;2;2;4;-19,64005128;-42,82147765;SPRF-MG;DEL03-MG;UOP02-DEL03-MG;;;
664493;01/03/2025;s�bado;12:20:00;MG;40;617,2;CONGONHAS;Rea��o tardia ou ineficiente do condutor;Colis�o traseira;Com V�timas Feridas;Pleno dia;Decrescente;C�u Claro;Simples;Reta;N�o;3;0;1;0;1;1;1;3;-20,56239609;-43,81204605;SPRF-MG;DEL05-MG;UOP02-DEL05-MG;;;
664495;01/03/2025;s�bado;11:10:00;PR;369;52;BANDEIRANTES;Velocidade Incompat�vel;Tombamento;Com V�timas Feridas;Pleno dia;Decrescente;C�u Claro;Simples;"Interse��o de Vias;Declive;Curva";N�o;2;0;0;1;0;2;1;3;-23,11128725;-50,33374965;SPRF-PR;DEL07-PR;UOP05-DEL07-PR;;;
664502;01/03/2025;s�bado;10:20:00;PR;277;68;SAO JOSE DOS PINHAIS;Rea��o tardia ou ineficiente do condutor;Sa�da de leito carro��vel;Com V�timas Feridas;Pleno dia;Decrescente;C�u Claro;Dupla;Reta;N�o;2;0;1;0;1;0;1;2;-25,52168518;-49,10588264;SPRF-PR;DEL01-PR;UOP01-DEL01-PR;;;
664505;01/03/2025;s�bado;13:20:00;MG;381;915,5;CAMANDUCAIA;Aus�ncia de rea��o do condutor;Colis�o traseira;Com V�timas Feridas;Pleno dia;Decrescente;C�u Claro;Dupla;"Aclive;Reta";N�o;4;0;1;0;2;3;1;5;-22,73354;-46,13486;SPRF-MG;DEL16-MG;UOP03-DEL16-MG;;;
664511;01/03/2025;s�bado;12:30:00;BA;101;273;SANTO ANTONIO DE JESUS;Convers�o proibida;Colis�o transversal;Com V�timas Feridas;Pleno dia;Crescente;C�u Claro;Simples;Curva;N�o;2;0;0;1;1;0;1;2;-13,050651;-39,284978;SPRF-BA;DEL01-BA;UOP02-DEL01-BA;;;
664519;01/03/2025;s�bado;09:55:00;RS;153;416;CACHOEIRA DO SUL;Ultrapassagem Indevida;Colis�o lateral mesmo sentido;Com V�timas Feridas;Pleno dia;Crescente;C�u Claro;Simples;Reta;N�o;3;0;1;0;2;0;1;2;-30,14141598;-52,85908699;SPRF-RS;DEL02-RS;UOP03-DEL02-RS;;;
664526;01/03/2025;s�bado;14:00:00;MS;158;101;PARANAIBA;Aus�ncia de rea��o do condutor;Colis�o traseira;Sem V�timas;Pleno dia;Crescente;Sol;Simples;"Reta;Ponte";N�o;5;0;0;0;4;1;0;3;-19,70907968;-51,14472628;SPRF-MS;DEL08-MS;UOP01-DEL08-MS;;;
664536;16/01/2025;quinta-feira;12:20:00;ES;101;272;SERRA;Rea��o tardia ou ineficiente do condutor;Colis�o traseira;Com V�timas Feridas;Pleno dia;Crescente;C�u Claro;Dupla;Reta;N�o;2;0;1;0;0;1;1;2;-20,2159533;-40,2937106;SPRF-ES;DEL02-ES;UOP01-DEL02-ES;;;
664539;01/03/2025;s�bado;14:35:00;BA;349;828,8;SERRA DO RAMALHO;Manobra de mudan�a de faixa;Colis�o lateral sentido oposto;Com V�timas Feridas;Pleno dia;Crescente;Sol;Simples;Reta;N�o;3;0;1;0;1;1;1;3;-13,34152016;-43,91819;SPRF-BA;DEL10-BA;UOP02-DEL10-BA;;;
664540;01/03/2025;s�bado;16:10:00;TO;153;501;PARAISO DO TOCANTINS;Acessar a via sem observar a presen�a dos outros ve�culos;Colis�o transversal;Com V�timas Feridas;Pleno dia;Decrescente;Chuva;Simples;"Interse��o de Vias;Aclive";N�o;3;0;1;0;1;1;1;3;-10,211328;-48,874332;SPRF-TO;DEL01-TO;UOP01-DEL01-TO;;;
664548;01/03/2025;s�bado;16:50:00;MG;262;604,2;CAMPOS ALTOS;Condutor deixou de manter dist�ncia do ve�culo da frente;Colis�o traseira;Sem V�timas;Pleno dia;Decrescente;C�u Claro;Simples;Reta;N�o;3;0;0;0;2;4;0;6;-19,628265;-46,265366;SPRF-MG;DEL08-MG;UOP02-DEL08-MG;;;
664549;01/03/2025;s�bado;15:10:00;MG;116;680,4;MIRADOURO;Transitar na contram�o;Colis�o lateral sentido oposto;Com V�timas Feridas;Pleno dia;Decrescente;C�u Claro;Simples;Reta;N�o;7;0;1;0;5;1;1;5;-20,947483;-42,347256;SPRF-MG;DEL07-MG;UOP02-DEL07-MG;;;
664551;01/03/2025;s�bado;16:00:00;MG;267;87,7;JUIZ DE FORA;Demais falhas mec�nicas ou el�tricas;Colis�o traseira;Com V�timas Feridas;Pleno dia;Crescente;Sol;Simples;Reta;N�o;5;0;2;0;3;0;2;2;-21,752709;-43,281908;SPRF-MG;DEL05-MG;UOP01-DEL05-MG;;;
664552;01/03/2025;s�bado;11:00:00;RJ;393;114;SAPUCAIA;Aus�ncia de rea��o do condutor;Colis�o traseira;Sem V�timas;Pleno dia;Decrescente;C�u Claro;Simples;Curva;N�o;3;0;0;0;2;2;0;4;-21,91055982;-42,74196625;SPRF-RJ;DEL05-RJ;UOP01-DEL05-RJ;;;
664558;01/03/2025;s�bado;16:00:00;PR;476;218;LAPA;Rea��o tardia ou ineficiente do condutor;Tombamento;Com V�timas Feridas;Pleno dia;Decrescente;C�u Claro;Simples;Curva;N�o;1;0;1;0;0;0;1;1;-25,80964;-49,90711;SPRF-PR;DEL01-PR;UOP06-DEL01-PR;;;
664560;01/03/2025;s�bado;10:19:00;BA;101;718;EUNAPOLIS;Condutor deixou de manter dist�ncia do ve�culo da frente;Colis�o traseira;Sem V�timas;Pleno dia;Crescente;Nublado;M�ltipla;Reta;Sim;2;0;0;0;2;0;0;2;-16,37458448;-39,58111394;SPRF-BA;DEL09-BA;UOP01-DEL09-BA;;;
664580;01/03/2025;s�bado;19:30:00;BA;116;410;FEIRA DE SANTANA;Defici�ncia do Sistema de Ilumina��o/Sinaliza��o;Colis�o traseira;Sem V�timas;Plena Noite;Decrescente;Nublado;Dupla;Reta;N�o;2;0;0;0;2;0;0;2;-12,12035122;-38,96834729;SPRF-BA;DEL02-BA;UOP01-DEL02-BA;;;
664581;01/03/2025;s�bado;19:25:00;RN;304;249;SANTA MARIA;Acessar a via sem observar a presen�a dos outros ve�culos;Colis�o transversal;Com V�timas Fatais;Plena Noite;Decrescente;C�u Claro;Simples;Interse��o de Vias;N�o;4;1;0;1;1;1;1;3;-5,827962;-35,76609;SPRF-RN;DEL01-RN;UOP02-DEL01-RN;;;
664597;01/03/2025;s�bado;15:00:00;MT;364;472;VARZEA GRANDE;Rea��o tardia ou ineficiente do condutor;Colis�o frontal;Com V�timas Feridas;Pleno dia;Crescente;Sol;Simples;Reta;N�o;3;0;0;1;1;2;1;4;-15,418824;-56,347241;SPRF-MT;DEL01-MT;UOP02-DEL01-MT;;;
664607;01/03/2025;s�bado;19:50:00;GO;20;89,9;VILA BOA;Velocidade Incompat�vel;Colis�o traseira;Com V�timas Feridas;Pleno dia;Decrescente;C�u Claro;Simples;Reta;N�o;3;0;0;1;2;0;1;2;-14,97728997;-47,01633453;SPRF-DF;DEL02-DF;UOP02-DEL02-DF;;;
664615;01/03/2025;s�bado;21:15:00;MT;364;370;CUIABA;Demais falhas mec�nicas ou el�tricas;Inc�ndio;Sem V�timas;Plena Noite;Crescente;C�u Claro;Dupla;Reta;N�o;2;0;0;0;1;1;0;2;-15,70361409;-55,73750496;SPRF-MT;DEL01-MT;UOP02-DEL01-MT;;;
664623;01/03/2025;s�bado;20:40:00;PR;277;307;PRUDENTOPOLIS;Aus�ncia de rea��o do condutor;Sa�da de leito carro��vel;Sem V�timas;Plena Noite;Decrescente;C�u Claro;Simples;Desvio Tempor�rio;N�o;2;0;0;0;1;2;0;3;-25,31599988;-51,19617476;SPRF-PR;DEL08-PR;UOP01-DEL08-PR;;;
664631;02/03/2025;domingo;00:15:00;ES;101;289,3;CARIACICA;Condutor deixou de manter dist�ncia do ve�culo da frente;Colis�o traseira;Com V�timas Feridas;Plena Noite;Decrescente;Nublado;Dupla;"Declive;Reta";N�o;3;0;1;0;1;1;1;3;-20,28476714;-40,39270654;SPRF-ES;DEL01-ES;UOP01-DEL01-ES;;;
664638;02/03/2025;domingo;01:40:00;MG;381;457,1;BELO HORIZONTE;Rea��o tardia ou ineficiente do condutor;Colis�o traseira;Com V�timas Feridas;Plena Noite;Decrescente;Nublado;Dupla;Reta;Sim;4;0;0;2;1;2;2;4;-19,849893;-43,887833;SPRF-MG;DEL01-MG;UOP01-DEL01-MG;;;
664639;02/03/2025;domingo;02:00:00;SP;116;219;GUARULHOS;Ingest�o de �lcool pelo condutor;Colis�o traseira;Sem V�timas;Plena Noite;Crescente;C�u Claro;M�ltipla;Reta;Sim;3;0;0;0;3;0;0;3;-23,46411686;-46,49726808;SPRF-SP;DEL01-SP;UOP01-DEL01-SP;;;
664659;02/03/2025;domingo;01:50:00;SC;116;72,2;MONTE CASTELO;Ingest�o de �lcool pelo condutor;Colis�o frontal;Sem V�timas;Plena Noite;Decrescente;C�u Claro;Simples;Reta;N�o;4;0;0;0;3;1;0;3;-26,488127;-50,2327595;SPRF-SC;DEL06-SC;UOP02-DEL06-SC;;;
664663;01/03/2025;s�bado;20:20:00;PR;369;108,1;URAI;Condutor deixou de manter dist�ncia do ve�culo da frente;Colis�o traseira;Com V�timas Feridas;Plena Noite;Decrescente;C�u Claro;Dupla;"Declive;Reta";N�o;5;0;2;1;2;0;3;2;-23,264972;-50,789097;SPRF-PR;DEL07-PR;UOP05-DEL07-PR;;;
664679;01/03/2025;s�bado;23:40:00;MT;364;378;SANTO ANTONIO DO LEVERGER;Rea��o tardia ou ineficiente do condutor;Colis�o traseira;Com V�timas Fatais;Plena Noite;Decrescente;C�u Claro;Dupla;Reta;N�o;4;1;0;0;2;2;0;4;-15,70331456;-55,78467965;SPRF-MT;DEL01-MT;UOP02-DEL01-MT;;;
664687;02/03/2025;domingo;06:20:00;PB;230;77;SOBRADO;Condutor Dormindo;Colis�o lateral mesmo sentido;Com V�timas Feridas;Pleno dia;Decrescente;Nublado;Dupla;Reta;N�o;6;0;1;0;5;0;1;3;-7,1916962;-35,2262725;SPRF-PB;DEL01-PB;UOP02-DEL01-PB;;;
664690;02/03/2025;domingo;06:05:00;GO;452;186,6;ITUMBIARA;Ultrapassagem Indevida;Colis�o lateral sentido oposto;Com V�timas Feridas;Pleno dia;Crescente;C�u Claro;Simples;Reta;N�o;3;0;1;0;1;5;1;7;-18,399751;-49,305308;SPRF-GO;DEL03-GO;UOP02-DEL03-GO;;;
664694;02/03/2025;domingo;03:30:00;AM;174;893;MANAUS;Carga excessiva e/ou mal acondicionada;Tombamento;Sem V�timas;Amanhecer;Crescente;Nublado;Simples;Reta;N�o;2;0;0;0;1;3;0;4;-2,898692;-60,035328;SPRF-AM;DEL01-AM;UOP01-DEL01-AM;;;