id;data_inversa;dia_semana;horario;uf;br;km;municipio;causa_acidente;tipo_acidente;classificacao_acidente;fase_dia;sentido_via;condicao_metereologica;tipo_pista;tracado_via;uso_solo;pessoas;mortos;feridos_leves;feridos_graves;ilesos;ignorados;feridos;veiculos;latitude;longitude;regional;delegacia;uop;;;
664697;01/03/2025;s�bado;19:00:00;MA;316;3;BOA VISTA DO GURUPI;Ultrapassagem Indevida;Colis�o frontal;Com V�timas Feridas;Plena Noite;Crescente;Garoa/Chuvisco;Simples;Reta;N�o;11;0;2;4;4;3;6;6;-1,78507211;-46,29174298;SPRF-MA;DEL02-MA;UOP02-DEL02-MA;;;
664700;02/03/2025;domingo;06:15:00;RO;364;215;PIMENTA BUENO;Transitar na contram�o;Colis�o lateral sentido oposto;Com V�timas Fatais;Pleno dia;Crescente;Nublado;Simples;"Reta;Aclive";N�o;3;1;0;0;1;1;0;3;-11,553877;-61,292918;SPRF-RO;DEL02-RO;UOP02-DEL02-RO;;;
664704;02/03/2025;domingo;08:50:00;TO;153;692,5;CARIRI DO TOCANTINS;Ingest�o de �lcool pelo condutor;Tombamento;Sem V�timas;Pleno dia;Crescente;C�u Claro;Simples;Reta;N�o;2;0;0;0;1;1;0;2;-11,89993948;-49,17480469;SPRF-TO;DEL01-TO;UOP02-DEL01-TO;;;
664729;02/03/2025;domingo;12:15:00;MG;116;276,7;TEOFILO OTONI;Acessar a via sem observar a presen�a dos outros ve�culos;Colis�o lateral mesmo sentido;Sem V�timas;Pleno dia;Decrescente;Nublado;M�ltipla;Reta;Sim;4;0;0;0;2;2;0;3;-17,8582416;-41,5150835;SPRF-MG;DEL11-MG;UOP01-DEL11-MG;;;
664736;02/03/2025;domingo;13:15:00;SP;116;220;GUARULHOS;Mal s�bito do condutor;Colis�o traseira;Com V�timas Feridas;Pleno dia;Crescente;C�u Claro;M�ltipla;Reta;Sim;2;0;1;0;1;0;1;2;-23,46859;-46,509906;SPRF-SP;DEL01-SP;UOP01-DEL01-SP;;;
664739;02/03/2025;domingo;13:15:00;RS;470;225;GARIBALDI;Acessar a via sem observar a presen�a dos outros ve�culos;Colis�o transversal;Com V�timas Feridas;Pleno dia;Crescente;C�u Claro;Simples;"Retorno Regulamentado;Reta";Sim;3;0;2;0;1;0;2;2;-29,2466446;-51,51592791;SPRF-RS;DEL06-RS;UOP01-DEL06-RS;;;
664749;02/03/2025;domingo;14:02:00;MG;381;891,1;CAMBUI;Aus�ncia de rea��o do condutor;Colis�o traseira;Com V�timas Fatais;Pleno dia;Decrescente;C�u Claro;Dupla;Reta;N�o;3;1;0;0;1;2;0;4;-22,54764696;-46,03985545;SPRF-MG;DEL16-MG;UOP01-DEL16-MG;;;
664754;03/02/2025;segunda-feira;06:40:00;RJ;40;109;DUQUE DE CAXIAS;Rea��o tardia ou ineficiente do condutor;Colis�o traseira;Com V�timas Feridas;Pleno dia;Decrescente;C�u Claro;M�ltipla;Reta;Sim;4;0;1;0;3;0;1;2;-22,67374628;-43,28638368;SPRF-RJ;DEL01-RJ;UOP02-DEL01-RJ;;;
664756;02/03/2025;domingo;12:30:00;MG;40;34;PARACATU;Rea��o tardia ou ineficiente do condutor;Sa�da de leito carro��vel;Com V�timas Feridas;Pleno dia;Crescente;C�u Claro;Simples;"Declive;Curva";N�o;3;0;2;0;0;1;2;2;-17,2414624;-46,8237278;SPRF-MG;DEL14-MG;UOP01-DEL14-MG;;;
664764;02/03/2025;domingo;15:00:00;PR;277;23;MORRETES;Manobra de mudan�a de faixa;Colis�o lateral mesmo sentido;Com V�timas Feridas;Pleno dia;Crescente;Sol;Dupla;"Retorno Regulamentado;Reta";N�o;4;0;2;0;1;1;2;3;-25,5289077;-48,73414993;SPRF-PR;DEL01-PR;UOP05-DEL01-PR;;;
664811;02/03/2025;domingo;19:00:00;RJ;393;246,9;BARRA DO PIRAI;Transitar na contram�o;Colis�o frontal;Com V�timas Fatais;Plena Noite;Crescente;C�u Claro;Simples;Reta;N�o;5;2;1;0;1;1;1;4;-22,4282579;-43,7688659;SPRF-RJ;DEL05-RJ;UOP04-DEL05-RJ;;;
664816;02/03/2025;domingo;11:39:00;RO;364;108;CHUPINGUAIA;Aus�ncia de rea��o do condutor;Colis�o traseira;Com V�timas Feridas;Pleno dia;Decrescente;Nublado;Simples;Reta;Sim;4;0;1;0;1;4;1;5;-12,22560293;-60,68803132;SPRF-RO;DEL04-RO;UOP01-DEL04-RO;;;
664817;02/03/2025;domingo;18:30:00;PR;277;108,7;CURITIBA;Trafegar com motocicleta (ou similar) entre as faixas;Colis�o lateral mesmo sentido;Com V�timas Fatais;Anoitecer;Decrescente;C�u Claro;Dupla;"Aclive;Reta";Sim;5;1;0;0;2;2;0;5;-25,42968573;-49,37854236;SPRF-PR;DEL03-PR;UOP03-DEL03-PR;;;
664838;02/03/2025;domingo;19:50:00;SC;163;70,6;SAO MIGUEL DO OESTE;Manobra de mudan�a de faixa;Colis�o lateral mesmo sentido;Sem V�timas;Plena Noite;Decrescente;C�u Claro;Dupla;"Aclive;Reta";Sim;3;0;0;0;2;1;0;3;-26,7300751;-53,5138334;SPRF-SC;DEL07-SC;UOP03-DEL07-SC;;;
664840;02/03/2025;domingo;10:00:00;RO;174;64,3;VILHENA;Demais falhas mec�nicas ou el�tricas;Inc�ndio;Sem V�timas;Pleno dia;Decrescente;Nublado;Simples;Reta;N�o;2;0;0;0;0;4;0;4;-12,41258;-59,880944;SPRF-RO;DEL04-RO;UOP01-DEL04-RO;;;
664854;02/03/2025;domingo;19:00:00;MT;163;1056;GUARANTA DO NORTE;Condutor deixou de manter dist�ncia do ve�culo da frente;Colis�o lateral mesmo sentido;Sem V�timas;Plena Noite;Decrescente;C�u Claro;Simples;Reta;N�o;3;0;0;0;1;2;0;3;-10,032408;-54,909714;SPRF-MT;DEL06-MT;UOP03-DEL06-MT;;;
664856;02/03/2025;domingo;21:10:00;ES;101;390,8;RIO NOVO DO SUL;Aus�ncia de rea��o do condutor;Colis�o lateral sentido oposto;Com V�timas Feridas;Pleno dia;Crescente;C�u Claro;Simples;Reta;N�o;3;0;1;0;1;1;1;3;-20,8582236;-40,89019781;SPRF-ES;DEL03-ES;UOP02-DEL03-ES;;;
664872;02/03/2025;domingo;23:55:00;RJ;116;169;RIO DE JANEIRO;Aus�ncia de rea��o do condutor;Tombamento;Sem V�timas;Plena Noite;Crescente;C�u Claro;M�ltipla;Reta;N�o;1;0;0;0;1;0;0;1;-22,81668872;-43,32327068;SPRF-RJ;DEL06-RJ;UOP01-DEL06-RJ;;;
664881;03/03/2025;segunda-feira;00:20:00;PR;116;136;MANDIRITUBA;Rea��o tardia ou ineficiente do condutor;Colis�o traseira;Com V�timas Feridas;Plena Noite;Crescente;Nevoeiro/Neblina;Dupla;Reta;N�o;5;0;2;0;2;1;2;3;-25,72777117;-49,31774139;SPRF-PR;DEL01-PR;UOP03-DEL01-PR;;;
664889;02/03/2025;domingo;21:50:00;RJ;465;15;SEROPEDICA;Ingest�o de �lcool pelo condutor;Colis�o frontal;Sem V�timas;Plena Noite;Decrescente;C�u Claro;Simples;Reta;Sim;3;0;0;0;2;1;0;3;-22,7147776;-43,7256192;SPRF-RJ;DEL06-RJ;UOP02-DEL06-RJ;;;
664899;03/03/2025;segunda-feira;03:30:00;CE;222;231;SOBRAL;Aus�ncia de rea��o do condutor;Colis�o traseira;Com V�timas Fatais;Plena Noite;Crescente;C�u Claro;Simples;Reta;N�o;5;1;0;0;4;0;0;2;-3,706892;-40,408262;SPRF-CE;DEL04-CE;UOP01-DEL04-CE;;;
664902;03/03/2025;segunda-feira;06:00:00;CE;116;112,9;MORADA NOVA;Ultrapassagem Indevida;Colis�o lateral sentido oposto;Com V�timas Feridas;Pleno dia;Crescente;C�u Claro;Simples;"Reta;Declive";N�o;4;0;1;0;2;1;1;4;-4,58812477;-38,21806669;SPRF-CE;DEL01-CE;UOP04-DEL01-CE;;;
664903;03/03/2025;segunda-feira;05:35:00;AL;316;217;ATALAIA;Condutor Dormindo;Tombamento;Sem V�timas;Amanhecer;Crescente;C�u Claro;Simples;Reta;N�o;1;0;0;0;1;0;0;1;-9,49921028;-36,21470667;SPRF-AL;DEL01-AL;UOP01-DEL01-AL;;;
664907;03/03/2025;segunda-feira;03:00:00;RJ;116;233;PIRAI;Demais falhas mec�nicas ou el�tricas;Inc�ndio;Sem V�timas;Amanhecer;Crescente;C�u Claro;Dupla;Reta;Sim;1;0;0;0;1;0;0;1;-22,67009547;-43,85433197;SPRF-RJ;DEL07-RJ;UOP01-DEL07-RJ;;;
664916;03/03/2025;segunda-feira;06:07:00;SP;101;45;UBATUBA;Acessar a via sem observar a presen�a dos outros ve�culos;Colis�o lateral mesmo sentido;Com V�timas Feridas;Pleno dia;Decrescente;C�u Claro;Simples;Reta;N�o;2;0;1;0;0;1;1;2;-23,4254093;-45,07678628;SPRF-SP;DEL06-SP;UOP01-DEL06-SP;;;
664922;03/03/2025;segunda-feira;06:41:00;MT;163;775;SORRISO;Acumulo de �gua sobre o pavimento;Sa�da de leito carro��vel;Sem V�timas;Pleno dia;Decrescente;Chuva;Simples;Declive;N�o;2;0;0;0;1;1;0;2;-12,34592351;-55,59419632;SPRF-MT;DEL06-MT;UOP02-DEL06-MT;;;
664925;03/03/2025;segunda-feira;08:30:00;SC;101;64;BARRA VELHA;Aus�ncia de rea��o do condutor;Colis�o lateral mesmo sentido;Com V�timas Feridas;Pleno dia;Crescente;C�u Claro;Dupla;Reta;N�o;5;0;2;0;2;1;2;3;-26,6207232;-48,726016;SPRF-SC;DEL03-SC;UOP02-DEL03-SC;;;
664928;03/03/2025;segunda-feira;08:47:00;TO;153;147;ARAGUAINA;Manobra de mudan�a de faixa;Colis�o lateral mesmo sentido;Com V�timas Feridas;Pleno dia;Decrescente;C�u Claro;Dupla;Reta;Sim;7;0;2;0;4;1;2;5;-7,22743065;-48,25065494;SPRF-TO;DEL02-TO;UOP01-DEL02-TO;;;
664930;28/02/2025;sexta-feira;07:30:00;PR;116;124;FAZENDA RIO GRANDE;Manobra de mudan�a de faixa;Colis�o traseira;Com V�timas Feridas;Amanhecer;Decrescente;C�u Claro;Dupla;Reta;Sim;2;0;1;0;0;1;1;2;-25,627023;-49,314547;SPRF-PR;DEL01-PR;UOP03-DEL01-PR;;;
664937;03/03/2025;segunda-feira;08:45:00;SP;381;71;SAO PAULO;Condutor deixou de manter dist�ncia do ve�culo da frente;Colis�o lateral mesmo sentido;Com V�timas Feridas;Pleno dia;Crescente;C�u Claro;Dupla;T�nel;N�o;2;0;0;1;1;0;1;2;-23,35678394;-46,54911887;SPRF-SP;DEL03-SP;UOP01-DEL03-SP;;;
664939;03/03/2025;segunda-feira;10:00:00;MG;381;361;JOAO MONLEVADE;Acesso irregular;Colis�o frontal;Com V�timas Fatais;Pleno dia;Crescente;C�u Claro;Simples;Curva;N�o;3;1;0;0;1;1;0;3;-19,8494271;-43,2075645;SPRF-MG;DEL03-MG;UOP01-DEL03-MG;;;
664940;03/03/2025;segunda-feira;10:00:00;PR;376;645;TIJUCAS DO SUL;Manobra de mudan�a de faixa;Colis�o lateral mesmo sentido;Sem V�timas;Pleno dia;Crescente;Nublado;Dupla;Reta;N�o;4;0;0;0;3;1;0;3;-25,828125;-49,118258;SPRF-PR;DEL01-PR;UOP04-DEL01-PR;;;
664943;03/03/2025;segunda-feira;10:10:00;PB;101;127;CAAPORA;Chuva;Engavetamento;Com V�timas Feridas;Pleno dia;Decrescente;Chuva;Dupla;Reta;N�o;5;0;1;0;3;2;1;6;-7,50120818;-34,98513901;SPRF-PB;DEL01-PB;UOP01-DEL01-PB;;;
664954;03/03/2025;segunda-feira;10:10:00;MS;163;206;CAARAPO;Velocidade Incompat�vel;Tombamento;Com V�timas Feridas;Pleno dia;Crescente;C�u Claro;Simples;"Curva;Interse��o de Vias;Rotat�ria";N�o;2;0;1;0;0;1;1;2;-22,64854165;-54,8105979;SPRF-MS;DEL04-MS;UOP02-DEL04-MS;;;
664962;03/03/2025;segunda-feira;13:35:00;SC;101;29,1;JOINVILLE;Condutor deixou de manter dist�ncia do ve�culo da frente;Colis�o traseira;Com V�timas Feridas;Pleno dia;Decrescente;C�u Claro;Dupla;"Reta;Declive";N�o;4;0;2;0;2;0;2;3;-26,22028382;-48,91612709;SPRF-SC;DEL03-SC;UOP01-DEL03-SC;;;
664967;03/03/2025;segunda-feira;13:00:00;RJ;116;169;RIO DE JANEIRO;Aus�ncia de rea��o do condutor;Tombamento;Com V�timas Feridas;Pleno dia;Decrescente;C�u Claro;Dupla;Reta;Sim;4;0;1;0;2;1;1;4;-22,8176299;-43,32263231;SPRF-RJ;DEL06-RJ;UOP01-DEL06-RJ;;;
664977;03/03/2025;segunda-feira;15:00:00;MG;40;822,9;SIMAO PEREIRA;Aus�ncia de rea��o do condutor;Sa�da de leito carro��vel;Com V�timas Feridas;Pleno dia;Decrescente;C�u Claro;Dupla;Reta;N�o;1;0;1;0;0;0;1;1;-21,97456869;-43,28498483;SPRF-MG;DEL05-MG;UOP01-DEL05-MG;;;
664978;03/03/2025;segunda-feira;12:20:00;GO;153;168;CAMPINORTE;Transitar na contram�o;Colis�o frontal;Com V�timas Feridas;Pleno dia;Decrescente;C�u Claro;Simples;"Reta;Declive";N�o;2;0;2;0;0;0;2;2;-14,2422636;-49,13709641;SPRF-GO;DEL07-GO;UOP02-DEL07-GO;;;
664981;03/03/2025;segunda-feira;15:30:00;CE;222;309;TIANGUA;Acessar a via sem observar a presen�a dos outros ve�culos;Colis�o transversal;Com V�timas Feridas;Pleno dia;Crescente;C�u Claro;Dupla;Reta;N�o;3;0;0;1;1;1;1;3;-3,703853;-40,976172;SPRF-CE;DEL04-CE;UOP02-DEL04-CE;;;
664984;03/03/2025;segunda-feira;15:45:00;PR;277;721,6;FOZ DO IGUACU;Desrespeitar a prefer�ncia no cruzamento;Sa�da de leito carro��vel;Com V�timas Feridas;Pleno dia;Crescente;Sol;Dupla;"Retorno Regulamentado;Reta";Sim;3;0;1;0;1;1;1;3;-25,49306196;-54,5165205;SPRF-PR;DEL05-PR;UOP03-DEL05-PR;;;
664989;03/03/2025;segunda-feira;14:25:00;RS;158;15,7;FREDERICO WESTPHALEN;Demais falhas mec�nicas ou el�tricas;Inc�ndio;Sem V�timas;Pleno dia;Crescente;C�u Claro;Simples;Curva;N�o;2;0;0;0;1;1;0;2;-27,23948;-53,337136;SPRF-RS;DEL08-RS;UOP02-DEL08-RS;;;
664990;03/03/2025;segunda-feira;07:00:00;MG;116;37,2;CACHOEIRA DE PAJEU;Demais falhas mec�nicas ou el�tricas;Inc�ndio;Sem V�timas;Pleno dia;Crescente;C�u Claro;Simples;"Curva;Aclive";N�o;2;0;0;0;1;1;0;2;-15,961956;-41,405267;SPRF-MG;DEL11-MG;UOP02-DEL11-MG;;;
664992;03/03/2025;segunda-feira;15:10:00;RO;364;602;ITAPUA DO OESTE;Aus�ncia de rea��o do condutor;Colis�o lateral mesmo sentido;Com V�timas Feridas;Pleno dia;Crescente;Chuva;Simples;Reta;Sim;3;0;1;0;1;1;1;3;-9,19283115;-63,18810225;SPRF-RO;DEL01-RO;UOP04-DEL01-RO;;;
664993;03/03/2025;segunda-feira;16:25:00;MG;381;886,7;ESTIVA;Condutor Dormindo;Sa�da de leito carro��vel;Sem V�timas;Pleno dia;Decrescente;Sol;Dupla;Reta;N�o;2;0;0;0;1;1;0;2;-22,515012;-46,021245;SPRF-MG;DEL16-MG;UOP01-DEL16-MG;;;
664994;03/03/2025;segunda-feira;12:00:00;MG;116;555,2;SANTA BARBARA DO LESTE;Velocidade Incompat�vel;Tombamento;Com V�timas Feridas;Pleno dia;Crescente;Nublado;Simples;Curva;N�o;2;0;0;1;0;1;1;2;-20,00141879;-42,14080811;SPRF-MG;DEL06-MG;UOP02-DEL06-MG;;;
664995;03/03/2025;segunda-feira;15:00:00;MT;364;291;JACIARA;Rea��o tardia ou ineficiente do condutor;Sa�da de leito carro��vel;Com V�timas Feridas;Pleno dia;Decrescente;Chuva;Dupla;Reta;N�o;2;0;0;1;0;1;1;2;-15,89922799;-55,09840599;SPRF-MT;DEL05-MT;UOP02-DEL05-MT;;;
664998;03/03/2025;segunda-feira;17:10:00;SC;470;119;IBIRAMA;Rea��o tardia ou ineficiente do condutor;Sa�da de leito carro��vel;Com V�timas Feridas;Pleno dia;Crescente;C�u Claro;Simples;"Curva;Declive";N�o;2;0;0;1;0;1;1;2;-27,08073299;-49,51994598;SPRF-SC;DEL04-SC;UOP02-DEL04-SC;;;
665009;03/03/2025;segunda-feira;17:50:00;TO;10;483;PALMAS;Avarias e/ou desgaste excessivo no pneu;Tombamento;Com V�timas Feridas;Anoitecer;Crescente;C�u Claro;Simples;"Curva;Declive";N�o;2;0;1;0;0;1;1;2;-10,218815;-48,16049;SPRF-TO;DEL01-TO;UOP03-DEL01-TO;;;
665010;03/03/2025;segunda-feira;18:00:00;PR;153;384,3;MALLET;Ultrapassagem Indevida;Colis�o frontal;Com V�timas Feridas;Pleno dia;Decrescente;Nublado;Simples;Curva;N�o;3;0;0;1;1;1;1;3;-25,86684846;-50,83489627;SPRF-PR;DEL08-PR;UOP02-DEL08-PR;;;
665017;03/03/2025;segunda-feira;17:05:00;PR;277;125,5;CAMPO LARGO;Acessar a via sem observar a presen�a dos outros ve�culos;Capotamento;Com V�timas Feridas;Pleno dia;Crescente;C�u Claro;Dupla;"Curva;Declive";Sim;5;0;3;0;1;2;3;4;-25,4398431;-49,51142527;SPRF-PR;DEL03-PR;UOP03-DEL03-PR;;;
665025;03/03/2025;segunda-feira;19:35:00;SE;101;199;CRISTINAPOLIS;Aus�ncia de rea��o do condutor;Tombamento;Com V�timas Feridas;Plena Noite;Decrescente;C�u Claro;Simples;Reta;Sim;1;0;1;0;0;0;1;1;-11,48212719;-37,76604043;SPRF-SE;DEL02-SE;UOP03-DEL02-SE;;;
665026;03/03/2025;segunda-feira;19:30:00;GO;153;499;GOIANIA;Ingest�o de �lcool pelo condutor;Colis�o com objeto;Com V�timas Feridas;Plena Noite;Crescente;Ignorado;Dupla;"Reta;Viaduto";N�o;2;0;1;0;0;1;1;2;-16,6921146;-49,2320746;SPRF-GO;DEL01-GO;UOP01-DEL01-GO;;;
665029;03/03/2025;segunda-feira;20:40:00;SP;116;320,4;JUQUITIBA;Ingest�o de �lcool pelo condutor;Colis�o lateral mesmo sentido;Com V�timas Feridas;Plena Noite;Decrescente;C�u Claro;Dupla;Reta;N�o;2;0;1;0;1;0;1;2;-23,953698;-47,105465;SPRF-SP;DEL04-SP;UOP03-DEL04-SP;;;
665041;03/03/2025;segunda-feira;21:00:00;MG;116;789,1;ALEM PARAIBA;Rea��o tardia ou ineficiente do condutor;Sa�da de leito carro��vel;Com V�timas Feridas;Plena Noite;Decrescente;Nublado;Simples;Curva;N�o;2;0;1;0;0;1;1;2;-21,68923862;-42,72977829;SPRF-MG;DEL07-MG;UOP01-DEL07-MG;;;
665047;03/03/2025;segunda-feira;22:30:00;SP;153;211;GUAIMBE;Aus�ncia de rea��o do condutor;Sa�da de leito carro��vel;Sem V�timas;Plena Noite;Crescente;C�u Claro;Simples;Declive;N�o;2;0;0;0;1;2;0;3;-21,917223;-49,915903;SPRF-SP;DEL07-SP;UOP02-DEL07-SP;;;
665051;03/03/2025;segunda-feira;23:30:00;GO;153;279;NOVA GLORIA;Aus�ncia de rea��o do condutor;Colis�o traseira;Com V�timas Feridas;Plena Noite;Crescente;Ignorado;Simples;Reta;N�o;2;0;1;0;1;0;1;2;-15,14868906;-49,53443527;SPRF-GO;DEL07-GO;UOP02-DEL07-GO;;;
665058;04/03/2025;ter�a-feira;00:01:00;PI;343;310;ALTOS;Ingest�o de �lcool pelo condutor;Colis�o transversal;Com V�timas Feridas;Plena Noite;Crescente;C�u Claro;Simples;Interse��o de Vias;Sim;4;0;0;2;1;1;2;3;-5,04002989;-42,48185749;SPRF-PI;DEL01-PI;UOP01-DEL01-PI;;;
665061;03/03/2025;segunda-feira;21:30:00;PA;230;434;PACAJA;Problema com o freio;Colis�o com objeto;Sem V�timas;Anoitecer;Crescente;Chuva;Simples;"Reta;Aclive";N�o;2;0;0;0;1;1;0;2;-3,7475;-50,83918;SPRF-PA;DEL04-PA;UOP01-DEL04-PA;;;
665064;04/03/2025;ter�a-feira;03:30:00;GO;153;512;APARECIDA DE GOIANIA;Aus�ncia de rea��o do condutor;Colis�o traseira;Sem V�timas;Plena Noite;Crescente;C�u Claro;Dupla;Reta;Sim;3;0;0;0;1;2;0;3;-16,83401002;-49,24386805;SPRF-GO;DEL01-GO;UOP03-DEL01-GO;;;
665074;04/03/2025;ter�a-feira;05:25:00;SC;282;571;NOVA ERECHIM;Ultrapassagem Indevida;Colis�o frontal;Com V�timas Feridas;Amanhecer;Crescente;C�u Claro;Simples;Curva;N�o;8;0;1;0;7;0;1;3;-26,89145431;-52,93139935;SPRF-SC;DEL07-SC;UOP02-DEL07-SC;;;
665081;04/03/2025;ter�a-feira;06:00:00;PE;101;48;ABREU E LIMA;Demais falhas mec�nicas ou el�tricas;Derramamento de carga;Sem V�timas;Pleno dia;Decrescente;C�u Claro;M�ltipla;Reta;Sim;1;0;0;0;1;0;0;1;-7,892062;-34,903328;SPRF-PE;DEL01-PE;UOP02-DEL01-PE;;;
665086;04/03/2025;ter�a-feira;06:10:00;MS;158;175,8;APARECIDA DO TABOADO;Rea��o tardia ou ineficiente do condutor;Tombamento;Com V�timas Feridas;Pleno dia;Decrescente;C�u Claro;Simples;"Curva;Aclive";N�o;2;0;1;0;0;1;1;2;-20,23321754;-51,32697701;SPRF-MS;DEL08-MS;UOP01-DEL08-MS;;;
665089;04/03/2025;ter�a-feira;08:25:00;MG;381;496;BETIM;Aus�ncia de rea��o do condutor;Colis�o traseira;Sem V�timas;Pleno dia;Decrescente;C�u Claro;Dupla;Reta;Sim;2;0;0;0;1;1;0;2;-19,97577039;-44,1963612;SPRF-MG;DEL01-MG;UOP03-DEL01-MG;;;
665094;04/03/2025;ter�a-feira;09:25:00;MG;381;501;BETIM;Aus�ncia de rea��o do condutor;Colis�o com objeto;Com V�timas Feridas;Pleno dia;Decrescente;C�u Claro;Dupla;Reta;Sim;3;0;1;0;1;1;1;3;-20,01529062;-44,22065735;SPRF-MG;DEL01-MG;UOP03-DEL01-MG;;;
665102;04/03/2025;ter�a-feira;11:10:00;MG;381;500,5;BETIM;Aus�ncia de rea��o do condutor;Colis�o traseira;Com V�timas Feridas;Pleno dia;Decrescente;C�u Claro;Dupla;Reta;N�o;3;0;1;0;2;0;1;2;-20,00948396;-44,21756744;SPRF-MG;DEL01-MG;UOP03-DEL01-MG;;;
665117;04/03/2025;ter�a-feira;11:30:00;MA;135;236;PERITORO;Transitar na contram�o;Colis�o transversal;Com V�timas Feridas;Pleno dia;Crescente;C�u Claro;Simples;Curva;Sim;2;0;1;0;0;1;1;2;-4,458098;-44,378275;SPRF-MA;DEL03-MA;UOP01-DEL03-MA;;;
665120;04/03/2025;ter�a-feira;11:00:00;RO;364;564;ALTO PARAISO;Desrespeitar a prefer�ncia no cruzamento;Colis�o transversal;Com V�timas Feridas;Pleno dia;Crescente;Garoa/Chuvisco;Simples;"Reta;Declive";N�o;7;0;2;2;2;3;4;5;-9,52643795;-63,07738066;SPRF-RO;DEL01-RO;UOP04-DEL01-RO;;;
665128;04/03/2025;ter�a-feira;12:10:00;MG;381;812;CAREACU;Demais falhas mec�nicas ou el�tricas;Colis�o com objeto;Com V�timas Feridas;Pleno dia;Crescente;Sol;Dupla;Reta;N�o;4;0;1;0;3;0;1;3;-21,99092653;-45,66606331;SPRF-MG;DEL16-MG;UOP02-DEL16-MG;;;
665130;04/03/2025;ter�a-feira;10:10:00;MG;116;614;SAO JOAO DO MANHUACU;Condutor Dormindo;Tombamento;Com V�timas Feridas;Pleno dia;Decrescente;Nublado;Simples;Aclive;N�o;3;0;1;0;1;3;1;5;-20,41274527;-42,15185344;SPRF-MG;DEL07-MG;UOP02-DEL07-MG;;;
665131;04/03/2025;ter�a-feira;14:00:00;PR;376;155,5;MANDAGUACU;Problema com o freio;Sa�da de leito carro��vel;Com V�timas Feridas;Pleno dia;Crescente;Sol;Dupla;Reta;Sim;2;0;1;0;1;0;1;1;-23,338029;-52,101174;SPRF-PR;DEL09-PR;UOP02-DEL09-PR;;;
665143;04/03/2025;ter�a-feira;15:35:00;PR;277;299,4;PRUDENTOPOLIS;Transitar na contram�o;Colis�o frontal;Com V�timas Fatais;Pleno dia;Decrescente;C�u Claro;Simples;Reta;N�o;3;1;0;0;1;1;0;3;-25,297875;-51,140914;SPRF-PR;DEL08-PR;UOP01-DEL08-PR;;;
665147;04/03/2025;ter�a-feira;14:57:00;MG;381;700,5;LAVRAS;Velocidade Incompat�vel;Colis�o com objeto;Com V�timas Feridas;Pleno dia;Crescente;C�u Claro;Dupla;"Curva;Declive";N�o;8;0;1;2;4;2;3;5;-21,28741944;-45,14210105;SPRF-MG;DEL04-MG;UOP02-DEL04-MG;;;
665153;04/03/2025;ter�a-feira;16:30:00;MG;365;683;MONTE ALEGRE DE MINAS;Rea��o tardia ou ineficiente do condutor;Colis�o traseira;Com V�timas Feridas;Pleno dia;Crescente;Sol;Dupla;Reta;N�o;5;0;1;1;2;3;2;5;-18,85088681;-48,84167433;SPRF-MG;DEL15-MG;UOP01-DEL15-MG;;;
665157;08/02/2025;s�bado;16:00:00;MT;163;669;LUCAS DO RIO VERDE;Demais falhas mec�nicas ou el�tricas;Colis�o lateral sentido oposto;Com V�timas Feridas;Pleno dia;Decrescente;Chuva;Simples;Reta;N�o;2;0;1;0;1;0;1;2;-13,2238;-56,0042;SPRF-MT;DEL06-MT;UOP01-DEL06-MT;;;
665171;04/03/2025;ter�a-feira;16:50:00;MG;262;55,4;MANHUACU;Ultrapassagem Indevida;Colis�o lateral sentido oposto;Com V�timas Fatais;Pleno dia;Crescente;Nublado;Simples;"Aclive;Curva";N�o;4;1;0;1;1;1;1;3;-20,263075;-42,177725;SPRF-MG;DEL06-MG;UOP03-DEL06-MG;;;
665185;04/03/2025;ter�a-feira;17:20:00;MT;163;521,5;VARZEA GRANDE;Rea��o tardia ou ineficiente do condutor;Colis�o traseira;Sem V�timas;Anoitecer;Decrescente;C�u Claro;Simples;"Interse��o de Vias;Rotat�ria;Reta";Sim;3;0;0;0;2;2;0;4;-15,667633;-56,182062;SPRF-MT;DEL01-MT;UOP01-DEL01-MT;;;
665188;04/03/2025;ter�a-feira;14:35:00;SP;116;544;BARRA DO TURVO;Velocidade Incompat�vel;Tombamento;Com V�timas Feridas;Pleno dia;Decrescente;Sol;Simples;"Declive;Curva";N�o;1;0;1;0;0;0;1;1;-24,964432;-48,425576;SPRF-SP;DEL05-SP;UOP02-DEL05-SP;;;
665202;04/03/2025;ter�a-feira;19:50:00;PR;116;27;CAMPINA GRANDE DO SUL;Acessar a via sem observar a presen�a dos outros ve�culos;Colis�o lateral mesmo sentido;Com V�timas Feridas;Plena Noite;Crescente;C�u Claro;Dupla;"Declive;Curva";N�o;2;0;0;1;1;0;1;2;-25,10840189;-48,79505902;SPRF-PR;DEL01-PR;UOP02-DEL01-PR;;;
665210;04/03/2025;ter�a-feira;20:30:00;BA;20;202;LUIS EDUARDO MAGALHAES;Velocidade Incompat�vel;Colis�o lateral sentido oposto;Com V�timas Feridas;Plena Noite;Decrescente;C�u Claro;Simples;Reta;N�o;3;0;1;1;0;1;2;3;-12,179602;-45,824133;SPRF-BA;DEL10-BA;UOP01-DEL10-BA;;;
665215;04/03/2025;ter�a-feira;18:50:00;AM;174;993;PRESIDENTE FIGUEIREDO;Condutor deixou de manter dist�ncia do ve�culo da frente;Colis�o traseira;Com V�timas Feridas;Plena Noite;Decrescente;Garoa/Chuvisco;Simples;"Declive;Reta";N�o;4;0;2;0;1;1;2;3;-2,03315967;-60,02601385;SPRF-AM;DEL01-AM;UOP02-DEL01-AM;;;