id;data_inversa;dia_semana;horario;uf;br;km;municipio;causa_acidente;tipo_acidente;classificacao_acidente;fase_dia;sentido_via;condicao_metereologica;tipo_pista;tracado_via;uso_solo;pessoas;mortos;feridos_leves;feridos_graves;ilesos;ignorados;feridos;veiculos;latitude;longitude;regional;delegacia;uop;;;
665216;04/03/2025;ter�a-feira;19:00:00;MG;50;92,8;UBERLANDIA;Demais falhas mec�nicas ou el�tricas;Inc�ndio;Sem V�timas;Plena Noite;Crescente;C�u Claro;Dupla;Reta;N�o;2;0;0;0;1;1;0;2;-19,05349532;-48,19548036;SPRF-MG;DEL15-MG;UOP01-DEL15-MG;;;
665218;04/03/2025;ter�a-feira;20:54:00;ES;101;384;RIO NOVO DO SUL;Rea��o tardia ou ineficiente do condutor;Sa�da de leito carro��vel;Com V�timas Feridas;Plena Noite;Crescente;Nublado;Simples;Reta;N�o;3;0;1;0;2;0;1;2;-20,82882201;-40,85716724;SPRF-ES;DEL03-ES;UOP01-DEL03-ES;;;
665220;04/03/2025;ter�a-feira;17:00:00;SC;282;378,1;HERVAL DOESTE;Transitar na contram�o;Colis�o frontal;Com V�timas Feridas;Pleno dia;Crescente;C�u Claro;Simples;"Curva;Declive";N�o;4;0;2;1;0;1;3;3;-27,215657;-51,472575;SPRF-SC;DEL07-SC;UOP05-DEL07-SC;;;
665222;10/02/2025;segunda-feira;03:00:00;SE;101;193;CRISTINAPOLIS;Velocidade Incompat�vel;Colis�o com objeto;Com V�timas Feridas;Plena Noite;Crescente;Chuva;Simples;Reta;N�o;2;0;1;0;0;1;1;2;-11,44262788;-37,73258333;SPRF-SE;DEL02-SE;UOP03-DEL02-SE;;;
665223;04/03/2025;ter�a-feira;20:30:00;PR;277;525,5;CANTAGALO;Condutor deixou de manter dist�ncia do ve�culo da frente;Colis�o traseira;Com V�timas Feridas;Plena Noite;Decrescente;C�u Claro;Dupla;"Aclive;Reta";N�o;2;0;1;0;0;1;1;2;-25,3850703;-52,16173053;SPRF-PR;DEL04-PR;UOP04-DEL04-PR;;;
665241;05/03/2025;quarta-feira;01:30:00;MT;163;614;NOVA MUTUM;Rea��o tardia ou ineficiente do condutor;Tombamento;Com V�timas Feridas;Plena Noite;Decrescente;Chuva;Simples;"Em Obras;Curva";N�o;2;0;1;0;0;1;1;2;-13,62730272;-56,03439331;SPRF-MT;DEL01-MT;UOP01-DEL01-MT;;;
665244;05/03/2025;quarta-feira;00:10:00;PR;116;33;CAMPINA GRANDE DO SUL;Rea��o tardia ou ineficiente do condutor;Colis�o com objeto;Com V�timas Feridas;Plena Noite;Decrescente;C�u Claro;Dupla;"Curva;Declive";N�o;2;0;1;0;0;1;1;2;-25,1068163;-48,8493208;SPRF-PR;DEL01-PR;UOP02-DEL01-PR;;;
665248;05/03/2025;quarta-feira;04:45:00;PR;277;117,8;CAMPO LARGO;Manobra de mudan�a de faixa;Colis�o lateral mesmo sentido;Com V�timas Feridas;Plena Noite;Crescente;C�u Claro;Dupla;Reta;N�o;4;0;2;0;1;1;2;2;-25,4433;-49,4623;SPRF-PR;DEL03-PR;UOP03-DEL03-PR;;;
665254;05/03/2025;quarta-feira;05:30:00;SC;280;95,4;CORUPA;Transitar na contram�o;Colis�o lateral sentido oposto;Com V�timas Feridas;Amanhecer;Crescente;C�u Claro;Simples;Declive;N�o;4;0;2;0;2;0;2;2;-26,38227787;-49,3149662;SPRF-SC;DEL06-SC;UOP03-DEL06-SC;;;
665257;05/03/2025;quarta-feira;05:25:00;PE;101;83;JABOATAO DOS GUARARAPES;Manobra de mudan�a de faixa;Colis�o lateral mesmo sentido;Sem V�timas;Pleno dia;Decrescente;Sol;Dupla;Reta;N�o;2;0;0;0;1;1;0;2;-8,17786;-34,95598;SPRF-PE;DEL01-PE;UOP01-DEL01-PE;;;
665260;05/03/2025;quarta-feira;06:45:00;RJ;356;41;ITAPERUNA;Estacionar ou parar em local proibido;Colis�o traseira;Com V�timas Feridas;Pleno dia;Crescente;C�u Claro;Simples;"Aclive;Curva";N�o;2;0;0;1;1;0;1;2;-21,21804;-41,82793;SPRF-RJ;DEL08-RJ;UOP03-DEL08-RJ;;;
665262;05/03/2025;quarta-feira;03:00:00;MT;70;170;GENERAL CARNEIRO;Condutor Dormindo;Tombamento;Com V�timas Feridas;Plena Noite;Crescente;Garoa/Chuvisco;Simples;Reta;N�o;2;0;1;0;1;0;1;1;-15,606127;-53,51264;SPRF-MT;DEL05-MT;UOP01-DEL05-MT;;;
665269;05/03/2025;quarta-feira;07:30:00;MG;40;588;ITABIRITO;Velocidade Incompat�vel;Tombamento;Com V�timas Feridas;Pleno dia;Decrescente;C�u Claro;Dupla;"Declive;Curva";N�o;3;0;0;1;2;0;1;2;-20,351913;-43,912854;SPRF-MG;DEL01-MG;UOP02-DEL01-MG;;;
665279;05/03/2025;quarta-feira;09:00:00;AL;101;208,2;SAO SEBASTIAO;Ultrapassagem Indevida;Colis�o frontal;Com V�timas Feridas;Pleno dia;Crescente;C�u Claro;Simples;Reta;N�o;3;0;0;1;1;1;1;3;-9,992325;-36,590678;SPRF-AL;DEL02-AL;UOP02-DEL02-AL;;;
665280;05/03/2025;quarta-feira;07:45:00;SC;101;43;JOINVILLE;Rea��o tardia ou ineficiente do condutor;Colis�o traseira;Sem V�timas;Pleno dia;Crescente;C�u Claro;Simples;"Reta;Aclive";Sim;2;0;0;0;2;0;0;2;-26,34026834;-48,85937691;SPRF-SC;DEL03-SC;UOP01-DEL03-SC;;;
665283;05/03/2025;quarta-feira;04:23:00;MG;381;668,3;PERDOES;Velocidade Incompat�vel;Sa�da de leito carro��vel;Com V�timas Feridas;Plena Noite;Decrescente;C�u Claro;Dupla;Reta;N�o;3;0;2;0;0;2;2;4;-21,05506615;-45,02928972;SPRF-MG;DEL04-MG;UOP02-DEL04-MG;;;
665286;05/03/2025;quarta-feira;05:15:00;BA;349;920;CORRENTINA;Transitar na contram�o;Colis�o lateral sentido oposto;Com V�timas Fatais;Pleno dia;Crescente;C�u Claro;Simples;Reta;N�o;5;1;1;0;2;2;1;5;-13,394867;-44,553196;SPRF-BA;DEL10-BA;UOP02-DEL10-BA;;;
665288;05/03/2025;quarta-feira;09:47:00;GO;60;116;TEREZOPOLIS DE GOIAS;Aus�ncia de rea��o do condutor;Colis�o traseira;Com V�timas Feridas;Pleno dia;Decrescente;C�u Claro;Dupla;Declive;N�o;3;0;2;0;1;0;2;2;-16,47658401;-49,08382416;SPRF-GO;DEL01-GO;UOP01-DEL01-GO;;;
665296;05/03/2025;quarta-feira;08:50:00;PR;277;347;GUARAPUAVA;Demais falhas mec�nicas ou el�tricas;Eventos at�picos;Com V�timas Feridas;Pleno dia;Decrescente;C�u Claro;Simples;Reta;N�o;1;0;1;0;0;0;1;1;-25,3772649;-51,5050048;SPRF-PR;DEL08-PR;UOP01-DEL08-PR;;;
665298;05/03/2025;quarta-feira;10:00:00;RS;392;71,3;PELOTAS;Carga excessiva e/ou mal acondicionada;Derramamento de carga;Sem V�timas;Pleno dia;Decrescente;C�u Claro;Dupla;Viaduto;N�o;1;0;0;0;1;0;0;1;-31,72545186;-52,38499582;SPRF-RS;DEL07-RS;UOP01-DEL07-RS;;;
665302;05/03/2025;quarta-feira;10:30:00;MS;163;590;BANDEIRANTES;Rea��o tardia ou ineficiente do condutor;Sa�da de leito carro��vel;Com V�timas Feridas;Pleno dia;Crescente;Chuva;Dupla;Reta;N�o;7;0;2;3;1;3;5;6;-19,568351;-54,420365;SPRF-MS;DEL06-MS;UOP02-DEL06-MS;;;
665308;05/03/2025;quarta-feira;12:00:00;SP;116;155;SAO JOSE DOS CAMPOS;Rea��o tardia ou ineficiente do condutor;Colis�o traseira;Com V�timas Feridas;Pleno dia;Decrescente;Sol;M�ltipla;"Aclive;Reta";N�o;4;0;1;0;1;2;1;4;-23,231254;-45,9122974;SPRF-SP;DEL02-SP;UOP01-DEL02-SP;;;
665320;05/03/2025;quarta-feira;13:40:00;RS;386;264;CANOAS;Rea��o tardia ou ineficiente do condutor;Colis�o traseira;Com V�timas Feridas;Pleno dia;Crescente;Sol;Dupla;Reta;N�o;3;0;1;0;2;0;1;3;-29,91468273;-51,17765123;SPRF-RS;DEL04-RS;UOP03-DEL04-RS;;;
665321;05/03/2025;quarta-feira;13:10:00;PB;101;86,3;JOAO PESSOA;Aus�ncia de rea��o do condutor;Colis�o traseira;Com V�timas Feridas;Pleno dia;Decrescente;C�u Claro;Dupla;"Reta;Declive";Sim;3;0;1;0;0;2;1;2;-7,1537309;-34,9080506;SPRF-PB;DEL01-PB;UOP01-DEL01-PB;;;
665322;05/03/2025;quarta-feira;12:55:00;MG;40;699,5;BARBACENA;Velocidade Incompat�vel;Tombamento;Com V�timas Feridas;Pleno dia;Crescente;C�u Claro;Dupla;Interse��o de Vias;Sim;2;0;1;0;0;1;1;2;-21,19995894;-43,74913931;SPRF-MG;DEL05-MG;UOP02-DEL05-MG;;;
665323;05/03/2025;quarta-feira;13:30:00;MG;381;437;SABARA;Rea��o tardia ou ineficiente do condutor;Colis�o traseira;Com V�timas Feridas;Pleno dia;Crescente;C�u Claro;Simples;"Reta;Aclive";N�o;4;0;1;0;3;0;1;2;-19,7989235;-43,7566717;SPRF-MG;DEL01-MG;UOP01-DEL01-MG;;;
665326;04/03/2025;ter�a-feira;21:25:00;MS;163;130,2;NAVIRAI;Aus�ncia de rea��o do condutor;Colis�o com objeto;Sem V�timas;Pleno dia;Decrescente;C�u Claro;Dupla;Reta;N�o;2;0;0;0;1;1;0;2;-23,038001;-54,264416;SPRF-MS;DEL09-MS;UOP01-DEL09-MS;;;
665332;05/03/2025;quarta-feira;12:50:00;MG;381;580;CARMOPOLIS DE MINAS;Aus�ncia de rea��o do condutor;Colis�o traseira;Com V�timas Fatais;Pleno dia;Crescente;Sol;Dupla;"Reta;Aclive";N�o;2;1;0;0;1;0;0;2;-20,50796117;-44,61144676;SPRF-MG;DEL04-MG;UOP01-DEL04-MG;;;
665335;10/02/2025;segunda-feira;01:05:00;RO;364;381;OURO PRETO DO OESTE;Transitar na contram�o;Colis�o frontal;Com V�timas Fatais;Plena Noite;Crescente;C�u Claro;Simples;Curva;N�o;2;1;0;0;1;0;0;2;-10,7277;-62,230684;SPRF-RO;DEL02-RO;UOP01-DEL02-RO;;;
665338;05/03/2025;quarta-feira;15:45:00;PR;163;334;GUAIRA;Chuva;Sa�da de leito carro��vel;Com V�timas Feridas;Pleno dia;Decrescente;Chuva;Simples;Reta;N�o;2;0;1;0;0;1;1;2;-24,16901036;-54,22197104;SPRF-PR;DEL06-PR;UOP01-DEL06-PR;;;
665347;05/03/2025;quarta-feira;15:30:00;SC;101;48,3;JOINVILLE;Condutor deixou de manter dist�ncia do ve�culo da frente;Engavetamento;Com V�timas Feridas;Pleno dia;Decrescente;C�u Claro;Dupla;"Declive;Reta";N�o;6;0;3;0;3;0;3;3;-26,376825;-48,853286;SPRF-SC;DEL03-SC;UOP01-DEL03-SC;;;
665350;05/03/2025;quarta-feira;12:00:00;MA;226;273;BARRA DO CORDA;Demais falhas mec�nicas ou el�tricas;Colis�o frontal;Com V�timas Fatais;Pleno dia;Decrescente;C�u Claro;Simples;Reta;N�o;3;1;0;0;1;5;0;7;-5,44170586;-45,03879547;SPRF-MA;DEL06-MA;UOP01-DEL06-MA;;;
665351;05/03/2025;quarta-feira;14:00:00;PE;101;129;ESCADA;Condutor deixou de manter dist�ncia do ve�culo da frente;Colis�o traseira;Com V�timas Feridas;Pleno dia;Crescente;Garoa/Chuvisco;Dupla;Reta;Sim;3;0;1;0;2;0;1;2;-8,385798;-35,251018;SPRF-PE;DEL01-PE;UOP03-DEL01-PE;;;
665356;05/03/2025;quarta-feira;14:40:00;AL;101;37,4;JOAQUIM GOMES;Velocidade Incompat�vel;Tombamento;Com V�timas Feridas;Pleno dia;Decrescente;C�u Claro;Dupla;Reta;Sim;1;0;0;1;0;0;1;1;-9,14423614;-35,76893091;SPRF-AL;DEL01-AL;UOP02-DEL01-AL;;;
665358;05/03/2025;quarta-feira;16:15:00;MG;116;701,9;MURIAE;Acessar a via sem observar a presen�a dos outros ve�culos;Colis�o transversal;Com V�timas Feridas;Pleno dia;Decrescente;Sol;Simples;"Retorno Regulamentado;Curva";Sim;4;0;2;0;1;1;2;3;-21,1213455;-42,3798826;SPRF-MG;DEL07-MG;UOP02-DEL07-MG;;;
665366;05/03/2025;quarta-feira;18:00:00;ES;101;391;RIO NOVO DO SUL;Condutor Dormindo;Tombamento;Com V�timas Feridas;Anoitecer;Crescente;C�u Claro;Simples;Curva;N�o;2;0;1;0;0;1;1;2;-20,86843613;-40,92750549;SPRF-ES;DEL03-ES;UOP02-DEL03-ES;;;
665370;05/03/2025;quarta-feira;18:30:00;RS;116;257;ESTEIO;Manobra de mudan�a de faixa;Colis�o lateral mesmo sentido;Com V�timas Feridas;Anoitecer;Crescente;C�u Claro;Dupla;Reta;N�o;3;0;1;0;1;1;1;3;-29,8526331;-51,1793984;SPRF-RS;DEL01-RS;UOP02-DEL01-RS;;;
665371;05/03/2025;quarta-feira;14:45:00;GO;364;265;MINEIROS;Demais falhas mec�nicas ou el�tricas;Inc�ndio;Sem V�timas;Pleno dia;Decrescente;C�u Claro;Simples;Reta;N�o;2;0;0;0;1;1;0;2;-17,666057;-52,267623;SPRF-GO;DEL05-GO;UOP01-DEL05-GO;;;
665372;05/03/2025;quarta-feira;14:22:00;PR;153;146,3;VENTANIA;Velocidade Incompat�vel;Colis�o traseira;Com V�timas Fatais;Pleno dia;Decrescente;C�u Claro;Simples;Curva;N�o;3;1;0;0;1;2;0;4;-24,12783243;-50,23639619;SPRF-PR;DEL07-PR;UOP04-DEL07-PR;;;
665385;05/03/2025;quarta-feira;16:50:00;BA;101;425;MARAU;Ultrapassagem Indevida;Colis�o lateral mesmo sentido;Com V�timas Feridas;Pleno dia;Crescente;C�u Claro;Simples;Curva;N�o;3;0;0;1;2;0;1;3;-14,151617;-39,344016;SPRF-BA;DEL05-BA;UOP03-DEL05-BA;;;
665390;05/03/2025;quarta-feira;16:50:00;RS;287;354,4;JAGUARI;Velocidade Incompat�vel;Tombamento;Com V�timas Feridas;Pleno dia;Decrescente;Sol;Simples;"Declive;Curva";N�o;2;0;0;1;0;2;1;3;-29,482498;-54,689705;SPRF-RS;DEL12-RS;UOP02-DEL12-RS;;;
665394;05/03/2025;quarta-feira;20:30:00;MG;381;451;SABARA;Convers�o proibida;Colis�o transversal;Com V�timas Feridas;Plena Noite;Decrescente;Nublado;Simples;"Reta;Declive";Sim;3;0;0;1;1;1;1;3;-19,834401;-43,850882;SPRF-MG;DEL01-MG;UOP01-DEL01-MG;;;
665395;05/03/2025;quarta-feira;19:00:00;MT;364;583;NOBRES;Chuva;Sa�da de leito carro��vel;Com V�timas Feridas;Plena Noite;Crescente;Chuva;Dupla;"Declive;Reta";N�o;2;0;1;0;0;3;1;4;-14,5600621;-56,2208306;SPRF-MT;DEL01-MT;UOP01-DEL01-MT;;;
665396;05/03/2025;quarta-feira;19:40:00;ES;101;14;SERRA;Ilumina��o deficiente;Tombamento;Com V�timas Feridas;Plena Noite;Crescente;Nublado;Dupla;Reta;N�o;2;0;1;0;0;1;1;2;-20,19630937;-40,33422947;SPRF-ES;DEL02-ES;UOP01-DEL02-ES;;;
665398;05/03/2025;quarta-feira;20:40:00;RS;287;254;SANTA MARIA;Rea��o tardia ou ineficiente do condutor;Colis�o com objeto;Sem V�timas;Plena Noite;Decrescente;C�u Claro;Dupla;"Reta;Ponte";Sim;2;0;0;0;1;2;0;3;-29,68758;-53,90519;SPRF-RS;DEL09-RS;UOP01-DEL09-RS;;;
665413;05/03/2025;quarta-feira;20:10:00;MA;316;401,2;ALTO ALEGRE DO MARANHAO;Acessar a via sem observar a presen�a dos outros ve�culos;Colis�o transversal;Com V�timas Feridas;Plena Noite;Decrescente;C�u Claro;Simples;Reta;Sim;3;0;1;0;1;2;1;4;-4,206265;-44,453103;SPRF-MA;DEL03-MA;UOP01-DEL03-MA;;;
665417;05/03/2025;quarta-feira;22:30:00;PR;277;191;PALMEIRA;Ultrapassagem Indevida;Colis�o frontal;Com V�timas Feridas;Plena Noite;Decrescente;C�u Claro;Simples;Curva;N�o;5;0;1;0;3;1;1;3;-25,43211322;-50,15155792;SPRF-PR;DEL08-PR;UOP02-DEL08-PR;;;
665423;06/03/2025;quinta-feira;00:40:00;PE;101;116,9;IPOJUCA;Afundamento ou ondula��o no pavimento;Sa�da de leito carro��vel;Com V�timas Fatais;Plena Noite;Crescente;C�u Claro;Dupla;Reta;N�o;2;1;0;0;0;1;0;2;-8,34366;-35,14562;SPRF-PE;DEL01-PE;UOP03-DEL01-PE;;;
665425;06/03/2025;quinta-feira;01:50:00;SP;116;78;ROSEIRA;Demais falhas mec�nicas ou el�tricas;Colis�o com objeto;Com V�timas Feridas;Plena Noite;Decrescente;C�u Claro;Dupla;Reta;Sim;7;0;2;0;4;2;2;6;-22,89123899;-45,29036468;SPRF-SP;DEL08-SP;UOP01-DEL08-SP;;;
665428;06/03/2025;quinta-feira;04:15:00;SC;101;149,4;ITAPEMA;Condutor deixou de manter dist�ncia do ve�culo da frente;Colis�o traseira;Com V�timas Feridas;Plena Noite;Crescente;Nublado;Dupla;Reta;Sim;2;0;1;0;0;1;1;2;-27,11161509;-48,61117601;SPRF-SC;DEL04-SC;UOP03-DEL04-SC;;;
665429;06/03/2025;quinta-feira;04:19:00;MS;163;358,2;NOVA ALVORADA DO SUL;Aus�ncia de rea��o do condutor;Sa�da de leito carro��vel;Com V�timas Feridas;Plena Noite;Crescente;C�u Claro;Simples;Reta;N�o;1;0;0;1;0;0;1;1;-21,52305835;-54,40391659;SPRF-MS;DEL02-MS;UOP01-DEL02-MS;;;
665432;06/03/2025;quinta-feira;03:15:00;SP;116;22,5;LAVRINHAS;Condutor Dormindo;Sa�da de leito carro��vel;Com V�timas Feridas;Plena Noite;Decrescente;C�u Claro;Dupla;Reta;N�o;2;0;1;0;0;1;1;2;-22,58527918;-44,87997285;SPRF-SP;DEL08-SP;UOP02-DEL08-SP;;;
665433;06/03/2025;quinta-feira;02:10:00;SC;282;83,1;ALFREDO WAGNER;Velocidade Incompat�vel;Tombamento;Com V�timas Feridas;Pleno dia;Crescente;C�u Claro;Simples;"Declive;Curva";N�o;3;0;2;0;0;1;2;2;-27,667387;-49,175035;SPRF-SC;DEL01-SC;UOP03-DEL01-SC;;;
665434;06/03/2025;quinta-feira;04:20:00;MG;40;477,3;SETE LAGOAS;Carga excessiva e/ou mal acondicionada;Derramamento de carga;Com V�timas Feridas;Plena Noite;Crescente;C�u Claro;Dupla;"Reta;Declive";N�o;7;0;1;0;5;1;1;7;-19,52213168;-44,2647869;SPRF-MG;DEL02-MG;UOP01-DEL02-MG;;;
665436;05/03/2025;quarta-feira;21:40:00;MG;365;357,8;VARJAO DE MINAS;Rea��o tardia ou ineficiente do condutor;Colis�o lateral sentido oposto;Com V�timas Feridas;Plena Noite;Decrescente;C�u Claro;Simples;"Aclive;Reta";N�o;3;0;1;0;1;1;1;3;-18,487059;-46,098028;SPRF-MG;DEL10-MG;UOP01-DEL10-MG;;;
665437;06/03/2025;quinta-feira;06:19:00;PB;230;12;CABEDELO;Acesso irregular;Colis�o transversal;Com V�timas Feridas;Pleno dia;Crescente;C�u Claro;Dupla;Retorno Regulamentado;Sim;2;0;1;0;1;0;1;2;-7,073214;-34,849836;SPRF-PB;DEL01-PB;UOP01-DEL01-PB;;;
665445;06/03/2025;quinta-feira;07:20:00;SC;470;53,9;BLUMENAU;Trafegar com motocicleta (ou similar) entre as faixas;Colis�o transversal;Com V�timas Feridas;Pleno dia;Crescente;C�u Claro;Simples;Curva;Sim;2;0;1;0;1;0;1;2;-26,87111905;-49,10923004;SPRF-SC;DEL04-SC;UOP01-DEL04-SC;;;
665463;06/03/2025;quinta-feira;08:30:00;MG;40;487;SETE LAGOAS;Rea��o tardia ou ineficiente do condutor;Colis�o traseira;Com V�timas Feridas;Pleno dia;Crescente;C�u Claro;Dupla;Reta;N�o;3;0;1;0;1;1;1;3;-19,4744438;-44,2918789;SPRF-MG;DEL02-MG;UOP01-DEL02-MG;;;
665464;06/03/2025;quinta-feira;08:55:00;PR;116;48;CAMPINA GRANDE DO SUL;Acessar a via sem observar a presen�a dos outros ve�culos;Colis�o transversal;Com V�timas Feridas;Pleno dia;Crescente;C�u Claro;Dupla;Curva;N�o;4;0;2;0;1;1;2;3;-25,215325;-48,902915;SPRF-PR;DEL01-PR;UOP02-DEL01-PR;;;
665479;06/03/2025;quinta-feira;08:40:00;PR;373;190,1;PONTA GROSSA;Manobra de mudan�a de faixa;Colis�o lateral mesmo sentido;Com V�timas Feridas;Pleno dia;Crescente;Sol;Simples;Reta;N�o;4;0;1;0;2;1;1;4;-25,05510365;-50,3393662;SPRF-PR;DEL03-PR;UOP01-DEL03-PR;;;
665480;06/03/2025;quinta-feira;06:50:00;MG;116;23;CACHOEIRA DE PAJEU;Demais falhas na via;Tombamento;Com V�timas Feridas;Pleno dia;Crescente;Chuva;Simples;"Declive;Curva";N�o;2;0;1;0;0;1;1;2;-15,863785;-41,42643;SPRF-BA;DEL08-BA;UOP03-DEL08-BA;;;
665482;06/03/2025;quinta-feira;08:34:00;MG;381;630;OLIVEIRA;Aus�ncia de rea��o do condutor;Sa�da de leito carro��vel;Com V�timas Feridas;Pleno dia;Decrescente;Sol;Dupla;"Declive;Curva";N�o;1;0;1;0;0;0;1;1;-20,829186;-44,811979;SPRF-MG;DEL04-MG;UOP01-DEL04-MG;;;
665484;06/03/2025;quinta-feira;09:30:00;SP;116;326;JUQUITIBA;Mal s�bito do condutor;Colis�o traseira;Com V�timas Feridas;Pleno dia;Decrescente;Sol;Dupla;Reta;Sim;2;0;1;0;1;0;1;2;-23,93750254;-47,06501529;SPRF-SP;DEL04-SP;UOP03-DEL04-SP;;;
665492;06/03/2025;quinta-feira;09:40:00;PR;376;0;SAO JOSE DOS PINHAIS;Rea��o tardia ou ineficiente do condutor;Colis�o traseira;Sem V�timas;Pleno dia;Decrescente;C�u Claro;Dupla;"Interse��o de Vias;Reta";Sim;2;0;0;0;1;1;0;2;-25,56806239;-49,18220758;SPRF-PR;DEL01-PR;UOP04-DEL01-PR;;;
665493;06/03/2025;quinta-feira;10:00:00;RO;364;517;ARIQUEMES;Acessar a via sem observar a presen�a dos outros ve�culos;Colis�o transversal;Com V�timas Feridas;Pleno dia;Decrescente;C�u Claro;Simples;"Interse��o de Vias;Reta;Rotat�ria";Sim;3;0;1;0;1;1;1;3;-9,904565;-63,055825;SPRF-RO;DEL03-RO;UOP01-DEL03-RO;;;
665495;06/03/2025;quinta-feira;10:30:00;MG;365;649;UBERLANDIA;Condutor deixou de manter dist�ncia do ve�culo da frente;Colis�o lateral mesmo sentido;Com V�timas Feridas;Pleno dia;Crescente;C�u Claro;Dupla;"Declive;Reta";N�o;3;0;1;0;1;1;1;3;-18,88000499;-48,49669933;SPRF-MG;DEL15-MG;UOP01-DEL15-MG;;;
665504;06/03/2025;quinta-feira;12:35:00;GO;60;315;ACREUNA;Rea��o tardia ou ineficiente do condutor;Colis�o traseira;Com V�timas Feridas;Pleno dia;Decrescente;Nublado;Dupla;Reta;N�o;3;0;0;2;1;0;2;2;-17,466053;-50,435847;SPRF-GO;DEL04-GO;UOP02-DEL04-GO;;;
665506;06/03/2025;quinta-feira;07:15:00;MS;163;575,2;BANDEIRANTES;Acesso irregular;Atropelamento de Pedestre;Com V�timas Feridas;Pleno dia;Decrescente;C�u Claro;Simples;"Rotat�ria;Reta;Interse��o de Vias";Sim;4;0;1;0;1;2;1;3;-19,679834;-54,350328;SPRF-MS;DEL01-MS;UOP02-DEL01-MS;;;
665515;06/03/2025;quinta-feira;12:30:00;SP;116;157;SAO JOSE DOS CAMPOS;Rea��o tardia ou ineficiente do condutor;Colis�o com objeto;Com V�timas Feridas;Pleno dia;Crescente;C�u Claro;Dupla;Reta;Sim;2;0;1;0;0;1;1;2;-23,25511507;-45,94335359;SPRF-SP;DEL02-SP;UOP01-DEL02-SP;;;
665517;06/03/2025;quinta-feira;13:30:00;SE;235;69,3;FREI PAULO;Demais falhas mec�nicas ou el�tricas;Colis�o com objeto;Com V�timas Fatais;Pleno dia;Crescente;C�u Claro;Simples;Reta;N�o;5;1;0;2;0;3;2;4;-10,56558333;-37,51188889;SPRF-SE;DEL01-SE;UOP02-DEL01-SE;;;
665518;06/03/2025;quinta-feira;12:00:00;MG;381;809;CAREACU;Rea��o tardia ou ineficiente do condutor;Colis�o traseira;Com V�timas Feridas;Pleno dia;Decrescente;C�u Claro;Dupla;Curva;N�o;3;0;1;0;1;1;1;3;-21,98731049;-45,6605511;SPRF-MG;DEL16-MG;UOP02-DEL16-MG;;;
665520;06/03/2025;quinta-feira;14:30:00;CE;116;27,9;AQUIRAZ;Aus�ncia de rea��o do condutor;Colis�o lateral mesmo sentido;Com V�timas Feridas;Pleno dia;Decrescente;C�u Claro;Dupla;Reta;Sim;3;0;1;0;2;0;1;3;-3,99027928;-38,51596355;SPRF-CE;DEL01-CE;UOP02-DEL01-CE;;;
665525;06/03/2025;quinta-feira;08:00:00;MA;230;133;PASTOS BONS;Transitar na contram�o;Colis�o transversal;Com V�timas Feridas;Pleno dia;Decrescente;Chuva;Simples;Curva;N�o;3;0;1;0;1;5;1;7;-6,581743;-44,013542;SPRF-MA;DEL05-MA;UOP01-DEL05-MA;;;
665527;06/03/2025;quinta-feira;13:45:00;RJ;493;3;ITABORAI;Condutor deixou de manter dist�ncia do ve�culo da frente;Colis�o traseira;Com V�timas Feridas;Pleno dia;Decrescente;C�u Claro;Dupla;"Declive;Reta";Sim;6;0;1;0;4;1;1;4;-22,75248038;-42,94180804;SPRF-RJ;DEL02-RJ;UOP02-DEL02-RJ;;;
665533;06/03/2025;quinta-feira;15:15:00;SP;116;199,9;ARUJA;Demais falhas mec�nicas ou el�tricas;Colis�o com objeto;Com V�timas Feridas;Pleno dia;Decrescente;C�u Claro;Dupla;"Reta;Declive";N�o;1;0;1;0;0;0;1;1;-23,4025867;-46,3153917;SPRF-SP;DEL01-SP;UOP01-DEL01-SP;;;
665537;06/03/2025;quinta-feira;14:45:00;RS;448;10;CANOAS;Transitar no Acostamento;Colis�o traseira;Com V�timas Feridas;Pleno dia;Crescente;C�u Claro;Simples;Reta;N�o;3;0;1;0;1;1;1;3;-29,88308526;-51,23834074;SPRF-RS;DEL01-RS;UOP01-DEL01-RS;;;
665542;06/03/2025;quinta-feira;15:48:00;RS;392;5,6;RIO GRANDE;Convers�o proibida;Colis�o transversal;Com V�timas Feridas;Pleno dia;Decrescente;C�u Claro;Simples;"Reta;Interse��o de Vias";Sim;3;0;0;1;2;0;1;2;-32,07800443;-52,10258348;SPRF-RS;DEL07-RS;UOP02-DEL07-RS;;;
665554;06/03/2025;quinta-feira;17:00:00;PR;476;177,7;CONTENDA;Aus�ncia de rea��o do condutor;Colis�o com objeto;Com V�timas Fatais;Pleno dia;Crescente;Sol;Simples;Curva;N�o;5;2;0;0;1;2;0;3;-25,70203996;-49,5753336;SPRF-PR;DEL01-PR;UOP06-DEL01-PR;;;
665557;06/03/2025;quinta-feira;17:40:00;MG;381;942;EXTREMA;Acessar a via sem observar a presen�a dos outros ve�culos;Colis�o lateral mesmo sentido;Sem V�timas;Pleno dia;Decrescente;C�u Claro;M�ltipla;Rotat�ria;Sim;4;0;0;0;3;1;0;3;-22,8335709;-46,3169908;SPRF-MG;DEL16-MG;UOP03-DEL16-MG;;;