id;data_inversa;dia_semana;horario;uf;br;km;municipio;causa_acidente;tipo_acidente;classificacao_acidente;fase_dia;sentido_via;condicao_metereologica;tipo_pista;tracado_via;uso_solo;pessoas;mortos;feridos_leves;feridos_graves;ilesos;ignorados;feridos;veiculos;latitude;longitude;regional;delegacia;uop;;;
665558;06/03/2025;quinta-feira;17:10:00;MG;381;451,2;SABARA;Acessar a via sem observar a presen�a dos outros ve�culos;Colis�o transversal;Com V�timas Feridas;Pleno dia;Decrescente;Sol;Simples;"Curva;Retorno Regulamentado";Sim;4;0;1;0;2;1;1;4;-19,8341342;-43,84860277;SPRF-MG;DEL01-MG;UOP01-DEL01-MG;;;
665562;06/03/2025;quinta-feira;17:45:00;BA;324;515;FEIRA DE SANTANA;Acessar a via sem observar a presen�a dos outros ve�culos;Colis�o transversal;Com V�timas Feridas;Pleno dia;Crescente;C�u Claro;Simples;Interse��o de Vias;Sim;3;0;1;0;1;1;1;3;-12,24097758;-38,9383328;SPRF-BA;DEL02-BA;UOP01-DEL02-BA;;;
665568;06/03/2025;quinta-feira;17:50:00;RS;470;217;BENTO GONCALVES;Manobra de mudan�a de faixa;Colis�o lateral mesmo sentido;Sem V�timas;Pleno dia;Decrescente;C�u Claro;Simples;Curva;Sim;2;0;0;0;2;0;0;2;-29,17641684;-51,52113676;SPRF-RS;DEL06-RS;UOP01-DEL06-RS;;;
665570;06/03/2025;quinta-feira;16:45:00;BA;116;403;FEIRA DE SANTANA;Velocidade Incompat�vel;Tombamento;Com V�timas Feridas;Pleno dia;Decrescente;Nublado;Simples;"Aclive;Viaduto;Curva";N�o;2;0;1;0;0;1;1;2;-12,05558608;-38,96862721;SPRF-BA;DEL02-BA;UOP01-DEL02-BA;;;
665571;06/03/2025;quinta-feira;18:30:00;DF;20;20,7;BRASILIA;Chuva;Colis�o traseira;Com V�timas Feridas;Plena Noite;Decrescente;Chuva;Dupla;Reta;Sim;2;0;1;0;1;0;1;2;-15,6000355;-47,67444492;SPRF-DF;DEL02-DF;UOP01-DEL02-DF;;;
665572;19/02/2025;quarta-feira;05:15:00;AL;101;152;JEQUIA DA PRAIA;Demais falhas mec�nicas ou el�tricas;Inc�ndio;Sem V�timas;Amanhecer;Crescente;C�u Claro;Dupla;Reta;N�o;2;0;0;0;1;1;0;2;-9,88974591;-36,16761599;SPRF-AL;DEL02-AL;UOP02-DEL02-AL;;;
665586;11/02/2025;ter�a-feira;06:30:00;MT;364;636;DIAMANTINO;Acumulo de �gua sobre o pavimento;Sa�da de leito carro��vel;Sem V�timas;Pleno dia;Crescente;Chuva;Simples;Reta;N�o;2;0;0;0;0;3;0;3;-14,37879592;-56,37227995;SPRF-MT;DEL01-MT;UOP01-DEL01-MT;;;
665589;06/03/2025;quinta-feira;19:30:00;RS;116;144,7;CAXIAS DO SUL;Manobra de mudan�a de faixa;Colis�o lateral mesmo sentido;Sem V�timas;Plena Noite;Decrescente;C�u Claro;Dupla;Viaduto;Sim;2;0;0;0;2;0;0;2;-29,13256627;-51,12915874;SPRF-RS;DEL05-RS;UOP01-DEL05-RS;;;
665593;06/03/2025;quinta-feira;19:50:00;MG;262;449,2;NOVA SERRANA;Ultrapassagem Indevida;Colis�o lateral sentido oposto;Com V�timas Feridas;Plena Noite;Crescente;C�u Claro;Simples;Reta;N�o;4;0;2;0;0;2;2;4;-19,852803;-45,024158;SPRF-MG;DEL08-MG;UOP03-DEL08-MG;;;
665604;06/03/2025;quinta-feira;20:00:00;MG;40;582;ITABIRITO;Pedestre andava na pista;Atropelamento de Pedestre;Com V�timas Fatais;Plena Noite;Crescente;C�u Claro;Simples;"Aclive;Curva";N�o;3;1;0;0;1;1;0;3;-20,312871;-43,934691;SPRF-MG;DEL01-MG;UOP02-DEL01-MG;;;
665609;06/03/2025;quinta-feira;13:30:00;MA;135;171,2;SAO MATEUS DO MARANHAO;Condutor deixou de manter dist�ncia do ve�culo da frente;Colis�o traseira;Com V�timas Feridas;Pleno dia;Decrescente;Chuva;Simples;Reta;N�o;4;0;0;1;2;1;1;3;-3,939037;-44,480126;SPRF-MA;DEL03-MA;UOP01-DEL03-MA;;;
665613;06/03/2025;quinta-feira;20:20:00;MG;40;77,5;PARACATU;Animais na Pista;Atropelamento de Animal;Com V�timas Feridas;Plena Noite;Decrescente;C�u Claro;Simples;Reta;N�o;7;0;3;2;1;1;5;3;-17,446117;-46,688231;SPRF-MG;DEL14-MG;UOP01-DEL14-MG;;;
665620;07/03/2025;sexta-feira;00:10:00;GO;153;598;MORRINHOS;Condutor Dormindo;Sa�da de leito carro��vel;Com V�timas Feridas;Plena Noite;Decrescente;C�u Claro;Dupla;"Interse��o de Vias;Viaduto";N�o;2;0;1;0;0;2;1;3;-17,52479;-49,21498;SPRF-GO;DEL03-GO;UOP01-DEL03-GO;;;
665622;06/03/2025;quinta-feira;22:55:00;SC;101;280;IMBITUBA;Aus�ncia de rea��o do condutor;Colis�o traseira;Com V�timas Feridas;Plena Noite;Crescente;Garoa/Chuvisco;Dupla;Reta;N�o;3;0;0;1;1;2;1;4;-28,19445157;-48,69739195;SPRF-SC;DEL02-SC;UOP03-DEL02-SC;;;
665624;07/03/2025;sexta-feira;00:00:00;RJ;116;64;TERESOPOLIS;Acumulo de areia ou detritos sobre o pavimento;Sa�da de leito carro��vel;Com V�timas Fatais;Plena Noite;Decrescente;C�u Claro;Simples;Curva;N�o;3;1;0;0;1;1;0;3;-22,26330652;-42,92388912;SPRF-RJ;DEL04-RJ;UOP01-DEL04-RJ;;;
665626;07/03/2025;sexta-feira;01:35:00;SP;116;169;JACAREI;Rea��o tardia ou ineficiente do condutor;Colis�o traseira;Sem V�timas;Plena Noite;Crescente;C�u Claro;Dupla;Reta;N�o;3;0;0;0;2;1;0;3;-23,306758;-46,03987098;SPRF-SP;DEL02-SP;UOP01-DEL02-SP;;;
665627;07/03/2025;sexta-feira;02:50:00;RO;364;434;JARU;Curva acentuada;Sa�da de leito carro��vel;Com V�timas Feridas;Plena Noite;Decrescente;C�u Claro;Simples;Curva;N�o;2;0;1;0;0;3;1;4;-10,37516001;-62,55499363;SPRF-RO;DEL03-RO;UOP02-DEL03-RO;;;
665629;07/03/2025;sexta-feira;03:45:00;PB;101;76,7;SANTA RITA;Condutor Dormindo;Sa�da de leito carro��vel;Sem V�timas;Plena Noite;Decrescente;Chuva;Dupla;Reta;N�o;1;0;0;0;1;0;0;1;-7,09653;-34,966723;SPRF-PB;DEL01-PB;UOP03-DEL01-PB;;;
665631;06/03/2025;quinta-feira;22:30:00;MT;364;494;JANGADA;Aus�ncia de rea��o do condutor;Atropelamento de Pedestre;Com V�timas Feridas;Plena Noite;Decrescente;C�u Claro;Simples;Reta;Sim;2;0;0;1;0;1;1;2;-15,23599296;-56,49272919;SPRF-MT;DEL01-MT;UOP01-DEL01-MT;;;
665632;07/03/2025;sexta-feira;00:10:00;MG;267;21,5;ARGIRITA;Velocidade Incompat�vel;Tombamento;Com V�timas Feridas;Plena Noite;Crescente;Nublado;Simples;"Declive;Curva";N�o;3;0;1;2;0;0;3;2;-21,59274447;-42,78538272;SPRF-MG;DEL07-MG;UOP01-DEL07-MG;;;
665633;07/03/2025;sexta-feira;03:50:00;MT;163;520;DIAMANTINO;Aus�ncia de rea��o do condutor;Tombamento;Com V�timas Feridas;Plena Noite;Decrescente;C�u Claro;Dupla;Reta;N�o;2;0;1;0;0;2;1;3;-14,39344827;-56,1157608;SPRF-MT;DEL01-MT;UOP01-DEL01-MT;;;
665637;07/03/2025;sexta-feira;05:50:00;PE;232;57;POMBOS;Rea��o tardia ou ineficiente do condutor;Sa�da de leito carro��vel;Com V�timas Feridas;Pleno dia;Decrescente;Nublado;Dupla;Curva;Sim;2;0;0;1;0;1;1;2;-8,1407064;-35,3811903;SPRF-PE;DEL02-PE;UOP02-DEL02PE;;;
665642;07/03/2025;sexta-feira;06:50:00;SC;101;193,9;BIGUACU;Rea��o tardia ou ineficiente do condutor;Colis�o traseira;Com V�timas Feridas;Pleno dia;Crescente;C�u Claro;Dupla;Reta;Sim;4;0;1;0;2;2;1;5;-27,4983;-48,6568;SPRF-SC;DEL01-SC;UOP01-DEL01-SC;;;
665643;07/03/2025;sexta-feira;06:00:00;PR;277;205;PALMEIRA;Condutor Dormindo;Sa�da de leito carro��vel;Com V�timas Feridas;Amanhecer;Decrescente;C�u Claro;Simples;Reta;N�o;4;0;1;0;3;0;1;1;-25,44303483;-50,17830759;SPRF-PR;DEL08-PR;UOP02-DEL08-PR;;;
665650;06/03/2025;quinta-feira;14:45:00;GO;153;374,5;SAO FRANCISCO DE GOIAS;Rea��o tardia ou ineficiente do condutor;Sa�da de leito carro��vel;Com V�timas Feridas;Pleno dia;Crescente;C�u Claro;Simples;Reta;N�o;1;0;1;0;0;0;1;1;-15,88581665;-49,2427337;SPRF-GO;DEL02-GO;UOP02-DEL02-GO;;;
665656;07/03/2025;sexta-feira;07:40:00;GO;153;507,9;HIDROLANDIA;Aus�ncia de rea��o do condutor;Colis�o traseira;Com V�timas Feridas;Pleno dia;Decrescente;C�u Claro;Dupla;"Reta;Aclive";Sim;3;0;2;0;1;0;2;2;-16,9218327;-49,2525965;SPRF-GO;DEL01-GO;UOP03-DEL01-GO;;;
665659;07/03/2025;sexta-feira;04:08:00;RJ;40;113;DUQUE DE CAXIAS;Demais falhas mec�nicas ou el�tricas;Inc�ndio;Sem V�timas;Amanhecer;Decrescente;C�u Claro;Simples;"Reta;Aclive";N�o;1;0;0;0;0;1;0;1;-22,71166798;-43,28994669;SPRF-RJ;DEL01-RJ;UOP02-DEL01-RJ;;;
665661;07/03/2025;sexta-feira;07:14:00;PE;232;409;SERRA TALHADA;Desrespeitar a prefer�ncia no cruzamento;Colis�o transversal;Com V�timas Feridas;Pleno dia;Decrescente;C�u Claro;Simples;"Reta;Interse��o de Vias";Sim;4;0;0;1;2;2;1;4;-7,982213;-38,296255;SPRF-PE;DEL04-PE;UOP01-DEL04-PE;;;
665668;07/03/2025;sexta-feira;05:40:00;PB;230;137,9;MASSARANDUBA;Aus�ncia de rea��o do condutor;Tombamento;Com V�timas Feridas;Pleno dia;Decrescente;Nublado;Dupla;"Declive;Curva";N�o;5;0;3;0;0;3;3;4;-7,271185;-35,786283;SPRF-PB;DEL02-PB;UOP01-DEL02-PB;;;
665670;07/03/2025;sexta-feira;08:40:00;RS;290;42,9;GLORINHA;Condutor deixou de manter dist�ncia do ve�culo da frente;Colis�o traseira;Com V�timas Feridas;Pleno dia;Crescente;Sol;M�ltipla;Reta;N�o;2;0;1;0;1;0;1;2;-29,889478;-50,688038;SPRF-RS;DEL03-RS;UOP01-DEL03-RS;;;
665674;07/03/2025;sexta-feira;03:30:00;MG;381;720,9;CARMO DA CACHOEIRA;Aus�ncia de rea��o do condutor;Colis�o com objeto;Com V�timas Fatais;Plena Noite;Decrescente;C�u Claro;Dupla;"Declive;Curva";N�o;2;1;0;0;0;1;0;2;-21,43255694;-45,21071434;SPRF-MG;DEL04-MG;UOP02-DEL04-MG;;;
665676;07/03/2025;sexta-feira;07:44:00;PE;232;31;MORENO;Demais falhas mec�nicas ou el�tricas;Inc�ndio;Sem V�timas;Pleno dia;Crescente;C�u Claro;Dupla;Curva;N�o;1;0;0;0;1;0;0;1;-8,10973;-35,15695;SPRF-PE;DEL01-PE;UOP01-DEL01-PE;;;
665687;06/03/2025;quinta-feira;15:00:00;PR;153;482;GENERAL CARNEIRO;Rea��o tardia ou ineficiente do condutor;Tombamento;Com V�timas Feridas;Pleno dia;Decrescente;C�u Claro;Simples;Reta;N�o;2;0;0;1;0;1;1;2;-26,377618;-51,2611674;SPRF-PR;DEL02-PR;UOP03-DEL02-PR;;;
665690;07/03/2025;sexta-feira;06:20:00;PR;277;46,9;MORRETES;Demais falhas mec�nicas ou el�tricas;Inc�ndio;Sem V�timas;Amanhecer;Crescente;Nublado;Dupla;Reta;N�o;2;0;0;0;1;2;0;3;-25,5925224;-48,9135897;SPRF-PR;DEL01-PR;UOP05-DEL01-PR;;;
665701;07/03/2025;sexta-feira;11:00:00;RJ;116;78;TERESOPOLIS;Acessar a via sem observar a presen�a dos outros ve�culos;Colis�o traseira;Com V�timas Feridas;Pleno dia;Crescente;C�u Claro;Simples;Reta;Sim;2;0;1;0;0;1;1;2;-22,371621;-42,95201;SPRF-RJ;DEL04-RJ;UOP01-DEL04-RJ;;;
665708;06/03/2025;quinta-feira;10:30:00;MA;230;498,8;RIACHAO;Velocidade Incompat�vel;Sa�da de leito carro��vel;Sem V�timas;Pleno dia;Decrescente;C�u Claro;Simples;"Declive;Curva";N�o;1;0;0;0;1;0;0;1;-7,4348;-46,809883;SPRF-MA;DEL05-MA;UOP01-DEL05-MA;;;
665709;07/03/2025;sexta-feira;11:20:00;TO;153;497;PARAISO DO TOCANTINS;Acessar a via sem observar a presen�a dos outros ve�culos;Colis�o transversal;Com V�timas Feridas;Pleno dia;Crescente;Sol;Simples;Reta;Sim;2;0;1;0;1;0;1;2;-10,17645915;-48,8802284;SPRF-TO;DEL01-TO;UOP01-DEL01-TO;;;
665728;06/03/2025;quinta-feira;22:05:00;PR;476;315,1;PAULO FRONTIN;Carga excessiva e/ou mal acondicionada;Tombamento;Com V�timas Feridas;Plena Noite;Decrescente;C�u Claro;Simples;Curva;N�o;3;0;1;0;1;2;1;4;-26,03413;-50,69839;SPRF-PR;DEL02-PR;UOP03-DEL02-PR;;;
665730;07/03/2025;sexta-feira;12:50:00;RN;304;302;PARNAMIRIM;Manobra de mudan�a de faixa;Colis�o lateral mesmo sentido;Com V�timas Feridas;Pleno dia;Decrescente;C�u Claro;Dupla;"Aclive;Curva";N�o;3;0;1;0;2;0;1;3;-5,8909832;-35,265833;SPRF-RN;DEL01-RN;UOP02-DEL01-RN;;;
665732;07/03/2025;sexta-feira;12:55:00;MG;40;454;CAETANOPOLIS;Ingest�o de �lcool pelo condutor;Eventos at�picos;Sem V�timas;Pleno dia;Decrescente;C�u Claro;Dupla;Reta;Sim;4;0;0;0;3;1;0;4;-19,2903;-44,4245;SPRF-MG;DEL02-MG;UOP01-DEL02-MG;;;
665736;07/03/2025;sexta-feira;13:00:00;MG;153;47,1;CANAPOLIS;Condutor Dormindo;Sa�da de leito carro��vel;Com V�timas Feridas;Pleno dia;Crescente;C�u Claro;Dupla;Reta;N�o;2;0;1;0;0;3;1;4;-18,763433;-49,074912;SPRF-MG;DEL15-MG;UOP03-DEL15-MG;;;
665738;07/03/2025;sexta-feira;12:00:00;MS;60;337;CAMPO GRANDE;Aus�ncia de rea��o do condutor;Colis�o lateral sentido oposto;Com V�timas Feridas;Pleno dia;Crescente;C�u Claro;Simples;"Declive;Curva";N�o;3;0;1;0;1;3;1;5;-20,373743;-54,667947;SPRF-MS;DEL01-MS;UOP02-DEL01-MS;;;
665742;07/03/2025;sexta-feira;13:00:00;BA;116;735;BOA NOVA;Convers�o proibida;Colis�o frontal;Com V�timas Feridas;Pleno dia;Crescente;C�u Claro;Simples;Interse��o de Vias;N�o;2;0;1;0;1;0;1;2;-14,35158978;-40,33444947;SPRF-BA;DEL08-BA;UOP02-DEL08-BA;;;
665743;07/02/2025;sexta-feira;14:40:00;RJ;101;208;CASIMIRO DE ABREU;Ultrapassagem Indevida;Colis�o transversal;Com V�timas Feridas;Pleno dia;Decrescente;C�u Claro;Simples;Reta;N�o;10;0;0;1;8;1;1;5;-22,4806698;-42,22017209;SPRF-RJ;DEL08-RJ;UOP04-DEL08-RJ;;;
665745;07/03/2025;sexta-feira;13:00:00;MG;40;354,8;FELIXLANDIA;Transitar na contram�o;Eventos at�picos;Com V�timas Feridas;Pleno dia;Decrescente;Sol;Simples;Reta;N�o;2;0;0;1;1;0;1;2;-18,730005;-44,891875;SPRF-MG;DEL02-MG;UOP01-DEL02-MG;;;
665746;07/03/2025;sexta-feira;13:50:00;SC;101;257,9;PAULO LOPES;Rea��o tardia ou ineficiente do condutor;Colis�o traseira;Com V�timas Feridas;Pleno dia;Crescente;C�u Claro;Dupla;Reta;N�o;3;0;0;1;1;2;1;4;-28,00463659;-48,69448006;SPRF-SC;DEL02-SC;UOP03-DEL02-SC;;;
665748;07/03/2025;sexta-feira;13:50:00;PE;101;44,1;IGARASSU;Manobra de mudan�a de faixa;Colis�o lateral mesmo sentido;Com V�timas Feridas;Pleno dia;Crescente;Sol;M�ltipla;Reta;Sim;3;0;1;0;1;1;1;3;-7,858;-34,908;SPRF-PE;DEL01-PE;UOP02-DEL01-PE;;;
665750;07/03/2025;sexta-feira;14:00:00;PR;272;367,8;CAMPO MOURAO;Condutor deixou de manter dist�ncia do ve�culo da frente;Colis�o traseira;Sem V�timas;Pleno dia;Decrescente;C�u Claro;Dupla;Reta;Sim;3;0;0;0;2;1;0;3;-24,052666;-52,406113;SPRF-PR;DEL09-PR;UOP03-DEL09-PR;;;
665752;07/03/2025;sexta-feira;09:00:00;RO;421;40;MONTE NEGRO;Rea��o tardia ou ineficiente do condutor;Sa�da de leito carro��vel;Com V�timas Feridas;Pleno dia;Decrescente;Chuva;Simples;Reta;N�o;1;0;0;1;0;0;1;1;-10,20608714;-63,24202538;SPRF-RO;DEL03-RO;UOP01-DEL03-RO;;;
665757;07/03/2025;sexta-feira;15:15:00;RS;116;28;VACARIA;Transitar na contram�o;Colis�o transversal;Sem V�timas;Pleno dia;Crescente;C�u Claro;Simples;Reta;N�o;3;0;0;0;3;0;0;3;-28,4884992;-50,921472;SPRF-RS;DEL05-RS;UOP03-DEL05-RS;;;
665759;07/03/2025;sexta-feira;13:00:00;RJ;116;275;BARRA MANSA;Manobra de mudan�a de faixa;Colis�o lateral mesmo sentido;Com V�timas Feridas;Pleno dia;Crescente;C�u Claro;Dupla;Curva;N�o;3;0;1;0;1;1;1;3;-22,56076971;-44,15430437;SPRF-RJ;DEL07-RJ;UOP02-DEL07-RJ;;;
665767;07/03/2025;sexta-feira;14:10:00;SC;101;119;ITAJAI;Rea��o tardia ou ineficiente do condutor;Colis�o traseira;Com V�timas Feridas;Pleno dia;Decrescente;C�u Claro;M�ltipla;Reta;Sim;3;0;2;0;1;0;2;2;-26,91240606;-48,71204233;SPRF-SC;DEL04-SC;UOP04-DEL04-SC;;;
665769;07/03/2025;sexta-feira;15:40:00;PR;116;110;CURITIBA;Rea��o tardia ou ineficiente do condutor;Engavetamento;Com V�timas Feridas;Pleno dia;Decrescente;C�u Claro;Dupla;Reta;Sim;4;0;1;0;2;2;1;5;-25,55858707;-49,26773787;SPRF-PR;DEL01-PR;UOP03-DEL01-PR;;;
665770;07/03/2025;sexta-feira;16:15:00;TO;153;722,5;FIGUEIROPOLIS;Condutor deixou de manter dist�ncia do ve�culo da frente;Colis�o traseira;Com V�timas Feridas;Pleno dia;Crescente;Sol;Simples;Reta;Sim;3;0;0;1;1;4;1;6;-12,13719423;-49,16925477;SPRF-TO;DEL01-TO;UOP02-DEL01-TO;;;
665771;07/03/2025;sexta-feira;12:50:00;MG;116;608;SAO JOAO DO MANHUACU;Rea��o tardia ou ineficiente do condutor;Colis�o frontal;Com V�timas Feridas;Pleno dia;Crescente;Nublado;Simples;"Reta;Aclive";N�o;2;0;2;0;0;0;2;2;-20,40563426;-42,15193056;SPRF-MG;DEL06-MG;UOP03-DEL06-MG;;;
665779;07/03/2025;sexta-feira;18:00:00;SE;101;90;NOSSA SENHORA DO SOCORRO;Demais falhas mec�nicas ou el�tricas;Colis�o com objeto;Sem V�timas;Plena Noite;Decrescente;C�u Claro;Dupla;"Reta;Aclive";N�o;1;0;0;0;1;0;0;1;-10,9064;-37,1197;SPRF-SE;DEL01-SE;UOP01-DEL01-SE;;;
665780;07/03/2025;sexta-feira;17:38:00;MT;364;364;SANTO ANTONIO DO LEVERGER;Chuva;Sa�da de leito carro��vel;Com V�timas Feridas;Anoitecer;Decrescente;Chuva;Dupla;"Reta;Declive";N�o;1;0;0;1;0;0;1;1;-15,739243;-55,664038;SPRF-MT;DEL01-MT;UOP02-DEL01-MT;;;
665781;02/01/2025;quinta-feira;17:20:00;RJ;101;384;RIO DE JANEIRO;Manobra de mudan�a de faixa;Colis�o lateral mesmo sentido;Com V�timas Feridas;Pleno dia;Decrescente;C�u Claro;Dupla;Reta;N�o;3;0;1;0;1;1;1;3;-22,87911609;-43,62323999;SPRF-RJ;DEL03-RJ;UOP01-DEL03-RJ;;;
665790;07/03/2025;sexta-feira;18:15:00;PI;343;346,8;TERESINA;Transitar na contram�o;Colis�o frontal;Com V�timas Fatais;Plena Noite;Crescente;Nublado;Simples;"Reta;Ponte";Sim;4;1;0;0;3;0;0;2;-5,114692;-42,778288;SPRF-PI;DEL01-PI;UOP01-DEL01-PI;;;
665794;07/03/2025;sexta-feira;17:00:00;MT;70;277;PRIMAVERA DO LESTE;Acessar a via sem observar a presen�a dos outros ve�culos;Colis�o transversal;Com V�timas Feridas;Pleno dia;Decrescente;C�u Claro;Simples;Reta;Sim;5;0;2;0;2;1;2;2;-15,55383;-54,262612;SPRF-MT;DEL05-MT;UOP01-DEL05-MT;;;
665797;07/03/2025;sexta-feira;19:45:00;PR;116;146;MANDIRITUBA;Transitar na contram�o;Colis�o frontal;Com V�timas Feridas;Plena Noite;Crescente;C�u Claro;Simples;Reta;N�o;10;0;9;0;0;2;9;7;-25,820747;-49,334195;SPRF-PR;DEL01-PR;UOP03-DEL01-PR;;;
665814;07/03/2025;sexta-feira;16:40:00;SC;163;70,8;SAO MIGUEL DO OESTE;Rea��o tardia ou ineficiente do condutor;Colis�o lateral mesmo sentido;Com V�timas Feridas;Pleno dia;Decrescente;C�u Claro;Dupla;"Reta;Interse��o de Vias";Sim;4;0;1;0;2;1;1;3;-26,7297954;-53,51137692;SPRF-SC;DEL07-SC;UOP03-DEL07-SC;;;
665815;15/02/2025;s�bado;10:40:00;RJ;116;128;MAGE;Carga excessiva e/ou mal acondicionada;Tombamento;Sem V�timas;Pleno dia;Decrescente;Sol;Dupla;"Curva;Aclive";N�o;3;0;0;0;2;1;0;3;-22,6657139;-43,10092001;SPRF-RJ;DEL04-RJ;UOP02-DEL04-RJ;;;
665819;07/03/2025;sexta-feira;17:30:00;PA;316;34;SANTA IZABEL DO PARA;Aus�ncia de rea��o do condutor;Colis�o traseira;Sem V�timas;Anoitecer;Decrescente;C�u Claro;Dupla;Reta;Sim;2;0;0;0;2;0;0;2;-1,28924465;-48,15428317;SPRF-PA;DEL01-PA;UOP01-DEL01-PA;;;
665824;07/03/2025;sexta-feira;20:55:00;MG;116;326,7;CAMPANARIO;Condutor Dormindo;Colis�o frontal;Com V�timas Feridas;Plena Noite;Decrescente;C�u Claro;Simples;Reta;N�o;3;0;0;1;1;1;1;3;-18,21305684;-41,71710423;SPRF-MG;DEL11-MG;UOP01-DEL11-MG;;;
665835;07/03/2025;sexta-feira;18:30:00;TO;153;126;WANDERLANDIA;Acesso irregular;Colis�o transversal;Com V�timas Feridas;Plena Noite;Decrescente;Nublado;Simples;Reta;N�o;3;0;1;0;1;2;1;4;-7,0310141;-48,10238242;SPRF-TO;DEL02-TO;UOP01-DEL02-TO;;;
665837;07/03/2025;sexta-feira;13:30:00;MA;226;244;BARRA DO CORDA;Aus�ncia de rea��o do condutor;Colis�o lateral mesmo sentido;Com V�timas Feridas;Pleno dia;Crescente;C�u Claro;Simples;Reta;N�o;3;0;0;1;1;3;1;5;-5,48834838;-45,2048922;SPRF-MA;DEL06-MA;UOP01-DEL06-MA;;;
665839;07/03/2025;sexta-feira;21:05:00;MT;70;238;POXOREU;Aus�ncia de rea��o do condutor;Colis�o lateral sentido oposto;Com V�timas Feridas;Plena Noite;Decrescente;C�u Claro;Simples;Reta;N�o;4;0;2;1;0;1;3;3;-15,625748;-54,011657;SPRF-MT;DEL05-MT;UOP01-DEL05-MT;;;
665840;07/03/2025;sexta-feira;23:20:00;CE;20;341,9;CARIDADE;Demais falhas mec�nicas ou el�tricas;Inc�ndio;Sem V�timas;Plena Noite;Crescente;C�u Claro;Simples;Reta;N�o;2;0;0;0;1;1;0;2;-4,140461;-39,095551;SPRF-CE;DEL02-CE;UOP01-DEL02-CE;;;
665843;08/03/2025;s�bado;00:10:00;DF;60;3,9;BRASILIA;Ingest�o de �lcool pelo condutor;Colis�o traseira;Sem V�timas;Plena Noite;Decrescente;C�u Claro;Dupla;"Reta;Aclive";Sim;3;0;0;0;3;0;0;3;-15,89286;-48,094735;SPRF-DF;DEL03-DF;UOP01-DEL03-DF;;;
665846;08/03/2025;s�bado;01:40:00;GO;40;97,8;CRISTALINA;Rea��o tardia ou ineficiente do condutor;Colis�o transversal;Com V�timas Feridas;Plena Noite;Decrescente;C�u Claro;Simples;"Aclive;Reta";Sim;3;0;1;0;2;0;1;2;-16,769142;-47,591878;SPRF-DF;DEL01-DF;UOP02-DEL01-DF;;;
665849;08/03/2025;s�bado;00:20:00;MT;163;548;DIAMANTINO;Ingest�o de �lcool pelo condutor;Sa�da de leito carro��vel;Sem V�timas;Plena Noite;Crescente;C�u Claro;Simples;"Em Obras;Desvio Tempor�rio";N�o;2;0;0;0;1;3;0;4;-14,241619;-56,123349;SPRF-MT;DEL01-MT;UOP01-DEL01-MT;;;
665853;08/03/2025;s�bado;03:45:00;MG;381;767;CAMPANHA;Rea��o tardia ou ineficiente do condutor;Colis�o traseira;Com V�timas Feridas;Plena Noite;Decrescente;C�u Claro;Dupla;Curva;N�o;3;0;0;1;1;1;1;3;-21,74809;-45,38796;SPRF-MG;DEL16-MG;UOP02-DEL16-MG;;;
665857;08/03/2025;s�bado;00:20:00;SC;153;54;VARGEM BONITA;Aus�ncia de rea��o do condutor;Colis�o frontal;Com V�timas Feridas;Plena Noite;Crescente;C�u Claro;Simples;"Reta;Ponte";N�o;2;0;0;1;1;0;1;2;-26,9377572;-51,81949496;SPRF-SC;DEL07-SC;UOP07-DEL07-SC;;;
665859;08/03/2025;s�bado;03:00:00;PR;277;308,8;GUARAPUAVA;Rea��o tardia ou ineficiente do condutor;Colis�o lateral sentido oposto;Com V�timas Feridas;Plena Noite;Crescente;C�u Claro;Simples;Curva;N�o;5;0;2;0;2;2;2;4;-25,31247133;-51,20378428;SPRF-PR;DEL08-PR;UOP01-DEL08-PR;;;
665860;08/03/2025;s�bado;03:00:00;DF;60;29,3;BRASILIA;Rea��o tardia ou ineficiente do condutor;Colis�o com objeto;Sem V�timas;Plena Noite;Decrescente;C�u Claro;Dupla;Curva;Sim;3;0;0;0;2;3;0;5;-15,9286818;-48,1678314;SPRF-DF;DEL03-DF;UOP01-DEL03-DF;;;
665862;07/03/2025;sexta-feira;23:00:00;MT;70;60;BARRA DO GARCAS;Ingest�o de �lcool pelo condutor;Capotamento;Com V�timas Feridas;Plena Noite;Decrescente;C�u Claro;Simples;Reta;N�o;2;0;1;0;0;2;1;3;-15,700622;-52,679525;SPRF-MT;DEL07-MT;UOP01-DEL07-MT;;;
665875;08/03/2025;s�bado;06:30:00;SP;116;410;JUQUIA;Demais falhas mec�nicas ou el�tricas;Inc�ndio;Sem V�timas;Pleno dia;Decrescente;C�u Claro;Dupla;Reta;N�o;2;0;0;0;1;2;0;3;-24,32969654;-47,61779308;SPRF-SP;DEL05-SP;UOP01-DEL05-SP;;;
665878;08/03/2025;s�bado;06:30:00;MG;381;342;JOAO MONLEVADE;Aus�ncia de rea��o do condutor;Colis�o lateral sentido oposto;Com V�timas Feridas;Pleno dia;Crescente;Sol;Simples;"Reta;Aclive";N�o;4;0;1;1;1;3;2;6;-19,8499848;-43,1510399;SPRF-MG;DEL03-MG;UOP01-DEL03-MG;;;
665879;08/03/2025;s�bado;03:26:00;PE;408;79,2;PAUDALHO;Condutor Dormindo;Colis�o com objeto;Sem V�timas;Plena Noite;Decrescente;Nublado;Dupla;Reta;N�o;1;0;0;0;1;0;0;1;-7,96625;-35,0923;SPRF-PE;DEL01-PE;UOP01-DEL01-PE;;;