id;data_inversa;dia_semana;horario;uf;br;km;municipio;causa_acidente;tipo_acidente;classificacao_acidente;fase_dia;sentido_via;condicao_metereologica;tipo_pista;tracado_via;uso_solo;pessoas;mortos;feridos_leves;feridos_graves;ilesos;ignorados;feridos;veiculos;latitude;longitude;regional;delegacia;uop;;;
665883;07/03/2025;sexta-feira;23:35:00;SP;116;545;BARRA DO TURVO;Rea��o tardia ou ineficiente do condutor;Tombamento;Com V�timas Feridas;Plena Noite;Decrescente;C�u Claro;Simples;"Curva;Declive";N�o;2;0;1;0;0;1;1;2;-24,963015;-48,428177;SPRF-SP;DEL05-SP;UOP02-DEL05-SP;;;
665886;24/01/2025;sexta-feira;03:50:00;PI;316;306;PICOS;Aus�ncia de rea��o do condutor;Sa�da de leito carro��vel;Com V�timas Feridas;Plena Noite;Crescente;Nublado;Simples;"Curva;Declive";Sim;1;0;0;1;0;0;1;1;-7,07700699;-41,50959795;SPRF-PI;DEL04-PI;UOP01-DEL04-PI;;;
665887;08/03/2025;s�bado;05:05:00;MG;116;530,7;CARATINGA;Ingest�o de subst�ncias psicoativas pelo condutor;Colis�o lateral sentido oposto;Com V�timas Fatais;Amanhecer;Crescente;C�u Claro;Simples;Reta;N�o;3;1;0;0;2;0;0;2;-19,816687;-42,136218;SPRF-MG;DEL06-MG;UOP02-DEL06-MG;;;
665888;08/03/2025;s�bado;07:00:00;TO;153;119,5;WANDERLANDIA;Demais falhas mec�nicas ou el�tricas;Inc�ndio;Sem V�timas;Pleno dia;Decrescente;C�u Claro;Simples;Curva;N�o;2;0;0;0;1;1;0;2;-7,0352416;-48,1044772;SPRF-TO;DEL02-TO;UOP01-DEL02-TO;;;
665891;26/02/2025;quarta-feira;15:20:00;BA;242;519;OLIVEIRA DOS BREJINHOS;Ultrapassagem Indevida;Sa�da de leito carro��vel;Com V�timas Feridas;Pleno dia;Decrescente;C�u Claro;Simples;Reta;N�o;3;0;1;0;1;1;1;2;-12,307081;-42,61531;SPRF-BA;DEL06-BA;UOP01-DEL06-BA;;;
665896;08/03/2025;s�bado;06:45:00;MS;163;151,2;JUTI;Rea��o tardia ou ineficiente do condutor;Sa�da de leito carro��vel;Com V�timas Feridas;Pleno dia;Crescente;C�u Claro;Simples;"Aclive;Reta";N�o;2;0;1;1;0;0;2;1;-22,957601;-54,438889;SPRF-MS;DEL09-MS;UOP01-DEL09-MS;;;
665897;08/03/2025;s�bado;02:40:00;MT;70;586;NOSSA SENHORA DO LIVRAMENTO;Transitar na contram�o;Colis�o frontal;Com V�timas Fatais;Plena Noite;Decrescente;C�u Claro;Simples;Curva;N�o;4;1;0;1;1;1;1;3;-15,79505132;-56,68630958;SPRF-MT;DEL03-MT;UOP02-DEL03-MT;;;
665900;08/03/2025;s�bado;07:30:00;GO;70;6;AGUAS LINDAS DE GOIAS;Rea��o tardia ou ineficiente do condutor;Colis�o com objeto;Com V�timas Feridas;Pleno dia;Decrescente;C�u Claro;M�ltipla;Reta;Sim;2;0;0;1;0;1;1;2;-15,74037033;-48,2714653;SPRF-DF;DEL03-DF;UOP02-DEL03-DF;;;
665911;08/03/2025;s�bado;09:00:00;BA;101;382;IBIRAPITANGA;Velocidade Incompat�vel;Tombamento;Com V�timas Feridas;Pleno dia;Crescente;Nublado;Simples;"Declive;Curva";N�o;2;0;1;0;0;1;1;2;-13,882853;-39,487402;SPRF-BA;DEL05-BA;UOP03-DEL05-BA;;;
665912;08/03/2025;s�bado;09:55:00;ES;101;268;SERRA;Acessar a via sem observar a presen�a dos outros ve�culos;Colis�o lateral mesmo sentido;Com V�timas Feridas;Pleno dia;Crescente;C�u Claro;Dupla;Retorno Regulamentado;Sim;2;0;1;0;0;1;1;2;-20,0488474;-40,3866959;SPRF-ES;DEL02-ES;UOP01-DEL02-ES;;;
665924;08/03/2025;s�bado;10:47:00;ES;101;288,9;CARIACICA;Condutor deixou de manter dist�ncia do ve�culo da frente;Colis�o traseira;Sem V�timas;Pleno dia;Crescente;Nublado;Simples;Reta;Sim;4;0;0;0;3;1;0;4;-20,27907962;-40,39276069;SPRF-ES;DEL01-ES;UOP01-DEL01-ES;;;
665925;08/03/2025;s�bado;05:10:00;MS;267;359,4;MARACAJU;Demais falhas mec�nicas ou el�tricas;Colis�o lateral sentido oposto;Sem V�timas;Pleno dia;Decrescente;C�u Claro;Simples;Reta;N�o;3;0;0;0;2;3;0;5;-21,646238;-55,1031;SPRF-MS;DEL02-MS;UOP02-DEL02-MS;;;
665929;08/03/2025;s�bado;12:50:00;SP;116;307;SAO LOURENCO DA SERRA;Manobra de mudan�a de faixa;Colis�o lateral mesmo sentido;Com V�timas Feridas;Pleno dia;Crescente;C�u Claro;Dupla;Curva;N�o;3;0;2;0;0;1;2;2;-23,85788413;-46,94255145;SPRF-SP;DEL04-SP;UOP01-DEL04-SP;;;
665933;08/03/2025;s�bado;13:00:00;CE;116;500,2;BREJO SANTO;Ultrapassagem Indevida;Colis�o frontal;Com V�timas Fatais;Pleno dia;Crescente;Sol;Simples;"Reta;Aclive";Sim;3;1;0;0;1;1;0;3;-7,472803;-38,979349;SPRF-CE;DEL05-CE;UOP03-DEL05-CE;;;
665936;08/03/2025;s�bado;12:15:00;MS;163;664;RIO VERDE DE MATO GROSSO;Demais falhas mec�nicas ou el�tricas;Colis�o com objeto;Com V�timas Feridas;Pleno dia;Crescente;Nublado;Simples;Aclive;N�o;3;0;1;0;1;1;1;2;-19,0489639;-54,8074641;SPRF-MS;DEL06-MS;UOP02-DEL06-MS;;;
665940;08/03/2025;s�bado;09:20:00;MG;116;172;GOVERNADOR VALADARES;Ultrapassagem Indevida;Colis�o traseira;Com V�timas Feridas;Pleno dia;Crescente;C�u Claro;Simples;Reta;N�o;7;0;4;1;2;0;5;3;-18,966099;-42,082286;SPRF-MG;DEL11-MG;UOP02-DEL11-MG;;;
665941;08/03/2025;s�bado;11:55:00;PR;373;179;PONTA GROSSA;Acesso irregular;Colis�o frontal;Com V�timas Feridas;Pleno dia;Decrescente;C�u Claro;Simples;Reta;Sim;4;0;3;0;1;0;3;3;-25,04587135;-50,23676582;SPRF-PR;DEL03-PR;UOP01-DEL03-PR;;;
665944;08/03/2025;s�bado;12:10:00;GO;60;333;SANTO ANTONIO DA BARRA;Demais falhas mec�nicas ou el�tricas;Inc�ndio;Sem V�timas;Pleno dia;Crescente;Sol;Dupla;Reta;N�o;2;0;0;0;1;3;0;4;-17,53970576;-50,57092667;SPRF-GO;DEL04-GO;UOP02-DEL04-GO;;;
665950;08/03/2025;s�bado;08:00:00;MA;135;16;SAO LUIS;Aus�ncia de rea��o do condutor;Colis�o traseira;Sem V�timas;Pleno dia;Decrescente;C�u Claro;Dupla;Reta;Sim;1;0;0;0;0;1;0;1;-2,70556;-44,312332;SPRF-MA;DEL01-MA;UOP01-DEL01-MA;;;
665959;08/03/2025;s�bado;13:40:00;SP;116;41,3;CACHOEIRA PAULISTA;Mal s�bito do condutor;Sa�da de leito carro��vel;Com V�timas Feridas;Pleno dia;Decrescente;Sol;Dupla;"Reta;Declive";N�o;2;0;1;0;0;1;1;2;-22,68989388;-45,01905441;SPRF-SP;DEL08-SP;UOP02-DEL08-SP;;;
665964;08/03/2025;s�bado;14:38:00;PR;376;349;ORTIGUEIRA;Acessar a via sem observar a presen�a dos outros ve�culos;Colis�o transversal;Com V�timas Feridas;Pleno dia;Crescente;Sol;Simples;Reta;N�o;3;0;1;0;1;1;1;2;-24,19852186;-50,95138896;SPRF-PR;DEL07-PR;UOP02-DEL07-PR;;;
665976;08/03/2025;s�bado;12:45:00;MS;267;589,1;CARACOL;Demais falhas mec�nicas ou el�tricas;Inc�ndio;Sem V�timas;Pleno dia;Crescente;Sol;Simples;Curva;N�o;2;0;0;0;1;1;0;2;-21,73207;-57,01684;SPRF-MS;DEL05-MS;UOP01-DEL05-MS;;;
665978;08/03/2025;s�bado;15:45:00;MS;158;97,3;PARANAIBA;Acessar a via sem observar a presen�a dos outros ve�culos;Colis�o lateral mesmo sentido;Com V�timas Feridas;Pleno dia;Decrescente;C�u Claro;Dupla;Rotat�ria;Sim;4;0;2;0;1;2;2;4;-19,69533446;-51,18014568;SPRF-MS;DEL08-MS;UOP01-DEL08-MS;;;
665983;08/03/2025;s�bado;13:45:00;MG;381;364;JOAO MONLEVADE;Rea��o tardia ou ineficiente do condutor;Capotamento;Com V�timas Feridas;Pleno dia;Crescente;C�u Claro;Simples;"Curva;Aclive";N�o;1;0;0;1;0;0;1;1;-19,8549331;-43,217128;SPRF-MG;DEL03-MG;UOP01-DEL03-MG;;;
665984;08/03/2025;s�bado;16:00:00;MG;365;662,5;MONTE ALEGRE DE MINAS;Aus�ncia de rea��o do condutor;Sa�da de leito carro��vel;Com V�timas Feridas;Pleno dia;Decrescente;C�u Claro;Dupla;Reta;N�o;2;0;1;0;0;1;1;2;-18,892487;-48,664823;SPRF-MG;DEL15-MG;UOP01-DEL15-MG;;;
665989;08/03/2025;s�bado;16:55:00;BA;101;385;IBIRAPITANGA;Velocidade Incompat�vel;Capotamento;Com V�timas Fatais;Pleno dia;Crescente;C�u Claro;Simples;Curva;N�o;1;1;0;0;0;0;0;1;-13,908873;-39,480525;SPRF-BA;DEL05-BA;UOP03-DEL05-BA;;;
665994;08/03/2025;s�bado;17:15:00;RJ;101;209;CASIMIRO DE ABREU;Chuva;Tombamento;Com V�timas Feridas;Anoitecer;Decrescente;Chuva;Dupla;Curva;N�o;2;0;2;0;0;0;2;1;-22,48258208;-42,22475052;SPRF-RJ;DEL08-RJ;UOP04-DEL08-RJ;;;
665997;08/03/2025;s�bado;16:40:00;MG;381;849,2;POUSO ALEGRE;Demais falhas mec�nicas ou el�tricas;Derramamento de carga;Sem V�timas;Pleno dia;Decrescente;Nublado;Dupla;Curva;N�o;2;0;0;0;1;1;0;2;-22,23201316;-45,87598199;SPRF-MG;DEL16-MG;UOP01-DEL16-MG;;;
666012;08/03/2025;s�bado;20:50:00;RS;386;306,6;POUSO NOVO;Velocidade Incompat�vel;Tombamento;Com V�timas Feridas;Plena Noite;Decrescente;C�u Claro;Simples;"Declive;Curva";N�o;2;0;0;1;0;1;1;2;-29,1983534;-52,18222618;SPRF-RS;DEL04-RS;UOP01-DEL04-RS;;;
666019;08/03/2025;s�bado;20:10:00;RJ;40;117;DUQUE DE CAXIAS;Rea��o tardia ou ineficiente do condutor;Colis�o traseira;Com V�timas Feridas;Plena Noite;Decrescente;C�u Claro;M�ltipla;Reta;Sim;4;0;1;0;2;1;1;3;-22,75629483;-43,28744472;SPRF-RJ;DEL01-RJ;UOP02-DEL01-RJ;;;
666021;08/03/2025;s�bado;20:50:00;RJ;101;48,8;CAMPOS DOS GOYTACAZES;Transitar na contram�o;Colis�o lateral sentido oposto;Com V�timas Feridas;Plena Noite;Decrescente;C�u Claro;Simples;Reta;N�o;4;0;1;1;1;1;2;4;-21,61663918;-41,31533146;SPRF-RJ;DEL08-RJ;UOP01-DEL08-RJ;;;
666022;08/03/2025;s�bado;21:00:00;TO;153;677;GURUPI;Ultrapassagem Indevida;Colis�o frontal;Com V�timas Feridas;Plena Noite;Crescente;C�u Claro;Dupla;"Aclive;Reta";N�o;4;0;0;2;2;0;2;4;-11,75712764;-49,09168741;SPRF-TO;DEL01-TO;UOP02-DEL01-TO;;;
666026;08/03/2025;s�bado;19:02:00;CE;222;108;ITAPAJE;Transitar na contram�o;Colis�o frontal;Com V�timas Feridas;Plena Noite;Crescente;Nublado;Simples;Reta;N�o;2;0;0;1;1;0;1;2;-3,761278;-39,483806;SPRF-CE;DEL04-CE;UOP03-DEL04-CE;;;
666030;08/03/2025;s�bado;20:45:00;PR;277;530,6;GUARANIACU;Rea��o tardia ou ineficiente do condutor;Colis�o traseira;Com V�timas Feridas;Plena Noite;Decrescente;C�u Claro;Simples;Reta;Sim;4;0;1;0;1;2;1;3;-25,09608146;-52,9646873;SPRF-PR;DEL04-PR;UOP04-DEL04-PR;;;
666031;08/03/2025;s�bado;19:23:00;SC;116;140;SANTA CECILIA;Transitar na contram�o;Colis�o frontal;Com V�timas Feridas;Plena Noite;Decrescente;C�u Claro;Simples;"Reta;Aclive";N�o;3;0;0;1;1;1;1;3;-26,964351;-50,4114;SPRF-SC;DEL06-SC;UOP02-DEL06-SC;;;
666043;08/03/2025;s�bado;21:00:00;MT;163;823;SINOP;Rea��o tardia ou ineficiente do condutor;Colis�o traseira;Com V�timas Feridas;Plena Noite;Decrescente;C�u Claro;Dupla;"Aclive;Reta";Sim;8;0;2;3;3;0;5;4;-11,96249;-55,51693;SPRF-MT;DEL06-MT;UOP02-DEL06-MT;;;
666050;08/03/2025;s�bado;22:10:00;MS;267;66;BATAGUASSU;Animais na Pista;Atropelamento de Animal;Com V�timas Feridas;Plena Noite;Decrescente;C�u Claro;Simples;Reta;N�o;2;0;1;0;0;1;1;2;-21,851108;-52,727529;SPRF-MS;DEL02-MS;UOP04-DEL02-MS;;;
666054;08/03/2025;s�bado;23:10:00;MT;364;279,7;JACIARA;Rea��o tardia ou ineficiente do condutor;Sa�da de leito carro��vel;Com V�timas Feridas;Plena Noite;Decrescente;Nublado;Dupla;Reta;Sim;3;0;2;0;0;2;2;3;-15,93512;-55,02036;SPRF-MT;DEL05-MT;UOP02-DEL05-MT;;;
666055;08/03/2025;s�bado;22:45:00;PR;153;107,8;IBAITI;Ingest�o de �lcool pelo condutor;Colis�o transversal;Com V�timas Feridas;Plena Noite;Crescente;C�u Claro;Simples;Reta;Sim;4;0;2;1;1;0;3;3;-23,8396789;-50,1929224;SPRF-PR;DEL07-PR;UOP04-DEL07-PR;;;
666059;08/03/2025;s�bado;22:50:00;PA;230;647;ALTAMIRA;Rea��o tardia ou ineficiente do condutor;Colis�o traseira;Com V�timas Feridas;Plena Noite;Decrescente;Chuva;Simples;"Reta;Declive";N�o;3;0;1;1;1;0;2;2;-3,22291107;-52,28077456;SPRF-PA;DEL04-PA;UOP01-DEL04-PA;;;
666060;08/03/2025;s�bado;21:42:00;RS;101;53,4;TERRA DE AREIA;Pedestre andava na pista;Atropelamento de Pedestre;Com V�timas Fatais;Plena Noite;Decrescente;C�u Claro;Dupla;Reta;N�o;3;1;0;0;0;2;0;2;-29,637471;-50,103308;SPRF-RS;DEL03-RS;UOP02-DEL03-RS;;;
666061;08/03/2025;s�bado;23:00:00;BA;116;443;FEIRA DE SANTANA;Ingest�o de �lcool pelo condutor;Colis�o com objeto;Sem V�timas;Plena Noite;Crescente;C�u Claro;Dupla;Reta;N�o;1;0;0;0;1;0;0;1;-12,30538791;-39,04258688;SPRF-BA;DEL02-BA;UOP01-DEL02-BA;;;
666065;09/03/2025;domingo;03:13:00;MG;381;578,9;CARMOPOLIS DE MINAS;Condutor Dormindo;Sa�da de leito carro��vel;Sem V�timas;Plena Noite;Decrescente;C�u Claro;Dupla;Curva;N�o;6;0;0;0;5;1;0;3;-20,4773559;-44,58479404;SPRF-MG;DEL04-MG;UOP01-DEL04-MG;;;
666069;09/03/2025;domingo;03:40:00;AP;210;9;MACAPA;Transitar na contram�o;Colis�o frontal;Com V�timas Feridas;Plena Noite;Crescente;Chuva;Simples;Curva;Sim;2;0;0;1;1;0;1;2;0,11427;-51,127996;SPRF-AP;DEL01-AP;UOP01-DEL01-AP;;;
666074;09/03/2025;domingo;04:30:00;BA;116;835;VITORIA DA CONQUISTA;Rea��o tardia ou ineficiente do condutor;Colis�o traseira;Com V�timas Feridas;Plena Noite;Decrescente;C�u Claro;Simples;Reta;N�o;2;0;1;0;1;0;1;2;-14,94511658;-40,89609146;SPRF-BA;DEL08-BA;UOP01-DEL08-BA;;;
666075;09/03/2025;domingo;05:00:00;PR;158;516,5;PATO BRANCO;Ultrapassagem Indevida;Colis�o frontal;Com V�timas Fatais;Plena Noite;Crescente;C�u Claro;Simples;Curva;N�o;3;1;0;0;0;2;0;3;-26,09008828;-52,64373779;SPRF-PR;DEL02-PR;UOP01-DEL02-PR;;;
666083;09/03/2025;domingo;00:05:00;SC;153;0,8;AGUA DOCE;Velocidade Incompat�vel;Tombamento;Com V�timas Feridas;Plena Noite;Decrescente;Nublado;Simples;Curva;N�o;1;0;0;1;0;0;1;1;-26,613063;-51,496348;SPRF-SC;DEL07-SC;UOP07-DEL07-SC;;;
666086;09/03/2025;domingo;07:20:00;PE;101;78;JABOATAO DOS GUARARAPES;Condutor deixou de manter dist�ncia do ve�culo da frente;Colis�o traseira;Com V�timas Feridas;Pleno dia;Decrescente;Chuva;Dupla;Reta;Sim;2;0;1;0;0;1;1;2;-8,14212;-34,94653;SPRF-PE;DEL01-PE;UOP01-DEL01-PE;;;
666088;09/03/2025;domingo;07:15:00;SC;280;8;SAO FRANCISCO DO SUL;Manobra de mudan�a de faixa;Colis�o frontal;Com V�timas Feridas;Pleno dia;Decrescente;C�u Claro;Simples;Curva;Sim;2;0;0;1;1;0;1;2;-26,27887;-48,64732;SPRF-SC;DEL03-SC;UOP03-DEL03-SC;;;
666102;09/03/2025;domingo;05:25:00;PA;163;83;ALTAMIRA;Pista esburacada;Colis�o lateral sentido oposto;Com V�timas Feridas;Amanhecer;Crescente;C�u Claro;Simples;Curva;N�o;3;0;0;1;1;5;1;7;-8,81936443;-54,97001432;SPRF-MT;DEL06-MT;UOP03-DEL06-MT;;;
666109;09/03/2025;domingo;08:30:00;RS;101;45,6;TERRA DE AREIA;Rea��o tardia ou ineficiente do condutor;Colis�o transversal;Com V�timas Feridas;Pleno dia;Decrescente;C�u Claro;Dupla;Reta;Sim;4;0;0;1;1;2;1;4;-29,57481941;-50,0615108;SPRF-RS;DEL03-RS;UOP02-DEL03-RS;;;
666110;07/03/2025;sexta-feira;16:30:00;MG;381;285;JAGUARACU;Aus�ncia de rea��o do condutor;Colis�o traseira;Com V�timas Feridas;Pleno dia;Decrescente;C�u Claro;Simples;Reta;N�o;3;0;0;1;0;2;1;3;-19,59796996;-42,74740577;SPRF-MG;DEL03-MG;UOP02-DEL03-MG;;;
666111;09/03/2025;domingo;09:35:00;PE;407;129,4;PETROLINA;Manobra de mudan�a de faixa;Colis�o lateral mesmo sentido;Sem V�timas;Pleno dia;Crescente;C�u Claro;Dupla;Curva;Sim;2;0;0;0;2;0;0;2;-9,4012123;-40,5037535;SPRF-PE;DEL06-PE;UOP01-DEL06-PE;;;
666122;09/03/2025;domingo;09:15:00;MG;116;363,7;FREI INOCENCIO;Aus�ncia de sinaliza��o;Colis�o lateral sentido oposto;Com V�timas Feridas;Pleno dia;Decrescente;C�u Claro;Simples;Reta;N�o;7;0;1;0;6;0;1;2;-18,488895;-41,87132;SPRF-MG;DEL11-MG;UOP01-DEL11-MG;;;
666124;09/03/2025;domingo;09:45:00;AL;101;16,6;NOVO LINO;Demais falhas mec�nicas ou el�tricas;Colis�o lateral mesmo sentido;Sem V�timas;Pleno dia;Crescente;Chuva;Dupla;Curva;N�o;1;0;0;0;1;0;0;1;-9,00536287;-35,6761694;SPRF-AL;DEL01-AL;UOP02-DEL01-AL;;;
666126;05/03/2025;quarta-feira;23:00:00;RJ;116;134,9;MAGE;Condutor deixou de manter dist�ncia do ve�culo da frente;Colis�o traseira;Com V�timas Feridas;Plena Noite;Crescente;C�u Claro;Dupla;Reta;N�o;2;0;1;0;1;0;1;2;-22,652759;-43,16023;SPRF-RJ;DEL04-RJ;UOP02-DEL04-RJ;;;
666127;09/03/2025;domingo;05:40:00;ES;262;170,8;IBATIBA;Velocidade Incompat�vel;Tombamento;Com V�timas Feridas;Amanhecer;Decrescente;C�u Claro;Simples;"Aclive;Curva";N�o;2;0;1;0;0;1;1;2;-20,2647513;-41,58453796;SPRF-ES;DEL01-ES;UOP02-DEL01-ES;;;
666143;09/03/2025;domingo;13:05:00;PR;376;625;SAO JOSE DOS PINHAIS;Acessar a via sem observar a presen�a dos outros ve�culos;Colis�o traseira;Com V�timas Feridas;Pleno dia;Crescente;C�u Claro;Dupla;"Reta;Aclive";N�o;4;0;2;0;1;1;2;3;-25,65611562;-49,15638143;SPRF-PR;DEL01-PR;UOP04-DEL01-PR;;;
666144;09/03/2025;domingo;13:00:00;MG;365;249;BURITIZEIRO;Demais falhas mec�nicas ou el�tricas;Inc�ndio;Sem V�timas;Pleno dia;Crescente;Sol;Simples;Aclive;N�o;4;0;0;0;3;1;0;2;-17,820958;-45,448696;SPRF-MG;DEL10-MG;UOP02-DEL010-MG;;;
666150;09/03/2025;domingo;12:30:00;PR;369;0,6;JACAREZINHO;Condutor Dormindo;Sa�da de leito carro��vel;Com V�timas Feridas;Pleno dia;Decrescente;C�u Claro;Dupla;Reta;N�o;2;0;1;0;0;1;1;2;-23,00331008;-49,90846211;SPRF-PR;DEL07-PR;UOP04-DEL07-PR;;;
666153;09/03/2025;domingo;10:30:00;BA;116;276;TUCANO;Ingest�o de �lcool pelo condutor;Colis�o frontal;Com V�timas Feridas;Pleno dia;Crescente;C�u Claro;Simples;Reta;Sim;3;0;0;1;2;0;1;3;-10,983977;-38,798654;SPRF-BA;DEL07-BA;UOP02-DEL07-BA;;;
666155;09/03/2025;domingo;15:09:00;SC;101;190,2;BIGUACU;Demais falhas mec�nicas ou el�tricas;Colis�o com objeto;Sem V�timas;Pleno dia;Decrescente;Nublado;Dupla;Reta;N�o;4;0;0;0;3;1;0;2;-27,470415;-48,641042;SPRF-SC;DEL01-SC;UOP01-DEL01-SC;;;
666160;09/03/2025;domingo;15:40:00;MG;381;383;SAO GONCALO DO RIO ABAIXO;Condutor Dormindo;Colis�o frontal;Com V�timas Feridas;Pleno dia;Decrescente;C�u Claro;Simples;Reta;Sim;6;0;2;1;2;2;3;4;-19,83267617;-43,35940892;SPRF-MG;DEL01-MG;UOP01-DEL01-MG;;;
666162;09/03/2025;domingo;14:30:00;PE;104;22,8;TAQUARITINGA DO NORTE;Rea��o tardia ou ineficiente do condutor;Colis�o com objeto;Com V�timas Feridas;Pleno dia;Decrescente;Chuva;Dupla;Reta;N�o;2;0;2;0;0;0;2;1;-7,970051;-36,110712;SPRF-PE;DEL02-PE;UOP01-DEL02-PE;;;
666164;09/03/2025;domingo;14:25:00;MG;365;478,2;PATROCINIO;Transitar na contram�o;Colis�o lateral sentido oposto;Com V�timas Fatais;Pleno dia;Crescente;Sol;Simples;Reta;N�o;5;1;0;0;3;2;0;5;-18,91369;-47,04114;SPRF-MG;DEL10-MG;UOP01-DEL10-MG;;;
666181;09/03/2025;domingo;17:20:00;RS;386;306,1;MARQUES DE SOUZA;Rea��o tardia ou ineficiente do condutor;Colis�o frontal;Com V�timas Feridas;Pleno dia;Decrescente;C�u Claro;Simples;"Declive;Curva";N�o;5;0;1;3;1;0;4;2;-29,197873;-52,182375;SPRF-RS;DEL04-RS;UOP01-DEL04-RS;;;
666185;09/03/2025;domingo;17:32:00;PR;277;309,8;GUARAPUAVA;Rea��o tardia ou ineficiente do condutor;Colis�o traseira;Sem V�timas;Pleno dia;Decrescente;C�u Claro;Simples;Declive;N�o;4;0;0;0;3;1;0;3;-25,3115824;-51,213271;SPRF-PR;DEL08-PR;UOP01-DEL08-PR;;;
666194;09/03/2025;domingo;19:05:00;MG;262;810,9;UBERABA;Ingest�o de �lcool pelo condutor;Colis�o transversal;Com V�timas Fatais;Anoitecer;Decrescente;C�u Claro;Dupla;Reta;Sim;6;1;0;0;1;4;0;4;-19,77033279;-47,97784025;SPRF-MG;DEL13-MG;UOP01-DEL13-MG;;;
666201;09/03/2025;domingo;18:30:00;PE;104;29,7;TORITAMA;Ingest�o de �lcool pelo condutor;Colis�o lateral sentido oposto;Com V�timas Feridas;Plena Noite;Crescente;Nublado;Simples;Reta;Sim;5;0;2;0;3;0;2;3;-8,006982;-36,067593;SPRF-PE;DEL02-PE;UOP01-DEL02-PE;;;
666203;09/03/2025;domingo;15:50:00;PR;153;155,6;VENTANIA;Rea��o tardia ou ineficiente do condutor;Colis�o transversal;Com V�timas Feridas;Pleno dia;Decrescente;C�u Claro;Simples;Curva;N�o;7;0;4;0;2;1;4;3;-24,1922742;-50,20954996;SPRF-PR;DEL07-PR;UOP04-DEL07-PR;;;
666223;09/03/2025;domingo;16:45:00;SC;282;416,2;CATANDUVAS;Velocidade Incompat�vel;Colis�o frontal;Com V�timas Feridas;Pleno dia;Decrescente;Chuva;Simples;Reta;N�o;10;0;2;0;8;0;2;4;-27,04031847;-51,70812696;SPRF-SC;DEL07-SC;UOP05-DEL07-SC;;;
666249;09/03/2025;domingo;19:30:00;RO;364;21,1;VILHENA;Manobra de mudan�a de faixa;Colis�o lateral sentido oposto;Com V�timas Fatais;Plena Noite;Crescente;C�u Claro;Simples;Reta;N�o;3;1;0;0;1;1;0;3;-12,7257191;-60,20019528;SPRF-RO;DEL04-RO;UOP01-DEL04-RO;;;
666254;09/03/2025;domingo;17:40:00;MA;330;10,3;BALSAS;Ultrapassagem Indevida;Colis�o frontal;Com V�timas Fatais;Pleno dia;Decrescente;C�u Claro;Simples;Reta;N�o;5;3;0;0;0;4;0;7;-7,59028211;-46,00464821;SPRF-MA;DEL05-MA;UOP01-DEL05-MA;;;
666256;09/03/2025;domingo;14:00:00;RS;153;8,1;MARCELINO RAMOS;Velocidade Incompat�vel;Colis�o com objeto;Com V�timas Feridas;Pleno dia;Decrescente;Chuva;Simples;Curva;N�o;2;0;0;1;0;1;1;2;-27,4230047;-52,02511311;SPRF-RS;DEL08-RS;UOP04-DEL08-RS;;;
666260;09/03/2025;domingo;21:50:00;SC;470;189,3;POUSO REDONDO;Transitar na contram�o;Colis�o frontal;Com V�timas Fatais;Plena Noite;Decrescente;Ignorado;Simples;"Declive;Curva";N�o;5;1;0;2;1;1;2;3;-27,275368;-50,063206;SPRF-SC;DEL04-SC;UOP02-DEL04-SC;;;
666274;09/03/2025;domingo;22:50:00;PE;232;452;SAO JOSE DO BELMONTE;Rea��o tardia ou ineficiente do condutor;Eventos at�picos;Com V�timas Feridas;Plena Noite;Crescente;Nublado;Simples;"Reta;Aclive";N�o;3;0;1;0;1;1;1;2;-7,99250307;-38,65724305;SPRF-PE;DEL04-PE;UOP01-DEL04-PE;;;
666280;10/03/2025;segunda-feira;00:45:00;RN;304;280,2;MACAIBA;Ingest�o de �lcool pelo condutor;Sa�da de leito carro��vel;Com V�timas Feridas;Plena Noite;Decrescente;Nublado;Dupla;Viaduto;N�o;1;0;1;0;0;0;1;1;-5,888507;-35,489243;SPRF-RN;DEL01-RN;UOP02-DEL01-RN;;;
666286;10/03/2025;segunda-feira;00:18:00;PR;373;391,8;CANDOI;Transitar na contram�o;Colis�o lateral sentido oposto;Com V�timas Feridas;Plena Noite;Crescente;C�u Claro;Simples;Curva;N�o;3;0;0;1;1;1;1;3;-25,5274017;-51,9905917;SPRF-PR;DEL08-PR;UOP01-DEL08-PR;;;
666288;10/03/2025;segunda-feira;03:30:00;PI;316;194,8;VALENCA DO PIAUI;Rea��o tardia ou ineficiente do condutor;Colis�o traseira;Sem V�timas;Plena Noite;Crescente;Nublado;Simples;Reta;N�o;2;0;0;0;2;0;0;2;-6,3135;-41,8636;SPRF-PI;DEL04-PI;UOP02-DEL04-PI;;;
666290;10/03/2025;segunda-feira;02:15:00;GO;153;659,5;GOIATUBA;Entrada inopinada do pedestre;Atropelamento de Pedestre;Com V�timas Fatais;Plena Noite;Decrescente;C�u Claro;Dupla;"Reta;Declive";N�o;4;1;0;0;1;2;0;3;-18,04106322;-49,26695466;SPRF-GO;DEL03-GO;UOP01-DEL03-GO;;;
666292;10/03/2025;segunda-feira;04:30:00;MG;40;461,1;SETE LAGOAS;Carga excessiva e/ou mal acondicionada;Tombamento;Sem V�timas;Plena Noite;Crescente;C�u Claro;Dupla;"Declive;Curva";N�o;1;0;0;0;1;0;0;1;-19,40702104;-44,33373928;SPRF-MG;DEL02-MG;UOP01-DEL02-MG;;;
666296;10/03/2025;segunda-feira;05:05:00;SC;101;212,9;PALHOCA;Mal s�bito do condutor;Sa�da de leito carro��vel;Com V�timas Feridas;Amanhecer;Crescente;Nublado;M�ltipla;Reta;Sim;2;0;0;1;0;2;1;3;-27,63616668;-48,66466347;SPRF-SC;DEL01-SC;UOP02-DEL01-SC;;;