id;data_inversa;dia_semana;horario;uf;br;km;municipio;causa_acidente;tipo_acidente;classificacao_acidente;fase_dia;sentido_via;condicao_metereologica;tipo_pista;tracado_via;uso_solo;pessoas;mortos;feridos_leves;feridos_graves;ilesos;ignorados;feridos;veiculos;latitude;longitude;regional;delegacia;uop;;;
666297;10/03/2025;segunda-feira;06:00:00;CE;116;15,2;FORTALEZA;Manobra de mudan�a de faixa;Colis�o lateral mesmo sentido;Com V�timas Feridas;Amanhecer;Crescente;Chuva;Dupla;Reta;Sim;2;0;1;0;0;1;1;2;-3,883076;-38,50122;SPRF-CE;DEL01-CE;UOP02-DEL01-CE;;;
666301;10/03/2025;segunda-feira;06:45:00;AL;101;139;SAO MIGUEL DOS CAMPOS;Acessar a via sem observar a presen�a dos outros ve�culos;Colis�o transversal;Sem V�timas;Pleno dia;Crescente;C�u Claro;Simples;"Rotat�ria;Curva";N�o;2;0;0;0;2;0;0;2;-9,80738578;-36,11560187;SPRF-AL;DEL02-AL;UOP01-DEL02-AL;;;
666305;10/03/2025;segunda-feira;06:40:00;PR;369;154,1;LONDRINA;Manobra de mudan�a de faixa;Colis�o lateral mesmo sentido;Com V�timas Feridas;Pleno dia;Crescente;C�u Claro;M�ltipla;"Em Obras;Retorno Regulamentado;Reta";Sim;3;0;1;0;2;0;1;2;-23,29761913;-51,20043524;SPRF-PR;DEL07-PR;UOP01-DEL07-PR;;;
666308;10/03/2025;segunda-feira;06:00:00;MS;262;365,6;CAMPO GRANDE;Aus�ncia de rea��o do condutor;Colis�o traseira;Com V�timas Feridas;Pleno dia;Decrescente;C�u Claro;Simples;Reta;Sim;2;0;1;0;1;0;1;2;-20,488031;-54,743489;SPRF-MS;DEL01-MS;UOP03-DEL01-MS;;;
666321;10/03/2025;segunda-feira;08:00:00;SP;116;108;TAUBATE;Condutor deixou de manter dist�ncia do ve�culo da frente;Colis�o traseira;Com V�timas Feridas;Pleno dia;Crescente;C�u Claro;Dupla;Reta;Sim;2;0;1;0;1;0;1;2;-23,02563273;-45,5410552;SPRF-SP;DEL02-SP;UOP02-DEL02-SP;;;
666324;10/03/2025;segunda-feira;08:10:00;PR;476;149;ARAUCARIA;Condutor deixou de manter dist�ncia do ve�culo da frente;Colis�o traseira;Sem V�timas;Pleno dia;Decrescente;C�u Claro;Dupla;"Reta;Declive";Sim;4;0;0;0;4;0;0;4;-25,5579357;-49,35887748;SPRF-PR;DEL01-PR;UOP06-DEL01-PR;;;
666328;10/03/2025;segunda-feira;08:00:00;MG;116;277;TEOFILO OTONI;Aus�ncia de rea��o do condutor;Colis�o lateral mesmo sentido;Sem V�timas;Pleno dia;Decrescente;C�u Claro;Dupla;Reta;Sim;2;0;0;0;2;0;0;2;-17,85947301;-41,51508981;SPRF-MG;DEL11-MG;UOP01-DEL11-MG;;;
666331;10/03/2025;segunda-feira;08:00:00;GO;20;60;FORMOSA;Aus�ncia de rea��o do condutor;Colis�o traseira;Sem V�timas;Pleno dia;Decrescente;C�u Claro;Simples;"Reta;Aclive";N�o;3;0;0;0;2;1;0;2;-15,51250956;-47,12005616;SPRF-DF;DEL02-DF;UOP02-DEL02-DF;;;
666332;10/03/2025;segunda-feira;08:10:00;PR;376;184;SARANDI;Condutor deixou de manter dist�ncia do ve�culo da frente;Colis�o traseira;Com V�timas Feridas;Pleno dia;Decrescente;C�u Claro;Dupla;"Reta;Declive";Sim;7;0;2;0;5;0;2;5;-23,441144;-51,871395;SPRF-PR;DEL09-PR;UOP01-DEL09-PR;;;
666334;10/03/2025;segunda-feira;09:16:00;TO;153;456;PALMAS;Rea��o tardia ou ineficiente do condutor;Colis�o traseira;Com V�timas Feridas;Pleno dia;Crescente;C�u Claro;Dupla;"Reta;Declive";Sim;3;0;0;2;1;0;2;2;-10,299705;-48,297369;SPRF-TO;DEL01-TO;UOP01-DEL01-TO;;;
666339;10/03/2025;segunda-feira;09:50:00;CE;222;20,8;CAUCAIA;Acessar a via sem observar a presen�a dos outros ve�culos;Colis�o transversal;Com V�timas Feridas;Pleno dia;Decrescente;C�u Claro;Simples;Rotat�ria;N�o;3;0;0;2;1;0;2;2;-3,73706782;-38,74528813;SPRF-CE;DEL01-CE;UOP01-DEL01-CE;;;
666349;10/03/2025;segunda-feira;10:45:00;SP;116;224,7;GUARULHOS;Manobra de mudan�a de faixa;Colis�o lateral mesmo sentido;Com V�timas Feridas;Pleno dia;Crescente;Sol;M�ltipla;Reta;N�o;3;0;2;0;1;0;2;2;-23,48787696;-46,54460538;SPRF-SP;DEL01-SP;UOP01-DEL01-SP;;;
666358;10/03/2025;segunda-feira;11:30:00;MG;381;778;CAMPANHA;Velocidade Incompat�vel;Colis�o traseira;Com V�timas Feridas;Pleno dia;Crescente;C�u Claro;Dupla;"Reta;Aclive";N�o;5;0;1;0;2;2;1;4;-21,83280868;-45,50064606;SPRF-MG;DEL16-MG;UOP02-DEL16-MG;;;
666360;10/03/2025;segunda-feira;12:30:00;PE;232;60;POMBOS;Rea��o tardia ou ineficiente do condutor;Sa�da de leito carro��vel;Com V�timas Feridas;Pleno dia;Crescente;C�u Claro;Dupla;Reta;Sim;1;0;1;0;0;0;1;1;-8,151677;-35,41488;SPRF-PE;DEL02-PE;UOP02-DEL02PE;;;
666361;10/03/2025;segunda-feira;09:50:00;MT;364;636;DIAMANTINO;Rea��o tardia ou ineficiente do condutor;Colis�o transversal;Com V�timas Feridas;Pleno dia;Crescente;C�u Claro;Simples;"Reta;Interse��o de Vias";N�o;5;0;2;1;1;2;3;4;-14,255513;-56,519517;SPRF-MT;DEL01-MT;UOP01-DEL01-MT;;;
666366;10/03/2025;segunda-feira;13:00:00;MS;262;362;CAMPO GRANDE;Rea��o tardia ou ineficiente do condutor;Colis�o com objeto;Sem V�timas;Pleno dia;Decrescente;C�u Claro;Simples;Reta;N�o;6;0;0;0;5;3;0;6;-20,51081;-54,723204;SPRF-MS;DEL01-MS;UOP03-DEL01-MS;;;
666370;10/03/2025;segunda-feira;13:35:00;BA;116;18,2;VITORIA DA CONQUISTA;Convers�o proibida;Colis�o lateral mesmo sentido;Com V�timas Feridas;Pleno dia;Crescente;C�u Claro;Simples;Interse��o de Vias;Sim;3;0;1;0;2;0;1;2;-14,90241514;-40,84473252;SPRF-BA;DEL08-BA;UOP01-DEL08-BA;;;
666372;10/03/2025;segunda-feira;13:00:00;BA;324;615;SALVADOR;Condutor deixou de manter dist�ncia do ve�culo da frente;Engavetamento;Sem V�timas;Pleno dia;Crescente;C�u Claro;Dupla;Reta;N�o;4;0;0;0;4;0;0;4;-12,88507504;-38,43601227;SPRF-BA;DEL01-BA;UOP01-DEL01-BA;;;
666379;10/03/2025;segunda-feira;11:00:00;PE;232;240,8;ARCOVERDE;Manobra de mudan�a de faixa;Colis�o lateral sentido oposto;Com V�timas Feridas;Pleno dia;Decrescente;Sol;Simples;Reta;N�o;2;0;1;0;1;0;1;2;-8,415148;-36,968872;SPRF-PE;DEL04-PE;UOP02-DEL04-PE;;;
666382;08/03/2025;s�bado;13:50:00;PE;423;124;SALOA;Aus�ncia de rea��o do condutor;Colis�o traseira;Com V�timas Feridas;Pleno dia;Decrescente;C�u Claro;Simples;Declive;N�o;2;0;1;0;1;0;1;2;-8,942337;-36,70899963;SPRF-PE;DEL03-PE;UOP01-DEL03-PE;;;
666383;10/03/2025;segunda-feira;13:50:00;BA;116;17,2;VITORIA DA CONQUISTA;Pedestre andava na pista;Atropelamento de Pedestre;Com V�timas Feridas;Pleno dia;Decrescente;C�u Claro;Simples;Reta;Sim;3;0;1;0;2;0;1;2;-14,902065;-40,840116;SPRF-BA;DEL08-BA;UOP01-DEL08-BA;;;
666384;10/03/2025;segunda-feira;14:30:00;MG;365;664;MONTE ALEGRE DE MINAS;Aus�ncia de rea��o do condutor;Colis�o lateral mesmo sentido;Sem V�timas;Pleno dia;Crescente;Sol;Dupla;"Reta;Aclive";N�o;3;0;0;0;2;2;0;4;-18,89166558;-48,67965843;SPRF-MG;DEL15-MG;UOP01-DEL15-MG;;;
666387;10/03/2025;segunda-feira;15:30:00;PR;376;309,8;MAUA DA SERRA;Avarias e/ou desgaste excessivo no pneu;Colis�o com objeto;Sem V�timas;Pleno dia;Decrescente;Chuva;Dupla;"Declive;Curva";N�o;1;0;0;0;1;0;0;1;-23,96166602;-51,11473918;SPRF-PR;DEL07-PR;UOP02-DEL07-PR;;;
666388;10/03/2025;segunda-feira;14:20:00;RJ;116;56;TERESOPOLIS;Carga excessiva e/ou mal acondicionada;Inc�ndio;Sem V�timas;Pleno dia;Decrescente;C�u Claro;Simples;Reta;N�o;2;0;0;0;1;1;0;2;-22,2037362;-42,89680481;SPRF-RJ;DEL04-RJ;UOP01-DEL04-RJ;;;
666389;10/03/2025;segunda-feira;11:00:00;RJ;40;115;DUQUE DE CAXIAS;Rea��o tardia ou ineficiente do condutor;Colis�o traseira;Com V�timas Feridas;Pleno dia;Decrescente;C�u Claro;M�ltipla;Reta;N�o;3;0;1;0;2;0;1;2;-22,72440869;-43,28928623;SPRF-RJ;DEL01-RJ;UOP02-DEL01-RJ;;;
666391;10/03/2025;segunda-feira;14:10:00;SC;101;65;ARAQUARI;Condutor deixou de manter dist�ncia do ve�culo da frente;Colis�o traseira;Com V�timas Feridas;Pleno dia;Crescente;Nublado;M�ltipla;Reta;N�o;3;0;2;0;1;0;2;2;-26,47847929;-48,73858362;SPRF-SC;DEL03-SC;UOP02-DEL03-SC;;;
666393;10/03/2025;segunda-feira;13:50:00;RS;470;261;SAO JOSE DO SUL;Problema com o freio;Colis�o lateral mesmo sentido;Com V�timas Feridas;Pleno dia;Crescente;C�u Claro;Simples;Curva;N�o;4;0;1;0;2;1;1;4;-29,55157555;-51,48001581;SPRF-RS;DEL06-RS;UOP01-DEL06-RS;;;
666400;22/02/2025;s�bado;14:55:00;RS;290;367,5;VILA NOVA DO SUL;Aus�ncia de rea��o do condutor;Sa�da de leito carro��vel;Com V�timas Feridas;Pleno dia;Crescente;C�u Claro;Simples;"Curva;Aclive";N�o;2;0;1;0;0;1;1;2;-30,34354672;-53,83575439;SPRF-RS;DEL09-RS;UOP02-DEL09-RS;;;
666406;10/03/2025;segunda-feira;15:15:00;GO;60;215;VARJAO;Demais falhas mec�nicas ou el�tricas;Inc�ndio;Sem V�timas;Pleno dia;Decrescente;C�u Claro;Dupla;Reta;N�o;2;0;0;0;1;2;0;3;-16,966486;-49,72808;SPRF-GO;DEL01-GO;UOP02-DEL01-GO;;;
666419;10/03/2025;segunda-feira;13:39:00;MG;381;635;SANTO ANTONIO DO AMPARO;Demais falhas mec�nicas ou el�tricas;Colis�o traseira;Com V�timas Feridas;Pleno dia;Crescente;C�u Claro;Dupla;Curva;N�o;4;0;2;0;1;1;2;4;-20,859949;-44,837499;SPRF-MG;DEL04-MG;UOP01-DEL04-MG;;;
666421;10/03/2025;segunda-feira;17:30:00;SE;101;49;JAPARATUBA;Problema com o freio;Colis�o com objeto;Com V�timas Fatais;Pleno dia;Decrescente;C�u Claro;Dupla;"Reta;Interse��o de Vias";N�o;2;1;0;1;0;0;1;1;-10,594472;-36,975023;SPRF-SE;DEL02-SE;UOP02-DEL02-SE;;;
666422;10/03/2025;segunda-feira;17:20:00;RS;116;421;CRISTAL;Afundamento ou ondula��o no pavimento;Tombamento;Com V�timas Feridas;Pleno dia;Decrescente;Sol;Simples;"Em Obras;Reta";N�o;1;0;1;0;0;0;1;1;-30,96414144;-51,98344231;SPRF-RS;DEL02-RS;UOP02-DEL02-RS;;;
666433;10/03/2025;segunda-feira;15:20:00;SC;470;125,3;LONTRAS;Velocidade Incompat�vel;Colis�o lateral mesmo sentido;Sem V�timas;Pleno dia;Crescente;Sol;Simples;Aclive;N�o;3;0;0;0;3;0;0;3;-27,127;-49,538;SPRF-SC;DEL04-SC;UOP02-DEL04-SC;;;
666434;10/03/2025;segunda-feira;16:10:00;MS;163;603,8;SAO GABRIEL DO OESTE;Rea��o tardia ou ineficiente do condutor;Sa�da de leito carro��vel;Com V�timas Feridas;Pleno dia;Crescente;Nublado;Dupla;Reta;N�o;2;0;1;0;0;1;1;2;-19,46918179;-54,50119972;SPRF-MS;DEL06-MS;UOP02-DEL06-MS;;;
666435;02/03/2025;domingo;10:05:00;MS;158;94,1;PARANAIBA;Velocidade Incompat�vel;Tombamento;Sem V�timas;Pleno dia;Crescente;C�u Claro;Dupla;"Declive;Rotat�ria";Sim;2;0;0;0;1;2;0;3;-19,6788068;-51,2026033;SPRF-MS;DEL08-MS;UOP01-DEL08-MS;;;
666436;10/03/2025;segunda-feira;14:17:00;MG;251;246,8;SANTA CRUZ DE SALINAS;Manobra de mudan�a de faixa;Colis�o lateral mesmo sentido;Com V�timas Feridas;Pleno dia;Decrescente;Sol;Simples;Reta;N�o;3;0;2;0;1;0;2;2;-15,99551078;-41,816926;SPRF-MG;DEL12-MG;UOP02-DEL12-MG;;;
666439;10/03/2025;segunda-feira;18:50:00;SP;116;145,3;SAO JOSE DOS CAMPOS;Rea��o tardia ou ineficiente do condutor;Colis�o lateral mesmo sentido;Sem V�timas;Plena Noite;Crescente;C�u Claro;Dupla;Reta;Sim;3;0;0;0;2;1;0;3;-23,18699125;-45,85549409;SPRF-SP;DEL02-SP;UOP01-DEL02-SP;;;
666443;13/02/2025;quinta-feira;02:00:00;RJ;116;261,9;PINHEIRAL;Aus�ncia de rea��o do condutor;Colis�o traseira;Com V�timas Feridas;Plena Noite;Decrescente;C�u Claro;Dupla;Reta;N�o;5;0;1;0;3;3;1;7;-22,58476877;-44,05026905;SPRF-RJ;DEL07-RJ;UOP02-DEL07-RJ;;;
666445;10/03/2025;segunda-feira;18:42:00;PE;232;330;CUSTODIA;Transitar na contram�o;Colis�o frontal;Com V�timas Feridas;Plena Noite;Crescente;C�u Claro;Simples;Reta;Sim;3;0;0;1;1;1;1;3;-8,08958;-37,614088;SPRF-PE;DEL04-PE;UOP02-DEL04-PE;;;
666446;10/03/2025;segunda-feira;19:20:00;MG;262;802;UBERABA;Rea��o tardia ou ineficiente do condutor;Sa�da de leito carro��vel;Com V�timas Feridas;Plena Noite;Decrescente;Nublado;Dupla;"Reta;Declive";Sim;2;0;2;0;0;0;2;1;-19,770736;-47,906961;SPRF-MG;DEL13-MG;UOP01-DEL13-MG;;;
666447;10/03/2025;segunda-feira;15:30:00;GO;452;35;SANTA HELENA DE GOIAS;Rea��o tardia ou ineficiente do condutor;Tombamento;Sem V�timas;Pleno dia;Crescente;C�u Claro;Simples;"Ponte;Reta;Declive";N�o;2;0;0;0;1;3;0;4;-17,915282;-50,598595;SPRF-GO;DEL04-GO;UOP01-DEL04-GO;;;
666448;10/03/2025;segunda-feira;18:00:00;GO;153;571;PROFESSOR JAMIL;Afundamento ou ondula��o no pavimento;Tombamento;Com V�timas Feridas;Anoitecer;Crescente;C�u Claro;Dupla;Reta;N�o;2;0;1;0;0;1;1;2;-17,19476554;-49,20880973;SPRF-GO;DEL03-GO;UOP01-DEL03-GO;;;
666455;10/03/2025;segunda-feira;14:50:00;RO;364;402;OURO PRETO DO OESTE;Ultrapassagem Indevida;Colis�o lateral mesmo sentido;Com V�timas Feridas;Pleno dia;Decrescente;Sol;Simples;Reta;N�o;7;0;4;0;2;1;4;3;-10,60594473;-62,34294891;SPRF-RO;DEL03-RO;UOP02-DEL03-RO;;;
666461;10/03/2025;segunda-feira;20:15:00;MG;116;715;MURIAE;Chuva;Colis�o com objeto;Com V�timas Feridas;Plena Noite;Crescente;Chuva;Simples;"Declive;Curva";N�o;1;0;0;1;0;0;1;1;-21,16775355;-42,37090241;SPRF-MG;DEL07-MG;UOP02-DEL07-MG;;;
666463;10/03/2025;segunda-feira;18:56:00;PR;376;188,3;MARIALVA;Desrespeitar a prefer�ncia no cruzamento;Colis�o transversal;Com V�timas Feridas;Plena Noite;Decrescente;C�u Claro;Dupla;Reta;Sim;3;0;1;0;2;0;1;2;-23,4583464;-51,8419093;SPRF-PR;DEL09-PR;UOP01-DEL09-PR;;;
666469;10/03/2025;segunda-feira;21:00:00;SC;101;105;PENHA;Ilumina��o deficiente;Atropelamento de Pedestre;Com V�timas Feridas;Plena Noite;Decrescente;Nublado;M�ltipla;Reta;N�o;3;0;0;1;1;1;1;3;-26,80337388;-48,6786443;SPRF-SC;DEL03-SC;UOP02-DEL03-SC;;;
666470;10/03/2025;segunda-feira;17:05:00;GO;158;8;ARAGARCAS;Rea��o tardia ou ineficiente do condutor;Tombamento;Com V�timas Feridas;Pleno dia;Crescente;C�u Claro;Simples;"Declive;Retorno Regulamentado";N�o;2;0;0;1;0;2;1;3;-15,95332647;-52,21110575;SPRF-GO;DEL04-GO;UOP02-DEL04-GO;;;
666472;10/03/2025;segunda-feira;23:05:00;MG;365;713,5;MONTE ALEGRE DE MINAS;Problema com o freio;Atropelamento de Pedestre;Com V�timas Feridas;Plena Noite;Decrescente;C�u Claro;Simples;Reta;N�o;1;0;1;0;0;0;1;1;-18,87924468;-49,08082008;SPRF-MG;DEL15-MG;UOP03-DEL15-MG;;;
666476;10/03/2025;segunda-feira;23:40:00;MG;50;147,6;UBERABA;Velocidade Incompat�vel;Sa�da de leito carro��vel;Com V�timas Feridas;Plena Noite;Crescente;Chuva;Dupla;"Reta;Declive";N�o;2;0;1;0;0;1;1;2;-19,55452542;-48,03460032;SPRF-MG;DEL13-MG;UOP01-DEL13-MG;;;
666478;10/03/2025;segunda-feira;23:30:00;BA;418;53,1;CARAVELAS;Demais falhas mec�nicas ou el�tricas;Inc�ndio;Sem V�timas;Plena Noite;Crescente;C�u Claro;Simples;Reta;N�o;2;0;0;0;1;3;0;4;-17,749641;-39,584682;SPRF-BA;DEL09-BA;UOP02-DEL09-BA;;;
666479;11/03/2025;ter�a-feira;00:40:00;CE;116;38;HORIZONTE;Condutor Dormindo;Colis�o com objeto;Com V�timas Feridas;Plena Noite;Crescente;Nublado;Dupla;Curva;Sim;2;0;1;0;0;1;1;2;-4,084;-38,499;SPRF-CE;DEL01-CE;UOP02-DEL01-CE;;;
666481;11/03/2025;ter�a-feira;00:10:00;MG;50;104;UBERABA;Velocidade Incompat�vel;Colis�o traseira;Com V�timas Feridas;Plena Noite;Crescente;C�u Claro;Dupla;Reta;N�o;2;0;0;1;0;1;1;2;-19,18538068;-48,16680908;SPRF-MG;DEL13-MG;UOP01-DEL13-MG;;;
666485;11/03/2025;ter�a-feira;03:30:00;MG;381;833,5;SAO SEBASTIAO DA BELA VISTA;Rea��o tardia ou ineficiente do condutor;Colis�o traseira;Com V�timas Feridas;Pleno dia;Decrescente;C�u Claro;Dupla;Reta;N�o;6;0;3;1;1;2;4;5;-22,124408;-45,795646;SPRF-MG;DEL16-MG;UOP01-DEL16-MG;;;
666487;11/03/2025;ter�a-feira;04:30:00;SP;116;339;MIRACATU;Velocidade Incompat�vel;Tombamento;Com V�timas Feridas;Plena Noite;Decrescente;Nublado;Dupla;"Declive;Curva";N�o;2;0;0;1;0;1;1;2;-24,2675384;-47,3931957;SPRF-SP;DEL04-SP;UOP03-DEL04-SP;;;
666489;11/03/2025;ter�a-feira;05:33:00;SP;381;71;MAIRIPORA;Condutor Dormindo;Colis�o traseira;Com V�timas Feridas;Amanhecer;Crescente;C�u Claro;Dupla;Aclive;N�o;3;0;1;0;1;1;1;3;-23,35092419;-46,56023026;SPRF-SP;DEL03-SP;UOP01-DEL03-SP;;;
666491;10/03/2025;segunda-feira;23:40:00;MG;40;103;ITAOBIM;Demais falhas mec�nicas ou el�tricas;Inc�ndio;Sem V�timas;Plena Noite;Crescente;C�u Claro;Simples;Reta;N�o;2;0;0;0;1;1;0;2;-16,530578;-41,505431;SPRF-MG;DEL14-MG;UOP01-DEL14-MG;;;
666492;11/03/2025;ter�a-feira;03:20:00;SP;116;391,9;MIRACATU;Rea��o tardia ou ineficiente do condutor;Atropelamento de Pedestre;Com V�timas Fatais;Amanhecer;Crescente;C�u Claro;Dupla;Reta;N�o;3;1;0;0;1;1;0;3;-24,28143995;-47,43206913;SPRF-SP;DEL04-SP;UOP02-DEL04-SP;;;
666494;11/03/2025;ter�a-feira;04:30:00;PR;116;42;CAMPINA GRANDE DO SUL;Aus�ncia de rea��o do condutor;Colis�o com objeto;Sem V�timas;Amanhecer;Crescente;C�u Claro;Dupla;Curva;N�o;2;0;0;0;1;1;0;2;-25,1791287;-48,8803223;SPRF-PR;DEL01-PR;UOP02-DEL01-PR;;;
666495;11/03/2025;ter�a-feira;06:00:00;RS;290;586;ALEGRETE;Animais na Pista;Atropelamento de Animal;Com V�timas Feridas;Amanhecer;Crescente;C�u Claro;Simples;"Reta;Ponte";N�o;5;0;1;0;1;3;1;4;-29,806739;-55,83445;SPRF-RS;DEL13-RS;UOP02-DEL13-RS;;;
666500;11/03/2025;ter�a-feira;06:50:00;PR;277;7,8;PARANAGUA;Aus�ncia de rea��o do condutor;Colis�o traseira;Com V�timas Feridas;Pleno dia;Decrescente;Nublado;Dupla;"Reta;Declive";N�o;3;0;0;1;1;5;1;7;-25,563248;-48,592802;SPRF-PR;DEL01-PR;UOP05-DEL01-PR;;;
666509;10/03/2025;segunda-feira;18:30:00;MG;381;444,9;SANTA LUZIA;Velocidade Incompat�vel;Colis�o frontal;Com V�timas Fatais;Plena Noite;Crescente;Chuva;Simples;"Curva;Declive";N�o;5;2;2;0;1;0;2;2;-19,80856798;-43,78463376;SPRF-MG;DEL01-MG;UOP01-DEL01-MG;;;
666524;11/03/2025;ter�a-feira;07:40:00;ES;101;288;CARIACICA;Rea��o tardia ou ineficiente do condutor;Engavetamento;Com V�timas Feridas;Pleno dia;Decrescente;C�u Claro;Dupla;Reta;N�o;5;0;1;0;1;3;1;4;-20,2768;-40,392579;SPRF-ES;DEL01-ES;UOP01-DEL01-ES;;;
666525;11/03/2025;ter�a-feira;08:20:00;PB;230;505,5;CAJAZEIRAS;Animais na Pista;Colis�o frontal;Com V�timas Feridas;Pleno dia;Crescente;C�u Claro;Simples;Reta;N�o;2;0;1;0;1;0;1;2;-6,897755;-38,573758;SPRF-PB;DEL03-PB;UOP03-DEL03-PB;;;
666528;11/03/2025;ter�a-feira;09:10:00;RN;101;101,2;PARNAMIRIM;Manobra de mudan�a de faixa;Capotamento;Com V�timas Feridas;Pleno dia;Crescente;Sol;M�ltipla;"Viaduto;Declive;Reta";Sim;5;0;1;0;2;2;1;3;-5,88698;-35,233157;SPRF-RN;DEL01-RN;UOP01-DEL01-RN;;;
666531;11/03/2025;ter�a-feira;10:00:00;PR;116;103;SAO JOSE DOS PINHAIS;Aus�ncia de rea��o do condutor;Colis�o lateral mesmo sentido;Sem V�timas;Pleno dia;Decrescente;C�u Claro;Dupla;Reta;N�o;3;0;0;0;3;0;0;2;-25,555756;-49,0294823;SPRF-PR;DEL01-PR;UOP07-DEL01-PR;;;
666532;11/03/2025;ter�a-feira;08:40:00;BA;242;804;BARREIRAS;Chuva;Colis�o frontal;Com V�timas Feridas;Pleno dia;Crescente;Chuva;Simples;Reta;N�o;3;0;1;0;1;4;1;6;-12,15665564;-44,88128632;SPRF-BA;DEL10-BA;UOP01-DEL10-BA;;;
666533;11/03/2025;ter�a-feira;09:30:00;SC;282;1,1;FLORIANOPOLIS;Rea��o tardia ou ineficiente do condutor;Colis�o traseira;Com V�timas Feridas;Pleno dia;Decrescente;Nublado;M�ltipla;Reta;Sim;3;0;1;0;2;0;1;2;-27,602854;-48,580285;SPRF-SC;DEL01-SC;UOP01-DEL01-SC;;;
666535;11/03/2025;ter�a-feira;08:50:00;PR;153;40,9;SANTO ANTONIO DA PLATINA;Mal s�bito do condutor;Sa�da de leito carro��vel;Com V�timas Fatais;Pleno dia;Crescente;C�u Claro;Simples;Reta;Sim;1;1;0;0;0;0;0;1;-23,28838806;-50,05947417;SPRF-PR;DEL07-PR;UOP04-DEL07-PR;;;
666538;11/03/2025;ter�a-feira;09:00:00;SC;101;117;ITAJAI;Acessar a via sem observar a presen�a dos outros ve�culos;Colis�o traseira;Com V�timas Feridas;Pleno dia;Decrescente;Nublado;M�ltipla;Interse��o de Vias;Sim;2;0;1;0;1;0;1;2;-26,88408619;-48,72363567;SPRF-SC;DEL04-SC;UOP04-DEL04-SC;;;
666540;11/03/2025;ter�a-feira;07:30:00;BA;116;588;NOVA ITARANA;Aus�ncia de rea��o do condutor;Tombamento;Com V�timas Feridas;Pleno dia;Decrescente;C�u Claro;Simples;Curva;N�o;2;0;1;0;0;1;1;2;-13,15168667;-39,99959945;SPRF-BA;DEL03-BA;UOP02-DEL03-BA;;;
666544;11/03/2025;ter�a-feira;11:10:00;MG;153;190,3;FRUTAL;Carga excessiva e/ou mal acondicionada;Eventos at�picos;Com V�timas Feridas;Pleno dia;Crescente;C�u Claro;Simples;Reta;N�o;3;0;1;0;1;3;1;5;-19,8892;-48,97373;SPRF-MG;DEL13-MG;UOP02-DEL13-MG;;;
666545;03/03/2025;segunda-feira;08:35:00;PA;316;13;MARITUBA;Condutor usando celular;Colis�o traseira;Sem V�timas;Pleno dia;Decrescente;C�u Claro;Dupla;Reta;Sim;4;0;0;0;3;1;0;4;-1,36604831;-48,31428466;SPRF-PA;DEL01-PA;UOP01-DEL01-PA;;;
666552;11/03/2025;ter�a-feira;11:40:00;MG;381;454,4;BELO HORIZONTE;Transitar na contram�o;Colis�o lateral sentido oposto;Com V�timas Feridas;Pleno dia;Decrescente;Sol;Simples;Reta;Sim;3;0;2;0;1;0;2;2;-19,84106;-43,87339;SPRF-MG;DEL01-MG;UOP01-DEL01-MG;;;
666553;11/03/2025;ter�a-feira;08:50:00;MS;163;13,7;MUNDO NOVO;Velocidade Incompat�vel;Colis�o lateral sentido oposto;Com V�timas Feridas;Pleno dia;Crescente;Chuva;Simples;"Declive;Curva";N�o;3;0;1;0;1;5;1;7;-23,9495;-54,312543;SPRF-MS;DEL09-MS;UOP02-DEL09-MS;;;
666558;11/03/2025;ter�a-feira;08:00:00;PR;277;398,8;CANDOI;Rea��o tardia ou ineficiente do condutor;Tombamento;Com V�timas Feridas;Pleno dia;Crescente;Garoa/Chuvisco;Simples;"Viaduto;Curva";N�o;2;0;1;0;0;1;1;2;-25,45903907;-51,95827895;SPRF-PR;DEL08-PR;UOP01-DEL08-PR;;;
666566;11/03/2025;ter�a-feira;11:20:00;SP;116;565,1;BARRA DO TURVO;Demais falhas mec�nicas ou el�tricas;Inc�ndio;Sem V�timas;Pleno dia;Decrescente;Nublado;Simples;Reta;N�o;2;0;0;0;1;1;0;2;-25,047551;-48,545181;SPRF-SP;DEL05-SP;UOP02-DEL05-SP;;;
666567;11/03/2025;ter�a-feira;14:05:00;PR;376;184,8;SARANDI;Entrada inopinada do pedestre;Atropelamento de Pedestre;Com V�timas Fatais;Pleno dia;Crescente;Nublado;Dupla;"Reta;Declive";Sim;3;1;0;0;1;1;0;3;-23,445637;-51,863931;SPRF-PR;DEL09-PR;UOP01-DEL09-PR;;;
666568;17/02/2025;segunda-feira;16:14:00;PA;163;448,9;ITAITUBA;Aus�ncia de rea��o do condutor;Sa�da de leito carro��vel;Com V�timas Feridas;Pleno dia;Decrescente;Nublado;Simples;"Declive;Curva";N�o;2;0;1;0;0;1;1;2;-5,93522394;-55,71063483;SPRF-PA;DEL05-PA;UOP03-DEL05-PA;;;
666569;08/01/2025;quarta-feira;03:30:00;AM;174;924;MANAUS;Acumulo de �gua sobre o pavimento;Sa�da de leito carro��vel;Com V�timas Fatais;Plena Noite;Crescente;Chuva;Simples;Reta;N�o;4;2;1;1;0;0;2;1;-2,57875418;-60,11793315;SPRF-AM;DEL01-AM;UOP01-DEL01-AM;;;
666570;10/03/2025;segunda-feira;22:30:00;PI;135;541;SAO GONCALO DO GURGUEIA;Rea��o tardia ou ineficiente do condutor;Tombamento;Com V�timas Feridas;Pleno dia;Decrescente;Nublado;Simples;"Declive;Curva";N�o;1;0;0;1;0;0;1;1;-10,054198;-45,28552;SPRF-PI;DEL03-PI;UOP02-DEL03-PI;;;