id;data_inversa;dia_semana;horario;uf;br;km;municipio;causa_acidente;tipo_acidente;classificacao_acidente;fase_dia;sentido_via;condicao_metereologica;tipo_pista;tracado_via;uso_solo;pessoas;mortos;feridos_leves;feridos_graves;ilesos;ignorados;feridos;veiculos;latitude;longitude;regional;delegacia;uop;;;
666574;11/03/2025;ter�a-feira;12:00:00;MA;135;240;PERITORO;Aus�ncia de rea��o do condutor;Colis�o traseira;Com V�timas Feridas;Pleno dia;Crescente;C�u Claro;Simples;Reta;N�o;3;0;1;1;1;0;2;2;-4,3712512;-44,335104;SPRF-MA;DEL03-MA;UOP01-DEL03-MA;;;
666575;18/01/2025;s�bado;08:45:00;ES;101;249,8;SERRA;Transitar na contram�o;Colis�o frontal;Com V�timas Feridas;Pleno dia;Crescente;Sol;Simples;Curva;N�o;5;0;1;1;2;1;2;3;-20,07371936;-40,35345531;SPRF-ES;DEL02-ES;UOP01-DEL02-ES;;;
666577;10/03/2025;segunda-feira;08:20:00;MG;40;739,8;SANTOS DUMONT;Rea��o tardia ou ineficiente do condutor;Tombamento;Com V�timas Feridas;Pleno dia;Decrescente;C�u Claro;Simples;Curva;N�o;3;0;2;0;0;1;2;3;-21,42926222;-43,55584288;SPRF-MG;DEL05-MG;UOP01-DEL05-MG;;;
666579;11/03/2025;ter�a-feira;14:40:00;PR;376;654;TIJUCAS DO SUL;Aus�ncia de rea��o do condutor;Sa�da de leito carro��vel;Com V�timas Feridas;Pleno dia;Decrescente;Nublado;Dupla;"Aclive;Curva";N�o;2;0;1;0;0;1;1;2;-25,8410044;-49,0447175;SPRF-PR;DEL01-PR;UOP04-DEL01-PR;;;
666584;21/01/2025;ter�a-feira;12:50:00;MT;163;1102;GUARANTA DO NORTE;Manobra de mudan�a de faixa;Colis�o lateral sentido oposto;Com V�timas Feridas;Pleno dia;Crescente;C�u Claro;Simples;Curva;N�o;4;0;2;1;0;3;3;5;-9,78200529;-54,90867173;SPRF-MT;DEL06-MT;UOP03-DEL06-MT;;;
666588;11/03/2025;ter�a-feira;09:30:00;MT;158;439,9;RIBEIRAO CASCALHEIRA;Aus�ncia de rea��o do condutor;Colis�o frontal;Com V�timas Fatais;Pleno dia;Crescente;C�u Claro;Simples;Reta;N�o;3;1;0;0;1;3;0;5;-13,060875;-51,891618;SPRF-MT;DEL07-MT;UOP02-DEL07-MT;;;
666590;11/03/2025;ter�a-feira;15:55:00;RS;290;82,6;CACHOEIRINHA;Manobra de mudan�a de faixa;Colis�o lateral mesmo sentido;Com V�timas Feridas;Pleno dia;Crescente;C�u Claro;Dupla;Reta;N�o;5;0;3;0;1;1;3;3;-29,95715532;-51,08363997;SPRF-RS;DEL01-RS;UOP01-DEL01-RS;;;
666593;11/03/2025;ter�a-feira;15:20:00;RN;226;117,2;SANTA CRUZ;Carga excessiva e/ou mal acondicionada;Tombamento;Com V�timas Feridas;Pleno dia;Decrescente;C�u Claro;Simples;Curva;N�o;2;0;2;0;0;0;2;1;-6,192897;-36,053993;SPRF-RN;DEL03-RN;UOP02-DEL03-RN;;;
666600;11/03/2025;ter�a-feira;16:00:00;MG;40;480;SETE LAGOAS;Velocidade Incompat�vel;Sa�da de leito carro��vel;Com V�timas Feridas;Pleno dia;Decrescente;C�u Claro;Dupla;"Reta;Declive";N�o;2;0;2;0;0;0;2;1;-19,5463317;-44,247092;SPRF-MG;DEL02-MG;UOP01-DEL02-MG;;;
666604;11/03/2025;ter�a-feira;15:20:00;ES;101;150,2;LINHARES;Condutor deixou de manter dist�ncia do ve�culo da frente;Colis�o lateral mesmo sentido;Com V�timas Feridas;Pleno dia;Crescente;C�u Claro;Dupla;"Reta;Aclive";Sim;2;0;1;0;0;1;1;2;-19,4222637;-40,0779474;SPRF-ES;DEL04-ES;UOP01-DEL04-ES;;;
666606;11/03/2025;ter�a-feira;17:00:00;SP;116;155,7;SAO JOSE DOS CAMPOS;Trafegar com motocicleta (ou similar) entre as faixas;Tombamento;Com V�timas Fatais;Pleno dia;Decrescente;Chuva;Dupla;"Reta;Declive";N�o;3;1;0;0;1;1;0;3;-23,24885086;-45,9338912;SPRF-SP;DEL02-SP;UOP01-DEL02-SP;;;
666616;11/03/2025;ter�a-feira;17:20:00;PR;376;2,3;MANDAGUARI;Acessar a via sem observar a presen�a dos outros ve�culos;Colis�o transversal;Com V�timas Feridas;Pleno dia;Decrescente;C�u Claro;Simples;Reta;Sim;2;0;1;0;1;0;1;2;-23,5141783;-51,7001369;SPRF-PR;DEL09-PR;UOP01-DEL09-PR;;;
666618;11/03/2025;ter�a-feira;15:45:00;MT;163;119;RONDONOPOLIS;Pista Escorregadia;Colis�o traseira;Com V�timas Feridas;Pleno dia;Crescente;Chuva;Dupla;Curva;Sim;4;0;2;0;1;1;2;3;-16,49152302;-54,64664465;SPRF-MT;DEL02-MT;UOP01-DEL02-MT;;;
666620;11/03/2025;ter�a-feira;17:15:00;MG;381;925,5;ITAPEVA;Velocidade Incompat�vel;Tombamento;Com V�timas Feridas;Pleno dia;Crescente;C�u Claro;Dupla;"Aclive;Curva";N�o;2;0;1;0;0;1;1;2;-22,770796;-46,200387;SPRF-MG;DEL16-MG;UOP03-DEL16-MG;;;
666625;11/03/2025;ter�a-feira;17:40:00;SP;116;49;CANAS;Aus�ncia de rea��o do condutor;Colis�o traseira;Com V�timas Feridas;Plena Noite;Decrescente;Nublado;Dupla;Reta;N�o;4;0;2;0;1;1;2;3;-22,72871026;-45,07400751;SPRF-SP;DEL08-SP;UOP02-DEL08-SP;;;
666626;11/03/2025;ter�a-feira;17:30:00;MT;364;1;ALTO ARAGUAIA;Acessar a via sem observar a presen�a dos outros ve�culos;Colis�o transversal;Com V�timas Feridas;Pleno dia;Decrescente;Sol;Dupla;Interse��o de Vias;Sim;3;0;1;0;1;2;1;4;-17,3151455;-53,21544712;SPRF-MT;DEL02-MT;UOP02-DEL02-MT;;;
666643;11/03/2025;ter�a-feira;18:55:00;GO;452;194;ITUMBIARA;Aus�ncia de rea��o do condutor;Colis�o traseira;Com V�timas Feridas;Plena Noite;Crescente;C�u Claro;Simples;"Reta;Declive";N�o;3;0;1;0;1;2;1;4;-18,291044;-49,2386106;SPRF-GO;DEL03-GO;UOP02-DEL03-GO;;;
666666;11/03/2025;ter�a-feira;22:58:00;BA;116;870,6;VITORIA DA CONQUISTA;Manobra de mudan�a de faixa;Colis�o lateral mesmo sentido;Com V�timas Fatais;Plena Noite;Crescente;C�u Claro;Simples;"Interse��o de Vias;Reta";Sim;3;1;0;0;1;1;0;3;-15,210368;-41,086705;SPRF-BA;DEL08-BA;UOP01-DEL08-BA;;;
666670;12/03/2025;quarta-feira;05:10:00;PE;116;16;SALGUEIRO;Transitar na contram�o;Colis�o frontal;Com V�timas Feridas;Amanhecer;Decrescente;C�u Claro;Simples;Curva;N�o;2;0;1;1;0;0;2;2;-7,990913;-39,139367;SPRF-PE;DEL05-PE;UOP01-DEL05-PE;;;
666671;12/03/2025;quarta-feira;01:46:00;MT;364;490,4;JANGADA;Mal s�bito do condutor;Colis�o traseira;Com V�timas Feridas;Plena Noite;Crescente;C�u Claro;Simples;"Reta;Aclive";N�o;3;0;1;0;1;4;1;6;-15,25764871;-56,46169415;SPRF-MT;DEL01-MT;UOP01-DEL01-MT;;;
666675;12/03/2025;quarta-feira;05:30:00;MG;40;668,7;CARANDAI;Demais falhas mec�nicas ou el�tricas;Inc�ndio;Sem V�timas;Amanhecer;Decrescente;C�u Claro;Simples;Reta;N�o;1;0;0;0;0;1;0;1;-20,96196513;-43,7881726;SPRF-MG;DEL05-MG;UOP02-DEL05-MG;;;
666676;11/03/2025;ter�a-feira;23:45:00;PI;316;258,8;IPIRANGA DO PIAUI;Pedestre andava na pista;Atropelamento de Pedestre;Com V�timas Fatais;Plena Noite;Crescente;C�u Claro;Simples;"Declive;Reta";Sim;2;1;0;0;0;1;0;2;-6,824917;-41,737535;SPRF-PI;DEL04-PI;UOP02-DEL04-PI;;;
666680;12/03/2025;quarta-feira;06:20:00;PR;376;667;GUARATUBA;Aus�ncia de rea��o do condutor;Colis�o traseira;Com V�timas Feridas;Pleno dia;Crescente;Nublado;Dupla;"Declive;Curva";N�o;2;0;1;0;1;0;1;2;-25,8649978;-48,9388429;SPRF-PR;DEL01-PR;UOP04-DEL01-PR;;;
666683;12/03/2025;quarta-feira;06:00:00;SP;153;302;CAMPOS NOVOS PAULISTA;Demais falhas mec�nicas ou el�tricas;Inc�ndio;Sem V�timas;Pleno dia;Decrescente;C�u Claro;Simples;Reta;N�o;3;0;0;0;1;3;0;4;-22,60902481;-49,88944465;SPRF-SP;DEL07-SP;UOP03-DEL07-SP;;;
666684;12/03/2025;quarta-feira;05:00:00;MG;381;453,1;SABARA;Transitar na contram�o;Colis�o lateral sentido oposto;Com V�timas Feridas;Amanhecer;Crescente;C�u Claro;Simples;Curva;Sim;4;0;1;0;2;1;1;4;-19,84047;-43,86125;SPRF-MG;DEL01-MG;UOP01-DEL01-MG;;;
666688;12/03/2025;quarta-feira;05:15:00;MG;381;555,2;ITAGUARA;Sinaliza��o mal posicionada;Colis�o traseira;Com V�timas Feridas;Pleno dia;Decrescente;C�u Claro;Dupla;Curva;N�o;2;0;1;0;1;0;1;2;-20,33757;-44,44312;SPRF-MG;DEL04-MG;UOP03-DEL04-MG;;;
666689;12/03/2025;quarta-feira;07:30:00;TO;153;127,4;WANDERLANDIA;Ultrapassagem Indevida;Colis�o frontal;Com V�timas Fatais;Pleno dia;Decrescente;Nublado;Simples;"Declive;Reta";N�o;6;3;0;0;1;2;0;4;-7,07874732;-48,13942909;SPRF-TO;DEL02-TO;UOP01-DEL02-TO;;;
666692;12/03/2025;quarta-feira;07:00:00;ES;101;301;VIANA;Condutor deixou de manter dist�ncia do ve�culo da frente;Colis�o lateral mesmo sentido;Com V�timas Feridas;Pleno dia;Crescente;Sol;Dupla;Reta;Sim;3;0;1;0;1;1;1;3;-20,367431;-40,443776;SPRF-ES;DEL01-ES;UOP01-DEL01-ES;;;
666696;12/03/2025;quarta-feira;07:32:00;PE;408;89;SAO LOURENCO DA MATA;Rea��o tardia ou ineficiente do condutor;Colis�o com objeto;Com V�timas Feridas;Pleno dia;Crescente;Nublado;Dupla;Reta;N�o;3;0;1;0;2;0;1;2;-8,02783;-35,03752;SPRF-PE;DEL01-PE;UOP01-DEL01-PE;;;
666700;12/03/2025;quarta-feira;08:00:00;PA;316;140;PEIXE-BOI;Convers�o proibida;Colis�o frontal;Com V�timas Feridas;Pleno dia;Crescente;Nublado;Simples;"Interse��o de Vias;Reta";N�o;3;0;1;1;1;0;2;2;-1,262413;-47,268885;SPRF-PA;DEL01-PA;UOP03-DEL01-PA;;;
666701;12/03/2025;quarta-feira;02:00:00;AM;174;1014;PRESIDENTE FIGUEIREDO;Aus�ncia de sinaliza��o;Colis�o frontal;Sem V�timas;Plena Noite;Decrescente;Ignorado;Simples;"Aclive;Reta";N�o;4;0;0;0;3;5;0;8;-0,90125038;-60,51950645;SPRF-AM;DEL01-AM;UOP02-DEL01-AM;;;
666702;12/03/2025;quarta-feira;06:47:00;ES;101;270,4;SERRA;Manobra de mudan�a de faixa;Colis�o lateral mesmo sentido;Com V�timas Feridas;Amanhecer;Crescente;C�u Claro;Dupla;Reta;Sim;4;0;1;0;2;1;1;4;-20,2293733;-40,2722316;SPRF-ES;DEL02-ES;UOP01-DEL02-ES;;;
666709;12/03/2025;quarta-feira;08:10:00;MG;40;603,6;CONGONHAS;Velocidade Incompat�vel;Colis�o com objeto;Com V�timas Feridas;Pleno dia;Crescente;C�u Claro;Simples;Curva;N�o;1;0;0;1;0;0;1;1;-20,4768177;-43,8424204;SPRF-MG;DEL05-MG;UOP02-DEL05-MG;;;
666714;12/03/2025;quarta-feira;08:30:00;DF;70;19;BRASILIA;Acumulo de �leo sobre o pavimento;Eventos at�picos;Com V�timas Feridas;Pleno dia;Crescente;C�u Claro;Dupla;"Declive;Curva";Sim;5;0;2;0;3;0;2;4;-15,7892643;-48,22334653;SPRF-DF;DEL03-DF;UOP02-DEL03-DF;;;
666715;12/03/2025;quarta-feira;08:25:00;SC;470;66,3;INDAIAL;Ultrapassagem Indevida;Sa�da de leito carro��vel;Com V�timas Fatais;Pleno dia;Crescente;C�u Claro;Simples;Reta;N�o;2;1;0;0;1;0;0;2;-26,87004761;-49,22456503;SPRF-SC;DEL04-SC;UOP01-DEL04-SC;;;
666717;12/03/2025;quarta-feira;08:24:00;CE;116;10,8;FORTALEZA;Condutor deixou de manter dist�ncia do ve�culo da frente;Engavetamento;Com V�timas Feridas;Pleno dia;Crescente;Nublado;M�ltipla;Reta;Sim;4;0;1;0;3;0;1;4;-3,8427063;-38,49944115;SPRF-CE;DEL01-CE;UOP02-DEL01-CE;;;
666718;12/03/2025;quarta-feira;07:27:00;MT;364;527;ROSARIO OESTE;Aus�ncia de rea��o do condutor;Colis�o traseira;Com V�timas Feridas;Pleno dia;Decrescente;C�u Claro;Simples;Reta;N�o;6;0;1;0;4;3;1;6;-14,91201359;-56,47081339;SPRF-MT;DEL01-MT;UOP01-DEL01-MT;;;
666722;12/03/2025;quarta-feira;07:40:00;SP;116;7;QUELUZ;Aus�ncia de rea��o do condutor;Colis�o traseira;Com V�timas Feridas;Pleno dia;Crescente;Sol;Dupla;Reta;Sim;6;0;1;0;4;1;1;6;-22,53588267;-44,76976991;SPRF-SP;DEL08-SP;UOP02-DEL08-SP;;;
666725;12/03/2025;quarta-feira;08:50:00;MT;364;204;RONDONOPOLIS;Velocidade Incompat�vel;Colis�o traseira;Sem V�timas;Pleno dia;Crescente;C�u Claro;Dupla;Retorno Regulamentado;Sim;3;0;0;0;2;2;0;4;-16,417163;-54,7066919;SPRF-MT;DEL02-MT;UOP01-DEL02-MT;;;
666729;12/03/2025;quarta-feira;09:14:00;PI;343;348;TERESINA;Rea��o tardia ou ineficiente do condutor;Tombamento;Com V�timas Feridas;Pleno dia;Crescente;Sol;M�ltipla;Reta;Sim;3;0;1;0;1;1;1;3;-5,11831943;-42,78566955;SPRF-PI;DEL01-PI;UOP01-DEL01-PI;;;
666732;12/03/2025;quarta-feira;06:40:00;SC;101;275,8;IMBITUBA;Avarias e/ou desgaste excessivo no pneu;Colis�o com objeto;Com V�timas Feridas;Pleno dia;Crescente;Chuva;M�ltipla;Reta;N�o;3;0;1;0;2;0;1;2;-28,155487;-48,69277;SPRF-SC;DEL02-SC;UOP03-DEL02-SC;;;
666733;04/03/2025;ter�a-feira;23:30:00;RS;386;257,8;SOLEDADE;Transitar na contram�o;Colis�o frontal;Com V�timas Fatais;Plena Noite;Crescente;C�u Claro;Simples;Reta;N�o;2;1;1;0;0;0;1;2;-28,8163733;-52,48737574;SPRF-RS;DEL04-RS;UOP03-DEL04-RS;;;
666738;12/03/2025;quarta-feira;11:30:00;ES;101;242;SERRA;Rea��o tardia ou ineficiente do condutor;Colis�o traseira;Com V�timas Fatais;Pleno dia;Crescente;C�u Claro;Simples;"Aclive;Reta";N�o;2;1;0;0;1;0;0;2;-20,03920158;-40,39311167;SPRF-ES;DEL02-ES;UOP01-DEL02-ES;;;
666741;12/03/2025;quarta-feira;10:20:00;PR;153;399,8;MALLET;Rea��o tardia ou ineficiente do condutor;Tombamento;Com V�timas Fatais;Pleno dia;Crescente;Sol;Simples;Curva;N�o;1;1;0;0;0;0;0;1;-25,95951093;-50,84300995;SPRF-PR;DEL08-PR;UOP02-DEL08-PR;;;
666742;12/03/2025;quarta-feira;09:40:00;GO;60;38,6;GOIANIA;Velocidade Incompat�vel;Colis�o lateral mesmo sentido;Com V�timas Fatais;Pleno dia;Crescente;C�u Claro;Dupla;Curva;Sim;3;1;0;0;1;1;0;3;-16,750771;-49,341211;SPRF-GO;DEL01-GO;UOP02-DEL01-GO;;;
666745;09/03/2025;domingo;06:03:00;PA;163;374,7;NOVO PROGRESSO;Rea��o tardia ou ineficiente do condutor;Colis�o frontal;Com V�timas Fatais;Amanhecer;Crescente;Nublado;Simples;Reta;N�o;3;1;0;0;1;2;0;4;-6,52174436;-55,53458571;SPRF-PA;DEL05-PA;UOP03-DEL05-PA;;;
666752;12/03/2025;quarta-feira;12:00:00;PI;402;74;LUIS CORREIA;Velocidade Incompat�vel;Derramamento de carga;Com V�timas Feridas;Pleno dia;Decrescente;Nublado;Simples;Curva;N�o;2;0;1;0;0;1;1;2;-3,10113539;-41,46094322;SPRF-PI;DEL05-PI;UOP01-DEL05-PI;;;
666753;12/03/2025;quarta-feira;12:02:00;PE;101;138;ESCADA;Velocidade Incompat�vel;Derramamento de carga;Com V�timas Feridas;Pleno dia;Decrescente;C�u Claro;Dupla;Curva;N�o;2;0;1;0;0;1;1;2;-8,40971541;-35,28242111;SPRF-PE;DEL01-PE;UOP03-DEL01-PE;;;
666765;08/03/2025;s�bado;13:35:00;MG;251;464,5;FRANCISCO SA;Velocidade Incompat�vel;Colis�o com objeto;Com V�timas Feridas;Pleno dia;Crescente;C�u Claro;Simples;Curva;N�o;2;0;1;0;0;1;1;2;-16,442;-43,398;SPRF-MG;DEL12-MG;UOP01-DEL12-MG;;;
666767;12/03/2025;quarta-feira;14:30:00;SC;101;92,3;BARRA VELHA;Rea��o tardia ou ineficiente do condutor;Colis�o lateral mesmo sentido;Sem V�timas;Pleno dia;Crescente;Nublado;Dupla;Reta;N�o;2;0;0;0;2;0;0;2;-26,68771687;-48,69584799;SPRF-SC;DEL03-SC;UOP02-DEL03-SC;;;
666773;08/02/2025;s�bado;15:00:00;MG;365;430;PATOS DE MINAS;Aus�ncia de rea��o do condutor;Colis�o traseira;Sem V�timas;Pleno dia;Decrescente;C�u Claro;Dupla;Reta;N�o;3;0;0;0;2;1;0;3;-18,75345328;-46,64905071;SPRF-MG;DEL10-MG;UOP01-DEL10-MG;;;
666777;04/02/2025;ter�a-feira;16:50:00;SC;282;180;BOCAINA DO SUL;Acessar a via sem observar a presen�a dos outros ve�culos;Sa�da de leito carro��vel;Com V�timas Feridas;Pleno dia;Crescente;Nublado;Simples;Reta;Sim;7;0;1;1;4;1;2;3;-27,742239;-49,939873;SPRF-SC;DEL05-SC;UOP01-DEL05-SC;;;
666781;20/02/2025;quinta-feira;13:35:00;SC;158;118,7;CAIBI;Demais falhas mec�nicas ou el�tricas;Sa�da de leito carro��vel;Com V�timas Feridas;Pleno dia;Decrescente;Sol;Simples;"Curva;Aclive";N�o;2;0;0;1;0;1;1;2;-26,95849138;-53,20453466;SPRF-SC;DEL07-SC;UOP02-DEL07-SC;;;
666783;12/03/2025;quarta-feira;15:30:00;RJ;393;104;SAPUCAIA;Transitar na contram�o;Colis�o lateral sentido oposto;Com V�timas Fatais;Pleno dia;Decrescente;C�u Claro;Simples;Reta;Sim;8;1;2;4;1;0;6;2;-21,87913901;-42,67970145;SPRF-RJ;DEL05-RJ;UOP01-DEL05-RJ;;;
666784;12/03/2025;quarta-feira;15:51:00;PE;116;26;SALGUEIRO;Acessar a via sem observar a presen�a dos outros ve�culos;Colis�o transversal;Sem V�timas;Pleno dia;Crescente;C�u Claro;Simples;"Interse��o de Vias;Reta";N�o;2;0;0;0;2;0;0;2;-8,071177;-39,133686;SPRF-PE;DEL05-PE;UOP01-DEL05-PE;;;
666790;12/03/2025;quarta-feira;15:30:00;MG;40;683,9;RESSAQUINHA;Velocidade Incompat�vel;Sa�da de leito carro��vel;Com V�timas Feridas;Pleno dia;Decrescente;C�u Claro;Simples;"Declive;Curva";N�o;2;0;1;0;0;3;1;4;-21,073811;-43,766567;SPRF-MG;DEL05-MG;UOP02-DEL05-MG;;;
666792;12/03/2025;quarta-feira;16:00:00;CE;222;3,2;CAUCAIA;Condutor deixou de manter dist�ncia do ve�culo da frente;Colis�o traseira;Com V�timas Feridas;Pleno dia;Crescente;C�u Claro;M�ltipla;Reta;Sim;2;0;0;1;0;1;1;2;-3,740628;-38,598062;SPRF-CE;DEL01-CE;UOP01-DEL01-CE;;;
666793;12/03/2025;quarta-feira;14:20:00;MG;381;642;SANTO ANTONIO DO AMPARO;Rea��o tardia ou ineficiente do condutor;Colis�o traseira;Com V�timas Feridas;Pleno dia;Decrescente;C�u Claro;Dupla;Reta;N�o;4;0;0;1;2;1;1;3;-20,91336;-44,86506;SPRF-MG;DEL04-MG;UOP01-DEL04-MG;;;
666798;12/03/2025;quarta-feira;15:45:00;DF;20;22,3;BRASILIA;Pista Escorregadia;Sa�da de leito carro��vel;Com V�timas Feridas;Pleno dia;Crescente;Garoa/Chuvisco;Dupla;Retorno Regulamentado;Sim;1;0;1;0;0;0;1;1;-15,597182;-47,673465;SPRF-DF;DEL02-DF;UOP01-DEL02-DF;;;
666800;12/03/2025;quarta-feira;17:05:00;GO;60;13;SANTO ANTONIO DO DESCOBERTO;Aus�ncia de rea��o do condutor;Colis�o traseira;Com V�timas Feridas;Pleno dia;Decrescente;Chuva;Dupla;Reta;Sim;4;0;1;0;2;1;1;4;-16,111173;-48,350583;SPRF-DF;DEL03-DF;UOP01-DEL03-DF;;;
666801;12/03/2025;quarta-feira;14:25:00;SC;116;132,9;SANTA CECILIA;Acessar a via sem observar a presen�a dos outros ve�culos;Colis�o transversal;Com V�timas Feridas;Pleno dia;Crescente;Nublado;Simples;"Interse��o de Vias;Rotat�ria";N�o;3;0;1;1;1;0;2;2;-26,91350443;-50,44459783;SPRF-SC;DEL06-SC;UOP02-DEL06-SC;;;
666803;12/03/2025;quarta-feira;15:45:00;MG;267;74,8;JUIZ DE FORA;Velocidade Incompat�vel;Tombamento;Com V�timas Feridas;Pleno dia;Decrescente;C�u Claro;Simples;Curva;N�o;2;0;1;0;0;1;1;2;-21,74694032;-43,19659665;SPRF-MG;DEL05-MG;UOP01-DEL05-MG;;;
666808;12/03/2025;quarta-feira;16:50:00;BA;101;739;ITABELA;Rea��o tardia ou ineficiente do condutor;Tombamento;Com V�timas Feridas;Pleno dia;Decrescente;C�u Claro;Simples;"Declive;Curva";N�o;3;0;2;1;0;0;3;1;-16,55675999;-39,56855336;SPRF-BA;DEL09-BA;UOP01-DEL09-BA;;;
666809;12/03/2025;quarta-feira;17:00:00;CE;20;207,8;BOA VIAGEM;Pista esburacada;Colis�o lateral mesmo sentido;Com V�timas Feridas;Pleno dia;Crescente;Nublado;Simples;Reta;N�o;4;0;2;0;1;1;2;3;-5,0975389;-39,7128677;SPRF-CE;DEL02-CE;UOP02-DEL02-CE;;;
666813;07/03/2025;sexta-feira;04:30:00;MG;381;568;CARMOPOLIS DE MINAS;Condutor Dormindo;Tombamento;Sem V�timas;Amanhecer;Crescente;C�u Claro;Dupla;Reta;Sim;1;0;0;0;1;0;0;1;-20,52429138;-44,6272105;SPRF-MG;DEL04-MG;UOP03-DEL04-MG;;;
666819;12/03/2025;quarta-feira;18:00:00;RS;116;143;CAXIAS DO SUL;Condutor desrespeitou a ilumina��o vermelha do sem�foro;Colis�o transversal;Com V�timas Feridas;Anoitecer;Crescente;C�u Claro;Dupla;"Reta;Interse��o de Vias";Sim;2;0;1;0;1;0;1;2;-29,1214186;-51,1226123;SPRF-RS;DEL05-RS;UOP01-DEL05-RS;;;
666821;12/03/2025;quarta-feira;13:45:00;CE;116;428;IPAUMIRIM;Demais falhas na via;Tombamento;Com V�timas Feridas;Pleno dia;Decrescente;C�u Claro;Simples;Rotat�ria;N�o;3;0;2;0;1;0;2;1;-6,84185005;-38,73709157;SPRF-CE;DEL05-CE;UOP01-DEL05-CE;;;
666823;12/03/2025;quarta-feira;16:10:00;SC;101;49,3;JOINVILLE;Rea��o tardia ou ineficiente do condutor;Colis�o traseira;Com V�timas Feridas;Pleno dia;Decrescente;Chuva;M�ltipla;Curva;N�o;3;0;2;0;1;0;2;2;-26,38069979;-48,85151602;SPRF-SC;DEL03-SC;UOP01-DEL03-SC;;;
666825;12/03/2025;quarta-feira;18:00:00;BA;116;646;JAGUAQUARA;Manobra de mudan�a de faixa;Colis�o frontal;Com V�timas Feridas;Anoitecer;Crescente;C�u Claro;Simples;Reta;N�o;4;0;1;1;1;1;2;3;-13,61104051;-40,0912056;SPRF-BA;DEL03-BA;UOP01-DEL03-BA;;;
666832;12/03/2025;quarta-feira;16:00:00;SP;116;562;BARRA DO TURVO;Velocidade Incompat�vel;Colis�o traseira;Com V�timas Feridas;Pleno dia;Crescente;Nublado;M�ltipla;Curva;N�o;3;0;1;0;1;2;1;4;-25,021071;-48,516402;SPRF-SP;DEL05-SP;UOP02-DEL05-SP;;;
666836;12/03/2025;quarta-feira;18:00:00;SE;101;17,9;SAO FRANCISCO;Acessar a via sem observar a presen�a dos outros ve�culos;Colis�o traseira;Com V�timas Feridas;Plena Noite;Crescente;C�u Claro;Dupla;Reta;N�o;2;0;2;0;0;0;2;2;-10,345336;-36,897389;SPRF-SE;DEL02-SE;UOP02-DEL02-SE;;;
666839;12/03/2025;quarta-feira;19:21:00;SC;101;439,3;SOMBRIO;Condutor deixou de manter dist�ncia do ve�culo da frente;Colis�o traseira;Com V�timas Feridas;Plena Noite;Crescente;Nublado;M�ltipla;Reta;Sim;6;0;0;2;2;2;2;5;-29,12445103;-49,66882467;SPRF-SC;DEL02-SC;UOP02-DEL02-SC;;;
666840;12/03/2025;quarta-feira;12:20:00;PR;153;496;GENERAL CARNEIRO;Condutor deixou de manter dist�ncia do ve�culo da frente;Sa�da de leito carro��vel;Com V�timas Feridas;Pleno dia;Decrescente;C�u Claro;Simples;Reta;N�o;2;0;1;0;0;1;1;2;-26,45382232;-51,32087231;SPRF-PR;DEL02-PR;UOP03-DEL02-PR;;;
666845;12/03/2025;quarta-feira;21:15:00;MG;364;24;FRUTAL;Pedestre andava na pista;Atropelamento de Pedestre;Com V�timas Fatais;Plena Noite;Crescente;C�u Claro;Simples;Reta;N�o;2;1;0;0;0;1;0;2;-20,03601544;-48,86787415;SPRF-MG;DEL13-MG;UOP02-DEL13-MG;;;
666848;12/03/2025;quarta-feira;21:20:00;MG;40;275;TRES MARIAS;Aus�ncia de rea��o do condutor;Colis�o traseira;Sem V�timas;Plena Noite;Crescente;C�u Claro;Simples;"Aclive;Reta";Sim;3;0;0;0;2;1;0;2;-18,19884584;-45,23836439;SPRF-MG;DEL14-MG;UOP02-DEL14-MG;;;
666849;12/03/2025;quarta-feira;21:55:00;RJ;101;39;CAMPOS DOS GOYTACAZES;Acessar a via sem observar a presen�a dos outros ve�culos;Colis�o transversal;Com V�timas Feridas;Plena Noite;Decrescente;C�u Claro;Simples;Reta;N�o;2;0;2;0;0;0;2;2;-21,54419241;-41,33978063;SPRF-RJ;DEL08-RJ;UOP01-DEL08-RJ;;;
666852;12/03/2025;quarta-feira;18:04:00;MT;364;299;JACIARA;Acumulo de �gua sobre o pavimento;Colis�o traseira;Com V�timas Feridas;Anoitecer;Decrescente;Chuva;Dupla;Reta;N�o;3;0;1;0;1;3;1;5;-15,840149;-55,156565;SPRF-MT;DEL05-MT;UOP02-DEL05-MT;;;
666857;12/03/2025;quarta-feira;20:50:00;MG;381;436;SABARA;Acessar a via sem observar a presen�a dos outros ve�culos;Colis�o transversal;Com V�timas Feridas;Plena Noite;Decrescente;C�u Claro;Simples;Reta;N�o;3;0;1;0;1;1;1;3;-19,792011;-43,745495;SPRF-MG;DEL01-MG;UOP01-DEL01-MG;;;
666862;12/03/2025;quarta-feira;22:35:00;MG;381;818;CAREACU;Demais falhas mec�nicas ou el�tricas;Inc�ndio;Sem V�timas;Plena Noite;Decrescente;C�u Claro;Dupla;"Reta;Aclive";Sim;2;0;0;0;1;1;0;2;-22,05008631;-45,69318312;SPRF-MG;DEL16-MG;UOP02-DEL16-MG;;;