id;data_inversa;dia_semana;horario;uf;br;km;municipio;causa_acidente;tipo_acidente;classificacao_acidente;fase_dia;sentido_via;condicao_metereologica;tipo_pista;tracado_via;uso_solo;pessoas;mortos;feridos_leves;feridos_graves;ilesos;ignorados;feridos;veiculos;latitude;longitude;regional;delegacia;uop;;;
666865;13/03/2025;quinta-feira;00:25:00;MG;40;531;BELO HORIZONTE;Aus�ncia de rea��o do condutor;Colis�o traseira;Com V�timas Feridas;Plena Noite;Decrescente;C�u Claro;Dupla;Reta;Sim;3;0;1;0;1;1;1;3;-19,92467824;-44,01374102;SPRF-MG;DEL01-MG;UOP02-DEL01-MG;;;
666869;13/03/2025;quinta-feira;01:29:00;ES;101;171,7;LINHARES;Condutor Dormindo;Colis�o com objeto;Com V�timas Feridas;Plena Noite;Crescente;C�u Claro;Simples;Reta;N�o;3;0;1;0;1;2;1;4;-19,4128856;-40,03820038;SPRF-ES;DEL04-ES;UOP01-DEL04-ES;;;
666870;12/03/2025;quarta-feira;21:00:00;MT;70;244;POXOREU;Rea��o tardia ou ineficiente do condutor;Sa�da de leito carro��vel;Com V�timas Feridas;Plena Noite;Decrescente;Ignorado;Simples;"Curva;Aclive";N�o;2;0;1;0;0;2;1;3;-15,61546408;-54,0402877;SPRF-MT;DEL05-MT;UOP01-DEL05-MT;;;
666872;13/03/2025;quinta-feira;03:01:00;SP;116;348;MIRACATU;Demais falhas mec�nicas ou el�tricas;Inc�ndio;Sem V�timas;Plena Noite;Decrescente;C�u Claro;Dupla;"Reta;Declive";N�o;2;0;0;0;1;1;0;2;-24,051111;-47,207778;SPRF-SP;DEL04-SP;UOP03-DEL04-SP;;;
666873;13/03/2025;quinta-feira;03:10:00;BA;116;672;JEQUIE;Aus�ncia de rea��o do condutor;Tombamento;Com V�timas Feridas;Plena Noite;Crescente;C�u Claro;Simples;Reta;Sim;2;0;1;0;1;0;1;1;-13,8735153;-40,103015;SPRF-BA;DEL03-BA;UOP01-DEL03-BA;;;
666875;13/03/2025;quinta-feira;03:00:00;GO;153;103;SANTA TEREZA DE GOIAS;Problema com o freio;Inc�ndio;Sem V�timas;Plena Noite;Crescente;C�u Claro;Simples;Reta;N�o;3;0;0;0;2;2;0;3;-13,68468488;-49,02374268;SPRF-GO;DEL07-GO;UOP01-DEL07-GO;;;
666878;13/03/2025;quinta-feira;04:30:00;BA;101;911;NOVA VICOSA;Transitar na contram�o;Colis�o frontal;Com V�timas Feridas;Amanhecer;Crescente;Nevoeiro/Neblina;Simples;Curva;N�o;2;0;0;1;0;1;1;2;-17,814585;-39,788692;SPRF-BA;DEL09-BA;UOP02-DEL09-BA;;;
666879;13/03/2025;quinta-feira;05:30:00;MG;40;729,1;OLIVEIRA FORTES;Aus�ncia de rea��o do condutor;Colis�o traseira;Com V�timas Feridas;Amanhecer;Crescente;Ignorado;Dupla;"Declive;Curva";N�o;3;0;0;1;1;1;1;3;-21,3461837;-43,5827674;SPRF-MG;DEL05-MG;UOP01-DEL05-MG;;;
666883;13/03/2025;quinta-feira;06:15:00;RS;158;207,1;CRUZ ALTA;Ultrapassagem Indevida;Colis�o frontal;Com V�timas Fatais;Amanhecer;Decrescente;C�u Claro;Simples;Curva;N�o;4;1;0;0;2;6;0;9;-28,74847;-53,595669;SPRF-RS;DEL10-RS;UOP02-DEL10-RS;;;
666885;13/03/2025;quinta-feira;06:10:00;SP;116;550;BARRA DO TURVO;Condutor deixou de manter dist�ncia do ve�culo da frente;Colis�o traseira;Sem V�timas;Pleno dia;Decrescente;Chuva;Simples;Curva;N�o;3;0;0;0;2;1;0;2;-24,966603;-48,474052;SPRF-SP;DEL05-SP;UOP02-DEL05-SP;;;
666886;13/03/2025;quinta-feira;07:13:00;TO;153;95;WANDERLANDIA;Transitar na contram�o;Colis�o frontal;Com V�timas Fatais;Pleno dia;Crescente;C�u Claro;M�ltipla;"Declive;Reta";N�o;3;1;1;0;0;1;1;3;-6,90802236;-48,03943634;SPRF-TO;DEL02-TO;UOP01-DEL02-TO;;;
666896;13/03/2025;quinta-feira;07:45:00;MG;40;470,8;SETE LAGOAS;Manobra de mudan�a de faixa;Colis�o lateral mesmo sentido;Com V�timas Feridas;Pleno dia;Decrescente;C�u Claro;Dupla;"Declive;Reta";N�o;2;0;0;1;1;0;1;2;-19,47275247;-44,29286242;SPRF-MG;DEL02-MG;UOP01-DEL02-MG;;;
666897;13/03/2025;quinta-feira;07:30:00;SP;116;133,4;CACAPAVA;Rea��o tardia ou ineficiente do condutor;Atropelamento de Pedestre;Com V�timas Feridas;Pleno dia;Decrescente;C�u Claro;Dupla;Reta;N�o;2;0;1;0;1;0;1;2;-23,13662887;-45,75455904;SPRF-SP;DEL02-SP;UOP02-DEL02-SP;;;
666903;13/03/2025;quinta-feira;03:40:00;MG;381;188,6;PERIQUITO;Condutor deixou de manter dist�ncia do ve�culo da frente;Colis�o traseira;Com V�timas Feridas;Plena Noite;Decrescente;Nublado;Simples;Reta;N�o;4;0;1;1;1;2;2;5;-19,066845;-42,171859;SPRF-MG;DEL06-MG;UOP01-DEL06-MG;;;
666914;13/03/2025;quinta-feira;08:45:00;PB;230;13,8;CABEDELO;Condutor deixou de manter dist�ncia do ve�culo da frente;Colis�o traseira;Com V�timas Fatais;Pleno dia;Crescente;C�u Claro;Dupla;Reta;Sim;3;1;0;0;2;0;0;3;-7,088728;-34,848693;SPRF-PB;DEL01-PB;UOP01-DEL01-PB;;;
666915;13/03/2025;quinta-feira;07:05:00;PR;376;491,2;PONTA GROSSA;Aus�ncia de rea��o do condutor;Colis�o traseira;Com V�timas Feridas;Pleno dia;Crescente;C�u Claro;Dupla;"Reta;Declive";N�o;4;0;1;0;2;1;1;3;-25,10916;-50,19055;SPRF-PR;DEL03-PR;UOP04-DEL03-PR;;;
666916;13/03/2025;quinta-feira;08:10:00;PR;277;4,9;PARANAGUA;Rea��o tardia ou ineficiente do condutor;Queda de ocupante de ve�culo;Com V�timas Feridas;Pleno dia;Crescente;Sol;Dupla;Reta;Sim;2;0;1;0;0;1;1;2;-25,5306116;-48,5288322;SPRF-PR;DEL01-PR;UOP05-DEL01-PR;;;
666924;13/03/2025;quinta-feira;09:40:00;SE;101;104;SAO CRISTOVAO;Acessar a via sem observar a presen�a dos outros ve�culos;Colis�o lateral mesmo sentido;Com V�timas Feridas;Pleno dia;Crescente;Nublado;Dupla;Retorno Regulamentado;N�o;3;0;2;0;1;0;2;2;-10,95487;-37,2235;SPRF-SE;DEL02-SE;UOP01-DEL02-SE;;;
666928;13/03/2025;quinta-feira;10:50:00;PR;376;522;PONTA GROSSA;Velocidade Incompat�vel;Colis�o traseira;Sem V�timas;Pleno dia;Decrescente;C�u Claro;Dupla;Reta;N�o;3;0;0;0;2;1;0;3;-25,26231018;-49,97689247;SPRF-PR;DEL03-PR;UOP04-DEL03-PR;;;
666930;23/02/2025;domingo;16:40:00;PR;476;14;ADRIANOPOLIS;Velocidade Incompat�vel;Colis�o lateral sentido oposto;Com V�timas Feridas;Pleno dia;Decrescente;C�u Claro;Simples;"Curva;Aclive";N�o;6;0;3;0;2;2;3;4;-24,73551;-48,984659;SPRF-PR;DEL01-PR;UOP01-DEL01-PR;;;
666935;13/03/2025;quinta-feira;04:00:00;MG;262;22;REDUTO;Rea��o tardia ou ineficiente do condutor;Sa�da de leito carro��vel;Com V�timas Fatais;Plena Noite;Crescente;C�u Claro;Simples;Curva;N�o;2;1;0;0;0;1;0;2;-20,24813916;-41,92447544;SPRF-MG;DEL06-MG;UOP03-DEL06-MG;;;
666936;09/03/2025;domingo;01:45:00;RJ;393;169;TRES RIOS;Ingest�o de �lcool pelo condutor;Colis�o lateral sentido oposto;Com V�timas Feridas;Plena Noite;Decrescente;C�u Claro;Simples;"Interse��o de Vias;Curva";N�o;4;0;3;0;1;0;3;3;-22,12499947;-43,17500427;SPRF-RJ;DEL05-RJ;UOP02-DEL05-RJ;;;
666941;13/03/2025;quinta-feira;11:35:00;TO;153;625,6;ALIANCA DO TOCANTINS;Demais falhas mec�nicas ou el�tricas;Inc�ndio;Sem V�timas;Pleno dia;Crescente;C�u Claro;Simples;Reta;N�o;2;0;0;0;1;1;0;2;-11,31435663;-48,94280434;SPRF-TO;DEL01-TO;UOP02-DEL01-TO;;;
666942;13/03/2025;quinta-feira;11:30:00;ES;101;85,8;SAO MATEUS;Aus�ncia de rea��o do condutor;Colis�o traseira;Com V�timas Feridas;Pleno dia;Crescente;C�u Claro;Dupla;Reta;N�o;3;0;2;0;1;0;2;2;-18,8640159;-39,9385388;SPRF-ES;DEL04-ES;UOP02-DEL04-ES;;;
666944;13/03/2025;quinta-feira;12:10:00;RS;386;400,5;TRIUNFO;Problema com o freio;Colis�o lateral mesmo sentido;Com V�timas Feridas;Pleno dia;Decrescente;C�u Claro;Simples;"Declive;Curva";N�o;21;0;1;0;19;1;1;3;-29,75612745;-51,59753948;SPRF-RS;DEL04-RS;UOP02-DEL04-RS;;;
666946;13/03/2025;quinta-feira;12:40:00;PR;369;192,8;ARAPONGAS;Velocidade Incompat�vel;Queda de ocupante de ve�culo;Com V�timas Feridas;Pleno dia;Decrescente;Nublado;Dupla;Reta;N�o;4;0;1;0;2;1;1;4;-23,476282;-51,4237592;SPRF-PR;DEL07-PR;UOP03-DEL07-PR;;;
666950;13/03/2025;quinta-feira;13:00:00;BA;101;871;TEIXEIRA DE FREITAS;Aus�ncia de rea��o do condutor;Colis�o com objeto;Com V�timas Feridas;Pleno dia;Decrescente;C�u Claro;Simples;Reta;N�o;3;0;0;2;1;0;2;2;-17,4692647;-39,70483258;SPRF-BA;DEL09-BA;UOP02-DEL09-BA;;;
666956;13/03/2025;quinta-feira;07:30:00;SP;116;508;BARRA DO TURVO;Rea��o tardia ou ineficiente do condutor;Tombamento;Com V�timas Feridas;Pleno dia;Decrescente;C�u Claro;Simples;"Declive;Curva";N�o;2;0;1;0;0;1;1;2;-24,9288195;-48,2715816;SPRF-SP;DEL05-SP;UOP02-DEL05-SP;;;
666959;13/03/2025;quinta-feira;12:00:00;RS;290;204;RIO PARDO;Aus�ncia de sinaliza��o;Colis�o traseira;Com V�timas Feridas;Pleno dia;Decrescente;C�u Claro;Simples;Reta;N�o;4;0;2;0;1;1;2;3;-30,17315905;-52,26413012;SPRF-RS;DEL02-RS;UOP03-DEL02-RS;;;
666960;13/03/2025;quinta-feira;10:24:00;PR;376;459,4;TIBAGI;Velocidade Incompat�vel;Colis�o com objeto;Com V�timas Fatais;Pleno dia;Crescente;C�u Claro;Dupla;"Declive;Curva";N�o;4;2;0;0;1;2;0;4;-24,94344522;-50,39887301;SPRF-PR;DEL03-PR;UOP01-DEL03-PR;;;
666962;13/03/2025;quinta-feira;13:30:00;PE;232;20;MORENO;Condutor Dormindo;Sa�da de leito carro��vel;Com V�timas Feridas;Pleno dia;Crescente;Sol;Dupla;Reta;N�o;2;0;2;0;0;0;2;1;-8,095212;-35,07243;SPRF-PE;DEL01-PE;UOP01-DEL01-PE;;;
666965;13/03/2025;quinta-feira;14:10:00;BA;101;505;ITABUNA;Condutor Dormindo;Colis�o lateral sentido oposto;Com V�timas Feridas;Pleno dia;Decrescente;C�u Claro;Simples;Reta;Sim;5;0;1;0;4;0;1;3;-14,78179154;-39,28951263;SPRF-BA;DEL05-BA;UOP01-DEL05-BA;;;
666966;13/03/2025;quinta-feira;14:15:00;PR;376;407;TIBAGI;Velocidade Incompat�vel;Colis�o com objeto;Sem V�timas;Pleno dia;Decrescente;Chuva;Dupla;Curva;N�o;3;0;0;0;2;4;0;6;-24,602485;-50,663783;SPRF-PR;DEL03-PR;UOP02-DEL03-PR;;;
666967;10/03/2025;segunda-feira;09:00:00;RJ;116;170;RIO DE JANEIRO;Trafegar com motocicleta (ou similar) entre as faixas;Colis�o lateral mesmo sentido;Com V�timas Feridas;Pleno dia;Decrescente;C�u Claro;Dupla;Reta;N�o;4;0;0;1;2;1;1;4;-22,81619425;-43,32481915;SPRF-RJ;DEL06-RJ;UOP01-DEL06-RJ;;;
666969;13/03/2025;quinta-feira;10:55:00;SC;282;424;VARGEM BONITA;Velocidade Incompat�vel;Tombamento;Com V�timas Feridas;Pleno dia;Decrescente;C�u Claro;Simples;Curva;N�o;2;0;1;0;0;1;1;2;-26,983402;-51,754258;SPRF-SC;DEL07-SC;UOP05-DEL07-SC;;;
666971;13/03/2025;quinta-feira;10:00:00;MT;70;695;CACERES;Velocidade Incompat�vel;Colis�o lateral sentido oposto;Com V�timas Feridas;Pleno dia;Decrescente;C�u Claro;Simples;"Declive;Curva";N�o;5;0;1;0;3;1;1;5;-16,252563;-57,465518;SPRF-MT;DEL03-MT;UOP01-DEL03-MT;;;
666973;13/03/2025;quinta-feira;13:40:00;TO;153;185;NOVA OLINDA;Transitar na contram�o;Colis�o lateral sentido oposto;Com V�timas Feridas;Pleno dia;Crescente;C�u Claro;Simples;Reta;N�o;2;0;0;1;1;0;1;2;-7,55761067;-48,4199667;SPRF-TO;DEL02-TO;UOP01-DEL02-TO;;;
666976;13/03/2025;quinta-feira;11:50:00;MT;163;606;NOVA MUTUM;Retorno proibido;Colis�o transversal;Sem V�timas;Pleno dia;Crescente;C�u Claro;Simples;"Interse��o de Vias;Em Obras";N�o;2;0;0;0;2;0;0;2;-13,772343;-56,057733;SPRF-MT;DEL01-MT;UOP01-DEL01-MT;;;
666983;13/03/2025;quinta-feira;14:30:00;MG;262;23,5;REDUTO;Demais falhas mec�nicas ou el�tricas;Sa�da de leito carro��vel;Com V�timas Feridas;Pleno dia;Crescente;C�u Claro;Simples;Curva;N�o;2;0;1;0;0;1;1;2;-20,247061;-41,935474;SPRF-MG;DEL06-MG;UOP03-DEL06-MG;;;
666990;13/03/2025;quinta-feira;15:30:00;MG;40;738,5;SANTOS DUMONT;Velocidade Incompat�vel;Colis�o com objeto;Sem V�timas;Pleno dia;Crescente;Chuva;Dupla;Curva;N�o;6;0;0;0;6;0;0;1;-21,42020094;-43,56123447;SPRF-MG;DEL05-MG;UOP01-DEL05-MG;;;
666998;13/03/2025;quinta-feira;14:29:00;MA;10;252;IMPERATRIZ;Problema com o freio;Colis�o lateral mesmo sentido;Com V�timas Feridas;Pleno dia;Crescente;C�u Claro;Simples;Interse��o de Vias;Sim;2;0;0;1;0;1;1;2;-5,53559061;-47,46938109;SPRF-MA;DEL04-MA;UOP01-DEL04-MA;;;
667002;13/03/2025;quinta-feira;13:30:00;MG;365;429;PATOS DE MINAS;Chuva;Colis�o traseira;Com V�timas Feridas;Pleno dia;Crescente;Chuva;Simples;Reta;N�o;3;0;1;2;0;0;3;3;-18,746;-46,635;SPRF-MG;DEL10-MG;UOP01-DEL10-MG;;;
667005;13/03/2025;quinta-feira;14:35:00;ES;262;31,4;DOMINGOS MARTINS;Faixas de tr�nsito com largura insuficiente;Colis�o frontal;Com V�timas Feridas;Pleno dia;Crescente;C�u Claro;Simples;"Curva;Aclive";N�o;3;0;1;0;1;1;1;3;-20,37905602;-40,57387937;SPRF-ES;DEL01-ES;UOP01-DEL01-ES;;;
667007;13/03/2025;quinta-feira;17:45:00;SC;163;104;SAO JOSE DO CEDRO;Transitar na contram�o;Colis�o frontal;Com V�timas Feridas;Anoitecer;Crescente;C�u Claro;Simples;"Aclive;Viaduto";Sim;4;0;2;0;1;1;2;4;-26,45239545;-53,51096923;SPRF-SC;DEL07-SC;UOP03-DEL07-SC;;;
667010;13/03/2025;quinta-feira;15:30:00;RJ;40;96;DUQUE DE CAXIAS;Pista Escorregadia;Colis�o com objeto;Com V�timas Feridas;Pleno dia;Crescente;Sol;Simples;"Declive;Curva";N�o;3;0;2;0;1;0;2;1;-22,569646;-43,277592;SPRF-RJ;DEL01-RJ;UOP01-DEL01-RJ;;;
667011;13/03/2025;quinta-feira;17:55:00;BA;324;592;CANDEIAS;Condutor deixou de manter dist�ncia do ve�culo da frente;Colis�o traseira;Com V�timas Feridas;Anoitecer;Decrescente;C�u Claro;Dupla;Curva;Sim;2;0;1;0;1;0;1;2;-12,704312;-38,463569;SPRF-BA;DEL01-BA;UOP01-DEL01-BA;;;
667012;13/03/2025;quinta-feira;18:15:00;SC;470;137,8;RIO DO SUL;Acessar a via sem observar a presen�a dos outros ve�culos;Colis�o transversal;Com V�timas Feridas;Pleno dia;Decrescente;C�u Claro;Simples;"Interse��o de Vias;Retorno Regulamentado;Reta";Sim;3;0;1;0;2;0;1;2;-27,1937861;-49,6239817;SPRF-SC;DEL04-SC;UOP02-DEL04-SC;;;
667013;13/03/2025;quinta-feira;18:30:00;PB;230;17,1;JOAO PESSOA;Rea��o tardia ou ineficiente do condutor;Colis�o com objeto;Com V�timas Feridas;Plena Noite;Crescente;C�u Claro;Dupla;Curva;Sim;2;0;1;0;1;0;1;2;-7,117489;-34,843183;SPRF-PB;DEL01-PB;UOP01-DEL01-PB;;;
667018;13/03/2025;quinta-feira;14:30:00;SC;101;396,5;MARACAJA;Ingest�o de �lcool pelo condutor;Colis�o traseira;Com V�timas Feridas;Pleno dia;Crescente;Nublado;Dupla;"Reta;Aclive";N�o;3;0;1;0;1;1;1;3;-28,83263451;-49,41575289;SPRF-SC;DEL02-SC;UOP02-DEL02-SC;;;
667020;13/03/2025;quinta-feira;15:25:00;SC;101;425;SOMBRIO;Pedestre cruzava a pista fora da faixa;Atropelamento de Pedestre;Com V�timas Feridas;Pleno dia;Crescente;C�u Claro;Dupla;Declive;Sim;9;0;1;5;2;1;6;5;-29,107044;-49,636958;SPRF-SC;DEL02-SC;UOP02-DEL02-SC;;;
667029;13/03/2025;quinta-feira;17:00:00;MG;262;405;PARA DE MINAS;Aus�ncia de rea��o do condutor;Sa�da de leito carro��vel;Com V�timas Feridas;Anoitecer;Crescente;C�u Claro;Dupla;"Curva;Declive;Retorno Regulamentado";N�o;1;0;1;0;0;0;1;1;-19,88921326;-44,58977508;SPRF-MG;DEL01-MG;UOP03-DEL01-MG;;;
667035;13/03/2025;quinta-feira;19:45:00;PB;230;7,1;CABEDELO;Aus�ncia de rea��o do condutor;Colis�o traseira;Com V�timas Feridas;Plena Noite;Crescente;C�u Claro;M�ltipla;Reta;Sim;2;0;1;0;0;1;1;2;-7,02925027;-34,84002348;SPRF-PB;DEL01-PB;UOP01-DEL01-PB;;;
667038;13/03/2025;quinta-feira;19:00:00;RS;101;65;MAQUINE;Aus�ncia de rea��o do condutor;Colis�o traseira;Com V�timas Feridas;Anoitecer;Decrescente;Nublado;Dupla;Reta;N�o;4;0;1;0;2;3;1;5;-29,70793901;-50,18227793;SPRF-RS;DEL03-RS;UOP02-DEL03-RS;;;
667040;13/03/2025;quinta-feira;19:00:00;MS;163;75,8;ITAQUIRAI;Acessar a via sem observar a presen�a dos outros ve�culos;Colis�o transversal;Com V�timas Feridas;Plena Noite;Decrescente;C�u Claro;Simples;Reta;Sim;3;0;0;1;1;1;1;3;-23,49352586;-54,18567538;SPRF-MS;DEL09-MS;UOP01-DEL09-MS;;;
667043;13/03/2025;quinta-feira;16:40:00;RS;285;589;SAO LUIZ GONZAGA;Acessar a via sem observar a presen�a dos outros ve�culos;Colis�o transversal;Com V�timas Feridas;Pleno dia;Decrescente;C�u Claro;Simples;Reta;N�o;2;0;2;0;0;0;2;2;-28,43405794;-55,0979872;SPRF-RS;DEL12-RS;UOP01-DEL12-RS;;;
667048;13/03/2025;quinta-feira;19:30:00;RO;364;14;VILHENA;Acessar a via sem observar a presen�a dos outros ve�culos;Colis�o transversal;Com V�timas Feridas;Plena Noite;Crescente;C�u Claro;Dupla;"Interse��o de Vias;Reta";N�o;2;0;1;0;1;0;1;2;-12,72760176;-60,12871724;SPRF-RO;DEL04-RO;UOP01-DEL04-RO;;;
667051;13/03/2025;quinta-feira;16:40:00;MG;251;326;FRUTA DE LEITE;Ultrapassagem Indevida;Colis�o lateral sentido oposto;Sem V�timas;Pleno dia;Decrescente;C�u Claro;Simples;"Reta;Declive";N�o;3;0;0;0;3;0;0;2;-16,215697;-42,365461;SPRF-MG;DEL12-MG;UOP02-DEL12-MG;;;
667054;13/03/2025;quinta-feira;21:15:00;MG;365;582,9;INDIANOPOLIS;Acessar a via sem observar a presen�a dos outros ve�culos;Colis�o transversal;Com V�timas Feridas;Plena Noite;Decrescente;Chuva;Simples;Reta;N�o;2;0;1;0;1;0;1;2;-18,871936;-47,963223;SPRF-MG;DEL15-MG;UOP02-DEL15-MG;;;
667055;13/03/2025;quinta-feira;21:00:00;RO;425;52;NOVA MAMORE;Transitar na contram�o;Colis�o lateral sentido oposto;Sem V�timas;Plena Noite;Crescente;C�u Claro;Simples;Reta;N�o;6;0;0;0;5;1;0;2;-10,23796777;-65,28342964;SPRF-RO;DEL01-RO;UOP03-DEL01-RO;;;
667058;13/03/2025;quinta-feira;20:00:00;BA;101;260;SANTO ANTONIO DE JESUS;Ultrapassagem Indevida;Colis�o frontal;Com V�timas Feridas;Plena Noite;Crescente;C�u Claro;Simples;"Declive;Curva";N�o;2;0;0;1;1;0;1;2;-12,957684;-39,269455;SPRF-BA;DEL01-BA;UOP02-DEL01-BA;;;
667066;02/02/2025;domingo;13:30:00;RR;174;226;RORAINOPOLIS;Fuma�a;Colis�o frontal;Com V�timas Feridas;Pleno dia;Crescente;Sol;Simples;Aclive;N�o;6;0;0;4;1;2;4;5;1,059343;-60,381851;SPRF-RR;DEL01-RR;UOP01-DEL01-RR;;;
667076;14/03/2025;sexta-feira;00:30:00;BA;324;516;FEIRA DE SANTANA;Aus�ncia de rea��o do condutor;Colis�o traseira;Com V�timas Feridas;Plena Noite;Crescente;Ignorado;Simples;Reta;Sim;4;0;2;0;2;0;2;2;-12,247322;-38,934322;SPRF-BA;DEL02-BA;UOP01-DEL02-BA;;;
667079;14/03/2025;sexta-feira;01:45:00;GO;60;134;GOIANIA;Demais falhas mec�nicas ou el�tricas;Sa�da de leito carro��vel;Com V�timas Feridas;Plena Noite;Crescente;Nublado;Dupla;"Declive;Reta";N�o;1;0;1;0;0;0;1;1;-16,586613;-49,193841;SPRF-GO;DEL01-GO;UOP01-DEL01-GO;;;
667084;14/03/2025;sexta-feira;04:55:00;RJ;101;284;ITABORAI;Avarias e/ou desgaste excessivo no pneu;Capotamento;Com V�timas Feridas;Plena Noite;Decrescente;C�u Claro;Dupla;Reta;N�o;4;0;1;0;2;1;1;3;-22,74954898;-42,8159523;SPRF-RJ;DEL02-RJ;UOP02-DEL02-RJ;;;
667088;14/03/2025;sexta-feira;04:35:00;BA;101;24,8;ESPLANADA;Desvio tempor�rio;Colis�o frontal;Com V�timas Feridas;Amanhecer;Decrescente;Chuva;Dupla;"Reta;Desvio Tempor�rio;Em Obras";N�o;2;0;2;0;0;0;2;2;-11,69253539;-37,90234739;SPRF-SE;DEL02-SE;UOP03-DEL02-SE;;;
667089;14/03/2025;sexta-feira;06:00:00;PR;376;136,8;NOVA ESPERANCA;Rea��o tardia ou ineficiente do condutor;Colis�o lateral sentido oposto;Com V�timas Feridas;Amanhecer;Decrescente;C�u Claro;Simples;Reta;N�o;5;0;4;0;1;0;4;2;-23,19014512;-52,20820338;SPRF-PR;DEL09-PR;UOP02-DEL09-PR;;;
667091;14/03/2025;sexta-feira;05:50:00;MT;364;10;ALTO ARAGUAIA;Animais na Pista;Tombamento;Sem V�timas;Amanhecer;Decrescente;C�u Claro;Simples;Declive;N�o;2;0;0;0;1;2;0;3;-17,27364969;-53,28424931;SPRF-MT;DEL02-MT;UOP02-DEL02-MT;;;
667092;14/03/2025;sexta-feira;05:55:00;RJ;101;333;RIO DE JANEIRO;Acessar a via sem observar a presen�a dos outros ve�culos;Colis�o traseira;Com V�timas Feridas;Pleno dia;Decrescente;Nublado;M�ltipla;Curva;Sim;3;0;1;0;2;0;1;2;-22,86889965;-43,19927216;SPRF-RJ;DEL02-RJ;UOP01-DEL02-RJ;;;
667094;14/03/2025;sexta-feira;00:00:00;RS;290;169,3;BUTIA;Condutor deixou de manter dist�ncia do ve�culo da frente;Colis�o traseira;Com V�timas Feridas;Plena Noite;Crescente;C�u Claro;Simples;Reta;N�o;3;0;0;1;2;0;1;2;-30,124838;-51,905549;SPRF-RS;DEL02-RS;UOP03-DEL02-RS;;;
667096;13/03/2025;quinta-feira;23:00:00;RO;364;108;CHUPINGUAIA;Rea��o tardia ou ineficiente do condutor;Colis�o traseira;Com V�timas Feridas;Plena Noite;Decrescente;Chuva;Simples;Reta;N�o;3;0;1;0;1;1;1;3;-12,20353834;-60,69960505;SPRF-RO;DEL04-RO;UOP01-DEL04-RO;;;
667098;13/03/2025;quinta-feira;21:00:00;MG;262;747;PERDIZES;Velocidade Incompat�vel;Colis�o com objeto;Com V�timas Feridas;Plena Noite;Decrescente;Chuva;Simples;Curva;N�o;2;0;1;0;0;1;1;2;-19,61178606;-47,43733406;SPRF-MG;DEL13-MG;UOP01-DEL13-MG;;;
667101;14/03/2025;sexta-feira;07:00:00;MG;381;496;BETIM;Aus�ncia de rea��o do condutor;Colis�o traseira;Com V�timas Feridas;Pleno dia;Decrescente;C�u Claro;Dupla;Reta;N�o;2;0;1;0;1;0;1;2;-19,9965415;-44,2090494;SPRF-MG;DEL01-MG;UOP03-DEL01-MG;;;
667106;14/03/2025;sexta-feira;05:35:00;BA;101;126;ARAMARI;Ultrapassagem Indevida;Tombamento;Com V�timas Feridas;Pleno dia;Crescente;Sol;Simples;"Reta;Aclive";N�o;5;0;3;0;1;1;3;2;-12,15902674;-38,5467875;SPRF-BA;DEL01-BA;UOP04-DEL01-BA;;;
667109;14/03/2025;sexta-feira;07:00:00;SP;116;109;TAUBATE;Condutor deixou de manter dist�ncia do ve�culo da frente;Colis�o traseira;Com V�timas Feridas;Pleno dia;Crescente;Nublado;Dupla;Reta;N�o;3;0;1;0;1;1;1;3;-23,0299812;-45,54654086;SPRF-SP;DEL02-SP;UOP02-DEL02-SP;;;
667120;14/03/2025;sexta-feira;07:30:00;BA;101;729;EUNAPOLIS;Rea��o tardia ou ineficiente do condutor;Sa�da de leito carro��vel;Com V�timas Feridas;Pleno dia;Crescente;C�u Claro;Simples;Curva;N�o;3;0;1;1;1;0;2;1;-16,46012209;-39,57464218;SPRF-BA;DEL09-BA;UOP01-DEL09-BA;;;
667123;14/03/2025;sexta-feira;08:30:00;RS;386;346;LAJEADO;Trafegar com motocicleta (ou similar) entre as faixas;Colis�o lateral mesmo sentido;Com V�timas Feridas;Pleno dia;Crescente;Sol;Dupla;Reta;Sim;4;0;1;0;2;1;1;3;-29,447648;-51,973348;SPRF-RS;DEL04-RS;UOP01-DEL04-RS;;;
667124;22/02/2025;s�bado;15:07:00;MG;381;484;BETIM;Problema com o freio;Colis�o traseira;Com V�timas Feridas;Pleno dia;Crescente;C�u Claro;M�ltipla;"Reta;Aclive";Sim;4;0;1;0;3;0;1;3;-19,957867;-44,092264;SPRF-MG;DEL01-MG;UOP03-DEL01-MG;;;
667127;14/03/2025;sexta-feira;07:55:00;PR;369;227,2;JANDAIA DO SUL;Desrespeitar a prefer�ncia no cruzamento;Colis�o transversal;Com V�timas Feridas;Pleno dia;Crescente;C�u Claro;Simples;Declive;Sim;2;0;1;0;1;0;1;2;-23,58871831;-51,64622641;SPRF-PR;DEL09-PR;UOP01-DEL09-PR;;;
667129;14/03/2025;sexta-feira;08:45:00;SC;101;332;TUBARAO;Acessar a via sem observar a presen�a dos outros ve�culos;Colis�o lateral mesmo sentido;Com V�timas Feridas;Pleno dia;Decrescente;Sol;Dupla;Reta;Sim;2;0;1;0;1;0;1;2;-28,46785049;-49,00338915;SPRF-SC;DEL02-SC;UOP01-DEL02-SC;;;
667131;19/02/2025;quarta-feira;17:00:00;RS;101;5,3;MAQUINE;Acessar a via sem observar a presen�a dos outros ve�culos;Colis�o transversal;Com V�timas Feridas;Pleno dia;Crescente;Nublado;Simples;Interse��o de Vias;N�o;3;0;0;1;1;2;1;4;-29,722206;-50,198171;SPRF-RS;DEL03-RS;UOP01-DEL03-RS;;;