id;data_inversa;dia_semana;horario;uf;br;km;municipio;causa_acidente;tipo_acidente;classificacao_acidente;fase_dia;sentido_via;condicao_metereologica;tipo_pista;tracado_via;uso_solo;pessoas;mortos;feridos_leves;feridos_graves;ilesos;ignorados;feridos;veiculos;latitude;longitude;regional;delegacia;uop;;;
667135;14/03/2025;sexta-feira;09:24:00;SC;282;4,3;SAO JOSE;Demais falhas mec�nicas ou el�tricas;Inc�ndio;Sem V�timas;Pleno dia;Decrescente;C�u Claro;Dupla;Reta;Sim;2;0;0;0;1;1;0;2;-27,591735;-48,605909;SPRF-SC;DEL01-SC;UOP01-DEL01-SC;;;
667137;14/03/2025;sexta-feira;09:00:00;PR;476;174,9;CONTENDA;Acessar a via sem observar a presen�a dos outros ve�culos;Colis�o transversal;Com V�timas Feridas;Pleno dia;Decrescente;Nublado;Simples;Reta;N�o;4;0;2;0;1;1;2;3;-25,693849;-49,552267;SPRF-PR;DEL01-PR;UOP06-DEL01-PR;;;
667139;14/03/2025;sexta-feira;08:13:00;PR;158;539,9;PATO BRANCO;Demais falhas mec�nicas ou el�tricas;Eventos at�picos;Com V�timas Fatais;Pleno dia;Crescente;C�u Claro;Simples;"Reta;Declive";Sim;1;1;0;0;0;0;0;1;-26,26900954;-52,71144748;SPRF-PR;DEL02-PR;UOP01-DEL02-PR;;;
667144;14/03/2025;sexta-feira;07:10:00;MG;40;175,3;JOAO PINHEIRO;Demais falhas mec�nicas ou el�tricas;Tombamento;Com V�timas Feridas;Pleno dia;Crescente;C�u Claro;Simples;"Aclive;Reta";N�o;4;0;0;2;1;3;2;5;-17,8951143;-46,12060547;SPRF-MG;DEL14-MG;UOP02-DEL14-MG;;;
667148;14/03/2025;sexta-feira;10:10:00;MG;50;11;ARAGUARI;Demais falhas mec�nicas ou el�tricas;Inc�ndio;Sem V�timas;Pleno dia;Decrescente;C�u Claro;Dupla;"Declive;Reta";N�o;2;0;0;0;1;1;0;2;-18,51815879;-48,03751244;SPRF-MG;DEL15-MG;UOP02-DEL15-MG;;;
667150;14/03/2025;sexta-feira;05:30:00;SP;116;461;REGISTRO;Aus�ncia de rea��o do condutor;Colis�o traseira;Com V�timas Fatais;Amanhecer;Decrescente;Nublado;Simples;Reta;Sim;3;1;0;0;1;3;0;5;-24,53700728;-47,85892195;SPRF-SP;DEL05-SP;UOP01-DEL05-SP;;;
667156;03/02/2025;segunda-feira;06:20:00;AL;316;232,8;ATALAIA;Ultrapassagem Indevida;Colis�o lateral sentido oposto;Com V�timas Feridas;Amanhecer;Decrescente;C�u Claro;Dupla;Reta;N�o;6;0;3;0;3;0;3;3;-9,49454317;-36,10062101;SPRF-AL;DEL01-AL;UOP01-DEL01-AL;;;
667160;14/03/2025;sexta-feira;11:30:00;PB;230;1;CABEDELO;Acessar a via sem observar a presen�a dos outros ve�culos;Colis�o transversal;Com V�timas Feridas;Pleno dia;Decrescente;C�u Claro;Dupla;Reta;Sim;4;0;1;0;2;1;1;3;-6,975633;-34,831688;SPRF-PB;DEL01-PB;UOP01-DEL01-PB;;;
667162;14/03/2025;sexta-feira;10:10:00;MT;163;670;LUCAS DO RIO VERDE;Ultrapassagem Indevida;Colis�o frontal;Com V�timas Feridas;Pleno dia;Crescente;Sol;Simples;Reta;N�o;4;0;1;0;2;2;1;5;-13,212349;-55,99894;SPRF-MT;DEL06-MT;UOP01-DEL06-MT;;;
667163;14/03/2025;sexta-feira;09:10:00;PR;116;106,3;SAO JOSE DOS PINHAIS;Rea��o tardia ou ineficiente do condutor;Colis�o traseira;Sem V�timas;Pleno dia;Crescente;Nublado;M�ltipla;Reta;N�o;2;0;0;0;2;0;0;2;-25,56987901;-49,21983177;SPRF-PR;DEL01-PR;UOP03-DEL01-PR;;;
667172;14/03/2025;sexta-feira;11:32:00;PE;101;9;GOIANA;Aus�ncia de rea��o do condutor;Colis�o lateral mesmo sentido;Com V�timas Feridas;Pleno dia;Decrescente;Chuva;Dupla;Reta;N�o;3;0;1;0;1;1;1;3;-7,5814116;-34,9879147;SPRF-PE;DEL01-PE;UOP02-DEL01-PE;;;
667174;14/03/2025;sexta-feira;09:20:00;AC;317;79;SENADOR GUIOMARD;Acesso irregular;Colis�o frontal;Com V�timas Feridas;Pleno dia;Decrescente;Nublado;Simples;Reta;N�o;2;0;1;0;1;0;1;2;-10,10939562;-67,65307546;SPRF-AC;DEL01-AC;UOP01-DEL01-AC;;;
667176;14/03/2025;sexta-feira;12:40:00;ES;101;304,6;VIANA;Rea��o tardia ou ineficiente do condutor;Colis�o traseira;Com V�timas Feridas;Pleno dia;Crescente;C�u Claro;Dupla;Reta;Sim;3;0;1;0;1;1;1;3;-20,38273239;-40,45921141;SPRF-ES;DEL01-ES;UOP01-DEL01-ES;;;
667178;14/03/2025;sexta-feira;11:53:00;RS;290;13,6;SANTO ANTONIO DA PATRULHA;Acessar a via sem observar a presen�a dos outros ve�culos;Colis�o lateral mesmo sentido;Com V�timas Feridas;Pleno dia;Crescente;C�u Claro;Dupla;Curva;N�o;2;0;2;0;0;0;2;2;-29,87048;-50,398585;SPRF-RS;DEL03-RS;UOP01-DEL03-RS;;;
667181;14/03/2025;sexta-feira;13:00:00;BA;101;711;EUNAPOLIS;Transitar na contram�o;Tombamento;Com V�timas Feridas;Pleno dia;Decrescente;C�u Claro;Simples;"Aclive;Curva";N�o;4;0;1;1;2;0;2;4;-16,32450235;-39,58448633;SPRF-BA;DEL09-BA;UOP01-DEL09-BA;;;
667183;14/03/2025;sexta-feira;13:15:00;MG;381;360;JOAO MONLEVADE;Rea��o tardia ou ineficiente do condutor;Colis�o lateral mesmo sentido;Com V�timas Feridas;Pleno dia;Decrescente;C�u Claro;Simples;Curva;N�o;4;0;2;0;1;1;2;3;-19,83965197;-43,19666505;SPRF-MG;DEL03-MG;UOP01-DEL03-MG;;;
667186;14/03/2025;sexta-feira;11:50:00;RJ;393;264,2;BARRA DO PIRAI;Rea��o tardia ou ineficiente do condutor;Colis�o frontal;Com V�timas Feridas;Pleno dia;Decrescente;C�u Claro;Simples;Curva;N�o;4;0;1;0;3;0;1;2;-22,4881;-43,911202;SPRF-RJ;DEL05-RJ;UOP04-DEL05-RJ;;;
667197;14/03/2025;sexta-feira;14:00:00;MG;251;466;FRANCISCO SA;Velocidade Incompat�vel;Colis�o com objeto;Com V�timas Feridas;Pleno dia;Crescente;Sol;Simples;Curva;N�o;2;0;1;0;0;1;1;2;-16,6098043;-43,6617239;SPRF-MG;DEL12-MG;UOP01-DEL12-MG;;;
667198;14/03/2025;sexta-feira;10:45:00;SC;282;289,7;BRUNOPOLIS;Acessar a via sem observar a presen�a dos outros ve�culos;Colis�o frontal;Com V�timas Feridas;Pleno dia;Crescente;C�u Claro;Simples;"Interse��o de Vias;Reta";N�o;3;0;2;0;1;0;2;2;-27,33548;-50,959917;SPRF-SC;DEL05-SC;UOP02-DEL05-SC;;;
667200;14/03/2025;sexta-feira;13:00:00;GO;452;165;ITUMBIARA;Condutor Dormindo;Sa�da de leito carro��vel;Com V�timas Feridas;Pleno dia;Decrescente;C�u Claro;Simples;Reta;N�o;1;0;1;0;0;0;1;1;-18,308831;-49,506573;SPRF-GO;DEL03-GO;UOP02-DEL03-GO;;;
667206;14/03/2025;sexta-feira;15:05:00;SP;116;164;JACAREI;Entrada inopinada do pedestre;Atropelamento de Pedestre;Com V�timas Feridas;Pleno dia;Decrescente;C�u Claro;Dupla;Reta;N�o;2;0;1;0;1;0;1;2;-23,29204704;-46,0004425;SPRF-SP;DEL02-SP;UOP01-DEL02-SP;;;
667209;14/03/2025;sexta-feira;14:35:00;SC;101;321,2;PESCARIA BRAVA;Condutor deixou de manter dist�ncia do ve�culo da frente;Colis�o traseira;Com V�timas Feridas;Pleno dia;Crescente;C�u Claro;M�ltipla;"Reta;Em Obras";N�o;4;0;2;0;1;1;2;3;-28,426645;-48,908143;SPRF-SC;DEL02-SC;UOP01-DEL02-SC;;;
667212;14/03/2025;sexta-feira;15:00:00;SP;116;280;EMBU DAS ARTES;Rea��o tardia ou ineficiente do condutor;Colis�o traseira;Com V�timas Feridas;Pleno dia;Crescente;C�u Claro;Dupla;"Reta;Aclive";Sim;3;0;0;1;2;0;1;2;-23,64602;-46,841557;SPRF-SP;DEL04-SP;UOP01-DEL04-SP;;;
667226;14/03/2025;sexta-feira;17:00:00;MG;381;704;NEPOMUCENO;Aus�ncia de rea��o do condutor;Tombamento;Com V�timas Feridas;Pleno dia;Decrescente;Nublado;Dupla;"Declive;Curva";N�o;2;0;1;0;0;1;1;2;-21,34177704;-45,17643719;SPRF-MG;DEL04-MG;UOP02-DEL04-MG;;;
667241;14/03/2025;sexta-feira;17:40:00;PR;369;505,7;CASCAVEL;Acessar a via sem observar a presen�a dos outros ve�culos;Colis�o transversal;Com V�timas Feridas;Pleno dia;Decrescente;C�u Claro;Simples;Reta;Sim;3;0;0;1;1;1;1;3;-24,94623204;-53,39820981;SPRF-PR;DEL04-PR;UOP01-DEL04-PR;;;
667247;14/03/2025;sexta-feira;18:45:00;SC;280;30,7;ARAQUARI;Trafegar com motocicleta (ou similar) entre as faixas;Colis�o lateral mesmo sentido;Com V�timas Feridas;Anoitecer;Decrescente;Nublado;Simples;Reta;Sim;5;0;0;1;3;4;1;8;-26,415871;-48,768756;SPRF-SC;DEL03-SC;UOP03-DEL03-SC;;;
667249;14/03/2025;sexta-feira;18:10:00;PR;376;597,5;CURITIBA;Condutor deixou de manter dist�ncia do ve�culo da frente;Colis�o traseira;Com V�timas Feridas;Anoitecer;Crescente;Nublado;Dupla;"Reta;Aclive";Sim;5;0;1;0;3;1;1;5;-25,48197043;-49,34868835;SPRF-PR;DEL01-PR;UOP06-DEL01-PR;;;
667251;14/03/2025;sexta-feira;18:38:00;SP;153;106,5;JOSE BONIFACIO;Acessar a via sem observar a presen�a dos outros ve�culos;Colis�o transversal;Com V�timas Feridas;Anoitecer;Crescente;C�u Claro;Simples;Reta;Sim;4;0;1;0;2;2;1;4;-21,05895375;-49,66011182;SPRF-SP;DEL09-SP;UOP01-DEL09-SP;;;
667253;14/03/2025;sexta-feira;16:30:00;RJ;116;181;NOVA IGUACU;Manobra de mudan�a de faixa;Colis�o lateral mesmo sentido;Com V�timas Feridas;Pleno dia;Crescente;C�u Claro;M�ltipla;Reta;Sim;2;0;1;0;1;0;1;2;-22,76320226;-43,42208862;SPRF-RJ;DEL06-RJ;UOP01-DEL06-RJ;;;
667255;14/03/2025;sexta-feira;17:45:00;MG;116;813,9;ALEM PARAIBA;Aus�ncia de rea��o do condutor;Colis�o frontal;Com V�timas Fatais;Anoitecer;Decrescente;Chuva;Simples;Curva;N�o;4;1;0;2;1;0;2;2;-21,86902523;-42,67084185;SPRF-MG;DEL07-MG;UOP01-DEL07-MG;;;
667256;14/03/2025;sexta-feira;18:35:00;PE;407;122;PETROLINA;Aus�ncia de rea��o do condutor;Colis�o traseira;Com V�timas Feridas;Plena Noite;Crescente;C�u Claro;Dupla;Retorno Regulamentado;Sim;3;0;0;1;2;0;1;3;-9,3523295;-40,5515097;SPRF-PE;DEL06-PE;UOP01-DEL06-PE;;;
667261;14/03/2025;sexta-feira;18:42:00;PE;232;222;PESQUEIRA;Aus�ncia de rea��o do condutor;Atropelamento de Pedestre;Com V�timas Feridas;Plena Noite;Crescente;Nublado;Simples;Reta;N�o;2;0;0;1;0;1;1;2;-8,40236501;-36,7990762;SPRF-PE;DEL03-PE;UOP02-DEL03-PE;;;
667262;14/03/2025;sexta-feira;17:50:00;GO;158;154;CAIAPONIA;Acessar a via sem observar a presen�a dos outros ve�culos;Tombamento;Com V�timas Feridas;Anoitecer;Crescente;Nublado;Dupla;"Aclive;Interse��o de Vias;Rotat�ria";N�o;3;0;1;0;1;4;1;6;-16,932903;-51,824489;SPRF-GO;DEL04-GO;UOP02-DEL04-GO;;;
667268;14/03/2025;sexta-feira;19:26:00;ES;101;350;GUARAPARI;Rea��o tardia ou ineficiente do condutor;Sa�da de leito carro��vel;Com V�timas Feridas;Plena Noite;Crescente;C�u Claro;Dupla;Reta;N�o;1;0;1;0;0;0;1;1;-20,65845412;-40,61351978;SPRF-ES;DEL03-ES;UOP01-DEL03-ES;;;
667275;14/03/2025;sexta-feira;18:30:00;MG;365;431;PATOS DE MINAS;Pista Escorregadia;Colis�o lateral sentido oposto;Com V�timas Fatais;Anoitecer;Crescente;Chuva;Simples;"Declive;Curva";N�o;8;2;1;1;3;1;2;4;-18,75754419;-46,65832749;SPRF-MG;DEL10-MG;UOP01-DEL10-MG;;;
667277;14/03/2025;sexta-feira;18:00:00;PR;373;255;PRUDENTOPOLIS;Manobra de mudan�a de faixa;Colis�o lateral mesmo sentido;Com V�timas Feridas;Pleno dia;Crescente;C�u Claro;Simples;Reta;N�o;6;0;2;0;3;1;2;3;-25,198742;-50,944717;SPRF-PR;DEL03-PR;UOP01-DEL03-PR;;;
667285;14/03/2025;sexta-feira;20:30:00;RS;158;281,5;JULIO DE CASTILHOS;Demais falhas mec�nicas ou el�tricas;Sa�da de leito carro��vel;Com V�timas Fatais;Plena Noite;Crescente;Nublado;Simples;Reta;N�o;3;1;0;0;0;2;0;3;-29,386598;-53,669812;SPRF-RS;DEL09-RS;UOP01-DEL09-RS;;;
667287;14/03/2025;sexta-feira;19:00:00;BA;349;867;SAO FELIX DO CORIBE;Rea��o tardia ou ineficiente do condutor;Tombamento;Sem V�timas;Plena Noite;Decrescente;C�u Claro;Simples;Reta;N�o;2;0;0;0;1;2;0;3;-13,40069879;-44,14622495;SPRF-BA;DEL10-BA;UOP02-DEL10-BA;;;
667294;14/03/2025;sexta-feira;20:40:00;GO;153;508;APARECIDA DE GOIANIA;Demais falhas mec�nicas ou el�tricas;Colis�o frontal;Com V�timas Feridas;Plena Noite;Crescente;Chuva;Dupla;"Reta;Declive";Sim;9;0;1;1;6;1;2;7;-16,773433;-49,237912;SPRF-GO;DEL01-GO;UOP03-DEL01-GO;;;
667298;14/03/2025;sexta-feira;22:10:00;AL;101;153;CAMPO ALEGRE;Demais falhas mec�nicas ou el�tricas;Inc�ndio;Com V�timas Feridas;Plena Noite;Decrescente;C�u Claro;Dupla;Reta;N�o;1;0;1;0;0;0;1;1;-9,89106932;-36,19033813;SPRF-AL;DEL02-AL;UOP02-DEL02-AL;;;
667306;14/03/2025;sexta-feira;23:10:00;RN;101;167;BAIA FORMOSA;Animais na Pista;Sa�da de leito carro��vel;Com V�timas Feridas;Plena Noite;Decrescente;Nublado;Dupla;Reta;N�o;2;0;1;0;0;2;1;3;-6,44259705;-35,11164925;SPRF-RN;DEL01-RN;UOP01-DEL01-RN;;;
667307;14/03/2025;sexta-feira;21:40:00;SC;470;226,6;SAO CRISTOVAO DO SUL;Velocidade Incompat�vel;Tombamento;Com V�timas Fatais;Plena Noite;Crescente;C�u Claro;Simples;Curva;N�o;2;1;0;0;0;1;0;2;-27,324178;-50,370396;SPRF-SC;DEL05-SC;UOP03-DEL05-SC;;;
667316;15/03/2025;s�bado;00:30:00;RS;153;686;BAGE;Problema com o freio;Inc�ndio;Sem V�timas;Plena Noite;Crescente;C�u Claro;Simples;Reta;N�o;2;0;0;0;1;1;0;2;-31,3327616;-53,98528;SPRF-RS;DEL11-RS;UOP03-DEL11-RS;;;
667317;15/03/2025;s�bado;00:05:00;SP;116;322;JUQUITIBA;Rea��o tardia ou ineficiente do condutor;Colis�o traseira;Com V�timas Feridas;Plena Noite;Crescente;Nublado;Dupla;Curva;N�o;4;0;1;0;2;1;1;4;-23,93536359;-47,03390805;SPRF-SP;DEL04-SP;UOP03-DEL04-SP;;;
667318;14/03/2025;sexta-feira;18:20:00;MA;135;132,2;MATOES DO NORTE;Ultrapassagem Indevida;Colis�o traseira;Com V�timas Fatais;Anoitecer;Crescente;Nublado;Simples;"Em Obras;Reta;Desvio Tempor�rio";N�o;4;1;0;0;1;2;0;4;-3,610583;-44,562365;SPRF-MA;DEL01-MA;UOP02-DEL01-MA;;;
667319;15/03/2025;s�bado;02:05:00;PR;376;674;GUARATUBA;Rea��o tardia ou ineficiente do condutor;Colis�o traseira;Sem V�timas;Plena Noite;Decrescente;Nublado;Dupla;Curva;N�o;3;0;0;0;2;3;0;5;-25,919528;-48,918272;SPRF-PR;DEL01-PR;UOP04-DEL01-PR;;;
667330;15/03/2025;s�bado;04:45:00;ES;101;246,1;SERRA;Condutor Dormindo;Colis�o com objeto;Com V�timas Feridas;Plena Noite;Decrescente;Ignorado;Simples;Reta;N�o;2;0;1;0;0;1;1;2;-20,0647545;-40,37611932;SPRF-ES;DEL02-ES;UOP01-DEL02-ES;;;
667331;15/03/2025;s�bado;05:00:00;SP;116;127;CACAPAVA;Aus�ncia de rea��o do condutor;Colis�o traseira;Com V�timas Feridas;Plena Noite;Crescente;Nublado;Dupla;Reta;N�o;3;0;1;0;1;1;1;3;-23,0917165;-45,67619836;SPRF-SP;DEL02-SP;UOP02-DEL02-SP;;;
667337;15/03/2025;s�bado;06:00:00;PR;376;623;SAO JOSE DOS PINHAIS;Acessar a via sem observar a presen�a dos outros ve�culos;Colis�o lateral mesmo sentido;Sem V�timas;Amanhecer;Crescente;Nevoeiro/Neblina;Dupla;Reta;Sim;6;0;0;0;3;3;0;3;-25,649838;-49,157445;SPRF-PR;DEL01-PR;UOP04-DEL01-PR;;;
667339;15/03/2025;s�bado;06:00:00;PB;101;123;CAAPORA;Aus�ncia de rea��o do condutor;Sa�da de leito carro��vel;Com V�timas Feridas;Pleno dia;Crescente;Chuva;Dupla;"Declive;Curva";N�o;2;0;1;0;0;1;1;2;-7,45832041;-34,98076262;SPRF-PB;DEL01-PB;UOP01-DEL01-PB;;;
667341;15/03/2025;s�bado;05:50:00;MG;40;784;JUIZ DE FORA;Manobra de mudan�a de faixa;Colis�o transversal;Com V�timas Feridas;Amanhecer;Decrescente;Nublado;Dupla;Curva;Sim;6;0;4;0;1;1;4;3;-21,70529986;-43,45090628;SPRF-MG;DEL05-MG;UOP01-DEL05-MG;;;
667343;15/03/2025;s�bado;04:30:00;PR;153;50;SANTO ANTONIO DA PLATINA;Pedestre andava na pista;Atropelamento de Pedestre;Com V�timas Fatais;Plena Noite;Decrescente;C�u Claro;Simples;"Ponte;Reta;Declive";N�o;2;1;0;0;1;0;0;2;-23,37062;-50,064442;SPRF-PR;DEL07-PR;UOP04-DEL07-PR;;;
667353;15/03/2025;s�bado;01:50:00;BA;110;124;ANTAS;Rea��o tardia ou ineficiente do condutor;Colis�o traseira;Com V�timas Feridas;Anoitecer;Decrescente;C�u Claro;Simples;Curva;N�o;4;0;1;0;2;2;1;4;-10,460797;-38,383409;SPRF-BA;DEL07-BA;UOP02-DEL07-BA;;;
667354;15/03/2025;s�bado;07:30:00;PR;376;538,9;PALMEIRA;Trafegar com motocicleta (ou similar) entre as faixas;Colis�o lateral mesmo sentido;Com V�timas Fatais;Pleno dia;Crescente;C�u Claro;Dupla;Desvio Tempor�rio;N�o;4;1;0;0;1;2;0;4;-25,34898;-49,841125;SPRF-PR;DEL03-PR;UOP03-DEL03-PR;;;
667355;15/03/2025;s�bado;05:45:00;GO;153;267;NOVA GLORIA;Demais falhas mec�nicas ou el�tricas;Inc�ndio;Sem V�timas;Amanhecer;Decrescente;C�u Claro;Simples;Reta;N�o;2;0;0;0;1;1;0;2;-15,058072;-49,449557;SPRF-GO;DEL07-GO;UOP02-DEL07-GO;;;
667357;15/03/2025;s�bado;07:00:00;SC;470;86;RODEIO;Velocidade Incompat�vel;Colis�o com objeto;Com V�timas Feridas;Pleno dia;Decrescente;Nublado;Simples;Curva;N�o;9;0;0;1;7;1;1;5;-26,9476045;-49,3648749;SPRF-SC;DEL04-SC;UOP01-DEL04-SC;;;
667358;15/03/2025;s�bado;08:00:00;SP;153;281,3;OCAUCU;Manobra de mudan�a de faixa;Colis�o lateral mesmo sentido;Com V�timas Feridas;Pleno dia;Crescente;C�u Claro;Simples;Reta;N�o;4;0;1;0;2;1;1;3;-22,428838;-49,8592711;SPRF-SP;DEL07-SP;UOP02-DEL07-SP;;;
667361;15/03/2025;s�bado;05:20:00;MT;70;516,8;VARZEA GRANDE;Condutor deixou de manter dist�ncia do ve�culo da frente;Colis�o traseira;Com V�timas Feridas;Amanhecer;Decrescente;C�u Claro;Simples;Reta;Sim;4;0;0;1;1;2;1;4;-15,703974;-56,14902;SPRF-MT;DEL01-MT;UOP02-DEL01-MT;;;
667363;15/03/2025;s�bado;08:30:00;ES;262;78,4;DOMINGOS MARTINS;Avarias e/ou desgaste excessivo no pneu;Colis�o lateral sentido oposto;Com V�timas Feridas;Pleno dia;Crescente;C�u Claro;Simples;Reta;N�o;3;0;1;0;1;1;1;3;-20,410203;-40,928158;SPRF-ES;DEL01-ES;UOP02-DEL01-ES;;;
667369;15/03/2025;s�bado;01:30:00;GO;452;67;MAURILANDIA;Animais na Pista;Atropelamento de Animal;Com V�timas Fatais;Plena Noite;Crescente;C�u Claro;Simples;"Declive;Reta";N�o;4;2;0;0;1;1;0;3;-18,026031;-50,32409;SPRF-GO;DEL04-GO;UOP01-DEL04-GO;;;
667371;15/03/2025;s�bado;09:30:00;SP;116;218;GUARULHOS;Rea��o tardia ou ineficiente do condutor;Engavetamento;Com V�timas Feridas;Pleno dia;Crescente;Nublado;Dupla;"Em Obras;Reta";Sim;4;0;1;0;2;1;1;4;-23,46112942;-46,48875106;SPRF-SP;DEL01-SP;UOP01-DEL01-SP;;;
667377;15/03/2025;s�bado;09:40:00;RJ;393;268;BARRA DO PIRAI;Acessar a via sem observar a presen�a dos outros ve�culos;Colis�o transversal;Com V�timas Feridas;Pleno dia;Crescente;Nublado;Simples;"Reta;Interse��o de Vias";N�o;9;0;5;1;2;1;6;3;-22,47671322;-43,94389629;SPRF-RJ;DEL05-RJ;UOP04-DEL05-RJ;;;
667378;15/03/2025;s�bado;10:30:00;SP;116;283;ITAPECERICA DA SERRA;Ingest�o de �lcool pelo condutor;Colis�o lateral mesmo sentido;Sem V�timas;Pleno dia;Crescente;C�u Claro;Dupla;Reta;Sim;3;0;0;0;2;1;0;3;-23,70080781;-46,86904907;SPRF-SP;DEL04-SP;UOP01-DEL04-SP;;;
667381;15/03/2025;s�bado;10:40:00;MG;381;2,9;BETIM;Velocidade Incompat�vel;Colis�o traseira;Com V�timas Feridas;Pleno dia;Decrescente;C�u Claro;M�ltipla;"Reta;Declive";Sim;2;0;1;0;1;0;1;2;-19,98384818;-44,16540281;SPRF-MG;DEL01-MG;UOP03-DEL01-MG;;;
667383;15/03/2025;s�bado;10:40:00;RJ;116;186;NOVA IGUACU;Frear bruscamente;Colis�o traseira;Com V�timas Feridas;Pleno dia;Decrescente;C�u Claro;Dupla;Reta;Sim;3;0;1;0;2;0;1;2;-22,73902566;-43,47286284;SPRF-RJ;DEL06-RJ;UOP01-DEL06-RJ;;;
667384;15/03/2025;s�bado;10:00:00;MA;226;105,2;MATOES;Rea��o tardia ou ineficiente do condutor;Colis�o traseira;Com V�timas Feridas;Pleno dia;Crescente;C�u Claro;Simples;Reta;N�o;3;0;1;0;1;3;1;5;-5,28048034;-43,63340378;SPRF-MA;DEL03-MA;UOP02-DEL03-MA;;;
667385;15/03/2025;s�bado;11:10:00;ES;262;52;SERRA;Transitar na contram�o;Colis�o frontal;Com V�timas Feridas;Pleno dia;Crescente;C�u Claro;Simples;Reta;Sim;2;0;1;0;1;0;1;2;-20,054016;-40,3800064;SPRF-ES;DEL01-ES;UOP01-DEL01-ES;;;
667392;15/03/2025;s�bado;12:20:00;MG;381;939;EXTREMA;Pedestre cruzava a pista fora da faixa;Colis�o traseira;Com V�timas Feridas;Pleno dia;Decrescente;C�u Claro;Dupla;Reta;N�o;7;0;0;2;4;1;2;5;-22,82076055;-46,29707336;SPRF-MG;DEL16-MG;UOP03-DEL16-MG;;;
667397;15/03/2025;s�bado;10:30:00;MA;135;10,2;SAO LUIS;Ultrapassagem Indevida;Colis�o lateral mesmo sentido;Com V�timas Feridas;Pleno dia;Crescente;C�u Claro;Dupla;"Reta;Declive";Sim;3;0;1;0;2;0;1;2;-2,658183;-44,286148;SPRF-MA;DEL01-MA;UOP01-DEL01-MA;;;
667398;15/03/2025;s�bado;12:12:00;BA;116;604;IRAJUBA;Acessar a via sem observar a presen�a dos outros ve�culos;Colis�o transversal;Com V�timas Feridas;Pleno dia;Decrescente;C�u Claro;Simples;Reta;Sim;2;0;0;1;0;1;1;2;-13,2735;-40,0145;SPRF-BA;DEL03-BA;UOP02-DEL03-BA;;;
667399;15/03/2025;s�bado;13:20:00;BA;242;747;CRISTOPOLIS;Acessar a via sem observar a presen�a dos outros ve�culos;Colis�o transversal;Com V�timas Fatais;Pleno dia;Decrescente;C�u Claro;Simples;"Reta;Aclive;Interse��o de Vias";Sim;3;1;0;0;1;1;0;3;-12,23382;-44,41649;SPRF-BA;DEL10-BA;UOP01-DEL10-BA;;;
667410;15/03/2025;s�bado;14:15:00;PE;424;101;BREJAO;Aus�ncia de rea��o do condutor;Colis�o transversal;Com V�timas Feridas;Pleno dia;Decrescente;C�u Claro;Simples;Reta;N�o;2;0;1;0;1;0;1;2;-8,9706617;-36,5209573;SPRF-PE;DEL03-PE;UOP01-DEL03-PE;;;
667413;15/03/2025;s�bado;14:50:00;MG;50;198;UBERABA;Condutor deixou de manter dist�ncia do ve�culo da frente;Colis�o traseira;Com V�timas Feridas;Pleno dia;Decrescente;Nublado;M�ltipla;Reta;N�o;3;0;1;0;1;2;1;4;-19,842743;-47,880839;SPRF-MG;DEL13-MG;UOP01-DEL13-MG;;;
667424;15/03/2025;s�bado;14:30:00;BA;101;148;CONCEICAO DO JACUIPE;Demais falhas mec�nicas ou el�tricas;Eventos at�picos;Com V�timas Feridas;Pleno dia;Crescente;C�u Claro;Simples;Reta;N�o;4;0;2;0;1;1;2;3;-12,354;-38,8044;SPRF-BA;DEL01-BA;UOP04-DEL01-BA;;;
667430;15/03/2025;s�bado;16:20:00;BA;116;702;JEQUIE;Velocidade Incompat�vel;Tombamento;Sem V�timas;Pleno dia;Crescente;C�u Claro;Simples;Curva;N�o;2;0;0;0;1;2;0;3;-13,8765796;-40,13425827;SPRF-BA;DEL03-BA;UOP01-DEL03-BA;;;
667441;15/03/2025;s�bado;15:15:00;SC;282;588,3;SAUDADES;Demais falhas mec�nicas ou el�tricas;Sa�da de leito carro��vel;Sem V�timas;Pleno dia;Crescente;Sol;Simples;"Aclive;Reta";N�o;2;0;0;0;1;3;0;4;-26,82631863;-53,05663915;SPRF-SC;DEL07-SC;UOP02-DEL07-SC;;;
667461;15/03/2025;s�bado;14:00:00;MT;158;522,3;NOVA NAZARE;Acostamento em desn�vel;Tombamento;Com V�timas Feridas;Pleno dia;Crescente;C�u Claro;Simples;Reta;N�o;2;0;1;0;0;2;1;3;-13,76027331;-51,85051788;SPRF-MT;DEL07-MT;UOP02-DEL07-MT;;;
667462;15/03/2025;s�bado;19:45:00;SC;101;201,8;SAO JOSE;Rea��o tardia ou ineficiente do condutor;Colis�o lateral mesmo sentido;Com V�timas Feridas;Plena Noite;Crescente;Nublado;Simples;"Interse��o de Vias;Reta";Sim;3;0;1;0;2;0;1;2;-27,553725;-48,61976;SPRF-SC;DEL01-SC;UOP01-DEL01-SC;;;
667464;15/03/2025;s�bado;16:50:00;MS;262;367;CAMPO GRANDE;Desrespeitar a prefer�ncia no cruzamento;Colis�o transversal;Com V�timas Feridas;Plena Noite;Decrescente;C�u Claro;Dupla;Reta;Sim;2;0;1;0;1;0;1;2;-20,47851175;-54,7598505;SPRF-MS;DEL01-MS;UOP03-DEL01-MS;;;