id;data_inversa;dia_semana;horario;uf;br;km;municipio;causa_acidente;tipo_acidente;classificacao_acidente;fase_dia;sentido_via;condicao_metereologica;tipo_pista;tracado_via;uso_solo;pessoas;mortos;feridos_leves;feridos_graves;ilesos;ignorados;feridos;veiculos;latitude;longitude;regional;delegacia;uop;;;
667465;15/03/2025;s�bado;17:00:00;AL;101;119;SAO MIGUEL DOS CAMPOS;Demais falhas mec�nicas ou el�tricas;Tombamento;Com V�timas Feridas;Anoitecer;Crescente;C�u Claro;Dupla;"Declive;Curva;Desvio Tempor�rio";N�o;2;0;1;0;0;1;1;2;-9,69005197;-36,03400826;SPRF-AL;DEL02-AL;UOP01-DEL02-AL;;;
667480;15/03/2025;s�bado;17:45:00;MA;135;21;SAO LUIS;Rea��o tardia ou ineficiente do condutor;Sa�da de leito carro��vel;Com V�timas Feridas;Anoitecer;Crescente;Garoa/Chuvisco;Dupla;Reta;Sim;4;0;1;1;0;4;2;5;-2,738117;-44,336582;SPRF-MA;DEL01-MA;UOP01-DEL01-MA;;;
667482;15/03/2025;s�bado;15:10:00;PR;376;374;ORTIGUEIRA;Chuva;Colis�o frontal;Com V�timas Fatais;Pleno dia;Crescente;Chuva;Simples;"Reta;Aclive";N�o;5;1;1;2;1;0;3;3;-24,3630772;-50,81042647;SPRF-PR;DEL07-PR;UOP02-DEL07-PR;;;
667486;15/03/2025;s�bado;19:30:00;PR;376;163;MARINGA;Demais falhas mec�nicas ou el�tricas;Colis�o com objeto;Com V�timas Feridas;Plena Noite;Crescente;C�u Claro;Dupla;"Reta;Aclive";N�o;6;0;0;2;3;1;2;5;-23,37439395;-52,05221046;SPRF-PR;DEL09-PR;UOP02-DEL09-PR;;;
667489;15/03/2025;s�bado;20:00:00;BA;101;344;TEOLANDIA;Ingest�o de �lcool pelo condutor;Colis�o frontal;Com V�timas Feridas;Plena Noite;Decrescente;C�u Claro;Simples;Reta;N�o;4;0;1;0;2;1;1;3;-13,58381198;-39,48091888;SPRF-BA;DEL05-BA;UOP03-DEL05-BA;;;
667493;15/03/2025;s�bado;20:20:00;RS;116;378;SENTINELA DO SUL;Acessar a via sem observar a presen�a dos outros ve�culos;Colis�o transversal;Com V�timas Fatais;Plena Noite;Decrescente;Nublado;Dupla;Reta;N�o;3;1;0;0;1;1;0;3;-30,74489711;-51,63002372;SPRF-RS;DEL02-RS;UOP02-DEL02-RS;;;
667496;15/03/2025;s�bado;20:30:00;PR;116;8,1;CAMPINA GRANDE DO SUL;Velocidade Incompat�vel;Colis�o lateral mesmo sentido;Com V�timas Feridas;Plena Noite;Crescente;Garoa/Chuvisco;Dupla;"Reta;Ponte";N�o;7;0;0;1;5;1;1;3;-25,08112675;-48,6243172;SPRF-PR;DEL01-PR;UOP02-DEL01-PR;;;
667502;15/03/2025;s�bado;19:40:00;MA;10;255;IMPERATRIZ;Ingest�o de �lcool pelo condutor;Colis�o lateral mesmo sentido;Sem V�timas;Plena Noite;Decrescente;C�u Claro;Simples;"Reta;Aclive";Sim;2;0;0;0;2;0;0;2;-5,4680283;-47,455178;SPRF-MA;DEL04-MA;UOP01-DEL04-MA;;;
667506;15/03/2025;s�bado;20:15:00;BA;101;846;VEREDA;Avarias e/ou desgaste excessivo no pneu;Inc�ndio;Sem V�timas;Plena Noite;Crescente;C�u Claro;Simples;Reta;N�o;2;0;0;0;1;1;0;2;-17,292933;-39,633872;SPRF-BA;DEL09-BA;UOP02-DEL09-BA;;;
667507;15/03/2025;s�bado;21:40:00;PR;369;493,9;CASCAVEL;Transitar na contram�o;Colis�o frontal;Com V�timas Fatais;Plena Noite;Decrescente;C�u Claro;Simples;Reta;N�o;4;2;0;0;1;1;0;3;-24,86244965;-53,33628464;SPRF-PR;DEL04-PR;UOP01-DEL04-PR;;;
667519;15/03/2025;s�bado;23:58:00;TO;153;157;ARAGUAINA;Condutor usando celular;Colis�o lateral sentido oposto;Com V�timas Fatais;Plena Noite;Crescente;C�u Claro;Simples;Reta;N�o;4;1;0;0;2;1;0;4;-7,30020125;-48,29322835;SPRF-TO;DEL02-TO;UOP01-DEL02-TO;;;
667524;16/03/2025;domingo;01:50:00;ES;101;101,9;LINHARES;Condutor Dormindo;Sa�da de leito carro��vel;Com V�timas Feridas;Plena Noite;Decrescente;C�u Claro;Simples;Declive;N�o;2;0;0;1;0;2;1;3;-18,99564529;-40,00244111;SPRF-ES;DEL04-ES;UOP01-DEL04-ES;;;
667535;16/03/2025;domingo;01:00:00;MG;116;4,5;DIVISA ALEGRE;Ingest�o de �lcool pelo condutor;Colis�o frontal;Com V�timas Fatais;Plena Noite;Decrescente;C�u Claro;Simples;Reta;N�o;5;1;0;1;1;2;1;4;-15,738262;-41,33875;SPRF-BA;DEL08-BA;UOP03-DEL08-BA;;;
667542;16/03/2025;domingo;04:25:00;SC;101;223,1;PALHOCA;Aus�ncia de rea��o do condutor;Colis�o com objeto;Sem V�timas;Plena Noite;Crescente;C�u Claro;Dupla;"Reta;Desvio Tempor�rio";N�o;2;0;0;0;2;0;0;2;-27,717;-48,648;SPRF-SC;DEL01-SC;UOP02-DEL01-SC;;;
667547;15/03/2025;s�bado;23:20:00;PR;153;121,5;IBAITI;Velocidade Incompat�vel;Capotamento;Com V�timas Fatais;Plena Noite;Crescente;C�u Claro;Simples;"Declive;Curva";N�o;1;1;0;0;0;0;0;1;-23,9359073;-50,2389312;SPRF-PR;DEL07-PR;UOP04-DEL07-PR;;;
667562;16/03/2025;domingo;06:40:00;MG;262;62,8;MATIPO;Velocidade Incompat�vel;Tombamento;Com V�timas Feridas;Pleno dia;Crescente;Nublado;Simples;"Curva;Declive";N�o;2;0;0;1;0;1;1;2;-20,296298;-42,230988;SPRF-MG;DEL06-MG;UOP03-DEL06-MG;;;
667566;16/03/2025;domingo;05:30:00;MT;174;334;CONQUISTA DOESTE;Animais na Pista;Atropelamento de Animal;Com V�timas Feridas;Amanhecer;Decrescente;C�u Claro;Simples;Reta;N�o;3;0;1;0;2;0;1;2;-14,8494542;-59,3065455;SPRF-MT;DEL04-MT;UOP01-DEL04-MT;;;
667567;16/03/2025;domingo;07:32:00;GO;40;48,8;LUZIANIA;Acostamento em desn�vel;Sa�da de leito carro��vel;Sem V�timas;Pleno dia;Decrescente;C�u Claro;Simples;Declive;N�o;2;0;0;0;1;2;0;3;-16,432392;-47,815518;SPRF-DF;DEL01-DF;UOP02-DEL01-DF;;;
667585;16/03/2025;domingo;10:17:00;CE;304;54,9;ARACATI;Ultrapassagem Indevida;Colis�o traseira;Com V�timas Feridas;Pleno dia;Decrescente;Chuva;Dupla;Reta;Sim;3;0;1;0;1;1;1;3;-4,5790708;-37,7310664;SPRF-CE;DEL03-CE;UOP02-DEL03-CE;;;
667589;16/03/2025;domingo;07:30:00;MG;365;861;GURINHATA;Mal s�bito do condutor;Colis�o traseira;Com V�timas Feridas;Pleno dia;Decrescente;C�u Claro;Simples;"Reta;Declive";N�o;4;0;1;0;1;2;1;4;-18,92930514;-49,84417677;SPRF-MG;DEL15-MG;UOP03-DEL15-MG;;;
667595;16/03/2025;domingo;11:00:00;MG;381;338;NOVA ERA;Transitar na contram�o;Colis�o lateral sentido oposto;Com V�timas Feridas;Pleno dia;Decrescente;C�u Claro;Simples;"Declive;Curva";N�o;4;0;0;1;2;1;1;3;-19,795005;-43,053016;SPRF-MG;DEL03-MG;UOP01-DEL03-MG;;;
667599;16/03/2025;domingo;07:25:00;MG;251;273;SALINAS;Demais falhas mec�nicas ou el�tricas;Inc�ndio;Sem V�timas;Pleno dia;Decrescente;C�u Claro;Simples;Reta;N�o;2;0;0;0;1;1;0;2;-15,99702943;-41,99322224;SPRF-MG;DEL12-MG;UOP02-DEL12-MG;;;
667604;16/03/2025;domingo;07:30:00;MG;381;630;OLIVEIRA;Aus�ncia de rea��o do condutor;Sa�da de leito carro��vel;Com V�timas Feridas;Pleno dia;Decrescente;Nublado;Dupla;"Curva;Declive";N�o;2;0;1;0;0;1;1;2;-20,829278;-44,812463;SPRF-MG;DEL04-MG;UOP01-DEL04-MG;;;
667609;16/03/2025;domingo;10:40:00;ES;262;151,5;IBATIBA;Problema com o freio;Tombamento;Com V�timas Feridas;Pleno dia;Crescente;C�u Claro;Simples;"Declive;Curva";N�o;2;0;1;0;0;1;1;2;-20,215034;-41,449425;SPRF-ES;DEL01-ES;UOP02-DEL01-ES;;;
667621;16/03/2025;domingo;14:15:00;GO;50;213,4;CAMPO ALEGRE DE GOIAS;Condutor Dormindo;Sa�da de leito carro��vel;Com V�timas Feridas;Pleno dia;Decrescente;C�u Claro;Dupla;Curva;N�o;1;0;1;0;0;0;1;1;-17,71286326;-47,7196312;SPRF-GO;DEL06-GO;UOP01-DEL06-GO;;;
667627;16/03/2025;domingo;14:00:00;PR;277;43;MORRETES;Manobra de mudan�a de faixa;Colis�o traseira;Com V�timas Feridas;Pleno dia;Decrescente;Nublado;Dupla;"Curva;Declive";N�o;4;0;2;0;1;1;2;3;-25,59247618;-48,88846613;SPRF-PR;DEL01-PR;UOP05-DEL01-PR;;;
667633;16/03/2025;domingo;11:00:00;BA;349;1012;CORRENTINA;Rea��o tardia ou ineficiente do condutor;Tombamento;Sem V�timas;Pleno dia;Decrescente;C�u Claro;Simples;Curva;N�o;1;0;0;0;1;0;0;1;-13,61631868;-45,27550238;SPRF-BA;DEL10-BA;UOP02-DEL10-BA;;;
667645;20/02/2025;quinta-feira;08:00:00;MT;364;270,9;JACIARA;Rea��o tardia ou ineficiente do condutor;Colis�o lateral mesmo sentido;Com V�timas Feridas;Pleno dia;Decrescente;C�u Claro;Dupla;Reta;Sim;5;0;2;0;2;8;2;11;-15,9689785;-54,94463002;SPRF-MT;DEL05-MT;UOP02-DEL05-MT;;;
667646;16/03/2025;domingo;16:15:00;SC;282;53;AGUAS MORNAS;Convers�o proibida;Colis�o transversal;Com V�timas Feridas;Pleno dia;Decrescente;Nublado;Simples;Reta;N�o;2;0;1;0;1;0;1;2;-27,68757352;-48,9708066;SPRF-SC;DEL01-SC;UOP03-DEL01-SC;;;
667647;16/03/2025;domingo;14:35:00;PR;153;119,5;IBAITI;Velocidade Incompat�vel;Tombamento;Com V�timas Feridas;Pleno dia;Crescente;C�u Claro;Simples;Curva;N�o;2;0;1;0;0;1;1;2;-23,91915782;-50,23296833;SPRF-PR;DEL07-PR;UOP04-DEL07-PR;;;
667651;16/03/2025;domingo;15:15:00;MT;364;267,4;JACIARA;Ingest�o de �lcool pelo condutor;Colis�o traseira;Com V�timas Feridas;Pleno dia;Crescente;Nublado;Dupla;Reta;N�o;4;0;2;0;1;1;2;3;-15,98398468;-54,92987221;SPRF-MT;DEL02-MT;UOP01-DEL02-MT;;;
667654;16/03/2025;domingo;13:20:00;SC;470;241,7;CURITIBANOS;Condutor Dormindo;Colis�o frontal;Com V�timas Feridas;Pleno dia;Decrescente;C�u Claro;Simples;"Reta;Declive";N�o;4;0;1;1;2;0;2;3;-27,31458138;-50,50468147;SPRF-SC;DEL05-SC;UOP03-DEL05-SC;;;
667656;16/03/2025;domingo;16:50:00;RN;110;45;MOSSORO;Condutor deixou de manter dist�ncia do ve�culo da frente;Colis�o traseira;Com V�timas Feridas;Anoitecer;Decrescente;C�u Claro;Simples;Reta;Sim;3;0;1;0;1;2;1;4;-5,19377704;-37,31267279;SPRF-RN;DEL04-RN;UOP01-DEL04-RN;;;
667661;16/03/2025;domingo;16:15:00;SC;470;127,7;LONTRAS;Mal s�bito do condutor;Sa�da de leito carro��vel;Com V�timas Feridas;Pleno dia;Decrescente;Nublado;Simples;"Declive;Curva";N�o;2;0;1;0;0;1;1;2;-27,14390749;-49,54891551;SPRF-SC;DEL04-SC;UOP02-DEL04-SC;;;
667673;16/03/2025;domingo;16:40:00;MT;163;102;POXOREU;Acessar a via sem observar a presen�a dos outros ve�culos;Colis�o lateral mesmo sentido;Sem V�timas;Pleno dia;Crescente;Nublado;Dupla;Reta;N�o;2;0;0;0;1;1;0;2;-16,2815;-54,3808;SPRF-MT;DEL02-MT;UOP03-DEL02-MT;;;
667686;16/03/2025;domingo;15:55:00;MG;262;100,9;ABRE CAMPO;Transitar na contram�o;Colis�o lateral sentido oposto;Com V�timas Feridas;Pleno dia;Crescente;C�u Claro;Simples;"Reta;Declive";N�o;5;0;2;1;1;1;3;4;-20,28977655;-42,52243066;SPRF-MG;DEL03-MG;UOP03-DEL03-MG;;;
667695;16/03/2025;domingo;20:00:00;RS;116;530,1;CAPAO DO LEAO;Aus�ncia de rea��o do condutor;Colis�o transversal;Com V�timas Feridas;Plena Noite;Crescente;C�u Claro;Simples;Interse��o de Vias;Sim;2;0;0;1;1;0;1;2;-31,76020017;-52,43825544;SPRF-RS;DEL07-RS;UOP01-DEL07-RS;;;
667702;16/03/2025;domingo;20:30:00;PA;230;118;MARABA;Rea��o tardia ou ineficiente do condutor;Colis�o com objeto;Sem V�timas;Plena Noite;Crescente;Nublado;Dupla;"Reta;Ponte";N�o;1;0;0;0;1;0;0;1;-5,35037348;-49,10905838;SPRF-PA;DEL03-PA;UOP01-DEL03-PA;;;
667707;16/03/2025;domingo;20:10:00;TO;153;799,3;TALISMA;Rea��o tardia ou ineficiente do condutor;Colis�o traseira;Com V�timas Fatais;Plena Noite;Crescente;C�u Claro;Simples;Reta;N�o;2;1;0;0;0;1;0;2;-12,81050615;-49,09715635;SPRF-TO;DEL01-TO;UOP02-DEL01-TO;;;
667708;16/03/2025;domingo;20:00:00;ES;101;286;CARIACICA;Acessar a via sem observar a presen�a dos outros ve�culos;Colis�o traseira;Com V�timas Fatais;Plena Noite;Decrescente;C�u Claro;Dupla;"Curva;Declive";N�o;3;1;0;0;1;1;0;3;-20,259985;-40,377721;SPRF-ES;DEL01-ES;UOP01-DEL01-ES;;;
667711;16/03/2025;domingo;21:30:00;MG;251;472,5;MONTES CLAROS;Velocidade Incompat�vel;Colis�o com objeto;Com V�timas Feridas;Plena Noite;Crescente;C�u Claro;Simples;"Curva;Declive";N�o;1;0;1;0;0;0;1;1;-16,6537054;-43,7179567;SPRF-MG;DEL12-MG;UOP01-DEL12-MG;;;
667720;16/03/2025;domingo;18:40:00;CE;116;364;ICO;Avarias e/ou desgaste excessivo no pneu;Inc�ndio;Sem V�timas;Plena Noite;Decrescente;C�u Claro;Simples;Reta;N�o;2;0;0;0;1;1;0;2;-6,34123;-38,765753;SPRF-CE;DEL05-CE;UOP01-DEL05-CE;;;
667722;16/03/2025;domingo;22:30:00;BA;324;531;FEIRA DE SANTANA;Pedestre andava na pista;Atropelamento de Pedestre;Com V�timas Fatais;Plena Noite;Crescente;C�u Claro;Dupla;"Reta;Declive";N�o;2;1;0;0;0;1;0;2;-12,3461017;-38,83876;SPRF-BA;DEL01-BA;UOP03-DEL01-BA;;;
667736;17/03/2025;segunda-feira;00:05:00;ES;101;269;SERRA;Aus�ncia de rea��o do condutor;Colis�o transversal;Com V�timas Feridas;Plena Noite;Crescente;Nublado;Dupla;Interse��o de Vias;N�o;4;0;0;1;1;2;1;4;-20,221995;-40,27005167;SPRF-ES;DEL02-ES;UOP01-DEL02-ES;;;
667738;16/03/2025;domingo;19:00:00;PB;230;210;SOLEDADE;Aus�ncia de rea��o do condutor;Colis�o lateral sentido oposto;Sem V�timas;Plena Noite;Crescente;C�u Claro;Simples;Reta;N�o;2;0;0;0;2;0;0;2;-7,04229036;-36,40285492;SPRF-PB;DEL02-PB;UOP02-DEL02-PB;;;
667742;17/03/2025;segunda-feira;00:40:00;RJ;116;305;RESENDE;Condutor Dormindo;Colis�o traseira;Com V�timas Feridas;Plena Noite;Decrescente;Chuva;Dupla;Reta;N�o;3;0;1;0;1;1;1;3;-22,45558433;-44,39160693;SPRF-RJ;DEL07-RJ;UOP02-DEL07-RJ;;;
667748;16/03/2025;domingo;23:30:00;MT;163;774;SORRISO;Ingest�o de �lcool pelo condutor;Eventos at�picos;Sem V�timas;Plena Noite;Decrescente;Nublado;Simples;Reta;N�o;2;0;0;0;1;3;0;4;-12,3845082;-55,6128111;SPRF-MT;DEL06-MT;UOP02-DEL06-MT;;;
667750;17/03/2025;segunda-feira;01:00:00;RO;364;344,5;JI-PARANA;Condutor desrespeitou a ilumina��o vermelha do sem�foro;Colis�o transversal;Com V�timas Feridas;Plena Noite;Decrescente;C�u Claro;Dupla;Reta;Sim;4;0;1;0;1;4;1;6;-10,870398;-61,957768;SPRF-RO;DEL02-RO;UOP01-DEL02-RO;;;
667753;17/03/2025;segunda-feira;01:15:00;MG;381;704,2;LAVRAS;Condutor Dormindo;Colis�o com objeto;Com V�timas Feridas;Plena Noite;Crescente;Chuva;Dupla;Curva;N�o;2;0;1;0;0;1;1;2;-21,310996;-45,163022;SPRF-MG;DEL04-MG;UOP02-DEL04-MG;;;
667765;16/03/2025;domingo;21:50:00;SC;470;317,7;CAMPOS NOVOS;Ingest�o de �lcool pelo condutor;Colis�o frontal;Sem V�timas;Plena Noite;Decrescente;C�u Claro;Simples;Reta;Sim;2;0;0;0;1;1;0;2;-27,40825221;-51,2128973;SPRF-SC;DEL07-SC;UOP06-DEL07-SC;;;
667772;17/03/2025;segunda-feira;00:00:00;BA;116;312;ARACI;Demais falhas na via;Sa�da de leito carro��vel;Com V�timas Feridas;Plena Noite;Crescente;C�u Claro;Simples;Reta;N�o;1;0;1;0;0;0;1;1;-11,26653623;-38,91848467;SPRF-BA;DEL02-BA;UOP01-DEL02-BA;;;
667775;17/03/2025;segunda-feira;07:30:00;SP;116;217;GUARULHOS;Trafegar com motocicleta (ou similar) entre as faixas;Colis�o traseira;Com V�timas Feridas;Pleno dia;Crescente;C�u Claro;Dupla;"Em Obras;Reta";N�o;3;0;1;0;2;0;1;3;-23,45368573;-46,47074866;SPRF-SP;DEL01-SP;UOP01-DEL01-SP;;;
667776;17/03/2025;segunda-feira;06:50:00;RS;470;220;BENTO GONCALVES;Acessar a via sem observar a presen�a dos outros ve�culos;Colis�o transversal;Com V�timas Feridas;Pleno dia;Crescente;C�u Claro;Dupla;Reta;N�o;3;0;0;1;2;0;1;2;-29,19810053;-51,51839018;SPRF-RS;DEL06-RS;UOP01-DEL06-RS;;;
667777;17/03/2025;segunda-feira;06:30:00;SC;282;457;PONTE SERRADA;Rea��o tardia ou ineficiente do condutor;Colis�o lateral sentido oposto;Com V�timas Feridas;Pleno dia;Crescente;C�u Claro;Simples;Curva;N�o;3;0;0;1;2;0;1;2;-26,8718788;-52,0165876;SPRF-SC;DEL07-SC;UOP04-DEL07-SC;;;
667799;17/03/2025;segunda-feira;08:35:00;BA;324;608,3;SIMOES FILHO;Aus�ncia de rea��o do condutor;Colis�o traseira;Com V�timas Feridas;Pleno dia;Crescente;C�u Claro;Dupla;"Reta;Declive";N�o;2;0;1;0;1;0;1;2;-12,825378;-38,409915;SPRF-BA;DEL01-BA;UOP01-DEL01-BA;;;
667807;17/03/2025;segunda-feira;08:50:00;PR;376;108;PARANAVAI;Desrespeitar a prefer�ncia no cruzamento;Colis�o transversal;Com V�timas Feridas;Pleno dia;Decrescente;C�u Claro;Simples;Interse��o de Vias;Sim;3;0;0;2;1;0;2;2;-23,06839486;-52,4250412;SPRF-PR;DEL09-PR;UOP02-DEL09-PR;;;
667809;17/03/2025;segunda-feira;09:50:00;RJ;116;285;BARRA MANSA;Chuva;Engavetamento;Com V�timas Feridas;Pleno dia;Crescente;Chuva;Dupla;"Declive;Curva";N�o;10;0;3;0;7;0;3;8;-22,50937169;-44,21906948;SPRF-RJ;DEL07-RJ;UOP02-DEL07-RJ;;;
667813;17/03/2025;segunda-feira;08:00:00;MT;163;104,3;RONDONOPOLIS;Aus�ncia de rea��o do condutor;Sa�da de leito carro��vel;Com V�timas Feridas;Pleno dia;Decrescente;Sol;Dupla;Reta;N�o;2;0;1;0;0;1;1;2;-16,616143;-54,700408;SPRF-MT;DEL02-MT;UOP03-DEL02-MT;;;
667819;17/03/2025;segunda-feira;10:00:00;PR;116;125;FAZENDA RIO GRANDE;Manobra de mudan�a de faixa;Colis�o lateral mesmo sentido;Com V�timas Feridas;Plena Noite;Crescente;Nublado;Dupla;"Reta;Aclive";Sim;3;0;1;0;1;1;1;2;-25,6317627;-49,3135288;SPRF-PR;DEL01-PR;UOP03-DEL01-PR;;;
667824;17/03/2025;segunda-feira;11:00:00;SC;282;20,4;PALHOCA;Rea��o tardia ou ineficiente do condutor;Colis�o traseira;Sem V�timas;Pleno dia;Crescente;Sol;Simples;Reta;Sim;5;0;0;0;5;0;0;2;-27,68591703;-48,7126475;SPRF-SC;DEL01-SC;UOP02-DEL01-SC;;;
667829;17/03/2025;segunda-feira;11:10:00;SP;116;74,4;APARECIDA;Mal s�bito do condutor;Colis�o transversal;Com V�timas Feridas;Pleno dia;Decrescente;Nublado;Dupla;"Reta;Declive";Sim;3;0;1;0;1;1;1;3;-22,8582237;-45,2331936;SPRF-SP;DEL08-SP;UOP01-DEL08-SP;;;
667830;17/03/2025;segunda-feira;10:40:00;RJ;40;60,9;PETROPOLIS;Acumulo de �gua sobre o pavimento;Colis�o com objeto;Sem V�timas;Pleno dia;Crescente;Chuva;Dupla;"Curva;Aclive";N�o;1;0;0;0;1;0;0;1;-22,402563;-43,137981;SPRF-RJ;DEL05-RJ;UOP02-DEL05-RJ;;;
667831;17/03/2025;segunda-feira;11:14:00;MG;381;859;POUSO ALEGRE;Aus�ncia de rea��o do condutor;Sa�da de leito carro��vel;Com V�timas Feridas;Pleno dia;Crescente;Sol;Dupla;Reta;N�o;4;0;1;1;1;1;2;3;-22,265856;-46,0029952;SPRF-MG;DEL16-MG;UOP01-DEL16-MG;;;
667834;17/03/2025;segunda-feira;09:50:00;SC;470;91;ASCURRA;Demais falhas mec�nicas ou el�tricas;Tombamento;Sem V�timas;Pleno dia;Decrescente;Nublado;Simples;Curva;N�o;2;0;0;0;1;1;0;2;-26,97112366;-49,36699033;SPRF-SC;DEL04-SC;UOP01-DEL04-SC;;;
667838;17/03/2025;segunda-feira;12:00:00;PR;116;38;CAMPINA GRANDE DO SUL;Acessar a via sem observar a presen�a dos outros ve�culos;Colis�o lateral mesmo sentido;Sem V�timas;Pleno dia;Decrescente;C�u Claro;Dupla;"Curva;Aclive";N�o;3;0;0;0;2;1;0;3;-25,154;-48,86;SPRF-PR;DEL01-PR;UOP02-DEL01-PR;;;
667845;17/03/2025;segunda-feira;12:15:00;MG;267;47;MARIPA DE MINAS;Acessar a via sem observar a presen�a dos outros ve�culos;Colis�o transversal;Com V�timas Feridas;Pleno dia;Decrescente;Garoa/Chuvisco;Simples;Reta;Sim;3;0;0;1;1;1;1;3;-21,69554855;-42,9699629;SPRF-MG;DEL07-MG;UOP01-DEL07-MG;;;
667848;17/03/2025;segunda-feira;13:30:00;SC;101;221;PALHOCA;Condutor deixou de manter dist�ncia do ve�culo da frente;Colis�o traseira;Sem V�timas;Pleno dia;Decrescente;C�u Claro;Dupla;Reta;N�o;5;0;0;0;5;0;0;5;-27,70514295;-48,65810025;SPRF-SC;DEL01-SC;UOP02-DEL01-SC;;;
667851;17/03/2025;segunda-feira;11:30:00;RJ;101;386;ITAGUAI;Animais na Pista;Colis�o traseira;Com V�timas Feridas;Pleno dia;Crescente;Nublado;Dupla;"Interse��o de Vias;Reta";Sim;5;0;1;0;4;0;1;3;-22,85890057;-43,75937633;SPRF-RJ;DEL03-RJ;UOP01-DEL03-RJ;;;
667853;13/03/2025;quinta-feira;09:55:00;RJ;493;7;ITABORAI;Aus�ncia de rea��o do condutor;Colis�o traseira;Com V�timas Feridas;Pleno dia;Crescente;Sol;Simples;"Reta;Aclive";N�o;3;0;1;0;1;2;1;4;-22,714104;-42,953145;SPRF-RJ;DEL02-RJ;UOP02-DEL02-RJ;;;
667854;17/03/2025;segunda-feira;10:52:00;RJ;116;180;NOVA IGUACU;Mal s�bito do condutor;Colis�o lateral mesmo sentido;Sem V�timas;Pleno dia;Crescente;Chuva;M�ltipla;Reta;Sim;3;0;0;0;3;0;0;3;-22,76355471;-43,41915563;SPRF-RJ;DEL06-RJ;UOP01-DEL06-RJ;;;
667861;17/03/2025;segunda-feira;03:30:00;PA;163;150;ALTAMIRA;Pista esburacada;Tombamento;Sem V�timas;Plena Noite;Decrescente;C�u Claro;Simples;Reta;N�o;2;0;0;0;1;3;0;4;-8,37947113;-55,09374797;SPRF-PA;DEL05-PA;UOP03-DEL05-PA;;;
667862;17/03/2025;segunda-feira;11:00:00;SC;282;68,5;RANCHO QUEIMADO;Problema com o freio;Tombamento;Com V�timas Feridas;Pleno dia;Decrescente;C�u Claro;Simples;"Declive;Curva";N�o;5;0;4;1;0;0;5;1;-27,693467;-49,080683;SPRF-SC;DEL01-SC;UOP03-DEL01-SC;;;
667868;17/03/2025;segunda-feira;13:45:00;RS;153;2;CACHOEIRA DO SUL;Acessar a via sem observar a presen�a dos outros ve�culos;Colis�o transversal;Com V�timas Feridas;Pleno dia;Crescente;C�u Claro;Simples;Aclive;N�o;3;0;0;1;1;1;1;3;-30,02310412;-52,90419102;SPRF-RS;DEL02-RS;UOP03-DEL02-RS;;;
667870;17/03/2025;segunda-feira;13:50:00;MG;262;602;CAMPOS ALTOS;Condutor Dormindo;Sa�da de leito carro��vel;Com V�timas Feridas;Pleno dia;Decrescente;Nublado;Simples;Reta;N�o;2;0;1;0;0;1;1;2;-19,64590178;-46,24335408;SPRF-MG;DEL08-MG;UOP02-DEL08-MG;;;
667872;17/03/2025;segunda-feira;15:10:00;MG;381;451;SABARA;Mal s�bito do condutor;Colis�o frontal;Com V�timas Feridas;Pleno dia;Crescente;C�u Claro;Simples;Reta;Sim;5;0;2;1;1;1;3;3;-19,83143022;-43,84497643;SPRF-MG;DEL01-MG;UOP01-DEL01-MG;;;
667874;17/03/2025;segunda-feira;13:15:00;SC;153;58;IRANI;Desrespeitar a prefer�ncia no cruzamento;Colis�o transversal;Com V�timas Feridas;Pleno dia;Decrescente;C�u Claro;Simples;Interse��o de Vias;N�o;4;0;1;0;2;2;1;4;-26,969629;-51,854066;SPRF-SC;DEL07-SC;UOP07-DEL07-SC;;;
667876;17/03/2025;segunda-feira;15:10:00;SP;381;65;MAIRIPORA;Problema com o freio;Atropelamento de Pedestre;Com V�timas Fatais;Pleno dia;Crescente;Nublado;Dupla;Reta;Sim;5;1;1;0;2;1;1;5;-23,31001115;-46,58099592;SPRF-SP;DEL03-SP;UOP01-DEL03-SP;;;
667877;17/03/2025;segunda-feira;14:40:00;SC;101;221;PALHOCA;Rea��o tardia ou ineficiente do condutor;Colis�o lateral mesmo sentido;Com V�timas Feridas;Pleno dia;Decrescente;C�u Claro;Dupla;Reta;N�o;2;0;1;0;0;1;1;2;-27,6992758;-48,66064483;SPRF-SC;DEL01-SC;UOP02-DEL01-SC;;;
667879;17/03/2025;segunda-feira;15:10:00;PR;277;330,8;GUARAPUAVA;Ingest�o de �lcool pelo condutor;Colis�o transversal;Sem V�timas;Pleno dia;Decrescente;C�u Claro;Simples;"Curva;Aclive";N�o;3;0;0;0;2;2;0;4;-25,35260259;-51,36588203;SPRF-PR;DEL08-PR;UOP01-DEL08-PR;;;
667881;17/03/2025;segunda-feira;15:45:00;CE;222;296;TIANGUA;Condutor Dormindo;Colis�o traseira;Com V�timas Feridas;Pleno dia;Crescente;Nublado;Simples;Reta;N�o;4;0;0;2;1;1;2;3;-3,6825626;-40,9782368;SPRF-CE;DEL04-CE;UOP02-DEL04-CE;;;
667885;17/03/2025;segunda-feira;13:50:00;MG;40;558;NOVA LIMA;Condutor Dormindo;Colis�o com objeto;Com V�timas Feridas;Pleno dia;Crescente;Nublado;Dupla;"Aclive;Curva";Sim;1;0;1;0;0;0;1;1;-20,08183;-43,979049;SPRF-MG;DEL01-MG;UOP02-DEL01-MG;;;