id;data_inversa;dia_semana;horario;uf;br;km;municipio;causa_acidente;tipo_acidente;classificacao_acidente;fase_dia;sentido_via;condicao_metereologica;tipo_pista;tracado_via;uso_solo;pessoas;mortos;feridos_leves;feridos_graves;ilesos;ignorados;feridos;veiculos;latitude;longitude;regional;delegacia;uop;;;
667892;17/03/2025;segunda-feira;15:00:00;SC;101;138,4;BALNEARIO CAMBORIU;Rea��o tardia ou ineficiente do condutor;Colis�o transversal;Com V�timas Fatais;Pleno dia;Crescente;C�u Claro;Simples;Reta;Sim;3;1;0;0;1;1;0;3;-27,026271;-48,606709;SPRF-SC;DEL04-SC;UOP03-DEL04-SC;;;
667895;17/03/2025;segunda-feira;17:00:00;RS;290;309;CACHOEIRA DO SUL;Velocidade Incompat�vel;Colis�o lateral sentido oposto;Com V�timas Feridas;Pleno dia;Crescente;C�u Claro;Simples;Curva;N�o;19;0;15;0;3;1;15;4;-30,332354;-53,295268;SPRF-RS;DEL09-RS;UOP02-DEL09-RS;;;
667899;17/03/2025;segunda-feira;17:00:00;RJ;465;14;SEROPEDICA;Ultrapassagem Indevida;Colis�o lateral mesmo sentido;Com V�timas Feridas;Anoitecer;Crescente;Nublado;Simples;Reta;N�o;3;0;1;0;2;0;1;2;-22,8024177;-43,64219958;SPRF-RJ;DEL06-RJ;UOP02-DEL06-RJ;;;
667900;17/03/2025;segunda-feira;17:30:00;SP;116;134,6;SAO JOSE DOS CAMPOS;Manobra de mudan�a de faixa;Colis�o traseira;Com V�timas Feridas;Pleno dia;Crescente;C�u Claro;Dupla;Reta;N�o;4;0;2;0;1;1;2;3;-23,13997792;-45,76158192;SPRF-SP;DEL02-SP;UOP01-DEL02-SP;;;
667902;17/03/2025;segunda-feira;18:00:00;MG;262;552,2;LUZ;Velocidade Incompat�vel;Tombamento;Com V�timas Fatais;Pleno dia;Decrescente;Nublado;Simples;"Declive;Curva";N�o;1;1;0;0;0;0;0;1;-19,72043203;-45,87743975;SPRF-MG;DEL08-MG;UOP02-DEL08-MG;;;
667909;17/03/2025;segunda-feira;16:40:00;ES;101;269;SERRA;Rea��o tardia ou ineficiente do condutor;Colis�o traseira;Com V�timas Feridas;Pleno dia;Decrescente;Nublado;M�ltipla;Reta;Sim;2;0;0;1;1;0;1;2;-20,22333269;-40,27030941;SPRF-ES;DEL02-ES;UOP01-DEL02-ES;;;
667911;17/03/2025;segunda-feira;17:00:00;MT;163;813,5;SINOP;Ilumina��o deficiente;Colis�o lateral mesmo sentido;Com V�timas Feridas;Pleno dia;Decrescente;C�u Claro;Simples;Reta;N�o;3;0;1;0;1;2;1;4;-12,05286649;-55,51737422;SPRF-MT;DEL06-MT;UOP02-DEL06-MT;;;
667912;13/01/2025;segunda-feira;05:37:00;ES;101;321,7;GUARAPARI;Aus�ncia de rea��o do condutor;Colis�o traseira;Com V�timas Feridas;Amanhecer;Decrescente;Chuva;Dupla;"Declive;Reta";N�o;10;0;9;0;1;0;9;2;-20,52517057;-40,48003793;SPRF-ES;DEL03-ES;UOP01-DEL03-ES;;;
667920;17/03/2025;segunda-feira;15:00:00;PI;135;358;ALVORADA DO GURGUEIA;Rea��o tardia ou ineficiente do condutor;Colis�o traseira;Com V�timas Feridas;Pleno dia;Crescente;C�u Claro;Simples;Reta;Sim;3;0;1;0;2;0;1;3;-8,435335;-43,880823;SPRF-PI;DEL03-PI;UOP02-DEL03-PI;;;
667922;17/03/2025;segunda-feira;19:15:00;RS;290;151;ARROIO DOS RATOS;Acessar a via sem observar a presen�a dos outros ve�culos;Colis�o transversal;Com V�timas Feridas;Plena Noite;Crescente;C�u Claro;Simples;Reta;Sim;3;0;0;1;1;1;1;3;-30,104751;-51,727152;SPRF-RS;DEL02-RS;UOP01-DEL02-RS;;;
667929;17/03/2025;segunda-feira;18:30:00;RS;287;355;JAGUARI;Velocidade Incompat�vel;Sa�da de leito carro��vel;Com V�timas Feridas;Anoitecer;Crescente;C�u Claro;Simples;"Curva;Declive";N�o;2;0;1;0;0;2;1;3;-29,47893015;-54,68556766;SPRF-RS;DEL12-RS;UOP02-DEL12-RS;;;
667933;17/03/2025;segunda-feira;14:00:00;BA;101;166;FEIRA DE SANTANA;Demais falhas mec�nicas ou el�tricas;Colis�o frontal;Com V�timas Feridas;Pleno dia;Crescente;C�u Claro;Simples;Reta;N�o;3;0;1;0;2;0;1;3;-12,36016643;-38,82516861;SPRF-BA;DEL01-BA;UOP03-DEL01-BA;;;
667936;17/03/2025;segunda-feira;17:30:00;ES;101;443,3;MIMOSO DO SUL;Condutor usando celular;Sa�da de leito carro��vel;Com V�timas Feridas;Anoitecer;Crescente;Chuva;Simples;Curva;N�o;2;0;2;0;0;0;2;1;-21,100705;-41,254395;SPRF-ES;DEL03-ES;UOP02-DEL03-ES;;;
667938;17/03/2025;segunda-feira;19:00:00;SC;282;574,6;PINHALZINHO;Ultrapassagem Indevida;Colis�o frontal;Com V�timas Feridas;Anoitecer;Decrescente;C�u Claro;Simples;Reta;N�o;3;0;1;0;2;0;1;3;-26,87288956;-52,95665503;SPRF-SC;DEL07-SC;UOP02-DEL07-SC;;;
667944;17/03/2025;segunda-feira;21:30:00;PR;476;198;LAPA;Rea��o tardia ou ineficiente do condutor;Colis�o traseira;Sem V�timas;Plena Noite;Crescente;C�u Claro;Simples;Reta;N�o;2;0;0;0;2;0;0;2;-25,76298063;-49,73680183;SPRF-PR;DEL01-PR;UOP06-DEL01-PR;;;
667945;17/03/2025;segunda-feira;22:15:00;DF;20;5;BRASILIA;Aus�ncia de rea��o do condutor;Sa�da de leito carro��vel;Com V�timas Feridas;Plena Noite;Decrescente;C�u Claro;Dupla;Reta;Sim;1;0;1;0;0;0;1;1;-15,6628407;-47,8049954;SPRF-DF;DEL02-DF;UOP01-DEL02-DF;;;
667947;17/03/2025;segunda-feira;19:45:00;MG;116;535,5;CARATINGA;Aus�ncia de rea��o do condutor;Colis�o frontal;Com V�timas Feridas;Plena Noite;Decrescente;Nublado;Simples;Reta;N�o;4;0;2;0;0;3;2;5;-19,7558272;-42,1298176;SPRF-MG;DEL06-MG;UOP02-DEL06-MG;;;
667955;17/03/2025;segunda-feira;23:45:00;MG;365;433;PATOS DE MINAS;Chuva;Tombamento;Com V�timas Feridas;Plena Noite;Decrescente;Chuva;Simples;"Declive;Curva";N�o;1;0;0;1;0;0;1;1;-18,7653;-46,6759;SPRF-MG;DEL10-MG;UOP01-DEL10-MG;;;
667960;18/03/2025;ter�a-feira;03:00:00;PR;376;675;GUARATUBA;Demais falhas mec�nicas ou el�tricas;Inc�ndio;Sem V�timas;Plena Noite;Crescente;C�u Claro;Dupla;Reta;N�o;2;0;0;0;1;2;0;3;-25,91043763;-48,92043807;SPRF-PR;DEL01-PR;UOP04-DEL01-PR;;;
667965;18/03/2025;ter�a-feira;05:45:00;SP;116;126;CACAPAVA;Rea��o tardia ou ineficiente do condutor;Colis�o traseira;Sem V�timas;Amanhecer;Crescente;C�u Claro;Dupla;Reta;Sim;3;0;0;0;2;1;0;3;-23,10369053;-45,69303989;SPRF-SP;DEL02-SP;UOP02-DEL02-SP;;;
667968;18/03/2025;ter�a-feira;06:35:00;PE;101;77;RECIFE;Acessar a via sem observar a presen�a dos outros ve�culos;Colis�o traseira;Com V�timas Fatais;Pleno dia;Crescente;Chuva;Dupla;"Declive;Reta";Sim;4;1;1;0;1;1;1;3;-8,1271;-34,9442;SPRF-PE;DEL01-PE;UOP01-DEL01-PE;;;
667969;17/03/2025;segunda-feira;23:55:00;GO;364;133;JATAI;Aus�ncia de rea��o do condutor;Colis�o traseira;Com V�timas Feridas;Plena Noite;Decrescente;C�u Claro;Simples;Reta;N�o;3;0;0;1;1;2;1;4;-17,9234062;-51,6899997;SPRF-GO;DEL05-GO;UOP02-DEL05-GO;;;
667972;08/03/2025;s�bado;21:00:00;PA;230;1118;ITAITUBA;Aus�ncia de rea��o do condutor;Colis�o traseira;Com V�timas Feridas;Plena Noite;Decrescente;Chuva;Simples;"Reta;Declive";N�o;3;0;1;0;1;5;1;7;-4,35698041;-55,80607483;SPRF-PA;DEL05-PA;UOP02-DEL05-PA;;;
667973;18/03/2025;ter�a-feira;06:00:00;SP;116;413;JUQUIA;Acessar a via sem observar a presen�a dos outros ve�culos;Atropelamento de Pedestre;Com V�timas Fatais;Amanhecer;Crescente;Nublado;Dupla;Reta;N�o;1;1;0;0;0;0;0;1;-24,32741023;-47,6280365;SPRF-SP;DEL05-SP;UOP01-DEL05-SP;;;
667983;18/03/2025;ter�a-feira;07:45:00;RJ;116;178;NOVA IGUACU;Aus�ncia de rea��o do condutor;Queda de ocupante de ve�culo;Com V�timas Feridas;Pleno dia;Decrescente;C�u Claro;Dupla;Reta;Sim;3;0;1;0;2;0;1;3;-22,74439;-43,449206;SPRF-RJ;DEL06-RJ;UOP01-DEL06-RJ;;;
667996;17/03/2025;segunda-feira;11:05:00;BA;116;247;QUIJINGUE;Acostamento em desn�vel;Sa�da de leito carro��vel;Com V�timas Feridas;Pleno dia;Decrescente;C�u Claro;Simples;"Reta;Aclive";N�o;2;0;1;0;0;1;1;2;-10,757235;-38,903031;SPRF-BA;DEL07-BA;UOP03-DEL07-BA;;;
667998;18/03/2025;ter�a-feira;07:00:00;PR;153;355;RIO AZUL;Aus�ncia de rea��o do condutor;Sa�da de leito carro��vel;Com V�timas Feridas;Pleno dia;Crescente;Nublado;Simples;Reta;N�o;2;0;2;0;0;0;2;1;-25,671;-50,75;SPRF-PR;DEL08-PR;UOP02-DEL08-PR;;;
667999;18/03/2025;ter�a-feira;09:20:00;RN;226;91,2;TANGARA;Transitar na contram�o;Colis�o lateral sentido oposto;Com V�timas Feridas;Pleno dia;Decrescente;C�u Claro;Simples;Reta;N�o;2;0;0;1;1;0;1;2;-6,242311;-35,853781;SPRF-RN;DEL03-RN;UOP02-DEL03-RN;;;
668000;18/03/2025;ter�a-feira;09:40:00;PR;277;644,1;CEU AZUL;Aus�ncia de rea��o do condutor;Colis�o traseira;Com V�timas Feridas;Pleno dia;Crescente;C�u Claro;Simples;Reta;N�o;2;0;1;0;1;0;1;2;-25,17476167;-53,91369754;SPRF-PR;DEL05-PR;UOP02-DEL05-PR;;;
668002;18/03/2025;ter�a-feira;09:50:00;SE;101;155;ESTANCIA;Mal s�bito do condutor;Colis�o frontal;Com V�timas Fatais;Pleno dia;Decrescente;Garoa/Chuvisco;Simples;Curva;N�o;4;1;0;0;1;3;0;5;-11,28797167;-37,46761833;SPRF-SE;DEL02-SE;UOP01-DEL02-SE;;;
668005;18/03/2025;ter�a-feira;05:30:00;MG;381;211,3;NAQUE;Aus�ncia de rea��o do condutor;Tombamento;Com V�timas Feridas;Amanhecer;Decrescente;C�u Claro;Simples;"Aclive;Curva";N�o;2;0;1;0;1;0;1;1;-19,21164322;-42,30594635;SPRF-MG;DEL06-MG;UOP01-DEL06-MG;;;
668006;18/03/2025;ter�a-feira;07:00:00;AM;174;991;PRESIDENTE FIGUEIREDO;Carga excessiva e/ou mal acondicionada;Tombamento;Com V�timas Feridas;Pleno dia;Crescente;C�u Claro;M�ltipla;"Aclive;Reta";Sim;2;0;1;0;0;1;1;2;-2,0488494;-60,0257659;SPRF-AM;DEL01-AM;UOP02-DEL01-AM;;;
668009;18/03/2025;ter�a-feira;04:00:00;PR;277;289;PRUDENTOPOLIS;Aus�ncia de rea��o do condutor;Sa�da de leito carro��vel;Com V�timas Fatais;Plena Noite;Crescente;C�u Claro;Simples;Aclive;N�o;1;1;0;0;0;0;0;1;-25,3173833;-51,0054389;SPRF-PR;DEL08-PR;UOP02-DEL08-PR;;;
668010;18/03/2025;ter�a-feira;06:45:00;MG;40;672,5;CARANDAI;Aus�ncia de rea��o do condutor;Sa�da de leito carro��vel;Com V�timas Feridas;Pleno dia;Crescente;C�u Claro;Simples;Reta;N�o;1;0;1;0;0;0;1;1;-21,03626644;-43,77371013;SPRF-MG;DEL05-MG;UOP02-DEL05-MG;;;
668011;18/03/2025;ter�a-feira;08:10:00;BA;407;26,7;JUAZEIRO;Velocidade Incompat�vel;Capotamento;Com V�timas Fatais;Pleno dia;Crescente;Sol;Simples;Reta;N�o;3;1;0;0;1;1;0;3;-9,65490785;-40,39089203;SPRF-BA;DEL04-BA;UOP01-DEL04-BA;;;
668015;18/03/2025;ter�a-feira;09:40:00;RJ;101;140;CASIMIRO DE ABREU;Aus�ncia de rea��o do condutor;Sa�da de leito carro��vel;Sem V�timas;Pleno dia;Crescente;C�u Claro;Dupla;Reta;N�o;2;0;0;0;1;1;0;2;-22,4753422;-42,1723699;SPRF-RJ;DEL08-RJ;UOP04-DEL08-RJ;;;
668033;31/01/2025;sexta-feira;23:20:00;SP;116;219;GUARULHOS;Aus�ncia de rea��o do condutor;Colis�o traseira;Com V�timas Feridas;Plena Noite;Crescente;Chuva;M�ltipla;Reta;Sim;5;0;3;0;1;1;3;3;-23,46143954;-46,48885316;SPRF-SP;DEL01-SP;UOP01-DEL01-SP;;;
668036;18/03/2025;ter�a-feira;13:45:00;SP;116;100,9;PINDAMONHANGABA;Trafegar com motocicleta (ou similar) entre as faixas;Colis�o lateral mesmo sentido;Com V�timas Feridas;Pleno dia;Decrescente;C�u Claro;M�ltipla;Reta;N�o;2;0;0;1;0;1;1;2;-22,9909008;-45,4797174;SPRF-SP;DEL08-SP;UOP01-DEL08-SP;;;
668038;18/03/2025;ter�a-feira;13:00:00;PA;10;17;DOM ELISEU;Acessar a via sem observar a presen�a dos outros ve�culos;Queda de ocupante de ve�culo;Com V�timas Feridas;Pleno dia;Decrescente;C�u Claro;Simples;"Interse��o de Vias;Reta";Sim;2;0;1;0;1;0;1;2;-4,299375;-47,556163;SPRF-PA;DEL02-PA;UOP02-DEL02-PA;;;
668039;18/03/2025;ter�a-feira;08:00:00;BA;116;499,3;SANTA TERESINHA;Rea��o tardia ou ineficiente do condutor;Sa�da de leito carro��vel;Com V�timas Feridas;Pleno dia;Decrescente;Chuva;Simples;"Reta;Declive";N�o;2;0;1;0;0;9;1;10;-12,603922;-39,551028;SPRF-BA;DEL02-BA;UOP01-DEL02-BA;;;
668040;18/03/2025;ter�a-feira;08:10:00;BA;116;499,3;SANTA TERESINHA;Rea��o tardia ou ineficiente do condutor;Colis�o traseira;Com V�timas Feridas;Pleno dia;Decrescente;Chuva;Simples;"Reta;Declive";N�o;4;0;1;0;2;1;1;3;-12,603922;-39,551028;SPRF-BA;DEL02-BA;UOP01-DEL02-BA;;;
668042;18/03/2025;ter�a-feira;12:30:00;MT;70;517;VARZEA GRANDE;Acessar a via sem observar a presen�a dos outros ve�culos;Colis�o transversal;Com V�timas Feridas;Pleno dia;Crescente;C�u Claro;Simples;Reta;Sim;3;0;1;1;1;0;2;2;-15,7012883;-56,1608;SPRF-MT;DEL01-MT;UOP02-DEL01-MT;;;
668060;18/03/2025;ter�a-feira;14:20:00;MG;381;446,3;SANTA LUZIA;Ultrapassagem Indevida;Colis�o frontal;Com V�timas Fatais;Pleno dia;Crescente;Sol;Simples;"Aclive;Reta";N�o;2;1;0;0;1;0;0;2;-19,8179258;-43,81103039;SPRF-MG;DEL01-MG;UOP01-DEL01-MG;;;
668062;18/03/2025;ter�a-feira;10:30:00;RJ;101;405;ITAGUAI;Carga excessiva e/ou mal acondicionada;Colis�o transversal;Com V�timas Feridas;Pleno dia;Decrescente;Sol;Dupla;Reta;Sim;3;0;0;1;1;2;1;4;-22,868568;-43,804133;SPRF-RJ;DEL03-RJ;UOP01-DEL03-RJ;;;
668064;18/03/2025;ter�a-feira;16:00:00;PR;369;154,2;LONDRINA;Condutor desrespeitou a ilumina��o vermelha do sem�foro;Colis�o transversal;Com V�timas Feridas;Pleno dia;Decrescente;C�u Claro;Dupla;"Retorno Regulamentado;Reta;Interse��o de Vias";Sim;2;0;0;1;1;0;1;2;-23,297;-51,202;SPRF-PR;DEL07-PR;UOP01-DEL07-PR;;;
668065;18/03/2025;ter�a-feira;14:40:00;BA;116;655;JEQUIE;Avarias e/ou desgaste excessivo no pneu;Colis�o lateral sentido oposto;Com V�timas Feridas;Pleno dia;Crescente;C�u Claro;Simples;Reta;N�o;2;0;1;0;0;1;1;2;-13,7003338;-40,09580612;SPRF-BA;DEL03-BA;UOP01-DEL03-BA;;;
668070;18/03/2025;ter�a-feira;16:00:00;MS;163;662;RIO VERDE DE MATO GROSSO;Demais falhas mec�nicas ou el�tricas;Inc�ndio;Sem V�timas;Pleno dia;Crescente;C�u Claro;Simples;"Aclive;Reta";N�o;2;0;0;0;1;1;0;2;-19,18464351;-54,75165367;SPRF-MS;DEL06-MS;UOP02-DEL06-MS;;;
668071;18/03/2025;ter�a-feira;07:50:00;BA;242;554;OLIVEIRA DOS BREJINHOS;Velocidade Incompat�vel;Colis�o lateral mesmo sentido;Com V�timas Fatais;Pleno dia;Decrescente;C�u Claro;Simples;Reta;N�o;4;2;0;0;1;2;0;4;-12,17225105;-42,84334009;SPRF-BA;DEL06-BA;UOP03-DEL06-BA;;;
668077;18/03/2025;ter�a-feira;16:30:00;MG;50;170,9;UBERABA;Aus�ncia de rea��o do condutor;Colis�o traseira;Sem V�timas;Pleno dia;Decrescente;Chuva;Dupla;"Curva;Aclive";Sim;3;0;0;0;2;1;0;3;-19,74779595;-47,98298657;SPRF-MG;DEL13-MG;UOP01-DEL13-MG;;;
668078;18/03/2025;ter�a-feira;17:45:00;GO;60;382;RIO VERDE;Acumulo de �gua sobre o pavimento;Colis�o lateral mesmo sentido;Com V�timas Feridas;Anoitecer;Crescente;Chuva;Dupla;"Declive;Reta";Sim;2;0;1;0;0;1;1;2;-17,78142731;-50,8960337;SPRF-GO;DEL04-GO;UOP02-DEL04-GO;;;
668081;18/03/2025;ter�a-feira;15:30:00;MS;163;841;SONORA;Falta de acostamento;Sa�da de leito carro��vel;Com V�timas Feridas;Pleno dia;Decrescente;C�u Claro;Simples;Reta;N�o;2;0;1;0;0;2;1;3;-17,5723085;-54,74158198;SPRF-MS;DEL06-MS;UOP01-DEL06-MS;;;
668082;18/03/2025;ter�a-feira;17:20:00;MG;381;863,9;POUSO ALEGRE;Pedestre andava na pista;Atropelamento de Pedestre;Com V�timas Feridas;Anoitecer;Crescente;C�u Claro;Dupla;"Reta;Aclive";N�o;2;0;1;0;1;0;1;2;-22,383569;-45,948645;SPRF-MG;DEL16-MG;UOP01-DEL16-MG;;;
668083;18/03/2025;ter�a-feira;17:40:00;MG;40;529;CONTAGEM;Acumulo de �gua sobre o pavimento;Engavetamento;Com V�timas Feridas;Anoitecer;Decrescente;Chuva;Dupla;"Declive;Curva";Sim;4;0;2;0;1;1;2;4;-19,91308734;-44,04061675;SPRF-MG;DEL01-MG;UOP02-DEL01-MG;;;
668089;18/03/2025;ter�a-feira;19:00:00;RJ;116;174;SAO JOAO DE MERITI;Rea��o tardia ou ineficiente do condutor;Colis�o traseira;Com V�timas Feridas;Plena Noite;Crescente;C�u Claro;M�ltipla;Reta;Sim;2;0;1;0;1;0;1;2;-22,79799216;-43,36291909;SPRF-RJ;DEL06-RJ;UOP01-DEL06-RJ;;;
668091;18/03/2025;ter�a-feira;15:10:00;SC;282;602,1;CUNHA PORA;Rea��o tardia ou ineficiente do condutor;Colis�o traseira;Com V�timas Feridas;Pleno dia;Crescente;Sol;Simples;"Em Obras;Interse��o de Vias;Reta";N�o;3;0;1;0;2;0;1;3;-26,80551412;-53,18127394;SPRF-SC;DEL07-SC;UOP02-DEL07-SC;;;
668092;18/03/2025;ter�a-feira;18:40:00;PR;153;42;SANTO ANTONIO DA PLATINA;Condutor desrespeitou a ilumina��o vermelha do sem�foro;Colis�o transversal;Com V�timas Feridas;Anoitecer;Crescente;Nublado;Simples;"Rotat�ria;Interse��o de Vias";Sim;4;0;1;0;2;2;1;5;-23,29458762;-50,06507613;SPRF-PR;DEL07-PR;UOP04-DEL07-PR;;;
668093;18/03/2025;ter�a-feira;15:46:00;RJ;101;319;NITEROI;Demais falhas mec�nicas ou el�tricas;Inc�ndio;Sem V�timas;Pleno dia;Crescente;C�u Claro;Dupla;Reta;Sim;1;0;0;0;1;0;0;1;-22,86145071;-43,10720265;SPRF-RJ;DEL02-RJ;UOP02-DEL02-RJ;;;
668095;18/03/2025;ter�a-feira;18:45:00;SC;282;2;FLORIANOPOLIS;Velocidade Incompat�vel;Colis�o traseira;Com V�timas Feridas;Plena Noite;Crescente;Chuva;M�ltipla;Reta;N�o;4;0;0;1;2;1;1;4;-27,601865;-48,59318;SPRF-SC;DEL01-SC;UOP01-DEL01-SC;;;
668098;18/03/2025;ter�a-feira;18:20:00;PE;232;409;SERRA TALHADA;Aus�ncia de rea��o do condutor;Colis�o traseira;Com V�timas Feridas;Plena Noite;Decrescente;Nublado;Simples;"Aclive;Reta";Sim;3;0;2;0;1;0;2;2;-7,9762;-38,289638;SPRF-PE;DEL04-PE;UOP01-DEL04-PE;;;
668100;18/03/2025;ter�a-feira;18:38:00;PR;277;549,7;CASCAVEL;Ilumina��o deficiente;Atropelamento de Pedestre;Com V�timas Feridas;Plena Noite;Crescente;C�u Claro;Simples;Curva;N�o;3;0;1;0;1;1;1;3;-24,9838909;-53,3732006;SPRF-PR;DEL04-PR;UOP04-DEL04-PR;;;
668101;18/03/2025;ter�a-feira;18:20:00;BA;101;496;ITABUNA;Carga excessiva e/ou mal acondicionada;Colis�o com objeto;Com V�timas Feridas;Plena Noite;Decrescente;Nublado;Simples;Reta;N�o;2;0;1;0;0;1;1;2;-14,736965;-39,334628;SPRF-BA;DEL05-BA;UOP01-DEL05-BA;;;
668104;18/03/2025;ter�a-feira;19:20:00;MT;158;649;NOVA XAVANTINA;Ultrapassagem Indevida;Colis�o frontal;Com V�timas Fatais;Plena Noite;Crescente;C�u Claro;Simples;Reta;N�o;9;2;0;5;1;2;5;4;-14,63525902;-52,35593367;SPRF-MT;DEL07-MT;UOP02-DEL07-MT;;;
668114;18/03/2025;ter�a-feira;20:00:00;MG;381;507;BETIM;Aus�ncia de rea��o do condutor;Colis�o traseira;Sem V�timas;Plena Noite;Decrescente;Chuva;Dupla;Reta;Sim;2;0;0;0;2;0;0;2;-20,03481503;-44,24294818;SPRF-MG;DEL01-MG;UOP03-DEL01-MG;;;
668115;18/03/2025;ter�a-feira;14:40:00;SC;280;153,5;MAFRA;Ultrapassagem Indevida;Colis�o lateral sentido oposto;Com V�timas Feridas;Pleno dia;Decrescente;Garoa/Chuvisco;Simples;Reta;N�o;8;0;2;2;1;3;4;6;-26,23190811;-49,70103264;SPRF-SC;DEL06-SC;UOP03-DEL06-SC;;;
668116;18/03/2025;ter�a-feira;17:20:00;MG;116;681,4;MIRADOURO;Transitar na contram�o;Colis�o frontal;Com V�timas Feridas;Pleno dia;Decrescente;Sol;Simples;"Curva;Declive";N�o;5;0;0;1;3;2;1;6;-20,95572878;-42,35031009;SPRF-MG;DEL07-MG;UOP02-DEL07-MG;;;
668126;18/03/2025;ter�a-feira;19:00:00;ES;262;64;MARECHAL FLORIANO;Carga excessiva e/ou mal acondicionada;Capotamento;Com V�timas Feridas;Plena Noite;Decrescente;C�u Claro;Simples;Curva;N�o;1;0;1;0;0;0;1;1;-20,417891;-40,815948;SPRF-ES;DEL01-ES;UOP02-DEL01-ES;;;
668130;18/03/2025;ter�a-feira;19:10:00;SP;116;348;MIRACATU;Demais falhas mec�nicas ou el�tricas;Inc�ndio;Sem V�timas;Plena Noite;Decrescente;C�u Claro;M�ltipla;Aclive;N�o;1;0;0;0;1;0;0;1;-24,04997767;-47,19981909;SPRF-SP;DEL04-SP;UOP03-DEL04-SP;;;
668140;18/03/2025;ter�a-feira;21:00:00;MT;364;203,9;RONDONOPOLIS;Acessar a via sem observar a presen�a dos outros ve�culos;Colis�o lateral mesmo sentido;Sem V�timas;Plena Noite;Decrescente;Chuva;Dupla;Retorno Regulamentado;Sim;2;0;0;0;2;0;0;2;-16,46361008;-54,6589458;SPRF-MT;DEL02-MT;UOP01-DEL02-MT;;;
668141;18/03/2025;ter�a-feira;22:45:00;RJ;101;321;NITEROI;Carga excessiva e/ou mal acondicionada;Capotamento;Com V�timas Fatais;Plena Noite;Decrescente;Nublado;M�ltipla;Curva;Sim;3;1;1;0;1;0;1;2;-22,8679469;-43,1108998;SPRF-RJ;DEL02-RJ;UOP01-DEL02-RJ;;;
668142;18/03/2025;ter�a-feira;14:30:00;AM;174;905;MANAUS;Rea��o tardia ou ineficiente do condutor;Colis�o traseira;Com V�timas Feridas;Pleno dia;Crescente;Nublado;Simples;"Interse��o de Vias;Reta;Declive";N�o;7;0;4;0;2;1;4;3;-2,79310794;-60,03673732;SPRF-AM;DEL01-AM;UOP01-DEL01-AM;;;
668145;18/03/2025;ter�a-feira;22:40:00;PI;316;12,8;TERESINA;Aus�ncia de rea��o do condutor;Sa�da de leito carro��vel;Com V�timas Feridas;Plena Noite;Decrescente;C�u Claro;M�ltipla;Reta;Sim;2;0;1;0;0;1;1;2;-5,21070736;-42,75520563;SPRF-PI;DEL01-PI;UOP02-DEL01-PI;;;
668146;18/03/2025;ter�a-feira;23:08:00;RS;290;4;OSORIO;Aus�ncia de rea��o do condutor;Tombamento;Com V�timas Feridas;Plena Noite;Crescente;C�u Claro;M�ltipla;Reta;N�o;2;0;1;0;0;1;1;2;-29,89779122;-50,31953746;SPRF-RS;DEL03-RS;UOP01-DEL03-RS;;;
668147;18/03/2025;ter�a-feira;22:55:00;MT;158;574;AGUA BOA;Far�is desregulados;Colis�o traseira;Com V�timas Feridas;Plena Noite;Crescente;C�u Claro;Simples;Curva;N�o;6;0;2;0;2;3;2;5;-14,137398;-52,199563;SPRF-MT;DEL07-MT;UOP02-DEL07-MT;;;
668148;18/03/2025;ter�a-feira;22:30:00;MG;262;539;LUZ;Velocidade Incompat�vel;Sa�da de leito carro��vel;Com V�timas Feridas;Plena Noite;Crescente;Ignorado;Simples;Curva;N�o;2;0;0;1;0;1;1;2;-19,746465;-45,824668;SPRF-MG;DEL08-MG;UOP02-DEL08-MG;;;
668150;19/03/2025;quarta-feira;02:00:00;SP;116;336;JUQUITIBA;Aus�ncia de rea��o do condutor;Colis�o traseira;Com V�timas Feridas;Plena Noite;Decrescente;Nublado;Dupla;Reta;Sim;3;0;0;1;1;1;1;3;-23,9794341;-47,1442313;SPRF-SP;DEL04-SP;UOP03-DEL04-SP;;;
668151;19/03/2025;quarta-feira;00:30:00;PB;230;157,4;CAMPINA GRANDE;Transitar na contram�o;Colis�o frontal;Com V�timas Fatais;Plena Noite;Crescente;Vento;Simples;Reta;Sim;3;2;0;0;0;1;0;2;-7,2653751;-35,9179499;SPRF-PB;DEL02-PB;UOP01-DEL02-PB;;;
668153;19/03/2025;quarta-feira;03:30:00;MG;262;691;ARAXA;Condutor Dormindo;Sa�da de leito carro��vel;Com V�timas Feridas;Plena Noite;Crescente;C�u Claro;Simples;Ponte;N�o;1;0;0;1;0;0;1;1;-19,54851648;-46,9524299;SPRF-MG;DEL08-MG;UOP01-DEL08-MG;;;
668156;19/03/2025;quarta-feira;03:40:00;BA;101;23,5;RIO REAL;Ilumina��o deficiente;Colis�o traseira;Sem V�timas;Plena Noite;Crescente;C�u Claro;Simples;"Reta;Aclive";N�o;2;0;0;0;2;0;0;2;-11,68723972;-37,90187716;SPRF-SE;DEL02-SE;UOP03-DEL02-SE;;;
668159;19/03/2025;quarta-feira;06:00:00;SP;116;348;MIRACATU;Rea��o tardia ou ineficiente do condutor;Tombamento;Com V�timas Feridas;Pleno dia;Decrescente;Nublado;M�ltipla;"Curva;Aclive";N�o;2;0;1;0;0;1;1;2;-24,05057531;-47,20005512;SPRF-SP;DEL04-SP;UOP03-DEL04-SP;;;
668167;19/03/2025;quarta-feira;06:40:00;ES;101;236,1;FUNDAO;Rea��o tardia ou ineficiente do condutor;Colis�o traseira;Com V�timas Fatais;Pleno dia;Decrescente;C�u Claro;Simples;Reta;N�o;2;1;0;0;1;0;0;2;-19,987038;-40,414078;SPRF-ES;DEL02-ES;UOP01-DEL02-ES;;;