id;data_inversa;dia_semana;horario;uf;br;km;municipio;causa_acidente;tipo_acidente;classificacao_acidente;fase_dia;sentido_via;condicao_metereologica;tipo_pista;tracado_via;uso_solo;pessoas;mortos;feridos_leves;feridos_graves;ilesos;ignorados;feridos;veiculos;latitude;longitude;regional;delegacia;uop;;;
668172;18/03/2025;ter�a-feira;23:30:00;RO;364;305;PRESIDENTE MEDICI;Ingest�o de �lcool pelo condutor;Colis�o frontal;Sem V�timas;Plena Noite;Crescente;C�u Claro;Simples;Reta;N�o;3;0;0;0;2;1;0;3;-11,19628281;-61,90147508;SPRF-RO;DEL02-RO;UOP01-DEL02-RO;;;
668178;19/03/2025;quarta-feira;07:55:00;PE;101;29;ITAPISSUMA;Demais falhas mec�nicas ou el�tricas;Colis�o traseira;Com V�timas Feridas;Pleno dia;Crescente;C�u Claro;Dupla;Reta;N�o;2;0;0;1;1;0;1;2;-7,731785;-34,94176;SPRF-PE;DEL01-PE;UOP02-DEL01-PE;;;
668185;19/03/2025;quarta-feira;06:30:00;MG;381;388;BARAO DE COCAIS;Condutor Dormindo;Colis�o lateral sentido oposto;Com V�timas Feridas;Amanhecer;Crescente;Nublado;Simples;Curva;N�o;3;0;1;0;1;1;1;3;-19,81612916;-43,39633942;SPRF-MG;DEL01-MG;UOP01-DEL01-MG;;;
668186;19/03/2025;quarta-feira;06:50:00;MA;135;20;SAO LUIS;Manobra de mudan�a de faixa;Colis�o lateral mesmo sentido;Com V�timas Feridas;Pleno dia;Crescente;Sol;Dupla;Reta;Sim;2;0;1;0;1;0;1;2;-2,55750562;-44,31245327;SPRF-MA;DEL01-MA;UOP01-DEL01-MA;;;
668190;19/03/2025;quarta-feira;08:20:00;RJ;493;96;SEROPEDICA;Aus�ncia de rea��o do condutor;Colis�o lateral mesmo sentido;Com V�timas Feridas;Pleno dia;Crescente;Nublado;Dupla;Reta;N�o;3;0;1;0;1;1;1;3;-22,711956;-43,702193;SPRF-RJ;DEL01-RJ;UOP03-DEL01-RJ;;;
668193;19/03/2025;quarta-feira;09:00:00;PE;101;39,5;IGARASSU;Manobra de mudan�a de faixa;Colis�o lateral mesmo sentido;Com V�timas Feridas;Pleno dia;Crescente;Sol;Dupla;"Reta;Retorno Regulamentado";Sim;3;0;0;2;0;3;2;5;-7,816;-34,918;SPRF-PE;DEL01-PE;UOP02-DEL01-PE;;;
668194;19/03/2025;quarta-feira;06:50:00;MS;163;76;ITAQUIRAI;Acessar a via sem observar a presen�a dos outros ve�culos;Colis�o transversal;Com V�timas Feridas;Pleno dia;Decrescente;C�u Claro;Simples;"Reta;Declive";Sim;4;0;2;0;1;2;2;4;-23,493609;-54,185672;SPRF-MS;DEL09-MS;UOP01-DEL09-MS;;;
668195;19/03/2025;quarta-feira;06:45:00;MT;163;748;SORRISO;Rea��o tardia ou ineficiente do condutor;Colis�o com objeto;Sem V�timas;Pleno dia;Crescente;C�u Claro;Dupla;Reta;Sim;2;0;0;0;1;1;0;2;-12,574136;-55,728291;SPRF-MT;DEL06-MT;UOP01-DEL06-MT;;;
668201;19/03/2025;quarta-feira;09:40:00;PR;116;103;SAO JOSE DOS PINHAIS;Aus�ncia de rea��o do condutor;Atropelamento de Pedestre;Com V�timas Feridas;Pleno dia;Decrescente;C�u Claro;Dupla;Reta;N�o;3;0;1;0;1;1;1;2;-25,53872419;-49,20639038;SPRF-PR;DEL01-PR;UOP07-DEL01-PR;;;
668204;19/03/2025;quarta-feira;10:00:00;MG;262;403,5;PARA DE MINAS;Aus�ncia de rea��o do condutor;Tombamento;Com V�timas Feridas;Pleno dia;Decrescente;C�u Claro;Dupla;Curva;N�o;2;0;0;1;0;1;1;2;-19,88938026;-44,62763429;SPRF-MG;DEL01-MG;UOP03-DEL01-MG;;;
668205;19/03/2025;quarta-feira;08:50:00;PR;163;139,6;CAPITAO LEONIDAS MARQUES;Ultrapassagem Indevida;Colis�o frontal;Com V�timas Feridas;Pleno dia;Crescente;Sol;Simples;Curva;N�o;5;0;4;0;0;1;4;3;-25,48248629;-53,59173775;SPRF-PR;DEL05-PR;UOP05-DEL05-PR;;;
668208;19/03/2025;quarta-feira;07:30:00;MA;10;319;ACAILANDIA;Manobra de mudan�a de faixa;Colis�o frontal;Com V�timas Feridas;Amanhecer;Crescente;C�u Claro;Simples;Reta;N�o;8;0;0;6;1;1;6;3;-4,96702943;-47,51173485;SPRF-MA;DEL04-MA;UOP03-DEL04-MA;;;
668214;19/03/2025;quarta-feira;09:30:00;RS;116;261;CANOAS;Condutor deixou de manter dist�ncia do ve�culo da frente;Colis�o traseira;Sem V�timas;Pleno dia;Crescente;C�u Claro;M�ltipla;Reta;Sim;2;0;0;0;2;0;0;2;-29,8882604;-51,1790884;SPRF-RS;DEL01-RS;UOP01-DEL01-RS;;;
668219;19/03/2025;quarta-feira;07:00:00;MG;267;62;BICAS;Aus�ncia de rea��o do condutor;Sa�da de leito carro��vel;Com V�timas Feridas;Pleno dia;Crescente;Nublado;Simples;Reta;N�o;3;0;2;0;1;0;2;1;-21,73201346;-43,08307886;SPRF-MG;DEL05-MG;UOP01-DEL05-MG;;;
668221;19/03/2025;quarta-feira;08:30:00;SC;101;441,1;SANTA ROSA DO SUL;Condutor Dormindo;Colis�o traseira;Com V�timas Feridas;Pleno dia;Decrescente;C�u Claro;M�ltipla;"Reta;Viaduto";Sim;3;0;0;1;2;0;1;3;-29,129771;-49,68719;SPRF-SC;DEL02-SC;UOP02-DEL02-SC;;;
668228;19/03/2025;quarta-feira;11:40:00;PR;369;93,9;CORNELIO PROCOPIO;Condutor usando celular;Colis�o lateral mesmo sentido;Sem V�timas;Pleno dia;Decrescente;C�u Claro;Dupla;Reta;Sim;2;0;0;0;2;0;0;2;-23,21869897;-50,6704222;SPRF-PR;DEL07-PR;UOP05-DEL07-PR;;;
668230;19/03/2025;quarta-feira;10:10:00;RS;287;326;SAO VICENTE DO SUL;Rea��o tardia ou ineficiente do condutor;Engavetamento;Com V�timas Feridas;Pleno dia;Crescente;Sol;Simples;"Em Obras;Reta;Declive";N�o;4;0;0;1;2;1;1;4;-29,6814792;-54,6371069;SPRF-RS;DEL09-RS;UOP01-DEL09-RS;;;
668231;19/03/2025;quarta-feira;10:50:00;MT;70;70;GENERAL CARNEIRO;Ultrapassagem Indevida;Colis�o frontal;Com V�timas Fatais;Pleno dia;Crescente;C�u Claro;Simples;Reta;Sim;3;1;0;0;1;3;0;5;-15,70758909;-52,76166351;SPRF-MT;DEL07-MT;UOP01-DEL07-MT;;;
668235;02/02/2025;domingo;06:19:00;PA;163;309,6;NOVO PROGRESSO;Rea��o tardia ou ineficiente do condutor;Colis�o frontal;Sem V�timas;Amanhecer;Crescente;Chuva;Simples;Reta;N�o;5;0;0;0;1;6;0;5;-7,050078;-55,410765;SPRF-PA;DEL05-PA;UOP03-DEL05-PA;;;
668236;19/03/2025;quarta-feira;10:20:00;MG;116;751;LEOPOLDINA;Rea��o tardia ou ineficiente do condutor;Sa�da de leito carro��vel;Com V�timas Feridas;Pleno dia;Crescente;Chuva;Simples;Reta;N�o;3;0;2;0;1;0;2;2;-21,47018733;-42,55882317;SPRF-MG;DEL07-MG;UOP01-DEL07-MG;;;
668237;19/03/2025;quarta-feira;11:40:00;SC;282;643,4;SAO MIGUEL DO OESTE;Acessar a via sem observar a presen�a dos outros ve�culos;Colis�o transversal;Com V�timas Feridas;Pleno dia;Decrescente;C�u Claro;M�ltipla;"Declive;Curva";N�o;2;0;0;1;1;0;1;2;-26,76999574;-53,47424442;SPRF-SC;DEL07-SC;UOP03-DEL07-SC;;;
668246;19/03/2025;quarta-feira;13:00:00;PI;343;14;PARNAIBA;Convers�o proibida;Colis�o lateral mesmo sentido;Com V�timas Feridas;Pleno dia;Crescente;C�u Claro;Dupla;Rotat�ria;Sim;3;0;1;1;1;0;2;2;-2,92894855;-41,75353646;SPRF-PI;DEL05-PI;UOP01-DEL05-PI;;;
668248;19/03/2025;quarta-feira;14:00:00;SC;101;146;ITAPEMA;Desrespeitar a prefer�ncia no cruzamento;Colis�o transversal;Com V�timas Feridas;Pleno dia;Crescente;C�u Claro;M�ltipla;Interse��o de Vias;Sim;2;0;0;1;1;0;1;2;-27,08771955;-48,61165401;SPRF-SC;DEL04-SC;UOP03-DEL04-SC;;;
668252;19/03/2025;quarta-feira;14:00:00;MG;40;763,6;JUIZ DE FORA;Problema com o freio;Inc�ndio;Sem V�timas;Pleno dia;Decrescente;Chuva;Simples;"Curva;Declive";N�o;1;0;0;0;1;0;0;1;-21,57172804;-43,47650528;SPRF-MG;DEL05-MG;UOP01-DEL05-MG;;;
668255;19/03/2025;quarta-feira;12:50:00;PR;277;37,6;MORRETES;Acessar a via sem observar a presen�a dos outros ve�culos;Colis�o lateral mesmo sentido;Sem V�timas;Pleno dia;Crescente;C�u Claro;Dupla;"Aclive;Curva";N�o;3;0;0;0;2;1;0;3;-25,57484;-48,852041;SPRF-PR;DEL01-PR;UOP05-DEL01-PR;;;
668256;19/03/2025;quarta-feira;07:50:00;MG;251;350;PADRE CARVALHO;Rea��o tardia ou ineficiente do condutor;Colis�o com objeto;Com V�timas Feridas;Pleno dia;Decrescente;Sol;Simples;"Ponte;Curva;Declive";N�o;2;0;1;0;1;0;1;1;-16,25767072;-42,52407432;SPRF-MG;DEL12-MG;UOP02-DEL12-MG;;;
668261;23/02/2025;domingo;15:55:00;MA;135;76;SANTA RITA;Transitar na contram�o;Colis�o traseira;Sem V�timas;Pleno dia;Decrescente;C�u Claro;Simples;Curva;N�o;3;0;0;0;2;2;0;4;-3,192188;-44,352892;SPRF-MA;DEL01-MA;UOP02-DEL01-MA;;;
668266;19/03/2025;quarta-feira;08:10:00;SC;116;107,7;MONTE CASTELO;Rea��o tardia ou ineficiente do condutor;Tombamento;Com V�timas Feridas;Pleno dia;Decrescente;C�u Claro;Simples;"Declive;Curva";N�o;2;0;1;0;0;1;1;2;-26,75422;-50,332398;SPRF-SC;DEL06-SC;UOP02-DEL06-SC;;;
668276;19/03/2025;quarta-feira;16:55:00;RN;101;157;CANGUARETAMA;Problema com o freio;Colis�o traseira;Com V�timas Feridas;Anoitecer;Crescente;C�u Claro;Dupla;Declive;N�o;2;0;1;0;1;0;1;2;-6,37047778;-35,153409;SPRF-RN;DEL01-RN;UOP01-DEL01-RN;;;
668280;19/03/2025;quarta-feira;13:59:00;MT;163;1051;MATUPA;Acessar a via sem observar a presen�a dos outros ve�culos;Colis�o transversal;Com V�timas Feridas;Pleno dia;Crescente;C�u Claro;Simples;Reta;N�o;3;0;1;0;1;3;1;5;-10,072195;-54,906798;SPRF-MT;DEL06-MT;UOP03-DEL06-MT;;;
668282;19/03/2025;quarta-feira;17:15:00;SC;101;114,1;ITAJAI;Trafegar com motocicleta (ou similar) entre as faixas;Colis�o lateral mesmo sentido;Com V�timas Feridas;Pleno dia;Decrescente;Sol;M�ltipla;Reta;Sim;2;0;0;1;1;0;1;2;-26,86199211;-48,72849779;SPRF-SC;DEL04-SC;UOP04-DEL04-SC;;;
668284;19/03/2025;quarta-feira;16:10:00;MS;262;111;AGUA CLARA;Demais falhas mec�nicas ou el�tricas;Inc�ndio;Sem V�timas;Pleno dia;Crescente;C�u Claro;Simples;"Reta;Aclive";N�o;2;0;0;0;1;1;0;2;-20,5273629;-52,5910365;SPRF-MS;DEL07-MS;UOP02-DEL07-MS;;;
668286;19/03/2025;quarta-feira;15:50:00;SC;282;664;FLORIANOPOLIS;Acessar a via sem observar a presen�a dos outros ve�culos;Colis�o transversal;Com V�timas Feridas;Pleno dia;Crescente;C�u Claro;Simples;Interse��o de Vias;N�o;2;0;1;0;1;0;1;2;-27,5939328;-48,5588992;SPRF-SC;DEL07-SC;UOP03-DEL07-SC;;;
668287;19/03/2025;quarta-feira;16:05:00;RR;174;493;BOA VISTA;Curva acentuada;Tombamento;Com V�timas Feridas;Anoitecer;Crescente;C�u Claro;Simples;"Viaduto;Aclive;Curva";N�o;2;0;1;0;1;0;1;1;2,74802901;-60,74364178;SPRF-RR;DEL01-RR;UOP01-DEL01-RR;;;
668289;19/03/2025;quarta-feira;15:40:00;RO;364;80;VILHENA;Ultrapassagem Indevida;Colis�o lateral sentido oposto;Com V�timas Feridas;Pleno dia;Crescente;Garoa/Chuvisco;Simples;Reta;N�o;2;0;1;0;1;0;1;2;-12,43089217;-60,57847196;SPRF-RO;DEL04-RO;UOP01-DEL04-RO;;;
668290;19/03/2025;quarta-feira;15:00:00;PI;222;144,6;BATALHA;Aus�ncia de rea��o do condutor;Colis�o com objeto;Com V�timas Fatais;Pleno dia;Crescente;Chuva;Simples;Reta;Sim;2;1;0;0;0;1;0;2;-3,914183;-42,228285;SPRF-PI;DEL02-PI;UOP01-DEL02-PI;;;
668293;19/03/2025;quarta-feira;15:40:00;RJ;40;111;DUQUE DE CAXIAS;Demais falhas mec�nicas ou el�tricas;Sa�da de leito carro��vel;Sem V�timas;Pleno dia;Crescente;Chuva;Dupla;Reta;N�o;1;0;0;0;1;0;0;1;-22,6744635;-43,2853322;SPRF-RJ;DEL01-RJ;UOP02-DEL01-RJ;;;
668294;19/03/2025;quarta-feira;15:30:00;RJ;40;71;PETROPOLIS;Chuva;Sa�da de leito carro��vel;Com V�timas Feridas;Pleno dia;Decrescente;Chuva;Dupla;Curva;Sim;1;0;1;0;0;0;1;1;-22,5379795;-43,2231173;SPRF-RJ;DEL01-RJ;UOP01-DEL01-RJ;;;
668298;19/03/2025;quarta-feira;17:30:00;BA;116;0;VITORIA DA CONQUISTA;Manobra de mudan�a de faixa;Colis�o frontal;Com V�timas Feridas;Pleno dia;Crescente;C�u Claro;Simples;Reta;N�o;3;0;2;0;1;0;2;2;-14,8259;-40,8322;SPRF-BA;DEL08-BA;UOP01-DEL08-BA;;;
668303;19/03/2025;quarta-feira;15:45:00;PR;277;411;CANDOI;Aus�ncia de rea��o do condutor;Tombamento;Com V�timas Feridas;Pleno dia;Crescente;C�u Claro;Simples;Curva;N�o;2;0;1;0;0;1;1;2;-25,41651752;-52,04835713;SPRF-PR;DEL04-PR;UOP02-DEL04-PR;;;
668305;19/03/2025;quarta-feira;18:50:00;BA;324;517;FEIRA DE SANTANA;Acessar a via sem observar a presen�a dos outros ve�culos;Atropelamento de Pedestre;Com V�timas Fatais;Plena Noite;Decrescente;Ignorado;Simples;Reta;Sim;3;1;0;0;1;1;0;2;-12,25632224;-38,93227335;SPRF-BA;DEL02-BA;UOP01-DEL02-BA;;;
668306;19/03/2025;quarta-feira;19:45:00;RS;392;717,9;PORTO XAVIER;Ultrapassagem Indevida;Colis�o frontal;Com V�timas Feridas;Plena Noite;Crescente;C�u Claro;Simples;Curva;Sim;7;0;2;2;2;1;4;5;-27,927827;-55,134281;SPRF-RS;DEL10-RS;UOP01-DEL10-RS;;;
668309;19/03/2025;quarta-feira;18:05:00;PA;155;343;MARABA;Acesso irregular;Colis�o transversal;Com V�timas Feridas;Pleno dia;Crescente;C�u Claro;Simples;"Reta;Interse��o de Vias";Sim;3;0;1;0;1;1;1;3;-5,362532;-49,078557;SPRF-PA;DEL03-PA;UOP01-DEL03-PA;;;
668310;19/03/2025;quarta-feira;20:10:00;PE;423;22;SAO CAITANO;Rea��o tardia ou ineficiente do condutor;Sa�da de leito carro��vel;Com V�timas Feridas;Plena Noite;Crescente;C�u Claro;Simples;Curva;N�o;2;0;1;0;0;1;1;2;-8,353812;-36,171841;SPRF-PE;DEL03-PE;UOP02-DEL03-PE;;;
668311;19/03/2025;quarta-feira;17:30:00;MT;174;544;COMODORO;Chuva;Tombamento;Com V�timas Feridas;Anoitecer;Crescente;Chuva;Simples;Reta;N�o;2;0;1;0;0;2;1;3;-13,23092636;-59,86505494;SPRF-MT;DEL04-MT;UOP02-DEL04-MT;;;
668318;19/03/2025;quarta-feira;21:20:00;ES;101;238,5;FUNDAO;Desvio tempor�rio;Colis�o transversal;Com V�timas Feridas;Plena Noite;Crescente;C�u Claro;Simples;"Interse��o de Vias;Curva;Desvio Tempor�rio;Em Obras";Sim;3;0;0;1;1;1;1;3;-20,00638;-40,411482;SPRF-ES;DEL02-ES;UOP01-DEL02-ES;;;
668321;19/03/2025;quarta-feira;19:50:00;MS;163;484;CAMPO GRANDE;Acessar a via sem observar a presen�a dos outros ve�culos;Colis�o lateral mesmo sentido;Com V�timas Feridas;Plena Noite;Decrescente;C�u Claro;Simples;"Retorno Regulamentado;Interse��o de Vias";Sim;3;0;1;0;1;2;1;4;-20,44747627;-54,5409447;SPRF-MS;DEL01-MS;UOP02-DEL01-MS;;;
668324;19/03/2025;quarta-feira;20:00:00;PR;373;416;FOZ DO JORDAO;Transitar na contram�o;Colis�o frontal;Com V�timas Feridas;Plena Noite;Crescente;Nublado;Simples;Reta;N�o;3;0;1;0;1;1;1;3;-25,68129204;-52,13862419;SPRF-PR;DEL08-PR;UOP01-DEL08-PR;;;
668327;19/03/2025;quarta-feira;21:00:00;PR;376;491;PONTA GROSSA;Rea��o tardia ou ineficiente do condutor;Engavetamento;Com V�timas Fatais;Plena Noite;Crescente;C�u Claro;Dupla;"Reta;Declive";N�o;11;1;4;0;4;4;4;9;-25,1094813;-50,1902161;SPRF-PR;DEL03-PR;UOP04-DEL03-PR;;;
668329;19/03/2025;quarta-feira;22:15:00;SP;116;227;GUARULHOS;Aus�ncia de rea��o do condutor;Colis�o traseira;Com V�timas Feridas;Plena Noite;Crescente;Nublado;M�ltipla;"Declive;Em Obras";Sim;4;0;0;1;2;1;1;3;-23,49531105;-46,55528605;SPRF-SP;DEL01-SP;UOP01-DEL01-SP;;;
668332;19/03/2025;quarta-feira;16:45:00;PR;280;266,5;CURITIBA;Restri��o de visibilidade em curvas verticais;Colis�o lateral mesmo sentido;Sem V�timas;Pleno dia;Crescente;C�u Claro;Simples;"Reta;Aclive";N�o;4;0;0;0;1;3;0;4;-25,4509056;-49,2470272;SPRF-PR;DEL02-PR;UOP01-DEL02-PR;;;
668336;19/03/2025;quarta-feira;22:45:00;PR;277;107;CURITIBA;Rea��o tardia ou ineficiente do condutor;Colis�o traseira;Com V�timas Feridas;Plena Noite;Crescente;C�u Claro;Dupla;Reta;N�o;23;0;2;0;20;2;2;4;-25,43217136;-49,36747313;SPRF-PR;DEL03-PR;UOP03-DEL03-PR;;;
668339;19/03/2025;quarta-feira;21:45:00;PA;10;239,6;IPIXUNA DO PARA;Transitar na contram�o;Colis�o frontal;Com V�timas Fatais;Plena Noite;Crescente;Chuva;Simples;"Reta;Aclive";N�o;3;1;0;0;1;2;0;4;-2,347273;-47,562614;SPRF-PA;DEL02-PA;UOP01-DEL02-PA;;;
668343;20/03/2025;quinta-feira;00:24:00;PB;230;62,5;CRUZ DO ESPIRITO SANTO;Aus�ncia de rea��o do condutor;Capotamento;Com V�timas Feridas;Plena Noite;Crescente;Chuva;Dupla;"Reta;Declive";N�o;2;0;1;0;0;1;1;2;-7,19802894;-35,16670877;SPRF-PB;DEL01-PB;UOP02-DEL01-PB;;;
668347;20/03/2025;quinta-feira;02:05:00;ES;101;237,9;FUNDAO;Rea��o tardia ou ineficiente do condutor;Colis�o com objeto;Com V�timas Fatais;Plena Noite;Decrescente;Chuva;Simples;"Em Obras;Reta";N�o;3;1;0;0;0;2;0;3;-20,002867;-40,413152;SPRF-ES;DEL02-ES;UOP01-DEL02-ES;;;
668349;20/03/2025;quinta-feira;03:00:00;MG;262;553,5;LUZ;Velocidade Incompat�vel;Sa�da de leito carro��vel;Com V�timas Feridas;Plena Noite;Decrescente;C�u Claro;Simples;Curva;N�o;1;0;0;1;0;0;1;1;-19,70763;-45,919825;SPRF-MG;DEL08-MG;UOP02-DEL08-MG;;;
668353;20/03/2025;quinta-feira;04:00:00;ES;101;149;LINHARES;Pedestre andava na pista;Atropelamento de Pedestre;Com V�timas Feridas;Plena Noite;Crescente;C�u Claro;Simples;Reta;Sim;2;0;1;0;0;1;1;2;-19,40665122;-40,06321728;SPRF-ES;DEL04-ES;UOP01-DEL04-ES;;;
668355;20/03/2025;quinta-feira;03:45:00;GO;60;7;SANTO ANTONIO DO DESCOBERTO;Rea��o tardia ou ineficiente do condutor;Tombamento;Com V�timas Feridas;Amanhecer;Decrescente;C�u Claro;Dupla;Reta;N�o;2;0;1;0;0;2;1;3;-16,10303;-48,289857;SPRF-DF;DEL03-DF;UOP01-DEL03-DF;;;
668363;20/03/2025;quinta-feira;06:30:00;RJ;101;247;SILVA JARDIM;Velocidade Incompat�vel;Tombamento;Com V�timas Feridas;Amanhecer;Decrescente;Nublado;Dupla;Curva;N�o;2;0;1;0;0;1;1;2;-22,66019;-42,498441;SPRF-RJ;DEL02-RJ;UOP03-DEL02-RJ;;;
668375;19/03/2025;quarta-feira;19:00:00;BA;324;392;GAVIAO;Aus�ncia de rea��o do condutor;Sa�da de leito carro��vel;Com V�timas Feridas;Plena Noite;Crescente;C�u Claro;Simples;Reta;N�o;1;0;1;0;0;0;1;1;-11,48675365;-39,76295471;SPRF-BA;DEL04-BA;UOP02-DEL04-BA;;;
668376;20/03/2025;quinta-feira;07:25:00;ES;101;118;LINHARES;Ultrapassagem Indevida;Colis�o frontal;Com V�timas Feridas;Pleno dia;Crescente;C�u Claro;Simples;Reta;N�o;3;0;1;0;1;1;1;3;-19,12704708;-40,06676102;SPRF-ES;DEL04-ES;UOP01-DEL04-ES;;;
668388;20/03/2025;quinta-feira;08:00:00;SC;282;578;PINHALZINHO;Velocidade Incompat�vel;Sa�da de leito carro��vel;Com V�timas Feridas;Pleno dia;Crescente;Sol;Simples;Rotat�ria;Sim;1;0;1;0;0;0;1;1;-26,85819738;-52,97977567;SPRF-SC;DEL07-SC;UOP02-DEL07-SC;;;
668390;20/03/2025;quinta-feira;08:15:00;CE;222;311;TIANGUA;Manobra de mudan�a de faixa;Capotamento;Com V�timas Feridas;Pleno dia;Crescente;C�u Claro;Simples;Reta;Sim;3;0;2;0;1;0;2;2;-3,6922942;-40,9760079;SPRF-CE;DEL04-CE;UOP02-DEL04-CE;;;
668397;20/03/2025;quinta-feira;05:40:00;MG;267;213,6;BOM JARDIM DE MINAS;Aus�ncia de rea��o do condutor;Colis�o traseira;Com V�timas Feridas;Amanhecer;Crescente;C�u Claro;Simples;Curva;N�o;3;0;1;0;1;1;1;3;-21,93530464;-44,20245141;SPRF-MG;DEL17-MG;UOP01-DEL17-MG;;;
668400;20/03/2025;quinta-feira;10:15:00;MG;262;553;LUZ;Curva acentuada;Tombamento;Com V�timas Fatais;Pleno dia;Decrescente;C�u Claro;Simples;"Curva;Declive";N�o;5;1;0;0;3;2;0;5;-19,72150447;-45,87495804;SPRF-MG;DEL08-MG;UOP02-DEL08-MG;;;
668401;23/01/2025;quinta-feira;08:20:00;PR;476;151;ARAUCARIA;Manobra de mudan�a de faixa;Colis�o lateral mesmo sentido;Com V�timas Feridas;Pleno dia;Crescente;Nublado;Dupla;Reta;N�o;2;0;1;0;0;1;1;2;-25,5674386;-49,3819356;SPRF-PR;DEL01-PR;UOP06-DEL01-PR;;;
668403;20/03/2025;quinta-feira;10:15:00;MG;381;756;TRES CORACOES;Aus�ncia de rea��o do condutor;Colis�o traseira;Com V�timas Feridas;Pleno dia;Decrescente;Sol;Dupla;"Viaduto;Interse��o de Vias";N�o;4;0;1;0;2;1;1;3;-21,6734509;-45,3357117;SPRF-MG;DEL16-MG;UOP02-DEL16-MG;;;
668406;20/03/2025;quinta-feira;10:25:00;SC;282;3,4;FLORIANOPOLIS;Rea��o tardia ou ineficiente do condutor;Colis�o traseira;Com V�timas Feridas;Pleno dia;Decrescente;C�u Claro;Dupla;Reta;N�o;3;0;1;0;2;0;1;3;-27,60382117;-48,58351523;SPRF-SC;DEL01-SC;UOP01-DEL01-SC;;;
668408;20/03/2025;quinta-feira;10:42:00;PE;104;68;CARUARU;Acessar a via sem observar a presen�a dos outros ve�culos;Colis�o lateral mesmo sentido;Com V�timas Feridas;Pleno dia;Crescente;C�u Claro;Dupla;Aclive;Sim;2;0;1;0;1;0;1;2;-8,302386;-35,988715;SPRF-PE;DEL02-PE;UOP01-DEL02-PE;;;
668411;20/03/2025;quinta-feira;11:15:00;MG;381;500;BETIM;Aus�ncia de rea��o do condutor;Colis�o traseira;Com V�timas Feridas;Pleno dia;Decrescente;Nublado;Dupla;"Reta;Aclive";N�o;3;0;1;1;0;1;2;2;-20,00695562;-44,21554628;SPRF-MG;DEL01-MG;UOP03-DEL01-MG;;;
668412;20/03/2025;quinta-feira;09:20:00;MG;116;176;PADRE PARAISO;Rea��o tardia ou ineficiente do condutor;Colis�o lateral sentido oposto;Com V�timas Feridas;Pleno dia;Decrescente;C�u Claro;Simples;Curva;N�o;4;0;0;1;2;1;1;3;-17,0670314;-41,4792554;SPRF-MG;DEL11-MG;UOP02-DEL11-MG;;;
668424;20/03/2025;quinta-feira;11:15:00;RS;293;189;HULHA NEGRA;Rea��o tardia ou ineficiente do condutor;Colis�o lateral mesmo sentido;Com V�timas Feridas;Pleno dia;Crescente;C�u Claro;Simples;Reta;N�o;6;0;1;0;3;2;1;3;-31,3254381;-53,9855692;SPRF-RS;DEL11-RS;UOP03-DEL11-RS;;;
668429;20/03/2025;quinta-feira;09:25:00;GO;452;5,2;RIO VERDE;Rea��o tardia ou ineficiente do condutor;Engavetamento;Com V�timas Feridas;Pleno dia;Decrescente;Sol;Simples;"Reta;Aclive";N�o;9;0;2;0;6;1;2;5;-17,81187;-50,859382;SPRF-GO;DEL04-GO;UOP01-DEL04-GO;;;
668441;20/03/2025;quinta-feira;15:00:00;CE;116;19;ITAITINGA;Aus�ncia de rea��o do condutor;Capotamento;Sem V�timas;Pleno dia;Crescente;C�u Claro;Dupla;Reta;N�o;3;0;0;0;2;1;0;3;-3,9163932;-38,5074926;SPRF-CE;DEL01-CE;UOP02-DEL01-CE;;;
668451;19/03/2025;quarta-feira;03:30:00;MS;267;198;NOVA ALVORADA DO SUL;Aus�ncia de rea��o do condutor;Colis�o traseira;Com V�timas Feridas;Plena Noite;Crescente;C�u Claro;Simples;Reta;N�o;3;0;1;0;2;0;1;2;-21,58772711;-53,9560461;SPRF-MS;DEL02-MS;UOP03-DEL02-MS;;;
668452;20/03/2025;quinta-feira;14:35:00;RS;116;354;SENTINELA DO SUL;Aus�ncia de rea��o do condutor;Sa�da de leito carro��vel;Com V�timas Feridas;Pleno dia;Crescente;Sol;Dupla;Reta;N�o;1;0;1;0;0;0;1;1;-30,568515;-51,522468;SPRF-RS;DEL02-RS;UOP02-DEL02-RS;;;
668457;20/03/2025;quinta-feira;15:15:00;RS;285;446,5;BOZANO;Condutor deixou de manter dist�ncia do ve�culo da frente;Colis�o traseira;Sem V�timas;Pleno dia;Decrescente;Sol;Simples;"Reta;Em Obras";N�o;3;0;0;0;1;2;0;3;-28,36453537;-53,80127192;SPRF-RS;DEL10-RS;UOP01-DEL10-RS;;;
668459;20/03/2025;quinta-feira;15:05:00;SP;153;321;SAO PEDRO DO TURVO;Acessar a via sem observar a presen�a dos outros ve�culos;Colis�o transversal;Com V�timas Feridas;Pleno dia;Decrescente;C�u Claro;Simples;Reta;N�o;4;0;1;0;2;2;1;4;-22,69657968;-49,88954717;SPRF-SP;DEL07-SP;UOP03-DEL07-SP;;;
668463;20/03/2025;quinta-feira;15:38:00;ES;101;294;CARIACICA;Rea��o tardia ou ineficiente do condutor;Colis�o com objeto;Com V�timas Fatais;Pleno dia;Crescente;Nublado;Dupla;"Reta;Declive";N�o;5;1;1;1;1;2;2;5;-20,324742;-40,395789;SPRF-ES;DEL01-ES;UOP01-DEL01-ES;;;
668464;20/03/2025;quinta-feira;15:00:00;MT;364;525;ROSARIO OESTE;Demais falhas mec�nicas ou el�tricas;Inc�ndio;Sem V�timas;Pleno dia;Crescente;Nublado;Simples;Reta;N�o;2;0;0;0;1;2;0;3;-14,973789;-56,517747;SPRF-MT;DEL01-MT;UOP01-DEL01-MT;;;