id;data_inversa;dia_semana;horario;uf;br;km;municipio;causa_acidente;tipo_acidente;classificacao_acidente;fase_dia;sentido_via;condicao_metereologica;tipo_pista;tracado_via;uso_solo;pessoas;mortos;feridos_leves;feridos_graves;ilesos;ignorados;feridos;veiculos;latitude;longitude;regional;delegacia;uop;;;
668466;20/03/2025;quinta-feira;15:40:00;MG;40;43,8;PARACATU;Ultrapassagem Indevida;Colis�o lateral mesmo sentido;Sem V�timas;Pleno dia;Crescente;Nublado;Simples;"Reta;Declive";Sim;2;0;0;0;1;1;0;2;-17,23022568;-46,85543776;SPRF-MG;DEL14-MG;UOP01-DEL14-MG;;;
668467;20/03/2025;quinta-feira;14:20:00;PR;116;8;CAMPINA GRANDE DO SUL;Rea��o tardia ou ineficiente do condutor;Colis�o traseira;Com V�timas Feridas;Pleno dia;Crescente;C�u Claro;Dupla;"Curva;Declive";N�o;3;0;1;1;0;1;2;2;-25,08123277;-48,62449108;SPRF-PR;DEL01-PR;UOP02-DEL01-PR;;;
668469;20/03/2025;quinta-feira;15:30:00;MG;40;446;PARAOPEBA;Velocidade Incompat�vel;Tombamento;Com V�timas Feridas;Pleno dia;Crescente;C�u Claro;Simples;Curva;N�o;3;0;3;0;0;0;3;1;-19,289599;-44,391426;SPRF-MG;DEL02-MG;UOP01-DEL02-MG;;;
668474;20/03/2025;quinta-feira;16:15:00;RJ;393;254,1;BARRA DO PIRAI;Aus�ncia de rea��o do condutor;Tombamento;Com V�timas Feridas;Pleno dia;Decrescente;C�u Claro;Simples;"Curva;Declive";N�o;2;0;1;0;0;1;1;2;-22,45138017;-43,82696975;SPRF-RJ;DEL05-RJ;UOP04-DEL05-RJ;;;
668475;20/03/2025;quinta-feira;13:43:00;RN;405;86;APODI;Acessar a via sem observar a presen�a dos outros ve�culos;Colis�o transversal;Sem V�timas;Pleno dia;Crescente;C�u Claro;Simples;Reta;N�o;2;0;0;0;1;1;0;2;-5,737377;-37,833137;SPRF-RN;DEL04-RN;UOP02-DEL04-RN;;;
668478;20/03/2025;quinta-feira;13:37:00;TO;153;785;TALISMA;Aus�ncia de rea��o do condutor;Sa�da de leito carro��vel;Com V�timas Feridas;Pleno dia;Crescente;Chuva;Simples;Reta;N�o;2;0;1;0;0;1;1;2;-12,77525794;-49,0898881;SPRF-TO;DEL01-TO;UOP02-DEL01-TO;;;
668479;20/03/2025;quinta-feira;16:45:00;MG;40;528;CONTAGEM;Aus�ncia de rea��o do condutor;Colis�o traseira;Com V�timas Feridas;Pleno dia;Decrescente;Chuva;Dupla;"Reta;Declive";Sim;2;0;1;0;1;0;1;2;-19,91596216;-44,03982544;SPRF-MG;DEL01-MG;UOP02-DEL01-MG;;;
668480;20/03/2025;quinta-feira;17:35:00;TO;153;187,4;NOVA OLINDA;Transitar na contram�o;Colis�o frontal;Com V�timas Fatais;Anoitecer;Crescente;C�u Claro;Simples;Reta;N�o;4;1;0;0;1;2;0;4;-7,53042978;-48,40403315;SPRF-TO;DEL02-TO;UOP01-DEL02-TO;;;
668482;20/03/2025;quinta-feira;17:30:00;PR;277;137;BALSA NOVA;Velocidade Incompat�vel;Tombamento;Com V�timas Feridas;Pleno dia;Decrescente;C�u Claro;Dupla;"Curva;Declive";N�o;2;0;1;0;0;1;1;2;-25,473065;-49,634557;SPRF-PR;DEL03-PR;UOP03-DEL03-PR;;;
668488;20/03/2025;quinta-feira;10:30:00;PE;232;262,8;BUIQUE;Animais na Pista;Atropelamento de Animal;Sem V�timas;Pleno dia;Crescente;C�u Claro;Simples;Reta;N�o;2;0;0;0;2;0;0;2;-8,409922;-37,15056;SPRF-PE;DEL04-PE;UOP02-DEL04-PE;;;
668490;20/03/2025;quinta-feira;18:20:00;GO;20;189;SIMOLANDIA;Aus�ncia de rea��o do condutor;Colis�o com objeto;Sem V�timas;Anoitecer;Crescente;Chuva;Simples;"Reta;Declive";N�o;2;0;0;0;2;0;0;2;-14,404432;-46,451543;SPRF-DF;DEL02-DF;UOP03-DEL02-DF;;;
668493;17/03/2025;segunda-feira;05:00:00;TO;230;32,2;NAZARE;Transitar no Acostamento;Colis�o traseira;Sem V�timas;Amanhecer;Decrescente;Garoa/Chuvisco;Simples;"Aclive;Reta";N�o;3;0;0;0;1;2;0;3;-6,4042045;-47,638708;SPRF-TO;DEL02-TO;UOP03-DEL02-TO;;;
668500;20/03/2025;quinta-feira;11:50:00;MG;381;718,2;CARMO DA CACHOEIRA;Aus�ncia de rea��o do condutor;Colis�o lateral mesmo sentido;Com V�timas Feridas;Pleno dia;Crescente;Nublado;Dupla;Curva;N�o;4;0;1;0;2;1;1;3;-21,411;-45,211;SPRF-MG;DEL04-MG;UOP02-DEL04-MG;;;
668502;20/03/2025;quinta-feira;17:15:00;MG;153;128,3;PRATA;Carga excessiva e/ou mal acondicionada;Sa�da de leito carro��vel;Com V�timas Feridas;Pleno dia;Crescente;C�u Claro;Dupla;Reta;N�o;2;0;1;0;0;1;1;2;-19,47512952;-48,86863589;SPRF-MG;DEL15-MG;UOP03-DEL15-MG;;;
668504;20/03/2025;quinta-feira;17:30:00;GO;80;6;PADRE BERNARDO;Aus�ncia de rea��o do condutor;Tombamento;Com V�timas Feridas;Anoitecer;Crescente;Nublado;Simples;"Curva;Aclive";N�o;3;0;1;0;0;3;1;4;-15,481911;-48,234944;SPRF-DF;DEL03-DF;UOP02-DEL03-DF;;;
668510;20/03/2025;quinta-feira;18:35:00;MS;60;77;PARAISO DAS AGUAS;Carga excessiva e/ou mal acondicionada;Colis�o lateral sentido oposto;Com V�timas Feridas;Anoitecer;Crescente;C�u Claro;Simples;"Curva;Aclive";N�o;3;0;1;0;1;1;1;3;-19,16288398;-53,06147575;SPRF-MS;DEL06-MS;UOP02-DEL06-MS;;;
668515;20/03/2025;quinta-feira;10:00:00;MG;251;222,6;SANTA CRUZ DE SALINAS;Aus�ncia de rea��o do condutor;Colis�o traseira;Com V�timas Feridas;Pleno dia;Crescente;C�u Claro;Simples;"Reta;Aclive";N�o;44;0;5;0;39;0;5;2;-15,950094;-41,619169;SPRF-MG;DEL12-MG;UOP02-DEL12-MG;;;
668521;20/03/2025;quinta-feira;15:30:00;BA;101;421;IBIRAPITANGA;Aus�ncia de rea��o do condutor;Tombamento;Com V�timas Feridas;Pleno dia;Crescente;C�u Claro;Simples;Curva;N�o;3;0;0;2;0;2;2;3;-14,137332;-39,35733;SPRF-BA;DEL05-BA;UOP03-DEL05-BA;;;
668526;20/03/2025;quinta-feira;20:40:00;SC;101;34;JOINVILLE;Manobra de mudan�a de faixa;Colis�o lateral mesmo sentido;Sem V�timas;Plena Noite;Decrescente;C�u Claro;Dupla;Reta;N�o;3;0;0;0;2;3;0;5;-26,2628107;-48,90192257;SPRF-SC;DEL03-SC;UOP01-DEL03-SC;;;
668534;20/03/2025;quinta-feira;20:00:00;MG;116;744,4;LEOPOLDINA;Acessar a via sem observar a presen�a dos outros ve�culos;Colis�o transversal;Com V�timas Feridas;Plena Noite;Crescente;C�u Claro;Simples;"Reta;Interse��o de Vias";N�o;3;0;2;0;1;0;2;2;-21,4136;-42,51168;SPRF-MG;DEL07-MG;UOP01-DEL07-MG;;;
668537;20/03/2025;quinta-feira;22:50:00;MG;381;488,4;BETIM;Pedestre andava na pista;Eventos at�picos;Com V�timas Feridas;Plena Noite;Crescente;C�u Claro;M�ltipla;Reta;N�o;2;0;0;1;0;1;1;2;-19,95596385;-44,12899017;SPRF-MG;DEL01-MG;UOP03-DEL01-MG;;;
668538;20/03/2025;quinta-feira;17:00:00;PA;163;9;NOVO PROGRESSO;Rea��o tardia ou ineficiente do condutor;Colis�o traseira;Com V�timas Feridas;Pleno dia;Crescente;C�u Claro;Simples;Reta;N�o;3;0;1;0;1;3;1;5;-9,489724;-54,8586775;SPRF-MT;DEL06-MT;UOP03-DEL06-MT;;;
668543;20/03/2025;quinta-feira;23:00:00;RJ;116;242;PIRAI;Aus�ncia de rea��o do condutor;Colis�o traseira;Com V�timas Feridas;Plena Noite;Crescente;Nublado;Dupla;Reta;Sim;3;0;1;0;1;1;1;3;-22,631;-43,908;SPRF-RJ;DEL07-RJ;UOP01-DEL07-RJ;;;
668546;20/03/2025;quinta-feira;21:50:00;MG;381;715,4;CARMO DA CACHOEIRA;Aus�ncia de rea��o do condutor;Sa�da de leito carro��vel;Com V�timas Feridas;Plena Noite;Crescente;Ignorado;Dupla;"Reta;Declive";N�o;1;0;1;0;0;0;1;1;-21,3926;-45,1973;SPRF-MG;DEL04-MG;UOP02-DEL04-MG;;;
668548;20/03/2025;quinta-feira;23:45:00;SP;381;85;ATIBAIA;Rea��o tardia ou ineficiente do condutor;Colis�o lateral mesmo sentido;Sem V�timas;Plena Noite;Decrescente;Nublado;Dupla;Reta;Sim;3;0;0;0;2;1;0;3;-23,1907485;-46,5849693;SPRF-SP;DEL03-SP;UOP01-DEL03-SP;;;
668552;21/03/2025;sexta-feira;03:40:00;SC;101;39,2;JOINVILLE;Ingest�o de �lcool pelo condutor;Colis�o traseira;Com V�timas Feridas;Plena Noite;Crescente;C�u Claro;M�ltipla;Reta;Sim;3;0;1;0;1;2;1;4;-26,27094331;-48,89499664;SPRF-SC;DEL03-SC;UOP01-DEL03-SC;;;
668554;21/03/2025;sexta-feira;03:15:00;PB;101;109,7;ALHANDRA;Aus�ncia de rea��o do condutor;Colis�o traseira;Com V�timas Feridas;Plena Noite;Decrescente;C�u Claro;Dupla;"Reta;Aclive";N�o;3;0;0;1;2;0;1;2;-7,36828401;-34,95381586;SPRF-PB;DEL01-PB;UOP01-DEL01-PB;;;
668561;21/03/2025;sexta-feira;06:20:00;PI;343;47;BURITI DOS LOPES;Aus�ncia de rea��o do condutor;Sa�da de leito carro��vel;Com V�timas Feridas;Pleno dia;Crescente;C�u Claro;Simples;Reta;Sim;2;0;0;1;1;0;1;1;-3,17925259;-41,86271667;SPRF-PI;DEL05-PI;UOP01-DEL05-PI;;;
668566;21/03/2025;sexta-feira;05:45:00;SC;470;8,1;NAVEGANTES;Rea��o tardia ou ineficiente do condutor;Tombamento;Com V�timas Fatais;Amanhecer;Crescente;C�u Claro;Dupla;Curva;N�o;3;1;0;1;1;0;1;2;-26,8358534;-48,71984841;SPRF-SC;DEL04-SC;UOP04-DEL04-SC;;;
668567;21/03/2025;sexta-feira;07:02:00;GO;60;92;ANAPOLIS;Manobra de mudan�a de faixa;Tombamento;Com V�timas Fatais;Pleno dia;Decrescente;C�u Claro;Dupla;"Retorno Regulamentado;Reta;Aclive";Sim;6;1;2;1;1;2;3;5;-16,35253996;-48,91671181;SPRF-GO;DEL02-GO;UOP01-DEL02-GO;;;
668570;21/03/2025;sexta-feira;06:00:00;PR;116;23;ANTONINA;Condutor deixou de manter dist�ncia do ve�culo da frente;Colis�o traseira;Com V�timas Feridas;Amanhecer;Crescente;Nublado;Dupla;"Reta;Aclive";N�o;3;0;1;0;1;1;1;3;-25,1104764;-48,75592011;SPRF-PR;DEL01-PR;UOP02-DEL01-PR;;;
668573;20/03/2025;quinta-feira;19:20:00;PA;10;350;SANTA MARIA DO PARA;Aus�ncia de rea��o do condutor;Colis�o traseira;Com V�timas Feridas;Plena Noite;Decrescente;Chuva;Simples;Reta;N�o;2;0;1;0;1;0;1;2;-1,381071;-47,565526;SPRF-PA;DEL01-PA;UOP02-DEL01-PA;;;
668574;21/03/2025;sexta-feira;06:40:00;RS;287;400,2;SANTIAGO;Acessar a via sem observar a presen�a dos outros ve�culos;Colis�o transversal;Sem V�timas;Pleno dia;Crescente;C�u Claro;Simples;Interse��o de Vias;Sim;3;0;0;0;3;0;0;2;-29,16173678;-54,87881184;SPRF-RS;DEL12-RS;UOP02-DEL12-RS;;;
668579;21/03/2025;sexta-feira;05:00:00;BA;242;840;BARREIRAS;Rea��o tardia ou ineficiente do condutor;Sa�da de leito carro��vel;Com V�timas Feridas;Amanhecer;Crescente;Garoa/Chuvisco;Simples;Curva;N�o;2;0;1;0;0;2;1;3;-12,11452277;-45,15930176;SPRF-BA;DEL10-BA;UOP01-DEL10-BA;;;
668581;21/03/2025;sexta-feira;05:52:00;RO;364;340;JI-PARANA;Condutor deixou de manter dist�ncia do ve�culo da frente;Colis�o traseira;Com V�timas Feridas;Amanhecer;Decrescente;C�u Claro;M�ltipla;"Interse��o de Vias;Reta";Sim;2;0;0;1;0;1;1;2;-10,898802;-61,93046;SPRF-RO;DEL02-RO;UOP01-DEL02-RO;;;
668591;21/03/2025;sexta-feira;07:30:00;RJ;116;196;QUEIMADOS;Acessar a via sem observar a presen�a dos outros ve�culos;Colis�o lateral mesmo sentido;Com V�timas Feridas;Pleno dia;Decrescente;C�u Claro;Dupla;Reta;N�o;2;0;1;0;1;0;1;2;-22,73437496;-43,55559289;SPRF-RJ;DEL06-RJ;UOP01-DEL06-RJ;;;
668596;21/03/2025;sexta-feira;08:10:00;PE;407;123,2;PETROLINA;Transitar na contram�o;Colis�o frontal;Com V�timas Feridas;Pleno dia;Decrescente;C�u Claro;Dupla;Reta;Sim;2;0;0;1;1;0;1;2;-9,36581341;-40,54348826;SPRF-PE;DEL06-PE;UOP01-DEL06-PE;;;
668597;10/03/2025;segunda-feira;07:40:00;SP;116;154,3;SAO JOSE DOS CAMPOS;Manobra de mudan�a de faixa;Colis�o lateral mesmo sentido;Com V�timas Feridas;Pleno dia;Crescente;Sol;Dupla;"Reta;Em Obras;Declive;Desvio Tempor�rio";Sim;3;0;1;0;1;1;1;3;-23,239662;-45,921486;SPRF-SP;DEL02-SP;UOP01-DEL02-SP;;;
668600;21/03/2025;sexta-feira;07:50:00;PR;116;115,4;CURITIBA;Rea��o tardia ou ineficiente do condutor;Engavetamento;Com V�timas Feridas;Amanhecer;Crescente;C�u Claro;M�ltipla;Reta;Sim;4;0;1;0;2;1;1;4;-25,5490089;-49,30473978;SPRF-PR;DEL01-PR;UOP03-DEL01-PR;;;
668605;21/03/2025;sexta-feira;09:50:00;BA;101;868;TEIXEIRA DE FREITAS;Acessar a via sem observar a presen�a dos outros ve�culos;Colis�o lateral mesmo sentido;Sem V�timas;Pleno dia;Crescente;C�u Claro;Simples;Reta;N�o;2;0;0;0;1;1;0;2;-17,465063;-39,703127;SPRF-BA;DEL09-BA;UOP02-DEL09-BA;;;
668608;21/03/2025;sexta-feira;08:45:00;RJ;101;55;CAMPOS DOS GOYTACAZES;Acessar a via sem observar a presen�a dos outros ve�culos;Colis�o lateral mesmo sentido;Com V�timas Feridas;Pleno dia;Decrescente;Nublado;Simples;Reta;N�o;3;0;1;0;1;1;1;3;-21,68547699;-41,31095388;SPRF-RJ;DEL08-RJ;UOP01-DEL08-RJ;;;
668610;21/03/2025;sexta-feira;01:25:00;PE;316;310;FLORESTA;Rea��o tardia ou ineficiente do condutor;Colis�o com objeto;Com V�timas Feridas;Plena Noite;Decrescente;C�u Claro;Simples;Reta;N�o;2;0;1;0;0;1;1;2;-8,656183;-38,549828;SPRF-PE;DEL04-PE;UOP03-DEL04-PE;;;
668613;21/03/2025;sexta-feira;08:11:00;MT;364;491;JANGADA;Rea��o tardia ou ineficiente do condutor;Colis�o traseira;Com V�timas Feridas;Pleno dia;Decrescente;C�u Claro;Simples;Reta;N�o;4;0;2;0;1;4;2;6;-15,257126;-56,462234;SPRF-MT;DEL01-MT;UOP01-DEL01-MT;;;
668614;21/03/2025;sexta-feira;10:45:00;SP;116;111;TAUBATE;Aus�ncia de rea��o do condutor;Colis�o lateral mesmo sentido;Com V�timas Feridas;Pleno dia;Crescente;C�u Claro;Dupla;Reta;N�o;4;0;2;0;1;1;2;3;-23,03925915;-45,56236889;SPRF-SP;DEL02-SP;UOP02-DEL02-SP;;;
668616;20/03/2025;quinta-feira;17:00:00;MT;163;982;TERRA NOVA DO NORTE;Avarias e/ou desgaste excessivo no pneu;Colis�o frontal;Com V�timas Feridas;Pleno dia;Decrescente;Chuva;Simples;Declive;N�o;4;0;1;1;1;3;2;5;-10,640633;-55,1341555;SPRF-MT;DEL06-MT;UOP03-DEL06-MT;;;
668623;21/03/2025;sexta-feira;12:00:00;MG;381;677,7;PERDOES;Aus�ncia de rea��o do condutor;Colis�o traseira;Com V�timas Feridas;Pleno dia;Decrescente;C�u Claro;Simples;Curva;Sim;2;0;1;0;1;0;1;2;-21,10787561;-45,08976988;SPRF-MG;DEL04-MG;UOP02-DEL04-MG;;;
668626;21/03/2025;sexta-feira;12:15:00;PR;158;535;PATO BRANCO;Acessar a via sem observar a presen�a dos outros ve�culos;Colis�o transversal;Com V�timas Feridas;Pleno dia;Crescente;C�u Claro;Simples;Reta;N�o;5;0;1;0;4;0;1;3;-26,23122241;-52,68997908;SPRF-PR;DEL02-PR;UOP01-DEL02-PR;;;
668628;21/03/2025;sexta-feira;11:30:00;SP;116;143;SAO JOSE DOS CAMPOS;Pedestre andava na pista;Atropelamento de Pedestre;Com V�timas Feridas;Pleno dia;Crescente;C�u Claro;Dupla;Reta;N�o;2;0;0;1;1;0;1;2;-23,180204;-45,841612;SPRF-SP;DEL02-SP;UOP01-DEL02-SP;;;
668632;21/03/2025;sexta-feira;12:43:00;PB;101;85,3;BAYEUX;Rea��o tardia ou ineficiente do condutor;Engavetamento;Sem V�timas;Pleno dia;Crescente;Sol;Dupla;Reta;Sim;5;0;0;0;4;2;0;6;-7,14743701;-34,91429329;SPRF-PB;DEL01-PB;UOP01-DEL01-PB;;;
668635;21/03/2025;sexta-feira;13:35:00;GO;153;499;GOIANIA;Rea��o tardia ou ineficiente do condutor;Colis�o traseira;Com V�timas Fatais;Pleno dia;Crescente;Nublado;Dupla;Reta;Sim;4;1;0;1;1;3;1;5;-16,691365;-49,232581;SPRF-GO;DEL01-GO;UOP01-DEL01-GO;;;
668640;21/03/2025;sexta-feira;14:40:00;SC;470;130,6;LONTRAS;Ultrapassagem Indevida;Colis�o frontal;Com V�timas Feridas;Pleno dia;Decrescente;C�u Claro;Simples;Reta;N�o;3;0;2;0;1;0;2;3;-27,1672763;-49,5596417;SPRF-SC;DEL04-SC;UOP02-DEL04-SC;;;
668644;19/03/2025;quarta-feira;08:40:00;PA;163;981,5;SANTAREM;Rea��o tardia ou ineficiente do condutor;Colis�o traseira;Sem V�timas;Pleno dia;Crescente;Nublado;Simples;Reta;Sim;3;0;0;0;2;1;0;3;-2,62917092;-54,74150509;SPRF-PA;DEL05-PA;UOP01-DEL05-PA;;;
668647;21/03/2025;sexta-feira;15:05:00;RS;285;128,4;VACARIA;Acessar a via sem observar a presen�a dos outros ve�culos;Colis�o transversal;Com V�timas Feridas;Pleno dia;Crescente;C�u Claro;Simples;Reta;Sim;3;0;1;0;2;0;1;2;-28,45792427;-50,98259026;SPRF-RS;DEL05-RS;UOP03-DEL05-RS;;;
668651;21/03/2025;sexta-feira;13:15:00;BA;418;77;NOVA VICOSA;Velocidade Incompat�vel;Sa�da de leito carro��vel;Com V�timas Fatais;Pleno dia;Decrescente;Chuva;Simples;Reta;N�o;6;3;1;0;1;3;1;5;-17,877368;-39,77398;SPRF-BA;DEL09-BA;UOP02-DEL09-BA;;;
668652;21/03/2025;sexta-feira;15:20:00;PR;376;150;MANDAGUACU;Demais falhas mec�nicas ou el�tricas;Inc�ndio;Sem V�timas;Pleno dia;Decrescente;C�u Claro;Dupla;Reta;N�o;1;0;0;0;1;0;0;1;-23,30916903;-52,10993958;SPRF-PR;DEL09-PR;UOP02-DEL09-PR;;;
668658;21/03/2025;sexta-feira;14:35:00;BA;110;59;JEREMOABO;Carga excessiva e/ou mal acondicionada;Tombamento;Com V�timas Feridas;Pleno dia;Decrescente;Sol;Simples;"Curva;Declive";N�o;2;0;1;0;0;1;1;2;-9,936628;-38,293369;SPRF-BA;DEL07-BA;UOP01-DEL07-BA;;;
668660;21/03/2025;sexta-feira;12:30:00;PI;343;259;CAMPO MAIOR;Transitar na contram�o;Colis�o lateral sentido oposto;Sem V�timas;Pleno dia;Crescente;C�u Claro;Simples;Reta;Sim;3;0;0;0;1;2;0;3;-4,80003554;-42,13359833;SPRF-PI;DEL01-PI;UOP03-DEL01-PI;;;
668665;21/03/2025;sexta-feira;16:40:00;PE;101;64;RECIFE;Condutor deixou de manter dist�ncia do ve�culo da frente;Colis�o traseira;Com V�timas Feridas;Anoitecer;Decrescente;C�u Claro;Dupla;"Viaduto;Aclive";N�o;3;0;0;1;2;0;1;2;-8,017719;-34,941363;SPRF-PE;DEL01-PE;UOP01-DEL01-PE;;;
668669;21/03/2025;sexta-feira;17:30:00;MG;381;364,5;SAO GONCALO DO RIO ABAIXO;Velocidade Incompat�vel;Colis�o frontal;Com V�timas Feridas;Pleno dia;Crescente;Chuva;Simples;Curva;N�o;4;0;1;0;2;2;1;4;-19,85969949;-43,22536469;SPRF-MG;DEL03-MG;UOP01-DEL03-MG;;;
668674;21/03/2025;sexta-feira;17:30:00;BA;116;425;FEIRA DE SANTANA;Acessar a via sem observar a presen�a dos outros ve�culos;Colis�o transversal;Com V�timas Feridas;Anoitecer;Crescente;C�u Claro;Dupla;Reta;Sim;3;0;1;0;1;1;1;3;-12,24647999;-38,98691974;SPRF-BA;DEL02-BA;UOP01-DEL02-BA;;;
668676;21/03/2025;sexta-feira;16:20:00;PI;343;319;ALTOS;Chuva;Colis�o traseira;Com V�timas Feridas;Anoitecer;Decrescente;Chuva;Simples;Reta;N�o;3;0;1;0;1;3;1;5;-5,04509741;-42,54513502;SPRF-PI;DEL01-PI;UOP01-DEL01-PI;;;
668677;21/03/2025;sexta-feira;18:00:00;RS;116;302;GUAIBA;Aus�ncia de rea��o do condutor;Colis�o traseira;Com V�timas Feridas;Pleno dia;Crescente;C�u Claro;Dupla;Retorno Regulamentado;Sim;3;0;1;0;2;0;1;2;-30,14218653;-51,36118765;SPRF-RS;DEL02-RS;UOP01-DEL02-RS;;;
668678;21/03/2025;sexta-feira;18:00:00;MG;381;368;JOAO MONLEVADE;Velocidade Incompat�vel;Colis�o transversal;Com V�timas Feridas;Anoitecer;Crescente;Nublado;Simples;"Curva;Declive";N�o;4;0;1;0;2;2;1;5;-19,8390476;-43,19389578;SPRF-MG;DEL03-MG;UOP01-DEL03-MG;;;
668685;21/03/2025;sexta-feira;17:00:00;PR;277;114;CAMPO LARGO;Pedestre cruzava a pista fora da faixa;Atropelamento de Pedestre;Com V�timas Fatais;Pleno dia;Decrescente;C�u Claro;Dupla;Reta;Sim;2;1;0;0;1;0;0;2;-25,431887;-49,427895;SPRF-PR;DEL03-PR;UOP03-DEL03-PR;;;
668686;21/03/2025;sexta-feira;14:30:00;MG;116;443,8;ENGENHEIRO CALDAS;Acessar a via sem observar a presen�a dos outros ve�culos;Colis�o transversal;Com V�timas Feridas;Pleno dia;Decrescente;C�u Claro;Simples;Reta;N�o;3;0;1;0;1;1;1;3;-19,06226146;-41,99883073;SPRF-MG;DEL06-MG;UOP01-DEL06-MG;;;
668694;21/03/2025;sexta-feira;15:05:00;SC;470;110,2;APIUNA;Condutor deixou de manter dist�ncia do ve�culo da frente;Engavetamento;Com V�timas Feridas;Pleno dia;Decrescente;C�u Claro;Simples;Curva;N�o;5;0;1;0;3;1;1;4;-27,08586023;-49,45760071;SPRF-SC;DEL04-SC;UOP02-DEL04-SC;;;
668700;21/03/2025;sexta-feira;19:50:00;PR;277;12;PARANAGUA;Aus�ncia de rea��o do condutor;Colis�o transversal;Com V�timas Feridas;Plena Noite;Decrescente;C�u Claro;Dupla;Reta;N�o;7;0;4;0;2;3;4;5;-25,562992;-48,638528;SPRF-PR;DEL01-PR;UOP05-DEL01-PR;;;
668705;21/03/2025;sexta-feira;20:05:00;ES;262;27,5;VIANA;Demais falhas mec�nicas ou el�tricas;Inc�ndio;Sem V�timas;Plena Noite;Crescente;C�u Claro;Simples;"Reta;Aclive";N�o;1;0;0;0;1;0;0;1;-20,385008;-40,556622;SPRF-ES;DEL01-ES;UOP01-DEL01-ES;;;
668709;21/03/2025;sexta-feira;20:00:00;MG;381;337;NOVA ERA;Velocidade Incompat�vel;Tombamento;Com V�timas Feridas;Plena Noite;Crescente;C�u Claro;Simples;Curva;N�o;2;0;1;0;0;1;1;2;-19,803975;-43,061225;SPRF-MG;DEL03-MG;UOP01-DEL03-MG;;;
668710;21/03/2025;sexta-feira;16:10:00;MT;163;1023;PEIXOTO DE AZEVEDO;Ingest�o de �lcool pelo condutor;Colis�o lateral sentido oposto;Sem V�timas;Pleno dia;Crescente;C�u Claro;Simples;"Curva;Aclive";N�o;7;0;0;0;6;3;0;6;-10,29335;-55,029543;SPRF-MT;DEL06-MT;UOP03-DEL06-MT;;;
668711;21/03/2025;sexta-feira;20:00:00;PR;277;111;CAMPO LARGO;Condutor deixou de manter dist�ncia do ve�culo da frente;Colis�o traseira;Com V�timas Feridas;Plena Noite;Crescente;Nublado;Dupla;Reta;N�o;5;0;1;0;3;2;1;5;-25,43363683;-49,40939471;SPRF-PR;DEL03-PR;UOP03-DEL03-PR;;;
668715;21/03/2025;sexta-feira;20:50:00;AL;101;138;SAO MIGUEL DOS CAMPOS;Ingest�o de �lcool pelo condutor;Colis�o lateral mesmo sentido;Sem V�timas;Plena Noite;Decrescente;C�u Claro;Simples;Reta;Sim;3;0;0;0;2;1;0;3;-9,80096639;-36,11163501;SPRF-AL;DEL02-AL;UOP01-DEL02-AL;;;
668718;21/03/2025;sexta-feira;21:45:00;PR;376;138,5;NOVA ESPERANCA;Aus�ncia de rea��o do condutor;Colis�o traseira;Com V�timas Feridas;Plena Noite;Crescente;C�u Claro;Dupla;Reta;Sim;3;0;0;1;1;2;1;4;-23,21639143;-52,18546629;SPRF-PR;DEL09-PR;UOP02-DEL09-PR;;;
668730;21/03/2025;sexta-feira;20:38:00;PA;163;105;ALTAMIRA;Rea��o tardia ou ineficiente do condutor;Sa�da de leito carro��vel;Com V�timas Fatais;Plena Noite;Crescente;C�u Claro;Simples;"Declive;Curva";N�o;1;1;0;0;0;0;0;1;-8,72677832;-54,97261405;SPRF-MT;DEL06-MT;UOP03-DEL06-MT;;;
668731;21/03/2025;sexta-feira;21:53:00;SE;235;21;LARANJEIRAS;Problema com o freio;Inc�ndio;Sem V�timas;Plena Noite;Crescente;C�u Claro;Simples;Reta;N�o;1;0;0;0;1;0;0;1;-10,83122908;-37,22540963;SPRF-SE;DEL01-SE;UOP02-DEL01-SE;;;
668732;21/03/2025;sexta-feira;20:40:00;PR;373;408;FOZ DO JORDAO;Transitar na contram�o;Colis�o frontal;Com V�timas Feridas;Plena Noite;Decrescente;C�u Claro;Simples;Reta;N�o;5;0;1;0;4;0;1;3;-25,62837671;-52,09106741;SPRF-PR;DEL08-PR;UOP01-DEL08-PR;;;
668735;21/03/2025;sexta-feira;19:15:00;SC;116;148,4;SANTA CECILIA;Ultrapassagem Indevida;Colis�o lateral sentido oposto;Com V�timas Feridas;Plena Noite;Decrescente;C�u Claro;Simples;Reta;N�o;6;0;0;2;3;1;2;5;-27,0021251;-50,41544437;SPRF-SC;DEL06-SC;UOP02-DEL06-SC;;;
668748;22/03/2025;s�bado;00:30:00;PR;277;590,8;CASCAVEL;Ingest�o de �lcool pelo condutor;Colis�o frontal;Com V�timas Feridas;Plena Noite;Decrescente;C�u Claro;Simples;Reta;Sim;4;0;0;1;3;0;1;4;-24,98497075;-53,46551542;SPRF-PR;DEL04-PR;UOP01-DEL04-PR;;;
668750;22/03/2025;s�bado;01:00:00;GO;50;266;CATALAO;Velocidade Incompat�vel;Tombamento;Com V�timas Feridas;Plena Noite;Decrescente;Chuva;Dupla;Reta;N�o;3;0;1;1;0;2;2;3;-18,07433783;-47,86509275;SPRF-GO;DEL06-GO;UOP01-DEL06-GO;;;