id;data_inversa;dia_semana;horario;uf;br;km;municipio;causa_acidente;tipo_acidente;classificacao_acidente;fase_dia;sentido_via;condicao_metereologica;tipo_pista;tracado_via;uso_solo;pessoas;mortos;feridos_leves;feridos_graves;ilesos;ignorados;feridos;veiculos;latitude;longitude;regional;delegacia;uop;;;
668759;22/03/2025;s�bado;01:10:00;RJ;116;215;ITAGUAI;Aus�ncia de rea��o do condutor;Colis�o traseira;Com V�timas Feridas;Plena Noite;Decrescente;C�u Claro;Simples;"Curva;Aclive";N�o;4;0;1;0;2;1;1;3;-22,69376661;-43,77310663;SPRF-RJ;DEL06-RJ;UOP02-DEL06-RJ;;;
668760;22/03/2025;s�bado;03:40:00;SC;101;186;BIGUACU;Condutor Dormindo;Tombamento;Com V�timas Feridas;Plena Noite;Crescente;C�u Claro;Dupla;Curva;Sim;2;0;1;0;0;1;1;2;-27,4353308;-48,6258457;SPRF-SC;DEL01-SC;UOP01-DEL01-SC;;;
668765;22/03/2025;s�bado;04:25:00;PE;232;19,4;MORENO;Condutor Dormindo;Tombamento;Sem V�timas;Amanhecer;Crescente;C�u Claro;Dupla;Reta;N�o;1;0;0;0;1;0;0;1;-8,09716213;-35,06772637;SPRF-PE;DEL01-PE;UOP01-DEL01-PE;;;
668767;22/03/2025;s�bado;03:30:00;PE;232;392,2;SERRA TALHADA;Aus�ncia de rea��o do condutor;Colis�o com objeto;Com V�timas Fatais;Plena Noite;Decrescente;C�u Claro;Simples;Reta;N�o;1;1;0;0;0;0;0;1;-7,9887189;-38,2556437;SPRF-PE;DEL04-PE;UOP01-DEL04-PE;;;
668775;22/03/2025;s�bado;06:05:00;PB;101;117,6;CAAPORA;Rea��o tardia ou ineficiente do condutor;Colis�o traseira;Com V�timas Fatais;Pleno dia;Crescente;C�u Claro;Dupla;"Reta;Aclive";N�o;3;1;0;0;0;2;0;3;-7,418948;-34,960877;SPRF-PB;DEL01-PB;UOP01-DEL01-PB;;;
668776;22/03/2025;s�bado;03:00:00;GO;20;154,2;ALVORADA DO NORTE;Transitar na contram�o;Colis�o frontal;Com V�timas Fatais;Plena Noite;Decrescente;C�u Claro;Simples;Reta;N�o;17;1;1;1;14;0;2;2;-14,681896;-46,647022;SPRF-DF;DEL02-DF;UOP03-DEL02-DF;;;
668777;22/03/2025;s�bado;04:30:00;DF;20;20;BRASILIA;Velocidade Incompat�vel;Sa�da de leito carro��vel;Com V�timas Fatais;Amanhecer;Decrescente;Chuva;Dupla;"Ponte;Declive";Sim;2;1;0;1;0;0;1;1;-15,60712424;-47,69235849;SPRF-DF;DEL02-DF;UOP01-DEL02-DF;;;
668780;22/03/2025;s�bado;06:00:00;SP;116;22;LAVRINHAS;Demais falhas mec�nicas ou el�tricas;Inc�ndio;Sem V�timas;Amanhecer;Decrescente;C�u Claro;Dupla;Reta;N�o;2;0;0;0;1;1;0;2;-22,5850048;-44,879155;SPRF-SP;DEL08-SP;UOP02-DEL08-SP;;;
668782;22/03/2025;s�bado;06:40:00;MG;251;512,5;FRANCISCO SA;Transitar na contram�o;Colis�o frontal;Com V�timas Fatais;Pleno dia;Crescente;C�u Claro;Simples;Curva;N�o;3;2;0;0;1;0;0;2;-16,647395;-43,710057;SPRF-MG;DEL12-MG;UOP01-DEL12-MG;;;
668787;22/03/2025;s�bado;04:48:00;MT;364;498;JANGADA;Rea��o tardia ou ineficiente do condutor;Sa�da de leito carro��vel;Com V�timas Feridas;Amanhecer;Crescente;C�u Claro;Simples;Reta;N�o;3;0;0;1;1;4;1;6;-15,212678;-56,503865;SPRF-MT;DEL01-MT;UOP01-DEL01-MT;;;
668789;22/03/2025;s�bado;07:10:00;PR;476;148;ARAUCARIA;Aus�ncia de rea��o do condutor;Colis�o traseira;Sem V�timas;Pleno dia;Decrescente;C�u Claro;Dupla;Reta;Sim;2;0;0;0;2;0;0;2;-25,55763573;-49,35344744;SPRF-PR;DEL01-PR;UOP06-DEL01-PR;;;
668800;18/03/2025;ter�a-feira;16:20:00;RJ;101;315;SAO GONCALO;Acessar a via sem observar a presen�a dos outros ve�culos;Colis�o lateral mesmo sentido;Sem V�timas;Pleno dia;Decrescente;C�u Claro;Dupla;Reta;Sim;2;0;0;0;2;0;0;2;-22,82112446;-43,08288574;SPRF-RJ;DEL02-RJ;UOP02-DEL02-RJ;;;
668801;22/03/2025;s�bado;07:50:00;MG;381;480;BETIM;Aus�ncia de rea��o do condutor;Colis�o lateral mesmo sentido;Com V�timas Feridas;Pleno dia;Decrescente;C�u Claro;Dupla;Reta;Sim;2;0;1;0;0;1;1;2;-19,9965414;-44,2090429;SPRF-MG;DEL01-MG;UOP03-DEL01-MG;;;
668802;22/03/2025;s�bado;08:20:00;PR;277;722;FOZ DO IGUACU;Condutor deixou de manter dist�ncia do ve�culo da frente;Colis�o traseira;Com V�timas Feridas;Pleno dia;Crescente;C�u Claro;Dupla;Reta;Sim;4;0;2;0;1;1;2;3;-25,5096475;-54,5957063;SPRF-PR;DEL05-PR;UOP03-DEL05-PR;;;
668807;22/03/2025;s�bado;06:55:00;PR;277;501,3;DIAMANTE DO SUL;Velocidade Incompat�vel;Tombamento;Com V�timas Feridas;Amanhecer;Crescente;C�u Claro;Simples;Curva;N�o;2;0;1;0;0;1;1;2;-25,1436;-52,702267;SPRF-PR;DEL04-PR;UOP04-DEL04-PR;;;
668809;22/03/2025;s�bado;08:55:00;PR;376;647,9;TIJUCAS DO SUL;Manobra de mudan�a de faixa;Colis�o lateral mesmo sentido;Sem V�timas;Pleno dia;Decrescente;C�u Claro;Dupla;Aclive;N�o;5;0;0;0;4;2;0;5;-25,843608;-49,10062;SPRF-PR;DEL01-PR;UOP04-DEL01-PR;;;
668810;22/03/2025;s�bado;09:20:00;MG;251;477,7;MONTES CLAROS;Ultrapassagem Indevida;Colis�o transversal;Com V�timas Feridas;Pleno dia;Crescente;Nublado;Simples;Reta;N�o;5;0;1;0;3;1;1;3;-16,6536847;-43,7179142;SPRF-MG;DEL12-MG;UOP01-DEL12-MG;;;
668814;22/03/2025;s�bado;08:05:00;RJ;40;25,8;TRES RIOS;Rea��o tardia ou ineficiente do condutor;Tombamento;Com V�timas Feridas;Pleno dia;Crescente;C�u Claro;Dupla;Curva;Sim;1;0;1;0;0;0;1;1;-22,153774;-43,158302;SPRF-RJ;DEL05-RJ;UOP02-DEL05-RJ;;;
668819;22/03/2025;s�bado;09:50:00;ES;101;149,2;LINHARES;Acessar a via sem observar a presen�a dos outros ve�culos;Colis�o transversal;Com V�timas Feridas;Pleno dia;Crescente;C�u Claro;Simples;Reta;Sim;2;0;1;0;1;0;1;2;-19,397151;-40,064013;SPRF-ES;DEL04-ES;UOP01-DEL04-ES;;;
668821;22/03/2025;s�bado;10:30:00;PR;277;499,5;GUARANIACU;Rea��o tardia ou ineficiente do condutor;Sa�da de leito carro��vel;Sem V�timas;Pleno dia;Crescente;C�u Claro;Simples;Reta;N�o;3;0;0;0;1;2;0;3;-25,15798738;-52,69776821;SPRF-PR;DEL04-PR;UOP04-DEL04-PR;;;
668823;22/03/2025;s�bado;07:30:00;MS;60;51,4;PARAISO DAS AGUAS;Rea��o tardia ou ineficiente do condutor;Colis�o traseira;Com V�timas Feridas;Pleno dia;Crescente;C�u Claro;Simples;Reta;N�o;3;0;1;0;1;5;1;7;-18,981345;-52,930716;SPRF-MS;DEL08-MS;UOP01-DEL08-MS;;;
668824;22/03/2025;s�bado;11:10:00;SE;101;87;NOSSA SENHORA DO SOCORRO;Velocidade Incompat�vel;Colis�o traseira;Sem V�timas;Pleno dia;Crescente;C�u Claro;Dupla;"Reta;Aclive;Em Obras";N�o;3;0;0;0;3;0;0;3;-10,84472855;-37,13700771;SPRF-SE;DEL01-SE;UOP01-DEL01-SE;;;
668827;22/03/2025;s�bado;11:10:00;SP;116;390;MIRACATU;Rea��o tardia ou ineficiente do condutor;Sa�da de leito carro��vel;Com V�timas Feridas;Pleno dia;Crescente;Sol;Dupla;Reta;N�o;2;0;1;0;0;1;1;2;-24,27832177;-47,42014391;SPRF-SP;DEL04-SP;UOP02-DEL04-SP;;;
668833;22/03/2025;s�bado;12:30:00;SP;381;43,5;ATIBAIA;Rea��o tardia ou ineficiente do condutor;Colis�o lateral mesmo sentido;Com V�timas Feridas;Pleno dia;Decrescente;Sol;Dupla;Reta;N�o;2;0;1;0;1;0;1;2;-23,16140084;-46,57343745;SPRF-SP;DEL03-SP;UOP01-DEL03-SP;;;
668859;22/03/2025;s�bado;15:40:00;MG;40;451,9;CAETANOPOLIS;Pista Escorregadia;Sa�da de leito carro��vel;Com V�timas Fatais;Pleno dia;Crescente;Chuva;Dupla;Reta;N�o;2;1;0;0;1;0;0;1;-19,33298827;-44,36289355;SPRF-MG;DEL02-MG;UOP01-DEL02-MG;;;
668860;22/03/2025;s�bado;14:30:00;MS;163;115;ITAQUIRAI;Transitar na contram�o;Colis�o lateral mesmo sentido;Com V�timas Fatais;Pleno dia;Crescente;C�u Claro;Simples;Reta;N�o;4;1;0;0;2;3;0;6;-23,14558;-54,197092;SPRF-MS;DEL09-MS;UOP01-DEL09-MS;;;
668863;22/03/2025;s�bado;10:20:00;RJ;393;131;SAPUCAIA;Demais falhas mec�nicas ou el�tricas;Sa�da de leito carro��vel;Com V�timas Feridas;Pleno dia;Crescente;C�u Claro;Simples;Curva;Sim;1;0;1;0;0;0;1;1;-21,95947643;-42,85120717;SPRF-RJ;DEL05-RJ;UOP01-DEL05-RJ;;;
668871;22/03/2025;s�bado;15:25:00;MA;135;95;SANTA RITA;Acessar a via sem observar a presen�a dos outros ve�culos;Colis�o lateral mesmo sentido;Com V�timas Feridas;Pleno dia;Crescente;Nublado;Simples;Reta;Sim;4;0;1;0;3;0;1;2;-3,160625;-44,33552;SPRF-MA;DEL01-MA;UOP02-DEL01-MA;;;
668874;22/03/2025;s�bado;15:00:00;BA;324;411;NOVA FATIMA;Rea��o tardia ou ineficiente do condutor;Colis�o frontal;Com V�timas Fatais;Pleno dia;Decrescente;C�u Claro;Simples;Reta;N�o;4;1;0;1;2;0;1;2;-11,6516935;-39,58314836;SPRF-BA;DEL04-BA;UOP02-DEL04-BA;;;
668878;22/03/2025;s�bado;13:10:00;AL;101;58,6;MESSIAS;Velocidade Incompat�vel;Tombamento;Sem V�timas;Pleno dia;Crescente;C�u Claro;Dupla;Curva;N�o;2;0;0;0;1;1;0;2;-9,34541494;-35,83431244;SPRF-AL;DEL01-AL;UOP02-DEL01-AL;;;
668880;22/03/2025;s�bado;18:20:00;SE;101;72,7;MARUIM;Animais na Pista;Atropelamento de Animal;Com V�timas Feridas;Plena Noite;Crescente;C�u Claro;Dupla;Reta;N�o;4;0;0;2;1;1;2;3;-10,75270339;-37,10048678;SPRF-SE;DEL01-SE;UOP01-DEL01-SE;;;
668883;22/03/2025;s�bado;18:10:00;BA;101;887;TEIXEIRA DE FREITAS;Manobra de mudan�a de faixa;Colis�o lateral sentido oposto;Com V�timas Feridas;Plena Noite;Decrescente;C�u Claro;Simples;"Reta;Aclive";N�o;2;0;0;1;1;0;1;2;-17,60414351;-39,75355625;SPRF-BA;DEL09-BA;UOP02-DEL09-BA;;;
668886;22/03/2025;s�bado;12:40:00;GO;153;532;HIDROLANDIA;Aus�ncia de rea��o do condutor;Tombamento;Com V�timas Feridas;Pleno dia;Decrescente;C�u Claro;Dupla;Reta;Sim;3;0;2;0;0;1;2;2;-16,98067622;-49,22956467;SPRF-GO;DEL01-GO;UOP03-DEL01-GO;;;
668888;22/03/2025;s�bado;18:55:00;RS;386;2;IRAI;Afundamento ou ondula��o no pavimento;Tombamento;Com V�timas Feridas;Anoitecer;Crescente;Nublado;Simples;Curva;N�o;2;0;1;0;1;0;1;1;-27,18154665;-53,2442522;SPRF-RS;DEL08-RS;UOP02-DEL08-RS;;;
668896;22/02/2025;s�bado;11:05:00;SC;101;46,2;PALHOCA;Pedestre andava na pista;Atropelamento de Pedestre;Com V�timas Fatais;Pleno dia;Decrescente;C�u Claro;Dupla;Curva;N�o;4;1;0;0;1;3;0;5;-27,683787;-48,690249;SPRF-SC;DEL01-SC;UOP02-DEL01-SC;;;
668910;22/03/2025;s�bado;19:30:00;RS;285;218,3;CASEIROS;Acessar a via sem observar a presen�a dos outros ve�culos;Colis�o transversal;Com V�timas Feridas;Plena Noite;Decrescente;Nublado;Simples;"Reta;Interse��o de Vias";Sim;3;0;1;0;1;1;1;3;-28,27401753;-51,68662613;SPRF-RS;DEL08-RS;UOP05-DEL08-RS;;;
668915;22/03/2025;s�bado;13:00:00;PR;376;421;TIBAGI;Demais falhas mec�nicas ou el�tricas;Inc�ndio;Sem V�timas;Pleno dia;Decrescente;C�u Claro;Dupla;Reta;N�o;2;0;0;0;1;1;0;2;-24,678089;-50,597022;SPRF-PR;DEL03-PR;UOP02-DEL03-PR;;;
668917;12/02/2025;quarta-feira;18:35:00;PA;163;299;NOVO PROGRESSO;Demais falhas na via;Colis�o frontal;Com V�timas Fatais;Anoitecer;Crescente;C�u Claro;Simples;Reta;N�o;3;1;0;0;1;3;0;5;-7,14128815;-55,38273776;SPRF-PA;DEL05-PA;UOP03-DEL05-PA;;;
668925;22/03/2025;s�bado;20:30:00;PR;376;617;SAO JOSE DOS PINHAIS;Rea��o tardia ou ineficiente do condutor;Colis�o lateral mesmo sentido;Sem V�timas;Plena Noite;Decrescente;Nublado;M�ltipla;Curva;Sim;4;0;0;0;3;1;0;3;-25,58426;-49,17619;SPRF-PR;DEL01-PR;UOP04-DEL01-PR;;;
668928;22/03/2025;s�bado;17:20:00;BA;101;543;SAO JOSE DA VITORIA;Velocidade Incompat�vel;Tombamento;Com V�timas Feridas;Anoitecer;Crescente;C�u Claro;Simples;Reta;N�o;2;0;0;1;0;1;1;2;-15,102625;-39,35865;SPRF-BA;DEL05-BA;UOP02-DEL05-BA;;;
668932;22/03/2025;s�bado;14:30:00;MT;364;264;SAO PEDRO DA CIPA;Manobra de mudan�a de faixa;Colis�o lateral mesmo sentido;Com V�timas Feridas;Pleno dia;Crescente;C�u Claro;Dupla;Reta;N�o;2;0;1;0;1;0;1;2;-16,0061174;-54,91549909;SPRF-MT;DEL02-MT;UOP01-DEL02-MT;;;
668933;22/03/2025;s�bado;17:00:00;MG;40;151,4;JOAO PINHEIRO;Manobra de mudan�a de faixa;Colis�o frontal;Com V�timas Fatais;Pleno dia;Decrescente;C�u Claro;Simples;Curva;N�o;3;1;0;0;1;1;0;3;-17,802483;-46,133609;SPRF-MG;DEL14-MG;UOP02-DEL14-MG;;;
668941;20/03/2025;quinta-feira;15:30:00;PI;135;485;MONTE ALEGRE DO PIAUI;Aus�ncia de rea��o do condutor;Sa�da de leito carro��vel;Sem V�timas;Pleno dia;Crescente;Chuva;Simples;"Ponte;Reta";N�o;1;0;0;0;1;0;0;1;-9,71204649;-45,13998917;SPRF-PI;DEL03-PI;UOP02-DEL03-PI;;;
668950;23/03/2025;domingo;00:34:00;GO;40;21,1;LUZIANIA;Rea��o tardia ou ineficiente do condutor;Colis�o com objeto;Com V�timas Feridas;Plena Noite;Crescente;C�u Claro;Dupla;Reta;Sim;3;0;1;0;1;1;1;3;-16,221396;-47,915122;SPRF-DF;DEL01-DF;UOP01-DEL01-DF;;;
668960;23/03/2025;domingo;01:40:00;DF;20;17;BRASILIA;Rea��o tardia ou ineficiente do condutor;Colis�o traseira;Com V�timas Feridas;Plena Noite;Crescente;Garoa/Chuvisco;Dupla;"Reta;Declive";Sim;3;0;0;1;1;1;1;3;-15,61883;-47,712315;SPRF-DF;DEL02-DF;UOP01-DEL02-DF;;;
668963;23/03/2025;domingo;02:13:00;SP;116;228;SAO PAULO;Rea��o tardia ou ineficiente do condutor;Colis�o traseira;Com V�timas Feridas;Plena Noite;Decrescente;Nublado;M�ltipla;Reta;Sim;4;0;2;0;2;0;2;2;-23,508511;-46,57178;SPRF-SP;DEL01-SP;UOP01-DEL01-SP;;;
668975;23/03/2025;domingo;01:15:00;SP;116;55;APARECIDA;Aus�ncia de rea��o do condutor;Colis�o traseira;Com V�timas Feridas;Plena Noite;Crescente;C�u Claro;Dupla;Reta;Sim;3;0;2;0;1;0;2;2;-22,8559154;-45,2314476;SPRF-SP;DEL08-SP;UOP02-DEL08-SP;;;
668977;23/03/2025;domingo;02:00:00;MG;365;622,7;UBERLANDIA;Rea��o tardia ou ineficiente do condutor;Colis�o com objeto;Sem V�timas;Plena Noite;Decrescente;C�u Claro;M�ltipla;Curva;Sim;3;0;0;0;1;3;0;4;-18,90269222;-48,27738809;SPRF-MG;DEL15-MG;UOP01-DEL15-MG;;;
668981;23/03/2025;domingo;02:00:00;MS;262;316,8;CAMPO GRANDE;Pedestre andava na pista;Atropelamento de Pedestre;Com V�timas Fatais;Plena Noite;Decrescente;C�u Claro;Simples;Reta;N�o;2;1;0;0;0;1;0;2;-20,47122;-54,4477;SPRF-MS;DEL01-MS;UOP01-DEL01-MS;;;
668991;23/03/2025;domingo;05:30:00;PR;277;239;FERNANDES PINHEIRO;Acessar a via sem observar a presen�a dos outros ve�culos;Colis�o transversal;Com V�timas Feridas;Plena Noite;Crescente;C�u Claro;Simples;"Reta;Rotat�ria";N�o;3;0;1;0;1;3;1;5;-25,468;-50,56;SPRF-PR;DEL08-PR;UOP02-DEL08-PR;;;
668995;23/03/2025;domingo;05:20:00;MG;40;444;PARAOPEBA;Carga excessiva e/ou mal acondicionada;Tombamento;Com V�timas Feridas;Pleno dia;Crescente;C�u Claro;Dupla;Reta;N�o;1;0;1;0;0;0;1;1;-19,29050501;-44,4041419;SPRF-MG;DEL02-MG;UOP01-DEL02-MG;;;
669000;23/03/2025;domingo;06:30:00;PR;376;600,2;CURITIBA;Aus�ncia de rea��o do condutor;Sa�da de leito carro��vel;Com V�timas Feridas;Pleno dia;Crescente;C�u Claro;Dupla;Reta;N�o;2;0;1;0;0;4;1;5;-25,505404;-49,341095;SPRF-PR;DEL01-PR;UOP06-DEL01-PR;;;
669007;23/03/2025;domingo;05:12:00;MT;364;382,1;SANTO ANTONIO DO LEVERGER;Condutor Dormindo;Sa�da de leito carro��vel;Com V�timas Feridas;Amanhecer;Crescente;C�u Claro;Dupla;Reta;N�o;2;0;1;0;0;1;1;2;-15,702244;-55,810097;SPRF-MT;DEL01-MT;UOP02-DEL01-MT;;;
669010;23/03/2025;domingo;05:50:00;BA;116;701,8;JEQUIE;Condutor Dormindo;Sa�da de leito carro��vel;Com V�timas Feridas;Amanhecer;Decrescente;C�u Claro;Simples;Reta;N�o;1;0;1;0;0;0;1;1;-13,8683822;-40,1042957;SPRF-BA;DEL03-BA;UOP01-DEL03-BA;;;
669023;23/03/2025;domingo;05:30:00;MG;116;228;TEOFILO OTONI;Aus�ncia de rea��o do condutor;Tombamento;Sem V�timas;Amanhecer;Crescente;Chuva;Dupla;"Declive;Curva";N�o;2;0;0;0;0;2;0;2;-17,464494;-41,495997;SPRF-MG;DEL11-MG;UOP01-DEL11-MG;;;
669024;23/03/2025;domingo;05:30:00;RO;421;65;ARIQUEMES;Aus�ncia de rea��o do condutor;Sa�da de leito carro��vel;Com V�timas Feridas;Amanhecer;Decrescente;C�u Claro;Simples;Curva;N�o;3;0;1;0;2;0;1;1;-9,8812493;-63,0570679;SPRF-RO;DEL03-RO;UOP01-DEL03-RO;;;
669025;23/03/2025;domingo;08:45:00;MG;262;385;MATEUS LEME;Aus�ncia de rea��o do condutor;Sa�da de leito carro��vel;Com V�timas Feridas;Pleno dia;Crescente;Nublado;Dupla;Curva;N�o;1;0;0;1;0;0;1;1;-19,92272143;-44,46563959;SPRF-MG;DEL01-MG;UOP03-DEL01-MG;;;
669026;23/03/2025;domingo;06:10:00;MG;251;239,2;SANTA CRUZ DE SALINAS;Aus�ncia de rea��o do condutor;Colis�o traseira;Com V�timas Feridas;Amanhecer;Decrescente;C�u Claro;Simples;Reta;N�o;3;0;1;0;1;1;1;3;-16,002527;-41,77217;SPRF-MG;DEL12-MG;UOP02-DEL12-MG;;;
669039;23/03/2025;domingo;06:07:00;CE;116;495;BREJO SANTO;Condutor deixou de manter dist�ncia do ve�culo da frente;Colis�o traseira;Sem V�timas;Amanhecer;Decrescente;C�u Claro;Simples;Reta;N�o;3;0;0;0;2;3;0;5;-7,44019665;-38,97354841;SPRF-CE;DEL05-CE;UOP03-DEL05-CE;;;
669047;26/01/2025;domingo;15:45:00;GO;70;320;JUSSARA;Acumulo de �gua sobre o pavimento;Colis�o lateral sentido oposto;Com V�timas Fatais;Pleno dia;Crescente;Chuva;Simples;"Ponte;Curva;Declive";Sim;7;1;1;2;1;2;3;4;-15,87794115;-50,88363469;SPRF-GO;DEL04-GO;UOP02-DEL04-GO;;;
669056;23/03/2025;domingo;10:00:00;SC;116;267,7;CAPAO ALTO;Desrespeitar a prefer�ncia no cruzamento;Colis�o transversal;Com V�timas Feridas;Pleno dia;Decrescente;C�u Claro;Simples;"Interse��o de Vias;Reta";N�o;2;0;0;1;1;0;1;2;-27,95643445;-50,48437715;SPRF-SC;DEL05-SC;UOP02-DEL05-SC;;;
669057;23/03/2025;domingo;12:27:00;GO;153;542;HIDROLANDIA;Velocidade Incompat�vel;Sa�da de leito carro��vel;Com V�timas Feridas;Pleno dia;Crescente;Chuva;Dupla;Reta;N�o;2;0;0;1;0;2;1;3;-17,069628;-49,223948;SPRF-GO;DEL01-GO;UOP03-DEL01-GO;;;
669068;23/03/2025;domingo;13:20:00;MG;365;91,7;JEQUITAI;Velocidade Incompat�vel;Colis�o com objeto;Com V�timas Fatais;Pleno dia;Crescente;Chuva;Simples;Declive;N�o;2;1;0;0;0;1;0;2;-17,20114611;-44,43832397;SPRF-MG;DEL12-MG;UOP01-DEL12-MG;;;
669070;23/03/2025;domingo;14:10:00;MG;381;335;NOVA ERA;Velocidade Incompat�vel;Colis�o traseira;Sem V�timas;Pleno dia;Decrescente;C�u Claro;Simples;"Curva;Aclive";N�o;3;0;0;0;2;2;0;4;-19,78483613;-43,04421902;SPRF-MG;DEL03-MG;UOP01-DEL03-MG;;;
669079;23/03/2025;domingo;14:20:00;MG;381;874;ESTIVA;Velocidade Incompat�vel;Tombamento;Com V�timas Feridas;Pleno dia;Decrescente;C�u Claro;Dupla;Curva;N�o;4;0;1;0;2;1;1;3;-22,4205;-45,96523;SPRF-MG;DEL16-MG;UOP01-DEL16-MG;;;
669083;23/03/2025;domingo;02:30:00;BA;324;396;NOVA FATIMA;Transitar na contram�o;Colis�o frontal;Com V�timas Feridas;Plena Noite;Crescente;C�u Claro;Simples;Reta;N�o;2;0;0;1;1;0;1;2;-11,56165817;-39,67806816;SPRF-BA;DEL04-BA;UOP02-DEL04-BA;;;
669090;23/03/2025;domingo;15:35:00;MG;50;194;DELTA;Estacionar ou parar em local proibido;Colis�o traseira;Com V�timas Feridas;Pleno dia;Crescente;Chuva;Dupla;"Reta;Declive";N�o;6;0;2;0;3;3;2;6;-19,89003;-47,84684;SPRF-MG;DEL13-MG;UOP01-DEL13-MG;;;
669108;23/03/2025;domingo;17:20:00;CE;116;54;PACAJUS;Ingest�o de �lcool pelo condutor;Colis�o traseira;Com V�timas Feridas;Anoitecer;Decrescente;C�u Claro;Simples;Reta;N�o;4;0;2;0;1;1;2;3;-4,2129075;-38,47321496;SPRF-CE;DEL01-CE;UOP02-DEL01-CE;;;
669116;22/03/2025;s�bado;23:00:00;CE;116;66;CHOROZINHO;Condutor Dormindo;Sa�da de leito carro��vel;Sem V�timas;Plena Noite;Crescente;C�u Claro;Simples;Curva;N�o;1;0;0;0;0;1;0;1;-4,302783;-38,502468;SPRF-CE;DEL01-CE;UOP02-DEL01-CE;;;
669123;23/03/2025;domingo;19:35:00;MG;153;237,3;FRONTEIRA;Transitar na contram�o;Colis�o frontal;Com V�timas Fatais;Plena Noite;Decrescente;Nublado;Simples;Reta;N�o;6;1;0;3;1;3;3;5;-20,236742;-49,160542;SPRF-MG;DEL13-MG;UOP02-DEL13-MG;;;
669127;23/03/2025;domingo;18:40:00;SC;101;43;PALHOCA;Rea��o tardia ou ineficiente do condutor;Colis�o lateral mesmo sentido;Com V�timas Feridas;Plena Noite;Decrescente;Nublado;Dupla;Reta;N�o;2;0;1;0;1;0;1;2;-27,66617847;-48,71579289;SPRF-SC;DEL01-SC;UOP02-DEL01-SC;;;
669135;23/03/2025;domingo;19:20:00;PE;232;212;PESQUEIRA;Rea��o tardia ou ineficiente do condutor;Colis�o frontal;Com V�timas Fatais;Plena Noite;Crescente;C�u Claro;Simples;Reta;Sim;2;1;0;0;1;0;0;2;-8,373175;-36,713615;SPRF-PE;DEL03-PE;UOP02-DEL03-PE;;;
669138;23/03/2025;domingo;20:02:00;PR;153;497;PORTO VITORIA;Acumulo de �leo sobre o pavimento;Colis�o frontal;Com V�timas Feridas;Plena Noite;Decrescente;C�u Claro;Simples;Reta;N�o;5;0;2;2;0;1;4;3;-26,313205;-51,2186435;SPRF-PR;DEL02-PR;UOP03-DEL02-PR;;;
669146;23/03/2025;domingo;12:00:00;MG;251;334;RUBELITA;Rea��o tardia ou ineficiente do condutor;Sa�da de leito carro��vel;Com V�timas Fatais;Pleno dia;Decrescente;C�u Claro;Simples;"Curva;Declive";N�o;8;1;0;0;6;2;0;8;-16,264152;-42,410249;SPRF-MG;DEL12-MG;UOP02-DEL12-MG;;;
669148;23/03/2025;domingo;20:15:00;SP;116;544;BARRA DO TURVO;Rea��o tardia ou ineficiente do condutor;Tombamento;Com V�timas Feridas;Plena Noite;Decrescente;C�u Claro;Simples;"Declive;Curva";N�o;2;0;1;0;0;1;1;2;-24,95016699;-48,42400302;SPRF-SP;DEL05-SP;UOP02-DEL05-SP;;;
669153;23/03/2025;domingo;21:37:00;SC;101;217,2;PALHOCA;Entrada inopinada do pedestre;Atropelamento de Pedestre;Com V�timas Fatais;Plena Noite;Decrescente;C�u Claro;M�ltipla;"Reta;Interse��o de Vias";Sim;3;1;0;0;1;1;0;3;-27,66967;-48,673;SPRF-SC;DEL01-SC;UOP02-DEL01-SC;;;
669156;23/03/2025;domingo;18:30:00;BA;420;345;JAGUAQUARA;Transitar na contram�o;Colis�o frontal;Com V�timas Feridas;Anoitecer;Decrescente;C�u Claro;Simples;Reta;N�o;3;0;0;1;2;0;1;3;-13,51618634;-39,99747983;SPRF-BA;DEL03-BA;UOP01-DEL03-BA;;;
669158;23/03/2025;domingo;21:20:00;PR;277;1,5;PARANAGUA;Rea��o tardia ou ineficiente do condutor;Colis�o transversal;Com V�timas Feridas;Plena Noite;Decrescente;C�u Claro;Simples;Reta;Sim;3;0;1;0;1;2;1;4;-25,51102928;-48,53225285;SPRF-PR;DEL01-PR;UOP05-DEL01-PR;;;
669166;23/03/2025;domingo;22:30:00;SP;381;72;SAO PAULO;Rea��o tardia ou ineficiente do condutor;Colis�o traseira;Com V�timas Feridas;Plena Noite;Decrescente;C�u Claro;Dupla;"Declive;Reta";N�o;4;0;1;0;1;2;1;3;-23,35809194;-46,54945314;SPRF-SP;DEL03-SP;UOP01-DEL03-SP;;;
669168;26/01/2025;domingo;23:25:00;SP;116;496;CAJATI;Aus�ncia de rea��o do condutor;Colis�o lateral mesmo sentido;Com V�timas Feridas;Plena Noite;Decrescente;Chuva;Dupla;Reta;N�o;2;0;1;0;1;0;1;2;-24,75945513;-48,16458078;SPRF-SP;DEL05-SP;UOP01-DEL05-SP;;;
669179;24/03/2025;segunda-feira;01:05:00;GO;60;72;ABADIANIA;Rea��o tardia ou ineficiente do condutor;Colis�o traseira;Com V�timas Feridas;Plena Noite;Crescente;C�u Claro;Dupla;Curva;N�o;3;0;1;0;2;0;1;2;-16,2621089;-48,7636448;SPRF-GO;DEL02-GO;UOP01-DEL02-GO;;;
669182;24/03/2025;segunda-feira;01:15:00;RJ;101;495;ANGRA DOS REIS;Chuva;Colis�o traseira;Com V�timas Feridas;Plena Noite;Decrescente;Chuva;Simples;Curva;N�o;2;0;1;0;1;0;1;2;-22,93678;-44,31797;SPRF-RJ;DEL03-RJ;UOP03-DEL03-RJ;;;