id;data_inversa;dia_semana;horario;uf;br;km;municipio;causa_acidente;tipo_acidente;classificacao_acidente;fase_dia;sentido_via;condicao_metereologica;tipo_pista;tracado_via;uso_solo;pessoas;mortos;feridos_leves;feridos_graves;ilesos;ignorados;feridos;veiculos;latitude;longitude;regional;delegacia;uop;;;
669183;24/03/2025;segunda-feira;01:14:00;MG;153;240,3;FRONTEIRA;Ingest�o de �lcool pelo condutor;Colis�o traseira;Com V�timas Feridas;Plena Noite;Decrescente;Nublado;Simples;Reta;N�o;3;0;0;1;1;3;1;5;-20,260702;-49,177777;SPRF-MG;DEL13-MG;UOP02-DEL13-MG;;;
669189;24/03/2025;segunda-feira;04:30:00;RS;116;232,5;ESTANCIA VELHA;Carga excessiva e/ou mal acondicionada;Colis�o com objeto;Com V�timas Feridas;Plena Noite;Crescente;C�u Claro;Simples;"Declive;Curva";N�o;2;0;1;1;0;0;2;1;-29,628757;-51,143743;SPRF-RS;DEL01-RS;UOP02-DEL01-RS;;;
669191;24/03/2025;segunda-feira;04:45:00;MG;381;794,5;SAO GONCALO DO SAPUCAI;Aus�ncia de rea��o do condutor;Colis�o com objeto;Com V�timas Fatais;Plena Noite;Crescente;C�u Claro;Dupla;"Reta;Declive";N�o;4;1;2;0;0;5;2;8;-21,909045;-45,568497;SPRF-MG;DEL16-MG;UOP02-DEL16-MG;;;
669195;24/03/2025;segunda-feira;04:40:00;PR;163;259;TOLEDO;Mal s�bito do condutor;Sa�da de leito carro��vel;Com V�timas Fatais;Plena Noite;Decrescente;C�u Claro;Dupla;"Reta;Declive";N�o;2;1;0;0;0;1;0;2;-24,641012;-53,857046;SPRF-PR;DEL06-PR;UOP02-DEL06-PR;;;
669197;23/03/2025;domingo;21:00:00;RJ;116;327;ITATIAIA;Acumulo de �gua sobre o pavimento;Colis�o traseira;Com V�timas Feridas;Plena Noite;Decrescente;Chuva;Dupla;Reta;N�o;3;0;2;0;0;1;2;2;-22,50496287;-44,59387064;SPRF-RJ;DEL07-RJ;UOP02-DEL07-RJ;;;
669198;24/03/2025;segunda-feira;06:19:00;ES;101;400,5;ITAPEMIRIM;Carga excessiva e/ou mal acondicionada;Tombamento;Com V�timas Feridas;Pleno dia;Decrescente;C�u Claro;Simples;"Declive;Curva";N�o;3;0;2;0;0;1;2;2;-20,888112;-40,984341;SPRF-ES;DEL03-ES;UOP02-DEL03-ES;;;
669211;24/03/2025;segunda-feira;06:30:00;ES;101;261,3;SERRA;Manobra de mudan�a de faixa;Engavetamento;Com V�timas Feridas;Amanhecer;Crescente;C�u Claro;Dupla;"Reta;Aclive";N�o;12;0;1;0;10;1;1;8;-20,1514333;-40,278725;SPRF-ES;DEL02-ES;UOP01-DEL02-ES;;;
669218;24/03/2025;segunda-feira;08:15:00;SC;101;201;SAO JOSE;Manobra de mudan�a de faixa;Colis�o traseira;Com V�timas Feridas;Pleno dia;Crescente;C�u Claro;M�ltipla;Reta;Sim;3;0;2;0;1;0;2;2;-27,549037;-48,619786;SPRF-SC;DEL01-SC;UOP01-DEL01-SC;;;
669219;24/03/2025;segunda-feira;06:11:00;PE;101;109;CABO DE SANTO AGOSTINHO;Manobra de mudan�a de faixa;Colis�o lateral mesmo sentido;Sem V�timas;Pleno dia;Crescente;Sol;Dupla;Curva;N�o;2;0;0;0;2;0;0;2;-8,30486669;-35,0698185;SPRF-PE;DEL01-PE;UOP03-DEL01-PE;;;
669235;24/03/2025;segunda-feira;06:30:00;GO;20;1;FORMOSA;Aus�ncia de rea��o do condutor;Colis�o frontal;Com V�timas Feridas;Amanhecer;Crescente;Chuva;Simples;"Declive;Curva";Sim;3;0;0;1;1;3;1;5;-15,57942;-47,334373;SPRF-DF;DEL02-DF;UOP02-DEL02-DF;;;
669239;24/03/2025;segunda-feira;09:10:00;BA;324;599;SIMOES FILHO;Ingest�o de �lcool pelo condutor;Colis�o traseira;Sem V�timas;Pleno dia;Crescente;C�u Claro;M�ltipla;Reta;N�o;2;0;0;0;2;0;0;2;-12,74194511;-38,43853918;SPRF-BA;DEL01-BA;UOP01-DEL01-BA;;;
669240;24/03/2025;segunda-feira;09:00:00;SP;153;268,8;VERA CRUZ;Rea��o tardia ou ineficiente do condutor;Colis�o traseira;Sem V�timas;Pleno dia;Decrescente;C�u Claro;Simples;Reta;N�o;4;0;0;0;3;1;0;3;-22,33697;-49,89868;SPRF-SP;DEL07-SP;UOP02-DEL07-SP;;;
669249;24/03/2025;segunda-feira;04:15:00;MG;365;138,2;VARZEA DA PALMA;Condutor Dormindo;Colis�o frontal;Com V�timas Feridas;Plena Noite;Crescente;Nublado;Simples;Reta;N�o;6;0;2;2;1;2;4;4;-17,23381691;-44,81460571;SPRF-MG;DEL12-MG;UOP01-DEL12-MG;;;
669250;24/03/2025;segunda-feira;08:30:00;PR;376;603,9;CURITIBA;Velocidade Incompat�vel;Colis�o traseira;Com V�timas Feridas;Pleno dia;Crescente;C�u Claro;Dupla;Reta;N�o;4;0;1;0;2;3;1;6;-25,50559091;-49,34075095;SPRF-PR;DEL01-PR;UOP06-DEL01-PR;;;
669253;24/03/2025;segunda-feira;09:10:00;MG;381;568,5;ITAGUARA;Velocidade Incompat�vel;Colis�o com objeto;Com V�timas Feridas;Pleno dia;Crescente;Chuva;Dupla;Curva;N�o;4;0;2;0;1;1;2;3;-20,40744425;-44,5241902;SPRF-MG;DEL04-MG;UOP03-DEL04-MG;;;
669254;24/03/2025;segunda-feira;11:00:00;CE;116;16;FORTALEZA;Condutor deixou de manter dist�ncia do ve�culo da frente;Engavetamento;Com V�timas Feridas;Pleno dia;Decrescente;Chuva;Dupla;Reta;N�o;6;0;1;0;4;1;1;6;-3,88751672;-38,50143432;SPRF-CE;DEL01-CE;UOP02-DEL01-CE;;;
669255;24/03/2025;segunda-feira;09:45:00;MG;40;270,1;SAO GONCALO DO ABAETE;Rea��o tardia ou ineficiente do condutor;Tombamento;Com V�timas Feridas;Pleno dia;Decrescente;Chuva;Simples;Reta;N�o;1;0;1;0;0;0;1;1;-18,17879973;-45,27534485;SPRF-MG;DEL14-MG;UOP02-DEL14-MG;;;
669261;24/03/2025;segunda-feira;11:55:00;RJ;40;89;PETROPOLIS;Demais falhas mec�nicas ou el�tricas;Inc�ndio;Sem V�timas;Pleno dia;Decrescente;Garoa/Chuvisco;Simples;"Reta;Aclive";N�o;1;0;0;0;1;0;0;1;-22,5551883;-43,2358517;SPRF-RJ;DEL01-RJ;UOP01-DEL01-RJ;;;
669264;24/03/2025;segunda-feira;11:20:00;MG;381;515;IGARAPE;Aus�ncia de rea��o do condutor;Colis�o traseira;Com V�timas Feridas;Pleno dia;Decrescente;Chuva;Dupla;Curva;N�o;3;0;1;0;1;1;1;3;-20,09919202;-44,31770361;SPRF-MG;DEL01-MG;UOP03-DEL01-MG;;;
669268;24/03/2025;segunda-feira;12:20:00;GO;40;3;VALPARAISO DE GOIAS;Condutor deixou de manter dist�ncia do ve�culo da frente;Colis�o traseira;Sem V�timas;Pleno dia;Decrescente;Chuva;Dupla;Reta;Sim;2;0;0;0;1;1;0;2;-16,078796;-47,985911;SPRF-DF;DEL01-DF;UOP01-DEL01-DF;;;
669269;24/03/2025;segunda-feira;11:15:00;SC;480;128,6;CHAPECO;Mal s�bito do condutor;Sa�da de leito carro��vel;Com V�timas Feridas;Pleno dia;Crescente;C�u Claro;Dupla;Curva;N�o;2;0;1;0;0;2;1;3;-27,04525308;-52,63615933;SPRF-SC;DEL07-SC;UOP01-DEL07-SC;;;
669273;24/03/2025;segunda-feira;04:30:00;PR;476;227;LAPA;Rea��o tardia ou ineficiente do condutor;Sa�da de leito carro��vel;Com V�timas Feridas;Plena Noite;Crescente;Ignorado;Simples;Curva;N�o;1;0;1;0;0;0;1;1;-25,78228867;-49,84453417;SPRF-PR;DEL01-PR;UOP06-DEL01-PR;;;
669278;24/03/2025;segunda-feira;10:00:00;SC;282;592,9;SAUDADES;Ultrapassagem Indevida;Colis�o lateral sentido oposto;Com V�timas Feridas;Pleno dia;Decrescente;Sol;Simples;"Curva;Aclive";N�o;6;0;2;1;1;2;3;5;-26,82621626;-53,10152592;SPRF-SC;DEL07-SC;UOP02-DEL07-SC;;;
669288;21/03/2025;sexta-feira;20:00:00;BA;101;76;ENTRE RIOS;Ultrapassagem Indevida;Colis�o lateral mesmo sentido;Com V�timas Feridas;Plena Noite;Crescente;C�u Claro;Simples;"Em Obras;Reta;Declive";N�o;2;0;0;1;1;0;1;2;-11,973134;-38,14281464;SPRF-BA;DEL01-BA;UOP04-DEL01-BA;;;
669295;24/03/2025;segunda-feira;14:00:00;PE;101;57,4;RECIFE;Demais falhas mec�nicas ou el�tricas;Inc�ndio;Sem V�timas;Pleno dia;Crescente;C�u Claro;Dupla;Reta;Sim;1;0;0;0;1;0;0;1;-7,9676082;-34,9180862;SPRF-PE;DEL01-PE;UOP02-DEL01-PE;;;
669303;24/03/2025;segunda-feira;12:50:00;MG;381;923,8;ITAPEVA;Aus�ncia de rea��o do condutor;Colis�o traseira;Com V�timas Feridas;Pleno dia;Crescente;C�u Claro;Dupla;Curva;N�o;2;0;1;0;1;0;1;2;-22,7686459;-46,2100887;SPRF-MG;DEL16-MG;UOP03-DEL16-MG;;;
669307;24/03/2025;segunda-feira;14:30:00;SE;235;8;NOSSA SENHORA DO SOCORRO;Condutor deixou de manter dist�ncia do ve�culo da frente;Colis�o traseira;Com V�timas Feridas;Pleno dia;Crescente;C�u Claro;Simples;"Reta;Viaduto";N�o;3;0;1;0;2;0;1;2;-10,88406999;-37,13197924;SPRF-SE;DEL01-SE;UOP01-DEL01-SE;;;
669310;24/03/2025;segunda-feira;10:50:00;MT;70;695;CACERES;Demais falhas mec�nicas ou el�tricas;Colis�o transversal;Com V�timas Feridas;Pleno dia;Decrescente;C�u Claro;Simples;"Curva;Declive";N�o;4;0;2;0;1;1;2;3;-16,250672;-57,466145;SPRF-MT;DEL03-MT;UOP01-DEL03-MT;;;
669312;21/03/2025;sexta-feira;21:30:00;RS;153;46;ERECHIM;Transitar na contram�o;Colis�o lateral sentido oposto;Sem V�timas;Plena Noite;Decrescente;C�u Claro;Simples;Reta;Sim;3;0;0;0;1;2;0;3;-27,64048299;-52,24315438;SPRF-RS;DEL08-RS;UOP04-DEL08-RS;;;
669314;24/03/2025;segunda-feira;14:20:00;RS;472;560;URUGUAIANA;Manobra de mudan�a de faixa;Colis�o lateral mesmo sentido;Sem V�timas;Pleno dia;Crescente;C�u Claro;Simples;Reta;N�o;4;0;0;0;4;0;0;2;-29,6865718;-56,9106648;SPRF-RS;DEL13-RS;UOP01-DEL13-RS;;;
669318;24/03/2025;segunda-feira;15:25:00;MG;381;544,5;ITATIAIUCU;Rea��o tardia ou ineficiente do condutor;Colis�o traseira;Com V�timas Feridas;Pleno dia;Crescente;Nublado;Dupla;"Reta;Aclive";N�o;6;0;2;0;4;0;2;4;-20,27137605;-44,42527771;SPRF-MG;DEL04-MG;UOP03-DEL04-MG;;;
669326;24/03/2025;segunda-feira;16:20:00;MT;364;391,1;CUIABA;Chuva;Sa�da de leito carro��vel;Com V�timas Feridas;Pleno dia;Decrescente;Chuva;Dupla;Curva;N�o;2;0;0;1;0;1;1;2;-15,69370721;-55,90186089;SPRF-MT;DEL01-MT;UOP02-DEL01-MT;;;
669328;24/03/2025;segunda-feira;16:50:00;PR;153;366;RIO AZUL;Aus�ncia de sinaliza��o;Colis�o transversal;Sem V�timas;Pleno dia;Crescente;Nublado;Simples;"Interse��o de Vias;Reta";Sim;2;0;0;0;2;0;0;2;-25,73869107;-50,80240466;SPRF-PR;DEL08-PR;UOP02-DEL08-PR;;;
669329;24/03/2025;segunda-feira;17:30:00;GO;60;107;GOIANAPOLIS;Problema com o freio;Colis�o com objeto;Com V�timas Feridas;Anoitecer;Crescente;Vento;Dupla;Reta;N�o;2;0;1;0;1;0;1;2;-16,438422;-49,019002;SPRF-GO;DEL02-GO;UOP01-DEL02-GO;;;
669333;24/03/2025;segunda-feira;17:00:00;DF;20;20;BRASILIA;Chuva;Sa�da de leito carro��vel;Sem V�timas;Anoitecer;Decrescente;Chuva;Dupla;"Ponte;Reta;Declive";Sim;2;0;0;0;1;2;0;3;-15,6071667;-47,6919317;SPRF-DF;DEL02-DF;UOP01-DEL02-DF;;;
669345;24/03/2025;segunda-feira;15:35:00;SC;280;24;ARAQUARI;Pista Escorregadia;Colis�o frontal;Com V�timas Feridas;Pleno dia;Crescente;C�u Claro;Simples;Reta;Sim;4;0;1;0;2;1;1;3;-26,37882642;-48,72131456;SPRF-SC;DEL03-SC;UOP03-DEL03-SC;;;
669347;24/03/2025;segunda-feira;18:00:00;DF;20;26,2;BRASILIA;Acumulo de �gua sobre o pavimento;Sa�da de leito carro��vel;Sem V�timas;Plena Noite;Decrescente;Chuva;Dupla;"Reta;Declive";N�o;1;0;0;0;1;0;0;1;-15,596095;-47,641812;SPRF-DF;DEL02-DF;UOP01-DEL02-DF;;;
669351;24/03/2025;segunda-feira;14:40:00;MG;116;40,4;PEDRA AZUL;Animais na Pista;Atropelamento de Animal;Com V�timas Feridas;Pleno dia;Crescente;C�u Claro;Simples;Interse��o de Vias;N�o;2;0;0;1;0;1;1;2;-15,985898;-41,407027;SPRF-MG;DEL11-MG;UOP02-DEL11-MG;;;
669363;24/03/2025;segunda-feira;17:35:00;MG;116;207;CATUJI;Ultrapassagem Indevida;Colis�o frontal;Com V�timas Fatais;Anoitecer;Crescente;C�u Claro;Simples;Reta;Sim;5;1;0;0;2;2;0;5;-17,30723338;-41,5177846;SPRF-MG;DEL11-MG;UOP01-DEL11-MG;;;
669369;24/03/2025;segunda-feira;17:30:00;BA;235;130;JEREMOABO;Rea��o tardia ou ineficiente do condutor;Capotamento;Com V�timas Feridas;Plena Noite;Decrescente;C�u Claro;Simples;Curva;N�o;2;0;1;0;0;1;1;2;-10,10348664;-38,4296608;SPRF-BA;DEL07-BA;UOP03-DEL07-BA;;;
669374;24/03/2025;segunda-feira;20:45:00;ES;101;289;CARIACICA;Entrada inopinada do pedestre;Atropelamento de Pedestre;Com V�timas Feridas;Plena Noite;Decrescente;Nublado;Dupla;Reta;Sim;2;0;0;1;0;1;1;2;-20,27765256;-40,3925195;SPRF-ES;DEL01-ES;UOP01-DEL01-ES;;;
669386;19/02/2025;quarta-feira;17:35:00;SC;116;10,8;MAFRA;Rea��o tardia ou ineficiente do condutor;Engavetamento;Com V�timas Fatais;Pleno dia;Decrescente;Chuva;Simples;"Declive;Reta";N�o;7;1;0;2;4;0;2;5;-26,1755878;-49,857169;SPRF-SC;DEL06-SC;UOP01-DEL06-SC;;;
669388;24/03/2025;segunda-feira;20:30:00;MT;163;786;VERA;Demais falhas mec�nicas ou el�tricas;Inc�ndio;Sem V�timas;Plena Noite;Crescente;Nublado;Simples;Curva;N�o;2;0;0;0;0;3;0;3;-12,2856868;-55,5625067;SPRF-MT;DEL06-MT;UOP02-DEL06-MT;;;
669390;24/03/2025;segunda-feira;21:20:00;RJ;116;202;SEROPEDICA;Aus�ncia de rea��o do condutor;Colis�o traseira;Com V�timas Feridas;Plena Noite;Decrescente;Nublado;Dupla;Reta;Sim;4;0;1;0;2;1;1;3;-22,72264067;-43,67428064;SPRF-RJ;DEL06-RJ;UOP02-DEL06-RJ;;;
669392;24/03/2025;segunda-feira;16:00:00;RO;421;64;MONTE NEGRO;Rea��o tardia ou ineficiente do condutor;Tombamento;Com V�timas Feridas;Pleno dia;Decrescente;C�u Claro;Simples;"Curva;Declive";N�o;2;0;1;0;0;1;1;2;-10,34861045;-63,38562012;SPRF-RO;DEL03-RO;UOP01-DEL03-RO;;;
669397;24/03/2025;segunda-feira;23:00:00;GO;414;357;COCALZINHO DE GOIAS;Velocidade Incompat�vel;Tombamento;Com V�timas Feridas;Plena Noite;Crescente;Ignorado;Simples;Curva;N�o;2;0;1;0;0;3;1;4;-15,67028;-48,69869;SPRF-GO;DEL02-GO;UOP01-DEL02-GO;;;
669401;25/03/2025;ter�a-feira;00:30:00;SP;116;116;TAUBATE;Rea��o tardia ou ineficiente do condutor;Tombamento;Com V�timas Feridas;Plena Noite;Crescente;C�u Claro;Dupla;Reta;Sim;2;0;1;0;0;1;1;2;-23,05016216;-45,60196817;SPRF-SP;DEL02-SP;UOP02-DEL02-SP;;;
669404;25/03/2025;ter�a-feira;02:00:00;RS;386;284,2;SAO JOSE DO HERVAL;Carga excessiva e/ou mal acondicionada;Tombamento;Com V�timas Feridas;Plena Noite;Crescente;Nublado;Simples;"Declive;Curva";N�o;2;0;1;1;0;0;2;1;-29,0611193;-52,289067;SPRF-RS;DEL04-RS;UOP03-DEL04-RS;;;
669406;24/03/2025;segunda-feira;23:36:00;PR;153;121,5;IBAITI;Velocidade Incompat�vel;Tombamento;Com V�timas Fatais;Plena Noite;Crescente;C�u Claro;Simples;"Curva;Declive";N�o;1;1;0;0;0;0;0;1;-23,93446631;-50,2397275;SPRF-PR;DEL07-PR;UOP04-DEL07-PR;;;
669420;25/03/2025;ter�a-feira;04:00:00;PE;104;77,9;AGRESTINA;Velocidade Incompat�vel;Sa�da de leito carro��vel;Com V�timas Feridas;Amanhecer;Crescente;Nublado;Simples;Curva;N�o;2;0;0;2;0;0;2;1;-8,386067;-35,981151;SPRF-PE;DEL02-PE;UOP01-DEL02-PE;;;
669428;25/03/2025;ter�a-feira;06:40:00;MS;163;481;CAMPO GRANDE;Acessar a via sem observar a presen�a dos outros ve�culos;Colis�o transversal;Com V�timas Feridas;Pleno dia;Crescente;C�u Claro;Simples;"Viaduto;Reta";Sim;3;0;1;0;1;3;1;5;-20,4634339;-54,5551825;SPRF-MS;DEL01-MS;UOP01-DEL01-MS;;;
669436;25/03/2025;ter�a-feira;08:00:00;PA;316;54;CASTANHAL;Aus�ncia de rea��o do condutor;Engavetamento;Com V�timas Feridas;Pleno dia;Crescente;C�u Claro;Dupla;Reta;Sim;4;0;2;0;2;0;2;3;-1,3060714;-48,0074145;SPRF-PA;DEL01-PA;UOP01-DEL01-PA;;;
669453;25/03/2025;ter�a-feira;09:10:00;SE;101;93,4;NOSSA SENHORA DO SOCORRO;Demais falhas mec�nicas ou el�tricas;Colis�o lateral mesmo sentido;Sem V�timas;Pleno dia;Decrescente;C�u Claro;Dupla;"Reta;Retorno Regulamentado";Sim;3;0;0;0;2;1;0;3;-10,90428955;-37,14811206;SPRF-SE;DEL01-SE;UOP01-DEL01-SE;;;
669458;25/03/2025;ter�a-feira;08:00:00;MS;158;280;TRES LAGOAS;Rea��o tardia ou ineficiente do condutor;Colis�o transversal;Com V�timas Feridas;Pleno dia;Crescente;C�u Claro;Simples;Reta;N�o;7;0;2;0;4;1;2;3;-20,828534;-51,729649;SPRF-MS;DEL07-MS;UOP01-DEL07-MS;;;
669463;10/02/2025;segunda-feira;18:49:00;PA;163;318;NOVO PROGRESSO;Ultrapassagem Indevida;Tombamento;Com V�timas Feridas;Anoitecer;Crescente;Ignorado;Simples;Reta;N�o;4;0;2;0;1;5;2;8;-6,975396;-55,446412;SPRF-PA;DEL05-PA;UOP03-DEL05-PA;;;
669465;25/03/2025;ter�a-feira;08:00:00;GO;40;93;CRISTALINA;Acessar a via sem observar a presen�a dos outros ve�culos;Colis�o transversal;Com V�timas Feridas;Pleno dia;Decrescente;C�u Claro;Simples;Interse��o de Vias;N�o;5;0;3;0;1;1;3;3;-16,74866037;-47,60925293;SPRF-DF;DEL01-DF;UOP02-DEL01-DF;;;
669468;25/03/2025;ter�a-feira;08:00:00;MT;70;728;CACERES;Demais falhas mec�nicas ou el�tricas;Inc�ndio;Sem V�timas;Pleno dia;Crescente;C�u Claro;Simples;Reta;N�o;2;0;0;0;2;0;0;1;-16,11749639;-57,66607281;SPRF-MT;DEL03-MT;UOP01-DEL03-MT;;;
669479;17/03/2025;segunda-feira;10:30:00;RJ;116;180;BELFORD ROXO;Aus�ncia de rea��o do condutor;Colis�o com objeto;Com V�timas Feridas;Pleno dia;Crescente;Chuva;Dupla;Reta;N�o;3;0;1;0;1;1;1;3;-22,765117;-43,415723;SPRF-RJ;DEL06-RJ;UOP01-DEL06-RJ;;;
669480;25/03/2025;ter�a-feira;07:30:00;BA;242;291;LAJEDINHO;Ultrapassagem Indevida;Colis�o traseira;Com V�timas Feridas;Pleno dia;Decrescente;C�u Claro;Simples;"Curva;Declive";N�o;4;0;1;0;2;1;1;4;-12,44410749;-40,82663298;SPRF-BA;DEL06-BA;UOP02-DEL06-BA;;;
669485;26/02/2025;quarta-feira;06:40:00;MG;365;424;PATOS DE MINAS;Demais falhas na via;Sa�da de leito carro��vel;Com V�timas Feridas;Pleno dia;Decrescente;C�u Claro;Simples;"Declive;Reta";N�o;1;0;1;0;0;0;1;1;-18,7193;-46,613;SPRF-MG;DEL10-MG;UOP01-DEL10-MG;;;
669489;25/03/2025;ter�a-feira;08:30:00;BA;415;29;ILHEUS;Manobra de mudan�a de faixa;Colis�o lateral mesmo sentido;Com V�timas Feridas;Pleno dia;Decrescente;Sol;Dupla;Reta;N�o;3;0;1;0;1;1;1;3;-14,785726;-39,222999;SPRF-BA;DEL05-BA;UOP01-DEL05-BA;;;
669491;25/03/2025;ter�a-feira;12:40:00;RJ;40;107;DUQUE DE CAXIAS;Manobra de mudan�a de faixa;Colis�o lateral mesmo sentido;Com V�timas Feridas;Pleno dia;Crescente;Sol;M�ltipla;Reta;Sim;2;0;1;0;1;0;1;2;-22,66195;-43,284563;SPRF-RJ;DEL01-RJ;UOP02-DEL01-RJ;;;
669493;25/03/2025;ter�a-feira;08:00:00;MG;381;249;SANTANA DO PARAISO;Frear bruscamente;Colis�o traseira;Com V�timas Feridas;Pleno dia;Crescente;C�u Claro;Simples;Aclive;N�o;4;0;0;1;3;0;1;4;-19,44460008;-42,5135622;SPRF-MG;DEL06-MG;UOP01-DEL06-MG;;;
669495;25/03/2025;ter�a-feira;13:45:00;SC;101;137;BALNEARIO CAMBORIU;Trafegar com motocicleta (ou similar) entre as faixas;Colis�o lateral mesmo sentido;Com V�timas Feridas;Pleno dia;Decrescente;Nublado;Dupla;Reta;Sim;4;0;0;1;1;2;1;4;-27,01573;-48,61183;SPRF-SC;DEL04-SC;UOP03-DEL04-SC;;;
669496;25/03/2025;ter�a-feira;13:26:00;SP;116;389;MIRACATU;Rea��o tardia ou ineficiente do condutor;Colis�o lateral mesmo sentido;Com V�timas Feridas;Pleno dia;Crescente;C�u Claro;Dupla;Reta;N�o;4;0;1;0;3;0;1;3;-24,27289333;-47,40707582;SPRF-SP;DEL04-SP;UOP02-DEL04-SP;;;
669497;25/03/2025;ter�a-feira;14:25:00;SP;381;47;ATIBAIA;Demais falhas mec�nicas ou el�tricas;Eventos at�picos;Sem V�timas;Pleno dia;Crescente;C�u Claro;Dupla;Reta;N�o;4;0;0;0;1;3;0;4;-23,19179853;-46,58528913;SPRF-SP;DEL03-SP;UOP01-DEL03-SP;;;
669499;21/03/2025;sexta-feira;08:30:00;MS;267;233;NOVA ALVORADA DO SUL;Rea��o tardia ou ineficiente do condutor;Colis�o com objeto;Sem V�timas;Pleno dia;Decrescente;C�u Claro;Simples;Reta;N�o;2;0;0;0;1;2;0;3;-21,516445;-54,238086;SPRF-MS;DEL02-MS;UOP01-DEL02-MS;;;
669500;25/03/2025;ter�a-feira;12:25:00;PR;376;501;PONTA GROSSA;Rea��o tardia ou ineficiente do condutor;Colis�o traseira;Sem V�timas;Pleno dia;Crescente;Sol;Dupla;Reta;Sim;14;0;0;0;13;2;0;7;-25,162776;-50,121944;SPRF-PR;DEL03-PR;UOP04-DEL03-PR;;;
669508;25/03/2025;ter�a-feira;15:00:00;ES;101;152,9;LINHARES;Transitar na contram�o;Colis�o frontal;Com V�timas Feridas;Pleno dia;Crescente;C�u Claro;Simples;Curva;N�o;4;0;2;0;1;2;2;4;-19,42346258;-40,0788129;SPRF-ES;DEL04-ES;UOP01-DEL04-ES;;;
669514;25/03/2025;ter�a-feira;15:50:00;MG;40;747,9;SANTOS DUMONT;Falta de acostamento;Colis�o lateral mesmo sentido;Com V�timas Feridas;Pleno dia;Decrescente;Nublado;Simples;"Curva;Declive";Sim;3;0;1;0;1;2;1;4;-21,4780802;-43,54578137;SPRF-MG;DEL05-MG;UOP01-DEL05-MG;;;
669515;25/03/2025;ter�a-feira;16:10:00;PR;277;70;SAO JOSE DOS PINHAIS;Condutor deixou de manter dist�ncia do ve�culo da frente;Colis�o traseira;Sem V�timas;Pleno dia;Crescente;C�u Claro;Dupla;Interse��o de Vias;N�o;3;0;0;0;2;1;0;3;-25,51176517;-49,12745649;SPRF-PR;DEL01-PR;UOP01-DEL01-PR;;;
669517;25/03/2025;ter�a-feira;16:10:00;DF;60;8,7;BRASILIA;Rea��o tardia ou ineficiente do condutor;Sa�da de leito carro��vel;Com V�timas Feridas;Pleno dia;Crescente;Nublado;Dupla;Reta;Sim;2;0;1;0;0;2;1;3;-15,90532;-48,138197;SPRF-DF;DEL03-DF;UOP01-DEL03-DF;;;
669518;25/03/2025;ter�a-feira;16:00:00;DF;70;11,9;BRASILIA;Acessar a via sem observar a presen�a dos outros ve�culos;Colis�o transversal;Com V�timas Fatais;Pleno dia;Decrescente;Nublado;Dupla;"Reta;Interse��o de Vias";Sim;4;1;0;1;2;0;1;2;-15,793191;-48,160552;SPRF-DF;DEL03-DF;UOP02-DEL03-DF;;;
669521;25/03/2025;ter�a-feira;11:15:00;MG;262;568,3;CORREGO DANTA;Velocidade Incompat�vel;Colis�o frontal;Com V�timas Fatais;Pleno dia;Decrescente;Chuva;Simples;"Declive;Curva";N�o;3;1;0;0;1;2;0;4;-19,72863079;-46,01982549;SPRF-MG;DEL08-MG;UOP02-DEL08-MG;;;
669527;25/03/2025;ter�a-feira;17:15:00;SC;101;207;SAO JOSE;Manobra de mudan�a de faixa;Colis�o traseira;Com V�timas Feridas;Pleno dia;Crescente;Nublado;M�ltipla;"Curva;Aclive";N�o;4;0;0;1;2;1;1;3;-27,600992;-48,623542;SPRF-SC;DEL01-SC;UOP01-DEL01-SC;;;
669528;25/03/2025;ter�a-feira;14:45:00;PA;222;182;BOM JESUS DO TOCANTINS;Rea��o tardia ou ineficiente do condutor;Colis�o frontal;Com V�timas Fatais;Pleno dia;Crescente;Chuva;Simples;"Declive;Reta";N�o;5;1;1;1;1;1;2;3;-5,077352;-48,683348;SPRF-PA;DEL03-PA;UOP01-DEL03-PA;;;
669538;25/03/2025;ter�a-feira;18:00:00;ES;101;285,3;CARIACICA;Acessar a via sem observar a presen�a dos outros ve�culos;Colis�o lateral mesmo sentido;Com V�timas Feridas;Anoitecer;Crescente;C�u Claro;Dupla;Retorno Regulamentado;Sim;3;0;0;1;1;1;1;3;-20,2520592;-40,3729313;SPRF-ES;DEL01-ES;UOP01-DEL01-ES;;;
669555;25/03/2025;ter�a-feira;17:50:00;MS;163;548;BANDEIRANTES;Transitar na contram�o;Colis�o lateral sentido oposto;Com V�timas Feridas;Plena Noite;Decrescente;C�u Claro;Simples;Aclive;Sim;3;0;0;1;1;1;1;3;-19,9257419;-54,36641151;SPRF-MS;DEL01-MS;UOP02-DEL01-MS;;;
669557;25/03/2025;ter�a-feira;16:30:00;PA;10;262,1;AURORA DO PARA;Convers�o proibida;Colis�o transversal;Com V�timas Feridas;Pleno dia;Crescente;Sol;Simples;Reta;Sim;3;0;1;0;2;0;1;2;-2,14252114;-47,56118774;SPRF-PA;DEL02-PA;UOP01-DEL02-PA;;;
669559;25/03/2025;ter�a-feira;17:00:00;SC;282;54,3;AGUAS MORNAS;Velocidade Incompat�vel;Colis�o frontal;Com V�timas Feridas;Pleno dia;Decrescente;Chuva;Simples;"Curva;Declive";N�o;2;0;1;0;1;0;1;2;-27,68806;-48,976397;SPRF-SC;DEL01-SC;UOP03-DEL01-SC;;;