id;data_inversa;dia_semana;horario;uf;br;km;municipio;causa_acidente;tipo_acidente;classificacao_acidente;fase_dia;sentido_via;condicao_metereologica;tipo_pista;tracado_via;uso_solo;pessoas;mortos;feridos_leves;feridos_graves;ilesos;ignorados;feridos;veiculos;latitude;longitude;regional;delegacia;uop;;;
669852;27/03/2025;quinta-feira;12:00:00;PR;163;208;CASCAVEL;Rea��o tardia ou ineficiente do condutor;Colis�o traseira;Com V�timas Feridas;Pleno dia;Crescente;C�u Claro;Dupla;Reta;N�o;5;0;2;0;3;0;2;3;-24,9516891;-53,4387933;SPRF-PR;DEL05-PR;UOP05-DEL05-PR;;;
669855;27/03/2025;quinta-feira;12:30:00;RS;116;147,3;CAXIAS DO SUL;Rea��o tardia ou ineficiente do condutor;Colis�o lateral mesmo sentido;Com V�timas Feridas;Pleno dia;Crescente;C�u Claro;Dupla;Reta;Sim;4;0;0;1;3;0;1;4;-29,1625425;-51,15740776;SPRF-RS;DEL05-RS;UOP01-DEL05-RS;;;
669856;27/03/2025;quinta-feira;12:20:00;RS;290;116;ELDORADO DO SUL;Aus�ncia de rea��o do condutor;Sa�da de leito carro��vel;Com V�timas Feridas;Pleno dia;Decrescente;Nublado;Simples;Reta;N�o;2;0;1;0;0;1;1;2;-30,0478491;-51,3817964;SPRF-RS;DEL02-RS;UOP01-DEL02-RS;;;
669858;27/03/2025;quinta-feira;12:20:00;MG;267;147;LIMA DUARTE;Acessar a via sem observar a presen�a dos outros ve�culos;Colis�o transversal;Com V�timas Feridas;Pleno dia;Crescente;C�u Claro;Simples;Curva;Sim;5;0;0;1;4;0;1;3;-21,78995;-43,67364;SPRF-MG;DEL05-MG;UOP01-DEL05-MG;;;
669862;27/03/2025;quinta-feira;12:30:00;RS;470;215;BENTO GONCALVES;Aus�ncia de rea��o do condutor;Colis�o lateral sentido oposto;Com V�timas Feridas;Pleno dia;Decrescente;C�u Claro;Simples;Curva;Sim;3;0;1;0;1;1;1;3;-29,164759;-51,5294747;SPRF-RS;DEL06-RS;UOP01-DEL06-RS;;;
669865;27/03/2025;quinta-feira;12:27:00;SC;470;64;INDAIAL;Aus�ncia de rea��o do condutor;Colis�o traseira;Com V�timas Feridas;Pleno dia;Crescente;C�u Claro;Simples;Curva;N�o;7;0;3;1;2;1;4;5;-26,87150665;-49,19751227;SPRF-SC;DEL04-SC;UOP01-DEL04-SC;;;
669866;27/03/2025;quinta-feira;12:39:00;PE;408;60,5;CARPINA;Rea��o tardia ou ineficiente do condutor;Colis�o frontal;Com V�timas Feridas;Pleno dia;Crescente;C�u Claro;Simples;Reta;N�o;3;0;2;0;1;0;2;3;-7,820602;-35,245978;SPRF-PE;DEL01-PE;UOP01-DEL01-PE;;;
669868;27/03/2025;quinta-feira;12:20:00;GO;153;680;ITUMBIARA;Aus�ncia de rea��o do condutor;Colis�o traseira;Com V�timas Feridas;Pleno dia;Decrescente;C�u Claro;Dupla;Reta;N�o;3;0;2;0;0;1;2;3;-18,29107704;-49,23859926;SPRF-GO;DEL03-GO;UOP02-DEL03-GO;;;
669870;16/03/2025;domingo;03:10:00;PR;277;297,5;PRUDENTOPOLIS;Transitar na contram�o;Colis�o lateral sentido oposto;Com V�timas Fatais;Plena Noite;Crescente;Nublado;Simples;Reta;N�o;5;2;0;0;0;3;0;4;-25,313954;-51,076928;SPRF-PR;DEL08-PR;UOP02-DEL08-PR;;;
669873;27/03/2025;quinta-feira;12:30:00;MT;364;349,9;SANTO ANTONIO DO LEVERGER;Rea��o tardia ou ineficiente do condutor;Colis�o traseira;Com V�timas Feridas;Pleno dia;Crescente;Chuva;Dupla;"Aclive;Curva";N�o;2;0;1;0;1;0;1;2;-15,79339;-55,58161;SPRF-MT;DEL05-MT;UOP02-DEL05-MT;;;
669877;27/03/2025;quinta-feira;10:10:00;RS;290;115;ELDORADO DO SUL;Acostamento em desn�vel;Tombamento;Com V�timas Feridas;Pleno dia;Decrescente;C�u Claro;Simples;Reta;N�o;2;0;1;0;0;2;1;3;-30,04542607;-51,35619164;SPRF-RS;DEL02-RS;UOP01-DEL02-RS;;;
669879;15/02/2025;s�bado;07:50:00;MG;262;434,7;SAO GONCALO DO PARA;Manobra de mudan�a de faixa;Colis�o lateral mesmo sentido;Com V�timas Feridas;Pleno dia;Decrescente;Sol;Dupla;Declive;N�o;7;0;4;1;1;1;5;3;-19,88103749;-44,91142273;SPRF-MG;DEL08-MG;UOP03-DEL08-MG;;;
669881;27/03/2025;quinta-feira;14:30:00;PR;277;37;MORRETES;Condutor deixou de manter dist�ncia do ve�culo da frente;Colis�o traseira;Com V�timas Feridas;Pleno dia;Crescente;C�u Claro;Dupla;"Reta;Aclive";N�o;3;0;1;0;1;3;1;5;-25,57817039;-48,8615101;SPRF-PR;DEL01-PR;UOP05-DEL01-PR;;;
669883;27/03/2025;quinta-feira;09:40:00;BA;116;554,7;MILAGRES;Demais falhas mec�nicas ou el�tricas;Colis�o lateral mesmo sentido;Com V�timas Feridas;Pleno dia;Decrescente;C�u Claro;Simples;Reta;N�o;3;0;0;1;1;1;1;3;-12,93471745;-39,89238739;SPRF-BA;DEL03-BA;UOP02-DEL03-BA;;;
669884;27/03/2025;quinta-feira;14:20:00;GO;153;493;GOIANIA;Aus�ncia de rea��o do condutor;Colis�o com objeto;Com V�timas Fatais;Pleno dia;Decrescente;C�u Claro;Dupla;Reta;Sim;3;1;1;0;0;1;1;2;-16,5904384;-49,152;SPRF-GO;DEL01-GO;UOP01-DEL01-GO;;;
669888;25/03/2025;ter�a-feira;12:40:00;PE;116;36,6;SALGUEIRO;Demais falhas mec�nicas ou el�tricas;Inc�ndio;Sem V�timas;Pleno dia;Crescente;Sol;Simples;Reta;N�o;1;0;0;0;1;0;0;1;-8,15913;-39,108335;SPRF-PE;DEL05-PE;UOP01-DEL05-PE;;;
669895;27/03/2025;quinta-feira;16:00:00;SC;282;57;RANCHO QUEIMADO;Aus�ncia de rea��o do condutor;Sa�da de leito carro��vel;Com V�timas Feridas;Pleno dia;Decrescente;C�u Claro;Simples;Reta;N�o;1;0;1;0;0;0;1;1;-27,68150353;-49,00577892;SPRF-SC;DEL01-SC;UOP03-DEL01-SC;;;
669896;27/03/2025;quinta-feira;16:17:00;BA;116;543,9;ITATIM;Rea��o tardia ou ineficiente do condutor;Colis�o traseira;Com V�timas Feridas;Pleno dia;Crescente;C�u Claro;Simples;Reta;N�o;4;0;1;0;2;2;1;5;-12,8522;-39,8449;SPRF-BA;DEL03-BA;UOP02-DEL03-BA;;;
669899;27/03/2025;quinta-feira;16:45:00;RS;392;709,8;PORTO XAVIER;Chuva;Colis�o frontal;Com V�timas Feridas;Pleno dia;Crescente;Chuva;Simples;Reta;N�o;4;0;2;0;2;0;2;2;-27,99330248;-55,13140082;SPRF-RS;DEL10-RS;UOP01-DEL10-RS;;;
669900;27/03/2025;quinta-feira;15:30:00;BA;101;374,5;GANDU;Problema com o freio;Sa�da de leito carro��vel;Com V�timas Feridas;Pleno dia;Decrescente;C�u Claro;Simples;Reta;N�o;1;0;1;0;0;0;1;1;-13,818305;-39,49566;SPRF-BA;DEL05-BA;UOP03-DEL05-BA;;;
669905;27/03/2025;quinta-feira;17:45:00;RS;290;352;SAO SEPE;Rea��o tardia ou ineficiente do condutor;Sa�da de leito carro��vel;Com V�timas Feridas;Pleno dia;Crescente;Garoa/Chuvisco;Simples;"Reta;Declive";N�o;2;0;1;0;1;0;1;1;-30,37239039;-53,69223073;SPRF-RS;DEL09-RS;UOP02-DEL09-RS;;;
669908;27/03/2025;quinta-feira;16:50:00;SC;470;139,6;RIO DO SUL;Ingest�o de �lcool pelo condutor;Colis�o transversal;Com V�timas Feridas;Pleno dia;Crescente;Nublado;M�ltipla;Rotat�ria;Sim;4;0;1;0;2;1;1;3;-27,20195652;-49,63402217;SPRF-SC;DEL04-SC;UOP02-DEL04-SC;;;
669909;27/03/2025;quinta-feira;17:00:00;PR;163;141;CAPITAO LEONIDAS MARQUES;Acessar a via sem observar a presen�a dos outros ve�culos;Colis�o transversal;Com V�timas Feridas;Pleno dia;Crescente;Sol;Simples;"Desvio Tempor�rio;Interse��o de Vias";N�o;2;0;1;0;1;0;1;2;-25,47128253;-53,58361334;SPRF-PR;DEL05-PR;UOP05-DEL05-PR;;;
669912;27/03/2025;quinta-feira;17:55:00;ES;101;290,5;CARIACICA;Aus�ncia de rea��o do condutor;Colis�o traseira;Com V�timas Fatais;Anoitecer;Decrescente;C�u Claro;Dupla;Reta;Sim;2;1;0;0;1;0;0;2;-20,29494489;-40,39329529;SPRF-ES;DEL01-ES;UOP01-DEL01-ES;;;
669913;27/03/2025;quinta-feira;14:35:00;BA;324;599;SIMOES FILHO;Pedestre andava na pista;Atropelamento de Pedestre;Com V�timas Fatais;Pleno dia;Crescente;C�u Claro;Dupla;Curva;N�o;4;1;0;0;1;2;0;3;-12,752435;-38,431347;SPRF-BA;DEL01-BA;UOP01-DEL01-BA;;;
669914;27/03/2025;quinta-feira;14:20:00;MT;174;258;PONTES E LACERDA;Ultrapassagem Indevida;Colis�o lateral mesmo sentido;Com V�timas Feridas;Pleno dia;Decrescente;C�u Claro;Simples;Reta;N�o;4;0;0;1;2;3;1;6;-15,422719;-59,126571;SPRF-MT;DEL04-MT;UOP01-DEL04-MT;;;
669916;27/03/2025;quinta-feira;15:40:00;PR;277;254,5;IRATI;Ingest�o de �lcool pelo condutor;Tombamento;Com V�timas Feridas;Pleno dia;Decrescente;C�u Claro;Simples;"Curva;Aclive";N�o;2;0;1;0;0;1;1;2;-25,44130623;-50,70065878;SPRF-PR;DEL08-PR;UOP02-DEL08-PR;;;
669917;27/03/2025;quinta-feira;18:35:00;ES;262;114;CONCEICAO DO CASTELO;Ultrapassagem Indevida;Colis�o frontal;Com V�timas Feridas;Anoitecer;Decrescente;C�u Claro;Simples;Reta;N�o;4;0;1;1;1;1;2;4;-20,32286;-41,21502;SPRF-ES;DEL01-ES;UOP02-DEL01-ES;;;
669924;27/03/2025;quinta-feira;18:00:00;GO;60;227,7;CEZARINA;Acumulo de �gua sobre o pavimento;Colis�o frontal;Com V�timas Feridas;Anoitecer;Decrescente;Chuva;Dupla;"Aclive;Retorno Regulamentado";N�o;2;0;2;0;0;0;2;2;-17,01673729;-49,77527618;SPRF-GO;DEL01-GO;UOP02-DEL01-GO;;;
669931;27/03/2025;quinta-feira;17:10:00;MG;262;569,5;CORREGO DANTA;Acessar a via sem observar a presen�a dos outros ve�culos;Colis�o transversal;Com V�timas Feridas;Pleno dia;Crescente;Sol;Simples;Aclive;Sim;3;0;0;1;1;2;1;4;-19,7180863;-46,0230502;SPRF-MG;DEL08-MG;UOP02-DEL08-MG;;;
669932;27/03/2025;quinta-feira;18:20:00;BA;242;887;BARREIRAS;Aus�ncia de rea��o do condutor;Colis�o lateral mesmo sentido;Com V�timas Feridas;Plena Noite;Crescente;C�u Claro;M�ltipla;"Curva;Interse��o de Vias";N�o;3;0;1;0;1;2;1;4;-12,06576;-45,57942;SPRF-BA;DEL10-BA;UOP01-DEL10-BA;;;
669933;27/03/2025;quinta-feira;17:00:00;SC;101;384;ICARA;Velocidade Incompat�vel;Tombamento;Com V�timas Feridas;Anoitecer;Decrescente;C�u Claro;Simples;"Curva;Aclive;Retorno Regulamentado";N�o;2;0;1;0;0;1;1;2;-28,77698812;-49,31784153;SPRF-SC;DEL02-SC;UOP02-DEL02-SC;;;
669938;27/03/2025;quinta-feira;19:47:00;BA;116;425;FEIRA DE SANTANA;Acessar a via sem observar a presen�a dos outros ve�culos;Atropelamento de Pedestre;Com V�timas Fatais;Plena Noite;Decrescente;C�u Claro;Dupla;Reta;Sim;2;1;0;0;1;0;0;2;-12,2480579;-38,9873499;SPRF-BA;DEL02-BA;UOP01-DEL02-BA;;;
669946;27/03/2025;quinta-feira;18:30:00;SC;470;86;RODEIO;Condutor Dormindo;Colis�o transversal;Com V�timas Feridas;Plena Noite;Crescente;C�u Claro;Simples;Curva;N�o;2;0;0;1;1;0;1;2;-26,94811534;-49,36608911;SPRF-SC;DEL04-SC;UOP01-DEL04-SC;;;
669952;27/03/2025;quinta-feira;20:30:00;MG;365;793;GURINHATA;Objeto est�tico sobre o leito carro��vel;Colis�o traseira;Com V�timas Feridas;Plena Noite;Crescente;C�u Claro;Simples;"Reta;Em Obras";N�o;5;0;1;0;3;3;1;7;-18,928369;-49,846337;SPRF-MG;DEL15-MG;UOP03-DEL15-MG;;;
669956;27/03/2025;quinta-feira;20:40:00;GO;40;49,6;LUZIANIA;Rea��o tardia ou ineficiente do condutor;Colis�o traseira;Com V�timas Feridas;Plena Noite;Crescente;Nublado;Simples;"Aclive;Reta";N�o;2;0;1;0;1;0;1;2;-16,43731;-47,81475;SPRF-DF;DEL01-DF;UOP02-DEL01-DF;;;
669957;14/01/2025;ter�a-feira;18:50:00;SE;235;1,6;ARACAJU;Velocidade Incompat�vel;Tombamento;Com V�timas Feridas;Plena Noite;Decrescente;Nublado;Simples;"Curva;Aclive;Viaduto";N�o;1;0;1;0;0;0;1;1;-10,9073;-37,0947;SPRF-SE;DEL01-SE;UOP01-DEL01-SE;;;
669958;27/03/2025;quinta-feira;21:25:00;PI;343;347,1;TERESINA;Suic�dio (presumido);Atropelamento de Pedestre;Com V�timas Fatais;Plena Noite;Crescente;C�u Claro;Dupla;Reta;Sim;2;1;0;0;0;1;0;2;-5,115512;-42,780443;SPRF-PI;DEL01-PI;UOP01-DEL01-PI;;;
669964;27/03/2025;quinta-feira;16:00:00;RO;364;70;VILHENA;Acumulo de �gua sobre o pavimento;Colis�o frontal;Com V�timas Feridas;Pleno dia;Decrescente;Chuva;Simples;"Declive;Reta";N�o;5;0;3;0;1;3;3;5;-12,63377777;-60,33080579;SPRF-RO;DEL04-RO;UOP01-DEL04-RO;;;
669965;27/03/2025;quinta-feira;20:45:00;MG;381;873,5;ESTIVA;Aus�ncia de rea��o do condutor;Tombamento;Com V�timas Feridas;Plena Noite;Decrescente;C�u Claro;Dupla;Curva;N�o;2;0;1;0;0;1;1;2;-22,42049844;-45,96511108;SPRF-MG;DEL16-MG;UOP01-DEL16-MG;;;
669967;27/03/2025;quinta-feira;22:40:00;SC;101;26;JOINVILLE;Ingest�o de �lcool pelo condutor;Colis�o traseira;Sem V�timas;Plena Noite;Crescente;Nublado;M�ltipla;Reta;Sim;2;0;0;0;2;0;0;2;-26,19861188;-48,91267776;SPRF-SC;DEL03-SC;UOP01-DEL03-SC;;;
669968;27/03/2025;quinta-feira;17:30:00;RJ;493;90;JAPERI;Rea��o tardia ou ineficiente do condutor;Sa�da de leito carro��vel;Com V�timas Feridas;Anoitecer;Decrescente;Nublado;Dupla;Reta;N�o;1;0;0;1;0;0;1;1;-22,6689024;-43,6273152;SPRF-RJ;DEL01-RJ;UOP03-DEL01-RJ;;;
669973;27/03/2025;quinta-feira;23:40:00;GO;60;1;SANTO ANTONIO DO DESCOBERTO;Transitar na contram�o;Colis�o lateral sentido oposto;Com V�timas Feridas;Plena Noite;Decrescente;C�u Claro;Dupla;"Declive;Reta";N�o;4;0;0;1;2;2;1;5;-16,062932;-48,264039;SPRF-DF;DEL03-DF;UOP01-DEL03-DF;;;
669975;27/03/2025;quinta-feira;21:45:00;PE;232;406;SERRA TALHADA;Transitar na contram�o;Colis�o frontal;Com V�timas Fatais;Plena Noite;Crescente;Nublado;Simples;"Reta;Declive";Sim;2;1;0;0;1;0;0;2;-7,986316;-38,267037;SPRF-PE;DEL04-PE;UOP01-DEL04-PE;;;
669978;27/03/2025;quinta-feira;23:30:00;PR;376;671;GUARATUBA;Aus�ncia de rea��o do condutor;Colis�o traseira;Com V�timas Feridas;Plena Noite;Crescente;Nublado;Dupla;Reta;N�o;3;0;1;0;1;1;1;3;-25,92187821;-48,9176712;SPRF-PR;DEL01-PR;UOP04-DEL01-PR;;;
669979;28/03/2025;sexta-feira;00:35:00;SP;116;146;SAO JOSE DOS CAMPOS;Acessar a via sem observar a presen�a dos outros ve�culos;Colis�o lateral mesmo sentido;Sem V�timas;Plena Noite;Decrescente;C�u Claro;M�ltipla;"Declive;Reta";Sim;3;0;0;0;3;0;0;2;-23,19481178;-45,86995897;SPRF-SP;DEL02-SP;UOP01-DEL02-SP;;;
669980;28/03/2025;sexta-feira;00:20:00;CE;222;26;CAUCAIA;Aus�ncia de rea��o do condutor;Sa�da de leito carro��vel;Com V�timas Feridas;Plena Noite;Crescente;C�u Claro;Dupla;Reta;N�o;1;0;0;1;0;0;1;1;-3,71977529;-38,79624367;SPRF-CE;DEL01-CE;UOP01-DEL01-CE;;;
669983;28/03/2025;sexta-feira;01:00:00;RJ;393;178;PARAIBA DO SUL;Aus�ncia de rea��o do condutor;Colis�o traseira;Com V�timas Feridas;Plena Noite;Decrescente;Nublado;Simples;Reta;N�o;3;0;0;1;1;1;1;3;-22,13827519;-43,25375438;SPRF-RJ;DEL05-RJ;UOP03-DEL05-RJ;;;
669985;27/03/2025;quinta-feira;23:05:00;PR;116;195,5;RIO NEGRO;Aus�ncia de rea��o do condutor;Tombamento;Sem V�timas;Plena Noite;Decrescente;Nublado;Simples;"Curva;Declive";N�o;1;0;0;0;1;0;0;1;-26,02834796;-49,68444724;SPRF-SC;DEL06-SC;UOP01-DEL06-SC;;;
669986;27/03/2025;quinta-feira;12:10:00;BA;101;475;URUCUCA;Demais falhas mec�nicas ou el�tricas;Inc�ndio;Sem V�timas;Pleno dia;Crescente;C�u Claro;Simples;Reta;N�o;1;0;0;0;1;0;0;1;-14,59820247;-39,33654785;SPRF-BA;DEL05-BA;UOP01-DEL05-BA;;;
669988;28/03/2025;sexta-feira;02:45:00;SP;116;475,3;JACUPIRANGA;Acessar a via sem observar a presen�a dos outros ve�culos;Atropelamento de Pedestre;Com V�timas Feridas;Plena Noite;Crescente;C�u Claro;Dupla;Reta;Sim;3;0;0;1;1;1;1;3;-24,69350307;-47,99671412;SPRF-SP;DEL05-SP;UOP01-DEL05-SP;;;
669991;28/03/2025;sexta-feira;03:00:00;BA;116;3,3;ABARE;Demais falhas mec�nicas ou el�tricas;Inc�ndio;Sem V�timas;Plena Noite;Crescente;C�u Claro;Simples;Reta;N�o;2;0;0;0;1;1;0;2;-8,643564;-39,267635;SPRF-PE;DEL05-PE;UOP03-DEL05-PE;;;
669992;28/03/2025;sexta-feira;03:00:00;MG;50;45;ARAGUARI;Condutor Dormindo;Colis�o traseira;Com V�timas Feridas;Plena Noite;Decrescente;C�u Claro;Dupla;"Reta;Aclive";N�o;3;0;1;0;1;1;1;3;-18,6310961;-48,1947331;SPRF-MG;DEL15-MG;UOP02-DEL15-MG;;;
669993;28/03/2025;sexta-feira;03:15:00;SC;116;120;SANTA CECILIA;Ingest�o de �lcool pelo condutor;Colis�o transversal;Sem V�timas;Plena Noite;Decrescente;C�u Claro;Simples;Reta;Sim;3;0;0;0;2;1;0;3;-26,82724;-50,37585;SPRF-SC;DEL06-SC;UOP02-DEL06-SC;;;
669994;28/03/2025;sexta-feira;04:30:00;MG;40;461,7;SETE LAGOAS;Aus�ncia de rea��o do condutor;Tombamento;Sem V�timas;Plena Noite;Crescente;C�u Claro;Dupla;Curva;N�o;1;0;0;0;1;0;0;1;-19,462202;-44,3033973;SPRF-MG;DEL02-MG;UOP01-DEL02-MG;;;
669995;28/03/2025;sexta-feira;03:40:00;PR;277;442;LARANJEIRAS DO SUL;Ingest�o de �lcool pelo condutor;Colis�o lateral sentido oposto;Com V�timas Feridas;Plena Noite;Decrescente;Chuva;Simples;"Declive;Curva";N�o;8;0;3;3;1;1;6;3;-25,37096;-52,30492;SPRF-PR;DEL04-PR;UOP02-DEL04-PR;;;
669997;28/03/2025;sexta-feira;04:00:00;SC;101;208,8;SAO JOSE;Rea��o tardia ou ineficiente do condutor;Colis�o traseira;Sem V�timas;Plena Noite;Decrescente;C�u Claro;M�ltipla;Reta;Sim;4;0;0;0;2;2;0;4;-27,60887;-48,63777;SPRF-SC;DEL01-SC;UOP01-DEL01-SC;;;
669998;28/03/2025;sexta-feira;04:50:00;MG;40;632,4;CONSELHEIRO LAFAIETE;Ingest�o de �lcool pelo condutor;Colis�o com objeto;Com V�timas Fatais;Amanhecer;Crescente;C�u Claro;Simples;"Reta;Declive";N�o;3;1;1;0;0;1;1;2;-20,68021775;-43,79437678;SPRF-MG;DEL05-MG;UOP02-DEL05-MG;;;
670004;27/03/2025;quinta-feira;23:50:00;CE;222;142;IRAUCUBA;Rea��o tardia ou ineficiente do condutor;Colis�o traseira;Sem V�timas;Plena Noite;Crescente;C�u Claro;Simples;Reta;N�o;4;0;0;0;3;1;0;3;-3,763341;-39,730441;SPRF-CE;DEL04-CE;UOP03-DEL04-CE;;;
670005;28/03/2025;sexta-feira;06:20:00;BA;116;18;VITORIA DA CONQUISTA;Acessar a via sem observar a presen�a dos outros ve�culos;Colis�o transversal;Com V�timas Feridas;Pleno dia;Crescente;C�u Claro;Simples;Reta;N�o;3;0;0;1;1;1;1;3;-14,95101356;-40,80479516;SPRF-BA;DEL08-BA;UOP01-DEL08-BA;;;
670006;28/03/2025;sexta-feira;03:00:00;TO;153;574;SANTA RITA DO TOCANTINS;Transitar na contram�o;Colis�o frontal;Com V�timas Feridas;Plena Noite;Crescente;C�u Claro;Simples;Reta;N�o;2;0;1;0;0;1;1;2;-10,86342471;-48,9057122;SPRF-TO;DEL01-TO;UOP01-DEL01-TO;;;
670009;28/03/2025;sexta-feira;06:50:00;PE;101;69;RECIFE;Manobra de mudan�a de faixa;Colis�o lateral mesmo sentido;Sem V�timas;Pleno dia;Crescente;Nublado;M�ltipla;Reta;Sim;6;0;0;0;6;0;0;2;-8,06083421;-34,94560218;SPRF-PE;DEL01-PE;UOP01-DEL01-PE;;;
670011;28/03/2025;sexta-feira;05:15:00;BA;101;646;BELMONTE;Condutor Dormindo;Colis�o frontal;Com V�timas Feridas;Amanhecer;Crescente;Nublado;Simples;Reta;N�o;2;0;1;0;1;0;1;2;-15,846223;-39,522442;SPRF-BA;DEL05-BA;UOP02-DEL05-BA;;;
670012;28/03/2025;sexta-feira;04:45:00;PR;376;438;TIBAGI;Chuva;Colis�o com objeto;Com V�timas Feridas;Amanhecer;Crescente;Chuva;Dupla;Reta;N�o;4;0;1;1;1;2;2;4;-24,79873418;-50,49453735;SPRF-PR;DEL03-PR;UOP02-DEL03-PR;;;
670015;28/03/2025;sexta-feira;05:25:00;RS;101;52,6;TERRA DE AREIA;Condutor Dormindo;Sa�da de leito carro��vel;Com V�timas Feridas;Amanhecer;Crescente;C�u Claro;Dupla;Reta;N�o;2;0;1;0;0;1;1;2;-29,630382;-50,101507;SPRF-RS;DEL03-RS;UOP02-DEL03-RS;;;
670018;28/03/2025;sexta-feira;07:10:00;PE;101;73,3;RECIFE;Transitar no Acostamento;Colis�o lateral mesmo sentido;Com V�timas Fatais;Pleno dia;Crescente;C�u Claro;Dupla;Reta;Sim;2;1;0;0;0;1;0;2;-8,095718;-34,949285;SPRF-PE;DEL01-PE;UOP01-DEL01-PE;;;
670020;27/03/2025;quinta-feira;19:00:00;SC;470;67;INDAIAL;Acessar a via sem observar a presen�a dos outros ve�culos;Colis�o transversal;Com V�timas Feridas;Plena Noite;Decrescente;Nevoeiro/Neblina;Simples;"Reta;Rotat�ria";N�o;4;0;1;0;3;0;1;3;-26,87015722;-49,22658741;SPRF-SC;DEL04-SC;UOP01-DEL04-SC;;;
670024;28/03/2025;sexta-feira;07:00:00;PB;230;27,7;JOAO PESSOA;Condutor deixou de manter dist�ncia do ve�culo da frente;Colis�o traseira;Com V�timas Feridas;Pleno dia;Decrescente;Sol;Dupla;Reta;Sim;2;0;1;0;0;1;1;2;-7,1665053;-34,8885183;SPRF-PB;DEL01-PB;UOP01-DEL01-PB;;;
670027;28/03/2025;sexta-feira;07:10:00;SP;116;292;ITAPECERICA DA SERRA;Ultrapassagem Indevida;Colis�o traseira;Com V�timas Feridas;Pleno dia;Decrescente;C�u Claro;Dupla;"Aclive;Reta";Sim;5;0;1;0;2;2;1;4;-23,73610108;-46,89563179;SPRF-SP;DEL04-SP;UOP01-DEL04-SP;;;
670028;28/03/2025;sexta-feira;07:45:00;ES;101;152,3;LINHARES;Transitar na contram�o;Colis�o lateral sentido oposto;Sem V�timas;Pleno dia;Crescente;C�u Claro;Simples;Reta;N�o;3;0;0;0;2;1;0;3;-19,41944801;-40,07162762;SPRF-ES;DEL04-ES;UOP01-DEL04-ES;;;
670036;28/03/2025;sexta-feira;08:23:00;PE;101;70;RECIFE;Transitar no Acostamento;Colis�o transversal;Com V�timas Feridas;Pleno dia;Crescente;Nublado;Dupla;Reta;Sim;3;0;0;1;1;1;1;3;-8,06908;-34,942492;SPRF-PE;DEL01-PE;UOP01-DEL01-PE;;;
670040;19/02/2025;quarta-feira;17:30:00;PR;116;16,2;COLOMBO;Chuva;Tombamento;Com V�timas Feridas;Pleno dia;Crescente;Chuva;Dupla;Reta;Sim;2;0;1;0;0;1;1;2;-25,38794;-49,17841;SPRF-PR;DEL01-PR;UOP02-DEL01-PR;;;
670045;28/03/2025;sexta-feira;06:00:00;CE;222;281,5;FRECHEIRINHA;Demais falhas mec�nicas ou el�tricas;Inc�ndio;Sem V�timas;Amanhecer;Decrescente;C�u Claro;Simples;Reta;N�o;2;0;0;0;1;2;0;3;-3,73726;-40,83053;SPRF-CE;DEL04-CE;UOP02-DEL04-CE;;;
670050;18/02/2025;ter�a-feira;15:40:00;SC;116;105;MONTE CASTELO;Ultrapassagem Indevida;Colis�o frontal;Com V�timas Feridas;Pleno dia;Crescente;Chuva;Simples;Curva;N�o;5;0;1;0;3;1;1;5;-26,75095005;-50,31749478;SPRF-SC;DEL06-SC;UOP02-DEL06-SC;;;
670053;28/03/2025;sexta-feira;00:01:00;BA;101;784;ITABELA;Demais falhas mec�nicas ou el�tricas;Inc�ndio;Sem V�timas;Plena Noite;Decrescente;C�u Claro;Simples;Curva;N�o;2;0;0;0;1;1;0;2;-16,848855;-39,489132;SPRF-BA;DEL09-BA;UOP01-DEL09-BA;;;
670058;28/03/2025;sexta-feira;08:30:00;RO;364;340;JI-PARANA;Condutor deixou de manter dist�ncia do ve�culo da frente;Colis�o lateral mesmo sentido;Com V�timas Feridas;Pleno dia;Decrescente;C�u Claro;Dupla;Reta;Sim;2;0;1;0;1;0;1;2;-10,892427;-61,930628;SPRF-RO;DEL02-RO;UOP01-DEL02-RO;;;
670078;20/03/2025;quinta-feira;13:20:00;PR;163;11;BARRACAO;Acessar a via sem observar a presen�a dos outros ve�culos;Colis�o transversal;Com V�timas Feridas;Pleno dia;Crescente;C�u Claro;Simples;"Reta;Declive";Sim;3;0;1;0;2;0;1;2;-26,261045;-53,608612;SPRF-PR;DEL02-PR;UOP02-DEL02-PR;;;
670081;17/03/2025;segunda-feira;07:45:00;SP;116;112;TAUBATE;Rea��o tardia ou ineficiente do condutor;Colis�o com objeto;Com V�timas Feridas;Pleno dia;Crescente;C�u Claro;Dupla;Reta;Sim;3;0;1;0;1;1;1;3;-23,0414661;-45,56849957;SPRF-SP;DEL02-SP;UOP02-DEL02-SP;;;
670087;28/03/2025;sexta-feira;11:30:00;BA;407;230;CAPIM GROSSO;Faixas de tr�nsito com largura insuficiente;Colis�o lateral mesmo sentido;Com V�timas Feridas;Pleno dia;Crescente;Sol;Simples;"Curva;Rotat�ria";Sim;3;0;0;1;1;1;1;3;-11,37332;-40,01155;SPRF-BA;DEL04-BA;UOP02-DEL04-BA;;;
670088;28/03/2025;sexta-feira;13:16:00;BA;101;129,7;ARAMARI;Rea��o tardia ou ineficiente do condutor;Colis�o lateral sentido oposto;Com V�timas Feridas;Pleno dia;Crescente;C�u Claro;Simples;"Em Obras;Reta";N�o;4;0;0;1;2;4;1;7;-12,177958;-38,577373;SPRF-BA;DEL01-BA;UOP04-DEL01-BA;;;