id;data_inversa;dia_semana;horario;uf;br;km;municipio;causa_acidente;tipo_acidente;classificacao_acidente;fase_dia;sentido_via;condicao_metereologica;tipo_pista;tracado_via;uso_solo;pessoas;mortos;feridos_leves;feridos_graves;ilesos;ignorados;feridos;veiculos;latitude;longitude;regional;delegacia;uop;;;
670089;28/03/2025;sexta-feira;09:50:00;RJ;40;22;TRES RIOS;Velocidade Incompat�vel;Tombamento;Com V�timas Feridas;Pleno dia;Crescente;C�u Claro;Dupla;Curva;Sim;2;0;0;1;0;1;1;2;-22,12786;-43,15599203;SPRF-RJ;DEL05-RJ;UOP02-DEL05-RJ;;;
670096;28/03/2025;sexta-feira;11:30:00;MT;163;548;DIAMANTINO;Rea��o tardia ou ineficiente do condutor;Sa�da de leito carro��vel;Com V�timas Feridas;Pleno dia;Crescente;Nublado;Dupla;"Em Obras;Reta";N�o;2;0;1;0;0;3;1;4;-14,240936;-56,122411;SPRF-MT;DEL01-MT;UOP01-DEL01-MT;;;
670105;20/03/2025;quinta-feira;16:45:00;MG;40;530;CONTAGEM;Rea��o tardia ou ineficiente do condutor;Engavetamento;Com V�timas Feridas;Pleno dia;Decrescente;Chuva;Dupla;"Reta;Declive";Sim;5;0;1;0;3;2;1;5;-19,920607;-44,033206;SPRF-MG;DEL01-MG;UOP02-DEL01-MG;;;
670113;28/03/2025;sexta-feira;14:00:00;MG;153;135;PRATA;Aus�ncia de rea��o do condutor;Colis�o frontal;Com V�timas Feridas;Pleno dia;Crescente;Nublado;Simples;"Reta;Aclive";N�o;4;0;2;0;1;1;2;3;-19,51702959;-48,83741498;SPRF-MG;DEL15-MG;UOP03-DEL15-MG;;;
670117;28/03/2025;sexta-feira;16:10:00;RS;471;151,2;SANTA CRUZ DO SUL;Manobra de mudan�a de faixa;Colis�o lateral mesmo sentido;Com V�timas Feridas;Pleno dia;Crescente;C�u Claro;Dupla;Aclive;Sim;3;0;1;0;1;1;1;3;-29,78584165;-52,41123319;SPRF-RS;DEL02-RS;UOP03-DEL02-RS;;;
670120;28/03/2025;sexta-feira;16:30:00;SE;235;33;AREIA BRANCA;Transitar no Acostamento;Tombamento;Com V�timas Fatais;Pleno dia;Crescente;C�u Claro;Simples;Reta;Sim;2;1;0;0;1;0;0;2;-10,762628;-37,304922;SPRF-SE;DEL01-SE;UOP02-DEL01-SE;;;
670121;28/03/2025;sexta-feira;15:15:00;PR;277;1;PARANAGUA;Transitar no Acostamento;Colis�o transversal;Com V�timas Feridas;Pleno dia;Crescente;C�u Claro;Simples;"Reta;Interse��o de Vias";N�o;3;0;2;0;0;2;2;4;-25,52122484;-48,54559952;SPRF-PR;DEL01-PR;UOP05-DEL01-PR;;;
670124;28/03/2025;sexta-feira;17:17:00;TO;153;146;NOVA OLINDA;Rea��o tardia ou ineficiente do condutor;Colis�o traseira;Com V�timas Feridas;Pleno dia;Crescente;C�u Claro;Dupla;Rotat�ria;Sim;4;0;2;0;2;0;2;2;-7,7001577;-48,4351682;SPRF-TO;DEL02-TO;UOP01-DEL02-TO;;;
670129;28/03/2025;sexta-feira;11:38:00;MS;419;232,3;AQUIDAUANA;Aus�ncia de sinaliza��o;Colis�o transversal;Com V�timas Feridas;Pleno dia;Crescente;C�u Claro;Simples;"Interse��o de Vias;Em Obras;Reta;Declive";N�o;2;0;1;0;1;0;1;2;-20,42788658;-55,75044025;SPRF-MS;DEL03-MS;UOP01-DEL03-MS;;;
670138;28/03/2025;sexta-feira;14:30:00;SC;116;267,7;CAPAO ALTO;Demais falhas mec�nicas ou el�tricas;Tombamento;Com V�timas Feridas;Pleno dia;Decrescente;Nublado;Simples;"Interse��o de Vias;Rotat�ria;Curva";N�o;1;0;1;0;0;0;1;1;-27,95658089;-50,48427874;SPRF-SC;DEL05-SC;UOP02-DEL05-SC;;;
670139;28/03/2025;sexta-feira;17:40:00;BA;116;836;VITORIA DA CONQUISTA;Rea��o tardia ou ineficiente do condutor;Colis�o traseira;Com V�timas Feridas;Anoitecer;Decrescente;C�u Claro;Simples;Reta;N�o;3;0;1;0;1;2;1;4;-14,9625;-40,907;SPRF-BA;DEL08-BA;UOP01-DEL08-BA;;;
670148;28/03/2025;sexta-feira;18:10:00;BA;116;16;VITORIA DA CONQUISTA;Aus�ncia de rea��o do condutor;Colis�o traseira;Com V�timas Feridas;Anoitecer;Crescente;C�u Claro;Simples;Reta;N�o;2;0;1;0;1;0;1;2;-14,90243;-40,84413;SPRF-BA;DEL08-BA;UOP01-DEL08-BA;;;
670150;28/03/2025;sexta-feira;18:20:00;SP;116;511;CAJATI;Velocidade Incompat�vel;Sa�da de leito carro��vel;Com V�timas Feridas;Anoitecer;Decrescente;C�u Claro;Simples;"Declive;Reta";N�o;2;0;1;0;0;1;1;2;-24,847108;-48,214477;SPRF-SP;DEL05-SP;UOP02-DEL05-SP;;;
670158;28/03/2025;sexta-feira;16:40:00;SE;235;52,9;ITABAIANA;Acessar a via sem observar a presen�a dos outros ve�culos;Colis�o transversal;Com V�timas Fatais;Pleno dia;Decrescente;C�u Claro;M�ltipla;"Reta;Interse��o de Vias";Sim;2;1;0;0;0;1;0;2;-10,685497;-37,440645;SPRF-SE;DEL01-SE;UOP02-DEL01-SE;;;
670160;28/03/2025;sexta-feira;17:00:00;PR;376;491;PONTA GROSSA;Condutor deixou de manter dist�ncia do ve�culo da frente;Colis�o traseira;Com V�timas Feridas;Pleno dia;Decrescente;Sol;Dupla;Reta;N�o;3;0;1;0;1;3;1;5;-25,10697408;-50,19211292;SPRF-PR;DEL03-PR;UOP04-DEL03-PR;;;
670163;28/03/2025;sexta-feira;19:30:00;SC;101;78;ARAQUARI;Manobra de mudan�a de faixa;Colis�o traseira;Sem V�timas;Plena Noite;Crescente;C�u Claro;Dupla;Reta;N�o;3;0;0;0;2;1;0;3;-26,55168386;-48,71652061;SPRF-SC;DEL03-SC;UOP02-DEL03-SC;;;
670165;28/03/2025;sexta-feira;18:39:00;PE;232;229;PESQUEIRA;Ultrapassagem Indevida;Colis�o lateral sentido oposto;Com V�timas Feridas;Plena Noite;Crescente;C�u Claro;Simples;Reta;N�o;10;0;6;1;2;1;7;4;-8,402128;-36,874193;SPRF-PE;DEL03-PE;UOP02-DEL03-PE;;;
670167;28/03/2025;sexta-feira;16:00:00;PR;376;470;PONTA GROSSA;Problema com o freio;Colis�o traseira;Com V�timas Feridas;Pleno dia;Crescente;C�u Claro;Dupla;Reta;N�o;4;0;1;0;2;6;1;9;-25,017201;-50,336666;SPRF-PR;DEL03-PR;UOP01-DEL03-PR;;;
670168;28/03/2025;sexta-feira;18:45:00;RJ;493;50;DUQUE DE CAXIAS;Acessar a via sem observar a presen�a dos outros ve�culos;Engavetamento;Sem V�timas;Plena Noite;Crescente;Nublado;Dupla;Reta;N�o;7;0;0;0;6;1;0;4;-22,6677045;-43,3009396;SPRF-RJ;DEL01-RJ;UOP03-DEL01-RJ;;;
670171;28/03/2025;sexta-feira;19:40:00;GO;40;6;VALPARAISO DE GOIAS;Condutor deixou de manter dist�ncia do ve�culo da frente;Colis�o traseira;Com V�timas Feridas;Plena Noite;Crescente;Nublado;Dupla;Reta;Sim;5;0;2;0;2;2;2;4;-16,105;-47,973;SPRF-DF;DEL01-DF;UOP01-DEL01-DF;;;
670176;28/03/2025;sexta-feira;20:25:00;SP;116;360;MIRACATU;Carga excessiva e/ou mal acondicionada;Tombamento;Com V�timas Feridas;Plena Noite;Decrescente;Nublado;Dupla;Curva;N�o;2;0;1;0;0;1;1;2;-24,26828444;-47,39941406;SPRF-SP;DEL04-SP;UOP03-DEL04-SP;;;
670182;28/03/2025;sexta-feira;20:30:00;BA;101;760;ITABELA;Transitar na contram�o;Colis�o lateral sentido oposto;Com V�timas Fatais;Plena Noite;Crescente;Nublado;Simples;Reta;N�o;8;1;2;2;2;3;4;6;-16,65872376;-39,51559067;SPRF-BA;DEL09-BA;UOP01-DEL09-BA;;;
670186;28/03/2025;sexta-feira;15:25:00;MT;174;495;COMODORO;Transitar na contram�o;Colis�o frontal;Com V�timas Fatais;Pleno dia;Decrescente;Chuva;Simples;Declive;N�o;3;1;0;0;1;3;0;5;-13,57696619;-59,80844378;SPRF-MT;DEL04-MT;UOP02-DEL04-MT;;;
670190;28/03/2025;sexta-feira;21:10:00;GO;60;108,8;GOIANAPOLIS;Aus�ncia de rea��o do condutor;Colis�o transversal;Sem V�timas;Plena Noite;Decrescente;Vento;Dupla;Interse��o de Vias;N�o;2;0;0;0;2;0;0;2;-16,448383;-49,023057;SPRF-GO;DEL01-GO;UOP01-DEL01-GO;;;
670208;28/03/2025;sexta-feira;19:40:00;PR;376;184;SARANDI;Transtornos Mentais (exceto suicidio);Colis�o frontal;Com V�timas Feridas;Plena Noite;Decrescente;C�u Claro;Dupla;Aclive;Sim;3;0;1;0;1;1;1;3;-23,445423;-51,863962;SPRF-PR;DEL09-PR;UOP01-DEL09-PR;;;
670215;28/03/2025;sexta-feira;19:00:00;MT;364;48;ALTO GARCAS;Transitar na contram�o;Colis�o frontal;Com V�timas Fatais;Plena Noite;Decrescente;C�u Claro;Simples;Reta;N�o;3;1;0;0;1;1;0;3;-17,02281059;-53,48985672;SPRF-MT;DEL02-MT;UOP02-DEL02-MT;;;
670217;28/03/2025;sexta-feira;22:40:00;MT;70;273;PRIMAVERA DO LESTE;Ingest�o de �lcool pelo condutor;Tombamento;Sem V�timas;Plena Noite;Crescente;C�u Claro;Simples;Reta;N�o;4;0;0;0;3;3;0;5;-15,54747754;-54,24895096;SPRF-MT;DEL05-MT;UOP01-DEL05-MT;;;
670218;28/03/2025;sexta-feira;23:00:00;MG;381;421;CAETE;Demais falhas mec�nicas ou el�tricas;Inc�ndio;Sem V�timas;Plena Noite;Crescente;C�u Claro;Dupla;Reta;N�o;1;0;0;0;1;0;0;1;-19,763025;-43,641241;SPRF-MG;DEL01-MG;UOP01-DEL01-MG;;;
670236;29/03/2025;s�bado;03:30:00;SC;470;85,6;RODEIO;Ingest�o de �lcool pelo condutor;Colis�o traseira;Sem V�timas;Pleno dia;Decrescente;C�u Claro;Simples;Reta;Sim;3;0;0;0;2;1;0;3;-26,951546;-49,354561;SPRF-SC;DEL04-SC;UOP01-DEL04-SC;;;
670237;29/03/2025;s�bado;03:00:00;BA;20;158;SAO DESIDERIO;Rea��o tardia ou ineficiente do condutor;Colis�o lateral sentido oposto;Com V�timas Fatais;Plena Noite;Crescente;C�u Claro;Simples;Reta;N�o;3;1;0;0;1;5;0;7;-12,63420473;-45,91852384;SPRF-BA;DEL10-BA;UOP01-DEL10-BA;;;
670241;28/03/2025;sexta-feira;21:10:00;AM;319;707;HUMAITA;Ultrapassagem Indevida;Colis�o lateral mesmo sentido;Com V�timas Fatais;Plena Noite;Decrescente;Nublado;Simples;"Reta;Aclive";N�o;8;5;1;0;1;1;1;4;-7,778945;-63,15419801;SPRF-AM;DEL02-AM;UOP01-DEL02-AM;;;
670243;29/03/2025;s�bado;05:30:00;SC;101;137;BALNEARIO CAMBORIU;Aus�ncia de rea��o do condutor;Colis�o traseira;Sem V�timas;Amanhecer;Decrescente;C�u Claro;M�ltipla;Reta;Sim;3;0;0;0;1;2;0;3;-27,01631377;-48,61139059;SPRF-SC;DEL04-SC;UOP03-DEL04-SC;;;
670250;29/03/2025;s�bado;05:30:00;MG;153;24,3;CENTRALINA;Aus�ncia de rea��o do condutor;Sa�da de leito carro��vel;Com V�timas Feridas;Plena Noite;Crescente;C�u Claro;Dupla;Reta;N�o;3;0;1;0;0;2;1;3;-18,6316364;-49,1835999;SPRF-MG;DEL15-MG;UOP03-DEL15-MG;;;
670251;29/03/2025;s�bado;05:45:00;MA;135;3;SAO LUIS;Rea��o tardia ou ineficiente do condutor;Tombamento;Com V�timas Feridas;Amanhecer;Decrescente;Nublado;Dupla;Retorno Regulamentado;Sim;2;0;1;0;0;2;1;3;-2,652503;-44,305418;SPRF-MA;DEL01-MA;UOP01-DEL01-MA;;;
670255;29/03/2025;s�bado;05:50:00;MT;364;295;JACIARA;Condutor deixou de manter dist�ncia do ve�culo da frente;Colis�o traseira;Com V�timas Feridas;Amanhecer;Decrescente;C�u Claro;Dupla;Reta;N�o;4;0;0;1;2;2;1;4;-15,862889;-55,12687;SPRF-MT;DEL05-MT;UOP02-DEL05-MT;;;
670259;28/03/2025;sexta-feira;21:30:00;RO;364;475;ARIQUEMES;Rea��o tardia ou ineficiente do condutor;Engavetamento;Com V�timas Feridas;Plena Noite;Decrescente;Nublado;Simples;Reta;N�o;5;0;1;0;3;3;1;7;-10,15920537;-62,83603147;SPRF-RO;DEL03-RO;UOP01-DEL03-RO;;;
670264;29/03/2025;s�bado;07:00:00;RJ;116;194;QUEIMADOS;Aus�ncia de rea��o do condutor;Colis�o traseira;Com V�timas Feridas;Pleno dia;Decrescente;C�u Claro;Dupla;Reta;Sim;2;0;0;1;1;0;1;2;-22,73577559;-43,55064154;SPRF-RJ;DEL06-RJ;UOP01-DEL06-RJ;;;
670271;29/03/2025;s�bado;06:50:00;MS;262;354;CAMPO GRANDE;Demais falhas mec�nicas ou el�tricas;Sa�da de leito carro��vel;Com V�timas Feridas;Pleno dia;Crescente;Garoa/Chuvisco;Simples;Aclive;N�o;2;0;1;0;0;3;1;4;-20,55689807;-54,66423512;SPRF-MS;DEL01-MS;UOP03-DEL01-MS;;;
670281;29/03/2025;s�bado;04:00:00;MG;116;216,7;CATUJI;Aus�ncia de rea��o do condutor;Sa�da de leito carro��vel;Sem V�timas;Plena Noite;Decrescente;Ignorado;Simples;"Reta;Aclive";N�o;2;0;0;0;2;0;0;1;-17,381678;-41,526807;SPRF-MG;DEL11-MG;UOP01-DEL11-MG;;;
670287;26/03/2025;quarta-feira;08:20:00;RJ;493;68;NOVA IGUACU;Velocidade Incompat�vel;Sa�da de leito carro��vel;Com V�timas Feridas;Pleno dia;Decrescente;C�u Claro;Dupla;Reta;Sim;2;0;1;0;1;0;1;1;-22,68180116;-43,47289855;SPRF-RJ;DEL01-RJ;UOP03-DEL01-RJ;;;
670294;29/03/2025;s�bado;11:40:00;CE;116;27;ITAITINGA;Pedestre cruzava a pista fora da faixa;Atropelamento de Pedestre;Com V�timas Feridas;Pleno dia;Crescente;Nublado;Dupla;Reta;N�o;2;0;0;1;1;0;1;2;-3,989953;-38,516185;SPRF-CE;DEL01-CE;UOP02-DEL01-CE;;;
670299;29/03/2025;s�bado;11:27:00;MA;226;303;BARRA DO CORDA;Suic�dio (presumido);Atropelamento de Pedestre;Com V�timas Fatais;Pleno dia;Decrescente;C�u Claro;Simples;Reta;Sim;2;1;0;0;1;0;0;2;-5,492113;-45,273155;SPRF-MA;DEL06-MA;UOP01-DEL06-MA;;;
670301;29/03/2025;s�bado;07:40:00;BA;135;146;RIACHAO DAS NEVES;Acostamento em desn�vel;Tombamento;Sem V�timas;Pleno dia;Decrescente;C�u Claro;Simples;Reta;N�o;2;0;0;0;1;3;0;4;-11,88614;-44,85471;SPRF-BA;DEL10-BA;UOP01-DEL10-BA;;;
670305;29/03/2025;s�bado;12:05:00;BA;116;402;FEIRA DE SANTANA;Manobra de mudan�a de faixa;Colis�o lateral mesmo sentido;Com V�timas Feridas;Pleno dia;Decrescente;C�u Claro;Dupla;"Reta;Aclive";N�o;3;0;1;0;0;2;1;3;-12,2814464;-39,0201344;SPRF-BA;DEL02-BA;UOP01-DEL02-BA;;;
670306;29/03/2025;s�bado;13:15:00;RJ;101;46;CAMPOS DOS GOYTACAZES;Acessar a via sem observar a presen�a dos outros ve�culos;Colis�o transversal;Com V�timas Feridas;Pleno dia;Decrescente;C�u Claro;Simples;Interse��o de Vias;Sim;3;0;2;0;1;0;2;2;-21,4475909;-41,3430596;SPRF-RJ;DEL08-RJ;UOP01-DEL08-RJ;;;
670308;29/03/2025;s�bado;12:50:00;MG;365;65,9;CLARO DOS POCOES;Velocidade Incompat�vel;Sa�da de leito carro��vel;Com V�timas Feridas;Pleno dia;Crescente;C�u Claro;Simples;"Declive;Curva";N�o;2;0;1;0;0;1;1;2;-17,03353;-44,317508;SPRF-MG;DEL12-MG;UOP01-DEL12-MG;;;
670315;28/03/2025;sexta-feira;19:00:00;BA;116;553;MILAGRES;Demais falhas mec�nicas ou el�tricas;Inc�ndio;Sem V�timas;Plena Noite;Decrescente;C�u Claro;Simples;Reta;N�o;2;0;0;0;1;1;0;2;-12,92018;-39,87476;SPRF-BA;DEL03-BA;UOP02-DEL03-BA;;;
670322;21/03/2025;sexta-feira;14:50:00;MS;163;575,3;BANDEIRANTES;Acessar a via sem observar a presen�a dos outros ve�culos;Colis�o transversal;Com V�timas Feridas;Pleno dia;Crescente;C�u Claro;Simples;"Retorno Regulamentado;Interse��o de Vias;Reta";Sim;7;0;4;0;2;3;4;6;-19,679255;-54,350217;SPRF-MS;DEL06-MS;UOP02-DEL06-MS;;;
670329;29/03/2025;s�bado;06:30:00;GO;158;126;PIRANHAS;Condutor Dormindo;Colis�o lateral sentido oposto;Sem V�timas;Pleno dia;Crescente;C�u Claro;Simples;Declive;N�o;3;0;0;0;2;1;0;3;-16,60240554;-51,72958088;SPRF-GO;DEL04-GO;UOP02-DEL04-GO;;;
670333;29/03/2025;s�bado;15:20:00;SC;480;128,7;CHAPECO;Rea��o tardia ou ineficiente do condutor;Tombamento;Com V�timas Feridas;Pleno dia;Crescente;Garoa/Chuvisco;Dupla;"Declive;Curva";N�o;2;0;0;1;0;1;1;2;-27,04418166;-52,63620615;SPRF-SC;DEL07-SC;UOP01-DEL07-SC;;;
670335;29/03/2025;s�bado;13:30:00;SC;282;443,6;PONTE SERRADA;Acumulo de �gua sobre o pavimento;Colis�o lateral sentido oposto;Com V�timas Feridas;Pleno dia;Crescente;Chuva;Simples;"Reta;Aclive";N�o;8;0;3;0;4;1;3;4;-26,91926;-51,88567;SPRF-SC;DEL07-SC;UOP04-DEL07-SC;;;
670338;29/03/2025;s�bado;12:05:00;SC;282;640,1;DESCANSO;Transitar na contram�o;Colis�o frontal;Com V�timas Fatais;Pleno dia;Decrescente;Nublado;Simples;"Curva;Declive";N�o;2;1;0;0;1;0;0;2;-26,78592054;-53,45886178;SPRF-SC;DEL07-SC;UOP03-DEL07-SC;;;
670348;29/03/2025;s�bado;16:30:00;GO;153;493;GOIANIA;Rea��o tardia ou ineficiente do condutor;Colis�o lateral mesmo sentido;Com V�timas Feridas;Pleno dia;Crescente;C�u Claro;Dupla;Declive;Sim;3;0;1;0;1;3;1;5;-16,5871616;-49,152;SPRF-GO;DEL01-GO;UOP01-DEL01-GO;;;
670349;29/03/2025;s�bado;17:00:00;MG;381;931;ITAPEVA;Ingest�o de �lcool pelo condutor;Colis�o traseira;Com V�timas Feridas;Pleno dia;Crescente;C�u Claro;Dupla;Curva;N�o;4;0;1;0;2;1;1;4;-22,78731292;-46,24222755;SPRF-MG;DEL16-MG;UOP03-DEL16-MG;;;
670353;29/03/2025;s�bado;15:55:00;PR;369;22,2;CAMBARA;Acessar a via sem observar a presen�a dos outros ve�culos;Colis�o transversal;Com V�timas Feridas;Pleno dia;Decrescente;C�u Claro;Simples;Interse��o de Vias;N�o;3;0;1;0;1;1;1;3;-23,04312844;-50,10405064;SPRF-PR;DEL07-PR;UOP05-DEL07-PR;;;
670357;29/03/2025;s�bado;09:30:00;RJ;101;283;ITABORAI;Aus�ncia de rea��o do condutor;Tombamento;Com V�timas Feridas;Pleno dia;Decrescente;C�u Claro;Simples;"Curva;Aclive";N�o;3;0;2;0;0;1;2;2;-22,73622737;-42,80435443;SPRF-RJ;DEL02-RJ;UOP02-DEL02-RJ;;;
670358;29/03/2025;s�bado;14:00:00;PE;116;20,4;SALGUEIRO;Transitar na contram�o;Colis�o frontal;Com V�timas Fatais;Pleno dia;Crescente;C�u Claro;Simples;Declive;N�o;4;2;0;0;1;2;0;4;-8,021262;-39,144408;SPRF-PE;DEL05-PE;UOP01-DEL05-PE;;;
670364;29/03/2025;s�bado;18:00:00;TO;10;514,8;APARECIDA DO RIO NEGRO;Rea��o tardia ou ineficiente do condutor;Colis�o lateral sentido oposto;Com V�timas Feridas;Anoitecer;Crescente;Ignorado;Simples;"Curva;Declive";N�o;3;0;1;0;1;3;1;5;-10,02217;-48,09647;SPRF-TO;DEL01-TO;UOP03-DEL01-TO;;;
670370;29/03/2025;s�bado;19:15:00;CE;116;502;BREJO SANTO;Pista esburacada;Colis�o lateral sentido oposto;Com V�timas Feridas;Pleno dia;Crescente;C�u Claro;Simples;Reta;Sim;3;0;1;0;1;1;1;3;-7,491542;-38,984243;SPRF-CE;DEL05-CE;UOP03-DEL05-CE;;;
670373;29/03/2025;s�bado;18:00:00;ES;101;8;PEDRO CANARIO;Velocidade Incompat�vel;Tombamento;Com V�timas Feridas;Plena Noite;Decrescente;C�u Claro;Simples;Curva;N�o;2;0;1;0;0;1;1;2;-18,2302027;-39,9527526;SPRF-ES;DEL04-ES;UOP02-DEL04-ES;;;
670374;29/03/2025;s�bado;19:45:00;SC;470;164,5;TROMBUDO CENTRAL;Convers�o proibida;Colis�o frontal;Com V�timas Feridas;Plena Noite;Crescente;C�u Claro;Simples;Interse��o de Vias;N�o;6;0;3;1;2;0;4;2;-27,27651471;-49,84374577;SPRF-SC;DEL04-SC;UOP02-DEL04-SC;;;
670381;29/03/2025;s�bado;20:00:00;MG;40;491,1;ESMERALDAS;Rea��o tardia ou ineficiente do condutor;Colis�o lateral mesmo sentido;Sem V�timas;Plena Noite;Crescente;C�u Claro;Dupla;Reta;N�o;3;0;0;0;2;1;0;3;-19,62917;-44,20516;SPRF-MG;DEL02-MG;UOP01-DEL02-MG;;;
670383;29/03/2025;s�bado;17:00:00;MT;163;765;SORRISO;Ultrapassagem Indevida;Colis�o lateral mesmo sentido;Sem V�timas;Pleno dia;Crescente;Nublado;Simples;Reta;N�o;4;0;0;0;1;3;0;4;-12,45426125;-55,66326141;SPRF-MT;DEL06-MT;UOP01-DEL06-MT;;;
670386;29/03/2025;s�bado;19:30:00;RJ;493;19;MAGE;Acessar a via sem observar a presen�a dos outros ve�culos;Colis�o transversal;Com V�timas Feridas;Plena Noite;Decrescente;C�u Claro;Simples;Reta;Sim;3;0;2;0;1;0;2;2;-22,6658004;-43,02886358;SPRF-RJ;DEL04-RJ;UOP02-DEL04-RJ;;;
670392;29/03/2025;s�bado;16:10:00;GO;452;162;ITUMBIARA;Acostamento em desn�vel;Sa�da de leito carro��vel;Com V�timas Feridas;Pleno dia;Decrescente;C�u Claro;Simples;Aclive;N�o;2;0;1;0;0;1;1;2;-18,304534;-49,517306;SPRF-GO;DEL03-GO;UOP02-DEL03-GO;;;
670393;29/03/2025;s�bado;18:50:00;MT;174;96;CACERES;Ingest�o de �lcool pelo condutor;Colis�o lateral sentido oposto;Sem V�timas;Plena Noite;Crescente;Chuva;Simples;Reta;N�o;3;0;0;0;2;1;0;3;-15,87585278;-57,82935977;SPRF-MT;DEL03-MT;UOP01-DEL03-MT;;;
670394;29/03/2025;s�bado;15:00:00;CE;116;194,2;LIMOEIRO DO NORTE;Curva acentuada;Tombamento;Com V�timas Feridas;Pleno dia;Decrescente;C�u Claro;Simples;Curva;Sim;2;0;0;1;0;1;1;2;-5,15316771;-38,15371145;SPRF-CE;DEL03-CE;UOP01-DEL03-CE;;;
670397;29/03/2025;s�bado;08:30:00;BA;116;135;CANUDOS;Demais falhas mec�nicas ou el�tricas;Inc�ndio;Sem V�timas;Pleno dia;Decrescente;C�u Claro;Simples;Reta;N�o;2;0;0;0;1;1;0;2;-9,79628;-39,1447;SPRF-BA;DEL07-BA;UOP03-DEL07-BA;;;
670414;29/03/2025;s�bado;18:30:00;BA;101;817,2;ITAMARAJU;Rea��o tardia ou ineficiente do condutor;Tombamento;Com V�timas Feridas;Anoitecer;Decrescente;Nublado;Simples;"Declive;Curva";N�o;1;0;1;0;0;0;1;1;-17,09296753;-39,56949234;SPRF-BA;DEL09-BA;UOP01-DEL09-BA;;;
670422;29/03/2025;s�bado;21:10:00;PR;476;182;LAPA;Aus�ncia de rea��o do condutor;Sa�da de leito carro��vel;Com V�timas Feridas;Plena Noite;Crescente;C�u Claro;Simples;Curva;N�o;2;0;0;1;0;1;1;2;-25,71701283;-49,61470474;SPRF-PR;DEL01-PR;UOP06-DEL01-PR;;;
670423;29/03/2025;s�bado;22:30:00;SE;101;193,9;CRISTINAPOLIS;Transitar na contram�o;Colis�o lateral sentido oposto;Sem V�timas;Plena Noite;Decrescente;C�u Claro;Simples;"Curva;Aclive";N�o;2;0;0;0;1;1;0;2;-11,45030422;-37,73741299;SPRF-SE;DEL02-SE;UOP03-DEL02-SE;;;
670430;29/03/2025;s�bado;19:45:00;GO;153;290;RIALMA;Condutor deixou de manter dist�ncia do ve�culo da frente;Colis�o traseira;Sem V�timas;Plena Noite;Decrescente;C�u Claro;Simples;"Reta;Aclive";N�o;3;0;0;0;2;1;0;3;-15,23350853;-49,55537796;SPRF-GO;DEL02-GO;UOP02-DEL02-GO;;;
670434;29/03/2025;s�bado;22:55:00;PR;373;190,5;PONTA GROSSA;Condutor Dormindo;Colis�o com objeto;Com V�timas Feridas;Plena Noite;Decrescente;Nublado;Simples;"Reta;Aclive";N�o;1;0;1;0;0;0;1;1;-25,0553348;-50,3433784;SPRF-PR;DEL03-PR;UOP01-DEL03-PR;;;
670444;29/03/2025;s�bado;22:15:00;MG;116;656,4;SAO FRANCISCO DO GLORIA;Ingest�o de �lcool pelo condutor;Colis�o lateral sentido oposto;Com V�timas Feridas;Plena Noite;Decrescente;C�u Claro;Simples;"Curva;Declive";N�o;4;0;2;0;1;1;2;3;-20,769222;-42,301575;SPRF-MG;DEL07-MG;UOP02-DEL07-MG;;;
670445;30/03/2025;domingo;01:00:00;RS;285;400;SANTA BARBARA DO SUL;Aus�ncia de rea��o do condutor;Colis�o traseira;Com V�timas Feridas;Plena Noite;Crescente;C�u Claro;Simples;Aclive;N�o;3;0;1;0;1;1;1;3;-28,38851691;-53,28260243;SPRF-RS;DEL10-RS;UOP02-DEL10-RS;;;
670449;30/03/2025;domingo;01:00:00;PI;343;345,4;TERESINA;Condutor desrespeitou a ilumina��o vermelha do sem�foro;Colis�o transversal;Sem V�timas;Plena Noite;Crescente;C�u Claro;Simples;"Em Obras;Interse��o de Vias";Sim;3;0;0;0;2;1;0;2;-5,10595;-42,7681;SPRF-PI;DEL01-PI;UOP01-DEL01-PI;;;
670455;30/03/2025;domingo;03:00:00;BA;101;509;ITABUNA;Animais na Pista;Atropelamento de Animal;Sem V�timas;Plena Noite;Decrescente;C�u Claro;Simples;Reta;N�o;4;0;0;0;4;0;0;1;-14,83261701;-39,28978086;SPRF-BA;DEL05-BA;UOP01-DEL05-BA;;;
670457;30/03/2025;domingo;02:35:00;SP;116;172,2;JACAREI;Aus�ncia de rea��o do condutor;Colis�o traseira;Com V�timas Feridas;Pleno dia;Decrescente;C�u Claro;Dupla;Reta;N�o;3;0;1;0;1;1;1;3;-23,31548871;-46,07364084;SPRF-SP;DEL02-SP;UOP01-DEL02-SP;;;
670467;30/03/2025;domingo;04:30:00;MG;40;471,3;SETE LAGOAS;Carga excessiva e/ou mal acondicionada;Tombamento;Sem V�timas;Plena Noite;Decrescente;C�u Claro;M�ltipla;Curva;Sim;1;0;0;0;0;1;0;1;-19,4702439;-44,29480433;SPRF-MG;DEL02-MG;UOP01-DEL02-MG;;;
670475;30/03/2025;domingo;06:00:00;SC;280;226;TRES BARRAS;Aus�ncia de rea��o do condutor;Colis�o com objeto;Sem V�timas;Amanhecer;Crescente;C�u Claro;Simples;Reta;N�o;2;0;0;0;2;0;0;2;-26,18515103;-50,34720008;SPRF-SC;DEL06-SC;UOP04-DEL06-SC;;;