id;data_inversa;dia_semana;horario;uf;br;km;municipio;causa_acidente;tipo_acidente;classificacao_acidente;fase_dia;sentido_via;condicao_metereologica;tipo_pista;tracado_via;uso_solo;pessoas;mortos;feridos_leves;feridos_graves;ilesos;ignorados;feridos;veiculos;latitude;longitude;regional;delegacia;uop;;;
670846;01/04/2025;ter�a-feira;02:49:00;RJ;101;263,9;RIO BONITO;Condutor Dormindo;Colis�o traseira;Com V�timas Feridas;Plena Noite;Crescente;C�u Claro;Dupla;"Reta;Aclive";N�o;3;0;1;0;1;2;1;4;-22,718127;-42,63523;SPRF-RJ;DEL02-RJ;UOP03-DEL02-RJ;;;
670848;01/04/2025;ter�a-feira;01:00:00;MG;262;900;VERISSIMO;Ingest�o de subst�ncias psicoativas pelo condutor;Eventos at�picos;Sem V�timas;Plena Noite;Decrescente;C�u Claro;Dupla;Retorno Regulamentado;N�o;2;0;0;0;1;1;0;2;-19,78888848;-48,41575731;SPRF-MG;DEL13-MG;UOP02-DEL13-MG;;;
670850;01/04/2025;ter�a-feira;04:35:00;SP;116;116,5;TAUBATE;Condutor Dormindo;Colis�o traseira;Com V�timas Feridas;Plena Noite;Decrescente;Nublado;Dupla;Reta;N�o;3;0;0;1;1;1;1;3;-23,05376319;-45,6088049;SPRF-SP;DEL02-SP;UOP02-DEL02-SP;;;
670852;01/04/2025;ter�a-feira;04:55:00;MG;365;665,8;MONTE ALEGRE DE MINAS;Condutor Dormindo;Colis�o traseira;Com V�timas Feridas;Amanhecer;Decrescente;Nublado;Dupla;Reta;N�o;8;0;4;1;1;2;5;4;-18,89098063;-48,69503852;SPRF-MG;DEL15-MG;UOP01-DEL15-MG;;;
670853;31/03/2025;segunda-feira;19:00:00;RJ;116;311;RESENDE;Aus�ncia de rea��o do condutor;Colis�o com objeto;Com V�timas Feridas;Plena Noite;Decrescente;Garoa/Chuvisco;Dupla;Curva;Sim;4;0;1;0;2;3;1;6;-22,46121772;-44,44413797;SPRF-RJ;DEL07-RJ;UOP02-DEL07-RJ;;;
670861;01/04/2025;ter�a-feira;06:45:00;MT;158;796;BARRA DO GARCAS;Entrada inopinada do pedestre;Colis�o lateral mesmo sentido;Com V�timas Feridas;Pleno dia;Decrescente;C�u Claro;Simples;Reta;Sim;3;0;0;1;1;1;1;3;-15,87568;-52,314871;SPRF-MT;DEL07-MT;UOP01-DEL07-MT;;;
670863;01/04/2025;ter�a-feira;07:20:00;SP;116;362;MIRACATU;Mal s�bito do condutor;Sa�da de leito carro��vel;Sem V�timas;Pleno dia;Crescente;C�u Claro;Dupla;"Curva;Declive";N�o;2;0;0;0;1;1;0;2;-24,121781;-47,270621;SPRF-SP;DEL04-SP;UOP03-DEL04-SP;;;
670865;01/04/2025;ter�a-feira;07:10:00;ES;101;17,8;SERRA;Acesso irregular;Colis�o lateral mesmo sentido;Com V�timas Feridas;Pleno dia;Crescente;C�u Claro;Simples;Curva;N�o;3;0;1;0;1;1;1;3;-20,217167;-40,337069;SPRF-ES;DEL02-ES;UOP01-DEL02-ES;;;
670868;01/04/2025;ter�a-feira;07:50:00;BA;324;598,8;SIMOES FILHO;Rea��o tardia ou ineficiente do condutor;Colis�o traseira;Sem V�timas;Pleno dia;Crescente;Nublado;M�ltipla;Reta;N�o;2;0;0;0;2;0;0;2;-12,75140874;-38,43162543;SPRF-BA;DEL01-BA;UOP01-DEL01-BA;;;
670878;01/04/2025;ter�a-feira;09:00:00;BA;324;577;SAO SEBASTIAO DO PASSE;Aus�ncia de rea��o do condutor;Sa�da de leito carro��vel;Com V�timas Feridas;Pleno dia;Decrescente;Nublado;Dupla;Reta;N�o;1;0;1;0;0;0;1;1;-12,5922934;-38,523583;SPRF-BA;DEL01-BA;UOP01-DEL01-BA;;;
670881;01/04/2025;ter�a-feira;08:00:00;SC;101;362,3;SANGAO;Rea��o tardia ou ineficiente do condutor;Colis�o traseira;Com V�timas Feridas;Pleno dia;Decrescente;C�u Claro;Dupla;"Aclive;Reta";N�o;3;0;1;0;1;1;1;3;-28,67778709;-49,13605213;SPRF-SC;DEL02-SC;UOP01-DEL02-SC;;;
670885;01/04/2025;ter�a-feira;10:30:00;SP;116;213;GUARULHOS;Rea��o tardia ou ineficiente do condutor;Colis�o com objeto;Com V�timas Feridas;Pleno dia;Crescente;C�u Claro;M�ltipla;Declive;Sim;2;0;0;1;1;0;1;2;-23,44512154;-46,44487381;SPRF-SP;DEL01-SP;UOP01-DEL01-SP;;;
670890;01/04/2025;ter�a-feira;07:10:00;SP;116;495;CAJATI;Avarias e/ou desgaste excessivo no pneu;Inc�ndio;Sem V�timas;Pleno dia;Decrescente;C�u Claro;Dupla;Reta;N�o;2;0;0;0;1;1;0;2;-24,75203867;-48,15571362;SPRF-SP;DEL05-SP;UOP01-DEL05-SP;;;
670891;01/04/2025;ter�a-feira;09:36:00;MT;163;694;SORRISO;Acessar a via sem observar a presen�a dos outros ve�culos;Colis�o transversal;Com V�timas Feridas;Pleno dia;Crescente;Nublado;Simples;"Reta;Interse��o de Vias;Declive";N�o;7;0;4;0;3;0;4;3;-13,02887287;-55,89788552;SPRF-MT;DEL06-MT;UOP01-DEL06-MT;;;
670892;01/04/2025;ter�a-feira;11:00:00;CE;222;23,4;CAUCAIA;Condutor deixou de manter dist�ncia do ve�culo da frente;Colis�o traseira;Com V�timas Feridas;Pleno dia;Crescente;C�u Claro;Dupla;Reta;Sim;3;0;0;1;1;3;1;5;-3,73112;-38,763357;SPRF-CE;DEL01-CE;UOP01-DEL01-CE;;;
670897;01/04/2025;ter�a-feira;06:30:00;BA;116;561;BREJOES;Ultrapassagem Indevida;Colis�o lateral sentido oposto;Com V�timas Feridas;Pleno dia;Decrescente;C�u Claro;Simples;Reta;N�o;3;0;2;0;0;1;2;3;-12,96052;-39,92529;SPRF-BA;DEL03-BA;UOP02-DEL03-BA;;;
670904;01/04/2025;ter�a-feira;10:00:00;MA;222;284;ARARI;Manobra de mudan�a de faixa;Capotamento;Com V�timas Feridas;Pleno dia;Crescente;C�u Claro;Simples;Reta;N�o;1;0;1;0;0;0;1;1;-3,453912;-44,811906;SPRF-MA;DEL02-MA;UOP01-DEL02-MA;;;
670905;31/03/2025;segunda-feira;23:00:00;BA;101;422;IBIRAPITANGA;Demais falhas mec�nicas ou el�tricas;Sa�da de leito carro��vel;Com V�timas Feridas;Plena Noite;Decrescente;Chuva;Simples;Curva;N�o;1;0;1;0;0;0;1;1;-14,13422279;-39,35817008;SPRF-BA;DEL05-BA;UOP03-DEL05-BA;;;
670909;12/02/2025;quarta-feira;11:51:00;SC;280;26;ARAQUARI;Ultrapassagem Indevida;Colis�o lateral mesmo sentido;Com V�timas Feridas;Pleno dia;Decrescente;C�u Claro;Simples;Reta;Sim;5;0;1;0;4;0;1;5;-26,3946375;-48,73844147;SPRF-SC;DEL03-SC;UOP03-DEL03-SC;;;
670914;01/04/2025;ter�a-feira;13:20:00;GO;153;440,2;ANAPOLIS;Sinaliza��o mal posicionada;Colis�o com objeto;Sem V�timas;Pleno dia;Decrescente;C�u Claro;Dupla;Reta;Sim;1;0;0;0;1;0;0;1;-16,332084;-48,922378;SPRF-GO;DEL02-GO;UOP01-DEL02-GO;;;
670920;18/03/2025;ter�a-feira;10:30:00;RJ;493;21;MAGE;Aus�ncia de rea��o do condutor;Colis�o traseira;Com V�timas Feridas;Pleno dia;Decrescente;Sol;Simples;Reta;Sim;5;0;0;1;3;1;1;5;-22,6692574;-43,110491;SPRF-RJ;DEL04-RJ;UOP02-DEL04-RJ;;;
670921;01/04/2025;ter�a-feira;11:10:00;MG;116;415,3;GOVERNADOR VALADARES;Convers�o proibida;Colis�o lateral sentido oposto;Com V�timas Feridas;Pleno dia;Crescente;C�u Claro;Simples;Reta;Sim;2;0;0;1;1;0;1;2;-18,891984;-41,947001;SPRF-MG;DEL06-MG;UOP01-DEL06-MG;;;
670927;01/04/2025;ter�a-feira;15:05:00;PI;343;342,3;TERESINA;Condutor deixou de manter dist�ncia do ve�culo da frente;Colis�o traseira;Com V�timas Feridas;Pleno dia;Decrescente;C�u Claro;Simples;"Curva;Em Obras";Sim;2;0;0;1;1;0;1;2;-5,08450028;-42,75485508;SPRF-PI;DEL01-PI;UOP01-DEL01-PI;;;
670929;01/04/2025;ter�a-feira;12:47:00;PR;277;305;PRUDENTOPOLIS;Falta de acostamento;Sa�da de leito carro��vel;Com V�timas Feridas;Pleno dia;Crescente;C�u Claro;Simples;Reta;N�o;2;0;1;0;0;1;1;2;-25,3195883;-51,1896854;SPRF-PR;DEL08-PR;UOP01-DEL08-PR;;;
670931;01/04/2025;ter�a-feira;15:45:00;GO;20;191,5;POSSE;Velocidade Incompat�vel;Tombamento;Com V�timas Feridas;Pleno dia;Crescente;C�u Claro;Simples;"Reta;Aclive";N�o;2;0;1;0;0;2;1;3;-14,4;-46,4;SPRF-DF;DEL02-DF;UOP03-DEL02-DF;;;
670932;01/04/2025;ter�a-feira;15:30:00;RS;158;537;SANTANA DO LIVRAMENTO;Transtornos Mentais (exceto suicidio);Sa�da de leito carro��vel;Com V�timas Feridas;Pleno dia;Crescente;Nublado;Simples;Reta;N�o;6;0;0;1;3;2;1;6;-30,799549;-55,242043;SPRF-RS;DEL11-RS;UOP01-DEL11-RS;;;
670935;01/04/2025;ter�a-feira;15:30:00;PR;116;164;QUITANDINHA;Rea��o tardia ou ineficiente do condutor;Colis�o traseira;Sem V�timas;Pleno dia;Crescente;C�u Claro;Dupla;Curva;N�o;4;0;0;0;2;2;0;4;-25,875393;-49,470167;SPRF-PR;DEL01-PR;UOP03-DEL01-PR;;;
670936;01/04/2025;ter�a-feira;16:00:00;MG;50;156,8;UBERABA;Rea��o tardia ou ineficiente do condutor;Sa�da de leito carro��vel;Com V�timas Feridas;Pleno dia;Crescente;C�u Claro;Dupla;"Reta;Aclive";N�o;1;0;1;0;0;0;1;1;-19,620944;-48,017519;SPRF-MG;DEL13-MG;UOP01-DEL13-MG;;;
670938;01/04/2025;ter�a-feira;16:05:00;SP;116;76;ROSEIRA;Aus�ncia de rea��o do condutor;Colis�o traseira;Com V�timas Feridas;Pleno dia;Crescente;Sol;Dupla;Reta;Sim;7;0;2;0;4;1;2;4;-22,8878903;-45,28617491;SPRF-SP;DEL08-SP;UOP01-DEL08-SP;;;
670939;25/03/2025;ter�a-feira;05:00:00;BA;418;92;NOVA VICOSA;Transitar na contram�o;Colis�o frontal;Com V�timas Feridas;Amanhecer;Decrescente;C�u Claro;Simples;Reta;N�o;3;0;0;1;1;1;1;3;-17,89214323;-39,88299966;SPRF-BA;DEL09-BA;UOP02-DEL09-BA;;;
670946;01/04/2025;ter�a-feira;10:30:00;MG;365;466;PATROCINIO;Rea��o tardia ou ineficiente do condutor;Colis�o frontal;Com V�timas Feridas;Pleno dia;Crescente;C�u Claro;Dupla;Reta;N�o;5;0;1;0;3;2;1;6;-18,88501072;-46,92655563;SPRF-MG;DEL10-MG;UOP01-DEL10-MG;;;
670947;29/03/2025;s�bado;05:00:00;BA;349;933;CORRENTINA;Demais falhas mec�nicas ou el�tricas;Inc�ndio;Sem V�timas;Amanhecer;Decrescente;Nublado;Simples;"Declive;Curva";N�o;2;0;0;0;1;2;0;3;-13,36349;-44,64607;SPRF-BA;DEL10-BA;UOP02-DEL10-BA;;;
670948;01/04/2025;ter�a-feira;16:50:00;MG;381;425,9;CAETE;Aus�ncia de rea��o do condutor;Colis�o traseira;Com V�timas Feridas;Pleno dia;Decrescente;C�u Claro;Dupla;"Reta;Declive";N�o;10;0;6;2;1;1;8;4;-19,79153;-43,671934;SPRF-MG;DEL01-MG;UOP01-DEL01-MG;;;
670963;01/04/2025;ter�a-feira;17:40:00;PR;116;28;CAMPINA GRANDE DO SUL;Rea��o tardia ou ineficiente do condutor;Colis�o traseira;Com V�timas Feridas;Amanhecer;Decrescente;Nublado;Dupla;Reta;N�o;3;0;0;1;1;1;1;3;-25,14714932;-48,8596344;SPRF-PR;DEL01-PR;UOP02-DEL01-PR;;;
670967;01/04/2025;ter�a-feira;16:26:00;MA;135;6,4;SAO LUIS;Pista Escorregadia;Colis�o com objeto;Com V�timas Feridas;Pleno dia;Crescente;Chuva;Dupla;Declive;Sim;1;0;1;0;0;0;1;1;-2,6902528;-44,2925056;SPRF-MA;DEL01-MA;UOP01-DEL01-MA;;;
670974;01/04/2025;ter�a-feira;09:30:00;CE;222;201;SOBRAL;Carga excessiva e/ou mal acondicionada;Tombamento;Com V�timas Feridas;Pleno dia;Crescente;C�u Claro;Simples;Curva;N�o;2;0;1;0;0;1;1;2;-3,7189116;-40,33228475;SPRF-CE;DEL04-CE;UOP01-DEL04-CE;;;
670975;14/01/2025;ter�a-feira;21:54:00;CE;222;221;SOBRAL;Condutor deixou de manter dist�ncia do ve�culo da frente;Colis�o traseira;Com V�timas Feridas;Plena Noite;Decrescente;Chuva;Simples;Reta;Sim;2;0;1;0;1;0;1;2;-3,72703784;-40,32233965;SPRF-CE;DEL04-CE;UOP01-DEL04-CE;;;
670978;01/04/2025;ter�a-feira;19:20:00;PR;116;167;QUITANDINHA;Acessar a via sem observar a presen�a dos outros ve�culos;Colis�o transversal;Com V�timas Feridas;Plena Noite;Decrescente;C�u Claro;Simples;Interse��o de Vias;N�o;2;0;1;0;1;0;1;2;-25,88469432;-49,49987233;SPRF-PR;DEL01-PR;UOP03-DEL01-PR;;;
670979;01/04/2025;ter�a-feira;19:15:00;MT;364;276;JACIARA;Rea��o tardia ou ineficiente do condutor;Colis�o lateral mesmo sentido;Com V�timas Fatais;Plena Noite;Crescente;C�u Claro;Simples;"Declive;Reta";N�o;8;1;2;0;4;12;2;18;-15,95007;-55,001481;SPRF-MT;DEL05-MT;UOP02-DEL05-MT;;;
670983;01/04/2025;ter�a-feira;20:30:00;RS;285;529,7;SAO LUIZ GONZAGA;Velocidade Incompat�vel;Colis�o traseira;Com V�timas Feridas;Plena Noite;Crescente;C�u Claro;Simples;Reta;N�o;2;0;1;0;0;1;1;2;-28,411335;-54,570077;SPRF-RS;DEL10-RS;UOP01-DEL10-RS;;;
670984;01/04/2025;ter�a-feira;09:00:00;SC;282;85,9;ALFREDO WAGNER;Demais falhas mec�nicas ou el�tricas;Sa�da de leito carro��vel;Com V�timas Feridas;Pleno dia;Crescente;C�u Claro;Simples;Curva;Sim;1;0;1;0;0;0;1;1;-27,66414498;-49,2002964;SPRF-SC;DEL01-SC;UOP03-DEL01-SC;;;
670987;01/04/2025;ter�a-feira;19:25:00;SC;282;215;LAGES;Aus�ncia de rea��o do condutor;Colis�o frontal;Com V�timas Feridas;Plena Noite;Decrescente;Nublado;Simples;Reta;Sim;3;0;1;1;1;0;2;2;-27,79288302;-50,27996063;SPRF-SC;DEL05-SC;UOP01-DEL05-SC;;;
670988;01/04/2025;ter�a-feira;17:30:00;SC;116;148,2;BOM RETIRO;Rea��o tardia ou ineficiente do condutor;Colis�o lateral sentido oposto;Com V�timas Feridas;Pleno dia;Crescente;C�u Claro;Simples;"Reta;Aclive";N�o;2;0;1;0;1;0;1;2;-27,77946;-49,650673;SPRF-SC;DEL06-SC;UOP02-DEL06-SC;;;
670989;01/04/2025;ter�a-feira;20:15:00;RS;470;254;SALVADOR DO SUL;Transitar na contram�o;Colis�o frontal;Com V�timas Feridas;Plena Noite;Decrescente;Nevoeiro/Neblina;Simples;Reta;N�o;2;0;0;1;1;0;1;2;-29,43168757;-51,51180083;SPRF-RS;DEL06-RS;UOP01-DEL06-RS;;;
671000;01/04/2025;ter�a-feira;23:40:00;SP;116;339;JUQUITIBA;Mal s�bito do condutor;Colis�o traseira;Com V�timas Feridas;Plena Noite;Decrescente;Nublado;Dupla;"Reta;Aclive";N�o;3;0;1;0;1;1;1;3;-23,9980273;-47,1522049;SPRF-SP;DEL04-SP;UOP03-DEL04-SP;;;
671002;01/04/2025;ter�a-feira;23:40:00;MG;365;636,7;UBERLANDIA;Condutor Dormindo;Colis�o traseira;Com V�timas Fatais;Plena Noite;Decrescente;C�u Claro;Dupla;"Reta;Aclive";N�o;3;1;0;0;1;2;0;4;-18,891033;-48,427678;SPRF-MG;DEL15-MG;UOP01-DEL15-MG;;;
671003;01/04/2025;ter�a-feira;22:15:00;PR;116;74;QUATRO BARRAS;Rea��o tardia ou ineficiente do condutor;Colis�o traseira;Com V�timas Feridas;Plena Noite;Crescente;Nublado;Dupla;Reta;N�o;2;0;0;1;1;0;1;2;-25,36517687;-49,04223028;SPRF-PR;DEL01-PR;UOP02-DEL01-PR;;;
671005;01/04/2025;ter�a-feira;22:00:00;RS;158;137,9;CONDOR;Manobra de mudan�a de faixa;Colis�o lateral sentido oposto;Com V�timas Feridas;Plena Noite;Crescente;C�u Claro;Simples;Curva;N�o;4;0;1;0;1;2;1;2;-28,18163625;-53,47473121;SPRF-RS;DEL08-RS;UOP01-DEL08-RS;;;
671006;01/04/2025;ter�a-feira;23:50:00;MG;262;576;CORREGO DANTA;Aus�ncia de rea��o do condutor;Sa�da de leito carro��vel;Com V�timas Feridas;Plena Noite;Crescente;Nublado;Simples;Curva;N�o;2;0;1;0;0;1;1;2;-19,66433095;-46,0664463;SPRF-MG;DEL08-MG;UOP02-DEL08-MG;;;
671009;02/04/2025;quarta-feira;01:55:00;PR;369;430,9;UBIRATA;Transitar na contram�o;Colis�o frontal;Com V�timas Fatais;Plena Noite;Crescente;C�u Claro;Simples;Reta;Sim;3;1;0;1;0;1;1;3;-24,55484884;-52,97434688;SPRF-PR;DEL04-PR;UOP03-DEL04-PR;;;
671012;02/04/2025;quarta-feira;02:45:00;MG;381;2;BETIM;Animais na Pista;Colis�o com objeto;Com V�timas Feridas;Plena Noite;Crescente;Nublado;Dupla;"Curva;Declive";Sim;2;0;1;0;0;1;1;2;-19,97987077;-44,16088376;SPRF-MG;DEL01-MG;UOP03-DEL01-MG;;;
671013;02/04/2025;quarta-feira;02:50:00;PR;369;34;ANDIRA;Aus�ncia de rea��o do condutor;Tombamento;Com V�timas Feridas;Plena Noite;Crescente;C�u Claro;Simples;Curva;N�o;1;0;1;0;0;0;1;1;-23,02896025;-50,21099567;SPRF-PR;DEL07-PR;UOP05-DEL07-PR;;;
671016;20/03/2025;quinta-feira;14:10:00;BA;324;516;FEIRA DE SANTANA;Aus�ncia de rea��o do condutor;Colis�o traseira;Com V�timas Feridas;Pleno dia;Crescente;C�u Claro;Simples;Reta;Sim;3;0;0;1;2;0;1;3;-12,24325725;-38,936643;SPRF-BA;DEL02-BA;UOP01-DEL02-BA;;;
671017;02/04/2025;quarta-feira;03:10:00;RJ;493;23;MAGE;Aus�ncia de rea��o do condutor;Colis�o lateral sentido oposto;Com V�timas Feridas;Plena Noite;Crescente;Nevoeiro/Neblina;Simples;Reta;N�o;4;0;1;1;1;1;2;3;-22,657;-43,072;SPRF-RJ;DEL04-RJ;UOP02-DEL04-RJ;;;
671019;02/04/2025;quarta-feira;04:18:00;PE;232;126;CARUARU;Chuva;Colis�o traseira;Com V�timas Feridas;Amanhecer;Decrescente;Nublado;Dupla;Reta;Sim;2;0;1;0;0;1;1;2;-8,30636093;-35,93642145;SPRF-PE;DEL02-PE;UOP01-DEL02-PE;;;
671020;02/04/2025;quarta-feira;05:34:00;SP;116;392;MIRACATU;Condutor Dormindo;Tombamento;Com V�timas Feridas;Amanhecer;Decrescente;Ignorado;Dupla;Reta;Sim;2;0;1;0;0;1;1;2;-24,28020183;-47,42881322;SPRF-SP;DEL04-SP;UOP02-DEL04-SP;;;
671021;02/04/2025;quarta-feira;06:50:00;SP;116;282;EMBU DAS ARTES;Manobra de mudan�a de faixa;Colis�o lateral mesmo sentido;Sem V�timas;Pleno dia;Crescente;C�u Claro;Dupla;Reta;Sim;4;0;0;0;2;2;0;4;-23,65132687;-46,84743609;SPRF-SP;DEL04-SP;UOP01-DEL04-SP;;;
671022;02/04/2025;quarta-feira;05:25:00;PR;369;344;CAMPO MOURAO;Velocidade Incompat�vel;Tombamento;Com V�timas Feridas;Plena Noite;Decrescente;C�u Claro;Simples;"Rotat�ria;Interse��o de Vias";N�o;2;0;1;0;0;1;1;2;-24,08214684;-52,41230423;SPRF-PR;DEL09-PR;UOP03-DEL09-PR;;;
671031;02/04/2025;quarta-feira;06:00:00;MG;116;575,8;MANHUACU;Velocidade Incompat�vel;Tombamento;Com V�timas Feridas;Amanhecer;Crescente;Nublado;Simples;Reta;N�o;1;0;0;1;0;0;1;1;-20,159227;-42,190477;SPRF-MG;DEL06-MG;UOP03-DEL06-MG;;;
671047;02/04/2025;quarta-feira;08:20:00;PE;232;9;JABOATAO DOS GUARARAPES;Manobra de mudan�a de faixa;Colis�o lateral mesmo sentido;Sem V�timas;Pleno dia;Decrescente;Nublado;Dupla;"Interse��o de Vias;Reta";Sim;2;0;0;0;2;0;0;2;-8,079042;-34,984013;SPRF-PE;DEL01-PE;UOP01-DEL01-PE;;;
671048;02/04/2025;quarta-feira;07:50:00;SP;116;465,1;PARIQUERA-ACU;Rea��o tardia ou ineficiente do condutor;Queda de ocupante de ve�culo;Com V�timas Feridas;Pleno dia;Decrescente;Nublado;Dupla;Curva;N�o;2;0;1;0;1;0;1;2;-24,64840002;-47,92368628;SPRF-SP;DEL05-SP;UOP01-DEL05-SP;;;
671049;02/04/2025;quarta-feira;07:40:00;PR;476;335;PAULA FREITAS;Pista esburacada;Colis�o frontal;Com V�timas Fatais;Pleno dia;Crescente;C�u Claro;Simples;Reta;N�o;11;4;1;4;1;1;5;4;-26,131361;-50,855583;SPRF-PR;DEL02-PR;UOP03-DEL02-PR;;;
671051;02/04/2025;quarta-feira;07:30:00;MG;40;515;RIBEIRAO DAS NEVES;Condutor deixou de manter dist�ncia do ve�culo da frente;Colis�o lateral mesmo sentido;Com V�timas Feridas;Pleno dia;Crescente;C�u Claro;Dupla;Reta;Sim;2;0;1;0;1;0;1;2;-19,8166548;-44,09514567;SPRF-MG;DEL01-MG;UOP02-DEL01-MG;;;
671055;02/04/2025;quarta-feira;07:40:00;RO;364;708;PORTO VELHO;Rea��o tardia ou ineficiente do condutor;Colis�o traseira;Com V�timas Feridas;Pleno dia;Crescente;C�u Claro;Dupla;Reta;N�o;4;0;1;0;2;4;1;7;-8,79786978;-63,8368696;SPRF-RO;DEL01-RO;UOP01-DEL01-RO;;;
671057;02/04/2025;quarta-feira;09:25:00;DF;20;0,8;BRASILIA;Condutor Dormindo;Sa�da de leito carro��vel;Com V�timas Feridas;Pleno dia;Decrescente;Sol;Simples;Reta;Sim;2;0;1;0;0;1;1;2;-15,8138368;-47,972352;SPRF-DF;DEL02-DF;UOP01-DEL02-DF;;;
671062;02/04/2025;quarta-feira;10:00:00;ES;101;135,9;LINHARES;Acessar a via sem observar a presen�a dos outros ve�culos;Colis�o transversal;Com V�timas Feridas;Pleno dia;Decrescente;C�u Claro;Simples;Reta;N�o;3;0;2;0;0;1;2;3;-19,28308718;-40,08704829;SPRF-ES;DEL04-ES;UOP01-DEL04-ES;;;
671064;02/04/2025;quarta-feira;10:00:00;ES;101;221;IBIRACU;Rea��o tardia ou ineficiente do condutor;Engavetamento;Sem V�timas;Pleno dia;Decrescente;C�u Claro;Simples;"Em Obras;Reta";N�o;8;0;0;0;8;0;0;4;-19,86692805;-40,40010383;SPRF-ES;DEL02-ES;UOP01-DEL02-ES;;;
671065;02/04/2025;quarta-feira;05:50:00;MG;262;554;LUZ;Velocidade Incompat�vel;Colis�o lateral sentido oposto;Com V�timas Fatais;Amanhecer;Decrescente;Ignorado;Simples;"Curva;Declive";N�o;4;1;0;1;1;1;1;4;-19,70754632;-45,92081308;SPRF-MG;DEL08-MG;UOP02-DEL08-MG;;;
671071;02/04/2025;quarta-feira;09:40:00;MG;262;800;UBERABA;Acessar a via sem observar a presen�a dos outros ve�culos;Colis�o lateral mesmo sentido;Com V�timas Feridas;Pleno dia;Crescente;C�u Claro;Dupla;Reta;Sim;3;0;2;0;1;0;2;2;-19,768365;-47,89126;SPRF-MG;DEL13-MG;UOP01-DEL13-MG;;;
671072;02/04/2025;quarta-feira;04:00:00;SP;381;86;SAO PAULO;Demais falhas mec�nicas ou el�tricas;Inc�ndio;Sem V�timas;Plena Noite;Decrescente;C�u Claro;M�ltipla;Reta;Sim;2;0;0;0;0;2;0;2;-23,46374288;-46,5710932;SPRF-SP;DEL03-SP;UOP01-DEL03-SP;;;
671077;02/04/2025;quarta-feira;11:18:00;MS;163;569,9;BANDEIRANTES;Condutor Dormindo;Colis�o lateral sentido oposto;Com V�timas Feridas;Pleno dia;Decrescente;Nublado;Simples;Reta;N�o;4;0;2;0;1;1;2;3;-19,72130248;-54,35138226;SPRF-MS;DEL01-MS;UOP02-DEL01-MS;;;
671082;02/04/2025;quarta-feira;12:10:00;GO;60;467,8;JATAI;Manobra de mudan�a de faixa;Colis�o lateral mesmo sentido;Com V�timas Feridas;Pleno dia;Decrescente;C�u Claro;Dupla;Retorno Regulamentado;N�o;3;0;1;0;1;2;1;4;-17,9069747;-51,7124279;SPRF-GO;DEL05-GO;UOP01-DEL05-GO;;;
671084;02/04/2025;quarta-feira;11:55:00;PR;116;166;QUITANDINHA;Acessar a via sem observar a presen�a dos outros ve�culos;Colis�o transversal;Com V�timas Feridas;Pleno dia;Crescente;C�u Claro;Simples;"Interse��o de Vias;Retorno Regulamentado";N�o;3;0;1;0;1;3;1;5;-25,8754707;-49,4863761;SPRF-PR;DEL01-PR;UOP03-DEL01-PR;;;
671085;02/04/2025;quarta-feira;01:40:00;GO;153;626;MORRINHOS;Avarias e/ou desgaste excessivo no pneu;Sa�da de leito carro��vel;Com V�timas Feridas;Plena Noite;Crescente;C�u Claro;Dupla;Reta;N�o;2;0;1;0;0;1;1;2;-17,76198256;-49,16579247;SPRF-GO;DEL03-GO;UOP01-DEL03-GO;;;
671086;02/04/2025;quarta-feira;10:00:00;RJ;493;2;ITABORAI;Aus�ncia de rea��o do condutor;Colis�o traseira;Com V�timas Feridas;Pleno dia;Decrescente;C�u Claro;Dupla;"Declive;Reta";N�o;3;0;2;0;0;1;2;2;-22,76367713;-42,92937756;SPRF-RJ;DEL02-RJ;UOP02-DEL02-RJ;;;
671089;02/04/2025;quarta-feira;07:30:00;MG;116;233;TEOFILO OTONI;Demais falhas mec�nicas ou el�tricas;Sa�da de leito carro��vel;Com V�timas Feridas;Pleno dia;Crescente;C�u Claro;Simples;"Declive;Curva;Em Obras";N�o;1;0;0;1;0;0;1;1;-17,5184;-41,48545;SPRF-MG;DEL11-MG;UOP01-DEL11-MG;;;
671090;02/04/2025;quarta-feira;13:35:00;ES;101;254;SERRA;Ingest�o de �lcool pelo condutor;Colis�o traseira;Sem V�timas;Pleno dia;Crescente;C�u Claro;Simples;"Aclive;Reta;Interse��o de Vias";Sim;4;0;0;0;3;1;0;4;-20,11862239;-40,31219925;SPRF-ES;DEL02-ES;UOP01-DEL02-ES;;;
671096;02/04/2025;quarta-feira;14:00:00;CE;116;12;FORTALEZA;Manobra de mudan�a de faixa;Colis�o lateral mesmo sentido;Com V�timas Feridas;Pleno dia;Crescente;C�u Claro;Dupla;Reta;N�o;3;0;1;0;1;1;1;2;-3,8644497;-38,4981938;SPRF-CE;DEL01-CE;UOP02-DEL01-CE;;;
671101;02/04/2025;quarta-feira;14:45:00;RS;290;459,4;ROSARIO DO SUL;Ultrapassagem Indevida;Colis�o frontal;Com V�timas Feridas;Pleno dia;Crescente;Garoa/Chuvisco;Simples;Curva;N�o;3;0;0;1;2;0;1;2;-30,225857;-54,709302;SPRF-RS;DEL11-RS;UOP02-DEL11-RS;;;
671108;02/04/2025;quarta-feira;15:00:00;MG;50;204;DELTA;Chuva;Sa�da de leito carro��vel;Com V�timas Feridas;Pleno dia;Crescente;Chuva;Dupla;Declive;N�o;4;0;2;0;0;2;2;4;-19,96418891;-47,79643491;SPRF-MG;DEL13-MG;UOP01-DEL13-MG;;;