id;data_inversa;dia_semana;horario;uf;br;km;municipio;causa_acidente;tipo_acidente;classificacao_acidente;fase_dia;sentido_via;condicao_metereologica;tipo_pista;tracado_via;uso_solo;pessoas;mortos;feridos_leves;feridos_graves;ilesos;ignorados;feridos;veiculos;latitude;longitude;regional;delegacia;uop;;;
671109;02/04/2025;quarta-feira;15:45:00;ES;101;295;CARIACICA;Trafegar com motocicleta (ou similar) entre as faixas;Colis�o traseira;Com V�timas Feridas;Pleno dia;Decrescente;C�u Claro;Dupla;Reta;Sim;3;0;0;1;2;0;1;3;-20,3313286;-40,3994204;SPRF-ES;DEL01-ES;UOP01-DEL01-ES;;;
671110;02/04/2025;quarta-feira;15:30:00;SC;101;207;SAO JOSE;Rea��o tardia ou ineficiente do condutor;Colis�o traseira;Com V�timas Feridas;Pleno dia;Crescente;Nublado;M�ltipla;Reta;Sim;2;0;0;1;1;0;1;2;-27,6011;-48,6242;SPRF-SC;DEL01-SC;UOP01-DEL01-SC;;;
671111;17/03/2025;segunda-feira;19:30:00;RJ;116;231;PIRAI;Aus�ncia de rea��o do condutor;Colis�o traseira;Com V�timas Feridas;Plena Noite;Decrescente;Nevoeiro/Neblina;Dupla;Curva;N�o;3;0;1;0;1;2;1;4;-22,6685;-43,8284;SPRF-RJ;DEL07-RJ;UOP01-DEL07-RJ;;;
671114;02/04/2025;quarta-feira;14:00:00;PI;343;188;PIRIPIRI;Ultrapassagem Indevida;Sa�da de leito carro��vel;Sem V�timas;Pleno dia;Decrescente;Nublado;Simples;Reta;N�o;2;0;0;0;1;2;0;3;-4,31042241;-41,77323818;SPRF-PI;DEL02-PI;UOP01-DEL02-PI;;;
671115;02/04/2025;quarta-feira;15:30:00;GO;452;184;ITUMBIARA;Demais Fen�menos da natureza;Inc�ndio;Sem V�timas;Pleno dia;Decrescente;C�u Claro;Simples;Curva;N�o;2;0;0;0;2;0;0;1;-18,39827642;-49,29983854;SPRF-GO;DEL03-GO;UOP02-DEL03-GO;;;
671119;02/04/2025;quarta-feira;15:56:00;TO;153;294,7;PRESIDENTE KENNEDY;Velocidade Incompat�vel;Tombamento;Com V�timas Fatais;Pleno dia;Decrescente;C�u Claro;Simples;"Interse��o de Vias;Reta";N�o;5;1;0;1;2;1;1;3;-8,48328347;-48,4895467;SPRF-TO;DEL02-TO;UOP02-DEL02-TO;;;
671123;02/04/2025;quarta-feira;14:40:00;PR;376;502;PONTA GROSSA;Condutor deixou de manter dist�ncia do ve�culo da frente;Colis�o traseira;Com V�timas Feridas;Pleno dia;Crescente;C�u Claro;Dupla;"Reta;Retorno Regulamentado;Declive";N�o;3;0;1;0;0;2;1;3;-25,18212675;-50,09390116;SPRF-PR;DEL03-PR;UOP04-DEL03-PR;;;
671125;02/04/2025;quarta-feira;15:50:00;RS;386;268,7;FONTOURA XAVIER;Acumulo de �gua sobre o pavimento;Colis�o frontal;Com V�timas Feridas;Pleno dia;Decrescente;Chuva;Simples;Reta;N�o;14;0;6;5;3;0;11;5;-28,97199107;-52,36920834;SPRF-RS;DEL04-RS;UOP03-DEL04-RS;;;
671132;02/04/2025;quarta-feira;17:30:00;DF;70;7;BRASILIA;Acessar a via sem observar a presen�a dos outros ve�culos;Colis�o transversal;Com V�timas Feridas;Pleno dia;Crescente;C�u Claro;Dupla;Reta;Sim;7;0;1;0;6;0;1;2;-15,7918882;-48,1096644;SPRF-DF;DEL03-DF;UOP02-DEL03-DF;;;
671137;02/04/2025;quarta-feira;15:59:00;TO;230;80;CACHOEIRINHA;Aus�ncia de rea��o do condutor;Tombamento;Com V�timas Feridas;Pleno dia;Crescente;C�u Claro;Simples;Curva;N�o;2;0;1;0;0;2;1;3;-6,103208;-47,887032;SPRF-TO;DEL02-TO;UOP03-DEL02-TO;;;
671139;02/04/2025;quarta-feira;17:30:00;ES;262;136,8;BREJETUBA;Velocidade Incompat�vel;Tombamento;Com V�timas Feridas;Pleno dia;Crescente;C�u Claro;Simples;Curva;N�o;2;0;1;0;0;1;1;2;-20,2346691;-41,3406124;SPRF-ES;DEL01-ES;UOP02-DEL01-ES;;;
671145;02/04/2025;quarta-feira;17:40:00;PR;376;174,9;MARINGA;Aus�ncia de rea��o do condutor;Colis�o transversal;Com V�timas Feridas;Plena Noite;Decrescente;C�u Claro;Dupla;Reta;Sim;3;0;1;0;1;1;1;3;-23,41489227;-51,95061336;SPRF-PR;DEL09-PR;UOP01-DEL09-PR;;;
671150;02/04/2025;quarta-feira;19:00:00;SC;101;195;BIGUACU;Aus�ncia de rea��o do condutor;Colis�o traseira;Com V�timas Feridas;Pleno dia;Decrescente;C�u Claro;M�ltipla;Reta;Sim;2;0;0;1;1;0;1;2;-27,50529201;-48,64932407;SPRF-SC;DEL01-SC;UOP01-DEL01-SC;;;
671152;02/04/2025;quarta-feira;16:45:00;MG;251;491,2;FRANCISCO SA;Velocidade Incompat�vel;Tombamento;Com V�timas Feridas;Pleno dia;Decrescente;C�u Claro;Simples;Reta;N�o;2;0;1;0;0;2;1;3;-16,5354522;-43,5925436;SPRF-MG;DEL12-MG;UOP01-DEL12-MG;;;
671160;02/04/2025;quarta-feira;13:00:00;GO;158;200,7;CAIAPONIA;Demais falhas mec�nicas ou el�tricas;Tombamento;Com V�timas Feridas;Pleno dia;Decrescente;C�u Claro;Simples;"Declive;Curva";N�o;1;0;1;0;0;0;1;1;-17,18;-51,53;SPRF-GO;DEL05-GO;UOP01-DEL05-GO;;;
671164;02/04/2025;quarta-feira;17:00:00;MG;153;16;CENTRALINA;Mal s�bito do condutor;Sa�da de leito carro��vel;Com V�timas Feridas;Anoitecer;Crescente;C�u Claro;Dupla;Reta;N�o;3;0;1;1;0;1;2;3;-18,560082;-49,193684;SPRF-MG;DEL15-MG;UOP03-DEL15-MG;;;
671167;02/04/2025;quarta-feira;16:00:00;PR;376;339;ORTIGUEIRA;Rea��o tardia ou ineficiente do condutor;Sa�da de leito carro��vel;Sem V�timas;Pleno dia;Crescente;C�u Claro;Simples;"Declive;Curva";N�o;2;0;0;0;1;2;0;3;-24,1442088;-50,997641;SPRF-PR;DEL07-PR;UOP02-DEL07-PR;;;
671172;09/02/2025;domingo;12:30:00;MT;364;69;ALTO GARCAS;Condutor deixou de manter dist�ncia do ve�culo da frente;Sa�da de leito carro��vel;Com V�timas Feridas;Pleno dia;Decrescente;C�u Claro;Simples;Aclive;N�o;2;0;1;0;0;1;1;2;-16,91562356;-53,62237221;SPRF-MT;DEL02-MT;UOP02-DEL02-MT;;;
671177;02/04/2025;quarta-feira;18:00:00;BA;324;546;AMELIA RODRIGUES;Demais falhas mec�nicas ou el�tricas;Tombamento;Sem V�timas;Pleno dia;Crescente;C�u Claro;Dupla;"Reta;Declive";N�o;2;0;0;0;1;1;0;2;-12,4232424;-38,7415849;SPRF-BA;DEL01-BA;UOP03-DEL01-BA;;;
671188;02/04/2025;quarta-feira;20:45:00;PA;316;33,7;SANTA IZABEL DO PARA;Rea��o tardia ou ineficiente do condutor;Sa�da de leito carro��vel;Sem V�timas;Plena Noite;Crescente;C�u Claro;Dupla;"Reta;Retorno Regulamentado";Sim;1;0;0;0;1;0;0;1;-1,296372;-48,174232;SPRF-PA;DEL01-PA;UOP01-DEL01-PA;;;
671192;02/04/2025;quarta-feira;07:45:00;RO;364;398;OURO PRETO DO OESTE;Aus�ncia de rea��o do condutor;Colis�o traseira;Com V�timas Feridas;Pleno dia;Crescente;C�u Claro;Simples;"Reta;Em Obras";N�o;3;0;1;0;1;4;1;6;-10,64524018;-62,31199086;SPRF-RO;DEL03-RO;UOP02-DEL03-RO;;;
671195;02/04/2025;quarta-feira;22:40:00;SC;101;138,8;BALNEARIO CAMBORIU;Manobra de mudan�a de faixa;Colis�o lateral mesmo sentido;Com V�timas Feridas;Plena Noite;Crescente;Chuva;Dupla;Reta;Sim;4;0;2;0;2;0;2;2;-27,04783621;-48,59990889;SPRF-SC;DEL04-SC;UOP03-DEL04-SC;;;
671202;02/04/2025;quarta-feira;23:10:00;MG;262;553,2;LUZ;Velocidade Incompat�vel;Colis�o lateral sentido oposto;Com V�timas Fatais;Plena Noite;Crescente;C�u Claro;Simples;"Declive;Curva";N�o;5;1;2;0;1;1;2;5;-19,70857277;-45,91605619;SPRF-MG;DEL08-MG;UOP02-DEL08-MG;;;
671207;02/04/2025;quarta-feira;22:55:00;SC;101;449,8;SAO JOAO DO SUL;Rea��o tardia ou ineficiente do condutor;Colis�o traseira;Com V�timas Feridas;Plena Noite;Crescente;Chuva;M�ltipla;Reta;N�o;6;0;2;2;1;1;4;3;-29,177525;-49,753333;SPRF-SC;DEL02-SC;UOP02-DEL02-SC;;;
671211;03/04/2025;quinta-feira;03:50:00;SC;101;213;PALHOCA;Estacionar ou parar em local proibido;Colis�o traseira;Com V�timas Feridas;Plena Noite;Crescente;Nublado;M�ltipla;Reta;Sim;3;0;1;0;1;1;1;3;-27,645673;-48,671709;SPRF-SC;DEL01-SC;UOP02-DEL01-SC;;;
671213;03/04/2025;quinta-feira;01:00:00;GO;153;260;NOVA GLORIA;Defici�ncia do Sistema de Ilumina��o/Sinaliza��o;Colis�o traseira;Com V�timas Feridas;Plena Noite;Crescente;C�u Claro;Simples;"Reta;Aclive";N�o;2;0;0;1;1;0;1;2;-14,97637791;-49,39418793;SPRF-GO;DEL07-GO;UOP02-DEL07-GO;;;
671223;03/04/2025;quinta-feira;06:00:00;RN;304;291,9;MACAIBA;Demais falhas mec�nicas ou el�tricas;Tombamento;Sem V�timas;Pleno dia;Decrescente;Sol;Dupla;Reta;N�o;1;0;0;0;1;0;0;1;-5,86765959;-35,39373279;SPRF-RN;DEL01-RN;UOP02-DEL01-RN;;;
671226;03/04/2025;quinta-feira;06:25:00;PR;376;491;PONTA GROSSA;Pedestre andava na pista;Atropelamento de Pedestre;Com V�timas Fatais;Pleno dia;Crescente;C�u Claro;Dupla;"Curva;Declive";Sim;3;1;0;0;1;1;0;3;-25,110032;-50,189801;SPRF-PR;DEL03-PR;UOP04-DEL03-PR;;;
671229;03/04/2025;quinta-feira;03:30:00;RJ;40;116,9;DUQUE DE CAXIAS;Aus�ncia de rea��o do condutor;Colis�o traseira;Com V�timas Fatais;Plena Noite;Decrescente;C�u Claro;M�ltipla;"Reta;Em Obras";N�o;5;1;1;0;1;2;1;3;-22,74517569;-43,28794599;SPRF-RJ;DEL01-RJ;UOP02-DEL01-RJ;;;
671234;02/04/2025;quarta-feira;22:05:00;RJ;116;82,2;TERESOPOLIS;Pedestre - Ingest�o de �lcool/ subst�ncias psicoativas;Atropelamento de Pedestre;Com V�timas Feridas;Plena Noite;Crescente;C�u Claro;Simples;"Reta;Aclive";Sim;4;0;1;0;1;2;1;3;-22,402796;-42,952903;SPRF-RJ;DEL04-RJ;UOP01-DEL04-RJ;;;
671236;03/04/2025;quinta-feira;05:17:00;RO;364;368,3;OURO PRETO DO OESTE;Falta de acostamento;Colis�o frontal;Com V�timas Feridas;Plena Noite;Decrescente;C�u Claro;Simples;Reta;N�o;4;0;3;0;0;2;3;4;-10,766515;-62,121893;SPRF-RO;DEL02-RO;UOP01-DEL02-RO;;;
671238;03/04/2025;quinta-feira;07:10:00;AL;101;176,8;TEOTONIO VILELA;Acessar a via sem observar a presen�a dos outros ve�culos;Colis�o frontal;Com V�timas Feridas;Amanhecer;Crescente;C�u Claro;Simples;Reta;Sim;2;0;1;0;1;0;1;2;-9,8953637;-36,3723807;SPRF-AL;DEL02-AL;UOP02-DEL02-AL;;;
671240;03/04/2025;quinta-feira;05:30:00;MG;262;671,3;IBIA;Aus�ncia de rea��o do condutor;Tombamento;Com V�timas Fatais;Amanhecer;Crescente;C�u Claro;Simples;Curva;N�o;1;1;0;0;0;0;0;1;-19,54835471;-46,82702422;SPRF-MG;DEL08-MG;UOP01-DEL08-MG;;;
671252;18/03/2025;ter�a-feira;13:47:00;SP;116;220;GUARULHOS;Aus�ncia de rea��o do condutor;Colis�o traseira;Com V�timas Feridas;Pleno dia;Decrescente;Nublado;M�ltipla;Reta;Sim;3;0;1;0;2;0;1;3;-23,465913;-46,501367;SPRF-SP;DEL01-SP;UOP01-DEL01-SP;;;
671254;03/04/2025;quinta-feira;07:40:00;MG;381;849,5;POUSO ALEGRE;Condutor deixou de manter dist�ncia do ve�culo da frente;Colis�o com objeto;Com V�timas Feridas;Pleno dia;Decrescente;Chuva;Dupla;Reta;Sim;4;0;1;0;2;1;1;4;-22,23449;-45,8775;SPRF-MG;DEL16-MG;UOP01-DEL16-MG;;;
671256;03/04/2025;quinta-feira;09:50:00;SE;101;78,2;LARANJEIRAS;Demais falhas na via;Sa�da de leito carro��vel;Sem V�timas;Pleno dia;Decrescente;C�u Claro;Dupla;"Curva;Aclive;Em Obras";N�o;1;0;0;0;1;0;0;1;-10,78240492;-37,14158893;SPRF-SE;DEL01-SE;UOP01-DEL01-SE;;;
671259;05/02/2025;quarta-feira;12:30:00;PB;230;257,4;ASSUNCAO;Rea��o tardia ou ineficiente do condutor;Sa�da de leito carro��vel;Com V�timas Feridas;Pleno dia;Decrescente;Chuva;Simples;"Declive;Curva";N�o;2;0;1;1;0;0;2;1;-7,0114;-36,6808;SPRF-PB;DEL03-PB;UOP01-DEL03-PB;;;
671262;03/04/2025;quinta-feira;10:00:00;PE;101;46,8;IGARASSU;Condutor deixou de manter dist�ncia do ve�culo da frente;Colis�o lateral mesmo sentido;Com V�timas Feridas;Pleno dia;Crescente;C�u Claro;Dupla;Reta;Sim;4;0;1;0;2;1;1;3;-7,882398;-34,904688;SPRF-PE;DEL01-PE;UOP02-DEL01-PE;;;
671264;03/04/2025;quinta-feira;10:16:00;GO;70;7;AGUAS LINDAS DE GOIAS;Ingest�o de �lcool pelo condutor;Colis�o lateral mesmo sentido;Sem V�timas;Pleno dia;Crescente;C�u Claro;Dupla;Reta;Sim;2;0;0;0;2;0;0;2;-15,73546431;-48,27997684;SPRF-DF;DEL03-DF;UOP02-DEL03-DF;;;
671266;03/04/2025;quinta-feira;08:40:00;RJ;116;137,9;MAGE;Aus�ncia de rea��o do condutor;Colis�o traseira;Com V�timas Feridas;Pleno dia;Crescente;C�u Claro;Dupla;Reta;N�o;3;0;0;1;2;0;1;2;-22,64672027;-43,19471455;SPRF-RJ;DEL04-RJ;UOP02-DEL04-RJ;;;
671268;03/04/2025;quinta-feira;10:40:00;RJ;116;176;SAO JOAO DE MERITI;Condutor deixou de manter dist�ncia do ve�culo da frente;Colis�o traseira;Com V�timas Feridas;Pleno dia;Crescente;C�u Claro;M�ltipla;Reta;Sim;3;0;2;0;1;0;2;2;-22,78058797;-43,39217478;SPRF-RJ;DEL06-RJ;UOP01-DEL06-RJ;;;
671273;03/04/2025;quinta-feira;07:35:00;RJ;101;226;SILVA JARDIM;Rea��o tardia ou ineficiente do condutor;Sa�da de leito carro��vel;Com V�timas Feridas;Pleno dia;Decrescente;C�u Claro;Dupla;Reta;N�o;2;0;1;0;1;0;1;1;-22,54726666;-42,34925942;SPRF-RJ;DEL02-RJ;UOP03-DEL02-RJ;;;
671275;19/02/2025;quarta-feira;07:55:00;SP;116;162;JACAREI;Rea��o tardia ou ineficiente do condutor;Engavetamento;Com V�timas Feridas;Pleno dia;Decrescente;C�u Claro;Dupla;Reta;Sim;5;0;1;1;1;2;2;5;-23,28133317;-45,98394689;SPRF-SP;DEL02-SP;UOP01-DEL02-SP;;;
671280;24/03/2025;segunda-feira;07:00:00;MG;365;563,9;INDIANOPOLIS;Demais falhas mec�nicas ou el�tricas;Inc�ndio;Sem V�timas;Pleno dia;Crescente;C�u Claro;Simples;Reta;N�o;1;0;0;0;1;0;0;1;-18,919786;-47,79669;SPRF-MG;DEL15-MG;UOP02-DEL15-MG;;;
671282;29/01/2025;quarta-feira;07:30:00;PR;277;63,5;SAO JOSE DOS PINHAIS;Mal s�bito do condutor;Sa�da de leito carro��vel;Com V�timas Fatais;Pleno dia;Crescente;Nublado;Dupla;Reta;Sim;3;1;0;0;0;4;0;5;-25,53879404;-49,06643074;SPRF-PR;DEL01-PR;UOP01-DEL01-PR;;;
671284;03/04/2025;quinta-feira;10:45:00;SC;101;167,6;TIJUCAS;Transitar no Acostamento;Atropelamento de Pedestre;Com V�timas Feridas;Pleno dia;Decrescente;Nublado;Dupla;Reta;Sim;2;0;0;1;1;0;1;2;-27,27332;-48,63141;SPRF-SC;DEL04-SC;UOP03-DEL04-SC;;;
671290;03/04/2025;quinta-feira;12:20:00;BA;116;684;JEQUIE;Condutor Dormindo;Colis�o lateral sentido oposto;Com V�timas Feridas;Pleno dia;Crescente;C�u Claro;Simples;Reta;N�o;3;0;2;0;0;2;2;4;-13,938;-40,1614;SPRF-BA;DEL03-BA;UOP01-DEL03-BA;;;
671299;03/04/2025;quinta-feira;14:45:00;RS;290;92;PORTO ALEGRE;Aus�ncia de rea��o do condutor;Colis�o lateral mesmo sentido;Sem V�timas;Pleno dia;Decrescente;Nublado;M�ltipla;"Reta;Declive";N�o;2;0;0;0;2;0;0;2;-29,97178107;-51,17590964;SPRF-RS;DEL01-RS;UOP01-DEL01-RS;;;
671301;03/04/2025;quinta-feira;14:50:00;MG;262;450;NOVA SERRANA;Rea��o tardia ou ineficiente do condutor;Sa�da de leito carro��vel;Com V�timas Feridas;Pleno dia;Crescente;C�u Claro;Simples;"Declive;Reta";Sim;2;0;2;0;0;0;2;1;-19,853641;-45,022134;SPRF-MG;DEL08-MG;UOP03-DEL08-MG;;;
671304;03/04/2025;quinta-feira;13:40:00;MS;163;83;ITAQUIRAI;Demais falhas mec�nicas ou el�tricas;Inc�ndio;Sem V�timas;Pleno dia;Crescente;C�u Claro;Simples;Reta;N�o;2;0;0;0;1;2;0;3;-23,43229293;-54,20594215;SPRF-MS;DEL09-MS;UOP01-DEL09-MS;;;
671309;03/04/2025;quinta-feira;11:00:00;PA;230;567;VITORIA DO XINGU;Objeto est�tico sobre o leito carro��vel;Colis�o com objeto;Com V�timas Feridas;Pleno dia;Crescente;Chuva;Simples;"Aclive;Reta";N�o;3;0;0;1;1;1;1;3;-3,12948;-51,72838;SPRF-PA;DEL04-PA;UOP01-DEL04-PA;;;
671313;03/04/2025;quinta-feira;14:50:00;MG;381;274;TIMOTEO;Transitar na contram�o;Colis�o lateral sentido oposto;Com V�timas Feridas;Pleno dia;Crescente;Sol;Simples;Reta;N�o;4;0;1;0;2;1;1;3;-19,5408963;-42,6869299;SPRF-MG;DEL03-MG;UOP02-DEL03-MG;;;
671314;03/04/2025;quinta-feira;16:00:00;PR;116;103;SAO JOSE DOS PINHAIS;Rea��o tardia ou ineficiente do condutor;Colis�o lateral mesmo sentido;Sem V�timas;Pleno dia;Crescente;C�u Claro;Dupla;"Reta;Aclive";Sim;2;0;0;0;1;1;0;2;-25,57095085;-49,19351393;SPRF-PR;DEL01-PR;UOP07-DEL01-PR;;;
671315;28/02/2025;sexta-feira;14:12:00;PA;163;416;ITAITUBA;Pista Escorregadia;Colis�o frontal;Com V�timas Fatais;Pleno dia;Crescente;Chuva;Simples;"Declive;Reta";N�o;4;1;0;0;2;6;0;9;-6,16064089;-55,62961578;SPRF-PA;DEL05-PA;UOP03-DEL05-PA;;;
671321;10/03/2025;segunda-feira;02:40:00;CE;222;302,2;TIANGUA;Aus�ncia de rea��o do condutor;Sa�da de leito carro��vel;Com V�timas Feridas;Plena Noite;Decrescente;Nevoeiro/Neblina;Simples;"Declive;Curva";N�o;1;0;1;0;0;0;1;1;-3,66316862;-40,94908118;SPRF-CE;DEL04-CE;UOP02-DEL04-CE;;;
671323;03/04/2025;quinta-feira;13:00:00;RS;448;0,1;SAPUCAIA DO SUL;Velocidade Incompat�vel;Tombamento;Com V�timas Feridas;Pleno dia;Decrescente;Nublado;Simples;Curva;N�o;2;0;1;0;0;1;1;2;-29,82705574;-51,17324352;SPRF-RS;DEL01-RS;UOP02-DEL01-RS;;;
671326;03/04/2025;quinta-feira;16:30:00;BA;324;528;FEIRA DE SANTANA;Rea��o tardia ou ineficiente do condutor;Tombamento;Com V�timas Feridas;Pleno dia;Decrescente;Sol;Dupla;Reta;Sim;2;0;1;0;1;0;1;1;-12,32858145;-38,86128573;SPRF-BA;DEL01-BA;UOP03-DEL01-BA;;;
671327;03/04/2025;quinta-feira;16:30:00;RS;392;4,7;RIO GRANDE;Transitar no Acostamento;Colis�o transversal;Com V�timas Feridas;Pleno dia;Crescente;C�u Claro;Simples;Reta;Sim;4;0;2;0;1;1;2;3;-32,07169686;-52,09748799;SPRF-RS;DEL07-RS;UOP02-DEL07-RS;;;
671328;03/04/2025;quinta-feira;14:00:00;RJ;493;1;ITABORAI;Transitar na contram�o;Colis�o lateral mesmo sentido;Com V�timas Feridas;Pleno dia;Crescente;C�u Claro;Dupla;Reta;N�o;2;0;1;0;1;0;1;2;-22,76795091;-42,92221069;SPRF-RJ;DEL02-RJ;UOP02-DEL02-RJ;;;
671329;03/04/2025;quinta-feira;17:00:00;RJ;116;248;PIRAI;Condutor deixou de manter dist�ncia do ve�culo da frente;Engavetamento;Com V�timas Feridas;Pleno dia;Decrescente;Chuva;Dupla;Declive;N�o;10;0;2;0;7;3;2;8;-22,60959364;-43,93169761;SPRF-RJ;DEL07-RJ;UOP01-DEL07-RJ;;;
671332;03/04/2025;quinta-feira;10:10:00;PR;277;399;CANDOI;Carga excessiva e/ou mal acondicionada;Colis�o com objeto;Sem V�timas;Pleno dia;Crescente;C�u Claro;Simples;Reta;N�o;2;0;0;0;1;2;0;3;-25,4599633;-51,9592017;SPRF-PR;DEL04-PR;UOP02-DEL04-PR;;;
671339;03/04/2025;quinta-feira;18:40:00;SC;282;23,2;SANTO AMARO DA IMPERATRIZ;Condutor deixou de manter dist�ncia do ve�culo da frente;Colis�o traseira;Sem V�timas;Anoitecer;Decrescente;Chuva;Simples;Reta;Sim;2;0;0;0;2;0;0;2;-27,686161;-48,74063;SPRF-SC;DEL01-SC;UOP02-DEL01-SC;;;
671344;03/04/2025;quinta-feira;17:45:00;RS;386;74;BOA VISTA DAS MISSOES;Acessar a via sem observar a presen�a dos outros ve�culos;Colis�o transversal;Com V�timas Fatais;Pleno dia;Crescente;Nublado;Simples;"Reta;Interse��o de Vias";Sim;4;1;1;0;1;3;1;5;-27,68306552;-53,30813292;SPRF-RS;DEL08-RS;UOP02-DEL08-RS;;;
671345;03/04/2025;quinta-feira;16:20:00;MG;40;281;TRES MARIAS;Acumulo de �leo sobre o pavimento;Sa�da de leito carro��vel;Com V�timas Feridas;Pleno dia;Crescente;Chuva;Simples;"Reta;Aclive";N�o;1;0;1;0;0;0;1;1;-18,24426384;-45,20631015;SPRF-MG;DEL14-MG;UOP02-DEL14-MG;;;
671346;29/01/2025;quarta-feira;14:50:00;SP;116;98;PINDAMONHANGABA;Aus�ncia de rea��o do condutor;Engavetamento;Com V�timas Feridas;Pleno dia;Decrescente;Garoa/Chuvisco;Dupla;Reta;Sim;9;0;4;0;4;1;4;7;-22,97805164;-45,45583318;SPRF-SP;DEL08-SP;UOP01-DEL08-SP;;;
671349;03/04/2025;quinta-feira;19:00:00;MG;365;16,8;MONTES CLAROS;Demais falhas na via;Colis�o frontal;Com V�timas Fatais;Plena Noite;Decrescente;C�u Claro;Simples;"Em Obras;Declive;Curva";N�o;5;3;1;1;0;0;2;2;-16,8649942;-43,9838644;SPRF-MG;DEL12-MG;UOP01-DEL12-MG;;;
671351;03/04/2025;quinta-feira;15:25:00;MG;262;175;SAO DOMINGOS DO PRATA;Aus�ncia de rea��o do condutor;Sa�da de leito carro��vel;Sem V�timas;Pleno dia;Crescente;Sol;Simples;Reta;N�o;1;0;0;0;1;0;0;1;-19,92911041;-42,97112927;SPRF-MG;DEL03-MG;UOP01-DEL03-MG;;;
671361;03/04/2025;quinta-feira;19:25:00;CE;116;8;FORTALEZA;Manobra de mudan�a de faixa;Colis�o lateral mesmo sentido;Com V�timas Feridas;Plena Noite;Crescente;C�u Claro;M�ltipla;Reta;Sim;3;0;0;1;1;1;1;3;-3,822006;-38,503469;SPRF-CE;DEL01-CE;UOP02-DEL01-CE;;;
671363;03/04/2025;quinta-feira;16:00:00;BA;116;731;BOA NOVA;Aus�ncia de rea��o do condutor;Colis�o traseira;Com V�timas Feridas;Pleno dia;Decrescente;C�u Claro;Simples;Reta;N�o;5;0;1;1;2;4;2;7;-14,31168148;-40,32282829;SPRF-BA;DEL08-BA;UOP02-DEL08-BA;;;
671365;03/04/2025;quinta-feira;20:30:00;SP;381;38;ATIBAIA;Rea��o tardia ou ineficiente do condutor;Engavetamento;Com V�timas Feridas;Plena Noite;Decrescente;Chuva;Dupla;Reta;Sim;4;0;1;0;2;1;1;3;-23,11424955;-46,57167256;SPRF-SP;DEL03-SP;UOP01-DEL03-SP;;;
671369;03/04/2025;quinta-feira;17:15:00;PI;343;328,8;TERESINA;Transitar no Acostamento;Colis�o lateral mesmo sentido;Com V�timas Feridas;Pleno dia;Decrescente;C�u Claro;Simples;Reta;N�o;3;0;2;0;1;0;2;2;-5,06578;-42,6404;SPRF-PI;DEL01-PI;UOP01-DEL01-PI;;;
671372;03/04/2025;quinta-feira;20:20:00;PR;116;142;MANDIRITUBA;Acessar a via sem observar a presen�a dos outros ve�culos;Colis�o transversal;Com V�timas Feridas;Plena Noite;Crescente;Nublado;Simples;Reta;N�o;2;0;0;1;1;0;1;2;-25,79399881;-49,32819486;SPRF-PR;DEL01-PR;UOP03-DEL01-PR;;;
671382;03/04/2025;quinta-feira;21:12:00;PE;232;21;MORENO;Avarias e/ou desgaste excessivo no pneu;Tombamento;Com V�timas Feridas;Plena Noite;Decrescente;C�u Claro;Dupla;Curva;N�o;4;0;1;1;0;2;2;3;-8,097272;-35,082072;SPRF-PE;DEL01-PE;UOP01-DEL01-PE;;;
671383;03/04/2025;quinta-feira;20:20:00;SC;470;72;INDAIAL;Aus�ncia de rea��o do condutor;Sa�da de leito carro��vel;Com V�timas Feridas;Plena Noite;Crescente;Garoa/Chuvisco;Dupla;Reta;Sim;1;0;0;1;0;0;1;1;-26,90273521;-49,26970661;SPRF-SC;DEL04-SC;UOP01-DEL04-SC;;;
671387;03/04/2025;quinta-feira;21:20:00;PR;376;603,5;CURITIBA;Velocidade Incompat�vel;Colis�o traseira;Com V�timas Fatais;Plena Noite;Decrescente;Nublado;Dupla;Reta;Sim;7;1;2;0;2;4;2;8;-25,53081884;-49,32483304;SPRF-PR;DEL01-PR;UOP06-DEL01-PR;;;
671389;03/04/2025;quinta-feira;20:30:00;PR;153;395;MALLET;Aus�ncia de rea��o do condutor;Tombamento;Sem V�timas;Plena Noite;Crescente;Garoa/Chuvisco;Simples;Curva;N�o;1;0;0;0;1;0;0;1;-25,925;-50,854;SPRF-PR;DEL08-PR;UOP02-DEL08-PR;;;
671390;03/04/2025;quinta-feira;20:15:00;PR;153;374;RIO AZUL;Condutor Dormindo;Sa�da de leito carro��vel;Com V�timas Feridas;Plena Noite;Decrescente;Garoa/Chuvisco;Simples;Reta;N�o;1;0;0;1;0;0;1;1;-25,758;-50,842;SPRF-PR;DEL08-PR;UOP02-DEL08-PR;;;
671391;03/04/2025;quinta-feira;21:10:00;MT;364;206;RONDONOPOLIS;Ingest�o de �lcool pelo condutor;Sa�da de leito carro��vel;Sem V�timas;Plena Noite;Crescente;C�u Claro;Dupla;"Curva;Interse��o de Vias";N�o;2;0;0;0;1;2;0;3;-16,44784113;-54,66597134;SPRF-MT;DEL02-MT;UOP01-DEL02-MT;;;
671395;03/04/2025;quinta-feira;22:20:00;RJ;116;279;BARRA MANSA;Aus�ncia de rea��o do condutor;Engavetamento;Com V�timas Feridas;Plena Noite;Crescente;C�u Claro;Simples;"Em Obras;Declive;Curva";N�o;6;0;2;0;3;2;2;6;-22,51643344;-44,20869872;SPRF-RJ;DEL07-RJ;UOP02-DEL07-RJ;;;