id;data_inversa;dia_semana;horario;uf;br;km;municipio;causa_acidente;tipo_acidente;classificacao_acidente;fase_dia;sentido_via;condicao_metereologica;tipo_pista;tracado_via;uso_solo;pessoas;mortos;feridos_leves;feridos_graves;ilesos;ignorados;feridos;veiculos;latitude;longitude;regional;delegacia;uop;;;
671396;04/04/2025;sexta-feira;00:12:00;CE;116;38;HORIZONTE;Objeto est�tico sobre o leito carro��vel;Colis�o traseira;Sem V�timas;Plena Noite;Crescente;Chuva;Dupla;Aclive;N�o;3;0;0;0;1;2;0;3;-4,0878;-38,50064;SPRF-CE;DEL01-CE;UOP02-DEL01-CE;;;
671398;03/04/2025;quinta-feira;22:30:00;MG;381;793,4;SAO GONCALO DO SAPUCAI;Velocidade Incompat�vel;Colis�o traseira;Com V�timas Feridas;Plena Noite;Decrescente;Garoa/Chuvisco;Dupla;"Aclive;Curva";N�o;3;0;0;1;1;1;1;3;-21,907745;-45,560533;SPRF-MG;DEL16-MG;UOP02-DEL16-MG;;;
671406;04/04/2025;sexta-feira;02:30:00;SC;101;88;BARRA VELHA;Demais falhas mec�nicas ou el�tricas;Colis�o lateral mesmo sentido;Com V�timas Feridas;Plena Noite;Crescente;Garoa/Chuvisco;M�ltipla;Reta;Sim;4;0;1;0;2;1;1;3;-26,64960143;-48,6869734;SPRF-SC;DEL03-SC;UOP02-DEL03-SC;;;
671413;04/04/2025;sexta-feira;05:20:00;RS;386;48,9;SEBERI;Transitar na contram�o;Colis�o lateral sentido oposto;Com V�timas Feridas;Plena Noite;Decrescente;Nublado;Simples;Curva;N�o;3;0;2;1;0;0;3;2;-27,47798772;-53,39816809;SPRF-RS;DEL08-RS;UOP02-DEL08-RS;;;
671416;04/04/2025;sexta-feira;04:30:00;PR;163;314;GUAIRA;Manobra de mudan�a de faixa;Sa�da de leito carro��vel;Sem V�timas;Plena Noite;Crescente;C�u Claro;Simples;Curva;N�o;2;0;0;0;1;1;0;2;-24,32604515;-54,15395558;SPRF-PR;DEL06-PR;UOP02-DEL06-PR;;;
671419;04/04/2025;sexta-feira;07:00:00;ES;101;85,8;SAO MATEUS;Condutor deixou de manter dist�ncia do ve�culo da frente;Engavetamento;Com V�timas Feridas;Pleno dia;Crescente;C�u Claro;M�ltipla;Reta;N�o;5;0;2;0;3;0;2;3;-18,87268357;-39,94381959;SPRF-ES;DEL04-ES;UOP02-DEL04-ES;;;
671421;04/04/2025;sexta-feira;05:00:00;MG;381;624;OLIVEIRA;Condutor Dormindo;Tombamento;Com V�timas Feridas;Amanhecer;Crescente;C�u Claro;Dupla;Reta;N�o;1;0;0;1;0;0;1;1;-20,7935822;-44,7892698;SPRF-MG;DEL04-MG;UOP01-DEL04-MG;;;
671424;03/04/2025;quinta-feira;17:30:00;RO;364;713;PORTO VELHO;Manobra de mudan�a de faixa;Colis�o lateral mesmo sentido;Com V�timas Feridas;Pleno dia;Crescente;C�u Claro;Dupla;Reta;Sim;3;0;1;0;1;3;1;5;-8,77367965;-63,87944698;SPRF-RO;DEL01-RO;UOP01-DEL01-RO;;;
671427;04/04/2025;sexta-feira;06:50:00;BA;101;99;ALAGOINHAS;Acessar a via sem observar a presen�a dos outros ve�culos;Colis�o transversal;Com V�timas Feridas;Pleno dia;Decrescente;C�u Claro;Simples;Reta;N�o;3;0;1;0;1;1;1;3;-12,07943628;-38,34628701;SPRF-BA;DEL01-BA;UOP04-DEL01-BA;;;
671428;04/04/2025;sexta-feira;06:00:00;PR;277;42;MORRETES;Rea��o tardia ou ineficiente do condutor;Colis�o traseira;Com V�timas Feridas;Amanhecer;Decrescente;Nublado;Dupla;"Reta;Declive";N�o;3;0;1;0;1;3;1;5;-25,59203289;-48,87997627;SPRF-PR;DEL01-PR;UOP05-DEL01-PR;;;
671432;04/04/2025;sexta-feira;05:00:00;MA;230;39,7;BARAO DE GRAJAU;Demais falhas mec�nicas ou el�tricas;Eventos at�picos;Com V�timas Feridas;Amanhecer;Crescente;Sol;Simples;Reta;N�o;1;0;1;0;0;0;1;1;-6,65271707;-43,32823098;SPRF-PI;DEL03-PI;UOP01-DEL03-PI;;;
671435;04/04/2025;sexta-feira;03:50:00;RJ;40;109;DUQUE DE CAXIAS;Condutor Dormindo;Sa�da de leito carro��vel;Com V�timas Feridas;Plena Noite;Crescente;Nublado;M�ltipla;Reta;Sim;1;0;1;0;0;0;1;1;-22,68064794;-43,28606534;SPRF-RJ;DEL01-RJ;UOP02-DEL01-RJ;;;
671446;04/04/2025;sexta-feira;08:10:00;ES;101;279,5;SERRA;Condutor deixou de manter dist�ncia do ve�culo da frente;Colis�o traseira;Com V�timas Feridas;Pleno dia;Decrescente;C�u Claro;Dupla;Reta;N�o;3;0;0;1;1;2;1;4;-20,21843833;-40,34453333;SPRF-ES;DEL02-ES;UOP01-DEL02-ES;;;
671455;04/04/2025;sexta-feira;06:55:00;PR;153;194;TIBAGI;Neblina;Colis�o frontal;Com V�timas Feridas;Pleno dia;Crescente;Nevoeiro/Neblina;Simples;Reta;N�o;6;0;2;1;2;2;3;4;-24,44101245;-50,42319948;SPRF-PR;DEL03-PR;UOP02-DEL03-PR;;;
671458;24/03/2025;segunda-feira;16:25:00;SC;101;328,9;TUBARAO;Condutor deixou de manter dist�ncia do ve�culo da frente;Colis�o traseira;Com V�timas Feridas;Pleno dia;Crescente;Nublado;Dupla;"Reta;Desvio Tempor�rio";Sim;4;0;0;1;3;0;1;4;-28,4509346;-48,97298271;SPRF-SC;DEL02-SC;UOP01-DEL02-SC;;;
671464;04/04/2025;sexta-feira;10:00:00;SP;153;73;SAO JOSE DO RIO PRETO;Transitar na contram�o;Colis�o frontal;Com V�timas Feridas;Pleno dia;Crescente;C�u Claro;Simples;"Retorno Regulamentado;Curva";N�o;3;0;0;1;1;1;1;3;-20,87956885;-49,42187691;SPRF-SP;DEL09-SP;UOP01-DEL09-SP;;;
671466;04/04/2025;sexta-feira;10:25:00;MG;50;60;UBERLANDIA;Demais falhas mec�nicas ou el�tricas;Inc�ndio;Sem V�timas;Pleno dia;Crescente;C�u Claro;Dupla;"Aclive;Curva";N�o;2;0;0;0;1;2;0;3;-18,813436;-48,248836;SPRF-MG;DEL15-MG;UOP02-DEL15-MG;;;
671468;04/04/2025;sexta-feira;07:40:00;MA;10;316;ACAILANDIA;Rea��o tardia ou ineficiente do condutor;Colis�o lateral mesmo sentido;Com V�timas Feridas;Pleno dia;Decrescente;C�u Claro;Simples;Reta;N�o;3;0;1;0;1;1;1;3;-4,976399;-47,518059;SPRF-MA;DEL04-MA;UOP03-DEL04-MA;;;
671478;04/04/2025;sexta-feira;10:30:00;MG;381;598,1;CARMOPOLIS DE MINAS;Manobra de mudan�a de faixa;Colis�o traseira;Com V�timas Feridas;Pleno dia;Decrescente;C�u Claro;Dupla;"Reta;Declive";N�o;5;0;1;0;2;3;1;5;-20,59440727;-44,70507167;SPRF-MG;DEL04-MG;UOP01-DEL04-MG;;;
671480;04/04/2025;sexta-feira;11:50:00;SC;101;207;SAO JOSE;Aus�ncia de rea��o do condutor;Colis�o traseira;Com V�timas Feridas;Pleno dia;Crescente;Nublado;M�ltipla;"Reta;Aclive";Sim;2;0;1;0;1;0;1;2;-27,6022377;-48,62911094;SPRF-SC;DEL01-SC;UOP01-DEL01-SC;;;
671484;04/04/2025;sexta-feira;12:00:00;MG;40;572,9;ITABIRITO;Rea��o tardia ou ineficiente do condutor;Colis�o traseira;Com V�timas Feridas;Pleno dia;Crescente;Chuva;Simples;Reta;N�o;3;0;0;1;2;0;1;2;-20,25453527;-43,96169737;SPRF-MG;DEL01-MG;UOP02-DEL01-MG;;;
671485;04/04/2025;sexta-feira;11:00:00;BA;110;321;ALAGOINHAS;Demais falhas mec�nicas ou el�tricas;Sa�da de leito carro��vel;Com V�timas Feridas;Pleno dia;Crescente;Sol;Simples;Curva;N�o;3;0;1;1;1;0;2;1;-12,00387861;-38,36442947;SPRF-BA;DEL01-BA;UOP04-DEL01-BA;;;
671491;04/04/2025;sexta-feira;12:30:00;MG;381;480,9;CONTAGEM;Rea��o tardia ou ineficiente do condutor;Colis�o lateral mesmo sentido;Com V�timas Fatais;Pleno dia;Decrescente;Nublado;M�ltipla;"Aclive;Curva";Sim;3;1;0;0;1;1;0;3;-19,95852948;-44,0579857;SPRF-MG;DEL01-MG;UOP03-DEL01-MG;;;
671493;04/04/2025;sexta-feira;12:20:00;SC;470;7;NAVEGANTES;Trafegar com motocicleta (ou similar) entre as faixas;Colis�o lateral mesmo sentido;Com V�timas Feridas;Pleno dia;Crescente;Nublado;Dupla;Reta;Sim;3;0;0;1;1;1;1;3;-26,84268268;-48,71560097;SPRF-SC;DEL04-SC;UOP04-DEL04-SC;;;
671494;04/04/2025;sexta-feira;10:30:00;SP;116;215;GUARULHOS;Demais falhas mec�nicas ou el�tricas;Atropelamento de Pedestre;Com V�timas Feridas;Pleno dia;Crescente;C�u Claro;Dupla;"Interse��o de Vias;Reta";Sim;2;0;0;1;1;0;1;1;-23,44941333;-46,46072216;SPRF-SP;DEL01-SP;UOP01-DEL01-SP;;;
671498;04/04/2025;sexta-feira;10:20:00;PR;153;484;GENERAL CARNEIRO;Desrespeitar a prefer�ncia no cruzamento;Colis�o transversal;Com V�timas Feridas;Pleno dia;Crescente;Nublado;Simples;Retorno Regulamentado;N�o;4;0;2;0;1;1;2;3;-26,38672627;-51,27215356;SPRF-PR;DEL02-PR;UOP03-DEL02-PR;;;
671512;04/04/2025;sexta-feira;11:50:00;MG;116;776,1;LEOPOLDINA;Transitar na contram�o;Colis�o lateral sentido oposto;Com V�timas Fatais;Pleno dia;Crescente;C�u Claro;Simples;"Curva;Declive";N�o;3;1;0;0;1;1;0;3;-21,595584;-42,688923;SPRF-MG;DEL07-MG;UOP01-DEL07-MG;;;
671515;01/04/2025;ter�a-feira;00:50:00;MS;163;556;BANDEIRANTES;Avarias e/ou desgaste excessivo no pneu;Inc�ndio;Sem V�timas;Plena Noite;Crescente;C�u Claro;Simples;Reta;N�o;2;0;0;0;1;3;0;4;-20,03646408;-54,41083237;SPRF-MS;DEL01-MS;UOP02-DEL01-MS;;;
671517;04/04/2025;sexta-feira;14:00:00;PR;376;266,3;MARILANDIA DO SUL;Aus�ncia de rea��o do condutor;Colis�o lateral mesmo sentido;Com V�timas Fatais;Pleno dia;Crescente;Nublado;Dupla;"Interse��o de Vias;Viaduto;Declive";Sim;3;1;1;0;0;1;1;2;-23,71769851;-51,30914384;SPRF-PR;DEL07-PR;UOP03-DEL07-PR;;;
671519;04/04/2025;sexta-feira;14:15:00;PR;376;435,7;TIBAGI;Transitar na contram�o;Colis�o com objeto;Com V�timas Fatais;Pleno dia;Crescente;C�u Claro;Simples;"Desvio Tempor�rio;Reta";N�o;4;1;0;1;1;2;1;4;-24,779;-50,514278;SPRF-PR;DEL03-PR;UOP02-DEL03-PR;;;
671521;04/04/2025;sexta-feira;07:30:00;PI;343;247;CAMPO MAIOR;Condutor Dormindo;Sa�da de leito carro��vel;Com V�timas Fatais;Pleno dia;Crescente;C�u Claro;Simples;Reta;N�o;1;1;0;0;0;0;0;1;-4,826489;-42,162051;SPRF-PI;DEL01-PI;UOP03-DEL01-PI;;;
671536;04/04/2025;sexta-feira;12:30:00;MA;230;34;BARAO DE GRAJAU;Condutor Dormindo;Sa�da de leito carro��vel;Com V�timas Feridas;Pleno dia;Decrescente;C�u Claro;Simples;Reta;N�o;2;0;1;0;0;1;1;2;-6,68250988;-43,29188347;SPRF-PI;DEL03-PI;UOP01-DEL03-PI;;;
671538;04/04/2025;sexta-feira;16:30:00;PA;316;94;SAO FRANCISCO DO PARA;Transitar na contram�o;Colis�o frontal;Com V�timas Fatais;Pleno dia;Crescente;Chuva;Simples;Aclive;N�o;11;1;2;4;3;2;6;6;-1,32728153;-47,65377044;SPRF-PA;DEL01-PA;UOP02-DEL01-PA;;;
671543;04/04/2025;sexta-feira;16:20:00;ES;101;263;SERRA;Velocidade Incompat�vel;Colis�o traseira;Com V�timas Feridas;Pleno dia;Decrescente;C�u Claro;Dupla;"Declive;Reta";Sim;2;0;0;1;1;0;1;2;-20,16682298;-40,2720058;SPRF-ES;DEL02-ES;UOP01-DEL02-ES;;;
671547;04/04/2025;sexta-feira;14:50:00;SC;470;163,5;TROMBUDO CENTRAL;Ultrapassagem Indevida;Colis�o frontal;Com V�timas Fatais;Pleno dia;Crescente;C�u Claro;Simples;Reta;Sim;5;2;0;0;2;1;0;3;-27,27882;-49,833156;SPRF-SC;DEL04-SC;UOP02-DEL04-SC;;;
671550;04/04/2025;sexta-feira;16:00:00;SP;116;513;CAJATI;Rea��o tardia ou ineficiente do condutor;Colis�o com objeto;Com V�timas Feridas;Pleno dia;Decrescente;Garoa/Chuvisco;Simples;Curva;N�o;7;0;3;0;3;3;3;7;-24,858112;-48,211402;SPRF-SP;DEL05-SP;UOP02-DEL05-SP;;;
671553;28/03/2025;sexta-feira;20:40:00;MG;40;14;PARACATU;Acessar a via sem observar a presen�a dos outros ve�culos;Colis�o transversal;Com V�timas Feridas;Plena Noite;Decrescente;Nublado;Simples;Reta;N�o;4;0;0;2;1;3;2;5;-17,072;-47,042;SPRF-MG;DEL14-MG;UOP01-DEL14-MG;;;
671566;04/04/2025;sexta-feira;17:30:00;MG;40;576,2;ITABIRITO;Desrespeitar a prefer�ncia no cruzamento;Colis�o transversal;Com V�timas Feridas;Pleno dia;Crescente;Nublado;Simples;Reta;N�o;4;0;0;2;1;1;2;3;-20,26867879;-43,95464659;SPRF-MG;DEL01-MG;UOP02-DEL01-MG;;;
671571;04/04/2025;sexta-feira;19:00:00;RS;392;282;SAO SEPE;Demais falhas na via;Colis�o transversal;Com V�timas Feridas;Plena Noite;Crescente;C�u Claro;Simples;"Reta;Aclive";N�o;4;0;1;1;1;2;2;4;-30,29515822;-53,53823572;SPRF-RS;DEL09-RS;UOP02-DEL09-RS;;;
671580;04/04/2025;sexta-feira;18:30:00;MG;50;178;UBERABA;Rea��o tardia ou ineficiente do condutor;Colis�o lateral mesmo sentido;Com V�timas Fatais;Plena Noite;Crescente;C�u Claro;Dupla;Reta;Sim;4;1;1;0;1;3;1;5;-19,7787;-47,93468;SPRF-MG;DEL13-MG;UOP01-DEL13-MG;;;
671583;04/04/2025;sexta-feira;19:35:00;SP;381;26;BRAGANCA PAULISTA;Aus�ncia de rea��o do condutor;Sa�da de leito carro��vel;Sem V�timas;Plena Noite;Crescente;Garoa/Chuvisco;Dupla;"Reta;Declive";Sim;1;0;0;0;1;0;0;1;-23,0224192;-46,53217201;SPRF-SP;DEL03-SP;UOP02-DEL03-SP;;;
671589;04/04/2025;sexta-feira;16:45:00;RJ;393;164;TRES RIOS;Chuva;Colis�o lateral sentido oposto;Com V�timas Fatais;Pleno dia;Crescente;Chuva;Simples;"Declive;Curva";N�o;9;2;1;0;5;1;1;5;-22,12636175;-43,14263279;SPRF-RJ;DEL05-RJ;UOP01-DEL05-RJ;;;
671600;04/04/2025;sexta-feira;18:09:00;RN;304;148;ANGICOS;Acessar a via sem observar a presen�a dos outros ve�culos;Colis�o transversal;Com V�timas Feridas;Plena Noite;Crescente;C�u Claro;Simples;Reta;N�o;4;0;1;0;2;1;1;3;-5,6801818;-36,6046525;SPRF-RN;DEL04-RN;UOP01-DEL04-RN;;;
671602;04/04/2025;sexta-feira;18:40:00;MG;251;472,3;FRANCISCO SA;Velocidade Incompat�vel;Sa�da de leito carro��vel;Com V�timas Fatais;Anoitecer;Crescente;C�u Claro;Simples;"Curva;Declive";N�o;3;1;1;0;0;3;1;4;-16,46670703;-43,43912601;SPRF-MG;DEL12-MG;UOP01-DEL12-MG;;;
671604;04/04/2025;sexta-feira;19:45:00;MG;116;72;MEDINA;Pedestre - Ingest�o de �lcool/ subst�ncias psicoativas;Atropelamento de Pedestre;Com V�timas Feridas;Plena Noite;Decrescente;C�u Claro;Simples;"Reta;Declive";Sim;3;0;0;1;1;1;1;3;-16,22809676;-41,47096027;SPRF-MG;DEL11-MG;UOP02-DEL11-MG;;;
671607;04/04/2025;sexta-feira;21:10:00;MG;381;888;CAMBUI;Velocidade Incompat�vel;Colis�o frontal;Com V�timas Feridas;Plena Noite;Crescente;Nublado;Dupla;Reta;N�o;3;0;1;0;1;1;1;3;-22,53072;-46,02743;SPRF-MG;DEL16-MG;UOP01-DEL16-MG;;;
671608;04/04/2025;sexta-feira;20:00:00;GO;50;305;CUMARI;Demais falhas mec�nicas ou el�tricas;Inc�ndio;Sem V�timas;Plena Noite;Crescente;C�u Claro;Dupla;"Declive;Reta";N�o;2;0;0;0;1;3;0;4;-18,34599195;-48,03565979;SPRF-GO;DEL06-GO;UOP01-DEL06-GO;;;
671610;04/04/2025;sexta-feira;19:30:00;MG;40;296;TRES MARIAS;Problema com o freio;Inc�ndio;Sem V�timas;Plena Noite;Crescente;C�u Claro;Simples;"Aclive;Reta";N�o;2;0;0;0;1;2;0;3;-18,32625515;-45,10896206;SPRF-MG;DEL14-MG;UOP02-DEL14-MG;;;
671611;04/04/2025;sexta-feira;18:30:00;RJ;101;501;ANGRA DOS REIS;Chuva;Colis�o traseira;Com V�timas Feridas;Plena Noite;Crescente;Chuva;Simples;Reta;N�o;4;0;3;0;1;0;3;3;-22,91512;-44,3504;SPRF-RJ;DEL03-RJ;UOP03-DEL03-RJ;;;
671619;04/04/2025;sexta-feira;19:00:00;MG;262;698,7;ARAXA;Problema com o freio;Inc�ndio;Sem V�timas;Plena Noite;Decrescente;C�u Claro;Simples;"Aclive;Reta";N�o;2;0;0;0;1;3;0;4;-19,570231;-47,015303;SPRF-MG;DEL08-MG;UOP01-DEL08-MG;;;
671620;04/04/2025;sexta-feira;16:25:00;PR;277;602;CASCAVEL;Rea��o tardia ou ineficiente do condutor;Colis�o traseira;Com V�timas Feridas;Pleno dia;Decrescente;C�u Claro;M�ltipla;Reta;Sim;7;0;4;0;2;1;4;3;-25,0240137;-53,5508441;SPRF-PR;DEL04-PR;UOP01-DEL04-PR;;;
671625;04/04/2025;sexta-feira;21:30:00;MG;116;702,8;MURIAE;Condutor deixou de manter dist�ncia do ve�culo da frente;Colis�o traseira;Com V�timas Feridas;Plena Noite;Decrescente;Chuva;Simples;Reta;Sim;3;0;0;1;1;1;1;3;-21,1291104;-42,38482475;SPRF-MG;DEL07-MG;UOP02-DEL07-MG;;;
671626;04/04/2025;sexta-feira;19:40:00;MT;364;579;NOBRES;Problema com o freio;Inc�ndio;Sem V�timas;Plena Noite;Decrescente;C�u Claro;Dupla;Reta;N�o;2;0;0;0;1;1;0;2;-14,59635438;-56,23749018;SPRF-MT;DEL01-MT;UOP01-DEL01-MT;;;
671638;04/04/2025;sexta-feira;23:00:00;MG;116;694;MURIAE;Condutor Dormindo;Colis�o lateral sentido oposto;Com V�timas Feridas;Plena Noite;Decrescente;Chuva;Simples;"Declive;Curva";N�o;2;0;1;0;1;0;1;2;-21,05728892;-42,36851692;SPRF-MG;DEL07-MG;UOP02-DEL07-MG;;;
671640;05/04/2025;s�bado;00:20:00;SC;101;12;GARUVA;Demais falhas mec�nicas ou el�tricas;Colis�o traseira;Com V�timas Feridas;Plena Noite;Decrescente;Nublado;Dupla;Reta;N�o;3;0;0;1;1;1;1;3;-26,081422;-48,861807;SPRF-SC;DEL03-SC;UOP01-DEL03-SC;;;
671643;04/04/2025;sexta-feira;21:20:00;BA;116;746,8;POCOES;Demais falhas mec�nicas ou el�tricas;Sa�da de leito carro��vel;Com V�timas Feridas;Plena Noite;Decrescente;C�u Claro;Simples;"Reta;Declive";N�o;2;0;1;0;0;1;1;2;-14,451674;-40,348178;SPRF-BA;DEL08-BA;UOP02-DEL08-BA;;;
671648;05/04/2025;s�bado;00:20:00;PR;376;614;CURITIBA;Aus�ncia de rea��o do condutor;Capotamento;Sem V�timas;Plena Noite;Crescente;Garoa/Chuvisco;Dupla;Declive;N�o;2;0;0;0;2;0;0;2;-25,4476288;-49,2437504;SPRF-PR;DEL01-PR;UOP03-DEL01-PR;;;
671649;05/04/2025;s�bado;00:32:00;PR;376;682;GUARATUBA;Problema com o freio;Inc�ndio;Sem V�timas;Plena Noite;Crescente;Nublado;Dupla;Reta;N�o;2;0;0;0;1;1;0;2;-25,9797434;-48,8877649;SPRF-PR;DEL01-PR;UOP04-DEL01-PR;;;
671650;04/04/2025;sexta-feira;19:00:00;MA;222;525,9;BURITICUPU;Ingest�o de �lcool pelo condutor;Colis�o frontal;Com V�timas Feridas;Plena Noite;Decrescente;C�u Claro;Simples;Reta;N�o;2;0;1;0;1;0;1;2;-4,319428;-46,447752;SPRF-MA;DEL02-MA;UOP01-DEL02-MA;;;
671653;05/04/2025;s�bado;01:35:00;RS;392;58,5;PELOTAS;Condutor Dormindo;Sa�da de leito carro��vel;Com V�timas Feridas;Plena Noite;Decrescente;Chuva;Dupla;Reta;N�o;2;0;1;0;0;1;1;2;-31,80038238;-52,33430207;SPRF-RS;DEL07-RS;UOP02-DEL07-RS;;;
671656;05/04/2025;s�bado;01:30:00;RJ;116;186;NOVA IGUACU;Aus�ncia de rea��o do condutor;Colis�o traseira;Com V�timas Fatais;Pleno dia;Crescente;Chuva;Dupla;Reta;Sim;3;1;0;0;1;1;0;3;-22,74185146;-43,52263989;SPRF-RJ;DEL06-RJ;UOP01-DEL06-RJ;;;
671669;05/04/2025;s�bado;04:10:00;TO;226;45;DARCINOPOLIS;Condutor Dormindo;Sa�da de leito carro��vel;Sem V�timas;Plena Noite;Crescente;C�u Claro;Simples;"Declive;Reta";N�o;2;0;0;0;1;1;0;2;-6,758219;-47,785909;SPRF-TO;DEL02-TO;UOP03-DEL02-TO;;;
671672;05/04/2025;s�bado;04:20:00;RJ;101;321;NITEROI;Acumulo de �gua sobre o pavimento;Colis�o com objeto;Sem V�timas;Plena Noite;Crescente;Chuva;Dupla;Curva;N�o;2;0;0;0;1;1;0;2;-22,8672191;-43,11024427;SPRF-RJ;DEL02-RJ;UOP01-DEL02-RJ;;;
671673;05/04/2025;s�bado;02:50:00;RN;304;108;ACU;Ingest�o de �lcool pelo condutor;Colis�o lateral sentido oposto;Sem V�timas;Plena Noite;Decrescente;Ignorado;Simples;Reta;N�o;2;0;0;0;0;2;0;2;-5,588896;-36,947504;SPRF-RN;DEL04-RN;UOP01-DEL04-RN;;;
671679;05/04/2025;s�bado;02:15:00;SP;116;548;BARRA DO TURVO;Rea��o tardia ou ineficiente do condutor;Colis�o com objeto;Com V�timas Feridas;Plena Noite;Crescente;Chuva;Simples;"Curva;Declive";N�o;2;0;1;0;0;1;1;2;-24,954699;-48,455852;SPRF-SP;DEL05-SP;UOP02-DEL05-SP;;;
671691;05/04/2025;s�bado;06:50:00;BA;116;456;ANTONIO CARDOSO;Desvio tempor�rio;Sa�da de leito carro��vel;Sem V�timas;Pleno dia;Crescente;C�u Claro;Dupla;Reta;N�o;2;0;0;0;1;1;0;2;-12,39297204;-39,15873732;SPRF-BA;DEL02-BA;UOP01-DEL02-BA;;;
671706;05/04/2025;s�bado;07:50:00;GO;20;13;FORMOSA;Rea��o tardia ou ineficiente do condutor;Colis�o traseira;Com V�timas Feridas;Pleno dia;Decrescente;Chuva;M�ltipla;"Interse��o de Vias;Reta";N�o;3;0;1;1;1;0;2;2;-15,56599376;-47,22569704;SPRF-DF;DEL02-DF;UOP02-DEL02-DF;;;
671707;05/04/2025;s�bado;08:10:00;BA;415;24;ILHEUS;Aus�ncia de rea��o do condutor;Colis�o transversal;Com V�timas Feridas;Pleno dia;Crescente;C�u Claro;Simples;Reta;N�o;2;0;1;0;0;1;1;2;-14,785682;-39,246461;SPRF-BA;DEL05-BA;UOP01-DEL05-BA;;;
671714;05/04/2025;s�bado;09:45:00;MG;381;487;BETIM;Trafegar com motocicleta (ou similar) entre as faixas;Colis�o lateral mesmo sentido;Com V�timas Feridas;Pleno dia;Decrescente;Nublado;Dupla;Curva;Sim;2;0;1;0;1;0;1;2;-19,95518;-44,117124;SPRF-MG;DEL01-MG;UOP03-DEL01-MG;;;
671717;05/04/2025;s�bado;08:00:00;MT;364;587;DIAMANTINO;Velocidade Incompat�vel;Colis�o traseira;Com V�timas Feridas;Pleno dia;Crescente;Nevoeiro/Neblina;Dupla;Reta;N�o;7;0;2;0;4;2;2;4;-14,53273836;-56,23047781;SPRF-MT;DEL01-MT;UOP01-DEL01-MT;;;
671722;05/04/2025;s�bado;03:00:00;PR;280;274;FLOR DA SERRA DO SUL;Velocidade Incompat�vel;Sa�da de leito carro��vel;Sem V�timas;Plena Noite;Decrescente;C�u Claro;Simples;Curva;N�o;2;0;0;0;0;2;0;2;-26,24214508;-53,19456697;SPRF-PR;DEL02-PR;UOP01-DEL02-PR;;;
671723;05/04/2025;s�bado;03:30:00;PE;428;20;CABROBO;Pedestre andava na pista;Atropelamento de Pedestre;Com V�timas Fatais;Plena Noite;Crescente;C�u Claro;Simples;Reta;N�o;2;1;0;0;0;1;0;2;-8,493187;-39,399313;SPRF-PE;DEL05-PE;UOP03-DEL05-PE;;;
671724;05/04/2025;s�bado;10:41:00;GO;40;2,9;VALPARAISO DE GOIAS;Rea��o tardia ou ineficiente do condutor;Colis�o traseira;Com V�timas Feridas;Pleno dia;Decrescente;C�u Claro;Dupla;Reta;Sim;6;0;2;0;3;1;2;4;-16,0736817;-47,9847142;SPRF-DF;DEL01-DF;UOP01-DEL01-DF;;;
671726;05/04/2025;s�bado;09:35:00;MT;163;684;LUCAS DO RIO VERDE;Ingest�o de �lcool pelo condutor;Sa�da de leito carro��vel;Sem V�timas;Pleno dia;Crescente;Nublado;Simples;"Reta;Aclive";N�o;2;0;0;0;1;3;0;4;-13,10300123;-55,94976425;SPRF-MT;DEL06-MT;UOP01-DEL06-MT;;;
671728;05/04/2025;s�bado;09:00:00;MT;364;562,7;NOBRES;Aus�ncia de rea��o do condutor;Colis�o com objeto;Com V�timas Fatais;Pleno dia;Crescente;Nublado;Dupla;Reta;N�o;3;1;0;0;1;3;0;5;-14,710467;-56,322941;SPRF-MT;DEL01-MT;UOP01-DEL01-MT;;;
671733;05/04/2025;s�bado;07:55:00;MA;135;332,1;PRESIDENTE DUTRA;Ingest�o de �lcool pelo condutor;Colis�o traseira;Com V�timas Fatais;Pleno dia;Decrescente;Sol;Simples;"Reta;Em Obras";N�o;4;1;0;0;2;2;0;4;-5,220988;-44,478861;SPRF-MA;DEL06-MA;UOP01-DEL06-MA;;;
671746;05/04/2025;s�bado;10:07:00;SP;116;566;BARRA DO TURVO;Rea��o tardia ou ineficiente do condutor;Tombamento;Com V�timas Feridas;Pleno dia;Crescente;Garoa/Chuvisco;Dupla;"Curva;Aclive";N�o;2;0;1;0;0;3;1;4;-25,01461335;-48,52607246;SPRF-SP;DEL05-SP;UOP02-DEL05-SP;;;
671748;05/04/2025;s�bado;12:35:00;MS;262;476,8;ANASTACIO;Condutor Dormindo;Colis�o frontal;Com V�timas Feridas;Pleno dia;Crescente;C�u Claro;Simples;Reta;N�o;5;0;1;0;3;3;1;6;-20,5074809;-55,68836689;SPRF-MS;DEL03-MS;UOP01-DEL03-MS;;;
671751;05/04/2025;s�bado;14:20:00;ES;101;290;CARIACICA;Suic�dio (presumido);Atropelamento de Pedestre;Com V�timas Feridas;Pleno dia;Crescente;Sol;Dupla;Reta;Sim;2;0;0;1;1;0;1;2;-20,29566594;-40,39384246;SPRF-ES;DEL01-ES;UOP01-DEL01-ES;;;
671754;05/04/2025;s�bado;13:30:00;SC;470;34;GASPAR;Manobra de mudan�a de faixa;Colis�o lateral mesmo sentido;Com V�timas Feridas;Pleno dia;Crescente;C�u Claro;Dupla;"Em Obras;Reta";N�o;2;0;2;0;0;0;2;2;-26,91125016;-48,95336151;SPRF-SC;DEL04-SC;UOP01-DEL04-SC;;;
671755;05/04/2025;s�bado;09:00:00;RO;421;79;CAMPO NOVO DE RONDONIA;Aus�ncia de rea��o do condutor;Colis�o traseira;Com V�timas Feridas;Pleno dia;Decrescente;C�u Claro;Simples;Reta;N�o;2;0;1;0;1;0;1;2;-10,432218;-63,471378;SPRF-RO;DEL03-RO;UOP01-DEL03-RO;;;