id;data_inversa;dia_semana;horario;uf;br;km;municipio;causa_acidente;tipo_acidente;classificacao_acidente;fase_dia;sentido_via;condicao_metereologica;tipo_pista;tracado_via;uso_solo;pessoas;mortos;feridos_leves;feridos_graves;ilesos;ignorados;feridos;veiculos;latitude;longitude;regional;delegacia;uop;;;
672507;09/04/2025;quarta-feira;08:44:00;PR;277;451,5;LARANJEIRAS DO SUL;Desrespeitar a prefer�ncia no cruzamento;Colis�o transversal;Com V�timas Feridas;Pleno dia;Decrescente;Nevoeiro/Neblina;Simples;"Interse��o de Vias;Reta";N�o;3;0;0;1;2;0;1;2;-25,37482702;-52,38915324;SPRF-PR;DEL04-PR;UOP02-DEL04-PR;;;
672516;09/04/2025;quarta-feira;10:10:00;MG;40;474,8;SETE LAGOAS;Trafegar com motocicleta (ou similar) entre as faixas;Colis�o lateral mesmo sentido;Com V�timas Feridas;Pleno dia;Crescente;C�u Claro;Dupla;"Reta;Aclive";N�o;3;0;1;0;2;0;1;3;-19,46583;-44,24667;SPRF-MG;DEL02-MG;UOP01-DEL02-MG;;;
672519;09/04/2025;quarta-feira;08:40:00;PA;316;20,9;BENEVIDES;Acessar a via sem observar a presen�a dos outros ve�culos;Colis�o transversal;Com V�timas Fatais;Pleno dia;Decrescente;C�u Claro;Dupla;Reta;Sim;4;1;0;0;3;0;0;2;-1,361354;-48,262952;SPRF-PA;DEL01-PA;UOP01-DEL01-PA;;;
672532;09/04/2025;quarta-feira;08:45:00;PR;376;199,3;MARIALVA;Condutor deixou de manter dist�ncia do ve�culo da frente;Colis�o traseira;Com V�timas Feridas;Pleno dia;Crescente;C�u Claro;Dupla;"Reta;Declive";N�o;2;0;1;0;1;0;1;2;-23,50270038;-51,75366098;SPRF-PR;DEL09-PR;UOP01-DEL09-PR;;;
672535;09/04/2025;quarta-feira;10:55:00;SC;282;331,7;CAMPOS NOVOS;Mal s�bito do condutor;Colis�o lateral sentido oposto;Com V�timas Feridas;Pleno dia;Crescente;C�u Claro;Simples;Reta;N�o;2;0;1;0;1;0;1;2;-27,39066856;-51,1259079;SPRF-SC;DEL07-SC;UOP06-DEL07-SC;;;
672542;09/04/2025;quarta-feira;11:50:00;AL;101;141;SAO MIGUEL DOS CAMPOS;Objeto est�tico sobre o leito carro��vel;Atropelamento de Pedestre;Com V�timas Feridas;Pleno dia;Crescente;C�u Claro;Dupla;"Reta;Declive";N�o;2;0;0;1;0;1;1;2;-9,82790075;-36,1287117;SPRF-AL;DEL02-AL;UOP01-DEL02-AL;;;
672545;09/04/2025;quarta-feira;12:30:00;MG;40;485,4;ESMERALDAS;Acessar a via sem observar a presen�a dos outros ve�culos;Colis�o traseira;Com V�timas Feridas;Pleno dia;Crescente;Sol;Dupla;Reta;Sim;3;0;1;0;1;1;1;3;-19,62730122;-44,20546532;SPRF-MG;DEL02-MG;UOP01-DEL02-MG;;;
672548;08/04/2025;ter�a-feira;19:10:00;RS;471;541,1;SANTA VITORIA DO PALMAR;Animais na Pista;Colis�o frontal;Com V�timas Fatais;Plena Noite;Decrescente;Chuva;Simples;Reta;N�o;7;1;2;2;1;1;4;4;-32,74555;-52,64416;SPRF-RS;DEL07-RS;UOP02-DEL07-RS;;;
672549;09/04/2025;quarta-feira;12:30:00;PR;376;66;GUAIRACA;Acessar a via sem observar a presen�a dos outros ve�culos;Colis�o transversal;Com V�timas Feridas;Pleno dia;Crescente;C�u Claro;Simples;"Reta;Aclive";N�o;4;0;2;0;1;1;2;3;-22,92995;-52,78925;SPRF-PR;DEL09-PR;UOP02-DEL09-PR;;;
672554;04/04/2025;sexta-feira;09:50:00;SC;282;216,4;LAGES;Acessar a via sem observar a presen�a dos outros ve�culos;Colis�o lateral mesmo sentido;Com V�timas Feridas;Pleno dia;Crescente;Nublado;Simples;Reta;Sim;3;0;1;0;2;0;1;2;-27,79760951;-50,29417634;SPRF-SC;DEL05-SC;UOP01-DEL05-SC;;;
672558;09/04/2025;quarta-feira;11:40:00;BA;415;19;ILHEUS;Velocidade Incompat�vel;Colis�o frontal;Com V�timas Fatais;Pleno dia;Decrescente;Chuva;Simples;Curva;N�o;4;3;0;0;1;0;0;2;-14,804185;-39,146246;SPRF-BA;DEL05-BA;UOP01-DEL05-BA;;;
672559;09/04/2025;quarta-feira;13:30:00;RN;101;100,1;NATAL;Rea��o tardia ou ineficiente do condutor;Colis�o com objeto;Sem V�timas;Pleno dia;Decrescente;C�u Claro;Dupla;Reta;Sim;1;0;0;0;1;0;0;1;-5,88043457;-35,22509694;SPRF-RN;DEL01-RN;UOP01-DEL01-RN;;;
672561;09/04/2025;quarta-feira;07:05:00;RJ;101;327;RIO DE JANEIRO;Ultrapassagem Indevida;Colis�o traseira;Com V�timas Feridas;Pleno dia;Decrescente;C�u Claro;Dupla;Reta;Sim;4;0;1;0;2;1;1;4;-22,86975475;-43,17026138;SPRF-RJ;DEL02-RJ;UOP01-DEL02-RJ;;;
672562;09/04/2025;quarta-feira;14:30:00;ES;101;304;VIANA;Aus�ncia de rea��o do condutor;Colis�o traseira;Com V�timas Feridas;Pleno dia;Decrescente;C�u Claro;Dupla;Reta;Sim;2;0;1;0;1;0;1;2;-20,3827135;-40,4591229;SPRF-ES;DEL01-ES;UOP01-DEL01-ES;;;
672566;11/02/2025;ter�a-feira;20:00:00;GO;414;385,2;CORUMBA DE GOIAS;Ingest�o de �lcool pelo condutor;Colis�o com objeto;Com V�timas Feridas;Plena Noite;Decrescente;Garoa/Chuvisco;Simples;Reta;N�o;3;0;1;1;1;0;2;3;-15,8533551;-48,76527483;SPRF-GO;DEL02-GO;UOP01-DEL02-GO;;;
672567;09/04/2025;quarta-feira;14:30:00;RS;158;176,4;PEJUCARA;Demais falhas mec�nicas ou el�tricas;Inc�ndio;Sem V�timas;Pleno dia;Decrescente;C�u Claro;Simples;"Reta;Declive";N�o;2;0;0;0;1;3;0;4;-28,487509;-53,550293;SPRF-RS;DEL10-RS;UOP02-DEL10-RS;;;
672569;24/03/2025;segunda-feira;23:20:00;SC;470;68;INDAIAL;Ingest�o de �lcool pelo condutor;Colis�o traseira;Sem V�timas;Plena Noite;Crescente;C�u Claro;Simples;"Reta;Aclive";Sim;2;0;0;0;1;1;0;2;-26,87431607;-49,23462868;SPRF-SC;DEL04-SC;UOP01-DEL04-SC;;;
672573;09/04/2025;quarta-feira;13:00:00;PA;222;68,5;DOM ELISEU;Demais falhas mec�nicas ou el�tricas;Sa�da de leito carro��vel;Com V�timas Feridas;Pleno dia;Decrescente;Sol;Simples;"Reta;Aclive";N�o;1;0;0;1;0;0;1;1;-4,569918;-47,84088;SPRF-PA;DEL02-PA;UOP02-DEL02-PA;;;
672576;09/04/2025;quarta-feira;11:00:00;MT;158;754,8;BARRA DO GARCAS;Demais falhas mec�nicas ou el�tricas;Inc�ndio;Sem V�timas;Pleno dia;Decrescente;C�u Claro;Simples;Reta;N�o;2;0;0;0;1;3;0;4;-15,530448;-52,204457;SPRF-MT;DEL07-MT;UOP01-DEL07-MT;;;
672577;09/04/2025;quarta-feira;13:25:00;PE;423;125,9;SALOA;Pedestre andava na pista;Atropelamento de Pedestre;Com V�timas Feridas;Pleno dia;Crescente;C�u Claro;Simples;"Reta;Aclive";N�o;4;0;0;1;1;2;1;2;-8,952137;-36,723595;SPRF-PE;DEL03-PE;UOP01-DEL03-PE;;;
672584;09/04/2025;quarta-feira;16:30:00;MG;381;499,5;BETIM;Condutor deixou de manter dist�ncia do ve�culo da frente;Colis�o traseira;Com V�timas Feridas;Pleno dia;Crescente;C�u Claro;Dupla;Reta;Sim;3;0;1;0;1;1;1;3;-19,9999;-44,2109;SPRF-MG;DEL01-MG;UOP03-DEL01-MG;;;
672586;09/04/2025;quarta-feira;12:40:00;PR;153;187,9;TIBAGI;Ingest�o de �lcool pelo condutor;Tombamento;Sem V�timas;Pleno dia;Crescente;Sol;Simples;"Declive;Curva";N�o;2;0;0;0;1;3;0;4;-24,4108378;-50,36335403;SPRF-PR;DEL03-PR;UOP02-DEL03-PR;;;
672587;09/04/2025;quarta-feira;15:55:00;SC;470;111,4;APIUNA;Rea��o tardia ou ineficiente do condutor;Colis�o lateral sentido oposto;Com V�timas Feridas;Pleno dia;Decrescente;C�u Claro;Simples;"Curva;Declive";N�o;2;0;0;1;1;0;1;2;-27,09920264;-49,46177244;SPRF-SC;DEL04-SC;UOP02-DEL04-SC;;;
672589;09/04/2025;quarta-feira;16:45:00;SC;470;58,4;BLUMENAU;Trafegar com motocicleta (ou similar) entre as faixas;Colis�o traseira;Com V�timas Fatais;Pleno dia;Crescente;C�u Claro;Simples;Reta;Sim;4;1;0;0;2;1;0;4;-26,8841266;-49,1495;SPRF-SC;DEL04-SC;UOP01-DEL04-SC;;;
672591;09/04/2025;quarta-feira;17:30:00;SC;101;20,5;BIGUACU;Acessar a via sem observar a presen�a dos outros ve�culos;Colis�o transversal;Com V�timas Feridas;Anoitecer;Crescente;C�u Claro;Simples;Rotat�ria;Sim;3;0;1;0;2;0;1;2;-27,49461959;-48,7150293;SPRF-SC;DEL01-SC;UOP02-DEL01-SC;;;
672593;09/04/2025;quarta-feira;13:05:00;SC;116;107;MONTE CASTELO;Velocidade Incompat�vel;Sa�da de leito carro��vel;Sem V�timas;Pleno dia;Decrescente;Nublado;Simples;Reta;N�o;2;0;0;0;1;1;0;2;-26,75474849;-50,32435656;SPRF-SC;DEL06-SC;UOP02-DEL06-SC;;;
672596;09/04/2025;quarta-feira;13:15:00;MS;267;562,7;CARACOL;Aus�ncia de rea��o do condutor;Colis�o lateral sentido oposto;Com V�timas Feridas;Pleno dia;Decrescente;C�u Claro;Simples;Reta;N�o;3;0;1;0;1;2;1;4;-21,73519;-56,87896;SPRF-MS;DEL05-MS;UOP01-DEL05-MS;;;
672600;09/04/2025;quarta-feira;15:40:00;SC;101;36;JOINVILLE;Condutor deixou de manter dist�ncia do ve�culo da frente;Colis�o traseira;Com V�timas Feridas;Pleno dia;Crescente;Chuva;Dupla;Reta;Sim;4;0;1;0;2;1;1;4;-26,27584794;-48,89327265;SPRF-SC;DEL03-SC;UOP01-DEL03-SC;;;
672603;09/04/2025;quarta-feira;18:15:00;MG;40;665,3;CARANDAI;Desrespeitar a prefer�ncia no cruzamento;Colis�o transversal;Com V�timas Fatais;Plena Noite;Crescente;C�u Claro;Simples;"Declive;Retorno Regulamentado;Reta";Sim;5;2;0;1;1;1;1;3;-20,943382;-43,810095;SPRF-MG;DEL05-MG;UOP02-DEL05-MG;;;
672607;09/04/2025;quarta-feira;18:30:00;GO;20;0,4;FORMOSA;Rea��o tardia ou ineficiente do condutor;Colis�o lateral sentido oposto;Sem V�timas;Plena Noite;Decrescente;Chuva;Simples;"Declive;Curva";N�o;4;0;0;0;4;0;0;2;-15,58048364;-47,33980707;SPRF-DF;DEL02-DF;UOP02-DEL02-DF;;;
672611;09/04/2025;quarta-feira;17:10:00;AM;319;0,5;MANAUS;Carga excessiva e/ou mal acondicionada;Colis�o com objeto;Sem V�timas;Pleno dia;Crescente;C�u Claro;Dupla;"Reta;Declive";Sim;1;0;0;0;1;0;0;1;-3,13016665;-59,94640594;SPRF-AM;DEL01-AM;UOP03-DEL01-AM;;;
672613;09/04/2025;quarta-feira;18:30:00;MG;50;180;UBERABA;Rea��o tardia ou ineficiente do condutor;Engavetamento;Sem V�timas;Anoitecer;Decrescente;Chuva;Simples;"Reta;Interse��o de Vias";Sim;6;0;0;0;6;0;0;4;-19,7778426;-47,92198674;SPRF-MG;DEL13-MG;UOP01-DEL13-MG;;;
672618;09/04/2025;quarta-feira;19:15:00;MG;262;445,9;NOVA SERRANA;Rea��o tardia ou ineficiente do condutor;Colis�o traseira;Com V�timas Feridas;Plena Noite;Crescente;C�u Claro;Simples;Reta;Sim;2;0;1;0;1;0;1;2;-19,87514825;-44,95031205;SPRF-MG;DEL08-MG;UOP03-DEL08-MG;;;
672623;09/04/2025;quarta-feira;19:15:00;RS;285;480,1;CORONEL BARROS;Velocidade Incompat�vel;Tombamento;Com V�timas Feridas;Plena Noite;Crescente;C�u Claro;Simples;"Curva;Declive";N�o;2;0;1;0;0;1;1;2;-28,37197;-54,105362;SPRF-RS;DEL10-RS;UOP01-DEL10-RS;;;
672627;09/04/2025;quarta-feira;20:10:00;PR;153;48,9;SANTO ANTONIO DA PLATINA;Acessar a via sem observar a presen�a dos outros ve�culos;Colis�o transversal;Com V�timas Feridas;Plena Noite;Decrescente;C�u Claro;Simples;Reta;N�o;3;0;0;1;1;1;1;3;-23,3569284;-50,0632432;SPRF-PR;DEL07-PR;UOP04-DEL07-PR;;;
672631;09/04/2025;quarta-feira;20:05:00;SC;158;106;CUNHA PORA;Transitar na contram�o;Colis�o frontal;Com V�timas Feridas;Plena Noite;Crescente;C�u Claro;Simples;Reta;N�o;4;0;0;1;1;2;1;4;-26,86470108;-53,1643176;SPRF-SC;DEL07-SC;UOP02-DEL07-SC;;;
672634;09/04/2025;quarta-feira;17:30:00;RO;364;322;PRESIDENTE MEDICI;Ultrapassagem Indevida;Colis�o frontal;Com V�timas Feridas;Pleno dia;Decrescente;C�u Claro;Simples;"Reta;Aclive";N�o;6;0;5;0;1;0;5;3;-11,049565;-61,929955;SPRF-RO;DEL02-RO;UOP01-DEL02-RO;;;
672636;09/04/2025;quarta-feira;21:00:00;GO;414;428;ABADIANIA;Defici�ncia do Sistema de Ilumina��o/Sinaliza��o;Colis�o traseira;Com V�timas Feridas;Plena Noite;Crescente;Ignorado;Simples;"Reta;Aclive";N�o;3;0;1;0;1;2;1;4;-16,203355;-48,911955;SPRF-GO;DEL02-GO;UOP01-DEL02-GO;;;
672639;09/04/2025;quarta-feira;17:20:00;MG;354;718;POUSO ALTO;Aus�ncia de rea��o do condutor;Sa�da de leito carro��vel;Sem V�timas;Pleno dia;Crescente;C�u Claro;Simples;Reta;N�o;2;0;0;0;1;2;0;3;-22,085165;-44,944938;SPRF-MG;DEL17-MG;UOP01-DEL17-MG;;;
672642;09/04/2025;quarta-feira;18:40:00;PA;10;9,9;DOM ELISEU;Ultrapassagem Indevida;Colis�o frontal;Com V�timas Fatais;Anoitecer;Crescente;C�u Claro;Simples;"Declive;Reta";N�o;4;1;0;0;2;2;0;5;-4,357685;-47,536683;SPRF-PA;DEL02-PA;UOP02-DEL02-PA;;;
672644;09/04/2025;quarta-feira;21:50:00;GO;60;105;GOIANAPOLIS;Problema na suspens�o;Colis�o com objeto;Com V�timas Feridas;Plena Noite;Decrescente;Nublado;Dupla;"Declive;Reta";N�o;2;0;0;1;0;1;1;2;-16,42526847;-49,01467245;SPRF-GO;DEL02-GO;UOP01-DEL02-GO;;;
672645;09/04/2025;quarta-feira;17:50:00;PE;316;249,8;BELEM DE SAO FRANCISCO;Curva acentuada;Tombamento;Sem V�timas;Anoitecer;Decrescente;C�u Claro;Simples;Curva;N�o;1;0;0;0;0;1;0;1;-8,677267;-38,971852;SPRF-PE;DEL05-PE;UOP03-DEL05-PE;;;
672651;09/04/2025;quarta-feira;21:30:00;MT;163;946;NOVA SANTA HELENA;Condutor deixou de manter dist�ncia do ve�culo da frente;Colis�o traseira;Com V�timas Feridas;Plena Noite;Decrescente;C�u Claro;Simples;Reta;N�o;3;0;0;1;1;1;1;3;-10,92395221;-55,20357907;SPRF-MT;DEL06-MT;UOP02-DEL06-MT;;;
672654;09/04/2025;quarta-feira;22:30:00;GO;153;564;MORRINHOS;Chuva;Sa�da de leito carro��vel;Com V�timas Feridas;Plena Noite;Decrescente;Chuva;Dupla;Declive;Sim;2;0;1;0;0;1;1;2;-17,6357376;-49,1880448;SPRF-GO;DEL03-GO;UOP01-DEL03-GO;;;
672661;09/04/2025;quarta-feira;23:40:00;SP;116;46,8;CANAS;Manobra de mudan�a de faixa;Colis�o lateral mesmo sentido;Com V�timas Feridas;Plena Noite;Crescente;Chuva;Dupla;Reta;N�o;3;0;1;0;1;1;1;3;-22,72172373;-45,06385803;SPRF-SP;DEL08-SP;UOP02-DEL08-SP;;;
672662;09/04/2025;quarta-feira;16:40:00;RJ;465;21;NOVA IGUACU;Frear bruscamente;Engavetamento;Com V�timas Feridas;Plena Noite;Crescente;Nublado;Simples;Reta;N�o;5;0;2;0;2;1;2;4;-22,84934285;-43,603184;SPRF-RJ;DEL06-RJ;UOP02-DEL06-RJ;;;
672664;10/04/2025;quinta-feira;00:40:00;MG;381;906;CAMANDUCAIA;Rea��o tardia ou ineficiente do condutor;Sa�da de leito carro��vel;Com V�timas Feridas;Plena Noite;Decrescente;Garoa/Chuvisco;Dupla;"Declive;Reta";N�o;1;0;0;1;0;0;1;1;-22,68311433;-46,10067094;SPRF-MG;DEL16-MG;UOP03-DEL16-MG;;;
672667;10/04/2025;quinta-feira;01:30:00;SP;116;155;SAO JOSE DOS CAMPOS;Aus�ncia de rea��o do condutor;Colis�o com objeto;Sem V�timas;Plena Noite;Crescente;C�u Claro;M�ltipla;"Declive;Reta";Sim;1;0;0;0;1;0;0;1;-23,24065058;-45,92258692;SPRF-SP;DEL02-SP;UOP01-DEL02-SP;;;
672669;10/04/2025;quinta-feira;02:20:00;PA;10;51;ULIANOPOLIS;Manobra de mudan�a de faixa;Colis�o frontal;Com V�timas Fatais;Plena Noite;Decrescente;C�u Claro;Simples;"Declive;Reta";N�o;3;1;0;0;1;1;0;3;-3,999432;-47,546193;SPRF-PA;DEL02-PA;UOP02-DEL02-PA;;;
672673;10/04/2025;quinta-feira;03:50:00;AL;423;101;DELMIRO GOUVEIA;Aus�ncia de rea��o do condutor;Sa�da de leito carro��vel;Sem V�timas;Amanhecer;Decrescente;C�u Claro;Simples;Reta;N�o;4;0;0;0;2;2;0;4;-9,395967;-38,168683;SPRF-BA;DEL07-BA;UOP01-DEL07-BA;;;
672675;10/04/2025;quinta-feira;04:40:00;MS;267;75,3;BATAGUASSU;Condutor Dormindo;Colis�o lateral sentido oposto;Com V�timas Feridas;Plena Noite;Decrescente;C�u Claro;Simples;Reta;N�o;4;0;0;1;2;1;1;3;-21,869061;-52,81607;SPRF-MS;DEL02-MS;UOP04-DEL02-MS;;;
672677;10/04/2025;quinta-feira;04:40:00;PR;487;175,2;CAMPO MOURAO;Rea��o tardia ou ineficiente do condutor;Colis�o lateral sentido oposto;Com V�timas Fatais;Plena Noite;Decrescente;C�u Claro;Simples;"Aclive;Reta";N�o;3;1;0;0;2;0;0;2;-24,03279987;-52,42213184;SPRF-PR;DEL09-PR;UOP03-DEL09-PR;;;
672678;10/04/2025;quinta-feira;04:30:00;RJ;116;330;ITATIAIA;Aus�ncia de sinaliza��o;Engavetamento;Com V�timas Feridas;Plena Noite;Decrescente;Nevoeiro/Neblina;M�ltipla;Reta;N�o;6;0;2;0;3;2;2;7;-22,50474295;-44,62361768;SPRF-RJ;DEL07-RJ;UOP02-DEL07-RJ;;;
672679;10/04/2025;quinta-feira;04:52:00;PR;163;274;QUATRO PONTES;Velocidade Incompat�vel;Tombamento;Com V�timas Feridas;Amanhecer;Decrescente;C�u Claro;Dupla;"Curva;Aclive";N�o;2;0;1;0;1;0;1;1;-24,58711778;-53,98131587;SPRF-PR;DEL06-PR;UOP02-DEL06-PR;;;
672684;10/04/2025;quinta-feira;06:56:00;BA;101;554;SAO JOSE DA VITORIA;Condutor Dormindo;Tombamento;Com V�timas Feridas;Pleno dia;Decrescente;C�u Claro;Simples;"Declive;Curva";N�o;2;0;1;0;0;1;1;2;-15,10195755;-39,35508728;SPRF-BA;DEL05-BA;UOP02-DEL05-BA;;;
672691;10/04/2025;quinta-feira;07:45:00;CE;116;11;FORTALEZA;Condutor deixou de manter dist�ncia do ve�culo da frente;Colis�o traseira;Com V�timas Feridas;Pleno dia;Crescente;Nublado;M�ltipla;Reta;Sim;3;0;1;0;2;0;1;3;-3,847755;-38,497023;SPRF-CE;DEL01-CE;UOP02-DEL01-CE;;;
672705;10/04/2025;quinta-feira;07:50:00;MG;267;153;LIMA DUARTE;Aus�ncia de rea��o do condutor;Colis�o lateral sentido oposto;Com V�timas Feridas;Pleno dia;Crescente;Nublado;Simples;Reta;N�o;2;0;1;0;1;0;1;2;-21,819;-43,75;SPRF-MG;DEL05-MG;UOP01-DEL05-MG;;;
672709;10/04/2025;quinta-feira;08:00:00;SP;381;87;GUARULHOS;Ultrapassagem Indevida;Colis�o lateral mesmo sentido;Com V�timas Feridas;Pleno dia;Crescente;C�u Claro;M�ltipla;Reta;Sim;3;0;1;0;2;0;1;3;-23,47867726;-46,56074524;SPRF-SP;DEL03-SP;UOP01-DEL03-SP;;;
672716;10/04/2025;quinta-feira;06:49:00;MG;262;481;BOM DESPACHO;Transitar na contram�o;Colis�o lateral sentido oposto;Com V�timas Feridas;Pleno dia;Crescente;C�u Claro;Simples;Reta;N�o;4;0;2;0;1;1;2;3;-19,78446596;-45,35213471;SPRF-MG;DEL08-MG;UOP03-DEL08-MG;;;
672720;10/04/2025;quinta-feira;05:30:00;MT;158;632;NOVA XAVANTINA;Rea��o tardia ou ineficiente do condutor;Colis�o lateral sentido oposto;Com V�timas Feridas;Pleno dia;Decrescente;C�u Claro;Simples;Curva;N�o;3;0;1;0;1;6;1;8;-14,53394864;-52,33077145;SPRF-MT;DEL07-MT;UOP02-DEL07-MT;;;
672721;10/04/2025;quinta-feira;10:20:00;PR;277;11,4;PARANAGUA;Ingest�o de �lcool pelo condutor;Colis�o lateral mesmo sentido;Sem V�timas;Pleno dia;Crescente;Nublado;Dupla;Reta;Sim;3;0;0;0;2;1;0;3;-25,56525039;-48,62791115;SPRF-PR;DEL01-PR;UOP05-DEL01-PR;;;
672723;31/03/2025;segunda-feira;23:40:00;SC;153;45;VARGEM BONITA;Demais falhas mec�nicas ou el�tricas;Inc�ndio;Sem V�timas;Plena Noite;Crescente;C�u Claro;Simples;Reta;N�o;2;0;0;0;1;1;0;2;-26,900429;-51,77187;SPRF-SC;DEL07-SC;UOP07-DEL07-SC;;;
672729;10/04/2025;quinta-feira;11:15:00;MG;262;858,9;CAMPO FLORIDO;Objeto est�tico sobre o leito carro��vel;Colis�o com objeto;Com V�timas Fatais;Pleno dia;Decrescente;C�u Claro;Dupla;Reta;N�o;3;1;1;0;0;3;1;5;-19,79087987;-48,41571808;SPRF-MG;DEL13-MG;UOP01-DEL13-MG;;;
672731;10/04/2025;quinta-feira;12:00:00;RS;470;225;GARIBALDI;Acessar a via sem observar a presen�a dos outros ve�culos;Colis�o transversal;Com V�timas Feridas;Pleno dia;Crescente;C�u Claro;Simples;Rotat�ria;Sim;3;0;2;0;1;0;2;2;-29,2466446;-51,51595289;SPRF-RS;DEL06-RS;UOP01-DEL06-RS;;;
672733;10/04/2025;quinta-feira;10:00:00;MT;364;634;DIAMANTINO;Rea��o tardia ou ineficiente do condutor;Colis�o lateral sentido oposto;Com V�timas Feridas;Pleno dia;Crescente;C�u Claro;Simples;Reta;N�o;3;0;1;0;0;2;1;3;-14,318432;-56,449964;SPRF-MT;DEL01-MT;UOP01-DEL01-MT;;;
672761;10/04/2025;quinta-feira;12:45:00;MT;163;509;DIAMANTINO;Acessar a via sem observar a presen�a dos outros ve�culos;Colis�o transversal;Com V�timas Fatais;Pleno dia;Crescente;C�u Claro;Dupla;Reta;N�o;4;1;0;1;1;1;1;3;-14,517047;-56,212758;SPRF-MT;DEL01-MT;UOP01-DEL01-MT;;;
672765;10/04/2025;quinta-feira;15:30:00;TO;153;146;ARAGUAINA;Acessar a via sem observar a presen�a dos outros ve�culos;Colis�o lateral mesmo sentido;Com V�timas Feridas;Pleno dia;Decrescente;C�u Claro;Dupla;Reta;Sim;3;0;1;0;1;1;1;3;-7,3233519;-48,3070192;SPRF-TO;DEL02-TO;UOP01-DEL02-TO;;;
672774;10/04/2025;quinta-feira;14:35:00;BA;116;602,1;IRAJUBA;Aus�ncia de rea��o do condutor;Colis�o com objeto;Com V�timas Feridas;Pleno dia;Decrescente;C�u Claro;Simples;Reta;N�o;2;0;1;0;0;1;1;2;-13,2640065;-40,0177002;SPRF-BA;DEL03-BA;UOP02-DEL03-BA;;;
672776;10/04/2025;quinta-feira;15:00:00;MA;135;4;SAO LUIS;Aus�ncia de rea��o do condutor;Colis�o traseira;Com V�timas Feridas;Pleno dia;Decrescente;C�u Claro;Dupla;"Retorno Regulamentado;Reta";Sim;3;0;1;0;1;1;1;3;-2,62684;-44,25445;SPRF-MA;DEL01-MA;UOP01-DEL01-MA;;;
672782;10/04/2025;quinta-feira;17:00:00;BA;324;623;SALVADOR;Condutor deixou de manter dist�ncia do ve�culo da frente;Colis�o traseira;Com V�timas Feridas;Pleno dia;Decrescente;Sol;Dupla;Reta;Sim;2;0;1;0;0;1;1;2;-12,9415512;-38,4714322;SPRF-BA;DEL01-BA;UOP01-DEL01-BA;;;
672783;10/04/2025;quinta-feira;14:00:00;RJ;40;97;DUQUE DE CAXIAS;Demais falhas na via;Colis�o com objeto;Com V�timas Feridas;Pleno dia;Crescente;Nublado;Simples;"Declive;Curva";N�o;2;0;1;1;0;0;2;1;-22,572166;-43,280088;SPRF-RJ;DEL01-RJ;UOP01-DEL01-RJ;;;
672784;10/04/2025;quinta-feira;17:00:00;GO;60;97;ANAPOLIS;Acessar a via sem observar a presen�a dos outros ve�culos;Colis�o lateral mesmo sentido;Com V�timas Feridas;Pleno dia;Crescente;Nublado;Dupla;Reta;Sim;2;0;2;0;0;0;2;2;-16,37886206;-48,95017505;SPRF-GO;DEL02-GO;UOP01-DEL02-GO;;;
672785;10/04/2025;quinta-feira;12:00:00;MG;381;430;CAETE;Manobra de mudan�a de faixa;Colis�o lateral mesmo sentido;Com V�timas Feridas;Pleno dia;Decrescente;C�u Claro;Simples;Reta;N�o;7;0;3;0;3;1;3;4;-19,78772342;-43,69317412;SPRF-MG;DEL01-MG;UOP01-DEL01-MG;;;
672788;10/04/2025;quinta-feira;15:00:00;RJ;101;331;RIO DE JANEIRO;Demais falhas mec�nicas ou el�tricas;Colis�o com objeto;Com V�timas Feridas;Pleno dia;Decrescente;C�u Claro;M�ltipla;Reta;N�o;3;0;2;0;1;0;2;2;-22,86921599;-43,1848526;SPRF-RJ;DEL02-RJ;UOP01-DEL02-RJ;;;
672796;10/04/2025;quinta-feira;18:10:00;RJ;101;23,9;CAMPOS DOS GOYTACAZES;Ultrapassagem Indevida;Colis�o frontal;Com V�timas Fatais;Plena Noite;Crescente;C�u Claro;Simples;Curva;N�o;2;1;0;0;1;0;0;2;-21,44848;-41,34404;SPRF-RJ;DEL08-RJ;UOP01-DEL08-RJ;;;
672797;29/03/2025;s�bado;08:00:00;CE;116;375;ICO;Desrespeitar a prefer�ncia no cruzamento;Colis�o transversal;Com V�timas Feridas;Pleno dia;Crescente;C�u Claro;Simples;Rotat�ria;Sim;3;0;1;1;1;0;2;2;-6,405784;-38,846168;SPRF-CE;DEL05-CE;UOP01-DEL05-CE;;;
672802;17/02/2025;segunda-feira;17:50:00;ES;259;88,6;BAIXO GUANDU;Rea��o tardia ou ineficiente do condutor;Colis�o com objeto;Com V�timas Fatais;Pleno dia;Crescente;C�u Claro;Simples;Curva;N�o;4;1;0;1;1;1;1;3;-19,51934626;-40,90862274;SPRF-ES;DEL02-ES;UOP01-DEL02-ES;;;
672819;10/04/2025;quinta-feira;19:30:00;RJ;101;393;RIO DE JANEIRO;Condutor deixou de manter dist�ncia do ve�culo da frente;Colis�o traseira;Com V�timas Feridas;Plena Noite;Crescente;Chuva;Dupla;Ponte;N�o;2;0;1;0;1;0;1;2;-22,884415;-43,716795;SPRF-RJ;DEL03-RJ;UOP01-DEL03-RJ;;;
672820;10/04/2025;quinta-feira;18:10:00;RS;285;445;ITAQUI;Desrespeitar a prefer�ncia no cruzamento;Colis�o transversal;Com V�timas Feridas;Pleno dia;Crescente;C�u Claro;Simples;Reta;N�o;3;0;1;0;1;1;1;3;-29,09607708;-56,27025604;SPRF-RS;DEL10-RS;UOP01-DEL10-RS;;;