id;data_inversa;dia_semana;horario;uf;br;km;municipio;causa_acidente;tipo_acidente;classificacao_acidente;fase_dia;sentido_via;condicao_metereologica;tipo_pista;tracado_via;uso_solo;pessoas;mortos;feridos_leves;feridos_graves;ilesos;ignorados;feridos;veiculos;latitude;longitude;regional;delegacia;uop;;;
673130;12/04/2025;s�bado;07:50:00;RS;116;174,9;NOVA PETROPOLIS;Desvio tempor�rio;Colis�o lateral sentido oposto;Com V�timas Feridas;Pleno dia;Crescente;C�u Claro;Simples;Curva;N�o;3;0;2;0;1;0;2;2;-29,33533176;-51,15907204;SPRF-RS;DEL05-RS;UOP02-DEL05-RS;;;
673131;12/04/2025;s�bado;07:35:00;PI;343;340;TERESINA;Condutor deixou de manter dist�ncia do ve�culo da frente;Colis�o traseira;Com V�timas Feridas;Pleno dia;Decrescente;Nublado;Dupla;Reta;Sim;2;0;1;0;1;0;1;2;-5,074387;-42,736391;SPRF-PI;DEL01-PI;UOP01-DEL01-PI;;;
673143;01/04/2025;ter�a-feira;04:00:00;SP;116;403,3;MIRACATU;Aus�ncia de rea��o do condutor;Sa�da de leito carro��vel;Com V�timas Feridas;Plena Noite;Decrescente;C�u Claro;Dupla;Reta;N�o;1;0;1;0;0;0;1;1;-24,32626918;-47,56093216;SPRF-SP;DEL04-SP;UOP02-DEL04-SP;;;
673151;12/04/2025;s�bado;10:55:00;SC;101;196;BIGUACU;Rea��o tardia ou ineficiente do condutor;Colis�o lateral mesmo sentido;Com V�timas Feridas;Pleno dia;Crescente;C�u Claro;Dupla;Reta;Sim;3;0;0;1;1;1;1;3;-27,512;-48,642;SPRF-SC;DEL01-SC;UOP01-DEL01-SC;;;
673162;12/04/2025;s�bado;04:20:00;MG;251;306;SALINAS;Curva acentuada;Sa�da de leito carro��vel;Com V�timas Feridas;Plena Noite;Crescente;C�u Claro;Simples;"Declive;Curva";N�o;2;0;1;0;0;1;1;2;-16,132635;-42,231785;SPRF-MG;DEL12-MG;UOP02-DEL12-MG;;;
673163;12/04/2025;s�bado;09:15:00;RO;364;426,9;JARU;Acessar a via sem observar a presen�a dos outros ve�culos;Colis�o transversal;Com V�timas Feridas;Pleno dia;Crescente;C�u Claro;Simples;Interse��o de Vias;N�o;2;0;1;0;1;0;1;2;-10,42663113;-62,48862949;SPRF-RO;DEL03-RO;UOP02-DEL03-RO;;;
673166;11/04/2025;sexta-feira;21:30:00;BA;324;363;CAPIM GROSSO;Ultrapassagem Indevida;Colis�o lateral sentido oposto;Com V�timas Fatais;Plena Noite;Crescente;Chuva;Simples;Reta;N�o;2;1;0;0;0;1;0;2;-11,41676416;-39,91195679;SPRF-BA;DEL04-BA;UOP02-DEL04-BA;;;
673170;12/04/2025;s�bado;12:00:00;CE;116;28;AQUIRAZ;Manobra de mudan�a de faixa;Colis�o transversal;Com V�timas Feridas;Pleno dia;Crescente;C�u Claro;Dupla;Reta;N�o;3;0;0;1;0;2;1;3;-4,00817475;-38,51764087;SPRF-CE;DEL01-CE;UOP02-DEL01-CE;;;
673173;12/04/2025;s�bado;12:30:00;SC;280;7,6;SAO FRANCISCO DO SUL;Acessar a via sem observar a presen�a dos outros ve�culos;Colis�o lateral mesmo sentido;Com V�timas Feridas;Pleno dia;Decrescente;Nublado;Simples;"Rotat�ria;Interse��o de Vias";N�o;2;0;0;1;1;0;1;2;-26,27648468;-48,64504695;SPRF-SC;DEL03-SC;UOP03-DEL03-SC;;;
673175;12/04/2025;s�bado;13:20:00;BA;20;141;SAO DESIDERIO;Rea��o tardia ou ineficiente do condutor;Colis�o traseira;Com V�timas Feridas;Pleno dia;Crescente;C�u Claro;Simples;"Reta;Em Obras";N�o;4;0;1;0;2;1;1;3;-12,4743673;-45,8859981;SPRF-BA;DEL10-BA;UOP01-DEL10-BA;;;
673178;08/04/2025;ter�a-feira;16:13:00;SE;235;52;ITABAIANA;Declive acentuado;Tombamento;Com V�timas Feridas;Pleno dia;Decrescente;C�u Claro;Simples;"Retorno Regulamentado;Declive";Sim;1;0;1;0;0;0;1;1;-10,69397104;-37,43733466;SPRF-SE;DEL01-SE;UOP02-DEL01-SE;;;
673181;12/04/2025;s�bado;12:42:00;PE;101;93;CABO DE SANTO AGOSTINHO;Condutor deixou de manter dist�ncia do ve�culo da frente;Colis�o traseira;Com V�timas Feridas;Pleno dia;Crescente;C�u Claro;Dupla;Reta;Sim;3;0;0;1;2;0;1;2;-8,23824;-35,00227;SPRF-PE;DEL01-PE;UOP01-DEL01-PE;;;
673182;12/04/2025;s�bado;09:50:00;PR;476;242,5;LAPA;Velocidade Incompat�vel;Sa�da de leito carro��vel;Com V�timas Feridas;Pleno dia;Crescente;C�u Claro;Simples;Curva;N�o;2;0;1;0;0;1;1;2;-25,86;-50,091;SPRF-PR;DEL02-PR;UOP03-DEL02-PR;;;
673185;12/04/2025;s�bado;12:20:00;MG;381;932,7;ITAPEVA;Manobra de mudan�a de faixa;Colis�o lateral mesmo sentido;Com V�timas Feridas;Pleno dia;Decrescente;C�u Claro;Dupla;Reta;N�o;4;0;1;0;2;3;1;6;-22,7672064;-46,2159872;SPRF-MG;DEL16-MG;UOP03-DEL16-MG;;;
673187;12/04/2025;s�bado;15:10:00;MG;381;351;JOAO MONLEVADE;Velocidade Incompat�vel;Colis�o lateral sentido oposto;Com V�timas Feridas;Pleno dia;Decrescente;C�u Claro;Simples;Curva;N�o;4;0;1;0;2;1;1;2;-19,86310382;-43,12481403;SPRF-MG;DEL03-MG;UOP01-DEL03-MG;;;
673189;12/04/2025;s�bado;10:45:00;PA;10;291,1;MAE DO RIO;Manobra de mudan�a de faixa;Colis�o com objeto;Com V�timas Feridas;Pleno dia;Decrescente;C�u Claro;Simples;"Declive;Reta";N�o;4;0;2;1;0;3;3;5;-1,887243;-47,521913;SPRF-PA;DEL02-PA;UOP01-DEL02-PA;;;
673193;12/04/2025;s�bado;13:42:00;MT;163;1103;GUARANTA DO NORTE;Ultrapassagem Indevida;Sa�da de leito carro��vel;Com V�timas Feridas;Pleno dia;Decrescente;C�u Claro;Simples;"Curva;Declive";N�o;5;0;0;1;1;4;1;5;-9,642;-54,88;SPRF-MT;DEL06-MT;UOP03-DEL06-MT;;;
673201;12/04/2025;s�bado;16:30:00;PE;232;9,9;JABOATAO DOS GUARARAPES;Transitar no Acostamento;Colis�o traseira;Com V�timas Feridas;Pleno dia;Crescente;C�u Claro;Dupla;Reta;Sim;2;0;0;1;1;0;1;2;-8,079122;-34,986117;SPRF-PE;DEL01-PE;UOP01-DEL01-PE;;;
673210;12/04/2025;s�bado;14:15:00;GO;153;106;SANTA TEREZA DE GOIAS;Acessar a via sem observar a presen�a dos outros ve�culos;Colis�o lateral mesmo sentido;Com V�timas Fatais;Pleno dia;Decrescente;Nublado;Simples;"Retorno Regulamentado;Aclive;Interse��o de Vias";Sim;3;1;0;0;1;2;0;4;-13,713832;-49,02102;SPRF-GO;DEL07-GO;UOP01-DEL07-GO;;;
673211;12/04/2025;s�bado;16:00:00;BA;324;576;SAO SEBASTIAO DO PASSE;Demais falhas mec�nicas ou el�tricas;Inc�ndio;Sem V�timas;Pleno dia;Crescente;Nublado;Dupla;Reta;N�o;1;0;0;0;1;0;0;1;-12,592348;-38,519011;SPRF-BA;DEL01-BA;UOP01-DEL01-BA;;;
673212;12/04/2025;s�bado;15:50:00;MG;40;811,7;MATIAS BARBOSA;Aus�ncia de rea��o do condutor;Colis�o traseira;Com V�timas Feridas;Pleno dia;Crescente;C�u Claro;Dupla;Curva;N�o;3;0;1;0;1;1;1;3;-21,89188142;-43,31349805;SPRF-MG;DEL05-MG;UOP01-DEL05-MG;;;
673213;12/04/2025;s�bado;10:00:00;MG;262;42;MANHUACU;Rea��o tardia ou ineficiente do condutor;Tombamento;Com V�timas Feridas;Pleno dia;Decrescente;C�u Claro;Simples;"Declive;Curva";N�o;2;0;1;0;0;1;1;2;-20,25915162;-42,09591374;SPRF-MG;DEL06-MG;UOP03-DEL06-MG;;;
673216;12/04/2025;s�bado;16:30:00;MS;163;211,9;CAARAPO;Transitar na contram�o;Colis�o frontal;Com V�timas Fatais;Pleno dia;Crescente;Garoa/Chuvisco;Simples;Reta;N�o;3;1;0;0;1;3;0;5;-22,57473803;-54,81742573;SPRF-MS;DEL04-MS;UOP02-DEL04-MS;;;
673219;12/04/2025;s�bado;16:00:00;ES;262;112,9;VENDA NOVA DO IMIGRANTE;Ingest�o de �lcool pelo condutor;Colis�o lateral sentido oposto;Com V�timas Feridas;Pleno dia;Crescente;C�u Claro;Simples;Reta;N�o;3;0;0;1;1;1;1;3;-20,3316244;-41,2044121;SPRF-ES;DEL01-ES;UOP02-DEL01-ES;;;
673223;12/04/2025;s�bado;16:40:00;GO;60;413;RIO VERDE;Rea��o tardia ou ineficiente do condutor;Sa�da de leito carro��vel;Com V�timas Feridas;Pleno dia;Decrescente;C�u Claro;Dupla;Reta;N�o;2;0;1;0;1;0;1;2;-17,819278;-51,189922;SPRF-GO;DEL04-GO;UOP02-DEL04-GO;;;
673226;12/04/2025;s�bado;17:00:00;SP;381;66,8;MAIRIPORA;Carga excessiva e/ou mal acondicionada;Inc�ndio;Sem V�timas;Anoitecer;Crescente;C�u Claro;M�ltipla;Reta;Sim;3;0;0;0;2;1;0;2;-23,331729;-46,577399;SPRF-SP;DEL03-SP;UOP01-DEL03-SP;;;
673234;12/04/2025;s�bado;14:20:00;GO;60;81;ANAPOLIS;Ingest�o de �lcool pelo condutor;Colis�o lateral mesmo sentido;Sem V�timas;Pleno dia;Crescente;C�u Claro;Dupla;"Aclive;Reta";N�o;2;0;0;0;2;0;0;2;-16,31360941;-48,83527994;SPRF-GO;DEL02-GO;UOP01-DEL02-GO;;;
673240;12/04/2025;s�bado;19:00:00;MG;40;461;SETE LAGOAS;Carga excessiva e/ou mal acondicionada;Tombamento;Com V�timas Feridas;Plena Noite;Crescente;C�u Claro;Dupla;Reta;N�o;1;0;1;0;0;0;1;1;-19,46173;-44,30399;SPRF-MG;DEL02-MG;UOP01-DEL02-MG;;;
673241;12/04/2025;s�bado;18:50:00;RN;226;321,5;JANDUIS;Ingest�o de �lcool pelo condutor;Colis�o frontal;Com V�timas Feridas;Plena Noite;Crescente;C�u Claro;Simples;Reta;N�o;6;0;1;1;3;3;2;6;-6,0624629;-37,4933321;SPRF-RN;DEL04-RN;UOP01-DEL04-RN;;;
673247;12/04/2025;s�bado;19:20:00;RS;116;512;PELOTAS;Estacionar ou parar em local proibido;Colis�o traseira;Com V�timas Feridas;Plena Noite;Decrescente;Nublado;Dupla;"Curva;Declive";Sim;2;0;1;0;1;0;1;2;-31,63873124;-52,33391047;SPRF-RS;DEL07-RS;UOP01-DEL07-RS;;;
673248;12/04/2025;s�bado;17:40:00;PA;230;108;MARABA;Ingest�o de �lcool pelo condutor;Colis�o frontal;Sem V�timas;Anoitecer;Crescente;C�u Claro;Simples;Reta;Sim;2;0;0;0;2;0;0;2;-5,375697;-49,02106;SPRF-PA;DEL03-PA;UOP01-DEL03-PA;;;
673250;12/04/2025;s�bado;18:50:00;PR;376;128;ALTO PARANA;Velocidade Incompat�vel;Colis�o traseira;Com V�timas Feridas;Plena Noite;Decrescente;C�u Claro;Dupla;Reta;N�o;3;0;1;0;1;1;1;3;-23,160175;-52,260316;SPRF-PR;DEL09-PR;UOP02-DEL09-PR;;;
673253;12/04/2025;s�bado;16:10:00;SC;470;270;BRUNOPOLIS;Velocidade Incompat�vel;Sa�da de leito carro��vel;Com V�timas Feridas;Pleno dia;Decrescente;C�u Claro;Simples;Reta;N�o;2;0;1;0;0;2;1;3;-27,32175486;-50,77537537;SPRF-SC;DEL07-SC;UOP06-DEL07-SC;;;
673256;12/04/2025;s�bado;19:00:00;MG;381;365;SAO GONCALO DO RIO ABAIXO;Velocidade Incompat�vel;Tombamento;Com V�timas Feridas;Plena Noite;Crescente;C�u Claro;Simples;Curva;N�o;2;0;1;1;0;0;2;1;-19,86076973;-43,22609425;SPRF-MG;DEL03-MG;UOP01-DEL03-MG;;;
673276;12/04/2025;s�bado;19:25:00;PR;163;77;PLANALTO;Ingest�o de �lcool pelo condutor;Colis�o lateral sentido oposto;Com V�timas Feridas;Plena Noite;Decrescente;Chuva;Simples;Curva;N�o;3;0;0;1;1;1;1;3;-25,73551542;-53,80152313;SPRF-PR;DEL02-PR;UOP02-DEL02-PR;;;
673286;12/04/2025;s�bado;22:00:00;BA;101;717;EUNAPOLIS;Aus�ncia de rea��o do condutor;Colis�o traseira;Com V�timas Feridas;Plena Noite;Decrescente;C�u Claro;Simples;Reta;Sim;2;0;1;0;1;0;1;2;-16,36934598;-39,58286417;SPRF-BA;DEL09-BA;UOP01-DEL09-BA;;;
673288;12/04/2025;s�bado;20:35:00;RS;293;351,3;SANTANA DO LIVRAMENTO;Acessar a via sem observar a presen�a dos outros ve�culos;Colis�o transversal;Com V�timas Feridas;Plena Noite;Crescente;C�u Claro;Simples;"Declive;Interse��o de Vias";N�o;4;0;1;1;1;1;2;3;-30,802415;-55,62985852;SPRF-RS;DEL11-RS;UOP01-DEL11-RS;;;
673295;12/04/2025;s�bado;22:15:00;GO;153;511;APARECIDA DE GOIANIA;Transitar na contram�o;Colis�o frontal;Com V�timas Feridas;Plena Noite;Crescente;Nublado;Dupla;Reta;Sim;4;0;0;2;1;1;2;3;-16,798543;-49,238592;SPRF-GO;DEL01-GO;UOP03-DEL01-GO;;;
673296;12/04/2025;s�bado;21:40:00;PI;316;284;DOM EXPEDITO LOPES;Aus�ncia de rea��o do condutor;Colis�o lateral sentido oposto;Com V�timas Feridas;Plena Noite;Crescente;Nublado;Simples;Reta;Sim;2;0;0;1;1;0;1;2;-6,9704967;-41,66112185;SPRF-PI;DEL04-PI;UOP01-DEL04-PI;;;
673301;12/04/2025;s�bado;23:12:00;ES;101;289,9;CARIACICA;Entrada inopinada do pedestre;Atropelamento de Pedestre;Com V�timas Fatais;Plena Noite;Decrescente;Nublado;Dupla;Reta;Sim;2;1;0;0;0;1;0;2;-20,288292;-40,391993;SPRF-ES;DEL01-ES;UOP01-DEL01-ES;;;
673311;12/04/2025;s�bado;17:40:00;CE;0;0;TAUA;Acessar a via sem observar a presen�a dos outros ve�culos;Colis�o transversal;Com V�timas Feridas;Pleno dia;N�o Informado;C�u Claro;Simples;"Reta;Interse��o de Vias";Sim;3;0;0;1;1;3;1;5;-6,01388622;-40,2933846;SPRF-CE;DEL02-CE;UOP02-DEL02-CE;;;
673317;13/04/2025;domingo;01:40:00;ES;101;284,5;CARIACICA;Aus�ncia de rea��o do condutor;Colis�o com objeto;Com V�timas Feridas;Plena Noite;Decrescente;C�u Claro;Dupla;"Reta;Declive";N�o;3;0;1;0;1;2;1;4;-20,24729923;-40,37035622;SPRF-ES;DEL01-ES;UOP01-DEL01-ES;;;
673321;13/04/2025;domingo;00:20:00;MG;381;821,8;CAREACU;Aus�ncia de rea��o do condutor;Colis�o lateral mesmo sentido;Sem V�timas;Plena Noite;Crescente;C�u Claro;Dupla;Reta;Sim;2;0;0;0;1;1;0;2;-22,084;-45,7023;SPRF-MG;DEL16-MG;UOP02-DEL16-MG;;;
673346;13/04/2025;domingo;02:30:00;MT;163;94;RONDONOPOLIS;Rea��o tardia ou ineficiente do condutor;Tombamento;Sem V�timas;Plena Noite;Crescente;Nublado;Dupla;Reta;N�o;2;0;0;0;1;3;0;4;-16,69943176;-54,66055512;SPRF-MT;DEL02-MT;UOP03-DEL02-MT;;;
673348;13/04/2025;domingo;06:30:00;RS;290;77;GRAVATAI;Condutor Dormindo;Colis�o traseira;Com V�timas Feridas;Pleno dia;Decrescente;Nublado;M�ltipla;Reta;N�o;3;0;1;0;1;1;1;3;-29,95593499;-51,02658704;SPRF-RS;DEL01-RS;UOP01-DEL01-RS;;;
673351;13/04/2025;domingo;03:20:00;CE;20;316;CANINDE;Transitar na contram�o;Colis�o lateral sentido oposto;Sem V�timas;Plena Noite;Crescente;C�u Claro;Simples;Reta;N�o;2;0;0;0;2;0;0;2;-4,292486;-39,2517;SPRF-CE;DEL02-CE;UOP01-DEL02-CE;;;
673356;13/04/2025;domingo;06:50:00;MG;153;55;MONTE ALEGRE DE MINAS;Acumulo de �gua sobre o pavimento;Capotamento;Com V�timas Feridas;Pleno dia;Crescente;Chuva;Dupla;Reta;N�o;6;0;4;0;1;1;4;3;-18,86563278;-49,06981659;SPRF-MG;DEL15-MG;UOP03-DEL15-MG;;;
673358;13/04/2025;domingo;04:00:00;PB;116;9,1;CACHOEIRA DOS INDIOS;Chuva;Sa�da de leito carro��vel;Com V�timas Feridas;Plena Noite;Decrescente;Chuva;Simples;Curva;N�o;3;0;2;1;0;0;3;1;-6,97164333;-38,73451;SPRF-CE;DEL05-CE;UOP03-DEL05-CE;;;
673359;13/04/2025;domingo;06:40:00;BA;116;543,8;MILAGRES;Condutor deixou de manter dist�ncia do ve�culo da frente;Colis�o traseira;Com V�timas Feridas;Pleno dia;Crescente;C�u Claro;Simples;Reta;N�o;3;0;0;1;1;3;1;5;-12,8512;-39,8443;SPRF-BA;DEL03-BA;UOP02-DEL03-BA;;;
673361;13/04/2025;domingo;07:00:00;RS;290;42;SANTO ANTONIO DA PATRULHA;Condutor Dormindo;Colis�o com objeto;Com V�timas Feridas;Pleno dia;Crescente;C�u Claro;M�ltipla;Reta;N�o;1;0;1;0;0;0;1;1;-29,888258;-50,676105;SPRF-RS;DEL03-RS;UOP01-DEL03-RS;;;
673381;29/03/2025;s�bado;15:30:00;BA;101;183;SAO GONCALO DOS CAMPOS;Ultrapassagem Indevida;Colis�o lateral sentido oposto;Com V�timas Feridas;Pleno dia;Crescente;C�u Claro;Simples;Reta;N�o;5;0;1;0;3;2;1;4;-12,46178121;-38,93245697;SPRF-BA;DEL01-BA;UOP03-DEL01-BA;;;
673388;13/04/2025;domingo;08:30:00;MS;267;189;NOVA ALVORADA DO SUL;Ingest�o de �lcool pelo condutor;Colis�o frontal;Com V�timas Fatais;Pleno dia;Decrescente;C�u Claro;Simples;Reta;N�o;8;1;0;4;2;4;4;7;-21,60089892;-53,84571075;SPRF-MS;DEL02-MS;UOP03-DEL02-MS;;;
673400;13/04/2025;domingo;11:00:00;GO;153;440;ANAPOLIS;Mal s�bito do condutor;Colis�o com objeto;Com V�timas Feridas;Pleno dia;Decrescente;C�u Claro;Dupla;Reta;Sim;2;0;1;0;0;3;1;4;-16,329347;-48,922128;SPRF-GO;DEL02-GO;UOP01-DEL02-GO;;;
673411;13/04/2025;domingo;12:16:00;ES;101;372,6;ICONHA;Aus�ncia de rea��o do condutor;Colis�o com objeto;Com V�timas Feridas;Pleno dia;Crescente;C�u Claro;Simples;Reta;N�o;2;0;1;0;0;1;1;2;-20,777137;-40,779302;SPRF-ES;DEL03-ES;UOP01-DEL03-ES;;;
673419;08/04/2025;ter�a-feira;23:30:00;BA;101;895;CARAVELAS;Ingest�o de �lcool pelo condutor;Colis�o frontal;Com V�timas Feridas;Plena Noite;Crescente;Chuva;Simples;"Curva;Aclive";N�o;3;0;1;0;1;1;1;3;-17,688271;-39,773173;SPRF-BA;DEL09-BA;UOP02-DEL09-BA;;;
673420;13/04/2025;domingo;12:45:00;MG;40;522,9;CONTAGEM;Transitar no Acostamento;Colis�o lateral mesmo sentido;Com V�timas Feridas;Pleno dia;Decrescente;C�u Claro;Dupla;Curva;N�o;4;0;2;0;1;1;2;3;-19,8707715;-44,0465663;SPRF-MG;DEL01-MG;UOP02-DEL01-MG;;;
673421;13/04/2025;domingo;13:00:00;PR;116;78;PIRAQUARA;Condutor deixou de manter dist�ncia do ve�culo da frente;Colis�o traseira;Com V�timas Feridas;Pleno dia;Decrescente;Chuva;Dupla;Reta;N�o;4;0;0;1;2;1;1;3;-25,402269;-49,056614;SPRF-PR;DEL01-PR;UOP02-DEL01-PR;;;
673423;20/03/2025;quinta-feira;23:40:00;PR;376;549;PALMEIRA;Aus�ncia de rea��o do condutor;Colis�o traseira;Com V�timas Feridas;Plena Noite;Crescente;C�u Claro;Dupla;Reta;N�o;5;0;1;2;1;2;3;4;-25,419;-49,77;SPRF-PR;DEL03-PR;UOP03-DEL03-PR;;;
673424;13/04/2025;domingo;09:20:00;PI;316;166;ELESBAO VELOSO;Ingest�o de �lcool pelo condutor;Tombamento;Com V�timas Fatais;Pleno dia;Crescente;C�u Claro;Simples;Reta;Sim;2;1;0;0;0;1;0;2;-6,226842;-42,062442;SPRF-PI;DEL04-PI;UOP02-DEL04-PI;;;
673425;13/04/2025;domingo;11:29:00;RS;392;2,2;RIO GRANDE;Acessar a via sem observar a presen�a dos outros ve�culos;Colis�o lateral mesmo sentido;Sem V�timas;Pleno dia;Crescente;Nublado;Simples;Rotat�ria;Sim;2;0;0;0;2;0;0;2;-32,13046868;-52,11173411;SPRF-RS;DEL07-RS;UOP02-DEL07-RS;;;
673427;13/04/2025;domingo;13:40:00;RJ;393;250;BARRA DO PIRAI;Transitar na contram�o;Colis�o lateral sentido oposto;Com V�timas Feridas;Pleno dia;Decrescente;Sol;Simples;Reta;Sim;3;0;0;1;1;1;1;3;-22,448853;-43,79695;SPRF-RJ;DEL05-RJ;UOP04-DEL05-RJ;;;
673431;13/04/2025;domingo;04:20:00;PI;135;515;GILBUES;Afundamento ou ondula��o no pavimento;Tombamento;Com V�timas Feridas;Amanhecer;Decrescente;Ignorado;Simples;"Curva;Aclive";Sim;1;0;1;0;0;0;1;1;-9,83402;-45,343648;SPRF-PI;DEL03-PI;UOP02-DEL03-PI;;;
673434;13/04/2025;domingo;14:45:00;PR;277;522,3;GUARANIACU;Aus�ncia de rea��o do condutor;Colis�o frontal;Com V�timas Feridas;Pleno dia;Crescente;Nublado;Simples;Curva;N�o;3;0;0;1;1;1;1;3;-25,10041654;-52,89257227;SPRF-PR;DEL04-PR;UOP04-DEL04-PR;;;
673435;13/04/2025;domingo;15:00:00;BA;116;654;JEQUIE;Condutor deixou de manter dist�ncia do ve�culo da frente;Engavetamento;Sem V�timas;Pleno dia;Decrescente;C�u Claro;Simples;Reta;N�o;5;0;0;0;4;3;0;7;-13,69811096;-40,0965786;SPRF-BA;DEL03-BA;UOP01-DEL03-BA;;;
673437;13/04/2025;domingo;14:40:00;MG;365;692;MONTE ALEGRE DE MINAS;Condutor deixou de manter dist�ncia do ve�culo da frente;Colis�o traseira;Com V�timas Fatais;Pleno dia;Decrescente;C�u Claro;Dupla;Reta;N�o;7;5;0;0;1;3;0;5;-18,877025;-48,921336;SPRF-MG;DEL15-MG;UOP03-DEL15-MG;;;
673446;13/04/2025;domingo;14:55:00;RN;304;72,2;MOSSORO;Demais falhas mec�nicas ou el�tricas;Inc�ndio;Sem V�timas;Pleno dia;Decrescente;C�u Claro;Simples;Reta;N�o;2;0;0;0;1;2;0;3;-5,41846;-37,212908;SPRF-RN;DEL04-RN;UOP01-DEL04-RN;;;
673465;13/04/2025;domingo;16:15:00;SC;101;190,8;BIGUACU;Chuva;Colis�o com objeto;Com V�timas Fatais;Pleno dia;Decrescente;Chuva;Dupla;Curva;Sim;7;1;1;3;2;0;4;2;-27,476775;-48,64064;SPRF-SC;DEL01-SC;UOP01-DEL01-SC;;;
673468;13/04/2025;domingo;10:00:00;BA;135;211;SAO DESIDERIO;Velocidade Incompat�vel;Tombamento;Com V�timas Feridas;Pleno dia;Decrescente;Sol;Simples;Curva;N�o;4;0;1;1;1;2;2;3;-12,378632;-44,954047;SPRF-BA;DEL10-BA;UOP01-DEL10-BA;;;
673472;13/04/2025;domingo;17:40:00;MG;381;439;SABARA;Rea��o tardia ou ineficiente do condutor;Colis�o frontal;Com V�timas Fatais;Pleno dia;Decrescente;C�u Claro;Simples;Curva;N�o;5;2;0;0;1;2;0;4;-19,809717;-43,766656;SPRF-MG;DEL01-MG;UOP01-DEL01-MG;;;
673476;13/04/2025;domingo;14:30:00;MG;50;16;ARAGUARI;Carga excessiva e/ou mal acondicionada;Inc�ndio;Com V�timas Feridas;Pleno dia;Crescente;Nublado;Dupla;"Reta;Declive";N�o;2;0;1;0;0;1;1;2;-18,55542437;-48,05475713;SPRF-MG;DEL15-MG;UOP02-DEL15-MG;;;
673478;13/04/2025;domingo;17:20:00;MG;262;365;JUATUBA;Animais na Pista;Atropelamento de Animal;Com V�timas Feridas;Anoitecer;Crescente;C�u Claro;Dupla;Reta;N�o;3;0;1;1;1;0;2;2;-19,97225226;-44,30917842;SPRF-MG;DEL01-MG;UOP03-DEL01-MG;;;
673486;13/04/2025;domingo;14:00:00;BA;116;218;EUCLIDES DA CUNHA;Aus�ncia de rea��o do condutor;Colis�o lateral sentido oposto;Com V�timas Feridas;Pleno dia;Crescente;C�u Claro;Simples;Reta;N�o;2;0;1;0;1;0;1;2;-10,524794;-39,003466;SPRF-BA;DEL07-BA;UOP03-DEL07-BA;;;
673488;10/04/2025;quinta-feira;16:50:00;DF;20;53;BRASILIA;Velocidade Incompat�vel;Colis�o transversal;Com V�timas Feridas;Pleno dia;Crescente;C�u Claro;Dupla;Declive;Sim;3;0;1;0;1;2;1;4;-15,581864;-47,521973;SPRF-DF;DEL02-DF;UOP01-DEL02-DF;;;
673493;19/03/2025;quarta-feira;17:35:00;PB;101;125,4;CAAPORA;Rea��o tardia ou ineficiente do condutor;Colis�o traseira;Com V�timas Feridas;Plena Noite;Crescente;C�u Claro;Dupla;Reta;N�o;2;0;1;0;0;1;1;2;-7,49353686;-34,98287201;SPRF-PB;DEL01-PB;UOP01-DEL01-PB;;;
673501;13/04/2025;domingo;16:40:00;PR;476;255;ANTONIO OLINTO;Velocidade Incompat�vel;Tombamento;Com V�timas Feridas;Pleno dia;Decrescente;Chuva;Simples;Reta;N�o;2;0;1;0;0;1;1;2;-25,88887858;-50,21318436;SPRF-PR;DEL02-PR;UOP03-DEL02-PR;;;
673510;13/04/2025;domingo;19:00:00;BA;110;242;OLINDINA;Acessar a via sem observar a presen�a dos outros ve�culos;Colis�o transversal;Com V�timas Feridas;Plena Noite;Decrescente;C�u Claro;Simples;Interse��o de Vias;Sim;3;0;1;0;1;1;1;3;-11,365252;-38,32595;SPRF-BA;DEL01-BA;UOP04-DEL01-BA;;;
673515;13/04/2025;domingo;16:10:00;MG;116;576;MANHUACU;Rea��o tardia ou ineficiente do condutor;Sa�da de leito carro��vel;Sem V�timas;Pleno dia;Crescente;C�u Claro;Simples;Curva;N�o;2;0;0;0;1;1;0;2;-20,22543572;-42,17775822;SPRF-MG;DEL06-MG;UOP03-DEL06-MG;;;
673521;13/04/2025;domingo;21:25:00;RJ;116;179;NOVA IGUACU;Ingest�o de �lcool pelo condutor;Colis�o traseira;Com V�timas Feridas;Plena Noite;Decrescente;Nublado;Dupla;Reta;Sim;2;0;1;0;1;0;1;2;-22,75971981;-43,4262085;SPRF-RJ;DEL06-RJ;UOP01-DEL06-RJ;;;
673526;13/04/2025;domingo;20:00:00;RS;285;105,7;VACARIA;Pedestre andava na pista;Atropelamento de Pedestre;Com V�timas Fatais;Plena Noite;Crescente;Nublado;Simples;Reta;N�o;2;1;0;0;1;0;0;2;-28,533247;-50,801271;SPRF-RS;DEL05-RS;UOP03-DEL05-RS;;;
673541;13/04/2025;domingo;22:30:00;RJ;101;277;RIO BONITO;Acessar a via sem observar a presen�a dos outros ve�culos;Colis�o traseira;Com V�timas Feridas;Plena Noite;Crescente;Nublado;Dupla;Reta;Sim;3;0;1;0;2;0;1;2;-22,715007;-42,6790457;SPRF-RJ;DEL02-RJ;UOP03-DEL02-RJ;;;
673555;13/04/2025;domingo;23:45:00;PR;277;664,5;MEDIANEIRA;Rea��o tardia ou ineficiente do condutor;Colis�o com objeto;Com V�timas Feridas;Plena Noite;Crescente;Nublado;Dupla;Ponte;N�o;2;0;1;0;1;0;1;2;-25,253803;-54,032912;SPRF-PR;DEL05-PR;UOP02-DEL05-PR;;;