id;data_inversa;dia_semana;horario;uf;br;km;municipio;causa_acidente;tipo_acidente;classificacao_acidente;fase_dia;sentido_via;condicao_metereologica;tipo_pista;tracado_via;uso_solo;pessoas;mortos;feridos_leves;feridos_graves;ilesos;ignorados;feridos;veiculos;latitude;longitude;regional;delegacia;uop;;;
673566;14/04/2025;segunda-feira;00:05:00;MT;163;1040;MATUPA;Transitar na contram�o;Colis�o frontal;Com V�timas Fatais;Plena Noite;Decrescente;C�u Claro;Simples;Declive;Sim;9;5;0;0;3;3;0;6;-10,15837821;-54,93404026;SPRF-MT;DEL06-MT;UOP03-DEL06-MT;;;
673570;14/04/2025;segunda-feira;04:55:00;BA;116;463;SANTO ESTEVAO;Demais falhas mec�nicas ou el�tricas;Colis�o com objeto;Com V�timas Feridas;Amanhecer;Decrescente;C�u Claro;Dupla;"Reta;Viaduto";N�o;6;0;3;1;1;2;4;4;-12,45524603;-39,26039457;SPRF-BA;DEL02-BA;UOP01-DEL02-BA;;;
673574;14/04/2025;segunda-feira;03:30:00;SP;116;568;BARRA DO TURVO;Rea��o tardia ou ineficiente do condutor;Colis�o traseira;Com V�timas Feridas;Plena Noite;Crescente;Chuva;Simples;Curva;N�o;3;0;1;0;1;1;1;2;-25,05741317;-48,55586484;SPRF-SP;DEL05-SP;UOP02-DEL05-SP;;;
673576;14/04/2025;segunda-feira;05:50:00;PR;369;439,7;UBIRATA;Condutor Dormindo;Colis�o com objeto;Sem V�timas;Amanhecer;Decrescente;Nevoeiro/Neblina;Simples;Reta;N�o;5;0;0;0;5;0;0;2;-24,55425936;-53,00660044;SPRF-PR;DEL04-PR;UOP03-DEL04-PR;;;
673584;14/04/2025;segunda-feira;06:15:00;RS;158;309,2;ITAARA;Transitar na contram�o;Colis�o frontal;Com V�timas Fatais;Amanhecer;Decrescente;C�u Claro;Simples;"Reta;Declive";Sim;2;1;0;0;1;0;0;2;-29,60699688;-53,76544833;SPRF-RS;DEL09-RS;UOP01-DEL09-RS;;;
673595;14/04/2025;segunda-feira;07:00:00;RJ;101;106;CAMPOS DOS GOYTACAZES;Manobra de mudan�a de faixa;Colis�o lateral mesmo sentido;Com V�timas Feridas;Pleno dia;Decrescente;C�u Claro;Dupla;Reta;N�o;2;0;1;0;1;0;1;2;-21,927818;-41,624212;SPRF-RJ;DEL08-RJ;UOP02-DEL08-RJ;;;
673600;14/04/2025;segunda-feira;08:00:00;SP;116;288;ITAPECERICA DA SERRA;Trafegar com motocicleta (ou similar) entre as faixas;Queda de ocupante de ve�culo;Com V�timas Feridas;Pleno dia;Decrescente;Garoa/Chuvisco;Dupla;Reta;Sim;2;0;1;0;1;0;1;2;-23,69369369;-46,8500393;SPRF-SP;DEL04-SP;UOP01-DEL04-SP;;;
673623;14/04/2025;segunda-feira;09:10:00;BA;324;619,3;SALVADOR;Rea��o tardia ou ineficiente do condutor;Colis�o traseira;Com V�timas Feridas;Pleno dia;Decrescente;C�u Claro;M�ltipla;Reta;Sim;3;0;2;0;0;1;2;2;-12,90905564;-38,45789909;SPRF-BA;DEL01-BA;UOP01-DEL01-BA;;;
673634;31/03/2025;segunda-feira;06:30:00;GO;60;90,8;ANAPOLIS;Condutor deixou de manter dist�ncia do ve�culo da frente;Colis�o traseira;Sem V�timas;Amanhecer;Crescente;C�u Claro;Simples;Reta;Sim;3;0;0;0;2;1;0;3;-16,34423186;-48,9038372;SPRF-GO;DEL02-GO;UOP01-DEL02-GO;;;
673639;02/04/2025;quarta-feira;17:00:00;RJ;101;465;MANGARATIBA;Rea��o tardia ou ineficiente do condutor;Colis�o frontal;Com V�timas Fatais;Pleno dia;Decrescente;C�u Claro;Simples;Curva;N�o;2;1;0;0;1;0;0;2;-23,00587;-44,1245;SPRF-RJ;DEL03-RJ;UOP03-DEL03-RJ;;;
673641;14/04/2025;segunda-feira;11:10:00;SC;280;193,1;MAFRA;Transitar na contram�o;Colis�o frontal;Com V�timas Fatais;Pleno dia;Crescente;C�u Claro;Simples;"Aclive;Reta";N�o;4;1;0;0;2;2;0;5;-26,1772775;-50,0076781;SPRF-SC;DEL06-SC;UOP01-DEL06-SC;;;
673647;14/04/2025;segunda-feira;11:15:00;PB;101;84,3;BAYEUX;Rea��o tardia ou ineficiente do condutor;Colis�o traseira;Com V�timas Feridas;Pleno dia;Decrescente;Sol;Dupla;Reta;Sim;4;0;1;0;1;4;1;6;-7,14138081;-34,92091175;SPRF-PB;DEL01-PB;UOP01-DEL01-PB;;;
673652;14/04/2025;segunda-feira;10:40:00;RS;472;184,1;SANTO CRISTO;Manobra de mudan�a de faixa;Colis�o frontal;Com V�timas Fatais;Pleno dia;Crescente;C�u Claro;Simples;Reta;N�o;3;1;0;0;1;1;0;3;-27,83784;-54,59974;SPRF-RS;DEL10-RS;UOP01-DEL10-RS;;;
673654;14/04/2025;segunda-feira;11:45:00;MG;40;464,3;SETE LAGOAS;Rea��o tardia ou ineficiente do condutor;Sa�da de leito carro��vel;Sem V�timas;Pleno dia;Crescente;Nublado;Dupla;"Aclive;Curva";N�o;1;0;0;0;1;0;0;1;-19,432974;-44,335716;SPRF-MG;DEL02-MG;UOP01-DEL02-MG;;;
673656;01/02/2025;s�bado;16:08:00;PA;163;380;NOVO PROGRESSO;Pista Escorregadia;Colis�o lateral sentido oposto;Sem V�timas;Pleno dia;Decrescente;Chuva;Simples;Reta;N�o;2;0;0;0;2;0;0;2;-6,47115969;-55,55424752;SPRF-PA;DEL05-PA;UOP03-DEL05-PA;;;
673660;14/04/2025;segunda-feira;12:30:00;GO;60;7;SANTO ANTONIO DO DESCOBERTO;Velocidade Incompat�vel;Sa�da de leito carro��vel;Com V�timas Feridas;Pleno dia;Crescente;Chuva;Dupla;Curva;N�o;7;0;2;2;1;2;4;4;-16,102875;-48,290407;SPRF-DF;DEL03-DF;UOP01-DEL03-DF;;;
673664;14/04/2025;segunda-feira;08:20:00;PR;153;123,3;IBAITI;Demais falhas mec�nicas ou el�tricas;Inc�ndio;Sem V�timas;Pleno dia;Decrescente;C�u Claro;Simples;Reta;N�o;2;0;0;0;1;1;0;2;-23,95074793;-50,23821831;SPRF-PR;DEL07-PR;UOP04-DEL07-PR;;;
673669;14/04/2025;segunda-feira;12:00:00;RS;158;319;SANTA MARIA;Demais falhas mec�nicas ou el�tricas;Inc�ndio;Sem V�timas;Pleno dia;Decrescente;C�u Claro;Dupla;Reta;N�o;2;0;0;0;1;2;0;3;-29,67918855;-53,77749681;SPRF-RS;DEL09-RS;UOP01-DEL09-RS;;;
673670;14/04/2025;segunda-feira;12:55:00;PA;316;35;SANTA IZABEL DO PARA;Acessar a via sem observar a presen�a dos outros ve�culos;Tombamento;Com V�timas Feridas;Pleno dia;Decrescente;Nublado;Dupla;Reta;Sim;3;0;1;0;1;2;1;4;-1,290593;-48,156373;SPRF-PA;DEL01-PA;UOP01-DEL01-PA;;;
673674;14/04/2025;segunda-feira;13:05:00;SC;282;111,4;SAO BENTO DO SUL;Acessar a via sem observar a presen�a dos outros ve�culos;Colis�o transversal;Sem V�timas;Pleno dia;Crescente;Garoa/Chuvisco;Simples;"Curva;Interse��o de Vias;Declive";N�o;4;0;0;0;3;1;0;3;-26,308727;-49,388108;SPRF-SC;DEL01-SC;UOP03-DEL01-SC;;;
673677;12/04/2025;s�bado;19:00:00;BA;101;483;ILHEUS;Trafegar com motocicleta (ou similar) entre as faixas;Sa�da de leito carro��vel;Com V�timas Feridas;Plena Noite;Decrescente;C�u Claro;Simples;Reta;N�o;2;0;1;0;0;1;1;2;-14,634037;-39,335216;SPRF-BA;DEL05-BA;UOP01-DEL05-BA;;;
673679;14/04/2025;segunda-feira;15:20:00;RJ;116;174;RIO DE JANEIRO;Trafegar com motocicleta (ou similar) entre as faixas;Colis�o lateral mesmo sentido;Com V�timas Feridas;Pleno dia;Crescente;C�u Claro;M�ltipla;Reta;Sim;2;0;0;1;0;1;1;2;-22,8044568;-43,3451809;SPRF-RJ;DEL06-RJ;UOP01-DEL06-RJ;;;
673680;14/04/2025;segunda-feira;15:00:00;MG;381;352;JOAO MONLEVADE;Pista Escorregadia;Colis�o frontal;Com V�timas Feridas;Pleno dia;Crescente;Garoa/Chuvisco;Simples;Curva;N�o;3;0;1;0;1;1;1;3;-19,86;-43,122;SPRF-MG;DEL03-MG;UOP01-DEL03-MG;;;
673681;14/04/2025;segunda-feira;14:20:00;SC;470;62;BLUMENAU;Acessar a via sem observar a presen�a dos outros ve�culos;Colis�o transversal;Com V�timas Feridas;Pleno dia;Decrescente;Nublado;Simples;Reta;Sim;2;0;0;1;1;0;1;2;-26,88179432;-49,16375935;SPRF-SC;DEL04-SC;UOP01-DEL04-SC;;;
673685;14/04/2025;segunda-feira;14:55:00;PE;104;119,4;PANELAS;Velocidade Incompat�vel;Colis�o com objeto;Com V�timas Fatais;Pleno dia;Crescente;C�u Claro;Simples;Curva;N�o;1;1;0;0;0;0;0;1;-8,69819;-36,02188;SPRF-PE;DEL02-PE;NPF/DEL02-PE;;;
673687;14/04/2025;segunda-feira;11:55:00;PA;155;329;MARABA;Rea��o tardia ou ineficiente do condutor;Colis�o transversal;Com V�timas Feridas;Pleno dia;Decrescente;C�u Claro;Simples;Reta;Sim;3;0;1;1;0;1;2;3;-5,374508;-49,077132;SPRF-PA;DEL03-PA;UOP01-DEL03-PA;;;
673688;14/04/2025;segunda-feira;13:50:00;MS;262;130,5;AGUA CLARA;Acostamento em desn�vel;Tombamento;Com V�timas Feridas;Pleno dia;Crescente;Sol;Simples;Reta;N�o;2;0;1;0;0;1;1;2;-20,487714;-52,773415;SPRF-MS;DEL07-MS;UOP02-DEL07-MS;;;
673689;14/04/2025;segunda-feira;16:10:00;RJ;116;309;RESENDE;Acessar a via sem observar a presen�a dos outros ve�culos;Colis�o lateral mesmo sentido;Sem V�timas;Pleno dia;Decrescente;Sol;Dupla;Reta;N�o;4;0;0;0;2;3;0;5;-22,45814984;-44,4223423;SPRF-RJ;DEL07-RJ;UOP02-DEL07-RJ;;;
673695;14/04/2025;segunda-feira;16:10:00;MG;381;751;TRES CORACOES;Aus�ncia de rea��o do condutor;Queda de ocupante de ve�culo;Com V�timas Feridas;Pleno dia;Decrescente;C�u Claro;Dupla;Reta;N�o;3;0;0;1;1;1;1;3;-21,645131;-45,294265;SPRF-MG;DEL16-MG;UOP02-DEL16-MG;;;
673696;14/04/2025;segunda-feira;16:10:00;MG;50;175,6;UBERABA;Condutor deixou de manter dist�ncia do ve�culo da frente;Colis�o lateral mesmo sentido;Sem V�timas;Pleno dia;Decrescente;C�u Claro;Dupla;Reta;Sim;2;0;0;0;2;0;0;2;-19,7792384;-47,9649126;SPRF-MG;DEL13-MG;UOP01-DEL13-MG;;;
673700;21/02/2025;sexta-feira;08:10:00;MG;381;2;BETIM;Aus�ncia de rea��o do condutor;Sa�da de leito carro��vel;Com V�timas Feridas;Pleno dia;Crescente;C�u Claro;Dupla;Reta;Sim;2;0;1;0;1;0;1;2;-19,98967868;-44,1898831;SPRF-MG;DEL01-MG;UOP03-DEL01-MG;;;
673702;14/04/2025;segunda-feira;16:10:00;RS;392;352;SANTA MARIA;Pedestre - Ingest�o de �lcool/ subst�ncias psicoativas;Queda de ocupante de ve�culo;Com V�timas Feridas;Pleno dia;Crescente;C�u Claro;M�ltipla;"Interse��o de Vias;Reta";Sim;4;0;0;1;0;3;1;3;-29,721437;-53,807078;SPRF-RS;DEL09-RS;UOP01-DEL09-RS;;;
673704;14/04/2025;segunda-feira;15:17:00;MS;267;28;BATAGUASSU;Aus�ncia de rea��o do condutor;Colis�o traseira;Sem V�timas;Pleno dia;Decrescente;C�u Claro;Dupla;Reta;Sim;2;0;0;0;2;0;0;2;-21,721071;-52,414692;SPRF-MS;DEL02-MS;UOP04-DEL02-MS;;;
673706;14/04/2025;segunda-feira;16:45:00;BA;116;19,1;VITORIA DA CONQUISTA;Acessar a via sem observar a presen�a dos outros ve�culos;Colis�o transversal;Com V�timas Feridas;Pleno dia;Crescente;Nublado;Simples;"Interse��o de Vias;Reta";N�o;4;0;2;0;1;2;2;4;-14,89645856;-40,82718379;SPRF-BA;DEL08-BA;UOP01-DEL08-BA;;;
673707;14/04/2025;segunda-feira;15:50:00;SP;153;285,6;OCAUCU;Mal s�bito do condutor;Colis�o frontal;Com V�timas Fatais;Pleno dia;Crescente;C�u Claro;Simples;Aclive;N�o;3;2;0;1;0;0;1;2;-22,460586;-49,87696;SPRF-SP;DEL07-SP;UOP02-DEL07-SP;;;
673710;14/04/2025;segunda-feira;17:40:00;SP;116;203;ARUJA;Rea��o tardia ou ineficiente do condutor;Colis�o lateral mesmo sentido;Com V�timas Feridas;Plena Noite;Decrescente;Nublado;M�ltipla;"Aclive;Reta";N�o;2;0;1;0;0;1;1;2;-23,41325663;-46,35635233;SPRF-SP;DEL01-SP;UOP01-DEL01-SP;;;
673712;14/04/2025;segunda-feira;16:45:00;PR;116;12;COLOMBO;Condutor deixou de manter dist�ncia do ve�culo da frente;Colis�o traseira;Com V�timas Feridas;Anoitecer;Decrescente;Nublado;Simples;"Declive;Interse��o de Vias;Viaduto";Sim;2;0;1;0;1;0;1;2;-25,376;-49,151;SPRF-PR;DEL01-PR;UOP02-DEL01-PR;;;
673714;14/04/2025;segunda-feira;17:40:00;ES;262;101,7;VENDA NOVA DO IMIGRANTE;Demais falhas mec�nicas ou el�tricas;Tombamento;Com V�timas Feridas;Anoitecer;Crescente;Nublado;Simples;Curva;N�o;1;0;1;0;0;0;1;1;-20,342482;-41,1137447;SPRF-ES;DEL01-ES;UOP02-DEL01-ES;;;
673716;14/04/2025;segunda-feira;18:20:00;MG;40;444;PARAOPEBA;Carga excessiva e/ou mal acondicionada;Tombamento;Com V�timas Feridas;Anoitecer;Crescente;C�u Claro;Dupla;Curva;N�o;2;0;1;0;0;1;1;2;-19,288902;-44,408432;SPRF-MG;DEL02-MG;UOP01-DEL02-MG;;;
673720;14/04/2025;segunda-feira;18:30:00;PI;230;166,6;SAO JOAO DA VARJOTA;Rea��o tardia ou ineficiente do condutor;Colis�o traseira;Com V�timas Feridas;Plena Noite;Crescente;C�u Claro;Simples;Reta;N�o;3;0;0;1;1;1;1;3;-6,929953;-41,873882;SPRF-PI;DEL04-PI;UOP01-DEL04-PI;;;
673722;14/04/2025;segunda-feira;18:10:00;PR;116;9,9;COLOMBO;Manobra de mudan�a de faixa;Colis�o lateral mesmo sentido;Com V�timas Feridas;Anoitecer;Decrescente;Nublado;Dupla;Reta;Sim;4;0;1;0;2;1;1;3;-25,371012;-49,1266;SPRF-PR;DEL01-PR;UOP02-DEL01-PR;;;
673723;14/04/2025;segunda-feira;18:45:00;MG;40;447,3;CAETANOPOLIS;Desrespeitar a prefer�ncia no cruzamento;Colis�o frontal;Com V�timas Feridas;Plena Noite;Crescente;Nublado;Simples;"Reta;Interse��o de Vias";Sim;3;0;0;1;1;1;1;3;-19,29665;-44,38161;SPRF-MG;DEL02-MG;UOP01-DEL02-MG;;;
673725;14/04/2025;segunda-feira;18:45:00;GO;20;4,7;FORMOSA;Chuva;Colis�o frontal;Sem V�timas;Plena Noite;Crescente;Chuva;Simples;"Declive;Em Obras";Sim;3;0;0;0;2;2;0;4;-15,5564955;-47,3094121;SPRF-DF;DEL02-DF;UOP02-DEL02-DF;;;
673731;14/04/2025;segunda-feira;19:28:00;PA;163;975;SANTAREM;Aus�ncia de rea��o do condutor;Colis�o traseira;Com V�timas Feridas;Plena Noite;Crescente;C�u Claro;Simples;Reta;N�o;3;0;1;0;1;2;1;4;-2,64371;-54,7876;SPRF-PA;DEL05-PA;UOP01-DEL05-PA;;;
673733;14/04/2025;segunda-feira;19:50:00;SC;101;131,5;CAMBORIU;Condutor deixou de manter dist�ncia do ve�culo da frente;Colis�o traseira;Com V�timas Feridas;Plena Noite;Decrescente;C�u Claro;Dupla;Reta;Sim;3;0;1;0;1;3;1;5;-26,99464;-48,65925;SPRF-SC;DEL04-SC;UOP03-DEL04-SC;;;
673737;14/04/2025;segunda-feira;15:10:00;PA;10;303;IRITUIA;Carga excessiva e/ou mal acondicionada;Tombamento;Com V�timas Feridas;Pleno dia;Decrescente;Nublado;Simples;Reta;Sim;2;0;1;0;0;2;1;3;-1,780013;-47,513492;SPRF-PA;DEL02-PA;UOP01-DEL02-PA;;;
673740;14/04/2025;segunda-feira;19:30:00;SC;470;9;ILHOTA;Demais falhas mec�nicas ou el�tricas;Inc�ndio;Sem V�timas;Plena Noite;Decrescente;Nublado;Dupla;Reta;N�o;1;0;0;0;1;0;0;1;-26,86373461;-48,81482363;SPRF-SC;DEL04-SC;UOP04-DEL04-SC;;;
673744;14/04/2025;segunda-feira;19:40:00;MG;251;472,4;FRANCISCO SA;Demais falhas mec�nicas ou el�tricas;Colis�o com objeto;Com V�timas Fatais;Plena Noite;Crescente;C�u Claro;Simples;"Curva;Declive";N�o;1;1;0;0;0;0;0;1;-16,4727758;-43,4733577;SPRF-MG;DEL12-MG;UOP01-DEL12-MG;;;
673745;14/04/2025;segunda-feira;18:40:00;SC;116;181,4;SAO CRISTOVAO DO SUL;Transitar na contram�o;Colis�o frontal;Com V�timas Fatais;Plena Noite;Decrescente;Nublado;Simples;Curva;N�o;3;1;0;0;1;1;0;3;-27,276957;-50,436276;SPRF-SC;DEL05-SC;UOP03-DEL05-SC;;;
673751;07/04/2025;segunda-feira;20:50:00;MG;381;769,3;CAMPANHA;Aus�ncia de rea��o do condutor;Colis�o traseira;Com V�timas Feridas;Plena Noite;Decrescente;Nublado;Dupla;Curva;N�o;3;0;2;0;1;0;2;2;-21,75723;-45,405709;SPRF-MG;DEL16-MG;UOP02-DEL16-MG;;;
673752;14/04/2025;segunda-feira;21:30:00;BA;116;735;BOA NOVA;Velocidade Incompat�vel;Tombamento;Com V�timas Feridas;Plena Noite;Decrescente;C�u Claro;Simples;"Declive;Interse��o de Vias";Sim;2;0;0;1;0;1;1;2;-14,351097;-40,334098;SPRF-BA;DEL08-BA;UOP02-DEL08-BA;;;
673754;14/04/2025;segunda-feira;19:20:00;SC;280;261,3;CANOINHAS;Ultrapassagem Indevida;Colis�o frontal;Com V�timas Fatais;Anoitecer;Crescente;C�u Claro;Simples;"Curva;Aclive";N�o;3;1;1;1;0;0;2;2;-26,2618124;-50,6417544;SPRF-SC;DEL06-SC;UOP04-DEL06-SC;;;
673757;14/04/2025;segunda-feira;10:15:00;RJ;116;54,4;TERESOPOLIS;Aus�ncia de rea��o do condutor;Tombamento;Com V�timas Feridas;Pleno dia;Decrescente;C�u Claro;Simples;Reta;N�o;2;0;2;0;0;0;2;1;-22,20628;-42,878678;SPRF-RJ;DEL04-RJ;UOP01-DEL04-RJ;;;
673759;15/04/2025;ter�a-feira;00:00:00;DF;20;35;BRASILIA;Condutor Dormindo;Sa�da de leito carro��vel;Com V�timas Feridas;Plena Noite;Crescente;C�u Claro;Dupla;Reta;N�o;1;0;1;0;0;0;1;1;-15,58206779;-47,55537271;SPRF-DF;DEL02-DF;UOP01-DEL02-DF;;;
673760;14/04/2025;segunda-feira;21:40:00;BA;101;410;IBIRAPITANGA;Transitar na contram�o;Colis�o lateral sentido oposto;Sem V�timas;Plena Noite;Crescente;C�u Claro;Simples;Reta;N�o;3;0;0;0;2;2;0;4;-14,080985;-39,381988;SPRF-BA;DEL05-BA;UOP03-DEL05-BA;;;
673761;15/04/2025;ter�a-feira;00:00:00;SP;116;462;PARIQUERA-ACU;Aus�ncia de rea��o do condutor;Colis�o traseira;Com V�timas Feridas;Plena Noite;Decrescente;Nublado;Dupla;Reta;N�o;2;0;1;0;1;0;1;2;-24,63458598;-47,90784314;SPRF-SP;DEL05-SP;UOP01-DEL05-SP;;;
673762;14/04/2025;segunda-feira;21:30:00;ES;101;372,5;ICONHA;Ultrapassagem Indevida;Colis�o frontal;Sem V�timas;Plena Noite;Crescente;Nublado;Simples;Reta;N�o;3;0;0;0;2;2;0;4;-20,77239177;-40,77697785;SPRF-ES;DEL03-ES;UOP01-DEL03-ES;;;
673764;15/04/2025;ter�a-feira;00:24:00;PB;101;88;JOAO PESSOA;Mal s�bito do condutor;Colis�o traseira;Com V�timas Feridas;Plena Noite;Decrescente;C�u Claro;Dupla;Reta;Sim;3;0;1;0;1;2;1;4;-7,168;-34,897;SPRF-PB;DEL01-PB;UOP01-DEL01-PB;;;
673765;15/04/2025;ter�a-feira;04:15:00;MG;251;472,2;FRANCISCO SA;Demais falhas mec�nicas ou el�tricas;Sa�da de leito carro��vel;Com V�timas Feridas;Plena Noite;Crescente;Garoa/Chuvisco;Simples;Curva;N�o;2;0;0;1;0;2;1;3;-16,471;-43,426;SPRF-MG;DEL12-MG;UOP01-DEL12-MG;;;
673766;15/04/2025;ter�a-feira;04:05:00;MS;163;120,5;NAVIRAI;Acessar a via sem observar a presen�a dos outros ve�culos;Colis�o transversal;Com V�timas Feridas;Plena Noite;Crescente;C�u Claro;Simples;Curva;N�o;4;0;0;2;1;2;2;4;-23,1127191;-54,2199295;SPRF-MS;DEL09-MS;UOP01-DEL09-MS;;;
673775;15/04/2025;ter�a-feira;07:05:00;SC;470;168;RIO DO SUL;Aus�ncia de rea��o do condutor;Sa�da de leito carro��vel;Com V�timas Feridas;Pleno dia;Crescente;Nublado;Simples;"Aclive;Reta";N�o;2;0;1;0;0;2;1;3;-27,1722281;-49,5810873;SPRF-SC;DEL04-SC;UOP02-DEL04-SC;;;
673780;15/04/2025;ter�a-feira;00:15:00;RO;364;411;JARU;Condutor deixou de manter dist�ncia do ve�culo da frente;Colis�o frontal;Sem V�timas;Plena Noite;Decrescente;Nublado;Simples;"Reta;Aclive";N�o;3;0;0;0;3;0;0;2;-10,52378235;-62,39374903;SPRF-RO;DEL03-RO;UOP02-DEL03-RO;;;
673781;15/04/2025;ter�a-feira;07:50:00;RS;285;459,5;IJUI;Condutor deixou de manter dist�ncia do ve�culo da frente;Colis�o lateral mesmo sentido;Sem V�timas;Pleno dia;Decrescente;C�u Claro;Simples;Reta;N�o;3;0;0;0;2;3;0;5;-28,41252135;-53,90759468;SPRF-RS;DEL10-RS;UOP01-DEL10-RS;;;
673782;05/04/2025;s�bado;09:10:00;SC;470;136;RIO DO SUL;Acumulo de areia ou detritos sobre o pavimento;Colis�o com objeto;Sem V�timas;Pleno dia;Crescente;C�u Claro;Simples;Reta;N�o;2;0;0;0;1;1;0;2;-27,18533032;-49,60531533;SPRF-SC;DEL04-SC;UOP02-DEL04-SC;;;
673794;15/04/2025;ter�a-feira;05:56:00;PE;101;85;JABOATAO DOS GUARARAPES;Aus�ncia de rea��o do condutor;Colis�o frontal;Com V�timas Feridas;Pleno dia;Decrescente;Sol;Dupla;Reta;N�o;3;0;1;1;0;1;2;3;-8,18374;-34,96458;SPRF-PE;DEL01-PE;UOP01-DEL01-PE;;;
673795;15/04/2025;ter�a-feira;07:36:00;PE;232;248,8;ARCOVERDE;Pedestre andava na pista;Atropelamento de Pedestre;Com V�timas Feridas;Pleno dia;Crescente;Sol;Simples;"Aclive;Reta";N�o;3;0;0;1;1;2;1;4;-8,42334;-37,043392;SPRF-PE;DEL04-PE;UOP02-DEL04-PE;;;
673796;15/04/2025;ter�a-feira;04:30:00;SC;280;115,4;SAO BENTO DO SUL;Velocidade Incompat�vel;Tombamento;Com V�timas Feridas;Plena Noite;Crescente;C�u Claro;Simples;Curva;Sim;2;0;1;0;0;1;1;2;-26,282513;-49,411706;SPRF-SC;DEL06-SC;UOP03-DEL06-SC;;;
673798;15/04/2025;ter�a-feira;09:00:00;BA;116;490;RAFAEL JAMBEIRO;Aus�ncia de rea��o do condutor;Colis�o traseira;Com V�timas Feridas;Pleno dia;Decrescente;C�u Claro;Dupla;"Aclive;Reta";N�o;6;0;3;0;2;4;3;6;-12,566564;-39,485119;SPRF-BA;DEL02-BA;UOP01-DEL02-BA;;;
673800;15/04/2025;ter�a-feira;09:20:00;RS;116;523,6;PELOTAS;Manobra de mudan�a de faixa;Colis�o lateral mesmo sentido;Sem V�timas;Pleno dia;Decrescente;Nublado;M�ltipla;Reta;Sim;2;0;0;0;2;0;0;2;-31,726645;-52,385613;SPRF-RS;DEL07-RS;UOP01-DEL07-RS;;;
673803;15/04/2025;ter�a-feira;07:50:00;MS;163;599,3;BANDEIRANTES;Manobra de mudan�a de faixa;Sa�da de leito carro��vel;Com V�timas Feridas;Pleno dia;Crescente;C�u Claro;Dupla;Reta;N�o;4;0;1;0;2;3;1;5;-19,502947;-54,476269;SPRF-MS;DEL06-MS;UOP02-DEL06-MS;;;
673804;15/04/2025;ter�a-feira;07:10:00;MS;267;516,7;JARDIM;Acessar a via sem observar a presen�a dos outros ve�culos;Colis�o transversal;Com V�timas Feridas;Pleno dia;Crescente;C�u Claro;Simples;Interse��o de Vias;N�o;4;0;1;1;2;0;2;2;-21,49641929;-56,45423412;SPRF-MS;DEL05-MS;UOP01-DEL05-MS;;;
673805;15/04/2025;ter�a-feira;09:10:00;SP;116;155,8;SAO JOSE DOS CAMPOS;Rea��o tardia ou ineficiente do condutor;Colis�o lateral mesmo sentido;Com V�timas Feridas;Pleno dia;Decrescente;C�u Claro;Dupla;Reta;Sim;3;0;1;0;1;1;1;3;-23,24754733;-45,93115568;SPRF-SP;DEL02-SP;UOP01-DEL02-SP;;;
673810;15/04/2025;ter�a-feira;10:25:00;MG;153;196,7;FRUTAL;Acessar a via sem observar a presen�a dos outros ve�culos;Colis�o transversal;Com V�timas Feridas;Pleno dia;Crescente;C�u Claro;Simples;Interse��o de Vias;N�o;4;0;0;2;1;1;2;3;-19,942862;-48,961479;SPRF-MG;DEL13-MG;UOP02-DEL13-MG;;;
673815;14/04/2025;segunda-feira;20:25:00;RN;405;16;MOSSORO;Frear bruscamente;Colis�o traseira;Sem V�timas;Plena Noite;Decrescente;C�u Claro;Simples;Reta;N�o;2;0;0;0;2;0;0;2;-5,21337;-37,492197;SPRF-RN;DEL04-RN;UOP02-DEL04-RN;;;
673821;15/04/2025;ter�a-feira;10:05:00;PB;230;26,3;JOAO PESSOA;Suic�dio (presumido);Atropelamento de Pedestre;Com V�timas Fatais;Pleno dia;Crescente;Sol;M�ltipla;Reta;Sim;4;1;0;1;1;1;1;4;-7,168932;-34,88138;SPRF-PB;DEL01-PB;UOP01-DEL01-PB;;;
673827;15/04/2025;ter�a-feira;08:36:00;RJ;116;231;PIRAI;Problema com o freio;Colis�o lateral mesmo sentido;Com V�timas Feridas;Pleno dia;Decrescente;Sol;Dupla;"Curva;Declive";N�o;4;0;1;0;2;1;1;4;-22,67298251;-43,82951215;SPRF-RJ;DEL07-RJ;UOP01-DEL07-RJ;;;
673829;15/04/2025;ter�a-feira;10:58:00;GO;153;503,7;GOIANIA;Rea��o tardia ou ineficiente do condutor;Colis�o traseira;Sem V�timas;Pleno dia;Decrescente;Nublado;M�ltipla;"Aclive;Reta";Sim;3;0;0;0;2;1;0;3;-16,7328;-49,2435;SPRF-GO;DEL01-GO;UOP01-DEL01-GO;;;
673833;15/04/2025;ter�a-feira;10:30:00;SP;381;53;MAIRIPORA;Aus�ncia de rea��o do condutor;Colis�o traseira;Com V�timas Feridas;Pleno dia;Decrescente;C�u Claro;Dupla;Reta;Sim;4;0;3;0;1;0;3;2;-23,24618146;-46,5944767;SPRF-SP;DEL03-SP;UOP01-DEL03-SP;;;
673834;15/04/2025;ter�a-feira;09:30:00;SC;470;174;POUSO REDONDO;Transtornos Mentais (exceto suicidio);Atropelamento de Pedestre;Com V�timas Feridas;Pleno dia;Crescente;Nublado;Simples;Reta;Sim;2;0;1;0;1;0;1;2;-27,257071;-49,934217;SPRF-SC;DEL04-SC;UOP02-DEL04-SC;;;
673844;15/04/2025;ter�a-feira;14:00:00;SC;470;141;RIO DO SUL;Condutor deixou de manter dist�ncia do ve�culo da frente;Engavetamento;Com V�timas Feridas;Pleno dia;Crescente;C�u Claro;Simples;"Reta;Declive";Sim;4;0;1;0;2;1;1;4;-27,2070171;-49,6483473;SPRF-SC;DEL04-SC;UOP02-DEL04-SC;;;