id;data_inversa;dia_semana;horario;uf;br;km;municipio;causa_acidente;tipo_acidente;classificacao_acidente;fase_dia;sentido_via;condicao_metereologica;tipo_pista;tracado_via;uso_solo;pessoas;mortos;feridos_leves;feridos_graves;ilesos;ignorados;feridos;veiculos;latitude;longitude;regional;delegacia;uop;;;
686721;22/04/2025;ter�a-feira;15:30:00;MG;40;455,3;CAETANOPOLIS;Acumulo de �gua sobre o pavimento;Sa�da de leito carro��vel;Com V�timas Feridas;Pleno dia;Decrescente;Chuva;Dupla;"Declive;Reta";N�o;3;0;0;1;1;1;1;3;-19,358701;-44,345252;SPRF-MG;DEL02-MG;UOP01-DEL02-MG;;;
686722;22/04/2025;ter�a-feira;15:50:00;MG;40;474,7;SETE LAGOAS;Rea��o tardia ou ineficiente do condutor;Colis�o traseira;Com V�timas Feridas;Pleno dia;Crescente;Nublado;Dupla;"Curva;Aclive";N�o;3;0;1;1;1;0;2;2;-19,502159;-44,275738;SPRF-MG;DEL02-MG;UOP01-DEL02-MG;;;
686729;22/04/2025;ter�a-feira;14:05:00;SC;470;72;INDAIAL;Condutor deixou de manter dist�ncia do ve�culo da frente;Colis�o traseira;Com V�timas Feridas;Pleno dia;Decrescente;C�u Claro;Simples;"Reta;Aclive";Sim;2;0;1;0;1;0;1;2;-26,9049491;-49,2710583;SPRF-SC;DEL04-SC;UOP01-DEL04-SC;;;
686731;22/04/2025;ter�a-feira;15:58:00;PB;230;10;CABEDELO;Acesso irregular;Tombamento;Com V�timas Feridas;Pleno dia;Crescente;C�u Claro;Dupla;"Reta;Em Obras";Sim;4;0;2;0;1;1;2;3;-7,05369;-34,850459;SPRF-PB;DEL01-PB;UOP01-DEL01-PB;;;
686733;22/04/2025;ter�a-feira;16:30:00;RS;448;12;CANOAS;Rea��o tardia ou ineficiente do condutor;Colis�o traseira;Com V�timas Feridas;Pleno dia;Decrescente;C�u Claro;M�ltipla;Reta;N�o;2;0;1;0;1;0;1;2;-29,90980281;-51,24008981;SPRF-RS;DEL01-RS;UOP01-DEL01-RS;;;
686734;22/04/2025;ter�a-feira;13:40:00;MG;40;696,5;BARBACENA;Manobra de mudan�a de faixa;Colis�o lateral mesmo sentido;Com V�timas Feridas;Pleno dia;Decrescente;Nublado;Simples;Reta;N�o;4;0;1;0;2;1;1;3;-21,176206;-43,756165;SPRF-MG;DEL05-MG;UOP02-DEL05-MG;;;
686735;22/04/2025;ter�a-feira;11:00:00;RS;153;381,2;NOVO CABRAIS;Ultrapassagem Indevida;Colis�o lateral sentido oposto;Com V�timas Feridas;Pleno dia;Decrescente;Sol;Simples;Reta;N�o;5;0;1;0;3;3;1;6;-29,807206;-52,971264;SPRF-RS;DEL02-RS;UOP03-DEL02-RS;;;
686736;22/04/2025;ter�a-feira;16:00:00;SP;116;428;REGISTRO;Demais falhas mec�nicas ou el�tricas;Inc�ndio;Sem V�timas;Pleno dia;Crescente;C�u Claro;Simples;Reta;N�o;2;0;0;0;1;1;0;2;-24,39619502;-47,72769928;SPRF-SP;DEL05-SP;UOP01-DEL05-SP;;;
686743;22/04/2025;ter�a-feira;15:30:00;SE;101;181;UMBAUBA;Mal s�bito do condutor;Colis�o frontal;Com V�timas Feridas;Pleno dia;Decrescente;C�u Claro;Simples;Reta;Sim;2;0;1;0;1;0;1;2;-11,36803107;-37,64660446;SPRF-SE;DEL02-SE;UOP03-DEL02-SE;;;
686744;22/04/2025;ter�a-feira;13:55:00;RO;319;60;PORTO VELHO;Aus�ncia de rea��o do condutor;Colis�o traseira;Sem V�timas;Pleno dia;Decrescente;C�u Claro;M�ltipla;Reta;Sim;3;0;0;0;2;3;0;5;-8,74070095;-63,88980802;SPRF-RO;DEL01-RO;UOP01-DEL01-RO;;;
686749;22/04/2025;ter�a-feira;16:00:00;CE;116;3,9;FORTALEZA;Condutor deixou de manter dist�ncia do ve�culo da frente;Colis�o traseira;Com V�timas Fatais;Pleno dia;Crescente;Nublado;Dupla;Reta;Sim;4;1;0;0;2;1;0;4;-3,784884;-38,512429;SPRF-CE;DEL01-CE;UOP02-DEL01-CE;;;
686751;22/04/2025;ter�a-feira;16:19:00;SC;280;57;GUARAMIRIM;Transitar na contram�o;Colis�o frontal;Com V�timas Feridas;Pleno dia;Crescente;C�u Claro;Simples;Reta;N�o;4;0;0;1;2;1;1;4;-26,476544;-48,9947136;SPRF-SC;DEL03-SC;UOP03-DEL03-SC;;;
686754;21/02/2025;sexta-feira;16:45:00;PR;376;172,6;MARINGA;Rea��o tardia ou ineficiente do condutor;Colis�o transversal;Com V�timas Feridas;Pleno dia;Decrescente;Nublado;Dupla;"Em Obras;Reta";Sim;2;0;1;0;1;0;1;2;-23,41865;-51,974165;SPRF-PR;DEL09-PR;UOP01-DEL09-PR;;;
686757;22/04/2025;ter�a-feira;17:25:00;GO;60;102,1;GOIANAPOLIS;Acessar a via sem observar a presen�a dos outros ve�culos;Colis�o lateral mesmo sentido;Com V�timas Feridas;Anoitecer;Decrescente;C�u Claro;Dupla;"Reta;Aclive";Sim;5;0;0;1;1;4;1;5;-16,40811848;-48,98704503;SPRF-GO;DEL02-GO;UOP01-DEL02-GO;;;
686758;22/04/2025;ter�a-feira;17:15:00;PR;376;460,1;TIBAGI;Rea��o tardia ou ineficiente do condutor;Tombamento;Com V�timas Fatais;Pleno dia;Crescente;C�u Claro;Dupla;"Ponte;Curva;Declive";N�o;2;1;0;0;0;1;0;2;-24,9466;-50,3955;SPRF-PR;DEL03-PR;UOP01-DEL03-PR;;;
686761;22/04/2025;ter�a-feira;16:50:00;MS;163;556,1;BANDEIRANTES;Condutor Dormindo;Sa�da de leito carro��vel;Com V�timas Feridas;Pleno dia;Decrescente;C�u Claro;Simples;"Reta;Declive";N�o;2;0;1;0;0;2;1;3;-19,8509723;-54,3694935;SPRF-MS;DEL01-MS;UOP02-DEL01-MS;;;
686762;22/04/2025;ter�a-feira;14:40:00;PI;343;56;BURITI DOS LOPES;Carga excessiva e/ou mal acondicionada;Tombamento;Sem V�timas;Pleno dia;Decrescente;C�u Claro;Simples;Reta;N�o;1;0;0;0;1;0;0;1;-3,22853702;-41,81524515;SPRF-PI;DEL05-PI;UOP01-DEL05-PI;;;
686765;22/04/2025;ter�a-feira;16:00:00;PR;280;261,8;MARMELEIRO;Suic�dio (presumido);Colis�o frontal;Com V�timas Fatais;Pleno dia;Decrescente;C�u Claro;Simples;Reta;N�o;3;1;0;0;1;1;0;3;-26,185339;-53,07656;SPRF-PR;DEL02-PR;UOP01-DEL02-PR;;;
686769;22/04/2025;ter�a-feira;16:55:00;GO;452;47,7;RIO VERDE;Demais falhas mec�nicas ou el�tricas;Inc�ndio;Sem V�timas;Pleno dia;Crescente;C�u Claro;Simples;Interse��o de Vias;N�o;2;0;0;0;1;1;0;2;-17,959512;-50,49632;SPRF-GO;DEL04-GO;UOP01-DEL04-GO;;;
686770;22/04/2025;ter�a-feira;19:05:00;PR;163;95,8;CAPANEMA;Velocidade Incompat�vel;Tombamento;Com V�timas Fatais;Anoitecer;Crescente;C�u Claro;Simples;Curva;N�o;3;1;0;0;0;2;0;3;-25,620803;-53,801153;SPRF-PR;DEL02-PR;UOP02-DEL02-PR;;;
686775;10/04/2025;quinta-feira;19:45:00;BA;324;532,7;CONCEICAO DO JACUIPE;Aus�ncia de rea��o do condutor;Colis�o traseira;Com V�timas Feridas;Plena Noite;Crescente;C�u Claro;Dupla;"Reta;Declive";N�o;8;0;2;0;5;2;2;7;-12,35313;-38,832005;SPRF-BA;DEL01-BA;UOP03-DEL01-BA;;;
686782;22/04/2025;ter�a-feira;18:35:00;PR;376;450;TIBAGI;Rea��o tardia ou ineficiente do condutor;Tombamento;Sem V�timas;Anoitecer;Crescente;C�u Claro;Dupla;"Curva;Declive";N�o;2;0;0;0;1;2;0;3;-24,87715125;-50,44228792;SPRF-PR;DEL03-PR;UOP02-DEL03-PR;;;
686783;22/04/2025;ter�a-feira;21:50:00;RS;392;30,9;RIO GRANDE;Condutor Dormindo;Colis�o traseira;Com V�timas Feridas;Plena Noite;Decrescente;C�u Claro;Dupla;"Reta;Retorno Regulamentado";N�o;3;0;1;0;1;1;1;3;-32,0409403;-52,28236914;SPRF-RS;DEL07-RS;UOP02-DEL07-RS;;;
686788;22/04/2025;ter�a-feira;21:00:00;PB;101;85;JOAO PESSOA;Manobra de mudan�a de faixa;Colis�o lateral mesmo sentido;Sem V�timas;Plena Noite;Crescente;C�u Claro;Dupla;"Reta;Aclive";Sim;3;0;0;0;2;1;0;3;-7,15536182;-34,90758687;SPRF-PB;DEL01-PB;UOP01-DEL01-PB;;;
686794;22/04/2025;ter�a-feira;19:55:00;PR;277;165;PORTO AMAZONAS;Transitar na contram�o;Colis�o frontal;Com V�timas Fatais;Plena Noite;Crescente;C�u Claro;Simples;"Reta;Declive";N�o;2;1;0;0;1;0;0;2;-25,47022872;-49,90127413;SPRF-PR;DEL03-PR;UOP03-DEL03-PR;;;
686800;22/04/2025;ter�a-feira;23:30:00;SC;116;159,1;SANTA CECILIA;Velocidade Incompat�vel;Sa�da de leito carro��vel;Com V�timas Feridas;Plena Noite;Crescente;C�u Claro;Simples;Curva;N�o;1;0;0;1;0;0;1;1;-27,0977101;-50,453796;SPRF-SC;DEL06-SC;UOP02-DEL06-SC;;;
686805;23/04/2025;quarta-feira;01:45:00;RS;386;231,6;SOLEDADE;Condutor Dormindo;Colis�o traseira;Com V�timas Fatais;Plena Noite;Decrescente;C�u Claro;Simples;"Em Obras;Curva";N�o;3;1;0;0;1;2;0;4;-28,688129;-52,586761;SPRF-RS;DEL04-RS;UOP03-DEL04-RS;;;
686806;23/04/2025;quarta-feira;01:50:00;MG;381;777;CAMPANHA;Rea��o tardia ou ineficiente do condutor;Colis�o lateral mesmo sentido;Com V�timas Feridas;Plena Noite;Decrescente;C�u Claro;Dupla;Reta;N�o;3;0;1;0;1;1;1;3;-21,798156;-45,459122;SPRF-MG;DEL16-MG;UOP02-DEL16-MG;;;
686809;22/04/2025;ter�a-feira;09:00:00;SC;470;80;RODEIO;Velocidade Incompat�vel;Colis�o lateral sentido oposto;Sem V�timas;Pleno dia;Decrescente;C�u Claro;Simples;"Ponte;Curva";N�o;3;0;0;0;3;0;0;3;-26,94869874;-49,32106018;SPRF-SC;DEL04-SC;UOP01-DEL04-SC;;;
686810;23/04/2025;quarta-feira;04:50:00;PR;376;649;TIJUCAS DO SUL;Ingest�o de �lcool pelo condutor;Colis�o traseira;Sem V�timas;Plena Noite;Decrescente;C�u Claro;Dupla;Reta;N�o;4;0;0;0;2;2;0;4;-25,84621727;-49,08367094;SPRF-PR;DEL01-PR;UOP04-DEL01-PR;;;
686815;23/04/2025;quarta-feira;05:44:00;MG;381;319;NOVA ERA;Condutor Dormindo;Colis�o lateral sentido oposto;Com V�timas Feridas;Pleno dia;Crescente;Chuva;Simples;Reta;N�o;3;0;0;2;1;0;2;2;-19,68473798;-42,9871738;SPRF-MG;DEL03-MG;UOP02-DEL03-MG;;;
686829;23/04/2025;quarta-feira;06:50:00;BA;101;45;ESPLANADA;Transitar na contram�o;Colis�o frontal;Com V�timas Feridas;Pleno dia;Crescente;C�u Claro;Simples;Curva;N�o;3;0;0;1;1;1;1;3;-11,84755761;-37,99275108;SPRF-SE;DEL02-SE;UOP03-DEL02-SE;;;
686830;23/04/2025;quarta-feira;06:30:00;BA;242;894;BARREIRAS;Demais falhas mec�nicas ou el�tricas;Tombamento;Sem V�timas;Amanhecer;Decrescente;C�u Claro;Simples;Reta;N�o;2;0;0;0;1;2;0;3;-12,07;-45,635;SPRF-BA;DEL10-BA;UOP01-DEL10-BA;;;
686836;23/04/2025;quarta-feira;08:30:00;CE;222;4,5;CAUCAIA;Demais falhas mec�nicas ou el�tricas;Colis�o traseira;Sem V�timas;Pleno dia;Decrescente;Nublado;Dupla;"Retorno Regulamentado;Reta";Sim;4;0;0;0;4;0;0;2;-3,74299734;-38,61293829;SPRF-CE;DEL01-CE;UOP01-DEL01-CE;;;
686843;23/04/2025;quarta-feira;05:00:00;MG;116;675,1;MIRADOURO;Condutor Dormindo;Colis�o lateral sentido oposto;Com V�timas Feridas;Plena Noite;Decrescente;Nublado;Simples;Reta;N�o;5;0;2;0;3;0;2;2;-20,909359;-42,350929;SPRF-MG;DEL07-MG;UOP02-DEL07-MG;;;
686853;23/04/2025;quarta-feira;09:10:00;AL;104;35,5;UNIAO DOS PALMARES;Rea��o tardia ou ineficiente do condutor;Colis�o traseira;Com V�timas Feridas;Pleno dia;Decrescente;C�u Claro;Simples;Reta;Sim;3;0;1;0;2;0;1;3;-9,16529024;-36,02004502;SPRF-AL;DEL01-AL;UOP02-DEL01-AL;;;
686854;23/04/2025;quarta-feira;06:00:00;BA;101;443;UBAITABA;Pista Escorregadia;Colis�o traseira;Com V�timas Feridas;Pleno dia;Crescente;Chuva;Simples;Reta;Sim;6;0;3;0;2;1;3;3;-14,300538;-39,324159;SPRF-BA;DEL05-BA;UOP01-DEL05-BA;;;
686857;23/04/2025;quarta-feira;09:00:00;BA;110;3;PAULO AFONSO;Ultrapassagem Indevida;Colis�o frontal;Com V�timas Fatais;Pleno dia;Crescente;C�u Claro;Simples;Curva;N�o;3;1;0;0;1;2;0;4;-9,44663913;-38,20151925;SPRF-BA;DEL07-BA;UOP01-DEL07-BA;;;
686858;23/04/2025;quarta-feira;10:30:00;PE;101;69;RECIFE;Acessar a via sem observar a presen�a dos outros ve�culos;Colis�o transversal;Sem V�timas;Pleno dia;Crescente;C�u Claro;M�ltipla;Reta;Sim;4;0;0;0;3;1;0;3;-8,06237399;-34,94508505;SPRF-PE;DEL01-PE;UOP01-DEL01-PE;;;
686860;23/04/2025;quarta-feira;06:30:00;PA;163;1;NOVO PROGRESSO;Rea��o tardia ou ineficiente do condutor;Sa�da de leito carro��vel;Com V�timas Feridas;Pleno dia;Decrescente;C�u Claro;Simples;Reta;N�o;2;0;1;0;0;2;1;3;-9,51069324;-54,85937119;SPRF-MT;DEL06-MT;UOP03-DEL06-MT;;;
686864;23/04/2025;quarta-feira;11:55:00;PB;101;41,7;MAMANGUAPE;Acessar a via sem observar a presen�a dos outros ve�culos;Colis�o traseira;Com V�timas Feridas;Pleno dia;Crescente;C�u Claro;Dupla;Declive;Sim;2;0;1;0;1;0;1;2;-6,853736;-35,1347628;SPRF-PB;DEL01-PB;UOP03-DEL01-PB;;;
686865;23/04/2025;quarta-feira;12:15:00;PR;277;242;IRATI;Mal s�bito do condutor;Colis�o lateral sentido oposto;Com V�timas Feridas;Pleno dia;Crescente;Nublado;Simples;Reta;N�o;3;0;1;0;1;2;1;4;-25,457;-50,61;SPRF-PR;DEL08-PR;UOP02-DEL08-PR;;;
686868;23/04/2025;quarta-feira;11:55:00;MG;381;788;CAMPANHA;Avarias e/ou desgaste excessivo no pneu;Inc�ndio;Sem V�timas;Pleno dia;Crescente;Nublado;Dupla;"Reta;Aclive";N�o;2;0;0;0;1;1;0;2;-21,83409364;-45,50331116;SPRF-MG;DEL16-MG;UOP02-DEL16-MG;;;
686869;23/04/2025;quarta-feira;08:10:00;MA;222;317;VITORIA DO MEARIM;Transitar na contram�o;Colis�o frontal;Com V�timas Fatais;Pleno dia;Decrescente;C�u Claro;Simples;Reta;N�o;4;2;1;0;1;0;1;3;-3,568683;-44,943525;SPRF-MA;DEL02-MA;UOP01-DEL02-MA;;;
686871;23/04/2025;quarta-feira;07:00:00;SC;153;101,9;CONCORDIA;Ultrapassagem Indevida;Colis�o frontal;Com V�timas Fatais;Pleno dia;Crescente;C�u Claro;Simples;"Curva;Aclive";N�o;3;1;0;0;1;2;0;4;-27,26464;-51,95953;SPRF-SC;DEL07-SC;UOP04-DEL07-SC;;;
686877;23/04/2025;quarta-feira;13:50:00;RS;158;285,8;JULIO DE CASTILHOS;Aus�ncia de rea��o do condutor;Colis�o traseira;Com V�timas Feridas;Pleno dia;Decrescente;C�u Claro;Simples;"Reta;Em Obras;Aclive";N�o;3;0;1;0;1;3;1;5;-29,428703;-53,674507;SPRF-RS;DEL09-RS;UOP01-DEL09-RS;;;
686878;23/04/2025;quarta-feira;13:40:00;BA;324;608;SIMOES FILHO;Carga excessiva e/ou mal acondicionada;Tombamento;Com V�timas Feridas;Pleno dia;Crescente;C�u Claro;Dupla;"Curva;Viaduto";Sim;2;0;1;0;1;0;1;1;-12,819595;-38,4087878;SPRF-BA;DEL01-BA;UOP01-DEL01-BA;;;
686880;23/04/2025;quarta-feira;14:35:00;GO;60;100;ANAPOLIS;Demais falhas na via;Engavetamento;Com V�timas Feridas;Pleno dia;Crescente;Chuva;Dupla;Reta;Sim;4;0;1;0;3;0;1;3;-16,399428;-48,968996;SPRF-GO;DEL02-GO;UOP01-DEL02-GO;;;
686883;23/04/2025;quarta-feira;13:40:00;CE;116;361,4;ICO;Condutor Dormindo;Sa�da de leito carro��vel;Com V�timas Feridas;Pleno dia;Crescente;C�u Claro;Simples;"Reta;Ponte";Sim;2;0;1;0;0;1;1;2;-6,33537504;-38,74655415;SPRF-CE;DEL05-CE;UOP01-DEL05-CE;;;
686885;23/04/2025;quarta-feira;14:20:00;MS;262;376,3;TERENOS;Entrada inopinada do pedestre;Atropelamento de Pedestre;Com V�timas Fatais;Pleno dia;Crescente;C�u Claro;Simples;Reta;N�o;4;1;0;0;1;2;0;3;-20,48197375;-54,83149616;SPRF-MS;DEL01-MS;UOP03-DEL01-MS;;;
686887;23/04/2025;quarta-feira;14:50:00;PR;369;161,8;CAMBE;Condutor deixou de manter dist�ncia do ve�culo da frente;Colis�o traseira;Com V�timas Fatais;Pleno dia;Crescente;Sol;Dupla;"Reta;Aclive";Sim;2;1;0;0;1;0;0;2;-23,29194161;-51,26614378;SPRF-PR;DEL07-PR;UOP01-DEL07-PR;;;
686889;23/04/2025;quarta-feira;12:12:00;MT;70;521;VARZEA GRANDE;Acessar a via sem observar a presen�a dos outros ve�culos;Colis�o transversal;Com V�timas Feridas;Pleno dia;Crescente;C�u Claro;Simples;"Interse��o de Vias;Rotat�ria";Sim;2;0;0;1;1;0;1;2;-15,66761909;-56,18182214;SPRF-MT;DEL01-MT;UOP02-DEL01-MT;;;
686892;23/04/2025;quarta-feira;14:15:00;PR;476;307,9;SAO MATEUS DO SUL;Aus�ncia de sinaliza��o;Colis�o traseira;Com V�timas Feridas;Pleno dia;Crescente;C�u Claro;Simples;"Declive;Reta";N�o;3;0;1;0;2;0;1;3;-26,01564984;-50,63683301;SPRF-PR;DEL02-PR;UOP03-DEL02-PR;;;
686901;23/04/2025;quarta-feira;12:20:00;MA;135;67;SANTA RITA;Rea��o tardia ou ineficiente do condutor;Sa�da de leito carro��vel;Sem V�timas;Pleno dia;Crescente;Chuva;Dupla;Reta;N�o;2;0;0;0;1;1;0;2;-3,115493;-44,323428;SPRF-MA;DEL01-MA;UOP02-DEL01-MA;;;
686907;23/04/2025;quarta-feira;13:45:00;MG;356;272,1;MURIAE;Condutor Dormindo;Colis�o lateral sentido oposto;Com V�timas Feridas;Pleno dia;Decrescente;Nublado;Simples;"Curva;Declive";N�o;2;0;1;0;1;0;1;2;-21,135476;-42,315797;SPRF-MG;DEL07-MG;UOP02-DEL07-MG;;;
686908;23/04/2025;quarta-feira;17:07:00;CE;116;19;EUSEBIO;Acessar a via sem observar a presen�a dos outros ve�culos;Colis�o lateral mesmo sentido;Sem V�timas;Anoitecer;Decrescente;C�u Claro;Dupla;Reta;N�o;3;0;0;0;2;2;0;4;-3,92338389;-38,50746632;SPRF-CE;DEL01-CE;UOP02-DEL01-CE;;;
686910;23/04/2025;quarta-feira;17:36:00;MG;251;521,3;MONTES CLAROS;Suic�dio (presumido);Colis�o frontal;Com V�timas Fatais;Pleno dia;Crescente;C�u Claro;Simples;"Reta;Declive";N�o;6;1;1;1;1;2;2;4;-16,66563081;-43,78480911;SPRF-MG;DEL12-MG;UOP01-DEL12-MG;;;
686914;23/04/2025;quarta-feira;18:10:00;ES;101;442;MIMOSO DO SUL;Aus�ncia de rea��o do condutor;Colis�o lateral sentido oposto;Com V�timas Feridas;Plena Noite;Crescente;C�u Claro;Simples;Curva;N�o;4;0;2;1;0;2;3;5;-21,098541;-41,253782;SPRF-ES;DEL03-ES;UOP02-DEL03-ES;;;
686945;23/04/2025;quarta-feira;19:45:00;TO;153;750,8;FIGUEIROPOLIS;Rea��o tardia ou ineficiente do condutor;Colis�o transversal;Com V�timas Feridas;Plena Noite;Decrescente;Nublado;Simples;Reta;N�o;3;0;1;0;1;1;1;3;-12,23231931;-49,15781021;SPRF-TO;DEL01-TO;UOP02-DEL01-TO;;;
686950;23/04/2025;quarta-feira;16:10:00;SP;153;151;PROMISSAO;Acessar a via sem observar a presen�a dos outros ve�culos;Tombamento;Sem V�timas;Pleno dia;Decrescente;C�u Claro;Simples;Reta;N�o;3;0;0;0;3;0;0;2;-21,44394658;-49,7841543;SPRF-SP;DEL07-SP;UOP01-DEL07-SP;;;
686958;23/04/2025;quarta-feira;18:30:00;BA;349;832;SERRA DO RAMALHO;Manobra de mudan�a de faixa;Colis�o frontal;Com V�timas Fatais;Plena Noite;Decrescente;C�u Claro;Simples;Reta;N�o;4;2;0;0;1;1;0;3;-13,303;-43,7565;SPRF-BA;DEL10-BA;UOP02-DEL10-BA;;;
686965;23/04/2025;quarta-feira;20:00:00;MT;158;536;AGUA BOA;Aus�ncia de rea��o do condutor;Tombamento;Com V�timas Feridas;Plena Noite;Crescente;C�u Claro;Simples;Reta;N�o;2;0;1;0;0;2;1;3;-14,0337131;-52,18457222;SPRF-MT;DEL07-MT;UOP02-DEL07-MT;;;
686970;24/04/2025;quinta-feira;00:45:00;MG;116;704,3;MURIAE;Condutor Dormindo;Colis�o lateral sentido oposto;Sem V�timas;Plena Noite;Decrescente;C�u Claro;Simples;Curva;Sim;4;0;0;0;2;2;0;4;-21,1464769;-42,3812978;SPRF-MG;DEL07-MG;UOP02-DEL07-MG;;;
686974;24/04/2025;quinta-feira;01:30:00;CE;116;84;CASCAVEL;Transitar na contram�o;Colis�o frontal;Com V�timas Feridas;Plena Noite;Crescente;C�u Claro;Simples;Reta;N�o;3;0;0;1;1;2;1;4;-4,459287;-38,372012;SPRF-CE;DEL01-CE;UOP04-DEL01-CE;;;
686976;24/04/2025;quinta-feira;01:48:00;MG;251;449,7;GRAO MOGOL;Velocidade Incompat�vel;Tombamento;Com V�timas Feridas;Plena Noite;Crescente;Nublado;Simples;"Curva;Declive";N�o;1;0;1;0;0;0;1;1;-16,4310445;-43,2835252;SPRF-MG;DEL12-MG;UOP01-DEL12-MG;;;
686982;24/04/2025;quinta-feira;04:00:00;SP;101;49,5;UBATUBA;Entrada inopinada do pedestre;Atropelamento de Pedestre;Com V�timas Feridas;Plena Noite;Decrescente;C�u Claro;Simples;Reta;Sim;2;0;0;1;1;0;1;2;-23,44604187;-45,08145332;SPRF-SP;DEL06-SP;UOP01-DEL06-SP;;;
686983;24/04/2025;quinta-feira;05:10:00;TO;10;453;PALMAS;Estacionar ou parar em local proibido;Colis�o traseira;Com V�timas Feridas;Plena Noite;Crescente;C�u Claro;M�ltipla;Reta;Sim;4;0;1;0;3;0;1;2;-10,32390184;-48,29729319;SPRF-TO;DEL01-TO;UOP03-DEL01-TO;;;
686984;24/04/2025;quinta-feira;05:30:00;SC;101;371,5;ICARA;Condutor Dormindo;Sa�da de leito carro��vel;Com V�timas Feridas;Amanhecer;Crescente;C�u Claro;Dupla;Curva;N�o;2;0;1;0;0;1;1;2;-28,71368545;-49,21836225;SPRF-SC;DEL02-SC;UOP01-DEL02-SC;;;
686986;24/04/2025;quinta-feira;06:00:00;BA;324;620;SALVADOR;Condutor deixou de manter dist�ncia do ve�culo da frente;Colis�o traseira;Com V�timas Feridas;Amanhecer;Decrescente;Garoa/Chuvisco;Dupla;Reta;N�o;3;0;1;0;1;1;1;2;-12,919791;-38,465798;SPRF-BA;DEL01-BA;UOP01-DEL01-BA;;;
686989;08/04/2025;ter�a-feira;20:23:00;PR;277;617,2;CEU AZUL;Demais falhas mec�nicas ou el�tricas;Engavetamento;Com V�timas Feridas;Plena Noite;Crescente;Garoa/Chuvisco;Simples;"Aclive;Reta";N�o;6;0;2;0;4;0;2;4;-25,07378666;-53,68443895;SPRF-PR;DEL05-PR;UOP02-DEL05-PR;;;
686992;24/04/2025;quinta-feira;06:30:00;BA;101;200;CACHOEIRA;Chuva;Colis�o lateral sentido oposto;Com V�timas Feridas;Pleno dia;Crescente;Chuva;Simples;"Curva;Declive";N�o;5;0;2;0;2;1;2;4;-12,5746609;-38,9796866;SPRF-BA;DEL01-BA;UOP03-DEL01-BA;;;
686996;23/04/2025;quarta-feira;21:30:00;BA;101;421;IBIRAPITANGA;Condutor Dormindo;Colis�o lateral sentido oposto;Sem V�timas;Plena Noite;Crescente;Chuva;Simples;Curva;N�o;4;0;0;0;1;3;0;3;-14,134417;-39,358072;SPRF-BA;DEL05-BA;UOP03-DEL05-BA;;;
686997;24/04/2025;quinta-feira;06:50:00;SP;116;298;REGISTRO;Acessar a via sem observar a presen�a dos outros ve�culos;Colis�o transversal;Com V�timas Feridas;Pleno dia;Decrescente;C�u Claro;Dupla;Reta;N�o;2;0;1;0;1;0;1;2;-24,5026638;-47,8444106;SPRF-SP;DEL04-SP;UOP01-DEL04-SP;;;
687000;24/04/2025;quinta-feira;07:40:00;ES;101;291,9;CARIACICA;Trafegar com motocicleta (ou similar) entre as faixas;Colis�o transversal;Com V�timas Fatais;Pleno dia;Crescente;Sol;Dupla;"Retorno Regulamentado;Reta";Sim;2;1;0;0;1;0;0;2;-20,305992;-40,395167;SPRF-ES;DEL01-ES;UOP01-DEL01-ES;;;
687003;24/04/2025;quinta-feira;08:00:00;ES;101;299,3;VIANA;Condutor deixou de manter dist�ncia do ve�culo da frente;Colis�o lateral mesmo sentido;Com V�timas Feridas;Pleno dia;Crescente;C�u Claro;Dupla;Reta;Sim;2;0;1;0;1;0;1;2;-20,3577014;-40,4262213;SPRF-ES;DEL01-ES;UOP01-DEL01-ES;;;
687012;24/04/2025;quinta-feira;07:15:00;SC;282;401,5;JOACABA;Ultrapassagem Indevida;Colis�o frontal;Com V�timas Feridas;Pleno dia;Decrescente;C�u Claro;Simples;"Reta;Declive";N�o;4;0;1;0;2;1;1;4;-27,12835491;-51,62801743;SPRF-SC;DEL07-SC;UOP05-DEL07-SC;;;
687015;24/04/2025;quinta-feira;08:25:00;PI;316;7;TERESINA;Manobra de mudan�a de faixa;Colis�o lateral mesmo sentido;Com V�timas Feridas;Pleno dia;Crescente;Sol;M�ltipla;Reta;Sim;2;0;1;0;1;0;1;2;-5,15254061;-42,77284339;SPRF-PI;DEL01-PI;UOP02-DEL01-PI;;;
687017;24/04/2025;quinta-feira;08:40:00;SC;470;57,9;BLUMENAU;Trafegar com motocicleta (ou similar) entre as faixas;Colis�o transversal;Com V�timas Feridas;Pleno dia;Crescente;Nublado;Simples;"Reta;Em Obras";Sim;2;0;1;0;1;0;1;2;-26,88385;-49,14545;SPRF-SC;DEL04-SC;UOP01-DEL04-SC;;;
687025;24/04/2025;quinta-feira;09:30:00;SC;101;5,3;GARUVA;Velocidade Incompat�vel;Inc�ndio;Sem V�timas;Pleno dia;Crescente;Nublado;Dupla;Reta;N�o;2;0;0;0;1;1;0;2;-26,04999729;-48,8596344;SPRF-SC;DEL03-SC;UOP01-DEL03-SC;;;
687026;22/04/2025;ter�a-feira;02:00:00;AC;364;108;RIO BRANCO;Rea��o tardia ou ineficiente do condutor;Sa�da de leito carro��vel;Com V�timas Feridas;Plena Noite;Decrescente;Nublado;Simples;Reta;N�o;1;0;1;0;0;0;1;1;-10,017426;-67,654336;SPRF-AC;DEL01-AC;UOP01-DEL01-AC;;;