id;data_inversa;dia_semana;horario;uf;br;km;municipio;causa_acidente;tipo_acidente;classificacao_acidente;fase_dia;sentido_via;condicao_metereologica;tipo_pista;tracado_via;uso_solo;pessoas;mortos;feridos_leves;feridos_graves;ilesos;ignorados;feridos;veiculos;latitude;longitude;regional;delegacia;uop;;;
687028;24/04/2025;quinta-feira;09:00:00;PR;277;313;GUARAPUAVA;Acumulo de �gua sobre o pavimento;Colis�o frontal;Com V�timas Feridas;Pleno dia;Decrescente;Chuva;Simples;Curva;N�o;2;0;1;0;1;0;1;2;-25,3467908;-51,2204249;SPRF-PR;DEL08-PR;UOP01-DEL08-PR;;;
687031;24/04/2025;quinta-feira;09:00:00;RJ;116;172;SAO JOAO DE MERITI;Acessar a via sem observar a presen�a dos outros ve�culos;Colis�o lateral mesmo sentido;Com V�timas Feridas;Pleno dia;Decrescente;C�u Claro;M�ltipla;Reta;Sim;3;0;1;0;2;0;1;2;-22,80067251;-43,35333824;SPRF-RJ;DEL06-RJ;UOP01-DEL06-RJ;;;
687035;24/04/2025;quinta-feira;10:45:00;ES;101;288,8;CARIACICA;Condutor deixou de manter dist�ncia do ve�culo da frente;Colis�o traseira;Com V�timas Feridas;Pleno dia;Crescente;C�u Claro;Dupla;"Declive;Reta";N�o;2;0;0;1;1;0;1;2;-20,28322004;-40,39303601;SPRF-ES;DEL01-ES;UOP01-DEL01-ES;;;
687039;24/04/2025;quinta-feira;10:30:00;MG;381;597,3;CARMOPOLIS DE MINAS;Condutor usando celular;Sa�da de leito carro��vel;Com V�timas Feridas;Pleno dia;Decrescente;Nublado;Dupla;"Reta;Declive";N�o;2;0;1;0;0;1;1;2;-20,55499148;-44,66134608;SPRF-MG;DEL04-MG;UOP01-DEL04-MG;;;
687041;24/04/2025;quinta-feira;11:30:00;RJ;116;170;SAO JOAO DE MERITI;Aus�ncia de rea��o do condutor;Colis�o traseira;Com V�timas Feridas;Pleno dia;Decrescente;C�u Claro;Dupla;Reta;Sim;7;0;3;1;3;0;4;7;-22,80095945;-43,35257465;SPRF-RJ;DEL06-RJ;UOP01-DEL06-RJ;;;
687042;24/04/2025;quinta-feira;10:53:00;RO;364;697;PORTO VELHO;Manobra de mudan�a de faixa;Colis�o lateral mesmo sentido;Sem V�timas;Pleno dia;Crescente;Sol;Dupla;Reta;N�o;3;0;0;0;3;0;0;2;-8,800284;-63,7617625;SPRF-RO;DEL01-RO;UOP01-DEL01-RO;;;
687043;24/04/2025;quinta-feira;12:24:00;MG;354;711,4;CAXAMBU;Velocidade Incompat�vel;Tombamento;Com V�timas Feridas;Pleno dia;Crescente;C�u Claro;Simples;Curva;N�o;2;0;1;0;0;2;1;3;-22,04794052;-44,92659688;SPRF-MG;DEL17-MG;UOP01-DEL17-MG;;;
687044;24/04/2025;quinta-feira;10:05:00;RJ;116;266,5;BARRA MANSA;Desvio tempor�rio;Atropelamento de Pedestre;Com V�timas Fatais;Pleno dia;Decrescente;C�u Claro;Dupla;"Reta;Em Obras;Aclive";N�o;3;1;0;0;1;1;0;3;-22,5379048;-44,1823157;SPRF-RJ;DEL07-RJ;UOP02-DEL07-RJ;;;
687048;24/04/2025;quinta-feira;13:00:00;RJ;116;110;GUAPIMIRIM;Demais falhas mec�nicas ou el�tricas;Inc�ndio;Sem V�timas;Pleno dia;Decrescente;C�u Claro;Dupla;Reta;N�o;1;0;0;0;1;0;0;1;-22,546126;-42,987935;SPRF-RJ;DEL04-RJ;UOP02-DEL04-RJ;;;
687054;24/04/2025;quinta-feira;13:08:00;PB;101;89,1;JOAO PESSOA;Rea��o tardia ou ineficiente do condutor;Engavetamento;Com V�timas Feridas;Pleno dia;Decrescente;Sol;Dupla;Reta;Sim;9;0;4;2;2;2;6;6;-7,17326328;-34,8981455;SPRF-PB;DEL01-PB;UOP01-DEL01-PB;;;
687055;24/04/2025;quinta-feira;12:05:00;SC;116;54;PAPANDUVA;Condutor deixou de manter dist�ncia do ve�culo da frente;Colis�o traseira;Com V�timas Feridas;Pleno dia;Crescente;Garoa/Chuvisco;Simples;Rotat�ria;Sim;2;0;1;0;1;0;1;2;-26,39464;-50,16255;SPRF-SC;DEL06-SC;UOP02-DEL06-SC;;;
687060;16/04/2025;quarta-feira;06:50:00;PB;230;138;CAMPINA GRANDE;Ultrapassagem Indevida;Colis�o lateral mesmo sentido;Com V�timas Feridas;Pleno dia;Decrescente;C�u Claro;Dupla;Reta;N�o;4;0;2;1;1;0;3;2;-7,27007129;-35,78924641;SPRF-PB;DEL02-PB;UOP01-DEL02-PB;;;
687062;24/04/2025;quinta-feira;15:20:00;MG;381;478,6;CONTAGEM;Manobra de mudan�a de faixa;Colis�o lateral mesmo sentido;Com V�timas Feridas;Pleno dia;Crescente;C�u Claro;M�ltipla;Reta;Sim;4;0;1;0;2;1;1;4;-19,96264225;-44,04065645;SPRF-MG;DEL01-MG;UOP03-DEL01-MG;;;
687063;05/04/2025;s�bado;01:00:00;BA;324;547;AMELIA RODRIGUES;Aus�ncia de rea��o do condutor;Colis�o traseira;Com V�timas Feridas;Plena Noite;Crescente;C�u Claro;Dupla;Reta;N�o;3;0;0;1;1;2;1;4;-12,4216123;-38,743279;SPRF-BA;DEL01-BA;UOP03-DEL01-BA;;;
687064;13/03/2025;quinta-feira;22:00:00;SC;101;207,6;SAO JOSE;Aus�ncia de rea��o do condutor;Colis�o traseira;Com V�timas Feridas;Pleno dia;Decrescente;C�u Claro;M�ltipla;Reta;Sim;3;0;0;1;2;0;1;3;-27,60223;-48,62878;SPRF-SC;DEL01-SC;UOP01-DEL01-SC;;;
687070;24/04/2025;quinta-feira;12:40:00;BA;116;554;AMARGOSA;Rea��o tardia ou ineficiente do condutor;Sa�da de leito carro��vel;Com V�timas Feridas;Pleno dia;Crescente;Nublado;Simples;Curva;N�o;2;0;0;2;0;0;2;1;-13,02528;-39,583744;SPRF-BA;DEL03-BA;UOP02-DEL03-BA;;;
687072;24/04/2025;quinta-feira;16:25:00;MG;381;423;CAETE;Aus�ncia de rea��o do condutor;Colis�o traseira;Com V�timas Feridas;Pleno dia;Decrescente;C�u Claro;Dupla;"Reta;Aclive";Sim;3;0;0;1;1;2;1;4;-19,7828574;-43,66378784;SPRF-MG;DEL01-MG;UOP01-DEL01-MG;;;
687074;24/04/2025;quinta-feira;16:15:00;MG;40;468;CAETANOPOLIS;Acessar a via sem observar a presen�a dos outros ve�culos;Colis�o transversal;Com V�timas Feridas;Pleno dia;Decrescente;C�u Claro;Dupla;"Retorno Regulamentado;Aclive;Reta";N�o;2;0;1;0;1;0;1;2;-19,3905056;-44,33601379;SPRF-MG;DEL02-MG;UOP01-DEL02-MG;;;
687077;24/04/2025;quinta-feira;16:10:00;RS;290;115;ELDORADO DO SUL;Manobra de mudan�a de faixa;Colis�o frontal;Com V�timas Feridas;Pleno dia;Crescente;C�u Claro;Simples;Reta;Sim;5;0;2;2;1;0;4;2;-30,0362931;-51,3276937;SPRF-RS;DEL02-RS;UOP01-DEL02-RS;;;
687078;24/04/2025;quinta-feira;10:30:00;BA;242;925;LUIS EDUARDO MAGALHAES;Manobra de mudan�a de faixa;Colis�o frontal;Com V�timas Fatais;Pleno dia;Decrescente;C�u Claro;Simples;Reta;N�o;3;1;0;0;1;3;0;5;-12,11033;-45,9395;SPRF-BA;DEL10-BA;UOP01-DEL10-BA;;;
687079;24/04/2025;quinta-feira;16:45:00;PR;369;143,5;LONDRINA;Convers�o proibida;Colis�o traseira;Sem V�timas;Pleno dia;Crescente;Chuva;Dupla;Reta;Sim;3;0;0;0;3;0;0;2;-23,293297;-51,102612;SPRF-PR;DEL07-PR;UOP01-DEL07-PR;;;
687080;24/04/2025;quinta-feira;17:00:00;SC;101;12;GARUVA;Condutor deixou de manter dist�ncia do ve�culo da frente;Colis�o traseira;Com V�timas Feridas;Anoitecer;Decrescente;Garoa/Chuvisco;Dupla;Aclive;N�o;2;0;1;0;1;0;1;2;-26,087562;-48,8623;SPRF-SC;DEL03-SC;UOP01-DEL03-SC;;;
687082;24/04/2025;quinta-feira;15:30:00;MT;364;484;JANGADA;Manobra de mudan�a de faixa;Colis�o lateral sentido oposto;Com V�timas Feridas;Pleno dia;Decrescente;C�u Claro;Simples;Curva;N�o;6;0;2;0;3;4;2;7;-15,309565;-56,433808;SPRF-MT;DEL01-MT;UOP02-DEL01-MT;;;
687084;24/04/2025;quinta-feira;13:49:00;PA;163;617;TRAIRAO;Rea��o tardia ou ineficiente do condutor;Tombamento;Com V�timas Feridas;Pleno dia;Crescente;C�u Claro;Simples;"Aclive;Curva";N�o;2;0;0;1;0;2;1;3;-4,732686;-56,048033;SPRF-PA;DEL05-PA;UOP03-DEL05-PA;;;
687094;24/04/2025;quinta-feira;18:35:00;MG;262;357;BETIM;Aus�ncia de rea��o do condutor;Tombamento;Com V�timas Feridas;Plena Noite;Crescente;C�u Claro;Dupla;Reta;N�o;3;0;0;1;2;0;1;3;-19,982333;-44,231994;SPRF-MG;DEL01-MG;UOP03-DEL01-MG;;;
687099;24/04/2025;quinta-feira;19:00:00;MG;381;685;RIBEIRAO VERMELHO;Condutor deixou de manter dist�ncia do ve�culo da frente;Colis�o traseira;Com V�timas Feridas;Plena Noite;Decrescente;Nublado;Dupla;"Aclive;Curva";N�o;3;0;1;0;1;2;1;4;-21,1653976;-45,126238;SPRF-MG;DEL04-MG;UOP02-DEL04-MG;;;
687103;24/04/2025;quinta-feira;18:30:00;MG;40;660,4;CARANDAI;Aus�ncia de rea��o do condutor;Colis�o traseira;Sem V�timas;Plena Noite;Decrescente;Nublado;Simples;"Reta;Declive";N�o;2;0;0;0;2;0;0;2;-20,90366049;-43,82767573;SPRF-MG;DEL05-MG;UOP02-DEL05-MG;;;
687105;24/04/2025;quinta-feira;18:15:00;PE;101;82;JABOATAO DOS GUARARAPES;Trafegar com motocicleta (ou similar) entre as faixas;Colis�o lateral mesmo sentido;Com V�timas Feridas;Plena Noite;Decrescente;Chuva;Dupla;Reta;N�o;3;0;1;0;2;0;1;3;-8,17135655;-34,93904321;SPRF-PE;DEL01-PE;UOP01-DEL01-PE;;;
687113;24/04/2025;quinta-feira;19:30:00;SP;116;117;TAUBATE;Frear bruscamente;Colis�o traseira;Com V�timas Feridas;Plena Noite;Crescente;Chuva;Dupla;"Reta;Interse��o de Vias";N�o;8;0;5;0;2;1;5;4;-23,05814119;-45,61799739;SPRF-SP;DEL02-SP;UOP02-DEL02-SP;;;
687115;13/04/2025;domingo;12:45:00;MT;70;286;PRIMAVERA DO LESTE;Convers�o proibida;Colis�o traseira;Sem V�timas;Pleno dia;Crescente;C�u Claro;Simples;"Aclive;Reta";Sim;3;0;0;0;2;1;0;3;-15,575403;-54,344437;SPRF-MT;DEL05-MT;UOP01-DEL05-MT;;;
687125;24/04/2025;quinta-feira;18:30:00;SP;381;35;ATIBAIA;Aus�ncia de rea��o do condutor;Colis�o com objeto;Com V�timas Feridas;Plena Noite;Crescente;Garoa/Chuvisco;Dupla;"Reta;Declive";N�o;3;0;1;0;1;1;1;2;-23,09078582;-46,57190323;SPRF-SP;DEL03-SP;UOP02-DEL03-SP;;;
687126;24/04/2025;quinta-feira;20:00:00;MT;364;207;RONDONOPOLIS;Manobra de mudan�a de faixa;Colis�o lateral mesmo sentido;Com V�timas Feridas;Plena Noite;Decrescente;C�u Claro;Dupla;Reta;Sim;5;0;1;0;3;2;1;4;-16,43663893;-54,68258277;SPRF-MT;DEL02-MT;UOP01-DEL02-MT;;;
687127;24/04/2025;quinta-feira;15:35:00;PR;376;439;TIBAGI;Aus�ncia de rea��o do condutor;Colis�o lateral mesmo sentido;Sem V�timas;Pleno dia;Decrescente;Chuva;Dupla;Curva;N�o;2;0;0;0;2;0;0;2;-24,80543477;-50,49041748;SPRF-PR;DEL03-PR;UOP02-DEL03-PR;;;
687133;24/04/2025;quinta-feira;15:05:00;PR;376;345,5;ORTIGUEIRA;Velocidade Incompat�vel;Tombamento;Sem V�timas;Pleno dia;Crescente;Chuva;Simples;"Curva;Declive";N�o;2;0;0;0;1;2;0;3;-24,1739573;-50,96546888;SPRF-PR;DEL07-PR;UOP02-DEL07-PR;;;
687136;24/04/2025;quinta-feira;20:55:00;BA;101;930;MUCURI;Ingest�o de �lcool pelo condutor;Colis�o frontal;Com V�timas Feridas;Plena Noite;Decrescente;C�u Claro;Simples;Reta;N�o;4;0;1;0;2;1;1;4;-17,96027884;-39,86061859;SPRF-BA;DEL09-BA;UOP02-DEL09-BA;;;
687142;24/04/2025;quinta-feira;22:40:00;ES;101;280;SERRA;Demais falhas mec�nicas ou el�tricas;Inc�ndio;Sem V�timas;Plena Noite;Crescente;C�u Claro;Dupla;Reta;N�o;1;0;0;0;1;0;0;1;-20,21771;-40,3513616;SPRF-ES;DEL02-ES;UOP01-DEL02-ES;;;
687145;24/04/2025;quinta-feira;21:02:00;RS;470;160;NOVA PRATA;Acessar a via sem observar a presen�a dos outros ve�culos;Tombamento;Com V�timas Feridas;Plena Noite;Crescente;C�u Claro;Simples;"Reta;Interse��o de Vias";Sim;2;0;1;0;1;0;1;2;-28,80793416;-51,60343146;SPRF-RS;DEL06-RS;UOP02-DEL06-RS;;;
687149;24/04/2025;quinta-feira;17:40:00;MG;116;546;SANTA BARBARA DO LESTE;Acessar a via sem observar a presen�a dos outros ve�culos;Colis�o lateral mesmo sentido;Com V�timas Feridas;Anoitecer;Decrescente;Nublado;Simples;Curva;N�o;4;0;0;1;2;1;1;3;-19,942525;-42,131898;SPRF-MG;DEL06-MG;UOP02-DEL06-MG;;;
687151;24/04/2025;quinta-feira;18:27:00;MT;163;885;CLAUDIA;Ultrapassagem Indevida;Capotamento;Com V�timas Feridas;Plena Noite;Decrescente;C�u Claro;Simples;Reta;N�o;4;0;1;0;2;1;1;3;-11,43117147;-55,35259724;SPRF-MT;DEL06-MT;UOP02-DEL06-MT;;;
687153;24/04/2025;quinta-feira;20:30:00;MG;116;693,6;MURIAE;Suic�dio (presumido);Colis�o frontal;Com V�timas Fatais;Plena Noite;Decrescente;C�u Claro;Simples;"Reta;Declive";N�o;3;1;0;0;1;1;0;3;-21,052943;-42,368377;SPRF-MG;DEL07-MG;UOP02-DEL07-MG;;;
687155;24/04/2025;quinta-feira;23:20:00;MG;365;354,4;VARJAO DE MINAS;Demais falhas mec�nicas ou el�tricas;Inc�ndio;Sem V�timas;Plena Noite;Crescente;C�u Claro;Simples;Reta;N�o;2;0;0;0;1;1;0;2;-18,461271;-46,083393;SPRF-MG;DEL10-MG;UOP01-DEL10-MG;;;
687156;24/04/2025;quinta-feira;20:00:00;RO;364;740;PORTO VELHO;Chuva;Sa�da de leito carro��vel;Com V�timas Feridas;Plena Noite;Crescente;Chuva;Simples;"Declive;Reta";N�o;2;0;1;0;0;2;1;3;-8,89835996;-63,96879941;SPRF-RO;DEL01-RO;UOP02-DEL01-RO;;;
687157;24/04/2025;quinta-feira;22:20:00;MA;135;10;SAO LUIS;Acumulo de �gua sobre o pavimento;Colis�o traseira;Com V�timas Feridas;Plena Noite;Decrescente;Garoa/Chuvisco;Dupla;Curva;Sim;6;0;1;0;5;0;1;2;-2,66217526;-44,28549252;SPRF-MA;DEL01-MA;UOP01-DEL01-MA;;;
687158;25/04/2025;sexta-feira;01:10:00;PA;10;28;DOM ELISEU;Demais falhas mec�nicas ou el�tricas;Sa�da de leito carro��vel;Sem V�timas;Plena Noite;Decrescente;C�u Claro;Simples;Reta;N�o;2;0;0;0;1;1;0;2;-4,20713;-47,545127;SPRF-PA;DEL02-PA;UOP02-DEL02-PA;;;
687159;25/04/2025;sexta-feira;00:40:00;SE;101;159;SAO CRISTOVAO;Velocidade Incompat�vel;Tombamento;Sem V�timas;Plena Noite;Crescente;C�u Claro;Simples;"Curva;Aclive";N�o;1;0;0;0;0;1;0;1;-10,9579681;-37,2346443;SPRF-SE;DEL02-SE;UOP01-DEL02-SE;;;
687161;25/04/2025;sexta-feira;04:30:00;PR;272;372;CAMPO MOURAO;Transitar na contram�o;Colis�o frontal;Com V�timas Fatais;Plena Noite;Crescente;Garoa/Chuvisco;Simples;"Curva;Aclive";N�o;4;3;1;0;0;0;1;2;-24,0697999;-52,4440591;SPRF-PR;DEL09-PR;UOP03-DEL09-PR;;;
687163;25/04/2025;sexta-feira;03:45:00;MG;381;831;SAO SEBASTIAO DA BELA VISTA;Rea��o tardia ou ineficiente do condutor;Colis�o traseira;Com V�timas Feridas;Plena Noite;Decrescente;C�u Claro;Dupla;Reta;N�o;2;0;1;0;1;0;1;2;-22,11949799;-45,75779611;SPRF-MG;DEL16-MG;UOP01-DEL16-MG;;;
687164;25/04/2025;sexta-feira;04:20:00;SP;116;110,8;TAUBATE;Suic�dio (presumido);Atropelamento de Pedestre;Com V�timas Feridas;Plena Noite;Decrescente;Nublado;Dupla;Reta;N�o;2;0;0;1;0;1;1;2;-23,03856174;-45,5601475;SPRF-SP;DEL02-SP;UOP02-DEL02-SP;;;
687166;25/04/2025;sexta-feira;04:40:00;TO;153;559;FATIMA;Demais falhas mec�nicas ou el�tricas;Atropelamento de Pedestre;Com V�timas Feridas;Plena Noite;Crescente;C�u Claro;Simples;Reta;N�o;4;0;1;0;3;0;1;2;-10,738225;-48,903565;SPRF-TO;DEL01-TO;UOP01-DEL01-TO;;;
687167;25/04/2025;sexta-feira;06:00:00;RJ;116;174;SAO JOAO DE MERITI;Trafegar com motocicleta (ou similar) entre as faixas;Tombamento;Com V�timas Feridas;Pleno dia;Decrescente;C�u Claro;M�ltipla;Reta;Sim;2;0;1;0;1;0;1;2;-22,79322385;-43,36636003;SPRF-RJ;DEL06-RJ;UOP01-DEL06-RJ;;;
687175;25/04/2025;sexta-feira;05:23:00;MG;381;614,9;OLIVEIRA;Velocidade Incompat�vel;Sa�da de leito carro��vel;Com V�timas Feridas;Amanhecer;Decrescente;Chuva;Dupla;Reta;N�o;1;0;0;1;0;0;1;1;-20,71171272;-44,75894159;SPRF-MG;DEL04-MG;UOP01-DEL04-MG;;;
687181;25/04/2025;sexta-feira;06:40:00;SC;282;111,7;ALFREDO WAGNER;Curva acentuada;Colis�o lateral sentido oposto;Com V�timas Feridas;Pleno dia;Crescente;C�u Claro;Simples;"Curva;Declive";N�o;7;0;3;2;1;1;5;4;-27,733783;-49,374037;SPRF-SC;DEL01-SC;UOP03-DEL01-SC;;;
687184;25/04/2025;sexta-feira;07:50:00;MG;365;639,6;UBERLANDIA;Avarias e/ou desgaste excessivo no pneu;Colis�o traseira;Com V�timas Feridas;Pleno dia;Crescente;Nublado;Dupla;"Reta;Aclive";N�o;2;0;1;0;0;1;1;2;-18,8863455;-48,4589289;SPRF-MG;DEL15-MG;UOP01-DEL15-MG;;;
687191;25/04/2025;sexta-feira;06:54:00;TO;153;327,2;GUARAI;Condutor deixou de manter dist�ncia do ve�culo da frente;Sa�da de leito carro��vel;Com V�timas Feridas;Pleno dia;Decrescente;C�u Claro;Simples;"Reta;Declive";N�o;2;0;1;0;0;1;1;2;-8,771537;-48,510708;SPRF-TO;DEL02-TO;UOP02-DEL02-TO;;;
687193;25/04/2025;sexta-feira;07:20:00;RJ;101;261;RIO BONITO;Pista Escorregadia;Queda de ocupante de ve�culo;Com V�timas Fatais;Pleno dia;Crescente;Nublado;Simples;Curva;N�o;3;1;0;0;1;1;0;3;-22,71307449;-42,61978184;SPRF-RJ;DEL02-RJ;UOP03-DEL02-RJ;;;
687196;25/04/2025;sexta-feira;08:30:00;RN;304;302;MACAIBA;Manobra de mudan�a de faixa;Colis�o traseira;Com V�timas Feridas;Pleno dia;Crescente;C�u Claro;Dupla;Reta;N�o;2;0;0;1;1;0;1;2;-5,8812744;-35,2912052;SPRF-RN;DEL01-RN;UOP02-DEL01-RN;;;
687197;25/04/2025;sexta-feira;09:10:00;RS;290;92;PORTO ALEGRE;Rea��o tardia ou ineficiente do condutor;Colis�o traseira;Com V�timas Feridas;Pleno dia;Crescente;C�u Claro;M�ltipla;Reta;Sim;3;0;1;0;2;0;1;2;-29,97068057;-51,1821022;SPRF-RS;DEL01-RS;UOP01-DEL01-RS;;;
687200;25/04/2025;sexta-feira;08:50:00;PR;369;63,7;BANDEIRANTES;Ultrapassagem Indevida;Colis�o traseira;Com V�timas Feridas;Pleno dia;Decrescente;Chuva;Simples;Reta;N�o;6;0;2;0;3;1;2;5;-23,13170661;-50,37050899;SPRF-PR;DEL07-PR;UOP05-DEL07-PR;;;
687202;23/02/2025;domingo;00:25:00;PE;316;74;OURICURI;Aus�ncia de rea��o do condutor;Tombamento;Com V�timas Feridas;Plena Noite;Decrescente;C�u Claro;Simples;Declive;N�o;3;0;2;0;0;1;2;2;-7,82677705;-40,15323591;SPRF-PE;DEL05-PE;UOP02-DEL05-PE;;;
687204;25/04/2025;sexta-feira;09:10:00;GO;153;506;APARECIDA DE GOIANIA;Aus�ncia de rea��o do condutor;Colis�o lateral mesmo sentido;Sem V�timas;Pleno dia;Decrescente;Nublado;M�ltipla;Reta;Sim;4;0;0;0;3;1;0;3;-16,74883968;-49,24085325;SPRF-GO;DEL01-GO;UOP01-DEL01-GO;;;
687210;25/04/2025;sexta-feira;10:10:00;SP;116;211,8;GUARULHOS;Manobra de mudan�a de faixa;Colis�o lateral mesmo sentido;Com V�timas Feridas;Pleno dia;Crescente;Garoa/Chuvisco;M�ltipla;Curva;Sim;2;0;1;0;1;0;1;2;-23,435209;-46,426826;SPRF-SP;DEL01-SP;UOP01-DEL01-SP;;;
687214;25/04/2025;sexta-feira;08:00:00;RS;153;587;HULHA NEGRA;Modifica��o proibida;Colis�o frontal;Com V�timas Feridas;Pleno dia;Decrescente;Nevoeiro/Neblina;Simples;Reta;N�o;5;0;1;1;2;1;2;4;-31,325453;-53,9855696;SPRF-RS;DEL11-RS;UOP03-DEL11-RS;;;
687216;25/04/2025;sexta-feira;10:40:00;BA;324;520;FEIRA DE SANTANA;Condutor deixou de manter dist�ncia do ve�culo da frente;Engavetamento;Com V�timas Feridas;Pleno dia;Decrescente;C�u Claro;Dupla;Reta;N�o;3;0;0;1;2;0;1;3;-12,275473;-38,931307;SPRF-BA;DEL01-BA;UOP03-DEL01-BA;;;
687223;16/04/2025;quarta-feira;17:00:00;MG;50;70;UBERLANDIA;Aus�ncia de rea��o do condutor;Colis�o traseira;Com V�timas Feridas;Anoitecer;Decrescente;Nublado;Dupla;Reta;Sim;2;0;1;0;1;0;1;2;-18,88676133;-48,26215122;SPRF-MG;DEL15-MG;UOP01-DEL15-MG;;;
687226;25/04/2025;sexta-feira;11:15:00;PI;316;9;TERESINA;Manobra de mudan�a de faixa;Colis�o lateral mesmo sentido;Com V�timas Feridas;Pleno dia;Crescente;Sol;M�ltipla;"Declive;Reta";Sim;2;0;1;0;1;0;1;2;-5,1773899;-42,7655358;SPRF-PI;DEL01-PI;UOP02-DEL01-PI;;;
687233;25/04/2025;sexta-feira;11:49:00;SC;101;37;JOINVILLE;Rea��o tardia ou ineficiente do condutor;Colis�o traseira;Com V�timas Feridas;Pleno dia;Decrescente;C�u Claro;M�ltipla;Reta;Sim;2;0;0;1;1;0;1;2;-26,2844062;-48,88808576;SPRF-SC;DEL03-SC;UOP01-DEL03-SC;;;
687234;25/04/2025;sexta-feira;11:30:00;RJ;40;109;DUQUE DE CAXIAS;Velocidade Incompat�vel;Tombamento;Com V�timas Feridas;Pleno dia;Decrescente;Garoa/Chuvisco;Simples;"Aclive;Viaduto;Curva";Sim;2;0;1;0;0;1;1;2;-22,6744742;-43,2853617;SPRF-RJ;DEL01-RJ;UOP02-DEL01-RJ;;;
687236;25/04/2025;sexta-feira;12:00:00;MG;40;504,5;ESMERALDAS;Mal s�bito do condutor;Tombamento;Com V�timas Feridas;Pleno dia;Crescente;C�u Claro;Dupla;Reta;N�o;1;0;1;0;0;0;1;1;-19,730465;-44,152532;SPRF-MG;DEL02-MG;UOP01-DEL02-MG;;;
687238;25/04/2025;sexta-feira;12:33:00;MT;364;347,9;SANTO ANTONIO DO LEVERGER;Demais falhas mec�nicas ou el�tricas;Colis�o traseira;Com V�timas Feridas;Pleno dia;Crescente;C�u Claro;Dupla;"Reta;Declive";N�o;4;0;1;1;1;1;2;3;-15,795391;-55,564395;SPRF-MT;DEL05-MT;UOP02-DEL05-MT;;;
687246;25/04/2025;sexta-feira;14:00:00;SC;101;204,7;SAO JOSE;Rea��o tardia ou ineficiente do condutor;Engavetamento;Com V�timas Feridas;Pleno dia;Crescente;Sol;M�ltipla;Reta;Sim;3;0;1;0;2;0;1;3;-27,57869159;-48,61377658;SPRF-SC;DEL01-SC;UOP01-DEL01-SC;;;
687247;17/02/2025;segunda-feira;21:30:00;PA;163;652;ITAITUBA;Rea��o tardia ou ineficiente do condutor;Tombamento;Com V�timas Feridas;Plena Noite;Crescente;Ignorado;Simples;Curva;N�o;2;0;0;1;0;1;1;2;-4,5098;-55,86367;SPRF-PA;DEL05-PA;UOP02-DEL05-PA;;;
687250;25/04/2025;sexta-feira;14:15:00;PE;101;69;RECIFE;Aus�ncia de rea��o do condutor;Colis�o traseira;Com V�timas Feridas;Pleno dia;Crescente;C�u Claro;M�ltipla;Interse��o de Vias;Sim;2;0;1;0;1;0;1;2;-8,0639505;-34,9447122;SPRF-PE;DEL01-PE;UOP01-DEL01-PE;;;
687252;25/04/2025;sexta-feira;14:16:00;PE;101;64;RECIFE;Condutor usando celular;Colis�o traseira;Sem V�timas;Pleno dia;Crescente;Sol;Dupla;"Reta;Viaduto";Sim;2;0;0;0;2;0;0;2;-8,01714;-34,941178;SPRF-PE;DEL01-PE;UOP01-DEL01-PE;;;
687255;25/04/2025;sexta-feira;14:45:00;SC;101;205,7;SAO JOSE;Aus�ncia de rea��o do condutor;Colis�o com objeto;Com V�timas Feridas;Pleno dia;Crescente;C�u Claro;Dupla;Reta;Sim;2;0;0;1;1;0;1;2;-27,589852;-48,617522;SPRF-SC;DEL01-SC;UOP01-DEL01-SC;;;
687256;25/04/2025;sexta-feira;13:50:00;RS;101;31;TRES CACHOEIRAS;Acessar a via sem observar a presen�a dos outros ve�culos;Colis�o traseira;Com V�timas Feridas;Pleno dia;Crescente;C�u Claro;Dupla;"Reta;Interse��o de Vias";N�o;3;0;1;0;1;2;1;4;-29,49009068;-49,9753782;SPRF-RS;DEL03-RS;UOP02-DEL03-RS;;;
687260;17/04/2025;quinta-feira;16:45:00;RO;364;162,7;PIMENTA BUENO;Rea��o tardia ou ineficiente do condutor;Colis�o lateral sentido oposto;Com V�timas Feridas;Pleno dia;Decrescente;C�u Claro;Simples;"Reta;Declive";N�o;9;0;5;0;3;3;5;6;-11,899675;-60,977777;SPRF-RO;DEL02-RO;UOP02-DEL02-RO;;;
687261;25/04/2025;sexta-feira;16:40:00;SC;101;207;SAO JOSE;Condutor deixou de manter dist�ncia do ve�culo da frente;Colis�o traseira;Com V�timas Feridas;Pleno dia;Crescente;C�u Claro;M�ltipla;"Aclive;Reta";N�o;2;0;1;0;1;0;1;2;-27,59625286;-48,61967174;SPRF-SC;DEL01-SC;UOP01-DEL01-SC;;;
687264;25/04/2025;sexta-feira;14:00:00;GO;70;434;ARAGARCAS;Demais falhas mec�nicas ou el�tricas;Inc�ndio;Sem V�timas;Pleno dia;Decrescente;C�u Claro;Simples;Reta;N�o;1;0;0;0;1;0;0;1;-15,888445;-51,88971;SPRF-GO;DEL04-GO;UOP02-DEL04-GO;;;
687266;25/04/2025;sexta-feira;10:50:00;GO;153;563;MORRINHOS;Chuva;Sa�da de leito carro��vel;Com V�timas Feridas;Pleno dia;Decrescente;Chuva;Dupla;Declive;N�o;4;0;2;0;1;6;2;7;-17,6390144;-49,1913216;SPRF-GO;DEL03-GO;UOP01-DEL03-GO;;;
687274;25/04/2025;sexta-feira;16:33:00;PE;101;83,6;JABOATAO DOS GUARARAPES;Aus�ncia de rea��o do condutor;Colis�o lateral mesmo sentido;Sem V�timas;Anoitecer;Decrescente;C�u Claro;Dupla;Reta;Sim;2;0;0;0;2;0;0;2;-8,178395;-34,947429;SPRF-PE;DEL01-PE;UOP01-DEL01-PE;;;