id;data_inversa;dia_semana;horario;uf;br;km;municipio;causa_acidente;tipo_acidente;classificacao_acidente;fase_dia;sentido_via;condicao_metereologica;tipo_pista;tracado_via;uso_solo;pessoas;mortos;feridos_leves;feridos_graves;ilesos;ignorados;feridos;veiculos;latitude;longitude;regional;delegacia;uop;;;
687275;25/04/2025;sexta-feira;16:50:00;GO;20;30,1;FORMOSA;Rea��o tardia ou ineficiente do condutor;Colis�o frontal;Com V�timas Feridas;Pleno dia;Crescente;Garoa/Chuvisco;Simples;"Reta;Declive";N�o;7;0;2;1;3;1;3;4;-15,499728;-47,110783;SPRF-DF;DEL02-DF;UOP02-DEL02-DF;;;
687276;25/04/2025;sexta-feira;11:00:00;GO;153;563;MORRINHOS;Chuva;Colis�o lateral mesmo sentido;Com V�timas Feridas;Pleno dia;Decrescente;Chuva;Dupla;Declive;N�o;5;0;2;1;1;1;3;3;-17,6390144;-49,1913216;SPRF-GO;DEL03-GO;UOP01-DEL03-GO;;;
687280;25/04/2025;sexta-feira;15:20:00;MG;116;412;GOVERNADOR VALADARES;Ultrapassagem Indevida;Colis�o lateral mesmo sentido;Com V�timas Feridas;Pleno dia;Crescente;C�u Claro;Simples;Reta;N�o;2;0;1;0;1;0;1;2;-18,87595551;-41,96481228;SPRF-MG;DEL06-MG;UOP01-DEL06-MG;;;
687299;25/04/2025;sexta-feira;16:50:00;PR;277;592,9;CASCAVEL;Condutor deixou de manter dist�ncia do ve�culo da frente;Colis�o traseira;Com V�timas Feridas;Pleno dia;Decrescente;Garoa/Chuvisco;Simples;"Declive;Reta";Sim;5;0;0;1;3;1;1;5;-24,98088359;-53,48248277;SPRF-PR;DEL04-PR;UOP01-DEL04-PR;;;
687304;25/04/2025;sexta-feira;19:10:00;RJ;101;531;ANGRA DOS REIS;Chuva;Colis�o frontal;Com V�timas Feridas;Plena Noite;Decrescente;Chuva;Simples;Curva;N�o;2;0;1;0;1;0;1;2;-23,01708645;-44,52925622;SPRF-RJ;DEL03-RJ;UOP03-DEL03-RJ;;;
687308;25/04/2025;sexta-feira;16:30:00;ES;484;98;AFONSO CLAUDIO;Aus�ncia de rea��o do condutor;Colis�o transversal;Com V�timas Feridas;Pleno dia;Crescente;Nublado;Simples;"Aclive;Reta";N�o;2;0;0;1;1;0;1;2;-20,01336196;-41,03200468;SPRF-ES;DEL01-ES;UOP02-DEL01-ES;;;
687314;25/04/2025;sexta-feira;18:05:00;AC;364;122;RIO BRANCO;Manobra de mudan�a de faixa;Colis�o traseira;Com V�timas Feridas;Plena Noite;Crescente;C�u Claro;Dupla;Reta;Sim;3;0;1;0;1;3;1;5;-10,01175977;-67,78147101;SPRF-AC;DEL01-AC;UOP01-DEL01-AC;;;
687317;25/04/2025;sexta-feira;18:40:00;SC;101;114;ITAJAI;Acessar a via sem observar a presen�a dos outros ve�culos;Colis�o lateral mesmo sentido;Com V�timas Feridas;Plena Noite;Crescente;C�u Claro;M�ltipla;Reta;Sim;4;0;2;0;1;1;2;4;-26,86632907;-48,73011279;SPRF-SC;DEL04-SC;UOP04-DEL04-SC;;;
687322;25/04/2025;sexta-feira;19:10:00;PR;476;172;CONTENDA;Rea��o tardia ou ineficiente do condutor;Colis�o transversal;Com V�timas Feridas;Plena Noite;Decrescente;Nublado;Dupla;Reta;Sim;2;0;0;1;1;0;1;2;-25,68169285;-49,52577559;SPRF-PR;DEL01-PR;UOP06-DEL01-PR;;;
687327;25/04/2025;sexta-feira;19:20:00;MG;116;720,2;MURIAE;Ingest�o de �lcool pelo condutor;Sa�da de leito carro��vel;Com V�timas Feridas;Plena Noite;Decrescente;Nublado;Simples;Reta;N�o;1;0;1;0;0;0;1;1;-21,2507021;-42,39757061;SPRF-MG;DEL07-MG;UOP02-DEL07-MG;;;
687329;25/04/2025;sexta-feira;18:10:00;RO;364;358;JI-PARANA;Ultrapassagem Indevida;Tombamento;Com V�timas Fatais;Plena Noite;Decrescente;Chuva;Simples;Reta;N�o;3;1;0;0;1;1;0;3;-10,78746;-62,047308;SPRF-RO;DEL02-RO;UOP01-DEL02-RO;;;
687332;25/04/2025;sexta-feira;21:33:00;SP;116;179;GUARAREMA;Rea��o tardia ou ineficiente do condutor;Colis�o traseira;Com V�timas Feridas;Plena Noite;Crescente;Garoa/Chuvisco;Dupla;Reta;N�o;4;0;3;0;1;0;3;2;-23,32793657;-46,12899391;SPRF-SP;DEL01-SP;UOP01-DEL01-SP;;;
687335;25/04/2025;sexta-feira;22:00:00;MG;381;491,3;BETIM;Rea��o tardia ou ineficiente do condutor;Colis�o traseira;Com V�timas Feridas;Plena Noite;Crescente;Nublado;Dupla;Reta;Sim;3;0;1;0;1;1;1;3;-19,95918132;-44,15378129;SPRF-MG;DEL01-MG;UOP03-DEL01-MG;;;
687336;25/04/2025;sexta-feira;21:58:00;MG;381;433,9;SABARA;Velocidade Incompat�vel;Tombamento;Com V�timas Feridas;Plena Noite;Decrescente;Nublado;Simples;Curva;N�o;4;0;0;1;1;2;1;3;-19,78673408;-43,73468399;SPRF-MG;DEL01-MG;UOP01-DEL01-MG;;;
687338;25/04/2025;sexta-feira;21:50:00;CE;222;312;TIANGUA;Aus�ncia de rea��o do condutor;Colis�o traseira;Com V�timas Fatais;Plena Noite;Decrescente;Chuva;Dupla;Reta;Sim;2;1;0;0;1;0;0;2;-3,725175;-40,997508;SPRF-CE;DEL04-CE;UOP02-DEL04-CE;;;
687340;25/04/2025;sexta-feira;21:20:00;MG;381;927,9;ITAPEVA;Pedestre andava na pista;Atropelamento de Pedestre;Com V�timas Feridas;Plena Noite;Decrescente;C�u Claro;Dupla;Reta;Sim;2;0;0;1;0;1;1;2;-22,76631837;-46,22365862;SPRF-MG;DEL16-MG;UOP03-DEL16-MG;;;
687341;25/04/2025;sexta-feira;21:00:00;PE;407;54;PETROLINA;Condutor Dormindo;Sa�da de leito carro��vel;Sem V�timas;Plena Noite;Decrescente;C�u Claro;Simples;Ponte;N�o;1;0;0;0;1;0;0;1;-8,82512789;-40,82441211;SPRF-PE;DEL06-PE;UOP02-DEL06-PE;;;
687344;25/04/2025;sexta-feira;22:40:00;TO;153;150;ARAGUAINA;Manobra de mudan�a de faixa;Colis�o frontal;Com V�timas Feridas;Plena Noite;Crescente;C�u Claro;Simples;Reta;N�o;4;0;2;1;1;0;3;3;-7,3233522;-48,3070174;SPRF-TO;DEL02-TO;UOP01-DEL02-TO;;;
687352;25/04/2025;sexta-feira;16:40:00;RS;290;420,8;SAO GABRIEL;Acessar a via sem observar a presen�a dos outros ve�culos;Colis�o transversal;Sem V�timas;Pleno dia;Decrescente;C�u Claro;Simples;Rotat�ria;N�o;3;0;0;0;1;2;0;3;-30,33152765;-54,35644627;SPRF-RS;DEL11-RS;UOP02-DEL11-RS;;;
687354;25/04/2025;sexta-feira;21:00:00;MT;163;555;DIAMANTINO;Manobra de mudan�a de faixa;Colis�o lateral sentido oposto;Com V�timas Feridas;Plena Noite;Decrescente;C�u Claro;Simples;Reta;N�o;2;0;1;0;0;1;1;2;-14,21187372;-56,09138489;SPRF-MT;DEL01-MT;UOP01-DEL01-MT;;;
687355;25/04/2025;sexta-feira;19:30:00;RS;101;61;MAQUINE;Demais falhas mec�nicas ou el�tricas;Inc�ndio;Sem V�timas;Plena Noite;Decrescente;C�u Claro;Dupla;Reta;N�o;2;0;0;0;1;1;0;2;-29,6833029;-50,14904308;SPRF-RS;DEL03-RS;UOP02-DEL03-RS;;;
687357;25/04/2025;sexta-feira;20:20:00;SC;101;403;MARACAJA;Manobra de mudan�a de faixa;Colis�o traseira;Com V�timas Feridas;Plena Noite;Crescente;C�u Claro;Dupla;Reta;N�o;6;0;2;0;4;0;2;2;-28,88308423;-49,46134053;SPRF-SC;DEL02-SC;UOP02-DEL02-SC;;;
687365;26/04/2025;s�bado;01:00:00;RJ;40;83;PETROPOLIS;Demais falhas mec�nicas ou el�tricas;Colis�o com objeto;Sem V�timas;Plena Noite;Decrescente;Garoa/Chuvisco;Simples;Reta;N�o;1;0;0;0;1;0;0;1;-22,5284686;-43,2228239;SPRF-RJ;DEL01-RJ;UOP01-DEL01-RJ;;;
687370;26/04/2025;s�bado;01:45:00;PR;277;206,9;PALMEIRA;Velocidade Incompat�vel;Tombamento;Com V�timas Fatais;Plena Noite;Crescente;C�u Claro;Simples;Curva;N�o;2;1;0;0;0;1;0;2;-25,471109;-50,278777;SPRF-PR;DEL08-PR;UOP02-DEL08-PR;;;
687377;26/04/2025;s�bado;03:45:00;SC;101;206,7;SAO JOSE;Rea��o tardia ou ineficiente do condutor;Colis�o com objeto;Com V�timas Feridas;Plena Noite;Decrescente;C�u Claro;M�ltipla;"Reta;Declive";Sim;4;0;1;0;1;2;1;4;-27,59837;-48,620933;SPRF-SC;DEL01-SC;UOP01-DEL01-SC;;;
687392;26/04/2025;s�bado;06:10:00;PR;376;159;MANDAGUACU;Rea��o tardia ou ineficiente do condutor;Colis�o traseira;Com V�timas Feridas;Pleno dia;Crescente;C�u Claro;Dupla;Reta;N�o;5;0;2;0;1;2;2;5;-23,32917342;-52,11150169;SPRF-PR;DEL09-PR;UOP02-DEL09-PR;;;
687396;26/04/2025;s�bado;05:00:00;PR;376;413,8;TIBAGI;Rea��o tardia ou ineficiente do condutor;Tombamento;Com V�timas Feridas;Plena Noite;Crescente;C�u Claro;Dupla;"Curva;Declive";N�o;2;0;0;1;0;1;1;2;-24,64031687;-50,62622007;SPRF-PR;DEL03-PR;UOP02-DEL03-PR;;;
687399;26/04/2025;s�bado;07:20:00;TO;153;502;PARAISO DO TOCANTINS;Rea��o tardia ou ineficiente do condutor;Colis�o traseira;Com V�timas Feridas;Pleno dia;Decrescente;C�u Claro;Simples;Reta;N�o;3;0;1;0;1;1;1;3;-10,226;-48,87628096;SPRF-TO;DEL01-TO;UOP01-DEL01-TO;;;
687400;25/04/2025;sexta-feira;19:30:00;MT;163;603;NOVA MUTUM;Retorno proibido;Colis�o transversal;Com V�timas Feridas;Plena Noite;Crescente;C�u Claro;Simples;"Em Obras;Reta";N�o;5;0;3;0;1;3;3;5;-13,78774612;-56,06374026;SPRF-MT;DEL01-MT;UOP01-DEL01-MT;;;
687408;26/04/2025;s�bado;07:20:00;MG;365;640;UBERLANDIA;Rea��o tardia ou ineficiente do condutor;Colis�o lateral mesmo sentido;Com V�timas Feridas;Amanhecer;Crescente;Nevoeiro/Neblina;Dupla;Reta;N�o;3;0;0;1;1;2;1;4;-18,88656846;-48,45791308;SPRF-MG;DEL15-MG;UOP01-DEL15-MG;;;
687411;25/04/2025;sexta-feira;17:38:00;PA;163;620;TRAIRAO;Aus�ncia de rea��o do condutor;Colis�o lateral mesmo sentido;Com V�timas Feridas;Pleno dia;Crescente;C�u Claro;Simples;Reta;N�o;3;0;1;0;1;1;1;3;-4,721663;-56,025703;SPRF-PA;DEL05-PA;UOP03-DEL05-PA;;;
687417;25/04/2025;sexta-feira;12:48:00;PA;163;455;ITAITUBA;Demais falhas mec�nicas ou el�tricas;Sa�da de leito carro��vel;Com V�timas Feridas;Pleno dia;Crescente;C�u Claro;Simples;Reta;N�o;2;0;1;0;0;3;1;4;-5,86684;-55,711555;SPRF-PA;DEL05-PA;UOP03-DEL05-PA;;;
687421;11/04/2025;sexta-feira;22:00:00;RS;153;24,6;TRES ARROIOS;Ultrapassagem Indevida;Colis�o frontal;Com V�timas Fatais;Plena Noite;Decrescente;C�u Claro;Simples;Curva;N�o;4;1;2;0;0;1;2;3;-27,49620646;-52,11779659;SPRF-RS;DEL08-RS;UOP04-DEL08-RS;;;
687422;25/03/2025;ter�a-feira;15:31:00;MG;153;14;CENTRALINA;Frear bruscamente;Sa�da de leito carro��vel;Sem V�timas;Pleno dia;Decrescente;Nublado;Dupla;Retorno Regulamentado;N�o;3;0;0;0;2;3;0;5;-18,54453199;-49,1938358;SPRF-MG;DEL15-MG;UOP03-DEL15-MG;;;
687434;26/04/2025;s�bado;10:00:00;MG;50;134;UBERABA;Demais falhas mec�nicas ou el�tricas;Colis�o com objeto;Com V�timas Feridas;Pleno dia;Crescente;C�u Claro;Dupla;"Reta;Aclive";N�o;3;0;1;0;2;0;1;1;-19,441215;-48,065212;SPRF-MG;DEL13-MG;UOP01-DEL13-MG;;;
687441;26/04/2025;s�bado;09:30:00;GO;80;24,7;PADRE BERNARDO;Aus�ncia de rea��o do condutor;Colis�o frontal;Com V�timas Fatais;Pleno dia;Decrescente;C�u Claro;Simples;Curva;N�o;2;1;0;0;1;0;0;2;-15,38405329;-48,32847118;SPRF-DF;DEL03-DF;UOP02-DEL03-DF;;;
687443;26/04/2025;s�bado;10:00:00;ES;262;64;MARECHAL FLORIANO;Curva acentuada;Tombamento;Com V�timas Feridas;Pleno dia;Decrescente;C�u Claro;Simples;Curva;N�o;3;0;2;0;0;1;2;2;-20,418668;-40,816593;SPRF-ES;DEL01-ES;UOP02-DEL01-ES;;;
687447;26/04/2025;s�bado;11:15:00;RJ;101;387;RIO DE JANEIRO;Aus�ncia de rea��o do condutor;Colis�o traseira;Com V�timas Feridas;Pleno dia;Crescente;C�u Claro;Dupla;Reta;N�o;2;0;1;0;1;0;1;2;-22,88679;-43,654108;SPRF-RJ;DEL03-RJ;UOP01-DEL03-RJ;;;
687448;26/04/2025;s�bado;11:35:00;PA;316;63;CASTANHAL;Acessar a via sem observar a presen�a dos outros ve�culos;Colis�o lateral mesmo sentido;Com V�timas Feridas;Pleno dia;Crescente;Nublado;Dupla;Reta;Sim;4;0;1;0;1;3;1;4;-1,2967;-47,9279;SPRF-PA;DEL01-PA;UOP01-DEL01-PA;;;
687450;26/04/2025;s�bado;09:30:00;SC;153;48,8;VARGEM BONITA;Rea��o tardia ou ineficiente do condutor;Colis�o traseira;Com V�timas Feridas;Pleno dia;Crescente;C�u Claro;Simples;Reta;N�o;7;0;4;0;2;1;4;3;-26,90768;-51,781403;SPRF-SC;DEL07-SC;UOP07-DEL07-SC;;;
687452;26/04/2025;s�bado;03:30:00;BA;116;286;TUCANO;Condutor Dormindo;Sa�da de leito carro��vel;Com V�timas Feridas;Amanhecer;Decrescente;C�u Claro;Simples;"Reta;Declive;Interse��o de Vias";Sim;2;0;0;1;0;1;1;2;-11,067062;-38,837763;SPRF-BA;DEL07-BA;UOP02-DEL07-BA;;;
687463;26/04/2025;s�bado;12:35:00;GO;153;651;GOIATUBA;Velocidade Incompat�vel;Tombamento;Com V�timas Feridas;Pleno dia;Crescente;C�u Claro;Dupla;Reta;N�o;3;0;1;0;1;1;1;2;-17,967586;-49,253546;SPRF-GO;DEL03-GO;UOP01-DEL03-GO;;;
687470;26/04/2025;s�bado;14:20:00;MG;40;618,5;CONGONHAS;Condutor deixou de manter dist�ncia do ve�culo da frente;Colis�o traseira;Com V�timas Feridas;Pleno dia;Crescente;C�u Claro;Simples;Reta;N�o;5;0;0;1;3;1;1;4;-20,4767967;-43,8424208;SPRF-MG;DEL05-MG;UOP02-DEL05-MG;;;
687473;26/04/2025;s�bado;14:00:00;SP;116;126;CACAPAVA;Manobra de mudan�a de faixa;Colis�o com objeto;Com V�timas Feridas;Pleno dia;Decrescente;C�u Claro;Dupla;Reta;N�o;3;0;1;1;0;1;2;2;-23,10337475;-45,69287091;SPRF-SP;DEL02-SP;UOP02-DEL02-SP;;;
687480;26/04/2025;s�bado;14:30:00;MG;262;44;MANHUACU;Condutor Dormindo;Colis�o lateral sentido oposto;Com V�timas Feridas;Pleno dia;Decrescente;C�u Claro;Simples;Reta;N�o;3;0;1;0;1;2;1;4;-20,26716911;-42,103014;SPRF-MG;DEL06-MG;UOP03-DEL06-MG;;;
687483;26/04/2025;s�bado;15:40:00;PR;376;602;CURITIBA;Rea��o tardia ou ineficiente do condutor;Sa�da de leito carro��vel;Com V�timas Feridas;Pleno dia;Decrescente;C�u Claro;Dupla;"Reta;Declive";N�o;2;0;1;0;0;1;1;2;-25,53144418;-49,32397842;SPRF-PR;DEL01-PR;UOP06-DEL01-PR;;;
687484;26/04/2025;s�bado;14:45:00;SC;116;54,2;PAPANDUVA;Demais falhas mec�nicas ou el�tricas;Colis�o com objeto;Sem V�timas;Pleno dia;Decrescente;C�u Claro;Simples;Reta;Sim;2;0;0;0;1;1;0;2;-26,39332327;-50,17585337;SPRF-SC;DEL06-SC;UOP02-DEL06-SC;;;
687492;26/04/2025;s�bado;14:20:00;MG;381;173;GOVERNADOR VALADARES;Rea��o tardia ou ineficiente do condutor;Sa�da de leito carro��vel;Com V�timas Feridas;Pleno dia;Crescente;C�u Claro;Simples;Curva;N�o;2;0;1;0;1;0;1;2;-18,97243795;-42,0954454;SPRF-MG;DEL06-MG;UOP01-DEL06-MG;;;
687494;26/04/2025;s�bado;17:15:00;BA;116;18;VITORIA DA CONQUISTA;Acessar a via sem observar a presen�a dos outros ve�culos;Colis�o lateral mesmo sentido;Com V�timas Feridas;Anoitecer;Decrescente;Nublado;Simples;Reta;Sim;4;0;2;0;1;1;2;3;-14,89652;-40,83093;SPRF-BA;DEL08-BA;UOP01-DEL08-BA;;;
687496;26/04/2025;s�bado;16:15:00;SC;101;142,8;BALNEARIO CAMBORIU;Objeto est�tico sobre o leito carro��vel;Colis�o com objeto;Com V�timas Feridas;Pleno dia;Decrescente;Sol;Dupla;Curva;N�o;2;0;1;0;1;0;1;2;-27,0492504;-48,59780638;SPRF-SC;DEL04-SC;UOP03-DEL04-SC;;;
687503;26/04/2025;s�bado;19:00:00;TO;153;303;PRESIDENTE KENNEDY;Aus�ncia de rea��o do condutor;Colis�o traseira;Com V�timas Fatais;Plena Noite;Crescente;C�u Claro;Simples;Reta;N�o;3;1;0;0;1;1;0;3;-8,55031476;-48,48293781;SPRF-TO;DEL02-TO;UOP02-DEL02-TO;;;
687509;26/04/2025;s�bado;13:20:00;MG;153;41;CANAPOLIS;Aus�ncia de rea��o do condutor;Colis�o traseira;Com V�timas Feridas;Pleno dia;Crescente;Nublado;Dupla;"Reta;Em Obras";N�o;5;0;1;0;3;2;1;4;-18,749364;-49,08565;SPRF-MG;DEL15-MG;UOP03-DEL15-MG;;;
687512;26/04/2025;s�bado;19:38:00;TO;153;679,8;CARIRI DO TOCANTINS;Convers�o proibida;Tombamento;Com V�timas Feridas;Plena Noite;Crescente;C�u Claro;Simples;Reta;N�o;3;0;1;0;1;1;1;3;-11,793972;-49,120086;SPRF-TO;DEL01-TO;UOP02-DEL01-TO;;;
687542;26/04/2025;s�bado;20:50:00;GO;50;99;CRISTALINA;Acesso irregular;Colis�o transversal;Com V�timas Feridas;Plena Noite;Decrescente;C�u Claro;Dupla;Reta;Sim;4;0;1;1;1;3;2;5;-16,7763;-47,624894;SPRF-DF;DEL01-DF;UOP02-DEL01-DF;;;
687552;26/04/2025;s�bado;12:50:00;BA;242;463;IBITIARA;Demais falhas mec�nicas ou el�tricas;Inc�ndio;Sem V�timas;Pleno dia;Decrescente;C�u Claro;Simples;"Aclive;Reta";N�o;2;0;0;0;1;2;0;3;-12,446022;-42,170291;SPRF-BA;DEL06-BA;UOP01-DEL06-BA;;;
687572;26/04/2025;s�bado;20:30:00;RO;364;70;VILHENA;Ultrapassagem Indevida;Colis�o lateral mesmo sentido;Com V�timas Feridas;Plena Noite;Decrescente;C�u Claro;Simples;"Declive;Reta";N�o;3;0;1;1;0;1;2;2;-12,49687781;-60,49130023;SPRF-RO;DEL04-RO;UOP01-DEL04-RO;;;
687582;27/04/2025;domingo;01:30:00;CE;116;504,1;BREJO SANTO;Ingest�o de �lcool pelo condutor;Colis�o frontal;Com V�timas Feridas;Plena Noite;Decrescente;C�u Claro;Simples;Reta;Sim;3;0;0;1;1;1;1;3;-7,506367;-38,987283;SPRF-CE;DEL05-CE;UOP03-DEL05-CE;;;
687593;27/04/2025;domingo;01:30:00;RN;304;101,2;ACU;Ingest�o de �lcool pelo condutor;Colis�o frontal;Com V�timas Feridas;Plena Noite;Crescente;C�u Claro;Simples;Aclive;N�o;2;0;1;0;1;0;1;2;-5,580398;-37,014288;SPRF-RN;DEL04-RN;UOP01-DEL04-RN;;;
687601;26/04/2025;s�bado;21:20:00;MG;40;569;NOVA LIMA;Aus�ncia de rea��o do condutor;Colis�o lateral mesmo sentido;Com V�timas Feridas;Plena Noite;Decrescente;C�u Claro;Simples;Reta;Sim;3;0;2;0;0;1;2;2;-20,21275;-43,972783;SPRF-MG;DEL01-MG;UOP02-DEL01-MG;;;
687607;27/04/2025;domingo;07:00:00;PR;376;605;CURITIBA;Acessar a via sem observar a presen�a dos outros ve�culos;Tombamento;Com V�timas Feridas;Amanhecer;Crescente;Nevoeiro/Neblina;Dupla;Interse��o de Vias;N�o;2;0;1;0;1;0;1;2;-25,5428674;-49,30903316;SPRF-PR;DEL01-PR;UOP06-DEL01-PR;;;
687608;27/04/2025;domingo;06:30:00;CE;116;54;PACAJUS;Velocidade Incompat�vel;Tombamento;Com V�timas Feridas;Pleno dia;Decrescente;C�u Claro;M�ltipla;Curva;Sim;1;0;1;0;0;0;1;1;-4,19732511;-38,46940267;SPRF-CE;DEL01-CE;UOP02-DEL01-CE;;;
687609;27/04/2025;domingo;06:00:00;BA;116;522;ITATIM;Transitar na contram�o;Colis�o lateral sentido oposto;Com V�timas Feridas;Pleno dia;Crescente;C�u Claro;Simples;Reta;N�o;8;0;4;0;0;4;4;5;-12,71584396;-39,74423983;SPRF-BA;DEL03-BA;UOP02-DEL03-BA;;;
687612;27/04/2025;domingo;06:58:00;PR;277;328;GUARAPUAVA;Condutor usando celular;Sa�da de leito carro��vel;Com V�timas Feridas;Amanhecer;Crescente;Nevoeiro/Neblina;Simples;Curva;N�o;1;0;1;0;0;0;1;1;-25,35955731;-51,35379051;SPRF-PR;DEL08-PR;UOP01-DEL08-PR;;;
687628;27/04/2025;domingo;06:20:00;RO;364;540;ALTO PARAISO;Aus�ncia de rea��o do condutor;Tombamento;Com V�timas Feridas;Pleno dia;Decrescente;C�u Claro;Simples;"Curva;Declive";N�o;2;0;1;0;0;1;1;2;-9,72128174;-63,11996341;SPRF-RO;DEL03-RO;UOP01-DEL03-RO;;;
687631;27/04/2025;domingo;10:25:00;MG;40;466;SETE LAGOAS;Transtornos Mentais (exceto suicidio);Atropelamento de Pedestre;Com V�timas Fatais;Pleno dia;Decrescente;C�u Claro;Dupla;Reta;N�o;4;1;0;0;1;2;0;3;-19,45293;-44,31352;SPRF-MG;DEL02-MG;UOP01-DEL02-MG;;;
687644;27/04/2025;domingo;11:42:00;MG;381;3;BETIM;Demais falhas mec�nicas ou el�tricas;Inc�ndio;Sem V�timas;Pleno dia;Decrescente;C�u Claro;Dupla;Reta;Sim;2;0;0;0;2;0;0;1;-19,984637;-44,166826;SPRF-MG;DEL01-MG;UOP03-DEL01-MG;;;
687650;27/04/2025;domingo;11:20:00;PI;316;182;VALENCA DO PIAUI;Manobra de mudan�a de faixa;Capotamento;Com V�timas Feridas;Pleno dia;Crescente;C�u Claro;Simples;Reta;N�o;5;0;0;1;2;2;1;5;-6,406144;-41,8381824;SPRF-PI;DEL04-PI;UOP02-DEL04-PI;;;
687651;27/04/2025;domingo;12:10:00;BA;116;781,7;PLANALTO;Ultrapassagem Indevida;Colis�o frontal;Com V�timas Fatais;Pleno dia;Crescente;C�u Claro;Simples;Reta;N�o;3;1;0;0;1;2;0;4;-14,67639395;-40,50283253;SPRF-BA;DEL08-BA;UOP02-DEL08-BA;;;
687656;27/04/2025;domingo;12:50:00;CE;222;339;TIANGUA;Avarias e/ou desgaste excessivo no pneu;Inc�ndio;Sem V�timas;Pleno dia;Crescente;C�u Claro;Simples;Reta;N�o;2;0;0;0;1;2;0;3;-3,889623;-41,182073;SPRF-CE;DEL04-CE;UOP02-DEL04-CE;;;
687659;11/04/2025;sexta-feira;15:12:00;MG;381;820;CAREACU;Condutor deixou de manter dist�ncia do ve�culo da frente;Colis�o traseira;Com V�timas Feridas;Pleno dia;Decrescente;C�u Claro;Dupla;Reta;N�o;3;0;1;0;1;1;1;3;-22,068578;-45,702822;SPRF-MG;DEL16-MG;UOP02-DEL16-MG;;;
687662;27/04/2025;domingo;10:02:00;SC;163;108,3;GUARUJA DO SUL;Velocidade Incompat�vel;Tombamento;Com V�timas Feridas;Pleno dia;Crescente;C�u Claro;Simples;"Declive;Curva";N�o;2;0;1;0;0;1;1;2;-26,40924437;-53,52238655;SPRF-SC;DEL07-SC;UOP03-DEL07-SC;;;
687665;27/04/2025;domingo;14:40:00;ES;101;393;RIO NOVO DO SUL;Acessar a via sem observar a presen�a dos outros ve�culos;Colis�o lateral sentido oposto;Com V�timas Feridas;Pleno dia;Crescente;Sol;Simples;Reta;N�o;3;0;0;1;1;1;1;3;-20,86647455;-40,90843678;SPRF-ES;DEL03-ES;UOP02-DEL03-ES;;;
687671;27/04/2025;domingo;11:35:00;MT;364;208;RONDONOPOLIS;Avarias e/ou desgaste excessivo no pneu;Sa�da de leito carro��vel;Com V�timas Feridas;Pleno dia;Crescente;Sol;Dupla;Reta;Sim;2;0;1;0;0;1;1;2;-16,43653795;-54,68225956;SPRF-MT;DEL02-MT;UOP01-DEL02-MT;;;
687685;27/04/2025;domingo;10:20:00;MA;222;622;ACAILANDIA;Rea��o tardia ou ineficiente do condutor;Sa�da de leito carro��vel;Com V�timas Feridas;Pleno dia;Crescente;C�u Claro;Simples;"Curva;Aclive";N�o;2;0;1;0;0;1;1;2;-4,763407;-47,051567;SPRF-MA;DEL04-MA;UOP03-DEL04-MA;;;
687688;27/04/2025;domingo;16:50:00;BA;116;509;SANTA TERESINHA;Ultrapassagem Indevida;Colis�o frontal;Com V�timas Feridas;Pleno dia;Decrescente;C�u Claro;Simples;Curva;N�o;3;0;0;1;1;1;1;3;-12,60718961;-39,55731964;SPRF-BA;DEL02-BA;UOP01-DEL02-BA;;;
687694;27/04/2025;domingo;15:30:00;MT;163;1102;GUARANTA DO NORTE;Velocidade Incompat�vel;Tombamento;Com V�timas Feridas;Pleno dia;Crescente;C�u Claro;Simples;"Declive;Curva";N�o;2;0;0;1;0;2;1;3;-9,6495794;-54,873038;SPRF-MT;DEL06-MT;UOP03-DEL06-MT;;;
687695;27/04/2025;domingo;15:30:00;RJ;116;236;PIRAI;Aus�ncia de rea��o do condutor;Colis�o traseira;Com V�timas Feridas;Pleno dia;Decrescente;Sol;M�ltipla;Reta;N�o;5;0;1;1;2;1;2;3;-22,66763285;-43,85911435;SPRF-RJ;DEL07-RJ;UOP01-DEL07-RJ;;;
687715;27/04/2025;domingo;18:00:00;RS;153;50,8;ERECHIM;Acesso irregular;Colis�o transversal;Sem V�timas;Anoitecer;Decrescente;Garoa/Chuvisco;Simples;Rotat�ria;Sim;3;0;0;0;1;2;0;3;-27,65715102;-52,27801323;SPRF-RS;DEL08-RS;UOP04-DEL08-RS;;;
687720;27/04/2025;domingo;14:00:00;MT;174;329;PONTES E LACERDA;Transitar na contram�o;Colis�o frontal;Com V�timas Fatais;Pleno dia;Crescente;Sol;Simples;Reta;N�o;2;1;1;0;0;0;1;2;-14,90571;-59,293703;SPRF-MT;DEL04-MT;UOP01-DEL04-MT;;;
687730;27/04/2025;domingo;18:50:00;TO;153;392;RIO DOS BOIS;Acesso irregular;Colis�o transversal;Sem V�timas;Plena Noite;Decrescente;Chuva;Simples;Curva;Sim;3;0;0;0;2;1;0;3;-9,33787842;-48,53510767;SPRF-TO;DEL02-TO;UOP02-DEL02-TO;;;
687734;27/04/2025;domingo;19:10:00;MT;70;505;CUIABA;Transitar na contram�o;Colis�o frontal;Com V�timas Feridas;Plena Noite;Crescente;Chuva;Simples;Reta;N�o;3;0;1;1;1;0;2;2;-15,70099174;-56,04875833;SPRF-MT;DEL01-MT;UOP02-DEL01-MT;;;
687736;27/04/2025;domingo;20:00:00;BA;116;542;ITATIM;Acessar a via sem observar a presen�a dos outros ve�culos;Colis�o transversal;Com V�timas Feridas;Plena Noite;Decrescente;C�u Claro;Simples;"Reta;Interse��o de Vias";N�o;2;0;1;0;1;0;1;2;-12,84696;-39,84111;SPRF-BA;DEL03-BA;UOP02-DEL03-BA;;;