id;data_inversa;dia_semana;horario;uf;br;km;municipio;causa_acidente;tipo_acidente;classificacao_acidente;fase_dia;sentido_via;condicao_metereologica;tipo_pista;tracado_via;uso_solo;pessoas;mortos;feridos_leves;feridos_graves;ilesos;ignorados;feridos;veiculos;latitude;longitude;regional;delegacia;uop;;;
687737;27/04/2025;domingo;16:45:00;MA;316;561;CAXIAS;Manobra de mudan�a de faixa;Colis�o frontal;Com V�timas Feridas;Pleno dia;Decrescente;C�u Claro;Simples;Reta;N�o;2;0;0;1;1;0;1;2;-4,892597;-43,277167;SPRF-MA;DEL03-MA;UOP02-DEL03-MA;;;
687744;27/04/2025;domingo;20:30:00;MG;381;333;JOAO MONLEVADE;Velocidade Incompat�vel;Sa�da de leito carro��vel;Com V�timas Feridas;Plena Noite;Crescente;Nublado;Simples;"Curva;Declive";N�o;1;0;1;0;0;0;1;1;-19,841024;-43,1751168;SPRF-MG;DEL03-MG;UOP01-DEL03-MG;;;
687754;27/04/2025;domingo;20:30:00;BA;101;368,3;GANDU;Condutor deixou de manter dist�ncia do ve�culo da frente;Colis�o traseira;Sem V�timas;Plena Noite;Decrescente;C�u Claro;Simples;Reta;N�o;2;0;0;0;1;1;0;2;-13,7622941;-39,4911617;SPRF-BA;DEL05-BA;UOP03-DEL05-BA;;;
687755;27/04/2025;domingo;15:20:00;MG;251;330,5;FRUTA DE LEITE;Transitar na contram�o;Tombamento;Com V�timas Feridas;Pleno dia;Decrescente;C�u Claro;Simples;Curva;N�o;9;0;5;1;2;2;6;6;-16,24688;-42,38235;SPRF-MG;DEL12-MG;UOP02-DEL12-MG;;;
687761;27/04/2025;domingo;11:30:00;BA;116;580;NOVA ITARANA;Ultrapassagem Indevida;Colis�o frontal;Sem V�timas;Pleno dia;Decrescente;C�u Claro;M�ltipla;"Reta;Aclive";N�o;3;0;0;0;2;2;0;4;-13,14505097;-40,00217225;SPRF-BA;DEL03-BA;UOP02-DEL03-BA;;;
687762;27/04/2025;domingo;22:54:00;PE;232;396;SERRA TALHADA;Animais na Pista;Atropelamento de Animal;Com V�timas Feridas;Plena Noite;Decrescente;C�u Claro;Simples;Reta;N�o;5;0;3;1;0;1;4;3;-7,9887397;-38,2559815;SPRF-PE;DEL04-PE;UOP01-DEL04-PE;;;
687769;27/04/2025;domingo;20:05:00;MT;158;622,8;AGUA BOA;Rea��o tardia ou ineficiente do condutor;Tombamento;Com V�timas Feridas;Plena Noite;Decrescente;C�u Claro;Simples;Reta;N�o;2;0;1;0;0;1;1;2;-14,0868989;-52,1609649;SPRF-MT;DEL07-MT;UOP02-DEL07-MT;;;
687771;28/04/2025;segunda-feira;00:47:00;CE;116;34;AQUIRAZ;Aus�ncia de rea��o do condutor;Sa�da de leito carro��vel;Sem V�timas;Plena Noite;Crescente;Chuva;Dupla;Declive;Sim;2;0;0;0;1;2;0;3;-4,0483;-38,5066954;SPRF-CE;DEL01-CE;UOP02-DEL01-CE;;;
687784;27/04/2025;domingo;19:15:00;MG;381;385;SAO GONCALO DO RIO ABAIXO;Velocidade Incompat�vel;Tombamento;Com V�timas Feridas;Plena Noite;Crescente;Chuva;Simples;Curva;N�o;2;0;0;1;0;1;1;2;-19,82180373;-43,38751629;SPRF-MG;DEL01-MG;UOP01-DEL01-MG;;;
687786;28/04/2025;segunda-feira;00:00:00;ES;101;33;CONCEICAO DA BARRA;Condutor Dormindo;Sa�da de leito carro��vel;Com V�timas Feridas;Plena Noite;Crescente;C�u Claro;Simples;Reta;N�o;2;0;1;0;0;2;1;3;-18,44622978;-39,93204117;SPRF-ES;DEL04-ES;UOP02-DEL04-ES;;;
687787;28/04/2025;segunda-feira;04:00:00;PE;104;68,8;CARUARU;Aus�ncia de rea��o do condutor;Colis�o traseira;Com V�timas Feridas;Amanhecer;Crescente;C�u Claro;Dupla;Reta;Sim;3;0;1;1;1;0;2;2;-8,31279601;-35,99090751;SPRF-PE;DEL02-PE;UOP01-DEL02-PE;;;
687801;27/04/2025;domingo;20:30:00;MA;135;188,8;SAO MATEUS DO MARANHAO;Aus�ncia de rea��o do condutor;Sa�da de leito carro��vel;Com V�timas Feridas;Plena Noite;Decrescente;C�u Claro;Simples;"Ponte;Reta";N�o;1;0;0;1;0;0;1;1;-4,02912248;-44,46541787;SPRF-MA;DEL03-MA;UOP01-DEL03-MA;;;
687806;10/03/2025;segunda-feira;02:30:00;CE;222;304,8;TIANGUA;Transitar na contram�o;Colis�o frontal;Com V�timas Fatais;Plena Noite;Crescente;Nevoeiro/Neblina;Simples;"Declive;Reta";Sim;2;1;1;0;0;0;1;2;-3,67270943;-40,96580744;SPRF-CE;DEL04-CE;UOP02-DEL04-CE;;;
687811;14/04/2025;segunda-feira;23:30:00;BA;101;883,8;TEIXEIRA DE FREITAS;Velocidade Incompat�vel;Tombamento;Sem V�timas;Plena Noite;Decrescente;Nublado;Simples;"Curva;Declive";N�o;1;0;0;0;1;0;0;1;-17,60034628;-39,74857718;SPRF-BA;DEL09-BA;UOP02-DEL09-BA;;;
687815;28/04/2025;segunda-feira;08:20:00;BA;116;832,5;VITORIA DA CONQUISTA;Desrespeitar a prefer�ncia no cruzamento;Colis�o transversal;Sem V�timas;Pleno dia;Crescente;Sol;Simples;"Reta;Interse��o de Vias";N�o;3;0;0;0;2;1;0;3;-14,92944275;-40,88643551;SPRF-BA;DEL08-BA;UOP01-DEL08-BA;;;
687817;28/04/2025;segunda-feira;08:45:00;SC;101;212,2;PALHOCA;Aus�ncia de rea��o do condutor;Colis�o traseira;Com V�timas Feridas;Pleno dia;Crescente;C�u Claro;M�ltipla;Reta;Sim;8;0;0;2;5;1;2;7;-27,63162;-48,66078;SPRF-SC;DEL01-SC;UOP02-DEL01-SC;;;
687821;28/04/2025;segunda-feira;08:00:00;RJ;493;68;NOVA IGUACU;Ultrapassagem Indevida;Colis�o lateral mesmo sentido;Com V�timas Feridas;Pleno dia;Decrescente;C�u Claro;Dupla;Curva;N�o;4;0;1;0;2;1;1;4;-22,68203;-43,474396;SPRF-RJ;DEL01-RJ;UOP03-DEL01-RJ;;;
687826;27/04/2025;domingo;21:00:00;PA;163;494;ITAITUBA;Mal s�bito do condutor;Sa�da de leito carro��vel;Com V�timas Fatais;Plena Noite;Crescente;Nublado;Simples;Curva;N�o;2;1;0;0;0;2;0;3;-5,59035964;-55,81535339;SPRF-PA;DEL05-PA;UOP03-DEL05-PA;;;
687827;28/04/2025;segunda-feira;08:30:00;BA;116;498;SANTA TERESINHA;Condutor Dormindo;Colis�o lateral sentido oposto;Com V�timas Feridas;Pleno dia;Crescente;C�u Claro;Simples;Reta;N�o;3;0;1;0;1;1;1;3;-12,598142;-39,5394052;SPRF-BA;DEL02-BA;UOP01-DEL02-BA;;;
687832;28/04/2025;segunda-feira;10:10:00;RS;290;102;PORTO ALEGRE;Problema com o freio;Colis�o traseira;Sem V�timas;Pleno dia;Crescente;C�u Claro;Dupla;"Reta;Ponte";N�o;7;0;0;0;6;1;0;5;-29,98974831;-51,26519404;SPRF-RS;DEL01-RS;UOP01-DEL01-RS;;;
687833;28/04/2025;segunda-feira;10:40:00;SC;101;334,8;TUBARAO;Aus�ncia de rea��o do condutor;Colis�o traseira;Com V�timas Feridas;Pleno dia;Crescente;C�u Claro;M�ltipla;Reta;Sim;3;0;0;1;1;1;1;3;-28,47383133;-49,02577043;SPRF-SC;DEL02-SC;UOP01-DEL02-SC;;;
687838;07/04/2025;segunda-feira;12:30:00;BA;242;323;LAJEDINHO;Rea��o tardia ou ineficiente do condutor;Tombamento;Com V�timas Feridas;Pleno dia;Crescente;C�u Claro;Simples;Curva;N�o;1;0;0;1;0;0;1;1;-12,46562;-41,085393;SPRF-BA;DEL06-BA;UOP02-DEL06-BA;;;
687839;28/04/2025;segunda-feira;07:40:00;RJ;101;306;SAO GONCALO;Problema com o freio;Engavetamento;Com V�timas Feridas;Pleno dia;Crescente;C�u Claro;Dupla;Reta;Sim;6;0;2;0;4;0;2;4;-22,78851565;-43,00308164;SPRF-RJ;DEL02-RJ;UOP02-DEL02-RJ;;;
687843;28/04/2025;segunda-feira;11:00:00;PR;376;261,9;CALIFORNIA;Demais falhas mec�nicas ou el�tricas;Inc�ndio;Sem V�timas;Pleno dia;Decrescente;C�u Claro;Dupla;"Reta;Aclive";N�o;2;0;0;0;1;1;0;2;-23,6946938;-51,34237139;SPRF-PR;DEL07-PR;UOP03-DEL07-PR;;;
687850;28/04/2025;segunda-feira;12:30:00;SC;101;214,2;PALHOCA;Carga excessiva e/ou mal acondicionada;Colis�o com objeto;Com V�timas Feridas;Pleno dia;Decrescente;C�u Claro;M�ltipla;Reta;Sim;2;0;1;0;0;1;1;2;-27,64644;-48,67151;SPRF-SC;DEL01-SC;UOP02-DEL01-SC;;;
687852;28/04/2025;segunda-feira;10:20:00;RJ;356;110;ITAPERUNA;Aus�ncia de rea��o do condutor;Tombamento;Com V�timas Feridas;Pleno dia;Crescente;C�u Claro;Simples;Reta;N�o;2;0;1;0;0;1;1;2;-21,2584541;-41,7691288;SPRF-RJ;DEL08-RJ;UOP03-DEL08-RJ;;;
687854;28/04/2025;segunda-feira;12:30:00;DF;60;10,2;BRASILIA;Rea��o tardia ou ineficiente do condutor;Colis�o com objeto;Sem V�timas;Pleno dia;Crescente;C�u Claro;Dupla;Reta;N�o;3;0;0;0;3;0;0;1;-15,910363;-48,15236;SPRF-DF;DEL03-DF;UOP01-DEL03-DF;;;
687858;28/04/2025;segunda-feira;13:00:00;PR;369;405;JURANDA;Avarias e/ou desgaste excessivo no pneu;Sa�da de leito carro��vel;Com V�timas Feridas;Pleno dia;Crescente;C�u Claro;Simples;Reta;N�o;2;0;1;0;1;0;1;1;-24,395718;-52,805729;SPRF-PR;DEL04-PR;UOP03-DEL04-PR;;;
687859;28/04/2025;segunda-feira;10:24:00;MA;222;415;SANTA LUZIA;Demais falhas na via;Colis�o frontal;Com V�timas Feridas;Pleno dia;Decrescente;C�u Claro;Simples;Reta;N�o;3;0;0;1;1;1;1;3;-4,001773;-45,7182118;SPRF-MA;DEL02-MA;UOP01-DEL02-MA;;;
687860;03/03/2025;segunda-feira;11:30:00;ES;262;163,5;IBATIBA;Aus�ncia de rea��o do condutor;Colis�o com objeto;Com V�timas Feridas;Pleno dia;Decrescente;C�u Claro;Simples;"Reta;Aclive";N�o;2;0;0;1;1;0;1;2;-20,241077;-41,546752;SPRF-ES;DEL01-ES;UOP02-DEL01-ES;;;
687863;28/04/2025;segunda-feira;12:35:00;MG;365;621,5;UBERLANDIA;Rea��o tardia ou ineficiente do condutor;Engavetamento;Sem V�timas;Pleno dia;Crescente;Chuva;Dupla;"Reta;Aclive";Sim;4;0;0;0;4;0;0;4;-18,8886492;-48,2685643;SPRF-MG;DEL15-MG;UOP01-DEL15-MG;;;
687864;12/04/2025;s�bado;08:10:00;TO;10;495;APARECIDA DO RIO NEGRO;Avarias e/ou desgaste excessivo no pneu;Tombamento;Com V�timas Feridas;Pleno dia;Crescente;C�u Claro;Simples;"Declive;Curva";N�o;2;0;1;0;0;2;1;3;-10,126175;-48,174603;SPRF-TO;DEL01-TO;UOP03-DEL01-TO;;;
687865;21/03/2025;sexta-feira;23:30:00;SC;101;108;PENHA;Demais falhas mec�nicas ou el�tricas;Inc�ndio;Sem V�timas;Plena Noite;Crescente;C�u Claro;Dupla;Reta;N�o;1;0;0;0;1;0;0;1;-26,83248156;-48,69443715;SPRF-SC;DEL03-SC;UOP02-DEL03-SC;;;
687869;28/04/2025;segunda-feira;13:10:00;PR;476;340,6;PAULA FREITAS;Manobra de mudan�a de faixa;Colis�o lateral sentido oposto;Com V�timas Feridas;Pleno dia;Crescente;C�u Claro;Simples;Em Obras;N�o;3;0;1;0;1;1;1;3;-26,16714933;-50,90050936;SPRF-PR;DEL02-PR;UOP03-DEL02-PR;;;
687870;28/04/2025;segunda-feira;11:26:00;GO;153;63;PORANGATU;Ingest�o de �lcool pelo condutor;Sa�da de leito carro��vel;Sem V�timas;Pleno dia;Decrescente;C�u Claro;Simples;Reta;N�o;2;0;0;0;1;2;0;3;-13,37354;-49,12628;SPRF-GO;DEL07-GO;UOP01-DEL07-GO;;;
687872;28/04/2025;segunda-feira;14:15:00;PR;476;164,9;ARAUCARIA;Ingest�o de �lcool pelo condutor;Colis�o lateral sentido oposto;Com V�timas Fatais;Pleno dia;Decrescente;C�u Claro;Simples;Reta;N�o;8;1;2;2;3;0;4;4;-25,64440015;-49,47335052;SPRF-PR;DEL01-PR;UOP06-DEL01-PR;;;
687873;28/04/2025;segunda-feira;12:22:00;MT;163;834,4;SINOP;Rea��o tardia ou ineficiente do condutor;Colis�o lateral mesmo sentido;Com V�timas Feridas;Pleno dia;Crescente;C�u Claro;Dupla;Retorno Regulamentado;Sim;2;0;1;0;1;0;1;2;-11,86681232;-55,49641225;SPRF-MT;DEL06-MT;UOP02-DEL06-MT;;;
687874;28/04/2025;segunda-feira;09:30:00;MT;70;154;GENERAL CARNEIRO;Ultrapassagem Indevida;Sa�da de leito carro��vel;Sem V�timas;Pleno dia;Crescente;Sol;Simples;"Reta;Declive";N�o;3;0;0;0;1;2;0;3;-15,59000836;-53,29106642;SPRF-MT;DEL07-MT;UOP01-DEL07-MT;;;
687875;27/03/2025;quinta-feira;14:30:00;MA;226;51;LAJEADO NOVO;Pista esburacada;Tombamento;Com V�timas Feridas;Pleno dia;Decrescente;C�u Claro;Simples;Reta;N�o;2;0;1;0;0;1;1;2;-6,19211364;-47,033741;SPRF-MA;DEL03-MA;UOP02-DEL03-MA;;;
687882;28/04/2025;segunda-feira;15:45:00;PB;230;403,2;POMBAL;Transitar na contram�o;Colis�o lateral sentido oposto;Com V�timas Fatais;Pleno dia;Crescente;C�u Claro;Simples;Reta;N�o;4;1;0;0;1;2;0;4;-6,793353;-37,785485;SPRF-PB;DEL03-PB;UOP02-DEL03-PB;;;
687883;28/04/2025;segunda-feira;06:30:00;BA;324;445;RIACHAO DO JACUIPE;Aus�ncia de rea��o do condutor;Colis�o lateral sentido oposto;Com V�timas Fatais;Pleno dia;Crescente;Nublado;Simples;Reta;N�o;4;1;0;1;2;0;1;3;-11,85021;-39,33838;SPRF-BA;DEL04-BA;UOP02-DEL04-BA;;;
687884;04/04/2025;sexta-feira;16:45:00;ES;101;231,1;FUNDAO;Pedestre cruzava a pista fora da faixa;Atropelamento de Pedestre;Com V�timas Feridas;Anoitecer;Crescente;C�u Claro;Simples;Reta;N�o;4;0;1;0;1;2;1;3;-19,94581667;-40,40393333;SPRF-ES;DEL02-ES;UOP01-DEL02-ES;;;
687885;28/04/2025;segunda-feira;16:43:00;RJ;101;70;CAMPOS DOS GOYTACAZES;Condutor Dormindo;Colis�o lateral sentido oposto;Com V�timas Feridas;Pleno dia;Crescente;C�u Claro;Simples;Reta;N�o;4;0;2;0;1;1;2;3;-21,775219;-41,363228;SPRF-RJ;DEL08-RJ;UOP02-DEL08-RJ;;;
687886;28/04/2025;segunda-feira;16:15:00;PR;277;726,4;FOZ DO IGUACU;Acessar a via sem observar a presen�a dos outros ve�culos;Queda de ocupante de ve�culo;Com V�timas Fatais;Pleno dia;Crescente;Sol;Dupla;Curva;Sim;7;1;0;0;2;4;0;5;-25,51033;-54,55818;SPRF-PR;DEL05-PR;UOP03-DEL05-PR;;;
687887;28/04/2025;segunda-feira;16:20:00;PR;376;298,5;MAUA DA SERRA;Desrespeitar a prefer�ncia no cruzamento;Colis�o transversal;Com V�timas Feridas;Pleno dia;Decrescente;C�u Claro;Dupla;Aclive;N�o;3;0;1;0;2;0;1;2;-23,930786;-51,16943328;SPRF-PR;DEL07-PR;UOP02-DEL07-PR;;;
687888;28/04/2025;segunda-feira;16:06:00;PR;153;484,5;GENERAL CARNEIRO;Desrespeitar a prefer�ncia no cruzamento;Colis�o transversal;Sem V�timas;Pleno dia;Crescente;C�u Claro;Dupla;Interse��o de Vias;N�o;3;0;0;0;2;2;0;4;-26,387;-51,27305;SPRF-PR;DEL02-PR;UOP03-DEL02-PR;;;
687889;28/04/2025;segunda-feira;14:45:00;AM;174;896;PRESIDENTE FIGUEIREDO;Problema na suspens�o;Tombamento;Com V�timas Feridas;Pleno dia;Decrescente;C�u Claro;Simples;Rotat�ria;N�o;2;0;1;0;0;1;1;2;-2,08149504;-60,0077672;SPRF-AM;DEL01-AM;UOP01-DEL01-AM;;;
687892;28/04/2025;segunda-feira;11:30:00;BA;242;515;OLIVEIRA DOS BREJINHOS;Demais falhas mec�nicas ou el�tricas;Inc�ndio;Sem V�timas;Pleno dia;Crescente;C�u Claro;Simples;Reta;N�o;2;0;0;0;1;1;0;2;-12,34505164;-42,51217738;SPRF-BA;DEL06-BA;UOP01-DEL06-BA;;;
687894;28/04/2025;segunda-feira;13:30:00;MT;70;220;GENERAL CARNEIRO;Aus�ncia de rea��o do condutor;Tombamento;Com V�timas Feridas;Pleno dia;Decrescente;C�u Claro;Simples;Curva;N�o;2;0;1;0;0;2;1;3;-15,68222;-53,8495;SPRF-MT;DEL05-MT;UOP01-DEL05-MT;;;
687904;28/04/2025;segunda-feira;16:28:00;RN;304;192;LAJES;Rea��o tardia ou ineficiente do condutor;Colis�o com objeto;Sem V�timas;Pleno dia;Crescente;C�u Claro;Simples;"Reta;Ponte";N�o;5;0;0;0;4;2;0;4;-5,705187;-36,247303;SPRF-RN;DEL01-RN;UOP03-DEL01-RN;;;
687907;28/04/2025;segunda-feira;18:30:00;TO;153;284;BRASILANDIA DO TOCANTINS;Acessar a via sem observar a presen�a dos outros ve�culos;Colis�o transversal;Com V�timas Feridas;Anoitecer;Crescente;C�u Claro;Simples;Reta;Sim;2;0;0;1;1;0;1;2;-8,39038889;-48,48679572;SPRF-TO;DEL02-TO;UOP02-DEL02-TO;;;
687921;24/03/2025;segunda-feira;22:30:00;MG;381;748;TRES CORACOES;Rea��o tardia ou ineficiente do condutor;Colis�o traseira;Com V�timas Feridas;Plena Noite;Decrescente;Nublado;Dupla;Reta;N�o;4;0;1;0;2;1;1;4;-21,64031616;-45,28598785;SPRF-MG;DEL16-MG;UOP02-DEL16-MG;;;
687922;28/04/2025;segunda-feira;12:41:00;GO;60;433;RIO VERDE;Rea��o tardia ou ineficiente do condutor;Sa�da de leito carro��vel;Com V�timas Feridas;Pleno dia;Decrescente;Chuva;Dupla;"Reta;Aclive";N�o;2;0;1;1;0;0;2;1;-17,82492766;-51,32452447;SPRF-GO;DEL04-GO;UOP02-DEL04-GO;;;
687924;28/04/2025;segunda-feira;17:57:00;MS;163;495,5;CAMPO GRANDE;Acessar a via sem observar a presen�a dos outros ve�culos;Sa�da de leito carro��vel;Sem V�timas;Plena Noite;Crescente;Nublado;Simples;"Rotat�ria;Retorno Regulamentado;Interse��o de Vias";N�o;2;0;0;0;2;0;0;2;-20,363762;-54,527932;SPRF-MS;DEL01-MS;UOP02-DEL01-MS;;;
687925;28/04/2025;segunda-feira;16:40:00;RJ;40;101,9;DUQUE DE CAXIAS;Transitar no Acostamento;Colis�o traseira;Com V�timas Feridas;Pleno dia;Crescente;C�u Claro;Dupla;Reta;N�o;2;0;0;1;1;0;1;2;-22,61182208;-43,286798;SPRF-RJ;DEL01-RJ;UOP02-DEL01-RJ;;;
687930;28/04/2025;segunda-feira;18:40:00;RS;153;383,2;NOVO CABRAIS;Ingest�o de �lcool pelo condutor;Colis�o transversal;Sem V�timas;Plena Noite;Decrescente;C�u Claro;Simples;Curva;N�o;2;0;0;0;2;0;0;2;-29,821685;-52,969485;SPRF-RS;DEL02-RS;UOP03-DEL02-RS;;;
687932;28/04/2025;segunda-feira;18:00:00;MG;116;714,1;MURIAE;Suic�dio (presumido);Colis�o frontal;Com V�timas Feridas;Plena Noite;Crescente;C�u Claro;Simples;Curva;N�o;3;0;0;1;1;1;1;3;-21,201;-42,385;SPRF-MG;DEL07-MG;UOP02-DEL07-MG;;;
687933;28/04/2025;segunda-feira;19:55:00;PR;376;491;PONTA GROSSA;Rea��o tardia ou ineficiente do condutor;Engavetamento;Com V�timas Fatais;Plena Noite;Crescente;C�u Claro;Dupla;"Declive;Reta";N�o;11;1;2;0;5;11;2;16;-25,107445;-50,191961;SPRF-PR;DEL03-PR;UOP04-DEL03-PR;;;
687935;28/04/2025;segunda-feira;11:00:00;RO;364;250;PIMENTA BUENO;Transitar na contram�o;Colis�o frontal;Com V�timas Feridas;Pleno dia;Decrescente;C�u Claro;Simples;Aclive;N�o;4;0;2;0;1;3;2;5;-11,996212;-60,935628;SPRF-RO;DEL02-RO;UOP02-DEL02-RO;;;
687947;28/04/2025;segunda-feira;16:10:00;AL;101;51;FLEXEIRAS;Velocidade Incompat�vel;Tombamento;Com V�timas Feridas;Pleno dia;Decrescente;C�u Claro;Dupla;Curva;N�o;2;0;0;1;0;1;1;2;-9,248518;-35,757135;SPRF-AL;DEL01-AL;UOP02-DEL01-AL;;;
687950;28/04/2025;segunda-feira;21:20:00;BA;101;368;GANDU;Condutor Dormindo;Colis�o traseira;Com V�timas Feridas;Plena Noite;Crescente;Nublado;Simples;Reta;N�o;3;0;1;0;1;2;1;4;-13,765617;-39,491193;SPRF-BA;DEL05-BA;UOP03-DEL05-BA;;;
687951;28/04/2025;segunda-feira;18:45:00;MA;222;641;ACAILANDIA;Velocidade Incompat�vel;Tombamento;Com V�timas Feridas;Plena Noite;Decrescente;C�u Claro;Simples;"Curva;Declive";N�o;2;0;1;0;0;2;1;3;-4,807072;-47,232448;SPRF-MA;DEL04-MA;UOP03-DEL04-MA;;;
687957;28/04/2025;segunda-feira;21:15:00;MG;251;464,5;GRAO MOGOL;Velocidade Incompat�vel;Colis�o lateral sentido oposto;Com V�timas Feridas;Plena Noite;Decrescente;Chuva;Simples;"Curva;Declive";N�o;6;0;2;2;1;1;4;3;-16,439343;-43,39401;SPRF-MG;DEL12-MG;UOP01-DEL12-MG;;;
687961;28/04/2025;segunda-feira;23:50:00;BA;242;801;BARREIRAS;Velocidade Incompat�vel;Sa�da de leito carro��vel;Com V�timas Feridas;Plena Noite;Decrescente;Chuva;Simples;"Declive;Curva";N�o;5;0;0;4;0;1;4;2;-12,15026085;-44,88682241;SPRF-BA;DEL10-BA;UOP01-DEL10-BA;;;
687965;28/04/2025;segunda-feira;22:15:00;ES;262;184,5;IUNA;Transitar na contram�o;Colis�o lateral sentido oposto;Com V�timas Feridas;Plena Noite;Crescente;Nublado;Simples;"Aclive;Curva";N�o;2;0;1;0;1;0;1;2;-20,296857;-41,709423;SPRF-ES;DEL01-ES;UOP02-DEL01-ES;;;
687969;29/04/2025;ter�a-feira;01:30:00;RJ;356;65;ITAPERUNA;Chuva;Sa�da de leito carro��vel;Com V�timas Feridas;Plena Noite;Crescente;Chuva;Simples;"Reta;Declive";N�o;1;0;1;0;0;0;1;1;-21,35097101;-41,7132318;SPRF-RJ;DEL08-RJ;UOP03-DEL08-RJ;;;
687970;29/04/2025;ter�a-feira;04:30:00;MG;40;548,9;NOVA LIMA;Condutor Dormindo;Colis�o traseira;Com V�timas Feridas;Plena Noite;Crescente;C�u Claro;Dupla;"Reta;Aclive";N�o;4;0;0;1;2;1;1;3;-20,040069;-43,967077;SPRF-MG;DEL01-MG;UOP02-DEL01-MG;;;
687973;29/04/2025;ter�a-feira;05:55:00;ES;101;289,3;CARIACICA;Acumulo de �gua sobre o pavimento;Sa�da de leito carro��vel;Com V�timas Feridas;Amanhecer;Decrescente;C�u Claro;Simples;Reta;N�o;2;0;1;0;0;1;1;2;-20,2510108;-40,37269938;SPRF-ES;DEL01-ES;UOP01-DEL01-ES;;;
687975;29/04/2025;ter�a-feira;04:35:00;MG;153;63;MONTE ALEGRE DE MINAS;Demais falhas mec�nicas ou el�tricas;Inc�ndio;Sem V�timas;Plena Noite;Decrescente;Nevoeiro/Neblina;Simples;Reta;N�o;2;0;0;0;1;1;0;2;-18,92499;-49,032842;SPRF-MG;DEL15-MG;UOP03-DEL15-MG;;;
687977;29/04/2025;ter�a-feira;05:40:00;BA;110;2;PAULO AFONSO;Entrada inopinada do pedestre;Atropelamento de Pedestre;Com V�timas Fatais;Pleno dia;Crescente;Sol;Simples;Reta;Sim;3;1;0;0;1;2;0;4;-9,43555;-38,203498;SPRF-BA;DEL07-BA;UOP01-DEL07-BA;;;
687978;29/04/2025;ter�a-feira;05:10:00;MT;364;398;CUIABA;Manobra de mudan�a de faixa;Tombamento;Com V�timas Feridas;Amanhecer;Decrescente;Garoa/Chuvisco;M�ltipla;Reta;N�o;7;0;2;0;3;6;2;10;-15,67010715;-55,95168382;SPRF-MT;DEL01-MT;UOP02-DEL01-MT;;;
687979;29/04/2025;ter�a-feira;06:16:00;GO;80;124;BARRO ALTO;Acessar a via sem observar a presen�a dos outros ve�culos;Colis�o transversal;Com V�timas Feridas;Amanhecer;Decrescente;Nevoeiro/Neblina;Simples;Reta;N�o;6;0;1;3;1;2;4;4;-15,04176902;-48,88963938;SPRF-GO;DEL07-GO;UOP02-DEL07-GO;;;
687981;29/04/2025;ter�a-feira;05:50:00;MG;40;771,7;JUIZ DE FORA;Aus�ncia de rea��o do condutor;Colis�o transversal;Com V�timas Feridas;Pleno dia;Crescente;Nublado;Simples;Reta;N�o;3;0;1;0;1;2;1;4;-21,63062244;-43,44543457;SPRF-MG;DEL05-MG;UOP01-DEL05-MG;;;
687982;29/04/2025;ter�a-feira;06:50:00;MG;381;847;POUSO ALEGRE;Problema na suspens�o;Capotamento;Com V�timas Feridas;Pleno dia;Decrescente;C�u Claro;Dupla;Reta;N�o;1;0;1;0;0;0;1;1;-22,2756864;-45,9800576;SPRF-MG;DEL16-MG;UOP01-DEL16-MG;;;
687983;29/04/2025;ter�a-feira;06:30:00;PE;232;145;SAO CAITANO;Manobra de mudan�a de faixa;Colis�o lateral mesmo sentido;Sem V�timas;Pleno dia;Decrescente;C�u Claro;Dupla;Reta;N�o;2;0;0;0;2;0;0;2;-8,329252;-36,121378;SPRF-PE;DEL03-PE;UOP02-DEL03-PE;;;
688005;29/04/2025;ter�a-feira;07:05:00;BA;116;360,4;SERRINHA;Condutor deixou de manter dist�ncia do ve�culo da frente;Engavetamento;Com V�timas Feridas;Pleno dia;Decrescente;C�u Claro;Simples;Reta;N�o;7;0;3;0;3;2;3;5;-11,68759821;-38,9884116;SPRF-BA;DEL02-BA;UOP01-DEL02-BA;;;
688007;29/04/2025;ter�a-feira;06:45:00;SC;282;208,9;LAGES;Rea��o tardia ou ineficiente do condutor;Colis�o frontal;Com V�timas Fatais;Pleno dia;Crescente;C�u Claro;Simples;"Reta;Aclive";N�o;4;1;0;0;2;3;0;6;-27,7767671;-50,2208042;SPRF-SC;DEL05-SC;UOP01-DEL05-SC;;;
688010;28/04/2025;segunda-feira;17:50:00;MT;70;695;CACERES;Problema com o freio;Tombamento;Com V�timas Feridas;Anoitecer;Decrescente;C�u Claro;Simples;Curva;N�o;3;0;1;0;1;2;1;3;-16,25091;-57,465843;SPRF-MT;DEL03-MT;UOP01-DEL03-MT;;;
688013;29/04/2025;ter�a-feira;08:30:00;ES;101;243;SERRA;Transitar na contram�o;Colis�o lateral sentido oposto;Com V�timas Feridas;Pleno dia;Crescente;C�u Claro;Simples;Reta;N�o;6;0;2;0;3;1;2;3;-20,036228;-40,393767;SPRF-ES;DEL02-ES;UOP01-DEL02-ES;;;
688016;29/04/2025;ter�a-feira;08:26:00;ES;101;268,6;SERRA;Trafegar com motocicleta (ou similar) entre as faixas;Colis�o lateral mesmo sentido;Com V�timas Feridas;Pleno dia;Crescente;C�u Claro;Dupla;Reta;Sim;2;0;0;1;1;0;1;2;-20,0507392;-40,3832832;SPRF-ES;DEL02-ES;UOP01-DEL02-ES;;;