id;data_inversa;dia_semana;horario;uf;br;km;municipio;causa_acidente;tipo_acidente;classificacao_acidente;fase_dia;sentido_via;condicao_metereologica;tipo_pista;tracado_via;uso_solo;pessoas;mortos;feridos_leves;feridos_graves;ilesos;ignorados;feridos;veiculos;latitude;longitude;regional;delegacia;uop;;;
688018;29/04/2025;ter�a-feira;08:35:00;MA;10;253;IMPERATRIZ;Carga excessiva e/ou mal acondicionada;Colis�o transversal;Sem V�timas;Pleno dia;Crescente;C�u Claro;Dupla;"Reta;Declive";Sim;2;0;0;0;2;0;0;2;-5,51815744;-47,47132301;SPRF-MA;DEL04-MA;UOP01-DEL04-MA;;;
688028;29/04/2025;ter�a-feira;09:50:00;SC;101;127,6;CAMBORIU;Trafegar com motocicleta (ou similar) entre as faixas;Colis�o lateral mesmo sentido;Com V�timas Feridas;Pleno dia;Decrescente;C�u Claro;Dupla;"Reta;Declive";N�o;4;0;0;1;2;1;1;4;-26,97468303;-48,68265152;SPRF-SC;DEL04-SC;UOP04-DEL04-SC;;;
688029;29/04/2025;ter�a-feira;05:30:00;RJ;116;203;SEROPEDICA;Manobra de mudan�a de faixa;Inc�ndio;Sem V�timas;Pleno dia;Decrescente;Garoa/Chuvisco;Dupla;Curva;N�o;2;0;0;0;2;0;0;2;-22,7147776;-43,7256192;SPRF-RJ;DEL06-RJ;UOP02-DEL06-RJ;;;
688031;17/04/2025;quinta-feira;14:30:00;SC;280;157;MAFRA;Transitar na contram�o;Colis�o lateral sentido oposto;Com V�timas Feridas;Pleno dia;Decrescente;C�u Claro;Simples;Reta;N�o;4;0;0;1;2;2;1;4;-26,21221125;-49,72545352;SPRF-SC;DEL06-SC;UOP03-DEL06-SC;;;
688035;09/04/2025;quarta-feira;08:10:00;BA;324;1;FEIRA DE SANTANA;Condutor deixou de manter dist�ncia do ve�culo da frente;Colis�o traseira;Com V�timas Feridas;Pleno dia;Decrescente;C�u Claro;Dupla;Reta;Sim;3;0;0;1;1;2;1;4;-12,2826405;-38,9451523;SPRF-BA;DEL02-BA;UOP01-DEL02-BA;;;
688037;29/04/2025;ter�a-feira;06:50:00;ES;262;110;VENDA NOVA DO IMIGRANTE;Aus�ncia de rea��o do condutor;Colis�o traseira;Com V�timas Feridas;Pleno dia;Crescente;C�u Claro;Simples;Reta;Sim;4;0;1;0;3;0;1;3;-20,3374556;-41,193415;SPRF-ES;DEL01-ES;UOP02-DEL01-ES;;;
688041;29/04/2025;ter�a-feira;11:30:00;RS;116;257;ESTEIO;Manobra de mudan�a de faixa;Colis�o lateral mesmo sentido;Com V�timas Feridas;Pleno dia;Crescente;C�u Claro;Dupla;"Reta;Viaduto;Em Obras";Sim;4;0;1;0;2;1;1;3;-29,8533636;-51,17981807;SPRF-RS;DEL01-RS;UOP02-DEL01-RS;;;
688046;29/04/2025;ter�a-feira;10:00:00;MG;459;74,2;SENADOR JOSE BENTO;Demais falhas mec�nicas ou el�tricas;Atropelamento de Pedestre;Com V�timas Feridas;Pleno dia;Crescente;C�u Claro;Simples;"Aclive;Curva";N�o;1;0;0;1;0;0;1;1;-22,129833;-46,146463;SPRF-MG;DEL09-MG;UOP01-DEL09-MG;;;
688049;29/04/2025;ter�a-feira;11:20:00;MT;364;600;DIAMANTINO;Acumulo de �leo sobre o pavimento;Derramamento de carga;Com V�timas Feridas;Pleno dia;Crescente;C�u Claro;Simples;Curva;N�o;3;0;1;0;1;1;1;3;-14,469;-56,204;SPRF-MT;DEL01-MT;UOP01-DEL01-MT;;;
688051;29/04/2025;ter�a-feira;11:00:00;PR;369;176,6;ROLANDIA;Acessar a via sem observar a presen�a dos outros ve�culos;Colis�o transversal;Com V�timas Feridas;Pleno dia;Crescente;C�u Claro;Dupla;Interse��o de Vias;Sim;2;0;0;1;1;0;1;2;-23,333;-51,389;SPRF-PR;DEL07-PR;UOP01-DEL07-PR;;;
688052;29/04/2025;ter�a-feira;11:40:00;MS;267;59,7;BATAGUASSU;Ultrapassagem Indevida;Tombamento;Com V�timas Feridas;Pleno dia;Decrescente;C�u Claro;Simples;Reta;N�o;4;0;0;1;1;3;1;5;-21,840174;-52,67266;SPRF-MS;DEL02-MS;UOP04-DEL02-MS;;;
688060;29/04/2025;ter�a-feira;13:13:00;MG;381;527;RIO MANSO;Velocidade Incompat�vel;Tombamento;Com V�timas Feridas;Pleno dia;Crescente;C�u Claro;Dupla;Curva;N�o;2;0;1;0;0;11;1;12;-20,16554395;-44,33601379;SPRF-MG;DEL04-MG;UOP03-DEL04-MG;;;
688062;29/04/2025;ter�a-feira;11:20:00;PR;376;674,5;GUARATUBA;Demais falhas mec�nicas ou el�tricas;Colis�o traseira;Com V�timas Feridas;Pleno dia;Crescente;Nublado;Dupla;Reta;N�o;5;0;1;0;3;4;1;8;-25,921496;-48,917444;SPRF-PR;DEL01-PR;UOP04-DEL01-PR;;;
688063;29/04/2025;ter�a-feira;12:30:00;SE;101;49;JAPARATUBA;Velocidade Incompat�vel;Tombamento;Com V�timas Feridas;Pleno dia;Crescente;C�u Claro;Dupla;Interse��o de Vias;N�o;1;0;1;0;0;0;1;1;-10,59509305;-36,97512335;SPRF-SE;DEL02-SE;UOP02-DEL02-SE;;;
688064;29/04/2025;ter�a-feira;14:04:00;ES;101;266,4;SERRA;Aus�ncia de rea��o do condutor;Colis�o traseira;Com V�timas Feridas;Pleno dia;Crescente;Nublado;M�ltipla;"Reta;Retorno Regulamentado";Sim;5;0;0;1;3;1;1;4;-20,19528126;-40,26923776;SPRF-ES;DEL02-ES;UOP01-DEL02-ES;;;
688065;29/04/2025;ter�a-feira;13:50:00;SC;101;94;BARRA VELHA;Ingest�o de �lcool pelo condutor;Colis�o lateral mesmo sentido;Sem V�timas;Pleno dia;Decrescente;C�u Claro;Dupla;Reta;N�o;3;0;0;0;2;1;0;3;-26,71519081;-48,70251453;SPRF-SC;DEL03-SC;UOP02-DEL03-SC;;;
688071;29/04/2025;ter�a-feira;11:15:00;RJ;116;187;NOVA IGUACU;Condutor deixou de manter dist�ncia do ve�culo da frente;Colis�o traseira;Com V�timas Feridas;Pleno dia;Decrescente;C�u Claro;Dupla;Reta;Sim;3;0;1;0;1;2;1;4;-22,73903195;-43,47244668;SPRF-RJ;DEL06-RJ;UOP01-DEL06-RJ;;;
688074;29/04/2025;ter�a-feira;13:20:00;MT;364;335,5;CAMPO VERDE;Ultrapassagem Indevida;Colis�o lateral mesmo sentido;Com V�timas Feridas;Pleno dia;Decrescente;C�u Claro;Dupla;Reta;N�o;3;0;1;0;1;3;1;5;-15,8185729;-55,3327747;SPRF-MT;DEL05-MT;UOP02-DEL05-MT;;;
688075;29/04/2025;ter�a-feira;14:55:00;ES;101;438,9;PRESIDENTE KENNEDY;Acessar a via sem observar a presen�a dos outros ve�culos;Colis�o transversal;Com V�timas Feridas;Pleno dia;Crescente;Nublado;Simples;Curva;N�o;2;0;1;0;1;0;1;2;-21,07210384;-41,22784281;SPRF-ES;DEL03-ES;UOP02-DEL03-ES;;;
688076;29/04/2025;ter�a-feira;15:00:00;SP;116;227;GUARULHOS;Condutor deixou de manter dist�ncia do ve�culo da frente;Tombamento;Sem V�timas;Pleno dia;Decrescente;C�u Claro;M�ltipla;"Reta;Aclive";Sim;3;0;0;0;2;1;0;3;-23,49618577;-46,55596423;SPRF-SP;DEL01-SP;UOP01-DEL01-SP;;;
688082;09/03/2025;domingo;03:00:00;MG;381;593;OLIVEIRA;Condutor Dormindo;Tombamento;Com V�timas Feridas;Plena Noite;Decrescente;C�u Claro;Dupla;Reta;N�o;3;0;0;1;1;2;1;4;-20,66961;-44,738164;SPRF-MG;DEL04-MG;UOP01-DEL04-MG;;;
688083;29/04/2025;ter�a-feira;15:30:00;BA;116;369;LAMARAO;Condutor deixou de manter dist�ncia do ve�culo da frente;Colis�o traseira;Sem V�timas;Pleno dia;Crescente;C�u Claro;Simples;"Reta;Em Obras";N�o;2;0;0;0;1;1;0;2;-11,806806;-38,980742;SPRF-BA;DEL02-BA;UOP01-DEL02-BA;;;
688085;29/04/2025;ter�a-feira;15:05:00;RS;285;319,8;PASSO FUNDO;Avarias e/ou desgaste excessivo no pneu;Sa�da de leito carro��vel;Sem V�timas;Pleno dia;Decrescente;Sol;Simples;"Reta;Declive";N�o;2;0;0;0;1;1;0;2;-28,2688051;-52,61404777;SPRF-RS;DEL08-RS;UOP03-DEL08-RS;;;
688099;29/04/2025;ter�a-feira;17:50:00;SC;101;114;ITAJAI;Trafegar com motocicleta (ou similar) entre as faixas;Tombamento;Com V�timas Feridas;Anoitecer;Decrescente;C�u Claro;Dupla;Reta;Sim;2;0;1;0;0;1;1;2;-26,86856373;-48,73003006;SPRF-SC;DEL04-SC;UOP04-DEL04-SC;;;
688100;29/04/2025;ter�a-feira;09:10:00;AL;101;149,2;JEQUIA DA PRAIA;Velocidade Incompat�vel;Capotamento;Com V�timas Fatais;Pleno dia;Crescente;C�u Claro;Dupla;Curva;N�o;2;1;0;0;0;1;0;2;-9,88971644;-36,13493443;SPRF-AL;DEL02-AL;UOP02-DEL02-AL;;;
688104;29/04/2025;ter�a-feira;18:30:00;BA;324;613;SALVADOR;Trafegar com motocicleta (ou similar) entre as faixas;Colis�o traseira;Com V�timas Feridas;Plena Noite;Crescente;C�u Claro;Dupla;"Reta;Aclive";Sim;3;0;2;0;1;0;2;2;-12,8599376;-38,4218536;SPRF-BA;DEL01-BA;UOP01-DEL01-BA;;;
688111;29/04/2025;ter�a-feira;16:20:00;GO;364;136;APARECIDA DO RIO DOCE;Manobra de mudan�a de faixa;Tombamento;Com V�timas Feridas;Pleno dia;Decrescente;C�u Claro;Simples;"Reta;Aclive";N�o;2;0;1;0;0;2;1;3;-18,203865;-51,322258;SPRF-GO;DEL05-GO;UOP02-DEL05-GO;;;
688112;29/04/2025;ter�a-feira;19:21:00;SC;280;12;SAO FRANCISCO DO SUL;Ultrapassagem Indevida;Colis�o lateral mesmo sentido;Com V�timas Feridas;Plena Noite;Decrescente;C�u Claro;Simples;Aclive;N�o;5;0;1;1;2;3;2;6;-26,31487497;-48,64486188;SPRF-SC;DEL03-SC;UOP03-DEL03-SC;;;
688120;29/04/2025;ter�a-feira;19:55:00;RJ;116;186;NOVA IGUACU;Trafegar com motocicleta (ou similar) entre as faixas;Colis�o traseira;Com V�timas Feridas;Plena Noite;Decrescente;C�u Claro;Dupla;Reta;Sim;3;0;1;0;2;0;1;3;-22,73981277;-43,46275091;SPRF-RJ;DEL06-RJ;UOP01-DEL06-RJ;;;
688126;29/04/2025;ter�a-feira;16:40:00;RS;293;171;HULHA NEGRA;Rea��o tardia ou ineficiente do condutor;Colis�o traseira;Com V�timas Feridas;Pleno dia;Crescente;C�u Claro;Simples;Reta;N�o;2;0;1;0;0;1;1;2;-31,345487;-53,952842;SPRF-RS;DEL11-RS;UOP03-DEL11-RS;;;
688129;29/04/2025;ter�a-feira;19:20:00;MT;174;516;COMODORO;Pedestre andava na pista;Colis�o traseira;Com V�timas Fatais;Plena Noite;Decrescente;Nevoeiro/Neblina;Simples;Reta;N�o;3;1;0;0;1;1;0;3;-13,25640415;-59,86561775;SPRF-MT;DEL04-MT;UOP02-DEL04-MT;;;
688135;29/04/2025;ter�a-feira;19:40:00;PE;423;37;SAO CAITANO;Condutor deixou de manter dist�ncia do ve�culo da frente;Colis�o traseira;Com V�timas Feridas;Plena Noite;Decrescente;C�u Claro;Simples;Reta;N�o;4;0;0;1;1;2;1;3;-8,35825787;-36,17248535;SPRF-PE;DEL03-PE;UOP02-DEL03-PE;;;
688141;29/04/2025;ter�a-feira;21:45:00;GO;50;105,5;CRISTALINA;Condutor Dormindo;Tombamento;Com V�timas Feridas;Plena Noite;Decrescente;C�u Claro;Dupla;Reta;N�o;2;0;1;0;0;1;1;2;-16,816805;-47,670312;SPRF-DF;DEL01-DF;UOP02-DEL01-DF;;;
688149;29/04/2025;ter�a-feira;23:48:00;GO;153;494;GOIANIA;Estacionar ou parar em local proibido;Colis�o traseira;Com V�timas Feridas;Plena Noite;Crescente;Vento;Dupla;"Reta;Declive;Viaduto";Sim;2;0;1;0;1;0;1;2;-16,653774;-49,217188;SPRF-GO;DEL01-GO;UOP01-DEL01-GO;;;
688158;30/04/2025;quarta-feira;01:00:00;PR;476;189;LAPA;Condutor Dormindo;Capotamento;Com V�timas Feridas;Plena Noite;Crescente;Nublado;Simples;Reta;N�o;3;0;1;0;1;1;1;2;-25,716109;-49,684429;SPRF-PR;DEL01-PR;UOP06-DEL01-PR;;;
688160;30/04/2025;quarta-feira;02:30:00;PR;373;242,4;GUAMIRANGA;Ingest�o de �lcool pelo condutor;Colis�o lateral mesmo sentido;Com V�timas Feridas;Plena Noite;Decrescente;C�u Claro;Simples;"Reta;Aclive";N�o;2;0;0;1;1;0;1;2;-25,19678671;-50,77958107;SPRF-PR;DEL03-PR;UOP01-DEL03-PR;;;
688163;30/04/2025;quarta-feira;04:30:00;SP;116;476;JACUPIRANGA;Condutor Dormindo;Sa�da de leito carro��vel;Com V�timas Feridas;Plena Noite;Crescente;Ignorado;M�ltipla;Reta;Sim;2;0;1;0;0;1;1;2;-24,66780537;-47,97435522;SPRF-SP;DEL05-SP;UOP01-DEL05-SP;;;
688164;30/04/2025;quarta-feira;04:30:00;PR;373;246;GUAMIRANGA;Demais falhas mec�nicas ou el�tricas;Inc�ndio;Sem V�timas;Plena Noite;Crescente;Nublado;Simples;Reta;Sim;2;0;0;0;1;1;0;2;-25,191;-50,819;SPRF-PR;DEL03-PR;UOP01-DEL03-PR;;;
688165;29/04/2025;ter�a-feira;19:20:00;MG;116;170;PONTO DOS VOLANTES;Transitar na contram�o;Colis�o frontal;Com V�timas Fatais;Plena Noite;Decrescente;Chuva;Simples;Reta;N�o;3;1;0;1;1;0;1;2;-16,86500518;-41,47338867;SPRF-MG;DEL11-MG;UOP02-DEL11-MG;;;
688167;30/04/2025;quarta-feira;05:30:00;PR;376;674,2;GUARATUBA;Aus�ncia de rea��o do condutor;Colis�o traseira;Com V�timas Fatais;Amanhecer;Crescente;C�u Claro;Dupla;"Curva;Declive";N�o;3;1;1;1;0;0;2;2;-25,9191507;-48,9188323;SPRF-PR;DEL01-PR;UOP04-DEL01-PR;;;
688170;30/04/2025;quarta-feira;04:30:00;MS;158;112,4;PARANAIBA;Aus�ncia de rea��o do condutor;Sa�da de leito carro��vel;Com V�timas Feridas;Amanhecer;Crescente;C�u Claro;Simples;"Reta;Declive";N�o;2;0;1;0;0;1;1;2;-19,805151;-51,114091;SPRF-MS;DEL08-MS;UOP01-DEL08-MS;;;
688172;29/04/2025;ter�a-feira;19:30:00;MA;226;179;GOVERNADOR EUGENIO BARROS;Transitar na contram�o;Colis�o transversal;Com V�timas Feridas;Plena Noite;Crescente;C�u Claro;Simples;Reta;N�o;2;0;1;1;0;0;2;2;-5,35411955;-44,0193558;SPRF-MA;DEL06-MA;UOP01-DEL06-MA;;;
688178;30/04/2025;quarta-feira;07:45:00;RJ;116;179;MESQUITA;Trafegar com motocicleta (ou similar) entre as faixas;Colis�o traseira;Com V�timas Feridas;Pleno dia;Decrescente;C�u Claro;Dupla;Reta;Sim;3;0;1;0;2;0;1;3;-22,77349527;-43,40340821;SPRF-RJ;DEL06-RJ;UOP01-DEL06-RJ;;;
688179;30/04/2025;quarta-feira;06:15:00;RS;386;254;FONTOURA XAVIER;Transitar na contram�o;Colis�o frontal;Com V�timas Fatais;Amanhecer;Decrescente;C�u Claro;Simples;"Aclive;Em Obras;Reta";N�o;5;4;0;0;1;0;0;2;-28,89240978;-52,40986884;SPRF-RS;DEL04-RS;UOP03-DEL04-RS;;;
688184;30/04/2025;quarta-feira;07:35:00;RJ;493;84;JAPERI;Rea��o tardia ou ineficiente do condutor;Colis�o traseira;Com V�timas Feridas;Pleno dia;Crescente;Chuva;Dupla;Curva;N�o;2;0;1;0;1;0;1;2;-22,65565522;-43,60738484;SPRF-RJ;DEL01-RJ;UOP03-DEL01-RJ;;;
688195;30/04/2025;quarta-feira;00:15:00;MG;251;494,8;FRANCISCO SA;Velocidade Incompat�vel;Sa�da de leito carro��vel;Sem V�timas;Plena Noite;Crescente;Chuva;Simples;"Curva;Declive";N�o;2;0;0;0;1;1;0;2;-16,542616;-43,593483;SPRF-MG;DEL12-MG;UOP01-DEL12-MG;;;
688200;30/04/2025;quarta-feira;07:50:00;SC;116;12,1;MAFRA;Acessar a via sem observar a presen�a dos outros ve�culos;Colis�o transversal;Com V�timas Feridas;Pleno dia;Decrescente;Nublado;Simples;"Retorno Regulamentado;Interse��o de Vias;Reta";Sim;5;0;2;0;2;3;2;5;-26,17978498;-49,87118695;SPRF-SC;DEL06-SC;UOP01-DEL06-SC;;;
688203;18/04/2025;sexta-feira;06:45:00;MG;153;33;CENTRALINA;Rea��o tardia ou ineficiente do condutor;Sa�da de leito carro��vel;Com V�timas Feridas;Amanhecer;Decrescente;C�u Claro;Dupla;Reta;N�o;2;0;0;2;0;0;2;1;-18,704364;-49,141867;SPRF-MG;DEL15-MG;UOP03-DEL15-MG;;;
688207;27/04/2025;domingo;09:15:00;PI;135;543;SAO GONCALO DO GURGUEIA;Aus�ncia de rea��o do condutor;Queda de ocupante de ve�culo;Com V�timas Feridas;Pleno dia;Decrescente;C�u Claro;Simples;Curva;N�o;2;0;1;0;0;1;1;2;-10,00963822;-45,31093168;SPRF-PI;DEL03-PI;UOP02-DEL03-PI;;;
688217;17/03/2025;segunda-feira;18:15:00;ES;101;2;ICONHA;Pedestre cruzava a pista fora da faixa;Atropelamento de Pedestre;Com V�timas Fatais;Plena Noite;Decrescente;Chuva;Dupla;Curva;N�o;2;1;0;0;1;0;0;2;-20,80276;-40,788913;SPRF-ES;DEL03-ES;UOP02-DEL03-ES;;;
688219;30/04/2025;quarta-feira;08:30:00;RJ;465;22;RIO DE JANEIRO;Rea��o tardia ou ineficiente do condutor;Colis�o lateral mesmo sentido;Com V�timas Feridas;Pleno dia;Decrescente;C�u Claro;Simples;Reta;Sim;4;0;1;0;2;1;1;3;-22,85938946;-43,60164642;SPRF-RJ;DEL03-RJ;UOP01-DEL03-RJ;;;
688220;30/04/2025;quarta-feira;07:00:00;SP;116;462;PARIQUERA-ACU;Aus�ncia de rea��o do condutor;Colis�o lateral mesmo sentido;Com V�timas Feridas;Pleno dia;Crescente;C�u Claro;Simples;Reta;Sim;5;0;1;0;3;1;1;3;-24,62500149;-47,89793909;SPRF-SP;DEL05-SP;UOP01-DEL05-SP;;;
688222;30/04/2025;quarta-feira;05:00:00;BA;101;300,5;VALENCA;Aus�ncia de rea��o do condutor;Sa�da de leito carro��vel;Com V�timas Fatais;Amanhecer;Crescente;C�u Claro;Simples;"Aclive;Curva";N�o;3;1;0;0;1;1;0;3;-13,26449939;-39,32683659;SPRF-BA;DEL01-BA;UOP02-DEL01-BA;;;
688223;30/04/2025;quarta-feira;10:30:00;PB;230;20;JOAO PESSOA;Manobra de mudan�a de faixa;Colis�o traseira;Com V�timas Fatais;Pleno dia;Decrescente;Sol;Dupla;"Curva;Declive";Sim;4;1;0;0;2;1;0;4;-7,13693;-34,854;SPRF-PB;DEL01-PB;UOP01-DEL01-PB;;;
688224;23/02/2025;domingo;15:15:00;GO;153;28,8;PORANGATU;Transitar na contram�o;Colis�o lateral sentido oposto;Com V�timas Fatais;Pleno dia;Decrescente;C�u Claro;Simples;Reta;N�o;8;3;0;1;3;2;1;5;-13,08264;-49,19062;SPRF-GO;DEL07-GO;UOP01-DEL07-GO;;;
688225;30/04/2025;quarta-feira;09:50:00;RJ;101;276;BARRA MANSA;Demais falhas mec�nicas ou el�tricas;Inc�ndio;Sem V�timas;Pleno dia;Crescente;Sol;Dupla;Reta;N�o;2;0;0;0;1;1;0;2;-22,56161343;-44,16553108;SPRF-RJ;DEL02-RJ;UOP03-DEL02-RJ;;;
688226;30/04/2025;quarta-feira;06:45:00;GO;364;284;MINEIROS;Transitar na contram�o;Colis�o frontal;Com V�timas Fatais;Amanhecer;Decrescente;Nevoeiro/Neblina;Simples;Curva;N�o;4;1;2;0;0;1;2;3;-17,609052;-52,424952;SPRF-GO;DEL05-GO;UOP01-DEL05-GO;;;
688227;30/04/2025;quarta-feira;09:55:00;PR;376;664;GUARATUBA;Velocidade Incompat�vel;Colis�o lateral mesmo sentido;Com V�timas Feridas;Pleno dia;Crescente;C�u Claro;Dupla;"Curva;Declive";N�o;5;0;0;1;3;4;1;8;-25,85590672;-48,95226566;SPRF-PR;DEL01-PR;UOP04-DEL01-PR;;;
688228;30/04/2025;quarta-feira;10:00:00;RO;364;703;PORTO VELHO;Manobra de mudan�a de faixa;Colis�o lateral mesmo sentido;Sem V�timas;Pleno dia;Decrescente;Chuva;Dupla;"Reta;Retorno Regulamentado";N�o;2;0;0;0;2;0;0;2;-8,80060043;-63,79696369;SPRF-RO;DEL01-RO;UOP01-DEL01-RO;;;
688233;30/04/2025;quarta-feira;10:45:00;RS;285;197;LAGOA VERMELHA;Acessar a via sem observar a presen�a dos outros ve�culos;Colis�o transversal;Com V�timas Feridas;Pleno dia;Crescente;C�u Claro;Simples;Rotat�ria;Sim;4;0;1;0;1;2;1;4;-28,21435903;-51,51012897;SPRF-RS;DEL08-RS;UOP05-DEL08-RS;;;
688235;30/04/2025;quarta-feira;11:10:00;MG;381;344;JOAO MONLEVADE;Chuva;Colis�o lateral sentido oposto;Com V�timas Feridas;Pleno dia;Decrescente;Garoa/Chuvisco;Simples;"Curva;Aclive";N�o;11;0;2;0;9;0;2;4;-19,8499931;-43,1510414;SPRF-MG;DEL03-MG;UOP01-DEL03-MG;;;
688240;30/04/2025;quarta-feira;11:20:00;MG;381;508;SAO JOAQUIM DE BICAS;Objeto est�tico sobre o leito carro��vel;Engavetamento;Com V�timas Feridas;Pleno dia;Crescente;C�u Claro;Dupla;Curva;Sim;6;0;1;1;3;1;2;6;-20,04505044;-44,27324581;SPRF-MG;DEL01-MG;UOP03-DEL01-MG;;;
688242;30/04/2025;quarta-feira;12:20:00;SC;116;251,2;LAGES;Desrespeitar a prefer�ncia no cruzamento;Colis�o transversal;Com V�timas Feridas;Pleno dia;Decrescente;C�u Claro;Simples;"Reta;Interse��o de Vias";N�o;3;0;0;1;1;1;1;3;-27,8469817;-50,3792067;SPRF-SC;DEL05-SC;UOP02-DEL05-SC;;;
688247;29/04/2025;ter�a-feira;22:35:00;RS;386;417,9;MONTENEGRO;Suic�dio (presumido);Colis�o frontal;Com V�timas Fatais;Plena Noite;Crescente;C�u Claro;Simples;Reta;N�o;4;1;0;0;1;2;0;4;-29,81882167;-51,43961728;SPRF-RS;DEL04-RS;UOP02-DEL04-RS;;;
688248;30/04/2025;quarta-feira;11:30:00;PR;376;57;GUAIRACA;Aus�ncia de rea��o do condutor;Atropelamento de Pedestre;Com V�timas Feridas;Pleno dia;Crescente;C�u Claro;Simples;"Reta;Aclive";N�o;3;0;0;1;1;1;1;3;-22,963839;-52,64302701;SPRF-PR;DEL09-PR;UOP02-DEL09-PR;;;
688249;30/04/2025;quarta-feira;09:00:00;MG;116;222,9;TEOFILO OTONI;Chuva;Tombamento;Com V�timas Feridas;Pleno dia;Crescente;Chuva;Simples;Curva;N�o;2;0;1;1;0;0;2;1;-17,8720317;-41,5199362;SPRF-MG;DEL11-MG;UOP01-DEL11-MG;;;
688251;30/04/2025;quarta-feira;12:45:00;PE;101;87,5;JABOATAO DOS GUARARAPES;Condutor deixou de manter dist�ncia do ve�culo da frente;Engavetamento;Com V�timas Feridas;Pleno dia;Crescente;C�u Claro;Dupla;Reta;N�o;5;0;2;0;3;0;2;4;-8,195113;-34,976192;SPRF-PE;DEL01-PE;UOP01-DEL01-PE;;;
688252;30/04/2025;quarta-feira;08:30:00;AL;101;107;PILAR;Velocidade Incompat�vel;Tombamento;Com V�timas Feridas;Pleno dia;Crescente;C�u Claro;Dupla;Curva;N�o;2;0;0;1;0;1;1;2;-9,596203;-36,007416;SPRF-AL;DEL02-AL;UOP01-DEL02-AL;;;
688253;30/04/2025;quarta-feira;12:30:00;GO;20;200,6;POSSE;Condutor Dormindo;Sa�da de leito carro��vel;Sem V�timas;Pleno dia;Crescente;Nublado;Simples;"Curva;Aclive";N�o;2;0;0;0;1;2;0;3;-14,308959;-46,449258;SPRF-DF;DEL02-DF;UOP03-DEL02-DF;;;
688255;30/04/2025;quarta-feira;13:00:00;GO;60;221,9;CEZARINA;Velocidade Incompat�vel;Colis�o traseira;Com V�timas Fatais;Pleno dia;Crescente;C�u Claro;Dupla;"Reta;Aclive";N�o;4;1;2;0;0;1;2;3;-16,999747;-49,767993;SPRF-GO;DEL01-GO;UOP02-DEL01-GO;;;
688260;30/04/2025;quarta-feira;08:30:00;PA;230;113;MARABA;Rea��o tardia ou ineficiente do condutor;Colis�o traseira;Com V�timas Feridas;Pleno dia;Crescente;C�u Claro;Simples;"Reta;Aclive";Sim;3;0;1;0;1;4;1;6;-5,366591;-49,058707;SPRF-PA;DEL03-PA;UOP01-DEL03-PA;;;
688264;30/04/2025;quarta-feira;15:30:00;RS;290;95;PORTO ALEGRE;Rea��o tardia ou ineficiente do condutor;Colis�o traseira;Com V�timas Feridas;Pleno dia;Crescente;C�u Claro;Dupla;Reta;N�o;2;0;1;0;1;0;1;2;-29,9941686;-51,2041361;SPRF-RS;DEL01-RS;UOP01-DEL01-RS;;;
688275;30/04/2025;quarta-feira;12:50:00;BA;116;638;JAGUAQUARA;Aus�ncia de rea��o do condutor;Sa�da de leito carro��vel;Com V�timas Feridas;Pleno dia;Decrescente;Chuva;Simples;Curva;N�o;1;0;1;0;0;0;1;1;-13,562834;-40,07978;SPRF-BA;DEL03-BA;UOP01-DEL03-BA;;;
688279;30/04/2025;quarta-feira;16:00:00;SP;116;335;ITAPECERICA DA SERRA;Acesso irregular;Colis�o transversal;Com V�timas Feridas;Pleno dia;Crescente;C�u Claro;Dupla;"Declive;Reta";N�o;3;0;1;0;1;1;1;3;-23,7002825;-46,8689645;SPRF-SP;DEL04-SP;UOP03-DEL04-SP;;;
688287;30/04/2025;quarta-feira;15:20:00;MS;60;426;SIDROLANDIA;Condutor deixou de manter dist�ncia do ve�culo da frente;Colis�o traseira;Com V�timas Feridas;Pleno dia;Decrescente;C�u Claro;Dupla;Reta;N�o;2;0;1;0;1;0;1;2;-20,9374717;-54,9624538;SPRF-MS;DEL01-MS;UOP04-DEL01-MS;;;
688290;30/04/2025;quarta-feira;16:30:00;RS;470;230;CARLOS BARBOSA;Aus�ncia de rea��o do condutor;Colis�o lateral mesmo sentido;Com V�timas Feridas;Pleno dia;Decrescente;C�u Claro;Dupla;Reta;Sim;3;0;1;0;1;1;1;3;-29,27865904;-51,49250921;SPRF-RS;DEL06-RS;UOP01-DEL06-RS;;;
688291;30/04/2025;quarta-feira;16:00:00;MG;459;34,5;CALDAS;Velocidade Incompat�vel;Tombamento;Com V�timas Fatais;Pleno dia;Decrescente;C�u Claro;Simples;"Curva;Declive";N�o;2;1;0;0;0;3;0;4;-21,9363918;-46,35308929;SPRF-MG;DEL09-MG;UOP01-DEL09-MG;;;
688293;30/04/2025;quarta-feira;14:30:00;BA;116;615;JAGUAQUARA;Condutor deixou de manter dist�ncia do ve�culo da frente;Colis�o traseira;Com V�timas Feridas;Pleno dia;Crescente;C�u Claro;Simples;Reta;N�o;2;0;1;0;1;0;1;2;-13,32858883;-40,02554893;SPRF-BA;DEL03-BA;UOP02-DEL03-BA;;;
688296;08/04/2025;ter�a-feira;10:00:00;RO;364;508;ARIQUEMES;Rea��o tardia ou ineficiente do condutor;Colis�o traseira;Com V�timas Feridas;Pleno dia;Crescente;Sol;Simples;"Reta;Em Obras";N�o;5;0;0;1;3;2;1;4;-9,978635;-63,030118;SPRF-RO;DEL03-RO;UOP01-DEL03-RO;;;