id;data_inversa;dia_semana;horario;uf;br;km;municipio;causa_acidente;tipo_acidente;classificacao_acidente;fase_dia;sentido_via;condicao_metereologica;tipo_pista;tracado_via;uso_solo;pessoas;mortos;feridos_leves;feridos_graves;ilesos;ignorados;feridos;veiculos;latitude;longitude;regional;delegacia;uop;;;
688297;30/04/2025;quarta-feira;16:50:00;CE;116;82,1;CASCAVEL;Ultrapassagem Indevida;Colis�o frontal;Com V�timas Fatais;Pleno dia;Decrescente;C�u Claro;Simples;"Reta;Declive";Sim;6;5;0;0;1;0;0;2;-4,414375;-38,410542;SPRF-CE;DEL01-CE;UOP04-DEL01-CE;;;
688299;30/04/2025;quarta-feira;17:30:00;RJ;101;47;CAMPOS DOS GOYTACAZES;Rea��o tardia ou ineficiente do condutor;Colis�o traseira;Com V�timas Feridas;Anoitecer;Crescente;Nublado;Simples;Reta;Sim;2;0;0;1;1;0;1;2;-21,6080922;-41,3165089;SPRF-RJ;DEL08-RJ;UOP01-DEL08-RJ;;;
688305;30/04/2025;quarta-feira;16:48:00;SC;101;206,2;SAO JOSE;Trafegar com motocicleta (ou similar) entre as faixas;Colis�o traseira;Com V�timas Fatais;Pleno dia;Crescente;C�u Claro;M�ltipla;Reta;Sim;4;1;0;0;2;1;0;4;-27,59377;-48,61886;SPRF-SC;DEL01-SC;UOP01-DEL01-SC;;;
688307;30/04/2025;quarta-feira;11:30:00;MA;222;184,5;ITAPECURU MIRIM;Curva acentuada;Tombamento;Com V�timas Feridas;Pleno dia;Crescente;Sol;Simples;Curva;N�o;2;0;1;0;0;1;1;2;-3,489848;-44,181364;SPRF-MA;DEL01-MA;UOP02-DEL01-MA;;;
688318;30/04/2025;quarta-feira;14:36:00;CE;304;50;ARACATI;Manobra de mudan�a de faixa;Colis�o lateral mesmo sentido;Com V�timas Feridas;Pleno dia;Crescente;C�u Claro;Dupla;Curva;N�o;3;0;2;0;0;1;2;2;-4,58039748;-37,77273266;SPRF-CE;DEL03-CE;UOP02-DEL03-CE;;;
688324;30/04/2025;quarta-feira;12:30:00;GO;80;15;PADRE BERNARDO;Demais falhas mec�nicas ou el�tricas;Tombamento;Com V�timas Feridas;Pleno dia;Crescente;C�u Claro;Simples;Reta;N�o;1;0;1;0;0;0;1;1;-15,415496;-48,200243;SPRF-DF;DEL03-DF;UOP02-DEL03-DF;;;
688326;30/04/2025;quarta-feira;19:00:00;SP;116;224;GUARULHOS;Manobra de mudan�a de faixa;Colis�o lateral mesmo sentido;Com V�timas Feridas;Plena Noite;Decrescente;Nublado;M�ltipla;"Em Obras;Reta";N�o;5;0;2;0;2;1;2;4;-23,48574291;-46,54073596;SPRF-SP;DEL01-SP;UOP01-DEL01-SP;;;
688330;30/04/2025;quarta-feira;18:15:00;SP;381;40;ATIBAIA;Trafegar com motocicleta (ou similar) entre as faixas;Colis�o traseira;Com V�timas Feridas;Anoitecer;Decrescente;C�u Claro;Simples;"Em Obras;Reta";Sim;5;0;0;1;3;1;1;5;-23,130305;-46,576319;SPRF-SP;DEL03-SP;UOP01-DEL03-SP;;;
688351;30/04/2025;quarta-feira;19:00:00;MG;459;24,2;CALDAS;Ultrapassagem Indevida;Colis�o lateral mesmo sentido;Com V�timas Feridas;Plena Noite;Crescente;C�u Claro;Simples;Reta;N�o;4;0;2;0;0;2;2;3;-21,869463;-46,393712;SPRF-MG;DEL09-MG;UOP01-DEL09-MG;;;
688354;30/04/2025;quarta-feira;19:30:00;MS;163;208,1;CAARAPO;Transitar na contram�o;Colis�o lateral sentido oposto;Com V�timas Feridas;Plena Noite;Crescente;C�u Claro;Simples;Reta;Sim;6;0;1;1;3;1;2;5;-22,63779628;-54,81537692;SPRF-MS;DEL04-MS;UOP02-DEL04-MS;;;
688357;30/04/2025;quarta-feira;20:55:00;GO;153;515;APARECIDA DE GOIANIA;Aus�ncia de rea��o do condutor;Colis�o com objeto;Com V�timas Feridas;Plena Noite;Crescente;C�u Claro;M�ltipla;Reta;Sim;2;0;1;0;1;0;1;2;-16,83323;-49,243845;SPRF-GO;DEL01-GO;UOP03-DEL01-GO;;;
688358;30/04/2025;quarta-feira;19:00:00;RJ;493;67;NOVA IGUACU;Demais falhas mec�nicas ou el�tricas;Inc�ndio;Sem V�timas;Plena Noite;Crescente;C�u Claro;Dupla;Reta;N�o;1;0;0;0;1;0;0;1;-22,68551868;-43,44629288;SPRF-RJ;DEL01-RJ;UOP03-DEL01-RJ;;;
688367;30/04/2025;quarta-feira;17:50:00;RO;364;546;ALTO PARAISO;Aus�ncia de rea��o do condutor;Colis�o traseira;Com V�timas Feridas;Anoitecer;Decrescente;Chuva;Simples;Curva;N�o;5;0;1;0;4;0;1;2;-9,671415;-63,100056;SPRF-RO;DEL03-RO;UOP01-DEL03-RO;;;
688373;30/04/2025;quarta-feira;19:00:00;MG;365;485,9;PATROCINIO;Rea��o tardia ou ineficiente do condutor;Sa�da de leito carro��vel;Com V�timas Feridas;Plena Noite;Decrescente;Nublado;Simples;Reta;N�o;2;0;1;0;0;1;1;2;-18,89719184;-47,10817337;SPRF-MG;DEL10-MG;UOP01-DEL10-MG;;;
688374;30/04/2025;quarta-feira;21:00:00;PR;476;158,7;ARAUCARIA;Rea��o tardia ou ineficiente do condutor;Sa�da de leito carro��vel;Sem V�timas;Plena Noite;Crescente;C�u Claro;Dupla;Reta;N�o;2;0;0;0;1;1;0;2;-25,61418417;-49,42505328;SPRF-PR;DEL01-PR;UOP06-DEL01-PR;;;
688376;30/04/2025;quarta-feira;10:08:00;MS;359;55;COSTA RICA;Rea��o tardia ou ineficiente do condutor;Tombamento;Com V�timas Feridas;Pleno dia;Crescente;C�u Claro;Simples;Reta;N�o;2;0;1;0;0;2;1;3;-18,407;-53,372;SPRF-MS;DEL06-MS;UOP01-DEL06-MS;;;
688379;30/04/2025;quarta-feira;22:30:00;CE;116;17;ITAITINGA;Ingest�o de �lcool pelo condutor;Colis�o com objeto;Sem V�timas;Plena Noite;Decrescente;C�u Claro;Dupla;Retorno Regulamentado;Sim;2;0;0;0;1;1;0;2;-3,8999132;-38,5042749;SPRF-CE;DEL01-CE;UOP02-DEL01-CE;;;
688385;30/04/2025;quarta-feira;22:15:00;MG;50;117;UBERABA;Aus�ncia de rea��o do condutor;Colis�o traseira;Com V�timas Feridas;Plena Noite;Decrescente;C�u Claro;Dupla;Reta;N�o;3;0;1;0;1;4;1;6;-19,263808;-48,127972;SPRF-MG;DEL13-MG;UOP01-DEL13-MG;;;
688388;30/04/2025;quarta-feira;18:40:00;SC;282;95;ALFREDO WAGNER;Velocidade Incompat�vel;Colis�o frontal;Com V�timas Feridas;Plena Noite;Decrescente;C�u Claro;Simples;"Curva;Declive";N�o;7;0;4;0;2;1;4;4;-27,71218;-49,255343;SPRF-SC;DEL01-SC;UOP03-DEL01-SC;;;
688396;30/04/2025;quarta-feira;23:40:00;PA;10;32,3;DOM ELISEU;Aus�ncia de rea��o do condutor;Sa�da de leito carro��vel;Com V�timas Feridas;Plena Noite;Decrescente;C�u Claro;Simples;"Reta;Declive";N�o;2;0;0;2;0;0;2;1;-4,168115;-47,54483;SPRF-PA;DEL02-PA;UOP02-DEL02-PA;;;
688404;01/05/2025;quinta-feira;02:20:00;AL;101;246,6;PORTO REAL DO COLEGIO;Condutor deixou de manter dist�ncia do ve�culo da frente;Colis�o traseira;Com V�timas Feridas;Plena Noite;Crescente;C�u Claro;Dupla;Reta;N�o;2;0;1;0;1;0;1;2;-10,190841;-36,825988;SPRF-AL;DEL02-AL;UOP02-DEL02-AL;;;
688406;01/05/2025;quinta-feira;01:50:00;PA;222;155;ABEL FIGUEIREDO;Rea��o tardia ou ineficiente do condutor;Tombamento;Sem V�timas;Plena Noite;Decrescente;C�u Claro;Simples;Curva;N�o;3;0;0;0;0;3;0;1;-4,982722;-48,450083;SPRF-PA;DEL03-PA;UOP01-DEL03-PA;;;
688412;01/05/2025;quinta-feira;05:04:00;MG;381;617,4;OLIVEIRA;Aus�ncia de rea��o do condutor;Colis�o traseira;Com V�timas Feridas;Amanhecer;Decrescente;Nublado;Dupla;Reta;N�o;4;0;1;0;2;1;1;3;-20,732919;-44,773273;SPRF-MG;DEL04-MG;UOP01-DEL04-MG;;;
688417;01/05/2025;quinta-feira;04:45:00;GO;60;16,1;ALEXANIA;Demais falhas mec�nicas ou el�tricas;Inc�ndio;Sem V�timas;Plena Noite;Crescente;Nublado;Dupla;Reta;N�o;2;0;0;0;1;1;0;2;-16,113474;-48,368469;SPRF-DF;DEL03-DF;UOP01-DEL03-DF;;;
688418;01/05/2025;quinta-feira;05:40:00;CE;116;54;PACAJUS;Rea��o tardia ou ineficiente do condutor;Tombamento;Com V�timas Feridas;Pleno dia;Decrescente;Sol;Dupla;Curva;Sim;2;0;1;0;0;1;1;2;-4,197293;-38,469474;SPRF-CE;DEL01-CE;UOP02-DEL01-CE;;;
688426;01/05/2025;quinta-feira;04:30:00;PI;316;373,9;VILA NOVA DO PIAUI;Aus�ncia de rea��o do condutor;Colis�o traseira;Com V�timas Fatais;Plena Noite;Crescente;C�u Claro;Simples;"Reta;Aclive";N�o;4;1;1;0;1;1;1;3;-7,159717;-40,911327;SPRF-PI;DEL04-PI;UOP03-DEL04-PI;;;
688428;01/05/2025;quinta-feira;05:30:00;PR;153;515,1;GENERAL CARNEIRO;Aus�ncia de rea��o do condutor;Colis�o frontal;Com V�timas Feridas;Amanhecer;Crescente;C�u Claro;Simples;"Curva;Declive";N�o;8;0;5;0;3;0;5;3;-26,58729908;-51,45172119;SPRF-PR;DEL02-PR;UOP03-DEL02-PR;;;
688429;21/04/2025;segunda-feira;22:40:00;PR;277;607;SANTA TEREZA DO OESTE;Desrespeitar a prefer�ncia no cruzamento;Colis�o transversal;Com V�timas Feridas;Plena Noite;Decrescente;C�u Claro;Simples;"Rotat�ria;Reta";Sim;3;0;1;1;1;0;2;2;-25,037454;-53,595211;SPRF-PR;DEL05-PR;UOP02-DEL05-PR;;;
688431;01/05/2025;quinta-feira;06:50:00;RS;392;83,4;PELOTAS;Condutor Dormindo;Colis�o frontal;Com V�timas Feridas;Amanhecer;Decrescente;C�u Claro;Simples;"Curva;Aclive";N�o;4;0;2;0;1;2;2;4;-31,650384;-52,476234;SPRF-RS;DEL07-RS;UOP01-DEL07-RS;;;
688435;01/05/2025;quinta-feira;05:30:00;SC;101;306;LAGUNA;Rea��o tardia ou ineficiente do condutor;Colis�o traseira;Com V�timas Feridas;Amanhecer;Decrescente;C�u Claro;M�ltipla;Reta;Sim;4;0;1;0;3;0;1;2;-28,402766;-48,788227;SPRF-SC;DEL02-SC;UOP03-DEL02-SC;;;
688437;01/05/2025;quinta-feira;07:20:00;RN;427;81;CAICO;Rea��o tardia ou ineficiente do condutor;Colis�o lateral sentido oposto;Com V�timas Fatais;Pleno dia;Decrescente;C�u Claro;Simples;Curva;N�o;2;1;0;0;0;1;0;2;-6,5269383;-36,9721183;SPRF-RN;DEL03-RN;UOP01-DEL03-RN;;;
688440;01/05/2025;quinta-feira;07:50:00;SC;153;106,9;CONCORDIA;Acessar a via sem observar a presen�a dos outros ve�culos;Colis�o transversal;Com V�timas Feridas;Pleno dia;Decrescente;Nevoeiro/Neblina;Simples;"Reta;Aclive";N�o;3;0;1;0;2;0;1;2;-27,298728;-51,979008;SPRF-SC;DEL07-SC;UOP04-DEL07-SC;;;
688441;01/05/2025;quinta-feira;08:00:00;PE;408;79;PAUDALHO;Manobra de mudan�a de faixa;Colis�o traseira;Sem V�timas;Pleno dia;Crescente;C�u Claro;Dupla;Reta;N�o;2;0;0;0;1;1;0;2;-7,92661;-35,14845;SPRF-PE;DEL01-PE;UOP01-DEL01-PE;;;
688449;01/05/2025;quinta-feira;09:00:00;PR;376;240;APUCARANA;Rea��o tardia ou ineficiente do condutor;Sa�da de leito carro��vel;Com V�timas Fatais;Pleno dia;Crescente;C�u Claro;Dupla;Reta;N�o;3;1;0;0;1;1;0;3;-23,582719;-51,452266;SPRF-PR;DEL07-PR;UOP03-DEL07-PR;;;
688450;01/05/2025;quinta-feira;07:45:00;RJ;101;40;CAMPOS DOS GOYTACAZES;Condutor deixou de manter dist�ncia do ve�culo da frente;Colis�o traseira;Com V�timas Feridas;Pleno dia;Crescente;C�u Claro;M�ltipla;Reta;N�o;5;0;2;0;2;1;2;3;-21,55280972;-41,33190751;SPRF-RJ;DEL08-RJ;UOP01-DEL08-RJ;;;
688455;01/05/2025;quinta-feira;08:55:00;RJ;116;228;PIRAI;Trafegar com motocicleta (ou similar) entre as faixas;Queda de ocupante de ve�culo;Com V�timas Feridas;Pleno dia;Crescente;C�u Claro;Dupla;"Aclive;Curva";N�o;3;0;1;0;1;1;1;3;-22,66033628;-43,82813846;SPRF-RJ;DEL07-RJ;UOP01-DEL07-RJ;;;
688457;01/05/2025;quinta-feira;11:30:00;RJ;116;198;SEROPEDICA;Aus�ncia de rea��o do condutor;Colis�o traseira;Com V�timas Feridas;Pleno dia;Decrescente;C�u Claro;Dupla;Reta;N�o;4;0;2;0;1;1;2;3;-22,7147776;-43,7223424;SPRF-RJ;DEL06-RJ;UOP02-DEL06-RJ;;;
688462;01/05/2025;quinta-feira;10:00:00;SC;282;343;CAMPOS NOVOS;Velocidade Incompat�vel;Tombamento;Com V�timas Feridas;Pleno dia;Decrescente;Sol;Simples;"Aclive;Rotat�ria";Sim;2;0;1;0;0;1;1;2;-27,38590023;-51,23538343;SPRF-SC;DEL07-SC;UOP06-DEL07-SC;;;
688464;24/04/2025;quinta-feira;01:15:00;SP;116;503;CAJATI;Rea��o tardia ou ineficiente do condutor;Tombamento;Com V�timas Feridas;Plena Noite;Decrescente;C�u Claro;Dupla;Curva;N�o;2;0;1;0;0;1;1;2;-24,77989397;-48,17150259;SPRF-SP;DEL05-SP;UOP02-DEL05-SP;;;
688465;01/05/2025;quinta-feira;10:05:00;MT;364;226;RONDONOPOLIS;Aus�ncia de rea��o do condutor;Colis�o traseira;Com V�timas Feridas;Pleno dia;Decrescente;C�u Claro;Dupla;Reta;N�o;3;0;1;0;1;3;1;5;-16,30120643;-54,75984044;SPRF-MT;DEL02-MT;UOP01-DEL02-MT;;;
688473;01/05/2025;quinta-feira;09:00:00;PR;373;426;FOZ DO JORDAO;Rea��o tardia ou ineficiente do condutor;Colis�o lateral sentido oposto;Com V�timas Feridas;Pleno dia;Crescente;C�u Claro;Simples;Reta;N�o;2;0;1;0;1;0;1;2;-25,73928;-52,22951;SPRF-PR;DEL08-PR;UOP01-DEL08-PR;;;
688475;30/04/2025;quarta-feira;21:00:00;PR;153;373;RIO AZUL;Aus�ncia de rea��o do condutor;Sa�da de leito carro��vel;Com V�timas Feridas;Plena Noite;Decrescente;C�u Claro;Simples;"Reta;Aclive";N�o;1;0;1;0;0;0;1;1;-25,75492609;-50,837382;SPRF-PR;DEL08-PR;UOP02-DEL08-PR;;;
688478;01/05/2025;quinta-feira;13:30:00;MG;365;291,7;JOAO PINHEIRO;Ultrapassagem Indevida;Colis�o traseira;Com V�timas Feridas;Pleno dia;Crescente;C�u Claro;Simples;Reta;N�o;4;0;1;2;0;1;3;2;-18,08899;-45,68688;SPRF-MG;DEL10-MG;UOP02-DEL010-MG;;;
688479;01/05/2025;quinta-feira;12:12:00;PI;316;4,6;TERESINA;Aus�ncia de rea��o do condutor;Colis�o com objeto;Com V�timas Fatais;Pleno dia;Decrescente;C�u Claro;M�ltipla;Reta;Sim;3;1;0;0;2;0;0;2;-5,14003;-42,7842;SPRF-PI;DEL01-PI;UOP02-DEL01-PI;;;
688482;01/05/2025;quinta-feira;11:00:00;MG;116;814;ALEM PARAIBA;Aus�ncia de rea��o do condutor;Tombamento;Com V�timas Feridas;Pleno dia;Crescente;C�u Claro;Simples;Curva;N�o;2;0;0;1;0;1;1;2;-21,85629;-42,66083;SPRF-MG;DEL07-MG;UOP01-DEL07-MG;;;
688485;01/05/2025;quinta-feira;11:15:00;MG;262;368;JUATUBA;Ingest�o de �lcool pelo condutor;Colis�o lateral mesmo sentido;Sem V�timas;Pleno dia;Decrescente;C�u Claro;Dupla;"Interse��o de Vias;Curva;Declive";N�o;3;0;0;0;1;2;0;3;-19,96063753;-44,33707092;SPRF-MG;DEL01-MG;UOP03-DEL01-MG;;;
688488;01/05/2025;quinta-feira;12:50:00;MS;262;142;AGUA CLARA;Acessar a via sem observar a presen�a dos outros ve�culos;Eventos at�picos;Com V�timas Feridas;Pleno dia;Crescente;Sol;Simples;Reta;N�o;2;0;1;0;0;1;1;2;-20,44581298;-52,86493421;SPRF-MS;DEL07-MS;UOP02-DEL07-MS;;;
688492;01/05/2025;quinta-feira;14:30:00;SP;116;115;TAUBATE;Rea��o tardia ou ineficiente do condutor;Colis�o traseira;Com V�timas Feridas;Pleno dia;Decrescente;C�u Claro;Dupla;Reta;Sim;3;0;0;1;1;2;1;4;-23,04150043;-45,57066673;SPRF-SP;DEL02-SP;UOP02-DEL02-SP;;;
688500;01/05/2025;quinta-feira;15:15:00;PR;376;293,4;MAUA DA SERRA;Rea��o tardia ou ineficiente do condutor;Sa�da de leito carro��vel;Com V�timas Feridas;Pleno dia;Decrescente;C�u Claro;Dupla;Reta;Sim;4;0;0;1;2;3;1;5;-23,90414178;-51,20983958;SPRF-PR;DEL07-PR;UOP02-DEL07-PR;;;
688510;01/05/2025;quinta-feira;14:00:00;RJ;116;269;BARRA MANSA;Aus�ncia de rea��o do condutor;Colis�o traseira;Com V�timas Feridas;Pleno dia;Decrescente;C�u Claro;Dupla;Reta;N�o;3;0;1;0;1;1;1;3;-22,57310517;-44,11529708;SPRF-RJ;DEL07-RJ;UOP02-DEL07-RJ;;;
688515;01/05/2025;quinta-feira;16:00:00;MA;316;468,4;CODO;Aus�ncia de rea��o do condutor;Colis�o traseira;Com V�timas Fatais;Pleno dia;Decrescente;C�u Claro;Simples;"Interse��o de Vias;Reta";Sim;3;1;0;0;1;1;0;3;-4,5588735;-43,99292529;SPRF-MA;DEL03-MA;UOP01-DEL03-MA;;;
688523;01/05/2025;quinta-feira;18:15:00;MS;262;741;CORUMBA;Rea��o tardia ou ineficiente do condutor;Colis�o lateral sentido oposto;Com V�timas Feridas;Anoitecer;Crescente;C�u Claro;Simples;Reta;N�o;3;0;0;1;1;1;1;3;-19,299028;-57,611252;SPRF-MS;DEL03-MS;UOP03-DEL03-MS;;;
688526;01/05/2025;quinta-feira;17:50:00;MT;163;539;DIAMANTINO;Aus�ncia de rea��o do condutor;Atropelamento de Pedestre;Com V�timas Feridas;Anoitecer;Decrescente;C�u Claro;Dupla;"Reta;Desvio Tempor�rio;Em Obras";N�o;2;0;1;0;1;0;1;2;-14,314349;-56,140614;SPRF-MT;DEL01-MT;UOP01-DEL01-MT;;;
688545;01/05/2025;quinta-feira;19:00:00;RJ;393;298;VOLTA REDONDA;Pedestre - Ingest�o de �lcool/ subst�ncias psicoativas;Atropelamento de Pedestre;Com V�timas Feridas;Plena Noite;Decrescente;C�u Claro;Simples;Reta;Sim;3;0;1;0;1;2;1;4;-22,48020284;-44,06272888;SPRF-RJ;DEL07-RJ;UOP02-DEL07-RJ;;;
688553;01/05/2025;quinta-feira;20:00:00;RJ;116;313;RESENDE;Rea��o tardia ou ineficiente do condutor;Colis�o com objeto;Com V�timas Feridas;Plena Noite;Crescente;C�u Claro;Simples;Reta;N�o;2;0;1;0;1;0;1;2;-22,46026832;-44,46582969;SPRF-RJ;DEL07-RJ;UOP02-DEL07-RJ;;;
688555;01/05/2025;quinta-feira;17:00:00;MG;365;522;MONTE CARMELO;Ingest�o de �lcool pelo condutor;Colis�o transversal;Com V�timas Feridas;Pleno dia;Decrescente;C�u Claro;Simples;Reta;Sim;4;0;3;0;0;2;3;5;-18,91607133;-47,39941514;SPRF-MG;DEL10-MG;UOP01-DEL10-MG;;;
688558;01/05/2025;quinta-feira;18:40:00;RS;116;112,1;SAO MARCOS;Aus�ncia de rea��o do condutor;Tombamento;Com V�timas Feridas;Plena Noite;Decrescente;C�u Claro;Simples;Curva;Sim;3;0;1;1;0;1;2;2;-28,9490271;-51,08108131;SPRF-RS;DEL05-RS;UOP01-DEL05-RS;;;
688562;01/05/2025;quinta-feira;12:15:00;MG;381;374;SAO GONCALO DO RIO ABAIXO;Chuva;Colis�o lateral sentido oposto;Com V�timas Feridas;Pleno dia;Crescente;Chuva;Simples;"Curva;Declive";N�o;7;0;2;2;2;2;4;5;-19,84038112;-43,32144912;SPRF-MG;DEL01-MG;UOP01-DEL01-MG;;;
688566;01/05/2025;quinta-feira;20:59:00;AL;101;104,1;PILAR;Rea��o tardia ou ineficiente do condutor;Colis�o traseira;Com V�timas Feridas;Plena Noite;Decrescente;C�u Claro;Dupla;Reta;N�o;4;0;1;1;0;2;2;3;-9,5873928;-35,9846165;SPRF-AL;DEL02-AL;UOP01-DEL02-AL;;;
688567;01/05/2025;quinta-feira;22:50:00;RS;116;301;GUAIBA;Pedestre andava na pista;Atropelamento de Pedestre;Com V�timas Feridas;Plena Noite;Crescente;C�u Claro;Simples;"Reta;Declive";Sim;4;0;0;1;1;2;1;3;-30,13596815;-51,35689652;SPRF-RS;DEL02-RS;UOP01-DEL02-RS;;;
688569;01/05/2025;quinta-feira;19:40:00;RJ;116;49;TERESOPOLIS;Ingest�o de �lcool pelo condutor;Colis�o lateral sentido oposto;Sem V�timas;Plena Noite;Decrescente;C�u Claro;Simples;Reta;N�o;4;0;0;0;3;1;0;4;-22,17771;-42,84707;SPRF-RJ;DEL04-RJ;UOP01-DEL04-RJ;;;
688578;02/05/2025;sexta-feira;00:10:00;MG;153;239,9;FRONTEIRA;Aus�ncia de rea��o do condutor;Colis�o lateral sentido oposto;Com V�timas Feridas;Plena Noite;Decrescente;C�u Claro;Simples;Reta;Sim;3;0;1;0;1;2;1;4;-20,25792;-49,17564;SPRF-MG;DEL13-MG;UOP02-DEL13-MG;;;
688582;01/05/2025;quinta-feira;17:40:00;BA;116;273;TUCANO;Ingest�o de �lcool pelo condutor;Sa�da de leito carro��vel;Com V�timas Fatais;Pleno dia;Decrescente;C�u Claro;Simples;"Curva;Em Obras";Sim;4;2;0;1;0;1;1;2;-10,95440567;-38,79442547;SPRF-BA;DEL07-BA;UOP02-DEL07-BA;;;
688584;01/05/2025;quinta-feira;14:00:00;BA;116;290;TUCANO;Acessar a via sem observar a presen�a dos outros ve�culos;Atropelamento de Pedestre;Com V�timas Feridas;Pleno dia;Crescente;Sol;Simples;"Reta;Em Obras;Aclive";N�o;4;0;0;1;2;1;1;3;-11,092312;-38,833105;SPRF-BA;DEL07-BA;UOP02-DEL07-BA;;;
688587;02/05/2025;sexta-feira;01:15:00;MG;262;793,9;UBERABA;Acessar a via sem observar a presen�a dos outros ve�culos;Colis�o transversal;Com V�timas Feridas;Plena Noite;Crescente;C�u Claro;Simples;"Reta;Interse��o de Vias";N�o;6;0;0;4;1;2;4;4;-19,759043;-47,832254;SPRF-MG;DEL13-MG;UOP01-DEL13-MG;;;
688589;02/05/2025;sexta-feira;00:10:00;PE;232;252,7;ARCOVERDE;Manobra de mudan�a de faixa;Colis�o frontal;Com V�timas Feridas;Plena Noite;Decrescente;C�u Claro;Simples;Reta;Sim;2;0;0;1;1;0;1;2;-8,42682;-37,070532;SPRF-PE;DEL04-PE;UOP02-DEL04-PE;;;
688593;02/05/2025;sexta-feira;05:46:00;RS;116;256;ESTEIO;Condutor deixou de manter dist�ncia do ve�culo da frente;Colis�o traseira;Com V�timas Feridas;Amanhecer;Decrescente;C�u Claro;Dupla;Reta;N�o;3;0;1;0;2;0;1;2;-29,84771646;-51,17800713;SPRF-RS;DEL01-RS;UOP02-DEL01-RS;;;
688598;02/05/2025;sexta-feira;04:20:00;RJ;393;207;VASSOURAS;Condutor Dormindo;Colis�o lateral sentido oposto;Com V�timas Feridas;Plena Noite;Crescente;C�u Claro;Simples;Curva;N�o;2;0;1;0;1;0;1;2;-22,270848;-43,458947;SPRF-RJ;DEL05-RJ;UOP03-DEL05-RJ;;;
688601;01/05/2025;quinta-feira;22:20:00;BA;242;450;SEABRA;Transitar na contram�o;Colis�o lateral sentido oposto;Com V�timas Feridas;Plena Noite;Decrescente;Chuva;Simples;Reta;N�o;2;0;0;1;1;0;1;2;-12,41846103;-42,07606385;SPRF-BA;DEL06-BA;UOP01-DEL06-BA;;;
688610;02/05/2025;sexta-feira;06:20:00;BA;116;812,6;VITORIA DA CONQUISTA;Velocidade Incompat�vel;Sa�da de leito carro��vel;Com V�timas Feridas;Amanhecer;Decrescente;C�u Claro;Simples;Reta;N�o;2;0;1;0;0;2;1;3;-14,800073;-40,773493;SPRF-BA;DEL08-BA;UOP01-DEL08-BA;;;
688615;02/05/2025;sexta-feira;07:40:00;BA;324;620;SALVADOR;Trafegar com motocicleta (ou similar) entre as faixas;Colis�o traseira;Com V�timas Feridas;Pleno dia;Decrescente;Chuva;M�ltipla;Reta;Sim;3;0;2;0;1;0;2;2;-12,91779;-38,464113;SPRF-BA;DEL01-BA;UOP01-DEL01-BA;;;
688623;02/05/2025;sexta-feira;06:00:00;ES;101;93;JAGUARE;Condutor deixou de manter dist�ncia do ve�culo da frente;Colis�o traseira;Com V�timas Feridas;Pleno dia;Crescente;Nublado;Simples;Reta;N�o;4;0;1;0;1;3;1;5;-18,95676841;-39,98085022;SPRF-ES;DEL04-ES;UOP02-DEL04-ES;;;
688629;02/05/2025;sexta-feira;08:35:00;RS;470;179;VERANOPOLIS;Acessar a via sem observar a presen�a dos outros ve�culos;Colis�o transversal;Com V�timas Feridas;Pleno dia;Crescente;C�u Claro;Simples;Reta;Sim;2;0;1;0;1;0;1;2;-28,95137693;-51,5578723;SPRF-RS;DEL06-RS;UOP02-DEL06-RS;;;
688630;02/05/2025;sexta-feira;07:20:00;MG;381;527;BRUMADINHO;Velocidade Incompat�vel;Tombamento;Com V�timas Feridas;Pleno dia;Crescente;C�u Claro;Dupla;"Curva;Declive";N�o;5;0;2;2;0;1;4;3;-20,15939664;-44,32965025;SPRF-MG;DEL04-MG;UOP03-DEL04-MG;;;
688638;02/05/2025;sexta-feira;08:20:00;RS;285;230,5;CASEIROS;Rea��o tardia ou ineficiente do condutor;Sa�da de leito carro��vel;Com V�timas Feridas;Pleno dia;Crescente;Nublado;Simples;Curva;N�o;2;0;1;0;0;1;1;2;-28,242563;-51,797767;SPRF-RS;DEL08-RS;UOP05-DEL08-RS;;;
688639;02/05/2025;sexta-feira;09:20:00;ES;101;291;CARIACICA;Manobra de mudan�a de faixa;Colis�o lateral mesmo sentido;Com V�timas Feridas;Pleno dia;Decrescente;C�u Claro;Dupla;Reta;N�o;4;0;2;0;1;1;2;3;-20,3032417;-40,3951811;SPRF-ES;DEL01-ES;UOP01-DEL01-ES;;;
688640;02/05/2025;sexta-feira;05:20:00;RO;364;616;ITAPUA DO OESTE;Transitar na contram�o;Colis�o frontal;Com V�timas Fatais;Amanhecer;Crescente;Nublado;Simples;Curva;N�o;21;1;2;2;16;0;4;2;-9,11425235;-63,26603148;SPRF-RO;DEL01-RO;UOP04-DEL01-RO;;;
688653;02/05/2025;sexta-feira;11:00:00;PR;277;395;CANDOI;Acessar a via sem observar a presen�a dos outros ve�culos;Colis�o transversal;Com V�timas Feridas;Pleno dia;Crescente;C�u Claro;Simples;Reta;Sim;3;0;1;0;1;2;1;4;-25,45017245;-51,92593575;SPRF-PR;DEL08-PR;UOP01-DEL08-PR;;;
688654;02/05/2025;sexta-feira;09:00:00;MG;262;104;ABRE CAMPO;Aus�ncia de rea��o do condutor;Colis�o traseira;Com V�timas Feridas;Pleno dia;Crescente;C�u Claro;Simples;"Aclive;Curva";N�o;7;0;1;0;5;2;1;4;-20,291594;-42,545253;SPRF-MG;DEL03-MG;UOP03-DEL03-MG;;;