id;data_inversa;dia_semana;horario;uf;br;km;municipio;causa_acidente;tipo_acidente;classificacao_acidente;fase_dia;sentido_via;condicao_metereologica;tipo_pista;tracado_via;uso_solo;pessoas;mortos;feridos_leves;feridos_graves;ilesos;ignorados;feridos;veiculos;latitude;longitude;regional;delegacia;uop;;;
688657;02/05/2025;sexta-feira;10:30:00;RS;392;334,8;SANTA MARIA;Rea��o tardia ou ineficiente do condutor;Colis�o traseira;Sem V�timas;Pleno dia;Decrescente;Nublado;Simples;Em Obras;N�o;4;0;0;0;3;3;0;5;-29,867602;-53,74211;SPRF-RS;DEL09-RS;UOP01-DEL09-RS;;;
688668;02/05/2025;sexta-feira;11:05:00;MT;364;393;CUIABA;Manobra de mudan�a de faixa;Colis�o transversal;Com V�timas Feridas;Pleno dia;Decrescente;Sol;Dupla;Reta;N�o;6;0;1;0;3;2;1;4;-15,68711;-55,91222;SPRF-MT;DEL01-MT;UOP02-DEL01-MT;;;
688670;02/05/2025;sexta-feira;14:00:00;MG;40;567;NOVA LIMA;Transitar na contram�o;Colis�o frontal;Com V�timas Feridas;Pleno dia;Decrescente;Nublado;Simples;"Reta;Aclive";Sim;6;0;2;1;2;3;3;8;-20,192163;-43,971765;SPRF-MG;DEL01-MG;UOP02-DEL01-MG;;;
688673;02/05/2025;sexta-feira;14:00:00;RS;158;325;SANTA MARIA;Manobra de mudan�a de faixa;Colis�o lateral mesmo sentido;Com V�timas Feridas;Pleno dia;Crescente;C�u Claro;Dupla;"Reta;Aclive";Sim;6;0;2;0;3;2;2;4;-29,70735281;-53,79978128;SPRF-RS;DEL09-RS;UOP01-DEL09-RS;;;
688674;02/05/2025;sexta-feira;12:15:00;SE;101;93;NOSSA SENHORA DO SOCORRO;Entrada inopinada do pedestre;Colis�o traseira;Sem V�timas;Pleno dia;Decrescente;Nublado;Dupla;Reta;Sim;5;0;0;0;4;1;0;5;-10,90369382;-37,14713423;SPRF-SE;DEL01-SE;UOP01-DEL01-SE;;;
688677;02/05/2025;sexta-feira;08:20:00;BA;324;563;SAO SEBASTIAO DO PASSE;Aus�ncia de rea��o do condutor;Sa�da de leito carro��vel;Com V�timas Feridas;Pleno dia;Crescente;Chuva;Dupla;Reta;N�o;3;0;2;0;0;2;2;3;-12,519063;-38,617473;SPRF-BA;DEL01-BA;UOP01-DEL01-BA;;;
688681;02/05/2025;sexta-feira;12:30:00;RJ;116;203;QUEIMADOS;Condutor Dormindo;Colis�o com objeto;Com V�timas Feridas;Pleno dia;Crescente;C�u Claro;Dupla;Curva;N�o;3;0;0;1;1;1;1;3;-22,731629;-43,61809;SPRF-RJ;DEL06-RJ;UOP02-DEL06-RJ;;;
688687;02/05/2025;sexta-feira;13:20:00;SC;101;110,3;NAVEGANTES;Rea��o tardia ou ineficiente do condutor;Tombamento;Com V�timas Fatais;Pleno dia;Decrescente;Nublado;Dupla;Curva;Sim;2;1;0;0;0;1;0;2;-26,835467;-48,709443;SPRF-SC;DEL04-SC;UOP04-DEL04-SC;;;
688691;02/05/2025;sexta-feira;13:00:00;MG;381;362;SAO GONCALO DO RIO ABAIXO;Rea��o tardia ou ineficiente do condutor;Tombamento;Com V�timas Feridas;Pleno dia;Decrescente;C�u Claro;Simples;"Curva;Aclive";N�o;5;0;0;2;2;3;2;6;-19,85686248;-43,21980625;SPRF-MG;DEL03-MG;UOP01-DEL03-MG;;;
688693;02/05/2025;sexta-feira;14:50:00;MT;70;501;CUIABA;Ultrapassagem Indevida;Colis�o transversal;Com V�timas Feridas;Pleno dia;Crescente;Sol;Simples;Reta;Sim;4;0;1;1;1;1;2;3;-15,693739;-56,021613;SPRF-MT;DEL01-MT;UOP02-DEL01-MT;;;
688698;02/05/2025;sexta-feira;17:00:00;GO;60;288;ACREUNA;Convers�o proibida;Colis�o traseira;Com V�timas Fatais;Pleno dia;Decrescente;C�u Claro;Dupla;Reta;N�o;4;1;1;0;1;1;1;3;-17,296881;-50,269107;SPRF-GO;DEL04-GO;UOP02-DEL04-GO;;;
688699;02/05/2025;sexta-feira;14:45:00;MT;364;435,7;VARZEA GRANDE;Condutor deixou de manter dist�ncia do ve�culo da frente;Colis�o traseira;Com V�timas Feridas;Pleno dia;Decrescente;C�u Claro;Dupla;Reta;Sim;3;0;1;0;1;1;1;3;-15,6407;-56,20199;SPRF-MT;DEL01-MT;UOP02-DEL01-MT;;;
688702;02/05/2025;sexta-feira;17:00:00;RS;290;166;BUTIA;Ultrapassagem Indevida;Colis�o frontal;Com V�timas Feridas;Pleno dia;Decrescente;C�u Claro;Simples;Reta;N�o;4;0;2;2;0;0;4;2;-30,122887;-51,875215;SPRF-RS;DEL02-RS;UOP03-DEL02-RS;;;
688710;02/05/2025;sexta-feira;18:35:00;RS;386;342,5;LAJEADO;Desrespeitar a prefer�ncia no cruzamento;Colis�o transversal;Sem V�timas;Plena Noite;Crescente;Ignorado;Simples;"Reta;Em Obras";Sim;2;0;0;0;2;0;0;2;-29,43373;-52,00765;SPRF-RS;DEL04-RS;UOP01-DEL04-RS;;;
688711;02/05/2025;sexta-feira;18:00:00;ES;101;388,9;RIO NOVO DO SUL;Frear bruscamente;Colis�o traseira;Com V�timas Feridas;Plena Noite;Crescente;C�u Claro;Simples;Curva;N�o;3;0;1;0;1;1;1;3;-20,86121;-40,8796;SPRF-ES;DEL03-ES;UOP02-DEL03-ES;;;
688712;02/05/2025;sexta-feira;15:30:00;RJ;101;297;ITABORAI;Entrada inopinada do pedestre;Atropelamento de Pedestre;Com V�timas Feridas;Pleno dia;Crescente;C�u Claro;Dupla;Declive;Sim;2;0;0;1;0;1;1;2;-22,77117096;-42,92384074;SPRF-RJ;DEL02-RJ;UOP02-DEL02-RJ;;;
688716;02/05/2025;sexta-feira;17:53:00;SC;470;60,3;BLUMENAU;Acessar a via sem observar a presen�a dos outros ve�culos;Colis�o transversal;Com V�timas Feridas;Anoitecer;Crescente;C�u Claro;Simples;"Em Obras;Interse��o de Vias";Sim;2;0;1;0;1;0;1;2;-26,88063;-49,1678;SPRF-SC;DEL04-SC;UOP01-DEL04-SC;;;
688725;02/05/2025;sexta-feira;18:35:00;AP;210;27,9;MACAPA;Transitar na contram�o;Colis�o frontal;Com V�timas Fatais;Anoitecer;Decrescente;C�u Claro;Simples;Reta;N�o;4;2;1;0;0;3;1;5;0,2595082;-51,08526707;SPRF-AP;DEL01-AP;UOP01-DEL01-AP;;;
688735;02/05/2025;sexta-feira;18:20:00;AL;416;18,9;COLONIA LEOPOLDINA;Velocidade Incompat�vel;Tombamento;Com V�timas Fatais;Plena Noite;Decrescente;C�u Claro;Simples;"Curva;Declive";N�o;1;1;0;0;0;0;0;1;-8,939305;-35,786044;SPRF-AL;DEL01-AL;UOP02-DEL01-AL;;;
688737;02/05/2025;sexta-feira;17:28:00;MS;158;335,2;BRASILANDIA;Rea��o tardia ou ineficiente do condutor;Sa�da de leito carro��vel;Com V�timas Fatais;Anoitecer;Crescente;C�u Claro;Simples;Reta;N�o;4;1;1;0;1;3;1;6;-21,1657705;-51,9783209;SPRF-MS;DEL07-MS;UOP01-DEL07-MS;;;
688738;02/05/2025;sexta-feira;13:40:00;PR;277;417,1;CANTAGALO;Rea��o tardia ou ineficiente do condutor;Tombamento;Com V�timas Feridas;Pleno dia;Crescente;Nublado;Simples;Curva;N�o;2;0;2;0;0;0;2;2;-25,404864;-52,104095;SPRF-PR;DEL04-PR;UOP02-DEL04-PR;;;
688739;02/05/2025;sexta-feira;18:15:00;MG;381;787,4;SAO GONCALO DO SAPUCAI;Defici�ncia do Sistema de Ilumina��o/Sinaliza��o;Sa�da de leito carro��vel;Com V�timas Feridas;Plena Noite;Decrescente;C�u Claro;Dupla;Reta;N�o;1;0;1;0;0;0;1;1;-21,86171829;-45,5283705;SPRF-MG;DEL16-MG;UOP02-DEL16-MG;;;
688741;02/05/2025;sexta-feira;20:15:00;MG;50;91;UBERLANDIA;Problema na suspens�o;Colis�o com objeto;Com V�timas Feridas;Anoitecer;Decrescente;C�u Claro;Dupla;Reta;N�o;14;0;5;0;9;0;5;2;-19,059102;-48,19354;SPRF-MG;DEL15-MG;UOP01-DEL15-MG;;;
688744;02/05/2025;sexta-feira;19:30:00;RJ;393;263;BARRA DO PIRAI;Velocidade Incompat�vel;Tombamento;Com V�timas Feridas;Plena Noite;Crescente;Ignorado;Simples;Curva;N�o;2;0;1;0;0;1;1;2;-22,47988561;-43,92333984;SPRF-RJ;DEL05-RJ;UOP04-DEL05-RJ;;;
688752;02/05/2025;sexta-feira;21:30:00;MG;40;645,8;CRISTIANO OTONI;Acesso irregular;Colis�o frontal;Sem V�timas;Plena Noite;Decrescente;Nublado;Simples;Reta;N�o;2;0;0;0;2;0;0;2;-20,792821;-43,810791;SPRF-MG;DEL05-MG;UOP02-DEL05-MG;;;
688753;02/05/2025;sexta-feira;18:30:00;SC;282;135,6;BOM RETIRO;Transitar na contram�o;Colis�o frontal;Com V�timas Feridas;Plena Noite;Decrescente;C�u Claro;Simples;"Reta;Ponte";N�o;3;0;0;1;1;1;1;3;-27,81827836;-49,55331802;SPRF-SC;DEL05-SC;UOP01-DEL05-SC;;;
688754;02/05/2025;sexta-feira;19:20:00;BA;116;863,9;VITORIA DA CONQUISTA;Ultrapassagem Indevida;Colis�o lateral sentido oposto;Com V�timas Feridas;Plena Noite;Crescente;Garoa/Chuvisco;Simples;Reta;N�o;4;0;3;0;0;1;3;2;-15,157941;-41,055481;SPRF-BA;DEL08-BA;UOP01-DEL08-BA;;;
688757;02/05/2025;sexta-feira;19:30:00;RR;174;462;BOA VISTA;Manobra de mudan�a de faixa;Colis�o lateral sentido oposto;Com V�timas Feridas;Plena Noite;Crescente;Nublado;Simples;Reta;N�o;20;0;1;0;19;0;1;3;2,7392647;-60,7658752;SPRF-RR;DEL01-RR;UOP01-DEL01-RR;;;
688771;02/05/2025;sexta-feira;21:45:00;AL;316;84,7;SANTANA DO IPANEMA;Manobra de mudan�a de faixa;Colis�o frontal;Com V�timas Fatais;Plena Noite;Crescente;C�u Claro;Simples;"Declive;Reta";Sim;3;1;0;1;1;0;1;2;-9,36929133;-37,24543182;SPRF-AL;DEL03-AL;UOP02-DEL03-AL;;;
688772;02/05/2025;sexta-feira;22:40:00;SC;282;472,9;VARGEAO;Acessar a via sem observar a presen�a dos outros ve�culos;Colis�o transversal;Com V�timas Feridas;Plena Noite;Crescente;C�u Claro;Simples;"Reta;Interse��o de Vias";N�o;2;0;0;1;1;0;1;2;-26,863237;-52,127007;SPRF-SC;DEL07-SC;UOP01-DEL07-SC;;;
688777;02/05/2025;sexta-feira;19:00:00;MG;381;756;TRES CORACOES;Acessar a via sem observar a presen�a dos outros ve�culos;Colis�o traseira;Com V�timas Feridas;Plena Noite;Decrescente;C�u Claro;Dupla;Reta;Sim;3;0;1;0;1;1;1;3;-21,6727972;-45,3345734;SPRF-MG;DEL16-MG;UOP02-DEL16-MG;;;
688779;02/05/2025;sexta-feira;20:57:00;PB;230;431,1;POMBAL;Transitar na contram�o;Colis�o frontal;Com V�timas Fatais;Plena Noite;Crescente;C�u Claro;Simples;Reta;N�o;2;1;1;0;0;0;1;2;-6,74874274;-37,98419952;SPRF-PB;DEL03-PB;UOP02-DEL03-PB;;;
688782;03/05/2025;s�bado;01:20:00;SP;116;464;PARIQUERA-ACU;Condutor Dormindo;Colis�o traseira;Com V�timas Feridas;Plena Noite;Crescente;Nublado;Dupla;Reta;N�o;4;0;1;1;1;2;2;4;-24,63822553;-47,91227667;SPRF-SP;DEL05-SP;UOP01-DEL05-SP;;;
688783;02/05/2025;sexta-feira;19:00:00;MS;262;390,5;TERENOS;Demais falhas mec�nicas ou el�tricas;Inc�ndio;Sem V�timas;Plena Noite;Decrescente;C�u Claro;Simples;Curva;N�o;2;0;0;0;1;3;0;4;-20,429829;-54,934305;SPRF-MS;DEL01-MS;UOP03-DEL01-MS;;;
688786;02/05/2025;sexta-feira;17:05:00;SC;280;90,4;CORUPA;Transitar na contram�o;Colis�o frontal;Com V�timas Fatais;Pleno dia;Crescente;C�u Claro;Simples;"Aclive;Curva";N�o;15;2;11;0;1;1;11;4;-26,396013;-49,29445;SPRF-SC;DEL06-SC;UOP03-DEL06-SC;;;
688789;03/05/2025;s�bado;03:00:00;SP;116;198;ARUJA;Animais na Pista;Atropelamento de Animal;Com V�timas Feridas;Plena Noite;Decrescente;Nublado;Dupla;Reta;Sim;3;0;1;0;1;2;1;4;-23,395006;-46,28908575;SPRF-SP;DEL01-SP;UOP01-DEL01-SP;;;
688790;03/05/2025;s�bado;00:55:00;PR;373;173,1;PONTA GROSSA;Ingest�o de �lcool pelo condutor;Colis�o com objeto;Com V�timas Feridas;Plena Noite;Crescente;C�u Claro;Dupla;Curva;Sim;3;0;1;0;1;2;1;4;-25,08005349;-50,20271;SPRF-PR;DEL03-PR;UOP01-DEL03-PR;;;
688792;03/05/2025;s�bado;04:20:00;PB;101;107;ALHANDRA;Rea��o tardia ou ineficiente do condutor;Colis�o lateral mesmo sentido;Com V�timas Feridas;Amanhecer;Decrescente;C�u Claro;Dupla;Reta;N�o;3;0;2;0;1;0;2;2;-7,334443;-34,94738;SPRF-PB;DEL01-PB;UOP01-DEL01-PB;;;
688794;02/05/2025;sexta-feira;22:05:00;BA;116;438;FEIRA DE SANTANA;Rea��o tardia ou ineficiente do condutor;Sa�da de leito carro��vel;Com V�timas Feridas;Plena Noite;Decrescente;Chuva;Dupla;Declive;N�o;3;0;1;0;1;2;1;4;-12,333948;-39,069055;SPRF-BA;DEL02-BA;UOP01-DEL02-BA;;;
688800;02/05/2025;sexta-feira;20:10:00;PB;101;107;ALHANDRA;Rea��o tardia ou ineficiente do condutor;Colis�o traseira;Sem V�timas;Plena Noite;Decrescente;C�u Claro;Dupla;Reta;N�o;2;0;0;0;1;1;0;2;-7,3337763;-34,9476654;SPRF-PB;DEL01-PB;UOP01-DEL01-PB;;;
688803;03/05/2025;s�bado;04:10:00;TO;153;551;OLIVEIRA DE FATIMA;Demais Fen�menos da natureza;Colis�o com objeto;Com V�timas Feridas;Amanhecer;Decrescente;Garoa/Chuvisco;Simples;Declive;N�o;3;0;0;1;1;1;1;3;-10,66077665;-48,90855789;SPRF-TO;DEL01-TO;UOP01-DEL01-TO;;;
688811;03/05/2025;s�bado;06:15:00;PR;277;227,5;FERNANDES PINHEIRO;Demais falhas mec�nicas ou el�tricas;Inc�ndio;Sem V�timas;Amanhecer;Crescente;Nevoeiro/Neblina;Simples;"Reta;Aclive";N�o;2;0;0;0;1;2;0;3;-25,457776;-50,459187;SPRF-PR;DEL08-PR;UOP02-DEL08-PR;;;
688819;03/05/2025;s�bado;06:00:00;TO;153;320;GUARAI;Rea��o tardia ou ineficiente do condutor;Tombamento;Sem V�timas;Pleno dia;Decrescente;C�u Claro;Simples;"Reta;Declive";N�o;2;0;0;0;1;3;0;4;-8,707577;-48,50541;SPRF-TO;DEL02-TO;UOP02-DEL02-TO;;;
688833;03/05/2025;s�bado;05:30:00;BA;116;130;CANUDOS;Aus�ncia de rea��o do condutor;Sa�da de leito carro��vel;Com V�timas Fatais;Amanhecer;Crescente;Chuva;Simples;Reta;N�o;1;1;0;0;0;0;0;1;-9,87348143;-39,16557312;SPRF-BA;DEL07-BA;UOP03-DEL07-BA;;;
688834;03/05/2025;s�bado;09:10:00;RS;471;158;RIO PARDO;Ultrapassagem Indevida;Colis�o frontal;Com V�timas Fatais;Pleno dia;Crescente;C�u Claro;Simples;Reta;N�o;4;1;0;0;1;2;0;4;-29,99013389;-52,36829706;SPRF-RS;DEL02-RS;UOP03-DEL02-RS;;;
688839;03/05/2025;s�bado;09:00:00;MA;226;286;BARRA DO CORDA;Demais falhas mec�nicas ou el�tricas;Sa�da de leito carro��vel;Com V�timas Feridas;Pleno dia;Crescente;Nublado;Simples;"Declive;Curva";N�o;1;0;1;0;0;0;1;1;-5,450938;-45,13393;SPRF-MA;DEL06-MA;UOP01-DEL06-MA;;;
688840;03/05/2025;s�bado;10:25:00;PB;230;143;CAMPINA GRANDE;Rea��o tardia ou ineficiente do condutor;Tombamento;Com V�timas Feridas;Pleno dia;Crescente;C�u Claro;Dupla;Reta;Sim;1;0;1;0;0;0;1;1;-7,253942;-35,831933;SPRF-PB;DEL02-PB;UOP01-DEL02-PB;;;
688850;03/05/2025;s�bado;07:54:00;RS;470;215;BENTO GONCALVES;Rea��o tardia ou ineficiente do condutor;Colis�o frontal;Com V�timas Fatais;Pleno dia;Decrescente;C�u Claro;Simples;Declive;Sim;3;1;0;0;1;1;0;3;-29,160718;-51,5253932;SPRF-RS;DEL06-RS;UOP01-DEL06-RS;;;
688851;05/04/2025;s�bado;23:00:00;BA;101;579;CAMACAN;Ingest�o de �lcool pelo condutor;Colis�o lateral sentido oposto;Com V�timas Fatais;Plena Noite;Crescente;C�u Claro;Simples;Reta;N�o;4;2;1;0;0;2;1;5;-15,349358;-39,501968;SPRF-BA;DEL05-BA;UOP02-DEL05-BA;;;
688854;03/05/2025;s�bado;12:40:00;TO;153;335;GUARAI;Aus�ncia de rea��o do condutor;Colis�o lateral mesmo sentido;Sem V�timas;Pleno dia;Crescente;C�u Claro;Simples;Reta;Sim;2;0;0;0;1;1;0;2;-8,847632;-48,51069724;SPRF-TO;DEL02-TO;UOP02-DEL02-TO;;;
688856;03/05/2025;s�bado;12:20:00;PA;155;255;ELDORADO DO CARAJAS;Acessar a via sem observar a presen�a dos outros ve�culos;Colis�o traseira;Com V�timas Feridas;Pleno dia;Decrescente;C�u Claro;Simples;Curva;N�o;3;0;0;1;1;1;1;3;-6,0885818;-49,3230418;SPRF-PA;DEL03-PA;UOP01-DEL03-PA;;;
688860;03/05/2025;s�bado;11:50:00;BA;116;558;NOVA ITARANA;Transitar na contram�o;Colis�o frontal;Com V�timas Fatais;Pleno dia;Crescente;C�u Claro;Simples;"Reta;Declive";N�o;4;1;0;0;1;2;0;4;-12,95512842;-39,92109454;SPRF-BA;DEL03-BA;UOP02-DEL03-BA;;;
688861;03/05/2025;s�bado;12:45:00;PR;376;413;TIBAGI;Rea��o tardia ou ineficiente do condutor;Colis�o lateral mesmo sentido;Com V�timas Feridas;Pleno dia;Decrescente;Sol;Dupla;"Aclive;Curva";N�o;3;0;1;0;1;2;1;4;-24,639269;-50,62771289;SPRF-PR;DEL03-PR;UOP02-DEL03-PR;;;
688862;03/05/2025;s�bado;11:25:00;MT;364;276;JACIARA;Rea��o tardia ou ineficiente do condutor;Tombamento;Sem V�timas;Pleno dia;Decrescente;C�u Claro;Simples;Reta;N�o;2;0;0;0;1;1;0;2;-15,952764;-54,993937;SPRF-MT;DEL05-MT;UOP02-DEL05-MT;;;
688865;03/05/2025;s�bado;13:00:00;PR;476;79;RIO BRANCO DO SUL;Transitar na contram�o;Colis�o lateral sentido oposto;Com V�timas Fatais;Pleno dia;Crescente;C�u Claro;Simples;"Curva;Aclive";N�o;3;1;0;0;1;1;0;3;-25,120685;-49,095002;SPRF-PR;DEL01-PR;UOP01-DEL01-PR;;;
688867;03/05/2025;s�bado;10:30:00;MT;163;820;SINOP;Retorno proibido;Colis�o transversal;Com V�timas Feridas;Pleno dia;Decrescente;C�u Claro;Simples;Reta;N�o;2;0;0;1;1;0;1;2;-11,99721629;-55,51709154;SPRF-MT;DEL06-MT;UOP02-DEL06-MT;;;
688871;03/05/2025;s�bado;12:50:00;RJ;393;153;TRES RIOS;Rea��o tardia ou ineficiente do condutor;Colis�o traseira;Com V�timas Feridas;Pleno dia;Crescente;Sol;Simples;Reta;N�o;4;0;1;0;2;1;1;4;-22,09380019;-43,07060835;SPRF-RJ;DEL05-RJ;UOP01-DEL05-RJ;;;
688876;03/05/2025;s�bado;10:15:00;PB;104;149,7;QUEIMADAS;Carga excessiva e/ou mal acondicionada;Capotamento;Com V�timas Feridas;Pleno dia;Crescente;Sol;Simples;Reta;N�o;1;0;1;0;0;0;1;1;-7,454527;-35,915197;SPRF-PB;DEL02-PB;UOP03-DEL02-PB;;;
688882;03/05/2025;s�bado;15:10:00;PE;101;21;GOIANA;Manobra de mudan�a de faixa;Colis�o lateral mesmo sentido;Sem V�timas;Pleno dia;Crescente;C�u Claro;Dupla;Curva;N�o;3;0;0;0;3;0;0;2;-7,68156669;-34,92574067;SPRF-PE;DEL01-PE;UOP02-DEL01-PE;;;
688885;03/05/2025;s�bado;13:30:00;SC;280;111,4;SAO BENTO DO SUL;Acessar a via sem observar a presen�a dos outros ve�culos;Colis�o transversal;Com V�timas Feridas;Pleno dia;Crescente;C�u Claro;Simples;"Interse��o de Vias;Curva";N�o;11;0;1;7;2;2;8;4;-26,308642;-49,388033;SPRF-SC;DEL06-SC;UOP03-DEL06-SC;;;
688891;03/05/2025;s�bado;16:55:00;SP;116;352;MIRACATU;Demais falhas mec�nicas ou el�tricas;Inc�ndio;Sem V�timas;Pleno dia;Decrescente;C�u Claro;Dupla;"Reta;Aclive";N�o;2;0;0;0;1;1;0;2;-24,02993685;-47,1782972;SPRF-SP;DEL04-SP;UOP03-DEL04-SP;;;
688899;03/05/2025;s�bado;15:15:00;RS;386;5,5;IRAI;Ultrapassagem Indevida;Colis�o frontal;Com V�timas Fatais;Pleno dia;Crescente;C�u Claro;Simples;Reta;N�o;4;1;0;1;1;1;1;3;-27,19189;-53,26993;SPRF-RS;DEL08-RS;UOP02-DEL08-RS;;;
688919;03/05/2025;s�bado;19:30:00;PR;373;172,2;PONTA GROSSA;Ingest�o de �lcool pelo condutor;Colis�o lateral mesmo sentido;Com V�timas Feridas;Plena Noite;Crescente;C�u Claro;M�ltipla;"Declive;Reta";Sim;3;0;1;0;2;0;1;3;-25,080698;-50,193745;SPRF-PR;DEL03-PR;UOP01-DEL03-PR;;;
688923;03/05/2025;s�bado;08:00:00;MT;70;242;POXOREU;Velocidade Incompat�vel;Sa�da de leito carro��vel;Com V�timas Fatais;Pleno dia;Decrescente;C�u Claro;Simples;"Curva;Aclive";N�o;2;1;0;0;0;1;0;2;-15,615547;-54,039998;SPRF-MT;DEL05-MT;UOP01-DEL05-MT;;;
688926;03/05/2025;s�bado;19:45:00;PR;376;663,5;GUARATUBA;Demais falhas mec�nicas ou el�tricas;Inc�ndio;Sem V�timas;Plena Noite;Decrescente;C�u Claro;Dupla;"Reta;Aclive";N�o;2;0;0;0;1;1;0;2;-25,854253;-48,962581;SPRF-PR;DEL01-PR;UOP04-DEL01-PR;;;
688933;03/05/2025;s�bado;20:45:00;ES;101;122,5;LINHARES;Frear bruscamente;Colis�o traseira;Com V�timas Feridas;Plena Noite;Crescente;Nublado;Simples;Reta;N�o;4;0;1;0;2;2;1;4;-19,2824722;-40,0871742;SPRF-ES;DEL04-ES;UOP01-DEL04-ES;;;
688934;03/05/2025;s�bado;20:30:00;RJ;465;0;SEROPEDICA;Aus�ncia de rea��o do condutor;Colis�o com objeto;Com V�timas Fatais;Plena Noite;Decrescente;Ignorado;Dupla;Reta;N�o;1;1;0;0;0;0;0;1;-22,71410345;-43,73101473;SPRF-RJ;DEL06-RJ;UOP02-DEL06-RJ;;;
688940;03/05/2025;s�bado;19:20:00;SC;163;75;SAO MIGUEL DO OESTE;Ingest�o de �lcool pelo condutor;Colis�o lateral sentido oposto;Sem V�timas;Plena Noite;Decrescente;C�u Claro;Simples;Curva;N�o;2;0;0;0;2;0;0;2;-26,68895611;-53,51413534;SPRF-SC;DEL07-SC;UOP03-DEL07-SC;;;
688947;03/05/2025;s�bado;20:00:00;MT;163;793;VERA;Problema com o freio;Inc�ndio;Sem V�timas;Plena Noite;Decrescente;C�u Claro;Simples;"Reta;Aclive";N�o;2;0;0;0;1;2;0;3;-12,22997497;-55,54509759;SPRF-MT;DEL06-MT;UOP02-DEL06-MT;;;
688951;03/05/2025;s�bado;22:30:00;MS;267;319;RIO BRILHANTE;Condutor Dormindo;Tombamento;Com V�timas Feridas;Plena Noite;Crescente;C�u Claro;Simples;"Reta;Rotat�ria";N�o;3;0;1;0;1;1;1;2;-21,65055271;-54,76050496;SPRF-MS;DEL02-MS;UOP02-DEL02-MS;;;
688959;03/05/2025;s�bado;23:57:00;MG;251;443;GRAO MOGOL;Velocidade Incompat�vel;Capotamento;Com V�timas Feridas;Plena Noite;Crescente;C�u Claro;Simples;Curva;N�o;2;0;1;0;0;1;1;2;-16,32600839;-43,10421467;SPRF-MG;DEL12-MG;UOP01-DEL12-MG;;;
688968;03/05/2025;s�bado;21:30:00;MA;222;371,7;PINDARE-MIRIM;Animais na Pista;Colis�o frontal;Com V�timas Feridas;Plena Noite;Decrescente;C�u Claro;Simples;Reta;N�o;4;0;0;1;2;1;1;3;-3,740297;-45,435408;SPRF-MA;DEL02-MA;UOP01-DEL02-MA;;;
688971;03/05/2025;s�bado;23:45:00;SC;282;518,1;XAXIM;Aus�ncia de rea��o do condutor;Colis�o frontal;Com V�timas Fatais;Plena Noite;Crescente;C�u Claro;Simples;"Reta;Aclive";N�o;3;1;0;0;2;0;0;2;-26,94400714;-52,50820611;SPRF-SC;DEL07-SC;UOP01-DEL07-SC;;;
688981;04/05/2025;domingo;00:05:00;RO;364;242;CACOAL;Acessar a via sem observar a presen�a dos outros ve�culos;Colis�o transversal;Com V�timas Feridas;Plena Noite;Decrescente;Ignorado;Simples;"Reta;Rotat�ria;Interse��o de Vias";Sim;3;0;0;1;1;1;1;3;-11,440903;-61,48761;SPRF-RO;DEL02-RO;UOP02-DEL02-RO;;;
689011;03/05/2025;s�bado;23:30:00;MG;116;236,5;SANTANA DO PARAISO;Condutor Dormindo;Colis�o com objeto;Sem V�timas;Plena Noite;Crescente;C�u Claro;Simples;Curva;N�o;1;0;0;0;0;1;0;1;-19,37408379;-42,46176839;SPRF-MG;DEL11-MG;UOP01-DEL11-MG;;;
689018;04/05/2025;domingo;08:30:00;GO;60;38,2;GOIANIA;Condutor deixou de manter dist�ncia do ve�culo da frente;Colis�o lateral mesmo sentido;Com V�timas Feridas;Pleno dia;Decrescente;Sol;Dupla;"Reta;Rotat�ria";Sim;5;0;1;0;3;1;1;2;-16,74793292;-49,34189265;SPRF-GO;DEL01-GO;UOP02-DEL01-GO;;;
689021;04/05/2025;domingo;08:32:00;MT;158;623;AGUA BOA;Transitar na contram�o;Colis�o lateral sentido oposto;Com V�timas Feridas;Pleno dia;Crescente;Sol;Simples;Reta;N�o;3;0;1;0;1;3;1;5;-14,086903;-52,1609576;SPRF-MT;DEL07-MT;UOP02-DEL07-MT;;;
689029;04/05/2025;domingo;03:45:00;BA;324;450;RIACHAO DO JACUIPE;Aus�ncia de rea��o do condutor;Colis�o lateral sentido oposto;Com V�timas Feridas;Plena Noite;Crescente;Nublado;Simples;Declive;N�o;3;0;1;1;1;0;2;2;-11,87909;-39,30098;SPRF-BA;DEL04-BA;UOP02-DEL04-BA;;;
689032;04/05/2025;domingo;10:20:00;MG;116;274,6;TEOFILO OTONI;Pedestre andava na pista;Atropelamento de Pedestre;Com V�timas Feridas;Pleno dia;Decrescente;C�u Claro;Simples;Reta;Sim;3;0;0;1;1;2;1;4;-17,837826;-41,512297;SPRF-MG;DEL11-MG;UOP01-DEL11-MG;;;
689039;04/05/2025;domingo;09:50:00;MG;381;744;TRES CORACOES;Velocidade Incompat�vel;Tombamento;Com V�timas Feridas;Pleno dia;Decrescente;C�u Claro;Dupla;"Curva;Declive";N�o;2;0;0;1;0;1;1;2;-21,616279;-45,242011;SPRF-MG;DEL16-MG;UOP02-DEL16-MG;;;
689045;04/05/2025;domingo;09:40:00;MG;251;333;RUBELITA;Rea��o tardia ou ineficiente do condutor;Tombamento;Com V�timas Feridas;Pleno dia;Decrescente;C�u Claro;Simples;"Curva;Declive";N�o;1;0;1;0;0;0;1;1;-16,262401;-42,408402;SPRF-MG;DEL12-MG;UOP02-DEL12-MG;;;
689051;04/05/2025;domingo;11:20:00;MS;163;43,4;ELDORADO;Demais falhas mec�nicas ou el�tricas;Inc�ndio;Sem V�timas;Pleno dia;Decrescente;C�u Claro;Simples;Reta;N�o;2;0;0;0;1;1;0;2;-23,760133;-54,270588;SPRF-MS;DEL09-MS;UOP02-DEL09-MS;;;