id;data_inversa;dia_semana;horario;uf;br;km;municipio;causa_acidente;tipo_acidente;classificacao_acidente;fase_dia;sentido_via;condicao_metereologica;tipo_pista;tracado_via;uso_solo;pessoas;mortos;feridos_leves;feridos_graves;ilesos;ignorados;feridos;veiculos;latitude;longitude;regional;delegacia;uop;;;
689057;04/05/2025;domingo;08:45:00;SC;282;455,6;PONTE SERRADA;Acostamento em desn�vel;Sa�da de leito carro��vel;Com V�timas Feridas;Pleno dia;Decrescente;C�u Claro;Simples;Curva;N�o;2;0;1;0;0;1;1;2;-26,8951;-51,979122;SPRF-SC;DEL07-SC;UOP04-DEL07-SC;;;
689064;04/05/2025;domingo;15:00:00;AL;101;115;PILAR;Desvio tempor�rio;Colis�o frontal;Com V�timas Feridas;Pleno dia;Decrescente;C�u Claro;Simples;"Reta;Declive";N�o;3;0;1;0;1;2;1;4;-9,64508233;-36,02432401;SPRF-AL;DEL02-AL;UOP01-DEL02-AL;;;
689066;04/05/2025;domingo;14:40:00;GO;80;27;PADRE BERNARDO;Pista Escorregadia;Queda de ocupante de ve�culo;Com V�timas Fatais;Pleno dia;Decrescente;C�u Claro;Simples;Curva;N�o;3;1;0;0;2;0;0;2;-15,597093;-48,203519;SPRF-DF;DEL03-DF;UOP02-DEL03-DF;;;
689090;04/05/2025;domingo;16:30:00;MG;262;620,7;IBIA;Velocidade Incompat�vel;Tombamento;Com V�timas Feridas;Pleno dia;Crescente;Nublado;Simples;"Curva;Declive";N�o;2;0;1;0;0;1;1;2;-19,58370239;-46,39869539;SPRF-MG;DEL08-MG;UOP02-DEL08-MG;;;
689105;04/05/2025;domingo;17:15:00;SC;153;80,6;IRANI;Demais falhas mec�nicas ou el�tricas;Inc�ndio;Sem V�timas;Anoitecer;Crescente;C�u Claro;Simples;"Reta;Declive";N�o;2;0;0;0;1;1;0;2;-27,119776;-51,926978;SPRF-SC;DEL07-SC;UOP04-DEL07-SC;;;
689108;04/05/2025;domingo;16:30:00;MG;116;376;MATHIAS LOBATO;Ingest�o de �lcool pelo condutor;Colis�o traseira;Sem V�timas;Pleno dia;Crescente;C�u Claro;Simples;Reta;Sim;5;0;0;0;5;0;0;3;-18,577535;-41,921304;SPRF-MG;DEL06-MG;UOP01-DEL06-MG;;;
689109;04/05/2025;domingo;15:00:00;MA;222;623;ACAILANDIA;Demais falhas mec�nicas ou el�tricas;Inc�ndio;Sem V�timas;Pleno dia;Crescente;C�u Claro;Simples;Reta;N�o;2;0;0;0;0;2;0;2;-4,76571031;-47,05505168;SPRF-MA;DEL04-MA;UOP03-DEL04-MA;;;
689113;04/05/2025;domingo;19:05:00;PR;116;137;MANDIRITUBA;Rea��o tardia ou ineficiente do condutor;Colis�o lateral mesmo sentido;Sem V�timas;Plena Noite;Crescente;C�u Claro;Dupla;Reta;N�o;5;0;0;0;5;0;0;2;-25,728028;-49,317798;SPRF-PR;DEL01-PR;UOP03-DEL01-PR;;;
689121;04/05/2025;domingo;20:00:00;PR;277;3;PARANAGUA;Aus�ncia de sinaliza��o;Colis�o traseira;Com V�timas Feridas;Plena Noite;Decrescente;Nublado;Dupla;Reta;Sim;2;0;1;0;1;0;1;2;-25,54577144;-48,54394913;SPRF-PR;DEL01-PR;UOP05-DEL01-PR;;;
689127;04/05/2025;domingo;15:25:00;AL;101;247,5;PORTO REAL DO COLEGIO;Aus�ncia de rea��o do condutor;Tombamento;Com V�timas Feridas;Pleno dia;Decrescente;C�u Claro;M�ltipla;Curva;Sim;2;0;1;0;0;1;1;2;-10,20140679;-36,81793213;SPRF-AL;DEL02-AL;UOP02-DEL02-AL;;;
689133;04/05/2025;domingo;20:00:00;MG;262;548;LUZ;Curva acentuada;Tombamento;Com V�timas Feridas;Plena Noite;Decrescente;C�u Claro;Simples;"Curva;Declive";N�o;3;0;2;1;0;0;3;2;-19,720227;-45,877304;SPRF-MG;DEL08-MG;UOP02-DEL08-MG;;;
689141;04/05/2025;domingo;15:15:00;MG;262;828;UBERABA;Velocidade Incompat�vel;Tombamento;Com V�timas Feridas;Pleno dia;Crescente;C�u Claro;Dupla;"Retorno Regulamentado;Rotat�ria";N�o;2;0;1;0;0;2;1;3;-19,76245911;-48,13707143;SPRF-MG;DEL13-MG;UOP01-DEL13-MG;;;
689142;04/05/2025;domingo;20:50:00;MG;365;300;JOAO PINHEIRO;Animais na Pista;Atropelamento de Animal;Com V�timas Feridas;Plena Noite;Crescente;C�u Claro;Simples;"Reta;Aclive";N�o;4;0;3;0;1;0;3;1;-17,7405952;-46,1832192;SPRF-MG;DEL10-MG;UOP02-DEL010-MG;;;
689146;04/05/2025;domingo;20:30:00;SC;116;254;LAGES;Ingest�o de �lcool pelo condutor;Colis�o lateral sentido oposto;Sem V�timas;Plena Noite;Crescente;C�u Claro;Simples;Reta;Sim;3;0;0;0;3;0;0;3;-27,86944008;-50,39795637;SPRF-SC;DEL05-SC;UOP02-DEL05-SC;;;
689148;04/05/2025;domingo;22:15:00;PR;373;268;PRUDENTOPOLIS;Ingest�o de �lcool pelo condutor;Colis�o lateral sentido oposto;Com V�timas Feridas;Plena Noite;Decrescente;C�u Claro;Simples;Curva;N�o;7;0;0;1;5;1;1;4;-25,21903118;-51,01841369;SPRF-PR;DEL08-PR;UOP01-DEL08-PR;;;
689151;04/05/2025;domingo;20:00:00;MT;364;227,8;RONDONOPOLIS;Rea��o tardia ou ineficiente do condutor;Colis�o traseira;Com V�timas Feridas;Plena Noite;Crescente;C�u Claro;Dupla;"Reta;Aclive";N�o;3;0;1;0;1;1;1;3;-16,28597257;-54,76529002;SPRF-MT;DEL02-MT;UOP01-DEL02-MT;;;
689159;04/05/2025;domingo;22:40:00;ES;101;159,5;LINHARES;Transitar na contram�o;Colis�o frontal;Sem V�timas;Plena Noite;Decrescente;Nublado;Simples;Curva;Sim;2;0;0;0;2;0;0;2;-19,47298212;-40,11209099;SPRF-ES;DEL04-ES;UOP01-DEL04-ES;;;
689163;04/05/2025;domingo;23:45:00;PR;116;94,8;SAO JOSE DOS PINHAIS;Pedestre andava na pista;Atropelamento de Pedestre;Com V�timas Fatais;Plena Noite;Crescente;Nublado;Dupla;Reta;N�o;3;1;0;0;1;2;0;4;-25,5267105;-49,1399598;SPRF-PR;DEL01-PR;UOP07-DEL01-PR;;;
689172;05/05/2025;segunda-feira;04:00:00;SP;116;304;SAO LOURENCO DA SERRA;Estacionar ou parar em local proibido;Colis�o traseira;Com V�timas Feridas;Plena Noite;Decrescente;C�u Claro;Dupla;Reta;N�o;4;0;1;0;1;2;1;4;-23,8358541;-46,92973165;SPRF-SP;DEL04-SP;UOP01-DEL04-SP;;;
689176;05/05/2025;segunda-feira;06:00:00;TO;153;562,4;FATIMA;Ingest�o de subst�ncias psicoativas pelo condutor;Colis�o traseira;Com V�timas Feridas;Amanhecer;Crescente;C�u Claro;Dupla;"Aclive;Reta;Retorno Regulamentado";Sim;7;0;3;0;3;1;3;5;-10,762208;-48,901676;SPRF-TO;DEL01-TO;UOP01-DEL01-TO;;;
689188;05/05/2025;segunda-feira;06:50:00;BA;116;17;VITORIA DA CONQUISTA;Mal s�bito do condutor;Colis�o lateral mesmo sentido;Com V�timas Feridas;Pleno dia;Decrescente;C�u Claro;Simples;Reta;N�o;3;0;1;0;1;1;1;3;-14,902448;-40,842322;SPRF-BA;DEL08-BA;UOP01-DEL08-BA;;;
689191;05/05/2025;segunda-feira;07:30:00;DF;60;2,7;BRASILIA;Condutor deixou de manter dist�ncia do ve�culo da frente;Colis�o traseira;Com V�timas Feridas;Pleno dia;Crescente;C�u Claro;Dupla;Reta;Sim;4;0;1;0;2;1;1;4;-15,888708;-48,081952;SPRF-DF;DEL03-DF;UOP01-DEL03-DF;;;
689192;01/05/2025;quinta-feira;22:00:00;SE;101;206;CRISTINAPOLIS;Rea��o tardia ou ineficiente do condutor;Sa�da de leito carro��vel;Com V�timas Feridas;Plena Noite;Decrescente;Nublado;Simples;Reta;N�o;2;0;1;0;0;1;1;2;-11,52023283;-37,80082075;SPRF-SE;DEL02-SE;UOP03-DEL02-SE;;;
689193;05/05/2025;segunda-feira;07:00:00;RS;285;500,3;ENTRE-IJUIS;Desrespeitar a prefer�ncia no cruzamento;Colis�o transversal;Com V�timas Feridas;Pleno dia;Crescente;C�u Claro;Simples;"Reta;Interse��o de Vias";N�o;3;0;1;0;1;1;1;3;-28,378184;-54,283105;SPRF-RS;DEL10-RS;UOP01-DEL10-RS;;;
689198;05/05/2025;segunda-feira;08:00:00;MG;262;133;RIO CASCA;Demais falhas mec�nicas ou el�tricas;Inc�ndio;Sem V�timas;Pleno dia;Crescente;Sol;Simples;Reta;N�o;2;0;0;0;1;1;0;2;-20,13463584;-42,69352914;SPRF-MG;DEL03-MG;UOP03-DEL03-MG;;;
689201;05/05/2025;segunda-feira;08:30:00;RS;470;220;BENTO GONCALVES;Rea��o tardia ou ineficiente do condutor;Colis�o lateral mesmo sentido;Com V�timas Feridas;Pleno dia;Crescente;C�u Claro;Simples;"Retorno Regulamentado;Interse��o de Vias;Aclive;Reta;Rotat�ria";N�o;2;0;1;0;1;0;1;2;-29,19816096;-51,5185496;SPRF-RS;DEL06-RS;UOP01-DEL06-RS;;;
689209;05/05/2025;segunda-feira;11:00:00;MG;153;176,5;COMENDADOR GOMES;Demais falhas mec�nicas ou el�tricas;Colis�o com objeto;Com V�timas Feridas;Pleno dia;Crescente;C�u Claro;Simples;Reta;N�o;3;0;1;0;1;1;1;2;-19,76536;-48,965512;SPRF-MG;DEL13-MG;UOP02-DEL13-MG;;;
689215;05/05/2025;segunda-feira;08:20:00;SP;116;157;SAO JOSE DOS CAMPOS;Condutor deixou de manter dist�ncia do ve�culo da frente;Engavetamento;Com V�timas Feridas;Pleno dia;Decrescente;C�u Claro;Dupla;Reta;Sim;4;0;1;0;2;1;1;4;-23,25736199;-45,94646573;SPRF-SP;DEL02-SP;UOP01-DEL02-SP;;;
689220;05/05/2025;segunda-feira;09:40:00;BA;101;926;NOVA VICOSA;Manobra de mudan�a de faixa;Colis�o traseira;Com V�timas Feridas;Pleno dia;Crescente;C�u Claro;Simples;Reta;N�o;3;0;1;0;1;2;1;4;-17,935348;-39,846127;SPRF-BA;DEL09-BA;UOP02-DEL09-BA;;;
689225;05/05/2025;segunda-feira;09:14:00;PI;316;9,7;TERESINA;Manobra de mudan�a de faixa;Colis�o lateral mesmo sentido;Com V�timas Feridas;Pleno dia;Crescente;C�u Claro;M�ltipla;Reta;Sim;3;0;1;0;1;1;1;3;-5,17650535;-42,76552677;SPRF-PI;DEL01-PI;UOP02-DEL01-PI;;;
689226;05/05/2025;segunda-feira;10:00:00;GO;414;356,9;COCALZINHO DE GOIAS;Ultrapassagem Indevida;Colis�o frontal;Com V�timas Fatais;Pleno dia;Decrescente;C�u Claro;Simples;Reta;N�o;3;1;0;0;1;2;0;4;-15,6784;-48,7046883;SPRF-GO;DEL02-GO;UOP01-DEL02-GO;;;
689228;03/04/2025;quinta-feira;14:38:00;GO;153;506,2;APARECIDA DE GOIANIA;Acessar a via sem observar a presen�a dos outros ve�culos;Colis�o com objeto;Com V�timas Feridas;Pleno dia;Decrescente;Sol;M�ltipla;Aclive;Sim;3;0;1;0;1;1;1;3;-16,7550816;-49,24080644;SPRF-GO;DEL01-GO;UOP01-DEL01-GO;;;
689236;05/05/2025;segunda-feira;07:40:00;SC;101;54,8;JOINVILLE;Demais falhas mec�nicas ou el�tricas;Colis�o lateral mesmo sentido;Sem V�timas;Pleno dia;Decrescente;C�u Claro;Dupla;Curva;N�o;4;0;0;0;3;1;0;4;-26,426349;-48,827709;SPRF-SC;DEL03-SC;UOP01-DEL03-SC;;;
689239;04/03/2025;ter�a-feira;00:10:00;PI;230;171;SAO JOAO DA VARJOTA;Ingest�o de �lcool pelo condutor;Colis�o frontal;Com V�timas Feridas;Plena Noite;Crescente;Chuva;Simples;Reta;Sim;3;0;0;1;1;2;1;4;-6,9374;-41,91;SPRF-PI;DEL04-PI;UOP01-DEL04-PI;;;
689242;05/05/2025;segunda-feira;12:03:00;ES;101;17;PEDRO CANARIO;Rea��o tardia ou ineficiente do condutor;Colis�o com objeto;Com V�timas Feridas;Pleno dia;Crescente;Chuva;Simples;"Curva;Declive";N�o;1;0;0;1;0;0;1;1;-18,305947;-39,957792;SPRF-ES;DEL04-ES;UOP02-DEL04-ES;;;
689248;05/05/2025;segunda-feira;11:23:00;RR;174;210;RORAINOPOLIS;Demais falhas mec�nicas ou el�tricas;Colis�o transversal;Sem V�timas;Pleno dia;Decrescente;C�u Claro;Simples;Reta;Sim;3;0;0;0;3;0;0;3;0,92701038;-60,4294579;SPRF-RR;DEL01-RR;UOP01-DEL01-RR;;;
689249;05/05/2025;segunda-feira;11:10:00;BA;324;564;SIMOES FILHO;Condutor deixou de manter dist�ncia do ve�culo da frente;Colis�o traseira;Com V�timas Feridas;Pleno dia;Decrescente;Chuva;Dupla;Reta;N�o;5;0;1;0;3;1;1;4;-12,7931067;-38,4045404;SPRF-BA;DEL01-BA;UOP01-DEL01-BA;;;
689252;05/05/2025;segunda-feira;12:50:00;SP;116;127;CACAPAVA;Rea��o tardia ou ineficiente do condutor;Colis�o traseira;Sem V�timas;Pleno dia;Decrescente;C�u Claro;Dupla;Reta;N�o;6;0;0;0;5;2;0;5;-23,06855933;-45,63829494;SPRF-SP;DEL02-SP;UOP02-DEL02-SP;;;
689270;04/05/2025;domingo;12:00:00;AC;364;527;TARAUACA;Condutor Dormindo;Colis�o lateral sentido oposto;Com V�timas Feridas;Pleno dia;Crescente;C�u Claro;Simples;Reta;N�o;3;0;0;1;1;2;1;4;-8,17775549;-70,65339535;SPRF-AC;DEL01-AC;UOP01-DEL01-AC;;;
689272;05/05/2025;segunda-feira;12:15:00;RN;405;41,7;GOVERNADOR DIX-SEPT ROSADO;Transitar na contram�o;Colis�o lateral sentido oposto;Com V�timas Feridas;Pleno dia;Decrescente;Sol;Simples;Reta;N�o;3;0;1;0;2;0;1;2;-5,399596;-37,631367;SPRF-RN;DEL04-RN;UOP02-DEL04-RN;;;
689273;18/01/2025;s�bado;13:10:00;SP;153;97;JACI;Aus�ncia de rea��o do condutor;Tombamento;Sem V�timas;Pleno dia;Crescente;C�u Claro;Simples;"Em Obras;Aclive";N�o;2;0;0;0;1;2;0;3;-20,98473984;-49,61733921;SPRF-SP;DEL09-SP;UOP01-DEL09-SP;;;
689276;05/05/2025;segunda-feira;13:40:00;BA;101;199;CACHOEIRA;Problema com o freio;Colis�o traseira;Com V�timas Feridas;Pleno dia;Crescente;Chuva;Simples;"Reta;Ponte";N�o;2;0;1;0;1;0;1;2;-12,59226106;-38,9876461;SPRF-BA;DEL01-BA;UOP03-DEL01-BA;;;
689286;05/05/2025;segunda-feira;14:44:00;SP;116;442;REGISTRO;Demais falhas mec�nicas ou el�tricas;Tombamento;Com V�timas Feridas;Pleno dia;Decrescente;C�u Claro;Dupla;Curva;N�o;2;0;1;0;0;1;1;2;-24,4570458;-47,8144351;SPRF-SP;DEL05-SP;UOP01-DEL05-SP;;;
689288;05/05/2025;segunda-feira;11:00:00;BA;410;25;TUCANO;Rea��o tardia ou ineficiente do condutor;Sa�da de leito carro��vel;Com V�timas Feridas;Pleno dia;Decrescente;Sol;Simples;"Reta;Aclive";N�o;2;0;1;0;0;1;1;2;-10,942368;-38,721482;SPRF-BA;DEL07-BA;UOP02-DEL07-BA;;;
689289;05/05/2025;segunda-feira;15:30:00;MG;116;694,9;MURIAE;Rea��o tardia ou ineficiente do condutor;Colis�o lateral mesmo sentido;Com V�timas Feridas;Pleno dia;Decrescente;C�u Claro;Simples;Curva;N�o;3;0;1;0;0;2;1;3;-21,0642774;-42,36544847;SPRF-MG;DEL07-MG;UOP02-DEL07-MG;;;
689290;05/05/2025;segunda-feira;16:20:00;PE;104;92;AGRESTINA;Acesso irregular;Colis�o transversal;Sem V�timas;Pleno dia;Decrescente;C�u Claro;Simples;Curva;N�o;3;0;0;0;2;1;0;3;-8,50233075;-35,94724149;SPRF-PE;DEL02-PE;NPF/DEL02-PE;;;
689291;05/05/2025;segunda-feira;16:45:00;SP;116;156;SAO JOSE DOS CAMPOS;Condutor deixou de manter dist�ncia do ve�culo da frente;Colis�o traseira;Com V�timas Feridas;Pleno dia;Crescente;C�u Claro;M�ltipla;Reta;Sim;3;0;0;1;1;1;1;3;-23,25116451;-45,93727112;SPRF-SP;DEL02-SP;UOP01-DEL02-SP;;;
689300;05/05/2025;segunda-feira;16:40:00;SC;101;275,8;IMBITUBA;Estacionar ou parar em local proibido;Colis�o com objeto;Com V�timas Feridas;Pleno dia;Crescente;C�u Claro;Simples;Reta;Sim;3;0;1;0;1;1;1;3;-28,153811;-48,692793;SPRF-SC;DEL02-SC;UOP03-DEL02-SC;;;
689302;05/05/2025;segunda-feira;15:40:00;MS;60;485,6;MARACAJU;Manobra de mudan�a de faixa;Colis�o lateral mesmo sentido;Com V�timas Feridas;Pleno dia;Decrescente;C�u Claro;Simples;Reta;N�o;3;0;2;0;0;2;2;4;-21,152419;-55,395762;SPRF-MS;DEL01-MS;UOP04-DEL01-MS;;;
689303;05/05/2025;segunda-feira;18:00:00;ES;101;212;IBIRACU;Acesso irregular;Colis�o transversal;Com V�timas Feridas;Plena Noite;Decrescente;C�u Claro;Simples;Curva;N�o;4;0;0;1;2;1;1;3;-19,81447381;-40,36597967;SPRF-ES;DEL02-ES;UOP01-DEL02-ES;;;
689307;05/05/2025;segunda-feira;18:15:00;PR;116;115;CURITIBA;Acessar a via sem observar a presen�a dos outros ve�culos;Colis�o transversal;Com V�timas Feridas;Plena Noite;Crescente;C�u Claro;Dupla;Reta;Sim;3;0;0;1;2;0;1;2;-25,54964776;-49,30424659;SPRF-PR;DEL01-PR;UOP03-DEL01-PR;;;
689311;05/05/2025;segunda-feira;18:30:00;PE;101;70,8;RECIFE;Aus�ncia de rea��o do condutor;Colis�o traseira;Sem V�timas;Plena Noite;Crescente;C�u Claro;Dupla;Reta;Sim;3;0;0;0;3;0;0;3;-8,075283;-34,9429;SPRF-PE;DEL01-PE;UOP01-DEL01-PE;;;
689317;05/05/2025;segunda-feira;19:10:00;GO;60;85,9;ANAPOLIS;Manobra de mudan�a de faixa;Colis�o lateral mesmo sentido;Sem V�timas;Plena Noite;Crescente;C�u Claro;Dupla;Reta;Sim;3;0;0;0;2;1;0;3;-16,32005145;-48,87057278;SPRF-GO;DEL02-GO;UOP01-DEL02-GO;;;
689321;05/05/2025;segunda-feira;19:10:00;BA;116;492;RAFAEL JAMBEIRO;Chuva;Sa�da de leito carro��vel;Com V�timas Feridas;Plena Noite;Crescente;Chuva;Dupla;"Reta;Declive";N�o;6;0;0;2;3;1;2;4;-12,5775648;-39,50818944;SPRF-BA;DEL02-BA;UOP01-DEL02-BA;;;
689329;05/05/2025;segunda-feira;19:43:00;ES;101;29;CONCEICAO DA BARRA;Demais falhas mec�nicas ou el�tricas;Inc�ndio;Sem V�timas;Plena Noite;Decrescente;Nublado;Simples;Aclive;N�o;2;0;0;0;1;1;0;2;-18,35988872;-39,94995116;SPRF-ES;DEL04-ES;UOP02-DEL04-ES;;;
689331;05/05/2025;segunda-feira;18:40:00;RJ;101;550,2;PARATY;Pedestre andava na pista;Atropelamento de Pedestre;Com V�timas Feridas;Plena Noite;Crescente;C�u Claro;Simples;Curva;N�o;2;0;0;1;1;0;1;2;-23,04767972;-44,66945529;SPRF-RJ;DEL03-RJ;UOP04-DEL03-RJ;;;
689332;05/05/2025;segunda-feira;19:00:00;PR;376;309,1;ORTIGUEIRA;Condutor usando celular;Colis�o com objeto;Com V�timas Fatais;Plena Noite;Decrescente;C�u Claro;Dupla;Declive;N�o;2;1;0;0;0;1;0;2;-23,95830314;-51,11353755;SPRF-PR;DEL07-PR;UOP02-DEL07-PR;;;
689334;04/05/2025;domingo;03:30:00;BA;101;577;ARATACA;Far�is desregulados;Colis�o lateral sentido oposto;Com V�timas Feridas;Plena Noite;Crescente;C�u Claro;Simples;Curva;N�o;2;0;1;0;0;1;1;2;-15,15492329;-39,40731525;SPRF-BA;DEL05-BA;UOP02-DEL05-BA;;;
689336;05/05/2025;segunda-feira;20:05:00;GO;153;610;MORRINHOS;Manobra de mudan�a de faixa;Colis�o lateral mesmo sentido;Com V�timas Feridas;Plena Noite;Crescente;C�u Claro;Dupla;Reta;N�o;3;0;1;0;1;1;1;3;-17,631283;-49,176996;SPRF-GO;DEL03-GO;UOP01-DEL03-GO;;;
689338;05/05/2025;segunda-feira;16:00:00;MG;365;512,1;MONTE CARMELO;Entrada inopinada do pedestre;Queda de ocupante de ve�culo;Com V�timas Fatais;Pleno dia;Crescente;Sol;Simples;Reta;N�o;4;1;0;1;1;1;1;3;-18,9351738;-47,31857674;SPRF-MG;DEL10-MG;UOP01-DEL10-MG;;;
689339;05/05/2025;segunda-feira;19:00:00;SP;116;377;MIRACATU;Frear bruscamente;Colis�o traseira;Com V�timas Feridas;Pleno dia;Decrescente;C�u Claro;Dupla;Reta;N�o;4;0;1;0;3;0;1;2;-24,2675517;-47,3932383;SPRF-SP;DEL04-SP;UOP02-DEL04-SP;;;
689340;05/05/2025;segunda-feira;16:50:00;PB;230;147,5;CAMPINA GRANDE;Ingest�o de �lcool pelo condutor;Colis�o transversal;Com V�timas Fatais;Pleno dia;Decrescente;C�u Claro;Dupla;"Reta;Declive";Sim;3;1;0;0;1;2;0;4;-7,240151;-35,861812;SPRF-PB;DEL02-PB;UOP01-DEL02-PB;;;
689342;05/05/2025;segunda-feira;19:25:00;MG;381;788,2;SAO GONCALO DO SAPUCAI;Entrada inopinada do pedestre;Atropelamento de Pedestre;Com V�timas Fatais;Plena Noite;Decrescente;Nublado;Dupla;"Retorno Regulamentado;Reta";N�o;2;1;0;0;1;0;0;2;-21,86572056;-45,53431749;SPRF-MG;DEL16-MG;UOP02-DEL16-MG;;;
689352;05/05/2025;segunda-feira;15:00:00;BA;135;148;RIACHAO DAS NEVES;Avarias e/ou desgaste excessivo no pneu;Inc�ndio;Sem V�timas;Pleno dia;Decrescente;C�u Claro;Simples;Reta;N�o;2;0;0;0;1;2;0;3;-11,92895;-44,89412;SPRF-BA;DEL10-BA;UOP01-DEL10-BA;;;
689358;05/05/2025;segunda-feira;21:20:00;ES;101;385,8;RIO NOVO DO SUL;Condutor Dormindo;Colis�o lateral sentido oposto;Com V�timas Feridas;Plena Noite;Crescente;Chuva;Simples;Reta;N�o;3;0;1;0;1;1;1;3;-20,84208;-40,87343;SPRF-ES;DEL03-ES;UOP01-DEL03-ES;;;
689361;05/05/2025;segunda-feira;20:00:00;MG;262;74;MATIPO;Aus�ncia de rea��o do condutor;Colis�o traseira;Com V�timas Feridas;Plena Noite;Crescente;C�u Claro;Simples;Reta;N�o;3;0;1;0;1;1;1;3;-20,31902234;-42,3312586;SPRF-MG;DEL03-MG;UOP03-DEL03-MG;;;
689363;05/05/2025;segunda-feira;20:30:00;RS;285;327,2;CARAZINHO;Ultrapassagem Indevida;Colis�o frontal;Com V�timas Feridas;Plena Noite;Decrescente;C�u Claro;Simples;Reta;Sim;5;0;1;3;0;1;4;3;-28,27523759;-52,68717273;SPRF-RS;DEL08-RS;UOP03-DEL08-RS;;;
689365;05/05/2025;segunda-feira;09:20:00;BA;242;827;BARREIRAS;Rea��o tardia ou ineficiente do condutor;Colis�o traseira;Sem V�timas;Pleno dia;Crescente;C�u Claro;Simples;Reta;N�o;7;0;0;0;6;3;0;5;-12,12421518;-45,0309508;SPRF-BA;DEL10-BA;UOP01-DEL10-BA;;;
689374;06/05/2025;ter�a-feira;03:25:00;RO;364;145,3;PIMENTA BUENO;Condutor Dormindo;Colis�o frontal;Com V�timas Fatais;Plena Noite;Decrescente;Ignorado;Simples;"Reta;Aclive";N�o;4;1;1;0;1;3;1;5;-12,01035;-60,894683;SPRF-RO;DEL02-RO;UOP02-DEL02-RO;;;
689375;06/05/2025;ter�a-feira;04:35:00;GO;153;670;GOIATUBA;Condutor Dormindo;Colis�o traseira;Com V�timas Feridas;Plena Noite;Decrescente;C�u Claro;Dupla;Curva;N�o;3;0;1;0;2;0;1;2;-18,14129868;-49,28826928;SPRF-GO;DEL03-GO;UOP02-DEL03-GO;;;
689376;06/05/2025;ter�a-feira;05:35:00;GO;153;536,9;HIDROLANDIA;Rea��o tardia ou ineficiente do condutor;Colis�o traseira;Com V�timas Feridas;Amanhecer;Decrescente;C�u Claro;Dupla;"Reta;Declive";N�o;2;0;0;1;1;0;1;2;-17,012018;-49,220447;SPRF-GO;DEL01-GO;UOP03-DEL01-GO;;;
689386;06/05/2025;ter�a-feira;03:50:00;PB;116;9,2;CACHOEIRA DOS INDIOS;Velocidade Incompat�vel;Tombamento;Com V�timas Feridas;Plena Noite;Decrescente;Chuva;Simples;Curva;N�o;1;0;1;0;0;0;1;1;-6,97074;-38,73349;SPRF-CE;DEL05-CE;UOP03-DEL05-CE;;;
689389;06/05/2025;ter�a-feira;06:41:00;MT;364;331,5;SANTO ANTONIO DO LEVERGER;Rea��o tardia ou ineficiente do condutor;Sa�da de leito carro��vel;Com V�timas Fatais;Pleno dia;Crescente;C�u Claro;Dupla;Curva;N�o;3;1;1;0;0;1;1;2;-15,83144;-55,44053;SPRF-MT;DEL05-MT;UOP02-DEL05-MT;;;
689392;05/05/2025;segunda-feira;21:34:00;MG;381;392;BARAO DE COCAIS;Velocidade Incompat�vel;Colis�o com objeto;Com V�timas Feridas;Plena Noite;Decrescente;C�u Claro;Dupla;Curva;N�o;2;0;1;0;0;1;1;2;-19,78929072;-43,42988715;SPRF-MG;DEL01-MG;UOP01-DEL01-MG;;;
689394;06/05/2025;ter�a-feira;07:15:00;RS;116;0,5;PORTO ALEGRE;Manobra de mudan�a de faixa;Colis�o lateral mesmo sentido;Sem V�timas;Pleno dia;Crescente;C�u Claro;Dupla;Reta;Sim;2;0;0;0;2;0;0;2;-29,97026612;-51,1766216;SPRF-RS;DEL01-RS;UOP01-DEL01-RS;;;
689408;05/05/2025;segunda-feira;23:00:00;MT;158;755;BARRA DO GARCAS;Demais falhas mec�nicas ou el�tricas;Inc�ndio;Sem V�timas;Plena Noite;Crescente;Ignorado;Simples;Reta;N�o;2;0;0;0;1;2;0;3;-15,66392355;-52,20909168;SPRF-MT;DEL07-MT;UOP01-DEL07-MT;;;
689410;06/05/2025;ter�a-feira;08:00:00;PR;277;69,8;SAO JOSE DOS PINHAIS;Acessar a via sem observar a presen�a dos outros ve�culos;Atropelamento de Pedestre;Com V�timas Fatais;Pleno dia;Crescente;Nublado;Dupla;"Reta;Interse��o de Vias";Sim;2;1;0;0;1;0;0;2;-25,514408;-49,121064;SPRF-PR;DEL01-PR;UOP01-DEL01-PR;;;
689411;06/05/2025;ter�a-feira;08:30:00;TO;10;457;PALMAS;Aus�ncia de rea��o do condutor;Colis�o transversal;Com V�timas Feridas;Pleno dia;Decrescente;C�u Claro;Dupla;"Curva;Declive";Sim;2;0;0;1;1;0;1;2;-10,283;-48,298;SPRF-TO;DEL01-TO;UOP03-DEL01-TO;;;
689413;06/05/2025;ter�a-feira;05:00:00;SC;470;153,5;AGRONOMICA;Transitar na contram�o;Colis�o frontal;Com V�timas Fatais;Amanhecer;Decrescente;C�u Claro;Simples;Curva;N�o;4;1;0;1;1;1;1;4;-27,2764588;-49,7412867;SPRF-SC;DEL04-SC;UOP02-DEL04-SC;;;
689417;06/05/2025;ter�a-feira;09:00:00;MG;365;5,2;MONTES CLAROS;Velocidade Incompat�vel;Tombamento;Com V�timas Feridas;Pleno dia;Crescente;Sol;Simples;Curva;N�o;1;0;1;0;0;0;1;1;-16,80741684;-43,90522957;SPRF-MG;DEL12-MG;UOP01-DEL12-MG;;;