id;data_inversa;dia_semana;horario;uf;br;km;municipio;causa_acidente;tipo_acidente;classificacao_acidente;fase_dia;sentido_via;condicao_metereologica;tipo_pista;tracado_via;uso_solo;pessoas;mortos;feridos_leves;feridos_graves;ilesos;ignorados;feridos;veiculos;latitude;longitude;regional;delegacia;uop;;;
689418;06/05/2025;ter�a-feira;07:45:00;RO;364;692;CANDEIAS DO JAMARI;Condutor deixou de manter dist�ncia do ve�culo da frente;Colis�o traseira;Com V�timas Fatais;Pleno dia;Crescente;C�u Claro;Dupla;Reta;Sim;4;1;0;0;2;8;0;11;-8,79740326;-63,69873969;SPRF-RO;DEL01-RO;UOP01-DEL01-RO;;;
689423;06/05/2025;ter�a-feira;08:45:00;MG;153;244,4;FRONTEIRA;Aus�ncia de rea��o do condutor;Sa�da de leito carro��vel;Com V�timas Feridas;Pleno dia;Crescente;C�u Claro;Simples;Reta;Sim;2;0;0;1;0;2;1;3;-20,285911;-49,198992;SPRF-MG;DEL13-MG;UOP02-DEL13-MG;;;
689424;06/05/2025;ter�a-feira;08:10:00;MA;226;283;BARRA DO CORDA;Ultrapassagem Indevida;Sa�da de leito carro��vel;Com V�timas Feridas;Pleno dia;Crescente;C�u Claro;Simples;Reta;N�o;2;0;1;0;1;0;1;2;-5,45368;-45,120285;SPRF-MA;DEL06-MA;UOP01-DEL06-MA;;;
689427;06/05/2025;ter�a-feira;08:55:00;BA;242;825;BARREIRAS;Transitar na contram�o;Colis�o frontal;Com V�timas Feridas;Pleno dia;Crescente;C�u Claro;Simples;"Reta;Aclive";N�o;4;0;0;1;1;3;1;5;-12,12203052;-45,03603493;SPRF-BA;DEL10-BA;UOP01-DEL10-BA;;;
689428;06/05/2025;ter�a-feira;09:45:00;MG;381;894;CAMBUI;Rea��o tardia ou ineficiente do condutor;Colis�o lateral mesmo sentido;Com V�timas Feridas;Pleno dia;Crescente;C�u Claro;Dupla;Curva;N�o;6;0;2;0;3;2;2;4;-22,57630132;-46,0430038;SPRF-MG;DEL16-MG;UOP01-DEL16-MG;;;
689430;06/05/2025;ter�a-feira;10:40:00;SC;280;38,3;JOINVILLE;Manobra de mudan�a de faixa;Colis�o lateral sentido oposto;Com V�timas Feridas;Pleno dia;Decrescente;C�u Claro;Simples;Ponte;Sim;5;0;1;2;1;1;3;4;-26,44796339;-48,8254416;SPRF-SC;DEL03-SC;UOP03-DEL03-SC;;;
689434;06/05/2025;ter�a-feira;08:10:00;PR;277;590;CASCAVEL;Aus�ncia de rea��o do condutor;Colis�o traseira;Com V�timas Feridas;Pleno dia;Decrescente;Sol;Simples;"Reta;Aclive";N�o;3;0;1;0;2;0;1;3;-24,98051298;-53,45314398;SPRF-PR;DEL04-PR;UOP01-DEL04-PR;;;
689440;06/05/2025;ter�a-feira;11:05:00;PR;116;95;SAO JOSE DOS PINHAIS;Manobra de mudan�a de faixa;Colis�o lateral mesmo sentido;Com V�timas Feridas;Pleno dia;Crescente;C�u Claro;Dupla;Reta;Sim;4;0;1;0;2;1;1;3;-25,533112;-49,145957;SPRF-PR;DEL01-PR;UOP07-DEL01-PR;;;
689443;06/05/2025;ter�a-feira;12:30:00;SC;101;208,3;SAO JOSE;Suic�dio (presumido);Atropelamento de Pedestre;Com V�timas Feridas;Pleno dia;Crescente;C�u Claro;M�ltipla;Reta;Sim;3;0;0;1;1;1;1;3;-27,605073;-48,633751;SPRF-SC;DEL01-SC;UOP01-DEL01-SC;;;
689444;06/05/2025;ter�a-feira;08:35:00;RJ;101;506;ANGRA DOS REIS;Acessar a via sem observar a presen�a dos outros ve�culos;Colis�o transversal;Com V�timas Feridas;Pleno dia;Crescente;C�u Claro;Simples;Reta;N�o;4;0;0;1;1;2;1;3;-22,93641;-44,40869;SPRF-RJ;DEL03-RJ;UOP03-DEL03-RJ;;;
689445;06/05/2025;ter�a-feira;09:30:00;MG;262;93;ABRE CAMPO;Aus�ncia de rea��o do condutor;Colis�o transversal;Com V�timas Feridas;Pleno dia;Crescente;C�u Claro;Simples;Retorno Regulamentado;Sim;5;0;4;0;1;0;4;2;-20,30277353;-42,47314453;SPRF-MG;DEL03-MG;UOP03-DEL03-MG;;;
689450;06/05/2025;ter�a-feira;12:00:00;PR;476;187;LAPA;Aus�ncia de rea��o do condutor;Colis�o traseira;Com V�timas Feridas;Pleno dia;Decrescente;Sol;Simples;Reta;N�o;3;0;1;0;2;0;1;2;-25,71917893;-49,66682911;SPRF-PR;DEL01-PR;UOP06-DEL01-PR;;;
689451;02/05/2025;sexta-feira;19:30:00;MA;135;133;MATOES DO NORTE;Demais falhas na via;Sa�da de leito carro��vel;Com V�timas Feridas;Plena Noite;Crescente;Ignorado;Simples;"Em Obras;Reta";N�o;3;0;1;0;1;1;1;2;-3,620004;-44,557723;SPRF-MA;DEL01-MA;UOP02-DEL01-MA;;;
689452;06/05/2025;ter�a-feira;12:50:00;SP;116;347;MIRACATU;Velocidade Incompat�vel;Tombamento;Com V�timas Feridas;Pleno dia;Decrescente;Sol;Dupla;Curva;N�o;2;0;1;0;0;1;1;2;-24,0510873;-47,20075228;SPRF-SP;DEL04-SP;UOP03-DEL04-SP;;;
689453;06/05/2025;ter�a-feira;10:10:00;SC;101;100,8;BALNEARIO PICARRAS;Ultrapassagem Indevida;Colis�o lateral mesmo sentido;Com V�timas Feridas;Pleno dia;Decrescente;Nublado;Simples;Curva;N�o;3;0;0;1;1;2;1;4;-26,75756683;-48,68870258;SPRF-SC;DEL03-SC;UOP02-DEL03-SC;;;
689455;06/05/2025;ter�a-feira;13:15:00;MG;40;822,8;SIMAO PEREIRA;Condutor deixou de manter dist�ncia do ve�culo da frente;Colis�o traseira;Com V�timas Feridas;Pleno dia;Decrescente;Nublado;Dupla;"Reta;Aclive";N�o;3;0;1;0;1;1;1;3;-21,97407122;-43,28521013;SPRF-MG;DEL05-MG;UOP01-DEL05-MG;;;
689457;06/05/2025;ter�a-feira;13:30:00;MG;40;512;RIBEIRAO DAS NEVES;Demais falhas mec�nicas ou el�tricas;Colis�o com objeto;Sem V�timas;Pleno dia;Crescente;C�u Claro;Dupla;Reta;N�o;2;0;0;0;2;0;0;2;-19,7918736;-44,1118446;SPRF-MG;DEL01-MG;UOP02-DEL01-MG;;;
689458;28/02/2025;sexta-feira;19:30:00;PA;10;217;IPIXUNA DO PARA;Acostamento em desn�vel;Derramamento de carga;Com V�timas Feridas;Plena Noite;Crescente;Chuva;Simples;Reta;N�o;2;0;1;0;0;1;1;2;-2,529609;-47,502161;SPRF-PA;DEL02-PA;UOP01-DEL02-PA;;;
689460;08/03/2025;s�bado;19:22:00;ES;101;100,3;JAGUARE;Acessar a via sem observar a presen�a dos outros ve�culos;Colis�o transversal;Com V�timas Feridas;Plena Noite;Decrescente;C�u Claro;Simples;"Reta;Retorno Regulamentado";Sim;2;0;0;1;1;0;1;2;-18,99038863;-40,00019073;SPRF-ES;DEL04-ES;UOP02-DEL04-ES;;;
689461;06/05/2025;ter�a-feira;12:00:00;RJ;116;136;MAGE;Manobra de mudan�a de faixa;Colis�o traseira;Com V�timas Feridas;Pleno dia;Decrescente;C�u Claro;Dupla;Reta;N�o;4;0;1;0;2;1;1;3;-22,65208634;-43,16388845;SPRF-RJ;DEL04-RJ;UOP02-DEL04-RJ;;;
689462;15/01/2025;quarta-feira;19:34:00;MG;116;701,8;MURIAE;Retorno proibido;Colis�o transversal;Com V�timas Feridas;Plena Noite;Decrescente;Nublado;Simples;Interse��o de Vias;Sim;2;0;1;0;1;0;1;2;-21,11883833;-42,3801279;SPRF-MG;DEL07-MG;UOP02-DEL07-MG;;;
689463;06/05/2025;ter�a-feira;13:20:00;SC;101;63,5;ARAQUARI;Manobra de mudan�a de faixa;Colis�o traseira;Com V�timas Feridas;Pleno dia;Crescente;C�u Claro;M�ltipla;Reta;N�o;2;0;1;0;0;1;1;2;-26,45778066;-48,76034331;SPRF-SC;DEL03-SC;UOP02-DEL03-SC;;;
689475;23/01/2025;quinta-feira;01:40:00;ES;101;271,2;SERRA;Convers�o proibida;Colis�o transversal;Com V�timas Feridas;Plena Noite;Crescente;C�u Claro;M�ltipla;Reta;Sim;2;0;0;1;1;0;1;2;-20,23267;-40,27658;SPRF-ES;DEL02-ES;UOP01-DEL02-ES;;;
689476;06/05/2025;ter�a-feira;13:43:00;PB;101;88,8;JOAO PESSOA;Acessar a via sem observar a presen�a dos outros ve�culos;Colis�o lateral mesmo sentido;Com V�timas Fatais;Pleno dia;Crescente;C�u Claro;M�ltipla;"Reta;Interse��o de Vias";Sim;3;1;0;0;1;2;0;4;-7,16943378;-34,89711553;SPRF-PB;DEL01-PB;UOP01-DEL01-PB;;;
689478;06/05/2025;ter�a-feira;13:45:00;AL;316;270,8;SATUBA;Ultrapassagem Indevida;Colis�o frontal;Com V�timas Feridas;Pleno dia;Crescente;C�u Claro;Simples;Reta;N�o;3;0;0;1;1;1;1;2;-9,571368;-35,815821;SPRF-AL;DEL02-AL;UOP01-DEL02-AL;;;
689481;06/05/2025;ter�a-feira;13:22:00;PE;316;60;TRINDADE;Convers�o proibida;Colis�o lateral sentido oposto;Com V�timas Fatais;Pleno dia;Decrescente;Sol;Simples;Reta;Sim;3;1;0;0;1;1;0;3;-7,7751385;-40,2524284;SPRF-PE;DEL05-PE;UOP02-DEL05-PE;;;
689483;06/05/2025;ter�a-feira;13:00:00;PR;277;315,9;GUARAPUAVA;Transitar na contram�o;Colis�o frontal;Com V�timas Fatais;Pleno dia;Decrescente;C�u Claro;M�ltipla;"Declive;Curva";N�o;6;1;2;1;0;4;3;6;-25,35651413;-51,23655438;SPRF-PR;DEL08-PR;UOP01-DEL08-PR;;;
689485;06/05/2025;ter�a-feira;16:00:00;RN;226;56,5;SENADOR ELOI DE SOUZA;Rea��o tardia ou ineficiente do condutor;Colis�o traseira;Com V�timas Feridas;Pleno dia;Crescente;C�u Claro;Simples;Reta;N�o;5;0;1;0;4;0;1;2;-6,019822;-35,651877;SPRF-RN;DEL01-RN;UOP02-DEL01-RN;;;
689486;06/05/2025;ter�a-feira;11:00:00;BA;101;233;SAPEACU;Acessar a via sem observar a presen�a dos outros ve�culos;Colis�o frontal;Com V�timas Fatais;Pleno dia;Decrescente;C�u Claro;Simples;Reta;N�o;2;1;0;0;1;0;0;2;-12,75357;-39,184337;SPRF-BA;DEL01-BA;UOP02-DEL01-BA;;;
689487;06/05/2025;ter�a-feira;12:40:00;PR;373;197,4;IPIRANGA;Aus�ncia de rea��o do condutor;Tombamento;Sem V�timas;Pleno dia;Crescente;C�u Claro;Simples;Curva;N�o;2;0;0;0;1;3;0;4;-25,073683;-50,395202;SPRF-PR;DEL03-PR;UOP01-DEL03-PR;;;
689499;06/05/2025;ter�a-feira;14:58:00;BA;110;369;CATU;Aus�ncia de rea��o do condutor;Colis�o lateral sentido oposto;Com V�timas Feridas;Pleno dia;Crescente;Nublado;Simples;Reta;Sim;2;0;1;0;1;0;1;2;-12,375586;-38,384305;SPRF-BA;DEL01-BA;UOP04-DEL01-BA;;;
689501;06/05/2025;ter�a-feira;15:45:00;AL;101;133;SAO MIGUEL DOS CAMPOS;Aus�ncia de rea��o do condutor;Colis�o traseira;Com V�timas Feridas;Pleno dia;Crescente;Nublado;Simples;"Reta;Aclive";N�o;3;0;0;1;1;1;1;3;-9,7713604;-36,0881515;SPRF-AL;DEL02-AL;UOP01-DEL02-AL;;;
689509;06/05/2025;ter�a-feira;15:35:00;PI;343;11,9;PARNAIBA;Acessar a via sem observar a presen�a dos outros ve�culos;Colis�o lateral mesmo sentido;Com V�timas Feridas;Pleno dia;Decrescente;Sol;Dupla;Rotat�ria;N�o;3;0;1;0;1;1;1;3;-2,90975952;-41,75373009;SPRF-PI;DEL05-PI;UOP01-DEL05-PI;;;
689511;06/05/2025;ter�a-feira;18:35:00;BA;116;615;JAGUAQUARA;Demais falhas mec�nicas ou el�tricas;Sa�da de leito carro��vel;Sem V�timas;Plena Noite;Decrescente;C�u Claro;Simples;Reta;N�o;2;0;0;0;1;1;0;2;-13,3639;-40,0181;SPRF-BA;DEL03-BA;UOP02-DEL03-BA;;;
689513;06/05/2025;ter�a-feira;16:04:00;MT;163;1109;GUARANTA DO NORTE;Velocidade Incompat�vel;Tombamento;Com V�timas Feridas;Pleno dia;Crescente;C�u Claro;Simples;"Curva;Declive";N�o;2;0;1;0;0;2;1;3;-9,60088;-54,8846;SPRF-MT;DEL06-MT;UOP03-DEL06-MT;;;
689516;06/05/2025;ter�a-feira;17:55:00;RS;116;248;SAO LEOPOLDO;Manobra de mudan�a de faixa;Colis�o lateral mesmo sentido;Com V�timas Feridas;Plena Noite;Crescente;C�u Claro;Dupla;Reta;Sim;2;0;1;0;1;0;1;2;-29,7718074;-51,1540977;SPRF-RS;DEL01-RS;UOP02-DEL01-RS;;;
689518;06/05/2025;ter�a-feira;18:30:00;RS;116;501,7;PELOTAS;Manobra de mudan�a de faixa;Colis�o lateral mesmo sentido;Com V�timas Feridas;Plena Noite;Crescente;C�u Claro;Dupla;Desvio Tempor�rio;N�o;2;0;1;0;1;0;1;2;-31,58094687;-52,27148295;SPRF-RS;DEL07-RS;UOP01-DEL07-RS;;;
689522;06/05/2025;ter�a-feira;18:30:00;SC;280;32,9;ARAQUARI;Trafegar com motocicleta (ou similar) entre as faixas;Colis�o transversal;Com V�timas Feridas;Anoitecer;Crescente;C�u Claro;Simples;"Interse��o de Vias;Reta";Sim;2;0;1;0;1;0;1;2;-26,42497;-48,7876225;SPRF-SC;DEL03-SC;UOP03-DEL03-SC;;;
689523;06/05/2025;ter�a-feira;18:55:00;RS;285;118,9;VACARIA;Acessar a via sem observar a presen�a dos outros ve�culos;Colis�o traseira;Com V�timas Feridas;Plena Noite;Crescente;C�u Claro;Simples;Reta;Sim;3;0;1;0;1;1;1;3;-28,502012;-50,918655;SPRF-RS;DEL05-RS;UOP03-DEL05-RS;;;
689527;06/05/2025;ter�a-feira;18:00:00;GO;153;340,1;JARAGUA;Ingest�o de �lcool pelo condutor;Colis�o com objeto;Com V�timas Feridas;Anoitecer;Decrescente;C�u Claro;Simples;"Declive;Reta";N�o;2;0;0;1;0;1;1;2;-15,61385678;-49,39924076;SPRF-GO;DEL02-GO;UOP02-DEL02-GO;;;
689530;06/05/2025;ter�a-feira;18:05:00;RO;364;711;PORTO VELHO;Manobra de mudan�a de faixa;Colis�o lateral mesmo sentido;Sem V�timas;Plena Noite;Decrescente;C�u Claro;M�ltipla;Reta;Sim;3;0;0;0;2;3;0;5;-8,781526;-63,86567116;SPRF-RO;DEL01-RO;UOP01-DEL01-RO;;;
689538;06/05/2025;ter�a-feira;19:25:00;SC;282;218;LAGES;Demais falhas mec�nicas ou el�tricas;Colis�o com objeto;Sem V�timas;Plena Noite;Crescente;Nublado;Dupla;"Reta;Declive";Sim;2;0;0;0;1;1;0;2;-27,797333;-50,312486;SPRF-SC;DEL05-SC;UOP01-DEL05-SC;;;
689540;06/05/2025;ter�a-feira;18:40:00;AM;230;619,6;HUMAITA;Aus�ncia de sinaliza��o;Colis�o com objeto;Sem V�timas;Plena Noite;Decrescente;C�u Claro;Simples;"Curva;Rotat�ria";N�o;2;0;0;0;1;2;0;3;-7,5505555;-63,0782691;SPRF-AM;DEL02-AM;UOP01-DEL02-AM;;;
689541;06/05/2025;ter�a-feira;19:00:00;SC;280;221;TRES BARRAS;Rea��o tardia ou ineficiente do condutor;Colis�o com objeto;Com V�timas Feridas;Plena Noite;Decrescente;C�u Claro;Simples;Rotat�ria;N�o;2;0;1;0;0;1;1;2;-26,1727552;-50,27143938;SPRF-SC;DEL06-SC;UOP04-DEL06-SC;;;
689542;06/05/2025;ter�a-feira;15:00:00;BA;242;444;SEABRA;Manobra de mudan�a de faixa;Colis�o frontal;Com V�timas Fatais;Pleno dia;Decrescente;C�u Claro;Simples;Reta;N�o;3;1;0;0;1;2;0;4;-12,42813;-42,00311;SPRF-BA;DEL06-BA;UOP01-DEL06-BA;;;
689548;06/05/2025;ter�a-feira;14:45:00;RS;116;130;SAO MARCOS;Demais falhas mec�nicas ou el�tricas;Tombamento;Com V�timas Feridas;Pleno dia;Decrescente;C�u Claro;Simples;"Interse��o de Vias;Curva";N�o;1;0;1;0;0;0;1;1;-29,03682654;-51,09094111;SPRF-RS;DEL05-RS;UOP01-DEL05-RS;;;
689554;07/05/2025;quarta-feira;01:20:00;SP;116;92,5;PINDAMONHANGABA;Acessar a via sem observar a presen�a dos outros ve�culos;Colis�o traseira;Com V�timas Feridas;Plena Noite;Crescente;C�u Claro;Dupla;"Reta;Aclive";Sim;3;0;1;1;0;2;2;4;-22,95291322;-45,40609598;SPRF-SP;DEL08-SP;UOP01-DEL08-SP;;;
689556;07/05/2025;quarta-feira;00:30:00;RN;304;116,6;ITAJA;Animais na Pista;Atropelamento de Animal;Com V�timas Feridas;Plena Noite;Crescente;C�u Claro;Simples;Reta;N�o;2;0;1;0;1;0;1;1;-5,62065;-36,8832;SPRF-RN;DEL04-RN;UOP01-DEL04-RN;;;
689557;07/05/2025;quarta-feira;00:10:00;PR;153;32,3;SANTO ANTONIO DA PLATINA;Carga excessiva e/ou mal acondicionada;Derramamento de carga;Com V�timas Fatais;Plena Noite;Crescente;C�u Claro;Simples;Reta;N�o;3;1;0;0;1;2;0;4;-23,2303883;-50,0346887;SPRF-PR;DEL07-PR;UOP04-DEL07-PR;;;
689561;07/05/2025;quarta-feira;00:20:00;PB;230;22,9;JOAO PESSOA;Suic�dio (presumido);Eventos at�picos;Com V�timas Fatais;Plena Noite;Decrescente;C�u Claro;Dupla;Reta;Sim;2;1;0;0;1;0;0;2;-7,15792;-34,858223;SPRF-PB;DEL01-PB;UOP01-DEL01-PB;;;
689563;07/05/2025;quarta-feira;05:30:00;SC;280;33,1;ARAQUARI;Acessar a via sem observar a presen�a dos outros ve�culos;Colis�o transversal;Com V�timas Feridas;Pleno dia;Decrescente;C�u Claro;Simples;"Interse��o de Vias;Aclive";Sim;3;0;2;0;0;1;2;2;-26,4252;-48,7887855;SPRF-SC;DEL03-SC;UOP03-DEL03-SC;;;
689568;07/05/2025;quarta-feira;06:30:00;GO;364;193;JATAI;Mal s�bito do condutor;Sa�da de leito carro��vel;Com V�timas Feridas;Pleno dia;Decrescente;Sol;Simples;Reta;N�o;2;0;1;0;0;2;1;3;-17,91798274;-51,69492483;SPRF-GO;DEL05-GO;UOP01-DEL05-GO;;;
689569;07/05/2025;quarta-feira;05:00:00;PR;369;1,8;JACAREZINHO;Rea��o tardia ou ineficiente do condutor;Tombamento;Com V�timas Feridas;Amanhecer;Decrescente;C�u Claro;Simples;"Interse��o de Vias;Curva;Declive";N�o;2;0;1;0;0;1;1;2;-23,0046887;-49,91134317;SPRF-PR;DEL07-PR;UOP05-DEL07-PR;;;
689573;07/05/2025;quarta-feira;06:50:00;SC;282;535;CHAPECO;Desrespeitar a prefer�ncia no cruzamento;Colis�o transversal;Com V�timas Feridas;Pleno dia;Decrescente;Nublado;Simples;Rotat�ria;N�o;2;0;1;0;1;0;1;2;-26,99955198;-52,64602153;SPRF-SC;DEL07-SC;UOP01-DEL07-SC;;;
689589;07/05/2025;quarta-feira;06:50:00;SC;470;32;BLUMENAU;Demais falhas mec�nicas ou el�tricas;Tombamento;Com V�timas Feridas;Pleno dia;Crescente;Nublado;Dupla;Retorno Regulamentado;N�o;1;0;1;0;0;0;1;1;-26,8627577;-49,091897;SPRF-SC;DEL04-SC;UOP01-DEL04-SC;;;
689594;07/05/2025;quarta-feira;08:57:00;MG;381;330;NOVA ERA;Aus�ncia de rea��o do condutor;Sa�da de leito carro��vel;Com V�timas Feridas;Pleno dia;Crescente;C�u Claro;Dupla;"Curva;Declive";N�o;1;0;1;0;0;0;1;1;-19,76339383;-43,04811144;SPRF-MG;DEL03-MG;UOP01-DEL03-MG;;;
689597;07/05/2025;quarta-feira;08:45:00;BA;101;739;ITABELA;Velocidade Incompat�vel;Sa�da de leito carro��vel;Com V�timas Feridas;Pleno dia;Decrescente;C�u Claro;Simples;Curva;N�o;2;0;1;1;0;0;2;1;-16,533425;-39,566502;SPRF-BA;DEL09-BA;UOP01-DEL09-BA;;;
689600;07/05/2025;quarta-feira;09:30:00;DF;20;12,8;BRASILIA;Acessar a via sem observar a presen�a dos outros ve�culos;Colis�o lateral mesmo sentido;Sem V�timas;Pleno dia;Decrescente;C�u Claro;Dupla;"Reta;Retorno Regulamentado";N�o;4;0;0;0;3;1;0;4;-15,63964931;-47,75143522;SPRF-DF;DEL02-DF;UOP01-DEL02-DF;;;
689604;07/05/2025;quarta-feira;06:15:00;SC;282;165;BOCAINA DO SUL;Condutor Dormindo;Colis�o lateral sentido oposto;Com V�timas Feridas;Amanhecer;Crescente;Nublado;Simples;Reta;N�o;4;0;1;0;2;1;1;4;-27,74058759;-49,80387624;SPRF-SC;DEL05-SC;UOP01-DEL05-SC;;;
689618;07/05/2025;quarta-feira;11:30:00;MA;230;406,8;BALSAS;Acessar a via sem observar a presen�a dos outros ve�culos;Colis�o transversal;Com V�timas Feridas;Pleno dia;Crescente;C�u Claro;Simples;"Reta;Retorno Regulamentado";Sim;2;0;1;0;1;0;1;2;-7,519743;-46,065882;SPRF-MA;DEL05-MA;UOP01-DEL05-MA;;;
689623;07/05/2025;quarta-feira;12:45:00;PR;277;32;MORRETES;Demais falhas mec�nicas ou el�tricas;Tombamento;Com V�timas Feridas;Pleno dia;Crescente;C�u Claro;Dupla;"Curva;Aclive";N�o;2;0;1;0;0;1;1;2;-25,56042218;-48,81386948;SPRF-PR;DEL01-PR;UOP05-DEL01-PR;;;
689624;07/05/2025;quarta-feira;13:00:00;ES;262;66;MARECHAL FLORIANO;Velocidade Incompat�vel;Colis�o transversal;Com V�timas Fatais;Pleno dia;Crescente;C�u Claro;Simples;Reta;N�o;2;1;0;0;1;0;0;2;-20,412758;-40,830838;SPRF-ES;DEL01-ES;UOP02-DEL01-ES;;;
689627;19/03/2025;quarta-feira;14:05:00;RJ;393;213;VASSOURAS;Ultrapassagem Indevida;Colis�o frontal;Com V�timas Fatais;Pleno dia;Crescente;C�u Claro;Simples;Reta;N�o;4;1;0;0;2;1;0;4;-22,30174124;-43,49475168;SPRF-RJ;DEL05-RJ;UOP03-DEL05-RJ;;;
689629;07/05/2025;quarta-feira;08:20:00;MA;135;133,5;MATOES DO NORTE;Rea��o tardia ou ineficiente do condutor;Tombamento;Com V�timas Feridas;Pleno dia;Decrescente;C�u Claro;Simples;"Desvio Tempor�rio;Em Obras;Reta";N�o;2;0;1;0;0;3;1;4;-3,62007;-44,55774;SPRF-MA;DEL01-MA;UOP02-DEL01-MA;;;
689631;07/05/2025;quarta-feira;09:20:00;GO;153;290,3;RIALMA;Condutor deixou de manter dist�ncia do ve�culo da frente;Colis�o traseira;Com V�timas Feridas;Pleno dia;Decrescente;C�u Claro;Simples;"Reta;Declive";N�o;4;0;2;0;2;0;2;2;-15,231201;-49,554934;SPRF-GO;DEL02-GO;UOP02-DEL02-GO;;;
689634;07/05/2025;quarta-feira;14:05:00;PB;101;95,8;CONDE;Rea��o tardia ou ineficiente do condutor;Sa�da de leito carro��vel;Com V�timas Feridas;Pleno dia;Decrescente;C�u Claro;Dupla;Curva;N�o;2;0;1;0;0;1;1;2;-7,229883;-34,91969;SPRF-PB;DEL01-PB;UOP01-DEL01-PB;;;
689638;01/05/2025;quinta-feira;08:40:00;MS;262;77;TRES LAGOAS;Acessar a via sem observar a presen�a dos outros ve�culos;Colis�o transversal;Com V�timas Feridas;Pleno dia;Decrescente;Sol;Simples;Reta;N�o;2;0;1;0;1;0;1;2;-20,65137843;-52,2980547;SPRF-MS;DEL07-MS;UOP02-DEL07-MS;;;
689640;07/05/2025;quarta-feira;12:37:00;MG;116;702,5;MURIAE;Ultrapassagem Indevida;Colis�o lateral mesmo sentido;Com V�timas Feridas;Pleno dia;Crescente;C�u Claro;Simples;"Reta;Interse��o de Vias";Sim;4;0;1;0;3;0;1;2;-21,126961;-42,383487;SPRF-MG;DEL07-MG;UOP02-DEL07-MG;;;
689645;07/05/2025;quarta-feira;13:30:00;SC;282;435,7;IRANI;Rea��o tardia ou ineficiente do condutor;Colis�o traseira;Com V�timas Feridas;Pleno dia;Decrescente;C�u Claro;Simples;"Interse��o de Vias;Rotat�ria";N�o;2;0;1;0;1;0;1;2;-26,969439;-51,854443;SPRF-SC;DEL07-SC;UOP04-DEL07-SC;;;
689647;07/05/2025;quarta-feira;14:35:00;MT;364;346,7;SANTO ANTONIO DO LEVERGER;Condutor deixou de manter dist�ncia do ve�culo da frente;Colis�o traseira;Com V�timas Feridas;Pleno dia;Crescente;C�u Claro;Dupla;"Reta;Declive";N�o;3;0;0;1;1;1;1;3;-15,796087;-55,562039;SPRF-MT;DEL05-MT;UOP02-DEL05-MT;;;
689648;07/05/2025;quarta-feira;15:10:00;SC;470;250;CURITIBANOS;Acessar a via sem observar a presen�a dos outros ve�culos;Colis�o transversal;Com V�timas Feridas;Pleno dia;Crescente;Nublado;Simples;Reta;N�o;5;0;1;2;1;2;3;4;-27,31215576;-50,58673024;SPRF-SC;DEL05-SC;UOP03-DEL05-SC;;;
689652;07/05/2025;quarta-feira;15:19:00;SC;101;198,4;BIGUACU;Condutor deixou de manter dist�ncia do ve�culo da frente;Colis�o traseira;Com V�timas Feridas;Pleno dia;Decrescente;Nublado;M�ltipla;Reta;Sim;3;0;0;1;1;1;1;3;-27,52948695;-48,63287894;SPRF-SC;DEL01-SC;UOP01-DEL01-SC;;;
689665;07/05/2025;quarta-feira;14:40:00;PR;153;461;PORTO VITORIA;Ultrapassagem Indevida;Colis�o lateral mesmo sentido;Sem V�timas;Pleno dia;Crescente;C�u Claro;Simples;Aclive;N�o;4;0;0;0;3;3;0;6;-26,23615362;-51,15355933;SPRF-PR;DEL02-PR;UOP03-DEL02-PR;;;
689668;07/05/2025;quarta-feira;17:09:00;PR;376;605,5;CURITIBA;Trafegar com motocicleta (ou similar) entre as faixas;Colis�o lateral mesmo sentido;Com V�timas Fatais;Anoitecer;Decrescente;C�u Claro;Dupla;Reta;Sim;4;1;0;1;1;3;1;5;-25,54148;-49,310196;SPRF-PR;DEL01-PR;UOP06-DEL01-PR;;;
689673;07/05/2025;quarta-feira;07:50:00;MS;262;448;DOIS IRMAOS DO BURITI;Avarias e/ou desgaste excessivo no pneu;Sa�da de leito carro��vel;Com V�timas Feridas;Pleno dia;Decrescente;C�u Claro;Simples;Reta;N�o;1;0;1;0;0;0;1;1;-20,53700636;-55,43031693;SPRF-MS;DEL03-MS;UOP01-DEL03-MS;;;
689687;07/05/2025;quarta-feira;18:10:00;AL;101;122,5;SAO MIGUEL DOS CAMPOS;Condutor deixou de manter dist�ncia do ve�culo da frente;Colis�o traseira;Sem V�timas;Plena Noite;Crescente;C�u Claro;Simples;Reta;N�o;3;0;0;0;2;2;0;4;-9,702792;-36,035359;SPRF-AL;DEL02-AL;UOP01-DEL02-AL;;;
689692;07/05/2025;quarta-feira;18:50:00;SP;381;29;ATIBAIA;Manobra de mudan�a de faixa;Colis�o lateral mesmo sentido;Com V�timas Feridas;Anoitecer;Crescente;C�u Claro;Dupla;Reta;Sim;2;0;1;0;0;1;1;2;-23,045256;-46,561882;SPRF-SP;DEL03-SP;UOP02-DEL03-SP;;;
689698;29/04/2025;ter�a-feira;01:00:00;ES;101;64,8;SAO MATEUS;Ultrapassagem Indevida;Colis�o lateral sentido oposto;Com V�timas Fatais;Plena Noite;Decrescente;Chuva;Simples;Ponte;Sim;6;1;1;1;1;3;2;7;-18,7087572;-39,8773226;SPRF-ES;DEL04-ES;UOP02-DEL04-ES;;;