id;data_inversa;dia_semana;horario;uf;br;km;municipio;causa_acidente;tipo_acidente;classificacao_acidente;fase_dia;sentido_via;condicao_metereologica;tipo_pista;tracado_via;uso_solo;pessoas;mortos;feridos_leves;feridos_graves;ilesos;ignorados;feridos;veiculos;latitude;longitude;regional;delegacia;uop;;;
689699;07/05/2025;quarta-feira;17:30:00;MG;381;930,8;ITAPEVA;Aus�ncia de rea��o do condutor;Colis�o traseira;Com V�timas Feridas;Anoitecer;Crescente;Nublado;Dupla;Reta;N�o;2;0;0;1;1;0;1;2;-22,78682515;-46,24203444;SPRF-MG;DEL16-MG;UOP03-DEL16-MG;;;
689703;07/05/2025;quarta-feira;17:40:00;PR;277;16;PARANAGUA;Rea��o tardia ou ineficiente do condutor;Colis�o traseira;Com V�timas Feridas;Anoitecer;Crescente;C�u Claro;Dupla;Reta;N�o;3;0;0;1;1;2;1;4;-25,550536;-48,671143;SPRF-PR;DEL01-PR;UOP05-DEL01-PR;;;
689704;07/05/2025;quarta-feira;18:15:00;PR;116;188,8;CAMPO DO TENENTE;Acessar a via sem observar a presen�a dos outros ve�culos;Colis�o transversal;Com V�timas Fatais;Anoitecer;Crescente;Nublado;Simples;"Reta;Rotat�ria";N�o;4;1;1;0;2;0;1;2;-25,973077;-49,660893;SPRF-PR;DEL01-PR;UOP03-DEL01-PR;;;
689711;06/05/2025;ter�a-feira;05:15:00;SC;470;193;POUSO REDONDO;Velocidade Incompat�vel;Sa�da de leito carro��vel;Com V�timas Feridas;Amanhecer;Decrescente;C�u Claro;Simples;Curva;N�o;2;0;1;0;1;0;1;1;-27,303393;-50,07928;SPRF-SC;DEL04-SC;UOP02-DEL04-SC;;;
689716;07/05/2025;quarta-feira;19:45:00;PR;163;258;TOLEDO;Acessar a via sem observar a presen�a dos outros ve�culos;Colis�o lateral mesmo sentido;Com V�timas Feridas;Plena Noite;Crescente;C�u Claro;Dupla;Reta;N�o;3;0;0;1;1;1;1;3;-24,66828554;-53,80648613;SPRF-PR;DEL06-PR;UOP02-DEL06-PR;;;
689721;07/05/2025;quarta-feira;21:20:00;BA;101;216;MURITIBA;Retorno proibido;Colis�o transversal;Com V�timas Feridas;Plena Noite;Decrescente;Nublado;Simples;Reta;N�o;4;0;0;2;1;1;2;3;-12,63644388;-39,09557819;SPRF-BA;DEL01-BA;UOP02-DEL01-BA;;;
689724;07/05/2025;quarta-feira;20:05:00;PA;316;31,4;SANTA IZABEL DO PARA;Condutor Dormindo;Colis�o com objeto;Com V�timas Fatais;Plena Noite;Crescente;C�u Claro;Dupla;Curva;N�o;7;3;1;1;0;2;2;4;-1,300603;-48,193756;SPRF-PA;DEL01-PA;UOP01-DEL01-PA;;;
689727;07/05/2025;quarta-feira;21:30:00;SC;101;416,8;ARARANGUA;Entrada inopinada do pedestre;Atropelamento de Pedestre;Com V�timas Feridas;Plena Noite;Crescente;C�u Claro;Simples;Reta;Sim;4;0;2;1;0;1;3;3;-28,97705435;-49,53402607;SPRF-SC;DEL02-SC;UOP02-DEL02-SC;;;
689731;07/05/2025;quarta-feira;18:45:00;BA;101;831;PRADO;Aus�ncia de rea��o do condutor;Derramamento de carga;Com V�timas Feridas;Plena Noite;Crescente;C�u Claro;Simples;Reta;N�o;2;0;1;0;0;1;1;2;-17,2427932;-39,62047577;SPRF-BA;DEL09-BA;UOP02-DEL09-BA;;;
689734;07/05/2025;quarta-feira;21:50:00;MT;70;519;VARZEA GRANDE;Rea��o tardia ou ineficiente do condutor;Colis�o lateral mesmo sentido;Sem V�timas;Plena Noite;Decrescente;C�u Claro;Simples;Reta;N�o;3;0;0;0;1;7;0;8;-15,687131;-56,170757;SPRF-MT;DEL01-MT;UOP02-DEL01-MT;;;
689737;07/05/2025;quarta-feira;15:30:00;SC;282;111;ALFREDO WAGNER;Problema com o freio;Tombamento;Com V�timas Feridas;Pleno dia;Decrescente;C�u Claro;Simples;"Curva;Viaduto;Declive";N�o;1;0;1;0;0;0;1;1;-27,73321006;-49,36621785;SPRF-SC;DEL01-SC;UOP03-DEL01-SC;;;
689738;08/05/2025;quinta-feira;02:00:00;RJ;116;196;QUEIMADOS;Acessar a via sem observar a presen�a dos outros ve�culos;Colis�o lateral mesmo sentido;Com V�timas Feridas;Plena Noite;Decrescente;C�u Claro;M�ltipla;Reta;Sim;4;0;2;0;1;1;2;3;-22,7339794;-43,55536;SPRF-RJ;DEL06-RJ;UOP01-DEL06-RJ;;;
689740;08/05/2025;quinta-feira;02:25:00;MG;40;587,3;ITABIRITO;Objeto est�tico sobre o leito carro��vel;Colis�o com objeto;Com V�timas Feridas;Plena Noite;Crescente;Nevoeiro/Neblina;Simples;"Curva;Declive";N�o;3;0;0;1;1;2;1;4;-20,35008;-43,91675;SPRF-MG;DEL01-MG;UOP02-DEL01-MG;;;
689744;08/05/2025;quinta-feira;02:50:00;BA;116;529;ITATIM;Demais falhas mec�nicas ou el�tricas;Inc�ndio;Sem V�timas;Plena Noite;Decrescente;C�u Claro;Simples;Reta;N�o;2;0;0;0;1;12;0;13;-12,74031877;-39,78641653;SPRF-BA;DEL03-BA;UOP02-DEL03-BA;;;
689745;08/05/2025;quinta-feira;02:00:00;MT;163;1067;GUARANTA DO NORTE;Transitar na contram�o;Colis�o frontal;Com V�timas Fatais;Plena Noite;Decrescente;C�u Claro;Simples;Reta;N�o;3;1;0;0;1;1;0;3;-9,93101909;-54,90438938;SPRF-MT;DEL06-MT;UOP03-DEL06-MT;;;
689746;07/05/2025;quarta-feira;21:40:00;RO;429;203;SAO FRANCISCO DO GUAPORE;Curva acentuada;Tombamento;Com V�timas Fatais;Anoitecer;Crescente;C�u Claro;Simples;Curva;N�o;2;1;0;0;0;1;0;2;-12,04334978;-63,34236145;SPRF-RO;DEL02-RO;UOP03-DEL02-RO;;;
689747;08/05/2025;quinta-feira;05:40:00;MG;262;369;JUATUBA;Pedestre andava na pista;Atropelamento de Pedestre;Com V�timas Fatais;Amanhecer;Decrescente;C�u Claro;Dupla;"Reta;Ponte;Declive";N�o;3;1;1;0;0;1;1;3;-19,95669095;-44,34969735;SPRF-MG;DEL01-MG;UOP03-DEL01-MG;;;
689757;08/05/2025;quinta-feira;05:05:00;CE;222;296;TIANGUA;Condutor deixou de manter dist�ncia do ve�culo da frente;Colis�o traseira;Com V�timas Fatais;Amanhecer;Crescente;Nublado;Simples;Reta;N�o;3;1;0;0;1;1;0;3;-3,65718444;-40,92898607;SPRF-CE;DEL04-CE;UOP02-DEL04-CE;;;
689759;08/05/2025;quinta-feira;06:40:00;MS;267;212,3;NOVA ALVORADA DO SUL;Rea��o tardia ou ineficiente do condutor;Colis�o com objeto;Com V�timas Feridas;Amanhecer;Decrescente;C�u Claro;Simples;Reta;N�o;4;0;0;1;2;1;1;3;-21,595782;-54,071237;SPRF-MS;DEL02-MS;UOP01-DEL02-MS;;;
689769;23/04/2025;quarta-feira;21:45:00;RS;386;245;SOLEDADE;Transitar na contram�o;Colis�o frontal;Com V�timas Feridas;Plena Noite;Decrescente;C�u Claro;Simples;Reta;Sim;2;0;1;0;1;0;1;2;-28,79900441;-52,51387445;SPRF-RS;DEL04-RS;UOP03-DEL04-RS;;;
689772;13/04/2025;domingo;01:30:00;SC;470;147,2;LAURENTINO;Condutor Dormindo;Colis�o com objeto;Com V�timas Feridas;Plena Noite;Decrescente;Chuva;Simples;"Reta;Ponte";N�o;1;0;1;0;0;0;1;1;-27,24437224;-49,69151306;SPRF-SC;DEL04-SC;UOP02-DEL04-SC;;;
689776;08/05/2025;quinta-feira;08:50:00;BA;324;518;FEIRA DE SANTANA;Trafegar com motocicleta (ou similar) entre as faixas;Colis�o traseira;Com V�timas Fatais;Pleno dia;Decrescente;Nublado;Dupla;"Retorno Regulamentado;Curva;Viaduto";Sim;5;1;0;0;3;6;0;9;-12,271563;-38,936437;SPRF-BA;DEL02-BA;UOP01-DEL02-BA;;;
689778;23/04/2025;quarta-feira;07:48:00;PE;101;69;RECIFE;Rea��o tardia ou ineficiente do condutor;Colis�o traseira;Com V�timas Feridas;Pleno dia;Decrescente;Ignorado;Dupla;Reta;Sim;2;0;1;0;1;0;1;2;-8,06205694;-34,94466363;SPRF-PE;DEL01-PE;UOP01-DEL01-PE;;;
689782;08/05/2025;quinta-feira;00:20:00;RJ;40;22;TRES RIOS;Velocidade Incompat�vel;Tombamento;Com V�timas Feridas;Plena Noite;Crescente;C�u Claro;Dupla;Curva;N�o;1;0;0;1;0;0;1;1;-22,12732326;-43,15528393;SPRF-RJ;DEL05-RJ;UOP02-DEL05-RJ;;;
689783;08/05/2025;quinta-feira;09:00:00;MG;251;473,7;FRANCISCO SA;Demais falhas mec�nicas ou el�tricas;Colis�o lateral mesmo sentido;Com V�timas Fatais;Pleno dia;Crescente;C�u Claro;Simples;"Curva;Declive";N�o;6;1;0;0;5;0;0;2;-16,47145;-43,45701;SPRF-MG;DEL12-MG;UOP01-DEL12-MG;;;
689785;13/04/2025;domingo;02:00:00;SC;470;147,2;LAURENTINO;Acessar a via sem observar a presen�a dos outros ve�culos;Colis�o com objeto;Com V�timas Feridas;Plena Noite;Decrescente;Chuva;Simples;"Reta;Ponte";N�o;2;0;1;1;0;0;2;2;-27,24429676;-49,69146162;SPRF-SC;DEL04-SC;UOP02-DEL04-SC;;;
689786;21/04/2025;segunda-feira;18:00:00;PR;277;165;PORTO AMAZONAS;Rea��o tardia ou ineficiente do condutor;Colis�o lateral mesmo sentido;Sem V�timas;Anoitecer;Crescente;C�u Claro;Simples;Reta;N�o;2;0;0;0;0;2;0;2;-25,47246966;-49,89771064;SPRF-PR;DEL03-PR;UOP03-DEL03-PR;;;
689789;08/05/2025;quinta-feira;08:30:00;PR;376;526;PONTA GROSSA;Demais falhas mec�nicas ou el�tricas;Sa�da de leito carro��vel;Com V�timas Feridas;Pleno dia;Decrescente;C�u Claro;Dupla;"Reta;Declive";N�o;2;0;1;0;0;1;1;2;-25,2734876;-49,9291492;SPRF-PR;DEL03-PR;UOP04-DEL03-PR;;;
689790;08/05/2025;quinta-feira;10:00:00;GO;70;3,8;AGUAS LINDAS DE GOIAS;Aus�ncia de sinaliza��o;Colis�o traseira;Com V�timas Feridas;Pleno dia;Crescente;C�u Claro;M�ltipla;Reta;Sim;2;0;1;0;1;0;1;2;-15,760595;-48,243595;SPRF-DF;DEL03-DF;UOP02-DEL03-DF;;;
689802;08/05/2025;quinta-feira;10:00:00;CE;116;81,9;OCARA;Rea��o tardia ou ineficiente do condutor;Colis�o traseira;Com V�timas Feridas;Pleno dia;Crescente;C�u Claro;Simples;Reta;N�o;8;0;3;0;4;3;3;7;-4,41453292;-38,41163635;SPRF-CE;DEL01-CE;UOP04-DEL01-CE;;;
689803;08/05/2025;quinta-feira;12:00:00;SC;101;197;BIGUACU;Trafegar com motocicleta (ou similar) entre as faixas;Colis�o lateral mesmo sentido;Com V�timas Feridas;Pleno dia;Decrescente;Nublado;Dupla;Reta;N�o;2;0;1;0;0;1;1;2;-27,521103;-48,637315;SPRF-SC;DEL01-SC;UOP01-DEL01-SC;;;
689804;05/05/2025;segunda-feira;05:47:00;SP;116;111,6;TAUBATE;Condutor deixou de manter dist�ncia do ve�culo da frente;Colis�o traseira;Com V�timas Feridas;Amanhecer;Decrescente;C�u Claro;Dupla;Reta;Sim;2;0;0;1;1;0;1;2;-23,03981115;-45,56347847;SPRF-SP;DEL02-SP;UOP02-DEL02-SP;;;
689805;08/05/2025;quinta-feira;10:00:00;MT;70;5;BARRA DO GARCAS;Condutor deixou de manter dist�ncia do ve�culo da frente;Colis�o lateral mesmo sentido;Sem V�timas;Pleno dia;Crescente;Sol;Dupla;Retorno Regulamentado;N�o;2;0;0;0;2;0;0;2;-15,87879041;-52,29629517;SPRF-MT;DEL07-MT;UOP01-DEL07-MT;;;
689812;08/05/2025;quinta-feira;13:00:00;RJ;116;320;ITATIAIA;Demais falhas mec�nicas ou el�tricas;Inc�ndio;Sem V�timas;Pleno dia;Crescente;C�u Claro;Dupla;Reta;N�o;1;0;0;0;1;0;0;1;-22,50684796;-44,61273193;SPRF-RJ;DEL07-RJ;UOP02-DEL07-RJ;;;
689815;08/05/2025;quinta-feira;11:45:00;RJ;116;245;PIRAI;Curva acentuada;Tombamento;Com V�timas Feridas;Pleno dia;Decrescente;C�u Claro;Dupla;"Curva;Declive";N�o;4;0;1;0;2;1;1;3;-22,5913667;-43,95646445;SPRF-RJ;DEL07-RJ;UOP01-DEL07-RJ;;;
689817;08/05/2025;quinta-feira;13:15:00;GO;60;129;GOIANAPOLIS;Velocidade Incompat�vel;Colis�o traseira;Com V�timas Feridas;Pleno dia;Crescente;C�u Claro;Dupla;Reta;N�o;2;0;1;0;1;0;1;2;-16,5704275;-49,15648252;SPRF-GO;DEL01-GO;UOP01-DEL01-GO;;;
689819;08/05/2025;quinta-feira;13:30:00;MG;381;482,8;BETIM;Trafegar com motocicleta (ou similar) entre as faixas;Colis�o lateral mesmo sentido;Com V�timas Fatais;Pleno dia;Decrescente;C�u Claro;Dupla;Reta;Sim;2;1;0;0;1;0;0;2;-19,95754076;-44,07850669;SPRF-MG;DEL01-MG;UOP03-DEL01-MG;;;
689821;08/05/2025;quinta-feira;11:55:00;GO;60;306;ACREUNA;Manobra de mudan�a de faixa;Colis�o lateral mesmo sentido;Com V�timas Feridas;Pleno dia;Crescente;C�u Claro;Dupla;Curva;N�o;3;0;0;1;1;2;1;4;-17,404608;-50,394817;SPRF-GO;DEL04-GO;UOP02-DEL04-GO;;;
689838;25/02/2025;ter�a-feira;10:00:00;PR;376;668;GUARATUBA;Demais falhas mec�nicas ou el�tricas;Inc�ndio;Sem V�timas;Pleno dia;Crescente;C�u Claro;Dupla;Declive;N�o;2;0;0;0;1;1;0;2;-25,86950429;-48,93431783;SPRF-PR;DEL01-PR;UOP04-DEL01-PR;;;
689846;08/05/2025;quinta-feira;13:45:00;PR;376;626;SAO JOSE DOS PINHAIS;Acessar a via sem observar a presen�a dos outros ve�culos;Colis�o traseira;Sem V�timas;Pleno dia;Crescente;C�u Claro;Dupla;Interse��o de Vias;N�o;2;0;0;0;1;1;0;2;-25,67042794;-49,15220825;SPRF-PR;DEL01-PR;UOP04-DEL01-PR;;;
689847;08/05/2025;quinta-feira;14:01:00;MT;70;498;CUIABA;Acessar a via sem observar a presen�a dos outros ve�culos;Colis�o transversal;Com V�timas Feridas;Pleno dia;Crescente;C�u Claro;Simples;Reta;N�o;3;0;0;1;1;1;1;3;-15,66821566;-56,00934148;SPRF-MT;DEL01-MT;UOP02-DEL01-MT;;;
689851;08/05/2025;quinta-feira;15:30:00;MA;135;230,2;PERITORO;Aus�ncia de rea��o do condutor;Colis�o traseira;Com V�timas Feridas;Pleno dia;Crescente;C�u Claro;Simples;"Reta;Em Obras";N�o;7;0;3;0;3;3;3;5;-4,416148;-44,349497;SPRF-MA;DEL03-MA;UOP01-DEL03-MA;;;
689864;08/05/2025;quinta-feira;17:10:00;RS;101;6,3;TORRES;Rea��o tardia ou ineficiente do condutor;Colis�o traseira;Com V�timas Feridas;Anoitecer;Decrescente;Nublado;Dupla;Reta;Sim;3;0;1;0;1;1;1;3;-29,35030313;-49,79628325;SPRF-RS;DEL03-RS;UOP02-DEL03-RS;;;
689865;08/05/2025;quinta-feira;17:25:00;BA;116;386;SANTA BARBARA;Convers�o proibida;Colis�o transversal;Com V�timas Feridas;Anoitecer;Crescente;C�u Claro;Simples;Reta;N�o;3;0;1;0;1;1;1;3;-11,9117;-38,9835;SPRF-BA;DEL02-BA;UOP01-DEL02-BA;;;
689866;08/05/2025;quinta-feira;17:00:00;MG;365;612;UBERLANDIA;Condutor deixou de manter dist�ncia do ve�culo da frente;Colis�o traseira;Com V�timas Feridas;Pleno dia;Decrescente;C�u Claro;Simples;Reta;Sim;3;0;1;0;1;1;1;3;-18,92266226;-48,20248095;SPRF-MG;DEL15-MG;UOP01-DEL15-MG;;;
689872;08/05/2025;quinta-feira;17:50:00;PR;376;673;GUARATUBA;Rea��o tardia ou ineficiente do condutor;Colis�o traseira;Com V�timas Feridas;Anoitecer;Crescente;C�u Claro;Dupla;"Reta;Declive";N�o;4;0;1;0;2;1;1;3;-25,91581366;-48,91960558;SPRF-PR;DEL01-PR;UOP04-DEL01-PR;;;
689873;08/05/2025;quinta-feira;18:30:00;PR;277;693;SAO MIGUEL DO IGUACU;Rea��o tardia ou ineficiente do condutor;Colis�o traseira;Com V�timas Feridas;Plena Noite;Decrescente;C�u Claro;Dupla;Aclive;N�o;2;0;0;1;1;0;1;2;-25,37214864;-54,26934807;SPRF-PR;DEL05-PR;UOP01-DEL05-PR;;;
689877;08/05/2025;quinta-feira;18:30:00;SP;116;157;SAO JOSE DOS CAMPOS;Condutor deixou de manter dist�ncia do ve�culo da frente;Colis�o traseira;Sem V�timas;Plena Noite;Crescente;C�u Claro;Dupla;"Em Obras;Reta";Sim;2;0;0;0;2;0;0;2;-23,2563115;-45,9483568;SPRF-SP;DEL02-SP;UOP01-DEL02-SP;;;
689878;08/05/2025;quinta-feira;18:30:00;MS;262;245;RIBAS DO RIO PARDO;Ingest�o de �lcool pelo condutor;Colis�o frontal;Com V�timas Feridas;Plena Noite;Crescente;C�u Claro;Simples;"Reta;Declive";N�o;2;0;0;1;0;1;1;2;-20,4525969;-53,80993188;SPRF-MS;DEL01-MS;UOP05-DEL01-MS;;;
689879;08/05/2025;quinta-feira;18:30:00;ES;259;25,2;COLATINA;Transitar na contram�o;Colis�o frontal;Com V�timas Feridas;Plena Noite;Decrescente;Nublado;Simples;Curva;N�o;2;0;1;0;1;0;1;2;-19,5915524;-40,50896231;SPRF-ES;DEL02-ES;UOP01-DEL02-ES;;;
689883;08/05/2025;quinta-feira;18:50:00;PR;158;535;PATO BRANCO;Acessar a via sem observar a presen�a dos outros ve�culos;Colis�o transversal;Com V�timas Feridas;Plena Noite;Crescente;C�u Claro;Simples;Reta;Sim;2;0;0;1;1;0;1;2;-26,241901;-52,696549;SPRF-PR;DEL02-PR;UOP01-DEL02-PR;;;
689891;08/05/2025;quinta-feira;19:45:00;GO;452;34;SANTA HELENA DE GOIAS;Ultrapassagem Indevida;Colis�o lateral sentido oposto;Com V�timas Fatais;Plena Noite;Crescente;C�u Claro;Simples;"Aclive;Reta";N�o;5;1;1;0;2;9;1;13;-17,916027;-50,608648;SPRF-GO;DEL04-GO;UOP01-DEL04-GO;;;
689892;08/05/2025;quinta-feira;20:05:00;MS;163;13,4;MUNDO NOVO;Transitar na contram�o;Colis�o frontal;Com V�timas Feridas;Plena Noite;Crescente;C�u Claro;Simples;"Curva;Aclive";N�o;6;0;0;3;2;1;3;3;-23,95008;-54,313398;SPRF-MS;DEL09-MS;UOP02-DEL09-MS;;;
689900;08/05/2025;quinta-feira;21:35:00;PR;376;336;ORTIGUEIRA;Velocidade Incompat�vel;Colis�o frontal;Com V�timas Fatais;Plena Noite;Crescente;Nublado;Simples;"Curva;Declive";N�o;3;1;0;0;1;3;0;5;-24,123254;-51,017941;SPRF-PR;DEL07-PR;UOP02-DEL07-PR;;;
689901;08/05/2025;quinta-feira;20:30:00;MG;262;93;ABRE CAMPO;Ingest�o de �lcool pelo condutor;Colis�o lateral sentido oposto;Sem V�timas;Plena Noite;Decrescente;C�u Claro;Simples;Reta;Sim;4;0;0;0;4;0;0;2;-20,314435;-42,466417;SPRF-MG;DEL03-MG;UOP03-DEL03-MG;;;
689909;08/05/2025;quinta-feira;19:30:00;PR;487;126,4;TUNEIRAS DO OESTE;Transitar na contram�o;Colis�o frontal;Com V�timas Fatais;Plena Noite;Crescente;C�u Claro;Simples;Reta;N�o;7;4;1;1;1;0;2;4;-23,870631;-52,865731;SPRF-PR;DEL09-PR;UOP03-DEL09-PR;;;
689910;08/05/2025;quinta-feira;19:30:00;BA;242;468;IBITIARA;Ingest�o de �lcool pelo condutor;Colis�o traseira;Com V�timas Fatais;Plena Noite;Crescente;Nublado;Simples;Reta;N�o;2;1;0;0;0;1;0;2;-12,456467;-42,211765;SPRF-BA;DEL06-BA;UOP01-DEL06-BA;;;
689913;08/05/2025;quinta-feira;22:15:00;PR;277;36,6;MORRETES;Rea��o tardia ou ineficiente do condutor;Colis�o com objeto;Com V�timas Feridas;Plena Noite;Decrescente;Nublado;Dupla;"Reta;Declive";N�o;2;0;1;0;0;3;1;4;-25,572533;-48,8416488;SPRF-PR;DEL01-PR;UOP05-DEL01-PR;;;
689914;08/05/2025;quinta-feira;20:35:00;SC;282;445;PONTE SERRADA;Rea��o tardia ou ineficiente do condutor;Colis�o lateral sentido oposto;Com V�timas Feridas;Plena Noite;Decrescente;C�u Claro;Simples;Reta;N�o;3;0;1;0;0;2;1;3;-26,91786749;-51,88983891;SPRF-SC;DEL07-SC;UOP04-DEL07-SC;;;
689932;13/03/2025;quinta-feira;13:00:00;SE;101;152,5;ESTANCIA;Manobra de mudan�a de faixa;Colis�o lateral mesmo sentido;Com V�timas Feridas;Pleno dia;Crescente;C�u Claro;Simples;Curva;Sim;4;0;2;0;1;3;2;5;-11,278644;-37,449116;SPRF-SE;DEL02-SE;UOP01-DEL02-SE;;;
689946;09/05/2025;sexta-feira;05:00:00;RJ;101;525,8;ANGRA DOS REIS;Transitar na contram�o;Colis�o frontal;Com V�timas Feridas;Plena Noite;Decrescente;C�u Claro;Simples;Curva;N�o;2;0;1;0;1;0;1;2;-23,01151022;-44,48537461;SPRF-RJ;DEL03-RJ;UOP03-DEL03-RJ;;;
689949;06/05/2025;ter�a-feira;12:00:00;MA;10;273;IMPERATRIZ;Fuma�a;Inc�ndio;Com V�timas Feridas;Pleno dia;Decrescente;C�u Claro;Simples;Reta;N�o;2;0;1;0;0;1;1;2;-5,4174564;-47,47250748;SPRF-MA;DEL04-MA;UOP01-DEL04-MA;;;
689960;09/05/2025;sexta-feira;07:20:00;MG;40;738,6;SANTOS DUMONT;Avarias e/ou desgaste excessivo no pneu;Tombamento;Sem V�timas;Pleno dia;Crescente;Nublado;Dupla;Reta;Sim;2;0;0;0;1;1;0;2;-21,41663693;-43,5635376;SPRF-MG;DEL05-MG;UOP01-DEL05-MG;;;
689963;09/05/2025;sexta-feira;04:30:00;MG;262;119;RIO CASCA;Ingest�o de �lcool pelo condutor;Sa�da de leito carro��vel;Sem V�timas;Plena Noite;Crescente;C�u Claro;Simples;Reta;N�o;2;0;0;0;1;1;0;2;-20,22526793;-42,64203072;SPRF-MG;DEL03-MG;UOP03-DEL03-MG;;;
689964;09/05/2025;sexta-feira;08:15:00;ES;101;296,9;CARIACICA;Condutor deixou de manter dist�ncia do ve�culo da frente;Engavetamento;Com V�timas Feridas;Pleno dia;Crescente;Nublado;Dupla;Curva;Sim;5;0;2;1;1;1;3;5;-20,34431868;-40,40925908;SPRF-ES;DEL01-ES;UOP01-DEL01-ES;;;
689970;09/05/2025;sexta-feira;08:50:00;MG;365;623;UBERLANDIA;Manobra de mudan�a de faixa;Colis�o lateral mesmo sentido;Com V�timas Feridas;Pleno dia;Decrescente;C�u Claro;Dupla;Reta;Sim;4;0;1;0;2;2;1;4;-18,89741515;-48,27159982;SPRF-MG;DEL15-MG;UOP01-DEL15-MG;;;
689975;09/05/2025;sexta-feira;00:30:00;MG;153;128;PRATA;Aus�ncia de rea��o do condutor;Colis�o traseira;Com V�timas Feridas;Plena Noite;Crescente;C�u Claro;Dupla;Reta;N�o;3;0;1;0;1;6;1;8;-19,476806;-48,867485;SPRF-MG;DEL15-MG;UOP03-DEL15-MG;;;
689976;09/05/2025;sexta-feira;06:50:00;MS;262;367,3;CAMPO GRANDE;Acessar a via sem observar a presen�a dos outros ve�culos;Tombamento;Com V�timas Fatais;Amanhecer;Decrescente;C�u Claro;Simples;Reta;Sim;7;1;0;0;4;2;0;3;-20,479803;-54,749989;SPRF-MS;DEL01-MS;UOP03-DEL01-MS;;;
689979;09/05/2025;sexta-feira;09:00:00;RN;405;156,9;RAFAEL FERNANDES;Rea��o tardia ou ineficiente do condutor;Colis�o traseira;Com V�timas Fatais;Pleno dia;Crescente;Sol;Simples;Reta;N�o;5;1;0;0;3;1;0;4;-6,163803;-38,208881;SPRF-RN;DEL04-RN;UOP02-DEL04-RN;;;
689981;09/05/2025;sexta-feira;09:42:00;RJ;116;199;QUEIMADOS;Rea��o tardia ou ineficiente do condutor;Tombamento;Sem V�timas;Pleno dia;Crescente;C�u Claro;Dupla;Reta;N�o;2;0;0;0;1;1;0;2;-22,72932379;-43,63082886;SPRF-RJ;DEL06-RJ;UOP02-DEL06-RJ;;;
689983;09/05/2025;sexta-feira;06:36:00;SC;282;287,6;SAO JOSE DO CERRITO;Transitar na contram�o;Colis�o frontal;Com V�timas Fatais;Amanhecer;Decrescente;C�u Claro;Simples;Reta;N�o;3;2;0;0;1;0;0;2;-27,564367;-50,825507;SPRF-SC;DEL05-SC;UOP02-DEL05-SC;;;
689985;09/05/2025;sexta-feira;09:15:00;SC;101;421,6;ARARANGUA;Condutor deixou de manter dist�ncia do ve�culo da frente;Colis�o traseira;Com V�timas Fatais;Pleno dia;Decrescente;C�u Claro;M�ltipla;"Reta;Declive;Viaduto";Sim;2;1;0;0;1;0;0;2;-29,00752769;-49,56775753;SPRF-SC;DEL02-SC;UOP02-DEL02-SC;;;
689986;09/05/2025;sexta-feira;07:20:00;RJ;393;10;VOLTA REDONDA;Demais falhas mec�nicas ou el�tricas;Inc�ndio;Sem V�timas;Pleno dia;Crescente;C�u Claro;Simples;Reta;N�o;2;0;0;0;1;1;0;2;-22,559831;-44,072612;SPRF-RJ;DEL05-RJ;UOP04-DEL05-RJ;;;
689994;09/05/2025;sexta-feira;09:00:00;BA;135;162;BARREIRAS;Rea��o tardia ou ineficiente do condutor;Tombamento;Com V�timas Feridas;Pleno dia;Crescente;C�u Claro;Simples;Reta;N�o;1;0;1;0;0;0;1;1;-12,03444269;-44,95774207;SPRF-BA;DEL10-BA;UOP01-DEL10-BA;;;
689999;08/04/2025;ter�a-feira;15:30:00;PR;376;389,6;IMBAU;Rea��o tardia ou ineficiente do condutor;Sa�da de leito carro��vel;Com V�timas Feridas;Pleno dia;Crescente;Chuva;Dupla;"Declive;Reta";N�o;3;0;0;1;1;1;1;2;-24,47153;-50,739826;SPRF-PR;DEL03-PR;UOP02-DEL03-PR;;;
690013;09/05/2025;sexta-feira;08:30:00;PR;163;233,3;TOLEDO;Condutor deixou de manter dist�ncia do ve�culo da frente;Colis�o traseira;Com V�timas Feridas;Pleno dia;Crescente;C�u Claro;Dupla;Curva;N�o;2;0;0;1;1;0;1;2;-24,77793;-53,67988;SPRF-PR;DEL04-PR;UOP01-DEL04-PR;;;
690016;09/05/2025;sexta-feira;13:00:00;SP;116;126;CACAPAVA;Rea��o tardia ou ineficiente do condutor;Colis�o traseira;Sem V�timas;Pleno dia;Crescente;C�u Claro;Dupla;Reta;Sim;2;0;0;0;2;0;0;2;-23,10371101;-45,6935699;SPRF-SP;DEL02-SP;UOP02-DEL02-SP;;;
690018;09/05/2025;sexta-feira;13:05:00;TO;153;640,8;ALIANCA DO TOCANTINS;Rea��o tardia ou ineficiente do condutor;Colis�o traseira;Sem V�timas;Pleno dia;Crescente;C�u Claro;Simples;Reta;N�o;7;0;0;0;6;1;0;3;-11,45134;-48,991564;SPRF-TO;DEL01-TO;UOP02-DEL01-TO;;;
690028;11/04/2025;sexta-feira;11:45:00;SC;101;129,9;CAMBORIU;Condutor deixou de manter dist�ncia do ve�culo da frente;Colis�o lateral mesmo sentido;Com V�timas Feridas;Pleno dia;Crescente;Nublado;Dupla;Reta;Sim;3;0;0;1;1;1;1;3;-26,98520569;-48,66775252;SPRF-SC;DEL04-SC;UOP03-DEL04-SC;;;