id;data_inversa;dia_semana;horario;uf;br;km;municipio;causa_acidente;tipo_acidente;classificacao_acidente;fase_dia;sentido_via;condicao_metereologica;tipo_pista;tracado_via;uso_solo;pessoas;mortos;feridos_leves;feridos_graves;ilesos;ignorados;feridos;veiculos;latitude;longitude;regional;delegacia;uop;;;
690029;09/05/2025;sexta-feira;11:20:00;GO;153;512;APARECIDA DE GOIANIA;Frear bruscamente;Sa�da de leito carro��vel;Sem V�timas;Pleno dia;Crescente;C�u Claro;Dupla;Reta;Sim;2;0;0;0;1;2;0;3;-16,80152;-49,23855;SPRF-GO;DEL01-GO;UOP03-DEL01-GO;;;
690037;09/05/2025;sexta-feira;11:15:00;PA;230;496,5;ANAPU;Rea��o tardia ou ineficiente do condutor;Tombamento;Com V�timas Feridas;Pleno dia;Decrescente;Sol;Simples;"Reta;Aclive";N�o;2;0;1;0;0;2;1;3;-3,42583;-51,24677;SPRF-PA;DEL04-PA;UOP01-DEL04-PA;;;
690041;09/05/2025;sexta-feira;14:00:00;MT;364;328;CAMPO VERDE;Condutor Dormindo;Colis�o traseira;Sem V�timas;Pleno dia;Decrescente;C�u Claro;Dupla;"Curva;Aclive";N�o;3;0;0;0;2;5;0;7;-15,81981982;-55,39547005;SPRF-MT;DEL05-MT;UOP02-DEL05-MT;;;
690043;28/04/2025;segunda-feira;07:20:00;MT;70;523;VARZEA GRANDE;Acesso irregular;Colis�o transversal;Com V�timas Feridas;Pleno dia;Crescente;C�u Claro;Simples;Reta;Sim;4;0;2;0;1;3;2;6;-15,655902;-56,190388;SPRF-MT;DEL01-MT;UOP02-DEL01-MT;;;
690044;09/05/2025;sexta-feira;14:06:00;SC;470;246,4;CURITIBANOS;Transitar na contram�o;Colis�o frontal;Com V�timas Fatais;Pleno dia;Decrescente;Nublado;Simples;Reta;Sim;3;1;2;0;0;0;2;2;-27,3141872;-50,5505489;SPRF-SC;DEL05-SC;UOP03-DEL05-SC;;;
690066;09/05/2025;sexta-feira;16:03:00;MT;70;26;BARRA DO GARCAS;Estacionar ou parar em local proibido;Colis�o traseira;Sem V�timas;Pleno dia;Decrescente;C�u Claro;Simples;Declive;N�o;4;0;0;0;3;1;0;4;-15,84038;-52,446752;SPRF-MT;DEL07-MT;UOP01-DEL07-MT;;;
690076;09/05/2025;sexta-feira;15:35:00;BA;242;592,3;IBOTIRAMA;Rea��o tardia ou ineficiente do condutor;Tombamento;Sem V�timas;Pleno dia;Crescente;C�u Claro;Simples;Curva;N�o;2;0;0;0;1;3;0;4;-12,08743646;-43,16015482;SPRF-BA;DEL06-BA;UOP03-DEL06-BA;;;
690078;09/05/2025;sexta-feira;17:45:00;RS;153;44,4;ERECHIM;Desrespeitar a prefer�ncia no cruzamento;Colis�o transversal;Com V�timas Feridas;Anoitecer;Crescente;Chuva;Simples;Rotat�ria;N�o;2;0;0;1;1;0;1;2;-27,62212486;-52,23765111;SPRF-RS;DEL08-RS;UOP04-DEL08-RS;;;
690083;09/05/2025;sexta-feira;14:15:00;MG;116;605;SAO JOAO DO MANHUACU;Aus�ncia de rea��o do condutor;Colis�o traseira;Com V�timas Feridas;Pleno dia;Decrescente;C�u Claro;Simples;Reta;N�o;4;0;2;0;1;1;2;3;-20,3814091;-42,14726508;SPRF-MG;DEL06-MG;UOP03-DEL06-MG;;;
690087;09/05/2025;sexta-feira;18:15:00;BA;324;533;CONCEICAO DO JACUIPE;Frear bruscamente;Capotamento;Com V�timas Feridas;Plena Noite;Decrescente;Chuva;Dupla;"Reta;Declive";N�o;2;0;1;0;1;0;1;1;-12,35916;-38,82648;SPRF-BA;DEL01-BA;UOP03-DEL01-BA;;;
690107;09/05/2025;sexta-feira;14:26:00;PA;230;169;ITUPIRANGA;Manobra de mudan�a de faixa;Sa�da de leito carro��vel;Com V�timas Fatais;Pleno dia;Crescente;Nublado;Simples;Reta;N�o;3;1;1;0;0;1;1;2;-5,13953023;-49,39176321;SPRF-PA;DEL03-PA;UOP01-DEL03-PA;;;
690114;09/05/2025;sexta-feira;18:20:00;PE;428;144;PETROLINA;Transitar na contram�o;Colis�o lateral mesmo sentido;Com V�timas Feridas;Plena Noite;Decrescente;C�u Claro;Simples;Reta;N�o;3;0;1;1;1;0;2;3;-9,0292199;-40,2870975;SPRF-PE;DEL06-PE;UOP01-DEL06-PE;;;
690129;09/05/2025;sexta-feira;20:40:00;ES;101;163;LINHARES;Aus�ncia de rea��o do condutor;Colis�o frontal;Com V�timas Feridas;Plena Noite;Crescente;C�u Claro;Simples;Curva;N�o;3;0;1;0;2;0;1;3;-19,501928;-40,131926;SPRF-ES;DEL04-ES;UOP01-DEL04-ES;;;
690135;09/05/2025;sexta-feira;19:00:00;PR;467;109,9;CASCAVEL;Manobra de mudan�a de faixa;Colis�o lateral mesmo sentido;Com V�timas Feridas;Plena Noite;Crescente;Chuva;Dupla;Reta;N�o;2;0;1;0;1;0;1;2;-24,928;-53,456;SPRF-PR;DEL04-PR;UOP01-DEL04-PR;;;
690136;09/05/2025;sexta-feira;17:55:00;BA;324;531;CONCEICAO DO JACUIPE;Chuva;Colis�o traseira;Com V�timas Feridas;Anoitecer;Decrescente;Chuva;Dupla;"Reta;Declive";N�o;4;0;2;0;2;0;2;2;-12,348565;-38,836396;SPRF-BA;DEL01-BA;UOP03-DEL01-BA;;;
690137;09/05/2025;sexta-feira;19:23:00;MS;163;72;ITAQUIRAI;Pedestre andava na pista;Atropelamento de Pedestre;Com V�timas Feridas;Plena Noite;Crescente;Chuva;Simples;Reta;N�o;2;0;0;1;1;0;1;2;-23,52940183;-54,19202551;SPRF-MS;DEL09-MS;UOP02-DEL09-MS;;;
690146;09/05/2025;sexta-feira;22:25:00;MG;381;495;BETIM;Ingest�o de �lcool pelo condutor;Colis�o traseira;Com V�timas Feridas;Plena Noite;Decrescente;C�u Claro;Dupla;"Curva;Declive";Sim;2;0;1;0;1;0;1;2;-19,97421227;-44,18530834;SPRF-MG;DEL01-MG;UOP03-DEL01-MG;;;
690149;09/05/2025;sexta-feira;21:40:00;RJ;493;17;GUAPIMIRIM;Aus�ncia de rea��o do condutor;Tombamento;Sem V�timas;Plena Noite;Decrescente;C�u Claro;Dupla;Reta;N�o;2;0;0;0;1;1;0;2;-22,66843228;-43,01203251;SPRF-RJ;DEL04-RJ;UOP02-DEL04-RJ;;;
690151;09/05/2025;sexta-feira;17:00:00;SC;280;283,2;IRINEOPOLIS;Problema com o freio;Tombamento;Sem V�timas;Pleno dia;Crescente;Nublado;Simples;"Reta;Declive";N�o;3;0;0;0;2;4;0;6;-26,29353915;-50,86418565;SPRF-SC;DEL06-SC;UOP04-DEL06-SC;;;
690157;09/05/2025;sexta-feira;21:20:00;PR;376;200,2;MARIALVA;Condutor usando celular;Colis�o traseira;Com V�timas Feridas;Plena Noite;Crescente;Chuva;Dupla;"Aclive;Reta";N�o;3;0;1;0;1;2;1;4;-23,50390609;-51,74796581;SPRF-PR;DEL09-PR;UOP01-DEL09-PR;;;
690160;09/05/2025;sexta-feira;17:45:00;PR;373;411;FOZ DO JORDAO;Manobra de mudan�a de faixa;Colis�o frontal;Com V�timas Feridas;Pleno dia;Crescente;Chuva;Simples;Reta;N�o;3;0;1;1;0;1;2;3;-25,63818;-52,10191;SPRF-PR;DEL08-PR;UOP01-DEL08-PR;;;
690163;09/05/2025;sexta-feira;19:30:00;MA;226;27;TIMON;Velocidade Incompat�vel;Tombamento;Com V�timas Feridas;Plena Noite;Decrescente;C�u Claro;Simples;"Reta;Declive";N�o;3;0;0;1;0;2;1;1;-5,09728024;-43,03341575;SPRF-MA;DEL03-MA;UOP02-DEL03-MA;;;
690170;09/05/2025;sexta-feira;22:50:00;PR;116;80;PIRAQUARA;Velocidade Incompat�vel;Sa�da de leito carro��vel;Com V�timas Feridas;Plena Noite;Decrescente;C�u Claro;Dupla;Curva;N�o;3;0;0;2;0;1;2;2;-25,44104448;-49,09218661;SPRF-PR;DEL01-PR;UOP02-DEL01-PR;;;
690175;10/05/2025;s�bado;01:00:00;PA;222;18,4;DOM ELISEU;Manobra de mudan�a de faixa;Colis�o frontal;Com V�timas Feridas;Plena Noite;Decrescente;C�u Claro;Simples;Reta;Sim;3;0;1;1;1;0;2;2;-4,294622;-47,56192;SPRF-PA;DEL02-PA;UOP02-DEL02-PA;;;
690198;10/05/2025;s�bado;02:25:00;BA;101;106;ALAGOINHAS;Acessar a via sem observar a presen�a dos outros ve�culos;Colis�o frontal;Sem V�timas;Plena Noite;Crescente;Chuva;Simples;Reta;Sim;2;0;0;0;1;1;0;2;-12,13935;-38,39227;SPRF-BA;DEL01-BA;UOP04-DEL01-BA;;;
690204;10/05/2025;s�bado;04:25:00;MG;40;518;RIBEIRAO DAS NEVES;Rea��o tardia ou ineficiente do condutor;Sa�da de leito carro��vel;Com V�timas Feridas;Plena Noite;Crescente;C�u Claro;Dupla;Reta;Sim;5;0;2;0;2;1;2;3;-19,8323827;-44,0817775;SPRF-MG;DEL01-MG;UOP02-DEL01-MG;;;
690215;10/05/2025;s�bado;05:50:00;SP;381;54,7;MAIRIPORA;Rea��o tardia ou ineficiente do condutor;Queda de ocupante de ve�culo;Com V�timas Fatais;Amanhecer;Crescente;C�u Claro;Dupla;"Reta;Aclive";N�o;2;1;0;0;1;0;0;2;-23,250556;-46,593611;SPRF-SP;DEL03-SP;UOP01-DEL03-SP;;;
690217;10/05/2025;s�bado;04:30:00;PE;101;183,6;PALMARES;Condutor Dormindo;Sa�da de leito carro��vel;Sem V�timas;Amanhecer;Crescente;Chuva;Dupla;"Curva;Declive";Sim;2;0;0;0;1;1;0;2;-8,66446033;-35,57209969;SPRF-PE;DEL01-PE;UOP03-DEL01-PE;;;
690221;10/05/2025;s�bado;05:40:00;CE;116;68;CHOROZINHO;Acessar a via sem observar a presen�a dos outros ve�culos;Colis�o transversal;Sem V�timas;Amanhecer;Decrescente;C�u Claro;Simples;Reta;Sim;2;0;0;0;1;1;0;2;-4,327405;-38,485055;SPRF-CE;DEL01-CE;UOP02-DEL01-CE;;;
690228;16/04/2025;quarta-feira;16:00:00;SC;101;228,2;PALHOCA;Condutor usando celular;Colis�o traseira;Com V�timas Feridas;Pleno dia;Crescente;C�u Claro;Dupla;"Aclive;Curva";N�o;3;0;0;1;1;1;1;3;-27,76017;-48,63066;SPRF-SC;DEL01-SC;UOP02-DEL01-SC;;;
690229;10/05/2025;s�bado;05:35:00;RJ;116;235,6;PIRAI;Rea��o tardia ou ineficiente do condutor;Tombamento;Com V�timas Feridas;Amanhecer;Decrescente;C�u Claro;Dupla;Curva;Sim;2;0;1;0;0;1;1;2;-22,66560116;-43,84858781;SPRF-RJ;DEL07-RJ;UOP01-DEL07-RJ;;;
690232;10/05/2025;s�bado;08:05:00;RN;101;111;SAO JOSE DE MIPIBU;Condutor deixou de manter dist�ncia do ve�culo da frente;Colis�o traseira;Com V�timas Feridas;Pleno dia;Decrescente;Garoa/Chuvisco;Dupla;Reta;N�o;3;0;1;0;2;0;1;3;-5,96377603;-35,26457787;SPRF-RN;DEL01-RN;UOP01-DEL01-RN;;;
690236;10/05/2025;s�bado;06:00:00;GO;60;183;ABADIA DE GOIAS;Demais falhas mec�nicas ou el�tricas;Inc�ndio;Sem V�timas;Pleno dia;Decrescente;C�u Claro;Dupla;Reta;N�o;2;0;0;0;1;2;0;3;-16,788652;-49,50028;SPRF-GO;DEL01-GO;UOP02-DEL01-GO;;;
690241;24/03/2025;segunda-feira;05:36:00;ES;101;120;SOORETAMA;Ultrapassagem Indevida;Colis�o frontal;Com V�timas Feridas;Amanhecer;Crescente;C�u Claro;Simples;"Aclive;Reta";N�o;3;0;0;1;1;2;1;4;-19,19146035;-40,09494781;SPRF-ES;DEL04-ES;UOP01-DEL04-ES;;;
690248;10/05/2025;s�bado;05:40:00;PE;424;5,7;ARCOVERDE;Condutor Dormindo;Sa�da de leito carro��vel;Com V�timas Feridas;Amanhecer;Crescente;C�u Claro;Simples;Curva;N�o;2;0;0;1;0;2;1;3;-8,478071;-37,034582;SPRF-PE;DEL04-PE;UOP02-DEL04-PE;;;
690254;10/05/2025;s�bado;07:30:00;MG;365;5,3;MONTES CLAROS;Velocidade Incompat�vel;Tombamento;Com V�timas Feridas;Pleno dia;Decrescente;C�u Claro;Simples;"Curva;Viaduto;Declive";N�o;1;0;1;0;0;0;1;1;-16,6537041;-43,7179432;SPRF-MG;DEL12-MG;UOP01-DEL12-MG;;;
690268;10/05/2025;s�bado;07:43:00;MT;364;578;NOBRES;Condutor Dormindo;Colis�o com objeto;Com V�timas Feridas;Pleno dia;Decrescente;C�u Claro;Dupla;Reta;N�o;2;0;1;0;0;3;1;4;-14,59982213;-56,24100924;SPRF-MT;DEL01-MT;UOP01-DEL01-MT;;;
690270;10/05/2025;s�bado;10:40:00;BA;110;175;RIBEIRA DO POMBAL;Convers�o proibida;Colis�o transversal;Com V�timas Feridas;Pleno dia;Decrescente;C�u Claro;Simples;Reta;N�o;3;0;0;1;2;0;1;2;-10,845659;-38,530789;SPRF-BA;DEL07-BA;UOP02-DEL07-BA;;;
690271;10/05/2025;s�bado;10:45:00;PR;116;126;FAZENDA RIO GRANDE;Rea��o tardia ou ineficiente do condutor;Colis�o traseira;Com V�timas Feridas;Pleno dia;Decrescente;Nublado;Simples;Reta;Sim;2;0;0;1;1;0;1;2;-25,637435;-49,313125;SPRF-PR;DEL01-PR;UOP03-DEL01-PR;;;
690277;10/05/2025;s�bado;08:00:00;SP;116;506;CAJATI;Rea��o tardia ou ineficiente do condutor;Colis�o lateral mesmo sentido;Sem V�timas;Pleno dia;Crescente;Chuva;Simples;"Curva;Declive";N�o;3;0;0;0;2;1;0;3;-24,79704815;-48,2145174;SPRF-SP;DEL05-SP;UOP02-DEL05-SP;;;
690282;10/05/2025;s�bado;10:30:00;RS;386;55,5;SEBERI;Transitar na contram�o;Colis�o frontal;Com V�timas Fatais;Pleno dia;Decrescente;C�u Claro;Simples;Reta;N�o;3;1;0;0;1;1;0;3;-27,52832549;-53,37431654;SPRF-RS;DEL08-RS;UOP02-DEL08-RS;;;
690283;24/04/2025;quinta-feira;12:00:00;SC;101;438;SOMBRIO;Acessar a via sem observar a presen�a dos outros ve�culos;Colis�o traseira;Sem V�timas;Pleno dia;Crescente;C�u Claro;Dupla;Reta;Sim;2;0;0;0;1;1;0;2;-29,12373361;-49,65496151;SPRF-SC;DEL02-SC;UOP02-DEL02-SC;;;
690288;10/05/2025;s�bado;11:40:00;SP;116;38,3;CACHOEIRA PAULISTA;Manobra de mudan�a de faixa;Colis�o lateral mesmo sentido;Com V�timas Feridas;Pleno dia;Crescente;C�u Claro;Dupla;Curva;Sim;5;0;2;0;2;1;2;3;-22,6707383;-44,9948433;SPRF-SP;DEL08-SP;UOP02-DEL08-SP;;;
690289;10/05/2025;s�bado;08:30:00;MG;40;200,1;JOAO PINHEIRO;Carga excessiva e/ou mal acondicionada;Colis�o com objeto;Sem V�timas;Pleno dia;Crescente;C�u Claro;Simples;Reta;N�o;3;0;0;0;2;1;0;3;-18,00035863;-45,79900324;SPRF-MG;DEL14-MG;UOP02-DEL14-MG;;;
690293;14/04/2025;segunda-feira;11:00:00;SP;116;287;ITAPECERICA DA SERRA;Problema na suspens�o;Eventos at�picos;Com V�timas Feridas;Pleno dia;Decrescente;C�u Claro;Dupla;Reta;N�o;4;0;1;0;2;1;1;3;-23,70154938;-46,86993794;SPRF-SP;DEL04-SP;UOP01-DEL04-SP;;;
690300;10/05/2025;s�bado;12:00:00;SC;101;102;BALNEARIO PICARRAS;Condutor deixou de manter dist�ncia do ve�culo da frente;Colis�o traseira;Com V�timas Feridas;Pleno dia;Decrescente;C�u Claro;M�ltipla;Reta;N�o;3;0;1;0;2;0;1;2;-26,76998373;-48,68590021;SPRF-SC;DEL03-SC;UOP02-DEL03-SC;;;
690301;10/05/2025;s�bado;14:20:00;BA;116;0;VITORIA DA CONQUISTA;Acessar a via sem observar a presen�a dos outros ve�culos;Colis�o traseira;Com V�timas Feridas;Pleno dia;Crescente;C�u Claro;Simples;"Curva;Declive";N�o;5;0;1;0;3;1;1;3;-14,9123636;-40,8755209;SPRF-BA;DEL08-BA;UOP01-DEL08-BA;;;
690304;10/05/2025;s�bado;13:00:00;GO;452;192;ITUMBIARA;Pista esburacada;Sa�da de leito carro��vel;Com V�timas Feridas;Pleno dia;Decrescente;C�u Claro;Simples;Reta;N�o;2;0;0;1;0;2;1;3;-18,369211;-49,25357;SPRF-GO;DEL03-GO;UOP02-DEL03-GO;;;
690316;10/05/2025;s�bado;10:45:00;SC;101;97,7;BALNEARIO PICARRAS;Carga excessiva e/ou mal acondicionada;Colis�o traseira;Com V�timas Fatais;Pleno dia;Decrescente;C�u Claro;Dupla;Reta;Sim;3;1;0;0;1;1;0;3;-26,7381463;-48,6989232;SPRF-SC;DEL03-SC;UOP02-DEL03-SC;;;
690323;10/05/2025;s�bado;14:45:00;TO;153;400;MIRANORTE;Aus�ncia de rea��o do condutor;Colis�o traseira;Com V�timas Feridas;Pleno dia;Crescente;C�u Claro;Simples;"Reta;Aclive";N�o;3;0;0;1;1;1;1;3;-9,43904263;-48,57529789;SPRF-TO;DEL02-TO;UOP02-DEL02-TO;;;
690335;10/05/2025;s�bado;13:25:00;SP;116;548;BARRA DO TURVO;Rea��o tardia ou ineficiente do condutor;Sa�da de leito carro��vel;Com V�timas Feridas;Pleno dia;Crescente;Chuva;M�ltipla;"Curva;Declive";N�o;4;0;1;0;2;2;1;5;-24,95353798;-48,45056241;SPRF-SP;DEL05-SP;UOP02-DEL05-SP;;;
690336;10/05/2025;s�bado;11:00:00;PR;476;76;BOCAIUVA DO SUL;Acumulo de �leo sobre o pavimento;Colis�o frontal;Sem V�timas;Pleno dia;Decrescente;Chuva;Simples;Curva;N�o;3;0;0;0;1;3;0;4;-25,19609161;-49,10823119;SPRF-PR;DEL01-PR;UOP01-DEL01-PR;;;
690344;10/05/2025;s�bado;10:00:00;PR;476;71;CERRO AZUL;Pista Escorregadia;Colis�o frontal;Com V�timas Feridas;Pleno dia;Crescente;Garoa/Chuvisco;Simples;"Curva;Declive";N�o;4;0;0;2;1;1;2;3;-25,0657555;-49,0905679;SPRF-PR;DEL01-PR;UOP01-DEL01-PR;;;
690346;10/05/2025;s�bado;17:30:00;SP;116;133,3;CACAPAVA;Trafegar com motocicleta (ou similar) entre as faixas;Colis�o lateral mesmo sentido;Com V�timas Feridas;Anoitecer;Decrescente;Nublado;Dupla;Reta;N�o;2;0;1;0;1;0;1;2;-23,1359564;-45,7532708;SPRF-SP;DEL02-SP;UOP02-DEL02-SP;;;
690356;10/05/2025;s�bado;18:15:00;MG;40;783,5;JUIZ DE FORA;Velocidade Incompat�vel;Tombamento;Com V�timas Feridas;Plena Noite;Decrescente;C�u Claro;Dupla;"Curva;Declive";N�o;4;0;0;2;1;1;2;3;-21,7278936;-43,4378668;SPRF-MG;DEL05-MG;UOP01-DEL05-MG;;;
690359;10/05/2025;s�bado;18:28:00;CE;116;37;HORIZONTE;Entrada inopinada do pedestre;Atropelamento de Pedestre;Com V�timas Fatais;Plena Noite;Crescente;C�u Claro;Dupla;Reta;Sim;2;1;0;0;0;1;0;2;-4,06993553;-38,50183435;SPRF-CE;DEL01-CE;UOP02-DEL01-CE;;;
690364;10/05/2025;s�bado;09:00:00;MG;153;1;ARAPORA;Aus�ncia de rea��o do condutor;Tombamento;Com V�timas Feridas;Pleno dia;Crescente;C�u Claro;Dupla;Reta;N�o;2;0;0;1;0;2;1;3;-18,4215;-49,1944;SPRF-MG;DEL15-MG;UOP03-DEL15-MG;;;
690368;10/05/2025;s�bado;17:30:00;SP;153;210,3;GUAIMBE;Manobra de mudan�a de faixa;Colis�o frontal;Com V�timas Feridas;Pleno dia;Crescente;C�u Claro;Simples;"Reta;Aclive";N�o;4;0;0;1;2;2;1;5;-21,90951;-49,914139;SPRF-SP;DEL07-SP;UOP02-DEL07-SP;;;
690369;10/05/2025;s�bado;17:00:00;PE;101;98,1;CABO DE SANTO AGOSTINHO;Aus�ncia de rea��o do condutor;Tombamento;Com V�timas Fatais;Anoitecer;Decrescente;Chuva;Dupla;"Declive;Reta";N�o;3;1;0;0;1;1;0;3;-8,25741;-35,0383;SPRF-PE;DEL01-PE;UOP03-DEL01-PE;;;
690370;10/05/2025;s�bado;17:40:00;RS;290;54;GLORINHA;Condutor Dormindo;Sa�da de leito carro��vel;Com V�timas Feridas;Anoitecer;Crescente;C�u Claro;Dupla;Reta;N�o;1;0;1;0;0;0;1;1;-29,912594;-50,797989;SPRF-RS;DEL03-RS;UOP01-DEL03-RS;;;
690388;10/05/2025;s�bado;19:30:00;MG;50;141,5;UBERABA;Mal s�bito do condutor;Sa�da de leito carro��vel;Com V�timas Feridas;Plena Noite;Decrescente;C�u Claro;Dupla;Reta;N�o;2;0;1;0;0;1;1;2;-19,47986327;-48,05223584;SPRF-MG;DEL13-MG;UOP01-DEL13-MG;;;
690403;10/05/2025;s�bado;20:30:00;BA;116;837;VITORIA DA CONQUISTA;Condutor Dormindo;Colis�o frontal;Com V�timas Feridas;Plena Noite;Crescente;C�u Claro;Simples;Reta;N�o;4;0;1;0;2;2;1;5;-14,968103;-40,910463;SPRF-BA;DEL08-BA;UOP01-DEL08-BA;;;
690404;10/05/2025;s�bado;14:10:00;MT;70;694,3;CACERES;Chuva;Colis�o lateral sentido oposto;Com V�timas Feridas;Pleno dia;Crescente;Chuva;Simples;Curva;N�o;3;0;0;1;1;2;1;4;-15,91432227;-57,8037704;SPRF-MT;DEL03-MT;UOP01-DEL03-MT;;;
690405;10/05/2025;s�bado;20:30:00;RJ;40;24;TRES RIOS;Pedestre cruzava a pista fora da faixa;Atropelamento de Pedestre;Com V�timas Fatais;Plena Noite;Crescente;Nublado;Dupla;"Reta;Aclive";N�o;3;1;0;0;1;1;0;3;-22,14400989;-43,15902448;SPRF-RJ;DEL05-RJ;UOP02-DEL05-RJ;;;
690407;10/05/2025;s�bado;20:30:00;MG;381;505;BETIM;Trafegar com motocicleta (ou similar) entre as faixas;Colis�o lateral mesmo sentido;Com V�timas Feridas;Plena Noite;Decrescente;C�u Claro;Dupla;"Reta;Declive";Sim;7;0;4;1;1;1;5;6;-20,0357174;-44,2438562;SPRF-MG;DEL01-MG;UOP03-DEL01-MG;;;
690415;10/05/2025;s�bado;21:30:00;SP;116;78,3;ROSEIRA;Aus�ncia de rea��o do condutor;Capotamento;Com V�timas Feridas;Plena Noite;Crescente;Nublado;Dupla;Reta;Sim;3;0;1;0;1;1;1;3;-22,890394;-45,289403;SPRF-SP;DEL08-SP;UOP01-DEL08-SP;;;
690419;10/05/2025;s�bado;16:55:00;SC;282;370,4;ERVAL VELHO;Avarias e/ou desgaste excessivo no pneu;Colis�o lateral sentido oposto;Com V�timas Feridas;Pleno dia;Crescente;C�u Claro;Simples;"Reta;Aclive";N�o;5;0;0;1;4;0;1;3;-27,268747;-51,443755;SPRF-SC;DEL07-SC;UOP05-DEL07-SC;;;
690420;10/05/2025;s�bado;21:25:00;PR;476;358;UNIAO DA VITORIA;Acessar a via sem observar a presen�a dos outros ve�culos;Queda de ocupante de ve�culo;Com V�timas Fatais;Plena Noite;Crescente;C�u Claro;Simples;Reta;Sim;2;1;0;0;0;1;0;2;-26,20089145;-51,0588162;SPRF-PR;DEL02-PR;UOP03-DEL02-PR;;;
690424;10/05/2025;s�bado;21:45:00;RN;427;135,8;SERRA NEGRA DO NORTE;Aus�ncia de rea��o do condutor;Colis�o traseira;Com V�timas Feridas;Plena Noite;Decrescente;C�u Claro;Simples;Reta;N�o;2;0;0;1;1;0;1;2;-6,62588624;-37,33629048;SPRF-RN;DEL03-RN;UOP01-DEL03-RN;;;
690433;10/05/2025;s�bado;22:10:00;BA;407;11,8;JUAZEIRO;Aus�ncia de rea��o do condutor;Colis�o traseira;Com V�timas Fatais;Plena Noite;Decrescente;C�u Claro;Simples;Reta;N�o;3;1;0;0;1;1;0;3;-9,50285608;-40,46423896;SPRF-BA;DEL04-BA;UOP01-DEL04-BA;;;
690436;10/05/2025;s�bado;17:49:00;MA;135;85;ITAPECURU MIRIM;Transitar na contram�o;Colis�o transversal;Com V�timas Fatais;Plena Noite;Crescente;Chuva;Simples;Reta;N�o;3;2;0;0;1;0;0;2;-3,262353;-44,392985;SPRF-MA;DEL01-MA;UOP02-DEL01-MA;;;
690463;11/05/2025;domingo;01:45:00;MG;50;177;UBERABA;Rea��o tardia ou ineficiente do condutor;Colis�o lateral mesmo sentido;Sem V�timas;Plena Noite;Crescente;C�u Claro;Dupla;"Reta;Viaduto";Sim;6;0;0;0;5;2;0;4;-19,78;-47,945;SPRF-MG;DEL13-MG;UOP01-DEL13-MG;;;
690465;11/05/2025;domingo;03:29:00;SE;235;19,9;LARANJEIRAS;Chuva;Sa�da de leito carro��vel;Sem V�timas;Plena Noite;Decrescente;Chuva;Simples;Curva;N�o;1;0;0;0;0;1;0;1;-10,835425;-37,220657;SPRF-SE;DEL01-SE;UOP02-DEL01-SE;;;
690467;11/05/2025;domingo;01:15:00;RS;386;130;SARANDI;Transitar na contram�o;Colis�o frontal;Com V�timas Feridas;Pleno dia;Decrescente;C�u Claro;Simples;Reta;Sim;4;0;0;2;1;1;2;3;-27,93428;-52,957682;SPRF-RS;DEL08-RS;UOP01-DEL08-RS;;;
690476;11/05/2025;domingo;02:10:00;MG;116;162;PADRE PARAISO;Manobra de mudan�a de faixa;Colis�o frontal;Com V�timas Feridas;Amanhecer;Decrescente;C�u Claro;Simples;Reta;N�o;3;0;1;0;2;0;1;2;-17,04605416;-41,45204804;SPRF-MG;DEL11-MG;UOP02-DEL11-MG;;;
690483;11/05/2025;domingo;06:20:00;SC;101;376,5;ICARA;Condutor Dormindo;Colis�o traseira;Com V�timas Feridas;Pleno dia;Crescente;C�u Claro;Dupla;Curva;N�o;2;0;1;0;1;0;1;2;-28,743091;-49,252771;SPRF-SC;DEL02-SC;UOP01-DEL02-SC;;;
690495;11/05/2025;domingo;03:20:00;BA;116;15,5;VITORIA DA CONQUISTA;Ingest�o de �lcool pelo condutor;Colis�o lateral sentido oposto;Com V�timas Feridas;Plena Noite;Crescente;Nublado;Simples;Reta;Sim;3;0;1;0;1;1;1;3;-14,899934;-40,854213;SPRF-BA;DEL08-BA;UOP01-DEL08-BA;;;
690496;11/05/2025;domingo;05:10:00;MA;316;407,6;ALTO ALEGRE DO MARANHAO;Manobra de mudan�a de faixa;Colis�o frontal;Com V�timas Feridas;Amanhecer;Crescente;Ignorado;Simples;Reta;Sim;3;0;0;1;1;1;1;3;-4,261632;-44,430069;SPRF-MA;DEL03-MA;UOP01-DEL03-MA;;;
690512;11/05/2025;domingo;07:45:00;RN;110;5;AREIA BRANCA;Acessar a via sem observar a presen�a dos outros ve�culos;Colis�o transversal;Com V�timas Feridas;Pleno dia;Crescente;C�u Claro;Simples;Reta;Sim;3;0;0;1;2;0;1;2;-4,95768;-37,092308;SPRF-RN;DEL04-RN;UOP01-DEL04-RN;;;
690515;11/05/2025;domingo;05:30:00;MG;40;143;PARACATU;Estacionar ou parar em local proibido;Colis�o com objeto;Sem V�timas;Amanhecer;Crescente;C�u Claro;Simples;Reta;N�o;2;0;0;0;2;0;0;2;-17,2414685;-46,8237347;SPRF-MG;DEL14-MG;UOP01-DEL14-MG;;;
690521;11/05/2025;domingo;08:15:00;MG;365;649,5;UBERLANDIA;Aus�ncia de rea��o do condutor;Colis�o traseira;Com V�timas Fatais;Pleno dia;Decrescente;C�u Claro;Dupla;Reta;N�o;3;1;0;0;1;1;0;3;-18,87238571;-48,54628412;SPRF-MG;DEL15-MG;UOP01-DEL15-MG;;;
690522;11/05/2025;domingo;08:40:00;MG;381;707,1;NEPOMUCENO;Aus�ncia de rea��o do condutor;Tombamento;Com V�timas Fatais;Pleno dia;Decrescente;Sol;Dupla;"Curva;Declive";N�o;3;1;0;1;0;1;1;2;-21,36199299;-45,19169583;SPRF-MG;DEL04-MG;UOP02-DEL04-MG;;;