id;data_inversa;dia_semana;horario;uf;br;km;municipio;causa_acidente;tipo_acidente;classificacao_acidente;fase_dia;sentido_via;condicao_metereologica;tipo_pista;tracado_via;uso_solo;pessoas;mortos;feridos_leves;feridos_graves;ilesos;ignorados;feridos;veiculos;latitude;longitude;regional;delegacia;uop;;;
690523;11/05/2025;domingo;06:00:00;MA;10;250;IMPERATRIZ;Acessar a via sem observar a presen�a dos outros ve�culos;Colis�o lateral mesmo sentido;Sem V�timas;Pleno dia;Decrescente;C�u Claro;Dupla;Reta;Sim;2;0;0;0;1;1;0;2;-5,548147;-47,461498;SPRF-MA;DEL04-MA;UOP01-DEL04-MA;;;
690535;11/05/2025;domingo;09:50:00;PR;277;574,6;CASCAVEL;Transitar na contram�o;Colis�o frontal;Com V�timas Fatais;Pleno dia;Crescente;C�u Claro;Simples;Reta;N�o;3;1;0;0;1;2;0;4;-24,99204831;-53,31400154;SPRF-PR;DEL04-PR;UOP01-DEL04-PR;;;
690540;11/05/2025;domingo;07:50:00;BA;116;348;SERRINHA;Condutor Dormindo;Colis�o lateral sentido oposto;Com V�timas Feridas;Pleno dia;Decrescente;Garoa/Chuvisco;Simples;Reta;N�o;3;0;1;0;1;1;1;3;-11,57036;-38,98777;SPRF-BA;DEL02-BA;UOP01-DEL02-BA;;;
690543;11/05/2025;domingo;09:25:00;MG;381;907;CAMANDUCAIA;Aus�ncia de rea��o do condutor;Colis�o com objeto;Com V�timas Feridas;Pleno dia;Decrescente;Garoa/Chuvisco;Dupla;"Curva;Declive";N�o;2;0;1;0;0;2;1;3;-22,68625119;-46,10206604;SPRF-MG;DEL16-MG;UOP03-DEL16-MG;;;
690546;11/05/2025;domingo;09:45:00;MT;163;1039;MATUPA;Rea��o tardia ou ineficiente do condutor;Sa�da de leito carro��vel;Com V�timas Feridas;Pleno dia;Decrescente;C�u Claro;Simples;Reta;Sim;2;0;1;0;0;1;1;2;-10,17365;-54,9428059;SPRF-MT;DEL06-MT;UOP03-DEL06-MT;;;
690552;11/05/2025;domingo;12:20:00;PA;230;1110;ITAITUBA;Chuva;Colis�o lateral sentido oposto;Com V�timas Feridas;Pleno dia;Decrescente;Chuva;Simples;"Curva;Declive";N�o;3;0;0;1;1;5;1;7;-4,39435144;-55,89800298;SPRF-PA;DEL05-PA;UOP02-DEL05-PA;;;
690578;11/05/2025;domingo;09:30:00;MG;116;534,4;SANTA RITA DE MINAS;Velocidade Incompat�vel;Tombamento;Com V�timas Feridas;Pleno dia;Crescente;C�u Claro;Simples;Curva;N�o;3;0;1;0;1;2;1;4;-19,853762;-42,140947;SPRF-MG;DEL06-MG;UOP02-DEL06-MG;;;
690594;11/05/2025;domingo;16:35:00;RS;290;101;PORTO ALEGRE;Ingest�o de �lcool pelo condutor;Colis�o lateral mesmo sentido;Sem V�timas;Pleno dia;Crescente;C�u Claro;M�ltipla;Reta;N�o;3;0;0;0;2;1;0;3;-29,98528606;-51,24971574;SPRF-RS;DEL01-RS;UOP01-DEL01-RS;;;
690613;11/05/2025;domingo;17:10:00;SC;282;514,5;XAXIM;Ultrapassagem Indevida;Colis�o lateral mesmo sentido;Com V�timas Feridas;Pleno dia;Crescente;C�u Claro;Simples;Reta;N�o;2;0;1;0;1;0;1;2;-26,91737721;-52,49354331;SPRF-SC;DEL07-SC;UOP01-DEL07-SC;;;
690621;11/05/2025;domingo;07:40:00;BA;242;493;OLIVEIRA DOS BREJINHOS;Frear bruscamente;Capotamento;Com V�timas Feridas;Pleno dia;Decrescente;C�u Claro;Simples;"Curva;Aclive";N�o;4;0;2;0;1;1;2;2;-12,40282;-42,38639;SPRF-BA;DEL06-BA;UOP01-DEL06-BA;;;
690627;11/05/2025;domingo;18:50:00;SP;381;13;BRAGANCA PAULISTA;Ultrapassagem Indevida;Colis�o traseira;Sem V�timas;Plena Noite;Crescente;C�u Claro;Dupla;Reta;N�o;3;0;0;0;2;1;0;3;-22,9661365;-46,48398782;SPRF-SP;DEL03-SP;UOP02-DEL03-SP;;;
690632;11/05/2025;domingo;18:40:00;SC;470;247,2;CURITIBANOS;Convers�o proibida;Colis�o frontal;Com V�timas Feridas;Plena Noite;Crescente;C�u Claro;Simples;Reta;Sim;3;0;1;0;1;1;1;3;-27,31320536;-50,55510938;SPRF-SC;DEL05-SC;UOP03-DEL05-SC;;;
690633;11/05/2025;domingo;18:20:00;RS;470;224;BENTO GONCALVES;Acessar a via sem observar a presen�a dos outros ve�culos;Colis�o traseira;Sem V�timas;Anoitecer;Crescente;C�u Claro;Simples;"Reta;Interse��o de Vias";N�o;4;0;0;0;4;0;0;3;-29,1768471;-51,5209654;SPRF-RS;DEL06-RS;UOP01-DEL06-RS;;;
690638;11/05/2025;domingo;19:30:00;BA;101;156;CONCEICAO DO JACUIPE;Acessar a via sem observar a presen�a dos outros ve�culos;Colis�o lateral sentido oposto;Com V�timas Feridas;Plena Noite;Decrescente;Chuva;Dupla;Aclive;N�o;2;0;0;1;1;0;1;2;-12,339411;-38,773953;SPRF-BA;DEL01-BA;UOP03-DEL01-BA;;;
690640;11/05/2025;domingo;19:30:00;MG;262;614;IBIA;Demais falhas mec�nicas ou el�tricas;Inc�ndio;Sem V�timas;Plena Noite;Decrescente;C�u Claro;Simples;Reta;N�o;2;0;0;0;1;1;0;2;-19,5881183;-46,3349183;SPRF-MG;DEL08-MG;UOP02-DEL08-MG;;;
690641;11/05/2025;domingo;18:35:00;SE;101;205;CRISTINAPOLIS;Aus�ncia de rea��o do condutor;Colis�o traseira;Sem V�timas;Anoitecer;Decrescente;Garoa/Chuvisco;Simples;Reta;N�o;3;0;0;0;1;2;0;2;-11,50963107;-37,78747559;SPRF-SE;DEL02-SE;UOP03-DEL02-SE;;;
690658;11/05/2025;domingo;20:00:00;PA;230;113;MARABA;Ingest�o de �lcool pelo condutor;Colis�o lateral sentido oposto;Sem V�timas;Plena Noite;Crescente;C�u Claro;Simples;Reta;Sim;4;0;0;0;3;1;0;4;-5,3633914;-49,0715503;SPRF-PA;DEL03-PA;UOP01-DEL03-PA;;;
690667;11/05/2025;domingo;18:00:00;MT;364;174;PEDRA PRETA;Ultrapassagem Indevida;Colis�o lateral sentido oposto;Sem V�timas;Plena Noite;Crescente;C�u Claro;Simples;Reta;N�o;4;0;0;0;3;1;0;4;-16,63340372;-54,43829186;SPRF-MT;DEL02-MT;UOP01-DEL02-MT;;;
690670;11/05/2025;domingo;18:50:00;TO;153;553;OLIVEIRA DE FATIMA;Ultrapassagem Indevida;Colis�o frontal;Com V�timas Feridas;Anoitecer;Crescente;C�u Claro;Simples;Reta;N�o;3;0;1;0;1;1;1;3;-10,682772;-48,907182;SPRF-TO;DEL01-TO;UOP01-DEL01-TO;;;
690672;11/05/2025;domingo;21:36:00;MG;251;473,8;FRANCISCO SA;Rea��o tardia ou ineficiente do condutor;Sa�da de leito carro��vel;Com V�timas Feridas;Plena Noite;Crescente;C�u Claro;Simples;"Curva;Declive";N�o;1;0;0;1;0;0;1;1;-16,478415;-43,419568;SPRF-MG;DEL12-MG;UOP01-DEL12-MG;;;
690678;11/05/2025;domingo;20:37:00;GO;414;389,3;CORUMBA DE GOIAS;Condutor Dormindo;Colis�o frontal;Com V�timas Fatais;Pleno dia;Crescente;C�u Claro;Simples;"Curva;Declive";N�o;3;1;0;0;1;3;0;5;-15,889914;-48,796832;SPRF-GO;DEL02-GO;UOP01-DEL02-GO;;;
690685;11/05/2025;domingo;19:55:00;RS;290;479,2;ROSARIO DO SUL;Transitar na contram�o;Colis�o frontal;Com V�timas Fatais;Plena Noite;Crescente;C�u Claro;Simples;"Reta;Ponte";N�o;4;1;0;0;1;2;0;4;-30,242213;-54,911665;SPRF-RS;DEL11-RS;UOP02-DEL11-RS;;;
690695;11/05/2025;domingo;20:15:00;BA;101;107;ALAGOINHAS;Ingest�o de �lcool pelo condutor;Colis�o transversal;Sem V�timas;Plena Noite;Crescente;Nublado;Simples;"Reta;Interse��o de Vias";Sim;3;0;0;0;3;0;0;2;-12,13963918;-38,3921263;SPRF-BA;DEL01-BA;UOP04-DEL01-BA;;;
690699;11/05/2025;domingo;19:54:00;MT;70;98;GENERAL CARNEIRO;Aus�ncia de rea��o do condutor;Tombamento;Com V�timas Feridas;Plena Noite;Decrescente;Nublado;Simples;Curva;N�o;4;0;3;0;0;3;3;4;-15,60070202;-53,20662618;SPRF-MT;DEL07-MT;UOP01-DEL07-MT;;;
690704;11/05/2025;domingo;18:30:00;MT;174;333,5;CONQUISTA DOESTE;Ultrapassagem Indevida;Colis�o lateral mesmo sentido;Sem V�timas;Anoitecer;Decrescente;C�u Claro;Simples;"Reta;Ponte";N�o;5;0;0;0;4;1;0;3;-14,86152647;-59,29908587;SPRF-MT;DEL04-MT;UOP01-DEL04-MT;;;
690718;12/05/2025;segunda-feira;03:35:00;PR;369;502,6;CASCAVEL;Aus�ncia de rea��o do condutor;Colis�o frontal;Com V�timas Fatais;Plena Noite;Decrescente;C�u Claro;Simples;Curva;Sim;3;1;0;0;1;1;0;3;-24,91888492;-53,38920361;SPRF-PR;DEL04-PR;UOP01-DEL04-PR;;;
690728;12/05/2025;segunda-feira;06:20:00;RS;386;350;ESTRELA;Trafegar com motocicleta (ou similar) entre as faixas;Colis�o traseira;Com V�timas Feridas;Pleno dia;Crescente;C�u Claro;Dupla;"Em Obras;Reta";N�o;5;0;1;0;3;1;1;4;-29,47263069;-51,95319772;SPRF-RS;DEL04-RS;UOP01-DEL04-RS;;;
690736;12/05/2025;segunda-feira;05:30:00;MS;60;370,6;CAMPO GRANDE;Manobra de mudan�a de faixa;Colis�o lateral sentido oposto;Com V�timas Feridas;Pleno dia;Crescente;C�u Claro;Simples;Reta;N�o;4;0;2;0;1;1;2;3;-20,56783;-54,687908;SPRF-MS;DEL01-MS;UOP04-DEL01-MS;;;
690737;12/05/2025;segunda-feira;05:39:00;MT;163;580;NOVA MUTUM;Neblina;Colis�o traseira;Com V�timas Feridas;Amanhecer;Decrescente;Nevoeiro/Neblina;Dupla;Reta;N�o;3;0;1;0;1;1;1;3;-14,03378109;-56,09820032;SPRF-MT;DEL01-MT;UOP01-DEL01-MT;;;
690738;12/05/2025;segunda-feira;06:45:00;PI;343;335;TERESINA;Aus�ncia de rea��o do condutor;Colis�o lateral mesmo sentido;Sem V�timas;Pleno dia;Crescente;C�u Claro;Dupla;Reta;Sim;2;0;0;0;2;0;0;2;-5,061902;-42,697803;SPRF-PI;DEL01-PI;UOP01-DEL01-PI;;;
690743;12/05/2025;segunda-feira;08:00:00;SP;116;196;ARUJA;Rea��o tardia ou ineficiente do condutor;Colis�o lateral mesmo sentido;Com V�timas Feridas;Pleno dia;Crescente;Nublado;Dupla;Reta;N�o;2;0;1;0;1;0;1;2;-23,39377407;-46,28722128;SPRF-SP;DEL01-SP;UOP01-DEL01-SP;;;
690746;12/05/2025;segunda-feira;05:04:00;AM;230;687;HUMAITA;Condutor Dormindo;Sa�da de leito carro��vel;Com V�timas Feridas;Amanhecer;Decrescente;C�u Claro;Simples;Reta;N�o;1;0;1;0;0;0;1;1;-7,6299;-63,0803;SPRF-AM;DEL02-AM;UOP01-DEL02-AM;;;
690753;12/05/2025;segunda-feira;08:26:00;MG;381;526,9;BRUMADINHO;Velocidade Incompat�vel;Tombamento;Com V�timas Feridas;Pleno dia;Crescente;C�u Claro;Dupla;Curva;N�o;2;0;0;1;0;1;1;2;-20,15814965;-44,32922713;SPRF-MG;DEL04-MG;UOP03-DEL04-MG;;;
690756;12/05/2025;segunda-feira;07:20:00;PR;476;218,1;LAPA;Velocidade Incompat�vel;Tombamento;Com V�timas Feridas;Amanhecer;Crescente;Nublado;Simples;"Curva;Aclive";N�o;2;0;1;0;0;1;1;2;-25,811733;-49,909466;SPRF-PR;DEL01-PR;UOP06-DEL01-PR;;;
690758;12/05/2025;segunda-feira;08:20:00;RS;116;299;GUAIBA;Manobra de mudan�a de faixa;Colis�o lateral mesmo sentido;Com V�timas Feridas;Pleno dia;Decrescente;C�u Claro;Dupla;Reta;N�o;3;0;0;1;2;0;1;2;-30,11658492;-51,34602821;SPRF-RS;DEL02-RS;UOP01-DEL02-RS;;;
690759;12/05/2025;segunda-feira;07:20:00;RJ;393;269;BARRA DO PIRAI;Condutor Dormindo;Colis�o frontal;Com V�timas Feridas;Pleno dia;Decrescente;Nublado;Simples;Reta;N�o;3;0;0;1;1;1;1;3;-22,478936;-43,951574;SPRF-RJ;DEL05-RJ;UOP04-DEL05-RJ;;;
690770;12/05/2025;segunda-feira;08:00:00;MG;40;785,7;JUIZ DE FORA;Condutor Dormindo;Sa�da de leito carro��vel;Com V�timas Feridas;Pleno dia;Decrescente;Nublado;Dupla;Reta;N�o;1;0;1;0;0;0;1;1;-21,751;-43,443;SPRF-MG;DEL05-MG;UOP01-DEL05-MG;;;
690774;12/05/2025;segunda-feira;09:40:00;RS;116;249;SAO LEOPOLDO;Velocidade Incompat�vel;Colis�o transversal;Com V�timas Feridas;Pleno dia;Crescente;C�u Claro;Dupla;Reta;Sim;3;0;1;0;1;1;1;3;-29,78282731;-51,16098471;SPRF-RS;DEL01-RS;UOP02-DEL01-RS;;;
690775;04/04/2025;sexta-feira;23:05:00;MT;70;496;CUIABA;Acessar a via sem observar a presen�a dos outros ve�culos;Colis�o transversal;Com V�timas Feridas;Plena Noite;Crescente;C�u Claro;Simples;Reta;Sim;3;0;0;1;1;1;1;3;-15,6535662;-56,001796;SPRF-MT;DEL01-MT;UOP02-DEL01-MT;;;
690784;12/05/2025;segunda-feira;09:16:00;BA;101;114;ALAGOINHAS;Chuva;Tombamento;Com V�timas Feridas;Pleno dia;Crescente;Chuva;Simples;Declive;N�o;3;0;1;0;0;2;1;3;-12,1688969;-38,45352173;SPRF-BA;DEL01-BA;UOP04-DEL01-BA;;;
690785;12/05/2025;segunda-feira;08:00:00;RS;386;435,5;NOVA SANTA RITA;Demais falhas mec�nicas ou el�tricas;Inc�ndio;Sem V�timas;Pleno dia;Decrescente;C�u Claro;Simples;Retorno Regulamentado;Sim;1;0;0;0;1;0;0;1;-29,8476866;-51,2710619;SPRF-RS;DEL04-RS;UOP02-DEL04-RS;;;
690788;12/05/2025;segunda-feira;09:30:00;SC;101;210;SAO JOSE;Rea��o tardia ou ineficiente do condutor;Tombamento;Com V�timas Fatais;Pleno dia;Decrescente;Chuva;M�ltipla;"Declive;Interse��o de Vias;Reta";Sim;4;1;0;0;2;1;0;3;-27,616812;-48,645418;SPRF-SC;DEL01-SC;UOP01-DEL01-SC;;;
690790;12/05/2025;segunda-feira;07:10:00;BA;116;852;VITORIA DA CONQUISTA;Condutor Dormindo;Sa�da de leito carro��vel;Com V�timas Feridas;Pleno dia;Decrescente;C�u Claro;Simples;Reta;N�o;3;0;1;0;1;1;1;2;-15,06250947;-40,9910202;SPRF-BA;DEL08-BA;UOP01-DEL08-BA;;;
690802;12/05/2025;segunda-feira;11:40:00;SP;116;200;ARUJA;Demais falhas mec�nicas ou el�tricas;Inc�ndio;Sem V�timas;Pleno dia;Crescente;C�u Claro;M�ltipla;Reta;Sim;2;0;0;0;2;0;0;1;-23,40596391;-46,33517575;SPRF-SP;DEL01-SP;UOP01-DEL01-SP;;;
690808;12/05/2025;segunda-feira;11:50:00;PE;101;189,3;PALMARES;Carga excessiva e/ou mal acondicionada;Tombamento;Com V�timas Feridas;Pleno dia;Decrescente;C�u Claro;Dupla;Curva;Sim;2;0;1;0;0;1;1;2;-8,690805;-35,60734;SPRF-PE;DEL01-PE;UOP03-DEL01-PE;;;
690809;12/05/2025;segunda-feira;12:30:00;SP;116;87;PINDAMONHANGABA;Rea��o tardia ou ineficiente do condutor;Engavetamento;Sem V�timas;Pleno dia;Crescente;Nublado;Dupla;Reta;N�o;5;0;0;0;4;1;0;5;-22,930417;-45,361835;SPRF-SP;DEL08-SP;UOP01-DEL08-SP;;;
690811;12/05/2025;segunda-feira;11:55:00;RS;470;205;BENTO GONCALVES;Aus�ncia de rea��o do condutor;Colis�o frontal;Com V�timas Feridas;Pleno dia;Decrescente;C�u Claro;Simples;Reta;N�o;2;0;2;0;0;0;2;2;-29,08785238;-51,55797883;SPRF-RS;DEL06-RS;UOP01-DEL06-RS;;;
690814;12/05/2025;segunda-feira;12:40:00;SC;470;5,6;NAVEGANTES;Aus�ncia de rea��o do condutor;Tombamento;Com V�timas Fatais;Pleno dia;Decrescente;Nublado;Dupla;"Reta;Em Obras";Sim;3;1;0;0;1;1;0;3;-26,85447491;-48,7049675;SPRF-SC;DEL04-SC;UOP04-DEL04-SC;;;
690819;12/05/2025;segunda-feira;10:15:00;GO;60;379;RIO VERDE;Rea��o tardia ou ineficiente do condutor;Colis�o traseira;Com V�timas Feridas;Pleno dia;Decrescente;C�u Claro;Dupla;Declive;Sim;5;0;1;0;3;2;1;4;-17,8000359;-50,9406565;SPRF-GO;DEL04-GO;UOP02-DEL04-GO;;;
690823;29/03/2025;s�bado;14:30:00;ES;101;40,7;CONCEICAO DA BARRA;Manobra de mudan�a de faixa;Colis�o lateral mesmo sentido;Com V�timas Feridas;Pleno dia;Crescente;C�u Claro;Simples;Reta;N�o;3;0;0;1;2;0;1;2;-18,504827;-39,916922;SPRF-ES;DEL04-ES;UOP02-DEL04-ES;;;
690827;12/05/2025;segunda-feira;13:29:00;MG;153;109;PRATA;Acessar a via sem observar a presen�a dos outros ve�culos;Colis�o transversal;Com V�timas Feridas;Pleno dia;Decrescente;C�u Claro;Simples;Rotat�ria;N�o;3;0;1;0;1;1;1;3;-19,32899769;-48,9056596;SPRF-MG;DEL15-MG;UOP03-DEL15-MG;;;
690831;12/05/2025;segunda-feira;08:40:00;BA;116;747,9;POCOES;Rea��o tardia ou ineficiente do condutor;Colis�o com objeto;Sem V�timas;Pleno dia;Crescente;Nublado;Simples;Reta;N�o;3;0;0;0;2;3;0;5;-14,46084;-40,344508;SPRF-BA;DEL08-BA;UOP02-DEL08-BA;;;
690832;12/05/2025;segunda-feira;14:00:00;ES;101;204,8;JOAO NEIVA;Desrespeitar a prefer�ncia no cruzamento;Colis�o transversal;Com V�timas Feridas;Pleno dia;Decrescente;Nublado;Simples;"Interse��o de Vias;Rotat�ria";Sim;2;0;0;1;1;0;1;2;-19,75566857;-40,37997991;SPRF-ES;DEL02-ES;UOP01-DEL02-ES;;;
690838;12/05/2025;segunda-feira;14:10:00;RN;101;104,2;NATAL;Acessar a via sem observar a presen�a dos outros ve�culos;Colis�o lateral mesmo sentido;Com V�timas Feridas;Pleno dia;Crescente;C�u Claro;Dupla;Curva;N�o;3;0;0;1;2;0;1;2;-5,8922401;-35,25872338;SPRF-RN;DEL01-RN;UOP01-DEL01-RN;;;
690840;12/05/2025;segunda-feira;14:40:00;PE;316;303;FLORESTA;Carga excessiva e/ou mal acondicionada;Tombamento;Com V�timas Feridas;Pleno dia;Decrescente;C�u Claro;Simples;Rotat�ria;Sim;1;0;1;0;0;0;1;1;-8,607998;-38,565942;SPRF-PE;DEL04-PE;UOP03-DEL04-PE;;;
690842;12/05/2025;segunda-feira;11:46:00;MT;163;533;DIAMANTINO;Condutor Dormindo;Sa�da de leito carro��vel;Sem V�timas;Pleno dia;Crescente;C�u Claro;Simples;Curva;N�o;2;0;0;0;1;3;0;4;-14,3562166;-56,15102005;SPRF-MT;DEL01-MT;UOP01-DEL01-MT;;;
690843;12/05/2025;segunda-feira;14:25:00;SP;116;148,6;SAO JOSE DOS CAMPOS;Condutor deixou de manter dist�ncia do ve�culo da frente;Colis�o traseira;Com V�timas Fatais;Pleno dia;Decrescente;C�u Claro;M�ltipla;Reta;Sim;2;1;0;0;1;0;0;2;-23,19605432;-45,87268202;SPRF-SP;DEL02-SP;UOP01-DEL02-SP;;;
690844;12/05/2025;segunda-feira;15:45:00;MT;158;606;AGUA BOA;Transitar na contram�o;Colis�o lateral sentido oposto;Com V�timas Feridas;Pleno dia;Crescente;C�u Claro;Simples;Reta;N�o;3;0;0;1;1;5;1;7;-14,37391032;-52,16911554;SPRF-MT;DEL07-MT;UOP02-DEL07-MT;;;
690845;12/05/2025;segunda-feira;15:45:00;MG;262;408,1;IGARATINGA;Condutor Dormindo;Atropelamento de Pedestre;Com V�timas Fatais;Pleno dia;Crescente;Nublado;Dupla;"Reta;Aclive";N�o;5;1;4;0;0;0;4;3;-19,89956056;-44,65905905;SPRF-MG;DEL08-MG;UOP03-DEL08-MG;;;
690847;12/05/2025;segunda-feira;16:00:00;MG;262;75,5;MATIPO;Ultrapassagem Indevida;Colis�o frontal;Com V�timas Fatais;Pleno dia;Decrescente;Nublado;Simples;"Reta;Aclive";N�o;9;3;3;3;0;0;6;3;-20,32595528;-42,34293938;SPRF-MG;DEL03-MG;UOP03-DEL03-MG;;;
690850;12/05/2025;segunda-feira;14:00:00;MG;251;517;MONTES CLAROS;Velocidade Incompat�vel;Sa�da de leito carro��vel;Com V�timas Fatais;Pleno dia;Crescente;C�u Claro;Simples;"Reta;Ponte;Declive";N�o;3;1;0;1;0;1;1;2;-16,6601231;-43,7485765;SPRF-MG;DEL12-MG;UOP01-DEL12-MG;;;
690851;12/05/2025;segunda-feira;13:00:00;MA;226;333;PRESIDENTE DUTRA;Transitar na contram�o;Colis�o traseira;Com V�timas Feridas;Pleno dia;Decrescente;C�u Claro;Simples;Reta;N�o;3;0;1;0;2;0;1;3;-5,276514;-44,49198371;SPRF-MA;DEL06-MA;UOP01-DEL06-MA;;;
690852;12/05/2025;segunda-feira;16:15:00;RJ;116;84,5;TERESOPOLIS;Velocidade Incompat�vel;Colis�o frontal;Com V�timas Fatais;Pleno dia;Crescente;Chuva;Simples;"Curva;Declive";N�o;2;1;0;0;1;0;0;2;-22,422385;-42,950681;SPRF-RJ;DEL04-RJ;UOP01-DEL04-RJ;;;
690855;12/05/2025;segunda-feira;14:45:00;SC;116;97;MONTE CASTELO;Condutor deixou de manter dist�ncia do ve�culo da frente;Colis�o traseira;Com V�timas Feridas;Pleno dia;Decrescente;C�u Claro;Simples;"Reta;Declive";N�o;6;0;1;1;2;2;2;5;-26,688396;-50,294381;SPRF-SC;DEL06-SC;UOP02-DEL06-SC;;;
690856;12/05/2025;segunda-feira;15:45:00;RO;364;697;PORTO VELHO;Aus�ncia de rea��o do condutor;Colis�o traseira;Com V�timas Feridas;Pleno dia;Decrescente;C�u Claro;Dupla;Reta;Sim;4;0;1;0;2;1;1;3;-8,8036291;-63,75034539;SPRF-RO;DEL01-RO;UOP01-DEL01-RO;;;
690857;12/05/2025;segunda-feira;17:00:00;MG;40;548;NOVA LIMA;Aus�ncia de rea��o do condutor;Colis�o traseira;Com V�timas Feridas;Pleno dia;Crescente;C�u Claro;Dupla;"Reta;Aclive";N�o;3;0;0;1;1;2;1;4;-20,034164;-43,968673;SPRF-MG;DEL01-MG;UOP02-DEL01-MG;;;
690859;12/05/2025;segunda-feira;14:00:00;PR;277;313,5;GUARAPUAVA;Transitar na contram�o;Colis�o frontal;Com V�timas Feridas;Pleno dia;Crescente;Nublado;Simples;Curva;N�o;24;0;0;2;21;2;2;7;-25,33759924;-51,21572679;SPRF-PR;DEL08-PR;UOP01-DEL08-PR;;;
690867;31/03/2025;segunda-feira;12:00:00;MT;70;180;GENERAL CARNEIRO;Acostamento em desn�vel;Tombamento;Com V�timas Feridas;Pleno dia;Crescente;C�u Claro;Simples;"Declive;Curva";N�o;1;0;1;0;0;0;1;1;-15,641847;-53,574986;SPRF-MT;DEL05-MT;UOP01-DEL05-MT;;;
690878;12/05/2025;segunda-feira;18:15:00;MG;40;639,8;CONSELHEIRO LAFAIETE;Acessar a via sem observar a presen�a dos outros ve�culos;Colis�o transversal;Com V�timas Feridas;Plena Noite;Decrescente;Nublado;Simples;Interse��o de Vias;N�o;3;0;1;0;2;0;1;2;-20,74281855;-43,8008523;SPRF-MG;DEL05-MG;UOP02-DEL05-MG;;;
690883;12/05/2025;segunda-feira;15:15:00;BA;116;611;JAGUAQUARA;Demais falhas mec�nicas ou el�tricas;Inc�ndio;Sem V�timas;Pleno dia;Crescente;C�u Claro;Simples;Reta;N�o;2;0;0;0;1;2;0;3;-13,328815;-40,01686;SPRF-BA;DEL03-BA;UOP02-DEL03-BA;;;
690884;12/05/2025;segunda-feira;19:00:00;ES;101;267,8;SERRA;Condutor desrespeitou a ilumina��o vermelha do sem�foro;Colis�o transversal;Com V�timas Feridas;Plena Noite;Crescente;Chuva;M�ltipla;Reta;N�o;2;0;1;0;1;0;1;2;-20,2071674;-40,2696285;SPRF-ES;DEL02-ES;UOP01-DEL02-ES;;;
690894;12/05/2025;segunda-feira;14:50:00;AL;423;51;INHAPI;Condutor deixou de manter dist�ncia do ve�culo da frente;Colis�o traseira;Com V�timas Feridas;Pleno dia;Decrescente;C�u Claro;Simples;Reta;N�o;2;0;0;1;0;1;1;2;-9,26749008;-37,7394104;SPRF-AL;DEL03-AL;UOP02-DEL03-AL;;;
690900;12/05/2025;segunda-feira;17:00:00;MT;364;207;RONDONOPOLIS;Acessar a via sem observar a presen�a dos outros ve�culos;Colis�o transversal;Com V�timas Feridas;Anoitecer;Decrescente;C�u Claro;Dupla;"Reta;Retorno Regulamentado";Sim;2;0;1;0;1;0;1;2;-16,450123;-54,681439;SPRF-MT;DEL02-MT;UOP01-DEL02-MT;;;
690902;12/05/2025;segunda-feira;19:10:00;SC;282;595,1;SAUDADES;Acessar a via sem observar a presen�a dos outros ve�culos;Colis�o transversal;Com V�timas Feridas;Plena Noite;Decrescente;Nublado;Simples;Reta;N�o;5;0;4;1;0;0;5;2;-26,8295985;-53,1215782;SPRF-SC;DEL07-SC;UOP02-DEL07-SC;;;
690908;12/05/2025;segunda-feira;19:30:00;MG;365;352;VARJAO DE MINAS;Demais falhas mec�nicas ou el�tricas;Inc�ndio;Sem V�timas;Plena Noite;Decrescente;C�u Claro;Simples;Reta;N�o;2;0;0;0;1;1;0;2;-18,44301;-46,07517;SPRF-MG;DEL10-MG;UOP01-DEL10-MG;;;
690911;12/05/2025;segunda-feira;20:40:00;SC;101;173,5;TIJUCAS;Objeto est�tico sobre o leito carro��vel;Tombamento;Com V�timas Feridas;Plena Noite;Decrescente;Nublado;Dupla;Reta;N�o;4;0;0;1;2;1;1;4;-27,31888481;-48,62887558;SPRF-SC;DEL01-SC;UOP01-DEL01-SC;;;
690913;12/05/2025;segunda-feira;19:30:00;RS;290;187,7;MINAS DO LEAO;Condutor deixou de manter dist�ncia do ve�culo da frente;Colis�o traseira;Com V�timas Feridas;Plena Noite;Decrescente;C�u Claro;Simples;Reta;N�o;8;0;1;0;6;2;1;5;-30,15310231;-52,09003195;SPRF-RS;DEL02-RS;UOP03-DEL02-RS;;;
690916;12/05/2025;segunda-feira;18:50:00;MT;70;517;VARZEA GRANDE;Pedestre cruzava a pista fora da faixa;Atropelamento de Pedestre;Com V�timas Feridas;Plena Noite;Decrescente;C�u Claro;Simples;Interse��o de Vias;Sim;2;0;0;1;1;0;1;2;-15,7016207;-56,15920186;SPRF-MT;DEL01-MT;UOP02-DEL01-MT;;;
690921;12/05/2025;segunda-feira;14:17:00;MG;251;333;FRUTA DE LEITE;Carga excessiva e/ou mal acondicionada;Colis�o lateral sentido oposto;Sem V�timas;Pleno dia;Decrescente;C�u Claro;Simples;"Declive;Curva";N�o;5;0;0;0;3;4;0;7;-16,26292355;-42,40707636;SPRF-MG;DEL12-MG;UOP02-DEL12-MG;;;
690922;12/05/2025;segunda-feira;23:00:00;SC;101;210;SAO JOSE;Chuva;Colis�o traseira;Com V�timas Feridas;Plena Noite;Decrescente;Chuva;M�ltipla;Reta;Sim;3;0;2;0;0;1;2;2;-27,614123;-48,642916;SPRF-SC;DEL01-SC;UOP01-DEL01-SC;;;