id;data_inversa;dia_semana;horario;uf;br;km;municipio;causa_acidente;tipo_acidente;classificacao_acidente;fase_dia;sentido_via;condicao_metereologica;tipo_pista;tracado_via;uso_solo;pessoas;mortos;feridos_leves;feridos_graves;ilesos;ignorados;feridos;veiculos;latitude;longitude;regional;delegacia;uop;;;
691527;15/05/2025;quinta-feira;22:45:00;PA;316;123;NOVA TIMBOTEUA;Aus�ncia de rea��o do condutor;Sa�da de leito carro��vel;Com V�timas Feridas;Plena Noite;Crescente;Chuva;Simples;"Reta;Declive";N�o;2;0;1;0;0;2;1;3;-1,310415;-47,40003;SPRF-PA;DEL01-PA;UOP02-DEL01-PA;;;
691528;15/05/2025;quinta-feira;19:00:00;MT;70;131;BARRA DO GARCAS;Estacionar ou parar em local proibido;Colis�o lateral sentido oposto;Com V�timas Feridas;Plena Noite;Decrescente;C�u Claro;Simples;Declive;N�o;6;0;0;1;2;3;1;5;-15,8793728;-52,3108352;SPRF-MT;DEL07-MT;UOP01-DEL07-MT;;;
691529;15/05/2025;quinta-feira;22:00:00;BA;324;521;FEIRA DE SANTANA;Rea��o tardia ou ineficiente do condutor;Colis�o traseira;Com V�timas Feridas;Plena Noite;Decrescente;C�u Claro;Dupla;Reta;Sim;5;0;2;1;1;1;3;3;-12,27880078;-38,9271717;SPRF-BA;DEL01-BA;UOP03-DEL01-BA;;;
691535;16/05/2025;sexta-feira;01:10:00;RS;287;248;SANTA MARIA;Aus�ncia de rea��o do condutor;Colis�o traseira;Sem V�timas;Plena Noite;Decrescente;C�u Claro;Dupla;Reta;Sim;3;0;0;0;1;2;0;3;-29,69644086;-53,84914398;SPRF-RS;DEL09-RS;UOP01-DEL09-RS;;;
691539;16/05/2025;sexta-feira;02:40:00;PR;116;32;CAMPINA GRANDE DO SUL;Rea��o tardia ou ineficiente do condutor;Tombamento;Com V�timas Feridas;Plena Noite;Decrescente;Nublado;Dupla;"Curva;Aclive";N�o;3;0;1;0;0;2;1;3;-25,10497579;-48,83973903;SPRF-PR;DEL01-PR;UOP02-DEL01-PR;;;
691540;16/05/2025;sexta-feira;01:30:00;RJ;393;252,9;BARRA DO PIRAI;Ingest�o de �lcool pelo condutor;Colis�o lateral sentido oposto;Com V�timas Feridas;Plena Noite;Decrescente;C�u Claro;Simples;"Declive;Reta";N�o;2;0;1;0;1;0;1;2;-22,452758;-43,817248;SPRF-RJ;DEL05-RJ;UOP04-DEL05-RJ;;;
691541;16/05/2025;sexta-feira;04:20:00;SP;116;364;MIRACATU;Condutor Dormindo;Colis�o com objeto;Sem V�timas;Plena Noite;Decrescente;Ignorado;Dupla;Curva;Sim;2;0;0;0;1;1;0;2;-24,17340329;-47,33706665;SPRF-SP;DEL04-SP;UOP02-DEL04-SP;;;
691553;16/05/2025;sexta-feira;03:00:00;MG;251;268;SALINAS;Condutor Dormindo;Colis�o transversal;Com V�timas Feridas;Plena Noite;Crescente;Nevoeiro/Neblina;Simples;Reta;N�o;3;0;1;0;1;1;1;3;-15,99771784;-41,98373795;SPRF-MG;DEL12-MG;UOP02-DEL12-MG;;;
691560;16/05/2025;sexta-feira;04:30:00;MT;70;291;PRIMAVERA DO LESTE;Condutor Dormindo;Sa�da de leito carro��vel;Sem V�timas;Plena Noite;Crescente;C�u Claro;Simples;Reta;N�o;1;0;0;0;1;0;0;1;-15,577717;-54,38378;SPRF-MT;DEL05-MT;UOP01-DEL05-MT;;;
691563;16/05/2025;sexta-feira;04:15:00;MT;70;702;CACERES;Defici�ncia do Sistema de Ilumina��o/Sinaliza��o;Colis�o traseira;Com V�timas Feridas;Amanhecer;Crescente;C�u Claro;Simples;Reta;N�o;3;0;1;0;1;1;1;3;-16,244878;-57,506973;SPRF-MT;DEL03-MT;UOP01-DEL03-MT;;;
691570;16/05/2025;sexta-feira;03:25:00;SC;280;262,8;CANOINHAS;Rea��o tardia ou ineficiente do condutor;Colis�o transversal;Com V�timas Fatais;Plena Noite;Decrescente;Nublado;Simples;"Reta;Interse��o de Vias;Declive";N�o;7;5;0;0;1;2;0;4;-26,262625;-50,666805;SPRF-SC;DEL06-SC;UOP04-DEL06-SC;;;
691577;16/05/2025;sexta-feira;06:35:00;BA;116;16;ABARE;Aus�ncia de rea��o do condutor;Sa�da de leito carro��vel;Com V�timas Feridas;Amanhecer;Crescente;C�u Claro;Simples;Reta;N�o;2;0;0;1;0;3;1;4;-8,762794;-39,260778;SPRF-PE;DEL05-PE;UOP03-DEL05-PE;;;
691582;16/05/2025;sexta-feira;08:00:00;CE;222;304;TIANGUA;Velocidade Incompat�vel;Tombamento;Com V�timas Feridas;Pleno dia;Decrescente;C�u Claro;Simples;"Curva;Declive";N�o;2;0;1;0;0;1;1;2;-3,666731;-40,95647603;SPRF-CE;DEL04-CE;UOP02-DEL04-CE;;;
691585;16/05/2025;sexta-feira;09:45:00;MG;40;751,5;SANTOS DUMONT;Velocidade Incompat�vel;Sa�da de leito carro��vel;Com V�timas Feridas;Pleno dia;Crescente;Nublado;Simples;"Curva;Aclive";N�o;2;0;1;0;1;0;1;1;-21,50656619;-43,53041768;SPRF-MG;DEL05-MG;UOP01-DEL05-MG;;;
691586;16/05/2025;sexta-feira;05:40:00;RO;364;490;ARIQUEMES;Manobra de mudan�a de faixa;Colis�o lateral sentido oposto;Com V�timas Feridas;Amanhecer;Decrescente;Nevoeiro/Neblina;Simples;Reta;N�o;6;0;3;1;1;2;4;4;-10,100595;-62,952777;SPRF-RO;DEL03-RO;UOP01-DEL03-RO;;;
691588;16/05/2025;sexta-feira;09:25:00;RO;364;240,6;CACOAL;Condutor deixou de manter dist�ncia do ve�culo da frente;Colis�o traseira;Com V�timas Feridas;Pleno dia;Crescente;Sol;Simples;"Reta;Interse��o de Vias";Sim;2;0;0;1;1;0;1;2;-11,43870083;-61,47560835;SPRF-RO;DEL02-RO;UOP02-DEL02-RO;;;
691590;20/03/2025;quinta-feira;09:55:00;MG;381;525;BRUMADINHO;Demais falhas mec�nicas ou el�tricas;Colis�o com objeto;Com V�timas Feridas;Pleno dia;Crescente;C�u Claro;Dupla;Reta;N�o;1;0;1;0;0;0;1;1;-20,15033386;-44,32497717;SPRF-MG;DEL04-MG;UOP03-DEL04-MG;;;
691591;14/05/2025;quarta-feira;20:30:00;BA;242;354;LENCOIS;Manobra de mudan�a de faixa;Tombamento;Com V�timas Feridas;Plena Noite;Decrescente;Garoa/Chuvisco;Simples;Reta;N�o;4;0;1;0;2;2;1;4;-12,49565763;-41,31180936;SPRF-BA;DEL06-BA;UOP02-DEL06-BA;;;
691599;30/03/2025;domingo;21:18:00;MG;40;614,2;CONGONHAS;Convers�o proibida;Colis�o transversal;Com V�timas Feridas;Plena Noite;Crescente;C�u Claro;Simples;Curva;N�o;3;0;1;1;1;0;2;2;-20,4970189;-43,8165408;SPRF-MG;DEL05-MG;UOP02-DEL05-MG;;;
691600;16/05/2025;sexta-feira;09:20:00;PR;376;490;PONTA GROSSA;Mal s�bito do condutor;Colis�o traseira;Com V�timas Feridas;Pleno dia;Crescente;C�u Claro;Dupla;"Declive;Curva";Sim;3;0;1;0;1;3;1;5;-25,100792;-50,19753;SPRF-PR;DEL03-PR;UOP04-DEL03-PR;;;
691603;16/05/2025;sexta-feira;08:15:00;RJ;40;122;DUQUE DE CAXIAS;Demais falhas mec�nicas ou el�tricas;Colis�o traseira;Com V�timas Feridas;Pleno dia;Crescente;Sol;M�ltipla;Reta;Sim;4;0;2;0;2;0;2;2;-22,79950509;-43,29036769;SPRF-RJ;DEL01-RJ;UOP02-DEL01-RJ;;;
691605;14/04/2025;segunda-feira;05:40:00;MG;116;74,2;MEDINA;Demais falhas mec�nicas ou el�tricas;Inc�ndio;Sem V�timas;Pleno dia;Decrescente;C�u Claro;Simples;Curva;N�o;2;0;0;0;1;1;0;2;-16,237964;-41,474457;SPRF-MG;DEL11-MG;UOP02-DEL11-MG;;;
691608;16/05/2025;sexta-feira;12:00:00;MG;40;459,4;CAETANOPOLIS;Condutor Dormindo;Colis�o com objeto;Com V�timas Feridas;Pleno dia;Crescente;C�u Claro;Dupla;"Curva;Declive";N�o;1;0;1;0;0;0;1;1;-19,392589;-44,336219;SPRF-MG;DEL02-MG;UOP01-DEL02-MG;;;
691616;16/05/2025;sexta-feira;12:00:00;MT;364;346;SANTO ANTONIO DO LEVERGER;Condutor deixou de manter dist�ncia do ve�culo da frente;Colis�o traseira;Com V�timas Feridas;Pleno dia;Decrescente;C�u Claro;Dupla;"Reta;Aclive";N�o;3;0;1;0;1;1;1;3;-15,80290753;-55,56391239;SPRF-MT;DEL05-MT;UOP02-DEL05-MT;;;
691620;16/05/2025;sexta-feira;11:30:00;DF;70;10;BRASILIA;Rea��o tardia ou ineficiente do condutor;Colis�o transversal;Sem V�timas;Pleno dia;Decrescente;C�u Claro;Dupla;"Reta;Retorno Regulamentado";Sim;2;0;0;0;2;0;0;2;-15,78777;-48,14049;SPRF-DF;DEL03-DF;UOP02-DEL03-DF;;;
691625;16/05/2025;sexta-feira;13:15:00;BA;324;593;CANDEIAS;Rea��o tardia ou ineficiente do condutor;Colis�o lateral mesmo sentido;Sem V�timas;Pleno dia;Crescente;Chuva;Dupla;Curva;Sim;3;0;0;0;2;1;0;3;-12,71373497;-38,45385432;SPRF-BA;DEL01-BA;UOP01-DEL01-BA;;;
691628;16/05/2025;sexta-feira;14:08:00;RN;304;32;MOSSORO;Convers�o proibida;Colis�o transversal;Com V�timas Feridas;Pleno dia;Decrescente;C�u Claro;Dupla;Reta;Sim;3;0;1;0;1;1;1;3;-5,136779;-37,345247;SPRF-RN;DEL04-RN;UOP02-DEL04-RN;;;
691636;16/05/2025;sexta-feira;15:15:00;SP;153;37,5;ONDA VERDE;Desrespeitar a prefer�ncia no cruzamento;Colis�o transversal;Com V�timas Feridas;Pleno dia;Decrescente;C�u Claro;Simples;"Reta;Retorno Regulamentado;Interse��o de Vias";N�o;4;0;1;0;3;0;1;2;-20,602056;-49,32029;SPRF-SP;DEL09-SP;UOP01-DEL09-SP;;;
691643;16/05/2025;sexta-feira;15:40:00;SC;280;5,5;GUARAMIRIM;Acessar a via sem observar a presen�a dos outros ve�culos;Atropelamento de Pedestre;Com V�timas Feridas;Pleno dia;Crescente;C�u Claro;Simples;Reta;Sim;3;0;0;1;1;2;1;4;-26,476544;-48,98816;SPRF-SC;DEL03-SC;UOP03-DEL03-SC;;;
691649;16/05/2025;sexta-feira;15:30:00;SC;101;114,9;ITAJAI;Aus�ncia de rea��o do condutor;Tombamento;Com V�timas Feridas;Pleno dia;Crescente;Nublado;Dupla;Reta;Sim;2;0;1;0;0;1;1;2;-26,8731837;-48,72839884;SPRF-SC;DEL04-SC;UOP04-DEL04-SC;;;
691651;16/05/2025;sexta-feira;16:00:00;ES;101;282;CARIACICA;Manobra de mudan�a de faixa;Colis�o traseira;Com V�timas Feridas;Pleno dia;Decrescente;C�u Claro;Dupla;Curva;N�o;2;0;1;0;0;1;1;2;-20,22668406;-40,36399484;SPRF-ES;DEL01-ES;UOP01-DEL01-ES;;;
691656;16/05/2025;sexta-feira;06:30:00;MG;116;44,7;PEDRA AZUL;Ultrapassagem Indevida;Colis�o lateral mesmo sentido;Sem V�timas;Amanhecer;Decrescente;Ignorado;Simples;"Curva;Aclive";N�o;2;0;0;0;1;1;0;2;-16,019767;-41,420023;SPRF-MG;DEL11-MG;UOP02-DEL11-MG;;;
691657;16/05/2025;sexta-feira;16:45:00;SC;101;118,9;ITAJAI;Trafegar com motocicleta (ou similar) entre as faixas;Colis�o traseira;Com V�timas Feridas;Pleno dia;Crescente;Nublado;Dupla;Reta;N�o;3;0;1;0;2;0;1;3;-26,8973066;-48,71848851;SPRF-SC;DEL04-SC;UOP04-DEL04-SC;;;
691658;16/05/2025;sexta-feira;16:30:00;MG;262;364;JUATUBA;Velocidade Incompat�vel;Colis�o traseira;Com V�timas Feridas;Pleno dia;Crescente;C�u Claro;Dupla;"Reta;Aclive";N�o;4;0;1;1;2;0;2;2;-19,9725421;-44,30459976;SPRF-MG;DEL01-MG;UOP03-DEL01-MG;;;
691662;16/05/2025;sexta-feira;15:49:00;RN;101;109;PARNAMIRIM;Acumulo de �gua sobre o pavimento;Colis�o traseira;Com V�timas Feridas;Pleno dia;Decrescente;Chuva;M�ltipla;"Reta;Declive";Sim;4;0;1;0;2;2;1;5;-5,9361881;-35,2659306;SPRF-RN;DEL01-RN;UOP01-DEL01-RN;;;
691683;16/05/2025;sexta-feira;16:20:00;SC;470;2;NAVEGANTES;Ultrapassagem Indevida;Colis�o lateral mesmo sentido;Sem V�timas;Pleno dia;Crescente;Nublado;Dupla;"Em Obras;Interse��o de Vias";Sim;4;0;0;0;3;1;0;4;-26,86798949;-48,6748302;SPRF-SC;DEL04-SC;UOP04-DEL04-SC;;;
691700;16/05/2025;sexta-feira;18:12:00;PR;376;116,2;ALTO PARANA;Acessar a via sem observar a presen�a dos outros ve�culos;Colis�o traseira;Com V�timas Fatais;Anoitecer;Decrescente;C�u Claro;Dupla;"Reta;Interse��o de Vias";N�o;4;1;0;0;3;0;0;3;-23,10239161;-52,35586166;SPRF-PR;DEL09-PR;UOP02-DEL09-PR;;;
691702;16/05/2025;sexta-feira;18:00:00;RS;285;95,6;VACARIA;Velocidade Incompat�vel;Tombamento;Sem V�timas;Anoitecer;Crescente;C�u Claro;Simples;Curva;N�o;2;0;0;0;1;1;0;2;-28,598172;-50,738926;SPRF-RS;DEL05-RS;UOP03-DEL05-RS;;;
691704;16/05/2025;sexta-feira;16:10:00;GO;153;673,1;PANAMA;Rea��o tardia ou ineficiente do condutor;Colis�o traseira;Com V�timas Feridas;Pleno dia;Decrescente;C�u Claro;Dupla;"Reta;Declive";N�o;3;0;1;0;1;1;1;3;-18,16074747;-49,28774625;SPRF-GO;DEL03-GO;UOP02-DEL03-GO;;;
691708;16/05/2025;sexta-feira;18:30:00;PR;163;252;TOLEDO;Velocidade Incompat�vel;Colis�o transversal;Com V�timas Feridas;Plena Noite;Decrescente;C�u Claro;Simples;"Reta;Interse��o de Vias";N�o;2;0;1;0;1;0;1;2;-24,67318711;-53,8002634;SPRF-PR;DEL06-PR;UOP02-DEL06-PR;;;
691709;16/05/2025;sexta-feira;17:40:00;BA;101;228;SAPEACU;Transitar na contram�o;Colis�o frontal;Com V�timas Fatais;Anoitecer;Decrescente;Nublado;Simples;Reta;N�o;3;1;0;1;0;1;1;3;-12,7143176;-39,1788734;SPRF-BA;DEL01-BA;UOP02-DEL01-BA;;;
691712;16/05/2025;sexta-feira;17:58:00;RO;364;425;JARU;Demais falhas na via;Colis�o lateral mesmo sentido;Com V�timas Feridas;Anoitecer;Decrescente;C�u Claro;Simples;Interse��o de Vias;Sim;2;0;1;0;1;0;1;2;-10,43596683;-62,47442007;SPRF-RO;DEL03-RO;UOP02-DEL03-RO;;;
691725;16/05/2025;sexta-feira;19:00:00;PR;277;607,3;SANTA TEREZA DO OESTE;Ingest�o de �lcool pelo condutor;Colis�o lateral sentido oposto;Com V�timas Fatais;Plena Noite;Crescente;C�u Claro;Simples;Reta;N�o;10;1;1;4;3;1;5;4;-25,04056711;-53,60049617;SPRF-PR;DEL05-PR;UOP02-DEL05-PR;;;
691730;16/05/2025;sexta-feira;21:50:00;RS;290;471;ROSARIO DO SUL;Rea��o tardia ou ineficiente do condutor;Sa�da de leito carro��vel;Com V�timas Feridas;Plena Noite;Decrescente;C�u Claro;Simples;Reta;N�o;1;0;1;0;0;0;1;1;-30,24644924;-54,81692255;SPRF-RS;DEL11-RS;UOP02-DEL11-RS;;;
691748;17/05/2025;s�bado;01:55:00;TO;153;152;ARAGUAINA;Rea��o tardia ou ineficiente do condutor;Colis�o lateral sentido oposto;Sem V�timas;Plena Noite;Decrescente;C�u Claro;Simples;Reta;Sim;2;0;0;0;1;1;0;2;-7,266468;-48,263438;SPRF-TO;DEL02-TO;UOP01-DEL02-TO;;;
691754;17/05/2025;s�bado;01:45:00;MG;116;770;LEOPOLDINA;Demais falhas mec�nicas ou el�tricas;Tombamento;Sem V�timas;Plena Noite;Decrescente;C�u Claro;Simples;Curva;N�o;2;0;0;0;1;1;0;2;-21,55201142;-42,67742157;SPRF-MG;DEL07-MG;UOP01-DEL07-MG;;;
691756;17/05/2025;s�bado;02:20:00;BA;324;529,2;FEIRA DE SANTANA;Condutor Dormindo;Colis�o traseira;Com V�timas Fatais;Plena Noite;Decrescente;Chuva;Dupla;Reta;Sim;3;1;1;0;1;0;1;2;-12,331991;-38,85633;SPRF-BA;DEL01-BA;UOP03-DEL01-BA;;;
691757;17/05/2025;s�bado;03:10:00;PR;277;436,9;VIRMOND;Transitar na contram�o;Colis�o transversal;Com V�timas Feridas;Plena Noite;Decrescente;C�u Claro;Simples;Curva;N�o;4;0;0;2;1;2;2;4;-25,375208;-52,258679;SPRF-PR;DEL04-PR;UOP02-DEL04-PR;;;
691762;17/05/2025;s�bado;01:45:00;CE;116;107,5;MORADA NOVA;Rea��o tardia ou ineficiente do condutor;Colis�o frontal;Com V�timas Fatais;Plena Noite;Decrescente;C�u Claro;Simples;Reta;N�o;3;1;0;0;1;1;0;3;-4,57266042;-38,23722839;SPRF-CE;DEL01-CE;UOP04-DEL01-CE;;;
691767;17/05/2025;s�bado;04:50:00;PR;277;0;PARANAGUA;Ingest�o de �lcool pelo condutor;Colis�o lateral sentido oposto;Sem V�timas;Amanhecer;Decrescente;Nublado;Simples;Reta;Sim;4;0;0;0;3;1;0;3;-25,52508586;-48,54747581;SPRF-PR;DEL01-PR;UOP05-DEL01-PR;;;
691771;17/05/2025;s�bado;05:30:00;SP;116;208;GUARULHOS;Rea��o tardia ou ineficiente do condutor;Colis�o traseira;Com V�timas Feridas;Pleno dia;Decrescente;Nublado;M�ltipla;Reta;Sim;3;0;1;0;1;1;1;3;-23,42214875;-46,38971901;SPRF-SP;DEL01-SP;UOP01-DEL01-SP;;;
691775;17/05/2025;s�bado;06:00:00;MT;163;809;SINOP;Ultrapassagem Indevida;Colis�o frontal;Com V�timas Feridas;Amanhecer;Decrescente;C�u Claro;Simples;Reta;N�o;3;0;0;1;1;3;1;5;-12,09289;-55,51765;SPRF-MT;DEL06-MT;UOP02-DEL06-MT;;;
691780;17/05/2025;s�bado;04:50:00;RJ;116;228;PARACAMBI;Velocidade Incompat�vel;Colis�o lateral mesmo sentido;Com V�timas Feridas;Plena Noite;Decrescente;C�u Claro;Dupla;"Curva;Declive";N�o;3;0;1;0;1;1;1;3;-22,68783498;-43,80867004;SPRF-RJ;DEL07-RJ;UOP01-DEL07-RJ;;;
691782;17/05/2025;s�bado;03:30:00;SC;470;115;IBIRAMA;Convers�o proibida;Colis�o lateral mesmo sentido;Com V�timas Feridas;Plena Noite;Decrescente;C�u Claro;Simples;Reta;N�o;4;0;1;0;2;2;1;4;-27,09998175;-49,52769455;SPRF-SC;DEL04-SC;UOP02-DEL04-SC;;;
691798;17/05/2025;s�bado;08:00:00;SP;116;146,9;SAO JOSE DOS CAMPOS;Condutor deixou de manter dist�ncia do ve�culo da frente;Sa�da de leito carro��vel;Sem V�timas;Pleno dia;Decrescente;Nevoeiro/Neblina;Dupla;"Reta;Declive";Sim;2;0;0;0;1;1;0;2;-23,1937217;-45,8696716;SPRF-SP;DEL02-SP;UOP01-DEL02-SP;;;
691804;15/03/2025;s�bado;12:30:00;ES;101;67;SAO MATEUS;Condutor desrespeitou a ilumina��o vermelha do sem�foro;Colis�o transversal;Com V�timas Feridas;Pleno dia;Crescente;Sol;Simples;Rotat�ria;Sim;4;0;0;2;1;2;2;4;-18,72802869;-39,85997558;SPRF-ES;DEL04-ES;UOP02-DEL04-ES;;;
691807;17/05/2025;s�bado;08:00:00;BA;110;58;JEREMOABO;Velocidade Incompat�vel;Colis�o frontal;Com V�timas Feridas;Pleno dia;Crescente;Chuva;Simples;"Reta;Aclive";N�o;6;0;4;1;1;0;5;2;-9,89512793;-38,26881409;SPRF-BA;DEL07-BA;UOP01-DEL07-BA;;;
691812;17/05/2025;s�bado;09:45:00;PR;376;312;ORTIGUEIRA;Rea��o tardia ou ineficiente do condutor;Colis�o lateral mesmo sentido;Com V�timas Feridas;Pleno dia;Crescente;C�u Claro;Dupla;"Curva;Aclive";N�o;3;0;1;0;1;2;1;4;-23,977626;-51,09626;SPRF-PR;DEL07-PR;UOP02-DEL07-PR;;;
691821;17/05/2025;s�bado;10:25:00;CE;222;36;CAUCAIA;Aus�ncia de rea��o do condutor;Colis�o traseira;Sem V�timas;Pleno dia;Decrescente;C�u Claro;Simples;Aclive;N�o;2;0;0;0;1;1;0;2;-3,69720224;-38,87602597;SPRF-CE;DEL01-CE;UOP01-DEL01-CE;;;
691829;05/05/2025;segunda-feira;09:20:00;MT;174;458;COMODORO;Condutor deixou de manter dist�ncia do ve�culo da frente;Colis�o traseira;Sem V�timas;Pleno dia;Decrescente;C�u Claro;Simples;Reta;N�o;2;0;0;0;2;0;0;2;-13,69999656;-59,78037433;SPRF-MT;DEL04-MT;UOP02-DEL04-MT;;;
691830;17/05/2025;s�bado;09:00:00;MG;153;15,8;CENTRALINA;Demais falhas mec�nicas ou el�tricas;Inc�ndio;Sem V�timas;Pleno dia;Crescente;C�u Claro;Dupla;Reta;N�o;2;0;0;0;1;1;0;2;-18,5483665;-49,19412267;SPRF-MG;DEL15-MG;UOP03-DEL15-MG;;;
691832;17/05/2025;s�bado;12:20:00;BA;235;352,1;JUAZEIRO;Rea��o tardia ou ineficiente do condutor;Colis�o transversal;Com V�timas Feridas;Pleno dia;Crescente;Nublado;Simples;"Interse��o de Vias;Reta";Sim;2;0;1;0;1;0;1;2;-9,4370087;-40,4987732;SPRF-PE;DEL06-PE;UOP01-DEL06-PE;;;
691835;17/05/2025;s�bado;11:57:00;ES;101;368,9;ANCHIETA;Velocidade Incompat�vel;Tombamento;Com V�timas Feridas;Pleno dia;Decrescente;C�u Claro;Simples;"Aclive;Curva";N�o;2;0;1;0;0;1;1;2;-20,755729;-40,756496;SPRF-ES;DEL03-ES;UOP01-DEL03-ES;;;
691837;17/05/2025;s�bado;13:00:00;GO;40;11,4;LUZIANIA;�rea urbana sem a presen�a de local apropriado para a travessia de pedestres;Colis�o com objeto;Sem V�timas;Pleno dia;Decrescente;C�u Claro;Dupla;Curva;Sim;3;0;0;0;2;1;0;3;-16,14397;-47,94638;SPRF-DF;DEL01-DF;UOP01-DEL01-DF;;;
691840;17/05/2025;s�bado;13:10:00;BA;101;104;ALAGOINHAS;Suic�dio (presumido);Colis�o frontal;Com V�timas Fatais;Pleno dia;Decrescente;Garoa/Chuvisco;Simples;"Curva;Aclive";Sim;2;1;0;0;1;0;0;2;-12,15240569;-38,40000898;SPRF-BA;DEL01-BA;UOP04-DEL01-BA;;;
691842;17/05/2025;s�bado;12:55:00;MG;381;449;SANTA LUZIA;Transitar na contram�o;Colis�o frontal;Com V�timas Feridas;Pleno dia;Crescente;Sol;Simples;"Declive;Reta";Sim;3;0;0;1;1;1;1;3;-19,82418388;-43,8316161;SPRF-MG;DEL01-MG;UOP01-DEL01-MG;;;
691845;17/05/2025;s�bado;07:10:00;SC;470;194,2;POUSO REDONDO;Rea��o tardia ou ineficiente do condutor;Sa�da de leito carro��vel;Com V�timas Fatais;Pleno dia;Decrescente;Nublado;Simples;"Curva;Declive";N�o;2;1;0;0;0;1;0;2;-27,302845;-50,082982;SPRF-SC;DEL04-SC;UOP02-DEL04-SC;;;
691850;17/05/2025;s�bado;10:00:00;MG;381;829,5;SAO SEBASTIAO DA BELA VISTA;Rea��o tardia ou ineficiente do condutor;Sa�da de leito carro��vel;Com V�timas Feridas;Pleno dia;Decrescente;C�u Claro;Dupla;Reta;N�o;2;0;1;0;0;1;1;2;-22,12022294;-45,76075709;SPRF-MG;DEL16-MG;UOP01-DEL16-MG;;;
691856;17/05/2025;s�bado;13:15:00;PA;222;28;DOM ELISEU;Transitar na contram�o;Colis�o lateral sentido oposto;Com V�timas Fatais;Pleno dia;Crescente;C�u Claro;Simples;"Curva;Aclive";N�o;6;1;2;0;0;4;2;6;-4,316473;-47,642225;SPRF-PA;DEL02-PA;UOP02-DEL02-PA;;;
691859;17/05/2025;s�bado;08:30:00;MT;364;177;PEDRA PRETA;Aus�ncia de rea��o do condutor;Colis�o traseira;Com V�timas Feridas;Pleno dia;Decrescente;C�u Claro;Simples;"Reta;Declive";Sim;43;0;1;0;41;4;1;9;-16,60955;-54,46779;SPRF-MT;DEL02-MT;UOP01-DEL02-MT;;;
691862;17/05/2025;s�bado;13:20:00;PA;10;355;SANTA MARIA DO PARA;Acessar a via sem observar a presen�a dos outros ve�culos;Colis�o transversal;Sem V�timas;Pleno dia;Crescente;Chuva;Simples;Rotat�ria;N�o;3;0;0;0;2;1;0;3;-1,339457;-47,58074;SPRF-PA;DEL01-PA;UOP02-DEL01-PA;;;
691866;17/05/2025;s�bado;10:50:00;PA;230;123;MARABA;Aus�ncia de rea��o do condutor;Colis�o transversal;Sem V�timas;Pleno dia;Crescente;C�u Claro;Dupla;Reta;Sim;2;0;0;0;2;0;0;2;-5,37129601;-49,1312027;SPRF-PA;DEL03-PA;UOP01-DEL03-PA;;;
691877;17/05/2025;s�bado;15:30:00;RS;285;295,5;PASSO FUNDO;Condutor Dormindo;Colis�o lateral sentido oposto;Com V�timas Feridas;Pleno dia;Crescente;C�u Claro;Simples;"Curva;Declive";N�o;4;0;1;0;1;2;1;4;-28,23047615;-52,39782985;SPRF-RS;DEL08-RS;UOP03-DEL08-RS;;;
691878;17/05/2025;s�bado;15:00:00;PA;163;658,5;ITAITUBA;Condutor usando celular;Tombamento;Sem V�timas;Pleno dia;Crescente;C�u Claro;Simples;Curva;N�o;2;0;0;0;1;3;0;4;-4,464667;-55,849328;SPRF-PA;DEL05-PA;UOP02-DEL05-PA;;;
691887;17/05/2025;s�bado;15:00:00;AL;104;7,7;SAO JOSE DA LAJE;Velocidade Incompat�vel;Colis�o frontal;Com V�timas Feridas;Pleno dia;Decrescente;Chuva;Simples;Curva;N�o;4;0;2;1;1;0;3;2;-8,961738;-36,020712;SPRF-AL;DEL01-AL;UOP02-DEL01-AL;;;
691892;17/05/2025;s�bado;14:00:00;MG;262;575;CORREGO DANTA;Velocidade Incompat�vel;Tombamento;Sem V�timas;Pleno dia;Decrescente;C�u Claro;Simples;Curva;N�o;2;0;0;0;1;3;0;4;-19,74533379;-45,97905859;SPRF-MG;DEL08-MG;UOP02-DEL08-MG;;;
691899;17/05/2025;s�bado;16:15:00;SP;153;69;SAO JOSE DO RIO PRETO;Acessar a via sem observar a presen�a dos outros ve�culos;Colis�o traseira;Sem V�timas;Pleno dia;Decrescente;C�u Claro;Dupla;Curva;Sim;3;0;0;0;2;2;0;4;-20,850723;-49,397098;SPRF-SP;DEL09-SP;UOP01-DEL09-SP;;;
691900;17/05/2025;s�bado;14:50:00;MT;163;947;NOVA SANTA HELENA;Demais falhas mec�nicas ou el�tricas;Inc�ndio;Sem V�timas;Pleno dia;Crescente;C�u Claro;Simples;Reta;N�o;3;0;0;0;2;3;0;4;-10,86839001;-55,19589615;SPRF-MT;DEL06-MT;UOP02-DEL06-MT;;;
691907;17/05/2025;s�bado;17:20:00;MG;50;175;UBERABA;Suic�dio (presumido);Atropelamento de Pedestre;Com V�timas Fatais;Anoitecer;Decrescente;C�u Claro;Dupla;Reta;Sim;3;1;0;0;1;1;0;3;-19,779236;-47,966266;SPRF-MG;DEL13-MG;UOP01-DEL13-MG;;;
691909;17/05/2025;s�bado;14:20:00;MG;153;193,2;FRUTAL;Velocidade Incompat�vel;Colis�o frontal;Com V�timas Fatais;Pleno dia;Crescente;C�u Claro;Simples;"Reta;Aclive";N�o;5;1;0;1;2;7;1;11;-19,911929;-48,964319;SPRF-MG;DEL13-MG;UOP02-DEL13-MG;;;