id;data_inversa;dia_semana;horario;uf;br;km;municipio;causa_acidente;tipo_acidente;classificacao_acidente;fase_dia;sentido_via;condicao_metereologica;tipo_pista;tracado_via;uso_solo;pessoas;mortos;feridos_leves;feridos_graves;ilesos;ignorados;feridos;veiculos;latitude;longitude;regional;delegacia;uop;;;
691913;17/05/2025;s�bado;17:20:00;PB;101;78,4;SANTA RITA;Demais falhas mec�nicas ou el�tricas;Inc�ndio;Sem V�timas;Anoitecer;Crescente;C�u Claro;Dupla;Curva;Sim;2;0;0;0;2;0;0;1;-7,11443488;-34,95986938;SPRF-PB;DEL01-PB;UOP03-DEL01-PB;;;
691914;17/05/2025;s�bado;18:30:00;SP;116;219,2;GUARULHOS;Rea��o tardia ou ineficiente do condutor;Engavetamento;Com V�timas Feridas;Plena Noite;Crescente;C�u Claro;M�ltipla;"Em Obras;Reta;Viaduto";Sim;4;0;1;0;2;1;1;4;-23,4618052;-46,4908939;SPRF-SP;DEL01-SP;UOP01-DEL01-SP;;;
691915;17/05/2025;s�bado;17:15:00;MT;364;201;RONDONOPOLIS;Ingest�o de �lcool pelo condutor;Colis�o com objeto;Com V�timas Feridas;Anoitecer;Crescente;C�u Claro;Dupla;Reta;Sim;2;0;1;0;0;3;1;4;-16,47734637;-54,65253496;SPRF-MT;DEL02-MT;UOP01-DEL02-MT;;;
691918;17/05/2025;s�bado;17:43:00;SC;470;20;ILHOTA;Ultrapassagem Indevida;Colis�o lateral mesmo sentido;Com V�timas Feridas;Anoitecer;Crescente;C�u Claro;Dupla;Reta;N�o;3;0;1;0;2;0;1;3;-26,86800145;-48,81809235;SPRF-SC;DEL04-SC;UOP04-DEL04-SC;;;
691922;17/05/2025;s�bado;18:00:00;MT;364;197;PEDRA PRETA;Aus�ncia de rea��o do condutor;Colis�o lateral sentido oposto;Com V�timas Feridas;Anoitecer;Decrescente;C�u Claro;Simples;Reta;N�o;6;0;1;0;4;1;1;4;-16,60224981;-54,4913706;SPRF-MT;DEL02-MT;UOP01-DEL02-MT;;;
691953;17/05/2025;s�bado;18:05:00;SC;470;294;CAMPOS NOVOS;Manobra de mudan�a de faixa;Colis�o frontal;Com V�timas Fatais;Plena Noite;Crescente;Nublado;Simples;Reta;N�o;3;1;0;0;1;1;0;3;-27,345844;-51,002288;SPRF-SC;DEL07-SC;UOP06-DEL07-SC;;;
691959;17/05/2025;s�bado;20:00:00;RJ;116;309,6;RESENDE;Demais falhas mec�nicas ou el�tricas;Colis�o com objeto;Com V�timas Feridas;Plena Noite;Crescente;C�u Claro;Simples;Reta;N�o;3;0;1;0;1;1;1;3;-22,45997025;-44,43366498;SPRF-RJ;DEL07-RJ;UOP02-DEL07-RJ;;;
691965;17/05/2025;s�bado;20:43:00;ES;101;222,2;IBIRACU;Aus�ncia de rea��o do condutor;Colis�o transversal;Com V�timas Feridas;Plena Noite;Crescente;C�u Claro;Simples;Curva;N�o;3;0;2;0;0;1;2;3;-19,83353291;-40,37992198;SPRF-ES;DEL02-ES;UOP01-DEL02-ES;;;
691969;17/05/2025;s�bado;21:40:00;RO;364;239;PIMENTA BUENO;Transitar na contram�o;Colis�o frontal;Sem V�timas;Pleno dia;Crescente;C�u Claro;Simples;Reta;Sim;3;0;0;0;2;2;0;4;-11,5953399;-61,2429407;SPRF-RO;DEL02-RO;UOP02-DEL02-RO;;;
691970;17/05/2025;s�bado;16:15:00;RN;304;106,4;ACU;Velocidade Incompat�vel;Tombamento;Sem V�timas;Pleno dia;Decrescente;Nublado;Simples;Interse��o de Vias;Sim;2;0;0;0;1;1;0;2;-5,588383;-36,968375;SPRF-RN;DEL04-RN;UOP01-DEL04-RN;;;
691974;17/05/2025;s�bado;21:20:00;SC;116;217,7;CORREIA PINTO;Rea��o tardia ou ineficiente do condutor;Colis�o traseira;Com V�timas Fatais;Plena Noite;Crescente;C�u Claro;Simples;Reta;Sim;3;1;0;0;1;1;0;3;-27,567604;-50,374096;SPRF-SC;DEL05-SC;UOP03-DEL05-SC;;;
691975;17/05/2025;s�bado;21:00:00;PI;230;249,4;OEIRAS;Problema com o freio;Colis�o com objeto;Com V�timas Feridas;Plena Noite;Decrescente;C�u Claro;Simples;Reta;N�o;2;0;0;1;1;0;1;1;-6,98613678;-42,53889084;SPRF-PI;DEL03-PI;UOP01-DEL03-PI;;;
691978;17/05/2025;s�bado;15:00:00;PR;153;513;GENERAL CARNEIRO;Rea��o tardia ou ineficiente do condutor;Tombamento;Com V�timas Feridas;Pleno dia;Decrescente;Nublado;Simples;Reta;N�o;2;0;1;0;0;1;1;2;-26,58802825;-51,45236492;SPRF-PR;DEL02-PR;UOP03-DEL02-PR;;;
691982;17/05/2025;s�bado;22:40:00;PR;277;202;PALMEIRA;Aus�ncia de rea��o do condutor;Colis�o lateral sentido oposto;Com V�timas Feridas;Plena Noite;Crescente;C�u Claro;Simples;Reta;N�o;6;0;0;2;4;0;2;2;-25,465;-50,231;SPRF-PR;DEL08-PR;UOP02-DEL08-PR;;;
691983;17/05/2025;s�bado;17:00:00;RO;435;119;CEREJEIRAS;Ultrapassagem Indevida;Colis�o lateral sentido oposto;Com V�timas Feridas;Pleno dia;Crescente;C�u Claro;Simples;Curva;N�o;3;0;0;1;1;3;1;5;-13,18471792;-60,79598872;SPRF-RO;DEL04-RO;UOP02-DEL04-RO;;;
691985;17/05/2025;s�bado;23:50:00;BA;116;443,9;ANTONIO CARDOSO;Rea��o tardia ou ineficiente do condutor;Colis�o traseira;Com V�timas Feridas;Plena Noite;Decrescente;C�u Claro;Dupla;Declive;N�o;3;0;1;1;1;0;2;2;-12,364916;-39,107879;SPRF-BA;DEL02-BA;UOP01-DEL02-BA;;;
692005;18/05/2025;domingo;00:50:00;PI;343;326,5;TERESINA;Ingest�o de �lcool pelo condutor;Colis�o lateral sentido oposto;Sem V�timas;Plena Noite;Crescente;C�u Claro;Simples;"Reta;Interse��o de Vias;Viaduto";N�o;3;0;0;0;2;1;0;3;-5,070777;-42,621622;SPRF-PI;DEL01-PI;UOP01-DEL01-PI;;;
692011;18/05/2025;domingo;04:30:00;SC;101;173;TIJUCAS;Ingest�o de �lcool pelo condutor;Colis�o lateral mesmo sentido;Sem V�timas;Plena Noite;Decrescente;Nublado;Dupla;Reta;N�o;3;0;0;0;2;1;0;3;-27,31949449;-48,62840343;SPRF-SC;DEL04-SC;UOP03-DEL04-SC;;;
692013;18/05/2025;domingo;04:40:00;GO;452;170,9;ITUMBIARA;Restri��o de visibilidade em curvas verticais;Colis�o transversal;Com V�timas Feridas;Plena Noite;Decrescente;Ignorado;Simples;Declive;N�o;3;0;1;0;1;3;1;5;-18,34078252;-49,42907307;SPRF-GO;DEL03-GO;UOP02-DEL03-GO;;;
692019;17/05/2025;s�bado;18:00:00;RN;304;132;ITAJA;Demais falhas mec�nicas ou el�tricas;Colis�o com objeto;Sem V�timas;Plena Noite;Decrescente;C�u Claro;Simples;Ponte;N�o;1;0;0;0;1;0;0;1;-5,661;-36,839;SPRF-RN;DEL04-RN;UOP01-DEL04-RN;;;
692022;18/05/2025;domingo;05:40:00;MS;158;72;PARANAIBA;Demais falhas mec�nicas ou el�tricas;Inc�ndio;Sem V�timas;Pleno dia;Crescente;C�u Claro;Simples;Reta;N�o;2;0;0;0;1;3;0;4;-19,6119942;-51,2157782;SPRF-MS;DEL08-MS;UOP01-DEL08-MS;;;
692047;18/05/2025;domingo;06:15:00;RO;364;319,7;PRESIDENTE MEDICI;Transitar na contram�o;Colis�o frontal;Com V�timas Fatais;Pleno dia;Crescente;C�u Claro;Simples;"Declive;Reta";N�o;3;1;0;0;1;3;0;5;-11,07381;-61,920832;SPRF-RO;DEL02-RO;UOP01-DEL02-RO;;;
692048;18/05/2025;domingo;06:45:00;BA;116;595;IRAJUBA;Rea��o tardia ou ineficiente do condutor;Tombamento;Com V�timas Feridas;Amanhecer;Crescente;Nublado;Simples;"Declive;Curva";N�o;2;0;0;1;0;1;1;2;-13,2113593;-40,0239406;SPRF-BA;DEL03-BA;UOP02-DEL03-BA;;;
692053;18/05/2025;domingo;07:30:00;RS;285;370;SALDANHA MARINHO;Aus�ncia de rea��o do condutor;Tombamento;Com V�timas Feridas;Pleno dia;Decrescente;C�u Claro;Simples;"Curva;Declive";N�o;2;0;1;0;0;1;1;2;-28,396818;-53,059164;SPRF-RS;DEL08-RS;UOP03-DEL08-RS;;;
692059;18/05/2025;domingo;10:40:00;SC;280;69,4;JARAGUA DO SUL;Velocidade Incompat�vel;Colis�o traseira;Com V�timas Feridas;Pleno dia;Crescente;Sol;Simples;Reta;Sim;2;0;0;1;1;0;1;2;-26,465885;-49,124304;SPRF-SC;DEL03-SC;UOP03-DEL03-SC;;;
692071;18/05/2025;domingo;11:05:00;MT;364;58;ALTO GARCAS;Acessar a via sem observar a presen�a dos outros ve�culos;Colis�o transversal;Com V�timas Feridas;Pleno dia;Crescente;C�u Claro;Simples;"Reta;Declive;Interse��o de Vias";Sim;3;0;0;1;1;2;1;4;-16,94260514;-53,53088949;SPRF-MT;DEL02-MT;UOP02-DEL02-MT;;;
692072;18/05/2025;domingo;11:00:00;MT;163;1037;MATUPA;Ingest�o de �lcool pelo condutor;Colis�o traseira;Sem V�timas;Pleno dia;Crescente;Sol;Simples;Reta;Sim;6;0;0;0;5;2;0;4;-10,1903;-54,9495;SPRF-MT;DEL06-MT;UOP03-DEL06-MT;;;
692073;08/04/2025;ter�a-feira;07:15:00;MG;381;516;IGARAPE;Problema com o freio;Colis�o traseira;Com V�timas Feridas;Pleno dia;Decrescente;C�u Claro;Dupla;"Declive;Curva";N�o;3;0;2;0;0;2;2;4;-20,10134;-44,31934;SPRF-MG;DEL01-MG;UOP03-DEL01-MG;;;
692079;18/05/2025;domingo;12:15:00;MS;267;91,8;BATAGUASSU;Rea��o tardia ou ineficiente do condutor;Tombamento;Com V�timas Feridas;Pleno dia;Decrescente;C�u Claro;Simples;"Reta;Declive";N�o;2;0;1;0;0;1;1;2;-21,861491;-52,968253;SPRF-MS;DEL02-MS;UOP04-DEL02-MS;;;
692081;18/05/2025;domingo;13:25:00;SP;116;306;SAO LOURENCO DA SERRA;Manobra de mudan�a de faixa;Tombamento;Com V�timas Feridas;Pleno dia;Decrescente;C�u Claro;Dupla;Aclive;Sim;2;0;1;0;0;1;1;2;-23,85277505;-46,94121003;SPRF-SP;DEL04-SP;UOP01-DEL04-SP;;;
692100;18/05/2025;domingo;15:40:00;SP;116;202,2;ARUJA;Manobra de mudan�a de faixa;Colis�o com objeto;Com V�timas Fatais;Pleno dia;Decrescente;Nublado;M�ltipla;Reta;Sim;3;1;0;0;1;1;0;3;-23,40764562;-46,3377556;SPRF-SP;DEL01-SP;UOP01-DEL01-SP;;;
692105;18/05/2025;domingo;15:00:00;SP;116;561;BARRA DO TURVO;Rea��o tardia ou ineficiente do condutor;Tombamento;Com V�timas Feridas;Pleno dia;Crescente;C�u Claro;Dupla;"Curva;Declive";N�o;2;0;2;0;0;0;2;1;-25,02461494;-48,51862757;SPRF-SP;DEL05-SP;UOP02-DEL05-SP;;;
692110;12/05/2025;segunda-feira;15:20:00;PA;230;576;VITORIA DO XINGU;Carga excessiva e/ou mal acondicionada;Inc�ndio;Sem V�timas;Pleno dia;Crescente;C�u Claro;Simples;"Reta;Aclive";Sim;1;0;0;0;1;0;0;1;-3,12350528;-51,77918583;SPRF-PA;DEL04-PA;UOP01-DEL04-PA;;;
692120;18/05/2025;domingo;17:05:00;MG;381;869;POUSO ALEGRE;Demais falhas mec�nicas ou el�tricas;Inc�ndio;Sem V�timas;Anoitecer;Crescente;C�u Claro;Dupla;Reta;Sim;2;0;0;0;1;2;0;3;-22,387418;-45,952578;SPRF-MG;DEL16-MG;UOP01-DEL16-MG;;;
692127;18/05/2025;domingo;17:50:00;BA;242;843;BARREIRAS;Transitar na contram�o;Colis�o frontal;Com V�timas Fatais;Plena Noite;Crescente;C�u Claro;Simples;Reta;N�o;4;1;1;0;1;3;1;5;-12,118582;-45,182288;SPRF-BA;DEL10-BA;UOP01-DEL10-BA;;;
692133;18/05/2025;domingo;16:35:00;SP;116;152,8;SAO JOSE DOS CAMPOS;Rea��o tardia ou ineficiente do condutor;Colis�o lateral mesmo sentido;Com V�timas Fatais;Pleno dia;Crescente;C�u Claro;M�ltipla;Reta;Sim;4;1;0;0;2;1;0;4;-23,23003827;-45,91133952;SPRF-SP;DEL02-SP;UOP01-DEL02-SP;;;
692157;18/05/2025;domingo;18:45:00;PE;104;43;CARUARU;Rea��o tardia ou ineficiente do condutor;Colis�o traseira;Com V�timas Feridas;Plena Noite;Crescente;C�u Claro;Dupla;Reta;N�o;2;0;0;1;0;1;1;2;-8,109598;-36,019213;SPRF-PE;DEL02-PE;UOP01-DEL02-PE;;;
692193;18/05/2025;domingo;19:00:00;MG;262;72;MANHUACU;Acessar a via sem observar a presen�a dos outros ve�culos;Colis�o transversal;Sem V�timas;Plena Noite;Decrescente;Nublado;Simples;"Reta;Rotat�ria";N�o;2;0;0;0;1;1;0;2;-20,2562856;-42,1307042;SPRF-MG;DEL06-MG;UOP03-DEL06-MG;;;
692197;18/05/2025;domingo;19:30:00;RR;401;87;BONFIM;Manobra de mudan�a de faixa;Colis�o lateral sentido oposto;Com V�timas Fatais;Plena Noite;Decrescente;Nublado;Simples;Reta;N�o;7;1;4;0;1;1;4;3;3,20448123;-60,16679835;SPRF-RR;DEL01-RR;UOP01-DEL01-RR;;;
692199;18/05/2025;domingo;18:30:00;MA;316;286;SATUBINHA;Demais falhas mec�nicas ou el�tricas;Inc�ndio;Sem V�timas;Anoitecer;Decrescente;Nublado;Simples;"Em Obras;Reta";N�o;2;0;0;0;1;1;0;2;-3,788248;-45,21164;SPRF-MA;DEL02-MA;UOP01-DEL02-MA;;;
692215;18/05/2025;domingo;22:01:00;RJ;101;280;TANGUA;Acessar a via sem observar a presen�a dos outros ve�culos;Colis�o lateral mesmo sentido;Com V�timas Feridas;Plena Noite;Decrescente;C�u Claro;Dupla;Retorno Regulamentado;Sim;6;0;3;1;1;2;4;4;-22,73860152;-42,77180204;SPRF-RJ;DEL02-RJ;UOP02-DEL02-RJ;;;
692221;18/05/2025;domingo;23:30:00;SC;280;57,8;GUARAMIRIM;Manobra de mudan�a de faixa;Colis�o lateral mesmo sentido;Sem V�timas;Plena Noite;Decrescente;C�u Claro;Dupla;Retorno Regulamentado;Sim;2;0;0;0;2;0;0;2;-26,47435498;-49,02002557;SPRF-SC;DEL03-SC;UOP03-DEL03-SC;;;
692222;18/05/2025;domingo;22:05:00;RJ;101;47,9;CAMPOS DOS GOYTACAZES;Entrada inopinada do pedestre;Atropelamento de Pedestre;Com V�timas Fatais;Plena Noite;Crescente;Nublado;Simples;Reta;Sim;2;1;0;0;0;1;0;2;-21,61619;-41,315445;SPRF-RJ;DEL08-RJ;UOP01-DEL08-RJ;;;
692224;18/05/2025;domingo;23:30:00;BA;242;839;BARREIRAS;Velocidade Incompat�vel;Tombamento;Com V�timas Feridas;Plena Noite;Decrescente;C�u Claro;Simples;Curva;N�o;2;0;1;0;0;1;1;2;-12,120538;-45,14482;SPRF-BA;DEL10-BA;UOP01-DEL10-BA;;;
692232;19/05/2025;segunda-feira;00:50:00;BA;116;544;ITATIM;Rea��o tardia ou ineficiente do condutor;Colis�o traseira;Com V�timas Feridas;Plena Noite;Decrescente;C�u Claro;Simples;"Reta;Declive";N�o;7;0;1;0;5;1;1;3;-12,8560865;-39,8480358;SPRF-BA;DEL03-BA;UOP02-DEL03-BA;;;
692233;19/05/2025;segunda-feira;01:30:00;RS;290;144;PORTO ALEGRE;Aus�ncia de rea��o do condutor;Atropelamento de Pedestre;Com V�timas Feridas;Plena Noite;Decrescente;C�u Claro;Simples;Reta;Sim;2;0;1;0;1;0;1;2;-29,98855685;-51,21335221;SPRF-RS;DEL02-RS;UOP01-DEL02-RS;;;
692234;19/05/2025;segunda-feira;01:15:00;PI;316;6;TERESINA;Condutor deixou de manter dist�ncia do ve�culo da frente;Colis�o traseira;Com V�timas Feridas;Plena Noite;Decrescente;Nublado;M�ltipla;Reta;Sim;3;0;1;0;1;1;1;3;-5,2679246;-42,7275608;SPRF-PI;DEL01-PI;UOP02-DEL01-PI;;;
692237;19/05/2025;segunda-feira;00:50:00;SC;101;9,5;GARUVA;Rea��o tardia ou ineficiente do condutor;Colis�o traseira;Com V�timas Fatais;Plena Noite;Crescente;Nublado;Dupla;Reta;N�o;4;1;0;0;0;3;0;4;-26,06079674;-48,85997621;SPRF-SC;DEL03-SC;UOP01-DEL03-SC;;;
692244;19/05/2025;segunda-feira;05:30:00;SC;101;25,7;JOINVILLE;Demais falhas mec�nicas ou el�tricas;Tombamento;Sem V�timas;Plena Noite;Decrescente;Nublado;Dupla;Reta;Sim;1;0;0;0;1;0;0;1;-26,1905444;-48,9118194;SPRF-SC;DEL03-SC;UOP01-DEL03-SC;;;
692247;19/05/2025;segunda-feira;05:15:00;RJ;116;180;NOVA IGUACU;Aus�ncia de rea��o do condutor;Engavetamento;Com V�timas Feridas;Amanhecer;Decrescente;C�u Claro;Dupla;Reta;Sim;5;0;1;0;3;1;1;4;-22,7648144;-43,4167547;SPRF-RJ;DEL06-RJ;UOP01-DEL06-RJ;;;
692250;19/05/2025;segunda-feira;04:30:00;MG;251;380,4;GRAO MOGOL;Demais falhas mec�nicas ou el�tricas;Inc�ndio;Sem V�timas;Amanhecer;Crescente;Nevoeiro/Neblina;Simples;Reta;N�o;2;0;0;0;1;1;0;2;-16,2991;-42,7311;SPRF-MG;DEL12-MG;UOP01-DEL12-MG;;;
692251;19/05/2025;segunda-feira;04:35:00;MG;365;658;MONTE ALEGRE DE MINAS;Rea��o tardia ou ineficiente do condutor;Colis�o traseira;Com V�timas Feridas;Plena Noite;Decrescente;C�u Claro;Dupla;Reta;N�o;3;0;1;0;1;2;1;4;-18,890157;-48,631507;SPRF-MG;DEL15-MG;UOP01-DEL15-MG;;;
692252;19/05/2025;segunda-feira;06:40:00;PE;101;72;RECIFE;Rea��o tardia ou ineficiente do condutor;Colis�o traseira;Com V�timas Feridas;Pleno dia;Decrescente;C�u Claro;Dupla;Reta;Sim;3;0;1;1;1;0;2;2;-8,08608;-34,94613;SPRF-PE;DEL01-PE;UOP01-DEL01-PE;;;
692253;19/05/2025;segunda-feira;06:16:00;RN;304;303,7;PARNAMIRIM;Manobra de mudan�a de faixa;Colis�o traseira;Com V�timas Feridas;Amanhecer;Crescente;Nublado;Dupla;Reta;N�o;2;0;0;1;1;0;1;2;-5,884488;-35,282893;SPRF-RN;DEL01-RN;UOP02-DEL01-RN;;;
692256;18/05/2025;domingo;23:15:00;MA;230;488;RIACHAO;Transitar na contram�o;Colis�o frontal;Com V�timas Fatais;Pleno dia;Crescente;C�u Claro;Simples;Reta;N�o;3;1;1;0;0;1;1;3;-7,421847;-46,728013;SPRF-MA;DEL05-MA;UOP01-DEL05-MA;;;
692260;19/05/2025;segunda-feira;06:15:00;SC;282;24,8;SANTO AMARO DA IMPERATRIZ;Acessar a via sem observar a presen�a dos outros ve�culos;Colis�o lateral sentido oposto;Com V�timas Feridas;Pleno dia;Decrescente;Nublado;Simples;"Reta;Viaduto;Interse��o de Vias";Sim;2;0;1;0;1;0;1;2;-27,6786;-48,751;SPRF-SC;DEL01-SC;UOP03-DEL01-SC;;;
692261;19/05/2025;segunda-feira;06:55:00;RS;290;114;ELDORADO DO SUL;Avarias e/ou desgaste excessivo no pneu;Colis�o lateral sentido oposto;Com V�timas Feridas;Pleno dia;Decrescente;C�u Claro;Simples;Reta;N�o;6;0;1;0;5;0;1;4;-30,04483865;-51,35018349;SPRF-RS;DEL02-RS;UOP01-DEL02-RS;;;
692266;19/05/2025;segunda-feira;05:00:00;MG;381;559;ITAGUARA;Condutor Dormindo;Colis�o traseira;Com V�timas Feridas;Plena Noite;Decrescente;C�u Claro;Dupla;Aclive;N�o;4;0;2;0;1;1;2;3;-20,35794913;-44,46238655;SPRF-MG;DEL04-MG;UOP03-DEL04-MG;;;
692286;19/05/2025;segunda-feira;07:40:00;SC;470;68,6;INDAIAL;Frear bruscamente;Colis�o lateral mesmo sentido;Com V�timas Feridas;Pleno dia;Decrescente;C�u Claro;Dupla;Reta;N�o;3;0;1;0;1;1;1;3;-26,88131;-49,24413;SPRF-SC;DEL04-SC;UOP01-DEL04-SC;;;
692289;19/05/2025;segunda-feira;08:00:00;PR;369;158,6;CAMBE;Velocidade Incompat�vel;Colis�o traseira;Com V�timas Feridas;Pleno dia;Decrescente;C�u Claro;Dupla;"Reta;Declive";Sim;3;0;1;0;2;0;1;3;-23,28508423;-51,24049036;SPRF-PR;DEL07-PR;UOP01-DEL07-PR;;;
692297;19/05/2025;segunda-feira;07:40:00;MG;153;97,8;PRATA;Demais falhas mec�nicas ou el�tricas;Sa�da de leito carro��vel;Com V�timas Feridas;Pleno dia;Crescente;C�u Claro;Simples;"Declive;Reta";N�o;3;0;0;1;1;1;1;2;-19,211156;-48,938022;SPRF-MG;DEL15-MG;UOP03-DEL15-MG;;;
692298;19/05/2025;segunda-feira;07:57:00;MT;163;1102;GUARANTA DO NORTE;Aus�ncia de rea��o do condutor;Tombamento;Com V�timas Feridas;Pleno dia;Crescente;C�u Claro;Simples;Curva;N�o;2;0;1;0;0;1;1;2;-9,648;-54,873;SPRF-MT;DEL06-MT;UOP03-DEL06-MT;;;
692304;19/05/2025;segunda-feira;08:30:00;PR;369;162,9;CAMBE;Velocidade Incompat�vel;Engavetamento;Sem V�timas;Pleno dia;Decrescente;C�u Claro;Dupla;"Reta;Aclive";N�o;4;0;0;0;3;1;0;4;-23,297;-51,274;SPRF-PR;DEL07-PR;UOP01-DEL07-PR;;;
692311;18/05/2025;domingo;20:30:00;SC;282;301;VARGEM;Transitar na contram�o;Colis�o frontal;Com V�timas Feridas;Plena Noite;Decrescente;Chuva;Simples;Curva;N�o;2;0;1;0;1;0;1;2;-27,42602353;-51,03012085;SPRF-SC;DEL07-SC;UOP06-DEL07-SC;;;
692313;19/05/2025;segunda-feira;06:30:00;BA;101;461;ITACARE;Pista Escorregadia;Tombamento;Com V�timas Fatais;Pleno dia;Crescente;Chuva;Simples;Reta;N�o;4;2;0;0;1;1;0;4;-14,452352;-39,323635;SPRF-BA;DEL05-BA;UOP01-DEL05-BA;;;
692319;19/05/2025;segunda-feira;10:40:00;MG;40;470,4;SETE LAGOAS;Aus�ncia de rea��o do condutor;Colis�o traseira;Com V�timas Feridas;Pleno dia;Crescente;C�u Claro;Dupla;"Reta;Aclive";N�o;2;0;1;0;1;0;1;2;-19,47048;-44,29535;SPRF-MG;DEL02-MG;UOP01-DEL02-MG;;;
692322;21/02/2025;sexta-feira;12:00:00;PA;155;222;ELDORADO DO CARAJAS;Aus�ncia de rea��o do condutor;Sa�da de leito carro��vel;Com V�timas Fatais;Pleno dia;Decrescente;Nublado;Simples;Reta;N�o;3;1;1;0;0;2;1;3;-6,339543;-49,384625;SPRF-PA;DEL03-PA;UOP01-DEL03-PA;;;
692332;19/05/2025;segunda-feira;12:00:00;MG;381;509,8;SAO JOAQUIM DE BICAS;Aus�ncia de rea��o do condutor;Sa�da de leito carro��vel;Com V�timas Feridas;Pleno dia;Crescente;C�u Claro;Dupla;"Reta;Aclive";Sim;2;0;1;0;0;1;1;2;-20,05188985;-44,28120017;SPRF-MG;DEL01-MG;UOP03-DEL01-MG;;;
692333;19/05/2025;segunda-feira;12:00:00;PR;376;161;MARINGA;Acessar a via sem observar a presen�a dos outros ve�culos;Atropelamento de Pedestre;Com V�timas Feridas;Pleno dia;Decrescente;C�u Claro;Dupla;"Reta;Declive";Sim;3;0;0;1;1;1;1;3;-23,365778;-52,071959;SPRF-PR;DEL09-PR;UOP02-DEL09-PR;;;
692335;19/05/2025;segunda-feira;12:00:00;SC;101;112;NAVEGANTES;Trafegar com motocicleta (ou similar) entre as faixas;Colis�o lateral mesmo sentido;Com V�timas Feridas;Pleno dia;Crescente;Nublado;Dupla;"Reta;Ponte;Aclive";N�o;2;0;0;1;1;0;1;2;-26,84397086;-48,71912956;SPRF-SC;DEL04-SC;UOP04-DEL04-SC;;;
692338;19/05/2025;segunda-feira;12:00:00;BA;116;21,4;ABARE;Demais falhas mec�nicas ou el�tricas;Inc�ndio;Sem V�timas;Pleno dia;Decrescente;Nublado;Simples;Reta;N�o;2;0;0;0;1;1;0;2;-8,809885;-39,25989;SPRF-PE;DEL05-PE;UOP03-DEL05-PE;;;
692339;19/05/2025;segunda-feira;10:50:00;MG;50;43;ARAGUARI;Ultrapassagem Indevida;Colis�o lateral mesmo sentido;Com V�timas Feridas;Pleno dia;Decrescente;Sol;Dupla;Reta;N�o;5;0;2;0;2;3;2;6;-18,69784848;-48,18461895;SPRF-MG;DEL15-MG;UOP02-DEL15-MG;;;
692343;19/05/2025;segunda-feira;11:15:00;RO;364;108,9;PIMENTA BUENO;Rea��o tardia ou ineficiente do condutor;Colis�o traseira;Com V�timas Fatais;Pleno dia;Decrescente;Sol;Simples;Reta;N�o;6;2;0;0;2;4;0;7;-12,22048698;-60,69077209;SPRF-RO;DEL04-RO;UOP01-DEL04-RO;;;
692344;24/01/2025;sexta-feira;17:15:00;SC;282;542;CHAPECO;Rea��o tardia ou ineficiente do condutor;Tombamento;Sem V�timas;Pleno dia;Decrescente;C�u Claro;Simples;"Curva;Declive";N�o;2;0;0;0;1;3;0;4;-27,001301;-52,707569;SPRF-SC;DEL07-SC;UOP01-DEL07-SC;;;
692345;19/05/2025;segunda-feira;09:50:00;PA;10;325;SAO MIGUEL DO GUAMA;Aus�ncia de rea��o do condutor;Colis�o lateral sentido oposto;Com V�timas Feridas;Pleno dia;Decrescente;C�u Claro;Simples;Reta;N�o;2;0;0;1;1;0;1;2;-1,59288626;-47,4922957;SPRF-PA;DEL01-PA;UOP02-DEL01-PA;;;
692355;19/05/2025;segunda-feira;08:40:00;PE;104;118;PANELAS;Curva acentuada;Tombamento;Com V�timas Feridas;Pleno dia;Decrescente;Ignorado;Simples;"Curva;Declive";N�o;2;0;1;0;0;1;1;2;-8,69099;-36,02348;SPRF-PE;DEL02-PE;NPF/DEL02-PE;;;
692359;25/04/2025;sexta-feira;06:45:00;MG;40;593,5;OURO PRETO;Manobra de mudan�a de faixa;Colis�o lateral mesmo sentido;Com V�timas Feridas;Amanhecer;Decrescente;Garoa/Chuvisco;Simples;Curva;N�o;6;0;1;0;4;1;1;4;-20,39765285;-43,90256792;SPRF-MG;DEL05-MG;UOP02-DEL05-MG;;;
692366;19/05/2025;segunda-feira;14:30:00;GO;153;302,9;RIALMA;Acessar a via sem observar a presen�a dos outros ve�culos;Colis�o transversal;Com V�timas Fatais;Pleno dia;Decrescente;C�u Claro;Simples;"Reta;Retorno Regulamentado;Aclive";N�o;4;2;0;0;1;1;0;3;-15,33193;-49,57069;SPRF-GO;DEL02-GO;UOP02-DEL02-GO;;;
692367;19/05/2025;segunda-feira;08:30:00;PR;277;525;GUARANIACU;Velocidade Incompat�vel;Tombamento;Com V�timas Feridas;Pleno dia;Crescente;Sol;Simples;"Declive;Curva";N�o;2;0;1;0;0;1;1;2;-25,08975764;-52,92613149;SPRF-PR;DEL04-PR;UOP04-DEL04-PR;;;
692368;19/05/2025;segunda-feira;14:20:00;PR;376;451,2;TIBAGI;Velocidade Incompat�vel;Tombamento;Com V�timas Feridas;Pleno dia;Crescente;C�u Claro;Dupla;"Declive;Curva";N�o;2;0;1;0;0;1;1;2;-24,87815026;-50,44061275;SPRF-PR;DEL03-PR;UOP02-DEL03-PR;;;
692369;09/03/2025;domingo;11:50:00;MG;251;443,5;GRAO MOGOL;Transitar no Acostamento;Colis�o traseira;Com V�timas Feridas;Pleno dia;Crescente;Sol;Simples;Reta;Sim;2;0;0;1;1;0;1;2;-16,405476;-43,232536;SPRF-MG;DEL12-MG;UOP01-DEL12-MG;;;