id;data_inversa;dia_semana;horario;uf;br;km;municipio;causa_acidente;tipo_acidente;classificacao_acidente;fase_dia;sentido_via;condicao_metereologica;tipo_pista;tracado_via;uso_solo;pessoas;mortos;feridos_leves;feridos_graves;ilesos;ignorados;feridos;veiculos;latitude;longitude;regional;delegacia;uop;;;
692371;19/05/2025;segunda-feira;10:40:00;BA;110;203;CIPO;Acessar a via sem observar a presen�a dos outros ve�culos;Colis�o lateral mesmo sentido;Com V�timas Feridas;Pleno dia;Crescente;Sol;Simples;Reta;Sim;3;0;1;1;1;0;2;2;-11,09317086;-38,50883458;SPRF-BA;DEL07-BA;UOP02-DEL07-BA;;;
692374;19/05/2025;segunda-feira;15:16:00;PE;101;131;AGUA PRETA;Condutor deixou de manter dist�ncia do ve�culo da frente;Colis�o com objeto;Com V�timas Feridas;Pleno dia;Decrescente;C�u Claro;Dupla;Reta;N�o;3;0;1;0;2;0;1;3;-8,5731104;-35,4809596;SPRF-PE;DEL01-PE;UOP03-DEL01-PE;;;
692376;19/05/2025;segunda-feira;14:15:00;SP;116;229;SAO PAULO;Manobra de mudan�a de faixa;Colis�o lateral mesmo sentido;Com V�timas Feridas;Pleno dia;Decrescente;Nublado;M�ltipla;Reta;N�o;2;0;1;0;1;0;1;2;-23,51281949;-46,57618569;SPRF-SP;DEL01-SP;UOP01-DEL01-SP;;;
692379;19/05/2025;segunda-feira;14:20:00;PR;376;439;TIBAGI;Afundamento ou ondula��o no pavimento;Tombamento;Com V�timas Feridas;Pleno dia;Crescente;Sol;Simples;Declive;N�o;2;0;1;0;0;2;1;3;-24,80131953;-50,49477188;SPRF-PR;DEL03-PR;UOP02-DEL03-PR;;;
692380;19/05/2025;segunda-feira;15:20:00;PR;163;35;SANTO ANTONIO DO SUDOESTE;Rea��o tardia ou ineficiente do condutor;Colis�o transversal;Com V�timas Feridas;Pleno dia;Crescente;C�u Claro;Simples;"Reta;Aclive";Sim;4;0;1;0;2;1;1;3;-26,065663;-53,720524;SPRF-PR;DEL02-PR;UOP02-DEL02-PR;;;
692383;10/05/2025;s�bado;13:21:00;MT;158;545;AGUA BOA;Condutor deixou de manter dist�ncia do ve�culo da frente;Engavetamento;Sem V�timas;Pleno dia;Crescente;C�u Claro;Simples;Reta;N�o;8;0;0;0;5;8;0;12;-13,92815245;-52,09716797;SPRF-MT;DEL07-MT;UOP02-DEL07-MT;;;
692388;19/05/2025;segunda-feira;16:40:00;PR;277;0;CURITIBA;Retorno proibido;Colis�o transversal;Sem V�timas;Pleno dia;Crescente;C�u Claro;Simples;"Declive;Reta";Sim;3;0;0;0;2;2;0;4;-25,4509056;-49,2437504;SPRF-PR;DEL01-PR;UOP05-DEL01-PR;;;
692389;19/05/2025;segunda-feira;16:40:00;RJ;101;487;ANGRA DOS REIS;Desrespeitar a prefer�ncia no cruzamento;Colis�o transversal;Com V�timas Feridas;Pleno dia;Crescente;C�u Claro;Simples;Retorno Regulamentado;Sim;2;0;1;0;1;0;1;2;-22,95902557;-44,3013382;SPRF-RJ;DEL03-RJ;UOP03-DEL03-RJ;;;
692392;19/05/2025;segunda-feira;14:50:00;SC;101;47,5;JOINVILLE;Desrespeitar a prefer�ncia no cruzamento;Colis�o lateral mesmo sentido;Com V�timas Feridas;Pleno dia;Decrescente;Nublado;M�ltipla;Reta;Sim;3;0;1;0;1;1;1;3;-26,37108784;-48,85688178;SPRF-SC;DEL03-SC;UOP01-DEL03-SC;;;
692399;19/05/2025;segunda-feira;17:40:00;PR;369;157;LONDRINA;Manobra de mudan�a de faixa;Colis�o lateral mesmo sentido;Com V�timas Feridas;Anoitecer;Crescente;C�u Claro;Dupla;Reta;Sim;2;0;0;1;1;0;1;2;-23,287;-51,228;SPRF-PR;DEL07-PR;UOP01-DEL07-PR;;;
692403;19/05/2025;segunda-feira;18:45:00;SP;116;332;JUQUITIBA;Ilumina��o deficiente;Colis�o lateral mesmo sentido;Com V�timas Feridas;Plena Noite;Crescente;C�u Claro;Dupla;Reta;Sim;2;0;1;0;1;0;1;2;-23,95187769;-47,10359216;SPRF-SP;DEL04-SP;UOP03-DEL04-SP;;;
692405;19/05/2025;segunda-feira;18:30:00;RS;470;224;GARIBALDI;Aus�ncia de rea��o do condutor;Colis�o traseira;Com V�timas Feridas;Plena Noite;Decrescente;Nublado;Simples;Reta;N�o;4;0;1;0;3;0;1;3;-29,23809749;-51,51774494;SPRF-RS;DEL06-RS;UOP01-DEL06-RS;;;
692408;19/05/2025;segunda-feira;17:20:00;MS;267;239,6;NOVA ALVORADA DO SUL;Ingest�o de �lcool pelo condutor;Colis�o lateral sentido oposto;Sem V�timas;Anoitecer;Decrescente;C�u Claro;Simples;Reta;N�o;3;0;0;0;2;1;0;3;-21,486215;-54,29282;SPRF-MS;DEL02-MS;UOP01-DEL02-MS;;;
692409;19/05/2025;segunda-feira;18:20:00;MG;40;409,8;CURVELO;Demais falhas mec�nicas ou el�tricas;Sa�da de leito carro��vel;Com V�timas Feridas;Anoitecer;Crescente;C�u Claro;Simples;Curva;N�o;2;0;1;0;1;0;1;1;-18,98013055;-44,66903016;SPRF-MG;DEL02-MG;UOP01-DEL02-MG;;;
692411;19/05/2025;segunda-feira;15:00:00;MG;262;169;SAO DOMINGOS DO PRATA;Acessar a via sem observar a presen�a dos outros ve�culos;Colis�o transversal;Com V�timas Fatais;Pleno dia;Decrescente;C�u Claro;Simples;"Curva;Declive";N�o;4;1;0;0;1;2;0;4;-19,961345;-42,912483;SPRF-MG;DEL03-MG;UOP01-DEL03-MG;;;
692416;19/05/2025;segunda-feira;19:35:00;TO;153;681;CARIRI DO TOCANTINS;Acessar a via sem observar a presen�a dos outros ve�culos;Colis�o lateral mesmo sentido;Com V�timas Fatais;Plena Noite;Decrescente;C�u Claro;Simples;Reta;N�o;7;1;0;0;3;4;0;6;-11,7965737;-49,1210764;SPRF-TO;DEL01-TO;UOP02-DEL01-TO;;;
692431;19/05/2025;segunda-feira;21:22:00;PE;101;46;IGARASSU;Manobra de mudan�a de faixa;Colis�o traseira;Com V�timas Feridas;Plena Noite;Decrescente;Chuva;M�ltipla;Reta;Sim;4;0;1;1;1;2;2;4;-7,87345383;-34,90588037;SPRF-PE;DEL01-PE;UOP02-DEL01-PE;;;
692432;19/05/2025;segunda-feira;20:05:00;MG;40;466,5;SETE LAGOAS;Rea��o tardia ou ineficiente do condutor;Sa�da de leito carro��vel;Com V�timas Feridas;Plena Noite;Crescente;C�u Claro;M�ltipla;"Reta;Declive";Sim;3;0;1;1;0;1;2;3;-19,447391;-44,320316;SPRF-MG;DEL02-MG;UOP01-DEL02-MG;;;
692435;19/05/2025;segunda-feira;20:35:00;GO;153;329;JARAGUA;Condutor Dormindo;Colis�o frontal;Com V�timas Feridas;Plena Noite;Decrescente;Ignorado;Simples;Reta;N�o;3;0;1;0;2;0;1;2;-15,53418;-49,44725;SPRF-GO;DEL02-GO;UOP02-DEL02-GO;;;
692436;19/05/2025;segunda-feira;20:30:00;BA;410;22;TUCANO;Rea��o tardia ou ineficiente do condutor;Colis�o frontal;Com V�timas Feridas;Plena Noite;Crescente;C�u Claro;Simples;Reta;N�o;3;0;1;0;1;1;1;3;-10,92332591;-38,69762421;SPRF-BA;DEL07-BA;UOP02-DEL07-BA;;;
692437;19/05/2025;segunda-feira;16:20:00;SC;280;294,7;PORTO UNIAO;Aus�ncia de rea��o do condutor;Colis�o traseira;Com V�timas Feridas;Pleno dia;Crescente;Garoa/Chuvisco;Simples;Aclive;N�o;2;0;0;1;1;0;1;2;-26,2897004;-50,9714903;SPRF-SC;DEL06-SC;UOP04-DEL06-SC;;;
692441;19/05/2025;segunda-feira;21:40:00;PR;116;18;CAMPINA GRANDE DO SUL;Aus�ncia de rea��o do condutor;Colis�o traseira;Com V�timas Feridas;Plena Noite;Crescente;Nublado;Dupla;Reta;N�o;2;0;0;1;1;0;1;2;-25,298196;-48,940483;SPRF-PR;DEL01-PR;UOP02-DEL01-PR;;;
692444;19/05/2025;segunda-feira;08:20:00;PR;158;348,5;PALMITAL;Velocidade Incompat�vel;Colis�o lateral sentido oposto;Com V�timas Feridas;Pleno dia;Decrescente;C�u Claro;Simples;"Declive;Reta";Sim;2;0;0;1;1;0;1;2;-24,981311;-52,297772;SPRF-PR;DEL04-PR;UOP02-DEL04-PR;;;
692447;19/05/2025;segunda-feira;23:13:00;PR;376;663,8;GUARATUBA;Ingest�o de �lcool pelo condutor;Colis�o traseira;Com V�timas Feridas;Plena Noite;Crescente;Nevoeiro/Neblina;Dupla;"Reta;Declive";N�o;3;0;1;0;1;3;1;5;-25,854677;-48,96807534;SPRF-PR;DEL01-PR;UOP04-DEL01-PR;;;
692449;19/05/2025;segunda-feira;18:00:00;PA;10;312;IRITUIA;Condutor deixou de manter dist�ncia do ve�culo da frente;Colis�o lateral mesmo sentido;Com V�timas Feridas;Plena Noite;Decrescente;Chuva;Simples;Reta;N�o;4;0;1;0;2;1;1;4;-1,69322;-47,502163;SPRF-PA;DEL01-PA;UOP02-DEL01-PA;;;
692451;19/05/2025;segunda-feira;22:20:00;MG;40;501;ESMERALDAS;Condutor deixou de manter dist�ncia do ve�culo da frente;Colis�o traseira;Com V�timas Feridas;Plena Noite;Crescente;C�u Claro;Dupla;"Reta;Aclive";N�o;2;0;0;1;1;0;1;2;-19,70554;-44,16846;SPRF-MG;DEL02-MG;UOP01-DEL02-MG;;;
692452;19/05/2025;segunda-feira;23:15:00;GO;40;129,6;CRISTALINA;Frear bruscamente;Tombamento;Com V�timas Feridas;Plena Noite;Decrescente;C�u Claro;Dupla;Reta;N�o;3;0;2;0;1;0;2;1;-16,905955;-47,351217;SPRF-DF;DEL01-DF;UOP02-DEL01-DF;;;
692454;19/05/2025;segunda-feira;23:30:00;PB;101;118,5;CAAPORA;Demais falhas mec�nicas ou el�tricas;Inc�ndio;Sem V�timas;Plena Noite;Decrescente;Chuva;Dupla;Reta;N�o;1;0;0;0;1;0;0;1;-7,42587;-34,96485;SPRF-PB;DEL01-PB;UOP01-DEL01-PB;;;
692457;20/05/2025;ter�a-feira;00:45:00;MG;381;438,2;SABARA;Transitar na contram�o;Tombamento;Com V�timas Feridas;Plena Noite;Decrescente;C�u Claro;Simples;Curva;N�o;3;0;2;1;0;0;3;2;-19,79933263;-43,76120567;SPRF-MG;DEL01-MG;UOP01-DEL01-MG;;;
692458;20/05/2025;ter�a-feira;03:45:00;MA;135;24,5;BACABEIRA;Rea��o tardia ou ineficiente do condutor;Colis�o com objeto;Sem V�timas;Plena Noite;Decrescente;C�u Claro;Dupla;"Ponte;Reta;Aclive";Sim;2;0;0;0;1;1;0;2;-2,76395;-44,359952;SPRF-MA;DEL01-MA;UOP01-DEL01-MA;;;
692465;20/05/2025;ter�a-feira;06:05:00;RJ;356;154;CAMPOS DOS GOYTACAZES;Transitar na contram�o;Colis�o lateral sentido oposto;Com V�timas Feridas;Amanhecer;Decrescente;C�u Claro;Simples;Curva;N�o;4;0;2;0;1;1;2;3;-21,754122;-41,23035;SPRF-RJ;DEL08-RJ;UOP02-DEL08-RJ;;;
692468;20/05/2025;ter�a-feira;06:30:00;RS;285;477,6;CORONEL BARROS;Chuva;Colis�o com objeto;Com V�timas Feridas;Plena Noite;Decrescente;Chuva;Simples;Reta;N�o;4;0;2;0;1;1;2;3;-28,3822542;-54,08271074;SPRF-RS;DEL10-RS;UOP01-DEL10-RS;;;
692469;20/05/2025;ter�a-feira;06:35:00;ES;101;276,3;SERRA;Desrespeitar a prefer�ncia no cruzamento;Colis�o transversal;Com V�timas Fatais;Pleno dia;Decrescente;Nublado;Dupla;Retorno Regulamentado;N�o;2;1;0;0;1;0;0;2;-20,2091774;-40,3158721;SPRF-ES;DEL02-ES;UOP01-DEL02-ES;;;
692484;20/05/2025;ter�a-feira;07:00:00;SC;101;114;ITAJAI;Aus�ncia de rea��o do condutor;Colis�o transversal;Com V�timas Feridas;Pleno dia;Decrescente;Nublado;Dupla;Reta;N�o;3;0;0;1;1;1;1;3;-26,85158897;-48,72600138;SPRF-SC;DEL04-SC;UOP04-DEL04-SC;;;
692487;20/05/2025;ter�a-feira;07:40:00;SE;101;115,4;ITAPORANGA DAJUDA;Acumulo de �gua sobre o pavimento;Colis�o frontal;Com V�timas Feridas;Pleno dia;Crescente;Chuva;Dupla;Reta;Sim;4;0;3;0;0;1;3;3;-11,00299775;-37,30738163;SPRF-SE;DEL02-SE;UOP01-DEL02-SE;;;
692489;20/05/2025;ter�a-feira;07:30:00;CE;116;13;FORTALEZA;Aus�ncia de rea��o do condutor;Colis�o com objeto;Com V�timas Feridas;Pleno dia;Decrescente;C�u Claro;Dupla;Reta;Sim;3;0;1;0;1;1;1;3;-3,8627217;-38,4971459;SPRF-CE;DEL01-CE;UOP02-DEL01-CE;;;
692490;20/05/2025;ter�a-feira;07:35:00;PR;277;3,5;PARANAGUA;Transitar no Acostamento;Queda de ocupante de ve�culo;Com V�timas Fatais;Pleno dia;Crescente;C�u Claro;Dupla;Rotat�ria;Sim;3;1;0;0;0;2;0;3;-25,54612959;-48,5602355;SPRF-PR;DEL01-PR;UOP05-DEL01-PR;;;
692492;20/05/2025;ter�a-feira;04:43:00;MA;226;286;BARRA DO CORDA;Objeto est�tico sobre o leito carro��vel;Colis�o traseira;Sem V�timas;Amanhecer;Decrescente;Nublado;Simples;"Curva;Declive";N�o;8;0;0;0;6;4;0;7;-5,41778537;-44,96904624;SPRF-MA;DEL06-MA;UOP01-DEL06-MA;;;
692500;18/05/2025;domingo;20:02:00;SC;282;385;JOACABA;Transitar na contram�o;Colis�o lateral sentido oposto;Sem V�timas;Plena Noite;Decrescente;Chuva;Simples;"Reta;Declive";N�o;2;0;0;0;2;0;0;2;-27,2019021;-51,51558995;SPRF-SC;DEL07-SC;UOP05-DEL07-SC;;;
692503;20/05/2025;ter�a-feira;07:00:00;PR;369;37;ANDIRA;Acessar a via sem observar a presen�a dos outros ve�culos;Colis�o transversal;Com V�timas Feridas;Pleno dia;Crescente;C�u Claro;Simples;"Interse��o de Vias;Reta";Sim;3;0;1;0;1;1;1;3;-23,04568007;-50,23297755;SPRF-PR;DEL07-PR;UOP05-DEL07-PR;;;
692505;20/05/2025;ter�a-feira;08:52:00;PR;376;666;GUARATUBA;Rea��o tardia ou ineficiente do condutor;Colis�o traseira;Com V�timas Feridas;Pleno dia;Decrescente;C�u Claro;Dupla;"Em Obras;Aclive";N�o;3;0;1;0;1;1;1;3;-25,86303945;-48,9394328;SPRF-PR;DEL01-PR;UOP04-DEL01-PR;;;
692506;12/05/2025;segunda-feira;15:30:00;BA;101;200;CACHOEIRA;Rea��o tardia ou ineficiente do condutor;Tombamento;Sem V�timas;Pleno dia;Crescente;C�u Claro;Simples;"Curva;Declive";N�o;2;0;0;0;1;2;0;3;-12,6014;-38,9658;SPRF-BA;DEL01-BA;UOP03-DEL01-BA;;;
692509;20/05/2025;ter�a-feira;10:00:00;RS;116;247,9;SAO LEOPOLDO;Rea��o tardia ou ineficiente do condutor;Colis�o transversal;Sem V�timas;Pleno dia;Crescente;Chuva;Dupla;"Reta;Interse��o de Vias";Sim;4;0;0;0;4;0;0;2;-29,77242385;-51,15432858;SPRF-RS;DEL01-RS;UOP02-DEL01-RS;;;
692510;20/05/2025;ter�a-feira;09:30:00;SE;101;69;MARUIM;Transitar no Acostamento;Colis�o lateral mesmo sentido;Com V�timas Feridas;Pleno dia;Decrescente;Chuva;Simples;"Em Obras;Reta";N�o;3;0;1;0;1;1;1;3;-10,729666;-37,081467;SPRF-SE;DEL01-SE;UOP01-DEL01-SE;;;
692515;20/05/2025;ter�a-feira;10:40:00;MG;356;282,8;PATROCINIO DO MURIAE;Transitar na contram�o;Colis�o frontal;Com V�timas Fatais;Pleno dia;Crescente;C�u Claro;Simples;Reta;N�o;4;1;2;0;1;0;2;2;-21,12312;-42,22586;SPRF-MG;DEL07-MG;UOP02-DEL07-MG;;;
692516;20/05/2025;ter�a-feira;08:20:00;RO;364;724;PORTO VELHO;Entrada inopinada do pedestre;Atropelamento de Pedestre;Com V�timas Feridas;Pleno dia;Decrescente;C�u Claro;Simples;"Em Obras;Reta";N�o;2;0;1;0;1;0;1;2;-8,85863408;-63,9446032;SPRF-RO;DEL01-RO;UOP01-DEL01-RO;;;
692522;20/05/2025;ter�a-feira;10:30:00;RJ;116;286;BARRA MANSA;Sinaliza��o mal posicionada;Colis�o traseira;Com V�timas Feridas;Pleno dia;Crescente;C�u Claro;Dupla;"Curva;Aclive";N�o;4;0;1;0;2;2;1;5;-22,47004853;-44,27911109;SPRF-RJ;DEL07-RJ;UOP02-DEL07-RJ;;;
692528;20/05/2025;ter�a-feira;07:00:00;MA;402;36;AXIXA;Manobra de mudan�a de faixa;Colis�o frontal;Com V�timas Fatais;Amanhecer;Decrescente;Nublado;Simples;"Declive;Reta";Sim;2;1;0;0;0;1;0;2;-2,854485;-44,0582633;SPRF-MA;DEL01-MA;UOP01-DEL01-MA;;;
692534;20/05/2025;ter�a-feira;02:30:00;MA;316;467;CODO;Condutor deixou de manter dist�ncia do ve�culo da frente;Colis�o traseira;Com V�timas Feridas;Plena Noite;Crescente;C�u Claro;Simples;"Ponte;Reta";N�o;3;0;1;0;1;1;1;3;-4,553617;-43,998467;SPRF-MA;DEL03-MA;UOP01-DEL03-MA;;;
692535;20/05/2025;ter�a-feira;12:45:00;PR;116;17;COLOMBO;Acessar a via sem observar a presen�a dos outros ve�culos;Colis�o lateral mesmo sentido;Com V�timas Fatais;Pleno dia;Crescente;Sol;Dupla;"Interse��o de Vias;Aclive;Reta";Sim;3;1;0;0;1;1;0;3;-25,389076;-49,19260383;SPRF-PR;DEL01-PR;UOP02-DEL01-PR;;;
692536;20/05/2025;ter�a-feira;12:20:00;MS;262;361;CAMPO GRANDE;Ultrapassagem Indevida;Colis�o frontal;Com V�timas Fatais;Pleno dia;Decrescente;C�u Claro;Simples;Reta;N�o;3;2;0;0;1;0;0;2;-20,51675082;-54,71791403;SPRF-MS;DEL01-MS;UOP03-DEL01-MS;;;
692537;20/05/2025;ter�a-feira;11:50:00;MG;116;283,9;TEOFILO OTONI;Aus�ncia de rea��o do condutor;Colis�o lateral mesmo sentido;Com V�timas Feridas;Pleno dia;Crescente;Nublado;Simples;Reta;N�o;2;0;0;1;1;0;1;2;-17,917767;-41,52733;SPRF-MG;DEL11-MG;UOP01-DEL11-MG;;;
692538;17/05/2025;s�bado;06:00:00;BA;242;286;LAJEDINHO;Pista esburacada;Capotamento;Com V�timas Feridas;Pleno dia;Decrescente;Chuva;Simples;Reta;N�o;2;0;1;0;0;1;1;2;-12,44173;-40,77464;SPRF-BA;DEL06-BA;UOP02-DEL06-BA;;;
692543;20/05/2025;ter�a-feira;09:30:00;MS;376;41;VICENTINA;Desvio tempor�rio;Tombamento;Com V�timas Feridas;Pleno dia;Decrescente;C�u Claro;Simples;"Reta;Em Obras;Aclive;Desvio Tempor�rio";N�o;2;0;1;0;0;2;1;3;-22,426721;-54,390042;SPRF-MS;DEL04-MS;UOP01-DEL04-MS;;;
692553;20/05/2025;ter�a-feira;06:20:00;MG;40;700,5;BARBACENA;Estacionar ou parar em local proibido;Engavetamento;Com V�timas Feridas;Pleno dia;Decrescente;C�u Claro;Dupla;"Reta;Declive";Sim;5;0;2;0;3;0;2;4;-21,22064054;-43,7340263;SPRF-MG;DEL05-MG;UOP02-DEL05-MG;;;
692555;20/05/2025;ter�a-feira;14:40:00;MG;262;37;MANHUACU;Transitar na contram�o;Colis�o lateral sentido oposto;Sem V�timas;Pleno dia;Decrescente;C�u Claro;Simples;Curva;Sim;3;0;0;0;3;0;0;2;-20,27286631;-42,04001444;SPRF-MG;DEL06-MG;UOP03-DEL06-MG;;;
692559;20/05/2025;ter�a-feira;06:50:00;MG;40;700,8;BARBACENA;Entrada inopinada do pedestre;Eventos at�picos;Com V�timas Feridas;Pleno dia;Decrescente;C�u Claro;Dupla;Curva;Sim;2;0;1;0;1;0;1;2;-21,22190071;-43,73127972;SPRF-MG;DEL05-MG;UOP02-DEL05-MG;;;
692564;20/05/2025;ter�a-feira;15:35:00;RS;290;91;PORTO ALEGRE;Manobra de mudan�a de faixa;Colis�o lateral mesmo sentido;Com V�timas Feridas;Pleno dia;Decrescente;Nublado;Dupla;"Retorno Regulamentado;Curva";N�o;2;0;0;1;0;1;1;2;-29,96931793;-51,16951472;SPRF-RS;DEL01-RS;UOP01-DEL01-RS;;;
692565;20/05/2025;ter�a-feira;15:01:00;MS;262;351,5;CAMPO GRANDE;Convers�o proibida;Colis�o lateral mesmo sentido;Com V�timas Feridas;Pleno dia;Decrescente;C�u Claro;Dupla;"Reta;Retorno Regulamentado";N�o;4;0;2;0;1;1;2;3;-20,570062;-54,645604;SPRF-MS;DEL01-MS;UOP03-DEL01-MS;;;
692566;20/05/2025;ter�a-feira;16:30:00;BA;101;877,2;TEIXEIRA DE FREITAS;Acessar a via sem observar a presen�a dos outros ve�culos;Colis�o frontal;Com V�timas Feridas;Pleno dia;Decrescente;Chuva;Dupla;"Interse��o de Vias;Reta";Sim;2;0;0;1;1;0;1;2;-17,544821;-39,717911;SPRF-BA;DEL09-BA;UOP02-DEL09-BA;;;
692571;20/05/2025;ter�a-feira;16:30:00;RS;470;219;BENTO GONCALVES;Velocidade Incompat�vel;Colis�o frontal;Com V�timas Feridas;Pleno dia;Crescente;Chuva;Simples;Curva;N�o;2;0;0;1;1;0;1;2;-29,19078484;-51,52207788;SPRF-RS;DEL06-RS;UOP01-DEL06-RS;;;
692576;20/05/2025;ter�a-feira;14:30:00;MT;163;1015;TERRA NOVA DO NORTE;Acessar a via sem observar a presen�a dos outros ve�culos;Colis�o transversal;Com V�timas Feridas;Pleno dia;Decrescente;C�u Claro;Simples;Reta;N�o;5;0;0;1;3;3;1;5;-10,362699;-55,044999;SPRF-MT;DEL06-MT;UOP03-DEL06-MT;;;
692578;20/05/2025;ter�a-feira;17:30:00;ES;101;297,8;VIANA;Manobra de mudan�a de faixa;Colis�o lateral mesmo sentido;Com V�timas Feridas;Anoitecer;Decrescente;C�u Claro;Dupla;Reta;Sim;3;0;1;0;2;0;1;3;-20,35102005;-40,41308951;SPRF-ES;DEL01-ES;UOP01-DEL01-ES;;;
692581;20/05/2025;ter�a-feira;17:00:00;RS;158;312;ITAARA;Ultrapassagem Indevida;Sa�da de leito carro��vel;Com V�timas Feridas;Anoitecer;Crescente;Garoa/Chuvisco;Simples;Reta;Sim;6;0;1;0;3;2;1;4;-29,629869;-53,768346;SPRF-RS;DEL09-RS;UOP01-DEL09-RS;;;
692582;20/05/2025;ter�a-feira;15:00:00;GO;158;90;PIRANHAS;Rea��o tardia ou ineficiente do condutor;Engavetamento;Com V�timas Feridas;Pleno dia;Decrescente;C�u Claro;Simples;Reta;Sim;4;0;1;0;2;3;1;6;-16,4411696;-51,7939066;SPRF-GO;DEL04-GO;UOP02-DEL04-GO;;;
692587;20/05/2025;ter�a-feira;18:30:00;RJ;116;287;BARRA MANSA;Velocidade Incompat�vel;Colis�o traseira;Com V�timas Feridas;Plena Noite;Crescente;C�u Claro;Dupla;Reta;N�o;2;0;1;0;1;0;1;2;-22,495404;-44,23931329;SPRF-RJ;DEL07-RJ;UOP02-DEL07-RJ;;;
692588;20/05/2025;ter�a-feira;08:30:00;PR;163;126,5;REALEZA;Velocidade Incompat�vel;Sa�da de leito carro��vel;Com V�timas Feridas;Pleno dia;Crescente;Sol;Simples;Reta;N�o;2;0;1;0;0;2;1;3;-25,578157;-53,564352;SPRF-PR;DEL02-PR;UOP02-DEL02-PR;;;
692593;20/05/2025;ter�a-feira;18:40:00;SC;101;130,5;CAMBORIU;Desrespeitar a prefer�ncia no cruzamento;Colis�o frontal;Com V�timas Fatais;Plena Noite;Crescente;C�u Claro;Simples;Reta;Sim;2;1;0;0;1;0;0;2;-26,98696664;-48,66627932;SPRF-SC;DEL04-SC;UOP03-DEL04-SC;;;
692595;20/05/2025;ter�a-feira;16:30:00;TO;153;251;COLINAS DO TOCANTINS;Manobra de mudan�a de faixa;Derramamento de carga;Sem V�timas;Pleno dia;Crescente;C�u Claro;Simples;"Reta;Declive";N�o;2;0;0;0;1;1;0;2;-8,10125375;-48,46837342;SPRF-TO;DEL02-TO;UOP02-DEL02-TO;;;
692599;20/05/2025;ter�a-feira;17:25:00;RS;392;102,3;PELOTAS;Suic�dio (presumido);Colis�o lateral sentido oposto;Com V�timas Fatais;Anoitecer;Crescente;C�u Claro;Simples;Reta;N�o;4;1;0;0;1;2;0;4;-31,52155;-52,59302;SPRF-RS;DEL07-RS;UOP01-DEL07-RS;;;
692600;20/05/2025;ter�a-feira;13:00:00;MT;174;120;MIRASSOL DOESTE;Rea��o tardia ou ineficiente do condutor;Sa�da de leito carro��vel;Com V�timas Feridas;Pleno dia;Decrescente;Garoa/Chuvisco;Simples;Curva;N�o;2;0;1;0;0;1;1;2;-15,82113878;-58,04154307;SPRF-MT;DEL03-MT;UOP01-DEL03-MT;;;
692603;20/05/2025;ter�a-feira;18:20:00;MG;40;415,4;FELIXLANDIA;Pedestre andava na pista;Atropelamento de Pedestre;Com V�timas Feridas;Plena Noite;Decrescente;C�u Claro;Simples;Reta;N�o;2;0;0;1;0;1;1;2;-18,71486997;-44,95013237;SPRF-MG;DEL02-MG;UOP01-DEL02-MG;;;
692605;20/05/2025;ter�a-feira;17:00:00;PR;476;242,2;ANTONIO OLINTO;Aus�ncia de rea��o do condutor;Colis�o lateral sentido oposto;Com V�timas Feridas;Pleno dia;Crescente;Nublado;Simples;Curva;N�o;4;0;2;0;1;1;2;3;-25,88570541;-50,18088788;SPRF-PR;DEL02-PR;UOP03-DEL02-PR;;;
692606;20/05/2025;ter�a-feira;15:45:00;PR;163;160;LINDOESTE;Rea��o tardia ou ineficiente do condutor;Sa�da de leito carro��vel;Com V�timas Feridas;Pleno dia;Crescente;C�u Claro;Dupla;"Curva;Declive";N�o;2;0;1;0;0;1;1;2;-25,29428695;-53,57173895;SPRF-PR;DEL05-PR;UOP05-DEL05-PR;;;
692614;20/05/2025;ter�a-feira;19:00:00;PR;116;59,5;CAMPINA GRANDE DO SUL;Velocidade Incompat�vel;Sa�da de leito carro��vel;Com V�timas Feridas;Pleno dia;Crescente;Chuva;Dupla;"Reta;Declive";N�o;2;0;1;0;0;1;1;2;-25,30482571;-48,94524448;SPRF-PR;DEL01-PR;UOP02-DEL01-PR;;;
692615;20/05/2025;ter�a-feira;16:40:00;MG;365;750;ITUIUTABA;Velocidade Incompat�vel;Tombamento;Com V�timas Feridas;Pleno dia;Crescente;Sol;Simples;Retorno Regulamentado;Sim;1;0;1;0;0;0;1;1;-18,950371;-49,464047;SPRF-MG;DEL15-MG;UOP03-DEL15-MG;;;
692617;20/05/2025;ter�a-feira;19:25:00;MG;153;10,7;ARAPORA;Velocidade Incompat�vel;Sa�da de leito carro��vel;Com V�timas Feridas;Plena Noite;Decrescente;C�u Claro;Dupla;Reta;N�o;2;0;2;0;0;0;2;1;-18,51160839;-49,18906331;SPRF-MG;DEL15-MG;UOP03-DEL15-MG;;;
692624;20/05/2025;ter�a-feira;16:50:00;SC;282;300,8;VARGEM;Velocidade Incompat�vel;Tombamento;Com V�timas Feridas;Anoitecer;Decrescente;C�u Claro;Simples;"Curva;Declive";N�o;2;0;1;0;0;1;1;2;-27,510965;-50,92364;SPRF-SC;DEL07-SC;UOP06-DEL07-SC;;;
692638;20/05/2025;ter�a-feira;17:30:00;RO;364;745;PORTO VELHO;Demais falhas mec�nicas ou el�tricas;Colis�o lateral sentido oposto;Com V�timas Feridas;Pleno dia;Decrescente;C�u Claro;Simples;Reta;N�o;3;0;1;0;2;0;1;2;-9,02137297;-64,01093658;SPRF-RO;DEL01-RO;UOP02-DEL01-RO;;;