id;data_inversa;dia_semana;horario;uf;br;km;municipio;causa_acidente;tipo_acidente;classificacao_acidente;fase_dia;sentido_via;condicao_metereologica;tipo_pista;tracado_via;uso_solo;pessoas;mortos;feridos_leves;feridos_graves;ilesos;ignorados;feridos;veiculos;latitude;longitude;regional;delegacia;uop;;;
692641;20/05/2025;ter�a-feira;21:45:00;SP;116;366;MIRACATU;Demais falhas mec�nicas ou el�tricas;Inc�ndio;Sem V�timas;Plena Noite;Crescente;Nublado;Dupla;Curva;Sim;2;0;0;0;1;1;0;2;-24,14315523;-47,28675703;SPRF-SP;DEL04-SP;UOP02-DEL04-SP;;;
692656;20/05/2025;ter�a-feira;22:00:00;MG;40;627,9;CONSELHEIRO LAFAIETE;Pedestre cruzava a pista fora da faixa;Atropelamento de Pedestre;Com V�timas Fatais;Plena Noite;Decrescente;C�u Claro;Dupla;Reta;Sim;2;1;0;0;1;0;0;2;-20,647875;-43,809653;SPRF-MG;DEL05-MG;UOP02-DEL05-MG;;;
692660;21/05/2025;quarta-feira;03:20:00;RJ;101;195;CASIMIRO DE ABREU;Condutor Dormindo;Colis�o com objeto;Com V�timas Feridas;Plena Noite;Decrescente;C�u Claro;Dupla;"Curva;Declive";N�o;2;0;1;0;0;1;1;2;-22,4753698;-42,1723462;SPRF-RJ;DEL08-RJ;UOP04-DEL08-RJ;;;
692661;21/05/2025;quarta-feira;04:20:00;SP;116;316;JUQUITIBA;Aus�ncia de rea��o do condutor;Tombamento;Com V�timas Feridas;Plena Noite;Decrescente;C�u Claro;Dupla;Curva;N�o;3;0;1;0;1;1;1;2;-23,93439391;-47,03451778;SPRF-SP;DEL04-SP;UOP03-DEL04-SP;;;
692662;21/05/2025;quarta-feira;03:40:00;PR;277;271,1;IRATI;Rea��o tardia ou ineficiente do condutor;Colis�o traseira;Com V�timas Feridas;Plena Noite;Decrescente;Nevoeiro/Neblina;Simples;Reta;N�o;9;0;1;0;7;1;1;3;-25,383783;-50,852479;SPRF-PR;DEL08-PR;UOP02-DEL08-PR;;;
692663;21/05/2025;quarta-feira;04:40:00;ES;101;126,3;SOORETAMA;Condutor desrespeitou a ilumina��o vermelha do sem�foro;Colis�o transversal;Com V�timas Feridas;Plena Noite;Crescente;Nevoeiro/Neblina;M�ltipla;"Interse��o de Vias;Reta";Sim;32;0;17;2;13;0;19;2;-19,19769529;-40,09539578;SPRF-ES;DEL04-ES;UOP01-DEL04-ES;;;
692664;21/05/2025;quarta-feira;06:00:00;PR;376;678;GUARATUBA;Velocidade Incompat�vel;Sa�da de leito carro��vel;Com V�timas Feridas;Amanhecer;Crescente;Garoa/Chuvisco;Dupla;Curva;N�o;4;0;1;0;2;1;1;4;-25,95523752;-48,90102625;SPRF-PR;DEL01-PR;UOP04-DEL01-PR;;;
692669;21/05/2025;quarta-feira;00:40:00;RJ;116;261;BARRA MANSA;Aus�ncia de rea��o do condutor;Colis�o traseira;Com V�timas Feridas;Plena Noite;Decrescente;Nublado;Dupla;Reta;N�o;3;0;0;1;1;1;1;3;-22,58423448;-44,10948649;SPRF-RJ;DEL07-RJ;UOP02-DEL07-RJ;;;
692671;21/05/2025;quarta-feira;06:00:00;MG;116;782;LEOPOLDINA;Aus�ncia de rea��o do condutor;Colis�o lateral sentido oposto;Com V�timas Feridas;Amanhecer;Crescente;C�u Claro;Simples;Curva;N�o;3;0;0;1;1;1;1;3;-21,627038;-42,69996898;SPRF-MG;DEL07-MG;UOP01-DEL07-MG;;;
692676;21/05/2025;quarta-feira;07:07:00;SC;470;143,9;RIO DO SUL;Aus�ncia de rea��o do condutor;Engavetamento;Com V�timas Feridas;Pleno dia;Crescente;Nublado;Simples;Reta;N�o;3;0;1;0;2;0;1;3;-27,224;-49,664;SPRF-SC;DEL04-SC;UOP02-DEL04-SC;;;
692685;21/05/2025;quarta-feira;07:38:00;ES;101;262;SERRA;Manobra de mudan�a de faixa;Colis�o lateral mesmo sentido;Com V�timas Feridas;Pleno dia;Decrescente;Sol;Dupla;"Reta;Aclive";Sim;4;0;1;0;2;1;1;3;-20,15893204;-40,27622475;SPRF-ES;DEL02-ES;UOP01-DEL02-ES;;;
692690;21/05/2025;quarta-feira;08:20:00;ES;101;289,9;CARIACICA;Manobra de mudan�a de faixa;Colis�o lateral mesmo sentido;Com V�timas Feridas;Pleno dia;Crescente;C�u Claro;Dupla;"Reta;Aclive";Sim;2;0;1;0;0;1;1;2;-20,28985326;-40,39189529;SPRF-ES;DEL01-ES;UOP01-DEL01-ES;;;
692692;21/05/2025;quarta-feira;06:00:00;CE;116;528;JATI;Chuva;Sa�da de leito carro��vel;Com V�timas Feridas;Amanhecer;Decrescente;Chuva;Simples;"Curva;Declive";N�o;2;0;1;0;0;1;1;2;-7,70283116;-39,02703015;SPRF-CE;DEL05-CE;UOP03-DEL05-CE;;;
692694;21/05/2025;quarta-feira;04:45:00;SC;282;610;MARAVILHA;Condutor Dormindo;Tombamento;Com V�timas Fatais;Plena Noite;Crescente;C�u Claro;Simples;"Curva;Declive";N�o;2;1;0;0;0;1;0;2;-26,75519896;-53,23232031;SPRF-SC;DEL07-SC;UOP02-DEL07-SC;;;
692695;21/05/2025;quarta-feira;08:00:00;GO;60;380;RIO VERDE;Manobra de mudan�a de faixa;Colis�o lateral mesmo sentido;Com V�timas Feridas;Pleno dia;Crescente;C�u Claro;M�ltipla;"Interse��o de Vias;Reta;Declive";Sim;5;0;2;0;3;0;2;3;-17,782568;-50,897492;SPRF-GO;DEL04-GO;UOP02-DEL04-GO;;;
692713;21/05/2025;quarta-feira;10:05:00;BA;101;926;NOVA VICOSA;Pista esburacada;Colis�o frontal;Com V�timas Fatais;Pleno dia;Crescente;C�u Claro;Simples;Reta;N�o;4;1;3;0;0;0;3;2;-17,937567;-39,849388;SPRF-BA;DEL09-BA;UOP02-DEL09-BA;;;
692714;21/05/2025;quarta-feira;10:45:00;PR;277;332;GUARAPUAVA;Rea��o tardia ou ineficiente do condutor;Tombamento;Com V�timas Feridas;Pleno dia;Decrescente;C�u Claro;Dupla;"Curva;Declive";N�o;2;0;1;0;0;1;1;2;-25,35341;-51,37306;SPRF-PR;DEL08-PR;UOP01-DEL08-PR;;;
692718;26/04/2025;s�bado;14:19:00;MG;251;442,1;GRAO MOGOL;Aus�ncia de rea��o do condutor;Engavetamento;Com V�timas Fatais;Pleno dia;Crescente;C�u Claro;Simples;Reta;Sim;4;1;1;0;1;2;1;5;-16,4066607;-43,2276084;SPRF-MG;DEL12-MG;UOP01-DEL12-MG;;;
692720;21/05/2025;quarta-feira;12:20:00;MG;50;4;ARAGUARI;Velocidade Incompat�vel;Colis�o com objeto;Com V�timas Feridas;Pleno dia;Decrescente;C�u Claro;Dupla;"Reta;Aclive";N�o;2;0;1;0;0;1;1;2;-18,4755459;-48,0488879;SPRF-MG;DEL15-MG;UOP02-DEL15-MG;;;
692721;21/05/2025;quarta-feira;12:30:00;TO;153;466;BARROLANDIA;Demais falhas mec�nicas ou el�tricas;Inc�ndio;Com V�timas Feridas;Pleno dia;Crescente;C�u Claro;Simples;"Curva;Aclive";N�o;2;0;1;0;0;1;1;2;-9,9689398;-48,7440027;SPRF-TO;DEL01-TO;UOP01-DEL01-TO;;;
692725;21/05/2025;quarta-feira;09:00:00;SC;470;85,7;RODEIO;Acessar a via sem observar a presen�a dos outros ve�culos;Colis�o transversal;Com V�timas Feridas;Pleno dia;Crescente;Garoa/Chuvisco;Simples;Curva;N�o;3;0;1;0;2;0;1;2;-26,95013547;-49,35630726;SPRF-SC;DEL04-SC;UOP01-DEL04-SC;;;
692728;21/05/2025;quarta-feira;12:10:00;RJ;101;426,4;MANGARATIBA;Rea��o tardia ou ineficiente do condutor;Colis�o traseira;Com V�timas Feridas;Pleno dia;Decrescente;C�u Claro;Simples;"Aclive;Reta";N�o;3;0;1;0;2;0;1;3;-22,9319;-43,9823;SPRF-RJ;DEL03-RJ;UOP02-DEL03-RJ;;;
692731;21/05/2025;quarta-feira;12:30:00;PR;376;184,3;SARANDI;Manobra de mudan�a de faixa;Colis�o lateral mesmo sentido;Com V�timas Feridas;Pleno dia;Crescente;C�u Claro;Dupla;Declive;N�o;4;0;2;0;1;2;2;4;-23,44434;-51,866196;SPRF-PR;DEL09-PR;UOP01-DEL09-PR;;;
692735;21/05/2025;quarta-feira;14:10:00;ES;101;292;CARIACICA;Manobra de mudan�a de faixa;Colis�o traseira;Com V�timas Feridas;Pleno dia;Decrescente;Sol;Dupla;Reta;Sim;6;0;2;3;1;0;5;2;-20,30636079;-40,39502597;SPRF-ES;DEL01-ES;UOP01-DEL01-ES;;;
692736;21/05/2025;quarta-feira;11:00:00;MT;70;522;VARZEA GRANDE;Acessar a via sem observar a presen�a dos outros ve�culos;Colis�o transversal;Com V�timas Feridas;Pleno dia;Crescente;C�u Claro;Simples;Reta;Sim;2;0;1;0;1;0;1;2;-15,66231272;-56,18578955;SPRF-MT;DEL01-MT;UOP02-DEL01-MT;;;
692737;21/05/2025;quarta-feira;10:30:00;RS;153;556;BAGE;Condutor Dormindo;Sa�da de leito carro��vel;Com V�timas Feridas;Pleno dia;Crescente;C�u Claro;Simples;Curva;N�o;3;0;1;0;0;2;1;3;-30,88496223;-53,61501932;SPRF-RS;DEL11-RS;UOP03-DEL11-RS;;;
692742;21/05/2025;quarta-feira;13:32:00;RS;116;298;GUAIBA;Desvio tempor�rio;Colis�o lateral mesmo sentido;Com V�timas Feridas;Pleno dia;Crescente;C�u Claro;Dupla;"Reta;Ponte;Em Obras;Desvio Tempor�rio";N�o;5;0;1;0;1;3;1;4;-30,11361465;-51,34507656;SPRF-RS;DEL02-RS;UOP01-DEL02-RS;;;
692743;21/05/2025;quarta-feira;14:40:00;MG;459;89;CONGONHAL;Condutor deixou de manter dist�ncia do ve�culo da frente;Colis�o traseira;Com V�timas Feridas;Pleno dia;Crescente;C�u Claro;Simples;Reta;N�o;6;0;5;0;1;0;5;2;-22,14923183;-46,02177143;SPRF-MG;DEL09-MG;UOP01-DEL09-MG;;;
692746;21/05/2025;quarta-feira;13:40:00;GO;60;122;TEREZOPOLIS DE GOIAS;Rea��o tardia ou ineficiente do condutor;Colis�o transversal;Com V�timas Feridas;Pleno dia;Crescente;C�u Claro;Dupla;Declive;N�o;2;0;1;0;1;0;1;2;-16,50665331;-49,11533542;SPRF-GO;DEL01-GO;UOP01-DEL01-GO;;;
692748;21/05/2025;quarta-feira;10:30:00;RJ;356;98;CARDOSO MOREIRA;Declive acentuado;Colis�o com objeto;Com V�timas Feridas;Pleno dia;Crescente;C�u Claro;Simples;"Curva;Declive";N�o;2;0;1;1;0;0;2;1;-21,525361;-41,545619;SPRF-RJ;DEL08-RJ;UOP03-DEL08-RJ;;;
692750;21/05/2025;quarta-feira;15:06:00;ES;101;145,5;LINHARES;Ultrapassagem Indevida;Colis�o lateral mesmo sentido;Com V�timas Feridas;Pleno dia;Crescente;C�u Claro;M�ltipla;Reta;N�o;2;0;1;0;1;0;1;2;-19,36533504;-40,06548898;SPRF-ES;DEL04-ES;UOP01-DEL04-ES;;;
692751;21/05/2025;quarta-feira;14:30:00;MG;50;72;UBERLANDIA;Rea��o tardia ou ineficiente do condutor;Tombamento;Com V�timas Feridas;Pleno dia;Crescente;C�u Claro;Dupla;Reta;Sim;3;0;0;1;1;1;1;3;-18,90317501;-48,23530767;SPRF-MG;DEL15-MG;UOP01-DEL15-MG;;;
692752;21/05/2025;quarta-feira;11:45:00;MG;262;398;PARA DE MINAS;Aus�ncia de rea��o do condutor;Colis�o traseira;Com V�timas Feridas;Pleno dia;Crescente;C�u Claro;Dupla;"Declive;Reta";N�o;2;0;1;0;1;0;1;2;-19,88881529;-44,59104963;SPRF-MG;DEL01-MG;UOP03-DEL01-MG;;;
692758;21/05/2025;quarta-feira;12:00:00;SC;282;89;ALFREDO WAGNER;Aus�ncia de rea��o do condutor;Colis�o frontal;Com V�timas Feridas;Pleno dia;Crescente;Chuva;Simples;"Declive;Reta";N�o;4;0;2;0;1;3;2;5;-27,726444;-49,359688;SPRF-SC;DEL01-SC;UOP03-DEL01-SC;;;
692761;21/05/2025;quarta-feira;12:00:00;RO;364;460,4;ARIQUEMES;Declive acentuado;Sa�da de leito carro��vel;Com V�timas Feridas;Pleno dia;Crescente;C�u Claro;Simples;Curva;N�o;2;0;1;0;0;2;1;3;-10,22723221;-62,75752258;SPRF-RO;DEL03-RO;UOP02-DEL03-RO;;;
692762;21/05/2025;quarta-feira;15:45:00;SP;116;512;CAJATI;Aus�ncia de rea��o do condutor;Sa�da de leito carro��vel;Com V�timas Feridas;Pleno dia;Decrescente;C�u Claro;Dupla;"Curva;Declive";N�o;2;0;1;0;0;1;1;2;-24,8442181;-48,21141656;SPRF-SP;DEL05-SP;UOP02-DEL05-SP;;;
692769;21/05/2025;quarta-feira;15:55:00;PR;116;114;CURITIBA;Rea��o tardia ou ineficiente do condutor;Sa�da de leito carro��vel;Com V�timas Feridas;Pleno dia;Crescente;Nublado;M�ltipla;Reta;Sim;1;0;1;0;0;0;1;1;-25,5458944;-49,29577081;SPRF-PR;DEL01-PR;UOP03-DEL01-PR;;;
692773;21/05/2025;quarta-feira;17:00:00;RS;116;255;ESTEIO;Aus�ncia de rea��o do condutor;Colis�o traseira;Com V�timas Feridas;Pleno dia;Crescente;C�u Claro;Simples;Reta;N�o;2;0;1;0;1;0;1;2;-29,8528026;-51,17967189;SPRF-RS;DEL01-RS;UOP02-DEL01-RS;;;
692790;21/05/2025;quarta-feira;17:30:00;SC;101;147;ITAPEMA;Condutor deixou de manter dist�ncia do ve�culo da frente;Colis�o traseira;Com V�timas Feridas;Anoitecer;Decrescente;Chuva;Dupla;Reta;Sim;4;0;1;0;2;1;1;4;-27,08074777;-48,60057324;SPRF-SC;DEL04-SC;UOP03-DEL04-SC;;;
692796;21/05/2025;quarta-feira;00:16:00;RN;304;294,9;MACAIBA;Rea��o tardia ou ineficiente do condutor;Sa�da de leito carro��vel;Sem V�timas;Plena Noite;Crescente;Nublado;Dupla;Reta;N�o;1;0;0;0;1;0;0;1;-5,86783035;-35,36845565;SPRF-RN;DEL01-RN;UOP02-DEL01-RN;;;
692801;21/05/2025;quarta-feira;17:20:00;MS;163;609,8;SAO GABRIEL DO OESTE;Aus�ncia de rea��o do condutor;Sa�da de leito carro��vel;Com V�timas Fatais;Anoitecer;Crescente;C�u Claro;Simples;"Ponte;Reta;Declive";N�o;1;1;0;0;0;0;0;1;-19,4323796;-54,5387689;SPRF-MS;DEL06-MS;UOP02-DEL06-MS;;;
692806;21/05/2025;quarta-feira;19:10:00;PE;101;40;IGARASSU;Convers�o proibida;Colis�o transversal;Com V�timas Feridas;Anoitecer;Crescente;Nublado;Dupla;Reta;Sim;3;0;0;1;1;1;1;3;-7,82453963;-34,91579382;SPRF-PE;DEL01-PE;UOP02-DEL01-PE;;;
692816;21/05/2025;quarta-feira;19:00:00;CE;116;164;RUSSAS;Condutor deixou de manter dist�ncia do ve�culo da frente;Colis�o traseira;Com V�timas Feridas;Plena Noite;Decrescente;C�u Claro;Simples;Reta;N�o;3;0;1;1;0;1;2;2;-4,956052;-37,999809;SPRF-CE;DEL03-CE;UOP01-DEL03-CE;;;
692827;21/05/2025;quarta-feira;20:10:00;RS;392;351,1;SANTA MARIA;Aus�ncia de rea��o do condutor;Colis�o traseira;Com V�timas Feridas;Plena Noite;Decrescente;C�u Claro;Simples;Reta;N�o;2;0;1;0;1;0;1;2;-29,72672543;-53,80506992;SPRF-RS;DEL09-RS;UOP01-DEL09-RS;;;
692833;18/05/2025;domingo;01:30:00;BA;101;109;ALAGOINHAS;Pedestre andava na pista;Atropelamento de Pedestre;Com V�timas Feridas;Plena Noite;Decrescente;Nublado;Simples;Reta;N�o;2;0;1;0;0;1;1;2;-12,16184902;-38,41300964;SPRF-BA;DEL01-BA;UOP04-DEL01-BA;;;
692840;21/05/2025;quarta-feira;17:30:00;SP;116;551,3;BARRA DO TURVO;Aus�ncia de rea��o do condutor;Tombamento;Com V�timas Feridas;Anoitecer;Decrescente;Chuva;Simples;Curva;N�o;2;0;1;0;0;1;1;2;-24,96217176;-48,47734451;SPRF-SP;DEL05-SP;UOP02-DEL05-SP;;;
692848;21/05/2025;quarta-feira;10:30:00;RJ;116;95;GUAPIMIRIM;Ultrapassagem Indevida;Colis�o lateral mesmo sentido;Com V�timas Feridas;Pleno dia;Decrescente;C�u Claro;Simples;Reta;N�o;2;0;1;0;1;0;1;2;-22,46814747;-43,00171064;SPRF-RJ;DEL04-RJ;UOP01-DEL04-RJ;;;
692853;21/05/2025;quarta-feira;20:03:00;RO;364;383;OURO PRETO DO OESTE;Objeto est�tico sobre o leito carro��vel;Colis�o com objeto;Com V�timas Feridas;Plena Noite;Crescente;C�u Claro;Dupla;Aclive;N�o;2;0;0;1;1;0;1;2;-10,719163;-62,247327;SPRF-RO;DEL02-RO;UOP01-DEL02-RO;;;
692862;21/05/2025;quarta-feira;19:19:00;RO;364;643;CANDEIAS DO JAMARI;Condutor deixou de manter dist�ncia do ve�culo da frente;Colis�o frontal;Com V�timas Feridas;Plena Noite;Decrescente;Nevoeiro/Neblina;Simples;Reta;N�o;3;0;0;1;1;3;1;5;-8,95281322;-63,42902631;SPRF-RO;DEL01-RO;UOP04-DEL01-RO;;;
692864;22/05/2025;quinta-feira;03:00:00;MG;50;168;PATROCINIO;Condutor Dormindo;Sa�da de leito carro��vel;Com V�timas Feridas;Plena Noite;Decrescente;C�u Claro;Dupla;"Reta;Em Obras;Aclive";Sim;2;0;1;0;1;0;1;1;-19;-47;SPRF-MG;DEL13-MG;UOP01-DEL13-MG;;;
692867;22/05/2025;quinta-feira;03:48:00;SC;282;379;HERVAL DOESTE;Condutor Dormindo;Sa�da de leito carro��vel;Com V�timas Feridas;Plena Noite;Crescente;Chuva;Simples;"Curva;Rotat�ria;Interse��o de Vias";N�o;1;0;1;0;0;0;1;1;-27,21432451;-51,48690876;SPRF-SC;DEL07-SC;UOP05-DEL07-SC;;;
692870;22/05/2025;quinta-feira;04:30:00;SC;101;120;ITAJAI;Condutor deixou de manter dist�ncia do ve�culo da frente;Colis�o traseira;Com V�timas Feridas;Plena Noite;Crescente;Nublado;Simples;Reta;N�o;2;0;1;0;1;0;1;2;-26,91992709;-48,70938778;SPRF-SC;DEL04-SC;UOP04-DEL04-SC;;;
692874;22/05/2025;quinta-feira;03:30:00;SC;116;202,4;PONTE ALTA;Condutor Dormindo;Colis�o frontal;Com V�timas Fatais;Plena Noite;Decrescente;C�u Claro;Simples;"Curva;Declive";N�o;3;2;0;1;0;0;1;2;-27,442039;-50,39532;SPRF-SC;DEL05-SC;UOP03-DEL05-SC;;;
692876;22/05/2025;quinta-feira;05:10:00;SC;101;2;BIGUACU;Aus�ncia de rea��o do condutor;Colis�o traseira;Com V�timas Feridas;Amanhecer;Decrescente;Nublado;Dupla;Reta;N�o;2;0;0;1;1;0;1;2;-27,37753287;-48,66944123;SPRF-SC;DEL01-SC;UOP01-DEL01-SC;;;
692879;22/05/2025;quinta-feira;07:00:00;SE;235;47,7;ITABAIANA;Manobra de mudan�a de faixa;Colis�o lateral mesmo sentido;Com V�timas Feridas;Pleno dia;Crescente;Nublado;Simples;Reta;Sim;3;0;1;0;1;3;1;5;-10,728968;-37,4137;SPRF-SE;DEL01-SE;UOP02-DEL01-SE;;;
692885;22/05/2025;quinta-feira;07:30:00;RS;290;107;ELDORADO DO SUL;Manobra de mudan�a de faixa;Colis�o lateral mesmo sentido;Com V�timas Feridas;Pleno dia;Decrescente;C�u Claro;Dupla;Reta;Sim;5;0;2;0;1;2;2;5;-30,00249889;-51,30645275;SPRF-RS;DEL02-RS;UOP01-DEL02-RS;;;
692889;22/05/2025;quinta-feira;06:50:00;MA;230;294,2;SAMBAIBA;Rea��o tardia ou ineficiente do condutor;Colis�o frontal;Com V�timas Feridas;Pleno dia;Decrescente;C�u Claro;Simples;Reta;N�o;3;0;0;1;1;2;1;4;-6,93090005;-45,3238821;SPRF-MA;DEL05-MA;UOP01-DEL05-MA;;;
692890;22/05/2025;quinta-feira;07:30:00;PR;369;105,1;ANDIRA;Rea��o tardia ou ineficiente do condutor;Colis�o traseira;Com V�timas Feridas;Pleno dia;Decrescente;Nublado;Dupla;"Reta;Aclive";N�o;4;0;1;0;3;0;1;2;-23,068361;-50,262295;SPRF-PR;DEL07-PR;UOP05-DEL07-PR;;;
692900;22/05/2025;quinta-feira;08:35:00;RS;472;141,2;TRES DE MAIO;Aus�ncia de rea��o do condutor;Sa�da de leito carro��vel;Com V�timas Feridas;Pleno dia;Decrescente;Nublado;Simples;Curva;N�o;1;0;0;1;0;0;1;1;-27,77543;-54,32754;SPRF-RS;DEL10-RS;UOP01-DEL10-RS;;;
692912;25/04/2025;sexta-feira;06:50:00;RJ;116;7;SAPUCAIA;Velocidade Incompat�vel;Colis�o transversal;Com V�timas Feridas;Amanhecer;Crescente;Chuva;Simples;"Ponte;Curva";N�o;4;0;0;2;1;1;2;3;-21,907669;-42,690649;SPRF-RJ;DEL05-RJ;UOP01-DEL05-RJ;;;
692913;22/05/2025;quinta-feira;09:00:00;PR;376;172;MARINGA;Aus�ncia de rea��o do condutor;Colis�o traseira;Com V�timas Feridas;Pleno dia;Crescente;C�u Claro;Dupla;"Em Obras;Reta";Sim;3;0;1;0;2;0;1;3;-23,415;-51,98;SPRF-PR;DEL09-PR;UOP01-DEL09-PR;;;
692917;05/05/2025;segunda-feira;06:40:00;PI;316;345;FRANCISCO SANTOS;Modifica��o proibida;Colis�o lateral mesmo sentido;Com V�timas Feridas;Pleno dia;Decrescente;C�u Claro;Simples;Reta;N�o;3;0;1;0;1;1;1;2;-7,11669276;-41,1822474;SPRF-PI;DEL04-PI;UOP01-DEL04-PI;;;
692921;22/05/2025;quinta-feira;10:30:00;PA;316;104;SANTA MARIA DO PARA;Transitar na contram�o;Colis�o lateral sentido oposto;Com V�timas Feridas;Pleno dia;Crescente;C�u Claro;Simples;Reta;N�o;4;0;1;0;2;2;1;5;-1,33952334;-47,54608154;SPRF-PA;DEL01-PA;UOP02-DEL01-PA;;;
692923;22/05/2025;quinta-feira;11:00:00;SP;116;145;SAO JOSE DOS CAMPOS;Aus�ncia de rea��o do condutor;Colis�o lateral mesmo sentido;Com V�timas Feridas;Pleno dia;Crescente;C�u Claro;Dupla;Declive;Sim;2;0;0;1;1;0;1;2;-23,1869844;-45,8548077;SPRF-SP;DEL02-SP;UOP01-DEL02-SP;;;
692924;22/05/2025;quinta-feira;09:00:00;GO;70;181,4;ITABERAI;Demais falhas mec�nicas ou el�tricas;Inc�ndio;Sem V�timas;Pleno dia;Decrescente;C�u Claro;Simples;"Reta;Aclive";N�o;1;0;0;0;1;0;0;1;-15,988;-49,715;SPRF-GO;DEL02-GO;UOP02-DEL02-GO;;;
692925;30/04/2025;quarta-feira;12:00:00;MG;381;506;BETIM;Aus�ncia de rea��o do condutor;Engavetamento;Com V�timas Feridas;Pleno dia;Crescente;C�u Claro;Dupla;Reta;Sim;2;0;1;0;1;0;1;2;-20,03610481;-44,24529862;SPRF-MG;DEL01-MG;UOP03-DEL01-MG;;;
692928;26/04/2025;s�bado;09:20:00;RJ;116;274;BARRA MANSA;Manobra de mudan�a de faixa;Colis�o traseira;Com V�timas Feridas;Pleno dia;Crescente;Nublado;M�ltipla;"Reta;Viaduto;Declive";Sim;3;0;1;0;1;2;1;4;-22,4700178;-44,2790584;SPRF-RJ;DEL07-RJ;UOP02-DEL07-RJ;;;
692929;22/05/2025;quinta-feira;12:20:00;ES;101;149,9;LINHARES;Entrada inopinada do pedestre;Atropelamento de Pedestre;Com V�timas Feridas;Pleno dia;Crescente;C�u Claro;Simples;Curva;Sim;3;0;0;1;1;1;1;3;-19,40454788;-40,06046426;SPRF-ES;DEL04-ES;UOP01-DEL04-ES;;;
692937;22/05/2025;quinta-feira;11:00:00;SC;470;45;GASPAR;Manobra de mudan�a de faixa;Tombamento;Com V�timas Feridas;Pleno dia;Crescente;Garoa/Chuvisco;Simples;"Reta;Em Obras";N�o;3;0;0;1;1;1;1;3;-26,8649787;-49,0333812;SPRF-SC;DEL04-SC;UOP01-DEL04-SC;;;
692939;05/04/2025;s�bado;18:40:00;ES;101;17,5;PEDRO CANARIO;Transitar na contram�o;Colis�o frontal;Com V�timas Fatais;Plena Noite;Crescente;C�u Claro;Simples;Curva;N�o;3;1;0;0;1;1;0;3;-18,309158;-39,957192;SPRF-ES;DEL04-ES;UOP02-DEL04-ES;;;
692944;22/05/2025;quinta-feira;11:30:00;MA;316;288,7;PIO XII;Pista esburacada;Colis�o traseira;Com V�timas Feridas;Pleno dia;Decrescente;C�u Claro;Simples;"Reta;Ponte";N�o;4;0;1;0;2;1;1;3;-3,808843;-45,197882;SPRF-MA;DEL02-MA;UOP01-DEL02-MA;;;
692948;22/05/2025;quinta-feira;09:00:00;SC;480;131,4;CHAPECO;Desrespeitar a prefer�ncia no cruzamento;Colis�o traseira;Com V�timas Feridas;Pleno dia;Crescente;Nublado;Simples;"Interse��o de Vias;Reta";Sim;2;0;1;0;1;0;1;2;-27,057943;-52,636472;SPRF-SC;DEL07-SC;UOP01-DEL07-SC;;;
692949;16/02/2025;domingo;10:00:00;TO;153;535;NOVA ROSALANDIA;Frear bruscamente;Colis�o lateral sentido oposto;Com V�timas Feridas;Pleno dia;Decrescente;Garoa/Chuvisco;Simples;Reta;N�o;6;0;3;0;2;4;3;7;-10,51863495;-48,90859639;SPRF-TO;DEL01-TO;UOP01-DEL01-TO;;;
692956;22/05/2025;quinta-feira;09:30:00;MG;381;734,3;CARMO DA CACHOEIRA;Animais na Pista;Colis�o traseira;Com V�timas Feridas;Pleno dia;Crescente;C�u Claro;Dupla;Reta;N�o;2;0;1;0;1;0;1;2;-21,5387161;-45,2360676;SPRF-MG;DEL16-MG;UOP02-DEL16-MG;;;
692959;22/05/2025;quinta-feira;13:51:00;PE;101;41,8;IGARASSU;Retorno proibido;Colis�o lateral mesmo sentido;Sem V�timas;Pleno dia;Crescente;C�u Claro;M�ltipla;Aclive;N�o;2;0;0;0;2;0;0;2;-7,8382014;-34,9121607;SPRF-PE;DEL01-PE;UOP02-DEL01-PE;;;
692963;22/05/2025;quinta-feira;01:00:00;MA;402;125;PRIMEIRA CRUZ;Aus�ncia de rea��o do condutor;Colis�o com objeto;Com V�timas Fatais;Plena Noite;Crescente;Chuva;Simples;Reta;N�o;2;1;0;0;0;1;0;2;-2,746832;-43,349632;SPRF-MA;DEL01-MA;UOP01-DEL01-MA;;;
692966;22/05/2025;quinta-feira;14:10:00;PR;277;168,2;PALMEIRA;Mal s�bito do condutor;Colis�o frontal;Com V�timas Feridas;Pleno dia;Crescente;Chuva;Simples;"Curva;Declive";N�o;4;0;0;1;2;1;1;4;-25,46384542;-49,92945878;SPRF-PR;DEL03-PR;UOP03-DEL03-PR;;;
692967;22/05/2025;quinta-feira;12:40:00;SP;116;118;TAUBATE;Ultrapassagem Indevida;Colis�o lateral mesmo sentido;Com V�timas Feridas;Pleno dia;Decrescente;C�u Claro;Dupla;"Declive;Reta";N�o;3;0;1;0;1;1;1;3;-23,06421136;-45,62995702;SPRF-SP;DEL02-SP;UOP02-DEL02-SP;;;
692971;22/05/2025;quinta-feira;15:45:00;RN;110;44,4;MOSSORO;Condutor deixou de manter dist�ncia do ve�culo da frente;Colis�o traseira;Com V�timas Feridas;Pleno dia;Crescente;Chuva;Simples;Reta;Sim;2;0;1;0;1;0;1;2;-5,1886308;-37,30533041;SPRF-RN;DEL04-RN;UOP01-DEL04-RN;;;
692974;22/05/2025;quinta-feira;16:00:00;MG;381;492,9;BETIM;Velocidade Incompat�vel;Colis�o traseira;Com V�timas Feridas;Pleno dia;Crescente;C�u Claro;M�ltipla;Reta;Sim;3;0;1;0;1;1;1;3;-19,9635414;-44,1692594;SPRF-MG;DEL01-MG;UOP03-DEL01-MG;;;