id;data_inversa;dia_semana;horario;uf;br;km;municipio;causa_acidente;tipo_acidente;classificacao_acidente;fase_dia;sentido_via;condicao_metereologica;tipo_pista;tracado_via;uso_solo;pessoas;mortos;feridos_leves;feridos_graves;ilesos;ignorados;feridos;veiculos;latitude;longitude;regional;delegacia;uop;;;
692975;22/05/2025;quinta-feira;13:30:00;SC;116;254,7;LAGES;Mal s�bito do condutor;Colis�o com objeto;Com V�timas Feridas;Pleno dia;Crescente;Garoa/Chuvisco;Simples;Rotat�ria;N�o;2;0;1;0;0;2;1;3;-27,87115675;-50,3996408;SPRF-SC;DEL05-SC;UOP02-DEL05-SC;;;
692980;22/05/2025;quinta-feira;16:58:00;MG;381;940;EXTREMA;Acessar a via sem observar a presen�a dos outros ve�culos;Colis�o lateral mesmo sentido;Com V�timas Feridas;Pleno dia;Decrescente;C�u Claro;Dupla;"Reta;Aclive";N�o;4;0;2;0;1;1;2;3;-22,8233;-46,30743;SPRF-MG;DEL16-MG;UOP03-DEL16-MG;;;
692982;22/05/2025;quinta-feira;09:00:00;BA;242;486;BROTAS DE MACAUBAS;Curva acentuada;Capotamento;Com V�timas Feridas;Pleno dia;Decrescente;C�u Claro;Simples;Curva;N�o;2;0;0;1;0;3;1;4;-12,43766615;-42,34474182;SPRF-BA;DEL06-BA;UOP01-DEL06-BA;;;
692994;22/05/2025;quinta-feira;13:00:00;PA;316;70,5;CASTANHAL;Aus�ncia de rea��o do condutor;Colis�o traseira;Com V�timas Feridas;Pleno dia;Crescente;Nublado;Simples;Reta;N�o;5;0;0;1;3;2;1;4;-1,291068;-47,860927;SPRF-PA;DEL01-PA;UOP01-DEL01-PA;;;
692998;22/05/2025;quinta-feira;13:20:00;MT;158;549;AGUA BOA;Acostamento em desn�vel;Tombamento;Com V�timas Feridas;Pleno dia;Crescente;C�u Claro;Simples;Reta;N�o;2;0;1;0;0;2;1;3;-13,9234039;-52,09545135;SPRF-MT;DEL07-MT;UOP02-DEL07-MT;;;
693011;22/05/2025;quinta-feira;17:56:00;GO;452;12;RIO VERDE;Aus�ncia de rea��o do condutor;Colis�o lateral sentido oposto;Com V�timas Feridas;Anoitecer;Crescente;C�u Claro;Simples;Reta;N�o;2;0;1;0;0;1;1;2;-17,83848;-50,80385;SPRF-GO;DEL04-GO;UOP01-DEL04-GO;;;
693012;22/05/2025;quinta-feira;18:00:00;PR;376;186;SARANDI;Acesso irregular;Colis�o transversal;Com V�timas Feridas;Anoitecer;Decrescente;C�u Claro;M�ltipla;Reta;Sim;3;0;1;0;1;1;1;3;-23,4472502;-51,8609042;SPRF-PR;DEL09-PR;UOP01-DEL09-PR;;;
693013;22/05/2025;quinta-feira;17:30:00;ES;101;17,5;PEDRO CANARIO;Aus�ncia de rea��o do condutor;Colis�o traseira;Com V�timas Feridas;Anoitecer;Decrescente;C�u Claro;Simples;Aclive;N�o;3;0;1;0;1;1;1;3;-18,30828844;-39,95766163;SPRF-ES;DEL04-ES;UOP02-DEL04-ES;;;
693018;22/05/2025;quinta-feira;18:30:00;RJ;101;229;RIO BONITO;Acessar a via sem observar a presen�a dos outros ve�culos;Atropelamento de Pedestre;Com V�timas Fatais;Plena Noite;Decrescente;C�u Claro;Dupla;Reta;N�o;4;1;0;0;2;1;0;4;-22,7180544;-42,6770432;SPRF-RJ;DEL02-RJ;UOP03-DEL02-RJ;;;
693021;08/04/2025;ter�a-feira;15:45:00;MG;381;422;CAETE;Manobra de mudan�a de faixa;Colis�o lateral mesmo sentido;Com V�timas Feridas;Pleno dia;Crescente;C�u Claro;Dupla;Reta;N�o;3;0;1;0;1;1;1;3;-19,768632;-43,64628911;SPRF-MG;DEL01-MG;UOP01-DEL01-MG;;;
693022;22/05/2025;quinta-feira;17:45:00;RS;386;437;NOVA SANTA RITA;Demais falhas na via;Colis�o traseira;Com V�timas Feridas;Plena Noite;Crescente;C�u Claro;Dupla;Reta;Sim;4;0;1;0;2;2;1;5;-29,86109203;-51,25614742;SPRF-RS;DEL04-RS;UOP02-DEL04-RS;;;
693025;14/05/2025;quarta-feira;16:30:00;MT;70;180;GENERAL CARNEIRO;Aus�ncia de rea��o do condutor;Sa�da de leito carro��vel;Com V�timas Feridas;Pleno dia;Crescente;C�u Claro;Simples;Reta;N�o;2;0;1;0;0;2;1;3;-15,638872;-53,570803;SPRF-MT;DEL05-MT;UOP01-DEL05-MT;;;
693028;22/05/2025;quinta-feira;20:30:00;TO;153;662,9;GURUPI;Manobra de mudan�a de faixa;Colis�o transversal;Com V�timas Feridas;Plena Noite;Decrescente;C�u Claro;Dupla;Reta;Sim;3;0;1;0;1;1;1;3;-11,644323;-49,054627;SPRF-TO;DEL01-TO;UOP02-DEL01-TO;;;
693029;22/05/2025;quinta-feira;11:15:00;MG;354;762,8;ITAMONTE;Demais falhas mec�nicas ou el�tricas;Eventos at�picos;Sem V�timas;Pleno dia;Crescente;C�u Claro;Simples;"Aclive;Curva";N�o;2;0;0;0;1;2;0;3;-22,32745191;-44,83934462;SPRF-MG;DEL17-MG;UOP01-DEL17-MG;;;
693040;22/05/2025;quinta-feira;20:41:00;SP;116;173,5;JACAREI;Rea��o tardia ou ineficiente do condutor;Colis�o lateral mesmo sentido;Com V�timas Feridas;Plena Noite;Decrescente;Garoa/Chuvisco;Dupla;Curva;N�o;2;0;0;1;1;0;1;2;-23,3190535;-46,08616658;SPRF-SP;DEL02-SP;UOP01-DEL02-SP;;;
693043;22/05/2025;quinta-feira;18:30:00;PR;376;324,6;ORTIGUEIRA;Demais falhas mec�nicas ou el�tricas;Colis�o lateral sentido oposto;Com V�timas Feridas;Plena Noite;Crescente;Chuva;Dupla;Reta;N�o;3;0;1;0;1;1;1;3;-24,05060838;-51,06964588;SPRF-PR;DEL07-PR;UOP02-DEL07-PR;;;
693046;22/05/2025;quinta-feira;16:35:00;MG;116;600;SAO JOAO DO MANHUACU;Velocidade Incompat�vel;Tombamento;Com V�timas Feridas;Pleno dia;Decrescente;Nublado;Simples;Curva;N�o;2;0;1;0;0;1;1;2;-20,341341;-42,147255;SPRF-MG;DEL06-MG;UOP03-DEL06-MG;;;
693047;22/05/2025;quinta-feira;19:45:00;RO;364;691;CANDEIAS DO JAMARI;Aus�ncia de rea��o do condutor;Colis�o traseira;Com V�timas Feridas;Plena Noite;Decrescente;C�u Claro;Dupla;Reta;Sim;3;0;1;0;1;3;1;5;-8,79353905;-63,66068184;SPRF-RO;DEL01-RO;UOP01-DEL01-RO;;;
693050;22/05/2025;quinta-feira;17:00:00;RJ;40;90;PETROPOLIS;Aus�ncia de rea��o do condutor;Sa�da de leito carro��vel;Com V�timas Feridas;Anoitecer;Decrescente;Nublado;Dupla;"Reta;Aclive";N�o;1;0;1;0;0;0;1;1;-22,55492;-43,231882;SPRF-RJ;DEL01-RJ;UOP01-DEL01-RJ;;;
693052;22/05/2025;quinta-feira;22:30:00;ES;101;159;LINHARES;Acessar a via sem observar a presen�a dos outros ve�culos;Colis�o transversal;Sem V�timas;Plena Noite;Crescente;C�u Claro;Simples;Interse��o de Vias;Sim;2;0;0;0;1;1;0;2;-19,47009318;-40,11117491;SPRF-ES;DEL04-ES;UOP01-DEL04-ES;;;
693056;22/05/2025;quinta-feira;21:30:00;PR;277;216,3;TEIXEIRA SOARES;Rea��o tardia ou ineficiente do condutor;Sa�da de leito carro��vel;Com V�timas Feridas;Plena Noite;Decrescente;Nublado;Simples;Reta;Sim;2;0;1;0;0;1;1;2;-25,46514;-50,35613;SPRF-PR;DEL08-PR;UOP02-DEL08-PR;;;
693058;22/05/2025;quinta-feira;17:45:00;MG;50;14;ARAGUARI;Velocidade Incompat�vel;Colis�o traseira;Com V�timas Feridas;Pleno dia;Decrescente;C�u Claro;Dupla;Reta;N�o;3;0;1;0;1;2;1;4;-18,6933301;-48,1813324;SPRF-MG;DEL15-MG;UOP02-DEL15-MG;;;
693062;22/05/2025;quinta-feira;16:00:00;RO;429;112;SAO MIGUEL DO GUAPORE;Manobra de mudan�a de faixa;Colis�o lateral mesmo sentido;Com V�timas Fatais;Pleno dia;Crescente;C�u Claro;Simples;Reta;N�o;4;1;1;1;1;0;2;2;-11,698713;-62,672048;SPRF-RO;DEL02-RO;UOP03-DEL02-RO;;;
693065;22/05/2025;quinta-feira;23:30:00;MG;381;490,7;BETIM;Estacionar ou parar em local proibido;Colis�o traseira;Com V�timas Feridas;Plena Noite;Crescente;C�u Claro;M�ltipla;"Reta;Aclive";Sim;4;0;0;1;2;1;1;4;-19,95684;-44,1502;SPRF-MG;DEL01-MG;UOP03-DEL01-MG;;;
693069;22/05/2025;quinta-feira;23:30:00;BA;418;100;NOVA VICOSA;Demais falhas mec�nicas ou el�tricas;Inc�ndio;Sem V�timas;Plena Noite;Crescente;C�u Claro;Simples;Reta;N�o;1;0;0;0;1;0;0;1;-17,8920411;-39,8957244;SPRF-BA;DEL09-BA;UOP02-DEL09-BA;;;
693071;23/05/2025;sexta-feira;00:25:00;AP;210;32;MACAPA;Animais na Pista;Atropelamento de Animal;Sem V�timas;Plena Noite;Crescente;C�u Claro;Simples;Reta;N�o;2;0;0;0;2;0;0;2;0,107254;-51,1265705;SPRF-AP;DEL01-AP;UOP01-DEL01-AP;;;
693075;23/05/2025;sexta-feira;01:45:00;PR;116;59;CAMPINA GRANDE DO SUL;Pista Escorregadia;Colis�o lateral mesmo sentido;Com V�timas Feridas;Plena Noite;Crescente;Garoa/Chuvisco;Dupla;"Curva;Declive";N�o;3;0;1;0;1;1;1;2;-25,3048178;-48,9461953;SPRF-PR;DEL01-PR;UOP02-DEL01-PR;;;
693077;22/05/2025;quinta-feira;21:00:00;GO;452;20;RIO VERDE;Rea��o tardia ou ineficiente do condutor;Tombamento;Sem V�timas;Plena Noite;Crescente;C�u Claro;Dupla;"Reta;Declive";N�o;2;0;0;0;1;3;0;4;-17,86738955;-50,73570583;SPRF-GO;DEL04-GO;UOP01-DEL04-GO;;;
693081;23/05/2025;sexta-feira;02:15:00;SC;470;169,7;POUSO REDONDO;Aus�ncia de rea��o do condutor;Colis�o frontal;Com V�timas Fatais;Plena Noite;Decrescente;Nublado;Simples;Curva;N�o;2;1;0;0;1;0;0;2;-27,266;-49,892;SPRF-SC;DEL04-SC;UOP02-DEL04-SC;;;
693087;23/05/2025;sexta-feira;05:10:00;SC;116;217,5;CORREIA PINTO;Transitar na contram�o;Colis�o frontal;Com V�timas Feridas;Plena Noite;Decrescente;Nublado;Simples;Reta;Sim;3;0;0;1;1;2;1;4;-27,56519018;-50,37469625;SPRF-SC;DEL05-SC;UOP03-DEL05-SC;;;
693088;23/05/2025;sexta-feira;06:10:00;SC;101;58;JOINVILLE;Chuva;Colis�o lateral mesmo sentido;Com V�timas Feridas;Pleno dia;Crescente;Chuva;Dupla;Curva;N�o;4;0;1;0;3;0;1;4;-26,38862559;-48,84046046;SPRF-SC;DEL03-SC;UOP02-DEL03-SC;;;
693089;23/05/2025;sexta-feira;06:20:00;RS;470;185;VERANOPOLIS;Condutor deixou de manter dist�ncia do ve�culo da frente;Colis�o traseira;Sem V�timas;Amanhecer;Decrescente;Nevoeiro/Neblina;Simples;"Curva;Aclive";N�o;2;0;0;0;2;0;0;2;-29,00710824;-51,54776573;SPRF-RS;DEL06-RS;UOP02-DEL06-RS;;;
693099;23/05/2025;sexta-feira;07:20:00;SC;101;36;JOINVILLE;Condutor deixou de manter dist�ncia do ve�culo da frente;Engavetamento;Com V�timas Feridas;Pleno dia;Crescente;Chuva;Dupla;Reta;N�o;12;0;1;2;9;0;3;12;-26,276583;-48,892722;SPRF-SC;DEL03-SC;UOP01-DEL03-SC;;;
693106;23/05/2025;sexta-feira;06:50:00;RS;158;194;CRUZ ALTA;Desrespeitar a prefer�ncia no cruzamento;Colis�o transversal;Com V�timas Feridas;Pleno dia;Decrescente;C�u Claro;Simples;Interse��o de Vias;N�o;3;0;0;1;2;0;1;2;-28,64561789;-53,57345279;SPRF-RS;DEL10-RS;UOP02-DEL10-RS;;;
693107;23/05/2025;sexta-feira;07:56:00;TO;153;138;ARAGUAINA;Acessar a via sem observar a presen�a dos outros ve�culos;Colis�o lateral mesmo sentido;Com V�timas Feridas;Pleno dia;Crescente;Nublado;Dupla;"Interse��o de Vias;Retorno Regulamentado";Sim;4;0;1;0;2;1;1;3;-7,15509994;-48,20416232;SPRF-TO;DEL02-TO;UOP01-DEL02-TO;;;
693109;23/05/2025;sexta-feira;07:15:00;RO;364;239,1;CACOAL;Condutor desrespeitou a ilumina��o vermelha do sem�foro;Colis�o transversal;Com V�timas Feridas;Pleno dia;Crescente;Sol;Simples;"Reta;Interse��o de Vias";Sim;3;0;1;0;1;1;1;3;-11,433663;-61,463625;SPRF-RO;DEL02-RO;UOP02-DEL02-RO;;;
693110;23/05/2025;sexta-feira;07:30:00;SP;116;544;BARRA DO TURVO;Rea��o tardia ou ineficiente do condutor;Tombamento;Com V�timas Feridas;Amanhecer;Decrescente;Garoa/Chuvisco;Dupla;"Curva;Declive";N�o;2;0;1;0;0;1;1;2;-24,964431;-48,425496;SPRF-SP;DEL05-SP;UOP02-DEL05-SP;;;
693111;23/05/2025;sexta-feira;05:56:00;MT;163;954;NOVA SANTA HELENA;Manobra de mudan�a de faixa;Colis�o lateral sentido oposto;Com V�timas Feridas;Amanhecer;Crescente;C�u Claro;Simples;"Reta;Declive";N�o;5;0;1;0;3;3;1;5;-10,86792009;-55,19551635;SPRF-MT;DEL06-MT;UOP02-DEL06-MT;;;
693113;23/05/2025;sexta-feira;05:00:00;MT;174;516;COMODORO;Condutor Dormindo;Sa�da de leito carro��vel;Com V�timas Feridas;Amanhecer;Decrescente;C�u Claro;Simples;Reta;N�o;2;0;1;0;0;3;1;4;-13,43831812;-59,84577656;SPRF-MT;DEL04-MT;UOP02-DEL04-MT;;;
693122;23/05/2025;sexta-feira;08:15:00;SP;116;65;GUARATINGUETA;Aus�ncia de rea��o do condutor;Colis�o lateral mesmo sentido;Com V�timas Feridas;Pleno dia;Crescente;Nublado;Dupla;"Curva;Viaduto";N�o;2;0;1;0;0;1;1;2;-22,82326047;-45,19286156;SPRF-SP;DEL08-SP;UOP01-DEL08-SP;;;
693126;23/05/2025;sexta-feira;07:20:00;RJ;40;62;PETROPOLIS;Rea��o tardia ou ineficiente do condutor;Colis�o traseira;Com V�timas Feridas;Pleno dia;Decrescente;Sol;Dupla;Reta;N�o;2;0;0;1;1;0;1;2;-22,40602408;-43,1470928;SPRF-RJ;DEL05-RJ;UOP02-DEL05-RJ;;;
693136;17/05/2025;s�bado;18:00:00;MG;381;906,8;CAMBUI;Aus�ncia de rea��o do condutor;Colis�o traseira;Com V�timas Feridas;Pleno dia;Decrescente;C�u Claro;Dupla;"Reta;Declive";N�o;3;0;1;0;1;1;1;3;-22,65903785;-46,08827502;SPRF-MG;DEL16-MG;UOP03-DEL16-MG;;;
693141;23/05/2025;sexta-feira;09:10:00;PR;116;106;SAO JOSE DOS PINHAIS;Manobra de mudan�a de faixa;Colis�o lateral mesmo sentido;Com V�timas Feridas;Pleno dia;Decrescente;Nublado;Dupla;Reta;N�o;3;0;1;0;1;2;1;4;-25,569833;-49,221538;SPRF-PR;DEL01-PR;UOP03-DEL01-PR;;;
693143;23/05/2025;sexta-feira;10:59:00;MG;40;523;CONTAGEM;Trafegar com motocicleta (ou similar) entre as faixas;Colis�o lateral mesmo sentido;Com V�timas Feridas;Pleno dia;Decrescente;C�u Claro;Dupla;Reta;Sim;3;0;1;0;0;2;1;3;-19,87387387;-44,0467024;SPRF-MG;DEL01-MG;UOP02-DEL01-MG;;;
693144;12/04/2025;s�bado;20:40:00;PI;316;211,6;VALENCA DO PIAUI;Ingest�o de �lcool pelo condutor;Sa�da de leito carro��vel;Sem V�timas;Plena Noite;Decrescente;C�u Claro;Simples;Curva;Sim;1;0;0;0;1;0;0;1;-6,397797;-41,75617;SPRF-PI;DEL04-PI;UOP02-DEL04-PI;;;
693145;23/05/2025;sexta-feira;11:19:00;PR;277;604;SANTA TEREZA DO OESTE;Aus�ncia de rea��o do condutor;Colis�o traseira;Com V�timas Feridas;Pleno dia;Crescente;C�u Claro;Simples;Declive;N�o;3;0;1;0;1;1;1;3;-25,02959583;-53,57387893;SPRF-PR;DEL05-PR;UOP02-DEL05-PR;;;
693147;23/05/2025;sexta-feira;10:50:00;MG;40;613,5;CONGONHAS;Retorno proibido;Colis�o transversal;Com V�timas Feridas;Pleno dia;Decrescente;C�u Claro;Simples;Reta;N�o;3;0;1;0;1;1;1;3;-20,4768299;-43,8424237;SPRF-MG;DEL05-MG;UOP02-DEL05-MG;;;
693148;23/05/2025;sexta-feira;01:50:00;CE;222;87,4;UMIRIM;Manobra de mudan�a de faixa;Sa�da de leito carro��vel;Com V�timas Feridas;Plena Noite;Decrescente;C�u Claro;Simples;Curva;N�o;1;0;0;1;0;0;1;1;-3,68695472;-39,3595022;SPRF-CE;DEL04-CE;UOP03-DEL04-CE;;;
693154;15/05/2025;quinta-feira;17:00:00;PA;163;281;NOVO PROGRESSO;Rea��o tardia ou ineficiente do condutor;Capotamento;Sem V�timas;Pleno dia;Decrescente;C�u Claro;Simples;Curva;N�o;3;0;0;0;0;5;0;5;-7,28248572;-55,31237475;SPRF-PA;DEL05-PA;UOP03-DEL05-PA;;;
693158;23/05/2025;sexta-feira;12:00:00;ES;101;299;VIANA;Condutor deixou de manter dist�ncia do ve�culo da frente;Colis�o lateral sentido oposto;Com V�timas Feridas;Pleno dia;Crescente;Sol;M�ltipla;Interse��o de Vias;Sim;2;0;0;1;1;0;1;2;-20,3556635;-40,41816163;SPRF-ES;DEL01-ES;UOP01-DEL01-ES;;;
693161;23/05/2025;sexta-feira;11:00:00;RS;158;194,4;CRUZ ALTA;Acessar a via sem observar a presen�a dos outros ve�culos;Colis�o transversal;Com V�timas Feridas;Pleno dia;Decrescente;C�u Claro;Simples;"Reta;Interse��o de Vias";N�o;4;0;1;0;2;1;1;3;-28,642782;-53,571842;SPRF-RS;DEL10-RS;UOP02-DEL10-RS;;;
693169;23/05/2025;sexta-feira;13:50:00;MG;381;518;IGARAPE;Rea��o tardia ou ineficiente do condutor;Colis�o traseira;Com V�timas Feridas;Pleno dia;Decrescente;C�u Claro;Dupla;"Reta;Declive";Sim;3;0;1;0;1;2;1;4;-20,1102015;-44,3188758;SPRF-MG;DEL01-MG;UOP03-DEL01-MG;;;
693171;23/05/2025;sexta-feira;12:00:00;GO;60;391,8;RIO VERDE;Rea��o tardia ou ineficiente do condutor;Colis�o traseira;Com V�timas Feridas;Pleno dia;Crescente;Sol;Dupla;Reta;N�o;3;0;1;0;1;3;1;5;-17,824703;-50,989218;SPRF-GO;DEL04-GO;UOP02-DEL04-GO;;;
693172;23/05/2025;sexta-feira;13:00:00;SC;282;507;XANXERE;Rea��o tardia ou ineficiente do condutor;Colis�o traseira;Com V�timas Feridas;Pleno dia;Crescente;C�u Claro;Simples;Reta;Sim;3;0;2;0;1;0;2;2;-26,88564598;-52,41654396;SPRF-SC;DEL07-SC;UOP01-DEL07-SC;;;
693186;23/05/2025;sexta-feira;13:20:00;SC;282;63;RANCHO QUEIMADO;Ultrapassagem Indevida;Colis�o frontal;Com V�timas Feridas;Pleno dia;Crescente;Nublado;Simples;Curva;N�o;5;0;1;0;3;2;1;5;-27,696409;-49,044495;SPRF-SC;DEL01-SC;UOP03-DEL01-SC;;;
693190;23/05/2025;sexta-feira;07:50:00;PR;277;484,2;NOVA LARANJEIRAS;Transitar na contram�o;Colis�o frontal;Com V�timas Feridas;Pleno dia;Decrescente;C�u Claro;Simples;"Declive;Curva";N�o;3;0;1;0;2;0;1;2;-25,259;-52,629;SPRF-PR;DEL04-PR;UOP02-DEL04-PR;;;
693192;23/05/2025;sexta-feira;14:30:00;RJ;40;72;PETROPOLIS;Velocidade Incompat�vel;Engavetamento;Com V�timas Feridas;Pleno dia;Decrescente;Chuva;Simples;Curva;N�o;6;0;3;0;2;1;3;5;-22,47544425;-43,21781158;SPRF-RJ;DEL01-RJ;UOP01-DEL01-RJ;;;
693196;23/05/2025;sexta-feira;10:55:00;BA;324;604;SIMOES FILHO;Demais falhas mec�nicas ou el�tricas;Colis�o com objeto;Com V�timas Feridas;Pleno dia;Crescente;Nublado;Dupla;Reta;N�o;1;0;1;0;0;0;1;1;-12,80140214;-38,40414762;SPRF-BA;DEL01-BA;UOP01-DEL01-BA;;;
693199;23/05/2025;sexta-feira;14:58:00;RS;285;460,3;IJUI;Acessar a via sem observar a presen�a dos outros ve�culos;Colis�o transversal;Com V�timas Feridas;Pleno dia;Decrescente;C�u Claro;Simples;Interse��o de Vias;Sim;4;0;1;0;2;2;1;4;-28,41859311;-53,91597239;SPRF-RS;DEL10-RS;UOP01-DEL10-RS;;;
693201;02/04/2025;quarta-feira;06:15:00;PA;163;513;ITAITUBA;Ultrapassagem Indevida;Colis�o lateral sentido oposto;Com V�timas Feridas;Pleno dia;Decrescente;Ignorado;Simples;Reta;N�o;3;0;0;1;1;6;1;8;-5,40462208;-55,88588476;SPRF-PA;DEL05-PA;UOP03-DEL05-PA;;;
693203;23/05/2025;sexta-feira;15:35:00;PE;407;126;PETROLINA;Desrespeitar a prefer�ncia no cruzamento;Colis�o lateral mesmo sentido;Com V�timas Feridas;Pleno dia;Decrescente;Sol;Simples;Interse��o de Vias;Sim;3;0;2;0;1;0;2;2;-9,387163;-40,525876;SPRF-PE;DEL06-PE;UOP01-DEL06-PE;;;
693204;23/05/2025;sexta-feira;15:30:00;MG;116;583,7;MANHUACU;Transitar na contram�o;Colis�o frontal;Com V�timas Feridas;Pleno dia;Decrescente;C�u Claro;Simples;"Curva;Declive";N�o;4;0;0;2;1;1;2;3;-20,22525954;-42,17787981;SPRF-MG;DEL06-MG;UOP03-DEL06-MG;;;
693207;23/05/2025;sexta-feira;16:15:00;PR;277;7,9;PARANAGUA;Demais falhas mec�nicas ou el�tricas;Inc�ndio;Sem V�timas;Pleno dia;Decrescente;C�u Claro;Dupla;Reta;N�o;2;0;0;0;1;1;0;2;-25,55208;-48,555464;SPRF-PR;DEL01-PR;UOP05-DEL01-PR;;;
693208;23/05/2025;sexta-feira;13:10:00;MA;135;88;ITAPECURU MIRIM;Transitar na contram�o;Colis�o frontal;Com V�timas Feridas;Pleno dia;Crescente;C�u Claro;Simples;Reta;N�o;2;0;0;1;1;0;1;2;-3,28338177;-44,41077232;SPRF-MA;DEL01-MA;UOP02-DEL01-MA;;;
693209;23/05/2025;sexta-feira;17:01:00;PE;101;24;ITAPISSUMA;Acessar a via sem observar a presen�a dos outros ve�culos;Colis�o lateral mesmo sentido;Com V�timas Feridas;Pleno dia;Decrescente;C�u Claro;Dupla;"Retorno Regulamentado;Curva;Declive";N�o;3;0;0;2;1;0;2;2;-7,70013975;-34,92180046;SPRF-PE;DEL01-PE;UOP02-DEL01-PE;;;
693215;23/05/2025;sexta-feira;15:00:00;MG;251;328;FRUTA DE LEITE;Transitar na contram�o;Colis�o frontal;Com V�timas Feridas;Pleno dia;Crescente;C�u Claro;Simples;Reta;N�o;3;0;1;0;1;1;1;3;-16,18581896;-42,3383845;SPRF-MG;DEL12-MG;UOP02-DEL12-MG;;;
693216;23/05/2025;sexta-feira;17:35:00;SP;116;363;JUQUITIBA;Aus�ncia de rea��o do condutor;Sa�da de leito carro��vel;Com V�timas Feridas;Plena Noite;Crescente;Chuva;Dupla;"Curva;Declive";N�o;2;0;1;0;0;1;1;2;-24;-47;SPRF-SP;DEL04-SP;UOP02-DEL04-SP;;;
693220;23/05/2025;sexta-feira;16:15:00;BA;20;146;SAO DESIDERIO;Demais falhas mec�nicas ou el�tricas;Inc�ndio;Sem V�timas;Pleno dia;Crescente;Sol;Dupla;"Aclive;Curva";N�o;2;0;0;0;1;2;0;3;-12,6801834;-45,93149041;SPRF-BA;DEL10-BA;UOP01-DEL10-BA;;;
693225;23/05/2025;sexta-feira;17:10:00;MT;70;499;CUIABA;Trafegar com motocicleta (ou similar) entre as faixas;Colis�o lateral mesmo sentido;Com V�timas Feridas;Anoitecer;Crescente;C�u Claro;Dupla;"Interse��o de Vias;Rotat�ria";Sim;3;0;1;0;1;1;1;3;-15,64943455;-56,00013614;SPRF-MT;DEL01-MT;UOP02-DEL01-MT;;;
693228;23/05/2025;sexta-feira;17:30:00;SC;470;57,6;BLUMENAU;Ultrapassagem Indevida;Colis�o lateral mesmo sentido;Com V�timas Feridas;Plena Noite;Crescente;Chuva;Simples;Retorno Regulamentado;N�o;2;0;1;0;1;0;1;2;-26,8627593;-49,0919005;SPRF-SC;DEL04-SC;UOP01-DEL04-SC;;;
693229;23/05/2025;sexta-feira;18:20:00;DF;20;5,1;BRASILIA;Aus�ncia de rea��o do condutor;Colis�o traseira;Com V�timas Feridas;Plena Noite;Crescente;C�u Claro;Dupla;"Reta;Declive";N�o;4;0;0;1;3;0;1;2;-15,670112;-47,815275;SPRF-DF;DEL02-DF;UOP01-DEL02-DF;;;
693230;23/05/2025;sexta-feira;14:50:00;SC;282;222;LAGES;Frear bruscamente;Engavetamento;Com V�timas Feridas;Pleno dia;Crescente;Nublado;Simples;"Declive;Rotat�ria";Sim;6;0;1;0;4;1;1;4;-27,79495207;-50,3384757;SPRF-SC;DEL05-SC;UOP01-DEL05-SC;;;
693231;23/05/2025;sexta-feira;17:00:00;SC;116;22;ITAIOPOLIS;Desrespeitar a prefer�ncia no cruzamento;Colis�o transversal;Com V�timas Feridas;Anoitecer;Decrescente;Garoa/Chuvisco;Simples;"Reta;Interse��o de Vias;Declive";N�o;3;0;2;0;1;0;2;2;-26,26079354;-49,91388161;SPRF-SC;DEL06-SC;UOP01-DEL06-SC;;;
693232;23/05/2025;sexta-feira;17:00:00;BA;324;4;FEIRA DE SANTANA;Aus�ncia de rea��o do condutor;Colis�o traseira;Com V�timas Feridas;Anoitecer;Crescente;C�u Claro;Dupla;Reta;Sim;5;0;1;0;3;1;1;4;-12,28498708;-38,96997821;SPRF-BA;DEL02-BA;UOP01-DEL02-BA;;;
693233;23/05/2025;sexta-feira;15:00:00;SE;101;155,7;ESTANCIA;Curva acentuada;Tombamento;Sem V�timas;Pleno dia;Crescente;C�u Claro;Simples;"Curva;Declive";N�o;2;0;0;0;1;1;0;2;-11,28787;-37,46743;SPRF-SE;DEL02-SE;UOP01-DEL02-SE;;;
693244;23/05/2025;sexta-feira;14:00:00;MA;316;606;TIMON;Manobra de mudan�a de faixa;Colis�o frontal;Com V�timas Fatais;Pleno dia;Decrescente;C�u Claro;Simples;Reta;N�o;6;2;0;0;1;3;0;4;-5;-42,907367;SPRF-MA;DEL03-MA;UOP02-DEL03-MA;;;
693261;23/05/2025;sexta-feira;12:00:00;MT;163;666;LUCAS DO RIO VERDE;Transitar na contram�o;Colis�o lateral sentido oposto;Com V�timas Fatais;Pleno dia;Crescente;C�u Claro;Simples;Reta;N�o;4;1;1;0;1;7;1;10;-13,24756925;-56,01463079;SPRF-MT;DEL06-MT;UOP01-DEL06-MT;;;
693270;23/05/2025;sexta-feira;19:20:00;CE;116;206;TABULEIRO DO NORTE;Acessar a via sem observar a presen�a dos outros ve�culos;Colis�o transversal;Com V�timas Feridas;Plena Noite;Crescente;C�u Claro;Simples;"Reta;Interse��o de Vias";Sim;2;0;0;1;1;0;1;2;-5,23270671;-38,19449544;SPRF-CE;DEL03-CE;UOP01-DEL03-CE;;;
693278;23/05/2025;sexta-feira;16:50:00;PR;373;401;CANDOI;Transitar na contram�o;Colis�o lateral sentido oposto;Com V�timas Feridas;Pleno dia;Crescente;Nublado;Simples;Reta;N�o;7;0;1;0;5;2;1;4;-25,5813122;-52,0571822;SPRF-PR;DEL08-PR;UOP01-DEL08-PR;;;