id;data_inversa;dia_semana;horario;uf;br;km;municipio;causa_acidente;tipo_acidente;classificacao_acidente;fase_dia;sentido_via;condicao_metereologica;tipo_pista;tracado_via;uso_solo;pessoas;mortos;feridos_leves;feridos_graves;ilesos;ignorados;feridos;veiculos;latitude;longitude;regional;delegacia;uop;;;
693285;23/05/2025;sexta-feira;19:20:00;SC;282;423;VARGEM BONITA;Objeto est�tico sobre o leito carro��vel;Inc�ndio;Sem V�timas;Anoitecer;Crescente;Nublado;Simples;"Reta;Aclive";N�o;2;0;0;0;1;1;0;2;-27,001465;-51,741292;SPRF-SC;DEL07-SC;UOP05-DEL07-SC;;;
693291;23/05/2025;sexta-feira;17:40:00;PR;277;441,6;LARANJEIRAS DO SUL;Velocidade Incompat�vel;Tombamento;Com V�timas Feridas;Anoitecer;Decrescente;C�u Claro;Simples;"Reta;Declive";N�o;2;0;0;1;0;1;1;2;-25,371;-52,301;SPRF-PR;DEL04-PR;UOP02-DEL04-PR;;;
693293;23/05/2025;sexta-feira;20:30:00;RS;392;674;SALVADOR DAS MISSOES;Ultrapassagem Indevida;Colis�o frontal;Com V�timas Feridas;Plena Noite;Crescente;Nublado;Simples;Reta;N�o;10;0;7;1;0;2;8;5;-28,122215;-54,852921;SPRF-RS;DEL10-RS;UOP01-DEL10-RS;;;
693301;24/05/2025;s�bado;00:00:00;SC;280;128,8;RIO NEGRINHO;Acumulo de �leo sobre o pavimento;Colis�o com objeto;Sem V�timas;Plena Noite;Crescente;Nublado;Simples;"Interse��o de Vias;Rotat�ria";Sim;5;0;0;0;4;1;0;3;-26,245501;-49,521991;SPRF-SC;DEL06-SC;UOP03-DEL06-SC;;;
693302;23/05/2025;sexta-feira;23:15:00;MT;364;283;JACIARA;Demais falhas mec�nicas ou el�tricas;Inc�ndio;Sem V�timas;Plena Noite;Decrescente;C�u Claro;Dupla;"Aclive;Curva";N�o;2;0;0;0;1;6;0;7;-15,911254;-55,040691;SPRF-MT;DEL05-MT;UOP02-DEL05-MT;;;
693303;24/05/2025;s�bado;00:10:00;PR;116;9;CAMPINA GRANDE DO SUL;Rea��o tardia ou ineficiente do condutor;Tombamento;Com V�timas Feridas;Plena Noite;Crescente;Garoa/Chuvisco;Dupla;"Curva;Declive";N�o;2;0;1;0;0;1;1;2;-25,08214406;-48,64065735;SPRF-PR;DEL01-PR;UOP02-DEL01-PR;;;
693306;23/05/2025;sexta-feira;22:40:00;MA;222;351,5;MONCAO;Rea��o tardia ou ineficiente do condutor;Colis�o lateral sentido oposto;Com V�timas Fatais;Plena Noite;Decrescente;C�u Claro;Simples;Reta;N�o;2;1;0;0;0;1;0;2;-3,696944;-45,291467;SPRF-MA;DEL02-MA;UOP01-DEL02-MA;;;
693309;23/05/2025;sexta-feira;22:00:00;MT;163;898;CLAUDIA;Acessar a via sem observar a presen�a dos outros ve�culos;Colis�o transversal;Com V�timas Feridas;Plena Noite;Decrescente;C�u Claro;Simples;Reta;N�o;2;0;1;0;0;1;1;2;-11,15954177;-55,31360628;SPRF-MT;DEL06-MT;UOP02-DEL06-MT;;;
693310;24/05/2025;s�bado;00:40:00;SC;282;500,2;XANXERE;Transitar na contram�o;Colis�o lateral sentido oposto;Sem V�timas;Plena Noite;Decrescente;C�u Claro;Dupla;Reta;N�o;2;0;0;0;2;0;0;2;-26,88137776;-52,37212308;SPRF-SC;DEL07-SC;UOP01-DEL07-SC;;;
693317;24/05/2025;s�bado;02:15:00;MG;116;776,3;LEOPOLDINA;Velocidade Incompat�vel;Tombamento;Com V�timas Feridas;Amanhecer;Crescente;C�u Claro;Simples;"Curva;Declive";N�o;3;0;1;0;1;1;1;2;-21,590855;-42,687069;SPRF-MG;DEL07-MG;UOP01-DEL07-MG;;;
693320;24/05/2025;s�bado;03:29:00;BA;101;925;NOVA VICOSA;Ingest�o de �lcool pelo condutor;Colis�o transversal;Com V�timas Feridas;Plena Noite;Crescente;C�u Claro;Simples;Reta;N�o;3;0;1;0;1;1;1;3;-17,910427;-39,828022;SPRF-BA;DEL09-BA;UOP02-DEL09-BA;;;
693325;24/05/2025;s�bado;02:30:00;MG;381;300;ANTONIO DIAS;Velocidade Incompat�vel;Tombamento;Com V�timas Fatais;Plena Noite;Decrescente;C�u Claro;Dupla;"Reta;Declive";N�o;2;1;0;0;0;1;0;2;-19,62218525;-42,85438299;SPRF-MG;DEL03-MG;UOP02-DEL03-MG;;;
693327;24/05/2025;s�bado;04:30:00;SP;116;214;GUARULHOS;Aus�ncia de rea��o do condutor;Colis�o traseira;Com V�timas Feridas;Plena Noite;Decrescente;Nublado;M�ltipla;Reta;Sim;2;0;0;1;1;0;1;2;-23,44545475;-46,45167446;SPRF-SP;DEL01-SP;UOP01-DEL01-SP;;;
693333;24/05/2025;s�bado;03:35:00;BA;101;39,9;ESPLANADA;Rea��o tardia ou ineficiente do condutor;Tombamento;Com V�timas Feridas;Plena Noite;Crescente;C�u Claro;Simples;Reta;N�o;3;0;1;0;2;0;1;1;-11,8114582;-37,9455146;SPRF-SE;DEL02-SE;UOP03-DEL02-SE;;;
693345;24/05/2025;s�bado;06:35:00;RS;386;310,5;MARQUES DE SOUZA;Transitar na contram�o;Colis�o frontal;Com V�timas Feridas;Amanhecer;Crescente;Nevoeiro/Neblina;Simples;Curva;N�o;4;0;1;1;1;2;2;4;-29,22573384;-52,16203149;SPRF-RS;DEL04-RS;UOP01-DEL04-RS;;;
693352;24/05/2025;s�bado;02:40:00;BA;116;152;CANUDOS;Problema com o freio;Inc�ndio;Sem V�timas;Pleno dia;Crescente;C�u Claro;Simples;"Reta;Aclive";N�o;2;0;0;0;1;2;0;3;-9,94900347;-39,16400805;SPRF-BA;DEL07-BA;UOP03-DEL07-BA;;;
693355;24/05/2025;s�bado;04:00:00;MG;251;474,8;FRANCISCO SA;Velocidade Incompat�vel;Sa�da de leito carro��vel;Com V�timas Feridas;Amanhecer;Crescente;C�u Claro;Simples;"Curva;Declive";N�o;1;0;1;0;0;0;1;1;-16,46743;-43,43987;SPRF-MG;DEL12-MG;UOP01-DEL12-MG;;;
693361;24/05/2025;s�bado;07:30:00;BA;235;60;JEREMOABO;Rea��o tardia ou ineficiente do condutor;Sa�da de leito carro��vel;Com V�timas Feridas;Pleno dia;Decrescente;Nublado;Simples;"Curva;Aclive";N�o;3;0;0;2;0;1;2;2;-10,089367;-38,182783;SPRF-SE;DEL01-SE;UOP02-DEL01-SE;;;
693371;24/05/2025;s�bado;09:30:00;RJ;40;122;DUQUE DE CAXIAS;Acessar a via sem observar a presen�a dos outros ve�culos;Colis�o lateral mesmo sentido;Sem V�timas;Pleno dia;Crescente;C�u Claro;Dupla;Reta;Sim;4;0;0;0;4;0;0;2;-22,78884299;-43,28559637;SPRF-RJ;DEL01-RJ;UOP02-DEL01-RJ;;;
693377;24/05/2025;s�bado;02:00:00;PE;316;306;FLORESTA;Aus�ncia de rea��o do condutor;Atropelamento de Pedestre;Com V�timas Fatais;Plena Noite;Crescente;C�u Claro;Simples;Reta;N�o;2;1;0;0;0;1;0;2;-8,63087899;-38,55596066;SPRF-PE;DEL04-PE;UOP03-DEL04-PE;;;
693380;24/05/2025;s�bado;03:20:00;SC;116;59,7;PAPANDUVA;Transitar na contram�o;Colis�o frontal;Com V�timas Fatais;Plena Noite;Decrescente;Garoa/Chuvisco;Simples;Reta;N�o;3;1;0;0;1;1;0;3;-26,3812;-50,21394;SPRF-SC;DEL06-SC;UOP02-DEL06-SC;;;
693384;24/05/2025;s�bado;09:35:00;GO;60;210;VARJAO;Aus�ncia de rea��o do condutor;Colis�o traseira;Com V�timas Feridas;Pleno dia;Decrescente;C�u Claro;Dupla;Reta;N�o;4;0;2;0;1;1;2;3;-16,9532343;-49,683332;SPRF-GO;DEL01-GO;UOP02-DEL01-GO;;;
693387;24/05/2025;s�bado;10:20:00;MG;116;642,2;FERVEDOURO;Convers�o proibida;Colis�o lateral mesmo sentido;Com V�timas Fatais;Pleno dia;Crescente;Nublado;Simples;"Curva;Aclive";N�o;4;1;1;0;1;1;1;3;-20,661214;-42,267399;SPRF-MG;DEL07-MG;UOP02-DEL07-MG;;;
693388;24/05/2025;s�bado;10:55:00;RS;101;15;DOM PEDRO DE ALCANTARA;Mal s�bito do condutor;Sa�da de leito carro��vel;Com V�timas Feridas;Pleno dia;Decrescente;Nublado;Dupla;Reta;N�o;2;0;1;0;0;1;1;2;-29,40624058;-49,84938562;SPRF-RS;DEL03-RS;UOP02-DEL03-RS;;;
693389;24/05/2025;s�bado;09:00:00;RN;304;293;MACAIBA;Mal s�bito do condutor;Colis�o com objeto;Com V�timas Feridas;Pleno dia;Crescente;C�u Claro;Dupla;Aclive;N�o;5;0;2;0;3;0;2;3;-5,868;-35,378;SPRF-RN;DEL01-RN;UOP02-DEL01-RN;;;
693393;24/05/2025;s�bado;11:20:00;MG;40;622;CONSELHEIRO LAFAIETE;Pedestre cruzava a pista fora da faixa;Atropelamento de Pedestre;Com V�timas Feridas;Pleno dia;Decrescente;C�u Claro;Simples;Reta;N�o;3;0;1;0;1;1;1;3;-20,59370507;-43,80401178;SPRF-MG;DEL05-MG;UOP02-DEL05-MG;;;
693397;24/05/2025;s�bado;09:00:00;MG;116;227;TEOFILO OTONI;Rea��o tardia ou ineficiente do condutor;Tombamento;Com V�timas Feridas;Pleno dia;Crescente;Nublado;Simples;"Declive;Reta";N�o;1;0;0;1;0;0;1;1;-17,469055;-41,494856;SPRF-MG;DEL11-MG;UOP01-DEL11-MG;;;
693398;24/05/2025;s�bado;11:20:00;MS;163;495,1;CAMPO GRANDE;Aus�ncia de rea��o do condutor;Tombamento;Com V�timas Feridas;Pleno dia;Decrescente;C�u Claro;Simples;"Reta;Declive";N�o;2;0;1;0;0;2;1;3;-20,364841;-54,528745;SPRF-MS;DEL01-MS;UOP02-DEL01-MS;;;
693399;24/05/2025;s�bado;01:30:00;RO;364;1069;PORTO VELHO;Transitar na contram�o;Colis�o frontal;Com V�timas Fatais;Plena Noite;Decrescente;C�u Claro;Simples;Reta;N�o;6;1;0;1;3;2;1;4;-9,758741;-66,602895;SPRF-AC;DEL01-AC;UOP03-DEL01-AC;;;
693403;24/05/2025;s�bado;12:35:00;MG;50;27,5;ARAGUARI;Problema com o freio;Atropelamento de Pedestre;Com V�timas Fatais;Pleno dia;Crescente;C�u Claro;Dupla;"Curva;Aclive";N�o;3;1;0;0;0;2;0;3;-18,619517;-48,097122;SPRF-MG;DEL15-MG;UOP02-DEL15-MG;;;
693404;24/05/2025;s�bado;09:45:00;MT;364;1152;SAPEZAL;Demais falhas mec�nicas ou el�tricas;Inc�ndio;Sem V�timas;Pleno dia;Decrescente;Sol;Simples;Reta;N�o;2;0;0;0;1;1;0;2;-13,5428;-59,01669;SPRF-MT;DEL04-MT;UOP02-DEL04-MT;;;
693417;24/05/2025;s�bado;12:00:00;SP;116;452;REGISTRO;Aus�ncia de rea��o do condutor;Sa�da de leito carro��vel;Com V�timas Feridas;Pleno dia;Crescente;C�u Claro;Dupla;Reta;N�o;1;0;1;0;0;0;1;1;-24,54345612;-47,86135094;SPRF-SP;DEL05-SP;UOP01-DEL05-SP;;;
693420;23/05/2025;sexta-feira;17:00:00;PE;316;128,6;PARNAMIRIM;Defici�ncia do Sistema de Ilumina��o/Sinaliza��o;Colis�o frontal;Com V�timas Fatais;Anoitecer;Crescente;C�u Claro;Simples;Aclive;N�o;2;1;0;0;0;1;0;2;-8,040658;-39,70629;SPRF-PE;DEL05-PE;UOP02-DEL05-PE;;;
693422;24/05/2025;s�bado;10:35:00;MG;153;193;FRUTAL;Rea��o tardia ou ineficiente do condutor;Colis�o traseira;Com V�timas Feridas;Pleno dia;Crescente;C�u Claro;Simples;"Reta;Ponte;Aclive";N�o;3;0;2;0;1;0;2;2;-19,92682321;-48,958163;SPRF-MG;DEL13-MG;UOP02-DEL13-MG;;;
693446;24/05/2025;s�bado;15:20:00;MT;158;461;CANARANA;Transitar na contram�o;Colis�o frontal;Com V�timas Fatais;Pleno dia;Crescente;C�u Claro;Simples;Curva;N�o;4;1;1;1;0;1;2;3;-13,22737101;-51,93687916;SPRF-MT;DEL07-MT;UOP02-DEL07-MT;;;
693447;24/05/2025;s�bado;16:55:00;PR;376;531;PALMEIRA;Problema com o freio;Sa�da de leito carro��vel;Sem V�timas;Pleno dia;Crescente;C�u Claro;Dupla;Reta;N�o;2;0;0;0;1;1;0;2;-25,3056;-49,8889;SPRF-PR;DEL03-PR;UOP03-DEL03-PR;;;
693449;24/05/2025;s�bado;16:58:00;PE;104;74;CARUARU;Acumulo de �gua sobre o pavimento;Colis�o lateral sentido oposto;Com V�timas Fatais;Plena Noite;Crescente;Chuva;Simples;"Reta;Declive";N�o;3;1;0;0;1;1;0;2;-8,36036036;-35,9860212;SPRF-PE;DEL02-PE;UOP01-DEL02-PE;;;
693453;23/05/2025;sexta-feira;13:00:00;PA;222;83,7;RONDON DO PARA;Velocidade Incompat�vel;Sa�da de leito carro��vel;Com V�timas Feridas;Pleno dia;Decrescente;Sol;Simples;"Curva;Declive";N�o;2;0;0;1;0;1;1;2;-4,652755;-47,920199;SPRF-PA;DEL02-PA;UOP02-DEL02-PA;;;
693455;24/05/2025;s�bado;16:15:00;BA;407;1;JUAZEIRO;Ultrapassagem Indevida;Colis�o lateral mesmo sentido;Sem V�timas;Pleno dia;Decrescente;C�u Claro;Simples;Reta;Sim;6;0;0;0;6;0;0;2;-9,42346;-40,50659;SPRF-PE;DEL06-PE;UOP01-DEL06-PE;;;
693457;24/05/2025;s�bado;14:30:00;SC;470;296;CAMPOS NOVOS;Rea��o tardia ou ineficiente do condutor;Colis�o traseira;Com V�timas Feridas;Pleno dia;Crescente;Chuva;Simples;"Ponte;Reta";N�o;6;0;0;1;4;2;1;7;-27,351267;-51,019024;SPRF-SC;DEL07-SC;UOP06-DEL07-SC;;;
693462;24/05/2025;s�bado;18:30:00;BA;116;13;VITORIA DA CONQUISTA;Transitar na contram�o;Colis�o lateral sentido oposto;Com V�timas Feridas;Pleno dia;Crescente;C�u Claro;Simples;Curva;Sim;2;0;0;1;0;1;1;2;-14,8909;-40,8691;SPRF-BA;DEL08-BA;UOP01-DEL08-BA;;;
693466;24/05/2025;s�bado;18:00:00;PR;373;199,3;IPIRANGA;Acessar a via sem observar a presen�a dos outros ve�culos;Colis�o transversal;Com V�timas Feridas;Anoitecer;Decrescente;C�u Claro;Simples;"Retorno Regulamentado;Reta;Rotat�ria";N�o;5;0;2;0;2;2;2;4;-25,08596814;-50,41051984;SPRF-PR;DEL03-PR;UOP01-DEL03-PR;;;
693469;24/05/2025;s�bado;19:00:00;MG;262;193;BELA VISTA DE MINAS;Suic�dio (presumido);Atropelamento de Pedestre;Com V�timas Fatais;Plena Noite;Crescente;C�u Claro;Simples;Curva;N�o;2;1;0;0;1;0;0;2;-19,868279;-43,086508;SPRF-MG;DEL03-MG;UOP01-DEL03-MG;;;
693471;24/05/2025;s�bado;18:25:00;GO;153;519,9;HIDROLANDIA;Ingest�o de �lcool pelo condutor;Colis�o com objeto;Sem V�timas;Anoitecer;Crescente;C�u Claro;Simples;Reta;Sim;11;0;0;0;5;6;0;7;-16,87808;-49,252949;SPRF-GO;DEL01-GO;UOP03-DEL01-GO;;;
693481;24/05/2025;s�bado;19:45:00;RJ;101;72;CAMPOS DOS GOYTACAZES;Ingest�o de �lcool pelo condutor;Colis�o frontal;Sem V�timas;Plena Noite;Decrescente;C�u Claro;Simples;Reta;Sim;2;0;0;0;2;0;0;2;-21,81882206;-41,39803648;SPRF-RJ;DEL08-RJ;UOP02-DEL08-RJ;;;
693485;24/05/2025;s�bado;20:00:00;RN;405;188;MAJOR SALES;Ingest�o de �lcool pelo condutor;Colis�o transversal;Sem V�timas;Plena Noite;Decrescente;C�u Claro;Simples;"Reta;Ponte;Declive";Sim;2;0;0;0;2;0;0;2;-6,415673;-38,324277;SPRF-RN;DEL04-RN;UOP02-DEL04-RN;;;
693490;24/05/2025;s�bado;20:40:00;PA;316;270,7;CACHOEIRA DO PIRIA;Rea��o tardia ou ineficiente do condutor;Colis�o com objeto;Sem V�timas;Plena Noite;Crescente;Nublado;Simples;Reta;N�o;2;0;0;0;1;1;0;2;-1,816114;-46,339926;SPRF-PA;DEL01-PA;UOP04-DEL01-PA;;;
693491;24/05/2025;s�bado;20:00:00;BA;116;18;VITORIA DA CONQUISTA;Manobra de mudan�a de faixa;Sa�da de leito carro��vel;Com V�timas Feridas;Plena Noite;Crescente;Nublado;Simples;Curva;N�o;2;0;2;0;0;0;2;1;-14,8967158;-40,83293927;SPRF-BA;DEL08-BA;UOP01-DEL08-BA;;;
693505;24/05/2025;s�bado;20:00:00;BA;407;7,5;JUAZEIRO;Acessar a via sem observar a presen�a dos outros ve�culos;Colis�o transversal;Com V�timas Feridas;Plena Noite;Crescente;C�u Claro;Simples;Reta;N�o;2;0;1;0;1;0;1;2;-9,46854624;-40,480582;SPRF-PE;DEL06-PE;UOP01-DEL06-PE;;;
693514;24/05/2025;s�bado;22:00:00;MG;116;571;MANHUACU;Rea��o tardia ou ineficiente do condutor;Colis�o traseira;Com V�timas Feridas;Plena Noite;Decrescente;C�u Claro;Simples;Reta;N�o;2;0;0;1;1;0;1;2;-20,2414877;-42,1597303;SPRF-MG;DEL06-MG;UOP03-DEL06-MG;;;
693518;24/05/2025;s�bado;22:40:00;SP;116;14,5;QUELUZ;Rea��o tardia ou ineficiente do condutor;Colis�o traseira;Com V�timas Fatais;Plena Noite;Crescente;C�u Claro;Dupla;Reta;N�o;3;1;0;0;1;1;0;3;-22,5594;-44,82706;SPRF-SP;DEL08-SP;UOP02-DEL08-SP;;;
693521;24/05/2025;s�bado;12:35:00;MT;163;865;SINOP;Ultrapassagem Indevida;Colis�o lateral sentido oposto;Com V�timas Feridas;Pleno dia;Decrescente;C�u Claro;Simples;"Reta;Aclive";N�o;5;0;0;2;1;7;2;10;-11,60308;-55,42807;SPRF-MT;DEL06-MT;UOP02-DEL06-MT;;;
693533;24/05/2025;s�bado;22:10:00;PE;110;104;SERTANIA;Aus�ncia de rea��o do condutor;Tombamento;Com V�timas Feridas;Plena Noite;Decrescente;C�u Claro;Simples;"Curva;Declive";N�o;2;0;0;1;0;2;1;3;-8,39999;-37,3413;SPRF-PE;DEL04-PE;UOP02-DEL04-PE;;;
693543;25/05/2025;domingo;02:45:00;RS;386;343,2;LAJEADO;Aus�ncia de rea��o do condutor;Colis�o com objeto;Sem V�timas;Plena Noite;Decrescente;Garoa/Chuvisco;Simples;Reta;Sim;3;0;0;0;0;5;0;5;-29,43525276;-51,99926734;SPRF-RS;DEL04-RS;UOP01-DEL04-RS;;;
693546;25/05/2025;domingo;04:10:00;BA;242;670;MUQUEM DE SAO FRANCISCO;Transitar na contram�o;Colis�o frontal;Com V�timas Fatais;Amanhecer;Crescente;Nublado;Simples;Reta;N�o;4;2;0;1;0;5;1;7;-12,208189;-43,603961;SPRF-BA;DEL10-BA;UOP01-DEL10-BA;;;
693548;25/05/2025;domingo;03:25:00;GO;20;244,5;SIMOLANDIA;Aus�ncia de rea��o do condutor;Colis�o frontal;Com V�timas Fatais;Plena Noite;Decrescente;C�u Claro;Simples;Reta;N�o;2;1;0;0;1;0;0;2;-14,4514365;-46,4691526;SPRF-DF;DEL02-DF;UOP03-DEL02-DF;;;
693559;28/04/2025;segunda-feira;23:30:00;MT;364;386;SANTO ANTONIO DO LEVERGER;Condutor Dormindo;Sa�da de leito carro��vel;Com V�timas Feridas;Plena Noite;Decrescente;C�u Claro;Dupla;Reta;N�o;3;0;1;0;0;3;1;4;-15,70150709;-55,86421251;SPRF-MT;DEL01-MT;UOP02-DEL01-MT;;;
693574;25/05/2025;domingo;07:30:00;CE;20;317,9;CANINDE;Demais falhas mec�nicas ou el�tricas;Tombamento;Sem V�timas;Pleno dia;Crescente;C�u Claro;Simples;"Ponte;Curva";N�o;2;0;0;0;1;3;0;4;-4,28391644;-39,24277246;SPRF-CE;DEL02-CE;UOP01-DEL02-CE;;;
693575;25/05/2025;domingo;06:00:00;BA;407;148,2;SENHOR DO BONFIM;Ultrapassagem Indevida;Colis�o frontal;Com V�timas Feridas;Pleno dia;Crescente;Chuva;Simples;Reta;N�o;3;0;0;2;0;1;2;3;-10,636242;-40,129977;SPRF-BA;DEL04-BA;UOP01-DEL04-BA;;;
693587;25/05/2025;domingo;04:00:00;BA;410;9;TUCANO;Rea��o tardia ou ineficiente do condutor;Sa�da de leito carro��vel;Com V�timas Feridas;Plena Noite;Decrescente;Chuva;Simples;Reta;N�o;3;0;1;0;0;2;1;3;-10,858369;-38,601234;SPRF-BA;DEL07-BA;UOP02-DEL07-BA;;;
693605;25/05/2025;domingo;09:45:00;MG;262;382;FLORESTAL;Aus�ncia de rea��o do condutor;Colis�o traseira;Com V�timas Fatais;Pleno dia;Crescente;C�u Claro;Dupla;"Reta;Declive";N�o;2;1;0;0;1;0;0;2;-19,91009231;-44,50836182;SPRF-MG;DEL01-MG;UOP03-DEL01-MG;;;
693618;25/05/2025;domingo;10:00:00;MG;50;115;UBERABA;Aus�ncia de rea��o do condutor;Tombamento;Com V�timas Feridas;Pleno dia;Decrescente;C�u Claro;Dupla;"Rotat�ria;Retorno Regulamentado";N�o;2;0;1;0;0;2;1;3;-19,274628;-48,124022;SPRF-MG;DEL13-MG;UOP01-DEL13-MG;;;
693619;25/05/2025;domingo;11:10:00;GO;60;389;RIO VERDE;Carga excessiva e/ou mal acondicionada;Tombamento;Com V�timas Feridas;Pleno dia;Decrescente;C�u Claro;Dupla;Retorno Regulamentado;Sim;2;0;1;0;0;1;1;2;-17,825415;-50,963378;SPRF-GO;DEL04-GO;UOP02-DEL04-GO;;;
693620;25/05/2025;domingo;11:10:00;RO;364;263;CACOAL;Manobra de mudan�a de faixa;Colis�o lateral mesmo sentido;Com V�timas Feridas;Pleno dia;Crescente;C�u Claro;Simples;"Reta;Declive";N�o;7;0;4;1;1;1;5;3;-11,394585;-61,65961;SPRF-RO;DEL02-RO;UOP02-DEL02-RO;;;
693621;25/05/2025;domingo;10:30:00;MG;116;733,8;MURIAE;Ultrapassagem Indevida;Colis�o lateral mesmo sentido;Com V�timas Feridas;Pleno dia;Crescente;C�u Claro;Simples;Reta;N�o;4;0;3;0;1;0;3;2;-21,1464504;-42,3813478;SPRF-MG;DEL07-MG;UOP02-DEL07-MG;;;
693623;25/05/2025;domingo;09:40:00;MG;116;35;CACHOEIRA DE PAJEU;Pista Escorregadia;Colis�o traseira;Com V�timas Feridas;Pleno dia;Crescente;Nublado;Simples;"Reta;Declive";N�o;2;0;1;0;1;0;1;2;-15,949492;-41,4026722;SPRF-MG;DEL11-MG;UOP02-DEL11-MG;;;
693624;25/05/2025;domingo;09:30:00;MG;116;679,2;MIRADOURO;Demais falhas mec�nicas ou el�tricas;Tombamento;Com V�timas Feridas;Pleno dia;Crescente;C�u Claro;Simples;Curva;N�o;2;0;1;0;0;1;1;2;-20,93753;-42,341835;SPRF-MG;DEL07-MG;UOP02-DEL07-MG;;;
693625;25/05/2025;domingo;07:00:00;PE;232;235;PESQUEIRA;Demais falhas mec�nicas ou el�tricas;Tombamento;Sem V�timas;Pleno dia;Decrescente;C�u Claro;Simples;"Curva;Declive";N�o;2;0;0;0;1;3;0;4;-8,412032;-36,925222;SPRF-PE;DEL04-PE;UOP02-DEL04-PE;;;
693627;25/05/2025;domingo;12:13:00;RN;110;1;MOSSORO;Acessar a via sem observar a presen�a dos outros ve�culos;Colis�o transversal;Com V�timas Feridas;Pleno dia;Crescente;Nublado;Simples;Reta;Sim;4;0;1;0;2;1;1;3;-5,3028147;-37,2810983;SPRF-RN;DEL04-RN;UOP01-DEL04-RN;;;
693637;25/05/2025;domingo;09:50:00;RS;470;1,4;BARRACAO;Problema com o freio;Colis�o com objeto;Com V�timas Feridas;Pleno dia;Crescente;C�u Claro;Simples;"Curva;Declive";N�o;2;0;0;1;0;1;1;2;-27,60943;-51,473875;SPRF-RS;DEL08-RS;UOP05-DEL08-RS;;;
693649;25/05/2025;domingo;15:30:00;TO;153;485;PARAISO DO TOCANTINS;Rea��o tardia ou ineficiente do condutor;Colis�o traseira;Com V�timas Feridas;Pleno dia;Crescente;C�u Claro;Simples;Aclive;N�o;3;0;1;0;1;3;1;5;-10,085332;-48,859081;SPRF-TO;DEL01-TO;UOP01-DEL01-TO;;;
693653;25/05/2025;domingo;15:20:00;MT;364;623;DIAMANTINO;Rea��o tardia ou ineficiente do condutor;Colis�o lateral sentido oposto;Com V�timas Feridas;Pleno dia;Crescente;C�u Claro;Simples;Reta;N�o;4;0;1;0;2;3;1;5;-14,380463;-56,369717;SPRF-MT;DEL01-MT;UOP01-DEL01-MT;;;
693654;25/05/2025;domingo;16:50:00;SP;116;514;CAJATI;Demais falhas mec�nicas ou el�tricas;Inc�ndio;Sem V�timas;Pleno dia;Decrescente;C�u Claro;Dupla;Curva;N�o;2;0;0;0;1;1;0;2;-24,86227772;-48,21452802;SPRF-SP;DEL05-SP;UOP02-DEL05-SP;;;
693657;25/05/2025;domingo;16:35:00;MG;116;573;MANHUACU;Ultrapassagem Indevida;Colis�o lateral sentido oposto;Com V�timas Feridas;Pleno dia;Crescente;C�u Claro;Simples;"Reta;Aclive";N�o;7;0;1;0;5;2;1;7;-20,15137116;-42,18556023;SPRF-MG;DEL06-MG;UOP03-DEL06-MG;;;
693662;25/05/2025;domingo;16:35:00;SC;116;215,5;PONTE ALTA;Rea��o tardia ou ineficiente do condutor;Colis�o traseira;Com V�timas Fatais;Pleno dia;Crescente;Nublado;Simples;Reta;N�o;5;1;0;1;3;0;1;4;-27,5485328;-50,3771008;SPRF-SC;DEL05-SC;UOP03-DEL05-SC;;;
693666;25/05/2025;domingo;15:09:00;MG;40;338;FELIXLANDIA;Mal s�bito do condutor;Sa�da de leito carro��vel;Com V�timas Feridas;Pleno dia;Decrescente;C�u Claro;Simples;Reta;N�o;3;0;0;1;1;2;1;4;-18,70966717;-44,95502472;SPRF-MG;DEL14-MG;UOP02-DEL14-MG;;;
693686;25/05/2025;domingo;18:05:00;MG;381;794,5;SAO GONCALO DO SAPUCAI;Aus�ncia de rea��o do condutor;Colis�o com objeto;Com V�timas Feridas;Anoitecer;Decrescente;C�u Claro;Dupla;Curva;N�o;3;0;2;0;0;9;2;10;-21,90944499;-45,56699753;SPRF-MG;DEL16-MG;UOP02-DEL16-MG;;;
693699;25/05/2025;domingo;19:10:00;RO;364;430;JARU;Rea��o tardia ou ineficiente do condutor;Colis�o lateral sentido oposto;Sem V�timas;Plena Noite;Crescente;Nublado;Simples;Reta;N�o;3;0;0;0;2;2;0;4;-10,3972864;-62,521344;SPRF-RO;DEL03-RO;UOP02-DEL03-RO;;;
693704;25/05/2025;domingo;21:20:00;GO;50;287;CATALAO;Rea��o tardia ou ineficiente do condutor;Colis�o traseira;Com V�timas Feridas;Plena Noite;Crescente;C�u Claro;Dupla;"Reta;Declive";N�o;7;0;0;1;5;1;1;3;-18,226095;-47,9778033;SPRF-GO;DEL06-GO;UOP01-DEL06-GO;;;
693721;25/05/2025;domingo;15:45:00;BA;407;177;PONTO NOVO;Demais falhas mec�nicas ou el�tricas;Inc�ndio;Sem V�timas;Pleno dia;Decrescente;Nublado;Simples;Reta;N�o;2;0;0;0;1;12;0;13;-10,90754834;-40,10809209;SPRF-BA;DEL04-BA;UOP02-DEL04-BA;;;
693722;25/05/2025;domingo;18:30:00;BA;324;430;RIACHAO DO JACUIPE;Ilumina��o deficiente;Colis�o lateral sentido oposto;Com V�timas Feridas;Plena Noite;Decrescente;Nublado;Simples;Reta;N�o;5;0;2;0;2;4;2;7;-11,76821746;-39,45808411;SPRF-BA;DEL04-BA;UOP02-DEL04-BA;;;