id;data_inversa;dia_semana;horario;uf;br;km;municipio;causa_acidente;tipo_acidente;classificacao_acidente;fase_dia;sentido_via;condicao_metereologica;tipo_pista;tracado_via;uso_solo;pessoas;mortos;feridos_leves;feridos_graves;ilesos;ignorados;feridos;veiculos;latitude;longitude;regional;delegacia;uop;;;
693724;25/05/2025;domingo;22:10:00;PR;376;264;PRUDENTOPOLIS;Acessar a via sem observar a presen�a dos outros ve�culos;Colis�o transversal;Sem V�timas;Plena Noite;Crescente;Nevoeiro/Neblina;Simples;"Reta;Aclive;Retorno Regulamentado";Sim;3;0;0;0;2;1;0;3;-25,20253613;-50,98268545;SPRF-PR;DEL07-PR;UOP03-DEL07-PR;;;
693736;26/05/2025;segunda-feira;00:05:00;ES;101;161,7;LINHARES;Condutor Dormindo;Colis�o frontal;Com V�timas Feridas;Plena Noite;Crescente;Garoa/Chuvisco;Simples;Reta;N�o;3;0;1;0;1;3;1;5;-19,48712572;-40,12382039;SPRF-ES;DEL04-ES;UOP01-DEL04-ES;;;
693747;26/05/2025;segunda-feira;01:00:00;MG;262;791;PATROCINIO;Rea��o tardia ou ineficiente do condutor;Tombamento;Com V�timas Feridas;Plena Noite;Crescente;C�u Claro;Simples;"Curva;Declive";N�o;2;0;1;0;0;1;1;2;-19;-47;SPRF-MG;DEL13-MG;UOP01-DEL13-MG;;;
693748;26/05/2025;segunda-feira;01:30:00;PI;343;344;TERESINA;Aus�ncia de rea��o do condutor;Colis�o frontal;Com V�timas Fatais;Plena Noite;Crescente;C�u Claro;Simples;Reta;Sim;4;1;0;1;1;1;1;3;-5,1001972;-42,7654897;SPRF-PI;DEL01-PI;UOP01-DEL01-PI;;;
693749;26/05/2025;segunda-feira;01:50:00;RO;364;201;PIMENTA BUENO;Ingest�o de �lcool pelo condutor;Colis�o lateral mesmo sentido;Com V�timas Feridas;Plena Noite;Decrescente;C�u Claro;Simples;Curva;Sim;7;0;4;0;2;3;4;5;-11,644717;-61,194657;SPRF-RO;DEL02-RO;UOP02-DEL02-RO;;;
693752;26/05/2025;segunda-feira;00:38:00;RJ;116;103,7;GUAPIMIRIM;Rea��o tardia ou ineficiente do condutor;Colis�o frontal;Com V�timas Fatais;Plena Noite;Crescente;C�u Claro;Simples;Curva;N�o;3;1;0;1;1;0;1;2;-22,50637219;-42,99654007;SPRF-RJ;DEL04-RJ;UOP01-DEL04-RJ;;;
693757;25/05/2025;domingo;15:50:00;CE;222;228;SOBRAL;Acumulo de �gua sobre o pavimento;Sa�da de leito carro��vel;Com V�timas Feridas;Pleno dia;Crescente;Chuva;Simples;Rotat�ria;N�o;3;0;0;3;0;0;3;1;-3,69553019;-40,38150279;SPRF-CE;DEL04-CE;UOP01-DEL04-CE;;;
693763;26/05/2025;segunda-feira;07:00:00;MG;381;499;BETIM;Aus�ncia de rea��o do condutor;Colis�o traseira;Com V�timas Feridas;Pleno dia;Decrescente;Nevoeiro/Neblina;Dupla;"Reta;Aclive";N�o;3;0;1;0;2;0;1;2;-20,00070614;-44,21122737;SPRF-MG;DEL01-MG;UOP03-DEL01-MG;;;
693769;02/05/2025;sexta-feira;04:25:00;SE;235;110,5;CARIRA;Aus�ncia de rea��o do condutor;Colis�o traseira;Com V�timas Feridas;Plena Noite;Decrescente;C�u Claro;Simples;Reta;N�o;2;0;1;0;1;0;1;2;-10,32764097;-37,73253188;SPRF-SE;DEL01-SE;UOP02-DEL01-SE;;;
693786;25/05/2025;domingo;23:08:00;RO;364;42;VILHENA;Transitar na contram�o;Colis�o lateral sentido oposto;Com V�timas Feridas;Plena Noite;Crescente;C�u Claro;Simples;Reta;N�o;4;0;2;0;1;2;2;4;-12,61526;-60,34092;SPRF-RO;DEL04-RO;UOP01-DEL04-RO;;;
693788;26/05/2025;segunda-feira;07:50:00;MG;381;503,1;BETIM;Rea��o tardia ou ineficiente do condutor;Colis�o traseira;Com V�timas Feridas;Pleno dia;Crescente;C�u Claro;Dupla;"Curva;Declive";Sim;5;0;1;0;3;1;1;5;-20,025005;-44,231073;SPRF-MG;DEL01-MG;UOP03-DEL01-MG;;;
693789;26/05/2025;segunda-feira;07:50:00;MG;50;56,1;UBERLANDIA;Velocidade Incompat�vel;Tombamento;Com V�timas Feridas;Amanhecer;Decrescente;C�u Claro;Dupla;"Curva;Declive";N�o;2;0;1;0;0;1;1;2;-18,7819083;-48,2341617;SPRF-MG;DEL15-MG;UOP02-DEL15-MG;;;
693794;26/05/2025;segunda-feira;08:00:00;RS;158;198,8;CRUZ ALTA;Desrespeitar a prefer�ncia no cruzamento;Colis�o transversal;Com V�timas Feridas;Pleno dia;Crescente;Chuva;Simples;Interse��o de Vias;N�o;2;0;0;1;1;0;1;2;-28,67589938;-53,59409658;SPRF-RS;DEL10-RS;UOP02-DEL10-RS;;;
693805;26/05/2025;segunda-feira;09:10:00;AL;101;247;PORTO REAL DO COLEGIO;Acessar a via sem observar a presen�a dos outros ve�culos;Colis�o transversal;Com V�timas Feridas;Pleno dia;Crescente;Garoa/Chuvisco;Dupla;"Reta;Interse��o de Vias";N�o;2;0;1;0;1;0;1;2;-10,19843386;-36,82106344;SPRF-AL;DEL02-AL;UOP02-DEL02-AL;;;
693811;26/05/2025;segunda-feira;09:30:00;RS;158;220,9;CRUZ ALTA;Ultrapassagem Indevida;Colis�o frontal;Com V�timas Fatais;Pleno dia;Crescente;Chuva;Simples;Reta;N�o;5;1;1;0;1;2;1;5;-28,869941;-53,617156;SPRF-RS;DEL10-RS;UOP02-DEL10-RS;;;
693815;26/05/2025;segunda-feira;09:00:00;DF;20;3,2;BRASILIA;Aus�ncia de rea��o do condutor;Colis�o traseira;Com V�timas Feridas;Pleno dia;Decrescente;Sol;Simples;"Curva;Aclive";N�o;2;0;1;0;1;0;1;2;-15,67886794;-47,82952845;SPRF-DF;DEL02-DF;UOP01-DEL02-DF;;;
693822;26/05/2025;segunda-feira;08:00:00;BA;324;520;FEIRA DE SANTANA;Pista Escorregadia;Tombamento;Com V�timas Feridas;Pleno dia;Crescente;C�u Claro;Dupla;Reta;N�o;3;0;0;1;1;1;1;3;-12,2740721;-38,93342033;SPRF-BA;DEL01-BA;UOP03-DEL01-BA;;;
693823;26/05/2025;segunda-feira;08:30:00;MA;10;266;IMPERATRIZ;Demais falhas mec�nicas ou el�tricas;Tombamento;Com V�timas Feridas;Pleno dia;Decrescente;C�u Claro;Simples;Declive;N�o;2;0;1;1;0;0;2;1;-5,400328;-47,473035;SPRF-MA;DEL04-MA;UOP01-DEL04-MA;;;
693824;26/05/2025;segunda-feira;10:00:00;SP;116;135,8;SAO JOSE DOS CAMPOS;Rea��o tardia ou ineficiente do condutor;Colis�o traseira;Com V�timas Feridas;Pleno dia;Crescente;Sol;Dupla;Reta;Sim;3;0;1;0;1;1;1;3;-23,14874368;-45,77886455;SPRF-SP;DEL02-SP;UOP01-DEL02-SP;;;
693828;26/05/2025;segunda-feira;10:40:00;BA;110;146;RIBEIRA DO POMBAL;Problema com o freio;Sa�da de leito carro��vel;Com V�timas Feridas;Pleno dia;Crescente;C�u Claro;Simples;Reta;N�o;2;0;1;0;0;1;1;2;-10,67854569;-38,45466619;SPRF-BA;DEL07-BA;UOP02-DEL07-BA;;;
693829;26/05/2025;segunda-feira;07:50:00;MG;40;25;PARACATU;Condutor Dormindo;Colis�o traseira;Com V�timas Fatais;Pleno dia;Crescente;C�u Claro;Simples;Reta;N�o;5;1;3;0;1;0;3;2;-17,241464;-46,8237456;SPRF-MG;DEL14-MG;UOP01-DEL14-MG;;;
693835;26/05/2025;segunda-feira;08:00:00;RJ;116;16;SAPUCAIA;Transitar na contram�o;Colis�o frontal;Com V�timas Feridas;Pleno dia;Decrescente;C�u Claro;Simples;Curva;N�o;5;0;3;1;1;0;4;2;-21,97283333;-42,74625;SPRF-RJ;DEL05-RJ;UOP01-DEL05-RJ;;;
693836;26/05/2025;segunda-feira;12:15:00;PR;376;615;SAO JOSE DOS PINHAIS;Aus�ncia de rea��o do condutor;Engavetamento;Sem V�timas;Pleno dia;Crescente;C�u Claro;Dupla;"Reta;Declive;Interse��o de Vias";N�o;4;0;0;0;4;0;0;4;-25,5746582;-49,1799705;SPRF-PR;DEL01-PR;UOP04-DEL01-PR;;;
693839;20/05/2025;ter�a-feira;04:00:00;MA;226;286;BARRA DO CORDA;Ingest�o de �lcool pelo condutor;Tombamento;Sem V�timas;Plena Noite;Crescente;Garoa/Chuvisco;Simples;Reta;N�o;2;0;0;0;1;3;0;4;-5,41046063;-44,97404402;SPRF-MA;DEL06-MA;UOP01-DEL06-MA;;;
693841;26/05/2025;segunda-feira;11:50:00;GO;60;113;GOIANIA;Rea��o tardia ou ineficiente do condutor;Colis�o traseira;Com V�timas Feridas;Pleno dia;Decrescente;C�u Claro;Dupla;"Reta;Aclive";N�o;3;0;0;1;1;2;1;4;-16,580608;-49,152;SPRF-GO;DEL01-GO;UOP01-DEL01-GO;;;
693846;26/05/2025;segunda-feira;12:15:00;SP;153;44,2;ONDA VERDE;Aus�ncia de rea��o do condutor;Colis�o traseira;Com V�timas Feridas;Pleno dia;Crescente;Sol;Simples;"Reta;Em Obras";N�o;4;0;1;1;1;2;2;5;-20,65662897;-49,34124112;SPRF-SP;DEL09-SP;UOP01-DEL09-SP;;;
693850;24/04/2025;quinta-feira;22:45:00;PR;277;5;PARANAGUA;Condutor deixou de manter dist�ncia do ve�culo da frente;Colis�o traseira;Com V�timas Feridas;Plena Noite;Decrescente;Nublado;Simples;Reta;Sim;3;0;0;1;1;1;1;3;-25,557411;-48,569069;SPRF-PR;DEL01-PR;UOP05-DEL01-PR;;;
693851;26/05/2025;segunda-feira;12:20:00;PR;277;128;CAMPO LARGO;Aus�ncia de rea��o do condutor;Atropelamento de Pedestre;Com V�timas Feridas;Pleno dia;Decrescente;C�u Claro;Dupla;Reta;Sim;2;0;2;0;0;0;2;2;-25,44012059;-49,5550975;SPRF-PR;DEL03-PR;UOP03-DEL03-PR;;;
693852;26/05/2025;segunda-feira;07:20:00;MG;116;87;MEDINA;Aus�ncia de rea��o do condutor;Colis�o lateral mesmo sentido;Com V�timas Feridas;Amanhecer;Crescente;Chuva;Simples;Reta;N�o;4;0;0;1;1;2;1;4;-16,332059;-41,469812;SPRF-MG;DEL11-MG;UOP02-DEL11-MG;;;
693857;26/05/2025;segunda-feira;09:40:00;MG;116;228,6;TEOFILO OTONI;Rea��o tardia ou ineficiente do condutor;Colis�o traseira;Com V�timas Feridas;Pleno dia;Crescente;Nublado;Simples;"Reta;Declive";N�o;2;0;1;0;1;0;1;2;-17,47538;-41,494578;SPRF-MG;DEL11-MG;UOP01-DEL11-MG;;;
693862;26/05/2025;segunda-feira;07:30:00;PE;428;20,8;CABROBO;Rea��o tardia ou ineficiente do condutor;Colis�o traseira;Com V�timas Feridas;Pleno dia;Decrescente;C�u Claro;Simples;Reta;N�o;4;0;1;3;0;0;4;2;-8,491942;-39,405025;SPRF-PE;DEL05-PE;UOP03-DEL05-PE;;;
693863;26/05/2025;segunda-feira;13:10:00;SC;470;138,2;RIO DO SUL;Acessar a via sem observar a presen�a dos outros ve�culos;Colis�o transversal;Com V�timas Feridas;Pleno dia;Decrescente;Nublado;Simples;"Reta;Interse��o de Vias";Sim;3;0;1;0;1;1;1;3;-27,19393447;-49,62410378;SPRF-SC;DEL04-SC;UOP02-DEL04-SC;;;
693864;26/05/2025;segunda-feira;14:00:00;SC;280;55,2;GUARAMIRIM;Desrespeitar a prefer�ncia no cruzamento;Colis�o transversal;Com V�timas Feridas;Pleno dia;Crescente;C�u Claro;Dupla;Rotat�ria;Sim;3;0;1;0;2;0;1;3;-26,47910111;-49,00107265;SPRF-SC;DEL03-SC;UOP03-DEL03-SC;;;
693871;26/05/2025;segunda-feira;14:30:00;PR;369;143,4;LONDRINA;Avarias e/ou desgaste excessivo no pneu;Colis�o transversal;Com V�timas Feridas;Pleno dia;Crescente;C�u Claro;Dupla;Reta;Sim;2;0;1;1;0;0;2;2;-23,29309571;-51,09966261;SPRF-PR;DEL07-PR;UOP01-DEL07-PR;;;
693881;26/05/2025;segunda-feira;15:50:00;PR;376;1;SAO JOSE DOS PINHAIS;Acessar a via sem observar a presen�a dos outros ve�culos;Colis�o lateral mesmo sentido;Sem V�timas;Pleno dia;Decrescente;C�u Claro;Dupla;Reta;Sim;3;0;0;0;1;3;0;4;-25,5652358;-49,183279;SPRF-PR;DEL01-PR;UOP04-DEL01-PR;;;
693883;25/05/2025;domingo;23:50:00;SC;282;629;IRACEMINHA;Velocidade Incompat�vel;Derramamento de carga;Com V�timas Feridas;Plena Noite;Crescente;C�u Claro;Simples;Reta;N�o;2;0;1;0;0;1;1;2;-26,82119843;-53,38296533;SPRF-SC;DEL07-SC;UOP02-DEL07-SC;;;
693885;26/05/2025;segunda-feira;15:10:00;SP;116;93,5;PINDAMONHANGABA;Manobra de mudan�a de faixa;Colis�o traseira;Sem V�timas;Pleno dia;Crescente;Sol;Dupla;Reta;N�o;2;0;0;0;2;0;0;2;-22,95799816;-45,41662216;SPRF-SP;DEL08-SP;UOP01-DEL08-SP;;;
693886;26/05/2025;segunda-feira;14:00:00;PR;116;18;CURITIBA;Rea��o tardia ou ineficiente do condutor;Engavetamento;Com V�timas Feridas;Pleno dia;Crescente;C�u Claro;Dupla;"Reta;Aclive";Sim;3;0;1;0;2;0;1;3;-25,388891;-49,19822;SPRF-PR;DEL01-PR;UOP02-DEL01-PR;;;
693888;26/05/2025;segunda-feira;15:15:00;SC;101;202,7;SAO JOSE;Pedestre andava na pista;Atropelamento de Pedestre;Com V�timas Fatais;Pleno dia;Crescente;C�u Claro;M�ltipla;Reta;Sim;3;1;0;0;1;1;0;2;-27,562705;-48,615834;SPRF-SC;DEL01-SC;UOP01-DEL01-SC;;;
693892;26/05/2025;segunda-feira;07:30:00;BA;324;520;FEIRA DE SANTANA;Aus�ncia de rea��o do condutor;Tombamento;Com V�timas Feridas;Pleno dia;Crescente;C�u Claro;Dupla;Reta;Sim;3;0;1;0;1;1;1;3;-12,27353572;-38,93416739;SPRF-BA;DEL01-BA;UOP03-DEL01-BA;;;
693894;26/05/2025;segunda-feira;16:15:00;PE;116;36;SALGUEIRO;Avarias e/ou desgaste excessivo no pneu;Sa�da de leito carro��vel;Sem V�timas;Pleno dia;Crescente;C�u Claro;Simples;"Declive;Reta";N�o;2;0;0;0;2;0;0;1;-8,152171;-39,109971;SPRF-PE;DEL05-PE;UOP01-DEL05-PE;;;
693904;26/05/2025;segunda-feira;12:40:00;MG;262;706,6;ARAXA;Rea��o tardia ou ineficiente do condutor;Sa�da de leito carro��vel;Com V�timas Feridas;Pleno dia;Decrescente;C�u Claro;Simples;"Reta;Declive";N�o;2;0;1;0;0;1;1;2;-19,589051;-47,0792969;SPRF-MG;DEL08-MG;UOP01-DEL08-MG;;;
693906;26/05/2025;segunda-feira;17:05:00;MG;40;492,6;ESMERALDAS;Rea��o tardia ou ineficiente do condutor;Colis�o traseira;Com V�timas Feridas;Pleno dia;Crescente;C�u Claro;Simples;"Aclive;Curva;Interse��o de Vias";N�o;3;0;1;0;2;0;1;2;-19,64286;-44,20315;SPRF-MG;DEL02-MG;UOP01-DEL02-MG;;;
693909;26/05/2025;segunda-feira;14:15:00;PR;369;46,7;BANDEIRANTES;Rea��o tardia ou ineficiente do condutor;Sa�da de leito carro��vel;Com V�timas Feridas;Pleno dia;Decrescente;Nublado;Simples;"Declive;Reta";N�o;2;0;0;2;0;0;2;1;-23,10187845;-50,30907869;SPRF-PR;DEL07-PR;UOP05-DEL07-PR;;;
693911;26/05/2025;segunda-feira;16:40:00;ES;101;265,7;SERRA;Condutor deixou de manter dist�ncia do ve�culo da frente;Engavetamento;Com V�timas Feridas;Anoitecer;Crescente;Chuva;M�ltipla;Aclive;Sim;6;0;2;0;3;2;2;5;-20,1882207;-40,2684512;SPRF-ES;DEL02-ES;UOP01-DEL02-ES;;;
693922;26/05/2025;segunda-feira;17:40:00;MG;40;686,2;RESSAQUINHA;Demais falhas mec�nicas ou el�tricas;Colis�o frontal;Com V�timas Feridas;Anoitecer;Crescente;Nublado;Simples;"Reta;Aclive";N�o;4;0;1;0;1;2;1;4;-21,0922014;-43,7707366;SPRF-MG;DEL05-MG;UOP02-DEL05-MG;;;
693925;26/05/2025;segunda-feira;18:30:00;GO;60;390;RIO VERDE;Manobra de mudan�a de faixa;Sa�da de leito carro��vel;Com V�timas Feridas;Anoitecer;Decrescente;C�u Claro;Dupla;"Reta;Aclive";N�o;2;0;1;0;0;1;1;2;-17,825018;-50,961945;SPRF-GO;DEL04-GO;UOP02-DEL04-GO;;;
693926;26/05/2025;segunda-feira;12:50:00;GO;158;167;CAIAPONIA;Rea��o tardia ou ineficiente do condutor;Colis�o traseira;Com V�timas Feridas;Pleno dia;Crescente;C�u Claro;Simples;Reta;N�o;3;0;1;0;1;3;1;5;-17,11745577;-51,87548786;SPRF-GO;DEL05-GO;UOP01-DEL05-GO;;;
693935;26/05/2025;segunda-feira;18:40:00;MT;70;522;VARZEA GRANDE;Aus�ncia de rea��o do condutor;Colis�o transversal;Com V�timas Feridas;Plena Noite;Crescente;C�u Claro;Simples;Reta;Sim;2;0;1;0;1;0;1;2;-15,662993;-56,185455;SPRF-MT;DEL01-MT;UOP02-DEL01-MT;;;
693936;26/05/2025;segunda-feira;18:30:00;PR;277;58;SAO JOSE DOS PINHAIS;Ilumina��o deficiente;Colis�o lateral mesmo sentido;Com V�timas Feridas;Plena Noite;Crescente;Nublado;Dupla;Reta;N�o;3;0;0;1;1;1;1;3;-25,56868422;-49,00306284;SPRF-PR;DEL01-PR;UOP01-DEL01-PR;;;
693938;26/05/2025;segunda-feira;18:35:00;PR;376;616;SAO JOSE DOS PINHAIS;Aus�ncia de rea��o do condutor;Colis�o traseira;Com V�timas Fatais;Pleno dia;Decrescente;C�u Claro;Dupla;"Aclive;Curva;Interse��o de Vias";Sim;4;1;0;0;1;2;0;4;-25,58437;-49,17577;SPRF-PR;DEL01-PR;UOP04-DEL01-PR;;;
693939;26/05/2025;segunda-feira;19:30:00;MG;50;175,9;UBERABA;Mal s�bito do condutor;Colis�o com objeto;Com V�timas Feridas;Plena Noite;Crescente;C�u Claro;Dupla;Reta;Sim;2;0;1;0;0;1;1;2;-19,7784;-47,96181;SPRF-MG;DEL13-MG;UOP01-DEL13-MG;;;
693944;26/05/2025;segunda-feira;20:30:00;ES;101;173,8;ARACRUZ;Transitar na contram�o;Colis�o frontal;Com V�timas Feridas;Plena Noite;Decrescente;Nublado;Simples;Reta;Sim;3;0;0;1;1;1;1;3;-19,59125251;-40,19418848;SPRF-ES;DEL04-ES;UOP01-DEL04-ES;;;
693945;26/05/2025;segunda-feira;18:50:00;BA;101;894,5;CARAVELAS;Transitar na contram�o;Colis�o frontal;Com V�timas Feridas;Plena Noite;Crescente;C�u Claro;Simples;"Reta;Aclive";N�o;3;0;0;2;1;0;2;2;-17,673024;-39,774137;SPRF-BA;DEL09-BA;UOP02-DEL09-BA;;;
693946;26/05/2025;segunda-feira;19:40:00;SC;280;6;SAO FRANCISCO DO SUL;Manobra de mudan�a de faixa;Colis�o transversal;Com V�timas Feridas;Plena Noite;Crescente;C�u Claro;Simples;Rotat�ria;Sim;2;0;1;0;0;1;1;2;-26,25784794;-48,62314638;SPRF-SC;DEL03-SC;UOP03-DEL03-SC;;;
693947;26/05/2025;segunda-feira;19:20:00;MG;381;459;SABARA;Acessar a via sem observar a presen�a dos outros ve�culos;Atropelamento de Pedestre;Com V�timas Feridas;Plena Noite;Decrescente;C�u Claro;Dupla;Reta;N�o;2;0;1;0;1;0;1;2;-19,8276211;-43,8380406;SPRF-MG;DEL01-MG;UOP01-DEL01-MG;;;
693953;26/05/2025;segunda-feira;21:00:00;ES;101;173,5;ARACRUZ;Aus�ncia de rea��o do condutor;Colis�o traseira;Com V�timas Feridas;Plena Noite;Crescente;Chuva;Simples;Reta;N�o;9;0;1;0;7;5;1;9;-19,58383203;-40,18936642;SPRF-ES;DEL04-ES;UOP01-DEL04-ES;;;
693954;26/05/2025;segunda-feira;21:40:00;SC;101;121;ITAJAI;Manobra de mudan�a de faixa;Tombamento;Com V�timas Feridas;Plena Noite;Decrescente;Nublado;M�ltipla;Reta;Sim;6;0;0;1;4;3;1;8;-26,92709395;-48,7058141;SPRF-SC;DEL04-SC;UOP04-DEL04-SC;;;
693957;26/05/2025;segunda-feira;16:00:00;PA;153;67;SAO DOMINGOS DO ARAGUAIA;Rea��o tardia ou ineficiente do condutor;Colis�o com objeto;Com V�timas Fatais;Pleno dia;Decrescente;C�u Claro;Simples;Reta;N�o;3;1;1;0;0;1;1;2;-5,713567;-48,691273;SPRF-PA;DEL03-PA;UOP01-DEL03-PA;;;
693965;26/05/2025;segunda-feira;23:00:00;PR;376;679;GUARATUBA;Frear bruscamente;Colis�o lateral mesmo sentido;Com V�timas Feridas;Plena Noite;Crescente;Nublado;Dupla;"Ponte;Reta";N�o;3;0;1;0;1;2;1;4;-25,9584227;-48,9008782;SPRF-PR;DEL01-PR;UOP04-DEL01-PR;;;
693966;26/05/2025;segunda-feira;21:10:00;RJ;393;125;SAPUCAIA;Convers�o proibida;Colis�o traseira;Com V�timas Feridas;Plena Noite;Crescente;C�u Claro;Dupla;Reta;N�o;3;0;1;1;0;1;2;2;-21,95987719;-42,85871962;SPRF-RJ;DEL05-RJ;UOP01-DEL05-RJ;;;
693967;26/05/2025;segunda-feira;23:05:00;SC;101;111;NAVEGANTES;Velocidade Incompat�vel;Tombamento;Com V�timas Feridas;Plena Noite;Decrescente;C�u Claro;Dupla;Reta;Sim;1;0;1;0;0;0;1;1;-26,840268;-48,714635;SPRF-SC;DEL04-SC;UOP04-DEL04-SC;;;
693968;26/05/2025;segunda-feira;19:50:00;MA;135;118,9;MIRANDA DO NORTE;Ultrapassagem Indevida;Colis�o frontal;Com V�timas Feridas;Plena Noite;Crescente;C�u Claro;Simples;Reta;N�o;26;0;5;1;19;1;6;3;-3,510429;-44,54973;SPRF-MA;DEL01-MA;UOP02-DEL01-MA;;;
693969;26/05/2025;segunda-feira;23:30:00;SP;116;311;SAO LOURENCO DA SERRA;Rea��o tardia ou ineficiente do condutor;Colis�o traseira;Com V�timas Feridas;Plena Noite;Crescente;C�u Claro;Dupla;"Declive;Reta";N�o;5;0;0;3;1;1;3;3;-23,88727439;-46,97796671;SPRF-SP;DEL04-SP;UOP01-DEL04-SP;;;
693971;26/05/2025;segunda-feira;23:39:00;RS;392;5,2;RIO GRANDE;Acessar a via sem observar a presen�a dos outros ve�culos;Colis�o transversal;Com V�timas Feridas;Plena Noite;Decrescente;Garoa/Chuvisco;Simples;Reta;N�o;4;0;1;0;2;3;1;6;-32,07816525;-52,10275397;SPRF-RS;DEL07-RS;UOP02-DEL07-RS;;;
693974;27/05/2025;ter�a-feira;01:10:00;MG;50;205;DELTA;Condutor Dormindo;Colis�o traseira;Com V�timas Feridas;Plena Noite;Decrescente;C�u Claro;Dupla;Reta;N�o;4;0;2;0;1;1;2;3;-19,970725;-47,791353;SPRF-MG;DEL13-MG;UOP01-DEL13-MG;;;
693977;26/05/2025;segunda-feira;19:40:00;GO;20;220;SIMOLANDIA;Falta de acostamento;Tombamento;Sem V�timas;Plena Noite;Crescente;C�u Claro;Simples;Reta;N�o;2;0;0;0;1;3;0;4;-14,41676225;-46,652908;SPRF-DF;DEL02-DF;UOP03-DEL02-DF;;;
693978;27/05/2025;ter�a-feira;04:30:00;RS;290;372,7;VILA NOVA DO SUL;Avarias e/ou desgaste excessivo no pneu;Sa�da de leito carro��vel;Com V�timas Feridas;Plena Noite;Crescente;Garoa/Chuvisco;Simples;"Reta;Declive";Sim;1;0;1;0;0;0;1;1;-30,34572837;-53,90045866;SPRF-RS;DEL09-RS;UOP02-DEL09-RS;;;
693979;27/05/2025;ter�a-feira;04:00:00;SC;470;124,5;IBIRAMA;Rea��o tardia ou ineficiente do condutor;Colis�o lateral sentido oposto;Com V�timas Feridas;Plena Noite;Crescente;Nublado;Simples;Reta;N�o;3;0;1;0;1;1;1;3;-27,11568807;-49,53227341;SPRF-SC;DEL04-SC;UOP02-DEL04-SC;;;
693981;27/05/2025;ter�a-feira;05:00:00;BA;116;592;IRAJUBA;Aus�ncia de rea��o do condutor;Colis�o frontal;Com V�timas Feridas;Amanhecer;Decrescente;C�u Claro;Simples;Reta;N�o;5;0;1;2;2;0;3;3;-13,204822;-40,016078;SPRF-BA;DEL03-BA;UOP02-DEL03-BA;;;
693983;27/05/2025;ter�a-feira;05:15:00;RJ;116;306;RESENDE;Velocidade Incompat�vel;Colis�o traseira;Com V�timas Feridas;Amanhecer;Crescente;Nevoeiro/Neblina;Dupla;Reta;Sim;3;0;1;1;1;0;2;2;-22,45582772;-44,39762799;SPRF-RJ;DEL07-RJ;UOP02-DEL07-RJ;;;
693985;27/05/2025;ter�a-feira;05:50:00;ES;101;396,1;CACHOEIRO DE ITAPEMIRIM;Transitar na contram�o;Colis�o lateral sentido oposto;Com V�timas Feridas;Amanhecer;Crescente;Nublado;Dupla;Reta;N�o;3;0;0;1;1;1;1;3;-20,9274621;-41,0795597;SPRF-ES;DEL03-ES;UOP02-DEL03-ES;;;
693990;27/05/2025;ter�a-feira;02:20:00;PR;376;515;PONTA GROSSA;Aus�ncia de rea��o do condutor;Colis�o lateral mesmo sentido;Com V�timas Feridas;Plena Noite;Crescente;Ignorado;Dupla;Reta;N�o;3;0;1;0;1;1;1;3;-25,21985073;-50,05577087;SPRF-PR;DEL03-PR;UOP04-DEL03-PR;;;
693996;27/05/2025;ter�a-feira;06:20:00;MG;262;160;SAO DOMINGOS DO PRATA;Transitar na contram�o;Colis�o frontal;Com V�timas Feridas;Amanhecer;Decrescente;Garoa/Chuvisco;Simples;"Curva;Declive";N�o;2;0;0;1;1;0;1;2;-19,959956;-42,830119;SPRF-MG;DEL03-MG;UOP03-DEL03-MG;;;
694002;08/05/2025;quinta-feira;02:15:00;SP;116;84;PINDAMONHANGABA;Aus�ncia de rea��o do condutor;Colis�o traseira;Com V�timas Feridas;Plena Noite;Crescente;Nublado;Dupla;Reta;N�o;3;0;1;0;0;2;1;3;-22,91441376;-45,33013905;SPRF-SP;DEL08-SP;UOP01-DEL08-SP;;;
694006;27/05/2025;ter�a-feira;07:25:00;PE;408;85;SAO LOURENCO DA MATA;Demais falhas mec�nicas ou el�tricas;Inc�ndio;Sem V�timas;Pleno dia;Decrescente;C�u Claro;Dupla;"Reta;Aclive";N�o;2;0;0;0;2;0;0;1;-8,00384;-35,04897;SPRF-PE;DEL01-PE;UOP01-DEL01-PE;;;
694009;26/05/2025;segunda-feira;21:30:00;BA;116;590;IRAJUBA;Demais falhas mec�nicas ou el�tricas;Colis�o traseira;Com V�timas Feridas;Plena Noite;Decrescente;C�u Claro;Simples;Curva;N�o;5;0;2;0;2;1;2;3;-13,18788875;-40,00628471;SPRF-BA;DEL03-BA;UOP02-DEL03-BA;;;
694012;27/05/2025;ter�a-feira;08:12:00;SP;153;192,9;GETULINA;Ultrapassagem Indevida;Colis�o lateral mesmo sentido;Com V�timas Feridas;Pleno dia;Crescente;C�u Claro;Simples;Reta;N�o;5;0;1;0;3;1;1;3;-21,760795;-49,877021;SPRF-SP;DEL07-SP;UOP01-DEL07-SP;;;
694018;15/05/2025;quinta-feira;03:15:00;PI;316;39,2;LAGOA DO PIAUI;Transitar na contram�o;Colis�o frontal;Com V�timas Fatais;Plena Noite;Decrescente;C�u Claro;Simples;"Aclive;Reta";Sim;2;1;0;0;1;0;0;2;-5,40640638;-42,64913455;SPRF-PI;DEL01-PI;UOP02-DEL01-PI;;;
694019;27/05/2025;ter�a-feira;07:30:00;BA;101;97;ALAGOINHAS;Acessar a via sem observar a presen�a dos outros ve�culos;Colis�o lateral sentido oposto;Com V�timas Feridas;Pleno dia;Decrescente;C�u Claro;Simples;Reta;N�o;3;0;1;0;1;2;1;4;-12,08000679;-38,34694281;SPRF-BA;DEL01-BA;UOP04-DEL01-BA;;;