id;data_inversa;dia_semana;horario;uf;br;km;municipio;causa_acidente;tipo_acidente;classificacao_acidente;fase_dia;sentido_via;condicao_metereologica;tipo_pista;tracado_via;uso_solo;pessoas;mortos;feridos_leves;feridos_graves;ilesos;ignorados;feridos;veiculos;latitude;longitude;regional;delegacia;uop;;;
694021;21/05/2025;quarta-feira;02:30:00;MG;116;109,2;ITAOBIM;Aus�ncia de rea��o do condutor;Sa�da de leito carro��vel;Com V�timas Feridas;Plena Noite;Crescente;C�u Claro;Simples;Curva;N�o;3;0;1;0;1;2;1;3;-16,506727;-41,508428;SPRF-MG;DEL11-MG;UOP02-DEL11-MG;;;
694022;27/05/2025;ter�a-feira;05:40:00;GO;158;35;BOM JARDIM DE GOIAS;Objeto est�tico sobre o leito carro��vel;Colis�o traseira;Sem V�timas;Amanhecer;Crescente;C�u Claro;Simples;Reta;N�o;3;0;0;0;2;4;0;6;-16,15502611;-52,17069246;SPRF-GO;DEL04-GO;UOP02-DEL04-GO;;;
694023;27/05/2025;ter�a-feira;10:05:00;RN;226;176,9;CURRAIS NOVOS;Desrespeitar a prefer�ncia no cruzamento;Colis�o transversal;Com V�timas Feridas;Pleno dia;Crescente;C�u Claro;Simples;"Reta;Aclive";Sim;2;0;1;0;1;0;1;2;-6,268;-36,523;SPRF-RN;DEL03-RN;UOP02-DEL03-RN;;;
694029;13/04/2025;domingo;18:00:00;PR;163;53;PEROLA DOESTE;Velocidade Incompat�vel;Tombamento;Com V�timas Fatais;Plena Noite;Crescente;Ignorado;Simples;Curva;N�o;4;1;2;0;0;1;2;2;-25,9250724;-53,7508464;SPRF-PR;DEL02-PR;UOP02-DEL02-PR;;;
694030;27/05/2025;ter�a-feira;06:00:00;MA;230;33,4;BARAO DE GRAJAU;Aus�ncia de rea��o do condutor;Tombamento;Com V�timas Feridas;Pleno dia;Decrescente;C�u Claro;Simples;"Curva;Declive";N�o;2;0;0;1;0;2;1;3;-6,682581;-43,283298;SPRF-PI;DEL03-PI;UOP01-DEL03-PI;;;
694051;27/05/2025;ter�a-feira;10:00:00;BA;116;641,8;JAGUAQUARA;Velocidade Incompat�vel;Sa�da de leito carro��vel;Com V�timas Feridas;Pleno dia;Decrescente;C�u Claro;Simples;Reta;N�o;1;0;1;0;0;0;1;1;-13,5395;-40,0679;SPRF-BA;DEL03-BA;UOP01-DEL03-BA;;;
694058;27/05/2025;ter�a-feira;13:00:00;MT;364;200,5;RONDONOPOLIS;Velocidade Incompat�vel;Tombamento;Com V�timas Feridas;Pleno dia;Crescente;C�u Claro;Dupla;Rotat�ria;Sim;2;0;1;0;0;1;1;2;-16,52300145;-54,646;SPRF-MT;DEL02-MT;UOP01-DEL02-MT;;;
694062;27/05/2025;ter�a-feira;14:15:00;GO;364;90;CACHOEIRA ALTA;Ingest�o de �lcool pelo condutor;Sa�da de leito carro��vel;Com V�timas Fatais;Pleno dia;Decrescente;C�u Claro;Simples;Reta;N�o;2;1;0;0;0;1;0;2;-18,495397;-51,073292;SPRF-GO;DEL05-GO;UOP02-DEL05-GO;;;
694066;27/05/2025;ter�a-feira;09:00:00;BA;349;1090;CORRENTINA;Velocidade Incompat�vel;Colis�o frontal;Com V�timas Fatais;Pleno dia;Decrescente;C�u Claro;Simples;Reta;N�o;2;1;0;0;1;0;0;2;-13,77156552;-46,02790833;SPRF-BA;DEL10-BA;UOP02-DEL10-BA;;;
694068;27/05/2025;ter�a-feira;15:30:00;SE;101;114,9;ITAPORANGA DAJUDA;Velocidade Incompat�vel;Colis�o com objeto;Com V�timas Feridas;Pleno dia;Decrescente;Nublado;Dupla;"Reta;Declive";N�o;2;0;1;0;0;1;1;2;-11,00393983;-37,3081526;SPRF-SE;DEL02-SE;UOP01-DEL02-SE;;;
694074;27/05/2025;ter�a-feira;15:40:00;MG;50;74;UBERLANDIA;Manobra de mudan�a de faixa;Colis�o lateral mesmo sentido;Sem V�timas;Pleno dia;Decrescente;Sol;Dupla;"Reta;Declive";N�o;4;0;0;0;3;2;0;4;-18,9146277;-48,2230939;SPRF-MG;DEL15-MG;UOP01-DEL15-MG;;;
694078;27/05/2025;ter�a-feira;15:40:00;PR;369;402,1;JURANDA;Ultrapassagem Indevida;Colis�o frontal;Com V�timas Fatais;Pleno dia;Crescente;C�u Claro;Simples;Reta;N�o;6;3;0;2;0;1;2;4;-24,39244295;-52,79960632;SPRF-PR;DEL04-PR;UOP03-DEL04-PR;;;
694085;27/05/2025;ter�a-feira;16:20:00;SP;381;36;ATIBAIA;Carga excessiva e/ou mal acondicionada;Derramamento de carga;Sem V�timas;Pleno dia;Decrescente;C�u Claro;Dupla;"Curva;Viaduto;Interse��o de Vias";N�o;2;0;0;0;1;1;0;2;-23,1012271;-46,56886755;SPRF-SP;DEL03-SP;UOP01-DEL03-SP;;;
694090;27/05/2025;ter�a-feira;17:55:00;SC;101;206;SAO JOSE;Rea��o tardia ou ineficiente do condutor;Colis�o traseira;Com V�timas Feridas;Plena Noite;Decrescente;Nublado;Dupla;Reta;Sim;2;0;0;1;1;0;1;2;-27,59212189;-48,6181283;SPRF-SC;DEL01-SC;UOP01-DEL01-SC;;;
694091;27/05/2025;ter�a-feira;16:50:00;RO;364;626;ITAPUA DO OESTE;Rea��o tardia ou ineficiente do condutor;Colis�o lateral sentido oposto;Sem V�timas;Pleno dia;Decrescente;C�u Claro;Simples;Curva;N�o;5;0;0;0;4;1;0;2;-9,07260256;-63,33978653;SPRF-RO;DEL01-RO;UOP04-DEL01-RO;;;
694097;27/05/2025;ter�a-feira;18:45:00;SP;116;389;MIRACATU;Aus�ncia de rea��o do condutor;Colis�o traseira;Com V�timas Feridas;Plena Noite;Crescente;Nublado;Dupla;Reta;Sim;3;0;1;0;1;1;1;3;-24,30758617;-47,49087632;SPRF-SP;DEL04-SP;UOP02-DEL04-SP;;;
694101;27/05/2025;ter�a-feira;14:30:00;ES;101;270;SERRA;Manobra de mudan�a de faixa;Colis�o lateral mesmo sentido;Com V�timas Feridas;Pleno dia;Decrescente;C�u Claro;Dupla;Reta;Sim;2;0;1;0;0;1;1;2;-20,0488541;-40,3866988;SPRF-ES;DEL02-ES;UOP01-DEL02-ES;;;
694106;27/05/2025;ter�a-feira;18:50:00;SP;116;131;CACAPAVA;Manobra de mudan�a de faixa;Colis�o lateral mesmo sentido;Sem V�timas;Plena Noite;Crescente;C�u Claro;Dupla;Reta;Sim;3;0;0;0;1;2;0;3;-23,1285127;-45,7360605;SPRF-SP;DEL02-SP;UOP02-DEL02-SP;;;
694109;27/05/2025;ter�a-feira;19:00:00;PB;101;86;JOAO PESSOA;Acessar a via sem observar a presen�a dos outros ve�culos;Colis�o lateral mesmo sentido;Com V�timas Feridas;Plena Noite;Crescente;C�u Claro;Dupla;Reta;Sim;2;0;0;1;1;0;1;2;-7,15830612;-34,90651645;SPRF-PB;DEL01-PB;UOP01-DEL01-PB;;;
694117;27/05/2025;ter�a-feira;19:20:00;RS;386;248,3;SOLEDADE;Transitar na contram�o;Colis�o lateral sentido oposto;Sem V�timas;Plena Noite;Crescente;Chuva;Simples;"Reta;Em Obras;Interse��o de Vias";Sim;3;0;0;0;1;2;0;3;-28,819278;-52,4827;SPRF-RS;DEL04-RS;UOP03-DEL04-RS;;;
694124;27/05/2025;ter�a-feira;16:30:00;ES;101;461;MIMOSO DO SUL;Fuma�a;Inc�ndio;Sem V�timas;Pleno dia;Crescente;C�u Claro;Simples;Reta;N�o;2;0;0;0;1;1;0;2;-21,22106116;-41,30764961;SPRF-ES;DEL03-ES;UOP02-DEL03-ES;;;
694127;27/05/2025;ter�a-feira;20:20:00;SP;381;51;ATIBAIA;Aus�ncia de rea��o do condutor;Colis�o traseira;Com V�timas Feridas;Plena Noite;Decrescente;C�u Claro;Dupla;Reta;Sim;3;0;1;0;1;1;1;3;-23,19297794;-46,65980458;SPRF-SP;DEL03-SP;UOP01-DEL03-SP;;;
694129;27/05/2025;ter�a-feira;19:00:00;PR;376;510;PONTA GROSSA;Condutor Dormindo;Tombamento;Sem V�timas;Plena Noite;Crescente;Ignorado;Dupla;Reta;N�o;2;0;0;0;1;1;0;2;-25,217763;-50,056437;SPRF-PR;DEL03-PR;UOP04-DEL03-PR;;;
694131;27/05/2025;ter�a-feira;15:30:00;MG;50;180;UBERABA;Acessar a via sem observar a presen�a dos outros ve�culos;Colis�o traseira;Com V�timas Feridas;Pleno dia;Crescente;C�u Claro;Dupla;"Curva;Interse��o de Vias;Rotat�ria";N�o;2;0;1;0;0;1;1;2;-19,77844652;-47,92338179;SPRF-MG;DEL13-MG;UOP01-DEL13-MG;;;
694133;27/05/2025;ter�a-feira;18:20:00;SC;470;83,7;RODEIO;Transitar na contram�o;Colis�o frontal;Com V�timas Fatais;Anoitecer;Crescente;Nublado;Simples;Reta;N�o;3;1;0;0;1;1;0;3;-26,961905;-49,340027;SPRF-SC;DEL04-SC;UOP01-DEL04-SC;;;
694142;27/05/2025;ter�a-feira;15:40:00;SC;282;504,6;XANXERE;Condutor deixou de manter dist�ncia do ve�culo da frente;Colis�o transversal;Com V�timas Feridas;Pleno dia;Decrescente;Nublado;Simples;Declive;Sim;3;0;1;0;1;1;1;3;-26,88482717;-52,41156435;SPRF-SC;DEL07-SC;UOP01-DEL07-SC;;;
694145;27/05/2025;ter�a-feira;19:15:00;PR;153;154;VENTANIA;Velocidade Incompat�vel;Tombamento;Com V�timas Feridas;Plena Noite;Decrescente;Nublado;Simples;"Curva;Declive";N�o;2;0;1;0;0;1;1;2;-24,228981;-50,227051;SPRF-PR;DEL07-PR;UOP04-DEL07-PR;;;
694147;27/05/2025;ter�a-feira;21:00:00;PR;163;239,1;TOLEDO;Acumulo de �gua sobre o pavimento;Tombamento;Com V�timas Feridas;Plena Noite;Decrescente;Chuva;Dupla;Reta;N�o;2;0;1;0;1;0;1;1;-24,72960636;-53,70180747;SPRF-PR;DEL04-PR;UOP01-DEL04-PR;;;
694153;27/05/2025;ter�a-feira;13:00:00;BA;420;301;SANTA INES;Velocidade Incompat�vel;Capotamento;Com V�timas Fatais;Pleno dia;Crescente;Nublado;Simples;Curva;N�o;2;2;0;0;0;0;0;1;-13,26418193;-39,78453255;SPRF-BA;DEL03-BA;UOP01-DEL03-BA;;;
694154;27/05/2025;ter�a-feira;18:40:00;MG;381;910;CAMANDUCAIA;Aus�ncia de rea��o do condutor;Colis�o traseira;Com V�timas Feridas;Plena Noite;Crescente;Nublado;Dupla;Reta;N�o;9;0;3;3;2;1;6;3;-22,6909036;-46,1088387;SPRF-MG;DEL16-MG;UOP03-DEL16-MG;;;
694157;27/05/2025;ter�a-feira;20:07:00;PR;158;365,9;MARQUINHO;Ultrapassagem Indevida;Colis�o frontal;Com V�timas Feridas;Plena Noite;Decrescente;C�u Claro;Simples;Reta;N�o;5;0;2;0;2;1;2;3;-25,09990125;-52,27140427;SPRF-PR;DEL04-PR;UOP02-DEL04-PR;;;
694161;27/05/2025;ter�a-feira;18:30:00;SC;282;120;BOM RETIRO;Transitar na contram�o;Colis�o frontal;Com V�timas Feridas;Plena Noite;Crescente;C�u Claro;Simples;Curva;N�o;2;0;0;1;1;0;1;2;-27,79468373;-49,41535517;SPRF-SC;DEL05-SC;UOP01-DEL05-SC;;;
694163;28/05/2025;quarta-feira;00:10:00;GO;153;662;GOIATUBA;Aus�ncia de rea��o do condutor;Colis�o traseira;Com V�timas Feridas;Plena Noite;Decrescente;C�u Claro;Dupla;Curva;N�o;3;0;1;0;1;2;1;4;-18,06811569;-49,2680872;SPRF-GO;DEL03-GO;UOP02-DEL03-GO;;;
694171;28/05/2025;quarta-feira;04:10:00;TO;153;198;NOVA OLINDA;Aus�ncia de rea��o do condutor;Colis�o traseira;Com V�timas Feridas;Plena Noite;Decrescente;C�u Claro;Simples;Reta;Sim;4;0;1;0;2;1;1;4;-7,63297811;-48,42722654;SPRF-TO;DEL02-TO;UOP01-DEL02-TO;;;
694172;28/05/2025;quarta-feira;04:00:00;PI;343;573;FLORIANO;Aus�ncia de rea��o do condutor;Colis�o com objeto;Com V�timas Feridas;Plena Noite;Decrescente;C�u Claro;Simples;Reta;N�o;2;0;1;0;0;1;1;2;-6,76280647;-42,92495728;SPRF-PI;DEL03-PI;UOP01-DEL03-PI;;;
694179;28/05/2025;quarta-feira;05:25:00;BA;324;603;SIMOES FILHO;Condutor deixou de manter dist�ncia do ve�culo da frente;Colis�o traseira;Com V�timas Feridas;Pleno dia;Decrescente;Garoa/Chuvisco;Dupla;Reta;Sim;3;0;1;0;1;2;1;4;-12,78568749;-38,41129303;SPRF-BA;DEL01-BA;UOP01-DEL01-BA;;;
694180;28/05/2025;quarta-feira;05:10:00;MT;364;330,9;SANTO ANTONIO DO LEVERGER;Rea��o tardia ou ineficiente do condutor;Sa�da de leito carro��vel;Com V�timas Feridas;Amanhecer;Decrescente;Nublado;Dupla;"Reta;Declive";N�o;1;0;1;0;0;0;1;1;-15,83018208;-55,43621826;SPRF-MT;DEL05-MT;UOP02-DEL05-MT;;;
694184;28/05/2025;quarta-feira;04:30:00;PR;376;343;ORTIGUEIRA;Velocidade Incompat�vel;Sa�da de leito carro��vel;Com V�timas Feridas;Plena Noite;Crescente;Chuva;Simples;"Curva;Declive";N�o;2;0;1;0;0;1;1;2;-24,1557497;-50,97490883;SPRF-PR;DEL07-PR;UOP02-DEL07-PR;;;
694185;28/05/2025;quarta-feira;04:52:00;TO;153;640;ALIANCA DO TOCANTINS;Mal s�bito do condutor;Eventos at�picos;Com V�timas Fatais;Amanhecer;Crescente;C�u Claro;Simples;Reta;N�o;2;1;0;0;0;1;0;2;-11,32562298;-48,94620895;SPRF-TO;DEL01-TO;UOP02-DEL01-TO;;;
694186;28/05/2025;quarta-feira;03:00:00;MT;163;640;NOVA MUTUM;Demais falhas mec�nicas ou el�tricas;Capotamento;Com V�timas Feridas;Plena Noite;Crescente;Nevoeiro/Neblina;Simples;"Em Obras;Reta";N�o;1;0;1;0;0;0;1;1;-13,461961;-56,075539;SPRF-MT;DEL01-MT;UOP01-DEL01-MT;;;
694187;28/05/2025;quarta-feira;06:40:00;RJ;101;461,7;ANGRA DOS REIS;Condutor Dormindo;Colis�o frontal;Com V�timas Feridas;Amanhecer;Decrescente;C�u Claro;Dupla;"Curva;Declive";N�o;2;0;2;0;0;0;2;2;-23,03338332;-44,2025486;SPRF-RJ;DEL03-RJ;UOP03-DEL03-RJ;;;
694191;28/05/2025;quarta-feira;06:15:00;PE;232;251;ARCOVERDE;Ultrapassagem Indevida;Colis�o frontal;Com V�timas Feridas;Pleno dia;Decrescente;Nublado;Simples;Reta;Sim;3;0;0;1;2;0;1;2;-8,424367;-37,053985;SPRF-PE;DEL04-PE;UOP02-DEL04-PE;;;
694194;28/05/2025;quarta-feira;07:00:00;MG;40;415;CURVELO;Velocidade Incompat�vel;Sa�da de leito carro��vel;Com V�timas Feridas;Pleno dia;Decrescente;C�u Claro;Simples;"Reta;Declive";N�o;2;0;0;1;0;1;1;2;-19,1463465;-44,6076044;SPRF-MG;DEL02-MG;UOP01-DEL02-MG;;;
694195;28/05/2025;quarta-feira;07:30:00;PR;376;411;TIBAGI;Chuva;Colis�o com objeto;Com V�timas Feridas;Pleno dia;Crescente;Chuva;Dupla;"Declive;Reta";N�o;3;0;1;0;1;1;1;3;-24,63140865;-50,64034794;SPRF-PR;DEL03-PR;UOP02-DEL03-PR;;;
694200;28/05/2025;quarta-feira;06:15:00;RJ;393;122;SAPUCAIA;Velocidade Incompat�vel;Tombamento;Com V�timas Feridas;Amanhecer;Decrescente;Nublado;Simples;Curva;N�o;2;0;0;1;0;1;1;2;-21,94312515;-42,82719612;SPRF-RJ;DEL05-RJ;UOP01-DEL05-RJ;;;
694202;28/05/2025;quarta-feira;06:05:00;MG;116;305,2;ITAMBACURI;Transitar na contram�o;Colis�o frontal;Com V�timas Feridas;Amanhecer;Decrescente;Nublado;Simples;"Reta;Aclive";N�o;4;0;0;1;1;4;1;6;-18,033087;-41,653046;SPRF-MG;DEL11-MG;UOP01-DEL11-MG;;;
694210;28/05/2025;quarta-feira;05:40:00;MT;70;409,9;CAMPO VERDE;Rea��o tardia ou ineficiente do condutor;Tombamento;Sem V�timas;Amanhecer;Decrescente;C�u Claro;Simples;Reta;N�o;1;0;0;0;1;0;0;1;-15,681243;-55,314006;SPRF-MT;DEL05-MT;UOP02-DEL05-MT;;;
694211;28/05/2025;quarta-feira;08:25:00;SC;470;4,8;NAVEGANTES;Aus�ncia de rea��o do condutor;Colis�o lateral mesmo sentido;Com V�timas Feridas;Pleno dia;Decrescente;Chuva;Dupla;"Em Obras;Reta";N�o;3;0;1;1;1;0;2;2;-26,85990498;-48,68639655;SPRF-SC;DEL04-SC;UOP04-DEL04-SC;;;
694213;28/05/2025;quarta-feira;08:47:00;MG;153;134;PRATA;Transitar na contram�o;Colis�o lateral sentido oposto;Com V�timas Feridas;Amanhecer;Crescente;Nublado;Simples;Declive;N�o;4;0;1;1;1;1;2;4;-19,51849303;-48,83619055;SPRF-MG;DEL15-MG;UOP03-DEL15-MG;;;
694219;28/05/2025;quarta-feira;09:00:00;SC;101;135,2;BALNEARIO CAMBORIU;Rea��o tardia ou ineficiente do condutor;Colis�o com objeto;Sem V�timas;Pleno dia;Crescente;Nublado;Dupla;Reta;Sim;1;0;0;0;1;0;0;1;-27,0053911;-48,6237379;SPRF-SC;DEL04-SC;UOP03-DEL04-SC;;;
694220;28/05/2025;quarta-feira;09:35:00;SE;101;39,7;JAPARATUBA;Condutor Dormindo;Colis�o com objeto;Com V�timas Feridas;Pleno dia;Crescente;Nublado;Dupla;Reta;N�o;2;0;0;1;0;1;1;2;-10,520384;-36,952054;SPRF-SE;DEL02-SE;UOP02-DEL02-SE;;;
694222;28/05/2025;quarta-feira;06:25:00;RS;392;273,3;SAO SEPE;Problema com o freio;Tombamento;Com V�timas Feridas;Amanhecer;Decrescente;Chuva;Simples;"Curva;Declive;Rotat�ria";N�o;2;0;0;1;0;1;1;2;-30,36176695;-53,51829886;SPRF-RS;DEL09-RS;UOP02-DEL09-RS;;;
694227;28/05/2025;quarta-feira;08:30:00;BA;101;536;SAO JOSE DA VITORIA;Velocidade Incompat�vel;Colis�o transversal;Com V�timas Feridas;Pleno dia;Decrescente;C�u Claro;Simples;Curva;N�o;2;0;1;0;1;0;1;2;-15,02708;-39,32934;SPRF-BA;DEL05-BA;UOP01-DEL05-BA;;;
694230;28/05/2025;quarta-feira;08:30:00;MA;10;318;ACAILANDIA;Mal s�bito do condutor;Colis�o lateral sentido oposto;Com V�timas Feridas;Pleno dia;Decrescente;C�u Claro;Simples;Reta;Sim;2;0;0;1;1;0;1;2;-4,96478;-47,50976;SPRF-MA;DEL04-MA;UOP03-DEL04-MA;;;
694234;28/05/2025;quarta-feira;10:10:00;SP;116;139,5;SAO JOSE DOS CAMPOS;Condutor deixou de manter dist�ncia do ve�culo da frente;Engavetamento;Com V�timas Feridas;Pleno dia;Crescente;C�u Claro;Dupla;Reta;N�o;4;0;1;0;2;1;1;4;-23,16146949;-45,80405426;SPRF-SP;DEL02-SP;UOP01-DEL02-SP;;;
694246;28/05/2025;quarta-feira;11:50:00;SP;116;123;CACAPAVA;Condutor deixou de manter dist�ncia do ve�culo da frente;Colis�o traseira;Com V�timas Feridas;Pleno dia;Crescente;C�u Claro;Dupla;"Declive;Reta";N�o;3;0;1;1;0;1;2;3;-23,08508125;-45,66638947;SPRF-SP;DEL02-SP;UOP02-DEL02-SP;;;
694248;28/05/2025;quarta-feira;08:00:00;MT;174;83;CACERES;Manobra de mudan�a de faixa;Colis�o lateral sentido oposto;Com V�timas Feridas;Pleno dia;Crescente;Chuva;Simples;Reta;N�o;6;0;2;1;2;6;3;9;-15,96695767;-57,76884556;SPRF-MT;DEL03-MT;UOP01-DEL03-MT;;;
694250;28/05/2025;quarta-feira;11:00:00;RR;174;208;RORAINOPOLIS;Carga excessiva e/ou mal acondicionada;Sa�da de leito carro��vel;Sem V�timas;Pleno dia;Crescente;Ignorado;Simples;Reta;N�o;2;0;0;0;0;3;0;3;0,96616636;-60,41262746;SPRF-RR;DEL01-RR;UOP01-DEL01-RR;;;
694251;28/05/2025;quarta-feira;09:40:00;GO;153;497;GOIANIA;Rea��o tardia ou ineficiente do condutor;Colis�o traseira;Com V�timas Feridas;Pleno dia;Decrescente;C�u Claro;Dupla;"Reta;Declive";Sim;4;0;0;1;2;1;1;3;-16,679811;-49,232508;SPRF-GO;DEL01-GO;UOP01-DEL01-GO;;;
694252;28/05/2025;quarta-feira;11:00:00;SP;381;70;MAIRIPORA;Acumulo de �leo sobre o pavimento;Tombamento;Com V�timas Feridas;Pleno dia;Decrescente;C�u Claro;Dupla;"Curva;Declive";N�o;3;0;0;1;1;3;1;5;-23,3497664;-46,5562344;SPRF-SP;DEL03-SP;UOP01-DEL03-SP;;;
694253;28/05/2025;quarta-feira;12:10:00;ES;101;340,1;GUARAPARI;Mal s�bito do condutor;Colis�o traseira;Com V�timas Feridas;Pleno dia;Crescente;C�u Claro;Dupla;"Reta;Aclive";N�o;3;0;0;1;1;1;1;3;-20,647547;-40,567375;SPRF-ES;DEL03-ES;UOP01-DEL03-ES;;;
694255;28/05/2025;quarta-feira;12:00:00;RS;285;482,6;ENTRE-IJUIS;Aus�ncia de rea��o do condutor;Sa�da de leito carro��vel;Com V�timas Feridas;Pleno dia;Crescente;Chuva;Simples;"Reta;Declive";N�o;1;0;0;1;0;0;1;1;-28,37364015;-54,12522409;SPRF-RS;DEL10-RS;UOP01-DEL10-RS;;;
694256;28/05/2025;quarta-feira;12:30:00;BA;101;48,3;ESPLANADA;Transitar na contram�o;Colis�o frontal;Com V�timas Feridas;Pleno dia;Decrescente;Sol;Dupla;"Curva;Aclive";N�o;2;0;2;0;0;0;2;2;-11,87103411;-37,99092378;SPRF-SE;DEL02-SE;UOP03-DEL02-SE;;;
694261;28/05/2025;quarta-feira;11:30:00;PI;316;306;PICOS;Demais falhas mec�nicas ou el�tricas;Colis�o lateral mesmo sentido;Com V�timas Feridas;Pleno dia;Decrescente;C�u Claro;Dupla;"Aclive;Curva";Sim;5;0;4;0;1;0;4;2;-7,07646606;-41,50960612;SPRF-PI;DEL04-PI;UOP01-DEL04-PI;;;
694268;28/05/2025;quarta-feira;13:30:00;SC;101;120;ITAJAI;Aus�ncia de rea��o do condutor;Colis�o traseira;Com V�timas Feridas;Pleno dia;Crescente;Nublado;Simples;"Reta;Aclive;Viaduto";N�o;2;0;0;1;1;0;1;2;-26,91851561;-48,70945785;SPRF-SC;DEL04-SC;UOP04-DEL04-SC;;;
694272;28/05/2025;quarta-feira;14:40:00;CE;116;12;FORTALEZA;Acessar a via sem observar a presen�a dos outros ve�culos;Colis�o transversal;Com V�timas Feridas;Pleno dia;Decrescente;C�u Claro;M�ltipla;"Reta;Aclive";Sim;6;0;1;0;4;1;1;6;-3,8600332;-38,496459;SPRF-CE;DEL01-CE;UOP02-DEL01-CE;;;
694275;28/05/2025;quarta-feira;12:30:00;SP;116;114;TAUBATE;Rea��o tardia ou ineficiente do condutor;Colis�o traseira;Com V�timas Feridas;Pleno dia;Crescente;C�u Claro;Dupla;Reta;Sim;2;0;1;0;0;1;1;2;-23,04673998;-45,5904521;SPRF-SP;DEL02-SP;UOP02-DEL02-SP;;;
694276;28/05/2025;quarta-feira;15:20:00;SC;470;88;ASCURRA;Acessar a via sem observar a presen�a dos outros ve�culos;Colis�o frontal;Com V�timas Feridas;Pleno dia;Crescente;Nublado;Simples;"Reta;Ponte";Sim;3;0;0;1;1;1;1;3;-26,95682246;-49,37426297;SPRF-SC;DEL04-SC;UOP01-DEL04-SC;;;
694277;28/05/2025;quarta-feira;14:06:00;PI;343;305,5;ALTOS;Aus�ncia de rea��o do condutor;Colis�o transversal;Com V�timas Feridas;Pleno dia;Decrescente;C�u Claro;Simples;Reta;Sim;2;0;0;1;1;0;1;2;-5,03749;-42,44753;SPRF-PI;DEL01-PI;UOP01-DEL01-PI;;;
694283;23/05/2025;sexta-feira;20:50:00;GO;153;509;APARECIDA DE GOIANIA;Ingest�o de �lcool pelo condutor;Colis�o traseira;Sem V�timas;Plena Noite;Crescente;C�u Claro;Dupla;Aclive;Sim;3;0;0;0;2;1;0;3;-16,78234388;-49,23755832;SPRF-GO;DEL01-GO;UOP03-DEL01-GO;;;
694284;28/05/2025;quarta-feira;15:10:00;SP;116;544;CAJATI;Rea��o tardia ou ineficiente do condutor;Colis�o com objeto;Com V�timas Feridas;Pleno dia;Decrescente;Nublado;Simples;"Curva;Declive";N�o;2;0;1;0;0;1;1;2;-24,90447681;-48,25437212;SPRF-SP;DEL05-SP;UOP02-DEL05-SP;;;
694288;24/05/2025;s�bado;04:15:00;RJ;101;307;SAO GONCALO;Aus�ncia de rea��o do condutor;Colis�o traseira;Sem V�timas;Plena Noite;Crescente;C�u Claro;Dupla;Reta;N�o;2;0;0;0;2;0;0;2;-22,79085401;-43,01402807;SPRF-RJ;DEL02-RJ;UOP02-DEL02-RJ;;;
694290;28/05/2025;quarta-feira;15:20:00;RN;101;104;PARNAMIRIM;Transitar na contram�o;Colis�o com objeto;Sem V�timas;Pleno dia;Crescente;C�u Claro;Dupla;Curva;N�o;1;0;0;0;0;1;0;1;-5,89253662;-35,25642889;SPRF-RN;DEL01-RN;UOP01-DEL01-RN;;;
694294;28/05/2025;quarta-feira;16:15:00;SP;116;296;ITAPECERICA DA SERRA;Aus�ncia de rea��o do condutor;Colis�o traseira;Com V�timas Fatais;Pleno dia;Crescente;C�u Claro;Dupla;Reta;Sim;3;1;0;0;1;1;0;3;-23,7002314;-46,86888;SPRF-SP;DEL04-SP;UOP01-DEL04-SP;;;
694296;28/05/2025;quarta-feira;16:26:00;RN;304;301;MACAIBA;Demais falhas mec�nicas ou el�tricas;Colis�o traseira;Sem V�timas;Pleno dia;Crescente;C�u Claro;Dupla;Reta;Sim;3;0;0;0;3;0;0;3;-5,877;-35,303;SPRF-RN;DEL01-RN;UOP02-DEL01-RN;;;
694303;28/05/2025;quarta-feira;16:15:00;RR;174;446;MUCAJAI;Avarias e/ou desgaste excessivo no pneu;Colis�o com objeto;Sem V�timas;Pleno dia;Decrescente;C�u Claro;Simples;"Reta;Declive";N�o;4;0;0;0;3;1;0;3;2,40725199;-60,91922633;SPRF-RR;DEL01-RR;UOP01-DEL01-RR;;;
694308;28/05/2025;quarta-feira;16:24:00;MG;381;657,4;SANTO ANTONIO DO AMPARO;Manobra de mudan�a de faixa;Colis�o traseira;Com V�timas Feridas;Pleno dia;Decrescente;C�u Claro;Dupla;"Reta;Aclive";N�o;3;0;1;0;1;2;1;4;-20,996;-44,961924;SPRF-MG;DEL04-MG;UOP02-DEL04-MG;;;
694309;28/05/2025;quarta-feira;13:13:00;MT;70;439;VARZEA GRANDE;Ultrapassagem Indevida;Sa�da de leito carro��vel;Sem V�timas;Pleno dia;Decrescente;Chuva;Simples;Curva;Sim;2;0;0;0;0;3;0;3;-15,60359023;-56,20420933;SPRF-MT;DEL05-MT;UOP02-DEL05-MT;;;
694315;28/05/2025;quarta-feira;18:00:00;GO;20;49,6;FORMOSA;Condutor Dormindo;Sa�da de leito carro��vel;Com V�timas Feridas;Anoitecer;Decrescente;C�u Claro;Simples;Reta;N�o;1;0;1;0;0;0;1;1;-15,33342;-47,12666;SPRF-DF;DEL02-DF;UOP02-DEL02-DF;;;
694322;28/05/2025;quarta-feira;16:30:00;RJ;116;211;SEROPEDICA;Rea��o tardia ou ineficiente do condutor;Colis�o traseira;Com V�timas Feridas;Amanhecer;Crescente;C�u Claro;Dupla;Reta;Sim;3;0;1;0;1;1;1;3;-22,7186126;-43,6992407;SPRF-RJ;DEL06-RJ;UOP02-DEL06-RJ;;;