id;data_inversa;dia_semana;horario;uf;br;km;municipio;causa_acidente;tipo_acidente;classificacao_acidente;fase_dia;sentido_via;condicao_metereologica;tipo_pista;tracado_via;uso_solo;pessoas;mortos;feridos_leves;feridos_graves;ilesos;ignorados;feridos;veiculos;latitude;longitude;regional;delegacia;uop;;;
694324;28/05/2025;quarta-feira;16:00:00;BA;101;802;ITAMARAJU;Transitar na contram�o;Colis�o frontal;Com V�timas Fatais;Pleno dia;Decrescente;Chuva;Simples;"Reta;Declive";N�o;2;1;0;0;1;0;0;2;-16,982493;-39,552885;SPRF-BA;DEL09-BA;UOP01-DEL09-BA;;;
694329;28/05/2025;quarta-feira;15:00:00;MS;163;76;ITAQUIRAI;Entrada inopinada do pedestre;Atropelamento de Pedestre;Com V�timas Feridas;Pleno dia;Crescente;Nublado;Simples;Reta;N�o;3;0;0;1;1;2;1;4;-23,489819;-54,184895;SPRF-MS;DEL09-MS;UOP01-DEL09-MS;;;
694333;28/05/2025;quarta-feira;15:55:00;PR;376;668;GUARATUBA;Velocidade Incompat�vel;Tombamento;Com V�timas Feridas;Pleno dia;Crescente;C�u Claro;Dupla;"Curva;Declive";N�o;2;0;1;0;0;1;1;2;-25,86894;-48,93386571;SPRF-PR;DEL01-PR;UOP04-DEL01-PR;;;
694335;28/05/2025;quarta-feira;19:40:00;MG;381;485;BETIM;Manobra de mudan�a de faixa;Colis�o lateral mesmo sentido;Com V�timas Feridas;Plena Noite;Decrescente;C�u Claro;Dupla;Reta;Sim;4;0;1;0;2;1;1;3;-19,95595833;-44,10219876;SPRF-MG;DEL01-MG;UOP03-DEL01-MG;;;
694340;28/05/2025;quarta-feira;20:15:00;PR;476;22,8;ADRIANOPOLIS;Velocidade Incompat�vel;Capotamento;Com V�timas Fatais;Plena Noite;Decrescente;C�u Claro;Simples;"Curva;Declive";N�o;1;1;0;0;0;0;0;1;-24,77192335;-49,02962135;SPRF-PR;DEL01-PR;UOP01-DEL01-PR;;;
694361;28/05/2025;quarta-feira;22:15:00;PR;376;522;PONTA GROSSA;Aus�ncia de rea��o do condutor;Sa�da de leito carro��vel;Com V�timas Feridas;Plena Noite;Decrescente;C�u Claro;Dupla;Reta;N�o;2;0;0;1;0;1;1;2;-25,2617741;-49,97732162;SPRF-PR;DEL03-PR;UOP04-DEL03-PR;;;
694364;28/05/2025;quarta-feira;19:00:00;PA;222;206;BOM JESUS DO TOCANTINS;Transitar na contram�o;Colis�o lateral sentido oposto;Com V�timas Feridas;Plena Noite;Crescente;C�u Claro;Simples;Reta;N�o;4;0;1;1;1;1;2;3;-5,151725;-48,88244;SPRF-PA;DEL03-PA;UOP01-DEL03-PA;;;
694366;28/05/2025;quarta-feira;23:40:00;BA;116;768;POCOES;Aus�ncia de rea��o do condutor;Sa�da de leito carro��vel;Com V�timas Feridas;Plena Noite;Decrescente;Nublado;Simples;Reta;N�o;2;0;1;0;0;1;1;2;-14,57072526;-40,42263917;SPRF-BA;DEL08-BA;UOP02-DEL08-BA;;;
694373;28/05/2025;quarta-feira;11:15:00;SC;282;534,9;CHAPECO;Curva acentuada;Tombamento;Com V�timas Feridas;Pleno dia;Crescente;Chuva;Dupla;"Interse��o de Vias;Ponte;Curva;Aclive;Viaduto";Sim;4;0;3;0;0;1;3;2;-26,99966344;-52,6462419;SPRF-SC;DEL07-SC;UOP01-DEL07-SC;;;
694379;29/05/2025;quinta-feira;04:17:00;SC;163;122,5;DIONISIO CERQUEIRA;Rea��o tardia ou ineficiente do condutor;Sa�da de leito carro��vel;Sem V�timas;Plena Noite;Decrescente;Garoa/Chuvisco;Simples;"Retorno Regulamentado;Curva";N�o;2;0;0;0;1;1;0;2;-26,31086656;-53,54726169;SPRF-SC;DEL07-SC;UOP03-DEL07-SC;;;
694390;29/05/2025;quinta-feira;07:23:00;PB;101;87;JOAO PESSOA;Suic�dio (presumido);Atropelamento de Pedestre;Com V�timas Feridas;Pleno dia;Crescente;C�u Claro;Dupla;Reta;N�o;2;0;1;0;1;0;1;2;-7,159177;-34,906015;SPRF-PB;DEL01-PB;UOP01-DEL01-PB;;;
694391;29/05/2025;quinta-feira;06:00:00;BA;242;442;SEABRA;Acessar a via sem observar a presen�a dos outros ve�culos;Colis�o transversal;Sem V�timas;Pleno dia;Crescente;C�u Claro;Simples;Interse��o de Vias;N�o;2;0;0;0;2;0;0;2;-12,39239092;-41,91773415;SPRF-BA;DEL06-BA;UOP01-DEL06-BA;;;
694396;29/05/2025;quinta-feira;06:40:00;RS;392;97,3;MORRO REDONDO;Condutor Dormindo;Sa�da de leito carro��vel;Com V�timas Feridas;Plena Noite;Decrescente;Chuva;Simples;Reta;N�o;2;0;1;0;0;2;1;3;-31,552275;-52,558108;SPRF-RS;DEL07-RS;UOP01-DEL07-RS;;;
694408;09/04/2025;quarta-feira;16:15:00;RJ;101;112;CAMPOS DOS GOYTACAZES;Rea��o tardia ou ineficiente do condutor;Colis�o lateral mesmo sentido;Com V�timas Feridas;Anoitecer;Decrescente;C�u Claro;Dupla;Curva;N�o;2;0;0;1;1;0;1;2;-21,966053;-41,651418;SPRF-RJ;DEL08-RJ;UOP02-DEL08-RJ;;;
694409;17/05/2025;s�bado;13:35:00;PR;369;414,4;JURANDA;Manobra de mudan�a de faixa;Colis�o lateral mesmo sentido;Sem V�timas;Pleno dia;Decrescente;Sol;Simples;Reta;N�o;6;0;0;0;3;4;0;5;-24,4619343;-52,8603319;SPRF-PR;DEL04-PR;UOP03-DEL04-PR;;;
694410;29/05/2025;quinta-feira;07:18:00;RO;364;239,1;CACOAL;Desrespeitar a prefer�ncia no cruzamento;Colis�o transversal;Com V�timas Feridas;Pleno dia;Crescente;Nublado;Simples;"Reta;Interse��o de Vias";Sim;3;0;1;1;1;0;2;3;-11,433958;-61,463578;SPRF-RO;DEL02-RO;UOP02-DEL02-RO;;;
694419;29/05/2025;quinta-feira;08:05:00;BA;116;667;JEQUIE;Acessar a via sem observar a presen�a dos outros ve�culos;Colis�o transversal;Com V�timas Feridas;Pleno dia;Decrescente;C�u Claro;Simples;Reta;N�o;3;0;1;0;1;1;1;3;-13,820225;-40,111301;SPRF-BA;DEL03-BA;UOP01-DEL03-BA;;;
694420;29/05/2025;quinta-feira;09:05:00;SC;101;424,6;ARARANGUA;Demais falhas mec�nicas ou el�tricas;Colis�o transversal;Com V�timas Feridas;Pleno dia;Decrescente;Chuva;M�ltipla;Interse��o de Vias;N�o;3;0;1;0;1;1;1;3;-29,02353335;-49,59545938;SPRF-SC;DEL02-SC;UOP02-DEL02-SC;;;
694427;29/05/2025;quinta-feira;10:05:00;RN;101;108;PARNAMIRIM;Acessar a via sem observar a presen�a dos outros ve�culos;Colis�o lateral mesmo sentido;Com V�timas Feridas;Pleno dia;Decrescente;C�u Claro;Dupla;Reta;Sim;2;0;1;0;1;0;1;2;-5,93287;-35,264757;SPRF-RN;DEL01-RN;UOP01-DEL01-RN;;;
694429;29/05/2025;quinta-feira;09:20:00;PR;376;435,9;TIBAGI;Velocidade Incompat�vel;Tombamento;Com V�timas Feridas;Pleno dia;Decrescente;C�u Claro;Dupla;"Curva;Desvio Tempor�rio";N�o;2;0;1;0;0;1;1;2;-24,782595;-50,512988;SPRF-PR;DEL03-PR;UOP02-DEL03-PR;;;
694432;29/05/2025;quinta-feira;09:30:00;PE;232;58;POMBOS;Rea��o tardia ou ineficiente do condutor;Colis�o traseira;Sem V�timas;Pleno dia;Decrescente;C�u Claro;Dupla;Reta;Sim;4;0;0;0;2;2;0;3;-8,14616267;-35,3934416;SPRF-PE;DEL02-PE;UOP02-DEL02PE;;;
694437;29/05/2025;quinta-feira;11:15:00;MG;381;2;BETIM;Aus�ncia de rea��o do condutor;Colis�o lateral mesmo sentido;Com V�timas Feridas;Pleno dia;Crescente;C�u Claro;Dupla;Reta;Sim;4;0;1;0;3;0;1;4;-19,9965535;-44,2090293;SPRF-MG;DEL01-MG;UOP03-DEL01-MG;;;
694443;29/05/2025;quinta-feira;10:20:00;PR;277;551,8;CATANDUVAS;Aus�ncia de rea��o do condutor;Sa�da de leito carro��vel;Com V�timas Feridas;Pleno dia;Crescente;C�u Claro;Simples;"Reta;Aclive";N�o;1;0;1;0;0;0;1;1;-25,095704;-53,12713623;SPRF-PR;DEL04-PR;UOP04-DEL04-PR;;;
694445;29/05/2025;quinta-feira;12:05:00;PR;277;588,1;CASCAVEL;Condutor deixou de manter dist�ncia do ve�culo da frente;Engavetamento;Com V�timas Feridas;Pleno dia;Crescente;C�u Claro;Simples;Reta;Sim;3;0;1;0;2;0;1;3;-24,97444;-53,4397;SPRF-PR;DEL04-PR;UOP01-DEL04-PR;;;
694446;29/05/2025;quinta-feira;09:20:00;SC;101;127;ITAPEMA;Rea��o tardia ou ineficiente do condutor;Colis�o traseira;Com V�timas Feridas;Pleno dia;Decrescente;C�u Claro;Dupla;Reta;Sim;3;0;1;0;2;0;1;3;-27,0659524;-48,5955611;SPRF-SC;DEL04-SC;UOP04-DEL04-SC;;;
694449;29/05/2025;quinta-feira;10:35:00;MS;163;708;RIO VERDE DE MATO GROSSO;Demais falhas mec�nicas ou el�tricas;Inc�ndio;Sem V�timas;Pleno dia;Crescente;C�u Claro;Simples;Declive;N�o;2;0;0;0;1;1;0;2;-18,677;-54,811;SPRF-MS;DEL06-MS;UOP01-DEL06-MS;;;
694453;29/05/2025;quinta-feira;12:04:00;SC;101;138;BALNEARIO CAMBORIU;Acessar a via sem observar a presen�a dos outros ve�culos;Colis�o lateral mesmo sentido;Com V�timas Feridas;Pleno dia;Crescente;C�u Claro;Dupla;Reta;Sim;3;0;0;1;1;1;1;3;-27,02581842;-48,6069688;SPRF-SC;DEL04-SC;UOP03-DEL04-SC;;;
694457;25/05/2025;domingo;15:00:00;RJ;116;54;TERESOPOLIS;Aus�ncia de rea��o do condutor;Inc�ndio;Sem V�timas;Pleno dia;Decrescente;Sol;Simples;Reta;N�o;1;0;0;0;1;0;0;1;-22,19852624;-42,86514736;SPRF-RJ;DEL04-RJ;UOP01-DEL04-RJ;;;
694459;29/05/2025;quinta-feira;13:30:00;RJ;116;187;NOVA IGUACU;Aus�ncia de rea��o do condutor;Colis�o traseira;Com V�timas Feridas;Pleno dia;Decrescente;C�u Claro;Dupla;Reta;Sim;3;0;1;0;1;1;1;3;-22,74285293;-43,45107526;SPRF-RJ;DEL06-RJ;UOP01-DEL06-RJ;;;
694462;29/05/2025;quinta-feira;10:50:00;RJ;393;119;SAPUCAIA;Transitar no Acostamento;Atropelamento de Pedestre;Com V�timas Feridas;Pleno dia;Decrescente;C�u Claro;Simples;"Curva;Desvio Tempor�rio";N�o;3;0;0;1;2;0;1;3;-22,0130307;-42,9528041;SPRF-RJ;DEL05-RJ;UOP01-DEL05-RJ;;;
694463;29/05/2025;quinta-feira;11:40:00;RJ;116;101;GUAPIMIRIM;Condutor Dormindo;Colis�o traseira;Com V�timas Feridas;Pleno dia;Decrescente;Nublado;Simples;Curva;N�o;3;0;1;0;1;2;1;4;-22,49585363;-43,00224178;SPRF-RJ;DEL04-RJ;UOP01-DEL04-RJ;;;
694464;29/05/2025;quinta-feira;14:50:00;RS;470;226;GARIBALDI;Ultrapassagem Indevida;Colis�o lateral mesmo sentido;Com V�timas Feridas;Pleno dia;Crescente;Nublado;Simples;"Reta;Declive";N�o;3;0;1;0;1;1;1;3;-29,253057;-51,512363;SPRF-RS;DEL06-RS;UOP01-DEL06-RS;;;
694468;29/05/2025;quinta-feira;15:15:00;PE;101;55;PAULISTA;Condutor deixou de manter dist�ncia do ve�culo da frente;Colis�o transversal;Com V�timas Feridas;Pleno dia;Decrescente;C�u Claro;Dupla;Aclive;N�o;3;0;2;0;1;0;2;2;-7,9509769;-34,9081435;SPRF-PE;DEL01-PE;UOP02-DEL01-PE;;;
694471;29/05/2025;quinta-feira;08:30:00;RO;364;64;VILHENA;Frear bruscamente;Colis�o traseira;Com V�timas Feridas;Pleno dia;Decrescente;C�u Claro;Simples;Aclive;N�o;8;0;2;0;5;2;2;5;-12,50512951;-60,46737671;SPRF-RO;DEL04-RO;UOP01-DEL04-RO;;;
694475;29/05/2025;quinta-feira;12:50:00;MG;116;485;INHAPIM;Rea��o tardia ou ineficiente do condutor;Colis�o traseira;Sem V�timas;Pleno dia;Decrescente;Nublado;Simples;Reta;N�o;2;0;0;0;2;0;0;2;-19,438733;-42,127848;SPRF-MG;DEL06-MG;UOP02-DEL06-MG;;;
694478;29/05/2025;quinta-feira;14:40:00;SC;282;351;CAMPOS NOVOS;Velocidade Incompat�vel;Colis�o transversal;Com V�timas Feridas;Pleno dia;Crescente;Nublado;Simples;Rotat�ria;N�o;7;0;5;1;0;1;6;3;-27,36130023;-51,30159108;SPRF-SC;DEL07-SC;UOP06-DEL07-SC;;;
694484;29/05/2025;quinta-feira;16:10:00;PR;373;199,3;IPIRANGA;Acessar a via sem observar a presen�a dos outros ve�culos;Colis�o transversal;Com V�timas Fatais;Pleno dia;Decrescente;Sol;Simples;"Curva;Declive";N�o;4;1;0;0;1;2;0;4;-25,08589;-50,410462;SPRF-PR;DEL03-PR;UOP01-DEL03-PR;;;
694485;29/05/2025;quinta-feira;17:00:00;SP;116;165;JACAREI;Manobra de mudan�a de faixa;Colis�o lateral mesmo sentido;Com V�timas Feridas;Pleno dia;Crescente;C�u Claro;M�ltipla;Reta;Sim;3;0;1;0;0;2;1;3;-23,29643666;-46,00747911;SPRF-SP;DEL02-SP;UOP01-DEL02-SP;;;
694490;29/05/2025;quinta-feira;16:00:00;MT;70;9;BARRA DO GARCAS;Condutor Dormindo;Colis�o traseira;Com V�timas Feridas;Anoitecer;Decrescente;C�u Claro;Simples;"Reta;Declive";Sim;5;0;2;0;3;0;2;2;-15,878125;-52,316357;SPRF-MT;DEL07-MT;UOP01-DEL07-MT;;;
694491;29/05/2025;quinta-feira;17:30:00;MG;116;723,1;MURIAE;Condutor Dormindo;Colis�o lateral sentido oposto;Com V�timas Feridas;Anoitecer;Crescente;C�u Claro;Simples;Curva;N�o;3;0;1;1;1;0;2;2;-21,27295888;-42,40567088;SPRF-MG;DEL07-MG;UOP02-DEL07-MG;;;
694492;29/05/2025;quinta-feira;16:10:00;RS;386;251,6;SOLEDADE;Acessar a via sem observar a presen�a dos outros ve�culos;Colis�o transversal;Com V�timas Feridas;Pleno dia;Crescente;Nublado;Simples;Reta;N�o;3;0;2;0;1;0;2;2;-28,83837189;-52,45111666;SPRF-RS;DEL04-RS;UOP03-DEL04-RS;;;
694503;29/05/2025;quinta-feira;17:00:00;RJ;101;81;CAMPOS DOS GOYTACAZES;Avarias e/ou desgaste excessivo no pneu;Eventos at�picos;Com V�timas Feridas;Anoitecer;Decrescente;C�u Claro;Simples;Curva;N�o;2;0;1;0;0;1;1;2;-21,83581158;-41,42087677;SPRF-RJ;DEL08-RJ;UOP02-DEL08-RJ;;;
694509;29/05/2025;quinta-feira;17:55:00;AL;316;251,7;PILAR;Ingest�o de �lcool pelo condutor;Colis�o lateral sentido oposto;Com V�timas Feridas;Plena Noite;Crescente;C�u Claro;Dupla;Reta;N�o;4;0;0;1;3;0;1;4;-9,56896646;-35,96793875;SPRF-AL;DEL02-AL;UOP01-DEL02-AL;;;
694518;29/05/2025;quinta-feira;18:40:00;MG;116;287;TEOFILO OTONI;Transitar na contram�o;Colis�o transversal;Com V�timas Feridas;Plena Noite;Decrescente;C�u Claro;Simples;Declive;N�o;2;0;0;1;1;0;1;2;-17,938069;-41,527978;SPRF-MG;DEL11-MG;UOP01-DEL11-MG;;;
694519;29/05/2025;quinta-feira;16:45:00;PR;153;56,7;GUAPIRAMA;Demais falhas mec�nicas ou el�tricas;Inc�ndio;Sem V�timas;Pleno dia;Decrescente;C�u Claro;Simples;Reta;N�o;2;0;0;0;1;1;0;2;-23,421708;-50,071886;SPRF-PR;DEL07-PR;UOP04-DEL07-PR;;;
694522;29/05/2025;quinta-feira;20:35:00;MG;381;925,8;ITAPEVA;Aus�ncia de rea��o do condutor;Colis�o com objeto;Com V�timas Fatais;Plena Noite;Crescente;C�u Claro;Dupla;"Aclive;Curva";N�o;3;1;0;0;1;2;0;4;-22,7685598;-46,2053885;SPRF-MG;DEL16-MG;UOP03-DEL16-MG;;;
694526;29/05/2025;quinta-feira;20:20:00;AL;101;148,5;JEQUIA DA PRAIA;Velocidade Incompat�vel;Sa�da de leito carro��vel;Com V�timas Feridas;Plena Noite;Crescente;Nublado;Dupla;"Curva;Declive";N�o;1;0;1;0;0;0;1;1;-9,886277;-36,136365;SPRF-AL;DEL02-AL;UOP01-DEL02-AL;;;
694534;29/05/2025;quinta-feira;20:20:00;MT;364;348;SANTO ANTONIO DO LEVERGER;Problema com o freio;Tombamento;Com V�timas Feridas;Plena Noite;Crescente;C�u Claro;Simples;Reta;N�o;2;0;1;0;0;1;1;2;-15,79324;-55,570917;SPRF-MT;DEL05-MT;UOP02-DEL05-MT;;;
694537;29/05/2025;quinta-feira;17:00:00;MA;135;31;BACABEIRA;Rea��o tardia ou ineficiente do condutor;Sa�da de leito carro��vel;Com V�timas Feridas;Pleno dia;Decrescente;Sol;Dupla;Reta;N�o;2;0;1;0;0;2;1;3;-2,817375;-44,37433;SPRF-MA;DEL01-MA;UOP01-DEL01-MA;;;
694539;29/05/2025;quinta-feira;11:58:00;PE;104;119;PANELAS;Demais falhas mec�nicas ou el�tricas;Tombamento;Com V�timas Feridas;Pleno dia;Decrescente;C�u Claro;Simples;Declive;N�o;2;0;1;0;0;2;1;3;-8,690732;-36,02328;SPRF-PE;DEL02-PE;NPF/DEL02-PE;;;
694541;29/05/2025;quinta-feira;22:15:00;SP;116;469,5;REGISTRO;Rea��o tardia ou ineficiente do condutor;Colis�o traseira;Com V�timas Feridas;Plena Noite;Crescente;C�u Claro;Dupla;Reta;N�o;3;0;1;0;1;2;1;4;-24,4645888;-47,8216192;SPRF-SP;DEL05-SP;UOP01-DEL05-SP;;;
694543;29/05/2025;quinta-feira;20:00:00;PR;376;304;MAUA DA SERRA;Ingest�o de �lcool pelo condutor;Colis�o traseira;Sem V�timas;Plena Noite;Crescente;C�u Claro;Dupla;Declive;N�o;3;0;0;0;2;4;0;6;-23,93354;-51,13356;SPRF-PR;DEL07-PR;UOP02-DEL07-PR;;;
694544;29/05/2025;quinta-feira;22:30:00;PR;277;530,9;GUARANIACU;Acessar a via sem observar a presen�a dos outros ve�culos;Colis�o transversal;Com V�timas Feridas;Plena Noite;Decrescente;C�u Claro;Simples;Reta;N�o;3;0;1;0;1;2;1;4;-25,096852;-52,966961;SPRF-PR;DEL04-PR;UOP04-DEL04-PR;;;
694547;29/05/2025;quinta-feira;21:22:00;PE;423;124;PARANATAMA;Aus�ncia de rea��o do condutor;Colis�o traseira;Com V�timas Fatais;Plena Noite;Decrescente;C�u Claro;Simples;Declive;N�o;6;1;1;2;1;1;3;3;-8,936312;-36,720658;SPRF-PE;DEL03-PE;UOP01-DEL03-PE;;;
694552;30/05/2025;sexta-feira;01:35:00;PB;101;56;SANTA RITA;Rea��o tardia ou ineficiente do condutor;Sa�da de leito carro��vel;Sem V�timas;Plena Noite;Decrescente;Chuva;Dupla;Reta;N�o;2;0;0;0;1;2;0;3;-6,97437901;-35,07952571;SPRF-PB;DEL01-PB;UOP03-DEL01-PB;;;
694556;30/05/2025;sexta-feira;00:30:00;PR;376;185,1;SARANDI;Velocidade Incompat�vel;Sa�da de leito carro��vel;Com V�timas Feridas;Plena Noite;Decrescente;C�u Claro;Dupla;"Reta;Declive";Sim;5;0;0;1;2;2;1;5;-23,44658323;-51,86246395;SPRF-PR;DEL09-PR;UOP01-DEL09-PR;;;
694561;30/05/2025;sexta-feira;00:40:00;PR;369;119,8;JATAIZINHO;Condutor Dormindo;Sa�da de leito carro��vel;Com V�timas Fatais;Plena Noite;Crescente;C�u Claro;Dupla;"Reta;Ponte;Declive";N�o;2;1;0;0;0;1;0;2;-23,284799;-50,896716;SPRF-PR;DEL07-PR;UOP05-DEL07-PR;;;
694564;30/05/2025;sexta-feira;03:36:00;MG;381;927,5;ITAPEVA;Aus�ncia de rea��o do condutor;Tombamento;Com V�timas Feridas;Plena Noite;Decrescente;C�u Claro;Dupla;Curva;N�o;2;0;1;0;0;1;1;2;-22,7695123;-46,2298917;SPRF-MG;DEL16-MG;UOP03-DEL16-MG;;;
694566;30/05/2025;sexta-feira;04:30:00;SC;101;110;NAVEGANTES;Velocidade Incompat�vel;Colis�o traseira;Sem V�timas;Plena Noite;Crescente;C�u Claro;Dupla;Curva;Sim;4;0;0;0;2;2;0;4;-26,835628;-48,710105;SPRF-SC;DEL03-SC;UOP02-DEL03-SC;;;
694568;30/05/2025;sexta-feira;05:55:00;SE;101;1;PROPRIA;Condutor Dormindo;Atropelamento de Pedestre;Com V�timas Feridas;Pleno dia;Crescente;Nublado;Dupla;Reta;N�o;2;0;0;1;0;1;1;2;-10,21720301;-36,82471275;SPRF-SE;DEL02-SE;UOP02-DEL02-SE;;;
694569;29/05/2025;quinta-feira;22:40:00;GO;153;518;HIDROLANDIA;Animais na Pista;Atropelamento de Animal;Sem V�timas;Plena Noite;Decrescente;C�u Claro;Dupla;"Declive;Reta";N�o;1;0;0;0;1;0;0;1;-16,860057;-49,24888;SPRF-GO;DEL01-GO;UOP03-DEL01-GO;;;
694570;30/05/2025;sexta-feira;05:50:00;MS;163;527;JARAGUARI;Manobra de mudan�a de faixa;Colis�o lateral sentido oposto;Sem V�timas;Pleno dia;Crescente;C�u Claro;Simples;"Reta;Aclive";N�o;3;0;0;0;2;1;0;3;-20,08509304;-54,4321429;SPRF-MS;DEL01-MS;UOP02-DEL01-MS;;;
694572;30/05/2025;sexta-feira;05:05:00;SC;280;199,8;MAFRA;Problema com o freio;Inc�ndio;Sem V�timas;Pleno dia;Crescente;C�u Claro;Simples;Reta;N�o;2;0;0;0;1;1;0;2;-26,17450861;-50,07154075;SPRF-SC;DEL06-SC;UOP01-DEL06-SC;;;
694591;30/05/2025;sexta-feira;07:26:00;AL;101;196,7;SAO SEBASTIAO;Aus�ncia de rea��o do condutor;Tombamento;Com V�timas Feridas;Amanhecer;Crescente;C�u Claro;Dupla;Reta;N�o;3;0;1;0;0;2;1;3;-9,93317497;-36,51675224;SPRF-AL;DEL02-AL;UOP02-DEL02-AL;;;
694595;30/05/2025;sexta-feira;08:20:00;BA;116;815,9;VITORIA DA CONQUISTA;Condutor deixou de manter dist�ncia do ve�culo da frente;Colis�o traseira;Com V�timas Feridas;Pleno dia;Crescente;Nublado;Simples;Reta;Sim;2;0;1;0;1;0;1;2;-14,8147;-40,8017;SPRF-BA;DEL08-BA;UOP01-DEL08-BA;;;
694596;30/05/2025;sexta-feira;07:45:00;SP;116;155;SAO JOSE DOS CAMPOS;Trafegar com motocicleta (ou similar) entre as faixas;Colis�o lateral mesmo sentido;Com V�timas Feridas;Pleno dia;Decrescente;Nevoeiro/Neblina;M�ltipla;"Declive;Reta";N�o;3;0;1;0;1;1;1;3;-23,24333205;-45,92519615;SPRF-SP;DEL02-SP;UOP01-DEL02-SP;;;
694603;30/05/2025;sexta-feira;08:40:00;ES;101;94;JAGUARE;Rea��o tardia ou ineficiente do condutor;Colis�o traseira;Com V�timas Feridas;Pleno dia;Crescente;Nublado;Simples;Reta;Sim;3;0;1;0;2;0;1;2;-18,93118263;-39,97336328;SPRF-ES;DEL04-ES;UOP02-DEL04-ES;;;
694610;27/05/2025;ter�a-feira;09:30:00;RJ;116;173;SAO JOAO DE MERITI;Carga excessiva e/ou mal acondicionada;Tombamento;Com V�timas Feridas;Pleno dia;Decrescente;C�u Claro;Dupla;Reta;Sim;2;0;0;1;1;0;1;1;-22,79896593;-43,35636226;SPRF-RJ;DEL06-RJ;UOP01-DEL06-RJ;;;
694613;30/05/2025;sexta-feira;08:00:00;BA;242;752;CRISTOPOLIS;Acesso irregular;Colis�o frontal;Com V�timas Feridas;Pleno dia;Crescente;C�u Claro;Simples;"Declive;Reta";N�o;3;0;1;0;1;1;1;3;-12,22589286;-44,42965418;SPRF-BA;DEL10-BA;UOP01-DEL10-BA;;;
694621;30/05/2025;sexta-feira;10:30:00;BA;116;838;VITORIA DA CONQUISTA;Rea��o tardia ou ineficiente do condutor;Colis�o traseira;Sem V�timas;Pleno dia;Decrescente;Nublado;Simples;Reta;N�o;3;0;0;0;2;1;0;3;-14,96601325;-40,90930939;SPRF-BA;DEL08-BA;UOP01-DEL08-BA;;;
694628;30/05/2025;sexta-feira;11:00:00;MS;262;35,4;TRES LAGOAS;Pedestre andava na pista;Atropelamento de Pedestre;Com V�timas Fatais;Pleno dia;Crescente;C�u Claro;Simples;Reta;N�o;3;1;0;0;1;1;0;3;-20,78666044;-51,92851353;SPRF-MS;DEL07-MS;UOP01-DEL07-MS;;;
694630;30/05/2025;sexta-feira;11:15:00;PE;232;121,7;CARUARU;Aus�ncia de rea��o do condutor;Colis�o traseira;Com V�timas Feridas;Pleno dia;Decrescente;Garoa/Chuvisco;Dupla;"Reta;Aclive";N�o;3;0;1;0;1;1;1;3;-8,300368;-35,910482;SPRF-PE;DEL02-PE;UOP01-DEL02-PE;;;
694645;26/05/2025;segunda-feira;09:45:00;MG;381;723,9;CARMO DA CACHOEIRA;Rea��o tardia ou ineficiente do condutor;Colis�o lateral mesmo sentido;Com V�timas Feridas;Pleno dia;Crescente;C�u Claro;Dupla;"Declive;Reta";Sim;5;0;1;0;3;1;1;3;-21,45422695;-45,21165848;SPRF-MG;DEL04-MG;UOP02-DEL04-MG;;;
694646;30/05/2025;sexta-feira;11:40:00;RO;364;710,6;PORTO VELHO;Acessar a via sem observar a presen�a dos outros ve�culos;Colis�o traseira;Com V�timas Feridas;Pleno dia;Decrescente;C�u Claro;Dupla;Reta;Sim;2;0;1;0;1;0;1;2;-8,78286439;-63,86335121;SPRF-RO;DEL01-RO;UOP01-DEL01-RO;;;
694652;30/05/2025;sexta-feira;09:48:00;SC;116;98,3;MONTE CASTELO;Transitar na contram�o;Colis�o lateral sentido oposto;Com V�timas Feridas;Pleno dia;Decrescente;Nublado;Simples;"Reta;Aclive";N�o;4;0;0;2;1;2;2;5;-26,70018;-50,292854;SPRF-SC;DEL06-SC;UOP02-DEL06-SC;;;
694665;30/05/2025;sexta-feira;15:30:00;SP;153;57,8;SAO JOSE DO RIO PRETO;Velocidade Incompat�vel;Colis�o traseira;Com V�timas Feridas;Pleno dia;Crescente;C�u Claro;Dupla;Reta;Sim;4;0;2;1;0;1;3;3;-20,8589707;-49,40524614;SPRF-SP;DEL09-SP;UOP01-DEL09-SP;;;
694667;30/05/2025;sexta-feira;15:23:00;PR;369;483,9;CORBELIA;Acessar a via sem observar a presen�a dos outros ve�culos;Colis�o transversal;Com V�timas Feridas;Pleno dia;Decrescente;Sol;Dupla;Reta;Sim;3;0;1;0;1;1;1;2;-24,78955391;-53,28883974;SPRF-PR;DEL04-PR;UOP03-DEL04-PR;;;
694669;30/05/2025;sexta-feira;14:30:00;PE;232;426;SERRA TALHADA;Pedestre cruzava a pista fora da faixa;Atropelamento de Pedestre;Com V�timas Feridas;Pleno dia;Decrescente;C�u Claro;Simples;Reta;N�o;4;0;2;0;1;3;2;6;-8,00183955;-38,43646919;SPRF-PE;DEL04-PE;UOP01-DEL04-PE;;;
694672;19/05/2025;segunda-feira;04:50:00;CE;222;27;CAUCAIA;Frear bruscamente;Colis�o traseira;Com V�timas Feridas;Amanhecer;Crescente;C�u Claro;Dupla;Reta;N�o;2;0;1;0;1;0;1;2;-3,71626363;-38,80886078;SPRF-CE;DEL01-CE;UOP01-DEL01-CE;;;
694675;30/05/2025;sexta-feira;16:15:00;RS;101;24;TRES CACHOEIRAS;Estacionar ou parar em local proibido;Colis�o transversal;Com V�timas Feridas;Pleno dia;Crescente;C�u Claro;Dupla;Reta;Sim;2;0;0;1;1;0;1;2;-29,452425;-49,920425;SPRF-RS;DEL03-RS;UOP02-DEL03-RS;;;