id;data_inversa;dia_semana;horario;uf;br;km;municipio;causa_acidente;tipo_acidente;classificacao_acidente;fase_dia;sentido_via;condicao_metereologica;tipo_pista;tracado_via;uso_solo;pessoas;mortos;feridos_leves;feridos_graves;ilesos;ignorados;feridos;veiculos;latitude;longitude;regional;delegacia;uop;;;
694680;30/05/2025;sexta-feira;11:00:00;MG;381;317,6;NOVA ERA;Velocidade Incompat�vel;Tombamento;Com V�timas Feridas;Pleno dia;Crescente;C�u Claro;Simples;Curva;N�o;2;0;1;0;0;1;1;2;-19,72350922;-43,00979286;SPRF-MG;DEL03-MG;UOP02-DEL03-MG;;;
694683;30/05/2025;sexta-feira;12:40:00;GO;153;395,2;PIRENOPOLIS;Condutor deixou de manter dist�ncia do ve�culo da frente;Colis�o traseira;Com V�timas Feridas;Pleno dia;Crescente;C�u Claro;Simples;"Reta;Aclive";Sim;5;0;4;0;1;0;4;2;-16,01581129;-49,11543701;SPRF-GO;DEL02-GO;UOP02-DEL02-GO;;;
694687;30/05/2025;sexta-feira;16:30:00;RS;116;229,9;NOVO HAMBURGO;Acessar a via sem observar a presen�a dos outros ve�culos;Colis�o transversal;Com V�timas Feridas;Pleno dia;Decrescente;C�u Claro;Dupla;"Reta;Retorno Regulamentado";Sim;2;0;1;0;1;0;1;2;-29,64996614;-51,14415765;SPRF-RS;DEL01-RS;UOP02-DEL01-RS;;;
694689;30/05/2025;sexta-feira;11:00:00;RJ;101;385;RIO DE JANEIRO;Aus�ncia de rea��o do condutor;Colis�o lateral mesmo sentido;Com V�timas Feridas;Pleno dia;Crescente;C�u Claro;Dupla;Reta;N�o;3;0;2;0;1;0;2;3;-22,881228;-43,63489;SPRF-RJ;DEL03-RJ;UOP01-DEL03-RJ;;;
694690;30/05/2025;sexta-feira;15:50:00;PR;476;317;PAULO FRONTIN;Manobra de mudan�a de faixa;Colis�o frontal;Com V�timas Feridas;Pleno dia;Crescente;C�u Claro;Simples;Curva;N�o;5;0;4;0;1;0;4;2;-26,03719613;-50,70156097;SPRF-PR;DEL02-PR;UOP03-DEL02-PR;;;
694696;30/05/2025;sexta-feira;16:10:00;RS;290;487,2;ROSARIO DO SUL;Aus�ncia de rea��o do condutor;Colis�o traseira;Com V�timas Feridas;Pleno dia;Crescente;C�u Claro;Simples;Reta;N�o;4;0;0;1;1;2;1;4;-30,21197909;-55,05489349;SPRF-RS;DEL11-RS;UOP02-DEL11-RS;;;
694697;30/05/2025;sexta-feira;12:10:00;SC;470;204,2;PONTE ALTA;Rea��o tardia ou ineficiente do condutor;Tombamento;Com V�timas Fatais;Pleno dia;Crescente;C�u Claro;Simples;"Curva;Declive";N�o;3;1;1;0;0;1;1;2;-27,289425;-50,170192;SPRF-SC;DEL05-SC;UOP03-DEL05-SC;;;
694704;30/05/2025;sexta-feira;14:42:00;RO;364;336;JI-PARANA;Aus�ncia de rea��o do condutor;Engavetamento;Com V�timas Feridas;Pleno dia;Decrescente;Sol;Simples;Declive;N�o;5;0;1;0;4;0;1;5;-10,92882;-61,929575;SPRF-RO;DEL02-RO;UOP01-DEL02-RO;;;
694705;30/05/2025;sexta-feira;17:00:00;ES;262;105;VENDA NOVA DO IMIGRANTE;Acessar a via sem observar a presen�a dos outros ve�culos;Colis�o lateral mesmo sentido;Com V�timas Feridas;Plena Noite;Crescente;Garoa/Chuvisco;Simples;Reta;Sim;5;0;1;0;3;1;1;4;-20,3267103;-41,145418;SPRF-ES;DEL01-ES;UOP02-DEL01-ES;;;
694709;30/05/2025;sexta-feira;17:10:00;GO;153;499;GOIANIA;Rea��o tardia ou ineficiente do condutor;Colis�o traseira;Com V�timas Fatais;Pleno dia;Crescente;C�u Claro;Dupla;"Reta;Aclive";Sim;9;1;0;2;5;1;2;7;-16,5908459;-49,1828483;SPRF-GO;DEL01-GO;UOP01-DEL01-GO;;;
694712;30/05/2025;sexta-feira;15:30:00;MG;262;473,8;BOM DESPACHO;Demais falhas mec�nicas ou el�tricas;Inc�ndio;Sem V�timas;Pleno dia;Crescente;C�u Claro;Simples;Reta;N�o;2;0;0;0;2;0;0;2;-19,788002;-45,229462;SPRF-MG;DEL08-MG;UOP03-DEL08-MG;;;
694713;30/05/2025;sexta-feira;17:50:00;RS;470;153,2;NOVA PRATA;Convers�o proibida;Colis�o traseira;Com V�timas Feridas;Anoitecer;Crescente;C�u Claro;Simples;Reta;N�o;7;0;1;0;6;0;1;2;-28,76215635;-51,6256829;SPRF-RS;DEL06-RS;UOP02-DEL06-RS;;;
694715;30/05/2025;sexta-feira;18:20:00;MG;40;459,8;CAETANOPOLIS;Carga excessiva e/ou mal acondicionada;Colis�o com objeto;Com V�timas Feridas;Plena Noite;Crescente;C�u Claro;Dupla;"Declive;Reta";N�o;4;0;1;0;2;1;1;4;-19,393087;-44,334963;SPRF-MG;DEL02-MG;UOP01-DEL02-MG;;;
694717;30/05/2025;sexta-feira;18:20:00;SC;282;20,4;PALHOCA;Retorno proibido;Colis�o lateral mesmo sentido;Com V�timas Fatais;Plena Noite;Crescente;C�u Claro;Simples;"Reta;Declive";Sim;4;1;1;0;2;0;1;2;-27,68738;-48,7139;SPRF-SC;DEL01-SC;UOP02-DEL01-SC;;;
694724;30/05/2025;sexta-feira;17:25:00;MG;116;26;CACHOEIRA DE PAJEU;Demais falhas mec�nicas ou el�tricas;Inc�ndio;Sem V�timas;Anoitecer;Crescente;Nublado;Simples;"Reta;Declive";N�o;1;0;0;0;1;0;0;1;-15,882654;-41,423495;SPRF-MG;DEL11-MG;UOP02-DEL11-MG;;;
694728;30/05/2025;sexta-feira;19:20:00;ES;101;278;SERRA;Demais falhas mec�nicas ou el�tricas;Colis�o com objeto;Com V�timas Feridas;Plena Noite;Decrescente;Nublado;Dupla;Reta;Sim;3;0;0;1;1;1;1;3;-20,2171155;-40,3302993;SPRF-ES;DEL02-ES;UOP01-DEL02-ES;;;
694731;30/05/2025;sexta-feira;18:30:00;SC;101;286;IMBITUBA;Aus�ncia de rea��o do condutor;Colis�o traseira;Com V�timas Feridas;Plena Noite;Decrescente;C�u Claro;Dupla;Reta;Sim;4;0;1;0;3;0;1;3;-28,2516;-48,701854;SPRF-SC;DEL02-SC;UOP03-DEL02-SC;;;
694736;30/05/2025;sexta-feira;19:35:00;PR;116;43;CAMPINA GRANDE DO SUL;Aus�ncia de rea��o do condutor;Sa�da de leito carro��vel;Com V�timas Feridas;Plena Noite;Decrescente;Nevoeiro/Neblina;Dupla;Curva;N�o;1;0;1;0;0;0;1;1;-25,18470548;-48,88399649;SPRF-PR;DEL01-PR;UOP02-DEL01-PR;;;
694746;30/05/2025;sexta-feira;19:40:00;SP;116;118,1;TAUBATE;Condutor deixou de manter dist�ncia do ve�culo da frente;Colis�o lateral mesmo sentido;Com V�timas Feridas;Plena Noite;Crescente;C�u Claro;Dupla;"Reta;Em Obras;Aclive";N�o;3;0;0;1;1;2;1;4;-23,06331145;-45,62835571;SPRF-SP;DEL02-SP;UOP02-DEL02-SP;;;
694748;30/05/2025;sexta-feira;20:45:00;RN;427;28,9;ACARI;Ingest�o de �lcool pelo condutor;Colis�o traseira;Com V�timas Feridas;Plena Noite;Decrescente;C�u Claro;Simples;"Reta;Declive";Sim;4;0;1;0;2;1;1;3;-6,44119567;-36,63807347;SPRF-RN;DEL03-RN;UOP01-DEL03-RN;;;
694752;30/05/2025;sexta-feira;21:30:00;AL;104;63;MURICI;Rea��o tardia ou ineficiente do condutor;Sa�da de leito carro��vel;Com V�timas Feridas;Plena Noite;Crescente;Chuva;Simples;Curva;N�o;1;0;1;0;0;0;1;1;-9,35439212;-35,87430954;SPRF-AL;DEL01-AL;UOP02-DEL01-AL;;;
694757;30/05/2025;sexta-feira;16:15:00;MG;50;198,1;DELTA;Demais falhas mec�nicas ou el�tricas;Inc�ndio;Com V�timas Feridas;Pleno dia;Crescente;C�u Claro;M�ltipla;Reta;N�o;2;0;1;0;0;2;1;3;-19,91548906;-47,82963395;SPRF-MG;DEL13-MG;UOP01-DEL13-MG;;;
694758;30/05/2025;sexta-feira;20:40:00;MG;116;583,6;MANHUACU;Aus�ncia de rea��o do condutor;Colis�o traseira;Com V�timas Feridas;Plena Noite;Decrescente;Nublado;Simples;"Curva;Declive";N�o;2;0;1;0;0;1;1;2;-20,22492;-42,177895;SPRF-MG;DEL06-MG;UOP03-DEL06-MG;;;
694771;30/05/2025;sexta-feira;21:30:00;MG;153;5;ARAPORA;Demais falhas mec�nicas ou el�tricas;Inc�ndio;Sem V�timas;Plena Noite;Crescente;C�u Claro;Dupla;Reta;N�o;2;0;0;0;1;2;0;3;-18,465485;-49,188287;SPRF-MG;DEL15-MG;UOP03-DEL15-MG;;;
694772;30/05/2025;sexta-feira;23:20:00;GO;50;157,9;CAMPO ALEGRE DE GOIAS;Aus�ncia de rea��o do condutor;Sa�da de leito carro��vel;Com V�timas Feridas;Plena Noite;Crescente;C�u Claro;Dupla;Reta;N�o;2;0;1;0;0;1;1;2;-17,236007;-47,761983;SPRF-GO;DEL06-GO;UOP01-DEL06-GO;;;
694783;30/05/2025;sexta-feira;22:30:00;RO;364;380;OURO PRETO DO OESTE;Transitar na contram�o;Colis�o frontal;Com V�timas Fatais;Plena Noite;Decrescente;C�u Claro;Simples;Reta;N�o;5;1;0;1;3;0;1;2;-10,7315486;-62,2290995;SPRF-RO;DEL02-RO;UOP01-DEL02-RO;;;
694784;30/05/2025;sexta-feira;20:30:00;MT;163;733;SORRISO;Ingest�o de �lcool pelo condutor;Colis�o lateral sentido oposto;Com V�timas Feridas;Plena Noite;Decrescente;C�u Claro;Simples;Reta;N�o;3;0;0;1;1;2;1;4;-12,69895685;-55,81209183;SPRF-MT;DEL06-MT;UOP01-DEL06-MT;;;
694785;30/05/2025;sexta-feira;22:20:00;BA;116;801;VITORIA DA CONQUISTA;Aus�ncia de rea��o do condutor;Tombamento;Com V�timas Feridas;Plena Noite;Decrescente;Garoa/Chuvisco;Simples;"Reta;Declive";N�o;2;0;0;1;0;2;1;3;-14,753002;-40,683225;SPRF-BA;DEL08-BA;UOP02-DEL08-BA;;;
694787;30/05/2025;sexta-feira;23:30:00;GO;153;514;APARECIDA DE GOIANIA;Aus�ncia de rea��o do condutor;Colis�o traseira;Com V�timas Feridas;Plena Noite;Crescente;Ignorado;Dupla;Reta;Sim;3;0;0;1;2;0;1;2;-16,82562882;-49,24217172;SPRF-GO;DEL01-GO;UOP03-DEL01-GO;;;
694794;31/05/2025;s�bado;01:35:00;SP;116;463,2;PARIQUERA-ACU;Acesso irregular;Colis�o traseira;Com V�timas Feridas;Plena Noite;Decrescente;C�u Claro;Dupla;Reta;N�o;3;0;0;1;1;1;1;3;-24,63192161;-47,90529625;SPRF-SP;DEL05-SP;UOP01-DEL05-SP;;;
694796;30/05/2025;sexta-feira;23:00:00;BA;116;328;ARACI;Condutor Dormindo;Colis�o frontal;Com V�timas Feridas;Plena Noite;Crescente;Garoa/Chuvisco;Simples;Reta;N�o;3;0;2;0;1;0;2;2;-11,36897104;-38,9636226;SPRF-BA;DEL02-BA;UOP01-DEL02-BA;;;
694797;31/05/2025;s�bado;02:40:00;MG;40;650;CRISTIANO OTONI;Transitar na contram�o;Colis�o frontal;Com V�timas Feridas;Plena Noite;Decrescente;Nevoeiro/Neblina;Simples;Reta;N�o;3;0;1;0;1;1;1;3;-20,837703;-43,800773;SPRF-MG;DEL05-MG;UOP02-DEL05-MG;;;
694809;31/05/2025;s�bado;03:48:00;BA;367;30;PORTO SEGURO;Transitar na contram�o;Colis�o frontal;Com V�timas Fatais;Plena Noite;Crescente;Nublado;Simples;Curva;N�o;3;2;1;0;0;0;1;2;-16,4156199;-39,1196212;SPRF-BA;DEL09-BA;UOP03-DEL09-BA;;;
694810;31/05/2025;s�bado;05:25:00;SE;235;47,4;ITABAIANA;Animais na Pista;Colis�o lateral mesmo sentido;Sem V�timas;Amanhecer;Decrescente;C�u Claro;Simples;Reta;Sim;2;0;0;0;2;0;0;2;-10,729253;-37,41348839;SPRF-SE;DEL01-SE;UOP02-DEL01-SE;;;
694811;31/05/2025;s�bado;04:35:00;PE;232;413;SERRA TALHADA;Ultrapassagem Indevida;Colis�o frontal;Com V�timas Feridas;Amanhecer;Crescente;C�u Claro;Simples;Reta;N�o;3;0;1;1;0;2;2;4;-7,984214;-38,321891;SPRF-PE;DEL04-PE;UOP01-DEL04-PE;;;
694813;31/05/2025;s�bado;04:50:00;RJ;40;113;DUQUE DE CAXIAS;Condutor Dormindo;Colis�o traseira;Com V�timas Feridas;Plena Noite;Decrescente;C�u Claro;Dupla;Reta;Sim;2;0;1;0;1;0;1;2;-22,80904276;-43,28808595;SPRF-RJ;DEL01-RJ;UOP02-DEL01-RJ;;;
694824;31/05/2025;s�bado;06:50:00;BA;101;858;TEIXEIRA DE FREITAS;Problema com o freio;Sa�da de leito carro��vel;Com V�timas Feridas;Pleno dia;Decrescente;Garoa/Chuvisco;Simples;Reta;N�o;1;0;1;0;0;0;1;1;-17,389599;-39,665057;SPRF-BA;DEL09-BA;UOP02-DEL09-BA;;;
694825;31/05/2025;s�bado;05:20:00;RR;174;462;BOA VISTA;Ultrapassagem Indevida;Colis�o frontal;Com V�timas Feridas;Amanhecer;Decrescente;Nublado;Simples;Reta;N�o;5;0;1;1;2;1;2;3;2,5505556;-60,87710059;SPRF-RR;DEL01-RR;UOP01-DEL01-RR;;;
694828;31/05/2025;s�bado;06:25:00;BA;116;417;FEIRA DE SANTANA;�rea urbana sem a presen�a de local apropriado para a travessia de pedestres;Atropelamento de Pedestre;Com V�timas Feridas;Pleno dia;Crescente;Sol;Dupla;Reta;Sim;2;0;0;1;1;0;1;2;-12,18386178;-38,96531591;SPRF-BA;DEL02-BA;UOP01-DEL02-BA;;;
694829;31/05/2025;s�bado;03:50:00;PE;428;147,9;PETROLINA;Ingest�o de �lcool pelo condutor;Colis�o lateral sentido oposto;Com V�timas Feridas;Plena Noite;Crescente;C�u Claro;Simples;Reta;N�o;4;0;0;1;2;1;1;3;-9,055906;-40,302996;SPRF-PE;DEL06-PE;UOP01-DEL06-PE;;;
694838;31/05/2025;s�bado;07:45:00;CE;116;13;FORTALEZA;Acessar a via sem observar a presen�a dos outros ve�culos;Colis�o transversal;Com V�timas Feridas;Pleno dia;Decrescente;Chuva;M�ltipla;Interse��o de Vias;Sim;2;0;0;1;1;0;1;2;-3,8626638;-38,4970647;SPRF-CE;DEL01-CE;UOP02-DEL01-CE;;;
694859;31/05/2025;s�bado;08:35:00;PR;277;692;SAO MIGUEL DO IGUACU;Problema com o freio;Inc�ndio;Sem V�timas;Pleno dia;Decrescente;C�u Claro;Dupla;"Reta;Declive";N�o;2;0;0;0;1;1;0;2;-25,370264;-54,266235;SPRF-PR;DEL05-PR;UOP01-DEL05-PR;;;
694872;31/05/2025;s�bado;09:45:00;MG;50;115,9;UBERABA;Demais falhas mec�nicas ou el�tricas;Tombamento;Com V�timas Feridas;Pleno dia;Decrescente;C�u Claro;Dupla;"Viaduto;Curva";N�o;2;0;1;0;0;2;1;3;-19,726336;-47,9199232;SPRF-MG;DEL13-MG;UOP01-DEL13-MG;;;
694874;31/05/2025;s�bado;09:30:00;PR;376;675;GUARATUBA;Problema com o freio;Inc�ndio;Sem V�timas;Pleno dia;Crescente;C�u Claro;Dupla;Reta;N�o;2;0;0;0;1;1;0;2;-25,926774;-48,913708;SPRF-PR;DEL01-PR;UOP04-DEL01-PR;;;
694877;31/05/2025;s�bado;06:00:00;ES;101;150,8;IBATIBA;Problema com o freio;Tombamento;Com V�timas Feridas;Amanhecer;Decrescente;C�u Claro;Simples;Declive;N�o;2;0;1;0;0;1;1;2;-20,215768;-41,447737;SPRF-ES;DEL04-ES;UOP01-DEL04-ES;;;
694882;31/05/2025;s�bado;11:40:00;MG;381;491;BETIM;Aus�ncia de rea��o do condutor;Colis�o traseira;Com V�timas Feridas;Pleno dia;Decrescente;C�u Claro;Dupla;Reta;Sim;2;0;1;0;1;0;1;2;-19,95880608;-44,15127884;SPRF-MG;DEL01-MG;UOP03-DEL01-MG;;;
694887;31/05/2025;s�bado;12:00:00;RS;386;27,9;FREDERICO WESTPHALEN;Acessar a via sem observar a presen�a dos outros ve�culos;Colis�o lateral sentido oposto;Com V�timas Feridas;Pleno dia;Crescente;Nevoeiro/Neblina;Simples;Curva;Sim;5;0;0;1;3;2;1;5;-27,3095267;-53,3775124;SPRF-RS;DEL08-RS;UOP02-DEL08-RS;;;
694895;31/05/2025;s�bado;13:10:00;RS;290;186,5;MINAS DO LEAO;Demais falhas mec�nicas ou el�tricas;Inc�ndio;Sem V�timas;Pleno dia;Decrescente;C�u Claro;Simples;Curva;N�o;2;0;0;0;1;1;0;2;-30,1521383;-52,0809867;SPRF-RS;DEL02-RS;UOP03-DEL02-RS;;;
694896;31/05/2025;s�bado;13:46:00;MG;262;423;IGARATINGA;Rea��o tardia ou ineficiente do condutor;Colis�o traseira;Com V�timas Feridas;Pleno dia;Decrescente;C�u Claro;Dupla;"Reta;Aclive";N�o;4;0;2;0;1;1;2;3;-19,8889;-44,7994;SPRF-MG;DEL08-MG;UOP03-DEL08-MG;;;
694900;31/05/2025;s�bado;10:30:00;MG;381;316;NOVA ERA;Velocidade Incompat�vel;Tombamento;Com V�timas Feridas;Pleno dia;Crescente;C�u Claro;Simples;"Curva;Declive";N�o;3;0;2;0;0;1;2;2;-19,67527227;-42,97773242;SPRF-MG;DEL03-MG;UOP02-DEL03-MG;;;
694907;31/05/2025;s�bado;13:45:00;MS;262;32,2;TRES LAGOAS;Demais falhas mec�nicas ou el�tricas;Colis�o com objeto;Com V�timas Fatais;Pleno dia;Crescente;C�u Claro;Simples;Reta;N�o;4;1;0;0;2;1;0;2;-20,794184;-51,898122;SPRF-MS;DEL07-MS;UOP01-DEL07-MS;;;
694908;31/05/2025;s�bado;14:00:00;PR;277;593,2;CASCAVEL;Demais falhas mec�nicas ou el�tricas;Sa�da de leito carro��vel;Com V�timas Feridas;Pleno dia;Decrescente;C�u Claro;Simples;"Reta;Aclive";Sim;3;0;1;1;0;1;2;2;-24,98;-53,488;SPRF-PR;DEL04-PR;UOP01-DEL04-PR;;;
694910;31/05/2025;s�bado;14:40:00;RJ;101;64;CAMPOS DOS GOYTACAZES;Condutor deixou de manter dist�ncia do ve�culo da frente;Colis�o traseira;Com V�timas Feridas;Pleno dia;Crescente;C�u Claro;Simples;Reta;Sim;4;0;1;0;1;2;1;3;-21,750715;-41,337841;SPRF-RJ;DEL08-RJ;UOP02-DEL08-RJ;;;
694918;31/05/2025;s�bado;15:20:00;RN;304;242;RIACHUELO;Acessar a via sem observar a presen�a dos outros ve�culos;Colis�o lateral mesmo sentido;Com V�timas Feridas;Anoitecer;Crescente;C�u Claro;Simples;Reta;Sim;3;0;1;0;1;1;1;3;-5,805567;-35,82947;SPRF-RN;DEL01-RN;UOP02-DEL01-RN;;;
694919;31/05/2025;s�bado;13:30:00;MA;10;246;IMPERATRIZ;Acessar a via sem observar a presen�a dos outros ve�culos;Colis�o traseira;Com V�timas Feridas;Pleno dia;Decrescente;C�u Claro;Simples;Reta;Sim;4;0;3;0;1;0;3;2;-5,5765469;-47,4421336;SPRF-MA;DEL04-MA;UOP01-DEL04-MA;;;
694923;31/05/2025;s�bado;13:30:00;GO;20;198,3;SIMOLANDIA;Demais falhas mec�nicas ou el�tricas;Inc�ndio;Sem V�timas;Pleno dia;Crescente;C�u Claro;Dupla;"Reta;Aclive";N�o;2;0;0;0;1;2;0;3;-14,4514139;-46,4691648;SPRF-DF;DEL02-DF;UOP03-DEL02-DF;;;
694929;31/05/2025;s�bado;13:07:00;RJ;116;229;PIRAI;Problema com o freio;Colis�o lateral mesmo sentido;Com V�timas Feridas;Pleno dia;Decrescente;C�u Claro;Simples;"Curva;Declive";N�o;4;0;1;0;2;2;1;5;-22,67937138;-43,83656502;SPRF-RJ;DEL07-RJ;UOP01-DEL07-RJ;;;
694943;31/05/2025;s�bado;12:17:00;MT;174;161;GLORIA DOESTE;Velocidade Incompat�vel;Colis�o traseira;Com V�timas Feridas;Pleno dia;Crescente;C�u Claro;Simples;Reta;N�o;3;0;1;0;1;3;1;5;-15,808;-58,398;SPRF-MT;DEL03-MT;UOP01-DEL03-MT;;;
694974;31/05/2025;s�bado;17:00:00;RJ;101;271;RIO BONITO;Aus�ncia de rea��o do condutor;Atropelamento de Pedestre;Com V�timas Fatais;Anoitecer;Crescente;C�u Claro;Dupla;Curva;Sim;4;1;0;0;1;4;0;6;-22,72441;-42,69413;SPRF-RJ;DEL02-RJ;UOP03-DEL02-RJ;;;
694981;31/05/2025;s�bado;20:40:00;MG;116;676,2;MIRADOURO;Aus�ncia de rea��o do condutor;Colis�o frontal;Com V�timas Fatais;Plena Noite;Decrescente;Nublado;Simples;Reta;N�o;4;2;0;0;1;1;0;3;-20,91727015;-42,34448433;SPRF-MG;DEL07-MG;UOP02-DEL07-MG;;;
694990;31/05/2025;s�bado;13:47:00;PR;116;89;PIRAQUARA;Ingest�o de �lcool pelo condutor;Colis�o lateral mesmo sentido;Sem V�timas;Pleno dia;Decrescente;C�u Claro;Dupla;Reta;N�o;5;0;0;0;3;2;0;4;-25,483151;-49,106637;SPRF-PR;DEL01-PR;UOP07-DEL01-PR;;;
694994;31/05/2025;s�bado;15:04:00;RO;435;98,8;COLORADO DO OESTE;Transitar na contram�o;Colis�o lateral sentido oposto;Com V�timas Feridas;Pleno dia;Decrescente;C�u Claro;Simples;Aclive;N�o;3;0;1;0;1;3;1;5;-13,18607154;-60,60051467;SPRF-RO;DEL04-RO;UOP02-DEL04-RO;;;
694997;31/05/2025;s�bado;17:15:00;MG;153;135;PRATA;Ultrapassagem Indevida;Colis�o lateral sentido oposto;Com V�timas Fatais;Pleno dia;Crescente;C�u Claro;Simples;"Curva;Declive";N�o;6;1;0;0;3;7;0;11;-19,519989;-48,834254;SPRF-MG;DEL15-MG;UOP03-DEL15-MG;;;
695015;31/05/2025;s�bado;22:05:00;SC;282;397;JOACABA;Ingest�o de �lcool pelo condutor;Colis�o transversal;Com V�timas Feridas;Plena Noite;Crescente;C�u Claro;Simples;Rotat�ria;N�o;2;0;1;0;1;0;1;2;-27,1511388;-51,6016313;SPRF-SC;DEL07-SC;UOP05-DEL07-SC;;;
695024;31/05/2025;s�bado;20:05:00;RJ;101;184;CASIMIRO DE ABREU;Carga excessiva e/ou mal acondicionada;Tombamento;Com V�timas Feridas;Plena Noite;Crescente;C�u Claro;Simples;Curva;N�o;2;0;1;0;0;1;1;2;-22,42986904;-42,03135447;SPRF-RJ;DEL08-RJ;UOP04-DEL08-RJ;;;
695037;31/05/2025;s�bado;18:30:00;MT;364;446;VARZEA GRANDE;Transitar na contram�o;Colis�o frontal;Com V�timas Feridas;Plena Noite;Crescente;C�u Claro;Simples;Reta;N�o;4;0;0;1;2;3;1;6;-15,56705475;-56,25711892;SPRF-MT;DEL01-MT;UOP02-DEL01-MT;;;
695053;01/06/2025;domingo;03:00:00;MS;163;689;RIO VERDE DE MATO GROSSO;Condutor Dormindo;Sa�da de leito carro��vel;Com V�timas Feridas;Pleno dia;Decrescente;C�u Claro;Simples;"Reta;Aclive";N�o;3;0;1;0;1;1;1;2;-18,84876474;-54,81863849;SPRF-MS;DEL06-MS;UOP01-DEL06-MS;;;
695055;01/06/2025;domingo;01:55:00;MT;364;178;PEDRA PRETA;Ingest�o de �lcool pelo condutor;Colis�o lateral mesmo sentido;Com V�timas Feridas;Plena Noite;Decrescente;C�u Claro;Simples;Reta;N�o;3;0;1;0;2;0;1;2;-16,595705;-54,505581;SPRF-MT;DEL02-MT;UOP01-DEL02-MT;;;
695061;01/06/2025;domingo;05:45:00;GO;50;187;CAMPO ALEGRE DE GOIAS;Problema com o freio;Inc�ndio;Sem V�timas;Pleno dia;Decrescente;C�u Claro;Dupla;Reta;Sim;2;0;0;0;1;1;0;2;-17,469354;-47,812049;SPRF-GO;DEL06-GO;UOP01-DEL06-GO;;;
695070;01/06/2025;domingo;07:00:00;SP;381;9;VARGEM;Aus�ncia de rea��o do condutor;Colis�o lateral mesmo sentido;Sem V�timas;Pleno dia;Decrescente;C�u Claro;Dupla;Reta;N�o;3;0;0;0;1;2;0;3;-22,919535;-46,436382;SPRF-SP;DEL03-SP;UOP02-DEL03-SP;;;
695083;05/04/2025;s�bado;05:00:00;MG;381;865,6;POUSO ALEGRE;Aus�ncia de rea��o do condutor;Colis�o traseira;Com V�timas Feridas;Plena Noite;Crescente;C�u Claro;M�ltipla;Reta;N�o;6;0;1;0;3;2;1;4;-22,29544968;-45,89538574;SPRF-MG;DEL16-MG;UOP01-DEL16-MG;;;
695088;01/06/2025;domingo;05:50:00;MG;381;564,5;ITAGUARA;Aus�ncia de rea��o do condutor;Sa�da de leito carro��vel;Com V�timas Feridas;Amanhecer;Decrescente;Nublado;Dupla;Reta;Sim;1;0;0;1;0;0;1;1;-20,39263782;-44,49550565;SPRF-MG;DEL04-MG;UOP03-DEL04-MG;;;
695096;01/06/2025;domingo;08:30:00;PR;369;151,9;LONDRINA;Ingest�o de �lcool pelo condutor;Colis�o lateral mesmo sentido;Com V�timas Feridas;Pleno dia;Crescente;C�u Claro;Dupla;Reta;Sim;6;0;1;0;4;1;1;3;-23,29271;-51,18056;SPRF-PR;DEL07-PR;UOP01-DEL07-PR;;;
695106;01/06/2025;domingo;03:00:00;SE;235;90;FREI PAULO;Condutor Dormindo;Colis�o lateral sentido oposto;Com V�timas Feridas;Plena Noite;Crescente;Nevoeiro/Neblina;Simples;Reta;N�o;6;0;2;4;0;0;6;2;-10,58357852;-37,61697025;SPRF-SE;DEL01-SE;UOP02-DEL01-SE;;;
695124;01/06/2025;domingo;12:20:00;PR;116;54,5;CAMPINA GRANDE DO SUL;Ingest�o de �lcool pelo condutor;Tombamento;Com V�timas Feridas;Pleno dia;Decrescente;C�u Claro;Dupla;Reta;N�o;2;0;1;0;0;1;1;2;-25,269928;-48,918874;SPRF-PR;DEL01-PR;UOP02-DEL01-PR;;;
695127;01/06/2025;domingo;13:05:00;MS;158;88,1;PARANAIBA;Transitar na contram�o;Colis�o lateral sentido oposto;Com V�timas Fatais;Pleno dia;Crescente;Sol;Simples;Reta;N�o;4;1;0;0;2;1;0;3;-19,56968344;-51,23975627;SPRF-MS;DEL08-MS;UOP01-DEL08-MS;;;
695128;01/06/2025;domingo;12:15:00;PR;277;588,3;CASCAVEL;Mal s�bito do condutor;Colis�o frontal;Com V�timas Feridas;Pleno dia;Decrescente;C�u Claro;Simples;Reta;Sim;4;0;2;0;1;3;2;5;-24,9768198;-53,447691;SPRF-PR;DEL04-PR;UOP01-DEL04-PR;;;
695140;01/06/2025;domingo;05:30:00;BA;116;539;ITATIM;Ultrapassagem Indevida;Colis�o traseira;Com V�timas Feridas;Pleno dia;Crescente;C�u Claro;Simples;Reta;N�o;6;0;1;0;3;5;1;9;-12,80975;-39,82382;SPRF-BA;DEL03-BA;UOP02-DEL03-BA;;;
695142;01/06/2025;domingo;10:10:00;MG;116;456,6;ENGENHEIRO CALDAS;Acessar a via sem observar a presen�a dos outros ve�culos;Colis�o transversal;Com V�timas Feridas;Pleno dia;Crescente;C�u Claro;Simples;"Interse��o de Vias;Reta;Aclive";N�o;6;0;1;0;4;1;1;3;-19,23653865;-42,05390059;SPRF-MG;DEL06-MG;UOP02-DEL06-MG;;;
695143;01/06/2025;domingo;09:30:00;BA;110;127;CICERO DANTAS;Aus�ncia de rea��o do condutor;Colis�o lateral sentido oposto;Com V�timas Feridas;Pleno dia;Crescente;Sol;Simples;"Curva;Aclive";N�o;2;0;0;1;0;1;1;2;-10,475696;-38,377272;SPRF-BA;DEL07-BA;UOP02-DEL07-BA;;;
695144;01/06/2025;domingo;14:50:00;MS;163;533,9;JARAGUARI;Aus�ncia de rea��o do condutor;Colis�o traseira;Com V�timas Feridas;Pleno dia;Crescente;C�u Claro;M�ltipla;Reta;N�o;5;0;3;0;2;0;3;2;-20,04037022;-54,41235678;SPRF-MS;DEL01-MS;UOP02-DEL01-MS;;;