id;data_inversa;dia_semana;horario;uf;br;km;municipio;causa_acidente;tipo_acidente;classificacao_acidente;fase_dia;sentido_via;condicao_metereologica;tipo_pista;tracado_via;uso_solo;pessoas;mortos;feridos_leves;feridos_graves;ilesos;ignorados;feridos;veiculos;latitude;longitude;regional;delegacia;uop;;;
695152;01/06/2025;domingo;15:00:00;PR;277;118;CAMPO LARGO;Demais falhas mec�nicas ou el�tricas;Inc�ndio;Sem V�timas;Pleno dia;Crescente;C�u Claro;Dupla;Curva;Sim;2;0;0;0;1;1;0;2;-25,436661;-49,444217;SPRF-PR;DEL03-PR;UOP03-DEL03-PR;;;
695158;01/06/2025;domingo;17:00:00;MG;262;691,9;ARAXA;Aus�ncia de rea��o do condutor;Colis�o transversal;Com V�timas Feridas;Pleno dia;Decrescente;C�u Claro;Simples;"Reta;Declive";N�o;4;0;0;2;1;3;2;6;-19,55243;-46,960764;SPRF-MG;DEL08-MG;UOP01-DEL08-MG;;;
695160;01/06/2025;domingo;15:40:00;TO;153;246,1;COLINAS DO TOCANTINS;Acessar a via sem observar a presen�a dos outros ve�culos;Colis�o lateral mesmo sentido;Com V�timas Feridas;Pleno dia;Crescente;C�u Claro;M�ltipla;"Reta;Retorno Regulamentado";Sim;4;0;0;1;2;1;1;3;-8,051115;-48,466448;SPRF-TO;DEL02-TO;UOP02-DEL02-TO;;;
695168;01/06/2025;domingo;16:40:00;MG;116;574;MANHUACU;Velocidade Incompat�vel;Tombamento;Com V�timas Feridas;Pleno dia;Crescente;C�u Claro;Simples;Curva;N�o;2;0;1;0;0;1;1;2;-20,14648;-42,185638;SPRF-MG;DEL06-MG;UOP03-DEL06-MG;;;
695175;01/06/2025;domingo;16:30:00;BA;116;803,5;VITORIA DA CONQUISTA;Aus�ncia de rea��o do condutor;Colis�o traseira;Com V�timas Feridas;Pleno dia;Decrescente;Nublado;Simples;Reta;N�o;4;0;3;0;0;1;3;2;-14,7637291;-40,70388503;SPRF-BA;DEL08-BA;UOP02-DEL08-BA;;;
695177;01/06/2025;domingo;14:50:00;SC;470;118,6;IBIRAMA;Aus�ncia de rea��o do condutor;Tombamento;Com V�timas Feridas;Pleno dia;Decrescente;C�u Claro;Simples;"Reta;Interse��o de Vias";N�o;2;0;1;0;0;1;1;2;-27,082176;-49,511818;SPRF-SC;DEL04-SC;UOP02-DEL04-SC;;;
695179;01/06/2025;domingo;17:50:00;MG;40;509;RIBEIRAO DAS NEVES;Rea��o tardia ou ineficiente do condutor;Colis�o traseira;Com V�timas Feridas;Plena Noite;Crescente;C�u Claro;Dupla;"Reta;Declive";Sim;5;0;1;0;3;1;1;5;-19,77122679;-44,12626505;SPRF-MG;DEL01-MG;UOP02-DEL01-MG;;;
695180;01/06/2025;domingo;18:30:00;SP;153;122,3;UBARANA;Transitar na contram�o;Colis�o frontal;Com V�timas Fatais;Plena Noite;Crescente;C�u Claro;Simples;Reta;N�o;3;1;0;0;1;1;0;3;-21,1868096;-49,7235157;SPRF-SP;DEL09-SP;UOP01-DEL09-SP;;;
695192;01/06/2025;domingo;18:45:00;MG;40;746,3;SANTOS DUMONT;Velocidade Incompat�vel;Sa�da de leito carro��vel;Com V�timas Feridas;Plena Noite;Crescente;Nublado;Simples;Curva;N�o;2;0;1;0;1;0;1;2;-21,472;-43,552;SPRF-MG;DEL05-MG;UOP01-DEL05-MG;;;
695198;01/06/2025;domingo;07:15:00;MT;364;501;JANGADA;Rea��o tardia ou ineficiente do condutor;Colis�o traseira;Com V�timas Feridas;Pleno dia;Crescente;C�u Claro;Simples;Reta;N�o;3;0;1;0;2;0;1;2;-15,182019;-56,520701;SPRF-MT;DEL01-MT;UOP01-DEL01-MT;;;
695203;01/06/2025;domingo;15:40:00;MT;163;956;NOVA SANTA HELENA;Aus�ncia de rea��o do condutor;Colis�o traseira;Com V�timas Feridas;Pleno dia;Crescente;C�u Claro;Simples;Reta;Sim;5;0;1;0;3;3;1;5;-10,84119;-55,18432;SPRF-MT;DEL06-MT;UOP02-DEL06-MT;;;
695208;01/06/2025;domingo;18:30:00;SP;116;292;ITAPECERICA DA SERRA;Aus�ncia de rea��o do condutor;Colis�o traseira;Com V�timas Feridas;Plena Noite;Decrescente;C�u Claro;Dupla;Reta;Sim;6;0;1;0;4;1;1;4;-23,7002616;-46,8689378;SPRF-SP;DEL04-SP;UOP01-DEL04-SP;;;
695216;01/06/2025;domingo;15:15:00;PR;376;323;ORTIGUEIRA;Velocidade Incompat�vel;Tombamento;Com V�timas Feridas;Pleno dia;Crescente;C�u Claro;Simples;Curva;N�o;2;0;1;0;0;2;1;3;-24,044;-51,078;SPRF-PR;DEL07-PR;UOP02-DEL07-PR;;;
695221;01/06/2025;domingo;20:30:00;PI;316;2,7;TERESINA;Manobra de mudan�a de faixa;Tombamento;Com V�timas Feridas;Plena Noite;Crescente;C�u Claro;Simples;Reta;Sim;2;0;1;0;0;1;1;2;-5,1262694;-42,7943998;SPRF-PI;DEL01-PI;UOP02-DEL01-PI;;;
695226;01/06/2025;domingo;17:45:00;BA;242;387;SEABRA;Velocidade Incompat�vel;Tombamento;Com V�timas Feridas;Plena Noite;Decrescente;Ignorado;Simples;Curva;N�o;2;0;1;0;0;2;1;3;-12,45457;-41,61226;SPRF-BA;DEL06-BA;UOP01-DEL06-BA;;;
695235;01/06/2025;domingo;21:25:00;SP;153;11,8;ICEM;Condutor Dormindo;Colis�o com objeto;Com V�timas Feridas;Plena Noite;Decrescente;C�u Claro;Simples;Reta;N�o;3;0;1;0;1;2;1;4;-20,38193584;-49,23205376;SPRF-SP;DEL09-SP;UOP01-DEL09-SP;;;
695240;01/06/2025;domingo;19:25:00;MG;40;718;BARBACENA;Demais falhas mec�nicas ou el�tricas;Inc�ndio;Sem V�timas;Plena Noite;Decrescente;Nublado;Dupla;Reta;N�o;2;0;0;0;1;1;0;2;-21,28805541;-43,64113879;SPRF-MG;DEL05-MG;UOP01-DEL05-MG;;;
695243;01/06/2025;domingo;16:25:00;MG;251;350;PADRE CARVALHO;Demais falhas mec�nicas ou el�tricas;Colis�o lateral sentido oposto;Com V�timas Feridas;Pleno dia;Decrescente;Nublado;Simples;"Curva;Declive";N�o;9;0;3;0;5;3;3;9;-16,25888609;-42,52520084;SPRF-MG;DEL12-MG;UOP02-DEL12-MG;;;
695246;01/06/2025;domingo;22:00:00;MG;116;571,5;MANHUACU;Rea��o tardia ou ineficiente do condutor;Colis�o lateral sentido oposto;Com V�timas Feridas;Plena Noite;Crescente;C�u Claro;Simples;Reta;N�o;4;0;0;1;2;2;1;5;-20,124252;-42,177106;SPRF-MG;DEL06-MG;UOP03-DEL06-MG;;;
695247;01/06/2025;domingo;16:18:00;MT;174;123;CACERES;Rea��o tardia ou ineficiente do condutor;Tombamento;Com V�timas Feridas;Pleno dia;Decrescente;C�u Claro;Simples;"Reta;Declive";N�o;2;0;0;1;0;1;1;2;-15,83056391;-58,05610943;SPRF-MT;DEL03-MT;UOP01-DEL03-MT;;;
695253;01/06/2025;domingo;19:50:00;RJ;40;66,9;PETROPOLIS;Demais falhas mec�nicas ou el�tricas;Inc�ndio;Sem V�timas;Plena Noite;Crescente;C�u Claro;Dupla;Reta;N�o;2;0;0;0;1;1;0;2;-22,436914;-43,176045;SPRF-RJ;DEL05-RJ;UOP02-DEL05-RJ;;;
695259;01/06/2025;domingo;23:15:00;SP;116;112;TAUBATE;Trafegar com motocicleta (ou similar) entre as faixas;Colis�o lateral mesmo sentido;Com V�timas Feridas;Plena Noite;Crescente;Nublado;Dupla;Reta;Sim;3;0;1;0;1;1;1;3;-23,04205477;-45,57052195;SPRF-SP;DEL02-SP;UOP02-DEL02-SP;;;
695271;02/06/2025;segunda-feira;00:45:00;SP;381;79;SAO PAULO;Velocidade Incompat�vel;Tombamento;Com V�timas Feridas;Plena Noite;Crescente;C�u Claro;Dupla;"Curva;Declive";Sim;2;0;1;0;0;1;1;2;-23,4068344;-46,58039509;SPRF-SP;DEL03-SP;UOP01-DEL03-SP;;;
695275;01/06/2025;domingo;22:50:00;SC;116;172,9;SAO CRISTOVAO DO SUL;Aus�ncia de rea��o do condutor;Sa�da de leito carro��vel;Com V�timas Feridas;Plena Noite;Crescente;C�u Claro;Simples;"Aclive;Curva";N�o;1;0;1;0;0;0;1;1;-27,2166021;-50,4666879;SPRF-SC;DEL05-SC;UOP03-DEL05-SC;;;
695276;01/06/2025;domingo;21:30:00;SP;153;94,6;JACI;Ingest�o de �lcool pelo condutor;Sa�da de leito carro��vel;Com V�timas Feridas;Plena Noite;Decrescente;C�u Claro;Dupla;Curva;N�o;2;0;1;0;0;1;1;2;-20,968395;-49,600713;SPRF-SP;DEL09-SP;UOP01-DEL09-SP;;;
695280;01/06/2025;domingo;23:55:00;MG;381;672,2;PERDOES;Condutor Dormindo;Colis�o com objeto;Com V�timas Feridas;Plena Noite;Decrescente;Nublado;Dupla;Curva;N�o;3;0;2;0;0;1;2;2;-21,073597;-45,052375;SPRF-MG;DEL04-MG;UOP02-DEL04-MG;;;
695282;02/06/2025;segunda-feira;00:30:00;MG;381;230,7;BELO ORIENTE;Condutor Dormindo;Colis�o lateral sentido oposto;Com V�timas Feridas;Plena Noite;Decrescente;C�u Claro;Simples;Aclive;N�o;4;0;1;0;2;3;1;6;-19,33150291;-42,42195792;SPRF-MG;DEL06-MG;UOP01-DEL06-MG;;;
695286;02/06/2025;segunda-feira;00:50:00;PE;407;69;PETROLINA;Condutor Dormindo;Colis�o frontal;Com V�timas Feridas;Plena Noite;Decrescente;C�u Claro;Simples;Reta;N�o;4;0;0;1;2;1;1;3;-8,926605;-40,738562;SPRF-PE;DEL06-PE;UOP02-DEL06-PE;;;
695288;02/06/2025;segunda-feira;02:34:00;MT;70;518;VARZEA GRANDE;Condutor deixou de manter dist�ncia do ve�culo da frente;Colis�o traseira;Com V�timas Feridas;Plena Noite;Decrescente;C�u Claro;Simples;Reta;N�o;2;0;1;0;1;0;1;2;-15,69940006;-56,16485596;SPRF-MT;DEL01-MT;UOP02-DEL01-MT;;;
695289;02/06/2025;segunda-feira;05:20:00;PR;376;270;MARILANDIA DO SUL;Acessar a via sem observar a presen�a dos outros ve�culos;Colis�o traseira;Com V�timas Feridas;Amanhecer;Decrescente;C�u Claro;Dupla;"Reta;Retorno Regulamentado";N�o;3;0;1;0;1;2;1;4;-23,73;-51,27;SPRF-PR;DEL07-PR;UOP02-DEL07-PR;;;
695293;02/06/2025;segunda-feira;06:40:00;RS;290;175;BUTIA;Acessar a via sem observar a presen�a dos outros ve�culos;Colis�o transversal;Com V�timas Feridas;Amanhecer;Crescente;Nublado;Simples;Retorno Regulamentado;N�o;3;0;1;0;1;1;1;3;-30,13005884;-51,96563244;SPRF-RS;DEL02-RS;UOP03-DEL02-RS;;;
695297;02/06/2025;segunda-feira;07:05:00;GO;60;179;ABADIA DE GOIAS;Aus�ncia de rea��o do condutor;Colis�o traseira;Com V�timas Feridas;Amanhecer;Decrescente;C�u Claro;Dupla;Reta;N�o;5;0;0;2;3;0;2;2;-16,767097;-49,47586;SPRF-GO;DEL01-GO;UOP02-DEL01-GO;;;
695298;01/06/2025;domingo;19:00:00;MT;364;142;PEDRA PRETA;Rea��o tardia ou ineficiente do condutor;Sa�da de leito carro��vel;Com V�timas Feridas;Plena Noite;Crescente;C�u Claro;Simples;"Curva;Declive";N�o;2;0;1;0;0;1;1;2;-16,79188718;-54,19984818;SPRF-MT;DEL02-MT;UOP01-DEL02-MT;;;
695301;01/06/2025;domingo;21:20:00;MG;381;618,1;OLIVEIRA;Aus�ncia de rea��o do condutor;Sa�da de leito carro��vel;Com V�timas Fatais;Plena Noite;Crescente;C�u Claro;Dupla;Curva;N�o;2;1;0;0;0;1;0;2;-20,73922;-44,77108;SPRF-MG;DEL04-MG;UOP01-DEL04-MG;;;
695312;02/06/2025;segunda-feira;00:30:00;MT;70;133;GENERAL CARNEIRO;Animais na Pista;Sa�da de leito carro��vel;Sem V�timas;Plena Noite;Crescente;C�u Claro;Simples;Reta;N�o;2;0;0;0;1;1;0;2;-15,59459995;-53,23974609;SPRF-MT;DEL07-MT;UOP01-DEL07-MT;;;
695317;02/06/2025;segunda-feira;04:50:00;MT;364;140;PEDRA PRETA;Demais falhas mec�nicas ou el�tricas;Inc�ndio;Sem V�timas;Amanhecer;Decrescente;C�u Claro;Simples;Aclive;N�o;2;0;0;0;1;2;0;3;-16,790383;-54,208677;SPRF-MT;DEL02-MT;UOP01-DEL02-MT;;;
695322;01/04/2025;ter�a-feira;10:20:00;PB;230;215;SOLEDADE;Aus�ncia de rea��o do condutor;Colis�o traseira;Sem V�timas;Pleno dia;Crescente;Sol;Simples;Reta;Sim;3;0;0;0;3;0;0;3;-7,058937;-36,36581;SPRF-PB;DEL02-PB;UOP02-DEL02-PB;;;
695324;02/06/2025;segunda-feira;07:00:00;PE;101;55,5;PAULISTA;Rea��o tardia ou ineficiente do condutor;Engavetamento;Com V�timas Feridas;Pleno dia;Crescente;Nublado;Dupla;Reta;N�o;5;0;1;0;3;2;1;6;-7,95149;-34,90902;SPRF-PE;DEL01-PE;UOP02-DEL01-PE;;;
695329;02/06/2025;segunda-feira;09:00:00;PA;316;61;CASTANHAL;Aus�ncia de rea��o do condutor;Engavetamento;Com V�timas Feridas;Pleno dia;Decrescente;C�u Claro;Dupla;Reta;Sim;4;0;0;1;2;2;1;5;-1,296804;-47,930445;SPRF-PA;DEL01-PA;UOP01-DEL01-PA;;;
695330;02/06/2025;segunda-feira;09:30:00;PR;277;720;FOZ DO IGUACU;Rea��o tardia ou ineficiente do condutor;Sa�da de leito carro��vel;Sem V�timas;Pleno dia;Crescente;Chuva;Simples;Reta;N�o;3;0;0;0;2;1;0;3;-25,48375622;-54,49425791;SPRF-PR;DEL05-PR;UOP03-DEL05-PR;;;
695331;01/06/2025;domingo;16:50:00;CE;20;338,9;CARIDADE;Manobra de mudan�a de faixa;Colis�o frontal;Com V�timas Feridas;Pleno dia;Decrescente;C�u Claro;Simples;"Aclive;Reta";N�o;2;0;0;1;1;0;1;2;-4,15241843;-39,11733476;SPRF-CE;DEL02-CE;UOP01-DEL02-CE;;;
695336;08/05/2025;quinta-feira;16:20:00;MT;174;516;COMODORO;Rea��o tardia ou ineficiente do condutor;Sa�da de leito carro��vel;Com V�timas Feridas;Pleno dia;Decrescente;C�u Claro;Simples;Reta;N�o;1;0;1;0;0;0;1;1;-13,38069;-59,85896;SPRF-MT;DEL04-MT;UOP02-DEL04-MT;;;
695341;02/06/2025;segunda-feira;10:20:00;PR;277;204;PALMEIRA;Acessar a via sem observar a presen�a dos outros ve�culos;Colis�o traseira;Com V�timas Feridas;Pleno dia;Decrescente;Nublado;Simples;"Reta;Declive";N�o;4;0;2;0;1;2;2;4;-25,465;-50,244;SPRF-PR;DEL08-PR;UOP02-DEL08-PR;;;
695346;02/06/2025;segunda-feira;11:34:00;RN;304;38;MOSSORO;Aus�ncia de rea��o do condutor;Colis�o traseira;Com V�timas Feridas;Pleno dia;Decrescente;C�u Claro;Dupla;Retorno Regulamentado;Sim;2;0;1;0;1;0;1;2;-5,187387;-37,373103;SPRF-RN;DEL04-RN;UOP02-DEL04-RN;;;
695347;02/06/2025;segunda-feira;10:30:00;AL;101;198,9;SAO SEBASTIAO;Acumulo de �gua sobre o pavimento;Tombamento;Sem V�timas;Pleno dia;Decrescente;Chuva;Dupla;Curva;N�o;1;0;0;0;1;0;0;1;-9,938564;-36,533017;SPRF-AL;DEL02-AL;UOP02-DEL02-AL;;;
695350;02/06/2025;segunda-feira;12:00:00;SP;116;284;EMBU DAS ARTES;Rea��o tardia ou ineficiente do condutor;Colis�o traseira;Com V�timas Feridas;Pleno dia;Decrescente;C�u Claro;Dupla;Reta;Sim;2;0;1;0;0;1;1;2;-23,67827867;-46,85828872;SPRF-SP;DEL04-SP;UOP01-DEL04-SP;;;
695351;02/06/2025;segunda-feira;09:30:00;MA;135;47,2;BACABEIRA;Convers�o proibida;Colis�o transversal;Com V�timas Feridas;Pleno dia;Crescente;C�u Claro;Dupla;Reta;N�o;3;0;1;0;1;1;1;3;-2,937448;-44,331227;SPRF-MA;DEL01-MA;UOP01-DEL01-MA;;;
695355;02/06/2025;segunda-feira;09:25:00;RS;470;154;NOVA PRATA;Entrada inopinada do pedestre;Atropelamento de Pedestre;Com V�timas Fatais;Pleno dia;Crescente;C�u Claro;Simples;Reta;N�o;4;1;0;0;1;2;0;3;-28,768881;-51,621142;SPRF-RS;DEL06-RS;UOP02-DEL06-RS;;;
695366;02/06/2025;segunda-feira;12:40:00;BA;135;202;SAO DESIDERIO;Condutor deixou de manter dist�ncia do ve�culo da frente;Colis�o traseira;Com V�timas Feridas;Pleno dia;Decrescente;Sol;Dupla;"Reta;Declive";N�o;6;0;2;0;3;3;2;5;-12,3387268;-44,9990995;SPRF-BA;DEL10-BA;UOP01-DEL10-BA;;;
695373;02/06/2025;segunda-feira;14:35:00;RS;386;251,5;SOLEDADE;Acessar a via sem observar a presen�a dos outros ve�culos;Colis�o transversal;Com V�timas Feridas;Pleno dia;Decrescente;Nublado;Simples;"Em Obras;Desvio Tempor�rio;Declive";N�o;4;0;1;0;2;1;1;3;-28,83891859;-52,45057851;SPRF-RS;DEL04-RS;UOP03-DEL04-RS;;;
695377;02/06/2025;segunda-feira;14:45:00;RS;158;196,9;CRUZ ALTA;Carga excessiva e/ou mal acondicionada;Derramamento de carga;Com V�timas Feridas;Pleno dia;Decrescente;Nublado;Simples;Interse��o de Vias;N�o;3;0;1;0;1;1;1;3;-28,66806562;-53,59162778;SPRF-RS;DEL10-RS;UOP02-DEL10-RS;;;
695384;02/06/2025;segunda-feira;15:15:00;SC;282;2;FLORIANOPOLIS;Manobra de mudan�a de faixa;Colis�o lateral mesmo sentido;Com V�timas Feridas;Pleno dia;Crescente;C�u Claro;Dupla;Reta;Sim;3;0;1;0;2;0;1;3;-27,602862;-48,593049;SPRF-SC;DEL01-SC;UOP01-DEL01-SC;;;
695385;02/06/2025;segunda-feira;04:30:00;MT;163;1062;GUARANTA DO NORTE;Condutor Dormindo;Colis�o lateral sentido oposto;Com V�timas Feridas;Plena Noite;Crescente;C�u Claro;Simples;Reta;N�o;3;0;1;0;1;3;1;5;-9,9812766;-54,906165;SPRF-MT;DEL06-MT;UOP03-DEL06-MT;;;
695393;02/06/2025;segunda-feira;16:40:00;ES;101;289,8;CARIACICA;Aus�ncia de rea��o do condutor;Colis�o traseira;Com V�timas Feridas;Pleno dia;Crescente;C�u Claro;Dupla;"Reta;Aclive";Sim;2;0;1;0;1;0;1;2;-20,28693761;-40,39235187;SPRF-ES;DEL01-ES;UOP01-DEL01-ES;;;
695394;02/06/2025;segunda-feira;16:30:00;MG;262;448,7;NOVA SERRANA;Aus�ncia de rea��o do condutor;Sa�da de leito carro��vel;Com V�timas Feridas;Pleno dia;Decrescente;Sol;Simples;"Declive;Reta";Sim;1;0;1;0;0;0;1;1;-19,854398;-45,020536;SPRF-MG;DEL08-MG;UOP03-DEL08-MG;;;
695399;02/06/2025;segunda-feira;10:00:00;RS;386;432;NOVA SANTA RITA;Aus�ncia de rea��o do condutor;Colis�o lateral mesmo sentido;Com V�timas Feridas;Pleno dia;Decrescente;C�u Claro;Dupla;Reta;N�o;2;0;1;0;1;0;1;2;-29,83677627;-51,30704999;SPRF-RS;DEL04-RS;UOP02-DEL04-RS;;;
695403;02/06/2025;segunda-feira;15:00:00;PR;153;105;JAPIRA;Acessar a via sem observar a presen�a dos outros ve�culos;Colis�o transversal;Com V�timas Feridas;Pleno dia;Decrescente;C�u Claro;Simples;"Reta;Rotat�ria";N�o;3;0;1;0;2;0;1;2;-23,81381261;-50,17878771;SPRF-PR;DEL07-PR;UOP04-DEL07-PR;;;
695421;02/06/2025;segunda-feira;17:50:00;MG;50;72;UBERLANDIA;Aus�ncia de rea��o do condutor;Engavetamento;Com V�timas Feridas;Anoitecer;Crescente;C�u Claro;Dupla;Reta;Sim;3;0;1;0;2;0;1;3;-18,89394362;-48,24989319;SPRF-MG;DEL15-MG;UOP01-DEL15-MG;;;
695425;02/06/2025;segunda-feira;16:00:00;SC;282;595,7;SAUDADES;Velocidade Incompat�vel;Colis�o com objeto;Com V�timas Feridas;Pleno dia;Crescente;Chuva;Simples;Curva;N�o;4;0;1;0;3;0;1;2;-26,8299307;-53,1234597;SPRF-SC;DEL07-SC;UOP02-DEL07-SC;;;
695433;02/06/2025;segunda-feira;16:30:00;GO;153;583,9;PROFESSOR JAMIL;Aus�ncia de rea��o do condutor;Tombamento;Sem V�timas;Pleno dia;Decrescente;C�u Claro;Dupla;"Reta;Retorno Regulamentado;Aclive";N�o;1;0;0;0;1;0;0;1;-17,404923;-49,223874;SPRF-GO;DEL03-GO;UOP01-DEL03-GO;;;
695434;02/06/2025;segunda-feira;19:00:00;PE;101;80,9;JABOATAO DOS GUARARAPES;Demais falhas mec�nicas ou el�tricas;Inc�ndio;Sem V�timas;Plena Noite;Decrescente;Garoa/Chuvisco;Dupla;Reta;Sim;1;0;0;0;1;0;0;1;-8,15928468;-34,94033217;SPRF-PE;DEL01-PE;UOP01-DEL01-PE;;;
695436;02/06/2025;segunda-feira;20:10:00;RS;386;299,4;POUSO NOVO;Transitar na contram�o;Colis�o frontal;Com V�timas Feridas;Plena Noite;Crescente;Nublado;Simples;Curva;N�o;2;0;2;0;0;0;2;2;-29,1626643;-52,22265244;SPRF-RS;DEL04-RS;UOP01-DEL04-RS;;;
695441;02/06/2025;segunda-feira;18:20:00;PE;232;417;SERRA TALHADA;Ultrapassagem Indevida;Colis�o frontal;Com V�timas Feridas;Plena Noite;Decrescente;C�u Claro;Simples;Reta;N�o;17;0;0;1;15;1;1;5;-8,000338;-38,36791;SPRF-PE;DEL04-PE;UOP01-DEL04-PE;;;
695444;02/06/2025;segunda-feira;10:45:00;AL;101;3,8;NOVO LINO;Curva acentuada;Colis�o com objeto;Com V�timas Feridas;Pleno dia;Crescente;Chuva;Dupla;"Curva;Declive";N�o;5;0;3;0;1;1;3;3;-8,91002;-35,634934;SPRF-AL;DEL01-AL;UOP02-DEL01-AL;;;
695445;02/06/2025;segunda-feira;20:45:00;RS;470;225;GARIBALDI;Acessar a via sem observar a presen�a dos outros ve�culos;Colis�o transversal;Com V�timas Feridas;Plena Noite;Crescente;C�u Claro;Simples;"Reta;Retorno Regulamentado";Sim;4;0;2;0;1;1;2;3;-29,24656952;-51,51594257;SPRF-RS;DEL06-RS;UOP01-DEL06-RS;;;
695446;02/06/2025;segunda-feira;18:35:00;RS;290;47,3;GLORINHA;Rea��o tardia ou ineficiente do condutor;Colis�o traseira;Com V�timas Feridas;Anoitecer;Decrescente;Nublado;M�ltipla;Reta;N�o;2;0;1;0;1;0;1;2;-29,898218;-50,73696;SPRF-RS;DEL03-RS;UOP01-DEL03-RS;;;
695447;02/06/2025;segunda-feira;16:30:00;PR;277;307;PRUDENTOPOLIS;Problema com o freio;Colis�o com objeto;Com V�timas Feridas;Pleno dia;Decrescente;C�u Claro;Simples;Reta;N�o;3;0;0;1;1;1;1;3;-25,318;-51,195;SPRF-PR;DEL08-PR;UOP01-DEL08-PR;;;
695454;02/06/2025;segunda-feira;21:05:00;PR;376;391;IMBAU;Velocidade Incompat�vel;Sa�da de leito carro��vel;Com V�timas Feridas;Plena Noite;Decrescente;C�u Claro;Dupla;"Declive;Curva";N�o;2;0;0;1;0;1;1;2;-24,483815;-50,733856;SPRF-PR;DEL03-PR;UOP02-DEL03-PR;;;
695456;02/06/2025;segunda-feira;18:30:00;RJ;493;67;NOVA IGUACU;Entrada inopinada do pedestre;Atropelamento de Pedestre;Sem V�timas;Plena Noite;Crescente;C�u Claro;Dupla;Reta;Sim;2;0;0;0;2;0;0;2;-22,682728;-43,45058;SPRF-RJ;DEL01-RJ;UOP03-DEL01-RJ;;;
695457;02/06/2025;segunda-feira;21:30:00;ES;101;167,5;LINHARES;Condutor deixou de manter dist�ncia do ve�culo da frente;Colis�o traseira;Com V�timas Feridas;Plena Noite;Decrescente;Chuva;Simples;"Reta;Interse��o de Vias";Sim;2;0;1;0;1;0;1;2;-19,52374731;-40,14863952;SPRF-ES;DEL04-ES;UOP01-DEL04-ES;;;
695463;02/06/2025;segunda-feira;21:00:00;RS;392;49;RIO GRANDE;Demais falhas mec�nicas ou el�tricas;Inc�ndio;Sem V�timas;Plena Noite;Decrescente;Nevoeiro/Neblina;Dupla;Reta;N�o;2;0;0;0;1;2;0;3;-31,88336012;-52,32071836;SPRF-RS;DEL07-RS;UOP02-DEL07-RS;;;
695465;02/06/2025;segunda-feira;20:25:00;MS;158;35,5;PARANAIBA;Ingest�o de �lcool pelo condutor;Colis�o lateral sentido oposto;Sem V�timas;Plena Noite;Crescente;C�u Claro;Simples;Reta;N�o;3;0;0;0;2;1;0;2;-19,2736885;-51,49021894;SPRF-MS;DEL08-MS;UOP01-DEL08-MS;;;
695467;02/06/2025;segunda-feira;20:05:00;MS;163;199,9;CAARAPO;Rea��o tardia ou ineficiente do condutor;Colis�o transversal;Com V�timas Feridas;Plena Noite;Decrescente;Garoa/Chuvisco;Dupla;Curva;N�o;3;0;1;0;1;2;1;4;-22,68751822;-54,7908783;SPRF-MS;DEL04-MS;UOP02-DEL04-MS;;;
695469;02/06/2025;segunda-feira;22:30:00;AL;101;71,6;MESSIAS;Rea��o tardia ou ineficiente do condutor;Colis�o traseira;Com V�timas Feridas;Plena Noite;Crescente;Chuva;Dupla;Curva;N�o;3;0;1;0;1;1;1;3;-9,375446;-35,827071;SPRF-AL;DEL01-AL;UOP01-DEL01-AL;;;
695470;02/06/2025;segunda-feira;23:00:00;SC;101;145;ITAPEMA;Condutor deixou de manter dist�ncia do ve�culo da frente;Colis�o traseira;Com V�timas Feridas;Plena Noite;Decrescente;Nublado;Dupla;Reta;N�o;2;0;1;0;1;0;1;2;-27,08565008;-48,60742662;SPRF-SC;DEL04-SC;UOP03-DEL04-SC;;;
695473;02/06/2025;segunda-feira;21:45:00;SC;282;6;SAO JOSE;Aus�ncia de rea��o do condutor;Colis�o com objeto;Sem V�timas;Plena Noite;Crescente;C�u Claro;Dupla;"Curva;Viaduto";Sim;1;0;0;0;0;1;0;1;-27,586087;-48,617323;SPRF-SC;DEL01-SC;UOP01-DEL01-SC;;;
695479;02/06/2025;segunda-feira;23:30:00;SC;280;221;TRES BARRAS;Rea��o tardia ou ineficiente do condutor;Colis�o traseira;Com V�timas Feridas;Plena Noite;Crescente;Nublado;Simples;"Reta;Declive";N�o;3;0;1;0;1;1;1;3;-26,17221741;-50,26960608;SPRF-SC;DEL06-SC;UOP04-DEL06-SC;;;
695480;02/06/2025;segunda-feira;22:30:00;RJ;101;286;ITABORAI;Condutor deixou de manter dist�ncia do ve�culo da frente;Colis�o traseira;Com V�timas Feridas;Plena Noite;Decrescente;C�u Claro;Dupla;"Reta;Aclive";Sim;4;0;1;0;2;1;1;2;-22,753768;-42,823071;SPRF-RJ;DEL02-RJ;UOP02-DEL02-RJ;;;
695485;03/06/2025;ter�a-feira;01:40:00;PR;376;512;PONTA GROSSA;Demais falhas mec�nicas ou el�tricas;Inc�ndio;Sem V�timas;Plena Noite;Decrescente;Chuva;Dupla;Reta;N�o;2;0;0;0;1;1;0;2;-25,228673;-50,04616;SPRF-PR;DEL03-PR;UOP04-DEL03-PR;;;
695486;03/06/2025;ter�a-feira;01:00:00;GO;60;309;ACREUNA;Rea��o tardia ou ineficiente do condutor;Eventos at�picos;Com V�timas Feridas;Plena Noite;Crescente;C�u Claro;Dupla;Curva;N�o;2;0;1;0;0;2;1;3;-17,418618;-50,42128;SPRF-GO;DEL04-GO;UOP02-DEL04-GO;;;