id;data_inversa;dia_semana;horario;uf;br;km;municipio;causa_acidente;tipo_acidente;classificacao_acidente;fase_dia;sentido_via;condicao_metereologica;tipo_pista;tracado_via;uso_solo;pessoas;mortos;feridos_leves;feridos_graves;ilesos;ignorados;feridos;veiculos;latitude;longitude;regional;delegacia;uop;;;
695487;03/06/2025;ter�a-feira;02:45:00;AL;101;149,6;JEQUIA DA PRAIA;Condutor Dormindo;Sa�da de leito carro��vel;Com V�timas Fatais;Plena Noite;Decrescente;C�u Claro;Dupla;"Curva;Declive";N�o;3;2;0;0;0;1;0;2;-9,89423;-36,137807;SPRF-AL;DEL02-AL;UOP02-DEL02-AL;;;
695488;03/06/2025;ter�a-feira;02:35:00;BA;116;835;VITORIA DA CONQUISTA;Entrada inopinada do pedestre;Atropelamento de Pedestre;Com V�timas Fatais;Plena Noite;Decrescente;Nublado;Simples;Reta;N�o;2;1;0;0;1;0;0;2;-14,949781;-40,899108;SPRF-BA;DEL08-BA;UOP01-DEL08-BA;;;
695489;03/06/2025;ter�a-feira;03:07:00;PE;232;58;POMBOS;Aus�ncia de rea��o do condutor;Colis�o traseira;Com V�timas Feridas;Plena Noite;Decrescente;Chuva;Dupla;Declive;Sim;2;0;1;0;0;1;1;2;-8,147084;-35,396736;SPRF-PE;DEL02-PE;UOP02-DEL02PE;;;
695492;03/06/2025;ter�a-feira;04:40:00;RJ;101;110;CAMPOS DOS GOYTACAZES;Condutor Dormindo;Tombamento;Com V�timas Feridas;Pleno dia;Crescente;C�u Claro;Dupla;Reta;N�o;1;0;1;0;0;0;1;1;-21,87145389;-41,54438782;SPRF-RJ;DEL08-RJ;UOP02-DEL08-RJ;;;
695494;03/06/2025;ter�a-feira;02:25:00;SC;470;249,3;CURITIBANOS;Ultrapassagem Indevida;Colis�o frontal;Com V�timas Fatais;Plena Noite;Crescente;Chuva;Simples;Curva;Sim;3;1;0;1;1;0;1;2;-27,311674;-50,579245;SPRF-SC;DEL05-SC;UOP03-DEL05-SC;;;
695496;03/06/2025;ter�a-feira;06:10:00;MG;40;523;CONTAGEM;Condutor usando celular;Colis�o traseira;Com V�timas Feridas;Pleno dia;Crescente;C�u Claro;Dupla;Reta;Sim;5;0;2;0;2;1;2;3;-19,87298822;-44,05543954;SPRF-MG;DEL01-MG;UOP02-DEL01-MG;;;
695497;03/06/2025;ter�a-feira;05:54:00;TO;153;645,7;DUERE;Condutor Dormindo;Sa�da de leito carro��vel;Com V�timas Feridas;Plena Noite;Crescente;C�u Claro;Simples;Reta;N�o;2;0;1;0;0;2;1;3;-11,57958347;-49,03261186;SPRF-TO;DEL01-TO;UOP02-DEL01-TO;;;
695499;03/06/2025;ter�a-feira;06:26:00;PE;101;83;JABOATAO DOS GUARARAPES;Rea��o tardia ou ineficiente do condutor;Colis�o lateral mesmo sentido;Sem V�timas;Pleno dia;Crescente;C�u Claro;Dupla;Reta;N�o;3;0;0;0;3;0;0;3;-8,17785;-34,94688;SPRF-PE;DEL01-PE;UOP01-DEL01-PE;;;
695508;03/06/2025;ter�a-feira;02:50:00;PI;343;105;COCAL;Condutor Dormindo;Sa�da de leito carro��vel;Com V�timas Feridas;Plena Noite;Crescente;C�u Claro;Simples;Reta;N�o;1;0;0;1;0;0;1;1;-3,60860195;-41,69171334;SPRF-PI;DEL05-PI;UOP01-DEL05-PI;;;
695510;03/06/2025;ter�a-feira;06:40:00;PE;232;88,8;GRAVATA;Aus�ncia de sinaliza��o;Colis�o traseira;Com V�timas Feridas;Pleno dia;Crescente;C�u Claro;Dupla;Reta;N�o;3;0;1;1;1;0;2;2;-8,1861906;-35,4991304;SPRF-PE;DEL02-PE;UOP02-DEL02PE;;;
695513;03/06/2025;ter�a-feira;08:00:00;ES;101;268,1;SERRA;Entrada inopinada do pedestre;Atropelamento de Pedestre;Com V�timas Feridas;Pleno dia;Crescente;Nublado;M�ltipla;Reta;Sim;3;0;2;0;1;0;2;3;-20,210093;-40,269801;SPRF-ES;DEL02-ES;UOP01-DEL02-ES;;;
695515;03/06/2025;ter�a-feira;07:30:00;PE;428;169;PETROLINA;Rea��o tardia ou ineficiente do condutor;Colis�o traseira;Com V�timas Feridas;Pleno dia;Decrescente;C�u Claro;Simples;Reta;N�o;2;0;0;1;0;1;1;2;-9,218725;-40,40656;SPRF-PE;DEL06-PE;UOP01-DEL06-PE;;;
695522;03/06/2025;ter�a-feira;08:50:00;PR;369;152;LONDRINA;Manobra de mudan�a de faixa;Colis�o lateral mesmo sentido;Com V�timas Feridas;Pleno dia;Decrescente;C�u Claro;Dupla;Reta;Sim;5;0;3;0;1;1;3;3;-23,2927981;-51,1849879;SPRF-PR;DEL07-PR;UOP01-DEL07-PR;;;
695527;03/06/2025;ter�a-feira;10:00:00;PR;116;53;CAMPINA GRANDE DO SUL;Acumulo de �leo sobre o pavimento;Colis�o traseira;Com V�timas Feridas;Pleno dia;Decrescente;Garoa/Chuvisco;Dupla;Reta;N�o;6;0;3;0;2;2;3;4;-25,28171971;-48,92708588;SPRF-PR;DEL01-PR;UOP02-DEL01-PR;;;
695529;03/06/2025;ter�a-feira;08:40:00;MG;153;230,6;FRONTEIRA;Aus�ncia de rea��o do condutor;Sa�da de leito carro��vel;Com V�timas Fatais;Pleno dia;Decrescente;C�u Claro;Simples;Reta;N�o;1;1;0;0;0;0;0;1;-20,191456;-49,108714;SPRF-MG;DEL13-MG;UOP02-DEL13-MG;;;
695535;03/06/2025;ter�a-feira;07:50:00;RS;116;439;CRISTAL;Condutor Dormindo;Sa�da de leito carro��vel;Com V�timas Feridas;Pleno dia;Decrescente;Nublado;Dupla;Reta;N�o;3;0;1;0;1;2;1;3;-31,10468529;-52,03090668;SPRF-RS;DEL02-RS;UOP02-DEL02-RS;;;
695537;03/06/2025;ter�a-feira;09:20:00;MS;163;420;CAMPO GRANDE;Aus�ncia de rea��o do condutor;Colis�o transversal;Com V�timas Feridas;Pleno dia;Crescente;C�u Claro;Simples;"Rotat�ria;Retorno Regulamentado";Sim;3;0;1;0;1;2;1;4;-20,9876569;-54,5056553;SPRF-MS;DEL01-MS;UOP01-DEL01-MS;;;
695540;10/04/2025;quinta-feira;12:48:00;RS;285;580;SAO LUIZ GONZAGA;Aus�ncia de rea��o do condutor;Sa�da de leito carro��vel;Com V�timas Feridas;Pleno dia;Crescente;C�u Claro;Simples;Reta;N�o;2;0;1;0;0;1;1;2;-28,41659783;-55,01309395;SPRF-RS;DEL12-RS;UOP01-DEL12-RS;;;
695544;03/06/2025;ter�a-feira;09:50:00;DF;60;30;BRASILIA;Rea��o tardia ou ineficiente do condutor;Colis�o traseira;Sem V�timas;Pleno dia;Decrescente;C�u Claro;Dupla;Reta;Sim;2;0;0;0;1;1;0;2;-16,045729;-48,256943;SPRF-DF;DEL03-DF;UOP01-DEL03-DF;;;
695548;03/06/2025;ter�a-feira;11:22:00;RN;110;46,2;MOSSORO;Transitar no Acostamento;Colis�o lateral mesmo sentido;Com V�timas Feridas;Pleno dia;Decrescente;C�u Claro;Simples;Reta;Sim;3;0;1;0;2;0;1;2;-5,3028167;-37,2810982;SPRF-RN;DEL04-RN;UOP01-DEL04-RN;;;
695550;03/06/2025;ter�a-feira;10:40:00;MG;381;872,4;ESTIVA;Velocidade Incompat�vel;Sa�da de leito carro��vel;Com V�timas Feridas;Pleno dia;Crescente;Chuva;Dupla;"Declive;Reta";N�o;3;0;2;0;0;1;2;2;-22,4107498;-45,9617605;SPRF-MG;DEL16-MG;UOP01-DEL16-MG;;;
695551;03/06/2025;ter�a-feira;09:35:00;RO;364;16;VILHENA;Aus�ncia de rea��o do condutor;Engavetamento;Com V�timas Feridas;Pleno dia;Decrescente;C�u Claro;Simples;Reta;N�o;9;0;3;0;5;6;3;10;-12,73321157;-60,16166604;SPRF-RO;DEL04-RO;UOP01-DEL04-RO;;;
695552;03/06/2025;ter�a-feira;12:34:00;SC;101;355,9;SANGAO;Ultrapassagem Indevida;Colis�o lateral mesmo sentido;Com V�timas Feridas;Pleno dia;Crescente;C�u Claro;Dupla;Reta;N�o;2;0;0;1;1;0;1;2;-28,63445;-49,094032;SPRF-SC;DEL02-SC;UOP01-DEL02-SC;;;
695553;03/06/2025;ter�a-feira;11:50:00;ES;101;285;CARIACICA;Demais falhas mec�nicas ou el�tricas;Inc�ndio;Sem V�timas;Pleno dia;Crescente;Sol;Dupla;"Reta;Declive";N�o;1;0;0;0;1;0;0;1;-20,25414499;-40,37475586;SPRF-ES;DEL01-ES;UOP01-DEL01-ES;;;
695555;03/06/2025;ter�a-feira;12:30:00;SP;381;70;MAIRIPORA;Rea��o tardia ou ineficiente do condutor;Colis�o lateral mesmo sentido;Sem V�timas;Pleno dia;Crescente;C�u Claro;Dupla;Curva;N�o;3;0;0;0;2;1;0;3;-23,349124;-46,56098;SPRF-SP;DEL03-SP;UOP01-DEL03-SP;;;
695558;03/06/2025;ter�a-feira;06:00:00;PR;376;379,4;IMBAU;Objeto est�tico sobre o leito carro��vel;Tombamento;Com V�timas Feridas;Plena Noite;Crescente;Nublado;Simples;"Aclive;Reta";N�o;3;0;0;1;1;1;1;3;-24,3980116;-50,7836856;SPRF-PR;DEL03-PR;UOP02-DEL03-PR;;;
695559;03/06/2025;ter�a-feira;13:00:00;TO;153;637;ALIANCA DO TOCANTINS;Condutor Dormindo;Sa�da de leito carro��vel;Com V�timas Feridas;Pleno dia;Crescente;C�u Claro;Dupla;Reta;N�o;2;0;1;0;0;1;1;2;-11,33194608;-48,94683838;SPRF-TO;DEL01-TO;UOP02-DEL01-TO;;;
695567;03/06/2025;ter�a-feira;14:00:00;MG;40;820;SIMAO PEREIRA;Mal s�bito do condutor;Colis�o traseira;Com V�timas Feridas;Pleno dia;Decrescente;Nublado;Dupla;"Reta;Aclive";N�o;3;0;1;0;1;1;1;3;-21,9555776;-43,299147;SPRF-MG;DEL05-MG;UOP01-DEL05-MG;;;
695572;03/06/2025;ter�a-feira;14:10:00;MG;381;936,9;EXTREMA;Rea��o tardia ou ineficiente do condutor;Colis�o com objeto;Com V�timas Feridas;Pleno dia;Crescente;C�u Claro;Dupla;Reta;N�o;3;0;0;1;1;1;1;3;-22,80835768;-46,27762949;SPRF-MG;DEL16-MG;UOP03-DEL16-MG;;;
695573;03/06/2025;ter�a-feira;09:20:00;MG;381;249,5;SANTANA DO PARAISO;Acessar a via sem observar a presen�a dos outros ve�culos;Sa�da de leito carro��vel;Com V�timas Feridas;Pleno dia;Crescente;C�u Claro;Simples;"Reta;Declive";N�o;2;0;1;0;1;0;1;2;-19,4471743;-42,51462731;SPRF-MG;DEL06-MG;UOP01-DEL06-MG;;;
695574;03/06/2025;ter�a-feira;13:30:00;MA;10;252;IMPERATRIZ;Acessar a via sem observar a presen�a dos outros ve�culos;Colis�o transversal;Com V�timas Feridas;Pleno dia;Decrescente;C�u Claro;Simples;Reta;Sim;2;0;0;1;1;0;1;2;-5,535635;-47,469472;SPRF-MA;DEL04-MA;UOP01-DEL04-MA;;;
695575;03/06/2025;ter�a-feira;11:42:00;MT;364;271,8;JACIARA;Acessar a via sem observar a presen�a dos outros ve�culos;Colis�o traseira;Com V�timas Feridas;Pleno dia;Crescente;C�u Claro;Dupla;Retorno Regulamentado;Sim;4;0;1;0;2;1;1;3;-15,96601;-54,961962;SPRF-MT;DEL05-MT;UOP02-DEL05-MT;;;
695577;03/06/2025;ter�a-feira;15:00:00;SC;280;23;ARAQUARI;Aus�ncia de rea��o do condutor;Colis�o traseira;Com V�timas Feridas;Pleno dia;Crescente;C�u Claro;Simples;Reta;N�o;3;0;1;0;1;1;1;3;-26,37162613;-48,70581977;SPRF-SC;DEL03-SC;UOP03-DEL03-SC;;;
695578;03/06/2025;ter�a-feira;14:20:00;MG;50;122;UBERABA;Rea��o tardia ou ineficiente do condutor;Sa�da de leito carro��vel;Com V�timas Feridas;Pleno dia;Decrescente;C�u Claro;Dupla;Reta;N�o;1;0;1;0;0;0;1;1;-19,29412;-48,11618;SPRF-MG;DEL13-MG;UOP01-DEL13-MG;;;
695580;03/06/2025;ter�a-feira;14:15:00;GO;20;125;FLORES DE GOIAS;Ultrapassagem Indevida;Colis�o frontal;Com V�timas Fatais;Pleno dia;Decrescente;C�u Claro;Simples;Reta;N�o;5;3;0;0;1;2;0;4;-14,86094;-46,8009;SPRF-DF;DEL02-DF;UOP03-DEL02-DF;;;
695581;03/06/2025;ter�a-feira;11:30:00;PR;369;174;ROLANDIA;Ultrapassagem Indevida;Colis�o lateral mesmo sentido;Com V�timas Feridas;Pleno dia;Crescente;C�u Claro;Simples;Interse��o de Vias;Sim;3;0;1;0;1;1;1;3;-23,31621242;-51,37676803;SPRF-PR;DEL07-PR;UOP01-DEL07-PR;;;
695582;03/06/2025;ter�a-feira;14:00:00;AL;101;115;PILAR;Acesso irregular;Colis�o traseira;Com V�timas Feridas;Pleno dia;Decrescente;C�u Claro;Simples;"Declive;Reta";N�o;3;0;1;0;1;2;1;4;-9,643499;-36,023948;SPRF-AL;DEL02-AL;UOP01-DEL02-AL;;;
695587;03/06/2025;ter�a-feira;13:00:00;PB;104;62;BARRA DE SANTA ROSA;Demais falhas mec�nicas ou el�tricas;Inc�ndio;Sem V�timas;Pleno dia;Crescente;Nublado;Simples;Reta;N�o;1;0;0;0;1;0;0;1;-6,8202634;-35,9474382;SPRF-PB;DEL02-PB;UOP04-DEL02-PB;;;
695588;30/05/2025;sexta-feira;22:30:00;RO;364;740;PORTO VELHO;Ingest�o de �lcool pelo condutor;Tombamento;Sem V�timas;Plena Noite;Decrescente;C�u Claro;Simples;Reta;N�o;2;0;0;0;1;2;0;3;-8,99733057;-64,00514603;SPRF-RO;DEL01-RO;UOP02-DEL01-RO;;;
695596;09/03/2025;domingo;19:10:00;PA;163;165;ALTAMIRA;Ultrapassagem Indevida;Colis�o frontal;Com V�timas Fatais;Plena Noite;Crescente;Ignorado;Simples;Reta;N�o;6;4;0;0;1;3;0;5;-8,28555424;-55,10639315;SPRF-PA;DEL05-PA;UOP03-DEL05-PA;;;
695605;14/04/2025;segunda-feira;20:43:00;PA;163;178,3;ALTAMIRA;Aus�ncia de rea��o do condutor;Sa�da de leito carro��vel;Sem V�timas;Plena Noite;Decrescente;C�u Claro;Simples;Curva;N�o;2;0;0;0;0;3;0;3;-8,1409;-55,1345;SPRF-PA;DEL05-PA;UOP03-DEL05-PA;;;
695606;03/06/2025;ter�a-feira;17:10:00;ES;259;54;COLATINA;Aus�ncia de rea��o do condutor;Colis�o traseira;Com V�timas Feridas;Anoitecer;Crescente;C�u Claro;Simples;Reta;N�o;3;0;1;0;1;1;1;3;-19,4994086;-40,631988;SPRF-ES;DEL02-ES;UOP01-DEL02-ES;;;
695607;03/06/2025;ter�a-feira;16:10:00;PR;376;531,8;PALMEIRA;Aus�ncia de rea��o do condutor;Colis�o traseira;Com V�timas Feridas;Pleno dia;Decrescente;C�u Claro;Dupla;"Declive;Curva";N�o;4;0;0;1;1;3;1;5;-25,30905456;-49,88599174;SPRF-PR;DEL03-PR;UOP03-DEL03-PR;;;
695608;03/06/2025;ter�a-feira;17:00:00;MG;40;532;BELO HORIZONTE;Condutor deixou de manter dist�ncia do ve�culo da frente;Colis�o lateral mesmo sentido;Sem V�timas;Pleno dia;Decrescente;Chuva;Dupla;"Reta;Aclive";Sim;6;0;0;0;5;1;0;6;-19,923895;-44,016633;SPRF-MG;DEL01-MG;UOP02-DEL01-MG;;;
695609;03/06/2025;ter�a-feira;14:00:00;MA;135;117;MIRANDA DO NORTE;Acessar a via sem observar a presen�a dos outros ve�culos;Colis�o transversal;Com V�timas Fatais;Pleno dia;Crescente;Sol;Simples;Reta;N�o;2;1;0;0;1;0;0;2;-3,496759;-44,543626;SPRF-MA;DEL01-MA;UOP02-DEL01-MA;;;
695617;03/06/2025;ter�a-feira;17:00:00;SC;470;121,7;IBIRAMA;Ultrapassagem Indevida;Colis�o lateral mesmo sentido;Com V�timas Feridas;Pleno dia;Crescente;Nublado;Simples;Declive;Sim;3;0;1;0;1;1;1;3;-27,0996;-49,52807;SPRF-SC;DEL04-SC;UOP02-DEL04-SC;;;
695620;03/06/2025;ter�a-feira;17:00:00;PR;487;159,5;ARARUNA;Velocidade Incompat�vel;Colis�o traseira;Com V�timas Feridas;Pleno dia;Decrescente;Nublado;Simples;Reta;Sim;5;0;0;2;1;2;2;4;-23,9703959;-52,56273357;SPRF-PR;DEL09-PR;UOP03-DEL09-PR;;;
695627;03/06/2025;ter�a-feira;17:35:00;PR;376;10,9;MARINGA;Velocidade Incompat�vel;Colis�o traseira;Com V�timas Feridas;Anoitecer;Decrescente;C�u Claro;Dupla;"Reta;Aclive";N�o;2;0;2;0;0;0;2;2;-23,3858;-51,90117;SPRF-PR;DEL09-PR;UOP01-DEL09-PR;;;
695636;03/06/2025;ter�a-feira;17:10:00;SC;101;330,8;TUBARAO;Manobra de mudan�a de faixa;Colis�o transversal;Com V�timas Feridas;Pleno dia;Decrescente;C�u Claro;M�ltipla;Reta;N�o;4;0;1;0;2;1;1;3;-28,455616;-48,980936;SPRF-SC;DEL02-SC;UOP01-DEL02-SC;;;
695642;03/06/2025;ter�a-feira;18:34:00;SC;470;33,5;GASPAR;Pedestre cruzava a pista fora da faixa;Atropelamento de Pedestre;Com V�timas Fatais;Plena Noite;Crescente;C�u Claro;Dupla;Reta;N�o;3;1;0;0;1;1;0;3;-26,90848003;-48,94546358;SPRF-SC;DEL04-SC;UOP01-DEL04-SC;;;
695644;03/06/2025;ter�a-feira;19:00:00;GO;60;112;GOIANAPOLIS;Estacionar ou parar em local proibido;Colis�o traseira;Com V�timas Feridas;Plena Noite;Decrescente;Ignorado;Dupla;Curva;N�o;2;0;0;1;1;0;1;2;-16,5757075;-49,1608142;SPRF-GO;DEL01-GO;UOP01-DEL01-GO;;;
695649;03/06/2025;ter�a-feira;18:25:00;RJ;101;331;RIO DE JANEIRO;Trafegar com motocicleta (ou similar) entre as faixas;Colis�o lateral mesmo sentido;Com V�timas Feridas;Anoitecer;Decrescente;C�u Claro;Dupla;"Ponte;Curva";N�o;4;0;1;0;3;0;1;3;-22,87188999;-43,20357442;SPRF-RJ;DEL02-RJ;UOP01-DEL02-RJ;;;
695651;03/06/2025;ter�a-feira;19:30:00;MG;381;2;BETIM;Velocidade Incompat�vel;Colis�o com objeto;Com V�timas Feridas;Plena Noite;Crescente;C�u Claro;M�ltipla;Curva;Sim;2;0;0;1;0;1;1;2;-19,9805959;-44,162264;SPRF-MG;DEL01-MG;UOP03-DEL01-MG;;;
695658;03/06/2025;ter�a-feira;20:36:00;RS;293;13;CAPAO DO LEAO;Transitar na contram�o;Colis�o frontal;Com V�timas Feridas;Plena Noite;Decrescente;Nevoeiro/Neblina;Simples;"Reta;Interse��o de Vias";Sim;2;0;0;1;1;0;1;2;-31,75354858;-52,45552957;SPRF-RS;DEL07-RS;UOP01-DEL07-RS;;;
695659;03/06/2025;ter�a-feira;19:00:00;MG;262;448,1;NOVA SERRANA;Demais falhas mec�nicas ou el�tricas;Sa�da de leito carro��vel;Sem V�timas;Plena Noite;Decrescente;C�u Claro;Simples;Reta;N�o;2;0;0;0;1;1;0;2;-19,8668688;-44,9922766;SPRF-MG;DEL08-MG;UOP03-DEL08-MG;;;
695666;03/06/2025;ter�a-feira;08:00:00;BA;116;575;NOVA ITARANA;Acessar a via sem observar a presen�a dos outros ve�culos;Colis�o transversal;Com V�timas Feridas;Pleno dia;Decrescente;C�u Claro;Simples;Reta;N�o;3;0;1;0;1;1;1;3;-13,08813114;-39,96259689;SPRF-BA;DEL03-BA;UOP02-DEL03-BA;;;
695668;26/05/2025;segunda-feira;00:00:00;GO;153;588;PROFESSOR JAMIL;Falta de elemento de conten��o que evite a sa�da do leito carro��vel;Sa�da de leito carro��vel;Com V�timas Fatais;Plena Noite;Crescente;C�u Claro;Dupla;"Reta;Ponte";N�o;1;1;0;0;0;0;0;1;-17,44589684;-49,23010469;SPRF-GO;DEL03-GO;UOP01-DEL03-GO;;;
695669;03/06/2025;ter�a-feira;21:20:00;RJ;101;192;CASIMIRO DE ABREU;Ingest�o de �lcool pelo condutor;Colis�o frontal;Sem V�timas;Plena Noite;Crescente;C�u Claro;Dupla;Curva;N�o;3;0;0;0;2;1;0;3;-22,48123385;-42,14673042;SPRF-RJ;DEL08-RJ;UOP04-DEL08-RJ;;;
695670;03/06/2025;ter�a-feira;17:10:00;MG;153;230,6;FRONTEIRA;Acessar a via sem observar a presen�a dos outros ve�culos;Colis�o transversal;Sem V�timas;Pleno dia;Decrescente;C�u Claro;Simples;Reta;N�o;4;0;0;0;3;1;0;3;-20,22656325;-49,1505146;SPRF-MG;DEL13-MG;UOP02-DEL13-MG;;;
695672;03/06/2025;ter�a-feira;19:05:00;CE;20;259;ITATIRA;Pista esburacada;Colis�o traseira;Com V�timas Feridas;Plena Noite;Decrescente;Nublado;Simples;Reta;N�o;4;0;1;0;2;2;1;4;-4,712952;-39,463287;SPRF-CE;DEL02-CE;UOP01-DEL02-CE;;;
695681;03/06/2025;ter�a-feira;22:30:00;TO;153;696,8;CARIRI DO TOCANTINS;Ultrapassagem Indevida;Colis�o lateral sentido oposto;Com V�timas Feridas;Plena Noite;Crescente;C�u Claro;Simples;Reta;N�o;3;0;1;0;1;1;1;3;-11,92305556;-49,18138889;SPRF-TO;DEL01-TO;UOP02-DEL01-TO;;;
695682;03/06/2025;ter�a-feira;23:00:00;ES;259;103;BAIXO GUANDU;Rea��o tardia ou ineficiente do condutor;Colis�o transversal;Com V�timas Feridas;Plena Noite;Decrescente;C�u Claro;Simples;Reta;N�o;3;0;1;0;1;1;1;3;-19,517013;-41,020092;SPRF-ES;DEL02-ES;UOP01-DEL02-ES;;;
695685;21/01/2025;ter�a-feira;00:10:00;GO;20;154;ALVORADA DO NORTE;Objeto est�tico sobre o leito carro��vel;Colis�o frontal;Com V�timas Fatais;Plena Noite;Crescente;Chuva;Simples;Reta;N�o;10;2;1;2;4;1;3;4;-14,682544;-46,647003;SPRF-DF;DEL02-DF;UOP03-DEL02-DF;;;
695687;03/06/2025;ter�a-feira;21:10:00;PR;369;87,3;CORNELIO PROCOPIO;Aus�ncia de rea��o do condutor;Sa�da de leito carro��vel;Com V�timas Feridas;Plena Noite;Crescente;Garoa/Chuvisco;Simples;Curva;N�o;1;0;1;0;0;0;1;1;-23,179834;-50,624062;SPRF-PR;DEL07-PR;UOP05-DEL07-PR;;;
695688;03/06/2025;ter�a-feira;21:30:00;MG;40;595,5;OURO PRETO;Demais falhas mec�nicas ou el�tricas;Eventos at�picos;Com V�timas Fatais;Plena Noite;Decrescente;Nublado;Simples;Reta;N�o;2;1;0;0;0;1;0;2;-20,41258;-43,89448;SPRF-MG;DEL05-MG;UOP02-DEL05-MG;;;
695691;03/06/2025;ter�a-feira;15:50:00;SC;280;221,2;TRES BARRAS;Rea��o tardia ou ineficiente do condutor;Tombamento;Com V�timas Feridas;Pleno dia;Decrescente;Nublado;Simples;Rotat�ria;N�o;2;0;1;0;0;1;1;2;-26,1727666;-50,2712894;SPRF-SC;DEL06-SC;UOP04-DEL06-SC;;;
695694;04/06/2025;quarta-feira;04:25:00;ES;101;12;PEDRO CANARIO;Acessar a via sem observar a presen�a dos outros ve�culos;Colis�o transversal;Com V�timas Feridas;Amanhecer;Crescente;Nevoeiro/Neblina;Simples;Interse��o de Vias;N�o;3;0;2;0;0;1;2;2;-18,18759687;-39,92194788;SPRF-ES;DEL04-ES;UOP02-DEL04-ES;;;
695695;04/06/2025;quarta-feira;02:30:00;SC;470;198,6;PONTE ALTA;Neblina;Sa�da de leito carro��vel;Com V�timas Feridas;Plena Noite;Decrescente;Garoa/Chuvisco;Simples;Reta;N�o;1;0;1;0;0;0;1;1;-27,309992;-50,125327;SPRF-SC;DEL05-SC;UOP03-DEL05-SC;;;
695701;04/06/2025;quarta-feira;06:50:00;CE;116;17;EUSEBIO;Manobra de mudan�a de faixa;Colis�o transversal;Com V�timas Feridas;Pleno dia;Crescente;C�u Claro;Dupla;Retorno Regulamentado;Sim;2;0;1;0;0;1;1;2;-3,89811757;-38,50387287;SPRF-CE;DEL01-CE;UOP02-DEL01-CE;;;
695702;04/06/2025;quarta-feira;00:25:00;SC;280;1;SAO FRANCISCO DO SUL;Velocidade Incompat�vel;Colis�o frontal;Com V�timas Feridas;Plena Noite;Crescente;Nublado;Simples;Curva;Sim;3;0;0;1;1;1;1;3;-26,23409467;-48,62320153;SPRF-SC;DEL03-SC;UOP03-DEL03-SC;;;
695706;04/06/2025;quarta-feira;05:30:00;MG;381;481,1;CONTAGEM;Aus�ncia de rea��o do condutor;Colis�o traseira;Com V�timas Feridas;Amanhecer;Decrescente;C�u Claro;M�ltipla;"Reta;Declive";Sim;3;0;1;0;1;1;1;3;-19,9589218;-44,0624082;SPRF-MG;DEL01-MG;UOP03-DEL01-MG;;;
695708;27/04/2025;domingo;16:55:00;ES;101;361;GUARAPARI;Rea��o tardia ou ineficiente do condutor;Tombamento;Com V�timas Fatais;Pleno dia;Crescente;Nublado;Simples;"Declive;Curva";N�o;34;2;25;3;2;3;28;6;-20,6580058;-40,6172825;SPRF-ES;DEL03-ES;UOP01-DEL03-ES;;;
695730;04/06/2025;quarta-feira;08:00:00;SC;101;334;TUBARAO;Manobra de mudan�a de faixa;Colis�o lateral mesmo sentido;Com V�timas Feridas;Pleno dia;Crescente;Sol;M�ltipla;Reta;Sim;3;0;0;1;1;1;1;3;-28,4727908;-49,0275886;SPRF-SC;DEL02-SC;UOP01-DEL02-SC;;;
695732;04/06/2025;quarta-feira;07:00:00;MG;381;266,2;ANTONIO DIAS;Condutor Dormindo;Colis�o frontal;Com V�timas Fatais;Pleno dia;Crescente;C�u Claro;Simples;"Interse��o de Vias;Declive;Reta";N�o;4;1;1;1;1;0;2;3;-19,53266835;-42,67238755;SPRF-MG;DEL03-MG;UOP02-DEL03-MG;;;
695733;15/05/2025;quinta-feira;22:00:00;MA;316;614,6;TIMON;Defici�ncia do Sistema de Ilumina��o/Sinaliza��o;Colis�o lateral mesmo sentido;Com V�timas Feridas;Plena Noite;Decrescente;C�u Claro;Simples;Reta;Sim;2;0;1;0;1;0;1;2;-5,081665;-42,841225;SPRF-MA;DEL03-MA;UOP02-DEL03-MA;;;
695738;04/06/2025;quarta-feira;08:10:00;SC;101;291,3;IMBITUBA;Animais na Pista;Atropelamento de Animal;Com V�timas Feridas;Pleno dia;Crescente;Sol;M�ltipla;Reta;Sim;2;0;1;0;1;0;1;2;-28,291232;-48,709579;SPRF-SC;DEL02-SC;UOP03-DEL02-SC;;;
695739;04/06/2025;quarta-feira;01:00:00;BA;324;430;RIACHAO DO JACUIPE;Aus�ncia de rea��o do condutor;Sa�da de leito carro��vel;Com V�timas Feridas;Plena Noite;Crescente;Chuva;Simples;Reta;N�o;1;0;0;1;0;0;1;1;-11,78670269;-39,43267822;SPRF-BA;DEL04-BA;UOP02-DEL04-BA;;;
695744;04/06/2025;quarta-feira;07:50:00;RO;364;514;ARIQUEMES;Acessar a via sem observar a presen�a dos outros ve�culos;Colis�o transversal;Com V�timas Feridas;Pleno dia;Crescente;C�u Claro;Simples;Reta;N�o;3;0;1;0;1;2;1;4;-9,92655721;-63,05491138;SPRF-RO;DEL03-RO;UOP01-DEL03-RO;;;
695747;04/06/2025;quarta-feira;04:35:00;SC;282;166,9;BOCAINA DO SUL;Rea��o tardia ou ineficiente do condutor;Colis�o com objeto;Com V�timas Feridas;Plena Noite;Crescente;Nevoeiro/Neblina;Simples;Curva;N�o;1;0;1;0;0;0;1;1;-27,748544;-49,81518;SPRF-SC;DEL05-SC;UOP01-DEL05-SC;;;