id;data_inversa;dia_semana;horario;uf;br;km;municipio;causa_acidente;tipo_acidente;classificacao_acidente;fase_dia;sentido_via;condicao_metereologica;tipo_pista;tracado_via;uso_solo;pessoas;mortos;feridos_leves;feridos_graves;ilesos;ignorados;feridos;veiculos;latitude;longitude;regional;delegacia;uop;;;
695754;04/06/2025;quarta-feira;09:28:00;MG;40;528,1;CONTAGEM;Condutor deixou de manter dist�ncia do ve�culo da frente;Colis�o traseira;Com V�timas Feridas;Pleno dia;Crescente;C�u Claro;Dupla;"Interse��o de Vias;Aclive;Reta";Sim;4;0;2;0;1;1;2;3;-19,9082916;-44,0505075;SPRF-MG;DEL01-MG;UOP02-DEL01-MG;;;
695755;04/06/2025;quarta-feira;07:53:00;MG;153;30;CANAPOLIS;Manobra de mudan�a de faixa;Colis�o lateral mesmo sentido;Sem V�timas;Amanhecer;Crescente;C�u Claro;Dupla;Reta;N�o;2;0;0;0;2;0;0;2;-18,70167974;-49,14387704;SPRF-MG;DEL15-MG;UOP03-DEL15-MG;;;
695756;04/06/2025;quarta-feira;09:45:00;RS;386;35;FREDERICO WESTPHALEN;Acessar a via sem observar a presen�a dos outros ve�culos;Colis�o transversal;Com V�timas Feridas;Pleno dia;Crescente;C�u Claro;Simples;"Reta;Interse��o de Vias";N�o;3;0;1;0;1;1;1;3;-27,36614063;-53,39603154;SPRF-RS;DEL08-RS;UOP02-DEL08-RS;;;
695757;04/06/2025;quarta-feira;07:30:00;BA;116;604;IRAJUBA;Condutor deixou de manter dist�ncia do ve�culo da frente;Colis�o traseira;Com V�timas Feridas;Pleno dia;Decrescente;C�u Claro;Simples;Ponte;N�o;3;0;0;1;1;2;1;4;-13,27522162;-40,01466393;SPRF-BA;DEL03-BA;UOP02-DEL03-BA;;;
695761;04/06/2025;quarta-feira;09:40:00;MT;70;376;CAMPO VERDE;Rea��o tardia ou ineficiente do condutor;Colis�o frontal;Com V�timas Feridas;Pleno dia;Crescente;C�u Claro;Simples;"Reta;Interse��o de Vias";N�o;3;0;1;0;1;3;1;5;-15,505891;-55,109095;SPRF-MT;DEL05-MT;UOP02-DEL05-MT;;;
695765;04/06/2025;quarta-feira;10:45:00;RJ;493;11;GUAPIMIRIM;Rea��o tardia ou ineficiente do condutor;Colis�o traseira;Com V�timas Feridas;Pleno dia;Decrescente;C�u Claro;Simples;Reta;Sim;5;0;1;0;3;4;1;8;-22,70288009;-42,95534134;SPRF-RJ;DEL04-RJ;UOP02-DEL04-RJ;;;
695767;27/03/2025;quinta-feira;16:55:00;PI;407;586;ACAUA;Transitar na contram�o;Colis�o frontal;Com V�timas Fatais;Pleno dia;Crescente;C�u Claro;Dupla;Curva;N�o;2;1;0;0;1;0;0;2;-8,225093;-41,071402;SPRF-PI;DEL04-PI;UOP01-DEL04-PI;;;
695772;04/06/2025;quarta-feira;11:30:00;RJ;493;105;SEROPEDICA;Rea��o tardia ou ineficiente do condutor;Tombamento;Com V�timas Feridas;Pleno dia;Decrescente;C�u Claro;Dupla;Curva;N�o;1;0;1;0;0;0;1;1;-22,79643932;-43,78601074;SPRF-RJ;DEL01-RJ;UOP03-DEL01-RJ;;;
695779;04/06/2025;quarta-feira;11:30:00;RS;386;388;TRIUNFO;Acostamento em desn�vel;Colis�o traseira;Sem V�timas;Pleno dia;Decrescente;C�u Claro;Simples;Reta;N�o;2;0;0;0;2;0;0;2;-29,701;-51,684;SPRF-RS;DEL04-RS;UOP02-DEL04-RS;;;
695781;04/06/2025;quarta-feira;06:30:00;MG;364;34,8;FRUTAL;Transitar na contram�o;Colis�o lateral sentido oposto;Com V�timas Feridas;Pleno dia;Crescente;C�u Claro;Simples;Reta;N�o;3;0;1;0;1;3;1;5;-19,998509;-48,952686;SPRF-MG;DEL13-MG;UOP02-DEL13-MG;;;
695783;31/05/2025;s�bado;03:00:00;BA;116;556;BREJOES;Condutor Dormindo;Colis�o frontal;Com V�timas Feridas;Plena Noite;Crescente;C�u Claro;Simples;Reta;N�o;3;0;1;0;2;0;1;2;-12,93886771;-39,90807731;SPRF-BA;DEL03-BA;UOP02-DEL03-BA;;;
695786;04/06/2025;quarta-feira;13:00:00;MG;365;459,5;PATROCINIO;Fuma�a;Colis�o traseira;Com V�timas Feridas;Pleno dia;Decrescente;C�u Claro;Simples;Reta;N�o;2;0;0;1;1;0;1;2;-18,86109;-46,88882;SPRF-MG;DEL10-MG;UOP01-DEL10-MG;;;
695789;04/06/2025;quarta-feira;12:30:00;SC;101;108,9;PENHA;Rea��o tardia ou ineficiente do condutor;Colis�o lateral mesmo sentido;Com V�timas Feridas;Pleno dia;Decrescente;C�u Claro;Dupla;Reta;N�o;2;0;1;0;1;0;1;2;-26,82205472;-48,68565953;SPRF-SC;DEL03-SC;UOP02-DEL03-SC;;;
695791;04/06/2025;quarta-feira;13:30:00;PR;376;615;SAO JOSE DOS PINHAIS;Aus�ncia de rea��o do condutor;Colis�o traseira;Com V�timas Feridas;Pleno dia;Crescente;Sol;Dupla;Reta;Sim;2;0;0;1;1;0;1;2;-25,57427473;-49,18008026;SPRF-PR;DEL01-PR;UOP04-DEL01-PR;;;
695795;04/06/2025;quarta-feira;09:41:00;PE;101;104;CABO DE SANTO AGOSTINHO;Aus�ncia de rea��o do condutor;Atropelamento de Pedestre;Com V�timas Feridas;Pleno dia;Decrescente;Chuva;Dupla;Reta;Sim;2;0;0;1;1;0;1;2;-8,297765;-35,064245;SPRF-PE;DEL01-PE;UOP03-DEL01-PE;;;
695798;04/06/2025;quarta-feira;13:10:00;GO;153;304;RIALMA;Aus�ncia de rea��o do condutor;Colis�o traseira;Com V�timas Feridas;Pleno dia;Decrescente;C�u Claro;Simples;"Reta;Aclive";N�o;2;0;1;0;1;0;1;2;-15,33111113;-49,57070444;SPRF-GO;DEL02-GO;UOP02-DEL02-GO;;;
695804;04/06/2025;quarta-feira;13:35:00;PR;369;380,9;MAMBORE;Transitar na contram�o;Colis�o frontal;Com V�timas Fatais;Pleno dia;Crescente;C�u Claro;Simples;Reta;N�o;3;1;0;0;2;0;0;2;-24,3048247;-52,60137667;SPRF-PR;DEL04-PR;UOP03-DEL04-PR;;;
695810;12/05/2025;segunda-feira;12:30:00;RO;364;626;ITAPUA DO OESTE;Condutor deixou de manter dist�ncia do ve�culo da frente;Colis�o lateral mesmo sentido;Sem V�timas;Pleno dia;Decrescente;C�u Claro;Simples;Reta;N�o;6;0;0;0;5;2;0;4;-9,074274;-63,345289;SPRF-RO;DEL01-RO;UOP04-DEL01-RO;;;
695812;04/06/2025;quarta-feira;15:00:00;SE;101;148;ESTANCIA;Rea��o tardia ou ineficiente do condutor;Tombamento;Com V�timas Feridas;Pleno dia;Crescente;C�u Claro;Dupla;"Curva;Retorno Regulamentado;Aclive";Sim;2;0;1;0;0;1;1;2;-11,237824;-37,43015;SPRF-SE;DEL02-SE;UOP01-DEL02-SE;;;
695814;04/06/2025;quarta-feira;08:00:00;RJ;101;296;ITABORAI;Rea��o tardia ou ineficiente do condutor;Colis�o lateral mesmo sentido;Com V�timas Feridas;Pleno dia;Crescente;C�u Claro;Dupla;Curva;N�o;4;0;0;1;3;0;1;3;-22,76757498;-42,91546226;SPRF-RJ;DEL02-RJ;UOP02-DEL02-RJ;;;
695815;23/05/2025;sexta-feira;12:00:00;PR;116;125;FAZENDA RIO GRANDE;Aus�ncia de rea��o do condutor;Colis�o traseira;Com V�timas Feridas;Pleno dia;Decrescente;Sol;Dupla;Reta;Sim;3;0;1;0;2;0;1;3;-25,64497179;-49,31266403;SPRF-PR;DEL01-PR;UOP03-DEL01-PR;;;
695821;04/06/2025;quarta-feira;15:10:00;SP;116;346;MIRACATU;Velocidade Incompat�vel;Colis�o traseira;Sem V�timas;Pleno dia;Decrescente;C�u Claro;Dupla;Aclive;N�o;2;0;0;0;2;0;0;2;-24,04274473;-47,1971283;SPRF-SP;DEL04-SP;UOP03-DEL04-SP;;;
695826;04/06/2025;quarta-feira;14:00:00;MG;40;19;PARACATU;Aus�ncia de rea��o do condutor;Colis�o lateral sentido oposto;Com V�timas Fatais;Pleno dia;Crescente;C�u Claro;Simples;Reta;N�o;5;2;0;0;2;2;0;5;-17,2415035;-46,8237284;SPRF-MG;DEL14-MG;UOP01-DEL14-MG;;;
695827;04/06/2025;quarta-feira;13:00:00;RS;153;395,9;CACHOEIRA DO SUL;Aus�ncia de rea��o do condutor;Sa�da de leito carro��vel;Com V�timas Feridas;Pleno dia;Crescente;Sol;Simples;Reta;N�o;2;0;1;0;0;1;1;2;-29,95351463;-52,946181;SPRF-RS;DEL02-RS;UOP03-DEL02-RS;;;
695831;04/06/2025;quarta-feira;16:55:00;MG;153;10,1;ARAPORA;Demais falhas mec�nicas ou el�tricas;Inc�ndio;Sem V�timas;Pleno dia;Crescente;C�u Claro;Dupla;Reta;N�o;2;0;0;0;1;1;0;2;-18,513865;-49,189173;SPRF-MG;DEL15-MG;UOP03-DEL15-MG;;;
695832;04/06/2025;quarta-feira;17:00:00;RS;386;351,4;ESTRELA;Manobra de mudan�a de faixa;Colis�o lateral mesmo sentido;Sem V�timas;Pleno dia;Decrescente;Nublado;Dupla;"Interse��o de Vias;Desvio Tempor�rio;Em Obras;Reta";Sim;2;0;0;0;2;0;0;2;-29,47756232;-51,95365906;SPRF-RS;DEL04-RS;UOP01-DEL04-RS;;;
695833;04/06/2025;quarta-feira;14:00:00;RO;435;67,4;COLORADO DO OESTE;Ultrapassagem Indevida;Colis�o frontal;Com V�timas Fatais;Pleno dia;Crescente;C�u Claro;Simples;"Declive;Reta";N�o;3;1;0;0;1;5;0;7;-13,09891771;-60,39266846;SPRF-RO;DEL04-RO;UOP02-DEL04-RO;;;
695846;04/06/2025;quarta-feira;15:30:00;BA;116;630,7;JAGUAQUARA;Demais falhas mec�nicas ou el�tricas;Colis�o traseira;Com V�timas Feridas;Pleno dia;Crescente;Sol;Simples;"Reta;Declive";N�o;3;0;0;1;2;0;1;2;-13,50024932;-40,05079865;SPRF-BA;DEL03-BA;UOP01-DEL03-BA;;;
695849;04/06/2025;quarta-feira;17:51:00;BA;415;51;ITABUNA;Condutor deixou de manter dist�ncia do ve�culo da frente;Colis�o traseira;Com V�timas Feridas;Plena Noite;Crescente;C�u Claro;Simples;Reta;N�o;3;0;2;0;1;0;2;2;-14,84381516;-39,33547094;SPRF-BA;DEL05-BA;UOP01-DEL05-BA;;;
695851;04/06/2025;quarta-feira;05:00:00;AL;101;5,9;NOVO LINO;Acumulo de �gua sobre o pavimento;Sa�da de leito carro��vel;Com V�timas Feridas;Amanhecer;Decrescente;Chuva;Dupla;Reta;N�o;3;0;2;0;1;0;2;1;-8,9312169;-35,6425201;SPRF-AL;DEL01-AL;UOP02-DEL01-AL;;;
695860;04/06/2025;quarta-feira;18:20:00;SC;101;194,2;BIGUACU;Rea��o tardia ou ineficiente do condutor;Colis�o lateral mesmo sentido;Sem V�timas;Plena Noite;Decrescente;C�u Claro;M�ltipla;Reta;Sim;2;0;0;0;2;0;0;2;-27,4999954;-48,654819;SPRF-SC;DEL01-SC;UOP01-DEL01-SC;;;
695868;04/06/2025;quarta-feira;18:30:00;SP;116;146;SAO JOSE DOS CAMPOS;Manobra de mudan�a de faixa;Colis�o lateral mesmo sentido;Com V�timas Feridas;Plena Noite;Crescente;Nublado;Dupla;"Reta;Declive";Sim;3;0;1;0;1;1;1;3;-23,18943193;-45,85985414;SPRF-SP;DEL02-SP;UOP01-DEL02-SP;;;
695869;04/06/2025;quarta-feira;19:05:00;MG;40;522,8;CONTAGEM;Acumulo de �leo sobre o pavimento;Eventos at�picos;Com V�timas Feridas;Plena Noite;Decrescente;C�u Claro;Dupla;Reta;N�o;7;0;4;1;1;1;5;4;-19,8672134;-44,0625125;SPRF-MG;DEL01-MG;UOP02-DEL01-MG;;;
695876;04/06/2025;quarta-feira;18:00:00;PR;369;502,4;CASCAVEL;Manobra de mudan�a de faixa;Tombamento;Com V�timas Fatais;Plena Noite;Decrescente;C�u Claro;Simples;Reta;N�o;4;1;0;0;1;3;0;5;-24,9170883;-53,3875978;SPRF-PR;DEL04-PR;UOP01-DEL04-PR;;;
695904;04/06/2025;quarta-feira;20:20:00;PI;316;303;PICOS;Transitar na contram�o;Colis�o lateral sentido oposto;Com V�timas Feridas;Plena Noite;Crescente;C�u Claro;Simples;Reta;N�o;3;0;0;1;1;1;1;3;-7,05799;-41,52422;SPRF-PI;DEL04-PI;UOP01-DEL04-PI;;;
695906;04/06/2025;quarta-feira;21:20:00;PR;116;103;SAO JOSE DOS PINHAIS;Velocidade Incompat�vel;Tombamento;Com V�timas Feridas;Plena Noite;Decrescente;Garoa/Chuvisco;Dupla;Reta;N�o;3;0;1;0;1;4;1;6;-25,5557204;-49,0294857;SPRF-PR;DEL01-PR;UOP07-DEL01-PR;;;
695907;04/06/2025;quarta-feira;22:25:00;SE;101;82,2;LARANJEIRAS;Entrada inopinada do pedestre;Atropelamento de Pedestre;Com V�timas Fatais;Plena Noite;Decrescente;C�u Claro;Dupla;Reta;N�o;2;1;0;0;0;1;0;2;-10,819187;-37,139222;SPRF-SE;DEL01-SE;UOP01-DEL01-SE;;;
695911;04/06/2025;quarta-feira;22:20:00;MG;381;690;LAVRAS;Demais falhas mec�nicas ou el�tricas;Tombamento;Com V�timas Feridas;Plena Noite;Decrescente;Nublado;Dupla;Reta;N�o;1;0;1;0;0;0;1;1;-21,2061475;-45,1222125;SPRF-MG;DEL04-MG;UOP02-DEL04-MG;;;
695914;04/06/2025;quarta-feira;22:00:00;SP;381;38;ATIBAIA;Ultrapassagem Indevida;Colis�o com objeto;Sem V�timas;Plena Noite;Crescente;C�u Claro;Dupla;Reta;N�o;3;0;0;0;3;0;0;3;-23,1300046;-46,576804;SPRF-SP;DEL03-SP;UOP01-DEL03-SP;;;
695916;04/06/2025;quarta-feira;22:00:00;MT;174;7;PONTES E LACERDA;Aus�ncia de rea��o do condutor;Colis�o com objeto;Sem V�timas;Plena Noite;Decrescente;C�u Claro;Simples;Reta;N�o;2;0;0;0;2;0;0;2;-15,21408022;-59,35470879;SPRF-MT;DEL03-MT;UOP01-DEL03-MT;;;
695921;05/06/2025;quinta-feira;00:10:00;GO;70;318;JUSSARA;Estacionar ou parar em local proibido;Colis�o traseira;Com V�timas Fatais;Plena Noite;Crescente;C�u Claro;Dupla;Reta;Sim;4;1;0;0;2;1;0;3;-15,8741982;-50,85820198;SPRF-GO;DEL04-GO;UOP02-DEL04-GO;;;
695923;05/06/2025;quinta-feira;01:15:00;MG;116;528,2;CARATINGA;Acessar a via sem observar a presen�a dos outros ve�culos;Atropelamento de Pedestre;Com V�timas Feridas;Plena Noite;Decrescente;Nublado;Simples;"Desvio Tempor�rio;Em Obras;Declive;Curva";Sim;3;0;1;0;1;1;1;2;-19,79908027;-42,13873744;SPRF-MG;DEL06-MG;UOP02-DEL06-MG;;;
695925;05/06/2025;quinta-feira;03:00:00;GO;153;136,1;MARA ROSA;Condutor deixou de manter dist�ncia do ve�culo da frente;Colis�o traseira;Com V�timas Feridas;Amanhecer;Crescente;C�u Claro;Simples;Aclive;N�o;5;0;0;1;3;1;1;3;-13,973719;-49,090425;SPRF-GO;DEL07-GO;UOP01-DEL07-GO;;;
695927;05/06/2025;quinta-feira;03:40:00;PE;232;249;ARCOVERDE;Rea��o tardia ou ineficiente do condutor;Tombamento;Com V�timas Feridas;Plena Noite;Decrescente;Chuva;Simples;"Aclive;Reta";N�o;4;0;1;0;2;1;1;2;-8,4248287;-37,03662872;SPRF-PE;DEL04-PE;UOP02-DEL04-PE;;;
695939;05/06/2025;quinta-feira;07:00:00;RS;158;175;PEJUCARA;Demais falhas na via;Tombamento;Com V�timas Feridas;Amanhecer;Decrescente;Chuva;Simples;"Reta;Aclive;Em Obras";N�o;2;0;1;0;0;1;1;2;-28,477328;-53,547175;SPRF-RS;DEL10-RS;UOP02-DEL10-RS;;;
695953;05/06/2025;quinta-feira;07:15:00;RS;290;91;PORTO ALEGRE;Condutor deixou de manter dist�ncia do ve�culo da frente;Colis�o traseira;Com V�timas Feridas;Pleno dia;Crescente;Chuva;M�ltipla;Reta;Sim;2;0;1;0;0;1;1;2;-29,9697693;-51,17904807;SPRF-RS;DEL01-RS;UOP01-DEL01-RS;;;
695955;05/06/2025;quinta-feira;07:20:00;BA;324;615;SALVADOR;Condutor Dormindo;Colis�o traseira;Com V�timas Feridas;Pleno dia;Crescente;C�u Claro;Dupla;Reta;Sim;7;0;1;1;4;1;2;3;-12,8828796;-38,4342738;SPRF-BA;DEL01-BA;UOP01-DEL01-BA;;;
695962;05/06/2025;quinta-feira;05:15:00;CE;402;255,3;ITAPIPOCA;Transitar na contram�o;Colis�o frontal;Com V�timas Fatais;Amanhecer;Crescente;C�u Claro;Simples;Reta;N�o;8;4;0;1;3;0;1;2;-3,47425;-39,635154;SPRF-CE;DEL01-CE;UOP03-DEL01-CE;;;
695963;05/06/2025;quinta-feira;06:20:00;RJ;493;8;GUAPIMIRIM;Condutor Dormindo;Colis�o lateral sentido oposto;Com V�timas Feridas;Pleno dia;Decrescente;C�u Claro;Simples;"Reta;Ponte";N�o;7;0;3;1;2;1;4;4;-22,69390601;-42,95700073;SPRF-RJ;DEL04-RJ;UOP02-DEL04-RJ;;;
695965;05/06/2025;quinta-feira;08:10:00;MG;262;450;NOVA SERRANA;Condutor deixou de manter dist�ncia do ve�culo da frente;Engavetamento;Com V�timas Feridas;Pleno dia;Decrescente;C�u Claro;Simples;"Reta;Aclive";N�o;3;0;1;0;1;1;1;3;-19,853641;-45,022134;SPRF-MG;DEL08-MG;UOP03-DEL08-MG;;;
695976;05/06/2025;quinta-feira;08:00:00;BA;116;482;RAFAEL JAMBEIRO;Manobra de mudan�a de faixa;Colis�o lateral mesmo sentido;Sem V�timas;Pleno dia;Decrescente;C�u Claro;Dupla;Reta;N�o;2;0;0;0;2;0;0;2;-12,533053;-39,417047;SPRF-BA;DEL02-BA;UOP01-DEL02-BA;;;
695980;05/06/2025;quinta-feira;08:40:00;ES;101;315,9;VILA VELHA;Ultrapassagem Indevida;Tombamento;Com V�timas Feridas;Pleno dia;Crescente;C�u Claro;Dupla;Retorno Regulamentado;N�o;3;0;1;0;1;1;1;3;-20,47619455;-40,4710242;SPRF-ES;DEL01-ES;UOP01-DEL01-ES;;;
695983;05/06/2025;quinta-feira;08:12:00;PE;232;123,5;CARUARU;Acesso irregular;Sa�da de leito carro��vel;Sem V�timas;Pleno dia;Decrescente;C�u Claro;Dupla;"Retorno Regulamentado;Reta";N�o;2;0;0;0;1;1;0;2;-8,305735;-35,93339;SPRF-PE;DEL02-PE;UOP01-DEL02-PE;;;
695988;30/03/2025;domingo;17:00:00;BA;242;267;BOA VISTA DO TUPIM;Transitar na contram�o;Colis�o frontal;Com V�timas Fatais;Anoitecer;Decrescente;C�u Claro;Simples;"Reta;Declive";N�o;15;9;2;3;0;2;5;4;-12,453237;-40,593145;SPRF-BA;DEL06-BA;UOP02-DEL06-BA;;;
695990;05/06/2025;quinta-feira;09:00:00;MG;381;481;CONTAGEM;Objeto est�tico sobre o leito carro��vel;Colis�o com objeto;Com V�timas Feridas;Pleno dia;Decrescente;C�u Claro;Dupla;"Reta;Aclive";Sim;3;0;1;0;1;1;1;3;-19,95976476;-44,05379243;SPRF-MG;DEL01-MG;UOP03-DEL01-MG;;;
695991;05/06/2025;quinta-feira;10:50:00;SC;282;16,4;PALHOCA;Acessar a via sem observar a presen�a dos outros ve�culos;Colis�o traseira;Com V�timas Feridas;Pleno dia;Decrescente;Chuva;Simples;Reta;Sim;5;0;3;0;2;0;3;2;-27,66177;-48,68456;SPRF-SC;DEL01-SC;UOP02-DEL01-SC;;;
695992;05/06/2025;quinta-feira;10:40:00;PR;376;256,9;CALIFORNIA;Estacionar ou parar em local proibido;Colis�o frontal;Com V�timas Feridas;Pleno dia;Decrescente;Chuva;Simples;Reta;Sim;2;0;1;0;1;0;1;2;-23,661844;-51,367229;SPRF-PR;DEL07-PR;UOP03-DEL07-PR;;;
696000;05/06/2025;quinta-feira;10:45:00;MS;163;478,9;CAMPO GRANDE;Condutor deixou de manter dist�ncia do ve�culo da frente;Engavetamento;Com V�timas Feridas;Pleno dia;Crescente;C�u Claro;Simples;Reta;Sim;7;0;2;0;4;2;2;6;-20,490224;-54,559226;SPRF-MS;DEL01-MS;UOP01-DEL01-MS;;;
696001;05/06/2025;quinta-feira;10:20:00;PR;153;394,2;MALLET;Ultrapassagem Indevida;Colis�o frontal;Com V�timas Feridas;Pleno dia;Crescente;Chuva;Simples;Declive;N�o;8;0;2;0;5;1;2;3;-25,920537;-50,849139;SPRF-PR;DEL08-PR;UOP02-DEL08-PR;;;
696002;21/05/2025;quarta-feira;10:30:00;SP;116;444;REGISTRO;Rea��o tardia ou ineficiente do condutor;Colis�o traseira;Com V�timas Feridas;Pleno dia;Crescente;Nublado;Dupla;Reta;Sim;2;0;1;0;1;0;1;2;-24,48839833;-47,8351593;SPRF-SP;DEL05-SP;UOP01-DEL05-SP;;;
696010;05/06/2025;quinta-feira;10:20:00;PR;376;335,9;ORTIGUEIRA;Acumulo de �gua sobre o pavimento;Colis�o lateral sentido oposto;Com V�timas Feridas;Pleno dia;Crescente;Chuva;Simples;Curva;N�o;4;0;1;0;2;3;1;6;-24,123;-51,018;SPRF-PR;DEL07-PR;UOP02-DEL07-PR;;;
696012;05/06/2025;quinta-feira;12:00:00;MG;40;648,1;CRISTIANO OTONI;Falta de acostamento;Colis�o traseira;Com V�timas Fatais;Pleno dia;Crescente;Sol;Simples;Reta;N�o;4;1;0;1;2;0;1;2;-20,812963;-43,80951;SPRF-MG;DEL05-MG;UOP02-DEL05-MG;;;
696016;05/06/2025;quinta-feira;09:00:00;SC;282;86;RANCHO QUEIMADO;Condutor Dormindo;Sa�da de leito carro��vel;Sem V�timas;Pleno dia;Crescente;Chuva;Simples;Curva;N�o;1;0;0;0;1;0;0;1;-27,69475018;-49,06974792;SPRF-SC;DEL01-SC;UOP03-DEL01-SC;;;
696018;05/06/2025;quinta-feira;12:50:00;MG;262;406,1;PARA DE MINAS;Condutor deixou de manter dist�ncia do ve�culo da frente;Colis�o traseira;Com V�timas Feridas;Pleno dia;Crescente;Sol;Dupla;Reta;N�o;4;0;1;0;2;1;1;3;-19,8921758;-44,65169907;SPRF-MG;DEL01-MG;UOP03-DEL01-MG;;;
696020;05/06/2025;quinta-feira;09:00:00;PR;163;140,5;CAPITAO LEONIDAS MARQUES;Velocidade Incompat�vel;Colis�o lateral sentido oposto;Sem V�timas;Pleno dia;Decrescente;Chuva;Simples;Reta;N�o;6;0;0;0;3;3;0;4;-25,4735;-53,5873;SPRF-PR;DEL05-PR;UOP05-DEL05-PR;;;
696022;05/06/2025;quinta-feira;04:30:00;PI;135;569,6;CORRENTE;Demais falhas mec�nicas ou el�tricas;Inc�ndio;Sem V�timas;Plena Noite;Decrescente;C�u Claro;Simples;Reta;N�o;3;0;0;0;2;2;0;3;-10,255098;-45,179175;SPRF-PI;DEL03-PI;UOP02-DEL03-PI;;;
696029;05/06/2025;quinta-feira;14:25:00;MG;153;53,1;MONTE ALEGRE DE MINAS;Mal s�bito do condutor;Sa�da de leito carro��vel;Com V�timas Feridas;Pleno dia;Crescente;Sol;Dupla;Reta;N�o;1;0;1;0;0;0;1;1;-18,84765991;-49,08959627;SPRF-MG;DEL15-MG;UOP03-DEL15-MG;;;
696031;05/06/2025;quinta-feira;14:30:00;MG;50;65;UBERLANDIA;Velocidade Incompat�vel;Tombamento;Com V�timas Feridas;Pleno dia;Decrescente;C�u Claro;Dupla;Aclive;N�o;2;0;1;0;0;1;1;2;-18,8587034;-48,252542;SPRF-MG;DEL15-MG;UOP02-DEL15-MG;;;
696033;31/05/2025;s�bado;11:20:00;PE;423;130,9;SALOA;Demais falhas mec�nicas ou el�tricas;Sa�da de leito carro��vel;Com V�timas Feridas;Pleno dia;Decrescente;C�u Claro;Simples;"Reta;Declive";N�o;3;0;1;1;0;1;2;2;-8,963833;-36,757232;SPRF-PE;DEL03-PE;UOP01-DEL03-PE;;;
696039;05/06/2025;quinta-feira;15:00:00;CE;116;2,5;FORTALEZA;Aus�ncia de rea��o do condutor;Colis�o traseira;Com V�timas Feridas;Pleno dia;Decrescente;C�u Claro;Dupla;Reta;N�o;2;0;1;0;1;0;1;2;-3,75917334;-38,51939678;SPRF-CE;DEL01-CE;UOP02-DEL01-CE;;;
696040;05/06/2025;quinta-feira;13:40:00;MS;163;18;MUNDO NOVO;Manobra de mudan�a de faixa;Colis�o transversal;Com V�timas Feridas;Pleno dia;Decrescente;Sol;Simples;"Declive;Reta";Sim;2;0;1;0;1;0;1;2;-23,9348134;-54,2814498;SPRF-MS;DEL09-MS;UOP02-DEL09-MS;;;
696045;05/06/2025;quinta-feira;13:30:00;RO;364;667;CANDEIAS DO JAMARI;Demais falhas mec�nicas ou el�tricas;Inc�ndio;Sem V�timas;Pleno dia;Crescente;C�u Claro;Simples;Reta;N�o;1;0;0;0;1;0;0;1;-8,77458093;-63,48692179;SPRF-RO;DEL01-RO;UOP01-DEL01-RO;;;
696046;05/06/2025;quinta-feira;14:45:00;MG;40;581;OURO PRETO;Condutor Dormindo;Colis�o frontal;Com V�timas Feridas;Pleno dia;Crescente;C�u Claro;Simples;Reta;N�o;6;0;0;2;2;2;2;4;-20,20840394;-43,51110257;SPRF-MG;DEL01-MG;UOP02-DEL01-MG;;;
696056;05/06/2025;quinta-feira;16:10:00;DF;20;12;BRASILIA;Aus�ncia de rea��o do condutor;Colis�o lateral sentido oposto;Com V�timas Feridas;Pleno dia;Crescente;C�u Claro;M�ltipla;Em Obras;Sim;6;0;3;0;3;0;3;4;-15,6390905;-47,7516288;SPRF-DF;DEL02-DF;UOP01-DEL02-DF;;;
696058;05/06/2025;quinta-feira;15:15:00;PR;373;189,5;PONTA GROSSA;Velocidade Incompat�vel;Sa�da de leito carro��vel;Com V�timas Fatais;Pleno dia;Crescente;Garoa/Chuvisco;Simples;Curva;N�o;3;1;1;0;0;1;1;2;-25,056903;-50,332992;SPRF-PR;DEL03-PR;UOP01-DEL03-PR;;;
696063;17/05/2025;s�bado;07:30:00;MG;381;912,9;CAMANDUCAIA;Demais falhas mec�nicas ou el�tricas;Inc�ndio;Sem V�timas;Pleno dia;Decrescente;C�u Claro;Dupla;Curva;N�o;2;0;0;0;1;1;0;2;-22,713348;-46,12259388;SPRF-MG;DEL16-MG;UOP03-DEL16-MG;;;
696069;05/06/2025;quinta-feira;17:50:00;SC;101;261;GAROPABA;Manobra de mudan�a de faixa;Colis�o lateral mesmo sentido;Com V�timas Feridas;Anoitecer;Crescente;Nublado;Simples;Reta;N�o;3;0;1;0;1;1;1;3;-28,02948551;-48,70549321;SPRF-SC;DEL02-SC;UOP03-DEL02-SC;;;
696073;05/06/2025;quinta-feira;18:15:00;BA;324;606,7;SIMOES FILHO;Defici�ncia do Sistema de Ilumina��o/Sinaliza��o;Queda de ocupante de ve�culo;Com V�timas Feridas;Plena Noite;Decrescente;C�u Claro;Dupla;Reta;Sim;2;0;1;0;1;0;1;2;-12,81257;-38,404861;SPRF-BA;DEL01-BA;UOP01-DEL01-BA;;;
696081;05/06/2025;quinta-feira;18:00:00;SC;153;112;CONCORDIA;Acessar a via sem observar a presen�a dos outros ve�culos;Colis�o lateral mesmo sentido;Com V�timas Feridas;Plena Noite;Crescente;Nublado;Simples;"Reta;Interse��o de Vias";N�o;4;0;1;0;1;2;1;4;-27,1917213;-51,9357897;SPRF-SC;DEL07-SC;UOP04-DEL07-SC;;;
696082;05/06/2025;quinta-feira;14:45:00;MS;267;45;BATAGUASSU;Carga excessiva e/ou mal acondicionada;Colis�o lateral sentido oposto;Com V�timas Feridas;Pleno dia;Crescente;C�u Claro;Simples;Curva;N�o;5;0;0;1;1;4;1;5;-21,81040871;-52,53220081;SPRF-MS;DEL02-MS;UOP04-DEL02-MS;;;