id;data_inversa;dia_semana;horario;uf;br;km;municipio;causa_acidente;tipo_acidente;classificacao_acidente;fase_dia;sentido_via;condicao_metereologica;tipo_pista;tracado_via;uso_solo;pessoas;mortos;feridos_leves;feridos_graves;ilesos;ignorados;feridos;veiculos;latitude;longitude;regional;delegacia;uop;;;
696083;05/06/2025;quinta-feira;19:10:00;PR;116;128;FAZENDA RIO GRANDE;Manobra de mudan�a de faixa;Colis�o com objeto;Com V�timas Feridas;Plena Noite;Crescente;Nublado;Dupla;Reta;Sim;2;0;1;0;0;1;1;2;-25,6588796;-49,312539;SPRF-PR;DEL01-PR;UOP03-DEL01-PR;;;
696086;05/06/2025;quinta-feira;14:10:00;RO;364;426;JARU;Acessar a via sem observar a presen�a dos outros ve�culos;Colis�o lateral mesmo sentido;Sem V�timas;Pleno dia;Decrescente;C�u Claro;Dupla;Interse��o de Vias;Sim;3;0;0;0;3;0;0;2;-10,4328408;-62,47965717;SPRF-RO;DEL03-RO;UOP02-DEL03-RO;;;
696089;05/06/2025;quinta-feira;11:00:00;SC;101;374;ICARA;Avarias e/ou desgaste excessivo no pneu;Colis�o lateral mesmo sentido;Sem V�timas;Pleno dia;Decrescente;Nublado;Dupla;Reta;Sim;4;0;0;0;3;1;0;2;-28,723295;-49,237599;SPRF-SC;DEL02-SC;UOP01-DEL02-SC;;;
696098;05/06/2025;quinta-feira;18:45:00;MA;10;241;IMPERATRIZ;Manobra de mudan�a de faixa;Colis�o lateral sentido oposto;Com V�timas Feridas;Plena Noite;Crescente;C�u Claro;Simples;Reta;N�o;3;0;0;1;2;0;1;3;-5,61487751;-47,41642141;SPRF-MA;DEL04-MA;UOP01-DEL04-MA;;;
696100;31/05/2025;s�bado;23:00:00;BA;242;594;IBOTIRAMA;Velocidade Incompat�vel;Sa�da de leito carro��vel;Sem V�timas;Plena Noite;Crescente;C�u Claro;Simples;"Curva;Declive";N�o;2;0;0;0;1;2;0;3;-12,087114;-43,160711;SPRF-BA;DEL06-BA;UOP03-DEL06-BA;;;
696107;05/06/2025;quinta-feira;19:50:00;PR;277;109;CURITIBA;Manobra de mudan�a de faixa;Colis�o lateral mesmo sentido;Com V�timas Feridas;Plena Noite;Crescente;C�u Claro;Dupla;Curva;N�o;7;0;1;0;5;1;1;3;-25,42737226;-49,38104359;SPRF-PR;DEL01-PR;UOP06-DEL01-PR;;;
696109;05/06/2025;quinta-feira;19:50:00;RJ;393;232;VASSOURAS;Suic�dio (presumido);Atropelamento de Pedestre;Com V�timas Feridas;Plena Noite;Crescente;Nublado;Simples;Reta;N�o;2;0;0;1;0;1;1;2;-22,39261854;-43,65142822;SPRF-RJ;DEL05-RJ;UOP03-DEL05-RJ;;;
696115;05/06/2025;quinta-feira;15:45:00;MT;364;556;NOBRES;Acessar a via sem observar a presen�a dos outros ve�culos;Colis�o transversal;Sem V�timas;Pleno dia;Decrescente;C�u Claro;Dupla;Interse��o de Vias;N�o;3;0;0;0;2;2;0;4;-14,75517;-56,337943;SPRF-MT;DEL01-MT;UOP01-DEL01-MT;;;
696116;05/06/2025;quinta-feira;18:20:00;MG;153;236;FRONTEIRA;Aus�ncia de rea��o do condutor;Colis�o traseira;Com V�timas Feridas;Plena Noite;Crescente;C�u Claro;Simples;Reta;N�o;3;0;0;1;1;2;1;4;-20,21333893;-49,13966272;SPRF-MG;DEL13-MG;UOP02-DEL13-MG;;;
696117;05/06/2025;quinta-feira;19:30:00;AL;316;268,5;SATUBA;Transitar na contram�o;Colis�o lateral sentido oposto;Sem V�timas;Plena Noite;Crescente;C�u Claro;Simples;"Reta;Ponte";N�o;3;0;0;0;1;2;0;3;-9,57857075;-35,83511559;SPRF-AL;DEL02-AL;UOP01-DEL02-AL;;;
696121;05/06/2025;quinta-feira;19:20:00;MA;135;372,4;SAO DOMINGOS DO MARANHAO;Transitar no Acostamento;Colis�o frontal;Com V�timas Feridas;Plena Noite;Decrescente;C�u Claro;Simples;Reta;N�o;2;0;0;1;1;0;1;2;-5,551284;-44,394844;SPRF-MA;DEL06-MA;UOP01-DEL06-MA;;;
696122;05/06/2025;quinta-feira;13:00:00;MT;158;691;BARRA DO GARCAS;Condutor Dormindo;Colis�o frontal;Com V�timas Feridas;Pleno dia;Decrescente;C�u Claro;Simples;Reta;N�o;4;0;2;0;1;3;2;5;-14,97246531;-52,26420522;SPRF-MT;DEL07-MT;UOP01-DEL07-MT;;;
696124;05/06/2025;quinta-feira;12:00:00;MG;50;120,4;UBERABA;Aus�ncia de rea��o do condutor;Sa�da de leito carro��vel;Com V�timas Feridas;Pleno dia;Decrescente;C�u Claro;Dupla;Reta;N�o;1;0;1;0;0;0;1;1;-19,313;-48,108;SPRF-MG;DEL13-MG;UOP01-DEL13-MG;;;
696126;05/06/2025;quinta-feira;22:00:00;ES;101;280,3;SERRA;Rea��o tardia ou ineficiente do condutor;Colis�o traseira;Com V�timas Feridas;Plena Noite;Decrescente;C�u Claro;Dupla;Reta;N�o;3;0;1;0;1;1;1;3;-20,2180495;-40,3505219;SPRF-ES;DEL02-ES;UOP01-DEL02-ES;;;
696134;06/06/2025;sexta-feira;00:25:00;SC;470;184;POUSO REDONDO;Condutor Dormindo;Sa�da de leito carro��vel;Com V�timas Feridas;Plena Noite;Decrescente;Nublado;Simples;Reta;N�o;2;0;1;0;0;1;1;2;-27,2527;-50,002925;SPRF-SC;DEL04-SC;UOP02-DEL04-SC;;;
696135;06/06/2025;sexta-feira;00:30:00;PB;104;130;CAMPINA GRANDE;Ingest�o de �lcool pelo condutor;Colis�o lateral mesmo sentido;Sem V�timas;Plena Noite;Decrescente;Nublado;Dupla;"Curva;Em Obras";N�o;3;0;0;0;3;0;0;2;-7,277643;-35,888445;SPRF-PB;DEL02-PB;UOP01-DEL02-PB;;;
696137;06/06/2025;sexta-feira;02:30:00;PR;116;97;SAO JOSE DOS PINHAIS;Pedestre cruzava a pista fora da faixa;Atropelamento de Pedestre;Com V�timas Fatais;Plena Noite;Crescente;C�u Claro;Dupla;Reta;Sim;3;1;0;0;1;1;0;3;-25,54556733;-49,15066407;SPRF-PR;DEL01-PR;UOP07-DEL01-PR;;;
696140;06/06/2025;sexta-feira;03:20:00;RJ;101;469,8;ANGRA DOS REIS;Transitar na contram�o;Colis�o frontal;Com V�timas Fatais;Plena Noite;Decrescente;Nublado;Simples;Reta;N�o;5;2;0;2;1;0;2;2;-23,006313;-44,231845;SPRF-RJ;DEL03-RJ;UOP03-DEL03-RJ;;;
696144;06/06/2025;sexta-feira;00:30:00;MG;381;907,2;CAMBUI;Curva acentuada;Sa�da de leito carro��vel;Com V�timas Feridas;Plena Noite;Decrescente;Garoa/Chuvisco;Dupla;Curva;N�o;1;0;1;0;0;0;1;1;-22,63309445;-46,07416119;SPRF-MG;DEL16-MG;UOP03-DEL16-MG;;;
696148;06/06/2025;sexta-feira;05:46:00;GO;20;28,7;FORMOSA;Objeto est�tico sobre o leito carro��vel;Colis�o traseira;Com V�timas Fatais;Amanhecer;Decrescente;Chuva;Simples;Aclive;N�o;3;1;0;0;1;1;0;3;-15,5102775;-47,1177616;SPRF-DF;DEL02-DF;UOP02-DEL02-DF;;;
696150;06/06/2025;sexta-feira;06:15:00;PR;277;4,3;PARANAGUA;Aus�ncia de sinaliza��o;Colis�o transversal;Com V�timas Feridas;Amanhecer;Crescente;Garoa/Chuvisco;Dupla;Interse��o de Vias;Sim;3;0;1;0;1;1;1;3;-25,53578807;-48,53082625;SPRF-PR;DEL01-PR;UOP05-DEL01-PR;;;
696152;06/06/2025;sexta-feira;05:55:00;SC;116;286,8;CAPAO ALTO;Aus�ncia de rea��o do condutor;Colis�o traseira;Com V�timas Feridas;Plena Noite;Decrescente;C�u Claro;Simples;"Reta;Aclive";N�o;3;0;1;0;1;2;1;4;-28,13788592;-50,64671516;SPRF-SC;DEL05-SC;UOP02-DEL05-SC;;;
696153;05/06/2025;quinta-feira;23:00:00;BA;242;784;ANGICAL;Condutor Dormindo;Colis�o lateral sentido oposto;Com V�timas Feridas;Plena Noite;Decrescente;C�u Claro;Simples;"Reta;Aclive";N�o;9;0;1;0;3;10;1;10;-12,150123;-44,7016;SPRF-BA;DEL10-BA;UOP01-DEL10-BA;;;
696158;06/06/2025;sexta-feira;07:30:00;PB;101;91;JOAO PESSOA;Ultrapassagem Indevida;Colis�o lateral mesmo sentido;Com V�timas Feridas;Pleno dia;Decrescente;C�u Claro;Dupla;Interse��o de Vias;N�o;5;0;3;0;2;0;3;3;-7,191941;-34,904176;SPRF-PB;DEL01-PB;UOP01-DEL01-PB;;;
696162;06/06/2025;sexta-feira;06:00:00;PA;316;25;BENEVIDES;Acessar a via sem observar a presen�a dos outros ve�culos;Colis�o com objeto;Sem V�timas;Pleno dia;Crescente;C�u Claro;Dupla;"Retorno Regulamentado;Reta";Sim;4;0;0;0;3;1;0;3;-1,327582;-48,234273;SPRF-PA;DEL01-PA;UOP01-DEL01-PA;;;
696165;06/06/2025;sexta-feira;07:00:00;PR;277;299;PRUDENTOPOLIS;Acessar a via sem observar a presen�a dos outros ve�culos;Atropelamento de Pedestre;Com V�timas Feridas;Amanhecer;Crescente;Nevoeiro/Neblina;Simples;"Reta;Aclive";N�o;3;0;0;1;1;2;1;4;-25,295036;-51,135097;SPRF-PR;DEL08-PR;UOP01-DEL08-PR;;;
696166;06/06/2025;sexta-feira;06:00:00;MG;153;75,2;MONTE ALEGRE DE MINAS;Transitar na contram�o;Colis�o lateral sentido oposto;Com V�timas Feridas;Amanhecer;Crescente;C�u Claro;Simples;"Reta;Declive;Ponte";N�o;3;0;1;1;0;3;2;5;-19,02664715;-49,01116697;SPRF-MG;DEL15-MG;UOP03-DEL15-MG;;;
696167;06/06/2025;sexta-feira;08:15:00;CE;116;1;FORTALEZA;Manobra de mudan�a de faixa;Colis�o lateral mesmo sentido;Sem V�timas;Pleno dia;Decrescente;C�u Claro;Dupla;Reta;Sim;2;0;0;0;2;0;0;2;-3,76476173;-38,51845264;SPRF-CE;DEL01-CE;UOP02-DEL01-CE;;;
696171;06/06/2025;sexta-feira;08:25:00;BA;116;412;FEIRA DE SANTANA;Rea��o tardia ou ineficiente do condutor;Colis�o com objeto;Com V�timas Feridas;Pleno dia;Decrescente;Garoa/Chuvisco;Dupla;Reta;N�o;1;0;1;0;0;0;1;1;-12,12198347;-38,96819842;SPRF-BA;DEL02-BA;UOP01-DEL02-BA;;;
696178;06/06/2025;sexta-feira;08:18:00;AP;210;0;MACAPA;Aus�ncia de rea��o do condutor;Colis�o traseira;Com V�timas Feridas;Pleno dia;Decrescente;C�u Claro;M�ltipla;Reta;Sim;3;0;0;1;0;2;1;3;0,07757533;-51,06373278;SPRF-AP;DEL01-AP;UOP01-DEL01-AP;;;
696181;06/06/2025;sexta-feira;08:15:00;PR;376;413,5;TIBAGI;Rea��o tardia ou ineficiente do condutor;Colis�o traseira;Com V�timas Feridas;Pleno dia;Crescente;Nevoeiro/Neblina;Dupla;"Curva;Aclive";N�o;3;0;0;1;1;2;1;4;-24,63968391;-50,62684536;SPRF-PR;DEL03-PR;UOP02-DEL03-PR;;;
696184;06/06/2025;sexta-feira;08:30:00;MG;40;528,1;CONTAGEM;Manobra de mudan�a de faixa;Colis�o lateral mesmo sentido;Com V�timas Feridas;Pleno dia;Crescente;C�u Claro;M�ltipla;"Reta;Aclive;Interse��o de Vias";Sim;2;0;1;0;1;0;1;2;-19,910024;-44,043524;SPRF-MG;DEL01-MG;UOP02-DEL01-MG;;;
696185;06/06/2025;sexta-feira;08:20:00;PB;230;19;JOAO PESSOA;Aus�ncia de rea��o do condutor;Colis�o traseira;Com V�timas Feridas;Pleno dia;Decrescente;C�u Claro;Dupla;"Aclive;Reta";N�o;4;0;1;1;2;0;2;3;-7,132548;-34,853494;SPRF-PB;DEL01-PB;UOP01-DEL01-PB;;;
696199;06/06/2025;sexta-feira;08:20:00;MG;381;598,4;CARMOPOLIS DE MINAS;Rea��o tardia ou ineficiente do condutor;Colis�o com objeto;Com V�timas Feridas;Pleno dia;Decrescente;C�u Claro;Dupla;"Reta;Declive";N�o;6;0;2;0;3;4;2;7;-20,59605315;-44,70703661;SPRF-MG;DEL04-MG;UOP01-DEL04-MG;;;
696201;06/06/2025;sexta-feira;08:20:00;RJ;356;148;CAMPOS DOS GOYTACAZES;Estacionar ou parar em local proibido;Colis�o lateral mesmo sentido;Com V�timas Feridas;Pleno dia;Crescente;C�u Claro;Simples;Reta;Sim;3;0;1;0;2;0;1;3;-21,7585291;-41,3317088;SPRF-RJ;DEL08-RJ;UOP02-DEL08-RJ;;;
696203;06/06/2025;sexta-feira;09:00:00;SC;470;108,4;APIUNA;Entrada inopinada do pedestre;Atropelamento de Pedestre;Com V�timas Fatais;Pleno dia;Decrescente;Nublado;Simples;Reta;Sim;3;1;0;0;1;2;0;4;-27,083697;-49,446673;SPRF-SC;DEL04-SC;UOP02-DEL04-SC;;;
696208;21/05/2025;quarta-feira;22:45:00;SP;116;508,3;CAJATI;Aus�ncia de rea��o do condutor;Capotamento;Com V�timas Feridas;Plena Noite;Decrescente;Chuva;Simples;"Declive;Curva";N�o;2;0;1;0;1;0;1;2;-24,81767517;-48,21038765;SPRF-SP;DEL05-SP;UOP02-DEL05-SP;;;
696210;10/04/2025;quinta-feira;23:15:00;PA;10;244;AURORA DO PARA;Demais falhas mec�nicas ou el�tricas;Colis�o transversal;Com V�timas Feridas;Plena Noite;Decrescente;C�u Claro;Simples;Aclive;N�o;3;0;0;1;1;1;1;3;-2,301511;-47,56376;SPRF-PA;DEL02-PA;UOP01-DEL02-PA;;;
696218;06/06/2025;sexta-feira;12:00:00;PR;376;186,5;MARIALVA;Animais na Pista;Colis�o traseira;Com V�timas Feridas;Pleno dia;Crescente;C�u Claro;Dupla;Declive;N�o;5;0;0;1;3;1;1;5;-23,454148;-51,849102;SPRF-PR;DEL09-PR;UOP01-DEL09-PR;;;
696230;11/05/2025;domingo;19:00:00;MT;364;202;RONDONOPOLIS;Demais falhas mec�nicas ou el�tricas;Colis�o com objeto;Com V�timas Feridas;Anoitecer;Decrescente;C�u Claro;Dupla;"Reta;Declive";Sim;2;0;1;0;0;3;1;4;-16,47527;-54,65354;SPRF-MT;DEL02-MT;UOP01-DEL02-MT;;;
696233;06/06/2025;sexta-feira;11:45:00;SE;101;132,6;ESTANCIA;Aus�ncia de rea��o do condutor;Colis�o com objeto;Sem V�timas;Pleno dia;Crescente;Nublado;Dupla;"Declive;Reta";N�o;1;0;0;0;1;0;0;1;-11,11694296;-37,37727497;SPRF-SE;DEL02-SE;UOP01-DEL02-SE;;;
696236;06/06/2025;sexta-feira;11:20:00;PA;10;15,4;DOM ELISEU;Acessar a via sem observar a presen�a dos outros ve�culos;Colis�o traseira;Com V�timas Feridas;Pleno dia;Decrescente;C�u Claro;Simples;Reta;Sim;3;0;1;0;1;2;1;4;-4,315668;-47,55388;SPRF-PA;DEL02-PA;UOP02-DEL02-PA;;;
696240;06/06/2025;sexta-feira;14:30:00;RJ;116;217;SEROPEDICA;Curva acentuada;Colis�o lateral mesmo sentido;Com V�timas Feridas;Pleno dia;Crescente;C�u Claro;Dupla;Curva;Sim;4;0;0;1;2;1;1;3;-22,70076648;-43,75012128;SPRF-RJ;DEL06-RJ;UOP02-DEL06-RJ;;;
696242;06/06/2025;sexta-feira;13:45:00;PR;277;522,5;GUARANIACU;Desrespeitar a prefer�ncia no cruzamento;Colis�o transversal;Com V�timas Feridas;Pleno dia;Decrescente;Nublado;Simples;Reta;N�o;7;0;1;1;5;0;2;3;-25,1;-52,895;SPRF-PR;DEL04-PR;UOP04-DEL04-PR;;;
696243;06/06/2025;sexta-feira;13:35:00;MS;163;587,7;BANDEIRANTES;Aus�ncia de rea��o do condutor;Colis�o traseira;Com V�timas Fatais;Pleno dia;Crescente;C�u Claro;Dupla;Reta;N�o;3;1;0;0;1;2;0;4;-19,583797;-54,40762416;SPRF-MS;DEL06-MS;UOP02-DEL06-MS;;;
696252;06/06/2025;sexta-feira;12:20:00;PR;376;531;PALMEIRA;Velocidade Incompat�vel;Colis�o lateral mesmo sentido;Com V�timas Feridas;Pleno dia;Decrescente;Sol;Dupla;"Curva;Declive";N�o;8;0;2;0;5;6;2;11;-25,306704;-49,887976;SPRF-PR;DEL03-PR;UOP03-DEL03-PR;;;
696259;13/05/2025;ter�a-feira;18:44:00;ES;101;278,9;SERRA;Manobra de mudan�a de faixa;Colis�o lateral mesmo sentido;Com V�timas Fatais;Plena Noite;Crescente;Garoa/Chuvisco;Dupla;"Reta;Declive";N�o;3;1;0;0;1;1;0;3;-20,04884377;-40,38640213;SPRF-ES;DEL02-ES;UOP01-DEL02-ES;;;
696260;06/06/2025;sexta-feira;15:30:00;RS;392;5;RIO GRANDE;Condutor deixou de manter dist�ncia do ve�culo da frente;Colis�o traseira;Com V�timas Feridas;Pleno dia;Decrescente;Sol;Simples;Reta;N�o;3;0;0;1;1;1;1;3;-32,07616457;-52,10117871;SPRF-RS;DEL07-RS;UOP02-DEL07-RS;;;
696263;06/06/2025;sexta-feira;13:00:00;SC;470;126,7;LONTRAS;Desrespeitar a prefer�ncia no cruzamento;Colis�o transversal;Com V�timas Feridas;Pleno dia;Decrescente;Sol;Simples;"Retorno Regulamentado;Reta";Sim;6;0;4;0;2;0;4;2;-27,13664848;-49,54314562;SPRF-SC;DEL04-SC;UOP02-DEL04-SC;;;
696265;06/06/2025;sexta-feira;12:30:00;PI;316;68,9;MONSENHOR GIL;Pedestre andava na pista;Atropelamento de Pedestre;Com V�timas Feridas;Pleno dia;Decrescente;Sol;Simples;Reta;Sim;2;0;1;0;1;0;1;2;-5,648178;-42,591545;SPRF-PI;DEL01-PI;UOP02-DEL01-PI;;;
696269;06/06/2025;sexta-feira;14:14:00;BA;101;222,5;CRUZ DAS ALMAS;Aus�ncia de rea��o do condutor;Colis�o frontal;Com V�timas Fatais;Pleno dia;Crescente;Nublado;Simples;Reta;Sim;3;1;0;0;1;1;0;3;-12,6727255;-39,1339708;SPRF-BA;DEL01-BA;UOP02-DEL01-BA;;;
696270;06/06/2025;sexta-feira;15:20:00;RJ;116;273;BARRA MANSA;Rea��o tardia ou ineficiente do condutor;Engavetamento;Com V�timas Feridas;Pleno dia;Decrescente;Nublado;Dupla;Curva;N�o;4;0;1;0;2;1;1;4;-22,56075687;-44,15370941;SPRF-RJ;DEL07-RJ;UOP02-DEL07-RJ;;;
696272;06/06/2025;sexta-feira;16:25:00;PR;376;129,2;ALTO PARANA;Rea��o tardia ou ineficiente do condutor;Sa�da de leito carro��vel;Com V�timas Feridas;Pleno dia;Crescente;Nublado;Simples;Reta;N�o;2;0;0;1;0;1;1;2;-23,16644;-52,25214;SPRF-PR;DEL09-PR;UOP02-DEL09-PR;;;
696274;06/06/2025;sexta-feira;16:25:00;MA;316;530;CAXIAS;Carga excessiva e/ou mal acondicionada;Colis�o com objeto;Sem V�timas;Pleno dia;Crescente;C�u Claro;Simples;Reta;N�o;2;0;0;0;1;1;0;2;-4,8604726;-43,42821;SPRF-MA;DEL03-MA;UOP02-DEL03-MA;;;
696281;06/06/2025;sexta-feira;17:25:00;PB;230;23,7;JOAO PESSOA;Manobra de mudan�a de faixa;Colis�o lateral mesmo sentido;Com V�timas Feridas;Anoitecer;Crescente;Sol;Dupla;"Reta;Declive;Viaduto";Sim;4;0;1;0;2;1;1;3;-7,1649196;-34,86257338;SPRF-PB;DEL01-PB;UOP01-DEL01-PB;;;
696284;29/05/2025;quinta-feira;15:19:00;ES;101;294;CARIACICA;Rea��o tardia ou ineficiente do condutor;Engavetamento;Com V�timas Feridas;Pleno dia;Crescente;Nublado;M�ltipla;Reta;N�o;7;0;0;1;5;2;1;8;-20,325679;-40,396456;SPRF-ES;DEL01-ES;UOP01-DEL01-ES;;;
696287;17/05/2025;s�bado;08:00:00;RN;405;8,4;MOSSORO;Manobra de mudan�a de faixa;Colis�o frontal;Com V�timas Fatais;Pleno dia;Crescente;C�u Claro;Simples;Reta;N�o;4;1;0;0;1;2;0;4;-5,196977;-37,428044;SPRF-RN;DEL04-RN;UOP02-DEL04-RN;;;
696290;06/06/2025;sexta-feira;16:20:00;RS;153;408;CACHOEIRA DO SUL;Demais falhas mec�nicas ou el�tricas;Inc�ndio;Sem V�timas;Pleno dia;Decrescente;C�u Claro;Dupla;Reta;Sim;1;0;0;0;1;0;0;1;-30,03145483;-52,91532755;SPRF-RS;DEL02-RS;UOP03-DEL02-RS;;;
696293;06/06/2025;sexta-feira;17:06:00;MA;226;302;BARRA DO CORDA;Aus�ncia de sinaliza��o;Colis�o lateral sentido oposto;Com V�timas Feridas;Anoitecer;Decrescente;C�u Claro;Simples;Curva;Sim;4;0;1;0;2;1;1;4;-5,497298;-45,266688;SPRF-MA;DEL06-MA;UOP01-DEL06-MA;;;
696308;06/06/2025;sexta-feira;18:58:00;ES;101;287;CARIACICA;Acessar a via sem observar a presen�a dos outros ve�culos;Colis�o transversal;Com V�timas Feridas;Plena Noite;Crescente;Nublado;Dupla;Reta;Sim;3;0;1;0;2;0;1;2;-20,264964;-40,38486;SPRF-ES;DEL01-ES;UOP01-DEL01-ES;;;
696310;06/06/2025;sexta-feira;17:10:00;PR;153;0;JACAREZINHO;Rea��o tardia ou ineficiente do condutor;Sa�da de leito carro��vel;Com V�timas Feridas;Anoitecer;Crescente;C�u Claro;Simples;"Curva;Retorno Regulamentado";N�o;2;0;1;0;0;1;1;2;-23,00340884;-49,91072623;SPRF-PR;DEL07-PR;UOP04-DEL07-PR;;;
696312;06/06/2025;sexta-feira;18:30:00;SP;116;532;BARRA DO TURVO;Pedestre andava na pista;Atropelamento de Pedestre;Com V�timas Feridas;Plena Noite;Crescente;Nublado;Dupla;Reta;N�o;2;0;0;1;1;0;1;2;-24,9288389;-48,2715833;SPRF-SP;DEL05-SP;UOP02-DEL05-SP;;;
696313;06/06/2025;sexta-feira;16:40:00;PA;230;1113;ITAITUBA;Ingest�o de �lcool pelo condutor;Tombamento;Sem V�timas;Pleno dia;Decrescente;C�u Claro;Simples;"Curva;Declive";N�o;2;0;0;0;1;2;0;3;-4,399064;-55,919007;SPRF-PA;DEL05-PA;UOP02-DEL05-PA;;;
696317;06/06/2025;sexta-feira;19:00:00;GO;60;13;SANTO ANTONIO DO DESCOBERTO;Rea��o tardia ou ineficiente do condutor;Colis�o traseira;Com V�timas Feridas;Plena Noite;Decrescente;Nublado;Dupla;Aclive;N�o;4;0;0;2;1;2;2;4;-16,11325;-48,342147;SPRF-DF;DEL03-DF;UOP01-DEL03-DF;;;
696320;06/06/2025;sexta-feira;19:00:00;GO;153;502;GOIANIA;Acumulo de areia ou detritos sobre o pavimento;Queda de ocupante de ve�culo;Com V�timas Feridas;Plena Noite;Crescente;C�u Claro;Dupla;Reta;Sim;4;0;1;1;1;2;2;4;-16,73098879;-49,24338341;SPRF-GO;DEL01-GO;UOP01-DEL01-GO;;;
696321;06/06/2025;sexta-feira;18:10:00;MT;174;480;COMODORO;Demais falhas mec�nicas ou el�tricas;Inc�ndio;Sem V�timas;Plena Noite;Crescente;C�u Claro;Simples;Reta;N�o;3;0;0;0;2;2;0;3;-13,70002891;-59,78592396;SPRF-MT;DEL04-MT;UOP02-DEL04-MT;;;
696324;06/06/2025;sexta-feira;20:00:00;PR;277;556,2;CASCAVEL;Ingest�o de �lcool pelo condutor;Colis�o lateral sentido oposto;Sem V�timas;Plena Noite;Decrescente;Nevoeiro/Neblina;Simples;"Curva;Aclive";N�o;3;0;0;0;3;0;0;2;-25,08884428;-53,18876266;SPRF-PR;DEL04-PR;UOP04-DEL04-PR;;;
696325;06/06/2025;sexta-feira;15:50:00;PR;116;119;CURITIBA;Demais falhas mec�nicas ou el�tricas;Tombamento;Sem V�timas;Pleno dia;Crescente;Nublado;Dupla;Curva;Sim;2;0;0;0;1;1;0;2;-25,57633167;-49,31243269;SPRF-PR;DEL01-PR;UOP03-DEL01-PR;;;
696326;06/06/2025;sexta-feira;19:00:00;SP;116;65,5;GUARATINGUETA;Aus�ncia de rea��o do condutor;Colis�o traseira;Com V�timas Feridas;Plena Noite;Decrescente;Chuva;Dupla;Reta;N�o;5;0;1;0;4;0;1;4;-22,8232359;-45,1942561;SPRF-SP;DEL08-SP;UOP01-DEL08-SP;;;
696332;06/06/2025;sexta-feira;19:15:00;SP;116;408;MIRACATU;Aus�ncia de rea��o do condutor;Colis�o traseira;Com V�timas Feridas;Plena Noite;Decrescente;Chuva;Simples;Reta;Sim;4;0;1;0;2;1;1;2;-24,32707654;-47,56547928;SPRF-SP;DEL05-SP;UOP01-DEL05-SP;;;
696335;06/06/2025;sexta-feira;19:45:00;MA;222;666;ACAILANDIA;Aus�ncia de rea��o do condutor;Colis�o transversal;Com V�timas Feridas;Plena Noite;Decrescente;C�u Claro;Simples;"Reta;Declive";N�o;3;0;0;1;1;2;1;4;-4,921151;-47,431484;SPRF-MA;DEL04-MA;UOP03-DEL04-MA;;;
696336;06/06/2025;sexta-feira;18:03:00;RS;386;435;NOVA SANTA RITA;Acessar a via sem observar a presen�a dos outros ve�culos;Colis�o transversal;Com V�timas Feridas;Plena Noite;Decrescente;C�u Claro;Dupla;"Interse��o de Vias;Rotat�ria;Retorno Regulamentado";N�o;6;0;2;0;4;0;2;2;-29,8479254;-51,27045248;SPRF-RS;DEL04-RS;UOP02-DEL04-RS;;;
696337;06/06/2025;sexta-feira;15:20:00;SC;282;341;CAMPOS NOVOS;Aus�ncia de sinaliza��o;Colis�o transversal;Sem V�timas;Pleno dia;Decrescente;C�u Claro;Simples;Interse��o de Vias;N�o;5;0;0;0;5;0;0;2;-27,39370643;-51,19213399;SPRF-SC;DEL07-SC;UOP06-DEL07-SC;;;
696338;06/06/2025;sexta-feira;18:10:00;PR;277;651;MATELANDIA;Acessar a via sem observar a presen�a dos outros ve�culos;Colis�o frontal;Com V�timas Fatais;Anoitecer;Decrescente;C�u Claro;Simples;Reta;Sim;6;1;0;0;3;2;0;5;-25,20088781;-53,94646375;SPRF-PR;DEL05-PR;UOP02-DEL05-PR;;;
696344;06/06/2025;sexta-feira;19:00:00;PI;316;322;GEMINIANO;Aus�ncia de rea��o do condutor;Colis�o traseira;Com V�timas Feridas;Plena Noite;Decrescente;C�u Claro;Simples;Reta;N�o;2;0;0;1;1;0;1;2;-7,10123336;-41,32919312;SPRF-PI;DEL04-PI;UOP01-DEL04-PI;;;
696345;06/06/2025;sexta-feira;20:40:00;MS;158;326;TRES LAGOAS;Sinaliza��o mal posicionada;Colis�o traseira;Com V�timas Fatais;Plena Noite;Crescente;C�u Claro;Simples;"Aclive;Curva";N�o;4;1;0;0;2;5;0;7;-21,154732;-51,966099;SPRF-MS;DEL07-MS;UOP01-DEL07-MS;;;
696353;06/06/2025;sexta-feira;21:00:00;BA;101;506;ITABUNA;Aus�ncia de rea��o do condutor;Colis�o lateral sentido oposto;Com V�timas Feridas;Plena Noite;Crescente;C�u Claro;Simples;Curva;Sim;4;0;1;0;3;0;1;2;-14,81040048;-39,29706573;SPRF-BA;DEL05-BA;UOP01-DEL05-BA;;;
696355;06/06/2025;sexta-feira;20:20:00;MG;262;615,8;IBIA;Chuva;Sa�da de leito carro��vel;Sem V�timas;Plena Noite;Decrescente;Chuva;Simples;Reta;N�o;1;0;0;0;1;0;0;1;-19,58637299;-46,35259358;SPRF-MG;DEL08-MG;UOP02-DEL08-MG;;;
696356;06/06/2025;sexta-feira;18:00:00;MG;40;320,9;FELIXLANDIA;Velocidade Incompat�vel;Sa�da de leito carro��vel;Com V�timas Fatais;Anoitecer;Decrescente;C�u Claro;Simples;"Curva;Aclive";N�o;5;3;0;0;1;2;0;5;-18,52156;-45,073672;SPRF-MG;DEL14-MG;UOP02-DEL14-MG;;;