id;data_inversa;dia_semana;horario;uf;br;km;municipio;causa_acidente;tipo_acidente;classificacao_acidente;fase_dia;sentido_via;condicao_metereologica;tipo_pista;tracado_via;uso_solo;pessoas;mortos;feridos_leves;feridos_graves;ilesos;ignorados;feridos;veiculos;latitude;longitude;regional;delegacia;uop;;;
696358;06/06/2025;sexta-feira;20:00:00;MT;163;87;RONDONOPOLIS;Aus�ncia de rea��o do condutor;Sa�da de leito carro��vel;Com V�timas Feridas;Plena Noite;Crescente;C�u Claro;Dupla;Reta;N�o;2;0;1;0;0;2;1;3;-16,9270922;-54,73011017;SPRF-MT;DEL02-MT;UOP03-DEL02-MT;;;
696361;06/06/2025;sexta-feira;22:00:00;PB;104;107;SAO SEBASTIAO DE LAGOA DE  ROCA;Rea��o tardia ou ineficiente do condutor;Colis�o traseira;Com V�timas Feridas;Plena Noite;Decrescente;Nublado;Simples;Reta;Sim;2;0;1;0;1;0;1;2;-7,11509494;-35,86619854;SPRF-PB;DEL02-PB;UOP04-DEL02-PB;;;
696364;06/06/2025;sexta-feira;19:30:00;PA;163;928;BELTERRA;Aus�ncia de rea��o do condutor;Colis�o traseira;Sem V�timas;Plena Noite;Crescente;C�u Claro;Simples;Reta;Sim;5;0;0;0;4;2;0;4;-3,32835719;-54,93301392;SPRF-PA;DEL05-PA;UOP01-DEL05-PA;;;
696373;06/06/2025;sexta-feira;22:00:00;SC;282;461,6;PONTE SERRADA;Manobra de mudan�a de faixa;Colis�o lateral mesmo sentido;Sem V�timas;Plena Noite;Crescente;C�u Claro;Simples;"Reta;Aclive";N�o;2;0;0;0;2;0;0;2;-26,86653115;-52,02282652;SPRF-SC;DEL07-SC;UOP04-DEL07-SC;;;
696379;06/06/2025;sexta-feira;16:00:00;MT;364;161;PEDRA PRETA;Rea��o tardia ou ineficiente do condutor;Tombamento;Com V�timas Feridas;Pleno dia;Decrescente;C�u Claro;Simples;Reta;N�o;3;0;1;0;0;3;1;4;-16,667903;-54,309704;SPRF-MT;DEL02-MT;UOP01-DEL02-MT;;;
696384;06/06/2025;sexta-feira;20:50:00;PI;230;190,2;OEIRAS;Aus�ncia de rea��o do condutor;Colis�o transversal;Com V�timas Feridas;Plena Noite;Decrescente;C�u Claro;Simples;Curva;N�o;2;0;0;1;1;0;1;2;-6,984725;-42,083;SPRF-PI;DEL04-PI;UOP01-DEL04-PI;;;
696393;07/06/2025;s�bado;00:13:00;MG;381;670,8;PERDOES;Aus�ncia de rea��o do condutor;Colis�o traseira;Com V�timas Feridas;Plena Noite;Crescente;C�u Claro;Dupla;Reta;N�o;3;0;1;0;1;3;1;5;-21,0549863;-45,04023689;SPRF-MG;DEL04-MG;UOP02-DEL04-MG;;;
696398;07/06/2025;s�bado;02:40:00;ES;101;424;ATILIO VIVACQUA;Condutor Dormindo;Sa�da de leito carro��vel;Com V�timas Feridas;Plena Noite;Crescente;C�u Claro;Simples;Reta;N�o;2;0;1;0;0;1;1;2;-20,9900251;-41,1248792;SPRF-ES;DEL03-ES;UOP02-DEL03-ES;;;
696403;06/06/2025;sexta-feira;17:30:00;CE;116;14;FORTALEZA;Trafegar com motocicleta (ou similar) entre as faixas;Tombamento;Com V�timas Feridas;Anoitecer;Decrescente;C�u Claro;Dupla;Reta;Sim;3;0;1;1;0;1;2;2;-3,87578;-38,499638;SPRF-CE;DEL01-CE;UOP02-DEL01-CE;;;
696404;07/06/2025;s�bado;04:00:00;PR;116;86;PIRAQUARA;Aus�ncia de rea��o do condutor;Colis�o traseira;Com V�timas Feridas;Plena Noite;Crescente;C�u Claro;Dupla;Reta;N�o;4;0;2;0;1;1;2;3;-25,43428181;-49,08686723;SPRF-PR;DEL01-PR;UOP02-DEL01-PR;;;
696405;07/06/2025;s�bado;00:20:00;RR;174;237;CARACARAI;Transitar na contram�o;Colis�o lateral sentido oposto;Com V�timas Feridas;Plena Noite;Crescente;Nublado;Simples;Curva;N�o;3;0;1;0;1;1;1;3;1,158119;-60,409268;SPRF-RR;DEL01-RR;UOP01-DEL01-RR;;;
696407;06/06/2025;sexta-feira;21:30:00;MG;40;568,5;NOVA LIMA;Rea��o tardia ou ineficiente do condutor;Colis�o traseira;Com V�timas Feridas;Plena Noite;Decrescente;Nublado;Simples;"Reta;Declive";N�o;2;0;0;1;0;1;1;2;-20,20299663;-43,97412747;SPRF-MG;DEL01-MG;UOP02-DEL01-MG;;;
696410;07/06/2025;s�bado;04:25:00;MG;251;379,8;GRAO MOGOL;Condutor Dormindo;Colis�o frontal;Com V�timas Feridas;Plena Noite;Decrescente;C�u Claro;Simples;Reta;N�o;3;0;0;1;1;1;1;3;-16,298288;-42,747143;SPRF-MG;DEL12-MG;UOP01-DEL12-MG;;;
696411;07/06/2025;s�bado;02:30:00;AM;174;940;MANAUS;Condutor Dormindo;Colis�o com objeto;Com V�timas Feridas;Plena Noite;Decrescente;Nublado;Simples;Reta;N�o;2;0;1;0;0;1;1;2;-2,4772316;-60,0307916;SPRF-AM;DEL01-AM;UOP01-DEL01-AM;;;
696413;07/06/2025;s�bado;05:15:00;SP;153;80,3;BADY BASSITT;Ingest�o de �lcool pelo condutor;Colis�o transversal;Sem V�timas;Plena Noite;Crescente;C�u Claro;Dupla;Reta;N�o;2;0;0;0;1;1;0;2;-20,909376;-49,481361;SPRF-SP;DEL09-SP;UOP01-DEL09-SP;;;
696424;07/06/2025;s�bado;06:40:00;RS;158;318;SANTA MARIA;Condutor Dormindo;Sa�da de leito carro��vel;Sem V�timas;Amanhecer;Decrescente;Nevoeiro/Neblina;Dupla;"Reta;Aclive;Em Obras";N�o;2;0;0;0;1;2;0;3;-29,67546927;-53,77717495;SPRF-RS;DEL09-RS;UOP01-DEL09-RS;;;
696437;06/06/2025;sexta-feira;21:30:00;SC;280;260,6;CANOINHAS;Aus�ncia de rea��o do condutor;Colis�o frontal;Com V�timas Fatais;Plena Noite;Decrescente;Nublado;Simples;"Reta;Declive";N�o;2;1;0;0;1;0;0;2;-26,261532;-50,645888;SPRF-SC;DEL06-SC;UOP04-DEL06-SC;;;
696446;07/06/2025;s�bado;04:20:00;RJ;40;109;DUQUE DE CAXIAS;Rea��o tardia ou ineficiente do condutor;Colis�o com objeto;Com V�timas Feridas;Plena Noite;Crescente;Chuva;Dupla;Reta;Sim;2;0;1;0;0;1;1;2;-22,6740237;-43,286623;SPRF-RJ;DEL01-RJ;UOP02-DEL01-RJ;;;
696454;07/06/2025;s�bado;07:57:00;MG;381;483;BETIM;Convers�o proibida;Colis�o transversal;Com V�timas Feridas;Pleno dia;Decrescente;C�u Claro;M�ltipla;"Reta;Aclive";Sim;2;0;1;0;1;0;1;2;-19,95951817;-44,08872334;SPRF-MG;DEL01-MG;UOP03-DEL01-MG;;;
696456;07/06/2025;s�bado;04:55:00;BA;101;763,1;ITABELA;Neblina;Colis�o frontal;Com V�timas Feridas;Amanhecer;Decrescente;Nevoeiro/Neblina;Simples;Reta;N�o;4;0;0;2;1;1;2;3;-16,69628;-39,472778;SPRF-BA;DEL09-BA;UOP01-DEL09-BA;;;
696459;07/06/2025;s�bado;07:15:00;RS;285;190,5;LAGOA VERMELHA;Rea��o tardia ou ineficiente do condutor;Tombamento;Com V�timas Feridas;Amanhecer;Crescente;Nevoeiro/Neblina;Simples;"Declive;Curva";N�o;2;0;1;0;0;1;1;2;-28,2610367;-51,4779217;SPRF-RS;DEL08-RS;UOP05-DEL08-RS;;;
696461;07/06/2025;s�bado;08:40:00;SP;153;63,8;SAO JOSE DO RIO PRETO;Condutor deixou de manter dist�ncia do ve�culo da frente;Colis�o traseira;Com V�timas Fatais;Pleno dia;Decrescente;Sol;Dupla;Reta;Sim;4;2;0;0;1;3;0;5;-20,82849109;-49,35985565;SPRF-SP;DEL09-SP;UOP01-DEL09-SP;;;
696463;07/06/2025;s�bado;05:30:00;PB;230;472;SOUSA;Condutor Dormindo;Colis�o frontal;Com V�timas Fatais;Amanhecer;Crescente;C�u Claro;Simples;Curva;N�o;3;1;0;1;0;1;1;2;-6,829623;-38,31768;SPRF-PB;DEL03-PB;UOP03-DEL03-PB;;;
696464;06/06/2025;sexta-feira;21:30:00;RJ;356;157;CAMPOS DOS GOYTACAZES;Condutor Dormindo;Colis�o frontal;Com V�timas Feridas;Plena Noite;Decrescente;C�u Claro;Simples;Reta;N�o;3;0;2;0;1;0;2;3;-21,75839619;-41,33179814;SPRF-RJ;DEL08-RJ;UOP02-DEL08-RJ;;;
696467;07/06/2025;s�bado;09:20:00;SP;116;127;CACAPAVA;Manobra de mudan�a de faixa;Colis�o lateral mesmo sentido;Com V�timas Feridas;Pleno dia;Crescente;Nublado;Dupla;Reta;N�o;4;0;1;0;2;2;1;4;-23,0917165;-45,67619836;SPRF-SP;DEL02-SP;UOP02-DEL02-SP;;;
696468;07/06/2025;s�bado;10:10:00;PR;376;634;SAO JOSE DOS PINHAIS;Aus�ncia de rea��o do condutor;Colis�o lateral mesmo sentido;Sem V�timas;Pleno dia;Decrescente;Nublado;Dupla;Reta;N�o;3;0;0;0;2;1;0;3;-25,7360632;-49,1314965;SPRF-PR;DEL01-PR;UOP04-DEL01-PR;;;
696469;07/06/2025;s�bado;09:06:00;SP;116;281,9;EMBU DAS ARTES;Acessar a via sem observar a presen�a dos outros ve�culos;Atropelamento de Pedestre;Com V�timas Fatais;Pleno dia;Decrescente;Nublado;Dupla;Reta;Sim;2;1;0;0;1;0;0;2;-23,64644194;-46,83865302;SPRF-SP;DEL04-SP;UOP01-DEL04-SP;;;
696475;07/06/2025;s�bado;10:50:00;SC;101;202,7;SAO JOSE;Mal s�bito do condutor;Colis�o traseira;Com V�timas Feridas;Pleno dia;Crescente;Nublado;M�ltipla;Reta;N�o;4;0;2;0;1;1;2;3;-27,563168;-48,615895;SPRF-SC;DEL01-SC;UOP01-DEL01-SC;;;
696478;07/06/2025;s�bado;09:00:00;RJ;101;318;SAO GONCALO;Transitar no Acostamento;Atropelamento de Pedestre;Com V�timas Feridas;Pleno dia;Decrescente;Nublado;Dupla;Curva;Sim;2;0;1;0;1;0;1;2;-22,85565517;-43,10281919;SPRF-RJ;DEL02-RJ;UOP02-DEL02-RJ;;;
696480;07/06/2025;s�bado;08:32:00;RO;364;515;ARIQUEMES;Acessar a via sem observar a presen�a dos outros ve�culos;Colis�o transversal;Com V�timas Feridas;Pleno dia;Crescente;C�u Claro;Simples;"Reta;Interse��o de Vias;Rotat�ria";Sim;3;0;2;0;0;1;2;2;-9,91621766;-63,05526702;SPRF-RO;DEL03-RO;UOP01-DEL03-RO;;;
696487;07/06/2025;s�bado;11:40:00;ES;101;294,7;CARIACICA;Manobra de mudan�a de faixa;Colis�o lateral mesmo sentido;Com V�timas Feridas;Pleno dia;Crescente;C�u Claro;Dupla;Reta;Sim;2;0;1;0;1;0;1;2;-20,330668;-40,399523;SPRF-ES;DEL01-ES;UOP01-DEL01-ES;;;
696496;07/06/2025;s�bado;09:00:00;GO;20;140,1;SIMOLANDIA;Ultrapassagem Indevida;Colis�o lateral mesmo sentido;Com V�timas Feridas;Pleno dia;Crescente;C�u Claro;Simples;Reta;N�o;4;0;2;0;1;2;2;4;-14,4513838;-46,4691694;SPRF-DF;DEL02-DF;UOP03-DEL02-DF;;;
696498;07/06/2025;s�bado;09:20:00;SC;470;269;BRUNOPOLIS;Velocidade Incompat�vel;Tombamento;Com V�timas Feridas;Pleno dia;Decrescente;C�u Claro;Simples;Curva;N�o;2;0;1;0;0;1;1;2;-27,31920027;-50,76629877;SPRF-SC;DEL07-SC;UOP06-DEL07-SC;;;
696501;07/06/2025;s�bado;13:00:00;MG;50;93;UBERLANDIA;Ingest�o de �lcool pelo condutor;Colis�o traseira;Com V�timas Feridas;Pleno dia;Crescente;C�u Claro;M�ltipla;Reta;N�o;3;0;1;0;1;2;1;4;-19,08307633;-48,18639603;SPRF-MG;DEL15-MG;UOP01-DEL15-MG;;;
696502;07/06/2025;s�bado;13:30:00;BA;110;34;ESPLANADA;Condutor Dormindo;Sa�da de leito carro��vel;Sem V�timas;Pleno dia;Crescente;Nublado;Dupla;"Reta;Declive";N�o;2;0;0;0;1;1;0;2;-11,71976389;-37,92523793;SPRF-BA;DEL07-BA;UOP01-DEL07-BA;;;
696503;07/06/2025;s�bado;12:18:00;GO;158;185;CAIAPONIA;Rea��o tardia ou ineficiente do condutor;Tombamento;Com V�timas Feridas;Pleno dia;Decrescente;C�u Claro;Simples;"Declive;Curva";N�o;2;0;1;0;0;1;1;2;-17,311419;-51,880859;SPRF-GO;DEL05-GO;UOP01-DEL05-GO;;;
696506;07/06/2025;s�bado;14:00:00;ES;101;210;IBIRACU;Condutor Dormindo;Colis�o com objeto;Com V�timas Feridas;Pleno dia;Decrescente;Nublado;Simples;Reta;N�o;2;0;0;1;0;1;1;2;-19,79871833;-40,36991667;SPRF-ES;DEL02-ES;UOP01-DEL02-ES;;;
696510;15/05/2025;quinta-feira;06:30:00;ES;101;414,5;ITAPEMIRIM;Transitar na contram�o;Colis�o frontal;Com V�timas Fatais;Pleno dia;Crescente;Garoa/Chuvisco;Dupla;Reta;N�o;3;1;0;0;1;1;0;3;-20,92705;-41,078952;SPRF-ES;DEL03-ES;UOP02-DEL03-ES;;;
696511;07/06/2025;s�bado;13:20:00;GO;153;606;MORRINHOS;Condutor Dormindo;Colis�o traseira;Sem V�timas;Pleno dia;Decrescente;C�u Claro;Dupla;"Reta;Aclive";N�o;3;0;0;0;2;3;0;5;-17,58674864;-49,19400483;SPRF-GO;DEL03-GO;UOP01-DEL03-GO;;;
696512;14/05/2025;quarta-feira;21:00:00;PR;116;47,5;CAMPINA GRANDE DO SUL;Acessar a via sem observar a presen�a dos outros ve�culos;Colis�o transversal;Com V�timas Feridas;Plena Noite;Crescente;Garoa/Chuvisco;Dupla;"Retorno Regulamentado;Reta";N�o;3;0;1;0;1;12;1;14;-25,215365;-48,902792;SPRF-PR;DEL01-PR;UOP02-DEL01-PR;;;
696513;07/06/2025;s�bado;13:15:00;ES;101;148,9;LINHARES;Estacionar ou parar em local proibido;Colis�o traseira;Com V�timas Feridas;Pleno dia;Decrescente;C�u Claro;Dupla;Reta;Sim;4;0;1;0;3;0;1;3;-19,4005451;-40,06181248;SPRF-ES;DEL04-ES;UOP01-DEL04-ES;;;
696517;07/06/2025;s�bado;09:55:00;ES;101;169,4;LINHARES;Aus�ncia de rea��o do condutor;Colis�o traseira;Com V�timas Feridas;Pleno dia;Decrescente;C�u Claro;Simples;Reta;N�o;3;0;1;0;2;0;1;2;-19,54004872;-40,16106158;SPRF-ES;DEL04-ES;UOP01-DEL04-ES;;;
696518;07/06/2025;s�bado;14:40:00;PB;101;29,9;RIO TINTO;Ingest�o de �lcool pelo condutor;Colis�o transversal;Com V�timas Feridas;Pleno dia;Crescente;C�u Claro;Dupla;"Reta;Interse��o de Vias";N�o;6;0;2;2;1;2;4;4;-6,748847;-35,133819;SPRF-PB;DEL01-PB;UOP03-DEL01-PB;;;
696523;07/06/2025;s�bado;14:05:00;BA;101;180;FEIRA DE SANTANA;Ultrapassagem Indevida;Tombamento;Com V�timas Feridas;Pleno dia;Decrescente;C�u Claro;Simples;Aclive;N�o;2;0;0;1;0;1;1;2;-12,35597041;-38,84933263;SPRF-BA;DEL01-BA;UOP03-DEL01-BA;;;
696527;07/06/2025;s�bado;08:45:00;RJ;40;34;AREAL;Curva acentuada;Tombamento;Com V�timas Feridas;Pleno dia;Decrescente;Nublado;Dupla;Curva;N�o;2;0;1;0;0;1;1;2;-22,23908868;-43,10805408;SPRF-RJ;DEL05-RJ;UOP02-DEL05-RJ;;;
696530;07/06/2025;s�bado;15:00:00;SC;280;83;CORUPA;Condutor deixou de manter dist�ncia do ve�culo da frente;Colis�o traseira;Com V�timas Feridas;Pleno dia;Decrescente;Nevoeiro/Neblina;Simples;Reta;N�o;4;0;0;1;3;0;1;3;-26,4281921;-49,25222397;SPRF-SC;DEL06-SC;UOP03-DEL06-SC;;;
696535;07/06/2025;s�bado;16:10:00;DF;60;7,9;BRASILIA;Rea��o tardia ou ineficiente do condutor;Colis�o traseira;Com V�timas Feridas;Pleno dia;Decrescente;C�u Claro;Dupla;Reta;N�o;2;0;1;0;1;0;1;2;-15,903906;-48,131536;SPRF-DF;DEL03-DF;UOP01-DEL03-DF;;;
696541;07/06/2025;s�bado;15:45:00;PR;116;112;CURITIBA;Manobra de mudan�a de faixa;Colis�o traseira;Com V�timas Feridas;Pleno dia;Crescente;Nublado;Dupla;Reta;Sim;3;0;1;0;2;0;1;2;-25,5496924;-49,28354348;SPRF-PR;DEL01-PR;UOP03-DEL01-PR;;;
696543;07/06/2025;s�bado;08:45:00;MG;354;736,2;POUSO ALTO;Velocidade Incompat�vel;Colis�o com objeto;Sem V�timas;Pleno dia;Decrescente;C�u Claro;Simples;"Declive;Curva;Ponte";Sim;3;0;0;0;1;2;0;3;-22,20052193;-44,96780992;SPRF-MG;DEL17-MG;UOP01-DEL17-MG;;;
696546;07/06/2025;s�bado;17:00:00;SC;101;194,5;BIGUACU;Acessar a via sem observar a presen�a dos outros ve�culos;Colis�o lateral mesmo sentido;Com V�timas Feridas;Pleno dia;Decrescente;Nublado;M�ltipla;Reta;Sim;3;0;1;0;1;1;1;3;-27,501365;-48,653489;SPRF-SC;DEL01-SC;UOP01-DEL01-SC;;;
696558;07/06/2025;s�bado;15:50:00;MS;487;1;NAVIRAI;Demais Fen�menos da natureza;Tombamento;Com V�timas Feridas;Pleno dia;Decrescente;Chuva;Simples;"Reta;Ponte";N�o;3;0;2;0;0;2;2;3;-23,34607;-53,80165;SPRF-MS;DEL09-MS;UOP01-DEL09-MS;;;
696561;07/06/2025;s�bado;17:10:00;MS;163;614,3;SAO GABRIEL DO OESTE;Acessar a via sem observar a presen�a dos outros ve�culos;Colis�o transversal;Com V�timas Feridas;Anoitecer;Crescente;C�u Claro;Simples;"Reta;Interse��o de Vias";Sim;4;0;2;0;1;3;2;5;-19,39599528;-54,56733076;SPRF-MS;DEL06-MS;UOP02-DEL06-MS;;;
696564;07/06/2025;s�bado;12:00:00;MT;163;595;NOVA MUTUM;Aus�ncia de rea��o do condutor;Colis�o com objeto;Com V�timas Feridas;Pleno dia;Decrescente;C�u Claro;Dupla;Reta;Sim;3;0;1;1;0;1;2;2;-13,83827201;-56,08319789;SPRF-MT;DEL01-MT;UOP01-DEL01-MT;;;
696565;03/06/2025;ter�a-feira;15:40:00;RO;364;26;VILHENA;Demais falhas mec�nicas ou el�tricas;Inc�ndio;Sem V�timas;Pleno dia;Crescente;C�u Claro;Simples;Reta;N�o;1;0;0;0;0;1;0;1;-12,72466102;-60,24086952;SPRF-RO;DEL04-RO;UOP01-DEL04-RO;;;
696569;07/06/2025;s�bado;10:36:00;MT;163;588;NOVA MUTUM;Rea��o tardia ou ineficiente do condutor;Sa�da de leito carro��vel;Com V�timas Feridas;Pleno dia;Crescente;C�u Claro;Dupla;Reta;N�o;2;0;1;0;0;3;1;4;-13,905;-56,092;SPRF-MT;DEL01-MT;UOP01-DEL01-MT;;;
696574;07/06/2025;s�bado;18:30:00;BA;116;3;VITORIA DA CONQUISTA;Ultrapassagem Indevida;Colis�o frontal;Com V�timas Feridas;Plena Noite;Crescente;Nublado;Simples;Reta;N�o;3;0;1;1;1;0;2;3;-14,8248;-40,8607;SPRF-BA;DEL08-BA;UOP01-DEL08-BA;;;
696585;07/06/2025;s�bado;18:15:00;MG;251;206;AGUAS VERMELHAS;Demais falhas mec�nicas ou el�tricas;Inc�ndio;Sem V�timas;Anoitecer;Decrescente;C�u Claro;Simples;Reta;N�o;2;0;0;0;1;1;0;2;-15,864405;-41,508726;SPRF-MG;DEL12-MG;UOP02-DEL12-MG;;;
696586;07/06/2025;s�bado;19:30:00;BA;101;878;TEIXEIRA DE FREITAS;Ingest�o de �lcool pelo condutor;Colis�o transversal;Com V�timas Feridas;Plena Noite;Decrescente;C�u Claro;Simples;"Reta;Interse��o de Vias";N�o;3;0;2;0;1;0;2;2;-17,54938418;-39,72071439;SPRF-BA;DEL09-BA;UOP02-DEL09-BA;;;
696592;07/06/2025;s�bado;20:20:00;PR;277;2;PARANAGUA;Transitar na contram�o;Colis�o frontal;Com V�timas Feridas;Plena Noite;Crescente;Chuva;Simples;"Reta;Interse��o de Vias";Sim;8;0;5;0;2;4;5;7;-25,48263;-48,56083;SPRF-PR;DEL01-PR;UOP05-DEL01-PR;;;
696597;07/06/2025;s�bado;11:45:00;SC;280;95;CORUPA;Aus�ncia de rea��o do condutor;Colis�o com objeto;Sem V�timas;Pleno dia;Decrescente;Nevoeiro/Neblina;Simples;"Declive;Curva";N�o;1;0;0;0;0;1;0;1;-26,382468;-49,31515;SPRF-SC;DEL06-SC;UOP03-DEL06-SC;;;
696603;07/06/2025;s�bado;16:15:00;MS;158;119,1;APARECIDA DO TABOADO;Rea��o tardia ou ineficiente do condutor;Sa�da de leito carro��vel;Com V�timas Feridas;Pleno dia;Decrescente;C�u Claro;Simples;Reta;N�o;4;0;2;0;1;1;2;2;-19,8499326;-51,1177164;SPRF-MS;DEL08-MS;UOP01-DEL08-MS;;;
696617;07/06/2025;s�bado;19:20:00;PR;116;177;QUITANDINHA;Aus�ncia de rea��o do condutor;Sa�da de leito carro��vel;Com V�timas Feridas;Plena Noite;Decrescente;Garoa/Chuvisco;Simples;"Aclive;Curva";Sim;2;0;1;0;0;1;1;2;-25,909415;-49,586917;SPRF-PR;DEL01-PR;UOP03-DEL01-PR;;;
696620;07/06/2025;s�bado;14:10:00;PE;428;148;PETROLINA;Ultrapassagem Indevida;Colis�o frontal;Com V�timas Fatais;Pleno dia;Crescente;C�u Claro;Simples;Reta;N�o;7;1;2;2;1;1;4;4;-9,057808;-40,304102;SPRF-PE;DEL06-PE;UOP01-DEL06-PE;;;
696630;07/06/2025;s�bado;18:15:00;GO;153;271;NOVA GLORIA;Ultrapassagem Indevida;Colis�o frontal;Com V�timas Fatais;Anoitecer;Crescente;C�u Claro;Simples;Reta;N�o;4;2;0;0;1;2;0;4;-15,080767;-49,4637628;SPRF-GO;DEL07-GO;UOP02-DEL07-GO;;;
696638;07/06/2025;s�bado;19:00:00;BA;116;29;VITORIA DA CONQUISTA;Acessar a via sem observar a presen�a dos outros ve�culos;Colis�o frontal;Sem V�timas;Plena Noite;Crescente;C�u Claro;Simples;Reta;N�o;3;0;0;0;2;1;0;3;-14,8258;-40,8327;SPRF-BA;DEL08-BA;UOP01-DEL08-BA;;;
696644;07/06/2025;s�bado;23:00:00;PR;376;626;SAO JOSE DOS PINHAIS;Rea��o tardia ou ineficiente do condutor;Colis�o lateral mesmo sentido;Sem V�timas;Plena Noite;Crescente;Chuva;Dupla;Reta;N�o;2;0;0;0;2;0;0;2;-25,6718547;-49,15231705;SPRF-PR;DEL01-PR;UOP04-DEL01-PR;;;
696648;07/06/2025;s�bado;22:35:00;MT;364;285,3;JACIARA;Rea��o tardia ou ineficiente do condutor;Sa�da de leito carro��vel;Com V�timas Feridas;Plena Noite;Decrescente;C�u Claro;Dupla;Curva;N�o;2;0;1;0;0;1;1;2;-15,902217;-55,053942;SPRF-MT;DEL05-MT;UOP02-DEL05-MT;;;
696649;07/06/2025;s�bado;22:15:00;RJ;465;20;NOVA IGUACU;Transitar no Acostamento;Colis�o lateral mesmo sentido;Com V�timas Feridas;Plena Noite;Crescente;Nublado;Simples;Curva;Sim;2;0;1;0;0;1;1;2;-22,8506147;-43,60217063;SPRF-RJ;DEL06-RJ;UOP02-DEL06-RJ;;;
696652;07/06/2025;s�bado;23:00:00;PR;376;88,1;PARANAVAI;Aus�ncia de rea��o do condutor;Colis�o com objeto;Sem V�timas;Plena Noite;Crescente;Chuva;Simples;"Aclive;Interse��o de Vias";N�o;2;0;0;0;1;3;0;4;-22,991;-52,59457;SPRF-PR;DEL09-PR;UOP02-DEL09-PR;;;
696660;08/06/2025;domingo;01:00:00;GO;40;64,8;CRISTALINA;Ingest�o de �lcool pelo condutor;Colis�o traseira;Sem V�timas;Plena Noite;Crescente;C�u Claro;Simples;"Aclive;Reta";N�o;3;0;0;0;2;1;0;3;-16,55924;-47,79008;SPRF-DF;DEL01-DF;UOP02-DEL01-DF;;;
696676;08/06/2025;domingo;01:45:00;MG;365;295;JOAO PINHEIRO;Condutor Dormindo;Colis�o frontal;Com V�timas Fatais;Plena Noite;Crescente;C�u Claro;Simples;"Reta;Declive";N�o;3;1;0;0;1;1;0;3;-18,105249;-45,698021;SPRF-MG;DEL10-MG;UOP02-DEL010-MG;;;
696679;08/06/2025;domingo;01:40:00;PA;10;192,8;IPIXUNA DO PARA;Manobra de mudan�a de faixa;Colis�o lateral sentido oposto;Com V�timas Feridas;Plena Noite;Decrescente;Ignorado;Simples;Reta;N�o;2;0;0;1;1;0;1;2;-2,745205;-47,46051;SPRF-PA;DEL02-PA;UOP01-DEL02-PA;;;
696680;08/06/2025;domingo;02:50:00;RJ;116;193;NOVA IGUACU;Manobra de mudan�a de faixa;Queda de ocupante de ve�culo;Com V�timas Fatais;Plena Noite;Crescente;C�u Claro;Dupla;Reta;N�o;5;1;0;0;1;3;0;5;-22,7371434;-43,4578243;SPRF-RJ;DEL06-RJ;UOP01-DEL06-RJ;;;
696681;07/06/2025;s�bado;22:10:00;PR;277;437,9;VIRMOND;Condutor Dormindo;Sa�da de leito carro��vel;Com V�timas Fatais;Plena Noite;Decrescente;C�u Claro;Simples;Reta;N�o;3;1;1;0;0;2;1;3;-25,37569246;-52,25536392;SPRF-PR;DEL04-PR;UOP02-DEL04-PR;;;
696687;08/06/2025;domingo;02:45:00;MA;316;539,8;CAXIAS;Animais na Pista;Capotamento;Sem V�timas;Plena Noite;Decrescente;C�u Claro;Simples;Reta;N�o;2;0;0;0;1;1;0;2;-4,85175;-43,446785;SPRF-MA;DEL03-MA;UOP02-DEL03-MA;;;
696698;08/06/2025;domingo;05:00:00;SC;101;148;ITAPEMA;Aus�ncia de rea��o do condutor;Colis�o traseira;Sem V�timas;Plena Noite;Decrescente;C�u Claro;Dupla;Reta;Sim;3;0;0;0;1;2;0;3;-27,10015695;-48,61825436;SPRF-SC;DEL04-SC;UOP03-DEL04-SC;;;
696704;08/06/2025;domingo;06:00:00;MG;40;521,7;CONTAGEM;Demais falhas mec�nicas ou el�tricas;Inc�ndio;Sem V�timas;Amanhecer;Crescente;C�u Claro;Dupla;Reta;N�o;2;0;0;0;1;1;0;2;-19,8609657;-44,0702239;SPRF-MG;DEL01-MG;UOP02-DEL01-MG;;;
696715;08/06/2025;domingo;04:00:00;PA;308;152;CAPANEMA;Estacionar ou parar em local proibido;Colis�o com objeto;Com V�timas Fatais;Plena Noite;Decrescente;C�u Claro;Simples;Reta;Sim;4;1;0;0;2;3;0;5;-1,20678919;-47,15891431;SPRF-PA;DEL01-PA;UOP03-DEL01-PA;;;
696725;08/06/2025;domingo;06:40:00;PR;277;453;LARANJEIRAS DO SUL;Transitar na contram�o;Colis�o lateral sentido oposto;Com V�timas Feridas;Amanhecer;Crescente;C�u Claro;Simples;"Declive;Reta";N�o;5;0;2;0;2;1;2;3;-25,380653;-52,399533;SPRF-PR;DEL04-PR;UOP02-DEL04-PR;;;
696733;08/06/2025;domingo;06:20:00;MT;163;559;DIAMANTINO;Rea��o tardia ou ineficiente do condutor;Sa�da de leito carro��vel;Sem V�timas;Amanhecer;Decrescente;C�u Claro;Simples;Curva;N�o;2;0;0;0;1;3;0;4;-14,5321493;-56,2306609;SPRF-MT;DEL01-MT;UOP01-DEL01-MT;;;
696734;08/06/2025;domingo;06:15:00;PA;10;217,2;IPIXUNA DO PARA;Manobra de mudan�a de faixa;Colis�o lateral mesmo sentido;Com V�timas Feridas;Amanhecer;Decrescente;Nublado;Simples;"Declive;Reta";N�o;4;0;2;0;1;1;2;4;-2,532647;-47,50084;SPRF-PA;DEL02-PA;UOP01-DEL02-PA;;;
696739;08/06/2025;domingo;09:40:00;MG;40;617,4;CONGONHAS;Aus�ncia de rea��o do condutor;Colis�o traseira;Com V�timas Feridas;Pleno dia;Crescente;C�u Claro;Simples;Reta;Sim;5;0;1;0;3;1;1;4;-20,56186166;-43,81281;SPRF-MG;DEL05-MG;UOP02-DEL05-MG;;;