id;data_inversa;dia_semana;horario;uf;br;km;municipio;causa_acidente;tipo_acidente;classificacao_acidente;fase_dia;sentido_via;condicao_metereologica;tipo_pista;tracado_via;uso_solo;pessoas;mortos;feridos_leves;feridos_graves;ilesos;ignorados;feridos;veiculos;latitude;longitude;regional;delegacia;uop;;;
696740;08/06/2025;domingo;08:10:00;PR;369;491,2;CASCAVEL;Transitar na contram�o;Colis�o frontal;Com V�timas Fatais;Pleno dia;Decrescente;Nublado;Simples;"Declive;Reta";N�o;3;1;0;0;1;1;0;3;-24,844449;-53,31772;SPRF-PR;DEL04-PR;UOP01-DEL04-PR;;;
696748;29/04/2025;ter�a-feira;14:25:00;MG;381;341;BELA VISTA DE MINAS;Acessar a via sem observar a presen�a dos outros ve�culos;Colis�o transversal;Sem V�timas;Pleno dia;Crescente;C�u Claro;Simples;Reta;Sim;4;0;0;0;0;4;0;3;-19,829318;-43,091847;SPRF-MG;DEL03-MG;UOP01-DEL03-MG;;;
696753;08/06/2025;domingo;10:00:00;MG;365;750;ITUIUTABA;Acessar a via sem observar a presen�a dos outros ve�culos;Colis�o lateral mesmo sentido;Com V�timas Feridas;Pleno dia;Decrescente;C�u Claro;Simples;"Reta;Interse��o de Vias;Em Obras";Sim;4;0;1;0;2;1;1;3;-18,9745;-49,46;SPRF-MG;DEL15-MG;UOP03-DEL15-MG;;;
696754;08/06/2025;domingo;11:00:00;ES;262;75,6;DOMINGOS MARTINS;Condutor Dormindo;Colis�o lateral sentido oposto;Com V�timas Feridas;Pleno dia;Crescente;C�u Claro;Simples;Curva;N�o;4;0;2;0;1;1;2;3;-20,41571057;-40,906412;SPRF-ES;DEL01-ES;UOP02-DEL01-ES;;;
696755;08/06/2025;domingo;11:22:00;GO;50;278,7;CATALAO;Entrada inopinada do pedestre;Atropelamento de Pedestre;Com V�timas Feridas;Pleno dia;Crescente;C�u Claro;Simples;Interse��o de Vias;Sim;5;0;0;1;3;1;1;3;-18,1404533;-47,90514886;SPRF-GO;DEL06-GO;UOP01-DEL06-GO;;;
696759;08/06/2025;domingo;10:28:00;MT;163;816;SINOP;Acessar a via sem observar a presen�a dos outros ve�culos;Colis�o transversal;Com V�timas Feridas;Pleno dia;Decrescente;C�u Claro;Simples;"Retorno Regulamentado;Reta";N�o;5;0;2;1;1;3;3;5;-12,02575771;-55,51724765;SPRF-MT;DEL06-MT;UOP02-DEL06-MT;;;
696763;08/06/2025;domingo;11:20:00;SP;153;39,7;ONDA VERDE;Desrespeitar a prefer�ncia no cruzamento;Colis�o transversal;Com V�timas Feridas;Pleno dia;Decrescente;C�u Claro;Simples;Curva;N�o;5;0;3;0;1;1;3;3;-20,616742;-49,333044;SPRF-SP;DEL09-SP;UOP01-DEL09-SP;;;
696766;08/06/2025;domingo;07:21:00;SE;101;199;CRISTINAPOLIS;Transitar na contram�o;Colis�o transversal;Com V�timas Feridas;Pleno dia;Decrescente;C�u Claro;Simples;Reta;Sim;3;0;1;0;2;0;1;3;-11,47528172;-37,75371965;SPRF-SE;DEL02-SE;UOP03-DEL02-SE;;;
696769;08/06/2025;domingo;08:15:00;BA;20;132;SAO DESIDERIO;Ingest�o de �lcool pelo condutor;Colis�o traseira;Com V�timas Feridas;Pleno dia;Decrescente;C�u Claro;Simples;"Aclive;Reta";N�o;3;0;1;0;1;1;1;3;-12,81934142;-45,95763582;SPRF-BA;DEL10-BA;UOP01-DEL10-BA;;;
696771;08/06/2025;domingo;09:55:00;GO;60;408;RIO VERDE;Demais falhas mec�nicas ou el�tricas;Inc�ndio;Sem V�timas;Pleno dia;Decrescente;C�u Claro;Dupla;Declive;N�o;2;0;0;0;1;1;0;2;-17,816965;-51,139847;SPRF-GO;DEL04-GO;UOP02-DEL04-GO;;;
696772;08/06/2025;domingo;04:35:00;MG;251;513;GRAO MOGOL;Condutor Dormindo;Sa�da de leito carro��vel;Com V�timas Feridas;Plena Noite;Decrescente;C�u Claro;Simples;Reta;N�o;2;0;1;0;0;1;1;2;-16,292086;-43,032045;SPRF-MG;DEL12-MG;UOP01-DEL12-MG;;;
696786;08/06/2025;domingo;15:05:00;MG;116;549,3;SANTA BARBARA DO LESTE;Problema com o freio;Inc�ndio;Sem V�timas;Pleno dia;Crescente;C�u Claro;Simples;Reta;N�o;2;0;0;0;1;1;0;2;-19,9704669;-42,1351758;SPRF-MG;DEL06-MG;UOP02-DEL06-MG;;;
696797;08/06/2025;domingo;14:20:00;RJ;493;24;MAGE;Condutor deixou de manter dist�ncia do ve�culo da frente;Tombamento;Com V�timas Feridas;Pleno dia;Decrescente;Nublado;Simples;Reta;N�o;3;0;2;0;0;1;2;2;-22,65869029;-43,07842255;SPRF-RJ;DEL04-RJ;UOP02-DEL04-RJ;;;
696799;08/06/2025;domingo;13:10:00;PR;277;187;PALMEIRA;Condutor deixou de manter dist�ncia do ve�culo da frente;Colis�o traseira;Com V�timas Feridas;Pleno dia;Decrescente;C�u Claro;Simples;Curva;N�o;3;0;0;1;1;1;1;3;-25,423608;-50,09667;SPRF-PR;DEL08-PR;UOP02-DEL08-PR;;;
696803;08/06/2025;domingo;16:15:00;MG;116;409,1;GOVERNADOR VALADARES;Acessar a via sem observar a presen�a dos outros ve�culos;Colis�o transversal;Com V�timas Feridas;Pleno dia;Decrescente;C�u Claro;Dupla;"Reta;Retorno Regulamentado";Sim;3;0;1;0;1;2;1;4;-18,85101769;-41,97786424;SPRF-MG;DEL06-MG;UOP01-DEL06-MG;;;
696808;08/06/2025;domingo;14:30:00;BA;101;385;IBIRAPITANGA;Velocidade Incompat�vel;Tombamento;Com V�timas Feridas;Pleno dia;Crescente;C�u Claro;Simples;Curva;N�o;2;0;1;0;0;1;1;2;-13,908873;-39,480525;SPRF-BA;DEL05-BA;UOP03-DEL05-BA;;;
696812;08/06/2025;domingo;15:15:00;PA;10;176,1;PARAGOMINAS;Velocidade Incompat�vel;Tombamento;Com V�timas Feridas;Pleno dia;Decrescente;C�u Claro;Simples;"Curva;Rotat�ria";N�o;2;0;1;0;0;1;1;2;-2,895118;-47,433965;SPRF-PA;DEL02-PA;UOP01-DEL02-PA;;;
696820;08/06/2025;domingo;15:00:00;PI;135;315;CRISTINO CASTRO;Demais falhas mec�nicas ou el�tricas;Inc�ndio;Sem V�timas;Pleno dia;Crescente;Sol;Simples;Reta;N�o;2;0;0;0;1;1;0;2;-8,80467178;-44,21550751;SPRF-PI;DEL03-PI;UOP02-DEL03-PI;;;
696832;08/06/2025;domingo;19:32:00;GO;50;279,3;CATALAO;Ultrapassagem Indevida;Colis�o frontal;Com V�timas Feridas;Plena Noite;Decrescente;C�u Claro;Simples;"Reta;Em Obras";Sim;4;0;0;1;2;1;1;4;-18,15807036;-47,90858209;SPRF-GO;DEL06-GO;UOP01-DEL06-GO;;;
696834;08/06/2025;domingo;17:20:00;PR;163;147,2;CAPITAO LEONIDAS MARQUES;Ingest�o de �lcool pelo condutor;Tombamento;Com V�timas Feridas;Anoitecer;Crescente;C�u Claro;Dupla;"Aclive;Curva";N�o;4;0;3;0;0;1;3;2;-25,45447008;-53,58142599;SPRF-PR;DEL05-PR;UOP05-DEL05-PR;;;
696839;08/06/2025;domingo;18:30:00;RS;392;98,9;PELOTAS;Ingest�o de �lcool pelo condutor;Colis�o traseira;Sem V�timas;Plena Noite;Crescente;C�u Claro;Simples;"Reta;Aclive";N�o;3;0;0;0;2;1;0;3;-31,58207831;-52,53480658;SPRF-RS;DEL07-RS;UOP01-DEL07-RS;;;
696842;08/06/2025;domingo;18:30:00;SC;101;119;ITAJAI;Acessar a via sem observar a presen�a dos outros ve�culos;Colis�o lateral mesmo sentido;Com V�timas Feridas;Anoitecer;Crescente;C�u Claro;M�ltipla;"Reta;Interse��o de Vias";Sim;5;0;1;0;2;2;1;5;-26,90676315;-48,7147522;SPRF-SC;DEL04-SC;UOP04-DEL04-SC;;;
696845;08/06/2025;domingo;15:00:00;BA;116;647;JAGUAQUARA;Velocidade Incompat�vel;Sa�da de leito carro��vel;Com V�timas Feridas;Pleno dia;Crescente;C�u Claro;Simples;Reta;N�o;1;0;1;0;0;0;1;1;-13,54854638;-40,07194519;SPRF-BA;DEL03-BA;UOP01-DEL03-BA;;;
696850;08/06/2025;domingo;18:30:00;BA;116;791,8;VITORIA DA CONQUISTA;Condutor deixou de manter dist�ncia do ve�culo da frente;Sa�da de leito carro��vel;Com V�timas Feridas;Plena Noite;Crescente;C�u Claro;Simples;"Reta;Declive";N�o;2;0;1;0;0;1;1;2;-14,708;-40,597;SPRF-BA;DEL08-BA;UOP02-DEL08-BA;;;
696853;08/06/2025;domingo;16:00:00;RJ;116;229;PIRAI;Aus�ncia de rea��o do condutor;Engavetamento;Com V�timas Feridas;Pleno dia;Decrescente;Garoa/Chuvisco;Dupla;"Curva;Declive";N�o;11;0;1;0;9;1;1;5;-22,66819467;-43,83091092;SPRF-RJ;DEL07-RJ;UOP01-DEL07-RJ;;;
696866;08/06/2025;domingo;16:20:00;BA;349;895;SANTA MARIA DA VITORIA;Acessar a via sem observar a presen�a dos outros ve�culos;Colis�o transversal;Com V�timas Fatais;Pleno dia;Crescente;C�u Claro;Simples;"Reta;Interse��o de Vias";N�o;3;1;0;0;1;2;0;4;-13,39078856;-44,25704956;SPRF-BA;DEL10-BA;UOP02-DEL10-BA;;;
696869;08/06/2025;domingo;16:45:00;PA;222;138;RONDON DO PARA;Ultrapassagem Indevida;Colis�o traseira;Com V�timas Fatais;Pleno dia;Crescente;C�u Claro;Simples;"Reta;Aclive";N�o;2;1;0;0;1;0;0;2;-4,889732;-48,2809;SPRF-PA;DEL02-PA;UOP02-DEL02-PA;;;
696872;08/06/2025;domingo;20:50:00;PE;101;76;RECIFE;Rea��o tardia ou ineficiente do condutor;Sa�da de leito carro��vel;Com V�timas Feridas;Plena Noite;Crescente;C�u Claro;Dupla;Curva;Sim;2;0;0;1;0;1;1;2;-8,11811;-34,94336;SPRF-PE;DEL01-PE;UOP01-DEL01-PE;;;
696880;08/06/2025;domingo;22:00:00;BA;116;441;ANTONIO CARDOSO;Condutor Dormindo;Sa�da de leito carro��vel;Com V�timas Feridas;Plena Noite;Crescente;Ignorado;Dupla;"Reta;Ponte";N�o;1;0;0;1;0;0;1;1;-12,353692;-39,094885;SPRF-BA;DEL02-BA;UOP01-DEL02-BA;;;
696888;08/06/2025;domingo;22:00:00;PR;116;108;SAO JOSE DOS PINHAIS;Aus�ncia de rea��o do condutor;Colis�o traseira;Com V�timas Feridas;Plena Noite;Crescente;Garoa/Chuvisco;Dupla;Reta;N�o;5;0;0;2;3;0;2;4;-25,567957;-49,233741;SPRF-PR;DEL01-PR;UOP03-DEL01-PR;;;
696892;08/06/2025;domingo;21:40:00;GO;40;94;CRISTALINA;Objeto est�tico sobre o leito carro��vel;Colis�o traseira;Com V�timas Feridas;Plena Noite;Crescente;C�u Claro;Simples;Reta;Sim;3;0;1;0;0;2;1;3;-16,74870146;-47,60918856;SPRF-DF;DEL01-DF;UOP02-DEL01-DF;;;
696896;08/06/2025;domingo;20:00:00;RJ;393;128;SAPUCAIA;Velocidade Incompat�vel;Colis�o frontal;Com V�timas Feridas;Plena Noite;Decrescente;Chuva;Simples;Reta;N�o;5;0;1;2;1;1;3;3;-21,97275789;-42,88133383;SPRF-RJ;DEL05-RJ;UOP01-DEL05-RJ;;;
696918;09/06/2025;segunda-feira;00:30:00;MG;381;336,5;SANTANA DO PARAISO;Condutor Dormindo;Colis�o frontal;Com V�timas Feridas;Plena Noite;Decrescente;C�u Claro;Simples;Curva;N�o;2;0;0;1;1;0;1;2;-19,40250173;-42,48341632;SPRF-MG;DEL03-MG;UOP01-DEL03-MG;;;
696919;09/06/2025;segunda-feira;04:36:00;MG;381;863;POUSO ALEGRE;Aus�ncia de rea��o do condutor;Colis�o lateral mesmo sentido;Com V�timas Feridas;Plena Noite;Crescente;Chuva;Dupla;Reta;N�o;2;0;1;0;0;1;1;2;-22,3317723;-45,91784298;SPRF-MG;DEL16-MG;UOP01-DEL16-MG;;;
696923;09/06/2025;segunda-feira;03:50:00;RJ;465;17;NOVA IGUACU;Rea��o tardia ou ineficiente do condutor;Colis�o frontal;Com V�timas Feridas;Plena Noite;Decrescente;Chuva;Simples;Reta;N�o;4;0;3;0;0;1;3;2;-22,82057068;-43,62160206;SPRF-RJ;DEL06-RJ;UOP02-DEL06-RJ;;;
696928;09/06/2025;segunda-feira;04:20:00;MG;262;134;RIO CASCA;Condutor Dormindo;Tombamento;Com V�timas Feridas;Plena Noite;Decrescente;C�u Claro;Simples;Reta;N�o;2;0;1;0;1;0;1;1;-20,12238908;-42,69353433;SPRF-MG;DEL03-MG;UOP03-DEL03-MG;;;
696930;09/06/2025;segunda-feira;05:40:00;MG;40;476,2;SETE LAGOAS;Manobra de mudan�a de faixa;Colis�o lateral mesmo sentido;Com V�timas Feridas;Amanhecer;Crescente;Nublado;Dupla;"Reta;Declive";N�o;2;0;0;1;0;1;1;2;-19,53292764;-44,25682801;SPRF-MG;DEL02-MG;UOP01-DEL02-MG;;;
696931;08/06/2025;domingo;21:00:00;RO;364;1017;PORTO VELHO;Ilumina��o deficiente;Queda de ocupante de ve�culo;Com V�timas Feridas;Plena Noite;Decrescente;C�u Claro;Simples;"Reta;Aclive";N�o;3;0;0;1;1;2;1;4;-9,75342047;-66,23139382;SPRF-RO;DEL01-RO;UOP03-DEL01-RO;;;
696935;09/06/2025;segunda-feira;06:00:00;SP;116;117;TAUBATE;Rea��o tardia ou ineficiente do condutor;Colis�o lateral mesmo sentido;Com V�timas Feridas;Pleno dia;Crescente;Nublado;Dupla;Reta;Sim;2;0;1;0;0;1;1;2;-23,05783809;-45,61748743;SPRF-SP;DEL02-SP;UOP02-DEL02-SP;;;
696940;09/06/2025;segunda-feira;06:40:00;CE;116;14,3;FORTALEZA;Acessar a via sem observar a presen�a dos outros ve�culos;Colis�o lateral mesmo sentido;Com V�timas Feridas;Pleno dia;Crescente;C�u Claro;Simples;Reta;Sim;3;0;1;0;1;1;1;3;-3,8759209;-38,5000929;SPRF-CE;DEL01-CE;UOP02-DEL01-CE;;;
696959;09/06/2025;segunda-feira;06:30:00;BA;20;2;CORRENTINA;Transitar na contram�o;Colis�o lateral sentido oposto;Com V�timas Feridas;Pleno dia;Decrescente;Sol;Simples;Reta;N�o;5;0;1;0;3;1;1;2;-13,91873115;-46,18767548;SPRF-BA;DEL10-BA;UOP02-DEL10-BA;;;
696960;09/06/2025;segunda-feira;08:05:00;MS;262;288,8;CAMPO GRANDE;Aus�ncia de rea��o do condutor;Colis�o frontal;Com V�timas Fatais;Amanhecer;Decrescente;C�u Claro;Simples;Reta;N�o;5;1;1;1;1;1;2;3;-20,49088;-54,192213;SPRF-MS;DEL01-MS;UOP05-DEL01-MS;;;
696961;01/06/2025;domingo;08:00:00;MG;251;386;GRAO MOGOL;Demais falhas mec�nicas ou el�tricas;Inc�ndio;Sem V�timas;Pleno dia;Decrescente;C�u Claro;Simples;Reta;N�o;2;0;0;0;1;1;0;2;-16,30066;-42,71173;SPRF-MG;DEL12-MG;UOP01-DEL12-MG;;;
696964;09/06/2025;segunda-feira;05:50:00;SC;163;1,7;DIONISIO CERQUEIRA;Rea��o tardia ou ineficiente do condutor;Colis�o frontal;Com V�timas Fatais;Amanhecer;Crescente;C�u Claro;Simples;Curva;N�o;2;1;0;0;1;0;0;2;-26,28028705;-53,56993409;SPRF-SC;DEL07-SC;UOP03-DEL07-SC;;;
696965;09/06/2025;segunda-feira;09:15:00;RJ;116;272;BARRA MANSA;Aus�ncia de rea��o do condutor;Colis�o traseira;Com V�timas Feridas;Pleno dia;Decrescente;Chuva;Dupla;Curva;Sim;4;0;2;0;2;0;2;3;-22,4700059;-44,2790569;SPRF-RJ;DEL07-RJ;UOP02-DEL07-RJ;;;
696966;09/06/2025;segunda-feira;08:40:00;MG;365;614;UBERLANDIA;Mal s�bito do condutor;Colis�o frontal;Com V�timas Feridas;Pleno dia;Crescente;Sol;Simples;"Declive;Reta";N�o;3;0;0;1;1;1;1;3;-18,912238;-48,219874;SPRF-MG;DEL15-MG;UOP01-DEL15-MG;;;
696969;09/06/2025;segunda-feira;10:00:00;SP;116;218;GUARULHOS;Chuva;Queda de ocupante de ve�culo;Com V�timas Feridas;Pleno dia;Crescente;Chuva;M�ltipla;Reta;Sim;2;0;1;0;1;0;1;2;-23,45965995;-46,48139477;SPRF-SP;DEL01-SP;UOP01-DEL01-SP;;;
696971;09/06/2025;segunda-feira;10:25:00;SP;116;219;GUARULHOS;Rea��o tardia ou ineficiente do condutor;Colis�o lateral mesmo sentido;Com V�timas Feridas;Pleno dia;Crescente;Nublado;M�ltipla;Reta;Sim;4;0;1;0;1;2;1;4;-23,4626532;-46,49298573;SPRF-SP;DEL01-SP;UOP01-DEL01-SP;;;
696973;09/06/2025;segunda-feira;08:15:00;GO;70;0;AGUAS LINDAS DE GOIAS;Demais falhas mec�nicas ou el�tricas;Sa�da de leito carro��vel;Com V�timas Feridas;Pleno dia;Decrescente;C�u Claro;M�ltipla;Reta;N�o;2;0;1;0;1;0;1;2;-15,781745;-48,23404;SPRF-DF;DEL03-DF;UOP02-DEL03-DF;;;
696979;09/06/2025;segunda-feira;10:00:00;RJ;40;97;DUQUE DE CAXIAS;Restri��o de visibilidade em curvas horizontais;Colis�o lateral mesmo sentido;Sem V�timas;Pleno dia;Decrescente;Nublado;Dupla;Curva;N�o;3;0;0;0;2;1;0;3;-22,58721;-43,269362;SPRF-RJ;DEL01-RJ;UOP01-DEL01-RJ;;;
696985;09/06/2025;segunda-feira;09:05:00;RR;174;451,1;MUCAJAI;Transitar na contram�o;Colis�o lateral sentido oposto;Com V�timas Feridas;Pleno dia;Decrescente;Chuva;Simples;Curva;Sim;4;0;1;1;1;1;2;3;2,463217;-60,920535;SPRF-RR;DEL01-RR;UOP01-DEL01-RR;;;
696987;09/06/2025;segunda-feira;06:30:00;MG;116;218,3;CATUJI;Demais falhas mec�nicas ou el�tricas;Inc�ndio;Sem V�timas;Amanhecer;Decrescente;C�u Claro;Simples;Reta;N�o;2;0;0;0;1;1;0;2;-17,396243;-41,521798;SPRF-MG;DEL11-MG;UOP01-DEL11-MG;;;
697008;09/06/2025;segunda-feira;13:00:00;PR;277;169;PALMEIRA;Rea��o tardia ou ineficiente do condutor;Colis�o com objeto;Com V�timas Feridas;Pleno dia;Crescente;Nublado;Simples;"Curva;Declive";N�o;2;0;1;0;0;2;1;3;-25,45781;-49,94059;SPRF-PR;DEL03-PR;UOP03-DEL03-PR;;;
697011;09/06/2025;segunda-feira;13:00:00;SP;153;55;SAO JOSE DO RIO PRETO;Aus�ncia de rea��o do condutor;Colis�o traseira;Com V�timas Feridas;Pleno dia;Crescente;Nublado;Dupla;"Reta;Aclive";N�o;3;0;1;0;1;1;1;3;-20,755035;-49,343419;SPRF-SP;DEL09-SP;UOP01-DEL09-SP;;;
697012;31/05/2025;s�bado;06:35:00;BA;116;787,1;PLANALTO;Rea��o tardia ou ineficiente do condutor;Colis�o traseira;Com V�timas Feridas;Pleno dia;Crescente;C�u Claro;Simples;"Reta;Em Obras;Aclive";N�o;3;0;0;1;1;2;1;4;-14,691648;-40,567205;SPRF-BA;DEL08-BA;UOP02-DEL08-BA;;;
697013;08/05/2025;quinta-feira;15:32:00;PA;163;120;ALTAMIRA;Acessar a via sem observar a presen�a dos outros ve�culos;Colis�o transversal;Com V�timas Feridas;Pleno dia;Crescente;C�u Claro;Simples;Reta;Sim;3;0;0;1;1;3;1;5;-8,61699373;-55,04958272;SPRF-MT;DEL06-MT;UOP03-DEL06-MT;;;
697014;09/06/2025;segunda-feira;12:42:00;RO;364;352,5;JI-PARANA;Rea��o tardia ou ineficiente do condutor;Colis�o traseira;Sem V�timas;Pleno dia;Crescente;C�u Claro;Simples;Reta;N�o;3;0;0;0;3;0;0;2;-10,8363776;-62,0068864;SPRF-RO;DEL02-RO;UOP01-DEL02-RO;;;
697015;09/06/2025;segunda-feira;13:30:00;PR;376;650;TIJUCAS DO SUL;Acessar a via sem observar a presen�a dos outros ve�culos;Colis�o com objeto;Com V�timas Feridas;Pleno dia;Crescente;Nublado;Dupla;"Curva;Declive";N�o;4;0;2;0;1;1;2;2;-25,8452517;-49,0806454;SPRF-PR;DEL01-PR;UOP04-DEL01-PR;;;
697029;09/06/2025;segunda-feira;09:30:00;BA;101;858,5;TEIXEIRA DE FREITAS;Manobra de mudan�a de faixa;Colis�o lateral mesmo sentido;Com V�timas Feridas;Pleno dia;Decrescente;Sol;Simples;Interse��o de Vias;N�o;2;0;0;1;1;0;1;2;-17,38649762;-39,6632731;SPRF-BA;DEL09-BA;UOP02-DEL09-BA;;;
697030;26/04/2025;s�bado;01:20:00;PR;153;466;UNIAO DA VITORIA;Transitar na contram�o;Colis�o frontal;Com V�timas Fatais;Plena Noite;Crescente;C�u Claro;Simples;Reta;N�o;2;1;0;0;1;0;0;2;-26,26985047;-51,17516664;SPRF-PR;DEL02-PR;UOP03-DEL02-PR;;;
697044;09/06/2025;segunda-feira;15:15:00;SC;282;510,4;XANXERE;Aus�ncia de rea��o do condutor;Colis�o frontal;Com V�timas Fatais;Pleno dia;Crescente;C�u Claro;Simples;Curva;N�o;4;1;1;1;1;0;2;2;-26,896309;-52,463402;SPRF-SC;DEL07-SC;UOP01-DEL07-SC;;;
697054;09/06/2025;segunda-feira;17:00:00;ES;101;153,6;LINHARES;Frear bruscamente;Sa�da de leito carro��vel;Sem V�timas;Pleno dia;Crescente;C�u Claro;Simples;Reta;N�o;3;0;0;0;2;1;0;3;-19,4260248;-40,08060572;SPRF-ES;DEL04-ES;UOP01-DEL04-ES;;;
697061;30/04/2025;quarta-feira;15:35:00;RS;285;297;PASSO FUNDO;Acessar a via sem observar a presen�a dos outros ve�culos;Colis�o lateral mesmo sentido;Sem V�timas;Pleno dia;Decrescente;C�u Claro;Dupla;"Interse��o de Vias;Rotat�ria";Sim;2;0;0;0;2;0;0;2;-28,23611496;-52,4185702;SPRF-RS;DEL08-RS;UOP03-DEL08-RS;;;
697064;09/06/2025;segunda-feira;17:30:00;MG;116;578,5;MANHUACU;Ingest�o de �lcool pelo condutor;Colis�o frontal;Com V�timas Feridas;Pleno dia;Decrescente;C�u Claro;Simples;Reta;N�o;3;0;0;1;1;1;1;3;-20,179773;-42,186629;SPRF-MG;DEL06-MG;UOP03-DEL06-MG;;;
697065;09/06/2025;segunda-feira;16:57:00;SP;381;85;SAO PAULO;Entrada inopinada do pedestre;Atropelamento de Pedestre;Com V�timas Fatais;Pleno dia;Crescente;Nublado;Dupla;Reta;Sim;3;1;0;0;2;0;0;3;-23,455012;-46,571242;SPRF-SP;DEL03-SP;UOP01-DEL03-SP;;;
697071;07/04/2025;segunda-feira;04:00:00;MG;262;539;LUZ;Aus�ncia de rea��o do condutor;Tombamento;Com V�timas Feridas;Plena Noite;Decrescente;C�u Claro;Simples;"Declive;Curva";N�o;2;0;1;0;0;2;1;3;-19,74624261;-45,82727909;SPRF-MG;DEL08-MG;UOP02-DEL08-MG;;;
697072;09/06/2025;segunda-feira;18:30:00;SP;116;282;EMBU DAS ARTES;Aus�ncia de rea��o do condutor;Colis�o lateral mesmo sentido;Com V�timas Feridas;Anoitecer;Crescente;C�u Claro;Dupla;Reta;Sim;4;0;0;1;2;1;1;4;-23,66362083;-46,85383223;SPRF-SP;DEL04-SP;UOP01-DEL04-SP;;;
697074;09/06/2025;segunda-feira;18:20:00;SE;235;70;FREI PAULO;Condutor deixou de manter dist�ncia do ve�culo da frente;Colis�o traseira;Com V�timas Feridas;Plena Noite;Crescente;C�u Claro;Simples;Reta;N�o;2;0;1;0;0;1;1;2;-10,56074977;-37,52152316;SPRF-SE;DEL01-SE;UOP02-DEL01-SE;;;
697075;09/06/2025;segunda-feira;15:30:00;SC;116;179,8;SAO CRISTOVAO DO SUL;Rea��o tardia ou ineficiente do condutor;Tombamento;Com V�timas Feridas;Pleno dia;Decrescente;Garoa/Chuvisco;Simples;Curva;N�o;2;0;1;0;0;2;1;3;-27,27528;-50,44083;SPRF-SC;DEL05-SC;UOP03-DEL05-SC;;;
697079;09/06/2025;segunda-feira;17:50:00;CE;116;15;FORTALEZA;Acessar a via sem observar a presen�a dos outros ve�culos;Colis�o transversal;Com V�timas Feridas;Anoitecer;Crescente;Nublado;Dupla;"Reta;Aclive";Sim;2;0;1;0;1;0;1;2;-3,881521;-38,501146;SPRF-CE;DEL01-CE;UOP02-DEL01-CE;;;
697080;09/06/2025;segunda-feira;19:00:00;MG;251;472,2;FRANCISCO SA;Problema com o freio;Sa�da de leito carro��vel;Com V�timas Fatais;Plena Noite;Crescente;C�u Claro;Simples;"Declive;Curva";N�o;1;1;0;0;0;0;0;1;-16,471789;-43,425519;SPRF-MG;DEL12-MG;UOP01-DEL12-MG;;;
697089;09/06/2025;segunda-feira;16:41:00;BA;116;654;JEQUIE;Rea��o tardia ou ineficiente do condutor;Tombamento;Com V�timas Feridas;Pleno dia;Decrescente;Nublado;Simples;Curva;N�o;3;0;1;0;0;3;1;4;-13,698206;-40,096575;SPRF-BA;DEL03-BA;UOP01-DEL03-BA;;;
697093;09/06/2025;segunda-feira;19:00:00;PA;10;238;IPIXUNA DO PARA;Demais falhas mec�nicas ou el�tricas;Tombamento;Com V�timas Feridas;Plena Noite;Decrescente;Nublado;Simples;"Declive;Reta";N�o;2;0;1;0;0;1;1;2;-2,356652;-47,560348;SPRF-PA;DEL02-PA;UOP01-DEL02-PA;;;
697101;09/06/2025;segunda-feira;17:05:00;MT;163;784;SORRISO;Rea��o tardia ou ineficiente do condutor;Engavetamento;Com V�timas Feridas;Anoitecer;Decrescente;C�u Claro;Simples;Aclive;N�o;5;0;1;0;3;2;1;5;-12,303293;-55,57412;SPRF-MT;DEL06-MT;UOP02-DEL06-MT;;;
697105;09/06/2025;segunda-feira;12:54:00;PA;230;1125;ITAITUBA;Transitar no Acostamento;Colis�o lateral sentido oposto;Sem V�timas;Pleno dia;Decrescente;C�u Claro;Simples;"Reta;Aclive";N�o;3;0;0;0;3;0;0;2;-4,39435;-55,89388;SPRF-PA;DEL05-PA;UOP02-DEL05-PA;;;
697107;09/06/2025;segunda-feira;12:00:00;AC;364;307;SENA MADUREIRA;Ultrapassagem Indevida;Colis�o lateral mesmo sentido;Com V�timas Fatais;Pleno dia;Crescente;C�u Claro;Simples;"Reta;Aclive";N�o;4;1;1;0;1;1;1;3;-8,98576277;-68,96286965;SPRF-AC;DEL01-AC;UOP01-DEL01-AC;;;
697108;09/06/2025;segunda-feira;20:40:00;CE;222;204,9;FORQUILHA;Velocidade Incompat�vel;Tombamento;Com V�timas Fatais;Plena Noite;Crescente;C�u Claro;Simples;Curva;N�o;3;1;1;0;0;2;1;4;-3,78991972;-40,2456665;SPRF-CE;DEL04-CE;UOP01-DEL04-CE;;;
697111;09/06/2025;segunda-feira;21:00:00;GO;153;692,9;ITUMBIARA;Aus�ncia de rea��o do condutor;Colis�o traseira;Com V�timas Feridas;Plena Noite;Decrescente;Nublado;Dupla;Reta;N�o;3;0;1;0;1;1;1;3;-18,326335;-49,226867;SPRF-GO;DEL03-GO;UOP02-DEL03-GO;;;
697112;03/06/2025;ter�a-feira;19:15:00;BA;116;543;ITATIM;Acessar a via sem observar a presen�a dos outros ve�culos;Colis�o transversal;Com V�timas Feridas;Plena Noite;Decrescente;C�u Claro;Simples;Interse��o de Vias;N�o;5;0;2;1;1;2;3;4;-12,84665;-39,841004;SPRF-BA;DEL03-BA;UOP02-DEL03-BA;;;