id;data_inversa;dia_semana;horario;uf;br;km;municipio;causa_acidente;tipo_acidente;classificacao_acidente;fase_dia;sentido_via;condicao_metereologica;tipo_pista;tracado_via;uso_solo;pessoas;mortos;feridos_leves;feridos_graves;ilesos;ignorados;feridos;veiculos;latitude;longitude;regional;delegacia;uop;;;
697114;09/06/2025;segunda-feira;17:10:00;BA;101;878,8;TEIXEIRA DE FREITAS;Acessar a via sem observar a presen�a dos outros ve�culos;Colis�o lateral mesmo sentido;Sem V�timas;Anoitecer;Crescente;C�u Claro;Simples;Interse��o de Vias;N�o;2;0;0;0;2;0;0;2;-17,54360336;-39,71759319;SPRF-BA;DEL09-BA;UOP02-DEL09-BA;;;
697116;09/06/2025;segunda-feira;18:10:00;PB;230;173,4;CAMPINA GRANDE;Entrada inopinada do pedestre;Atropelamento de Pedestre;Com V�timas Fatais;Plena Noite;Crescente;C�u Claro;Simples;Reta;Sim;2;1;0;0;0;1;0;2;-7,179442;-36,014792;SPRF-PB;DEL02-PB;UOP02-DEL02-PB;;;
697124;09/06/2025;segunda-feira;18:20:00;PR;467;100,9;CASCAVEL;Manobra de mudan�a de faixa;Colis�o lateral mesmo sentido;Com V�timas Feridas;Anoitecer;Decrescente;C�u Claro;Dupla;Curva;N�o;4;0;2;0;1;1;2;3;-24,89792042;-53,53294373;SPRF-PR;DEL04-PR;UOP01-DEL04-PR;;;
697126;09/06/2025;segunda-feira;22:15:00;SP;116;473;JACUPIRANGA;Aus�ncia de rea��o do condutor;Sa�da de leito carro��vel;Com V�timas Feridas;Plena Noite;Crescente;Chuva;Dupla;Reta;Sim;4;0;0;1;2;2;1;5;-24,69256728;-47,99514771;SPRF-SP;DEL05-SP;UOP01-DEL05-SP;;;
697129;09/06/2025;segunda-feira;21:25:00;PR;277;547;CATANDUVAS;Velocidade Incompat�vel;Sa�da de leito carro��vel;Com V�timas Feridas;Plena Noite;Decrescente;Nevoeiro/Neblina;Simples;"Curva;Declive";N�o;2;0;1;0;0;1;1;2;-25,105593;-53,1091057;SPRF-PR;DEL04-PR;UOP04-DEL04-PR;;;
697135;09/06/2025;segunda-feira;22:25:00;MG;153;46;MONTE ALEGRE DE MINAS;Rea��o tardia ou ineficiente do condutor;Sa�da de leito carro��vel;Com V�timas Feridas;Plena Noite;Crescente;Nublado;Dupla;Reta;N�o;1;0;1;0;0;0;1;1;-18,86809556;-49,06644033;SPRF-MG;DEL15-MG;UOP03-DEL15-MG;;;
697139;09/06/2025;segunda-feira;16:38:00;BA;242;215;ITABERABA;Rea��o tardia ou ineficiente do condutor;Colis�o traseira;Com V�timas Feridas;Anoitecer;Decrescente;Nublado;Simples;Reta;N�o;3;0;1;0;1;2;1;4;-12,521053;-40,184407;SPRF-BA;DEL06-BA;UOP02-DEL06-BA;;;
697140;09/06/2025;segunda-feira;23:05:00;MS;163;479,1;CAMPO GRANDE;Condutor deixou de manter dist�ncia do ve�culo da frente;Colis�o traseira;Sem V�timas;Plena Noite;Decrescente;C�u Claro;Simples;Reta;N�o;2;0;0;0;2;0;0;2;-20,4868537;-54,55927491;SPRF-MS;DEL01-MS;UOP01-DEL01-MS;;;
697144;10/06/2025;ter�a-feira;01:30:00;SP;381;58;MAIRIPORA;Transitar na contram�o;Colis�o frontal;Com V�timas Feridas;Plena Noite;Crescente;C�u Claro;Dupla;"Reta;Aclive";N�o;3;0;1;0;1;1;1;3;-23,274181;-46,5802328;SPRF-SP;DEL03-SP;UOP01-DEL03-SP;;;
697145;10/06/2025;ter�a-feira;02:36:00;MS;262;353,2;CAMPO GRANDE;Pedestre andava na pista;Atropelamento de Pedestre;Com V�timas Fatais;Plena Noite;Decrescente;C�u Claro;Simples;Reta;N�o;3;1;0;0;2;0;0;2;-20,56258083;-54,65761391;SPRF-MS;DEL01-MS;UOP03-DEL01-MS;;;
697151;10/06/2025;ter�a-feira;06:00:00;MG;381;393;BOM JESUS DO AMPARO;Condutor Dormindo;Colis�o traseira;Com V�timas Feridas;Amanhecer;Decrescente;C�u Claro;Dupla;Reta;Sim;6;0;0;3;2;2;3;5;-19,742717;-43,503488;SPRF-MG;DEL01-MG;UOP01-DEL01-MG;;;
697163;10/06/2025;ter�a-feira;07:10:00;PR;376;3,4;SAO JOSE DOS PINHAIS;Condutor deixou de manter dist�ncia do ve�culo da frente;Tombamento;Com V�timas Feridas;Pleno dia;Crescente;Nublado;Dupla;Reta;Sim;3;0;0;1;2;0;1;2;-25,539915;-49,191567;SPRF-PR;DEL01-PR;UOP04-DEL01-PR;;;
697171;10/06/2025;ter�a-feira;07:35:00;MG;40;683,4;RESSAQUINHA;Velocidade Incompat�vel;Tombamento;Com V�timas Feridas;Pleno dia;Decrescente;C�u Claro;Simples;"Curva;Declive;Em Obras";N�o;2;0;1;0;0;1;1;2;-21,0704517;-43,77023757;SPRF-MG;DEL05-MG;UOP02-DEL05-MG;;;
697186;10/06/2025;ter�a-feira;09:17:00;RJ;101;322;NITEROI;Aus�ncia de rea��o do condutor;Colis�o traseira;Com V�timas Feridas;Pleno dia;Decrescente;C�u Claro;Dupla;"Ponte;Reta";N�o;2;0;0;1;1;0;1;2;-22,8786176;-43,1095808;SPRF-RJ;DEL02-RJ;UOP01-DEL02-RJ;;;
697188;10/06/2025;ter�a-feira;09:40:00;PB;101;122,8;CAAPORA;Curva acentuada;Colis�o traseira;Com V�timas Feridas;Pleno dia;Crescente;C�u Claro;Dupla;Curva;N�o;2;0;1;0;1;0;1;2;-7,458125;-34,980893;SPRF-PB;DEL01-PB;UOP01-DEL01-PB;;;
697189;10/06/2025;ter�a-feira;08:00:00;MG;50;140,4;UBERABA;Condutor Dormindo;Sa�da de leito carro��vel;Com V�timas Feridas;Pleno dia;Decrescente;Sol;Dupla;Reta;N�o;1;0;1;0;0;0;1;1;-19,479842;-48,051986;SPRF-MG;DEL13-MG;UOP01-DEL13-MG;;;
697191;10/06/2025;ter�a-feira;09:45:00;PE;101;189;PALMARES;Acessar a via sem observar a presen�a dos outros ve�culos;Colis�o lateral mesmo sentido;Com V�timas Feridas;Pleno dia;Crescente;Nublado;Dupla;Curva;N�o;2;0;1;0;1;0;1;2;-8,69335584;-35,60945598;SPRF-PE;DEL01-PE;UOP03-DEL01-PE;;;
697192;17/03/2025;segunda-feira;12:20:00;BA;101;942;MUCURI;Condutor deixou de manter dist�ncia do ve�culo da frente;Colis�o traseira;Com V�timas Feridas;Pleno dia;Crescente;C�u Claro;Simples;"Aclive;Reta";N�o;2;0;1;0;1;0;1;2;-18,07492844;-39,88455165;SPRF-BA;DEL09-BA;UOP02-DEL09-BA;;;
697204;10/06/2025;ter�a-feira;05:22:00;MT;163;964;NOVA SANTA HELENA;Rea��o tardia ou ineficiente do condutor;Colis�o traseira;Com V�timas Feridas;Amanhecer;Decrescente;C�u Claro;Simples;"Aclive;Reta";N�o;4;0;0;1;3;0;1;2;-10,7620401;-55,15023127;SPRF-MT;DEL06-MT;UOP02-DEL06-MT;;;
697205;10/06/2025;ter�a-feira;00:10:00;MG;365;139;VARZEA DA PALMA;Velocidade Incompat�vel;Tombamento;Com V�timas Feridas;Plena Noite;Crescente;Nublado;Simples;Curva;N�o;3;0;2;0;0;2;2;4;-17,196;-44,82;SPRF-MG;DEL12-MG;UOP01-DEL12-MG;;;
697206;10/06/2025;ter�a-feira;11:40:00;PR;153;331;IRATI;Frear bruscamente;Tombamento;Com V�timas Feridas;Pleno dia;Decrescente;Nublado;Simples;Rotat�ria;Sim;3;0;3;0;0;0;3;1;-25,464381;-50,629125;SPRF-PR;DEL08-PR;UOP02-DEL08-PR;;;
697210;10/06/2025;ter�a-feira;13:11:00;MG;50;52;ARAGUARI;Aus�ncia de rea��o do condutor;Sa�da de leito carro��vel;Com V�timas Feridas;Pleno dia;Crescente;C�u Claro;Dupla;"Curva;Declive";N�o;1;0;1;0;0;0;1;1;-18,6934501;-48,1816818;SPRF-MG;DEL15-MG;UOP02-DEL15-MG;;;
697213;10/06/2025;ter�a-feira;11:30:00;RS;116;39,3;VACARIA;Objeto est�tico sobre o leito carro��vel;Eventos at�picos;Com V�timas Feridas;Pleno dia;Crescente;C�u Claro;Simples;"Interse��o de Vias;Em Obras";Sim;2;0;1;0;1;0;1;1;-28,5138808;-50,934828;SPRF-RS;DEL05-RS;UOP03-DEL05-RS;;;
697216;10/06/2025;ter�a-feira;14:00:00;BA;242;225;ITABERABA;Desrespeitar a prefer�ncia no cruzamento;Colis�o transversal;Com V�timas Feridas;Pleno dia;Crescente;C�u Claro;Simples;Reta;Sim;3;0;1;0;1;2;1;4;-12,519618;-40,28075;SPRF-BA;DEL06-BA;UOP02-DEL06-BA;;;
697217;10/06/2025;ter�a-feira;13:10:00;TO;153;440;MIRACEMA DO TOCANTINS;Aus�ncia de rea��o do condutor;Colis�o lateral sentido oposto;Com V�timas Feridas;Pleno dia;Crescente;C�u Claro;Simples;Aclive;N�o;3;0;2;0;1;0;2;2;-9,709839;-48,679607;SPRF-TO;DEL01-TO;UOP01-DEL01-TO;;;
697219;10/06/2025;ter�a-feira;08:35:00;MG;365;337,9;PATOS DE MINAS;Mal s�bito do condutor;Sa�da de leito carro��vel;Com V�timas Feridas;Pleno dia;Crescente;C�u Claro;Simples;Reta;N�o;2;0;1;0;0;1;1;2;-18,57031;-46,25343;SPRF-MG;DEL10-MG;UOP01-DEL10-MG;;;
697222;10/06/2025;ter�a-feira;13:50:00;MG;381;428;SABARA;Velocidade Incompat�vel;Tombamento;Com V�timas Feridas;Pleno dia;Decrescente;Sol;Simples;Curva;N�o;3;0;0;2;0;1;2;2;-19,78737938;-43,68981405;SPRF-MG;DEL01-MG;UOP01-DEL01-MG;;;
697224;10/06/2025;ter�a-feira;14:40:00;PR;163;8;BARRACAO;Acessar a via sem observar a presen�a dos outros ve�culos;Colis�o transversal;Com V�timas Feridas;Pleno dia;Crescente;C�u Claro;Dupla;"Reta;Interse��o de Vias";Sim;2;0;1;0;1;0;1;2;-26,257358;-53,623223;SPRF-PR;DEL02-PR;UOP02-DEL02-PR;;;
697226;10/06/2025;ter�a-feira;14:05:00;PR;376;174,1;MARINGA;Acessar a via sem observar a presen�a dos outros ve�culos;Colis�o transversal;Com V�timas Feridas;Pleno dia;Crescente;C�u Claro;M�ltipla;"Reta;Aclive;Interse��o de Vias";N�o;2;0;0;1;1;0;1;2;-23,41745467;-51,95833683;SPRF-PR;DEL09-PR;UOP01-DEL09-PR;;;
697230;10/06/2025;ter�a-feira;14:35:00;SC;101;31,7;JOINVILLE;Falta de acostamento;Atropelamento de Pedestre;Com V�timas Feridas;Pleno dia;Decrescente;Nublado;Dupla;"Reta;Interse��o de Vias";N�o;5;0;0;1;3;1;1;2;-26,24818294;-48,90950052;SPRF-SC;DEL03-SC;UOP01-DEL03-SC;;;
697234;10/06/2025;ter�a-feira;14:48:00;ES;262;34;DOMINGOS MARTINS;Aus�ncia de rea��o do condutor;Colis�o frontal;Com V�timas Feridas;Pleno dia;Crescente;Chuva;Simples;Curva;N�o;4;0;2;0;2;0;2;3;-20,37298673;-40,59223652;SPRF-ES;DEL01-ES;UOP01-DEL01-ES;;;
697241;10/06/2025;ter�a-feira;08:10:00;MT;174;384;CONQUISTA DOESTE;Ingest�o de �lcool pelo condutor;Sa�da de leito carro��vel;Com V�timas Feridas;Pleno dia;Decrescente;C�u Claro;Simples;Reta;N�o;3;0;1;0;0;2;1;3;-14,51613;-59,5647;SPRF-MT;DEL04-MT;UOP01-DEL04-MT;;;
697245;10/06/2025;ter�a-feira;12:50:00;MG;267;257;SERITINGA;Velocidade Incompat�vel;Tombamento;Com V�timas Feridas;Pleno dia;Decrescente;C�u Claro;Simples;Curva;N�o;2;0;1;0;0;1;1;2;-21,93232312;-44,51591134;SPRF-MG;DEL17-MG;UOP01-DEL17-MG;;;
697246;10/06/2025;ter�a-feira;11:45:00;MS;262;197;RIBAS DO RIO PARDO;Ultrapassagem Indevida;Colis�o lateral mesmo sentido;Com V�timas Feridas;Pleno dia;Crescente;C�u Claro;Simples;Reta;N�o;5;0;1;2;1;3;3;6;-20,45526;-53,348978;SPRF-MS;DEL01-MS;UOP05-DEL01-MS;;;
697249;10/06/2025;ter�a-feira;16:50:00;GO;60;329;ACREUNA;Aus�ncia de rea��o do condutor;Colis�o com objeto;Com V�timas Feridas;Pleno dia;Decrescente;C�u Claro;Dupla;Reta;N�o;3;0;3;0;0;0;3;1;-17,55470237;-50,51977158;SPRF-GO;DEL04-GO;UOP02-DEL04-GO;;;
697250;10/06/2025;ter�a-feira;17:19:00;RN;110;23,4;MOSSORO;Transitar na contram�o;Colis�o lateral sentido oposto;Com V�timas Feridas;Plena Noite;Decrescente;C�u Claro;Simples;Reta;N�o;5;0;4;0;1;0;4;3;-5,078438;-37,177823;SPRF-RN;DEL04-RN;UOP01-DEL04-RN;;;
697254;10/06/2025;ter�a-feira;16:35:00;PR;376;186,4;SARANDI;Trafegar com motocicleta (ou similar) entre as faixas;Tombamento;Com V�timas Fatais;Pleno dia;Crescente;C�u Claro;Dupla;"Declive;Reta";Sim;3;1;0;0;1;1;0;3;-23,452872;-51,85146;SPRF-PR;DEL09-PR;UOP01-DEL09-PR;;;
697255;10/06/2025;ter�a-feira;07:30:00;AM;174;1130;PRESIDENTE FIGUEIREDO;Rea��o tardia ou ineficiente do condutor;Sa�da de leito carro��vel;Sem V�timas;Pleno dia;Decrescente;C�u Claro;Simples;"Em Obras;Reta";N�o;2;0;0;0;1;2;0;3;-0,92483;-60,511465;SPRF-AM;DEL01-AM;UOP02-DEL01-AM;;;
697258;10/06/2025;ter�a-feira;06:30:00;MT;174;569;COMODORO;Transitar na contram�o;Tombamento;Com V�timas Fatais;Pleno dia;Decrescente;C�u Claro;Simples;Reta;N�o;3;1;1;0;0;3;1;5;-12,9953688;-59,98835564;SPRF-MT;DEL04-MT;UOP02-DEL04-MT;;;
697259;10/06/2025;ter�a-feira;07:39:00;MT;163;1057;GUARANTA DO NORTE;Aus�ncia de rea��o do condutor;Sa�da de leito carro��vel;Sem V�timas;Pleno dia;Crescente;C�u Claro;Simples;Reta;N�o;2;0;0;0;0;3;0;3;-10,02133457;-54,90935951;SPRF-MT;DEL06-MT;UOP03-DEL06-MT;;;
697261;10/06/2025;ter�a-feira;17:00:00;SC;470;120,7;IBIRAMA;Transitar na contram�o;Colis�o lateral sentido oposto;Sem V�timas;Anoitecer;Decrescente;C�u Claro;Simples;Curva;N�o;2;0;0;0;2;0;0;2;-27,09615699;-49,52738545;SPRF-SC;DEL04-SC;UOP02-DEL04-SC;;;
697268;22/05/2025;quinta-feira;12:25:00;PR;476;192;LAPA;Pista Escorregadia;Colis�o lateral sentido oposto;Com V�timas Feridas;Pleno dia;Decrescente;Chuva;Simples;"Declive;Curva";N�o;6;0;0;1;4;2;1;6;-25,7316522;-49,7038188;SPRF-PR;DEL01-PR;UOP06-DEL01-PR;;;
697270;16/02/2025;domingo;20:05:00;MG;381;560,3;ITAGUARA;Aus�ncia de rea��o do condutor;Colis�o traseira;Com V�timas Feridas;Plena Noite;Decrescente;Ignorado;Dupla;Reta;N�o;3;0;1;0;1;2;1;4;-20,38551554;-44,48916608;SPRF-MG;DEL04-MG;UOP03-DEL04-MG;;;
697273;10/06/2025;ter�a-feira;17:00:00;SC;470;345,2;CAMPOS NOVOS;Acessar a via sem observar a presen�a dos outros ve�culos;Colis�o frontal;Sem V�timas;Anoitecer;Crescente;C�u Claro;Simples;Reta;N�o;3;0;0;0;1;3;0;4;-27,543225;-51,421195;SPRF-SC;DEL07-SC;UOP06-DEL07-SC;;;
697279;10/06/2025;ter�a-feira;18:15:00;MT;364;273;JACIARA;Manobra de mudan�a de faixa;Colis�o lateral mesmo sentido;Com V�timas Fatais;Plena Noite;Decrescente;Nublado;Dupla;"Reta;Em Obras;Desvio Tempor�rio";Sim;4;1;1;0;0;3;1;4;-15,96026097;-54,96931527;SPRF-MT;DEL05-MT;UOP02-DEL05-MT;;;
697281;10/06/2025;ter�a-feira;18:38:00;SC;101;203,3;SAO JOSE;Trafegar com motocicleta (ou similar) entre as faixas;Colis�o transversal;Com V�timas Feridas;Plena Noite;Crescente;C�u Claro;M�ltipla;Aclive;N�o;4;0;0;2;1;1;2;3;-27,567809;-48,613942;SPRF-SC;DEL01-SC;UOP01-DEL01-SC;;;
697282;10/06/2025;ter�a-feira;19:10:00;MG;381;895,5;CAMBUI;Aus�ncia de rea��o do condutor;Colis�o lateral mesmo sentido;Com V�timas Feridas;Plena Noite;Crescente;C�u Claro;Dupla;Reta;N�o;4;0;2;0;1;1;2;3;-22,66415539;-46,09193802;SPRF-MG;DEL16-MG;UOP01-DEL16-MG;;;
697283;10/06/2025;ter�a-feira;18:10:00;SE;101;183,2;UMBAUBA;Entrada inopinada do pedestre;Atropelamento de Pedestre;Com V�timas Feridas;Plena Noite;Crescente;Nublado;Simples;"Reta;Aclive";Sim;2;0;0;1;1;0;1;2;-11,38167857;-37,66515166;SPRF-SE;DEL02-SE;UOP03-DEL02-SE;;;
697291;10/06/2025;ter�a-feira;15:26:00;MA;226;392;GRAJAU;Rea��o tardia ou ineficiente do condutor;Colis�o traseira;Com V�timas Fatais;Pleno dia;Decrescente;Sol;Simples;Reta;N�o;5;2;0;0;1;2;0;4;-5,705122;-45,939223;SPRF-MA;DEL06-MA;UOP01-DEL06-MA;;;
697296;10/06/2025;ter�a-feira;16:00:00;SC;101;282;IMBITUBA;Suic�dio (presumido);Atropelamento de Pedestre;Com V�timas Feridas;Pleno dia;Decrescente;C�u Claro;M�ltipla;Reta;Sim;3;0;0;1;1;1;1;3;-28,21219271;-48,69931191;SPRF-SC;DEL02-SC;UOP03-DEL02-SC;;;
697297;10/06/2025;ter�a-feira;19:00:00;SP;381;85,5;GUARULHOS;Pedestre cruzava a pista fora da faixa;Atropelamento de Pedestre;Com V�timas Feridas;Plena Noite;Crescente;Nublado;Dupla;Reta;Sim;3;0;0;1;1;1;1;3;-23,45545309;-46,56983549;SPRF-SP;DEL03-SP;UOP01-DEL03-SP;;;
697307;10/06/2025;ter�a-feira;19:00:00;BA;116;570;BREJOES;Ultrapassagem Indevida;Colis�o lateral mesmo sentido;Com V�timas Feridas;Plena Noite;Crescente;C�u Claro;Simples;Reta;N�o;4;0;1;0;2;2;1;5;-13,04412;-39,9651;SPRF-BA;DEL03-BA;UOP02-DEL03-BA;;;
697314;10/06/2025;ter�a-feira;18:50:00;SC;116;127,4;SANTA CECILIA;Aus�ncia de rea��o do condutor;Colis�o traseira;Com V�timas Feridas;Plena Noite;Decrescente;C�u Claro;Simples;"Aclive;Interse��o de Vias";N�o;6;0;1;0;4;3;1;6;-26,873393;-50,416907;SPRF-SC;DEL06-SC;UOP02-DEL06-SC;;;
697320;10/06/2025;ter�a-feira;23:00:00;SC;101;369;ICARA;Condutor Dormindo;Colis�o traseira;Com V�timas Feridas;Plena Noite;Decrescente;C�u Claro;Dupla;"Reta;Aclive";N�o;2;0;0;1;1;0;1;2;-28,70323609;-49,19986725;SPRF-SC;DEL02-SC;UOP01-DEL02-SC;;;
697321;10/06/2025;ter�a-feira;23:30:00;PI;343;11;PARNAIBA;Demais falhas mec�nicas ou el�tricas;Inc�ndio;Sem V�timas;Plena Noite;Crescente;C�u Claro;Simples;Reta;N�o;1;0;0;0;1;0;0;1;-3,0981689;-41,7803026;SPRF-PI;DEL05-PI;UOP01-DEL05-PI;;;
697322;10/06/2025;ter�a-feira;15:00:00;RJ;493;1;ITABORAI;Convers�o proibida;Colis�o traseira;Com V�timas Feridas;Pleno dia;Crescente;Nublado;Dupla;Reta;Sim;2;0;1;0;1;0;1;2;-22,76353149;-42,92828248;SPRF-RJ;DEL02-RJ;UOP02-DEL02-RJ;;;
697324;10/06/2025;ter�a-feira;20:40:00;MG;262;42,1;MANHUACU;Rea��o tardia ou ineficiente do condutor;Tombamento;Com V�timas Feridas;Plena Noite;Crescente;Nublado;Simples;Curva;N�o;1;0;1;0;0;0;1;1;-20,26304459;-42,08007002;SPRF-MG;DEL06-MG;UOP03-DEL06-MG;;;
697325;10/06/2025;ter�a-feira;21:25:00;RS;101;12,5;DOM PEDRO DE ALCANTARA;Aus�ncia de rea��o do condutor;Colis�o lateral mesmo sentido;Com V�timas Fatais;Plena Noite;Decrescente;C�u Claro;Dupla;Reta;Sim;6;1;1;0;3;1;1;3;-29,387502;-49,837448;SPRF-RS;DEL03-RS;UOP02-DEL03-RS;;;
697328;10/06/2025;ter�a-feira;23:40:00;SC;158;139;PALMITOS;Rea��o tardia ou ineficiente do condutor;Tombamento;Com V�timas Feridas;Plena Noite;Crescente;Nevoeiro/Neblina;Simples;Curva;N�o;2;0;1;0;0;1;1;2;-27,10589452;-53,21395934;SPRF-SC;DEL07-SC;UOP02-DEL07-SC;;;
697329;10/06/2025;ter�a-feira;22:15:00;RS;116;452;SAO LOURENCO DO SUL;Aus�ncia de rea��o do condutor;Sa�da de leito carro��vel;Com V�timas Feridas;Plena Noite;Decrescente;Nublado;Dupla;Reta;N�o;2;0;1;0;0;1;1;2;-31,216207;-52,016308;SPRF-RS;DEL02-RS;UOP02-DEL02-RS;;;
697330;10/06/2025;ter�a-feira;22:30:00;PR;376;240;APUCARANA;Rea��o tardia ou ineficiente do condutor;Colis�o lateral mesmo sentido;Sem V�timas;Plena Noite;Crescente;Nublado;Dupla;"Aclive;Curva";N�o;3;0;0;0;2;2;0;4;-23,583307;-51,451215;SPRF-PR;DEL07-PR;UOP03-DEL07-PR;;;
697332;11/06/2025;quarta-feira;00:10:00;PE;110;254;JATOBA;Condutor Dormindo;Colis�o frontal;Com V�timas Fatais;Plena Noite;Crescente;C�u Claro;Simples;Reta;N�o;3;1;1;0;1;0;1;2;-9,258355;-38,234722;SPRF-BA;DEL07-BA;UOP01-DEL07-BA;;;
697333;11/06/2025;quarta-feira;02:10:00;SC;101;280;IMBITUBA;Aus�ncia de rea��o do condutor;Colis�o traseira;Com V�timas Feridas;Plena Noite;Crescente;Nublado;M�ltipla;Reta;N�o;4;0;1;0;1;2;1;3;-28,18973958;-48,69640291;SPRF-SC;DEL02-SC;UOP03-DEL02-SC;;;
697334;11/06/2025;quarta-feira;04:34:00;RS;386;339,9;LAJEADO;Aus�ncia de rea��o do condutor;Eventos at�picos;Com V�timas Feridas;Plena Noite;Decrescente;Nevoeiro/Neblina;M�ltipla;"Viaduto;Reta";Sim;1;0;0;1;0;0;1;1;-29,41732687;-52,02438204;SPRF-RS;DEL04-RS;UOP01-DEL04-RS;;;
697343;11/06/2025;quarta-feira;04:20:00;MG;381;356;SAO GONCALO DO RIO ABAIXO;Velocidade Incompat�vel;Sa�da de leito carro��vel;Sem V�timas;Plena Noite;Crescente;Chuva;Simples;"Declive;Curva";N�o;3;0;0;0;2;1;0;2;-19,85423083;-43,22579384;SPRF-MG;DEL03-MG;UOP01-DEL03-MG;;;
697352;11/06/2025;quarta-feira;00:12:00;GO;20;131;FLORES DE GOIAS;Demais falhas mec�nicas ou el�tricas;Inc�ndio;Sem V�timas;Plena Noite;Crescente;C�u Claro;Simples;Reta;N�o;2;0;0;0;1;2;0;3;-14,8;-46,7;SPRF-DF;DEL02-DF;UOP03-DEL02-DF;;;
697358;11/06/2025;quarta-feira;07:45:00;RJ;101;333;RIO DE JANEIRO;Aus�ncia de rea��o do condutor;Colis�o traseira;Com V�timas Feridas;Pleno dia;Decrescente;Nublado;Dupla;"Reta;Ponte";N�o;2;0;1;0;1;0;1;2;-22,88122786;-43,2132349;SPRF-RJ;DEL02-RJ;UOP01-DEL02-RJ;;;
697380;11/06/2025;quarta-feira;07:40:00;BA;324;618;SALVADOR;Acessar a via sem observar a presen�a dos outros ve�culos;Colis�o lateral mesmo sentido;Com V�timas Feridas;Pleno dia;Decrescente;C�u Claro;Dupla;Reta;N�o;2;0;1;0;1;0;1;2;-12,900088;-38,451348;SPRF-BA;DEL01-BA;UOP01-DEL01-BA;;;
697384;09/06/2025;segunda-feira;14:30:00;SC;116;301,3;CAPAO ALTO;Rea��o tardia ou ineficiente do condutor;Colis�o lateral sentido oposto;Com V�timas Feridas;Pleno dia;Decrescente;C�u Claro;Simples;Curva;N�o;2;0;1;0;1;0;1;2;-28,1763873;-50,6988744;SPRF-SC;DEL05-SC;UOP02-DEL05-SC;;;
697385;22/05/2025;quinta-feira;17:40:00;SC;470;260,3;CURITIBANOS;Transitar na contram�o;Colis�o lateral sentido oposto;Com V�timas Feridas;Anoitecer;Decrescente;Chuva;Simples;Reta;N�o;3;0;1;0;2;0;1;2;-27,300737;-50,691328;SPRF-SC;DEL05-SC;UOP03-DEL05-SC;;;
697388;11/06/2025;quarta-feira;09:05:00;RS;287;282;SAO PEDRO DO SUL;Desrespeitar a prefer�ncia no cruzamento;Colis�o transversal;Com V�timas Feridas;Pleno dia;Crescente;Nevoeiro/Neblina;Simples;Rotat�ria;N�o;4;0;0;2;1;3;2;5;-29,63634116;-54,18529914;SPRF-RS;DEL09-RS;UOP01-DEL09-RS;;;
697392;11/06/2025;quarta-feira;08:40:00;PR;369;153;LONDRINA;Manobra de mudan�a de faixa;Colis�o transversal;Com V�timas Feridas;Pleno dia;Crescente;C�u Claro;Dupla;Interse��o de Vias;Sim;2;0;0;1;1;0;1;2;-23,295415;-51,190263;SPRF-PR;DEL07-PR;UOP01-DEL07-PR;;;
697396;11/06/2025;quarta-feira;10:00:00;ES;101;147,9;LINHARES;Acessar a via sem observar a presen�a dos outros ve�culos;Colis�o transversal;Com V�timas Feridas;Pleno dia;Decrescente;C�u Claro;Dupla;Interse��o de Vias;N�o;2;0;1;0;1;0;1;2;-19,38730807;-40,06719486;SPRF-ES;DEL04-ES;UOP01-DEL04-ES;;;
697399;11/06/2025;quarta-feira;08:50:00;CE;304;46;ARACATI;Demais falhas mec�nicas ou el�tricas;Eventos at�picos;Sem V�timas;Pleno dia;Crescente;C�u Claro;Dupla;Reta;N�o;2;0;0;0;1;1;0;2;-4,565401;-37,7131042;SPRF-CE;DEL03-CE;UOP02-DEL03-CE;;;
697401;15/04/2025;ter�a-feira;00:01:00;ES;101;199;ARACRUZ;Rea��o tardia ou ineficiente do condutor;Engavetamento;Com V�timas Feridas;Plena Noite;Crescente;Nublado;Simples;Reta;N�o;4;0;0;1;2;2;1;5;-19,70215553;-40,32475638;SPRF-ES;DEL04-ES;UOP01-DEL04-ES;;;
697408;11/06/2025;quarta-feira;10:05:00;SC;101;40,8;JOINVILLE;Manobra de mudan�a de faixa;Colis�o lateral mesmo sentido;Sem V�timas;Pleno dia;Crescente;C�u Claro;Simples;Curva;Sim;3;0;0;0;2;1;0;3;-26,30977979;-48,87829034;SPRF-SC;DEL03-SC;UOP01-DEL03-SC;;;
697410;11/06/2025;quarta-feira;11:30:00;PR;277;587,9;CASCAVEL;Rea��o tardia ou ineficiente do condutor;Colis�o traseira;Com V�timas Feridas;Pleno dia;Decrescente;Sol;Simples;"Reta;Declive";Sim;4;0;2;0;2;0;2;3;-24,973293;-53,437153;SPRF-PR;DEL04-PR;UOP01-DEL04-PR;;;
697412;11/06/2025;quarta-feira;12:00:00;GO;60;60;ABADIANIA;Condutor deixou de manter dist�ncia do ve�culo da frente;Colis�o traseira;Com V�timas Feridas;Pleno dia;Decrescente;C�u Claro;Dupla;Reta;N�o;3;0;1;0;2;0;1;3;-16,191773;-48,706503;SPRF-GO;DEL02-GO;UOP01-DEL02-GO;;;
697419;11/06/2025;quarta-feira;12:20:00;SP;116;147;SAO JOSE DOS CAMPOS;Rea��o tardia ou ineficiente do condutor;Colis�o lateral mesmo sentido;Com V�timas Feridas;Pleno dia;Decrescente;C�u Claro;M�ltipla;Reta;Sim;3;0;1;0;1;2;1;4;-23,19717406;-45,87478638;SPRF-SP;DEL02-SP;UOP01-DEL02-SP;;;