id;data_inversa;dia_semana;horario;uf;br;km;municipio;causa_acidente;tipo_acidente;classificacao_acidente;fase_dia;sentido_via;condicao_metereologica;tipo_pista;tracado_via;uso_solo;pessoas;mortos;feridos_leves;feridos_graves;ilesos;ignorados;feridos;veiculos;latitude;longitude;regional;delegacia;uop;;;
697431;11/06/2025;quarta-feira;12:10:00;PR;373;173;PONTA GROSSA;Pedestre cruzava a pista fora da faixa;Atropelamento de Pedestre;Com V�timas Feridas;Pleno dia;Crescente;C�u Claro;Dupla;Reta;N�o;2;0;1;0;1;0;1;2;-25,0801326;-50,20293681;SPRF-PR;DEL03-PR;UOP01-DEL03-PR;;;
697439;11/06/2025;quarta-feira;13:00:00;MT;163;689;LUCAS DO RIO VERDE;Acessar a via sem observar a presen�a dos outros ve�culos;Colis�o traseira;Com V�timas Feridas;Pleno dia;Crescente;C�u Claro;Simples;"Declive;Reta";Sim;3;0;1;0;1;1;1;3;-13,06309244;-55,92048079;SPRF-MT;DEL06-MT;UOP01-DEL06-MT;;;
697443;11/06/2025;quarta-feira;10:40:00;BA;116;886,6;CANDIDO SALES;Rea��o tardia ou ineficiente do condutor;Colis�o traseira;Com V�timas Feridas;Pleno dia;Crescente;C�u Claro;Simples;"Declive;Reta";N�o;3;0;1;1;0;3;2;5;-15,33664;-41,15998;SPRF-BA;DEL08-BA;UOP03-DEL08-BA;;;
697445;11/06/2025;quarta-feira;10:58:00;PI;407;572,2;PAULISTANA;Acessar a via sem observar a presen�a dos outros ve�culos;Colis�o transversal;Com V�timas Feridas;Pleno dia;Decrescente;C�u Claro;Simples;Reta;Sim;3;0;0;1;1;1;1;3;-8,129697;-41,148445;SPRF-PI;DEL04-PI;UOP01-DEL04-PI;;;
697447;11/06/2025;quarta-feira;15:30:00;MG;40;518,5;RIBEIRAO DAS NEVES;Manobra de mudan�a de faixa;Colis�o lateral mesmo sentido;Com V�timas Feridas;Pleno dia;Crescente;C�u Claro;Dupla;Reta;Sim;4;0;1;0;2;1;1;3;-19,831003;-44,083193;SPRF-MG;DEL01-MG;UOP02-DEL01-MG;;;
697448;11/06/2025;quarta-feira;15:00:00;SP;153;118,2;UBARANA;Avarias e/ou desgaste excessivo no pneu;Colis�o lateral sentido oposto;Com V�timas Feridas;Pleno dia;Decrescente;C�u Claro;Simples;Reta;N�o;7;0;1;0;5;2;1;7;-21,155598;-49,7076416;SPRF-SP;DEL09-SP;UOP01-DEL09-SP;;;
697453;11/06/2025;quarta-feira;03:00:00;BA;101;137;TEODORO SAMPAIO;Rea��o tardia ou ineficiente do condutor;Sa�da de leito carro��vel;Com V�timas Feridas;Plena Noite;Decrescente;Nevoeiro/Neblina;Simples;Curva;N�o;1;0;1;0;0;0;1;1;-12,256898;-38,645022;SPRF-BA;DEL01-BA;UOP04-DEL01-BA;;;
697456;11/06/2025;quarta-feira;14:40:00;MG;262;13,5;MARTINS SOARES;Transitar na contram�o;Colis�o frontal;Com V�timas Feridas;Pleno dia;Decrescente;Chuva;Simples;"Declive;Reta";N�o;4;0;3;0;0;1;3;3;-20,2602577;-41,8652892;SPRF-MG;DEL06-MG;UOP03-DEL06-MG;;;
697458;11/06/2025;quarta-feira;12:00:00;MG;381;688,1;LAVRAS;Rea��o tardia ou ineficiente do condutor;Tombamento;Sem V�timas;Pleno dia;Decrescente;C�u Claro;Dupla;Reta;N�o;2;0;0;0;1;1;0;2;-21,18596234;-45,11764169;SPRF-MG;DEL04-MG;UOP02-DEL04-MG;;;
697463;11/06/2025;quarta-feira;16:40:00;RS;290;95;PORTO ALEGRE;Velocidade Incompat�vel;Colis�o com objeto;Com V�timas Feridas;Pleno dia;Decrescente;C�u Claro;Simples;"Declive;Curva";Sim;2;0;1;0;0;1;1;2;-29,98774954;-51,20284438;SPRF-RS;DEL01-RS;UOP01-DEL01-RS;;;
697470;11/06/2025;quarta-feira;15:00:00;MA;230;402,2;BALSAS;Transitar na contram�o;Colis�o frontal;Sem V�timas;Pleno dia;Decrescente;C�u Claro;Simples;Reta;Sim;2;0;0;0;2;0;0;2;-7,512602;-46,03318;SPRF-MA;DEL05-MA;UOP01-DEL05-MA;;;
697473;11/06/2025;quarta-feira;17:15:00;PE;428;187,9;PETROLINA;Aus�ncia de rea��o do condutor;Atropelamento de Pedestre;Com V�timas Feridas;Anoitecer;Decrescente;C�u Claro;Dupla;Reta;Sim;3;0;0;1;0;2;1;3;-9,37377;-40,48748;SPRF-PE;DEL06-PE;UOP01-DEL06-PE;;;
697480;11/06/2025;quarta-feira;14:00:00;MG;381;377;SAO GONCALO DO RIO ABAIXO;Aus�ncia de rea��o do condutor;Sa�da de leito carro��vel;Com V�timas Feridas;Pleno dia;Crescente;C�u Claro;Simples;Curva;Sim;1;0;1;0;0;0;1;1;-19,85599865;-43,21765065;SPRF-MG;DEL01-MG;UOP01-DEL01-MG;;;
697485;11/06/2025;quarta-feira;18:35:00;PR;376;186,9;MARIALVA;Manobra de mudan�a de faixa;Colis�o lateral mesmo sentido;Com V�timas Feridas;Plena Noite;Crescente;C�u Claro;M�ltipla;Reta;N�o;3;0;1;0;1;2;1;4;-23,4557277;-51,8464794;SPRF-PR;DEL09-PR;UOP01-DEL09-PR;;;
697487;11/06/2025;quarta-feira;18:20:00;PR;116;94;SAO JOSE DOS PINHAIS;Transitar na contram�o;Colis�o frontal;Com V�timas Feridas;Plena Noite;Crescente;C�u Claro;Dupla;"Reta;Declive";N�o;2;0;1;0;1;0;1;2;-25,51871279;-49,13346648;SPRF-PR;DEL01-PR;UOP07-DEL01-PR;;;
697491;11/06/2025;quarta-feira;18:20:00;SC;101;140,2;BALNEARIO CAMBORIU;Rea��o tardia ou ineficiente do condutor;Colis�o traseira;Com V�timas Feridas;Anoitecer;Decrescente;C�u Claro;Dupla;"Aclive;Reta";N�o;3;0;1;0;1;1;1;3;-27,0397755;-48,60010084;SPRF-SC;DEL04-SC;UOP03-DEL04-SC;;;
697497;11/06/2025;quarta-feira;18:00:00;MT;364;485;JANGADA;Condutor deixou de manter dist�ncia do ve�culo da frente;Colis�o traseira;Com V�timas Feridas;Anoitecer;Decrescente;C�u Claro;Simples;Aclive;N�o;6;0;1;0;5;0;1;2;-15,295985;-56,435279;SPRF-MT;DEL01-MT;UOP02-DEL01-MT;;;
697498;11/06/2025;quarta-feira;19:00:00;MT;163;833;SINOP;Objeto est�tico sobre o leito carro��vel;Colis�o com objeto;Sem V�timas;Plena Noite;Decrescente;C�u Claro;Simples;Reta;Sim;4;0;0;0;2;2;0;4;-11,88001304;-55,50007582;SPRF-MT;DEL06-MT;UOP02-DEL06-MT;;;
697506;11/06/2025;quarta-feira;20:10:00;RS;153;49;ERECHIM;Transitar na contram�o;Colis�o frontal;Sem V�timas;Plena Noite;Decrescente;C�u Claro;Simples;Interse��o de Vias;Sim;3;0;0;0;2;1;0;3;-27,65394328;-52,26150725;SPRF-RS;DEL08-RS;UOP04-DEL08-RS;;;
697512;11/06/2025;quarta-feira;14:30:00;MA;402;120;PRIMEIRA CRUZ;Aus�ncia de rea��o do condutor;Sa�da de leito carro��vel;Sem V�timas;Pleno dia;Crescente;Sol;Simples;Reta;N�o;1;0;0;0;0;1;0;1;-2,737232;-43,379908;SPRF-MA;DEL01-MA;UOP01-DEL01-MA;;;
697518;11/06/2025;quarta-feira;16:30:00;MT;163;1049;MATUPA;Rea��o tardia ou ineficiente do condutor;Tombamento;Com V�timas Feridas;Anoitecer;Decrescente;C�u Claro;Simples;Reta;N�o;3;0;0;1;1;2;1;4;-10,0916;-54,9179;SPRF-MT;DEL06-MT;UOP03-DEL06-MT;;;
697524;11/06/2025;quarta-feira;21:30:00;BA;242;650;MUQUEM DE SAO FRANCISCO;Defici�ncia do Sistema de Ilumina��o/Sinaliza��o;Colis�o traseira;Com V�timas Feridas;Plena Noite;Crescente;C�u Claro;Simples;Reta;N�o;3;0;1;0;1;1;1;3;-12,21525;-43,544838;SPRF-BA;DEL10-BA;UOP01-DEL10-BA;;;
697525;11/06/2025;quarta-feira;16:34:00;SC;282;525;CORDILHEIRA ALTA;Rea��o tardia ou ineficiente do condutor;Colis�o lateral mesmo sentido;Sem V�timas;Pleno dia;Decrescente;C�u Claro;Simples;"Aclive;Curva";N�o;5;0;0;0;3;3;0;5;-26,98695756;-52,60752475;SPRF-SC;DEL07-SC;UOP01-DEL07-SC;;;
697528;11/06/2025;quarta-feira;20:54:00;MS;376;168,4;NOVA ANDRADINA;Condutor deixou de manter dist�ncia do ve�culo da frente;Colis�o traseira;Com V�timas Feridas;Plena Noite;Crescente;C�u Claro;Simples;"Reta;Declive";N�o;4;0;0;2;1;2;2;4;-22,34862871;-53,50197136;SPRF-MS;DEL04-MS;UOP04-DEL04-MS;;;
697530;11/06/2025;quarta-feira;17:01:00;MG;381;720,9;CARMO DA CACHOEIRA;Velocidade Incompat�vel;Tombamento;Com V�timas Feridas;Pleno dia;Decrescente;C�u Claro;Dupla;"Declive;Curva";N�o;3;0;1;0;1;1;1;3;-21,432593;-45,210845;SPRF-MG;DEL04-MG;UOP02-DEL04-MG;;;
697531;11/06/2025;quarta-feira;21:40:00;MG;262;801,6;UBERABA;Avarias e/ou desgaste excessivo no pneu;Inc�ndio;Sem V�timas;Plena Noite;Crescente;C�u Claro;Dupla;"Declive;Reta";Sim;2;0;0;0;1;3;0;4;-19,77007028;-47,9026529;SPRF-MG;DEL13-MG;UOP01-DEL13-MG;;;
697535;11/06/2025;quarta-feira;17:15:00;SC;116;114;SANTA CECILIA;Velocidade Incompat�vel;Tombamento;Com V�timas Feridas;Pleno dia;Decrescente;C�u Claro;Simples;Curva;N�o;3;0;1;1;0;1;2;3;-26,99237791;-50,39578768;SPRF-SC;DEL06-SC;UOP02-DEL06-SC;;;
697536;11/06/2025;quarta-feira;22:20:00;RJ;40;104;DUQUE DE CAXIAS;Manobra de mudan�a de faixa;Capotamento;Com V�timas Feridas;Plena Noite;Crescente;C�u Claro;M�ltipla;Reta;N�o;2;0;1;0;0;1;1;2;-22,63017319;-43,28510284;SPRF-RJ;DEL01-RJ;UOP02-DEL01-RJ;;;
697537;11/06/2025;quarta-feira;19:10:00;MG;381;194;PERIQUITO;Manobra de mudan�a de faixa;Colis�o frontal;Com V�timas Fatais;Plena Noite;Crescente;Nublado;Simples;"Reta;Declive";N�o;3;1;0;1;1;0;1;2;-19,149868;-42,232761;SPRF-MG;DEL06-MG;UOP01-DEL06-MG;;;
697548;11/06/2025;quarta-feira;22:30:00;SP;116;500;CAJATI;Entrada inopinada do pedestre;Atropelamento de Pedestre;Com V�timas Fatais;Plena Noite;Decrescente;Ignorado;Dupla;"Declive;Reta";N�o;2;1;0;0;1;0;0;2;-24,7862731;-48,1855725;SPRF-SP;DEL05-SP;UOP02-DEL05-SP;;;
697551;12/06/2025;quinta-feira;03:10:00;AL;101;187,9;JUNQUEIRO;Velocidade Incompat�vel;Tombamento;Com V�timas Feridas;Plena Noite;Decrescente;C�u Claro;Simples;Curva;N�o;2;0;1;0;0;1;1;2;-9,900811;-36,463376;SPRF-AL;DEL02-AL;UOP02-DEL02-AL;;;
697553;12/06/2025;quinta-feira;03:20:00;PE;232;195;SANHARO;Rea��o tardia ou ineficiente do condutor;Colis�o traseira;Com V�timas Feridas;Plena Noite;Decrescente;C�u Claro;Simples;Declive;Sim;4;0;2;0;2;0;2;2;-8,3665825;-36,563424;SPRF-PE;DEL03-PE;UOP02-DEL03-PE;;;
697557;11/06/2025;quarta-feira;21:01:00;GO;70;56;COCALZINHO DE GOIAS;Demais falhas mec�nicas ou el�tricas;Inc�ndio;Sem V�timas;Plena Noite;Crescente;C�u Claro;Simples;Reta;N�o;2;0;0;0;1;1;0;2;-15,749772;-48,671378;SPRF-DF;DEL03-DF;UOP02-DEL03-DF;;;
697561;12/06/2025;quinta-feira;05:30:00;CE;222;301;TIANGUA;Rea��o tardia ou ineficiente do condutor;Tombamento;Com V�timas Fatais;Amanhecer;Crescente;C�u Claro;Simples;"Curva;Declive";N�o;2;1;0;0;0;2;0;3;-3,66026804;-40,95095873;SPRF-CE;DEL04-CE;UOP02-DEL04-CE;;;
697562;12/06/2025;quinta-feira;02:31:00;GO;452;141;BOM JESUS DE GOIAS;Rea��o tardia ou ineficiente do condutor;Colis�o traseira;Com V�timas Feridas;Plena Noite;Decrescente;C�u Claro;Simples;Reta;Sim;3;0;0;1;0;2;1;3;-18,253598;-49,681362;SPRF-GO;DEL03-GO;UOP02-DEL03-GO;;;
697567;12/06/2025;quinta-feira;06:20:00;CE;116;32,2;AQUIRAZ;Chuva;Colis�o traseira;Com V�timas Feridas;Pleno dia;Decrescente;Chuva;Dupla;Reta;N�o;3;0;1;2;0;0;3;2;-4,02944261;-38,51142025;SPRF-CE;DEL01-CE;UOP02-DEL01-CE;;;
697574;12/06/2025;quinta-feira;06:10:00;AL;101;181;JUNQUEIRO;Velocidade Incompat�vel;Tombamento;Com V�timas Feridas;Pleno dia;Decrescente;C�u Claro;Dupla;"Curva;Declive";N�o;2;0;0;1;0;2;1;3;-9,8965633;-36,4065333;SPRF-AL;DEL02-AL;UOP02-DEL02-AL;;;
697575;19/05/2025;segunda-feira;07:00:00;BA;407;205;PONTO NOVO;Aus�ncia de rea��o do condutor;Tombamento;Com V�timas Feridas;Pleno dia;Crescente;C�u Claro;Simples;Reta;N�o;2;0;0;1;1;0;1;2;-11,04095122;-40,09185791;SPRF-BA;DEL04-BA;UOP02-DEL04-BA;;;
697576;12/06/2025;quinta-feira;07:30:00;BA;324;605;SIMOES FILHO;Transitar no Acostamento;Colis�o com objeto;Com V�timas Feridas;Pleno dia;Decrescente;C�u Claro;Dupla;Reta;N�o;2;0;1;0;1;0;1;2;-12,79371234;-38,40459609;SPRF-BA;DEL01-BA;UOP01-DEL01-BA;;;
697580;11/06/2025;quarta-feira;22:30:00;PR;153;135,2;VENTANIA;Aus�ncia de rea��o do condutor;Tombamento;Com V�timas Feridas;Plena Noite;Crescente;C�u Claro;Simples;"Curva;Declive";N�o;2;0;1;0;0;1;1;2;-24,0427506;-50,25019884;SPRF-PR;DEL07-PR;UOP04-DEL07-PR;;;
697583;12/06/2025;quinta-feira;07:45:00;SC;470;54;BLUMENAU;Condutor deixou de manter dist�ncia do ve�culo da frente;Colis�o traseira;Com V�timas Feridas;Pleno dia;Decrescente;C�u Claro;Simples;Rotat�ria;Sim;2;0;0;1;1;0;1;2;-26,87411933;-49,1144979;SPRF-SC;DEL04-SC;UOP01-DEL04-SC;;;
697589;30/04/2025;quarta-feira;01:10:00;MG;381;6;BETIM;Rea��o tardia ou ineficiente do condutor;Atropelamento de Pedestre;Com V�timas Feridas;Plena Noite;Decrescente;C�u Claro;Dupla;Reta;Sim;2;0;0;1;1;0;1;2;-19,9883997;-44,1966561;SPRF-MG;DEL01-MG;UOP03-DEL01-MG;;;
697599;12/06/2025;quinta-feira;09:10:00;BA;242;220;ITABERABA;Ingest�o de �lcool pelo condutor;Colis�o lateral sentido oposto;Sem V�timas;Pleno dia;Decrescente;C�u Claro;Simples;Reta;N�o;3;0;0;0;2;2;0;4;-12,52130134;-40,2327919;SPRF-BA;DEL06-BA;UOP02-DEL06-BA;;;
697603;12/06/2025;quinta-feira;08:30:00;RS;386;234,9;SOLEDADE;Aus�ncia de rea��o do condutor;Engavetamento;Com V�timas Feridas;Pleno dia;Decrescente;C�u Claro;Simples;"Curva;Declive;Em Obras";N�o;5;0;2;0;2;3;2;6;-28,72674;-52,556525;SPRF-RS;DEL04-RS;UOP03-DEL04-RS;;;
697605;12/06/2025;quinta-feira;09:44:00;CE;116;5;FORTALEZA;Manobra de mudan�a de faixa;Colis�o lateral mesmo sentido;Com V�timas Feridas;Pleno dia;Decrescente;C�u Claro;M�ltipla;Reta;Sim;3;0;2;0;1;0;2;2;-3,79284442;-38,50813913;SPRF-CE;DEL01-CE;UOP02-DEL01-CE;;;
697611;12/06/2025;quinta-feira;10:30:00;SP;153;179,6;LINS;Aus�ncia de rea��o do condutor;Colis�o lateral sentido oposto;Com V�timas Feridas;Pleno dia;Crescente;Sol;Simples;"Curva;Declive";N�o;4;0;1;0;1;2;1;4;-21,68598362;-49,79089737;SPRF-SP;DEL07-SP;UOP01-DEL07-SP;;;
697614;12/06/2025;quinta-feira;10:10:00;RS;285;297;PASSO FUNDO;Rea��o tardia ou ineficiente do condutor;Colis�o lateral mesmo sentido;Com V�timas Feridas;Pleno dia;Crescente;Sol;Simples;Reta;Sim;2;0;1;0;1;0;1;2;-28,23512676;-52,41325792;SPRF-RS;DEL08-RS;UOP03-DEL08-RS;;;
697616;12/06/2025;quinta-feira;10:00:00;PR;277;466,6;LARANJEIRAS DO SUL;Velocidade Incompat�vel;Tombamento;Com V�timas Feridas;Pleno dia;Crescente;C�u Claro;Simples;"Declive;Curva";N�o;2;0;1;0;0;1;1;2;-25,33669;-52,50747;SPRF-PR;DEL04-PR;UOP02-DEL04-PR;;;
697617;12/06/2025;quinta-feira;10:45:00;MG;381;490;BETIM;Acessar a via sem observar a presen�a dos outros ve�culos;Colis�o lateral mesmo sentido;Com V�timas Feridas;Pleno dia;Crescente;C�u Claro;Dupla;"Reta;Interse��o de Vias";Sim;2;0;0;1;1;0;1;2;-19,95646808;-44,1364038;SPRF-MG;DEL01-MG;UOP03-DEL01-MG;;;
697625;12/06/2025;quinta-feira;11:00:00;PR;116;27;CAMPINA GRANDE DO SUL;Chuva;Colis�o transversal;Com V�timas Feridas;Pleno dia;Crescente;Chuva;Dupla;"Declive;Curva";N�o;4;0;1;0;2;1;1;3;-25,108894;-48,800808;SPRF-PR;DEL01-PR;UOP02-DEL01-PR;;;
697626;12/06/2025;quinta-feira;10:51:00;PI;343;346,7;TERESINA;Condutor deixou de manter dist�ncia do ve�culo da frente;Colis�o traseira;Com V�timas Feridas;Pleno dia;Crescente;Chuva;Simples;"Ponte;Reta";Sim;6;0;3;1;2;0;4;2;-5,11405499;-42,77694542;SPRF-PI;DEL01-PI;UOP01-DEL01-PI;;;
697628;12/06/2025;quinta-feira;09:00:00;MG;381;905,4;CAMBUI;Rea��o tardia ou ineficiente do condutor;Tombamento;Com V�timas Fatais;Pleno dia;Decrescente;C�u Claro;Dupla;Declive;N�o;3;1;0;0;1;1;0;3;-22,66277;-46,089967;SPRF-MG;DEL16-MG;UOP03-DEL16-MG;;;
697633;12/06/2025;quinta-feira;09:50:00;SP;116;161;JACAREI;Rea��o tardia ou ineficiente do condutor;Colis�o traseira;Com V�timas Feridas;Pleno dia;Decrescente;C�u Claro;M�ltipla;Reta;N�o;4;0;2;0;2;0;2;2;-23,27651716;-45,9758885;SPRF-SP;DEL02-SP;UOP01-DEL02-SP;;;
697635;12/06/2025;quinta-feira;09:00:00;PI;316;147;ELESBAO VELOSO;Acessar a via sem observar a presen�a dos outros ve�culos;Colis�o lateral sentido oposto;Com V�timas Feridas;Pleno dia;Crescente;C�u Claro;Simples;Reta;N�o;3;0;1;0;1;1;1;3;-6,10678111;-42,1886158;SPRF-PI;DEL04-PI;UOP02-DEL04-PI;;;
697638;12/06/2025;quinta-feira;13:00:00;SC;470;139;RIO DO SUL;Manobra de mudan�a de faixa;Colis�o traseira;Com V�timas Feridas;Pleno dia;Crescente;Nublado;M�ltipla;Reta;Sim;3;0;1;0;1;1;1;3;-27,20024084;-49,63178571;SPRF-SC;DEL04-SC;UOP02-DEL04-SC;;;
697639;12/06/2025;quinta-feira;13:30:00;SE;235;42,5;ITABAIANA;Suic�dio (presumido);Colis�o frontal;Com V�timas Fatais;Pleno dia;Decrescente;C�u Claro;Simples;"Aclive;Reta";Sim;3;2;0;0;1;0;0;2;-10,76406871;-37,38567994;SPRF-SE;DEL01-SE;UOP02-DEL01-SE;;;
697640;12/06/2025;quinta-feira;13:30:00;RS;116;224;DOIS IRMAOS;Transitar na contram�o;Colis�o lateral sentido oposto;Com V�timas Feridas;Pleno dia;Decrescente;C�u Claro;Dupla;Curva;N�o;2;0;1;0;0;1;1;2;-29,58312731;-51,09791074;SPRF-RS;DEL01-RS;UOP02-DEL01-RS;;;
697641;12/06/2025;quinta-feira;07:45:00;RS;116;3,8;VACARIA;Transitar na contram�o;Colis�o lateral sentido oposto;Com V�timas Feridas;Pleno dia;Decrescente;Nublado;Simples;"Reta;Aclive";N�o;3;0;1;0;1;1;1;3;-28,239012;-50,770968;SPRF-RS;DEL05-RS;UOP03-DEL05-RS;;;
697643;12/06/2025;quinta-feira;10:09:00;MG;381;562;ITAGUARA;Velocidade Incompat�vel;Sa�da de leito carro��vel;Com V�timas Feridas;Pleno dia;Crescente;C�u Claro;Dupla;"Curva;Declive";Sim;3;0;0;1;0;2;1;3;-20,37591905;-44,47481275;SPRF-MG;DEL04-MG;UOP03-DEL04-MG;;;
697646;10/05/2025;s�bado;19:00:00;SC;101;395;CRICIUMA;Condutor deixou de manter dist�ncia do ve�culo da frente;Colis�o traseira;Com V�timas Feridas;Plena Noite;Decrescente;Ignorado;Dupla;Reta;N�o;5;0;1;0;3;1;1;2;-28,81045331;-49,38215956;SPRF-SC;DEL02-SC;UOP02-DEL02-SC;;;
697654;12/06/2025;quinta-feira;09:23:00;BA;242;538,4;OLIVEIRA DOS BREJINHOS;Acessar a via sem observar a presen�a dos outros ve�culos;Colis�o transversal;Com V�timas Feridas;Pleno dia;Crescente;C�u Claro;Simples;"Reta;Rotat�ria";N�o;6;0;3;0;2;1;3;3;-12,24498228;-42,76793753;SPRF-BA;DEL06-BA;UOP03-DEL06-BA;;;
697657;12/06/2025;quinta-feira;11:23:00;PI;316;4,5;TERESINA;Condutor deixou de manter dist�ncia do ve�culo da frente;Colis�o traseira;Com V�timas Fatais;Pleno dia;Decrescente;C�u Claro;M�ltipla;Reta;Sim;3;1;0;0;1;3;0;5;-5,14223738;-42,78114259;SPRF-PI;DEL01-PI;UOP02-DEL01-PI;;;
697661;12/06/2025;quinta-feira;14:00:00;MT;158;745;BARRA DO GARCAS;Aus�ncia de rea��o do condutor;Sa�da de leito carro��vel;Com V�timas Feridas;Pleno dia;Decrescente;C�u Claro;Simples;Reta;N�o;2;0;2;0;0;0;2;1;-15,445665;-52,201998;SPRF-MT;DEL07-MT;UOP01-DEL07-MT;;;
697663;12/06/2025;quinta-feira;06:40:00;MT;364;434;VARZEA GRANDE;Rea��o tardia ou ineficiente do condutor;Colis�o lateral mesmo sentido;Com V�timas Feridas;Pleno dia;Decrescente;C�u Claro;Dupla;"Interse��o de Vias;Reta;Rotat�ria";N�o;2;0;1;0;1;0;1;2;-15,64930132;-56,19620472;SPRF-MT;DEL01-MT;UOP02-DEL01-MT;;;
697665;12/06/2025;quinta-feira;10:55:00;PI;316;2,7;TERESINA;Acessar a via sem observar a presen�a dos outros ve�culos;Colis�o lateral mesmo sentido;Com V�timas Feridas;Pleno dia;Crescente;Sol;M�ltipla;Interse��o de Vias;Sim;2;0;1;0;1;0;1;2;-5,130703;-42,792137;SPRF-PI;DEL01-PI;UOP02-DEL01-PI;;;
697671;12/06/2025;quinta-feira;15:05:00;PR;376;120;ALTO PARANA;Condutor deixou de manter dist�ncia do ve�culo da frente;Colis�o traseira;Com V�timas Feridas;Pleno dia;Decrescente;C�u Claro;Dupla;"Declive;Reta";N�o;5;0;1;1;2;2;2;4;-23,11824;-52,31995;SPRF-PR;DEL09-PR;UOP02-DEL09-PR;;;
697674;02/06/2025;segunda-feira;11:10:00;GO;153;504;APARECIDA DE GOIANIA;Rea��o tardia ou ineficiente do condutor;Tombamento;Com V�timas Feridas;Pleno dia;Crescente;C�u Claro;Dupla;"Viaduto;Declive";Sim;2;0;1;0;1;0;1;2;-16,73403472;-49,24344275;SPRF-GO;DEL01-GO;UOP01-DEL01-GO;;;
697675;12/06/2025;quinta-feira;15:50:00;PR;376;662;TIJUCAS DO SUL;Ingest�o de �lcool pelo condutor;Colis�o traseira;Sem V�timas;Pleno dia;Crescente;Garoa/Chuvisco;Dupla;Reta;N�o;3;0;0;0;2;1;0;3;-25,85301024;-48,97782175;SPRF-PR;DEL01-PR;UOP04-DEL01-PR;;;
697678;12/06/2025;quinta-feira;15:28:00;AL;101;181;JUNQUEIRO;Problema com o freio;Engavetamento;Com V�timas Fatais;Pleno dia;Decrescente;C�u Claro;Dupla;"Declive;Curva";N�o;17;1;2;0;9;8;2;15;-9,896079;-36,405667;SPRF-AL;DEL02-AL;UOP02-DEL02-AL;;;
697681;12/06/2025;quinta-feira;16:15:00;MG;251;506;MONTES CLAROS;Pista Escorregadia;Colis�o traseira;Com V�timas Feridas;Pleno dia;Crescente;Chuva;Simples;"Declive;Curva";N�o;3;0;1;0;1;11;1;13;-16,6536937;-43,7179257;SPRF-MG;DEL12-MG;UOP01-DEL12-MG;;;
697687;12/06/2025;quinta-feira;12:00:00;RJ;101;482;ANGRA DOS REIS;Acessar a via sem observar a presen�a dos outros ve�culos;Colis�o transversal;Com V�timas Feridas;Pleno dia;Decrescente;Nublado;Simples;Reta;Sim;3;0;1;0;2;0;1;2;-22,9895528;-44,2418051;SPRF-RJ;DEL03-RJ;UOP03-DEL03-RJ;;;
697688;12/06/2025;quinta-feira;16:40:00;MG;40;522,2;CONTAGEM;Aus�ncia de rea��o do condutor;Colis�o com objeto;Com V�timas Fatais;Pleno dia;Crescente;C�u Claro;Dupla;"Declive;Reta";N�o;4;1;0;0;1;2;0;4;-19,8720869;-44,0560555;SPRF-MG;DEL01-MG;UOP02-DEL01-MG;;;
697695;12/06/2025;quinta-feira;13:49:00;MT;163;1069;GUARANTA DO NORTE;Rea��o tardia ou ineficiente do condutor;Colis�o lateral sentido oposto;Com V�timas Feridas;Pleno dia;Crescente;C�u Claro;Simples;Reta;N�o;3;0;2;0;0;3;2;5;-9,90672119;-54,89937969;SPRF-MT;DEL06-MT;UOP03-DEL06-MT;;;
697706;12/06/2025;quinta-feira;17:00:00;GO;20;0;FORMOSA;Velocidade Incompat�vel;Engavetamento;Com V�timas Feridas;Pleno dia;Decrescente;C�u Claro;Dupla;"Reta;Interse��o de Vias;Em Obras";Sim;5;0;1;0;4;0;1;3;-15,58108386;-47,34185256;SPRF-DF;DEL02-DF;UOP02-DEL02-DF;;;
697707;12/06/2025;quinta-feira;17:30:00;PR;376;623;SAO JOSE DOS PINHAIS;Aus�ncia de rea��o do condutor;Colis�o traseira;Com V�timas Feridas;Anoitecer;Decrescente;Garoa/Chuvisco;Dupla;Reta;N�o;7;0;2;1;3;1;3;4;-25,641503;-49,159606;SPRF-PR;DEL01-PR;UOP04-DEL01-PR;;;
697714;12/06/2025;quinta-feira;16:00:00;BA;116;27;VITORIA DA CONQUISTA;Demais falhas mec�nicas ou el�tricas;Colis�o com objeto;Com V�timas Feridas;Pleno dia;Crescente;Nublado;Simples;"Aclive;Curva";N�o;2;0;1;0;1;0;1;2;-14,846867;-40,812653;SPRF-BA;DEL08-BA;UOP01-DEL08-BA;;;
697719;12/06/2025;quinta-feira;18:30:00;PR;277;8;PARANAGUA;Demais falhas mec�nicas ou el�tricas;Colis�o lateral mesmo sentido;Com V�timas Feridas;Anoitecer;Decrescente;Nublado;Dupla;Reta;Sim;4;0;0;1;2;2;1;4;-25,564608;-48,598922;SPRF-PR;DEL01-PR;UOP05-DEL01-PR;;;
697724;12/06/2025;quinta-feira;19:15:00;GO;60;92;ANAPOLIS;Acessar a via sem observar a presen�a dos outros ve�culos;Colis�o traseira;Com V�timas Feridas;Plena Noite;Decrescente;Ignorado;Dupla;Reta;Sim;3;0;1;0;0;2;1;3;-16,34898;-48,90959;SPRF-GO;DEL02-GO;UOP01-DEL02-GO;;;