id;data_inversa;dia_semana;horario;uf;br;km;municipio;causa_acidente;tipo_acidente;classificacao_acidente;fase_dia;sentido_via;condicao_metereologica;tipo_pista;tracado_via;uso_solo;pessoas;mortos;feridos_leves;feridos_graves;ilesos;ignorados;feridos;veiculos;latitude;longitude;regional;delegacia;uop;;;
697727;12/06/2025;quinta-feira;18:45:00;SC;280;167,9;MAFRA;Pedestre cruzava a pista fora da faixa;Atropelamento de Pedestre;Com V�timas Feridas;Plena Noite;Decrescente;Nublado;Simples;"Aclive;Reta";Sim;3;0;0;1;1;1;1;2;-26,16190015;-49,81693585;SPRF-SC;DEL06-SC;UOP01-DEL06-SC;;;
697732;12/06/2025;quinta-feira;20:00:00;SC;101;97;BALNEARIO PICARRAS;Acessar a via sem observar a presen�a dos outros ve�culos;Colis�o lateral mesmo sentido;Com V�timas Feridas;Plena Noite;Decrescente;Nublado;M�ltipla;Interse��o de Vias;Sim;3;0;0;1;1;2;1;4;-26,731713;-48,700848;SPRF-SC;DEL03-SC;UOP02-DEL03-SC;;;
697733;19/05/2025;segunda-feira;17:15:00;RJ;116;232;PIRAI;Velocidade Incompat�vel;Tombamento;Sem V�timas;Plena Noite;Decrescente;C�u Claro;Dupla;"Curva;Declive";N�o;2;0;0;0;1;1;0;2;-22,67262983;-43,83579254;SPRF-RJ;DEL07-RJ;UOP01-DEL07-RJ;;;
697738;12/06/2025;quinta-feira;19:40:00;PR;116;16;COLOMBO;Chuva;Colis�o traseira;Com V�timas Feridas;Plena Noite;Crescente;Chuva;Dupla;"Reta;Aclive";N�o;2;0;0;1;1;0;1;2;-25,387988;-49,181183;SPRF-PR;DEL01-PR;UOP02-DEL01-PR;;;
697744;12/06/2025;quinta-feira;12:00:00;MA;222;526;BURITICUPU;Acessar a via sem observar a presen�a dos outros ve�culos;Colis�o traseira;Com V�timas Fatais;Pleno dia;Crescente;C�u Claro;Simples;Curva;Sim;4;1;1;0;0;2;1;4;-4,316273;-46,452255;SPRF-MA;DEL02-MA;UOP01-DEL02-MA;;;
697752;12/06/2025;quinta-feira;21:50:00;BA;101;186;SAO GONCALO DOS CAMPOS;Ultrapassagem Indevida;Colis�o lateral sentido oposto;Sem V�timas;Plena Noite;Crescente;Chuva;Simples;Reta;Sim;4;0;0;0;3;2;0;5;-12,473402;-38,940297;SPRF-BA;DEL01-BA;UOP03-DEL01-BA;;;
697760;12/06/2025;quinta-feira;18:45:00;RJ;393;286,5;VOLTA REDONDA;Manobra de mudan�a de faixa;Colis�o lateral mesmo sentido;Com V�timas Feridas;Plena Noite;Crescente;Nublado;Simples;Reta;Sim;3;0;0;1;1;1;1;3;-22,508593;-44,079584;SPRF-RJ;DEL05-RJ;UOP04-DEL05-RJ;;;
697763;12/06/2025;quinta-feira;10:00:00;PI;135;552;SAO GONCALO DO GURGUEIA;Rea��o tardia ou ineficiente do condutor;Sa�da de leito carro��vel;Com V�timas Feridas;Pleno dia;Crescente;C�u Claro;Simples;"Declive;Curva";N�o;2;0;1;0;0;9;1;10;-10,125245;-45,230043;SPRF-PI;DEL03-PI;UOP02-DEL03-PI;;;
697767;12/06/2025;quinta-feira;21:00:00;RS;392;166,9;CANGUCU;Ingest�o de �lcool pelo condutor;Tombamento;Com V�timas Feridas;Plena Noite;Decrescente;C�u Claro;Simples;"Aclive;Curva";N�o;3;0;1;0;1;1;1;2;-31,29786908;-52,77867126;SPRF-RS;DEL07-RS;UOP01-DEL07-RS;;;
697770;12/06/2025;quinta-feira;23:40:00;MG;116;708,5;MURIAE;Velocidade Incompat�vel;Tombamento;Com V�timas Feridas;Plena Noite;Crescente;Nublado;Simples;Curva;N�o;3;0;1;1;0;2;2;3;-21,15047497;-42,38285065;SPRF-MG;DEL07-MG;UOP02-DEL07-MG;;;
697771;12/06/2025;quinta-feira;22:50:00;PI;316;304,5;PICOS;Pedestre andava na pista;Atropelamento de Pedestre;Com V�timas Feridas;Plena Noite;Decrescente;C�u Claro;Simples;Reta;Sim;3;0;1;0;1;1;1;2;-7,06587;-41,513533;SPRF-PI;DEL04-PI;UOP01-DEL04-PI;;;
697772;13/06/2025;sexta-feira;00:20:00;PR;277;619,5;CEU AZUL;Transitar na contram�o;Colis�o frontal;Com V�timas Fatais;Plena Noite;Decrescente;Vento;Simples;Reta;N�o;3;1;0;0;1;1;0;3;-25,081066;-53,706158;SPRF-PR;DEL05-PR;UOP02-DEL05-PR;;;
697773;12/06/2025;quinta-feira;22:30:00;RS;392;12,2;RIO GRANDE;Ingest�o de �lcool pelo condutor;Sa�da de leito carro��vel;Com V�timas Feridas;Plena Noite;Decrescente;C�u Claro;Dupla;Reta;Sim;3;0;1;0;1;3;1;5;-32,11308582;-52,11835742;SPRF-RS;DEL07-RS;UOP02-DEL07-RS;;;
697774;12/06/2025;quinta-feira;21:30:00;RJ;116;199;QUEIMADOS;Rea��o tardia ou ineficiente do condutor;Colis�o traseira;Com V�timas Fatais;Plena Noite;Crescente;Garoa/Chuvisco;Dupla;Reta;Sim;2;1;0;0;0;1;0;2;-22,731;-43,596;SPRF-RJ;DEL06-RJ;UOP02-DEL06-RJ;;;
697775;12/06/2025;quinta-feira;20:00:00;PR;158;523;PATO BRANCO;Velocidade Incompat�vel;Colis�o frontal;Com V�timas Feridas;Pleno dia;Decrescente;C�u Claro;Simples;"Declive;Curva";N�o;6;0;1;0;4;2;1;4;-26,14429964;-52,65909998;SPRF-PR;DEL02-PR;UOP01-DEL02-PR;;;
697778;13/06/2025;sexta-feira;00:50:00;BA;324;535;FEIRA DE SANTANA;Rea��o tardia ou ineficiente do condutor;Colis�o transversal;Com V�timas Feridas;Plena Noite;Decrescente;Chuva;Dupla;Reta;Sim;4;0;3;0;1;0;3;2;-12,375527;-38,878193;SPRF-BA;DEL01-BA;UOP03-DEL01-BA;;;
697779;13/06/2025;sexta-feira;00:50:00;MS;60;379,5;CAMPO GRANDE;Rea��o tardia ou ineficiente do condutor;Colis�o frontal;Com V�timas Fatais;Plena Noite;Crescente;C�u Claro;Simples;Reta;N�o;2;1;0;0;1;0;0;2;-20,623004;-54,747709;SPRF-MS;DEL01-MS;UOP04-DEL01-MS;;;
697784;13/06/2025;sexta-feira;03:00:00;MG;50;166;UBERABA;Aus�ncia de rea��o do condutor;Colis�o traseira;Com V�timas Feridas;Plena Noite;Crescente;C�u Claro;Dupla;Reta;N�o;3;0;0;1;1;3;1;5;-19,70666;-47,984507;SPRF-MG;DEL13-MG;UOP01-DEL13-MG;;;
697795;12/06/2025;quinta-feira;23:50:00;RJ;393;157;TRES RIOS;Velocidade Incompat�vel;Colis�o frontal;Com V�timas Feridas;Plena Noite;Crescente;C�u Claro;Simples;Reta;N�o;2;0;0;1;1;0;1;2;-22,10464693;-43,08666229;SPRF-RJ;DEL05-RJ;UOP01-DEL05-RJ;;;
697803;13/06/2025;sexta-feira;06:00:00;PR;163;53,8;PEROLA DOESTE;Aus�ncia de rea��o do condutor;Tombamento;Com V�timas Feridas;Amanhecer;Crescente;C�u Claro;Simples;"Curva;Declive";N�o;2;0;1;0;0;1;1;2;-25,92488423;-53,7509292;SPRF-PR;DEL02-PR;UOP02-DEL02-PR;;;
697804;13/06/2025;sexta-feira;06:40:00;GO;50;235,7;CATALAO;Aus�ncia de rea��o do condutor;Colis�o traseira;Com V�timas Fatais;Amanhecer;Decrescente;C�u Claro;Dupla;"Declive;Curva";N�o;9;1;5;1;1;1;6;3;-17,85172;-47,772662;SPRF-GO;DEL06-GO;UOP01-DEL06-GO;;;
697809;01/06/2025;domingo;01:40:00;RJ;101;194,9;CASIMIRO DE ABREU;Velocidade Incompat�vel;Tombamento;Com V�timas Feridas;Plena Noite;Crescente;C�u Claro;Dupla;Curva;Sim;3;0;1;0;1;1;1;2;-22,4753585;-42,1723577;SPRF-RJ;DEL08-RJ;UOP04-DEL08-RJ;;;
697816;13/06/2025;sexta-feira;04:50:00;BA;101;331;PRESIDENTE TANCREDO NEVES;Aus�ncia de rea��o do condutor;Colis�o lateral sentido oposto;Com V�timas Feridas;Amanhecer;Crescente;C�u Claro;Simples;Reta;N�o;2;0;1;0;1;0;1;2;-13,49318347;-39,43077922;SPRF-BA;DEL05-BA;UOP03-DEL05-BA;;;
697817;13/05/2025;ter�a-feira;21:15:00;MG;251;441,7;GRAO MOGOL;Pista Escorregadia;Sa�da de leito carro��vel;Com V�timas Fatais;Plena Noite;Crescente;Garoa/Chuvisco;Simples;Curva;N�o;21;9;1;9;1;4;10;6;-16,4074212;-43,2280038;SPRF-MG;DEL12-MG;UOP01-DEL12-MG;;;
697820;13/06/2025;sexta-feira;07:20:00;GO;60;388;RIO VERDE;Objeto est�tico sobre o leito carro��vel;Sa�da de leito carro��vel;Com V�timas Feridas;Pleno dia;Crescente;C�u Claro;Dupla;Reta;Sim;3;0;1;0;1;2;1;4;-17,824355;-50,956978;SPRF-GO;DEL04-GO;UOP02-DEL04-GO;;;
697821;13/06/2025;sexta-feira;07:00:00;RN;304;304,2;PARNAMIRIM;Acessar a via sem observar a presen�a dos outros ve�culos;Colis�o transversal;Com V�timas Feridas;Pleno dia;Crescente;C�u Claro;Dupla;Reta;N�o;2;0;0;1;0;1;1;2;-5,8860909;-35,27780771;SPRF-RN;DEL01-RN;UOP02-DEL01-RN;;;
697825;13/06/2025;sexta-feira;05:30:00;AC;317;197;XAPURI;Rea��o tardia ou ineficiente do condutor;Sa�da de leito carro��vel;Com V�timas Feridas;Amanhecer;Decrescente;C�u Claro;Simples;"Reta;Declive";N�o;3;0;3;0;0;0;3;1;-10,702046;-68,1707356;SPRF-AC;DEL01-AC;UOP02-DEL01-AC;;;
697831;13/06/2025;sexta-feira;08:00:00;PR;277;3,4;PARANAGUA;Retorno proibido;Colis�o transversal;Com V�timas Feridas;Pleno dia;Crescente;Garoa/Chuvisco;Simples;Interse��o de Vias;N�o;2;0;1;0;1;0;1;2;-25,54435285;-48,55967609;SPRF-PR;DEL01-PR;UOP05-DEL01-PR;;;
697838;13/06/2025;sexta-feira;09:15:00;PI;316;313,8;PICOS;Estacionar ou parar em local proibido;Colis�o com objeto;Com V�timas Feridas;Pleno dia;Decrescente;C�u Claro;Dupla;Curva;Sim;2;0;0;1;1;0;1;2;-7,07727;-41,44289;SPRF-PI;DEL04-PI;UOP01-DEL04-PI;;;
697839;13/06/2025;sexta-feira;09:40:00;ES;101;61;SAO MATEUS;Aus�ncia de rea��o do condutor;Colis�o traseira;Com V�timas Feridas;Pleno dia;Decrescente;C�u Claro;Simples;Reta;N�o;5;0;2;0;1;2;2;4;-18,6818032;-39,8636157;SPRF-ES;DEL04-ES;UOP02-DEL04-ES;;;
697840;13/06/2025;sexta-feira;05:20:00;CE;222;121,8;ITAPAJE;Transitar na contram�o;Colis�o lateral sentido oposto;Com V�timas Feridas;Amanhecer;Crescente;C�u Claro;Simples;Reta;Sim;3;0;1;0;1;3;1;5;-3,71130344;-39,56686227;SPRF-CE;DEL04-CE;UOP03-DEL04-CE;;;
697847;13/06/2025;sexta-feira;10:07:00;MA;222;621;ACAILANDIA;Ultrapassagem Indevida;Tombamento;Com V�timas Feridas;Pleno dia;Decrescente;C�u Claro;Simples;"Reta;Declive";N�o;4;0;0;1;0;3;1;4;-4,77607078;-47,08053589;SPRF-MA;DEL04-MA;UOP03-DEL04-MA;;;
697848;13/06/2025;sexta-feira;09:50:00;ES;101;428;ATILIO VIVACQUA;Demais falhas mec�nicas ou el�tricas;Inc�ndio;Sem V�timas;Pleno dia;Decrescente;Nublado;Simples;Reta;N�o;2;0;0;0;1;1;0;2;-21,01852;-41,152062;SPRF-ES;DEL03-ES;UOP02-DEL03-ES;;;
697852;13/06/2025;sexta-feira;09:40:00;MG;459;16,8;CALDAS;Condutor usando celular;Tombamento;Com V�timas Feridas;Pleno dia;Crescente;C�u Claro;Simples;"Curva;Aclive";N�o;1;0;1;0;0;0;1;1;-21,84031;-46,440738;SPRF-MG;DEL09-MG;UOP01-DEL09-MG;;;
697854;13/06/2025;sexta-feira;10:54:00;BA;324;519;FEIRA DE SANTANA;Acessar a via sem observar a presen�a dos outros ve�culos;Atropelamento de Pedestre;Sem V�timas;Pleno dia;Crescente;Chuva;Dupla;Reta;Sim;3;0;0;0;2;1;0;3;-12,28571793;-38,91820908;SPRF-BA;DEL02-BA;UOP01-DEL02-BA;;;
697856;04/05/2025;domingo;01:30:00;PE;316;74,6;OURICURI;Transitar na contram�o;Colis�o frontal;Com V�timas Feridas;Plena Noite;Crescente;C�u Claro;Simples;Reta;N�o;5;0;1;1;2;1;2;3;-7,834376;-40,143196;SPRF-PE;DEL05-PE;UOP02-DEL05-PE;;;
697859;13/06/2025;sexta-feira;11:20:00;MG;381;917;CAMANDUCAIA;Aus�ncia de rea��o do condutor;Tombamento;Com V�timas Feridas;Pleno dia;Decrescente;C�u Claro;Dupla;Curva;N�o;5;0;1;0;1;3;1;3;-22,79163889;-46,17164615;SPRF-MG;DEL16-MG;UOP03-DEL16-MG;;;
697862;13/06/2025;sexta-feira;12:05:00;RS;116;257;ESTEIO;Frear bruscamente;Colis�o lateral mesmo sentido;Com V�timas Feridas;Pleno dia;Decrescente;C�u Claro;M�ltipla;"Reta;Aclive;Viaduto";Sim;2;0;1;0;1;0;1;2;-29,85124175;-51,17951436;SPRF-RS;DEL01-RS;UOP02-DEL01-RS;;;
697865;13/06/2025;sexta-feira;12:37:00;PR;376;674;GUARATUBA;Rea��o tardia ou ineficiente do condutor;Colis�o traseira;Com V�timas Feridas;Pleno dia;Crescente;Garoa/Chuvisco;Dupla;Reta;N�o;4;0;1;0;2;2;1;5;-25,92064908;-48,9180851;SPRF-PR;DEL01-PR;UOP04-DEL01-PR;;;
697866;13/06/2025;sexta-feira;13:15:00;GO;153;440;ANAPOLIS;Aus�ncia de rea��o do condutor;Colis�o traseira;Com V�timas Feridas;Pleno dia;Crescente;C�u Claro;Dupla;"Reta;Aclive";Sim;3;0;1;0;1;1;1;3;-16,33437776;-48,92265357;SPRF-GO;DEL02-GO;UOP01-DEL02-GO;;;
697869;13/06/2025;sexta-feira;08:40:00;SC;282;593,3;MARAVILHA;Velocidade Incompat�vel;Sa�da de leito carro��vel;Com V�timas Feridas;Pleno dia;Crescente;Sol;Simples;Curva;N�o;2;0;1;0;0;1;1;2;-26,76655233;-53,21436366;SPRF-SC;DEL07-SC;UOP02-DEL07-SC;;;
697871;13/06/2025;sexta-feira;07:58:00;MT;70;738;CACERES;Acessar a via sem observar a presen�a dos outros ve�culos;Colis�o frontal;Com V�timas Fatais;Pleno dia;Crescente;C�u Claro;Simples;Reta;N�o;9;1;1;3;3;1;4;4;-16,061882;-57,71347;SPRF-MT;DEL03-MT;UOP01-DEL03-MT;;;
697879;13/06/2025;sexta-feira;13:45:00;RS;101;1,9;TORRES;Acessar a via sem observar a presen�a dos outros ve�culos;Colis�o lateral mesmo sentido;Sem V�timas;Pleno dia;Decrescente;Sol;Dupla;Reta;Sim;3;0;0;0;2;2;0;4;-29,31590876;-49,77421658;SPRF-RS;DEL03-RS;UOP02-DEL03-RS;;;
697885;13/06/2025;sexta-feira;13:40:00;SC;282;480;FAXINAL DOS GUEDES;Rea��o tardia ou ineficiente do condutor;Tombamento;Com V�timas Feridas;Pleno dia;Crescente;C�u Claro;Simples;"Rotat�ria;Reta";N�o;2;0;0;1;0;1;1;2;-26,87850626;-52,18724426;SPRF-SC;DEL07-SC;UOP01-DEL07-SC;;;
697886;13/06/2025;sexta-feira;12:15:00;PR;369;142;IBIPORA;Velocidade Incompat�vel;Colis�o traseira;Com V�timas Feridas;Pleno dia;Decrescente;C�u Claro;Simples;"Declive;Reta";Sim;2;0;0;1;1;0;1;2;-23,29071943;-51,08508394;SPRF-PR;DEL07-PR;UOP01-DEL07-PR;;;
697890;13/06/2025;sexta-feira;13:57:00;SC;101;77,9;ARAQUARI;Acessar a via sem observar a presen�a dos outros ve�culos;Colis�o frontal;Com V�timas Fatais;Pleno dia;Decrescente;Garoa/Chuvisco;Dupla;"Reta;Interse��o de Vias";N�o;2;1;0;0;1;0;0;2;-26,578897;-48,722366;SPRF-SC;DEL03-SC;UOP02-DEL03-SC;;;
697891;13/06/2025;sexta-feira;13:20:00;RJ;116;236;PIRAI;Manobra de mudan�a de faixa;Colis�o lateral mesmo sentido;Com V�timas Feridas;Pleno dia;Crescente;C�u Claro;Dupla;Reta;N�o;7;0;2;0;3;2;2;3;-22,66662943;-43,84147405;SPRF-RJ;DEL07-RJ;UOP01-DEL07-RJ;;;
697892;13/06/2025;sexta-feira;14:00:00;PE;316;278;ITACURUBA;Condutor Dormindo;Colis�o traseira;Com V�timas Feridas;Pleno dia;Decrescente;C�u Claro;Simples;Reta;N�o;2;0;0;1;1;0;1;2;-8,674237;-38,782728;SPRF-PE;DEL04-PE;UOP03-DEL04-PE;;;
697893;13/06/2025;sexta-feira;14:55:00;RS;116;253;SAPUCAIA DO SUL;Condutor desrespeitou a ilumina��o vermelha do sem�foro;Colis�o transversal;Com V�timas Feridas;Pleno dia;Decrescente;C�u Claro;Dupla;"Interse��o de Vias;Viaduto;Reta";Sim;6;0;4;0;2;0;4;2;-29,81673179;-51,16963732;SPRF-RS;DEL01-RS;UOP02-DEL01-RS;;;
697894;13/06/2025;sexta-feira;15:00:00;RS;285;555,7;SAO LUIZ GONZAGA;Manobra de mudan�a de faixa;Colis�o lateral sentido oposto;Com V�timas Fatais;Pleno dia;Crescente;Sol;Simples;Reta;N�o;3;1;0;0;1;1;0;3;-28,41744708;-54,82744217;SPRF-RS;DEL10-RS;UOP01-DEL10-RS;;;
697896;13/06/2025;sexta-feira;14:40:00;MS;60;424,4;SIDROLANDIA;Acessar a via sem observar a presen�a dos outros ve�culos;Colis�o transversal;Com V�timas Fatais;Pleno dia;Crescente;Nublado;Dupla;"Reta;Interse��o de Vias";N�o;3;1;0;1;1;0;1;2;-20,92545772;-54,95490074;SPRF-MS;DEL01-MS;UOP04-DEL01-MS;;;
697897;13/06/2025;sexta-feira;14:30:00;PE;101;78;RECIFE;Trafegar com motocicleta (ou similar) entre as faixas;Colis�o lateral mesmo sentido;Com V�timas Fatais;Pleno dia;Crescente;C�u Claro;Dupla;Reta;Sim;4;1;0;0;1;2;0;4;-8,13462;-34,94735;SPRF-PE;DEL01-PE;UOP01-DEL01-PE;;;
697898;13/06/2025;sexta-feira;15:00:00;AL;101;96,8;PILAR;Demais falhas mec�nicas ou el�tricas;Tombamento;Com V�timas Feridas;Pleno dia;Decrescente;C�u Claro;Dupla;Declive;N�o;2;0;1;0;0;1;1;2;-9,537093;-35,952002;SPRF-AL;DEL01-AL;UOP01-DEL01-AL;;;
697901;13/05/2025;ter�a-feira;06:10:00;GO;60;360;RIO VERDE;Acessar a via sem observar a presen�a dos outros ve�culos;Colis�o lateral mesmo sentido;Com V�timas Feridas;Amanhecer;Decrescente;C�u Claro;Dupla;Reta;N�o;3;0;1;0;1;1;1;3;-17,64173;-50,787143;SPRF-GO;DEL04-GO;UOP02-DEL04-GO;;;
697902;13/06/2025;sexta-feira;13:50:00;TO;153;245;COLINAS DO TOCANTINS;Manobra de mudan�a de faixa;Colis�o lateral mesmo sentido;Com V�timas Feridas;Pleno dia;Crescente;C�u Claro;Dupla;Reta;N�o;6;0;1;0;5;0;1;2;-8,040783;-48,46604;SPRF-TO;DEL02-TO;UOP02-DEL02-TO;;;
697905;13/06/2025;sexta-feira;16:45:00;MG;40;478,8;SETE LAGOAS;Manobra de mudan�a de faixa;Colis�o transversal;Com V�timas Feridas;Pleno dia;Crescente;C�u Claro;Dupla;"Reta;Retorno Regulamentado";N�o;3;0;0;1;1;2;1;4;-19,53384102;-44,25634716;SPRF-MG;DEL02-MG;UOP01-DEL02-MG;;;
697910;13/06/2025;sexta-feira;16:20:00;CE;116;10;FORTALEZA;Rea��o tardia ou ineficiente do condutor;Colis�o traseira;Com V�timas Feridas;Pleno dia;Decrescente;C�u Claro;M�ltipla;Reta;Sim;3;0;1;0;2;0;1;3;-3,83524103;-38,50285029;SPRF-CE;DEL01-CE;UOP02-DEL01-CE;;;
697912;13/06/2025;sexta-feira;16:38:00;TO;153;574;SANTA RITA DO TOCANTINS;Acessar a via sem observar a presen�a dos outros ve�culos;Colis�o transversal;Com V�timas Fatais;Pleno dia;Crescente;C�u Claro;Simples;"Reta;Interse��o de Vias";Sim;3;1;0;0;1;2;0;4;-10,865019;-48,905571;SPRF-TO;DEL01-TO;UOP01-DEL01-TO;;;
697916;13/06/2025;sexta-feira;13:15:00;SC;282;446,7;PONTE SERRADA;Transitar na contram�o;Colis�o lateral sentido oposto;Com V�timas Feridas;Pleno dia;Decrescente;C�u Claro;Simples;Curva;N�o;7;0;2;1;3;1;3;5;-26,90732673;-51,90794416;SPRF-SC;DEL07-SC;UOP04-DEL07-SC;;;
697918;13/06/2025;sexta-feira;11:00:00;AL;101;233;PORTO REAL DO COLEGIO;Acumulo de �gua sobre o pavimento;Sa�da de leito carro��vel;Sem V�timas;Pleno dia;Crescente;Chuva;Simples;Curva;N�o;1;0;0;0;1;0;0;1;-10,11985226;-36,73535077;SPRF-AL;DEL02-AL;UOP02-DEL02-AL;;;
697921;13/06/2025;sexta-feira;16:50:00;MG;40;609,1;CONGONHAS;Retorno proibido;Colis�o transversal;Com V�timas Fatais;Pleno dia;Decrescente;Sol;Simples;Curva;N�o;5;1;0;1;1;2;1;4;-20,498016;-43,836667;SPRF-MG;DEL05-MG;UOP02-DEL05-MG;;;
697924;12/06/2025;quinta-feira;13:00:00;MA;316;245;BOM JARDIM;Pista esburacada;Sa�da de leito carro��vel;Sem V�timas;Pleno dia;Decrescente;C�u Claro;Simples;Reta;N�o;1;0;0;0;1;0;0;1;-3,62467;-45,509983;SPRF-MA;DEL02-MA;UOP01-DEL02-MA;;;
697937;13/06/2025;sexta-feira;15:30:00;PR;163;50,2;PRANCHITA;Convers�o proibida;Colis�o frontal;Com V�timas Feridas;Pleno dia;Crescente;C�u Claro;Simples;Curva;N�o;2;0;1;1;0;0;2;2;-25,94294026;-53,72843312;SPRF-PR;DEL02-PR;UOP02-DEL02-PR;;;
697941;13/06/2025;sexta-feira;18:30:00;RS;116;151,2;CAXIAS DO SUL;Rea��o tardia ou ineficiente do condutor;Engavetamento;Sem V�timas;Anoitecer;Crescente;C�u Claro;Dupla;Reta;N�o;3;0;0;0;3;0;0;3;-29,17860884;-51,16283655;SPRF-RS;DEL05-RS;UOP01-DEL05-RS;;;
697946;13/06/2025;sexta-feira;19:20:00;SC;101;192,6;BIGUACU;Entrada inopinada do pedestre;Atropelamento de Pedestre;Com V�timas Fatais;Anoitecer;Crescente;C�u Claro;M�ltipla;Reta;Sim;2;1;0;0;0;1;0;2;-27,4879069;-48,6526464;SPRF-SC;DEL01-SC;UOP01-DEL01-SC;;;
697949;13/06/2025;sexta-feira;16:30:00;SC;280;24;ARAQUARI;Aus�ncia de rea��o do condutor;Colis�o transversal;Com V�timas Feridas;Pleno dia;Crescente;Garoa/Chuvisco;Simples;Reta;Sim;3;0;1;0;1;3;1;5;-26,378615;-48,721327;SPRF-SC;DEL03-SC;UOP03-DEL03-SC;;;
697959;13/06/2025;sexta-feira;19:00:00;RN;226;85,3;TANGARA;Condutor Dormindo;Colis�o frontal;Com V�timas Feridas;Plena Noite;Crescente;C�u Claro;Simples;Curva;N�o;5;0;2;2;1;0;4;2;-6,21837754;-35,82984924;SPRF-RN;DEL03-RN;UOP02-DEL03-RN;;;
697961;13/06/2025;sexta-feira;16:40:00;MT;163;555;DIAMANTINO;Falta de acostamento;Sa�da de leito carro��vel;Com V�timas Feridas;Anoitecer;Crescente;C�u Claro;Simples;"Reta;Em Obras;Desvio Tempor�rio";N�o;3;0;2;0;0;3;2;4;-14,18509855;-56,08766842;SPRF-MT;DEL01-MT;UOP01-DEL01-MT;;;
697967;13/06/2025;sexta-feira;20:30:00;SP;116;215;GUARULHOS;Rea��o tardia ou ineficiente do condutor;Colis�o lateral mesmo sentido;Com V�timas Feridas;Plena Noite;Decrescente;Vento;M�ltipla;Reta;Sim;5;0;1;0;1;3;1;2;-23,45035435;-46,4617157;SPRF-SP;DEL01-SP;UOP01-DEL01-SP;;;
697971;13/06/2025;sexta-feira;18:40:00;PE;232;198,1;SANHARO;Transitar na contram�o;Colis�o frontal;Com V�timas Feridas;Plena Noite;Crescente;Chuva;Simples;Reta;N�o;2;0;0;1;1;0;1;2;-8,369468;-36,590452;SPRF-PE;DEL03-PE;UOP02-DEL03-PE;;;
697984;13/06/2025;sexta-feira;20:30:00;RS;386;360;ESTRELA;Acessar a via sem observar a presen�a dos outros ve�culos;Colis�o traseira;Sem V�timas;Plena Noite;Decrescente;C�u Claro;Dupla;"Retorno Regulamentado;Reta";N�o;3;0;0;0;2;1;0;3;-29,55042947;-51,90509884;SPRF-RS;DEL04-RS;UOP01-DEL04-RS;;;
697991;13/06/2025;sexta-feira;15:45:00;RJ;465;5;SEROPEDICA;Acessar a via sem observar a presen�a dos outros ve�culos;Colis�o transversal;Com V�timas Feridas;Pleno dia;Crescente;C�u Claro;Simples;Reta;Sim;4;0;1;0;3;0;1;2;-22,7503368;-43,69690642;SPRF-RJ;DEL06-RJ;UOP02-DEL06-RJ;;;
697999;13/06/2025;sexta-feira;18:10:00;RJ;40;121;DUQUE DE CAXIAS;Manobra de mudan�a de faixa;Colis�o lateral mesmo sentido;Com V�timas Feridas;Plena Noite;Decrescente;C�u Claro;Dupla;Reta;N�o;3;0;1;0;1;1;1;2;-22,78239031;-43,28535042;SPRF-RJ;DEL01-RJ;UOP02-DEL01-RJ;;;
698000;13/06/2025;sexta-feira;18:30:00;MG;116;183,8;CARAI;Acessar a via sem observar a presen�a dos outros ve�culos;Colis�o transversal;Com V�timas Fatais;Anoitecer;Crescente;Nublado;Simples;"Aclive;Curva";N�o;3;1;0;0;2;0;0;3;-17,1145546;-41,5026814;SPRF-MG;DEL11-MG;UOP01-DEL11-MG;;;
698001;13/06/2025;sexta-feira;22:10:00;ES;262;27,9;VIANA;Ultrapassagem Indevida;Colis�o frontal;Com V�timas Feridas;Plena Noite;Crescente;C�u Claro;Simples;Curva;N�o;8;0;5;1;2;0;6;3;-20,38508788;-40,55464458;SPRF-ES;DEL01-ES;UOP01-DEL01-ES;;;
698003;13/06/2025;sexta-feira;19:35:00;PR;153;2;IMBITUVA;Rea��o tardia ou ineficiente do condutor;Colis�o frontal;Com V�timas Feridas;Plena Noite;Decrescente;C�u Claro;Simples;"Curva;Declive";N�o;3;0;0;1;2;0;1;2;-25,24845;-50,628381;SPRF-PR;DEL07-PR;UOP04-DEL07-PR;;;
698006;13/06/2025;sexta-feira;21:15:00;PR;373;382;CANDOI;Velocidade Incompat�vel;Tombamento;Com V�timas Feridas;Plena Noite;Crescente;C�u Claro;Simples;Curva;N�o;2;0;1;0;0;1;1;2;-25,459057;-51,9611009;SPRF-PR;DEL04-PR;UOP02-DEL04-PR;;;
698008;13/06/2025;sexta-feira;19:30:00;AC;317;236;XAPURI;Aus�ncia de rea��o do condutor;Colis�o traseira;Com V�timas Feridas;Plena Noite;Crescente;C�u Claro;Simples;Reta;N�o;2;0;0;1;1;0;1;2;-10,72224103;-68,42892319;SPRF-AC;DEL01-AC;UOP02-DEL01-AC;;;
698009;13/06/2025;sexta-feira;22:45:00;SC;101;26,8;JOINVILLE;Pedestre - Ingest�o de �lcool/ subst�ncias psicoativas;Atropelamento de Pedestre;Com V�timas Fatais;Plena Noite;Crescente;Garoa/Chuvisco;Dupla;Curva;N�o;3;1;0;0;1;1;0;3;-26,19930609;-48,91280518;SPRF-SC;DEL03-SC;UOP01-DEL03-SC;;;
698019;13/06/2025;sexta-feira;23:00:00;SP;116;193;SANTA ISABEL;Rea��o tardia ou ineficiente do condutor;Colis�o traseira;Com V�timas Feridas;Plena Noite;Decrescente;C�u Claro;Dupla;"Aclive;Curva";N�o;2;0;0;1;1;0;1;2;-23,37759117;-46,25474549;SPRF-SP;DEL01-SP;UOP01-DEL01-SP;;;