id;data_inversa;dia_semana;horario;uf;br;km;municipio;causa_acidente;tipo_acidente;classificacao_acidente;fase_dia;sentido_via;condicao_metereologica;tipo_pista;tracado_via;uso_solo;pessoas;mortos;feridos_leves;feridos_graves;ilesos;ignorados;feridos;veiculos;latitude;longitude;regional;delegacia;uop;;;
698020;13/06/2025;sexta-feira;23:45:00;SC;101;120,9;ITAJAI;Aus�ncia de rea��o do condutor;Colis�o transversal;Sem V�timas;Plena Noite;Decrescente;Chuva;Dupla;Reta;N�o;3;0;0;0;1;3;0;4;-26,9244351;-48,70665997;SPRF-SC;DEL04-SC;UOP04-DEL04-SC;;;
698027;13/06/2025;sexta-feira;23:30:00;MG;40;587;ITABIRITO;Velocidade Incompat�vel;Tombamento;Com V�timas Feridas;Plena Noite;Crescente;C�u Claro;Simples;Curva;N�o;1;0;0;1;0;0;1;1;-20,35622562;-43,90940928;SPRF-MG;DEL01-MG;UOP02-DEL01-MG;;;
698028;14/06/2025;s�bado;00:50:00;AL;101;88,6;RIO LARGO;Velocidade Incompat�vel;Tombamento;Com V�timas Feridas;Plena Noite;Crescente;Chuva;Dupla;"Viaduto;Curva";N�o;1;0;1;0;0;0;1;1;-9,48521716;-35,8949074;SPRF-AL;DEL01-AL;UOP01-DEL01-AL;;;
698029;14/06/2025;s�bado;00:20:00;PR;277;122;CAMPO LARGO;Aus�ncia de rea��o do condutor;Tombamento;Sem V�timas;Plena Noite;Decrescente;Nublado;Dupla;Reta;Sim;2;0;0;0;0;2;0;2;-25,44471;-49,50063;SPRF-PR;DEL03-PR;UOP03-DEL03-PR;;;
698034;14/06/2025;s�bado;04:00:00;BA;116;528;ITATIM;Ingest�o de �lcool pelo condutor;Colis�o lateral sentido oposto;Com V�timas Fatais;Plena Noite;Crescente;C�u Claro;Simples;Reta;N�o;3;1;0;0;1;1;0;3;-12,69889685;-39,77769006;SPRF-BA;DEL03-BA;UOP02-DEL03-BA;;;
698038;14/06/2025;s�bado;01:30:00;MG;153;172;COMENDADOR GOMES;Velocidade Incompat�vel;Sa�da de leito carro��vel;Com V�timas Feridas;Plena Noite;Crescente;C�u Claro;Simples;Rotat�ria;N�o;2;0;1;0;0;1;1;2;-19,728297;-48,974203;SPRF-MG;DEL13-MG;UOP02-DEL13-MG;;;
698047;14/06/2025;s�bado;06:50:00;PR;277;306;GUARAPUAVA;Ingest�o de �lcool pelo condutor;Colis�o frontal;Com V�timas Fatais;Pleno dia;Decrescente;C�u Claro;Simples;"Declive;Curva";N�o;3;1;0;0;1;1;0;3;-25,3239697;-51,1961631;SPRF-PR;DEL08-PR;UOP01-DEL08-PR;;;
698051;14/06/2025;s�bado;05:00:00;SC;116;228,3;CORREIA PINTO;Aus�ncia de rea��o do condutor;Sa�da de leito carro��vel;Com V�timas Feridas;Plena Noite;Crescente;Garoa/Chuvisco;Simples;Reta;N�o;2;0;1;0;0;1;1;2;-27,65556;-50,33627;SPRF-SC;DEL05-SC;UOP03-DEL05-SC;;;
698052;14/06/2025;s�bado;07:00:00;GO;20;111;FLORES DE GOIAS;Aus�ncia de rea��o do condutor;Colis�o frontal;Com V�timas Fatais;Pleno dia;Crescente;C�u Claro;Simples;Reta;N�o;5;2;0;0;1;2;0;4;-14,90019;-46,907638;SPRF-DF;DEL02-DF;UOP03-DEL02-DF;;;
698056;14/06/2025;s�bado;06:50:00;PA;230;117;MARABA;Problema com o freio;Colis�o transversal;Com V�timas Feridas;Pleno dia;Decrescente;C�u Claro;Dupla;"Reta;Aclive";Sim;5;0;0;4;0;1;4;3;-5,355907;-49,090254;SPRF-PA;DEL03-PA;UOP01-DEL03-PA;;;
698057;14/06/2025;s�bado;07:10:00;BA;101;168,9;CONCEICAO DO JACUIPE;Aus�ncia de rea��o do condutor;Colis�o transversal;Com V�timas Feridas;Pleno dia;Crescente;Chuva;Simples;Reta;N�o;7;0;5;0;1;1;5;3;-12,35818568;-38,84103903;SPRF-BA;DEL01-BA;UOP03-DEL01-BA;;;
698062;14/06/2025;s�bado;06:50:00;RJ;101;316;NITEROI;Rea��o tardia ou ineficiente do condutor;Queda de ocupante de ve�culo;Com V�timas Feridas;Pleno dia;Decrescente;C�u Claro;M�ltipla;Reta;N�o;6;0;2;0;2;2;2;6;-22,87211148;-43,14649768;SPRF-RJ;DEL02-RJ;UOP02-DEL02-RJ;;;
698068;14/06/2025;s�bado;08:46:00;RS;290;389,5;SANTA MARGARIDA DO SUL;Velocidade Incompat�vel;Colis�o transversal;Com V�timas Feridas;Pleno dia;Crescente;Chuva;Simples;"Curva;Declive";N�o;2;0;0;1;1;0;1;2;-30,3463676;-54,04161185;SPRF-RS;DEL09-RS;UOP02-DEL09-RS;;;
698076;14/06/2025;s�bado;11:00:00;ES;262;133,9;BREJETUBA;Velocidade Incompat�vel;Tombamento;Com V�timas Feridas;Pleno dia;Crescente;Nublado;Simples;Curva;N�o;2;0;1;0;0;1;1;2;-20,239755;-41,324804;SPRF-ES;DEL01-ES;UOP02-DEL01-ES;;;
698080;14/06/2025;s�bado;09:15:00;AC;364;136;RIO BRANCO;Acumulo de �leo sobre o pavimento;Derramamento de carga;Com V�timas Feridas;Pleno dia;Crescente;C�u Claro;Dupla;Rotat�ria;Sim;4;0;3;0;1;0;3;3;-9,97759407;-67,8488466;SPRF-AC;DEL01-AC;UOP01-DEL01-AC;;;
698086;14/06/2025;s�bado;11:30:00;SP;153;33;NOVA GRANADA;Rea��o tardia ou ineficiente do condutor;Colis�o lateral sentido oposto;Com V�timas Feridas;Pleno dia;Crescente;C�u Claro;Simples;Reta;N�o;6;0;1;0;4;1;1;4;-20,559032;-49,323158;SPRF-SP;DEL09-SP;UOP01-DEL09-SP;;;
698087;14/06/2025;s�bado;11:55:00;PR;277;630,3;CEU AZUL;Ultrapassagem Indevida;Colis�o lateral mesmo sentido;Com V�timas Feridas;Pleno dia;Decrescente;Nublado;Simples;Reta;N�o;4;0;1;0;2;1;1;4;-25,11535706;-53,79506763;SPRF-PR;DEL05-PR;UOP02-DEL05-PR;;;
698088;14/06/2025;s�bado;21:00:00;SP;116;204;ARUJA;Rea��o tardia ou ineficiente do condutor;Colis�o traseira;Sem V�timas;Plena Noite;Decrescente;C�u Claro;M�ltipla;Reta;N�o;3;0;0;0;2;1;0;3;-23,412763;-46,35939;SPRF-SP;DEL01-SP;UOP01-DEL01-SP;;;
698089;14/06/2025;s�bado;10:45:00;SP;116;509,3;CAJATI;Rea��o tardia ou ineficiente do condutor;Tombamento;Com V�timas Feridas;Pleno dia;Decrescente;C�u Claro;Simples;"Curva;Aclive";N�o;2;0;1;0;0;1;1;2;-24,803892;-48,210592;SPRF-SP;DEL05-SP;UOP02-DEL05-SP;;;
698091;14/06/2025;s�bado;13:20:00;MG;50;78;MONTE ALEGRE DE MINAS;Rea��o tardia ou ineficiente do condutor;Colis�o com objeto;Com V�timas Feridas;Pleno dia;Crescente;C�u Claro;Dupla;Reta;N�o;4;0;1;0;2;2;1;4;-18,918;-48,942;SPRF-MG;DEL15-MG;UOP01-DEL15-MG;;;
698092;14/06/2025;s�bado;13:50:00;SC;101;196,9;BIGUACU;Acessar a via sem observar a presen�a dos outros ve�culos;Colis�o lateral mesmo sentido;Com V�timas Feridas;Pleno dia;Decrescente;Nublado;M�ltipla;Declive;Sim;3;0;1;0;1;1;1;3;-27,51855671;-48,63831695;SPRF-SC;DEL01-SC;UOP01-DEL01-SC;;;
698097;14/06/2025;s�bado;12:10:00;DF;70;18;BRASILIA;Acessar a via sem observar a presen�a dos outros ve�culos;Colis�o lateral mesmo sentido;Sem V�timas;Pleno dia;Crescente;C�u Claro;Dupla;Reta;N�o;2;0;0;0;2;0;0;2;-15,7892306;-48,217363;SPRF-DF;DEL03-DF;UOP02-DEL03-DF;;;
698106;14/06/2025;s�bado;15:00:00;GO;50;280,5;CATALAO;Aus�ncia de rea��o do condutor;Tombamento;Sem V�timas;Pleno dia;Decrescente;C�u Claro;Simples;"Desvio Tempor�rio;Em Obras;Aclive;Curva";N�o;2;0;0;0;1;1;0;2;-18,18101629;-47,93935625;SPRF-GO;DEL06-GO;UOP01-DEL06-GO;;;
698108;06/06/2025;sexta-feira;20:30:00;BA;116;236;QUIJINGUE;Acostamento em desn�vel;Colis�o frontal;Com V�timas Fatais;Plena Noite;Decrescente;Nublado;Simples;Reta;N�o;3;1;0;1;1;0;1;2;-10,66398;-38,945983;SPRF-BA;DEL07-BA;UOP03-DEL07-BA;;;
698109;14/06/2025;s�bado;08:00:00;SC;470;195;POUSO REDONDO;Velocidade Incompat�vel;Colis�o frontal;Com V�timas Feridas;Pleno dia;Crescente;Garoa/Chuvisco;Simples;"Declive;Curva";N�o;4;0;2;0;1;1;2;3;-27,29974934;-50,07607251;SPRF-SC;DEL04-SC;UOP02-DEL04-SC;;;
698118;14/06/2025;s�bado;15:36:00;PR;116;134;FAZENDA RIO GRANDE;Convers�o proibida;Colis�o transversal;Com V�timas Feridas;Pleno dia;Crescente;C�u Claro;Dupla;Aclive;Sim;3;0;1;0;1;2;1;4;-25,71174029;-49,31943862;SPRF-PR;DEL01-PR;UOP03-DEL01-PR;;;
698121;14/06/2025;s�bado;16:26:00;RJ;101;322;NITEROI;Manobra de mudan�a de faixa;Colis�o lateral mesmo sentido;Com V�timas Feridas;Pleno dia;Decrescente;C�u Claro;Simples;"Ponte;Reta";Sim;2;0;1;0;1;0;1;2;-22,8795125;-43,1139897;SPRF-RJ;DEL02-RJ;UOP01-DEL02-RJ;;;
698127;14/06/2025;s�bado;17:00:00;RJ;101;74;CAMPOS DOS GOYTACAZES;Pedestre cruzava a pista fora da faixa;Atropelamento de Pedestre;Com V�timas Feridas;Anoitecer;Decrescente;C�u Claro;Simples;Curva;Sim;3;0;1;0;1;1;1;2;-21,81505039;-41,39674187;SPRF-RJ;DEL08-RJ;UOP02-DEL08-RJ;;;
698129;14/06/2025;s�bado;15:29:00;TO;153;411;MIRANORTE;Velocidade Incompat�vel;Tombamento;Com V�timas Feridas;Pleno dia;Crescente;C�u Claro;M�ltipla;Curva;Sim;2;0;2;0;0;0;2;1;-9,51373449;-48,5893895;SPRF-TO;DEL02-TO;UOP02-DEL02-TO;;;
698132;14/06/2025;s�bado;15:45:00;RO;364;696;PORTO VELHO;Aus�ncia de rea��o do condutor;Engavetamento;Com V�timas Feridas;Pleno dia;Decrescente;C�u Claro;Dupla;Reta;N�o;4;0;1;0;2;3;1;6;-8,80067945;-63,73542158;SPRF-RO;DEL01-RO;UOP01-DEL01-RO;;;
698137;14/06/2025;s�bado;16:15:00;SC;116;1,2;MAFRA;Rea��o tardia ou ineficiente do condutor;Colis�o transversal;Com V�timas Feridas;Pleno dia;Crescente;C�u Claro;Simples;Rotat�ria;Sim;7;0;1;0;5;2;1;4;-26,118438;-49,788342;SPRF-SC;DEL06-SC;UOP01-DEL06-SC;;;
698157;14/06/2025;s�bado;15:50:00;SC;470;289,9;BRUNOPOLIS;Mal s�bito do condutor;Sa�da de leito carro��vel;Com V�timas Feridas;Pleno dia;Crescente;Chuva;Simples;Reta;N�o;2;0;1;0;0;1;1;2;-27,335663;-50,963048;SPRF-SC;DEL07-SC;UOP06-DEL07-SC;;;
698168;14/06/2025;s�bado;17:50:00;PI;316;258;IPIRANGA DO PIAUI;Acessar a via sem observar a presen�a dos outros ve�culos;Colis�o transversal;Com V�timas Feridas;Plena Noite;Crescente;C�u Claro;Simples;Reta;Sim;3;0;0;2;1;0;2;2;-6,81750237;-41,73788309;SPRF-PI;DEL04-PI;UOP02-DEL04-PI;;;
698186;14/06/2025;s�bado;22:00:00;PR;277;3,3;PARANAGUA;Aus�ncia de rea��o do condutor;Colis�o lateral sentido oposto;Com V�timas Feridas;Plena Noite;Crescente;Nublado;Simples;Reta;Sim;2;0;0;1;0;1;1;2;-25,544661;-48,559843;SPRF-PR;DEL01-PR;UOP05-DEL01-PR;;;
698194;14/06/2025;s�bado;17:00:00;RO;364;72;VILHENA;Demais falhas mec�nicas ou el�tricas;Colis�o traseira;Com V�timas Feridas;Anoitecer;Crescente;C�u Claro;Dupla;Declive;N�o;4;0;3;0;0;2;3;4;-12,45755291;-60,50631344;SPRF-RO;DEL04-RO;UOP01-DEL04-RO;;;
698197;14/06/2025;s�bado;23:00:00;MG;381;883,2;ESTIVA;Velocidade Incompat�vel;Colis�o traseira;Sem V�timas;Plena Noite;Decrescente;Nublado;Dupla;Reta;N�o;3;0;0;0;2;2;0;4;-22,485386;-46,010821;SPRF-MG;DEL16-MG;UOP01-DEL16-MG;;;
698207;14/06/2025;s�bado;21:20:00;RJ;101;45,9;CAMPOS DOS GOYTACAZES;Transitar na contram�o;Colis�o frontal;Com V�timas Fatais;Plena Noite;Decrescente;C�u Claro;Simples;Reta;N�o;4;1;0;0;3;0;0;2;-21,59678902;-41,31679058;SPRF-RJ;DEL08-RJ;UOP01-DEL08-RJ;;;
698211;14/06/2025;s�bado;22:00:00;SC;101;283;IMBITUBA;Aus�ncia de rea��o do condutor;Colis�o traseira;Sem V�timas;Plena Noite;Crescente;C�u Claro;Dupla;Reta;Sim;3;0;0;0;2;1;0;3;-28,232481;-48,705458;SPRF-SC;DEL02-SC;UOP03-DEL02-SC;;;
698212;14/06/2025;s�bado;20:50:00;BA;407;103;JAGUARARI;Transitar na contram�o;Colis�o lateral sentido oposto;Sem V�timas;Plena Noite;Decrescente;Chuva;Simples;Curva;N�o;3;0;0;0;1;2;0;3;-10,26281;-40,18495;SPRF-BA;DEL04-BA;UOP01-DEL04-BA;;;
698213;14/06/2025;s�bado;23:20:00;MG;50;186;UBERABA;Ingest�o de �lcool pelo condutor;Colis�o com objeto;Com V�timas Feridas;Plena Noite;Crescente;C�u Claro;Dupla;Reta;N�o;2;0;1;0;0;2;1;3;-19,7853184;-47,9330304;SPRF-MG;DEL13-MG;UOP01-DEL13-MG;;;
698219;14/06/2025;s�bado;22:30:00;MT;174;22;PONTES E LACERDA;Aus�ncia de sinaliza��o;Colis�o lateral mesmo sentido;Com V�timas Feridas;Plena Noite;Decrescente;C�u Claro;Simples;Declive;N�o;6;0;1;2;2;1;3;3;-15,156403;-59,47046166;SPRF-MT;DEL04-MT;UOP01-DEL04-MT;;;
698220;15/06/2025;domingo;00:45:00;BA;101;220;CRUZ DAS ALMAS;Condutor Dormindo;Sa�da de leito carro��vel;Com V�timas Feridas;Plena Noite;Crescente;Nublado;Simples;"Aclive;Reta";Sim;2;0;1;0;0;1;1;2;-12,655757;-39,123707;SPRF-BA;DEL01-BA;UOP02-DEL01-BA;;;
698237;15/06/2025;domingo;05:30:00;SP;153;91;JACI;Ingest�o de �lcool pelo condutor;Sa�da de leito carro��vel;Com V�timas Feridas;Amanhecer;Crescente;C�u Claro;Dupla;Reta;N�o;1;0;1;0;0;0;1;1;-20,962252;-49,5666;SPRF-SP;DEL09-SP;UOP01-DEL09-SP;;;
698241;15/06/2025;domingo;05:35:00;PR;369;39;ANDIRA;Desrespeitar a prefer�ncia no cruzamento;Colis�o transversal;Com V�timas Feridas;Amanhecer;Crescente;Chuva;Simples;"Reta;Interse��o de Vias";N�o;2;0;0;1;0;1;1;2;-23,058366;-50,248031;SPRF-PR;DEL07-PR;UOP05-DEL07-PR;;;
698244;14/06/2025;s�bado;22:30:00;MA;10;152,2;PORTO FRANCO;Aus�ncia de rea��o do condutor;Tombamento;Com V�timas Fatais;Plena Noite;Crescente;C�u Claro;Simples;Reta;N�o;2;1;0;0;0;1;0;2;-6,391112;-47,384788;SPRF-MA;DEL04-MA;UOP02-DEL04-MA;;;
698248;15/06/2025;domingo;06:12:00;MS;262;673,9;CORUMBA;Condutor Dormindo;Colis�o lateral sentido oposto;Com V�timas Fatais;Pleno dia;Decrescente;C�u Claro;Simples;"Ponte;Reta";N�o;35;2;1;3;28;3;4;5;-19,58717;-57,148162;SPRF-MS;DEL03-MS;UOP03-DEL03-MS;;;
698263;15/06/2025;domingo;07:00:00;RS;471;679;CHUI;Aus�ncia de rea��o do condutor;Colis�o traseira;Com V�timas Feridas;Amanhecer;Decrescente;C�u Claro;Simples;Curva;N�o;3;0;1;0;1;1;1;3;-33,68932614;-53,44702721;SPRF-RS;DEL07-RS;UOP04-DEL07-RS;;;
698266;15/06/2025;domingo;05:30:00;SC;470;272;BRUNOPOLIS;Pista Escorregadia;Sa�da de leito carro��vel;Com V�timas Feridas;Amanhecer;Crescente;Chuva;Simples;Curva;N�o;2;0;1;0;0;1;1;2;-27,324504;-50,788434;SPRF-SC;DEL07-SC;UOP06-DEL07-SC;;;
698271;15/06/2025;domingo;10:10:00;BA;324;571;SAO SEBASTIAO DO PASSE;Aus�ncia de rea��o do condutor;Colis�o traseira;Com V�timas Feridas;Pleno dia;Crescente;Nublado;Dupla;Reta;N�o;4;0;2;0;1;2;2;4;-12,55115617;-38,57476568;SPRF-BA;DEL01-BA;UOP01-DEL01-BA;;;
698275;15/06/2025;domingo;10:50:00;SP;116;442;REGISTRO;Frear bruscamente;Colis�o traseira;Com V�timas Feridas;Pleno dia;Decrescente;Garoa/Chuvisco;Dupla;Reta;Sim;4;0;2;0;1;1;2;3;-24,47657054;-47,82761542;SPRF-SP;DEL05-SP;UOP01-DEL05-SP;;;
698284;15/06/2025;domingo;06:00:00;BA;324;433;RIACHAO DO JACUIPE;Transitar na contram�o;Colis�o lateral sentido oposto;Com V�timas Fatais;Pleno dia;Crescente;Nublado;Simples;Reta;N�o;6;3;1;2;0;0;3;2;-11,8021621;-39,39783096;SPRF-BA;DEL04-BA;UOP02-DEL04-BA;;;
698296;15/06/2025;domingo;13:10:00;RJ;116;224;PARACAMBI;Mal s�bito do condutor;Tombamento;Com V�timas Feridas;Pleno dia;Decrescente;C�u Claro;Dupla;Curva;N�o;2;0;0;1;0;1;1;2;-22,6859802;-43,8116194;SPRF-RJ;DEL06-RJ;UOP02-DEL06-RJ;;;
698301;15/06/2025;domingo;12:00:00;SP;116;462;PARIQUERA-ACU;Velocidade Incompat�vel;Tombamento;Sem V�timas;Pleno dia;Decrescente;Nublado;Simples;"Aclive;Curva;Retorno Regulamentado";N�o;2;0;0;0;1;1;0;2;-24,61952501;-47,89183974;SPRF-SP;DEL05-SP;UOP01-DEL05-SP;;;
698304;15/06/2025;domingo;10:50:00;MG;153;12,8;ARAPORA;Condutor Dormindo;Sa�da de leito carro��vel;Com V�timas Feridas;Pleno dia;Decrescente;C�u Claro;Dupla;Aclive;N�o;2;0;0;1;0;1;1;2;-18,531399;-49,191893;SPRF-MG;DEL15-MG;UOP03-DEL15-MG;;;
698307;30/05/2025;sexta-feira;11:05:00;PR;116;110;CURITIBA;Manobra de mudan�a de faixa;Colis�o lateral mesmo sentido;Com V�timas Feridas;Pleno dia;Crescente;C�u Claro;M�ltipla;Reta;N�o;2;0;1;0;1;0;1;2;-25,55948433;-49,26574079;SPRF-PR;DEL01-PR;UOP03-DEL01-PR;;;
698315;15/06/2025;domingo;15:15:00;ES;101;168,3;ARACRUZ;Rea��o tardia ou ineficiente do condutor;Colis�o lateral sentido oposto;Com V�timas Feridas;Pleno dia;Decrescente;Nublado;Simples;Reta;N�o;3;0;1;0;1;1;1;3;-19,6315622;-40,22641595;SPRF-ES;DEL04-ES;UOP01-DEL04-ES;;;
698321;15/06/2025;domingo;16:20:00;SP;116;91,2;PINDAMONHANGABA;Manobra de mudan�a de faixa;Colis�o traseira;Com V�timas Feridas;Pleno dia;Crescente;C�u Claro;Dupla;Reta;Sim;5;0;3;0;1;1;3;3;-22,947972;-45,396268;SPRF-SP;DEL08-SP;UOP01-DEL08-SP;;;
698326;15/06/2025;domingo;15:35:00;MS;163;523;JARAGUARI;Manobra de mudan�a de faixa;Colis�o traseira;Com V�timas Feridas;Pleno dia;Decrescente;C�u Claro;Dupla;Reta;N�o;3;0;1;0;1;1;1;3;-20,13796289;-54,44076285;SPRF-MS;DEL01-MS;UOP02-DEL01-MS;;;
698330;15/06/2025;domingo;17:00:00;MG;381;506,4;SAO JOAQUIM DE BICAS;Aus�ncia de rea��o do condutor;Colis�o lateral mesmo sentido;Com V�timas Feridas;Pleno dia;Decrescente;C�u Claro;Dupla;"Reta;Ponte";Sim;5;0;2;0;1;2;2;4;-20,0392147;-44,25653156;SPRF-MG;DEL01-MG;UOP03-DEL01-MG;;;
698337;15/06/2025;domingo;17:05:00;PR;153;482;PORTO VITORIA;Afundamento ou ondula��o no pavimento;Derramamento de carga;Com V�timas Feridas;Pleno dia;Crescente;C�u Claro;Simples;Reta;N�o;4;0;0;1;2;2;1;5;-26,3133336;-51,2185524;SPRF-PR;DEL02-PR;UOP03-DEL02-PR;;;
698339;15/06/2025;domingo;15:00:00;AL;101;41;FLEXEIRAS;Acumulo de �leo sobre o pavimento;Tombamento;Sem V�timas;Pleno dia;Decrescente;Nublado;Dupla;Curva;N�o;2;0;0;0;1;1;0;2;-9,170803;-35,774547;SPRF-AL;DEL01-AL;UOP02-DEL01-AL;;;
698352;15/06/2025;domingo;19:30:00;SC;280;165,9;MAFRA;Transitar na contram�o;Colis�o frontal;Com V�timas Feridas;Plena Noite;Decrescente;C�u Claro;Simples;Reta;N�o;2;0;0;1;1;0;1;2;-26,1792814;-49,8140935;SPRF-SC;DEL06-SC;UOP01-DEL06-SC;;;
698363;15/06/2025;domingo;20:05:00;BA;116;361,2;SERRINHA;Acessar a via sem observar a presen�a dos outros ve�culos;Colis�o traseira;Com V�timas Feridas;Plena Noite;Decrescente;C�u Claro;Simples;Reta;Sim;2;0;1;0;1;0;1;2;-11,68597395;-38,9894987;SPRF-BA;DEL02-BA;UOP01-DEL02-BA;;;
698369;15/06/2025;domingo;18:30:00;MT;364;3,8;SANTO ANTONIO DO LEVERGER;Rea��o tardia ou ineficiente do condutor;Tombamento;Com V�timas Feridas;Plena Noite;Decrescente;C�u Claro;Dupla;"Declive;Curva";N�o;2;0;0;1;0;2;1;3;-15,80114;-55,65816;SPRF-MT;DEL05-MT;UOP02-DEL05-MT;;;
698372;15/06/2025;domingo;18:50:00;PA;163;651;ITAITUBA;Demais falhas mec�nicas ou el�tricas;Colis�o lateral sentido oposto;Com V�timas Feridas;Pleno dia;Crescente;C�u Claro;Simples;"Declive;Reta";N�o;3;0;1;0;1;6;1;8;-4,51542018;-55,86680889;SPRF-PA;DEL05-PA;UOP02-DEL05-PA;;;
698379;15/06/2025;domingo;21:00:00;SP;116;195;ARUJA;Acessar a via sem observar a presen�a dos outros ve�culos;Colis�o traseira;Sem V�timas;Plena Noite;Decrescente;Nublado;Dupla;Reta;N�o;2;0;0;0;0;2;0;2;-23,38903473;-46,27603278;SPRF-SP;DEL01-SP;UOP01-DEL01-SP;;;
698386;15/06/2025;domingo;18:00:00;MG;116;137;PONTO DOS VOLANTES;Aus�ncia de rea��o do condutor;Colis�o com objeto;Sem V�timas;Anoitecer;Decrescente;C�u Claro;Simples;"Declive;Reta";N�o;2;0;0;0;1;1;0;2;-16,7545882;-41,50231361;SPRF-MG;DEL11-MG;UOP02-DEL11-MG;;;
698388;15/06/2025;domingo;19:10:00;PI;316;288;PICOS;Aus�ncia de rea��o do condutor;Colis�o traseira;Com V�timas Feridas;Plena Noite;Crescente;C�u Claro;Simples;Reta;N�o;3;0;1;2;0;0;3;2;-7,00822005;-41,59849105;SPRF-PI;DEL04-PI;UOP01-DEL04-PI;;;
698389;15/06/2025;domingo;20:00:00;PI;316;288;PICOS;Rea��o tardia ou ineficiente do condutor;Colis�o traseira;Com V�timas Feridas;Plena Noite;Crescente;C�u Claro;Dupla;Reta;N�o;2;0;1;0;1;0;1;2;-6,99552244;-41,62200451;SPRF-PI;DEL04-PI;UOP01-DEL04-PI;;;
698390;15/06/2025;domingo;20:15:00;BA;242;419;SEABRA;Rea��o tardia ou ineficiente do condutor;Colis�o traseira;Com V�timas Feridas;Plena Noite;Crescente;C�u Claro;Simples;"Reta;Aclive";N�o;3;0;1;0;1;2;1;4;-12,43378765;-41,81802168;SPRF-BA;DEL06-BA;UOP01-DEL06-BA;;;
698398;15/06/2025;domingo;21:10:00;RJ;40;107;DUQUE DE CAXIAS;Demais falhas mec�nicas ou el�tricas;Inc�ndio;Sem V�timas;Plena Noite;Crescente;C�u Claro;Dupla;Reta;N�o;1;0;0;0;1;0;0;1;-22,65869029;-43,2844162;SPRF-RJ;DEL01-RJ;UOP02-DEL01-RJ;;;
698403;15/06/2025;domingo;21:15:00;MG;116;460,8;ENGENHEIRO CALDAS;Convers�o proibida;Colis�o transversal;Com V�timas Feridas;Plena Noite;Crescente;C�u Claro;Simples;Reta;N�o;5;0;1;1;1;2;2;4;-19,24277135;-42,05705183;SPRF-MG;DEL06-MG;UOP02-DEL06-MG;;;
698404;15/06/2025;domingo;22:00:00;BA;242;787;BARREIRAS;Aus�ncia de rea��o do condutor;Tombamento;Com V�timas Fatais;Plena Noite;Crescente;C�u Claro;Simples;Reta;N�o;2;1;0;0;0;1;0;2;-12,1424;-44,7246;SPRF-BA;DEL10-BA;UOP01-DEL10-BA;;;
698407;15/06/2025;domingo;22:20:00;MG;262;553,3;LUZ;Velocidade Incompat�vel;Sa�da de leito carro��vel;Com V�timas Feridas;Plena Noite;Decrescente;C�u Claro;Simples;Curva;N�o;2;0;0;1;0;1;1;2;-19,7080243;-45,919463;SPRF-MG;DEL08-MG;UOP02-DEL08-MG;;;
698419;16/06/2025;segunda-feira;01:30:00;MG;381;755,4;TRES CORACOES;Velocidade Incompat�vel;Colis�o com objeto;Com V�timas Feridas;Plena Noite;Decrescente;C�u Claro;Dupla;Curva;Sim;2;0;1;0;1;0;1;1;-21,66899462;-45,32632828;SPRF-MG;DEL16-MG;UOP02-DEL16-MG;;;
698430;16/06/2025;segunda-feira;04:40:00;BA;116;657;JEQUIE;Aus�ncia de rea��o do condutor;Sa�da de leito carro��vel;Com V�timas Feridas;Amanhecer;Decrescente;C�u Claro;Simples;Curva;N�o;1;0;0;1;0;0;1;1;-13,77465272;-40,10171986;SPRF-BA;DEL03-BA;UOP01-DEL03-BA;;;
698431;16/06/2025;segunda-feira;05:00:00;PR;476;103;COLOMBO;Manobra de mudan�a de faixa;Colis�o frontal;Com V�timas Feridas;Amanhecer;Decrescente;C�u Claro;Simples;"Ponte;Curva";N�o;5;0;2;0;1;2;2;3;-25,26648624;-49,14007545;SPRF-PR;DEL01-PR;UOP01-DEL01-PR;;;
698434;16/06/2025;segunda-feira;04:30:00;AL;316;202;MARIBONDO;Aus�ncia de rea��o do condutor;Colis�o frontal;Com V�timas Feridas;Amanhecer;Crescente;C�u Claro;Simples;Curva;Sim;2;0;0;1;1;0;1;2;-9,58249778;-36,30956618;SPRF-AL;DEL03-AL;UOP01-DEL03-AL;;;
698439;15/06/2025;domingo;12:55:00;BA;116;760;POCOES;Velocidade Incompat�vel;Colis�o traseira;Com V�timas Feridas;Pleno dia;Crescente;C�u Claro;Simples;Reta;N�o;3;0;1;0;2;0;1;3;-14,539374;-40,391992;SPRF-BA;DEL08-BA;UOP02-DEL08-BA;;;
698443;16/06/2025;segunda-feira;06:00:00;PR;369;358;CAMPO MOURAO;Aus�ncia de rea��o do condutor;Colis�o lateral sentido oposto;Com V�timas Feridas;Amanhecer;Crescente;Nevoeiro/Neblina;Simples;Reta;N�o;4;0;1;0;3;0;1;2;-24,17451444;-52,49309323;SPRF-PR;DEL09-PR;UOP03-DEL09-PR;;;
698450;16/06/2025;segunda-feira;07:00:00;SC;101;357;SANGAO;Velocidade Incompat�vel;Colis�o com objeto;Sem V�timas;Pleno dia;Crescente;Nevoeiro/Neblina;Simples;Reta;N�o;1;0;0;0;1;0;0;1;-28,65075;-49,10575;SPRF-SC;DEL02-SC;UOP01-DEL02-SC;;;
698454;16/06/2025;segunda-feira;06:25:00;PR;277;639,9;CEU AZUL;Demais falhas mec�nicas ou el�tricas;Tombamento;Com V�timas Feridas;Amanhecer;Crescente;Nevoeiro/Neblina;Simples;Reta;N�o;2;0;1;0;0;1;1;2;-25,16947217;-53,85965321;SPRF-PR;DEL05-PR;UOP02-DEL05-PR;;;