id;data_inversa;dia_semana;horario;uf;br;km;municipio;causa_acidente;tipo_acidente;classificacao_acidente;fase_dia;sentido_via;condicao_metereologica;tipo_pista;tracado_via;uso_solo;pessoas;mortos;feridos_leves;feridos_graves;ilesos;ignorados;feridos;veiculos;latitude;longitude;regional;delegacia;uop;;;
698458;16/06/2025;segunda-feira;06:40:00;PR;163;139,3;CAPITAO LEONIDAS MARQUES;Aus�ncia de rea��o do condutor;Colis�o frontal;Com V�timas Feridas;Amanhecer;Crescente;Nevoeiro/Neblina;Simples;Reta;N�o;2;0;1;0;1;0;1;2;-25,49131878;-53,59508514;SPRF-PR;DEL05-PR;UOP05-DEL05-PR;;;
698466;16/06/2025;segunda-feira;08:00:00;RJ;116;185;NOVA IGUACU;Condutor deixou de manter dist�ncia do ve�culo da frente;Colis�o traseira;Com V�timas Feridas;Pleno dia;Decrescente;Sol;Dupla;Reta;N�o;2;0;1;0;1;0;1;2;-22,739849;-43,457782;SPRF-RJ;DEL06-RJ;UOP01-DEL06-RJ;;;
698474;16/06/2025;segunda-feira;08:20:00;ES;101;292;CARIACICA;Convers�o proibida;Colis�o transversal;Sem V�timas;Pleno dia;Crescente;C�u Claro;Simples;Reta;Sim;2;0;0;0;2;0;0;2;-20,311765;-40,394838;SPRF-ES;DEL01-ES;UOP01-DEL01-ES;;;
698477;13/06/2025;sexta-feira;04:58:00;RO;364;658;CANDEIAS DO JAMARI;Aus�ncia de rea��o do condutor;Colis�o lateral sentido oposto;Com V�timas Feridas;Amanhecer;Crescente;C�u Claro;Simples;Reta;N�o;3;0;0;1;1;2;1;4;-8,8482215;-63,4466066;SPRF-RO;DEL01-RO;UOP01-DEL01-RO;;;
698481;16/06/2025;segunda-feira;06:15:00;RJ;116;203;QUEIMADOS;Desvio tempor�rio;Colis�o traseira;Com V�timas Feridas;Amanhecer;Decrescente;C�u Claro;Dupla;"Curva;Desvio Tempor�rio";N�o;2;0;0;1;1;0;1;2;-22,729654;-43,612783;SPRF-RJ;DEL06-RJ;UOP02-DEL06-RJ;;;
698483;16/06/2025;segunda-feira;08:20:00;RJ;116;211;SEROPEDICA;Manobra de mudan�a de faixa;Tombamento;Com V�timas Fatais;Pleno dia;Decrescente;C�u Claro;Dupla;"Curva;Retorno Regulamentado;Aclive";Sim;2;1;0;0;0;1;0;2;-22,7147776;-43,7256192;SPRF-RJ;DEL06-RJ;UOP02-DEL06-RJ;;;
698488;16/06/2025;segunda-feira;09:50:00;RS;386;261,3;FONTOURA XAVIER;Aus�ncia de rea��o do condutor;Engavetamento;Com V�timas Feridas;Pleno dia;Crescente;C�u Claro;Simples;Reta;N�o;8;0;0;1;6;1;1;5;-28,902626;-52,400432;SPRF-RS;DEL04-RS;UOP03-DEL04-RS;;;
698490;16/06/2025;segunda-feira;09:35:00;SC;101;234,2;PALHOCA;Aus�ncia de rea��o do condutor;Colis�o com objeto;Com V�timas Feridas;Pleno dia;Decrescente;C�u Claro;Dupla;"Aclive;Curva";N�o;2;0;1;0;0;1;1;2;-27,81182;-48,63382;SPRF-SC;DEL01-SC;UOP02-DEL01-SC;;;
698494;16/06/2025;segunda-feira;09:00:00;MS;163;486;CAMPO GRANDE;Rea��o tardia ou ineficiente do condutor;Colis�o traseira;Com V�timas Feridas;Pleno dia;Crescente;C�u Claro;Simples;Reta;Sim;3;0;1;0;1;1;1;3;-20,4257727;-54,5452537;SPRF-MS;DEL01-MS;UOP02-DEL01-MS;;;
698496;16/06/2025;segunda-feira;09:45:00;RJ;101;283;ITABORAI;Condutor deixou de manter dist�ncia do ve�culo da frente;Colis�o traseira;Com V�timas Feridas;Pleno dia;Decrescente;C�u Claro;Dupla;Em Obras;Sim;4;0;1;0;2;1;1;2;-22,73906075;-42,80711174;SPRF-RJ;DEL02-RJ;UOP02-DEL02-RJ;;;
698499;29/03/2025;s�bado;00:30:00;PA;222;121,7;RONDON DO PARA;Demais falhas mec�nicas ou el�tricas;Inc�ndio;Sem V�timas;Plena Noite;Crescente;C�u Claro;Simples;Reta;N�o;2;0;0;0;1;1;0;2;-4,83726;-48,189728;SPRF-PA;DEL02-PA;UOP02-DEL02-PA;;;
698500;16/06/2025;segunda-feira;10:30:00;RS;386;234,9;SOLEDADE;Demais falhas mec�nicas ou el�tricas;Colis�o lateral mesmo sentido;Com V�timas Feridas;Pleno dia;Crescente;C�u Claro;Simples;"Curva;Declive;Em Obras";N�o;5;0;1;0;3;1;1;4;-28,72684854;-52,55647514;SPRF-RS;DEL04-RS;UOP03-DEL04-RS;;;
698502;16/06/2025;segunda-feira;00:10:00;PA;10;20;DOM ELISEU;Ultrapassagem Indevida;Colis�o lateral sentido oposto;Com V�timas Feridas;Plena Noite;Crescente;C�u Claro;Simples;Reta;Sim;3;0;0;1;0;2;1;3;-4,25976021;-47,56165478;SPRF-PA;DEL02-PA;UOP02-DEL02-PA;;;
698508;16/06/2025;segunda-feira;09:00:00;MG;40;739,7;SANTOS DUMONT;Condutor Dormindo;Tombamento;Sem V�timas;Pleno dia;Decrescente;C�u Claro;Simples;Curva;N�o;2;0;0;0;1;1;0;2;-21,42926838;-43,55606604;SPRF-MG;DEL05-MG;UOP01-DEL05-MG;;;
698510;16/06/2025;segunda-feira;10:00:00;SP;116;209;GUARULHOS;Rea��o tardia ou ineficiente do condutor;Engavetamento;Com V�timas Feridas;Pleno dia;Decrescente;C�u Claro;M�ltipla;"Declive;Reta";N�o;4;0;1;0;2;1;1;4;-23,42719562;-46,40653817;SPRF-SP;DEL01-SP;UOP01-DEL01-SP;;;
698511;20/05/2025;ter�a-feira;04:20:00;PR;277;39;MORRETES;Rea��o tardia ou ineficiente do condutor;Colis�o lateral mesmo sentido;Sem V�timas;Plena Noite;Decrescente;C�u Claro;Dupla;Curva;N�o;3;0;0;0;2;5;0;7;-25,582275;-48,866662;SPRF-PR;DEL01-PR;UOP05-DEL01-PR;;;
698514;16/06/2025;segunda-feira;12:08:00;SC;470;91;ASCURRA;Condutor usando celular;Colis�o lateral sentido oposto;Sem V�timas;Pleno dia;Decrescente;Nublado;Simples;Reta;Sim;3;0;0;0;2;1;0;3;-26,97958465;-49,37042747;SPRF-SC;DEL04-SC;UOP01-DEL04-SC;;;
698529;28/03/2025;sexta-feira;14:45:00;SC;470;104,6;APIUNA;Aus�ncia de rea��o do condutor;Colis�o frontal;Com V�timas Fatais;Pleno dia;Decrescente;C�u Claro;Simples;"Aclive;Curva";N�o;5;1;0;0;1;3;0;5;-27,064423;-49,4157847;SPRF-SC;DEL04-SC;UOP02-DEL04-SC;;;
698532;16/06/2025;segunda-feira;14:20:00;SP;381;40;ATIBAIA;Aus�ncia de rea��o do condutor;Engavetamento;Com V�timas Feridas;Pleno dia;Decrescente;C�u Claro;Dupla;Reta;N�o;3;0;1;0;2;0;1;3;-23,13530868;-46,57585144;SPRF-SP;DEL03-SP;UOP01-DEL03-SP;;;
698533;16/06/2025;segunda-feira;14:30:00;SP;116;405;MIRACATU;Frear bruscamente;Engavetamento;Com V�timas Feridas;Pleno dia;Crescente;C�u Claro;Dupla;Reta;N�o;7;0;1;0;6;0;1;6;-24,32089;-47,54251099;SPRF-SP;DEL04-SP;UOP02-DEL04-SP;;;
698534;16/06/2025;segunda-feira;14:10:00;RS;386;407;TRIUNFO;Rea��o tardia ou ineficiente do condutor;Colis�o com objeto;Com V�timas Feridas;Pleno dia;Crescente;C�u Claro;Simples;Reta;N�o;2;0;1;0;1;0;1;2;-29,7976353;-51,5214143;SPRF-RS;DEL04-RS;UOP02-DEL04-RS;;;
698535;16/06/2025;segunda-feira;14:40:00;ES;101;145,8;LINHARES;Condutor desrespeitou a ilumina��o vermelha do sem�foro;Colis�o transversal;Com V�timas Feridas;Pleno dia;Crescente;C�u Claro;Simples;Interse��o de Vias;Sim;2;0;1;0;1;0;1;2;-19,36956033;-40,0656265;SPRF-ES;DEL04-ES;UOP01-DEL04-ES;;;
698536;16/06/2025;segunda-feira;12:40:00;MG;153;0,5;ARAPORA;Velocidade Incompat�vel;Tombamento;Com V�timas Feridas;Pleno dia;Crescente;C�u Claro;Dupla;"Declive;Retorno Regulamentado";Sim;1;0;1;0;0;0;1;1;-18,42108;-49,19384;SPRF-MG;DEL15-MG;UOP03-DEL15-MG;;;
698537;16/06/2025;segunda-feira;14:30:00;PR;116;99;SAO JOSE DOS PINHAIS;Transitar na contram�o;Colis�o traseira;Com V�timas Feridas;Pleno dia;Decrescente;C�u Claro;Dupla;Reta;Sim;3;0;1;0;2;0;1;2;-25,560315;-49,150912;SPRF-PR;DEL01-PR;UOP07-DEL01-PR;;;
698538;16/06/2025;segunda-feira;14:45:00;PR;376;435,5;TIBAGI;Manobra de mudan�a de faixa;Colis�o lateral sentido oposto;Com V�timas Feridas;Pleno dia;Crescente;Nublado;Simples;"Reta;Desvio Tempor�rio";Sim;4;0;1;0;2;2;1;4;-24,77799927;-50,5153917;SPRF-PR;DEL03-PR;UOP02-DEL03-PR;;;
698539;16/06/2025;segunda-feira;15:00:00;RN;101;95;NATAL;Condutor deixou de manter dist�ncia do ve�culo da frente;Engavetamento;Sem V�timas;Pleno dia;Decrescente;C�u Claro;Dupla;Reta;N�o;3;0;0;0;3;0;0;3;-5,839;-35,210852;SPRF-RN;DEL01-RN;UOP01-DEL01-RN;;;
698542;19/05/2025;segunda-feira;12:00:00;BA;330;826;IPIAU;Velocidade Incompat�vel;Colis�o lateral sentido oposto;Sem V�timas;Pleno dia;Crescente;Nublado;Simples;Curva;N�o;3;0;0;0;2;1;0;2;-14,08842327;-39,78392744;SPRF-BA;DEL03-BA;UOP01-DEL03-BA;;;
698544;16/06/2025;segunda-feira;11:00:00;MG;40;399,2;CURVELO;Condutor Dormindo;Sa�da de leito carro��vel;Com V�timas Feridas;Pleno dia;Crescente;C�u Claro;Simples;"Reta;Aclive";N�o;2;0;0;1;0;1;1;2;-19,023861;-44,656083;SPRF-MG;DEL02-MG;UOP01-DEL02-MG;;;
698553;16/06/2025;segunda-feira;08:30:00;CE;222;251,9;SOBRAL;Acessar a via sem observar a presen�a dos outros ve�culos;Colis�o transversal;Com V�timas Feridas;Pleno dia;Crescente;Nublado;Simples;"Interse��o de Vias;Reta";N�o;3;0;1;0;2;0;1;2;-3,75415;-40,58337;SPRF-CE;DEL04-CE;UOP01-DEL04-CE;;;
698555;16/06/2025;segunda-feira;16:20:00;TO;10;459,2;PALMAS;Avarias e/ou desgaste excessivo no pneu;Eventos at�picos;Com V�timas Feridas;Pleno dia;Decrescente;C�u Claro;M�ltipla;"Aclive;Reta";Sim;4;0;1;0;1;2;1;4;-10,27162;-48,305798;SPRF-TO;DEL01-TO;UOP03-DEL01-TO;;;
698556;16/06/2025;segunda-feira;14:30:00;MT;163;832;SINOP;Condutor deixou de manter dist�ncia do ve�culo da frente;Engavetamento;Sem V�timas;Pleno dia;Decrescente;C�u Claro;Simples;Reta;Sim;6;0;0;0;5;4;0;9;-11,888061;-55,502338;SPRF-MT;DEL06-MT;UOP02-DEL06-MT;;;
698561;16/06/2025;segunda-feira;17:08:00;SC;101;117;ITAJAI;Rea��o tardia ou ineficiente do condutor;Colis�o traseira;Com V�timas Feridas;Pleno dia;Decrescente;C�u Claro;M�ltipla;Declive;Sim;2;0;1;0;0;1;1;2;-26,88879909;-48,72193127;SPRF-SC;DEL04-SC;UOP04-DEL04-SC;;;
698564;16/06/2025;segunda-feira;17:10:00;CE;116;23;AQUIRAZ;Acessar a via sem observar a presen�a dos outros ve�culos;Colis�o transversal;Com V�timas Feridas;Amanhecer;Decrescente;C�u Claro;Dupla;"Retorno Regulamentado;Reta;Declive";Sim;4;0;1;0;3;0;1;2;-3,95231447;-38,51242002;SPRF-CE;DEL01-CE;UOP02-DEL01-CE;;;
698567;16/06/2025;segunda-feira;17:43:00;BA;324;607;SIMOES FILHO;Condutor deixou de manter dist�ncia do ve�culo da frente;Engavetamento;Sem V�timas;Anoitecer;Crescente;Chuva;Dupla;Reta;N�o;5;0;0;0;5;0;0;4;-12,81381667;-38,40549;SPRF-BA;DEL01-BA;UOP01-DEL01-BA;;;
698573;16/06/2025;segunda-feira;12:50:00;PA;316;82;SAO FRANCISCO DO PARA;Transitar na contram�o;Colis�o lateral sentido oposto;Com V�timas Fatais;Pleno dia;Decrescente;C�u Claro;Simples;Reta;N�o;3;1;0;0;1;1;0;3;-1,30787547;-47,75812268;SPRF-PA;DEL01-PA;UOP02-DEL01-PA;;;
698584;16/06/2025;segunda-feira;10:10:00;CE;20;310;CANINDE;Carga excessiva e/ou mal acondicionada;Colis�o com objeto;Sem V�timas;Pleno dia;Decrescente;C�u Claro;Simples;Reta;N�o;3;0;0;0;1;2;0;3;-4,333065;-39,287017;SPRF-CE;DEL02-CE;UOP01-DEL02-CE;;;
698599;16/06/2025;segunda-feira;19:40:00;RJ;101;104;CAMPOS DOS GOYTACAZES;Aus�ncia de rea��o do condutor;Colis�o traseira;Com V�timas Feridas;Plena Noite;Decrescente;C�u Claro;Dupla;Reta;N�o;4;0;2;0;2;0;2;2;-21,913518;-41,613023;SPRF-RJ;DEL08-RJ;UOP02-DEL08-RJ;;;
698600;20/05/2025;ter�a-feira;23:30:00;SC;282;557;NOVA ITABERABA;Velocidade Incompat�vel;Sa�da de leito carro��vel;Com V�timas Feridas;Plena Noite;Crescente;C�u Claro;Simples;"Declive;Curva";N�o;2;0;1;0;0;1;1;2;-26,931612;-52,82886222;SPRF-SC;DEL07-SC;UOP01-DEL07-SC;;;
698602;16/06/2025;segunda-feira;16:00:00;RJ;393;160;TRES RIOS;Demais falhas mec�nicas ou el�tricas;Colis�o lateral sentido oposto;Sem V�timas;Pleno dia;Decrescente;C�u Claro;Simples;Reta;N�o;3;0;0;0;2;1;0;3;-22,114229;-43,12451363;SPRF-RJ;DEL05-RJ;UOP01-DEL05-RJ;;;
698608;16/06/2025;segunda-feira;19:35:00;MG;40;511;RIBEIRAO DAS NEVES;Aus�ncia de rea��o do condutor;Tombamento;Com V�timas Feridas;Plena Noite;Decrescente;C�u Claro;Dupla;Curva;N�o;3;0;1;0;0;2;1;3;-19,78378378;-44,11747686;SPRF-MG;DEL01-MG;UOP02-DEL01-MG;;;
698609;16/06/2025;segunda-feira;10:10:00;BA;116;648;JAGUAQUARA;Demais falhas mec�nicas ou el�tricas;Derramamento de carga;Sem V�timas;Pleno dia;Crescente;C�u Claro;Simples;Reta;N�o;1;0;0;0;1;0;0;1;-13,6176473;-40,0918099;SPRF-BA;DEL03-BA;UOP01-DEL03-BA;;;
698610;16/06/2025;segunda-feira;20:00:00;MG;50;78;UBERLANDIA;Condutor usando celular;Colis�o traseira;Com V�timas Feridas;Plena Noite;Decrescente;C�u Claro;Dupla;Reta;N�o;2;0;1;0;1;0;1;2;-18,94233546;-48,21899414;SPRF-MG;DEL15-MG;UOP01-DEL15-MG;;;
698615;16/06/2025;segunda-feira;21:45:00;MG;50;74;UBERLANDIA;Pedestre cruzava a pista fora da faixa;Colis�o com objeto;Com V�timas Fatais;Plena Noite;Crescente;C�u Claro;Dupla;"Aclive;Reta";Sim;4;1;0;0;1;2;0;3;-18,91775371;-48,22266474;SPRF-MG;DEL15-MG;UOP01-DEL15-MG;;;
698616;16/06/2025;segunda-feira;19:20:00;MT;70;502;CUIABA;Aus�ncia de rea��o do condutor;Engavetamento;Com V�timas Feridas;Plena Noite;Crescente;C�u Claro;Simples;Reta;N�o;6;0;1;0;4;2;1;5;-15,6985537;-56,0331864;SPRF-MT;DEL01-MT;UOP02-DEL01-MT;;;
698622;16/06/2025;segunda-feira;16:30:00;RJ;40;51,5;PETROPOLIS;Velocidade Incompat�vel;Colis�o com objeto;Com V�timas Fatais;Pleno dia;Decrescente;C�u Claro;Dupla;Curva;N�o;4;1;1;0;1;1;1;3;-22,332;-43,134;SPRF-RJ;DEL05-RJ;UOP02-DEL05-RJ;;;
698625;16/06/2025;segunda-feira;19:00:00;BA;101;910;IBIRAPUA;Demais falhas mec�nicas ou el�tricas;Inc�ndio;Sem V�timas;Plena Noite;Crescente;C�u Claro;Dupla;"Declive;Reta";N�o;2;0;0;0;1;1;0;2;-17,81095453;-39,78556412;SPRF-BA;DEL09-BA;UOP02-DEL09-BA;;;
698627;15/05/2025;quinta-feira;08:30:00;PB;101;117;ALHANDRA;Rea��o tardia ou ineficiente do condutor;Tombamento;Com V�timas Feridas;Pleno dia;Decrescente;Chuva;Dupla;"Reta;Declive";N�o;4;0;3;0;0;1;3;2;-7,3337817;-34,9476661;SPRF-PB;DEL01-PB;UOP01-DEL01-PB;;;
698629;16/06/2025;segunda-feira;22:30:00;RJ;116;223;PARACAMBI;Rea��o tardia ou ineficiente do condutor;Colis�o traseira;Com V�timas Feridas;Plena Noite;Crescente;Nublado;Dupla;Reta;N�o;4;0;1;0;3;0;1;4;-22,68764598;-43,80879577;SPRF-RJ;DEL06-RJ;UOP02-DEL06-RJ;;;
698631;17/06/2025;ter�a-feira;00:40:00;MG;40;506,8;RIBEIRAO DAS NEVES;Rea��o tardia ou ineficiente do condutor;Colis�o traseira;Com V�timas Feridas;Plena Noite;Crescente;C�u Claro;Dupla;"Reta;Em Obras";N�o;3;0;1;0;1;1;1;3;-19,75011;-44,14422;SPRF-MG;DEL02-MG;UOP01-DEL02-MG;;;
698634;17/06/2025;ter�a-feira;03:00:00;RJ;116;172;RIO DE JANEIRO;Ilumina��o deficiente;Atropelamento de Pedestre;Com V�timas Fatais;Plena Noite;Decrescente;C�u Claro;Dupla;Reta;Sim;2;1;0;0;1;0;0;2;-22,8044536;-43,345097;SPRF-RJ;DEL06-RJ;UOP01-DEL06-RJ;;;
698638;17/06/2025;ter�a-feira;02:50:00;MG;50;195,5;DELTA;Aus�ncia de rea��o do condutor;Colis�o traseira;Com V�timas Feridas;Plena Noite;Crescente;C�u Claro;Dupla;Aclive;N�o;3;0;1;0;1;3;1;5;-19,89394;-47,84415;SPRF-MG;DEL13-MG;UOP01-DEL13-MG;;;
698639;17/06/2025;ter�a-feira;05:10:00;ES;101;71,9;SAO MATEUS;Condutor deixou de manter dist�ncia do ve�culo da frente;Colis�o traseira;Com V�timas Feridas;Amanhecer;Crescente;Nublado;Simples;Reta;N�o;4;0;3;0;0;1;3;2;-18,75957957;-39,8632249;SPRF-ES;DEL04-ES;UOP02-DEL04-ES;;;
698642;17/06/2025;ter�a-feira;04:55:00;PB;230;42,8;SANTA RITA;Objeto est�tico sobre o leito carro��vel;Colis�o com objeto;Com V�timas Fatais;Plena Noite;Decrescente;Chuva;Dupla;Reta;N�o;36;1;25;8;1;1;33;3;-7,149684;-35,004721;SPRF-PB;DEL01-PB;UOP02-DEL01-PB;;;
698654;17/06/2025;ter�a-feira;06:32:00;PR;277;607;SANTA TEREZA DO OESTE;Desrespeitar a prefer�ncia no cruzamento;Colis�o transversal;Com V�timas Feridas;Plena Noite;Decrescente;Nublado;Simples;Rotat�ria;N�o;3;0;2;0;1;0;2;2;-25,038452;-53,597068;SPRF-PR;DEL05-PR;UOP02-DEL05-PR;;;
698657;17/06/2025;ter�a-feira;06:50:00;RS;116;254,9;ESTEIO;Chuva;Colis�o com objeto;Sem V�timas;Amanhecer;Decrescente;Chuva;Dupla;Reta;Sim;2;0;0;0;1;1;0;2;-29,83339124;-51,17423875;SPRF-RS;DEL01-RS;UOP02-DEL01-RS;;;
698662;17/06/2025;ter�a-feira;05:48:00;MG;40;299,9;TRES MARIAS;Demais falhas mec�nicas ou el�tricas;Tombamento;Com V�timas Feridas;Amanhecer;Decrescente;C�u Claro;Simples;"Curva;Aclive";N�o;2;0;1;0;0;1;1;2;-18,350297;-45,093328;SPRF-MG;DEL14-MG;UOP02-DEL14-MG;;;
698663;17/06/2025;ter�a-feira;04:50:00;PR;116;0,5;CAMPINA GRANDE DO SUL;Rea��o tardia ou ineficiente do condutor;Colis�o com objeto;Com V�timas Feridas;Amanhecer;Crescente;Nublado;M�ltipla;"Curva;Aclive";N�o;2;0;1;0;0;1;1;2;-25,0604;-48,562973;SPRF-PR;DEL01-PR;UOP02-DEL01-PR;;;
698666;17/06/2025;ter�a-feira;06:23:00;RS;116;263,2;CANOAS;Rea��o tardia ou ineficiente do condutor;Colis�o traseira;Com V�timas Fatais;Amanhecer;Decrescente;Chuva;Dupla;"Declive;Reta";N�o;6;1;1;0;3;1;1;6;-29,90682997;-51,17680324;SPRF-RS;DEL01-RS;UOP01-DEL01-RS;;;
698672;17/06/2025;ter�a-feira;08:30:00;ES;101;289,1;CARIACICA;Acessar a via sem observar a presen�a dos outros ve�culos;Colis�o transversal;Com V�timas Feridas;Pleno dia;Decrescente;Nublado;Dupla;"Retorno Regulamentado;Reta";N�o;2;0;0;1;1;0;1;2;-20,2802085;-40,3924459;SPRF-ES;DEL01-ES;UOP01-DEL01-ES;;;
698681;17/06/2025;ter�a-feira;04:30:00;BA;242;403;SEABRA;Condutor Dormindo;Colis�o frontal;Com V�timas Fatais;Plena Noite;Decrescente;Nublado;Simples;Reta;N�o;6;4;0;0;1;2;0;4;-12,46925544;-41,69962692;SPRF-BA;DEL06-BA;UOP01-DEL06-BA;;;
698685;21/04/2025;segunda-feira;07:30:00;PR;373;172;PONTA GROSSA;Transitar na contram�o;Colis�o frontal;Com V�timas Feridas;Amanhecer;Crescente;C�u Claro;Dupla;Curva;Sim;2;0;1;0;1;0;1;2;-25,0810286;-50,1926222;SPRF-PR;DEL03-PR;UOP01-DEL03-PR;;;
698686;17/06/2025;ter�a-feira;09:30:00;RJ;116;184;NOVA IGUACU;Manobra de mudan�a de faixa;Colis�o lateral mesmo sentido;Sem V�timas;Pleno dia;Crescente;C�u Claro;Dupla;Reta;Sim;2;0;0;0;2;0;0;2;-22,74017888;-43,45750451;SPRF-RJ;DEL06-RJ;UOP01-DEL06-RJ;;;
698687;17/06/2025;ter�a-feira;07:30:00;PR;277;594,2;CASCAVEL;Aus�ncia de rea��o do condutor;Tombamento;Com V�timas Feridas;Amanhecer;Decrescente;C�u Claro;Dupla;Reta;Sim;2;0;0;1;0;2;1;3;-24,9798623;-53,49511083;SPRF-PR;DEL04-PR;UOP01-DEL04-PR;;;
698689;17/06/2025;ter�a-feira;08:20:00;GO;153;280;NOVA GLORIA;Ultrapassagem Indevida;Colis�o lateral mesmo sentido;Com V�timas Feridas;Pleno dia;Decrescente;C�u Claro;Simples;"Curva;Declive";N�o;5;0;1;0;2;2;1;4;-15,144313;-49,530358;SPRF-GO;DEL07-GO;UOP02-DEL07-GO;;;
698692;17/06/2025;ter�a-feira;05:20:00;MT;364;143;PEDRA PRETA;Acostamento em desn�vel;Colis�o lateral sentido oposto;Com V�timas Fatais;Amanhecer;Decrescente;C�u Claro;Simples;Curva;N�o;4;1;0;0;2;7;0;10;-16,780126;-54,226141;SPRF-MT;DEL02-MT;UOP01-DEL02-MT;;;
698695;17/06/2025;ter�a-feira;09:20:00;SC;470;138,5;RIO DO SUL;Acessar a via sem observar a presen�a dos outros ve�culos;Colis�o traseira;Com V�timas Feridas;Pleno dia;Decrescente;C�u Claro;Simples;"Retorno Regulamentado;Reta";Sim;2;0;1;0;1;0;1;2;-27,194013;-49,62424;SPRF-SC;DEL04-SC;UOP02-DEL04-SC;;;
698699;17/06/2025;ter�a-feira;10:00:00;ES;262;111,4;VENDA NOVA DO IMIGRANTE;Velocidade Incompat�vel;Engavetamento;Com V�timas Feridas;Pleno dia;Decrescente;Chuva;Simples;"Declive;Reta";Sim;5;0;1;0;4;0;1;4;-20,33781648;-41,19782925;SPRF-ES;DEL01-ES;UOP02-DEL01-ES;;;
698705;17/06/2025;ter�a-feira;10:50:00;MG;40;326;FELIXLANDIA;Condutor deixou de manter dist�ncia do ve�culo da frente;Engavetamento;Com V�timas Feridas;Pleno dia;Crescente;C�u Claro;Simples;Reta;N�o;10;0;2;1;5;6;3;11;-18,54626674;-45,03360271;SPRF-MG;DEL14-MG;UOP02-DEL14-MG;;;
698706;17/06/2025;ter�a-feira;10:50:00;MG;381;489,4;BETIM;Velocidade Incompat�vel;Colis�o traseira;Com V�timas Feridas;Pleno dia;Crescente;C�u Claro;Dupla;"Declive;Reta";Sim;6;0;1;0;4;1;1;6;-19,956413;-44,136042;SPRF-MG;DEL01-MG;UOP03-DEL01-MG;;;
698707;16/05/2025;sexta-feira;07:30:00;ES;262;55,4;MARECHAL FLORIANO;Mal s�bito do condutor;Colis�o frontal;Com V�timas Fatais;Pleno dia;Crescente;Nublado;Simples;"Declive;Curva";N�o;6;1;0;2;3;0;2;3;-20,41187503;-40,75031726;SPRF-ES;DEL01-ES;UOP01-DEL01-ES;;;
698709;17/06/2025;ter�a-feira;12:15:00;MG;40;464,8;SETE LAGOAS;Aus�ncia de rea��o do condutor;Colis�o traseira;Sem V�timas;Pleno dia;Crescente;C�u Claro;Dupla;"Aclive;Reta";N�o;3;0;0;0;2;2;0;4;-19,42211;-44,338798;SPRF-MG;DEL02-MG;UOP01-DEL02-MG;;;
698710;17/06/2025;ter�a-feira;07:30:00;MG;365;183;BURITIZEIRO;Rea��o tardia ou ineficiente do condutor;Colis�o lateral sentido oposto;Com V�timas Feridas;Pleno dia;Crescente;C�u Claro;Simples;Curva;N�o;4;0;2;0;1;1;2;3;-17,408613;-45,092327;SPRF-MG;DEL10-MG;UOP02-DEL010-MG;;;
698711;17/06/2025;ter�a-feira;12:00:00;MG;262;572,9;CORREGO DANTA;Entrada inopinada do pedestre;Atropelamento de Pedestre;Com V�timas Fatais;Pleno dia;Crescente;C�u Claro;Simples;"Reta;Declive;Em Obras";N�o;3;1;0;0;1;1;0;2;-19,693944;-46,035131;SPRF-MG;DEL08-MG;UOP02-DEL08-MG;;;
698714;17/06/2025;ter�a-feira;12:25:00;BA;235;334,2;JUAZEIRO;Rea��o tardia ou ineficiente do condutor;Colis�o traseira;Com V�timas Feridas;Pleno dia;Decrescente;Sol;Simples;Reta;N�o;2;0;0;1;1;0;1;2;-9,46101873;-40,3452529;SPRF-BA;DEL07-BA;UOP03-DEL07-BA;;;
698721;17/06/2025;ter�a-feira;12:20:00;SP;116;283;EMBU DAS ARTES;Aus�ncia de rea��o do condutor;Queda de ocupante de ve�culo;Com V�timas Feridas;Pleno dia;Decrescente;C�u Claro;Dupla;Reta;N�o;2;0;1;0;0;1;1;2;-23,67068384;-46,85606772;SPRF-SP;DEL04-SP;UOP01-DEL04-SP;;;
698725;17/06/2025;ter�a-feira;11:30:00;GO;153;303;RIALMA;Acessar a via sem observar a presen�a dos outros ve�culos;Colis�o transversal;Sem V�timas;Pleno dia;Decrescente;C�u Claro;Simples;Interse��o de Vias;Sim;2;0;0;0;1;1;0;2;-15,3323248;-49,57044125;SPRF-GO;DEL02-GO;UOP02-DEL02-GO;;;
698726;17/06/2025;ter�a-feira;13:45:00;RS;158;215,6;CRUZ ALTA;Velocidade Incompat�vel;Colis�o frontal;Com V�timas Fatais;Pleno dia;Crescente;Chuva;Simples;Curva;N�o;5;3;0;0;1;2;0;4;-28,822601;-53,614042;SPRF-RS;DEL10-RS;UOP02-DEL10-RS;;;
698727;17/06/2025;ter�a-feira;14:20:00;ES;101;202,9;JOAO NEIVA;Carga excessiva e/ou mal acondicionada;Colis�o lateral mesmo sentido;Com V�timas Feridas;Pleno dia;Crescente;C�u Claro;Simples;Reta;N�o;3;0;1;0;1;1;1;3;-19,7448;-40,3698;SPRF-ES;DEL04-ES;UOP01-DEL04-ES;;;
698737;09/06/2025;segunda-feira;22:15:00;MG;116;715,6;MURIAE;Velocidade Incompat�vel;Colis�o frontal;Com V�timas Feridas;Plena Noite;Decrescente;Chuva;Simples;Curva;N�o;6;0;3;1;1;1;4;3;-21,212667;-42,389247;SPRF-MG;DEL07-MG;UOP02-DEL07-MG;;;