id;data_inversa;dia_semana;horario;uf;br;km;municipio;causa_acidente;tipo_acidente;classificacao_acidente;fase_dia;sentido_via;condicao_metereologica;tipo_pista;tracado_via;uso_solo;pessoas;mortos;feridos_leves;feridos_graves;ilesos;ignorados;feridos;veiculos;latitude;longitude;regional;delegacia;uop;;;
698738;17/06/2025;ter�a-feira;13:15:00;PE;232;8,2;RECIFE;Condutor deixou de manter dist�ncia do ve�culo da frente;Engavetamento;Com V�timas Feridas;Pleno dia;Crescente;Nublado;M�ltipla;Reta;N�o;5;0;2;0;3;0;2;4;-8,076507;-34,972213;SPRF-PE;DEL01-PE;UOP01-DEL01-PE;;;
698742;17/06/2025;ter�a-feira;14:20:00;RS;392;99;MORRO REDONDO;Rea��o tardia ou ineficiente do condutor;Tombamento;Com V�timas Feridas;Pleno dia;Decrescente;Nublado;Simples;Rotat�ria;N�o;3;0;2;0;0;1;2;2;-31,53868293;-52,57224832;SPRF-RS;DEL07-RS;UOP01-DEL07-RS;;;
698743;17/06/2025;ter�a-feira;10:00:00;MG;381;767,8;CAMPANHA;Aus�ncia de rea��o do condutor;Sa�da de leito carro��vel;Com V�timas Feridas;Pleno dia;Decrescente;Sol;Dupla;Reta;N�o;3;0;1;0;0;2;1;3;-21,75081052;-45,39087296;SPRF-MG;DEL16-MG;UOP02-DEL16-MG;;;
698744;17/06/2025;ter�a-feira;00:50:00;PA;230;1117;ITAITUBA;Ingest�o de �lcool pelo condutor;Tombamento;Sem V�timas;Plena Noite;Crescente;Ignorado;Simples;Curva;N�o;3;0;0;0;1;3;0;4;-4,39107032;-55,95879472;SPRF-PA;DEL05-PA;UOP02-DEL05-PA;;;
698746;17/06/2025;ter�a-feira;15:00:00;PA;155;64;RIO MARIA;Rea��o tardia ou ineficiente do condutor;Colis�o lateral mesmo sentido;Com V�timas Feridas;Pleno dia;Decrescente;C�u Claro;Simples;Reta;N�o;4;0;1;0;2;5;1;7;-7,483663;-50,039825;SPRF-PA;DEL03-PA;UOP01-DEL03-PA;;;
698749;16/06/2025;segunda-feira;09:39:00;MG;381;525;BRUMADINHO;Problema com o freio;Colis�o com objeto;Com V�timas Feridas;Pleno dia;Crescente;C�u Claro;Dupla;"Reta;Declive;Em Obras";N�o;4;0;0;1;1;2;1;4;-20,14652843;-44,32374001;SPRF-MG;DEL04-MG;UOP03-DEL04-MG;;;
698750;17/06/2025;ter�a-feira;15:00:00;SC;470;189;TAIO;Carga excessiva e/ou mal acondicionada;Sa�da de leito carro��vel;Com V�timas Feridas;Pleno dia;Decrescente;C�u Claro;Simples;"Curva;Declive";N�o;2;0;1;0;0;1;1;2;-27,16465;-50,03572;SPRF-SC;DEL04-SC;UOP02-DEL04-SC;;;
698756;21/05/2025;quarta-feira;06:20:00;PA;163;241,3;NOVO PROGRESSO;Aus�ncia de rea��o do condutor;Colis�o lateral sentido oposto;Com V�timas Feridas;Amanhecer;Crescente;Ignorado;Simples;Reta;N�o;4;0;2;0;1;3;2;5;-7,59821561;-55,24211168;SPRF-PA;DEL05-PA;UOP03-DEL05-PA;;;
698757;17/06/2025;ter�a-feira;08:00:00;RS;285;625;SANTO ANTONIO DAS MISSOES;Acumulo de �gua sobre o pavimento;Tombamento;Com V�timas Feridas;Pleno dia;Crescente;Chuva;Simples;"Declive;Reta";N�o;2;0;0;1;0;1;1;2;-28,521854;-55,513853;SPRF-RS;DEL12-RS;UOP01-DEL12-RS;;;
698759;17/06/2025;ter�a-feira;14:10:00;MG;381;4;BETIM;Aus�ncia de rea��o do condutor;Colis�o traseira;Com V�timas Feridas;Pleno dia;Crescente;C�u Claro;Dupla;Reta;N�o;2;0;1;0;0;1;1;2;-19,98915894;-44,18735504;SPRF-MG;DEL01-MG;UOP03-DEL01-MG;;;
698761;17/06/2025;ter�a-feira;16:20:00;PR;376;659;TIJUCAS DO SUL;Entrada inopinada do pedestre;Atropelamento de Pedestre;Com V�timas Feridas;Pleno dia;Decrescente;C�u Claro;Simples;"Aclive;Curva";N�o;2;0;1;0;0;1;1;2;-25,85182613;-48,99352424;SPRF-PR;DEL01-PR;UOP04-DEL01-PR;;;
698763;17/06/2025;ter�a-feira;16:26:00;SP;116;159,9;JACAREI;Condutor deixou de manter dist�ncia do ve�culo da frente;Engavetamento;Sem V�timas;Pleno dia;Decrescente;C�u Claro;Dupla;Reta;Sim;5;0;0;0;5;0;0;3;-23,26442215;-45,95764518;SPRF-SP;DEL02-SP;UOP01-DEL02-SP;;;
698764;17/06/2025;ter�a-feira;16:50:00;MG;50;180;UBERABA;Manobra de mudan�a de faixa;Colis�o lateral mesmo sentido;Com V�timas Feridas;Pleno dia;Decrescente;C�u Claro;Dupla;Reta;Sim;3;0;2;0;1;0;2;2;-19,7797251;-47,9206849;SPRF-MG;DEL13-MG;UOP01-DEL13-MG;;;
698767;17/06/2025;ter�a-feira;16:30:00;AL;104;48,5;BRANQUINHA;Problema com o freio;Colis�o frontal;Com V�timas Feridas;Pleno dia;Crescente;Chuva;Simples;Curva;N�o;2;0;0;2;0;0;2;2;-9,24516819;-36,00208998;SPRF-AL;DEL01-AL;UOP02-DEL01-AL;;;
698770;17/06/2025;ter�a-feira;15:00:00;RJ;393;210;VASSOURAS;Condutor Dormindo;Colis�o frontal;Com V�timas Fatais;Pleno dia;Crescente;C�u Claro;Simples;Reta;N�o;3;1;1;0;1;0;1;2;-22,289946;-43,480808;SPRF-RJ;DEL05-RJ;UOP03-DEL05-RJ;;;
698777;17/06/2025;ter�a-feira;17:35:00;MG;365;739,5;ITUIUTABA;Suic�dio (presumido);Colis�o frontal;Com V�timas Fatais;Pleno dia;Crescente;C�u Claro;Simples;"Reta;Aclive";N�o;3;1;0;0;1;1;0;3;-18,91064793;-49,36009018;SPRF-MG;DEL15-MG;UOP03-DEL15-MG;;;
698780;22/05/2025;quinta-feira;20:10:00;RJ;40;52,5;PETROPOLIS;Objeto est�tico sobre o leito carro��vel;Colis�o traseira;Com V�timas Feridas;Plena Noite;Crescente;C�u Claro;Dupla;"Aclive;Reta";N�o;3;0;0;1;1;1;1;2;-22,2824938;-43,1192897;SPRF-RJ;DEL05-RJ;UOP02-DEL05-RJ;;;
698790;17/06/2025;ter�a-feira;18:35:00;PB;230;295;SANTA LUZIA;Ultrapassagem Indevida;Colis�o frontal;Com V�timas Feridas;Plena Noite;Crescente;C�u Claro;Simples;"Aclive;Reta";N�o;7;0;2;0;5;0;2;3;-6,897172;-36,96467;SPRF-PB;DEL03-PB;UOP01-DEL03-PB;;;
698800;17/06/2025;ter�a-feira;19:40:00;MG;381;2,1;BETIM;Aus�ncia de rea��o do condutor;Colis�o traseira;Com V�timas Feridas;Plena Noite;Decrescente;Nublado;Dupla;"Declive;Reta";Sim;3;0;2;0;0;1;2;3;-19,980862;-44,16165;SPRF-MG;DEL01-MG;UOP03-DEL01-MG;;;
698801;17/06/2025;ter�a-feira;16:20:00;MG;262;890;CAMPO FLORIDO;Velocidade Incompat�vel;Tombamento;Com V�timas Feridas;Pleno dia;Decrescente;C�u Claro;Dupla;Retorno Regulamentado;N�o;2;0;1;0;0;2;1;3;-19,738;-48,679;SPRF-MG;DEL13-MG;UOP02-DEL13-MG;;;
698806;17/06/2025;ter�a-feira;19:55:00;ES;101;49,7;CONCEICAO DA BARRA;Condutor deixou de manter dist�ncia do ve�culo da frente;Colis�o lateral mesmo sentido;Com V�timas Feridas;Pleno dia;Crescente;Garoa/Chuvisco;Simples;Rotat�ria;Sim;3;0;1;0;1;2;1;4;-18,58279993;-39,89322679;SPRF-ES;DEL04-ES;UOP02-DEL04-ES;;;
698808;17/06/2025;ter�a-feira;18:15:00;RS;470;211;BENTO GONCALVES;Acumulo de �gua sobre o pavimento;Sa�da de leito carro��vel;Com V�timas Feridas;Plena Noite;Crescente;Chuva;Simples;Reta;N�o;2;0;2;0;0;0;2;1;-29,14058804;-51,54171165;SPRF-RS;DEL06-RS;UOP01-DEL06-RS;;;
698812;17/06/2025;ter�a-feira;18:20:00;SC;101;404;ARARANGUA;Manobra de mudan�a de faixa;Colis�o lateral mesmo sentido;Sem V�timas;Plena Noite;Crescente;Chuva;Dupla;Reta;N�o;4;0;0;0;3;1;0;3;-28,8964089;-49,47214214;SPRF-SC;DEL02-SC;UOP02-DEL02-SC;;;
698813;17/06/2025;ter�a-feira;19:00:00;MG;365;634;UBERLANDIA;Demais falhas mec�nicas ou el�tricas;Colis�o com objeto;Com V�timas Feridas;Plena Noite;Decrescente;C�u Claro;Dupla;Reta;N�o;3;0;0;1;1;1;1;3;-18,893728;-48,411336;SPRF-MG;DEL15-MG;UOP01-DEL15-MG;;;
698816;17/06/2025;ter�a-feira;15:30:00;MS;267;58;BATAGUASSU;Problema com o freio;Inc�ndio;Sem V�timas;Pleno dia;Crescente;C�u Claro;Simples;"Aclive;Reta";N�o;2;0;0;0;1;1;0;2;-21,83636447;-52,653992;SPRF-MS;DEL02-MS;UOP04-DEL02-MS;;;
698818;17/06/2025;ter�a-feira;19:50:00;PI;316;305;PICOS;Aus�ncia de rea��o do condutor;Colis�o com objeto;Sem V�timas;Plena Noite;Crescente;Nublado;Simples;Reta;Sim;1;0;0;0;1;0;0;1;-7,06589015;-41,51373535;SPRF-PI;DEL04-PI;UOP01-DEL04-PI;;;
698819;17/06/2025;ter�a-feira;19:05:00;SC;153;117,1;CONCORDIA;Ultrapassagem Indevida;Colis�o frontal;Com V�timas Feridas;Plena Noite;Decrescente;C�u Claro;Simples;"Declive;Reta";N�o;6;0;1;1;3;1;2;5;-27,364923;-51,997453;SPRF-SC;DEL07-SC;UOP04-DEL07-SC;;;
698826;17/06/2025;ter�a-feira;21:20:00;BA;324;614;SALVADOR;Aus�ncia de rea��o do condutor;Colis�o lateral mesmo sentido;Com V�timas Feridas;Plena Noite;Crescente;Nublado;Dupla;Reta;N�o;2;0;1;0;1;0;1;2;-12,8699161;-38,4267118;SPRF-BA;DEL01-BA;UOP01-DEL01-BA;;;
698827;17/06/2025;ter�a-feira;17:35:00;PR;376;668;GUARATUBA;Problema com o freio;Tombamento;Com V�timas Fatais;Anoitecer;Crescente;C�u Claro;Dupla;"Declive;Curva";N�o;2;1;0;0;0;1;0;2;-25,86908827;-48,93382899;SPRF-PR;DEL01-PR;UOP04-DEL01-PR;;;
698830;17/06/2025;ter�a-feira;21:50:00;MG;365;711;MONTE ALEGRE DE MINAS;Aus�ncia de rea��o do condutor;Colis�o traseira;Com V�timas Fatais;Plena Noite;Decrescente;C�u Claro;Simples;Reta;N�o;3;1;0;0;1;3;0;5;-18,88041846;-49,12921652;SPRF-MG;DEL15-MG;UOP03-DEL15-MG;;;
698831;17/06/2025;ter�a-feira;21:20:00;MS;158;115,2;APARECIDA DO TABOADO;Aus�ncia de rea��o do condutor;Colis�o traseira;Com V�timas Fatais;Plena Noite;Crescente;Ignorado;Simples;Reta;N�o;3;1;0;0;1;2;0;4;-19,874542;-51,129978;SPRF-MS;DEL08-MS;UOP01-DEL08-MS;;;
698832;17/06/2025;ter�a-feira;20:40:00;SC;480;127,1;CHAPECO;Acessar a via sem observar a presen�a dos outros ve�culos;Colis�o frontal;Com V�timas Fatais;Plena Noite;Decrescente;C�u Claro;M�ltipla;Interse��o de Vias;Sim;3;1;0;0;1;1;0;3;-27,020548;-52,635672;SPRF-SC;DEL07-SC;UOP01-DEL07-SC;;;
698839;17/06/2025;ter�a-feira;15:47:00;MA;222;264;ARARI;Transitar na contram�o;Colis�o frontal;Com V�timas Fatais;Pleno dia;Decrescente;C�u Claro;Simples;Reta;N�o;2;1;0;0;0;1;0;2;-3,567453;-44,699163;SPRF-MA;DEL01-MA;UOP02-DEL01-MA;;;
698844;18/06/2025;quarta-feira;00:57:00;TO;153;353;FORTALEZA DO TABOCAO;Aus�ncia de rea��o do condutor;Colis�o lateral sentido oposto;Com V�timas Feridas;Plena Noite;Crescente;C�u Claro;Simples;Curva;N�o;3;0;0;1;1;1;1;3;-8,96715397;-48,49493623;SPRF-TO;DEL02-TO;UOP02-DEL02-TO;;;
698845;18/06/2025;quarta-feira;03:20:00;SP;116;175,8;GUARAREMA;Demais falhas mec�nicas ou el�tricas;Colis�o traseira;Com V�timas Feridas;Plena Noite;Decrescente;Nevoeiro/Neblina;Dupla;Reta;N�o;3;0;1;0;1;1;1;3;-23,32176978;-46,09893012;SPRF-SP;DEL01-SP;UOP01-DEL01-SP;;;
698846;18/06/2025;quarta-feira;01:40:00;MT;163;836;SINOP;�rea urbana sem a presen�a de local apropriado para a travessia de pedestres;Atropelamento de Pedestre;Com V�timas Feridas;Plena Noite;Crescente;C�u Claro;Simples;Reta;Sim;3;0;1;0;1;2;1;4;-11,85578;-55,493737;SPRF-MT;DEL06-MT;UOP02-DEL06-MT;;;
698847;18/06/2025;quarta-feira;02:30:00;AL;101;115;PILAR;Rea��o tardia ou ineficiente do condutor;Colis�o traseira;Com V�timas Feridas;Plena Noite;Decrescente;C�u Claro;Simples;"Em Obras;Declive;Reta";N�o;2;0;1;0;1;0;1;2;-9,646234;-36,0241487;SPRF-AL;DEL02-AL;UOP01-DEL02-AL;;;
698850;18/06/2025;quarta-feira;03:30:00;MG;153;46,5;CANAPOLIS;Velocidade Incompat�vel;Sa�da de leito carro��vel;Com V�timas Feridas;Plena Noite;Crescente;C�u Claro;Dupla;"Curva;Declive";N�o;2;0;1;0;0;2;1;3;-18,7873117;-49,08411082;SPRF-MG;DEL15-MG;UOP03-DEL15-MG;;;
698851;18/06/2025;quarta-feira;05:30:00;PR;376;627;SAO JOSE DOS PINHAIS;Aus�ncia de rea��o do condutor;Colis�o traseira;Com V�timas Fatais;Amanhecer;Crescente;C�u Claro;Dupla;Reta;N�o;3;1;0;0;1;1;0;3;-25,67973441;-49,14922412;SPRF-PR;DEL01-PR;UOP04-DEL01-PR;;;
698858;18/06/2025;quarta-feira;00:00:00;MG;116;574,7;MANHUACU;Rea��o tardia ou ineficiente do condutor;Capotamento;Com V�timas Fatais;Plena Noite;Decrescente;C�u Claro;Simples;Curva;N�o;1;1;0;0;0;0;0;1;-20,144428;-42,183584;SPRF-MG;DEL06-MG;UOP03-DEL06-MG;;;
698862;18/06/2025;quarta-feira;06:30:00;SP;381;60;MAIRIPORA;Velocidade Incompat�vel;Colis�o transversal;Com V�timas Feridas;Amanhecer;Crescente;C�u Claro;M�ltipla;"Declive;Curva";N�o;3;0;1;1;0;1;2;3;-23,2912479;-46,58591207;SPRF-SP;DEL03-SP;UOP01-DEL03-SP;;;
698863;18/06/2025;quarta-feira;06:30:00;SP;116;320;JUQUITIBA;Aus�ncia de rea��o do condutor;Colis�o lateral mesmo sentido;Sem V�timas;Pleno dia;Decrescente;C�u Claro;Dupla;Reta;Sim;4;0;0;0;3;1;0;4;-23,93471611;-47,03221896;SPRF-SP;DEL04-SP;UOP03-DEL04-SP;;;
698868;17/06/2025;ter�a-feira;19:00:00;PA;230;114;MARABA;Transitar no Acostamento;Colis�o traseira;Com V�timas Fatais;Plena Noite;Decrescente;C�u Claro;Simples;Reta;Sim;3;1;0;0;1;1;0;3;-5,363222;-49,072192;SPRF-PA;DEL03-PA;UOP01-DEL03-PA;;;
698869;07/04/2025;segunda-feira;17:50:00;SC;101;119,4;ITAJAI;Aus�ncia de rea��o do condutor;Colis�o traseira;Com V�timas Fatais;Anoitecer;Decrescente;Nublado;M�ltipla;"Ponte;Reta";Sim;5;1;0;0;3;1;0;3;-26,908473;-48,713702;SPRF-SC;DEL04-SC;UOP04-DEL04-SC;;;
698870;18/06/2025;quarta-feira;07:14:00;SP;116;320;JUQUITIBA;Aus�ncia de rea��o do condutor;Colis�o lateral mesmo sentido;Com V�timas Feridas;Pleno dia;Decrescente;C�u Claro;Dupla;Curva;N�o;3;0;0;1;1;1;1;3;-23,93252381;-47,00875785;SPRF-SP;DEL04-SP;UOP03-DEL04-SP;;;
698872;18/06/2025;quarta-feira;07:30:00;MG;40;216;JOAO PINHEIRO;Rea��o tardia ou ineficiente do condutor;Sa�da de leito carro��vel;Com V�timas Feridas;Pleno dia;Decrescente;C�u Claro;Simples;Reta;N�o;4;0;1;0;2;1;1;3;-17,961247;-45,65896;SPRF-MG;DEL14-MG;UOP02-DEL14-MG;;;
698877;18/06/2025;quarta-feira;07:05:00;PE;101;62;RECIFE;Acostamento em desn�vel;Tombamento;Com V�timas Feridas;Pleno dia;Crescente;C�u Claro;Dupla;Reta;Sim;3;0;0;1;1;1;1;3;-7,98039;-34,92991;SPRF-PE;DEL01-PE;UOP02-DEL01-PE;;;
698879;18/06/2025;quarta-feira;07:35:00;ES;101;413;ITAPEMIRIM;Aus�ncia de rea��o do condutor;Colis�o lateral sentido oposto;Com V�timas Feridas;Pleno dia;Crescente;C�u Claro;Simples;Curva;N�o;3;0;1;0;1;1;1;3;-20,92037791;-41,07704312;SPRF-ES;DEL03-ES;UOP02-DEL03-ES;;;
698881;18/06/2025;quarta-feira;06:03:00;MT;163;688;LUCAS DO RIO VERDE;Manobra de mudan�a de faixa;Colis�o lateral mesmo sentido;Sem V�timas;Pleno dia;Decrescente;C�u Claro;Dupla;Rotat�ria;Sim;3;0;0;0;2;1;0;3;-13,0745434;-55,93231731;SPRF-MT;DEL06-MT;UOP01-DEL06-MT;;;
698882;14/03/2025;sexta-feira;14:30:00;MG;40;498;PEDRO LEOPOLDO;Condutor usando celular;Sa�da de leito carro��vel;Com V�timas Feridas;Pleno dia;Crescente;C�u Claro;Dupla;Curva;N�o;2;0;1;0;0;1;1;2;-19,67646341;-44,1891253;SPRF-MG;DEL02-MG;UOP01-DEL02-MG;;;
698888;18/06/2025;quarta-feira;08:15:00;PI;343;339,8;TERESINA;Acessar a via sem observar a presen�a dos outros ve�culos;Colis�o transversal;Com V�timas Feridas;Pleno dia;Crescente;C�u Claro;Simples;Reta;Sim;3;0;1;0;1;1;1;3;-5,0727216;-42,7358435;SPRF-PI;DEL01-PI;UOP01-DEL01-PI;;;
698892;18/06/2025;quarta-feira;08:02:00;MS;163;821,8;SONORA;Aus�ncia de rea��o do condutor;Colis�o lateral sentido oposto;Com V�timas Feridas;Pleno dia;Crescente;C�u Claro;Simples;"Declive;Curva;Ponte";N�o;5;0;1;1;1;4;2;7;-17,73199401;-54,7576174;SPRF-MS;DEL06-MS;UOP01-DEL06-MS;;;
698895;18/06/2025;quarta-feira;06:45:00;SC;116;64,9;PAPANDUVA;Transitar na contram�o;Colis�o lateral sentido oposto;Com V�timas Feridas;Amanhecer;Decrescente;Nublado;Simples;Reta;N�o;4;0;0;1;2;3;1;6;-26,423747;-50,228063;SPRF-SC;DEL06-SC;UOP02-DEL06-SC;;;
698896;18/06/2025;quarta-feira;09:20:00;DF;20;13;BRASILIA;Ultrapassagem Indevida;Colis�o lateral mesmo sentido;Com V�timas Feridas;Pleno dia;Decrescente;Sol;Dupla;Reta;Sim;3;0;1;0;2;0;1;2;-15,63508412;-47,73762704;SPRF-DF;DEL02-DF;UOP01-DEL02-DF;;;
698897;18/06/2025;quarta-feira;08:00:00;BA;101;222;CRUZ DAS ALMAS;Transitar na contram�o;Colis�o frontal;Com V�timas Feridas;Pleno dia;Crescente;Chuva;Simples;Reta;N�o;5;0;1;1;3;0;2;5;-12,667367;-39,131039;SPRF-BA;DEL01-BA;UOP02-DEL01-BA;;;
698898;18/06/2025;quarta-feira;09:00:00;SP;116;135;SAO JOSE DOS CAMPOS;Rea��o tardia ou ineficiente do condutor;Engavetamento;Com V�timas Feridas;Pleno dia;Crescente;C�u Claro;Dupla;Reta;Sim;5;0;2;0;2;1;2;4;-23,13857873;-45,7587508;SPRF-SP;DEL02-SP;UOP01-DEL02-SP;;;
698904;18/06/2025;quarta-feira;09:30:00;PR;277;4,9;PARANAGUA;Rea��o tardia ou ineficiente do condutor;Colis�o traseira;Com V�timas Feridas;Pleno dia;Crescente;Sol;Dupla;Reta;Sim;8;0;1;0;6;1;1;3;-25,529945;-48,528641;SPRF-PR;DEL01-PR;UOP05-DEL01-PR;;;
698905;18/06/2025;quarta-feira;06:45:00;MT;163;691;LUCAS DO RIO VERDE;Acessar a via sem observar a presen�a dos outros ve�culos;Colis�o transversal;Com V�timas Feridas;Pleno dia;Decrescente;C�u Claro;Simples;"Reta;Interse��o de Vias";Sim;3;0;1;0;1;1;1;3;-13,05609353;-55,91341496;SPRF-MT;DEL06-MT;UOP01-DEL06-MT;;;
698910;14/06/2025;s�bado;18:30:00;BA;101;430;MARAU;Estacionar ou parar em local proibido;Colis�o traseira;Com V�timas Feridas;Plena Noite;Crescente;C�u Claro;Simples;"Reta;Declive";N�o;2;0;1;0;1;0;1;2;-14,16980077;-39,3271327;SPRF-BA;DEL05-BA;UOP01-DEL05-BA;;;
698911;18/06/2025;quarta-feira;10:24:00;CE;116;23;AQUIRAZ;Convers�o proibida;Colis�o transversal;Com V�timas Feridas;Pleno dia;Decrescente;Garoa/Chuvisco;M�ltipla;Reta;N�o;2;0;1;0;1;0;1;2;-3,9544292;-38,5115805;SPRF-CE;DEL01-CE;UOP02-DEL01-CE;;;
698914;18/06/2025;quarta-feira;11:10:00;BA;324;542;AMELIA RODRIGUES;Mal s�bito do condutor;Colis�o traseira;Sem V�timas;Pleno dia;Crescente;C�u Claro;Dupla;Reta;Sim;3;0;0;0;3;0;0;2;-12,41489436;-38,75166464;SPRF-BA;DEL01-BA;UOP03-DEL01-BA;;;
698918;18/06/2025;quarta-feira;11:00:00;SE;101;152;ESTANCIA;Manobra de mudan�a de faixa;Colis�o lateral mesmo sentido;Com V�timas Feridas;Pleno dia;Crescente;C�u Claro;Simples;Curva;Sim;3;0;1;0;1;1;1;3;-11,276682;-37,449568;SPRF-SE;DEL02-SE;UOP01-DEL02-SE;;;
698919;18/06/2025;quarta-feira;10:50:00;GO;50;140;IPAMERI;Condutor Dormindo;Colis�o com objeto;Com V�timas Feridas;Pleno dia;Decrescente;C�u Claro;Dupla;"Retorno Regulamentado;Viaduto";N�o;2;0;0;1;0;1;1;2;-17,088567;-47,729386;SPRF-GO;DEL06-GO;UOP01-DEL06-GO;;;
698920;18/06/2025;quarta-feira;11:15:00;MS;163;582,7;BANDEIRANTES;Aus�ncia de rea��o do condutor;Sa�da de leito carro��vel;Com V�timas Feridas;Pleno dia;Crescente;C�u Claro;Dupla;Reta;N�o;1;0;1;0;0;0;1;1;-19,6217539;-54,3801832;SPRF-MS;DEL06-MS;UOP02-DEL06-MS;;;
698924;18/06/2025;quarta-feira;11:30:00;SC;280;55,8;GUARAMIRIM;Desrespeitar a prefer�ncia no cruzamento;Colis�o transversal;Com V�timas Feridas;Pleno dia;Crescente;C�u Claro;Dupla;"Interse��o de Vias;Rotat�ria";Sim;3;0;0;1;2;0;1;2;-26,478803;-49,000965;SPRF-SC;DEL03-SC;UOP03-DEL03-SC;;;
698929;05/06/2025;quinta-feira;00:30:00;MT;364;543;ROSARIO OESTE;Acessar a via sem observar a presen�a dos outros ve�culos;Queda de ocupante de ve�culo;Com V�timas Fatais;Plena Noite;Decrescente;C�u Claro;Simples;Reta;Sim;2;1;0;0;0;1;0;2;-14,83600297;-56,43572609;SPRF-MT;DEL01-MT;UOP01-DEL01-MT;;;
698931;18/06/2025;quarta-feira;11:50:00;PR;277;592,8;CASCAVEL;Manobra de mudan�a de faixa;Colis�o lateral mesmo sentido;Com V�timas Feridas;Pleno dia;Crescente;C�u Claro;Dupla;Reta;Sim;4;0;1;0;2;1;1;3;-24,98201247;-53,47904205;SPRF-PR;DEL04-PR;UOP01-DEL04-PR;;;
698936;18/06/2025;quarta-feira;09:20:00;SC;470;192;POUSO REDONDO;Transitar na contram�o;Colis�o lateral sentido oposto;Com V�timas Feridas;Pleno dia;Crescente;Nevoeiro/Neblina;Simples;Curva;N�o;3;0;0;1;1;1;1;3;-27,28381551;-50,07773182;SPRF-SC;DEL04-SC;UOP02-DEL04-SC;;;
698937;18/06/2025;quarta-feira;10:40:00;SC;470;102;APIUNA;Rea��o tardia ou ineficiente do condutor;Colis�o lateral mesmo sentido;Com V�timas Feridas;Pleno dia;Crescente;Sol;Simples;Reta;N�o;2;0;1;0;1;0;1;2;-27,05451198;-49,3897218;SPRF-SC;DEL04-SC;UOP02-DEL04-SC;;;
698944;18/06/2025;quarta-feira;13:00:00;RJ;393;165;TRES RIOS;Velocidade Incompat�vel;Tombamento;Com V�timas Feridas;Pleno dia;Decrescente;C�u Claro;Simples;Curva;Sim;2;0;1;0;0;1;1;2;-22,0723313;-43,02835868;SPRF-RJ;DEL05-RJ;UOP01-DEL05-RJ;;;
698948;18/06/2025;quarta-feira;12:30:00;GO;50;177,7;CAMPO ALEGRE DE GOIAS;Aus�ncia de sinaliza��o;Colis�o traseira;Com V�timas Feridas;Pleno dia;Crescente;C�u Claro;Dupla;Reta;N�o;4;0;1;1;1;2;2;4;-17,395609;-47,779541;SPRF-GO;DEL06-GO;UOP01-DEL06-GO;;;
698952;18/06/2025;quarta-feira;14:55:00;MG;381;485;BETIM;Acessar a via sem observar a presen�a dos outros ve�culos;Colis�o lateral mesmo sentido;Com V�timas Feridas;Pleno dia;Crescente;C�u Claro;M�ltipla;"Reta;Aclive";Sim;2;0;0;1;1;0;1;2;-19,95607888;-44,10231527;SPRF-MG;DEL01-MG;UOP03-DEL01-MG;;;
698953;29/04/2025;ter�a-feira;15:30:00;MG;381;752;TRES CORACOES;Aus�ncia de rea��o do condutor;Tombamento;Com V�timas Feridas;Pleno dia;Decrescente;C�u Claro;Dupla;"Retorno Regulamentado;Viaduto";Sim;2;0;1;0;0;3;1;4;-21,655001;-45,301302;SPRF-MG;DEL16-MG;UOP02-DEL16-MG;;;
698956;13/06/2025;sexta-feira;12:50:00;BA;324;548;AMELIA RODRIGUES;Aus�ncia de rea��o do condutor;Engavetamento;Com V�timas Feridas;Pleno dia;Decrescente;Chuva;Dupla;Reta;N�o;10;0;1;0;8;1;1;9;-12,47596738;-38,67565155;SPRF-BA;DEL01-BA;UOP03-DEL01-BA;;;
698957;18/06/2025;quarta-feira;15:15:00;SC;101;117,5;ITAJAI;Rea��o tardia ou ineficiente do condutor;Sa�da de leito carro��vel;Com V�timas Feridas;Pleno dia;Decrescente;C�u Claro;M�ltipla;Reta;Sim;2;0;1;0;0;1;1;2;-26,88507482;-48,72327089;SPRF-SC;DEL04-SC;UOP04-DEL04-SC;;;
698960;18/06/2025;quarta-feira;15:50:00;ES;101;295;CARIACICA;Trafegar com motocicleta (ou similar) entre as faixas;Colis�o traseira;Com V�timas Feridas;Pleno dia;Decrescente;Nublado;Dupla;Reta;N�o;3;0;0;1;2;0;1;3;-20,33092746;-40,39940953;SPRF-ES;DEL01-ES;UOP01-DEL01-ES;;;
698961;18/06/2025;quarta-feira;15:20:00;RJ;101;212;CASIMIRO DE ABREU;Aus�ncia de rea��o do condutor;Colis�o traseira;Com V�timas Feridas;Pleno dia;Decrescente;Nublado;Dupla;Reta;N�o;4;0;3;0;0;1;3;2;-22,489288;-42,258825;SPRF-RJ;DEL08-RJ;UOP04-DEL08-RJ;;;
698962;18/06/2025;quarta-feira;14:50:00;RJ;116;307;RESENDE;Rea��o tardia ou ineficiente do condutor;Colis�o traseira;Com V�timas Feridas;Pleno dia;Crescente;C�u Claro;Dupla;Reta;N�o;3;0;1;0;1;1;1;3;-22,45724561;-44,41284869;SPRF-RJ;DEL07-RJ;UOP02-DEL07-RJ;;;
698965;18/06/2025;quarta-feira;14:00:00;MG;40;17,6;PARACATU;Condutor deixou de manter dist�ncia do ve�culo da frente;Colis�o traseira;Sem V�timas;Pleno dia;Crescente;C�u Claro;Simples;Reta;Sim;5;0;0;0;4;1;0;3;-17,098115;-47,026326;SPRF-MG;DEL14-MG;UOP01-DEL14-MG;;;
698971;18/06/2025;quarta-feira;11:00:00;PA;230;528;ANAPU;Aus�ncia de rea��o do condutor;Colis�o lateral mesmo sentido;Com V�timas Fatais;Pleno dia;Crescente;C�u Claro;Simples;"Reta;Declive";N�o;3;1;0;0;1;1;0;3;-3,26194;-51,46424;SPRF-PA;DEL04-PA;UOP01-DEL04-PA;;;