id;data_inversa;dia_semana;horario;uf;br;km;municipio;causa_acidente;tipo_acidente;classificacao_acidente;fase_dia;sentido_via;condicao_metereologica;tipo_pista;tracado_via;uso_solo;pessoas;mortos;feridos_leves;feridos_graves;ilesos;ignorados;feridos;veiculos;latitude;longitude;regional;delegacia;uop;;;
698973;18/06/2025;quarta-feira;14:40:00;MT;70;26;BARRA DO GARCAS;Ultrapassagem Indevida;Colis�o lateral sentido oposto;Com V�timas Feridas;Pleno dia;Crescente;C�u Claro;Simples;Aclive;N�o;5;0;1;0;2;2;1;5;-15,840525;-52,44063;SPRF-MT;DEL07-MT;UOP01-DEL07-MT;;;
698975;18/06/2025;quarta-feira;15:56:00;RO;364;516;ARIQUEMES;Acessar a via sem observar a presen�a dos outros ve�culos;Colis�o transversal;Com V�timas Feridas;Pleno dia;Crescente;C�u Claro;Dupla;Rotat�ria;Sim;3;0;1;0;1;1;1;3;-9,915692;-63,055305;SPRF-RO;DEL03-RO;UOP01-DEL03-RO;;;
698984;18/06/2025;quarta-feira;17:43:00;PB;230;54,6;CRUZ DO ESPIRITO SANTO;Aus�ncia de rea��o do condutor;Colis�o traseira;Com V�timas Feridas;Anoitecer;Crescente;Chuva;Dupla;Reta;N�o;2;0;1;0;1;0;1;2;-7,200903;-35,089128;SPRF-PB;DEL01-PB;UOP02-DEL01-PB;;;
698991;13/05/2025;ter�a-feira;15:30:00;SP;116;363;MIRACATU;Velocidade Incompat�vel;Tombamento;Com V�timas Feridas;Pleno dia;Decrescente;Nublado;Dupla;Curva;Sim;3;0;0;1;1;1;1;2;-24,0371899;-47,1884728;SPRF-SP;DEL04-SP;UOP02-DEL04-SP;;;
698994;18/06/2025;quarta-feira;15:18:00;RJ;40;114;DUQUE DE CAXIAS;Rea��o tardia ou ineficiente do condutor;Tombamento;Com V�timas Feridas;Pleno dia;Decrescente;C�u Claro;Dupla;Reta;Sim;3;0;1;0;1;1;1;3;-22,726287;-43,288917;SPRF-RJ;DEL01-RJ;UOP02-DEL01-RJ;;;
698997;18/06/2025;quarta-feira;18:00:00;MG;153;114,9;PRATA;Rea��o tardia ou ineficiente do condutor;Tombamento;Com V�timas Feridas;Anoitecer;Decrescente;C�u Claro;Simples;"Reta;Declive";N�o;2;0;1;0;0;1;1;2;-19,35328611;-48,89797961;SPRF-MG;DEL15-MG;UOP03-DEL15-MG;;;
699005;18/06/2025;quarta-feira;18:10:00;PE;316;79;OURICURI;Transitar na contram�o;Colis�o lateral sentido oposto;Com V�timas Feridas;Anoitecer;Decrescente;Nublado;Simples;"Declive;Reta";N�o;4;0;0;2;1;1;2;3;-7,85585332;-40,11547828;SPRF-PE;DEL05-PE;UOP02-DEL05-PE;;;
699015;18/06/2025;quarta-feira;19:15:00;RS;392;684,9;ROQUE GONZALES;Velocidade Incompat�vel;Colis�o frontal;Com V�timas Fatais;Plena Noite;Crescente;Chuva;Simples;Curva;N�o;4;2;0;0;2;0;0;2;-28,1169612;-54,9568373;SPRF-RS;DEL10-RS;UOP01-DEL10-RS;;;
699017;18/06/2025;quarta-feira;18:10:00;MS;163;225;CAARAPO;Rea��o tardia ou ineficiente do condutor;Colis�o transversal;Com V�timas Feridas;Plena Noite;Decrescente;C�u Claro;Simples;Reta;N�o;3;0;1;0;1;2;1;4;-22,50017;-54,8645;SPRF-MS;DEL04-MS;UOP02-DEL04-MS;;;
699018;18/06/2025;quarta-feira;19:45:00;BA;101;885;TEIXEIRA DE FREITAS;Velocidade Incompat�vel;Colis�o lateral sentido oposto;Com V�timas Fatais;Plena Noite;Crescente;Nublado;Simples;Curva;N�o;3;1;0;1;1;0;1;2;-17,601128;-39,748643;SPRF-BA;DEL09-BA;UOP02-DEL09-BA;;;
699019;18/06/2025;quarta-feira;19:50:00;RN;226;361,8;FRUTUOSO GOMES;Transitar na contram�o;Colis�o frontal;Com V�timas Fatais;Plena Noite;Decrescente;C�u Claro;Simples;"Aclive;Reta";N�o;3;1;0;0;1;2;0;4;-6,162903;-37,827882;SPRF-RN;DEL04-RN;UOP01-DEL04-RN;;;
699021;18/06/2025;quarta-feira;19:30:00;MG;40;514;RIBEIRAO DAS NEVES;Entrada inopinada do pedestre;Sa�da de leito carro��vel;Sem V�timas;Plena Noite;Crescente;C�u Claro;Dupla;Reta;N�o;2;0;0;0;0;2;0;2;-19,80099;-44,100756;SPRF-MG;DEL01-MG;UOP02-DEL01-MG;;;
699024;18/06/2025;quarta-feira;18:40:00;MT;163;754;SORRISO;Rea��o tardia ou ineficiente do condutor;Tombamento;Com V�timas Feridas;Plena Noite;Crescente;C�u Claro;Simples;Reta;N�o;3;0;0;1;1;1;1;3;-12,53034926;-55,70457846;SPRF-MT;DEL06-MT;UOP01-DEL06-MT;;;
699027;18/06/2025;quarta-feira;19:25:00;MT;364;350;SANTO ANTONIO DO LEVERGER;Rea��o tardia ou ineficiente do condutor;Colis�o traseira;Com V�timas Feridas;Plena Noite;Crescente;Ignorado;Dupla;Declive;N�o;3;0;0;1;1;1;1;3;-15,79357502;-55,58442593;SPRF-MT;DEL05-MT;UOP02-DEL05-MT;;;
699030;18/06/2025;quarta-feira;17:10:00;PR;153;373,3;RIO AZUL;Acessar a via sem observar a presen�a dos outros ve�culos;Sa�da de leito carro��vel;Com V�timas Feridas;Pleno dia;Crescente;C�u Claro;Simples;Reta;N�o;2;0;1;0;1;0;1;2;-25,755;-50,838;SPRF-PR;DEL08-PR;UOP02-DEL08-PR;;;
699032;18/06/2025;quarta-feira;14:50:00;PR;277;136,5;CAMPO LARGO;Rea��o tardia ou ineficiente do condutor;Colis�o traseira;Sem V�timas;Pleno dia;Crescente;Sol;Dupla;"Reta;Aclive;Viaduto";N�o;51;0;0;0;50;1;0;4;-25,45630607;-49,63312896;SPRF-PR;DEL03-PR;UOP03-DEL03-PR;;;
699037;18/06/2025;quarta-feira;19:45:00;MG;381;921,4;CAMANDUCAIA;Velocidade Incompat�vel;Tombamento;Com V�timas Feridas;Plena Noite;Crescente;C�u Claro;Dupla;"Curva;Declive";N�o;2;0;1;0;0;2;1;3;-22,762877;-46,170379;SPRF-MG;DEL16-MG;UOP03-DEL16-MG;;;
699039;18/06/2025;quarta-feira;20:15:00;RJ;101;327;RIO DE JANEIRO;Aus�ncia de rea��o do condutor;Colis�o traseira;Com V�timas Feridas;Plena Noite;Decrescente;C�u Claro;Simples;"Reta;Ponte";Sim;3;0;2;0;1;0;2;2;-22,87158848;-43,15412521;SPRF-RJ;DEL02-RJ;UOP01-DEL02-RJ;;;
699041;18/06/2025;quarta-feira;21:10:00;MG;381;949;EXTREMA;Condutor deixou de manter dist�ncia do ve�culo da frente;Colis�o com objeto;Com V�timas Feridas;Plena Noite;Decrescente;Nublado;Dupla;Reta;N�o;2;0;1;0;0;1;1;2;-22,87528554;-46,36739016;SPRF-MG;DEL16-MG;UOP03-DEL16-MG;;;
699044;18/06/2025;quarta-feira;19:10:00;ES;101;33;PINHEIROS;Condutor Dormindo;Colis�o lateral mesmo sentido;Com V�timas Feridas;Plena Noite;Crescente;C�u Claro;Simples;Reta;N�o;3;0;2;0;1;0;2;2;-18,36126093;-39,95319843;SPRF-ES;DEL04-ES;UOP02-DEL04-ES;;;
699047;18/06/2025;quarta-feira;21:30:00;BA;116;807;VITORIA DA CONQUISTA;Transitar na contram�o;Colis�o lateral sentido oposto;Com V�timas Feridas;Plena Noite;Decrescente;Nublado;Simples;Reta;N�o;2;0;1;0;1;0;1;2;-14,776416;-40,728132;SPRF-BA;DEL08-BA;UOP01-DEL08-BA;;;
699051;18/06/2025;quarta-feira;20:58:00;SC;101;391,3;CRICIUMA;Rea��o tardia ou ineficiente do condutor;Colis�o traseira;Com V�timas Feridas;Plena Noite;Crescente;C�u Claro;Dupla;"Aclive;Reta";N�o;4;0;1;0;2;3;1;5;-28,811063;-49,384125;SPRF-SC;DEL02-SC;UOP02-DEL02-SC;;;
699055;18/06/2025;quarta-feira;21:10:00;MA;222;645;ACAILANDIA;Rea��o tardia ou ineficiente do condutor;Colis�o transversal;Com V�timas Feridas;Plena Noite;Decrescente;C�u Claro;Simples;Reta;N�o;8;0;6;0;1;2;6;4;-4,83843728;-47,28798866;SPRF-MA;DEL04-MA;UOP03-DEL04-MA;;;
699064;18/06/2025;quarta-feira;22:40:00;SC;282;534,9;CHAPECO;Acessar a via sem observar a presen�a dos outros ve�culos;Colis�o transversal;Com V�timas Feridas;Plena Noite;Decrescente;C�u Claro;Simples;"Interse��o de Vias;Rotat�ria";Sim;5;0;3;0;2;0;3;2;-26,99943294;-52,64595866;SPRF-SC;DEL07-SC;UOP01-DEL07-SC;;;
699083;19/06/2025;quinta-feira;00:05:00;RO;364;158,1;PIMENTA BUENO;Aus�ncia de rea��o do condutor;Colis�o traseira;Com V�timas Feridas;Plena Noite;Crescente;C�u Claro;Simples;"Reta;Aclive";N�o;5;0;3;0;1;3;3;6;-11,934642;-60,959632;SPRF-RO;DEL02-RO;UOP02-DEL02-RO;;;
699084;19/06/2025;quinta-feira;04:00:00;MS;262;286,1;RIBAS DO RIO PARDO;Manobra de mudan�a de faixa;Colis�o lateral sentido oposto;Com V�timas Feridas;Plena Noite;Crescente;C�u Claro;Simples;Reta;N�o;2;0;1;0;1;0;1;2;-20,486601;-54,169283;SPRF-MS;DEL01-MS;UOP05-DEL01-MS;;;
699089;19/06/2025;quinta-feira;04:50:00;SC;101;403,1;MARACAJA;Acessar a via sem observar a presen�a dos outros ve�culos;Colis�o transversal;Sem V�timas;Plena Noite;Decrescente;Garoa/Chuvisco;Dupla;Reta;Sim;3;0;0;0;2;1;0;3;-28,872722;-49,452865;SPRF-SC;DEL02-SC;UOP02-DEL02-SC;;;
699090;19/06/2025;quinta-feira;05:00:00;MG;381;616,8;OLIVEIRA;Rea��o tardia ou ineficiente do condutor;Colis�o traseira;Com V�timas Fatais;Amanhecer;Decrescente;Nublado;Dupla;"Reta;Aclive;Interse��o de Vias";N�o;3;1;0;0;1;1;0;3;-20,72737157;-44,77116376;SPRF-MG;DEL04-MG;UOP01-DEL04-MG;;;
699093;19/06/2025;quinta-feira;05:30:00;PE;101;8;GOIANA;Animais na Pista;Tombamento;Com V�timas Feridas;Amanhecer;Decrescente;C�u Claro;Dupla;Reta;N�o;2;0;1;0;0;1;1;2;-7,571201;-34,989097;SPRF-PE;DEL01-PE;UOP02-DEL01-PE;;;
699094;19/06/2025;quinta-feira;05:50:00;MG;381;848,1;POUSO ALEGRE;Acessar a via sem observar a presen�a dos outros ve�culos;Colis�o transversal;Com V�timas Feridas;Amanhecer;Decrescente;Nevoeiro/Neblina;Dupla;Reta;N�o;5;0;3;0;1;1;3;3;-22,2217007;-45,8747924;SPRF-MG;DEL16-MG;UOP01-DEL16-MG;;;
699099;19/06/2025;quinta-feira;05:25:00;PR;116;208,8;RIO NEGRO;Ingest�o de �lcool pelo condutor;Colis�o frontal;Sem V�timas;Plena Noite;Decrescente;C�u Claro;Simples;Reta;Sim;2;0;0;0;2;0;0;2;-26,08329408;-49,77501567;SPRF-SC;DEL06-SC;UOP01-DEL06-SC;;;
699101;19/06/2025;quinta-feira;00:30:00;SC;282;373,1;ERVAL VELHO;Ingest�o de �lcool pelo condutor;Colis�o frontal;Sem V�timas;Plena Noite;Decrescente;Garoa/Chuvisco;Simples;Curva;N�o;4;0;0;0;2;2;0;3;-27,28289342;-51,43506155;SPRF-SC;DEL07-SC;UOP05-DEL07-SC;;;
699102;19/06/2025;quinta-feira;06:40:00;ES;101;444;MIMOSO DO SUL;Aus�ncia de rea��o do condutor;Colis�o transversal;Com V�timas Feridas;Amanhecer;Crescente;C�u Claro;Simples;Reta;N�o;3;0;3;0;0;0;3;2;-21,1953988;-41,25640244;SPRF-ES;DEL03-ES;UOP02-DEL03-ES;;;
699114;19/06/2025;quinta-feira;07:30:00;RS;392;207,7;SANTANA DA BOA VISTA;Velocidade Incompat�vel;Tombamento;Com V�timas Feridas;Pleno dia;Crescente;Garoa/Chuvisco;Simples;Curva;N�o;3;0;0;1;0;2;1;3;-30,82232167;-53,17517996;SPRF-RS;DEL09-RS;UOP02-DEL09-RS;;;
699118;19/06/2025;quinta-feira;04:00:00;MT;364;573;NOBRES;Demais falhas mec�nicas ou el�tricas;Inc�ndio;Sem V�timas;Plena Noite;Decrescente;C�u Claro;Dupla;Reta;N�o;2;0;0;0;1;2;0;3;-14,635777;-56,275738;SPRF-MT;DEL01-MT;UOP01-DEL01-MT;;;
699119;19/06/2025;quinta-feira;08:00:00;RN;304;34;MOSSORO;Rea��o tardia ou ineficiente do condutor;Colis�o traseira;Com V�timas Fatais;Pleno dia;Decrescente;C�u Claro;Dupla;Reta;Sim;3;1;0;0;1;1;0;3;-5,155113;-37,349132;SPRF-RN;DEL04-RN;UOP02-DEL04-RN;;;
699120;19/06/2025;quinta-feira;06:20:00;RJ;393;193;PARAIBA DO SUL;Ingest�o de �lcool pelo condutor;Colis�o transversal;Com V�timas Feridas;Amanhecer;Crescente;C�u Claro;Simples;Reta;N�o;2;0;1;0;1;0;1;2;-22,2010195;-43,3657969;SPRF-RJ;DEL05-RJ;UOP03-DEL05-RJ;;;
699121;19/06/2025;quinta-feira;06:20:00;MG;381;407;NOVA UNIAO;Velocidade Incompat�vel;Colis�o traseira;Com V�timas Feridas;Pleno dia;Crescente;C�u Claro;Dupla;"Declive;Curva";N�o;3;0;0;1;1;1;1;3;-19,72374116;-43,57238596;SPRF-MG;DEL01-MG;UOP01-DEL01-MG;;;
699122;19/06/2025;quinta-feira;08:10:00;ES;101;304;VIANA;Objeto est�tico sobre o leito carro��vel;Colis�o com objeto;Com V�timas Feridas;Pleno dia;Crescente;Nublado;Dupla;Reta;Sim;4;0;2;0;1;1;2;3;-20,382593;-40,45945;SPRF-ES;DEL01-ES;UOP01-DEL01-ES;;;
699132;26/05/2025;segunda-feira;10:05:00;PR;116;42,3;CAMPINA GRANDE DO SUL;Ingest�o de �lcool pelo condutor;Tombamento;Com V�timas Feridas;Pleno dia;Decrescente;C�u Claro;Dupla;Curva;N�o;2;0;1;0;0;1;1;2;-25,18276;-48,878989;SPRF-PR;DEL01-PR;UOP02-DEL01-PR;;;
699134;19/06/2025;quinta-feira;05:17:00;PR;158;351;PALMITAL;Condutor Dormindo;Colis�o com objeto;Com V�timas Feridas;Amanhecer;Crescente;C�u Claro;Simples;"Aclive;Curva";N�o;2;0;1;0;0;1;1;2;-24,98179183;-52,29803324;SPRF-PR;DEL04-PR;UOP02-DEL04-PR;;;
699135;19/06/2025;quinta-feira;09:00:00;SP;116;287,3;ITAPECERICA DA SERRA;Manobra de mudan�a de faixa;Tombamento;Com V�timas Feridas;Pleno dia;Crescente;C�u Claro;Dupla;Reta;Sim;2;0;1;0;1;0;1;2;-23,7002984;-46,8689736;SPRF-SP;DEL04-SP;UOP01-DEL04-SP;;;
699136;13/04/2025;domingo;02:52:00;PR;116;24,7;CAMPINA GRANDE DO SUL;Rea��o tardia ou ineficiente do condutor;Eventos at�picos;Com V�timas Feridas;Plena Noite;Decrescente;C�u Claro;Dupla;Reta;N�o;3;0;1;0;0;2;1;3;-25,111698;-48,777113;SPRF-PR;DEL01-PR;UOP02-DEL01-PR;;;
699138;18/06/2025;quarta-feira;19:30:00;SC;101;63;ARAQUARI;Acumulo de areia ou detritos sobre o pavimento;Eventos at�picos;Sem V�timas;Plena Noite;Crescente;C�u Claro;Dupla;Reta;N�o;4;0;0;0;3;1;0;2;-26,45897073;-48,75844002;SPRF-SC;DEL03-SC;UOP02-DEL03-SC;;;
699140;19/06/2025;quinta-feira;06:00:00;RJ;101;66;CAMPOS DOS GOYTACAZES;Aus�ncia de rea��o do condutor;Tombamento;Sem V�timas;Amanhecer;Decrescente;C�u Claro;Dupla;Rotat�ria;Sim;2;0;0;0;1;1;0;2;-21,7635;-41,345761;SPRF-RJ;DEL08-RJ;UOP02-DEL08-RJ;;;
699153;19/06/2025;quinta-feira;10:35:00;PR;376;668;GUARATUBA;Aus�ncia de rea��o do condutor;Colis�o traseira;Com V�timas Feridas;Pleno dia;Crescente;C�u Claro;Dupla;"Declive;Curva";N�o;3;0;1;0;2;0;1;2;-25,8644;-48,937128;SPRF-PR;DEL01-PR;UOP04-DEL01-PR;;;
699154;19/06/2025;quinta-feira;10:50:00;PE;101;60,2;RECIFE;Trafegar com motocicleta (ou similar) entre as faixas;Colis�o lateral mesmo sentido;Com V�timas Fatais;Pleno dia;Decrescente;Chuva;Dupla;Reta;N�o;3;1;0;0;1;2;0;4;-7,990542;-34,96121;SPRF-PE;DEL01-PE;UOP02-DEL01-PE;;;
699160;19/06/2025;quinta-feira;11:15:00;MG;381;889,8;CAMBUI;Velocidade Incompat�vel;Colis�o traseira;Com V�timas Fatais;Pleno dia;Decrescente;Sol;Dupla;Reta;N�o;7;1;1;0;3;4;1;7;-22,5364431;-46,0358849;SPRF-MG;DEL16-MG;UOP01-DEL16-MG;;;
699162;19/06/2025;quinta-feira;11:50:00;AL;104;44;BRANQUINHA;Aus�ncia de rea��o do condutor;Sa�da de leito carro��vel;Com V�timas Feridas;Pleno dia;Crescente;Nublado;Simples;Curva;N�o;2;0;1;0;1;0;1;1;-9,2302066;-36,0266127;SPRF-AL;DEL01-AL;UOP02-DEL01-AL;;;
699165;19/06/2025;quinta-feira;11:45:00;SP;116;216;GUARULHOS;Manobra de mudan�a de faixa;Colis�o lateral mesmo sentido;Com V�timas Feridas;Pleno dia;Crescente;Sol;Dupla;Declive;N�o;2;0;1;0;1;0;1;2;-23,45352997;-46,47063606;SPRF-SP;DEL01-SP;UOP01-DEL01-SP;;;
699168;19/06/2025;quinta-feira;07:30:00;MG;262;553,5;LUZ;Velocidade Incompat�vel;Sa�da de leito carro��vel;Com V�timas Feridas;Pleno dia;Decrescente;C�u Claro;Simples;"Declive;Curva";N�o;2;0;0;1;0;1;1;2;-19,707758;-45,9197;SPRF-MG;DEL08-MG;UOP02-DEL08-MG;;;
699173;19/06/2025;quinta-feira;11:00:00;MG;381;573,5;ITAGUARA;Velocidade Incompat�vel;Engavetamento;Com V�timas Feridas;Pleno dia;Decrescente;C�u Claro;Dupla;Reta;N�o;6;0;1;0;4;1;1;4;-20,4358848;-44,557648;SPRF-MG;DEL04-MG;UOP01-DEL04-MG;;;
699175;19/06/2025;quinta-feira;12:30:00;RJ;116;290;BARRA MANSA;Frear bruscamente;Engavetamento;Com V�timas Feridas;Pleno dia;Crescente;C�u Claro;Dupla;"Declive;Curva";N�o;6;0;1;0;4;1;1;5;-22,48330767;-44,25867157;SPRF-RJ;DEL07-RJ;UOP02-DEL07-RJ;;;
699177;19/06/2025;quinta-feira;10:45:00;RO;364;551;ALTO PARAISO;Ultrapassagem Indevida;Colis�o frontal;Com V�timas Feridas;Pleno dia;Crescente;C�u Claro;Simples;Reta;N�o;3;0;0;1;1;3;1;5;-9,64493;-63,07513;SPRF-RO;DEL03-RO;UOP01-DEL03-RO;;;
699179;19/06/2025;quinta-feira;13:50:00;SP;116;451,3;REGISTRO;Ingest�o de �lcool pelo condutor;Sa�da de leito carro��vel;Com V�timas Feridas;Pleno dia;Crescente;C�u Claro;Dupla;Reta;N�o;2;0;1;0;0;1;1;2;-24,5476367;-47,8628617;SPRF-SP;DEL05-SP;UOP01-DEL05-SP;;;
699183;19/06/2025;quinta-feira;14:43:00;PE;232;163;TACAIMBO;Rea��o tardia ou ineficiente do condutor;Colis�o traseira;Com V�timas Feridas;Pleno dia;Crescente;Garoa/Chuvisco;Simples;Aclive;N�o;5;0;1;1;2;2;2;6;-8,335467;-36,288337;SPRF-PE;DEL03-PE;UOP02-DEL03-PE;;;
699184;19/06/2025;quinta-feira;14:55:00;PR;277;572,3;CASCAVEL;Ingest�o de �lcool pelo condutor;Colis�o frontal;Com V�timas Feridas;Pleno dia;Decrescente;C�u Claro;Simples;Reta;N�o;3;0;1;0;2;0;1;2;-24,99821;-53,29705;SPRF-PR;DEL04-PR;UOP01-DEL04-PR;;;
699187;19/06/2025;quinta-feira;01:30:00;GO;80;25,5;PADRE BERNARDO;Velocidade Incompat�vel;Sa�da de leito carro��vel;Com V�timas Feridas;Plena Noite;Crescente;C�u Claro;Dupla;"Declive;Interse��o de Vias";Sim;2;0;1;0;0;2;1;3;-15,61618065;-48,19849351;SPRF-DF;DEL03-DF;UOP02-DEL03-DF;;;
699190;19/06/2025;quinta-feira;15:28:00;PR;116;74,8;QUATRO BARRAS;Problema com o freio;Inc�ndio;Sem V�timas;Pleno dia;Decrescente;C�u Claro;Dupla;Reta;N�o;2;0;0;0;1;1;0;2;-25,375872;-49,048493;SPRF-PR;DEL01-PR;UOP02-DEL01-PR;;;
699195;19/06/2025;quinta-feira;16:30:00;PB;101;24,2;RIO TINTO;Rea��o tardia ou ineficiente do condutor;Engavetamento;Com V�timas Feridas;Pleno dia;Decrescente;C�u Claro;Dupla;Reta;N�o;7;0;2;0;4;1;2;6;-6,700908;-35,116315;SPRF-PB;DEL01-PB;UOP03-DEL01-PB;;;
699200;19/06/2025;quinta-feira;15:30:00;MT;364;47;ALTO GARCAS;Rea��o tardia ou ineficiente do condutor;Engavetamento;Sem V�timas;Pleno dia;Crescente;Sol;Simples;Reta;N�o;5;0;0;0;4;1;0;5;-17,0253931;-53,4887515;SPRF-MT;DEL02-MT;UOP02-DEL02-MT;;;
699209;19/06/2025;quinta-feira;18:20:00;MG;116;609,5;SAO JOAO DO MANHUACU;Transitar na contram�o;Colis�o frontal;Com V�timas Feridas;Anoitecer;Crescente;C�u Claro;Simples;Reta;N�o;4;0;2;0;1;1;2;3;-20,419268;-42,154542;SPRF-MG;DEL07-MG;UOP02-DEL07-MG;;;
699210;19/06/2025;quinta-feira;13:45:00;MG;365;340,6;VARJAO DE MINAS;Transitar no Acostamento;Atropelamento de Pedestre;Com V�timas Feridas;Pleno dia;Crescente;Sol;Simples;"Declive;Reta";N�o;5;0;0;1;2;2;1;4;-18,357026;-46,018879;SPRF-MG;DEL10-MG;UOP01-DEL10-MG;;;
699220;19/06/2025;quinta-feira;18:30:00;MT;163;1033;PEIXOTO DE AZEVEDO;Condutor deixou de manter dist�ncia do ve�culo da frente;Engavetamento;Com V�timas Feridas;Anoitecer;Decrescente;C�u Claro;Simples;"Ponte;Reta";Sim;7;0;1;0;5;2;1;6;-10,222;-54,972;SPRF-MT;DEL06-MT;UOP03-DEL06-MT;;;
699227;19/06/2025;quinta-feira;15:20:00;MG;50;206;DELTA;Rea��o tardia ou ineficiente do condutor;Sa�da de leito carro��vel;Sem V�timas;Pleno dia;Crescente;C�u Claro;Dupla;"Reta;Declive";N�o;2;0;0;0;1;1;0;2;-19,97754347;-47,78966904;SPRF-MG;DEL13-MG;UOP01-DEL13-MG;;;
699229;19/06/2025;quinta-feira;18:50:00;PE;116;31,6;SALGUEIRO;Aus�ncia de rea��o do condutor;Tombamento;Com V�timas Feridas;Plena Noite;Decrescente;C�u Claro;Simples;Curva;N�o;2;0;0;1;0;1;1;2;-8,118555;-39,123597;SPRF-PE;DEL05-PE;UOP01-DEL05-PE;;;
699230;19/06/2025;quinta-feira;16:40:00;MG;40;27,8;PARACATU;Manobra de mudan�a de faixa;Colis�o lateral sentido oposto;Com V�timas Feridas;Pleno dia;Decrescente;C�u Claro;Simples;Reta;N�o;2;0;1;0;0;1;1;2;-17,143219;-46,952264;SPRF-MG;DEL14-MG;UOP01-DEL14-MG;;;
699231;19/06/2025;quinta-feira;19:31:00;PI;343;307,4;ALTOS;Acessar a via sem observar a presen�a dos outros ve�culos;Colis�o transversal;Com V�timas Fatais;Plena Noite;Decrescente;C�u Claro;Simples;Reta;Sim;2;1;0;0;1;0;0;2;-5,039477;-42,461917;SPRF-PI;DEL01-PI;UOP01-DEL01-PI;;;
699239;19/06/2025;quinta-feira;16:30:00;MA;222;401;SANTA LUZIA;Demais falhas na via;Colis�o traseira;Com V�timas Feridas;Pleno dia;Decrescente;C�u Claro;Simples;Reta;N�o;3;0;2;0;1;0;2;2;-3,93002016;-45,61935425;SPRF-MA;DEL02-MA;UOP01-DEL02-MA;;;
699249;19/06/2025;quinta-feira;19:40:00;MG;116;93;MEDINA;Rea��o tardia ou ineficiente do condutor;Tombamento;Com V�timas Feridas;Plena Noite;Crescente;Nublado;Simples;"Declive;Curva";N�o;1;0;1;0;0;0;1;1;-16,408561;-41,476859;SPRF-MG;DEL11-MG;UOP02-DEL11-MG;;;
699250;19/06/2025;quinta-feira;21:50:00;PR;277;671,1;MEDIANEIRA;Rea��o tardia ou ineficiente do condutor;Colis�o traseira;Com V�timas Feridas;Plena Noite;Decrescente;Chuva;Dupla;"Reta;Aclive";Sim;3;0;1;0;1;1;1;3;-25,2849951;-54,08744065;SPRF-PR;DEL05-PR;UOP02-DEL05-PR;;;
699253;19/06/2025;quinta-feira;19:15:00;PA;10;77,5;ULIANOPOLIS;Aus�ncia de rea��o do condutor;Colis�o traseira;Com V�timas Fatais;Plena Noite;Decrescente;Nublado;Simples;"Declive;Reta";Sim;2;1;0;0;0;1;0;2;-3,766963;-47,501249;SPRF-PA;DEL02-PA;UOP02-DEL02-PA;;;
699257;19/06/2025;quinta-feira;21:30:00;MG;262;842,7;CONCEICAO DAS ALAGOAS;Retorno proibido;Colis�o transversal;Com V�timas Fatais;Plena Noite;Crescente;C�u Claro;Dupla;"Retorno Regulamentado;Reta";N�o;2;1;0;1;0;0;1;2;-19,75608;-48,27452;SPRF-MG;DEL13-MG;UOP01-DEL13-MG;;;
699262;19/06/2025;quinta-feira;21:30:00;MS;163;253,7;DOURADOS;Aus�ncia de rea��o do condutor;Tombamento;Com V�timas Feridas;Plena Noite;Crescente;C�u Claro;Dupla;"Curva;Rotat�ria";N�o;2;0;1;0;0;2;1;3;-22,273068;-54,818187;SPRF-MS;DEL04-MS;UOP02-DEL04-MS;;;
699266;19/06/2025;quinta-feira;16:50:00;SE;101;196;CRISTINAPOLIS;Condutor deixou de manter dist�ncia do ve�culo da frente;Colis�o traseira;Sem V�timas;Anoitecer;Decrescente;Chuva;Simples;"Curva;Declive";N�o;3;0;0;0;2;1;0;3;-11,46214;-37,743155;SPRF-SE;DEL02-SE;UOP03-DEL02-SE;;;
699269;19/06/2025;quinta-feira;22:40:00;PE;101;51;ABREU E LIMA;Acessar a via sem observar a presen�a dos outros ve�culos;Colis�o lateral mesmo sentido;Com V�timas Feridas;Plena Noite;Crescente;Nublado;M�ltipla;Reta;Sim;3;0;1;0;1;2;1;4;-7,915562;-34,898247;SPRF-PE;DEL01-PE;UOP02-DEL01-PE;;;
699271;19/06/2025;quinta-feira;23:30:00;PR;277;68,5;SAO JOSE DOS PINHAIS;Aus�ncia de rea��o do condutor;Colis�o traseira;Com V�timas Fatais;Plena Noite;Crescente;C�u Claro;Dupla;Reta;N�o;3;1;0;1;1;0;1;2;-25,519349;-49,1052621;SPRF-PR;DEL01-PR;UOP01-DEL01-PR;;;
699272;20/06/2025;sexta-feira;00:05:00;GO;60;101,4;ANAPOLIS;Rea��o tardia ou ineficiente do condutor;Colis�o traseira;Com V�timas Feridas;Plena Noite;Decrescente;C�u Claro;Dupla;"Reta;Interse��o de Vias";Sim;3;0;0;1;1;1;1;3;-16,402711;-48,977017;SPRF-GO;DEL02-GO;UOP01-DEL02-GO;;;
699276;19/06/2025;quinta-feira;16:15:00;GO;158;8;ARAGARCAS;Demais falhas mec�nicas ou el�tricas;Tombamento;Sem V�timas;Pleno dia;Crescente;C�u Claro;Simples;"Curva;Declive;Interse��o de Vias;Viaduto";N�o;2;0;0;0;1;3;0;4;-15,95312144;-52,21120387;SPRF-GO;DEL04-GO;UOP02-DEL04-GO;;;