id;data_inversa;dia_semana;horario;uf;br;km;municipio;causa_acidente;tipo_acidente;classificacao_acidente;fase_dia;sentido_via;condicao_metereologica;tipo_pista;tracado_via;uso_solo;pessoas;mortos;feridos_leves;feridos_graves;ilesos;ignorados;feridos;veiculos;latitude;longitude;regional;delegacia;uop;;;
699279;19/06/2025;quinta-feira;23:55:00;PI;316;178;VALENCA DO PIAUI;Manobra de mudan�a de faixa;Colis�o lateral sentido oposto;Com V�timas Feridas;Plena Noite;Crescente;C�u Claro;Simples;Reta;N�o;2;0;0;1;1;0;1;2;-6,230031;-41,975319;SPRF-PI;DEL04-PI;UOP02-DEL04-PI;;;
699281;19/06/2025;quinta-feira;23:02:00;MG;40;86,4;PARACATU;Rea��o tardia ou ineficiente do condutor;Colis�o com objeto;Com V�timas Fatais;Plena Noite;Crescente;C�u Claro;Simples;Reta;N�o;3;1;0;0;1;1;0;3;-17,490044;-46,604689;SPRF-MG;DEL14-MG;UOP01-DEL14-MG;;;
699289;19/06/2025;quinta-feira;23:45:00;PR;277;659,9;MATELANDIA;Rea��o tardia ou ineficiente do condutor;Sa�da de leito carro��vel;Com V�timas Feridas;Plena Noite;Decrescente;Garoa/Chuvisco;Dupla;"Aclive;Reta";N�o;1;0;1;0;0;0;1;1;-25,251611;-53,989437;SPRF-PR;DEL05-PR;UOP02-DEL05-PR;;;
699290;20/06/2025;sexta-feira;00:21:00;BA;116;747,4;POCOES;Velocidade Incompat�vel;Tombamento;Com V�timas Fatais;Plena Noite;Decrescente;Nublado;Simples;"Curva;Declive";N�o;4;2;0;1;0;3;1;4;-14,456779;-40,344992;SPRF-BA;DEL08-BA;UOP02-DEL08-BA;;;
699292;19/06/2025;quinta-feira;21:28:00;TO;153;414;MIRANORTE;Velocidade Incompat�vel;Tombamento;Com V�timas Feridas;Plena Noite;Crescente;C�u Claro;Dupla;Curva;Sim;4;0;2;0;1;1;2;2;-9,53051294;-48,59320199;SPRF-TO;DEL02-TO;UOP02-DEL02-TO;;;
699293;20/06/2025;sexta-feira;04:30:00;PR;376;40,9;NOVA LONDRINA;Transitar na contram�o;Colis�o frontal;Com V�timas Fatais;Plena Noite;Decrescente;Nublado;Simples;"Aclive;Reta";N�o;4;2;0;0;1;2;0;4;-22,8301238;-52,997701;SPRF-PR;DEL09-PR;UOP02-DEL09-PR;;;
699300;20/06/2025;sexta-feira;05:00:00;MT;364;269,4;JACIARA;Rea��o tardia ou ineficiente do condutor;Colis�o traseira;Com V�timas Feridas;Amanhecer;Decrescente;Nevoeiro/Neblina;Simples;Reta;Sim;2;0;1;0;0;1;1;2;-15,970972;-54,940735;SPRF-MT;DEL02-MT;UOP01-DEL02-MT;;;
699303;20/06/2025;sexta-feira;07:40:00;GO;60;102;ANAPOLIS;Acessar a via sem observar a presen�a dos outros ve�culos;Colis�o traseira;Com V�timas Feridas;Pleno dia;Decrescente;C�u Claro;Dupla;Retorno Regulamentado;N�o;3;0;0;1;1;1;1;2;-16,40260506;-48,97662926;SPRF-GO;DEL02-GO;UOP01-DEL02-GO;;;
699306;20/06/2025;sexta-feira;06:00:00;MG;381;889,5;POUSO ALEGRE;Aus�ncia de rea��o do condutor;Colis�o com objeto;Com V�timas Feridas;Pleno dia;Decrescente;Nevoeiro/Neblina;Dupla;Reta;N�o;3;0;0;1;1;1;1;2;-22,3973335;-45,9598527;SPRF-MG;DEL16-MG;UOP01-DEL16-MG;;;
699307;12/06/2025;quinta-feira;17:50:00;MG;381;484;BETIM;Rea��o tardia ou ineficiente do condutor;Colis�o traseira;Com V�timas Feridas;Plena Noite;Decrescente;C�u Claro;M�ltipla;Reta;Sim;4;0;1;1;2;0;2;3;-19,9583792;-44,0916338;SPRF-MG;DEL01-MG;UOP03-DEL01-MG;;;
699311;20/06/2025;sexta-feira;06:30:00;MT;70;505;CUIABA;Acessar a via sem observar a presen�a dos outros ve�culos;Colis�o frontal;Com V�timas Feridas;Pleno dia;Decrescente;Nublado;Dupla;"Reta;Em Obras";N�o;4;0;1;0;3;0;1;2;-15,70100551;-56,04841501;SPRF-MT;DEL01-MT;UOP02-DEL01-MT;;;
699324;20/06/2025;sexta-feira;08:10:00;RJ;116;188;NOVA IGUACU;Aus�ncia de rea��o do condutor;Engavetamento;Com V�timas Feridas;Pleno dia;Decrescente;C�u Claro;Dupla;Reta;Sim;4;0;2;0;2;0;2;3;-22,73773482;-43,48895073;SPRF-RJ;DEL06-RJ;UOP01-DEL06-RJ;;;
699338;20/06/2025;sexta-feira;11:20:00;CE;116;13;FORTALEZA;Rea��o tardia ou ineficiente do condutor;Colis�o com objeto;Sem V�timas;Pleno dia;Crescente;Chuva;Dupla;Reta;N�o;1;0;0;0;1;0;0;1;-3,86392452;-38,49765832;SPRF-CE;DEL01-CE;UOP02-DEL01-CE;;;
699344;20/06/2025;sexta-feira;07:40:00;CE;116;308;JAGUARIBE;Aus�ncia de rea��o do condutor;Colis�o traseira;Sem V�timas;Pleno dia;Crescente;Sol;Simples;Reta;Sim;3;0;0;0;2;1;0;3;-5,90753108;-38,62468958;SPRF-CE;DEL05-CE;UOP02-DEL05-CE;;;
699346;20/06/2025;sexta-feira;10:00:00;AM;174;899;MANAUS;Ultrapassagem Indevida;Colis�o frontal;Com V�timas Feridas;Pleno dia;Crescente;Chuva;Simples;"Reta;Declive";N�o;6;0;0;2;2;2;2;5;-2,848317;-60,033708;SPRF-AM;DEL01-AM;UOP01-DEL01-AM;;;
699347;20/06/2025;sexta-feira;11:00:00;BA;116;778;PLANALTO;Condutor Dormindo;Colis�o frontal;Com V�timas Feridas;Pleno dia;Crescente;C�u Claro;Simples;Reta;Sim;3;0;1;0;1;2;1;4;-14,67688188;-40,50537441;SPRF-BA;DEL08-BA;UOP02-DEL08-BA;;;
699353;19/04/2025;s�bado;16:30:00;PI;135;425,6;REDENCAO DO GURGUEIA;Transitar na contram�o;Colis�o frontal;Com V�timas Fatais;Pleno dia;Decrescente;C�u Claro;Simples;Curva;N�o;3;1;0;0;1;2;0;4;-9,50821;-44,741072;SPRF-PI;DEL03-PI;UOP02-DEL03-PI;;;
699354;20/06/2025;sexta-feira;12:15:00;MS;158;297;TRES LAGOAS;Demais falhas mec�nicas ou el�tricas;Inc�ndio;Sem V�timas;Pleno dia;Crescente;C�u Claro;Simples;Reta;N�o;2;0;0;0;1;1;0;2;-20,947603;-51,83344;SPRF-MS;DEL07-MS;UOP01-DEL07-MS;;;
699355;18/04/2025;sexta-feira;06:00:00;AM;174;1098;PRESIDENTE FIGUEIREDO;Condutor Dormindo;Sa�da de leito carro��vel;Com V�timas Feridas;Amanhecer;Decrescente;Ignorado;Simples;Reta;N�o;4;0;1;1;1;1;2;2;-1,219086;-60,426847;SPRF-AM;DEL01-AM;UOP02-DEL01-AM;;;
699359;20/06/2025;sexta-feira;08:20:00;MG;251;229;FRUTA DE LEITE;Rea��o tardia ou ineficiente do condutor;Tombamento;Com V�timas Feridas;Pleno dia;Decrescente;C�u Claro;Simples;"Curva;Declive";N�o;2;0;1;0;0;1;1;2;-16,23453597;-42,38121986;SPRF-MG;DEL12-MG;UOP02-DEL12-MG;;;
699362;20/06/2025;sexta-feira;12:20:00;SC;470;226,7;SAO CRISTOVAO DO SUL;Velocidade Incompat�vel;Colis�o frontal;Com V�timas Fatais;Pleno dia;Crescente;Chuva;Simples;Curva;N�o;4;3;1;0;0;0;1;2;-27,3246716;-50,36940694;SPRF-SC;DEL05-SC;UOP03-DEL05-SC;;;
699365;16/06/2025;segunda-feira;04:11:00;BA;101;320;PRESIDENTE TANCREDO NEVES;Chuva;Tombamento;Sem V�timas;Amanhecer;Crescente;Chuva;Simples;"Curva;Declive";N�o;1;0;0;0;1;0;0;1;-13,34753311;-39,38873291;SPRF-BA;DEL05-BA;UOP03-DEL05-BA;;;
699370;20/06/2025;sexta-feira;11:00:00;PI;343;474;ANGICAL DO PIAUI;Transitar na contram�o;Colis�o frontal;Com V�timas Fatais;Pleno dia;Decrescente;C�u Claro;Simples;Curva;N�o;4;2;0;0;1;1;0;3;-6,124442;-42,725675;SPRF-PI;DEL01-PI;UOP02-DEL01-PI;;;
699373;20/06/2025;sexta-feira;14:00:00;RS;386;407;TRIUNFO;Condutor deixou de manter dist�ncia do ve�culo da frente;Colis�o traseira;Com V�timas Feridas;Pleno dia;Decrescente;Sol;Simples;Reta;N�o;3;0;1;0;1;1;1;3;-29,8018018;-51,51565745;SPRF-RS;DEL04-RS;UOP02-DEL04-RS;;;
699374;23/05/2025;sexta-feira;12:20:00;BA;101;262;SANTO ANTONIO DE JESUS;Transitar no Acostamento;Atropelamento de Pedestre;Com V�timas Feridas;Pleno dia;Decrescente;C�u Claro;Simples;Reta;Sim;2;0;0;1;0;1;1;2;-12,97388284;-39,27558795;SPRF-BA;DEL01-BA;UOP02-DEL01-BA;;;
699375;20/06/2025;sexta-feira;12:29:00;AL;101;119,8;SAO MIGUEL DOS CAMPOS;Velocidade Incompat�vel;Sa�da de leito carro��vel;Com V�timas Feridas;Pleno dia;Crescente;C�u Claro;Dupla;"Curva;Declive";N�o;2;0;1;0;1;0;1;1;-9,6846064;-36,03747368;SPRF-AL;DEL02-AL;UOP01-DEL02-AL;;;
699380;20/06/2025;sexta-feira;12:50:00;PE;316;60;TRINDADE;Convers�o proibida;Colis�o transversal;Com V�timas Feridas;Pleno dia;Crescente;C�u Claro;Simples;Reta;Sim;4;0;2;0;1;1;2;3;-7,774815;-40,252482;SPRF-PE;DEL05-PE;UOP02-DEL05-PE;;;
699383;20/06/2025;sexta-feira;13:10:00;MG;365;656;MONTE ALEGRE DE MINAS;Demais falhas mec�nicas ou el�tricas;Inc�ndio;Sem V�timas;Pleno dia;Crescente;C�u Claro;Dupla;Reta;N�o;2;0;0;0;1;1;0;2;-18,86760125;-48,59481259;SPRF-MG;DEL15-MG;UOP01-DEL15-MG;;;
699386;04/06/2025;quarta-feira;16:00:00;MG;381;510;SAO JOAQUIM DE BICAS;Rea��o tardia ou ineficiente do condutor;Engavetamento;Com V�timas Feridas;Pleno dia;Crescente;Ignorado;Dupla;Reta;Sim;3;0;1;0;0;2;1;3;-20,0527466;-44,2820316;SPRF-MG;DEL01-MG;UOP03-DEL01-MG;;;
699392;20/06/2025;sexta-feira;15:30:00;MG;40;507,5;RIBEIRAO DAS NEVES;Manobra de mudan�a de faixa;Colis�o lateral mesmo sentido;Com V�timas Feridas;Pleno dia;Crescente;C�u Claro;Dupla;Reta;Sim;5;0;1;0;3;1;1;3;-19,75707814;-44,13936714;SPRF-MG;DEL02-MG;UOP01-DEL02-MG;;;
699393;20/06/2025;sexta-feira;15:40:00;SC;101;81;BARRA VELHA;Ingest�o de �lcool pelo condutor;Queda de ocupante de ve�culo;Com V�timas Feridas;Pleno dia;Crescente;Nublado;Dupla;"Reta;Declive";N�o;3;0;1;0;1;1;1;3;-26,60895137;-48,72292757;SPRF-SC;DEL03-SC;UOP02-DEL03-SC;;;
699399;20/06/2025;sexta-feira;16:00:00;PA;230;92;SAO JOAO DO ARAGUAIA;Manobra de mudan�a de faixa;Colis�o lateral sentido oposto;Com V�timas Feridas;Pleno dia;Decrescente;C�u Claro;Simples;Reta;N�o;3;0;1;0;1;3;1;5;-5,47722361;-48,8378179;SPRF-PA;DEL03-PA;UOP01-DEL03-PA;;;
699401;20/06/2025;sexta-feira;16:48:00;MG;381;617;OLIVEIRA;Velocidade Incompat�vel;Tombamento;Com V�timas Feridas;Pleno dia;Crescente;Nublado;Dupla;"Interse��o de Vias;Declive;Curva";N�o;2;0;1;0;0;3;1;4;-20,72922437;-44,77362156;SPRF-MG;DEL04-MG;UOP01-DEL04-MG;;;
699410;20/06/2025;sexta-feira;17:00:00;BA;116;855;VITORIA DA CONQUISTA;Rea��o tardia ou ineficiente do condutor;Colis�o traseira;Com V�timas Feridas;Anoitecer;Crescente;C�u Claro;Simples;Reta;N�o;3;0;1;0;1;4;1;6;-15,0993;-41,0199;SPRF-BA;DEL08-BA;UOP01-DEL08-BA;;;
699426;20/06/2025;sexta-feira;16:20:00;MT;163;1055;GUARANTA DO NORTE;Transitar na contram�o;Colis�o frontal;Com V�timas Feridas;Pleno dia;Crescente;C�u Claro;Simples;Reta;N�o;3;0;1;0;1;2;1;4;-10,07668856;-54,90847707;SPRF-MT;DEL06-MT;UOP03-DEL06-MT;;;
699430;20/06/2025;sexta-feira;18:05:00;MS;163;238;CAARAPO;Aus�ncia de rea��o do condutor;Sa�da de leito carro��vel;Com V�timas Feridas;Plena Noite;Crescente;C�u Claro;Simples;Curva;N�o;2;0;1;0;0;1;1;2;-22,39886603;-54,79184523;SPRF-MS;DEL04-MS;UOP02-DEL04-MS;;;
699439;20/06/2025;sexta-feira;20:35:00;MG;381;337;JOAO MONLEVADE;Aus�ncia de rea��o do condutor;Tombamento;Com V�timas Fatais;Plena Noite;Decrescente;Ignorado;Simples;"Declive;Curva";N�o;2;1;0;0;0;1;0;2;-19,8499769;-43,1510413;SPRF-MG;DEL03-MG;UOP01-DEL03-MG;;;
699441;20/06/2025;sexta-feira;18:04:00;SC;280;145;MAFRA;Transitar na contram�o;Colis�o frontal;Com V�timas Fatais;Plena Noite;Crescente;Garoa/Chuvisco;Simples;Reta;N�o;7;1;1;3;2;0;4;2;-26,248487;-49,652428;SPRF-SC;DEL06-SC;UOP03-DEL06-SC;;;
699446;20/06/2025;sexta-feira;19:50:00;BA;116;843;VITORIA DA CONQUISTA;Manobra de mudan�a de faixa;Colis�o frontal;Com V�timas Fatais;Plena Noite;Decrescente;C�u Claro;Simples;"Declive;Reta";N�o;3;1;0;0;1;1;0;3;-15,00868;-40,94093;SPRF-BA;DEL08-BA;UOP01-DEL08-BA;;;
699451;20/06/2025;sexta-feira;16:50:00;MS;267;485;JARDIM;Demais falhas mec�nicas ou el�tricas;Capotamento;Sem V�timas;Pleno dia;Decrescente;Sol;Simples;Reta;N�o;2;0;0;0;1;2;0;3;-21,47327791;-56,18142128;SPRF-MS;DEL05-MS;UOP01-DEL05-MS;;;
699452;20/06/2025;sexta-feira;19:00:00;MG;354;744,3;POUSO ALTO;Transitar na contram�o;Colis�o frontal;Com V�timas Feridas;Plena Noite;Decrescente;C�u Claro;Simples;Reta;N�o;4;0;2;0;1;1;2;4;-22,243978;-44,935185;SPRF-MG;DEL17-MG;UOP01-DEL17-MG;;;
699454;20/06/2025;sexta-feira;14:20:00;AL;316;222,2;ATALAIA;Carga excessiva e/ou mal acondicionada;Sa�da de leito carro��vel;Com V�timas Feridas;Pleno dia;Decrescente;Chuva;Simples;Curva;N�o;2;0;1;0;0;1;1;2;-9,467037;-36,178858;SPRF-AL;DEL01-AL;UOP01-DEL01-AL;;;
699465;20/06/2025;sexta-feira;20:45:00;SC;282;256,6;SAO JOSE DO CERRITO;Transitar na contram�o;Colis�o frontal;Com V�timas Feridas;Plena Noite;Crescente;Garoa/Chuvisco;Simples;"Curva;Aclive";N�o;3;0;1;0;2;0;1;2;-27,66390267;-50,58581293;SPRF-SC;DEL05-SC;UOP02-DEL05-SC;;;
699467;20/06/2025;sexta-feira;21:10:00;BA;116;903;CANDIDO SALES;Acessar a via sem observar a presen�a dos outros ve�culos;Colis�o transversal;Com V�timas Fatais;Plena Noite;Crescente;C�u Claro;Simples;Reta;N�o;2;1;0;0;1;0;0;2;-15,50722108;-41,23798116;SPRF-BA;DEL08-BA;UOP03-DEL08-BA;;;
699472;20/06/2025;sexta-feira;21:00:00;MS;163;566;BANDEIRANTES;Ultrapassagem Indevida;Colis�o lateral sentido oposto;Com V�timas Feridas;Plena Noite;Crescente;Nevoeiro/Neblina;Simples;Reta;N�o;8;0;4;0;3;3;4;6;-19,7537361;-54,3573337;SPRF-MS;DEL01-MS;UOP02-DEL01-MS;;;
699475;21/06/2025;s�bado;00:00:00;PR;376;552;BALSA NOVA;Chuva;Sa�da de leito carro��vel;Com V�timas Feridas;Plena Noite;Decrescente;Chuva;Dupla;Curva;N�o;2;0;1;0;0;1;1;2;-25,44407609;-49,74350735;SPRF-PR;DEL03-PR;UOP03-DEL03-PR;;;
699477;20/06/2025;sexta-feira;22:10:00;MS;267;484,9;JARDIM;Aus�ncia de rea��o do condutor;Colis�o frontal;Com V�timas Feridas;Plena Noite;Crescente;C�u Claro;Simples;Reta;N�o;2;0;0;1;1;0;1;2;-21,473569;-56,180708;SPRF-MS;DEL05-MS;UOP01-DEL05-MS;;;
699478;20/06/2025;sexta-feira;22:15:00;PR;277;591,4;CASCAVEL;Transitar na contram�o;Colis�o frontal;Sem V�timas;Plena Noite;Crescente;Nublado;Simples;"Declive;Curva";Sim;3;0;0;0;1;2;0;3;-24,98583169;-53,46790837;SPRF-PR;DEL04-PR;UOP01-DEL04-PR;;;
699489;21/06/2025;s�bado;02:58:00;RJ;393;273,9;BARRA DO PIRAI;Velocidade Incompat�vel;Tombamento;Sem V�timas;Plena Noite;Crescente;C�u Claro;Simples;Curva;N�o;1;0;0;0;1;0;0;1;-22,47488907;-43,99329185;SPRF-RJ;DEL05-RJ;UOP04-DEL05-RJ;;;
699496;21/06/2025;s�bado;04:40:00;MG;381;494;BETIM;Rea��o tardia ou ineficiente do condutor;Colis�o traseira;Com V�timas Feridas;Amanhecer;Crescente;C�u Claro;M�ltipla;Viaduto;Sim;3;0;1;0;2;0;1;2;-19,966434;-44,178719;SPRF-MG;DEL01-MG;UOP03-DEL01-MG;;;
699497;21/06/2025;s�bado;04:25:00;SP;116;335;JUQUITIBA;Rea��o tardia ou ineficiente do condutor;Eventos at�picos;Com V�timas Feridas;Plena Noite;Decrescente;C�u Claro;Dupla;Reta;N�o;1;0;1;0;0;0;1;1;-23,97508727;-47,14019895;SPRF-SP;DEL04-SP;UOP03-DEL04-SP;;;
699503;20/06/2025;sexta-feira;22:00:00;BA;235;137,9;JEREMOABO;Aus�ncia de rea��o do condutor;Capotamento;Com V�timas Feridas;Plena Noite;Decrescente;C�u Claro;Simples;"Curva;Ponte";N�o;1;0;1;0;0;0;1;1;-9,917465;-38,768715;SPRF-BA;DEL07-BA;UOP03-DEL07-BA;;;
699512;21/06/2025;s�bado;07:45:00;RN;101;106;PARNAMIRIM;Acessar a via sem observar a presen�a dos outros ve�culos;Colis�o lateral mesmo sentido;Com V�timas Feridas;Pleno dia;Crescente;Chuva;Dupla;Reta;Sim;3;0;0;1;2;0;1;2;-5,90230155;-35,25980848;SPRF-RN;DEL01-RN;UOP01-DEL01-RN;;;
699521;21/06/2025;s�bado;09:00:00;MG;153;80;PRATA;Manobra de mudan�a de faixa;Colis�o traseira;Com V�timas Feridas;Pleno dia;Crescente;C�u Claro;Simples;Reta;N�o;6;0;4;0;1;2;4;4;-19,072579;-49,002376;SPRF-MG;DEL15-MG;UOP03-DEL15-MG;;;
699524;21/06/2025;s�bado;07:15:00;BA;116;579;NOVA ITARANA;Rea��o tardia ou ineficiente do condutor;Colis�o lateral sentido oposto;Com V�timas Feridas;Pleno dia;Crescente;C�u Claro;Simples;"Aclive;Reta";N�o;4;0;0;2;1;2;2;4;-13,108402;-39,970995;SPRF-BA;DEL03-BA;UOP02-DEL03-BA;;;
699538;21/06/2025;s�bado;11:20:00;MG;50;178,4;UBERABA;Ingest�o de �lcool pelo condutor;Colis�o traseira;Com V�timas Feridas;Pleno dia;Decrescente;C�u Claro;Dupla;Reta;Sim;3;0;1;0;1;1;1;3;-19,7781401;-47,9360727;SPRF-MG;DEL13-MG;UOP01-DEL13-MG;;;
699546;21/06/2025;s�bado;12:08:00;PI;135;351;BOM JESUS;Aus�ncia de rea��o do condutor;Tombamento;Com V�timas Feridas;Pleno dia;Decrescente;C�u Claro;Dupla;Reta;Sim;1;0;1;0;0;0;1;1;-9,07542535;-44,35270697;SPRF-PI;DEL03-PI;UOP02-DEL03-PI;;;
699548;21/06/2025;s�bado;07:30:00;BA;101;486;AURELINO LEAL;Transitar na contram�o;Colis�o lateral sentido oposto;Com V�timas Feridas;Pleno dia;Decrescente;C�u Claro;Simples;Curva;N�o;3;0;2;0;0;1;2;2;-14,33401654;-39,31747332;SPRF-BA;DEL05-BA;UOP01-DEL05-BA;;;
699550;19/06/2025;quinta-feira;13:00:00;GO;158;154;CAIAPONIA;Velocidade Incompat�vel;Tombamento;Com V�timas Feridas;Pleno dia;Crescente;C�u Claro;Simples;Interse��o de Vias;Sim;2;0;1;0;0;2;1;3;-16,93296313;-51,82429075;SPRF-GO;DEL04-GO;UOP02-DEL04-GO;;;
699554;15/06/2025;domingo;12:00:00;GO;364;363,5;MINEIROS;Ultrapassagem Indevida;Colis�o frontal;Com V�timas Fatais;Pleno dia;Crescente;C�u Claro;Simples;Curva;N�o;4;2;0;0;1;1;0;3;-17,38628;-53,020912;SPRF-GO;DEL05-GO;UOP01-DEL05-GO;;;
699555;21/06/2025;s�bado;13:10:00;BA;116;680,8;JEQUIE;Rea��o tardia ou ineficiente do condutor;Colis�o lateral sentido oposto;Com V�timas Feridas;Pleno dia;Crescente;C�u Claro;Simples;Reta;N�o;4;0;1;0;2;2;1;5;-13,909557;-40,150885;SPRF-BA;DEL03-BA;UOP01-DEL03-BA;;;
699557;23/05/2025;sexta-feira;00:37:00;MG;153;38;CANAPOLIS;Rea��o tardia ou ineficiente do condutor;Sa�da de leito carro��vel;Com V�timas Feridas;Plena Noite;Decrescente;C�u Claro;M�ltipla;Reta;N�o;2;0;1;0;0;1;1;2;-18,7252751;-49,11849976;SPRF-MG;DEL15-MG;UOP03-DEL15-MG;;;
699562;21/06/2025;s�bado;13:55:00;BA;116;632,9;JAGUAQUARA;Acessar a via sem observar a presen�a dos outros ve�culos;Colis�o transversal;Com V�timas Feridas;Pleno dia;Decrescente;Sol;M�ltipla;Interse��o de Vias;Sim;3;0;2;0;1;0;2;2;-13,52084;-40,05956;SPRF-BA;DEL03-BA;UOP01-DEL03-BA;;;
699570;21/06/2025;s�bado;11:40:00;PR;476;224;LAPA;Ultrapassagem Indevida;Colis�o lateral mesmo sentido;Com V�timas Feridas;Pleno dia;Crescente;C�u Claro;Simples;Reta;N�o;3;0;1;0;1;1;1;3;-25,8515111;-49,9479092;SPRF-PR;DEL01-PR;UOP06-DEL01-PR;;;
699572;21/06/2025;s�bado;13:48:00;PE;232;13,3;JABOATAO DOS GUARARAPES;Acessar a via sem observar a presen�a dos outros ve�culos;Colis�o traseira;Com V�timas Feridas;Pleno dia;Decrescente;C�u Claro;Dupla;"Reta;Aclive";N�o;2;0;1;0;1;0;1;2;-8,0886;-35,01468;SPRF-PE;DEL01-PE;UOP01-DEL01-PE;;;
699574;21/06/2025;s�bado;15:10:00;GO;153;517,5;HIDROLANDIA;Aus�ncia de rea��o do condutor;Colis�o lateral mesmo sentido;Sem V�timas;Pleno dia;Decrescente;C�u Claro;Dupla;"Reta;Declive";N�o;3;0;0;0;1;2;0;3;-16,852268;-49,247255;SPRF-GO;DEL01-GO;UOP03-DEL01-GO;;;
699575;21/06/2025;s�bado;12:50:00;CE;116;315;JAGUARIBE;Fuma�a;Colis�o traseira;Com V�timas Feridas;Pleno dia;Crescente;C�u Claro;Simples;Reta;N�o;3;0;0;1;2;0;1;3;-5,8667166;-38,5945485;SPRF-CE;DEL05-CE;UOP02-DEL05-CE;;;
699589;21/05/2025;quarta-feira;16:01:00;ES;101;362,5;ANCHIETA;Condutor deixou de manter dist�ncia do ve�culo da frente;Colis�o traseira;Com V�timas Feridas;Pleno dia;Decrescente;C�u Claro;Simples;Reta;N�o;4;0;0;1;3;0;1;3;-20,717532;-40,732352;SPRF-ES;DEL03-ES;UOP01-DEL03-ES;;;
699593;21/06/2025;s�bado;17:30:00;MG;381;341,7;JOAO MONLEVADE;Ingest�o de �lcool pelo condutor;Colis�o frontal;Com V�timas Feridas;Anoitecer;Crescente;C�u Claro;Simples;Curva;N�o;4;0;1;0;2;1;1;3;-19,858;-43,108;SPRF-MG;DEL03-MG;UOP01-DEL03-MG;;;
699609;21/06/2025;s�bado;19:20:00;SC;153;79,6;IRANI;Aus�ncia de rea��o do condutor;Sa�da de leito carro��vel;Sem V�timas;Plena Noite;Decrescente;Nublado;Simples;Curva;N�o;2;0;0;0;1;2;0;3;-27,11898742;-51,91565752;SPRF-SC;DEL07-SC;UOP04-DEL07-SC;;;
699612;21/06/2025;s�bado;16:20:00;MG;262;644;IBIA;Ingest�o de �lcool pelo condutor;Colis�o transversal;Sem V�timas;Pleno dia;Crescente;Sol;Simples;"Reta;Aclive";N�o;3;0;0;0;2;2;0;4;-19,53017104;-46,77802026;SPRF-MG;DEL08-MG;UOP01-DEL08-MG;;;
699626;21/06/2025;s�bado;21:00:00;PR;369;147;LONDRINA;Chuva;Sa�da de leito carro��vel;Com V�timas Feridas;Plena Noite;Decrescente;Chuva;Dupla;Reta;Sim;1;0;0;1;0;0;1;1;-23,29317593;-51,13221499;SPRF-PR;DEL07-PR;UOP01-DEL07-PR;;;
699628;21/06/2025;s�bado;06:31:00;PA;163;105;ALTAMIRA;Rea��o tardia ou ineficiente do condutor;Tombamento;Com V�timas Feridas;Pleno dia;Crescente;C�u Claro;Simples;Reta;N�o;3;0;1;0;0;3;1;3;-8,72783879;-54,97313976;SPRF-MT;DEL06-MT;UOP03-DEL06-MT;;;
699629;21/06/2025;s�bado;20:40:00;SP;153;5,1;ICEM;Ingest�o de �lcool pelo condutor;Colis�o frontal;Com V�timas Feridas;Plena Noite;Crescente;C�u Claro;Simples;Curva;N�o;4;0;1;0;2;1;1;3;-20,351101;-49,214525;SPRF-SP;DEL09-SP;UOP01-DEL09-SP;;;
699630;21/06/2025;s�bado;21:00:00;BA;116;487;RAFAEL JAMBEIRO;Aus�ncia de rea��o do condutor;Colis�o traseira;Com V�timas Feridas;Plena Noite;Crescente;C�u Claro;Dupla;Reta;N�o;3;0;1;0;1;2;1;4;-12,552025;-39,455973;SPRF-BA;DEL02-BA;UOP01-DEL02-BA;;;
699637;21/06/2025;s�bado;20:45:00;PE;423;83;JUCATI;Ingest�o de �lcool pelo condutor;Colis�o frontal;Com V�timas Fatais;Plena Noite;Crescente;Nublado;Simples;Declive;N�o;4;1;0;2;0;1;2;2;-8,797247;-36,437802;SPRF-PE;DEL03-PE;UOP01-DEL03-PE;;;
699647;21/06/2025;s�bado;21:35:00;PE;232;270;SERTANIA;Pedestre andava na pista;Atropelamento de Pedestre;Com V�timas Fatais;Plena Noite;Crescente;C�u Claro;Simples;Reta;N�o;3;1;0;0;2;0;0;2;-8,39887;-37,22122;SPRF-PE;DEL04-PE;UOP02-DEL04-PE;;;
699650;21/06/2025;s�bado;20:50:00;RS;386;384;TABAI;Ingest�o de �lcool pelo condutor;Colis�o traseira;Com V�timas Feridas;Plena Noite;Crescente;Nublado;Dupla;Reta;Sim;3;0;1;0;1;2;1;4;-29,67628448;-51,73134182;SPRF-RS;DEL04-RS;UOP01-DEL04-RS;;;
699665;21/06/2025;s�bado;20:05:00;MT;163;768;SORRISO;Condutor deixou de manter dist�ncia do ve�culo da frente;Colis�o traseira;Com V�timas Feridas;Plena Noite;Crescente;C�u Claro;Simples;Reta;N�o;5;0;1;0;2;2;1;5;-12,42662312;-55,64256549;SPRF-MT;DEL06-MT;UOP01-DEL06-MT;;;
699670;04/04/2025;sexta-feira;04:30:00;SP;116;67,8;APARECIDA;Demais falhas mec�nicas ou el�tricas;Inc�ndio;Sem V�timas;Plena Noite;Decrescente;Nublado;Dupla;Reta;Sim;2;0;0;0;1;1;0;2;-22,83206124;-45,21524191;SPRF-SP;DEL08-SP;UOP01-DEL08-SP;;;
699689;22/06/2025;domingo;03:00:00;MG;40;666,9;CARANDAI;Acessar a via sem observar a presen�a dos outros ve�culos;Colis�o transversal;Com V�timas Feridas;Plena Noite;Crescente;Nevoeiro/Neblina;Simples;"Interse��o de Vias;Rotat�ria";N�o;2;0;0;1;1;0;1;2;-20,94834;-43,797075;SPRF-MG;DEL05-MG;UOP02-DEL05-MG;;;