id;data_inversa;dia_semana;horario;uf;br;km;municipio;causa_acidente;tipo_acidente;classificacao_acidente;fase_dia;sentido_via;condicao_metereologica;tipo_pista;tracado_via;uso_solo;pessoas;mortos;feridos_leves;feridos_graves;ilesos;ignorados;feridos;veiculos;latitude;longitude;regional;delegacia;uop;;;
699690;22/06/2025;domingo;04:30:00;SP;116;324;JUQUITIBA;Aus�ncia de rea��o do condutor;Colis�o lateral mesmo sentido;Sem V�timas;Plena Noite;Decrescente;Garoa/Chuvisco;Dupla;Reta;N�o;3;0;0;0;3;0;0;3;-23,9239912;-46,9919999;SPRF-SP;DEL04-SP;UOP03-DEL04-SP;;;
699691;21/06/2025;s�bado;15:15:00;GO;153;278;NOVA GLORIA;Rea��o tardia ou ineficiente do condutor;Colis�o traseira;Com V�timas Feridas;Pleno dia;Crescente;C�u Claro;Simples;"Declive;Reta";N�o;3;0;1;0;2;0;1;2;-15,135127;-49,518977;SPRF-GO;DEL07-GO;UOP02-DEL07-GO;;;
699696;22/06/2025;domingo;05:30:00;GO;50;265,5;CATALAO;Rea��o tardia ou ineficiente do condutor;Tombamento;Com V�timas Feridas;Amanhecer;Decrescente;C�u Claro;Dupla;Reta;N�o;2;0;0;1;0;1;1;2;-18,1953412;-47,9669889;SPRF-GO;DEL06-GO;UOP01-DEL06-GO;;;
699709;22/06/2025;domingo;06:00:00;PR;376;648,5;TIJUCAS DO SUL;Aus�ncia de rea��o do condutor;Colis�o transversal;Sem V�timas;Pleno dia;Decrescente;Garoa/Chuvisco;Dupla;"Reta;Aclive";N�o;3;0;0;0;2;2;0;4;-25,8474117;-49,0973436;SPRF-PR;DEL01-PR;UOP04-DEL01-PR;;;
699727;22/06/2025;domingo;08:40:00;MG;262;909,1;CAMPO FLORIDO;Condutor Dormindo;Sa�da de leito carro��vel;Com V�timas Fatais;Pleno dia;Crescente;C�u Claro;Dupla;Curva;N�o;2;1;0;0;0;1;0;2;-19,65316;-48,823444;SPRF-MG;DEL13-MG;UOP02-DEL13-MG;;;
699740;22/06/2025;domingo;10:45:00;PA;163;644;ITAITUBA;Rea��o tardia ou ineficiente do condutor;Colis�o frontal;Com V�timas Feridas;Pleno dia;Crescente;Nublado;Simples;"Reta;Declive";N�o;3;0;0;1;1;4;1;6;-4,555413;-55,919477;SPRF-PA;DEL05-PA;UOP02-DEL05-PA;;;
699743;22/06/2025;domingo;09:10:00;MG;116;515,1;UBAPORANGA;Rea��o tardia ou ineficiente do condutor;Tombamento;Com V�timas Feridas;Pleno dia;Crescente;Sol;Simples;Curva;N�o;2;0;2;0;0;0;2;1;-19,68778501;-42,11758577;SPRF-MG;DEL06-MG;UOP02-DEL06-MG;;;
699756;22/06/2025;domingo;12:45:00;MG;40;291;TRES MARIAS;Aus�ncia de rea��o do condutor;Colis�o transversal;Sem V�timas;Pleno dia;Decrescente;C�u Claro;Simples;Reta;Sim;3;0;0;0;2;3;0;5;-18,33781693;-45,10291636;SPRF-MG;DEL14-MG;UOP02-DEL14-MG;;;
699762;22/06/2025;domingo;10:00:00;GO;20;64,7;FORMOSA;Rea��o tardia ou ineficiente do condutor;Sa�da de leito carro��vel;Sem V�timas;Pleno dia;Crescente;C�u Claro;Simples;Reta;Sim;2;0;0;0;1;1;0;2;-15,21562028;-47,15837038;SPRF-DF;DEL02-DF;UOP02-DEL02-DF;;;
699775;22/06/2025;domingo;14:20:00;SC;470;67,3;INDAIAL;Rea��o tardia ou ineficiente do condutor;Colis�o traseira;Com V�timas Feridas;Pleno dia;Decrescente;Chuva;Dupla;Reta;Sim;5;0;1;1;3;0;2;4;-26,87246189;-49,23171043;SPRF-SC;DEL04-SC;UOP01-DEL04-SC;;;
699783;07/05/2025;quarta-feira;04:30:00;MG;153;0;ARAPORA;Demais falhas mec�nicas ou el�tricas;Engavetamento;Com V�timas Fatais;Plena Noite;Crescente;C�u Claro;Simples;Ponte;Sim;4;1;0;0;2;6;0;9;-18,41887021;-49,19454575;SPRF-MG;DEL15-MG;UOP03-DEL15-MG;;;
699802;22/06/2025;domingo;16:20:00;RJ;116;262,8;PINHEIRAL;Aus�ncia de rea��o do condutor;Colis�o traseira;Com V�timas Feridas;Pleno dia;Crescente;Nublado;Dupla;Aclive;Sim;3;0;1;0;1;1;1;3;-22,58911997;-44,06293273;SPRF-RJ;DEL07-RJ;UOP02-DEL07-RJ;;;
699805;22/06/2025;domingo;09:00:00;BA;324;613;SALVADOR;Condutor Dormindo;Colis�o traseira;Com V�timas Feridas;Pleno dia;Crescente;Nublado;Dupla;Reta;Sim;4;0;1;0;2;1;1;3;-12,87038017;-38,42639923;SPRF-BA;DEL01-BA;UOP01-DEL01-BA;;;
699812;22/06/2025;domingo;17:40:00;MG;381;587,2;CARMOPOLIS DE MINAS;Aus�ncia de rea��o do condutor;Colis�o lateral mesmo sentido;Com V�timas Feridas;Anoitecer;Crescente;Ignorado;Dupla;"Aclive;Curva";N�o;7;0;5;0;1;2;5;4;-20,527026;-44,636814;SPRF-MG;DEL04-MG;UOP01-DEL04-MG;;;
699816;22/06/2025;domingo;18:00:00;ES;101;285;CARIACICA;Desrespeitar a prefer�ncia no cruzamento;Colis�o transversal;Com V�timas Feridas;Plena Noite;Crescente;C�u Claro;Dupla;"Aclive;Reta;Retorno Regulamentado";Sim;2;0;1;0;1;0;1;2;-20,263947;-40,3782337;SPRF-ES;DEL01-ES;UOP01-DEL01-ES;;;
699832;22/06/2025;domingo;16:55:00;SP;116;507;BARRA DO TURVO;Rea��o tardia ou ineficiente do condutor;Tombamento;Com V�timas Feridas;Anoitecer;Decrescente;C�u Claro;Dupla;Curva;N�o;2;0;1;0;0;1;1;2;-24,9288386;-48,2715828;SPRF-SP;DEL05-SP;UOP02-DEL05-SP;;;
699838;22/06/2025;domingo;16:35:00;SC;282;63,9;RANCHO QUEIMADO;Velocidade Incompat�vel;Colis�o frontal;Com V�timas Fatais;Pleno dia;Decrescente;Chuva;Simples;"Declive;Curva";N�o;5;1;3;0;1;0;3;2;-27,696318;-49,052074;SPRF-SC;DEL01-SC;UOP03-DEL01-SC;;;
699841;22/06/2025;domingo;17:30:00;MG;153;40;CANAPOLIS;Rea��o tardia ou ineficiente do condutor;Tombamento;Com V�timas Feridas;Anoitecer;Decrescente;C�u Claro;Dupla;Reta;N�o;3;0;2;0;0;1;2;2;-18,74365576;-49,09296767;SPRF-MG;DEL15-MG;UOP03-DEL15-MG;;;
699843;22/06/2025;domingo;14:10:00;BA;101;98;ALAGOINHAS;Acessar a via sem observar a presen�a dos outros ve�culos;Colis�o lateral mesmo sentido;Com V�timas Feridas;Pleno dia;Decrescente;C�u Claro;Simples;Reta;N�o;4;0;3;0;1;0;3;2;-12,077573;-38,34432;SPRF-BA;DEL01-BA;UOP04-DEL01-BA;;;
699867;22/06/2025;domingo;18:23:00;AC;364;141;RIO BRANCO;Rea��o tardia ou ineficiente do condutor;Colis�o traseira;Com V�timas Feridas;Plena Noite;Decrescente;C�u Claro;Dupla;Reta;N�o;2;0;1;0;1;0;1;2;-9,9381092;-67,88019843;SPRF-AC;DEL01-AC;UOP01-DEL01-AC;;;
699871;22/06/2025;domingo;18:30:00;SC;280;152;MAFRA;Acumulo de areia ou detritos sobre o pavimento;Colis�o frontal;Com V�timas Feridas;Plena Noite;Decrescente;Nublado;Simples;"Curva;Declive";N�o;4;0;2;0;2;0;2;2;-26,20771653;-49,73613136;SPRF-SC;DEL06-SC;UOP03-DEL06-SC;;;
699873;22/06/2025;domingo;21:30:00;SP;116;288;ITAPECERICA DA SERRA;Entrada inopinada do pedestre;Atropelamento de Pedestre;Com V�timas Feridas;Plena Noite;Crescente;C�u Claro;Dupla;Reta;Sim;3;0;0;1;1;1;1;3;-23,70654486;-46,87419891;SPRF-SP;DEL04-SP;UOP01-DEL04-SP;;;
699888;22/06/2025;domingo;18:00:00;RO;435;25;VILHENA;Demais falhas mec�nicas ou el�tricas;Inc�ndio;Sem V�timas;Anoitecer;Crescente;C�u Claro;Simples;Reta;N�o;2;0;0;0;1;3;0;4;-12,78503531;-60,34771443;SPRF-RO;DEL04-RO;UOP02-DEL04-RO;;;
699889;22/06/2025;domingo;23:20:00;MG;459;70,8;SENADOR JOSE BENTO;Velocidade Incompat�vel;Tombamento;Com V�timas Feridas;Plena Noite;Crescente;C�u Claro;Simples;"Curva;Declive";N�o;1;0;0;1;0;0;1;1;-22,133661;-46,173142;SPRF-MG;DEL09-MG;UOP01-DEL09-MG;;;
699895;22/06/2025;domingo;22:50:00;SP;116;555,5;BARRA DO TURVO;Aus�ncia de rea��o do condutor;Colis�o lateral mesmo sentido;Sem V�timas;Plena Noite;Decrescente;Nublado;Simples;Reta;N�o;3;0;0;0;3;0;0;2;-24,98380186;-48,50541115;SPRF-SP;DEL05-SP;UOP02-DEL05-SP;;;
699897;22/06/2025;domingo;23:00:00;RJ;116;317;ITATIAIA;Acessar a via sem observar a presen�a dos outros ve�culos;Colis�o lateral mesmo sentido;Com V�timas Feridas;Plena Noite;Decrescente;C�u Claro;Simples;Interse��o de Vias;N�o;3;0;2;0;1;0;2;2;-22,49283711;-44,56363678;SPRF-RJ;DEL07-RJ;UOP02-DEL07-RJ;;;
699902;23/06/2025;segunda-feira;01:30:00;MG;40;730,4;OLIVEIRA FORTES;Velocidade Incompat�vel;Tombamento;Com V�timas Feridas;Plena Noite;Crescente;Nublado;Dupla;"Curva;Aclive";N�o;2;0;1;0;0;1;1;2;-21,3573983;-43,58143078;SPRF-MG;DEL05-MG;UOP01-DEL05-MG;;;
699905;23/06/2025;segunda-feira;01:10:00;MT;364;368;SANTO ANTONIO DO LEVERGER;Condutor Dormindo;Colis�o traseira;Com V�timas Feridas;Plena Noite;Crescente;C�u Claro;Dupla;Reta;N�o;3;0;1;0;1;3;1;5;-15,70384543;-55,81547785;SPRF-MT;DEL01-MT;UOP02-DEL01-MT;;;
699912;23/06/2025;segunda-feira;04:40:00;PE;316;87;OURICURI;Aus�ncia de rea��o do condutor;Colis�o lateral sentido oposto;Com V�timas Fatais;Amanhecer;Crescente;C�u Claro;Simples;Reta;N�o;8;1;2;2;1;3;4;5;-7,89880226;-40,03951259;SPRF-PE;DEL05-PE;UOP02-DEL05-PE;;;
699918;23/06/2025;segunda-feira;06:50:00;MG;381;341;JOAO MONLEVADE;Aus�ncia de rea��o do condutor;Sa�da de leito carro��vel;Com V�timas Feridas;Pleno dia;Decrescente;C�u Claro;Simples;Reta;N�o;2;0;1;0;0;1;1;2;-19,85735841;-43,10863495;SPRF-MG;DEL03-MG;UOP01-DEL03-MG;;;
699924;23/06/2025;segunda-feira;05:40:00;MG;262;478,1;BOM DESPACHO;Demais falhas mec�nicas ou el�tricas;Inc�ndio;Sem V�timas;Amanhecer;Decrescente;C�u Claro;Simples;Curva;Sim;2;0;0;0;1;1;0;2;-19,781986;-45,263528;SPRF-MG;DEL08-MG;UOP03-DEL08-MG;;;
699927;23/06/2025;segunda-feira;07:15:00;MG;40;510;RIBEIRAO DAS NEVES;Acessar a via sem observar a presen�a dos outros ve�culos;Colis�o transversal;Com V�timas Feridas;Pleno dia;Decrescente;C�u Claro;Dupla;Reta;N�o;4;0;2;0;2;0;2;2;-19,77865156;-44,11988206;SPRF-MG;DEL01-MG;UOP02-DEL01-MG;;;
699928;23/06/2025;segunda-feira;03:34:00;RO;364;338;JI-PARANA;Condutor Dormindo;Sa�da de leito carro��vel;Sem V�timas;Plena Noite;Decrescente;C�u Claro;Dupla;Curva;Sim;1;0;0;0;0;1;0;1;-10,915802;-61,929884;SPRF-RO;DEL02-RO;UOP01-DEL02-RO;;;
699941;23/06/2025;segunda-feira;06:20:00;PR;153;470,8;PORTO VITORIA;Velocidade Incompat�vel;Colis�o frontal;Com V�timas Fatais;Plena Noite;Crescente;Chuva;Simples;"Curva;Declive";N�o;6;1;2;2;1;0;4;2;-26,30982172;-51,21601;SPRF-PR;DEL02-PR;UOP03-DEL02-PR;;;
699943;23/06/2025;segunda-feira;06:00:00;MT;364;372;SANTO ANTONIO DO LEVERGER;Aus�ncia de rea��o do condutor;Colis�o traseira;Com V�timas Fatais;Pleno dia;Decrescente;C�u Claro;Dupla;Reta;Sim;3;1;0;0;1;1;0;3;-15,70404375;-55,84466029;SPRF-MT;DEL01-MT;UOP02-DEL01-MT;;;
699944;23/06/2025;segunda-feira;08:45:00;RS;293;170,5;HULHA NEGRA;Pista esburacada;Colis�o frontal;Com V�timas Feridas;Pleno dia;Decrescente;C�u Claro;Simples;Reta;N�o;5;0;1;1;3;0;2;2;-31,3368404;-53,96691509;SPRF-RS;DEL11-RS;UOP03-DEL11-RS;;;
699948;23/06/2025;segunda-feira;06:10:00;BA;242;424;SEABRA;Manobra de mudan�a de faixa;Colis�o traseira;Com V�timas Fatais;Pleno dia;Crescente;Nublado;Simples;Reta;N�o;7;1;3;1;2;0;4;4;-12,41881;-41,84126;SPRF-BA;DEL06-BA;UOP01-DEL06-BA;;;
699949;23/06/2025;segunda-feira;08:00:00;SC;101;450;SAO JOAO DO SUL;Condutor usando celular;Colis�o traseira;Com V�timas Feridas;Pleno dia;Crescente;C�u Claro;Dupla;Curva;N�o;3;0;1;0;1;2;1;4;-29,18072;-49,754975;SPRF-SC;DEL02-SC;UOP02-DEL02-SC;;;
699951;06/06/2025;sexta-feira;09:40:00;SP;116;61,2;GUARATINGUETA;Condutor deixou de manter dist�ncia do ve�culo da frente;Engavetamento;Com V�timas Feridas;Pleno dia;Crescente;Sol;Dupla;"Reta;Aclive";N�o;6;0;2;0;3;1;2;5;-22,79960433;-45,16877532;SPRF-SP;DEL08-SP;UOP01-DEL08-SP;;;
699963;23/06/2025;segunda-feira;08:50:00;GO;80;139;BARRO ALTO;Aus�ncia de rea��o do condutor;Tombamento;Com V�timas Fatais;Pleno dia;Decrescente;C�u Claro;Simples;Reta;N�o;2;1;0;1;0;0;1;1;-14,924537;-48,94986;SPRF-GO;DEL07-GO;UOP02-DEL07-GO;;;
699968;23/06/2025;segunda-feira;08:50:00;MT;70;694;CACERES;Velocidade Incompat�vel;Tombamento;Com V�timas Feridas;Pleno dia;Crescente;C�u Claro;Simples;Curva;N�o;2;0;1;0;0;1;1;2;-16,15268762;-57,35275269;SPRF-MT;DEL03-MT;UOP01-DEL03-MT;;;
699970;23/06/2025;segunda-feira;10:15:00;MG;381;451,4;SABARA;Rea��o tardia ou ineficiente do condutor;Colis�o lateral sentido oposto;Com V�timas Feridas;Pleno dia;Decrescente;C�u Claro;Simples;Curva;Sim;5;0;2;0;2;1;2;3;-19,83447;-43,84992;SPRF-MG;DEL01-MG;UOP01-DEL01-MG;;;
699972;23/06/2025;segunda-feira;10:00:00;SC;101;105,7;PENHA;Chuva;Sa�da de leito carro��vel;Com V�timas Feridas;Pleno dia;Crescente;Chuva;M�ltipla;Rotat�ria;N�o;1;0;1;0;0;0;1;1;-26,80765732;-48,68135802;SPRF-SC;DEL03-SC;UOP02-DEL03-SC;;;
699984;23/06/2025;segunda-feira;11:00:00;RJ;493;64;NOVA IGUACU;Condutor deixou de manter dist�ncia do ve�culo da frente;Colis�o traseira;Com V�timas Feridas;Pleno dia;Crescente;C�u Claro;Dupla;Reta;N�o;3;0;2;0;1;0;2;2;-22,68376117;-43,4167227;SPRF-RJ;DEL01-RJ;UOP03-DEL01-RJ;;;
699985;23/06/2025;segunda-feira;10:45:00;SP;153;201,4;GETULINA;Rea��o tardia ou ineficiente do condutor;Sa�da de leito carro��vel;Com V�timas Feridas;Pleno dia;Decrescente;Chuva;Simples;"Declive;Reta";N�o;1;0;1;0;0;0;1;1;-21,85179409;-49,90534957;SPRF-SP;DEL07-SP;UOP01-DEL07-SP;;;
699988;23/06/2025;segunda-feira;12:30:00;RJ;116;29,5;SAPUCAIA;Velocidade Incompat�vel;Colis�o transversal;Com V�timas Fatais;Pleno dia;Crescente;C�u Claro;Simples;Curva;N�o;4;1;1;1;1;0;2;2;-22,06401;-42,79503;SPRF-RJ;DEL05-RJ;UOP01-DEL05-RJ;;;
699990;23/06/2025;segunda-feira;08:30:00;MG;116;405,5;GOVERNADOR VALADARES;Aus�ncia de rea��o do condutor;Colis�o lateral sentido oposto;Com V�timas Feridas;Pleno dia;Crescente;C�u Claro;Simples;Curva;N�o;5;0;3;1;0;1;4;4;-18,81557063;-41,98366351;SPRF-MG;DEL06-MG;UOP01-DEL06-MG;;;
699992;23/06/2025;segunda-feira;13:00:00;SP;381;86;SAO PAULO;Rea��o tardia ou ineficiente do condutor;Colis�o traseira;Sem V�timas;Pleno dia;Crescente;Chuva;Dupla;Reta;Sim;2;0;0;0;2;0;0;2;-23,46501783;-46,57173157;SPRF-SP;DEL03-SP;UOP01-DEL03-SP;;;
699994;23/06/2025;segunda-feira;12:07:00;MG;381;915;CAMANDUCAIA;Demais falhas mec�nicas ou el�tricas;Inc�ndio;Sem V�timas;Pleno dia;Crescente;Chuva;Dupla;Curva;N�o;1;0;0;0;1;0;0;1;-22,72805714;-46,13399506;SPRF-MG;DEL16-MG;UOP03-DEL16-MG;;;
700011;09/05/2025;sexta-feira;03:00:00;MG;381;896,2;CAMBUI;Aus�ncia de rea��o do condutor;Engavetamento;Com V�timas Feridas;Plena Noite;Decrescente;Nevoeiro/Neblina;Dupla;Reta;N�o;12;0;2;5;3;4;7;9;-22,61363452;-46,05771303;SPRF-MG;DEL16-MG;UOP01-DEL16-MG;;;
700018;23/06/2025;segunda-feira;13:20:00;RO;364;178,5;PIMENTA BUENO;Rea��o tardia ou ineficiente do condutor;Sa�da de leito carro��vel;Com V�timas Feridas;Pleno dia;Decrescente;Chuva;Simples;Reta;N�o;2;0;1;0;0;1;1;2;-11,788085;-61,065523;SPRF-RO;DEL02-RO;UOP02-DEL02-RO;;;
700022;20/06/2025;sexta-feira;10:00:00;MT;174;561;COMODORO;Demais falhas mec�nicas ou el�tricas;Sa�da de leito carro��vel;Com V�timas Feridas;Pleno dia;Decrescente;C�u Claro;Simples;Curva;N�o;1;0;1;0;0;0;1;1;-13,56684729;-59,82032781;SPRF-MT;DEL04-MT;UOP02-DEL04-MT;;;
700028;23/06/2025;segunda-feira;15:50:00;CE;20;403;CAUCAIA;Acessar a via sem observar a presen�a dos outros ve�culos;Colis�o transversal;Com V�timas Feridas;Pleno dia;Crescente;C�u Claro;Simples;"Reta;Interse��o de Vias;Retorno Regulamentado";N�o;3;0;0;2;1;0;2;2;-3,77856877;-38,68648617;SPRF-CE;DEL01-CE;UOP01-DEL01-CE;;;
700030;28/03/2025;sexta-feira;03:00:00;SC;101;22;JOINVILLE;Rea��o tardia ou ineficiente do condutor;Colis�o traseira;Com V�timas Feridas;Plena Noite;Crescente;Nublado;Dupla;Reta;N�o;3;0;0;1;1;2;1;4;-26,162547;-48,90712;SPRF-SC;DEL03-SC;UOP01-DEL03-SC;;;
700039;21/06/2025;s�bado;00:30:00;MG;50;43;ARAGUARI;Acessar a via sem observar a presen�a dos outros ve�culos;Colis�o transversal;Com V�timas Feridas;Plena Noite;Decrescente;C�u Claro;Dupla;Retorno Regulamentado;N�o;4;0;1;1;1;1;2;3;-18,70004607;-48,18630457;SPRF-MG;DEL15-MG;UOP02-DEL15-MG;;;
700041;12/06/2025;quinta-feira;01:50:00;MG;381;771,4;CAMPANHA;Velocidade Incompat�vel;Colis�o traseira;Com V�timas Feridas;Plena Noite;Crescente;Nevoeiro/Neblina;Dupla;Reta;N�o;4;0;2;0;1;3;2;5;-21,76753927;-45,41907585;SPRF-MG;DEL16-MG;UOP02-DEL16-MG;;;
700044;22/05/2025;quinta-feira;12:20:00;RS;448;19;CANOAS;Aus�ncia de rea��o do condutor;Colis�o traseira;Com V�timas Feridas;Pleno dia;Crescente;C�u Claro;Dupla;Reta;Sim;7;0;4;0;3;0;4;3;-29,95407725;-51,20282523;SPRF-RS;DEL01-RS;UOP01-DEL01-RS;;;
700055;23/06/2025;segunda-feira;18:00:00;SC;280;26,9;SAO FRANCISCO DO SUL;Acessar a via sem observar a presen�a dos outros ve�culos;Colis�o transversal;Com V�timas Feridas;Plena Noite;Decrescente;C�u Claro;Simples;Reta;Sim;3;0;1;0;2;0;1;2;-26,3706255;-48,5958483;SPRF-SC;DEL03-SC;UOP03-DEL03-SC;;;
700057;23/06/2025;segunda-feira;17:28:00;PR;116;78,1;PIRAQUARA;Chuva;Sa�da de leito carro��vel;Sem V�timas;Anoitecer;Crescente;Chuva;Dupla;Curva;N�o;2;0;0;0;1;1;0;2;-25,402687;-49,059223;SPRF-PR;DEL01-PR;UOP02-DEL01-PR;;;
700063;23/06/2025;segunda-feira;16:38:00;MG;146;427,8;MUZAMBINHO;Condutor deixou de manter dist�ncia do ve�culo da frente;Colis�o traseira;Com V�timas Feridas;Pleno dia;Decrescente;Chuva;Simples;"Reta;Aclive";N�o;2;0;1;0;1;0;1;2;-21,3859715;-46,4486651;SPRF-MG;DEL09-MG;UOP01-DEL09-MG;;;
700064;23/06/2025;segunda-feira;16:50:00;GO;60;454;JATAI;Acumulo de �gua sobre o pavimento;Sa�da de leito carro��vel;Com V�timas Feridas;Anoitecer;Crescente;Chuva;Dupla;Curva;N�o;1;0;1;0;0;0;1;1;-17,86435978;-51,56656265;SPRF-GO;DEL05-GO;UOP01-DEL05-GO;;;
700068;23/06/2025;segunda-feira;18:54:00;DF;40;0,1;BRASILIA;Rea��o tardia ou ineficiente do condutor;Colis�o lateral mesmo sentido;Com V�timas Feridas;Plena Noite;Decrescente;C�u Claro;Dupla;Reta;Sim;3;0;1;0;2;0;1;3;-15,97712621;-47,98904658;SPRF-DF;DEL01-DF;UOP01-DEL01-DF;;;
700071;23/06/2025;segunda-feira;18:00:00;ES;101;329,8;GUARAPARI;Convers�o proibida;Colis�o transversal;Com V�timas Feridas;Plena Noite;Decrescente;C�u Claro;Dupla;"Reta;Retorno Regulamentado";N�o;5;0;1;0;4;0;1;2;-20,591389;-40,499247;SPRF-ES;DEL03-ES;UOP01-DEL03-ES;;;
700072;23/06/2025;segunda-feira;16:30:00;RN;406;121;POCO BRANCO;Avarias e/ou desgaste excessivo no pneu;Eventos at�picos;Com V�timas Feridas;Pleno dia;Decrescente;C�u Claro;Simples;Reta;N�o;2;0;1;0;0;1;1;2;-5,604787;-35,614846;SPRF-RN;DEL02-RN;UOP01-DEL02-RN;;;
700073;23/06/2025;segunda-feira;17:40:00;MG;40;375,1;PARAOPEBA;Velocidade Incompat�vel;Tombamento;Com V�timas Feridas;Anoitecer;Crescente;C�u Claro;Simples;Reta;N�o;2;0;0;1;0;1;1;2;-19,17532848;-44,50870514;SPRF-MG;DEL02-MG;UOP01-DEL02-MG;;;
700074;23/06/2025;segunda-feira;16:50:00;PE;428;14;CABROBO;Ingest�o de �lcool pelo condutor;Colis�o transversal;Sem V�timas;Anoitecer;Decrescente;C�u Claro;Simples;Reta;N�o;3;0;0;0;2;1;0;3;-8,500233;-39,34597;SPRF-PE;DEL05-PE;UOP03-DEL05-PE;;;
700080;23/06/2025;segunda-feira;15:00:00;SC;282;578;PINHALZINHO;Condutor deixou de manter dist�ncia do ve�culo da frente;Colis�o traseira;Sem V�timas;Pleno dia;Crescente;C�u Claro;Simples;Rotat�ria;Sim;2;0;0;0;2;0;0;2;-26,852566;-52,979924;SPRF-SC;DEL07-SC;UOP02-DEL07-SC;;;
700081;12/06/2025;quinta-feira;15:30:00;GO;364;313,7;MINEIROS;Ultrapassagem Indevida;Colis�o lateral sentido oposto;Com V�timas Fatais;Pleno dia;Decrescente;C�u Claro;Simples;"Aclive;Curva";N�o;7;2;2;0;2;5;2;8;-17,44985;-52,593751;SPRF-GO;DEL05-GO;UOP01-DEL05-GO;;;
700090;23/06/2025;segunda-feira;13:00:00;PR;376;523;PONTA GROSSA;Aus�ncia de rea��o do condutor;Colis�o traseira;Com V�timas Feridas;Pleno dia;Decrescente;Chuva;Dupla;Curva;N�o;4;0;2;0;1;1;2;3;-25,269665;-49,934691;SPRF-PR;DEL03-PR;UOP04-DEL03-PR;;;
700092;23/06/2025;segunda-feira;19:40:00;PR;376;679;GUARATUBA;Velocidade Incompat�vel;Tombamento;Com V�timas Feridas;Plena Noite;Crescente;Nublado;Dupla;Curva;N�o;2;0;1;0;0;1;1;2;-25,9627283;-48,8981809;SPRF-PR;DEL01-PR;UOP04-DEL01-PR;;;
700094;23/06/2025;segunda-feira;19:20:00;MG;116;773,5;LEOPOLDINA;Pedestre andava na pista;Atropelamento de Pedestre;Com V�timas Feridas;Plena Noite;Crescente;Nublado;Simples;"Declive;Reta";N�o;2;0;0;1;0;1;1;2;-21,542547;-42,655673;SPRF-MG;DEL07-MG;UOP01-DEL07-MG;;;
700097;23/06/2025;segunda-feira;16:00:00;PR;476;67;SAO JOSE DOS PINHAIS;Aus�ncia de rea��o do condutor;Colis�o frontal;Com V�timas Feridas;Pleno dia;Crescente;Garoa/Chuvisco;Simples;Curva;N�o;2;0;1;0;1;0;1;2;-25,5524864;-49,0274816;SPRF-PR;DEL01-PR;UOP01-DEL01-PR;;;
700101;23/06/2025;segunda-feira;21:00:00;MG;50;186;UBERABA;Condutor Dormindo;Colis�o traseira;Com V�timas Feridas;Plena Noite;Decrescente;Chuva;Dupla;Reta;N�o;3;0;1;0;1;3;1;5;-19,818756;-47,894601;SPRF-MG;DEL13-MG;UOP01-DEL13-MG;;;
700104;23/06/2025;segunda-feira;17:58:00;BA;110;46;SANTA BRIGIDA;Ultrapassagem Indevida;Colis�o frontal;Com V�timas Fatais;Plena Noite;Decrescente;C�u Claro;Simples;"Reta;Aclive";N�o;3;1;0;0;1;1;0;3;-9,826767;-38,259888;SPRF-BA;DEL07-BA;UOP01-DEL07-BA;;;
700107;23/06/2025;segunda-feira;17:40:00;MG;40;28;PARACATU;Demais falhas mec�nicas ou el�tricas;Inc�ndio;Sem V�timas;Anoitecer;Crescente;C�u Claro;Simples;Curva;N�o;2;0;0;0;1;1;0;2;-17,143703;-46,94879;SPRF-MG;DEL14-MG;UOP01-DEL14-MG;;;
700109;23/06/2025;segunda-feira;19:15:00;MG;40;316;TRES MARIAS;Demais falhas mec�nicas ou el�tricas;Inc�ndio;Sem V�timas;Plena Noite;Crescente;C�u Claro;Simples;Reta;N�o;2;0;0;0;1;1;0;2;-18,25087208;-45,19432068;SPRF-MG;DEL14-MG;UOP02-DEL14-MG;;;
700113;23/06/2025;segunda-feira;18:00:00;MG;153;203,9;FRUTAL;Condutor deixou de manter dist�ncia do ve�culo da frente;Colis�o traseira;Com V�timas Feridas;Plena Noite;Crescente;Garoa/Chuvisco;Simples;Reta;N�o;3;0;1;0;1;1;1;3;-19,981841;-49,015624;SPRF-MG;DEL13-MG;UOP02-DEL13-MG;;;
700117;23/06/2025;segunda-feira;21:45:00;PR;376;603;CURITIBA;Rea��o tardia ou ineficiente do condutor;Colis�o traseira;Com V�timas Feridas;Plena Noite;Crescente;Nublado;Dupla;"Reta;Aclive";Sim;4;0;2;0;1;3;2;6;-25,5322931;-49,3218367;SPRF-PR;DEL01-PR;UOP03-DEL01-PR;;;
700120;23/06/2025;segunda-feira;19:30:00;BA;116;552,7;MILAGRES;Demais falhas mec�nicas ou el�tricas;Inc�ndio;Sem V�timas;Plena Noite;Crescente;C�u Claro;Simples;Reta;N�o;1;0;0;0;1;0;0;1;-12,923427;-39,878303;SPRF-BA;DEL03-BA;UOP02-DEL03-BA;;;
700122;23/06/2025;segunda-feira;14:30:00;MG;381;163;GOVERNADOR VALADARES;Mal s�bito do condutor;Colis�o frontal;Com V�timas Feridas;Pleno dia;Crescente;C�u Claro;Simples;Reta;N�o;3;0;0;1;1;1;1;3;-18,91811909;-42,01367274;SPRF-MG;DEL06-MG;UOP01-DEL06-MG;;;
700123;23/06/2025;segunda-feira;23:30:00;MG;50;96;UBERLANDIA;Velocidade Incompat�vel;Colis�o traseira;Com V�timas Feridas;Plena Noite;Decrescente;Chuva;Dupla;"Aclive;Reta";N�o;3;0;2;0;1;0;2;2;-19,031743;-48,201924;SPRF-MG;DEL15-MG;UOP01-DEL15-MG;;;