id;data_inversa;dia_semana;horario;uf;br;km;municipio;causa_acidente;tipo_acidente;classificacao_acidente;fase_dia;sentido_via;condicao_metereologica;tipo_pista;tracado_via;uso_solo;pessoas;mortos;feridos_leves;feridos_graves;ilesos;ignorados;feridos;veiculos;latitude;longitude;regional;delegacia;uop;;;
700127;24/06/2025;ter�a-feira;02:30:00;SP;116;213;GUARULHOS;Ingest�o de �lcool pelo condutor;Colis�o lateral mesmo sentido;Sem V�timas;Plena Noite;Crescente;Garoa/Chuvisco;Dupla;Reta;Sim;2;0;0;0;2;0;0;2;-23,44510779;-46,45079466;SPRF-SP;DEL01-SP;UOP01-DEL01-SP;;;
700128;23/06/2025;segunda-feira;23:55:00;MG;251;291,8;SALINAS;Rea��o tardia ou ineficiente do condutor;Sa�da de leito carro��vel;Com V�timas Feridas;Plena Noite;Crescente;C�u Claro;Simples;"Curva;Declive";N�o;3;0;2;0;0;1;2;2;-16,058773;-42,168533;SPRF-MG;DEL12-MG;UOP02-DEL12-MG;;;
700129;24/06/2025;ter�a-feira;00:05:00;MG;381;596,5;CARMOPOLIS DE MINAS;Condutor Dormindo;Sa�da de leito carro��vel;Com V�timas Fatais;Plena Noite;Crescente;C�u Claro;Dupla;Reta;N�o;4;3;0;0;0;2;0;4;-20,5852508;-44,69348699;SPRF-MG;DEL04-MG;UOP01-DEL04-MG;;;
700132;24/06/2025;ter�a-feira;02:55:00;MG;381;688,1;LAVRAS;Aus�ncia de rea��o do condutor;Capotamento;Com V�timas Feridas;Plena Noite;Decrescente;Nublado;Dupla;"Curva;Declive";N�o;6;0;4;0;1;2;4;4;-21,21737985;-45,1265452;SPRF-MG;DEL04-MG;UOP02-DEL04-MG;;;
700134;24/06/2025;ter�a-feira;04:20:00;SC;280;180,6;MAFRA;Rea��o tardia ou ineficiente do condutor;Sa�da de leito carro��vel;Com V�timas Feridas;Plena Noite;Crescente;C�u Claro;Simples;"Curva;Ponte";N�o;2;0;1;0;0;1;1;2;-26,17251;-49,89356;SPRF-SC;DEL06-SC;UOP01-DEL06-SC;;;
700136;24/06/2025;ter�a-feira;04:50:00;MS;163;492,4;CAMPO GRANDE;Acessar a via sem observar a presen�a dos outros ve�culos;Colis�o transversal;Com V�timas Feridas;Amanhecer;Decrescente;C�u Claro;Simples;"Reta;Aclive";N�o;7;0;0;5;1;3;5;5;-20,384;-54,542865;SPRF-MS;DEL01-MS;UOP02-DEL01-MS;;;
700137;24/06/2025;ter�a-feira;05:20:00;SP;381;61;MAIRIPORA;Pista Escorregadia;Engavetamento;Com V�timas Feridas;Amanhecer;Crescente;Garoa/Chuvisco;Dupla;"Curva;Declive";N�o;4;0;1;0;3;0;1;4;-23,29015497;-46,58065796;SPRF-SP;DEL03-SP;UOP01-DEL03-SP;;;
700139;24/06/2025;ter�a-feira;05:40:00;SP;116;411,9;JUQUIA;Condutor Dormindo;Sa�da de leito carro��vel;Sem V�timas;Amanhecer;Decrescente;C�u Claro;Dupla;Reta;N�o;2;0;0;0;1;1;0;2;-24,332093;-47,607708;SPRF-SP;DEL05-SP;UOP01-DEL05-SP;;;
700143;24/06/2025;ter�a-feira;05:53:00;MG;381;929,8;ITAPEVA;Velocidade Incompat�vel;Sa�da de leito carro��vel;Com V�timas Feridas;Amanhecer;Crescente;Chuva;Dupla;Curva;N�o;4;0;2;1;1;0;3;3;-22,77496783;-46,23886279;SPRF-MG;DEL16-MG;UOP03-DEL16-MG;;;
700145;23/06/2025;segunda-feira;17:05:00;MG;381;812,6;CAREACU;Velocidade Incompat�vel;Sa�da de leito carro��vel;Com V�timas Feridas;Anoitecer;Crescente;Chuva;Dupla;"Declive;Curva";N�o;4;0;2;0;1;2;2;4;-22,00940716;-45,67772985;SPRF-MG;DEL16-MG;UOP02-DEL16-MG;;;
700149;24/06/2025;ter�a-feira;05:45:00;SC;116;246,6;LAGES;Pista Escorregadia;Colis�o transversal;Com V�timas Feridas;Amanhecer;Crescente;Nublado;Simples;Reta;Sim;2;0;1;0;0;1;1;2;-27,8073318;-50,3662415;SPRF-SC;DEL05-SC;UOP02-DEL05-SC;;;
700160;12/06/2025;quinta-feira;20:00:00;MT;364;436;VARZEA GRANDE;Rea��o tardia ou ineficiente do condutor;Engavetamento;Com V�timas Feridas;Plena Noite;Crescente;C�u Claro;Dupla;Reta;N�o;5;0;2;0;2;8;2;12;-15,623001;-56,205311;SPRF-MT;DEL01-MT;UOP02-DEL01-MT;;;
700162;24/06/2025;ter�a-feira;08:10:00;ES;101;312;VILA VELHA;Rea��o tardia ou ineficiente do condutor;Colis�o lateral mesmo sentido;Com V�timas Feridas;Pleno dia;Decrescente;C�u Claro;Dupla;Reta;N�o;2;0;1;0;1;0;1;2;-20,437771;-40,4595223;SPRF-ES;DEL01-ES;UOP01-DEL01-ES;;;
700166;24/06/2025;ter�a-feira;06:58:00;MA;135;10;SAO LUIS;Rea��o tardia ou ineficiente do condutor;Colis�o traseira;Sem V�timas;Pleno dia;Decrescente;C�u Claro;Dupla;Reta;Sim;3;0;0;0;2;3;0;5;-2,663082;-44,285688;SPRF-MA;DEL01-MA;UOP01-DEL01-MA;;;
700174;24/06/2025;ter�a-feira;08:00:00;MG;365;407,4;PATOS DE MINAS;Rea��o tardia ou ineficiente do condutor;Colis�o com objeto;Com V�timas Feridas;Pleno dia;Crescente;Chuva;Simples;"Viaduto;Interse��o de Vias";Sim;5;0;3;0;2;0;3;1;-18,637608;-46,4885;SPRF-MG;DEL10-MG;UOP01-DEL10-MG;;;
700175;24/06/2025;ter�a-feira;06:00:00;PR;163;85;CAPANEMA;Aus�ncia de rea��o do condutor;Atropelamento de Pedestre;Com V�timas Fatais;Plena Noite;Crescente;C�u Claro;Simples;Reta;N�o;3;1;0;0;1;1;0;3;-25,68923198;-53,78437185;SPRF-PR;DEL02-PR;UOP02-DEL02-PR;;;
700177;24/06/2025;ter�a-feira;08:35:00;MG;365;419;PATOS DE MINAS;Ultrapassagem Indevida;Colis�o frontal;Com V�timas Fatais;Pleno dia;Crescente;C�u Claro;Dupla;Reta;N�o;6;1;2;1;1;1;3;3;-18,69080566;-46,58700943;SPRF-MG;DEL10-MG;UOP01-DEL10-MG;;;
700180;24/06/2025;ter�a-feira;06:40:00;MS;163;769;COXIM;Condutor Dormindo;Colis�o traseira;Com V�timas Feridas;Amanhecer;Crescente;Nublado;Simples;Reta;N�o;3;0;1;0;1;2;1;4;-18,17082645;-54,66122501;SPRF-MS;DEL06-MS;UOP01-DEL06-MS;;;
700191;24/06/2025;ter�a-feira;07:30:00;SC;282;1;FLORIANOPOLIS;Trafegar com motocicleta (ou similar) entre as faixas;Colis�o traseira;Com V�timas Feridas;Pleno dia;Decrescente;Sol;M�ltipla;Reta;Sim;6;0;1;0;4;1;1;6;-27,6015759;-48,5786325;SPRF-SC;DEL01-SC;UOP01-DEL01-SC;;;
700196;24/06/2025;ter�a-feira;07:15:00;MG;459;101;POUSO ALEGRE;Acessar a via sem observar a presen�a dos outros ve�culos;Colis�o transversal;Com V�timas Feridas;Pleno dia;Crescente;Nublado;Simples;Reta;N�o;3;0;1;0;1;1;1;3;-22,20359714;-45,94963074;SPRF-MG;DEL09-MG;UOP01-DEL09-MG;;;
700197;24/06/2025;ter�a-feira;09:30:00;SC;470;150,1;AGRONOMICA;Velocidade Incompat�vel;Tombamento;Com V�timas Feridas;Pleno dia;Decrescente;C�u Claro;Simples;"Curva;Retorno Regulamentado";Sim;2;0;1;0;0;1;1;2;-27,2566049;-49,7121821;SPRF-SC;DEL04-SC;UOP02-DEL04-SC;;;
700201;24/06/2025;ter�a-feira;09:10:00;PR;116;14,9;CAMPINA GRANDE DO SUL;Rea��o tardia ou ineficiente do condutor;Colis�o lateral mesmo sentido;Com V�timas Fatais;Pleno dia;Crescente;C�u Claro;Dupla;Reta;N�o;3;1;0;0;1;1;0;3;-25,098196;-48,681841;SPRF-PR;DEL01-PR;UOP02-DEL01-PR;;;
700211;24/06/2025;ter�a-feira;11:25:00;PR;376;344;ORTIGUEIRA;Aus�ncia de rea��o do condutor;Tombamento;Sem V�timas;Pleno dia;Decrescente;C�u Claro;Simples;"Aclive;Curva";N�o;2;0;0;0;1;1;0;2;-24,15925712;-50,97260817;SPRF-PR;DEL07-PR;UOP02-DEL07-PR;;;
700215;24/06/2025;ter�a-feira;09:26:00;PR;277;300;PRUDENTOPOLIS;Rea��o tardia ou ineficiente do condutor;Colis�o frontal;Com V�timas Feridas;Pleno dia;Crescente;Sol;Simples;Curva;N�o;2;0;0;1;1;0;1;2;-25,310664;-51,093448;SPRF-PR;DEL08-PR;UOP01-DEL08-PR;;;
700220;24/06/2025;ter�a-feira;11:40:00;PI;316;249;INHUMA;Aus�ncia de rea��o do condutor;Sa�da de leito carro��vel;Com V�timas Feridas;Pleno dia;Decrescente;C�u Claro;Simples;"Reta;Declive";N�o;2;0;0;1;0;1;1;2;-6,76538123;-41,72588826;SPRF-PI;DEL04-PI;UOP02-DEL04-PI;;;
700232;24/06/2025;ter�a-feira;07:30:00;CE;222;3,4;FORTALEZA;Condutor deixou de manter dist�ncia do ve�culo da frente;Colis�o traseira;Com V�timas Feridas;Pleno dia;Decrescente;Sol;Dupla;"Reta;Aclive";Sim;4;0;1;0;2;1;1;4;-3,741057;-38,600637;SPRF-CE;DEL01-CE;UOP01-DEL01-CE;;;
700234;24/06/2025;ter�a-feira;11:20:00;MG;40;141,8;JOAO PINHEIRO;Acessar a via sem observar a presen�a dos outros ve�culos;Colis�o transversal;Com V�timas Feridas;Pleno dia;Decrescente;Nublado;Simples;Curva;Sim;3;0;0;1;1;1;1;3;-17,738628;-46,186983;SPRF-MG;DEL14-MG;UOP01-DEL14-MG;;;
700235;24/06/2025;ter�a-feira;12:30:00;MG;381;921,4;ITAPEVA;Rea��o tardia ou ineficiente do condutor;Colis�o com objeto;Com V�timas Feridas;Pleno dia;Crescente;Chuva;Dupla;"Curva;Declive";N�o;3;0;1;0;1;1;1;3;-22,7672064;-46,2159872;SPRF-MG;DEL16-MG;UOP03-DEL16-MG;;;
700238;13/06/2025;sexta-feira;18:15:00;PI;402;39;PARNAIBA;Rea��o tardia ou ineficiente do condutor;Queda de ocupante de ve�culo;Com V�timas Fatais;Plena Noite;Decrescente;C�u Claro;Simples;Reta;N�o;3;1;0;0;0;2;0;2;-2,95709849;-41,72195435;SPRF-PI;DEL05-PI;UOP01-DEL05-PI;;;
700250;24/06/2025;ter�a-feira;14:55:00;ES;262;32,6;DOMINGOS MARTINS;Transitar na contram�o;Colis�o lateral sentido oposto;Com V�timas Feridas;Pleno dia;Decrescente;Sol;Simples;Curva;N�o;2;0;1;0;1;0;1;2;-20,37759519;-40,58069587;SPRF-ES;DEL01-ES;UOP01-DEL01-ES;;;
700253;24/06/2025;ter�a-feira;11:56:00;AL;423;8,4;OURO BRANCO;Acessar a via sem observar a presen�a dos outros ve�culos;Sa�da de leito carro��vel;Com V�timas Feridas;Pleno dia;Crescente;C�u Claro;Simples;Reta;N�o;3;0;1;0;2;0;1;2;-9,1444502;-37,36389935;SPRF-AL;DEL03-AL;UOP02-DEL03-AL;;;
700254;24/06/2025;ter�a-feira;14:10:00;MS;262;252;RIBAS DO RIO PARDO;Aus�ncia de rea��o do condutor;Sa�da de leito carro��vel;Com V�timas Feridas;Pleno dia;Crescente;C�u Claro;Simples;"Reta;Aclive";N�o;2;0;0;1;0;1;1;2;-20,40632727;-53,87576188;SPRF-MS;DEL01-MS;UOP05-DEL01-MS;;;
700255;24/06/2025;ter�a-feira;15:30:00;RJ;116;119;MAGE;Rea��o tardia ou ineficiente do condutor;Colis�o traseira;Com V�timas Feridas;Pleno dia;Decrescente;Nublado;Dupla;Reta;N�o;4;0;1;0;2;1;1;3;-22,6623488;-43,0833664;SPRF-RJ;DEL04-RJ;UOP02-DEL04-RJ;;;
700256;24/06/2025;ter�a-feira;13:00:00;MG;50;67,5;UBERLANDIA;Rea��o tardia ou ineficiente do condutor;Colis�o lateral mesmo sentido;Sem V�timas;Pleno dia;Crescente;C�u Claro;Simples;Rotat�ria;Sim;3;0;0;0;2;1;0;3;-18,87660142;-48,25975165;SPRF-MG;DEL15-MG;UOP02-DEL15-MG;;;
700257;22/06/2025;domingo;07:00:00;MA;226;490;PORTO FRANCO;Rea��o tardia ou ineficiente do condutor;Sa�da de leito carro��vel;Com V�timas Fatais;Pleno dia;Crescente;C�u Claro;Simples;Reta;N�o;3;1;1;0;0;2;1;3;-6,340601;-47,3804566;SPRF-MA;DEL04-MA;UOP02-DEL04-MA;;;
700259;24/06/2025;ter�a-feira;10:00:00;MG;381;663,5;SANTO ANTONIO DO AMPARO;Aus�ncia de rea��o do condutor;Colis�o traseira;Com V�timas Feridas;Pleno dia;Crescente;Nublado;Dupla;"Curva;Aclive";N�o;2;0;1;0;1;0;1;2;-21,03059352;-45,00205994;SPRF-MG;DEL04-MG;UOP02-DEL04-MG;;;
700261;24/06/2025;ter�a-feira;14:45:00;CE;116;17,8;ITAITINGA;Condutor deixou de manter dist�ncia do ve�culo da frente;Colis�o traseira;Com V�timas Fatais;Pleno dia;Crescente;C�u Claro;Dupla;Reta;Sim;4;1;1;0;2;0;1;3;-3,90604373;-38,50539565;SPRF-CE;DEL01-CE;UOP02-DEL01-CE;;;
700264;24/06/2025;ter�a-feira;15:40:00;ES;101;230;FUNDAO;Condutor Dormindo;Colis�o frontal;Com V�timas Feridas;Pleno dia;Crescente;C�u Claro;Simples;Curva;N�o;4;0;1;0;2;2;1;5;-19,98322683;-40,41366609;SPRF-ES;DEL02-ES;UOP01-DEL02-ES;;;
700266;24/06/2025;ter�a-feira;16:00:00;GO;153;500;GOIANIA;Demais falhas mec�nicas ou el�tricas;Inc�ndio;Com V�timas Feridas;Pleno dia;Crescente;C�u Claro;M�ltipla;Reta;Sim;2;0;1;0;0;1;1;2;-16,70395;-49,231269;SPRF-GO;DEL01-GO;UOP01-DEL01-GO;;;
700268;24/06/2025;ter�a-feira;15:50:00;CE;116;22;ITAITINGA;Manobra de mudan�a de faixa;Colis�o lateral mesmo sentido;Sem V�timas;Pleno dia;Crescente;C�u Claro;Dupla;Reta;N�o;2;0;0;0;2;0;0;2;-3,9363958;-38,50901127;SPRF-CE;DEL01-CE;UOP02-DEL01-CE;;;
700277;24/06/2025;ter�a-feira;16:20:00;RS;153;525;CACAPAVA DO SUL;Aus�ncia de rea��o do condutor;Sa�da de leito carro��vel;Com V�timas Feridas;Pleno dia;Decrescente;C�u Claro;Simples;"Declive;Curva";N�o;2;0;1;0;0;1;1;2;-30,68796879;-53,45561028;SPRF-RS;DEL09-RS;UOP02-DEL09-RS;;;
700282;24/06/2025;ter�a-feira;14:30:00;MA;135;267,6;CAPINZAL DO NORTE;Acessar a via sem observar a presen�a dos outros ve�culos;Colis�o transversal;Com V�timas Feridas;Pleno dia;Decrescente;Sol;Simples;Curva;N�o;3;0;0;1;1;2;1;4;-4,724801;-44,333957;SPRF-MA;DEL03-MA;UOP01-DEL03-MA;;;
700283;24/06/2025;ter�a-feira;10:30:00;SC;282;613,5;IRACEMINHA;Acessar a via sem observar a presen�a dos outros ve�culos;Colis�o transversal;Com V�timas Feridas;Pleno dia;Crescente;Sol;Simples;Curva;N�o;2;0;0;1;1;0;1;2;-26,769291;-53,264478;SPRF-SC;DEL07-SC;UOP02-DEL07-SC;;;
700284;24/06/2025;ter�a-feira;17:00:00;SP;116;145,1;SAO JOSE DOS CAMPOS;Rea��o tardia ou ineficiente do condutor;Colis�o traseira;Sem V�timas;Pleno dia;Crescente;C�u Claro;M�ltipla;Reta;Sim;2;0;0;0;1;1;0;2;-23,18433141;-45,84950614;SPRF-SP;DEL02-SP;UOP01-DEL02-SP;;;
700285;24/06/2025;ter�a-feira;15:00:00;MT;163;946;NOVA SANTA HELENA;Transitar na contram�o;Colis�o lateral sentido oposto;Com V�timas Feridas;Pleno dia;Crescente;C�u Claro;Simples;Reta;N�o;5;0;1;0;3;2;1;5;-10,92599589;-55,2044699;SPRF-MT;DEL06-MT;UOP02-DEL06-MT;;;
700288;24/06/2025;ter�a-feira;14:00:00;PA;158;627;REDENCAO;Falta de acostamento;Sa�da de leito carro��vel;Sem V�timas;Pleno dia;Crescente;C�u Claro;Simples;"Em Obras;Reta";N�o;2;0;0;0;0;3;0;3;-8,207681;-50,273461;SPRF-PA;DEL03-PA;UOP01-DEL03-PA;;;
700293;24/06/2025;ter�a-feira;17:30:00;BA;116;842,4;VITORIA DA CONQUISTA;Condutor deixou de manter dist�ncia do ve�culo da frente;Colis�o traseira;Com V�timas Feridas;Anoitecer;Crescente;Ignorado;Simples;Curva;N�o;7;0;1;0;5;1;1;4;-15,003677;-40,93896;SPRF-BA;DEL08-BA;UOP01-DEL08-BA;;;
700295;24/06/2025;ter�a-feira;17:00:00;GO;60;110,7;GOIANAPOLIS;Condutor deixou de manter dist�ncia do ve�culo da frente;Colis�o traseira;Com V�timas Feridas;Anoitecer;Decrescente;Vento;Dupla;"Reta;Aclive";N�o;4;0;1;0;1;3;1;5;-16,449702;-49,031719;SPRF-GO;DEL01-GO;UOP01-DEL01-GO;;;
700306;24/06/2025;ter�a-feira;18:20:00;PI;316;5;TERESINA;�rea urbana sem a presen�a de local apropriado para a travessia de pedestres;Atropelamento de Pedestre;Com V�timas Feridas;Plena Noite;Crescente;C�u Claro;M�ltipla;Reta;Sim;2;0;0;1;0;1;1;2;-5,13950422;-42,78561878;SPRF-PI;DEL01-PI;UOP02-DEL01-PI;;;
700308;24/06/2025;ter�a-feira;18:00:00;MT;70;227;GENERAL CARNEIRO;Rea��o tardia ou ineficiente do condutor;Tombamento;Com V�timas Feridas;Anoitecer;Crescente;Nublado;Simples;Curva;N�o;2;0;0;1;0;2;1;3;-15,654665;-53,900913;SPRF-MT;DEL05-MT;UOP01-DEL05-MT;;;
700317;24/06/2025;ter�a-feira;20:30:00;PR;376;4,7;JANDAIA DO SUL;Condutor Dormindo;Colis�o traseira;Com V�timas Feridas;Plena Noite;Crescente;C�u Claro;Dupla;Aclive;N�o;3;0;1;0;1;3;1;5;-23,59526;-51,61321;SPRF-PR;DEL09-PR;UOP01-DEL09-PR;;;
700318;24/06/2025;ter�a-feira;19:00:00;PR;373;229;IMBITUVA;Aus�ncia de rea��o do condutor;Colis�o traseira;Com V�timas Fatais;Plena Noite;Crescente;C�u Claro;Simples;"Reta;Interse��o de Vias";N�o;2;1;0;0;1;0;0;2;-25,177993;-50,6517278;SPRF-PR;DEL03-PR;UOP01-DEL03-PR;;;
700325;24/06/2025;ter�a-feira;19:20:00;PR;277;529;GUARANIACU;Suic�dio (presumido);Colis�o frontal;Com V�timas Fatais;Plena Noite;Decrescente;C�u Claro;Simples;Curva;N�o;2;1;1;0;0;0;1;2;-25,09163506;-52,95063878;SPRF-PR;DEL04-PR;UOP04-DEL04-PR;;;
700327;24/06/2025;ter�a-feira;21:35:00;MG;381;406,8;NOVA UNIAO;Velocidade Incompat�vel;Colis�o com objeto;Com V�timas Feridas;Plena Noite;Decrescente;C�u Claro;Dupla;"Curva;Declive";N�o;2;0;0;1;0;1;1;2;-19,723924;-43,57381;SPRF-MG;DEL01-MG;UOP01-DEL01-MG;;;
700330;24/06/2025;ter�a-feira;22:05:00;TO;153;303;PRESIDENTE KENNEDY;Rea��o tardia ou ineficiente do condutor;Colis�o frontal;Com V�timas Fatais;Pleno dia;Crescente;C�u Claro;Simples;Reta;N�o;3;1;1;0;0;2;1;4;-8,53165415;-48,48319638;SPRF-TO;DEL02-TO;UOP02-DEL02-TO;;;
700332;24/06/2025;ter�a-feira;17:35:00;MA;316;8;BOA VISTA DO GURUPI;Condutor deixou de manter dist�ncia do ve�culo da frente;Colis�o traseira;Com V�timas Feridas;Pleno dia;Crescente;C�u Claro;Simples;Reta;N�o;3;0;1;1;0;1;2;2;-1,7798311;-46,2497508;SPRF-MA;DEL02-MA;UOP02-DEL02-MA;;;
700333;24/06/2025;ter�a-feira;19:30:00;MA;230;379;BALSAS;Condutor Dormindo;Colis�o frontal;Com V�timas Feridas;Anoitecer;Crescente;C�u Claro;Simples;Reta;N�o;2;0;1;0;0;1;1;2;-7,31895;-45,947792;SPRF-MA;DEL05-MA;UOP01-DEL05-MA;;;
700341;24/06/2025;ter�a-feira;15:50:00;GO;153;514,3;HIDROLANDIA;Acesso irregular;Colis�o lateral mesmo sentido;Com V�timas Feridas;Pleno dia;Crescente;C�u Claro;Dupla;"Interse��o de Vias;Reta";N�o;2;0;1;0;1;0;1;2;-16,8886272;-49,2732416;SPRF-GO;DEL01-GO;UOP03-DEL01-GO;;;
700343;24/06/2025;ter�a-feira;18:50:00;PR;116;95;SAO JOSE DOS PINHAIS;Ingest�o de �lcool pelo condutor;Sa�da de leito carro��vel;Sem V�timas;Plena Noite;Crescente;Nublado;Dupla;Reta;N�o;1;0;0;0;1;0;0;1;-25,531297;-49,144352;SPRF-PR;DEL01-PR;UOP07-DEL01-PR;;;
700344;24/06/2025;ter�a-feira;21:00:00;RS;153;3;MARCELINO RAMOS;Demais falhas mec�nicas ou el�tricas;Inc�ndio;Sem V�timas;Plena Noite;Decrescente;C�u Claro;Simples;Reta;Sim;2;0;0;0;1;1;0;2;-27,38881007;-52,00639196;SPRF-RS;DEL08-RS;UOP04-DEL08-RS;;;
700347;25/06/2025;quarta-feira;00:45:00;MG;262;553,4;LUZ;Curva acentuada;Tombamento;Com V�timas Feridas;Plena Noite;Decrescente;C�u Claro;Simples;"Declive;Curva";N�o;2;0;1;0;0;1;1;2;-19,71994725;-45,87731235;SPRF-MG;DEL08-MG;UOP02-DEL08-MG;;;
700348;25/06/2025;quarta-feira;02:10:00;TO;230;82;CACHOEIRINHA;Aus�ncia de rea��o do condutor;Sa�da de leito carro��vel;Com V�timas Fatais;Plena Noite;Decrescente;C�u Claro;Simples;"Reta;Aclive";N�o;3;1;0;0;0;2;0;3;-6,100837;-47,903804;SPRF-TO;DEL02-TO;UOP03-DEL02-TO;;;
700349;25/06/2025;quarta-feira;03:00:00;GO;153;355,8;JARAGUA;Ingest�o de �lcool pelo condutor;Colis�o frontal;Com V�timas Feridas;Plena Noite;Decrescente;C�u Claro;Simples;Reta;Sim;3;0;0;2;1;0;2;2;-15,73165838;-49,32482097;SPRF-GO;DEL02-GO;UOP02-DEL02-GO;;;
700350;25/06/2025;quarta-feira;03:20:00;RJ;101;278;TANGUA;Condutor deixou de manter dist�ncia do ve�culo da frente;Colis�o traseira;Com V�timas Feridas;Plena Noite;Crescente;Chuva;Dupla;Aclive;Sim;3;0;1;0;1;2;1;4;-22,740126;-42,759627;SPRF-RJ;DEL02-RJ;UOP03-DEL02-RJ;;;
700357;24/06/2025;ter�a-feira;20:30:00;RJ;356;2;ITAPERUNA;Aus�ncia de rea��o do condutor;Colis�o frontal;Com V�timas Feridas;Plena Noite;Crescente;Nublado;Simples;Curva;N�o;3;0;2;0;1;0;2;2;-21,14556189;-42,16898203;SPRF-RJ;DEL08-RJ;UOP03-DEL08-RJ;;;
700376;25/06/2025;quarta-feira;02:00:00;SP;116;506;CAJATI;Rea��o tardia ou ineficiente do condutor;Sa�da de leito carro��vel;Com V�timas Feridas;Pleno dia;Decrescente;Chuva;Simples;"Declive;Curva";N�o;2;0;1;0;0;1;1;2;-24,81344161;-48,20887665;SPRF-SP;DEL05-SP;UOP02-DEL05-SP;;;
700378;25/06/2025;quarta-feira;06:00:00;SP;116;499;CAJATI;Rea��o tardia ou ineficiente do condutor;Colis�o traseira;Com V�timas Feridas;Amanhecer;Decrescente;Chuva;Simples;Reta;N�o;4;0;1;0;3;0;1;2;-24,81440542;-48,20854799;SPRF-SP;DEL05-SP;UOP02-DEL05-SP;;;
700379;25/06/2025;quarta-feira;04:30:00;MT;364;1225;COMODORO;Problema com o freio;Inc�ndio;Sem V�timas;Plena Noite;Crescente;Nevoeiro/Neblina;Simples;Reta;N�o;2;0;0;0;1;3;0;4;-13,79885759;-59,48298991;SPRF-MT;DEL04-MT;UOP02-DEL04-MT;;;
700382;25/06/2025;quarta-feira;02:50:00;SP;116;562;BARRA DO TURVO;Velocidade Incompat�vel;Tombamento;Com V�timas Feridas;Plena Noite;Decrescente;C�u Claro;M�ltipla;"Declive;Curva";N�o;2;0;1;0;0;1;1;2;-25,04879763;-48,54814196;SPRF-SP;DEL05-SP;UOP02-DEL05-SP;;;
700390;25/06/2025;quarta-feira;09:30:00;SP;116;206,8;GUARULHOS;Rea��o tardia ou ineficiente do condutor;Colis�o traseira;Com V�timas Feridas;Pleno dia;Crescente;Nublado;Dupla;Reta;Sim;4;0;1;0;2;1;1;3;-23,42017539;-46,38745464;SPRF-SP;DEL01-SP;UOP01-DEL01-SP;;;
700393;25/06/2025;quarta-feira;08:45:00;PE;101;70;RECIFE;Aus�ncia de rea��o do condutor;Colis�o transversal;Com V�timas Feridas;Pleno dia;Decrescente;C�u Claro;Dupla;Viaduto;Sim;5;0;1;0;4;0;1;5;-8,0752486;-34,9424994;SPRF-PE;DEL01-PE;UOP01-DEL01-PE;;;
700394;25/06/2025;quarta-feira;09:10:00;MG;381;755;TRES CORACOES;Aus�ncia de rea��o do condutor;Sa�da de leito carro��vel;Com V�timas Feridas;Pleno dia;Crescente;C�u Claro;Dupla;Reta;N�o;1;0;1;0;0;0;1;1;-21,670505;-45,330909;SPRF-MG;DEL16-MG;UOP02-DEL16-MG;;;
700395;25/06/2025;quarta-feira;08:30:00;RO;364;693;CANDEIAS DO JAMARI;Aus�ncia de rea��o do condutor;Colis�o lateral mesmo sentido;Sem V�timas;Pleno dia;Crescente;C�u Claro;Simples;Reta;N�o;2;0;0;0;2;0;0;2;-8,79782256;-63,7116158;SPRF-RO;DEL01-RO;UOP01-DEL01-RO;;;
700396;25/06/2025;quarta-feira;09:40:00;PB;101;117;CAAPORA;Ultrapassagem Indevida;Colis�o traseira;Com V�timas Feridas;Pleno dia;Crescente;Sol;Dupla;Aclive;N�o;2;0;1;0;1;0;1;2;-7,412761;-34,956946;SPRF-PB;DEL01-PB;UOP01-DEL01-PB;;;
700405;25/06/2025;quarta-feira;09:10:00;RS;285;326,7;CARAZINHO;Condutor deixou de manter dist�ncia do ve�culo da frente;Colis�o traseira;Com V�timas Feridas;Pleno dia;Crescente;Sol;Simples;"Reta;Aclive";N�o;4;0;1;0;2;1;1;4;-28,27339294;-52,68313408;SPRF-RS;DEL08-RS;UOP03-DEL08-RS;;;
700409;25/06/2025;quarta-feira;10:20:00;SP;116;217;GUARULHOS;Rea��o tardia ou ineficiente do condutor;Colis�o traseira;Com V�timas Feridas;Pleno dia;Crescente;Sol;M�ltipla;Reta;Sim;2;0;1;0;1;0;1;2;-23,4558563;-46,47640276;SPRF-SP;DEL01-SP;UOP01-DEL01-SP;;;
700413;25/06/2025;quarta-feira;11:00:00;RJ;101;2;CAMPOS DOS GOYTACAZES;Aus�ncia de rea��o do condutor;Colis�o frontal;Com V�timas Feridas;Pleno dia;Decrescente;C�u Claro;Simples;Curva;N�o;4;0;1;1;1;3;2;5;-21,7240618;-41,316212;SPRF-RJ;DEL08-RJ;UOP01-DEL08-RJ;;;
700421;25/06/2025;quarta-feira;12:00:00;SP;153;62,2;SAO JOSE DO RIO PRETO;Condutor deixou de manter dist�ncia do ve�culo da frente;Colis�o traseira;Com V�timas Feridas;Pleno dia;Crescente;C�u Claro;Dupla;"Aclive;Reta";Sim;2;0;1;0;1;0;1;2;-20,815657;-49,357125;SPRF-SP;DEL09-SP;UOP01-DEL09-SP;;;
700425;03/06/2025;ter�a-feira;14:06:00;SP;153;301,7;SAO PEDRO DO TURVO;Rea��o tardia ou ineficiente do condutor;Sa�da de leito carro��vel;Com V�timas Feridas;Pleno dia;Decrescente;C�u Claro;Simples;"Reta;Declive";N�o;1;0;1;0;0;0;1;1;-22,60174737;-49,88938205;SPRF-SP;DEL07-SP;UOP03-DEL07-SP;;;