id;data_inversa;dia_semana;horario;uf;br;km;municipio;causa_acidente;tipo_acidente;classificacao_acidente;fase_dia;sentido_via;condicao_metereologica;tipo_pista;tracado_via;uso_solo;pessoas;mortos;feridos_leves;feridos_graves;ilesos;ignorados;feridos;veiculos;latitude;longitude;regional;delegacia;uop;;;
700429;25/06/2025;quarta-feira;12:35:00;RJ;40;39;AREAL;Condutor usando celular;Colis�o traseira;Com V�timas Feridas;Pleno dia;Crescente;C�u Claro;Dupla;"Reta;Aclive";N�o;2;0;1;0;1;0;1;2;-22,23881605;-43,10863495;SPRF-RJ;DEL05-RJ;UOP02-DEL05-RJ;;;
700431;25/06/2025;quarta-feira;06:52:00;MT;174;584;COMODORO;Transitar na contram�o;Sa�da de leito carro��vel;Sem V�timas;Amanhecer;Crescente;C�u Claro;Simples;Reta;N�o;3;0;0;0;2;4;0;6;-12,8246731;-60,07657242;SPRF-MT;DEL04-MT;UOP02-DEL04-MT;;;
700433;25/06/2025;quarta-feira;14:00:00;PR;116;32;CAMPINA GRANDE DO SUL;Velocidade Incompat�vel;Tombamento;Com V�timas Feridas;Pleno dia;Decrescente;C�u Claro;Dupla;Curva;N�o;2;0;1;0;0;1;1;2;-25,10929937;-48,8430924;SPRF-PR;DEL01-PR;UOP02-DEL01-PR;;;
700434;25/06/2025;quarta-feira;14:15:00;MG;381;925,5;ITAPEVA;Velocidade Incompat�vel;Tombamento;Com V�timas Feridas;Pleno dia;Decrescente;C�u Claro;Dupla;Curva;N�o;5;0;2;0;0;5;2;5;-22,77238283;-46,22909546;SPRF-MG;DEL16-MG;UOP03-DEL16-MG;;;
700435;25/06/2025;quarta-feira;12:50:00;MT;364;3;ALTO ARAGUAIA;Velocidade Incompat�vel;Tombamento;Com V�timas Feridas;Pleno dia;Crescente;C�u Claro;Simples;Curva;N�o;2;0;1;0;0;3;1;4;-17,30967121;-53,22738647;SPRF-MT;DEL02-MT;UOP02-DEL02-MT;;;
700437;25/06/2025;quarta-feira;14:00:00;RJ;356;26;ITAPERUNA;Acessar a via sem observar a presen�a dos outros ve�culos;Colis�o transversal;Com V�timas Feridas;Pleno dia;Decrescente;C�u Claro;Simples;"Reta;Interse��o de Vias";N�o;3;0;1;0;1;1;1;3;-21,179443;-41,953672;SPRF-RJ;DEL08-RJ;UOP03-DEL08-RJ;;;
700446;25/06/2025;quarta-feira;09:35:00;PA;316;95;SAO FRANCISCO DO PARA;Transitar na contram�o;Colis�o transversal;Com V�timas Feridas;Pleno dia;Crescente;Sol;Simples;Reta;N�o;3;0;0;2;1;0;2;2;-1,327537;-47,64611;SPRF-PA;DEL01-PA;UOP02-DEL01-PA;;;
700449;25/06/2025;quarta-feira;15:48:00;SE;101;187,9;UMBAUBA;Estacionar ou parar em local proibido;Colis�o lateral sentido oposto;Sem V�timas;Pleno dia;Crescente;C�u Claro;Simples;"Reta;Declive;Em Obras";N�o;6;0;0;0;4;3;0;5;-11,410855;-37,698548;SPRF-SE;DEL02-SE;UOP03-DEL02-SE;;;
700450;25/06/2025;quarta-feira;15:10:00;RN;101;68,7;EXTREMOZ;Mal s�bito do condutor;Colis�o frontal;Com V�timas Feridas;Pleno dia;Crescente;C�u Claro;Simples;Reta;N�o;2;0;1;0;1;0;1;2;-5,670147;-35,257178;SPRF-RN;DEL02-RN;UOP01-DEL02-RN;;;
700453;09/06/2025;segunda-feira;15:20:00;SP;153;280;OCAUCU;Velocidade Incompat�vel;Capotamento;Com V�timas Feridas;Pleno dia;Decrescente;C�u Claro;Simples;"Interse��o de Vias;Rotat�ria;Declive;Curva";N�o;1;0;1;0;0;0;1;1;-22,4160648;-49,86048691;SPRF-SP;DEL07-SP;UOP02-DEL07-SP;;;
700455;25/06/2025;quarta-feira;17:00:00;SC;280;57,8;GUARAMIRIM;Manobra de mudan�a de faixa;Colis�o lateral mesmo sentido;Com V�timas Feridas;Pleno dia;Crescente;C�u Claro;Dupla;Reta;N�o;2;0;0;1;1;0;1;2;-26,474215;-49,023473;SPRF-SC;DEL03-SC;UOP03-DEL03-SC;;;
700458;25/06/2025;quarta-feira;16:15:00;MG;381;3,4;BETIM;Transitar no Acostamento;Colis�o traseira;Com V�timas Feridas;Anoitecer;Crescente;C�u Claro;Dupla;"Declive;Reta";Sim;4;0;2;0;1;2;2;5;-19,9965475;-44,2090254;SPRF-MG;DEL01-MG;UOP03-DEL01-MG;;;
700463;25/06/2025;quarta-feira;18:00:00;SC;282;17,5;PALHOCA;Rea��o tardia ou ineficiente do condutor;Colis�o traseira;Com V�timas Fatais;Plena Noite;Crescente;Ignorado;Simples;Reta;Sim;5;2;0;0;2;1;0;3;-27,67025;-48,69199;SPRF-SC;DEL01-SC;UOP02-DEL01-SC;;;
700466;25/06/2025;quarta-feira;17:00:00;RJ;101;507;ANGRA DOS REIS;Aus�ncia de rea��o do condutor;Colis�o lateral sentido oposto;Com V�timas Feridas;Pleno dia;Crescente;C�u Claro;Simples;Curva;N�o;2;0;1;0;1;0;1;2;-22,936888;-44,409272;SPRF-RJ;DEL03-RJ;UOP03-DEL03-RJ;;;
700467;25/06/2025;quarta-feira;18:00:00;DF;70;14;BRASILIA;Rea��o tardia ou ineficiente do condutor;Colis�o com objeto;Sem V�timas;Pleno dia;Crescente;C�u Claro;M�ltipla;Reta;Sim;2;0;0;0;1;1;0;2;-15,798721;-48,178494;SPRF-DF;DEL03-DF;UOP02-DEL03-DF;;;
700474;25/06/2025;quarta-feira;18:40:00;ES;262;47,8;MARECHAL FLORIANO;Transitar na contram�o;Colis�o lateral sentido oposto;Com V�timas Fatais;Plena Noite;Crescente;C�u Claro;Simples;Reta;Sim;2;1;0;0;1;0;0;2;-20,41172881;-40,69087696;SPRF-ES;DEL01-ES;UOP01-DEL01-ES;;;
700476;25/06/2025;quarta-feira;18:00:00;SP;116;362,8;MIRACATU;Avarias e/ou desgaste excessivo no pneu;Colis�o com objeto;Sem V�timas;Plena Noite;Crescente;Nublado;Dupla;"Curva;Declive";N�o;2;0;0;0;1;1;0;2;-24,12711908;-47,27224636;SPRF-SP;DEL04-SP;UOP03-DEL04-SP;;;
700483;25/06/2025;quarta-feira;18:45:00;DF;70;17;BRASILIA;Demais falhas mec�nicas ou el�tricas;Inc�ndio;Sem V�timas;Plena Noite;Decrescente;C�u Claro;Dupla;Reta;N�o;1;0;0;0;1;0;0;1;-15,7925189;-48,208587;SPRF-DF;DEL03-DF;UOP02-DEL03-DF;;;
700485;25/06/2025;quarta-feira;19:15:00;MG;381;440;SANTA LUZIA;Condutor Dormindo;Colis�o lateral sentido oposto;Com V�timas Feridas;Plena Noite;Crescente;C�u Claro;Simples;Reta;N�o;6;0;2;2;1;1;4;3;-19,809128;-43,78113;SPRF-MG;DEL01-MG;UOP01-DEL01-MG;;;
700486;25/06/2025;quarta-feira;18:05:00;SC;101;385,3;ICARA;Rea��o tardia ou ineficiente do condutor;Colis�o traseira;Sem V�timas;Plena Noite;Decrescente;Ignorado;Dupla;Reta;N�o;2;0;0;0;2;0;0;2;-28,778;-49,321;SPRF-SC;DEL02-SC;UOP02-DEL02-SC;;;
700489;25/06/2025;quarta-feira;18:00:00;BA;101;176;SAO GONCALO DOS CAMPOS;Condutor deixou de manter dist�ncia do ve�culo da frente;Engavetamento;Com V�timas Feridas;Plena Noite;Crescente;Chuva;Simples;Reta;N�o;6;0;1;0;5;0;1;3;-12,45221835;-38,92405629;SPRF-BA;DEL01-BA;UOP03-DEL01-BA;;;
700492;25/06/2025;quarta-feira;14:20:00;MT;70;506;CUIABA;Velocidade Incompat�vel;Tombamento;Com V�timas Feridas;Pleno dia;Decrescente;C�u Claro;Simples;"Em Obras;Desvio Tempor�rio";N�o;2;0;1;0;0;2;1;3;-15,60981087;-56,10031128;SPRF-MT;DEL01-MT;UOP02-DEL01-MT;;;
700493;25/06/2025;quarta-feira;19:00:00;MG;262;107,4;SANTO ANTONIO DO GRAMA;Rea��o tardia ou ineficiente do condutor;Tombamento;Com V�timas Feridas;Plena Noite;Decrescente;Nublado;Simples;"Curva;Declive";N�o;2;0;1;0;0;1;1;2;-20,26831647;-42,5843811;SPRF-MG;DEL03-MG;UOP03-DEL03-MG;;;
700497;25/06/2025;quarta-feira;17:25:00;PR;116;28;CAMPINA GRANDE DO SUL;Velocidade Incompat�vel;Tombamento;Com V�timas Feridas;Plena Noite;Decrescente;C�u Claro;Dupla;"Curva;Declive";Sim;2;0;1;0;0;1;1;2;-25,112053;-48,81026;SPRF-PR;DEL01-PR;UOP02-DEL01-PR;;;
700499;25/06/2025;quarta-feira;17:45:00;MG;251;382,4;MONTES CLAROS;Rea��o tardia ou ineficiente do condutor;Tombamento;Com V�timas Feridas;Anoitecer;Crescente;C�u Claro;Simples;Reta;N�o;2;0;1;0;0;1;1;2;-16,6536946;-43,7179481;SPRF-MG;DEL12-MG;UOP01-DEL12-MG;;;
700501;25/06/2025;quarta-feira;20:00:00;PR;277;691;SAO MIGUEL DO IGUACU;Rea��o tardia ou ineficiente do condutor;Colis�o traseira;Com V�timas Feridas;Plena Noite;Decrescente;C�u Claro;Dupla;Aclive;N�o;2;0;1;0;1;0;1;2;-25,37489488;-54,27434921;SPRF-PR;DEL05-PR;UOP01-DEL05-PR;;;
700508;25/06/2025;quarta-feira;19:50:00;BA;407;229;CAPIM GROSSO;Rea��o tardia ou ineficiente do condutor;Colis�o lateral sentido oposto;Com V�timas Feridas;Plena Noite;Decrescente;Chuva;Simples;Reta;Sim;3;0;1;0;0;2;1;3;-11,37038514;-40,01244789;SPRF-BA;DEL04-BA;UOP02-DEL04-BA;;;
700512;25/06/2025;quarta-feira;19:35:00;MT;364;221;RONDONOPOLIS;Rea��o tardia ou ineficiente do condutor;Colis�o traseira;Sem V�timas;Plena Noite;Decrescente;C�u Claro;Dupla;"Reta;Aclive";N�o;3;0;0;0;2;3;0;5;-16,28728774;-54,76521307;SPRF-MT;DEL02-MT;UOP01-DEL02-MT;;;
700513;25/06/2025;quarta-feira;20:55:00;PR;116;141;MANDIRITUBA;Manobra de mudan�a de faixa;Colis�o traseira;Com V�timas Feridas;Plena Noite;Crescente;C�u Claro;M�ltipla;"Reta;Aclive";Sim;4;0;1;0;2;1;1;3;-25,7714438;-49,322888;SPRF-PR;DEL01-PR;UOP03-DEL01-PR;;;
700518;25/06/2025;quarta-feira;21:50:00;SP;153;117,5;UBARANA;Aus�ncia de rea��o do condutor;Colis�o traseira;Com V�timas Fatais;Plena Noite;Crescente;C�u Claro;Simples;Reta;N�o;3;1;0;0;1;1;0;3;-21,14654;-49,703391;SPRF-SP;DEL09-SP;UOP01-DEL09-SP;;;
700521;25/06/2025;quarta-feira;22:16:00;PB;101;88,9;JOAO PESSOA;Acessar a via sem observar a presen�a dos outros ve�culos;Colis�o lateral mesmo sentido;Com V�timas Feridas;Plena Noite;Crescente;Chuva;Dupla;Interse��o de Vias;Sim;3;0;0;1;1;1;1;3;-7,169885;-34,897293;SPRF-PB;DEL01-PB;UOP01-DEL01-PB;;;
700529;26/06/2025;quinta-feira;00:15:00;GO;40;28;LUZIANIA;Aus�ncia de rea��o do condutor;Colis�o traseira;Com V�timas Fatais;Plena Noite;Crescente;C�u Claro;Dupla;Reta;N�o;4;1;1;0;1;2;1;5;-16,27177;-47,875875;SPRF-DF;DEL01-DF;UOP01-DEL01-DF;;;
700535;26/06/2025;quinta-feira;00:25:00;SP;116;146,5;SAO JOSE DOS CAMPOS;Aus�ncia de rea��o do condutor;Engavetamento;Sem V�timas;Plena Noite;Decrescente;C�u Claro;Dupla;Declive;N�o;4;0;0;0;4;0;0;4;-23,19187287;-45,86448169;SPRF-SP;DEL02-SP;UOP01-DEL02-SP;;;
700536;25/06/2025;quarta-feira;17:20:00;RO;364;505,2;ARIQUEMES;Acessar a via sem observar a presen�a dos outros ve�culos;Colis�o transversal;Com V�timas Feridas;Pleno dia;Decrescente;C�u Claro;Simples;"Curva;Declive";N�o;2;0;0;1;1;0;1;2;-9,99514227;-63,01357912;SPRF-RO;DEL03-RO;UOP01-DEL03-RO;;;
700537;26/06/2025;quinta-feira;02:00:00;SP;116;394;MIRACATU;Pedestre cruzava a pista fora da faixa;Atropelamento de Pedestre;Com V�timas Fatais;Plena Noite;Crescente;Nublado;Dupla;Reta;Sim;4;1;0;0;2;1;0;3;-24,28725576;-47,45437581;SPRF-SP;DEL04-SP;UOP02-DEL04-SP;;;
700539;26/06/2025;quinta-feira;02:30:00;PE;232;128,9;CARUARU;Rea��o tardia ou ineficiente do condutor;Tombamento;Com V�timas Feridas;Plena Noite;Crescente;Chuva;Dupla;"Viaduto;Curva;Declive";Sim;1;0;1;0;0;0;1;1;-8,30021;-35,98654;SPRF-PE;DEL02-PE;UOP03-DEL02-PE;;;
700543;26/06/2025;quinta-feira;00:15:00;MG;354;771,4;ITAMONTE;Velocidade Incompat�vel;Tombamento;Com V�timas Feridas;Plena Noite;Crescente;C�u Claro;Simples;"Curva;Aclive";N�o;2;0;1;0;0;1;1;2;-22,36261774;-44,77237701;SPRF-MG;DEL17-MG;UOP01-DEL17-MG;;;
700547;26/06/2025;quinta-feira;05:30:00;MG;381;793;SAO GONCALO DO SAPUCAI;Condutor Dormindo;Colis�o traseira;Com V�timas Feridas;Amanhecer;Crescente;C�u Claro;Dupla;Reta;N�o;4;0;0;1;2;1;1;3;-21,904271;-45,557862;SPRF-MG;DEL16-MG;UOP02-DEL16-MG;;;
700550;26/06/2025;quinta-feira;04:30:00;GO;20;65;FORMOSA;Demais falhas mec�nicas ou el�tricas;Inc�ndio;Sem V�timas;Plena Noite;Crescente;C�u Claro;Simples;Reta;Sim;2;0;0;0;1;1;0;2;-15,21415853;-47,15806621;SPRF-DF;DEL02-DF;UOP02-DEL02-DF;;;
700553;26/06/2025;quinta-feira;04:40:00;RJ;101;252;RIO BONITO;Condutor Dormindo;Colis�o traseira;Com V�timas Feridas;Amanhecer;Crescente;C�u Claro;Dupla;Reta;Sim;2;0;1;0;1;0;1;2;-22,6873927;-42,54099524;SPRF-RJ;DEL02-RJ;UOP03-DEL02-RJ;;;
700556;26/06/2025;quinta-feira;06:20:00;RS;448;6;ESTEIO;Demais falhas mec�nicas ou el�tricas;Colis�o traseira;Com V�timas Feridas;Plena Noite;Crescente;Garoa/Chuvisco;Dupla;Reta;N�o;4;0;1;0;2;1;1;3;-29,85966174;-51,22605896;SPRF-RS;DEL01-RS;UOP02-DEL01-RS;;;
700557;08/06/2025;domingo;17:30:00;MG;262;587,7;CAMPOS ALTOS;Velocidade Incompat�vel;Tombamento;Com V�timas Feridas;Anoitecer;Crescente;C�u Claro;Simples;Curva;N�o;2;0;1;1;0;0;2;2;-19,6579404;-46,1286767;SPRF-MG;DEL08-MG;UOP02-DEL08-MG;;;
700560;26/06/2025;quinta-feira;05:28:00;GO;153;631,3;MORRINHOS;Rea��o tardia ou ineficiente do condutor;Colis�o traseira;Com V�timas Feridas;Amanhecer;Crescente;Nublado;Dupla;"Reta;Aclive";N�o;4;0;1;0;2;1;1;3;-17,795788;-49,202778;SPRF-GO;DEL03-GO;UOP01-DEL03-GO;;;
700561;26/06/2025;quinta-feira;04:40:00;BA;324;614;SIMOES FILHO;Demais falhas mec�nicas ou el�tricas;Sa�da de leito carro��vel;Com V�timas Feridas;Plena Noite;Crescente;C�u Claro;Dupla;"Aclive;Curva";Sim;2;0;1;0;0;1;1;2;-12,873649;-38,429236;SPRF-BA;DEL01-BA;UOP01-DEL01-BA;;;
700562;26/06/2025;quinta-feira;06:30:00;CE;222;0;FORTALEZA;Ingest�o de �lcool pelo condutor;Colis�o traseira;Sem V�timas;Pleno dia;Crescente;C�u Claro;M�ltipla;Reta;Sim;5;0;0;0;5;0;0;5;-3,736805;-38,571302;SPRF-CE;DEL01-CE;UOP01-DEL01-CE;;;
700568;26/06/2025;quinta-feira;07:05:00;PR;277;2,9;PARANAGUA;Trafegar com motocicleta (ou similar) entre as faixas;Tombamento;Com V�timas Feridas;Amanhecer;Crescente;Nublado;Dupla;Reta;Sim;3;0;1;0;1;1;1;3;-25,51964137;-48,52474494;SPRF-PR;DEL01-PR;UOP05-DEL01-PR;;;
700570;12/05/2025;segunda-feira;14:50:00;MA;10;130;ESTREITO;Retorno proibido;Colis�o transversal;Com V�timas Feridas;Pleno dia;Decrescente;C�u Claro;Simples;Reta;Sim;8;0;1;3;3;1;4;3;-6,55411029;-47,44098186;SPRF-MA;DEL04-MA;UOP02-DEL04-MA;;;
700571;26/06/2025;quinta-feira;06:55:00;PI;343;590,1;FLORIANO;Condutor deixou de manter dist�ncia do ve�culo da frente;Colis�o lateral mesmo sentido;Com V�timas Feridas;Pleno dia;Decrescente;C�u Claro;Dupla;Rotat�ria;Sim;2;0;0;1;1;0;1;2;-6,78479732;-43,01561505;SPRF-PI;DEL03-PI;UOP01-DEL03-PI;;;
700574;26/06/2025;quinta-feira;06:00:00;SP;116;509;CAJATI;Rea��o tardia ou ineficiente do condutor;Sa�da de leito carro��vel;Com V�timas Feridas;Pleno dia;Decrescente;C�u Claro;Simples;"Aclive;Curva";N�o;2;0;1;0;0;1;1;2;-24,81310527;-48,209149;SPRF-SP;DEL05-SP;UOP02-DEL05-SP;;;
700575;26/06/2025;quinta-feira;07:40:00;MG;381;830;SAO SEBASTIAO DA BELA VISTA;Manobra de mudan�a de faixa;Colis�o lateral mesmo sentido;Com V�timas Feridas;Pleno dia;Crescente;Nevoeiro/Neblina;Dupla;Curva;N�o;5;0;2;0;2;1;2;3;-22,12079;-45,76329;SPRF-MG;DEL16-MG;UOP01-DEL16-MG;;;
700579;26/06/2025;quinta-feira;08:18:00;RS;470;217;BENTO GONCALVES;Rea��o tardia ou ineficiente do condutor;Colis�o traseira;Com V�timas Feridas;Pleno dia;Crescente;Chuva;Dupla;Reta;Sim;2;0;1;0;1;0;1;2;-29,17619202;-51,52176976;SPRF-RS;DEL06-RS;UOP01-DEL06-RS;;;
700584;26/06/2025;quinta-feira;04:20:00;ES;101;8,6;SERRA;Rea��o tardia ou ineficiente do condutor;Colis�o com objeto;Sem V�timas;Plena Noite;Crescente;C�u Claro;Dupla;Curva;N�o;1;0;0;0;1;0;0;1;-20,129867;-40,338686;SPRF-ES;DEL02-ES;UOP01-DEL02-ES;;;
700586;26/06/2025;quinta-feira;08:00:00;ES;101;314,1;VILA VELHA;Demais falhas mec�nicas ou el�tricas;Tombamento;Com V�timas Feridas;Pleno dia;Decrescente;C�u Claro;Dupla;Reta;N�o;2;0;1;0;0;1;1;2;-20,464522;-40,465338;SPRF-ES;DEL01-ES;UOP01-DEL01-ES;;;
700587;14/06/2025;s�bado;10:54:00;MT;70;531;VARZEA GRANDE;Manobra de mudan�a de faixa;Sa�da de leito carro��vel;Com V�timas Feridas;Pleno dia;Decrescente;C�u Claro;Simples;"Reta;Em Obras";N�o;2;0;1;0;0;1;1;2;-15,65930921;-56,21780496;SPRF-MT;DEL01-MT;UOP02-DEL01-MT;;;
700593;26/06/2025;quinta-feira;09:35:00;SC;280;51,6;GUARAMIRIM;Condutor deixou de manter dist�ncia do ve�culo da frente;Colis�o traseira;Com V�timas Feridas;Pleno dia;Crescente;Chuva;Dupla;"Reta;Interse��o de Vias";Sim;3;0;1;0;2;0;1;2;-26,46723076;-48,96071076;SPRF-SC;DEL03-SC;UOP03-DEL03-SC;;;
700595;26/06/2025;quinta-feira;07:50:00;PR;476;348;PAULA FREITAS;Acumulo de areia ou detritos sobre o pavimento;Eventos at�picos;Sem V�timas;Pleno dia;Crescente;Chuva;Simples;Reta;N�o;3;0;0;0;3;0;0;2;-26,17938406;-50,95302477;SPRF-PR;DEL02-PR;UOP03-DEL02-PR;;;
700596;22/06/2025;domingo;23:30:00;BA;116;712;MANOEL VITORINO;Aus�ncia de rea��o do condutor;Sa�da de leito carro��vel;Com V�timas Feridas;Plena Noite;Crescente;C�u Claro;Simples;Reta;N�o;2;0;0;1;0;1;1;2;-14,1677399;-40,25524541;SPRF-BA;DEL03-BA;UOP01-DEL03-BA;;;
700603;26/06/2025;quinta-feira;07:57:00;PA;163;622;TRAIRAO;Rea��o tardia ou ineficiente do condutor;Tombamento;Com V�timas Feridas;Pleno dia;Crescente;C�u Claro;Simples;Curva;N�o;2;0;1;0;0;3;1;4;-4,71926;-56,014358;SPRF-PA;DEL05-PA;UOP03-DEL05-PA;;;
700604;26/06/2025;quinta-feira;10:00:00;BA;324;616;SALVADOR;Condutor deixou de manter dist�ncia do ve�culo da frente;Colis�o traseira;Com V�timas Feridas;Pleno dia;Crescente;C�u Claro;Simples;Curva;Sim;2;0;0;1;1;0;1;2;-12,8957845;-38,44702005;SPRF-BA;DEL01-BA;UOP01-DEL01-BA;;;
700606;26/06/2025;quinta-feira;08:30:00;GO;153;594,8;PIRACANJUBA;Aus�ncia de rea��o do condutor;Colis�o traseira;Com V�timas Feridas;Pleno dia;Decrescente;C�u Claro;Dupla;"Declive;Reta";N�o;3;0;1;0;1;3;1;5;-17,49832;-49,214938;SPRF-GO;DEL03-GO;UOP01-DEL03-GO;;;
700614;26/06/2025;quinta-feira;11:20:00;RJ;101;327;RIO DE JANEIRO;Ultrapassagem Indevida;Colis�o traseira;Com V�timas Feridas;Pleno dia;Decrescente;C�u Claro;Simples;"Ponte;Reta";N�o;2;0;1;0;1;0;1;2;-22,87032316;-43,16802979;SPRF-RJ;DEL02-RJ;UOP01-DEL02-RJ;;;
700615;26/06/2025;quinta-feira;09:45:00;PR;476;98;BOCAIUVA DO SUL;Demais falhas mec�nicas ou el�tricas;Colis�o lateral sentido oposto;Com V�timas Feridas;Pleno dia;Crescente;Chuva;Simples;"Aclive;Curva";N�o;4;0;3;0;0;1;3;3;-25,22746874;-49,11802673;SPRF-PR;DEL01-PR;UOP01-DEL01-PR;;;
700620;26/06/2025;quinta-feira;12:00:00;CE;116;19;ITAITINGA;Rea��o tardia ou ineficiente do condutor;Colis�o traseira;Sem V�timas;Pleno dia;Crescente;C�u Claro;Dupla;Reta;Sim;2;0;0;0;2;0;0;2;-3,928;-38,508;SPRF-CE;DEL01-CE;UOP02-DEL01-CE;;;
700623;26/06/2025;quinta-feira;08:30:00;SC;116;162,6;PONTE ALTA DO NORTE;Condutor Dormindo;Colis�o frontal;Com V�timas Feridas;Pleno dia;Decrescente;Chuva;Simples;Reta;N�o;3;0;1;0;1;1;1;3;-27,14387974;-50,46034455;SPRF-SC;DEL05-SC;UOP03-DEL05-SC;;;
700627;26/06/2025;quinta-feira;12:00:00;PR;369;51;BANDEIRANTES;Rea��o tardia ou ineficiente do condutor;Tombamento;Com V�timas Feridas;Pleno dia;Crescente;C�u Claro;Simples;Rotat�ria;N�o;3;0;2;0;0;1;2;2;-23,11094434;-50,33427922;SPRF-PR;DEL07-PR;UOP05-DEL07-PR;;;
700628;18/06/2025;quarta-feira;14:15:00;RS;470;221;BENTO GONCALVES;Problema com o freio;Colis�o transversal;Com V�timas Feridas;Pleno dia;Crescente;Chuva;Dupla;"Interse��o de Vias;Reta";Sim;2;0;1;0;1;0;1;2;-29,19492623;-51,52080286;SPRF-RS;DEL06-RS;UOP01-DEL06-RS;;;
700629;26/06/2025;quinta-feira;11:15:00;MS;267;482,6;JARDIM;Acessar a via sem observar a presen�a dos outros ve�culos;Colis�o transversal;Sem V�timas;Pleno dia;Decrescente;Nublado;Simples;Reta;Sim;2;0;0;0;2;0;0;2;-21,48096549;-56,15584373;SPRF-MS;DEL05-MS;UOP01-DEL05-MS;;;
700630;26/06/2025;quinta-feira;11:05:00;SC;282;584;PINHALZINHO;Rea��o tardia ou ineficiente do condutor;Tombamento;Com V�timas Feridas;Pleno dia;Crescente;Chuva;Simples;Curva;N�o;2;0;1;0;0;2;1;3;-26,83101438;-53,01863417;SPRF-SC;DEL07-SC;UOP02-DEL07-SC;;;
700633;26/06/2025;quinta-feira;14:00:00;RS;287;248;SANTA MARIA;Suic�dio (presumido);Atropelamento de Pedestre;Com V�timas Fatais;Pleno dia;Crescente;C�u Claro;Dupla;Reta;Sim;7;1;0;0;1;5;0;3;-29,69743807;-53,84667635;SPRF-RS;DEL09-RS;UOP01-DEL09-RS;;;
700640;05/02/2025;quarta-feira;17:00:00;SP;116;220;GUARULHOS;Rea��o tardia ou ineficiente do condutor;Colis�o lateral mesmo sentido;Com V�timas Feridas;Pleno dia;Decrescente;Nublado;M�ltipla;Reta;Sim;3;0;1;0;2;0;1;2;-23,46472809;-46,49793962;SPRF-SP;DEL01-SP;UOP01-DEL01-SP;;;
700642;26/06/2025;quinta-feira;11:40:00;RS;116;121,7;SAO MARCOS;Rea��o tardia ou ineficiente do condutor;Colis�o frontal;Com V�timas Feridas;Pleno dia;Decrescente;Chuva;Simples;Curva;N�o;4;0;1;1;2;0;2;3;-29,01027006;-51,07006263;SPRF-RS;DEL05-RS;UOP01-DEL05-RS;;;
700643;26/06/2025;quinta-feira;14:35:00;SC;101;157;PORTO BELO;Acumulo de �gua sobre o pavimento;Colis�o traseira;Sem V�timas;Pleno dia;Crescente;Chuva;M�ltipla;Reta;N�o;3;0;0;0;2;1;0;2;-27,18495379;-48,61271141;SPRF-SC;DEL04-SC;UOP03-DEL04-SC;;;
700646;26/06/2025;quinta-feira;11:40:00;MS;267;219,5;NOVA ALVORADA DO SUL;Ultrapassagem Indevida;Colis�o lateral mesmo sentido;Com V�timas Feridas;Pleno dia;Decrescente;Nublado;Simples;"Aclive;Reta";N�o;3;0;1;0;1;1;1;3;-21,56742;-54,123958;SPRF-MS;DEL02-MS;UOP01-DEL02-MS;;;
700650;26/06/2025;quinta-feira;14:30:00;PE;101;76;RECIFE;Acessar a via sem observar a presen�a dos outros ve�culos;Colis�o transversal;Sem V�timas;Pleno dia;Decrescente;C�u Claro;Dupla;"Reta;Interse��o de Vias";Sim;2;0;0;0;1;1;0;2;-8,131298;-34,945148;SPRF-PE;DEL01-PE;UOP01-DEL01-PE;;;
700654;26/06/2025;quinta-feira;15:00:00;PE;232;9;JABOATAO DOS GUARARAPES;Condutor deixou de manter dist�ncia do ve�culo da frente;Colis�o traseira;Com V�timas Feridas;Pleno dia;Decrescente;C�u Claro;Dupla;Aclive;Sim;2;0;1;0;0;1;1;2;-8,078273;-34,980738;SPRF-PE;DEL01-PE;UOP01-DEL01-PE;;;
700656;26/06/2025;quinta-feira;14:32:00;RS;386;317,3;MARQUES DE SOUZA;Aus�ncia de rea��o do condutor;Colis�o traseira;Com V�timas Feridas;Pleno dia;Decrescente;C�u Claro;Simples;"Reta;Em Obras";N�o;2;0;0;1;1;0;1;2;-29,26607792;-52,14423966;SPRF-RS;DEL04-RS;UOP01-DEL04-RS;;;
700660;26/06/2025;quinta-feira;14:00:00;MG;116;112;ITAOBIM;Condutor deixou de manter dist�ncia do ve�culo da frente;Colis�o traseira;Com V�timas Feridas;Pleno dia;Crescente;C�u Claro;Simples;Reta;N�o;4;0;2;0;1;1;2;3;-16,5813638;-41,5022163;SPRF-MG;DEL11-MG;UOP02-DEL11-MG;;;
700663;26/06/2025;quinta-feira;14:45:00;SC;282;32;AGUAS MORNAS;Pista Escorregadia;Colis�o lateral sentido oposto;Com V�timas Feridas;Pleno dia;Crescente;Chuva;Simples;Reta;N�o;6;0;1;0;5;0;1;3;-27,70477;-48,814923;SPRF-SC;DEL01-SC;UOP03-DEL01-SC;;;
700664;26/06/2025;quinta-feira;14:50:00;SC;470;96,5;APIUNA;Transitar na contram�o;Colis�o frontal;Com V�timas Feridas;Pleno dia;Decrescente;Chuva;Simples;Reta;N�o;2;0;0;1;1;0;1;2;-27,02563;-49,37728;SPRF-SC;DEL04-SC;UOP01-DEL04-SC;;;