id;data_inversa;dia_semana;horario;uf;br;km;municipio;causa_acidente;tipo_acidente;classificacao_acidente;fase_dia;sentido_via;condicao_metereologica;tipo_pista;tracado_via;uso_solo;pessoas;mortos;feridos_leves;feridos_graves;ilesos;ignorados;feridos;veiculos;latitude;longitude;regional;delegacia;uop;;;
700670;26/06/2025;quinta-feira;14:20:00;BA;116;909,3;CANDIDO SALES;Problema com o freio;Colis�o traseira;Com V�timas Feridas;Pleno dia;Decrescente;Nublado;Simples;"Reta;Ponte";Sim;10;0;4;1;4;4;5;9;-15,51286803;-41,23693082;SPRF-BA;DEL08-BA;UOP03-DEL08-BA;;;
700675;26/06/2025;quinta-feira;16:15:00;PE;101;70;RECIFE;Demais falhas mec�nicas ou el�tricas;Inc�ndio;Sem V�timas;Pleno dia;Crescente;Nublado;M�ltipla;"Reta;Interse��o de Vias";Sim;2;0;0;0;1;1;0;2;-8,072148;-34,94265;SPRF-PE;DEL01-PE;UOP01-DEL01-PE;;;
700678;26/06/2025;quinta-feira;16:00:00;RJ;493;22;MAGE;Restri��o de visibilidade em curvas horizontais;Colis�o lateral mesmo sentido;Sem V�timas;Pleno dia;Decrescente;Sol;Simples;"Em Obras;Curva;Rotat�ria";Sim;3;0;0;0;2;1;0;3;-22,65916553;-43,08992386;SPRF-RJ;DEL04-RJ;UOP02-DEL04-RJ;;;
700684;26/06/2025;quinta-feira;14:30:00;MA;135;69,6;SANTA RITA;Ultrapassagem Indevida;Colis�o lateral mesmo sentido;Sem V�timas;Pleno dia;Crescente;C�u Claro;Dupla;Reta;Sim;3;0;0;0;3;0;0;3;-3,138723;-44,325337;SPRF-MA;DEL01-MA;UOP02-DEL01-MA;;;
700685;26/06/2025;quinta-feira;17:10:00;RS;448;22;PORTO ALEGRE;Manobra de mudan�a de faixa;Colis�o lateral mesmo sentido;Sem V�timas;Anoitecer;Crescente;C�u Claro;Simples;"Curva;Declive;Viaduto";N�o;2;0;0;0;2;0;0;2;-29,97540149;-51,19959354;SPRF-RS;DEL01-RS;UOP01-DEL01-RS;;;
700686;26/06/2025;quinta-feira;17:41:00;SE;235;46;ITABAIANA;Demais falhas na via;Queda de ocupante de ve�culo;Com V�timas Feridas;Anoitecer;Decrescente;C�u Claro;Simples;Reta;N�o;3;0;1;0;2;0;1;3;-10,736913;-37,407282;SPRF-SE;DEL01-SE;UOP02-DEL01-SE;;;
700695;26/06/2025;quinta-feira;18:30:00;MG;40;632,1;CONSELHEIRO LAFAIETE;Desrespeitar a prefer�ncia no cruzamento;Colis�o transversal;Com V�timas Feridas;Plena Noite;Decrescente;C�u Claro;Dupla;"Aclive;Reta";Sim;2;0;1;0;1;0;1;2;-20,67757628;-43,79444428;SPRF-MG;DEL05-MG;UOP02-DEL05-MG;;;
700720;26/06/2025;quinta-feira;15:30:00;SC;280;154,5;MAFRA;Condutor deixou de manter dist�ncia do ve�culo da frente;Colis�o traseira;Sem V�timas;Pleno dia;Crescente;Chuva;Simples;Aclive;N�o;2;0;0;0;2;0;0;2;-26,2129914;-49,72184055;SPRF-SC;DEL06-SC;UOP03-DEL06-SC;;;
700722;26/06/2025;quinta-feira;12:05:00;AC;364;32;ACRELANDIA;Transitar na contram�o;Colis�o frontal;Com V�timas Fatais;Pleno dia;Crescente;Nublado;Simples;Reta;N�o;4;1;1;0;0;3;1;5;-9,938445;-67,027195;SPRF-AC;DEL01-AC;UOP01-DEL01-AC;;;
700726;26/06/2025;quinta-feira;18:05:00;SC;280;1,5;SAO FRANCISCO DO SUL;Acessar a via sem observar a presen�a dos outros ve�culos;Colis�o transversal;Com V�timas Feridas;Plena Noite;Crescente;Chuva;Simples;"Curva;Interse��o de Vias;Em Obras";N�o;3;0;2;0;0;1;2;2;-26,234108;-48,623045;SPRF-SC;DEL03-SC;UOP03-DEL03-SC;;;
700728;26/06/2025;quinta-feira;14:35:00;MT;364;285;JACIARA;Aus�ncia de rea��o do condutor;Colis�o lateral mesmo sentido;Com V�timas Fatais;Pleno dia;Decrescente;C�u Claro;Simples;Reta;N�o;6;1;0;0;4;8;0;13;-15,905277;-55,049903;SPRF-MT;DEL05-MT;UOP02-DEL05-MT;;;
700729;26/06/2025;quinta-feira;21:00:00;RJ;116;237,6;PIRAI;Condutor deixou de manter dist�ncia do ve�culo da frente;Colis�o traseira;Com V�timas Feridas;Plena Noite;Decrescente;C�u Claro;Dupla;Reta;N�o;4;0;1;0;2;1;1;3;-22,6668965;-43,8410961;SPRF-RJ;DEL07-RJ;UOP01-DEL07-RJ;;;
700731;06/06/2025;sexta-feira;08:35:00;MT;174;542;COMODORO;Frear bruscamente;Colis�o traseira;Com V�timas Feridas;Pleno dia;Crescente;C�u Claro;Simples;Reta;N�o;3;0;1;0;1;4;1;6;-13,17507131;-59,87569213;SPRF-MT;DEL04-MT;UOP02-DEL04-MT;;;
700735;26/06/2025;quinta-feira;20:30:00;BA;101;58;ENTRE RIOS;Aus�ncia de sinaliza��o;Tombamento;Com V�timas Feridas;Plena Noite;Crescente;C�u Claro;Dupla;"Reta;Desvio Tempor�rio;Declive";N�o;2;0;1;0;0;1;1;2;-11,935479;-38,05417;SPRF-BA;DEL01-BA;UOP04-DEL01-BA;;;
700736;26/06/2025;quinta-feira;19:55:00;SP;116;512;CAJATI;Rea��o tardia ou ineficiente do condutor;Tombamento;Com V�timas Feridas;Plena Noite;Decrescente;Chuva;Dupla;"Curva;Declive";N�o;2;0;1;0;0;1;1;2;-24,84612594;-48,21350885;SPRF-SP;DEL05-SP;UOP02-DEL05-SP;;;
700740;26/06/2025;quinta-feira;20:45:00;RO;364;198,9;PIMENTA BUENO;Acessar a via sem observar a presen�a dos outros ve�culos;Colis�o lateral mesmo sentido;Com V�timas Feridas;Pleno dia;Crescente;C�u Claro;Dupla;Declive;Sim;3;0;1;0;0;2;1;3;-11,663038;-61,191455;SPRF-RO;DEL02-RO;UOP02-DEL02-RO;;;
700742;26/06/2025;quinta-feira;21:45:00;PE;232;181;BELO JARDIM;Aus�ncia de rea��o do condutor;Colis�o frontal;Sem V�timas;Plena Noite;Crescente;Nublado;Simples;Reta;Sim;2;0;0;0;1;1;0;2;-8,34790137;-36,44321441;SPRF-PE;DEL03-PE;UOP02-DEL03-PE;;;
700743;26/06/2025;quinta-feira;21:00:00;MT;364;573;DIAMANTINO;Acessar a via sem observar a presen�a dos outros ve�culos;Colis�o transversal;Sem V�timas;Plena Noite;Crescente;C�u Claro;Dupla;"Aclive;Reta";N�o;2;0;0;0;1;1;0;2;-14,65106;-56,28694;SPRF-MT;DEL01-MT;UOP01-DEL01-MT;;;
700747;26/06/2025;quinta-feira;19:45:00;PR;277;136,9;CAMPO LARGO;Demais falhas mec�nicas ou el�tricas;Inc�ndio;Sem V�timas;Plena Noite;Crescente;Chuva;Simples;"Aclive;Reta";N�o;2;0;0;0;1;3;0;4;-25,4567749;-49,6378127;SPRF-PR;DEL03-PR;UOP03-DEL03-PR;;;
700750;26/06/2025;quinta-feira;16:30:00;BA;242;262;BOA VISTA DO TUPIM;Pista Escorregadia;Colis�o transversal;Com V�timas Fatais;Pleno dia;Crescente;Chuva;Simples;Curva;N�o;3;1;0;0;1;1;0;3;-12,468948;-40,555335;SPRF-BA;DEL06-BA;UOP02-DEL06-BA;;;
700753;26/06/2025;quinta-feira;17:45:00;BA;324;555;AMELIA RODRIGUES;Rea��o tardia ou ineficiente do condutor;Sa�da de leito carro��vel;Sem V�timas;Anoitecer;Decrescente;Nublado;Dupla;Reta;N�o;1;0;0;0;1;0;0;1;-12,477134;-38,673893;SPRF-BA;DEL01-BA;UOP03-DEL01-BA;;;
700755;26/06/2025;quinta-feira;23:30:00;RS;153;491;CACAPAVA DO SUL;Demais falhas mec�nicas ou el�tricas;Inc�ndio;Sem V�timas;Plena Noite;Decrescente;Nublado;Simples;"Rotat�ria;Reta";N�o;2;0;0;0;1;1;0;2;-30,415562;-53,372808;SPRF-RS;DEL09-RS;UOP02-DEL09-RS;;;
700756;26/06/2025;quinta-feira;23:00:00;MG;381;652;SANTO ANTONIO DO AMPARO;Acesso irregular;Tombamento;Com V�timas Feridas;Plena Noite;Crescente;Nublado;Dupla;Reta;N�o;2;0;1;0;0;1;1;2;-20,96512;-44,930507;SPRF-MG;DEL04-MG;UOP02-DEL04-MG;;;
700759;26/06/2025;quinta-feira;22:00:00;PA;230;149,3;MARABA;Rea��o tardia ou ineficiente do condutor;Sa�da de leito carro��vel;Com V�timas Feridas;Plena Noite;Decrescente;C�u Claro;Simples;Curva;N�o;2;0;1;0;0;1;1;2;-5,21540852;-49,34818268;SPRF-PA;DEL03-PA;UOP01-DEL03-PA;;;
700761;27/06/2025;sexta-feira;00:22:00;TO;153;135;ARAGUAINA;Aus�ncia de rea��o do condutor;Colis�o lateral mesmo sentido;Com V�timas Feridas;Plena Noite;Decrescente;C�u Claro;Simples;Reta;Sim;3;0;1;0;1;2;1;4;-7,135157;-48,20047;SPRF-TO;DEL02-TO;UOP01-DEL02-TO;;;
700769;27/06/2025;sexta-feira;03:20:00;PR;376;136;NOVA ESPERANCA;Ingest�o de �lcool pelo condutor;Colis�o frontal;Com V�timas Feridas;Plena Noite;Crescente;Nevoeiro/Neblina;Simples;"Reta;Desvio Tempor�rio;Em Obras";Sim;4;0;2;0;1;1;2;3;-23,204567;-52,195347;SPRF-PR;DEL09-PR;UOP02-DEL09-PR;;;
700771;27/06/2025;sexta-feira;04:00:00;RS;116;234;ESTANCIA VELHA;Ingest�o de �lcool pelo condutor;Colis�o lateral sentido oposto;Sem V�timas;Plena Noite;Decrescente;C�u Claro;Simples;"Aclive;Reta";N�o;3;0;0;0;3;0;0;2;-29,63374258;-51,14294744;SPRF-RS;DEL01-RS;UOP02-DEL01-RS;;;
700776;26/06/2025;quinta-feira;20:50:00;TO;10;479,5;PALMAS;Aus�ncia de rea��o do condutor;Sa�da de leito carro��vel;Com V�timas Feridas;Plena Noite;Decrescente;C�u Claro;Simples;"Aclive;Curva";N�o;2;0;1;0;0;3;1;4;-10,23759;-48,186947;SPRF-TO;DEL01-TO;UOP03-DEL01-TO;;;
700777;27/06/2025;sexta-feira;04:35:00;RS;392;9,5;RIO GRANDE;Transitar na contram�o;Colis�o lateral sentido oposto;Sem V�timas;Plena Noite;Crescente;Ignorado;Simples;Reta;N�o;3;0;0;0;2;2;0;4;-32,1118772;-52,11399078;SPRF-RS;DEL07-RS;UOP02-DEL07-RS;;;
700778;27/06/2025;sexta-feira;05:15:00;GO;70;1;AGUAS LINDAS DE GOIAS;Condutor Dormindo;Colis�o traseira;Sem V�timas;Amanhecer;Crescente;C�u Claro;Dupla;"Reta;Aclive";Sim;2;0;0;0;2;0;0;2;-15,77352524;-48,23144152;SPRF-DF;DEL03-DF;UOP02-DEL03-DF;;;
700781;27/06/2025;sexta-feira;03:00:00;GO;153;262;SAO LUIZ DO NORTE;Demais falhas mec�nicas ou el�tricas;Inc�ndio;Sem V�timas;Plena Noite;Crescente;C�u Claro;Simples;"Reta;Aclive";N�o;2;0;0;0;1;1;0;2;-14,97564894;-49,39348698;SPRF-GO;DEL07-GO;UOP02-DEL07-GO;;;
700783;27/06/2025;sexta-feira;05:38:00;ES;101;131;LINHARES;Falta de acostamento;Colis�o traseira;Com V�timas Fatais;Plena Noite;Crescente;Nevoeiro/Neblina;Dupla;Aclive;N�o;3;1;0;0;1;1;0;3;-19,239573;-40,091783;SPRF-ES;DEL04-ES;UOP01-DEL04-ES;;;
700785;27/06/2025;sexta-feira;05:15:00;MT;70;509;CUIABA;Ultrapassagem Indevida;Colis�o lateral sentido oposto;Sem V�timas;Amanhecer;Crescente;C�u Claro;Simples;Curva;N�o;4;0;0;0;2;7;0;9;-15,6934333;-56,095365;SPRF-MT;DEL01-MT;UOP02-DEL01-MT;;;
700786;27/06/2025;sexta-feira;01:30:00;PR;277;272;IRATI;Aus�ncia de rea��o do condutor;Colis�o lateral sentido oposto;Com V�timas Feridas;Plena Noite;Crescente;Garoa/Chuvisco;Simples;Reta;N�o;4;0;0;1;2;2;1;5;-25,382;-50,86;SPRF-PR;DEL08-PR;UOP02-DEL08-PR;;;
700787;27/06/2025;sexta-feira;04:50:00;MS;163;17;MUNDO NOVO;Aus�ncia de rea��o do condutor;Colis�o traseira;Com V�timas Feridas;Plena Noite;Crescente;Nublado;Simples;"Declive;Reta";N�o;3;0;1;0;0;2;1;3;-23,94578669;-54,28360669;SPRF-MS;DEL09-MS;UOP02-DEL09-MS;;;
700793;27/06/2025;sexta-feira;07:00:00;SC;470;152,7;AGRONOMICA;Transitar na contram�o;Colis�o frontal;Com V�timas Feridas;Pleno dia;Decrescente;Nublado;Simples;Reta;N�o;5;0;1;2;1;1;3;3;-27,25524168;-49,70706368;SPRF-SC;DEL04-SC;UOP02-DEL04-SC;;;
700797;27/06/2025;sexta-feira;06:30:00;MS;163;475,7;CAMPO GRANDE;Acessar a via sem observar a presen�a dos outros ve�culos;Colis�o transversal;Com V�timas Feridas;Pleno dia;Decrescente;Nevoeiro/Neblina;Simples;"Reta;Interse��o de Vias";Sim;4;0;1;0;2;1;1;3;-20,513947;-54,562576;SPRF-MS;DEL01-MS;UOP01-DEL01-MS;;;
700801;27/06/2025;sexta-feira;07:05:00;PR;369;494,2;CASCAVEL;Ultrapassagem Indevida;Colis�o lateral mesmo sentido;Com V�timas Feridas;Amanhecer;Crescente;Nevoeiro/Neblina;Simples;Reta;N�o;5;0;1;0;3;1;1;5;-24,86484588;-53,33838835;SPRF-PR;DEL04-PR;UOP01-DEL04-PR;;;
700802;27/06/2025;sexta-feira;07:30:00;GO;153;505;APARECIDA DE GOIANIA;Objeto est�tico sobre o leito carro��vel;Colis�o transversal;Sem V�timas;Pleno dia;Crescente;C�u Claro;Simples;Reta;Sim;2;0;0;0;1;1;0;2;-16,73628658;-49,24299985;SPRF-GO;DEL01-GO;UOP01-DEL01-GO;;;
700805;27/06/2025;sexta-feira;05:40:00;MG;262;39;MANHUACU;Ingest�o de �lcool pelo condutor;Colis�o transversal;Com V�timas Feridas;Pleno dia;Crescente;C�u Claro;Simples;"Reta;Declive";Sim;3;0;1;0;1;1;1;3;-20,27409444;-42,05020219;SPRF-MG;DEL06-MG;UOP03-DEL06-MG;;;
700808;27/06/2025;sexta-feira;07:50:00;PB;101;55,5;SANTA RITA;Rea��o tardia ou ineficiente do condutor;Colis�o traseira;Com V�timas Feridas;Pleno dia;Crescente;C�u Claro;Dupla;Curva;N�o;4;0;2;0;2;0;2;2;-6,965337;-35,084868;SPRF-PB;DEL01-PB;UOP03-DEL01-PB;;;
700817;27/06/2025;sexta-feira;06:15:00;PR;376;445;IPIRANGA;Condutor Dormindo;Tombamento;Com V�timas Fatais;Amanhecer;Crescente;C�u Claro;Dupla;"Aclive;Curva";N�o;1;1;0;0;0;0;0;1;-24,84947055;-50,47264467;SPRF-PR;DEL03-PR;UOP02-DEL03-PR;;;
700818;27/06/2025;sexta-feira;08:20:00;SC;101;120;ITAJAI;Rea��o tardia ou ineficiente do condutor;Colis�o lateral mesmo sentido;Sem V�timas;Pleno dia;Decrescente;C�u Claro;Dupla;Reta;Sim;3;0;0;0;2;1;0;3;-26,91479946;-48,71123314;SPRF-SC;DEL04-SC;UOP04-DEL04-SC;;;
700819;26/06/2025;quinta-feira;00:10:00;RJ;116;306;RESENDE;Condutor deixou de manter dist�ncia do ve�culo da frente;Colis�o traseira;Com V�timas Feridas;Plena Noite;Decrescente;C�u Claro;Dupla;Reta;Sim;2;0;1;0;0;1;1;2;-22,45572457;-44,39394629;SPRF-RJ;DEL07-RJ;UOP02-DEL07-RJ;;;
700835;27/06/2025;sexta-feira;07:50:00;MG;262;166;SAO DOMINGOS DO PRATA;Condutor Dormindo;Colis�o lateral sentido oposto;Com V�timas Feridas;Pleno dia;Decrescente;C�u Claro;Simples;"Curva;Aclive";N�o;3;0;0;1;1;4;1;6;-19,95398725;-42,87208557;SPRF-MG;DEL03-MG;UOP03-DEL03-MG;;;
700836;27/06/2025;sexta-feira;08:10:00;RS;470;3,5;BARRACAO;Aus�ncia de sinaliza��o;Sa�da de leito carro��vel;Com V�timas Feridas;Pleno dia;Decrescente;Nublado;Simples;Curva;N�o;2;0;1;0;0;1;1;2;-27,6193;-51,4877;SPRF-RS;DEL08-RS;UOP05-DEL08-RS;;;
700840;27/06/2025;sexta-feira;09:50:00;RJ;101;297;SAO GONCALO;Acessar a via sem observar a presen�a dos outros ve�culos;Colis�o lateral mesmo sentido;Com V�timas Feridas;Pleno dia;Decrescente;C�u Claro;Dupla;Reta;Sim;2;0;1;0;1;0;1;2;-22,790144;-43,0309376;SPRF-RJ;DEL02-RJ;UOP02-DEL02-RJ;;;
700843;27/06/2025;sexta-feira;09:40:00;AL;316;268;SATUBA;Chuva;Colis�o lateral sentido oposto;Com V�timas Feridas;Pleno dia;Crescente;Chuva;Simples;Curva;N�o;2;0;0;1;1;0;1;2;-9,580744;-35,839538;SPRF-AL;DEL02-AL;UOP01-DEL02-AL;;;
700845;27/06/2025;sexta-feira;10:48:00;SP;116;289;ITAPECERICA DA SERRA;Aus�ncia de sinaliza��o;Colis�o lateral mesmo sentido;Com V�timas Feridas;Pleno dia;Decrescente;Nublado;Dupla;Curva;Sim;3;0;1;0;1;1;1;3;-23,71733448;-46,88108525;SPRF-SP;DEL04-SP;UOP01-DEL04-SP;;;
700847;27/06/2025;sexta-feira;09:20:00;BA;116;503;SANTA TERESINHA;Rea��o tardia ou ineficiente do condutor;Engavetamento;Com V�timas Feridas;Pleno dia;Decrescente;Nublado;Simples;Reta;N�o;5;0;1;0;3;2;1;6;-12,60028677;-39,54203725;SPRF-BA;DEL02-BA;UOP01-DEL02-BA;;;
700848;27/06/2025;sexta-feira;09:30:00;SC;101;16,4;GARUVA;Manobra de mudan�a de faixa;Colis�o lateral mesmo sentido;Com V�timas Feridas;Pleno dia;Crescente;Nublado;Dupla;"Reta;Declive";Sim;2;0;1;0;0;1;1;2;-26,115315;-48,877364;SPRF-SC;DEL03-SC;UOP01-DEL03-SC;;;
700858;27/06/2025;sexta-feira;12:50:00;SC;470;152,6;AGRONOMICA;Manobra de mudan�a de faixa;Colis�o frontal;Com V�timas Feridas;Pleno dia;Crescente;Nublado;Simples;"Curva;Em Obras";N�o;2;0;0;1;1;0;1;2;-27,27206317;-49,73356247;SPRF-SC;DEL04-SC;UOP02-DEL04-SC;;;
700862;27/06/2025;sexta-feira;11:08:00;RO;364;426;JARU;Desrespeitar a prefer�ncia no cruzamento;Colis�o transversal;Sem V�timas;Pleno dia;Crescente;C�u Claro;Simples;"Reta;Interse��o de Vias";Sim;3;0;0;0;2;2;0;4;-10,42806429;-62,48640673;SPRF-RO;DEL03-RO;UOP02-DEL03-RO;;;
700866;27/06/2025;sexta-feira;09:30:00;RS;472;464;ITAQUI;Rea��o tardia ou ineficiente do condutor;Colis�o traseira;Com V�timas Feridas;Pleno dia;Decrescente;C�u Claro;Simples;Reta;N�o;3;0;2;0;1;0;2;2;-29,115889;-56,295904;SPRF-RS;DEL12-RS;UOP01-DEL12-RS;;;
700872;27/06/2025;sexta-feira;14:12:00;ES;262;34;DOMINGOS MARTINS;Aus�ncia de rea��o do condutor;Colis�o frontal;Com V�timas Feridas;Pleno dia;Decrescente;C�u Claro;Simples;"Declive;Curva";N�o;6;0;1;2;2;1;3;4;-20,37286062;-40,59232573;SPRF-ES;DEL01-ES;UOP01-DEL01-ES;;;
700874;27/06/2025;sexta-feira;08:00:00;PR;277;594,9;CASCAVEL;Problema com o freio;Colis�o frontal;Com V�timas Feridas;Pleno dia;Crescente;Nevoeiro/Neblina;Simples;"Curva;Interse��o de Vias;Viaduto";Sim;2;0;1;0;1;0;1;2;-24,980624;-53,500488;SPRF-PR;DEL04-PR;UOP01-DEL04-PR;;;
700889;27/06/2025;sexta-feira;14:40:00;SP;116;324;JUQUITIBA;Demais falhas mec�nicas ou el�tricas;Inc�ndio;Sem V�timas;Pleno dia;Decrescente;Chuva;Dupla;Reta;N�o;2;0;0;0;1;1;0;2;-23,94042256;-47,04336114;SPRF-SP;DEL04-SP;UOP03-DEL04-SP;;;
700894;27/06/2025;sexta-feira;12:15:00;GO;153;326,9;RIANAPOLIS;Velocidade Incompat�vel;Tombamento;Com V�timas Feridas;Pleno dia;Decrescente;C�u Claro;Simples;"Reta;Aclive";N�o;2;0;1;0;0;1;1;2;-15,51969664;-49,46830273;SPRF-GO;DEL02-GO;UOP02-DEL02-GO;;;
700895;27/06/2025;sexta-feira;16:30:00;SC;101;126,1;ITAJAI;Ingest�o de �lcool pelo condutor;Colis�o transversal;Sem V�timas;Pleno dia;Crescente;Nublado;Dupla;Reta;Sim;2;0;0;0;2;0;0;2;-26,96184057;-48,68198323;SPRF-SC;DEL04-SC;UOP04-DEL04-SC;;;
700896;27/06/2025;sexta-feira;17:00:00;SC;101;207;SAO JOSE;Rea��o tardia ou ineficiente do condutor;Colis�o traseira;Com V�timas Feridas;Anoitecer;Crescente;Nublado;M�ltipla;Reta;Sim;3;0;1;0;1;1;1;2;-27,5985509;-48,6210541;SPRF-SC;DEL01-SC;UOP01-DEL01-SC;;;
700899;26/05/2025;segunda-feira;17:30:00;MG;381;938,8;EXTREMA;Rea��o tardia ou ineficiente do condutor;Engavetamento;Com V�timas Feridas;Pleno dia;Decrescente;C�u Claro;Dupla;Reta;N�o;7;0;3;0;3;1;3;6;-22,81832;-46,29633;SPRF-MG;DEL16-MG;UOP03-DEL16-MG;;;
700909;03/05/2025;s�bado;19:00:00;PA;163;430;ITAITUBA;Demais falhas mec�nicas ou el�tricas;Colis�o com objeto;Sem V�timas;Anoitecer;Crescente;C�u Claro;Simples;"Reta;Aclive";N�o;5;0;0;0;2;6;0;7;-6,07176065;-55,66222;SPRF-PA;DEL05-PA;UOP03-DEL05-PA;;;
700910;27/06/2025;sexta-feira;10:00:00;RO;364;70;VILHENA;Ultrapassagem Indevida;Colis�o lateral sentido oposto;Com V�timas Feridas;Pleno dia;Crescente;C�u Claro;Simples;"Declive;Reta";N�o;9;0;1;1;6;4;2;9;-12,46247459;-60,501537;SPRF-RO;DEL04-RO;UOP01-DEL04-RO;;;
700911;27/06/2025;sexta-feira;17:42:00;GO;70;2;AGUAS LINDAS DE GOIAS;Demais falhas mec�nicas ou el�tricas;Colis�o traseira;Com V�timas Feridas;Anoitecer;Crescente;C�u Claro;Dupla;Reta;N�o;8;0;4;2;1;1;6;3;-15,76266319;-48,23370337;SPRF-DF;DEL03-DF;UOP02-DEL03-DF;;;
700913;27/06/2025;sexta-feira;17:35:00;PE;101;80,3;JABOATAO DOS GUARARAPES;Manobra de mudan�a de faixa;Colis�o lateral mesmo sentido;Com V�timas Feridas;Anoitecer;Decrescente;Chuva;Dupla;"Interse��o de Vias;Retorno Regulamentado";Sim;4;0;0;1;2;1;1;3;-8,1535;-34,94146;SPRF-PE;DEL01-PE;UOP01-DEL01-PE;;;
700915;27/06/2025;sexta-feira;17:04:00;SP;153;256,9;MARILIA;Aus�ncia de rea��o do condutor;Atropelamento de Pedestre;Com V�timas Feridas;Pleno dia;Crescente;C�u Claro;Dupla;Reta;Sim;4;0;0;1;2;1;1;4;-22,24248046;-49,9200511;SPRF-SP;DEL07-SP;UOP02-DEL07-SP;;;
700919;27/02/2025;quinta-feira;21:30:00;PR;277;3;PARANAGUA;Condutor deixou de manter dist�ncia do ve�culo da frente;Engavetamento;Com V�timas Feridas;Plena Noite;Crescente;C�u Claro;Simples;Reta;Sim;5;0;2;0;2;3;2;6;-25,54601444;-48,56017828;SPRF-PR;DEL01-PR;UOP05-DEL01-PR;;;
700933;27/06/2025;sexta-feira;15:40:00;MG;356;281,3;EUGENOPOLIS;Ingest�o de �lcool pelo condutor;Colis�o lateral mesmo sentido;Com V�timas Feridas;Pleno dia;Decrescente;Sol;Simples;Reta;N�o;3;0;1;0;1;3;1;5;-21,12701881;-42,23891258;SPRF-MG;DEL07-MG;UOP02-DEL07-MG;;;
700939;27/06/2025;sexta-feira;18:30:00;SC;101;112;ITAJAI;Trafegar com motocicleta (ou similar) entre as faixas;Colis�o lateral mesmo sentido;Com V�timas Feridas;Plena Noite;Decrescente;Nublado;M�ltipla;Reta;Sim;3;0;1;0;1;1;1;3;-26,8474089;-48,72238509;SPRF-SC;DEL04-SC;UOP04-DEL04-SC;;;
700950;27/06/2025;sexta-feira;17:56:00;PR;376;32,9;NOVA LONDRINA;Acessar a via sem observar a presen�a dos outros ve�culos;Colis�o transversal;Com V�timas Feridas;Anoitecer;Crescente;C�u Claro;Simples;Reta;Sim;3;0;0;1;1;2;1;4;-22,78249;-52,987166;SPRF-PR;DEL09-PR;UOP02-DEL09-PR;;;
700956;27/06/2025;sexta-feira;18:15:00;MG;381;266;ANTONIO DIAS;Transitar no Acostamento;Colis�o transversal;Com V�timas Feridas;Plena Noite;Crescente;C�u Claro;Simples;Reta;N�o;3;0;1;0;1;1;1;3;-19,53186009;-42,67235577;SPRF-MG;DEL03-MG;UOP02-DEL03-MG;;;
700959;27/06/2025;sexta-feira;19:40:00;PR;376;390,7;IMBAU;Velocidade Incompat�vel;Tombamento;Com V�timas Feridas;Plena Noite;Crescente;Nublado;Dupla;"Curva;Declive";N�o;2;0;0;1;0;1;1;2;-24,47861;-50,736;SPRF-PR;DEL03-PR;UOP02-DEL03-PR;;;
700962;27/06/2025;sexta-feira;16:50:00;RS;158;502,7;SANTANA DO LIVRAMENTO;Ultrapassagem Indevida;Colis�o lateral sentido oposto;Com V�timas Feridas;Pleno dia;Decrescente;C�u Claro;Simples;"Reta;Aclive";N�o;9;0;2;0;6;3;2;7;-30,53895902;-55,07636189;SPRF-RS;DEL11-RS;UOP01-DEL11-RS;;;
700964;27/06/2025;sexta-feira;19:20:00;MG;365;570;INDIANOPOLIS;Aus�ncia de rea��o do condutor;Colis�o traseira;Com V�timas Feridas;Plena Noite;Crescente;C�u Claro;Simples;"Declive;Reta";N�o;4;0;3;0;0;2;3;4;-18,917;-47,848;SPRF-MG;DEL15-MG;UOP02-DEL15-MG;;;
700968;27/06/2025;sexta-feira;21:15:00;MG;381;355;JOAO MONLEVADE;Velocidade Incompat�vel;Tombamento;Com V�timas Fatais;Plena Noite;Crescente;C�u Claro;Simples;Curva;N�o;2;1;0;0;0;1;0;2;-19,85095434;-43,21738243;SPRF-MG;DEL03-MG;UOP01-DEL03-MG;;;
700976;27/06/2025;sexta-feira;17:45:00;MT;163;1085;GUARANTA DO NORTE;Convers�o proibida;Colis�o lateral mesmo sentido;Com V�timas Fatais;Anoitecer;Crescente;C�u Claro;Simples;"Aclive;Curva";N�o;3;1;0;0;1;2;0;4;-9,78425;-54,910053;SPRF-MT;DEL06-MT;UOP03-DEL06-MT;;;
700981;27/06/2025;sexta-feira;11:00:00;BA;235;143;JEREMOABO;Velocidade Incompat�vel;Tombamento;Com V�timas Feridas;Pleno dia;Decrescente;Ignorado;Simples;Curva;N�o;2;0;1;0;0;1;1;2;-9,901742;-38,81094;SPRF-BA;DEL07-BA;UOP03-DEL07-BA;;;
700998;27/06/2025;sexta-feira;10:30:00;RJ;116;214;SEROPEDICA;Demais falhas mec�nicas ou el�tricas;Inc�ndio;Sem V�timas;Pleno dia;Decrescente;C�u Claro;Dupla;Reta;N�o;2;0;0;0;1;1;0;2;-22,7147776;-43,7223424;SPRF-RJ;DEL06-RJ;UOP02-DEL06-RJ;;;
701001;27/06/2025;sexta-feira;20:15:00;PR;163;25;SANTO ANTONIO DO SUDOESTE;Velocidade Incompat�vel;Colis�o traseira;Com V�timas Feridas;Plena Noite;Crescente;Nevoeiro/Neblina;Simples;Curva;N�o;5;0;1;0;3;2;1;4;-26,134148;-53,680512;SPRF-PR;DEL02-PR;UOP02-DEL02-PR;;;