id;data_inversa;dia_semana;horario;uf;br;km;municipio;causa_acidente;tipo_acidente;classificacao_acidente;fase_dia;sentido_via;condicao_metereologica;tipo_pista;tracado_via;uso_solo;pessoas;mortos;feridos_leves;feridos_graves;ilesos;ignorados;feridos;veiculos;latitude;longitude;regional;delegacia;uop;;;
701010;28/06/2025;s�bado;00:30:00;DF;70;10;BRASILIA;Aus�ncia de rea��o do condutor;Colis�o lateral mesmo sentido;Sem V�timas;Plena Noite;Crescente;C�u Claro;Dupla;Reta;Sim;2;0;0;0;2;0;0;2;-15,788782;-48,14625;SPRF-DF;DEL03-DF;UOP02-DEL03-DF;;;
701011;27/06/2025;sexta-feira;20:30:00;PA;163;83;ALTAMIRA;Carga excessiva e/ou mal acondicionada;Derramamento de carga;Sem V�timas;Plena Noite;Decrescente;C�u Claro;Simples;Curva;N�o;2;0;0;0;1;1;0;2;-8,8959;-54,9894;SPRF-MT;DEL06-MT;UOP03-DEL06-MT;;;
701018;28/06/2025;s�bado;01:30:00;MG;381;410,9;CAETE;Estacionar ou parar em local proibido;Colis�o traseira;Com V�timas Feridas;Plena Noite;Crescente;C�u Claro;Dupla;Reta;Sim;3;0;1;0;1;1;1;3;-19,74282;-43,61368;SPRF-MG;DEL01-MG;UOP01-DEL01-MG;;;
701025;28/06/2025;s�bado;01:30:00;RJ;495;31;PETROPOLIS;Velocidade Incompat�vel;Colis�o lateral sentido oposto;Com V�timas Feridas;Plena Noite;Crescente;C�u Claro;Simples;Curva;N�o;3;0;0;2;1;0;2;2;-22,390513;-43,12522;SPRF-RJ;DEL05-RJ;UOP02-DEL05-RJ;;;
701031;28/06/2025;s�bado;05:30:00;GO;153;525;HIDROLANDIA;Condutor deixou de manter dist�ncia do ve�culo da frente;Colis�o traseira;Com V�timas Feridas;Plena Noite;Decrescente;C�u Claro;Dupla;Reta;N�o;4;0;2;0;2;0;2;2;-16,921325;-49,252517;SPRF-GO;DEL01-GO;UOP03-DEL01-GO;;;
701040;28/06/2025;s�bado;03:40:00;MG;381;508;SAO JOAQUIM DE BICAS;Demais falhas mec�nicas ou el�tricas;Inc�ndio;Sem V�timas;Plena Noite;Decrescente;C�u Claro;M�ltipla;Reta;Sim;2;0;0;0;0;2;0;2;-20,0447631;-44,2712153;SPRF-MG;DEL01-MG;UOP03-DEL01-MG;;;
701041;28/06/2025;s�bado;03:47:00;MA;230;143;PASTOS BONS;Ultrapassagem Indevida;Colis�o frontal;Com V�timas Fatais;Plena Noite;Crescente;C�u Claro;Simples;Reta;Sim;3;1;0;0;0;2;0;3;-6,60493;-44,092598;SPRF-MA;DEL05-MA;UOP01-DEL05-MA;;;
701045;28/06/2025;s�bado;07:30:00;ES;101;100;JAGUARE;Ultrapassagem Indevida;Colis�o frontal;Com V�timas Feridas;Pleno dia;Decrescente;Sol;Simples;Reta;N�o;3;0;0;1;1;1;1;3;-18,98246939;-39,99647554;SPRF-ES;DEL04-ES;UOP02-DEL04-ES;;;
701052;28/06/2025;s�bado;07:50:00;PE;232;147;SAO CAITANO;Ultrapassagem Indevida;Colis�o lateral mesmo sentido;Com V�timas Feridas;Pleno dia;Crescente;C�u Claro;Dupla;Reta;Sim;2;0;0;1;1;0;1;2;-8,3293;-36,1234;SPRF-PE;DEL03-PE;UOP02-DEL03-PE;;;
701053;28/06/2025;s�bado;03:00:00;MA;10;175;CAMPESTRE DO MARANHAO;Acesso irregular;Colis�o lateral sentido oposto;Com V�timas Feridas;Plena Noite;Decrescente;C�u Claro;Simples;Reta;N�o;4;0;1;0;2;3;1;5;-6,183697;-47,362242;SPRF-MA;DEL04-MA;UOP02-DEL04-MA;;;
701059;28/06/2025;s�bado;07:10:00;SC;280;101,4;SAO BENTO DO SUL;Rea��o tardia ou ineficiente do condutor;Tombamento;Com V�timas Feridas;Pleno dia;Decrescente;Chuva;Simples;Curva;N�o;3;0;0;1;0;2;1;3;-26,364;-49,34;SPRF-SC;DEL06-SC;UOP03-DEL06-SC;;;
701062;28/06/2025;s�bado;07:30:00;MG;251;398,2;GRAO MOGOL;Pista Escorregadia;Sa�da de leito carro��vel;Com V�timas Fatais;Pleno dia;Crescente;Garoa/Chuvisco;Simples;"Declive;Curva";N�o;3;1;1;0;0;1;1;3;-16,21368559;-42,87757874;SPRF-MG;DEL12-MG;UOP01-DEL12-MG;;;
701064;13/05/2025;ter�a-feira;19:00:00;MT;364;119;RONDONOPOLIS;Chuva;Queda de ocupante de ve�culo;Com V�timas Fatais;Plena Noite;Crescente;Garoa/Chuvisco;Dupla;Reta;N�o;3;1;0;0;1;1;0;3;-16,49310321;-54,64709613;SPRF-MT;DEL02-MT;UOP02-DEL02-MT;;;
701069;28/06/2025;s�bado;08:02:00;PI;222;1;SAO JOAO DA FRONTEIRA;Demais falhas mec�nicas ou el�tricas;Colis�o lateral sentido oposto;Com V�timas Fatais;Pleno dia;Crescente;C�u Claro;Simples;"Curva;Declive";N�o;3;1;0;0;1;4;0;6;-3,91895255;-41,23012304;SPRF-PI;DEL02-PI;UOP01-DEL02-PI;;;
701073;28/06/2025;s�bado;07:40:00;SP;116;473;JACUPIRANGA;Aus�ncia de rea��o do condutor;Sa�da de leito carro��vel;Com V�timas Fatais;Pleno dia;Decrescente;C�u Claro;M�ltipla;Reta;N�o;3;1;1;0;0;3;1;5;-24,67630107;-47,97990974;SPRF-SP;DEL05-SP;UOP01-DEL05-SP;;;
701077;28/06/2025;s�bado;11:20:00;MG;267;294,7;BAEPENDI;Suic�dio (presumido);Colis�o frontal;Com V�timas Feridas;Pleno dia;Crescente;Sol;Simples;"Aclive;Reta";N�o;3;0;0;1;1;2;1;4;-21,9336925;-44,851302;SPRF-MG;DEL17-MG;UOP01-DEL17-MG;;;
701082;28/06/2025;s�bado;11:10:00;PR;376;488;PONTA GROSSA;Ingest�o de �lcool pelo condutor;Colis�o lateral mesmo sentido;Sem V�timas;Pleno dia;Decrescente;C�u Claro;Dupla;Reta;Sim;3;0;0;0;1;2;0;3;-25,08482595;-50,19154279;SPRF-PR;DEL03-PR;UOP04-DEL03-PR;;;
701083;28/06/2025;s�bado;10:50:00;MG;262;61;MATIPO;Acessar a via sem observar a presen�a dos outros ve�culos;Colis�o lateral mesmo sentido;Sem V�timas;Pleno dia;Decrescente;C�u Claro;Simples;"Reta;Aclive";N�o;3;0;0;0;2;1;0;3;-20,292727;-42,216776;SPRF-MG;DEL06-MG;UOP03-DEL06-MG;;;
701087;28/06/2025;s�bado;12:30:00;RJ;116;294;BARRA MANSA;Aus�ncia de rea��o do condutor;Colis�o com objeto;Com V�timas Feridas;Pleno dia;Decrescente;C�u Claro;Dupla;Reta;N�o;1;0;0;1;0;0;1;1;-22,45918833;-44,29096333;SPRF-RJ;DEL07-RJ;UOP02-DEL07-RJ;;;
701091;28/06/2025;s�bado;12:30:00;PE;101;58,1;RECIFE;Aus�ncia de rea��o do condutor;Colis�o traseira;Com V�timas Feridas;Pleno dia;Decrescente;Chuva;Dupla;Aclive;N�o;8;0;6;0;1;1;6;3;-7,971211;-34,920768;SPRF-PE;DEL01-PE;UOP02-DEL01-PE;;;
701092;08/01/2025;quarta-feira;11:20:00;DF;70;6,5;BRASILIA;Aus�ncia de rea��o do condutor;Colis�o traseira;Com V�timas Feridas;Pleno dia;Decrescente;Nublado;M�ltipla;"Reta;Declive";Sim;3;0;0;1;1;1;1;3;-15,791242;-48,105759;SPRF-DF;DEL03-DF;UOP02-DEL03-DF;;;
701093;28/06/2025;s�bado;11:40:00;MG;365;420;PATOS DE MINAS;Transitar na contram�o;Colis�o frontal;Com V�timas Fatais;Pleno dia;Decrescente;C�u Claro;Simples;Reta;N�o;3;1;1;0;1;0;1;2;-18,69389;-46,59172;SPRF-MG;DEL10-MG;UOP01-DEL10-MG;;;
701095;28/06/2025;s�bado;13:13:00;CE;116;12,9;FORTALEZA;Manobra de mudan�a de faixa;Colis�o traseira;Com V�timas Feridas;Pleno dia;Decrescente;C�u Claro;M�ltipla;Reta;Sim;3;0;2;0;1;0;2;2;-3,860663;-38,496725;SPRF-CE;DEL01-CE;UOP02-DEL01-CE;;;
701098;28/06/2025;s�bado;10:40:00;RJ;40;111;DUQUE DE CAXIAS;Condutor deixou de manter dist�ncia do ve�culo da frente;Colis�o traseira;Com V�timas Feridas;Pleno dia;Decrescente;Sol;M�ltipla;Reta;Sim;4;0;2;0;2;0;2;3;-22,69193142;-43,28731498;SPRF-RJ;DEL01-RJ;UOP02-DEL01-RJ;;;
701099;28/06/2025;s�bado;07:35:00;SP;153;302,7;CAMPOS NOVOS PAULISTA;Demais falhas mec�nicas ou el�tricas;Derramamento de carga;Sem V�timas;Pleno dia;Crescente;C�u Claro;Simples;Reta;N�o;2;0;0;0;1;1;0;2;-22,61044;-49,88963;SPRF-SP;DEL07-SP;UOP03-DEL07-SP;;;
701106;28/06/2025;s�bado;11:59:00;PR;376;488;PONTA GROSSA;Aus�ncia de rea��o do condutor;Eventos at�picos;Sem V�timas;Pleno dia;Decrescente;C�u Claro;Dupla;"Interse��o de Vias;Aclive;Reta";Sim;3;0;0;0;2;1;0;3;-25,08394437;-50,19050745;SPRF-PR;DEL03-PR;UOP04-DEL03-PR;;;
701108;12/06/2025;quinta-feira;12:00:00;SE;235;35;AREIA BRANCA;Rea��o tardia ou ineficiente do condutor;Colis�o frontal;Com V�timas Feridas;Pleno dia;Decrescente;C�u Claro;Simples;Curva;N�o;5;0;1;0;4;0;1;2;-10,7668042;-37,3250138;SPRF-SE;DEL01-SE;UOP02-DEL01-SE;;;
701117;28/06/2025;s�bado;15:00:00;SP;381;7;ATIBAIA;Rea��o tardia ou ineficiente do condutor;Engavetamento;Com V�timas Feridas;Pleno dia;Crescente;C�u Claro;Dupla;Reta;N�o;6;0;1;0;5;0;1;4;-23,1907571;-46,584954;SPRF-SP;DEL03-SP;UOP02-DEL03-SP;;;
701118;28/06/2025;s�bado;13:25:00;MS;60;534;NIOAQUE;Demais falhas mec�nicas ou el�tricas;Inc�ndio;Sem V�timas;Pleno dia;Crescente;C�u Claro;Simples;"Aclive;Reta";N�o;2;0;0;0;1;3;0;4;-21,19539;-55,888476;SPRF-MS;DEL05-MS;UOP01-DEL05-MS;;;
701124;28/06/2025;s�bado;12:45:00;MG;153;120;PRATA;Avarias e/ou desgaste excessivo no pneu;Sa�da de leito carro��vel;Com V�timas Feridas;Pleno dia;Crescente;C�u Claro;Dupla;"Reta;Declive";N�o;3;0;1;1;0;1;2;2;-19,406883;-48,895233;SPRF-MG;DEL15-MG;UOP03-DEL15-MG;;;
701126;28/06/2025;s�bado;14:26:00;MS;262;546,8;MIRANDA;Rea��o tardia ou ineficiente do condutor;Colis�o frontal;Com V�timas Fatais;Pleno dia;Crescente;C�u Claro;Simples;Reta;N�o;5;1;2;0;1;1;2;4;-20,29041056;-56,28763539;SPRF-MS;DEL03-MS;UOP02-DEL03-MS;;;
701127;28/06/2025;s�bado;16:00:00;RJ;116;171;RIO DE JANEIRO;Acessar a via sem observar a presen�a dos outros ve�culos;Colis�o traseira;Com V�timas Feridas;Pleno dia;Crescente;C�u Claro;Dupla;Reta;Sim;3;0;0;1;1;1;1;3;-22,80660666;-43,34166527;SPRF-RJ;DEL06-RJ;UOP01-DEL06-RJ;;;
701130;28/06/2025;s�bado;16:45:00;SC;101;196;BIGUACU;Ultrapassagem Indevida;Colis�o lateral mesmo sentido;Sem V�timas;Pleno dia;Crescente;Chuva;Dupla;Reta;Sim;3;0;0;0;2;1;0;3;-27,51098;-48,64327;SPRF-SC;DEL01-SC;UOP01-DEL01-SC;;;
701132;28/06/2025;s�bado;16:33:00;MG;381;562;ITAGUARA;Demais falhas mec�nicas ou el�tricas;Colis�o traseira;Com V�timas Feridas;Pleno dia;Crescente;C�u Claro;Dupla;"Declive;Reta";Sim;2;0;1;0;1;0;1;2;-20,38026635;-44,47795361;SPRF-MG;DEL04-MG;UOP03-DEL04-MG;;;
701141;28/06/2025;s�bado;16:25:00;SC;282;30,3;SANTO AMARO DA IMPERATRIZ;Rea��o tardia ou ineficiente do condutor;Colis�o frontal;Com V�timas Fatais;Pleno dia;Decrescente;Chuva;Simples;"Declive;Curva";N�o;3;2;0;1;0;0;1;2;-27,689083;-48,792947;SPRF-SC;DEL01-SC;UOP03-DEL01-SC;;;
701143;28/06/2025;s�bado;16:00:00;PR;476;314;PAULO FRONTIN;Velocidade Incompat�vel;Colis�o lateral sentido oposto;Com V�timas Feridas;Pleno dia;Crescente;Chuva;Simples;"Declive;Curva";N�o;3;0;0;1;1;1;1;3;-26,03334008;-50,68576813;SPRF-PR;DEL02-PR;UOP03-DEL02-PR;;;
701144;28/06/2025;s�bado;17:30:00;AP;156;510;PRACUUBA;Rea��o tardia ou ineficiente do condutor;Atropelamento de Pedestre;Com V�timas Feridas;Pleno dia;Crescente;C�u Claro;Simples;Reta;Sim;3;0;0;1;1;1;1;3;1,8213637;-50,87631226;SPRF-AP;DEL01-AP;UOP02-DEL01-AP;;;
701168;28/06/2025;s�bado;18:40:00;BA;324;565;SAO SEBASTIAO DO PASSE;Chuva;Tombamento;Com V�timas Feridas;Plena Noite;Decrescente;Chuva;Dupla;"Reta;Declive";N�o;1;0;1;0;0;0;1;1;-12,52977914;-38,60265825;SPRF-BA;DEL01-BA;UOP01-DEL01-BA;;;
701170;28/06/2025;s�bado;19:52:00;TO;153;694,8;GURUPI;Ultrapassagem Indevida;Colis�o lateral mesmo sentido;Sem V�timas;Plena Noite;Crescente;C�u Claro;Simples;Reta;N�o;4;0;0;0;2;2;0;3;-11,6989509;-49,0716194;SPRF-TO;DEL01-TO;UOP02-DEL01-TO;;;
701179;28/06/2025;s�bado;18:20:00;MS;60;378,1;CAMPO GRANDE;Ultrapassagem Indevida;Colis�o lateral mesmo sentido;Sem V�timas;Plena Noite;Decrescente;C�u Claro;Simples;Reta;N�o;5;0;0;0;4;2;0;4;-20,61139;-54,742714;SPRF-MS;DEL01-MS;UOP04-DEL01-MS;;;
701185;28/06/2025;s�bado;20:47:00;TO;153;341;GUARAI;Aus�ncia de rea��o do condutor;Tombamento;Com V�timas Feridas;Plena Noite;Crescente;C�u Claro;Simples;Reta;N�o;2;0;1;0;0;1;1;2;-8,82099;-48,5123634;SPRF-TO;DEL02-TO;UOP02-DEL02-TO;;;
701189;28/06/2025;s�bado;18:30:00;RJ;101;49;CAMPOS DOS GOYTACAZES;Avarias e/ou desgaste excessivo no pneu;Colis�o frontal;Com V�timas Fatais;Plena Noite;Decrescente;C�u Claro;Simples;Reta;Sim;2;1;0;0;1;0;0;2;-21,624997;-41,314143;SPRF-RJ;DEL08-RJ;UOP01-DEL08-RJ;;;
701191;28/06/2025;s�bado;19:00:00;PR;277;510;GUARANIACU;Ingest�o de �lcool pelo condutor;Colis�o frontal;Com V�timas Feridas;Plena Noite;Crescente;C�u Claro;Simples;Reta;N�o;3;0;1;0;1;2;1;4;-25,121;-52,782;SPRF-PR;DEL04-PR;UOP04-DEL04-PR;;;
701202;28/06/2025;s�bado;21:34:00;PI;135;625;CRISTALANDIA DO PIAUI;Transitar na contram�o;Colis�o frontal;Com V�timas Fatais;Plena Noite;Decrescente;Nublado;Simples;Reta;N�o;3;1;0;0;1;1;0;3;-10,694717;-45,189852;SPRF-PI;DEL03-PI;UOP02-DEL03-PI;;;
701213;28/06/2025;s�bado;16:00:00;MG;267;173,2;OLARIA;Demais falhas mec�nicas ou el�tricas;Colis�o frontal;Com V�timas Feridas;Pleno dia;Crescente;C�u Claro;Simples;Curva;N�o;4;0;1;1;1;1;2;3;-21,86464956;-43,87803108;SPRF-MG;DEL05-MG;UOP01-DEL05-MG;;;
701214;28/06/2025;s�bado;07:30:00;MS;262;574,9;MIRANDA;Condutor Dormindo;Colis�o traseira;Com V�timas Feridas;Pleno dia;Decrescente;C�u Claro;Simples;Reta;N�o;3;0;1;0;1;2;1;4;-20,181958;-56,519941;SPRF-MS;DEL03-MS;UOP02-DEL03-MS;;;
701215;28/06/2025;s�bado;21:45:00;RO;364;515;ARIQUEMES;Transitar na contram�o;Colis�o frontal;Com V�timas Feridas;Pleno dia;Decrescente;C�u Claro;Simples;"Reta;Rotat�ria";Sim;3;0;0;1;1;1;1;3;-9,916902;-63,055305;SPRF-RO;DEL03-RO;UOP01-DEL03-RO;;;
701217;28/06/2025;s�bado;23:00:00;RN;101;129;NISIA FLORESTA;Rea��o tardia ou ineficiente do condutor;Sa�da de leito carro��vel;Com V�timas Feridas;Plena Noite;Crescente;Chuva;Dupla;"Declive;Curva";N�o;3;0;1;0;1;1;1;2;-6,11417;-35,233348;SPRF-RN;DEL01-RN;UOP01-DEL01-RN;;;
701225;27/06/2025;sexta-feira;19:58:00;RO;364;282,1;PRESIDENTE MEDICI;Aus�ncia de rea��o do condutor;Colis�o frontal;Com V�timas Feridas;Plena Noite;Crescente;Ignorado;Simples;"Reta;Declive";N�o;4;0;1;0;2;1;1;4;-11,374742;-61,821748;SPRF-RO;DEL02-RO;UOP01-DEL02-RO;;;
701226;28/06/2025;s�bado;19:30:00;MT;163;830;SINOP;Rea��o tardia ou ineficiente do condutor;Colis�o frontal;Com V�timas Fatais;Plena Noite;Crescente;C�u Claro;Simples;Reta;Sim;10;1;2;3;2;3;5;7;-11,90524105;-55,50669551;SPRF-MT;DEL06-MT;UOP02-DEL06-MT;;;
701228;28/06/2025;s�bado;21:10:00;BA;324;416,9;RIACHAO DO JACUIPE;Transitar na contram�o;Colis�o lateral sentido oposto;Com V�timas Feridas;Plena Noite;Crescente;Chuva;Simples;Reta;N�o;2;0;0;1;0;1;1;2;-11,69036;-39,54158;SPRF-BA;DEL04-BA;UOP02-DEL04-BA;;;
701229;29/06/2025;domingo;01:00:00;PR;376;619;SAO JOSE DOS PINHAIS;Manobra de mudan�a de faixa;Colis�o lateral mesmo sentido;Com V�timas Feridas;Plena Noite;Decrescente;C�u Claro;Dupla;Reta;N�o;3;0;0;1;1;1;1;3;-25,60656393;-49,17239539;SPRF-PR;DEL01-PR;UOP04-DEL01-PR;;;
701234;29/06/2025;domingo;00:35:00;PR;373;412;FOZ DO JORDAO;Transitar na contram�o;Colis�o frontal;Com V�timas Feridas;Plena Noite;Crescente;C�u Claro;Simples;"Reta;Aclive";N�o;3;0;1;0;1;1;1;3;-25,65750966;-52,1162087;SPRF-PR;DEL08-PR;UOP01-DEL08-PR;;;
701237;29/06/2025;domingo;00:00:00;MA;316;611;TIMON;Aus�ncia de rea��o do condutor;Colis�o frontal;Com V�timas Fatais;Plena Noite;Decrescente;C�u Claro;Simples;"Reta;Aclive";N�o;2;1;0;0;0;1;0;2;-5,07205;-42,870497;SPRF-MA;DEL03-MA;UOP02-DEL03-MA;;;
701240;29/06/2025;domingo;02:30:00;GO;50;95,7;CRISTALINA;Aus�ncia de rea��o do condutor;Colis�o lateral sentido oposto;Com V�timas Feridas;Plena Noite;Crescente;C�u Claro;Simples;Curva;Sim;4;0;1;0;2;1;1;3;-16,753543;-47,603757;SPRF-DF;DEL01-DF;UOP02-DEL01-DF;;;
701241;28/06/2025;s�bado;22:00:00;MT;163;892;CLAUDIA;Demais falhas mec�nicas ou el�tricas;Inc�ndio;Com V�timas Feridas;Plena Noite;Decrescente;C�u Claro;Simples;Reta;N�o;7;0;2;0;4;2;2;6;-11,380619;-55,341766;SPRF-MT;DEL06-MT;UOP02-DEL06-MT;;;
701268;29/06/2025;domingo;06:15:00;PE;232;119;CARUARU;Aus�ncia de rea��o do condutor;Colis�o com objeto;Com V�timas Feridas;Pleno dia;Crescente;C�u Claro;Dupla;Reta;N�o;2;0;1;0;0;1;1;2;-8,29836412;-35,90123891;SPRF-PE;DEL02-PE;UOP03-DEL02-PE;;;
701279;29/06/2025;domingo;05:00:00;MG;251;232;SANTA CRUZ DE SALINAS;Acessar a via sem observar a presen�a dos outros ve�culos;Colis�o transversal;Sem V�timas;Amanhecer;Crescente;Ignorado;Simples;Reta;N�o;3;0;0;0;3;0;0;2;-15,965981;-41,701525;SPRF-MG;DEL12-MG;UOP02-DEL12-MG;;;
701291;29/06/2025;domingo;06:40:00;GO;153;123,5;ESTRELA DO NORTE;Aus�ncia de rea��o do condutor;Sa�da de leito carro��vel;Com V�timas Feridas;Pleno dia;Decrescente;C�u Claro;Simples;Reta;N�o;2;0;1;0;0;1;1;2;-13,8525059;-49,04845476;SPRF-GO;DEL07-GO;UOP01-DEL07-GO;;;
701298;29/06/2025;domingo;08:55:00;BA;116;768,9;PLANALTO;Ultrapassagem Indevida;Colis�o transversal;Com V�timas Feridas;Pleno dia;Decrescente;C�u Claro;Simples;Reta;N�o;5;0;2;0;2;2;2;5;-14,66219;-40,46993;SPRF-BA;DEL08-BA;UOP02-DEL08-BA;;;
701299;29/06/2025;domingo;09:50:00;BA;116;911;ENCRUZILHADA;Rea��o tardia ou ineficiente do condutor;Engavetamento;Com V�timas Feridas;Pleno dia;Decrescente;C�u Claro;Simples;Reta;N�o;4;0;1;0;1;3;1;5;-15,525099;-41,244307;SPRF-BA;DEL08-BA;UOP03-DEL08-BA;;;
701308;29/06/2025;domingo;02:10:00;GO;153;355;JARAGUA;Ingest�o de �lcool pelo condutor;Sa�da de leito carro��vel;Com V�timas Feridas;Plena Noite;Crescente;C�u Claro;Simples;"Interse��o de Vias;Rotat�ria";Sim;2;0;1;0;0;1;1;2;-15,73466485;-49,32311654;SPRF-GO;DEL02-GO;UOP02-DEL02-GO;;;
701309;10/06/2025;ter�a-feira;23:20:00;MG;381;872,5;POUSO ALEGRE;Rea��o tardia ou ineficiente do condutor;Colis�o com objeto;Com V�timas Feridas;Plena Noite;Decrescente;C�u Claro;Dupla;"Aclive;Curva";N�o;3;0;1;0;1;4;1;6;-22,2527488;-45,9374592;SPRF-MG;DEL16-MG;UOP01-DEL16-MG;;;
701310;29/06/2025;domingo;09:20:00;RO;364;295,3;PRESIDENTE MEDICI;Acostamento em desn�vel;Sa�da de leito carro��vel;Com V�timas Feridas;Pleno dia;Crescente;C�u Claro;Simples;Reta;N�o;2;0;1;0;0;3;1;4;-11,287907;-61,899425;SPRF-RO;DEL02-RO;UOP01-DEL02-RO;;;
701311;29/06/2025;domingo;11:42:00;SP;116;203;ARUJA;Manobra de mudan�a de faixa;Colis�o lateral mesmo sentido;Com V�timas Feridas;Pleno dia;Crescente;Sol;M�ltipla;Declive;N�o;6;0;2;0;2;2;2;4;-23,41140393;-46,35172868;SPRF-SP;DEL01-SP;UOP01-DEL01-SP;;;
701312;29/06/2025;domingo;11:15:00;MG;40;739,6;SANTOS DUMONT;Velocidade Incompat�vel;Tombamento;Com V�timas Feridas;Pleno dia;Decrescente;Sol;Simples;Curva;N�o;2;0;1;0;0;1;1;2;-21,45724301;-43,55822199;SPRF-MG;DEL05-MG;UOP01-DEL05-MG;;;
701313;29/06/2025;domingo;11:10:00;MT;70;24;BARRA DO GARCAS;Rea��o tardia ou ineficiente do condutor;Colis�o com objeto;Com V�timas Fatais;Pleno dia;Decrescente;C�u Claro;Simples;"Ponte;Curva;Declive";N�o;3;1;0;1;0;1;1;2;-15,81850548;-52,46995211;SPRF-MT;DEL07-MT;UOP01-DEL07-MT;;;
701314;29/06/2025;domingo;10:40:00;MG;262;375,5;JUATUBA;Rea��o tardia ou ineficiente do condutor;Tombamento;Sem V�timas;Pleno dia;Decrescente;C�u Claro;Dupla;"Declive;Curva";N�o;2;0;0;0;1;1;0;2;-19,935553;-44,433939;SPRF-MG;DEL01-MG;UOP03-DEL01-MG;;;
701321;29/06/2025;domingo;10:33:00;GO;364;52;CACHOEIRA ALTA;Demais falhas mec�nicas ou el�tricas;Inc�ndio;Com V�timas Feridas;Pleno dia;Decrescente;C�u Claro;Simples;Reta;N�o;2;0;1;0;0;1;1;2;-18,72815697;-50,9506993;SPRF-GO;DEL05-GO;UOP02-DEL05-GO;;;
701329;29/06/2025;domingo;14:00:00;MG;381;448;SANTA LUZIA;Ultrapassagem Indevida;Colis�o lateral mesmo sentido;Com V�timas Feridas;Pleno dia;Crescente;Sol;Simples;"Reta;Declive";Sim;4;0;1;0;2;1;1;3;-19,824024;-43,824863;SPRF-MG;DEL01-MG;UOP01-DEL01-MG;;;
701332;29/06/2025;domingo;13:50:00;RS;386;248;SOLEDADE;Acessar a via sem observar a presen�a dos outros ve�culos;Colis�o transversal;Com V�timas Feridas;Pleno dia;Crescente;Chuva;Simples;"Reta;Interse��o de Vias;Em Obras";Sim;4;0;2;0;1;1;2;3;-28,819411;-52,482438;SPRF-RS;DEL04-RS;UOP03-DEL04-RS;;;
701338;29/06/2025;domingo;13:45:00;AL;101;37,9;FLEXEIRAS;Velocidade Incompat�vel;Tombamento;Com V�timas Feridas;Pleno dia;Decrescente;Chuva;Dupla;Curva;N�o;1;0;1;0;0;0;1;1;-9,14721742;-35,7687792;SPRF-AL;DEL01-AL;UOP02-DEL01-AL;;;
701340;29/06/2025;domingo;09:30:00;MG;251;334;RUBELITA;Rea��o tardia ou ineficiente do condutor;Tombamento;Sem V�timas;Pleno dia;Decrescente;C�u Claro;Simples;"Curva;Declive";N�o;1;0;0;0;1;0;0;1;-16,2659104;-42,41229057;SPRF-MG;DEL12-MG;UOP02-DEL12-MG;;;
701350;29/06/2025;domingo;15:55:00;SC;470;140;RIO DO SUL;Rea��o tardia ou ineficiente do condutor;Colis�o lateral sentido oposto;Com V�timas Feridas;Pleno dia;Decrescente;Chuva;Simples;Curva;Sim;5;0;0;1;3;1;1;3;-27,2043336;-49,6369195;SPRF-SC;DEL04-SC;UOP02-DEL04-SC;;;
701361;29/06/2025;domingo;16:10:00;RS;386;303,7;POUSO NOVO;Rea��o tardia ou ineficiente do condutor;Colis�o frontal;Com V�timas Feridas;Pleno dia;Crescente;Nublado;Simples;"Declive;Curva";N�o;5;0;3;0;1;1;3;3;-29,17478219;-52,20526636;SPRF-RS;DEL04-RS;UOP01-DEL04-RS;;;
701363;29/06/2025;domingo;11:50:00;RJ;116;97;MAGE;Carga excessiva e/ou mal acondicionada;Tombamento;Com V�timas Feridas;Pleno dia;Crescente;C�u Claro;Simples;"Declive;Curva";N�o;2;0;1;0;0;1;1;2;-22,62503444;-43,05905993;SPRF-RJ;DEL04-RJ;UOP01-DEL04-RJ;;;
701364;29/06/2025;domingo;16:50:00;PR;116;127,7;FAZENDA RIO GRANDE;Suic�dio (presumido);Atropelamento de Pedestre;Com V�timas Feridas;Pleno dia;Decrescente;C�u Claro;Dupla;Reta;Sim;2;0;0;1;1;0;1;2;-25,654119;-49,312071;SPRF-PR;DEL01-PR;UOP03-DEL01-PR;;;
701367;29/06/2025;domingo;17:15:00;PR;153;450,6;PORTO VITORIA;Aus�ncia de rea��o do condutor;Tombamento;Sem V�timas;Anoitecer;Crescente;Nublado;Simples;Reta;N�o;2;0;0;0;1;1;0;2;-26,22852767;-51,15654945;SPRF-PR;DEL02-PR;UOP03-DEL02-PR;;;
701370;29/06/2025;domingo;16:30:00;PR;116;51;CAMPINA GRANDE DO SUL;Chuva;Colis�o traseira;Com V�timas Feridas;Anoitecer;Crescente;Chuva;Dupla;"Declive;Curva";N�o;3;0;1;0;1;1;1;3;-25,19420875;-48,88920156;SPRF-PR;DEL01-PR;UOP02-DEL01-PR;;;
701380;29/06/2025;domingo;14:10:00;PA;163;670;TRAIRAO;Aus�ncia de rea��o do condutor;Tombamento;Com V�timas Feridas;Pleno dia;Decrescente;C�u Claro;Simples;Reta;N�o;2;0;1;0;0;3;1;4;-4,6225859;-55,9534018;SPRF-PA;DEL05-PA;UOP02-DEL05-PA;;;
701383;29/06/2025;domingo;18:30:00;MG;40;487,8;ESMERALDAS;Ingest�o de �lcool pelo condutor;Colis�o transversal;Com V�timas Feridas;Plena Noite;Crescente;C�u Claro;Dupla;Reta;N�o;3;0;1;0;2;0;1;2;-19,60331364;-44,22114585;SPRF-MG;DEL02-MG;UOP01-DEL02-MG;;;
701385;29/06/2025;domingo;18:30:00;MG;40;358,1;FELIXLANDIA;Acessar a via sem observar a presen�a dos outros ve�culos;Colis�o transversal;Com V�timas Feridas;Anoitecer;Crescente;C�u Claro;Simples;Reta;Sim;5;0;0;2;2;1;2;3;-18,73861;-44,86263;SPRF-MG;DEL02-MG;UOP01-DEL02-MG;;;