id;data_inversa;dia_semana;horario;uf;br;km;municipio;causa_acidente;tipo_acidente;classificacao_acidente;fase_dia;sentido_via;condicao_metereologica;tipo_pista;tracado_via;uso_solo;pessoas;mortos;feridos_leves;feridos_graves;ilesos;ignorados;feridos;veiculos;latitude;longitude;regional;delegacia;uop;;;
701386;29/06/2025;domingo;18:45:00;PR;277;36,6;MORRETES;Condutor Dormindo;Sa�da de leito carro��vel;Sem V�timas;Plena Noite;Decrescente;C�u Claro;M�ltipla;"Declive;Reta";N�o;2;0;0;0;1;1;0;2;-25,57212535;-48,84100311;SPRF-PR;DEL01-PR;UOP05-DEL01-PR;;;
701389;29/06/2025;domingo;16:40:00;SC;163;118,1;DIONISIO CERQUEIRA;Ingest�o de �lcool pelo condutor;Colis�o lateral mesmo sentido;Sem V�timas;Anoitecer;Decrescente;C�u Claro;Simples;Reta;N�o;2;0;0;0;2;0;0;2;-26,29864751;-53,55362892;SPRF-SC;DEL07-SC;UOP03-DEL07-SC;;;
701410;29/06/2025;domingo;18:40:00;SC;101;155;PORTO BELO;Condutor deixou de manter dist�ncia do ve�culo da frente;Colis�o traseira;Com V�timas Feridas;Anoitecer;Crescente;Nublado;Dupla;Reta;Sim;6;0;2;0;3;2;2;6;-27,16116316;-48,61121742;SPRF-SC;DEL04-SC;UOP03-DEL04-SC;;;
701412;29/06/2025;domingo;18:40:00;RN;304;147,9;ANGICOS;Velocidade Incompat�vel;Colis�o frontal;Com V�timas Fatais;Plena Noite;Crescente;C�u Claro;Simples;Curva;Sim;3;2;1;0;0;0;1;2;-5,67804;-36,61083;SPRF-RN;DEL04-RN;UOP01-DEL04-RN;;;
701419;29/06/2025;domingo;11:00:00;MT;158;453,7;RIBEIRAO CASCALHEIRA;Acostamento em desn�vel;Tombamento;Sem V�timas;Pleno dia;Crescente;C�u Claro;Simples;Curva;N�o;2;0;0;0;1;2;0;3;-13,18713665;-51,92276001;SPRF-MT;DEL07-MT;UOP02-DEL07-MT;;;
701426;29/06/2025;domingo;20:10:00;BA;101;130;PEDRAO;Ingest�o de �lcool pelo condutor;Colis�o traseira;Sem V�timas;Plena Noite;Crescente;C�u Claro;Simples;Curva;N�o;3;0;0;0;1;2;0;3;-12,19508927;-38,58947705;SPRF-BA;DEL01-BA;UOP04-DEL01-BA;;;
701430;29/06/2025;domingo;22:15:00;PE;101;67;RECIFE;Aus�ncia de rea��o do condutor;Colis�o traseira;Com V�timas Feridas;Plena Noite;Decrescente;Garoa/Chuvisco;Dupla;Reta;Sim;2;0;0;1;0;1;1;2;-8,048595;-34,945458;SPRF-PE;DEL01-PE;UOP01-DEL01-PE;;;
701443;29/06/2025;domingo;21:40:00;CE;222;136;IRAUCUBA;Aus�ncia de rea��o do condutor;Colis�o frontal;Com V�timas Fatais;Plena Noite;Crescente;C�u Claro;Simples;Curva;N�o;7;3;0;0;3;1;0;3;-3,74367127;-39,68948364;SPRF-CE;DEL04-CE;UOP03-DEL04-CE;;;
701445;29/06/2025;domingo;23:40:00;RS;386;414,9;MONTENEGRO;Ingest�o de �lcool pelo condutor;Colis�o traseira;Sem V�timas;Plena Noite;Crescente;Nublado;Simples;Reta;N�o;2;0;0;0;2;0;0;2;-29,82005618;-51,44657135;SPRF-RS;DEL04-RS;UOP02-DEL04-RS;;;
701450;30/06/2025;segunda-feira;00:50:00;MG;381;341;JOAO MONLEVADE;Aus�ncia de rea��o do condutor;Colis�o lateral sentido oposto;Com V�timas Feridas;Plena Noite;Decrescente;C�u Claro;Simples;"Declive;Curva";N�o;4;0;1;1;2;0;2;3;-19,859302;-43,10737922;SPRF-MG;DEL03-MG;UOP01-DEL03-MG;;;
701456;29/06/2025;domingo;23:15:00;MT;364;79;ALTO GARCAS;Transitar na contram�o;Colis�o lateral sentido oposto;Com V�timas Feridas;Plena Noite;Decrescente;C�u Claro;Simples;Reta;N�o;3;0;1;1;0;3;2;5;-16,8692045;-53,70012045;SPRF-MT;DEL02-MT;UOP02-DEL02-MT;;;
701474;30/06/2025;segunda-feira;05:20:00;SC;101;12,5;BIGUACU;Demais falhas mec�nicas ou el�tricas;Inc�ndio;Sem V�timas;Plena Noite;Crescente;Nublado;Dupla;Reta;N�o;1;0;0;0;1;0;0;1;-27,427765;-48,732698;SPRF-SC;DEL01-SC;UOP01-DEL01-SC;;;
701479;30/06/2025;segunda-feira;06:30:00;MG;381;359;JOAO MONLEVADE;Condutor Dormindo;Colis�o frontal;Com V�timas Feridas;Pleno dia;Decrescente;C�u Claro;Simples;Reta;Sim;2;0;1;0;1;0;1;2;-19,857;-43,239;SPRF-MG;DEL03-MG;UOP01-DEL03-MG;;;
701482;30/06/2025;segunda-feira;05:30:00;SP;116;471;JACUPIRANGA;Aus�ncia de rea��o do condutor;Tombamento;Com V�timas Feridas;Plena Noite;Decrescente;Garoa/Chuvisco;Simples;Reta;N�o;2;0;1;0;0;1;1;2;-24,69849381;-48,00126511;SPRF-SP;DEL05-SP;UOP01-DEL05-SP;;;
701485;30/06/2025;segunda-feira;07:20:00;MG;262;195;JOAO MONLEVADE;Aus�ncia de rea��o do condutor;Colis�o frontal;Com V�timas Fatais;Amanhecer;Decrescente;Nevoeiro/Neblina;Simples;Reta;N�o;7;4;0;0;2;1;0;3;-19,86099171;-43,10563029;SPRF-MG;DEL03-MG;UOP01-DEL03-MG;;;
701486;29/06/2025;domingo;22:50:00;MT;364;442;VARZEA GRANDE;Aus�ncia de rea��o do condutor;Tombamento;Com V�timas Feridas;Plena Noite;Decrescente;C�u Claro;Simples;Curva;N�o;2;0;1;0;0;1;1;2;-15,60069685;-56,20614052;SPRF-MT;DEL01-MT;UOP02-DEL01-MT;;;
701487;30/06/2025;segunda-feira;06:22:00;PR;153;37,7;SANTO ANTONIO DA PLATINA;Condutor Dormindo;Tombamento;Com V�timas Feridas;Amanhecer;Decrescente;Nublado;Simples;Curva;N�o;2;0;1;0;0;1;1;2;-23,26540241;-50,0631508;SPRF-PR;DEL07-PR;UOP04-DEL07-PR;;;
701493;30/06/2025;segunda-feira;07:40:00;DF;20;7;BRASILIA;Condutor deixou de manter dist�ncia do ve�culo da frente;Colis�o traseira;Com V�timas Feridas;Pleno dia;Decrescente;C�u Claro;Dupla;"Reta;Declive";Sim;2;0;1;0;1;0;1;2;-15,66028;-47,796248;SPRF-DF;DEL02-DF;UOP01-DEL02-DF;;;
701502;14/05/2025;quarta-feira;13:30:00;PR;277;595;CASCAVEL;Transitar na contram�o;Colis�o transversal;Com V�timas Feridas;Pleno dia;Crescente;C�u Claro;Simples;Reta;Sim;3;0;0;1;1;1;1;3;-24,98325;-53,50337;SPRF-PR;DEL04-PR;UOP01-DEL04-PR;;;
701504;30/06/2025;segunda-feira;07:10:00;MG;381;342;BELA VISTA DE MINAS;Demais Fen�menos da natureza;Colis�o traseira;Com V�timas Feridas;Amanhecer;Decrescente;C�u Claro;Simples;Reta;N�o;2;0;1;0;1;0;1;2;-19,84482821;-43,10743215;SPRF-MG;DEL03-MG;UOP01-DEL03-MG;;;
701512;30/06/2025;segunda-feira;08:13:00;SP;153;43,5;ONDA VERDE;Manobra de mudan�a de faixa;Colis�o frontal;Com V�timas Fatais;Pleno dia;Crescente;C�u Claro;Simples;Reta;N�o;3;1;0;0;1;1;0;3;-20,64925056;-49,341313;SPRF-SP;DEL09-SP;UOP01-DEL09-SP;;;
701513;30/06/2025;segunda-feira;08:35:00;MG;251;517;MONTES CLAROS;Rea��o tardia ou ineficiente do condutor;Colis�o traseira;Com V�timas Feridas;Pleno dia;Crescente;Nublado;Simples;"Reta;Aclive";N�o;2;0;0;1;0;1;1;2;-16,6599264;-43,7469173;SPRF-MG;DEL12-MG;UOP01-DEL12-MG;;;
701519;30/06/2025;segunda-feira;07:45:00;MA;316;171;ARAGUANA;Condutor Dormindo;Colis�o frontal;Com V�timas Fatais;Pleno dia;Decrescente;Nublado;Simples;Reta;N�o;2;1;0;0;1;0;0;2;-2,95949855;-45,66467285;SPRF-MA;DEL02-MA;UOP02-DEL02-MA;;;
701522;30/06/2025;segunda-feira;08:00:00;PA;155;337;MARABA;Condutor deixou de manter dist�ncia do ve�culo da frente;Colis�o traseira;Sem V�timas;Pleno dia;Decrescente;C�u Claro;Simples;Reta;N�o;2;0;0;0;2;0;0;2;-5,47733489;-49,07635689;SPRF-PA;DEL03-PA;UOP01-DEL03-PA;;;
701524;30/06/2025;segunda-feira;06:50:00;ES;259;40,5;COLATINA;Condutor Dormindo;Colis�o lateral sentido oposto;Com V�timas Feridas;Pleno dia;Crescente;Sol;Simples;Curva;N�o;4;0;0;1;3;0;1;3;-19,55600253;-40,55195242;SPRF-ES;DEL02-ES;UOP01-DEL02-ES;;;
701529;30/06/2025;segunda-feira;09:22:00;MS;262;361,5;CAMPO GRANDE;Suic�dio (presumido);Colis�o frontal;Com V�timas Feridas;Pleno dia;Crescente;C�u Claro;Simples;Reta;N�o;3;0;0;1;1;2;1;4;-20,51337405;-54,72101212;SPRF-MS;DEL01-MS;UOP03-DEL01-MS;;;
701534;30/06/2025;segunda-feira;07:50:00;MS;163;662;RIO VERDE DE MATO GROSSO;Aus�ncia de rea��o do condutor;Sa�da de leito carro��vel;Com V�timas Feridas;Pleno dia;Crescente;Nublado;Simples;"Reta;Aclive";N�o;2;0;1;0;0;1;1;2;-19,05996808;-54,79744434;SPRF-MS;DEL06-MS;UOP02-DEL06-MS;;;
701537;30/06/2025;segunda-feira;09:00:00;RJ;101;458;ANGRA DOS REIS;Convers�o proibida;Colis�o transversal;Com V�timas Feridas;Pleno dia;Decrescente;Sol;Simples;"Declive;Curva";N�o;2;0;0;1;1;0;1;2;-23,03396559;-44,1812819;SPRF-RJ;DEL03-RJ;UOP03-DEL03-RJ;;;
701541;30/06/2025;segunda-feira;11:00:00;MG;381;344;JOAO MONLEVADE;Aus�ncia de rea��o do condutor;Colis�o lateral mesmo sentido;Com V�timas Feridas;Pleno dia;Crescente;C�u Claro;Simples;"Aclive;Curva";N�o;5;0;1;0;3;1;1;4;-19,85691609;-43,12382341;SPRF-MG;DEL03-MG;UOP01-DEL03-MG;;;
701548;30/06/2025;segunda-feira;12:17:00;SP;116;227;GUARULHOS;Manobra de mudan�a de faixa;Colis�o traseira;Com V�timas Feridas;Pleno dia;Decrescente;C�u Claro;M�ltipla;Reta;Sim;2;0;0;1;1;0;1;2;-23,49607229;-46,55587113;SPRF-SP;DEL01-SP;UOP01-DEL01-SP;;;
701549;30/06/2025;segunda-feira;11:20:00;SC;101;102,8;BALNEARIO PICARRAS;Rea��o tardia ou ineficiente do condutor;Sa�da de leito carro��vel;Com V�timas Feridas;Pleno dia;Crescente;Nublado;M�ltipla;"Reta;Aclive";Sim;4;0;1;0;3;0;1;3;-26,78094633;-48,68413059;SPRF-SC;DEL03-SC;UOP02-DEL03-SC;;;
701553;30/06/2025;segunda-feira;12:20:00;SE;101;36,8;CAPELA;Velocidade Incompat�vel;Colis�o com objeto;Sem V�timas;Pleno dia;Crescente;Chuva;Dupla;Reta;N�o;2;0;0;0;2;0;0;1;-10,49768615;-36,94520831;SPRF-SE;DEL02-SE;UOP02-DEL02-SE;;;
701566;30/06/2025;segunda-feira;11:00:00;RJ;40;93;DUQUE DE CAXIAS;Problema com o freio;Tombamento;Com V�timas Feridas;Pleno dia;Crescente;Nublado;Dupla;Curva;N�o;2;0;1;0;1;0;1;1;-22,55694;-43,262559;SPRF-RJ;DEL01-RJ;UOP01-DEL01-RJ;;;
701569;30/06/2025;segunda-feira;09:29:00;RO;364;375,4;OURO PRETO DO OESTE;Ultrapassagem Indevida;Colis�o lateral sentido oposto;Com V�timas Feridas;Pleno dia;Decrescente;C�u Claro;Simples;Reta;N�o;7;0;1;0;6;0;1;2;-10,737388;-62,188435;SPRF-RO;DEL02-RO;UOP01-DEL02-RO;;;
701571;30/06/2025;segunda-feira;13:02:00;PE;316;25;ARARIPINA;Acessar a via sem observar a presen�a dos outros ve�culos;Colis�o lateral mesmo sentido;Com V�timas Fatais;Pleno dia;Crescente;C�u Claro;Simples;"Declive;Reta";Sim;3;1;0;0;0;2;0;3;-7,59026;-40,495985;SPRF-PE;DEL05-PE;UOP02-DEL05-PE;;;
701572;30/06/2025;segunda-feira;13:20:00;GO;20;194;POSSE;Condutor Dormindo;Colis�o frontal;Com V�timas Feridas;Pleno dia;Crescente;Sol;Simples;Curva;N�o;5;0;1;0;3;1;1;3;-14,35301944;-46,44227029;SPRF-DF;DEL02-DF;UOP03-DEL02-DF;;;
701573;30/06/2025;segunda-feira;13:15:00;PE;101;37;ITAPISSUMA;Aus�ncia de rea��o do condutor;Colis�o com objeto;Sem V�timas;Pleno dia;Decrescente;Nublado;Dupla;Reta;N�o;1;0;0;0;1;0;0;1;-7,802945;-34,926245;SPRF-PE;DEL01-PE;UOP02-DEL01-PE;;;
701574;30/06/2025;segunda-feira;14:20:00;SE;101;98;SAO CRISTOVAO;Avarias e/ou desgaste excessivo no pneu;Colis�o com objeto;Com V�timas Feridas;Pleno dia;Crescente;Chuva;Dupla;Reta;N�o;2;0;1;0;1;0;1;1;-10,92826076;-37,18254659;SPRF-SE;DEL02-SE;UOP01-DEL02-SE;;;
701576;30/06/2025;segunda-feira;10:40:00;MG;116;534,8;SANTA RITA DE MINAS;Rea��o tardia ou ineficiente do condutor;Sa�da de leito carro��vel;Com V�timas Feridas;Pleno dia;Crescente;Sol;Simples;Curva;N�o;2;0;1;0;0;1;1;2;-19,855623;-42,140555;SPRF-MG;DEL06-MG;UOP02-DEL06-MG;;;
701577;30/06/2025;segunda-feira;12:19:00;SP;116;25,7;LAVRINHAS;Condutor Dormindo;Colis�o traseira;Com V�timas Feridas;Pleno dia;Decrescente;Sol;M�ltipla;"Reta;Aclive";N�o;4;0;1;0;2;1;1;3;-22,6091547;-44,89720068;SPRF-SP;DEL08-SP;UOP02-DEL08-SP;;;
701578;30/06/2025;segunda-feira;14:16:00;SC;280;54,6;GUARAMIRIM;Rea��o tardia ou ineficiente do condutor;Atropelamento de Pedestre;Com V�timas Fatais;Pleno dia;Crescente;Nublado;Dupla;Curva;Sim;2;1;0;0;1;0;0;2;-26,475355;-48,992607;SPRF-SC;DEL03-SC;UOP03-DEL03-SC;;;
701581;30/06/2025;segunda-feira;14:00:00;PE;101;46;IGARASSU;Acessar a via sem observar a presen�a dos outros ve�culos;Colis�o transversal;Sem V�timas;Pleno dia;Crescente;C�u Claro;Dupla;Reta;Sim;2;0;0;0;1;1;0;2;-7,8785823;-34,9055145;SPRF-PE;DEL01-PE;UOP02-DEL01-PE;;;
701583;30/06/2025;segunda-feira;13:30:00;PE;101;67,7;RECIFE;Manobra de mudan�a de faixa;Colis�o transversal;Com V�timas Feridas;Pleno dia;Crescente;Chuva;M�ltipla;Reta;N�o;3;0;2;0;0;1;2;2;-8,0476;-34,94535;SPRF-PE;DEL01-PE;UOP01-DEL01-PE;;;
701586;30/06/2025;segunda-feira;11:15:00;BA;135;118;RIACHAO DAS NEVES;Condutor deixou de manter dist�ncia do ve�culo da frente;Colis�o lateral mesmo sentido;Com V�timas Feridas;Pleno dia;Decrescente;C�u Claro;Simples;Reta;N�o;2;0;0;1;1;0;1;2;-11,6195;-44,84269;SPRF-BA;DEL10-BA;UOP01-DEL10-BA;;;
701592;28/03/2025;sexta-feira;20:50:00;SC;116;105,8;MONTE CASTELO;Velocidade Incompat�vel;Tombamento;Com V�timas Feridas;Plena Noite;Decrescente;Nublado;Simples;"Declive;Curva";N�o;1;0;1;0;0;0;1;1;-26,75671855;-50,31634748;SPRF-SC;DEL06-SC;UOP02-DEL06-SC;;;
701596;30/06/2025;segunda-feira;15:15:00;MG;40;532,9;NOVA LIMA;Demais falhas mec�nicas ou el�tricas;Eventos at�picos;Com V�timas Feridas;Pleno dia;Decrescente;C�u Claro;Dupla;Reta;Sim;3;0;2;0;1;0;2;2;-20,0819285;-43,9793605;SPRF-MG;DEL01-MG;UOP02-DEL01-MG;;;
701598;30/06/2025;segunda-feira;13:40:00;MG;40;152;JOAO PINHEIRO;Acessar a via sem observar a presen�a dos outros ve�culos;Sa�da de leito carro��vel;Com V�timas Feridas;Pleno dia;Crescente;C�u Claro;Simples;Reta;N�o;4;0;1;0;2;1;1;3;-17,8129404;-46,133424;SPRF-MG;DEL14-MG;UOP02-DEL14-MG;;;
701600;30/06/2025;segunda-feira;15:45:00;BA;116;817;VITORIA DA CONQUISTA;Desrespeitar a prefer�ncia no cruzamento;Colis�o transversal;Com V�timas Feridas;Pleno dia;Crescente;Sol;Simples;"Em Obras;Declive;Reta;Rotat�ria";N�o;5;0;2;0;2;2;2;5;-14,82322146;-40,81787407;SPRF-BA;DEL08-BA;UOP01-DEL08-BA;;;
701604;30/06/2025;segunda-feira;12:20:00;PR;369;71,6;SANTA MARIANA;Transitar na contram�o;Colis�o frontal;Com V�timas Fatais;Pleno dia;Crescente;C�u Claro;Simples;Reta;N�o;3;1;0;1;1;0;1;2;-23,14734468;-50,4994297;SPRF-PR;DEL07-PR;UOP05-DEL07-PR;;;
701605;30/06/2025;segunda-feira;16:30:00;SC;101;334;TUBARAO;Manobra de mudan�a de faixa;Colis�o lateral mesmo sentido;Com V�timas Feridas;Pleno dia;Crescente;C�u Claro;Dupla;Reta;Sim;2;0;1;0;1;0;1;2;-28,47047383;-49,01944041;SPRF-SC;DEL02-SC;UOP01-DEL02-SC;;;
701615;30/06/2025;segunda-feira;15:52:00;MA;316;263;SANTA INES;Aus�ncia de rea��o do condutor;Colis�o traseira;Sem V�timas;Pleno dia;Crescente;C�u Claro;Simples;Reta;Sim;5;0;0;0;5;0;0;3;-3,675117;-45,37127;SPRF-MA;DEL02-MA;UOP01-DEL02-MA;;;
701616;30/06/2025;segunda-feira;18:00:00;PR;277;11,8;PARANAGUA;Velocidade Incompat�vel;Colis�o lateral mesmo sentido;Sem V�timas;Plena Noite;Crescente;Chuva;Dupla;Reta;N�o;3;0;0;0;2;3;0;5;-25,56411075;-48,63271801;SPRF-PR;DEL01-PR;UOP05-DEL01-PR;;;
701618;29/06/2025;domingo;08:50:00;MS;163;0,2;MUNDO NOVO;Aus�ncia de rea��o do condutor;Tombamento;Com V�timas Feridas;Pleno dia;Decrescente;C�u Claro;Simples;Curva;N�o;2;0;1;0;0;1;1;2;-24,04355649;-54,27381009;SPRF-MS;DEL09-MS;UOP02-DEL09-MS;;;
701620;30/06/2025;segunda-feira;16:30:00;MG;40;532;BELO HORIZONTE;Rea��o tardia ou ineficiente do condutor;Colis�o lateral mesmo sentido;Sem V�timas;Pleno dia;Crescente;C�u Claro;Dupla;Reta;N�o;6;0;0;0;6;0;0;3;-19,92379566;-44,01598871;SPRF-MG;DEL01-MG;UOP02-DEL01-MG;;;
701621;30/06/2025;segunda-feira;14:25:00;GO;153;36;PORANGATU;Aus�ncia de rea��o do condutor;Colis�o traseira;Com V�timas Fatais;Pleno dia;Decrescente;C�u Claro;Simples;Declive;N�o;3;1;0;0;1;2;0;4;-13,13568857;-49,1915989;SPRF-GO;DEL07-GO;UOP01-DEL07-GO;;;
701624;30/06/2025;segunda-feira;18:05:00;MG;381;599;CARMOPOLIS DE MINAS;Aus�ncia de rea��o do condutor;Colis�o lateral mesmo sentido;Com V�timas Feridas;Anoitecer;Decrescente;C�u Claro;Dupla;"Aclive;Reta";N�o;3;0;0;1;1;3;1;5;-20,595947;-44,70685;SPRF-MG;DEL04-MG;UOP01-DEL04-MG;;;
701625;30/06/2025;segunda-feira;15:50:00;MG;40;552,3;NOVA LIMA;Avarias e/ou desgaste excessivo no pneu;Eventos at�picos;Com V�timas Feridas;Pleno dia;Decrescente;C�u Claro;Dupla;"Reta;Aclive";Sim;3;0;1;0;1;1;1;3;-20,06331843;-43,97954822;SPRF-MG;DEL01-MG;UOP02-DEL01-MG;;;
701628;30/06/2025;segunda-feira;15:50:00;PE;407;126;PETROLINA;Pista Escorregadia;Colis�o frontal;Com V�timas Feridas;Pleno dia;Decrescente;Garoa/Chuvisco;Dupla;"Interse��o de Vias;Viaduto";Sim;3;0;0;1;1;1;1;3;-9,3862;-40,526775;SPRF-PE;DEL06-PE;UOP01-DEL06-PE;;;
701629;30/06/2025;segunda-feira;18:00:00;SC;470;141;RIO DO SUL;Transitar na contram�o;Colis�o frontal;Com V�timas Feridas;Plena Noite;Decrescente;Nublado;Simples;Reta;Sim;5;0;2;2;1;0;4;3;-27,20544221;-49,64462018;SPRF-SC;DEL04-SC;UOP02-DEL04-SC;;;
701631;30/06/2025;segunda-feira;16:00:00;PR;116;32,5;CAMPINA GRANDE DO SUL;Velocidade Incompat�vel;Tombamento;Com V�timas Feridas;Plena Noite;Decrescente;Garoa/Chuvisco;Simples;Curva;N�o;2;0;1;0;0;1;1;2;-25,1094974;-48,84327984;SPRF-PR;DEL01-PR;UOP02-DEL01-PR;;;
701633;30/06/2025;segunda-feira;16:25:00;BA;407;25,8;JUAZEIRO;Manobra de mudan�a de faixa;Colis�o traseira;Com V�timas Feridas;Pleno dia;Decrescente;Garoa/Chuvisco;Simples;Reta;N�o;6;0;1;0;3;4;1;8;-9,61323;-40,411233;SPRF-BA;DEL04-BA;UOP01-DEL04-BA;;;
701640;30/06/2025;segunda-feira;15:15:00;RS;158;200,5;CRUZ ALTA;Transitar na contram�o;Colis�o frontal;Com V�timas Fatais;Pleno dia;Crescente;Sol;Simples;Curva;N�o;5;1;0;2;1;1;2;3;-28,689341;-53,600831;SPRF-RS;DEL10-RS;UOP02-DEL10-RS;;;
701647;30/06/2025;segunda-feira;19:00:00;BA;330;835;IPIAU;Mal s�bito do condutor;Colis�o frontal;Sem V�timas;Plena Noite;Crescente;C�u Claro;Simples;Reta;N�o;2;0;0;0;2;0;0;2;-14,1447511;-39,71367083;SPRF-BA;DEL03-BA;UOP01-DEL03-BA;;;
701657;18/06/2025;quarta-feira;22:00:00;SC;101;50;JOINVILLE;Frear bruscamente;Colis�o transversal;Com V�timas Feridas;Plena Noite;Crescente;C�u Claro;Dupla;Reta;Sim;5;0;0;3;1;2;3;5;-26,38101396;-48,84070337;SPRF-SC;DEL03-SC;UOP01-DEL03-SC;;;
701658;30/06/2025;segunda-feira;18:50:00;PR;277;348;GUARAPUAVA;Rea��o tardia ou ineficiente do condutor;Sa�da de leito carro��vel;Com V�timas Feridas;Plena Noite;Crescente;Chuva;Dupla;Reta;Sim;2;0;1;0;0;1;1;2;-25,3751164;-51,503159;SPRF-PR;DEL08-PR;UOP01-DEL08-PR;;;
701660;30/06/2025;segunda-feira;19:15:00;MG;381;894;CAMBUI;Acessar a via sem observar a presen�a dos outros ve�culos;Colis�o traseira;Com V�timas Feridas;Plena Noite;Decrescente;C�u Claro;Dupla;"Retorno Regulamentado;Reta";N�o;3;0;1;0;1;1;1;3;-22,57740371;-46,04325548;SPRF-MG;DEL16-MG;UOP01-DEL16-MG;;;
701661;30/06/2025;segunda-feira;15:40:00;SC;282;475;VARGEAO;Aus�ncia de rea��o do condutor;Colis�o traseira;Com V�timas Feridas;Pleno dia;Decrescente;Nublado;Simples;Reta;N�o;3;0;1;0;2;0;1;2;-26,85305572;-52,07549858;SPRF-SC;DEL07-SC;UOP01-DEL07-SC;;;
701664;30/06/2025;segunda-feira;17:30:00;AC;317;284;EPITACIOLANDIA;Transitar na contram�o;Colis�o lateral sentido oposto;Sem V�timas;Anoitecer;Crescente;Nublado;Simples;Curva;N�o;2;0;0;0;1;1;0;2;-11,02026;-68,676256;SPRF-AC;DEL01-AC;UOP02-DEL01-AC;;;
701669;30/06/2025;segunda-feira;20:01:00;CE;230;82;VARZEA ALEGRE;Pedestre andava na pista;Atropelamento de Pedestre;Com V�timas Fatais;Plena Noite;Crescente;Nublado;Simples;Reta;N�o;2;1;0;0;1;0;0;2;-6,79128;-39,2775535;SPRF-CE;DEL05-CE;UOP01-DEL05-CE;;;
701677;30/06/2025;segunda-feira;18:30:00;CE;116;428,3;IPAUMIRIM;Velocidade Incompat�vel;Tombamento;Com V�timas Feridas;Plena Noite;Crescente;C�u Claro;Simples;Rotat�ria;N�o;4;0;0;1;2;1;1;2;-6,84192;-38,73711;SPRF-CE;DEL05-CE;UOP01-DEL05-CE;;;
701687;30/06/2025;segunda-feira;23:00:00;SP;116;217,5;GUARULHOS;Estacionar ou parar em local proibido;Colis�o traseira;Com V�timas Feridas;Plena Noite;Decrescente;Nublado;M�ltipla;Curva;Sim;3;0;1;0;1;1;1;3;-23,4560468;-46,4754149;SPRF-SP;DEL01-SP;UOP01-DEL01-SP;;;
701690;30/06/2025;segunda-feira;21:40:00;SP;116;284,3;EMBU DAS ARTES;Condutor deixou de manter dist�ncia do ve�culo da frente;Colis�o traseira;Com V�timas Feridas;Plena Noite;Crescente;Nublado;Dupla;Reta;Sim;2;0;1;0;0;1;1;2;-23,67990081;-46,8584919;SPRF-SP;DEL04-SP;UOP01-DEL04-SP;;;
701692;30/06/2025;segunda-feira;23:00:00;RJ;116;290;BARRA MANSA;Velocidade Incompat�vel;Colis�o traseira;Com V�timas Feridas;Plena Noite;Crescente;C�u Claro;Dupla;"Curva;Em Obras";N�o;6;0;1;2;0;3;3;4;-22,4870758;-44,2548089;SPRF-RJ;DEL07-RJ;UOP02-DEL07-RJ;;;
701700;01/07/2025;ter�a-feira;02:00:00;MS;163;78,8;ITAQUIRAI;Acessar a via sem observar a presen�a dos outros ve�culos;Atropelamento de Pedestre;Com V�timas Fatais;Plena Noite;Decrescente;Nublado;Simples;"Reta;Interse��o de Vias";Sim;2;1;0;0;0;1;0;2;-23,467128;-54,190218;SPRF-MS;DEL09-MS;UOP01-DEL09-MS;;;
701701;01/07/2025;ter�a-feira;00:05:00;SP;116;22,4;LAVRINHAS;Velocidade Incompat�vel;Tombamento;Com V�timas Feridas;Plena Noite;Crescente;C�u Claro;Dupla;Curva;N�o;2;0;0;1;0;1;1;2;-22,58485052;-44,8777771;SPRF-SP;DEL08-SP;UOP02-DEL08-SP;;;
701702;01/07/2025;ter�a-feira;03:44:00;MG;381;931;ITAPEVA;Condutor Dormindo;Colis�o com objeto;Com V�timas Feridas;Plena Noite;Crescente;C�u Claro;Dupla;Curva;N�o;2;0;1;0;0;1;1;2;-22,78786;-46,24269;SPRF-MG;DEL16-MG;UOP03-DEL16-MG;;;
701703;01/07/2025;ter�a-feira;02:30:00;GO;20;242;GUARANI DE GOIAS;Rea��o tardia ou ineficiente do condutor;Colis�o lateral sentido oposto;Com V�timas Fatais;Plena Noite;Decrescente;C�u Claro;Simples;Reta;N�o;2;1;0;0;1;0;0;2;-14,029009;-46,242222;SPRF-DF;DEL02-DF;UOP03-DEL02-DF;;;
701704;30/06/2025;segunda-feira;20:50:00;MT;70;227;POXOREU;Rea��o tardia ou ineficiente do condutor;Tombamento;Com V�timas Feridas;Plena Noite;Decrescente;Nevoeiro/Neblina;Simples;Curva;N�o;2;0;0;1;0;1;1;2;-15,658606;-53,906988;SPRF-MT;DEL05-MT;UOP01-DEL05-MT;;;
701705;01/07/2025;ter�a-feira;04:20:00;MG;365;633,1;UBERLANDIA;Aus�ncia de rea��o do condutor;Colis�o traseira;Com V�timas Feridas;Plena Noite;Decrescente;C�u Claro;Dupla;Reta;N�o;4;0;1;0;2;1;1;3;-18,895564;-48,398315;SPRF-MG;DEL15-MG;UOP01-DEL15-MG;;;
701707;01/07/2025;ter�a-feira;04:45:00;RJ;101;268;RIO BONITO;Rea��o tardia ou ineficiente do condutor;Colis�o traseira;Com V�timas Feridas;Plena Noite;Crescente;Nublado;Dupla;Reta;N�o;5;0;4;0;1;0;4;2;-22,71760685;-42,68566132;SPRF-RJ;DEL02-RJ;UOP03-DEL02-RJ;;;