id;data_inversa;dia_semana;horario;uf;br;km;municipio;causa_acidente;tipo_acidente;classificacao_acidente;fase_dia;sentido_via;condicao_metereologica;tipo_pista;tracado_via;uso_solo;pessoas;mortos;feridos_leves;feridos_graves;ilesos;ignorados;feridos;veiculos;latitude;longitude;regional;delegacia;uop;;;
701980;06/06/2025;sexta-feira;14:40:00;MT;163;17;ITIQUIRA;Demais falhas mec�nicas ou el�tricas;Tombamento;Sem V�timas;Pleno dia;Decrescente;C�u Claro;Dupla;Reta;N�o;2;0;0;0;1;1;0;2;-17,36034966;-54,7573967;SPRF-MT;DEL02-MT;UOP03-DEL02-MT;;;
701981;02/07/2025;quarta-feira;12:50:00;SP;116;121,5;CACAPAVA;Rea��o tardia ou ineficiente do condutor;Colis�o lateral mesmo sentido;Sem V�timas;Pleno dia;Decrescente;Nublado;Dupla;Reta;Sim;3;0;0;0;2;1;0;3;-23,07819;-45,6574765;SPRF-SP;DEL02-SP;UOP02-DEL02-SP;;;
701982;02/07/2025;quarta-feira;11:45:00;BA;407;123;SENHOR DO BONFIM;Ingest�o de �lcool pelo condutor;Colis�o traseira;Com V�timas Feridas;Pleno dia;Decrescente;C�u Claro;Simples;Reta;N�o;3;0;0;2;0;1;2;2;-10,441059;-40,186887;SPRF-BA;DEL04-BA;UOP01-DEL04-BA;;;
701984;27/01/2025;segunda-feira;14:24:00;PA;163;322;NOVO PROGRESSO;Rea��o tardia ou ineficiente do condutor;Colis�o traseira;Com V�timas Feridas;Pleno dia;Decrescente;Sol;Simples;Reta;N�o;2;0;1;0;0;1;1;2;-6,948097;-55,45086;SPRF-PA;DEL05-PA;UOP03-DEL05-PA;;;
701986;02/07/2025;quarta-feira;09:30:00;PI;230;181;SAO JOAO DA VARJOTA;Acessar a via sem observar a presen�a dos outros ve�culos;Colis�o transversal;Com V�timas Feridas;Pleno dia;Crescente;C�u Claro;Simples;Interse��o de Vias;N�o;4;0;1;0;3;0;1;2;-6,94619383;-41,98974609;SPRF-PI;DEL04-PI;UOP01-DEL04-PI;;;
701994;02/07/2025;quarta-feira;13:40:00;RJ;116;171;RIO DE JANEIRO;Acessar a via sem observar a presen�a dos outros ve�culos;Colis�o lateral mesmo sentido;Com V�timas Feridas;Pleno dia;Crescente;Garoa/Chuvisco;Dupla;Reta;Sim;4;0;1;0;1;2;1;3;-22,80649787;-43,3418262;SPRF-RJ;DEL06-RJ;UOP01-DEL06-RJ;;;
701996;02/07/2025;quarta-feira;14:30:00;GO;60;55;ABADIANIA;Condutor deixou de manter dist�ncia do ve�culo da frente;Colis�o transversal;Com V�timas Feridas;Pleno dia;Crescente;C�u Claro;Dupla;Reta;N�o;5;0;1;0;2;3;1;5;-16,19083096;-48,67620659;SPRF-GO;DEL02-GO;UOP01-DEL02-GO;;;
701998;02/07/2025;quarta-feira;06:30:00;GO;80;69;PADRE BERNARDO;Velocidade Incompat�vel;Sa�da de leito carro��vel;Com V�timas Feridas;Pleno dia;Crescente;C�u Claro;Simples;Curva;N�o;2;0;0;1;0;1;1;2;-15,211122;-48,476615;SPRF-DF;DEL03-DF;UOP02-DEL03-DF;;;
702002;02/07/2025;quarta-feira;11:30:00;BA;110;145;RIBEIRA DO POMBAL;Aus�ncia de rea��o do condutor;Sa�da de leito carro��vel;Com V�timas Feridas;Pleno dia;Crescente;C�u Claro;Simples;Reta;N�o;1;0;0;1;0;0;1;1;-10,63665182;-38,40099335;SPRF-BA;DEL07-BA;UOP02-DEL07-BA;;;
702004;02/07/2025;quarta-feira;15:00:00;ES;101;133,2;LINHARES;Ultrapassagem Indevida;Colis�o frontal;Com V�timas Fatais;Pleno dia;Crescente;C�u Claro;Simples;Reta;N�o;5;1;0;2;1;1;2;3;-19,25978667;-40,08962667;SPRF-ES;DEL04-ES;UOP01-DEL04-ES;;;
702006;02/07/2025;quarta-feira;15:15:00;RJ;40;45;PETROPOLIS;Demais falhas mec�nicas ou el�tricas;Colis�o traseira;Com V�timas Feridas;Pleno dia;Decrescente;Nublado;Dupla;Reta;N�o;3;0;1;0;2;0;1;2;-22,28379744;-43,12013375;SPRF-RJ;DEL05-RJ;UOP02-DEL05-RJ;;;
702008;02/07/2025;quarta-feira;14:15:00;RJ;101;326;NITEROI;Aus�ncia de sinaliza��o;Colis�o traseira;Com V�timas Feridas;Pleno dia;Crescente;Chuva;Dupla;Reta;Sim;3;0;0;2;1;0;2;2;-22,8818944;-43,106304;SPRF-RJ;DEL02-RJ;UOP01-DEL02-RJ;;;
702010;02/07/2025;quarta-feira;13:30:00;PA;10;137;PARAGOMINAS;Ultrapassagem Indevida;Colis�o lateral mesmo sentido;Com V�timas Feridas;Pleno dia;Decrescente;C�u Claro;Simples;Reta;N�o;6;0;4;0;1;1;4;3;-3,246713;-47,475239;SPRF-PA;DEL02-PA;UOP01-DEL02-PA;;;
702011;02/07/2025;quarta-feira;16:50:00;RS;101;86,9;OSORIO;Ingest�o de �lcool pelo condutor;Colis�o lateral mesmo sentido;Sem V�timas;Pleno dia;Decrescente;C�u Claro;M�ltipla;"Reta;Interse��o de Vias;Rotat�ria";N�o;2;0;0;0;2;0;0;2;-29,8849601;-50,27132392;SPRF-RS;DEL03-RS;UOP01-DEL03-RS;;;
702031;02/07/2025;quarta-feira;17:30:00;MS;163;462;CAMPO GRANDE;Convers�o proibida;Colis�o lateral sentido oposto;Com V�timas Feridas;Plena Noite;Crescente;C�u Claro;Simples;Reta;N�o;3;0;0;1;1;1;1;3;-20,616847;-54,574962;SPRF-MS;DEL01-MS;UOP01-DEL01-MS;;;
702035;09/06/2025;segunda-feira;03:30:00;RJ;116;184;SAO JOAO DE MERITI;Rea��o tardia ou ineficiente do condutor;Colis�o traseira;Com V�timas Fatais;Amanhecer;Decrescente;Chuva;Dupla;Reta;N�o;3;1;0;0;1;1;0;3;-22,8032512;-43,3422336;SPRF-RJ;DEL06-RJ;UOP01-DEL06-RJ;;;
702040;02/07/2025;quarta-feira;18:20:00;PR;277;436,1;VIRMOND;Acostamento em desn�vel;Tombamento;Com V�timas Feridas;Plena Noite;Crescente;Nublado;Simples;"Declive;Curva";N�o;3;0;2;0;0;2;2;3;-25,3771465;-52,25384043;SPRF-PR;DEL04-PR;UOP02-DEL04-PR;;;
702045;02/07/2025;quarta-feira;17:40:00;RJ;393;169;TRES RIOS;Aus�ncia de rea��o do condutor;Colis�o transversal;Com V�timas Feridas;Anoitecer;Crescente;Nublado;Simples;Reta;Sim;3;0;0;1;1;1;1;3;-22,12512235;-43,17438126;SPRF-RJ;DEL05-RJ;UOP02-DEL05-RJ;;;
702052;02/07/2025;quarta-feira;18:10:00;PI;343;264,2;CAMPO MAIOR;Acessar a via sem observar a presen�a dos outros ve�culos;Atropelamento de Pedestre;Com V�timas Fatais;Anoitecer;Crescente;C�u Claro;Simples;Reta;Sim;2;1;0;0;1;0;0;2;-4,849664;-42,1855232;SPRF-PI;DEL01-PI;UOP03-DEL01-PI;;;
702054;02/07/2025;quarta-feira;20:00:00;RS;116;245;SAO LEOPOLDO;Manobra de mudan�a de faixa;Colis�o lateral mesmo sentido;Com V�timas Feridas;Plena Noite;Decrescente;Nublado;M�ltipla;Reta;Sim;2;0;1;0;1;0;1;2;-29,7479844;-51,15105629;SPRF-RS;DEL01-RS;UOP02-DEL01-RS;;;
702056;02/07/2025;quarta-feira;20:00:00;MG;381;1;BETIM;Rea��o tardia ou ineficiente do condutor;Colis�o traseira;Com V�timas Feridas;Plena Noite;Decrescente;C�u Claro;Dupla;"Reta;Aclive";N�o;2;0;0;1;0;1;1;2;-19,9631055;-44,1571577;SPRF-MG;DEL01-MG;UOP03-DEL01-MG;;;
702061;02/07/2025;quarta-feira;20:40:00;MG;50;78;UBERLANDIA;Defici�ncia do Sistema de Ilumina��o/Sinaliza��o;Colis�o traseira;Com V�timas Feridas;Plena Noite;Crescente;C�u Claro;Dupla;Declive;N�o;4;0;0;1;3;0;1;3;-18,952811;-48,217209;SPRF-MG;DEL15-MG;UOP01-DEL15-MG;;;
702066;02/07/2025;quarta-feira;20:00:00;MS;163;226;CAARAPO;Aus�ncia de rea��o do condutor;Atropelamento de Pedestre;Com V�timas Feridas;Plena Noite;Crescente;C�u Claro;Simples;"Declive;Reta";N�o;3;0;0;1;2;0;1;3;-22,48769358;-54,86571059;SPRF-MS;DEL04-MS;UOP02-DEL04-MS;;;
702070;02/07/2025;quarta-feira;20:45:00;MG;40;510;RIBEIRAO DAS NEVES;Rea��o tardia ou ineficiente do condutor;Engavetamento;Com V�timas Feridas;Plena Noite;Crescente;C�u Claro;Dupla;"Reta;Declive";N�o;7;0;1;0;5;1;1;6;-19,774665;-44,123381;SPRF-MG;DEL01-MG;UOP02-DEL01-MG;;;
702076;02/07/2025;quarta-feira;20:58:00;RJ;40;115;DUQUE DE CAXIAS;Rea��o tardia ou ineficiente do condutor;Colis�o traseira;Com V�timas Feridas;Plena Noite;Crescente;Garoa/Chuvisco;Dupla;Reta;Sim;5;0;2;0;3;0;2;4;-22,72141186;-43,2897903;SPRF-RJ;DEL01-RJ;UOP02-DEL01-RJ;;;
702079;02/07/2025;quarta-feira;21:30:00;RS;116;527;PELOTAS;Manobra de mudan�a de faixa;Colis�o transversal;Com V�timas Fatais;Plena Noite;Crescente;C�u Claro;Simples;Reta;N�o;3;1;0;0;1;1;0;3;-31,74852605;-52,41197079;SPRF-RS;DEL07-RS;UOP01-DEL07-RS;;;
702080;02/07/2025;quarta-feira;20:50:00;CE;116;375;ICO;Aus�ncia de rea��o do condutor;Atropelamento de Pedestre;Com V�timas Feridas;Plena Noite;Crescente;C�u Claro;Simples;Interse��o de Vias;N�o;2;0;0;1;1;0;1;2;-6,4049727;-38,84526372;SPRF-CE;DEL05-CE;UOP01-DEL05-CE;;;
702082;02/07/2025;quarta-feira;17:20:00;MT;70;733;CACERES;Rea��o tardia ou ineficiente do condutor;Colis�o traseira;Com V�timas Feridas;Pleno dia;Crescente;C�u Claro;Simples;"Reta;Interse��o de Vias";Sim;9;0;2;0;4;3;2;7;-16,09035242;-57,68812448;SPRF-MT;DEL03-MT;UOP01-DEL03-MT;;;
702083;02/07/2025;quarta-feira;21:55:00;PE;101;29;ITAPISSUMA;Aus�ncia de rea��o do condutor;Colis�o traseira;Com V�timas Feridas;Plena Noite;Decrescente;C�u Claro;Dupla;"Reta;Aclive";N�o;2;0;0;1;1;0;1;2;-7,732794;-34,94117;SPRF-PE;DEL01-PE;UOP02-DEL01-PE;;;
702086;02/07/2025;quarta-feira;21:20:00;PR;116;99;SAO JOSE DOS PINHAIS;Acessar a via sem observar a presen�a dos outros ve�culos;Colis�o traseira;Com V�timas Feridas;Plena Noite;Decrescente;Nublado;M�ltipla;Curva;N�o;5;0;1;0;3;3;1;7;-25,55514131;-49,14957047;SPRF-PR;DEL01-PR;UOP07-DEL01-PR;;;
702088;02/07/2025;quarta-feira;17:45:00;MG;116;82,7;MEDINA;Acessar a via sem observar a presen�a dos outros ve�culos;Colis�o frontal;Com V�timas Feridas;Anoitecer;Crescente;C�u Claro;Simples;Curva;N�o;5;0;0;3;1;1;3;3;-16,295091;-41,462613;SPRF-MG;DEL11-MG;UOP02-DEL11-MG;;;
702091;02/07/2025;quarta-feira;22:01:00;MT;364;348,7;SANTO ANTONIO DO LEVERGER;Rea��o tardia ou ineficiente do condutor;Sa�da de leito carro��vel;Com V�timas Feridas;Plena Noite;Crescente;Garoa/Chuvisco;Dupla;"Declive;Curva";N�o;3;0;2;0;0;2;2;3;-15,793161;-55,570592;SPRF-MT;DEL05-MT;UOP02-DEL05-MT;;;
702092;02/07/2025;quarta-feira;18:20:00;PE;423;67,4;GARANHUNS;Pista esburacada;Colis�o lateral sentido oposto;Com V�timas Fatais;Plena Noite;Crescente;C�u Claro;Simples;Reta;N�o;3;1;0;0;1;1;0;3;-8,8697051;-36,4630349;SPRF-PE;DEL03-PE;UOP01-DEL03-PE;;;
702093;18/04/2025;sexta-feira;00:21:00;CE;402;299,1;UMIRIM;Transitar na contram�o;Colis�o lateral sentido oposto;Com V�timas Feridas;Plena Noite;Decrescente;C�u Claro;Simples;Reta;N�o;8;0;3;3;2;0;6;2;-3,67553;-39,372412;SPRF-CE;DEL01-CE;UOP03-DEL01-CE;;;
702094;02/07/2025;quarta-feira;23:25:00;RS;116;240;NOVO HAMBURGO;Condutor deixou de manter dist�ncia do ve�culo da frente;Colis�o traseira;Sem V�timas;Plena Noite;Decrescente;Nublado;M�ltipla;Aclive;Sim;4;0;0;0;3;1;0;3;-29,70165978;-51,14607811;SPRF-RS;DEL01-RS;UOP02-DEL01-RS;;;
702097;02/07/2025;quarta-feira;21:50:00;MS;158;99,2;PARANAIBA;Ingest�o de �lcool pelo condutor;Colis�o traseira;Com V�timas Feridas;Plena Noite;Decrescente;C�u Claro;Simples;Reta;N�o;3;0;0;1;1;1;1;3;-19,700682;-51,163474;SPRF-MS;DEL08-MS;UOP01-DEL08-MS;;;
702098;02/07/2025;quarta-feira;18:00:00;SC;282;98,4;ALFREDO WAGNER;Demais falhas na via;Tombamento;Com V�timas Feridas;Plena Noite;Decrescente;C�u Claro;Simples;Curva;N�o;2;0;1;0;0;2;1;3;-27,6988;-49,28321;SPRF-SC;DEL01-SC;UOP03-DEL01-SC;;;
702100;03/07/2025;quinta-feira;00:15:00;SC;116;248,5;LAGES;Suic�dio (presumido);Atropelamento de Pedestre;Com V�timas Feridas;Plena Noite;Decrescente;C�u Claro;Simples;"Reta;Aclive";N�o;3;0;0;1;1;1;1;3;-27,81900381;-50,37371842;SPRF-SC;DEL05-SC;UOP02-DEL05-SC;;;
702101;03/07/2025;quinta-feira;00:21:00;SP;116;326;JUQUITIBA;Rea��o tardia ou ineficiente do condutor;Eventos at�picos;Com V�timas Feridas;Plena Noite;Decrescente;Nublado;Dupla;Curva;Sim;4;0;1;0;3;0;1;2;-23,938661;-47,06319186;SPRF-SP;DEL04-SP;UOP03-DEL04-SP;;;
702108;03/07/2025;quinta-feira;06:30:00;PR;369;503;CASCAVEL;Acessar a via sem observar a presen�a dos outros ve�culos;Colis�o frontal;Com V�timas Feridas;Amanhecer;Decrescente;Garoa/Chuvisco;Simples;Reta;N�o;3;0;1;0;2;0;1;2;-24,9317225;-53,3942046;SPRF-PR;DEL04-PR;UOP01-DEL04-PR;;;
702111;03/07/2025;quinta-feira;07:02:00;ES;101;264;SERRA;Manobra de mudan�a de faixa;Tombamento;Com V�timas Fatais;Pleno dia;Crescente;Chuva;M�ltipla;Reta;Sim;3;1;1;0;0;1;1;2;-20,17465913;-40,26669413;SPRF-ES;DEL02-ES;UOP01-DEL02-ES;;;
702113;03/07/2025;quinta-feira;07:15:00;RS;386;430;NOVA SANTA RITA;Acessar a via sem observar a presen�a dos outros ve�culos;Colis�o traseira;Com V�timas Feridas;Pleno dia;Decrescente;Nublado;Simples;Reta;N�o;6;0;3;0;2;1;3;3;-29,82902573;-51,3210604;SPRF-RS;DEL04-RS;UOP02-DEL04-RS;;;
702114;03/07/2025;quinta-feira;07:19:00;PR;376;540;PALMEIRA;Rea��o tardia ou ineficiente do condutor;Sa�da de leito carro��vel;Com V�timas Feridas;Pleno dia;Crescente;Nublado;Dupla;"Reta;Declive";N�o;1;0;1;0;0;0;1;1;-25,35434;-49,83573;SPRF-PR;DEL03-PR;UOP03-DEL03-PR;;;
702116;02/07/2025;quarta-feira;22:00:00;MT;158;751;AGUA BOA;Falta de acostamento;Sa�da de leito carro��vel;Com V�timas Feridas;Plena Noite;Crescente;C�u Claro;Simples;Reta;N�o;2;0;1;0;0;3;1;4;-13,96299303;-52,1194582;SPRF-MT;DEL07-MT;UOP01-DEL07-MT;;;
702118;03/07/2025;quinta-feira;07:30:00;SP;116;216;GUARULHOS;Manobra de mudan�a de faixa;Colis�o lateral mesmo sentido;Com V�timas Feridas;Pleno dia;Crescente;C�u Claro;M�ltipla;Reta;Sim;6;0;2;0;3;1;2;5;-23,45389344;-46,47164075;SPRF-SP;DEL01-SP;UOP01-DEL01-SP;;;
702124;03/07/2025;quinta-feira;06:00:00;RO;364;683;CANDEIAS DO JAMARI;Aus�ncia de rea��o do condutor;Colis�o traseira;Com V�timas Feridas;Pleno dia;Crescente;Sol;Simples;Aclive;N�o;3;0;1;0;2;0;1;2;-8,792361;-63,65123081;SPRF-RO;DEL01-RO;UOP01-DEL01-RO;;;
702126;03/07/2025;quinta-feira;05:30:00;PA;10;334;SAO MIGUEL DO GUAMA;Transitar na contram�o;Colis�o lateral sentido oposto;Com V�timas Feridas;Amanhecer;Decrescente;C�u Claro;Simples;Reta;N�o;3;0;1;0;1;1;1;3;-1,52259;-47,519553;SPRF-PA;DEL01-PA;UOP02-DEL01-PA;;;
702127;21/06/2025;s�bado;06:15:00;MG;381;527,7;BRUMADINHO;Velocidade Incompat�vel;Tombamento;Com V�timas Feridas;Amanhecer;Decrescente;C�u Claro;Dupla;Curva;N�o;2;0;1;0;0;1;1;2;-20,15785531;-44,32914835;SPRF-MG;DEL04-MG;UOP03-DEL04-MG;;;
702140;03/07/2025;quinta-feira;08:20:00;SP;116;94,2;PINDAMONHANGABA;Manobra de mudan�a de faixa;Colis�o lateral mesmo sentido;Com V�timas Feridas;Pleno dia;Crescente;Nublado;Dupla;Reta;N�o;3;0;1;0;1;1;1;3;-22,96196;-45,42423;SPRF-SP;DEL08-SP;UOP01-DEL08-SP;;;
702144;03/07/2025;quinta-feira;08:15:00;MS;262;325;CAMPO GRANDE;Aus�ncia de rea��o do condutor;Engavetamento;Sem V�timas;Pleno dia;Decrescente;C�u Claro;Dupla;Reta;Sim;7;0;0;0;6;3;0;6;-20,46835005;-54,53707695;SPRF-MS;DEL01-MS;UOP01-DEL01-MS;;;
702146;03/07/2025;quinta-feira;10:00:00;PR;116;153;MANDIRITUBA;Acessar a via sem observar a presen�a dos outros ve�culos;Colis�o transversal;Com V�timas Feridas;Pleno dia;Crescente;C�u Claro;Simples;"Reta;Interse��o de Vias;Rotat�ria";Sim;3;0;2;0;1;0;2;2;-25,86219184;-49,36157076;SPRF-PR;DEL01-PR;UOP03-DEL01-PR;;;
702147;03/07/2025;quinta-feira;10:00:00;BA;116;833;VITORIA DA CONQUISTA;Condutor deixou de manter dist�ncia do ve�culo da frente;Engavetamento;Com V�timas Feridas;Pleno dia;Decrescente;C�u Claro;Simples;Reta;Sim;7;0;2;0;5;0;2;3;-14,937308;-40,891329;SPRF-BA;DEL08-BA;UOP01-DEL08-BA;;;
702148;30/01/2025;quinta-feira;02:30:00;MG;381;651;SANTO ANTONIO DO AMPARO;Aus�ncia de rea��o do condutor;Colis�o lateral mesmo sentido;Com V�timas Feridas;Plena Noite;Decrescente;Nublado;Dupla;Reta;N�o;2;0;1;0;0;1;1;2;-20,97575268;-44,93997846;SPRF-MG;DEL04-MG;UOP02-DEL04-MG;;;
702150;03/07/2025;quinta-feira;02:00:00;MG;262;561;CORREGO DANTA;Aus�ncia de rea��o do condutor;Colis�o lateral sentido oposto;Com V�timas Feridas;Plena Noite;Decrescente;C�u Claro;Simples;Curva;N�o;52;0;3;2;45;3;5;5;-19,74397134;-45,96212832;SPRF-MG;DEL08-MG;UOP02-DEL08-MG;;;
702157;03/07/2025;quinta-feira;10:12:00;BA;20;90;SAO DESIDERIO;Aus�ncia de rea��o do condutor;Colis�o traseira;Com V�timas Feridas;Pleno dia;Crescente;C�u Claro;Simples;Reta;N�o;3;0;1;0;1;1;1;3;-13,14556;-46,0265;SPRF-BA;DEL10-BA;UOP01-DEL10-BA;;;
702172;03/07/2025;quinta-feira;09:45:00;MG;116;810,5;ALEM PARAIBA;Demais falhas mec�nicas ou el�tricas;Sa�da de leito carro��vel;Com V�timas Feridas;Pleno dia;Decrescente;Nublado;Simples;"Curva;Aclive";N�o;1;0;1;0;0;0;1;1;-21,84992603;-42,66625755;SPRF-MG;DEL07-MG;UOP01-DEL07-MG;;;
702178;03/07/2025;quinta-feira;08:40:00;CE;20;77,1;TAUA;Transitar na contram�o;Colis�o frontal;Com V�timas Fatais;Pleno dia;Crescente;C�u Claro;Simples;Reta;N�o;3;1;0;0;1;2;0;4;-6,0396366;-40,3257772;SPRF-CE;DEL02-CE;UOP02-DEL02-CE;;;
702187;03/07/2025;quinta-feira;14:59:00;ES;101;434,9;MIMOSO DO SUL;Ultrapassagem Indevida;Colis�o lateral mesmo sentido;Com V�timas Feridas;Pleno dia;Decrescente;Chuva;Simples;Reta;N�o;2;0;0;1;1;0;1;2;-21,05580434;-41,19702919;SPRF-ES;DEL03-ES;UOP02-DEL03-ES;;;
702195;03/07/2025;quinta-feira;14:10:00;MG;381;425;SABARA;Carga excessiva e/ou mal acondicionada;Tombamento;Com V�timas Feridas;Pleno dia;Crescente;C�u Claro;Simples;Curva;N�o;3;0;1;0;1;1;1;2;-19,78685522;-43,70155334;SPRF-MG;DEL01-MG;UOP01-DEL01-MG;;;
702196;03/07/2025;quinta-feira;15:00:00;SC;101;170;TIJUCAS;Rea��o tardia ou ineficiente do condutor;Colis�o traseira;Com V�timas Feridas;Pleno dia;Crescente;C�u Claro;Dupla;Reta;N�o;3;0;1;0;1;1;1;3;-27,29139574;-48,630819;SPRF-SC;DEL04-SC;UOP03-DEL04-SC;;;
702198;03/07/2025;quinta-feira;16:00:00;RS;287;454,6;JAGUARI;Demais Fen�menos da natureza;Colis�o traseira;Com V�timas Feridas;Pleno dia;Crescente;Sol;Simples;"Aclive;Curva";N�o;5;0;0;3;2;0;3;2;-29,48359576;-54,68601465;SPRF-RS;DEL12-RS;UOP01-DEL12-RS;;;
702199;03/07/2025;quinta-feira;12:40:00;SP;116;359;MIRACATU;Rea��o tardia ou ineficiente do condutor;Tombamento;Com V�timas Feridas;Pleno dia;Decrescente;Nublado;Simples;Curva;N�o;2;0;1;0;0;1;1;2;-24,10936291;-47,26887424;SPRF-SP;DEL04-SP;UOP03-DEL04-SP;;;
702204;03/07/2025;quinta-feira;13:00:00;MT;70;3;BARRA DO GARCAS;Aus�ncia de rea��o do condutor;Colis�o traseira;Com V�timas Feridas;Pleno dia;Crescente;C�u Claro;Simples;"Reta;Interse��o de Vias";Sim;2;0;1;0;1;0;1;2;-15,88887097;-52,26610243;SPRF-MT;DEL07-MT;UOP01-DEL07-MT;;;
702211;03/07/2025;quinta-feira;12:00:00;PE;232;465;MIRANDIBA;Transitar na contram�o;Colis�o frontal;Com V�timas Feridas;Pleno dia;Decrescente;C�u Claro;Simples;"Aclive;Reta";N�o;7;0;2;1;3;3;3;6;-8,02494;-38,760447;SPRF-PE;DEL05-PE;UOP01-DEL05-PE;;;
702212;03/07/2025;quinta-feira;16:30:00;SP;116;210;GUARULHOS;Rea��o tardia ou ineficiente do condutor;Colis�o traseira;Com V�timas Feridas;Anoitecer;Crescente;Nublado;M�ltipla;"Reta;Aclive";Sim;3;0;2;0;1;0;2;2;-23,42990209;-46,4147268;SPRF-SP;DEL01-SP;UOP01-DEL01-SP;;;
702213;03/07/2025;quinta-feira;16:47:00;ES;101;369,6;ANCHIETA;Ultrapassagem Indevida;Colis�o frontal;Com V�timas Feridas;Anoitecer;Decrescente;Chuva;Simples;Curva;N�o;3;0;0;1;1;1;1;3;-20,762657;-40,760368;SPRF-ES;DEL03-ES;UOP01-DEL03-ES;;;
702225;03/07/2025;quinta-feira;14:40:00;SC;163;72,2;SAO MIGUEL DO OESTE;Aus�ncia de rea��o do condutor;Colis�o transversal;Com V�timas Feridas;Pleno dia;Decrescente;C�u Claro;Dupla;"Reta;Interse��o de Vias";Sim;3;0;1;0;1;2;1;4;-26,71913936;-53,5157511;SPRF-SC;DEL07-SC;UOP03-DEL07-SC;;;
702226;03/07/2025;quinta-feira;12:40:00;SC;282;527,9;XAXIM;Velocidade Incompat�vel;Tombamento;Sem V�timas;Pleno dia;Crescente;Sol;Simples;Curva;N�o;2;0;0;0;1;1;0;2;-26,97574389;-52,58883619;SPRF-SC;DEL07-SC;UOP01-DEL07-SC;;;
702232;03/07/2025;quinta-feira;16:50:00;SC;470;138;RIO DO SUL;Acessar a via sem observar a presen�a dos outros ve�culos;Colis�o transversal;Com V�timas Feridas;Anoitecer;Decrescente;Nublado;Simples;Interse��o de Vias;Sim;4;0;2;0;1;1;2;3;-27,1722097;-49,581096;SPRF-SC;DEL04-SC;UOP02-DEL04-SC;;;
702235;03/07/2025;quinta-feira;16:15:00;MA;10;274;IMPERATRIZ;Aus�ncia de rea��o do condutor;Colis�o traseira;Sem V�timas;Pleno dia;Decrescente;C�u Claro;Simples;Declive;N�o;2;0;0;0;2;0;0;2;-5,3355085;-47,4887354;SPRF-MA;DEL04-MA;UOP01-DEL04-MA;;;
702237;03/07/2025;quinta-feira;13:03:00;BA;101;739;ITABELA;Ultrapassagem Indevida;Colis�o frontal;Com V�timas Feridas;Pleno dia;Crescente;C�u Claro;Simples;Curva;N�o;7;0;2;1;3;2;3;7;-16,536;-39,57;SPRF-BA;DEL09-BA;UOP01-DEL09-BA;;;
702241;03/07/2025;quinta-feira;19:00:00;SC;101;203,3;SAO JOSE;Entrada inopinada do pedestre;Atropelamento de Pedestre;Com V�timas Feridas;Plena Noite;Decrescente;C�u Claro;Dupla;Reta;Sim;3;0;0;1;2;0;1;3;-27,54473453;-48,62002579;SPRF-SC;DEL01-SC;UOP01-DEL01-SC;;;
702242;03/07/2025;quinta-feira;16:50:00;MT;364;342;SANTO ANTONIO DO LEVERGER;Trafegar com motocicleta (ou similar) entre as faixas;Colis�o traseira;Com V�timas Feridas;Pleno dia;Crescente;Nublado;Dupla;Reta;N�o;3;0;0;1;1;1;1;3;-15,816481;-55,536759;SPRF-MT;DEL05-MT;UOP02-DEL05-MT;;;
702245;03/07/2025;quinta-feira;16:10:00;MG;116;790,9;ALEM PARAIBA;Ingest�o de �lcool pelo condutor;Tombamento;Com V�timas Feridas;Pleno dia;Crescente;Nublado;Simples;Reta;N�o;2;0;1;0;1;0;1;1;-21,69546013;-42,72891641;SPRF-MG;DEL07-MG;UOP01-DEL07-MG;;;
702247;03/07/2025;quinta-feira;17:20:00;MT;364;196;RONDONOPOLIS;Aus�ncia de rea��o do condutor;Sa�da de leito carro��vel;Sem V�timas;Anoitecer;Decrescente;C�u Claro;Simples;"Aclive;Reta";N�o;1;0;0;0;1;0;0;1;-16,515067;-54,609542;SPRF-MT;DEL02-MT;UOP01-DEL02-MT;;;
702248;03/07/2025;quinta-feira;16:00:00;MG;40;510;RIBEIRAO DAS NEVES;Condutor deixou de manter dist�ncia do ve�culo da frente;Colis�o traseira;Com V�timas Feridas;Pleno dia;Crescente;C�u Claro;Dupla;Reta;N�o;7;0;1;0;6;0;1;7;-19,772472;-44,125306;SPRF-MG;DEL01-MG;UOP02-DEL01-MG;;;
702249;03/07/2025;quinta-feira;17:55:00;RJ;101;428;MANGARATIBA;Acessar a via sem observar a presen�a dos outros ve�culos;Colis�o transversal;Com V�timas Fatais;Amanhecer;Decrescente;Chuva;Dupla;"Reta;Retorno Regulamentado";N�o;4;1;3;0;0;0;3;2;-22,93584219;-44,00019972;SPRF-RJ;DEL03-RJ;UOP02-DEL03-RJ;;;
702252;03/07/2025;quinta-feira;17:30:00;BA;242;411;SEABRA;Convers�o proibida;Queda de ocupante de ve�culo;Com V�timas Feridas;Anoitecer;Decrescente;C�u Claro;Simples;Reta;N�o;3;0;2;0;0;1;2;2;-12,450807;-41,750885;SPRF-BA;DEL06-BA;UOP01-DEL06-BA;;;