id;data_inversa;dia_semana;horario;uf;br;km;municipio;causa_acidente;tipo_acidente;classificacao_acidente;fase_dia;sentido_via;condicao_metereologica;tipo_pista;tracado_via;uso_solo;pessoas;mortos;feridos_leves;feridos_graves;ilesos;ignorados;feridos;veiculos;latitude;longitude;regional;delegacia;uop;;;
702601;05/07/2025;s�bado;04:58:00;PB;412;48,8;SAO JOAO DO CARIRI;Aus�ncia de rea��o do condutor;Colis�o lateral sentido oposto;Com V�timas Fatais;Plena Noite;Crescente;Ignorado;Simples;"Declive;Reta";N�o;5;1;0;3;1;0;3;2;-7,352893;-36,478382;SPRF-PB;DEL02-PB;UOP02-DEL02-PB;;;
702602;04/07/2025;sexta-feira;23:40:00;MG;251;295,3;SALINAS;Condutor Dormindo;Colis�o frontal;Com V�timas Fatais;Plena Noite;Decrescente;Nublado;Simples;Reta;N�o;4;1;0;2;1;0;2;2;-16,06061929;-42,19694138;SPRF-MG;DEL12-MG;UOP02-DEL12-MG;;;
702610;04/07/2025;sexta-feira;18:10:00;RJ;116;196;QUEIMADOS;Ingest�o de �lcool pelo condutor;Sa�da de leito carro��vel;Sem V�timas;Plena Noite;Decrescente;C�u Claro;Dupla;Reta;Sim;2;0;0;0;1;1;0;2;-22,73005606;-43,61312628;SPRF-RJ;DEL06-RJ;UOP01-DEL06-RJ;;;
702611;05/07/2025;s�bado;01:40:00;MT;163;868,5;SINOP;Transitar na contram�o;Colis�o frontal;Com V�timas Fatais;Plena Noite;Crescente;C�u Claro;Simples;"Reta;Declive";N�o;3;1;0;0;1;2;0;4;-11,57275;-55,412612;SPRF-MT;DEL06-MT;UOP02-DEL06-MT;;;
702619;05/07/2025;s�bado;08:30:00;SC;101;419,3;ARARANGUA;Aus�ncia de rea��o do condutor;Colis�o traseira;Com V�timas Feridas;Pleno dia;Decrescente;Sol;M�ltipla;"Em Obras;Reta";Sim;3;0;1;0;2;0;1;3;-28,99530799;-49,55216853;SPRF-SC;DEL02-SC;UOP02-DEL02-SC;;;
702623;01/07/2025;ter�a-feira;09:15:00;RJ;116;285;BARRA MANSA;Aus�ncia de sinaliza��o;Engavetamento;Com V�timas Feridas;Pleno dia;Crescente;C�u Claro;Dupla;Reta;N�o;7;0;2;0;4;1;2;5;-22,50078638;-44,2294213;SPRF-RJ;DEL07-RJ;UOP02-DEL07-RJ;;;
702624;05/07/2025;s�bado;08:00:00;SC;282;563;NOVA ERECHIM;Neblina;Colis�o traseira;Com V�timas Feridas;Pleno dia;Crescente;C�u Claro;Simples;"Reta;Aclive";N�o;2;0;1;0;1;0;1;2;-26,91276429;-52,8652637;SPRF-SC;DEL07-SC;UOP02-DEL07-SC;;;
702626;04/07/2025;sexta-feira;20:40:00;BA;242;258;ITABERABA;Rea��o tardia ou ineficiente do condutor;Tombamento;Com V�timas Feridas;Plena Noite;Decrescente;C�u Claro;Simples;Curva;N�o;5;0;1;0;3;3;1;5;-12,51120061;-40,44320852;SPRF-BA;DEL06-BA;UOP02-DEL06-BA;;;
702641;05/07/2025;s�bado;10:40:00;PR;376;170;MARINGA;Velocidade Incompat�vel;Colis�o lateral mesmo sentido;Com V�timas Feridas;Pleno dia;Crescente;C�u Claro;Dupla;Reta;Sim;6;0;2;0;3;1;2;3;-23,40260737;-51,99743271;SPRF-PR;DEL09-PR;UOP01-DEL09-PR;;;
702667;05/07/2025;s�bado;13:07:00;ES;101;242,7;SERRA;Condutor usando celular;Colis�o frontal;Com V�timas Fatais;Pleno dia;Crescente;C�u Claro;Simples;Curva;N�o;3;1;0;1;0;3;1;5;-20,03757;-40,39311;SPRF-ES;DEL02-ES;UOP01-DEL02-ES;;;
702670;05/07/2025;s�bado;11:40:00;BA;324;533;FEIRA DE SANTANA;Chuva;Colis�o traseira;Com V�timas Feridas;Pleno dia;Decrescente;Chuva;Dupla;Reta;N�o;9;0;2;4;2;1;6;3;-12,344924;-38,8409701;SPRF-BA;DEL01-BA;UOP03-DEL01-BA;;;
702672;05/07/2025;s�bado;11:08:00;BA;116;631;JAGUAQUARA;Acessar a via sem observar a presen�a dos outros ve�culos;Colis�o transversal;Com V�timas Feridas;Pleno dia;Crescente;C�u Claro;Simples;Reta;Sim;6;0;1;0;4;1;1;3;-13,520928;-40,059753;SPRF-BA;DEL03-BA;UOP01-DEL03-BA;;;
702673;12/06/2025;quinta-feira;07:10:00;RJ;101;481;ANGRA DOS REIS;Transitar na contram�o;Colis�o frontal;Com V�timas Feridas;Pleno dia;Crescente;C�u Claro;Simples;Reta;Sim;2;0;1;0;1;0;1;2;-23,0063118;-44,29456897;SPRF-RJ;DEL03-RJ;UOP03-DEL03-RJ;;;
702678;05/07/2025;s�bado;12:50:00;PR;476;308,9;SAO MATEUS DO SUL;Afundamento ou ondula��o no pavimento;Colis�o frontal;Com V�timas Feridas;Pleno dia;Decrescente;C�u Claro;Simples;Reta;N�o;3;0;0;2;0;2;2;4;-25,97008283;-50,53951263;SPRF-PR;DEL02-PR;UOP03-DEL02-PR;;;
702679;05/07/2025;s�bado;13:15:00;MG;251;319,7;SALINAS;Rea��o tardia ou ineficiente do condutor;Sa�da de leito carro��vel;Com V�timas Feridas;Pleno dia;Decrescente;C�u Claro;Simples;Curva;N�o;1;0;0;1;0;0;1;1;-16,175058;-42,33161;SPRF-MG;DEL12-MG;UOP02-DEL12-MG;;;
702681;05/07/2025;s�bado;14:10:00;SE;101;91;NOSSA SENHORA DO SOCORRO;Ingest�o de �lcool pelo condutor;Colis�o frontal;Com V�timas Feridas;Pleno dia;Decrescente;Nublado;Dupla;"Aclive;Viaduto;Curva";N�o;3;0;0;1;1;1;1;3;-10,90482684;-37,13039875;SPRF-SE;DEL01-SE;UOP01-DEL01-SE;;;
702694;30/06/2025;segunda-feira;14:00:00;MG;381;227;BELO ORIENTE;Aus�ncia de rea��o do condutor;Sa�da de leito carro��vel;Com V�timas Feridas;Pleno dia;Crescente;C�u Claro;Simples;Reta;N�o;2;0;1;0;0;1;1;2;-19,350543;-42,433783;SPRF-MG;DEL06-MG;UOP01-DEL06-MG;;;
702695;05/07/2025;s�bado;14:50:00;MG;381;455,6;BELO HORIZONTE;Convers�o proibida;Colis�o transversal;Com V�timas Feridas;Pleno dia;Crescente;Sol;Simples;"Aclive;Curva";N�o;3;0;0;3;0;0;3;2;-19,83843887;-43,88436047;SPRF-MG;DEL01-MG;UOP01-DEL01-MG;;;
702700;05/07/2025;s�bado;10:42:00;AC;364;122;RIO BRANCO;Aus�ncia de rea��o do condutor;Colis�o traseira;Com V�timas Feridas;Pleno dia;Decrescente;C�u Claro;Dupla;"Retorno Regulamentado;Reta";Sim;4;0;0;1;1;2;1;3;-10,011807;-67,781263;SPRF-AC;DEL01-AC;UOP01-DEL01-AC;;;
702718;05/07/2025;s�bado;16:30:00;PR;277;584,7;CASCAVEL;Manobra de mudan�a de faixa;Colis�o lateral mesmo sentido;Sem V�timas;Pleno dia;Crescente;C�u Claro;Simples;Curva;Sim;2;0;0;0;2;0;0;2;-24,964;-53,407;SPRF-PR;DEL04-PR;UOP01-DEL04-PR;;;
702740;05/07/2025;s�bado;18:50:00;PE;104;38;CARUARU;Transitar no Acostamento;Colis�o traseira;Com V�timas Fatais;Plena Noite;Crescente;C�u Claro;Dupla;Reta;N�o;2;1;0;0;1;0;0;2;-8,0586;-36,04822;SPRF-PE;DEL02-PE;UOP01-DEL02-PE;;;
702752;05/07/2025;s�bado;18:30:00;PR;376;490;PONTA GROSSA;Aus�ncia de rea��o do condutor;Colis�o com objeto;Com V�timas Feridas;Plena Noite;Crescente;Ignorado;Dupla;Reta;Sim;4;0;2;0;1;2;2;4;-25,105144;-50,193613;SPRF-PR;DEL03-PR;UOP04-DEL03-PR;;;
702757;05/07/2025;s�bado;19:30:00;RJ;116;185;NOVA IGUACU;Transitar no Acostamento;Colis�o traseira;Com V�timas Fatais;Plena Noite;Crescente;C�u Claro;Dupla;Reta;Sim;3;1;0;0;1;1;0;3;-22,7391687;-43,4712411;SPRF-RJ;DEL06-RJ;UOP01-DEL06-RJ;;;
702760;05/07/2025;s�bado;20:10:00;ES;101;314,2;VILA VELHA;Velocidade Incompat�vel;Colis�o com objeto;Com V�timas Feridas;Plena Noite;Decrescente;C�u Claro;Dupla;Curva;N�o;2;0;1;0;0;1;1;2;-20,46500915;-40,46546683;SPRF-ES;DEL01-ES;UOP01-DEL01-ES;;;
702765;05/07/2025;s�bado;18:30:00;TO;153;292,2;PRESIDENTE KENNEDY;Demais falhas mec�nicas ou el�tricas;Inc�ndio;Sem V�timas;Anoitecer;Decrescente;C�u Claro;Simples;Reta;N�o;1;0;0;0;1;0;0;1;-8,460868;-48,486562;SPRF-TO;DEL02-TO;UOP02-DEL02-TO;;;
702773;05/07/2025;s�bado;20:00:00;MA;10;261;IMPERATRIZ;Ingest�o de �lcool pelo condutor;Colis�o frontal;Sem V�timas;Plena Noite;Crescente;C�u Claro;Simples;Reta;N�o;3;0;0;0;2;1;0;3;-5,448223;-47,472523;SPRF-MA;DEL04-MA;UOP01-DEL04-MA;;;
702787;05/07/2025;s�bado;21:15:00;SC;153;64;IRANI;Aus�ncia de rea��o do condutor;Colis�o lateral sentido oposto;Sem V�timas;Plena Noite;Crescente;C�u Claro;Simples;Reta;N�o;3;0;0;0;1;2;0;3;-27,00703;-51,874842;SPRF-SC;DEL07-SC;UOP04-DEL07-SC;;;
702791;05/07/2025;s�bado;16:23:00;GO;153;577;PIRACANJUBA;Rea��o tardia ou ineficiente do condutor;Sa�da de leito carro��vel;Sem V�timas;Pleno dia;Crescente;C�u Claro;Dupla;Declive;N�o;2;0;0;0;1;1;0;2;-17,51409647;-49,21582461;SPRF-GO;DEL03-GO;UOP01-DEL03-GO;;;
702794;05/07/2025;s�bado;21:20:00;SC;282;473,8;VARGEAO;Transitar na contram�o;Colis�o lateral sentido oposto;Com V�timas Feridas;Plena Noite;Crescente;C�u Claro;Simples;Reta;N�o;5;0;0;2;1;2;2;4;-26,866303;-52,134647;SPRF-SC;DEL07-SC;UOP01-DEL07-SC;;;
702799;05/07/2025;s�bado;22:35:00;TO;153;504,4;PARAISO DO TOCANTINS;Transitar na contram�o;Colis�o lateral sentido oposto;Com V�timas Fatais;Plena Noite;Crescente;C�u Claro;Simples;"Reta;Aclive";N�o;3;1;0;0;1;1;0;3;-10,237321;-48,877162;SPRF-TO;DEL01-TO;UOP01-DEL01-TO;;;
702800;05/07/2025;s�bado;20:40:00;PE;428;86;SANTA MARIA DA BOA VISTA;Carga excessiva e/ou mal acondicionada;Derramamento de carga;Com V�timas Feridas;Pleno dia;Decrescente;C�u Claro;Simples;Aclive;N�o;2;0;2;0;0;0;2;1;-8,79557281;-39,83835094;SPRF-PE;DEL06-PE;UOP03-DEL06-PE;;;
702803;05/07/2025;s�bado;20:00:00;PE;407;129;PETROLINA;Velocidade Incompat�vel;Colis�o traseira;Com V�timas Feridas;Plena Noite;Crescente;C�u Claro;Dupla;"Reta;Ponte";Sim;5;0;2;2;1;0;4;3;-9,40315914;-40,50384521;SPRF-PE;DEL06-PE;UOP01-DEL06-PE;;;
702804;05/07/2025;s�bado;20:55:00;MT;163;1060;GUARANTA DO NORTE;Rea��o tardia ou ineficiente do condutor;Colis�o traseira;Com V�timas Feridas;Plena Noite;Crescente;Vento;Simples;Reta;N�o;2;0;0;1;0;1;1;2;-9,987811;-54,906538;SPRF-MT;DEL06-MT;UOP03-DEL06-MT;;;
702805;05/07/2025;s�bado;20:20:00;SC;282;212,2;LAGES;Acessar a via sem observar a presen�a dos outros ve�culos;Colis�o transversal;Com V�timas Fatais;Plena Noite;Decrescente;C�u Claro;Simples;"Reta;Declive;Interse��o de Vias";Sim;6;2;0;3;0;1;3;3;-27,78288437;-50,25340953;SPRF-SC;DEL05-SC;UOP01-DEL05-SC;;;
702814;05/07/2025;s�bado;22:50:00;BA;135;150;RIACHAO DAS NEVES;Velocidade Incompat�vel;Queda de ocupante de ve�culo;Com V�timas Fatais;Plena Noite;Decrescente;C�u Claro;Simples;Reta;N�o;4;2;0;0;1;1;0;3;-11,95140408;-44,90449907;SPRF-BA;DEL10-BA;UOP01-DEL10-BA;;;
702826;05/07/2025;s�bado;23:30:00;BA;101;415;IBIRAPITANGA;Ultrapassagem Indevida;Colis�o frontal;Com V�timas Feridas;Plena Noite;Decrescente;C�u Claro;Simples;Reta;N�o;7;0;4;1;2;0;5;2;-14,090578;-39,377567;SPRF-BA;DEL05-BA;UOP03-DEL05-BA;;;
702835;06/07/2025;domingo;00:40:00;GO;50;259,9;CATALAO;Manobra de mudan�a de faixa;Colis�o transversal;Com V�timas Fatais;Plena Noite;Decrescente;C�u Claro;Dupla;"Retorno Regulamentado;Reta";N�o;5;1;0;2;1;1;2;3;-18,03878735;-47,85440817;SPRF-GO;DEL06-GO;UOP01-DEL06-GO;;;
702843;06/07/2025;domingo;00:00:00;MG;365;451,1;PATROCINIO;Suic�dio (presumido);Atropelamento de Pedestre;Com V�timas Fatais;Plena Noite;Decrescente;C�u Claro;Simples;Reta;N�o;4;1;0;0;2;1;0;4;-18,83135;-46,8211;SPRF-MG;DEL10-MG;UOP01-DEL10-MG;;;
702860;06/07/2025;domingo;04:25:00;PR;376;464;PONTA GROSSA;Condutor Dormindo;Colis�o traseira;Com V�timas Feridas;Amanhecer;Crescente;C�u Claro;Dupla;Reta;N�o;7;0;1;0;5;2;1;4;-24,97876647;-50,37471186;SPRF-PR;DEL03-PR;UOP01-DEL03-PR;;;
702861;06/07/2025;domingo;06:40:00;RN;101;110;SAO JOSE DE MIPIBU;Trafegar com motocicleta (ou similar) entre as faixas;Colis�o traseira;Com V�timas Feridas;Pleno dia;Decrescente;C�u Claro;Dupla;Reta;N�o;2;0;0;1;1;0;1;2;-5,96477419;-35,26482403;SPRF-RN;DEL01-RN;UOP01-DEL01-RN;;;
702872;01/07/2025;ter�a-feira;06:45:00;MG;381;270;CORONEL FABRICIANO;Problema com o freio;Eventos at�picos;Com V�timas Feridas;Pleno dia;Crescente;C�u Claro;Simples;Reta;N�o;2;0;1;0;0;1;1;2;-19,52886917;-42,67102361;SPRF-MG;DEL03-MG;UOP02-DEL03-MG;;;
702876;06/07/2025;domingo;05:15:00;MG;381;164;GOVERNADOR VALADARES;Aus�ncia de rea��o do condutor;Colis�o lateral sentido oposto;Com V�timas Feridas;Amanhecer;Crescente;C�u Claro;Simples;Reta;N�o;6;0;2;2;1;1;4;4;-18,92415159;-42,03357285;SPRF-MG;DEL06-MG;UOP01-DEL06-MG;;;
702885;06/07/2025;domingo;07:00:00;MG;116;401,8;GOVERNADOR VALADARES;Transitar na contram�o;Colis�o frontal;Sem V�timas;Amanhecer;Crescente;C�u Claro;Simples;Reta;N�o;3;0;0;0;1;2;0;3;-18,778818;-41,987668;SPRF-MG;DEL06-MG;UOP01-DEL06-MG;;;
702886;05/07/2025;s�bado;22:20:00;SC;280;304,6;PORTO UNIAO;Ingest�o de �lcool pelo condutor;Colis�o traseira;Com V�timas Feridas;Plena Noite;Crescente;Nevoeiro/Neblina;Simples;Reta;Sim;2;0;1;0;1;0;1;2;-26,26818;-51,05786;SPRF-SC;DEL06-SC;UOP04-DEL06-SC;;;
702888;06/07/2025;domingo;06:43:00;MT;163;1057;GUARANTA DO NORTE;Aus�ncia de rea��o do condutor;Colis�o lateral sentido oposto;Com V�timas Feridas;Amanhecer;Crescente;C�u Claro;Simples;Reta;N�o;5;0;0;1;3;6;1;10;-10,014212;-54,908405;SPRF-MT;DEL06-MT;UOP03-DEL06-MT;;;
702889;06/07/2025;domingo;08:50:00;SC;101;283;IMBITUBA;Rea��o tardia ou ineficiente do condutor;Colis�o traseira;Com V�timas Feridas;Pleno dia;Decrescente;C�u Claro;Dupla;Reta;N�o;4;0;1;0;2;3;1;5;-28,22146827;-48,70046139;SPRF-SC;DEL02-SC;UOP03-DEL02-SC;;;
702898;06/07/2025;domingo;08:30:00;MG;116;195,1;CARAI;Rea��o tardia ou ineficiente do condutor;Tombamento;Com V�timas Feridas;Pleno dia;Decrescente;Nublado;Simples;"Declive;Curva";N�o;2;0;1;0;0;1;1;2;-17,2024278;-41,4919155;SPRF-MG;DEL11-MG;UOP01-DEL11-MG;;;
702899;06/07/2025;domingo;10:00:00;MG;381;590,6;CARMOPOLIS DE MINAS;Rea��o tardia ou ineficiente do condutor;Colis�o lateral mesmo sentido;Com V�timas Feridas;Pleno dia;Crescente;C�u Claro;Dupla;"Curva;Aclive";N�o;2;0;1;0;0;1;1;2;-20,545957;-44,655993;SPRF-MG;DEL04-MG;UOP01-DEL04-MG;;;
702902;06/07/2025;domingo;10:20:00;MA;222;673,3;ACAILANDIA;Ingest�o de �lcool pelo condutor;Engavetamento;Sem V�timas;Pleno dia;Decrescente;C�u Claro;Simples;Reta;Sim;3;0;0;0;3;0;0;3;-4,951;-47,483;SPRF-MA;DEL04-MA;UOP03-DEL04-MA;;;
702910;06/07/2025;domingo;12:00:00;SP;116;168,6;JACAREI;Rea��o tardia ou ineficiente do condutor;Colis�o traseira;Com V�timas Feridas;Pleno dia;Crescente;Sol;Dupla;"Reta;Aclive";Sim;4;0;1;0;2;1;1;4;-23,30628324;-46,03874087;SPRF-SP;DEL02-SP;UOP01-DEL02-SP;;;
702913;06/07/2025;domingo;09:30:00;PA;222;155;ABEL FIGUEIREDO;Demais falhas mec�nicas ou el�tricas;Sa�da de leito carro��vel;Com V�timas Fatais;Pleno dia;Decrescente;C�u Claro;Simples;"Curva;Declive";N�o;7;3;0;1;1;4;1;8;-4,98271617;-48,44923496;SPRF-PA;DEL03-PA;UOP01-DEL03-PA;;;
702923;06/07/2025;domingo;11:40:00;MG;116;688,4;MURIAE;Aus�ncia de rea��o do condutor;Sa�da de leito carro��vel;Com V�timas Feridas;Pleno dia;Crescente;C�u Claro;Simples;Curva;N�o;2;0;1;0;0;1;1;2;-21,1464617;-42,3813158;SPRF-MG;DEL07-MG;UOP02-DEL07-MG;;;
702929;06/07/2025;domingo;14:10:00;PR;277;517,5;GUARANIACU;Ultrapassagem Indevida;Colis�o frontal;Com V�timas Feridas;Pleno dia;Decrescente;C�u Claro;Simples;"Declive;Reta";Sim;4;0;0;2;1;1;2;3;-25,10977056;-52,85239076;SPRF-PR;DEL04-PR;UOP04-DEL04-PR;;;
702944;06/07/2025;domingo;13:30:00;BA;116;192;CANUDOS;Afundamento ou ondula��o no pavimento;Colis�o frontal;Com V�timas Feridas;Pleno dia;Crescente;C�u Claro;Simples;Reta;N�o;3;0;1;0;1;1;1;3;-10,294661;-39,070953;SPRF-BA;DEL07-BA;UOP03-DEL07-BA;;;
702956;06/07/2025;domingo;15:27:00;MG;116;214;CATUJI;Convers�o proibida;Colis�o transversal;Com V�timas Feridas;Pleno dia;Crescente;C�u Claro;Simples;Aclive;N�o;3;0;0;1;1;1;1;3;-17,364687;-41,532657;SPRF-MG;DEL11-MG;UOP01-DEL11-MG;;;
702959;06/07/2025;domingo;13:47:00;MT;163;671;LUCAS DO RIO VERDE;Rea��o tardia ou ineficiente do condutor;Colis�o lateral mesmo sentido;Com V�timas Feridas;Pleno dia;Crescente;C�u Claro;Simples;Reta;N�o;7;0;3;0;3;3;3;5;-13,209689;-55,997725;SPRF-MT;DEL06-MT;UOP01-DEL06-MT;;;
702961;06/07/2025;domingo;15:00:00;MG;262;82;MATIPO;Ultrapassagem Indevida;Colis�o lateral mesmo sentido;Com V�timas Feridas;Pleno dia;Crescente;C�u Claro;Simples;Reta;N�o;4;0;1;0;3;0;1;2;-20,33603;-42,389808;SPRF-MG;DEL03-MG;UOP03-DEL03-MG;;;
702967;06/07/2025;domingo;18:00:00;PE;101;48,9;ABREU E LIMA;Aus�ncia de rea��o do condutor;Atropelamento de Pedestre;Com V�timas Fatais;Plena Noite;Decrescente;C�u Claro;M�ltipla;Reta;Sim;3;2;0;0;0;1;0;3;-7,90017888;-34,90190568;SPRF-PE;DEL01-PE;UOP02-DEL01-PE;;;
702971;06/07/2025;domingo;17:50:00;MG;153;17;CENTRALINA;Condutor deixou de manter dist�ncia do ve�culo da frente;Colis�o lateral mesmo sentido;Com V�timas Feridas;Plena Noite;Decrescente;C�u Claro;Dupla;Reta;Sim;3;0;1;0;1;4;1;6;-18,54844855;-49,19307053;SPRF-MG;DEL15-MG;UOP03-DEL15-MG;;;
702974;06/07/2025;domingo;13:30:00;GO;153;293,3;RIALMA;Condutor deixou de manter dist�ncia do ve�culo da frente;Colis�o traseira;Com V�timas Feridas;Pleno dia;Decrescente;C�u Claro;Simples;Reta;N�o;4;0;2;0;1;1;2;3;-15,25553613;-49,54984725;SPRF-GO;DEL02-GO;UOP02-DEL02-GO;;;
702977;06/07/2025;domingo;18:20:00;MG;40;821,1;SIMAO PEREIRA;Manobra de mudan�a de faixa;Colis�o traseira;Com V�timas Feridas;Plena Noite;Decrescente;C�u Claro;Dupla;"Aclive;Reta";N�o;4;0;1;0;2;1;1;3;-21,96280681;-43,29771376;SPRF-MG;DEL05-MG;UOP01-DEL05-MG;;;
702981;06/07/2025;domingo;18:30:00;CE;304;16,6;BEBERIBE;Aus�ncia de rea��o do condutor;Colis�o traseira;Com V�timas Feridas;Plena Noite;Crescente;C�u Claro;Simples;Reta;N�o;5;0;1;0;3;1;1;3;-4,58679865;-38,08443904;SPRF-CE;DEL03-CE;UOP02-DEL03-CE;;;
702998;06/07/2025;domingo;19:40:00;PR;376;496;PONTA GROSSA;Aus�ncia de rea��o do condutor;Colis�o traseira;Com V�timas Feridas;Plena Noite;Decrescente;Ignorado;Dupla;"Reta;Aclive";N�o;3;0;1;0;1;2;1;4;-25,14312899;-50,1562597;SPRF-PR;DEL03-PR;UOP04-DEL03-PR;;;
703006;06/07/2025;domingo;20:20:00;PI;230;306;FLORIANO;Desrespeitar a prefer�ncia no cruzamento;Colis�o transversal;Com V�timas Feridas;Plena Noite;Crescente;C�u Claro;Simples;Reta;Sim;3;0;0;1;1;1;1;3;-6,79112;-42,986992;SPRF-PI;DEL03-PI;UOP01-DEL03-PI;;;
703016;06/07/2025;domingo;20:55:00;RJ;116;203;QUEIMADOS;Ingest�o de �lcool pelo condutor;Sa�da de leito carro��vel;Sem V�timas;Plena Noite;Crescente;Nublado;Dupla;Reta;N�o;1;0;0;0;1;0;0;1;-22,73142165;-43,6013031;SPRF-RJ;DEL06-RJ;UOP02-DEL06-RJ;;;
703032;06/07/2025;domingo;21:36:00;PE;101;115;AGUA PRETA;Rea��o tardia ou ineficiente do condutor;Tombamento;Com V�timas Feridas;Plena Noite;Crescente;C�u Claro;Dupla;Reta;N�o;2;0;1;0;0;1;1;2;-8,5731097;-35,4809554;SPRF-PE;DEL01-PE;UOP03-DEL01-PE;;;
703038;06/07/2025;domingo;22:30:00;PR;277;184;PALMEIRA;Rea��o tardia ou ineficiente do condutor;Colis�o lateral sentido oposto;Com V�timas Feridas;Anoitecer;Crescente;Nublado;Simples;Reta;N�o;4;0;2;0;1;1;2;3;-25,42449;-50,07313;SPRF-PR;DEL08-PR;UOP02-DEL08-PR;;;
703039;06/07/2025;domingo;20:30:00;MG;262;590,4;CAMPOS ALTOS;Velocidade Incompat�vel;Tombamento;Sem V�timas;Plena Noite;Decrescente;C�u Claro;Simples;Curva;N�o;2;0;0;0;1;1;0;2;-19,667274;-46,154411;SPRF-MG;DEL08-MG;UOP02-DEL08-MG;;;
703040;06/07/2025;domingo;22:56:00;SC;282;531,1;CORDILHEIRA ALTA;Transitar na contram�o;Colis�o frontal;Com V�timas Feridas;Plena Noite;Decrescente;C�u Claro;Simples;Curva;Sim;2;0;0;1;1;0;1;2;-26,9911257;-52,6091574;SPRF-SC;DEL07-SC;UOP01-DEL07-SC;;;
703048;06/07/2025;domingo;21:00:00;MG;116;343,1;CAMPANARIO;Rea��o tardia ou ineficiente do condutor;Colis�o traseira;Com V�timas Feridas;Plena Noite;Decrescente;Nublado;Simples;Reta;N�o;2;0;0;1;1;0;1;2;-18,346562;-41,771958;SPRF-MG;DEL11-MG;UOP01-DEL11-MG;;;
703059;07/07/2025;segunda-feira;03:00:00;MG;116;774,1;LEOPOLDINA;Velocidade Incompat�vel;Colis�o lateral sentido oposto;Com V�timas Feridas;Plena Noite;Decrescente;C�u Claro;Simples;Declive;N�o;2;0;1;0;1;0;1;2;-21,575775;-42,679893;SPRF-MG;DEL07-MG;UOP01-DEL07-MG;;;
703061;07/07/2025;segunda-feira;04:30:00;MG;381;683;PERDOES;Velocidade Incompat�vel;Colis�o com objeto;Com V�timas Feridas;Plena Noite;Crescente;C�u Claro;Dupla;Curva;N�o;2;0;1;0;0;1;1;2;-21,1553388;-45,1138219;SPRF-MG;DEL04-MG;UOP02-DEL04-MG;;;
703062;07/07/2025;segunda-feira;00:40:00;SC;101;177;BIGUACU;Rea��o tardia ou ineficiente do condutor;Colis�o lateral mesmo sentido;Com V�timas Feridas;Plena Noite;Crescente;Nublado;Dupla;Reta;N�o;3;0;0;1;1;1;1;3;-27,35359657;-48,63391042;SPRF-SC;DEL01-SC;UOP01-DEL01-SC;;;
703063;07/07/2025;segunda-feira;04:20:00;CE;116;26;AQUIRAZ;Condutor deixou de manter dist�ncia do ve�culo da frente;Colis�o traseira;Com V�timas Feridas;Plena Noite;Decrescente;C�u Claro;Dupla;Reta;N�o;3;0;1;0;1;1;1;3;-3,9962883;-38,5160813;SPRF-CE;DEL01-CE;UOP02-DEL01-CE;;;
703064;07/07/2025;segunda-feira;00:30:00;MA;316;510;CAXIAS;Rea��o tardia ou ineficiente do condutor;Colis�o com objeto;Com V�timas Fatais;Plena Noite;Crescente;C�u Claro;Simples;Reta;N�o;4;1;1;2;0;0;3;2;-4,74656;-43,67492;SPRF-MA;DEL03-MA;UOP02-DEL03-MA;;;
703073;07/07/2025;segunda-feira;05:40:00;MG;40;400,8;CURVELO;Ultrapassagem Indevida;Colis�o lateral mesmo sentido;Com V�timas Fatais;Amanhecer;Crescente;C�u Claro;Simples;"Curva;Aclive";N�o;3;1;0;1;0;1;1;3;-19,039784;-44,649998;SPRF-MG;DEL02-MG;UOP01-DEL02-MG;;;
703074;07/07/2025;segunda-feira;05:05:00;RS;472;538;URUGUAIANA;Problema com o freio;Inc�ndio;Sem V�timas;Amanhecer;Crescente;C�u Claro;Simples;Reta;N�o;2;0;0;0;1;1;0;2;-29,54717891;-56,82607217;SPRF-RS;DEL13-RS;UOP01-DEL13-RS;;;
703082;07/07/2025;segunda-feira;06:50:00;MS;262;323;CAMPO GRANDE;Transitar na contram�o;Colis�o lateral sentido oposto;Com V�timas Feridas;Pleno dia;Crescente;C�u Claro;Simples;Reta;N�o;3;0;1;0;1;1;1;3;-20,469022;-54,506846;SPRF-MS;DEL01-MS;UOP01-DEL01-MS;;;
703083;07/07/2025;segunda-feira;07:50:00;ES;101;267,9;SERRA;Acessar a via sem observar a presen�a dos outros ve�culos;Colis�o transversal;Com V�timas Feridas;Pleno dia;Crescente;C�u Claro;M�ltipla;Interse��o de Vias;Sim;3;0;2;0;1;0;2;2;-20,2021626;-40,26913762;SPRF-ES;DEL02-ES;UOP01-DEL02-ES;;;
703086;07/07/2025;segunda-feira;07:00:00;PR;116;93;SAO JOSE DOS PINHAIS;Acessar a via sem observar a presen�a dos outros ve�culos;Colis�o transversal;Com V�timas Feridas;Pleno dia;Decrescente;Nevoeiro/Neblina;Dupla;Reta;N�o;3;0;1;0;1;1;1;3;-25,518325;-49,132815;SPRF-PR;DEL01-PR;UOP07-DEL01-PR;;;
703087;07/07/2025;segunda-feira;02:45:00;MG;116;305,1;ITAMBACURI;Aus�ncia de rea��o do condutor;Tombamento;Com V�timas Fatais;Plena Noite;Crescente;C�u Claro;Simples;"Declive;Curva";N�o;2;1;0;0;0;1;0;2;-18,033323;-41,65312;SPRF-MG;DEL11-MG;UOP01-DEL11-MG;;;