id;data_inversa;dia_semana;horario;uf;br;km;municipio;causa_acidente;tipo_acidente;classificacao_acidente;fase_dia;sentido_via;condicao_metereologica;tipo_pista;tracado_via;uso_solo;pessoas;mortos;feridos_leves;feridos_graves;ilesos;ignorados;feridos;veiculos;latitude;longitude;regional;delegacia;uop;;;
703393;08/07/2025;ter�a-feira;14:50:00;CE;116;23,3;AQUIRAZ;Aus�ncia de rea��o do condutor;Colis�o lateral mesmo sentido;Com V�timas Feridas;Pleno dia;Crescente;C�u Claro;Dupla;Retorno Regulamentado;Sim;5;0;2;0;3;0;2;2;-3,952798;-38,512184;SPRF-CE;DEL01-CE;UOP02-DEL01-CE;;;
703408;08/07/2025;ter�a-feira;16:00:00;SC;101;119,7;ITAJAI;Condutor deixou de manter dist�ncia do ve�culo da frente;Colis�o traseira;Com V�timas Feridas;Pleno dia;Crescente;C�u Claro;M�ltipla;Reta;Sim;3;0;1;1;1;0;2;2;-26,91116047;-48,71259436;SPRF-SC;DEL04-SC;UOP04-DEL04-SC;;;
703410;08/07/2025;ter�a-feira;12:55:00;MG;381;410;NOVA UNIAO;Restri��o de visibilidade em curvas horizontais;Colis�o com objeto;Sem V�timas;Pleno dia;Decrescente;C�u Claro;Dupla;"Curva;Declive";N�o;2;0;0;0;2;0;0;2;-19,73197849;-43,59679406;SPRF-MG;DEL01-MG;UOP01-DEL01-MG;;;
703414;08/07/2025;ter�a-feira;15:40:00;RS;116;391;CAMAQUA;Manobra de mudan�a de faixa;Colis�o lateral mesmo sentido;Com V�timas Feridas;Pleno dia;Decrescente;C�u Claro;Dupla;Reta;N�o;2;0;0;1;1;0;1;2;-30,83321187;-51,73248088;SPRF-RS;DEL02-RS;UOP02-DEL02-RS;;;
703415;08/07/2025;ter�a-feira;15:55:00;RS;470;206;BENTO GONCALVES;Aus�ncia de rea��o do condutor;Colis�o frontal;Com V�timas Feridas;Anoitecer;Decrescente;C�u Claro;Simples;"Aclive;Curva";N�o;5;0;3;0;1;1;3;4;-29,09747799;-51,54398775;SPRF-RS;DEL06-RS;UOP01-DEL06-RS;;;
703417;08/07/2025;ter�a-feira;13:30:00;MT;174;510;COMODORO;Ultrapassagem Indevida;Sa�da de leito carro��vel;Com V�timas Feridas;Pleno dia;Crescente;C�u Claro;Simples;Curva;N�o;5;0;1;1;2;5;2;8;-13,58512774;-59,80707407;SPRF-MT;DEL04-MT;UOP02-DEL04-MT;;;
703419;08/07/2025;ter�a-feira;13:00:00;RJ;101;456;ANGRA DOS REIS;Acessar a via sem observar a presen�a dos outros ve�culos;Colis�o transversal;Com V�timas Feridas;Pleno dia;Crescente;C�u Claro;Simples;Interse��o de Vias;Sim;3;0;1;1;1;0;2;2;-23,03139906;-44,1718626;SPRF-RJ;DEL03-RJ;UOP02-DEL03-RJ;;;
703420;08/07/2025;ter�a-feira;16:40:00;TO;153;650;DUERE;Aus�ncia de rea��o do condutor;Colis�o traseira;Com V�timas Feridas;Pleno dia;Crescente;C�u Claro;Simples;"Em Obras;Reta";N�o;3;0;1;0;1;1;1;3;-11,54461646;-49,02648926;SPRF-TO;DEL01-TO;UOP02-DEL01-TO;;;
703424;08/07/2025;ter�a-feira;16:25:00;PR;277;608,4;SANTA TEREZA DO OESTE;Rea��o tardia ou ineficiente do condutor;Colis�o traseira;Com V�timas Fatais;Pleno dia;Decrescente;C�u Claro;Simples;Reta;Sim;2;1;0;0;1;0;0;2;-25,04500932;-53,60826937;SPRF-PR;DEL05-PR;UOP02-DEL05-PR;;;
703433;08/07/2025;ter�a-feira;16:45:00;PB;230;162,3;CAMPINA GRANDE;Condutor deixou de manter dist�ncia do ve�culo da frente;Sa�da de leito carro��vel;Com V�timas Feridas;Anoitecer;Decrescente;Nublado;Simples;"Curva;Declive";Sim;2;0;1;0;0;1;1;2;-7,226323;-35,9436;SPRF-PB;DEL02-PB;UOP01-DEL02-PB;;;
703435;08/07/2025;ter�a-feira;15:30:00;MG;50;198;DELTA;Demais falhas mec�nicas ou el�tricas;Colis�o com objeto;Com V�timas Feridas;Pleno dia;Crescente;C�u Claro;Dupla;Declive;N�o;1;0;1;0;0;0;1;1;-19,915727;-47,829201;SPRF-MG;DEL13-MG;UOP01-DEL13-MG;;;
703437;08/07/2025;ter�a-feira;18:30:00;RN;101;108;PARNAMIRIM;Acessar a via sem observar a presen�a dos outros ve�culos;Atropelamento de Pedestre;Com V�timas Feridas;Plena Noite;Crescente;Nublado;Dupla;Reta;Sim;3;0;0;1;1;1;1;3;-5,9273296;-35,2650544;SPRF-RN;DEL01-RN;UOP01-DEL01-RN;;;
703444;08/07/2025;ter�a-feira;18:30:00;BA;116;486;RAFAEL JAMBEIRO;Entrada inopinada do pedestre;Atropelamento de Pedestre;Com V�timas Fatais;Plena Noite;Decrescente;C�u Claro;Dupla;Reta;Sim;4;1;0;0;1;2;0;4;-12,55039;-39,45229;SPRF-BA;DEL02-BA;UOP01-DEL02-BA;;;
703446;08/07/2025;ter�a-feira;18:20:00;RS;101;63;MAQUINE;Rea��o tardia ou ineficiente do condutor;Colis�o traseira;Com V�timas Feridas;Plena Noite;Decrescente;C�u Claro;Dupla;"Reta;Aclive";N�o;3;0;1;0;1;1;1;3;-29,6962627;-50,1678208;SPRF-RS;DEL03-RS;UOP02-DEL03-RS;;;
703450;08/07/2025;ter�a-feira;15:26:00;MT;364;350,4;SANTO ANTONIO DO LEVERGER;Demais falhas mec�nicas ou el�tricas;Tombamento;Com V�timas Feridas;Pleno dia;Crescente;Sol;Simples;"Curva;Declive";N�o;2;0;1;0;0;3;1;4;-15,8164788;-55,53665161;SPRF-MT;DEL05-MT;UOP02-DEL05-MT;;;
703453;08/07/2025;ter�a-feira;18:40:00;AL;101;234,7;OLHO DAGUA GRANDE;Velocidade Incompat�vel;Tombamento;Com V�timas Fatais;Plena Noite;Crescente;Nublado;Dupla;Curva;N�o;1;1;0;0;0;0;0;1;-10,117198;-36,767301;SPRF-AL;DEL02-AL;UOP02-DEL02-AL;;;
703460;08/07/2025;ter�a-feira;17:45:00;PE;428;49,2;OROCO;Transitar na contram�o;Colis�o frontal;Com V�timas Fatais;Anoitecer;Decrescente;Nublado;Simples;Reta;N�o;2;1;0;0;1;0;0;2;-8,62058208;-39,609709;SPRF-PE;DEL06-PE;UOP03-DEL06-PE;;;
703475;08/07/2025;ter�a-feira;20:15:00;MT;364;285,4;JACIARA;Rea��o tardia ou ineficiente do condutor;Tombamento;Com V�timas Feridas;Plena Noite;Decrescente;Ignorado;Dupla;Curva;N�o;5;0;1;0;3;7;1;11;-15,901373;-55,055737;SPRF-MT;DEL05-MT;UOP02-DEL05-MT;;;
703477;08/07/2025;ter�a-feira;21:15:00;MT;364;386,6;SANTO ANTONIO DO LEVERGER;Rea��o tardia ou ineficiente do condutor;Colis�o traseira;Com V�timas Feridas;Plena Noite;Crescente;C�u Claro;Dupla;Reta;N�o;3;0;1;0;1;4;1;6;-15,70142553;-55,85585386;SPRF-MT;DEL01-MT;UOP02-DEL01-MT;;;
703482;08/07/2025;ter�a-feira;21:00:00;PR;116;32;CAMPINA GRANDE DO SUL;Velocidade Incompat�vel;Tombamento;Com V�timas Feridas;Plena Noite;Decrescente;C�u Claro;Dupla;"Curva;Aclive";N�o;2;0;1;0;0;1;1;2;-25,11194814;-48,84684563;SPRF-PR;DEL01-PR;UOP02-DEL01-PR;;;
703486;08/07/2025;ter�a-feira;21:10:00;MG;40;549;NOVA LIMA;Ultrapassagem Indevida;Colis�o transversal;Sem V�timas;Plena Noite;Crescente;C�u Claro;Dupla;Reta;N�o;6;0;0;0;5;1;0;4;-20,039806;-43,967308;SPRF-MG;DEL01-MG;UOP02-DEL01-MG;;;
703489;08/07/2025;ter�a-feira;18:40:00;MG;262;139,8;RIO CASCA;Transitar na contram�o;Colis�o frontal;Com V�timas Fatais;Plena Noite;Crescente;C�u Claro;Simples;Reta;N�o;2;1;1;0;0;0;1;2;-20,077527;-42,714267;SPRF-MG;DEL03-MG;UOP03-DEL03-MG;;;
703496;08/07/2025;ter�a-feira;17:30:00;PR;376;502,9;PONTA GROSSA;Acessar a via sem observar a presen�a dos outros ve�culos;Colis�o lateral mesmo sentido;Com V�timas Feridas;Pleno dia;Decrescente;Sol;Dupla;Reta;N�o;4;0;0;1;1;2;1;4;-25,17335372;-50,10533984;SPRF-PR;DEL03-PR;UOP04-DEL03-PR;;;
703498;08/07/2025;ter�a-feira;19:15:00;PA;316;85;SAO FRANCISCO DO PARA;Transitar na contram�o;Colis�o frontal;Com V�timas Fatais;Plena Noite;Decrescente;Chuva;Simples;Reta;N�o;5;3;0;0;1;1;0;3;-1,313107;-47,727606;SPRF-PA;DEL01-PA;UOP02-DEL01-PA;;;
703500;09/07/2025;quarta-feira;00:00:00;MG;251;467;FRANCISCO SA;Ingest�o de �lcool pelo condutor;Colis�o frontal;Com V�timas Feridas;Plena Noite;Decrescente;C�u Claro;Simples;"Declive;Reta";N�o;4;0;0;1;2;1;1;3;-16,455592;-43,403448;SPRF-MG;DEL12-MG;UOP01-DEL12-MG;;;
703505;08/07/2025;ter�a-feira;23:30:00;PI;407;458;JAICOS;Manobra de mudan�a de faixa;Colis�o frontal;Com V�timas Feridas;Plena Noite;Decrescente;C�u Claro;Simples;"Reta;Aclive";N�o;3;0;0;1;1;1;1;2;-7,287012;-41,194963;SPRF-PI;DEL04-PI;UOP01-DEL04-PI;;;
703506;09/07/2025;quarta-feira;02:15:00;SP;116;325,6;JUQUITIBA;Rea��o tardia ou ineficiente do condutor;Atropelamento de Pedestre;Com V�timas Fatais;Plena Noite;Crescente;C�u Claro;Dupla;Reta;N�o;2;1;0;0;0;1;0;2;-23,9404339;-47,05411312;SPRF-SP;DEL04-SP;UOP03-DEL04-SP;;;
703507;08/07/2025;ter�a-feira;07:26:00;MT;364;341;SANTO ANTONIO DO LEVERGER;Aus�ncia de rea��o do condutor;Colis�o lateral mesmo sentido;Sem V�timas;Pleno dia;Crescente;C�u Claro;Dupla;Reta;N�o;6;0;0;0;5;3;0;5;-15,81721177;-55,53498243;SPRF-MT;DEL05-MT;UOP02-DEL05-MT;;;
703511;09/07/2025;quarta-feira;06:40:00;ES;101;298,2;VIANA;Acessar a via sem observar a presen�a dos outros ve�culos;Colis�o lateral mesmo sentido;Com V�timas Feridas;Pleno dia;Crescente;Nublado;Dupla;Reta;Sim;2;0;1;0;1;0;1;2;-20,354467;-40,416822;SPRF-ES;DEL01-ES;UOP01-DEL01-ES;;;
703516;09/07/2025;quarta-feira;04:30:00;PB;230;448,1;APARECIDA;Aus�ncia de rea��o do condutor;Colis�o traseira;Com V�timas Feridas;Amanhecer;Decrescente;C�u Claro;Simples;Reta;N�o;2;0;0;1;1;0;1;2;-6,78526;-38,103708;SPRF-PB;DEL03-PB;UOP03-DEL03-PB;;;
703527;12/03/2025;quarta-feira;03:40:00;BA;324;614;SALVADOR;Rea��o tardia ou ineficiente do condutor;Colis�o traseira;Com V�timas Feridas;Amanhecer;Crescente;C�u Claro;Simples;Reta;Sim;3;0;0;1;1;1;1;3;-12,7930492;-38,4045175;SPRF-BA;DEL01-BA;UOP01-DEL01-BA;;;
703529;09/07/2025;quarta-feira;05:45:00;RS;293;345;SANTANA DO LIVRAMENTO;Desrespeitar a prefer�ncia no cruzamento;Colis�o transversal;Com V�timas Feridas;Amanhecer;Decrescente;Nevoeiro/Neblina;Simples;"Reta;Interse��o de Vias";N�o;2;0;1;0;1;0;1;2;-30,82959085;-55,57649732;SPRF-RS;DEL11-RS;UOP01-DEL11-RS;;;
703532;12/06/2025;quinta-feira;02:00:00;GO;452;62;MAURILANDIA;Condutor Dormindo;Sa�da de leito carro��vel;Com V�timas Feridas;Plena Noite;Decrescente;C�u Claro;Simples;Reta;N�o;2;0;1;0;0;1;1;2;-18,002317;-50,374247;SPRF-GO;DEL04-GO;UOP01-DEL04-GO;;;
703536;09/07/2025;quarta-feira;07:38:00;PR;116;82,1;PIRAQUARA;Aus�ncia de rea��o do condutor;Colis�o lateral mesmo sentido;Com V�timas Feridas;Pleno dia;Crescente;Chuva;Dupla;"Reta;Aclive";N�o;4;0;1;0;2;2;1;5;-25,432023;-49,086205;SPRF-PR;DEL01-PR;UOP02-DEL01-PR;;;
703552;09/07/2025;quarta-feira;10:10:00;SP;116;444,3;REGISTRO;Aus�ncia de rea��o do condutor;Colis�o traseira;Com V�timas Feridas;Pleno dia;Crescente;Nublado;Dupla;Reta;Sim;2;0;1;0;1;0;1;2;-24,4928557;-47,8384254;SPRF-SP;DEL05-SP;UOP01-DEL05-SP;;;
703556;09/07/2025;quarta-feira;09:50:00;SC;470;4;NAVEGANTES;Ultrapassagem Indevida;Colis�o lateral mesmo sentido;Com V�timas Feridas;Pleno dia;Crescente;Sol;Dupla;"Reta;Em Obras";Sim;3;0;1;0;1;1;1;3;-26,8590621;-48,68897885;SPRF-SC;DEL04-SC;UOP04-DEL04-SC;;;
703561;08/06/2025;domingo;02:15:00;MG;116;211;CATUJI;Ingest�o de �lcool pelo condutor;Colis�o traseira;Com V�timas Fatais;Plena Noite;Decrescente;Nublado;Simples;"Reta;Aclive";N�o;3;1;0;1;0;1;1;2;-17,337716;-41,531116;SPRF-MG;DEL11-MG;UOP01-DEL11-MG;;;
703562;09/07/2025;quarta-feira;09:05:00;PE;232;486;VERDEJANTE;Transitar na contram�o;Colis�o lateral sentido oposto;Com V�timas Feridas;Pleno dia;Decrescente;C�u Claro;Simples;"Declive;Reta";N�o;3;0;0;1;0;3;1;4;-8,012713;-38,943565;SPRF-PE;DEL05-PE;UOP01-DEL05-PE;;;
703570;09/07/2025;quarta-feira;11:35:00;CE;116;19;EUSEBIO;Convers�o proibida;Colis�o lateral mesmo sentido;Com V�timas Feridas;Pleno dia;Crescente;C�u Claro;Dupla;"Retorno Regulamentado;Reta";N�o;4;0;1;1;0;2;2;3;-3,91835314;-38,50738049;SPRF-CE;DEL01-CE;UOP02-DEL01-CE;;;
703573;09/07/2025;quarta-feira;10:55:00;DF;60;15,5;BRASILIA;Manobra de mudan�a de faixa;Colis�o lateral mesmo sentido;Com V�timas Fatais;Pleno dia;Decrescente;C�u Claro;Dupla;Reta;N�o;2;1;0;0;1;0;0;2;-15,950349;-48,173912;SPRF-DF;DEL03-DF;UOP01-DEL03-DF;;;
703575;09/07/2025;quarta-feira;10:35:00;RS;153;536;CACAPAVA DO SUL;Transitar na contram�o;Colis�o lateral sentido oposto;Com V�timas Feridas;Pleno dia;Crescente;Nevoeiro/Neblina;Simples;Reta;N�o;4;0;1;0;3;0;1;2;-30,75035077;-53,52328241;SPRF-RS;DEL09-RS;UOP02-DEL09-RS;;;
703576;09/07/2025;quarta-feira;10:35:00;SC;282;43,8;AGUAS MORNAS;Ultrapassagem Indevida;Colis�o frontal;Com V�timas Fatais;Pleno dia;Decrescente;C�u Claro;Simples;"Curva;Declive";N�o;3;1;0;0;1;1;0;3;-27,7221;-48,90682;SPRF-SC;DEL01-SC;UOP03-DEL01-SC;;;
703578;09/07/2025;quarta-feira;09:40:00;PR;376;302;MAUA DA SERRA;Problema com o freio;Colis�o com objeto;Com V�timas Feridas;Pleno dia;Crescente;C�u Claro;Dupla;"Declive;Curva";N�o;2;0;0;1;0;2;1;3;-23,93668251;-51,14425421;SPRF-PR;DEL07-PR;UOP02-DEL07-PR;;;
703581;09/07/2025;quarta-feira;12:00:00;SC;470;120,9;IBIRAMA;Velocidade Incompat�vel;Tombamento;Com V�timas Feridas;Pleno dia;Crescente;C�u Claro;Simples;"Declive;Curva";N�o;2;0;0;1;0;1;1;2;-27,0956;-49,5284;SPRF-SC;DEL04-SC;UOP02-DEL04-SC;;;
703583;09/07/2025;quarta-feira;12:30:00;ES;101;389;RIO NOVO DO SUL;Avarias e/ou desgaste excessivo no pneu;Sa�da de leito carro��vel;Com V�timas Feridas;Pleno dia;Crescente;Nublado;Simples;Curva;N�o;2;0;1;0;0;1;1;2;-20,8610104;-40,87625083;SPRF-ES;DEL03-ES;UOP02-DEL03-ES;;;
703586;09/07/2025;quarta-feira;08:35:00;MG;262;191;BELA VISTA DE MINAS;Rea��o tardia ou ineficiente do condutor;Tombamento;Sem V�timas;Pleno dia;Crescente;C�u Claro;Simples;"Declive;Curva";N�o;1;0;0;0;1;0;0;1;-19,88176393;-43,06975365;SPRF-MG;DEL03-MG;UOP01-DEL03-MG;;;
703587;09/07/2025;quarta-feira;13:30:00;SC;101;23;JOINVILLE;Condutor deixou de manter dist�ncia do ve�culo da frente;Colis�o traseira;Sem V�timas;Pleno dia;Decrescente;Sol;Dupla;Reta;N�o;4;0;0;0;1;3;0;4;-26,175245;-48,907608;SPRF-SC;DEL03-SC;UOP01-DEL03-SC;;;
703588;09/07/2025;quarta-feira;11:19:00;SE;101;151,3;ESTANCIA;Acessar a via sem observar a presen�a dos outros ve�culos;Colis�o transversal;Com V�timas Feridas;Pleno dia;Decrescente;C�u Claro;Simples;"Reta;Interse��o de Vias";Sim;4;0;1;0;2;3;1;6;-11,26039981;-37,4407053;SPRF-SE;DEL02-SE;UOP01-DEL02-SE;;;
703591;09/07/2025;quarta-feira;10:40:00;MG;381;924,3;CAMANDUCAIA;Velocidade Incompat�vel;Tombamento;Com V�timas Feridas;Pleno dia;Decrescente;Sol;Dupla;Curva;N�o;4;0;3;0;0;1;3;2;-22,7705036;-46,1931404;SPRF-MG;DEL16-MG;UOP03-DEL16-MG;;;
703592;02/07/2025;quarta-feira;12:47:00;MG;153;33;CENTRALINA;Condutor deixou de manter dist�ncia do ve�culo da frente;Colis�o traseira;Com V�timas Feridas;Pleno dia;Decrescente;C�u Claro;Dupla;Reta;Sim;3;0;1;0;1;6;1;8;-18,71088659;-49,13643837;SPRF-MG;DEL15-MG;UOP03-DEL15-MG;;;
703601;09/07/2025;quarta-feira;13:38:00;PE;104;77;CARUARU;Manobra de mudan�a de faixa;Colis�o frontal;Com V�timas Feridas;Pleno dia;Decrescente;C�u Claro;Simples;Reta;N�o;2;0;1;0;1;0;1;2;-8,382472;-35,982822;SPRF-PE;DEL02-PE;UOP01-DEL02-PE;;;
703605;09/07/2025;quarta-feira;14:15:00;PE;101;49;ABREU E LIMA;Acessar a via sem observar a presen�a dos outros ve�culos;Colis�o transversal;Com V�timas Feridas;Pleno dia;Crescente;C�u Claro;Simples;Reta;N�o;2;0;1;0;1;0;1;2;-7,903735;-34,901805;SPRF-PE;DEL01-PE;UOP02-DEL01-PE;;;
703609;09/07/2025;quarta-feira;11:50:00;PE;232;551;PARNAMIRIM;Rea��o tardia ou ineficiente do condutor;Colis�o traseira;Com V�timas Feridas;Pleno dia;Decrescente;C�u Claro;Simples;"Em Obras;Reta";N�o;2;0;0;1;1;0;1;2;-8,089595;-39,504698;SPRF-PE;DEL05-PE;UOP01-DEL05-PE;;;
703610;09/07/2025;quarta-feira;14:51:00;PI;316;1,5;TERESINA;Condutor deixou de manter dist�ncia do ve�culo da frente;Colis�o traseira;Com V�timas Feridas;Pleno dia;Decrescente;Sol;Dupla;Reta;Sim;3;0;1;0;1;1;1;3;-5,12350983;-42,79668242;SPRF-PI;DEL01-PI;UOP02-DEL01-PI;;;
703614;09/07/2025;quarta-feira;15:00:00;SC;101;455,8;SAO JOAO DO SUL;Rea��o tardia ou ineficiente do condutor;Colis�o traseira;Sem V�timas;Pleno dia;Decrescente;Nublado;M�ltipla;Rotat�ria;N�o;2;0;0;0;2;0;0;2;-29,22772904;-49,75953698;SPRF-SC;DEL02-SC;UOP02-DEL02-SC;;;
703616;09/07/2025;quarta-feira;15:40:00;MG;40;531;BELO HORIZONTE;Rea��o tardia ou ineficiente do condutor;Colis�o traseira;Com V�timas Feridas;Pleno dia;Decrescente;C�u Claro;Dupla;"Reta;Aclive";Sim;3;0;1;1;1;0;2;2;-19,922722;-44,020583;SPRF-MG;DEL01-MG;UOP02-DEL01-MG;;;
703618;09/07/2025;quarta-feira;16:15:00;MG;40;737,5;SANTOS DUMONT;Transitar na contram�o;Colis�o lateral sentido oposto;Com V�timas Feridas;Pleno dia;Decrescente;C�u Claro;Simples;Curva;N�o;3;0;1;1;1;0;2;2;-21,4112;-43,56693;SPRF-MG;DEL05-MG;UOP01-DEL05-MG;;;
703623;09/07/2025;quarta-feira;14:45:00;SC;280;107;SAO BENTO DO SUL;Transitar na contram�o;Colis�o lateral sentido oposto;Com V�timas Feridas;Pleno dia;Crescente;C�u Claro;Simples;"Aclive;Curva";N�o;3;0;2;0;1;0;2;2;-26,3411;-49,37532;SPRF-SC;DEL06-SC;UOP03-DEL06-SC;;;
703632;09/07/2025;quarta-feira;17:00:00;PR;277;70;SAO JOSE DOS PINHAIS;Rea��o tardia ou ineficiente do condutor;Colis�o traseira;Com V�timas Feridas;Pleno dia;Crescente;C�u Claro;Dupla;Reta;N�o;3;0;1;0;1;3;1;5;-25,51384074;-49,12312858;SPRF-PR;DEL01-PR;UOP01-DEL01-PR;;;
703644;09/07/2025;quarta-feira;18:00:00;SE;101;88,9;NOSSA SENHORA DO SOCORRO;Condutor deixou de manter dist�ncia do ve�culo da frente;Colis�o traseira;Com V�timas Feridas;Plena Noite;Decrescente;Nublado;Dupla;Aclive;N�o;3;0;1;0;0;2;1;3;-10,88029;-37,13352;SPRF-SE;DEL01-SE;UOP01-DEL01-SE;;;
703646;09/07/2025;quarta-feira;16:52:00;RJ;393;200;TRES RIOS;Condutor deixou de manter dist�ncia do ve�culo da frente;Colis�o traseira;Com V�timas Feridas;Pleno dia;Crescente;C�u Claro;Simples;Reta;N�o;2;0;1;0;0;1;1;2;-22,09220989;-43,19231316;SPRF-RJ;DEL05-RJ;UOP03-DEL05-RJ;;;
703649;09/07/2025;quarta-feira;11:30:00;MA;222;443;SANTA LUZIA;Condutor Dormindo;Colis�o frontal;Com V�timas Feridas;Pleno dia;Decrescente;C�u Claro;Simples;"Declive;Reta";N�o;4;0;3;0;0;1;3;3;-4,08336716;-45,88150263;SPRF-MA;DEL02-MA;UOP01-DEL02-MA;;;
703656;09/07/2025;quarta-feira;17:50:00;SP;116;393;MIRACATU;Avarias e/ou desgaste excessivo no pneu;Sa�da de leito carro��vel;Com V�timas Feridas;Anoitecer;Decrescente;C�u Claro;Dupla;Reta;N�o;1;0;0;1;0;0;1;1;-24,28515;-47,44582;SPRF-SP;DEL04-SP;UOP02-DEL04-SP;;;
703657;09/07/2025;quarta-feira;16:40:00;RS;116;48,3;VACARIA;Aus�ncia de rea��o do condutor;Colis�o frontal;Com V�timas Feridas;Pleno dia;Crescente;C�u Claro;Simples;"Reta;Aclive";N�o;3;0;1;0;1;1;1;3;-28,56863651;-50,99926472;SPRF-RS;DEL05-RS;UOP03-DEL05-RS;;;
703671;09/07/2025;quarta-feira;18:50:00;MS;163;838,9;SONORA;Acessar a via sem observar a presen�a dos outros ve�culos;Colis�o com objeto;Com V�timas Feridas;Plena Noite;Crescente;C�u Claro;Simples;Reta;N�o;4;0;0;1;2;3;1;5;-17,57801782;-54,74254338;SPRF-MS;DEL06-MS;UOP01-DEL06-MS;;;
703676;09/07/2025;quarta-feira;19:55:00;BA;101;877;TEIXEIRA DE FREITAS;Ingest�o de �lcool pelo condutor;Colis�o lateral mesmo sentido;Com V�timas Fatais;Plena Noite;Crescente;C�u Claro;Simples;Reta;Sim;4;1;0;1;1;2;1;4;-17,5588806;-39,7262997;SPRF-BA;DEL09-BA;UOP02-DEL09-BA;;;
703681;09/07/2025;quarta-feira;19:35:00;MG;116;209,3;CATUJI;Entrada inopinada do pedestre;Atropelamento de Pedestre;Com V�timas Feridas;Plena Noite;Decrescente;Nublado;Simples;"Declive;Reta";Sim;3;0;0;1;1;1;1;3;-17,318153;-41,523765;SPRF-MG;DEL11-MG;UOP01-DEL11-MG;;;
703683;09/07/2025;quarta-feira;20:00:00;PR;376;604;CURITIBA;Manobra de mudan�a de faixa;Colis�o lateral mesmo sentido;Com V�timas Feridas;Plena Noite;Crescente;C�u Claro;Dupla;Reta;Sim;3;0;1;0;1;1;1;3;-25,537705;-49,31387;SPRF-PR;DEL01-PR;UOP03-DEL01-PR;;;
703689;09/07/2025;quarta-feira;20:10:00;MG;381;227;IGARAPE;Velocidade Incompat�vel;Tombamento;Com V�timas Feridas;Plena Noite;Crescente;C�u Claro;Dupla;"Curva;Declive";N�o;3;0;2;0;0;1;2;2;-20,08269674;-44,30820465;SPRF-MG;DEL06-MG;UOP01-DEL06-MG;;;
703694;09/07/2025;quarta-feira;14:30:00;MT;174;357;CONQUISTA DOESTE;Transitar na contram�o;Colis�o frontal;Com V�timas Fatais;Pleno dia;Crescente;C�u Claro;Simples;Reta;N�o;4;1;1;0;0;2;1;4;-14,67250153;-59,41910544;SPRF-MT;DEL04-MT;UOP01-DEL04-MT;;;
703695;09/07/2025;quarta-feira;19:10:00;MG;40;124,8;JOAO PINHEIRO;Acessar a via sem observar a presen�a dos outros ve�culos;Colis�o transversal;Com V�timas Fatais;Plena Noite;Decrescente;C�u Claro;Simples;Reta;N�o;3;1;0;0;1;1;0;3;-17,68209;-46,326424;SPRF-MG;DEL14-MG;UOP01-DEL14-MG;;;
703696;09/07/2025;quarta-feira;22:00:00;SP;116;188,9;SANTA ISABEL;Aus�ncia de rea��o do condutor;Colis�o traseira;Com V�timas Feridas;Plena Noite;Crescente;Nublado;Dupla;Reta;N�o;3;0;1;0;1;3;1;5;-23,362714;-46,222192;SPRF-SP;DEL01-SP;UOP01-DEL01-SP;;;
703698;09/07/2025;quarta-feira;18:40:00;PR;277;295,7;PRUDENTOPOLIS;Transitar na contram�o;Colis�o frontal;Com V�timas Feridas;Plena Noite;Crescente;C�u Claro;Simples;Reta;N�o;3;0;1;0;1;1;1;3;-25,315201;-51,061543;SPRF-PR;DEL08-PR;UOP02-DEL08-PR;;;
703703;09/07/2025;quarta-feira;22:30:00;RN;101;124,5;SAO JOSE DE MIPIBU;Manobra de mudan�a de faixa;Colis�o lateral mesmo sentido;Sem V�timas;Plena Noite;Decrescente;Chuva;Dupla;"Curva;Aclive";Sim;3;0;0;0;1;3;0;4;-6,072421;-35,234997;SPRF-RN;DEL01-RN;UOP01-DEL01-RN;;;
703705;09/07/2025;quarta-feira;19:00:00;SC;101;395,3;MARACAJA;Condutor deixou de manter dist�ncia do ve�culo da frente;Colis�o traseira;Com V�timas Feridas;Plena Noite;Decrescente;C�u Claro;Dupla;Declive;Sim;5;0;2;0;2;1;2;4;-28,8330134;-49,41596445;SPRF-SC;DEL02-SC;UOP02-DEL02-SC;;;
703709;11/06/2025;quarta-feira;17:40:00;BA;410;19;TUCANO;Manobra de mudan�a de faixa;Colis�o lateral mesmo sentido;Com V�timas Feridas;Plena Noite;Crescente;C�u Claro;Simples;Reta;N�o;4;0;2;0;1;1;2;3;-10,95265236;-38,73401642;SPRF-BA;DEL07-BA;UOP02-DEL07-BA;;;
703710;09/07/2025;quarta-feira;22:10:00;MG;365;280;JOAO PINHEIRO;Aus�ncia de sinaliza��o;Tombamento;Sem V�timas;Plena Noite;Decrescente;C�u Claro;Simples;Declive;N�o;3;0;0;0;1;2;0;3;-18,05285425;-45,6522722;SPRF-MG;DEL10-MG;UOP02-DEL010-MG;;;
703712;09/07/2025;quarta-feira;23:00:00;PR;116;107;SAO JOSE DOS PINHAIS;Rea��o tardia ou ineficiente do condutor;Sa�da de leito carro��vel;Com V�timas Feridas;Plena Noite;Crescente;Nublado;Dupla;Reta;N�o;1;0;1;0;0;0;1;1;-25,569907;-49,220137;SPRF-PR;DEL01-PR;UOP03-DEL01-PR;;;
703714;09/07/2025;quarta-feira;22:25:00;RJ;101;147;CASIMIRO DE ABREU;Aus�ncia de rea��o do condutor;Colis�o lateral sentido oposto;Com V�timas Feridas;Plena Noite;Crescente;C�u Claro;Simples;Reta;N�o;3;0;1;1;1;0;2;2;-22,4670382;-42,0696765;SPRF-RJ;DEL08-RJ;UOP04-DEL08-RJ;;;