id;data_inversa;dia_semana;horario;uf;br;km;municipio;causa_acidente;tipo_acidente;classificacao_acidente;fase_dia;sentido_via;condicao_metereologica;tipo_pista;tracado_via;uso_solo;pessoas;mortos;feridos_leves;feridos_graves;ilesos;ignorados;feridos;veiculos;latitude;longitude;regional;delegacia;uop;;;
703715;09/07/2025;quarta-feira;22:50:00;MS;163;258;DOURADOS;Aus�ncia de rea��o do condutor;Colis�o traseira;Com V�timas Feridas;Plena Noite;Crescente;C�u Claro;Dupla;Reta;Sim;3;0;1;0;1;3;1;5;-22,254058;-54,7783027;SPRF-MS;DEL04-MS;UOP01-DEL04-MS;;;
703719;09/07/2025;quarta-feira;19:15:00;PR;376;421,3;TIBAGI;Velocidade Incompat�vel;Sa�da de leito carro��vel;Com V�timas Feridas;Plena Noite;Crescente;C�u Claro;Dupla;"Curva;Retorno Regulamentado";N�o;2;0;0;1;0;2;1;3;-24,6893524;-50,5826497;SPRF-PR;DEL03-PR;UOP02-DEL03-PR;;;
703720;10/07/2025;quinta-feira;00:02:00;BA;324;447,4;RIACHAO DO JACUIPE;Ultrapassagem Indevida;Colis�o frontal;Com V�timas Fatais;Plena Noite;Crescente;C�u Claro;Simples;Reta;N�o;2;1;0;0;1;0;0;2;-11,861693;-39,323513;SPRF-BA;DEL04-BA;UOP02-DEL04-BA;;;
703722;09/07/2025;quarta-feira;23:25:00;PA;230;1110;ITAITUBA;Rea��o tardia ou ineficiente do condutor;Tombamento;Com V�timas Feridas;Plena Noite;Crescente;C�u Claro;Simples;"Declive;Curva";N�o;2;0;1;0;0;2;1;3;-4,394691;-55,89291986;SPRF-PA;DEL05-PA;UOP02-DEL05-PA;;;
703723;10/07/2025;quinta-feira;01:30:00;GO;60;28;ALEXANIA;Rea��o tardia ou ineficiente do condutor;Colis�o traseira;Com V�timas Feridas;Plena Noite;Crescente;Nublado;Dupla;Reta;N�o;3;0;1;0;1;2;1;4;-16,099201;-48,473402;SPRF-DF;DEL03-DF;UOP01-DEL03-DF;;;
703726;10/07/2025;quinta-feira;05:00:00;GO;153;650,5;GOIATUBA;Rea��o tardia ou ineficiente do condutor;Colis�o traseira;Com V�timas Fatais;Plena Noite;Decrescente;C�u Claro;Dupla;Reta;N�o;4;1;1;0;1;2;1;5;-17,969133;-49,254007;SPRF-GO;DEL03-GO;UOP01-DEL03-GO;;;
703727;10/07/2025;quinta-feira;04:20:00;PE;101;86;JABOATAO DOS GUARARAPES;Demais falhas mec�nicas ou el�tricas;Inc�ndio;Sem V�timas;Amanhecer;Decrescente;Chuva;Dupla;Reta;N�o;1;0;0;0;1;0;0;1;-8,18938;-34,97379;SPRF-PE;DEL01-PE;UOP01-DEL01-PE;;;
703730;10/07/2025;quinta-feira;01:00:00;RR;174;203;RORAINOPOLIS;Animais na Pista;Colis�o frontal;Com V�timas Feridas;Plena Noite;Crescente;Garoa/Chuvisco;Simples;Reta;N�o;2;0;1;0;0;1;1;2;0,86379212;-60,43521023;SPRF-RR;DEL01-RR;UOP01-DEL01-RR;;;
703731;10/07/2025;quinta-feira;03:30:00;GO;40;71,2;CRISTALINA;Afundamento ou ondula��o no pavimento;Tombamento;Com V�timas Feridas;Plena Noite;Decrescente;C�u Claro;Dupla;Reta;N�o;2;0;1;0;0;1;1;2;-16,612447;-47,759905;SPRF-DF;DEL01-DF;UOP02-DEL01-DF;;;
703732;09/07/2025;quarta-feira;01:30:00;MT;364;134;PEDRA PRETA;Velocidade Incompat�vel;Tombamento;Com V�timas Feridas;Plena Noite;Crescente;Ignorado;Simples;"Curva;Declive";N�o;2;0;1;0;0;1;1;2;-16,79463603;-54,16873723;SPRF-MT;DEL02-MT;UOP01-DEL02-MT;;;
703734;10/07/2025;quinta-feira;06:00:00;MG;381;896,8;CAMBUI;Condutor Dormindo;Sa�da de leito carro��vel;Com V�timas Feridas;Amanhecer;Crescente;C�u Claro;Dupla;Reta;N�o;1;0;1;0;0;0;1;1;-22,56277;-46,07731;SPRF-MG;DEL16-MG;UOP01-DEL16-MG;;;
703735;09/07/2025;quarta-feira;22:00:00;MG;40;34,4;PARACATU;Transitar na contram�o;Colis�o lateral sentido oposto;Sem V�timas;Plena Noite;Decrescente;C�u Claro;Simples;"Curva;Aclive";N�o;2;0;0;0;1;1;0;2;-17,19289551;-46,92180276;SPRF-MG;DEL14-MG;UOP01-DEL14-MG;;;
703743;09/07/2025;quarta-feira;06:00:00;SC;282;51,6;AGUAS MORNAS;Demais falhas mec�nicas ou el�tricas;Inc�ndio;Sem V�timas;Plena Noite;Decrescente;C�u Claro;Simples;"Declive;Curva";N�o;2;0;0;0;1;1;0;2;-27,69993;-48,96147;SPRF-SC;DEL01-SC;UOP03-DEL01-SC;;;
703752;10/07/2025;quinta-feira;07:00:00;PE;101;76;RECIFE;Condutor deixou de manter dist�ncia do ve�culo da frente;Engavetamento;Com V�timas Feridas;Pleno dia;Crescente;Garoa/Chuvisco;Dupla;"Retorno Regulamentado;Reta";Sim;4;0;0;1;2;1;1;4;-8,131024;-34,945294;SPRF-PE;DEL01-PE;UOP01-DEL01-PE;;;
703759;10/07/2025;quinta-feira;08:10:00;SC;280;126;RIO NEGRINHO;Acessar a via sem observar a presen�a dos outros ve�culos;Colis�o transversal;Sem V�timas;Pleno dia;Decrescente;C�u Claro;Simples;"Declive;Reta";Sim;3;0;0;0;2;1;0;3;-26,23799747;-49,4950068;SPRF-SC;DEL06-SC;UOP03-DEL06-SC;;;
703760;10/07/2025;quinta-feira;07:40:00;PR;116;92;SAO JOSE DOS PINHAIS;Manobra de mudan�a de faixa;Colis�o traseira;Com V�timas Feridas;Pleno dia;Decrescente;C�u Claro;Dupla;Viaduto;Sim;4;0;1;0;2;4;1;7;-25,512046;-49,128201;SPRF-PR;DEL01-PR;UOP07-DEL01-PR;;;
703770;10/07/2025;quinta-feira;09:00:00;SP;116;444;REGISTRO;Acessar a via sem observar a presen�a dos outros ve�culos;Colis�o traseira;Sem V�timas;Pleno dia;Decrescente;C�u Claro;Dupla;Reta;Sim;2;0;0;0;2;0;0;2;-24,49288956;-47,83676863;SPRF-SP;DEL05-SP;UOP01-DEL05-SP;;;
703772;10/07/2025;quinta-feira;09:40:00;RS;285;484;ENTRE-IJUIS;Velocidade Incompat�vel;Tombamento;Com V�timas Feridas;Pleno dia;Crescente;Sol;Simples;Reta;N�o;3;0;1;0;1;1;1;3;-28,372989;-54,143297;SPRF-RS;DEL10-RS;UOP01-DEL10-RS;;;
703773;12/06/2025;quinta-feira;12:54:00;SC;470;251,4;CURITIBANOS;Suic�dio (presumido);Colis�o frontal;Com V�timas Fatais;Pleno dia;Decrescente;C�u Claro;Simples;"Curva;Declive";N�o;4;1;0;0;1;2;0;4;-27,31253;-50,60076;SPRF-SC;DEL05-SC;UOP03-DEL05-SC;;;
703775;10/07/2025;quinta-feira;05:45:00;PE;101;42,8;IGARASSU;Condutor usando celular;Tombamento;Com V�timas Feridas;Amanhecer;Decrescente;Chuva;M�ltipla;"Declive;Reta";N�o;3;0;1;0;0;2;1;3;-7,84672431;-34,90993587;SPRF-PE;DEL01-PE;UOP02-DEL01-PE;;;
703783;10/07/2025;quinta-feira;09:50:00;SC;101;197,2;BIGUACU;Rea��o tardia ou ineficiente do condutor;Colis�o traseira;Com V�timas Feridas;Pleno dia;Decrescente;C�u Claro;Dupla;Aclive;Sim;3;0;0;1;1;1;1;3;-27,51998;-48,63772;SPRF-SC;DEL01-SC;UOP01-DEL01-SC;;;
703784;10/07/2025;quinta-feira;07:50:00;MG;381;700;LAVRAS;Velocidade Incompat�vel;Colis�o com objeto;Com V�timas Feridas;Pleno dia;Crescente;C�u Claro;Dupla;"Declive;Curva";N�o;3;0;2;0;0;1;2;2;-21,2873478;-45,1432075;SPRF-MG;DEL04-MG;UOP02-DEL04-MG;;;
703785;10/07/2025;quinta-feira;10:32:00;SP;381;27;ATIBAIA;Rea��o tardia ou ineficiente do condutor;Colis�o lateral mesmo sentido;Com V�timas Fatais;Pleno dia;Crescente;C�u Claro;Dupla;Reta;N�o;5;1;0;0;2;2;0;4;-23,03173822;-46,54109031;SPRF-SP;DEL03-SP;UOP02-DEL03-SP;;;
703789;10/07/2025;quinta-feira;10:55:00;MG;40;574;ITABIRITO;Transitar na contram�o;Colis�o frontal;Com V�timas Fatais;Pleno dia;Crescente;C�u Claro;Simples;Reta;N�o;3;1;0;0;1;2;0;4;-20,2497601;-43,9631376;SPRF-MG;DEL01-MG;UOP02-DEL01-MG;;;
703797;10/07/2025;quinta-feira;11:28:00;PE;101;45;IGARASSU;Rea��o tardia ou ineficiente do condutor;Tombamento;Com V�timas Feridas;Pleno dia;Crescente;Chuva;M�ltipla;Reta;Sim;3;0;1;0;1;1;1;3;-7,866;-34,907;SPRF-PE;DEL01-PE;UOP02-DEL01-PE;;;
703798;10/07/2025;quinta-feira;11:00:00;PB;230;172,5;CAMPINA GRANDE;Afundamento ou ondula��o no pavimento;Sa�da de leito carro��vel;Com V�timas Feridas;Pleno dia;Decrescente;Nublado;Simples;"Aclive;Reta";N�o;1;0;0;1;0;0;1;1;-7,1799883;-36,001173;SPRF-PB;DEL02-PB;UOP02-DEL02-PB;;;
703800;10/07/2025;quinta-feira;11:10:00;MG;50;71;UBERLANDIA;Manobra de mudan�a de faixa;Colis�o lateral mesmo sentido;Com V�timas Feridas;Pleno dia;Crescente;C�u Claro;Dupla;Reta;Sim;4;0;1;0;2;3;1;5;-18,905222;-48,231069;SPRF-MG;DEL15-MG;UOP01-DEL15-MG;;;
703801;10/07/2025;quinta-feira;11:00:00;SC;280;46;GUARAMIRIM;Retorno proibido;Colis�o transversal;Com V�timas Feridas;Pleno dia;Crescente;Nublado;Dupla;Reta;Sim;2;0;1;0;0;1;1;2;-26,45305388;-48,91078949;SPRF-SC;DEL03-SC;UOP03-DEL03-SC;;;
703804;10/07/2025;quinta-feira;11:00:00;SP;153;79,7;BADY BASSITT;Demais falhas mec�nicas ou el�tricas;Colis�o com objeto;Sem V�timas;Pleno dia;Decrescente;C�u Claro;Dupla;"Reta;Declive";N�o;4;0;0;0;2;2;0;4;-20,907775;-49,475446;SPRF-SP;DEL09-SP;UOP01-DEL09-SP;;;
703808;10/07/2025;quinta-feira;12:35:00;MG;116;420,5;ALPERCATA;Transitar na contram�o;Colis�o frontal;Com V�timas Feridas;Pleno dia;Decrescente;Nublado;Simples;Reta;N�o;3;0;0;1;2;0;1;2;-18,93369848;-41,94514699;SPRF-MG;DEL06-MG;UOP01-DEL06-MG;;;
703812;10/07/2025;quinta-feira;12:40:00;RJ;101;489;ANGRA DOS REIS;Condutor deixou de manter dist�ncia do ve�culo da frente;Colis�o traseira;Com V�timas Feridas;Pleno dia;Crescente;Sol;Simples;Curva;Sim;2;0;1;0;1;0;1;2;-22,95744493;-44,30477142;SPRF-RJ;DEL03-RJ;UOP03-DEL03-RJ;;;
703817;10/07/2025;quinta-feira;13:25:00;PR;277;27;MORRETES;Condutor deixou de manter dist�ncia do ve�culo da frente;Colis�o traseira;Com V�timas Feridas;Pleno dia;Decrescente;C�u Claro;Dupla;Reta;N�o;4;0;1;0;2;1;1;3;-25,545477;-48,78273;SPRF-PR;DEL01-PR;UOP05-DEL01-PR;;;
703819;10/07/2025;quinta-feira;13:54:00;DF;20;15,8;BRASILIA;Carga excessiva e/ou mal acondicionada;Tombamento;Com V�timas Feridas;Pleno dia;Crescente;C�u Claro;Dupla;"Desvio Tempor�rio;Em Obras;Reta";N�o;2;0;1;0;1;0;1;1;-15,62690565;-47,72674352;SPRF-DF;DEL02-DF;UOP01-DEL02-DF;;;
703821;25/04/2025;sexta-feira;19:40:00;SC;101;175,1;GOVERNADOR CELSO RAMOS;Transitar no Acostamento;Colis�o com objeto;Com V�timas Fatais;Plena Noite;Decrescente;C�u Claro;Dupla;Reta;Sim;4;1;0;0;2;1;0;4;-27,341202;-48,627975;SPRF-SC;DEL01-SC;UOP01-DEL01-SC;;;
703824;10/07/2025;quinta-feira;13:50:00;RS;158;1;SANTA MARIA;Rea��o tardia ou ineficiente do condutor;Colis�o lateral mesmo sentido;Sem V�timas;Pleno dia;Decrescente;C�u Claro;Simples;Interse��o de Vias;Sim;4;0;0;0;3;1;0;3;-29,71223657;-53,85098934;SPRF-RS;DEL09-RS;UOP01-DEL09-RS;;;
703829;10/07/2025;quinta-feira;14:45:00;RS;116;491,8;PELOTAS;Transitar na contram�o;Colis�o frontal;Com V�timas Fatais;Pleno dia;Decrescente;C�u Claro;Simples;"Desvio Tempor�rio;Em Obras;Curva";N�o;3;2;0;0;1;0;0;2;-31,48474199;-52,21305935;SPRF-RS;DEL07-RS;UOP01-DEL07-RS;;;
703831;10/07/2025;quinta-feira;15:26:00;SC;280;7;SAO FRANCISCO DO SUL;Rea��o tardia ou ineficiente do condutor;Engavetamento;Com V�timas Feridas;Pleno dia;Crescente;Nublado;Simples;Rotat�ria;Sim;4;0;1;0;3;0;1;3;-26,27036606;-48,64076614;SPRF-SC;DEL03-SC;UOP03-DEL03-SC;;;
703842;10/07/2025;quinta-feira;14:30:00;SC;101;280,2;IMBITUBA;Aus�ncia de rea��o do condutor;Colis�o traseira;Sem V�timas;Pleno dia;Crescente;C�u Claro;M�ltipla;"Reta;Em Obras";N�o;4;0;0;0;3;1;0;4;-28,1959787;-48,69755387;SPRF-SC;DEL02-SC;UOP03-DEL02-SC;;;
703844;10/07/2025;quinta-feira;11:15:00;BA;242;895;BARREIRAS;Rea��o tardia ou ineficiente do condutor;Colis�o frontal;Com V�timas Feridas;Pleno dia;Decrescente;C�u Claro;Simples;Reta;N�o;3;0;0;1;2;0;1;3;-12,0720721;-45,6609449;SPRF-BA;DEL10-BA;UOP01-DEL10-BA;;;
703845;20/06/2025;sexta-feira;11:00:00;MG;116;410,2;GOVERNADOR VALADARES;Restri��o de visibilidade em curvas horizontais;Colis�o traseira;Com V�timas Feridas;Pleno dia;Crescente;C�u Claro;Dupla;Retorno Regulamentado;Sim;3;0;1;0;1;1;1;3;-18,86349317;-41,97391603;SPRF-MG;DEL06-MG;UOP01-DEL06-MG;;;
703846;10/07/2025;quinta-feira;14:00:00;MA;135;2;SAO LUIS;Pista Escorregadia;Capotamento;Com V�timas Feridas;Pleno dia;Crescente;Garoa/Chuvisco;Dupla;"Reta;Aclive";Sim;4;0;3;0;1;0;3;1;-2,6587988;-44,30255055;SPRF-MA;DEL01-MA;UOP01-DEL01-MA;;;
703848;10/07/2025;quinta-feira;16:20:00;SC;101;135,6;BALNEARIO CAMBORIU;Rea��o tardia ou ineficiente do condutor;Colis�o lateral mesmo sentido;Com V�timas Feridas;Pleno dia;Crescente;Nublado;Dupla;Reta;Sim;5;0;2;0;2;1;2;4;-27,00627;-48,62248;SPRF-SC;DEL04-SC;UOP03-DEL04-SC;;;
703849;10/07/2025;quinta-feira;11:40:00;MT;174;457;COMODORO;Demais falhas mec�nicas ou el�tricas;Inc�ndio;Sem V�timas;Pleno dia;Crescente;C�u Claro;Simples;Reta;N�o;2;0;0;0;1;2;0;3;-13,81989559;-59,76306081;SPRF-MT;DEL04-MT;UOP02-DEL04-MT;;;
703852;10/07/2025;quinta-feira;17:00:00;PR;277;724;FOZ DO IGUACU;Acessar a via sem observar a presen�a dos outros ve�culos;Colis�o lateral mesmo sentido;Com V�timas Feridas;Pleno dia;Decrescente;C�u Claro;Dupla;Reta;Sim;4;0;1;1;1;1;2;3;-25,49830541;-54,52843873;SPRF-PR;DEL05-PR;UOP03-DEL05-PR;;;
703854;10/07/2025;quinta-feira;17:00:00;PR;163;50,6;PRANCHITA;Aus�ncia de rea��o do condutor;Colis�o traseira;Com V�timas Feridas;Anoitecer;Crescente;C�u Claro;Simples;Reta;Sim;4;0;2;0;1;2;2;5;-25,94520756;-53,727487;SPRF-PR;DEL02-PR;UOP02-DEL02-PR;;;
703855;10/07/2025;quinta-feira;14:30:00;RO;364;341,9;JI-PARANA;Acessar a via sem observar a presen�a dos outros ve�culos;Colis�o transversal;Com V�timas Feridas;Pleno dia;Decrescente;C�u Claro;M�ltipla;"Reta;Interse��o de Vias";Sim;2;0;1;0;1;0;1;2;-10,884826;-61,936286;SPRF-RO;DEL02-RO;UOP01-DEL02-RO;;;
703856;05/07/2025;s�bado;05:30:00;MG;381;397;BOM JESUS DO AMPARO;Velocidade Incompat�vel;Colis�o traseira;Com V�timas Feridas;Amanhecer;Decrescente;Nevoeiro/Neblina;Dupla;"Declive;Reta";Sim;2;0;0;1;1;0;1;2;-19,78059596;-43,43770981;SPRF-MG;DEL01-MG;UOP01-DEL01-MG;;;
703860;10/07/2025;quinta-feira;16:00:00;SC;101;31,9;JOINVILLE;Convers�o proibida;Colis�o transversal;Com V�timas Feridas;Pleno dia;Decrescente;Nublado;Dupla;Reta;Sim;3;0;0;1;2;0;1;3;-26,2436795;-48,91060559;SPRF-SC;DEL03-SC;UOP01-DEL03-SC;;;
703862;10/07/2025;quinta-feira;17:15:00;PR;153;18,9;JACAREZINHO;Ingest�o de �lcool pelo condutor;Colis�o com objeto;Com V�timas Feridas;Pleno dia;Decrescente;C�u Claro;Simples;Curva;N�o;1;0;1;0;0;0;1;1;-23,15237581;-49,95525241;SPRF-PR;DEL07-PR;UOP04-DEL07-PR;;;
703863;10/07/2025;quinta-feira;13:30:00;RS;293;182;BAGE;Acessar a via sem observar a presen�a dos outros ve�culos;Colis�o transversal;Sem V�timas;Pleno dia;Decrescente;C�u Claro;Simples;Interse��o de Vias;N�o;3;0;0;0;2;1;0;3;-31,26505249;-54,13959503;SPRF-RS;DEL11-RS;UOP03-DEL11-RS;;;
703867;10/07/2025;quinta-feira;17:15:00;PE;407;124,3;PETROLINA;Acessar a via sem observar a presen�a dos outros ve�culos;Colis�o traseira;Com V�timas Feridas;Pleno dia;Crescente;C�u Claro;Dupla;Retorno Regulamentado;Sim;3;0;0;1;1;1;1;3;-9,3788437;-40,5346884;SPRF-PE;DEL06-PE;UOP01-DEL06-PE;;;
703874;10/07/2025;quinta-feira;16:25:00;MG;40;695,2;ALFREDO VASCONCELOS;Condutor deixou de manter dist�ncia do ve�culo da frente;Colis�o traseira;Com V�timas Feridas;Pleno dia;Decrescente;C�u Claro;Simples;"Declive;Reta";Sim;2;0;1;0;1;0;1;2;-21,1657521;-43,75755089;SPRF-MG;DEL05-MG;UOP02-DEL05-MG;;;
703875;10/07/2025;quinta-feira;17:40:00;MS;163;486;CAMPO GRANDE;Aus�ncia de rea��o do condutor;Colis�o traseira;Com V�timas Feridas;Plena Noite;Crescente;C�u Claro;Simples;Reta;Sim;4;0;0;1;2;2;1;4;-20,426317;-54,545197;SPRF-MS;DEL01-MS;UOP02-DEL01-MS;;;
703880;10/07/2025;quinta-feira;18:00:00;SC;116;222;PONTE ALTA;Acesso irregular;Colis�o lateral mesmo sentido;Com V�timas Feridas;Plena Noite;Crescente;Nublado;Simples;Reta;Sim;4;0;1;0;2;1;1;3;-27,60227483;-50,35522811;SPRF-SC;DEL05-SC;UOP03-DEL05-SC;;;
703882;10/07/2025;quinta-feira;18:45:00;SC;470;142;RIO DO SUL;Trafegar com motocicleta (ou similar) entre as faixas;Colis�o frontal;Com V�timas Feridas;Plena Noite;Crescente;C�u Claro;Simples;"Curva;Declive;Em Obras";Sim;3;0;0;1;1;1;1;3;-27,21466799;-49,65152677;SPRF-SC;DEL04-SC;UOP02-DEL04-SC;;;
703887;10/07/2025;quinta-feira;17:55:00;PE;232;195;SANHARO;Transitar na contram�o;Colis�o frontal;Com V�timas Feridas;Plena Noite;Decrescente;C�u Claro;Simples;Reta;Sim;2;0;0;1;1;0;1;2;-8,36806;-36,568865;SPRF-PE;DEL03-PE;UOP02-DEL03-PE;;;
703889;10/07/2025;quinta-feira;18:40:00;BA;101;750,7;ITABELA;Velocidade Incompat�vel;Colis�o frontal;Com V�timas Feridas;Plena Noite;Crescente;Nublado;Simples;"Declive;Curva";N�o;2;0;0;1;1;0;1;2;-16,618743;-39,541362;SPRF-BA;DEL09-BA;UOP01-DEL09-BA;;;
703895;10/07/2025;quinta-feira;17:20:00;PR;277;5;PARANAGUA;Manobra de mudan�a de faixa;Colis�o traseira;Com V�timas Fatais;Pleno dia;Decrescente;C�u Claro;Dupla;Reta;Sim;3;1;0;0;1;2;0;4;-25,52597859;-48,52729646;SPRF-PR;DEL01-PR;UOP05-DEL01-PR;;;
703898;10/07/2025;quinta-feira;19:00:00;MT;163;112;RONDONOPOLIS;Aus�ncia de rea��o do condutor;Colis�o traseira;Com V�timas Feridas;Plena Noite;Crescente;C�u Claro;Dupla;Reta;N�o;3;0;1;0;1;1;1;3;-16,55169;-54,67374;SPRF-MT;DEL02-MT;UOP01-DEL02-MT;;;
703904;10/07/2025;quinta-feira;20:20:00;MG;381;795;SAO GONCALO DO SAPUCAI;Aus�ncia de rea��o do condutor;Colis�o traseira;Com V�timas Feridas;Plena Noite;Decrescente;C�u Claro;Dupla;"Reta;Aclive";N�o;3;0;1;0;1;2;1;4;-21,91125659;-45,57359576;SPRF-MG;DEL16-MG;UOP02-DEL16-MG;;;
703905;10/07/2025;quinta-feira;19:10:00;RS;285;365;SALDANHA MARINHO;Rea��o tardia ou ineficiente do condutor;Colis�o lateral sentido oposto;Com V�timas Feridas;Plena Noite;Crescente;C�u Claro;Simples;Reta;N�o;5;0;3;0;1;1;3;3;-28,39906406;-53,06250572;SPRF-RS;DEL08-RS;UOP03-DEL08-RS;;;
703908;10/07/2025;quinta-feira;20:20:00;RJ;40;105;DUQUE DE CAXIAS;Ultrapassagem Indevida;Queda de ocupante de ve�culo;Com V�timas Feridas;Plena Noite;Decrescente;C�u Claro;Simples;Reta;Sim;3;0;1;0;1;1;1;2;-22,64085096;-43,28336197;SPRF-RJ;DEL01-RJ;UOP02-DEL01-RJ;;;
703910;10/07/2025;quinta-feira;16:03:00;PA;163;598;TRAIRAO;Ultrapassagem Indevida;Colis�o lateral sentido oposto;Com V�timas Feridas;Pleno dia;Crescente;C�u Claro;Simples;Reta;N�o;4;0;1;0;0;3;1;4;-4,845752;-56,153592;SPRF-PA;DEL05-PA;UOP03-DEL05-PA;;;
703919;10/07/2025;quinta-feira;20:20:00;ES;101;176,4;ARACRUZ;Acessar a via sem observar a presen�a dos outros ve�culos;Colis�o transversal;Com V�timas Feridas;Plena Noite;Decrescente;Chuva;Simples;"Interse��o de Vias;Rotat�ria;Retorno Regulamentado";Sim;3;0;1;0;1;1;1;3;-19,59720186;-40,200224;SPRF-ES;DEL04-ES;UOP01-DEL04-ES;;;
703922;10/07/2025;quinta-feira;21:00:00;BA;101;85;ENTRE RIOS;Transitar na contram�o;Sa�da de leito carro��vel;Com V�timas Feridas;Plena Noite;Decrescente;C�u Claro;Simples;Reta;N�o;3;0;1;0;1;1;1;3;-12,008;-38,264;SPRF-BA;DEL01-BA;UOP04-DEL01-BA;;;
703927;10/07/2025;quinta-feira;19:30:00;MA;316;403,8;PERITORO;Aus�ncia de rea��o do condutor;Colis�o transversal;Com V�timas Feridas;Plena Noite;Crescente;C�u Claro;Simples;Reta;Sim;3;0;0;1;1;1;1;3;-4,3627913;-44,3425662;SPRF-MA;DEL03-MA;UOP01-DEL03-MA;;;
703930;10/07/2025;quinta-feira;20:45:00;CE;222;61,7;SAO GONCALO DO AMARANTE;Manobra de mudan�a de faixa;Colis�o traseira;Com V�timas Fatais;Plena Noite;Decrescente;C�u Claro;Simples;Reta;N�o;4;1;0;0;3;0;0;2;-3,671544;-39,100773;SPRF-CE;DEL01-CE;UOP03-DEL01-CE;;;
703934;10/07/2025;quinta-feira;21:40:00;SC;101;232,9;PALHOCA;Condutor Dormindo;Colis�o traseira;Sem V�timas;Plena Noite;Crescente;Garoa/Chuvisco;Dupla;Aclive;N�o;3;0;0;0;2;1;0;3;-27,8010537;-48,63761622;SPRF-SC;DEL01-SC;UOP02-DEL01-SC;;;
703941;10/07/2025;quinta-feira;23:30:00;SC;470;146,7;RIO DO SUL;Aus�ncia de rea��o do condutor;Colis�o frontal;Com V�timas Feridas;Plena Noite;Crescente;Garoa/Chuvisco;Simples;Curva;N�o;2;0;1;0;1;0;1;2;-27,24098458;-49,68613951;SPRF-SC;DEL04-SC;UOP02-DEL04-SC;;;
703943;11/07/2025;sexta-feira;02:30:00;ES;101;368;ANCHIETA;Velocidade Incompat�vel;Colis�o frontal;Com V�timas Feridas;Plena Noite;Crescente;Chuva;Simples;Curva;N�o;3;0;0;2;0;2;2;4;-20,756072;-40,75604;SPRF-ES;DEL03-ES;UOP01-DEL03-ES;;;
703945;11/07/2025;sexta-feira;04:20:00;SP;116;227,5;SAO PAULO;Demais falhas mec�nicas ou el�tricas;Inc�ndio;Sem V�timas;Plena Noite;Crescente;Nublado;M�ltipla;"Aclive;Reta";Sim;4;0;0;0;3;1;0;2;-23,5015886;-46,56457392;SPRF-SP;DEL01-SP;UOP01-DEL01-SP;;;
703950;11/07/2025;sexta-feira;05:30:00;RJ;116;211;SEROPEDICA;Condutor Dormindo;Colis�o traseira;Sem V�timas;Amanhecer;Crescente;Nublado;Dupla;Reta;N�o;2;0;0;0;1;1;0;2;-22,7147776;-43,7256192;SPRF-RJ;DEL06-RJ;UOP02-DEL06-RJ;;;
703952;11/07/2025;sexta-feira;00:05:00;PI;230;300;FLORIANO;Demais falhas mec�nicas ou el�tricas;Inc�ndio;Sem V�timas;Plena Noite;Crescente;C�u Claro;Simples;Reta;N�o;2;0;0;0;1;1;0;2;-6,81435933;-42,94165134;SPRF-PI;DEL03-PI;UOP01-DEL03-PI;;;
703953;11/07/2025;sexta-feira;06:20:00;PE;101;74,2;RECIFE;Condutor deixou de manter dist�ncia do ve�culo da frente;Tombamento;Com V�timas Feridas;Pleno dia;Decrescente;Chuva;Dupla;"Declive;Reta";N�o;5;0;2;0;3;0;2;3;-8,10378;-34,94836;SPRF-PE;DEL01-PE;UOP01-DEL01-PE;;;
703959;11/07/2025;sexta-feira;04:45:00;BA;116;1;VITORIA DA CONQUISTA;Ingest�o de �lcool pelo condutor;Colis�o frontal;Com V�timas Feridas;Plena Noite;Crescente;Nublado;Simples;Reta;N�o;3;0;0;1;1;1;1;3;-14,82575101;-40,8332336;SPRF-BA;DEL08-BA;UOP01-DEL08-BA;;;
703963;11/07/2025;sexta-feira;07:15:00;ES;101;332;GUARAPARI;Condutor deixou de manter dist�ncia do ve�culo da frente;Colis�o traseira;Com V�timas Feridas;Amanhecer;Decrescente;Chuva;Dupla;Reta;N�o;2;0;0;1;1;0;1;2;-20,606718;-40,507827;SPRF-ES;DEL03-ES;UOP01-DEL03-ES;;;
703973;11/07/2025;sexta-feira;07:10:00;BA;116;423,3;FEIRA DE SANTANA;Ingest�o de �lcool pelo condutor;Colis�o lateral mesmo sentido;Com V�timas Feridas;Pleno dia;Crescente;C�u Claro;Dupla;Reta;Sim;4;0;0;1;3;0;1;3;-12,23275065;-38,97340995;SPRF-BA;DEL02-BA;UOP01-DEL02-BA;;;
703979;11/07/2025;sexta-feira;09:00:00;GO;50;304,1;CUMARI;Rea��o tardia ou ineficiente do condutor;Colis�o traseira;Com V�timas Feridas;Pleno dia;Crescente;C�u Claro;Dupla;"Reta;Declive";N�o;9;0;1;2;6;0;3;2;-18,356928;-48,045975;SPRF-GO;DEL06-GO;UOP01-DEL06-GO;;;
703981;11/07/2025;sexta-feira;07:45:00;BA;324;559,9;AMELIA RODRIGUES;Acessar a via sem observar a presen�a dos outros ve�culos;Colis�o lateral mesmo sentido;Com V�timas Feridas;Pleno dia;Decrescente;Chuva;Dupla;"Declive;Reta";N�o;6;0;1;0;4;3;1;5;-12,4990583;-38,6444467;SPRF-BA;DEL01-BA;UOP03-DEL01-BA;;;