id;data_inversa;dia_semana;horario;uf;br;km;municipio;causa_acidente;tipo_acidente;classificacao_acidente;fase_dia;sentido_via;condicao_metereologica;tipo_pista;tracado_via;uso_solo;pessoas;mortos;feridos_leves;feridos_graves;ilesos;ignorados;feridos;veiculos;latitude;longitude;regional;delegacia;uop;;;
704309;12/07/2025;s�bado;15:35:00;MG;365;237;BURITIZEIRO;Ultrapassagem Indevida;Colis�o frontal;Com V�timas Fatais;Pleno dia;Decrescente;C�u Claro;Simples;Reta;N�o;3;1;0;0;1;1;0;3;-17,73772;-45,41376;SPRF-MG;DEL10-MG;UOP02-DEL010-MG;;;
704311;12/07/2025;s�bado;17:00:00;PE;116;76,9;CABROBO;Aus�ncia de rea��o do condutor;Sa�da de leito carro��vel;Com V�timas Fatais;Pleno dia;Decrescente;C�u Claro;Simples;Reta;N�o;2;1;0;0;0;1;0;2;-8,499392;-39,209827;SPRF-PE;DEL05-PE;UOP03-DEL05-PE;;;
704312;12/07/2025;s�bado;10:15:00;MG;251;209,9;AGUAS VERMELHAS;Condutor deixou de manter dist�ncia do ve�culo da frente;Colis�o traseira;Com V�timas Fatais;Pleno dia;Crescente;Nevoeiro/Neblina;Simples;"Declive;Curva";N�o;40;1;4;0;34;3;4;5;-15,890417;-41,528178;SPRF-MG;DEL12-MG;UOP02-DEL12-MG;;;
704315;12/07/2025;s�bado;16:40:00;BA;116;441;FEIRA DE SANTANA;Demais falhas mec�nicas ou el�tricas;Colis�o com objeto;Com V�timas Feridas;Pleno dia;Crescente;C�u Claro;Dupla;"Declive;Curva";N�o;2;0;1;0;0;1;1;2;-12,35188;-39,09298;SPRF-BA;DEL02-BA;UOP01-DEL02-BA;;;
704320;12/07/2025;s�bado;14:00:00;MG;262;637;IBIA;Aus�ncia de rea��o do condutor;Tombamento;Com V�timas Feridas;Pleno dia;Crescente;Nublado;Simples;Reta;N�o;2;0;1;0;0;1;1;2;-19,57594463;-46,53915882;SPRF-MG;DEL08-MG;UOP01-DEL08-MG;;;
704331;12/07/2025;s�bado;16:46:00;MT;364;268,7;JACIARA;Aus�ncia de rea��o do condutor;Sa�da de leito carro��vel;Com V�timas Feridas;Pleno dia;Crescente;Sol;Dupla;Reta;N�o;5;0;2;0;1;3;2;5;-15,97731138;-54,93504016;SPRF-MT;DEL02-MT;UOP01-DEL02-MT;;;
704349;12/07/2025;s�bado;19:40:00;CE;222;61;SAO GONCALO DO AMARANTE;Acessar a via sem observar a presen�a dos outros ve�culos;Colis�o transversal;Com V�timas Fatais;Plena Noite;Crescente;C�u Claro;Simples;Reta;N�o;2;1;0;0;1;0;0;2;-3,671285;-39,091907;SPRF-CE;DEL01-CE;UOP03-DEL01-CE;;;
704365;12/07/2025;s�bado;19:00:00;RJ;493;67;NOVA IGUACU;Acessar a via sem observar a presen�a dos outros ve�culos;Colis�o traseira;Com V�timas Feridas;Plena Noite;Decrescente;C�u Claro;Dupla;Reta;N�o;4;0;1;0;2;1;1;3;-22,68223;-43,458175;SPRF-RJ;DEL01-RJ;UOP03-DEL01-RJ;;;
704369;12/07/2025;s�bado;21:30:00;PR;277;135;CAMPO LARGO;Demais falhas mec�nicas ou el�tricas;Inc�ndio;Sem V�timas;Plena Noite;Crescente;Ignorado;Simples;Reta;N�o;1;0;0;0;1;0;0;1;-25,451;-49,6222;SPRF-PR;DEL03-PR;UOP03-DEL03-PR;;;
704376;12/07/2025;s�bado;19:30:00;SC;116;19,4;ITAIOPOLIS;Acessar a via sem observar a presen�a dos outros ve�culos;Sa�da de leito carro��vel;Com V�timas Feridas;Plena Noite;Decrescente;C�u Claro;Simples;Reta;N�o;4;0;1;0;2;1;1;3;-26,237375;-49,900332;SPRF-SC;DEL06-SC;UOP01-DEL06-SC;;;
704381;12/07/2025;s�bado;20:40:00;BA;349;1028;CORRENTINA;Rea��o tardia ou ineficiente do condutor;Sa�da de leito carro��vel;Com V�timas Feridas;Plena Noite;Decrescente;C�u Claro;Simples;Reta;N�o;2;0;0;1;0;2;1;3;-13,62747;-45,39415;SPRF-BA;DEL10-BA;UOP02-DEL10-BA;;;
704384;12/07/2025;s�bado;21:20:00;MT;158;546,6;AGUA BOA;Aus�ncia de rea��o do condutor;Colis�o traseira;Sem V�timas;Plena Noite;Crescente;C�u Claro;Simples;Reta;N�o;3;0;0;0;1;3;0;4;-13,903915;-52,074927;SPRF-MT;DEL07-MT;UOP02-DEL07-MT;;;
704386;12/07/2025;s�bado;10:40:00;RO;364;358,7;JI-PARANA;Rea��o tardia ou ineficiente do condutor;Colis�o lateral mesmo sentido;Com V�timas Feridas;Pleno dia;Crescente;C�u Claro;Simples;Reta;N�o;4;0;1;0;2;1;1;3;-10,787575;-62,047055;SPRF-RO;DEL02-RO;UOP01-DEL02-RO;;;
704389;12/07/2025;s�bado;21:30:00;AM;174;891;MANAUS;Ingest�o de �lcool pelo condutor;Colis�o lateral sentido oposto;Sem V�timas;Plena Noite;Decrescente;C�u Claro;Simples;Curva;N�o;2;0;0;0;1;1;0;2;-2,92252091;-60,03786755;SPRF-AM;DEL01-AM;UOP01-DEL01-AM;;;
704390;12/07/2025;s�bado;15:45:00;PI;135;462;MONTE ALEGRE DO PIAUI;Rea��o tardia ou ineficiente do condutor;Colis�o com objeto;Com V�timas Feridas;Pleno dia;Crescente;C�u Claro;Simples;Curva;N�o;2;0;1;0;0;1;1;2;-9,578623;-45,016182;SPRF-PI;DEL03-PI;UOP02-DEL03-PI;;;
704395;13/07/2025;domingo;00:30:00;MG;40;615,3;CONGONHAS;Ingest�o de �lcool pelo condutor;Colis�o frontal;Com V�timas Feridas;Plena Noite;Crescente;C�u Claro;Simples;"Ponte;Curva;Declive";N�o;4;0;0;2;0;2;2;3;-20,54525219;-43,82077592;SPRF-MG;DEL05-MG;UOP02-DEL05-MG;;;
704409;13/07/2025;domingo;01:30:00;MS;158;168,8;APARECIDA DO TABOADO;Ingest�o de �lcool pelo condutor;Colis�o lateral sentido oposto;Com V�timas Feridas;Plena Noite;Crescente;C�u Claro;Simples;Reta;N�o;2;0;0;1;0;1;1;2;-20,202573;-51,285247;SPRF-MS;DEL08-MS;UOP01-DEL08-MS;;;
704423;13/07/2025;domingo;04:40:00;DF;70;11,3;BRASILIA;Acessar a via sem observar a presen�a dos outros ve�culos;Colis�o transversal;Com V�timas Fatais;Plena Noite;Crescente;C�u Claro;M�ltipla;Reta;Sim;3;1;1;0;1;0;1;2;-15,791476;-48,155975;SPRF-DF;DEL03-DF;UOP02-DEL03-DF;;;
704433;13/07/2025;domingo;06:30:00;PR;277;689;SAO MIGUEL DO IGUACU;Manobra de mudan�a de faixa;Colis�o lateral mesmo sentido;Sem V�timas;Amanhecer;Decrescente;C�u Claro;Dupla;Curva;Sim;2;0;0;0;1;1;0;2;-25,356;-54,243;SPRF-PR;DEL05-PR;UOP01-DEL05-PR;;;
704438;13/07/2025;domingo;06:50:00;PR;277;216,9;PALMEIRA;Acesso irregular;Colis�o transversal;Com V�timas Feridas;Pleno dia;Decrescente;C�u Claro;Simples;Curva;N�o;3;0;1;0;1;1;1;3;-25,47388517;-50,30930302;SPRF-PR;DEL08-PR;UOP02-DEL08-PR;;;
704442;13/07/2025;domingo;06:30:00;RJ;116;310;RESENDE;Aus�ncia de rea��o do condutor;Colis�o com objeto;Sem V�timas;Amanhecer;Crescente;C�u Claro;Simples;Reta;Sim;1;0;0;0;0;1;0;1;-22,45909524;-44,43656445;SPRF-RJ;DEL07-RJ;UOP02-DEL07-RJ;;;
704446;13/07/2025;domingo;07:50:00;MG;251;471,8;FRANCISCO SA;Demais falhas mec�nicas ou el�tricas;Colis�o traseira;Com V�timas Feridas;Pleno dia;Crescente;Nublado;Simples;"Declive;Reta";N�o;4;0;2;0;1;1;2;3;-16,46888438;-43,43037397;SPRF-MG;DEL12-MG;UOP01-DEL12-MG;;;
704448;13/07/2025;domingo;02:00:00;MS;267;179;NOVA ALVORADA DO SUL;Demais falhas mec�nicas ou el�tricas;Inc�ndio;Sem V�timas;Plena Noite;Crescente;C�u Claro;Simples;Reta;N�o;1;0;0;0;1;0;0;1;-21,60997;-53,756918;SPRF-MS;DEL02-MS;UOP03-DEL02-MS;;;
704450;13/07/2025;domingo;00:30:00;MG;251;362,5;GRAO MOGOL;Aus�ncia de rea��o do condutor;Colis�o lateral sentido oposto;Com V�timas Feridas;Plena Noite;Crescente;C�u Claro;Simples;Reta;N�o;5;0;1;3;0;3;4;6;-16,266031;-42,608747;SPRF-MG;DEL12-MG;UOP02-DEL12-MG;;;
704461;13/07/2025;domingo;05:10:00;PI;343;478;ANGICAL DO PIAUI;Transitar na contram�o;Colis�o frontal;Com V�timas Fatais;Amanhecer;Decrescente;C�u Claro;Simples;Reta;N�o;2;1;0;0;1;0;0;2;-6,16770054;-42,70865679;SPRF-PI;DEL01-PI;UOP02-DEL01-PI;;;
704464;13/07/2025;domingo;06:30:00;MT;163;658;LUCAS DO RIO VERDE;Transitar na contram�o;Colis�o frontal;Com V�timas Fatais;Pleno dia;Decrescente;Sol;Simples;Reta;N�o;2;1;0;0;1;0;0;2;-13,311965;-56,04296;SPRF-MT;DEL06-MT;UOP01-DEL06-MT;;;
704469;12/07/2025;s�bado;11:00:00;MA;316;185;ZE DOCA;Condutor Dormindo;Sa�da de leito carro��vel;Com V�timas Feridas;Pleno dia;Crescente;C�u Claro;Simples;Declive;N�o;2;0;1;0;0;2;1;3;-3,160535;-45,646327;SPRF-MA;DEL02-MA;UOP02-DEL02-MA;;;
704471;08/06/2025;domingo;06:30:00;PR;476;313;PAULO FRONTIN;Afundamento ou ondula��o no pavimento;Colis�o lateral sentido oposto;Com V�timas Feridas;Pleno dia;Crescente;C�u Claro;Simples;Reta;N�o;2;0;1;0;1;0;1;2;-26,08179494;-50,75200082;SPRF-PR;DEL02-PR;UOP03-DEL02-PR;;;
704474;13/07/2025;domingo;09:30:00;RJ;393;237,7;VASSOURAS;Aus�ncia de rea��o do condutor;Colis�o lateral mesmo sentido;Com V�timas Feridas;Pleno dia;Crescente;C�u Claro;Simples;Reta;N�o;4;0;2;0;1;1;2;3;-22,42520012;-43,6908178;SPRF-RJ;DEL05-RJ;UOP03-DEL05-RJ;;;
704478;13/07/2025;domingo;12:20:00;RN;101;124;SAO JOSE DE MIPIBU;Condutor desrespeitou a ilumina��o vermelha do sem�foro;Colis�o transversal;Com V�timas Feridas;Pleno dia;Decrescente;C�u Claro;Dupla;Curva;Sim;3;0;1;0;1;3;1;5;-6,069867;-35,238408;SPRF-RN;DEL01-RN;UOP01-DEL01-RN;;;
704479;13/07/2025;domingo;08:26:00;BA;242;272;BOA VISTA DO TUPIM;Ultrapassagem Indevida;Colis�o lateral sentido oposto;Com V�timas Fatais;Pleno dia;Crescente;Sol;Simples;Curva;N�o;6;1;3;0;1;1;3;3;-12,449652;-40,644585;SPRF-BA;DEL06-BA;UOP02-DEL06-BA;;;
704480;13/07/2025;domingo;11:30:00;MG;153;19,6;CENTRALINA;Condutor usando celular;Sa�da de leito carro��vel;Com V�timas Fatais;Pleno dia;Crescente;C�u Claro;M�ltipla;Reta;Sim;10;2;2;2;3;1;4;4;-18,593104;-49,192779;SPRF-MG;DEL15-MG;UOP03-DEL15-MG;;;
704485;13/07/2025;domingo;06:50:00;MA;226;443;GRAJAU;Pista esburacada;Colis�o traseira;Com V�timas Feridas;Pleno dia;Crescente;C�u Claro;Simples;Reta;N�o;10;0;8;0;2;0;8;2;-5,916617;-46,331365;SPRF-MA;DEL04-MA;UOP02-DEL04-MA;;;
704486;13/07/2025;domingo;07:30:00;AM;174;1013;PRESIDENTE FIGUEIREDO;Demais falhas mec�nicas ou el�tricas;Colis�o com objeto;Sem V�timas;Pleno dia;Crescente;Garoa/Chuvisco;Simples;"Declive;Curva";N�o;2;0;0;0;1;2;0;3;-1,858785;-60,087027;SPRF-AM;DEL01-AM;UOP02-DEL01-AM;;;
704487;13/07/2025;domingo;12:10:00;MG;116;170;PADRE PARAISO;Acessar a via sem observar a presen�a dos outros ve�culos;Atropelamento de Pedestre;Com V�timas Feridas;Pleno dia;Decrescente;Nublado;Simples;Curva;N�o;3;0;1;0;1;1;1;3;-17,025877;-41,446315;SPRF-MG;DEL11-MG;UOP02-DEL11-MG;;;
704500;13/07/2025;domingo;12:30:00;PA;316;24;BENEVIDES;Convers�o proibida;Colis�o traseira;Com V�timas Feridas;Pleno dia;Decrescente;C�u Claro;Dupla;"Reta;Retorno Regulamentado";N�o;5;0;3;0;1;1;3;3;-1,327959;-48,234311;SPRF-PA;DEL01-PA;UOP01-DEL01-PA;;;
704503;13/07/2025;domingo;13:30:00;PR;376;45,6;NOVA LONDRINA;Rea��o tardia ou ineficiente do condutor;Tombamento;Sem V�timas;Pleno dia;Crescente;C�u Claro;Simples;"Aclive;Curva;Rotat�ria";N�o;2;0;0;0;1;2;0;3;-22,86040773;-52,96634263;SPRF-PR;DEL09-PR;UOP02-DEL09-PR;;;
704510;13/07/2025;domingo;16:10:00;MA;316;592;TIMON;Ingest�o de �lcool pelo condutor;Queda de ocupante de ve�culo;Com V�timas Feridas;Pleno dia;Decrescente;C�u Claro;Simples;Reta;N�o;2;0;0;1;0;1;1;2;-5,006352;-43,025148;SPRF-MA;DEL03-MA;UOP02-DEL03-MA;;;
704515;13/07/2025;domingo;15:10:00;BA;20;132;SAO DESIDERIO;Velocidade Incompat�vel;Sa�da de leito carro��vel;Com V�timas Fatais;Pleno dia;Decrescente;C�u Claro;Simples;Reta;N�o;2;1;0;0;0;3;0;4;-12,81051;-45,95287;SPRF-BA;DEL10-BA;UOP01-DEL10-BA;;;
704516;13/07/2025;domingo;14:00:00;MT;70;514;VARZEA GRANDE;Condutor desrespeitou a ilumina��o vermelha do sem�foro;Queda de ocupante de ve�culo;Com V�timas Feridas;Pleno dia;Decrescente;Sol;Simples;Reta;Sim;3;0;0;1;1;3;1;5;-15,706;-56,13262;SPRF-MT;DEL01-MT;UOP02-DEL01-MT;;;
704519;13/07/2025;domingo;16:15:00;PR;376;352;ORTIGUEIRA;Pedestre andava na pista;Atropelamento de Pedestre;Com V�timas Feridas;Anoitecer;Decrescente;C�u Claro;Dupla;Reta;N�o;2;0;1;0;1;0;1;2;-24,20446281;-50,94624711;SPRF-PR;DEL07-PR;UOP02-DEL07-PR;;;
704523;13/07/2025;domingo;16:15:00;MG;381;928,6;ITAPEVA;Acessar a via sem observar a presen�a dos outros ve�culos;Colis�o lateral mesmo sentido;Com V�timas Feridas;Pleno dia;Crescente;Nublado;Dupla;"Reta;Em Obras";Sim;5;0;1;1;2;3;2;5;-22,76938586;-46,23025095;SPRF-MG;DEL16-MG;UOP03-DEL16-MG;;;
704525;13/07/2025;domingo;16:30:00;MT;364;247,2;JUSCIMEIRA;Rea��o tardia ou ineficiente do condutor;Colis�o traseira;Com V�timas Feridas;Pleno dia;Decrescente;Sol;Dupla;Aclive;N�o;4;0;1;0;2;2;1;4;-16,134288;-54,83179;SPRF-MT;DEL02-MT;UOP01-DEL02-MT;;;
704532;13/07/2025;domingo;17:40:00;AL;101;108,2;PILAR;Avarias e/ou desgaste excessivo no pneu;Inc�ndio;Sem V�timas;Anoitecer;Decrescente;C�u Claro;Dupla;"Curva;Declive";N�o;2;0;0;0;1;1;0;2;-9,601071;-36,014483;SPRF-AL;DEL02-AL;UOP01-DEL02-AL;;;
704533;13/07/2025;domingo;17:38:00;PR;153;452;UNIAO DA VITORIA;Pista esburacada;Sa�da de leito carro��vel;Com V�timas Feridas;Anoitecer;Crescente;C�u Claro;Simples;Reta;N�o;2;0;1;0;0;1;1;2;-26,1980078;-51,06796011;SPRF-PR;DEL02-PR;UOP03-DEL02-PR;;;
704535;13/07/2025;domingo;16:50:00;SC;116;220,5;CORREIA PINTO;Desrespeitar a prefer�ncia no cruzamento;Colis�o transversal;Com V�timas Feridas;Anoitecer;Decrescente;C�u Claro;Simples;Rotat�ria;Sim;2;0;1;0;1;0;1;2;-27,59086674;-50,36228299;SPRF-SC;DEL05-SC;UOP03-DEL05-SC;;;
704545;13/07/2025;domingo;19:00:00;AL;423;4,2;OURO BRANCO;Transitar na contram�o;Colis�o frontal;Com V�timas Fatais;Plena Noite;Crescente;C�u Claro;Simples;Reta;N�o;2;1;0;0;1;0;0;2;-9,1377;-37,32704;SPRF-AL;DEL03-AL;UOP02-DEL03-AL;;;
704552;12/06/2025;quinta-feira;10:30:00;ES;101;269;SERRA;Aus�ncia de rea��o do condutor;Colis�o lateral mesmo sentido;Com V�timas Feridas;Pleno dia;Crescente;C�u Claro;Dupla;Reta;Sim;4;0;0;1;1;2;1;4;-20,2216338;-40,2703312;SPRF-ES;DEL02-ES;UOP01-DEL02-ES;;;
704555;13/07/2025;domingo;18:38:00;MS;163;75;ITAQUIRAI;Aus�ncia de rea��o do condutor;Atropelamento de Pedestre;Com V�timas Feridas;Anoitecer;Decrescente;C�u Claro;Simples;Reta;Sim;2;0;0;1;1;0;1;2;-23,489;-54,186;SPRF-MS;DEL09-MS;UOP02-DEL09-MS;;;
704575;13/07/2025;domingo;20:00:00;MG;40;800,4;MATIAS BARBOSA;Pedestre cruzava a pista fora da faixa;Atropelamento de Pedestre;Com V�timas Fatais;Plena Noite;Crescente;C�u Claro;Dupla;"Reta;Declive";N�o;3;1;0;0;0;2;0;2;-21,83203612;-43,37339111;SPRF-MG;DEL05-MG;UOP01-DEL05-MG;;;
704577;13/07/2025;domingo;18:40:00;AL;101;179,8;TEOTONIO VILELA;Transitar no Acostamento;Colis�o traseira;Com V�timas Fatais;Plena Noite;Crescente;C�u Claro;Dupla;Reta;N�o;2;1;0;0;1;0;0;2;-9,90576276;-36,31369782;SPRF-AL;DEL02-AL;UOP02-DEL02-AL;;;
704584;13/07/2025;domingo;20:00:00;PR;277;44,3;MORRETES;Velocidade Incompat�vel;Colis�o lateral mesmo sentido;Com V�timas Feridas;Plena Noite;Crescente;Nublado;Dupla;"Curva;Declive";N�o;4;0;1;0;2;2;1;4;-25,5913467;-48,8944186;SPRF-PR;DEL01-PR;UOP05-DEL01-PR;;;
704593;13/07/2025;domingo;20:00:00;RJ;116;307;RESENDE;Rea��o tardia ou ineficiente do condutor;Atropelamento de Pedestre;Com V�timas Feridas;Plena Noite;Crescente;Nublado;Dupla;Reta;Sim;2;0;0;1;0;1;1;2;-22,45579054;-44,3976352;SPRF-RJ;DEL07-RJ;UOP02-DEL07-RJ;;;
704601;13/07/2025;domingo;18:30:00;BA;116;909,5;CANDIDO SALES;Rea��o tardia ou ineficiente do condutor;Sa�da de leito carro��vel;Com V�timas Feridas;Plena Noite;Crescente;Nublado;Simples;Declive;Sim;1;0;0;1;0;0;1;1;-15,512862;-41,236938;SPRF-BA;DEL08-BA;UOP03-DEL08-BA;;;
704608;13/07/2025;domingo;19:00:00;PI;135;317;CRISTINO CASTRO;Transitar na contram�o;Colis�o frontal;Com V�timas Feridas;Plena Noite;Crescente;C�u Claro;Simples;Reta;N�o;5;0;2;0;3;0;2;2;-8,8219533;-44,22444463;SPRF-PI;DEL03-PI;UOP02-DEL03-PI;;;
704612;13/07/2025;domingo;22:10:00;PR;369;507,9;CASCAVEL;Transitar na contram�o;Colis�o lateral sentido oposto;Com V�timas Feridas;Plena Noite;Crescente;C�u Claro;Simples;"Aclive;Curva";N�o;4;0;1;0;1;2;1;4;-24,9640429;-53,40036454;SPRF-PR;DEL04-PR;UOP01-DEL04-PR;;;
704615;13/07/2025;domingo;20:50:00;RJ;116;299;PORTO REAL;Objeto est�tico sobre o leito carro��vel;Colis�o com objeto;Com V�timas Feridas;Plena Noite;Crescente;Nublado;Dupla;"Reta;Declive";N�o;4;0;1;0;3;0;1;3;-22,44983332;-44,32832893;SPRF-RJ;DEL07-RJ;UOP02-DEL07-RJ;;;
704622;13/07/2025;domingo;22:30:00;PE;423;74,1;JUPI;Condutor deixou de manter dist�ncia do ve�culo da frente;Colis�o traseira;Sem V�timas;Plena Noite;Decrescente;C�u Claro;Simples;"Aclive;Reta";Sim;2;0;0;0;2;0;0;2;-8,7160879;-36,4219923;SPRF-PE;DEL03-PE;UOP01-DEL03-PE;;;
704623;13/07/2025;domingo;21:00:00;RS;101;72;OSORIO;Manobra de mudan�a de faixa;Colis�o lateral mesmo sentido;Com V�timas Feridas;Plena Noite;Crescente;Nevoeiro/Neblina;Dupla;Reta;N�o;6;0;1;0;4;1;1;2;-29,764107;-50,217835;SPRF-RS;DEL03-RS;UOP01-DEL03-RS;;;
704629;13/07/2025;domingo;23:45:00;PR;376;84,3;GUAIRACA;Ultrapassagem Indevida;Colis�o lateral sentido oposto;Com V�timas Feridas;Plena Noite;Crescente;C�u Claro;Simples;Reta;N�o;29;0;22;2;4;1;24;2;-22,9718886;-52,6220488;SPRF-PR;DEL09-PR;UOP02-DEL09-PR;;;
704631;14/07/2025;segunda-feira;01:50:00;PR;277;28;MORRETES;Condutor Dormindo;Colis�o lateral mesmo sentido;Com V�timas Feridas;Plena Noite;Crescente;C�u Claro;Dupla;Curva;N�o;3;0;1;0;1;3;1;5;-25,54475806;-48,78122807;SPRF-PR;DEL01-PR;UOP05-DEL01-PR;;;
704634;14/07/2025;segunda-feira;03:00:00;PR;277;36,8;MORRETES;Ingest�o de �lcool pelo condutor;Sa�da de leito carro��vel;Sem V�timas;Plena Noite;Crescente;Nublado;Dupla;"Aclive;Reta";N�o;2;0;0;0;1;2;0;3;-25,572746;-48,842289;SPRF-PR;DEL01-PR;UOP05-DEL01-PR;;;
704636;14/07/2025;segunda-feira;00:30:00;PI;222;58,3;PIRIPIRI;Transitar na contram�o;Colis�o lateral sentido oposto;Com V�timas Feridas;Plena Noite;Crescente;C�u Claro;Simples;Reta;N�o;2;0;1;0;1;0;1;2;-4,3150955;-41,7778667;SPRF-PI;DEL02-PI;UOP01-DEL02-PI;;;
704646;14/07/2025;segunda-feira;05:29:00;GO;364;167;JATAI;Transitar na contram�o;Colis�o lateral sentido oposto;Com V�timas Feridas;Plena Noite;Decrescente;C�u Claro;Simples;Reta;N�o;3;0;0;1;1;1;1;3;-18,043734;-51,549661;SPRF-GO;DEL05-GO;UOP01-DEL05-GO;;;
704649;13/07/2025;domingo;22:20:00;RJ;101;236;SILVA JARDIM;Defici�ncia do Sistema de Ilumina��o/Sinaliza��o;Atropelamento de Pedestre;Com V�timas Feridas;Plena Noite;Decrescente;C�u Claro;Dupla;Reta;N�o;2;0;1;0;0;1;1;2;-22,60717;-42,392257;SPRF-RJ;DEL02-RJ;UOP03-DEL02-RJ;;;
704651;14/07/2025;segunda-feira;05:50:00;MS;163;400;NOVA ALVORADA DO SUL;Condutor Dormindo;Colis�o frontal;Com V�timas Feridas;Amanhecer;Crescente;C�u Claro;Simples;"Reta;Declive";N�o;3;0;1;1;0;1;2;3;-21,165039;-54,475895;SPRF-MS;DEL02-MS;UOP01-DEL02-MS;;;
704668;13/07/2025;domingo;23:21:00;PA;163;582;TRAIRAO;Rea��o tardia ou ineficiente do condutor;Tombamento;Com V�timas Fatais;Plena Noite;Decrescente;C�u Claro;Simples;Curva;N�o;3;1;0;0;1;3;0;4;-4,97623682;-56,21189117;SPRF-PA;DEL05-PA;UOP03-DEL05-PA;;;
704675;14/07/2025;segunda-feira;07:15:00;MG;267;11,9;LEOPOLDINA;Demais Fen�menos da natureza;Colis�o traseira;Com V�timas Feridas;Pleno dia;Decrescente;C�u Claro;Simples;Reta;Sim;3;0;0;1;1;1;1;3;-21,57796147;-42,71746784;SPRF-MG;DEL07-MG;UOP01-DEL07-MG;;;
704676;14/07/2025;segunda-feira;05:46:00;MT;364;442;VARZEA GRANDE;Problema com o freio;Inc�ndio;Sem V�timas;Amanhecer;Decrescente;C�u Claro;Simples;Reta;N�o;2;0;0;0;1;3;0;4;-15,59656201;-56,22593122;SPRF-MT;DEL01-MT;UOP02-DEL01-MT;;;
704680;14/07/2025;segunda-feira;07:55:00;SP;153;62;SAO JOSE DO RIO PRETO;Rea��o tardia ou ineficiente do condutor;Colis�o traseira;Sem V�timas;Pleno dia;Crescente;Nublado;Dupla;"Reta;Aclive";Sim;2;0;0;0;2;0;0;2;-20,81399;-49,357014;SPRF-SP;DEL09-SP;UOP01-DEL09-SP;;;
704685;07/02/2025;sexta-feira;10:56:00;SC;163;76,5;SAO MIGUEL DO OESTE;Ultrapassagem Indevida;Colis�o lateral mesmo sentido;Sem V�timas;Pleno dia;Decrescente;C�u Claro;Simples;"Aclive;Reta;Interse��o de Vias";N�o;3;0;0;0;2;2;0;4;-26,68004792;-53,51502657;SPRF-SC;DEL07-SC;UOP03-DEL07-SC;;;
704695;14/07/2025;segunda-feira;08:15:00;PR;277;160;PALMEIRA;Condutor Dormindo;Colis�o lateral sentido oposto;Com V�timas Feridas;Pleno dia;Decrescente;Nevoeiro/Neblina;Simples;Curva;N�o;7;0;1;0;5;1;1;4;-25,47782;-49,85328;SPRF-PR;DEL03-PR;UOP03-DEL03-PR;;;
704698;24/06/2025;ter�a-feira;06:00:00;BA;20;178;LUIS EDUARDO MAGALHAES;Condutor deixou de manter dist�ncia do ve�culo da frente;Colis�o traseira;Com V�timas Feridas;Amanhecer;Decrescente;C�u Claro;Simples;"Aclive;Reta";N�o;3;0;0;1;1;4;1;6;-12,3913;-45,8676;SPRF-BA;DEL10-BA;UOP01-DEL10-BA;;;
704699;14/07/2025;segunda-feira;07:50:00;BA;116;672;JEQUIE;Acessar a via sem observar a presen�a dos outros ve�culos;Colis�o transversal;Com V�timas Feridas;Pleno dia;Crescente;C�u Claro;Simples;"Reta;Interse��o de Vias";Sim;2;0;1;0;1;0;1;2;-13,8533715;-40,1139736;SPRF-BA;DEL03-BA;UOP01-DEL03-BA;;;
704701;14/07/2025;segunda-feira;09:30:00;ES;101;231;FUNDAO;Rea��o tardia ou ineficiente do condutor;Colis�o traseira;Com V�timas Feridas;Pleno dia;Decrescente;C�u Claro;Dupla;Curva;Sim;10;0;0;1;8;1;1;6;-19,94374081;-40,40621281;SPRF-ES;DEL02-ES;UOP01-DEL02-ES;;;
704707;14/07/2025;segunda-feira;08:15:00;SC;101;113,1;ITAJAI;Manobra de mudan�a de faixa;Colis�o lateral mesmo sentido;Com V�timas Feridas;Pleno dia;Decrescente;Nevoeiro/Neblina;Dupla;"Reta;Retorno Regulamentado";N�o;2;0;1;0;1;0;1;2;-26,85406;-48,72669;SPRF-SC;DEL04-SC;UOP04-DEL04-SC;;;
704714;14/07/2025;segunda-feira;05:45:00;PR;153;381,5;MALLET;Aus�ncia de rea��o do condutor;Sa�da de leito carro��vel;Com V�timas Fatais;Plena Noite;Crescente;Nublado;Simples;"Reta;Declive";N�o;1;1;0;0;0;0;0;1;-25,8189;-50,840909;SPRF-PR;DEL08-PR;UOP02-DEL08-PR;;;
704717;14/07/2025;segunda-feira;10:50:00;RJ;101;562;PARATY;Condutor deixou de manter dist�ncia do ve�culo da frente;Colis�o traseira;Com V�timas Feridas;Pleno dia;Crescente;C�u Claro;Simples;Reta;Sim;4;0;1;1;1;1;2;3;-23,15320839;-44,69930649;SPRF-RJ;DEL03-RJ;UOP04-DEL03-RJ;;;
704722;14/07/2025;segunda-feira;11:25:00;GO;153;507;APARECIDA DE GOIANIA;Manobra de mudan�a de faixa;Colis�o lateral mesmo sentido;Com V�timas Feridas;Pleno dia;Decrescente;C�u Claro;Dupla;"Declive;Reta";Sim;5;0;3;0;1;1;3;4;-16,76337602;-49,23980847;SPRF-GO;DEL01-GO;UOP03-DEL01-GO;;;
704727;14/07/2025;segunda-feira;11:48:00;RS;290;2;PORTO ALEGRE;Aus�ncia de rea��o do condutor;Colis�o traseira;Com V�timas Feridas;Pleno dia;Crescente;C�u Claro;Dupla;"Reta;Ponte";N�o;3;0;1;0;1;1;1;3;-29,98786275;-51,20954689;SPRF-RS;DEL03-RS;UOP01-DEL03-RS;;;