id;data_inversa;dia_semana;horario;uf;br;km;municipio;causa_acidente;tipo_acidente;classificacao_acidente;fase_dia;sentido_via;condicao_metereologica;tipo_pista;tracado_via;uso_solo;pessoas;mortos;feridos_leves;feridos_graves;ilesos;ignorados;feridos;veiculos;latitude;longitude;regional;delegacia;uop;;;
705065;15/07/2025;ter�a-feira;19:25:00;RN;304;176;ANGICOS;Aus�ncia de rea��o do condutor;Colis�o com objeto;Com V�timas Feridas;Plena Noite;Decrescente;C�u Claro;Simples;"Reta;Ponte";N�o;1;0;1;0;0;0;1;1;-5,689755;-36,348825;SPRF-RN;DEL01-RN;UOP03-DEL01-RN;;;
705071;15/07/2025;ter�a-feira;22:10:00;PR;376;380,9;IMBAU;Aus�ncia de rea��o do condutor;Sa�da de leito carro��vel;Com V�timas Feridas;Plena Noite;Crescente;C�u Claro;Simples;"Aclive;Reta";N�o;2;0;1;0;0;1;1;2;-24,411603;-50,783987;SPRF-PR;DEL03-PR;UOP02-DEL03-PR;;;
705074;15/07/2025;ter�a-feira;19:05:00;AL;416;18,9;COLONIA LEOPOLDINA;Demais falhas na via;Tombamento;Com V�timas Fatais;Plena Noite;Decrescente;Nublado;Simples;"Em Obras;Curva";N�o;2;1;0;0;0;1;0;2;-8,93966469;-35,78392379;SPRF-AL;DEL01-AL;UOP02-DEL01-AL;;;
705077;16/07/2025;quarta-feira;00:00:00;SC;158;135,7;PALMITOS;Velocidade Incompat�vel;Tombamento;Com V�timas Feridas;Plena Noite;Crescente;C�u Claro;Simples;"Aclive;Curva;Rotat�ria";N�o;2;0;1;0;0;1;1;2;-27,07962488;-53,22508547;SPRF-SC;DEL07-SC;UOP02-DEL07-SC;;;
705082;16/07/2025;quarta-feira;02:30:00;SP;116;514;CAJATI;Rea��o tardia ou ineficiente do condutor;Colis�o com objeto;Com V�timas Feridas;Plena Noite;Decrescente;C�u Claro;Simples;"Aclive;Curva";N�o;1;0;1;0;0;0;1;1;-24,861937;-48,214495;SPRF-SP;DEL05-SP;UOP02-DEL05-SP;;;
705083;16/07/2025;quarta-feira;04:00:00;ES;101;273;SERRA;Aus�ncia de rea��o do condutor;Colis�o traseira;Com V�timas Feridas;Plena Noite;Crescente;C�u Claro;Dupla;Reta;Sim;3;0;0;1;1;1;1;3;-20,21588308;-40,2808214;SPRF-ES;DEL02-ES;UOP01-DEL02-ES;;;
705084;16/07/2025;quarta-feira;02:10:00;RS;285;355,1;CARAZINHO;Ingest�o de �lcool pelo condutor;Colis�o lateral sentido oposto;Com V�timas Feridas;Plena Noite;Decrescente;C�u Claro;Simples;Reta;N�o;3;0;0;1;1;1;1;3;-28,34608652;-52,92869568;SPRF-RS;DEL08-RS;UOP03-DEL08-RS;;;
705088;16/07/2025;quarta-feira;04:30:00;RS;101;28;TRES CACHOEIRAS;Aus�ncia de rea��o do condutor;Sa�da de leito carro��vel;Com V�timas Feridas;Plena Noite;Decrescente;Nevoeiro/Neblina;Dupla;"Curva;Declive";N�o;2;0;1;0;0;1;1;2;-29,46947971;-49,95708704;SPRF-RS;DEL03-RS;UOP02-DEL03-RS;;;
705089;16/07/2025;quarta-feira;04:30:00;CE;222;302;TIANGUA;Rea��o tardia ou ineficiente do condutor;Tombamento;Com V�timas Feridas;Amanhecer;Decrescente;Nevoeiro/Neblina;Simples;"Curva;Declive";N�o;1;0;0;1;0;0;1;1;-3,663358;-40,949455;SPRF-CE;DEL04-CE;UOP02-DEL04-CE;;;
705091;16/07/2025;quarta-feira;00:00:00;MG;50;204;DELTA;Condutor Dormindo;Colis�o traseira;Com V�timas Feridas;Plena Noite;Decrescente;Nublado;Dupla;"Aclive;Reta";N�o;3;0;0;1;1;3;1;5;-19,95932105;-47,79915031;SPRF-MG;DEL13-MG;UOP01-DEL13-MG;;;
705096;16/07/2025;quarta-feira;06:45:00;PR;277;119;CAMPO LARGO;Transitar no Acostamento;Atropelamento de Pedestre;Com V�timas Feridas;Pleno dia;Decrescente;C�u Claro;Dupla;Reta;N�o;3;0;0;1;2;0;1;2;-25,447;-49,473;SPRF-PR;DEL03-PR;UOP03-DEL03-PR;;;
705097;16/07/2025;quarta-feira;06:50:00;PR;476;152;ARAUCARIA;Aus�ncia de rea��o do condutor;Colis�o traseira;Com V�timas Feridas;Pleno dia;Decrescente;C�u Claro;Dupla;Reta;Sim;2;0;1;0;1;0;1;2;-25,5712292;-49,3863269;SPRF-PR;DEL01-PR;UOP06-DEL01-PR;;;
705098;16/07/2025;quarta-feira;05:50:00;PR;373;184,9;PONTA GROSSA;Aus�ncia de rea��o do condutor;Sa�da de leito carro��vel;Com V�timas Feridas;Plena Noite;Decrescente;Nublado;Simples;Curva;N�o;2;0;1;0;0;2;1;3;-25,047315;-50,290348;SPRF-PR;DEL03-PR;UOP01-DEL03-PR;;;
705108;16/07/2025;quarta-feira;07:45:00;ES;101;145,6;LINHARES;Manobra de mudan�a de faixa;Colis�o lateral mesmo sentido;Com V�timas Feridas;Pleno dia;Decrescente;C�u Claro;M�ltipla;"Reta;Declive";Sim;2;0;1;0;1;0;1;2;-19,3664892;-40,0649349;SPRF-ES;DEL04-ES;UOP01-DEL04-ES;;;
705114;16/07/2025;quarta-feira;06:30:00;SC;116;59,8;PAPANDUVA;Velocidade Incompat�vel;Colis�o frontal;Com V�timas Feridas;Amanhecer;Crescente;Nublado;Simples;"Reta;Aclive";N�o;3;0;1;0;1;1;1;3;-26,3817096;-50,2147357;SPRF-SC;DEL06-SC;UOP02-DEL06-SC;;;
705118;02/07/2025;quarta-feira;12:44:00;SC;282;640;IRACEMINHA;Rea��o tardia ou ineficiente do condutor;Colis�o lateral mesmo sentido;Com V�timas Feridas;Pleno dia;Decrescente;C�u Claro;Simples;"Reta;Ponte";N�o;4;0;2;0;1;1;2;4;-26,82110702;-53,38284228;SPRF-SC;DEL07-SC;UOP03-DEL07-SC;;;
705121;08/06/2025;domingo;09:00:00;PA;163;251;NOVO PROGRESSO;Rea��o tardia ou ineficiente do condutor;Tombamento;Com V�timas Feridas;Pleno dia;Crescente;C�u Claro;Simples;Reta;N�o;3;0;1;0;1;3;1;5;-7,508029;-55,26115;SPRF-PA;DEL05-PA;UOP03-DEL05-PA;;;
705125;16/07/2025;quarta-feira;07:45:00;PR;277;596,8;CASCAVEL;Manobra de mudan�a de faixa;Colis�o lateral mesmo sentido;Com V�timas Feridas;Pleno dia;Decrescente;Nublado;Dupla;Reta;Sim;2;0;1;0;1;0;1;2;-24,99278105;-53,51168039;SPRF-PR;DEL04-PR;UOP01-DEL04-PR;;;
705132;16/07/2025;quarta-feira;15:20:00;SP;116;213;GUARULHOS;Rea��o tardia ou ineficiente do condutor;Colis�o traseira;Com V�timas Feridas;Pleno dia;Crescente;C�u Claro;Dupla;Reta;N�o;2;0;1;0;1;0;1;2;-23,440424;-46,439419;SPRF-SP;DEL01-SP;UOP01-DEL01-SP;;;
705135;16/07/2025;quarta-feira;10:10:00;BA;324;608;SIMOES FILHO;Rea��o tardia ou ineficiente do condutor;Colis�o traseira;Sem V�timas;Pleno dia;Crescente;C�u Claro;M�ltipla;Reta;Sim;9;0;0;0;9;0;0;6;-12,81480855;-38,40582702;SPRF-BA;DEL01-BA;UOP01-DEL01-BA;;;
705137;16/07/2025;quarta-feira;09:20:00;MG;381;619;OLIVEIRA;Demais falhas mec�nicas ou el�tricas;Sa�da de leito carro��vel;Com V�timas Feridas;Pleno dia;Decrescente;Sol;Dupla;Reta;N�o;2;0;2;0;0;0;2;1;-20,75194029;-44,77375031;SPRF-MG;DEL04-MG;UOP01-DEL04-MG;;;
705142;16/07/2025;quarta-feira;10:30:00;SC;101;119;ITAJAI;Condutor deixou de manter dist�ncia do ve�culo da frente;Engavetamento;Com V�timas Feridas;Pleno dia;Crescente;C�u Claro;Dupla;Reta;N�o;4;0;1;0;2;1;1;4;-26,89838616;-48,71795509;SPRF-SC;DEL04-SC;UOP04-DEL04-SC;;;
705161;16/07/2025;quarta-feira;11:50:00;SC;101;151;PORTO BELO;Condutor deixou de manter dist�ncia do ve�culo da frente;Colis�o traseira;Com V�timas Feridas;Pleno dia;Decrescente;C�u Claro;Dupla;Reta;Sim;3;0;1;0;1;1;1;3;-27,13627275;-48,61002669;SPRF-SC;DEL04-SC;UOP03-DEL04-SC;;;
705162;16/07/2025;quarta-feira;13:45:00;PR;277;443,4;LARANJEIRAS DO SUL;Aus�ncia de rea��o do condutor;Colis�o traseira;Com V�timas Feridas;Pleno dia;Decrescente;C�u Claro;Simples;Reta;N�o;6;0;4;0;1;1;4;3;-25,37170642;-52,31421916;SPRF-PR;DEL04-PR;UOP02-DEL04-PR;;;
705164;16/07/2025;quarta-feira;13:40:00;MG;50;176;UBERABA;Aus�ncia de rea��o do condutor;Colis�o traseira;Com V�timas Feridas;Pleno dia;Crescente;C�u Claro;Dupla;Declive;Sim;4;0;1;0;1;3;1;5;-19,77931385;-47,9550104;SPRF-MG;DEL13-MG;UOP01-DEL13-MG;;;
705167;16/07/2025;quarta-feira;13:30:00;GO;60;98,8;ANAPOLIS;Condutor deixou de manter dist�ncia do ve�culo da frente;Colis�o traseira;Com V�timas Feridas;Pleno dia;Crescente;C�u Claro;Dupla;Reta;N�o;2;0;0;1;1;0;1;2;-16,39205995;-48,9587456;SPRF-GO;DEL02-GO;UOP01-DEL02-GO;;;
705170;16/07/2025;quarta-feira;13:40:00;PE;104;41;CARUARU;Rea��o tardia ou ineficiente do condutor;Tombamento;Com V�timas Feridas;Pleno dia;Decrescente;C�u Claro;Dupla;"Declive;Curva";N�o;2;0;1;0;0;1;1;2;-8,094091;-36,033404;SPRF-PE;DEL02-PE;UOP01-DEL02-PE;;;
705172;16/07/2025;quarta-feira;12:40:00;MG;381;203,2;NAQUE;Problema com o freio;Inc�ndio;Sem V�timas;Pleno dia;Decrescente;Sol;Simples;Reta;N�o;1;0;0;0;1;0;0;1;-19,19056868;-42,27333069;SPRF-MG;DEL06-MG;UOP01-DEL06-MG;;;
705176;28/06/2025;s�bado;19:45:00;SP;381;66;MAIRIPORA;Ingest�o de �lcool pelo condutor;Colis�o traseira;Sem V�timas;Plena Noite;Crescente;C�u Claro;Dupla;Reta;N�o;5;0;0;0;4;1;0;3;-23,31683196;-46,58252287;SPRF-SP;DEL03-SP;UOP01-DEL03-SP;;;
705178;16/07/2025;quarta-feira;15:30:00;SC;101;210,3;SAO JOSE;Manobra de mudan�a de faixa;Colis�o traseira;Com V�timas Feridas;Pleno dia;Crescente;C�u Claro;M�ltipla;Reta;Sim;4;0;1;0;2;1;1;3;-27,618966;-48,647862;SPRF-SC;DEL01-SC;UOP01-DEL01-SC;;;
705185;16/07/2025;quarta-feira;10:30:00;MT;163;946;NOVA SANTA HELENA;Rea��o tardia ou ineficiente do condutor;Colis�o traseira;Sem V�timas;Pleno dia;Crescente;C�u Claro;Simples;Reta;N�o;4;0;0;0;3;1;0;4;-10,9023;-55,1982;SPRF-MT;DEL06-MT;UOP02-DEL06-MT;;;
705187;16/07/2025;quarta-feira;15:08:00;TO;153;240;COLINAS DO TOCANTINS;Aus�ncia de rea��o do condutor;Colis�o traseira;Sem V�timas;Pleno dia;Decrescente;C�u Claro;Simples;"Reta;Aclive";N�o;2;0;0;0;2;0;0;2;-7,999283;-48,464775;SPRF-TO;DEL02-TO;UOP01-DEL02-TO;;;
705188;16/07/2025;quarta-feira;12:15:00;RJ;116;314;RESENDE;Rea��o tardia ou ineficiente do condutor;Engavetamento;Com V�timas Feridas;Pleno dia;Decrescente;C�u Claro;Dupla;Reta;Sim;4;0;1;0;3;0;1;3;-22,461152;-44,475187;SPRF-RJ;DEL07-RJ;UOP02-DEL07-RJ;;;
705189;16/07/2025;quarta-feira;14:50:00;MG;381;791,9;SAO GONCALO DO SAPUCAI;Velocidade Incompat�vel;Tombamento;Com V�timas Feridas;Pleno dia;Crescente;C�u Claro;Dupla;Curva;N�o;1;0;1;0;0;0;1;1;-21,8961985;-45,5508136;SPRF-MG;DEL16-MG;UOP02-DEL16-MG;;;
705190;16/07/2025;quarta-feira;15:00:00;RS;386;44,1;SEBERI;Ultrapassagem Indevida;Colis�o frontal;Com V�timas Feridas;Pleno dia;Decrescente;Nublado;Simples;Reta;N�o;6;0;4;0;1;1;4;4;-27,43926;-53,41787;SPRF-RS;DEL08-RS;UOP02-DEL08-RS;;;
705191;16/07/2025;quarta-feira;07:45:00;BA;116;376;SANTA BARBARA;Condutor Dormindo;Tombamento;Com V�timas Feridas;Amanhecer;Crescente;Nublado;Simples;Reta;N�o;2;0;1;0;0;1;1;2;-11,83967277;-38,98095131;SPRF-BA;DEL02-BA;UOP01-DEL02-BA;;;
705193;16/07/2025;quarta-feira;12:00:00;BA;242;921;LUIS EDUARDO MAGALHAES;Acessar a via sem observar a presen�a dos outros ve�culos;Colis�o transversal;Com V�timas Feridas;Pleno dia;Crescente;C�u Claro;Simples;Interse��o de Vias;N�o;5;0;4;0;1;0;4;2;-12,11420917;-45,97034723;SPRF-BA;DEL10-BA;UOP01-DEL10-BA;;;
705194;16/07/2025;quarta-feira;15:30:00;SC;101;394,2;CRICIUMA;Acessar a via sem observar a presen�a dos outros ve�culos;Colis�o lateral mesmo sentido;Com V�timas Feridas;Pleno dia;Crescente;C�u Claro;M�ltipla;"Retorno Regulamentado;Reta";N�o;6;0;1;0;4;1;1;3;-28,826502;-49,40728;SPRF-SC;DEL02-SC;UOP02-DEL02-SC;;;
705195;16/07/2025;quarta-feira;16:10:00;CE;116;6;FORTALEZA;Acessar a via sem observar a presen�a dos outros ve�culos;Colis�o lateral mesmo sentido;Com V�timas Feridas;Pleno dia;Decrescente;Sol;M�ltipla;Reta;Sim;3;0;1;0;1;1;1;3;-3,801476;-38,504174;SPRF-CE;DEL01-CE;UOP02-DEL01-CE;;;
705196;19/06/2025;quinta-feira;16:30:00;PB;230;419;POMBAL;Acessar a via sem observar a presen�a dos outros ve�culos;Colis�o transversal;Com V�timas Feridas;Pleno dia;Decrescente;C�u Claro;Simples;Interse��o de Vias;N�o;3;0;0;1;1;1;1;3;-6,7154261;-37,83541113;SPRF-PB;DEL03-PB;UOP02-DEL03-PB;;;
705198;16/07/2025;quarta-feira;15:10:00;SC;101;431,4;SOMBRIO;Manobra de mudan�a de faixa;Colis�o lateral mesmo sentido;Com V�timas Feridas;Pleno dia;Crescente;C�u Claro;M�ltipla;Reta;Sim;3;0;1;0;1;1;1;3;-29,07467778;-49,62766483;SPRF-SC;DEL02-SC;UOP02-DEL02-SC;;;
705201;16/07/2025;quarta-feira;16:50:00;MA;135;50;BACABEIRA;Aus�ncia de rea��o do condutor;Colis�o traseira;Sem V�timas;Pleno dia;Decrescente;C�u Claro;Dupla;Reta;N�o;2;0;0;0;0;2;0;2;-2,96644;-44,31944;SPRF-MA;DEL01-MA;UOP01-DEL01-MA;;;
705202;16/07/2025;quarta-feira;15:45:00;SC;282;394;JOACABA;Rea��o tardia ou ineficiente do condutor;Colis�o frontal;Com V�timas Feridas;Pleno dia;Crescente;C�u Claro;Simples;"Curva;Aclive";N�o;4;0;0;1;1;2;1;4;-27,158993;-51,574703;SPRF-SC;DEL07-SC;UOP05-DEL07-SC;;;
705204;16/07/2025;quarta-feira;17:20:00;PR;277;454,2;LARANJEIRAS DO SUL;Acessar a via sem observar a presen�a dos outros ve�culos;Colis�o transversal;Com V�timas Feridas;Pleno dia;Decrescente;C�u Claro;Simples;"Curva;Declive;Interse��o de Vias";N�o;3;0;1;0;1;1;1;3;-25,385383;-52,413753;SPRF-PR;DEL04-PR;UOP02-DEL04-PR;;;
705218;16/07/2025;quarta-feira;18:00:00;PR;277;318,1;GUARAPUAVA;Mal s�bito do condutor;Colis�o traseira;Com V�timas Feridas;Plena Noite;Crescente;C�u Claro;Simples;"Em Obras;Reta";N�o;2;0;1;0;1;0;1;2;-25,3625683;-51,2438865;SPRF-PR;DEL08-PR;UOP01-DEL08-PR;;;
705221;16/07/2025;quarta-feira;17:20:00;MA;135;12;SAO LUIS;Pista esburacada;Colis�o lateral mesmo sentido;Com V�timas Feridas;Anoitecer;Decrescente;Sol;Dupla;"Retorno Regulamentado;Reta";Sim;2;0;0;1;1;0;1;2;-2,672393;-44,291575;SPRF-MA;DEL01-MA;UOP01-DEL01-MA;;;
705222;16/07/2025;quarta-feira;13:40:00;MG;40;91,6;LAGOA GRANDE;Demais Fen�menos da natureza;Inc�ndio;Sem V�timas;Pleno dia;Decrescente;C�u Claro;Simples;Reta;N�o;2;0;0;0;1;1;0;2;-17,507234;-46,563197;SPRF-MG;DEL14-MG;UOP01-DEL14-MG;;;
705223;16/07/2025;quarta-feira;19:00:00;BA;116;429,6;FEIRA DE SANTANA;Acessar a via sem observar a presen�a dos outros ve�culos;Colis�o lateral mesmo sentido;Sem V�timas;Plena Noite;Decrescente;Nublado;Dupla;Reta;Sim;2;0;0;0;2;0;0;2;-12,28858194;-39,01087973;SPRF-BA;DEL02-BA;UOP01-DEL02-BA;;;
705224;16/07/2025;quarta-feira;19:00:00;MG;381;632;SANTO ANTONIO DO AMPARO;Demais falhas mec�nicas ou el�tricas;Inc�ndio;Sem V�timas;Plena Noite;Crescente;C�u Claro;Dupla;Reta;N�o;2;0;0;0;1;1;0;2;-20,86889595;-44,84236909;SPRF-MG;DEL04-MG;UOP01-DEL04-MG;;;
705230;16/07/2025;quarta-feira;19:37:00;PR;369;506,2;CASCAVEL;Ultrapassagem Indevida;Colis�o lateral sentido oposto;Com V�timas Feridas;Plena Noite;Crescente;C�u Claro;Simples;"Aclive;Reta";Sim;2;0;0;1;1;0;1;2;-24,95079109;-53,39840412;SPRF-PR;DEL04-PR;UOP01-DEL04-PR;;;
705234;16/07/2025;quarta-feira;20:55:00;MG;262;467,3;BOM DESPACHO;Aus�ncia de rea��o do condutor;Colis�o transversal;Com V�timas Feridas;Plena Noite;Crescente;C�u Claro;Simples;Reta;N�o;3;0;2;0;0;1;2;3;-19,78674;-45,23142;SPRF-MG;DEL08-MG;UOP03-DEL08-MG;;;
705237;16/07/2025;quarta-feira;20:25:00;PI;343;330,5;TERESINA;Transitar na contram�o;Colis�o frontal;Com V�timas Feridas;Plena Noite;Crescente;C�u Claro;Simples;Reta;Sim;3;0;1;0;2;0;1;2;-5,061038;-42,652808;SPRF-PI;DEL01-PI;UOP01-DEL01-PI;;;
705241;16/07/2025;quarta-feira;19:10:00;PA;163;5;NOVO PROGRESSO;Ultrapassagem Indevida;Colis�o traseira;Com V�timas Feridas;Plena Noite;Decrescente;C�u Claro;Simples;Reta;N�o;5;0;1;0;2;7;1;9;-9,51301717;-54,85930279;SPRF-MT;DEL06-MT;UOP03-DEL06-MT;;;
705242;16/07/2025;quarta-feira;21:15:00;SC;101;215;PALHOCA;Manobra de mudan�a de faixa;Colis�o lateral mesmo sentido;Com V�timas Feridas;Plena Noite;Crescente;C�u Claro;Dupla;Reta;Sim;4;0;1;1;1;1;2;3;-27,6582296;-48,6781642;SPRF-SC;DEL01-SC;UOP02-DEL01-SC;;;
705251;16/07/2025;quarta-feira;22:30:00;PR;277;124;CAMPO LARGO;Ingest�o de �lcool pelo condutor;Colis�o traseira;Com V�timas Feridas;Plena Noite;Crescente;C�u Claro;Dupla;Reta;Sim;4;0;1;0;2;2;1;5;-25,434882;-49,521583;SPRF-PR;DEL03-PR;UOP03-DEL03-PR;;;
705256;17/07/2025;quinta-feira;23:30:00;SP;116;171,4;JACAREI;Rea��o tardia ou ineficiente do condutor;Colis�o traseira;Com V�timas Feridas;Plena Noite;Crescente;C�u Claro;Dupla;Reta;N�o;2;0;1;0;0;1;1;2;-23,30950259;-46,05958907;SPRF-SP;DEL02-SP;UOP01-DEL02-SP;;;
705259;16/07/2025;quarta-feira;19:00:00;PA;163;448;ITAITUBA;Condutor Dormindo;Sa�da de leito carro��vel;Com V�timas Feridas;Plena Noite;Decrescente;C�u Claro;Simples;Reta;N�o;3;0;2;0;0;3;2;5;-5,931932;-55,712303;SPRF-PA;DEL05-PA;UOP03-DEL05-PA;;;
705260;17/07/2025;quinta-feira;01:50:00;SC;470;141;RIO DO SUL;Rea��o tardia ou ineficiente do condutor;Colis�o com objeto;Sem V�timas;Plena Noite;Crescente;Nevoeiro/Neblina;Simples;Curva;Sim;2;0;0;0;1;1;0;2;-27,20851022;-49,65083051;SPRF-SC;DEL04-SC;UOP02-DEL04-SC;;;
705261;17/07/2025;quinta-feira;02:20:00;SC;101;102;BALNEARIO PICARRAS;Manobra de mudan�a de faixa;Colis�o lateral mesmo sentido;Com V�timas Feridas;Plena Noite;Crescente;Nevoeiro/Neblina;M�ltipla;Reta;N�o;4;0;1;0;2;1;1;3;-26,77701075;-48,68586414;SPRF-SC;DEL03-SC;UOP02-DEL03-SC;;;
705263;17/07/2025;quinta-feira;03:00:00;ES;259;51,2;COLATINA;Condutor Dormindo;Tombamento;Com V�timas Feridas;Plena Noite;Crescente;Nublado;Simples;"Declive;Curva";N�o;3;0;0;1;0;2;1;3;-19,50214548;-40,61637908;SPRF-ES;DEL02-ES;UOP01-DEL02-ES;;;
705274;17/07/2025;quinta-feira;07:30:00;RJ;116;172;RIO DE JANEIRO;Acessar a via sem observar a presen�a dos outros ve�culos;Colis�o traseira;Com V�timas Feridas;Pleno dia;Decrescente;C�u Claro;M�ltipla;Reta;Sim;2;0;1;0;1;0;1;2;-22,81439237;-43,32850903;SPRF-RJ;DEL06-RJ;UOP01-DEL06-RJ;;;
705284;17/07/2025;quinta-feira;04:40:00;PI;135;349;BOM JESUS;Aus�ncia de rea��o do condutor;Colis�o transversal;Sem V�timas;Amanhecer;Crescente;Nublado;Simples;Reta;Sim;3;0;0;0;2;3;0;5;-9,07342123;-44,33217933;SPRF-PI;DEL03-PI;UOP02-DEL03-PI;;;
705285;17/07/2025;quinta-feira;08:09:00;ES;262;194,2;IUNA;Rea��o tardia ou ineficiente do condutor;Tombamento;Com V�timas Feridas;Pleno dia;Crescente;C�u Claro;Simples;"Declive;Curva";N�o;2;0;0;2;0;0;2;1;-20,28325149;-41,76383972;SPRF-ES;DEL01-ES;UOP02-DEL01-ES;;;
705290;17/07/2025;quinta-feira;08:15:00;CE;116;3;FORTALEZA;Condutor deixou de manter dist�ncia do ve�culo da frente;Engavetamento;Com V�timas Feridas;Pleno dia;Decrescente;C�u Claro;M�ltipla;Reta;N�o;7;0;4;0;3;0;4;5;-3,78068;-38,51395;SPRF-CE;DEL01-CE;UOP02-DEL01-CE;;;
705293;17/07/2025;quinta-feira;08:20:00;RS;285;445,7;BOZANO;Transitar na contram�o;Colis�o lateral sentido oposto;Com V�timas Fatais;Pleno dia;Crescente;Garoa/Chuvisco;Simples;Reta;N�o;4;1;1;0;2;0;1;2;-28,364648;-53,789268;SPRF-RS;DEL10-RS;UOP01-DEL10-RS;;;
705294;17/07/2025;quinta-feira;08:40:00;PR;376;551;PALMEIRA;Manobra de mudan�a de faixa;Colis�o lateral mesmo sentido;Com V�timas Feridas;Pleno dia;Decrescente;C�u Claro;Dupla;"Declive;Curva";N�o;8;0;1;0;6;2;1;5;-25,43792128;-49,75005118;SPRF-PR;DEL03-PR;UOP03-DEL03-PR;;;
705295;17/07/2025;quinta-feira;06:40:00;SC;470;116;IBIRAMA;Velocidade Incompat�vel;Tombamento;Sem V�timas;Amanhecer;Decrescente;Nevoeiro/Neblina;Simples;Curva;N�o;2;0;0;0;1;1;0;2;-27,08183013;-49,50072381;SPRF-SC;DEL04-SC;UOP02-DEL04-SC;;;
705303;17/07/2025;quinta-feira;10:05:00;MG;40;737,2;SANTOS DUMONT;Rea��o tardia ou ineficiente do condutor;Colis�o lateral sentido oposto;Com V�timas Feridas;Pleno dia;Decrescente;C�u Claro;Simples;Curva;N�o;7;0;2;0;4;1;2;4;-21,40936548;-43,56709957;SPRF-MG;DEL05-MG;UOP01-DEL05-MG;;;
705304;17/07/2025;quinta-feira;09:45:00;MG;381;477,2;CONTAGEM;Aus�ncia de rea��o do condutor;Colis�o traseira;Com V�timas Feridas;Pleno dia;Decrescente;Sol;Dupla;Reta;Sim;2;0;1;0;0;1;1;2;-19,95999072;-44,03465923;SPRF-MG;DEL01-MG;UOP03-DEL01-MG;;;
705306;17/07/2025;quinta-feira;07:50:00;RJ;101;99,3;CAMPOS DOS GOYTACAZES;Demais falhas mec�nicas ou el�tricas;Tombamento;Com V�timas Feridas;Pleno dia;Decrescente;C�u Claro;Dupla;Reta;N�o;2;0;1;0;0;1;1;2;-21,878219;-41,585705;SPRF-RJ;DEL08-RJ;UOP02-DEL08-RJ;;;
705308;17/07/2025;quinta-feira;09:30:00;SC;101;81,1;BARRA VELHA;Aus�ncia de rea��o do condutor;Colis�o traseira;Com V�timas Feridas;Pleno dia;Crescente;Nevoeiro/Neblina;Dupla;Reta;N�o;3;0;0;1;1;2;1;4;-26,6064837;-48,724088;SPRF-SC;DEL03-SC;UOP02-DEL03-SC;;;
705309;17/07/2025;quinta-feira;09:20:00;PR;116;109;CURITIBA;Condutor deixou de manter dist�ncia do ve�culo da frente;Engavetamento;Com V�timas Feridas;Pleno dia;Crescente;C�u Claro;Dupla;Reta;Sim;4;0;2;0;2;0;2;3;-25,562989;-49,256074;SPRF-PR;DEL01-PR;UOP03-DEL01-PR;;;
705316;17/07/2025;quinta-feira;09:18:00;RJ;101;266;RIO BONITO;Manobra de mudan�a de faixa;Queda de ocupante de ve�culo;Com V�timas Feridas;Pleno dia;Decrescente;C�u Claro;Dupla;Reta;N�o;2;0;0;1;1;0;1;2;-22,70753323;-42,65317921;SPRF-RJ;DEL02-RJ;UOP03-DEL02-RJ;;;
705317;17/07/2025;quinta-feira;10:20:00;MG;365;475,3;PATROCINIO;Acessar a via sem observar a presen�a dos outros ve�culos;Colis�o transversal;Com V�timas Feridas;Pleno dia;Crescente;Sol;Simples;Reta;Sim;3;0;1;0;2;0;1;2;-18,920927;-47,019555;SPRF-MG;DEL10-MG;UOP01-DEL10-MG;;;
705318;17/07/2025;quinta-feira;09:40:00;MG;381;648,9;SANTO ANTONIO DO AMPARO;Manobra de mudan�a de faixa;Colis�o transversal;Com V�timas Feridas;Pleno dia;Decrescente;C�u Claro;Dupla;Reta;N�o;4;0;3;0;0;1;3;3;-20,95727173;-44,90455627;SPRF-MG;DEL04-MG;UOP02-DEL04-MG;;;
705319;17/07/2025;quinta-feira;11:45:00;PR;277;722,5;FOZ DO IGUACU;Condutor deixou de manter dist�ncia do ve�culo da frente;Sa�da de leito carro��vel;Sem V�timas;Pleno dia;Crescente;Chuva;Dupla;Reta;Sim;1;0;0;0;1;0;0;1;-25,49528356;-54,52171762;SPRF-PR;DEL05-PR;UOP03-DEL05-PR;;;
705320;13/07/2025;domingo;20:30:00;BA;116;38;CHORROCHO;Demais falhas mec�nicas ou el�tricas;Inc�ndio;Sem V�timas;Plena Noite;Decrescente;C�u Claro;Simples;"Em Obras;Reta";N�o;2;0;0;0;1;1;0;2;-8,952448;-39,213407;SPRF-PE;DEL05-PE;UOP03-DEL05-PE;;;
705323;17/07/2025;quinta-feira;09:00:00;RO;364;802;PORTO VELHO;Acessar a via sem observar a presen�a dos outros ve�culos;Colis�o transversal;Com V�timas Feridas;Pleno dia;Decrescente;C�u Claro;Simples;"Reta;Interse��o de Vias";Sim;5;0;1;1;3;0;2;2;-8,8506368;-63,9369216;SPRF-RO;DEL01-RO;UOP02-DEL01-RO;;;
705324;17/07/2025;quinta-feira;10:55:00;MG;116;325;CAMPANARIO;Transitar na contram�o;Colis�o frontal;Com V�timas Feridas;Pleno dia;Crescente;Nublado;Simples;"Curva;Declive";N�o;4;0;1;0;2;12;1;14;-18,204621;-41,71789;SPRF-MG;DEL11-MG;UOP01-DEL11-MG;;;
705325;17/07/2025;quinta-feira;11:40:00;AL;104;86;RIO LARGO;Transitar no Acostamento;Colis�o frontal;Com V�timas Feridas;Pleno dia;Decrescente;C�u Claro;Dupla;Reta;Sim;5;0;1;0;4;0;1;2;-9,4721;-35,82247;SPRF-AL;DEL01-AL;UOP01-DEL01-AL;;;