id;data_inversa;dia_semana;horario;uf;br;km;municipio;causa_acidente;tipo_acidente;classificacao_acidente;fase_dia;sentido_via;condicao_metereologica;tipo_pista;tracado_via;uso_solo;pessoas;mortos;feridos_leves;feridos_graves;ilesos;ignorados;feridos;veiculos;latitude;longitude;regional;delegacia;uop;;;
705326;17/07/2025;quinta-feira;11:30:00;PR;373;475,2;CORONEL VIVIDA;Mal s�bito do condutor;Colis�o frontal;Com V�timas Feridas;Pleno dia;Decrescente;Nublado;Simples;Reta;N�o;2;0;0;1;1;0;1;2;-25,97147052;-52,53197228;SPRF-PR;DEL02-PR;UOP01-DEL02-PR;;;
705327;17/07/2025;quinta-feira;09:43:00;MT;163;631;NOVA MUTUM;Ultrapassagem Indevida;Colis�o frontal;Com V�timas Fatais;Pleno dia;Decrescente;C�u Claro;Simples;"Curva;Em Obras";N�o;5;1;0;1;2;6;1;9;-13,53058281;-56,02609053;SPRF-MT;DEL01-MT;UOP01-DEL01-MT;;;
705334;17/07/2025;quinta-feira;08:10:00;CE;222;314,7;TIANGUA;Acessar a via sem observar a presen�a dos outros ve�culos;Tombamento;Sem V�timas;Pleno dia;Crescente;C�u Claro;Dupla;Curva;Sim;3;0;0;0;1;4;0;5;-3,74232232;-41,00808978;SPRF-CE;DEL04-CE;UOP02-DEL04-CE;;;
705336;17/07/2025;quinta-feira;12:50:00;RN;304;38,7;MOSSORO;Manobra de mudan�a de faixa;Colis�o lateral mesmo sentido;Sem V�timas;Pleno dia;Decrescente;C�u Claro;Dupla;Reta;Sim;3;0;0;0;2;1;0;3;-5,18665609;-37,3725915;SPRF-RN;DEL04-RN;UOP02-DEL04-RN;;;
705338;17/07/2025;quinta-feira;08:00:00;AL;101;49;FLEXEIRAS;Demais falhas mec�nicas ou el�tricas;Tombamento;Com V�timas Feridas;Pleno dia;Crescente;Nublado;Dupla;Curva;N�o;3;0;1;0;1;1;1;3;-9,24309265;-35,76049805;SPRF-AL;DEL01-AL;UOP02-DEL01-AL;;;
705339;23/06/2025;segunda-feira;06:45:00;RJ;393;104;SAPUCAIA;Aus�ncia de rea��o do condutor;Colis�o traseira;Com V�timas Feridas;Pleno dia;Crescente;C�u Claro;Simples;Reta;N�o;6;0;2;0;4;0;2;4;-21,87907957;-42,67941141;SPRF-RJ;DEL05-RJ;UOP01-DEL05-RJ;;;
705340;23/06/2025;segunda-feira;05:30:00;RJ;116;263;VOLTA REDONDA;Entrada inopinada do pedestre;Atropelamento de Pedestre;Com V�timas Fatais;Amanhecer;Decrescente;C�u Claro;Dupla;Curva;N�o;5;2;1;0;1;1;1;4;-22,5928533;-44,069738;SPRF-RJ;DEL07-RJ;UOP02-DEL07-RJ;;;
705343;17/07/2025;quinta-feira;10:50:00;MG;262;410,1;PARA DE MINAS;Condutor Dormindo;Sa�da de leito carro��vel;Com V�timas Feridas;Pleno dia;Decrescente;Sol;Dupla;Curva;N�o;2;0;1;0;1;0;1;1;-19,88519427;-44,7231102;SPRF-MG;DEL08-MG;UOP03-DEL08-MG;;;
705357;17/07/2025;quinta-feira;14:25:00;RJ;40;31,9;AREAL;Velocidade Incompat�vel;Tombamento;Com V�timas Feridas;Pleno dia;Crescente;C�u Claro;Dupla;Curva;N�o;4;0;1;0;2;1;1;3;-22,19934378;-43,15832488;SPRF-RJ;DEL05-RJ;UOP02-DEL05-RJ;;;
705358;02/07/2025;quarta-feira;07:00:00;SC;282;624,4;IRACEMINHA;Condutor Dormindo;Sa�da de leito carro��vel;Com V�timas Feridas;Amanhecer;Decrescente;Nevoeiro/Neblina;Simples;Reta;N�o;1;0;1;0;0;0;1;1;-26,7983493;-53,34559813;SPRF-SC;DEL07-SC;UOP02-DEL07-SC;;;
705362;30/05/2025;sexta-feira;09:00:00;BA;324;617;SALVADOR;Trafegar com motocicleta (ou similar) entre as faixas;Colis�o lateral mesmo sentido;Com V�timas Feridas;Pleno dia;Decrescente;Chuva;Dupla;Reta;N�o;4;0;2;0;1;1;2;3;-12,889788;-38,443622;SPRF-BA;DEL01-BA;UOP01-DEL01-BA;;;
705365;10/07/2025;quinta-feira;21:50:00;PI;222;64;PIRIPIRI;Aus�ncia de rea��o do condutor;Colis�o traseira;Com V�timas Feridas;Plena Noite;Crescente;C�u Claro;Simples;Reta;N�o;3;0;2;0;0;1;2;2;-4,24883942;-41,73465729;SPRF-PI;DEL02-PI;UOP01-DEL02-PI;;;
705366;17/07/2025;quinta-feira;13:30:00;PR;376;498;PONTA GROSSA;Velocidade Incompat�vel;Colis�o traseira;Com V�timas Feridas;Pleno dia;Decrescente;C�u Claro;Dupla;Reta;N�o;5;0;2;0;2;2;2;4;-25,152;-50,141;SPRF-PR;DEL03-PR;UOP04-DEL03-PR;;;
705370;17/07/2025;quinta-feira;11:00:00;BA;116;615;NOVA ITARANA;Aus�ncia de rea��o do condutor;Colis�o traseira;Com V�timas Feridas;Pleno dia;Crescente;C�u Claro;Simples;Reta;N�o;3;0;1;0;1;3;1;5;-13,00123671;-39,95496726;SPRF-BA;DEL03-BA;UOP02-DEL03-BA;;;
705375;17/07/2025;quinta-feira;16:30:00;MG;459;71,9;SENADOR JOSE BENTO;Ultrapassagem Indevida;Colis�o lateral sentido oposto;Com V�timas Feridas;Pleno dia;Crescente;C�u Claro;Simples;"Aclive;Curva";N�o;2;0;0;1;1;0;1;2;-22,133511;-46,163682;SPRF-MG;DEL09-MG;UOP01-DEL09-MG;;;
705381;17/07/2025;quinta-feira;11:30:00;RJ;40;121;DUQUE DE CAXIAS;Rea��o tardia ou ineficiente do condutor;Colis�o transversal;Com V�timas Fatais;Pleno dia;Crescente;C�u Claro;M�ltipla;Curva;Sim;2;1;0;0;1;0;0;2;-22,784581;-43,285863;SPRF-RJ;DEL01-RJ;UOP02-DEL01-RJ;;;
705384;17/07/2025;quinta-feira;18:00:00;SC;280;127,9;RIO NEGRINHO;Acessar a via sem observar a presen�a dos outros ve�culos;Colis�o lateral sentido oposto;Com V�timas Feridas;Anoitecer;Crescente;C�u Claro;Simples;"Aclive;Curva";Sim;4;0;1;0;2;1;1;4;-26,243076;-49,5129;SPRF-SC;DEL06-SC;UOP03-DEL06-SC;;;
705386;17/07/2025;quinta-feira;17:45:00;PA;10;214;IPIXUNA DO PARA;Condutor deixou de manter dist�ncia do ve�culo da frente;Colis�o traseira;Sem V�timas;Pleno dia;Decrescente;C�u Claro;Simples;Reta;Sim;2;0;0;0;2;0;0;2;-2,554752;-47,494474;SPRF-PA;DEL02-PA;UOP01-DEL02-PA;;;
705393;17/07/2025;quinta-feira;17:00:00;PR;376;488;PONTA GROSSA;Problema com o freio;Eventos at�picos;Com V�timas Feridas;Pleno dia;Crescente;Sol;Dupla;"Reta;Aclive";Sim;13;0;3;0;9;3;3;12;-25,0866658;-50,193196;SPRF-PR;DEL03-PR;UOP04-DEL03-PR;;;
705394;17/07/2025;quinta-feira;13:45:00;MG;50;190;UBERABA;Condutor deixou de manter dist�ncia do ve�culo da frente;Engavetamento;Com V�timas Feridas;Pleno dia;Crescente;Sol;Dupla;"Desvio Tempor�rio;Em Obras;Aclive";N�o;12;0;2;0;7;3;2;9;-19,856164;-47,869684;SPRF-MG;DEL13-MG;UOP01-DEL13-MG;;;
705395;17/07/2025;quinta-feira;18:30:00;PR;116;47,8;CAMPINA GRANDE DO SUL;Rea��o tardia ou ineficiente do condutor;Colis�o transversal;Com V�timas Feridas;Plena Noite;Crescente;C�u Claro;Dupla;"Curva;Declive;Retorno Regulamentado";Sim;3;0;1;0;1;1;1;3;-25,24815059;-48,90624046;SPRF-PR;DEL01-PR;UOP02-DEL01-PR;;;
705397;17/07/2025;quinta-feira;16:50:00;PR;277;694,5;SAO MIGUEL DO IGUACU;Avarias e/ou desgaste excessivo no pneu;Sa�da de leito carro��vel;Com V�timas Feridas;Pleno dia;Crescente;Nublado;Dupla;"Retorno Regulamentado;Reta";N�o;6;0;5;0;0;1;5;3;-25,37942177;-54,2823422;SPRF-PR;DEL05-PR;UOP01-DEL05-PR;;;
705399;17/07/2025;quinta-feira;16:05:00;GO;364;323;PORTELANDIA;Estacionar ou parar em local proibido;Colis�o traseira;Sem V�timas;Pleno dia;Decrescente;C�u Claro;Simples;"Reta;Declive";N�o;4;0;0;0;1;4;0;5;-17,42447222;-52,62207986;SPRF-GO;DEL05-GO;UOP01-DEL05-GO;;;
705401;17/07/2025;quinta-feira;18:30:00;SP;101;38;UBATUBA;Convers�o proibida;Colis�o traseira;Com V�timas Feridas;Plena Noite;Decrescente;C�u Claro;Simples;Curva;N�o;6;0;3;0;3;0;3;3;-23,407414;-45,018596;SPRF-SP;DEL06-SP;UOP01-DEL06-SP;;;
705403;17/07/2025;quinta-feira;18:35:00;RS;101;77,5;OSORIO;Rea��o tardia ou ineficiente do condutor;Colis�o traseira;Com V�timas Feridas;Plena Noite;Crescente;C�u Claro;Dupla;Reta;Sim;2;0;1;0;1;0;1;2;-29,808392;-50,240068;SPRF-RS;DEL03-RS;UOP01-DEL03-RS;;;
705404;17/07/2025;quinta-feira;16:05:00;MT;163;1073;GUARANTA DO NORTE;Ultrapassagem Indevida;Colis�o lateral mesmo sentido;Com V�timas Feridas;Pleno dia;Decrescente;C�u Claro;Simples;Curva;N�o;4;0;0;1;1;3;1;5;-9,877501;-54,898801;SPRF-MT;DEL06-MT;UOP03-DEL06-MT;;;
705406;17/07/2025;quinta-feira;18:25:00;SC;116;254,9;LAGES;Rea��o tardia ou ineficiente do condutor;Colis�o traseira;Com V�timas Feridas;Plena Noite;Decrescente;Chuva;Simples;Reta;N�o;3;0;1;0;2;0;1;3;-27,87316459;-50,40153477;SPRF-SC;DEL05-SC;UOP02-DEL05-SC;;;
705415;17/07/2025;quinta-feira;20:15:00;PE;101;78,3;JABOATAO DOS GUARARAPES;Manobra de mudan�a de faixa;Colis�o lateral mesmo sentido;Com V�timas Feridas;Plena Noite;Decrescente;Chuva;Dupla;Curva;Sim;3;0;2;0;0;1;2;2;-8,13783;-34,94738;SPRF-PE;DEL01-PE;UOP01-DEL01-PE;;;
705418;17/07/2025;quinta-feira;19:00:00;MG;262;387;FLORESTAL;Transitar no Acostamento;Colis�o com objeto;Com V�timas Feridas;Plena Noite;Crescente;C�u Claro;Dupla;Reta;Sim;4;0;1;0;2;1;1;4;-19,9029744;-44,526147;SPRF-MG;DEL01-MG;UOP03-DEL01-MG;;;
705419;17/07/2025;quinta-feira;19:30:00;RJ;40;94;DUQUE DE CAXIAS;Rea��o tardia ou ineficiente do condutor;Colis�o traseira;Com V�timas Fatais;Plena Noite;Crescente;C�u Claro;Dupla;Curva;N�o;3;1;0;0;2;0;0;2;-22,55631811;-43,26210022;SPRF-RJ;DEL01-RJ;UOP01-DEL01-RJ;;;
705426;17/07/2025;quinta-feira;21:00:00;ES;101;69;SAO MATEUS;Suic�dio (presumido);Colis�o frontal;Com V�timas Fatais;Plena Noite;Crescente;C�u Claro;Simples;"Aclive;Reta";N�o;2;1;0;0;1;0;0;2;-18,734815;-39,860305;SPRF-ES;DEL04-ES;UOP02-DEL04-ES;;;
705428;17/07/2025;quinta-feira;21:30:00;ES;101;406,7;ITAPEMIRIM;Rea��o tardia ou ineficiente do condutor;Sa�da de leito carro��vel;Com V�timas Feridas;Plena Noite;Crescente;C�u Claro;Simples;Reta;N�o;2;0;0;1;0;1;1;2;-20,8910509;-41,03899956;SPRF-ES;DEL03-ES;UOP02-DEL03-ES;;;
705432;17/07/2025;quinta-feira;20:51:00;MT;163;995;TERRA NOVA DO NORTE;Ultrapassagem Indevida;Colis�o lateral sentido oposto;Com V�timas Fatais;Plena Noite;Crescente;C�u Claro;Simples;Reta;N�o;37;1;0;0;35;1;0;4;-10,534233;-55,081773;SPRF-MT;DEL06-MT;UOP03-DEL06-MT;;;
705433;17/07/2025;quinta-feira;21:40:00;MG;381;600,8;CARMOPOLIS DE MINAS;Aus�ncia de rea��o do condutor;Colis�o traseira;Com V�timas Feridas;Plena Noite;Crescente;C�u Claro;Dupla;"Reta;Aclive";N�o;4;0;2;0;2;0;2;2;-20,606072;-44,724776;SPRF-MG;DEL04-MG;UOP01-DEL04-MG;;;
705437;17/07/2025;quinta-feira;21:00:00;PR;277;330;GUARAPUAVA;Carga excessiva e/ou mal acondicionada;Derramamento de carga;Com V�timas Feridas;Plena Noite;Crescente;Nublado;Simples;"Declive;Reta";N�o;3;0;1;0;1;1;1;3;-25,35679577;-51,35992205;SPRF-PR;DEL08-PR;UOP01-DEL08-PR;;;
705439;17/07/2025;quinta-feira;23:00:00;MG;381;390;BOM JESUS DO AMPARO;Aus�ncia de rea��o do condutor;Colis�o com objeto;Com V�timas Fatais;Plena Noite;Crescente;C�u Claro;Dupla;Reta;N�o;5;1;0;0;2;2;0;5;-19,74400463;-43,49847794;SPRF-MG;DEL01-MG;UOP01-DEL01-MG;;;
705446;18/07/2025;sexta-feira;00:40:00;RS;116;415;CAMAQUA;Aus�ncia de rea��o do condutor;Sa�da de leito carro��vel;Com V�timas Feridas;Plena Noite;Decrescente;Chuva;Dupla;Reta;N�o;2;0;0;1;0;1;1;2;-30,94287682;-51,94073105;SPRF-RS;DEL02-RS;UOP02-DEL02-RS;;;
705447;18/07/2025;sexta-feira;00:50:00;BA;116;777;PLANALTO;Ingest�o de �lcool pelo condutor;Colis�o transversal;Com V�timas Feridas;Plena Noite;Decrescente;Nublado;Simples;Rotat�ria;Sim;3;0;1;0;2;0;1;2;-14,66958131;-40,47237432;SPRF-BA;DEL08-BA;UOP02-DEL08-BA;;;
705448;18/07/2025;sexta-feira;01:30:00;PR;277;234;FERNANDES PINHEIRO;Rea��o tardia ou ineficiente do condutor;Colis�o frontal;Sem V�timas;Plena Noite;Crescente;C�u Claro;Simples;Reta;N�o;3;0;0;0;1;2;0;3;-25,46714411;-50,51101685;SPRF-PR;DEL08-PR;UOP02-DEL08-PR;;;
705449;18/07/2025;sexta-feira;02:00:00;GO;50;166,5;CAMPO ALEGRE DE GOIAS;Rea��o tardia ou ineficiente do condutor;Sa�da de leito carro��vel;Com V�timas Feridas;Plena Noite;Decrescente;C�u Claro;Dupla;Reta;N�o;2;0;1;0;1;0;1;1;-17,305932;-47,764413;SPRF-GO;DEL06-GO;UOP01-DEL06-GO;;;
705451;18/07/2025;sexta-feira;05:20:00;MG;262;481,9;BOM DESPACHO;Condutor Dormindo;Colis�o lateral sentido oposto;Com V�timas Fatais;Amanhecer;Decrescente;C�u Claro;Simples;Reta;N�o;3;1;0;0;2;0;0;3;-19,78327;-45,36739;SPRF-MG;DEL08-MG;UOP03-DEL08-MG;;;
705452;18/07/2025;sexta-feira;05:00:00;ES;101;383,7;RIO NOVO DO SUL;Condutor Dormindo;Colis�o frontal;Com V�timas Fatais;Plena Noite;Crescente;C�u Claro;Simples;Curva;N�o;9;1;7;0;0;2;7;6;-20,82923314;-40,85781097;SPRF-ES;DEL03-ES;UOP01-DEL03-ES;;;
705453;18/07/2025;sexta-feira;05:00:00;MG;381;423;SABARA;Velocidade Incompat�vel;Tombamento;Com V�timas Feridas;Amanhecer;Decrescente;C�u Claro;Simples;Curva;N�o;1;0;1;0;0;0;1;1;-19,78936345;-43,69261524;SPRF-MG;DEL01-MG;UOP01-DEL01-MG;;;
705454;18/07/2025;sexta-feira;04:40:00;BA;324;556;AMELIA RODRIGUES;Rea��o tardia ou ineficiente do condutor;Colis�o traseira;Com V�timas Feridas;Amanhecer;Crescente;Garoa/Chuvisco;Dupla;Reta;N�o;16;0;11;0;4;2;11;4;-12,48122;-38,66886;SPRF-BA;DEL01-BA;UOP03-DEL01-BA;;;
705455;15/06/2025;domingo;13:30:00;GO;60;13;SANTO ANTONIO DO DESCOBERTO;Rea��o tardia ou ineficiente do condutor;Colis�o traseira;Com V�timas Fatais;Pleno dia;Decrescente;C�u Claro;Dupla;Aclive;N�o;3;1;0;0;1;1;0;3;-16,11364;-48,340731;SPRF-DF;DEL03-DF;UOP01-DEL03-DF;;;
705456;18/07/2025;sexta-feira;06:15:00;SP;116;124;CACAPAVA;Condutor deixou de manter dist�ncia do ve�culo da frente;Colis�o traseira;Com V�timas Feridas;Amanhecer;Decrescente;C�u Claro;Dupla;Reta;N�o;4;0;2;0;1;1;2;3;-23,093116;-45,677904;SPRF-SP;DEL02-SP;UOP02-DEL02-SP;;;
705465;18/07/2025;sexta-feira;07:30:00;ES;262;151;IBATIBA;Problema com o freio;Tombamento;Com V�timas Feridas;Pleno dia;Crescente;C�u Claro;Simples;"Declive;Curva";N�o;1;0;1;0;0;0;1;1;-20,21494735;-41,44941866;SPRF-ES;DEL01-ES;UOP02-DEL01-ES;;;
705467;18/07/2025;sexta-feira;06:00:00;BA;20;35;CORRENTINA;Manobra de mudan�a de faixa;Colis�o frontal;Com V�timas Fatais;Pleno dia;Decrescente;C�u Claro;Simples;Reta;N�o;2;1;0;0;1;0;0;2;-13,65408;-46,136017;SPRF-BA;DEL10-BA;UOP02-DEL10-BA;;;
705469;17/07/2025;quinta-feira;17:15:00;RJ;40;95;DUQUE DE CAXIAS;Mal s�bito do condutor;Colis�o frontal;Com V�timas Feridas;Anoitecer;Crescente;C�u Claro;Simples;Curva;Sim;2;0;1;1;0;0;2;1;-22,56743271;-43,27641383;SPRF-RJ;DEL01-RJ;UOP01-DEL01-RJ;;;
705470;18/07/2025;sexta-feira;07:50:00;PB;230;27,7;JOAO PESSOA;Trafegar com motocicleta (ou similar) entre as faixas;Colis�o lateral mesmo sentido;Com V�timas Fatais;Pleno dia;Decrescente;Sol;Dupla;Reta;Sim;3;1;1;0;1;0;1;2;-7,164957;-34,892978;SPRF-PB;DEL01-PB;UOP01-DEL01-PB;;;
705474;14/07/2025;segunda-feira;20:13:00;RJ;116;130;MAGE;Acessar a via sem observar a presen�a dos outros ve�culos;Colis�o transversal;Com V�timas Feridas;Plena Noite;Crescente;C�u Claro;Dupla;Reta;Sim;2;0;1;0;1;0;1;2;-22,66423459;-43,11344147;SPRF-RJ;DEL04-RJ;UOP02-DEL04-RJ;;;
705479;18/07/2025;sexta-feira;08:40:00;ES;262;76,4;DOMINGOS MARTINS;Rea��o tardia ou ineficiente do condutor;Sa�da de leito carro��vel;Com V�timas Fatais;Pleno dia;Crescente;C�u Claro;Simples;Curva;N�o;3;1;0;1;0;1;1;2;-20,410259;-40,917099;SPRF-ES;DEL01-ES;UOP02-DEL01-ES;;;
705483;18/07/2025;sexta-feira;08:50:00;MG;381;841;SAO SEBASTIAO DA BELA VISTA;Condutor Dormindo;Sa�da de leito carro��vel;Com V�timas Feridas;Pleno dia;Crescente;C�u Claro;Dupla;"Declive;Reta";N�o;1;0;1;0;0;0;1;1;-22,16897584;-45,83602602;SPRF-MG;DEL16-MG;UOP01-DEL16-MG;;;
705486;18/07/2025;sexta-feira;03:00:00;MG;365;139;VARZEA DA PALMA;Rea��o tardia ou ineficiente do condutor;Tombamento;Com V�timas Feridas;Pleno dia;Crescente;C�u Claro;Simples;Reta;N�o;2;0;1;0;0;1;1;2;-17,18671501;-44,80911255;SPRF-MG;DEL12-MG;UOP01-DEL12-MG;;;
705491;18/07/2025;sexta-feira;08:20:00;TO;242;446;FORMOSO DO ARAGUAIA;Estacionar ou parar em local proibido;Colis�o lateral mesmo sentido;Com V�timas Feridas;Pleno dia;Crescente;C�u Claro;Simples;"Declive;Reta";N�o;3;0;1;0;2;0;1;2;-11,81904884;-49,46662903;SPRF-TO;DEL01-TO;UOP02-DEL01-TO;;;
705493;18/07/2025;sexta-feira;07:50:00;RJ;40;31;PETROPOLIS;Velocidade Incompat�vel;Tombamento;Com V�timas Feridas;Pleno dia;Decrescente;Nublado;Dupla;Curva;N�o;3;0;1;0;1;1;1;2;-22,28224;-43,1259648;SPRF-RJ;DEL05-RJ;UOP02-DEL05-RJ;;;
705494;18/07/2025;sexta-feira;09:20:00;RS;386;53,2;SEBERI;Demais falhas mec�nicas ou el�tricas;Colis�o com objeto;Com V�timas Feridas;Pleno dia;Decrescente;Nublado;Simples;Reta;N�o;5;0;1;0;3;1;1;3;-27,509653;-53,379528;SPRF-RS;DEL08-RS;UOP02-DEL08-RS;;;
705495;18/07/2025;sexta-feira;08:58:00;BA;116;11;VITORIA DA CONQUISTA;Desrespeitar a prefer�ncia no cruzamento;Colis�o transversal;Com V�timas Feridas;Pleno dia;Decrescente;C�u Claro;Simples;"Reta;Rotat�ria";Sim;3;0;0;1;1;1;1;3;-14,87275713;-40,87136719;SPRF-BA;DEL08-BA;UOP01-DEL08-BA;;;
705496;18/07/2025;sexta-feira;08:00:00;SP;116;450;REGISTRO;Condutor Dormindo;Sa�da de leito carro��vel;Com V�timas Feridas;Pleno dia;Decrescente;C�u Claro;Dupla;Reta;Sim;4;0;1;0;2;2;1;4;-24,54243869;-47,86039352;SPRF-SP;DEL05-SP;UOP01-DEL05-SP;;;
705497;18/07/2025;sexta-feira;07:15:00;SP;116;113;TAUBATE;Rea��o tardia ou ineficiente do condutor;Colis�o traseira;Com V�timas Feridas;Pleno dia;Crescente;Sol;Dupla;Reta;N�o;2;0;1;0;0;1;1;2;-23,04557147;-45,58705542;SPRF-SP;DEL02-SP;UOP02-DEL02-SP;;;
705500;18/07/2025;sexta-feira;09:00:00;MG;381;780,7;SAO GONCALO DO SAPUCAI;Condutor deixou de manter dist�ncia do ve�culo da frente;Colis�o lateral mesmo sentido;Com V�timas Feridas;Pleno dia;Crescente;C�u Claro;Dupla;"Reta;Aclive";N�o;3;0;0;1;1;1;1;3;-21,8387963;-45,51522875;SPRF-MG;DEL16-MG;UOP02-DEL16-MG;;;
705510;18/07/2025;sexta-feira;10:20:00;SC;101;389,9;CRICIUMA;Rea��o tardia ou ineficiente do condutor;Colis�o traseira;Com V�timas Feridas;Pleno dia;Crescente;Nublado;M�ltipla;Reta;Sim;6;0;1;1;3;1;2;5;-28,80469;-49,370977;SPRF-SC;DEL02-SC;UOP02-DEL02-SC;;;
705513;16/07/2025;quarta-feira;18:00:00;MG;365;119,2;VARZEA DA PALMA;Demais falhas mec�nicas ou el�tricas;Inc�ndio;Sem V�timas;Anoitecer;Crescente;C�u Claro;Simples;"Reta;Declive";N�o;3;0;0;0;2;1;0;2;-17,13769254;-44,72146197;SPRF-MG;DEL12-MG;UOP01-DEL12-MG;;;
705519;18/07/2025;sexta-feira;08:25:00;PR;277;548;CATANDUVAS;Velocidade Incompat�vel;Sa�da de leito carro��vel;Com V�timas Feridas;Pleno dia;Crescente;Sol;Simples;Reta;N�o;1;0;1;0;0;0;1;1;-25,10526421;-53,10679436;SPRF-PR;DEL04-PR;UOP04-DEL04-PR;;;
705522;18/07/2025;sexta-feira;10:44:00;AM;174;991;PRESIDENTE FIGUEIREDO;Rea��o tardia ou ineficiente do condutor;Colis�o traseira;Com V�timas Feridas;Pleno dia;Crescente;C�u Claro;M�ltipla;Reta;N�o;5;0;2;1;1;1;3;3;-2,042322;-60,025667;SPRF-AM;DEL01-AM;UOP02-DEL01-AM;;;
705527;18/07/2025;sexta-feira;12:40:00;MG;40;519,9;RIBEIRAO DAS NEVES;Trafegar com motocicleta (ou similar) entre as faixas;Colis�o traseira;Com V�timas Feridas;Pleno dia;Crescente;C�u Claro;Dupla;Reta;Sim;2;0;0;1;1;0;1;2;-19,8402277;-44,0768954;SPRF-MG;DEL01-MG;UOP02-DEL01-MG;;;
705536;18/07/2025;sexta-feira;14:20:00;PR;373;174;PONTA GROSSA;Ultrapassagem Indevida;Colis�o lateral mesmo sentido;Sem V�timas;Pleno dia;Crescente;Sol;Dupla;"Retorno Regulamentado;Reta";Sim;3;0;0;0;2;1;0;3;-25,07550155;-50,21020085;SPRF-PR;DEL03-PR;UOP01-DEL03-PR;;;
705538;18/07/2025;sexta-feira;13:55:00;PB;230;99;GURINHEM;Rea��o tardia ou ineficiente do condutor;Colis�o lateral mesmo sentido;Com V�timas Feridas;Pleno dia;Decrescente;C�u Claro;Dupla;"Reta;Aclive";N�o;3;0;1;0;2;0;1;2;-7,194563;-35,483117;SPRF-PB;DEL01-PB;UOP02-DEL01-PB;;;
705540;18/07/2025;sexta-feira;13:15:00;MG;50;78;UBERLANDIA;Condutor deixou de manter dist�ncia do ve�culo da frente;Colis�o lateral mesmo sentido;Com V�timas Feridas;Pleno dia;Decrescente;C�u Claro;Dupla;Reta;Sim;4;0;2;0;1;1;2;3;-18,949508;-48,218767;SPRF-MG;DEL15-MG;UOP01-DEL15-MG;;;
705541;18/07/2025;sexta-feira;14:40:00;PR;277;643;CEU AZUL;Condutor deixou de manter dist�ncia do ve�culo da frente;Colis�o traseira;Sem V�timas;Pleno dia;Decrescente;C�u Claro;Simples;Reta;N�o;3;0;0;0;3;0;0;2;-25,1790527;-53,87591;SPRF-PR;DEL05-PR;UOP02-DEL05-PR;;;
705547;18/07/2025;sexta-feira;14:21:00;MS;163;501;JARAGUARI;Demais falhas mec�nicas ou el�tricas;Inc�ndio;Sem V�timas;Pleno dia;Crescente;C�u Claro;Simples;"Reta;Aclive";N�o;1;0;0;0;1;0;0;1;-20,309022;-54,509137;SPRF-MS;DEL01-MS;UOP02-DEL01-MS;;;
705548;18/07/2025;sexta-feira;12:50:00;MT;70;350;DOM AQUINO;Rea��o tardia ou ineficiente do condutor;Colis�o lateral mesmo sentido;Com V�timas Feridas;Pleno dia;Decrescente;Sol;Simples;Reta;N�o;7;0;2;0;4;3;2;5;-15,495305;-54,892055;SPRF-MT;DEL05-MT;UOP02-DEL05-MT;;;
705561;18/07/2025;sexta-feira;14:30:00;MG;116;566;MANHUACU;Aus�ncia de rea��o do condutor;Colis�o transversal;Com V�timas Feridas;Pleno dia;Crescente;C�u Claro;Simples;"Declive;Curva";N�o;2;0;0;1;1;0;1;2;-20,08286636;-42,18423128;SPRF-MG;DEL06-MG;UOP03-DEL06-MG;;;
705565;24/06/2025;ter�a-feira;09:00:00;PR;369;435,9;UBIRATA;Ultrapassagem Indevida;Colis�o frontal;Com V�timas Feridas;Pleno dia;Decrescente;C�u Claro;Simples;"Reta;Declive";N�o;7;0;3;1;2;2;4;8;-24,55118293;-53,02276611;SPRF-PR;DEL04-PR;UOP03-DEL04-PR;;;
705571;18/07/2025;sexta-feira;16:05:00;SC;470;134;RIO DO SUL;Ultrapassagem Indevida;Colis�o lateral mesmo sentido;Com V�timas Feridas;Pleno dia;Decrescente;C�u Claro;Simples;Interse��o de Vias;N�o;3;0;1;0;2;0;1;2;-27,1722507;-49,5810834;SPRF-SC;DEL04-SC;UOP02-DEL04-SC;;;
705572;18/07/2025;sexta-feira;14:00:00;BA;242;302;IBIQUERA;Rea��o tardia ou ineficiente do condutor;Colis�o traseira;Com V�timas Feridas;Pleno dia;Decrescente;C�u Claro;Simples;"Reta;Em Obras";N�o;2;0;1;0;1;0;1;2;-12,46277229;-40,89960694;SPRF-BA;DEL06-BA;UOP02-DEL06-BA;;;
705577;18/07/2025;sexta-feira;13:20:00;RJ;116;226;PIRAI;Manobra de mudan�a de faixa;Colis�o lateral mesmo sentido;Com V�timas Feridas;Pleno dia;Crescente;C�u Claro;Simples;Em Obras;N�o;6;0;1;0;4;1;1;3;-22,66987767;-43,81763935;SPRF-RJ;DEL07-RJ;UOP01-DEL07-RJ;;;
705586;18/07/2025;sexta-feira;11:38:00;SC;282;420;VARGEM BONITA;Transitar na contram�o;Colis�o frontal;Com V�timas Fatais;Pleno dia;Decrescente;Sol;Simples;Curva;N�o;5;3;2;0;0;0;2;2;-27,016223;-51,735482;SPRF-SC;DEL07-SC;UOP05-DEL07-SC;;;
705590;29/05/2025;quinta-feira;06:00:00;PI;343;628;FLORIANO;Aus�ncia de rea��o do condutor;Sa�da de leito carro��vel;Com V�timas Fatais;Pleno dia;Crescente;C�u Claro;Simples;Reta;N�o;1;1;0;0;0;0;0;1;-6,980556;-43,272556;SPRF-PI;DEL03-PI;UOP01-DEL03-PI;;;