id;data_inversa;dia_semana;horario;uf;br;km;municipio;causa_acidente;tipo_acidente;classificacao_acidente;fase_dia;sentido_via;condicao_metereologica;tipo_pista;tracado_via;uso_solo;pessoas;mortos;feridos_leves;feridos_graves;ilesos;ignorados;feridos;veiculos;latitude;longitude;regional;delegacia;uop;;;
705959;20/07/2025;domingo;04:50:00;MG;50;88,3;UBERLANDIA;Condutor Dormindo;Sa�da de leito carro��vel;Com V�timas Feridas;Plena Noite;Decrescente;C�u Claro;Dupla;Reta;N�o;4;0;3;0;1;0;3;1;-19,01960337;-48,20584059;SPRF-MG;DEL15-MG;UOP01-DEL15-MG;;;
705963;20/07/2025;domingo;04:15:00;GO;20;36;FORMOSA;Ultrapassagem Indevida;Colis�o lateral sentido oposto;Sem V�timas;Plena Noite;Crescente;C�u Claro;Simples;"Declive;Curva";N�o;4;0;0;0;3;1;0;4;-15,4492451;-47,0973694;SPRF-DF;DEL02-DF;UOP02-DEL02-DF;;;
705968;20/07/2025;domingo;01:35:00;PR;163;296;MARECHAL CANDIDO RONDON;Demais falhas mec�nicas ou el�tricas;Inc�ndio;Sem V�timas;Plena Noite;Decrescente;C�u Claro;Simples;Reta;N�o;2;0;0;0;1;1;0;2;-24,5236839;-54,06022159;SPRF-PR;DEL06-PR;UOP02-DEL06-PR;;;
705979;20/07/2025;domingo;07:00:00;MG;381;665,9;SANTO ANTONIO DO AMPARO;Rea��o tardia ou ineficiente do condutor;Sa�da de leito carro��vel;Com V�timas Feridas;Amanhecer;Decrescente;C�u Claro;Dupla;Curva;N�o;1;0;1;0;0;0;1;1;-20,9739586;-44,93466568;SPRF-MG;DEL04-MG;UOP02-DEL04-MG;;;
705980;20/07/2025;domingo;05:40:00;RS;386;32,3;FREDERICO WESTPHALEN;Transitar na contram�o;Colis�o frontal;Com V�timas Feridas;Amanhecer;Decrescente;C�u Claro;Simples;Reta;N�o;2;0;1;0;1;0;1;2;-27,34062908;-53,38644218;SPRF-RS;DEL08-RS;UOP02-DEL08-RS;;;
705981;19/07/2025;s�bado;20:20:00;CE;222;205;SOBRAL;Velocidade Incompat�vel;Tombamento;Com V�timas Feridas;Plena Noite;Decrescente;C�u Claro;Simples;Curva;N�o;3;0;1;1;0;1;2;2;-3,7189593;-40,3323186;SPRF-CE;DEL04-CE;UOP01-DEL04-CE;;;
705987;20/07/2025;domingo;05:05:00;MT;163;889;CLAUDIA;Demais falhas mec�nicas ou el�tricas;Inc�ndio;Sem V�timas;Amanhecer;Crescente;C�u Claro;Simples;Aclive;N�o;2;0;0;0;1;3;0;4;-11,39994;-55,346692;SPRF-MT;DEL06-MT;UOP02-DEL06-MT;;;
705988;16/07/2025;quarta-feira;14:05:00;SC;280;41;ARAQUARI;Aus�ncia de rea��o do condutor;Colis�o lateral mesmo sentido;Com V�timas Feridas;Pleno dia;Crescente;C�u Claro;Dupla;Reta;N�o;3;0;2;0;1;0;2;2;-26,450506;-48,870018;SPRF-SC;DEL03-SC;UOP03-DEL03-SC;;;
705989;20/07/2025;domingo;04:30:00;CE;20;11;PARAMBU;Aus�ncia de sinaliza��o;Colis�o lateral sentido oposto;Sem V�timas;Plena Noite;Decrescente;C�u Claro;Simples;"Curva;Em Obras";N�o;3;0;0;0;2;2;0;4;-6,448489;-40,727544;SPRF-CE;DEL02-CE;UOP02-DEL02-CE;;;
705991;20/07/2025;domingo;08:50:00;SP;116;60,3;GUARATINGUETA;Manobra de mudan�a de faixa;Colis�o lateral mesmo sentido;Com V�timas Feridas;Pleno dia;Decrescente;C�u Claro;Dupla;Reta;N�o;3;0;1;0;1;1;1;2;-22,78420738;-45,15157498;SPRF-SP;DEL08-SP;UOP01-DEL08-SP;;;
705992;20/07/2025;domingo;07:02:00;MT;163;747;SORRISO;Manobra de mudan�a de faixa;Colis�o lateral mesmo sentido;Com V�timas Feridas;Amanhecer;Crescente;C�u Claro;Dupla;Reta;Sim;2;0;0;1;0;1;1;2;-12,59110715;-55,74136199;SPRF-MT;DEL06-MT;UOP01-DEL06-MT;;;
705996;20/07/2025;domingo;08:20:00;PA;155;308;MARABA;Rea��o tardia ou ineficiente do condutor;Sa�da de leito carro��vel;Sem V�timas;Pleno dia;Crescente;C�u Claro;Simples;Reta;N�o;2;0;0;0;0;3;0;3;-5,66257252;-49,11193371;SPRF-PA;DEL03-PA;UOP01-DEL03-PA;;;
706001;20/07/2025;domingo;09:55:00;GO;153;606,1;MORRINHOS;Manobra de mudan�a de faixa;Tombamento;Com V�timas Feridas;Pleno dia;Crescente;Sol;Dupla;"Reta;Aclive";N�o;3;0;1;1;0;1;2;2;-17,597188;-49,190393;SPRF-GO;DEL03-GO;UOP01-DEL03-GO;;;
706006;20/07/2025;domingo;09:45:00;PI;316;220,8;VALENCA DO PIAUI;Condutor Dormindo;Colis�o frontal;Com V�timas Feridas;Pleno dia;Crescente;C�u Claro;Simples;Reta;N�o;5;0;2;0;2;1;2;3;-6,48155;-41,74774;SPRF-PI;DEL04-PI;UOP02-DEL04-PI;;;
706016;30/06/2025;segunda-feira;15:45:00;MS;262;265;RIBAS DO RIO PARDO;Ultrapassagem Indevida;Colis�o lateral sentido oposto;Com V�timas Feridas;Pleno dia;Decrescente;C�u Claro;Simples;Curva;N�o;3;0;0;1;1;1;1;3;-20,429434;-53,976762;SPRF-MS;DEL01-MS;UOP05-DEL01-MS;;;
706018;20/07/2025;domingo;12:30:00;SC;470;165;TROMBUDO CENTRAL;Suic�dio (presumido);Colis�o traseira;Com V�timas Feridas;Pleno dia;Decrescente;Nublado;Simples;"Declive;Curva";N�o;3;0;0;1;1;1;1;3;-27,27891429;-49,83393995;SPRF-SC;DEL04-SC;UOP02-DEL04-SC;;;
706019;20/07/2025;domingo;13:30:00;DF;60;18;BRASILIA;Manobra de mudan�a de faixa;Tombamento;Com V�timas Feridas;Pleno dia;Decrescente;C�u Claro;Dupla;"Declive;Retorno Regulamentado";N�o;3;0;1;0;1;1;1;2;-15,96942636;-48,184973;SPRF-DF;DEL03-DF;UOP01-DEL03-DF;;;
706025;20/07/2025;domingo;09:00:00;ES;101;0;GUARAPARI;Condutor Dormindo;Tombamento;Sem V�timas;Pleno dia;Crescente;Sol;Dupla;"Curva;Aclive";N�o;3;0;0;0;1;2;0;2;-20,6585386;-40,6135151;SPRF-ES;DEL03-ES;UOP02-DEL03-ES;;;
706028;20/07/2025;domingo;12:30:00;MG;381;671,5;PERDOES;Avarias e/ou desgaste excessivo no pneu;Colis�o lateral mesmo sentido;Com V�timas Feridas;Pleno dia;Crescente;Sol;Dupla;"Curva;Declive";N�o;4;0;1;0;2;1;1;3;-21,06483806;-45,0525713;SPRF-MG;DEL04-MG;UOP02-DEL04-MG;;;
706032;20/07/2025;domingo;14:40:00;SC;101;218,3;PALHOCA;Estacionar ou parar em local proibido;Colis�o lateral mesmo sentido;Com V�timas Feridas;Pleno dia;Decrescente;C�u Claro;Simples;Reta;N�o;2;0;0;1;1;0;1;2;-27,67236333;-48,67183384;SPRF-SC;DEL01-SC;UOP02-DEL01-SC;;;
706046;20/07/2025;domingo;15:20:00;MT;158;427;RIBEIRAO CASCALHEIRA;Rea��o tardia ou ineficiente do condutor;Colis�o frontal;Com V�timas Fatais;Pleno dia;Crescente;Sol;Simples;Curva;N�o;4;1;0;0;2;2;0;4;-12,965057;-51,870623;SPRF-MT;DEL07-MT;UOP02-DEL07-MT;;;
706051;20/07/2025;domingo;13:30:00;BA;116;725,5;BOA NOVA;Acesso irregular;Colis�o transversal;Com V�timas Fatais;Pleno dia;Decrescente;C�u Claro;Simples;Reta;N�o;2;1;0;0;1;0;0;2;-14,27637498;-40,30132771;SPRF-BA;DEL08-BA;UOP02-DEL08-BA;;;
706053;20/07/2025;domingo;17:30:00;PR;116;152;MANDIRITUBA;Acessar a via sem observar a presen�a dos outros ve�culos;Colis�o transversal;Com V�timas Feridas;Pleno dia;Crescente;Sol;Dupla;Rotat�ria;Sim;3;0;0;1;2;0;1;2;-25,83236296;-49,33609707;SPRF-PR;DEL01-PR;UOP03-DEL01-PR;;;
706058;20/07/2025;domingo;16:40:00;PR;476;5,8;ADRIANOPOLIS;Aus�ncia de rea��o do condutor;Tombamento;Com V�timas Fatais;Pleno dia;Crescente;C�u Claro;Simples;Curva;N�o;3;1;0;0;1;1;0;3;-24,689624;-48,997478;SPRF-PR;DEL01-PR;UOP01-DEL01-PR;;;
706060;20/07/2025;domingo;16:55:00;MG;40;446;PARAOPEBA;Condutor Dormindo;Colis�o traseira;Com V�timas Feridas;Pleno dia;Decrescente;C�u Claro;Dupla;Reta;N�o;3;0;1;0;1;4;1;6;-19,28860122;-44,39191237;SPRF-MG;DEL02-MG;UOP01-DEL02-MG;;;
706063;20/07/2025;domingo;17:55:00;PB;230;514,9;BOM JESUS;Ingest�o de �lcool pelo condutor;Colis�o lateral mesmo sentido;Sem V�timas;Anoitecer;Crescente;C�u Claro;Simples;Aclive;Sim;3;0;0;0;1;2;0;3;-6,870014;-38,648895;SPRF-PB;DEL03-PB;UOP03-DEL03-PB;;;
706069;20/07/2025;domingo;17:40:00;SP;262;319;CASTILHO;Aus�ncia de rea��o do condutor;Colis�o com objeto;Com V�timas Fatais;Anoitecer;Crescente;C�u Claro;Simples;Reta;N�o;3;1;0;0;1;1;0;3;-20,780969;-51,595181;SPRF-MS;DEL07-MS;UOP01-DEL07-MS;;;
706071;20/07/2025;domingo;16:40:00;MG;381;290;ANTONIO DIAS;Transitar na contram�o;Colis�o lateral sentido oposto;Com V�timas Feridas;Pleno dia;Decrescente;C�u Claro;Simples;Declive;N�o;3;0;1;0;1;1;1;3;-19,6283528;-42,8335118;SPRF-MG;DEL03-MG;UOP02-DEL03-MG;;;
706092;20/07/2025;domingo;18:25:00;RN;304;68,1;MOSSORO;Ingest�o de �lcool pelo condutor;Sa�da de leito carro��vel;Com V�timas Feridas;Plena Noite;Crescente;Nublado;Simples;Interse��o de Vias;N�o;2;0;1;0;0;1;1;2;-5,386318;-37,234477;SPRF-RN;DEL04-RN;UOP01-DEL04-RN;;;
706099;20/07/2025;domingo;19:20:00;MS;262;234;RIBAS DO RIO PARDO;Acesso irregular;Colis�o com objeto;Sem V�timas;Plena Noite;Decrescente;C�u Claro;Simples;Reta;N�o;1;0;0;0;1;0;0;1;-20,46281;-53,70251;SPRF-MS;DEL01-MS;UOP05-DEL01-MS;;;
706101;20/07/2025;domingo;19:51:00;SC;470;61,3;BLUMENAU;Ingest�o de �lcool pelo condutor;Colis�o frontal;Com V�timas Feridas;Plena Noite;Decrescente;C�u Claro;Simples;Reta;N�o;3;0;0;1;1;1;1;3;-26,87704;-49,17756;SPRF-SC;DEL04-SC;UOP01-DEL04-SC;;;
706114;20/07/2025;domingo;20:15:00;SC;101;319;PESCARIA BRAVA;Aus�ncia de rea��o do condutor;Colis�o lateral mesmo sentido;Com V�timas Feridas;Plena Noite;Crescente;C�u Claro;M�ltipla;Reta;Sim;3;0;0;1;1;1;1;3;-28,426262;-48,887925;SPRF-SC;DEL02-SC;UOP01-DEL02-SC;;;
706121;20/07/2025;domingo;17:45:00;RJ;393;238;VASSOURAS;Acessar a via sem observar a presen�a dos outros ve�culos;Colis�o transversal;Com V�timas Feridas;Anoitecer;Decrescente;C�u Claro;Simples;Interse��o de Vias;N�o;5;0;4;0;1;0;4;2;-22,42942522;-43,69714446;SPRF-RJ;DEL05-RJ;UOP03-DEL05-RJ;;;
706122;20/07/2025;domingo;22:00:00;PA;316;59;CASTANHAL;Manobra de mudan�a de faixa;Colis�o lateral mesmo sentido;Com V�timas Feridas;Plena Noite;Decrescente;C�u Claro;Dupla;Reta;N�o;8;0;4;2;1;1;6;3;-1,298177;-47,959423;SPRF-PA;DEL01-PA;UOP01-DEL01-PA;;;
706125;20/07/2025;domingo;22:30:00;MG;381;380,5;CONTAGEM;Trafegar com motocicleta (ou similar) entre as faixas;Colis�o traseira;Com V�timas Feridas;Plena Noite;Decrescente;C�u Claro;Dupla;Reta;Sim;3;0;0;1;1;1;1;3;-19,95952059;-44,05399668;SPRF-MG;DEL01-MG;UOP01-DEL01-MG;;;
706126;20/07/2025;domingo;13:20:00;MT;174;122;MIRASSOL DOESTE;Rea��o tardia ou ineficiente do condutor;Tombamento;Com V�timas Feridas;Pleno dia;Decrescente;C�u Claro;Simples;"Reta;Declive";N�o;2;0;1;0;0;1;1;2;-15,829374;-58,064461;SPRF-MT;DEL03-MT;UOP01-DEL03-MT;;;
706129;20/07/2025;domingo;21:30:00;SC;470;319,3;CAMPOS NOVOS;Acessar a via sem observar a presen�a dos outros ve�culos;Colis�o transversal;Sem V�timas;Plena Noite;Crescente;C�u Claro;Simples;"Reta;Rotat�ria";N�o;3;0;0;0;2;1;0;3;-27,411657;-51,230727;SPRF-SC;DEL07-SC;UOP06-DEL07-SC;;;
706133;20/07/2025;domingo;18:24:00;RO;319;49;PORTO VELHO;Demais falhas mec�nicas ou el�tricas;Inc�ndio;Sem V�timas;Plena Noite;Decrescente;C�u Claro;Simples;Reta;N�o;2;0;0;0;1;1;0;2;-8,6839754;-63,9943975;SPRF-RO;DEL01-RO;UOP01-DEL01-RO;;;
706135;20/07/2025;domingo;22:00:00;RS;470;195;BENTO GONCALVES;Velocidade Incompat�vel;Engavetamento;Sem V�timas;Plena Noite;Decrescente;C�u Claro;Simples;"Reta;Declive;Em Obras";N�o;9;0;0;0;8;1;0;3;-29,05079053;-51,58324448;SPRF-RS;DEL06-RS;UOP02-DEL06-RS;;;
706136;20/07/2025;domingo;23:05:00;PR;376;371;ORTIGUEIRA;Rea��o tardia ou ineficiente do condutor;Colis�o frontal;Com V�timas Fatais;Plena Noite;Decrescente;Nevoeiro/Neblina;Simples;Declive;N�o;3;1;0;0;1;1;0;3;-24,342064;-50,828435;SPRF-PR;DEL07-PR;UOP02-DEL07-PR;;;
706140;20/07/2025;domingo;21:30:00;BA;101;242;CONCEICAO DO ALMEIDA;Rea��o tardia ou ineficiente do condutor;Colis�o traseira;Sem V�timas;Plena Noite;Crescente;Nublado;Simples;"Reta;Aclive";N�o;2;0;0;0;0;2;0;2;-12,816919;-39,20165;SPRF-BA;DEL01-BA;UOP02-DEL01-BA;;;
706144;20/07/2025;domingo;20:00:00;RS;386;5;IRAI;Condutor Dormindo;Colis�o frontal;Com V�timas Feridas;Plena Noite;Decrescente;Nublado;Simples;Reta;N�o;2;0;0;1;1;0;1;2;-27,19359267;-53,2745875;SPRF-RS;DEL08-RS;UOP02-DEL08-RS;;;
706145;20/07/2025;domingo;21:30:00;RJ;40;83;DUQUE DE CAXIAS;Ingest�o de �lcool pelo condutor;Colis�o traseira;Com V�timas Feridas;Plena Noite;Crescente;C�u Claro;Dupla;Reta;N�o;2;0;0;1;1;0;1;2;-22,5202999;-43,23073179;SPRF-RJ;DEL01-RJ;UOP01-DEL01-RJ;;;
706148;20/07/2025;domingo;22:30:00;AL;104;12;SAO JOSE DA LAJE;Demais falhas mec�nicas ou el�tricas;Sa�da de leito carro��vel;Com V�timas Feridas;Plena Noite;Decrescente;Chuva;Simples;"Declive;Reta";N�o;4;0;0;1;2;1;1;2;-8,99070219;-36,02789819;SPRF-AL;DEL01-AL;UOP02-DEL01-AL;;;
706153;21/07/2025;segunda-feira;01:10:00;PI;343;439;AGUA BRANCA;Ingest�o de �lcool pelo condutor;Colis�o frontal;Com V�timas Fatais;Plena Noite;Decrescente;C�u Claro;Simples;Reta;N�o;2;1;0;0;1;0;0;2;-5,88045236;-42,63650896;SPRF-PI;DEL01-PI;UOP02-DEL01-PI;;;
706154;20/07/2025;domingo;19:07:00;MG;251;324,6;SALINAS;Aus�ncia de rea��o do condutor;Colis�o lateral sentido oposto;Com V�timas Fatais;Plena Noite;Crescente;C�u Claro;Simples;Reta;N�o;6;2;0;0;3;4;0;7;-16,209217;-42,356911;SPRF-MG;DEL12-MG;UOP02-DEL12-MG;;;
706160;21/07/2025;segunda-feira;02:05:00;PR;116;28;CAMPINA GRANDE DO SUL;Velocidade Incompat�vel;Tombamento;Com V�timas Feridas;Plena Noite;Decrescente;C�u Claro;Simples;Curva;N�o;2;0;1;0;0;1;1;2;-25,11188;-48,802757;SPRF-PR;DEL01-PR;UOP02-DEL01-PR;;;
706163;21/07/2025;segunda-feira;02:22:00;BA;101;203;GOVERNADOR MANGABEIRA;Rea��o tardia ou ineficiente do condutor;Colis�o traseira;Com V�timas Fatais;Plena Noite;Crescente;Garoa/Chuvisco;M�ltipla;"Aclive;Curva";N�o;2;1;0;0;1;0;0;2;-12,59550697;-38,99127245;SPRF-BA;DEL01-BA;UOP02-DEL01-BA;;;
706167;21/07/2025;segunda-feira;02:00:00;MG;365;208,9;BURITIZEIRO;Condutor Dormindo;Sa�da de leito carro��vel;Com V�timas Feridas;Plena Noite;Crescente;C�u Claro;Simples;Reta;N�o;3;0;2;0;0;1;2;2;-17,53284;-45,28421;SPRF-MG;DEL10-MG;UOP02-DEL010-MG;;;
706170;21/07/2025;segunda-feira;05:00:00;SP;381;58,3;MAIRIPORA;Rea��o tardia ou ineficiente do condutor;Colis�o traseira;Com V�timas Feridas;Plena Noite;Crescente;Nevoeiro/Neblina;Dupla;"Reta;Aclive";N�o;5;0;3;0;2;0;3;2;-23,2780476;-46,58608172;SPRF-SP;DEL03-SP;UOP01-DEL03-SP;;;
706173;21/07/2025;segunda-feira;06:10:00;PB;230;41,3;SANTA RITA;Rea��o tardia ou ineficiente do condutor;Capotamento;Com V�timas Feridas;Amanhecer;Decrescente;C�u Claro;Dupla;Curva;N�o;2;0;0;1;0;1;1;2;-7,14200589;-34,99405384;SPRF-PB;DEL01-PB;UOP02-DEL01-PB;;;
706176;20/07/2025;domingo;23:40:00;MG;116;226,7;TEOFILO OTONI;Demais falhas mec�nicas ou el�tricas;Inc�ndio;Sem V�timas;Plena Noite;Crescente;C�u Claro;Simples;Reta;N�o;2;0;0;0;1;1;0;2;-17,70553;-41,48578;SPRF-MG;DEL11-MG;UOP01-DEL11-MG;;;
706179;20/07/2025;domingo;14:00:00;PA;163;498;TRAIRAO;Ingest�o de �lcool pelo condutor;Tombamento;Sem V�timas;Pleno dia;Crescente;C�u Claro;Simples;Curva;N�o;2;0;0;0;0;3;0;3;-5,38299672;-55,8853453;SPRF-PA;DEL05-PA;UOP03-DEL05-PA;;;
706181;21/07/2025;segunda-feira;05:20:00;SP;381;18;BRAGANCA PAULISTA;Aus�ncia de rea��o do condutor;Tombamento;Com V�timas Feridas;Plena Noite;Crescente;Nevoeiro/Neblina;Dupla;"Reta;Aclive";N�o;2;0;1;0;0;1;1;2;-22,96903704;-46,48582427;SPRF-SP;DEL03-SP;UOP02-DEL03-SP;;;
706185;21/07/2025;segunda-feira;07:10:00;ES;101;202,1;JOAO NEIVA;Velocidade Incompat�vel;Sa�da de leito carro��vel;Com V�timas Feridas;Pleno dia;Decrescente;C�u Claro;Simples;Curva;N�o;3;0;0;1;1;3;1;5;-19,74270827;-40,36509647;SPRF-ES;DEL04-ES;UOP01-DEL04-ES;;;
706199;21/07/2025;segunda-feira;06:20:00;MG;40;636,3;CONSELHEIRO LAFAIETE;Acessar a via sem observar a presen�a dos outros ve�culos;Colis�o traseira;Com V�timas Feridas;Amanhecer;Crescente;Nublado;Simples;Reta;N�o;3;0;1;1;1;0;2;3;-20,7132977;-43,7953566;SPRF-MG;DEL05-MG;UOP02-DEL05-MG;;;
706203;20/07/2025;domingo;23:35:00;GO;60;403,5;RIO VERDE;Demais falhas mec�nicas ou el�tricas;Inc�ndio;Sem V�timas;Plena Noite;Decrescente;C�u Claro;Dupla;Reta;N�o;1;0;0;0;1;0;0;1;-17,81517;-51,09669;SPRF-GO;DEL04-GO;UOP02-DEL04-GO;;;
706209;20/07/2025;domingo;16:20:00;PR;487;11,8;ICARAIMA;Aus�ncia de rea��o do condutor;Colis�o transversal;Sem V�timas;Pleno dia;Crescente;C�u Claro;Simples;Curva;N�o;4;0;0;0;3;3;0;5;-23,3522244;-53,70969057;SPRF-PR;DEL06-PR;UOP03-DEL06-PR;;;
706211;21/07/2025;segunda-feira;07:20:00;PE;116;71;CABROBO;Demais falhas mec�nicas ou el�tricas;Inc�ndio;Sem V�timas;Pleno dia;Decrescente;C�u Claro;Simples;"Aclive;Reta";N�o;2;0;0;0;1;12;0;13;-8,451;-39,1888;SPRF-PE;DEL05-PE;UOP03-DEL05-PE;;;
706212;21/07/2025;segunda-feira;08:30:00;SC;282;21,2;PALHOCA;Acessar a via sem observar a presen�a dos outros ve�culos;Colis�o frontal;Com V�timas Feridas;Pleno dia;Crescente;C�u Claro;Simples;Reta;Sim;5;0;0;1;3;1;1;4;-27,6888;-48,7197;SPRF-SC;DEL01-SC;UOP02-DEL01-SC;;;
706222;21/07/2025;segunda-feira;07:00:00;BA;101;384;IBIRAPITANGA;Curva acentuada;Tombamento;Com V�timas Feridas;Amanhecer;Decrescente;C�u Claro;Simples;Curva;N�o;1;0;1;0;0;0;1;1;-13,95039628;-39,48451897;SPRF-BA;DEL05-BA;UOP03-DEL05-BA;;;
706225;21/07/2025;segunda-feira;05:30:00;PA;308;191;TRACUATEUA;Aus�ncia de rea��o do condutor;Colis�o traseira;Com V�timas Fatais;Amanhecer;Crescente;C�u Claro;Simples;Reta;N�o;3;1;0;1;1;0;1;2;-1,078497;-46,867924;SPRF-PA;DEL01-PA;UOP03-DEL01-PA;;;
706226;21/07/2025;segunda-feira;08:30:00;PI;343;323,9;ALTOS;Rea��o tardia ou ineficiente do condutor;Engavetamento;Com V�timas Feridas;Pleno dia;Decrescente;C�u Claro;Simples;"Declive;Reta";N�o;4;0;1;0;3;0;1;4;-5,060763;-42,600143;SPRF-PI;DEL01-PI;UOP01-DEL01-PI;;;
706228;19/07/2025;s�bado;03:10:00;CE;116;136,3;PALHANO;Ultrapassagem Indevida;Sa�da de leito carro��vel;Com V�timas Feridas;Pleno dia;Decrescente;C�u Claro;Simples;"Declive;Reta";N�o;2;0;1;1;0;0;2;1;-4,73925133;-38,07612802;SPRF-CE;DEL03-CE;UOP01-DEL03-CE;;;
706235;20/07/2025;domingo;21:00:00;PA;163;24;NOVO PROGRESSO;Transitar na contram�o;Colis�o lateral sentido oposto;Com V�timas Feridas;Anoitecer;Crescente;C�u Claro;Simples;Reta;N�o;3;0;0;1;1;5;1;7;-9,35363627;-54,8494513;SPRF-MT;DEL06-MT;UOP03-DEL06-MT;;;
706239;21/07/2025;segunda-feira;07:15:00;MG;262;529,7;LUZ;Transitar na contram�o;Colis�o frontal;Com V�timas Fatais;Pleno dia;Decrescente;Sol;Simples;Reta;N�o;3;1;0;0;1;2;0;4;-19,7577216;-45,8097934;SPRF-MG;DEL08-MG;UOP02-DEL08-MG;;;
706242;21/07/2025;segunda-feira;09:00:00;BA;135;52;FORMOSA DO RIO PRETO;Rea��o tardia ou ineficiente do condutor;Colis�o traseira;Com V�timas Feridas;Pleno dia;Crescente;C�u Claro;Simples;"Declive;Reta";N�o;3;0;1;0;1;4;1;6;-11,15177;-45,069512;SPRF-BA;DEL10-BA;UOP01-DEL10-BA;;;
706243;21/07/2025;segunda-feira;10:30:00;MG;381;479,2;CONTAGEM;Manobra de mudan�a de faixa;Colis�o lateral mesmo sentido;Com V�timas Feridas;Pleno dia;Crescente;C�u Claro;M�ltipla;"Declive;Curva";Sim;3;0;0;1;0;2;1;3;-19,96414296;-44,04596;SPRF-MG;DEL01-MG;UOP03-DEL01-MG;;;
706245;21/07/2025;segunda-feira;09:00:00;RO;435;34;VILHENA;Curva acentuada;Sa�da de leito carro��vel;Com V�timas Fatais;Pleno dia;Crescente;C�u Claro;Simples;"Declive;Curva";N�o;3;1;2;0;0;0;2;1;-12,85812158;-60,37751198;SPRF-RO;DEL04-RO;UOP02-DEL04-RO;;;
706246;06/06/2025;sexta-feira;09:02:00;PE;116;28;SALGUEIRO;Condutor deixou de manter dist�ncia do ve�culo da frente;Colis�o traseira;Com V�timas Feridas;Pleno dia;Crescente;Sol;Simples;"Reta;Declive;Ponte";N�o;4;0;2;0;1;4;2;6;-8,08638078;-39,12669182;SPRF-PE;DEL05-PE;UOP01-DEL05-PE;;;
706248;21/07/2025;segunda-feira;12:30:00;SP;381;31;ATIBAIA;Trafegar com motocicleta (ou similar) entre as faixas;Colis�o lateral mesmo sentido;Com V�timas Feridas;Pleno dia;Crescente;C�u Claro;Dupla;Reta;Sim;4;0;1;0;2;1;1;4;-23,04504375;-46,56171083;SPRF-SP;DEL03-SP;UOP02-DEL03-SP;;;
706251;21/07/2025;segunda-feira;11:20:00;MT;158;551;AGUA BOA;Acostamento em desn�vel;Tombamento;Com V�timas Feridas;Pleno dia;Crescente;C�u Claro;Simples;Reta;N�o;2;0;1;0;0;3;1;4;-13,93385;-52,09921;SPRF-MT;DEL07-MT;UOP02-DEL07-MT;;;
706252;20/07/2025;domingo;12:30:00;RS;471;179;RIO PARDO;Velocidade Incompat�vel;Sa�da de leito carro��vel;Sem V�timas;Pleno dia;Crescente;C�u Claro;Simples;Rotat�ria;N�o;2;0;0;0;1;2;0;3;-30,02325275;-52,37380028;SPRF-RS;DEL02-RS;UOP03-DEL02-RS;;;
706259;17/07/2025;quinta-feira;10:45:00;TO;153;165;ARAGUAINA;Condutor Dormindo;Tombamento;Com V�timas Feridas;Pleno dia;Crescente;C�u Claro;Simples;Reta;N�o;2;0;1;0;0;1;1;2;-7,356423;-48,332622;SPRF-TO;DEL02-TO;UOP01-DEL02-TO;;;
706263;21/07/2025;segunda-feira;12:30:00;RO;364;603;ITAPUA DO OESTE;Retorno proibido;Colis�o transversal;Com V�timas Feridas;Pleno dia;Crescente;C�u Claro;Dupla;"Reta;Retorno Regulamentado";Sim;6;0;1;0;4;3;1;5;-9,19617844;-63,1846658;SPRF-RO;DEL01-RO;UOP04-DEL01-RO;;;
706273;21/07/2025;segunda-feira;14:10:00;BA;101;771;ITABELA;Velocidade Incompat�vel;Sa�da de leito carro��vel;Com V�timas Fatais;Pleno dia;Decrescente;C�u Claro;Simples;Curva;N�o;2;1;0;0;0;1;0;2;-16,747273;-39,45065;SPRF-BA;DEL09-BA;UOP01-DEL09-BA;;;
706283;21/07/2025;segunda-feira;15:40:00;CE;116;28;AQUIRAZ;Manobra de mudan�a de faixa;Engavetamento;Com V�timas Feridas;Pleno dia;Decrescente;C�u Claro;Dupla;Aclive;N�o;5;0;3;0;2;0;3;4;-3,995233;-38,516069;SPRF-CE;DEL01-CE;UOP02-DEL01-CE;;;
706285;21/07/2025;segunda-feira;11:55:00;SC;282;513,1;XANXERE;Condutor usando celular;Colis�o lateral sentido oposto;Com V�timas Feridas;Pleno dia;Crescente;C�u Claro;Simples;"Declive;Reta";N�o;4;0;0;1;2;2;1;5;-26,9141871;-52,4771404;SPRF-SC;DEL07-SC;UOP01-DEL07-SC;;;
706288;21/07/2025;segunda-feira;13:00:00;MG;459;86;CONGONHAL;Rea��o tardia ou ineficiente do condutor;Colis�o com objeto;Sem V�timas;Pleno dia;Crescente;C�u Claro;Simples;Reta;N�o;1;0;0;0;1;0;0;1;-22,1526149;-46,05794756;SPRF-MG;DEL09-MG;UOP01-DEL09-MG;;;
706296;21/07/2025;segunda-feira;16:35:00;RN;304;47;MOSSORO;Rea��o tardia ou ineficiente do condutor;Colis�o traseira;Com V�timas Feridas;Pleno dia;Decrescente;C�u Claro;Dupla;Reta;Sim;5;0;1;0;2;2;1;4;-5,225699;-37,328112;SPRF-RN;DEL04-RN;UOP01-DEL04-RN;;;
706299;21/07/2025;segunda-feira;14:40:00;SC;101;292,1;IMBITUBA;Aus�ncia de rea��o do condutor;Colis�o lateral mesmo sentido;Com V�timas Feridas;Pleno dia;Crescente;Sol;Dupla;Reta;N�o;2;0;0;1;0;1;1;2;-28,0771113;-48,7125343;SPRF-SC;DEL02-SC;UOP03-DEL02-SC;;;