id;data_inversa;dia_semana;horario;uf;br;km;municipio;causa_acidente;tipo_acidente;classificacao_acidente;fase_dia;sentido_via;condicao_metereologica;tipo_pista;tracado_via;uso_solo;pessoas;mortos;feridos_leves;feridos_graves;ilesos;ignorados;feridos;veiculos;latitude;longitude;regional;delegacia;uop;;;
706306;21/07/2025;segunda-feira;17:10:00;RS;285;294,3;PASSO FUNDO;Desrespeitar a prefer�ncia no cruzamento;Colis�o transversal;Com V�timas Feridas;Pleno dia;Crescente;C�u Claro;Simples;"Reta;Interse��o de Vias";Sim;3;0;1;0;1;1;1;3;-28,2346026;-52,38468854;SPRF-RS;DEL08-RS;UOP03-DEL08-RS;;;
706307;28/06/2025;s�bado;08:28:00;MT;163;1026,9;PEIXOTO DE AZEVEDO;Condutor deixou de manter dist�ncia do ve�culo da frente;Colis�o traseira;Com V�timas Feridas;Amanhecer;Crescente;C�u Claro;Simples;Reta;N�o;4;0;1;0;2;1;1;2;-10,2645;-55,0055;SPRF-MT;DEL06-MT;UOP03-DEL06-MT;;;
706308;21/07/2025;segunda-feira;14:34:00;MG;365;667;MONTE ALEGRE DE MINAS;Demais falhas mec�nicas ou el�tricas;Inc�ndio;Sem V�timas;Pleno dia;Crescente;C�u Claro;Dupla;Reta;N�o;1;0;0;0;1;0;0;1;-18,888732;-48,708077;SPRF-MG;DEL15-MG;UOP01-DEL15-MG;;;
706312;21/07/2025;segunda-feira;17:55:00;SC;101;128,1;ITAJAI;Rea��o tardia ou ineficiente do condutor;Engavetamento;Com V�timas Feridas;Anoitecer;Decrescente;C�u Claro;Dupla;Reta;Sim;3;0;1;0;2;0;1;3;-26,982322;-48,675212;SPRF-SC;DEL04-SC;UOP04-DEL04-SC;;;
706313;21/07/2025;segunda-feira;17:55:00;RS;101;82,5;OSORIO;Rea��o tardia ou ineficiente do condutor;Colis�o traseira;Com V�timas Feridas;Anoitecer;Crescente;C�u Claro;Dupla;Reta;N�o;4;0;1;0;1;2;1;4;-29,851404;-50,246304;SPRF-RS;DEL03-RS;UOP01-DEL03-RS;;;
706321;21/07/2025;segunda-feira;18:30:00;MG;262;371,6;JUATUBA;Manobra de mudan�a de faixa;Colis�o lateral mesmo sentido;Com V�timas Feridas;Plena Noite;Crescente;C�u Claro;Dupla;"Declive;Curva";Sim;3;0;1;0;1;1;1;2;-19,9303211;-44,399642;SPRF-MG;DEL01-MG;UOP03-DEL01-MG;;;
706322;21/07/2025;segunda-feira;18:20:00;CE;116;17;ITAITINGA;Aus�ncia de rea��o do condutor;Colis�o lateral mesmo sentido;Com V�timas Feridas;Plena Noite;Decrescente;C�u Claro;Dupla;Reta;N�o;3;0;1;0;2;0;1;3;-3,8999916;-38,5044702;SPRF-CE;DEL01-CE;UOP02-DEL01-CE;;;
706324;21/07/2025;segunda-feira;14:10:00;TO;153;557,5;FATIMA;Transitar na contram�o;Colis�o frontal;Com V�timas Fatais;Pleno dia;Decrescente;C�u Claro;Simples;Reta;N�o;9;4;0;3;1;1;3;3;-10,73178463;-48,9039108;SPRF-TO;DEL01-TO;UOP01-DEL01-TO;;;
706331;21/07/2025;segunda-feira;17:22:00;MA;316;124;NOVA OLINDA DO MARANHAO;Acessar a via sem observar a presen�a dos outros ve�culos;Colis�o frontal;Com V�timas Fatais;Pleno dia;Crescente;C�u Claro;Simples;Reta;N�o;2;1;0;0;1;0;0;2;-2,626586;-45,753108;SPRF-MA;DEL02-MA;UOP02-DEL02-MA;;;
706333;21/07/2025;segunda-feira;19:00:00;BA;349;928;CORRENTINA;Rea��o tardia ou ineficiente do condutor;Colis�o traseira;Com V�timas Feridas;Plena Noite;Crescente;C�u Claro;Simples;Reta;Sim;2;0;0;1;1;0;1;2;-13,352547;-44,626177;SPRF-BA;DEL10-BA;UOP02-DEL10-BA;;;
706338;21/07/2025;segunda-feira;17:35:00;RJ;116;183;SAO JOAO DE MERITI;Manobra de mudan�a de faixa;Colis�o lateral mesmo sentido;Com V�timas Feridas;Anoitecer;Crescente;C�u Claro;Dupla;Reta;Sim;3;0;1;0;2;0;1;2;-22,8032512;-43,3422336;SPRF-RJ;DEL06-RJ;UOP01-DEL06-RJ;;;
706342;21/07/2025;segunda-feira;20:30:00;SC;101;177;GOVERNADOR CELSO RAMOS;Acessar a via sem observar a presen�a dos outros ve�culos;Colis�o lateral mesmo sentido;Com V�timas Feridas;Plena Noite;Decrescente;Ignorado;Dupla;Reta;N�o;3;0;1;0;1;1;1;3;-27,35052722;-48,63248046;SPRF-SC;DEL01-SC;UOP01-DEL01-SC;;;
706343;20/07/2025;domingo;19:30:00;BA;324;449;RIACHAO DO JACUIPE;Rea��o tardia ou ineficiente do condutor;Sa�da de leito carro��vel;Com V�timas Feridas;Plena Noite;Decrescente;C�u Claro;Simples;Reta;N�o;2;0;1;0;0;1;1;2;-11,81265;-39,37881;SPRF-BA;DEL04-BA;UOP02-DEL04-BA;;;
706348;21/07/2025;segunda-feira;17:30:00;MA;316;48;MARACACUME;Rea��o tardia ou ineficiente do condutor;Colis�o frontal;Com V�timas Fatais;Pleno dia;Crescente;C�u Claro;Simples;Aclive;N�o;5;2;0;0;0;3;0;2;-1,98332267;-45,99872589;SPRF-MA;DEL02-MA;UOP02-DEL02-MA;;;
706355;21/07/2025;segunda-feira;21:00:00;SC;101;44;JOINVILLE;Ingest�o de �lcool pelo condutor;Colis�o lateral mesmo sentido;Sem V�timas;Plena Noite;Crescente;Nublado;Dupla;Reta;N�o;2;0;0;0;2;0;0;2;-26,340472;-48,858708;SPRF-SC;DEL03-SC;UOP01-DEL03-SC;;;
706356;21/07/2025;segunda-feira;19:40:00;PI;343;455;SAO PEDRO DO PIAUI;Acessar a via sem observar a presen�a dos outros ve�culos;Colis�o transversal;Sem V�timas;Plena Noite;Crescente;Ignorado;Simples;Reta;N�o;2;0;0;0;1;1;0;2;-5,95994876;-42,72741795;SPRF-PI;DEL01-PI;UOP02-DEL01-PI;;;
706361;21/07/2025;segunda-feira;20:10:00;MT;174;294;PONTES E LACERDA;Animais na Pista;Atropelamento de Animal;Com V�timas Feridas;Plena Noite;Crescente;C�u Claro;Simples;Reta;N�o;6;0;1;1;1;3;2;4;-15,1936276;-59,3229754;SPRF-MT;DEL04-MT;UOP01-DEL04-MT;;;
706365;21/07/2025;segunda-feira;21:00:00;GO;60;22;JATAI;Objeto est�tico sobre o leito carro��vel;Tombamento;Sem V�timas;Plena Noite;Crescente;C�u Claro;Dupla;Curva;N�o;2;0;0;0;1;2;0;3;-17,90185263;-51,76179933;SPRF-DF;DEL03-DF;UOP01-DEL03-DF;;;
706369;21/07/2025;segunda-feira;23:45:00;SP;116;389;MIRACATU;Condutor deixou de manter dist�ncia do ve�culo da frente;Sa�da de leito carro��vel;Sem V�timas;Plena Noite;Decrescente;Nublado;Dupla;Reta;N�o;2;0;0;0;1;1;0;2;-24,27206;-47,40283;SPRF-SP;DEL04-SP;UOP02-DEL04-SP;;;
706371;22/07/2025;ter�a-feira;01:00:00;MG;153;58,7;MONTE ALEGRE DE MINAS;Ultrapassagem Indevida;Colis�o lateral sentido oposto;Com V�timas Feridas;Plena Noite;Decrescente;C�u Claro;Simples;Reta;N�o;3;0;0;1;1;4;1;6;-18,885427;-49,052486;SPRF-MG;DEL15-MG;UOP03-DEL15-MG;;;
706373;22/07/2025;ter�a-feira;03:30:00;SC;101;233;PALHOCA;Pedestre - Ingest�o de �lcool/ subst�ncias psicoativas;Atropelamento de Pedestre;Com V�timas Feridas;Plena Noite;Crescente;C�u Claro;Dupla;"Declive;Curva";N�o;2;0;1;0;1;0;1;2;-27,80582;-48,63945;SPRF-SC;DEL01-SC;UOP02-DEL01-SC;;;
706374;22/07/2025;ter�a-feira;01:30:00;MG;262;913,1;COMENDADOR GOMES;Condutor Dormindo;Sa�da de leito carro��vel;Com V�timas Feridas;Plena Noite;Crescente;C�u Claro;Simples;"Interse��o de Vias;Reta";N�o;2;0;1;0;0;3;1;4;-19,62935;-48,84898;SPRF-MG;DEL13-MG;UOP02-DEL13-MG;;;
706377;22/07/2025;ter�a-feira;04:00:00;SE;101;157,7;ESTANCIA;Condutor Dormindo;Colis�o lateral sentido oposto;Com V�timas Feridas;Plena Noite;Crescente;C�u Claro;Simples;"Aclive;Reta";N�o;4;0;1;0;2;1;1;3;-11,30299445;-37,4874115;SPRF-SE;DEL02-SE;UOP01-DEL02-SE;;;
706382;22/07/2025;ter�a-feira;06:00:00;SP;116;209;GUARULHOS;Objeto est�tico sobre o leito carro��vel;Colis�o com objeto;Com V�timas Feridas;Amanhecer;Decrescente;Nevoeiro/Neblina;M�ltipla;Reta;Sim;4;0;1;0;2;1;1;3;-23,425794;-46,403369;SPRF-SP;DEL01-SP;UOP01-DEL01-SP;;;
706384;22/07/2025;ter�a-feira;06:25:00;RS;293;11,6;CAPAO DO LEAO;Acessar a via sem observar a presen�a dos outros ve�culos;Colis�o transversal;Com V�timas Feridas;Amanhecer;Crescente;C�u Claro;Simples;Reta;Sim;3;0;0;1;1;3;1;5;-31,75645625;-52,44049609;SPRF-RS;DEL07-RS;UOP01-DEL07-RS;;;
706385;22/07/2025;ter�a-feira;04:20:00;TO;153;437,5;MIRACEMA DO TOCANTINS;Transitar na contram�o;Colis�o lateral sentido oposto;Com V�timas Feridas;Plena Noite;Crescente;C�u Claro;Simples;Reta;N�o;3;0;0;1;1;1;1;3;-9,717988;-48,685273;SPRF-TO;DEL01-TO;UOP01-DEL01-TO;;;
706391;22/07/2025;ter�a-feira;06:20:00;MG;251;490,8;FRANCISCO SA;Ultrapassagem Indevida;Tombamento;Com V�timas Feridas;Pleno dia;Decrescente;C�u Claro;Simples;"Declive;Reta";N�o;1;0;1;0;0;0;1;1;-16,51944026;-43,64652509;SPRF-MG;DEL12-MG;UOP01-DEL12-MG;;;
706392;06/07/2025;domingo;03:30:00;RO;364;312;PRESIDENTE MEDICI;Ingest�o de �lcool pelo condutor;Colis�o lateral sentido oposto;Com V�timas Feridas;Plena Noite;Crescente;Ignorado;Simples;Reta;N�o;3;0;2;0;0;3;2;5;-11,135843;-61,90125;SPRF-RO;DEL02-RO;UOP01-DEL02-RO;;;
706404;22/07/2025;ter�a-feira;07:30:00;RJ;116;196;QUEIMADOS;Aus�ncia de rea��o do condutor;Colis�o traseira;Com V�timas Feridas;Pleno dia;Decrescente;Sol;Dupla;Curva;Sim;3;0;2;0;1;0;2;2;-22,73202285;-43,55849814;SPRF-RJ;DEL06-RJ;UOP01-DEL06-RJ;;;
706406;22/07/2025;ter�a-feira;08:10:00;TO;153;628;ALIANCA DO TOCANTINS;Rea��o tardia ou ineficiente do condutor;Colis�o lateral sentido oposto;Com V�timas Feridas;Pleno dia;Decrescente;Sol;Simples;Reta;N�o;7;0;1;0;5;1;1;3;-11,39698185;-48,97463322;SPRF-TO;DEL01-TO;UOP02-DEL01-TO;;;
706412;22/07/2025;ter�a-feira;03:00:00;CE;20;214;BOA VIAGEM;Pista esburacada;Sa�da de leito carro��vel;Sem V�timas;Plena Noite;Decrescente;Ignorado;Simples;"Reta;Aclive";N�o;1;0;0;0;0;1;0;1;-5,055766;-39,691864;SPRF-CE;DEL02-CE;UOP02-DEL02-CE;;;
706413;22/07/2025;ter�a-feira;07:30:00;PR;476;198;LAPA;Velocidade Incompat�vel;Tombamento;Com V�timas Feridas;Pleno dia;Decrescente;Sol;Simples;Curva;N�o;2;0;1;0;0;1;1;2;-25,7643727;-49,7378525;SPRF-PR;DEL01-PR;UOP06-DEL01-PR;;;
706415;22/07/2025;ter�a-feira;07:12:00;MA;230;8,7;BARAO DE GRAJAU;Estacionar ou parar em local proibido;Colis�o traseira;Com V�timas Feridas;Pleno dia;Decrescente;Sol;Simples;Reta;N�o;2;0;1;0;0;1;1;2;-6,733827;-43,081147;SPRF-PI;DEL03-PI;UOP01-DEL03-PI;;;
706417;12/07/2025;s�bado;00:15:00;PE;101;115;IPOJUCA;Rea��o tardia ou ineficiente do condutor;Tombamento;Sem V�timas;Plena Noite;Crescente;Chuva;Dupla;Reta;N�o;2;0;0;0;0;3;0;3;-8,343722;-35,145557;SPRF-PE;DEL01-PE;UOP03-DEL01-PE;;;
706419;22/07/2025;ter�a-feira;09:15:00;ES;101;125,3;SOORETAMA;Pedestre cruzava a pista fora da faixa;Atropelamento de Pedestre;Com V�timas Feridas;Pleno dia;Crescente;C�u Claro;Simples;Reta;Sim;3;0;1;0;2;0;1;2;-19,18720461;-40,09451866;SPRF-ES;DEL04-ES;UOP01-DEL04-ES;;;
706420;22/07/2025;ter�a-feira;08:50:00;SP;381;63;MAIRIPORA;Demais falhas mec�nicas ou el�tricas;Colis�o traseira;Com V�timas Feridas;Pleno dia;Decrescente;C�u Claro;M�ltipla;Reta;Sim;3;0;1;0;2;0;1;2;-23,3070982;-46,57662606;SPRF-SP;DEL03-SP;UOP01-DEL03-SP;;;
706422;22/07/2025;ter�a-feira;07:10:00;MG;381;522,2;BRUMADINHO;Manobra de mudan�a de faixa;Colis�o lateral mesmo sentido;Com V�timas Feridas;Pleno dia;Crescente;C�u Claro;Dupla;"Em Obras;Declive;Reta";N�o;2;0;0;1;1;0;1;2;-20,128597;-44,3034;SPRF-MG;DEL04-MG;UOP03-DEL04-MG;;;
706427;22/07/2025;ter�a-feira;10:20:00;RJ;116;310;RESENDE;Condutor Dormindo;Colis�o traseira;Com V�timas Feridas;Pleno dia;Decrescente;C�u Claro;Dupla;Reta;Sim;2;0;1;0;1;0;1;2;-22,4596158;-44,4369665;SPRF-RJ;DEL07-RJ;UOP02-DEL07-RJ;;;
706428;22/07/2025;ter�a-feira;09:40:00;ES;101;431;ATILIO VIVACQUA;Acumulo de areia ou detritos sobre o pavimento;Eventos at�picos;Com V�timas Feridas;Pleno dia;Decrescente;C�u Claro;Simples;Reta;N�o;2;0;2;0;0;0;2;1;-21,05295076;-41,19356378;SPRF-ES;DEL03-ES;UOP02-DEL03-ES;;;
706430;22/07/2025;ter�a-feira;10:15:00;MG;381;808,8;SAO GONCALO DO SAPUCAI;Rea��o tardia ou ineficiente do condutor;Colis�o lateral mesmo sentido;Com V�timas Feridas;Pleno dia;Crescente;C�u Claro;Dupla;Reta;N�o;5;0;1;0;3;1;1;4;-21,98430217;-45,65870404;SPRF-MG;DEL16-MG;UOP02-DEL16-MG;;;
706431;22/07/2025;ter�a-feira;10:00:00;MG;40;532,8;BELO HORIZONTE;Manobra de mudan�a de faixa;Colis�o traseira;Com V�timas Feridas;Pleno dia;Crescente;Sol;Dupla;"Reta;Aclive;Interse��o de Vias";Sim;4;0;1;0;2;1;1;4;-19,92551777;-44,00578157;SPRF-MG;DEL01-MG;UOP02-DEL01-MG;;;
706435;21/07/2025;segunda-feira;22:45:00;PA;10;30;DOM ELISEU;Aus�ncia de rea��o do condutor;Colis�o traseira;Com V�timas Fatais;Plena Noite;Crescente;C�u Claro;Simples;Reta;N�o;2;1;0;0;0;1;0;2;-4,1868;-47,545;SPRF-PA;DEL02-PA;UOP02-DEL02-PA;;;
706437;22/07/2025;ter�a-feira;11:00:00;DF;20;18,6;BRASILIA;Acessar a via sem observar a presen�a dos outros ve�culos;Colis�o traseira;Com V�timas Feridas;Pleno dia;Decrescente;C�u Claro;Dupla;"Reta;Declive;Em Obras";Sim;3;0;1;0;1;1;1;3;-15,613395;-47,70281;SPRF-DF;DEL02-DF;UOP01-DEL02-DF;;;
706438;22/07/2025;ter�a-feira;06:20:00;PB;116;9;CACHOEIRA DOS INDIOS;Velocidade Incompat�vel;Sa�da de leito carro��vel;Com V�timas Feridas;Amanhecer;Decrescente;C�u Claro;Simples;"Declive;Curva";N�o;1;0;0;1;0;0;1;1;-6,971933;-38,734406;SPRF-CE;DEL05-CE;UOP03-DEL05-CE;;;
706439;22/07/2025;ter�a-feira;10:00:00;RJ;101;189;CASIMIRO DE ABREU;Velocidade Incompat�vel;Sa�da de leito carro��vel;Com V�timas Feridas;Pleno dia;Crescente;C�u Claro;Simples;Curva;N�o;2;0;1;0;0;1;1;2;-22,45666413;-42,06021414;SPRF-RJ;DEL08-RJ;UOP04-DEL08-RJ;;;
706440;22/07/2025;ter�a-feira;10:30:00;RS;290;95;PORTO ALEGRE;Velocidade Incompat�vel;Colis�o com objeto;Com V�timas Feridas;Pleno dia;Decrescente;C�u Claro;Dupla;"Curva;Declive";Sim;2;0;1;0;0;8;1;9;-29,98782558;-51,20280918;SPRF-RS;DEL01-RS;UOP01-DEL01-RS;;;
706441;22/07/2025;ter�a-feira;10:50:00;SP;116;194;SANTA ISABEL;Aus�ncia de rea��o do condutor;Colis�o traseira;Com V�timas Feridas;Pleno dia;Crescente;C�u Claro;Dupla;Reta;N�o;3;0;2;0;0;1;2;2;-23,384963;-46,267035;SPRF-SP;DEL01-SP;UOP01-DEL01-SP;;;
706444;22/07/2025;ter�a-feira;10:45:00;SC;101;312;LAGUNA;Animais na Pista;Colis�o lateral mesmo sentido;Com V�timas Feridas;Pleno dia;Crescente;C�u Claro;M�ltipla;Reta;Sim;4;0;2;0;1;2;2;5;-28,44067432;-48,81602637;SPRF-SC;DEL02-SC;UOP01-DEL02-SC;;;
706448;22/07/2025;ter�a-feira;10:30:00;AL;101;120,8;SAO MIGUEL DOS CAMPOS;Problema com o freio;Engavetamento;Com V�timas Feridas;Pleno dia;Crescente;Chuva;Simples;"Declive;Curva";N�o;7;0;2;0;4;2;2;6;-9,68527532;-36,03702039;SPRF-AL;DEL02-AL;UOP01-DEL02-AL;;;
706449;07/07/2025;segunda-feira;12:30:00;MG;50;74;UBERLANDIA;Aus�ncia de rea��o do condutor;Engavetamento;Com V�timas Feridas;Pleno dia;Decrescente;Sol;Dupla;"Reta;Declive";Sim;4;0;1;0;3;0;1;4;-18,9134421;-48,22343588;SPRF-MG;DEL15-MG;UOP01-DEL15-MG;;;
706455;22/07/2025;ter�a-feira;12:45:00;RJ;493;71;NOVA IGUACU;Demais falhas mec�nicas ou el�tricas;Sa�da de leito carro��vel;Com V�timas Feridas;Pleno dia;Crescente;C�u Claro;Dupla;Reta;N�o;3;0;1;0;2;0;1;3;-22,67438114;-43,54201254;SPRF-RJ;DEL01-RJ;UOP03-DEL01-RJ;;;
706458;22/07/2025;ter�a-feira;10:00:00;MG;116;276;TEOFILO OTONI;Aus�ncia de rea��o do condutor;Colis�o transversal;Com V�timas Feridas;Pleno dia;Decrescente;C�u Claro;Dupla;Reta;Sim;3;0;0;1;1;1;1;3;-17,8539756;-41,5141418;SPRF-MG;DEL11-MG;UOP01-DEL11-MG;;;
706459;22/07/2025;ter�a-feira;13:00:00;SC;470;128;LONTRAS;Acessar a via sem observar a presen�a dos outros ve�culos;Colis�o transversal;Com V�timas Feridas;Pleno dia;Decrescente;C�u Claro;Simples;"Retorno Regulamentado;Reta;Interse��o de Vias";N�o;3;0;0;1;2;0;1;2;-27,1364561;-49,54300258;SPRF-SC;DEL04-SC;UOP02-DEL04-SC;;;
706460;22/07/2025;ter�a-feira;12:20:00;PB;101;83;BAYEUX;Condutor deixou de manter dist�ncia do ve�culo da frente;Colis�o traseira;Com V�timas Feridas;Pleno dia;Crescente;C�u Claro;Simples;Reta;Sim;3;0;2;0;0;1;2;3;-7,132704;-34,931152;SPRF-PB;DEL01-PB;UOP01-DEL01-PB;;;
706463;22/07/2025;ter�a-feira;12:55:00;PR;277;679;MEDIANEIRA;Rea��o tardia ou ineficiente do condutor;Colis�o traseira;Com V�timas Feridas;Pleno dia;Crescente;C�u Claro;Dupla;"Reta;Retorno Regulamentado";Sim;3;0;0;1;2;0;1;2;-25,30250845;-54,1304725;SPRF-PR;DEL05-PR;UOP01-DEL05-PR;;;
706471;22/07/2025;ter�a-feira;11:30:00;GO;50;283;CATALAO;Velocidade Incompat�vel;Tombamento;Com V�timas Feridas;Pleno dia;Crescente;C�u Claro;Dupla;"Curva;Rotat�ria;Em Obras";N�o;2;0;1;0;1;0;1;1;-18,1896;-47,9511;SPRF-GO;DEL06-GO;UOP01-DEL06-GO;;;
706475;22/07/2025;ter�a-feira;14:35:00;MG;40;602;CONGONHAS;Velocidade Incompat�vel;Tombamento;Com V�timas Feridas;Pleno dia;Crescente;C�u Claro;Simples;"Declive;Curva";N�o;2;0;1;0;1;0;1;2;-20,4401867;-43,8417123;SPRF-MG;DEL05-MG;UOP02-DEL05-MG;;;
706476;22/07/2025;ter�a-feira;13:21:00;MS;163;727;COXIM;Acessar a via sem observar a presen�a dos outros ve�culos;Colis�o transversal;Com V�timas Feridas;Pleno dia;Decrescente;C�u Claro;Simples;"Reta;Interse��o de Vias";Sim;5;0;1;1;2;1;2;3;-18,53426837;-54,74217508;SPRF-MS;DEL06-MS;UOP01-DEL06-MS;;;
706477;22/07/2025;ter�a-feira;14:30:00;PR;116;67;QUATRO BARRAS;Carga excessiva e/ou mal acondicionada;Sa�da de leito carro��vel;Com V�timas Feridas;Pleno dia;Decrescente;Sol;Dupla;"Interse��o de Vias;Declive;Curva";N�o;1;0;0;1;0;0;1;1;-25,31438543;-49,01726095;SPRF-PR;DEL01-PR;UOP02-DEL01-PR;;;
706478;22/07/2025;ter�a-feira;14:55:00;PR;376;646,5;TIJUCAS DO SUL;Condutor Dormindo;Sa�da de leito carro��vel;Com V�timas Fatais;Pleno dia;Decrescente;C�u Claro;Dupla;Reta;N�o;3;1;0;0;0;2;0;3;-25,8344776;-49,1095804;SPRF-PR;DEL01-PR;UOP04-DEL01-PR;;;
706480;04/06/2025;quarta-feira;14:00:00;PA;230;1125;ITAITUBA;Rea��o tardia ou ineficiente do condutor;Colis�o lateral sentido oposto;Sem V�timas;Pleno dia;Crescente;Chuva;Simples;"Declive;Reta";N�o;3;0;0;0;0;5;0;5;-4,31959965;-55,95765766;SPRF-PA;DEL05-PA;UOP02-DEL05-PA;;;
706481;22/07/2025;ter�a-feira;14:30:00;SE;101;199;CRISTINAPOLIS;Aus�ncia de rea��o do condutor;Colis�o lateral sentido oposto;Com V�timas Feridas;Pleno dia;Decrescente;Sol;Simples;Reta;Sim;3;0;2;0;1;0;2;2;-11,4814518;-37,765062;SPRF-SE;DEL02-SE;UOP03-DEL02-SE;;;
706482;22/07/2025;ter�a-feira;14:58:00;PR;369;343,8;CAMPO MOURAO;Acessar a via sem observar a presen�a dos outros ve�culos;Colis�o lateral mesmo sentido;Com V�timas Feridas;Pleno dia;Crescente;Sol;Simples;"Declive;Reta";N�o;5;0;1;0;3;3;1;6;-24,089563;-52,389817;SPRF-PR;DEL09-PR;UOP03-DEL09-PR;;;
706485;22/07/2025;ter�a-feira;09:30:00;MT;364;16;ALTO ARAGUAIA;Demais falhas mec�nicas ou el�tricas;Inc�ndio;Sem V�timas;Pleno dia;Decrescente;C�u Claro;Simples;"Reta;Aclive";N�o;2;0;0;0;1;1;0;2;-17,19475474;-53,36174905;SPRF-MT;DEL02-MT;UOP02-DEL02-MT;;;
706486;22/07/2025;ter�a-feira;14:40:00;CE;222;329;TIANGUA;Desrespeitar a prefer�ncia no cruzamento;Colis�o transversal;Com V�timas Feridas;Pleno dia;Crescente;C�u Claro;Simples;Reta;N�o;3;0;0;1;1;1;1;3;-3,826068;-41,107923;SPRF-CE;DEL04-CE;UOP02-DEL04-CE;;;
706493;22/07/2025;ter�a-feira;14:58:00;MS;163;502;JARAGUARI;Objeto est�tico sobre o leito carro��vel;Colis�o com objeto;Com V�timas Feridas;Pleno dia;Crescente;C�u Claro;Dupla;"Aclive;Reta";N�o;3;0;1;0;2;0;1;2;-20,304147;-54,506298;SPRF-MS;DEL01-MS;UOP02-DEL01-MS;;;
706497;22/07/2025;ter�a-feira;13:45:00;BA;116;675;JEQUIE;Transitar no Acostamento;Queda de ocupante de ve�culo;Com V�timas Feridas;Pleno dia;Crescente;C�u Claro;Simples;Reta;N�o;2;0;0;1;0;1;1;2;-13,8727534;-40,1262226;SPRF-BA;DEL03-BA;UOP01-DEL03-BA;;;
706509;22/07/2025;ter�a-feira;17:45:00;PB;101;88;JOAO PESSOA;Rea��o tardia ou ineficiente do condutor;Colis�o traseira;Sem V�timas;Anoitecer;Crescente;C�u Claro;Dupla;"Viaduto;Interse��o de Vias";Sim;3;0;0;0;2;2;0;4;-7,16536391;-34,89518404;SPRF-PB;DEL01-PB;UOP01-DEL01-PB;;;
706511;22/07/2025;ter�a-feira;10:00:00;MG;116;748,9;LEOPOLDINA;Transitar na contram�o;Colis�o frontal;Com V�timas Fatais;Pleno dia;Decrescente;C�u Claro;Simples;"Declive;Curva";N�o;5;1;1;0;0;3;1;4;-21,442803;-42,537745;SPRF-MG;DEL07-MG;UOP01-DEL07-MG;;;
706514;22/07/2025;ter�a-feira;17:35:00;RS;386;389,3;TRIUNFO;Acessar a via sem observar a presen�a dos outros ve�culos;Colis�o transversal;Com V�timas Feridas;Anoitecer;Decrescente;C�u Claro;Dupla;"Curva;Retorno Regulamentado";Sim;2;0;1;0;1;0;1;2;-29,70188344;-51,68436527;SPRF-RS;DEL04-RS;UOP02-DEL04-RS;;;
706519;22/07/2025;ter�a-feira;17:55:00;RJ;40;113;DUQUE DE CAXIAS;Rea��o tardia ou ineficiente do condutor;Queda de ocupante de ve�culo;Com V�timas Feridas;Anoitecer;Decrescente;C�u Claro;M�ltipla;Reta;Sim;2;0;1;0;1;0;1;2;-22,71730253;-43,28979886;SPRF-RJ;DEL01-RJ;UOP02-DEL01-RJ;;;
706521;22/07/2025;ter�a-feira;13:10:00;SC;101;139;BALNEARIO CAMBORIU;Rea��o tardia ou ineficiente do condutor;Engavetamento;Com V�timas Feridas;Pleno dia;Decrescente;C�u Claro;Simples;Reta;N�o;4;0;0;1;3;0;1;3;-27,03852454;-48,60295773;SPRF-SC;DEL04-SC;UOP03-DEL04-SC;;;
706524;22/07/2025;ter�a-feira;17:10:00;RS;285;205,5;LAGOA VERMELHA;Demais falhas mec�nicas ou el�tricas;Inc�ndio;Com V�timas Feridas;Pleno dia;Crescente;C�u Claro;Simples;Reta;N�o;1;0;1;0;0;0;1;1;-28,21833181;-51,57887324;SPRF-RS;DEL08-RS;UOP05-DEL08-RS;;;
706526;22/07/2025;ter�a-feira;15:40:00;SC;101;38;JOINVILLE;Manobra de mudan�a de faixa;Colis�o traseira;Com V�timas Feridas;Pleno dia;Crescente;C�u Claro;M�ltipla;"Aclive;Viaduto";Sim;4;0;1;0;2;2;1;5;-26,2931308;-48,88463108;SPRF-SC;DEL03-SC;UOP01-DEL03-SC;;;
706527;22/07/2025;ter�a-feira;09:03:00;MA;230;142,4;PASTOS BONS;Acessar a via sem observar a presen�a dos outros ve�culos;Colis�o transversal;Com V�timas Fatais;Pleno dia;Crescente;C�u Claro;Dupla;"Reta;Interse��o de Vias";Sim;3;1;0;0;1;1;0;3;-6,597952;-44,085252;SPRF-MA;DEL05-MA;UOP01-DEL05-MA;;;
706528;22/07/2025;ter�a-feira;18:00:00;ES;101;282;CARIACICA;Objeto est�tico sobre o leito carro��vel;Colis�o com objeto;Com V�timas Feridas;Plena Noite;Crescente;C�u Claro;Dupla;Viaduto;N�o;2;0;0;1;1;0;1;2;-20,2267744;-40,3643961;SPRF-ES;DEL01-ES;UOP01-DEL01-ES;;;
706529;22/07/2025;ter�a-feira;16:00:00;RS;386;437,7;NOVA SANTA RITA;Acessar a via sem observar a presen�a dos outros ve�culos;Colis�o transversal;Com V�timas Feridas;Pleno dia;Crescente;C�u Claro;Dupla;Retorno Regulamentado;Sim;4;0;0;1;1;2;1;4;-29,86113855;-51,25621531;SPRF-RS;DEL04-RS;UOP02-DEL04-RS;;;
706533;22/07/2025;ter�a-feira;15:20:00;MG;40;544,1;BELO HORIZONTE;Acumulo de areia ou detritos sobre o pavimento;Queda de ocupante de ve�culo;Com V�timas Feridas;Pleno dia;Decrescente;C�u Claro;Dupla;"Interse��o de Vias;Curva";N�o;3;0;1;0;1;1;1;3;-20,00137;-43,964598;SPRF-MG;DEL01-MG;UOP02-DEL01-MG;;;