id;data_inversa;dia_semana;horario;uf;br;km;municipio;causa_acidente;tipo_acidente;classificacao_acidente;fase_dia;sentido_via;condicao_metereologica;tipo_pista;tracado_via;uso_solo;pessoas;mortos;feridos_leves;feridos_graves;ilesos;ignorados;feridos;veiculos;latitude;longitude;regional;delegacia;uop;;;
706534;22/07/2025;ter�a-feira;17:50:00;MS;163;48;ELDORADO;Frear bruscamente;Sa�da de leito carro��vel;Com V�timas Feridas;Anoitecer;Crescente;C�u Claro;Simples;"Declive;Reta";N�o;2;0;1;0;0;2;1;3;-23,7173745;-54,2716391;SPRF-MS;DEL09-MS;UOP02-DEL09-MS;;;
706537;22/07/2025;ter�a-feira;16:55:00;TO;153;177;ARAGUAINA;Demais falhas mec�nicas ou el�tricas;Inc�ndio;Sem V�timas;Pleno dia;Crescente;Sol;Simples;"Aclive;Reta";N�o;3;0;0;0;2;2;0;3;-7,455008;-48,370678;SPRF-TO;DEL02-TO;UOP01-DEL02-TO;;;
706545;22/07/2025;ter�a-feira;18:30:00;MG;50;188;UBERABA;Aus�ncia de rea��o do condutor;Colis�o traseira;Com V�timas Feridas;Anoitecer;Crescente;C�u Claro;Dupla;"Reta;Declive";N�o;4;0;2;0;1;2;2;4;-19,82858;-47,88126;SPRF-MG;DEL13-MG;UOP01-DEL13-MG;;;
706546;22/07/2025;ter�a-feira;16:30:00;PB;116;11,1;CACHOEIRA DOS INDIOS;Velocidade Incompat�vel;Sa�da de leito carro��vel;Com V�timas Feridas;Pleno dia;Crescente;C�u Claro;Simples;Curva;N�o;3;0;1;0;1;1;1;2;-6,98674761;-38,74761651;SPRF-CE;DEL05-CE;UOP03-DEL05-CE;;;
706547;22/07/2025;ter�a-feira;16:05:00;RS;470;211;BENTO GONCALVES;Ingest�o de �lcool pelo condutor;Colis�o frontal;Com V�timas Feridas;Pleno dia;Crescente;Nublado;Dupla;Curva;N�o;2;0;0;1;1;0;1;2;-29,1768429;-51,5209678;SPRF-RS;DEL06-RS;UOP01-DEL06-RS;;;
706550;22/07/2025;ter�a-feira;16:40:00;CE;116;476,1;MILAGRES;Convers�o proibida;Colis�o frontal;Com V�timas Feridas;Pleno dia;Decrescente;C�u Claro;Simples;Reta;Sim;2;0;1;0;0;1;1;2;-7,30213182;-38,89356494;SPRF-CE;DEL05-CE;UOP03-DEL05-CE;;;
706561;22/07/2025;ter�a-feira;10:15:00;MG;50;67;UBERLANDIA;Rea��o tardia ou ineficiente do condutor;Colis�o lateral mesmo sentido;Com V�timas Feridas;Pleno dia;Decrescente;C�u Claro;Dupla;Retorno Regulamentado;Sim;7;0;1;0;5;3;1;6;-18,87541746;-48,25914145;SPRF-MG;DEL15-MG;UOP02-DEL15-MG;;;
706566;22/07/2025;ter�a-feira;21:15:00;PR;153;489;GENERAL CARNEIRO;Pedestre - Ingest�o de �lcool/ subst�ncias psicoativas;Atropelamento de Pedestre;Com V�timas Feridas;Plena Noite;Crescente;C�u Claro;Simples;Reta;N�o;2;0;0;1;1;0;1;2;-26,417323;-51,30296478;SPRF-PR;DEL02-PR;UOP03-DEL02-PR;;;
706571;22/07/2025;ter�a-feira;20:59:00;PE;232;6;RECIFE;Condutor deixou de manter dist�ncia do ve�culo da frente;Engavetamento;Com V�timas Feridas;Plena Noite;Decrescente;Chuva;Dupla;Reta;Sim;3;0;1;0;2;0;1;3;-8,071058;-34,95362;SPRF-PE;DEL01-PE;UOP01-DEL01-PE;;;
706573;22/07/2025;ter�a-feira;17:50:00;SP;116;283;EMBU DAS ARTES;Trafegar com motocicleta (ou similar) entre as faixas;Colis�o lateral mesmo sentido;Com V�timas Feridas;Anoitecer;Decrescente;C�u Claro;Dupla;Reta;Sim;4;0;1;0;2;1;1;4;-23,66783453;-46,85531616;SPRF-SP;DEL04-SP;UOP01-DEL04-SP;;;
706577;22/07/2025;ter�a-feira;17:30:00;MA;222;408;SANTA LUZIA;Condutor deixou de manter dist�ncia do ve�culo da frente;Colis�o traseira;Com V�timas Feridas;Anoitecer;Decrescente;C�u Claro;Dupla;"Reta;Retorno Regulamentado";Sim;2;0;0;1;1;0;1;2;-3,966149;-45,666896;SPRF-MA;DEL02-MA;UOP01-DEL02-MA;;;
706578;22/07/2025;ter�a-feira;12:45:00;RJ;116;328;NITEROI;Aus�ncia de rea��o do condutor;Queda de ocupante de ve�culo;Com V�timas Feridas;Pleno dia;Decrescente;C�u Claro;Dupla;Reta;Sim;2;0;1;0;0;1;1;2;-22,8818944;-43,1128576;SPRF-RJ;DEL07-RJ;UOP02-DEL07-RJ;;;
706580;22/07/2025;ter�a-feira;22:15:00;PR;277;2;PARANAGUA;Aus�ncia de rea��o do condutor;Colis�o traseira;Com V�timas Fatais;Plena Noite;Decrescente;C�u Claro;Dupla;Reta;Sim;4;1;0;0;1;3;0;5;-25,548417;-48,547806;SPRF-PR;DEL01-PR;UOP05-DEL01-PR;;;
706583;22/07/2025;ter�a-feira;19:30:00;SC;101;423,5;ARARANGUA;Desrespeitar a prefer�ncia no cruzamento;Colis�o transversal;Com V�timas Feridas;Plena Noite;Crescente;C�u Claro;Simples;Interse��o de Vias;N�o;2;0;1;0;0;1;1;2;-29,0086658;-49,5703876;SPRF-SC;DEL02-SC;UOP02-DEL02-SC;;;
706584;22/07/2025;ter�a-feira;15:30:00;MT;163;620,5;NOVA MUTUM;Ultrapassagem Indevida;Colis�o frontal;Com V�timas Feridas;Pleno dia;Crescente;Sol;Simples;Reta;N�o;4;0;1;0;2;4;1;7;-13,65265935;-56,03610992;SPRF-MT;DEL01-MT;UOP01-DEL01-MT;;;
706587;22/07/2025;ter�a-feira;14:30:00;RS;285;74,5;VACARIA;Rea��o tardia ou ineficiente do condutor;Sa�da de leito carro��vel;Com V�timas Feridas;Pleno dia;Crescente;C�u Claro;Simples;Curva;N�o;2;0;1;0;0;1;1;2;-28,59902925;-50,73074341;SPRF-RS;DEL05-RS;UOP03-DEL05-RS;;;
706588;22/07/2025;ter�a-feira;21:50:00;RS;386;277,8;SAO JOSE DO HERVAL;Condutor Dormindo;Colis�o frontal;Com V�timas Fatais;Plena Noite;Decrescente;C�u Claro;Simples;"Declive;Curva";N�o;2;1;1;0;0;0;1;2;-29,0211498;-52,321267;SPRF-RS;DEL04-RS;UOP03-DEL04-RS;;;
706593;22/07/2025;ter�a-feira;19:20:00;GO;153;682;ITUMBIARA;Ingest�o de �lcool pelo condutor;Colis�o traseira;Com V�timas Feridas;Plena Noite;Crescente;C�u Claro;Dupla;"Reta;Aclive";N�o;3;0;1;0;1;1;1;3;-18,2350171;-49,26017404;SPRF-GO;DEL03-GO;UOP02-DEL03-GO;;;
706598;22/07/2025;ter�a-feira;20:30:00;GO;158;35;BOM JARDIM DE GOIAS;Condutor deixou de manter dist�ncia do ve�culo da frente;Colis�o frontal;Com V�timas Feridas;Plena Noite;Crescente;C�u Claro;Simples;Reta;N�o;3;0;1;0;1;3;1;5;-16,19289996;-52,16629627;SPRF-GO;DEL04-GO;UOP02-DEL04-GO;;;
706599;23/07/2025;quarta-feira;01:00:00;MT;70;52;BARRA DO GARCAS;Aus�ncia de rea��o do condutor;Colis�o traseira;Com V�timas Feridas;Plena Noite;Decrescente;C�u Claro;Simples;Reta;N�o;3;0;1;0;2;0;1;2;-15,8725023;-52,3855478;SPRF-MT;DEL07-MT;UOP01-DEL07-MT;;;
706601;23/07/2025;quarta-feira;01:34:00;PE;232;120,6;CARUARU;Rea��o tardia ou ineficiente do condutor;Colis�o traseira;Com V�timas Fatais;Plena Noite;Decrescente;Chuva;Simples;"Reta;Aclive";N�o;2;1;0;0;0;1;0;2;-8,30004;-35,91342;SPRF-PE;DEL02-PE;UOP03-DEL02-PE;;;
706604;23/07/2025;quarta-feira;02:50:00;RJ;493;0;ITABORAI;Transitar na contram�o;Colis�o frontal;Com V�timas Fatais;Plena Noite;Crescente;Nublado;Simples;Curva;Sim;3;1;0;0;1;1;0;3;-22,76820812;-42,92238235;SPRF-RJ;DEL02-RJ;UOP02-DEL02-RJ;;;
706606;23/07/2025;quarta-feira;04:15:00;SC;101;151,5;ITAPEMA;Pedestre cruzava a pista fora da faixa;Atropelamento de Pedestre;Com V�timas Fatais;Plena Noite;Crescente;C�u Claro;M�ltipla;Reta;Sim;6;2;1;1;1;1;2;6;-27,13017;-48,61032917;SPRF-SC;DEL04-SC;UOP03-DEL04-SC;;;
706609;23/07/2025;quarta-feira;05:00:00;SP;116;359;MIRACATU;Velocidade Incompat�vel;Tombamento;Com V�timas Feridas;Plena Noite;Decrescente;Nublado;Dupla;Curva;N�o;2;0;1;0;0;1;1;2;-24,11108339;-47,26565552;SPRF-SP;DEL04-SP;UOP03-DEL04-SP;;;
706611;22/07/2025;ter�a-feira;19:50:00;RS;116;134;CAXIAS DO SUL;Rea��o tardia ou ineficiente do condutor;Tombamento;Com V�timas Feridas;Plena Noite;Decrescente;C�u Claro;Simples;Curva;N�o;1;0;1;0;0;0;1;1;-29,064054;-51,097457;SPRF-RS;DEL05-RS;UOP01-DEL05-RS;;;
706621;22/07/2025;ter�a-feira;22:55:00;BA;116;185,8;CANUDOS;Condutor Dormindo;Sa�da de leito carro��vel;Com V�timas Feridas;Plena Noite;Decrescente;Nublado;Simples;Reta;N�o;1;0;0;1;0;0;1;1;-10,236283;-39,086854;SPRF-BA;DEL07-BA;UOP03-DEL07-BA;;;
706629;23/07/2025;quarta-feira;07:15:00;SC;470;146;RIO DO SUL;Acessar a via sem observar a presen�a dos outros ve�culos;Colis�o transversal;Com V�timas Feridas;Pleno dia;Crescente;C�u Claro;Simples;Retorno Regulamentado;N�o;4;0;1;0;2;1;1;4;-27,23964153;-49,68469832;SPRF-SC;DEL04-SC;UOP02-DEL04-SC;;;
706631;23/07/2025;quarta-feira;06:50:00;PR;476;341;PAULA FREITAS;Afundamento ou ondula��o no pavimento;Colis�o lateral mesmo sentido;Com V�timas Feridas;Amanhecer;Decrescente;Nevoeiro/Neblina;Simples;Reta;N�o;2;0;1;0;1;0;1;2;-26,17731577;-50,91785431;SPRF-PR;DEL02-PR;UOP03-DEL02-PR;;;
706632;22/07/2025;ter�a-feira;23:37:00;SP;116;566;BARRA DO TURVO;Ingest�o de �lcool pelo condutor;Colis�o traseira;Sem V�timas;Plena Noite;Decrescente;C�u Claro;Simples;Curva;N�o;2;0;0;0;2;0;0;2;-25,046746;-48,544406;SPRF-SP;DEL05-SP;UOP02-DEL05-SP;;;
706636;14/06/2025;s�bado;05:42:00;PA;163;299;NOVO PROGRESSO;Condutor Dormindo;Sa�da de leito carro��vel;Com V�timas Feridas;Amanhecer;Crescente;C�u Claro;Simples;Reta;N�o;2;0;1;0;0;3;1;4;-7,134783;-55,38567;SPRF-PA;DEL05-PA;UOP03-DEL05-PA;;;
706637;23/07/2025;quarta-feira;07:30:00;DF;20;19,2;BRASILIA;Aus�ncia de rea��o do condutor;Colis�o transversal;Com V�timas Feridas;Pleno dia;Crescente;C�u Claro;Dupla;Declive;Sim;4;0;0;1;2;2;1;5;-15,6154066;-47,70602524;SPRF-DF;DEL02-DF;UOP01-DEL02-DF;;;
706640;23/07/2025;quarta-feira;07:26:00;PR;376;5,6;MARINGA;Aus�ncia de rea��o do condutor;Colis�o lateral mesmo sentido;Sem V�timas;Amanhecer;Crescente;C�u Claro;Dupla;"Aclive;Reta";Sim;7;0;0;0;5;3;0;8;-23,46180943;-51,9165802;SPRF-PR;DEL09-PR;UOP01-DEL09-PR;;;
706641;23/07/2025;quarta-feira;07:50:00;PR;376;5,6;MARINGA;Rea��o tardia ou ineficiente do condutor;Colis�o traseira;Com V�timas Feridas;Pleno dia;Crescente;Sol;Dupla;"Reta;Aclive";Sim;2;0;1;0;0;1;1;2;-23,37901812;-51,94672672;SPRF-PR;DEL09-PR;UOP01-DEL09-PR;;;
706642;03/05/2025;s�bado;14:19:00;PA;163;287;NOVO PROGRESSO;Aus�ncia de rea��o do condutor;Tombamento;Sem V�timas;Pleno dia;Crescente;C�u Claro;Simples;Reta;N�o;2;0;0;0;0;3;0;3;-7,237322;-55,34413;SPRF-PA;DEL05-PA;UOP03-DEL05-PA;;;
706646;23/07/2025;quarta-feira;06:45:00;MT;364;208;RONDONOPOLIS;Condutor Dormindo;Colis�o lateral mesmo sentido;Com V�timas Feridas;Pleno dia;Decrescente;C�u Claro;Dupla;Reta;Sim;5;0;1;0;2;6;1;9;-16,43105567;-54,69140589;SPRF-MT;DEL02-MT;UOP01-DEL02-MT;;;
706648;18/07/2025;sexta-feira;20:50:00;RJ;40;54;PETROPOLIS;Mal s�bito do condutor;Colis�o traseira;Sem V�timas;Plena Noite;Decrescente;C�u Claro;Dupla;Curva;N�o;7;0;0;0;5;2;0;4;-22,35144329;-43,12058821;SPRF-RJ;DEL05-RJ;UOP02-DEL05-RJ;;;
706650;23/07/2025;quarta-feira;08:20:00;PE;423;75,2;JUCATI;Ultrapassagem Indevida;Colis�o frontal;Com V�timas Feridas;Pleno dia;Decrescente;Chuva;Simples;"Declive;Reta";N�o;5;0;4;0;1;0;4;2;-8,72597;-36,43036;SPRF-PE;DEL03-PE;UOP01-DEL03-PE;;;
706653;23/07/2025;quarta-feira;07:15:00;MG;116;688,6;MURIAE;Velocidade Incompat�vel;Tombamento;Com V�timas Feridas;Pleno dia;Crescente;C�u Claro;Simples;"Declive;Curva";N�o;2;0;1;0;0;1;1;2;-21,009571;-42,361352;SPRF-MG;DEL07-MG;UOP02-DEL07-MG;;;
706656;23/07/2025;quarta-feira;09:00:00;MG;381;159,5;GOVERNADOR VALADARES;Transitar na contram�o;Colis�o frontal;Com V�timas Feridas;Pleno dia;Crescente;Sol;Simples;Reta;N�o;3;0;0;3;0;0;3;2;-18,925808;-42,036937;SPRF-MG;DEL06-MG;UOP01-DEL06-MG;;;
706665;23/07/2025;quarta-feira;09:40:00;RJ;101;283;ITABORAI;Aus�ncia de rea��o do condutor;Colis�o traseira;Com V�timas Feridas;Pleno dia;Crescente;C�u Claro;Dupla;Aclive;N�o;6;0;0;1;4;1;1;3;-22,73621995;-42,80122932;SPRF-RJ;DEL02-RJ;UOP02-DEL02-RJ;;;
706666;02/07/2025;quarta-feira;07:19:00;GO;60;114;TEREZOPOLIS DE GOIAS;Aus�ncia de rea��o do condutor;Colis�o traseira;Com V�timas Feridas;Pleno dia;Decrescente;C�u Claro;Dupla;Aclive;N�o;5;0;2;0;3;0;2;5;-16,472047;-49,076769;SPRF-GO;DEL01-GO;UOP01-DEL01-GO;;;
706669;23/07/2025;quarta-feira;09:50:00;AL;101;52;FLEXEIRAS;Acumulo de �gua sobre o pavimento;Colis�o lateral mesmo sentido;Sem V�timas;Pleno dia;Decrescente;Chuva;Dupla;Curva;N�o;3;0;0;0;2;1;0;3;-9,248996;-35,757572;SPRF-AL;DEL01-AL;UOP02-DEL01-AL;;;
706670;09/04/2025;quarta-feira;15:00:00;BA;116;539;ITATIM;Manobra de mudan�a de faixa;Colis�o frontal;Com V�timas Feridas;Pleno dia;Crescente;C�u Claro;Simples;Reta;N�o;3;0;2;0;0;1;2;3;-12,81512;-39,82522;SPRF-BA;DEL03-BA;UOP02-DEL03-BA;;;
706677;20/06/2025;sexta-feira;07:08:00;PA;163;332;NOVO PROGRESSO;Aus�ncia de rea��o do condutor;Colis�o traseira;Com V�timas Feridas;Pleno dia;Decrescente;Ignorado;Simples;Reta;N�o;2;0;1;0;0;1;1;2;-6,864051;-55,444585;SPRF-PA;DEL05-PA;UOP03-DEL05-PA;;;
706679;20/07/2025;domingo;02:30:00;SP;116;364;MIRACATU;Condutor Dormindo;Tombamento;Com V�timas Feridas;Plena Noite;Crescente;Nublado;Dupla;Curva;N�o;2;0;1;0;0;1;1;2;-24,14376223;-47,27232674;SPRF-SP;DEL04-SP;UOP02-DEL04-SP;;;
706680;23/07/2025;quarta-feira;12:30:00;SC;280;31,7;ARAQUARI;Condutor deixou de manter dist�ncia do ve�culo da frente;Colis�o traseira;Com V�timas Feridas;Pleno dia;Decrescente;Nublado;Simples;Reta;Sim;3;0;1;0;2;0;1;3;-26,4168864;-48,7732237;SPRF-SC;DEL03-SC;UOP03-DEL03-SC;;;
706687;23/07/2025;quarta-feira;10:30:00;RS;471;678,5;CHUI;Desrespeitar a prefer�ncia no cruzamento;Colis�o transversal;Com V�timas Feridas;Pleno dia;Crescente;C�u Claro;Simples;"Curva;Interse��o de Vias";N�o;3;0;1;0;1;1;1;3;-33,68057639;-53,4485621;SPRF-RS;DEL07-RS;UOP04-DEL07-RS;;;
706688;23/07/2025;quarta-feira;13:00:00;MG;251;427,8;GRAO MOGOL;Velocidade Incompat�vel;Tombamento;Com V�timas Fatais;Pleno dia;Crescente;Sol;Simples;Curva;N�o;2;1;0;0;0;1;0;2;-16,33690716;-43,13798285;SPRF-MG;DEL12-MG;UOP01-DEL12-MG;;;
706691;23/07/2025;quarta-feira;12:30:00;ES;101;53,8;SAO MATEUS;Mal s�bito do condutor;Colis�o lateral sentido oposto;Com V�timas Feridas;Pleno dia;Crescente;C�u Claro;Simples;Reta;N�o;3;0;0;1;1;2;1;4;-18,637979;-39,8773582;SPRF-ES;DEL04-ES;UOP02-DEL04-ES;;;
706692;23/07/2025;quarta-feira;13:30:00;PR;277;115;CAMPO LARGO;Acesso irregular;Colis�o transversal;Com V�timas Feridas;Pleno dia;Crescente;C�u Claro;Dupla;Reta;Sim;3;0;1;0;1;1;1;3;-25,436337;-49,443152;SPRF-PR;DEL03-PR;UOP03-DEL03-PR;;;
706697;23/07/2025;quarta-feira;05:45:00;MA;135;15;SAO LUIS;Convers�o proibida;Engavetamento;Sem V�timas;Pleno dia;Decrescente;C�u Claro;Dupla;Curva;Sim;4;0;0;0;3;2;0;5;-2,56813798;-44,35884476;SPRF-MA;DEL01-MA;UOP01-DEL01-MA;;;
706698;23/07/2025;quarta-feira;14:40:00;SC;101;194,2;BIGUACU;Mal s�bito do condutor;Colis�o traseira;Com V�timas Feridas;Pleno dia;Crescente;Nublado;Dupla;Reta;Sim;2;0;1;0;1;0;1;2;-27,500075;-48,655197;SPRF-SC;DEL01-SC;UOP01-DEL01-SC;;;
706699;13/07/2025;domingo;08:45:00;RS;392;88;PELOTAS;Acostamento em desn�vel;Tombamento;Com V�timas Feridas;Amanhecer;Crescente;Nevoeiro/Neblina;Simples;Aclive;N�o;3;0;2;0;0;1;2;2;-31,60919645;-52,5131774;SPRF-RS;DEL07-RS;UOP01-DEL07-RS;;;
706700;23/07/2025;quarta-feira;12:15:00;MG;251;310;SALINAS;Pedestre andava na pista;Atropelamento de Pedestre;Com V�timas Fatais;Pleno dia;Decrescente;Sol;Simples;Reta;N�o;4;1;0;0;1;3;0;4;-16,13784743;-42,27442503;SPRF-MG;DEL12-MG;UOP02-DEL12-MG;;;
706701;23/07/2025;quarta-feira;13:30:00;MG;365;5,4;MONTES CLAROS;Velocidade Incompat�vel;Tombamento;Sem V�timas;Pleno dia;Decrescente;Sol;Simples;"Declive;Curva";N�o;1;0;0;0;1;0;0;1;-16,806855;-43,90501;SPRF-MG;DEL12-MG;UOP01-DEL12-MG;;;
706705;23/07/2025;quarta-feira;14:50:00;CE;222;109;SOBRAL;Rea��o tardia ou ineficiente do condutor;Colis�o traseira;Com V�timas Feridas;Pleno dia;Crescente;C�u Claro;Simples;"Declive;Curva";N�o;7;0;3;0;3;1;3;3;-3,7189521;-40,3323178;SPRF-CE;DEL04-CE;UOP03-DEL04-CE;;;
706707;23/07/2025;quarta-feira;15:55:00;PE;101;45;IGARASSU;Sinaliza��o mal posicionada;Atropelamento de Pedestre;Com V�timas Feridas;Pleno dia;Decrescente;C�u Claro;M�ltipla;Reta;Sim;2;0;0;1;0;1;1;2;-7,872828;-34,906256;SPRF-PE;DEL01-PE;UOP02-DEL01-PE;;;
706711;23/07/2025;quarta-feira;16:30:00;RJ;116;309;RESENDE;Aus�ncia de rea��o do condutor;Colis�o lateral mesmo sentido;Sem V�timas;Pleno dia;Decrescente;C�u Claro;M�ltipla;Reta;Sim;2;0;0;0;2;0;0;2;-22,458773;-44,42557275;SPRF-RJ;DEL07-RJ;UOP02-DEL07-RJ;;;
706716;23/07/2025;quarta-feira;11:30:00;RS;468;67,2;CAMPO NOVO;Acessar a via sem observar a presen�a dos outros ve�culos;Colis�o frontal;Com V�timas Feridas;Pleno dia;Decrescente;C�u Claro;Simples;Reta;N�o;6;0;4;0;1;2;4;5;-27,73534203;-53,84086059;SPRF-RS;DEL08-RS;UOP02-DEL08-RS;;;
706719;23/07/2025;quarta-feira;16:50:00;RS;116;566;PEDRO OSORIO;Problema na suspens�o;Colis�o com objeto;Com V�timas Feridas;Pleno dia;Crescente;C�u Claro;Simples;Reta;N�o;4;0;1;0;3;0;1;1;-31,93417233;-52,74566174;SPRF-RS;DEL07-RS;UOP03-DEL07-RS;;;
706731;23/07/2025;quarta-feira;17:50:00;RS;386;234,1;SOLEDADE;Problema com o freio;Colis�o frontal;Com V�timas Fatais;Anoitecer;Crescente;Nublado;Simples;"Reta;Ponte;Em Obras";N�o;2;1;1;0;0;0;1;2;-28,72376491;-52,55976889;SPRF-RS;DEL04-RS;UOP03-DEL04-RS;;;
706733;21/06/2025;s�bado;20:30:00;SC;153;73,8;IRANI;Ingest�o de �lcool pelo condutor;Tombamento;Com V�timas Fatais;Plena Noite;Decrescente;Nevoeiro/Neblina;Simples;"Aclive;Curva";N�o;3;2;0;0;0;2;0;4;-27,08391;-51,907296;SPRF-SC;DEL07-SC;UOP04-DEL07-SC;;;
706739;23/07/2025;quarta-feira;17:45:00;SC;116;6,9;MAFRA;Desrespeitar a prefer�ncia no cruzamento;Colis�o transversal;Com V�timas Feridas;Anoitecer;Crescente;C�u Claro;Simples;"Reta;Interse��o de Vias";Sim;3;0;1;0;1;1;1;3;-26,1524899;-49,8318602;SPRF-SC;DEL06-SC;UOP01-DEL06-SC;;;
706744;23/07/2025;quarta-feira;18:30:00;SC;101;153;PORTO BELO;Acessar a via sem observar a presen�a dos outros ve�culos;Colis�o lateral mesmo sentido;Com V�timas Feridas;Plena Noite;Crescente;C�u Claro;Dupla;Retorno Regulamentado;Sim;3;0;1;0;1;2;1;4;-27,14329975;-48,61011252;SPRF-SC;DEL04-SC;UOP03-DEL04-SC;;;
706747;23/07/2025;quarta-feira;07:50:00;MG;262;487,5;MOEMA;Velocidade Incompat�vel;Sa�da de leito carro��vel;Com V�timas Feridas;Pleno dia;Decrescente;C�u Claro;Simples;Reta;N�o;2;0;1;0;0;1;1;2;-19,78529716;-45,43251515;SPRF-MG;DEL08-MG;UOP03-DEL08-MG;;;
706749;23/07/2025;quarta-feira;18:25:00;SP;381;40;ATIBAIA;Entrada inopinada do pedestre;Atropelamento de Pedestre;Com V�timas Feridas;Plena Noite;Decrescente;C�u Claro;Dupla;Reta;Sim;3;0;0;1;2;0;1;3;-23,132993;-46,576243;SPRF-SP;DEL03-SP;UOP01-DEL03-SP;;;
706755;23/07/2025;quarta-feira;19:10:00;MG;365;807;GURINHATA;Demais falhas mec�nicas ou el�tricas;Inc�ndio;Sem V�timas;Plena Noite;Decrescente;C�u Claro;Simples;Reta;N�o;2;0;0;0;1;1;0;2;-18,894385;-49,973872;SPRF-MG;DEL15-MG;UOP03-DEL15-MG;;;
706756;23/07/2025;quarta-feira;19:41:00;PE;101;16;GOIANA;Aus�ncia de rea��o do condutor;Colis�o traseira;Com V�timas Fatais;Plena Noite;Decrescente;Garoa/Chuvisco;Dupla;Reta;N�o;4;1;0;0;1;2;0;3;-7,63362;-34,961036;SPRF-PE;DEL01-PE;UOP02-DEL01-PE;;;
706759;23/07/2025;quarta-feira;17:50:00;RN;226;288,2;AUGUSTO SEVERO;Velocidade Incompat�vel;Colis�o com objeto;Sem V�timas;Anoitecer;Crescente;C�u Claro;Simples;Curva;N�o;1;0;0;0;1;0;0;1;-5,86134247;-37,29347616;SPRF-RN;DEL03-RN;UOP01-DEL03-RN;;;
706765;23/07/2025;quarta-feira;11:20:00;PI;135;630;CRISTALANDIA DO PIAUI;Aus�ncia de rea��o do condutor;Tombamento;Com V�timas Feridas;Pleno dia;Decrescente;C�u Claro;Simples;"Aclive;Curva";N�o;2;0;1;0;0;1;1;2;-10,7450469;-45,16082771;SPRF-PI;DEL03-PI;UOP02-DEL03-PI;;;
706775;23/07/2025;quarta-feira;20:40:00;MS;158;3,1;CASSILANDIA;Aus�ncia de rea��o do condutor;Colis�o traseira;Com V�timas Feridas;Plena Noite;Crescente;C�u Claro;Simples;"Reta;Aclive";Sim;2;0;0;1;1;0;1;2;-19,119923;-51,735305;SPRF-MS;DEL08-MS;UOP01-DEL08-MS;;;
706776;23/07/2025;quarta-feira;22:15:00;SC;101;45,8;JOINVILLE;Ingest�o de �lcool pelo condutor;Colis�o lateral sentido oposto;Com V�timas Feridas;Plena Noite;Decrescente;Nublado;Dupla;Reta;N�o;2;0;0;1;1;0;1;2;-26,35665534;-48,85862438;SPRF-SC;DEL03-SC;UOP01-DEL03-SC;;;
706777;23/07/2025;quarta-feira;15:45:00;PA;230;585;VITORIA DO XINGU;Transitar na contram�o;Colis�o frontal;Com V�timas Fatais;Pleno dia;Crescente;C�u Claro;Simples;"Aclive;Reta";N�o;4;1;0;0;1;2;0;4;-3,10870883;-51,83916664;SPRF-PA;DEL04-PA;UOP01-DEL04-PA;;;
706778;23/07/2025;quarta-feira;21:40:00;GO;452;184;ITUMBIARA;Rea��o tardia ou ineficiente do condutor;Tombamento;Com V�timas Feridas;Plena Noite;Crescente;Nublado;Simples;Reta;N�o;2;0;1;0;0;2;1;3;-18,39772;-49,324048;SPRF-GO;DEL03-GO;UOP02-DEL03-GO;;;
706779;23/07/2025;quarta-feira;23:10:00;BA;324;607,1;SIMOES FILHO;Aus�ncia de rea��o do condutor;Colis�o traseira;Com V�timas Feridas;Plena Noite;Crescente;Garoa/Chuvisco;Dupla;"Reta;Aclive";N�o;2;0;1;0;0;1;1;2;-12,815706;-38,406181;SPRF-BA;DEL01-BA;UOP01-DEL01-BA;;;
706790;23/07/2025;quarta-feira;23:10:00;MG;381;848,9;POUSO ALEGRE;Velocidade Incompat�vel;Tombamento;Com V�timas Feridas;Plena Noite;Decrescente;C�u Claro;Dupla;Curva;N�o;1;0;1;0;0;0;1;1;-22,23381086;-45,87650299;SPRF-MG;DEL16-MG;UOP01-DEL16-MG;;;
706794;24/07/2025;quinta-feira;00:40:00;PI;316;34;DEMERVAL LOBAO;Aus�ncia de rea��o do condutor;Colis�o lateral sentido oposto;Com V�timas Feridas;Plena Noite;Decrescente;C�u Claro;Dupla;Reta;Sim;2;0;1;0;1;0;1;2;-5,368697;-42,672792;SPRF-PI;DEL01-PI;UOP02-DEL01-PI;;;
706795;24/07/2025;quinta-feira;01:40:00;RJ;116;302;RESENDE;Condutor deixou de manter dist�ncia do ve�culo da frente;Engavetamento;Com V�timas Feridas;Plena Noite;Crescente;C�u Claro;Dupla;Reta;N�o;5;0;0;1;3;1;1;5;-22,46082046;-44,40114856;SPRF-RJ;DEL07-RJ;UOP02-DEL07-RJ;;;
706797;24/07/2025;quinta-feira;03:00:00;ES;101;272,4;SERRA;Condutor Dormindo;Sa�da de leito carro��vel;Com V�timas Feridas;Plena Noite;Crescente;C�u Claro;M�ltipla;Reta;Sim;2;0;1;0;0;2;1;3;-20,2237503;-40,2876038;SPRF-ES;DEL02-ES;UOP01-DEL02-ES;;;
706800;24/07/2025;quinta-feira;03:00:00;MS;262;236;RIBAS DO RIO PARDO;Demais falhas mec�nicas ou el�tricas;Inc�ndio;Sem V�timas;Plena Noite;Crescente;C�u Claro;Simples;"Reta;Aclive";N�o;2;0;0;0;1;3;0;4;-20,45655733;-53,72681513;SPRF-MS;DEL01-MS;UOP05-DEL01-MS;;;
706805;24/07/2025;quinta-feira;03:50:00;MG;50;52;ARAGUARI;Condutor Dormindo;Colis�o traseira;Com V�timas Feridas;Plena Noite;Decrescente;C�u Claro;Dupla;"Curva;Aclive";N�o;3;0;1;0;1;3;1;5;-18,75380923;-48,23973868;SPRF-MG;DEL15-MG;UOP02-DEL15-MG;;;