id;data_inversa;dia_semana;horario;uf;br;km;municipio;causa_acidente;tipo_acidente;classificacao_acidente;fase_dia;sentido_via;condicao_metereologica;tipo_pista;tracado_via;uso_solo;pessoas;mortos;feridos_leves;feridos_graves;ilesos;ignorados;feridos;veiculos;latitude;longitude;regional;delegacia;uop;;;
706808;24/07/2025;quinta-feira;05:30:00;CE;222;14;CAUCAIA;Aus�ncia de rea��o do condutor;Colis�o traseira;Com V�timas Feridas;Pleno dia;Decrescente;Nublado;Dupla;"Reta;Desvio Tempor�rio";N�o;2;0;0;1;0;1;1;2;-3,76041119;-38,6945799;SPRF-CE;DEL01-CE;UOP01-DEL01-CE;;;
706809;24/07/2025;quinta-feira;06:15:00;SP;116;155,9;SAO JOSE DOS CAMPOS;Rea��o tardia ou ineficiente do condutor;Colis�o com objeto;Com V�timas Feridas;Amanhecer;Crescente;C�u Claro;M�ltipla;"Reta;Em Obras";N�o;3;0;1;0;1;1;1;3;-23,248504;-45,933002;SPRF-SP;DEL02-SP;UOP01-DEL02-SP;;;
706812;23/07/2025;quarta-feira;23:15:00;GO;452;59;MAURILANDIA;Problema com o freio;Inc�ndio;Sem V�timas;Plena Noite;Crescente;C�u Claro;Simples;"Reta;Aclive";N�o;2;0;0;0;1;2;0;3;-18,00039594;-50,39836105;SPRF-GO;DEL04-GO;UOP01-DEL04-GO;;;
706814;24/07/2025;quinta-feira;06:50:00;MG;381;507;SAO JOAQUIM DE BICAS;Trafegar com motocicleta (ou similar) entre as faixas;Colis�o lateral mesmo sentido;Sem V�timas;Pleno dia;Decrescente;C�u Claro;Dupla;Reta;Sim;2;0;0;0;0;2;0;2;-20,041778;-44,263831;SPRF-MG;DEL01-MG;UOP03-DEL01-MG;;;
706815;24/07/2025;quinta-feira;06:15:00;RN;304;67,5;MOSSORO;Demais falhas mec�nicas ou el�tricas;Sa�da de leito carro��vel;Com V�timas Feridas;Amanhecer;Crescente;C�u Claro;Simples;Reta;N�o;2;0;1;0;0;1;1;2;-5,382655;-37,236657;SPRF-RN;DEL04-RN;UOP01-DEL04-RN;;;
706817;24/07/2025;quinta-feira;07:03:00;GO;60;176,7;ABADIA DE GOIAS;Aus�ncia de rea��o do condutor;Colis�o traseira;Com V�timas Feridas;Pleno dia;Decrescente;C�u Claro;Dupla;"Reta;Aclive";N�o;3;0;1;0;1;2;1;4;-16,77067677;-49,48013862;SPRF-GO;DEL01-GO;UOP02-DEL01-GO;;;
706826;24/07/2025;quinta-feira;08:20:00;SC;101;115;ITAJAI;Rea��o tardia ou ineficiente do condutor;Colis�o lateral mesmo sentido;Com V�timas Feridas;Pleno dia;Decrescente;Nublado;Dupla;Reta;Sim;3;0;1;0;1;1;1;3;-26,87551776;-48,72694016;SPRF-SC;DEL04-SC;UOP04-DEL04-SC;;;
706831;22/07/2025;ter�a-feira;11:00:00;PA;230;358;PACAJA;Transitar na contram�o;Colis�o frontal;Com V�timas Fatais;Pleno dia;Crescente;C�u Claro;Simples;"Reta;Declive";N�o;3;1;0;0;2;0;0;2;-3,98518043;-50,26543808;SPRF-PA;DEL03-PA;UOP01-DEL03-PA;;;
706839;24/07/2025;quinta-feira;07:59:00;BA;324;624;SALVADOR;Rea��o tardia ou ineficiente do condutor;Colis�o traseira;Com V�timas Feridas;Pleno dia;Crescente;Garoa/Chuvisco;Dupla;Reta;Sim;3;0;0;1;2;0;1;3;-12,950127;-38,470675;SPRF-BA;DEL01-BA;UOP01-DEL01-BA;;;
706842;24/07/2025;quinta-feira;08:05:00;PE;101;57;RECIFE;Condutor deixou de manter dist�ncia do ve�culo da frente;Colis�o traseira;Com V�timas Feridas;Pleno dia;Crescente;Nublado;Dupla;Reta;Sim;3;0;1;0;2;0;1;2;-7,96835;-34,91931;SPRF-PE;DEL01-PE;UOP02-DEL01-PE;;;
706843;24/07/2025;quinta-feira;06:54:00;CE;222;314;TIANGUA;Aus�ncia de rea��o do condutor;Colis�o lateral mesmo sentido;Com V�timas Feridas;Pleno dia;Crescente;C�u Claro;Dupla;Curva;Sim;3;0;2;0;1;0;2;2;-3,73956018;-41,00578308;SPRF-CE;DEL04-CE;UOP02-DEL04-CE;;;
706845;24/07/2025;quinta-feira;08:45:00;SP;116;523;BARRA DO TURVO;Rea��o tardia ou ineficiente do condutor;Colis�o lateral mesmo sentido;Com V�timas Feridas;Pleno dia;Crescente;C�u Claro;Dupla;Reta;N�o;4;0;2;0;1;2;2;4;-24,9288414;-48,2715891;SPRF-SP;DEL05-SP;UOP02-DEL05-SP;;;
706848;24/07/2025;quinta-feira;09:45:00;PE;101;43;IGARASSU;Acesso irregular;Colis�o transversal;Com V�timas Feridas;Pleno dia;Crescente;C�u Claro;Dupla;Reta;N�o;3;0;1;0;1;1;1;3;-7,845118;-34,91074;SPRF-PE;DEL01-PE;UOP02-DEL01-PE;;;
706853;24/07/2025;quinta-feira;09:00:00;MG;262;385;MATEUS LEME;Velocidade Incompat�vel;Tombamento;Com V�timas Feridas;Pleno dia;Decrescente;C�u Claro;Dupla;Curva;Sim;2;0;1;0;0;1;1;2;-19,91905989;-44,47979093;SPRF-MG;DEL01-MG;UOP03-DEL01-MG;;;
706861;12/07/2025;s�bado;09:40:00;PR;277;22;MORRETES;Manobra de mudan�a de faixa;Colis�o lateral mesmo sentido;Com V�timas Feridas;Pleno dia;Crescente;Sol;Dupla;Reta;N�o;3;0;1;0;1;1;1;3;-25,53147323;-48,71789575;SPRF-PR;DEL01-PR;UOP05-DEL01-PR;;;
706863;24/07/2025;quinta-feira;07:30:00;MG;40;432;PARAOPEBA;Demais falhas mec�nicas ou el�tricas;Sa�da de leito carro��vel;Com V�timas Feridas;Pleno dia;Crescente;C�u Claro;Dupla;"Declive;Reta";N�o;1;0;1;0;0;0;1;1;-19,2567817;-44,4227439;SPRF-MG;DEL02-MG;UOP01-DEL02-MG;;;
706865;13/07/2025;domingo;07:09:00;SP;116;219,6;GUARULHOS;Ultrapassagem Indevida;Tombamento;Com V�timas Fatais;Pleno dia;Crescente;C�u Claro;M�ltipla;"Reta;Em Obras";Sim;5;2;0;0;2;1;0;3;-23,464552;-46,49852;SPRF-SP;DEL01-SP;UOP01-DEL01-SP;;;
706868;24/07/2025;quinta-feira;12:25:00;PR;153;46,5;SANTO ANTONIO DA PLATINA;Demais falhas mec�nicas ou el�tricas;Inc�ndio;Sem V�timas;Pleno dia;Decrescente;C�u Claro;Simples;"Declive;Reta";N�o;2;0;0;0;1;1;0;2;-23,36958387;-50,16558588;SPRF-PR;DEL07-PR;UOP04-DEL07-PR;;;
706870;24/07/2025;quinta-feira;11:00:00;SC;280;138,3;RIO NEGRINHO;Pedestre cruzava a pista fora da faixa;Atropelamento de Pedestre;Com V�timas Fatais;Pleno dia;Crescente;Nublado;Simples;"Declive;Reta";Sim;3;1;0;0;2;0;0;2;-26,2607;-49,59935;SPRF-SC;DEL06-SC;UOP03-DEL06-SC;;;
706874;26/06/2025;quinta-feira;11:56:00;MG;50;33;ARAGUARI;Rea��o tardia ou ineficiente do condutor;Colis�o traseira;Com V�timas Feridas;Pleno dia;Crescente;C�u Claro;Dupla;Reta;N�o;3;0;0;1;1;2;1;4;-18,640434;-48,123959;SPRF-MG;DEL15-MG;UOP02-DEL15-MG;;;
706875;24/07/2025;quinta-feira;10:00:00;SP;116;504;CAJATI;Velocidade Incompat�vel;Tombamento;Com V�timas Feridas;Pleno dia;Crescente;Nublado;M�ltipla;"Curva;Aclive";N�o;2;0;1;0;0;1;1;2;-24,789613;-48,210933;SPRF-SP;DEL05-SP;UOP02-DEL05-SP;;;
706876;24/07/2025;quinta-feira;11:30:00;BA;101;103;ALAGOINHAS;Pista esburacada;Colis�o transversal;Com V�timas Feridas;Pleno dia;Crescente;C�u Claro;Simples;Reta;Sim;3;0;0;1;2;0;1;3;-12,10258243;-38,37450075;SPRF-BA;DEL01-BA;UOP04-DEL01-BA;;;
706878;24/07/2025;quinta-feira;11:30:00;SC;101;101;BALNEARIO PICARRAS;Rea��o tardia ou ineficiente do condutor;Engavetamento;Com V�timas Feridas;Pleno dia;Crescente;Nublado;M�ltipla;Reta;N�o;7;0;2;0;4;1;2;6;-26,76595859;-48,68664265;SPRF-SC;DEL03-SC;UOP02-DEL03-SC;;;
706883;24/07/2025;quinta-feira;11:30:00;MG;40;34;PARACATU;Condutor deixou de manter dist�ncia do ve�culo da frente;Colis�o traseira;Com V�timas Feridas;Pleno dia;Decrescente;C�u Claro;Simples;"Aclive;Curva";N�o;2;0;0;1;0;1;1;2;-17,43891708;-46,69733942;SPRF-MG;DEL14-MG;UOP01-DEL14-MG;;;
706898;14/06/2025;s�bado;15:49:00;PA;163;233;NOVO PROGRESSO;Ingest�o de �lcool pelo condutor;Colis�o frontal;Com V�timas Fatais;Pleno dia;Decrescente;C�u Claro;Simples;Reta;N�o;2;1;1;0;0;0;1;2;-7,65948799;-55,22007465;SPRF-PA;DEL05-PA;UOP03-DEL05-PA;;;
706899;25/03/2025;ter�a-feira;07:35:00;MG;381;326;NOVA ERA;Convers�o proibida;Colis�o lateral mesmo sentido;Com V�timas Feridas;Pleno dia;Decrescente;C�u Claro;Simples;Reta;N�o;3;0;0;1;1;1;1;3;-19,74848;-43,02431;SPRF-MG;DEL03-MG;UOP02-DEL03-MG;;;
706900;24/07/2025;quinta-feira;13:30:00;RJ;40;14;COMENDADOR LEVY GASPARIAN;Condutor deixou de manter dist�ncia do ve�culo da frente;Colis�o traseira;Com V�timas Feridas;Pleno dia;Decrescente;C�u Claro;Dupla;Aclive;N�o;3;0;1;0;1;1;1;3;-22,0466486;-43,24545979;SPRF-RJ;DEL05-RJ;UOP02-DEL05-RJ;;;
706901;24/07/2025;quinta-feira;15:10:00;SP;116;145;SAO JOSE DOS CAMPOS;Condutor deixou de manter dist�ncia do ve�culo da frente;Engavetamento;Com V�timas Feridas;Pleno dia;Crescente;C�u Claro;M�ltipla;Reta;Sim;6;0;1;0;5;0;1;6;-23,189516;-45,860052;SPRF-SP;DEL02-SP;UOP01-DEL02-SP;;;
706909;22/06/2025;domingo;21:00:00;MG;381;652,2;SANTO ANTONIO DO AMPARO;Demais falhas mec�nicas ou el�tricas;Inc�ndio;Sem V�timas;Plena Noite;Decrescente;C�u Claro;Dupla;Reta;N�o;2;0;0;0;1;1;0;2;-20,963043;-44,929743;SPRF-MG;DEL04-MG;UOP02-DEL04-MG;;;
706912;15/04/2025;ter�a-feira;20:15:00;BA;101;734;ITABELA;Velocidade Incompat�vel;Tombamento;Com V�timas Feridas;Pleno dia;Crescente;Nublado;Simples;Curva;N�o;2;0;0;1;0;1;1;2;-16,49303882;-39,57444161;SPRF-BA;DEL09-BA;UOP01-DEL09-BA;;;
706913;24/07/2025;quinta-feira;09:30:00;AC;317;346;BRASILEIA;Demais falhas mec�nicas ou el�tricas;Inc�ndio;Sem V�timas;Pleno dia;Crescente;C�u Claro;Simples;"Reta;Aclive";N�o;2;0;0;0;1;2;0;3;-10,854153;-69,085753;SPRF-AC;DEL01-AC;UOP02-DEL01-AC;;;
706915;24/07/2025;quinta-feira;15:30:00;SE;101;60,9;ROSARIO DO CATETE;Demais falhas mec�nicas ou el�tricas;Colis�o traseira;Com V�timas Feridas;Pleno dia;Crescente;C�u Claro;Dupla;Reta;N�o;7;0;2;0;4;1;2;4;-10,68236929;-37,03474045;SPRF-SE;DEL02-SE;UOP02-DEL02-SE;;;
706920;24/07/2025;quinta-feira;16:30:00;PR;277;28,5;MORRETES;Rea��o tardia ou ineficiente do condutor;Sa�da de leito carro��vel;Com V�timas Feridas;Pleno dia;Decrescente;Nublado;Dupla;Reta;Sim;2;0;1;0;0;2;1;3;-25,545588;-48,78411;SPRF-PR;DEL01-PR;UOP05-DEL01-PR;;;
706924;24/07/2025;quinta-feira;17:00:00;ES;101;269,3;SERRA;Acessar a via sem observar a presen�a dos outros ve�culos;Colis�o lateral mesmo sentido;Com V�timas Feridas;Anoitecer;Decrescente;C�u Claro;Simples;Reta;Sim;2;0;1;0;1;0;1;2;-20,22075232;-40,27018563;SPRF-ES;DEL02-ES;UOP01-DEL02-ES;;;
706926;24/07/2025;quinta-feira;16:00:00;PR;277;419,1;CANTAGALO;Acessar a via sem observar a presen�a dos outros ve�culos;Colis�o transversal;Com V�timas Feridas;Pleno dia;Crescente;Chuva;Simples;"Reta;Rotat�ria";Sim;4;0;2;0;1;1;2;3;-25,3793;-52,1304;SPRF-PR;DEL04-PR;UOP02-DEL04-PR;;;
706931;21/07/2025;segunda-feira;14:40:00;RS;386;437;NOVA SANTA RITA;Desrespeitar a prefer�ncia no cruzamento;Colis�o transversal;Com V�timas Feridas;Pleno dia;Decrescente;C�u Claro;Dupla;"Retorno Regulamentado;Curva";N�o;3;0;2;0;1;0;2;2;-29,85678954;-51,26240404;SPRF-RS;DEL04-RS;UOP02-DEL04-RS;;;
706932;11/04/2025;sexta-feira;08:00:00;BA;242;489;OLIVEIRA DOS BREJINHOS;Rea��o tardia ou ineficiente do condutor;Colis�o frontal;Com V�timas Feridas;Pleno dia;Decrescente;Nublado;Dupla;Curva;N�o;3;0;1;0;1;4;1;6;-12,41795926;-42,3600502;SPRF-BA;DEL06-BA;UOP01-DEL06-BA;;;
706935;24/07/2025;quinta-feira;18:00:00;PI;343;341;TERESINA;Desrespeitar a prefer�ncia no cruzamento;Colis�o traseira;Sem V�timas;Anoitecer;Decrescente;C�u Claro;Dupla;"Aclive;Rotat�ria";Sim;3;0;0;0;2;1;0;3;-5,08285;-42,750307;SPRF-PI;DEL01-PI;UOP01-DEL01-PI;;;
706936;24/07/2025;quinta-feira;17:30:00;GO;153;505;APARECIDA DE GOIANIA;Condutor deixou de manter dist�ncia do ve�culo da frente;Engavetamento;Com V�timas Feridas;Anoitecer;Crescente;C�u Claro;Dupla;Reta;N�o;5;0;1;0;4;0;1;4;-16,748898;-49,241023;SPRF-GO;DEL01-GO;UOP01-DEL01-GO;;;
706937;24/07/2025;quinta-feira;14:00:00;PA;10;352;SANTA MARIA DO PARA;Acostamento em desn�vel;Tombamento;Com V�timas Feridas;Pleno dia;Decrescente;C�u Claro;Simples;Reta;Sim;2;0;1;0;0;2;1;3;-1,366968;-47,570505;SPRF-PA;DEL01-PA;UOP02-DEL01-PA;;;
706938;24/07/2025;quinta-feira;18:00:00;PR;116;1;CAMPINA GRANDE DO SUL;Velocidade Incompat�vel;Tombamento;Com V�timas Feridas;Plena Noite;Crescente;Chuva;Dupla;"Aclive;Curva";N�o;2;0;1;0;1;0;1;1;-25,06398673;-48,57042789;SPRF-PR;DEL01-PR;UOP02-DEL01-PR;;;
706954;24/07/2025;quinta-feira;15:00:00;PR;277;481,5;NOVA LARANJEIRAS;Ultrapassagem Indevida;Colis�o frontal;Com V�timas Feridas;Pleno dia;Crescente;Chuva;Simples;Reta;N�o;2;0;1;0;1;0;1;2;-25,271759;-52,606975;SPRF-PR;DEL04-PR;UOP02-DEL04-PR;;;
706955;24/07/2025;quinta-feira;06:45:00;RJ;116;239;PIRAI;Demais falhas mec�nicas ou el�tricas;Inc�ndio;Sem V�timas;Pleno dia;Crescente;Nublado;Dupla;"Declive;Reta";N�o;3;0;0;0;3;0;0;1;-22,65189636;-43,89210619;SPRF-RJ;DEL07-RJ;UOP01-DEL07-RJ;;;
706957;06/06/2025;sexta-feira;15:00:00;BA;20;76;SAO DESIDERIO;Acessar a via sem observar a presen�a dos outros ve�culos;Colis�o transversal;Com V�timas Feridas;Pleno dia;Decrescente;C�u Claro;Simples;"Reta;Interse��o de Vias;Rotat�ria";N�o;3;0;0;1;1;1;1;3;-13,290525;-46,057385;SPRF-BA;DEL10-BA;UOP01-DEL10-BA;;;
706962;24/07/2025;quinta-feira;19:00:00;GO;452;98;GOIATUBA;Ultrapassagem Indevida;Colis�o com objeto;Com V�timas Feridas;Plena Noite;Crescente;C�u Claro;Simples;Ponte;N�o;3;0;1;1;0;2;2;3;-18,101241;-50,072959;SPRF-GO;DEL03-GO;UOP02-DEL03-GO;;;
706966;24/07/2025;quinta-feira;18:00:00;PR;163;132;CAPITAO LEONIDAS MARQUES;Rea��o tardia ou ineficiente do condutor;Colis�o traseira;Sem V�timas;Plena Noite;Decrescente;Chuva;Dupla;Reta;N�o;8;0;0;0;7;1;0;5;-25,54276878;-53,59357707;SPRF-PR;DEL05-PR;UOP05-DEL05-PR;;;
706970;24/07/2025;quinta-feira;15:10:00;RO;364;573;ITAPUA DO OESTE;Rea��o tardia ou ineficiente do condutor;Colis�o traseira;Com V�timas Feridas;Pleno dia;Decrescente;C�u Claro;Simples;Reta;N�o;5;0;1;0;2;2;1;5;-9,44822;-63,10237;SPRF-RO;DEL01-RO;UOP04-DEL01-RO;;;
706977;24/07/2025;quinta-feira;20:00:00;ES;101;457;MIMOSO DO SUL;Acessar a via sem observar a presen�a dos outros ve�culos;Colis�o lateral mesmo sentido;Com V�timas Feridas;Plena Noite;Crescente;C�u Claro;Simples;Reta;N�o;2;0;2;0;0;0;2;2;-21,19999687;-41,3009119;SPRF-ES;DEL03-ES;UOP02-DEL03-ES;;;
706980;24/07/2025;quinta-feira;19:40:00;SC;101;428,5;SOMBRIO;Aus�ncia de rea��o do condutor;Colis�o com objeto;Sem V�timas;Plena Noite;Decrescente;Chuva;M�ltipla;"Viaduto;Reta";N�o;3;0;0;0;2;1;0;3;-29,04890101;-49,6191683;SPRF-SC;DEL02-SC;UOP02-DEL02-SC;;;
706984;24/07/2025;quinta-feira;12:30:00;MG;262;799;UBERABA;Demais falhas mec�nicas ou el�tricas;Inc�ndio;Sem V�timas;Pleno dia;Crescente;Nublado;Dupla;Reta;Sim;2;0;0;0;1;1;0;2;-19,767185;-47,884303;SPRF-MG;DEL13-MG;UOP01-DEL13-MG;;;
706985;24/07/2025;quinta-feira;20:35:00;MG;251;518,9;MONTES CLAROS;Demais falhas mec�nicas ou el�tricas;Inc�ndio;Sem V�timas;Plena Noite;Crescente;C�u Claro;Simples;"Aclive;Reta";N�o;1;0;0;0;1;0;0;1;-16,6622;-43,765159;SPRF-MG;DEL12-MG;UOP01-DEL12-MG;;;
706986;24/07/2025;quinta-feira;19:35:00;MG;40;86,2;PARACATU;Entrada inopinada do pedestre;Atropelamento de Pedestre;Com V�timas Feridas;Plena Noite;Crescente;C�u Claro;Simples;Reta;N�o;3;0;0;1;1;1;1;3;-17,47283846;-46,63950205;SPRF-MG;DEL14-MG;UOP01-DEL14-MG;;;
706992;09/07/2025;quarta-feira;20:00:00;GO;153;356,2;JARAGUA;Acessar a via sem observar a presen�a dos outros ve�culos;Colis�o transversal;Com V�timas Feridas;Plena Noite;Crescente;C�u Claro;Simples;Interse��o de Vias;Sim;3;0;1;0;2;0;1;2;-15,73566052;-49,32309866;SPRF-GO;DEL02-GO;UOP02-DEL02-GO;;;
706996;24/07/2025;quinta-feira;21:15:00;PR;116;16;ANTONINA;Velocidade Incompat�vel;Sa�da de leito carro��vel;Com V�timas Feridas;Plena Noite;Crescente;Garoa/Chuvisco;Dupla;Curva;N�o;2;0;0;1;1;0;1;2;-25,10460357;-48,71440554;SPRF-PR;DEL01-PR;UOP02-DEL01-PR;;;
706999;24/07/2025;quinta-feira;23:40:00;GO;60;47;ABADIANIA;Velocidade Incompat�vel;Tombamento;Com V�timas Fatais;Plena Noite;Crescente;C�u Claro;Dupla;"Declive;Curva";N�o;2;1;1;0;0;0;1;1;-16,149;-48,61;SPRF-GO;DEL02-GO;UOP01-DEL02-GO;;;
707000;24/07/2025;quinta-feira;21:45:00;SP;116;156;SAO JOSE DOS CAMPOS;Estacionar ou parar em local proibido;Engavetamento;Com V�timas Feridas;Plena Noite;Crescente;Nublado;M�ltipla;"Em Obras;Aclive;Reta";Sim;5;0;0;1;1;3;1;4;-23,248065;-45,932428;SPRF-SP;DEL02-SP;UOP01-DEL02-SP;;;
707001;24/07/2025;quinta-feira;21:01:00;AM;230;616,8;HUMAITA;Acesso irregular;Colis�o transversal;Com V�timas Feridas;Plena Noite;Crescente;C�u Claro;Simples;"Reta;Interse��o de Vias";Sim;4;0;0;1;1;2;1;4;-7,53556321;-63,05665211;SPRF-AM;DEL02-AM;UOP01-DEL02-AM;;;
707005;24/07/2025;quinta-feira;21:07:00;MG;40;678;CARANDAI;Condutor Dormindo;Sa�da de leito carro��vel;Com V�timas Feridas;Plena Noite;Decrescente;C�u Claro;Simples;Reta;N�o;2;0;1;0;0;1;1;2;-21,03462584;-43,77430933;SPRF-MG;DEL05-MG;UOP02-DEL05-MG;;;
707007;25/07/2025;sexta-feira;00:20:00;MA;10;312;ACAILANDIA;Rea��o tardia ou ineficiente do condutor;Colis�o traseira;Com V�timas Feridas;Plena Noite;Decrescente;C�u Claro;M�ltipla;"Reta;Aclive";N�o;3;0;1;0;1;1;1;3;-5,005273;-47,541105;SPRF-MA;DEL04-MA;UOP03-DEL04-MA;;;
707009;25/07/2025;sexta-feira;03:10:00;BA;324;563;SAO SEBASTIAO DO PASSE;Demais falhas mec�nicas ou el�tricas;Inc�ndio;Sem V�timas;Plena Noite;Crescente;C�u Claro;Dupla;Reta;N�o;1;0;0;0;1;0;0;1;-12,519035;-38,617897;SPRF-BA;DEL01-BA;UOP01-DEL01-BA;;;
707012;25/07/2025;sexta-feira;05:00:00;SC;470;102,2;APIUNA;Transitar na contram�o;Colis�o frontal;Com V�timas Fatais;Plena Noite;Decrescente;Garoa/Chuvisco;Simples;Reta;N�o;8;3;0;3;2;0;3;2;-27,06312522;-49,3960962;SPRF-SC;DEL04-SC;UOP02-DEL04-SC;;;
707015;25/07/2025;sexta-feira;05:30:00;PA;316;25;BENEVIDES;Aus�ncia de rea��o do condutor;Sa�da de leito carro��vel;Com V�timas Feridas;Amanhecer;Decrescente;C�u Claro;Dupla;Reta;N�o;1;0;1;0;0;0;1;1;-1,331058;-48,23701;SPRF-PA;DEL01-PA;UOP01-DEL01-PA;;;
707018;25/07/2025;sexta-feira;00:10:00;MG;116;156;ITAOBIM;Condutor Dormindo;Tombamento;Com V�timas Feridas;Plena Noite;Crescente;C�u Claro;Simples;Reta;N�o;2;0;1;0;0;1;1;2;-16,57432;-41,5112678;SPRF-MG;DEL11-MG;UOP02-DEL11-MG;;;
707020;25/07/2025;sexta-feira;03:30:00;BA;101;65;ENTRE RIOS;Demais falhas mec�nicas ou el�tricas;Inc�ndio;Sem V�timas;Plena Noite;Decrescente;C�u Claro;Dupla;Reta;N�o;2;0;0;0;1;2;0;3;-11,95567674;-38,08334255;SPRF-BA;DEL01-BA;UOP04-DEL01-BA;;;
707022;25/07/2025;sexta-feira;06:45:00;PR;376;602,6;CURITIBA;�rea urbana sem a presen�a de local apropriado para a travessia de pedestres;Atropelamento de Pedestre;Com V�timas Fatais;Amanhecer;Crescente;Nublado;Dupla;Reta;Sim;3;1;0;0;1;1;0;3;-25,525681;-49,33054;SPRF-PR;DEL01-PR;UOP03-DEL01-PR;;;
707026;25/07/2025;sexta-feira;06:40:00;GO;40;25;LUZIANIA;Demais falhas na via;Colis�o transversal;Com V�timas Feridas;Pleno dia;Crescente;C�u Claro;Simples;"Curva;Em Obras";Sim;5;0;3;0;2;0;3;2;-16,25132707;-47,90158057;SPRF-DF;DEL01-DF;UOP01-DEL01-DF;;;
707027;24/07/2025;quinta-feira;22:04:00;SP;116;155,9;SAO JOSE DOS CAMPOS;Manobra de mudan�a de faixa;Colis�o lateral mesmo sentido;Sem V�timas;Plena Noite;Crescente;C�u Claro;M�ltipla;"Reta;Aclive;Em Obras;Desvio Tempor�rio";Sim;3;0;0;0;3;0;0;2;-23,247993;-45,932296;SPRF-SP;DEL02-SP;UOP01-DEL02-SP;;;
707028;24/07/2025;quinta-feira;23:05:00;SP;116;512;CAJATI;Rea��o tardia ou ineficiente do condutor;Tombamento;Com V�timas Feridas;Plena Noite;Decrescente;Garoa/Chuvisco;Dupla;"Aclive;Curva";N�o;1;0;1;0;0;0;1;1;-24,83208214;-48,21473328;SPRF-SP;DEL05-SP;UOP02-DEL05-SP;;;
707033;24/07/2025;quinta-feira;11:00:00;SC;116;107;MONTE CASTELO;Velocidade Incompat�vel;Colis�o traseira;Sem V�timas;Pleno dia;Decrescente;Nevoeiro/Neblina;Simples;Curva;N�o;5;0;0;0;5;0;0;2;-26,7570094;-50,3297364;SPRF-SC;DEL06-SC;UOP02-DEL06-SC;;;
707037;25/07/2025;sexta-feira;05:40:00;MS;262;145;AGUA CLARA;Ingest�o de subst�ncias psicoativas pelo condutor;Colis�o frontal;Sem V�timas;Amanhecer;Decrescente;C�u Claro;Simples;Curva;Sim;3;0;0;0;1;3;0;4;-20,444355;-52,898207;SPRF-MS;DEL07-MS;UOP02-DEL07-MS;;;
707038;25/07/2025;sexta-feira;06:50:00;MA;10;316,7;ACAILANDIA;Ultrapassagem Indevida;Colis�o lateral sentido oposto;Com V�timas Feridas;Amanhecer;Crescente;Nublado;Simples;"Reta;Aclive";N�o;2;0;1;0;1;0;1;2;-4,97158622;-47,51655579;SPRF-MA;DEL04-MA;UOP03-DEL04-MA;;;
707046;25/07/2025;sexta-feira;08:50:00;ES;262;24,9;VIANA;Demais falhas mec�nicas ou el�tricas;Inc�ndio;Sem V�timas;Pleno dia;Crescente;C�u Claro;Simples;"Reta;Aclive";N�o;1;0;0;0;1;0;0;1;-20,37904784;-40,5347965;SPRF-ES;DEL01-ES;UOP01-DEL01-ES;;;
707050;25/07/2025;sexta-feira;05:00:00;SC;158;103,1;CUNHA PORA;Transitar na contram�o;Colis�o frontal;Com V�timas Fatais;Plena Noite;Crescente;Nublado;Simples;"Reta;Declive";N�o;4;1;0;1;1;2;1;4;-26,8398674;-53,17251921;SPRF-SC;DEL07-SC;UOP02-DEL07-SC;;;
707051;25/07/2025;sexta-feira;10:00:00;SP;116;225;GUARULHOS;Manobra de mudan�a de faixa;Colis�o lateral mesmo sentido;Com V�timas Feridas;Pleno dia;Crescente;Nublado;Dupla;Reta;Sim;3;0;1;0;2;0;1;2;-23,48872319;-46,54578622;SPRF-SP;DEL01-SP;UOP01-DEL01-SP;;;
707062;25/07/2025;sexta-feira;08:40:00;MT;70;521,6;VARZEA GRANDE;Condutor desrespeitou a ilumina��o vermelha do sem�foro;Colis�o transversal;Com V�timas Feridas;Pleno dia;Decrescente;Sol;Simples;"Reta;Interse��o de Vias";Sim;3;0;1;0;1;3;1;5;-15,668007;-56,181679;SPRF-MT;DEL01-MT;UOP02-DEL01-MT;;;
707064;25/07/2025;sexta-feira;11:00:00;SP;116;205;ARUJA;Entrada inopinada do pedestre;Atropelamento de Pedestre;Com V�timas Feridas;Pleno dia;Decrescente;C�u Claro;M�ltipla;"Reta;Interse��o de Vias";Sim;3;0;1;0;1;1;1;3;-23,41511807;-46,36723685;SPRF-SP;DEL01-SP;UOP01-DEL01-SP;;;
707073;25/07/2025;sexta-feira;11:45:00;SC;101;177,5;GOVERNADOR CELSO RAMOS;Rea��o tardia ou ineficiente do condutor;Colis�o traseira;Com V�timas Feridas;Pleno dia;Decrescente;Chuva;M�ltipla;Reta;Sim;2;0;1;0;1;0;1;2;-27,36015;-48,63285;SPRF-SC;DEL01-SC;UOP01-DEL01-SC;;;
707075;25/07/2025;sexta-feira;11:38:00;PR;277;69;SAO JOSE DOS PINHAIS;Aus�ncia de rea��o do condutor;Colis�o traseira;Com V�timas Feridas;Pleno dia;Crescente;C�u Claro;Dupla;Reta;N�o;4;0;1;0;1;4;1;6;-25,51375;-49,122863;SPRF-PR;DEL01-PR;UOP01-DEL01-PR;;;
707079;25/07/2025;sexta-feira;10:30:00;PE;407;129;PETROLINA;Manobra de mudan�a de faixa;Colis�o lateral mesmo sentido;Com V�timas Fatais;Pleno dia;Crescente;C�u Claro;Dupla;"Ponte;Reta";Sim;3;1;0;0;1;1;0;3;-9,40669127;-40,50464837;SPRF-PE;DEL06-PE;UOP01-DEL06-PE;;;