id;data_inversa;dia_semana;horario;uf;br;km;municipio;causa_acidente;tipo_acidente;classificacao_acidente;fase_dia;sentido_via;condicao_metereologica;tipo_pista;tracado_via;uso_solo;pessoas;mortos;feridos_leves;feridos_graves;ilesos;ignorados;feridos;veiculos;latitude;longitude;regional;delegacia;uop;;;
707081;25/07/2025;sexta-feira;11:47:00;PR;116;126;FAZENDA RIO GRANDE;Aus�ncia de rea��o do condutor;Colis�o traseira;Com V�timas Feridas;Pleno dia;Crescente;C�u Claro;Dupla;Reta;Sim;2;0;0;1;1;0;1;2;-25,647847;-49,312675;SPRF-PR;DEL01-PR;UOP03-DEL01-PR;;;
707082;25/07/2025;sexta-feira;09:47:00;BA;324;617;SALVADOR;Acessar a via sem observar a presen�a dos outros ve�culos;Sa�da de leito carro��vel;Com V�timas Feridas;Pleno dia;Decrescente;Nublado;Dupla;Interse��o de Vias;N�o;3;0;1;1;0;1;2;2;-12,89952754;-38,45055051;SPRF-BA;DEL01-BA;UOP01-DEL01-BA;;;
707084;25/07/2025;sexta-feira;09:40:00;ES;262;120,8;CONCEICAO DO CASTELO;Aus�ncia de rea��o do condutor;Tombamento;Com V�timas Feridas;Pleno dia;Decrescente;Sol;Simples;"Declive;Curva";N�o;1;0;1;0;0;0;1;1;-20,29467;-41,227997;SPRF-ES;DEL01-ES;UOP02-DEL01-ES;;;
707088;25/07/2025;sexta-feira;12:10:00;MG;365;620,3;UBERLANDIA;Suic�dio (presumido);Atropelamento de Pedestre;Com V�timas Fatais;Pleno dia;Crescente;C�u Claro;M�ltipla;Reta;Sim;3;1;0;0;1;2;0;4;-18,89078;-48,270696;SPRF-MG;DEL15-MG;UOP01-DEL15-MG;;;
707089;25/07/2025;sexta-feira;12:05:00;MG;262;37;MANHUACU;Acessar a via sem observar a presen�a dos outros ve�culos;Colis�o transversal;Com V�timas Feridas;Pleno dia;Decrescente;C�u Claro;Simples;Reta;Sim;4;0;2;0;2;0;2;4;-20,2504843;-42,1473807;SPRF-MG;DEL06-MG;UOP03-DEL06-MG;;;
707097;25/07/2025;sexta-feira;11:45:00;RS;470;287;MONTENEGRO;Desrespeitar a prefer�ncia no cruzamento;Colis�o transversal;Com V�timas Feridas;Pleno dia;Crescente;C�u Claro;Simples;Rotat�ria;Sim;4;0;3;0;1;0;3;2;-29,68741546;-51,47900328;SPRF-RS;DEL06-RS;UOP01-DEL06-RS;;;
707102;25/07/2025;sexta-feira;13:15:00;RS;470;231,1;CARLOS BARBOSA;Acessar a via sem observar a presen�a dos outros ve�culos;Colis�o transversal;Com V�timas Feridas;Pleno dia;Decrescente;Sol;Simples;Declive;N�o;3;0;2;0;1;0;2;2;-29,28770382;-51,48917405;SPRF-RS;DEL06-RS;UOP01-DEL06-RS;;;
707105;25/07/2025;sexta-feira;12:55:00;MT;364;201;RONDONOPOLIS;Rea��o tardia ou ineficiente do condutor;Colis�o traseira;Com V�timas Feridas;Pleno dia;Decrescente;Sol;Dupla;"Retorno Regulamentado;Reta";Sim;3;0;1;0;1;1;1;3;-16,48896486;-54,6473912;SPRF-MT;DEL02-MT;UOP01-DEL02-MT;;;
707106;25/07/2025;sexta-feira;14:00:00;RS;472;405,9;SAO BORJA;Acessar a via sem observar a presen�a dos outros ve�culos;Colis�o transversal;Com V�timas Feridas;Pleno dia;Crescente;C�u Claro;Simples;Rotat�ria;Sim;3;0;1;0;1;2;1;4;-28,67389014;-55,96690893;SPRF-RS;DEL12-RS;UOP01-DEL12-RS;;;
707108;25/07/2025;sexta-feira;14:13:00;CE;116;6;FORTALEZA;Manobra de mudan�a de faixa;Colis�o lateral mesmo sentido;Com V�timas Feridas;Pleno dia;Crescente;C�u Claro;M�ltipla;Reta;Sim;3;0;0;1;2;0;1;3;-3,80285;-38,503849;SPRF-CE;DEL01-CE;UOP02-DEL01-CE;;;
707112;25/07/2025;sexta-feira;11:40:00;MG;251;510,2;MONTES CLAROS;Aus�ncia de rea��o do condutor;Tombamento;Com V�timas Feridas;Pleno dia;Decrescente;C�u Claro;Simples;"Aclive;Reta";N�o;2;0;1;0;0;1;1;2;-16,6536485;-43,7179711;SPRF-MG;DEL12-MG;UOP01-DEL12-MG;;;
707120;01/06/2025;domingo;20:38:00;PA;163;273;NOVO PROGRESSO;Ultrapassagem Indevida;Colis�o frontal;Com V�timas Fatais;Anoitecer;Crescente;Nublado;Simples;Reta;N�o;6;1;3;0;1;2;3;5;-7,3375;-55,3013;SPRF-PA;DEL05-PA;UOP03-DEL05-PA;;;
707123;25/07/2025;sexta-feira;14:25:00;MT;174;294;PONTES E LACERDA;Aus�ncia de rea��o do condutor;Eventos at�picos;Sem V�timas;Pleno dia;Crescente;C�u Claro;Simples;Reta;N�o;2;0;0;0;1;1;0;2;-15,19656987;-59,32247043;SPRF-MT;DEL04-MT;UOP01-DEL04-MT;;;
707132;25/07/2025;sexta-feira;10:25:00;PI;135;493,5;MONTE ALEGRE DO PIAUI;Demais falhas mec�nicas ou el�tricas;Inc�ndio;Sem V�timas;Pleno dia;Decrescente;C�u Claro;Simples;Reta;N�o;2;0;0;0;1;2;0;3;-9,734748;-45,209547;SPRF-PI;DEL03-PI;UOP02-DEL03-PI;;;
707136;25/07/2025;sexta-feira;15:17:00;PR;116;88;PIRAQUARA;Avarias e/ou desgaste excessivo no pneu;Colis�o lateral mesmo sentido;Com V�timas Feridas;Pleno dia;Crescente;C�u Claro;Dupla;Reta;N�o;4;0;1;0;2;2;1;4;-25,479415;-49,101703;SPRF-PR;DEL01-PR;UOP07-DEL01-PR;;;
707137;25/07/2025;sexta-feira;15:30:00;PR;376;629;SAO JOSE DOS PINHAIS;Aus�ncia de rea��o do condutor;Colis�o traseira;Com V�timas Feridas;Pleno dia;Crescente;Nublado;Simples;Reta;Sim;5;0;2;0;2;1;2;3;-25,6983071;-49,1443499;SPRF-PR;DEL01-PR;UOP04-DEL01-PR;;;
707138;25/07/2025;sexta-feira;14:15:00;SP;153;38;ONDA VERDE;Acessar a via sem observar a presen�a dos outros ve�culos;Colis�o transversal;Com V�timas Feridas;Pleno dia;Decrescente;C�u Claro;Simples;"Reta;Rotat�ria";N�o;3;0;1;0;1;1;1;3;-20,617024;-49,333064;SPRF-SP;DEL09-SP;UOP01-DEL09-SP;;;
707142;25/07/2025;sexta-feira;14:20:00;MG;381;944,5;EXTREMA;Aus�ncia de sinaliza��o;Colis�o traseira;Com V�timas Fatais;Pleno dia;Decrescente;Chuva;Dupla;"Declive;Curva";N�o;5;1;0;0;3;5;0;9;-22,85001;-46,3365;SPRF-MG;DEL16-MG;UOP03-DEL16-MG;;;
707148;25/07/2025;sexta-feira;14:10:00;PE;101;107,5;CABO DE SANTO AGOSTINHO;Condutor deixou de manter dist�ncia do ve�culo da frente;Colis�o traseira;Com V�timas Feridas;Pleno dia;Crescente;Nublado;Dupla;Reta;N�o;3;0;0;1;1;2;1;4;-8,30855;-35,08786;SPRF-PE;DEL01-PE;UOP03-DEL01-PE;;;
707153;25/07/2025;sexta-feira;16:15:00;GO;414;438;ANAPOLIS;Transitar na contram�o;Colis�o frontal;Com V�timas Fatais;Pleno dia;Crescente;C�u Claro;Simples;"Declive;Reta";Sim;4;1;0;0;2;1;0;3;-16,271254;-48,940125;SPRF-GO;DEL02-GO;UOP01-DEL02-GO;;;
707159;25/07/2025;sexta-feira;15:38:00;MS;158;142,4;APARECIDA DO TABOADO;Rea��o tardia ou ineficiente do condutor;Tombamento;Com V�timas Feridas;Pleno dia;Decrescente;C�u Claro;Dupla;Curva;N�o;2;0;1;0;0;1;1;2;-20,050903;-51,110995;SPRF-MS;DEL08-MS;UOP01-DEL08-MS;;;
707165;25/07/2025;sexta-feira;17:40:00;CE;116;537;PENAFORTE;Acessar a via sem observar a presen�a dos outros ve�culos;Colis�o frontal;Com V�timas Feridas;Anoitecer;Decrescente;C�u Claro;Dupla;Reta;N�o;4;0;0;1;3;0;1;2;-7,76594396;-39,06618118;SPRF-CE;DEL05-CE;UOP03-DEL05-CE;;;
707172;25/07/2025;sexta-feira;17:50:00;PE;104;61;CARUARU;Manobra de mudan�a de faixa;Colis�o lateral mesmo sentido;Sem V�timas;Plena Noite;Crescente;C�u Claro;Dupla;Reta;Sim;2;0;0;0;1;1;0;2;-8,24557;-35,97502;SPRF-PE;DEL02-PE;UOP01-DEL02-PE;;;
707175;25/07/2025;sexta-feira;16:20:00;GO;452;174;ITUMBIARA;Velocidade Incompat�vel;Colis�o lateral mesmo sentido;Com V�timas Feridas;Pleno dia;Crescente;C�u Claro;Simples;Declive;N�o;4;0;0;1;2;2;1;5;-18,3526544;-49,385168;SPRF-GO;DEL03-GO;UOP02-DEL03-GO;;;
707176;25/07/2025;sexta-feira;17:10:00;RJ;101;557;PARATY;Chuva;Colis�o frontal;Com V�timas Feridas;Anoitecer;Crescente;Chuva;Simples;Curva;N�o;6;0;2;2;2;0;4;2;-23,099;-44,701;SPRF-RJ;DEL03-RJ;UOP04-DEL03-RJ;;;
707179;25/07/2025;sexta-feira;16:10:00;PI;343;223;CAMPO MAIOR;Demais falhas mec�nicas ou el�tricas;Colis�o com objeto;Com V�timas Feridas;Pleno dia;Decrescente;C�u Claro;Simples;Reta;N�o;2;0;1;0;1;0;1;2;-4,8463872;-42,1888;SPRF-PI;DEL01-PI;UOP03-DEL01-PI;;;
707185;25/07/2025;sexta-feira;19:00:00;ES;101;278,8;SERRA;Condutor deixou de manter dist�ncia do ve�culo da frente;Colis�o traseira;Com V�timas Feridas;Plena Noite;Crescente;C�u Claro;M�ltipla;Curva;N�o;2;0;1;0;0;1;1;2;-20,218005;-40,339229;SPRF-ES;DEL02-ES;UOP01-DEL02-ES;;;
707186;25/07/2025;sexta-feira;07:10:00;RJ;356;49;ITAPERUNA;Velocidade Incompat�vel;Tombamento;Com V�timas Feridas;Pleno dia;Crescente;C�u Claro;Simples;Curva;N�o;2;0;1;0;0;1;1;2;-21,25299059;-41,78334904;SPRF-RJ;DEL08-RJ;UOP03-DEL08-RJ;;;
707205;25/07/2025;sexta-feira;19:00:00;GO;60;89;ANAPOLIS;Manobra de mudan�a de faixa;Colis�o traseira;Com V�timas Feridas;Plena Noite;Decrescente;C�u Claro;Dupla;Reta;Sim;2;0;1;0;1;0;1;2;-16,339049;-48,898184;SPRF-GO;DEL02-GO;UOP01-DEL02-GO;;;
707207;25/07/2025;sexta-feira;19:00:00;RJ;101;206,9;CASIMIRO DE ABREU;Condutor deixou de manter dist�ncia do ve�culo da frente;Colis�o traseira;Com V�timas Feridas;Plena Noite;Decrescente;Chuva;Simples;Reta;Sim;10;0;6;0;4;0;6;5;-22,47703046;-42,20294952;SPRF-RJ;DEL08-RJ;UOP04-DEL08-RJ;;;
707221;25/07/2025;sexta-feira;08:00:00;BA;116;589;IRAJUBA;Transitar na contram�o;Colis�o lateral sentido oposto;Com V�timas Feridas;Pleno dia;Crescente;C�u Claro;Simples;"Reta;Declive";N�o;3;0;1;0;1;1;1;3;-13,16489053;-39,99906099;SPRF-BA;DEL03-BA;UOP02-DEL03-BA;;;
707226;25/07/2025;sexta-feira;21:00:00;CE;304;51,7;ARACATI;Acessar a via sem observar a presen�a dos outros ve�culos;Colis�o transversal;Com V�timas Feridas;Plena Noite;Decrescente;C�u Claro;Simples;"Curva;Interse��o de Vias";N�o;2;0;1;0;1;0;1;2;-4,5760213;-37,7316718;SPRF-CE;DEL03-CE;UOP02-DEL03-CE;;;
707227;25/07/2025;sexta-feira;21:00:00;GO;60;13,8;SANTO ANTONIO DO DESCOBERTO;Aus�ncia de rea��o do condutor;Tombamento;Com V�timas Fatais;Plena Noite;Decrescente;C�u Claro;Dupla;"Aclive;Curva";N�o;2;1;0;0;0;2;0;3;-16,111288;-48,349794;SPRF-DF;DEL03-DF;UOP01-DEL03-DF;;;
707228;25/07/2025;sexta-feira;16:50:00;MT;163;687;LUCAS DO RIO VERDE;Ingest�o de �lcool pelo condutor;Sa�da de leito carro��vel;Sem V�timas;Pleno dia;Decrescente;C�u Claro;Dupla;"Retorno Regulamentado;Reta";Sim;2;0;0;0;1;1;0;2;-13,07935048;-55,93738228;SPRF-MT;DEL06-MT;UOP01-DEL06-MT;;;
707235;25/07/2025;sexta-feira;20:30:00;GO;20;53;FORMOSA;Ingest�o de �lcool pelo condutor;Colis�o frontal;Sem V�timas;Plena Noite;Crescente;C�u Claro;Simples;Curva;N�o;2;0;0;0;2;0;0;2;-15,304608;-47,142973;SPRF-DF;DEL02-DF;UOP02-DEL02-DF;;;
707237;25/07/2025;sexta-feira;23:00:00;TO;153;436;MIRACEMA DO TOCANTINS;Demais falhas mec�nicas ou el�tricas;Inc�ndio;Sem V�timas;Plena Noite;Decrescente;C�u Claro;Simples;Reta;N�o;1;0;0;0;1;0;0;1;-9,69183;-48,66509;SPRF-TO;DEL01-TO;UOP01-DEL01-TO;;;
707238;25/07/2025;sexta-feira;22:40:00;RN;304;297;MACAIBA;Aus�ncia de rea��o do condutor;Colis�o com objeto;Sem V�timas;Plena Noite;Decrescente;Nublado;Simples;"Reta;Em Obras";Sim;2;0;0;0;1;1;0;2;-5,8649825;-35,3510958;SPRF-RN;DEL01-RN;UOP02-DEL01-RN;;;
707240;25/07/2025;sexta-feira;22:40:00;SP;116;435,3;REGISTRO;Condutor Dormindo;Sa�da de leito carro��vel;Sem V�timas;Plena Noite;Crescente;C�u Claro;Dupla;Reta;N�o;1;0;0;0;1;0;0;1;-24,42031608;-47,77039703;SPRF-SP;DEL05-SP;UOP01-DEL05-SP;;;
707241;25/07/2025;sexta-feira;22:30:00;GO;60;115;GOIANAPOLIS;Aus�ncia de rea��o do condutor;Colis�o traseira;Com V�timas Feridas;Plena Noite;Decrescente;C�u Claro;Dupla;"Reta;Aclive";N�o;3;0;1;0;1;1;1;3;-16,5756792;-49,1607734;SPRF-GO;DEL01-GO;UOP01-DEL01-GO;;;
707243;25/07/2025;sexta-feira;20:30:00;PR;373;259,2;PRUDENTOPOLIS;Rea��o tardia ou ineficiente do condutor;Colis�o lateral mesmo sentido;Com V�timas Fatais;Plena Noite;Crescente;C�u Claro;Simples;Reta;N�o;4;2;0;1;0;1;1;3;-25,203482;-50,9320099;SPRF-PR;DEL08-PR;UOP01-DEL08-PR;;;
707252;26/07/2025;s�bado;00:15:00;SE;235;111,5;CARIRA;Transitar na contram�o;Colis�o lateral sentido oposto;Com V�timas Feridas;Plena Noite;Crescente;Nevoeiro/Neblina;Simples;Curva;N�o;4;0;1;1;2;0;2;2;-10,34316916;-37,71579472;SPRF-SE;DEL01-SE;UOP02-DEL01-SE;;;
707258;25/07/2025;sexta-feira;22:00:00;MG;50;16,2;UBERLANDIA;Aus�ncia de rea��o do condutor;Colis�o traseira;Com V�timas Feridas;Plena Noite;Crescente;C�u Claro;Dupla;Reta;Sim;2;0;0;1;1;0;1;2;-18,917901;-48,178329;SPRF-MG;DEL15-MG;UOP01-DEL15-MG;;;
707265;26/07/2025;s�bado;03:00:00;PR;277;197;PALMEIRA;Condutor Dormindo;Colis�o traseira;Com V�timas Feridas;Plena Noite;Decrescente;Nevoeiro/Neblina;Simples;"Reta;Aclive";N�o;3;0;1;0;1;3;1;5;-25,44379778;-50,18153429;SPRF-PR;DEL08-PR;UOP02-DEL08-PR;;;
707267;26/07/2025;s�bado;02:57:00;MS;163;493;CAMPO GRANDE;Convers�o proibida;Colis�o lateral mesmo sentido;Com V�timas Fatais;Plena Noite;Crescente;C�u Claro;Dupla;"Reta;Declive";N�o;3;1;0;1;1;0;1;2;-20,383086;-54,541638;SPRF-MS;DEL01-MS;UOP02-DEL01-MS;;;
707268;26/07/2025;s�bado;01:00:00;BA;235;380;CASA NOVA;Rea��o tardia ou ineficiente do condutor;Sa�da de leito carro��vel;Sem V�timas;Plena Noite;Decrescente;C�u Claro;Simples;Reta;N�o;3;0;0;0;0;3;0;3;-9,16658936;-40,89694595;SPRF-BA;DEL04-BA;UOP01-DEL04-BA;;;
707271;25/07/2025;sexta-feira;22:20:00;MT;70;80;GENERAL CARNEIRO;Acostamento em desn�vel;Sa�da de leito carro��vel;Com V�timas Feridas;Plena Noite;Decrescente;C�u Claro;Simples;Curva;N�o;3;0;1;1;0;2;2;3;-15,664355;-52,799767;SPRF-MT;DEL07-MT;UOP01-DEL07-MT;;;
707273;26/07/2025;s�bado;04:00:00;RO;319;60;PORTO VELHO;Condutor deixou de manter dist�ncia do ve�culo da frente;Colis�o lateral mesmo sentido;Com V�timas Feridas;Plena Noite;Crescente;Ignorado;Dupla;Rotat�ria;Sim;3;0;1;0;1;1;1;3;-8,7399454;-63,88982026;SPRF-RO;DEL01-RO;UOP01-DEL01-RO;;;
707279;26/07/2025;s�bado;01:00:00;SC;153;98,6;CONCORDIA;Ingest�o de �lcool pelo condutor;Colis�o lateral sentido oposto;Sem V�timas;Plena Noite;Crescente;C�u Claro;Simples;Curva;Sim;2;0;0;0;2;0;0;2;-27,23744223;-51,95382428;SPRF-SC;DEL07-SC;UOP04-DEL07-SC;;;
707292;26/07/2025;s�bado;05:00:00;PR;376;66;GUAIRACA;Acessar a via sem observar a presen�a dos outros ve�culos;Colis�o transversal;Com V�timas Feridas;Amanhecer;Crescente;C�u Claro;Simples;"Retorno Regulamentado;Reta";N�o;5;0;2;0;2;2;2;4;-22,92966665;-52,78797476;SPRF-PR;DEL09-PR;UOP02-DEL09-PR;;;
707296;20/07/2025;domingo;20:20:00;GO;452;150;BOM JESUS DE GOIAS;Acessar a via sem observar a presen�a dos outros ve�culos;Colis�o transversal;Com V�timas Feridas;Plena Noite;Crescente;C�u Claro;Simples;Retorno Regulamentado;N�o;2;0;1;0;1;0;1;2;-18,28763158;-49,60734755;SPRF-GO;DEL03-GO;UOP02-DEL03-GO;;;
707308;26/07/2025;s�bado;06:00:00;MG;381;832,4;SAO SEBASTIAO DA BELA VISTA;Aus�ncia de rea��o do condutor;Sa�da de leito carro��vel;Com V�timas Feridas;Amanhecer;Decrescente;Nevoeiro/Neblina;Dupla;Reta;N�o;2;0;1;0;0;1;1;2;-22,12130684;-45,78499585;SPRF-MG;DEL16-MG;UOP01-DEL16-MG;;;
707311;26/07/2025;s�bado;05:20:00;MG;381;226;BELO ORIENTE;Animais na Pista;Atropelamento de Animal;Com V�timas Feridas;Amanhecer;Crescente;C�u Claro;Simples;"Aclive;Curva";N�o;2;0;1;0;1;0;1;1;-19,337037;-42,425782;SPRF-MG;DEL06-MG;UOP01-DEL06-MG;;;
707318;26/07/2025;s�bado;05:45:00;MG;262;645,3;IBIA;Ingest�o de �lcool pelo condutor;Colis�o frontal;Com V�timas Feridas;Amanhecer;Decrescente;C�u Claro;Simples;Curva;N�o;2;0;0;1;1;0;1;2;-19,584529;-46,614211;SPRF-MG;DEL08-MG;UOP01-DEL08-MG;;;
707320;26/07/2025;s�bado;08:55:00;MS;163;672,8;RIO VERDE DE MATO GROSSO;Ultrapassagem Indevida;Sa�da de leito carro��vel;Com V�timas Feridas;Pleno dia;Crescente;C�u Claro;M�ltipla;"Reta;Aclive";N�o;7;0;0;1;5;4;1;8;-18,95859108;-54,82846215;SPRF-MS;DEL06-MS;UOP02-DEL06-MS;;;
707326;08/05/2025;quinta-feira;06:08:00;PA;163;348;NOVO PROGRESSO;Demais falhas na via;Tombamento;Sem V�timas;Amanhecer;Crescente;C�u Claro;Simples;Reta;N�o;2;0;0;0;0;3;0;3;-6,72321479;-55,48022389;SPRF-PA;DEL05-PA;UOP03-DEL05-PA;;;
707328;26/07/2025;s�bado;09:30:00;GO;153;618;MORRINHOS;Aus�ncia de rea��o do condutor;Colis�o traseira;Sem V�timas;Pleno dia;Crescente;C�u Claro;Dupla;Curva;N�o;3;0;0;0;3;0;0;2;-17,69742496;-49,15540695;SPRF-GO;DEL03-GO;UOP01-DEL03-GO;;;
707329;26/07/2025;s�bado;10:00:00;RN;226;117,5;SANTA CRUZ;Rea��o tardia ou ineficiente do condutor;Tombamento;Com V�timas Feridas;Pleno dia;Decrescente;C�u Claro;Simples;Curva;N�o;2;0;1;0;0;1;1;2;-6,19272005;-36,05510686;SPRF-RN;DEL03-RN;UOP02-DEL03-RN;;;
707332;26/07/2025;s�bado;09:00:00;RS;116;334,8;BARRA DO RIBEIRO;Condutor Dormindo;Sa�da de leito carro��vel;Com V�timas Feridas;Pleno dia;Decrescente;C�u Claro;Dupla;Reta;N�o;1;0;1;0;0;0;1;1;-30,38705672;-51,43213892;SPRF-RS;DEL02-RS;UOP02-DEL02-RS;;;
707333;26/07/2025;s�bado;08:00:00;RJ;393;152;TRES RIOS;Velocidade Incompat�vel;Tombamento;Com V�timas Feridas;Pleno dia;Crescente;C�u Claro;Simples;"Aclive;Curva";N�o;2;0;0;1;0;1;1;2;-22,08501762;-43,05427965;SPRF-RJ;DEL05-RJ;UOP01-DEL05-RJ;;;
707340;26/07/2025;s�bado;06:45:00;MG;365;564;INDIANOPOLIS;Condutor Dormindo;Sa�da de leito carro��vel;Com V�timas Feridas;Pleno dia;Crescente;C�u Claro;Simples;Curva;N�o;2;0;1;0;0;2;1;3;-18,918455;-47,80269;SPRF-MG;DEL15-MG;UOP02-DEL15-MG;;;
707343;22/07/2025;ter�a-feira;14:20:00;BA;242;416;SEABRA;Aus�ncia de rea��o do condutor;Colis�o traseira;Sem V�timas;Pleno dia;Crescente;C�u Claro;Simples;"Reta;Aclive";N�o;5;0;0;0;5;0;0;2;-12,431373;-41,799867;SPRF-BA;DEL06-BA;UOP01-DEL06-BA;;;
707349;26/07/2025;s�bado;09:35:00;GO;153;235;SAO LUIZ DO NORTE;Condutor deixou de manter dist�ncia do ve�culo da frente;Tombamento;Com V�timas Feridas;Pleno dia;Crescente;C�u Claro;Simples;Reta;N�o;5;0;0;1;3;2;1;4;-14,813772;-49,293403;SPRF-GO;DEL07-GO;UOP02-DEL07-GO;;;
707350;02/07/2025;quarta-feira;19:00:00;RN;226;82;TANGARA;Condutor deixou de manter dist�ncia do ve�culo da frente;Colis�o traseira;Com V�timas Fatais;Plena Noite;Crescente;Nublado;Simples;Reta;Sim;3;1;0;1;1;0;1;2;-6,19201824;-35,79152584;SPRF-RN;DEL01-RN;UOP02-DEL01-RN;;;
707353;26/07/2025;s�bado;12:30:00;MG;381;756;TRES CORACOES;Velocidade Incompat�vel;Sa�da de leito carro��vel;Com V�timas Feridas;Pleno dia;Decrescente;C�u Claro;Dupla;Interse��o de Vias;N�o;2;0;0;1;1;0;1;1;-21,67288412;-45,33458304;SPRF-MG;DEL16-MG;UOP02-DEL16-MG;;;
707358;26/07/2025;s�bado;13:40:00;SC;101;162;TIJUCAS;Rea��o tardia ou ineficiente do condutor;Colis�o lateral mesmo sentido;Com V�timas Feridas;Pleno dia;Decrescente;C�u Claro;M�ltipla;Reta;Sim;4;0;2;0;1;1;2;3;-27,22309298;-48,62672973;SPRF-SC;DEL04-SC;UOP03-DEL04-SC;;;
707362;26/07/2025;s�bado;12:15:00;MG;365;503;PATROCINIO;Demais falhas mec�nicas ou el�tricas;Eventos at�picos;Com V�timas Feridas;Pleno dia;Crescente;C�u Claro;Simples;Reta;N�o;3;0;2;0;1;0;2;1;-18,94233952;-47,29857695;SPRF-MG;DEL10-MG;UOP01-DEL10-MG;;;
707364;26/07/2025;s�bado;10:45:00;MG;50;96;UBERLANDIA;Manobra de mudan�a de faixa;Colis�o traseira;Com V�timas Feridas;Pleno dia;Decrescente;C�u Claro;Dupla;Reta;N�o;6;0;2;1;2;1;3;3;-19,103153;-48,18055;SPRF-MG;DEL15-MG;UOP01-DEL15-MG;;;
707366;26/07/2025;s�bado;14:20:00;MG;365;648;UBERLANDIA;Rea��o tardia ou ineficiente do condutor;Colis�o lateral mesmo sentido;Com V�timas Feridas;Pleno dia;Crescente;C�u Claro;Dupla;Reta;N�o;5;0;1;0;3;2;1;4;-18,87302;-48,536832;SPRF-MG;DEL15-MG;UOP01-DEL15-MG;;;
707377;26/07/2025;s�bado;15:25:00;PR;277;34;MORRETES;Velocidade Incompat�vel;Tombamento;Com V�timas Feridas;Pleno dia;Crescente;C�u Claro;Dupla;"Reta;Declive";N�o;2;0;1;0;0;2;1;3;-25,570495;-48,814695;SPRF-PR;DEL01-PR;UOP05-DEL01-PR;;;
707378;26/07/2025;s�bado;15:35:00;RJ;393;238;VASSOURAS;Acessar a via sem observar a presen�a dos outros ve�culos;Colis�o transversal;Com V�timas Feridas;Pleno dia;Decrescente;C�u Claro;Simples;Retorno Regulamentado;N�o;5;0;1;2;1;1;3;3;-22,4295154;-43,69739056;SPRF-RJ;DEL05-RJ;UOP03-DEL05-RJ;;;
707379;26/07/2025;s�bado;14:35:00;GO;40;24;LUZIANIA;Acessar a via sem observar a presen�a dos outros ve�culos;Colis�o traseira;Sem V�timas;Pleno dia;Decrescente;Sol;Dupla;Rotat�ria;Sim;4;0;0;0;3;1;0;3;-16,246375;-47,905801;SPRF-DF;DEL01-DF;UOP01-DEL01-DF;;;
707383;26/07/2025;s�bado;12:30:00;RS;290;340,6;CACAPAVA DO SUL;Velocidade Incompat�vel;Colis�o traseira;Com V�timas Feridas;Pleno dia;Decrescente;Chuva;Simples;"Em Obras;Reta";N�o;2;0;1;0;1;0;1;2;-30,49149362;-53,47824946;SPRF-RS;DEL09-RS;UOP02-DEL09-RS;;;
707386;26/07/2025;s�bado;16:25:00;GO;364;193;JATAI;Demais falhas mec�nicas ou el�tricas;Colis�o traseira;Com V�timas Feridas;Pleno dia;Decrescente;C�u Claro;Simples;Reta;Sim;4;0;1;0;2;1;1;4;-17,921661;-51,697244;SPRF-GO;DEL05-GO;UOP01-DEL05-GO;;;
707400;26/07/2025;s�bado;10:35:00;RJ;116;229,5;PIRAI;Problema com o freio;Tombamento;Com V�timas Fatais;Pleno dia;Decrescente;C�u Claro;Dupla;"Curva;Declive";N�o;5;2;1;0;1;1;1;3;-22,67936148;-43,8359642;SPRF-RJ;DEL07-RJ;UOP01-DEL07-RJ;;;
707402;26/07/2025;s�bado;16:28:00;CE;222;43,5;SAO GONCALO DO AMARANTE;Ultrapassagem Indevida;Colis�o lateral mesmo sentido;Com V�timas Feridas;Pleno dia;Decrescente;C�u Claro;Simples;"Reta;Ponte";N�o;7;0;1;0;4;3;1;5;-3,676887;-38,938319;SPRF-CE;DEL01-CE;UOP03-DEL01-CE;;;
707414;26/07/2025;s�bado;17:45:00;PR;476;233;LAPA;Rea��o tardia ou ineficiente do condutor;Colis�o lateral mesmo sentido;Sem V�timas;Plena Noite;Decrescente;C�u Claro;Simples;Curva;N�o;3;0;0;0;2;1;0;3;-25,880962;-50,015143;SPRF-PR;DEL02-PR;UOP03-DEL02-PR;;;
707415;26/07/2025;s�bado;16:30:00;MG;381;673,6;PERDOES;Transitar no Acostamento;Sa�da de leito carro��vel;Com V�timas Fatais;Pleno dia;Crescente;C�u Claro;Dupla;"Declive;Reta";N�o;4;1;0;0;2;1;0;3;-21,0818776;-45,0620992;SPRF-MG;DEL04-MG;UOP02-DEL04-MG;;;
707418;26/07/2025;s�bado;14:00:00;MA;316;555;CAXIAS;Acessar a via sem observar a presen�a dos outros ve�culos;Colis�o transversal;Com V�timas Fatais;Pleno dia;Decrescente;C�u Claro;Simples;Curva;N�o;2;1;0;0;1;0;0;2;-4,870875;-43,323417;SPRF-MA;DEL03-MA;UOP02-DEL03-MA;;;
707419;26/07/2025;s�bado;19:00:00;SP;116;60,9;GUARATINGUETA;Objeto est�tico sobre o leito carro��vel;Derramamento de carga;Com V�timas Feridas;Plena Noite;Crescente;C�u Claro;Dupla;Reta;N�o;4;0;1;0;2;1;1;3;-22,7923247;-45,16273499;SPRF-SP;DEL08-SP;UOP01-DEL08-SP;;;