id;data_inversa;dia_semana;horario;uf;br;km;municipio;causa_acidente;tipo_acidente;classificacao_acidente;fase_dia;sentido_via;condicao_metereologica;tipo_pista;tracado_via;uso_solo;pessoas;mortos;feridos_leves;feridos_graves;ilesos;ignorados;feridos;veiculos;latitude;longitude;regional;delegacia;uop;;;
707424;26/07/2025;s�bado;18:00:00;MS;163;587;BANDEIRANTES;Acessar a via sem observar a presen�a dos outros ve�culos;Colis�o lateral mesmo sentido;Sem V�timas;Plena Noite;Crescente;C�u Claro;Dupla;Reta;N�o;6;0;0;0;5;1;0;3;-19,60410498;-54,39365387;SPRF-MS;DEL06-MS;UOP02-DEL06-MS;;;
707431;26/07/2025;s�bado;19:50:00;PR;369;178;ROLANDIA;Animais na Pista;Atropelamento de Animal;Com V�timas Feridas;Plena Noite;Crescente;C�u Claro;Dupla;Reta;Sim;2;0;1;0;1;0;1;2;-23,358791;-51,397017;SPRF-PR;DEL07-PR;UOP01-DEL07-PR;;;
707438;26/07/2025;s�bado;20:55:00;SC;280;39;GUARAMIRIM;Rea��o tardia ou ineficiente do condutor;Colis�o traseira;Sem V�timas;Plena Noite;Decrescente;C�u Claro;Dupla;"Em Obras;Reta";N�o;2;0;0;0;2;0;0;2;-26,45174032;-48,88123959;SPRF-SC;DEL03-SC;UOP03-DEL03-SC;;;
707440;26/07/2025;s�bado;18:40:00;PI;316;314;PICOS;Mal s�bito do condutor;Colis�o frontal;Com V�timas Feridas;Plena Noite;Crescente;C�u Claro;M�ltipla;Reta;Sim;3;0;0;1;1;1;1;3;-7,077885;-41,440369;SPRF-PI;DEL04-PI;UOP01-DEL04-PI;;;
707447;26/07/2025;s�bado;17:20:00;MA;316;549;CAXIAS;Acessar a via sem observar a presen�a dos outros ve�culos;Colis�o transversal;Com V�timas Feridas;Pleno dia;Decrescente;C�u Claro;Simples;Interse��o de Vias;Sim;6;0;2;0;3;1;2;2;-4,887073;-43,365452;SPRF-MA;DEL03-MA;UOP02-DEL03-MA;;;
707449;26/07/2025;s�bado;20:00:00;RS;470;225;GARIBALDI;Ingest�o de �lcool pelo condutor;Colis�o lateral sentido oposto;Com V�timas Feridas;Plena Noite;Crescente;Garoa/Chuvisco;Simples;"Curva;Declive";N�o;2;0;0;1;1;0;1;2;-29,24728115;-51,51555626;SPRF-RS;DEL06-RS;UOP01-DEL06-RS;;;
707452;26/07/2025;s�bado;18:40:00;GO;452;101;BOM JESUS DE GOIAS;Condutor deixou de manter dist�ncia do ve�culo da frente;Colis�o lateral sentido oposto;Com V�timas Feridas;Plena Noite;Decrescente;C�u Claro;Simples;Reta;N�o;4;0;1;0;2;2;1;4;-18,120347;-50,023697;SPRF-GO;DEL03-GO;UOP02-DEL03-GO;;;
707456;26/07/2025;s�bado;16:10:00;MG;153;145,6;CAMPO FLORIDO;Manobra de mudan�a de faixa;Sa�da de leito carro��vel;Com V�timas Feridas;Pleno dia;Crescente;C�u Claro;Simples;Reta;N�o;2;0;1;0;0;1;1;2;-19,610476;-48,83864;SPRF-MG;DEL13-MG;UOP02-DEL13-MG;;;
707462;26/07/2025;s�bado;14:37:00;PA;230;1125;ITAITUBA;Condutor deixou de manter dist�ncia do ve�culo da frente;Colis�o traseira;Com V�timas Feridas;Pleno dia;Decrescente;C�u Claro;Simples;Aclive;N�o;3;0;1;0;1;6;1;8;-4,3241067;-55,9581975;SPRF-PA;DEL05-PA;UOP02-DEL05-PA;;;
707465;26/07/2025;s�bado;16:42:00;SE;101;182;UMBAUBA;Acessar a via sem observar a presen�a dos outros ve�culos;Colis�o transversal;Sem V�timas;Pleno dia;Crescente;C�u Claro;Simples;Reta;N�o;2;0;0;0;2;0;0;2;-11,380182;-37,663926;SPRF-SE;DEL02-SE;UOP03-DEL02-SE;;;
707467;26/07/2025;s�bado;16:45:00;MG;50;14;ARAGUARI;Aus�ncia de rea��o do condutor;Colis�o traseira;Com V�timas Feridas;Plena Noite;Crescente;C�u Claro;Dupla;Reta;N�o;3;0;1;0;1;1;1;3;-18,539283;-48,046817;SPRF-MG;DEL15-MG;UOP02-DEL15-MG;;;
707470;26/07/2025;s�bado;22:00:00;MT;364;333;SANTO ANTONIO DO LEVERGER;Condutor Dormindo;Sa�da de leito carro��vel;Com V�timas Feridas;Plena Noite;Decrescente;C�u Claro;Dupla;"Aclive;Reta";N�o;2;0;1;0;0;1;1;2;-15,830086;-55,443592;SPRF-MT;DEL05-MT;UOP02-DEL05-MT;;;
707471;26/07/2025;s�bado;17:40:00;MG;251;325,3;FRUTA DE LEITE;Demais falhas mec�nicas ou el�tricas;Inc�ndio;Sem V�timas;Anoitecer;Decrescente;C�u Claro;Simples;"Reta;Aclive";N�o;2;0;0;0;1;1;0;2;-16,214;-42,362;SPRF-MG;DEL12-MG;UOP02-DEL12-MG;;;
707474;26/07/2025;s�bado;18:50:00;SC;470;348,4;CAMPOS NOVOS;Velocidade Incompat�vel;Tombamento;Com V�timas Fatais;Plena Noite;Crescente;Garoa/Chuvisco;Simples;"Curva;Aclive";N�o;7;1;2;1;2;11;3;13;-27,5478123;-51,45154953;SPRF-SC;DEL07-SC;UOP06-DEL07-SC;;;
707476;26/07/2025;s�bado;18:30:00;MG;116;813;ALEM PARAIBA;Velocidade Incompat�vel;Tombamento;Com V�timas Feridas;Anoitecer;Decrescente;C�u Claro;Simples;"Aclive;Curva";N�o;2;0;1;0;0;1;1;2;-21,8531967;-42,6612279;SPRF-MG;DEL07-MG;UOP01-DEL07-MG;;;
707488;27/07/2025;domingo;01:40:00;SC;101;191,6;BIGUACU;Ingest�o de �lcool pelo condutor;Colis�o lateral mesmo sentido;Com V�timas Feridas;Plena Noite;Crescente;Garoa/Chuvisco;Dupla;Reta;N�o;2;0;1;0;1;0;1;2;-27,394202;-48,631196;SPRF-SC;DEL01-SC;UOP01-DEL01-SC;;;
707499;27/07/2025;domingo;03:30:00;RJ;40;75;PETROPOLIS;Ingest�o de �lcool pelo condutor;Colis�o traseira;Sem V�timas;Plena Noite;Crescente;C�u Claro;Simples;Curva;N�o;2;0;0;0;2;0;0;2;-22,46886126;-43,22862625;SPRF-RJ;DEL01-RJ;UOP01-DEL01-RJ;;;
707507;27/07/2025;domingo;06:00:00;AL;423;37,8;INHAPI;Rea��o tardia ou ineficiente do condutor;Colis�o lateral mesmo sentido;Com V�timas Feridas;Amanhecer;Crescente;C�u Claro;Simples;Reta;N�o;2;0;0;1;0;1;1;2;-9,22671;-37,61685;SPRF-AL;DEL03-AL;UOP02-DEL03-AL;;;
707512;27/07/2025;domingo;06:21:00;TO;153;313;GUARAI;Demais falhas mec�nicas ou el�tricas;Inc�ndio;Sem V�timas;Amanhecer;Decrescente;C�u Claro;Simples;Reta;N�o;2;0;0;0;1;3;0;4;-8,66112991;-48,49777222;SPRF-TO;DEL02-TO;UOP02-DEL02-TO;;;
707513;27/07/2025;domingo;05:38:00;SC;282;527,7;CORDILHEIRA ALTA;Aus�ncia de rea��o do condutor;Colis�o frontal;Com V�timas Feridas;Plena Noite;Crescente;C�u Claro;Simples;"Aclive;Curva";N�o;4;0;1;0;2;1;1;3;-26,97568321;-52,58856207;SPRF-SC;DEL07-SC;UOP01-DEL07-SC;;;
707520;27/07/2025;domingo;06:45:00;PR;116;126,6;FAZENDA RIO GRANDE;Manobra de mudan�a de faixa;Colis�o lateral mesmo sentido;Com V�timas Feridas;Amanhecer;Crescente;Ignorado;Dupla;"Reta;Aclive";Sim;4;0;1;0;2;1;1;3;-25,643938;-49,312842;SPRF-PR;DEL01-PR;UOP03-DEL01-PR;;;
707526;26/07/2025;s�bado;18:00:00;MA;222;475;SANTA LUZIA;Velocidade Incompat�vel;Tombamento;Com V�timas Feridas;Anoitecer;Decrescente;Nublado;Simples;Curva;N�o;2;0;0;1;0;3;1;4;-4,171689;-46,13235;SPRF-MA;DEL02-MA;UOP01-DEL02-MA;;;
707527;27/07/2025;domingo;07:40:00;RS;386;150;ALMIRANTE TAMANDARE DO SUL;Aus�ncia de rea��o do condutor;Colis�o frontal;Sem V�timas;Amanhecer;Decrescente;Chuva;Simples;Reta;N�o;2;0;0;0;1;1;0;2;-28,08506;-52,86804;SPRF-RS;DEL08-RS;UOP01-DEL08-RS;;;
707540;26/07/2025;s�bado;14:30:00;MG;381;707,1;NEPOMUCENO;Velocidade Incompat�vel;Tombamento;Com V�timas Feridas;Pleno dia;Decrescente;C�u Claro;Dupla;"Declive;Curva";N�o;2;0;1;0;0;1;1;2;-21,33417667;-45,17249394;SPRF-MG;DEL04-MG;UOP02-DEL04-MG;;;
707547;27/07/2025;domingo;10:00:00;MG;153;134,5;PRATA;Rea��o tardia ou ineficiente do condutor;Colis�o lateral mesmo sentido;Com V�timas Fatais;Pleno dia;Decrescente;C�u Claro;Simples;"Reta;Ponte";N�o;5;1;1;0;2;5;1;9;-19,517507;-48,836948;SPRF-MG;DEL15-MG;UOP03-DEL15-MG;;;
707557;27/07/2025;domingo;10:05:00;MG;381;521,3;BRUMADINHO;Manobra de mudan�a de faixa;Colis�o lateral mesmo sentido;Com V�timas Feridas;Pleno dia;Crescente;C�u Claro;Dupla;"Declive;Em Obras;Curva";N�o;4;0;1;0;2;1;1;3;-20,1168725;-44,30374146;SPRF-MG;DEL04-MG;UOP03-DEL04-MG;;;
707560;27/07/2025;domingo;05:30:00;BA;20;195;LUIS EDUARDO MAGALHAES;Rea��o tardia ou ineficiente do condutor;Colis�o frontal;Com V�timas Feridas;Pleno dia;Decrescente;C�u Claro;Simples;Reta;N�o;7;0;1;0;5;2;1;5;-12,27552376;-45,84362269;SPRF-BA;DEL10-BA;UOP01-DEL10-BA;;;
707564;16/07/2025;quarta-feira;04:55:00;MS;60;422;SIDROLANDIA;Acessar a via sem observar a presen�a dos outros ve�culos;Colis�o transversal;Com V�timas Feridas;Plena Noite;Crescente;C�u Claro;Simples;Reta;N�o;3;0;0;1;1;2;1;4;-20,90554631;-54,94010747;SPRF-MS;DEL01-MS;UOP04-DEL01-MS;;;
707578;27/07/2025;domingo;11:40:00;MG;365;238;BURITIZEIRO;Demais falhas mec�nicas ou el�tricas;Sa�da de leito carro��vel;Com V�timas Feridas;Pleno dia;Crescente;C�u Claro;Simples;Reta;N�o;2;0;1;0;0;1;1;2;-17,7391641;-45,413988;SPRF-MG;DEL10-MG;UOP02-DEL010-MG;;;
707579;27/07/2025;domingo;12:03:00;TO;153;689;CARIRI DO TOCANTINS;Aus�ncia de rea��o do condutor;Sa�da de leito carro��vel;Com V�timas Feridas;Pleno dia;Crescente;Sol;Simples;Reta;N�o;2;0;1;0;0;1;1;2;-11,8593;-49,15097;SPRF-TO;DEL01-TO;UOP02-DEL01-TO;;;
707583;25/07/2025;sexta-feira;01:50:00;GO;153;176;CAMPINORTE;Ingest�o de subst�ncias psicoativas pelo condutor;Sa�da de leito carro��vel;Sem V�timas;Plena Noite;Decrescente;C�u Claro;Simples;Reta;N�o;2;0;0;0;1;2;0;3;-14,18068;-49,12296295;SPRF-GO;DEL07-GO;UOP02-DEL07-GO;;;
707587;27/07/2025;domingo;14:40:00;PR;376;131;NOVA ESPERANCA;Aus�ncia de rea��o do condutor;Colis�o frontal;Com V�timas Feridas;Pleno dia;Crescente;C�u Claro;Dupla;Reta;N�o;4;0;1;1;1;2;2;4;-23,17458;-52,23655;SPRF-PR;DEL09-PR;UOP02-DEL09-PR;;;
707600;27/07/2025;domingo;12:40:00;RJ;40;93;DUQUE DE CAXIAS;Rea��o tardia ou ineficiente do condutor;Sa�da de leito carro��vel;Sem V�timas;Pleno dia;Crescente;C�u Claro;Dupla;"Declive;Curva";N�o;1;0;0;0;1;0;0;1;-22,556813;-43,262305;SPRF-RJ;DEL01-RJ;UOP01-DEL01-RJ;;;
707609;27/07/2025;domingo;15:41:00;TO;153;195;NOVA OLINDA;Velocidade Incompat�vel;Colis�o transversal;Com V�timas Feridas;Pleno dia;Decrescente;Sol;Simples;Reta;N�o;4;0;2;0;1;1;2;3;-7,60379;-48,424537;SPRF-TO;DEL02-TO;UOP01-DEL02-TO;;;
707612;27/07/2025;domingo;16:10:00;PI;316;24,8;DEMERVAL LOBAO;Acesso irregular;Colis�o transversal;Sem V�timas;Pleno dia;Crescente;C�u Claro;Dupla;Reta;N�o;3;0;0;0;2;1;0;3;-5,306498;-42,706096;SPRF-PI;DEL01-PI;UOP02-DEL01-PI;;;
707620;27/07/2025;domingo;17:00:00;MG;262;762,3;SACRAMENTO;Ultrapassagem Indevida;Colis�o frontal;Com V�timas Feridas;Pleno dia;Crescente;C�u Claro;Simples;"Reta;Declive";N�o;13;0;3;8;1;3;11;7;-19,659;-47,573164;SPRF-MG;DEL13-MG;UOP01-DEL13-MG;;;
707629;27/07/2025;domingo;17:00:00;MG;116;522,4;CARATINGA;Acessar a via sem observar a presen�a dos outros ve�culos;Colis�o transversal;Com V�timas Feridas;Pleno dia;Crescente;C�u Claro;Simples;Reta;Sim;3;0;1;0;1;1;1;3;-19,7477461;-42,1324986;SPRF-MG;DEL06-MG;UOP02-DEL06-MG;;;
707633;27/07/2025;domingo;17:00:00;PR;272;366,9;CAMPO MOURAO;Rea��o tardia ou ineficiente do condutor;Colis�o lateral mesmo sentido;Com V�timas Feridas;Anoitecer;Decrescente;Nublado;Dupla;Reta;Sim;4;0;0;1;1;3;1;5;-24,049586;-52,399285;SPRF-PR;DEL09-PR;UOP03-DEL09-PR;;;
707639;27/07/2025;domingo;16:30:00;PR;153;138,8;VENTANIA;Velocidade Incompat�vel;Tombamento;Com V�timas Feridas;Pleno dia;Decrescente;C�u Claro;Simples;Curva;N�o;2;0;1;0;0;2;1;3;-24,06387634;-50,25334668;SPRF-PR;DEL07-PR;UOP04-DEL07-PR;;;
707645;27/07/2025;domingo;17:22:00;PE;423;64;CALCADO;Transitar na contram�o;Colis�o frontal;Com V�timas Fatais;Anoitecer;Crescente;C�u Claro;Simples;Reta;Sim;3;1;0;0;1;1;0;3;-8,667042;-36,368718;SPRF-PE;DEL03-PE;UOP01-DEL03-PE;;;
707648;27/07/2025;domingo;18:30:00;PR;277;299,9;PRUDENTOPOLIS;Acessar a via sem observar a presen�a dos outros ve�culos;Colis�o transversal;Sem V�timas;Plena Noite;Crescente;Chuva;Simples;Reta;Sim;4;0;0;0;4;0;0;2;-25,29838747;-51,14339268;SPRF-PR;DEL08-PR;UOP01-DEL08-PR;;;
707651;27/07/2025;domingo;17:00:00;BA;101;935;MUCURI;Acesso irregular;Atropelamento de Pedestre;Com V�timas Feridas;Anoitecer;Crescente;Nublado;Simples;Reta;Sim;2;0;0;1;1;0;1;2;-18,01403979;-39,86177713;SPRF-BA;DEL09-BA;UOP02-DEL09-BA;;;
707653;27/07/2025;domingo;16:00:00;MT;163;115;RONDONOPOLIS;Rea��o tardia ou ineficiente do condutor;Sa�da de leito carro��vel;Com V�timas Fatais;Pleno dia;Crescente;C�u Claro;Dupla;Reta;N�o;6;2;1;2;0;1;3;2;-16,52994831;-54,66226369;SPRF-MT;DEL02-MT;UOP01-DEL02-MT;;;
707655;27/07/2025;domingo;19:50:00;BA;116;385;SANTA BARBARA;Aus�ncia de rea��o do condutor;Colis�o lateral sentido oposto;Com V�timas Feridas;Plena Noite;Crescente;C�u Claro;Simples;Reta;N�o;2;0;0;1;1;0;1;2;-11,903828;-38,98254;SPRF-BA;DEL02-BA;UOP01-DEL02-BA;;;
707658;27/07/2025;domingo;10:12:00;PA;230;1121;ITAITUBA;Manobra de mudan�a de faixa;Sa�da de leito carro��vel;Com V�timas Feridas;Pleno dia;Crescente;C�u Claro;Simples;Reta;N�o;2;0;0;1;0;1;1;2;-4,3621729;-55,9607982;SPRF-PA;DEL05-PA;UOP02-DEL05-PA;;;
707661;27/07/2025;domingo;19:50:00;MA;316;513;CAXIAS;Aus�ncia de rea��o do condutor;Colis�o traseira;Com V�timas Fatais;Plena Noite;Crescente;C�u Claro;Simples;Reta;N�o;3;2;0;0;1;0;0;2;-4,741325;-43,690536;SPRF-MA;DEL03-MA;UOP02-DEL03-MA;;;
707674;27/07/2025;domingo;20:20:00;MG;40;432,9;PARAOPEBA;Restri��o de visibilidade em curvas verticais;Atropelamento de Pedestre;Com V�timas Feridas;Plena Noite;Decrescente;C�u Claro;Dupla;"Curva;Retorno Regulamentado";N�o;2;0;1;0;1;0;1;2;-19,210002;-44,463418;SPRF-MG;DEL02-MG;UOP01-DEL02-MG;;;
707681;27/07/2025;domingo;20:40:00;BA;135;126;RIACHAO DAS NEVES;Ultrapassagem Indevida;Colis�o traseira;Com V�timas Fatais;Plena Noite;Crescente;C�u Claro;Simples;"Declive;Reta";N�o;2;1;0;0;0;1;0;2;-11,77538;-44,89771;SPRF-BA;DEL10-BA;UOP01-DEL10-BA;;;
707687;27/07/2025;domingo;18:30:00;BA;242;472;IBITIARA;Transitar na contram�o;Colis�o frontal;Com V�timas Fatais;Plena Noite;Crescente;C�u Claro;Simples;Reta;Sim;3;1;0;0;1;3;0;5;-12,47477434;-42,27784157;SPRF-BA;DEL06-BA;UOP01-DEL06-BA;;;
707693;27/07/2025;domingo;20:30:00;CE;20;84,5;TAUA;Acessar a via sem observar a presen�a dos outros ve�culos;Colis�o traseira;Com V�timas Feridas;Plena Noite;Crescente;C�u Claro;Simples;Reta;Sim;3;0;0;1;1;1;1;3;-5,994493;-40,273557;SPRF-CE;DEL02-CE;UOP02-DEL02-CE;;;
707695;27/07/2025;domingo;21:40:00;RS;116;37,9;VACARIA;Ingest�o de �lcool pelo condutor;Colis�o frontal;Com V�timas Feridas;Plena Noite;Decrescente;Nublado;Simples;Reta;Sim;6;0;1;0;5;0;1;4;-28,5049358;-50,9245745;SPRF-RS;DEL05-RS;UOP03-DEL05-RS;;;
707716;27/07/2025;domingo;15:15:00;MG;116;528;CARATINGA;Entrada inopinada do pedestre;Atropelamento de Pedestre;Com V�timas Feridas;Pleno dia;Crescente;C�u Claro;Simples;Curva;Sim;2;0;1;0;1;0;1;2;-19,80074976;-42,13784711;SPRF-MG;DEL06-MG;UOP02-DEL06-MG;;;
707728;27/07/2025;domingo;23:10:00;MT;163;744;SORRISO;Acessar a via sem observar a presen�a dos outros ve�culos;Colis�o transversal;Com V�timas Feridas;Plena Noite;Decrescente;C�u Claro;Simples;Reta;N�o;4;0;1;0;2;3;1;5;-12,6144;-55,760735;SPRF-MT;DEL06-MT;UOP01-DEL06-MT;;;
707736;28/07/2025;segunda-feira;04:00:00;SC;101;118,4;ITAJAI;Aus�ncia de rea��o do condutor;Colis�o traseira;Com V�timas Feridas;Plena Noite;Decrescente;Nublado;Dupla;Reta;N�o;3;0;1;0;1;1;1;3;-26,89834026;-48,71782986;SPRF-SC;DEL04-SC;UOP04-DEL04-SC;;;
707745;27/07/2025;domingo;22:30:00;RS;290;262;CACHOEIRA DO SUL;Rea��o tardia ou ineficiente do condutor;Colis�o lateral mesmo sentido;Sem V�timas;Plena Noite;Decrescente;Chuva;Simples;Aclive;N�o;2;0;0;0;2;0;0;2;-30,26677712;-52,85247803;SPRF-RS;DEL02-RS;UOP03-DEL02-RS;;;
707746;28/07/2025;segunda-feira;05:40:00;PR;369;481;CORBELIA;Transitar na contram�o;Colis�o frontal;Com V�timas Fatais;Plena Noite;Decrescente;Nublado;Simples;"Reta;Aclive";N�o;11;3;0;5;2;1;5;5;-24,76323549;-53,29366419;SPRF-PR;DEL04-PR;UOP03-DEL04-PR;;;
707748;28/07/2025;segunda-feira;06:20:00;BA;116;760;POCOES;Rea��o tardia ou ineficiente do condutor;Colis�o traseira;Com V�timas Feridas;Pleno dia;Decrescente;C�u Claro;Simples;Reta;N�o;3;0;1;0;1;1;1;3;-14,5429277;-40,3953173;SPRF-BA;DEL08-BA;UOP02-DEL08-BA;;;
707754;28/07/2025;segunda-feira;07:07:00;CE;116;8,6;FORTALEZA;Condutor deixou de manter dist�ncia do ve�culo da frente;Colis�o traseira;Sem V�timas;Pleno dia;Decrescente;C�u Claro;M�ltipla;Reta;Sim;2;0;0;0;2;0;0;2;-3,82382297;-38,50372195;SPRF-CE;DEL01-CE;UOP02-DEL01-CE;;;
707762;28/07/2025;segunda-feira;07:00:00;SC;470;5;NAVEGANTES;Ultrapassagem Indevida;Colis�o lateral mesmo sentido;Com V�timas Feridas;Pleno dia;Crescente;C�u Claro;Dupla;"Reta;Em Obras";Sim;3;0;1;0;1;1;1;3;-26,85885692;-48,6887683;SPRF-SC;DEL04-SC;UOP04-DEL04-SC;;;
707777;28/07/2025;segunda-feira;07:30:00;RO;364;236,9;CACOAL;Aus�ncia de rea��o do condutor;Colis�o traseira;Com V�timas Feridas;Pleno dia;Crescente;C�u Claro;Simples;Reta;Sim;3;0;0;1;1;1;1;3;-11,442613;-61,447925;SPRF-RO;DEL02-RO;UOP02-DEL02-RO;;;
707782;28/07/2025;segunda-feira;07:50:00;BA;324;609;SIMOES FILHO;Rea��o tardia ou ineficiente do condutor;Colis�o lateral mesmo sentido;Sem V�timas;Pleno dia;Crescente;Nublado;M�ltipla;Reta;N�o;3;0;0;0;2;1;0;3;-12,7932125;-38,40481176;SPRF-BA;DEL01-BA;UOP01-DEL01-BA;;;
707783;17/07/2025;quinta-feira;11:45:00;SC;101;74;ARAQUARI;Condutor deixou de manter dist�ncia do ve�culo da frente;Colis�o com objeto;Com V�timas Feridas;Pleno dia;Crescente;C�u Claro;M�ltipla;Curva;N�o;7;0;4;0;2;1;4;4;-26,54970293;-48,71413744;SPRF-SC;DEL03-SC;UOP02-DEL03-SC;;;
707785;28/07/2025;segunda-feira;06:55:00;MS;267;192;NOVA ALVORADA DO SUL;Manobra de mudan�a de faixa;Eventos at�picos;Com V�timas Feridas;Amanhecer;Crescente;Chuva;Simples;Reta;N�o;4;0;1;1;1;1;2;3;-21,598536;-53,873506;SPRF-MS;DEL02-MS;UOP03-DEL02-MS;;;
707786;28/07/2025;segunda-feira;09:30:00;RS;290;80;GRAVATAI;Velocidade Incompat�vel;Sa�da de leito carro��vel;Com V�timas Feridas;Pleno dia;Decrescente;Chuva;M�ltipla;"Curva;Retorno Regulamentado";Sim;3;0;2;0;1;0;2;1;-29,953968;-51,061149;SPRF-RS;DEL01-RS;UOP01-DEL01-RS;;;
707790;28/07/2025;segunda-feira;09:30:00;TO;230;82;CACHOEIRINHA;Acessar a via sem observar a presen�a dos outros ve�culos;Colis�o transversal;Com V�timas Fatais;Pleno dia;Crescente;C�u Claro;Simples;"Reta;Rotat�ria";N�o;4;1;0;0;2;2;0;4;-6,09824;-47,90934;SPRF-TO;DEL02-TO;UOP03-DEL02-TO;;;
707797;28/07/2025;segunda-feira;09:45:00;MG;381;925,1;ITAPEVA;Velocidade Incompat�vel;Engavetamento;Sem V�timas;Pleno dia;Crescente;Chuva;Dupla;"Curva;Declive";N�o;8;0;0;0;7;3;0;9;-22,76857951;-46,2065202;SPRF-MG;DEL16-MG;UOP03-DEL16-MG;;;
707802;28/07/2025;segunda-feira;09:30:00;PR;116;184;CAMPO DO TENENTE;Rea��o tardia ou ineficiente do condutor;Tombamento;Com V�timas Feridas;Pleno dia;Crescente;C�u Claro;Simples;Curva;N�o;2;0;1;0;0;1;1;2;-25,93565026;-49,63818882;SPRF-PR;DEL01-PR;UOP03-DEL01-PR;;;
707804;28/07/2025;segunda-feira;09:45:00;RS;153;47;ERECHIM;Rea��o tardia ou ineficiente do condutor;Colis�o transversal;Com V�timas Feridas;Pleno dia;Decrescente;Garoa/Chuvisco;Simples;Rotat�ria;Sim;2;0;1;0;1;0;1;2;-27,64257249;-52,24511862;SPRF-RS;DEL08-RS;UOP04-DEL08-RS;;;
707807;09/05/2025;sexta-feira;15:10:00;PI;316;11;TERESINA;Condutor deixou de manter dist�ncia do ve�culo da frente;Colis�o traseira;Com V�timas Feridas;Pleno dia;Decrescente;Sol;M�ltipla;"Reta;Aclive";Sim;3;0;1;0;1;1;1;3;-5,2678854;-42,7275423;SPRF-PI;DEL01-PI;UOP02-DEL01-PI;;;
707808;28/07/2025;segunda-feira;11:10:00;MG;40;569,9;NOVA LIMA;Frear bruscamente;Colis�o traseira;Com V�timas Feridas;Pleno dia;Crescente;C�u Claro;Simples;"Declive;Reta";N�o;4;0;1;0;2;1;1;3;-20,22207824;-43,9720434;SPRF-MG;DEL01-MG;UOP02-DEL01-MG;;;
707809;14/06/2025;s�bado;20:30:00;PR;373;415,3;FOZ DO JORDAO;Transitar na contram�o;Colis�o frontal;Com V�timas Feridas;Plena Noite;Crescente;Chuva;Simples;Reta;Sim;3;0;1;0;1;1;1;3;-25,6748;-52,1273;SPRF-PR;DEL08-PR;UOP01-DEL08-PR;;;
707813;28/07/2025;segunda-feira;12:30:00;SP;116;226;GUARULHOS;Manobra de mudan�a de faixa;Colis�o lateral mesmo sentido;Com V�timas Feridas;Pleno dia;Crescente;Nublado;M�ltipla;Em Obras;Sim;3;0;1;0;1;1;1;3;-23,495298;-46,555579;SPRF-SP;DEL01-SP;UOP01-DEL01-SP;;;
707814;28/07/2025;segunda-feira;09:37:00;ES;101;291;CARIACICA;Condutor deixou de manter dist�ncia do ve�culo da frente;Colis�o traseira;Com V�timas Feridas;Pleno dia;Decrescente;Sol;Dupla;Reta;Sim;2;0;1;0;1;0;1;2;-20,36576062;-40,37303925;SPRF-ES;DEL01-ES;UOP01-DEL01-ES;;;
707817;28/07/2025;segunda-feira;10:30:00;PR;163;147;SANTA LUCIA;Aus�ncia de rea��o do condutor;Colis�o traseira;Com V�timas Feridas;Pleno dia;Decrescente;Garoa/Chuvisco;Dupla;Reta;N�o;5;0;1;0;2;2;1;4;-25,42022;-53,573732;SPRF-PR;DEL05-PR;UOP05-DEL05-PR;;;
707823;28/07/2025;segunda-feira;12:00:00;MG;50;169;UBERABA;Velocidade Incompat�vel;Colis�o traseira;Sem V�timas;Pleno dia;Crescente;Nublado;Dupla;"Reta;Aclive";N�o;2;0;0;0;2;0;0;2;-19,72974547;-47,98175812;SPRF-MG;DEL13-MG;UOP01-DEL13-MG;;;
707826;28/07/2025;segunda-feira;13:05:00;MG;251;426,8;GRAO MOGOL;Transitar na contram�o;Colis�o lateral sentido oposto;Com V�timas Feridas;Pleno dia;Crescente;C�u Claro;Simples;Curva;N�o;4;0;1;1;1;1;2;3;-16,321072;-43,115555;SPRF-MG;DEL12-MG;UOP01-DEL12-MG;;;
707829;28/07/2025;segunda-feira;09:50:00;RS;116;77,1;CAMPESTRE DA SERRA;Rea��o tardia ou ineficiente do condutor;Colis�o frontal;Com V�timas Feridas;Pleno dia;Decrescente;Chuva;Simples;Curva;N�o;2;0;1;1;0;0;2;2;-28,77852418;-51,09237308;SPRF-RS;DEL05-RS;UOP03-DEL05-RS;;;
707830;28/07/2025;segunda-feira;13:45:00;MG;381;442;SABARA;Manobra de mudan�a de faixa;Colis�o lateral mesmo sentido;Com V�timas Feridas;Pleno dia;Decrescente;C�u Claro;Simples;Reta;N�o;3;0;0;1;1;1;1;3;-19,8319703;-43,8625365;SPRF-MG;DEL01-MG;UOP01-DEL01-MG;;;
707834;30/06/2025;segunda-feira;09:32:00;PA;163;304;NOVO PROGRESSO;Rea��o tardia ou ineficiente do condutor;Colis�o traseira;Sem V�timas;Pleno dia;Crescente;Ignorado;Simples;Reta;N�o;3;0;0;0;0;3;0;2;-7,104524;-55,397812;SPRF-PA;DEL05-PA;UOP03-DEL05-PA;;;
707836;28/07/2025;segunda-feira;12:30:00;MG;40;512,1;RIBEIRAO DAS NEVES;Manobra de mudan�a de faixa;Colis�o lateral mesmo sentido;Com V�timas Feridas;Pleno dia;Crescente;C�u Claro;Dupla;"Reta;Aclive";N�o;2;0;1;0;1;0;1;2;-19,79231561;-44,1110859;SPRF-MG;DEL01-MG;UOP02-DEL01-MG;;;
707839;28/07/2025;segunda-feira;09:37:00;PI;343;280;CAMPO MAIOR;Transitar na contram�o;Colis�o frontal;Com V�timas Fatais;Pleno dia;Crescente;C�u Claro;Simples;Reta;N�o;8;1;2;2;3;0;4;2;-4,92098506;-42,26539135;SPRF-PI;DEL01-PI;UOP03-DEL01-PI;;;