id;data_inversa;dia_semana;horario;uf;br;km;municipio;causa_acidente;tipo_acidente;classificacao_acidente;fase_dia;sentido_via;condicao_metereologica;tipo_pista;tracado_via;uso_solo;pessoas;mortos;feridos_leves;feridos_graves;ilesos;ignorados;feridos;veiculos;latitude;longitude;regional;delegacia;uop;;;
707843;28/07/2025;segunda-feira;12:10:00;RS;386;113,1;SARANDI;Desrespeitar a prefer�ncia no cruzamento;Colis�o transversal;Com V�timas Feridas;Pleno dia;Decrescente;Nublado;Simples;Curva;N�o;5;0;1;2;2;0;3;2;-27,81471476;-53,04054229;SPRF-RS;DEL08-RS;UOP01-DEL08-RS;;;
707844;28/07/2025;segunda-feira;14:10:00;RJ;101;208;CASIMIRO DE ABREU;Rea��o tardia ou ineficiente do condutor;Colis�o traseira;Sem V�timas;Pleno dia;Crescente;C�u Claro;Simples;Reta;N�o;3;0;0;0;2;2;0;4;-22,48226485;-42,22166061;SPRF-RJ;DEL08-RJ;UOP04-DEL08-RJ;;;
707845;28/07/2025;segunda-feira;14:37:00;ES;101;344;GUARAPARI;Aus�ncia de rea��o do condutor;Tombamento;Com V�timas Feridas;Pleno dia;Crescente;C�u Claro;Dupla;Curva;N�o;2;0;1;0;0;1;1;2;-20,65876971;-40,61394081;SPRF-ES;DEL03-ES;UOP01-DEL03-ES;;;
707849;28/07/2025;segunda-feira;12:50:00;MG;116;25;CACHOEIRA DE PAJEU;Transitar na contram�o;Colis�o transversal;Com V�timas Feridas;Pleno dia;Crescente;C�u Claro;Simples;Interse��o de Vias;N�o;2;0;0;1;1;0;1;2;-15,8728682;-41,4308492;SPRF-BA;DEL08-BA;UOP03-DEL08-BA;;;
707858;28/07/2025;segunda-feira;11:50:00;MT;70;731;CACERES;Acessar a via sem observar a presen�a dos outros ve�culos;Colis�o transversal;Sem V�timas;Pleno dia;Crescente;C�u Claro;Simples;"Reta;Interse��o de Vias";Sim;3;0;0;0;1;2;0;3;-16,098952;-57,678072;SPRF-MT;DEL03-MT;UOP01-DEL03-MT;;;
707863;28/07/2025;segunda-feira;14:30:00;SC;470;112;IBIRAMA;Aus�ncia de sinaliza��o;Colis�o traseira;Com V�timas Feridas;Pleno dia;Crescente;Sol;Simples;Curva;N�o;3;0;0;1;2;0;1;3;-27,09519518;-49,46590114;SPRF-SC;DEL04-SC;UOP02-DEL04-SC;;;
707865;28/07/2025;segunda-feira;14:20:00;MG;381;858;POUSO ALEGRE;Demais falhas mec�nicas ou el�tricas;Sa�da de leito carro��vel;Com V�timas Feridas;Pleno dia;Crescente;Nublado;Dupla;Reta;N�o;2;0;1;0;0;1;1;2;-22,305719;-45,901855;SPRF-MG;DEL16-MG;UOP01-DEL16-MG;;;
707870;28/07/2025;segunda-feira;16:00:00;MG;50;28,9;ARAGUARI;Rea��o tardia ou ineficiente do condutor;Colis�o traseira;Com V�timas Fatais;Pleno dia;Crescente;C�u Claro;Dupla;Aclive;N�o;2;1;0;0;1;0;0;2;-18,620063;-48,110868;SPRF-MG;DEL15-MG;UOP02-DEL15-MG;;;
707884;02/06/2025;segunda-feira;19:30:00;BA;324;603;SIMOES FILHO;Acesso irregular;Colis�o traseira;Com V�timas Feridas;Plena Noite;Decrescente;Nublado;Dupla;"Interse��o de Vias;Curva";Sim;4;0;3;0;1;0;3;2;-12,783009;-38,41403961;SPRF-BA;DEL01-BA;UOP01-DEL01-BA;;;
707890;28/07/2025;segunda-feira;17:25:00;PB;101;123;CAAPORA;Chuva;Colis�o lateral mesmo sentido;Com V�timas Feridas;Anoitecer;Crescente;Chuva;Dupla;"Declive;Reta";N�o;3;0;1;0;2;0;1;2;-7,4589931;-34,9805793;SPRF-PB;DEL01-PB;UOP01-DEL01-PB;;;
707893;28/07/2025;segunda-feira;17:00:00;SP;116;107;TAUBATE;Condutor deixou de manter dist�ncia do ve�culo da frente;Tombamento;Sem V�timas;Anoitecer;Crescente;C�u Claro;Dupla;Reta;Sim;2;0;0;0;1;2;0;3;-23,02120548;-45,53506071;SPRF-SP;DEL02-SP;UOP02-DEL02-SP;;;
707895;28/07/2025;segunda-feira;16:00:00;BA;349;972;CORRENTINA;Rea��o tardia ou ineficiente do condutor;Sa�da de leito carro��vel;Sem V�timas;Pleno dia;Decrescente;C�u Claro;Simples;Reta;N�o;6;0;0;0;6;0;0;2;-13,48058;-44,97119;SPRF-BA;DEL10-BA;UOP02-DEL10-BA;;;
707896;28/07/2025;segunda-feira;16:00:00;PR;369;68;SANTA MARIANA;Condutor Dormindo;Sa�da de leito carro��vel;Com V�timas Feridas;Pleno dia;Crescente;C�u Claro;Simples;"Reta;Aclive";N�o;1;0;1;0;0;0;1;1;-23,13335967;-50,47509519;SPRF-PR;DEL07-PR;UOP05-DEL07-PR;;;
707897;28/07/2025;segunda-feira;18:00:00;TO;153;147;ARAGUAINA;Demais falhas mec�nicas ou el�tricas;Inc�ndio;Sem V�timas;Pleno dia;Crescente;C�u Claro;Dupla;Reta;Sim;2;0;0;0;1;1;0;2;-7,2238664;-48,2485502;SPRF-TO;DEL02-TO;UOP01-DEL02-TO;;;
707899;28/07/2025;segunda-feira;17:30:00;PR;369;180,4;ARAPONGAS;Acessar a via sem observar a presen�a dos outros ve�culos;Colis�o lateral mesmo sentido;Sem V�timas;Pleno dia;Decrescente;Nublado;Dupla;"Reta;Interse��o de Vias";N�o;3;0;0;0;2;1;0;3;-23,371704;-51,410573;SPRF-PR;DEL07-PR;UOP03-DEL07-PR;;;
707900;28/07/2025;segunda-feira;17:50:00;TO;153;169;ARAGUAINA;Demais falhas mec�nicas ou el�tricas;Inc�ndio;Sem V�timas;Anoitecer;Decrescente;C�u Claro;Simples;Reta;N�o;1;0;0;0;1;0;0;1;-7,387018;-48,357722;SPRF-TO;DEL02-TO;UOP01-DEL02-TO;;;
707901;28/07/2025;segunda-feira;11:15:00;MG;262;752;SACRAMENTO;Aus�ncia de rea��o do condutor;Colis�o traseira;Com V�timas Feridas;Pleno dia;Decrescente;C�u Claro;Simples;"Reta;Em Obras";N�o;3;0;1;0;1;2;1;4;-19,632197;-47,497441;SPRF-MG;DEL13-MG;UOP01-DEL13-MG;;;
707917;28/07/2025;segunda-feira;16:25:00;RN;110;30;MOSSORO;Demais falhas mec�nicas ou el�tricas;Inc�ndio;Sem V�timas;Pleno dia;Decrescente;Nublado;Simples;Reta;N�o;2;0;0;0;1;1;0;2;-5,12815;-37,20762;SPRF-RN;DEL04-RN;UOP01-DEL04-RN;;;
707924;28/07/2025;segunda-feira;18:26:00;MG;381;516;IGARAPE;Manobra de mudan�a de faixa;Colis�o lateral mesmo sentido;Com V�timas Feridas;Plena Noite;Decrescente;Chuva;Dupla;"Declive;Reta";N�o;4;0;1;0;2;1;1;3;-20,10554958;-44,32160926;SPRF-MG;DEL01-MG;UOP03-DEL01-MG;;;
707934;28/07/2025;segunda-feira;20:50:00;MG;262;110,8;RIO CASCA;Objeto est�tico sobre o leito carro��vel;Colis�o com objeto;Com V�timas Feridas;Pleno dia;Crescente;Chuva;Simples;Reta;N�o;2;0;1;0;1;0;1;2;-20,23707308;-42,61751175;SPRF-MG;DEL03-MG;UOP03-DEL03-MG;;;
707938;28/07/2025;segunda-feira;17:30:00;MA;316;613,4;TIMON;Transitar na contram�o;Colis�o frontal;Com V�timas Fatais;Anoitecer;Crescente;C�u Claro;Simples;Curva;Sim;2;1;0;0;0;1;0;2;-5,075447;-42,848433;SPRF-MA;DEL03-MA;UOP02-DEL03-MA;;;
707942;28/07/2025;segunda-feira;22:00:00;MG;40;593;OURO PRETO;Velocidade Incompat�vel;Colis�o traseira;Com V�timas Feridas;Plena Noite;Decrescente;Chuva;Dupla;"Curva;Declive";N�o;4;0;2;0;1;1;2;3;-20,39289967;-43,90563081;SPRF-MG;DEL05-MG;UOP02-DEL05-MG;;;
707943;28/07/2025;segunda-feira;18:15:00;MS;267;318;RIO BRILHANTE;Velocidade Incompat�vel;Colis�o com objeto;Sem V�timas;Plena Noite;Decrescente;C�u Claro;Simples;Rotat�ria;N�o;2;0;0;0;1;1;0;2;-21,65058762;-54,75883126;SPRF-MS;DEL02-MS;UOP02-DEL02-MS;;;
707946;28/07/2025;segunda-feira;22:00:00;RN;406;155;CEARA-MIRIM;Rea��o tardia ou ineficiente do condutor;Colis�o lateral mesmo sentido;Com V�timas Feridas;Plena Noite;Crescente;C�u Claro;Simples;Reta;N�o;2;0;1;0;0;1;1;2;-5,68386637;-35,39532535;SPRF-RN;DEL02-RN;UOP01-DEL02-RN;;;
707955;29/07/2025;ter�a-feira;00:24:00;PE;232;10,3;JABOATAO DOS GUARARAPES;Chuva;Sa�da de leito carro��vel;Sem V�timas;Plena Noite;Crescente;Chuva;Dupla;Reta;Sim;1;0;0;0;1;0;0;1;-8,07979;-34,989932;SPRF-PE;DEL01-PE;UOP01-DEL01-PE;;;
707956;28/07/2025;segunda-feira;08:30:00;SC;101;294;IMBITUBA;Aus�ncia de rea��o do condutor;Colis�o traseira;Com V�timas Feridas;Pleno dia;Crescente;C�u Claro;Dupla;Reta;N�o;4;0;2;0;1;1;2;3;-28,306549;-48,72145161;SPRF-SC;DEL02-SC;UOP03-DEL02-SC;;;
707957;29/07/2025;ter�a-feira;03:00:00;GO;153;154;CAMPINORTE;Rea��o tardia ou ineficiente do condutor;Colis�o lateral mesmo sentido;Com V�timas Feridas;Amanhecer;Crescente;C�u Claro;Simples;Reta;N�o;2;0;0;1;1;0;1;2;-14,09260137;-49,0999712;SPRF-GO;DEL07-GO;UOP02-DEL07-GO;;;
707958;29/07/2025;ter�a-feira;04:10:00;GO;60;81;ANAPOLIS;Aus�ncia de rea��o do condutor;Tombamento;Com V�timas Feridas;Amanhecer;Crescente;C�u Claro;Dupla;"Reta;Aclive";N�o;3;0;1;1;0;1;2;2;-16,307573;-48,82277;SPRF-GO;DEL02-GO;UOP01-DEL02-GO;;;
707960;29/07/2025;ter�a-feira;04:30:00;GO;158;13;ARAGARCAS;Animais na Pista;Atropelamento de Animal;Com V�timas Feridas;Amanhecer;Crescente;C�u Claro;Simples;Reta;N�o;3;0;0;1;1;2;1;4;-15,982147;-52,204337;SPRF-GO;DEL04-GO;UOP02-DEL04-GO;;;
707966;28/07/2025;segunda-feira;22:50:00;SC;470;269;BRUNOPOLIS;Velocidade Incompat�vel;Tombamento;Sem V�timas;Plena Noite;Crescente;Nublado;Simples;Curva;N�o;1;0;0;0;1;0;0;1;-27,31889524;-50,76554775;SPRF-SC;DEL07-SC;UOP06-DEL07-SC;;;
707980;29/07/2025;ter�a-feira;07:30:00;ES;101;265,4;SERRA;Condutor deixou de manter dist�ncia do ve�culo da frente;Colis�o lateral mesmo sentido;Com V�timas Fatais;Pleno dia;Crescente;C�u Claro;M�ltipla;"Reta;Aclive";Sim;5;1;2;0;1;1;2;5;-20,185471;-40,267666;SPRF-ES;DEL02-ES;UOP01-DEL02-ES;;;
707982;29/07/2025;ter�a-feira;07:15:00;SP;116;504,6;CAJATI;Rea��o tardia ou ineficiente do condutor;Tombamento;Com V�timas Feridas;Pleno dia;Decrescente;C�u Claro;Simples;"Aclive;Curva";N�o;2;0;1;0;0;1;1;2;-24,7967;-48,20854;SPRF-SP;DEL05-SP;UOP02-DEL05-SP;;;
707984;27/07/2025;domingo;12:40:00;MG;365;66,3;CLARO DOS POCOES;Velocidade Incompat�vel;Tombamento;Com V�timas Feridas;Pleno dia;Crescente;Sol;Simples;Curva;N�o;3;0;1;2;0;0;3;1;-17,03700052;-44,31842387;SPRF-MG;DEL12-MG;UOP01-DEL12-MG;;;
707989;29/07/2025;ter�a-feira;07:50:00;PR;376;600;CURITIBA;Pedestre cruzava a pista fora da faixa;Atropelamento de Pedestre;Com V�timas Feridas;Pleno dia;Decrescente;Sol;Dupla;Reta;Sim;4;0;1;0;3;0;1;3;-25,50588;-49,34062;SPRF-PR;DEL01-PR;UOP03-DEL01-PR;;;
707992;07/07/2025;segunda-feira;07:30:00;GO;80;62,9;PADRE BERNARDO;Demais falhas mec�nicas ou el�tricas;Inc�ndio;Sem V�timas;Pleno dia;Decrescente;C�u Claro;Simples;Reta;N�o;2;0;0;0;1;81;0;82;-15,17278873;-48,39040339;SPRF-DF;DEL03-DF;UOP02-DEL03-DF;;;
708003;29/07/2025;ter�a-feira;10:45:00;RS;116;246;SAO LEOPOLDO;Rea��o tardia ou ineficiente do condutor;Colis�o traseira;Com V�timas Feridas;Pleno dia;Crescente;C�u Claro;M�ltipla;"Reta;Ponte";Sim;4;0;0;1;2;1;1;4;-29,759009;-51,15211;SPRF-RS;DEL01-RS;UOP02-DEL01-RS;;;
708004;29/07/2025;ter�a-feira;10:13:00;SC;101;112;ITAPEMA;Aus�ncia de rea��o do condutor;Tombamento;Com V�timas Feridas;Pleno dia;Crescente;C�u Claro;Simples;Curva;N�o;1;0;1;0;0;0;1;1;-27,0659512;-48,5955689;SPRF-SC;DEL04-SC;UOP04-DEL04-SC;;;
708006;29/07/2025;ter�a-feira;11:10:00;SC;101;211,8;PALHOCA;Rea��o tardia ou ineficiente do condutor;Colis�o traseira;Com V�timas Feridas;Pleno dia;Crescente;C�u Claro;M�ltipla;"Reta;Viaduto";Sim;3;0;1;0;2;0;1;3;-27,628233;-48,657352;SPRF-SC;DEL01-SC;UOP02-DEL01-SC;;;
708007;29/07/2025;ter�a-feira;10:53:00;BA;415;52;ITABUNA;Transitar na contram�o;Colis�o frontal;Com V�timas Feridas;Pleno dia;Crescente;C�u Claro;Simples;Reta;Sim;5;0;3;1;1;0;4;2;-14,7670006;-39,2587133;SPRF-BA;DEL05-BA;UOP01-DEL05-BA;;;
708009;29/07/2025;ter�a-feira;08:30:00;PA;10;21;DOM ELISEU;Aus�ncia de rea��o do condutor;Colis�o traseira;Sem V�timas;Pleno dia;Crescente;C�u Claro;Simples;Reta;N�o;3;0;0;0;1;2;0;3;-4,266538;-47,560662;SPRF-PA;DEL02-PA;UOP02-DEL02-PA;;;
708010;29/07/2025;ter�a-feira;09:50:00;PB;101;12;MAMANGUAPE;Rea��o tardia ou ineficiente do condutor;Colis�o traseira;Sem V�timas;Pleno dia;Decrescente;C�u Claro;Dupla;"Reta;Em Obras;Declive";N�o;4;0;0;0;3;3;0;6;-6,600171;-35,143909;SPRF-PB;DEL01-PB;UOP03-DEL01-PB;;;
708011;29/07/2025;ter�a-feira;11:45:00;RS;386;34;FREDERICO WESTPHALEN;Acessar a via sem observar a presen�a dos outros ve�culos;Colis�o transversal;Com V�timas Feridas;Pleno dia;Decrescente;C�u Claro;Dupla;"Curva;Interse��o de Vias";Sim;2;0;1;0;1;0;1;2;-27,3615978;-53,3902152;SPRF-RS;DEL08-RS;UOP02-DEL08-RS;;;
708015;29/07/2025;ter�a-feira;07:30:00;RJ;393;121,5;SAPUCAIA;Aus�ncia de rea��o do condutor;Tombamento;Com V�timas Feridas;Pleno dia;Decrescente;Nublado;Simples;Curva;N�o;2;0;0;1;0;1;1;2;-21,943681;-42,832401;SPRF-RJ;DEL05-RJ;UOP01-DEL05-RJ;;;
708016;25/07/2025;sexta-feira;17:00:00;MS;163;421;CAMPO GRANDE;Acessar a via sem observar a presen�a dos outros ve�culos;Colis�o traseira;Com V�timas Feridas;Anoitecer;Crescente;C�u Claro;Simples;Reta;Sim;3;0;1;0;2;0;1;2;-20,975976;-54,504428;SPRF-MS;DEL01-MS;UOP01-DEL01-MS;;;
708022;29/07/2025;ter�a-feira;12:30:00;MG;262;362,6;JUATUBA;Aus�ncia de rea��o do condutor;Colis�o traseira;Com V�timas Feridas;Pleno dia;Crescente;Sol;M�ltipla;"Reta;Aclive";Sim;2;0;1;0;1;0;1;2;-19,9708902;-44,2890246;SPRF-MG;DEL01-MG;UOP03-DEL01-MG;;;
708024;29/07/2025;ter�a-feira;12:35:00;RS;392;72;PELOTAS;Rea��o tardia ou ineficiente do condutor;Engavetamento;Com V�timas Feridas;Pleno dia;Crescente;C�u Claro;Simples;"Reta;Em Obras";Sim;8;0;2;0;5;3;2;7;-31,7173424;-52,394127;SPRF-RS;DEL07-RS;UOP01-DEL07-RS;;;
708027;29/07/2025;ter�a-feira;10:30:00;PR;277;721,2;FOZ DO IGUACU;Acessar a via sem observar a presen�a dos outros ve�culos;Colis�o transversal;Com V�timas Feridas;Pleno dia;Decrescente;C�u Claro;Dupla;"Retorno Regulamentado;Reta";Sim;39;0;11;6;21;1;17;3;-25,49277143;-54,51543689;SPRF-PR;DEL05-PR;UOP03-DEL05-PR;;;
708028;29/07/2025;ter�a-feira;07:55:00;MG;251;341;FRUTA DE LEITE;Aus�ncia de rea��o do condutor;Sa�da de leito carro��vel;Com V�timas Feridas;Pleno dia;Crescente;C�u Claro;Simples;"Declive;Curva";N�o;4;0;2;1;0;1;3;2;-16,256473;-42,4679746;SPRF-MG;DEL12-MG;UOP02-DEL12-MG;;;
708049;29/07/2025;ter�a-feira;12:40:00;RO;364;713;PORTO VELHO;Manobra de mudan�a de faixa;Colis�o lateral mesmo sentido;Com V�timas Feridas;Pleno dia;Crescente;C�u Claro;Dupla;Reta;Sim;3;0;2;0;1;0;2;2;-8,77317528;-63,88003206;SPRF-RO;DEL01-RO;UOP01-DEL01-RO;;;
708059;29/07/2025;ter�a-feira;15:00:00;PR;369;497,9;CASCAVEL;Objeto est�tico sobre o leito carro��vel;Derramamento de carga;Com V�timas Feridas;Pleno dia;Crescente;C�u Claro;Simples;Interse��o de Vias;N�o;4;0;1;0;2;3;1;5;-24,89373;-53,35313;SPRF-PR;DEL04-PR;UOP01-DEL04-PR;;;
708065;29/07/2025;ter�a-feira;15:00:00;RS;285;113,8;VACARIA;Carga excessiva e/ou mal acondicionada;Derramamento de carga;Com V�timas Feridas;Pleno dia;Crescente;C�u Claro;Simples;Curva;N�o;2;0;0;1;1;0;1;2;-28,511161;-50,876077;SPRF-RS;DEL05-RS;UOP03-DEL05-RS;;;
708068;29/07/2025;ter�a-feira;15:20:00;MS;163;264,5;DOURADOS;Aus�ncia de rea��o do condutor;Tombamento;Com V�timas Feridas;Pleno dia;Decrescente;C�u Claro;Dupla;"Rotat�ria;Curva";Sim;1;0;1;0;0;0;1;1;-22,2240383;-54,73247051;SPRF-MS;DEL04-MS;UOP01-DEL04-MS;;;
708069;29/07/2025;ter�a-feira;13:00:00;MA;10;351;ACAILANDIA;Demais falhas mec�nicas ou el�tricas;Inc�ndio;Sem V�timas;Pleno dia;Crescente;C�u Claro;Simples;Reta;N�o;2;0;0;0;1;3;0;4;-4,67593;-47,49336;SPRF-MA;DEL04-MA;UOP03-DEL04-MA;;;
708077;29/07/2025;ter�a-feira;14:40:00;MG;116;442;ENGENHEIRO CALDAS;Condutor Dormindo;Sa�da de leito carro��vel;Com V�timas Feridas;Pleno dia;Decrescente;C�u Claro;Simples;Reta;N�o;1;0;1;0;0;0;1;1;-19,09407;-42,00417;SPRF-MG;DEL06-MG;UOP01-DEL06-MG;;;
708079;29/07/2025;ter�a-feira;18:00:00;PR;277;28,1;MORRETES;Demais falhas mec�nicas ou el�tricas;Colis�o traseira;Com V�timas Feridas;Anoitecer;Crescente;C�u Claro;Dupla;Reta;N�o;4;0;3;0;1;0;3;2;-25,54523;-48,78284;SPRF-PR;DEL01-PR;UOP05-DEL01-PR;;;
708081;29/07/2025;ter�a-feira;16:50:00;PR;369;163;CAMBE;Manobra de mudan�a de faixa;Colis�o lateral mesmo sentido;Com V�timas Feridas;Pleno dia;Crescente;C�u Claro;Dupla;"Declive;Reta";Sim;5;0;2;0;2;1;2;3;-23,29743639;-51,31975349;SPRF-PR;DEL07-PR;UOP01-DEL07-PR;;;
708088;29/07/2025;ter�a-feira;17:40:00;GO;153;502,8;GOIANIA;Condutor deixou de manter dist�ncia do ve�culo da frente;Engavetamento;Sem V�timas;Pleno dia;Crescente;Ignorado;Dupla;Reta;Sim;3;0;0;0;3;0;0;3;-16,7252609;-49,240897;SPRF-GO;DEL01-GO;UOP01-DEL01-GO;;;
708089;29/07/2025;ter�a-feira;16:05:00;MG;116;762,6;LEOPOLDINA;Demais Fen�menos da natureza;Colis�o transversal;Com V�timas Feridas;Pleno dia;Crescente;Sol;Dupla;Rotat�ria;Sim;3;0;1;0;1;1;1;3;-21,52629849;-42,63283102;SPRF-MG;DEL07-MG;UOP01-DEL07-MG;;;
708095;29/07/2025;ter�a-feira;16:45:00;PR;369;448,7;CORBELIA;Ingest�o de �lcool pelo condutor;Colis�o lateral sentido oposto;Sem V�timas;Pleno dia;Crescente;C�u Claro;Simples;"Curva;Aclive";N�o;3;0;0;0;2;2;0;4;-24,56501838;-53,13318126;SPRF-PR;DEL04-PR;UOP03-DEL04-PR;;;
708104;29/07/2025;ter�a-feira;19:25:00;RS;392;57,9;RIO GRANDE;Animais na Pista;Atropelamento de Animal;Com V�timas Feridas;Plena Noite;Decrescente;C�u Claro;Dupla;Reta;N�o;6;0;2;0;3;2;2;6;-31,80514016;-52,32840657;SPRF-RS;DEL07-RS;UOP02-DEL07-RS;;;
708108;29/07/2025;ter�a-feira;20:10:00;MG;262;389;PARA DE MINAS;Rea��o tardia ou ineficiente do condutor;Colis�o traseira;Com V�timas Feridas;Plena Noite;Crescente;C�u Claro;Dupla;Reta;N�o;5;0;2;1;0;2;3;3;-19,89976232;-44,55505371;SPRF-MG;DEL01-MG;UOP03-DEL01-MG;;;
708113;29/07/2025;ter�a-feira;21:10:00;PR;369;131,3;IBIPORA;Condutor deixou de manter dist�ncia do ve�culo da frente;Colis�o traseira;Com V�timas Feridas;Plena Noite;Decrescente;C�u Claro;Dupla;"Declive;Reta";N�o;2;0;0;1;0;1;1;2;-23,2602223;-51,0064071;SPRF-PR;DEL07-PR;UOP01-DEL07-PR;;;
708116;29/07/2025;ter�a-feira;18:30:00;RN;304;46;MOSSORO;Aus�ncia de rea��o do condutor;Queda de ocupante de ve�culo;Com V�timas Feridas;Plena Noite;Crescente;C�u Claro;Dupla;Retorno Regulamentado;Sim;2;0;1;0;1;0;1;2;-5,22587;-37,335271;SPRF-RN;DEL04-RN;UOP01-DEL04-RN;;;
708118;29/07/2025;ter�a-feira;19:25:00;MT;163;579;NOVA MUTUM;Rea��o tardia ou ineficiente do condutor;Colis�o traseira;Com V�timas Feridas;Plena Noite;Crescente;C�u Claro;Dupla;"Reta;Aclive";N�o;3;0;1;0;1;6;1;8;-14,05051698;-56,09720126;SPRF-MT;DEL01-MT;UOP01-DEL01-MT;;;
708120;29/07/2025;ter�a-feira;16:50:00;MT;163;556,2;DIAMANTINO;Problema na suspens�o;Colis�o lateral sentido oposto;Com V�timas Feridas;Pleno dia;Decrescente;C�u Claro;Simples;Reta;N�o;4;0;1;0;2;6;1;9;-14,185;-56,088;SPRF-MT;DEL01-MT;UOP01-DEL01-MT;;;
708123;29/07/2025;ter�a-feira;21:10:00;PR;277;371;GUARAPUAVA;Manobra de mudan�a de faixa;Colis�o lateral mesmo sentido;Sem V�timas;Plena Noite;Decrescente;Nublado;Simples;"Reta;Aclive";N�o;3;0;0;0;2;1;0;3;-25,40806331;-51,70744729;SPRF-PR;DEL08-PR;UOP01-DEL08-PR;;;
708125;29/07/2025;ter�a-feira;22:45:00;PE;232;69;GRAVATA;Condutor Dormindo;Colis�o traseira;Com V�timas Feridas;Plena Noite;Decrescente;C�u Claro;Dupla;"Aclive;Reta";N�o;2;0;0;1;1;0;1;2;-8,180492;-35,487871;SPRF-PE;DEL02-PE;UOP02-DEL02PE;;;
708126;30/07/2025;quarta-feira;00:50:00;RS;116;470;SAO LOURENCO DO SUL;Aus�ncia de rea��o do condutor;Colis�o com objeto;Com V�timas Feridas;Plena Noite;Crescente;C�u Claro;Dupla;"Desvio Tempor�rio;Reta;Em Obras";N�o;4;0;3;0;1;0;3;1;-31,354402;-52,071775;SPRF-RS;DEL07-RS;UOP01-DEL07-RS;;;
708127;30/07/2025;quarta-feira;01:10:00;MG;381;516,5;IGARAPE;Aus�ncia de rea��o do condutor;Tombamento;Com V�timas Feridas;Plena Noite;Decrescente;C�u Claro;M�ltipla;"Curva;Declive";N�o;2;0;1;0;0;1;1;2;-20,09527171;-44,31575775;SPRF-MG;DEL01-MG;UOP03-DEL01-MG;;;
708128;30/07/2025;quarta-feira;01:20:00;MG;381;516,4;BRUMADINHO;Velocidade Incompat�vel;Colis�o traseira;Com V�timas Feridas;Plena Noite;Decrescente;C�u Claro;Dupla;"Declive;Curva";N�o;4;0;0;1;2;2;1;5;-20,1007981;-44,31922;SPRF-MG;DEL01-MG;UOP03-DEL01-MG;;;
708129;30/07/2025;quarta-feira;01:45:00;SP;116;145;SAO JOSE DOS CAMPOS;Aus�ncia de rea��o do condutor;Colis�o traseira;Com V�timas Feridas;Plena Noite;Crescente;C�u Claro;Dupla;Aclive;N�o;2;0;2;0;0;0;2;2;-23,18787761;-45,85636409;SPRF-SP;DEL02-SP;UOP01-DEL02-SP;;;
708132;29/07/2025;ter�a-feira;22:00:00;RO;364;963;PORTO VELHO;Velocidade Incompat�vel;Tombamento;Sem V�timas;Plena Noite;Crescente;C�u Claro;Simples;Reta;N�o;1;0;0;0;0;1;0;1;-9,65020464;-65,70370675;SPRF-RO;DEL01-RO;UOP03-DEL01-RO;;;
708133;30/07/2025;quarta-feira;02:30:00;RJ;101;226;SILVA JARDIM;Aus�ncia de rea��o do condutor;Colis�o traseira;Com V�timas Fatais;Plena Noite;Crescente;C�u Claro;Dupla;Curva;Sim;2;1;0;0;1;0;0;2;-22,5483177;-42,3499104;SPRF-RJ;DEL02-RJ;UOP03-DEL02-RJ;;;
708140;29/07/2025;ter�a-feira;07:40:00;BA;116;815;VITORIA DA CONQUISTA;Velocidade Incompat�vel;Colis�o traseira;Com V�timas Feridas;Pleno dia;Decrescente;C�u Claro;Simples;Reta;N�o;3;0;2;0;1;0;2;2;-14,8487;-40,84813;SPRF-BA;DEL08-BA;UOP01-DEL08-BA;;;
708144;29/07/2025;ter�a-feira;13:30:00;BA;135;48;FORMOSA DO RIO PRETO;Rea��o tardia ou ineficiente do condutor;Tombamento;Com V�timas Feridas;Pleno dia;Crescente;C�u Claro;Simples;"Aclive;Curva";N�o;3;0;2;0;0;2;2;3;-11,173254;-45,065438;SPRF-BA;DEL10-BA;UOP01-DEL10-BA;;;
708146;29/07/2025;ter�a-feira;18:40:00;BA;20;171;SAO DESIDERIO;Manobra de mudan�a de faixa;Colis�o frontal;Com V�timas Feridas;Plena Noite;Crescente;C�u Claro;Simples;Reta;N�o;3;0;0;2;0;5;2;7;-12,44768201;-45,87924957;SPRF-BA;DEL10-BA;UOP01-DEL10-BA;;;
708150;29/07/2025;ter�a-feira;23:50:00;RJ;393;155;TRES RIOS;Velocidade Incompat�vel;Tombamento;Com V�timas Feridas;Plena Noite;Decrescente;C�u Claro;Simples;Rotat�ria;N�o;1;0;1;0;0;0;1;1;-22,1060894;-43,07730924;SPRF-RJ;DEL05-RJ;UOP01-DEL05-RJ;;;
708156;29/07/2025;ter�a-feira;18:30:00;AL;423;84;DELMIRO GOUVEIA;Demais falhas mec�nicas ou el�tricas;Eventos at�picos;Com V�timas Feridas;Plena Noite;Decrescente;C�u Claro;Simples;Reta;N�o;2;0;1;0;0;1;1;2;-9,347228;-38,031884;SPRF-BA;DEL07-BA;UOP01-DEL07-BA;;;
708168;30/07/2025;quarta-feira;08:50:00;RS;285;402,9;SANTA BARBARA DO SUL;Rea��o tardia ou ineficiente do condutor;Engavetamento;Com V�timas Feridas;Pleno dia;Crescente;C�u Claro;Simples;Aclive;N�o;5;0;1;0;3;1;1;4;-28,383874;-53,351731;SPRF-RS;DEL10-RS;UOP02-DEL10-RS;;;
708174;30/07/2025;quarta-feira;08:20:00;AL;104;88,9;RIO LARGO;Manobra de mudan�a de faixa;Colis�o traseira;Sem V�timas;Pleno dia;Crescente;C�u Claro;M�ltipla;Reta;N�o;2;0;0;0;2;0;0;2;-9,487468;-35,816691;SPRF-AL;DEL01-AL;UOP01-DEL01-AL;;;