id;data_inversa;dia_semana;horario;uf;br;km;municipio;causa_acidente;tipo_acidente;classificacao_acidente;fase_dia;sentido_via;condicao_metereologica;tipo_pista;tracado_via;uso_solo;pessoas;mortos;feridos_leves;feridos_graves;ilesos;ignorados;feridos;veiculos;latitude;longitude;regional;delegacia;uop;;;
708179;30/07/2025;quarta-feira;08:30:00;RJ;101;190;CASIMIRO DE ABREU;Acessar a via sem observar a presen�a dos outros ve�culos;Colis�o lateral mesmo sentido;Com V�timas Feridas;Pleno dia;Decrescente;C�u Claro;Dupla;Curva;Sim;3;0;1;0;1;1;1;3;-22,46616055;-42,07174349;SPRF-RJ;DEL08-RJ;UOP04-DEL08-RJ;;;
708180;30/07/2025;quarta-feira;06:00:00;MG;116;209;CATUJI;Transitar na contram�o;Colis�o frontal;Com V�timas Feridas;Amanhecer;Decrescente;Nublado;Simples;Reta;Sim;4;0;0;2;1;1;2;3;-17,315461;-41,523568;SPRF-MG;DEL11-MG;UOP01-DEL11-MG;;;
708182;30/07/2025;quarta-feira;09:00:00;MG;381;941;EXTREMA;Aus�ncia de rea��o do condutor;Engavetamento;Com V�timas Feridas;Pleno dia;Crescente;C�u Claro;Dupla;Reta;N�o;6;0;1;0;4;2;1;7;-22,82744987;-46,31415367;SPRF-MG;DEL16-MG;UOP03-DEL16-MG;;;
708183;30/07/2025;quarta-feira;10:30:00;SP;116;219;GUARULHOS;Aus�ncia de rea��o do condutor;Colis�o lateral mesmo sentido;Com V�timas Feridas;Pleno dia;Decrescente;C�u Claro;M�ltipla;Reta;Sim;2;0;1;0;1;0;1;2;-23,458139;-46,480644;SPRF-SP;DEL01-SP;UOP01-DEL01-SP;;;
708184;06/04/2025;domingo;06:20:00;SC;101;441,6;SANTA ROSA DO SUL;Condutor deixou de manter dist�ncia do ve�culo da frente;Colis�o traseira;Com V�timas Feridas;Amanhecer;Crescente;Nublado;Dupla;"Reta;Declive";N�o;2;0;1;0;1;0;1;2;-29,13065445;-49,6906778;SPRF-SC;DEL02-SC;UOP02-DEL02-SC;;;
708185;30/07/2025;quarta-feira;10:00:00;MG;459;70;IPUIUNA;Modifica��o proibida;Colis�o transversal;Com V�timas Feridas;Pleno dia;Crescente;C�u Claro;Simples;Reta;N�o;3;0;1;0;2;0;1;2;-22,10200777;-46,18144333;SPRF-MG;DEL09-MG;UOP01-DEL09-MG;;;
708186;30/07/2025;quarta-feira;08:45:00;MT;364;201,7;RONDONOPOLIS;Manobra de mudan�a de faixa;Colis�o traseira;Sem V�timas;Pleno dia;Decrescente;C�u Claro;Dupla;Reta;Sim;3;0;0;0;2;3;0;5;-16,48738378;-54,64796395;SPRF-MT;DEL02-MT;UOP01-DEL02-MT;;;
708188;30/07/2025;quarta-feira;10:00:00;PR;376;90;PARANAVAI;Manobra de mudan�a de faixa;Colis�o lateral mesmo sentido;Com V�timas Feridas;Pleno dia;Decrescente;C�u Claro;Dupla;"Aclive;Reta";N�o;2;0;1;0;1;0;1;2;-22,99825363;-52,57272212;SPRF-PR;DEL09-PR;UOP02-DEL09-PR;;;
708192;30/07/2025;quarta-feira;10:40:00;PR;116;107;SAO JOSE DOS PINHAIS;Condutor deixou de manter dist�ncia do ve�culo da frente;Colis�o traseira;Com V�timas Feridas;Pleno dia;Crescente;Sol;Dupla;Reta;Sim;3;0;0;1;2;0;1;3;-25,5696487;-49,22194418;SPRF-PR;DEL01-PR;UOP03-DEL01-PR;;;
708195;30/07/2025;quarta-feira;11:45:00;PR;376;181;MARINGA;Ingest�o de �lcool pelo condutor;Colis�o traseira;Sem V�timas;Pleno dia;Crescente;C�u Claro;Dupla;Rotat�ria;N�o;3;0;0;0;2;2;0;4;-23,43134989;-51,88760011;SPRF-PR;DEL09-PR;UOP01-DEL09-PR;;;
708197;30/07/2025;quarta-feira;10:50:00;MG;381;661;PERDOES;Aus�ncia de rea��o do condutor;Colis�o traseira;Com V�timas Feridas;Pleno dia;Decrescente;Sol;Dupla;"Reta;Aclive";N�o;3;0;1;0;1;3;1;5;-21,04169602;-45,0008111;SPRF-MG;DEL04-MG;UOP02-DEL04-MG;;;
708198;30/07/2025;quarta-feira;11:55:00;RS;285;455,2;IJUI;Acessar a via sem observar a presen�a dos outros ve�culos;Colis�o transversal;Com V�timas Feridas;Pleno dia;Decrescente;C�u Claro;Simples;Reta;Sim;3;0;2;0;1;0;2;3;-28,383771;-53,886062;SPRF-RS;DEL10-RS;UOP01-DEL10-RS;;;
708203;23/07/2025;quarta-feira;03:00:00;PR;277;28;MORRETES;Rea��o tardia ou ineficiente do condutor;Tombamento;Com V�timas Feridas;Plena Noite;Decrescente;C�u Claro;Dupla;Reta;N�o;2;0;1;0;0;1;1;2;-25,544306;-48,780111;SPRF-PR;DEL01-PR;UOP05-DEL01-PR;;;
708204;25/07/2025;sexta-feira;07:50:00;MG;381;481;CONTAGEM;Manobra de mudan�a de faixa;Engavetamento;Com V�timas Feridas;Pleno dia;Crescente;C�u Claro;Dupla;Curva;N�o;5;0;1;0;1;3;1;5;-19,9584933;-44,0561693;SPRF-MG;DEL01-MG;UOP03-DEL01-MG;;;
708211;25/07/2025;sexta-feira;21:10:00;GO;153;186;URUACU;Ingest�o de �lcool pelo condutor;Colis�o traseira;Com V�timas Feridas;Plena Noite;Decrescente;C�u Claro;Simples;Reta;N�o;2;0;1;0;1;0;1;2;-14,43424217;-49,15692347;SPRF-GO;DEL07-GO;UOP02-DEL07-GO;;;
708218;30/07/2025;quarta-feira;14:00:00;MG;251;520,1;MONTES CLAROS;Demais falhas mec�nicas ou el�tricas;Colis�o traseira;Com V�timas Feridas;Pleno dia;Decrescente;Sol;Simples;Reta;N�o;4;0;2;0;1;1;2;3;-16,664118;-43,781151;SPRF-MG;DEL12-MG;UOP01-DEL12-MG;;;
708220;30/07/2025;quarta-feira;14:00:00;MG;50;167;UBERABA;Condutor Dormindo;Colis�o traseira;Com V�timas Feridas;Pleno dia;Decrescente;C�u Claro;Dupla;Reta;N�o;3;0;1;0;1;3;1;5;-19,72177663;-47,98010583;SPRF-MG;DEL13-MG;UOP01-DEL13-MG;;;
708221;30/07/2025;quarta-feira;09:14:00;PI;343;343,5;TERESINA;Rea��o tardia ou ineficiente do condutor;Colis�o lateral mesmo sentido;Sem V�timas;Pleno dia;Crescente;Sol;Dupla;Interse��o de Vias;N�o;2;0;0;0;2;0;0;2;-5,090175;-42,760725;SPRF-PI;DEL01-PI;UOP01-DEL01-PI;;;
708223;30/07/2025;quarta-feira;09:40:00;MG;354;761,4;ITAMONTE;Rea��o tardia ou ineficiente do condutor;Sa�da de leito carro��vel;Com V�timas Feridas;Pleno dia;Decrescente;C�u Claro;Simples;Curva;N�o;1;0;1;0;0;0;1;1;-22,3318634;-44,8350404;SPRF-MG;DEL17-MG;UOP01-DEL17-MG;;;
708229;30/07/2025;quarta-feira;13:50:00;SC;101;322,6;PESCARIA BRAVA;Acessar a via sem observar a presen�a dos outros ve�culos;Colis�o lateral mesmo sentido;Com V�timas Fatais;Pleno dia;Decrescente;C�u Claro;M�ltipla;"Reta;Interse��o de Vias;Aclive";N�o;4;1;1;0;2;0;1;3;-28,429;-48,9223;SPRF-SC;DEL02-SC;UOP01-DEL02-SC;;;
708233;13/06/2025;sexta-feira;05:59:00;MT;364;453;JANGADA;Transitar na contram�o;Colis�o lateral sentido oposto;Com V�timas Feridas;Amanhecer;Crescente;C�u Claro;Simples;Reta;N�o;4;0;1;0;2;5;1;8;-15,32699563;-56,42839049;SPRF-MT;DEL01-MT;UOP02-DEL01-MT;;;
708235;30/07/2025;quarta-feira;13:20:00;MT;70;696,9;CACERES;Condutor Dormindo;Sa�da de leito carro��vel;Sem V�timas;Pleno dia;Crescente;C�u Claro;Simples;Aclive;N�o;2;0;0;0;1;1;0;2;-16,247159;-57,480578;SPRF-MT;DEL03-MT;UOP01-DEL03-MT;;;
708236;26/07/2025;s�bado;05:20:00;MT;364;490;JANGADA;Aus�ncia de rea��o do condutor;Colis�o lateral sentido oposto;Com V�timas Feridas;Plena Noite;Decrescente;C�u Claro;Simples;"Aclive;Reta";N�o;3;0;0;1;1;6;1;8;-15,2642306;-56,45539284;SPRF-MT;DEL01-MT;UOP01-DEL01-MT;;;
708237;30/07/2025;quarta-feira;15:00:00;RJ;116;316,9;ITATIAIA;Rea��o tardia ou ineficiente do condutor;Colis�o traseira;Com V�timas Feridas;Pleno dia;Decrescente;C�u Claro;Simples;Reta;N�o;3;0;1;0;1;1;1;3;-22,4676242;-44,5003236;SPRF-RJ;DEL07-RJ;UOP02-DEL07-RJ;;;
708245;30/07/2025;quarta-feira;16:45:00;MG;50;56,7;UBERLANDIA;Rea��o tardia ou ineficiente do condutor;Colis�o traseira;Com V�timas Fatais;Pleno dia;Crescente;Sol;Dupla;"Curva;Aclive";N�o;3;1;0;0;1;1;0;3;-18,793847;-48,234065;SPRF-MG;DEL15-MG;UOP02-DEL15-MG;;;
708246;25/07/2025;sexta-feira;07:50:00;GO;60;349;SANTO ANTONIO DA BARRA;Condutor deixou de manter dist�ncia do ve�culo da frente;Colis�o traseira;Com V�timas Feridas;Pleno dia;Decrescente;C�u Claro;Dupla;Reta;Sim;3;0;0;1;1;4;1;6;-17,590184;-50,707382;SPRF-GO;DEL04-GO;UOP02-DEL04-GO;;;
708249;30/07/2025;quarta-feira;14:25:00;SC;280;222,1;TRES BARRAS;Rea��o tardia ou ineficiente do condutor;Colis�o traseira;Com V�timas Feridas;Pleno dia;Crescente;C�u Claro;Simples;Reta;N�o;4;0;0;1;2;1;1;4;-26,177452;-50,31043;SPRF-SC;DEL06-SC;UOP04-DEL06-SC;;;
708255;30/07/2025;quarta-feira;17:00:00;PR;277;145;BALSA NOVA;Aus�ncia de rea��o do condutor;Colis�o traseira;Sem V�timas;Pleno dia;Crescente;C�u Claro;Dupla;"Curva;Declive";N�o;14;0;0;0;13;1;0;3;-25,4721809;-49,69639778;SPRF-PR;DEL03-PR;UOP03-DEL03-PR;;;
708261;30/07/2025;quarta-feira;12:00:00;GO;20;131,5;FLORES DE GOIAS;Condutor deixou de manter dist�ncia do ve�culo da frente;Sa�da de leito carro��vel;Com V�timas Feridas;Pleno dia;Crescente;C�u Claro;Simples;Reta;N�o;2;0;1;0;0;1;1;2;-14,843317;-46,735907;SPRF-DF;DEL02-DF;UOP03-DEL02-DF;;;
708264;21/06/2025;s�bado;05:30:00;PR;376;669;GUARATUBA;Demais falhas mec�nicas ou el�tricas;Inc�ndio;Sem V�timas;Amanhecer;Crescente;Nublado;Simples;Reta;N�o;2;0;0;0;1;1;0;2;-25,8669405;-48,93390083;SPRF-PR;DEL01-PR;UOP04-DEL01-PR;;;
708265;30/07/2025;quarta-feira;18:10:00;MG;365;759,9;ITUIUTABA;Rea��o tardia ou ineficiente do condutor;Colis�o lateral mesmo sentido;Com V�timas Feridas;Anoitecer;Decrescente;C�u Claro;Simples;"Reta;Declive";N�o;7;0;5;0;1;2;5;4;-18,964352;-49,54007;SPRF-MG;DEL15-MG;UOP03-DEL15-MG;;;
708268;30/07/2025;quarta-feira;15:30:00;RS;285;330;PASSO FUNDO;Condutor Dormindo;Colis�o frontal;Com V�timas Feridas;Pleno dia;Crescente;C�u Claro;Simples;Reta;N�o;4;0;2;1;0;1;3;3;-28,2712;-52,65852;SPRF-RS;DEL08-RS;UOP03-DEL08-RS;;;
708276;30/07/2025;quarta-feira;15:30:00;RO;364;273,7;CACOAL;Desrespeitar a prefer�ncia no cruzamento;Colis�o transversal;Com V�timas Feridas;Pleno dia;Decrescente;C�u Claro;Simples;"Reta;Rotat�ria";N�o;4;0;1;0;2;3;1;5;-11,386337;-61,748145;SPRF-RO;DEL02-RO;UOP02-DEL02-RO;;;
708282;30/07/2025;quarta-feira;04:45:00;SP;116;521;CAJATI;Rea��o tardia ou ineficiente do condutor;Colis�o traseira;Com V�timas Feridas;Plena Noite;Decrescente;C�u Claro;Simples;"Reta;Declive";N�o;3;0;1;0;1;4;1;6;-24,8960476;-48,2411831;SPRF-SP;DEL05-SP;UOP02-DEL05-SP;;;
708283;30/07/2025;quarta-feira;18:45:00;PB;230;64;SAO MIGUEL DE TAIPU;Aus�ncia de rea��o do condutor;Colis�o traseira;Com V�timas Fatais;Plena Noite;Decrescente;C�u Claro;Dupla;Reta;N�o;3;1;1;0;0;1;1;3;-7,195999;-35,172059;SPRF-PB;DEL01-PB;UOP02-DEL01-PB;;;
708285;30/07/2025;quarta-feira;15:10:00;MG;116;508,6;UBAPORANGA;Condutor deixou de manter dist�ncia do ve�culo da frente;Colis�o traseira;Com V�timas Feridas;Pleno dia;Crescente;C�u Claro;Simples;Reta;Sim;3;0;0;1;2;0;1;2;-19,63652472;-42,10610032;SPRF-MG;DEL06-MG;UOP02-DEL06-MG;;;
708286;30/07/2025;quarta-feira;19:10:00;PR;277;70;SAO JOSE DOS PINHAIS;Condutor deixou de manter dist�ncia do ve�culo da frente;Engavetamento;Com V�timas Feridas;Pleno dia;Crescente;Nublado;Dupla;Reta;N�o;3;0;1;0;2;0;1;3;-25,51559751;-49,11984891;SPRF-PR;DEL01-PR;UOP01-DEL01-PR;;;
708294;30/07/2025;quarta-feira;19:00:00;SP;381;88;GUARULHOS;Manobra de mudan�a de faixa;Colis�o lateral mesmo sentido;Com V�timas Feridas;Plena Noite;Decrescente;Ignorado;M�ltipla;Reta;Sim;2;0;1;0;1;0;1;2;-23,48214;-46,55992;SPRF-SP;DEL03-SP;UOP01-DEL03-SP;;;
708298;30/07/2025;quarta-feira;18:50:00;SC;116;247,9;LAGES;Acessar a via sem observar a presen�a dos outros ve�culos;Colis�o transversal;Com V�timas Feridas;Plena Noite;Crescente;C�u Claro;Simples;"Reta;Interse��o de Vias";Sim;2;0;0;1;1;0;1;2;-27,81793676;-50,37304401;SPRF-SC;DEL05-SC;UOP02-DEL05-SC;;;
708299;30/07/2025;quarta-feira;15:55:00;SC;282;225;LAGES;Velocidade Incompat�vel;Colis�o transversal;Com V�timas Feridas;Pleno dia;Decrescente;Sol;Simples;Reta;N�o;2;0;1;0;1;0;1;2;-27,79563186;-50,38549215;SPRF-SC;DEL05-SC;UOP02-DEL05-SC;;;
708300;30/07/2025;quarta-feira;20:40:00;SP;381;42;ATIBAIA;Acessar a via sem observar a presen�a dos outros ve�culos;Colis�o lateral mesmo sentido;Com V�timas Feridas;Plena Noite;Crescente;C�u Claro;M�ltipla;Reta;N�o;4;0;2;0;1;1;2;3;-23,148185;-46,574878;SPRF-SP;DEL03-SP;UOP01-DEL03-SP;;;
708304;30/07/2025;quarta-feira;13:16:00;PA;163;585;TRAIRAO;Aus�ncia de rea��o do condutor;Colis�o lateral sentido oposto;Com V�timas Feridas;Pleno dia;Crescente;C�u Claro;Simples;Reta;N�o;5;0;1;0;3;2;1;4;-4,9467771;-56,202366;SPRF-PA;DEL05-PA;UOP03-DEL05-PA;;;
708306;30/07/2025;quarta-feira;20:40:00;PA;316;32;SANTA IZABEL DO PARA;Acessar a via sem observar a presen�a dos outros ve�culos;Colis�o transversal;Com V�timas Feridas;Plena Noite;Crescente;Nublado;Dupla;Retorno Regulamentado;Sim;3;0;0;1;1;1;1;3;-1,2985869;-48,1855202;SPRF-PA;DEL01-PA;UOP01-DEL01-PA;;;
708314;30/07/2025;quarta-feira;18:20:00;PR;277;5;PARANAGUA;Condutor deixou de manter dist�ncia do ve�culo da frente;Colis�o transversal;Sem V�timas;Plena Noite;Crescente;C�u Claro;Simples;"Curva;Interse��o de Vias";N�o;3;0;0;0;2;2;0;4;-25,5562778;-48,5650833;SPRF-PR;DEL01-PR;UOP05-DEL01-PR;;;
708318;30/07/2025;quarta-feira;21:30:00;PR;277;167,9;PALMEIRA;Manobra de mudan�a de faixa;Colis�o lateral mesmo sentido;Com V�timas Feridas;Plena Noite;Decrescente;C�u Claro;Simples;Curva;N�o;5;0;2;0;2;1;2;3;-25,464;-49,927;SPRF-PR;DEL03-PR;UOP03-DEL03-PR;;;
708320;30/07/2025;quarta-feira;16:35:00;RJ;393;239;VASSOURAS;Aus�ncia de rea��o do condutor;Colis�o traseira;Com V�timas Feridas;Pleno dia;Crescente;Sol;Simples;"Reta;Aclive";N�o;3;0;1;0;1;2;1;4;-22,428775;-43,703506;SPRF-RJ;DEL05-RJ;UOP04-DEL05-RJ;;;
708330;31/07/2025;quinta-feira;01:36:00;PE;232;65,5;GRAVATA;Aus�ncia de rea��o do condutor;Colis�o traseira;Com V�timas Feridas;Plena Noite;Decrescente;C�u Claro;Simples;Reta;N�o;3;0;1;0;1;1;1;3;-8,17723247;-35,47994971;SPRF-PE;DEL02-PE;UOP02-DEL02PE;;;
708332;31/07/2025;quinta-feira;02:00:00;RS;392;10;RIO GRANDE;Condutor Dormindo;Colis�o traseira;Com V�timas Feridas;Plena Noite;Decrescente;C�u Claro;Dupla;Reta;N�o;3;0;1;0;1;1;1;3;-32,11602098;-52,12042809;SPRF-RS;DEL07-RS;UOP02-DEL07-RS;;;
708333;30/07/2025;quarta-feira;23:30:00;MT;174;455;COMODORO;Velocidade Incompat�vel;Colis�o traseira;Com V�timas Feridas;Plena Noite;Crescente;C�u Claro;Simples;Aclive;N�o;3;0;0;1;1;1;1;3;-13,97878982;-59,75301325;SPRF-MT;DEL04-MT;UOP02-DEL04-MT;;;
708334;31/07/2025;quinta-feira;02:15:00;RS;285;218,4;CASEIROS;Transitar na contram�o;Colis�o frontal;Com V�timas Fatais;Plena Noite;Decrescente;C�u Claro;Simples;Reta;Sim;3;1;0;0;1;1;0;3;-28,27438633;-51,68552179;SPRF-RS;DEL08-RS;UOP05-DEL08-RS;;;
708338;31/07/2025;quinta-feira;04:00:00;DF;20;44;BRASILIA;Condutor Dormindo;Sa�da de leito carro��vel;Com V�timas Feridas;Plena Noite;Crescente;C�u Claro;Dupla;Reta;N�o;2;0;1;0;0;1;1;2;-15,5769248;-47,47929097;SPRF-DF;DEL02-DF;UOP01-DEL02-DF;;;
708340;31/07/2025;quinta-feira;05:00:00;PR;376;665;GUARATUBA;Condutor deixou de manter dist�ncia do ve�culo da frente;Colis�o traseira;Com V�timas Feridas;Plena Noite;Crescente;Nublado;Dupla;"Declive;Curva";N�o;2;0;1;0;1;0;1;2;-25,8553484;-48,9542567;SPRF-PR;DEL01-PR;UOP04-DEL01-PR;;;
708341;31/07/2025;quinta-feira;05:20:00;MG;40;639,8;CONSELHEIRO LAFAIETE;Condutor Dormindo;Sa�da de leito carro��vel;Com V�timas Feridas;Plena Noite;Crescente;C�u Claro;Simples;"Curva;Aclive";N�o;2;0;1;0;0;2;1;3;-20,74135;-43,80025;SPRF-MG;DEL05-MG;UOP02-DEL05-MG;;;
708342;31/07/2025;quinta-feira;05:50:00;PR;277;147,8;BALSA NOVA;Aus�ncia de rea��o do condutor;Colis�o traseira;Com V�timas Feridas;Amanhecer;Crescente;C�u Claro;Simples;Reta;N�o;5;0;1;0;3;2;1;4;-25,465;-49,733;SPRF-PR;DEL03-PR;UOP03-DEL03-PR;;;
708345;31/07/2025;quinta-feira;05:20:00;BA;116;689;JEQUIE;Condutor Dormindo;Tombamento;Com V�timas Feridas;Amanhecer;Crescente;C�u Claro;Simples;"Declive;Reta";N�o;5;0;0;1;2;3;1;5;-13,97707884;-40,17362042;SPRF-BA;DEL03-BA;UOP01-DEL03-BA;;;
708348;31/07/2025;quinta-feira;06:45:00;CE;116;9;FORTALEZA;Condutor deixou de manter dist�ncia do ve�culo da frente;Engavetamento;Sem V�timas;Pleno dia;Decrescente;Nublado;M�ltipla;Reta;Sim;3;0;0;0;3;0;0;3;-3,8271517;-38,5046605;SPRF-CE;DEL01-CE;UOP02-DEL01-CE;;;
708361;31/07/2025;quinta-feira;00:30:00;PB;116;6;CACHOEIRA DOS INDIOS;Aus�ncia de rea��o do condutor;Sa�da de leito carro��vel;Com V�timas Feridas;Plena Noite;Decrescente;Garoa/Chuvisco;Simples;Curva;N�o;2;0;2;0;0;0;2;1;-6,971553;-38,734243;SPRF-CE;DEL05-CE;UOP03-DEL05-CE;;;
708363;31/07/2025;quinta-feira;01:46:00;MA;230;441;BALSAS;Aus�ncia de rea��o do condutor;Tombamento;Com V�timas Feridas;Plena Noite;Crescente;C�u Claro;Simples;Curva;N�o;2;0;1;0;0;1;1;2;-7,46008245;-46,23089433;SPRF-MA;DEL05-MA;UOP01-DEL05-MA;;;
708365;30/07/2025;quarta-feira;23:10:00;MG;381;294;ANTONIO DIAS;Transtornos Mentais (exceto suicidio);Colis�o lateral mesmo sentido;Sem V�timas;Plena Noite;Crescente;C�u Claro;Dupla;"Reta;Em Obras";N�o;6;0;0;0;5;1;0;4;-19,624729;-42,8666544;SPRF-MG;DEL03-MG;UOP02-DEL03-MG;;;
708366;31/07/2025;quinta-feira;05:00:00;PR;476;81,8;BOCAIUVA DO SUL;Rea��o tardia ou ineficiente do condutor;Colis�o com objeto;Com V�timas Feridas;Amanhecer;Decrescente;C�u Claro;Simples;"Aclive;Curva";N�o;2;0;0;1;0;1;1;2;-25,1316855;-49,104484;SPRF-PR;DEL01-PR;UOP01-DEL01-PR;;;
708370;31/07/2025;quinta-feira;07:15:00;PR;376;5,9;MARINGA;Aus�ncia de rea��o do condutor;Colis�o traseira;Com V�timas Feridas;Amanhecer;Crescente;Sol;Dupla;"Reta;Aclive";N�o;3;0;0;1;1;2;1;4;-23,378303;-51,945104;SPRF-PR;DEL09-PR;UOP01-DEL09-PR;;;
708371;31/07/2025;quinta-feira;07:00:00;RS;285;100,4;VACARIA;Demais falhas mec�nicas ou el�tricas;Inc�ndio;Sem V�timas;Pleno dia;Crescente;C�u Claro;Simples;Reta;N�o;1;0;0;0;1;0;0;1;-28,583884;-50,77076;SPRF-RS;DEL05-RS;UOP03-DEL05-RS;;;
708381;31/07/2025;quinta-feira;05:25:00;MG;381;640,9;SANTO ANTONIO DO AMPARO;Condutor Dormindo;Sa�da de leito carro��vel;Com V�timas Feridas;Amanhecer;Decrescente;C�u Claro;Dupla;Reta;N�o;2;0;1;0;0;1;1;2;-20,89866859;-44,85398484;SPRF-MG;DEL04-MG;UOP01-DEL04-MG;;;
708384;31/07/2025;quinta-feira;08:10:00;MG;365;446,9;GUIMARANIA;Falta de acostamento;Colis�o com objeto;Com V�timas Fatais;Pleno dia;Decrescente;Sol;Simples;"Aclive;Reta";N�o;2;1;0;0;1;0;0;2;-18,822;-46,783;SPRF-MG;DEL10-MG;UOP01-DEL10-MG;;;
708386;31/07/2025;quinta-feira;08:55:00;PE;232;145;SAO CAITANO;Avarias e/ou desgaste excessivo no pneu;Inc�ndio;Sem V�timas;Pleno dia;Decrescente;Garoa/Chuvisco;Dupla;Reta;N�o;2;0;0;0;1;2;0;3;-8,3295497;-36,1226883;SPRF-PE;DEL03-PE;UOP02-DEL03-PE;;;
708387;15/07/2025;ter�a-feira;14:00:00;RJ;101;268;RIO BONITO;Frear bruscamente;Colis�o traseira;Sem V�timas;Pleno dia;Decrescente;C�u Claro;Dupla;Reta;N�o;5;0;0;0;5;0;0;2;-22,7083795;-42,6643521;SPRF-RJ;DEL02-RJ;UOP03-DEL02-RJ;;;
708388;31/07/2025;quinta-feira;10:00:00;PR;376;292;MAUA DA SERRA;Rea��o tardia ou ineficiente do condutor;Tombamento;Com V�timas Feridas;Pleno dia;Decrescente;C�u Claro;Dupla;"Curva;Declive;Viaduto";Sim;2;0;0;1;0;1;1;2;-23,9;-51,22;SPRF-PR;DEL07-PR;UOP02-DEL07-PR;;;
708391;31/07/2025;quinta-feira;07:50:00;PI;316;3;TERESINA;Aus�ncia de rea��o do condutor;Colis�o lateral mesmo sentido;Com V�timas Feridas;Pleno dia;Crescente;C�u Claro;M�ltipla;Reta;Sim;2;0;0;1;1;0;1;2;-5,13463137;-42,79204667;SPRF-PI;DEL01-PI;UOP02-DEL01-PI;;;
708395;31/07/2025;quinta-feira;08:45:00;MG;381;921,2;CAMANDUCAIA;Curva acentuada;Tombamento;Com V�timas Feridas;Pleno dia;Crescente;Sol;Dupla;Curva;N�o;2;0;1;0;1;0;1;1;-22,76244543;-46,16960764;SPRF-MG;DEL16-MG;UOP03-DEL16-MG;;;
708397;04/05/2025;domingo;15:00:00;PR;376;634;SAO JOSE DOS PINHAIS;Manobra de mudan�a de faixa;Colis�o traseira;Com V�timas Feridas;Pleno dia;Crescente;C�u Claro;Dupla;Reta;N�o;6;0;0;1;3;3;1;6;-25,72207777;-49,1365641;SPRF-PR;DEL01-PR;UOP04-DEL01-PR;;;
708399;31/07/2025;quinta-feira;10:30:00;PR;369;456,9;CORBELIA;Desrespeitar a prefer�ncia no cruzamento;Colis�o transversal;Com V�timas Fatais;Pleno dia;Crescente;C�u Claro;Simples;"Curva;Rotat�ria;Interse��o de Vias;Declive";N�o;4;1;0;1;1;1;1;3;-24,58679;-53,2017;SPRF-PR;DEL04-PR;UOP03-DEL04-PR;;;
708404;31/07/2025;quinta-feira;11:10:00;RJ;116;183;NOVA IGUACU;Acessar a via sem observar a presen�a dos outros ve�culos;Colis�o lateral mesmo sentido;Com V�timas Feridas;Pleno dia;Decrescente;Nublado;Dupla;Reta;Sim;2;0;1;0;1;0;1;2;-22,75854051;-43,42905712;SPRF-RJ;DEL06-RJ;UOP01-DEL06-RJ;;;
708405;08/05/2025;quinta-feira;23:00:00;MG;381;4;BETIM;Aus�ncia de rea��o do condutor;Colis�o lateral mesmo sentido;Com V�timas Fatais;Plena Noite;Decrescente;C�u Claro;M�ltipla;Reta;N�o;3;1;0;1;0;1;1;3;-19,98851366;-44,18254852;SPRF-MG;DEL01-MG;UOP03-DEL01-MG;;;
708408;31/07/2025;quinta-feira;11:45:00;PR;277;130;CAMPO LARGO;Acessar a via sem observar a presen�a dos outros ve�culos;Colis�o transversal;Com V�timas Feridas;Pleno dia;Crescente;C�u Claro;Dupla;Reta;N�o;3;0;1;1;1;0;2;2;-25,450012;-49,583227;SPRF-PR;DEL03-PR;UOP03-DEL03-PR;;;
708409;31/07/2025;quinta-feira;10:50:00;MT;364;208;RONDONOPOLIS;Condutor deixou de manter dist�ncia do ve�culo da frente;Colis�o traseira;Com V�timas Feridas;Pleno dia;Decrescente;C�u Claro;Dupla;Reta;Sim;4;0;0;1;2;4;1;7;-16,43632443;-54,6835658;SPRF-MT;DEL02-MT;UOP01-DEL02-MT;;;
708413;31/07/2025;quinta-feira;04:30:00;PA;163;638;TRAIRAO;Ingest�o de �lcool pelo condutor;Sa�da de leito carro��vel;Sem V�timas;Amanhecer;Decrescente;C�u Claro;Simples;Reta;N�o;2;0;0;0;1;3;0;4;-4,60066166;-55,93933666;SPRF-PA;DEL05-PA;UOP02-DEL05-PA;;;
708414;31/07/2025;quinta-feira;12:40:00;RS;285;208,5;LAGOA VERMELHA;Desrespeitar a prefer�ncia no cruzamento;Colis�o transversal;Sem V�timas;Pleno dia;Crescente;Sol;Simples;"Reta;Interse��o de Vias";N�o;4;0;0;0;2;2;0;4;-28,22406536;-51,6103324;SPRF-RS;DEL08-RS;UOP05-DEL08-RS;;;
708421;31/07/2025;quinta-feira;13:15:00;RJ;116;271;BARRA MANSA;Rea��o tardia ou ineficiente do condutor;Tombamento;Com V�timas Feridas;Pleno dia;Crescente;C�u Claro;Dupla;Curva;Sim;2;0;1;0;0;1;1;2;-22,55980572;-44,12349701;SPRF-RJ;DEL07-RJ;UOP02-DEL07-RJ;;;
708433;31/07/2025;quinta-feira;13:50:00;MG;50;204,5;DELTA;Estacionar ou parar em local proibido;Colis�o traseira;Com V�timas Feridas;Pleno dia;Crescente;C�u Claro;Dupla;Declive;N�o;4;0;1;0;2;4;1;7;-19,963283;-47,796496;SPRF-MG;DEL13-MG;UOP01-DEL13-MG;;;