id;data_inversa;dia_semana;horario;uf;br;km;municipio;causa_acidente;tipo_acidente;classificacao_acidente;fase_dia;sentido_via;condicao_metereologica;tipo_pista;tracado_via;uso_solo;pessoas;mortos;feridos_leves;feridos_graves;ilesos;ignorados;feridos;veiculos;latitude;longitude;regional;delegacia;uop;;;
709205;03/08/2025;domingo;18:20:00;MG;381;499;BETIM;Demais falhas mec�nicas ou el�tricas;Inc�ndio;Sem V�timas;Plena Noite;Crescente;Nublado;Dupla;Reta;Sim;2;0;0;0;1;2;0;3;-19,99403281;-44,20820184;SPRF-MG;DEL01-MG;UOP03-DEL01-MG;;;
709215;03/08/2025;domingo;19:50:00;SC;280;22,3;ARAQUARI;Condutor deixou de manter dist�ncia do ve�culo da frente;Colis�o traseira;Com V�timas Feridas;Plena Noite;Crescente;Nublado;Simples;Reta;N�o;4;0;0;2;1;1;2;3;-26,371033;-48,704925;SPRF-SC;DEL03-SC;UOP03-DEL03-SC;;;
709222;03/08/2025;domingo;19:42:00;MS;376;116;IVINHEMA;Rea��o tardia ou ineficiente do condutor;Colis�o traseira;Com V�timas Fatais;Plena Noite;Crescente;C�u Claro;Simples;Reta;Sim;6;1;1;2;1;2;3;4;-22,31154994;-53,83467078;SPRF-MS;DEL04-MS;UOP04-DEL04-MS;;;
709225;03/08/2025;domingo;15:15:00;MG;116;546,5;SANTA BARBARA DO LESTE;Rea��o tardia ou ineficiente do condutor;Engavetamento;Com V�timas Feridas;Pleno dia;Decrescente;C�u Claro;Simples;"Curva;Interse��o de Vias;Declive";N�o;5;0;1;0;3;1;1;4;-19,95486966;-42,13095367;SPRF-MG;DEL06-MG;UOP02-DEL06-MG;;;
709229;03/08/2025;domingo;19:50:00;RS;386;86,9;LAJEADO DO BUGRE;Ingest�o de �lcool pelo condutor;Colis�o frontal;Com V�timas Feridas;Plena Noite;Crescente;Chuva;Simples;Curva;N�o;8;0;0;2;5;2;2;6;-27,73464875;-53,23062658;SPRF-RS;DEL08-RS;UOP01-DEL08-RS;;;
709230;03/08/2025;domingo;19:00:00;SC;116;153,3;SANTA CECILIA;Aus�ncia de rea��o do condutor;Colis�o lateral sentido oposto;Com V�timas Feridas;Plena Noite;Decrescente;Chuva;Simples;"Curva;Aclive";N�o;4;0;0;2;1;1;2;3;-27,058117;-50,426884;SPRF-SC;DEL06-SC;UOP02-DEL06-SC;;;
709234;03/08/2025;domingo;21:45:00;PR;277;444;LARANJEIRAS DO SUL;Ingest�o de �lcool pelo condutor;Colis�o traseira;Sem V�timas;Plena Noite;Decrescente;C�u Claro;Simples;"Em Obras;Declive;Reta";N�o;2;0;0;0;2;0;0;2;-25,3728958;-52,3228723;SPRF-PR;DEL04-PR;UOP02-DEL04-PR;;;
709243;03/08/2025;domingo;19:00:00;PR;376;660,3;TIJUCAS DO SUL;Aus�ncia de rea��o do condutor;Colis�o com objeto;Com V�timas Feridas;Plena Noite;Decrescente;Nublado;Simples;Curva;N�o;2;0;1;0;0;1;1;2;-25,8528295;-48,99243736;SPRF-PR;DEL01-PR;UOP04-DEL01-PR;;;
709245;03/08/2025;domingo;14:50:00;MG;381;677;PERDOES;Velocidade Incompat�vel;Colis�o com objeto;Com V�timas Feridas;Pleno dia;Crescente;C�u Claro;Simples;"Curva;Rotat�ria";Sim;2;0;1;0;0;1;1;2;-21,106449;-45,091368;SPRF-MG;DEL04-MG;UOP02-DEL04-MG;;;
709246;03/08/2025;domingo;18:00:00;PB;230;216;SOLEDADE;Transitar na contram�o;Colis�o frontal;Com V�timas Feridas;Plena Noite;Decrescente;C�u Claro;Simples;Reta;N�o;4;0;2;0;1;1;2;3;-7,04951135;-36,38385058;SPRF-PB;DEL02-PB;UOP02-DEL02-PB;;;
709259;03/08/2025;domingo;22:30:00;MG;262;593;CAMPOS ALTOS;Ingest�o de �lcool pelo condutor;Tombamento;Com V�timas Feridas;Plena Noite;Crescente;C�u Claro;Simples;Reta;N�o;1;0;1;0;0;0;1;1;-19,63946427;-46,25310358;SPRF-MG;DEL08-MG;UOP02-DEL08-MG;;;
709267;04/08/2025;segunda-feira;01:20:00;BA;242;874;BARREIRAS;Rea��o tardia ou ineficiente do condutor;Colis�o frontal;Com V�timas Fatais;Plena Noite;Decrescente;C�u Claro;Simples;Reta;N�o;8;1;1;1;5;0;2;3;-12,082417;-45,468989;SPRF-BA;DEL10-BA;UOP01-DEL10-BA;;;
709271;04/08/2025;segunda-feira;01:10:00;SC;101;102,5;BALNEARIO PICARRAS;Suic�dio (presumido);Atropelamento de Pedestre;Com V�timas Fatais;Plena Noite;Crescente;C�u Claro;M�ltipla;"Aclive;Reta";N�o;4;1;0;0;1;2;0;3;-26,77989;-48,68456;SPRF-SC;DEL03-SC;UOP02-DEL03-SC;;;
709273;04/08/2025;segunda-feira;00:45:00;RJ;101;314;SAO GONCALO;Defici�ncia do Sistema de Ilumina��o/Sinaliza��o;Colis�o traseira;Com V�timas Fatais;Plena Noite;Crescente;C�u Claro;Dupla;Reta;Sim;3;1;1;0;1;0;1;2;-22,81922577;-43,08099747;SPRF-RJ;DEL02-RJ;UOP02-DEL02-RJ;;;
709275;04/08/2025;segunda-feira;03:49:00;ES;101;337,9;GUARAPARI;Condutor Dormindo;Sa�da de leito carro��vel;Com V�timas Feridas;Plena Noite;Decrescente;C�u Claro;Dupla;Reta;N�o;2;0;1;0;0;1;1;2;-20,64008814;-40,54699659;SPRF-ES;DEL03-ES;UOP01-DEL03-ES;;;
709276;04/08/2025;segunda-feira;03:30:00;RS;101;42;TERRA DE AREIA;Demais falhas mec�nicas ou el�tricas;Inc�ndio;Sem V�timas;Plena Noite;Crescente;Chuva;Dupla;Reta;N�o;2;0;0;0;1;12;0;13;-29,5540039;-50,0361037;SPRF-RS;DEL03-RS;UOP02-DEL03-RS;;;
709277;04/08/2025;segunda-feira;04:54:00;RS;116;334;BARRA DO RIBEIRO;Aus�ncia de rea��o do condutor;Sa�da de leito carro��vel;Com V�timas Feridas;Plena Noite;Decrescente;C�u Claro;Dupla;Reta;N�o;2;0;1;0;0;1;1;2;-30,48451063;-51,49014474;SPRF-RS;DEL02-RS;UOP02-DEL02-RS;;;
709279;03/08/2025;domingo;20:25:00;SC;153;16;AGUA DOCE;Aus�ncia de rea��o do condutor;Colis�o frontal;Com V�timas Feridas;Plena Noite;Crescente;Chuva;Simples;Curva;N�o;3;0;0;1;1;1;1;3;-26,70355597;-51,58925263;SPRF-SC;DEL07-SC;UOP07-DEL07-SC;;;
709290;04/08/2025;segunda-feira;06:20:00;RS;101;75,9;OSORIO;Aus�ncia de rea��o do condutor;Sa�da de leito carro��vel;Com V�timas Feridas;Amanhecer;Crescente;Garoa/Chuvisco;Dupla;Curva;N�o;1;0;1;0;0;0;1;1;-29,79551663;-50,23103714;SPRF-RS;DEL03-RS;UOP01-DEL03-RS;;;
709301;04/08/2025;segunda-feira;03:00:00;MG;251;273;SALINAS;Demais falhas mec�nicas ou el�tricas;Inc�ndio;Sem V�timas;Plena Noite;Decrescente;Ignorado;Simples;Reta;N�o;1;0;0;0;1;0;0;1;-16,11853;-42,17403;SPRF-MG;DEL12-MG;UOP02-DEL12-MG;;;
709306;24/07/2025;quinta-feira;04:50:00;ES;101;260,6;SERRA;Aus�ncia de rea��o do condutor;Sa�da de leito carro��vel;Com V�timas Feridas;Plena Noite;Crescente;C�u Claro;Dupla;Curva;Sim;2;0;0;1;0;1;1;2;-20,14709458;-40,28098404;SPRF-ES;DEL02-ES;UOP01-DEL02-ES;;;
709309;04/08/2025;segunda-feira;07:10:00;ES;101;406,7;ITAPEMIRIM;Velocidade Incompat�vel;Tombamento;Com V�timas Feridas;Pleno dia;Crescente;C�u Claro;Simples;Curva;N�o;3;0;1;2;0;0;3;1;-20,8930026;-41,0277974;SPRF-ES;DEL03-ES;UOP02-DEL03-ES;;;
709315;04/08/2025;segunda-feira;07:30:00;ES;101;297;CARIACICA;Velocidade Incompat�vel;Colis�o traseira;Com V�timas Feridas;Pleno dia;Crescente;C�u Claro;Dupla;Reta;N�o;2;0;0;1;1;0;1;2;-20,346398;-40,4109828;SPRF-ES;DEL01-ES;UOP01-DEL01-ES;;;
709331;04/08/2025;segunda-feira;09:15:00;SP;116;156,7;SAO JOSE DOS CAMPOS;Rea��o tardia ou ineficiente do condutor;Colis�o lateral mesmo sentido;Com V�timas Feridas;Pleno dia;Decrescente;Sol;M�ltipla;Reta;Sim;4;0;1;1;1;1;2;3;-23,2548753;-45,9421604;SPRF-SP;DEL02-SP;UOP01-DEL02-SP;;;
709332;04/08/2025;segunda-feira;09:00:00;PR;376;605;CURITIBA;Condutor deixou de manter dist�ncia do ve�culo da frente;Colis�o traseira;Sem V�timas;Pleno dia;Decrescente;Nublado;Dupla;Reta;N�o;2;0;0;0;1;1;0;2;-25,53608575;-49,31496469;SPRF-PR;DEL01-PR;UOP03-DEL01-PR;;;
709337;04/08/2025;segunda-feira;09:30:00;PR;116;58,9;CAMPINA GRANDE DO SUL;Aus�ncia de rea��o do condutor;Sa�da de leito carro��vel;Com V�timas Feridas;Pleno dia;Crescente;Nublado;Dupla;Curva;N�o;1;0;1;0;0;0;1;1;-25,304;-48,943;SPRF-PR;DEL01-PR;UOP02-DEL01-PR;;;
709338;04/08/2025;segunda-feira;09:35:00;PR;277;229,7;FERNANDES PINHEIRO;Transitar no Acostamento;Colis�o lateral mesmo sentido;Com V�timas Feridas;Pleno dia;Decrescente;Garoa/Chuvisco;Simples;"Reta;Aclive";N�o;4;0;1;0;1;3;1;5;-25,46301;-50,46231;SPRF-PR;DEL08-PR;UOP02-DEL08-PR;;;
709344;04/08/2025;segunda-feira;09:30:00;MS;163;475;CAMPO GRANDE;Acessar a via sem observar a presen�a dos outros ve�culos;Colis�o transversal;Com V�timas Feridas;Pleno dia;Crescente;Garoa/Chuvisco;Simples;"Interse��o de Vias;Rotat�ria";Sim;2;0;1;0;1;0;1;2;-20,513344;-54,562365;SPRF-MS;DEL01-MS;UOP01-DEL01-MS;;;
709353;04/08/2025;segunda-feira;10:30:00;SC;282;526;XAXIM;Transitar na contram�o;Colis�o frontal;Com V�timas Feridas;Pleno dia;Decrescente;Chuva;Simples;Reta;N�o;3;0;2;0;1;0;2;2;-26,96435796;-52,56361334;SPRF-SC;DEL07-SC;UOP01-DEL07-SC;;;
709354;24/03/2025;segunda-feira;07:00:00;PR;277;63;SAO JOSE DOS PINHAIS;Estacionar ou parar em local proibido;Colis�o lateral mesmo sentido;Com V�timas Feridas;Pleno dia;Decrescente;Nevoeiro/Neblina;Dupla;Reta;N�o;3;0;0;1;1;3;1;5;-25,54112204;-49,0619663;SPRF-PR;DEL01-PR;UOP01-DEL01-PR;;;
709355;04/08/2025;segunda-feira;11:00:00;MG;381;444;SABARA;Aus�ncia de rea��o do condutor;Engavetamento;Com V�timas Feridas;Pleno dia;Crescente;C�u Claro;Simples;Reta;Sim;5;0;1;1;2;1;2;4;-19,83451199;-43,85765702;SPRF-MG;DEL01-MG;UOP01-DEL01-MG;;;
709358;04/08/2025;segunda-feira;11:00:00;GO;60;104;GOIANAPOLIS;Aus�ncia de rea��o do condutor;Colis�o lateral mesmo sentido;Com V�timas Feridas;Pleno dia;Decrescente;C�u Claro;Dupla;Aclive;N�o;3;0;1;0;2;0;1;2;-16,4112396;-48,9983334;SPRF-GO;DEL02-GO;UOP01-DEL02-GO;;;
709359;04/08/2025;segunda-feira;10:45:00;SC;101;122,9;ITAJAI;Trafegar com motocicleta (ou similar) entre as faixas;Colis�o lateral mesmo sentido;Com V�timas Fatais;Pleno dia;Decrescente;Garoa/Chuvisco;Dupla;Reta;Sim;3;1;0;0;1;1;0;3;-26,93631724;-48,69893638;SPRF-SC;DEL04-SC;UOP04-DEL04-SC;;;
709365;04/08/2025;segunda-feira;11:45:00;SC;101;195,1;BIGUACU;Condutor deixou de manter dist�ncia do ve�culo da frente;Colis�o traseira;Com V�timas Feridas;Pleno dia;Decrescente;Chuva;Dupla;Reta;N�o;3;0;0;1;1;1;1;3;-27,506199;-48,648215;SPRF-SC;DEL01-SC;UOP01-DEL01-SC;;;
709366;04/08/2025;segunda-feira;08:30:00;MT;163;821;SINOP;Acessar a via sem observar a presen�a dos outros ve�culos;Colis�o transversal;Sem V�timas;Pleno dia;Decrescente;C�u Claro;Simples;Reta;Sim;2;0;0;0;1;1;0;2;-11,98972786;-55,51705867;SPRF-MT;DEL06-MT;UOP02-DEL06-MT;;;
709370;04/08/2025;segunda-feira;10:00:00;SC;470;59;BLUMENAU;Condutor Dormindo;Colis�o lateral sentido oposto;Com V�timas Feridas;Pleno dia;Decrescente;C�u Claro;Simples;Curva;N�o;3;0;1;0;2;0;1;3;-26,88268383;-49,15740822;SPRF-SC;DEL04-SC;UOP01-DEL04-SC;;;
709371;03/08/2025;domingo;05:30:00;MG;116;146;PONTO DOS VOLANTES;Transitar na contram�o;Colis�o lateral sentido oposto;Com V�timas Feridas;Amanhecer;Crescente;Nublado;Simples;Curva;N�o;5;0;1;2;1;1;3;3;-16,82552;-41,473377;SPRF-MG;DEL11-MG;UOP02-DEL11-MG;;;
709374;04/08/2025;segunda-feira;06:30:00;AP;156;653;CALCOENE;Carga excessiva e/ou mal acondicionada;Tombamento;Com V�timas Feridas;Pleno dia;Crescente;C�u Claro;Simples;"Reta;Aclive";N�o;3;0;1;0;1;1;1;2;2,71615;-51,366336;SPRF-AP;DEL01-AP;UOP03-DEL01-AP;;;
709377;04/08/2025;segunda-feira;12:50:00;DF;60;12,2;BRASILIA;Manobra de mudan�a de faixa;Colis�o lateral mesmo sentido;Com V�timas Feridas;Pleno dia;Decrescente;C�u Claro;M�ltipla;Reta;N�o;4;0;1;0;2;1;1;3;-15,921983;-48,165996;SPRF-DF;DEL03-DF;UOP01-DEL03-DF;;;
709379;04/08/2025;segunda-feira;09:55:00;SC;116;25,9;ITAIOPOLIS;Transitar no Acostamento;Atropelamento de Pedestre;Com V�timas Fatais;Pleno dia;Crescente;Garoa/Chuvisco;Simples;"Reta;Aclive";N�o;2;1;0;0;0;1;0;2;-26,285893;-49,934195;SPRF-SC;DEL06-SC;UOP01-DEL06-SC;;;
709380;04/08/2025;segunda-feira;14:10:00;RS;116;245,8;SAO LEOPOLDO;Condutor deixou de manter dist�ncia do ve�culo da frente;Colis�o traseira;Sem V�timas;Pleno dia;Crescente;Chuva;Dupla;"Ponte;Reta";Sim;4;0;0;0;2;2;0;4;-29,75826931;-51,15196176;SPRF-RS;DEL01-RS;UOP02-DEL01-RS;;;
709381;04/08/2025;segunda-feira;13:20:00;PI;343;591;FLORIANO;Manobra de mudan�a de faixa;Colis�o lateral mesmo sentido;Com V�timas Feridas;Pleno dia;Decrescente;Sol;Dupla;"Reta;Rotat�ria";Sim;2;0;0;1;1;0;1;2;-6,7930548;-42,98379;SPRF-PI;DEL03-PI;UOP01-DEL03-PI;;;
709383;04/08/2025;segunda-feira;14:25:00;SP;116;3,5;QUELUZ;Rea��o tardia ou ineficiente do condutor;Colis�o lateral mesmo sentido;Com V�timas Feridas;Pleno dia;Crescente;C�u Claro;Dupla;Reta;N�o;4;0;2;0;2;0;2;4;-22,5241578;-44,7306827;SPRF-SP;DEL08-SP;UOP02-DEL08-SP;;;
709389;15/07/2025;ter�a-feira;13:30:00;MG;354;727;POUSO ALTO;Demais falhas mec�nicas ou el�tricas;Tombamento;Sem V�timas;Pleno dia;Decrescente;C�u Claro;Simples;Rotat�ria;N�o;2;0;0;0;1;1;0;2;-22,14025937;-44,97029096;SPRF-MG;DEL17-MG;UOP01-DEL17-MG;;;
709397;04/08/2025;segunda-feira;16:00:00;PR;277;174;PORTO AMAZONAS;Rea��o tardia ou ineficiente do condutor;Colis�o traseira;Com V�timas Feridas;Pleno dia;Decrescente;C�u Claro;Simples;Reta;N�o;2;0;1;0;1;0;1;2;-25,46325801;-49,91744265;SPRF-PR;DEL03-PR;UOP03-DEL03-PR;;;
709398;04/08/2025;segunda-feira;15:15:00;MT;364;400;CUIABA;Acessar a via sem observar a presen�a dos outros ve�culos;Colis�o transversal;Com V�timas Feridas;Pleno dia;Decrescente;Chuva;Dupla;Reta;Sim;2;0;1;0;1;0;1;2;-15,65133654;-55,99624068;SPRF-MT;DEL01-MT;UOP02-DEL01-MT;;;
709408;04/08/2025;segunda-feira;07:00:00;SC;116;139;SANTA CECILIA;Aus�ncia de rea��o do condutor;Colis�o transversal;Com V�timas Feridas;Pleno dia;Decrescente;Chuva;Simples;"Interse��o de Vias;Reta";Sim;3;0;1;0;2;0;1;2;-26,96139;-50,4147;SPRF-SC;DEL06-SC;UOP02-DEL06-SC;;;
709409;04/08/2025;segunda-feira;17:13:00;BA;135;106;RIACHAO DAS NEVES;Problema com o freio;Inc�ndio;Sem V�timas;Anoitecer;Decrescente;C�u Claro;Simples;Reta;N�o;2;0;0;0;1;3;0;4;-11,57189671;-44,83242989;SPRF-BA;DEL10-BA;UOP01-DEL10-BA;;;
709411;04/08/2025;segunda-feira;17:00:00;PR;277;79;CURITIBA;Aus�ncia de rea��o do condutor;Colis�o traseira;Com V�timas Feridas;Anoitecer;Decrescente;Nublado;Dupla;Reta;Sim;2;0;1;0;1;0;1;2;-25,47913338;-49,20136325;SPRF-PR;DEL01-PR;UOP07-DEL01-PR;;;
709416;04/08/2025;segunda-feira;16:15:00;BA;324;593;CANDEIAS;Aus�ncia de rea��o do condutor;Colis�o traseira;Com V�timas Feridas;Pleno dia;Decrescente;Sol;Dupla;Reta;N�o;3;0;2;0;1;0;2;2;-12,709748;-38,460044;SPRF-BA;DEL01-BA;UOP01-DEL01-BA;;;
709418;04/08/2025;segunda-feira;16:30:00;MG;40;545;BARAO DE COCAIS;Aus�ncia de rea��o do condutor;Engavetamento;Com V�timas Feridas;Pleno dia;Decrescente;C�u Claro;Dupla;"Reta;Viaduto";N�o;3;0;0;1;1;1;1;3;-20,00355;-43,57571;SPRF-MG;DEL01-MG;UOP02-DEL01-MG;;;
709424;04/08/2025;segunda-feira;16:25:00;PR;376;421,4;TIBAGI;Rea��o tardia ou ineficiente do condutor;Tombamento;Com V�timas Fatais;Pleno dia;Crescente;C�u Claro;Dupla;Curva;N�o;2;1;0;0;0;2;0;3;-24,68942844;-50,58239579;SPRF-PR;DEL03-PR;UOP02-DEL03-PR;;;
709432;04/08/2025;segunda-feira;17:09:00;MS;163;256;DOURADOS;Frear bruscamente;Colis�o traseira;Com V�timas Feridas;Pleno dia;Crescente;Chuva;Dupla;Reta;Sim;3;0;1;0;1;2;1;4;-22,25909093;-54,80068356;SPRF-MS;DEL04-MS;UOP01-DEL04-MS;;;
709438;04/08/2025;segunda-feira;15:40:00;MT;364;440;VARZEA GRANDE;Pista Escorregadia;Colis�o frontal;Com V�timas Fatais;Pleno dia;Crescente;Chuva;Simples;Curva;N�o;4;2;0;0;1;1;0;3;-15,60035;-56,20656;SPRF-MT;DEL01-MT;UOP02-DEL01-MT;;;
709439;04/08/2025;segunda-feira;15:40:00;MA;316;469,4;PERITORO;Aus�ncia de rea��o do condutor;Colis�o transversal;Com V�timas Fatais;Plena Noite;Decrescente;C�u Claro;Simples;"Reta;Interse��o de Vias";Sim;3;1;0;0;2;0;0;2;-4,3711001;-44,3348809;SPRF-MA;DEL03-MA;UOP02-DEL03-MA;;;
709441;04/08/2025;segunda-feira;18:00:00;PR;153;340,5;IRATI;Aus�ncia de sinaliza��o;Colis�o lateral sentido oposto;Sem V�timas;Plena Noite;Decrescente;Nublado;Simples;"Reta;Aclive;Em Obras";N�o;3;0;0;0;3;0;0;2;-25,539384;-50,6599;SPRF-PR;DEL08-PR;UOP02-DEL08-PR;;;
709447;04/08/2025;segunda-feira;20:00:00;BA;101;35;ESPLANADA;Rea��o tardia ou ineficiente do condutor;Colis�o lateral sentido oposto;Com V�timas Feridas;Plena Noite;Decrescente;C�u Claro;Simples;Reta;N�o;3;0;2;0;0;1;2;2;-11,77426731;-37,94525385;SPRF-SE;DEL02-SE;UOP03-DEL02-SE;;;
709449;04/08/2025;segunda-feira;18:45:00;PA;10;22,9;DOM ELISEU;Ultrapassagem Indevida;Colis�o lateral sentido oposto;Sem V�timas;Plena Noite;Crescente;C�u Claro;Simples;Reta;N�o;4;0;0;0;2;3;0;5;-4,249553;-47,561438;SPRF-PA;DEL02-PA;UOP02-DEL02-PA;;;
709453;04/08/2025;segunda-feira;17:45:00;SC;101;363;SANGAO;Aus�ncia de rea��o do condutor;Colis�o com objeto;Sem V�timas;Plena Noite;Decrescente;Chuva;M�ltipla;Reta;Sim;6;0;0;0;5;2;0;6;-28,682101;-49,145826;SPRF-SC;DEL02-SC;UOP01-DEL02-SC;;;
709454;04/08/2025;segunda-feira;20:15:00;PB;230;35,7;SANTA RITA;Rea��o tardia ou ineficiente do condutor;Colis�o traseira;Com V�timas Feridas;Plena Noite;Decrescente;Nublado;Dupla;"Declive;Curva";Sim;3;0;1;0;1;1;1;3;-7,12522412;-34,9463855;SPRF-PB;DEL01-PB;UOP01-DEL01-PB;;;
709458;04/08/2025;segunda-feira;17:00:00;MG;251;490,3;MONTES CLAROS;Aus�ncia de rea��o do condutor;Tombamento;Com V�timas Feridas;Pleno dia;Decrescente;C�u Claro;Simples;"Declive;Reta";N�o;2;0;1;0;0;1;1;2;-16,6537055;-43,7179377;SPRF-MG;DEL12-MG;UOP01-DEL12-MG;;;
709464;04/08/2025;segunda-feira;20:30:00;MS;163;812;SONORA;Ingest�o de �lcool pelo condutor;Colis�o frontal;Com V�timas Feridas;Plena Noite;Crescente;Nevoeiro/Neblina;Simples;Reta;N�o;4;0;2;0;1;1;2;3;-17,83308544;-54,71813947;SPRF-MS;DEL06-MS;UOP01-DEL06-MS;;;
709466;04/08/2025;segunda-feira;21:00:00;PR;277;191,3;PALMEIRA;Acessar a via sem observar a presen�a dos outros ve�culos;Colis�o transversal;Com V�timas Feridas;Plena Noite;Crescente;Nublado;Simples;Reta;N�o;4;0;1;0;2;2;1;4;-25,430147;-50,137661;SPRF-PR;DEL08-PR;UOP02-DEL08-PR;;;
709467;04/08/2025;segunda-feira;17:00:00;GO;80;87;VILA PROPICIO;Aus�ncia de rea��o do condutor;Sa�da de leito carro��vel;Sem V�timas;Plena Noite;Crescente;C�u Claro;Simples;Reta;N�o;1;0;0;0;0;1;0;1;-15,219448;-48,643072;SPRF-DF;DEL03-DF;UOP02-DEL03-DF;;;
709469;04/08/2025;segunda-feira;20:30:00;BA;116;899;CANDIDO SALES;Ilumina��o deficiente;Colis�o transversal;Com V�timas Fatais;Plena Noite;Crescente;C�u Claro;Simples;"Declive;Reta";N�o;3;1;0;0;1;1;0;3;-15,4648;-41,23802;SPRF-BA;DEL08-BA;UOP03-DEL08-BA;;;
709471;04/08/2025;segunda-feira;17:15:00;PR;163;55,5;PEROLA DOESTE;Condutor usando celular;Colis�o frontal;Com V�timas Feridas;Pleno dia;Decrescente;Nublado;Simples;Reta;N�o;2;0;1;0;1;0;1;2;-25,907014;-53,747622;SPRF-PR;DEL02-PR;UOP02-DEL02-PR;;;
709474;04/08/2025;segunda-feira;23:40:00;PR;277;300;PRUDENTOPOLIS;Demais falhas mec�nicas ou el�tricas;Inc�ndio;Sem V�timas;Plena Noite;Crescente;Nublado;Simples;Reta;N�o;2;0;0;0;1;1;0;2;-25,29466508;-51,13548553;SPRF-PR;DEL08-PR;UOP01-DEL08-PR;;;
709478;05/08/2025;ter�a-feira;00:10:00;BA;324;604;SIMOES FILHO;Demais falhas mec�nicas ou el�tricas;Inc�ndio;Sem V�timas;Pleno dia;Crescente;C�u Claro;Simples;Reta;Sim;2;0;0;0;1;2;0;3;-12,7931167;-38,4045372;SPRF-BA;DEL01-BA;UOP01-DEL01-BA;;;
709481;05/08/2025;ter�a-feira;01:30:00;RS;285;312;PASSO FUNDO;Condutor Dormindo;Sa�da de leito carro��vel;Sem V�timas;Plena Noite;Crescente;Garoa/Chuvisco;Dupla;Curva;N�o;2;0;0;0;1;1;0;2;-28,22674317;-52,50705242;SPRF-RS;DEL08-RS;UOP03-DEL08-RS;;;
709482;05/08/2025;ter�a-feira;01:40:00;PR;116;15;CAMPINA GRANDE DO SUL;Velocidade Incompat�vel;Tombamento;Com V�timas Feridas;Plena Noite;Decrescente;Garoa/Chuvisco;Dupla;"Curva;Declive";N�o;2;0;1;0;0;1;1;2;-25,10339886;-48,7007618;SPRF-PR;DEL01-PR;UOP02-DEL01-PR;;;
709483;04/08/2025;segunda-feira;17:40:00;PI;343;462;ANGICAL DO PIAUI;Condutor deixou de manter dist�ncia do ve�culo da frente;Colis�o traseira;Com V�timas Fatais;Pleno dia;Decrescente;C�u Claro;Simples;Reta;N�o;5;1;0;0;2;3;0;6;-6,05865937;-42,73575783;SPRF-PI;DEL01-PI;UOP02-DEL01-PI;;;
709485;05/08/2025;ter�a-feira;02:50:00;RN;226;276,9;TRIUNFO POTIGUAR;Velocidade Incompat�vel;Sa�da de leito carro��vel;Com V�timas Fatais;Plena Noite;Decrescente;C�u Claro;Simples;Curva;N�o;2;2;0;0;0;0;0;1;-5,8596007;-37,19644245;SPRF-RN;DEL03-RN;UOP01-DEL03-RN;;;
709486;05/08/2025;ter�a-feira;01:50:00;SP;116;25,9;SILVEIRAS;Demais falhas mec�nicas ou el�tricas;Inc�ndio;Sem V�timas;Plena Noite;Decrescente;C�u Claro;Dupla;"Reta;Aclive";N�o;2;0;0;0;1;1;0;2;-22,61203;-44,8986;SPRF-SP;DEL08-SP;UOP02-DEL08-SP;;;
709487;05/08/2025;ter�a-feira;02:30:00;MG;50;17;ARAGUARI;Condutor Dormindo;Sa�da de leito carro��vel;Com V�timas Feridas;Plena Noite;Decrescente;C�u Claro;Dupla;Curva;N�o;1;0;1;0;0;0;1;1;-18,563724;-48,0563;SPRF-MG;DEL15-MG;UOP02-DEL15-MG;;;
709488;05/08/2025;ter�a-feira;02:17:00;BA;116;579,5;NOVA ITARANA;Condutor Dormindo;Colis�o traseira;Com V�timas Feridas;Plena Noite;Decrescente;Nevoeiro/Neblina;Simples;"Reta;Aclive";N�o;3;0;1;0;1;2;1;4;-13,10718;-39,977909;SPRF-BA;DEL03-BA;UOP02-DEL03-BA;;;
709491;05/08/2025;ter�a-feira;02:30:00;SC;101;70;ARAQUARI;Acessar a via sem observar a presen�a dos outros ve�culos;Colis�o traseira;Com V�timas Feridas;Plena Noite;Crescente;Nublado;Dupla;Reta;Sim;3;0;1;0;1;2;1;4;-26,51363392;-48,72177808;SPRF-SC;DEL03-SC;UOP02-DEL03-SC;;;
709492;05/08/2025;ter�a-feira;06:00:00;RS;116;524,7;PELOTAS;Ingest�o de �lcool pelo condutor;Colis�o transversal;Com V�timas Feridas;Amanhecer;Decrescente;C�u Claro;Simples;"Interse��o de Vias;Viaduto";Sim;3;0;2;0;0;1;2;3;-31,73895692;-52,39570705;SPRF-RS;DEL07-RS;UOP01-DEL07-RS;;;
709494;05/08/2025;ter�a-feira;05:00:00;MS;262;256,1;RIBAS DO RIO PARDO;Animais na Pista;Atropelamento de Animal;Com V�timas Fatais;Amanhecer;Decrescente;Nublado;Simples;Reta;N�o;4;1;2;0;0;3;2;5;-20,40084961;-53,90131831;SPRF-MS;DEL01-MS;UOP05-DEL01-MS;;;
709495;05/08/2025;ter�a-feira;05:55:00;PB;230;25;JOAO PESSOA;Rea��o tardia ou ineficiente do condutor;Colis�o lateral mesmo sentido;Com V�timas Feridas;Pleno dia;Decrescente;C�u Claro;M�ltipla;Reta;N�o;3;0;1;0;1;2;1;4;-7,169845;-34,87322;SPRF-PB;DEL01-PB;UOP01-DEL01-PB;;;
709500;05/08/2025;ter�a-feira;06:00:00;SP;381;47;ATIBAIA;Aus�ncia de rea��o do condutor;Colis�o traseira;Com V�timas Feridas;Amanhecer;Decrescente;C�u Claro;M�ltipla;Reta;Sim;2;0;0;1;1;0;1;2;-23,19069939;-46,58445446;SPRF-SP;DEL03-SP;UOP01-DEL03-SP;;;