id;data_inversa;dia_semana;horario;uf;br;km;municipio;causa_acidente;tipo_acidente;classificacao_acidente;fase_dia;sentido_via;condicao_metereologica;tipo_pista;tracado_via;uso_solo;pessoas;mortos;feridos_leves;feridos_graves;ilesos;ignorados;feridos;veiculos;latitude;longitude;regional;delegacia;uop;;;
709501;05/08/2025;ter�a-feira;06:20:00;MT;70;66;BARRA DO GARCAS;Rea��o tardia ou ineficiente do condutor;Sa�da de leito carro��vel;Com V�timas Feridas;Amanhecer;Crescente;C�u Claro;Simples;Curva;N�o;1;0;1;0;0;0;1;1;-15,7042026;-52,732874;SPRF-MT;DEL07-MT;UOP01-DEL07-MT;;;
709502;05/08/2025;ter�a-feira;06:00:00;RS;470;224;GARIBALDI;Rea��o tardia ou ineficiente do condutor;Colis�o lateral mesmo sentido;Com V�timas Feridas;Amanhecer;Crescente;Nublado;Simples;Reta;Sim;15;0;11;1;2;1;12;4;-29,23254146;-51,51600838;SPRF-RS;DEL06-RS;UOP01-DEL06-RS;;;
709508;05/08/2025;ter�a-feira;06:10:00;BA;410;35;TUCANO;Ultrapassagem Indevida;Colis�o frontal;Sem V�timas;Pleno dia;Decrescente;C�u Claro;Simples;Curva;N�o;2;0;0;0;2;0;0;2;-10,96651684;-38,75610352;SPRF-BA;DEL07-BA;UOP02-DEL07-BA;;;
709514;05/08/2025;ter�a-feira;04:30:00;MG;251;223;SANTA CRUZ DE SALINAS;Rea��o tardia ou ineficiente do condutor;Colis�o frontal;Com V�timas Feridas;Amanhecer;Decrescente;C�u Claro;Simples;Curva;N�o;2;0;1;0;1;0;1;2;-15,953034;-41,622176;SPRF-MG;DEL12-MG;UOP02-DEL12-MG;;;
709517;21/07/2025;segunda-feira;14:35:00;GO;153;656;GOIATUBA;Aus�ncia de rea��o do condutor;Tombamento;Com V�timas Feridas;Pleno dia;Crescente;C�u Claro;Dupla;"Reta;Declive";N�o;2;0;1;0;0;3;1;4;-17,994693;-49,261809;SPRF-GO;DEL03-GO;UOP01-DEL03-GO;;;
709518;05/08/2025;ter�a-feira;07:40:00;MG;267;139,3;JUIZ DE FORA;Condutor Dormindo;Colis�o com objeto;Sem V�timas;Pleno dia;Crescente;Nublado;Simples;"Ponte;Curva";N�o;2;0;0;0;1;1;0;2;-21,7708288;-43,6094651;SPRF-MG;DEL05-MG;UOP01-DEL05-MG;;;
709527;05/08/2025;ter�a-feira;08:43:00;ES;101;35;CONCEICAO DA BARRA;Ultrapassagem Indevida;Colis�o lateral mesmo sentido;Com V�timas Feridas;Pleno dia;Decrescente;Sol;Simples;"Reta;Declive";N�o;3;0;0;1;1;2;1;4;-18,4611303;-39,92972374;SPRF-ES;DEL04-ES;UOP02-DEL04-ES;;;
709528;05/08/2025;ter�a-feira;09:00:00;PR;376;451,5;TIBAGI;Demais falhas mec�nicas ou el�tricas;Inc�ndio;Sem V�timas;Pleno dia;Decrescente;C�u Claro;Dupla;Reta;N�o;2;0;0;0;1;1;0;2;-24,883972;-50,437805;SPRF-PR;DEL03-PR;UOP02-DEL03-PR;;;
709531;05/08/2025;ter�a-feira;08:40:00;SC;153;111,1;CONCORDIA;Condutor deixou de manter dist�ncia do ve�culo da frente;Colis�o traseira;Sem V�timas;Pleno dia;Decrescente;Nublado;Simples;Interse��o de Vias;N�o;3;0;0;0;3;0;0;3;-27,326998;-51,979854;SPRF-SC;DEL07-SC;UOP04-DEL07-SC;;;
709537;05/08/2025;ter�a-feira;07:40:00;AC;364;138;RIO BRANCO;Desrespeitar a prefer�ncia no cruzamento;Colis�o traseira;Sem V�timas;Pleno dia;Crescente;Chuva;Dupla;Rotat�ria;Sim;3;0;0;0;2;1;0;3;-9,96063912;-67,85668219;SPRF-AC;DEL01-AC;UOP01-DEL01-AC;;;
709541;05/08/2025;ter�a-feira;10:30:00;RS;290;172;BUTIA;Demais falhas mec�nicas ou el�tricas;Colis�o frontal;Com V�timas Feridas;Pleno dia;Crescente;C�u Claro;Simples;Reta;N�o;3;0;1;0;1;2;1;4;-30,12790603;-51,94713593;SPRF-RS;DEL02-RS;UOP03-DEL02-RS;;;
709543;05/08/2025;ter�a-feira;07:20:00;MG;40;603,6;CONGONHAS;Velocidade Incompat�vel;Sa�da de leito carro��vel;Com V�timas Fatais;Pleno dia;Crescente;Sol;Simples;"Curva;Declive";N�o;2;1;0;0;0;2;0;3;-20,453023;-43,840541;SPRF-MG;DEL05-MG;UOP02-DEL05-MG;;;
709548;05/08/2025;ter�a-feira;05:30:00;PA;10;114,8;PARAGOMINAS;Defici�ncia do Sistema de Ilumina��o/Sinaliza��o;Colis�o traseira;Com V�timas Feridas;Amanhecer;Decrescente;Nublado;Simples;"Declive;Reta";N�o;4;0;1;1;1;1;2;4;-3,435338;-47,457965;SPRF-PA;DEL02-PA;UOP01-DEL02-PA;;;
709549;05/08/2025;ter�a-feira;11:40:00;RJ;101;327;RIO DE JANEIRO;Rea��o tardia ou ineficiente do condutor;Colis�o traseira;Com V�timas Feridas;Pleno dia;Crescente;Nublado;Simples;"Ponte;Reta";Sim;2;0;1;0;1;0;1;2;-22,87016499;-43,17146301;SPRF-RJ;DEL02-RJ;UOP01-DEL02-RJ;;;
709555;05/08/2025;ter�a-feira;12:38:00;MG;50;56;UBERLANDIA;Problema com o freio;Colis�o traseira;Com V�timas Feridas;Pleno dia;Decrescente;Nublado;Dupla;"Declive;Curva";N�o;5;0;1;0;3;1;1;3;-18,781735;-48,23532;SPRF-MG;DEL15-MG;UOP02-DEL15-MG;;;
709557;05/08/2025;ter�a-feira;12:30:00;GO;153;690,9;ITUMBIARA;Condutor deixou de manter dist�ncia do ve�culo da frente;Colis�o traseira;Com V�timas Feridas;Pleno dia;Crescente;Nublado;Dupla;Declive;N�o;3;0;0;1;1;2;1;4;-18,307767;-49,233272;SPRF-GO;DEL03-GO;UOP02-DEL03-GO;;;
709558;08/07/2025;ter�a-feira;16:30:00;BA;101;271;SANTO ANTONIO DE JESUS;Ultrapassagem Indevida;Colis�o frontal;Com V�timas Fatais;Pleno dia;Decrescente;C�u Claro;Simples;"Reta;Declive";N�o;3;1;0;0;2;0;0;2;-13,032333;-39,288433;SPRF-BA;DEL01-BA;UOP02-DEL01-BA;;;
709563;05/08/2025;ter�a-feira;11:25:00;MG;40;427;PARAOPEBA;Demais falhas mec�nicas ou el�tricas;Inc�ndio;Sem V�timas;Pleno dia;Crescente;C�u Claro;Dupla;Reta;N�o;1;0;0;0;1;0;0;1;-19,177956;-44,504232;SPRF-MG;DEL02-MG;UOP01-DEL02-MG;;;
709565;03/07/2025;quinta-feira;13:20:00;MG;267;162;LIMA DUARTE;Transitar na contram�o;Colis�o frontal;Com V�timas Feridas;Pleno dia;Crescente;Nublado;Simples;Curva;N�o;2;0;0;1;1;0;1;2;-21,8490606;-43,8042682;SPRF-MG;DEL05-MG;UOP01-DEL05-MG;;;
709572;05/08/2025;ter�a-feira;14:00:00;SE;101;62,4;ROSARIO DO CATETE;Condutor deixou de manter dist�ncia do ve�culo da frente;Colis�o traseira;Com V�timas Feridas;Pleno dia;Crescente;Ignorado;Dupla;"Curva;Aclive";N�o;4;0;1;0;2;1;1;3;-10,68677421;-37,03696601;SPRF-SE;DEL02-SE;UOP02-DEL02-SE;;;
709576;05/08/2025;ter�a-feira;14:43:00;PE;101;28;ITAPISSUMA;Condutor Dormindo;Sa�da de leito carro��vel;Sem V�timas;Pleno dia;Decrescente;C�u Claro;Dupla;Reta;N�o;1;0;0;0;1;0;0;1;-7,7299712;-34,9405184;SPRF-PE;DEL01-PE;UOP02-DEL01-PE;;;
709579;05/08/2025;ter�a-feira;12:50:00;MG;40;521;CONTAGEM;Condutor deixou de manter dist�ncia do ve�culo da frente;Colis�o traseira;Com V�timas Feridas;Pleno dia;Decrescente;C�u Claro;Dupla;Reta;N�o;5;0;2;0;2;2;2;4;-19,91202911;-44,04281616;SPRF-MG;DEL01-MG;UOP02-DEL01-MG;;;
709580;05/08/2025;ter�a-feira;14:30:00;MG;50;56;UBERLANDIA;Demais falhas mec�nicas ou el�tricas;Inc�ndio;Sem V�timas;Pleno dia;Crescente;Nublado;Dupla;"Reta;Aclive";N�o;2;0;0;0;1;3;0;4;-18,78606725;-48,23238373;SPRF-MG;DEL15-MG;UOP02-DEL15-MG;;;
709589;05/08/2025;ter�a-feira;14:30:00;RS;471;150,8;SANTA CRUZ DO SUL;Acessar a via sem observar a presen�a dos outros ve�culos;Colis�o transversal;Com V�timas Feridas;Pleno dia;Decrescente;Nublado;Simples;Interse��o de Vias;Sim;3;0;1;0;1;1;1;3;-29,77909151;-52,41568565;SPRF-RS;DEL02-RS;UOP03-DEL02-RS;;;
709596;05/08/2025;ter�a-feira;17:00:00;PE;316;69;OURICURI;Rea��o tardia ou ineficiente do condutor;Colis�o traseira;Com V�timas Feridas;Anoitecer;Decrescente;C�u Claro;Simples;"Curva;Aclive";N�o;3;0;0;1;1;1;1;2;-7,8068304;-40,18095136;SPRF-PE;DEL05-PE;UOP02-DEL05-PE;;;
709597;05/08/2025;ter�a-feira;17:00:00;BA;367;58;PORTO SEGURO;Rea��o tardia ou ineficiente do condutor;Colis�o lateral mesmo sentido;Com V�timas Feridas;Anoitecer;Crescente;C�u Claro;Simples;Reta;N�o;3;0;1;1;0;1;2;3;-16,38767305;-39,372138;SPRF-BA;DEL09-BA;UOP03-DEL09-BA;;;
709600;05/08/2025;ter�a-feira;14:00:00;MS;376;3;DOURADOS;Carga excessiva e/ou mal acondicionada;Derramamento de carga;Sem V�timas;Pleno dia;Decrescente;C�u Claro;Simples;Reta;N�o;1;0;0;0;1;0;0;1;-22,21653014;-54,67367327;SPRF-MS;DEL04-MS;UOP01-DEL04-MS;;;
709602;05/08/2025;ter�a-feira;17:10:00;RS;290;191;MINAS DO LEAO;Demais falhas mec�nicas ou el�tricas;Colis�o lateral sentido oposto;Com V�timas Feridas;Anoitecer;Crescente;C�u Claro;Simples;Reta;N�o;3;0;2;0;0;1;2;3;-30,15909;-52,129845;SPRF-RS;DEL02-RS;UOP03-DEL02-RS;;;
709605;12/06/2025;quinta-feira;11:00:00;SC;101;122;ITAJAI;Rea��o tardia ou ineficiente do condutor;Colis�o com objeto;Com V�timas Feridas;Pleno dia;Crescente;C�u Claro;Dupla;Reta;Sim;2;0;1;0;1;0;1;2;-26,95065333;-48,6801455;SPRF-SC;DEL04-SC;UOP04-DEL04-SC;;;
709610;05/08/2025;ter�a-feira;17:20:00;SP;116;359;MIRACATU;Demais falhas mec�nicas ou el�tricas;Inc�ndio;Sem V�timas;Anoitecer;Crescente;C�u Claro;Dupla;"Curva;Declive;Viaduto";N�o;2;0;0;0;1;1;0;2;-24,0981151;-47,2574219;SPRF-SP;DEL04-SP;UOP03-DEL04-SP;;;
709613;05/08/2025;ter�a-feira;18:30:00;GO;153;443;ANAPOLIS;Ingest�o de �lcool pelo condutor;Colis�o traseira;Sem V�timas;Anoitecer;Crescente;C�u Claro;Dupla;Rotat�ria;Sim;3;0;0;0;2;2;0;4;-16,35448005;-48,92866943;SPRF-GO;DEL02-GO;UOP01-DEL02-GO;;;
709617;05/08/2025;ter�a-feira;16:00:00;RO;364;45;VILHENA;Rea��o tardia ou ineficiente do condutor;Sa�da de leito carro��vel;Com V�timas Feridas;Pleno dia;Decrescente;C�u Claro;Simples;"Declive;Curva";N�o;3;0;2;0;0;3;2;4;-12,59056817;-60,34331873;SPRF-RO;DEL04-RO;UOP01-DEL04-RO;;;
709634;05/08/2025;ter�a-feira;19:45:00;MG;40;462;SETE LAGOAS;Demais falhas mec�nicas ou el�tricas;Sa�da de leito carro��vel;Com V�timas Feridas;Plena Noite;Crescente;C�u Claro;Dupla;Declive;Sim;2;0;1;0;0;1;1;2;-19,424004;-44,338376;SPRF-MG;DEL02-MG;UOP01-DEL02-MG;;;
709637;05/08/2025;ter�a-feira;09:10:00;RJ;465;1;SEROPEDICA;Acessar a via sem observar a presen�a dos outros ve�culos;Colis�o transversal;Com V�timas Feridas;Pleno dia;Decrescente;C�u Claro;Simples;Reta;Sim;2;0;1;0;1;0;1;2;-22,71789045;-43,72765509;SPRF-RJ;DEL06-RJ;UOP02-DEL06-RJ;;;
709641;05/08/2025;ter�a-feira;19:30:00;MG;354;726,9;POUSO ALTO;Velocidade Incompat�vel;Colis�o com objeto;Com V�timas Feridas;Plena Noite;Crescente;C�u Claro;Simples;"Declive;Curva";N�o;2;0;1;0;0;1;1;2;-22,13711798;-44,96987343;SPRF-MG;DEL17-MG;UOP01-DEL17-MG;;;
709649;05/08/2025;ter�a-feira;16:00:00;GO;158;126;CAIAPONIA;Demais falhas mec�nicas ou el�tricas;Inc�ndio;Sem V�timas;Anoitecer;Crescente;C�u Claro;Simples;"Aclive;Reta";N�o;2;0;0;0;1;2;0;3;-16,684007;-51,697717;SPRF-GO;DEL04-GO;UOP02-DEL04-GO;;;
709653;05/08/2025;ter�a-feira;13:30:00;MT;70;146;GENERAL CARNEIRO;Transitar na contram�o;Colis�o frontal;Com V�timas Fatais;Pleno dia;Crescente;C�u Claro;Simples;Reta;N�o;9;2;0;1;1;6;1;5;-15,58712;-53,30594;SPRF-MT;DEL07-MT;UOP01-DEL07-MT;;;
709657;05/08/2025;ter�a-feira;17:50:00;RJ;101;476,5;ANGRA DOS REIS;Transitar na contram�o;Colis�o lateral mesmo sentido;Com V�timas Feridas;Plena Noite;Decrescente;Nublado;Simples;Reta;Sim;8;0;0;1;4;3;1;4;-23,0011348;-44,26298713;SPRF-RJ;DEL03-RJ;UOP03-DEL03-RJ;;;
709659;05/08/2025;ter�a-feira;19:40:00;RS;116;435;CRISTAL;Demais falhas mec�nicas ou el�tricas;Inc�ndio;Sem V�timas;Plena Noite;Decrescente;C�u Claro;Dupla;Reta;N�o;2;0;0;0;1;1;0;2;-31,14475583;-52,03105889;SPRF-RS;DEL02-RS;UOP02-DEL02-RS;;;
709668;05/08/2025;ter�a-feira;23:40:00;MG;40;532,8;BELO HORIZONTE;Aus�ncia de rea��o do condutor;Colis�o traseira;Com V�timas Feridas;Plena Noite;Crescente;C�u Claro;Dupla;"Reta;Aclive";Sim;3;0;1;0;1;2;1;4;-19,92689486;-44,00791381;SPRF-MG;DEL01-MG;UOP02-DEL01-MG;;;
709671;06/08/2025;quarta-feira;00:35:00;MG;365;19;MONTES CLAROS;Manobra de mudan�a de faixa;Colis�o lateral mesmo sentido;Sem V�timas;Plena Noite;Crescente;C�u Claro;Simples;Reta;N�o;2;0;0;0;2;0;0;2;-16,8646836;-44,0236876;SPRF-MG;DEL12-MG;UOP01-DEL12-MG;;;
709673;06/08/2025;quarta-feira;01:57:00;ES;101;329;GUARAPARI;Aus�ncia de rea��o do condutor;Tombamento;Com V�timas Feridas;Plena Noite;Crescente;C�u Claro;Dupla;Curva;N�o;2;0;1;0;0;1;1;2;-20,58985126;-40,49787319;SPRF-ES;DEL03-ES;UOP01-DEL03-ES;;;
709674;06/08/2025;quarta-feira;00:25:00;PI;222;68;PIRIPIRI;Curva acentuada;Sa�da de leito carro��vel;Com V�timas Feridas;Plena Noite;Decrescente;C�u Claro;Simples;Curva;N�o;3;0;0;2;0;1;2;2;-4,3155456;-41,7726464;SPRF-PI;DEL02-PI;UOP01-DEL02-PI;;;
709676;06/08/2025;quarta-feira;02:30:00;PB;101;32,6;RIO TINTO;Rea��o tardia ou ineficiente do condutor;Sa�da de leito carro��vel;Sem V�timas;Plena Noite;Crescente;C�u Claro;Dupla;Reta;N�o;2;0;0;0;1;1;0;2;-6,77045311;-35,13336351;SPRF-PB;DEL01-PB;UOP03-DEL01-PB;;;
709678;06/08/2025;quarta-feira;03:40:00;MT;158;598,6;AGUA BOA;Condutor Dormindo;Tombamento;Com V�timas Feridas;Plena Noite;Decrescente;C�u Claro;Simples;Reta;N�o;2;0;1;0;0;1;1;2;-14,0869502;-52,1609763;SPRF-MT;DEL07-MT;UOP02-DEL07-MT;;;
709680;06/08/2025;quarta-feira;05:00:00;SC;101;100,3;BALNEARIO PICARRAS;Manobra de mudan�a de faixa;Colis�o traseira;Com V�timas Feridas;Plena Noite;Crescente;C�u Claro;Dupla;Interse��o de Vias;Sim;3;0;1;0;1;1;1;3;-26,75769968;-48,68792726;SPRF-SC;DEL03-SC;UOP02-DEL03-SC;;;
709681;06/08/2025;quarta-feira;06:00:00;CE;20;247;MADALENA;Pista esburacada;Tombamento;Com V�timas Feridas;Amanhecer;Crescente;C�u Claro;Simples;"Reta;Aclive";N�o;4;0;3;0;0;1;3;2;-4,801416;-39,527866;SPRF-CE;DEL02-CE;UOP02-DEL02-CE;;;
709683;06/08/2025;quarta-feira;04:50:00;MS;163;232,8;CAARAPO;Animais na Pista;Tombamento;Com V�timas Feridas;Amanhecer;Decrescente;Nevoeiro/Neblina;Dupla;Reta;N�o;3;0;1;0;1;2;1;4;-22,437386;-54,821354;SPRF-MS;DEL04-MS;UOP02-DEL04-MS;;;
709685;06/08/2025;quarta-feira;06:55:00;SC;280;15;SAO FRANCISCO DO SUL;Ultrapassagem Indevida;Colis�o lateral mesmo sentido;Com V�timas Feridas;Pleno dia;Crescente;Nublado;Simples;"Em Obras;Reta";N�o;2;0;0;1;1;0;1;2;-26,34603714;-48,6574173;SPRF-SC;DEL03-SC;UOP03-DEL03-SC;;;
709689;06/08/2025;quarta-feira;00:15:00;PR;116;61;QUATRO BARRAS;Velocidade Incompat�vel;Tombamento;Com V�timas Feridas;Plena Noite;Decrescente;C�u Claro;Dupla;Curva;N�o;2;0;1;0;0;1;1;2;-25,30796478;-48,98336856;SPRF-PR;DEL01-PR;UOP02-DEL01-PR;;;
709693;06/08/2025;quarta-feira;06:30:00;SP;116;130;CACAPAVA;Aus�ncia de rea��o do condutor;Colis�o traseira;Com V�timas Feridas;Pleno dia;Crescente;C�u Claro;Dupla;Reta;N�o;3;0;1;0;2;0;1;2;-23,12011415;-45,72215796;SPRF-SP;DEL02-SP;UOP02-DEL02-SP;;;
709698;06/08/2025;quarta-feira;06:20:00;SP;153;306,9;CAMPOS NOVOS PAULISTA;Rea��o tardia ou ineficiente do condutor;Colis�o traseira;Com V�timas Feridas;Amanhecer;Crescente;C�u Claro;Simples;"Reta;Aclive;Interse��o de Vias";N�o;31;0;2;0;29;0;2;2;-22,6134422;-49,8923325;SPRF-SP;DEL07-SP;UOP03-DEL07-SP;;;
709702;05/08/2025;ter�a-feira;22:00:00;PA;163;71;ALTAMIRA;Transitar na contram�o;Colis�o lateral sentido oposto;Com V�timas Feridas;Plena Noite;Crescente;C�u Claro;Simples;"Declive;Reta";N�o;4;0;0;1;2;5;1;8;-8,994765;-54,974972;SPRF-MT;DEL06-MT;UOP03-DEL06-MT;;;
709703;06/08/2025;quarta-feira;08:25:00;MG;381;852;POUSO ALEGRE;Manobra de mudan�a de faixa;Queda de ocupante de ve�culo;Com V�timas Feridas;Pleno dia;Crescente;C�u Claro;Dupla;Reta;N�o;2;0;1;0;0;1;1;2;-22,25707953;-45,88959003;SPRF-MG;DEL16-MG;UOP01-DEL16-MG;;;
709704;06/08/2025;quarta-feira;06:30:00;SC;470;116;IBIRAMA;Velocidade Incompat�vel;Colis�o com objeto;Sem V�timas;Amanhecer;Decrescente;Garoa/Chuvisco;Simples;Curva;N�o;2;0;0;0;1;1;0;2;-27,08196237;-49,50069141;SPRF-SC;DEL04-SC;UOP02-DEL04-SC;;;
709719;02/08/2025;s�bado;23:00:00;PA;230;1110;ITAITUBA;Demais falhas mec�nicas ou el�tricas;Inc�ndio;Sem V�timas;Plena Noite;Decrescente;C�u Claro;Simples;Reta;N�o;2;0;0;0;1;2;0;3;-4,39462539;-55,89332348;SPRF-PA;DEL05-PA;UOP02-DEL05-PA;;;
709725;06/08/2025;quarta-feira;08:57:00;GO;158;164;CAIAPONIA;Velocidade Incompat�vel;Sa�da de leito carro��vel;Com V�timas Feridas;Pleno dia;Crescente;C�u Claro;Simples;"Reta;Declive";N�o;2;0;1;0;1;0;1;2;-17,10554478;-51,8705678;SPRF-GO;DEL05-GO;UOP01-DEL05-GO;;;
709727;06/08/2025;quarta-feira;08:30:00;RS;116;121,6;SAO MARCOS;Rea��o tardia ou ineficiente do condutor;Tombamento;Com V�timas Feridas;Pleno dia;Decrescente;Sol;Simples;Curva;N�o;2;0;1;0;0;2;1;3;-29,009949;-51,069758;SPRF-RS;DEL05-RS;UOP01-DEL05-RS;;;
709729;06/08/2025;quarta-feira;08:32:00;MS;163;502;CAMPO GRANDE;Manobra de mudan�a de faixa;Sa�da de leito carro��vel;Com V�timas Feridas;Pleno dia;Crescente;C�u Claro;Simples;Declive;N�o;3;0;1;0;1;3;1;4;-20,312024;-54,510857;SPRF-MS;DEL01-MS;UOP02-DEL01-MS;;;
709734;06/08/2025;quarta-feira;10:05:00;SC;101;214,2;PALHOCA;Condutor deixou de manter dist�ncia do ve�culo da frente;Colis�o traseira;Com V�timas Feridas;Pleno dia;Decrescente;C�u Claro;M�ltipla;Reta;Sim;2;0;1;0;0;1;1;2;-27,6463;-48,67181;SPRF-SC;DEL01-SC;UOP02-DEL01-SC;;;
709736;06/08/2025;quarta-feira;07:00:00;BA;116;915;ENCRUZILHADA;Ultrapassagem Indevida;Sa�da de leito carro��vel;Sem V�timas;Pleno dia;Crescente;C�u Claro;Simples;Curva;N�o;2;0;0;0;1;1;0;2;-15,553347;-41,26096;SPRF-BA;DEL08-BA;UOP03-DEL08-BA;;;
709742;06/08/2025;quarta-feira;10:00:00;RS;285;348,3;CARAZINHO;Rea��o tardia ou ineficiente do condutor;Sa�da de leito carro��vel;Com V�timas Feridas;Pleno dia;Decrescente;Nublado;Simples;Reta;N�o;4;0;1;1;1;1;2;3;-28,34444176;-52,92469852;SPRF-RS;DEL08-RS;UOP03-DEL08-RS;;;
709743;06/08/2025;quarta-feira;10:40:00;BA;324;606;SIMOES FILHO;Ingest�o de �lcool pelo condutor;Colis�o lateral mesmo sentido;Sem V�timas;Pleno dia;Crescente;C�u Claro;Dupla;Reta;Sim;2;0;0;0;2;0;0;2;-12,81059149;-38,40428761;SPRF-BA;DEL01-BA;UOP01-DEL01-BA;;;
709752;06/08/2025;quarta-feira;11:35:00;MG;381;484;BETIM;Condutor deixou de manter dist�ncia do ve�culo da frente;Colis�o traseira;Sem V�timas;Pleno dia;Crescente;Sol;M�ltipla;"Declive;Reta";Sim;5;0;0;0;4;3;0;7;-19,95712815;-44,09344403;SPRF-MG;DEL01-MG;UOP03-DEL01-MG;;;
709753;06/08/2025;quarta-feira;12:10:00;SP;381;5;VARGEM;Animais na Pista;Colis�o traseira;Sem V�timas;Pleno dia;Decrescente;C�u Claro;Dupla;Reta;Sim;4;0;0;0;3;1;0;4;-22,89433176;-46,41599614;SPRF-SP;DEL03-SP;UOP02-DEL03-SP;;;
709759;06/08/2025;quarta-feira;12:30:00;MG;153;117;PRATA;Aus�ncia de rea��o do condutor;Colis�o traseira;Com V�timas Feridas;Pleno dia;Crescente;C�u Claro;Simples;Reta;N�o;6;0;4;0;1;1;4;3;-19,35608545;-48,89897972;SPRF-MG;DEL15-MG;UOP03-DEL15-MG;;;
709761;06/08/2025;quarta-feira;12:10:00;SC;470;133,4;RIO DO SUL;Acessar a via sem observar a presen�a dos outros ve�culos;Colis�o transversal;Com V�timas Feridas;Pleno dia;Decrescente;Nublado;Simples;"Em Obras;Reta";Sim;3;0;1;0;1;2;1;4;-27,172578;-49,58306;SPRF-SC;DEL04-SC;UOP02-DEL04-SC;;;
709763;06/08/2025;quarta-feira;13:00:00;MG;40;532;BELO HORIZONTE;Condutor deixou de manter dist�ncia do ve�culo da frente;Tombamento;Com V�timas Feridas;Pleno dia;Crescente;C�u Claro;Dupla;Reta;N�o;2;0;1;0;1;0;1;2;-19,92411796;-44,01632516;SPRF-MG;DEL01-MG;UOP02-DEL01-MG;;;
709769;06/08/2025;quarta-feira;12:20:00;BA;101;521;ITABUNA;Rea��o tardia ou ineficiente do condutor;Tombamento;Com V�timas Feridas;Pleno dia;Crescente;C�u Claro;Simples;Reta;N�o;2;0;1;0;0;9;1;10;-14,929973;-39,299378;SPRF-BA;DEL05-BA;UOP01-DEL05-BA;;;
709770;19/05/2025;segunda-feira;05:20:00;MA;316;1;BOA VISTA DO GURUPI;Condutor Dormindo;Sa�da de leito carro��vel;Com V�timas Feridas;Amanhecer;Decrescente;C�u Claro;Simples;Reta;Sim;2;0;1;0;0;1;1;2;-1,79633;-46,309428;SPRF-MA;DEL02-MA;UOP02-DEL02-MA;;;
709773;16/06/2025;segunda-feira;13:38:00;MG;251;481;FRANCISCO SA;Transitar na contram�o;Colis�o frontal;Com V�timas Feridas;Pleno dia;Decrescente;Sol;Simples;"Retorno Regulamentado;Reta;Interse��o de Vias";Sim;3;0;0;1;1;1;1;3;-16,47458808;-43,4999156;SPRF-MG;DEL12-MG;UOP01-DEL12-MG;;;
709775;01/07/2025;ter�a-feira;19:00:00;PE;104;119,5;PANELAS;Demais falhas mec�nicas ou el�tricas;Sa�da de leito carro��vel;Com V�timas Feridas;Plena Noite;Decrescente;Ignorado;Simples;"Reta;Declive";N�o;1;0;0;1;0;0;1;1;-8,69946842;-36,0227906;SPRF-PE;DEL02-PE;UOP01-DEL02-PE;;;
709777;06/08/2025;quarta-feira;11:00:00;PB;412;46,5;SAO JOAO DO CARIRI;Ultrapassagem Indevida;Colis�o transversal;Com V�timas Feridas;Pleno dia;Crescente;C�u Claro;Simples;"Curva;Aclive";N�o;4;0;0;2;1;3;2;5;-7,343993;-36,459018;SPRF-PB;DEL02-PB;UOP02-DEL02-PB;;;
709780;06/08/2025;quarta-feira;12:20:00;RJ;101;327;RIO DE JANEIRO;Demais falhas mec�nicas ou el�tricas;Colis�o traseira;Com V�timas Feridas;Pleno dia;Crescente;C�u Claro;Dupla;"Reta;Aclive";N�o;2;0;0;1;1;0;1;2;-22,869708;-43,170078;SPRF-RJ;DEL02-RJ;UOP01-DEL02-RJ;;;
709781;06/08/2025;quarta-feira;13:50:00;RS;386;294,3;POUSO NOVO;Rea��o tardia ou ineficiente do condutor;Colis�o traseira;Com V�timas Feridas;Pleno dia;Crescente;Nublado;Simples;"Curva;Declive;Em Obras";N�o;11;0;3;0;7;1;3;7;-29,13050008;-52,24915869;SPRF-RS;DEL04-RS;UOP01-DEL04-RS;;;
709782;06/08/2025;quarta-feira;13:30:00;SC;282;30,2;SANTO AMARO DA IMPERATRIZ;Velocidade Incompat�vel;Tombamento;Com V�timas Fatais;Pleno dia;Decrescente;Nublado;Simples;"Curva;Declive";N�o;11;2;1;4;2;3;5;9;-27,6883629;-48,7921799;SPRF-SC;DEL01-SC;UOP03-DEL01-SC;;;
709785;06/08/2025;quarta-feira;12:47:00;MS;267;290,9;RIO BRILHANTE;Rea��o tardia ou ineficiente do condutor;Tombamento;Com V�timas Feridas;Pleno dia;Crescente;C�u Claro;Simples;Reta;N�o;3;0;1;0;1;1;1;3;-21,775253;-54,542712;SPRF-MS;DEL02-MS;UOP02-DEL02-MS;;;
709786;06/08/2025;quarta-feira;13:20:00;RN;110;39,7;MOSSORO;Suic�dio (presumido);Colis�o lateral sentido oposto;Com V�timas Fatais;Pleno dia;Crescente;Sol;Simples;Reta;N�o;3;1;0;0;1;1;0;3;-5,172663;-37,268817;SPRF-RN;DEL04-RN;UOP01-DEL04-RN;;;
709796;26/05/2025;segunda-feira;17:50:00;PE;101;30,2;ITAPISSUMA;Manobra de mudan�a de faixa;Colis�o frontal;Com V�timas Fatais;Plena Noite;Decrescente;C�u Claro;Dupla;"Aclive;Reta";N�o;4;1;0;0;1;2;0;4;-7,740826;-34,943129;SPRF-PE;DEL01-PE;UOP02-DEL01-PE;;;
709799;06/08/2025;quarta-feira;14:45:00;MG;50;28;ARAGUARI;Ultrapassagem Indevida;Colis�o lateral mesmo sentido;Com V�timas Feridas;Pleno dia;Crescente;C�u Claro;Dupla;"Reta;Aclive";N�o;3;0;0;1;1;1;1;3;-18,63014193;-48,11754227;SPRF-MG;DEL15-MG;UOP02-DEL15-MG;;;