id;data_inversa;dia_semana;horario;uf;br;km;municipio;causa_acidente;tipo_acidente;classificacao_acidente;fase_dia;sentido_via;condicao_metereologica;tipo_pista;tracado_via;uso_solo;pessoas;mortos;feridos_leves;feridos_graves;ilesos;ignorados;feridos;veiculos;latitude;longitude;regional;delegacia;uop;;;
709801;31/07/2025;quinta-feira;08:03:00;MT;163;758;SORRISO;Acessar a via sem observar a presen�a dos outros ve�culos;Colis�o transversal;Com V�timas Fatais;Pleno dia;Crescente;C�u Claro;M�ltipla;"Reta;Em Obras;Rotat�ria";Sim;4;1;1;0;1;1;1;3;-12,508266;-55,69324;SPRF-MT;DEL06-MT;UOP01-DEL06-MT;;;
709802;06/08/2025;quarta-feira;17:20:00;MG;381;513;IGARAPE;Transitar na contram�o;Colis�o frontal;Com V�timas Feridas;Anoitecer;Decrescente;C�u Claro;Simples;"Declive;Reta";Sim;3;0;1;1;1;0;2;2;-20,08495386;-44,31060791;SPRF-MG;DEL01-MG;UOP03-DEL01-MG;;;
709803;06/08/2025;quarta-feira;17:00:00;BA;101;925,4;NOVA VICOSA;Afundamento ou ondula��o no pavimento;Colis�o frontal;Com V�timas Fatais;Plena Noite;Crescente;C�u Claro;Simples;Reta;N�o;3;1;0;0;1;1;0;3;-17,92945775;-39,83698279;SPRF-BA;DEL09-BA;UOP02-DEL09-BA;;;
709805;06/08/2025;quarta-feira;16:30:00;GO;251;21;CRISTALINA;Aus�ncia de rea��o do condutor;Capotamento;Com V�timas Feridas;Pleno dia;Decrescente;C�u Claro;Simples;Reta;N�o;2;0;0;1;0;1;1;2;-16,1483154;-47,4815584;SPRF-DF;DEL01-DF;UOP01-DEL01-DF;;;
709808;06/08/2025;quarta-feira;17:40:00;SP;116;443,9;REGISTRO;Manobra de mudan�a de faixa;Colis�o lateral mesmo sentido;Com V�timas Feridas;Anoitecer;Decrescente;Nublado;Dupla;Reta;N�o;3;0;1;0;1;1;1;3;-24,48984777;-47,83546893;SPRF-SP;DEL05-SP;UOP01-DEL05-SP;;;
709813;24/06/2025;ter�a-feira;20:00:00;SC;116;135;SANTA CECILIA;Velocidade Incompat�vel;Tombamento;Com V�timas Feridas;Plena Noite;Decrescente;Nublado;Simples;"Curva;Declive";N�o;2;0;0;1;0;1;1;2;-26,92765637;-50,43522835;SPRF-SC;DEL06-SC;UOP02-DEL06-SC;;;
709819;06/08/2025;quarta-feira;05:33:00;PA;163;499;ITAITUBA;Rea��o tardia ou ineficiente do condutor;Tombamento;Com V�timas Feridas;Amanhecer;Crescente;C�u Claro;Simples;"Declive;Curva";N�o;2;0;0;1;0;1;1;2;-5,51921477;-55,83491635;SPRF-PA;DEL05-PA;UOP03-DEL05-PA;;;
709823;06/08/2025;quarta-feira;15:05:00;RS;472;470;ITAQUI;Transitar na contram�o;Colis�o lateral sentido oposto;Com V�timas Feridas;Pleno dia;Decrescente;C�u Claro;Simples;Reta;N�o;4;0;1;0;2;1;1;4;-29,13743558;-56,32768482;SPRF-RS;DEL12-RS;UOP01-DEL12-RS;;;
709825;06/08/2025;quarta-feira;16:39:00;PE;101;81,1;JABOATAO DOS GUARARAPES;Rea��o tardia ou ineficiente do condutor;Engavetamento;Com V�timas Feridas;Anoitecer;Decrescente;C�u Claro;Dupla;Reta;Sim;6;0;1;0;3;2;1;6;-8,16427417;-34,93862025;SPRF-PE;DEL01-PE;UOP01-DEL01-PE;;;
709826;06/08/2025;quarta-feira;17:30:00;ES;262;75,4;DOMINGOS MARTINS;Rea��o tardia ou ineficiente do condutor;Tombamento;Com V�timas Feridas;Anoitecer;Crescente;C�u Claro;Simples;"Aclive;Curva";N�o;2;0;1;0;0;1;1;2;-20,4148;-40,907122;SPRF-ES;DEL01-ES;UOP02-DEL01-ES;;;
709835;06/08/2025;quarta-feira;17:15:00;ES;101;395;RIO NOVO DO SUL;Transitar na contram�o;Colis�o frontal;Com V�timas Feridas;Pleno dia;Decrescente;C�u Claro;Simples;Interse��o de Vias;Sim;4;0;1;0;1;2;1;4;-20,8660547;-40,93232123;SPRF-ES;DEL03-ES;UOP02-DEL03-ES;;;
709839;06/08/2025;quarta-feira;18:40:00;PE;423;53;LAJEDO;Ultrapassagem Indevida;Colis�o frontal;Com V�timas Fatais;Plena Noite;Decrescente;C�u Claro;Simples;Reta;N�o;6;1;2;0;2;1;2;4;-8,600952;-36,292427;SPRF-PE;DEL03-PE;UOP01-DEL03-PE;;;
709845;06/08/2025;quarta-feira;19:06:00;MS;163;485;CAMPO GRANDE;Aus�ncia de rea��o do condutor;Engavetamento;Com V�timas Feridas;Plena Noite;Crescente;C�u Claro;Simples;Reta;Sim;4;0;1;0;2;1;1;4;-20,43591506;-54,54323379;SPRF-MS;DEL01-MS;UOP02-DEL01-MS;;;
709848;06/08/2025;quarta-feira;19:50:00;SP;153;104,7;JOSE BONIFACIO;Aus�ncia de rea��o do condutor;Colis�o traseira;Com V�timas Feridas;Plena Noite;Crescente;C�u Claro;Simples;Reta;N�o;2;0;1;0;1;0;1;2;-21,046027;-49,653784;SPRF-SP;DEL09-SP;UOP01-DEL09-SP;;;
709849;06/08/2025;quarta-feira;18:40:00;SC;116;190,4;PONTE ALTA;Aus�ncia de sinaliza��o;Colis�o traseira;Com V�timas Feridas;Plena Noite;Decrescente;Chuva;Simples;"Aclive;Reta";N�o;3;0;1;0;1;1;1;3;-27,37709135;-50,4303588;SPRF-SC;DEL05-SC;UOP03-DEL05-SC;;;
709850;06/08/2025;quarta-feira;18:35:00;MG;381;782,5;SAO GONCALO DO SAPUCAI;Transitar no Acostamento;Atropelamento de Pedestre;Com V�timas Feridas;Anoitecer;Crescente;Nublado;Dupla;"Reta;Declive";N�o;2;0;1;0;1;0;1;2;-21,8669154;-45,5355835;SPRF-MG;DEL16-MG;UOP02-DEL16-MG;;;
709856;06/08/2025;quarta-feira;16:20:00;PB;230;273;JUNCO DO SERIDO;Rea��o tardia ou ineficiente do condutor;Sa�da de leito carro��vel;Com V�timas Feridas;Pleno dia;Crescente;C�u Claro;Simples;"Curva;Declive";N�o;1;0;0;1;0;0;1;1;-6,960696;-36,804468;SPRF-PB;DEL03-PB;UOP01-DEL03-PB;;;
709864;06/08/2025;quarta-feira;17:30:00;PI;135;143;BERTOLINIA;Transitar na contram�o;Colis�o lateral sentido oposto;Com V�timas Feridas;Anoitecer;Crescente;C�u Claro;Simples;"Reta;Aclive";N�o;6;0;3;1;2;0;4;2;-7,770878;-43,85302;SPRF-PI;DEL03-PI;UOP01-DEL03-PI;;;
709868;06/08/2025;quarta-feira;19:55:00;RO;364;710;PORTO VELHO;Acessar a via sem observar a presen�a dos outros ve�culos;Colis�o lateral mesmo sentido;Sem V�timas;Plena Noite;Decrescente;C�u Claro;Dupla;Reta;Sim;2;0;0;0;2;0;0;2;-8,7850462;-63,86005998;SPRF-RO;DEL01-RO;UOP01-DEL01-RO;;;
709871;06/08/2025;quarta-feira;17:05:00;BA;135;156;RIACHAO DAS NEVES;Demais Fen�menos da natureza;Inc�ndio;Sem V�timas;Pleno dia;Decrescente;Sol;Simples;Reta;N�o;1;0;0;0;1;0;0;1;-11,98412;-44,932405;SPRF-BA;DEL10-BA;UOP01-DEL10-BA;;;
709872;06/08/2025;quarta-feira;21:30:00;CE;222;214;SOBRAL;Velocidade Incompat�vel;Tombamento;Com V�timas Fatais;Plena Noite;Decrescente;C�u Claro;Simples;Curva;N�o;4;2;0;2;0;0;2;1;-3,66502727;-40,18450677;SPRF-CE;DEL04-CE;UOP01-DEL04-CE;;;
709877;06/08/2025;quarta-feira;21:00:00;RS;116;252;SAPUCAIA DO SUL;Rea��o tardia ou ineficiente do condutor;Colis�o lateral mesmo sentido;Com V�timas Feridas;Plena Noite;Crescente;C�u Claro;Dupla;Reta;Sim;2;0;0;1;1;0;1;2;-29,8059011;-51,1668763;SPRF-RS;DEL01-RS;UOP02-DEL01-RS;;;
709886;06/08/2025;quarta-feira;21:30:00;PR;153;400;PAULO FRONTIN;Aus�ncia de rea��o do condutor;Colis�o lateral sentido oposto;Com V�timas Feridas;Plena Noite;Decrescente;C�u Claro;Simples;Reta;N�o;2;0;1;0;1;0;1;2;-26,08303918;-50,78463337;SPRF-PR;DEL08-PR;UOP02-DEL08-PR;;;
709888;01/07/2025;ter�a-feira;19:30:00;PA;10;100,1;DOM ELISEU;Rea��o tardia ou ineficiente do condutor;Sa�da de leito carro��vel;Com V�timas Feridas;Plena Noite;Crescente;C�u Claro;Simples;"Aclive;Reta";N�o;3;0;0;1;1;1;1;2;-4,284143;-47,5585784;SPRF-PA;DEL02-PA;UOP02-DEL02-PA;;;
709889;06/08/2025;quarta-feira;23:15:00;PR;116;28;CAMPINA GRANDE DO SUL;Velocidade Incompat�vel;Tombamento;Com V�timas Feridas;Plena Noite;Decrescente;Nublado;Dupla;"Declive;Curva";N�o;2;0;0;1;0;1;1;2;-25,112015;-48,802805;SPRF-PR;DEL01-PR;UOP02-DEL01-PR;;;
709894;07/08/2025;quinta-feira;02:50:00;CE;222;262;COREAU;Ilumina��o deficiente;Atropelamento de Pedestre;Com V�timas Fatais;Plena Noite;Crescente;C�u Claro;Simples;Reta;N�o;2;1;0;0;0;1;0;2;-3,75000917;-40,69250107;SPRF-CE;DEL04-CE;UOP02-DEL04-CE;;;
709896;07/08/2025;quinta-feira;04:15:00;DF;20;50,1;BRASILIA;Condutor Dormindo;Sa�da de leito carro��vel;Com V�timas Feridas;Plena Noite;Decrescente;C�u Claro;Dupla;"Reta;Aclive";N�o;1;0;1;0;0;0;1;1;-15,58077688;-47,41513443;SPRF-DF;DEL02-DF;UOP01-DEL02-DF;;;
709898;07/08/2025;quinta-feira;04:30:00;MG;116;258,3;TEOFILO OTONI;Transitar na contram�o;Colis�o lateral sentido oposto;Com V�timas Feridas;Plena Noite;Decrescente;Nublado;Simples;"Curva;Declive";N�o;2;0;0;1;0;1;1;2;-17,709384;-41,490072;SPRF-MG;DEL11-MG;UOP01-DEL11-MG;;;
709899;07/08/2025;quinta-feira;05:30:00;MG;153;96;PRATA;Condutor Dormindo;Colis�o transversal;Com V�timas Fatais;Pleno dia;Crescente;C�u Claro;Simples;Declive;N�o;3;1;0;0;1;2;0;4;-19,378121;-48,898259;SPRF-MG;DEL15-MG;UOP03-DEL15-MG;;;
709900;07/08/2025;quinta-feira;04:40:00;PR;116;106;SAO JOSE DOS PINHAIS;Neblina;Colis�o traseira;Sem V�timas;Plena Noite;Crescente;Nevoeiro/Neblina;M�ltipla;Reta;N�o;3;0;0;0;1;3;0;4;-25,569242;-49,224463;SPRF-PR;DEL01-PR;UOP03-DEL01-PR;;;
709902;21/07/2025;segunda-feira;07:50:00;BA;324;525;FEIRA DE SANTANA;Aus�ncia de rea��o do condutor;Engavetamento;Com V�timas Feridas;Pleno dia;Crescente;C�u Claro;Dupla;Reta;N�o;4;0;1;0;3;0;1;4;-12,314365;-38,8800717;SPRF-BA;DEL01-BA;UOP03-DEL01-BA;;;
709905;07/08/2025;quinta-feira;06:00:00;SC;101;151;ITAPEMA;Rea��o tardia ou ineficiente do condutor;Colis�o lateral mesmo sentido;Com V�timas Feridas;Amanhecer;Decrescente;C�u Claro;Dupla;Reta;Sim;3;0;2;0;1;0;2;3;-27,13231659;-48,60975679;SPRF-SC;DEL04-SC;UOP03-DEL04-SC;;;
709918;07/08/2025;quinta-feira;08:20:00;DF;40;2;BRASILIA;Trafegar com motocicleta (ou similar) entre as faixas;Queda de ocupante de ve�culo;Com V�timas Feridas;Pleno dia;Decrescente;C�u Claro;Dupla;Reta;Sim;2;0;1;0;1;0;1;2;-15,99213159;-47,98592001;SPRF-DF;DEL01-DF;UOP01-DEL01-DF;;;
709932;07/08/2025;quinta-feira;07:45:00;MG;50;69;UBERLANDIA;Manobra de mudan�a de faixa;Colis�o lateral mesmo sentido;Com V�timas Feridas;Pleno dia;Decrescente;Sol;Dupla;Reta;N�o;4;0;1;0;2;3;1;6;-18,88494981;-48,26506376;SPRF-MG;DEL15-MG;UOP01-DEL15-MG;;;
709940;07/08/2025;quinta-feira;09:35:00;PR;277;143;BALSA NOVA;Aus�ncia de rea��o do condutor;Engavetamento;Com V�timas Feridas;Pleno dia;Crescente;C�u Claro;Dupla;Declive;N�o;5;0;1;0;3;1;1;5;-25,4709411;-49,69425201;SPRF-PR;DEL03-PR;UOP03-DEL03-PR;;;
709942;07/08/2025;quinta-feira;08:00:00;PR;376;184;SARANDI;Rea��o tardia ou ineficiente do condutor;Engavetamento;Com V�timas Feridas;Pleno dia;Decrescente;C�u Claro;Dupla;Reta;Sim;6;0;2;0;2;2;2;5;-23,44416;-51,86631;SPRF-PR;DEL09-PR;UOP01-DEL09-PR;;;
709943;07/08/2025;quinta-feira;08:35:00;PE;407;125;PETROLINA;Manobra de mudan�a de faixa;Queda de ocupante de ve�culo;Com V�timas Fatais;Pleno dia;Decrescente;C�u Claro;Dupla;Reta;Sim;2;1;0;0;1;0;0;2;-9,37808;-40,535142;SPRF-PE;DEL06-PE;UOP01-DEL06-PE;;;
709948;07/08/2025;quinta-feira;09:35:00;ES;259;99;BAIXO GUANDU;Aus�ncia de rea��o do condutor;Colis�o lateral sentido oposto;Com V�timas Feridas;Pleno dia;Decrescente;Nublado;Simples;Reta;N�o;3;0;1;0;1;1;1;3;-19,51449231;-40,98175049;SPRF-ES;DEL02-ES;UOP01-DEL02-ES;;;
709951;07/08/2025;quinta-feira;09:45:00;RS;392;10,2;RIO GRANDE;Aus�ncia de rea��o do condutor;Colis�o traseira;Com V�timas Feridas;Pleno dia;Decrescente;Nublado;Dupla;Reta;N�o;3;0;0;1;1;2;1;4;-32,11516183;-52,1192464;SPRF-RS;DEL07-RS;UOP02-DEL07-RS;;;
709952;25/07/2025;sexta-feira;13:00:00;SC;101;186;BIGUACU;Condutor deixou de manter dist�ncia do ve�culo da frente;Colis�o lateral mesmo sentido;Com V�timas Feridas;Pleno dia;Crescente;Garoa/Chuvisco;Dupla;Curva;N�o;8;0;3;0;4;1;3;4;-27,43620601;-48,62662118;SPRF-SC;DEL01-SC;UOP01-DEL01-SC;;;
709969;07/08/2025;quinta-feira;08:15:00;PB;230;194,1;POCINHOS;Rea��o tardia ou ineficiente do condutor;Sa�da de leito carro��vel;Com V�timas Feridas;Pleno dia;Decrescente;C�u Claro;Simples;Reta;N�o;3;0;2;0;1;0;2;1;-7,124301;-36,182726;SPRF-PB;DEL02-PB;UOP02-DEL02-PB;;;
709971;07/08/2025;quinta-feira;10:20:00;PR;376;187,5;MARIALVA;Condutor deixou de manter dist�ncia do ve�culo da frente;Colis�o traseira;Com V�timas Feridas;Pleno dia;Decrescente;C�u Claro;Dupla;Reta;Sim;4;0;1;0;2;1;1;4;-23,4599144;-51,83923451;SPRF-PR;DEL09-PR;UOP01-DEL09-PR;;;
709976;04/08/2025;segunda-feira;18:40:00;BA;116;901,5;CANDIDO SALES;Ultrapassagem Indevida;Colis�o frontal;Sem V�timas;Plena Noite;Decrescente;C�u Claro;Simples;Reta;N�o;4;0;0;0;3;1;0;3;-15,48815;-41,24053;SPRF-BA;DEL08-BA;UOP03-DEL08-BA;;;
709977;07/08/2025;quinta-feira;12:10:00;PR;277;7;PARANAGUA;Acessar a via sem observar a presen�a dos outros ve�culos;Colis�o lateral mesmo sentido;Com V�timas Feridas;Pleno dia;Crescente;C�u Claro;Simples;Interse��o de Vias;Sim;3;0;1;0;1;2;1;4;-25,50659924;-48,51624954;SPRF-PR;DEL01-PR;UOP05-DEL01-PR;;;
709979;07/08/2025;quinta-feira;06:00:00;BA;116;207,8;EUCLIDES DA CUNHA;Aus�ncia de rea��o do condutor;Sa�da de leito carro��vel;Com V�timas Feridas;Amanhecer;Crescente;C�u Claro;Simples;Reta;N�o;2;0;1;0;0;1;1;2;-10,4246866;-39,036719;SPRF-BA;DEL07-BA;UOP03-DEL07-BA;;;
709980;07/08/2025;quinta-feira;11:20:00;GO;153;552;PIRACANJUBA;Aus�ncia de rea��o do condutor;Colis�o traseira;Com V�timas Feridas;Pleno dia;Crescente;C�u Claro;Dupla;"Declive;Reta";N�o;6;0;2;2;2;0;4;5;-17,147602;-49,215428;SPRF-GO;DEL01-GO;UOP03-DEL01-GO;;;
709986;07/08/2025;quinta-feira;07:20:00;MG;116;351;JAMPRUCA;Rea��o tardia ou ineficiente do condutor;Colis�o traseira;Com V�timas Feridas;Pleno dia;Crescente;C�u Claro;Simples;"Reta;Aclive";N�o;3;0;0;1;1;2;1;4;-18,397709;-41,818242;SPRF-MG;DEL11-MG;UOP01-DEL11-MG;;;
709988;07/08/2025;quinta-feira;13:33:00;PR;153;34,9;SANTO ANTONIO DA PLATINA;Demais falhas mec�nicas ou el�tricas;Colis�o traseira;Com V�timas Feridas;Pleno dia;Decrescente;C�u Claro;Simples;Reta;N�o;5;0;2;0;2;3;2;5;-23,249;-50,04438;SPRF-PR;DEL07-PR;UOP04-DEL07-PR;;;
709994;07/08/2025;quinta-feira;12:20:00;PR;369;195;ARAPONGAS;Desrespeitar a prefer�ncia no cruzamento;Colis�o transversal;Com V�timas Feridas;Pleno dia;Crescente;C�u Claro;Dupla;Retorno Regulamentado;N�o;2;0;1;0;1;0;1;2;-23,49088311;-51,42346961;SPRF-PR;DEL07-PR;UOP03-DEL07-PR;;;
709996;07/08/2025;quinta-feira;06:50:00;MG;116;313,1;ITAMBACURI;Condutor Dormindo;Colis�o lateral sentido oposto;Com V�timas Feridas;Amanhecer;Decrescente;Nublado;Simples;"Curva;Ponte";N�o;3;0;1;0;2;0;1;2;-18,094928;-41,689365;SPRF-MG;DEL11-MG;UOP01-DEL11-MG;;;
710001;07/08/2025;quinta-feira;14:00:00;PR;116;7;QUATRO BARRAS;Entrada inopinada do pedestre;Atropelamento de Pedestre;Com V�timas Fatais;Pleno dia;Decrescente;Sol;M�ltipla;Reta;Sim;3;1;0;0;1;1;0;3;-25,36831;-49,105695;SPRF-PR;DEL01-PR;UOP02-DEL01-PR;;;
710006;28/07/2025;segunda-feira;10:20:00;PA;0;0;TAILANDIA;Aus�ncia de rea��o do condutor;Colis�o traseira;Sem V�timas;Pleno dia;N�o Informado;C�u Claro;Simples;Reta;N�o;7;0;0;0;6;2;0;6;-2,845897;-48,964221;SPRF-PA;N/A;N/A;;;
710007;07/08/2025;quinta-feira;15:50:00;PR;373;187,3;PONTA GROSSA;Velocidade Incompat�vel;Colis�o frontal;Com V�timas Fatais;Pleno dia;Crescente;C�u Claro;Simples;Reta;N�o;4;2;0;0;1;1;0;3;-25,052933;-50,312935;SPRF-PR;DEL03-PR;UOP01-DEL03-PR;;;
710009;07/08/2025;quinta-feira;13:40:00;MT;163;750;SORRISO;Acessar a via sem observar a presen�a dos outros ve�culos;Colis�o lateral mesmo sentido;Com V�timas Feridas;Pleno dia;Decrescente;C�u Claro;Dupla;Retorno Regulamentado;Sim;3;0;1;0;2;0;1;2;-12,5707;-55,72615;SPRF-MT;DEL06-MT;UOP01-DEL06-MT;;;
710013;06/08/2025;quarta-feira;23:55:00;MT;163;1110;GUARANTA DO NORTE;Rea��o tardia ou ineficiente do condutor;Tombamento;Com V�timas Feridas;Plena Noite;Crescente;C�u Claro;Simples;"Declive;Curva";N�o;2;0;0;1;0;2;1;3;-9,601358;-54,8902843;SPRF-MT;DEL06-MT;UOP03-DEL06-MT;;;
710018;07/08/2025;quinta-feira;15:40:00;PE;101;48,1;ABREU E LIMA;Acessar a via sem observar a presen�a dos outros ve�culos;Colis�o lateral mesmo sentido;Com V�timas Feridas;Pleno dia;Decrescente;C�u Claro;Dupla;Reta;Sim;5;0;3;0;1;1;3;2;-7,893213;-34,903275;SPRF-PE;DEL01-PE;UOP02-DEL01-PE;;;
710019;07/08/2025;quinta-feira;16:00:00;MT;70;98;GENERAL CARNEIRO;Velocidade Incompat�vel;Sa�da de leito carro��vel;Com V�timas Fatais;Pleno dia;Crescente;C�u Claro;Simples;Curva;N�o;2;1;0;0;0;1;0;2;-15,569882;-52,911983;SPRF-MT;DEL07-MT;UOP01-DEL07-MT;;;
710020;07/08/2025;quinta-feira;13:30:00;MA;222;210;ITAPECURU MIRIM;Ultrapassagem Indevida;Colis�o frontal;Com V�timas Fatais;Pleno dia;Decrescente;Sol;Simples;Reta;Sim;3;1;0;0;0;2;0;3;-3,378613;-44,377463;SPRF-MA;DEL01-MA;UOP02-DEL01-MA;;;
710024;07/08/2025;quinta-feira;16:50:00;ES;101;109,6;SOORETAMA;Transitar na contram�o;Colis�o lateral sentido oposto;Com V�timas Feridas;Anoitecer;Decrescente;C�u Claro;Simples;"Reta;Declive";N�o;3;0;0;1;1;1;1;3;-19,05914005;-40,03339744;SPRF-ES;DEL04-ES;UOP01-DEL04-ES;;;
710033;07/08/2025;quinta-feira;17:00:00;BA;101;707,5;EUNAPOLIS;Acessar a via sem observar a presen�a dos outros ve�culos;Colis�o lateral mesmo sentido;Com V�timas Feridas;Plena Noite;Crescente;C�u Claro;Simples;"Reta;Interse��o de Vias";N�o;3;0;0;1;1;2;1;4;-16,300293;-39,592597;SPRF-BA;DEL09-BA;UOP01-DEL09-BA;;;
710038;07/08/2025;quinta-feira;17:30:00;PR;277;67;SAO JOSE DOS PINHAIS;Aus�ncia de rea��o do condutor;Queda de ocupante de ve�culo;Com V�timas Feridas;Pleno dia;Decrescente;C�u Claro;Dupla;Reta;N�o;2;0;1;0;1;0;1;2;-25,52740223;-49,09510553;SPRF-PR;DEL01-PR;UOP01-DEL01-PR;;;
710039;07/08/2025;quinta-feira;17:30:00;MG;365;626;UBERLANDIA;Demais falhas mec�nicas ou el�tricas;Colis�o lateral sentido oposto;Sem V�timas;Anoitecer;Crescente;Sol;Dupla;"Reta;Viaduto";Sim;5;0;0;0;4;1;0;5;-18,90682349;-48,31771083;SPRF-MG;DEL15-MG;UOP01-DEL15-MG;;;
710049;07/08/2025;quinta-feira;18:40:00;MG;381;711;CARMO DA CACHOEIRA;Rea��o tardia ou ineficiente do condutor;Colis�o traseira;Com V�timas Feridas;Plena Noite;Decrescente;C�u Claro;Dupla;"Reta;Declive";N�o;3;0;1;0;1;2;1;4;-21,35847518;-45,1887846;SPRF-MG;DEL04-MG;UOP02-DEL04-MG;;;
710051;07/08/2025;quinta-feira;17:30:00;RJ;101;384;RIO DE JANEIRO;Manobra de mudan�a de faixa;Colis�o traseira;Sem V�timas;Anoitecer;Crescente;Nublado;Dupla;Reta;Sim;3;0;0;0;2;2;0;4;-22,87982178;-43,62715658;SPRF-RJ;DEL03-RJ;UOP01-DEL03-RJ;;;
710052;07/08/2025;quinta-feira;16:15:00;SC;280;153;MAFRA;Transitar na contram�o;Colis�o frontal;Com V�timas Feridas;Pleno dia;Decrescente;C�u Claro;Simples;Reta;N�o;6;0;0;2;2;2;2;5;-26,21898;-49,71378;SPRF-SC;DEL06-SC;UOP03-DEL06-SC;;;
710061;07/08/2025;quinta-feira;18:00:00;RJ;493;19;MAGE;�rea urbana sem a presen�a de local apropriado para a travessia de pedestres;Atropelamento de Pedestre;Com V�timas Fatais;Anoitecer;Crescente;C�u Claro;Simples;"Reta;Desvio Tempor�rio";Sim;3;1;0;0;1;1;0;3;-22,66352177;-43,03473473;SPRF-RJ;DEL04-RJ;UOP02-DEL04-RJ;;;
710062;07/08/2025;quinta-feira;16:20:00;GO;452;95;BOM JESUS DE GOIAS;Aus�ncia de rea��o do condutor;Colis�o traseira;Sem V�timas;Pleno dia;Crescente;C�u Claro;Simples;Reta;N�o;3;0;0;0;3;0;0;3;-18,17670756;-49,90021615;SPRF-GO;DEL03-GO;UOP02-DEL03-GO;;;
710077;07/08/2025;quinta-feira;18:40:00;RJ;116;178;BELFORD ROXO;Rea��o tardia ou ineficiente do condutor;Colis�o traseira;Com V�timas Feridas;Anoitecer;Crescente;Nublado;Dupla;Reta;Sim;2;0;1;0;1;0;1;2;-22,7734407;-43,3975147;SPRF-RJ;DEL06-RJ;UOP01-DEL06-RJ;;;
710078;05/08/2025;ter�a-feira;15:00:00;BA;324;603;SIMOES FILHO;Demais falhas mec�nicas ou el�tricas;Derramamento de carga;Sem V�timas;Pleno dia;Crescente;Garoa/Chuvisco;Dupla;Reta;N�o;2;0;0;0;1;2;0;3;-12,76953458;-38,42112877;SPRF-BA;DEL01-BA;UOP01-DEL01-BA;;;
710083;07/08/2025;quinta-feira;19:00:00;GO;20;181,1;SIMOLANDIA;Demais Fen�menos da natureza;Inc�ndio;Sem V�timas;Plena Noite;Decrescente;C�u Claro;Dupla;Reta;Sim;2;0;0;0;1;1;0;2;-14,46088372;-46,47772461;SPRF-DF;DEL02-DF;UOP03-DEL02-DF;;;
710086;07/08/2025;quinta-feira;20:30:00;PA;230;478;PACAJA;Transitar na contram�o;Colis�o frontal;Com V�timas Feridas;Plena Noite;Crescente;Nublado;Simples;Reta;N�o;3;0;0;1;2;0;1;2;-3,53063;-51,13769;SPRF-PA;DEL04-PA;UOP01-DEL04-PA;;;
710091;07/08/2025;quinta-feira;19:00:00;MS;163;147,3;NAVIRAI;Rea��o tardia ou ineficiente do condutor;Sa�da de leito carro��vel;Com V�timas Feridas;Plena Noite;Decrescente;C�u Claro;Simples;Reta;N�o;2;0;1;0;0;1;1;2;-22,980456;-54,410098;SPRF-MS;DEL09-MS;UOP01-DEL09-MS;;;
710094;07/08/2025;quinta-feira;20:20:00;PB;230;407;POMBAL;Aus�ncia de rea��o do condutor;Colis�o lateral mesmo sentido;Com V�timas Feridas;Plena Noite;Crescente;C�u Claro;Simples;Reta;Sim;4;0;0;2;1;1;2;3;-6,771589;-37,797752;SPRF-PB;DEL03-PB;UOP02-DEL03-PB;;;
710095;07/08/2025;quinta-feira;21:45:00;ES;262;64;MARECHAL FLORIANO;Curva acentuada;Tombamento;Com V�timas Feridas;Plena Noite;Crescente;C�u Claro;Simples;"Declive;Curva";N�o;5;0;4;0;0;1;4;2;-20,41732735;-40,81572024;SPRF-ES;DEL01-ES;UOP02-DEL01-ES;;;
710097;07/08/2025;quinta-feira;22:00:00;RJ;101;65;CAMPOS DOS GOYTACAZES;Velocidade Incompat�vel;Colis�o traseira;Sem V�timas;Plena Noite;Crescente;C�u Claro;Dupla;Curva;Sim;3;0;0;0;3;0;0;2;-21,755398;-41,347334;SPRF-RJ;DEL08-RJ;UOP02-DEL08-RJ;;;
710102;07/08/2025;quinta-feira;19:18:00;MS;163;819;PEDRO GOMES;Velocidade Incompat�vel;Colis�o traseira;Sem V�timas;Plena Noite;Crescente;C�u Claro;Simples;Reta;N�o;2;0;0;0;0;2;0;2;-17,76094593;-54,75196267;SPRF-MS;DEL06-MS;UOP01-DEL06-MS;;;
710110;07/08/2025;quinta-feira;21:40:00;MA;316;151,1;NOVA OLINDA DO MARANHAO;Pista esburacada;Colis�o lateral sentido oposto;Sem V�timas;Plena Noite;Decrescente;C�u Claro;Simples;Reta;N�o;2;0;0;0;2;0;0;2;-2,861298;-45,689877;SPRF-MA;DEL02-MA;UOP02-DEL02-MA;;;
710113;07/08/2025;quinta-feira;19:35:00;BA;242;628,2;MUQUEM DE SAO FRANCISCO;Ultrapassagem Indevida;Colis�o lateral sentido oposto;Com V�timas Fatais;Plena Noite;Decrescente;Nublado;Simples;Reta;N�o;3;1;0;0;1;6;0;8;-12,14741709;-43,37882996;SPRF-BA;DEL10-BA;UOP01-DEL10-BA;;;
710118;07/08/2025;quinta-feira;21:50:00;PR;116;126,2;FAZENDA RIO GRANDE;Condutor desrespeitou a ilumina��o vermelha do sem�foro;Colis�o transversal;Com V�timas Fatais;Plena Noite;Decrescente;Nublado;Dupla;"Interse��o de Vias;Reta";Sim;8;2;4;1;1;0;5;2;-25,640811;-49,312881;SPRF-PR;DEL01-PR;UOP03-DEL01-PR;;;