id;data_inversa;dia_semana;horario;uf;br;km;municipio;causa_acidente;tipo_acidente;classificacao_acidente;fase_dia;sentido_via;condicao_metereologica;tipo_pista;tracado_via;uso_solo;pessoas;mortos;feridos_leves;feridos_graves;ilesos;ignorados;feridos;veiculos;latitude;longitude;regional;delegacia;uop;;;
710123;08/08/2025;sexta-feira;00:55:00;MG;40;666,9;CARANDAI;Acessar a via sem observar a presen�a dos outros ve�culos;Colis�o transversal;Com V�timas Feridas;Plena Noite;Decrescente;C�u Claro;Dupla;"Curva;Rotat�ria";Sim;4;0;0;2;1;1;2;3;-20,948324;-43,797088;SPRF-MG;DEL05-MG;UOP02-DEL05-MG;;;
710125;08/08/2025;sexta-feira;01:20:00;PR;376;538;PALMEIRA;Condutor Dormindo;Sa�da de leito carro��vel;Com V�timas Feridas;Plena Noite;Crescente;Chuva;Dupla;"Reta;Aclive";N�o;1;0;1;0;0;0;1;1;-25,34532971;-49,84497992;SPRF-PR;DEL03-PR;UOP03-DEL03-PR;;;
710126;08/08/2025;sexta-feira;02:00:00;PR;116;54;CAMPINA GRANDE DO SUL;Rea��o tardia ou ineficiente do condutor;Colis�o traseira;Com V�timas Feridas;Plena Noite;Crescente;Nublado;Dupla;"Aclive;Reta";N�o;5;0;2;0;3;0;2;2;-25,27261605;-48,92111985;SPRF-PR;DEL01-PR;UOP02-DEL01-PR;;;
710128;07/08/2025;quinta-feira;22:00:00;PA;163;113;ALTAMIRA;Demais falhas mec�nicas ou el�tricas;Inc�ndio;Sem V�timas;Plena Noite;Crescente;C�u Claro;Simples;"Reta;Aclive";N�o;2;0;0;0;1;2;0;3;-8,672407;-55,019668;SPRF-MT;DEL06-MT;UOP03-DEL06-MT;;;
710137;08/08/2025;sexta-feira;05:30:00;MG;262;359,7;BETIM;Aus�ncia de rea��o do condutor;Tombamento;Com V�timas Fatais;Amanhecer;Crescente;Nevoeiro/Neblina;Dupla;Reta;Sim;3;1;0;0;2;0;0;3;-19,97625281;-44,25945282;SPRF-MG;DEL01-MG;UOP03-DEL01-MG;;;
710144;08/08/2025;sexta-feira;05:50:00;PA;316;57;CASTANHAL;Aus�ncia de rea��o do condutor;Colis�o traseira;Sem V�timas;Amanhecer;Decrescente;C�u Claro;Dupla;Reta;Sim;2;0;0;0;2;0;0;2;-1,300069;-47,976348;SPRF-PA;DEL01-PA;UOP01-DEL01-PA;;;
710145;08/08/2025;sexta-feira;06:50:00;MG;381;350;JOAO MONLEVADE;Convers�o proibida;Colis�o lateral mesmo sentido;Com V�timas Feridas;Pleno dia;Crescente;C�u Claro;Simples;Reta;Sim;4;0;1;1;1;1;2;3;-19,842;-43,176;SPRF-MG;DEL03-MG;UOP01-DEL03-MG;;;
710146;08/08/2025;sexta-feira;05:30:00;BA;101;213;MURITIBA;Condutor Dormindo;Colis�o lateral sentido oposto;Com V�timas Feridas;Amanhecer;Decrescente;Nevoeiro/Neblina;Simples;Aclive;N�o;3;0;1;0;2;0;1;3;-12,61591881;-39,08627462;SPRF-BA;DEL01-BA;UOP02-DEL01-BA;;;
710151;07/08/2025;quinta-feira;16:00:00;RJ;356;49;ITAPERUNA;Velocidade Incompat�vel;Tombamento;Com V�timas Feridas;Pleno dia;Crescente;C�u Claro;Simples;"Aclive;Curva";N�o;2;0;1;0;0;1;1;2;-21,25269648;-41,78347198;SPRF-RJ;DEL08-RJ;UOP03-DEL08-RJ;;;
710159;08/08/2025;sexta-feira;07:20:00;PR;376;179,6;MARINGA;Rea��o tardia ou ineficiente do condutor;Queda de ocupante de ve�culo;Com V�timas Fatais;Pleno dia;Decrescente;Nublado;M�ltipla;Reta;Sim;3;1;0;0;1;1;0;3;-23,42174708;-51,90593719;SPRF-PR;DEL09-PR;UOP01-DEL09-PR;;;
710162;08/08/2025;sexta-feira;08:25:00;RS;158;309,3;ITAARA;Condutor Dormindo;Colis�o lateral sentido oposto;Com V�timas Feridas;Pleno dia;Decrescente;Nublado;Simples;"Curva;Declive";Sim;4;0;1;0;2;4;1;6;-29,607619;-53,765303;SPRF-RS;DEL09-RS;UOP01-DEL09-RS;;;
710164;08/08/2025;sexta-feira;07:30:00;MG;262;631,1;IBIA;Convers�o proibida;Colis�o traseira;Com V�timas Feridas;Pleno dia;Crescente;C�u Claro;Simples;"Interse��o de Vias;Em Obras;Reta;Ponte";N�o;4;0;1;0;2;1;1;3;-19,57046563;-46,56864166;SPRF-MG;DEL08-MG;UOP01-DEL08-MG;;;
710166;08/08/2025;sexta-feira;07:45:00;PE;232;407;SERRA TALHADA;Acessar a via sem observar a presen�a dos outros ve�culos;Colis�o transversal;Com V�timas Feridas;Pleno dia;Decrescente;C�u Claro;Simples;"Retorno Regulamentado;Reta";Sim;3;0;1;0;2;0;1;3;-7,984839;-38,274892;SPRF-PE;DEL04-PE;UOP01-DEL04-PE;;;
710174;20/05/2025;ter�a-feira;13:30:00;PR;373;221,8;IMBITUVA;Manobra de mudan�a de faixa;Colis�o frontal;Com V�timas Fatais;Pleno dia;Decrescente;C�u Claro;Simples;"Reta;Declive";N�o;5;3;0;1;0;2;1;4;-25,180768;-50,587712;SPRF-PR;DEL03-PR;UOP01-DEL03-PR;;;
710178;08/08/2025;sexta-feira;08:50:00;PR;277;37,9;MORRETES;Rea��o tardia ou ineficiente do condutor;Colis�o com objeto;Com V�timas Feridas;Pleno dia;Crescente;Chuva;Dupla;"Aclive;Curva";N�o;6;0;1;0;3;2;1;4;-25,574562;-48,85372;SPRF-PR;DEL01-PR;UOP05-DEL01-PR;;;
710185;08/08/2025;sexta-feira;02:40:00;BA;242;190;ITABERABA;Transitar na contram�o;Colis�o frontal;Com V�timas Fatais;Plena Noite;Decrescente;C�u Claro;Simples;Curva;N�o;3;1;0;0;1;2;0;4;-12,51803354;-39,94113922;SPRF-BA;DEL06-BA;UOP02-DEL06-BA;;;
710190;01/08/2025;sexta-feira;07:40:00;MS;163;255;DOURADOS;Aus�ncia de rea��o do condutor;Colis�o lateral sentido oposto;Com V�timas Feridas;Pleno dia;Crescente;C�u Claro;Simples;Reta;N�o;2;0;0;1;1;0;1;2;-22,2590808;-54,80234575;SPRF-MS;DEL04-MS;UOP01-DEL04-MS;;;
710195;01/08/2025;sexta-feira;01:40:00;PR;277;693;SAO MIGUEL DO IGUACU;Acessar a via sem observar a presen�a dos outros ve�culos;Colis�o transversal;Com V�timas Feridas;Plena Noite;Crescente;C�u Claro;Dupla;Declive;N�o;2;0;1;0;1;0;1;2;-25,37277874;-54,27108262;SPRF-PR;DEL05-PR;UOP01-DEL05-PR;;;
710197;01/06/2025;domingo;21:00:00;MT;364;114,9;PEDRA PRETA;Acostamento em desn�vel;Colis�o lateral sentido oposto;Com V�timas Fatais;Plena Noite;Crescente;C�u Claro;Simples;Reta;N�o;3;1;0;0;1;3;0;5;-16,82931;-54,007138;SPRF-MT;DEL02-MT;UOP02-DEL02-MT;;;
710198;08/08/2025;sexta-feira;09:30:00;PR;376;435;TIBAGI;Aus�ncia de rea��o do condutor;Colis�o traseira;Com V�timas Feridas;Pleno dia;Crescente;Nublado;Simples;"Desvio Tempor�rio;Declive;Reta";N�o;4;0;0;1;2;2;1;4;-24,77827955;-50,51548004;SPRF-PR;DEL03-PR;UOP02-DEL03-PR;;;
710201;08/08/2025;sexta-feira;10:26:00;SP;153;49,9;SAO JOSE DO RIO PRETO;Aus�ncia de rea��o do condutor;Colis�o traseira;Com V�timas Feridas;Pleno dia;Crescente;C�u Claro;Simples;"Reta;Em Obras";N�o;7;0;2;0;4;1;2;5;-20,69454383;-49,33981272;SPRF-SP;DEL09-SP;UOP01-DEL09-SP;;;
710210;08/08/2025;sexta-feira;11:50:00;RS;448;14;CANOAS;Demais falhas mec�nicas ou el�tricas;Inc�ndio;Sem V�timas;Pleno dia;Decrescente;Garoa/Chuvisco;M�ltipla;Reta;N�o;1;0;0;0;1;0;0;1;-29,93149656;-51,21262271;SPRF-RS;DEL01-RS;UOP01-DEL01-RS;;;
710216;08/08/2025;sexta-feira;10:30:00;RO;319;144;PORTO VELHO;Aus�ncia de rea��o do condutor;Colis�o traseira;Sem V�timas;Pleno dia;Crescente;C�u Claro;Dupla;"Reta;Interse��o de Vias";N�o;2;0;0;0;2;0;0;2;-8,76606061;-63,88461677;SPRF-RO;DEL01-RO;UOP01-DEL01-RO;;;
710218;08/08/2025;sexta-feira;11:50:00;CE;116;295,6;JAGUARIBE;Ultrapassagem Indevida;Colis�o traseira;Com V�timas Feridas;Pleno dia;Crescente;C�u Claro;Simples;Reta;N�o;5;0;3;0;1;1;3;3;-5,8194446;-38,537438;SPRF-CE;DEL05-CE;UOP02-DEL05-CE;;;
710222;08/08/2025;sexta-feira;12:00:00;PE;101;73,2;RECIFE;Condutor deixou de manter dist�ncia do ve�culo da frente;Engavetamento;Com V�timas Feridas;Pleno dia;Decrescente;Sol;Dupla;Reta;Sim;3;0;1;0;1;1;1;3;-8,09501;-34,94857;SPRF-PE;DEL01-PE;UOP01-DEL01-PE;;;
710223;08/08/2025;sexta-feira;12:00:00;DF;70;11;BRASILIA;Manobra de mudan�a de faixa;Colis�o transversal;Com V�timas Feridas;Pleno dia;Decrescente;C�u Claro;Dupla;Reta;N�o;5;0;1;2;1;1;3;3;-15,79169;-48,15166;SPRF-DF;DEL03-DF;UOP02-DEL03-DF;;;
710224;08/08/2025;sexta-feira;13:32:00;ES;101;268;SERRA;Aus�ncia de rea��o do condutor;Colis�o traseira;Com V�timas Feridas;Pleno dia;Crescente;C�u Claro;M�ltipla;Interse��o de Vias;Sim;3;0;1;0;1;1;1;3;-20,19350004;-40,26860386;SPRF-ES;DEL02-ES;UOP01-DEL02-ES;;;
710226;08/08/2025;sexta-feira;13:00:00;BA;324;609,9;SIMOES FILHO;Defici�ncia do Sistema de Ilumina��o/Sinaliza��o;Inc�ndio;Sem V�timas;Pleno dia;Crescente;C�u Claro;Dupla;Reta;N�o;1;0;0;0;1;0;0;1;-12,8402039;-38,4154721;SPRF-BA;DEL01-BA;UOP01-DEL01-BA;;;
710228;08/08/2025;sexta-feira;13:39:00;ES;262;34,4;DOMINGOS MARTINS;Condutor deixou de manter dist�ncia do ve�culo da frente;Colis�o traseira;Com V�timas Feridas;Pleno dia;Crescente;C�u Claro;Simples;"Declive;Curva";N�o;3;0;1;0;2;0;1;3;-20,3756717;-40,5926317;SPRF-ES;DEL01-ES;UOP01-DEL01-ES;;;
710232;08/08/2025;sexta-feira;12:10:00;MG;40;332;FELIXLANDIA;Rea��o tardia ou ineficiente do condutor;Tombamento;Com V�timas Feridas;Pleno dia;Decrescente;C�u Claro;Simples;"Aclive;Curva";N�o;2;0;1;0;0;1;1;2;-18,5995767;-45,0107317;SPRF-MG;DEL14-MG;UOP02-DEL14-MG;;;
710236;08/08/2025;sexta-feira;09:30:00;BA;116;564,3;BREJOES;Rea��o tardia ou ineficiente do condutor;Engavetamento;Com V�timas Feridas;Pleno dia;Decrescente;Sol;Simples;Curva;N�o;8;0;3;0;4;2;3;5;-12,994608;-39,952887;SPRF-BA;DEL03-BA;UOP02-DEL03-BA;;;
710246;08/08/2025;sexta-feira;13:30:00;PE;104;30;TORITAMA;Acessar a via sem observar a presen�a dos outros ve�culos;Colis�o transversal;Com V�timas Feridas;Pleno dia;Crescente;C�u Claro;Simples;Rotat�ria;Sim;3;0;1;1;1;0;2;2;-8,01075937;-36,05762092;SPRF-PE;DEL02-PE;UOP01-DEL02-PE;;;
710249;08/08/2025;sexta-feira;13:45:00;MG;381;275;JAGUARACU;Ultrapassagem Indevida;Colis�o transversal;Com V�timas Fatais;Pleno dia;Decrescente;C�u Claro;Simples;Reta;N�o;2;1;0;0;1;0;0;2;-19,5858035;-42,730771;SPRF-MG;DEL03-MG;UOP02-DEL03-MG;;;
710253;18/05/2025;domingo;16:00:00;SE;101;15;MALHADA DOS BOIS;Rea��o tardia ou ineficiente do condutor;Colis�o com objeto;Com V�timas Feridas;Pleno dia;Decrescente;C�u Claro;Dupla;Reta;N�o;2;0;1;0;0;1;1;2;-10,35443637;-36,90376282;SPRF-SE;DEL02-SE;UOP02-DEL02-SE;;;
710254;08/08/2025;sexta-feira;13:00:00;MG;40;615,4;CONGONHAS;Rea��o tardia ou ineficiente do condutor;Engavetamento;Com V�timas Feridas;Pleno dia;Crescente;Sol;Simples;"Ponte;Curva";N�o;5;0;2;0;2;1;2;4;-20,54559804;-43,82051119;SPRF-MG;DEL05-MG;UOP02-DEL05-MG;;;
710258;08/08/2025;sexta-feira;05:30:00;PA;222;93,4;RONDON DO PARA;Aus�ncia de rea��o do condutor;Colis�o traseira;Com V�timas Fatais;Plena Noite;Decrescente;C�u Claro;Simples;Reta;N�o;4;1;1;1;0;1;2;2;-4,70941;-47,982885;SPRF-PA;DEL02-PA;UOP02-DEL02-PA;;;
710263;08/08/2025;sexta-feira;15:40:00;RJ;40;112;DUQUE DE CAXIAS;Transitar no Acostamento;Atropelamento de Pedestre;Com V�timas Feridas;Pleno dia;Decrescente;Sol;M�ltipla;Reta;N�o;3;0;1;0;0;2;1;2;-22,70251388;-43,29023123;SPRF-RJ;DEL01-RJ;UOP02-DEL01-RJ;;;
710267;08/08/2025;sexta-feira;13:30:00;SC;101;357,5;SANGAO;Rea��o tardia ou ineficiente do condutor;Colis�o com objeto;Com V�timas Feridas;Pleno dia;Crescente;C�u Claro;M�ltipla;Reta;Sim;2;0;1;0;1;0;1;2;-28,646488;-49,103035;SPRF-SC;DEL02-SC;UOP01-DEL02-SC;;;
710270;08/08/2025;sexta-feira;15:20:00;PR;369;179,5;ARAPONGAS;Rea��o tardia ou ineficiente do condutor;Colis�o lateral mesmo sentido;Com V�timas Feridas;Pleno dia;Decrescente;C�u Claro;Dupla;Reta;Sim;2;0;1;0;1;0;1;2;-23,365;-51,403;SPRF-PR;DEL07-PR;UOP03-DEL07-PR;;;
710278;08/08/2025;sexta-feira;13:30:00;MT;163;747;SORRISO;Aus�ncia de rea��o do condutor;Colis�o traseira;Com V�timas Feridas;Pleno dia;Decrescente;C�u Claro;Dupla;"Curva;Rotat�ria";N�o;3;0;1;0;1;3;1;5;-12,594198;-55,744067;SPRF-MT;DEL06-MT;UOP01-DEL06-MT;;;
710282;08/08/2025;sexta-feira;15:07:00;ES;259;0;JOAO NEIVA;Condutor deixou de manter dist�ncia do ve�culo da frente;Colis�o traseira;Sem V�timas;Pleno dia;Decrescente;C�u Claro;Simples;"Interse��o de Vias;Reta;Rotat�ria";N�o;3;0;0;0;2;1;0;3;-19,74631119;-40,37715554;SPRF-ES;DEL02-ES;UOP01-DEL02-ES;;;
710285;08/08/2025;sexta-feira;15:15:00;MG;354;702,5;CAXAMBU;Velocidade Incompat�vel;Colis�o frontal;Com V�timas Feridas;Pleno dia;Decrescente;Chuva;Simples;Rotat�ria;Sim;2;0;1;0;1;0;1;2;-21,97077792;-44,92354631;SPRF-MG;DEL17-MG;UOP01-DEL17-MG;;;
710286;08/08/2025;sexta-feira;16:00:00;RJ;116;307,9;RESENDE;Rea��o tardia ou ineficiente do condutor;Colis�o lateral mesmo sentido;Com V�timas Feridas;Pleno dia;Decrescente;Chuva;Dupla;Reta;Sim;5;0;3;0;1;1;3;3;-22,45749891;-44,4039917;SPRF-RJ;DEL07-RJ;UOP02-DEL07-RJ;;;
710287;08/08/2025;sexta-feira;15:30:00;RS;392;25;RIO GRANDE;Rea��o tardia ou ineficiente do condutor;Colis�o traseira;Com V�timas Feridas;Pleno dia;Decrescente;Nublado;Dupla;Reta;N�o;3;0;1;0;1;1;1;3;-32,0592959;-52,2706345;SPRF-RS;DEL07-RS;UOP02-DEL07-RS;;;
710299;08/08/2025;sexta-feira;17:35:00;RS;116;235;SAO LEOPOLDO;Aus�ncia de rea��o do condutor;Engavetamento;Com V�timas Feridas;Anoitecer;Decrescente;Garoa/Chuvisco;Dupla;"Reta;Aclive";Sim;4;0;1;0;3;0;1;3;-29,71740633;-51,14794627;SPRF-RS;DEL01-RS;UOP02-DEL01-RS;;;
710304;08/08/2025;sexta-feira;16:50:00;MS;163;407,5;SIDROLANDIA;Manobra de mudan�a de faixa;Colis�o lateral sentido oposto;Com V�timas Feridas;Anoitecer;Crescente;Nublado;Simples;"Declive;Reta";N�o;4;0;0;1;2;2;1;5;-21,100424;-54,487244;SPRF-MS;DEL02-MS;UOP01-DEL02-MS;;;
710310;08/08/2025;sexta-feira;16:00:00;PR;277;206,9;PALMEIRA;Carga excessiva e/ou mal acondicionada;Derramamento de carga;Com V�timas Feridas;Pleno dia;Crescente;C�u Claro;Simples;"Curva;Declive";N�o;4;0;1;0;1;2;1;3;-25,471287;-50,278874;SPRF-PR;DEL08-PR;UOP02-DEL08-PR;;;
710315;08/08/2025;sexta-feira;17:20:00;DF;20;8;BRASILIA;Manobra de mudan�a de faixa;Sa�da de leito carro��vel;Sem V�timas;Anoitecer;Decrescente;C�u Claro;Dupla;"Declive;Interse��o de Vias";Sim;5;0;0;0;3;3;0;5;-15,6573165;-47,7903783;SPRF-DF;DEL02-DF;UOP01-DEL02-DF;;;
710327;08/08/2025;sexta-feira;17:40:00;GO;40;16;LUZIANIA;Rea��o tardia ou ineficiente do condutor;Colis�o lateral mesmo sentido;Com V�timas Feridas;Anoitecer;Crescente;C�u Claro;Dupla;Reta;Sim;3;0;2;0;1;0;2;2;-16,178757;-47,929176;SPRF-DF;DEL01-DF;UOP01-DEL01-DF;;;
710330;08/08/2025;sexta-feira;19:00:00;RS;116;611,8;ARROIO GRANDE;Desrespeitar a prefer�ncia no cruzamento;Colis�o transversal;Com V�timas Feridas;Plena Noite;Decrescente;Nublado;Simples;"Reta;Interse��o de Vias";N�o;2;0;1;0;1;0;1;2;-32,24359827;-53,06857523;SPRF-RS;DEL07-RS;UOP03-DEL07-RS;;;
710332;08/08/2025;sexta-feira;13:00:00;PR;277;307,2;PRUDENTOPOLIS;Rea��o tardia ou ineficiente do condutor;Colis�o lateral sentido oposto;Com V�timas Fatais;Pleno dia;Decrescente;C�u Claro;Simples;"Declive;Curva";N�o;9;2;0;0;5;5;0;8;-25,31724209;-51,19513035;SPRF-PR;DEL08-PR;UOP01-DEL08-PR;;;
710339;08/08/2025;sexta-feira;19:45:00;PE;104;52,4;CARUARU;Animais na Pista;Atropelamento de Animal;Com V�timas Feridas;Plena Noite;Decrescente;C�u Claro;Dupla;"Declive;Reta";N�o;2;0;1;0;1;0;1;1;-8,17104;-35,97473;SPRF-PE;DEL02-PE;UOP01-DEL02-PE;;;
710341;08/08/2025;sexta-feira;15:30:00;MT;163;733;SORRISO;Carga excessiva e/ou mal acondicionada;Colis�o com objeto;Sem V�timas;Pleno dia;Decrescente;C�u Claro;Simples;Reta;N�o;2;0;0;0;1;1;0;2;-12,697918;-55,81127;SPRF-MT;DEL06-MT;UOP01-DEL06-MT;;;
710351;08/08/2025;sexta-feira;19:55:00;PR;277;2;PARANAGUA;Ingest�o de �lcool pelo condutor;Colis�o com objeto;Com V�timas Feridas;Plena Noite;Decrescente;Nublado;Simples;Reta;N�o;3;0;1;0;1;1;1;3;-25,534481;-48,553382;SPRF-PR;DEL01-PR;UOP05-DEL01-PR;;;
710369;08/08/2025;sexta-feira;18:50:00;RO;364;320,2;PRESIDENTE MEDICI;Manobra de mudan�a de faixa;Colis�o frontal;Com V�timas Feridas;Plena Noite;Decrescente;C�u Claro;Simples;Reta;N�o;7;0;3;2;1;1;5;5;-11,06633;-61,924848;SPRF-RO;DEL02-RO;UOP01-DEL02-RO;;;
710375;08/08/2025;sexta-feira;23:40:00;MG;365;623;UBERLANDIA;Pedestre cruzava a pista fora da faixa;Atropelamento de Pedestre;Com V�timas Fatais;Plena Noite;Decrescente;C�u Claro;Dupla;Reta;Sim;2;1;0;0;0;1;0;2;-18,904636;-48,285484;SPRF-MG;DEL15-MG;UOP01-DEL15-MG;;;
710377;09/08/2025;s�bado;00:02:00;MG;381;929,9;ITAPEVA;Velocidade Incompat�vel;Colis�o com objeto;Com V�timas Feridas;Plena Noite;Crescente;Chuva;Dupla;Curva;N�o;4;0;3;0;0;1;3;2;-22,7672064;-46,219264;SPRF-MG;DEL16-MG;UOP03-DEL16-MG;;;
710381;08/08/2025;sexta-feira;22:50:00;RJ;393;120;SAPUCAIA;Transitar na contram�o;Colis�o transversal;Com V�timas Fatais;Plena Noite;Crescente;Chuva;Simples;"Declive;Curva";N�o;6;1;0;1;3;1;1;3;-21,94181153;-42,82148838;SPRF-RJ;DEL05-RJ;UOP01-DEL05-RJ;;;
710383;08/08/2025;sexta-feira;23:30:00;MG;381;288;ANTONIO DIAS;Aus�ncia de rea��o do condutor;Colis�o traseira;Com V�timas Feridas;Plena Noite;Crescente;Nublado;Dupla;Reta;N�o;2;0;0;1;1;0;1;2;-19,62868314;-42,83311844;SPRF-MG;DEL03-MG;UOP02-DEL03-MG;;;
710384;09/08/2025;s�bado;01:00:00;PB;230;158,2;CAMPINA GRANDE;Aus�ncia de rea��o do condutor;Colis�o lateral mesmo sentido;Sem V�timas;Plena Noite;Crescente;Ignorado;Simples;"Em Obras;Reta";N�o;2;0;0;0;0;2;0;2;-7,258925;-35,925658;SPRF-PB;DEL02-PB;UOP01-DEL02-PB;;;
710385;09/08/2025;s�bado;01:45:00;RS;290;0,2;OSORIO;Condutor Dormindo;Sa�da de leito carro��vel;Com V�timas Feridas;Plena Noite;Decrescente;Chuva;Dupla;Reta;N�o;2;0;1;0;0;1;1;2;-29,890151;-50,279666;SPRF-RS;DEL03-RS;UOP01-DEL03-RS;;;
710386;09/08/2025;s�bado;02:00:00;SP;381;54;MAIRIPORA;Velocidade Incompat�vel;Tombamento;Com V�timas Feridas;Plena Noite;Decrescente;C�u Claro;Dupla;Reta;N�o;2;0;1;0;0;1;1;2;-23,24946162;-46,59362376;SPRF-SP;DEL03-SP;UOP01-DEL03-SP;;;
710394;09/08/2025;s�bado;02:50:00;SC;101;41,9;JOINVILLE;Ingest�o de �lcool pelo condutor;Colis�o com objeto;Sem V�timas;Plena Noite;Crescente;C�u Claro;M�ltipla;"Reta;Interse��o de Vias";Sim;2;0;0;0;0;2;0;2;-26,323222;-48,868242;SPRF-SC;DEL03-SC;UOP01-DEL03-SC;;;
710397;09/08/2025;s�bado;02:45:00;PR;163;37,9;SANTO ANTONIO DO SUDOESTE;Ingest�o de �lcool pelo condutor;Colis�o lateral sentido oposto;Com V�timas Fatais;Plena Noite;Decrescente;C�u Claro;Simples;Curva;N�o;3;2;1;0;0;0;1;2;-26,043579;-53,728191;SPRF-PR;DEL02-PR;UOP02-DEL02-PR;;;
710399;09/08/2025;s�bado;03:50:00;RS;290;151,4;ARROIO DOS RATOS;Transitar na contram�o;Colis�o frontal;Com V�timas Fatais;Plena Noite;Crescente;Nublado;Simples;Reta;N�o;3;1;0;0;1;2;0;4;-30,1049718;-51,723197;SPRF-RS;DEL02-RS;UOP01-DEL02-RS;;;
710402;09/08/2025;s�bado;04:20:00;PR;277;4,6;PARANAGUA;Aus�ncia de rea��o do condutor;Colis�o traseira;Com V�timas Feridas;Plena Noite;Crescente;Nublado;Dupla;Reta;Sim;2;0;2;0;0;0;2;2;-25,53272648;-48,52947442;SPRF-PR;DEL01-PR;UOP05-DEL01-PR;;;
710404;09/08/2025;s�bado;04:55:00;MG;40;521;CONTAGEM;Aus�ncia de rea��o do condutor;Colis�o com objeto;Sem V�timas;Plena Noite;Crescente;Chuva;Dupla;"Retorno Regulamentado;Reta";Sim;2;0;0;0;2;0;0;2;-19,8536233;-44,072175;SPRF-MG;DEL01-MG;UOP02-DEL01-MG;;;
710406;09/08/2025;s�bado;03:50:00;MG;262;425,6;SAO GONCALO DO PARA;Pedestre andava na pista;Atropelamento de Pedestre;Com V�timas Fatais;Plena Noite;Crescente;C�u Claro;Dupla;Reta;N�o;2;1;0;0;1;0;0;2;-19,896895;-44,86547;SPRF-MG;DEL08-MG;UOP03-DEL08-MG;;;
710408;09/08/2025;s�bado;05:40:00;CE;116;172,5;RUSSAS;Ingest�o de �lcool pelo condutor;Sa�da de leito carro��vel;Sem V�timas;Pleno dia;Crescente;C�u Claro;Simples;Declive;N�o;1;0;0;0;1;0;0;1;-5,00458;-38,048161;SPRF-CE;DEL03-CE;UOP01-DEL03-CE;;;
710411;09/08/2025;s�bado;06:30:00;BA;116;425;FEIRA DE SANTANA;Aus�ncia de rea��o do condutor;Colis�o traseira;Com V�timas Feridas;Pleno dia;Crescente;C�u Claro;Dupla;"Aclive;Reta";Sim;2;0;1;0;0;1;1;2;-12,25132528;-38,98856375;SPRF-BA;DEL02-BA;UOP01-DEL02-BA;;;
710415;09/08/2025;s�bado;03:00:00;MG;381;332;NOVA ERA;Aus�ncia de rea��o do condutor;Capotamento;Com V�timas Feridas;Plena Noite;Decrescente;Nublado;Simples;"Reta;Declive";N�o;1;0;1;0;0;0;1;1;-19,805656;-43,062826;SPRF-MG;DEL03-MG;UOP01-DEL03-MG;;;
710418;09/08/2025;s�bado;04:00:00;MG;116;736,9;LARANJAL;Ingest�o de �lcool pelo condutor;Colis�o frontal;Com V�timas Fatais;Plena Noite;Decrescente;Garoa/Chuvisco;Simples;Reta;N�o;3;2;0;1;0;0;1;2;-21,37250429;-42,47888356;SPRF-MG;DEL07-MG;UOP02-DEL07-MG;;;
710421;09/08/2025;s�bado;02:50:00;MT;364;376;SANTO ANTONIO DO LEVERGER;Rea��o tardia ou ineficiente do condutor;Tombamento;Com V�timas Feridas;Plena Noite;Crescente;C�u Claro;Dupla;Reta;N�o;2;0;2;0;0;0;2;1;-15,70997627;-55,79853058;SPRF-MT;DEL01-MT;UOP02-DEL01-MT;;;
710425;08/08/2025;sexta-feira;23:30:00;RJ;493;18;GUAPIMIRIM;Pedestre cruzava a pista fora da faixa;Atropelamento de Pedestre;Com V�timas Fatais;Plena Noite;Decrescente;Nublado;M�ltipla;"Reta;Em Obras";Sim;3;1;0;0;2;0;0;2;-22,66862038;-43,02305102;SPRF-RJ;DEL04-RJ;UOP02-DEL04-RJ;;;
710427;09/08/2025;s�bado;07:00:00;CE;20;393;CAUCAIA;Demais falhas mec�nicas ou el�tricas;Colis�o lateral sentido oposto;Com V�timas Feridas;Pleno dia;Decrescente;C�u Claro;Simples;Reta;N�o;6;0;2;0;3;1;2;3;-3,83802511;-38,76542902;SPRF-CE;DEL01-CE;UOP01-DEL01-CE;;;
710431;09/08/2025;s�bado;06:50:00;PR;277;670;MEDIANEIRA;Manobra de mudan�a de faixa;Colis�o transversal;Com V�timas Feridas;Pleno dia;Decrescente;C�u Claro;Simples;Reta;Sim;2;0;1;0;1;0;1;2;-25,281223;-54,080139;SPRF-PR;DEL05-PR;UOP02-DEL05-PR;;;
710436;09/08/2025;s�bado;09:00:00;BA;324;598;SIMOES FILHO;Pedestre andava na pista;Atropelamento de Pedestre;Com V�timas Fatais;Pleno dia;Decrescente;C�u Claro;M�ltipla;"Reta;Declive";N�o;2;1;0;0;0;1;0;2;-12,745912;-38,434809;SPRF-BA;DEL01-BA;UOP01-DEL01-BA;;;
710438;09/08/2025;s�bado;06:45:00;PE;101;57;RECIFE;Demais falhas mec�nicas ou el�tricas;Inc�ndio;Sem V�timas;Pleno dia;Decrescente;C�u Claro;Dupla;Reta;Sim;1;0;0;0;1;0;0;1;-7,9757971;-34,9233389;SPRF-PE;DEL01-PE;UOP02-DEL01-PE;;;
710442;09/08/2025;s�bado;08:12:00;GO;60;378;RIO VERDE;Manobra de mudan�a de faixa;Colis�o lateral mesmo sentido;Com V�timas Feridas;Pleno dia;Crescente;C�u Claro;Dupla;Reta;Sim;3;0;1;0;2;0;1;2;-17,765935;-50,882722;SPRF-GO;DEL04-GO;UOP02-DEL04-GO;;;