id;data_inversa;dia_semana;horario;uf;br;km;municipio;causa_acidente;tipo_acidente;classificacao_acidente;fase_dia;sentido_via;condicao_metereologica;tipo_pista;tracado_via;uso_solo;pessoas;mortos;feridos_leves;feridos_graves;ilesos;ignorados;feridos;veiculos;latitude;longitude;regional;delegacia;uop;;;
710444;08/08/2025;sexta-feira;21:20:00;MT;364;620;DIAMANTINO;Ultrapassagem Indevida;Colis�o lateral sentido oposto;Com V�timas Fatais;Plena Noite;Decrescente;C�u Claro;Simples;Reta;N�o;4;1;0;0;1;6;0;8;-14,396852;-56,345598;SPRF-MT;DEL01-MT;UOP01-DEL01-MT;;;
710445;12/07/2025;s�bado;17:40:00;SE;235;109,5;CARIRA;Convers�o proibida;Colis�o transversal;Com V�timas Feridas;Anoitecer;Decrescente;C�u Claro;Simples;Reta;N�o;2;0;0;1;1;0;1;2;-10,34831097;-37,70669684;SPRF-SE;DEL01-SE;UOP02-DEL01-SE;;;
710455;09/08/2025;s�bado;07:30:00;MG;381;444;SABARA;Transitar na contram�o;Colis�o frontal;Com V�timas Fatais;Pleno dia;Crescente;C�u Claro;Simples;"Ponte;Reta";N�o;4;1;0;2;0;1;2;3;-19,8276255;-43,8380319;SPRF-MG;DEL01-MG;UOP01-DEL01-MG;;;
710456;09/08/2025;s�bado;10:30:00;SP;153;62,3;SAO JOSE DO RIO PRETO;Condutor deixou de manter dist�ncia do ve�culo da frente;Colis�o traseira;Com V�timas Feridas;Pleno dia;Crescente;C�u Claro;Dupla;Aclive;Sim;2;0;0;1;1;0;1;2;-20,84574443;-49,37377524;SPRF-SP;DEL09-SP;UOP01-DEL09-SP;;;
710458;08/08/2025;sexta-feira;21:25:00;MT;163;648;LUCAS DO RIO VERDE;Mal s�bito do condutor;Colis�o frontal;Com V�timas Fatais;Plena Noite;Crescente;C�u Claro;Simples;Curva;N�o;69;11;20;22;15;3;42;5;-13,386935;-56,09091616;SPRF-MT;DEL06-MT;UOP01-DEL06-MT;;;
710461;09/08/2025;s�bado;11:23:00;CE;116;15;ITAITINGA;Aus�ncia de rea��o do condutor;Inc�ndio;Sem V�timas;Pleno dia;Decrescente;C�u Claro;Dupla;Reta;Sim;1;0;0;0;1;0;0;1;-3,93333;-38,51667;SPRF-CE;DEL01-CE;UOP02-DEL01-CE;;;
710463;09/08/2025;s�bado;09:36:00;MG;116;221;CATUJI;Aus�ncia de rea��o do condutor;Tombamento;Com V�timas Feridas;Pleno dia;Crescente;C�u Claro;Dupla;"Curva;Declive";N�o;2;0;1;0;0;1;1;2;-17,421;-41,513;SPRF-MG;DEL11-MG;UOP01-DEL11-MG;;;
710474;09/08/2025;s�bado;12:05:00;TO;153;144;ARAGUAINA;Rea��o tardia ou ineficiente do condutor;Colis�o transversal;Com V�timas Feridas;Pleno dia;Crescente;C�u Claro;Dupla;Reta;Sim;3;0;1;0;1;1;1;3;-7,197457;-48,2372912;SPRF-TO;DEL02-TO;UOP01-DEL02-TO;;;
710475;09/08/2025;s�bado;10:50:00;MA;10;258;IMPERATRIZ;Aus�ncia de rea��o do condutor;Colis�o traseira;Sem V�timas;Pleno dia;Decrescente;Sol;Dupla;Reta;Sim;2;0;0;0;1;1;0;2;-5,48489729;-47,47213751;SPRF-MA;DEL04-MA;UOP01-DEL04-MA;;;
710480;09/08/2025;s�bado;13:00:00;MG;381;816,6;CAREACU;Condutor deixou de manter dist�ncia do ve�culo da frente;Colis�o traseira;Com V�timas Feridas;Pleno dia;Crescente;Sol;Dupla;Reta;N�o;6;0;2;0;2;2;2;4;-22,0414062;-45,6865121;SPRF-MG;DEL16-MG;UOP02-DEL16-MG;;;
710481;08/07/2025;ter�a-feira;18:00:00;SC;101;106;PENHA;Aus�ncia de rea��o do condutor;Colis�o traseira;Com V�timas Feridas;Plena Noite;Crescente;C�u Claro;M�ltipla;Reta;N�o;2;0;1;0;1;0;1;2;-26,80327333;-48,67930412;SPRF-SC;DEL03-SC;UOP02-DEL03-SC;;;
710483;09/08/2025;s�bado;12:45:00;MG;381;908;CAMBUI;Rea��o tardia ou ineficiente do condutor;Tombamento;Com V�timas Feridas;Pleno dia;Decrescente;C�u Claro;Dupla;"Declive;Curva";N�o;3;0;2;0;0;1;2;2;-22,6802;-46,10071;SPRF-MG;DEL16-MG;UOP03-DEL16-MG;;;
710489;09/08/2025;s�bado;12:15:00;MG;381;664;SANTO ANTONIO DO AMPARO;Rea��o tardia ou ineficiente do condutor;Tombamento;Com V�timas Feridas;Pleno dia;Crescente;Sol;Dupla;"Aclive;Reta";N�o;2;0;1;0;0;1;1;2;-21,02010229;-44,99190617;SPRF-MG;DEL04-MG;UOP02-DEL04-MG;;;
710493;09/08/2025;s�bado;09:30:00;MG;251;405,3;GRAO MOGOL;Demais falhas mec�nicas ou el�tricas;Inc�ndio;Sem V�timas;Pleno dia;Decrescente;Sol;Simples;"Reta;Aclive";N�o;2;0;0;0;1;1;0;2;-16,24722643;-42,93431282;SPRF-MG;DEL12-MG;UOP01-DEL12-MG;;;
710501;09/08/2025;s�bado;10:00:00;RJ;393;148,1;TRES RIOS;Carga excessiva e/ou mal acondicionada;Derramamento de carga;Sem V�timas;Pleno dia;Decrescente;Nublado;Simples;Curva;N�o;2;0;0;0;1;1;0;2;-22,06471038;-43,02983936;SPRF-RJ;DEL05-RJ;UOP01-DEL05-RJ;;;
710511;09/08/2025;s�bado;15:15:00;PE;232;111,2;BEZERROS;Manobra de mudan�a de faixa;Colis�o lateral mesmo sentido;Sem V�timas;Pleno dia;Crescente;Sol;Dupla;Reta;N�o;2;0;0;0;2;0;0;2;-8,29447847;-35,82667351;SPRF-PE;DEL02-PE;UOP03-DEL02-PE;;;
710514;18/04/2025;sexta-feira;12:25:00;SC;101;322,4;PESCARIA BRAVA;Condutor deixou de manter dist�ncia do ve�culo da frente;Colis�o traseira;Com V�timas Fatais;Pleno dia;Decrescente;C�u Claro;M�ltipla;Reta;Sim;7;1;0;0;5;2;0;5;-28,429083;-48,9218516;SPRF-SC;DEL02-SC;UOP01-DEL02-SC;;;
710516;09/08/2025;s�bado;15:50:00;PE;101;25;IGARASSU;Aus�ncia de rea��o do condutor;Colis�o traseira;Com V�timas Feridas;Pleno dia;Crescente;C�u Claro;Dupla;Reta;N�o;3;0;1;0;1;1;1;3;-7,700685;-34,9232161;SPRF-PE;DEL01-PE;UOP02-DEL01-PE;;;
710522;09/08/2025;s�bado;15:30:00;AP;156;461,9;TARTARUGALZINHO;Carga excessiva e/ou mal acondicionada;Tombamento;Com V�timas Feridas;Pleno dia;Decrescente;Sol;Simples;Curva;N�o;2;0;1;0;1;0;1;1;1,42898175;-50,90938479;SPRF-AP;DEL01-AP;UOP02-DEL01-AP;;;
710523;09/08/2025;s�bado;15:08:00;TO;10;497;APARECIDA DO RIO NEGRO;Aus�ncia de rea��o do condutor;Colis�o transversal;Com V�timas Feridas;Pleno dia;Crescente;C�u Claro;Simples;Reta;N�o;2;0;1;0;1;0;1;2;-10,13449652;-48,17110062;SPRF-TO;DEL01-TO;UOP03-DEL01-TO;;;
710526;09/08/2025;s�bado;16:15:00;MG;365;624;UBERLANDIA;Manobra de mudan�a de faixa;Colis�o lateral mesmo sentido;Sem V�timas;Pleno dia;Crescente;C�u Claro;Dupla;Curva;Sim;2;0;0;0;2;0;0;2;-18,90941369;-48,30312324;SPRF-MG;DEL15-MG;UOP01-DEL15-MG;;;
710536;09/08/2025;s�bado;08:20:00;PI;316;147;ELESBAO VELOSO;Aus�ncia de rea��o do condutor;Colis�o frontal;Com V�timas Feridas;Pleno dia;Decrescente;C�u Claro;Simples;Reta;N�o;2;0;0;1;1;0;1;2;-6,11222174;-42,17685699;SPRF-PI;DEL04-PI;UOP02-DEL04-PI;;;
710537;09/08/2025;s�bado;17:30:00;RS;285;463,1;IJUI;Desrespeitar a prefer�ncia no cruzamento;Colis�o transversal;Com V�timas Feridas;Pleno dia;Decrescente;Nublado;Simples;Interse��o de Vias;Sim;4;0;2;0;1;1;2;3;-28,407432;-53,942619;SPRF-RS;DEL10-RS;UOP01-DEL10-RS;;;
710554;09/08/2025;s�bado;17:50:00;PR;277;339,7;GUARAPUAVA;Aus�ncia de rea��o do condutor;Colis�o traseira;Com V�timas Feridas;Anoitecer;Crescente;C�u Claro;Dupla;"Reta;Rotat�ria;Declive";Sim;3;0;1;0;1;1;1;3;-25,344505;-51,442054;SPRF-PR;DEL08-PR;UOP01-DEL08-PR;;;
710555;09/08/2025;s�bado;17:15:00;SC;470;231,3;SAO CRISTOVAO DO SUL;Transitar na contram�o;Colis�o frontal;Com V�timas Fatais;Pleno dia;Decrescente;Nublado;Simples;Reta;N�o;4;1;0;0;1;2;0;4;-27,30311762;-50,40702224;SPRF-SC;DEL05-SC;UOP03-DEL05-SC;;;
710568;09/08/2025;s�bado;15:45:00;MA;316;560,2;CAXIAS;Rea��o tardia ou ineficiente do condutor;Sa�da de leito carro��vel;Sem V�timas;Pleno dia;Decrescente;Sol;Simples;Reta;N�o;2;0;0;0;1;1;0;2;-4,888959;-43,283665;SPRF-MA;DEL03-MA;UOP02-DEL03-MA;;;
710570;09/08/2025;s�bado;15:30:00;BA;101;378;GANDU;Acostamento em desn�vel;Tombamento;Com V�timas Feridas;Pleno dia;Crescente;C�u Claro;Simples;Reta;N�o;2;0;1;0;0;1;1;2;-13,82148437;-39,49464798;SPRF-BA;DEL05-BA;UOP03-DEL05-BA;;;
710573;09/08/2025;s�bado;18:00:00;RS;285;208,5;LAGOA VERMELHA;Desrespeitar a prefer�ncia no cruzamento;Colis�o transversal;Com V�timas Feridas;Anoitecer;Decrescente;Nublado;Simples;Interse��o de Vias;N�o;3;0;1;0;1;2;1;4;-28,224104;-51,610739;SPRF-RS;DEL08-RS;UOP05-DEL08-RS;;;
710575;09/08/2025;s�bado;19:10:00;MG;153;17,1;CENTRALINA;Carga excessiva e/ou mal acondicionada;Colis�o com objeto;Sem V�timas;Plena Noite;Decrescente;C�u Claro;M�ltipla;Reta;Sim;2;0;0;0;1;1;0;2;-18,58206282;-49,19315651;SPRF-MG;DEL15-MG;UOP03-DEL15-MG;;;
710578;09/08/2025;s�bado;19:05:00;PB;101;54,5;SANTA RITA;Rea��o tardia ou ineficiente do condutor;Colis�o traseira;Com V�timas Feridas;Plena Noite;Crescente;C�u Claro;Dupla;Reta;N�o;6;0;4;2;0;0;6;2;-6,97004942;-35,08277893;SPRF-PB;DEL01-PB;UOP03-DEL01-PB;;;
710583;09/08/2025;s�bado;16:00:00;MT;163;871,5;CLAUDIA;Aus�ncia de rea��o do condutor;Colis�o traseira;Com V�timas Feridas;Pleno dia;Crescente;C�u Claro;Simples;Reta;N�o;3;0;1;0;1;4;1;6;-11,46143494;-55,35899162;SPRF-MT;DEL06-MT;UOP02-DEL06-MT;;;
710591;09/08/2025;s�bado;20:00:00;PR;116;134;FAZENDA RIO GRANDE;Condutor deixou de manter dist�ncia do ve�culo da frente;Colis�o traseira;Sem V�timas;Plena Noite;Crescente;C�u Claro;Dupla;"Reta;Aclive";N�o;2;0;0;0;1;1;0;2;-25,71159529;-49,31962101;SPRF-PR;DEL01-PR;UOP03-DEL01-PR;;;
710594;09/08/2025;s�bado;18:50:00;MS;163;727;COXIM;Transitar na contram�o;Colis�o lateral sentido oposto;Com V�timas Fatais;Plena Noite;Crescente;C�u Claro;Simples;Reta;Sim;3;1;0;0;1;1;0;3;-18,54018398;-54,74465847;SPRF-MS;DEL06-MS;UOP01-DEL06-MS;;;
710597;09/08/2025;s�bado;19:00:00;MG;50;205;DELTA;Acessar a via sem observar a presen�a dos outros ve�culos;Colis�o transversal;Com V�timas Feridas;Plena Noite;Decrescente;C�u Claro;Simples;Viaduto;N�o;3;0;0;1;1;2;1;4;-19,96824;-47,792167;SPRF-MG;DEL13-MG;UOP01-DEL13-MG;;;
710600;09/08/2025;s�bado;20:50:00;GO;153;276;NOVA GLORIA;Acessar a via sem observar a presen�a dos outros ve�culos;Atropelamento de Pedestre;Com V�timas Fatais;Plena Noite;Decrescente;C�u Claro;Simples;Reta;N�o;2;1;0;0;1;0;0;2;-15,1204586;-49,5007019;SPRF-GO;DEL07-GO;UOP02-DEL07-GO;;;
710601;09/08/2025;s�bado;18:30:00;PA;155;271;ELDORADO DO CARAJAS;Manobra de mudan�a de faixa;Colis�o frontal;Com V�timas Fatais;Plena Noite;Decrescente;C�u Claro;Simples;Reta;N�o;3;1;0;0;1;1;0;3;-5,977711;-49,231088;SPRF-PA;DEL03-PA;UOP01-DEL03-PA;;;
710604;09/08/2025;s�bado;20:45:00;TO;153;148;ARAGUAINA;Aus�ncia de rea��o do condutor;Colis�o traseira;Com V�timas Feridas;Plena Noite;Crescente;C�u Claro;Dupla;Reta;Sim;3;0;1;0;2;0;1;2;-7,231643;-48,2530605;SPRF-TO;DEL02-TO;UOP01-DEL02-TO;;;
710605;09/08/2025;s�bado;19:40:00;PI;343;328;TERESINA;Objeto est�tico sobre o leito carro��vel;Derramamento de carga;Com V�timas Feridas;Plena Noite;Decrescente;C�u Claro;Simples;Reta;N�o;5;0;0;1;2;2;1;4;-5,066752;-42,639058;SPRF-PI;DEL01-PI;UOP01-DEL01-PI;;;
710606;09/08/2025;s�bado;15:00:00;MS;376;53;JATEI;Aus�ncia de rea��o do condutor;Sa�da de leito carro��vel;Sem V�timas;Pleno dia;Crescente;C�u Claro;Simples;Reta;N�o;2;0;0;0;1;1;0;2;-22,46140544;-54,3073082;SPRF-MS;DEL04-MS;UOP01-DEL04-MS;;;
710608;09/08/2025;s�bado;12:50:00;RJ;101;290;ITABORAI;Rea��o tardia ou ineficiente do condutor;Colis�o traseira;Sem V�timas;Pleno dia;Decrescente;Garoa/Chuvisco;Dupla;Reta;N�o;2;0;0;0;2;0;0;2;-22,76577267;-42,86931557;SPRF-RJ;DEL02-RJ;UOP02-DEL02-RJ;;;
710620;09/08/2025;s�bado;21:00:00;SC;101;204,1;SAO JOSE;Condutor deixou de manter dist�ncia do ve�culo da frente;Colis�o traseira;Com V�timas Feridas;Plena Noite;Decrescente;C�u Claro;Dupla;Reta;Sim;2;0;1;0;1;0;1;2;-27,582092;-48,614585;SPRF-SC;DEL01-SC;UOP01-DEL01-SC;;;
710622;09/08/2025;s�bado;22:10:00;PR;277;9;PARANAGUA;Entrada inopinada do pedestre;Atropelamento de Pedestre;Com V�timas Feridas;Plena Noite;Decrescente;Ignorado;Dupla;Reta;N�o;3;0;1;0;1;1;1;3;-25,566305;-48,606438;SPRF-PR;DEL01-PR;UOP05-DEL01-PR;;;
710628;09/08/2025;s�bado;12:20:00;RO;364;340;JI-PARANA;Condutor desrespeitou a ilumina��o vermelha do sem�foro;Colis�o transversal;Com V�timas Feridas;Pleno dia;Crescente;C�u Claro;Simples;Interse��o de Vias;N�o;2;0;1;0;1;0;1;2;-10,89275996;-61,93069808;SPRF-RO;DEL02-RO;UOP01-DEL02-RO;;;
710631;09/08/2025;s�bado;21:00:00;PR;369;448,3;CORBELIA;Ultrapassagem Indevida;Colis�o lateral mesmo sentido;Com V�timas Feridas;Plena Noite;Decrescente;C�u Claro;Simples;"Curva;Declive";N�o;6;0;3;0;2;1;3;3;-24,56190744;-53,13226461;SPRF-PR;DEL04-PR;UOP03-DEL04-PR;;;
710651;09/08/2025;s�bado;23:10:00;PI;316;218;VALENCA DO PIAUI;Transitar na contram�o;Colis�o frontal;Com V�timas Fatais;Plena Noite;Decrescente;C�u Claro;Simples;Reta;N�o;2;1;0;0;1;0;0;2;-6,461224;-41,74574;SPRF-PI;DEL04-PI;UOP02-DEL04-PI;;;
710654;09/08/2025;s�bado;16:15:00;RS;285;151;MUITOS CAPOES;Rea��o tardia ou ineficiente do condutor;Tombamento;Com V�timas Feridas;Pleno dia;Decrescente;Nublado;Simples;"Curva;Declive";N�o;1;0;0;1;0;0;1;1;-28,34149741;-51,15235448;SPRF-RS;DEL05-RS;UOP03-DEL05-RS;;;
710658;10/08/2025;domingo;01:51:00;PI;343;267;CAMPO MAIOR;Ultrapassagem Indevida;Colis�o lateral mesmo sentido;Com V�timas Fatais;Plena Noite;Crescente;C�u Claro;Simples;Reta;Sim;4;1;1;0;1;1;1;3;-4,83823469;-42,18414938;SPRF-PI;DEL01-PI;UOP03-DEL01-PI;;;
710666;10/08/2025;domingo;02:15:00;MS;163;776;COXIM;Animais na Pista;Atropelamento de Animal;Com V�timas Feridas;Plena Noite;Decrescente;C�u Claro;Dupla;Reta;N�o;2;0;1;0;0;1;1;2;-18,1228466;-54,7001666;SPRF-MS;DEL06-MS;UOP01-DEL06-MS;;;
710667;10/08/2025;domingo;03:30:00;BA;324;518;FEIRA DE SANTANA;Ingest�o de �lcool pelo condutor;Colis�o lateral sentido oposto;Com V�timas Feridas;Plena Noite;Decrescente;C�u Claro;Simples;Reta;Sim;2;0;0;1;1;0;1;2;-12,26414;-38,9327;SPRF-BA;DEL02-BA;UOP01-DEL02-BA;;;
710671;10/08/2025;domingo;03:00:00;BA;101;329,8;PRESIDENTE TANCREDO NEVES;Condutor deixou de manter dist�ncia do ve�culo da frente;Colis�o traseira;Com V�timas Feridas;Plena Noite;Crescente;Nublado;Simples;Reta;Sim;2;0;0;1;1;0;1;2;-13,456773;-39,418643;SPRF-BA;DEL05-BA;UOP03-DEL05-BA;;;
710673;10/08/2025;domingo;04:10:00;PE;101;166,6;AGUA PRETA;Transitar na contram�o;Colis�o frontal;Com V�timas Fatais;Amanhecer;Decrescente;C�u Claro;Dupla;Reta;N�o;3;1;0;0;1;1;0;3;-8,565565;-35,47349;SPRF-PE;DEL01-PE;UOP03-DEL01-PE;;;
710686;09/08/2025;s�bado;21:50:00;MG;381;592,6;CARMOPOLIS DE MINAS;Velocidade Incompat�vel;Tombamento;Com V�timas Fatais;Plena Noite;Crescente;Nublado;Dupla;"Declive;Curva";N�o;2;1;0;0;0;1;0;2;-20,561963;-44,665701;SPRF-MG;DEL04-MG;UOP01-DEL04-MG;;;
710687;10/08/2025;domingo;05:30:00;MG;381;623,7;OLIVEIRA;Condutor Dormindo;Tombamento;Com V�timas Feridas;Amanhecer;Crescente;C�u Claro;Dupla;Curva;N�o;1;0;1;0;0;0;1;1;-20,78583;-44,785947;SPRF-MG;DEL04-MG;UOP01-DEL04-MG;;;
710693;09/08/2025;s�bado;21:10:00;BA;116;321,1;ARACI;Ingest�o de �lcool pelo condutor;Colis�o lateral sentido oposto;Com V�timas Feridas;Plena Noite;Crescente;C�u Claro;Simples;Reta;N�o;3;0;1;0;1;1;1;3;-11,33777809;-38,95777893;SPRF-BA;DEL02-BA;UOP01-DEL02-BA;;;
710706;10/08/2025;domingo;06:20:00;PR;116;211;RIO NEGRO;Ultrapassagem Indevida;Colis�o frontal;Com V�timas Feridas;Pleno dia;Crescente;Nevoeiro/Neblina;Simples;Curva;Sim;4;0;1;0;2;2;1;4;-26,10462661;-49,78113111;SPRF-SC;DEL06-SC;UOP01-DEL06-SC;;;
710713;10/08/2025;domingo;07:50:00;PE;101;72,5;RECIFE;Entrada inopinada do pedestre;Atropelamento de Pedestre;Com V�timas Feridas;Pleno dia;Decrescente;C�u Claro;Dupla;Reta;Sim;2;0;0;1;0;1;1;2;-8,1198059;-34,94271662;SPRF-PE;DEL01-PE;UOP01-DEL01-PE;;;
710715;10/08/2025;domingo;03:30:00;SE;101;181,5;UMBAUBA;Condutor Dormindo;Sa�da de leito carro��vel;Sem V�timas;Plena Noite;Decrescente;C�u Claro;Simples;Reta;N�o;1;0;0;0;1;0;0;1;-11,366823;-37,644587;SPRF-SE;DEL02-SE;UOP03-DEL02-SE;;;
710719;26/07/2025;s�bado;06:20:00;MG;262;352,3;BETIM;Aus�ncia de rea��o do condutor;Colis�o traseira;Com V�timas Feridas;Amanhecer;Crescente;C�u Claro;Dupla;Declive;N�o;3;0;1;0;1;1;1;3;-19,983959;-44,242257;SPRF-MG;DEL01-MG;UOP03-DEL01-MG;;;
710724;10/08/2025;domingo;08:20:00;PA;163;997;SANTAREM;Rea��o tardia ou ineficiente do condutor;Sa�da de leito carro��vel;Sem V�timas;Pleno dia;Crescente;Sol;Simples;"Curva;Declive";Sim;3;0;0;0;2;3;0;4;-2,494061;-54,736099;SPRF-PA;DEL05-PA;UOP01-DEL05-PA;;;
710725;04/06/2025;quarta-feira;07:55:00;MG;262;159;SAO DOMINGOS DO PRATA;Demais falhas mec�nicas ou el�tricas;Queda de ocupante de ve�culo;Com V�timas Feridas;Pleno dia;Decrescente;Ignorado;Simples;Declive;N�o;2;0;0;1;1;0;1;1;-19,96164139;-42,85301686;SPRF-MG;DEL03-MG;UOP03-DEL03-MG;;;
710739;10/08/2025;domingo;11:30:00;SP;116;64,9;GUARATINGUETA;Convers�o proibida;Colis�o lateral mesmo sentido;Com V�timas Feridas;Pleno dia;Crescente;Nublado;Dupla;Curva;Sim;7;0;6;0;0;1;6;2;-22,82274084;-45,19112198;SPRF-SP;DEL08-SP;UOP01-DEL08-SP;;;
710749;10/08/2025;domingo;05:00:00;MA;316;250,2;BOM JARDIM;Rea��o tardia ou ineficiente do condutor;Sa�da de leito carro��vel;Com V�timas Fatais;Amanhecer;Crescente;Ignorado;Simples;Reta;N�o;5;1;2;1;0;1;3;2;-3,6547459;-45,47459;SPRF-MA;DEL02-MA;UOP01-DEL02-MA;;;
710751;29/07/2025;ter�a-feira;09:00:00;AL;101;44,3;FLEXEIRAS;Rea��o tardia ou ineficiente do condutor;Tombamento;Com V�timas Feridas;Pleno dia;Decrescente;Nublado;Dupla;Curva;N�o;2;0;1;0;0;1;1;2;-9,19507981;-35,78715719;SPRF-AL;DEL01-AL;UOP02-DEL01-AL;;;
710758;10/08/2025;domingo;12:45:00;PE;101;112,7;IPOJUCA;Velocidade Incompat�vel;Tombamento;Com V�timas Feridas;Pleno dia;Decrescente;Nublado;Dupla;"Curva;Declive";N�o;2;0;1;0;0;1;1;2;-8,33;-35,12289;SPRF-PE;DEL01-PE;UOP03-DEL01-PE;;;
710763;10/08/2025;domingo;09:10:00;MG;116;26;CACHOEIRA DE PAJEU;Demais falhas mec�nicas ou el�tricas;Sa�da de leito carro��vel;Com V�timas Feridas;Pleno dia;Crescente;C�u Claro;Simples;"Declive;Curva";N�o;2;0;1;0;0;1;1;2;-15,882588;-41,424476;SPRF-MG;DEL11-MG;UOP02-DEL11-MG;;;
710765;10/08/2025;domingo;14:10:00;PR;369;352,8;CAMPO MOURAO;Aus�ncia de rea��o do condutor;Colis�o lateral sentido oposto;Com V�timas Feridas;Pleno dia;Crescente;Sol;Simples;Curva;N�o;3;0;1;0;1;1;1;3;-24,14206;-52,45365;SPRF-PR;DEL09-PR;UOP03-DEL09-PR;;;
710767;10/08/2025;domingo;14:50:00;MG;153;46;CANAPOLIS;Manobra de mudan�a de faixa;Colis�o traseira;Com V�timas Feridas;Pleno dia;Crescente;C�u Claro;Dupla;Declive;N�o;7;0;2;0;4;2;2;5;-18,7843;-49,082;SPRF-MG;DEL15-MG;UOP03-DEL15-MG;;;
710772;10/08/2025;domingo;14:30:00;MT;364;1139;SAPEZAL;Acessar a via sem observar a presen�a dos outros ve�culos;Colis�o transversal;Com V�timas Fatais;Pleno dia;Decrescente;C�u Claro;Simples;Reta;N�o;3;1;0;0;1;3;0;5;-13,535622;-58,89406;SPRF-MT;DEL04-MT;UOP02-DEL04-MT;;;
710775;10/08/2025;domingo;15:50:00;SC;101;97;BALNEARIO PICARRAS;Rea��o tardia ou ineficiente do condutor;Colis�o lateral mesmo sentido;Sem V�timas;Pleno dia;Crescente;C�u Claro;Dupla;Reta;N�o;3;0;0;0;2;1;0;3;-26,73181291;-48,70136261;SPRF-SC;DEL03-SC;UOP02-DEL03-SC;;;
710789;10/08/2025;domingo;14:30:00;PR;476;197;LAPA;Rea��o tardia ou ineficiente do condutor;Tombamento;Com V�timas Feridas;Pleno dia;Decrescente;C�u Claro;Simples;Rotat�ria;Sim;2;0;1;0;0;1;1;2;-25,7644523;-49,7378711;SPRF-PR;DEL01-PR;UOP06-DEL01-PR;;;
710792;10/08/2025;domingo;17:05:00;MG;381;741,1;TRES CORACOES;Velocidade Incompat�vel;Colis�o lateral mesmo sentido;Com V�timas Feridas;Pleno dia;Crescente;C�u Claro;Dupla;"Declive;Reta;Retorno Regulamentado";N�o;3;0;1;0;1;2;1;4;-21,59271;-45,237394;SPRF-MG;DEL16-MG;UOP02-DEL16-MG;;;
710802;10/08/2025;domingo;18:00:00;RS;290;95;PORTO ALEGRE;Manobra de mudan�a de faixa;Colis�o lateral mesmo sentido;Sem V�timas;Anoitecer;Crescente;Nublado;Dupla;Reta;Sim;4;0;0;0;2;2;0;3;-29,98811711;-51,21122135;SPRF-RS;DEL01-RS;UOP01-DEL01-RS;;;
710805;10/08/2025;domingo;18:25:00;BA;116;368,9;SERRINHA;Transitar na contram�o;Colis�o frontal;Com V�timas Fatais;Plena Noite;Crescente;C�u Claro;Simples;Reta;N�o;3;1;0;0;1;1;0;3;-11,73303302;-38,9863337;SPRF-BA;DEL02-BA;UOP01-DEL02-BA;;;
710806;10/08/2025;domingo;18:30:00;BA;116;153;CANUDOS;Demais falhas mec�nicas ou el�tricas;Inc�ndio;Sem V�timas;Plena Noite;Crescente;C�u Claro;Simples;Reta;N�o;2;0;0;0;2;0;0;2;-9,95569323;-39,16285325;SPRF-BA;DEL07-BA;UOP03-DEL07-BA;;;
710808;10/08/2025;domingo;17:15:00;SC;101;358,6;SANGAO;Velocidade Incompat�vel;Sa�da de leito carro��vel;Sem V�timas;Pleno dia;Decrescente;C�u Claro;M�ltipla;Reta;N�o;3;0;0;0;3;0;0;2;-28,65429022;-49,10751343;SPRF-SC;DEL02-SC;UOP01-DEL02-SC;;;
710818;10/08/2025;domingo;17:30:00;MG;262;502,7;LUZ;Ultrapassagem Indevida;Sa�da de leito carro��vel;Sem V�timas;Anoitecer;Decrescente;Sol;Simples;Reta;N�o;2;0;0;0;1;1;0;2;-19,78109469;-45,5593307;SPRF-MG;DEL08-MG;UOP03-DEL08-MG;;;
710824;10/08/2025;domingo;17:30:00;SC;282;54,2;AGUAS MORNAS;Ultrapassagem Indevida;Colis�o lateral mesmo sentido;Com V�timas Feridas;Anoitecer;Crescente;C�u Claro;Simples;Aclive;N�o;4;0;0;1;2;1;1;3;-27,6877273;-48,97559166;SPRF-SC;DEL01-SC;UOP03-DEL01-SC;;;
710828;10/08/2025;domingo;18:40:00;AL;101;192;JUNQUEIRO;Velocidade Incompat�vel;Sa�da de leito carro��vel;Com V�timas Fatais;Plena Noite;Decrescente;Nublado;Simples;Curva;N�o;1;1;0;0;0;0;0;1;-9,933058;-36,471107;SPRF-AL;DEL02-AL;UOP02-DEL02-AL;;;
710832;10/08/2025;domingo;19:05:00;PR;153;24;JACAREZINHO;Acessar a via sem observar a presen�a dos outros ve�culos;Colis�o transversal;Com V�timas Feridas;Plena Noite;Crescente;C�u Claro;Simples;Interse��o de Vias;N�o;5;0;3;0;1;1;3;3;-23,19006823;-49,98590318;SPRF-PR;DEL07-PR;UOP04-DEL07-PR;;;
710837;10/08/2025;domingo;20:00:00;MG;40;525,8;CONTAGEM;Rea��o tardia ou ineficiente do condutor;Colis�o lateral mesmo sentido;Com V�timas Feridas;Plena Noite;Crescente;C�u Claro;Dupla;Reta;Sim;6;0;4;0;1;1;4;3;-19,88836537;-44,05031204;SPRF-MG;DEL01-MG;UOP02-DEL01-MG;;;
710845;10/08/2025;domingo;18:25:00;MG;381;933,8;EXTREMA;Entrada inopinada do pedestre;Atropelamento de Pedestre;Com V�timas Fatais;Plena Noite;Crescente;C�u Claro;Dupla;"Aclive;Retorno Regulamentado;Curva";N�o;5;1;0;0;2;2;0;4;-22,79988127;-46,25894308;SPRF-MG;DEL16-MG;UOP03-DEL16-MG;;;
710850;10/08/2025;domingo;19:15:00;GO;20;83;FORMOSA;Acessar a via sem observar a presen�a dos outros ve�culos;Colis�o traseira;Com V�timas Feridas;Plena Noite;Decrescente;C�u Claro;Simples;Reta;N�o;3;0;1;0;1;1;1;3;-15,068868;-47,082502;SPRF-DF;DEL02-DF;UOP02-DEL02-DF;;;