id;data_inversa;dia_semana;horario;uf;br;km;municipio;causa_acidente;tipo_acidente;classificacao_acidente;fase_dia;sentido_via;condicao_metereologica;tipo_pista;tracado_via;uso_solo;pessoas;mortos;feridos_leves;feridos_graves;ilesos;ignorados;feridos;veiculos;latitude;longitude;regional;delegacia;uop;;;
710852;10/08/2025;domingo;18:00:00;TO;230;128;ARAGUATINS;Aus�ncia de rea��o do condutor;Tombamento;Com V�timas Feridas;Pleno dia;Crescente;C�u Claro;Simples;Curva;N�o;2;0;1;0;0;2;1;3;-5,777282;-48,028665;SPRF-TO;DEL02-TO;UOP03-DEL02-TO;;;
710854;10/08/2025;domingo;20:30:00;RS;386;276;FONTOURA XAVIER;Transitar na contram�o;Colis�o lateral sentido oposto;Com V�timas Feridas;Plena Noite;Decrescente;C�u Claro;Simples;Curva;N�o;4;0;1;1;1;1;2;4;-28,998667;-52,354717;SPRF-RS;DEL04-RS;UOP03-DEL04-RS;;;
710858;10/08/2025;domingo;17:10:00;BA;101;24;RIO REAL;Aus�ncia de rea��o do condutor;Colis�o frontal;Com V�timas Feridas;Pleno dia;Decrescente;C�u Claro;Simples;Reta;N�o;3;0;1;0;2;0;1;2;-11,68821;-37,90184;SPRF-SE;DEL02-SE;UOP03-DEL02-SE;;;
710874;10/08/2025;domingo;16:00:00;BA;116;890;CANDIDO SALES;Ultrapassagem Indevida;Colis�o frontal;Com V�timas Fatais;Pleno dia;Decrescente;C�u Claro;Simples;"Reta;Aclive";N�o;3;1;1;0;0;1;1;3;-15,365402;-41,176728;SPRF-BA;DEL08-BA;UOP03-DEL08-BA;;;
710878;09/07/2025;quarta-feira;08:00:00;PR;277;635,5;CEU AZUL;Acessar a via sem observar a presen�a dos outros ve�culos;Colis�o transversal;Com V�timas Feridas;Pleno dia;Decrescente;C�u Claro;Simples;"Retorno Regulamentado;Rotat�ria;Reta";Sim;3;0;1;0;1;1;1;3;-25,14341987;-53,83468151;SPRF-PR;DEL05-PR;UOP02-DEL05-PR;;;
710882;10/08/2025;domingo;16:00:00;MG;354;288,8;BAEPENDI;Velocidade Incompat�vel;Tombamento;Com V�timas Feridas;Pleno dia;Crescente;C�u Claro;Simples;Curva;N�o;2;0;1;0;0;1;1;2;-21,924425;-44,801388;SPRF-MG;DEL10-MG;UOP01-DEL10-MG;;;
710901;10/08/2025;domingo;17:04:00;RJ;393;123;SAPUCAIA;Acesso irregular;Tombamento;Com V�timas Feridas;Pleno dia;Decrescente;C�u Claro;Simples;"Curva;Declive";N�o;2;0;1;0;0;1;1;2;-22,0130246;-42,952816;SPRF-RJ;DEL05-RJ;UOP01-DEL05-RJ;;;
710903;10/08/2025;domingo;20:30:00;ES;262;195;IUNA;Ingest�o de �lcool pelo condutor;Colis�o frontal;Com V�timas Feridas;Plena Noite;Crescente;C�u Claro;Simples;"Declive;Reta";N�o;3;0;1;0;1;1;1;3;-20,28403644;-41,77212238;SPRF-ES;DEL01-ES;UOP02-DEL01-ES;;;
710910;11/08/2025;segunda-feira;00:20:00;ES;101;407,3;ITAPEMIRIM;Condutor deixou de manter dist�ncia do ve�culo da frente;Colis�o traseira;Com V�timas Feridas;Plena Noite;Crescente;Nublado;Simples;Reta;N�o;6;0;1;0;4;1;1;3;-20,8920294;-41,03289366;SPRF-ES;DEL03-ES;UOP02-DEL03-ES;;;
710916;11/08/2025;segunda-feira;02:00:00;SP;116;413;JUQUIA;Avarias e/ou desgaste excessivo no pneu;Inc�ndio;Sem V�timas;Plena Noite;Decrescente;C�u Claro;Dupla;Reta;N�o;2;0;0;0;1;1;0;2;-24,330118;-47,623376;SPRF-SP;DEL05-SP;UOP01-DEL05-SP;;;
710921;11/08/2025;segunda-feira;03:00:00;CE;116;54;PACAJUS;Ilumina��o deficiente;Sa�da de leito carro��vel;Com V�timas Feridas;Plena Noite;Decrescente;C�u Claro;Dupla;Curva;N�o;5;0;4;0;1;0;4;1;-4,19726099;-38,46943108;SPRF-CE;DEL01-CE;UOP04-DEL01-CE;;;
710922;11/08/2025;segunda-feira;01:15:00;MG;381;635,6;SANTO ANTONIO DO AMPARO;Avarias e/ou desgaste excessivo no pneu;Tombamento;Com V�timas Feridas;Plena Noite;Crescente;C�u Claro;Dupla;"Declive;Curva";N�o;2;0;1;0;0;1;1;2;-20,8630169;-44,8413379;SPRF-MG;DEL04-MG;UOP01-DEL04-MG;;;
710924;11/08/2025;segunda-feira;03:07:00;MT;163;102,2;RONDONOPOLIS;Condutor Dormindo;Sa�da de leito carro��vel;Com V�timas Feridas;Plena Noite;Decrescente;C�u Claro;Dupla;Reta;N�o;2;0;1;0;0;2;1;3;-16,6372;-54,69402;SPRF-MT;DEL02-MT;UOP03-DEL02-MT;;;
710928;11/08/2025;segunda-feira;03:20:00;SP;116;360;MIRACATU;Velocidade Incompat�vel;Tombamento;Com V�timas Feridas;Plena Noite;Decrescente;C�u Claro;Dupla;"Curva;Aclive";N�o;2;0;0;2;0;0;2;1;-24,113;-47,269;SPRF-SP;DEL04-SP;UOP03-DEL04-SP;;;
710937;11/08/2025;segunda-feira;05:50:00;BA;101;229;SAPEACU;Transitar na contram�o;Queda de ocupante de ve�culo;Com V�timas Feridas;Amanhecer;Decrescente;C�u Claro;Simples;"Reta;Declive";N�o;2;0;1;0;0;1;1;2;-12,716377;-39,180006;SPRF-BA;DEL01-BA;UOP02-DEL01-BA;;;
710942;11/08/2025;segunda-feira;05:00:00;MS;262;381,3;TERENOS;Rea��o tardia ou ineficiente do condutor;Colis�o lateral sentido oposto;Sem V�timas;Amanhecer;Crescente;C�u Claro;Simples;Reta;Sim;4;0;0;0;3;3;0;5;-20,445794;-54,851051;SPRF-MS;DEL01-MS;UOP03-DEL01-MS;;;
710948;10/08/2025;domingo;19:14:00;BA;116;630;JAGUAQUARA;Acesso irregular;Colis�o frontal;Com V�timas Feridas;Plena Noite;Decrescente;C�u Claro;Simples;Reta;N�o;4;0;0;2;1;1;2;3;-13,49378585;-40,04801667;SPRF-BA;DEL03-BA;UOP01-DEL03-BA;;;
710950;10/08/2025;domingo;11:30:00;MG;365;217;BURITIZEIRO;Rea��o tardia ou ineficiente do condutor;Sa�da de leito carro��vel;Com V�timas Feridas;Pleno dia;Crescente;Sol;Simples;Reta;N�o;2;0;1;0;0;1;1;2;-17,57268439;-45,33061981;SPRF-MG;DEL10-MG;UOP02-DEL010-MG;;;
710952;11/08/2025;segunda-feira;07:54:00;BA;324;623;SALVADOR;Velocidade Incompat�vel;Colis�o lateral mesmo sentido;Com V�timas Feridas;Pleno dia;Crescente;C�u Claro;Dupla;Reta;Sim;3;0;1;0;2;0;1;3;-12,9431058;-38,4716855;SPRF-BA;DEL01-BA;UOP01-DEL01-BA;;;
710954;11/08/2025;segunda-feira;06:40:00;SP;116;153;SAO JOSE DOS CAMPOS;Rea��o tardia ou ineficiente do condutor;Colis�o traseira;Com V�timas Feridas;Pleno dia;Crescente;C�u Claro;M�ltipla;Reta;N�o;3;0;0;1;2;0;1;3;-23,23494259;-45,9166166;SPRF-SP;DEL02-SP;UOP01-DEL02-SP;;;
710962;14/07/2025;segunda-feira;12:40:00;PR;376;605;CURITIBA;Condutor deixou de manter dist�ncia do ve�culo da frente;Engavetamento;Com V�timas Feridas;Pleno dia;Crescente;Sol;Dupla;Reta;Sim;4;0;1;0;2;1;1;4;-25,53819085;-49,31337532;SPRF-PR;DEL01-PR;UOP03-DEL01-PR;;;
710967;11/08/2025;segunda-feira;08:50:00;RS;386;426;MONTENEGRO;Condutor deixou de manter dist�ncia do ve�culo da frente;Colis�o traseira;Sem V�timas;Pleno dia;Crescente;C�u Claro;M�ltipla;Reta;N�o;4;0;0;0;3;1;0;3;-29,81962291;-51,36142228;SPRF-RS;DEL04-RS;UOP02-DEL04-RS;;;
710971;11/08/2025;segunda-feira;07:02:00;MS;267;63,5;BATAGUASSU;Aus�ncia de rea��o do condutor;Colis�o lateral sentido oposto;Com V�timas Feridas;Pleno dia;Crescente;C�u Claro;Simples;"Declive;Reta";N�o;2;0;2;0;0;0;2;2;-21,846444;-52,703194;SPRF-MS;DEL02-MS;UOP04-DEL02-MS;;;
710978;11/08/2025;segunda-feira;10:10:00;PB;230;28;JOAO PESSOA;Transitar na contram�o;Colis�o lateral sentido oposto;Com V�timas Feridas;Pleno dia;Crescente;C�u Claro;Dupla;Curva;N�o;3;0;0;2;1;0;2;2;-7,1720263;-34,873899;SPRF-PB;DEL01-PB;UOP01-DEL01-PB;;;
710988;11/08/2025;segunda-feira;09:30:00;GO;153;656,1;GOIATUBA;Velocidade Incompat�vel;Tombamento;Com V�timas Feridas;Pleno dia;Crescente;C�u Claro;Dupla;Curva;N�o;2;0;1;0;0;1;1;2;-18,011254;-49,262186;SPRF-GO;DEL03-GO;UOP01-DEL03-GO;;;
710992;28/07/2025;segunda-feira;07:30:00;RS;290;86;PORTO ALEGRE;Manobra de mudan�a de faixa;Queda de ocupante de ve�culo;Com V�timas Feridas;Amanhecer;Decrescente;C�u Claro;M�ltipla;Reta;N�o;2;0;1;0;0;1;1;2;-29,96824505;-51,12084389;SPRF-RS;DEL01-RS;UOP01-DEL01-RS;;;
710994;11/08/2025;segunda-feira;09:00:00;BA;101;409;IBIRAPITANGA;Aus�ncia de rea��o do condutor;Sa�da de leito carro��vel;Com V�timas Feridas;Pleno dia;Decrescente;C�u Claro;Simples;Curva;N�o;2;0;1;0;0;1;1;2;-14,044102;-39,393727;SPRF-BA;DEL05-BA;UOP03-DEL05-BA;;;
711001;11/08/2025;segunda-feira;11:45:00;SC;101;380;ICARA;Rea��o tardia ou ineficiente do condutor;Colis�o traseira;Com V�timas Feridas;Pleno dia;Decrescente;C�u Claro;Dupla;Declive;N�o;3;0;1;0;2;0;1;2;-28,7578555;-49,2804941;SPRF-SC;DEL02-SC;UOP02-DEL02-SC;;;
711002;11/08/2025;segunda-feira;12:50:00;SC;101;79,3;ARAQUARI;Manobra de mudan�a de faixa;Colis�o lateral mesmo sentido;Com V�timas Feridas;Pleno dia;Crescente;C�u Claro;Dupla;Reta;Sim;5;0;2;0;2;1;2;3;-26,591635;-48,722079;SPRF-SC;DEL03-SC;UOP02-DEL03-SC;;;
711003;11/08/2025;segunda-feira;10:40:00;RS;287;402;SANTIAGO;Acessar a via sem observar a presen�a dos outros ve�culos;Colis�o transversal;Com V�timas Feridas;Pleno dia;Crescente;C�u Claro;Simples;Interse��o de Vias;N�o;5;0;1;0;3;1;1;3;-29,14839;-54,886687;SPRF-RS;DEL12-RS;UOP02-DEL12-RS;;;
711004;11/08/2025;segunda-feira;12:15:00;RS;158;308;ITAARA;Suic�dio (presumido);Atropelamento de Pedestre;Com V�timas Feridas;Pleno dia;Crescente;Sol;Simples;"Declive;Reta";Sim;3;0;0;1;1;1;1;2;-29,59214471;-53,76617856;SPRF-RS;DEL09-RS;UOP01-DEL09-RS;;;
711006;11/08/2025;segunda-feira;12:15:00;PB;230;281;SANTA LUZIA;Demais falhas mec�nicas ou el�tricas;Tombamento;Com V�timas Feridas;Pleno dia;Decrescente;C�u Claro;Simples;Curva;N�o;2;0;1;0;0;1;1;2;-6,93334;-36,8516;SPRF-PB;DEL03-PB;UOP01-DEL03-PB;;;
711008;09/08/2025;s�bado;13:17:00;BA;407;2;JUAZEIRO;Ultrapassagem Indevida;Colis�o transversal;Com V�timas Feridas;Pleno dia;Decrescente;C�u Claro;Simples;Reta;Sim;3;0;0;1;1;1;1;3;-9,424562;-40,505997;SPRF-PE;DEL06-PE;UOP01-DEL06-PE;;;
711022;11/08/2025;segunda-feira;14:30:00;ES;101;294,7;CARIACICA;Condutor deixou de manter dist�ncia do ve�culo da frente;Colis�o traseira;Com V�timas Feridas;Pleno dia;Crescente;C�u Claro;Dupla;Reta;N�o;2;0;1;0;1;0;1;2;-20,32858392;-40,39806889;SPRF-ES;DEL01-ES;UOP01-DEL01-ES;;;
711026;11/08/2025;segunda-feira;13:00:00;MG;40;728,8;OLIVEIRA FORTES;Problema com o freio;Sa�da de leito carro��vel;Sem V�timas;Pleno dia;Crescente;C�u Claro;Dupla;Curva;N�o;1;0;0;0;1;0;0;1;-21,34648;-43,5827674;SPRF-MG;DEL05-MG;UOP01-DEL05-MG;;;
711028;11/08/2025;segunda-feira;12:40:00;MA;135;104;ITAPECURU MIRIM;Transitar na contram�o;Colis�o frontal;Com V�timas Fatais;Pleno dia;Crescente;C�u Claro;Simples;Reta;N�o;4;2;0;0;1;3;0;5;-3,389897;-44,497078;SPRF-MA;DEL01-MA;UOP02-DEL01-MA;;;
711031;11/08/2025;segunda-feira;15:00:00;RS;386;345,6;LAJEADO;Rea��o tardia ou ineficiente do condutor;Colis�o lateral mesmo sentido;Com V�timas Feridas;Pleno dia;Decrescente;C�u Claro;Dupla;"Em Obras;Reta";Sim;3;0;1;0;1;1;1;3;-29,45038782;-51,96856912;SPRF-RS;DEL04-RS;UOP01-DEL04-RS;;;
711034;30/07/2025;quarta-feira;04:30:00;PR;277;321;GUARAPUAVA;Transitar na contram�o;Colis�o frontal;Com V�timas Feridas;Plena Noite;Crescente;C�u Claro;Simples;Curva;N�o;3;0;1;1;0;1;2;3;-25,37689541;-51,28720975;SPRF-PR;DEL08-PR;UOP01-DEL08-PR;;;
711036;11/08/2025;segunda-feira;15:00:00;PR;369;187;ARAPONGAS;Acessar a via sem observar a presen�a dos outros ve�culos;Colis�o transversal;Com V�timas Feridas;Pleno dia;Decrescente;C�u Claro;Simples;Reta;Sim;2;0;0;1;1;0;1;2;-23,4190037;-51,42581269;SPRF-PR;DEL07-PR;UOP03-DEL07-PR;;;
711037;11/08/2025;segunda-feira;15:40:00;PE;428;189;PETROLINA;Aus�ncia de rea��o do condutor;Colis�o transversal;Sem V�timas;Pleno dia;Decrescente;C�u Claro;Dupla;Reta;Sim;2;0;0;0;2;0;0;2;-9,378123;-40,504977;SPRF-PE;DEL06-PE;UOP01-DEL06-PE;;;
711041;11/08/2025;segunda-feira;15:00:00;PR;116;94;SAO JOSE DOS PINHAIS;Aus�ncia de rea��o do condutor;Colis�o traseira;Com V�timas Feridas;Pleno dia;Decrescente;Sol;M�ltipla;"Aclive;Reta";N�o;4;0;3;0;1;0;3;2;-25,52385392;-49,13806915;SPRF-PR;DEL01-PR;UOP07-DEL01-PR;;;
711052;11/08/2025;segunda-feira;14:45:00;MG;116;609,1;SAO JOAO DO MANHUACU;Transitar na contram�o;Colis�o lateral sentido oposto;Com V�timas Feridas;Pleno dia;Decrescente;Nublado;Simples;Curva;N�o;3;0;0;1;1;1;1;3;-20,40191553;-42,14939117;SPRF-MG;DEL07-MG;UOP02-DEL07-MG;;;
711057;11/08/2025;segunda-feira;16:50:00;ES;101;299,8;VIANA;Condutor desrespeitou a ilumina��o vermelha do sem�foro;Colis�o lateral sentido oposto;Com V�timas Feridas;Pleno dia;Crescente;C�u Claro;M�ltipla;Viaduto;Sim;2;0;1;0;1;0;1;2;-20,357113;-40,429917;SPRF-ES;DEL01-ES;UOP01-DEL01-ES;;;
711066;11/08/2025;segunda-feira;14:15:00;MG;153;14,2;CENTRALINA;Desrespeitar a prefer�ncia no cruzamento;Sa�da de leito carro��vel;Com V�timas Feridas;Pleno dia;Crescente;C�u Claro;Dupla;Curva;N�o;3;0;1;0;1;3;1;5;-18,57662304;-49,19331551;SPRF-MG;DEL15-MG;UOP03-DEL15-MG;;;
711077;11/08/2025;segunda-feira;18:05:00;TO;10;463,9;PALMAS;Acessar a via sem observar a presen�a dos outros ve�culos;Colis�o transversal;Com V�timas Feridas;Pleno dia;Crescente;C�u Claro;M�ltipla;Reta;Sim;3;0;2;0;1;0;2;2;-10,231742;-48,311302;SPRF-TO;DEL01-TO;UOP03-DEL01-TO;;;
711086;11/08/2025;segunda-feira;07:15:00;PI;135;519;GILBUES;Rea��o tardia ou ineficiente do condutor;Colis�o lateral sentido oposto;Com V�timas Feridas;Pleno dia;Crescente;C�u Claro;Simples;Reta;N�o;6;0;1;2;2;3;3;7;-9,868395;-45,348463;SPRF-PI;DEL03-PI;UOP02-DEL03-PI;;;
711090;11/08/2025;segunda-feira;18:00:00;GO;60;96,8;ANAPOLIS;Aus�ncia de rea��o do condutor;Colis�o lateral mesmo sentido;Com V�timas Feridas;Pleno dia;Crescente;C�u Claro;Dupla;Interse��o de Vias;Sim;2;0;1;0;1;0;1;2;-16,37628126;-48,94773859;SPRF-GO;DEL02-GO;UOP01-DEL02-GO;;;
711094;11/08/2025;segunda-feira;19:13:00;PR;116;150;MANDIRITUBA;Aus�ncia de rea��o do condutor;Colis�o lateral sentido oposto;Com V�timas Feridas;Plena Noite;Crescente;C�u Claro;Simples;Reta;N�o;3;0;0;1;1;1;1;3;-25,8482444;-49,35400232;SPRF-PR;DEL01-PR;UOP03-DEL01-PR;;;
711096;11/08/2025;segunda-feira;17:19:00;PA;316;54;CASTANHAL;Rea��o tardia ou ineficiente do condutor;Colis�o traseira;Sem V�timas;Pleno dia;Crescente;Chuva;Dupla;Reta;N�o;4;0;0;0;3;1;0;4;-1,305925;-48,01085;SPRF-PA;DEL01-PA;UOP01-DEL01-PA;;;
711101;11/08/2025;segunda-feira;19:10:00;RS;470;175,3;VERANOPOLIS;Acessar a via sem observar a presen�a dos outros ve�culos;Colis�o traseira;Com V�timas Feridas;Plena Noite;Decrescente;C�u Claro;Simples;"Curva;Declive";Sim;4;0;2;0;1;1;2;4;-28,923585;-51,538233;SPRF-RS;DEL06-RS;UOP02-DEL06-RS;;;
711103;11/08/2025;segunda-feira;16:00:00;RJ;116;238;PIRAI;Aus�ncia de rea��o do condutor;Colis�o com objeto;Com V�timas Feridas;Pleno dia;Crescente;Nublado;Dupla;Reta;N�o;1;0;1;0;0;0;1;1;-22,66316535;-43,88595119;SPRF-RJ;DEL07-RJ;UOP01-DEL07-RJ;;;
711112;11/08/2025;segunda-feira;17:15:00;MG;116;746,7;LEOPOLDINA;Condutor deixou de manter dist�ncia do ve�culo da frente;Colis�o traseira;Com V�timas Feridas;Pleno dia;Crescente;C�u Claro;Simples;Reta;N�o;6;0;3;0;3;0;3;3;-21,434671;-42,520288;SPRF-MG;DEL07-MG;UOP01-DEL07-MG;;;
711120;11/08/2025;segunda-feira;15:00:00;BA;135;51;FORMOSA DO RIO PRETO;Demais falhas mec�nicas ou el�tricas;Inc�ndio;Sem V�timas;Anoitecer;Crescente;C�u Claro;Simples;Reta;N�o;2;0;0;0;1;1;0;2;-11,19322;-45,05143;SPRF-BA;DEL10-BA;UOP01-DEL10-BA;;;
711122;11/08/2025;segunda-feira;20:50:00;SC;101;417;ARARANGUA;Mal s�bito do condutor;Colis�o com objeto;Com V�timas Feridas;Plena Noite;Decrescente;C�u Claro;M�ltipla;Reta;Sim;2;0;1;0;0;1;1;2;-28,9834516;-49,5394401;SPRF-SC;DEL02-SC;UOP02-DEL02-SC;;;
711123;11/08/2025;segunda-feira;21:00:00;RS;386;281,8;LAJEADO;Rea��o tardia ou ineficiente do condutor;Colis�o frontal;Com V�timas Feridas;Plena Noite;Crescente;C�u Claro;Simples;"Declive;Curva";N�o;3;0;1;0;1;1;1;3;-29,4322176;-52,0093696;SPRF-RS;DEL04-RS;UOP03-DEL04-RS;;;
711127;11/08/2025;segunda-feira;19:00:00;MG;365;569,2;INDIANOPOLIS;Manobra de mudan�a de faixa;Colis�o traseira;Com V�timas Fatais;Plena Noite;Crescente;C�u Claro;Simples;Reta;N�o;3;1;0;0;1;2;0;4;-18,91644334;-47,8445348;SPRF-MG;DEL15-MG;UOP02-DEL15-MG;;;
711128;11/08/2025;segunda-feira;11:00:00;MT;70;196;GENERAL CARNEIRO;Falta de acostamento;Sa�da de leito carro��vel;Com V�timas Feridas;Pleno dia;Crescente;C�u Claro;Simples;"Aclive;Curva";N�o;2;0;1;0;0;1;1;2;-15,724252;-53,68422;SPRF-MT;DEL05-MT;UOP01-DEL05-MT;;;
711137;11/08/2025;segunda-feira;23:50:00;MG;40;569,8;NOVA LIMA;Acessar a via sem observar a presen�a dos outros ve�culos;Atropelamento de Pedestre;Com V�timas Fatais;Plena Noite;Crescente;C�u Claro;Simples;"Reta;Declive";Sim;6;1;0;0;3;2;0;5;-20,21621622;-43,97002326;SPRF-MG;DEL01-MG;UOP02-DEL01-MG;;;
711138;11/08/2025;segunda-feira;22:23:00;PR;277;530,9;GUARANIACU;Acessar a via sem observar a presen�a dos outros ve�culos;Colis�o lateral mesmo sentido;Com V�timas Fatais;Plena Noite;Decrescente;C�u Claro;Simples;Reta;N�o;4;1;1;0;0;4;1;6;-25,09681162;-52,96690106;SPRF-PR;DEL04-PR;UOP04-DEL04-PR;;;
711142;12/08/2025;ter�a-feira;01:30:00;BA;116;479,9;RAFAEL JAMBEIRO;Demais falhas mec�nicas ou el�tricas;Inc�ndio;Sem V�timas;Plena Noite;Crescente;C�u Claro;Dupla;"Reta;Declive";N�o;2;0;0;0;1;1;0;2;-12,5227;-39,3966;SPRF-BA;DEL02-BA;UOP01-DEL02-BA;;;
711145;12/08/2025;ter�a-feira;05:50:00;MG;40;595,6;OURO PRETO;Aus�ncia de rea��o do condutor;Colis�o traseira;Com V�timas Feridas;Plena Noite;Crescente;Nevoeiro/Neblina;Simples;"Aclive;Reta";N�o;3;0;1;0;1;2;1;4;-20,4134399;-43,8941827;SPRF-MG;DEL05-MG;UOP02-DEL05-MG;;;
711150;12/08/2025;ter�a-feira;03:18:00;PA;230;1116;ITAITUBA;Ingest�o de �lcool pelo condutor;Tombamento;Com V�timas Feridas;Plena Noite;Crescente;C�u Claro;Simples;Curva;N�o;4;0;0;1;2;6;1;9;-4,39617663;-55,94452858;SPRF-PA;DEL05-PA;UOP02-DEL05-PA;;;
711152;12/08/2025;ter�a-feira;04:10:00;PI;316;93;BARRO DURO;Acessar a via sem observar a presen�a dos outros ve�culos;Colis�o frontal;Com V�timas Fatais;Plena Noite;Crescente;C�u Claro;Simples;Reta;N�o;2;1;0;0;1;0;0;2;-5,802756;-42,533821;SPRF-PI;DEL04-PI;UOP02-DEL04-PI;;;
711155;12/08/2025;ter�a-feira;05:50:00;SC;280;78,7;CORUPA;Transitar na contram�o;Colis�o lateral sentido oposto;Com V�timas Feridas;Plena Noite;Decrescente;C�u Claro;Simples;Reta;Sim;2;0;0;1;1;0;1;2;-26,44345;-49,21045;SPRF-SC;DEL06-SC;UOP03-DEL06-SC;;;
711157;12/08/2025;ter�a-feira;05:20:00;PR;277;33;MORRETES;Rea��o tardia ou ineficiente do condutor;Tombamento;Com V�timas Fatais;Plena Noite;Decrescente;C�u Claro;Dupla;"Curva;Declive";N�o;3;1;1;0;0;2;1;3;-25,56641;-48,810818;SPRF-PR;DEL01-PR;UOP05-DEL01-PR;;;
711161;11/08/2025;segunda-feira;22:00:00;MT;70;521;VARZEA GRANDE;Aus�ncia de rea��o do condutor;Colis�o transversal;Com V�timas Feridas;Plena Noite;Decrescente;C�u Claro;Simples;Reta;N�o;3;0;0;1;1;2;1;4;-15,65495968;-56,19097129;SPRF-MT;DEL01-MT;UOP02-DEL01-MT;;;
711164;12/08/2025;ter�a-feira;06:54:00;PI;343;341,4;TERESINA;Chuva;Colis�o traseira;Com V�timas Feridas;Pleno dia;Crescente;Chuva;Dupla;Reta;Sim;2;0;1;0;1;0;1;2;-5,078197;-42,749412;SPRF-PI;DEL01-PI;UOP01-DEL01-PI;;;
711167;11/08/2025;segunda-feira;20:15:00;SP;116;544;BARRA DO TURVO;Aus�ncia de rea��o do condutor;Tombamento;Com V�timas Feridas;Plena Noite;Decrescente;C�u Claro;Simples;"Curva;Declive";N�o;1;0;1;0;0;0;1;1;-24,96446358;-48,42634901;SPRF-SP;DEL05-SP;UOP02-DEL05-SP;;;
711186;12/08/2025;ter�a-feira;08:10:00;BA;116;372;LAMARAO;Demais falhas mec�nicas ou el�tricas;Inc�ndio;Sem V�timas;Pleno dia;Decrescente;C�u Claro;Simples;Reta;N�o;3;0;0;0;2;2;0;3;-11,777854;-38,985765;SPRF-BA;DEL02-BA;UOP01-DEL02-BA;;;
711187;12/08/2025;ter�a-feira;07:00:00;SC;282;372,5;ERVAL VELHO;Ultrapassagem Indevida;Colis�o frontal;Com V�timas Feridas;Amanhecer;Crescente;Nublado;Simples;"Aclive;Reta";Sim;6;0;2;0;3;1;2;6;-27,2556215;-51,4449345;SPRF-SC;DEL07-SC;UOP05-DEL07-SC;;;
711188;12/08/2025;ter�a-feira;08:30:00;GO;153;696;ITUMBIARA;Rea��o tardia ou ineficiente do condutor;Colis�o traseira;Com V�timas Feridas;Pleno dia;Crescente;C�u Claro;Dupla;"Curva;Interse��o de Vias;Rotat�ria";Sim;2;0;1;0;1;0;1;2;-18,3581997;-49,2158502;SPRF-GO;DEL03-GO;UOP02-DEL03-GO;;;
711194;12/08/2025;ter�a-feira;09:00:00;PR;116;16;COLOMBO;Velocidade Incompat�vel;Colis�o traseira;Com V�timas Feridas;Pleno dia;Crescente;C�u Claro;Dupla;"Aclive;Reta";Sim;3;0;2;0;1;0;2;2;-25,388118;-49,181793;SPRF-PR;DEL01-PR;UOP02-DEL01-PR;;;
711195;12/08/2025;ter�a-feira;04:40:00;MS;163;809;PEDRO GOMES;Ultrapassagem Indevida;Colis�o lateral sentido oposto;Sem V�timas;Amanhecer;Decrescente;C�u Claro;Simples;Reta;N�o;4;0;0;0;3;6;0;9;-17,830572;-54,720424;SPRF-MS;DEL06-MS;UOP01-DEL06-MS;;;
711196;12/08/2025;ter�a-feira;08:40:00;PR;277;132,5;BALSA NOVA;Rea��o tardia ou ineficiente do condutor;Colis�o lateral mesmo sentido;Sem V�timas;Pleno dia;Decrescente;Nublado;Dupla;Reta;N�o;4;0;0;0;3;2;0;5;-25,46788027;-49,5950532;SPRF-PR;DEL03-PR;UOP03-DEL03-PR;;;
711201;12/08/2025;ter�a-feira;08:30:00;PR;277;471,4;NOVA LARANJEIRAS;Desrespeitar a prefer�ncia no cruzamento;Colis�o transversal;Com V�timas Feridas;Pleno dia;Decrescente;C�u Claro;Simples;Interse��o de Vias;Sim;5;0;2;1;1;2;3;4;-25,3078987;-52,5390019;SPRF-PR;DEL04-PR;UOP02-DEL04-PR;;;
711207;18/07/2025;sexta-feira;20:00:00;RO;364;684;CANDEIAS DO JAMARI;Acessar a via sem observar a presen�a dos outros ve�culos;Colis�o transversal;Com V�timas Feridas;Plena Noite;Decrescente;C�u Claro;Simples;"Reta;Interse��o de Vias";N�o;6;0;1;0;3;2;1;4;-8,79073995;-63,6344111;SPRF-RO;DEL01-RO;UOP01-DEL01-RO;;;
711215;12/08/2025;ter�a-feira;11:15:00;RS;392;80,5;PELOTAS;Ingest�o de �lcool pelo condutor;Colis�o traseira;Com V�timas Feridas;Pleno dia;Crescente;C�u Claro;Simples;Reta;N�o;4;0;1;0;2;2;1;5;-31,67397272;-52,45658096;SPRF-RS;DEL07-RS;UOP01-DEL07-RS;;;
711224;12/08/2025;ter�a-feira;12:00:00;MT;163;838;SINOP;Acessar a via sem observar a presen�a dos outros ve�culos;Colis�o transversal;Com V�timas Feridas;Pleno dia;Crescente;C�u Claro;Simples;Reta;Sim;2;0;0;1;1;0;1;2;-11,833742;-55,487884;SPRF-MT;DEL06-MT;UOP02-DEL06-MT;;;
711228;12/08/2025;ter�a-feira;10:00:00;BA;407;204;CAEM;Transitar na contram�o;Colis�o frontal;Com V�timas Fatais;Pleno dia;Crescente;C�u Claro;Simples;Reta;N�o;4;1;0;0;1;2;0;4;-11,136992;-40,0619192;SPRF-BA;DEL04-BA;UOP02-DEL04-BA;;;