id;data_inversa;dia_semana;horario;uf;br;km;municipio;causa_acidente;tipo_acidente;classificacao_acidente;fase_dia;sentido_via;condicao_metereologica;tipo_pista;tracado_via;uso_solo;pessoas;mortos;feridos_leves;feridos_graves;ilesos;ignorados;feridos;veiculos;latitude;longitude;regional;delegacia;uop;;;
711231;12/08/2025;ter�a-feira;12:15:00;MG;40;666,9;CARANDAI;Desrespeitar a prefer�ncia no cruzamento;Colis�o transversal;Com V�timas Feridas;Pleno dia;Crescente;C�u Claro;Simples;Interse��o de Vias;Sim;2;0;1;0;1;0;1;2;-20,9284095;-43,81885807;SPRF-MG;DEL05-MG;UOP02-DEL05-MG;;;
711237;12/08/2025;ter�a-feira;14:00:00;GO;40;18;LUZIANIA;Ingest�o de �lcool pelo condutor;Colis�o traseira;Com V�timas Feridas;Pleno dia;Crescente;Sol;Dupla;"Aclive;Reta";Sim;2;0;1;0;1;0;1;2;-16,1828409;-47,93022151;SPRF-DF;DEL01-DF;UOP01-DEL01-DF;;;
711241;12/08/2025;ter�a-feira;13:40:00;PE;101;49,4;ABREU E LIMA;Problema com o freio;Colis�o lateral mesmo sentido;Com V�timas Feridas;Pleno dia;Crescente;C�u Claro;M�ltipla;Interse��o de Vias;Sim;5;0;3;0;1;1;3;4;-7,90486545;-34,9021754;SPRF-PE;DEL01-PE;UOP02-DEL01-PE;;;
711242;12/08/2025;ter�a-feira;15:00:00;SP;116;162,7;JACAREI;Demais falhas mec�nicas ou el�tricas;Inc�ndio;Sem V�timas;Pleno dia;Crescente;C�u Claro;Dupla;Reta;N�o;1;0;0;0;1;0;0;1;-23,284109;-45,988456;SPRF-SP;DEL02-SP;UOP01-DEL02-SP;;;
711243;09/08/2025;s�bado;03:30:00;MG;381;500;BETIM;Manobra de mudan�a de faixa;Colis�o lateral mesmo sentido;Com V�timas Feridas;Plena Noite;Crescente;Nublado;Dupla;Reta;N�o;2;0;1;0;0;1;1;2;-20,00718243;-44,2157313;SPRF-MG;DEL01-MG;UOP03-DEL01-MG;;;
711249;12/08/2025;ter�a-feira;16:00:00;ES;101;145,3;LINHARES;Ultrapassagem Indevida;Colis�o frontal;Com V�timas Fatais;Pleno dia;Crescente;C�u Claro;M�ltipla;"Aclive;Reta";Sim;6;1;1;0;3;1;1;5;-19,36387572;-40,06504177;SPRF-ES;DEL04-ES;UOP01-DEL04-ES;;;
711255;12/08/2025;ter�a-feira;13:40:00;BA;242;353;LENCOIS;Rea��o tardia ou ineficiente do condutor;Sa�da de leito carro��vel;Com V�timas Feridas;Pleno dia;Decrescente;C�u Claro;Simples;Curva;N�o;2;0;1;0;0;2;1;3;-12,49890297;-41,33123756;SPRF-BA;DEL06-BA;UOP02-DEL06-BA;;;
711259;12/08/2025;ter�a-feira;14:30:00;MG;40;674,5;CARANDAI;Condutor usando celular;Sa�da de leito carro��vel;Com V�timas Feridas;Pleno dia;Crescente;Sol;Simples;Reta;N�o;2;0;1;0;0;1;1;2;-20,99138887;-43,78092241;SPRF-MG;DEL05-MG;UOP02-DEL05-MG;;;
711261;12/08/2025;ter�a-feira;13:55:00;MG;381;637;SANTO ANTONIO DO AMPARO;Velocidade Incompat�vel;Tombamento;Com V�timas Feridas;Pleno dia;Decrescente;Sol;Dupla;Curva;N�o;2;0;1;0;0;1;1;2;-20,87387689;-44,84371524;SPRF-MG;DEL04-MG;UOP01-DEL04-MG;;;
711266;12/08/2025;ter�a-feira;17:05:00;MG;40;450,1;CAETANOPOLIS;Avarias e/ou desgaste excessivo no pneu;Tombamento;Com V�timas Feridas;Pleno dia;Crescente;C�u Claro;Dupla;"Aclive;Reta";N�o;1;0;1;0;0;0;1;1;-19,3033608;-44,3752236;SPRF-MG;DEL02-MG;UOP01-DEL02-MG;;;
711276;12/08/2025;ter�a-feira;18:00:00;MG;356;269,3;MURIAE;Transitar na contram�o;Colis�o lateral sentido oposto;Com V�timas Feridas;Anoitecer;Crescente;Nublado;Simples;Curva;N�o;6;0;2;1;2;2;3;5;-21,126119;-42,336519;SPRF-MG;DEL07-MG;UOP02-DEL07-MG;;;
711282;12/08/2025;ter�a-feira;18:10:00;PR;369;187,4;ARAPONGAS;Rea��o tardia ou ineficiente do condutor;Colis�o transversal;Com V�timas Feridas;Anoitecer;Decrescente;C�u Claro;Simples;Reta;Sim;3;0;2;0;1;0;2;2;-23,42690567;-51,42319322;SPRF-PR;DEL07-PR;UOP03-DEL07-PR;;;
711288;12/08/2025;ter�a-feira;19:25:00;SC;101;103;BALNEARIO PICARRAS;Condutor deixou de manter dist�ncia do ve�culo da frente;Colis�o traseira;Com V�timas Feridas;Plena Noite;Decrescente;Nublado;Dupla;Reta;N�o;3;0;1;0;1;1;1;3;-26,78330968;-48,68297188;SPRF-SC;DEL03-SC;UOP02-DEL03-SC;;;
711295;12/08/2025;ter�a-feira;17:00:00;PA;10;6,3;DOM ELISEU;Transitar na contram�o;Colis�o frontal;Sem V�timas;Pleno dia;Crescente;C�u Claro;Simples;"Reta;Declive";N�o;3;0;0;0;2;1;0;3;-4,38996;-47,533757;SPRF-PA;DEL02-PA;UOP02-DEL02-PA;;;
711305;12/08/2025;ter�a-feira;15:30:00;PA;163;37;NOVO PROGRESSO;Velocidade Incompat�vel;Tombamento;Com V�timas Fatais;Pleno dia;Crescente;C�u Claro;Simples;"Curva;Aclive";N�o;2;1;0;0;0;2;0;3;-9,25764833;-54,83357833;SPRF-MT;DEL06-MT;UOP03-DEL06-MT;;;
711306;12/08/2025;ter�a-feira;15:50:00;BA;101;825;PRADO;Velocidade Incompat�vel;Tombamento;Sem V�timas;Pleno dia;Decrescente;Chuva;Simples;Curva;N�o;3;0;0;0;0;3;0;2;-17,14409;-39,567498;SPRF-BA;DEL09-BA;UOP02-DEL09-BA;;;
711308;12/08/2025;ter�a-feira;19:40:00;PR;476;213;LAPA;Mal s�bito do condutor;Colis�o lateral sentido oposto;Com V�timas Feridas;Plena Noite;Crescente;Nublado;Simples;Curva;N�o;4;0;1;0;2;1;1;4;-25,78077007;-49,8778801;SPRF-PR;DEL01-PR;UOP06-DEL01-PR;;;
711309;12/08/2025;ter�a-feira;19:00:00;BA;116;875;VITORIA DA CONQUISTA;Condutor Dormindo;Colis�o lateral sentido oposto;Com V�timas Fatais;Plena Noite;Crescente;C�u Claro;Simples;"Declive;Reta";N�o;4;1;0;0;2;3;0;6;-15,251477;-41,11246;SPRF-BA;DEL08-BA;UOP03-DEL08-BA;;;
711325;12/08/2025;ter�a-feira;23:30:00;MG;381;184,5;PERIQUITO;Aus�ncia de rea��o do condutor;Sa�da de leito carro��vel;Com V�timas Feridas;Plena Noite;Crescente;Ignorado;Simples;"Declive;Curva";N�o;1;0;1;0;0;0;1;1;-19,08341726;-42,18601796;SPRF-MG;DEL06-MG;UOP01-DEL06-MG;;;
711329;13/08/2025;quarta-feira;04:15:00;RS;392;264,8;CACAPAVA DO SUL;Aus�ncia de rea��o do condutor;Colis�o traseira;Sem V�timas;Plena Noite;Decrescente;C�u Claro;Simples;"Aclive;Curva";N�o;3;0;0;0;2;1;0;3;-30,436503;-53,499055;SPRF-RS;DEL09-RS;UOP02-DEL09-RS;;;
711330;13/08/2025;quarta-feira;03:55:00;RS;116;252;SAPUCAIA DO SUL;Condutor Dormindo;Colis�o traseira;Com V�timas Fatais;Plena Noite;Decrescente;C�u Claro;M�ltipla;Reta;Sim;4;1;0;0;2;1;0;3;-29,79762501;-51,16500227;SPRF-RS;DEL01-RS;UOP02-DEL01-RS;;;
711335;13/08/2025;quarta-feira;06:00:00;MG;262;361;BETIM;Manobra de mudan�a de faixa;Colis�o com objeto;Com V�timas Feridas;Amanhecer;Decrescente;C�u Claro;Dupla;"Reta;Aclive";N�o;3;0;1;0;1;2;1;4;-19,9743168;-44,26700592;SPRF-MG;DEL01-MG;UOP03-DEL01-MG;;;
711339;13/08/2025;quarta-feira;02:30:00;BA;101;871;TEIXEIRA DE FREITAS;Demais falhas mec�nicas ou el�tricas;Inc�ndio;Sem V�timas;Plena Noite;Decrescente;Garoa/Chuvisco;Simples;"Aclive;Reta";N�o;2;0;0;0;1;1;0;2;-17,50459288;-39,70321655;SPRF-BA;DEL09-BA;UOP02-DEL09-BA;;;
711341;13/08/2025;quarta-feira;06:10:00;SC;282;559,9;NOVA ITABERABA;Aus�ncia de rea��o do condutor;Sa�da de leito carro��vel;Com V�timas Feridas;Amanhecer;Crescente;Nevoeiro/Neblina;Simples;Reta;N�o;2;0;1;0;0;1;1;2;-26,92753799;-52,84557134;SPRF-SC;DEL07-SC;UOP01-DEL07-SC;;;
711347;13/08/2025;quarta-feira;07:30:00;SE;101;62;ROSARIO DO CATETE;Aus�ncia de rea��o do condutor;Colis�o traseira;Com V�timas Feridas;Pleno dia;Crescente;C�u Claro;Dupla;Reta;N�o;2;0;1;0;1;0;1;2;-10,6882;-37,0383;SPRF-SE;DEL02-SE;UOP02-DEL02-SE;;;
711349;13/08/2025;quarta-feira;08:10:00;MG;50;58;UBERLANDIA;Velocidade Incompat�vel;Colis�o traseira;Com V�timas Feridas;Pleno dia;Crescente;C�u Claro;Dupla;"Aclive;Reta";N�o;5;0;0;1;3;4;1;7;-18,794946;-48,234861;SPRF-MG;DEL15-MG;UOP02-DEL15-MG;;;
711352;13/08/2025;quarta-feira;06:30:00;MG;40;71;PARACATU;Condutor Dormindo;Colis�o frontal;Com V�timas Feridas;Pleno dia;Decrescente;C�u Claro;Simples;"Declive;Reta";N�o;5;0;2;1;1;2;3;4;-17,407071;-46,722161;SPRF-MG;DEL14-MG;UOP01-DEL14-MG;;;
711354;13/08/2025;quarta-feira;09:00:00;GO;60;92;ANAPOLIS;Acessar a via sem observar a presen�a dos outros ve�culos;Colis�o transversal;Com V�timas Feridas;Pleno dia;Decrescente;C�u Claro;Dupla;"Retorno Regulamentado;Curva";Sim;3;0;1;0;1;2;1;4;-16,3528158;-48,9156458;SPRF-GO;DEL02-GO;UOP01-DEL02-GO;;;
711361;13/08/2025;quarta-feira;08:35:00;GO;153;234,6;HIDROLINA;Condutor Dormindo;Colis�o lateral sentido oposto;Com V�timas Feridas;Pleno dia;Crescente;C�u Claro;Simples;"Reta;Declive";N�o;3;0;1;0;1;1;1;3;-14,75097929;-49,25445557;SPRF-GO;DEL07-GO;UOP02-DEL07-GO;;;
711366;13/08/2025;quarta-feira;10:00:00;MG;381;728,2;CARMO DA CACHOEIRA;Aus�ncia de rea��o do condutor;Tombamento;Com V�timas Feridas;Pleno dia;Crescente;C�u Claro;Dupla;"Curva;Declive";N�o;2;0;1;0;0;1;1;2;-21,490808;-45,20951;SPRF-MG;DEL04-MG;UOP02-DEL04-MG;;;
711368;13/08/2025;quarta-feira;06:50:00;MG;40;615;CONGONHAS;Aus�ncia de rea��o do condutor;Engavetamento;Com V�timas Feridas;Pleno dia;Crescente;C�u Claro;Simples;"Reta;Aclive";N�o;6;0;5;0;1;0;5;3;-20,54271726;-43,8208869;SPRF-MG;DEL05-MG;UOP02-DEL05-MG;;;
711376;13/08/2025;quarta-feira;10:25:00;RS;116;254,8;ESTEIO;Rea��o tardia ou ineficiente do condutor;Colis�o lateral mesmo sentido;Com V�timas Feridas;Pleno dia;Crescente;C�u Claro;M�ltipla;Reta;Sim;3;0;1;0;1;1;1;3;-29,830595;-51,173743;SPRF-RS;DEL01-RS;UOP02-DEL01-RS;;;
711377;13/08/2025;quarta-feira;10:40:00;ES;101;148,6;LINHARES;Condutor desrespeitou a ilumina��o vermelha do sem�foro;Colis�o transversal;Sem V�timas;Pleno dia;Decrescente;C�u Claro;M�ltipla;"Reta;Interse��o de Vias";Sim;3;0;0;0;2;1;0;3;-19,3946961;-40,06539161;SPRF-ES;DEL04-ES;UOP01-DEL04-ES;;;
711379;13/08/2025;quarta-feira;11:00:00;SP;381;40;ATIBAIA;Trafegar com motocicleta (ou similar) entre as faixas;Colis�o traseira;Com V�timas Fatais;Pleno dia;Crescente;C�u Claro;Dupla;Reta;N�o;3;1;0;0;2;0;0;3;-23,13019259;-46,57672618;SPRF-SP;DEL03-SP;UOP01-DEL03-SP;;;
711380;13/08/2025;quarta-feira;10:30:00;RJ;356;147;CAMPOS DOS GOYTACAZES;Acesso irregular;Colis�o transversal;Com V�timas Feridas;Pleno dia;Crescente;C�u Claro;Dupla;Interse��o de Vias;Sim;2;0;1;0;1;0;1;2;-21,786843;-41,298855;SPRF-RJ;DEL08-RJ;UOP02-DEL08-RJ;;;
711381;13/08/2025;quarta-feira;02:30:00;PI;135;541;SAO GONCALO DO GURGUEIA;Rea��o tardia ou ineficiente do condutor;Tombamento;Com V�timas Feridas;Amanhecer;Decrescente;Nublado;Simples;"Declive;Curva";N�o;2;0;1;0;0;2;1;3;-10,054035;-45,28424;SPRF-PI;DEL03-PI;UOP02-DEL03-PI;;;
711385;13/08/2025;quarta-feira;12:15:00;ES;101;204,8;JOAO NEIVA;Acessar a via sem observar a presen�a dos outros ve�culos;Colis�o transversal;Com V�timas Feridas;Pleno dia;Decrescente;C�u Claro;Simples;"Reta;Interse��o de Vias";Sim;3;0;1;0;1;1;1;3;-19,76488109;-40,37321091;SPRF-ES;DEL02-ES;UOP01-DEL02-ES;;;
711386;13/08/2025;quarta-feira;10:20:00;SC;158;119,8;CAIBI;Condutor deixou de manter dist�ncia do ve�culo da frente;Engavetamento;Com V�timas Feridas;Pleno dia;Decrescente;C�u Claro;Simples;Reta;N�o;3;0;1;0;2;0;1;3;-26,96585301;-53,21324319;SPRF-SC;DEL07-SC;UOP02-DEL07-SC;;;
711387;13/08/2025;quarta-feira;12:20:00;SP;381;54,9;MAIRIPORA;Transitar no Acostamento;Colis�o traseira;Com V�timas Feridas;Pleno dia;Crescente;C�u Claro;Dupla;Curva;N�o;3;0;1;0;1;1;1;3;-23,25279899;-46,59492865;SPRF-SP;DEL03-SP;UOP01-DEL03-SP;;;
711388;13/08/2025;quarta-feira;12:15:00;GO;60;197,3;GUAPO;Aus�ncia de rea��o do condutor;Colis�o traseira;Com V�timas Fatais;Pleno dia;Decrescente;C�u Claro;Dupla;"Reta;Aclive";N�o;3;1;0;0;1;1;0;3;-16,866371;-49,607371;SPRF-GO;DEL01-GO;UOP02-DEL01-GO;;;
711391;13/08/2025;quarta-feira;12:25:00;PR;369;504,2;CASCAVEL;Condutor Dormindo;Colis�o frontal;Com V�timas Feridas;Pleno dia;Decrescente;Sol;Simples;Reta;Sim;2;0;1;0;1;0;1;2;-24,931912;-53,394266;SPRF-PR;DEL04-PR;UOP01-DEL04-PR;;;
711392;13/08/2025;quarta-feira;11:45:00;GO;153;575,8;PROFESSOR JAMIL;Rea��o tardia ou ineficiente do condutor;Colis�o traseira;Sem V�timas;Pleno dia;Crescente;C�u Claro;Dupla;Reta;N�o;3;0;0;0;2;1;0;3;-17,341063;-49,24297;SPRF-GO;DEL03-GO;UOP01-DEL03-GO;;;
711393;13/08/2025;quarta-feira;13:12:00;SC;101;119,6;ITAJAI;Condutor deixou de manter dist�ncia do ve�culo da frente;Colis�o traseira;Com V�timas Feridas;Pleno dia;Crescente;C�u Claro;M�ltipla;Reta;Sim;3;0;1;0;2;0;1;2;-26,90217072;-48,71681213;SPRF-SC;DEL04-SC;UOP04-DEL04-SC;;;
711394;13/08/2025;quarta-feira;08:30:00;BA;101;129;TEODORO SAMPAIO;Rea��o tardia ou ineficiente do condutor;Colis�o traseira;Com V�timas Feridas;Pleno dia;Crescente;Sol;Simples;Reta;N�o;3;0;1;0;1;1;1;3;-12,20273655;-38,61113689;SPRF-BA;DEL01-BA;UOP04-DEL01-BA;;;
711397;13/08/2025;quarta-feira;03:30:00;MT;163;998;TERRA NOVA DO NORTE;Rea��o tardia ou ineficiente do condutor;Colis�o com objeto;Sem V�timas;Plena Noite;Crescente;C�u Claro;Simples;Reta;Sim;1;0;0;0;0;1;0;1;-10,596421;-55,098708;SPRF-MT;DEL06-MT;UOP03-DEL06-MT;;;
711398;13/08/2025;quarta-feira;14:20:00;ES;101;37,6;CONCEICAO DA BARRA;Acessar a via sem observar a presen�a dos outros ve�culos;Colis�o transversal;Com V�timas Feridas;Pleno dia;Crescente;Nublado;Simples;"Interse��o de Vias;Rotat�ria";Sim;2;0;1;0;1;0;1;2;-18,4785749;-39,925121;SPRF-ES;DEL04-ES;UOP02-DEL04-ES;;;
711402;13/08/2025;quarta-feira;13:00:00;AL;316;220;ATALAIA;Acessar a via sem observar a presen�a dos outros ve�culos;Colis�o transversal;Com V�timas Fatais;Pleno dia;Decrescente;C�u Claro;Simples;"Interse��o de Vias;Reta";N�o;4;1;1;1;1;0;2;2;-9,46675081;-36,18423913;SPRF-AL;DEL01-AL;UOP01-DEL01-AL;;;
711404;13/08/2025;quarta-feira;13:00:00;SP;116;18,5;LAVRINHAS;Rea��o tardia ou ineficiente do condutor;Colis�o traseira;Com V�timas Feridas;Pleno dia;Crescente;Sol;Dupla;Reta;N�o;3;0;1;0;1;1;1;3;-22,561248;-44,861876;SPRF-SP;DEL08-SP;UOP02-DEL08-SP;;;
711405;13/08/2025;quarta-feira;11:00:00;SC;116;144;SANTA CECILIA;Velocidade Incompat�vel;Tombamento;Com V�timas Feridas;Pleno dia;Decrescente;C�u Claro;Simples;Curva;N�o;2;0;1;0;0;1;1;2;-27,02764695;-50,42341995;SPRF-SC;DEL06-SC;UOP02-DEL06-SC;;;
711406;13/08/2025;quarta-feira;14:10:00;SP;381;86;SAO PAULO;Rea��o tardia ou ineficiente do condutor;Engavetamento;Com V�timas Feridas;Pleno dia;Crescente;C�u Claro;M�ltipla;Curva;Sim;7;0;1;0;5;1;1;7;-23,46653835;-46,57088399;SPRF-SP;DEL03-SP;UOP01-DEL03-SP;;;
711407;13/08/2025;quarta-feira;14:10:00;MG;459;69,8;SENADOR JOSE BENTO;Velocidade Incompat�vel;Tombamento;Com V�timas Feridas;Pleno dia;Crescente;C�u Claro;Simples;"Declive;Curva";N�o;1;0;1;0;0;0;1;1;-22,13271636;-46,17712268;SPRF-MG;DEL09-MG;UOP01-DEL09-MG;;;
711408;13/08/2025;quarta-feira;11:45:00;MT;163;662;LUCAS DO RIO VERDE;Condutor deixou de manter dist�ncia do ve�culo da frente;Colis�o traseira;Com V�timas Feridas;Pleno dia;Crescente;C�u Claro;Simples;Reta;N�o;6;0;1;0;4;1;1;3;-13,28456167;-56,03108667;SPRF-MT;DEL06-MT;UOP01-DEL06-MT;;;
711410;13/08/2025;quarta-feira;12:00:00;PE;316;249,8;BELEM DE SAO FRANCISCO;Curva acentuada;Capotamento;Com V�timas Feridas;Pleno dia;Decrescente;C�u Claro;Simples;Curva;N�o;2;0;1;0;0;1;1;2;-8,677183;-38,971858;SPRF-PE;DEL05-PE;UOP03-DEL05-PE;;;
711419;13/08/2025;quarta-feira;15:15:00;PB;101;12,4;MAMANGUAPE;Rea��o tardia ou ineficiente do condutor;Colis�o lateral mesmo sentido;Com V�timas Feridas;Pleno dia;Decrescente;C�u Claro;Dupla;Declive;N�o;7;0;3;0;3;2;3;4;-6,603156;-35,140707;SPRF-PB;DEL01-PB;UOP03-DEL01-PB;;;
711420;13/08/2025;quarta-feira;15:59:00;MG;40;531;BELO HORIZONTE;Manobra de mudan�a de faixa;Colis�o lateral mesmo sentido;Com V�timas Feridas;Pleno dia;Crescente;C�u Claro;Dupla;"Aclive;Reta";Sim;2;0;1;0;1;0;1;2;-19,92587855;-44,01800036;SPRF-MG;DEL01-MG;UOP02-DEL01-MG;;;
711424;13/08/2025;quarta-feira;13:40:00;GO;153;548;PIRACANJUBA;Condutor Dormindo;Colis�o traseira;Com V�timas Feridas;Pleno dia;Decrescente;C�u Claro;Dupla;Aclive;N�o;3;0;1;0;1;1;1;3;-17,118938;-49,211585;SPRF-GO;DEL01-GO;UOP03-DEL01-GO;;;
711427;13/08/2025;quarta-feira;12:50:00;SC;470;126;LONTRAS;Velocidade Incompat�vel;Tombamento;Com V�timas Feridas;Pleno dia;Decrescente;Sol;Simples;Curva;Sim;2;0;1;0;0;1;1;2;-27,13186744;-49,53846741;SPRF-SC;DEL04-SC;UOP02-DEL04-SC;;;
711432;13/08/2025;quarta-feira;16:30:00;ES;101;297,6;VIANA;Rea��o tardia ou ineficiente do condutor;Colis�o traseira;Com V�timas Feridas;Pleno dia;Crescente;C�u Claro;Dupla;Reta;Sim;2;0;1;0;1;0;1;2;-20,35064302;-40,41293621;SPRF-ES;DEL01-ES;UOP01-DEL01-ES;;;
711433;13/08/2025;quarta-feira;16:30:00;GO;40;3;VALPARAISO DE GOIAS;Aus�ncia de rea��o do condutor;Colis�o traseira;Com V�timas Feridas;Pleno dia;Decrescente;C�u Claro;Dupla;Reta;Sim;3;0;1;0;2;0;1;3;-16,081363;-47,986378;SPRF-DF;DEL01-DF;UOP01-DEL01-DF;;;
711436;13/08/2025;quarta-feira;13:20:00;MG;262;624;IBIA;Rea��o tardia ou ineficiente do condutor;Colis�o traseira;Com V�timas Feridas;Pleno dia;Decrescente;C�u Claro;Simples;"Reta;Em Obras";N�o;5;0;2;0;3;0;2;2;-19,58013874;-46,5237492;SPRF-MG;DEL08-MG;UOP02-DEL08-MG;;;
711445;13/08/2025;quarta-feira;15:57:00;MS;267;361;MARACAJU;Condutor deixou de manter dist�ncia do ve�culo da frente;Colis�o lateral mesmo sentido;Com V�timas Feridas;Anoitecer;Decrescente;C�u Claro;Simples;Reta;N�o;5;0;1;0;3;4;1;8;-21,64372131;-55,12572024;SPRF-MS;DEL02-MS;UOP02-DEL02-MS;;;
711447;13/08/2025;quarta-feira;18:35:00;SC;101;201,8;SAO JOSE;Acessar a via sem observar a presen�a dos outros ve�culos;Colis�o lateral mesmo sentido;Com V�timas Feridas;Plena Noite;Decrescente;C�u Claro;M�ltipla;Reta;Sim;4;0;0;1;2;1;1;4;-27,555743;-48,619313;SPRF-SC;DEL01-SC;UOP01-DEL01-SC;;;
711456;13/08/2025;quarta-feira;18:25:00;RN;110;23,7;MOSSORO;Pedestre - Ingest�o de �lcool/ subst�ncias psicoativas;Atropelamento de Pedestre;Com V�timas Fatais;Plena Noite;Crescente;C�u Claro;Simples;Reta;Sim;2;1;0;0;1;0;0;2;-5,080552;-37,180018;SPRF-RN;DEL04-RN;UOP01-DEL04-RN;;;
711461;13/08/2025;quarta-feira;19:00:00;PR;476;169,8;CONTENDA;Rea��o tardia ou ineficiente do condutor;Sa�da de leito carro��vel;Com V�timas Feridas;Plena Noite;Decrescente;C�u Claro;Simples;"Reta;Aclive";Sim;2;0;1;0;1;0;1;2;-25,67170417;-49,50988627;SPRF-PR;DEL01-PR;UOP06-DEL01-PR;;;
711463;13/08/2025;quarta-feira;19:20:00;GO;153;490;GOIANIA;Acessar a via sem observar a presen�a dos outros ve�culos;Colis�o traseira;Com V�timas Feridas;Plena Noite;Decrescente;Nublado;Dupla;Reta;Sim;4;0;0;1;2;2;1;4;-16,6110145;-49,2073465;SPRF-GO;DEL01-GO;UOP01-DEL01-GO;;;
711466;13/08/2025;quarta-feira;18:50:00;MT;158;527;CANARANA;Demais falhas mec�nicas ou el�tricas;Inc�ndio;Sem V�timas;Anoitecer;Crescente;C�u Claro;Simples;Reta;N�o;2;0;0;0;1;3;0;4;-13,75439206;-52,04189301;SPRF-MT;DEL07-MT;UOP02-DEL07-MT;;;
711470;13/08/2025;quarta-feira;18:15:00;MG;262;454;ARAUJOS;Ingest�o de �lcool pelo condutor;Colis�o traseira;Com V�timas Feridas;Anoitecer;Decrescente;C�u Claro;Simples;Ponte;N�o;2;0;0;1;1;0;1;2;-19,81083102;-45,11050254;SPRF-MG;DEL08-MG;UOP03-DEL08-MG;;;
711476;13/08/2025;quarta-feira;19:00:00;PE;101;119,6;IPOJUCA;Pista esburacada;Sa�da de leito carro��vel;Com V�timas Feridas;Plena Noite;Crescente;Nublado;Dupla;Reta;N�o;1;0;1;0;0;0;1;1;-8,353087;-35,175603;SPRF-PE;DEL01-PE;UOP03-DEL01-PE;;;
711477;13/08/2025;quarta-feira;21:00:00;BA;101;446;AURELINO LEAL;Aus�ncia de rea��o do condutor;Colis�o traseira;Com V�timas Feridas;Plena Noite;Crescente;Nublado;Simples;"Reta;Ponte";Sim;5;0;1;0;1;3;1;4;-14,317237;-39,314285;SPRF-BA;DEL05-BA;UOP01-DEL05-BA;;;
711484;13/08/2025;quarta-feira;18:20:00;MT;163;827;SINOP;Rea��o tardia ou ineficiente do condutor;Colis�o lateral mesmo sentido;Com V�timas Feridas;Plena Noite;Decrescente;C�u Claro;Dupla;"Reta;Retorno Regulamentado";Sim;4;0;1;0;1;4;1;6;-11,92268718;-55,51159235;SPRF-MT;DEL06-MT;UOP02-DEL06-MT;;;
711489;13/08/2025;quarta-feira;07:25:00;PE;232;416;SERRA TALHADA;Rea��o tardia ou ineficiente do condutor;Sa�da de leito carro��vel;Com V�timas Feridas;Pleno dia;Decrescente;C�u Claro;Simples;Reta;N�o;2;0;1;0;0;1;1;2;-7,99806275;-38,3816967;SPRF-PE;DEL04-PE;UOP01-DEL04-PE;;;
711490;13/08/2025;quarta-feira;15:00:00;SC;116;159,2;SANTA CECILIA;Frear bruscamente;Colis�o lateral mesmo sentido;Com V�timas Feridas;Pleno dia;Crescente;C�u Claro;Simples;Reta;N�o;4;0;3;0;1;0;3;2;-27,09599624;-50,45226842;SPRF-SC;DEL06-SC;UOP02-DEL06-SC;;;
711495;13/08/2025;quarta-feira;21:10:00;PE;101;48,3;ABREU E LIMA;Acessar a via sem observar a presen�a dos outros ve�culos;Colis�o lateral mesmo sentido;Com V�timas Feridas;Plena Noite;Decrescente;C�u Claro;Dupla;Reta;Sim;4;0;1;1;1;1;2;3;-7,895347;-34,902742;SPRF-PE;DEL01-PE;UOP02-DEL01-PE;;;
711498;13/08/2025;quarta-feira;19:00:00;MG;381;636,9;SANTO ANTONIO DO AMPARO;Demais falhas mec�nicas ou el�tricas;Inc�ndio;Sem V�timas;Plena Noite;Crescente;Ignorado;Dupla;"Aclive;Curva";N�o;2;0;0;0;1;1;0;2;-20,8745642;-44,8440712;SPRF-MG;DEL04-MG;UOP01-DEL04-MG;;;
711500;13/08/2025;quarta-feira;23:30:00;SC;101;34;JOINVILLE;Rea��o tardia ou ineficiente do condutor;Colis�o traseira;Com V�timas Feridas;Plena Noite;Crescente;C�u Claro;Dupla;Reta;N�o;2;0;0;1;1;0;1;2;-26,26252402;-48,90211757;SPRF-SC;DEL03-SC;UOP01-DEL03-SC;;;
711510;14/08/2025;quinta-feira;01:00:00;PR;277;7;PARANAGUA;Condutor deixou de manter dist�ncia do ve�culo da frente;Colis�o traseira;Com V�timas Feridas;Plena Noite;Decrescente;C�u Claro;Dupla;Reta;N�o;3;0;1;0;1;3;1;5;-25,5575162;-48,5713668;SPRF-PR;DEL01-PR;UOP05-DEL01-PR;;;
711517;14/08/2025;quinta-feira;01:00:00;GO;452;15,1;RIO VERDE;Demais falhas mec�nicas ou el�tricas;Inc�ndio;Sem V�timas;Plena Noite;Crescente;C�u Claro;Simples;Declive;N�o;2;0;0;0;1;3;0;4;-17,849112;-50,775344;SPRF-GO;DEL04-GO;UOP01-DEL04-GO;;;
711518;14/08/2025;quinta-feira;04:00:00;SC;101;405,3;ARARANGUA;Condutor Dormindo;Colis�o traseira;Com V�timas Feridas;Plena Noite;Decrescente;C�u Claro;Dupla;Reta;N�o;3;0;1;0;1;1;1;3;-28,89409041;-49,46987852;SPRF-SC;DEL02-SC;UOP02-DEL02-SC;;;
711523;13/08/2025;quarta-feira;09:00:00;MT;174;301;PONTES E LACERDA;Condutor deixou de manter dist�ncia do ve�culo da frente;Colis�o traseira;Sem V�timas;Pleno dia;Decrescente;C�u Claro;Simples;Reta;N�o;5;0;0;0;4;1;0;3;-15,27118;-59,295235;SPRF-MT;DEL04-MT;UOP01-DEL04-MT;;;