id;data_inversa;dia_semana;horario;uf;br;km;municipio;causa_acidente;tipo_acidente;classificacao_acidente;fase_dia;sentido_via;condicao_metereologica;tipo_pista;tracado_via;uso_solo;pessoas;mortos;feridos_leves;feridos_graves;ilesos;ignorados;feridos;veiculos;latitude;longitude;regional;delegacia;uop;;;
711531;13/08/2025;quarta-feira;15:45:00;AM;319;604;HUMAITA;Demais falhas mec�nicas ou el�tricas;Inc�ndio;Sem V�timas;Pleno dia;Crescente;C�u Claro;Simples;Reta;N�o;2;0;0;0;1;1;0;2;-7,112972;-63,113417;SPRF-AM;DEL01-AM;UOP04-DEL01-AM;;;
711532;14/08/2025;quinta-feira;05:40:00;BA;110;20;PAULO AFONSO;Condutor Dormindo;Sa�da de leito carro��vel;Com V�timas Feridas;Pleno dia;Decrescente;C�u Claro;Simples;Reta;N�o;2;0;1;1;0;0;2;1;-9,61633885;-38,22021962;SPRF-BA;DEL07-BA;UOP01-DEL07-BA;;;
711534;14/08/2025;quinta-feira;07:20:00;RS;386;325;NOVA SANTA RITA;Acessar a via sem observar a presen�a dos outros ve�culos;Colis�o transversal;Com V�timas Feridas;Pleno dia;Crescente;C�u Claro;Simples;Rotat�ria;Sim;3;0;1;0;2;0;1;2;-29,84911;-51,2698252;SPRF-RS;DEL04-RS;UOP01-DEL04-RS;;;
711535;14/08/2025;quinta-feira;01:15:00;MS;262;379;TERENOS;Aus�ncia de rea��o do condutor;Sa�da de leito carro��vel;Sem V�timas;Plena Noite;Crescente;C�u Claro;Simples;Reta;N�o;2;0;0;0;0;2;0;2;-20,467292;-54,841255;SPRF-MS;DEL01-MS;UOP03-DEL01-MS;;;
711541;14/08/2025;quinta-feira;06:49:00;CE;116;89;CASCAVEL;Suic�dio (presumido);Colis�o frontal;Com V�timas Fatais;Pleno dia;Decrescente;C�u Claro;Simples;Reta;Sim;3;1;0;0;2;0;0;3;-4,46739;-38,36409;SPRF-CE;DEL01-CE;UOP04-DEL01-CE;;;
711545;14/08/2025;quinta-feira;01:30:00;RJ;116;329;ITATIAIA;Rea��o tardia ou ineficiente do condutor;Colis�o traseira;Com V�timas Feridas;Plena Noite;Crescente;C�u Claro;Dupla;Reta;Sim;3;0;1;0;1;1;1;3;-22,50440966;-44,61686254;SPRF-RJ;DEL07-RJ;UOP02-DEL07-RJ;;;
711547;14/08/2025;quinta-feira;07:35:00;MG;262;348;BETIM;Aus�ncia de rea��o do condutor;Engavetamento;Com V�timas Feridas;Pleno dia;Decrescente;C�u Claro;M�ltipla;Reta;Sim;4;0;1;0;3;0;1;3;-19,9856051;-44,2037384;SPRF-MG;DEL01-MG;UOP03-DEL01-MG;;;
711549;13/08/2025;quarta-feira;04:30:00;BA;242;614;MUQUEM DE SAO FRANCISCO;Rea��o tardia ou ineficiente do condutor;Sa�da de leito carro��vel;Com V�timas Feridas;Amanhecer;Decrescente;C�u Claro;Simples;Reta;N�o;2;0;0;1;0;3;1;4;-12,171995;-43,261249;SPRF-BA;DEL10-BA;UOP01-DEL10-BA;;;
711557;14/08/2025;quinta-feira;08:10:00;PR;376;440,1;TIBAGI;Velocidade Incompat�vel;Tombamento;Com V�timas Feridas;Pleno dia;Decrescente;C�u Claro;Dupla;"Curva;Declive";N�o;2;0;0;1;0;1;1;2;-24,65394244;-50,61452573;SPRF-PR;DEL03-PR;UOP02-DEL03-PR;;;
711561;14/08/2025;quinta-feira;08:30:00;BA;242;226,5;ITABERABA;Desrespeitar a prefer�ncia no cruzamento;Colis�o transversal;Com V�timas Feridas;Pleno dia;Crescente;Nublado;Simples;"Reta;Interse��o de Vias";N�o;3;0;1;0;1;1;1;3;-12,51870861;-40,28233264;SPRF-BA;DEL06-BA;UOP02-DEL06-BA;;;
711570;14/08/2025;quinta-feira;08:30:00;RO;364;11;VILHENA;Convers�o proibida;Colis�o transversal;Com V�timas Feridas;Pleno dia;Decrescente;Sol;Simples;Reta;Sim;3;0;0;1;1;3;1;5;-12,74418858;-60,11993408;SPRF-RO;DEL04-RO;UOP01-DEL04-RO;;;
711572;14/08/2025;quinta-feira;10:40:00;RS;116;252;SAPUCAIA DO SUL;Rea��o tardia ou ineficiente do condutor;Colis�o traseira;Sem V�timas;Pleno dia;Decrescente;C�u Claro;Dupla;Reta;Sim;5;0;0;0;5;0;0;2;-29,80518471;-51,16625402;SPRF-RS;DEL01-RS;UOP02-DEL01-RS;;;
711577;14/08/2025;quinta-feira;11:00:00;PA;230;118;MARABA;Demais falhas mec�nicas ou el�tricas;Colis�o traseira;Sem V�timas;Pleno dia;Decrescente;C�u Claro;Dupla;Interse��o de Vias;Sim;4;0;0;0;4;0;0;4;-5,3503713;-49,1021807;SPRF-PA;DEL03-PA;UOP01-DEL03-PA;;;
711578;14/08/2025;quinta-feira;11:05:00;GO;50;112;CRISTALINA;Carga excessiva e/ou mal acondicionada;Inc�ndio;Sem V�timas;Pleno dia;Crescente;C�u Claro;Dupla;Reta;N�o;2;0;0;0;1;2;0;3;-16,877653;-47,679435;SPRF-DF;DEL01-DF;UOP02-DEL01-DF;;;
711579;14/08/2025;quinta-feira;11:55:00;PE;101;34;ITAPISSUMA;Acessar a via sem observar a presen�a dos outros ve�culos;Colis�o lateral mesmo sentido;Com V�timas Feridas;Pleno dia;Decrescente;C�u Claro;Dupla;Reta;N�o;3;0;1;0;1;1;1;3;-7,771;-34,935;SPRF-PE;DEL01-PE;UOP02-DEL01-PE;;;
711580;14/08/2025;quinta-feira;10:30:00;SP;116;69,4;APARECIDA;Demais falhas mec�nicas ou el�tricas;Colis�o com objeto;Com V�timas Feridas;Pleno dia;Crescente;C�u Claro;Dupla;Reta;Sim;2;0;0;1;1;0;1;2;-22,842453;-45,224467;SPRF-SP;DEL08-SP;UOP01-DEL08-SP;;;
711581;14/08/2025;quinta-feira;10:30:00;PI;316;314;PICOS;Acessar a via sem observar a presen�a dos outros ve�culos;Colis�o traseira;Com V�timas Feridas;Pleno dia;Crescente;C�u Claro;Simples;Reta;Sim;4;0;0;2;1;1;2;3;-7,07938614;-41,4334023;SPRF-PI;DEL04-PI;UOP01-DEL04-PI;;;
711583;14/08/2025;quinta-feira;10:00:00;MT;364;142;PEDRA PRETA;Manobra de mudan�a de faixa;Colis�o traseira;Com V�timas Feridas;Pleno dia;Decrescente;C�u Claro;Simples;"Curva;Declive";N�o;4;0;1;0;2;4;1;7;-16,74208509;-54,26765442;SPRF-MT;DEL02-MT;UOP01-DEL02-MT;;;
711584;14/08/2025;quinta-feira;11:15:00;MG;40;462;SETE LAGOAS;Condutor usando celular;Colis�o lateral mesmo sentido;Com V�timas Feridas;Pleno dia;Decrescente;C�u Claro;Dupla;"Aclive;Reta";N�o;2;0;1;0;1;0;1;2;-19,41267;-44,33747;SPRF-MG;DEL02-MG;UOP01-DEL02-MG;;;
711589;14/08/2025;quinta-feira;12:00:00;PR;376;550;BALSA NOVA;Ingest�o de �lcool pelo condutor;Tombamento;Com V�timas Feridas;Pleno dia;Decrescente;C�u Claro;Simples;"Aclive;Curva";N�o;2;0;1;0;0;3;1;4;-25,44420468;-49,74326134;SPRF-PR;DEL03-PR;UOP03-DEL03-PR;;;
711607;14/08/2025;quinta-feira;13:00:00;RS;101;40;TRES FORQUILHAS;Aus�ncia de rea��o do condutor;Colis�o traseira;Com V�timas Feridas;Pleno dia;Decrescente;C�u Claro;Dupla;Curva;N�o;2;0;1;0;0;1;1;2;-29,5397626;-50,03121123;SPRF-RS;DEL03-RS;UOP02-DEL03-RS;;;
711609;14/08/2025;quinta-feira;12:25:00;PR;376;261;CALIFORNIA;Rea��o tardia ou ineficiente do condutor;Tombamento;Com V�timas Feridas;Pleno dia;Decrescente;C�u Claro;Dupla;"Curva;Aclive";N�o;2;0;1;0;0;1;1;2;-23,70046842;-51,33457152;SPRF-PR;DEL07-PR;UOP03-DEL07-PR;;;
711611;14/08/2025;quinta-feira;15:30:00;MG;40;784,1;JUIZ DE FORA;Demais falhas mec�nicas ou el�tricas;Inc�ndio;Sem V�timas;Pleno dia;Crescente;C�u Claro;Dupla;Curva;N�o;2;0;0;0;2;0;0;1;-21,594112;-43,4601984;SPRF-MG;DEL05-MG;UOP01-DEL05-MG;;;
711615;14/08/2025;quinta-feira;15:34:00;TO;153;335;GUARAI;Ultrapassagem Indevida;Colis�o transversal;Com V�timas Feridas;Pleno dia;Decrescente;C�u Claro;M�ltipla;"Interse��o de Vias;Reta";Sim;3;0;2;0;0;1;2;2;-8,841655;-48,511433;SPRF-TO;DEL02-TO;UOP02-DEL02-TO;;;
711618;14/08/2025;quinta-feira;17:00:00;DF;60;1,3;BRASILIA;Condutor deixou de manter dist�ncia do ve�culo da frente;Colis�o traseira;Com V�timas Feridas;Pleno dia;Decrescente;C�u Claro;Dupla;Reta;Sim;3;0;1;0;1;1;1;3;-15,885444;-48,071485;SPRF-DF;DEL03-DF;UOP01-DEL03-DF;;;
711628;14/08/2025;quinta-feira;17:50:00;SC;101;120;ITAJAI;Trafegar com motocicleta (ou similar) entre as faixas;Colis�o traseira;Com V�timas Feridas;Plena Noite;Decrescente;Nublado;M�ltipla;Reta;Sim;2;0;1;0;1;0;1;2;-26,91590458;-48,71075609;SPRF-SC;DEL04-SC;UOP04-DEL04-SC;;;
711630;14/08/2025;quinta-feira;17:00:00;RJ;116;143;DUQUE DE CAXIAS;Pedestre andava na pista;Atropelamento de Pedestre;Com V�timas Feridas;Anoitecer;Decrescente;C�u Claro;Dupla;Reta;Sim;3;0;1;0;1;1;1;3;-22,650219;-43,23395;SPRF-RJ;DEL01-RJ;UOP02-DEL01-RJ;;;
711634;14/08/2025;quinta-feira;18:00:00;PE;104;66,3;CARUARU;Condutor deixou de manter dist�ncia do ve�culo da frente;Colis�o traseira;Com V�timas Feridas;Plena Noite;Crescente;C�u Claro;Dupla;"Viaduto;Declive;Reta";Sim;3;0;2;0;1;0;2;2;-8,28912451;-35,98463265;SPRF-PE;DEL02-PE;UOP01-DEL02-PE;;;
711642;14/08/2025;quinta-feira;18:50:00;MG;40;522;CONTAGEM;Condutor deixou de manter dist�ncia do ve�culo da frente;Colis�o lateral mesmo sentido;Com V�timas Feridas;Plena Noite;Decrescente;C�u Claro;Dupla;Reta;Sim;6;0;3;1;2;0;4;4;-19,866075;-44,064682;SPRF-MG;DEL01-MG;UOP02-DEL01-MG;;;
711647;14/08/2025;quinta-feira;19:00:00;MG;262;781;UBERABA;Ultrapassagem Indevida;Colis�o frontal;Com V�timas Feridas;Plena Noite;Crescente;C�u Claro;Simples;"Aclive;Curva";N�o;3;0;0;2;1;0;2;2;-19,7201367;-47,709895;SPRF-MG;DEL13-MG;UOP01-DEL13-MG;;;
711657;14/08/2025;quinta-feira;19:26:00;PE;232;51;POMBOS;Aus�ncia de rea��o do condutor;Tombamento;Sem V�timas;Plena Noite;Crescente;C�u Claro;Dupla;Reta;N�o;7;0;0;0;5;2;0;3;-8,13074;-35,35166;SPRF-PE;DEL02-PE;UOP02-DEL02PE;;;
711667;14/08/2025;quinta-feira;17:30:00;MT;174;505;COMODORO;Aus�ncia de rea��o do condutor;Sa�da de leito carro��vel;Com V�timas Feridas;Pleno dia;Crescente;C�u Claro;Simples;Reta;N�o;2;0;1;0;0;3;1;4;-13,38549686;-59,86053944;SPRF-MT;DEL04-MT;UOP02-DEL04-MT;;;
711669;14/08/2025;quinta-feira;21:30:00;SP;116;168,2;JACAREI;Aus�ncia de rea��o do condutor;Colis�o lateral mesmo sentido;Com V�timas Feridas;Plena Noite;Crescente;C�u Claro;Dupla;Declive;Sim;4;0;0;1;2;2;1;4;-23,30534442;-46,03518248;SPRF-SP;DEL02-SP;UOP01-DEL02-SP;;;
711671;14/08/2025;quinta-feira;15:12:00;MG;251;337,9;RUBELITA;Carga excessiva e/ou mal acondicionada;Tombamento;Sem V�timas;Pleno dia;Crescente;C�u Claro;Simples;Curva;N�o;1;0;0;0;1;0;0;1;-16,256227;-42,438896;SPRF-MG;DEL12-MG;UOP02-DEL12-MG;;;
711672;14/08/2025;quinta-feira;19:15:00;PI;316;134;PASSAGEM FRANCA DO PIAUI;Aus�ncia de rea��o do condutor;Colis�o lateral sentido oposto;Com V�timas Feridas;Plena Noite;Crescente;C�u Claro;Simples;Declive;N�o;2;0;1;0;1;0;1;2;-6,04698;-42,277777;SPRF-PI;DEL04-PI;UOP02-DEL04-PI;;;
711673;14/08/2025;quinta-feira;19:00:00;MT;163;77,1;RONDONOPOLIS;Defici�ncia do Sistema de Ilumina��o/Sinaliza��o;Colis�o traseira;Com V�timas Feridas;Plena Noite;Decrescente;C�u Claro;Dupla;Reta;N�o;4;0;0;1;2;1;1;4;-16,83682;-54,69982;SPRF-MT;DEL02-MT;UOP03-DEL02-MT;;;
711684;14/08/2025;quinta-feira;21:15:00;BA;324;518;FEIRA DE SANTANA;Velocidade Incompat�vel;Tombamento;Sem V�timas;Plena Noite;Decrescente;C�u Claro;Dupla;Viaduto;N�o;2;0;0;0;0;2;0;2;-12,2719142;-38,9363086;SPRF-BA;DEL02-BA;UOP01-DEL02-BA;;;
711694;14/08/2025;quinta-feira;18:40:00;RJ;393;174;TRES RIOS;Velocidade Incompat�vel;Tombamento;Com V�timas Feridas;Amanhecer;Decrescente;C�u Claro;Simples;Reta;N�o;2;0;0;1;1;0;1;1;-22,12600147;-43,2122812;SPRF-RJ;DEL05-RJ;UOP03-DEL05-RJ;;;
711697;14/08/2025;quinta-feira;22:05:00;MG;381;525,1;BRUMADINHO;Velocidade Incompat�vel;Sa�da de leito carro��vel;Com V�timas Fatais;Plena Noite;Crescente;C�u Claro;Dupla;"Declive;Reta";N�o;2;2;0;0;0;0;0;1;-20,14717306;-44,3239975;SPRF-MG;DEL04-MG;UOP03-DEL04-MG;;;
711718;14/08/2025;quinta-feira;15:41:00;PA;163;404;ITAITUBA;Demais falhas mec�nicas ou el�tricas;Inc�ndio;Sem V�timas;Pleno dia;Decrescente;C�u Claro;Simples;Reta;N�o;2;0;0;0;1;2;0;3;-6,2616;-55,604;SPRF-PA;DEL05-PA;UOP03-DEL05-PA;;;
711723;15/08/2025;sexta-feira;09:05:00;PR;116;113;CURITIBA;Rea��o tardia ou ineficiente do condutor;Sa�da de leito carro��vel;Com V�timas Feridas;Pleno dia;Decrescente;Nublado;Dupla;Reta;N�o;3;0;2;0;0;1;2;2;-25,547327;-49,289672;SPRF-PR;DEL01-PR;UOP03-DEL01-PR;;;
711732;08/08/2025;sexta-feira;09:00:00;MG;116;34,4;CACHOEIRA DE PAJEU;Aus�ncia de rea��o do condutor;Colis�o frontal;Com V�timas Feridas;Pleno dia;Crescente;C�u Claro;Simples;Curva;N�o;4;0;1;1;1;1;2;3;-15,936553;-41,399856;SPRF-MG;DEL11-MG;UOP02-DEL11-MG;;;
711734;15/08/2025;sexta-feira;09:45:00;SC;282;610;MARAVILHA;Manobra de mudan�a de faixa;Colis�o lateral mesmo sentido;Com V�timas Feridas;Pleno dia;Decrescente;C�u Claro;Simples;Reta;N�o;3;0;1;0;2;0;1;2;-26,75544874;-53,2317967;SPRF-SC;DEL07-SC;UOP02-DEL07-SC;;;
711737;15/08/2025;sexta-feira;10:30:00;MG;50;61,3;UBERLANDIA;Transitar no Acostamento;Colis�o traseira;Com V�timas Fatais;Pleno dia;Crescente;C�u Claro;Dupla;Reta;Sim;4;1;0;0;2;2;0;5;-18,819986;-48,250037;SPRF-MG;DEL15-MG;UOP02-DEL15-MG;;;
711738;15/08/2025;sexta-feira;09:06:00;MS;262;362;CAMPO GRANDE;Manobra de mudan�a de faixa;Colis�o transversal;Sem V�timas;Pleno dia;Crescente;C�u Claro;Simples;Reta;N�o;4;0;0;0;4;0;0;2;-20,510901;-54,723264;SPRF-MS;DEL01-MS;UOP03-DEL01-MS;;;
711739;15/08/2025;sexta-feira;09:35:00;RS;116;51;VACARIA;Condutor deixou de manter dist�ncia do ve�culo da frente;Colis�o traseira;Com V�timas Feridas;Pleno dia;Crescente;C�u Claro;Simples;"Aclive;Em Obras;Reta";N�o;4;0;2;0;2;0;2;2;-28,57754986;-51,02089405;SPRF-RS;DEL05-RS;UOP03-DEL05-RS;;;
711753;15/08/2025;sexta-feira;11:00:00;BA;101;341;TEOLANDIA;Condutor deixou de manter dist�ncia do ve�culo da frente;Queda de ocupante de ve�culo;Com V�timas Fatais;Pleno dia;Crescente;Garoa/Chuvisco;Simples;Curva;Sim;3;1;0;0;0;2;0;3;-13,55900108;-39,46810442;SPRF-BA;DEL05-BA;UOP03-DEL05-BA;;;
711754;15/08/2025;sexta-feira;11:05:00;MG;251;317;SALINAS;Acessar a via sem observar a presen�a dos outros ve�culos;Colis�o transversal;Com V�timas Feridas;Pleno dia;Crescente;C�u Claro;Simples;"Interse��o de Vias;Curva";N�o;3;0;1;0;1;1;1;3;-16,1644799;-42,3147361;SPRF-MG;DEL12-MG;UOP02-DEL12-MG;;;
711755;15/08/2025;sexta-feira;11:15:00;BA;407;124;SENHOR DO BONFIM;Transitar na contram�o;Colis�o traseira;Com V�timas Feridas;Pleno dia;Decrescente;C�u Claro;Simples;Reta;N�o;3;0;2;0;1;0;2;2;-10,44608;-40,18563;SPRF-BA;DEL04-BA;UOP01-DEL04-BA;;;
711778;23/07/2025;quarta-feira;06:10:00;PA;230;83;SAO JOAO DO ARAGUAIA;Ultrapassagem Indevida;Colis�o frontal;Com V�timas Fatais;Amanhecer;Crescente;Sol;Simples;Aclive;N�o;10;5;0;3;0;3;3;5;-5,476286;-48,829161;SPRF-PA;DEL03-PA;UOP01-DEL03-PA;;;
711780;15/08/2025;sexta-feira;13:55:00;RS;392;39,4;RIO GRANDE;Rea��o tardia ou ineficiente do condutor;Atropelamento de Pedestre;Com V�timas Feridas;Pleno dia;Decrescente;C�u Claro;Dupla;Reta;Sim;2;0;1;0;1;0;1;2;-31,95386867;-52,30683306;SPRF-RS;DEL07-RS;UOP02-DEL07-RS;;;
711781;15/08/2025;sexta-feira;14:25:00;SC;101;145;ITAPEMA;Rea��o tardia ou ineficiente do condutor;Colis�o traseira;Com V�timas Feridas;Pleno dia;Decrescente;Nublado;Dupla;"Aclive;Reta";N�o;3;0;0;1;2;0;1;2;-27,08294;-48,60307;SPRF-SC;DEL04-SC;UOP03-DEL04-SC;;;
711782;16/07/2025;quarta-feira;04:09:00;GO;153;2,7;PORANGATU;Transitar na contram�o;Colis�o frontal;Com V�timas Fatais;Plena Noite;Crescente;C�u Claro;Simples;Reta;N�o;69;5;2;10;51;1;12;4;-12,85966963;-49,10614014;SPRF-GO;DEL07-GO;UOP01-DEL07-GO;;;
711785;15/08/2025;sexta-feira;12:30:00;SC;470;51;BLUMENAU;Suic�dio (presumido);Atropelamento de Pedestre;Com V�timas Feridas;Pleno dia;Decrescente;Nublado;Simples;"Viaduto;Reta";Sim;2;0;0;1;1;0;1;2;-26,86276813;-49,08504574;SPRF-SC;DEL04-SC;UOP01-DEL04-SC;;;
711787;15/08/2025;sexta-feira;12:55:00;PR;277;592,7;CASCAVEL;Ingest�o de �lcool pelo condutor;Colis�o lateral mesmo sentido;Sem V�timas;Pleno dia;Crescente;C�u Claro;Simples;Aclive;Sim;3;0;0;0;1;2;0;3;-24,98128309;-53,47955821;SPRF-PR;DEL04-PR;UOP01-DEL04-PR;;;
711790;15/08/2025;sexta-feira;10:50:00;SC;282;491,8;FAXINAL DOS GUEDES;Rea��o tardia ou ineficiente do condutor;Colis�o traseira;Sem V�timas;Pleno dia;Crescente;C�u Claro;Simples;Reta;N�o;4;0;0;0;3;1;0;4;-26,87330803;-52,28901314;SPRF-SC;DEL07-SC;UOP01-DEL07-SC;;;
711792;30/07/2025;quarta-feira;16:55:00;BA;116;931;ENCRUZILHADA;Rea��o tardia ou ineficiente do condutor;Colis�o traseira;Com V�timas Feridas;Pleno dia;Crescente;C�u Claro;Simples;Reta;N�o;9;0;5;1;2;2;6;5;-15,681132;-41,322756;SPRF-BA;DEL08-BA;UOP03-DEL08-BA;;;
711793;05/07/2025;s�bado;20:00:00;DF;80;11;BRASILIA;Ingest�o de �lcool pelo condutor;Colis�o transversal;Com V�timas Feridas;Plena Noite;Crescente;C�u Claro;Simples;"Aclive;Reta";N�o;4;0;2;0;2;0;2;2;-15,73091016;-48,18040252;SPRF-DF;DEL03-DF;UOP02-DEL03-DF;;;
711795;04/08/2025;segunda-feira;07:00:00;PE;104;119;PANELAS;Aus�ncia de rea��o do condutor;Colis�o com objeto;Com V�timas Fatais;Pleno dia;Decrescente;Chuva;Simples;"Reta;Declive";N�o;2;1;0;0;0;3;0;4;-8,69362678;-36,02258205;SPRF-PE;DEL02-PE;UOP01-DEL02-PE;;;
711796;15/08/2025;sexta-feira;09:20:00;SP;116;567;BARRA DO TURVO;Velocidade Incompat�vel;Engavetamento;Com V�timas Feridas;Pleno dia;Crescente;Garoa/Chuvisco;Simples;Declive;N�o;16;0;7;2;6;3;9;11;-25,05;-48,554;SPRF-SP;DEL05-SP;UOP02-DEL05-SP;;;
711797;15/08/2025;sexta-feira;12:30:00;MT;364;272;JACIARA;Demais falhas mec�nicas ou el�tricas;Inc�ndio;Sem V�timas;Pleno dia;Crescente;C�u Claro;Dupla;Rotat�ria;Sim;1;0;0;0;1;0;0;1;-15,9622793;-54,964385;SPRF-MT;DEL05-MT;UOP02-DEL05-MT;;;
711802;23/05/2025;sexta-feira;17:50:00;MT;364;207,8;RONDONOPOLIS;Rea��o tardia ou ineficiente do condutor;Colis�o lateral mesmo sentido;Com V�timas Fatais;Plena Noite;Decrescente;C�u Claro;Dupla;Reta;Sim;4;1;0;0;1;4;0;6;-16,437204;-54,681445;SPRF-MT;DEL02-MT;UOP01-DEL02-MT;;;
711804;15/08/2025;sexta-feira;15:55:00;ES;101;298,8;VIANA;Velocidade Incompat�vel;Sa�da de leito carro��vel;Com V�timas Fatais;Pleno dia;Decrescente;C�u Claro;M�ltipla;"Aclive;Viaduto;Curva";Sim;3;1;0;0;0;2;0;3;-20,35825198;-40,42111443;SPRF-ES;DEL01-ES;UOP01-DEL01-ES;;;
711806;15/08/2025;sexta-feira;08:03:00;RO;364;83,9;VILHENA;Condutor deixou de manter dist�ncia do ve�culo da frente;Colis�o traseira;Com V�timas Feridas;Pleno dia;Decrescente;C�u Claro;Simples;Aclive;N�o;4;0;1;0;2;6;1;8;-12;-60;SPRF-RO;DEL04-RO;UOP01-DEL04-RO;;;
711808;15/08/2025;sexta-feira;16:40:00;CE;116;57;PACAJUS;Condutor deixou de manter dist�ncia do ve�culo da frente;Colis�o traseira;Com V�timas Feridas;Pleno dia;Crescente;C�u Claro;Simples;Reta;N�o;7;0;3;0;3;1;3;4;-4,2321305;-38,4793678;SPRF-CE;DEL01-CE;UOP04-DEL01-CE;;;
711822;15/08/2025;sexta-feira;16:10:00;ES;101;289;CARIACICA;Objeto est�tico sobre o leito carro��vel;Colis�o com objeto;Com V�timas Feridas;Pleno dia;Crescente;C�u Claro;Dupla;"Aclive;Reta";Sim;6;0;2;0;3;1;2;4;-20,281496;-40,393254;SPRF-ES;DEL01-ES;UOP01-DEL01-ES;;;
711828;15/08/2025;sexta-feira;17:50:00;RS;392;58,6;RIO GRANDE;Condutor deixou de manter dist�ncia do ve�culo da frente;Colis�o traseira;Com V�timas Feridas;Anoitecer;Crescente;C�u Claro;Dupla;Reta;N�o;3;0;0;1;2;0;1;2;-31,95491595;-52,30620325;SPRF-RS;DEL07-RS;UOP02-DEL07-RS;;;
711835;10/07/2025;quinta-feira;14:40:00;MG;116;795;ALEM PARAIBA;Manobra de mudan�a de faixa;Colis�o lateral mesmo sentido;Com V�timas Feridas;Pleno dia;Decrescente;C�u Claro;Simples;Curva;N�o;3;0;1;0;2;0;1;3;-21,74627;-42,729964;SPRF-MG;DEL07-MG;UOP01-DEL07-MG;;;
711844;15/08/2025;sexta-feira;17:10:00;BA;116;490,9;RAFAEL JAMBEIRO;Aus�ncia de rea��o do condutor;Colis�o lateral mesmo sentido;Com V�timas Feridas;Anoitecer;Crescente;C�u Claro;Dupla;Reta;N�o;6;0;3;0;2;1;3;4;-12,5674;-39,4874;SPRF-BA;DEL02-BA;UOP01-DEL02-BA;;;
711845;15/08/2025;sexta-feira;15:22:00;PE;232;275;SERTANIA;Transitar na contram�o;Colis�o transversal;Com V�timas Fatais;Pleno dia;Decrescente;C�u Claro;Simples;Reta;N�o;3;1;0;0;1;1;0;3;-8,37578729;-37,25691229;SPRF-PE;DEL04-PE;UOP02-DEL04-PE;;;
711848;15/08/2025;sexta-feira;17:40:00;SC;280;179,1;MAFRA;Acessar a via sem observar a presen�a dos outros ve�culos;Colis�o transversal;Com V�timas Feridas;Anoitecer;Crescente;Nublado;Simples;Reta;N�o;3;0;2;0;1;0;2;2;-26,17760559;-49,87962404;SPRF-SC;DEL06-SC;UOP01-DEL06-SC;;;
711850;15/08/2025;sexta-feira;15:40:00;RO;364;70;VILHENA;Ultrapassagem Indevida;Colis�o lateral sentido oposto;Com V�timas Fatais;Pleno dia;Decrescente;Sol;Simples;Curva;N�o;4;1;0;0;2;8;0;11;-12,465109;-60,499462;SPRF-RO;DEL04-RO;UOP01-DEL04-RO;;;
711859;15/08/2025;sexta-feira;18:10:00;RJ;101;486;ANGRA DOS REIS;Aus�ncia de rea��o do condutor;Colis�o traseira;Com V�timas Feridas;Plena Noite;Decrescente;Chuva;Dupla;Reta;N�o;2;0;1;0;1;0;1;2;-23,00074778;-44,22786713;SPRF-RJ;DEL03-RJ;UOP03-DEL03-RJ;;;
711865;15/08/2025;sexta-feira;18:30:00;CE;116;12;FORTALEZA;Acessar a via sem observar a presen�a dos outros ve�culos;Colis�o transversal;Sem V�timas;Plena Noite;Crescente;C�u Claro;M�ltipla;Interse��o de Vias;Sim;2;0;0;0;1;1;0;2;-3,85604912;-38,49627463;SPRF-CE;DEL01-CE;UOP02-DEL01-CE;;;
711867;15/08/2025;sexta-feira;16:00:00;AL;101;234;OLHO DAGUA GRANDE;Velocidade Incompat�vel;Tombamento;Com V�timas Feridas;Pleno dia;Crescente;C�u Claro;Dupla;Curva;N�o;1;0;1;0;0;0;1;1;-10,117325;-36,769232;SPRF-AL;DEL02-AL;UOP02-DEL02-AL;;;
711869;15/08/2025;sexta-feira;19:00:00;SC;282;490;FAXINAL DOS GUEDES;Aus�ncia de rea��o do condutor;Colis�o transversal;Com V�timas Feridas;Plena Noite;Crescente;C�u Claro;Simples;Curva;N�o;2;0;0;1;1;0;1;2;-26,8714431;-52,2758003;SPRF-SC;DEL07-SC;UOP01-DEL07-SC;;;
711874;15/08/2025;sexta-feira;19:05:00;MG;116;702,6;MURIAE;Ultrapassagem Indevida;Tombamento;Sem V�timas;Plena Noite;Decrescente;Nublado;Simples;Reta;Sim;3;0;0;0;1;2;0;3;-21,12552766;-42,38242149;SPRF-MG;DEL07-MG;UOP02-DEL07-MG;;;
711880;15/08/2025;sexta-feira;11:50:00;BA;324;548;AMELIA RODRIGUES;Rea��o tardia ou ineficiente do condutor;Colis�o traseira;Com V�timas Feridas;Pleno dia;Crescente;C�u Claro;Dupla;Reta;N�o;3;0;1;0;1;2;1;4;-12,435563;-38,727267;SPRF-BA;DEL01-BA;UOP03-DEL01-BA;;;
711881;15/08/2025;sexta-feira;13:00:00;RO;364;810;PORTO VELHO;Demais falhas mec�nicas ou el�tricas;Inc�ndio;Sem V�timas;Pleno dia;Decrescente;C�u Claro;Simples;Reta;N�o;2;0;0;0;1;1;0;2;-9,26943841;-64,48459625;SPRF-RO;DEL01-RO;UOP02-DEL01-RO;;;
711891;15/08/2025;sexta-feira;18:50:00;RS;386;8,1;IRAI;Transitar na contram�o;Colis�o frontal;Com V�timas Fatais;Plena Noite;Crescente;C�u Claro;Simples;Reta;N�o;4;1;0;0;3;0;0;3;-27,20155;-53,29259;SPRF-RS;DEL08-RS;UOP02-DEL08-RS;;;