id;data_inversa;dia_semana;horario;uf;br;km;municipio;causa_acidente;tipo_acidente;classificacao_acidente;fase_dia;sentido_via;condicao_metereologica;tipo_pista;tracado_via;uso_solo;pessoas;mortos;feridos_leves;feridos_graves;ilesos;ignorados;feridos;veiculos;latitude;longitude;regional;delegacia;uop;;;
711902;15/08/2025;sexta-feira;23:30:00;RO;364;698;PORTO VELHO;Manobra de mudan�a de faixa;Colis�o lateral mesmo sentido;Com V�timas Feridas;Plena Noite;Crescente;C�u Claro;Dupla;Reta;N�o;3;0;1;0;1;3;1;5;-8,8021426;-63,75398967;SPRF-RO;DEL01-RO;UOP01-DEL01-RO;;;
711907;15/08/2025;sexta-feira;22:30:00;PR;376;36;NOVA LONDRINA;Condutor Dormindo;Colis�o lateral sentido oposto;Com V�timas Feridas;Plena Noite;Crescente;C�u Claro;Simples;Curva;N�o;3;0;1;0;1;3;1;5;-22,80663;-53,0063;SPRF-PR;DEL09-PR;UOP02-DEL09-PR;;;
711909;16/08/2025;s�bado;00:05:00;MG;40;548,7;NOVA LIMA;Transitar na contram�o;Colis�o frontal;Com V�timas Fatais;Plena Noite;Decrescente;C�u Claro;Dupla;"Curva;Declive";N�o;3;1;0;0;1;1;0;3;-20,0387589;-43,9677079;SPRF-MG;DEL01-MG;UOP02-DEL01-MG;;;
711915;16/08/2025;s�bado;01:07:00;BA;324;513;FEIRA DE SANTANA;Convers�o proibida;Colis�o transversal;Com V�timas Feridas;Plena Noite;Decrescente;C�u Claro;Simples;Interse��o de Vias;Sim;2;0;0;1;1;0;1;2;-12,23206;-38,9522;SPRF-BA;DEL02-BA;UOP01-DEL02-BA;;;
711917;15/08/2025;sexta-feira;23:25:00;MG;116;638,3;DIVINO;Velocidade Incompat�vel;Tombamento;Com V�timas Feridas;Plena Noite;Decrescente;Nublado;Simples;"Curva;Declive";N�o;1;0;0;1;0;0;1;1;-20,641;-42,24423;SPRF-MG;DEL07-MG;UOP02-DEL07-MG;;;
711918;15/08/2025;sexta-feira;23:10:00;SC;282;382;HERVAL DOESTE;Velocidade Incompat�vel;Colis�o traseira;Com V�timas Feridas;Plena Noite;Crescente;C�u Claro;Simples;"Reta;Declive";Sim;4;0;2;0;1;1;2;3;-27,20052;-51,502093;SPRF-SC;DEL07-SC;UOP05-DEL07-SC;;;
711925;16/08/2025;s�bado;04:30:00;SC;101;196;BIGUACU;Aus�ncia de rea��o do condutor;Colis�o lateral mesmo sentido;Sem V�timas;Plena Noite;Decrescente;Garoa/Chuvisco;Dupla;Reta;Sim;2;0;0;0;2;0;0;2;-27,50976748;-48,64449039;SPRF-SC;DEL01-SC;UOP01-DEL01-SC;;;
711926;16/08/2025;s�bado;02:20:00;SC;280;56,5;GUARAMIRIM;Transitar na contram�o;Colis�o frontal;Com V�timas Feridas;Plena Noite;Decrescente;Chuva;Simples;Reta;N�o;3;0;1;1;1;0;2;2;-26,479287;-49,009874;SPRF-SC;DEL03-SC;UOP03-DEL03-SC;;;
711929;16/08/2025;s�bado;04:00:00;MT;158;626;NOVA NAZARE;Acostamento em desn�vel;Sa�da de leito carro��vel;Sem V�timas;Amanhecer;Crescente;C�u Claro;Simples;Reta;N�o;2;0;0;0;1;3;0;4;-14,5225683;-52,3017283;SPRF-MT;DEL07-MT;UOP02-DEL07-MT;;;
711935;16/08/2025;s�bado;05:30:00;SP;116;515;CAJATI;Rea��o tardia ou ineficiente do condutor;Sa�da de leito carro��vel;Com V�timas Feridas;Amanhecer;Decrescente;Garoa/Chuvisco;Simples;"Curva;Declive";N�o;2;0;1;0;0;1;1;2;-24,864956;-48,211681;SPRF-SP;DEL05-SP;UOP02-DEL05-SP;;;
711942;16/08/2025;s�bado;00:10:00;MG;381;560,2;ITAGUARA;Demais falhas mec�nicas ou el�tricas;Inc�ndio;Sem V�timas;Plena Noite;Decrescente;C�u Claro;Dupla;"Curva;Aclive";N�o;2;0;0;0;1;1;0;2;-20,3640251;-44,46827738;SPRF-MG;DEL04-MG;UOP03-DEL04-MG;;;
711953;21/05/2025;quarta-feira;07:30:00;TO;10;475;PALMAS;Condutor deixou de manter dist�ncia do ve�culo da frente;Colis�o traseira;Com V�timas Feridas;Pleno dia;Crescente;C�u Claro;Simples;"Reta;Declive";N�o;4;0;1;0;2;2;1;4;-10,23566424;-48,21935749;SPRF-TO;DEL01-TO;UOP03-DEL01-TO;;;
711955;16/08/2025;s�bado;07:04:00;CE;116;23;AQUIRAZ;Manobra de mudan�a de faixa;Colis�o lateral mesmo sentido;Sem V�timas;Pleno dia;Decrescente;Nublado;Dupla;"Declive;Retorno Regulamentado;Reta";Sim;2;0;0;0;2;0;0;2;-3,951703;-38,512208;SPRF-CE;DEL01-CE;UOP02-DEL01-CE;;;
711956;16/08/2025;s�bado;08:25:00;SP;153;59;SAO JOSE DO RIO PRETO;Manobra de mudan�a de faixa;Colis�o lateral mesmo sentido;Com V�timas Feridas;Pleno dia;Crescente;C�u Claro;Dupla;Reta;Sim;3;0;1;0;1;1;1;3;-20,784116;-49,353747;SPRF-SP;DEL09-SP;UOP01-DEL09-SP;;;
711960;16/08/2025;s�bado;03:19:00;PI;343;300;ALTOS;Problema com o freio;Tombamento;Com V�timas Feridas;Plena Noite;Crescente;Chuva;Simples;Curva;N�o;2;0;1;0;1;0;1;1;-4,99533;-42,4072;SPRF-PI;DEL01-PI;UOP03-DEL01-PI;;;
711961;15/08/2025;sexta-feira;18:00:00;RO;364;384;OURO PRETO DO OESTE;Acessar a via sem observar a presen�a dos outros ve�culos;Colis�o lateral mesmo sentido;Com V�timas Feridas;Pleno dia;Crescente;C�u Claro;Simples;"Interse��o de Vias;Reta";Sim;3;0;0;1;2;0;1;2;-10,713779;-62,251734;SPRF-RO;DEL02-RO;UOP01-DEL02-RO;;;
711971;16/08/2025;s�bado;08:15:00;SC;470;22,1;ILHOTA;Aus�ncia de rea��o do condutor;Tombamento;Com V�timas Feridas;Pleno dia;Decrescente;Nublado;Simples;Curva;N�o;2;0;1;0;0;1;1;2;-26,88082601;-48,83922514;SPRF-SC;DEL04-SC;UOP04-DEL04-SC;;;
711973;16/08/2025;s�bado;00:50:00;BA;116;584;NOVA ITARANA;Ultrapassagem Indevida;Colis�o lateral mesmo sentido;Sem V�timas;Plena Noite;Decrescente;Nublado;Simples;Curva;N�o;6;0;0;0;5;2;0;4;-13,1209;-39,99181;SPRF-BA;DEL03-BA;UOP02-DEL03-BA;;;
711988;16/08/2025;s�bado;11:20:00;PB;101;113;ALHANDRA;Rea��o tardia ou ineficiente do condutor;Colis�o traseira;Com V�timas Feridas;Pleno dia;Decrescente;Chuva;Dupla;Aclive;N�o;6;0;1;0;5;0;1;3;-7,379757;-34,95682;SPRF-PB;DEL01-PB;UOP01-DEL01-PB;;;
711991;16/08/2025;s�bado;11:35:00;PR;476;198,7;LAPA;Transitar na contram�o;Colis�o lateral sentido oposto;Com V�timas Fatais;Pleno dia;Decrescente;C�u Claro;M�ltipla;Curva;N�o;3;1;1;0;1;0;1;2;-25,7704349;-49,7425867;SPRF-PR;DEL01-PR;UOP06-DEL01-PR;;;
711992;16/08/2025;s�bado;11:19:00;RN;110;45;MOSSORO;Ingest�o de �lcool pelo condutor;Colis�o traseira;Sem V�timas;Pleno dia;Decrescente;C�u Claro;Simples;"Interse��o de Vias;Reta";Sim;2;0;0;0;2;0;0;2;-5,19366;-37,31254;SPRF-RN;DEL04-RN;UOP01-DEL04-RN;;;
711997;16/08/2025;s�bado;12:30:00;SE;235;5,5;NOSSA SENHORA DO SOCORRO;Rea��o tardia ou ineficiente do condutor;Colis�o lateral mesmo sentido;Com V�timas Feridas;Pleno dia;Decrescente;C�u Claro;Dupla;Reta;Sim;3;0;0;1;1;2;1;4;-10,90438914;-37,1269211;SPRF-SE;DEL01-SE;UOP01-DEL01-SE;;;
711999;16/08/2025;s�bado;10:50:00;RN;304;39,8;MOSSORO;Transitar no Acostamento;Colis�o traseira;Sem V�timas;Pleno dia;Crescente;C�u Claro;Dupla;"Curva;Viaduto";Sim;3;0;0;0;2;1;0;3;-5,194819;-37,378407;SPRF-RN;DEL04-RN;UOP02-DEL04-RN;;;
712001;31/05/2025;s�bado;15:50:00;PA;163;314;NOVO PROGRESSO;Aus�ncia de rea��o do condutor;Colis�o lateral sentido oposto;Sem V�timas;Pleno dia;Crescente;C�u Claro;Simples;Reta;N�o;3;0;0;0;0;5;0;5;-7,02957659;-55,41895509;SPRF-PA;DEL05-PA;UOP03-DEL05-PA;;;
712004;16/08/2025;s�bado;12:30:00;RJ;116;271;BARRA MANSA;Manobra de mudan�a de faixa;Colis�o lateral mesmo sentido;Com V�timas Feridas;Pleno dia;Crescente;C�u Claro;M�ltipla;"Aclive;Reta";Sim;5;0;0;1;1;3;1;4;-22,5588752;-44,1262821;SPRF-RJ;DEL07-RJ;UOP02-DEL07-RJ;;;
712013;16/08/2025;s�bado;13:48:00;BA;242;851;BARREIRAS;Rea��o tardia ou ineficiente do condutor;Colis�o lateral mesmo sentido;Com V�timas Feridas;Pleno dia;Crescente;C�u Claro;Simples;Reta;N�o;6;0;4;0;1;1;4;3;-12,081053;-45,477813;SPRF-BA;DEL10-BA;UOP01-DEL10-BA;;;
712019;16/08/2025;s�bado;14:11:00;MG;381;485;BETIM;Manobra de mudan�a de faixa;Colis�o lateral mesmo sentido;Com V�timas Feridas;Pleno dia;Crescente;C�u Claro;Dupla;"Curva;Aclive";Sim;6;0;1;0;5;0;1;4;-19,95554486;-44,09661625;SPRF-MG;DEL01-MG;UOP03-DEL01-MG;;;
712028;16/08/2025;s�bado;15:45:00;PR;116;129;FAZENDA RIO GRANDE;Rea��o tardia ou ineficiente do condutor;Colis�o traseira;Sem V�timas;Pleno dia;Crescente;C�u Claro;Dupla;"Declive;Reta";Sim;6;0;0;0;5;1;0;3;-25,69505994;-49,28964615;SPRF-PR;DEL01-PR;UOP03-DEL01-PR;;;
712030;16/08/2025;s�bado;12:00:00;PA;163;648;ITAITUBA;Curva acentuada;Sa�da de leito carro��vel;Com V�timas Feridas;Pleno dia;Decrescente;C�u Claro;Simples;Curva;N�o;2;0;1;0;0;1;1;2;-4,5305;-55,8886;SPRF-PA;DEL05-PA;UOP02-DEL05-PA;;;
712033;16/08/2025;s�bado;11:39:00;MT;163;1057;GUARANTA DO NORTE;Rea��o tardia ou ineficiente do condutor;Sa�da de leito carro��vel;Sem V�timas;Pleno dia;Decrescente;C�u Claro;Simples;Reta;N�o;2;0;0;0;1;2;0;3;-10,03361896;-54,90995765;SPRF-MT;DEL06-MT;UOP03-DEL06-MT;;;
712037;16/08/2025;s�bado;06:35:00;BA;101;430;MARAU;Ultrapassagem Indevida;Sa�da de leito carro��vel;Sem V�timas;Pleno dia;Decrescente;Garoa/Chuvisco;Simples;"Curva;Declive";N�o;2;0;0;0;1;1;0;2;-14,16602336;-39,32918619;SPRF-BA;DEL05-BA;UOP01-DEL05-BA;;;
712038;16/08/2025;s�bado;08:35:00;GO;452;118;BOM JESUS DE GOIAS;Rea��o tardia ou ineficiente do condutor;Tombamento;Sem V�timas;Pleno dia;Crescente;C�u Claro;Simples;Reta;N�o;2;0;0;0;1;3;0;4;-18,185057;-49,885868;SPRF-GO;DEL03-GO;UOP02-DEL03-GO;;;
712040;16/08/2025;s�bado;14:05:00;SC;280;91;CORUPA;Aus�ncia de rea��o do condutor;Tombamento;Com V�timas Feridas;Pleno dia;Decrescente;C�u Claro;Simples;"Curva;Declive";N�o;2;0;0;1;0;1;1;2;-26,39875067;-49,29578304;SPRF-SC;DEL06-SC;UOP03-DEL06-SC;;;
712042;16/08/2025;s�bado;16:40:00;GO;153;604;MORRINHOS;Velocidade Incompat�vel;Sa�da de leito carro��vel;Com V�timas Feridas;Pleno dia;Crescente;C�u Claro;Dupla;"Declive;Curva";N�o;3;0;1;0;0;2;1;3;-17,582122;-49,19624;SPRF-GO;DEL03-GO;UOP01-DEL03-GO;;;
712044;16/08/2025;s�bado;16:28:00;CE;116;18,4;ITAITINGA;Manobra de mudan�a de faixa;Colis�o lateral mesmo sentido;Com V�timas Feridas;Pleno dia;Crescente;C�u Claro;Dupla;Reta;Sim;5;0;3;0;1;3;3;5;-3,909785;-38,506135;SPRF-CE;DEL01-CE;UOP02-DEL01-CE;;;
712059;16/08/2025;s�bado;18:35:00;MG;116;774;LEOPOLDINA;Rea��o tardia ou ineficiente do condutor;Tombamento;Com V�timas Feridas;Plena Noite;Decrescente;C�u Claro;Simples;Curva;N�o;6;0;1;0;4;1;1;3;-21,57805;-42,68676;SPRF-MG;DEL07-MG;UOP01-DEL07-MG;;;
712061;16/08/2025;s�bado;14:40:00;BA;101;715;EUNAPOLIS;Retorno proibido;Colis�o traseira;Com V�timas Feridas;Pleno dia;Decrescente;C�u Claro;Simples;Reta;Sim;3;0;1;0;1;1;1;3;-16,35451;-39,58013;SPRF-BA;DEL09-BA;UOP01-DEL09-BA;;;
712071;12/08/2025;ter�a-feira;01:30:00;BA;101;214;MURITIBA;Condutor deixou de manter dist�ncia do ve�culo da frente;Colis�o traseira;Com V�timas Feridas;Plena Noite;Decrescente;Nevoeiro/Neblina;Simples;Reta;N�o;2;0;1;0;0;1;1;2;-12,60053894;-39,00111795;SPRF-BA;DEL01-BA;UOP02-DEL01-BA;;;
712074;16/08/2025;s�bado;17:00:00;BA;101;399;IBIRAPITANGA;Curva acentuada;Colis�o transversal;Com V�timas Feridas;Pleno dia;Decrescente;Chuva;Simples;Curva;N�o;12;0;6;2;3;1;8;4;-13,99478852;-39,4530201;SPRF-BA;DEL05-BA;UOP03-DEL05-BA;;;
712081;16/08/2025;s�bado;17:41:00;RO;364;619;ITAPUA DO OESTE;Aus�ncia de rea��o do condutor;Colis�o traseira;Com V�timas Feridas;Anoitecer;Decrescente;C�u Claro;Simples;Reta;N�o;4;0;2;0;1;2;2;4;-9,089076;-63,288153;SPRF-RO;DEL01-RO;UOP04-DEL01-RO;;;
712083;16/08/2025;s�bado;17:45:00;MG;381;521;BRUMADINHO;Ingest�o de �lcool pelo condutor;Colis�o traseira;Com V�timas Feridas;Anoitecer;Decrescente;C�u Claro;Dupla;Curva;N�o;3;0;1;0;1;1;1;3;-20,1215318;-44,30197656;SPRF-MG;DEL04-MG;UOP03-DEL04-MG;;;
712093;10/08/2025;domingo;07:15:00;MT;364;207;RONDONOPOLIS;Ultrapassagem Indevida;Colis�o lateral mesmo sentido;Com V�timas Feridas;Pleno dia;Crescente;C�u Claro;Dupla;Reta;Sim;3;0;1;0;1;1;1;3;-16,43612051;-54,68243158;SPRF-MT;DEL02-MT;UOP01-DEL02-MT;;;
712096;16/08/2025;s�bado;11:20:00;MG;50;156,1;UBERABA;Condutor Dormindo;Sa�da de leito carro��vel;Com V�timas Feridas;Pleno dia;Crescente;C�u Claro;Dupla;"Declive;Reta";N�o;1;0;0;1;0;0;1;1;-19,6785298;-47,99546806;SPRF-MG;DEL13-MG;UOP01-DEL13-MG;;;
712102;16/08/2025;s�bado;20:30:00;PR;277;520,7;GUARANIACU;Acessar a via sem observar a presen�a dos outros ve�culos;Colis�o transversal;Com V�timas Fatais;Plena Noite;Crescente;C�u Claro;Simples;"Reta;Interse��o de Vias;Declive";Sim;3;1;0;0;1;2;0;4;-25,1038695;-52,8798157;SPRF-PR;DEL04-PR;UOP04-DEL04-PR;;;
712106;16/08/2025;s�bado;18:18:00;SC;101;21;JOINVILLE;Rea��o tardia ou ineficiente do condutor;Colis�o com objeto;Com V�timas Feridas;Plena Noite;Crescente;Garoa/Chuvisco;Dupla;Curva;N�o;2;0;1;0;0;1;1;2;-26,1489492;-48,90931888;SPRF-SC;DEL03-SC;UOP01-DEL03-SC;;;
712110;16/08/2025;s�bado;18:25:00;MG;251;339;RUBELITA;Transitar na contram�o;Colis�o lateral sentido oposto;Com V�timas Feridas;Anoitecer;Crescente;C�u Claro;Simples;Curva;N�o;4;0;1;1;1;2;2;5;-16,25645534;-42,44986296;SPRF-MG;DEL12-MG;UOP02-DEL12-MG;;;
712115;16/08/2025;s�bado;18:15:00;MG;262;54,1;MANHUACU;Velocidade Incompat�vel;Tombamento;Com V�timas Feridas;Anoitecer;Crescente;C�u Claro;Simples;Curva;N�o;3;0;2;0;0;1;2;3;-20,261654;-42,165482;SPRF-MG;DEL06-MG;UOP03-DEL06-MG;;;
712123;16/08/2025;s�bado;21:00:00;MT;174;121,1;CACERES;Rea��o tardia ou ineficiente do condutor;Atropelamento de Animal;Com V�timas Feridas;Plena Noite;Decrescente;C�u Claro;Simples;Reta;N�o;2;0;1;0;1;0;1;1;-15,82396603;-58,01879883;SPRF-MT;DEL03-MT;UOP01-DEL03-MT;;;
712125;16/08/2025;s�bado;20:40:00;MG;381;529,3;BRUMADINHO;Velocidade Incompat�vel;Sa�da de leito carro��vel;Com V�timas Feridas;Plena Noite;Decrescente;C�u Claro;Dupla;"Curva;Declive";N�o;2;0;0;1;0;1;1;2;-20,161618;-44,342204;SPRF-MG;DEL04-MG;UOP03-DEL04-MG;;;
712135;16/08/2025;s�bado;21:35:00;BA;110;312;INHAMBUPE;Acessar a via sem observar a presen�a dos outros ve�culos;Colis�o transversal;Com V�timas Fatais;Plena Noite;Crescente;Nublado;Simples;"Curva;Interse��o de Vias;Declive";N�o;4;1;1;0;1;3;1;5;-11,954576;-38,371314;SPRF-BA;DEL01-BA;UOP04-DEL01-BA;;;
712137;16/08/2025;s�bado;21:00:00;RN;427;103,9;CAICO;Velocidade Incompat�vel;Tombamento;Com V�timas Feridas;Plena Noite;Crescente;C�u Claro;Dupla;"Rotat�ria;Interse��o de Vias";Sim;1;0;0;1;0;0;1;1;-6,4290707;-37,0836605;SPRF-RN;DEL03-RN;UOP01-DEL03-RN;;;
712140;17/08/2025;domingo;00:35:00;RS;116;237;NOVO HAMBURGO;Aus�ncia de rea��o do condutor;Colis�o traseira;Com V�timas Feridas;Plena Noite;Decrescente;Nublado;Dupla;Reta;N�o;4;0;1;0;3;0;1;2;-29,6810488;-51,1421158;SPRF-RS;DEL01-RS;UOP02-DEL01-RS;;;
712143;16/08/2025;s�bado;21:59:00;PA;163;564;TRAIRAO;Ingest�o de �lcool pelo condutor;Colis�o traseira;Com V�timas Feridas;Plena Noite;Crescente;C�u Claro;Simples;Aclive;N�o;3;0;1;0;1;3;1;5;-5,0866781;-56,14546489;SPRF-PA;DEL05-PA;UOP03-DEL05-PA;;;
712146;17/08/2025;domingo;02:30:00;RS;392;99;PELOTAS;Aus�ncia de rea��o do condutor;Colis�o frontal;Sem V�timas;Plena Noite;Crescente;Nublado;Simples;Reta;N�o;3;0;0;0;1;2;0;3;-31,65466353;-52,46928215;SPRF-RS;DEL07-RS;UOP01-DEL07-RS;;;
712147;17/08/2025;domingo;02:15:00;PR;376;504;PONTA GROSSA;Aus�ncia de rea��o do condutor;Colis�o traseira;Com V�timas Feridas;Plena Noite;Crescente;C�u Claro;Simples;Reta;N�o;3;0;0;1;1;1;1;3;-25,170982;-50,109285;SPRF-PR;DEL03-PR;UOP04-DEL03-PR;;;
712153;17/08/2025;domingo;04:10:00;RJ;101;80;CAMPOS DOS GOYTACAZES;Aus�ncia de rea��o do condutor;Atropelamento de Pedestre;Com V�timas Fatais;Plena Noite;Decrescente;C�u Claro;Simples;Reta;N�o;2;1;0;0;0;1;0;2;-21,83393;-41,440447;SPRF-RJ;DEL08-RJ;UOP02-DEL08-RJ;;;
712157;16/08/2025;s�bado;21:30:00;PR;277;622;CEU AZUL;Aus�ncia de rea��o do condutor;Colis�o traseira;Sem V�timas;Plena Noite;Crescente;Vento;Simples;"Reta;Declive";N�o;3;0;0;0;2;1;0;3;-25,09046162;-53,72888295;SPRF-PR;DEL05-PR;UOP02-DEL05-PR;;;
712173;17/08/2025;domingo;05:59:00;CE;116;56,3;PACAJUS;Trafegar com motocicleta (ou similar) entre as faixas;Colis�o lateral sentido oposto;Com V�timas Feridas;Amanhecer;Decrescente;C�u Claro;Simples;Reta;N�o;3;0;0;1;1;1;1;3;-4,228679;-38,478148;SPRF-CE;DEL01-CE;UOP04-DEL01-CE;;;
712193;16/08/2025;s�bado;23:00:00;MT;163;1036;PEIXOTO DE AZEVEDO;Ingest�o de �lcool pelo condutor;Colis�o traseira;Com V�timas Feridas;Plena Noite;Crescente;C�u Claro;Simples;Reta;N�o;3;0;1;0;1;3;1;5;-10,22664209;-54,97470918;SPRF-MT;DEL06-MT;UOP03-DEL06-MT;;;
712200;17/08/2025;domingo;08:30:00;MG;262;521;LUZ;Demais Fen�menos da natureza;Inc�ndio;Sem V�timas;Pleno dia;Crescente;Sol;Simples;Reta;N�o;2;0;0;0;1;1;0;2;-19,78069;-45,732818;SPRF-MG;DEL08-MG;UOP03-DEL08-MG;;;
712204;16/08/2025;s�bado;15:30:00;GO;452;53;MAURILANDIA;Demais falhas mec�nicas ou el�tricas;Inc�ndio;Sem V�timas;Pleno dia;Decrescente;C�u Claro;Simples;Reta;N�o;2;0;0;0;1;1;0;2;-17,979083;-50,443965;SPRF-GO;DEL04-GO;UOP01-DEL04-GO;;;
712206;17/08/2025;domingo;07:20:00;PR;277;493,9;NOVA LARANJEIRAS;Transitar na contram�o;Colis�o frontal;Com V�timas Fatais;Pleno dia;Decrescente;C�u Claro;Simples;"Declive;Reta";N�o;3;1;0;0;1;1;0;3;-25,186;-52,6631;SPRF-PR;DEL04-PR;UOP04-DEL04-PR;;;
712208;17/08/2025;domingo;07:55:00;PR;376;435,6;TIBAGI;Manobra de mudan�a de faixa;Colis�o frontal;Com V�timas Feridas;Pleno dia;Crescente;C�u Claro;Simples;Reta;N�o;3;0;0;1;1;1;1;3;-24,77822222;-50,51516667;SPRF-PR;DEL03-PR;UOP02-DEL03-PR;;;
712211;17/07/2025;quinta-feira;08:40:00;AL;316;231,6;ATALAIA;Velocidade Incompat�vel;Colis�o traseira;Com V�timas Feridas;Pleno dia;Crescente;Sol;Simples;Reta;N�o;3;0;0;1;1;1;1;3;-9,494472;-36,103397;SPRF-AL;DEL01-AL;UOP01-DEL01-AL;;;
712222;17/08/2025;domingo;10:20:00;PR;376;520,7;PONTA GROSSA;Demais falhas mec�nicas ou el�tricas;Inc�ndio;Sem V�timas;Pleno dia;Crescente;C�u Claro;Dupla;Reta;N�o;2;0;0;0;1;2;0;3;-25,265809;-49,9706;SPRF-PR;DEL03-PR;UOP04-DEL03-PR;;;
712223;17/08/2025;domingo;10:23:00;MT;163;730;SORRISO;Transitar na contram�o;Colis�o frontal;Com V�timas Fatais;Pleno dia;Decrescente;C�u Claro;Simples;"Em Obras;Reta";N�o;3;1;0;0;1;2;0;4;-12,7202431;-55,82639155;SPRF-MT;DEL06-MT;UOP01-DEL06-MT;;;
712225;17/08/2025;domingo;11:00:00;GO;153;517;APARECIDA DE GOIANIA;Acessar a via sem observar a presen�a dos outros ve�culos;Colis�o transversal;Com V�timas Feridas;Pleno dia;Decrescente;C�u Claro;Dupla;Retorno Regulamentado;N�o;2;0;1;0;1;0;1;2;-16,84371;-49,245482;SPRF-GO;DEL01-GO;UOP03-DEL01-GO;;;
712226;17/08/2025;domingo;11:15:00;SP;116;116;TAUBATE;Condutor deixou de manter dist�ncia do ve�culo da frente;Colis�o traseira;Com V�timas Feridas;Pleno dia;Decrescente;Sol;Dupla;Reta;N�o;9;0;2;0;7;0;2;5;-23,05367217;-45,60845375;SPRF-SP;DEL02-SP;UOP02-DEL02-SP;;;
712251;17/08/2025;domingo;14:25:00;MS;163;11;MUNDO NOVO;Aus�ncia de rea��o do condutor;Sa�da de leito carro��vel;Com V�timas Feridas;Pleno dia;Crescente;C�u Claro;Simples;"Em Obras;Declive;Desvio Tempor�rio";N�o;2;0;1;0;0;1;1;2;-23,965;-54,325;SPRF-MS;DEL09-MS;UOP02-DEL09-MS;;;
712256;17/08/2025;domingo;15:40:00;MG;365;622;UBERLANDIA;Ingest�o de �lcool pelo condutor;Colis�o lateral mesmo sentido;Sem V�timas;Pleno dia;Decrescente;C�u Claro;Dupla;Reta;Sim;2;0;0;0;2;0;0;2;-18,9049274;-48,2905705;SPRF-MG;DEL15-MG;UOP01-DEL15-MG;;;
712269;17/08/2025;domingo;15:45:00;PR;163;95,6;CAPANEMA;Velocidade Incompat�vel;Colis�o lateral sentido oposto;Com V�timas Feridas;Pleno dia;Crescente;C�u Claro;Simples;Reta;N�o;5;0;1;1;2;1;2;3;-25,61948;-53,796987;SPRF-PR;DEL02-PR;UOP02-DEL02-PR;;;
712271;15/02/2025;s�bado;03:30:00;PB;230;236,8;JUAZEIRINHO;Transitar na contram�o;Colis�o frontal;Sem V�timas;Plena Noite;Decrescente;C�u Claro;Simples;Reta;N�o;2;0;0;0;1;1;0;2;-7,0516;-36,5438;SPRF-PB;DEL02-PB;UOP02-DEL02-PB;;;
712274;17/08/2025;domingo;16:00:00;GO;364;208;JATAI;Aus�ncia de rea��o do condutor;Tombamento;Com V�timas Feridas;Pleno dia;Decrescente;C�u Claro;Simples;"Declive;Reta";N�o;2;0;1;0;0;1;1;2;-17,9053;-51,8199;SPRF-GO;DEL05-GO;UOP01-DEL05-GO;;;
712280;17/08/2025;domingo;16:40:00;MS;158;97,4;PARANAIBA;Velocidade Incompat�vel;Tombamento;Com V�timas Feridas;Pleno dia;Crescente;C�u Claro;Dupla;Rotat�ria;Sim;2;0;1;0;0;1;1;2;-19,69570631;-51,18017569;SPRF-MS;DEL08-MS;UOP01-DEL08-MS;;;
712282;17/08/2025;domingo;18:28:00;ES;101;184;ARACRUZ;Ultrapassagem Indevida;Colis�o lateral sentido oposto;Com V�timas Feridas;Plena Noite;Crescente;C�u Claro;Simples;"Reta;Declive";N�o;3;0;0;2;1;0;2;2;-19,62624494;-40,22249353;SPRF-ES;DEL04-ES;UOP01-DEL04-ES;;;
712290;16/08/2025;s�bado;23:00:00;MA;10;275;IMPERATRIZ;Transitar na contram�o;Colis�o frontal;Com V�timas Fatais;Plena Noite;Decrescente;C�u Claro;Simples;Reta;N�o;3;1;0;0;2;0;0;2;-5,32792666;-47,49102116;SPRF-MA;DEL04-MA;UOP01-DEL04-MA;;;
712299;17/08/2025;domingo;18:25:00;PR;277;314;GUARAPUAVA;Acessar a via sem observar a presen�a dos outros ve�culos;Colis�o transversal;Sem V�timas;Plena Noite;Crescente;C�u Claro;Simples;Reta;N�o;3;0;0;0;1;3;0;4;-25,36481295;-51,24710083;SPRF-PR;DEL08-PR;UOP01-DEL08-PR;;;
712300;17/08/2025;domingo;15:09:00;MA;222;200;ITAPECURU MIRIM;Ultrapassagem Indevida;Colis�o frontal;Com V�timas Fatais;Pleno dia;Crescente;C�u Claro;Simples;Curva;N�o;4;3;1;0;0;0;1;2;-3,445943;-44,32681;SPRF-MA;DEL01-MA;UOP02-DEL01-MA;;;
712303;17/08/2025;domingo;15:30:00;MG;116;783;LEOPOLDINA;Velocidade Incompat�vel;Tombamento;Com V�timas Feridas;Pleno dia;Decrescente;C�u Claro;Simples;Curva;N�o;2;0;1;0;0;3;1;4;-21,627038;-42,69996898;SPRF-MG;DEL07-MG;UOP01-DEL07-MG;;;
712306;17/08/2025;domingo;16:25:00;PR;369;462,9;CORBELIA;Entrada inopinada do pedestre;Atropelamento de Pedestre;Com V�timas Fatais;Pleno dia;Decrescente;C�u Claro;Simples;Reta;Sim;3;1;0;0;1;2;0;4;-24,636833;-53,208295;SPRF-PR;DEL04-PR;UOP03-DEL04-PR;;;
712308;17/08/2025;domingo;19:30:00;GO;60;57;ABADIANIA;Manobra de mudan�a de faixa;Colis�o lateral mesmo sentido;Com V�timas Feridas;Plena Noite;Crescente;C�u Claro;Dupla;"Aclive;Reta";N�o;3;0;2;0;0;1;2;2;-16,18991824;-48,6794427;SPRF-GO;DEL02-GO;UOP01-DEL02-GO;;;
712316;17/08/2025;domingo;20:00:00;CE;222;38,5;CAUCAIA;Ultrapassagem Indevida;Colis�o frontal;Sem V�timas;Plena Noite;Decrescente;C�u Claro;Simples;Reta;N�o;6;0;0;0;6;0;0;3;-3,689728;-38,896034;SPRF-CE;DEL01-CE;UOP01-DEL01-CE;;;