id;data_inversa;dia_semana;horario;uf;br;km;municipio;causa_acidente;tipo_acidente;classificacao_acidente;fase_dia;sentido_via;condicao_metereologica;tipo_pista;tracado_via;uso_solo;pessoas;mortos;feridos_leves;feridos_graves;ilesos;ignorados;feridos;veiculos;latitude;longitude;regional;delegacia;uop;;;
712331;17/08/2025;domingo;20:30:00;SP;153;59;SAO JOSE DO RIO PRETO;Aus�ncia de rea��o do condutor;Colis�o traseira;Com V�timas Feridas;Plena Noite;Crescente;C�u Claro;M�ltipla;"Aclive;Reta";Sim;2;0;1;0;0;1;1;2;-20,79086248;-49,35455561;SPRF-SP;DEL09-SP;UOP01-DEL09-SP;;;
712332;17/08/2025;domingo;16:00:00;MA;230;4,9;BARAO DE GRAJAU;Rea��o tardia ou ineficiente do condutor;Colis�o com objeto;Com V�timas Feridas;Pleno dia;Decrescente;C�u Claro;Simples;"Aclive;Reta";N�o;1;0;1;0;0;0;1;1;-6,7463165;-43,049484;SPRF-PI;DEL03-PI;UOP01-DEL03-PI;;;
712342;17/08/2025;domingo;20:45:00;GO;364;198;JATAI;Rea��o tardia ou ineficiente do condutor;Sa�da de leito carro��vel;Sem V�timas;Plena Noite;Decrescente;C�u Claro;Simples;Reta;Sim;2;0;0;0;0;3;0;3;-17,92076963;-51,73949003;SPRF-GO;DEL05-GO;UOP01-DEL05-GO;;;
712346;17/08/2025;domingo;19:00:00;GO;70;396;MONTES CLAROS DE GOIAS;Ingest�o de �lcool pelo condutor;Colis�o traseira;Sem V�timas;Anoitecer;Decrescente;C�u Claro;Simples;"Aclive;Reta";N�o;4;0;0;0;3;3;0;5;-15,86808724;-51,56703951;SPRF-GO;DEL04-GO;UOP02-DEL04-GO;;;
712354;17/08/2025;domingo;13:45:00;MG;116;401,4;GOVERNADOR VALADARES;Ultrapassagem Indevida;Colis�o lateral mesmo sentido;Com V�timas Feridas;Pleno dia;Decrescente;C�u Claro;Simples;"Aclive;Reta";N�o;3;0;1;0;1;1;1;3;-18,776854;-41,987158;SPRF-MG;DEL06-MG;UOP01-DEL06-MG;;;
712355;17/08/2025;domingo;19:30:00;MG;381;182,6;PERIQUITO;Ingest�o de �lcool pelo condutor;Colis�o lateral sentido oposto;Com V�timas Feridas;Plena Noite;Decrescente;C�u Claro;Simples;Reta;N�o;2;0;0;1;1;0;1;2;-19,07166;-42,176484;SPRF-MG;DEL06-MG;UOP01-DEL06-MG;;;
712365;17/08/2025;domingo;19:20:00;MT;163;1106;GUARANTA DO NORTE;Demais falhas mec�nicas ou el�tricas;Inc�ndio;Sem V�timas;Plena Noite;Crescente;C�u Claro;Simples;"Reta;Declive";N�o;2;0;0;0;1;3;0;4;-9,6182;-54,8777;SPRF-MT;DEL06-MT;UOP03-DEL06-MT;;;
712372;17/08/2025;domingo;23:30:00;MT;364;308,8;JACIARA;Rea��o tardia ou ineficiente do condutor;Colis�o traseira;Com V�timas Feridas;Plena Noite;Crescente;C�u Claro;Dupla;Reta;N�o;3;0;0;1;1;1;1;3;-15,816727;-55,228243;SPRF-MT;DEL05-MT;UOP02-DEL05-MT;;;
712380;18/08/2025;segunda-feira;02:30:00;SP;116;225;GUARULHOS;Rea��o tardia ou ineficiente do condutor;Colis�o com objeto;Sem V�timas;Plena Noite;Crescente;C�u Claro;Dupla;Reta;Sim;2;0;0;0;0;2;0;2;-23,489419;-46,546808;SPRF-SP;DEL01-SP;UOP01-DEL01-SP;;;
712383;18/08/2025;segunda-feira;05:30:00;MG;40;517,4;RIBEIRAO DAS NEVES;Manobra de mudan�a de faixa;Colis�o lateral mesmo sentido;Com V�timas Feridas;Amanhecer;Crescente;C�u Claro;Dupla;Reta;N�o;2;0;1;0;1;0;1;2;-19,83721046;-44,0783976;SPRF-MG;DEL01-MG;UOP02-DEL01-MG;;;
712389;18/08/2025;segunda-feira;07:50:00;ES;101;286,7;CARIACICA;Trafegar com motocicleta (ou similar) entre as faixas;Colis�o traseira;Com V�timas Feridas;Pleno dia;Decrescente;C�u Claro;Dupla;Reta;N�o;2;0;0;1;1;0;1;2;-20,263472;-40,38244;SPRF-ES;DEL01-ES;UOP01-DEL01-ES;;;
712399;18/08/2025;segunda-feira;07:00:00;SC;101;246;PAULO LOPES;Aus�ncia de rea��o do condutor;Sa�da de leito carro��vel;Com V�timas Feridas;Amanhecer;Crescente;C�u Claro;Dupla;Reta;N�o;3;0;1;0;1;1;1;2;-27,91142;-48,65049;SPRF-SC;DEL02-SC;UOP03-DEL02-SC;;;
712401;18/08/2025;segunda-feira;07:40:00;RS;386;178,2;CARAZINHO;Aus�ncia de rea��o do condutor;Colis�o lateral sentido oposto;Com V�timas Feridas;Pleno dia;Crescente;C�u Claro;Simples;"Curva;Declive";Sim;4;0;0;1;1;3;1;5;-28,28954749;-52,75788657;SPRF-RS;DEL08-RS;UOP01-DEL08-RS;;;
712404;18/08/2025;segunda-feira;08:45:00;RN;304;297;MACAIBA;Manobra de mudan�a de faixa;Colis�o lateral mesmo sentido;Sem V�timas;Pleno dia;Decrescente;Sol;M�ltipla;"Rotat�ria;Interse��o de Vias";Sim;2;0;0;0;2;0;0;2;-5,863913;-35,343568;SPRF-RN;DEL01-RN;UOP02-DEL01-RN;;;
712406;18/08/2025;segunda-feira;08:40:00;DF;251;46;BRASILIA;Condutor deixou de manter dist�ncia do ve�culo da frente;Colis�o traseira;Com V�timas Feridas;Pleno dia;Decrescente;C�u Claro;Dupla;Curva;N�o;2;0;1;0;1;0;1;2;-15,9480628;-47,84437815;SPRF-DF;DEL01-DF;UOP01-DEL01-DF;;;
712414;18/08/2025;segunda-feira;08:45:00;MG;40;606,7;CONGONHAS;Demais falhas mec�nicas ou el�tricas;Inc�ndio;Sem V�timas;Pleno dia;Decrescente;C�u Claro;Simples;Reta;Sim;1;0;0;0;1;0;0;1;-20,47539563;-43,84290274;SPRF-MG;DEL05-MG;UOP02-DEL05-MG;;;
712418;17/08/2025;domingo;12:50:00;BA;324;441;RIACHAO DO JACUIPE;Ultrapassagem Indevida;Sa�da de leito carro��vel;Com V�timas Feridas;Pleno dia;Decrescente;Garoa/Chuvisco;Simples;Reta;N�o;2;0;1;0;0;1;1;2;-11,82068;-39,37097;SPRF-BA;DEL04-BA;UOP02-DEL04-BA;;;
712422;10/08/2025;domingo;20:15:00;PR;116;175;QUITANDINHA;Aus�ncia de rea��o do condutor;Colis�o frontal;Com V�timas Feridas;Plena Noite;Decrescente;C�u Claro;Simples;"Curva;Declive";N�o;2;0;0;1;1;0;1;2;-25,955236;-49,479494;SPRF-PR;DEL01-PR;UOP03-DEL01-PR;;;
712423;18/08/2025;segunda-feira;10:00:00;RN;101;101;PARNAMIRIM;Acesso irregular;Colis�o lateral mesmo sentido;Com V�timas Feridas;Pleno dia;Decrescente;C�u Claro;Simples;"Interse��o de Vias;Reta";Sim;2;0;0;1;1;0;1;2;-5,88782781;-35,23637295;SPRF-RN;DEL01-RN;UOP01-DEL01-RN;;;
712429;18/08/2025;segunda-feira;10:00:00;SE;235;72,8;FREI PAULO;Desrespeitar a prefer�ncia no cruzamento;Colis�o transversal;Com V�timas Feridas;Pleno dia;Crescente;C�u Claro;Simples;Interse��o de Vias;Sim;2;0;0;1;1;0;1;2;-10,54595002;-37,53619401;SPRF-SE;DEL01-SE;UOP02-DEL01-SE;;;
712432;18/08/2025;segunda-feira;11:30:00;SC;470;36;GASPAR;Acessar a via sem observar a presen�a dos outros ve�culos;Colis�o transversal;Com V�timas Feridas;Pleno dia;Crescente;C�u Claro;Simples;"Reta;Interse��o de Vias;Viaduto";Sim;3;0;1;0;2;0;1;2;-26,88053114;-48,99951428;SPRF-SC;DEL04-SC;UOP01-DEL04-SC;;;
712433;18/08/2025;segunda-feira;11:30:00;SP;116;225;GUARULHOS;Rea��o tardia ou ineficiente do condutor;Colis�o lateral mesmo sentido;Com V�timas Feridas;Pleno dia;Decrescente;C�u Claro;M�ltipla;"Declive;Em Obras";Sim;5;0;1;0;3;1;1;4;-23,48863017;-46,54513495;SPRF-SP;DEL01-SP;UOP01-DEL01-SP;;;
712434;18/08/2025;segunda-feira;09:30:00;RS;470;16;BARRACAO;Demais falhas na via;Colis�o lateral mesmo sentido;Com V�timas Feridas;Pleno dia;Decrescente;Sol;Simples;Reta;N�o;3;0;1;0;1;2;1;4;-27,715754;-51,457141;SPRF-RS;DEL08-RS;UOP05-DEL08-RS;;;
712461;18/08/2025;segunda-feira;12:15:00;PE;316;132;PARNAMIRIM;Acessar a via sem observar a presen�a dos outros ve�culos;Colis�o traseira;Com V�timas Feridas;Pleno dia;Decrescente;C�u Claro;Simples;Reta;N�o;3;0;0;1;1;2;1;4;-8,05238;-39,67896;SPRF-PE;DEL05-PE;UOP02-DEL05-PE;;;
712462;14/08/2025;quinta-feira;18:56:00;BA;116;425;FEIRA DE SANTANA;Acesso irregular;Atropelamento de Pedestre;Com V�timas Feridas;Plena Noite;Decrescente;C�u Claro;Dupla;Reta;Sim;2;0;1;0;0;1;1;2;-12,25769459;-38,9894253;SPRF-BA;DEL02-BA;UOP01-DEL02-BA;;;
712466;18/08/2025;segunda-feira;07:20:00;MT;364;47,5;ALTO GARCAS;Problema na suspens�o;Colis�o lateral sentido oposto;Com V�timas Feridas;Pleno dia;Decrescente;C�u Claro;Simples;Reta;N�o;5;0;0;3;0;3;3;5;-17,03346062;-53,48498345;SPRF-MT;DEL02-MT;UOP02-DEL02-MT;;;
712469;09/08/2025;s�bado;14:50:00;MS;60;514;NIOAQUE;Aus�ncia de rea��o do condutor;Sa�da de leito carro��vel;Com V�timas Feridas;Pleno dia;Crescente;C�u Claro;Simples;"Curva;Declive";N�o;1;0;1;0;0;0;1;1;-21,17682368;-55,6222719;SPRF-MS;DEL05-MS;UOP01-DEL05-MS;;;
712472;18/08/2025;segunda-feira;11:30:00;RO;364;8;VILHENA;Acessar a via sem observar a presen�a dos outros ve�culos;Colis�o lateral mesmo sentido;Com V�timas Fatais;Pleno dia;Crescente;C�u Claro;Simples;Reta;Sim;4;1;1;0;1;1;1;3;-12,76557717;-60,09714603;SPRF-RO;DEL04-RO;UOP01-DEL04-RO;;;
712477;18/08/2025;segunda-feira;17:55:00;PR;116;88;SAO JOSE DOS PINHAIS;Condutor deixou de manter dist�ncia do ve�culo da frente;Colis�o traseira;Com V�timas Feridas;Plena Noite;Decrescente;C�u Claro;M�ltipla;"Aclive;Reta";N�o;3;0;0;1;1;1;1;3;-25,5557632;-49,0242048;SPRF-PR;DEL01-PR;UOP07-DEL01-PR;;;
712478;18/08/2025;segunda-feira;16:05:00;PE;408;85,6;SAO LOURENCO DA MATA;Aus�ncia de rea��o do condutor;Colis�o lateral mesmo sentido;Com V�timas Feridas;Pleno dia;Decrescente;C�u Claro;Dupla;"Aclive;Viaduto";N�o;7;0;4;0;2;1;4;6;-8,00284;-35,0511;SPRF-PE;DEL01-PE;UOP01-DEL01-PE;;;
712480;18/08/2025;segunda-feira;13:00:00;PI;402;72;LUIS CORREIA;Acostamento em desn�vel;Tombamento;Com V�timas Feridas;Pleno dia;Decrescente;C�u Claro;Simples;Reta;N�o;1;0;1;0;0;0;1;1;-3,05463942;-41,61140442;SPRF-PI;DEL05-PI;UOP01-DEL05-PI;;;
712482;18/08/2025;segunda-feira;16:30:00;SE;101;10;CEDRO DE SAO JOAO;Mal s�bito do condutor;Sa�da de leito carro��vel;Com V�timas Feridas;Pleno dia;Decrescente;C�u Claro;Dupla;Reta;N�o;2;0;1;0;0;1;1;2;-10,282958;-36,876005;SPRF-SE;DEL02-SE;UOP02-DEL02-SE;;;
712488;18/08/2025;segunda-feira;17:00:00;MG;40;765,9;JUIZ DE FORA;Velocidade Incompat�vel;Colis�o traseira;Com V�timas Feridas;Pleno dia;Crescente;C�u Claro;Simples;Reta;N�o;2;0;1;0;1;0;1;2;-21,58880829;-43,45873833;SPRF-MG;DEL05-MG;UOP01-DEL05-MG;;;
712492;18/08/2025;segunda-feira;16:50:00;MG;381;386;BOM JESUS DO AMPARO;Condutor usando celular;Colis�o traseira;Com V�timas Feridas;Pleno dia;Crescente;C�u Claro;Simples;Reta;N�o;3;0;1;0;1;1;1;3;-19,78164592;-43,43631506;SPRF-MG;DEL01-MG;UOP01-DEL01-MG;;;
712496;18/08/2025;segunda-feira;17:00:00;SC;101;334,9;TUBARAO;Ultrapassagem Indevida;Colis�o lateral mesmo sentido;Com V�timas Feridas;Pleno dia;Crescente;C�u Claro;Simples;Interse��o de Vias;Sim;2;0;1;0;1;0;1;2;-28,47621558;-49,03000228;SPRF-SC;DEL02-SC;UOP01-DEL02-SC;;;
712498;18/08/2025;segunda-feira;17:40:00;PR;116;115;CURITIBA;Rea��o tardia ou ineficiente do condutor;Colis�o traseira;Sem V�timas;Anoitecer;Decrescente;C�u Claro;M�ltipla;Reta;Sim;2;0;0;0;1;1;0;2;-25,549657;-49,304288;SPRF-PR;DEL01-PR;UOP03-DEL01-PR;;;
712503;18/08/2025;segunda-feira;17:10:00;SC;101;324;PESCARIA BRAVA;Condutor deixou de manter dist�ncia do ve�culo da frente;Colis�o lateral mesmo sentido;Com V�timas Feridas;Pleno dia;Decrescente;Nublado;Dupla;Reta;Sim;5;0;3;0;1;1;3;3;-28,42623757;-48,90511259;SPRF-SC;DEL02-SC;UOP01-DEL02-SC;;;
712509;18/08/2025;segunda-feira;16:43:00;MT;70;523;VARZEA GRANDE;Acessar a via sem observar a presen�a dos outros ve�culos;Colis�o lateral mesmo sentido;Sem V�timas;Anoitecer;Crescente;C�u Claro;Simples;Reta;Sim;4;0;0;0;1;4;0;4;-15,655843;-56,190295;SPRF-MT;DEL01-MT;UOP02-DEL01-MT;;;
712526;18/08/2025;segunda-feira;19:10:00;PR;376;2,9;MARINGA;Demais falhas mec�nicas ou el�tricas;Inc�ndio;Sem V�timas;Plena Noite;Decrescente;C�u Claro;Dupla;"Aclive;Reta";Sim;2;0;0;0;1;2;0;3;-23,39013159;-51,96949482;SPRF-PR;DEL09-PR;UOP01-DEL09-PR;;;
712528;18/08/2025;segunda-feira;19:30:00;PR;376;605;CURITIBA;Entrada inopinada do pedestre;Atropelamento de Pedestre;Com V�timas Fatais;Plena Noite;Decrescente;Nublado;Dupla;"Declive;Reta";Sim;4;1;0;0;2;1;0;3;-25,5387898;-49,3125935;SPRF-PR;DEL01-PR;UOP03-DEL01-PR;;;
712531;18/08/2025;segunda-feira;18:35:00;MT;163;788;VERA;Rea��o tardia ou ineficiente do condutor;Colis�o traseira;Com V�timas Fatais;Anoitecer;Crescente;C�u Claro;Simples;"Aclive;Em Obras;Reta";N�o;3;1;0;0;1;1;0;3;-12,27487867;-55,55813344;SPRF-MT;DEL06-MT;UOP02-DEL06-MT;;;
712532;18/08/2025;segunda-feira;16:45:00;SC;470;183;POUSO REDONDO;Rea��o tardia ou ineficiente do condutor;Sa�da de leito carro��vel;Com V�timas Feridas;Pleno dia;Decrescente;Nublado;Simples;"Aclive;Reta";N�o;1;0;1;0;0;0;1;1;-27,251783;-50,019687;SPRF-SC;DEL04-SC;UOP02-DEL04-SC;;;
712533;18/08/2025;segunda-feira;17:40:00;PA;222;18;DOM ELISEU;Acessar a via sem observar a presen�a dos outros ve�culos;Colis�o transversal;Com V�timas Feridas;Pleno dia;Crescente;C�u Claro;Simples;Reta;Sim;2;0;0;1;1;0;1;2;-4,293337;-47,558108;SPRF-PA;DEL02-PA;UOP02-DEL02-PA;;;
712534;18/08/2025;segunda-feira;16:00:00;RJ;101;228;SILVA JARDIM;Aus�ncia de rea��o do condutor;Tombamento;Com V�timas Feridas;Pleno dia;Crescente;C�u Claro;Dupla;Curva;N�o;2;0;1;0;0;1;1;2;-22,563744;-42,360981;SPRF-RJ;DEL02-RJ;UOP03-DEL02-RJ;;;
712537;18/08/2025;segunda-feira;20:13:00;SC;101;227,3;PALHOCA;Acessar a via sem observar a presen�a dos outros ve�culos;Colis�o traseira;Com V�timas Fatais;Plena Noite;Decrescente;C�u Claro;Dupla;"Aclive;Reta";N�o;4;1;0;0;2;1;0;4;-27,7523008;-48,63387823;SPRF-SC;DEL01-SC;UOP02-DEL01-SC;;;
712547;18/08/2025;segunda-feira;20:50:00;PR;163;352;GUAIRA;Condutor deixou de manter dist�ncia do ve�culo da frente;Colis�o traseira;Com V�timas Feridas;Plena Noite;Decrescente;Ignorado;Simples;"Ponte;Reta";N�o;5;0;2;0;3;0;2;2;-24,06263642;-54,2549074;SPRF-PR;DEL06-PR;UOP01-DEL06-PR;;;
712549;18/08/2025;segunda-feira;20:10:00;PR;153;105;JAPIRA;Acessar a via sem observar a presen�a dos outros ve�culos;Colis�o transversal;Com V�timas Feridas;Plena Noite;Decrescente;C�u Claro;Dupla;"Reta;Interse��o de Vias";N�o;3;0;1;0;1;1;1;3;-23,8137778;-50,17879693;SPRF-PR;DEL07-PR;UOP04-DEL07-PR;;;
712550;18/08/2025;segunda-feira;21:10:00;PB;230;509;CAJAZEIRAS;Aus�ncia de rea��o do condutor;Sa�da de leito carro��vel;Com V�timas Feridas;Plena Noite;Crescente;C�u Claro;Simples;Curva;N�o;1;0;0;1;0;0;1;1;-6,8912583;-38,584595;SPRF-PB;DEL03-PB;UOP03-DEL03-PB;;;
712551;18/08/2025;segunda-feira;20:00:00;MG;40;527,8;CONTAGEM;Condutor deixou de manter dist�ncia do ve�culo da frente;Colis�o traseira;Com V�timas Feridas;Plena Noite;Crescente;C�u Claro;M�ltipla;Reta;Sim;2;0;0;1;1;0;1;2;-19,908564;-44,045195;SPRF-MG;DEL01-MG;UOP02-DEL01-MG;;;
712554;18/08/2025;segunda-feira;21:00:00;SP;116;72,5;APARECIDA;Ilumina��o deficiente;Colis�o lateral mesmo sentido;Com V�timas Feridas;Plena Noite;Decrescente;Nublado;Dupla;Reta;N�o;2;0;0;1;0;1;1;2;-22,86492562;-45,23902774;SPRF-SP;DEL08-SP;UOP01-DEL08-SP;;;
712563;18/08/2025;segunda-feira;18:20:00;MG;262;433,5;NOVA SERRANA;Objeto est�tico sobre o leito carro��vel;Colis�o lateral mesmo sentido;Com V�timas Feridas;Anoitecer;Decrescente;C�u Claro;Dupla;Reta;N�o;3;0;1;0;1;1;1;3;-19,88148563;-44,93269086;SPRF-MG;DEL08-MG;UOP03-DEL08-MG;;;
712564;18/08/2025;segunda-feira;21:00:00;MG;262;509,5;LUZ;Condutor Dormindo;Tombamento;Sem V�timas;Plena Noite;Decrescente;C�u Claro;Simples;Reta;N�o;2;0;0;0;1;3;0;4;-19,78461508;-45,64911045;SPRF-MG;DEL08-MG;UOP03-DEL08-MG;;;
712565;18/08/2025;segunda-feira;22:30:00;SP;116;210;GUARULHOS;Manobra de mudan�a de faixa;Colis�o lateral mesmo sentido;Com V�timas Feridas;Plena Noite;Decrescente;Nublado;M�ltipla;Declive;Sim;4;0;1;0;2;1;1;3;-23,42728422;-46,40740721;SPRF-SP;DEL01-SP;UOP01-DEL01-SP;;;
712566;17/08/2025;domingo;23:10:00;MG;381;493,5;BETIM;Suic�dio (presumido);Atropelamento de Pedestre;Com V�timas Feridas;Plena Noite;Crescente;C�u Claro;M�ltipla;Reta;Sim;3;0;0;1;1;1;1;3;-19,9645018;-44,173521;SPRF-MG;DEL01-MG;UOP03-DEL01-MG;;;
712567;18/08/2025;segunda-feira;21:30:00;PR;277;266;IRATI;Transitar na contram�o;Colis�o lateral sentido oposto;Com V�timas Feridas;Plena Noite;Crescente;C�u Claro;Simples;Curva;N�o;6;0;1;0;4;7;1;12;-25,397794;-50,803865;SPRF-PR;DEL08-PR;UOP02-DEL08-PR;;;
712572;18/08/2025;segunda-feira;23:30:00;ES;262;83,4;DOMINGOS MARTINS;Chuva;Colis�o frontal;Com V�timas Feridas;Plena Noite;Crescente;Chuva;Simples;Curva;N�o;2;0;1;0;1;0;1;2;-20,40638235;-40,96955359;SPRF-ES;DEL01-ES;UOP02-DEL01-ES;;;
712573;18/08/2025;segunda-feira;23:00:00;AL;316;241;ATALAIA;Curva acentuada;Colis�o frontal;Com V�timas Feridas;Plena Noite;Decrescente;Chuva;Simples;Curva;N�o;4;0;4;0;0;0;4;2;-9,50681846;-36,03201739;SPRF-AL;DEL01-AL;UOP01-DEL01-AL;;;
712575;18/08/2025;segunda-feira;23:00:00;SP;116;149,5;SAO JOSE DOS CAMPOS;Aus�ncia de rea��o do condutor;Colis�o traseira;Com V�timas Feridas;Plena Noite;Decrescente;C�u Claro;Dupla;"Aclive;Em Obras;Reta";Sim;3;0;1;0;1;2;1;4;-23,20913178;-45,88828033;SPRF-SP;DEL02-SP;UOP01-DEL02-SP;;;
712580;19/08/2025;ter�a-feira;02:30:00;SC;101;130,8;CAMBORIU;Suic�dio (presumido);Atropelamento de Pedestre;Com V�timas Fatais;Plena Noite;Crescente;C�u Claro;M�ltipla;Reta;N�o;3;1;0;0;1;2;0;4;-26,9889437;-48,6644493;SPRF-SC;DEL04-SC;UOP03-DEL04-SC;;;
712582;19/08/2025;ter�a-feira;04:00:00;RJ;101;251;SILVA JARDIM;Entrada inopinada do pedestre;Atropelamento de Pedestre;Com V�timas Feridas;Plena Noite;Crescente;C�u Claro;Dupla;Reta;N�o;2;0;1;0;1;0;1;2;-22,674578;-42,515508;SPRF-RJ;DEL02-RJ;UOP03-DEL02-RJ;;;
712586;19/08/2025;ter�a-feira;07:00:00;SP;381;88;GUARULHOS;Aus�ncia de rea��o do condutor;Colis�o lateral mesmo sentido;Com V�timas Feridas;Pleno dia;Crescente;C�u Claro;M�ltipla;Reta;Sim;4;0;2;0;2;0;2;3;-23,47693362;-46,56025305;SPRF-SP;DEL03-SP;UOP01-DEL03-SP;;;
712587;19/08/2025;ter�a-feira;06:18:00;RN;101;104;PARNAMIRIM;Aus�ncia de rea��o do condutor;Sa�da de leito carro��vel;Com V�timas Feridas;Pleno dia;Decrescente;C�u Claro;Dupla;Reta;Sim;2;0;0;1;1;0;1;1;-5,89801;-35,25858;SPRF-RN;DEL01-RN;UOP01-DEL01-RN;;;
712598;11/07/2025;sexta-feira;03:40:00;MG;40;603,5;CONGONHAS;Velocidade Incompat�vel;Tombamento;Com V�timas Fatais;Plena Noite;Crescente;C�u Claro;Simples;"Declive;Curva";N�o;2;1;0;0;0;3;0;4;-20,4768335;-43,8424124;SPRF-MG;DEL05-MG;UOP02-DEL05-MG;;;
712608;19/08/2025;ter�a-feira;08:20:00;PI;230;307,7;FLORIANO;Aus�ncia de rea��o do condutor;Engavetamento;Sem V�timas;Pleno dia;Decrescente;Sol;Simples;"Aclive;Reta";Sim;6;0;0;0;6;0;0;4;-6,78316;-42,998956;SPRF-PI;DEL03-PI;UOP01-DEL03-PI;;;
712612;18/08/2025;segunda-feira;17:00:00;PA;163;564;TRAIRAO;Pista esburacada;Tombamento;Sem V�timas;Pleno dia;Crescente;C�u Claro;Simples;"Aclive;Reta";N�o;2;0;0;0;1;2;0;3;-5,09555556;-56,13833333;SPRF-PA;DEL05-PA;UOP03-DEL05-PA;;;
712613;18/08/2025;segunda-feira;23:00:00;MA;222;127;VARGEM GRANDE;Manobra de mudan�a de faixa;Colis�o lateral sentido oposto;Com V�timas Feridas;Plena Noite;Crescente;C�u Claro;Simples;Declive;N�o;1;0;1;0;0;0;1;1;-3,60346;-43,74159;SPRF-MA;DEL01-MA;UOP02-DEL01-MA;;;
712614;19/08/2025;ter�a-feira;08:53:00;MG;262;407,5;IGARATINGA;Acessar a via sem observar a presen�a dos outros ve�culos;Colis�o traseira;Com V�timas Feridas;Pleno dia;Decrescente;Sol;Dupla;Retorno Regulamentado;Sim;2;0;0;1;1;0;1;2;-19,896556;-44,70096239;SPRF-MG;DEL01-MG;UOP03-DEL01-MG;;;
712623;19/08/2025;ter�a-feira;06:50:00;MG;116;475;MATHIAS LOBATO;Acessar a via sem observar a presen�a dos outros ve�culos;Atropelamento de Pedestre;Com V�timas Fatais;Amanhecer;Decrescente;C�u Claro;Simples;Curva;N�o;5;1;0;0;1;3;0;3;-18,57481;-41,915026;SPRF-MG;DEL06-MG;UOP02-DEL06-MG;;;
712624;19/08/2025;ter�a-feira;09:10:00;GO;60;384;RIO VERDE;Objeto est�tico sobre o leito carro��vel;Colis�o com objeto;Com V�timas Feridas;Pleno dia;Decrescente;Sol;M�ltipla;"Aclive;Reta";Sim;3;0;0;1;2;0;1;2;-17,803962;-50,921412;SPRF-GO;DEL04-GO;UOP02-DEL04-GO;;;
712627;19/08/2025;ter�a-feira;06:25:00;RS;285;571;SAO LUIZ GONZAGA;Acessar a via sem observar a presen�a dos outros ve�culos;Colis�o transversal;Com V�timas Feridas;Plena Noite;Crescente;Garoa/Chuvisco;Simples;Reta;N�o;3;0;0;1;1;1;1;3;-28,41405432;-54,99224631;SPRF-RS;DEL12-RS;UOP01-DEL12-RS;;;
712628;19/08/2025;ter�a-feira;09:00:00;BA;101;878;TEIXEIRA DE FREITAS;Manobra de mudan�a de faixa;Colis�o frontal;Com V�timas Feridas;Pleno dia;Crescente;Sol;Simples;"Interse��o de Vias;Reta";Sim;2;0;0;1;1;0;1;2;-17,55000413;-39,7209388;SPRF-BA;DEL09-BA;UOP02-DEL09-BA;;;
712630;19/08/2025;ter�a-feira;06:00:00;MT;70;251;PRIMAVERA DO LESTE;Demais falhas mec�nicas ou el�tricas;Inc�ndio;Sem V�timas;Pleno dia;Decrescente;C�u Claro;Simples;Curva;N�o;2;0;0;0;1;1;0;2;-15,5844608;-54,378496;SPRF-MT;DEL05-MT;UOP01-DEL05-MT;;;
712634;31/07/2025;quinta-feira;01:30:00;PR;277;149;BALSA NOVA;Aus�ncia de rea��o do condutor;Colis�o traseira;Com V�timas Feridas;Plena Noite;Decrescente;C�u Claro;Simples;Reta;N�o;6;0;2;0;3;2;2;4;-25,4652931;-49,74106964;SPRF-PR;DEL03-PR;UOP03-DEL03-PR;;;
712643;19/08/2025;ter�a-feira;08:50:00;PB;101;88,9;JOAO PESSOA;Acessar a via sem observar a presen�a dos outros ve�culos;Colis�o traseira;Sem V�timas;Pleno dia;Crescente;C�u Claro;Dupla;Reta;Sim;2;0;0;0;2;0;0;2;-7,1635278;-34,9012874;SPRF-PB;DEL01-PB;UOP01-DEL01-PB;;;
712644;19/08/2025;ter�a-feira;11:01:00;SC;282;16,4;PALHOCA;Acessar a via sem observar a presen�a dos outros ve�culos;Colis�o transversal;Com V�timas Feridas;Pleno dia;Decrescente;C�u Claro;Simples;Reta;Sim;3;0;2;0;0;1;2;3;-27,66218;-48,685085;SPRF-SC;DEL01-SC;UOP02-DEL01-SC;;;
712645;19/08/2025;ter�a-feira;08:40:00;PI;230;300,5;FLORIANO;Rea��o tardia ou ineficiente do condutor;Tombamento;Com V�timas Feridas;Pleno dia;Crescente;C�u Claro;Simples;Rotat�ria;N�o;2;0;1;0;0;1;1;2;-6,814323;-42,941688;SPRF-PI;DEL03-PI;UOP01-DEL03-PI;;;
712647;19/08/2025;ter�a-feira;10:20:00;MG;381;368,3;SAO GONCALO DO RIO ABAIXO;Condutor deixou de manter dist�ncia do ve�culo da frente;Engavetamento;Com V�timas Feridas;Pleno dia;Crescente;Nublado;Simples;"Declive;Reta";N�o;4;0;1;0;1;2;1;4;-19,847688;-43,305015;SPRF-MG;DEL03-MG;UOP01-DEL03-MG;;;
712649;19/08/2025;ter�a-feira;11:31:00;TO;153;622;ALIANCA DO TOCANTINS;Ingest�o de �lcool pelo condutor;Colis�o lateral sentido oposto;Sem V�timas;Pleno dia;Decrescente;C�u Claro;Simples;Reta;N�o;2;0;0;0;2;0;0;2;-11,2933;-48,9393;SPRF-TO;DEL01-TO;UOP02-DEL01-TO;;;