id;data_inversa;dia_semana;horario;uf;br;km;municipio;causa_acidente;tipo_acidente;classificacao_acidente;fase_dia;sentido_via;condicao_metereologica;tipo_pista;tracado_via;uso_solo;pessoas;mortos;feridos_leves;feridos_graves;ilesos;ignorados;feridos;veiculos;latitude;longitude;regional;delegacia;uop;;;
712650;19/08/2025;ter�a-feira;10:45:00;PR;116;153;MANDIRITUBA;Acessar a via sem observar a presen�a dos outros ve�culos;Colis�o transversal;Com V�timas Fatais;Pleno dia;Crescente;Sol;Simples;Retorno Regulamentado;N�o;6;2;1;0;1;2;1;4;-25,86275;-49,362142;SPRF-PR;DEL01-PR;UOP03-DEL01-PR;;;
712651;19/08/2025;ter�a-feira;09:00:00;MT;163;790;VERA;Rea��o tardia ou ineficiente do condutor;Engavetamento;Com V�timas Feridas;Pleno dia;Decrescente;C�u Claro;Simples;Reta;N�o;7;0;1;0;5;9;1;13;-12,22394845;-55,54342747;SPRF-MT;DEL06-MT;UOP02-DEL06-MT;;;
712652;19/08/2025;ter�a-feira;09:35:00;PR;163;140,3;CAPITAO LEONIDAS MARQUES;Velocidade Incompat�vel;Colis�o com objeto;Com V�timas Feridas;Pleno dia;Decrescente;C�u Claro;Simples;"Curva;Declive";N�o;2;0;0;1;0;2;1;3;-25,47718313;-53,59081004;SPRF-PR;DEL05-PR;UOP05-DEL05-PR;;;
712653;19/08/2025;ter�a-feira;11:45:00;GO;0;0;FORMOSA;Desrespeitar a prefer�ncia no cruzamento;Colis�o transversal;Sem V�timas;Pleno dia;N�o Informado;C�u Claro;Dupla;"Interse��o de Vias;Reta";Sim;3;0;0;0;3;0;0;2;-15,548045;-47,315778;SPRF-DF;DEL02-DF;UOP01-DEL02-DF;;;
712657;19/08/2025;ter�a-feira;12:02:00;SP;116;65;GUARATINGUETA;Aus�ncia de rea��o do condutor;Colis�o traseira;Com V�timas Feridas;Pleno dia;Crescente;Sol;Dupla;Reta;Sim;3;0;1;0;1;1;1;3;-22,82269139;-45,19390787;SPRF-SP;DEL08-SP;UOP01-DEL08-SP;;;
712658;22/07/2025;ter�a-feira;10:20:00;SC;101;363;SANGAO;Aus�ncia de rea��o do condutor;Engavetamento;Com V�timas Feridas;Pleno dia;Decrescente;C�u Claro;Dupla;"Em Obras;Reta";N�o;5;0;3;0;2;0;3;3;-28,68192862;-49,14530039;SPRF-SC;DEL02-SC;UOP01-DEL02-SC;;;
712667;19/08/2025;ter�a-feira;11:35:00;RS;470;214;BENTO GONCALVES;Condutor usando celular;Colis�o frontal;Com V�timas Fatais;Pleno dia;Decrescente;C�u Claro;Simples;"Curva;Declive";N�o;2;1;0;0;1;0;0;2;-29,15689951;-51,53085558;SPRF-RS;DEL06-RS;UOP01-DEL06-RS;;;
712670;13/07/2025;domingo;04:40:00;AL;104;53;MURICI;Transitar na contram�o;Colis�o frontal;Com V�timas Fatais;Plena Noite;Crescente;Nublado;Simples;Reta;N�o;2;1;0;0;1;0;0;2;-9,263035;-35,967401;SPRF-AL;DEL01-AL;UOP02-DEL01-AL;;;
712671;19/08/2025;ter�a-feira;12:45:00;PR;369;404,1;JURANDA;Objeto est�tico sobre o leito carro��vel;Colis�o com objeto;Sem V�timas;Pleno dia;Crescente;C�u Claro;Simples;Reta;N�o;5;0;0;0;4;1;0;3;-24,40725516;-52,81574249;SPRF-PR;DEL04-PR;UOP03-DEL04-PR;;;
712672;19/08/2025;ter�a-feira;12:25:00;SP;116;119;SAO JOSE DOS CAMPOS;Rea��o tardia ou ineficiente do condutor;Engavetamento;Com V�timas Feridas;Pleno dia;Crescente;C�u Claro;Dupla;Reta;N�o;5;0;1;0;3;1;1;4;-23,2554496;-45,9341824;SPRF-SP;DEL02-SP;UOP02-DEL02-SP;;;
712675;19/08/2025;ter�a-feira;08:00:00;AL;104;7,5;SAO JOSE DA LAJE;Problema com o freio;Sa�da de leito carro��vel;Com V�timas Feridas;Pleno dia;Crescente;Chuva;Simples;"Curva;Declive";N�o;1;0;1;0;0;0;1;1;-8,9636465;-36,02033822;SPRF-AL;DEL01-AL;UOP02-DEL01-AL;;;
712677;19/08/2025;ter�a-feira;15:20:00;MG;153;159;COMENDADOR GOMES;Mal s�bito do condutor;Colis�o traseira;Com V�timas Feridas;Pleno dia;Crescente;C�u Claro;Simples;Reta;N�o;4;0;2;0;1;1;2;3;-19,62817;-48,93544;SPRF-MG;DEL13-MG;UOP02-DEL13-MG;;;
712679;19/08/2025;ter�a-feira;14:10:00;SP;116;491;CAJATI;Aus�ncia de rea��o do condutor;Capotamento;Com V�timas Feridas;Pleno dia;Decrescente;Nublado;Dupla;"Reta;Declive";N�o;3;0;1;0;1;1;1;3;-24,74127;-48,12675;SPRF-SP;DEL05-SP;UOP01-DEL05-SP;;;
712681;19/08/2025;ter�a-feira;15:10:00;MG;40;545,9;NOVA LIMA;Condutor deixou de manter dist�ncia do ve�culo da frente;Colis�o traseira;Com V�timas Feridas;Pleno dia;Decrescente;C�u Claro;Dupla;Reta;Sim;2;0;0;1;1;0;1;2;-20,0156009;-43,9698251;SPRF-MG;DEL01-MG;UOP02-DEL01-MG;;;
712682;19/08/2025;ter�a-feira;15:30:00;RS;158;228;CRUZ ALTA;Aus�ncia de rea��o do condutor;Colis�o lateral sentido oposto;Sem V�timas;Pleno dia;Decrescente;Nublado;Simples;"Ponte;Reta";N�o;5;0;0;0;4;1;0;3;-28,93438901;-53,64310138;SPRF-RS;DEL10-RS;UOP02-DEL10-RS;;;
712683;19/08/2025;ter�a-feira;14:58:00;PE;232;550;PARNAMIRIM;Transitar na contram�o;Colis�o frontal;Com V�timas Feridas;Pleno dia;Crescente;Sol;Simples;Reta;N�o;3;0;1;0;1;3;1;5;-8,08433734;-39,45283636;SPRF-PE;DEL05-PE;UOP01-DEL05-PE;;;
712686;07/08/2025;quinta-feira;20:15:00;ES;101;341,9;GUARAPARI;Avarias e/ou desgaste excessivo no pneu;Sa�da de leito carro��vel;Com V�timas Feridas;Plena Noite;Crescente;C�u Claro;Dupla;Reta;N�o;4;0;2;0;1;1;2;3;-20,6375918;-40,5423498;SPRF-ES;DEL03-ES;UOP01-DEL03-ES;;;
712693;19/08/2025;ter�a-feira;09:30:00;MG;116;516,9;UBAPORANGA;Acesso irregular;Tombamento;Com V�timas Feridas;Pleno dia;Crescente;C�u Claro;Simples;"Interse��o de Vias;Reta;Ponte";N�o;2;0;1;0;0;1;1;2;-19,6975062;-42,11636782;SPRF-MG;DEL06-MG;UOP02-DEL06-MG;;;
712698;19/08/2025;ter�a-feira;17:20:00;PR;277;473;NOVA LARANJEIRAS;Aus�ncia de rea��o do condutor;Tombamento;Com V�timas Feridas;Pleno dia;Decrescente;C�u Claro;Simples;"Curva;Ponte;Declive";Sim;2;0;1;0;0;1;1;2;-25,30502045;-52,55869467;SPRF-PR;DEL04-PR;UOP02-DEL04-PR;;;
712703;19/08/2025;ter�a-feira;15:15:00;MT;364;254;JUSCIMEIRA;Demais falhas mec�nicas ou el�tricas;Inc�ndio;Sem V�timas;Pleno dia;Crescente;C�u Claro;Dupla;Reta;N�o;1;0;0;0;1;0;0;1;-16,17481034;-54,7903891;SPRF-MT;DEL02-MT;UOP01-DEL02-MT;;;
712707;19/08/2025;ter�a-feira;16:00:00;MG;153;172;COMENDADOR GOMES;Velocidade Incompat�vel;Tombamento;Com V�timas Feridas;Pleno dia;Decrescente;C�u Claro;Simples;Rotat�ria;N�o;2;0;1;0;1;0;1;1;-19,7305;-48,973083;SPRF-MG;DEL13-MG;UOP02-DEL13-MG;;;
712708;19/08/2025;ter�a-feira;18:00:00;MG;381;2;BETIM;Pedestre andava na pista;Atropelamento de Pedestre;Com V�timas Feridas;Anoitecer;Decrescente;C�u Claro;Simples;Reta;Sim;2;0;1;0;1;0;1;2;-19,97735646;-44,1601452;SPRF-MG;DEL01-MG;UOP03-DEL01-MG;;;
712718;18/08/2025;segunda-feira;19:30:00;BA;116;555;MILAGRES;Falta de elemento de conten��o que evite a sa�da do leito carro��vel;Sa�da de leito carro��vel;Com V�timas Feridas;Plena Noite;Decrescente;C�u Claro;Simples;Aclive;N�o;2;0;1;0;0;1;1;2;-12,9342676;-39,8951397;SPRF-BA;DEL03-BA;UOP02-DEL03-BA;;;
712727;19/08/2025;ter�a-feira;18:00:00;GO;60;114;TEREZOPOLIS DE GOIAS;Rea��o tardia ou ineficiente do condutor;Sa�da de leito carro��vel;Com V�timas Feridas;Anoitecer;Crescente;Vento;Dupla;"Reta;Declive";Sim;2;0;1;0;0;1;1;2;-16,463017;-49,063987;SPRF-GO;DEL01-GO;UOP01-DEL01-GO;;;
712736;19/08/2025;ter�a-feira;19:00:00;BA;110;220;NOVA SOURE;Ilumina��o deficiente;Colis�o traseira;Com V�timas Fatais;Plena Noite;Decrescente;C�u Claro;Simples;"Declive;Reta";N�o;2;1;0;0;0;1;0;2;-11,2290237;-38,4846273;SPRF-BA;DEL07-BA;UOP02-DEL07-BA;;;
712740;19/08/2025;ter�a-feira;17:00:00;BA;101;945;MUCURI;Aus�ncia de rea��o do condutor;Colis�o traseira;Com V�timas Feridas;Anoitecer;Crescente;C�u Claro;Simples;Reta;N�o;3;0;0;1;1;1;1;3;-18,07873373;-39,88708735;SPRF-BA;DEL09-BA;UOP02-DEL09-BA;;;
712743;19/08/2025;ter�a-feira;21:45:00;PR;153;470;PORTO VITORIA;Velocidade Incompat�vel;Tombamento;Com V�timas Feridas;Plena Noite;Decrescente;C�u Claro;Simples;Curva;N�o;1;0;1;0;0;0;1;1;-26,29019375;-51,20056877;SPRF-PR;DEL02-PR;UOP03-DEL02-PR;;;
712747;19/08/2025;ter�a-feira;18:10:00;SC;470;100,3;APIUNA;Aus�ncia de rea��o do condutor;Colis�o traseira;Com V�timas Feridas;Plena Noite;Decrescente;Garoa/Chuvisco;Simples;Reta;Sim;2;0;0;1;0;1;1;2;-27,050655;-49,390617;SPRF-SC;DEL04-SC;UOP02-DEL04-SC;;;
712748;19/08/2025;ter�a-feira;16:27:00;SC;280;299,5;PORTO UNIAO;Acessar a via sem observar a presen�a dos outros ve�culos;Colis�o traseira;Com V�timas Fatais;Pleno dia;Crescente;Sol;Simples;Curva;N�o;2;1;0;0;1;0;0;2;-26,2856044;-51,0190637;SPRF-SC;DEL06-SC;UOP04-DEL06-SC;;;
712756;19/08/2025;ter�a-feira;19:30:00;PR;153;108,6;IBAITI;Acessar a via sem observar a presen�a dos outros ve�culos;Colis�o transversal;Com V�timas Feridas;Plena Noite;Crescente;C�u Claro;Simples;Interse��o de Vias;Sim;3;0;0;2;1;0;2;2;-23,84440808;-50,19322721;SPRF-PR;DEL07-PR;UOP04-DEL07-PR;;;
712760;19/08/2025;ter�a-feira;20:30:00;RO;364;52;VILHENA;Aus�ncia de rea��o do condutor;Colis�o frontal;Com V�timas Feridas;Plena Noite;Crescente;C�u Claro;Simples;Reta;N�o;2;0;1;0;0;1;1;2;-12,536169;-60,366033;SPRF-RO;DEL04-RO;UOP01-DEL04-RO;;;
712762;19/08/2025;ter�a-feira;19:39:00;PB;412;94,3;SERRA BRANCA;Transitar na contram�o;Colis�o frontal;Com V�timas Fatais;Plena Noite;Crescente;C�u Claro;Simples;"Declive;Reta";N�o;2;1;0;0;1;0;0;2;-7,587069;-36,796758;SPRF-PB;DEL02-PB;UOP02-DEL02-PB;;;
712763;20/08/2025;quarta-feira;00:02:00;PR;116;104,2;SAO JOSE DOS PINHAIS;Manobra de mudan�a de faixa;Colis�o traseira;Sem V�timas;Plena Noite;Decrescente;Nublado;M�ltipla;Reta;N�o;4;0;0;0;3;2;0;5;-25,57155617;-49,20570374;SPRF-PR;DEL01-PR;UOP07-DEL01-PR;;;
712766;20/08/2025;quarta-feira;00:08:00;PA;163;105;ALTAMIRA;Rea��o tardia ou ineficiente do condutor;Tombamento;Com V�timas Feridas;Plena Noite;Crescente;C�u Claro;Simples;"Declive;Curva";N�o;2;0;0;1;0;2;1;3;-8,7278542;-54,97309182;SPRF-MT;DEL06-MT;UOP03-DEL06-MT;;;
712767;20/08/2025;quarta-feira;00:50:00;PR;373;183;PONTA GROSSA;Acessar a via sem observar a presen�a dos outros ve�culos;Colis�o transversal;Com V�timas Feridas;Plena Noite;Decrescente;C�u Claro;Dupla;"Interse��o de Vias;Curva";Sim;2;0;1;0;1;0;1;2;-25,039413;-50,278134;SPRF-PR;DEL03-PR;UOP01-DEL03-PR;;;
712771;20/08/2025;quarta-feira;01:35:00;SC;470;109,1;APIUNA;Aus�ncia de rea��o do condutor;Sa�da de leito carro��vel;Com V�timas Feridas;Plena Noite;Crescente;Garoa/Chuvisco;Simples;"Curva;Em Obras";N�o;3;0;2;0;0;1;2;2;-27,0834;-49,454;SPRF-SC;DEL04-SC;UOP02-DEL04-SC;;;
712773;20/08/2025;quarta-feira;02:00:00;PB;101;88,5;JOAO PESSOA;Rea��o tardia ou ineficiente do condutor;Colis�o com objeto;Com V�timas Fatais;Plena Noite;Crescente;C�u Claro;Dupla;Reta;Sim;3;1;1;0;1;0;1;2;-7,171428;-34,897691;SPRF-PB;DEL01-PB;UOP01-DEL01-PB;;;
712777;20/08/2025;quarta-feira;04:20:00;RS;290;144;ELDORADO DO SUL;Aus�ncia de rea��o do condutor;Colis�o frontal;Com V�timas Feridas;Plena Noite;Crescente;C�u Claro;Simples;Reta;N�o;3;0;0;2;1;0;2;2;-30,0992123;-51,6542854;SPRF-RS;DEL02-RS;UOP01-DEL02-RS;;;
712786;20/08/2025;quarta-feira;04:45:00;RJ;116;20;SAPUCAIA;Velocidade Incompat�vel;Colis�o frontal;Com V�timas Fatais;Amanhecer;Decrescente;C�u Claro;Simples;Curva;N�o;3;1;0;0;2;0;0;2;-22,00035515;-42,76059151;SPRF-RJ;DEL05-RJ;UOP01-DEL05-RJ;;;
712787;20/08/2025;quarta-feira;07:15:00;SP;116;360;MIRACATU;Demais falhas mec�nicas ou el�tricas;Inc�ndio;Sem V�timas;Pleno dia;Crescente;Nublado;Dupla;"Declive;Reta";N�o;2;0;0;0;1;1;0;2;-24,11758762;-47,26709746;SPRF-SP;DEL04-SP;UOP03-DEL04-SP;;;
712789;20/08/2025;quarta-feira;00:10:00;MG;116;656,6;SAO FRANCISCO DO GLORIA;Velocidade Incompat�vel;Tombamento;Com V�timas Feridas;Plena Noite;Crescente;Ignorado;Simples;Curva;N�o;2;0;1;0;0;1;1;2;-20,77182225;-42,29958311;SPRF-MG;DEL07-MG;UOP02-DEL07-MG;;;
712793;20/08/2025;quarta-feira;06:50:00;PR;277;164;PORTO AMAZONAS;Rea��o tardia ou ineficiente do condutor;Colis�o lateral sentido oposto;Com V�timas Feridas;Pleno dia;Decrescente;Chuva;Dupla;Rotat�ria;N�o;5;0;0;3;1;1;3;3;-25,47332384;-49,89511728;SPRF-PR;DEL03-PR;UOP03-DEL03-PR;;;
712794;20/08/2025;quarta-feira;05:30:00;SC;470;28;GASPAR;Rea��o tardia ou ineficiente do condutor;Tombamento;Com V�timas Feridas;Amanhecer;Decrescente;Garoa/Chuvisco;Dupla;Reta;N�o;2;0;1;0;0;2;1;3;-26,89388303;-48,8970964;SPRF-SC;DEL04-SC;UOP01-DEL04-SC;;;
712800;20/08/2025;quarta-feira;08:00:00;MG;381;441;SANTA LUZIA;Aus�ncia de rea��o do condutor;Engavetamento;Com V�timas Feridas;Pleno dia;Crescente;Sol;Simples;"Aclive;Reta";Sim;4;0;2;0;1;1;2;4;-19,823549;-43,825362;SPRF-MG;DEL01-MG;UOP01-DEL01-MG;;;
712802;20/08/2025;quarta-feira;06:40:00;RS;386;40,8;FREDERICO WESTPHALEN;Acessar a via sem observar a presen�a dos outros ve�culos;Colis�o transversal;Sem V�timas;Amanhecer;Decrescente;Nublado;Simples;Reta;N�o;3;0;0;0;2;1;0;3;-27,41251733;-53,41610804;SPRF-RS;DEL08-RS;UOP02-DEL08-RS;;;
712806;20/08/2025;quarta-feira;07:30:00;BA;324;5;FEIRA DE SANTANA;Ultrapassagem Indevida;Colis�o lateral mesmo sentido;Com V�timas Feridas;Pleno dia;Decrescente;C�u Claro;Dupla;"Aclive;Reta";Sim;4;0;2;0;1;1;2;3;-12,284447;-38,972013;SPRF-BA;DEL02-BA;UOP01-DEL02-BA;;;
712807;20/08/2025;quarta-feira;08:15:00;MG;262;597,7;CAMPOS ALTOS;Velocidade Incompat�vel;Colis�o lateral sentido oposto;Com V�timas Feridas;Pleno dia;Crescente;C�u Claro;Simples;Curva;N�o;3;0;1;0;1;3;1;5;-19,611192;-46,282542;SPRF-MG;DEL08-MG;UOP02-DEL08-MG;;;
712810;20/08/2025;quarta-feira;04:12:00;MG;381;670,6;PERDOES;Aus�ncia de rea��o do condutor;Colis�o traseira;Com V�timas Feridas;Plena Noite;Decrescente;Ignorado;Dupla;"Aclive;Reta";N�o;3;0;1;0;2;0;1;2;-21,06696457;-45,05215931;SPRF-MG;DEL04-MG;UOP02-DEL04-MG;;;
712825;20/08/2025;quarta-feira;09:30:00;MG;381;490;BETIM;Demais falhas mec�nicas ou el�tricas;Colis�o com objeto;Com V�timas Feridas;Pleno dia;Crescente;C�u Claro;Dupla;Reta;N�o;5;0;0;1;3;1;1;5;-19,95592351;-44,14581299;SPRF-MG;DEL01-MG;UOP03-DEL01-MG;;;
712832;28/07/2025;segunda-feira;08:50:00;MG;365;659;MONTE ALEGRE DE MINAS;Rea��o tardia ou ineficiente do condutor;Colis�o com objeto;Com V�timas Feridas;Pleno dia;Crescente;C�u Claro;Dupla;Reta;N�o;3;0;1;0;1;1;1;3;-18,88777997;-48,71332741;SPRF-MG;DEL15-MG;UOP01-DEL15-MG;;;
712835;20/08/2025;quarta-feira;11:00:00;PR;277;30,5;MORRETES;Demais falhas mec�nicas ou el�tricas;Inc�ndio;Sem V�timas;Pleno dia;Decrescente;Nublado;Dupla;Curva;N�o;2;0;0;0;1;1;0;2;-25,55426873;-48,80179449;SPRF-PR;DEL01-PR;UOP05-DEL01-PR;;;
712837;05/05/2025;segunda-feira;07:20:00;PI;343;345,5;TERESINA;Manobra de mudan�a de faixa;Colis�o lateral mesmo sentido;Com V�timas Feridas;Pleno dia;Decrescente;Sol;Dupla;Interse��o de Vias;Sim;2;0;1;0;1;0;1;2;-5,106973;-42,768302;SPRF-PI;DEL01-PI;UOP01-DEL01-PI;;;
712838;20/08/2025;quarta-feira;11:15:00;MG;40;468,4;SETE LAGOAS;Rea��o tardia ou ineficiente do condutor;Engavetamento;Com V�timas Feridas;Pleno dia;Decrescente;C�u Claro;Dupla;"Aclive;Reta";N�o;3;0;1;0;2;0;1;3;-19,4707456;-44,2957824;SPRF-MG;DEL02-MG;UOP01-DEL02-MG;;;
712841;20/08/2025;quarta-feira;10:40:00;MG;365;486;PATROCINIO;Demais falhas mec�nicas ou el�tricas;Inc�ndio;Sem V�timas;Pleno dia;Decrescente;C�u Claro;Simples;"Aclive;Reta";N�o;1;0;0;0;1;0;0;1;-18,89666;-47,10842;SPRF-MG;DEL10-MG;UOP01-DEL10-MG;;;
712850;20/08/2025;quarta-feira;05:10:00;MA;222;478;SANTA LUZIA;Aus�ncia de sinaliza��o;Colis�o traseira;Com V�timas Feridas;Amanhecer;Crescente;Nublado;Simples;Curva;N�o;2;0;0;1;1;0;1;2;-4,1712;-46,130715;SPRF-MA;DEL02-MA;UOP01-DEL02-MA;;;
712852;08/07/2025;ter�a-feira;00:00:00;MA;10;259;IMPERATRIZ;Aus�ncia de rea��o do condutor;Colis�o traseira;Sem V�timas;Amanhecer;Decrescente;Ignorado;Simples;Reta;Sim;3;0;0;0;1;2;0;3;-5,46124448;-47,47238584;SPRF-MA;DEL04-MA;UOP01-DEL04-MA;;;
712854;20/08/2025;quarta-feira;09:00:00;MT;70;300;POXOREU;Animais na Pista;Tombamento;Com V�timas Feridas;Pleno dia;Crescente;C�u Claro;Simples;"Reta;Declive";N�o;2;0;1;0;0;1;1;2;-15,57815679;-54,48243573;SPRF-MT;DEL05-MT;UOP01-DEL05-MT;;;
712856;20/08/2025;quarta-feira;09:45:00;BA;116;782,2;PLANALTO;Condutor deixou de manter dist�ncia do ve�culo da frente;Colis�o traseira;Com V�timas Feridas;Pleno dia;Decrescente;C�u Claro;Simples;Reta;N�o;3;0;1;0;1;2;1;4;-14,68065971;-40,52262638;SPRF-BA;DEL08-BA;UOP02-DEL08-BA;;;
712858;20/08/2025;quarta-feira;14:00:00;PE;101;44;IGARASSU;Rea��o tardia ou ineficiente do condutor;Colis�o traseira;Com V�timas Feridas;Pleno dia;Decrescente;C�u Claro;M�ltipla;Declive;Sim;4;0;1;0;3;0;1;2;-7,85551123;-34,9084625;SPRF-PE;DEL01-PE;UOP02-DEL01-PE;;;
712859;20/08/2025;quarta-feira;13:20:00;PE;101;89;JABOATAO DOS GUARARAPES;Rea��o tardia ou ineficiente do condutor;Colis�o traseira;Com V�timas Feridas;Pleno dia;Crescente;Sol;Dupla;Reta;N�o;3;0;2;0;0;1;2;2;-8,20739;-34,98358;SPRF-PE;DEL01-PE;UOP01-DEL01-PE;;;
712862;20/08/2025;quarta-feira;11:00:00;SP;116;412;JUQUIA;Condutor Dormindo;Sa�da de leito carro��vel;Com V�timas Feridas;Pleno dia;Decrescente;Nublado;M�ltipla;Reta;N�o;2;0;1;0;0;1;1;2;-24,33305272;-47,60388549;SPRF-SP;DEL05-SP;UOP01-DEL05-SP;;;
712865;20/08/2025;quarta-feira;14:20:00;GO;60;3,8;SANTO ANTONIO DO DESCOBERTO;Manobra de mudan�a de faixa;Colis�o lateral mesmo sentido;Com V�timas Feridas;Pleno dia;Crescente;C�u Claro;Dupla;"Reta;Declive";N�o;2;0;1;0;0;1;1;2;-16,084218;-48,27199;SPRF-DF;DEL03-DF;UOP01-DEL03-DF;;;
712866;20/08/2025;quarta-feira;14:40:00;MG;50;105;UBERABA;Acessar a via sem observar a presen�a dos outros ve�culos;Colis�o lateral mesmo sentido;Com V�timas Feridas;Pleno dia;Decrescente;C�u Claro;Dupla;"Aclive;Reta";N�o;3;0;1;0;1;1;1;3;-19,191167;-48,154278;SPRF-MG;DEL13-MG;UOP01-DEL13-MG;;;
712868;20/08/2025;quarta-feira;10:00:00;MA;135;291;SANTO ANTONIO DOS LOPES;Transitar na contram�o;Colis�o frontal;Com V�timas Fatais;Pleno dia;Crescente;C�u Claro;Simples;Reta;N�o;3;1;0;0;1;3;0;5;-4,91305;-44,371619;SPRF-MA;DEL06-MA;UOP01-DEL06-MA;;;
712873;20/08/2025;quarta-feira;07:15:00;PR;376;349,8;ORTIGUEIRA;Aus�ncia de rea��o do condutor;Tombamento;Com V�timas Feridas;Pleno dia;Decrescente;Garoa/Chuvisco;Dupla;Declive;N�o;1;0;1;0;0;0;1;1;-24,20051;-50,94848;SPRF-PR;DEL07-PR;UOP02-DEL07-PR;;;
712875;20/08/2025;quarta-feira;15:10:00;PR;376;670;GUARATUBA;Demais falhas mec�nicas ou el�tricas;Inc�ndio;Sem V�timas;Pleno dia;Decrescente;C�u Claro;Dupla;"Aclive;Reta";N�o;1;0;0;0;1;0;0;1;-25,89286393;-48,93179353;SPRF-PR;DEL01-PR;UOP04-DEL01-PR;;;
712877;20/08/2025;quarta-feira;14:50:00;SC;116;245,5;LAGES;Rea��o tardia ou ineficiente do condutor;Tombamento;Com V�timas Feridas;Pleno dia;Decrescente;C�u Claro;Simples;Rotat�ria;Sim;2;0;1;0;0;1;1;2;-27,79999166;-50,36361337;SPRF-SC;DEL05-SC;UOP02-DEL05-SC;;;
712883;20/08/2025;quarta-feira;13:45:00;MT;163;638;NOVA MUTUM;Frear bruscamente;Colis�o traseira;Com V�timas Fatais;Pleno dia;Decrescente;C�u Claro;Simples;"Reta;Em Obras";N�o;3;1;1;1;0;0;2;2;-13,477521;-56,063921;SPRF-MT;DEL01-MT;UOP01-DEL01-MT;;;
712884;20/08/2025;quarta-feira;16:20:00;CE;116;23,5;AQUIRAZ;Convers�o proibida;Colis�o transversal;Com V�timas Feridas;Pleno dia;Decrescente;C�u Claro;Dupla;Reta;N�o;2;0;1;0;1;0;1;2;-3,970118;-38,51473;SPRF-CE;DEL01-CE;UOP02-DEL01-CE;;;
712891;20/08/2025;quarta-feira;16:15:00;MA;135;85;ITAPECURU MIRIM;Acessar a via sem observar a presen�a dos outros ve�culos;Colis�o lateral sentido oposto;Com V�timas Feridas;Pleno dia;Decrescente;C�u Claro;Simples;Reta;N�o;3;0;1;0;1;2;1;4;-3,258853333;-44,38981;SPRF-MA;DEL01-MA;UOP02-DEL01-MA;;;
712893;20/08/2025;quarta-feira;11:00:00;SC;116;156,5;SANTA CECILIA;Rea��o tardia ou ineficiente do condutor;Tombamento;Com V�timas Feridas;Pleno dia;Decrescente;C�u Claro;Simples;"Curva;Aclive";N�o;3;0;2;0;0;1;2;2;-27,07548178;-50,42913437;SPRF-SC;DEL06-SC;UOP02-DEL06-SC;;;
712897;20/08/2025;quarta-feira;17:10:00;PR;277;559,7;CASCAVEL;Transitar na contram�o;Colis�o lateral sentido oposto;Com V�timas Feridas;Pleno dia;Crescente;Sol;Simples;Reta;N�o;4;0;0;1;2;1;1;4;-25,0677763;-53,211907;SPRF-PR;DEL04-PR;UOP04-DEL04-PR;;;
712907;20/08/2025;quarta-feira;16:30:00;RJ;493;72;JAPERI;Demais falhas mec�nicas ou el�tricas;Inc�ndio;Sem V�timas;Pleno dia;Decrescente;C�u Claro;Dupla;Reta;N�o;2;0;0;0;1;1;0;2;-22,6628991;-43,625047;SPRF-RJ;DEL01-RJ;UOP03-DEL01-RJ;;;
712909;20/08/2025;quarta-feira;17:30:00;SP;116;542;BARRA DO TURVO;Acesso irregular;Colis�o com objeto;Com V�timas Feridas;Pleno dia;Crescente;Nublado;Dupla;Reta;N�o;3;0;2;0;0;1;2;3;-24,9608003;-48,41761708;SPRF-SP;DEL05-SP;UOP02-DEL05-SP;;;
712913;20/08/2025;quarta-feira;18:20:00;PE;232;78;GRAVATA;Ultrapassagem Indevida;Colis�o frontal;Sem V�timas;Plena Noite;Decrescente;C�u Claro;Simples;Reta;N�o;2;0;0;0;2;0;0;2;-8,194142;-35,55408;SPRF-PE;DEL02-PE;UOP02-DEL02PE;;;
712922;23/07/2025;quarta-feira;15:10:00;MG;365;517,9;MONTE CARMELO;Rea��o tardia ou ineficiente do condutor;Sa�da de leito carro��vel;Com V�timas Feridas;Pleno dia;Crescente;C�u Claro;Simples;Reta;N�o;2;0;1;0;0;1;1;2;-18,9144;-47,36918;SPRF-MG;DEL10-MG;UOP01-DEL10-MG;;;
712923;20/08/2025;quarta-feira;08:40:00;RJ;40;62;PETROPOLIS;Convers�o proibida;Colis�o transversal;Com V�timas Feridas;Pleno dia;Decrescente;C�u Claro;Simples;Reta;Sim;3;0;2;0;1;0;2;2;-22,41084057;-43,1440047;SPRF-RJ;DEL05-RJ;UOP02-DEL05-RJ;;;
712925;20/08/2025;quarta-feira;18:45:00;PR;369;15,3;CAMBARA;Condutor deixou de manter dist�ncia do ve�culo da frente;Colis�o traseira;Com V�timas Feridas;Plena Noite;Crescente;C�u Claro;Simples;"Aclive;Reta";N�o;2;0;1;0;1;0;1;2;-23,027;-50,041;SPRF-PR;DEL07-PR;UOP05-DEL07-PR;;;
712926;14/04/2025;segunda-feira;19:30:00;MG;50;47;ARAGUARI;Velocidade Incompat�vel;Colis�o com objeto;Com V�timas Feridas;Plena Noite;Crescente;C�u Claro;Dupla;"Declive;Curva";N�o;1;0;1;0;0;0;1;1;-18,732557;-48,210185;SPRF-MG;DEL15-MG;UOP02-DEL15-MG;;;
712929;20/08/2025;quarta-feira;19:30:00;PR;277;3,5;PARANAGUA;Acessar a via sem observar a presen�a dos outros ve�culos;Colis�o frontal;Com V�timas Feridas;Plena Noite;Crescente;C�u Claro;M�ltipla;Rotat�ria;Sim;3;0;0;1;1;1;1;3;-25,54664082;-48,56029384;SPRF-PR;DEL01-PR;UOP05-DEL01-PR;;;