id;data_inversa;dia_semana;horario;uf;br;km;municipio;causa_acidente;tipo_acidente;classificacao_acidente;fase_dia;sentido_via;condicao_metereologica;tipo_pista;tracado_via;uso_solo;pessoas;mortos;feridos_leves;feridos_graves;ilesos;ignorados;feridos;veiculos;latitude;longitude;regional;delegacia;uop;;;
712937;20/08/2025;quarta-feira;20:56:00;TO;153;573;SANTA RITA DO TOCANTINS;Condutor deixou de manter dist�ncia do ve�culo da frente;Colis�o lateral mesmo sentido;Com V�timas Fatais;Plena Noite;Decrescente;C�u Claro;Simples;Reta;N�o;2;1;0;0;0;1;0;2;-10,84754462;-48,90527219;SPRF-TO;DEL01-TO;UOP01-DEL01-TO;;;
712939;20/08/2025;quarta-feira;19:21:00;TO;230;91;SAO BENTO DO TOCANTINS;Ingest�o de �lcool pelo condutor;Colis�o transversal;Com V�timas Feridas;Plena Noite;Crescente;C�u Claro;Simples;Declive;Sim;3;0;1;0;1;2;1;4;-6,02932;-47,92111;SPRF-TO;DEL02-TO;UOP03-DEL02-TO;;;
712941;20/08/2025;quarta-feira;16:20:00;MT;364;587;DIAMANTINO;Chuva;Colis�o traseira;Com V�timas Feridas;Anoitecer;Decrescente;Garoa/Chuvisco;Dupla;Declive;N�o;4;0;1;0;2;5;1;7;-14,53829008;-56,23185661;SPRF-MT;DEL01-MT;UOP01-DEL01-MT;;;
712945;20/08/2025;quarta-feira;18:52:00;PE;232;27;MORENO;Ingest�o de �lcool pelo condutor;Colis�o traseira;Com V�timas Fatais;Plena Noite;Decrescente;Nublado;Dupla;Reta;N�o;4;1;0;1;1;1;1;2;-8,114458;-35,125357;SPRF-PE;DEL02-PE;UOP02-DEL02PE;;;
712952;20/08/2025;quarta-feira;21:30:00;MG;262;96;ABRE CAMPO;Desvio tempor�rio;Sa�da de leito carro��vel;Com V�timas Feridas;Plena Noite;Crescente;C�u Claro;Simples;"Aclive;Curva";N�o;2;0;2;0;0;0;2;2;-20,29383759;-42,48159547;SPRF-MG;DEL03-MG;UOP03-DEL03-MG;;;
712954;20/08/2025;quarta-feira;22:00:00;SC;280;29,4;ARAQUARI;Ultrapassagem Indevida;Colis�o lateral mesmo sentido;Com V�timas Feridas;Plena Noite;Crescente;Nublado;Simples;Reta;N�o;5;0;2;1;1;2;3;5;-26,41291;-48,75655;SPRF-SC;DEL03-SC;UOP03-DEL03-SC;;;
712958;20/08/2025;quarta-feira;22:30:00;AL;101;10;NOVO LINO;Estacionar ou parar em local proibido;Colis�o traseira;Com V�timas Feridas;Plena Noite;Decrescente;Chuva;Dupla;Curva;Sim;3;0;1;0;1;1;1;3;-8,94876112;-35,66701508;SPRF-AL;DEL01-AL;UOP02-DEL01-AL;;;
712959;20/08/2025;quarta-feira;23:30:00;SC;101;403,2;MARACAJA;Condutor Dormindo;Colis�o traseira;Com V�timas Feridas;Plena Noite;Crescente;C�u Claro;Dupla;"Reta;Viaduto";N�o;3;0;0;1;1;2;1;4;-28,88772772;-49,4651799;SPRF-SC;DEL02-SC;UOP02-DEL02-SC;;;
712963;21/08/2025;quinta-feira;00:40:00;SP;116;219;GUARULHOS;Aus�ncia de rea��o do condutor;Colis�o traseira;Sem V�timas;Plena Noite;Crescente;Nublado;M�ltipla;"Em Obras;Reta";Sim;5;0;0;0;3;2;0;4;-23,46141552;-46,48980107;SPRF-SP;DEL01-SP;UOP01-DEL01-SP;;;
712965;21/08/2025;quinta-feira;00:01:00;PR;376;386,5;IMBAU;Pedestre - Ingest�o de �lcool/ subst�ncias psicoativas;Atropelamento de Pedestre;Com V�timas Fatais;Plena Noite;Crescente;C�u Claro;Dupla;Curva;N�o;2;1;0;0;1;0;0;2;-24,449533;-50,7594249;SPRF-PR;DEL03-PR;UOP02-DEL03-PR;;;
712971;05/06/2025;quinta-feira;19:00:00;ES;101;294;CARIACICA;Velocidade Incompat�vel;Colis�o traseira;Com V�timas Feridas;Plena Noite;Crescente;C�u Claro;Dupla;"Declive;Curva";N�o;5;0;0;1;3;1;1;4;-20,32407;-40,395329;SPRF-ES;DEL01-ES;UOP01-DEL01-ES;;;
712973;21/08/2025;quinta-feira;04:15:00;MG;40;495,2;ESMERALDAS;Demais falhas mec�nicas ou el�tricas;Inc�ndio;Sem V�timas;Plena Noite;Decrescente;C�u Claro;Dupla;"Aclive;Curva";Sim;1;0;0;0;1;0;0;1;-19,66491;-44,19538;SPRF-MG;DEL02-MG;UOP01-DEL02-MG;;;
712975;20/08/2025;quarta-feira;19:00:00;RJ;493;5;ITABORAI;Pedestre andava na pista;Atropelamento de Pedestre;Com V�timas Fatais;Plena Noite;Crescente;Ignorado;Dupla;Reta;N�o;2;1;0;0;1;0;0;2;-22,74890045;-42,94864504;SPRF-RJ;DEL02-RJ;UOP02-DEL02-RJ;;;
712980;21/08/2025;quinta-feira;05:30:00;SP;381;22;BRAGANCA PAULISTA;Condutor Dormindo;Colis�o com objeto;Sem V�timas;Amanhecer;Crescente;Nublado;Dupla;Reta;Sim;2;0;0;0;1;1;0;2;-22,99474758;-46,51372997;SPRF-SP;DEL03-SP;UOP02-DEL03-SP;;;
712982;21/08/2025;quinta-feira;05:50:00;MG;50;59;UBERLANDIA;Aus�ncia de rea��o do condutor;Colis�o traseira;Com V�timas Feridas;Amanhecer;Crescente;C�u Claro;Dupla;Aclive;N�o;3;0;1;0;1;2;1;4;-18,80275958;-48,23951054;SPRF-MG;DEL15-MG;UOP02-DEL15-MG;;;
712989;21/08/2025;quinta-feira;06:30:00;MG;262;785;UBERABA;Objeto est�tico sobre o leito carro��vel;Colis�o com objeto;Com V�timas Feridas;Pleno dia;Crescente;Sol;Simples;Reta;N�o;4;0;1;0;3;0;1;2;-19,74408542;-47,75971413;SPRF-MG;DEL13-MG;UOP01-DEL13-MG;;;
712998;18/08/2025;segunda-feira;03:28:00;MT;163;633;NOVA MUTUM;Rea��o tardia ou ineficiente do condutor;Colis�o frontal;Com V�timas Fatais;Plena Noite;Decrescente;Ignorado;Simples;"Em Obras;Reta";N�o;2;1;0;0;1;0;0;2;-13,51086925;-56,03971481;SPRF-MT;DEL01-MT;UOP01-DEL01-MT;;;
713001;21/08/2025;quinta-feira;07:02:00;PE;101;110;CABO DE SANTO AGOSTINHO;Demais falhas mec�nicas ou el�tricas;Colis�o traseira;Com V�timas Feridas;Pleno dia;Decrescente;C�u Claro;Dupla;Curva;N�o;3;0;1;0;2;0;1;3;-8,316942;-35,106292;SPRF-PE;DEL01-PE;UOP03-DEL01-PE;;;
713002;21/08/2025;quinta-feira;08:30:00;ES;101;66;SAO MATEUS;Acessar a via sem observar a presen�a dos outros ve�culos;Colis�o lateral mesmo sentido;Com V�timas Feridas;Pleno dia;Crescente;C�u Claro;Dupla;Reta;N�o;2;0;1;0;1;0;1;2;-18,7169109;-39,8741581;SPRF-ES;DEL04-ES;UOP02-DEL04-ES;;;
713003;21/08/2025;quinta-feira;06:20:00;MT;70;209;GENERAL CARNEIRO;Falta de acostamento;Tombamento;Com V�timas Fatais;Pleno dia;Decrescente;C�u Claro;Simples;Curva;N�o;2;1;0;0;0;1;0;2;-15,68385607;-53,85257247;SPRF-MT;DEL05-MT;UOP01-DEL05-MT;;;
713004;21/08/2025;quinta-feira;09:15:00;MG;251;447,4;GRAO MOGOL;Transitar na contram�o;Colis�o lateral sentido oposto;Com V�timas Feridas;Pleno dia;Decrescente;C�u Claro;Simples;Reta;N�o;4;0;1;0;2;2;1;5;-16,42674873;-43,21877914;SPRF-MG;DEL12-MG;UOP01-DEL12-MG;;;
713006;21/08/2025;quinta-feira;09:10:00;PR;277;44;MORRETES;Velocidade Incompat�vel;Tombamento;Com V�timas Feridas;Pleno dia;Decrescente;C�u Claro;Dupla;"Curva;Declive";N�o;2;0;1;0;0;2;1;3;-25,59144;-48,89268;SPRF-PR;DEL01-PR;UOP05-DEL01-PR;;;
713008;21/08/2025;quinta-feira;08:30:00;SE;101;58,6;ROSARIO DO CATETE;Acessar a via sem observar a presen�a dos outros ve�culos;Tombamento;Com V�timas Feridas;Pleno dia;Crescente;Chuva;Simples;Interse��o de Vias;N�o;4;0;1;0;2;3;1;5;-10,65945293;-37,02860205;SPRF-SE;DEL02-SE;UOP02-DEL02-SE;;;
713009;21/08/2025;quinta-feira;08:40:00;PR;153;491;GENERAL CARNEIRO;Condutor deixou de manter dist�ncia do ve�culo da frente;Colis�o traseira;Com V�timas Feridas;Pleno dia;Decrescente;C�u Claro;Simples;Reta;Sim;3;0;0;1;1;1;1;3;-26,41722451;-51,29031122;SPRF-PR;DEL02-PR;UOP03-DEL02-PR;;;
713012;21/08/2025;quinta-feira;09:00:00;RS;116;656;JAGUARAO;Desrespeitar a prefer�ncia no cruzamento;Colis�o transversal;Com V�timas Feridas;Pleno dia;Decrescente;Chuva;Simples;Interse��o de Vias;N�o;2;0;1;0;1;0;1;2;-32,55494892;-53,38630468;SPRF-RS;DEL07-RS;UOP03-DEL07-RS;;;
713019;21/08/2025;quinta-feira;09:00:00;PR;153;30,7;SANTO ANTONIO DO SUDOESTE;Condutor deixou de manter dist�ncia do ve�culo da frente;Colis�o traseira;Com V�timas Feridas;Pleno dia;Decrescente;C�u Claro;Simples;Reta;N�o;5;0;3;0;2;0;3;2;-26,101445;-53,710767;SPRF-PR;DEL07-PR;UOP04-DEL07-PR;;;
713024;21/08/2025;quinta-feira;09:20:00;RS;285;211,9;CASEIROS;Transitar na contram�o;Colis�o frontal;Com V�timas Feridas;Pleno dia;Decrescente;C�u Claro;Simples;"Curva;Declive";N�o;6;0;0;1;3;2;1;5;-28,238776;-51,641228;SPRF-RS;DEL08-RS;UOP05-DEL08-RS;;;
713026;21/08/2025;quinta-feira;11:00:00;SC;101;129;CAMBORIU;Transitar na contram�o;Colis�o lateral mesmo sentido;Com V�timas Feridas;Pleno dia;Crescente;C�u Claro;Simples;Reta;Sim;4;0;2;0;2;0;2;4;-26,9835544;-48,6713852;SPRF-SC;DEL04-SC;UOP03-DEL04-SC;;;
713027;21/08/2025;quinta-feira;10:20:00;ES;101;137,6;LINHARES;Aus�ncia de rea��o do condutor;Tombamento;Com V�timas Feridas;Pleno dia;Decrescente;C�u Claro;Simples;Curva;N�o;2;0;1;0;1;0;1;1;-19,29834461;-40,08486271;SPRF-ES;DEL04-ES;UOP01-DEL04-ES;;;
713036;21/08/2025;quinta-feira;12:00:00;PI;343;341,3;TERESINA;Acessar a via sem observar a presen�a dos outros ve�culos;Colis�o transversal;Com V�timas Feridas;Pleno dia;Crescente;C�u Claro;Dupla;Reta;Sim;3;0;1;0;2;0;1;3;-5,077823;-42,748612;SPRF-PI;DEL01-PI;UOP01-DEL01-PI;;;
713038;21/08/2025;quinta-feira;12:40:00;GO;40;29;LUZIANIA;Rea��o tardia ou ineficiente do condutor;Colis�o traseira;Com V�timas Feridas;Pleno dia;Decrescente;C�u Claro;Dupla;Reta;Sim;3;0;1;1;1;0;2;2;-16,27531462;-47,86727726;SPRF-DF;DEL01-DF;UOP01-DEL01-DF;;;
713042;21/08/2025;quinta-feira;11:04:00;MT;163;694;SORRISO;Acessar a via sem observar a presen�a dos outros ve�culos;Colis�o transversal;Com V�timas Feridas;Pleno dia;Crescente;Sol;Simples;Interse��o de Vias;N�o;5;0;2;0;3;0;2;2;-13,0289763;-55,8978796;SPRF-MT;DEL06-MT;UOP01-DEL06-MT;;;
713044;21/08/2025;quinta-feira;12:15:00;PA;316;49;CASTANHAL;Aus�ncia de rea��o do condutor;Sa�da de leito carro��vel;Com V�timas Feridas;Pleno dia;Crescente;C�u Claro;Dupla;Curva;N�o;2;0;1;0;0;3;1;4;-1,307257;-48,026203;SPRF-PA;DEL01-PA;UOP01-DEL01-PA;;;
713048;21/08/2025;quinta-feira;13:00:00;CE;116;90,3;CASCAVEL;Rea��o tardia ou ineficiente do condutor;Sa�da de leito carro��vel;Com V�timas Feridas;Pleno dia;Crescente;C�u Claro;Simples;Reta;N�o;3;0;1;0;1;1;1;2;-4,47141541;-38,36141936;SPRF-CE;DEL01-CE;UOP04-DEL01-CE;;;
713051;21/08/2025;quinta-feira;10:05:00;BA;116;736;BOA NOVA;Velocidade Incompat�vel;Sa�da de leito carro��vel;Com V�timas Feridas;Pleno dia;Decrescente;C�u Claro;Simples;Curva;N�o;2;0;1;0;0;1;1;2;-14,360853;-40,339523;SPRF-BA;DEL08-BA;UOP02-DEL08-BA;;;
713052;21/08/2025;quinta-feira;14:32:00;MG;262;498;LUZ;Aus�ncia de rea��o do condutor;Engavetamento;Com V�timas Feridas;Pleno dia;Crescente;Sol;Simples;"Em Obras;Reta";N�o;4;0;0;2;1;3;2;6;-19,775;-45,5267;SPRF-MG;DEL08-MG;UOP03-DEL08-MG;;;
713053;28/07/2025;segunda-feira;09:00:00;BA;324;623;SALVADOR;Manobra de mudan�a de faixa;Colis�o lateral mesmo sentido;Com V�timas Feridas;Pleno dia;Decrescente;C�u Claro;Dupla;Reta;N�o;3;0;1;0;2;0;1;3;-12,93679308;-38,4715569;SPRF-BA;DEL01-BA;UOP01-DEL01-BA;;;
713054;21/08/2025;quinta-feira;14:10:00;MG;50;117;UBERABA;Manobra de mudan�a de faixa;Engavetamento;Com V�timas Feridas;Pleno dia;Decrescente;C�u Claro;Dupla;Reta;N�o;4;0;1;0;3;0;1;3;-19,282791;-48,12118;SPRF-MG;DEL13-MG;UOP01-DEL13-MG;;;
713062;21/08/2025;quinta-feira;13:10:00;MT;163;27,8;ITIQUIRA;Acesso irregular;Colis�o transversal;Com V�timas Feridas;Pleno dia;Decrescente;Sol;Dupla;Reta;N�o;4;0;0;2;1;1;2;3;-17,272806;-54,764207;SPRF-MT;DEL02-MT;UOP03-DEL02-MT;;;
713064;21/08/2025;quinta-feira;15:50:00;MG;365;612;UBERLANDIA;Aus�ncia de rea��o do condutor;Colis�o frontal;Com V�timas Fatais;Pleno dia;Crescente;Sol;Simples;Reta;N�o;3;1;0;1;1;0;1;2;-18,918693;-48,209043;SPRF-MG;DEL15-MG;UOP01-DEL15-MG;;;
713069;21/08/2025;quinta-feira;16:15:00;SC;101;199,1;SAO JOSE;Rea��o tardia ou ineficiente do condutor;Colis�o lateral mesmo sentido;Com V�timas Feridas;Pleno dia;Decrescente;C�u Claro;Dupla;"Reta;Interse��o de Vias";Sim;3;0;1;0;2;0;1;3;-27,535937;-48,627613;SPRF-SC;DEL01-SC;UOP01-DEL01-SC;;;
713075;21/08/2025;quinta-feira;14:50:00;RS;470;174;VERANOPOLIS;Acessar a via sem observar a presen�a dos outros ve�culos;Colis�o transversal;Com V�timas Feridas;Pleno dia;Decrescente;C�u Claro;Simples;Reta;Sim;2;0;0;1;1;0;1;2;-28,91801985;-51,53905785;SPRF-RS;DEL06-RS;UOP02-DEL06-RS;;;
713084;21/08/2025;quinta-feira;17:00:00;MG;40;513;RIBEIRAO DAS NEVES;Rea��o tardia ou ineficiente do condutor;Colis�o traseira;Com V�timas Feridas;Pleno dia;Decrescente;C�u Claro;Dupla;"Aclive;Reta";Sim;2;0;1;0;1;0;1;2;-19,79123569;-44,11232044;SPRF-MG;DEL01-MG;UOP02-DEL01-MG;;;
713085;21/08/2025;quinta-feira;17:30:00;PA;316;37;SANTA IZABEL DO PARA;Suic�dio (presumido);Atropelamento de Pedestre;Com V�timas Fatais;Pleno dia;Decrescente;C�u Claro;Dupla;Reta;N�o;4;1;0;0;1;2;0;3;-1,28444;-48,145255;SPRF-PA;DEL01-PA;UOP01-DEL01-PA;;;
713086;14/08/2025;quinta-feira;06:10:00;BA;324;0,5;FEIRA DE SANTANA;Condutor deixou de manter dist�ncia do ve�culo da frente;Colis�o traseira;Com V�timas Feridas;Pleno dia;Decrescente;C�u Claro;Dupla;Reta;Sim;3;0;0;1;1;1;1;3;-12,2789536;-38,94138336;SPRF-BA;DEL02-BA;UOP01-DEL02-BA;;;
713091;21/08/2025;quinta-feira;16:30:00;MG;116;416;GOVERNADOR VALADARES;Acessar a via sem observar a presen�a dos outros ve�culos;Colis�o transversal;Com V�timas Feridas;Pleno dia;Crescente;C�u Claro;Simples;Interse��o de Vias;Sim;2;0;1;0;1;0;1;2;-18,89557234;-41,94794152;SPRF-MG;DEL06-MG;UOP01-DEL06-MG;;;
713098;21/08/2025;quinta-feira;08:30:00;PR;163;312;TERRA ROXA;Velocidade Incompat�vel;Sa�da de leito carro��vel;Sem V�timas;Pleno dia;Decrescente;C�u Claro;Simples;Curva;N�o;2;0;0;0;0;3;0;3;-24,35475684;-54,14913146;SPRF-PR;DEL06-PR;UOP02-DEL06-PR;;;
713101;21/08/2025;quinta-feira;18:03:00;MG;262;34,1;MANHUACU;Desrespeitar a prefer�ncia no cruzamento;Colis�o transversal;Com V�timas Feridas;Anoitecer;Decrescente;C�u Claro;Simples;"Rotat�ria;Reta";Sim;5;0;2;0;2;1;2;4;-20,2504843;-42,1473807;SPRF-MG;DEL06-MG;UOP03-DEL06-MG;;;
713104;21/08/2025;quinta-feira;17:00:00;RS;290;433,2;SAO GABRIEL;Aus�ncia de rea��o do condutor;Colis�o lateral sentido oposto;Sem V�timas;Pleno dia;Crescente;C�u Claro;Simples;Reta;N�o;2;0;0;0;1;1;0;2;-30,281205;-54,456022;SPRF-RS;DEL11-RS;UOP02-DEL11-RS;;;
713108;21/08/2025;quinta-feira;18:06:00;ES;101;294,3;CARIACICA;Problema com o freio;Colis�o traseira;Com V�timas Feridas;Plena Noite;Crescente;Nublado;Dupla;Reta;Sim;5;0;1;1;2;1;2;4;-20,3294315;-40,3984085;SPRF-ES;DEL01-ES;UOP01-DEL01-ES;;;
713113;21/08/2025;quinta-feira;19:23:00;PE;101;74,1;RECIFE;Manobra de mudan�a de faixa;Tombamento;Com V�timas Feridas;Plena Noite;Decrescente;C�u Claro;Dupla;Curva;Sim;2;0;0;1;0;1;1;2;-8,1024;-34,94832;SPRF-PE;DEL01-PE;UOP01-DEL01-PE;;;
713114;21/08/2025;quinta-feira;18:20:00;ES;101;391;RIO NOVO DO SUL;Velocidade Incompat�vel;Tombamento;Com V�timas Feridas;Plena Noite;Crescente;C�u Claro;Simples;Curva;N�o;2;0;1;0;0;1;1;2;-20,8626616;-40,88424683;SPRF-ES;DEL03-ES;UOP02-DEL03-ES;;;
713120;21/08/2025;quinta-feira;12:24:00;PE;423;170;AGUAS BELAS;Problema com o freio;Colis�o transversal;Com V�timas Feridas;Pleno dia;Decrescente;Nublado;Simples;Interse��o de Vias;N�o;2;0;0;1;0;1;1;2;-9,12811401;-37,05452442;SPRF-AL;DEL03-AL;UOP02-DEL03-AL;;;
713123;21/08/2025;quinta-feira;16:00:00;RJ;393;161,9;TRES RIOS;Aus�ncia de rea��o do condutor;Tombamento;Com V�timas Feridas;Pleno dia;Decrescente;C�u Claro;Simples;Curva;N�o;2;0;1;0;0;1;1;2;-22,113653;-43,122825;SPRF-RJ;DEL05-RJ;UOP01-DEL05-RJ;;;
713124;21/08/2025;quinta-feira;19:00:00;RR;432;189;CANTA;Curva acentuada;Colis�o lateral sentido oposto;Com V�timas Feridas;Plena Noite;Decrescente;C�u Claro;Simples;Curva;N�o;5;0;0;2;0;3;2;4;2,5972134;-60,6195736;SPRF-RR;DEL01-RR;UOP01-DEL01-RR;;;
713126;21/08/2025;quinta-feira;19:00:00;PI;230;236;OEIRAS;Aus�ncia de rea��o do condutor;Colis�o traseira;Com V�timas Feridas;Plena Noite;Decrescente;C�u Claro;Simples;Reta;N�o;3;0;0;1;1;1;1;3;-6,98840941;-42,42003626;SPRF-PI;DEL03-PI;UOP01-DEL03-PI;;;
713131;21/08/2025;quinta-feira;21:10:00;RS;386;246,8;SOLEDADE;Velocidade Incompat�vel;Colis�o traseira;Com V�timas Feridas;Plena Noite;Crescente;Nublado;Simples;"Em Obras;Reta";N�o;5;0;0;2;3;0;2;4;-28,81198328;-52,4967742;SPRF-RS;DEL04-RS;UOP03-DEL04-RS;;;
713135;21/08/2025;quinta-feira;21:59:00;SP;153;64;SAO JOSE DO RIO PRETO;Acesso irregular;Colis�o transversal;Com V�timas Feridas;Plena Noite;Decrescente;C�u Claro;Dupla;"Aclive;Viaduto;Interse��o de Vias";Sim;4;0;1;0;1;2;1;4;-20,8312678;-49,36206277;SPRF-SP;DEL09-SP;UOP01-DEL09-SP;;;
713144;21/08/2025;quinta-feira;21:10:00;RS;392;54;RIO GRANDE;Ingest�o de �lcool pelo condutor;Sa�da de leito carro��vel;Sem V�timas;Plena Noite;Crescente;C�u Claro;Dupla;Reta;N�o;2;0;0;0;1;1;0;2;-31,83381592;-52,32788086;SPRF-RS;DEL07-RS;UOP02-DEL07-RS;;;
713148;21/08/2025;quinta-feira;22:00:00;PA;163;433,3;ITAITUBA;Demais falhas mec�nicas ou el�tricas;Colis�o traseira;Sem V�timas;Plena Noite;Decrescente;C�u Claro;M�ltipla;"Aclive;Reta";N�o;3;0;0;0;0;4;0;4;-6,0597;-55,6689;SPRF-PA;DEL05-PA;UOP03-DEL05-PA;;;
713156;22/08/2025;sexta-feira;00:05:00;PR;376;676;GUARATUBA;Demais falhas mec�nicas ou el�tricas;Inc�ndio;Sem V�timas;Plena Noite;Crescente;C�u Claro;Dupla;Reta;N�o;2;0;0;0;1;1;0;2;-25,938325;-48,910358;SPRF-PR;DEL01-PR;UOP04-DEL01-PR;;;
713158;21/08/2025;quinta-feira;22:30:00;RJ;393;130,5;SAPUCAIA;Ultrapassagem Indevida;Colis�o frontal;Com V�timas Fatais;Plena Noite;Decrescente;C�u Claro;Simples;Curva;N�o;3;1;0;0;2;0;0;2;-21,98964891;-42,90295474;SPRF-RJ;DEL05-RJ;UOP01-DEL05-RJ;;;
713161;22/08/2025;sexta-feira;01:30:00;BA;116;491;RAFAEL JAMBEIRO;Demais falhas mec�nicas ou el�tricas;Inc�ndio;Sem V�timas;Plena Noite;Decrescente;C�u Claro;Dupla;"Aclive;Reta";N�o;1;0;0;0;1;0;0;1;-12,5692605;-39,49058745;SPRF-BA;DEL02-BA;UOP01-DEL02-BA;;;
713162;21/08/2025;quinta-feira;23:55:00;CE;222;223;SOBRAL;Transitar na contram�o;Colis�o frontal;Com V�timas Fatais;Plena Noite;Decrescente;C�u Claro;Simples;Reta;Sim;3;1;0;0;2;0;0;2;-3,71108178;-40,34540176;SPRF-CE;DEL04-CE;UOP01-DEL04-CE;;;
713164;22/08/2025;sexta-feira;02:15:00;MG;262;355;BETIM;Condutor deixou de manter dist�ncia do ve�culo da frente;Colis�o traseira;Com V�timas Feridas;Plena Noite;Crescente;C�u Claro;Dupla;Reta;Sim;2;0;0;1;1;0;1;2;-19,98141539;-44,22803879;SPRF-MG;DEL01-MG;UOP03-DEL01-MG;;;
713167;22/08/2025;sexta-feira;02:30:00;BA;116;489;RAFAEL JAMBEIRO;Aus�ncia de sinaliza��o;Colis�o com objeto;Sem V�timas;Plena Noite;Crescente;C�u Claro;Dupla;Reta;N�o;3;0;0;0;1;3;0;4;-12,5597446;-39,4716584;SPRF-BA;DEL02-BA;UOP01-DEL02-BA;;;
713168;22/08/2025;sexta-feira;05:10:00;MG;381;478;CONTAGEM;Aus�ncia de rea��o do condutor;Colis�o traseira;Com V�timas Feridas;Amanhecer;Decrescente;C�u Claro;Dupla;"Aclive;Reta";Sim;2;0;0;1;1;0;1;2;-19,96185518;-44,03782511;SPRF-MG;DEL01-MG;UOP03-DEL01-MG;;;
713169;22/08/2025;sexta-feira;05:25:00;CE;116;29;FORTALEZA;Aus�ncia de rea��o do condutor;Tombamento;Sem V�timas;Pleno dia;Decrescente;C�u Claro;Dupla;"Aclive;Reta";Sim;1;0;0;0;1;0;0;1;-3,835;-38,458;SPRF-CE;DEL01-CE;UOP02-DEL01-CE;;;
713176;22/08/2025;sexta-feira;05:30:00;PR;376;548;PALMEIRA;Rea��o tardia ou ineficiente do condutor;Sa�da de leito carro��vel;Com V�timas Feridas;Plena Noite;Decrescente;C�u Claro;Dupla;Reta;N�o;1;0;1;0;0;0;1;1;-25,41211;-49,77658;SPRF-PR;DEL03-PR;UOP03-DEL03-PR;;;
713180;22/08/2025;sexta-feira;06:00:00;BA;242;374;PALMEIRAS;Aus�ncia de rea��o do condutor;Colis�o traseira;Com V�timas Feridas;Amanhecer;Crescente;Sol;Simples;"Reta;Declive";N�o;3;0;1;0;1;3;1;5;-12,43930057;-41,48544788;SPRF-BA;DEL06-BA;UOP01-DEL06-BA;;;
713187;22/08/2025;sexta-feira;05:37:00;MG;153;39,3;CENTRALINA;Rea��o tardia ou ineficiente do condutor;Sa�da de leito carro��vel;Com V�timas Feridas;Amanhecer;Crescente;C�u Claro;Dupla;Reta;N�o;2;0;1;0;0;1;1;2;-18,739518;-49,09907;SPRF-MG;DEL15-MG;UOP03-DEL15-MG;;;
713191;22/08/2025;sexta-feira;00:30:00;MA;135;159,4;MATOES DO NORTE;Condutor Dormindo;Colis�o lateral sentido oposto;Sem V�timas;Pleno dia;Decrescente;C�u Claro;Simples;Reta;N�o;2;0;0;0;1;1;0;2;-3,840218;-44,509235;SPRF-MA;DEL03-MA;UOP01-DEL03-MA;;;
713192;22/08/2025;sexta-feira;07:00:00;RJ;116;303;RESENDE;Acessar a via sem observar a presen�a dos outros ve�culos;Colis�o lateral mesmo sentido;Com V�timas Feridas;Pleno dia;Crescente;C�u Claro;Dupla;Curva;N�o;3;0;1;0;1;1;1;3;-22,45386051;-44,37417135;SPRF-RJ;DEL07-RJ;UOP02-DEL07-RJ;;;
713195;22/08/2025;sexta-feira;07:45:00;MG;381;496;BETIM;Manobra de mudan�a de faixa;Colis�o lateral mesmo sentido;Com V�timas Feridas;Pleno dia;Decrescente;C�u Claro;M�ltipla;Reta;Sim;3;0;0;1;1;1;1;3;-19,9806727;-44,2012242;SPRF-MG;DEL01-MG;UOP03-DEL01-MG;;;
713207;09/08/2025;s�bado;22:00:00;BA;242;623;MUQUEM DE SAO FRANCISCO;Condutor deixou de manter dist�ncia do ve�culo da frente;Colis�o lateral sentido oposto;Com V�timas Feridas;Plena Noite;Decrescente;C�u Claro;M�ltipla;"Declive;Curva";N�o;4;0;1;0;2;5;1;8;-12,1324;-43,34979;SPRF-BA;DEL10-BA;UOP01-DEL10-BA;;;
713213;22/08/2025;sexta-feira;05:15:00;GO;153;112;ESTRELA DO NORTE;Aus�ncia de rea��o do condutor;Derramamento de carga;Sem V�timas;Amanhecer;Decrescente;C�u Claro;Simples;Reta;N�o;2;0;0;0;1;1;0;2;-13,77325015;-49,03076649;SPRF-GO;DEL07-GO;UOP01-DEL07-GO;;;
713214;22/08/2025;sexta-feira;08:19:00;SC;101;334,8;TUBARAO;Manobra de mudan�a de faixa;Colis�o traseira;Com V�timas Feridas;Pleno dia;Crescente;C�u Claro;M�ltipla;Reta;Sim;4;0;1;0;2;1;1;4;-28,47427459;-49,02660728;SPRF-SC;DEL02-SC;UOP01-DEL02-SC;;;
713221;22/08/2025;sexta-feira;07:21:00;RO;364;704;PORTO VELHO;Acesso irregular;Colis�o traseira;Com V�timas Fatais;Pleno dia;Decrescente;C�u Claro;Dupla;"Em Obras;Reta";N�o;2;1;0;0;1;0;0;2;-8,8004;-63,8126;SPRF-RO;DEL01-RO;UOP01-DEL01-RO;;;
713222;22/08/2025;sexta-feira;09:00:00;PR;376;634;SAO JOSE DOS PINHAIS;Acessar a via sem observar a presen�a dos outros ve�culos;Sa�da de leito carro��vel;Sem V�timas;Pleno dia;Decrescente;Nublado;Dupla;Reta;N�o;3;0;0;0;2;1;0;2;-25,72367351;-49,13549423;SPRF-PR;DEL01-PR;UOP04-DEL01-PR;;;