id;data_inversa;dia_semana;horario;uf;br;km;municipio;causa_acidente;tipo_acidente;classificacao_acidente;fase_dia;sentido_via;condicao_metereologica;tipo_pista;tracado_via;uso_solo;pessoas;mortos;feridos_leves;feridos_graves;ilesos;ignorados;feridos;veiculos;latitude;longitude;regional;delegacia;uop;;;
713226;22/08/2025;sexta-feira;09:30:00;MG;267;119,9;JUIZ DE FORA;Condutor Dormindo;Sa�da de leito carro��vel;Com V�timas Feridas;Pleno dia;Crescente;C�u Claro;Simples;Curva;Sim;2;0;0;1;0;1;1;2;-21,70539;-43,46275;SPRF-MG;DEL05-MG;UOP01-DEL05-MG;;;
713227;22/08/2025;sexta-feira;07:45:00;SP;116;113,8;TAUBATE;Rea��o tardia ou ineficiente do condutor;Colis�o traseira;Sem V�timas;Pleno dia;Crescente;Sol;Dupla;Reta;Sim;2;0;0;0;1;1;0;2;-23,04837326;-45,59495419;SPRF-SP;DEL02-SP;UOP02-DEL02-SP;;;
713228;22/08/2025;sexta-feira;09:30:00;CE;116;33;AQUIRAZ;Acessar a via sem observar a presen�a dos outros ve�culos;Colis�o lateral mesmo sentido;Sem V�timas;Pleno dia;Decrescente;C�u Claro;Dupla;"Reta;Interse��o de Vias";Sim;2;0;0;0;2;0;0;2;-4,03239282;-38,51042446;SPRF-CE;DEL01-CE;UOP02-DEL01-CE;;;
713229;22/08/2025;sexta-feira;08:00:00;PR;277;38;MORRETES;Demais falhas mec�nicas ou el�tricas;Inc�ndio;Sem V�timas;Pleno dia;Decrescente;C�u Claro;Dupla;"Declive;Reta";N�o;2;0;0;0;1;3;0;4;-25,575897;-48,857845;SPRF-PR;DEL01-PR;UOP05-DEL01-PR;;;
713232;22/08/2025;sexta-feira;08:00:00;RO;364;9,8;VILHENA;Ultrapassagem Indevida;Colis�o transversal;Com V�timas Feridas;Pleno dia;Decrescente;C�u Claro;Simples;Reta;Sim;3;0;1;0;1;3;1;5;-12,75304141;-60,10465622;SPRF-RO;DEL04-RO;UOP01-DEL04-RO;;;
713234;21/07/2025;segunda-feira;09:00:00;AL;101;31;JOAQUIM GOMES;Velocidade Incompat�vel;Engavetamento;Com V�timas Fatais;Pleno dia;Decrescente;C�u Claro;Dupla;"Curva;Em Obras";N�o;17;2;5;2;7;3;7;11;-9,094403;-35,753435;SPRF-AL;DEL01-AL;UOP02-DEL01-AL;;;
713241;22/08/2025;sexta-feira;10:16:00;PA;316;65;CASTANHAL;Manobra de mudan�a de faixa;Colis�o lateral mesmo sentido;Com V�timas Feridas;Pleno dia;Decrescente;C�u Claro;Simples;Reta;Sim;3;0;1;0;0;2;1;3;-1,29581;-47,91801;SPRF-PA;DEL01-PA;UOP01-DEL01-PA;;;
713245;17/08/2025;domingo;06:20:00;MS;163;832;SONORA;Rea��o tardia ou ineficiente do condutor;Sa�da de leito carro��vel;Com V�timas Feridas;Pleno dia;Decrescente;C�u Claro;Simples;Reta;N�o;2;0;1;0;0;1;1;2;-17,63514343;-54,74606261;SPRF-MS;DEL06-MS;UOP01-DEL06-MS;;;
713247;22/08/2025;sexta-feira;09:38:00;RS;470;241;CARLOS BARBOSA;Convers�o proibida;Colis�o lateral sentido oposto;Com V�timas Feridas;Pleno dia;Crescente;Nevoeiro/Neblina;Simples;"Reta;Declive";N�o;3;0;1;0;2;0;1;3;-29,33326215;-51,5003167;SPRF-RS;DEL06-RS;UOP01-DEL06-RS;;;
713251;22/08/2025;sexta-feira;12:08:00;MG;251;317;SALINAS;Aus�ncia de rea��o do condutor;Colis�o traseira;Com V�timas Feridas;Pleno dia;Decrescente;C�u Claro;Simples;"Curva;Declive";N�o;5;0;2;0;2;1;2;3;-16,165798;-42,315709;SPRF-MG;DEL12-MG;UOP02-DEL12-MG;;;
713253;22/08/2025;sexta-feira;12:25:00;SC;101;334,2;TUBARAO;Rea��o tardia ou ineficiente do condutor;Colis�o lateral mesmo sentido;Com V�timas Feridas;Pleno dia;Crescente;C�u Claro;Dupla;Reta;Sim;3;0;1;0;1;1;1;3;-28,47129435;-49,02157545;SPRF-SC;DEL02-SC;UOP01-DEL02-SC;;;
713262;22/08/2025;sexta-feira;13:40:00;MG;262;416,2;IGARATINGA;Aus�ncia de rea��o do condutor;Colis�o traseira;Com V�timas Feridas;Pleno dia;Decrescente;Sol;Dupla;Reta;N�o;3;0;0;1;1;1;1;3;-19,88499;-44,7799;SPRF-MG;DEL08-MG;UOP03-DEL08-MG;;;
713264;22/08/2025;sexta-feira;10:15:00;MT;70;736;CACERES;Carga excessiva e/ou mal acondicionada;Colis�o lateral mesmo sentido;Com V�timas Fatais;Pleno dia;Decrescente;Sol;Simples;"Ponte;Reta";N�o;5;1;0;0;1;3;0;4;-16,070103;-57,706452;SPRF-MT;DEL03-MT;UOP01-DEL03-MT;;;
713271;22/08/2025;sexta-feira;14:35:00;ES;101;170;LINHARES;Acessar a via sem observar a presen�a dos outros ve�culos;Colis�o transversal;Com V�timas Feridas;Pleno dia;Crescente;C�u Claro;Simples;Retorno Regulamentado;N�o;2;0;0;1;1;0;1;2;-19,55875591;-40,17409578;SPRF-ES;DEL04-ES;UOP01-DEL04-ES;;;
713273;22/08/2025;sexta-feira;14:30:00;GO;50;202,7;CAMPO ALEGRE DE GOIAS;Velocidade Incompat�vel;Tombamento;Com V�timas Feridas;Pleno dia;Decrescente;C�u Claro;Dupla;"Rotat�ria;Viaduto";N�o;1;0;1;0;0;0;1;1;-17,596613;-47,800607;SPRF-GO;DEL06-GO;UOP01-DEL06-GO;;;
713278;22/08/2025;sexta-feira;09:00:00;MT;70;690;CACERES;Velocidade Incompat�vel;Tombamento;Com V�timas Feridas;Pleno dia;Decrescente;C�u Claro;Simples;"Declive;Curva";N�o;5;0;0;1;3;1;1;3;-16,230122;-57,434177;SPRF-MT;DEL03-MT;UOP01-DEL03-MT;;;
713279;22/08/2025;sexta-feira;11:00:00;RS;285;570;SAO LUIZ GONZAGA;Acessar a via sem observar a presen�a dos outros ve�culos;Colis�o transversal;Com V�timas Feridas;Pleno dia;Decrescente;C�u Claro;Simples;Reta;N�o;3;0;0;1;1;1;1;3;-28,41555985;-54,97455597;SPRF-RS;DEL12-RS;UOP01-DEL12-RS;;;
713281;22/08/2025;sexta-feira;08:00:00;PR;476;242,7;LAPA;Avarias e/ou desgaste excessivo no pneu;Tombamento;Com V�timas Feridas;Pleno dia;Crescente;C�u Claro;Simples;Curva;N�o;2;0;1;0;0;1;1;2;-25,859192;-50,091726;SPRF-PR;DEL02-PR;UOP03-DEL02-PR;;;
713284;22/08/2025;sexta-feira;06:40:00;PA;222;61;DOM ELISEU;Condutor Dormindo;Colis�o frontal;Com V�timas Fatais;Amanhecer;Decrescente;Nublado;Simples;Reta;N�o;8;6;1;0;0;2;1;4;-4,485773;-47,820167;SPRF-PA;DEL02-PA;UOP02-DEL02-PA;;;
713290;22/08/2025;sexta-feira;14:40:00;RS;285;526,4;SAO LUIZ GONZAGA;Acessar a via sem observar a presen�a dos outros ve�culos;Colis�o traseira;Sem V�timas;Pleno dia;Decrescente;C�u Claro;Simples;"Ponte;Reta";N�o;3;0;0;0;2;1;0;3;-28,403953;-54,538882;SPRF-RS;DEL10-RS;UOP01-DEL10-RS;;;
713293;22/08/2025;sexta-feira;16:25:00;PE;101;80;JABOATAO DOS GUARARAPES;Aus�ncia de rea��o do condutor;Colis�o lateral mesmo sentido;Com V�timas Feridas;Pleno dia;Crescente;C�u Claro;Dupla;Reta;N�o;3;0;1;0;1;2;1;4;-8,1562;-34,94162;SPRF-PE;DEL01-PE;UOP01-DEL01-PE;;;
713294;22/08/2025;sexta-feira;16:00:00;PI;343;49,8;BURITI DOS LOPES;Velocidade Incompat�vel;Colis�o frontal;Com V�timas Feridas;Pleno dia;Crescente;Sol;Simples;Reta;N�o;2;0;0;1;1;0;1;2;-3,181642;-41,85499;SPRF-PI;DEL05-PI;UOP01-DEL05-PI;;;
713296;22/08/2025;sexta-feira;17:00:00;MG;40;528;CONTAGEM;Manobra de mudan�a de faixa;Colis�o lateral mesmo sentido;Com V�timas Feridas;Pleno dia;Crescente;C�u Claro;Dupla;Reta;Sim;4;0;1;0;2;1;1;4;-19,913715;-44,040612;SPRF-MG;DEL01-MG;UOP02-DEL01-MG;;;
713303;22/08/2025;sexta-feira;14:52:00;MG;381;522;BRUMADINHO;Demais falhas mec�nicas ou el�tricas;Inc�ndio;Sem V�timas;Pleno dia;Decrescente;C�u Claro;M�ltipla;Aclive;N�o;1;0;0;0;1;0;0;1;-20,12599766;-44,30163257;SPRF-MG;DEL04-MG;UOP03-DEL04-MG;;;
713305;22/08/2025;sexta-feira;17:20:00;ES;101;282,9;CARIACICA;Rea��o tardia ou ineficiente do condutor;Tombamento;Com V�timas Feridas;Anoitecer;Crescente;C�u Claro;Dupla;Reta;Sim;2;0;1;0;1;0;1;2;-20,22729265;-40,36510913;SPRF-ES;DEL01-ES;UOP01-DEL01-ES;;;
713311;18/06/2025;quarta-feira;21:10:00;MG;40;456;CAETANOPOLIS;Aus�ncia de rea��o do condutor;Colis�o traseira;Com V�timas Feridas;Plena Noite;Crescente;C�u Claro;Dupla;"Reta;Aclive";N�o;44;0;2;0;42;0;2;2;-19,35952;-44,34453;SPRF-MG;DEL02-MG;UOP01-DEL02-MG;;;
713312;22/08/2025;sexta-feira;18:00:00;SE;101;49;JAPARATUBA;Rea��o tardia ou ineficiente do condutor;Colis�o com objeto;Com V�timas Feridas;Plena Noite;Crescente;C�u Claro;Dupla;"Curva;Declive";N�o;2;0;0;2;0;0;2;1;-10,54713135;-36,97081301;SPRF-SE;DEL02-SE;UOP02-DEL02-SE;;;
713314;22/08/2025;sexta-feira;17:00:00;PR;116;110;CURITIBA;Manobra de mudan�a de faixa;Colis�o lateral mesmo sentido;Com V�timas Feridas;Pleno dia;Crescente;C�u Claro;M�ltipla;"Reta;Viaduto";N�o;3;0;1;0;0;2;1;3;-25,560666;-49,263627;SPRF-PR;DEL01-PR;UOP03-DEL01-PR;;;
713317;22/08/2025;sexta-feira;16:00:00;MG;262;62;MATIPO;Transitar na contram�o;Colis�o lateral sentido oposto;Com V�timas Feridas;Pleno dia;Crescente;C�u Claro;Simples;Reta;N�o;2;0;1;0;1;0;1;2;-20,29182539;-42,21427917;SPRF-MG;DEL06-MG;UOP03-DEL06-MG;;;
713319;22/08/2025;sexta-feira;17:00:00;MG;365;625;UBERLANDIA;Rea��o tardia ou ineficiente do condutor;Colis�o traseira;Sem V�timas;Anoitecer;Crescente;C�u Claro;Dupla;Interse��o de Vias;Sim;1;0;0;0;1;0;0;1;-18,90915893;-48,31042528;SPRF-MG;DEL15-MG;UOP01-DEL15-MG;;;
713320;22/08/2025;sexta-feira;14:15:00;PR;116;15;CAMPINA GRANDE DO SUL;Rea��o tardia ou ineficiente do condutor;Tombamento;Com V�timas Feridas;Pleno dia;Decrescente;C�u Claro;Dupla;Curva;N�o;2;0;1;0;0;1;1;2;-25,102;-48,701;SPRF-PR;DEL01-PR;UOP02-DEL01-PR;;;
713321;22/08/2025;sexta-feira;17:00:00;PB;361;43,9;CATINGUEIRA;Aus�ncia de rea��o do condutor;Atropelamento de Pedestre;Com V�timas Fatais;Anoitecer;Crescente;C�u Claro;Simples;Reta;Sim;2;1;0;0;0;1;0;2;-7,125793;-37,607945;SPRF-PB;DEL03-PB;UOP01-DEL03-PB;;;
713329;22/08/2025;sexta-feira;14:00:00;RS;287;447;UNISTALDA;Rea��o tardia ou ineficiente do condutor;Tombamento;Com V�timas Feridas;Pleno dia;Crescente;C�u Claro;Simples;"Curva;Declive";N�o;2;0;0;1;0;1;1;2;-29,04176325;-55,24784088;SPRF-RS;DEL12-RS;UOP02-DEL12-RS;;;
713333;22/08/2025;sexta-feira;18:45:00;PE;423;179;AGUAS BELAS;Condutor deixou de manter dist�ncia do ve�culo da frente;Colis�o frontal;Com V�timas Feridas;Plena Noite;Crescente;C�u Claro;Simples;Reta;N�o;3;0;1;0;1;2;1;4;-9,130553;-37,126625;SPRF-AL;DEL03-AL;UOP02-DEL03-AL;;;
713335;22/08/2025;sexta-feira;17:45:00;SP;116;26;SILVEIRAS;Aus�ncia de sinaliza��o;Colis�o traseira;Sem V�timas;Anoitecer;Decrescente;C�u Claro;Dupla;"Aclive;Reta";N�o;3;0;0;0;2;3;0;5;-22,611983;-44,8985;SPRF-SP;DEL08-SP;UOP02-DEL08-SP;;;
713338;22/08/2025;sexta-feira;18:25:00;PI;343;301;ALTOS;Demais falhas mec�nicas ou el�tricas;Colis�o lateral mesmo sentido;Com V�timas Feridas;Anoitecer;Crescente;C�u Claro;Simples;Reta;Sim;3;0;0;2;1;0;2;2;-5,00500929;-42,41546184;SPRF-PI;DEL01-PI;UOP03-DEL01-PI;;;
713345;13/08/2025;quarta-feira;18:45:00;SC;101;342;TUBARAO;Condutor deixou de manter dist�ncia do ve�culo da frente;Colis�o traseira;Com V�timas Feridas;Plena Noite;Decrescente;C�u Claro;Dupla;Reta;Sim;3;0;0;1;1;1;1;3;-28,52054655;-49,05438272;SPRF-SC;DEL02-SC;UOP01-DEL02-SC;;;
713355;22/08/2025;sexta-feira;18:45:00;MG;116;539,7;SANTA RITA DE MINAS;Rea��o tardia ou ineficiente do condutor;Tombamento;Com V�timas Feridas;Plena Noite;Crescente;Nublado;Simples;Curva;N�o;1;0;1;0;0;0;1;1;-19,889114;-42,137213;SPRF-MG;DEL06-MG;UOP02-DEL06-MG;;;
713362;22/08/2025;sexta-feira;17:30:00;SC;282;349,3;CAMPOS NOVOS;Transitar na contram�o;Colis�o frontal;Com V�timas Fatais;Anoitecer;Decrescente;C�u Claro;Simples;"Reta;Declive";N�o;3;1;0;0;1;1;0;3;-27,360026;-51,277541;SPRF-SC;DEL07-SC;UOP06-DEL07-SC;;;
713366;22/08/2025;sexta-feira;21:00:00;RS;392;26;RIO GRANDE;Rea��o tardia ou ineficiente do condutor;Sa�da de leito carro��vel;Com V�timas Feridas;Plena Noite;Crescente;Garoa/Chuvisco;Dupla;Reta;Sim;2;0;1;0;0;1;1;2;-32,07;-52,25;SPRF-RS;DEL07-RS;UOP02-DEL07-RS;;;
713371;22/08/2025;sexta-feira;22:00:00;AL;101;70;MESSIAS;Transitar na contram�o;Colis�o frontal;Com V�timas Feridas;Plena Noite;Crescente;C�u Claro;Simples;"Viaduto;Curva;Interse��o de Vias";N�o;4;0;2;0;1;1;2;3;-9,3691595;-35,83071828;SPRF-AL;DEL01-AL;UOP02-DEL01-AL;;;
713373;22/08/2025;sexta-feira;23:00:00;SC;101;145,4;ITAPEMA;Ingest�o de �lcool pelo condutor;Colis�o lateral mesmo sentido;Com V�timas Feridas;Plena Noite;Decrescente;C�u Claro;Dupla;Reta;N�o;3;0;1;0;1;1;1;3;-27,08356;-48,60408;SPRF-SC;DEL04-SC;UOP03-DEL04-SC;;;
713374;22/08/2025;sexta-feira;20:30:00;BA;242;682;MUQUEM DE SAO FRANCISCO;Velocidade Incompat�vel;Tombamento;Com V�timas Fatais;Plena Noite;Decrescente;C�u Claro;Simples;"Curva;Declive";N�o;5;1;0;0;0;5;0;4;-12,22997441;-43,83569891;SPRF-BA;DEL10-BA;UOP01-DEL10-BA;;;
713380;22/08/2025;sexta-feira;21:50:00;MG;116;66,1;MEDINA;Aus�ncia de rea��o do condutor;Colis�o lateral mesmo sentido;Sem V�timas;Pleno dia;Crescente;C�u Claro;Simples;"Curva;Declive";N�o;3;0;0;0;2;1;0;3;-16,176042;-41,453601;SPRF-MG;DEL11-MG;UOP02-DEL11-MG;;;
713392;23/08/2025;s�bado;00:30:00;MG;50;169;UBERABA;Ingest�o de �lcool pelo condutor;Sa�da de leito carro��vel;Sem V�timas;Plena Noite;Crescente;C�u Claro;Dupla;"Reta;Declive";Sim;1;0;0;0;1;0;0;1;-19,73439095;-47,98272371;SPRF-MG;DEL13-MG;UOP01-DEL13-MG;;;
713396;23/08/2025;s�bado;00:50:00;MG;381;559,6;ITAGUARA;Rea��o tardia ou ineficiente do condutor;Colis�o traseira;Sem V�timas;Plena Noite;Crescente;C�u Claro;Dupla;"Reta;Declive";N�o;3;0;0;0;2;1;0;2;-20,36064548;-44,46668951;SPRF-MG;DEL04-MG;UOP03-DEL04-MG;;;
713402;23/08/2025;s�bado;03:00:00;RN;406;22;MACAU;Aus�ncia de rea��o do condutor;Sa�da de leito carro��vel;Com V�timas Feridas;Pleno dia;Crescente;C�u Claro;Simples;Reta;N�o;1;0;0;1;0;0;1;1;-5,21093174;-36,46075845;SPRF-RN;DEL02-RN;UOP01-DEL02-RN;;;
713405;23/08/2025;s�bado;04:25:00;SC;101;364,3;SANGAO;Aus�ncia de rea��o do condutor;Sa�da de leito carro��vel;Com V�timas Feridas;Plena Noite;Crescente;C�u Claro;Dupla;Reta;N�o;4;0;3;0;0;2;3;3;-28,68419698;-49,15072918;SPRF-SC;DEL02-SC;UOP01-DEL02-SC;;;
713407;22/08/2025;sexta-feira;23:45:00;MG;40;730,5;OLIVEIRA FORTES;Velocidade Incompat�vel;Tombamento;Com V�timas Feridas;Plena Noite;Crescente;C�u Claro;Dupla;Curva;N�o;2;0;1;0;0;1;1;2;-21,32782657;-43,58494163;SPRF-MG;DEL05-MG;UOP01-DEL05-MG;;;
713411;23/08/2025;s�bado;03:30:00;MG;364;24;FRUTAL;Condutor Dormindo;Colis�o traseira;Com V�timas Feridas;Plena Noite;Crescente;C�u Claro;Simples;Reta;N�o;3;0;1;0;1;3;1;5;-20,038764;-48,8614;SPRF-MG;DEL13-MG;UOP02-DEL13-MG;;;
713414;23/08/2025;s�bado;05:30:00;ES;101;173;ARACRUZ;Aus�ncia de rea��o do condutor;Colis�o lateral mesmo sentido;Com V�timas Feridas;Amanhecer;Decrescente;C�u Claro;Simples;Reta;N�o;3;0;1;0;1;2;1;4;-19,57983492;-40,18741496;SPRF-ES;DEL04-ES;UOP01-DEL04-ES;;;
713417;22/08/2025;sexta-feira;10:30:00;BA;101;50;ESPLANADA;Rea��o tardia ou ineficiente do condutor;Tombamento;Com V�timas Feridas;Pleno dia;Crescente;C�u Claro;Dupla;Reta;N�o;3;0;1;0;1;1;1;3;-11,82176009;-37,98172799;SPRF-BA;DEL01-BA;UOP04-DEL01-BA;;;
713421;23/08/2025;s�bado;05:05:00;BA;116;9,4;VITORIA DA CONQUISTA;Convers�o proibida;Colis�o transversal;Com V�timas Fatais;Amanhecer;Decrescente;Nublado;Simples;Reta;Sim;3;1;0;0;1;1;0;3;-14,856141;-40,879018;SPRF-BA;DEL08-BA;UOP01-DEL08-BA;;;
713423;23/08/2025;s�bado;05:20:00;PR;153;71,1;CONSELHEIRO MAIRINCK;Condutor Dormindo;Colis�o lateral sentido oposto;Com V�timas Feridas;Amanhecer;Decrescente;C�u Claro;Simples;Reta;N�o;4;0;1;0;2;2;1;4;-23,53222596;-50,12000903;SPRF-PR;DEL07-PR;UOP04-DEL07-PR;;;
713427;23/08/2025;s�bado;07:20:00;PR;376;665;PARANAGUA;Aus�ncia de rea��o do condutor;Colis�o traseira;Sem V�timas;Pleno dia;Decrescente;C�u Claro;Dupla;"Curva;Aclive";N�o;3;0;0;0;1;3;0;4;-25,51413;-48,56534;SPRF-PR;DEL01-PR;UOP04-DEL01-PR;;;
713428;23/08/2025;s�bado;00:00:00;GO;452;20;RIO VERDE;Ingest�o de �lcool pelo condutor;Tombamento;Sem V�timas;Plena Noite;Crescente;C�u Claro;Dupla;Reta;N�o;2;0;0;0;1;3;0;4;-17,870022;-50,731725;SPRF-GO;DEL04-GO;UOP01-DEL04-GO;;;
713429;23/08/2025;s�bado;06:42:00;MG;262;377,2;MATEUS LEME;Aus�ncia de rea��o do condutor;Colis�o traseira;Com V�timas Feridas;Amanhecer;Decrescente;C�u Claro;Dupla;"Curva;Aclive";N�o;3;0;0;1;1;2;1;4;-19,93695867;-44,4481768;SPRF-MG;DEL01-MG;UOP03-DEL01-MG;;;
713431;23/08/2025;s�bado;05:30:00;RJ;116;194;QUEIMADOS;Aus�ncia de rea��o do condutor;Colis�o traseira;Com V�timas Feridas;Pleno dia;Crescente;C�u Claro;M�ltipla;Reta;Sim;4;0;1;0;1;2;1;4;-22,7388708;-43,5325807;SPRF-RJ;DEL06-RJ;UOP01-DEL06-RJ;;;
713438;23/08/2025;s�bado;06:45:00;PR;376;597;CURITIBA;Rea��o tardia ou ineficiente do condutor;Colis�o traseira;Sem V�timas;Pleno dia;Crescente;C�u Claro;Dupla;"Reta;Declive";Sim;4;0;0;0;2;2;0;3;-25,4855723;-49,347798;SPRF-PR;DEL01-PR;UOP03-DEL01-PR;;;
713439;23/08/2025;s�bado;06:54:00;DF;251;34;BRASILIA;Condutor deixou de manter dist�ncia do ve�culo da frente;Colis�o lateral mesmo sentido;Com V�timas Feridas;Pleno dia;Decrescente;C�u Claro;Simples;Reta;N�o;3;0;1;0;1;1;1;2;-15,939772;-47,765952;SPRF-DF;DEL01-DF;UOP01-DEL01-DF;;;
713445;23/08/2025;s�bado;07:10:00;MS;419;236;AQUIDAUANA;Acessar a via sem observar a presen�a dos outros ve�culos;Colis�o transversal;Com V�timas Feridas;Pleno dia;Decrescente;C�u Claro;Simples;Reta;Sim;3;0;1;0;1;1;1;3;-20,4512286;-55,7848942;SPRF-MS;DEL03-MS;UOP01-DEL03-MS;;;
713452;07/08/2025;quinta-feira;08:00:00;SP;116;504;CAJATI;Rea��o tardia ou ineficiente do condutor;Colis�o com objeto;Com V�timas Feridas;Pleno dia;Decrescente;C�u Claro;Simples;"Declive;Curva";N�o;2;0;1;0;0;1;1;2;-24,797;-48,208;SPRF-SP;DEL05-SP;UOP02-DEL05-SP;;;
713454;23/08/2025;s�bado;06:20:00;PA;316;145,6;PEIXE-BOI;Transitar na contram�o;Colis�o lateral sentido oposto;Com V�timas Feridas;Amanhecer;Crescente;C�u Claro;Simples;"Reta;Declive";N�o;3;0;0;1;2;0;1;2;-1,235487;-47,223325;SPRF-PA;DEL01-PA;UOP03-DEL01-PA;;;
713459;23/05/2025;sexta-feira;12:30:00;TO;153;540;NOVA ROSALANDIA;Transitar na contram�o;Colis�o frontal;Com V�timas Fatais;Pleno dia;Crescente;C�u Claro;Simples;Reta;N�o;3;1;0;0;1;2;0;4;-10,580865;-48,914;SPRF-TO;DEL01-TO;UOP01-DEL01-TO;;;
713465;23/08/2025;s�bado;10:00:00;RJ;101;66;CAMPOS DOS GOYTACAZES;Rea��o tardia ou ineficiente do condutor;Colis�o transversal;Com V�timas Feridas;Pleno dia;Decrescente;C�u Claro;M�ltipla;Rotat�ria;Sim;2;0;0;1;1;0;1;2;-21,766821;-41,345973;SPRF-RJ;DEL08-RJ;UOP02-DEL08-RJ;;;
713466;23/08/2025;s�bado;07:00:00;MT;70;45;BARRA DO GARCAS;Acostamento em desn�vel;Sa�da de leito carro��vel;Sem V�timas;Pleno dia;Decrescente;C�u Claro;Simples;"Aclive;Reta";N�o;2;0;0;0;1;3;0;4;-15,758981;-52,588014;SPRF-MT;DEL07-MT;UOP01-DEL07-MT;;;
713469;23/08/2025;s�bado;06:20:00;PA;316;183;SANTA LUZIA DO PARA;Demais falhas mec�nicas ou el�tricas;Tombamento;Sem V�timas;Pleno dia;Crescente;C�u Claro;Simples;Aclive;N�o;1;0;0;0;1;0;0;1;-1,43634;-46,97754;SPRF-PA;DEL01-PA;UOP03-DEL01-PA;;;
713470;23/08/2025;s�bado;08:05:00;SC;282;529,8;CORDILHEIRA ALTA;Rea��o tardia ou ineficiente do condutor;Colis�o lateral sentido oposto;Com V�timas Feridas;Pleno dia;Crescente;Chuva;Simples;"Curva;Aclive";N�o;3;0;1;0;1;2;1;4;-26,983753;-52,603077;SPRF-SC;DEL07-SC;UOP01-DEL07-SC;;;
713476;08/08/2025;sexta-feira;12:24:00;SC;101;207;SAO JOSE;Aus�ncia de rea��o do condutor;Queda de ocupante de ve�culo;Com V�timas Feridas;Pleno dia;Crescente;Garoa/Chuvisco;M�ltipla;Reta;Sim;3;0;1;0;2;0;1;3;-27,60216163;-48,62816747;SPRF-SC;DEL01-SC;UOP01-DEL01-SC;;;
713477;23/08/2025;s�bado;08:45:00;RJ;101;289;SAO GONCALO;Aus�ncia de rea��o do condutor;Colis�o lateral mesmo sentido;Com V�timas Feridas;Pleno dia;Crescente;C�u Claro;Dupla;Reta;Sim;2;0;1;0;1;0;1;2;-22,793074;-43,024902;SPRF-RJ;DEL02-RJ;UOP02-DEL02-RJ;;;
713478;23/08/2025;s�bado;11:00:00;BA;135;138;RIACHAO DAS NEVES;Condutor deixou de manter dist�ncia do ve�culo da frente;Colis�o traseira;Com V�timas Feridas;Pleno dia;Crescente;Sol;Simples;Curva;N�o;7;0;0;2;4;2;2;4;-11,85573;-44,84329;SPRF-BA;DEL10-BA;UOP01-DEL10-BA;;;
713495;23/08/2025;s�bado;10:00:00;MG;381;363,2;SAO GONCALO DO RIO ABAIXO;Carga excessiva e/ou mal acondicionada;Tombamento;Com V�timas Feridas;Pleno dia;Decrescente;C�u Claro;Simples;"Curva;Declive";N�o;2;0;0;1;0;1;1;2;-19,855192;-43,264261;SPRF-MG;DEL03-MG;UOP01-DEL03-MG;;;
713500;23/08/2025;s�bado;12:15:00;MG;381;525;BRUMADINHO;Carga excessiva e/ou mal acondicionada;Tombamento;Com V�timas Feridas;Pleno dia;Crescente;C�u Claro;Dupla;Curva;N�o;2;0;1;0;0;2;1;3;-20,147959;-44,324235;SPRF-MG;DEL04-MG;UOP03-DEL04-MG;;;
713506;23/08/2025;s�bado;14:35:00;SP;116;282;EMBU DAS ARTES;Aus�ncia de rea��o do condutor;Queda de ocupante de ve�culo;Com V�timas Fatais;Pleno dia;Crescente;C�u Claro;Dupla;Reta;N�o;2;1;0;0;1;0;0;2;-23,64186217;-46,83653464;SPRF-SP;DEL04-SP;UOP01-DEL04-SP;;;
713513;23/08/2025;s�bado;15:20:00;GO;452;108;BOM JESUS DE GOIAS;Aus�ncia de rea��o do condutor;Colis�o frontal;Com V�timas Feridas;Pleno dia;Crescente;C�u Claro;Simples;Reta;N�o;7;0;1;0;5;2;1;7;-18,137773;-49,977324;SPRF-GO;DEL03-GO;UOP02-DEL03-GO;;;
713518;23/08/2025;s�bado;05:02:00;BA;101;371;GANDU;Chuva;Colis�o frontal;Com V�timas Fatais;Amanhecer;Crescente;Chuva;Simples;"Curva;Declive";N�o;4;1;0;1;1;1;1;3;-13,79599;-39,49553;SPRF-BA;DEL05-BA;UOP03-DEL05-BA;;;
713523;23/08/2025;s�bado;15:35:00;SC;101;213;PALHOCA;Manobra de mudan�a de faixa;Colis�o lateral mesmo sentido;Com V�timas Feridas;Pleno dia;Crescente;C�u Claro;M�ltipla;Reta;Sim;3;0;1;0;1;1;1;3;-27,64334144;-48,66964515;SPRF-SC;DEL01-SC;UOP02-DEL01-SC;;;
713524;23/08/2025;s�bado;12:05:00;MG;381;863,9;POUSO ALEGRE;Mal s�bito do condutor;Sa�da de leito carro��vel;Com V�timas Feridas;Pleno dia;Crescente;Sol;M�ltipla;"Aclive;Reta";N�o;2;0;1;0;0;1;1;2;-22,34906367;-45,92699289;SPRF-MG;DEL16-MG;UOP01-DEL16-MG;;;
713525;23/08/2025;s�bado;15:30:00;PR;376;597,8;CURITIBA;Manobra de mudan�a de faixa;Colis�o lateral mesmo sentido;Sem V�timas;Pleno dia;Crescente;Sol;Dupla;"Declive;Reta";Sim;3;0;0;0;2;1;0;2;-25,4858827;-49,3470692;SPRF-PR;DEL01-PR;UOP03-DEL01-PR;;;
713533;23/08/2025;s�bado;15:00:00;PR;277;31,8;MORRETES;Demais falhas mec�nicas ou el�tricas;Inc�ndio;Sem V�timas;Pleno dia;Decrescente;C�u Claro;Dupla;"Declive;Curva";N�o;2;0;0;0;1;3;0;4;-25,56408898;-48,81330578;SPRF-PR;DEL01-PR;UOP05-DEL01-PR;;;
713535;23/08/2025;s�bado;16:00:00;AL;316;84;SANTANA DO IPANEMA;Acessar a via sem observar a presen�a dos outros ve�culos;Colis�o lateral mesmo sentido;Sem V�timas;Pleno dia;Crescente;C�u Claro;Dupla;"Interse��o de Vias;Reta";Sim;2;0;0;0;2;0;0;2;-9,36755527;-37,24858258;SPRF-AL;DEL03-AL;UOP02-DEL03-AL;;;