id;data_inversa;dia_semana;horario;uf;br;km;municipio;causa_acidente;tipo_acidente;classificacao_acidente;fase_dia;sentido_via;condicao_metereologica;tipo_pista;tracado_via;uso_solo;pessoas;mortos;feridos_leves;feridos_graves;ilesos;ignorados;feridos;veiculos;latitude;longitude;regional;delegacia;uop;;;
713537;23/08/2025;s�bado;14:30:00;MG;262;368;JUATUBA;Acessar a via sem observar a presen�a dos outros ve�culos;Colis�o transversal;Sem V�timas;Pleno dia;Decrescente;C�u Claro;Dupla;Retorno Regulamentado;Sim;2;0;0;0;2;0;0;2;-19,95603255;-44,36664931;SPRF-MG;DEL01-MG;UOP03-DEL01-MG;;;
713542;23/08/2025;s�bado;17:10:00;SC;280;10;SAO FRANCISCO DO SUL;Acessar a via sem observar a presen�a dos outros ve�culos;Colis�o transversal;Com V�timas Feridas;Pleno dia;Decrescente;C�u Claro;Simples;Curva;Sim;4;0;0;2;1;2;2;4;-26,30017;-48,64055;SPRF-SC;DEL03-SC;UOP03-DEL03-SC;;;
713545;13/08/2025;quarta-feira;19:20:00;RJ;116;214;ITAGUAI;Manobra de mudan�a de faixa;Colis�o lateral mesmo sentido;Com V�timas Feridas;Plena Noite;Decrescente;C�u Claro;Dupla;Curva;N�o;3;0;1;0;1;1;1;3;-22,6944867;-43,77365112;SPRF-RJ;DEL06-RJ;UOP02-DEL06-RJ;;;
713547;23/08/2025;s�bado;18:00:00;GO;40;1,8;VALPARAISO DE GOIAS;Manobra de mudan�a de faixa;Colis�o lateral mesmo sentido;Com V�timas Feridas;Anoitecer;Decrescente;C�u Claro;Dupla;Reta;Sim;2;0;1;0;1;0;1;2;-16,068105;-47,984108;SPRF-DF;DEL01-DF;UOP01-DEL01-DF;;;
713556;23/08/2025;s�bado;17:00:00;SP;116;387;MIRACATU;Ingest�o de �lcool pelo condutor;Colis�o traseira;Com V�timas Feridas;Anoitecer;Decrescente;Ignorado;Dupla;Reta;Sim;3;0;0;1;1;1;1;3;-24,28455854;-47,4392395;SPRF-SP;DEL04-SP;UOP02-DEL04-SP;;;
713560;23/08/2025;s�bado;19:00:00;MG;381;345;JOAO MONLEVADE;Velocidade Incompat�vel;Colis�o traseira;Com V�timas Feridas;Plena Noite;Crescente;C�u Claro;Simples;Reta;N�o;3;0;1;0;1;2;1;4;-19,853857;-43,134529;SPRF-MG;DEL03-MG;UOP01-DEL03-MG;;;
713565;23/08/2025;s�bado;15:20:00;CE;222;28;CAUCAIA;Condutor deixou de manter dist�ncia do ve�culo da frente;Colis�o traseira;Com V�timas Feridas;Pleno dia;Crescente;C�u Claro;Dupla;Reta;N�o;2;0;1;0;1;0;1;2;-3,71655122;-38,8035323;SPRF-CE;DEL01-CE;UOP01-DEL01-CE;;;
713573;23/08/2025;s�bado;16:40:00;CE;222;142,6;IRAUCUBA;Velocidade Incompat�vel;Colis�o frontal;Com V�timas Feridas;Pleno dia;Crescente;C�u Claro;Simples;Curva;N�o;3;0;0;1;1;2;1;4;-3,76405515;-39,73248482;SPRF-CE;DEL04-CE;UOP03-DEL04-CE;;;
713576;23/08/2025;s�bado;17:04:00;SP;116;550;BARRA DO TURVO;Objeto est�tico sobre o leito carro��vel;Tombamento;Com V�timas Feridas;Pleno dia;Decrescente;C�u Claro;Simples;"Curva;Aclive";N�o;5;0;1;0;3;1;1;2;-24,966;-48,469;SPRF-SP;DEL05-SP;UOP02-DEL05-SP;;;
713579;23/08/2025;s�bado;20:10:00;MG;153;238;FRUTAL;Aus�ncia de rea��o do condutor;Colis�o lateral sentido oposto;Com V�timas Feridas;Plena Noite;Crescente;C�u Claro;Simples;Reta;N�o;5;0;1;0;3;1;1;3;-19,9204832;-48,9610768;SPRF-MG;DEL13-MG;UOP02-DEL13-MG;;;
713588;23/08/2025;s�bado;16:05:00;RJ;393;272;BARRA DO PIRAI;Condutor Dormindo;Sa�da de leito carro��vel;Com V�timas Feridas;Pleno dia;Decrescente;Sol;Simples;Reta;N�o;2;0;1;0;0;1;1;2;-22,48123385;-43,97792816;SPRF-RJ;DEL05-RJ;UOP04-DEL05-RJ;;;
713594;23/08/2025;s�bado;15:00:00;MA;10;309,2;ACAILANDIA;Ingest�o de �lcool pelo condutor;Colis�o frontal;Com V�timas Feridas;Pleno dia;Decrescente;C�u Claro;Simples;Reta;N�o;3;0;0;1;1;2;1;4;-5,029404;-47,547902;SPRF-MA;DEL04-MA;UOP03-DEL04-MA;;;
713606;23/08/2025;s�bado;22:00:00;SC;101;39;JOINVILLE;Manobra de mudan�a de faixa;Colis�o lateral mesmo sentido;Com V�timas Feridas;Plena Noite;Decrescente;C�u Claro;M�ltipla;Reta;Sim;5;0;2;0;2;1;2;3;-26,28672884;-48,88701137;SPRF-SC;DEL03-SC;UOP01-DEL03-SC;;;
713612;23/08/2025;s�bado;19:00:00;MT;163;923;ITAUBA;Transitar na contram�o;Colis�o transversal;Com V�timas Feridas;Plena Noite;Decrescente;C�u Claro;Simples;Reta;N�o;4;0;1;0;1;3;1;5;-11,10393;-55,3004;SPRF-MT;DEL06-MT;UOP02-DEL06-MT;;;
713613;23/08/2025;s�bado;22:45:00;PB;230;110;MOGEIRO;Condutor Dormindo;Colis�o traseira;Com V�timas Feridas;Plena Noite;Decrescente;C�u Claro;Dupla;Declive;N�o;2;0;0;1;1;0;1;2;-7,211394;-35,508703;SPRF-PB;DEL01-PB;UOP02-DEL01-PB;;;
713627;23/08/2025;s�bado;22:40:00;PR;153;24,8;JACAREZINHO;Suic�dio (presumido);Colis�o frontal;Com V�timas Fatais;Plena Noite;Decrescente;C�u Claro;Simples;"Aclive;Reta";N�o;3;1;0;0;1;1;0;3;-23,19459033;-49,98540044;SPRF-PR;DEL07-PR;UOP04-DEL07-PR;;;
713642;23/08/2025;s�bado;22:10:00;MA;10;231,4;GOVERNADOR EDISON LOBAO;Transitar na contram�o;Colis�o frontal;Com V�timas Fatais;Plena Noite;Crescente;C�u Claro;Simples;Reta;N�o;3;1;0;0;2;0;0;2;-5,689177;-47,36664;SPRF-MA;DEL04-MA;UOP01-DEL04-MA;;;
713648;23/08/2025;s�bado;19:30:00;RO;364;686;CANDEIAS DO JAMARI;Transitar no Acostamento;Atropelamento de Pedestre;Com V�timas Feridas;Plena Noite;Decrescente;C�u Claro;Simples;Reta;N�o;4;0;1;2;0;1;3;3;-8,79224;-63,64918;SPRF-RO;DEL01-RO;UOP01-DEL01-RO;;;
713649;23/08/2025;s�bado;17:40:00;PR;376;1;JANDAIA DO SUL;Demais falhas mec�nicas ou el�tricas;Inc�ndio;Sem V�timas;Anoitecer;Crescente;C�u Claro;Dupla;"Declive;Curva";N�o;2;0;0;0;1;3;0;4;-23,587867;-51,641387;SPRF-PR;DEL09-PR;UOP01-DEL09-PR;;;
713659;23/08/2025;s�bado;22:25:00;ES;101;66,3;SAO MATEUS;Rea��o tardia ou ineficiente do condutor;Colis�o traseira;Com V�timas Feridas;Plena Noite;Decrescente;Nublado;Dupla;Reta;Sim;2;0;0;1;1;0;1;2;-18,71809576;-39,87041323;SPRF-ES;DEL04-ES;UOP02-DEL04-ES;;;
713669;23/08/2025;s�bado;21:00:00;TO;153;440;MIRACEMA DO TOCANTINS;Rea��o tardia ou ineficiente do condutor;Tombamento;Com V�timas Fatais;Plena Noite;Decrescente;C�u Claro;Simples;Curva;N�o;3;1;1;0;0;2;1;3;-9,74238;-48,698698;SPRF-TO;DEL01-TO;UOP01-DEL01-TO;;;
713683;24/08/2025;domingo;05:40:00;RJ;116;225;PARACAMBI;Demais falhas mec�nicas ou el�tricas;Inc�ndio;Sem V�timas;Amanhecer;Decrescente;C�u Claro;Simples;"Curva;Declive";N�o;2;0;0;0;1;1;0;2;-22,677;-43,818;SPRF-RJ;DEL06-RJ;UOP02-DEL06-RJ;;;
713707;24/08/2025;domingo;07:40:00;AL;101;149;JEQUIA DA PRAIA;Velocidade Incompat�vel;Colis�o com objeto;Com V�timas Feridas;Pleno dia;Crescente;Garoa/Chuvisco;Dupla;"Declive;Curva";N�o;2;0;1;0;0;1;1;2;-9,89125957;-36,13534212;SPRF-AL;DEL02-AL;UOP02-DEL02-AL;;;
713721;24/08/2025;domingo;10:30:00;PA;230;235;NOVO REPARTIMENTO;Declive acentuado;Colis�o lateral sentido oposto;Sem V�timas;Pleno dia;Decrescente;C�u Claro;Simples;"Declive;Curva";N�o;5;0;0;0;4;1;0;2;-4,733148;-49,65557;SPRF-PA;DEL03-PA;UOP01-DEL03-PA;;;
713733;24/08/2025;domingo;10:50:00;PR;277;122;CAMPO LARGO;Demais falhas mec�nicas ou el�tricas;Queda de ocupante de ve�culo;Com V�timas Feridas;Pleno dia;Decrescente;C�u Claro;Dupla;Reta;Sim;4;0;0;1;3;0;1;1;-25,44381715;-49,50501546;SPRF-PR;DEL03-PR;UOP03-DEL03-PR;;;
713741;17/08/2025;domingo;04:45:00;SP;116;310;SAO LOURENCO DA SERRA;Manobra de mudan�a de faixa;Colis�o traseira;Com V�timas Feridas;Amanhecer;Decrescente;C�u Claro;Dupla;"Aclive;Curva";N�o;7;0;5;0;1;2;5;4;-23,87225182;-46,96226148;SPRF-SP;DEL04-SP;UOP01-DEL04-SP;;;
713742;28/06/2025;s�bado;11:00:00;SC;101;146;ITAPEMA;Manobra de mudan�a de faixa;Colis�o lateral mesmo sentido;Com V�timas Feridas;Pleno dia;Decrescente;Nublado;M�ltipla;"Reta;Declive";Sim;3;0;1;0;1;1;1;3;-27,0868;-48,6096;SPRF-SC;DEL04-SC;UOP03-DEL04-SC;;;
713750;24/08/2025;domingo;10:30:00;MT;174;290;PONTES E LACERDA;Convers�o proibida;Colis�o lateral mesmo sentido;Sem V�timas;Pleno dia;Crescente;Sol;Simples;Reta;Sim;3;0;0;0;1;2;0;3;-15,234562;-59,316563;SPRF-MT;DEL04-MT;UOP01-DEL04-MT;;;
713754;17/06/2025;ter�a-feira;11:28:00;TO;153;596,5;SANTA RITA DO TOCANTINS;Ultrapassagem Indevida;Colis�o frontal;Com V�timas Fatais;Pleno dia;Crescente;C�u Claro;Simples;Reta;N�o;4;1;0;1;1;1;1;3;-11,065183;-48,914569;SPRF-TO;DEL01-TO;UOP01-DEL01-TO;;;
713759;24/08/2025;domingo;12:50:00;BA;101;475,5;URUCUCA;Ultrapassagem Indevida;Colis�o frontal;Com V�timas Feridas;Pleno dia;Crescente;Nublado;Simples;Reta;N�o;9;0;4;0;4;1;4;4;-14,575672;-39,336603;SPRF-BA;DEL05-BA;UOP01-DEL05-BA;;;
713764;24/08/2025;domingo;15:30:00;PR;163;177;LINDOESTE;Chuva;Colis�o lateral mesmo sentido;Com V�timas Feridas;Pleno dia;Crescente;Chuva;Dupla;Curva;N�o;4;0;1;0;2;1;1;3;-25,173085;-53,603642;SPRF-PR;DEL05-PR;UOP05-DEL05-PR;;;
713774;24/08/2025;domingo;12:13:00;RO;364;384;OURO PRETO DO OESTE;Frear bruscamente;Colis�o traseira;Com V�timas Feridas;Pleno dia;Crescente;Sol;Simples;Reta;Sim;6;0;1;0;4;3;1;6;-10,708575;-62,256145;SPRF-RO;DEL02-RO;UOP01-DEL02-RO;;;
713778;24/08/2025;domingo;16:49:00;ES;101;10,6;PEDRO CANARIO;Ingest�o de �lcool pelo condutor;Colis�o lateral sentido oposto;Com V�timas Feridas;Anoitecer;Crescente;C�u Claro;Simples;Curva;N�o;6;0;3;0;1;3;3;4;-18,24953919;-39,95289022;SPRF-ES;DEL04-ES;UOP02-DEL04-ES;;;
713796;24/08/2025;domingo;17:10:00;PE;408;56,2;CARPINA;Condutor deixou de manter dist�ncia do ve�culo da frente;Colis�o traseira;Com V�timas Fatais;Pleno dia;Crescente;Nublado;Simples;Curva;Sim;3;1;0;0;0;2;0;3;-7,84616;-35,23911;SPRF-PE;DEL01-PE;UOP01-DEL01-PE;;;
713800;24/08/2025;domingo;17:35:00;RS;386;33,9;FREDERICO WESTPHALEN;Acessar a via sem observar a presen�a dos outros ve�culos;Colis�o transversal;Com V�timas Feridas;Pleno dia;Crescente;Nublado;Simples;"Reta;Interse��o de Vias";Sim;2;0;1;0;1;0;1;2;-27,35917277;-53,38860494;SPRF-RS;DEL08-RS;UOP02-DEL08-RS;;;
713802;24/08/2025;domingo;18:10:00;MG;40;682,8;RESSAQUINHA;Ultrapassagem Indevida;Colis�o frontal;Com V�timas Fatais;Plena Noite;Crescente;Nublado;Simples;Reta;Sim;3;1;1;0;1;0;1;3;-21,06749218;-43,76952184;SPRF-MG;DEL05-MG;UOP02-DEL05-MG;;;
713808;24/08/2025;domingo;19:10:00;ES;101;127;SOORETAMA;Ingest�o de �lcool pelo condutor;Colis�o com objeto;Com V�timas Feridas;Plena Noite;Crescente;C�u Claro;M�ltipla;Reta;Sim;1;0;0;1;0;0;1;1;-19,20350404;-40,09548354;SPRF-ES;DEL04-ES;UOP01-DEL04-ES;;;
713811;24/08/2025;domingo;18:50:00;PE;101;38;ITAPISSUMA;Demais falhas mec�nicas ou el�tricas;Colis�o com objeto;Sem V�timas;Plena Noite;Decrescente;C�u Claro;Dupla;Curva;Sim;2;0;0;0;1;1;0;2;-7,805616;-34,925397;SPRF-PE;DEL01-PE;UOP02-DEL01-PE;;;
713814;24/08/2025;domingo;13:00:00;MT;158;776;BARRA DO GARCAS;Acessar a via sem observar a presen�a dos outros ve�culos;Sa�da de leito carro��vel;Com V�timas Feridas;Pleno dia;Crescente;Sol;Simples;"Interse��o de Vias;Reta";N�o;4;0;0;1;0;3;1;4;-15,7267804;-52,25761682;SPRF-MT;DEL07-MT;UOP01-DEL07-MT;;;
713841;24/08/2025;domingo;15:04:00;MG;381;525;BRUMADINHO;Velocidade Incompat�vel;Tombamento;Com V�timas Fatais;Pleno dia;Decrescente;C�u Claro;Dupla;Curva;N�o;2;1;0;0;0;1;0;2;-20,14989358;-44,32481799;SPRF-MG;DEL04-MG;UOP03-DEL04-MG;;;
713848;09/07/2025;quarta-feira;16:25:00;GO;60;37,8;ALEXANIA;Aus�ncia de rea��o do condutor;Colis�o traseira;Com V�timas Feridas;Pleno dia;Decrescente;C�u Claro;Dupla;"Reta;Aclive";N�o;4;0;2;0;2;0;2;3;-16,11478;-48,540125;SPRF-DF;DEL03-DF;UOP01-DEL03-DF;;;
713858;24/08/2025;domingo;20:10:00;SP;116;492;CAJATI;Aus�ncia de rea��o do condutor;Sa�da de leito carro��vel;Com V�timas Feridas;Plena Noite;Decrescente;Nublado;M�ltipla;Reta;N�o;2;0;1;0;0;1;1;2;-24,74369048;-48,14183084;SPRF-SP;DEL05-SP;UOP01-DEL05-SP;;;
713861;24/08/2025;domingo;21:20:00;PR;153;322;IRATI;Transitar na contram�o;Colis�o lateral sentido oposto;Com V�timas Feridas;Plena Noite;Decrescente;Chuva;Simples;Curva;N�o;2;0;1;0;0;1;1;2;-25,389883;-50,616174;SPRF-PR;DEL08-PR;UOP02-DEL08-PR;;;
713867;24/08/2025;domingo;19:00:00;MG;251;334;RUBELITA;Rea��o tardia ou ineficiente do condutor;Tombamento;Com V�timas Fatais;Plena Noite;Decrescente;Ignorado;Simples;"Curva;Declive";N�o;2;1;0;0;0;1;0;2;-16,262583;-42,408206;SPRF-MG;DEL12-MG;UOP02-DEL12-MG;;;
713875;25/08/2025;segunda-feira;03:00:00;GO;153;443;ANAPOLIS;Condutor Dormindo;Colis�o traseira;Com V�timas Fatais;Plena Noite;Crescente;C�u Claro;Dupla;"Aclive;Reta";N�o;2;1;0;0;1;0;0;2;-16,35020302;-48,92771959;SPRF-GO;DEL02-GO;UOP01-DEL02-GO;;;
713884;25/08/2025;segunda-feira;05:00:00;BA;135;116;RIACHAO DAS NEVES;Aus�ncia de sinaliza��o;Colis�o traseira;Com V�timas Fatais;Amanhecer;Crescente;C�u Claro;Simples;"Aclive;Reta";N�o;3;1;0;0;1;2;0;4;-11,69323;-44,88005;SPRF-BA;DEL10-BA;UOP01-DEL10-BA;;;
713886;25/08/2025;segunda-feira;05:15:00;MS;163;39,6;ELDORADO;Acessar a via sem observar a presen�a dos outros ve�culos;Eventos at�picos;Com V�timas Feridas;Plena Noite;Decrescente;Chuva;Simples;Reta;Sim;2;0;0;1;0;1;1;2;-23,790912;-54,282222;SPRF-MS;DEL09-MS;UOP02-DEL09-MS;;;
713894;25/08/2025;segunda-feira;06:40:00;SC;101;92;BARRA VELHA;Aus�ncia de rea��o do condutor;Colis�o lateral mesmo sentido;Com V�timas Feridas;Amanhecer;Crescente;Chuva;Simples;Reta;N�o;2;0;1;0;1;0;1;2;-26,68226672;-48,69391177;SPRF-SC;DEL03-SC;UOP02-DEL03-SC;;;
713899;25/08/2025;segunda-feira;07:25:00;TO;153;136,8;ARAGUAINA;Objeto est�tico sobre o leito carro��vel;Colis�o com objeto;Com V�timas Feridas;Pleno dia;Crescente;C�u Claro;Dupla;"Reta;Declive";Sim;3;0;2;0;0;1;2;2;-7,1452228;-48,202438;SPRF-TO;DEL02-TO;UOP01-DEL02-TO;;;
713900;28/04/2025;segunda-feira;22:40:00;MG;381;812;CAREACU;Curva acentuada;Sa�da de leito carro��vel;Com V�timas Feridas;Plena Noite;Crescente;C�u Claro;Dupla;Reta;N�o;2;0;0;1;0;1;1;2;-22,00950663;-45,67781031;SPRF-MG;DEL16-MG;UOP02-DEL16-MG;;;
713914;25/08/2025;segunda-feira;07:35:00;SC;470;2;NAVEGANTES;Acessar a via sem observar a presen�a dos outros ve�culos;Colis�o transversal;Com V�timas Feridas;Pleno dia;Decrescente;Chuva;Simples;"Interse��o de Vias;Viaduto";Sim;3;0;0;1;1;3;1;5;-26,8682;-48,675351;SPRF-SC;DEL04-SC;UOP04-DEL04-SC;;;
713925;21/08/2025;quinta-feira;06:50:00;GO;414;322,1;COCALZINHO DE GOIAS;Velocidade Incompat�vel;Colis�o traseira;Com V�timas Feridas;Pleno dia;Decrescente;C�u Claro;Simples;"Reta;Ponte";N�o;3;0;1;0;1;6;1;8;-15,394937;-48,635689;SPRF-GO;DEL02-GO;UOP01-DEL02-GO;;;
713926;25/08/2025;segunda-feira;08:36:00;RS;116;245;SAO LEOPOLDO;Demais falhas mec�nicas ou el�tricas;Colis�o traseira;Com V�timas Fatais;Pleno dia;Crescente;Nublado;M�ltipla;Reta;Sim;4;1;0;0;1;2;0;3;-29,7505935;-51,1510024;SPRF-RS;DEL01-RS;UOP02-DEL01-RS;;;
713931;25/08/2025;segunda-feira;09:10:00;SP;153;62,3;SAO JOSE DO RIO PRETO;Aus�ncia de rea��o do condutor;Engavetamento;Com V�timas Feridas;Pleno dia;Crescente;C�u Claro;Dupla;"Aclive;Reta";Sim;6;0;2;0;4;0;2;5;-20,815452;-49,357167;SPRF-SP;DEL09-SP;UOP01-DEL09-SP;;;
713932;25/08/2025;segunda-feira;07:30:00;MT;163;846,9;SINOP;Condutor deixou de manter dist�ncia do ve�culo da frente;Colis�o lateral mesmo sentido;Com V�timas Fatais;Pleno dia;Crescente;C�u Claro;Simples;"Reta;Em Obras";N�o;9;2;1;1;4;4;2;9;-11,73561322;-55,4624176;SPRF-MT;DEL06-MT;UOP02-DEL06-MT;;;
713933;24/07/2025;quinta-feira;11:45:00;MG;40;466;SETE LAGOAS;Rea��o tardia ou ineficiente do condutor;Engavetamento;Com V�timas Feridas;Pleno dia;Decrescente;C�u Claro;Dupla;"Reta;Viaduto;Declive";N�o;4;0;1;0;2;2;1;5;-19,442355;-44,326051;SPRF-MG;DEL02-MG;UOP01-DEL02-MG;;;
713934;25/08/2025;segunda-feira;07:40:00;BA;324;610;SIMOES FILHO;Condutor deixou de manter dist�ncia do ve�culo da frente;Queda de ocupante de ve�culo;Com V�timas Feridas;Pleno dia;Decrescente;Nublado;Dupla;Reta;Sim;3;0;1;0;1;1;1;3;-12,84083355;-38,41495425;SPRF-BA;DEL01-BA;UOP01-DEL01-BA;;;
713935;25/08/2025;segunda-feira;08:00:00;MS;262;197,8;RIBAS DO RIO PARDO;Demais falhas mec�nicas ou el�tricas;Inc�ndio;Sem V�timas;Pleno dia;Decrescente;Nublado;Simples;Reta;N�o;2;0;0;0;1;2;0;3;-20,458396;-53,364866;SPRF-MS;DEL01-MS;UOP05-DEL01-MS;;;
713937;25/08/2025;segunda-feira;10:15:00;SC;470;140;RIO DO SUL;Acessar a via sem observar a presen�a dos outros ve�culos;Colis�o transversal;Com V�timas Feridas;Pleno dia;Crescente;Garoa/Chuvisco;Simples;"Interse��o de Vias;Rotat�ria;Reta";Sim;2;0;0;1;1;0;1;2;-27,20467602;-49,63863222;SPRF-SC;DEL04-SC;UOP02-DEL04-SC;;;
713938;02/07/2025;quarta-feira;17:35:00;GO;60;3,2;SANTO ANTONIO DO DESCOBERTO;Velocidade Incompat�vel;Colis�o traseira;Com V�timas Fatais;Pleno dia;Decrescente;C�u Claro;Dupla;"Aclive;Curva";N�o;8;1;1;3;2;1;4;5;-16,079422;-48,269702;SPRF-DF;DEL03-DF;UOP01-DEL03-DF;;;
713941;20/03/2025;quinta-feira;03:04:00;MG;40;414,2;CURVELO;Aus�ncia de rea��o do condutor;Sa�da de leito carro��vel;Com V�timas Feridas;Plena Noite;Decrescente;C�u Claro;Simples;Reta;N�o;1;0;1;0;0;0;1;1;-19,13811;-44,61797;SPRF-MG;DEL02-MG;UOP01-DEL02-MG;;;
713948;10/08/2025;domingo;07:00:00;RJ;393;286,1;VOLTA REDONDA;Condutor deixou de manter dist�ncia do ve�culo da frente;Colis�o traseira;Com V�timas Feridas;Amanhecer;Decrescente;C�u Claro;Simples;Reta;N�o;4;0;2;0;1;1;2;3;-22,50716513;-44,07783508;SPRF-RJ;DEL05-RJ;UOP04-DEL05-RJ;;;
713955;25/08/2025;segunda-feira;13:10:00;MG;116;506;UBAPORANGA;Demais falhas mec�nicas ou el�tricas;Colis�o traseira;Sem V�timas;Pleno dia;Crescente;C�u Claro;Simples;Reta;N�o;2;0;0;0;2;0;0;2;-19,61881999;-42,10939407;SPRF-MG;DEL06-MG;UOP02-DEL06-MG;;;
713956;28/05/2025;quarta-feira;07:00:00;PA;230;575;VITORIA DO XINGU;Rea��o tardia ou ineficiente do condutor;Colis�o lateral mesmo sentido;Com V�timas Feridas;Pleno dia;Decrescente;C�u Claro;Simples;"Reta;Aclive";N�o;3;0;0;1;0;2;1;3;-3,13023184;-51,72878265;SPRF-PA;DEL04-PA;UOP01-DEL04-PA;;;
713958;28/07/2025;segunda-feira;22:00:00;MG;381;491;BETIM;Velocidade Incompat�vel;Colis�o traseira;Com V�timas Feridas;Plena Noite;Decrescente;C�u Claro;Dupla;Reta;Sim;2;0;0;1;1;0;1;2;-19,95861133;-44,15119768;SPRF-MG;DEL01-MG;UOP03-DEL01-MG;;;
713962;20/06/2025;sexta-feira;13:43:00;TO;153;147,6;ARAGUAINA;Transitar na contram�o;Colis�o traseira;Com V�timas Feridas;Pleno dia;Decrescente;Sol;Dupla;Reta;Sim;3;0;0;1;1;1;1;3;-7,22712;-48,25039;SPRF-TO;DEL02-TO;UOP01-DEL02-TO;;;
713963;25/08/2025;segunda-feira;14:10:00;MG;262;608,8;IBIA;Ultrapassagem Indevida;Sa�da de leito carro��vel;Com V�timas Feridas;Pleno dia;Crescente;C�u Claro;Simples;Reta;N�o;2;0;1;1;0;0;2;1;-19,587565;-46,368787;SPRF-MG;DEL08-MG;UOP02-DEL08-MG;;;
713964;25/08/2025;segunda-feira;13:30:00;MG;381;370;JUATUBA;Fuma�a;Inc�ndio;Com V�timas Feridas;Pleno dia;Decrescente;C�u Claro;Dupla;Reta;N�o;1;0;1;0;0;0;1;1;-19,947521;-44,381189;SPRF-MG;DEL01-MG;UOP01-DEL01-MG;;;
713969;13/08/2025;quarta-feira;17:40:00;MS;267;223;NOVA ALVORADA DO SUL;Demais Fen�menos da natureza;Inc�ndio;Sem V�timas;Anoitecer;Crescente;C�u Claro;Simples;Reta;N�o;2;0;0;0;1;2;0;3;-21,48757449;-54,2824173;SPRF-MS;DEL02-MS;UOP01-DEL02-MS;;;
713971;25/08/2025;segunda-feira;12:10:00;RS;116;415;CAMAQUA;Condutor Dormindo;Sa�da de leito carro��vel;Com V�timas Feridas;Pleno dia;Crescente;C�u Claro;Dupla;Reta;N�o;3;0;1;0;1;1;1;2;-30,93927521;-51,93390237;SPRF-RS;DEL02-RS;UOP02-DEL02-RS;;;
713973;25/08/2025;segunda-feira;11:22:00;RO;364;341,2;JI-PARANA;Desrespeitar a prefer�ncia no cruzamento;Colis�o transversal;Com V�timas Feridas;Pleno dia;Crescente;C�u Claro;Simples;Interse��o de Vias;Sim;4;0;3;0;1;0;3;2;-10,888505;-61,931717;SPRF-RO;DEL02-RO;UOP01-DEL02-RO;;;
713976;25/08/2025;segunda-feira;15:20:00;PA;230;98;SAO JOAO DO ARAGUAIA;Rea��o tardia ou ineficiente do condutor;Tombamento;Com V�timas Feridas;Pleno dia;Crescente;C�u Claro;Simples;"Declive;Reta";N�o;3;0;1;0;1;2;1;4;-5,40893724;-48,94750357;SPRF-PA;DEL03-PA;UOP01-DEL03-PA;;;
713979;25/08/2025;segunda-feira;16:00:00;MG;381;938,3;EXTREMA;Condutor usando celular;Engavetamento;Com V�timas Feridas;Pleno dia;Crescente;Sol;Dupla;Curva;N�o;6;0;1;0;2;4;1;7;-22,81733801;-46,29418101;SPRF-MG;DEL16-MG;UOP03-DEL16-MG;;;
713981;25/08/2025;segunda-feira;12:30:00;RO;364;341;JI-PARANA;Demais falhas mec�nicas ou el�tricas;Colis�o traseira;Com V�timas Feridas;Pleno dia;Crescente;C�u Claro;Dupla;"Aclive;Curva;Viaduto";N�o;3;0;0;1;1;1;1;3;-10,8888161;-61,9316809;SPRF-RO;DEL02-RO;UOP01-DEL02-RO;;;
713986;25/08/2025;segunda-feira;16:05:00;RJ;101;398;ITAGUAI;Aus�ncia de rea��o do condutor;Colis�o traseira;Com V�timas Feridas;Pleno dia;Decrescente;Nublado;Dupla;Reta;Sim;3;0;2;0;1;0;2;2;-22,87077603;-43,7451493;SPRF-RJ;DEL03-RJ;UOP01-DEL03-RJ;;;
713988;16/08/2025;s�bado;07:40:00;BA;116;536;ITATIM;Pista Escorregadia;Colis�o frontal;Com V�timas Feridas;Pleno dia;Decrescente;Chuva;Simples;Reta;N�o;3;0;1;0;1;2;1;4;-12,83760864;-39,83457857;SPRF-BA;DEL03-BA;UOP02-DEL03-BA;;;
713989;25/08/2025;segunda-feira;16:40:00;RS;116;219;MORRO REUTER;Acessar a via sem observar a presen�a dos outros ve�culos;Colis�o lateral sentido oposto;Com V�timas Feridas;Pleno dia;Decrescente;Nublado;Simples;"Aclive;Reta";Sim;2;0;0;1;1;0;1;2;-29,553565;-51,092937;SPRF-RS;DEL05-RS;UOP02-DEL05-RS;;;
713995;25/08/2025;segunda-feira;16:10:00;RS;470;249;BARAO;Velocidade Incompat�vel;Sa�da de leito carro��vel;Com V�timas Feridas;Pleno dia;Decrescente;Nublado;Simples;"Curva;Declive";N�o;2;0;0;1;1;0;1;2;-29,40179109;-51,50935499;SPRF-RS;DEL06-RS;UOP01-DEL06-RS;;;
713998;25/08/2025;segunda-feira;15:00:00;GO;153;143;CAMPINORTE;Condutor deixou de manter dist�ncia do ve�culo da frente;Engavetamento;Com V�timas Feridas;Pleno dia;Decrescente;C�u Claro;Simples;Reta;N�o;4;0;1;0;2;1;1;3;-14,030385;-49,088257;SPRF-GO;DEL07-GO;UOP02-DEL07-GO;;;
713999;25/08/2025;segunda-feira;16:20:00;AC;364;115;RIO BRANCO;Rea��o tardia ou ineficiente do condutor;Tombamento;Com V�timas Feridas;Pleno dia;Crescente;C�u Claro;Dupla;Reta;Sim;1;0;0;1;0;0;1;1;-10,01300451;-67,71843307;SPRF-AC;DEL01-AC;UOP01-DEL01-AC;;;