id;data_inversa;dia_semana;horario;uf;br;km;municipio;causa_acidente;tipo_acidente;classificacao_acidente;fase_dia;sentido_via;condicao_metereologica;tipo_pista;tracado_via;uso_solo;pessoas;mortos;feridos_leves;feridos_graves;ilesos;ignorados;feridos;veiculos;latitude;longitude;regional;delegacia;uop;;;
714000;25/08/2025;segunda-feira;18:05:00;PI;343;334;TERESINA;Aus�ncia de rea��o do condutor;Colis�o traseira;Com V�timas Feridas;Plena Noite;Crescente;C�u Claro;Dupla;Reta;N�o;5;0;3;0;1;1;3;3;-5,05677879;-42,68400723;SPRF-PI;DEL01-PI;UOP01-DEL01-PI;;;
714001;25/08/2025;segunda-feira;18:40:00;TO;10;470,8;PALMAS;Aus�ncia de rea��o do condutor;Tombamento;Com V�timas Feridas;Anoitecer;Crescente;C�u Claro;Simples;Curva;N�o;2;0;1;0;0;2;1;3;-10,22012064;-48,161489;SPRF-TO;DEL01-TO;UOP03-DEL01-TO;;;
714004;25/08/2025;segunda-feira;19:05:00;PR;476;192,9;LAPA;Velocidade Incompat�vel;Colis�o traseira;Com V�timas Fatais;Plena Noite;Decrescente;Nublado;Simples;"Aclive;Reta";N�o;3;1;0;0;1;1;0;3;-25,73316911;-49,7098395;SPRF-PR;DEL01-PR;UOP06-DEL01-PR;;;
714007;25/08/2025;segunda-feira;15:30:00;CE;222;131;ITAPAJE;Carga excessiva e/ou mal acondicionada;Derramamento de carga;Sem V�timas;Pleno dia;Crescente;C�u Claro;Simples;Reta;N�o;2;0;0;0;1;2;0;3;-3,72139;-39,642502;SPRF-CE;DEL04-CE;UOP03-DEL04-CE;;;
714019;25/08/2025;segunda-feira;19:40:00;PR;277;44;MORRETES;Aus�ncia de rea��o do condutor;Tombamento;Com V�timas Feridas;Plena Noite;Crescente;Garoa/Chuvisco;Dupla;"Aclive;Curva";N�o;2;0;1;0;0;1;1;2;-25,592732;-48,889281;SPRF-PR;DEL01-PR;UOP05-DEL01-PR;;;
714022;25/08/2025;segunda-feira;18:08:00;MT;364;624;DIAMANTINO;Aus�ncia de rea��o do condutor;Colis�o frontal;Com V�timas Fatais;Anoitecer;Crescente;C�u Claro;Simples;Reta;Sim;4;2;0;0;1;3;0;5;-14,373537;-56,383363;SPRF-MT;DEL01-MT;UOP01-DEL01-MT;;;
714027;21/06/2025;s�bado;08:59:00;TO;153;697;CARIRI DO TOCANTINS;Transitar na contram�o;Colis�o frontal;Com V�timas Fatais;Pleno dia;Crescente;C�u Claro;Simples;Reta;N�o;3;1;0;1;0;3;1;5;-11,9281929;-49,1838812;SPRF-TO;DEL01-TO;UOP02-DEL01-TO;;;
714033;25/08/2025;segunda-feira;20:10:00;PE;428;166,2;PETROLINA;Aus�ncia de rea��o do condutor;Sa�da de leito carro��vel;Com V�timas Feridas;Plena Noite;Decrescente;C�u Claro;Simples;Reta;N�o;2;0;2;0;0;0;2;1;-9,20344322;-40,39420724;SPRF-PE;DEL06-PE;UOP01-DEL06-PE;;;
714041;25/08/2025;segunda-feira;21:35:00;RS;392;20;RIO GRANDE;Rea��o tardia ou ineficiente do condutor;Sa�da de leito carro��vel;Com V�timas Feridas;Plena Noite;Decrescente;C�u Claro;Dupla;Reta;Sim;5;0;1;0;2;3;1;5;-32,086405;-52,2035332;SPRF-RS;DEL07-RS;UOP02-DEL07-RS;;;
714051;25/08/2025;segunda-feira;23:00:00;AL;104;22,1;UNIAO DOS PALMARES;Problema com o freio;Sa�da de leito carro��vel;Com V�timas Feridas;Plena Noite;Crescente;Garoa/Chuvisco;Simples;"Curva;Declive";N�o;1;0;1;0;0;0;1;1;-9,07584;-36,036876;SPRF-AL;DEL01-AL;UOP02-DEL01-AL;;;
714054;25/08/2025;segunda-feira;23:30:00;MG;40;219;JOAO PINHEIRO;Carga excessiva e/ou mal acondicionada;Tombamento;Com V�timas Feridas;Plena Noite;Decrescente;C�u Claro;Simples;Reta;N�o;1;0;1;0;0;0;1;1;-17,961746;-45,656568;SPRF-MG;DEL14-MG;UOP02-DEL14-MG;;;
714055;25/08/2025;segunda-feira;21:25:00;MT;70;735;CACERES;Velocidade Incompat�vel;Colis�o com objeto;Sem V�timas;Plena Noite;Decrescente;C�u Claro;Simples;Ponte;N�o;1;0;0;0;1;0;0;1;-16,07479622;-57,70321995;SPRF-MT;DEL03-MT;UOP01-DEL03-MT;;;
714057;26/08/2025;ter�a-feira;03:00:00;SC;101;50;JOINVILLE;Demais falhas mec�nicas ou el�tricas;Inc�ndio;Sem V�timas;Plena Noite;Decrescente;Nublado;M�ltipla;Curva;N�o;2;0;0;0;1;1;0;2;-26,33280692;-48,84521484;SPRF-SC;DEL03-SC;UOP01-DEL03-SC;;;
714059;26/08/2025;ter�a-feira;04:35:00;MG;40;484;SETE LAGOAS;Aus�ncia de rea��o do condutor;Colis�o traseira;Com V�timas Feridas;Plena Noite;Crescente;C�u Claro;Dupla;"Reta;Aclive";N�o;10;0;6;2;1;1;8;3;-19,57781;-44,22945;SPRF-MG;DEL02-MG;UOP01-DEL02-MG;;;
714060;25/08/2025;segunda-feira;22:20:00;MG;116;97;MEDINA;Aus�ncia de rea��o do condutor;Sa�da de leito carro��vel;Com V�timas Feridas;Plena Noite;Crescente;C�u Claro;Simples;"Declive;Curva";N�o;2;0;0;1;0;1;1;2;-16,4266374;-41,4916931;SPRF-MG;DEL11-MG;UOP02-DEL11-MG;;;
714063;26/08/2025;ter�a-feira;02:40:00;PI;316;90;OLHO DAGUA DO PIAUI;Aus�ncia de rea��o do condutor;Sa�da de leito carro��vel;Com V�timas Feridas;Plena Noite;Crescente;C�u Claro;Simples;Curva;N�o;1;0;1;0;0;0;1;1;-5,788812;-42,550127;SPRF-PI;DEL04-PI;UOP02-DEL04-PI;;;
714064;26/08/2025;ter�a-feira;06:15:00;MG;381;482;CONTAGEM;Estacionar ou parar em local proibido;Colis�o traseira;Com V�timas Feridas;Pleno dia;Crescente;C�u Claro;M�ltipla;Reta;Sim;3;0;1;0;1;1;1;3;-19,95938502;-44,06819791;SPRF-MG;DEL01-MG;UOP03-DEL01-MG;;;
714069;26/08/2025;ter�a-feira;06:40:00;ES;101;400,7;RIO NOVO DO SUL;Velocidade Incompat�vel;Colis�o frontal;Com V�timas Fatais;Pleno dia;Crescente;Sol;Simples;Curva;N�o;5;1;1;0;2;2;1;6;-20,8725998;-40,94670296;SPRF-ES;DEL03-ES;UOP02-DEL03-ES;;;
714075;26/08/2025;ter�a-feira;07:00:00;SP;116;545;BARRA DO TURVO;Rea��o tardia ou ineficiente do condutor;Capotamento;Com V�timas Feridas;Pleno dia;Crescente;Garoa/Chuvisco;M�ltipla;"Aclive;Curva";N�o;2;0;1;0;1;0;1;2;-24,94686552;-48,42599479;SPRF-SP;DEL05-SP;UOP02-DEL05-SP;;;
714077;26/08/2025;ter�a-feira;06:10:00;SC;470;5;NAVEGANTES;Rea��o tardia ou ineficiente do condutor;Colis�o traseira;Com V�timas Feridas;Pleno dia;Decrescente;Nublado;Dupla;Reta;Sim;2;0;0;1;0;1;1;2;-26,85599577;-48,69952178;SPRF-SC;DEL04-SC;UOP04-DEL04-SC;;;
714083;26/08/2025;ter�a-feira;07:40:00;PR;376;631;SAO JOSE DOS PINHAIS;Aus�ncia de rea��o do condutor;Colis�o lateral mesmo sentido;Com V�timas Feridas;Pleno dia;Decrescente;Garoa/Chuvisco;M�ltipla;Reta;Sim;3;0;1;0;2;0;1;2;-25,715548;-49,1383;SPRF-PR;DEL01-PR;UOP04-DEL01-PR;;;
714088;26/08/2025;ter�a-feira;06:50:00;RS;116;40,6;VACARIA;Transitar na contram�o;Colis�o lateral sentido oposto;Com V�timas Feridas;Pleno dia;Crescente;Nublado;Simples;Reta;Sim;3;0;1;0;1;2;1;4;-28,5219363;-50,943453;SPRF-RS;DEL05-RS;UOP03-DEL05-RS;;;
714089;26/08/2025;ter�a-feira;07:05:00;SC;282;42;AGUAS MORNAS;Acessar a via sem observar a presen�a dos outros ve�culos;Colis�o lateral mesmo sentido;Sem V�timas;Pleno dia;Decrescente;Chuva;Simples;Reta;Sim;2;0;0;0;2;0;0;2;-27,71809468;-48,88256963;SPRF-SC;DEL01-SC;UOP03-DEL01-SC;;;
714095;26/08/2025;ter�a-feira;08:05:00;PB;101;123,7;CAAPORA;Velocidade Incompat�vel;Sa�da de leito carro��vel;Com V�timas Feridas;Pleno dia;Decrescente;C�u Claro;Dupla;"Reta;Declive";N�o;2;0;0;1;0;1;1;2;-7,46618885;-34,9775818;SPRF-PB;DEL01-PB;UOP01-DEL01-PB;;;
714107;26/08/2025;ter�a-feira;08:00:00;CE;116;389,4;ICO;Ultrapassagem Indevida;Colis�o lateral sentido oposto;Com V�timas Feridas;Pleno dia;Crescente;C�u Claro;Simples;"Aclive;Reta";N�o;6;0;1;2;2;1;3;3;-6,51878;-38,861551;SPRF-CE;DEL05-CE;UOP01-DEL05-CE;;;
714108;26/08/2025;ter�a-feira;09:15:00;PR;277;637,5;CEU AZUL;Aus�ncia de rea��o do condutor;Sa�da de leito carro��vel;Com V�timas Feridas;Pleno dia;Crescente;Garoa/Chuvisco;Simples;"Reta;Declive";Sim;2;0;1;0;0;1;1;2;-25,14862553;-53,84189129;SPRF-PR;DEL05-PR;UOP02-DEL05-PR;;;
714110;26/08/2025;ter�a-feira;09:15:00;TO;153;141;ARAGUAINA;Acessar a via sem observar a presen�a dos outros ve�culos;Colis�o transversal;Com V�timas Feridas;Pleno dia;Crescente;C�u Claro;M�ltipla;"Curva;Declive";Sim;3;0;1;0;1;1;1;3;-7,17343;-48,21683166;SPRF-TO;DEL02-TO;UOP01-DEL02-TO;;;
714115;25/08/2025;segunda-feira;19:00:00;BA;101;612;MASCOTE;Velocidade Incompat�vel;Tombamento;Com V�timas Feridas;Plena Noite;Crescente;Nublado;Simples;Curva;N�o;1;0;0;1;0;0;1;1;-15,59154;-39,42682;SPRF-BA;DEL05-BA;UOP02-DEL05-BA;;;
714118;21/07/2025;segunda-feira;13:20:00;RJ;493;108;SEROPEDICA;Ultrapassagem Indevida;Sa�da de leito carro��vel;Com V�timas Feridas;Pleno dia;Decrescente;C�u Claro;Dupla;Reta;N�o;3;0;1;0;1;1;1;2;-22,791594;-43,779924;SPRF-RJ;DEL01-RJ;UOP03-DEL01-RJ;;;
714120;26/08/2025;ter�a-feira;09:10:00;ES;262;161,2;IBATIBA;Aus�ncia de rea��o do condutor;Colis�o traseira;Com V�timas Fatais;Pleno dia;Crescente;C�u Claro;Simples;"Aclive;Reta";N�o;3;1;0;0;1;1;0;3;-20,2346;-41,52572;SPRF-ES;DEL01-ES;UOP02-DEL01-ES;;;
714124;26/08/2025;ter�a-feira;09:50:00;GO;153;197,9;URUACU;Acesso irregular;Colis�o transversal;Com V�timas Fatais;Pleno dia;Crescente;C�u Claro;Simples;Reta;Sim;6;1;0;0;1;5;0;5;-14,515257;-49,150992;SPRF-GO;DEL07-GO;UOP02-DEL07-GO;;;
714127;04/06/2025;quarta-feira;17:30:00;AP;210;2;MACAPA;Manobra de mudan�a de faixa;Colis�o lateral mesmo sentido;Com V�timas Feridas;Anoitecer;Crescente;Nublado;Dupla;Reta;Sim;3;0;1;0;1;1;1;3;0,08269784;-51,07758522;SPRF-AP;DEL01-AP;UOP01-DEL01-AP;;;
714128;26/08/2025;ter�a-feira;07:45:00;MG;262;95;ABRE CAMPO;Acessar a via sem observar a presen�a dos outros ve�culos;Colis�o transversal;Com V�timas Feridas;Pleno dia;Decrescente;C�u Claro;Simples;Interse��o de Vias;Sim;2;0;0;1;1;0;1;2;-20,296632;-42,477553;SPRF-MG;DEL03-MG;UOP03-DEL03-MG;;;
714130;26/08/2025;ter�a-feira;10:00:00;PR;116;106;SAO JOSE DOS PINHAIS;Rea��o tardia ou ineficiente do condutor;Colis�o lateral mesmo sentido;Com V�timas Feridas;Pleno dia;Crescente;Chuva;Dupla;Reta;N�o;3;0;1;0;1;2;1;4;-25,5698379;-49,2199897;SPRF-PR;DEL01-PR;UOP03-DEL01-PR;;;
714133;26/08/2025;ter�a-feira;10:44:00;ES;101;268;SERRA;Aus�ncia de rea��o do condutor;Colis�o lateral mesmo sentido;Com V�timas Feridas;Pleno dia;Crescente;C�u Claro;Dupla;Reta;Sim;2;0;1;0;1;0;1;2;-20,1547043;-40,269764;SPRF-ES;DEL02-ES;UOP01-DEL02-ES;;;
714138;26/08/2025;ter�a-feira;10:10:00;GO;414;381;CORUMBA DE GOIAS;Condutor Dormindo;Colis�o traseira;Com V�timas Feridas;Pleno dia;Crescente;C�u Claro;Simples;"Aclive;Em Obras;Reta";N�o;4;0;1;0;2;1;1;3;-15,83996207;-48,77178418;SPRF-GO;DEL02-GO;UOP01-DEL02-GO;;;
714139;26/08/2025;ter�a-feira;03:00:00;GO;60;304;ACREUNA;Entrada inopinada do pedestre;Atropelamento de Pedestre;Com V�timas Fatais;Plena Noite;Crescente;C�u Claro;Dupla;Reta;Sim;2;1;0;0;0;1;0;2;-17,387745;-50,376388;SPRF-GO;DEL04-GO;UOP02-DEL04-GO;;;
714145;26/08/2025;ter�a-feira;12:00:00;PR;369;153;LONDRINA;Velocidade Incompat�vel;Colis�o transversal;Com V�timas Feridas;Pleno dia;Decrescente;C�u Claro;Dupla;"Curva;Viaduto";N�o;3;0;1;0;1;1;1;3;-23,2984666;-51,19473187;SPRF-PR;DEL07-PR;UOP01-DEL07-PR;;;
714147;26/08/2025;ter�a-feira;13:10:00;SC;101;215,1;PALHOCA;Acessar a via sem observar a presen�a dos outros ve�culos;Colis�o lateral mesmo sentido;Com V�timas Feridas;Pleno dia;Crescente;Garoa/Chuvisco;Dupla;"Reta;Interse��o de Vias";Sim;3;0;1;0;1;1;1;3;-27,65227066;-48,67652547;SPRF-SC;DEL01-SC;UOP02-DEL01-SC;;;
714151;26/08/2025;ter�a-feira;11:05:00;MS;262;263,2;RIBAS DO RIO PARDO;Condutor Dormindo;Colis�o frontal;Com V�timas Fatais;Pleno dia;Decrescente;C�u Claro;Simples;Reta;N�o;4;2;0;0;1;5;0;8;-20,425287;-53,96181;SPRF-MS;DEL01-MS;UOP05-DEL01-MS;;;
714154;26/08/2025;ter�a-feira;12:30:00;SC;101;98;BALNEARIO PICARRAS;Aus�ncia de rea��o do condutor;Colis�o traseira;Com V�timas Feridas;Pleno dia;Decrescente;Chuva;Dupla;Reta;N�o;3;0;1;0;1;1;1;3;-26,738022;-48,698913;SPRF-SC;DEL03-SC;UOP02-DEL03-SC;;;
714155;15/07/2025;ter�a-feira;09:30:00;TO;153;386,9;RIO DOS BOIS;Condutor deixou de manter dist�ncia do ve�culo da frente;Colis�o traseira;Com V�timas Feridas;Pleno dia;Decrescente;C�u Claro;Simples;Reta;N�o;8;0;1;1;5;2;2;6;-9,300707;-48,551563;SPRF-TO;DEL02-TO;UOP02-DEL02-TO;;;
714156;26/08/2025;ter�a-feira;12:10:00;MG;262;628,9;IBIA;Avarias e/ou desgaste excessivo no pneu;Sa�da de leito carro��vel;Com V�timas Feridas;Pleno dia;Crescente;C�u Claro;Simples;Reta;N�o;1;0;0;1;0;0;1;1;-19,57566;-46,54705;SPRF-MG;DEL08-MG;UOP01-DEL08-MG;;;
714159;19/08/2025;ter�a-feira;22:05:00;GO;364;51,1;CACHOEIRA ALTA;Acessar a via sem observar a presen�a dos outros ve�culos;Colis�o lateral sentido oposto;Com V�timas Feridas;Plena Noite;Crescente;C�u Claro;Simples;Reta;N�o;3;0;0;1;1;2;1;4;-18,79841806;-50,90480804;SPRF-GO;DEL05-GO;UOP02-DEL05-GO;;;
714161;26/08/2025;ter�a-feira;11:00:00;PR;376;499;PONTA GROSSA;Condutor deixou de manter dist�ncia do ve�culo da frente;Colis�o traseira;Com V�timas Feridas;Pleno dia;Crescente;Chuva;Dupla;Reta;Sim;7;0;2;0;4;2;2;4;-25,158013;-50,129023;SPRF-PR;DEL03-PR;UOP04-DEL03-PR;;;
714162;26/08/2025;ter�a-feira;13:55:00;BA;116;482;RAFAEL JAMBEIRO;Demais falhas mec�nicas ou el�tricas;Colis�o com objeto;Sem V�timas;Pleno dia;Decrescente;C�u Claro;Dupla;"Declive;Reta";N�o;2;0;0;0;1;1;0;2;-12,533225;-39,417166;SPRF-BA;DEL02-BA;UOP01-DEL02-BA;;;
714163;26/08/2025;ter�a-feira;13:40:00;PE;101;44;IGARASSU;Manobra de mudan�a de faixa;Colis�o lateral mesmo sentido;Com V�timas Feridas;Pleno dia;Crescente;Sol;M�ltipla;Reta;Sim;3;0;1;0;1;1;1;3;-7,860842;-34,908098;SPRF-PE;DEL01-PE;UOP02-DEL01-PE;;;
714165;26/08/2025;ter�a-feira;14:20:00;CE;116;523;JATI;Aus�ncia de rea��o do condutor;Colis�o traseira;Com V�timas Feridas;Pleno dia;Crescente;C�u Claro;Simples;Reta;N�o;5;0;2;0;3;0;2;3;-7,66125295;-39,01796717;SPRF-CE;DEL05-CE;UOP03-DEL05-CE;;;
714167;26/08/2025;ter�a-feira;14:00:00;SP;153;38;ONDA VERDE;Rea��o tardia ou ineficiente do condutor;Engavetamento;Com V�timas Feridas;Pleno dia;Crescente;C�u Claro;Simples;"Reta;Em Obras";N�o;6;0;2;2;2;0;4;4;-20,6082115;-49,3260112;SPRF-SP;DEL09-SP;UOP01-DEL09-SP;;;
714171;26/08/2025;ter�a-feira;14:30:00;SP;116;503;CAJATI;Rea��o tardia ou ineficiente do condutor;Tombamento;Com V�timas Feridas;Pleno dia;Crescente;Chuva;Simples;Reta;N�o;1;0;1;0;0;0;1;1;-24,779418;-48,210803;SPRF-SP;DEL05-SP;UOP02-DEL05-SP;;;
714172;26/08/2025;ter�a-feira;13:50:00;PR;369;488,5;CORBELIA;Mal s�bito do condutor;Colis�o traseira;Com V�timas Feridas;Pleno dia;Crescente;Nublado;Simples;Reta;N�o;3;0;1;0;1;2;1;4;-24,82666391;-53,29802513;SPRF-PR;DEL04-PR;UOP03-DEL04-PR;;;
714173;26/08/2025;ter�a-feira;14:30:00;CE;116;40;HORIZONTE;Demais falhas mec�nicas ou el�tricas;Colis�o com objeto;Sem V�timas;Pleno dia;Crescente;C�u Claro;Dupla;Reta;Sim;1;0;0;0;1;0;0;1;-4,09852533;-38,50279424;SPRF-CE;DEL01-CE;UOP02-DEL01-CE;;;
714176;26/08/2025;ter�a-feira;14:30:00;TO;235;179;TUPIRAMA;Transitar na contram�o;Colis�o frontal;Com V�timas Fatais;Pleno dia;Crescente;C�u Claro;Simples;"Reta;Declive";N�o;5;3;0;0;1;2;0;4;-8,956799;-48,297645;SPRF-TO;DEL02-TO;UOP02-DEL02-TO;;;
714179;26/08/2025;ter�a-feira;13:40:00;PR;277;615,5;CEU AZUL;Aus�ncia de rea��o do condutor;Sa�da de leito carro��vel;Com V�timas Feridas;Pleno dia;Decrescente;C�u Claro;Simples;"Aclive;Reta";N�o;1;0;1;0;0;0;1;1;-25,073655;-53,667093;SPRF-PR;DEL05-PR;UOP02-DEL05-PR;;;
714193;26/08/2025;ter�a-feira;15:45:00;RS;285;464;IJUI;Desrespeitar a prefer�ncia no cruzamento;Colis�o transversal;Com V�timas Feridas;Pleno dia;Decrescente;C�u Claro;Simples;"Interse��o de Vias;Reta";N�o;4;0;2;0;1;1;2;3;-28,40136683;-53,95626068;SPRF-RS;DEL10-RS;UOP01-DEL10-RS;;;
714194;26/08/2025;ter�a-feira;16:21:00;PR;116;37,4;CAMPINA GRANDE DO SUL;Acumulo de �gua sobre o pavimento;Sa�da de leito carro��vel;Com V�timas Feridas;Pleno dia;Decrescente;Chuva;M�ltipla;Curva;N�o;6;0;4;0;1;1;4;3;-25,150487;-48,85911;SPRF-PR;DEL01-PR;UOP02-DEL01-PR;;;
714195;26/08/2025;ter�a-feira;15:00:00;PA;163;37;NOVO PROGRESSO;Ultrapassagem Indevida;Colis�o frontal;Com V�timas Feridas;Pleno dia;Crescente;C�u Claro;Simples;Curva;N�o;3;0;2;0;0;1;2;3;-9,25315917;-54,83654894;SPRF-MT;DEL06-MT;UOP03-DEL06-MT;;;
714197;26/08/2025;ter�a-feira;15:00:00;MT;163;976;TERRA NOVA DO NORTE;Aus�ncia de rea��o do condutor;Sa�da de leito carro��vel;Sem V�timas;Pleno dia;Crescente;Sol;Simples;Reta;N�o;2;0;0;0;1;1;0;2;-10,70592;-55,12075;SPRF-MT;DEL06-MT;UOP03-DEL06-MT;;;
714198;26/08/2025;ter�a-feira;17:15:00;ES;101;280,6;SERRA;Acessar a via sem observar a presen�a dos outros ve�culos;Colis�o transversal;Com V�timas Feridas;Anoitecer;Crescente;Nublado;Dupla;Reta;N�o;3;0;0;1;1;1;1;3;-20,21913333;-40,35536667;SPRF-ES;DEL02-ES;UOP01-DEL02-ES;;;
714200;26/08/2025;ter�a-feira;16:15:00;RS;472;175,7;SANTA ROSA;Desrespeitar a prefer�ncia no cruzamento;Colis�o transversal;Com V�timas Fatais;Pleno dia;Crescente;C�u Claro;Simples;Reta;Sim;3;1;1;0;1;0;1;3;-27,853592;-54,519901;SPRF-RS;DEL10-RS;UOP01-DEL10-RS;;;
714209;26/08/2025;ter�a-feira;17:10:00;RJ;101;387;RIO DE JANEIRO;Manobra de mudan�a de faixa;Colis�o traseira;Com V�timas Feridas;Anoitecer;Crescente;Chuva;Dupla;Reta;N�o;3;0;1;0;2;0;1;2;-22,88473557;-43,64739695;SPRF-RJ;DEL03-RJ;UOP01-DEL03-RJ;;;
714215;26/08/2025;ter�a-feira;17:40:00;MG;381;370,5;SAO GONCALO DO RIO ABAIXO;Velocidade Incompat�vel;Colis�o frontal;Com V�timas Feridas;Anoitecer;Decrescente;C�u Claro;Simples;Curva;N�o;3;0;1;2;0;0;3;2;-19,84264329;-43,31933051;SPRF-MG;DEL01-MG;UOP01-DEL01-MG;;;
714222;26/08/2025;ter�a-feira;16:45:00;MA;230;384;BALSAS;Demais falhas mec�nicas ou el�tricas;Sa�da de leito carro��vel;Com V�timas Feridas;Pleno dia;Crescente;C�u Claro;Simples;Reta;N�o;1;0;0;1;0;0;1;1;-7,41409949;-45,99518967;SPRF-MA;DEL05-MA;UOP01-DEL05-MA;;;
714226;26/08/2025;ter�a-feira;17:45:00;BA;324;513;FEIRA DE SANTANA;�rea urbana sem a presen�a de local apropriado para a travessia de pedestres;Atropelamento de Pedestre;Com V�timas Feridas;Anoitecer;Decrescente;Garoa/Chuvisco;Simples;Reta;Sim;3;0;0;1;1;1;1;3;-12,23227591;-38,95264166;SPRF-BA;DEL02-BA;UOP01-DEL02-BA;;;
714236;26/08/2025;ter�a-feira;19:10:00;SP;381;65;MAIRIPORA;Rea��o tardia ou ineficiente do condutor;Colis�o lateral mesmo sentido;Sem V�timas;Plena Noite;Decrescente;Nublado;Simples;"Curva;Rotat�ria;Viaduto";Sim;3;0;0;0;3;0;0;2;-23,31607571;-46,58257728;SPRF-SP;DEL03-SP;UOP01-DEL03-SP;;;
714238;26/08/2025;ter�a-feira;18:00:00;RS;471;173,1;RIO PARDO;Acessar a via sem observar a presen�a dos outros ve�culos;Colis�o transversal;Com V�timas Feridas;Anoitecer;Decrescente;C�u Claro;Simples;"Curva;Interse��o de Vias";N�o;3;0;1;0;1;2;1;4;-29,97363058;-52,37089125;SPRF-RS;DEL02-RS;UOP03-DEL02-RS;;;
714239;26/08/2025;ter�a-feira;19:10:00;SC;101;235,1;PALHOCA;Velocidade Incompat�vel;Colis�o com objeto;Com V�timas Feridas;Plena Noite;Decrescente;Garoa/Chuvisco;Dupla;Curva;N�o;2;0;1;0;1;0;1;1;-27,81883;-48,63101;SPRF-SC;DEL01-SC;UOP02-DEL01-SC;;;
714241;26/08/2025;ter�a-feira;20:10:00;SP;116;116;CACAPAVA;Aus�ncia de rea��o do condutor;Colis�o traseira;Com V�timas Feridas;Plena Noite;Crescente;Nublado;Dupla;Reta;Sim;2;0;1;0;0;1;1;2;-23,1067208;-45,6974529;SPRF-SP;DEL02-SP;UOP02-DEL02-SP;;;
714242;26/08/2025;ter�a-feira;11:00:00;PA;230;134;MARABA;Rea��o tardia ou ineficiente do condutor;Sa�da de leito carro��vel;Sem V�timas;Pleno dia;Decrescente;C�u Claro;Simples;Aclive;N�o;1;0;0;0;0;1;0;1;-5,33657941;-49,21946883;SPRF-PA;DEL03-PA;UOP01-DEL03-PA;;;
714248;26/08/2025;ter�a-feira;16:00:00;MA;135;262;PERITORO;Rea��o tardia ou ineficiente do condutor;Sa�da de leito carro��vel;Sem V�timas;Plena Noite;Decrescente;C�u Claro;Dupla;Declive;N�o;1;0;0;0;0;1;0;1;-4,36717;-44,34649431;SPRF-MA;DEL03-MA;UOP01-DEL03-MA;;;
714250;26/08/2025;ter�a-feira;14:50:00;GO;153;277;NOVA GLORIA;Rea��o tardia ou ineficiente do condutor;Colis�o traseira;Com V�timas Feridas;Pleno dia;Decrescente;C�u Claro;Simples;"Aclive;Reta";N�o;3;0;1;0;1;2;1;4;-15,127665;-49,50922;SPRF-GO;DEL07-GO;UOP02-DEL07-GO;;;
714261;26/08/2025;ter�a-feira;14:30:00;AC;364;207;BUJARI;Aus�ncia de rea��o do condutor;Sa�da de leito carro��vel;Com V�timas Feridas;Pleno dia;Decrescente;Sol;Simples;Reta;N�o;1;0;1;0;0;0;1;1;-9,540389;-68,309809;SPRF-AC;DEL01-AC;UOP01-DEL01-AC;;;
714265;26/08/2025;ter�a-feira;21:45:00;DF;70;3,2;BRASILIA;Acessar a via sem observar a presen�a dos outros ve�culos;Colis�o transversal;Com V�timas Feridas;Pleno dia;Crescente;C�u Claro;Dupla;Curva;Sim;2;0;1;0;1;0;1;2;-15,801928;-48,083582;SPRF-DF;DEL03-DF;UOP02-DEL03-DF;;;
714267;26/08/2025;ter�a-feira;21:02:00;GO;40;67,3;CRISTALINA;Rea��o tardia ou ineficiente do condutor;Colis�o traseira;Com V�timas Fatais;Plena Noite;Decrescente;C�u Claro;Simples;"Reta;Aclive";N�o;3;1;1;0;0;2;1;4;-16,583217;-47,78255;SPRF-DF;DEL01-DF;UOP02-DEL01-DF;;;
714268;26/08/2025;ter�a-feira;19:10:00;SC;282;214,7;LAGES;Acessar a via sem observar a presen�a dos outros ve�culos;Colis�o traseira;Com V�timas Feridas;Plena Noite;Decrescente;Chuva;Simples;Reta;Sim;3;0;1;0;1;1;1;3;-27,79255854;-50,2788388;SPRF-SC;DEL05-SC;UOP01-DEL05-SC;;;
714273;26/08/2025;ter�a-feira;19:00:00;RO;364;47;VILHENA;Manobra de mudan�a de faixa;Colis�o lateral sentido oposto;Sem V�timas;Plena Noite;Decrescente;C�u Claro;Simples;Reta;N�o;4;0;0;0;3;1;0;2;-12,52987214;-60,37123204;SPRF-RO;DEL04-RO;UOP01-DEL04-RO;;;
714278;26/08/2025;ter�a-feira;23:10:00;SP;116;131;CACAPAVA;Rea��o tardia ou ineficiente do condutor;Colis�o traseira;Com V�timas Feridas;Plena Noite;Decrescente;Garoa/Chuvisco;Dupla;Reta;N�o;2;0;1;0;1;0;1;2;-23,12238173;-45,72589293;SPRF-SP;DEL02-SP;UOP02-DEL02-SP;;;
714282;27/08/2025;quarta-feira;04:00:00;SP;116;451;REGISTRO;Restri��o de visibilidade em curvas horizontais;Colis�o traseira;Com V�timas Feridas;Plena Noite;Decrescente;C�u Claro;Dupla;Reta;N�o;3;0;1;0;1;2;1;4;-24,54198793;-47,86030166;SPRF-SP;DEL05-SP;UOP01-DEL05-SP;;;
714288;27/08/2025;quarta-feira;01:57:00;RJ;101;237;SILVA JARDIM;Demais falhas mec�nicas ou el�tricas;Inc�ndio;Sem V�timas;Plena Noite;Crescente;C�u Claro;Dupla;Reta;Sim;1;0;0;0;1;0;0;1;-22,61824971;-42,41716146;SPRF-RJ;DEL02-RJ;UOP03-DEL02-RJ;;;