id;data_inversa;dia_semana;horario;uf;br;km;municipio;causa_acidente;tipo_acidente;classificacao_acidente;fase_dia;sentido_via;condicao_metereologica;tipo_pista;tracado_via;uso_solo;pessoas;mortos;feridos_leves;feridos_graves;ilesos;ignorados;feridos;veiculos;latitude;longitude;regional;delegacia;uop;;;
714291;27/08/2025;quarta-feira;05:20:00;SC;470;13,1;ILHOTA;Condutor Dormindo;Colis�o traseira;Com V�timas Feridas;Pleno dia;Decrescente;Nublado;Dupla;"Aclive;Reta";N�o;8;0;6;0;1;2;6;4;-26,83976449;-48,78493756;SPRF-SC;DEL04-SC;UOP04-DEL04-SC;;;
714304;27/08/2025;quarta-feira;06:50:00;PR;369;470,8;CORBELIA;Condutor Dormindo;Colis�o lateral sentido oposto;Com V�timas Feridas;Amanhecer;Crescente;C�u Claro;Simples;Curva;N�o;11;0;5;1;4;1;6;5;-24,695729;-53,240061;SPRF-PR;DEL04-PR;UOP03-DEL04-PR;;;
714305;27/08/2025;quarta-feira;08:15:00;SC;101;112;ITAJAI;Trafegar com motocicleta (ou similar) entre as faixas;Colis�o lateral mesmo sentido;Com V�timas Fatais;Pleno dia;Decrescente;C�u Claro;M�ltipla;"Reta;Viaduto;Aclive";N�o;3;1;0;0;1;1;0;3;-26,84522159;-48,72028828;SPRF-SC;DEL04-SC;UOP04-DEL04-SC;;;
714307;13/08/2025;quarta-feira;10:40:00;SC;282;35,4;AGUAS MORNAS;Aus�ncia de rea��o do condutor;Colis�o traseira;Com V�timas Feridas;Pleno dia;Crescente;C�u Claro;Simples;"Curva;Aclive";N�o;2;0;1;0;1;0;1;2;-27,70335657;-48,83122981;SPRF-SC;DEL01-SC;UOP03-DEL01-SC;;;
714310;26/08/2025;ter�a-feira;04:50:00;SP;381;50,9;ATIBAIA;Rea��o tardia ou ineficiente do condutor;Colis�o traseira;Com V�timas Feridas;Plena Noite;Decrescente;C�u Claro;Dupla;Reta;Sim;3;0;1;0;1;1;1;3;-23,21315853;-46,59319997;SPRF-SP;DEL03-SP;UOP01-DEL03-SP;;;
714311;27/08/2025;quarta-feira;07:40:00;PR;163;137;CAPITAO LEONIDAS MARQUES;Acessar a via sem observar a presen�a dos outros ve�culos;Colis�o transversal;Com V�timas Feridas;Pleno dia;Crescente;C�u Claro;Dupla;"Reta;Em Obras";Sim;7;0;2;3;1;1;5;3;-25,49828075;-53,59915204;SPRF-PR;DEL05-PR;UOP05-DEL05-PR;;;
714316;27/08/2025;quarta-feira;07:15:00;PR;369;172;ROLANDIA;Aus�ncia de rea��o do condutor;Colis�o traseira;Com V�timas Feridas;Pleno dia;Decrescente;C�u Claro;Simples;Reta;Sim;2;0;1;0;1;0;1;2;-23,308913;-51,368238;SPRF-PR;DEL07-PR;UOP01-DEL07-PR;;;
714322;27/08/2025;quarta-feira;04:00:00;PE;428;14,1;CABROBO;Demais falhas mec�nicas ou el�tricas;Inc�ndio;Sem V�timas;Amanhecer;Decrescente;C�u Claro;Simples;Reta;N�o;2;0;0;0;1;2;0;3;-8,500522;-39,343843;SPRF-PE;DEL05-PE;UOP03-DEL05-PE;;;
714330;27/08/2025;quarta-feira;14:15:00;ES;262;144,2;MUNIZ FREIRE;Acessar a via sem observar a presen�a dos outros ve�culos;Colis�o transversal;Com V�timas Feridas;Pleno dia;Crescente;C�u Claro;Simples;Interse��o de Vias;N�o;3;0;0;2;1;0;2;2;-20,23898;-41,40374;SPRF-ES;DEL01-ES;UOP02-DEL01-ES;;;
714336;27/08/2025;quarta-feira;15:40:00;GO;80;43,4;PADRE BERNARDO;Rea��o tardia ou ineficiente do condutor;Colis�o frontal;Com V�timas Feridas;Pleno dia;Crescente;C�u Claro;Simples;Reta;N�o;3;0;0;1;1;3;1;5;-15,190763;-48,28421;SPRF-DF;DEL03-DF;UOP02-DEL03-DF;;;
714341;27/08/2025;quarta-feira;14:00:00;RO;364;691;CANDEIAS DO JAMARI;Manobra de mudan�a de faixa;Colis�o lateral sentido oposto;Com V�timas Feridas;Pleno dia;Decrescente;C�u Claro;Simples;Reta;N�o;5;0;1;0;3;3;1;5;-8,7949;-63,6747;SPRF-RO;DEL01-RO;UOP01-DEL01-RO;;;
714343;27/08/2025;quarta-feira;16:15:00;SE;101;198,7;CRISTINAPOLIS;Acessar a via sem observar a presen�a dos outros ve�culos;Colis�o transversal;Com V�timas Feridas;Pleno dia;Decrescente;C�u Claro;Simples;Reta;Sim;3;0;0;1;1;1;1;3;-11,47756423;-37,75761221;SPRF-SE;DEL02-SE;UOP03-DEL02-SE;;;
714347;27/08/2025;quarta-feira;17:50:00;RS;116;40,3;VACARIA;Desrespeitar a prefer�ncia no cruzamento;Colis�o transversal;Com V�timas Feridas;Anoitecer;Crescente;C�u Claro;Simples;"Reta;Interse��o de Vias";Sim;2;0;1;0;1;0;1;2;-28,52117815;-50,94264714;SPRF-RS;DEL05-RS;UOP03-DEL05-RS;;;
714351;27/08/2025;quarta-feira;11:10:00;BA;116;548;MILAGRES;Condutor Dormindo;Tombamento;Com V�timas Feridas;Pleno dia;Crescente;Nublado;Simples;Curva;N�o;2;0;1;0;0;1;1;2;-12,8896;-39,85881;SPRF-BA;DEL03-BA;UOP02-DEL03-BA;;;
714354;27/08/2025;quarta-feira;14:00:00;SC;470;53,9;BLUMENAU;Convers�o proibida;Colis�o lateral mesmo sentido;Com V�timas Feridas;Pleno dia;Crescente;Nublado;Simples;Reta;Sim;2;0;1;0;1;0;1;2;-26,87114036;-49,10998567;SPRF-SC;DEL04-SC;UOP01-DEL04-SC;;;
714360;12/07/2025;s�bado;00:00:00;GO;70;52,5;COCALZINHO DE GOIAS;Condutor Dormindo;Sa�da de leito carro��vel;Com V�timas Feridas;Plena Noite;Crescente;C�u Claro;Simples;Reta;N�o;1;0;1;0;0;0;1;1;-15,7510284;-48,6377383;SPRF-DF;DEL03-DF;UOP02-DEL03-DF;;;
714364;27/08/2025;quarta-feira;07:40:00;MS;267;178;NOVA ALVORADA DO SUL;Ultrapassagem Indevida;Colis�o lateral sentido oposto;Com V�timas Fatais;Pleno dia;Crescente;C�u Claro;Simples;Reta;N�o;7;2;2;0;1;4;2;7;-21,60309173;-53,81305695;SPRF-MS;DEL02-MS;UOP03-DEL02-MS;;;
714365;27/08/2025;quarta-feira;10:50:00;BA;116;582;NOVA ITARANA;Velocidade Incompat�vel;Sa�da de leito carro��vel;Com V�timas Feridas;Pleno dia;Crescente;C�u Claro;Simples;"Declive;Curva";N�o;2;0;1;1;0;0;2;1;-13,1094961;-39,9943303;SPRF-BA;DEL03-BA;UOP02-DEL03-BA;;;
714369;27/08/2025;quarta-feira;02:10:00;MS;262;143;AGUA CLARA;Demais falhas mec�nicas ou el�tricas;Inc�ndio;Sem V�timas;Plena Noite;Crescente;C�u Claro;Dupla;Reta;Sim;2;0;0;0;1;3;0;4;-20,44422896;-52,87901437;SPRF-MS;DEL07-MS;UOP02-DEL07-MS;;;
714375;27/08/2025;quarta-feira;08:15:00;MG;116;665,2;SAO FRANCISCO DO GLORIA;Velocidade Incompat�vel;Tombamento;Com V�timas Feridas;Pleno dia;Crescente;Nublado;Simples;Curva;N�o;2;0;1;0;0;1;1;2;-20,83411653;-42,32207179;SPRF-MG;DEL07-MG;UOP02-DEL07-MG;;;
714376;27/08/2025;quarta-feira;19:15:00;RS;392;26,7;RIO GRANDE;Demais falhas mec�nicas ou el�tricas;Eventos at�picos;Sem V�timas;Plena Noite;Crescente;C�u Claro;Dupla;Reta;Sim;2;0;0;0;1;1;0;2;-32,07093815;-52,2636795;SPRF-RS;DEL07-RS;UOP02-DEL07-RS;;;
714381;26/08/2025;ter�a-feira;08:45:00;BA;324;542;AMELIA RODRIGUES;Condutor deixou de manter dist�ncia do ve�culo da frente;Colis�o traseira;Sem V�timas;Pleno dia;Decrescente;C�u Claro;Dupla;Reta;N�o;2;0;0;0;2;0;0;2;-12,39107058;-38,78267169;SPRF-BA;DEL01-BA;UOP03-DEL01-BA;;;
714383;27/08/2025;quarta-feira;12:30:00;SC;101;290,8;IMBITUBA;Manobra de mudan�a de faixa;Colis�o lateral mesmo sentido;Com V�timas Feridas;Pleno dia;Crescente;Nublado;Dupla;"Reta;Aclive";N�o;2;0;1;0;0;1;1;2;-28,28721572;-48,70554686;SPRF-SC;DEL02-SC;UOP03-DEL02-SC;;;
714391;23/08/2025;s�bado;15:15:00;RS;470;4;BARRACAO;Aus�ncia de sinaliza��o;Tombamento;Com V�timas Feridas;Pleno dia;Decrescente;Chuva;Simples;"Declive;Curva";N�o;3;0;1;0;1;3;1;5;-27,61952745;-51,48738719;SPRF-RS;DEL08-RS;UOP05-DEL08-RS;;;
714392;27/08/2025;quarta-feira;18:30:00;MA;316;549,4;CAXIAS;Ingest�o de �lcool pelo condutor;Colis�o lateral sentido oposto;Com V�timas Feridas;Plena Noite;Crescente;C�u Claro;Simples;Reta;Sim;3;0;0;1;1;2;1;4;-4,88746261;-43,36858392;SPRF-MA;DEL03-MA;UOP02-DEL03-MA;;;
714394;27/08/2025;quarta-feira;16:30:00;GO;153;440;ANAPOLIS;Demais falhas mec�nicas ou el�tricas;Inc�ndio;Sem V�timas;Pleno dia;Crescente;C�u Claro;Dupla;Reta;Sim;1;0;0;0;1;0;0;1;-16,335;-48,923;SPRF-GO;DEL02-GO;UOP01-DEL02-GO;;;
714397;27/08/2025;quarta-feira;19:00:00;SE;101;114;ITAPORANGA DAJUDA;Aus�ncia de rea��o do condutor;Colis�o com objeto;Sem V�timas;Plena Noite;Decrescente;Chuva;Dupla;"Declive;Curva;Retorno Regulamentado";N�o;1;0;0;0;1;0;0;1;-11,003532;-37,308047;SPRF-SE;DEL02-SE;UOP01-DEL02-SE;;;
714398;27/08/2025;quarta-feira;18:25:00;PI;316;8,3;TERESINA;Acessar a via sem observar a presen�a dos outros ve�culos;Colis�o transversal;Com V�timas Fatais;Plena Noite;Crescente;C�u Claro;M�ltipla;"Declive;Interse��o de Vias";Sim;4;1;0;0;2;1;0;3;-5,16848548;-42,768251;SPRF-PI;DEL01-PI;UOP02-DEL01-PI;;;
714405;27/08/2025;quarta-feira;20:10:00;PR;369;154,3;LONDRINA;Aus�ncia de rea��o do condutor;Engavetamento;Sem V�timas;Plena Noite;Decrescente;C�u Claro;Dupla;Reta;Sim;3;0;0;0;3;0;0;3;-23,29742795;-51,20129125;SPRF-PR;DEL07-PR;UOP01-DEL07-PR;;;
714408;26/08/2025;ter�a-feira;09:30:00;PA;163;407;ITAITUBA;Ultrapassagem Indevida;Colis�o lateral sentido oposto;Com V�timas Feridas;Pleno dia;Crescente;C�u Claro;Simples;Reta;Sim;4;0;2;0;1;7;2;10;-6,22889916;-55,62490046;SPRF-PA;DEL05-PA;UOP03-DEL05-PA;;;
714412;27/08/2025;quarta-feira;08:20:00;BA;116;907;CANDIDO SALES;Rea��o tardia ou ineficiente do condutor;Colis�o traseira;Com V�timas Feridas;Pleno dia;Crescente;C�u Claro;Simples;Curva;N�o;7;0;3;0;1;3;3;4;-15,497267;-41,237368;SPRF-BA;DEL08-BA;UOP03-DEL08-BA;;;
714420;27/08/2025;quarta-feira;20:30:00;PE;104;29;TORITAMA;Acessar a via sem observar a presen�a dos outros ve�culos;Colis�o transversal;Com V�timas Feridas;Plena Noite;Crescente;C�u Claro;Simples;Rotat�ria;Sim;2;0;1;0;1;0;1;2;-8,0065758;-36,0715804;SPRF-PE;DEL02-PE;UOP01-DEL02-PE;;;
714422;26/08/2025;ter�a-feira;19:12:00;PA;163;608;ITAITUBA;Rea��o tardia ou ineficiente do condutor;Tombamento;Com V�timas Feridas;Plena Noite;Decrescente;Nublado;Simples;Curva;N�o;2;0;1;0;0;1;1;2;-4,78466946;-56,11305763;SPRF-PA;DEL05-PA;UOP03-DEL05-PA;;;
714424;27/08/2025;quarta-feira;09:30:00;MG;40;90;LAGOA GRANDE;Rea��o tardia ou ineficiente do condutor;Colis�o traseira;Sem V�timas;Pleno dia;Decrescente;C�u Claro;Simples;"Reta;Ponte";N�o;40;0;0;0;39;2;0;4;-17,50281058;-46,57095306;SPRF-MG;DEL14-MG;UOP01-DEL14-MG;;;
714425;27/08/2025;quarta-feira;19:00:00;RJ;101;174;MACAE;Condutor deixou de manter dist�ncia do ve�culo da frente;Engavetamento;Com V�timas Feridas;Plena Noite;Decrescente;C�u Claro;Simples;Curva;N�o;6;0;3;0;3;0;3;4;-22,37865072;-41,96983337;SPRF-RJ;DEL08-RJ;UOP04-DEL08-RJ;;;
714434;27/08/2025;quarta-feira;08:30:00;RO;421;17;MONTE NEGRO;Rea��o tardia ou ineficiente do condutor;Colis�o lateral sentido oposto;Com V�timas Feridas;Pleno dia;Crescente;C�u Claro;Simples;Reta;N�o;4;0;1;0;2;3;1;5;-10,022348;-63,171177;SPRF-RO;DEL03-RO;UOP01-DEL03-RO;;;
714437;27/08/2025;quarta-feira;14:10:00;MG;116;399;GOVERNADOR VALADARES;Condutor Dormindo;Colis�o lateral sentido oposto;Com V�timas Feridas;Pleno dia;Crescente;C�u Claro;Simples;Reta;N�o;8;0;0;1;6;2;1;7;-18,769293;-41,985327;SPRF-MG;DEL06-MG;UOP01-DEL06-MG;;;
714440;27/08/2025;quarta-feira;18:40:00;MA;222;448,8;SANTA LUZIA;Demais falhas mec�nicas ou el�tricas;Sa�da de leito carro��vel;Com V�timas Feridas;Plena Noite;Decrescente;C�u Claro;Simples;"Declive;Curva";N�o;2;0;1;0;0;1;1;2;-4,10987;-45,967893;SPRF-MA;DEL02-MA;UOP01-DEL02-MA;;;
714444;27/08/2025;quarta-feira;23:00:00;RJ;101;293;ITABORAI;Manobra de mudan�a de faixa;Colis�o lateral mesmo sentido;Com V�timas Feridas;Plena Noite;Crescente;C�u Claro;Dupla;Reta;Sim;2;0;1;0;1;0;1;2;-22,7582007;-42,89517973;SPRF-RJ;DEL02-RJ;UOP02-DEL02-RJ;;;
714448;28/08/2025;quinta-feira;00:20:00;PE;101;39,3;IGARASSU;Aus�ncia de rea��o do condutor;Sa�da de leito carro��vel;Sem V�timas;Plena Noite;Crescente;C�u Claro;M�ltipla;Reta;Sim;2;0;0;0;1;1;0;2;-7,8163124;-34,9186201;SPRF-PE;DEL01-PE;UOP02-DEL01-PE;;;
714450;28/08/2025;quinta-feira;01:00:00;MG;381;810;CAREACU;Rea��o tardia ou ineficiente do condutor;Colis�o com objeto;Com V�timas Feridas;Plena Noite;Decrescente;Chuva;Dupla;"Reta;Declive";N�o;2;0;1;0;0;1;1;2;-21,99026576;-45,66208111;SPRF-MG;DEL16-MG;UOP02-DEL16-MG;;;
714452;28/08/2025;quinta-feira;00:56:00;SP;116;322;ITAPECERICA DA SERRA;Manobra de mudan�a de faixa;Colis�o lateral mesmo sentido;Sem V�timas;Plena Noite;Crescente;Garoa/Chuvisco;Dupla;Reta;N�o;3;0;0;0;2;1;0;3;-23,70029743;-46,86899911;SPRF-SP;DEL04-SP;UOP03-DEL04-SP;;;
714453;28/08/2025;quinta-feira;02:50:00;TO;153;560;FATIMA;Demais falhas mec�nicas ou el�tricas;Inc�ndio;Sem V�timas;Plena Noite;Crescente;C�u Claro;Dupla;Reta;Sim;3;0;0;0;2;1;0;2;-10,75602789;-48,90241094;SPRF-TO;DEL01-TO;UOP01-DEL01-TO;;;
714454;28/08/2025;quinta-feira;02:00:00;MG;381;516;BRUMADINHO;Velocidade Incompat�vel;Tombamento;Com V�timas Feridas;Plena Noite;Decrescente;C�u Claro;Dupla;"Declive;Curva";N�o;2;0;1;0;0;1;1;2;-20,13254355;-44,305446;SPRF-MG;DEL01-MG;UOP03-DEL01-MG;;;
714457;28/08/2025;quinta-feira;02:50:00;PE;423;70,3;JUPI;Rea��o tardia ou ineficiente do condutor;Colis�o traseira;Com V�timas Feridas;Plena Noite;Decrescente;C�u Claro;Simples;"Aclive;Reta";N�o;2;0;0;1;0;1;1;2;-8,6866929;-36,4092658;SPRF-PE;DEL03-PE;UOP01-DEL03-PE;;;
714459;28/08/2025;quinta-feira;05:00:00;RJ;40;98;DUQUE DE CAXIAS;Demais falhas mec�nicas ou el�tricas;Inc�ndio;Sem V�timas;Amanhecer;Crescente;Nublado;Simples;Reta;N�o;2;0;0;0;1;1;0;2;-22,57789673;-43,27338028;SPRF-RJ;DEL01-RJ;UOP01-DEL01-RJ;;;
714462;28/08/2025;quinta-feira;03:30:00;PE;408;35,1;ALIANCA;Aus�ncia de rea��o do condutor;Tombamento;Com V�timas Fatais;Plena Noite;Decrescente;C�u Claro;Simples;"Declive;Curva;Ponte";N�o;2;1;0;0;0;2;0;3;-7,61454379;-35,23934551;SPRF-PE;DEL01-PE;UOP01-DEL01-PE;;;
714463;28/08/2025;quinta-feira;05:30:00;MG;262;453,5;ARAUJOS;Condutor deixou de manter dist�ncia do ve�culo da frente;Colis�o traseira;Com V�timas Fatais;Amanhecer;Decrescente;C�u Claro;Simples;Reta;N�o;3;1;1;0;0;1;1;3;-19,81104194;-45,10977745;SPRF-MG;DEL08-MG;UOP03-DEL08-MG;;;
714467;28/08/2025;quinta-feira;05:50:00;PE;101;74,7;RECIFE;Manobra de mudan�a de faixa;Colis�o lateral mesmo sentido;Com V�timas Feridas;Amanhecer;Decrescente;C�u Claro;Dupla;Reta;Sim;4;0;1;0;1;2;1;4;-8,107517;-34,94804;SPRF-PE;DEL01-PE;UOP01-DEL01-PE;;;
714468;28/08/2025;quinta-feira;05:30:00;GO;60;46;ALEXANIA;Demais falhas mec�nicas ou el�tricas;Tombamento;Com V�timas Feridas;Amanhecer;Crescente;C�u Claro;Dupla;"Declive;Curva";N�o;4;0;3;0;0;1;3;2;-16,144566;-48,600937;SPRF-GO;DEL02-GO;UOP01-DEL02-GO;;;
714472;28/08/2025;quinta-feira;05:40:00;MG;381;943;EXTREMA;Aus�ncia de rea��o do condutor;Colis�o lateral mesmo sentido;Com V�timas Feridas;Amanhecer;Crescente;C�u Claro;Dupla;"Aclive;Curva";N�o;2;0;0;1;0;1;1;2;-22,84859824;-46,33445978;SPRF-MG;DEL16-MG;UOP03-DEL16-MG;;;
714473;28/08/2025;quinta-feira;04:50:00;CE;222;252,1;COREAU;Demais falhas mec�nicas ou el�tricas;Tombamento;Com V�timas Feridas;Amanhecer;Crescente;C�u Claro;Simples;Reta;N�o;1;0;1;0;0;0;1;1;-3,74948458;-40,66071153;SPRF-CE;DEL04-CE;UOP02-DEL04-CE;;;
714474;28/08/2025;quinta-feira;06:30:00;PR;369;148;LONDRINA;Manobra de mudan�a de faixa;Colis�o transversal;Sem V�timas;Pleno dia;Crescente;Nublado;Dupla;"Reta;Interse��o de Vias";Sim;3;0;0;0;2;1;0;3;-23,2928482;-51,14249723;SPRF-PR;DEL07-PR;UOP01-DEL07-PR;;;
714479;28/08/2025;quinta-feira;07:45:00;RS;386;353,8;ESTRELA;Acessar a via sem observar a presen�a dos outros ve�culos;Colis�o transversal;Com V�timas Feridas;Pleno dia;Crescente;Nublado;Dupla;Reta;N�o;4;0;1;0;3;0;1;2;-29,5036;-51,945669;SPRF-RS;DEL04-RS;UOP01-DEL04-RS;;;
714490;28/08/2025;quinta-feira;03:15:00;BA;242;258;ITABERABA;Velocidade Incompat�vel;Tombamento;Com V�timas Feridas;Plena Noite;Decrescente;Nublado;Simples;"Curva;Aclive";N�o;2;0;1;0;0;3;1;4;-12,477222;-40,537618;SPRF-BA;DEL06-BA;UOP02-DEL06-BA;;;
714491;28/08/2025;quinta-feira;07:20:00;MG;365;472,9;PATROCINIO;Ultrapassagem Indevida;Colis�o frontal;Com V�timas Fatais;Pleno dia;Decrescente;C�u Claro;Simples;Reta;N�o;4;1;0;0;1;2;0;4;-18,92379541;-46,99579865;SPRF-MG;DEL10-MG;UOP01-DEL10-MG;;;
714503;19/08/2025;ter�a-feira;10:20:00;CE;116;372,9;JAGUARIBARA;Velocidade Incompat�vel;Atropelamento de Pedestre;Com V�timas Feridas;Pleno dia;Crescente;Sol;Simples;"Reta;Em Obras;Declive";N�o;4;0;0;1;1;2;1;3;-5,645935;-38,453393;SPRF-CE;DEL05-CE;UOP01-DEL05-CE;;;
714504;28/08/2025;quinta-feira;09:00:00;RS;472;188,5;SANTO CRISTO;Transitar na contram�o;Colis�o frontal;Com V�timas Fatais;Pleno dia;Crescente;C�u Claro;Simples;"Curva;Interse��o de Vias";Sim;2;1;0;0;1;0;0;2;-27,836749;-54,643585;SPRF-RS;DEL10-RS;UOP01-DEL10-RS;;;
714506;28/08/2025;quinta-feira;06:30:00;PA;163;581;TRAIRAO;Pedestre andava na pista;Atropelamento de Pedestre;Com V�timas Feridas;Pleno dia;Decrescente;C�u Claro;Simples;Reta;N�o;3;0;0;1;0;3;1;4;-4,982266;-56,207053;SPRF-PA;DEL05-PA;UOP03-DEL05-PA;;;
714508;28/08/2025;quinta-feira;09:50:00;RJ;101;390;RIO DE JANEIRO;Condutor deixou de manter dist�ncia do ve�culo da frente;Colis�o traseira;Sem V�timas;Pleno dia;Crescente;C�u Claro;Dupla;Interse��o de Vias;N�o;3;0;0;0;3;0;0;2;-22,89506856;-43,68046967;SPRF-RJ;DEL03-RJ;UOP01-DEL03-RJ;;;
714514;28/08/2025;quinta-feira;00:05:00;RR;174;163;RORAINOPOLIS;Velocidade Incompat�vel;Colis�o lateral sentido oposto;Com V�timas Feridas;Plena Noite;Crescente;C�u Claro;Simples;Ponte;N�o;3;0;1;0;0;5;1;6;0,51400276;-60,4658854;SPRF-RR;DEL01-RR;UOP01-DEL01-RR;;;
714519;28/08/2025;quinta-feira;11:50:00;GO;40;24;LUZIANIA;Pedestre - Ingest�o de �lcool/ subst�ncias psicoativas;Atropelamento de Pedestre;Com V�timas Feridas;Pleno dia;Decrescente;C�u Claro;Dupla;Reta;N�o;2;0;0;1;1;0;1;2;-16,253;-47,9;SPRF-DF;DEL01-DF;UOP01-DEL01-DF;;;
714520;28/08/2025;quinta-feira;11:50:00;GO;50;306;CUMARI;Demais falhas mec�nicas ou el�tricas;Sa�da de leito carro��vel;Com V�timas Feridas;Pleno dia;Crescente;C�u Claro;Dupla;Curva;N�o;2;0;1;0;0;2;1;3;-18,370971;-48,05772;SPRF-GO;DEL06-GO;UOP01-DEL06-GO;;;
714521;28/08/2025;quinta-feira;11:20:00;PB;427;36,5;POMBAL;Convers�o proibida;Colis�o transversal;Com V�timas Feridas;Pleno dia;Crescente;C�u Claro;Simples;"Reta;Interse��o de Vias";Sim;2;0;0;1;1;0;1;2;-6,76067674;-37,77852684;SPRF-PB;DEL03-PB;UOP02-DEL03-PB;;;
714522;28/08/2025;quinta-feira;11:56:00;SP;116;223;GUARULHOS;Aus�ncia de rea��o do condutor;Engavetamento;Com V�timas Feridas;Pleno dia;Crescente;C�u Claro;M�ltipla;"Reta;Em Obras";Sim;4;0;2;0;2;0;2;3;-23,4789839;-46,53045464;SPRF-SP;DEL01-SP;UOP01-DEL01-SP;;;
714526;28/08/2025;quinta-feira;10:30:00;MG;40;522;MATOZINHOS;Manobra de mudan�a de faixa;Colis�o lateral mesmo sentido;Com V�timas Feridas;Pleno dia;Decrescente;C�u Claro;Dupla;Reta;N�o;2;0;0;1;1;0;1;2;-19,51491;-44,04039;SPRF-MG;DEL01-MG;UOP02-DEL01-MG;;;
714528;28/08/2025;quinta-feira;12:00:00;PR;376;600;CURITIBA;Aus�ncia de rea��o do condutor;Colis�o traseira;Com V�timas Feridas;Pleno dia;Crescente;Nublado;Dupla;Reta;Sim;2;0;1;0;1;0;1;2;-25,5018134;-49,34182811;SPRF-PR;DEL01-PR;UOP03-DEL01-PR;;;
714535;28/08/2025;quinta-feira;12:00:00;RO;319;140;PORTO VELHO;Condutor deixou de manter dist�ncia do ve�culo da frente;Colis�o traseira;Sem V�timas;Pleno dia;Decrescente;Nublado;Dupla;Reta;Sim;2;0;0;0;2;0;0;2;-8,74108423;-63,88967907;SPRF-RO;DEL01-RO;UOP01-DEL01-RO;;;
714538;28/08/2025;quinta-feira;13:30:00;RS;116;528;CAPAO DO LEAO;Aus�ncia de rea��o do condutor;Colis�o traseira;Com V�timas Feridas;Pleno dia;Decrescente;C�u Claro;Simples;"Reta;Em Obras";N�o;2;0;0;1;1;0;1;2;-31,750749;-52,41819318;SPRF-RS;DEL07-RS;UOP01-DEL07-RS;;;
714541;28/08/2025;quinta-feira;13:30:00;PR;277;134;BALSA NOVA;Acessar a via sem observar a presen�a dos outros ve�culos;Colis�o transversal;Sem V�timas;Pleno dia;Decrescente;C�u Claro;Dupla;Reta;N�o;4;0;0;0;1;3;0;3;-25,470315;-49,609277;SPRF-PR;DEL03-PR;UOP03-DEL03-PR;;;
714546;28/08/2025;quinta-feira;14:00:00;PA;316;92;SAO FRANCISCO DO PARA;Rea��o tardia ou ineficiente do condutor;Engavetamento;Com V�timas Feridas;Pleno dia;Crescente;C�u Claro;Simples;"Reta;Em Obras;Declive";N�o;5;0;0;1;4;0;1;4;-1,323182;-47,670782;SPRF-PA;DEL01-PA;UOP02-DEL01-PA;;;
714549;12/08/2025;ter�a-feira;18:40:00;ES;262;155;IBATIBA;Rea��o tardia ou ineficiente do condutor;Colis�o frontal;Com V�timas Feridas;Plena Noite;Crescente;C�u Claro;Simples;"Aclive;Reta";N�o;3;0;0;1;1;1;1;3;-20,21611537;-41,45542383;SPRF-ES;DEL01-ES;UOP02-DEL01-ES;;;
714554;28/08/2025;quinta-feira;13:15:00;PR;277;421,9;CANTAGALO;Desrespeitar a prefer�ncia no cruzamento;Colis�o transversal;Com V�timas Feridas;Pleno dia;Crescente;C�u Claro;Simples;"Curva;Interse��o de Vias";Sim;3;0;1;0;2;0;1;3;-25,37896088;-52,12421386;SPRF-PR;DEL04-PR;UOP02-DEL04-PR;;;
714555;02/08/2025;s�bado;10:45:00;RJ;101;108;CAMPOS DOS GOYTACAZES;Rea��o tardia ou ineficiente do condutor;Colis�o lateral mesmo sentido;Com V�timas Feridas;Pleno dia;Crescente;C�u Claro;Dupla;Reta;N�o;4;0;2;0;2;0;2;2;-21,940766;-41,632414;SPRF-RJ;DEL08-RJ;UOP02-DEL08-RJ;;;
714561;28/08/2025;quinta-feira;10:00:00;MG;365;290;JOAO PINHEIRO;Rea��o tardia ou ineficiente do condutor;Colis�o com objeto;Com V�timas Feridas;Pleno dia;Crescente;C�u Claro;Simples;Curva;N�o;2;0;1;0;0;1;1;2;-18,071;-45,669;SPRF-MG;DEL10-MG;UOP02-DEL010-MG;;;
714562;28/08/2025;quinta-feira;15:50:00;DF;70;4;BRASILIA;Manobra de mudan�a de faixa;Colis�o transversal;Com V�timas Feridas;Pleno dia;Decrescente;C�u Claro;Dupla;Reta;Sim;5;0;2;1;1;1;3;4;-15,79440996;-48,09743464;SPRF-DF;DEL03-DF;UOP02-DEL03-DF;;;
714564;28/08/2025;quinta-feira;13:30:00;MS;163;405;SIDROLANDIA;Condutor deixou de manter dist�ncia do ve�culo da frente;Colis�o traseira;Sem V�timas;Pleno dia;Crescente;C�u Claro;Simples;Aclive;N�o;3;0;0;0;2;4;0;6;-21,12283;-54,481898;SPRF-MS;DEL02-MS;UOP01-DEL02-MS;;;
714566;28/08/2025;quinta-feira;14:50:00;BA;116;910,5;ENCRUZILHADA;Condutor deixou de manter dist�ncia do ve�culo da frente;Colis�o traseira;Com V�timas Fatais;Pleno dia;Decrescente;Sol;Simples;Curva;N�o;4;1;0;1;1;3;1;6;-15,51799561;-41,24046061;SPRF-BA;DEL08-BA;UOP03-DEL08-BA;;;
714567;28/08/2025;quinta-feira;12:10:00;MG;381;718;CARMO DA CACHOEIRA;Rea��o tardia ou ineficiente do condutor;Colis�o traseira;Com V�timas Feridas;Pleno dia;Decrescente;Sol;Dupla;Reta;N�o;3;0;1;0;1;3;1;5;-21,40806515;-45,21164141;SPRF-MG;DEL04-MG;UOP02-DEL04-MG;;;