id;data_inversa;dia_semana;horario;uf;br;km;municipio;causa_acidente;tipo_acidente;classificacao_acidente;fase_dia;sentido_via;condicao_metereologica;tipo_pista;tracado_via;uso_solo;pessoas;mortos;feridos_leves;feridos_graves;ilesos;ignorados;feridos;veiculos;latitude;longitude;regional;delegacia;uop;;;
714569;28/08/2025;quinta-feira;10:30:00;MG;251;244;SANTA CRUZ DE SALINAS;Transitar na contram�o;Colis�o frontal;Com V�timas Feridas;Pleno dia;Crescente;Sol;Simples;Curva;N�o;3;0;2;0;0;2;2;4;-16,01015534;-41,79227114;SPRF-MG;DEL12-MG;UOP02-DEL12-MG;;;
714570;20/08/2025;quarta-feira;08:40:00;PR;476;150;ARAUCARIA;Aus�ncia de rea��o do condutor;Colis�o lateral mesmo sentido;Com V�timas Feridas;Pleno dia;Decrescente;Nublado;Dupla;Reta;N�o;3;0;1;0;1;1;1;3;-25,57352319;-49,38744217;SPRF-PR;DEL01-PR;UOP06-DEL01-PR;;;
714571;28/08/2025;quinta-feira;14:30:00;MG;381;498;BETIM;Manobra de mudan�a de faixa;Colis�o lateral mesmo sentido;Sem V�timas;Pleno dia;Crescente;C�u Claro;M�ltipla;Curva;N�o;3;0;0;0;2;1;0;3;-19,99141741;-44,20726776;SPRF-MG;DEL01-MG;UOP03-DEL01-MG;;;
714573;28/08/2025;quinta-feira;16:00:00;RS;386;179,5;CARAZINHO;Acessar a via sem observar a presen�a dos outros ve�culos;Colis�o transversal;Com V�timas Feridas;Pleno dia;Decrescente;Sol;Dupla;Interse��o de Vias;Sim;3;0;1;0;2;0;1;2;-28,297499;-52,749314;SPRF-RS;DEL08-RS;UOP01-DEL08-RS;;;
714575;28/08/2025;quinta-feira;15:50:00;CE;116;183,5;RUSSAS;Demais falhas mec�nicas ou el�tricas;Inc�ndio;Sem V�timas;Pleno dia;Crescente;C�u Claro;Simples;Reta;N�o;1;0;0;0;1;0;0;1;-5,074689;-38,11203;SPRF-CE;DEL03-CE;UOP01-DEL03-CE;;;
714578;28/08/2025;quinta-feira;11:30:00;SC;282;593,2;SAUDADES;Rea��o tardia ou ineficiente do condutor;Tombamento;Sem V�timas;Pleno dia;Crescente;Sol;Simples;"Declive;Curva";N�o;1;0;0;0;1;0;0;1;-26,82436235;-53,10523717;SPRF-SC;DEL07-SC;UOP02-DEL07-SC;;;
714579;28/07/2025;segunda-feira;22:49:00;TO;10;484;PALMAS;Rea��o tardia ou ineficiente do condutor;Colis�o frontal;Com V�timas Feridas;Plena Noite;Crescente;C�u Claro;Simples;"Curva;Declive";N�o;3;0;0;1;1;1;1;3;-10,21022165;-48,15311305;SPRF-TO;DEL01-TO;UOP03-DEL01-TO;;;
714589;28/08/2025;quinta-feira;14:40:00;CE;116;390;ICO;Demais falhas mec�nicas ou el�tricas;Inc�ndio;Sem V�timas;Pleno dia;Crescente;C�u Claro;Simples;Aclive;N�o;2;0;0;0;1;3;0;4;-6,53637387;-38,86413574;SPRF-CE;DEL05-CE;UOP01-DEL05-CE;;;
714590;28/08/2025;quinta-feira;17:15:00;PI;316;6;TERESINA;Condutor deixou de manter dist�ncia do ve�culo da frente;Colis�o traseira;Com V�timas Feridas;Pleno dia;Crescente;C�u Claro;M�ltipla;Reta;Sim;3;0;0;1;1;1;1;3;-5,14957838;-42,7737987;SPRF-PI;DEL01-PI;UOP02-DEL01-PI;;;
714594;28/08/2025;quinta-feira;18:14:00;BA;324;622,7;SALVADOR;Rea��o tardia ou ineficiente do condutor;Colis�o traseira;Com V�timas Feridas;Plena Noite;Crescente;C�u Claro;Dupla;Reta;Sim;2;0;1;0;1;0;1;2;-12,934579;-38,472107;SPRF-BA;DEL01-BA;UOP01-DEL01-BA;;;
714599;15/07/2025;ter�a-feira;07:15:00;SC;101;363;SANGAO;Neblina;Engavetamento;Com V�timas Feridas;Amanhecer;Crescente;Nevoeiro/Neblina;M�ltipla;Reta;N�o;15;0;3;0;10;4;3;17;-28,64600481;-49,10202026;SPRF-SC;DEL02-SC;UOP01-DEL02-SC;;;
714600;28/08/2025;quinta-feira;09:58:00;PA;222;100;RONDON DO PARA;Condutor deixou de manter dist�ncia do ve�culo da frente;Colis�o traseira;Com V�timas Fatais;Pleno dia;Decrescente;Sol;Simples;"Aclive;Reta";N�o;2;1;0;0;0;1;0;2;-4,751503;-48,038297;SPRF-PA;DEL02-PA;UOP02-DEL02-PA;;;
714604;28/08/2025;quinta-feira;18:40:00;RJ;356;75,5;ITALVA;Velocidade Incompat�vel;Colis�o traseira;Com V�timas Feridas;Plena Noite;Crescente;C�u Claro;Simples;Curva;Sim;3;0;1;0;1;1;1;3;-21,425961;-41,693143;SPRF-RJ;DEL08-RJ;UOP03-DEL08-RJ;;;
714612;28/08/2025;quinta-feira;18:55:00;RS;153;35,8;TRES ARROIOS;Acessar a via sem observar a presen�a dos outros ve�culos;Colis�o transversal;Com V�timas Feridas;Plena Noite;Crescente;C�u Claro;Simples;Reta;N�o;3;0;0;1;1;1;1;3;-27,555681;-52,206004;SPRF-RS;DEL08-RS;UOP04-DEL08-RS;;;
714620;28/08/2025;quinta-feira;17:25:00;RJ;101;294;ITABORAI;Aus�ncia de rea��o do condutor;Colis�o traseira;Com V�timas Fatais;Anoitecer;Decrescente;C�u Claro;Dupla;Reta;Sim;3;1;1;0;0;1;1;3;-22,75778069;-42,89384365;SPRF-RJ;DEL02-RJ;UOP02-DEL02-RJ;;;
714621;28/08/2025;quinta-feira;15:40:00;MT;163;827;SINOP;Rea��o tardia ou ineficiente do condutor;Colis�o lateral mesmo sentido;Com V�timas Feridas;Pleno dia;Crescente;C�u Claro;Dupla;"Reta;Retorno Regulamentado";Sim;3;0;1;0;1;4;1;6;-11,92932253;-55,51293969;SPRF-MT;DEL06-MT;UOP02-DEL06-MT;;;
714622;28/08/2025;quinta-feira;19:20:00;MS;60;330;CAMPO GRANDE;Aus�ncia de rea��o do condutor;Colis�o com objeto;Com V�timas Feridas;Plena Noite;Crescente;C�u Claro;Dupla;"Rotat�ria;Declive";N�o;2;0;1;0;0;1;1;2;-20,360851;-54,602113;SPRF-MS;DEL01-MS;UOP02-DEL01-MS;;;
714623;28/08/2025;quinta-feira;19:25:00;CE;116;490,8;MILAGRES;Rea��o tardia ou ineficiente do condutor;Colis�o frontal;Com V�timas Fatais;Plena Noite;Crescente;C�u Claro;Simples;Reta;N�o;3;1;0;0;1;3;0;5;-7,390947;-38,95993;SPRF-CE;DEL05-CE;UOP03-DEL05-CE;;;
714624;28/08/2025;quinta-feira;20:40:00;PB;230;27;JOAO PESSOA;Estacionar ou parar em local proibido;Colis�o traseira;Com V�timas Feridas;Plena Noite;Crescente;C�u Claro;Dupla;"Reta;Interse��o de Vias";Sim;2;0;1;0;0;1;1;2;-7,16638933;-34,88838005;SPRF-PB;DEL01-PB;UOP01-DEL01-PB;;;
714631;28/08/2025;quinta-feira;17:10:00;BA;324;549;AMELIA RODRIGUES;Condutor deixou de manter dist�ncia do ve�culo da frente;Colis�o traseira;Com V�timas Fatais;Pleno dia;Crescente;C�u Claro;Dupla;Reta;N�o;5;1;0;0;3;2;0;6;-12,4509165;-38,7134148;SPRF-BA;DEL01-BA;UOP03-DEL01-BA;;;
714632;28/08/2025;quinta-feira;20:25:00;PB;230;22;JOAO PESSOA;Rea��o tardia ou ineficiente do condutor;Tombamento;Com V�timas Feridas;Plena Noite;Decrescente;Chuva;Dupla;Reta;N�o;2;0;0;1;1;0;1;2;-7,171428;-34,8295;SPRF-PB;DEL01-PB;UOP01-DEL01-PB;;;
714633;12/05/2025;segunda-feira;15:49:00;RO;364;67;VILHENA;Estacionar ou parar em local proibido;Colis�o lateral mesmo sentido;Com V�timas Feridas;Anoitecer;Crescente;C�u Claro;Simples;Reta;N�o;3;0;1;0;1;2;1;4;-12,55355993;-60,35716295;SPRF-RO;DEL04-RO;UOP01-DEL04-RO;;;
714636;28/08/2025;quinta-feira;20:30:00;SC;101;172;GOVERNADOR CELSO RAMOS;Ingest�o de �lcool pelo condutor;Colis�o lateral mesmo sentido;Sem V�timas;Plena Noite;Decrescente;Nublado;Dupla;Reta;N�o;3;0;0;0;2;1;0;3;-27,33165336;-48,62646997;SPRF-SC;DEL04-SC;UOP03-DEL04-SC;;;
714637;28/08/2025;quinta-feira;14:05:00;MS;163;210,9;CAARAPO;Rea��o tardia ou ineficiente do condutor;Colis�o com objeto;Sem V�timas;Pleno dia;Crescente;Nublado;Simples;Reta;Sim;4;0;0;0;3;1;0;3;-22,61388245;-54,81597555;SPRF-MS;DEL04-MS;UOP02-DEL04-MS;;;
714644;28/08/2025;quinta-feira;20:45:00;PR;373;382,2;CANDOI;Rea��o tardia ou ineficiente do condutor;Tombamento;Com V�timas Fatais;Plena Noite;Decrescente;C�u Claro;Simples;Curva;N�o;2;1;0;0;0;1;0;2;-25,4605766;-51,9589591;SPRF-PR;DEL04-PR;UOP02-DEL04-PR;;;
714647;28/08/2025;quinta-feira;20:30:00;RS;472;413,5;SAO BORJA;Manobra de mudan�a de faixa;Colis�o frontal;Com V�timas Fatais;Plena Noite;Decrescente;C�u Claro;Simples;Reta;N�o;6;1;0;0;5;0;0;2;-28,73803396;-56,02154982;SPRF-RS;DEL12-RS;UOP01-DEL12-RS;;;
714648;28/08/2025;quinta-feira;23:20:00;PE;232;127;CARUARU;Chuva;Sa�da de leito carro��vel;Com V�timas Feridas;Plena Noite;Decrescente;Chuva;Dupla;"Reta;Declive";N�o;1;0;0;1;0;0;1;1;-8,3068;-35,96151;SPRF-PE;DEL02-PE;UOP03-DEL02-PE;;;
714649;28/08/2025;quinta-feira;22:00:00;MG;116;503,5;INHAPIM;Demais falhas mec�nicas ou el�tricas;Colis�o frontal;Com V�timas Feridas;Plena Noite;Crescente;C�u Claro;Simples;Reta;N�o;2;0;1;0;1;0;1;2;-19,57689485;-42,11717606;SPRF-MG;DEL06-MG;UOP02-DEL06-MG;;;
714650;28/08/2025;quinta-feira;21:40:00;GO;153;0;PORANGATU;Rea��o tardia ou ineficiente do condutor;Colis�o traseira;Com V�timas Feridas;Plena Noite;Crescente;C�u Claro;Simples;Reta;N�o;2;0;0;1;1;0;1;2;-12,84021;-49,10342;SPRF-GO;DEL07-GO;UOP01-DEL07-GO;;;
714651;28/08/2025;quinta-feira;23:50:00;MG;40;739;SANTOS DUMONT;Condutor Dormindo;Sa�da de leito carro��vel;Com V�timas Fatais;Plena Noite;Decrescente;C�u Claro;Simples;Curva;N�o;2;1;0;0;0;1;0;2;-21,42814459;-43,55555242;SPRF-MG;DEL05-MG;UOP01-DEL05-MG;;;
714653;28/08/2025;quinta-feira;23:50:00;PB;101;72,2;SANTA RITA;Aus�ncia de rea��o do condutor;Colis�o traseira;Com V�timas Feridas;Plena Noite;Decrescente;Chuva;Dupla;Reta;N�o;4;0;1;0;1;3;1;5;-7,074589;-34,9933;SPRF-PB;DEL01-PB;UOP03-DEL01-PB;;;
714654;29/08/2025;sexta-feira;00:00:00;MG;381;397,5;BOM JESUS DO AMPARO;Condutor Dormindo;Colis�o traseira;Com V�timas Feridas;Plena Noite;Decrescente;C�u Claro;Dupla;Reta;N�o;3;0;1;0;1;3;1;5;-19,73930099;-43,51626138;SPRF-MG;DEL01-MG;UOP01-DEL01-MG;;;
714662;29/08/2025;sexta-feira;00:45:00;SC;101;143,3;ITAPEMA;Aus�ncia de rea��o do condutor;Colis�o traseira;Com V�timas Feridas;Plena Noite;Decrescente;Nublado;Dupla;Reta;Sim;5;0;1;0;3;1;1;5;-27,06603609;-48,59572576;SPRF-SC;DEL04-SC;UOP03-DEL04-SC;;;
714677;29/08/2025;sexta-feira;04:30:00;BA;101;5;RIO REAL;Transitar na contram�o;Colis�o frontal;Com V�timas Feridas;Amanhecer;Crescente;Nevoeiro/Neblina;Simples;Reta;N�o;4;0;2;0;1;1;2;3;-11,5382042;-37,84532547;SPRF-SE;DEL02-SE;UOP03-DEL02-SE;;;
714679;29/08/2025;sexta-feira;06:40:00;MG;153;58;MONTE ALEGRE DE MINAS;Velocidade Incompat�vel;Sa�da de leito carro��vel;Com V�timas Feridas;Pleno dia;Decrescente;Chuva;Dupla;"Reta;Aclive";N�o;2;0;0;1;0;3;1;4;-18,8775844;-49,05723307;SPRF-MG;DEL15-MG;UOP03-DEL15-MG;;;
714682;29/08/2025;sexta-feira;05:50:00;PR;277;527,8;GUARANIACU;Condutor Dormindo;Colis�o frontal;Com V�timas Feridas;Amanhecer;Decrescente;C�u Claro;Simples;Curva;N�o;5;0;3;1;1;0;4;2;-25,0978166;-52,9413054;SPRF-PR;DEL04-PR;UOP04-DEL04-PR;;;
714691;29/08/2025;sexta-feira;04:45:00;MS;158;115,2;APARECIDA DO TABOADO;Manobra de mudan�a de faixa;Colis�o lateral mesmo sentido;Com V�timas Feridas;Amanhecer;Crescente;Nublado;Simples;"Reta;Aclive";N�o;5;0;1;0;3;1;1;3;-19,83307442;-51,11221075;SPRF-MS;DEL08-MS;UOP01-DEL08-MS;;;
714699;29/08/2025;sexta-feira;05:30:00;MG;153;45,8;CANAPOLIS;Objeto est�tico sobre o leito carro��vel;Derramamento de carga;Com V�timas Feridas;Plena Noite;Crescente;Chuva;Dupla;"Declive;Reta";N�o;6;0;1;0;4;4;1;9;-18,783162;-49,081159;SPRF-MG;DEL15-MG;UOP03-DEL15-MG;;;
714702;29/08/2025;sexta-feira;06:30:00;PB;230;11;CABEDELO;Aus�ncia de rea��o do condutor;Colis�o transversal;Com V�timas Feridas;Pleno dia;Decrescente;Chuva;Dupla;Reta;N�o;2;0;1;0;0;1;1;2;-7,06089297;-34,85047728;SPRF-PB;DEL01-PB;UOP01-DEL01-PB;;;
714706;29/08/2025;sexta-feira;07:30:00;MG;40;528,2;CONTAGEM;Aus�ncia de rea��o do condutor;Colis�o lateral mesmo sentido;Com V�timas Feridas;Pleno dia;Crescente;C�u Claro;Dupla;"Reta;Aclive";Sim;2;0;0;1;1;0;1;2;-19,911497;-44,04227704;SPRF-MG;DEL01-MG;UOP02-DEL01-MG;;;
714708;29/08/2025;sexta-feira;07:40:00;MT;70;24;BARRA DO GARCAS;Aus�ncia de rea��o do condutor;Colis�o traseira;Com V�timas Feridas;Pleno dia;Crescente;C�u Claro;Simples;Reta;N�o;3;0;1;0;2;0;1;3;-15,8883263;-52,2786643;SPRF-MT;DEL07-MT;UOP01-DEL07-MT;;;
714712;29/08/2025;sexta-feira;07:45:00;PR;116;30;CAMPINA GRANDE DO SUL;Rea��o tardia ou ineficiente do condutor;Colis�o traseira;Com V�timas Fatais;Pleno dia;Crescente;Garoa/Chuvisco;Simples;"Reta;Declive";N�o;14;1;8;2;1;3;10;6;-25,100717;-48,82733;SPRF-PR;DEL01-PR;UOP02-DEL01-PR;;;
714719;29/08/2025;sexta-feira;08:29:00;RJ;40;110;DUQUE DE CAXIAS;Rea��o tardia ou ineficiente do condutor;Colis�o lateral mesmo sentido;Com V�timas Feridas;Pleno dia;Crescente;C�u Claro;Dupla;Reta;Sim;2;0;0;1;1;0;1;2;-22,690478;-43,28725;SPRF-RJ;DEL01-RJ;UOP02-DEL01-RJ;;;
714723;29/08/2025;sexta-feira;09:57:00;ES;101;96;JAGUARE;Acessar a via sem observar a presen�a dos outros ve�culos;Colis�o transversal;Com V�timas Feridas;Pleno dia;Decrescente;C�u Claro;Simples;Reta;N�o;3;0;0;2;1;0;2;2;-18,950113;-39,981121;SPRF-ES;DEL04-ES;UOP02-DEL04-ES;;;
714730;29/08/2025;sexta-feira;09:00:00;MT;364;131;PEDRA PRETA;Condutor Dormindo;Colis�o lateral sentido oposto;Com V�timas Feridas;Pleno dia;Decrescente;C�u Claro;Simples;Reta;N�o;4;0;0;1;2;4;1;7;-16,7915004;-54,1333269;SPRF-MT;DEL02-MT;UOP01-DEL02-MT;;;
714733;29/08/2025;sexta-feira;00:15:00;RJ;116;184;NOVA IGUACU;Demais falhas mec�nicas ou el�tricas;Inc�ndio;Sem V�timas;Amanhecer;Decrescente;C�u Claro;M�ltipla;Reta;Sim;1;0;0;0;1;0;0;1;-22,74620867;-43,44687009;SPRF-RJ;DEL06-RJ;UOP01-DEL06-RJ;;;
714734;29/08/2025;sexta-feira;12:00:00;SP;153;60,1;SAO JOSE DO RIO PRETO;Condutor deixou de manter dist�ncia do ve�culo da frente;Colis�o traseira;Com V�timas Fatais;Pleno dia;Decrescente;C�u Claro;Dupla;Reta;Sim;5;1;2;0;0;2;2;4;-20,799033;-49,45504;SPRF-SP;DEL09-SP;UOP01-DEL09-SP;;;
714744;29/08/2025;sexta-feira;12:45:00;SC;480;131,9;CHAPECO;Manobra de mudan�a de faixa;Colis�o lateral mesmo sentido;Com V�timas Feridas;Pleno dia;Crescente;C�u Claro;M�ltipla;"Reta;Aclive;Viaduto";Sim;4;0;1;1;2;0;2;3;-27,06260768;-52,63302362;SPRF-SC;DEL07-SC;UOP01-DEL07-SC;;;
714746;22/08/2025;sexta-feira;06:15:00;MS;163;272;DOURADOS;Aus�ncia de rea��o do condutor;Colis�o traseira;Com V�timas Feridas;Pleno dia;Crescente;C�u Claro;Dupla;Reta;N�o;3;0;2;0;0;2;2;4;-22,17341665;-54,66350555;SPRF-MS;DEL04-MS;UOP01-DEL04-MS;;;
714756;29/08/2025;sexta-feira;12:03:00;MG;381;557;ITAGUARA;Acessar a via sem observar a presen�a dos outros ve�culos;Colis�o transversal;Com V�timas Feridas;Pleno dia;Decrescente;Chuva;Dupla;"Reta;Aclive";N�o;4;0;2;0;1;1;2;3;-20,35349733;-44,45016257;SPRF-MG;DEL04-MG;UOP03-DEL04-MG;;;
714760;29/08/2025;sexta-feira;13:30:00;BA;101;767;ITABELA;Rea��o tardia ou ineficiente do condutor;Colis�o frontal;Com V�timas Fatais;Pleno dia;Crescente;C�u Claro;Simples;"Declive;Curva";N�o;4;1;0;0;1;2;0;4;-16,71805256;-39,45001602;SPRF-BA;DEL09-BA;UOP01-DEL09-BA;;;
714762;26/03/2025;quarta-feira;13:20:00;TO;153;588;SANTA RITA DO TOCANTINS;Ultrapassagem Indevida;Colis�o lateral sentido oposto;Com V�timas Fatais;Pleno dia;Decrescente;Nublado;Simples;Reta;N�o;5;1;2;2;0;0;4;3;-10,990783;-48,908731;SPRF-TO;DEL01-TO;UOP01-DEL01-TO;;;
714763;29/08/2025;sexta-feira;14:00:00;RJ;116;206;SEROPEDICA;Rea��o tardia ou ineficiente do condutor;Colis�o traseira;Com V�timas Feridas;Pleno dia;Crescente;C�u Claro;Dupla;"Aclive;Reta;Em Obras";Sim;3;0;1;0;1;1;1;3;-22,7262859;-43,6532741;SPRF-RJ;DEL06-RJ;UOP02-DEL06-RJ;;;
714765;29/08/2025;sexta-feira;14:50:00;ES;101;298,6;VIANA;Manobra de mudan�a de faixa;Colis�o lateral mesmo sentido;Com V�timas Feridas;Pleno dia;Decrescente;C�u Claro;Dupla;"Reta;Retorno Regulamentado";Sim;2;0;1;0;1;0;1;2;-20,35702039;-40,41938424;SPRF-ES;DEL01-ES;UOP01-DEL01-ES;;;
714767;21/08/2025;quinta-feira;15:10:00;SP;153;13,4;ICEM;Aus�ncia de rea��o do condutor;Colis�o traseira;Com V�timas Feridas;Pleno dia;Crescente;C�u Claro;Simples;Reta;N�o;4;0;1;0;2;9;1;11;-20,41003872;-49,25211016;SPRF-SP;DEL09-SP;UOP01-DEL09-SP;;;
714771;29/08/2025;sexta-feira;13:30:00;PR;376;336;ORTIGUEIRA;Rea��o tardia ou ineficiente do condutor;Colis�o lateral sentido oposto;Com V�timas Feridas;Pleno dia;Decrescente;C�u Claro;Simples;Curva;N�o;5;0;1;1;1;3;2;5;-24,13864716;-51,00578785;SPRF-PR;DEL07-PR;UOP02-DEL07-PR;;;
714775;29/08/2025;sexta-feira;15:40:00;DF;20;13;BRASILIA;Manobra de mudan�a de faixa;Colis�o lateral mesmo sentido;Sem V�timas;Pleno dia;Crescente;C�u Claro;M�ltipla;"Desvio Tempor�rio;Em Obras;Reta";Sim;2;0;0;0;2;0;0;2;-15,63774972;-47,74676442;SPRF-DF;DEL02-DF;UOP01-DEL02-DF;;;
714781;29/08/2025;sexta-feira;14:40:00;PE;423;94,9;GARANHUNS;Acesso irregular;Colis�o transversal;Sem V�timas;Pleno dia;Crescente;Chuva;Simples;Interse��o de Vias;Sim;2;0;0;0;2;0;0;2;-8,8785;-36,4774;SPRF-PE;DEL03-PE;UOP01-DEL03-PE;;;
714782;29/08/2025;sexta-feira;15:45:00;SP;116;503;CAJATI;Aus�ncia de rea��o do condutor;Sa�da de leito carro��vel;Sem V�timas;Pleno dia;Crescente;Nublado;Simples;"Declive;Reta";N�o;2;0;0;0;1;1;0;2;-24,775992;-48,20972443;SPRF-SP;DEL05-SP;UOP02-DEL05-SP;;;
714784;25/07/2025;sexta-feira;06:30:00;PR;277;506,5;GUARANIACU;Acessar a via sem observar a presen�a dos outros ve�culos;Colis�o traseira;Sem V�timas;Pleno dia;Crescente;Nevoeiro/Neblina;Simples;Reta;N�o;3;0;0;0;2;1;0;3;-25,126456;-52,741811;SPRF-PR;DEL04-PR;UOP04-DEL04-PR;;;
714797;29/08/2025;sexta-feira;16:35:00;PE;232;9,4;JABOATAO DOS GUARARAPES;Trafegar com motocicleta (ou similar) entre as faixas;Colis�o lateral mesmo sentido;Com V�timas Fatais;Pleno dia;Crescente;Ignorado;Dupla;"Reta;Viaduto";Sim;6;1;0;1;1;4;1;6;-8,07867;-34,98184;SPRF-PE;DEL01-PE;UOP01-DEL01-PE;;;
714804;29/08/2025;sexta-feira;12:05:00;RO;364;272,7;CACOAL;Entrada inopinada do pedestre;Atropelamento de Pedestre;Com V�timas Fatais;Pleno dia;Crescente;Sol;Simples;Reta;N�o;3;1;0;0;1;1;0;2;-11,384652;-61,738488;SPRF-RO;DEL02-RO;UOP02-DEL02-RO;;;
714806;05/08/2025;ter�a-feira;11:10:00;PA;163;980;SANTAREM;Rea��o tardia ou ineficiente do condutor;Queda de ocupante de ve�culo;Com V�timas Feridas;Pleno dia;Crescente;C�u Claro;Simples;Reta;N�o;2;0;0;1;0;1;1;2;-2,62687159;-54,73912239;SPRF-PA;DEL05-PA;UOP01-DEL05-PA;;;
714809;29/08/2025;sexta-feira;15:00:00;BA;116;865;VITORIA DA CONQUISTA;Aus�ncia de rea��o do condutor;Colis�o traseira;Com V�timas Feridas;Pleno dia;Crescente;C�u Claro;Simples;Reta;N�o;3;0;1;0;1;2;1;4;-15,16701;-41,06076;SPRF-BA;DEL08-BA;UOP01-DEL08-BA;;;
714813;29/08/2025;sexta-feira;14:20:00;MG;40;642,9;CONSELHEIRO LAFAIETE;Pista Escorregadia;Colis�o frontal;Com V�timas Fatais;Pleno dia;Crescente;Chuva;Simples;"Declive;Curva";N�o;3;1;1;0;0;2;1;4;-20,769594;-43,805808;SPRF-MG;DEL05-MG;UOP02-DEL05-MG;;;
714816;29/08/2025;sexta-feira;16:30:00;PR;163;13,5;BARRACAO;Demais falhas mec�nicas ou el�tricas;Tombamento;Com V�timas Feridas;Pleno dia;Crescente;C�u Claro;Simples;"Aclive;Reta";N�o;4;0;2;0;1;1;2;2;-26,219837;-53,640185;SPRF-PR;DEL02-PR;UOP02-DEL02-PR;;;
714817;12/07/2025;s�bado;19:50:00;PR;376;140;NOVA ESPERANCA;Objeto est�tico sobre o leito carro��vel;Colis�o transversal;Com V�timas Feridas;Plena Noite;Crescente;C�u Claro;Dupla;Reta;N�o;2;0;1;0;0;1;1;2;-23,22874278;-52,17634464;SPRF-PR;DEL09-PR;UOP02-DEL09-PR;;;
714829;29/08/2025;sexta-feira;10:20:00;AL;104;44,1;BRANQUINHA;Acumulo de �gua sobre o pavimento;Tombamento;Com V�timas Feridas;Pleno dia;Crescente;Chuva;Simples;Curva;N�o;2;0;1;0;1;0;1;1;-9,229036;-36,027018;SPRF-AL;DEL01-AL;UOP02-DEL01-AL;;;
714830;29/08/2025;sexta-feira;18:30:00;BA;324;580;CANDEIAS;Aus�ncia de rea��o do condutor;Colis�o traseira;Com V�timas Feridas;Plena Noite;Crescente;C�u Claro;M�ltipla;Reta;Sim;5;0;3;0;2;0;3;4;-12,61133;-38,489971;SPRF-BA;DEL01-BA;UOP01-DEL01-BA;;;
714836;03/06/2025;ter�a-feira;00:30:00;ES;101;295,3;CARIACICA;Condutor deixou de manter dist�ncia do ve�culo da frente;Colis�o traseira;Com V�timas Feridas;Plena Noite;Decrescente;Chuva;Dupla;Reta;N�o;2;0;0;1;0;1;1;2;-20,33226236;-40,40030956;SPRF-ES;DEL01-ES;UOP01-DEL01-ES;;;
714838;29/08/2025;sexta-feira;16:50:00;SC;282;568,2;NOVA ERECHIM;Condutor deixou de manter dist�ncia do ve�culo da frente;Engavetamento;Com V�timas Feridas;Pleno dia;Crescente;C�u Claro;Simples;Reta;Sim;6;0;1;0;5;0;1;5;-26,90427037;-52,90843813;SPRF-SC;DEL07-SC;UOP02-DEL07-SC;;;
714840;29/08/2025;sexta-feira;17:25:00;SC;101;302,9;LAGUNA;Rea��o tardia ou ineficiente do condutor;Colis�o com objeto;Com V�timas Feridas;Pleno dia;Decrescente;Nublado;Dupla;Reta;Sim;3;0;1;0;1;1;1;3;-28,39562868;-48,77929688;SPRF-SC;DEL02-SC;UOP03-DEL02-SC;;;
714852;29/08/2025;sexta-feira;19:30:00;SP;116;297;ITAPECERICA DA SERRA;Manobra de mudan�a de faixa;Sa�da de leito carro��vel;Com V�timas Feridas;Pleno dia;Decrescente;Chuva;Dupla;Declive;Sim;2;0;1;0;0;1;1;2;-23,77457;-46,91382;SPRF-SP;DEL04-SP;UOP01-DEL04-SP;;;
714853;29/08/2025;sexta-feira;19:30:00;MG;381;494;BETIM;Condutor deixou de manter dist�ncia do ve�culo da frente;Engavetamento;Com V�timas Feridas;Plena Noite;Decrescente;Chuva;Dupla;Reta;N�o;3;0;1;0;2;0;1;3;-19,96618744;-44,17769305;SPRF-MG;DEL01-MG;UOP03-DEL01-MG;;;
714864;29/08/2025;sexta-feira;17:25:00;BA;101;857;TEIXEIRA DE FREITAS;Rea��o tardia ou ineficiente do condutor;Sa�da de leito carro��vel;Com V�timas Feridas;Anoitecer;Decrescente;C�u Claro;Simples;Reta;N�o;2;0;0;1;0;1;1;2;-17,375759;-39,657405;SPRF-BA;DEL09-BA;UOP02-DEL09-BA;;;
714866;29/08/2025;sexta-feira;18:00:00;RS;290;12;SANTO ANTONIO DA PATRULHA;Demais falhas mec�nicas ou el�tricas;Tombamento;Com V�timas Feridas;Plena Noite;Decrescente;C�u Claro;Dupla;Reta;N�o;2;0;1;0;0;1;1;2;-29,88364674;-50,38976088;SPRF-RS;DEL03-RS;UOP01-DEL03-RS;;;
714878;29/08/2025;sexta-feira;20:30:00;RJ;116;277;BARRA MANSA;Ingest�o de �lcool pelo condutor;Colis�o lateral mesmo sentido;Sem V�timas;Plena Noite;Decrescente;Chuva;Dupla;Declive;Sim;2;0;0;0;2;0;0;2;-22,55811741;-44,1729753;SPRF-RJ;DEL07-RJ;UOP02-DEL07-RJ;;;
714879;29/08/2025;sexta-feira;20:11:00;GO;60;4,5;SANTO ANTONIO DO DESCOBERTO;Chuva;Colis�o com objeto;Com V�timas Feridas;Plena Noite;Decrescente;Chuva;Dupla;"Ponte;Curva;Aclive";N�o;3;0;0;1;1;1;1;3;-16,090018;-48,274738;SPRF-DF;DEL03-DF;UOP01-DEL03-DF;;;
714887;29/08/2025;sexta-feira;17:30:00;PI;407;433;GEMINIANO;Aus�ncia de rea��o do condutor;Colis�o lateral mesmo sentido;Com V�timas Feridas;Anoitecer;Crescente;C�u Claro;Simples;Reta;Sim;3;0;1;0;2;0;1;2;-7,160743;-41,356528;SPRF-PI;DEL04-PI;UOP01-DEL04-PI;;;