id;data_inversa;dia_semana;horario;uf;br;km;municipio;causa_acidente;tipo_acidente;classificacao_acidente;fase_dia;sentido_via;condicao_metereologica;tipo_pista;tracado_via;uso_solo;pessoas;mortos;feridos_leves;feridos_graves;ilesos;ignorados;feridos;veiculos;latitude;longitude;regional;delegacia;uop;;;
714906;29/08/2025;sexta-feira;21:30:00;PR;277;0,8;PARANAGUA;Acessar a via sem observar a presen�a dos outros ve�culos;Colis�o transversal;Com V�timas Feridas;Plena Noite;Crescente;Nublado;Simples;Reta;Sim;4;0;0;1;2;2;1;5;-25,517773;-48,540992;SPRF-PR;DEL01-PR;UOP05-DEL01-PR;;;
714907;29/08/2025;sexta-feira;20:30:00;RS;158;285;JULIO DE CASTILHOS;Demais falhas mec�nicas ou el�tricas;Inc�ndio;Sem V�timas;Pleno dia;Decrescente;C�u Claro;Simples;Reta;N�o;2;0;0;0;1;2;0;3;-29,416018;-53,670716;SPRF-RS;DEL09-RS;UOP01-DEL09-RS;;;
714908;29/08/2025;sexta-feira;20:00:00;PR;163;230;CASCAVEL;Rea��o tardia ou ineficiente do condutor;Sa�da de leito carro��vel;Com V�timas Feridas;Plena Noite;Decrescente;C�u Claro;Dupla;"Aclive;Curva";N�o;2;0;1;0;0;2;1;3;-24,806128;-53,671762;SPRF-PR;DEL04-PR;UOP01-DEL04-PR;;;
714914;29/08/2025;sexta-feira;19:30:00;MG;251;334;RUBELITA;Aus�ncia de rea��o do condutor;Tombamento;Com V�timas Feridas;Anoitecer;Decrescente;C�u Claro;Simples;"Declive;Curva";N�o;2;0;0;1;0;11;1;12;-16,2658486;-42,41314888;SPRF-MG;DEL12-MG;UOP02-DEL12-MG;;;
714916;29/08/2025;sexta-feira;23:30:00;PR;116;146;MANDIRITUBA;Aus�ncia de rea��o do condutor;Colis�o frontal;Com V�timas Feridas;Plena Noite;Crescente;Nublado;Simples;Reta;N�o;4;0;1;0;2;1;1;3;-25,816762;-49,332242;SPRF-PR;DEL01-PR;UOP03-DEL01-PR;;;
714918;29/08/2025;sexta-feira;21:40:00;RJ;116;281;BARRA MANSA;Rea��o tardia ou ineficiente do condutor;Colis�o com objeto;Com V�timas Feridas;Plena Noite;Decrescente;Chuva;Dupla;Curva;Sim;3;0;1;0;2;0;1;3;-22,528127;-44,196574;SPRF-RJ;DEL07-RJ;UOP02-DEL07-RJ;;;
714919;29/08/2025;sexta-feira;21:30:00;MG;116;803,9;ALEM PARAIBA;Velocidade Incompat�vel;Colis�o lateral sentido oposto;Com V�timas Feridas;Plena Noite;Decrescente;Chuva;Simples;Curva;N�o;3;0;1;0;1;1;1;3;-21,794098;-42,712232;SPRF-MG;DEL07-MG;UOP01-DEL07-MG;;;
714924;29/08/2025;sexta-feira;17:45:00;MG;116;286;TEOFILO OTONI;Aus�ncia de rea��o do condutor;Tombamento;Com V�timas Feridas;Anoitecer;Crescente;C�u Claro;Simples;"Reta;Ponte;Declive";N�o;3;0;2;0;0;1;2;2;-17,93997503;-41,52813641;SPRF-MG;DEL11-MG;UOP01-DEL11-MG;;;
714926;29/08/2025;sexta-feira;22:30:00;MG;262;437;NOVA SERRANA;Aus�ncia de rea��o do condutor;Colis�o traseira;Com V�timas Feridas;Plena Noite;Crescente;C�u Claro;Dupla;Reta;Sim;3;0;1;0;1;1;1;3;-19,87130287;-44,97209722;SPRF-MG;DEL08-MG;UOP03-DEL08-MG;;;
714927;29/08/2025;sexta-feira;22:30:00;PR;476;303;SAO MATEUS DO SUL;Ingest�o de �lcool pelo condutor;Colis�o frontal;Sem V�timas;Plena Noite;Crescente;C�u Claro;Simples;Reta;N�o;3;0;0;0;1;2;0;3;-26,01620324;-50,64005792;SPRF-PR;DEL02-PR;UOP03-DEL02-PR;;;
714935;30/08/2025;s�bado;03:30:00;GO;50;134,9;IPAMERI;Aus�ncia de rea��o do condutor;Sa�da de leito carro��vel;Sem V�timas;Amanhecer;Decrescente;C�u Claro;Dupla;Reta;N�o;1;0;0;0;1;0;0;1;-17,04681;-47,75519;SPRF-GO;DEL06-GO;UOP01-DEL06-GO;;;
714936;30/08/2025;s�bado;03:40:00;MG;40;569,7;NOVA LIMA;Acessar a via sem observar a presen�a dos outros ve�culos;Colis�o transversal;Com V�timas Feridas;Plena Noite;Decrescente;Garoa/Chuvisco;Simples;Reta;Sim;4;0;0;1;1;2;1;4;-20,21709978;-43,97174835;SPRF-MG;DEL01-MG;UOP02-DEL01-MG;;;
714938;30/08/2025;s�bado;01:30:00;MG;381;167,2;GOVERNADOR VALADARES;Ingest�o de �lcool pelo condutor;Colis�o lateral sentido oposto;Sem V�timas;Plena Noite;Decrescente;C�u Claro;Simples;Reta;N�o;4;0;0;0;2;2;0;3;-18,8454687;-41,96202;SPRF-MG;DEL06-MG;UOP01-DEL06-MG;;;
714940;30/08/2025;s�bado;05:00:00;SC;101;9,9;GARUVA;Rea��o tardia ou ineficiente do condutor;Colis�o traseira;Com V�timas Feridas;Plena Noite;Crescente;Nublado;Dupla;"Reta;Declive";N�o;3;0;1;0;1;1;1;3;-26,060839;-48,859928;SPRF-SC;DEL03-SC;UOP01-DEL03-SC;;;
714942;30/08/2025;s�bado;01:20:00;PI;230;304;FLORIANO;Demais falhas mec�nicas ou el�tricas;Inc�ndio;Sem V�timas;Plena Noite;Crescente;C�u Claro;Simples;Reta;N�o;2;0;0;0;1;1;0;2;-6,8002477;-42,9731595;SPRF-PI;DEL03-PI;UOP01-DEL03-PI;;;
714947;30/08/2025;s�bado;03:50:00;RJ;40;72;PETROPOLIS;Velocidade Incompat�vel;Sa�da de leito carro��vel;Com V�timas Feridas;Plena Noite;Decrescente;Garoa/Chuvisco;Dupla;"Declive;Curva";N�o;1;0;1;0;0;0;1;1;-22,460494;-43,221096;SPRF-RJ;DEL01-RJ;UOP01-DEL01-RJ;;;
714949;30/08/2025;s�bado;05:33:00;RS;470;211;BENTO GONCALVES;Ingest�o de �lcool pelo condutor;Colis�o frontal;Com V�timas Feridas;Plena Noite;Crescente;C�u Claro;M�ltipla;Curva;N�o;5;0;2;2;1;0;4;3;-29,13772015;-51,5431602;SPRF-RS;DEL06-RS;UOP01-DEL06-RS;;;
714951;30/08/2025;s�bado;05:35:00;GO;153;490;GOIANIA;Aus�ncia de rea��o do condutor;Colis�o traseira;Com V�timas Fatais;Plena Noite;Decrescente;Nublado;Dupla;Reta;Sim;2;1;0;0;1;0;0;2;-16,620509;-49,20608494;SPRF-GO;DEL01-GO;UOP01-DEL01-GO;;;
714958;30/08/2025;s�bado;06:50:00;PR;116;115;CURITIBA;Aus�ncia de rea��o do condutor;Tombamento;Com V�timas Feridas;Pleno dia;Crescente;C�u Claro;Dupla;"Viaduto;Interse��o de Vias";Sim;6;0;2;0;4;0;2;4;-25,54526807;-49,3035078;SPRF-PR;DEL01-PR;UOP03-DEL01-PR;;;
714959;30/08/2025;s�bado;06:00:00;MG;50;152;UBERABA;Estacionar ou parar em local proibido;Colis�o transversal;Com V�timas Feridas;Pleno dia;Decrescente;C�u Claro;Dupla;Reta;N�o;2;0;1;0;0;1;1;2;-19,58316208;-48,03128242;SPRF-MG;DEL13-MG;UOP01-DEL13-MG;;;
714961;30/08/2025;s�bado;07:10:00;SP;116;203;ARUJA;Rea��o tardia ou ineficiente do condutor;Colis�o traseira;Com V�timas Feridas;Pleno dia;Decrescente;C�u Claro;M�ltipla;Aclive;Sim;4;0;0;2;1;1;2;3;-23,40274952;-46,31897092;SPRF-SP;DEL01-SP;UOP01-DEL01-SP;;;
714964;19/08/2025;ter�a-feira;01:40:00;MT;364;392;CUIABA;Condutor deixou de manter dist�ncia do ve�culo da frente;Colis�o traseira;Sem V�timas;Plena Noite;Decrescente;C�u Claro;Dupla;Reta;N�o;2;0;0;0;2;0;0;2;-15,68803224;-55,91037869;SPRF-MT;DEL01-MT;UOP02-DEL01-MT;;;
714965;30/08/2025;s�bado;07:15:00;MG;262;403,2;IGARATINGA;Condutor deixou de manter dist�ncia do ve�culo da frente;Colis�o traseira;Com V�timas Fatais;Pleno dia;Decrescente;Sol;Dupla;"Reta;Aclive";N�o;3;1;0;0;1;3;0;5;-19,90628;-44,66813;SPRF-MG;DEL01-MG;UOP03-DEL01-MG;;;
714966;30/08/2025;s�bado;05:15:00;CE;222;28;CAUCAIA;Rea��o tardia ou ineficiente do condutor;Sa�da de leito carro��vel;Sem V�timas;Amanhecer;Crescente;C�u Claro;Dupla;"Declive;Reta";N�o;1;0;0;0;0;1;0;1;-3,71428197;-38,81104644;SPRF-CE;DEL01-CE;UOP01-DEL01-CE;;;
714969;30/08/2025;s�bado;05:30:00;SC;282;670,9;PARAISO;Velocidade Incompat�vel;Tombamento;Com V�timas Feridas;Amanhecer;Decrescente;C�u Claro;Simples;Curva;N�o;2;0;0;1;0;1;1;2;-26,62240191;-53,64831017;SPRF-SC;DEL07-SC;UOP03-DEL07-SC;;;
714972;30/08/2025;s�bado;08:05:00;RS;293;13;CAPAO DO LEAO;Condutor deixou de manter dist�ncia do ve�culo da frente;Colis�o traseira;Com V�timas Feridas;Pleno dia;Decrescente;Garoa/Chuvisco;Simples;Reta;N�o;6;0;5;0;1;0;5;2;-31,75347806;-52,45584107;SPRF-RS;DEL07-RS;UOP01-DEL07-RS;;;
714995;30/08/2025;s�bado;05:30:00;RO;364;243,2;CACOAL;Demais falhas mec�nicas ou el�tricas;Derramamento de carga;Sem V�timas;Amanhecer;Crescente;C�u Claro;Simples;Reta;Sim;3;0;0;0;1;2;0;2;-11,440288;-61,498387;SPRF-RO;DEL02-RO;UOP02-DEL02-RO;;;
715001;30/08/2025;s�bado;10:30:00;GO;40;131;CRISTALINA;Demais falhas mec�nicas ou el�tricas;Inc�ndio;Sem V�timas;Pleno dia;Crescente;C�u Claro;Simples;Reta;N�o;1;0;0;0;1;0;0;1;-16,94952801;-47,30818033;SPRF-DF;DEL01-DF;UOP02-DEL01-DF;;;
715004;30/08/2025;s�bado;11:35:00;BA;407;4;JUAZEIRO;Convers�o proibida;Colis�o traseira;Sem V�timas;Pleno dia;Decrescente;C�u Claro;Simples;Reta;Sim;2;0;0;0;2;0;0;2;-9,446692;-40,490997;SPRF-PE;DEL06-PE;UOP01-DEL06-PE;;;
715006;30/08/2025;s�bado;11:30:00;RS;293;3;PELOTAS;Acessar a via sem observar a presen�a dos outros ve�culos;Colis�o lateral mesmo sentido;Com V�timas Feridas;Pleno dia;Crescente;C�u Claro;Simples;Rotat�ria;N�o;3;0;1;0;1;2;1;4;-31,741633;-52,364589;SPRF-RS;DEL07-RS;UOP01-DEL07-RS;;;
715019;30/08/2025;s�bado;10:30:00;MG;262;99,7;ABRE CAMPO;Ultrapassagem Indevida;Colis�o frontal;Com V�timas Feridas;Pleno dia;Crescente;C�u Claro;Simples;Curva;N�o;7;0;2;3;1;3;5;6;-20,29155;-42,513045;SPRF-MG;DEL03-MG;UOP03-DEL03-MG;;;
715025;30/08/2025;s�bado;13:15:00;RS;287;282;SAO PEDRO DO SUL;Rea��o tardia ou ineficiente do condutor;Colis�o transversal;Com V�timas Feridas;Pleno dia;Decrescente;C�u Claro;Simples;Rotat�ria;Sim;5;0;1;0;4;0;1;2;-29,63642672;-54,18520181;SPRF-RS;DEL09-RS;UOP01-DEL09-RS;;;
715031;30/08/2025;s�bado;13:30:00;MS;267;10,1;BATAGUASSU;Rea��o tardia ou ineficiente do condutor;Colis�o lateral sentido oposto;Com V�timas Feridas;Pleno dia;Crescente;C�u Claro;Simples;Reta;N�o;3;0;1;0;0;2;1;3;-21,729985;-52,237303;SPRF-MS;DEL02-MS;UOP04-DEL02-MS;;;
715034;30/08/2025;s�bado;13:45:00;MS;262;558;MIRANDA;Suic�dio (presumido);Atropelamento de Pedestre;Com V�timas Fatais;Pleno dia;Decrescente;C�u Claro;Simples;Reta;Sim;3;1;0;0;1;2;0;4;-20,23325;-56,380542;SPRF-MS;DEL03-MS;UOP02-DEL03-MS;;;
715038;30/08/2025;s�bado;14:45:00;MG;153;17,5;CENTRALINA;Rea��o tardia ou ineficiente do condutor;Tombamento;Com V�timas Feridas;Pleno dia;Decrescente;C�u Claro;Dupla;Reta;Sim;2;0;1;0;0;1;1;2;-18,5733359;-49,1936007;SPRF-MG;DEL15-MG;UOP03-DEL15-MG;;;
715039;30/08/2025;s�bado;14:00:00;PB;101;59;SANTA RITA;Condutor Dormindo;Colis�o traseira;Com V�timas Feridas;Pleno dia;Decrescente;C�u Claro;Dupla;Aclive;N�o;3;0;1;0;2;0;1;2;-7,003514;-35,063375;SPRF-PB;DEL01-PB;UOP03-DEL01-PB;;;
715041;30/08/2025;s�bado;14:20:00;MG;381;908,2;CAMBUI;Velocidade Incompat�vel;Colis�o com objeto;Com V�timas Feridas;Pleno dia;Decrescente;Sol;Dupla;"Declive;Curva";N�o;2;0;1;0;0;1;1;2;-22,6802256;-46,1008178;SPRF-MG;DEL16-MG;UOP03-DEL16-MG;;;
715044;30/08/2025;s�bado;13:15:00;MT;364;368;SANTO ANTONIO DO LEVERGER;Ultrapassagem Indevida;Colis�o lateral mesmo sentido;Com V�timas Feridas;Pleno dia;Decrescente;C�u Claro;Dupla;Reta;N�o;3;0;0;1;1;2;1;4;-15,715038;-55,690529;SPRF-MT;DEL01-MT;UOP02-DEL01-MT;;;
715049;30/08/2025;s�bado;14:20:00;BA;324;522;FEIRA DE SANTANA;Rea��o tardia ou ineficiente do condutor;Colis�o traseira;Com V�timas Feridas;Pleno dia;Decrescente;C�u Claro;Dupla;Reta;Sim;5;0;2;0;2;1;2;2;-12,28961522;-38,9124468;SPRF-BA;DEL01-BA;UOP03-DEL01-BA;;;
715056;30/08/2025;s�bado;15:00:00;TO;230;101;SAO BENTO DO TOCANTINS;Desrespeitar a prefer�ncia no cruzamento;Colis�o transversal;Com V�timas Feridas;Pleno dia;Crescente;C�u Claro;Simples;"Reta;Interse��o de Vias";N�o;4;0;1;1;1;1;2;3;-5,96821494;-47,88161365;SPRF-TO;DEL02-TO;UOP03-DEL02-TO;;;
715060;30/08/2025;s�bado;16:30:00;ES;101;427,9;MIMOSO DO SUL;Chuva;Colis�o frontal;Com V�timas Fatais;Pleno dia;Crescente;Chuva;Simples;Curva;N�o;2;1;0;0;1;0;0;2;-21,13574526;-41,27855301;SPRF-ES;DEL03-ES;UOP02-DEL03-ES;;;
715070;30/08/2025;s�bado;16:20:00;DF;70;3,5;BRASILIA;Acessar a via sem observar a presen�a dos outros ve�culos;Colis�o traseira;Sem V�timas;Pleno dia;Crescente;C�u Claro;Dupla;"Curva;Retorno Regulamentado";Sim;2;0;0;0;2;0;0;2;-15,7952762;-48,1991019;SPRF-DF;DEL03-DF;UOP02-DEL03-DF;;;
715073;30/08/2025;s�bado;14:25:00;PR;153;482,2;GENERAL CARNEIRO;Transitar na contram�o;Colis�o frontal;Com V�timas Feridas;Pleno dia;Decrescente;C�u Claro;Simples;Reta;N�o;4;0;0;1;2;1;1;4;-26,39802031;-51,2828064;SPRF-PR;DEL02-PR;UOP03-DEL02-PR;;;
715077;30/08/2025;s�bado;09:09:00;PR;476;332,9;PAULA FREITAS;Rea��o tardia ou ineficiente do condutor;Colis�o frontal;Com V�timas Fatais;Pleno dia;Decrescente;C�u Claro;Simples;Curva;N�o;3;1;0;0;1;2;0;4;-26,12152;-50,8417;SPRF-PR;DEL02-PR;UOP03-DEL02-PR;;;
715088;30/08/2025;s�bado;14:00:00;MG;354;719,9;POUSO ALTO;Problema com o freio;Tombamento;Com V�timas Feridas;Pleno dia;Crescente;C�u Claro;Simples;Curva;N�o;1;0;0;1;0;0;1;1;-22,08319425;-44,95711684;SPRF-MG;DEL17-MG;UOP01-DEL17-MG;;;
715089;28/05/2025;quarta-feira;16:00:00;PA;163;320,9;NOVO PROGRESSO;Rea��o tardia ou ineficiente do condutor;Sa�da de leito carro��vel;Com V�timas Feridas;Pleno dia;Decrescente;C�u Claro;Simples;Curva;N�o;2;0;1;0;0;1;1;2;-6,96753025;-55,44911771;SPRF-PA;DEL05-PA;UOP03-DEL05-PA;;;
715092;30/08/2025;s�bado;18:20:00;ES;101;390;RIO NOVO DO SUL;Rea��o tardia ou ineficiente do condutor;Colis�o traseira;Com V�timas Feridas;Plena Noite;Crescente;Chuva;Dupla;Reta;N�o;3;0;1;0;1;3;1;5;-20,865465;-40,887843;SPRF-ES;DEL03-ES;UOP02-DEL03-ES;;;
715093;30/08/2025;s�bado;17:30:00;MG;262;359,9;JUATUBA;Manobra de mudan�a de faixa;Colis�o lateral mesmo sentido;Com V�timas Feridas;Plena Noite;Decrescente;C�u Claro;Dupla;"Declive;Reta";Sim;3;0;1;0;1;3;1;5;-19,97264714;-44,31013959;SPRF-MG;DEL01-MG;UOP03-DEL01-MG;;;
715097;30/08/2025;s�bado;15:10:00;SC;116;284,4;CAPAO ALTO;Demais falhas mec�nicas ou el�tricas;Inc�ndio;Sem V�timas;Pleno dia;Decrescente;C�u Claro;Simples;"Declive;Reta";N�o;2;0;0;0;0;3;0;3;-28,075206;-50,580326;SPRF-SC;DEL05-SC;UOP02-DEL05-SC;;;
715100;30/08/2025;s�bado;18:00:00;MT;364;197;RONDONOPOLIS;Ultrapassagem Indevida;Colis�o lateral sentido oposto;Com V�timas Feridas;Anoitecer;Crescente;C�u Claro;Simples;Aclive;N�o;5;0;0;1;3;4;1;8;-16,51644131;-54,60725997;SPRF-MT;DEL02-MT;UOP01-DEL02-MT;;;
715105;30/08/2025;s�bado;19:10:00;RN;226;277;TRIUNFO POTIGUAR;Velocidade Incompat�vel;Sa�da de leito carro��vel;Com V�timas Feridas;Plena Noite;Decrescente;C�u Claro;Simples;Curva;N�o;1;0;1;0;0;0;1;1;-5,86123641;-37,19755411;SPRF-RN;DEL03-RN;UOP01-DEL03-RN;;;
715109;30/08/2025;s�bado;04:00:00;BA;116;24,2;ABARE;Aus�ncia de rea��o do condutor;Sa�da de leito carro��vel;Sem V�timas;Amanhecer;Decrescente;C�u Claro;Simples;"Em Obras;Reta";N�o;1;0;0;0;1;0;0;1;-8,834968;-39,259422;SPRF-PE;DEL05-PE;UOP03-DEL05-PE;;;
715110;30/08/2025;s�bado;19:30:00;MG;40;773,5;JUIZ DE FORA;Transitar na contram�o;Colis�o frontal;Com V�timas Feridas;Pleno dia;Decrescente;Nublado;Simples;Reta;N�o;2;0;1;0;1;0;1;2;-21,64738566;-43,43493875;SPRF-MG;DEL05-MG;UOP01-DEL05-MG;;;
715112;30/08/2025;s�bado;16:30:00;MT;158;488;CANARANA;Transitar na contram�o;Colis�o frontal;Com V�timas Fatais;Pleno dia;Crescente;C�u Claro;Simples;Reta;N�o;2;1;1;0;0;0;1;2;-13,54344679;-51,92136884;SPRF-MT;DEL07-MT;UOP02-DEL07-MT;;;
715114;30/08/2025;s�bado;19:40:00;ES;101;391,1;RIO NOVO DO SUL;Transitar na contram�o;Colis�o lateral sentido oposto;Com V�timas Feridas;Plena Noite;Crescente;Chuva;Dupla;Curva;N�o;3;0;1;0;1;1;1;3;-20,866396;-40,889924;SPRF-ES;DEL03-ES;UOP02-DEL03-ES;;;
715128;30/08/2025;s�bado;21:40:00;TO;153;98;WANDERLANDIA;Transitar na contram�o;Colis�o frontal;Com V�timas Fatais;Plena Noite;Crescente;C�u Claro;Dupla;Reta;N�o;3;1;0;0;1;1;0;3;-6,860932;-47,977582;SPRF-TO;DEL02-TO;UOP01-DEL02-TO;;;
715129;30/08/2025;s�bado;12:59:00;MA;230;266;LORETO;Ultrapassagem Indevida;Capotamento;Sem V�timas;Pleno dia;Decrescente;Sol;Simples;"Reta;Declive";N�o;3;0;0;0;1;6;0;7;-6,830207;-45,03125;SPRF-MA;DEL05-MA;UOP01-DEL05-MA;;;
715130;30/08/2025;s�bado;19:45:00;PI;343;506;AMARANTE;Aus�ncia de rea��o do condutor;Colis�o traseira;Com V�timas Feridas;Plena Noite;Crescente;C�u Claro;Simples;Reta;N�o;2;0;1;0;1;0;1;2;-6,26182;-42,838373;SPRF-PI;DEL03-PI;UOP01-DEL03-PI;;;
715131;30/08/2025;s�bado;19:30:00;RO;364;701;PORTO VELHO;Condutor deixou de manter dist�ncia do ve�culo da frente;Colis�o traseira;Com V�timas Feridas;Plena Noite;Decrescente;C�u Claro;Dupla;Reta;Sim;3;0;1;0;1;3;1;5;-8,80072766;-63,76969099;SPRF-RO;DEL01-RO;UOP01-DEL01-RO;;;
715136;30/08/2025;s�bado;19:24:00;PR;163;106;PLANALTO;Aus�ncia de rea��o do condutor;Sa�da de leito carro��vel;Com V�timas Feridas;Plena Noite;Decrescente;Ignorado;Simples;Reta;N�o;3;0;2;0;0;1;2;2;-25,70683571;-53,77084064;SPRF-PR;DEL02-PR;UOP02-DEL02-PR;;;
715155;30/08/2025;s�bado;22:00:00;BA;116;215;EUCLIDES DA CUNHA;Ingest�o de �lcool pelo condutor;Colis�o lateral sentido oposto;Com V�timas Feridas;Plena Noite;Crescente;C�u Claro;Simples;Reta;N�o;2;0;0;1;1;0;1;2;-10,50291851;-39,01107787;SPRF-BA;DEL07-BA;UOP03-DEL07-BA;;;
715162;30/08/2025;s�bado;22:25:00;BA;116;783,8;PLANALTO;Transitar na contram�o;Colis�o frontal;Sem V�timas;Plena Noite;Crescente;C�u Claro;Simples;"Reta;Em Obras";N�o;3;0;0;0;2;1;0;3;-14,683944;-40,537597;SPRF-BA;DEL08-BA;UOP02-DEL08-BA;;;
715174;31/08/2025;domingo;00:44:00;MG;381;369;SAO GONCALO DO RIO ABAIXO;Aus�ncia de rea��o do condutor;Tombamento;Com V�timas Feridas;Plena Noite;Crescente;C�u Claro;Simples;Curva;N�o;2;0;1;0;0;1;1;2;-19,84099768;-43,32818985;SPRF-MG;DEL03-MG;UOP01-DEL03-MG;;;
715177;30/08/2025;s�bado;21:30:00;BA;116;702;JEQUIE;Rea��o tardia ou ineficiente do condutor;Sa�da de leito carro��vel;Com V�timas Feridas;Plena Noite;Decrescente;Nublado;Simples;Curva;N�o;3;0;2;0;0;1;2;2;-14,08508;-40,21449;SPRF-BA;DEL03-BA;UOP01-DEL03-BA;;;
715191;31/08/2025;domingo;00:37:00;TO;153;581,4;SANTA RITA DO TOCANTINS;Transitar na contram�o;Colis�o transversal;Com V�timas Fatais;Plena Noite;Decrescente;C�u Claro;Simples;Reta;N�o;4;1;0;0;2;4;0;6;-10,928363;-48,90859;SPRF-TO;DEL01-TO;UOP01-DEL01-TO;;;
715192;30/08/2025;s�bado;20:55:00;MG;116;220,5;CATUJI;Acessar a via sem observar a presen�a dos outros ve�culos;Colis�o transversal;Com V�timas Feridas;Plena Noite;Crescente;C�u Claro;Simples;Curva;N�o;5;0;1;1;2;1;2;4;-17,411632;-41,513572;SPRF-MG;DEL11-MG;UOP01-DEL11-MG;;;
715195;30/08/2025;s�bado;21:40:00;BA;418;91;NOVA VICOSA;Ingest�o de �lcool pelo condutor;Colis�o frontal;Sem V�timas;Plena Noite;Decrescente;Nublado;Simples;Reta;N�o;3;0;0;0;1;2;0;3;-17,884966;-39,873159;SPRF-BA;DEL09-BA;UOP02-DEL09-BA;;;
715197;31/08/2025;domingo;05:30:00;MG;50;158,9;UBERABA;Demais falhas mec�nicas ou el�tricas;Inc�ndio;Sem V�timas;Amanhecer;Crescente;C�u Claro;Dupla;Reta;N�o;2;0;0;0;1;1;0;2;-19,640484;-48,00995;SPRF-MG;DEL13-MG;UOP01-DEL13-MG;;;
715201;31/08/2025;domingo;06:38:00;RS;392;5,2;RIO GRANDE;Acessar a via sem observar a presen�a dos outros ve�culos;Colis�o transversal;Com V�timas Feridas;Pleno dia;Decrescente;Nublado;Simples;"Retorno Regulamentado;Reta";N�o;3;0;1;0;1;1;1;3;-32,07810838;-52,10272048;SPRF-RS;DEL07-RS;UOP02-DEL07-RS;;;
715217;31/08/2025;domingo;08:58:00;SP;116;393;MIRACATU;Velocidade Incompat�vel;Colis�o lateral mesmo sentido;Com V�timas Feridas;Pleno dia;Decrescente;C�u Claro;Dupla;Reta;Sim;3;0;1;0;1;1;1;3;-24,28647238;-47,44698143;SPRF-SP;DEL04-SP;UOP02-DEL04-SP;;;
715221;31/08/2025;domingo;09:30:00;MG;153;82;PRATA;Condutor deixou de manter dist�ncia do ve�culo da frente;Colis�o traseira;Com V�timas Feridas;Pleno dia;Decrescente;C�u Claro;Simples;"Reta;Declive;Ponte";N�o;3;0;1;0;1;2;1;4;-19,0867;-48,993041;SPRF-MG;DEL15-MG;UOP03-DEL15-MG;;;
715226;31/08/2025;domingo;10:11:00;SP;116;365;MIRACATU;Aus�ncia de rea��o do condutor;Tombamento;Com V�timas Feridas;Pleno dia;Decrescente;C�u Claro;Dupla;Curva;N�o;2;0;1;0;0;1;1;2;-24,1448721;-47,2739312;SPRF-SP;DEL04-SP;UOP02-DEL04-SP;;;
715227;31/08/2025;domingo;09:25:00;MG;381;749,9;TRES CORACOES;Velocidade Incompat�vel;Sa�da de leito carro��vel;Com V�timas Feridas;Pleno dia;Crescente;C�u Claro;Dupla;Curva;N�o;3;0;2;0;0;1;2;2;-21,64382848;-45,2907241;SPRF-MG;DEL16-MG;UOP02-DEL16-MG;;;
715228;30/08/2025;s�bado;23:00:00;RJ;393;152;TRES RIOS;Curva acentuada;Tombamento;Com V�timas Feridas;Plena Noite;Crescente;C�u Claro;Simples;Curva;N�o;1;0;1;0;0;0;1;1;-22,10684371;-43,08425903;SPRF-RJ;DEL05-RJ;UOP01-DEL05-RJ;;;
715239;31/08/2025;domingo;11:39:00;PR;277;459,6;LARANJEIRAS DO SUL;Suic�dio (presumido);Colis�o frontal;Com V�timas Fatais;Pleno dia;Decrescente;Sol;Simples;"Reta;Aclive";N�o;3;1;0;0;1;1;0;3;-25,367293;-52,457521;SPRF-PR;DEL04-PR;UOP02-DEL04-PR;;;
715244;31/08/2025;domingo;05:50:00;MG;116;147,3;PONTO DOS VOLANTES;Aus�ncia de rea��o do condutor;Sa�da de leito carro��vel;Com V�timas Feridas;Amanhecer;Crescente;Nublado;Simples;Reta;N�o;2;0;1;0;0;1;1;2;-16,830434;-41,475868;SPRF-MG;DEL11-MG;UOP02-DEL11-MG;;;
715245;31/08/2025;domingo;10:45:00;PR;277;323;GUARAPUAVA;Aus�ncia de rea��o do condutor;Colis�o com objeto;Com V�timas Fatais;Pleno dia;Crescente;C�u Claro;Simples;Reta;Sim;4;1;0;0;1;3;0;4;-25,375256;-51,285032;SPRF-PR;DEL08-PR;UOP01-DEL08-PR;;;
715258;31/08/2025;domingo;15:20:00;PE;104;108;PANELAS;Manobra de mudan�a de faixa;Colis�o lateral sentido oposto;Com V�timas Feridas;Pleno dia;Crescente;Garoa/Chuvisco;Simples;"Aclive;Curva";N�o;2;0;0;1;0;1;1;2;-8,62061095;-35,99032044;SPRF-PE;DEL02-PE;UOP01-DEL02-PE;;;
715273;31/08/2025;domingo;15:30:00;SC;282;473,9;VARGEAO;Aus�ncia de rea��o do condutor;Colis�o lateral sentido oposto;Com V�timas Fatais;Pleno dia;Crescente;C�u Claro;Simples;"Declive;Curva";N�o;7;1;2;1;2;1;3;5;-26,86597006;-52,1343863;SPRF-SC;DEL07-SC;UOP01-DEL07-SC;;;
715276;31/08/2025;domingo;14:52:00;BA;242;468;IBITIARA;Ultrapassagem Indevida;Colis�o lateral mesmo sentido;Com V�timas Feridas;Pleno dia;Crescente;C�u Claro;Simples;Reta;N�o;3;0;1;1;1;0;2;2;-12,45599836;-42,19792239;SPRF-BA;DEL06-BA;UOP01-DEL06-BA;;;
715288;31/08/2025;domingo;15:00:00;PI;316;410;MARCOLANDIA;Demais falhas mec�nicas ou el�tricas;Capotamento;Com V�timas Feridas;Pleno dia;Decrescente;C�u Claro;Simples;"Declive;Curva";N�o;1;0;1;0;0;0;1;1;-7,4053668;-40,71395874;SPRF-PI;DEL04-PI;UOP03-DEL04-PI;;;
715299;31/08/2025;domingo;18:30:00;RS;392;282,1;SAO SEPE;Ingest�o de �lcool pelo condutor;Sa�da de leito carro��vel;Sem V�timas;Anoitecer;Crescente;C�u Claro;M�ltipla;"Aclive;Reta";N�o;2;0;0;0;1;2;0;3;-30,2909644;-53,5391273;SPRF-RS;DEL09-RS;UOP02-DEL09-RS;;;