id;data_inversa;dia_semana;horario;uf;br;km;municipio;causa_acidente;tipo_acidente;classificacao_acidente;fase_dia;sentido_via;condicao_metereologica;tipo_pista;tracado_via;uso_solo;pessoas;mortos;feridos_leves;feridos_graves;ilesos;ignorados;feridos;veiculos;latitude;longitude;regional;delegacia;uop;;;
715300;31/08/2025;domingo;18:15:00;MS;163;662;RIO VERDE DE MATO GROSSO;Aus�ncia de rea��o do condutor;Colis�o lateral sentido oposto;Com V�timas Feridas;Anoitecer;Decrescente;C�u Claro;Simples;Aclive;N�o;3;0;1;0;1;3;1;5;-19,064852;-54,79312733;SPRF-MS;DEL06-MS;UOP02-DEL06-MS;;;
715304;31/08/2025;domingo;19:00:00;SC;280;35;GUARAMIRIM;Retorno proibido;Colis�o transversal;Com V�timas Feridas;Plena Noite;Decrescente;Chuva;Simples;Reta;N�o;4;0;1;0;3;0;1;2;-26,4753816;-48,98809985;SPRF-SC;DEL03-SC;UOP03-DEL03-SC;;;
715319;31/08/2025;domingo;16:00:00;MG;262;742;SACRAMENTO;Ultrapassagem Indevida;Colis�o frontal;Com V�timas Feridas;Pleno dia;Crescente;C�u Claro;Simples;Reta;N�o;5;0;1;1;1;2;2;3;-19,646881;-47,528346;SPRF-MG;DEL08-MG;UOP01-DEL08-MG;;;
715325;31/08/2025;domingo;16:10:00;RS;153;0,3;MARCELINO RAMOS;Convers�o proibida;Colis�o transversal;Com V�timas Fatais;Pleno dia;Decrescente;C�u Claro;Simples;"Reta;Declive";N�o;3;1;1;0;1;0;1;2;-27,38063574;-51,98653225;SPRF-RS;DEL08-RS;UOP04-DEL08-RS;;;
715326;31/08/2025;domingo;16:30:00;BA;116;687;JEQUIE;Condutor deixou de manter dist�ncia do ve�culo da frente;Colis�o traseira;Com V�timas Feridas;Pleno dia;Decrescente;Nublado;Simples;Reta;N�o;54;0;10;3;40;1;13;3;-13,88827;-40,13967;SPRF-BA;DEL03-BA;UOP01-DEL03-BA;;;
715329;31/08/2025;domingo;19:10:00;SC;282;402,4;JOACABA;Aus�ncia de rea��o do condutor;Colis�o lateral sentido oposto;Com V�timas Feridas;Plena Noite;Decrescente;C�u Claro;Simples;Curva;N�o;3;0;2;0;1;0;2;2;-27,118864;-51,632593;SPRF-SC;DEL07-SC;UOP05-DEL07-SC;;;
715332;31/08/2025;domingo;20:10:00;PB;104;110,7;LAGOA SECA;Ingest�o de �lcool pelo condutor;Colis�o frontal;Sem V�timas;Plena Noite;Crescente;Garoa/Chuvisco;Simples;Reta;N�o;2;0;0;0;2;0;0;2;-7,135916;-35,860959;SPRF-PB;DEL02-PB;UOP04-DEL02-PB;;;
715336;31/08/2025;domingo;18:50:00;GO;80;161,5;SANTA RITA DO NOVO DESTINO;Demais falhas mec�nicas ou el�tricas;Inc�ndio;Sem V�timas;Plena Noite;Decrescente;Nublado;Simples;Reta;N�o;2;0;0;0;1;3;0;4;-14,76610066;-49,05900836;SPRF-GO;DEL07-GO;UOP02-DEL07-GO;;;
715351;31/08/2025;domingo;21:17:00;GO;153;0;PORANGATU;Condutor deixou de manter dist�ncia do ve�culo da frente;Colis�o transversal;Com V�timas Feridas;Plena Noite;Decrescente;C�u Claro;Simples;"Reta;Declive";N�o;3;0;0;1;1;1;1;3;-12,84628081;-49,10476685;SPRF-GO;DEL07-GO;UOP01-DEL07-GO;;;
715352;31/08/2025;domingo;16:10:00;PE;316;269;BELEM DE SAO FRANCISCO;Rea��o tardia ou ineficiente do condutor;Colis�o com objeto;Com V�timas Feridas;Pleno dia;Crescente;C�u Claro;Simples;"Reta;Ponte";N�o;4;0;2;0;1;1;2;3;-8,704897;-38,87026;SPRF-PE;DEL04-PE;UOP03-DEL04-PE;;;
715354;31/08/2025;domingo;14:45:00;MG;116;539,3;SANTA RITA DE MINAS;Aus�ncia de rea��o do condutor;Tombamento;Com V�timas Feridas;Pleno dia;Decrescente;Garoa/Chuvisco;Simples;Curva;N�o;2;0;0;1;0;1;1;2;-19,88242982;-42,1370101;SPRF-MG;DEL06-MG;UOP02-DEL06-MG;;;
715374;01/09/2025;segunda-feira;00:30:00;RS;290;29,5;SANTO ANTONIO DA PATRULHA;Condutor Dormindo;Colis�o traseira;Com V�timas Feridas;Plena Noite;Crescente;Nublado;Dupla;Reta;N�o;2;0;1;0;1;0;1;2;-29,88346244;-50,54983377;SPRF-RS;DEL03-RS;UOP01-DEL03-RS;;;
715381;01/09/2025;segunda-feira;01:45:00;SP;116;169;JACAREI;Aus�ncia de rea��o do condutor;Colis�o traseira;Com V�timas Feridas;Plena Noite;Decrescente;C�u Claro;Dupla;Reta;N�o;6;0;1;0;4;1;1;4;-23,30756746;-46,04756355;SPRF-SP;DEL02-SP;UOP01-DEL02-SP;;;
715382;01/09/2025;segunda-feira;01:50:00;MG;356;265;MURIAE;Demais falhas mec�nicas ou el�tricas;Inc�ndio;Sem V�timas;Plena Noite;Crescente;Garoa/Chuvisco;Simples;Curva;Sim;1;0;0;0;1;0;0;1;-21,12485714;-42,38010406;SPRF-MG;DEL07-MG;UOP02-DEL07-MG;;;
715389;01/09/2025;segunda-feira;03:20:00;RS;468;3,9;PALMEIRA DAS MISSOES;Aus�ncia de rea��o do condutor;Tombamento;Com V�timas Feridas;Plena Noite;Crescente;C�u Claro;Simples;"Declive;Rotat�ria";N�o;2;0;1;0;0;1;1;2;-27,86668007;-53,33257198;SPRF-RS;DEL08-RS;UOP01-DEL08-RS;;;
715392;01/09/2025;segunda-feira;05:15:00;SP;153;44,7;ONDA VERDE;Rea��o tardia ou ineficiente do condutor;Colis�o frontal;Com V�timas Feridas;Plena Noite;Crescente;C�u Claro;Simples;Reta;N�o;3;0;2;0;1;0;2;2;-20,662604;-49,34098;SPRF-SP;DEL09-SP;UOP01-DEL09-SP;;;
715395;01/09/2025;segunda-feira;04:10:00;PA;316;223;VISEU;Transitar na contram�o;Colis�o frontal;Com V�timas Feridas;Plena Noite;Crescente;C�u Claro;Simples;Reta;N�o;2;0;1;1;0;0;2;2;-1,675163;-46,729295;SPRF-PA;DEL01-PA;UOP03-DEL01-PA;;;
715397;31/08/2025;domingo;22:30:00;PR;116;28;CAMPINA GRANDE DO SUL;Chuva;Tombamento;Com V�timas Feridas;Plena Noite;Decrescente;Chuva;Dupla;Reta;N�o;1;0;1;0;0;0;1;1;-25,13782549;-48,85620117;SPRF-PR;DEL01-PR;UOP02-DEL01-PR;;;
715412;30/08/2025;s�bado;14:45:00;RS;153;15;SEVERIANO DE ALMEIDA;Ingest�o de �lcool pelo condutor;Colis�o traseira;Sem V�timas;Pleno dia;Crescente;C�u Claro;Simples;Reta;N�o;2;0;0;0;2;0;0;2;-27,432189;-52,079581;SPRF-RS;DEL08-RS;UOP04-DEL08-RS;;;
715415;01/09/2025;segunda-feira;04:36:00;PR;153;112;IBAITI;Condutor Dormindo;Colis�o com objeto;Sem V�timas;Pleno dia;Decrescente;C�u Claro;Simples;"Interse��o de Vias;Reta";N�o;1;0;0;0;1;0;0;1;-23,872756;-50,202877;SPRF-PR;DEL07-PR;UOP04-DEL07-PR;;;
715416;24/08/2025;domingo;07:10:00;SC;163;108,4;GUARUJA DO SUL;Rea��o tardia ou ineficiente do condutor;Sa�da de leito carro��vel;Com V�timas Feridas;Pleno dia;Crescente;Chuva;Simples;Curva;N�o;2;0;0;1;0;2;1;3;-26,41075735;-53,52214549;SPRF-SC;DEL07-SC;UOP03-DEL07-SC;;;
715418;01/09/2025;segunda-feira;07:50:00;GO;60;94;ANAPOLIS;Avarias e/ou desgaste excessivo no pneu;Colis�o lateral mesmo sentido;Com V�timas Feridas;Pleno dia;Decrescente;C�u Claro;Dupla;Declive;Sim;4;0;1;1;1;1;2;3;-16,36510391;-48,93640492;SPRF-GO;DEL02-GO;UOP01-DEL02-GO;;;
715422;01/09/2025;segunda-feira;07:45:00;PR;376;184;SARANDI;Condutor deixou de manter dist�ncia do ve�culo da frente;Colis�o traseira;Com V�timas Feridas;Pleno dia;Crescente;C�u Claro;Dupla;Declive;N�o;2;0;1;0;1;0;1;2;-23,441998;-51,870017;SPRF-PR;DEL09-PR;UOP01-DEL09-PR;;;
715424;01/09/2025;segunda-feira;07:17:00;PE;101;87,1;JABOATAO DOS GUARARAPES;Condutor deixou de manter dist�ncia do ve�culo da frente;Colis�o traseira;Com V�timas Fatais;Pleno dia;Decrescente;Sol;Dupla;Reta;N�o;3;1;0;0;2;0;0;3;-8,191082;-34,97448;SPRF-PE;DEL01-PE;UOP01-DEL01-PE;;;
715427;31/08/2025;domingo;22:00:00;SC;282;572,3;NOVA ERECHIM;Ingest�o de �lcool pelo condutor;Colis�o lateral sentido oposto;Sem V�timas;Plena Noite;Crescente;Nublado;Simples;Reta;N�o;3;0;0;0;1;3;0;4;-26,8834838;-52,93878829;SPRF-SC;DEL07-SC;UOP02-DEL07-SC;;;
715436;01/09/2025;segunda-feira;07:55:00;SC;282;625,8;IRACEMINHA;Rea��o tardia ou ineficiente do condutor;Colis�o traseira;Com V�timas Feridas;Pleno dia;Decrescente;Sol;Simples;Reta;N�o;4;0;1;1;1;1;2;3;-26,8031395;-53,3600298;SPRF-SC;DEL07-SC;UOP02-DEL07-SC;;;
715439;16/06/2025;segunda-feira;12:18:00;MG;381;735;CARMO DA CACHOEIRA;Manobra de mudan�a de faixa;Colis�o lateral mesmo sentido;Com V�timas Feridas;Pleno dia;Decrescente;C�u Claro;Dupla;Reta;N�o;4;0;1;0;2;1;1;3;-21,53875;-45,23589;SPRF-MG;DEL16-MG;UOP02-DEL16-MG;;;
715442;12/08/2025;ter�a-feira;20:18:00;SC;470;137;RIO DO SUL;Acessar a via sem observar a presen�a dos outros ve�culos;Colis�o transversal;Com V�timas Feridas;Plena Noite;Crescente;C�u Claro;Simples;Reta;Sim;3;0;1;0;2;0;1;3;-27,1721533;-49,581075;SPRF-SC;DEL04-SC;UOP02-DEL04-SC;;;
715443;01/09/2025;segunda-feira;08:15:00;SE;101;58;ROSARIO DO CATETE;Ingest�o de �lcool pelo condutor;Colis�o traseira;Sem V�timas;Pleno dia;Decrescente;C�u Claro;Simples;"Aclive;Reta";N�o;3;0;0;0;2;1;0;3;-10,6522515;-37,02412812;SPRF-SE;DEL02-SE;UOP02-DEL02-SE;;;
715445;01/09/2025;segunda-feira;10:00:00;ES;262;110,2;VENDA NOVA DO IMIGRANTE;Acessar a via sem observar a presen�a dos outros ve�culos;Colis�o transversal;Com V�timas Feridas;Pleno dia;Decrescente;Chuva;Simples;"Reta;Retorno Regulamentado";Sim;2;0;0;1;1;0;1;2;-20,336944;-41,1826369;SPRF-ES;DEL01-ES;UOP02-DEL01-ES;;;
715446;01/09/2025;segunda-feira;08:50:00;RJ;393;296;BARRA MANSA;Demais falhas mec�nicas ou el�tricas;Inc�ndio;Sem V�timas;Pleno dia;Crescente;C�u Claro;Simples;Reta;N�o;1;0;0;0;1;0;0;1;-22,55904901;-44,11744863;SPRF-RJ;DEL07-RJ;UOP02-DEL07-RJ;;;
715452;01/09/2025;segunda-feira;10:36:00;DF;70;8;BRASILIA;Aus�ncia de rea��o do condutor;Colis�o lateral mesmo sentido;Sem V�timas;Pleno dia;Crescente;C�u Claro;Dupla;Reta;N�o;2;0;0;0;2;0;0;2;-15,78476196;-48,12268049;SPRF-DF;DEL03-DF;UOP02-DEL03-DF;;;
715453;01/09/2025;segunda-feira;09:45:00;CE;116;74;CASCAVEL;Aus�ncia de rea��o do condutor;Tombamento;Com V�timas Feridas;Pleno dia;Crescente;C�u Claro;Simples;Reta;N�o;2;0;1;0;0;1;1;2;-4,3753159;-38,4440905;SPRF-CE;DEL01-CE;UOP04-DEL01-CE;;;
715455;01/09/2025;segunda-feira;08:30:00;PA;316;26;BENEVIDES;Manobra de mudan�a de faixa;Colis�o lateral mesmo sentido;Sem V�timas;Pleno dia;Crescente;C�u Claro;Dupla;Reta;N�o;3;0;0;0;3;0;0;2;-1,31309457;-48,22225571;SPRF-PA;DEL01-PA;UOP01-DEL01-PA;;;
715462;18/02/2025;ter�a-feira;13:00:00;SC;470;85,6;RODEIO;Transitar na contram�o;Colis�o frontal;Com V�timas Fatais;Pleno dia;Crescente;C�u Claro;Simples;Reta;N�o;3;1;0;0;1;1;0;3;-26,9516096;-49,3544902;SPRF-SC;DEL04-SC;UOP01-DEL04-SC;;;
715464;01/09/2025;segunda-feira;09:30:00;MA;10;349;ACAILANDIA;Acessar a via sem observar a presen�a dos outros ve�culos;Colis�o lateral sentido oposto;Com V�timas Feridas;Pleno dia;Decrescente;Sol;Simples;Reta;N�o;2;0;1;0;1;0;1;2;-4,69966;-47,49512;SPRF-MA;DEL04-MA;UOP03-DEL04-MA;;;
715466;01/09/2025;segunda-feira;08:44:00;SP;116;515;CAJATI;Chuva;Colis�o com objeto;Com V�timas Feridas;Pleno dia;Decrescente;Chuva;Dupla;Reta;N�o;2;0;1;0;0;1;1;2;-24,84838267;-48,21294023;SPRF-SP;DEL05-SP;UOP02-DEL05-SP;;;
715469;01/09/2025;segunda-feira;12:20:00;SE;101;154,9;ESTANCIA;Pista Escorregadia;Colis�o frontal;Com V�timas Fatais;Pleno dia;Decrescente;Chuva;Simples;"Curva;Aclive";N�o;3;1;0;0;1;1;0;3;-11,287267;-37,466779;SPRF-SE;DEL02-SE;UOP01-DEL02-SE;;;
715470;01/09/2025;segunda-feira;10:00:00;PA;155;276,1;ELDORADO DO CARAJAS;Frear bruscamente;Colis�o lateral mesmo sentido;Com V�timas Feridas;Pleno dia;Crescente;C�u Claro;Simples;"Reta;Ponte";N�o;5;0;1;0;3;3;1;6;-5,929413;-49,216068;SPRF-PA;DEL03-PA;UOP01-DEL03-PA;;;
715473;15/07/2025;ter�a-feira;15:15:00;RJ;393;253;BARRA DO PIRAI;Ultrapassagem Indevida;Sa�da de leito carro��vel;Com V�timas Feridas;Pleno dia;Decrescente;C�u Claro;Simples;Declive;N�o;2;0;1;0;0;1;1;2;-22,45143873;-43,81341353;SPRF-RJ;DEL05-RJ;UOP04-DEL05-RJ;;;
715477;01/09/2025;segunda-feira;13:35:00;PR;277;11,3;PARANAGUA;Manobra de mudan�a de faixa;Colis�o lateral mesmo sentido;Com V�timas Feridas;Pleno dia;Crescente;Chuva;Dupla;Reta;Sim;3;0;0;1;1;1;1;3;-25,56532782;-48,62770764;SPRF-PR;DEL01-PR;UOP05-DEL01-PR;;;
715478;01/09/2025;segunda-feira;13:50:00;SC;470;147;RIO DO SUL;Manobra de mudan�a de faixa;Colis�o lateral sentido oposto;Com V�timas Feridas;Pleno dia;Crescente;Garoa/Chuvisco;Simples;Reta;Sim;5;0;0;1;3;2;1;6;-27,2425486;-49,6878728;SPRF-SC;DEL04-SC;UOP02-DEL04-SC;;;
715486;28/05/2025;quarta-feira;14:15:00;TO;153;374,2;FORTALEZA DO TABOCAO;Manobra de mudan�a de faixa;Tombamento;Com V�timas Feridas;Pleno dia;Crescente;Sol;Simples;"Reta;Declive";N�o;2;0;0;1;0;1;1;2;-9,16144014;-48,53564322;SPRF-TO;DEL02-TO;UOP02-DEL02-TO;;;
715490;01/09/2025;segunda-feira;13:30:00;MG;40;712,8;BARBACENA;Carga excessiva e/ou mal acondicionada;Tombamento;Com V�timas Feridas;Pleno dia;Crescente;C�u Claro;Dupla;Curva;N�o;2;0;1;0;0;1;1;2;-21,251328;-43,664539;SPRF-MG;DEL05-MG;UOP02-DEL05-MG;;;
715496;01/09/2025;segunda-feira;15:10:00;ES;101;1;SERRA;Rea��o tardia ou ineficiente do condutor;Tombamento;Com V�timas Feridas;Pleno dia;Crescente;Chuva;Dupla;Curva;N�o;2;0;1;0;0;1;1;2;-20,07018122;-40,36432743;SPRF-ES;DEL02-ES;UOP01-DEL02-ES;;;
715498;18/08/2025;segunda-feira;14:42:00;MG;365;414,5;PATOS DE MINAS;Estacionar ou parar em local proibido;Colis�o traseira;Com V�timas Feridas;Pleno dia;Crescente;C�u Claro;Simples;Reta;N�o;3;0;1;0;1;1;1;3;-18,672853;-46,542036;SPRF-MG;DEL10-MG;UOP01-DEL10-MG;;;
715500;01/09/2025;segunda-feira;10:15:00;RJ;101;400;ITAGUAI;Velocidade Incompat�vel;Queda de ocupante de ve�culo;Com V�timas Fatais;Pleno dia;Crescente;Nublado;Dupla;Curva;Sim;2;1;0;0;1;0;0;2;-22,85069921;-43,76663446;SPRF-RJ;DEL03-RJ;UOP01-DEL03-RJ;;;
715504;01/09/2025;segunda-feira;15:45:00;PE;101;128;ESCADA;Aus�ncia de rea��o do condutor;Colis�o traseira;Com V�timas Feridas;Pleno dia;Decrescente;C�u Claro;Dupla;Reta;Sim;2;0;1;0;1;0;1;2;-8,381122;-35,24594;SPRF-PE;DEL01-PE;UOP03-DEL01-PE;;;
715505;26/07/2025;s�bado;20:44:00;PA;163;364,5;NOVO PROGRESSO;Aus�ncia de rea��o do condutor;Colis�o frontal;Com V�timas Feridas;Plena Noite;Crescente;Ignorado;Simples;Reta;N�o;3;0;0;1;1;2;1;4;-6,60495246;-55,50704956;SPRF-PA;DEL05-PA;UOP03-DEL05-PA;;;
715506;01/09/2025;segunda-feira;14:30:00;PR;153;404;PAULO FRONTIN;Frear bruscamente;Colis�o traseira;Com V�timas Feridas;Pleno dia;Decrescente;C�u Claro;Simples;"Reta;Declive;Em Obras";N�o;3;0;1;1;1;0;2;2;-26,006861;-50,839931;SPRF-PR;DEL08-PR;UOP02-DEL08-PR;;;
715510;01/09/2025;segunda-feira;16:00:00;CE;222;123;ITAPAJE;Frear bruscamente;Eventos at�picos;Com V�timas Feridas;Pleno dia;Crescente;C�u Claro;Dupla;Retorno Regulamentado;Sim;4;0;3;0;1;0;3;2;-3,690428;-39,586264;SPRF-CE;DEL04-CE;UOP03-DEL04-CE;;;
715514;01/09/2025;segunda-feira;15:00:00;AL;104;48;BRANQUINHA;Velocidade Incompat�vel;Tombamento;Sem V�timas;Pleno dia;Decrescente;C�u Claro;Simples;Curva;N�o;1;0;0;0;0;1;0;1;-9,249411;-35,993958;SPRF-AL;DEL01-AL;UOP02-DEL01-AL;;;
715515;25/08/2025;segunda-feira;11:00:00;MS;267;203;NOVA ALVORADA DO SUL;Problema com o freio;Inc�ndio;Sem V�timas;Pleno dia;Decrescente;C�u Claro;Simples;Reta;N�o;2;0;0;0;1;2;0;3;-21,588527;-53,968127;SPRF-MS;DEL02-MS;UOP03-DEL02-MS;;;
715518;18/07/2025;sexta-feira;17:40:00;TO;153;148;ARAGUAINA;Aus�ncia de rea��o do condutor;Queda de ocupante de ve�culo;Com V�timas Feridas;Pleno dia;Crescente;C�u Claro;Dupla;Reta;Sim;3;0;1;1;0;1;2;3;-7,22267667;-48,24884167;SPRF-TO;DEL02-TO;UOP01-DEL02-TO;;;
715520;01/09/2025;segunda-feira;17:00:00;PR;277;596,1;CASCAVEL;Acessar a via sem observar a presen�a dos outros ve�culos;Atropelamento de Pedestre;Com V�timas Feridas;Pleno dia;Decrescente;Nublado;Simples;Reta;Sim;3;0;0;1;1;1;1;2;-24,99528536;-53,514761;SPRF-PR;DEL04-PR;UOP01-DEL04-PR;;;
715525;01/09/2025;segunda-feira;16:10:00;MS;163;613;SAO GABRIEL DO OESTE;Aus�ncia de rea��o do condutor;Colis�o com objeto;Com V�timas Feridas;Pleno dia;Crescente;C�u Claro;Simples;Reta;Sim;2;0;1;0;0;1;1;2;-19,409445;-54,559197;SPRF-MS;DEL06-MS;UOP02-DEL06-MS;;;
715528;28/08/2025;quinta-feira;13:40:00;MS;163;405;SIDROLANDIA;Manobra de mudan�a de faixa;Colis�o com objeto;Sem V�timas;Pleno dia;Crescente;C�u Claro;Simples;"Reta;Aclive";N�o;5;0;0;0;3;5;0;8;-21,12283;-54,481898;SPRF-MS;DEL02-MS;UOP01-DEL02-MS;;;
715535;01/09/2025;segunda-feira;16:55:00;MG;50;14;ARAGUARI;Problema com o freio;Colis�o traseira;Com V�timas Feridas;Pleno dia;Decrescente;C�u Claro;Dupla;Reta;N�o;3;0;1;0;1;2;1;4;-18,539235;-48,04681;SPRF-MG;DEL15-MG;UOP02-DEL15-MG;;;
715543;01/09/2025;segunda-feira;15:55:00;SC;470;158,1;TROMBUDO CENTRAL;Acessar a via sem observar a presen�a dos outros ve�culos;Colis�o transversal;Com V�timas Feridas;Pleno dia;Crescente;C�u Claro;Simples;"Retorno Regulamentado;Interse��o de Vias";N�o;2;0;1;0;1;0;1;2;-27,28592276;-49,78294579;SPRF-SC;DEL04-SC;UOP02-DEL04-SC;;;
715544;01/09/2025;segunda-feira;16:50:00;MG;251;355;PADRE CARVALHO;Ultrapassagem Indevida;Colis�o traseira;Com V�timas Feridas;Pleno dia;Crescente;C�u Claro;Simples;"Declive;Curva";N�o;5;0;2;0;2;2;2;5;-16,277667;-42,552405;SPRF-MG;DEL12-MG;UOP02-DEL12-MG;;;
715548;01/09/2025;segunda-feira;14:40:00;PR;153;376;MALLET;Condutor Dormindo;Sa�da de leito carro��vel;Com V�timas Feridas;Pleno dia;Decrescente;C�u Claro;Simples;Reta;N�o;2;0;1;0;0;1;1;2;-25,7933999;-50,85159302;SPRF-PR;DEL08-PR;UOP02-DEL08-PR;;;
715557;01/09/2025;segunda-feira;20:50:00;MG;40;485;SETE LAGOAS;Ingest�o de �lcool pelo condutor;Colis�o transversal;Sem V�timas;Plena Noite;Crescente;C�u Claro;Dupla;Reta;N�o;3;0;0;0;2;1;0;3;-19,47322235;-44,29228876;SPRF-MG;DEL02-MG;UOP01-DEL02-MG;;;
715566;01/09/2025;segunda-feira;14:30:00;RJ;465;17;NOVA IGUACU;Aus�ncia de rea��o do condutor;Colis�o traseira;Com V�timas Feridas;Pleno dia;Crescente;C�u Claro;Simples;Reta;Sim;2;0;1;0;1;0;1;2;-22,8247807;-43,6189785;SPRF-RJ;DEL06-RJ;UOP02-DEL06-RJ;;;
715568;01/09/2025;segunda-feira;21:15:00;SC;282;99,1;ALFREDO WAGNER;Aus�ncia de rea��o do condutor;Colis�o lateral sentido oposto;Com V�timas Feridas;Plena Noite;Crescente;Chuva;Simples;Curva;N�o;4;0;0;1;2;3;1;6;-27,69508437;-49,31408414;SPRF-SC;DEL01-SC;UOP03-DEL01-SC;;;
715575;30/08/2025;s�bado;02:00:00;SC;280;226,5;TRES BARRAS;Condutor Dormindo;Sa�da de leito carro��vel;Com V�timas Feridas;Plena Noite;Crescente;Nublado;Simples;Reta;N�o;2;0;1;0;1;0;1;1;-26,18218584;-50,32869235;SPRF-SC;DEL06-SC;UOP04-DEL06-SC;;;
715576;01/09/2025;segunda-feira;23:20:00;PR;116;116;CURITIBA;Aus�ncia de rea��o do condutor;Colis�o traseira;Com V�timas Feridas;Plena Noite;Crescente;Garoa/Chuvisco;M�ltipla;Reta;Sim;4;0;2;0;1;1;2;3;-25,55630915;-49,30588263;SPRF-PR;DEL01-PR;UOP03-DEL01-PR;;;
715578;01/09/2025;segunda-feira;23:38:00;SP;116;230;SAO PAULO;Carga excessiva e/ou mal acondicionada;Derramamento de carga;Com V�timas Feridas;Plena Noite;Decrescente;C�u Claro;M�ltipla;Reta;Sim;4;0;1;0;1;2;1;4;-23,517375;-46,580424;SPRF-SP;DEL01-SP;UOP01-DEL01-SP;;;
715583;01/09/2025;segunda-feira;23:05:00;MG;365;639,9;UBERLANDIA;Demais falhas mec�nicas ou el�tricas;Inc�ndio;Sem V�timas;Plena Noite;Decrescente;C�u Claro;Dupla;Declive;N�o;2;0;0;0;1;1;0;2;-18,886;-48,4608;SPRF-MG;DEL15-MG;UOP01-DEL15-MG;;;
715587;02/09/2025;ter�a-feira;02:45:00;SC;101;8,3;GARUVA;Estacionar ou parar em local proibido;Colis�o lateral mesmo sentido;Sem V�timas;Plena Noite;Crescente;Chuva;Dupla;Reta;N�o;4;0;0;0;3;1;0;3;-26,04212204;-48,85968804;SPRF-SC;DEL03-SC;UOP01-DEL03-SC;;;
715588;02/09/2025;ter�a-feira;02:50:00;PE;232;195,7;SAO CAITANO;Rea��o tardia ou ineficiente do condutor;Sa�da de leito carro��vel;Com V�timas Fatais;Plena Noite;Crescente;Chuva;Simples;Reta;Sim;1;1;0;0;0;0;0;1;-8,3295582;-36,1226744;SPRF-PE;DEL03-PE;UOP02-DEL03-PE;;;
715589;02/09/2025;ter�a-feira;01:20:00;RO;364;516;ARIQUEMES;Transitar na contram�o;Colis�o frontal;Com V�timas Feridas;Plena Noite;Crescente;C�u Claro;Simples;Reta;Sim;3;0;0;1;1;1;1;3;-9,91490237;-63,05550456;SPRF-RO;DEL03-RO;UOP01-DEL03-RO;;;
715591;02/09/2025;ter�a-feira;05:50:00;MG;381;847,9;POUSO ALEGRE;Aus�ncia de rea��o do condutor;Colis�o com objeto;Com V�timas Feridas;Amanhecer;Crescente;C�u Claro;Dupla;Reta;N�o;6;0;3;0;2;1;3;3;-22,3973187;-45,9598519;SPRF-MG;DEL16-MG;UOP01-DEL16-MG;;;
715600;02/09/2025;ter�a-feira;05:00:00;MT;163;115;RONDONOPOLIS;Rea��o tardia ou ineficiente do condutor;Colis�o traseira;Com V�timas Feridas;Amanhecer;Crescente;C�u Claro;Dupla;"Reta;Aclive";N�o;7;0;5;0;1;3;5;5;-16,52994889;-54,66226101;SPRF-MT;DEL02-MT;UOP01-DEL02-MT;;;
715601;02/09/2025;ter�a-feira;07:00:00;PI;343;15,8;PARNAIBA;Aus�ncia de rea��o do condutor;Colis�o traseira;Com V�timas Feridas;Pleno dia;Decrescente;Sol;Simples;Reta;Sim;2;0;0;1;1;0;1;2;-2,94291233;-41,75607204;SPRF-PI;DEL05-PI;UOP01-DEL05-PI;;;
715604;02/09/2025;ter�a-feira;07:34:00;SP;116;219;GUARULHOS;Aus�ncia de rea��o do condutor;Queda de ocupante de ve�culo;Com V�timas Feridas;Pleno dia;Crescente;C�u Claro;M�ltipla;"Reta;Em Obras";Sim;2;0;1;0;1;0;1;2;-23,45938493;-46,4845705;SPRF-SP;DEL01-SP;UOP01-DEL01-SP;;;
715624;02/09/2025;ter�a-feira;05:30:00;PE;407;68;PETROLINA;Acessar a via sem observar a presen�a dos outros ve�culos;Colis�o transversal;Com V�timas Feridas;Amanhecer;Crescente;C�u Claro;Simples;Reta;N�o;4;0;3;0;1;0;3;2;-8,922352;-40,740375;SPRF-PE;DEL06-PE;UOP02-DEL06-PE;;;
715626;22/03/2025;s�bado;18:10:00;BA;101;546;SAO JOSE DA VITORIA;Velocidade Incompat�vel;Colis�o frontal;Com V�timas Feridas;Plena Noite;Decrescente;C�u Claro;Simples;Reta;N�o;3;0;0;1;1;1;1;3;-15,110823;-39,370618;SPRF-BA;DEL05-BA;UOP02-DEL05-BA;;;
715630;02/09/2025;ter�a-feira;06:43:00;AC;364;736;CRUZEIRO DO SUL;Rea��o tardia ou ineficiente do condutor;Colis�o traseira;Com V�timas Feridas;Pleno dia;Crescente;C�u Claro;Simples;Reta;N�o;2;0;0;1;1;0;1;2;-7,7381294;-72,5125924;SPRF-AC;DEL01-AC;UOP03-DEL01-AC;;;
715632;20/08/2025;quarta-feira;04:30:00;MG;381;643,2;SANTO ANTONIO DO AMPARO;Rea��o tardia ou ineficiente do condutor;Colis�o traseira;Com V�timas Feridas;Amanhecer;Decrescente;C�u Claro;Dupla;Reta;N�o;4;0;2;0;1;1;2;3;-20,921703;-44,871311;SPRF-MG;DEL04-MG;UOP01-DEL04-MG;;;
715635;02/09/2025;ter�a-feira;10:05:00;RS;153;51,2;ERECHIM;Velocidade Incompat�vel;Colis�o lateral sentido oposto;Com V�timas Feridas;Pleno dia;Crescente;Garoa/Chuvisco;Simples;Curva;Sim;3;0;2;0;0;1;2;3;-27,6591022;-52,282843;SPRF-RS;DEL08-RS;UOP04-DEL08-RS;;;