id;data_inversa;dia_semana;horario;uf;br;km;municipio;causa_acidente;tipo_acidente;classificacao_acidente;fase_dia;sentido_via;condicao_metereologica;tipo_pista;tracado_via;uso_solo;pessoas;mortos;feridos_leves;feridos_graves;ilesos;ignorados;feridos;veiculos;latitude;longitude;regional;delegacia;uop;;;
715639;01/09/2025;segunda-feira;23:40:00;MS;376;153,3;NOVA ANDRADINA;Demais falhas mec�nicas ou el�tricas;Inc�ndio;Sem V�timas;Plena Noite;Decrescente;C�u Claro;Simples;Reta;N�o;2;0;0;0;1;1;0;2;-22,356768;-53,509175;SPRF-MS;DEL04-MS;UOP04-DEL04-MS;;;
715640;02/09/2025;ter�a-feira;05:40:00;MG;153;108;PRATA;Acessar a via sem observar a presen�a dos outros ve�culos;Colis�o transversal;Com V�timas Feridas;Amanhecer;Decrescente;C�u Claro;Simples;"Reta;Declive";Sim;3;0;1;0;1;1;1;3;-19,301705;-48,907489;SPRF-MG;DEL15-MG;UOP03-DEL15-MG;;;
715642;01/09/2025;segunda-feira;09:25:00;MA;222;299,7;VITORIA DO MEARIM;Ultrapassagem Indevida;Tombamento;Com V�timas Feridas;Pleno dia;Crescente;C�u Claro;Simples;Reta;N�o;5;0;4;0;0;1;4;2;-3,500501;-44,88191;SPRF-MA;DEL02-MA;UOP01-DEL02-MA;;;
715648;02/09/2025;ter�a-feira;12:15:00;RJ;101;324;NITEROI;Acessar a via sem observar a presen�a dos outros ve�culos;Colis�o lateral mesmo sentido;Com V�timas Feridas;Pleno dia;Crescente;C�u Claro;M�ltipla;Reta;Sim;3;0;1;0;1;1;1;3;-22,87301196;-43,13610077;SPRF-RJ;DEL02-RJ;UOP01-DEL02-RJ;;;
715649;02/09/2025;ter�a-feira;09:30:00;SC;282;334;CAMPOS NOVOS;Rea��o tardia ou ineficiente do condutor;Colis�o traseira;Com V�timas Feridas;Pleno dia;Crescente;Nublado;Simples;Reta;N�o;5;0;1;0;3;2;1;5;-27,392261;-51,133138;SPRF-SC;DEL07-SC;UOP06-DEL07-SC;;;
715650;02/09/2025;ter�a-feira;11:50:00;MG;40;694,5;ALFREDO VASCONCELOS;Suic�dio (presumido);Atropelamento de Pedestre;Com V�timas Feridas;Pleno dia;Decrescente;C�u Claro;Simples;Declive;N�o;3;0;0;1;1;1;1;3;-21,16036;-43,7609019;SPRF-MG;DEL05-MG;UOP02-DEL05-MG;;;
715652;02/09/2025;ter�a-feira;12:20:00;PE;232;22;MORENO;Rea��o tardia ou ineficiente do condutor;Colis�o traseira;Com V�timas Fatais;Pleno dia;Crescente;C�u Claro;Dupla;"Aclive;Curva";N�o;3;1;0;0;1;1;0;3;-8,0973427;-35,08987069;SPRF-PE;DEL02-PE;UOP02-DEL02PE;;;
715656;02/09/2025;ter�a-feira;10:00:00;MG;365;422;PATOS DE MINAS;Demais falhas mec�nicas ou el�tricas;Sa�da de leito carro��vel;Com V�timas Feridas;Pleno dia;Crescente;C�u Claro;Simples;"Declive;Curva";N�o;2;0;1;0;0;1;1;2;-18,74329559;-46,63015652;SPRF-MG;DEL10-MG;UOP01-DEL10-MG;;;
715664;02/09/2025;ter�a-feira;13:30:00;DF;40;5;BRASILIA;Rea��o tardia ou ineficiente do condutor;Tombamento;Sem V�timas;Pleno dia;Crescente;C�u Claro;Dupla;Reta;Sim;2;0;0;0;2;0;0;2;-16,018697;-47,981092;SPRF-DF;DEL01-DF;UOP01-DEL01-DF;;;
715665;01/08/2025;sexta-feira;08:45:00;ES;101;425;ATILIO VIVACQUA;Rea��o tardia ou ineficiente do condutor;Tombamento;Com V�timas Feridas;Pleno dia;Decrescente;Sol;Simples;Reta;N�o;2;0;1;0;0;1;1;2;-20,99179929;-41,1224229;SPRF-ES;DEL03-ES;UOP02-DEL03-ES;;;
715666;30/07/2025;quarta-feira;11:12:00;MA;135;121;MIRANDA DO NORTE;Transitar na contram�o;Colis�o transversal;Com V�timas Feridas;Pleno dia;Crescente;C�u Claro;Simples;Reta;N�o;2;0;0;1;1;0;1;2;-3,5452576;-44,57490832;SPRF-MA;DEL01-MA;UOP02-DEL01-MA;;;
715667;02/09/2025;ter�a-feira;11:25:00;RO;364;711;PORTO VELHO;Acessar a via sem observar a presen�a dos outros ve�culos;Colis�o lateral mesmo sentido;Com V�timas Feridas;Pleno dia;Decrescente;C�u Claro;Dupla;"Reta;Interse��o de Vias";Sim;2;0;1;0;1;0;1;2;-8,7838678;-63,86225241;SPRF-RO;DEL01-RO;UOP01-DEL01-RO;;;
715675;02/09/2025;ter�a-feira;11:40:00;MG;381;297;ANTONIO DIAS;Velocidade Incompat�vel;Colis�o traseira;Com V�timas Feridas;Pleno dia;Crescente;C�u Claro;Simples;Curva;N�o;4;0;2;0;2;0;2;2;-19,63322039;-42,88870454;SPRF-MG;DEL03-MG;UOP02-DEL03-MG;;;
715678;29/08/2025;sexta-feira;18:50:00;AM;319;0;MANAUS;Carga excessiva e/ou mal acondicionada;Colis�o com objeto;Sem V�timas;Plena Noite;Decrescente;C�u Claro;Dupla;Aclive;Sim;3;0;0;0;1;3;0;4;-3,13145422;-59,94444162;SPRF-AM;DEL01-AM;UOP03-DEL01-AM;;;
715679;02/09/2025;ter�a-feira;14:35:00;GO;153;303;RIALMA;Ingest�o de �lcool pelo condutor;Colis�o traseira;Sem V�timas;Pleno dia;Crescente;C�u Claro;Simples;"Declive;Reta";N�o;3;0;0;0;2;1;0;3;-15,33091067;-49,57066238;SPRF-GO;DEL02-GO;UOP02-DEL02-GO;;;
715680;02/09/2025;ter�a-feira;13:50:00;PR;476;145,4;CURITIBA;Manobra de mudan�a de faixa;Colis�o lateral mesmo sentido;Com V�timas Feridas;Pleno dia;Crescente;C�u Claro;Dupla;Reta;Sim;2;0;1;0;0;1;1;2;-25,548959;-49,324646;SPRF-PR;DEL01-PR;UOP06-DEL01-PR;;;
715681;02/09/2025;ter�a-feira;07:00:00;PA;316;34;SANTA IZABEL DO PARA;Condutor deixou de manter dist�ncia do ve�culo da frente;Colis�o traseira;Com V�timas Feridas;Pleno dia;Crescente;C�u Claro;Dupla;Curva;Sim;3;0;1;0;2;0;1;2;-1,291605;-48,167065;SPRF-PA;DEL01-PA;UOP01-DEL01-PA;;;
715684;02/09/2025;ter�a-feira;16:00:00;RS;116;320;BARRA DO RIBEIRO;Aus�ncia de rea��o do condutor;Colis�o lateral mesmo sentido;Com V�timas Feridas;Pleno dia;Decrescente;Nublado;Dupla;Reta;N�o;3;0;2;0;1;0;2;2;-30,2736831;-51,40928543;SPRF-RS;DEL02-RS;UOP01-DEL02-RS;;;
715688;02/09/2025;ter�a-feira;11:20:00;MG;40;794;JUIZ DE FORA;Velocidade Incompat�vel;Sa�da de leito carro��vel;Com V�timas Feridas;Pleno dia;Decrescente;Chuva;Dupla;Curva;N�o;2;0;1;0;0;1;1;2;-21,79880836;-43,41258137;SPRF-MG;DEL05-MG;UOP01-DEL05-MG;;;
715690;02/09/2025;ter�a-feira;15:10:00;PR;116;28,3;CAMPINA GRANDE DO SUL;Velocidade Incompat�vel;Tombamento;Com V�timas Feridas;Pleno dia;Decrescente;Nevoeiro/Neblina;Simples;"Declive;Curva";N�o;2;0;0;1;0;1;1;2;-25,11253982;-48,80347665;SPRF-PR;DEL01-PR;UOP02-DEL01-PR;;;
715692;19/03/2025;quarta-feira;05:40:00;ES;101;3,2;SERRA;Condutor Dormindo;Colis�o traseira;Sem V�timas;Amanhecer;Decrescente;C�u Claro;Simples;Reta;N�o;3;0;0;0;2;4;0;6;-20,11136907;-40,34649567;SPRF-ES;DEL02-ES;UOP01-DEL02-ES;;;
715693;02/09/2025;ter�a-feira;14:55:00;PR;277;268;IRATI;Acessar a via sem observar a presen�a dos outros ve�culos;Colis�o transversal;Com V�timas Feridas;Pleno dia;Decrescente;C�u Claro;Simples;Reta;N�o;3;0;2;0;1;0;2;2;-25,3908336;-50,8174074;SPRF-PR;DEL08-PR;UOP02-DEL08-PR;;;
715694;02/09/2025;ter�a-feira;16:00:00;SP;116;130;CACAPAVA;Condutor deixou de manter dist�ncia do ve�culo da frente;Engavetamento;Com V�timas Feridas;Pleno dia;Crescente;Sol;Dupla;Reta;N�o;8;0;4;1;1;4;5;8;-23,12281821;-45,72767647;SPRF-SP;DEL02-SP;UOP02-DEL02-SP;;;
715696;02/09/2025;ter�a-feira;16:40:00;PR;376;138,7;NOVA ESPERANCA;Avarias e/ou desgaste excessivo no pneu;Queda de ocupante de ve�culo;Com V�timas Feridas;Pleno dia;Decrescente;C�u Claro;Dupla;Reta;N�o;5;0;2;0;2;1;2;4;-23,219759;-52,181203;SPRF-PR;DEL09-PR;UOP02-DEL09-PR;;;
715698;02/09/2025;ter�a-feira;15:45:00;GO;20;196;POSSE;Demais falhas mec�nicas ou el�tricas;Inc�ndio;Sem V�timas;Pleno dia;Decrescente;C�u Claro;Simples;Reta;N�o;2;0;0;0;1;3;0;4;-14,344292;-46,439343;SPRF-DF;DEL02-DF;UOP03-DEL02-DF;;;
715700;02/09/2025;ter�a-feira;14:35:00;RS;116;26;VACARIA;Transitar na contram�o;Colis�o frontal;Com V�timas Fatais;Pleno dia;Decrescente;C�u Claro;Simples;Reta;N�o;4;1;0;0;1;3;0;5;-28,41387;-50,860958;SPRF-RS;DEL05-RS;UOP03-DEL05-RS;;;
715701;02/09/2025;ter�a-feira;14:00:00;AL;101;65,4;MESSIAS;Velocidade Incompat�vel;Tombamento;Com V�timas Feridas;Pleno dia;Crescente;Nublado;Dupla;Curva;N�o;3;0;1;1;0;1;2;2;-9,30747109;-35,8224678;SPRF-AL;DEL01-AL;UOP02-DEL01-AL;;;
715702;02/09/2025;ter�a-feira;07:30:00;MT;364;55;ALTO GARCAS;Acostamento em desn�vel;Tombamento;Com V�timas Feridas;Pleno dia;Decrescente;C�u Claro;Simples;Aclive;N�o;2;0;1;0;0;1;1;2;-16,96985191;-53,51644924;SPRF-MT;DEL02-MT;UOP02-DEL02-MT;;;
715724;02/09/2025;ter�a-feira;19:40:00;ES;101;299;VIANA;Acumulo de �gua sobre o pavimento;Colis�o com objeto;Sem V�timas;Plena Noite;Crescente;Chuva;Dupla;Curva;Sim;1;0;0;0;1;0;0;1;-20,35783825;-40,42699551;SPRF-ES;DEL01-ES;UOP01-DEL01-ES;;;
715727;02/09/2025;ter�a-feira;14:20:00;TO;153;777;ALVORADA;Condutor Dormindo;Colis�o lateral sentido oposto;Com V�timas Feridas;Pleno dia;Decrescente;Sol;Simples;Reta;N�o;3;0;1;0;1;1;1;3;-12,615051;-49,072442;SPRF-TO;DEL01-TO;UOP02-DEL01-TO;;;
715729;02/09/2025;ter�a-feira;19:15:00;PR;277;325;GUARAPUAVA;Aus�ncia de rea��o do condutor;Colis�o traseira;Com V�timas Feridas;Plena Noite;Crescente;C�u Claro;Simples;"Aclive;Curva";N�o;5;0;1;0;3;1;1;3;-25,3738293;-51,3174073;SPRF-PR;DEL08-PR;UOP01-DEL08-PR;;;
715733;02/09/2025;ter�a-feira;16:00:00;PI;407;581;ACAUA;Transitar na contram�o;Colis�o frontal;Sem V�timas;Pleno dia;Crescente;C�u Claro;Simples;Reta;N�o;2;0;0;0;2;0;0;2;-8,209559;-41,078239;SPRF-PI;DEL04-PI;UOP01-DEL04-PI;;;
715739;02/09/2025;ter�a-feira;20:10:00;MG;381;824;CAREACU;Ingest�o de �lcool pelo condutor;Tombamento;Com V�timas Feridas;Plena Noite;Decrescente;C�u Claro;Dupla;Reta;N�o;1;0;1;0;0;0;1;1;-22,097235;-45,716551;SPRF-MG;DEL16-MG;UOP02-DEL16-MG;;;
715741;02/09/2025;ter�a-feira;19:00:00;SC;470;126,6;LONTRAS;Acessar a via sem observar a presen�a dos outros ve�culos;Colis�o traseira;Com V�timas Feridas;Plena Noite;Decrescente;Garoa/Chuvisco;Simples;"Reta;Retorno Regulamentado";Sim;3;0;1;0;1;1;1;3;-27,13584071;-49,5423317;SPRF-SC;DEL04-SC;UOP02-DEL04-SC;;;
715742;02/09/2025;ter�a-feira;17:00:00;BA;242;490;OLIVEIRA DOS BREJINHOS;Velocidade Incompat�vel;Sa�da de leito carro��vel;Com V�timas Fatais;Anoitecer;Crescente;C�u Claro;Simples;Curva;N�o;3;1;0;1;0;2;1;3;-12,412;-42,363;SPRF-BA;DEL06-BA;UOP01-DEL06-BA;;;
715743;02/09/2025;ter�a-feira;20:20:00;MG;262;578,5;CAMPOS ALTOS;Velocidade Incompat�vel;Tombamento;Com V�timas Feridas;Plena Noite;Crescente;C�u Claro;Simples;Curva;N�o;2;0;1;0;0;2;1;3;-19,65822854;-46,13052964;SPRF-MG;DEL08-MG;UOP02-DEL08-MG;;;
715745;02/09/2025;ter�a-feira;21:40:00;SP;116;561;BARRA DO TURVO;Rea��o tardia ou ineficiente do condutor;Atropelamento de Pedestre;Com V�timas Feridas;Plena Noite;Crescente;Chuva;Dupla;"Curva;Declive";N�o;2;0;1;0;0;1;1;2;-25,04267969;-48,55326104;SPRF-SP;DEL05-SP;UOP02-DEL05-SP;;;
715746;02/09/2025;ter�a-feira;20:00:00;MG;40;654,5;CRISTIANO OTONI;Objeto est�tico sobre o leito carro��vel;Colis�o com objeto;Com V�timas Feridas;Plena Noite;Decrescente;Nublado;Simples;"Declive;Curva";N�o;5;0;0;3;1;1;3;3;-20,87161003;-43,79898255;SPRF-MG;DEL05-MG;UOP02-DEL05-MG;;;
715747;02/09/2025;ter�a-feira;21:40:00;PR;376;182,3;SARANDI;Manobra de mudan�a de faixa;Colis�o lateral mesmo sentido;Com V�timas Feridas;Plena Noite;Crescente;C�u Claro;Dupla;Reta;Sim;3;0;1;0;2;0;1;2;-23,434372;-51,88328711;SPRF-PR;DEL09-PR;UOP01-DEL09-PR;;;
715748;02/09/2025;ter�a-feira;14:25:00;MT;70;713;CACERES;Velocidade Incompat�vel;Colis�o lateral sentido oposto;Sem V�timas;Pleno dia;Decrescente;Sol;Simples;Curva;N�o;4;0;0;0;3;4;0;7;-16,194989;-57,588184;SPRF-MT;DEL03-MT;UOP01-DEL03-MT;;;
715750;02/09/2025;ter�a-feira;17:55:00;AL;316;270,3;MACEIO;Convers�o proibida;Colis�o transversal;Sem V�timas;Plena Noite;Crescente;Nublado;Simples;Reta;Sim;2;0;0;0;2;0;0;2;-9,56822788;-35,80924384;SPRF-AL;DEL02-AL;UOP01-DEL02-AL;;;
715761;03/09/2025;quarta-feira;00:10:00;BA;116;697;JEQUIE;Ultrapassagem Indevida;Colis�o frontal;Com V�timas Fatais;Plena Noite;Crescente;Chuva;Simples;Curva;N�o;11;1;1;5;3;5;6;10;-14,03858358;-40,20420761;SPRF-BA;DEL03-BA;UOP01-DEL03-BA;;;
715766;03/09/2025;quarta-feira;01:50:00;PR;116;130;FAZENDA RIO GRANDE;Entrada inopinada do pedestre;Atropelamento de Pedestre;Com V�timas Feridas;Plena Noite;Decrescente;C�u Claro;Dupla;Reta;Sim;2;0;0;1;0;1;1;2;-25,67126922;-49,31500761;SPRF-PR;DEL01-PR;UOP03-DEL01-PR;;;
715767;03/09/2025;quarta-feira;02:50:00;SC;116;199,9;PONTE ALTA;Condutor Dormindo;Sa�da de leito carro��vel;Com V�timas Feridas;Plena Noite;Decrescente;Nublado;Simples;"Reta;Aclive";N�o;2;0;2;0;0;0;2;1;-27,426837;-50,410126;SPRF-SC;DEL05-SC;UOP03-DEL05-SC;;;
715770;03/09/2025;quarta-feira;03:20:00;ES;101;330,5;GUARAPARI;Aus�ncia de rea��o do condutor;Tombamento;Sem V�timas;Plena Noite;Crescente;C�u Claro;Dupla;Curva;N�o;2;0;0;0;1;1;0;2;-20,59532329;-40,50277124;SPRF-ES;DEL03-ES;UOP01-DEL03-ES;;;
715772;03/09/2025;quarta-feira;03:30:00;BA;324;608;SIMOES FILHO;Manobra de mudan�a de faixa;Colis�o traseira;Com V�timas Feridas;Plena Noite;Crescente;C�u Claro;M�ltipla;Reta;Sim;6;0;5;0;0;1;5;2;-12,8215898;-38,4082465;SPRF-BA;DEL01-BA;UOP01-DEL01-BA;;;
715773;03/09/2025;quarta-feira;04:59:00;ES;101;19,8;PINHEIROS;Acessar a via sem observar a presen�a dos outros ve�culos;Colis�o transversal;Com V�timas Feridas;Amanhecer;Crescente;C�u Claro;Simples;Curva;N�o;5;0;3;0;1;2;3;4;-18,32371151;-39,95850103;SPRF-ES;DEL04-ES;UOP02-DEL04-ES;;;
715774;03/09/2025;quarta-feira;01:45:00;MG;381;654;SANTO ANTONIO DO AMPARO;Aus�ncia de rea��o do condutor;Tombamento;Com V�timas Feridas;Plena Noite;Decrescente;C�u Claro;Dupla;Curva;N�o;2;0;0;1;0;1;1;2;-20,974897;-44,938218;SPRF-MG;DEL04-MG;UOP02-DEL04-MG;;;
715775;02/09/2025;ter�a-feira;19:30:00;BA;135;54;FORMOSA DO RIO PRETO;Demais falhas mec�nicas ou el�tricas;Inc�ndio;Sem V�timas;Plena Noite;Crescente;C�u Claro;Simples;"Ponte;Reta";N�o;2;0;0;0;1;2;0;3;-11,21925;-45,04655;SPRF-BA;DEL10-BA;UOP01-DEL10-BA;;;
715780;03/09/2025;quarta-feira;03:30:00;BA;324;608;SIMOES FILHO;Ingest�o de �lcool pelo condutor;Engavetamento;Com V�timas Feridas;Plena Noite;Crescente;Nublado;Dupla;Reta;Sim;4;0;1;1;1;1;2;4;-12,82351818;-38,40957642;SPRF-BA;DEL01-BA;UOP01-DEL01-BA;;;
715784;03/09/2025;quarta-feira;02:20:00;MG;40;595;OURO PRETO;Aus�ncia de rea��o do condutor;Colis�o traseira;Com V�timas Feridas;Plena Noite;Decrescente;C�u Claro;Simples;"Reta;Aclive";N�o;3;0;1;0;1;2;1;4;-20,40568893;-43,89685303;SPRF-MG;DEL05-MG;UOP02-DEL05-MG;;;
715786;03/09/2025;quarta-feira;07:05:00;PB;230;48,5;SANTA RITA;Aus�ncia de rea��o do condutor;Colis�o traseira;Com V�timas Fatais;Pleno dia;Crescente;Chuva;M�ltipla;Retorno Regulamentado;N�o;3;1;0;0;1;2;0;4;-7,1799317;-35,04783;SPRF-PB;DEL01-PB;UOP02-DEL01-PB;;;
715787;03/09/2025;quarta-feira;07:00:00;PR;376;664;GUARATUBA;Rea��o tardia ou ineficiente do condutor;Colis�o traseira;Com V�timas Feridas;Pleno dia;Crescente;C�u Claro;Simples;"Reta;Declive";N�o;3;0;1;0;1;1;1;3;-25,85767;-48,951487;SPRF-PR;DEL01-PR;UOP04-DEL01-PR;;;
715791;03/09/2025;quarta-feira;07:00:00;MG;365;625;UBERLANDIA;Aus�ncia de rea��o do condutor;Colis�o lateral mesmo sentido;Sem V�timas;Pleno dia;Crescente;C�u Claro;Dupla;Curva;Sim;3;0;0;0;2;1;0;3;-18,90838754;-48,30252886;SPRF-MG;DEL15-MG;UOP01-DEL15-MG;;;
715793;03/09/2025;quarta-feira;07:45:00;PR;116;120;CURITIBA;Trafegar com motocicleta (ou similar) entre as faixas;Colis�o lateral mesmo sentido;Com V�timas Feridas;Pleno dia;Decrescente;C�u Claro;M�ltipla;"Reta;Declive";Sim;3;0;1;0;1;1;1;3;-25,5901528;-49,31507198;SPRF-PR;DEL01-PR;UOP03-DEL01-PR;;;
715800;03/09/2025;quarta-feira;07:41:00;RJ;40;113;DUQUE DE CAXIAS;Condutor deixou de manter dist�ncia do ve�culo da frente;Colis�o traseira;Com V�timas Feridas;Pleno dia;Crescente;Chuva;M�ltipla;Reta;N�o;4;0;1;0;3;0;1;2;-22,71163914;-43,29038143;SPRF-RJ;DEL01-RJ;UOP02-DEL01-RJ;;;
715804;03/09/2025;quarta-feira;07:00:00;SE;101;123;ITAPORANGA DAJUDA;Velocidade Incompat�vel;Tombamento;Com V�timas Feridas;Pleno dia;Crescente;Sol;Dupla;"Curva;Interse��o de Vias";N�o;1;0;1;0;0;0;1;1;-11,04253;-37,3651766;SPRF-SE;DEL02-SE;UOP01-DEL02-SE;;;
715807;03/09/2025;quarta-feira;07:20:00;PR;272;378,3;CAMPO MOURAO;Rea��o tardia ou ineficiente do condutor;Colis�o lateral mesmo sentido;Com V�timas Feridas;Pleno dia;Crescente;Sol;Simples;"Reta;Declive";N�o;3;0;1;0;2;0;1;2;-24,06166628;-52,50519482;SPRF-PR;DEL09-PR;UOP03-DEL09-PR;;;
715816;03/09/2025;quarta-feira;01:52:00;RJ;116;200;QUEIMADOS;Acesso irregular;Colis�o traseira;Sem V�timas;Plena Noite;Decrescente;C�u Claro;Dupla;Reta;N�o;2;0;0;0;1;1;0;2;-22,72869047;-43,63803864;SPRF-RJ;DEL06-RJ;UOP02-DEL06-RJ;;;
715835;03/09/2025;quarta-feira;09:00:00;SP;116;544;BARRA DO TURVO;Rea��o tardia ou ineficiente do condutor;Tombamento;Sem V�timas;Pleno dia;Decrescente;C�u Claro;Simples;"Declive;Curva";N�o;1;0;0;0;1;0;0;1;-24,96387249;-48,42449365;SPRF-SP;DEL05-SP;UOP02-DEL05-SP;;;
715836;03/09/2025;quarta-feira;09:40:00;SC;470;63;INDAIAL;Convers�o proibida;Colis�o frontal;Com V�timas Feridas;Pleno dia;Decrescente;Garoa/Chuvisco;Simples;Declive;N�o;3;0;1;0;1;1;1;3;-26,87199668;-49,19449059;SPRF-SC;DEL04-SC;UOP01-DEL04-SC;;;
715840;28/08/2025;quinta-feira;18:35:00;MT;158;551,3;AGUA BOA;Rea��o tardia ou ineficiente do condutor;Sa�da de leito carro��vel;Com V�timas Fatais;Plena Noite;Crescente;C�u Claro;Simples;Reta;N�o;2;1;0;0;0;1;0;2;-13,922703;-52,09488;SPRF-MT;DEL07-MT;UOP02-DEL07-MT;;;
715841;03/09/2025;quarta-feira;06:40:00;PI;316;73;MONSENHOR GIL;Mal s�bito do condutor;Sa�da de leito carro��vel;Com V�timas Feridas;Pleno dia;Decrescente;Sol;Simples;"Reta;Declive";N�o;3;0;2;0;1;0;2;1;-5,682997;-42,598802;SPRF-PI;DEL01-PI;UOP02-DEL01-PI;;;
715842;03/09/2025;quarta-feira;09:30:00;SP;116;110,5;TAUBATE;Trafegar com motocicleta (ou similar) entre as faixas;Colis�o traseira;Com V�timas Feridas;Pleno dia;Crescente;C�u Claro;Dupla;Reta;Sim;2;0;1;0;0;1;1;2;-23,04119336;-45,56854248;SPRF-SP;DEL02-SP;UOP02-DEL02-SP;;;
715845;03/09/2025;quarta-feira;09:44:00;TO;153;760;ALVORADA;Velocidade Incompat�vel;Tombamento;Com V�timas Feridas;Pleno dia;Decrescente;C�u Claro;Simples;Rotat�ria;Sim;2;0;1;0;0;1;1;2;-12,47112;-49,1185;SPRF-TO;DEL01-TO;UOP02-DEL01-TO;;;
715852;03/09/2025;quarta-feira;08:30:00;BA;101;852;TEIXEIRA DE FREITAS;Demais falhas mec�nicas ou el�tricas;Inc�ndio;Sem V�timas;Pleno dia;Crescente;Sol;Simples;Reta;N�o;1;0;0;0;1;0;0;1;-17,34473967;-39,63043213;SPRF-BA;DEL09-BA;UOP02-DEL09-BA;;;
715853;03/09/2025;quarta-feira;10:50:00;SP;381;21;BRAGANCA PAULISTA;Restri��o de visibilidade em curvas verticais;Engavetamento;Com V�timas Fatais;Pleno dia;Crescente;C�u Claro;M�ltipla;"Reta;Aclive";Sim;5;1;0;0;3;2;0;5;-22,99213033;-46,50954941;SPRF-SP;DEL03-SP;UOP02-DEL03-SP;;;
715854;03/09/2025;quarta-feira;11:00:00;SC;101;122;ITAJAI;Condutor deixou de manter dist�ncia do ve�culo da frente;Colis�o traseira;Com V�timas Feridas;Pleno dia;Decrescente;C�u Claro;M�ltipla;Reta;Sim;2;0;1;0;1;0;1;2;-26,92290455;-48,70763361;SPRF-SC;DEL04-SC;UOP04-DEL04-SC;;;
715855;03/09/2025;quarta-feira;12:00:00;AL;104;91,3;RIO LARGO;Condutor deixou de manter dist�ncia do ve�culo da frente;Colis�o traseira;Com V�timas Feridas;Pleno dia;Decrescente;C�u Claro;Dupla;Reta;Sim;3;0;1;0;2;0;1;3;-9,50785164;-35,80819694;SPRF-AL;DEL01-AL;UOP01-DEL01-AL;;;
715874;03/09/2025;quarta-feira;13:25:00;DF;80;23,2;BRASILIA;Ingest�o de �lcool pelo condutor;Colis�o lateral sentido oposto;Com V�timas Feridas;Pleno dia;Crescente;C�u Claro;Simples;Reta;N�o;5;0;1;0;3;2;1;5;-15,63985;-48,20101;SPRF-DF;DEL03-DF;UOP02-DEL03-DF;;;
715877;22/08/2025;sexta-feira;20:30:00;MS;463;7;DOURADOS;Demais falhas mec�nicas ou el�tricas;Eventos at�picos;Com V�timas Feridas;Plena Noite;Decrescente;C�u Claro;Simples;Rotat�ria;N�o;2;0;1;0;0;1;1;2;-22,25420246;-54,87419341;SPRF-MS;DEL04-MS;UOP01-DEL04-MS;;;
715878;03/09/2025;quarta-feira;10:50:00;PR;376;500;PONTA GROSSA;Aus�ncia de rea��o do condutor;Colis�o traseira;Com V�timas Feridas;Pleno dia;Decrescente;Sol;Dupla;"Viaduto;Reta;Aclive";N�o;3;0;1;0;1;1;1;3;-25,156767;-50,130297;SPRF-PR;DEL03-PR;UOP04-DEL03-PR;;;
715880;03/09/2025;quarta-feira;13:15:00;MT;70;6;BARRA DO GARCAS;Transitar no Acostamento;Colis�o transversal;Com V�timas Feridas;Pleno dia;Crescente;C�u Claro;Dupla;Declive;Sim;2;0;0;1;1;0;1;2;-15,87815963;-52,31058419;SPRF-MT;DEL07-MT;UOP01-DEL07-MT;;;
715888;03/09/2025;quarta-feira;13:10:00;SP;116;6,9;QUELUZ;Avarias e/ou desgaste excessivo no pneu;Inc�ndio;Sem V�timas;Pleno dia;Decrescente;C�u Claro;Dupla;Reta;N�o;2;0;0;0;1;1;0;2;-22,533955;-44,760402;SPRF-SP;DEL08-SP;UOP02-DEL08-SP;;;
715894;03/09/2025;quarta-feira;16:00:00;SP;116;146,3;SAO JOSE DOS CAMPOS;Aus�ncia de rea��o do condutor;Engavetamento;Com V�timas Feridas;Pleno dia;Decrescente;C�u Claro;Dupla;"Reta;Em Obras";Sim;4;0;1;0;3;0;1;3;-23,19325199;-45,86728382;SPRF-SP;DEL02-SP;UOP01-DEL02-SP;;;
715902;03/09/2025;quarta-feira;17:05:00;GO;40;85;CRISTALINA;Rea��o tardia ou ineficiente do condutor;Colis�o traseira;Com V�timas Feridas;Pleno dia;Crescente;C�u Claro;Dupla;Reta;N�o;3;0;1;0;1;1;1;3;-16,708762;-47,681767;SPRF-DF;DEL01-DF;UOP02-DEL01-DF;;;
715903;17/08/2025;domingo;19:35:00;MT;364;208,8;RONDONOPOLIS;Aus�ncia de rea��o do condutor;Sa�da de leito carro��vel;Sem V�timas;Plena Noite;Decrescente;C�u Claro;Dupla;Reta;N�o;2;0;0;0;1;1;0;2;-16,43154142;-54,6895716;SPRF-MT;DEL02-MT;UOP01-DEL02-MT;;;
715904;03/09/2025;quarta-feira;16:55:00;SC;101;209,1;SAO JOSE;Manobra de mudan�a de faixa;Colis�o lateral mesmo sentido;Com V�timas Feridas;Pleno dia;Crescente;Nublado;M�ltipla;Reta;Sim;3;0;2;0;0;1;2;2;-27,61071;-48,63935;SPRF-SC;DEL01-SC;UOP01-DEL01-SC;;;
715905;03/09/2025;quarta-feira;17:20:00;CE;116;28;AQUIRAZ;Acessar a via sem observar a presen�a dos outros ve�culos;Atropelamento de Pedestre;Com V�timas Feridas;Anoitecer;Crescente;C�u Claro;Dupla;Reta;N�o;2;0;1;0;1;0;1;2;-3,993331;-38,516309;SPRF-CE;DEL01-CE;UOP02-DEL01-CE;;;
715906;03/09/2025;quarta-feira;17:15:00;ES;101;60,6;SAO MATEUS;Demais falhas mec�nicas ou el�tricas;Atropelamento de Pedestre;Com V�timas Feridas;Anoitecer;Crescente;C�u Claro;Simples;Reta;N�o;2;0;1;0;1;0;1;2;-18,67733462;-39,86500594;SPRF-ES;DEL04-ES;UOP02-DEL04-ES;;;