id;data_inversa;dia_semana;horario;uf;br;km;municipio;causa_acidente;tipo_acidente;classificacao_acidente;fase_dia;sentido_via;condicao_metereologica;tipo_pista;tracado_via;uso_solo;pessoas;mortos;feridos_leves;feridos_graves;ilesos;ignorados;feridos;veiculos;latitude;longitude;regional;delegacia;uop;;;
715908;03/09/2025;quarta-feira;14:10:00;RJ;40;18;TRES RIOS;Manobra de mudan�a de faixa;Sa�da de leito carro��vel;Com V�timas Feridas;Pleno dia;Decrescente;C�u Claro;Dupla;"Aclive;Reta";N�o;3;0;1;0;1;1;1;2;-22,0988268;-43,17107141;SPRF-RJ;DEL05-RJ;UOP02-DEL05-RJ;;;
715913;03/09/2025;quarta-feira;17:00:00;PR;487;46;UMUARAMA;Acessar a via sem observar a presen�a dos outros ve�culos;Colis�o lateral mesmo sentido;Com V�timas Feridas;Pleno dia;Decrescente;C�u Claro;Simples;Reta;N�o;3;0;1;0;1;1;1;3;-23,51517747;-53,47416687;SPRF-PR;DEL06-PR;UOP03-DEL06-PR;;;
715915;03/09/2025;quarta-feira;17:40:00;GO;153;499;GOIANIA;Acessar a via sem observar a presen�a dos outros ve�culos;Colis�o transversal;Com V�timas Feridas;Pleno dia;Crescente;C�u Claro;Dupla;Reta;Sim;3;0;0;1;1;2;1;4;-16,69834808;-49,23136208;SPRF-GO;DEL01-GO;UOP01-DEL01-GO;;;
715916;28/08/2025;quinta-feira;11:53:00;TO;153;397,9;RIO DOS BOIS;Aus�ncia de rea��o do condutor;Colis�o traseira;Com V�timas Feridas;Pleno dia;Decrescente;C�u Claro;Simples;"Aclive;Reta";N�o;3;0;1;1;1;0;2;2;-9,390135;-48,562412;SPRF-TO;DEL02-TO;UOP02-DEL02-TO;;;
715920;03/09/2025;quarta-feira;16:50:00;RJ;116;227;PIRAI;Condutor Dormindo;Colis�o lateral mesmo sentido;Com V�timas Feridas;Pleno dia;Crescente;C�u Claro;Simples;"Reta;Em Obras;Aclive";N�o;2;0;1;0;1;0;1;2;-22,6669895;-43,8409515;SPRF-RJ;DEL07-RJ;UOP01-DEL07-RJ;;;
715925;19/08/2025;ter�a-feira;00:10:00;PE;232;137;CARUARU;Chuva;Colis�o traseira;Sem V�timas;Plena Noite;Crescente;Chuva;Dupla;"Reta;Declive";N�o;3;0;0;0;2;3;0;5;-8,318417;-36,059643;SPRF-PE;DEL02-PE;UOP03-DEL02-PE;;;
715928;03/09/2025;quarta-feira;16:00:00;CE;222;201;SOBRAL;Velocidade Incompat�vel;Tombamento;Com V�timas Feridas;Plena Noite;Crescente;C�u Claro;Simples;Curva;N�o;2;0;1;0;0;1;1;2;-3,71870615;-40,33247542;SPRF-CE;DEL04-CE;UOP01-DEL04-CE;;;
715931;03/09/2025;quarta-feira;18:20:00;MS;163;286,5;DOURADINA;Suic�dio (presumido);Atropelamento de Pedestre;Com V�timas Feridas;Anoitecer;Decrescente;C�u Claro;Dupla;Reta;N�o;3;0;0;1;1;1;1;3;-22,09581;-54,57677;SPRF-MS;DEL04-MS;UOP01-DEL04-MS;;;
715932;03/09/2025;quarta-feira;17:20:00;SC;282;529,1;CORDILHEIRA ALTA;Acessar a via sem observar a presen�a dos outros ve�culos;Colis�o transversal;Sem V�timas;Pleno dia;Crescente;C�u Claro;Simples;"Reta;Interse��o de Vias";N�o;2;0;0;0;2;0;0;2;-26,9831359;-52,5989466;SPRF-SC;DEL07-SC;UOP01-DEL07-SC;;;
715939;03/09/2025;quarta-feira;18:50:00;PE;101;39;IGARASSU;Aus�ncia de rea��o do condutor;Colis�o lateral mesmo sentido;Com V�timas Feridas;Plena Noite;Crescente;C�u Claro;Dupla;Reta;N�o;3;0;0;1;0;2;1;3;-7,81271;-34,91836;SPRF-PE;DEL01-PE;UOP02-DEL01-PE;;;
715940;03/09/2025;quarta-feira;18:20:00;PE;101;48;ABREU E LIMA;Rea��o tardia ou ineficiente do condutor;Colis�o lateral mesmo sentido;Com V�timas Feridas;Plena Noite;Crescente;Nublado;M�ltipla;Reta;Sim;3;0;1;0;1;1;1;3;-7,8959536;-34,9030424;SPRF-PE;DEL01-PE;UOP02-DEL01-PE;;;
715948;03/09/2025;quarta-feira;19:30:00;GO;153;401;PIRENOPOLIS;Acessar a via sem observar a presen�a dos outros ve�culos;Colis�o transversal;Com V�timas Feridas;Plena Noite;Decrescente;C�u Claro;Simples;Interse��o de Vias;N�o;3;0;1;0;1;1;1;2;-16,04977278;-49,07524109;SPRF-GO;DEL02-GO;UOP02-DEL02-GO;;;
715949;03/09/2025;quarta-feira;16:30:00;BA;101;116;ALAGOINHAS;Demais falhas mec�nicas ou el�tricas;Colis�o lateral sentido oposto;Com V�timas Feridas;Pleno dia;Crescente;Chuva;Simples;Reta;N�o;5;0;2;0;2;3;2;7;-12,1625;-38,4856;SPRF-BA;DEL01-BA;UOP04-DEL01-BA;;;
715952;03/09/2025;quarta-feira;19:00:00;MS;376;100;IVINHEMA;Demais falhas mec�nicas ou el�tricas;Inc�ndio;Sem V�timas;Plena Noite;Crescente;C�u Claro;Simples;Reta;N�o;2;0;0;0;1;2;0;3;-22,30016;-53,985043;SPRF-MS;DEL04-MS;UOP04-DEL04-MS;;;
715955;03/09/2025;quarta-feira;19:25:00;RJ;40;82;PETROPOLIS;Aus�ncia de rea��o do condutor;Tombamento;Com V�timas Feridas;Plena Noite;Crescente;C�u Claro;Simples;"Declive;Curva";N�o;2;0;1;0;0;1;1;2;-22,51763142;-43,22991371;SPRF-RJ;DEL01-RJ;UOP01-DEL01-RJ;;;
715959;03/09/2025;quarta-feira;21:10:00;SE;101;206;CRISTINAPOLIS;Afundamento ou ondula��o no pavimento;Tombamento;Sem V�timas;Plena Noite;Decrescente;Nublado;Simples;Aclive;N�o;2;0;0;0;1;1;0;2;-11,5186848;-37,79929256;SPRF-SE;DEL02-SE;UOP03-DEL02-SE;;;
715960;03/09/2025;quarta-feira;18:40:00;MA;316;579;CAXIAS;Manobra de mudan�a de faixa;Colis�o transversal;Com V�timas Feridas;Plena Noite;Crescente;C�u Claro;Dupla;Reta;Sim;2;0;1;0;1;0;1;2;-4,95216;-43,135683;SPRF-MA;DEL03-MA;UOP02-DEL03-MA;;;
715961;03/09/2025;quarta-feira;19:00:00;SC;282;456,7;PONTE SERRADA;Convers�o proibida;Colis�o transversal;Com V�timas Feridas;Plena Noite;Crescente;C�u Claro;Simples;Reta;N�o;3;0;1;1;1;0;2;2;-26,89034434;-51,98588848;SPRF-SC;DEL07-SC;UOP04-DEL07-SC;;;
715966;03/09/2025;quarta-feira;22:30:00;SP;116;147,8;SAO JOSE DOS CAMPOS;Rea��o tardia ou ineficiente do condutor;Colis�o traseira;Com V�timas Feridas;Plena Noite;Crescente;C�u Claro;M�ltipla;Reta;N�o;5;0;1;0;1;3;1;5;-23,19833945;-45,87635882;SPRF-SP;DEL02-SP;UOP01-DEL02-SP;;;
715968;03/09/2025;quarta-feira;21:30:00;PR;116;149;MANDIRITUBA;Suic�dio (presumido);Colis�o frontal;Sem V�timas;Plena Noite;Crescente;Nublado;Simples;Reta;Sim;3;0;0;0;2;2;0;4;-25,842002;-49,346997;SPRF-PR;DEL01-PR;UOP03-DEL01-PR;;;
715969;03/09/2025;quarta-feira;23:00:00;MG;459;44,9;SANTA RITA DE CALDAS;Velocidade Incompat�vel;Tombamento;Com V�timas Feridas;Plena Noite;Decrescente;C�u Claro;Simples;Curva;N�o;2;0;1;0;0;1;1;2;-22,003303;-46,309837;SPRF-MG;DEL09-MG;UOP01-DEL09-MG;;;
715971;03/09/2025;quarta-feira;23:10:00;PR;277;252,8;IRATI;Manobra de mudan�a de faixa;Colis�o lateral mesmo sentido;Com V�timas Feridas;Plena Noite;Crescente;C�u Claro;Simples;Reta;N�o;3;0;1;0;1;1;1;3;-25,44184074;-50,6887722;SPRF-PR;DEL08-PR;UOP02-DEL08-PR;;;
715973;03/09/2025;quarta-feira;20:30:00;MA;316;411;ALTO ALEGRE DO MARANHAO;Rea��o tardia ou ineficiente do condutor;Tombamento;Com V�timas Feridas;Plena Noite;Crescente;C�u Claro;Simples;Reta;N�o;1;0;1;0;0;0;1;1;-4,291651;-44,417698;SPRF-MA;DEL03-MA;UOP01-DEL03-MA;;;
715975;03/09/2025;quarta-feira;23:15:00;MG;262;538,7;LUZ;Aus�ncia de rea��o do condutor;Tombamento;Com V�timas Feridas;Plena Noite;Decrescente;C�u Claro;Simples;"Curva;Declive";N�o;2;0;0;1;0;1;1;2;-19,72283;-45,87235;SPRF-MG;DEL08-MG;UOP02-DEL08-MG;;;
715976;03/09/2025;quarta-feira;21:15:00;SC;101;127;ITAJAI;Ingest�o de �lcool pelo condutor;Tombamento;Sem V�timas;Plena Noite;Crescente;Garoa/Chuvisco;M�ltipla;Curva;N�o;3;0;0;0;2;11;0;13;-26,9655437;-48,68378727;SPRF-SC;DEL04-SC;UOP04-DEL04-SC;;;
715977;04/09/2025;quinta-feira;02:00:00;SC;101;215,5;PALHOCA;Ingest�o de �lcool pelo condutor;Colis�o lateral mesmo sentido;Sem V�timas;Plena Noite;Crescente;Nublado;M�ltipla;Reta;Sim;3;0;0;0;2;1;0;3;-27,65525099;-48,67834355;SPRF-SC;DEL01-SC;UOP02-DEL01-SC;;;
715981;04/09/2025;quinta-feira;03:50:00;RS;101;15;DOM PEDRO DE ALCANTARA;Condutor Dormindo;Sa�da de leito carro��vel;Com V�timas Feridas;Plena Noite;Decrescente;Nublado;Dupla;Curva;N�o;2;0;1;0;0;1;1;2;-29,407398;-49,854133;SPRF-RS;DEL03-RS;UOP02-DEL03-RS;;;
715987;04/09/2025;quinta-feira;06:15:00;DF;20;37,5;BRASILIA;Rea��o tardia ou ineficiente do condutor;Sa�da de leito carro��vel;Sem V�timas;Pleno dia;Crescente;C�u Claro;Simples;Reta;N�o;2;0;0;0;1;2;0;3;-15,5818321;-47,53580016;SPRF-DF;DEL02-DF;UOP01-DEL02-DF;;;
715992;03/09/2025;quarta-feira;19:00:00;MT;70;194;GENERAL CARNEIRO;Condutor Dormindo;Sa�da de leito carro��vel;Com V�timas Feridas;Plena Noite;Decrescente;C�u Claro;Simples;Curva;N�o;2;0;0;1;0;1;1;2;-15,719735;-53,649527;SPRF-MT;DEL05-MT;UOP01-DEL05-MT;;;
715996;10/07/2025;quinta-feira;02:57:00;PA;163;228;NOVO PROGRESSO;Transitar na contram�o;Colis�o frontal;Sem V�timas;Plena Noite;Crescente;Ignorado;Simples;Reta;N�o;2;0;0;0;0;2;0;2;-7,70917;-55,20974;SPRF-PA;DEL05-PA;UOP03-DEL05-PA;;;
715998;04/09/2025;quinta-feira;06:09:00;MS;163;139,2;NAVIRAI;Rea��o tardia ou ineficiente do condutor;Sa�da de leito carro��vel;Com V�timas Feridas;Pleno dia;Decrescente;C�u Claro;Simples;Reta;N�o;2;0;1;0;0;2;1;3;-23,008262;-54,33993;SPRF-MS;DEL09-MS;UOP01-DEL09-MS;;;
716001;04/09/2025;quinta-feira;04:00:00;MG;40;70;PARACATU;Aus�ncia de rea��o do condutor;Colis�o traseira;Com V�timas Feridas;Plena Noite;Decrescente;C�u Claro;Simples;"Reta;Aclive";N�o;5;0;2;0;2;1;2;3;-17,24131944;-46,82362877;SPRF-MG;DEL14-MG;UOP01-DEL14-MG;;;
716002;03/09/2025;quarta-feira;16:30:00;PA;163;445;ITAITUBA;Fuma�a;Inc�ndio;Sem V�timas;Pleno dia;Decrescente;C�u Claro;Simples;Reta;N�o;2;0;0;0;1;1;0;2;-5,9583;-55,7014;SPRF-PA;DEL05-PA;UOP03-DEL05-PA;;;
716004;04/09/2025;quinta-feira;05:20:00;MG;262;617,4;IBIA;Condutor Dormindo;Colis�o lateral sentido oposto;Com V�timas Feridas;Amanhecer;Crescente;C�u Claro;Simples;Reta;N�o;4;0;0;1;1;4;1;6;-19,579258;-46,448847;SPRF-MG;DEL08-MG;UOP02-DEL08-MG;;;
716011;04/09/2025;quinta-feira;05:30:00;RO;435;73;COLORADO DO OESTE;Aus�ncia de rea��o do condutor;Colis�o traseira;Com V�timas Feridas;Amanhecer;Decrescente;Nublado;Simples;"Reta;Aclive";N�o;2;0;0;1;0;1;1;2;-13,10296988;-60,43132782;SPRF-RO;DEL04-RO;UOP02-DEL04-RO;;;
716013;04/09/2025;quinta-feira;07:30:00;ES;101;395,5;RIO NOVO DO SUL;Suic�dio (presumido);Colis�o frontal;Com V�timas Feridas;Pleno dia;Crescente;C�u Claro;Simples;Reta;N�o;3;0;1;0;1;1;1;3;-20,86926878;-40,94151735;SPRF-ES;DEL03-ES;UOP02-DEL03-ES;;;
716016;19/07/2025;s�bado;01:10:00;PA;163;345;NOVO PROGRESSO;Rea��o tardia ou ineficiente do condutor;Queda de ocupante de ve�culo;Com V�timas Fatais;Plena Noite;Decrescente;Ignorado;Simples;Reta;N�o;3;1;0;1;0;1;1;2;-7,147271;-55,379135;SPRF-PA;DEL05-PA;UOP03-DEL05-PA;;;
716017;04/09/2025;quinta-feira;06:35:00;RS;386;325;MARQUES DE SOUZA;Retorno proibido;Colis�o traseira;Com V�timas Feridas;Pleno dia;Decrescente;Chuva;Dupla;Rotat�ria;Sim;5;0;1;0;3;1;1;3;-29,32575378;-52,09437311;SPRF-RS;DEL04-RS;UOP01-DEL04-RS;;;
716021;04/09/2025;quinta-feira;07:20:00;PR;369;39,1;ANDIRA;Acessar a via sem observar a presen�a dos outros ve�culos;Colis�o transversal;Com V�timas Feridas;Pleno dia;Decrescente;C�u Claro;Simples;Interse��o de Vias;N�o;5;0;2;1;2;0;3;2;-23,05832628;-50,24825541;SPRF-PR;DEL07-PR;UOP05-DEL07-PR;;;
716023;04/09/2025;quinta-feira;08:01:00;PE;316;248,2;BELEM DE SAO FRANCISCO;Ultrapassagem Indevida;Colis�o lateral mesmo sentido;Com V�timas Feridas;Pleno dia;Decrescente;C�u Claro;Simples;"Reta;Declive";N�o;3;0;1;0;1;1;1;3;-8,670576;-38,98463;SPRF-PE;DEL05-PE;UOP03-DEL05-PE;;;
716039;04/09/2025;quinta-feira;09:30:00;SC;101;449,4;SANTA ROSA DO SUL;Transitar na contram�o;Colis�o frontal;Com V�timas Feridas;Pleno dia;Crescente;Nublado;Simples;Reta;N�o;2;0;0;1;1;0;1;2;-29,17379388;-49,75063205;SPRF-SC;DEL02-SC;UOP02-DEL02-SC;;;
716040;04/09/2025;quinta-feira;07:50:00;SC;101;41,7;JOINVILLE;Aus�ncia de rea��o do condutor;Sa�da de leito carro��vel;Com V�timas Feridas;Pleno dia;Crescente;Nublado;Dupla;Reta;Sim;2;0;0;1;0;1;1;2;-26,3202431;-48,87074796;SPRF-SC;DEL03-SC;UOP01-DEL03-SC;;;
716043;04/09/2025;quinta-feira;10:30:00;SC;101;112,1;ITAJAI;Aus�ncia de rea��o do condutor;Colis�o traseira;Com V�timas Feridas;Pleno dia;Crescente;C�u Claro;Dupla;Reta;N�o;2;0;1;0;1;0;1;2;-26,84674;-48,72233;SPRF-SC;DEL04-SC;UOP04-DEL04-SC;;;
716044;04/09/2025;quinta-feira;08:41:00;MG;116;688,5;MURIAE;Velocidade Incompat�vel;Tombamento;Com V�timas Feridas;Pleno dia;Crescente;Sol;Simples;Curva;N�o;2;0;1;0;0;2;1;3;-21,00964692;-42,36138795;SPRF-MG;DEL07-MG;UOP02-DEL07-MG;;;
716045;04/09/2025;quinta-feira;08:26:00;MT;364;566;NOBRES;Rea��o tardia ou ineficiente do condutor;Tombamento;Com V�timas Feridas;Pleno dia;Crescente;C�u Claro;Dupla;Curva;N�o;3;0;1;0;1;1;1;2;-14,68435701;-56,30123448;SPRF-MT;DEL01-MT;UOP01-DEL01-MT;;;
716053;04/09/2025;quinta-feira;11:40:00;RS;386;27,5;FREDERICO WESTPHALEN;Transitar na contram�o;Colis�o transversal;Com V�timas Feridas;Pleno dia;Decrescente;Chuva;Simples;Reta;Sim;4;0;1;0;2;2;1;4;-27,31312687;-53,37707116;SPRF-RS;DEL08-RS;UOP02-DEL08-RS;;;
716054;04/09/2025;quinta-feira;13:00:00;PE;101;45;IGARASSU;Aus�ncia de rea��o do condutor;Sa�da de leito carro��vel;Com V�timas Feridas;Pleno dia;Crescente;C�u Claro;M�ltipla;Reta;Sim;2;0;0;1;1;0;1;2;-7,866353;-34,906972;SPRF-PE;DEL01-PE;UOP02-DEL01-PE;;;
716058;04/09/2025;quinta-feira;13:30:00;ES;101;101;JAGUARE;Acessar a via sem observar a presen�a dos outros ve�culos;Colis�o transversal;Com V�timas Feridas;Pleno dia;Decrescente;C�u Claro;Simples;Aclive;Sim;2;0;1;0;1;0;1;2;-18,990131;-40,000366;SPRF-ES;DEL04-ES;UOP02-DEL04-ES;;;
716060;04/09/2025;quinta-feira;13:15:00;SE;101;59;ROSARIO DO CATETE;Demais falhas mec�nicas ou el�tricas;Eventos at�picos;Com V�timas Feridas;Pleno dia;Crescente;Nublado;Simples;Interse��o de Vias;N�o;4;0;1;0;2;1;1;3;-10,659948;-37,028787;SPRF-SE;DEL02-SE;UOP02-DEL02-SE;;;
716062;04/09/2025;quinta-feira;10:45:00;CE;116;504,2;BREJO SANTO;Suic�dio (presumido);Atropelamento de Pedestre;Com V�timas Fatais;Pleno dia;Decrescente;Sol;Simples;Reta;Sim;3;1;0;0;1;1;0;3;-7,507174;-38,987588;SPRF-CE;DEL05-CE;UOP03-DEL05-CE;;;
716065;04/09/2025;quinta-feira;14:30:00;PE;101;45;IGARASSU;Aus�ncia de rea��o do condutor;Colis�o com objeto;Sem V�timas;Pleno dia;Crescente;C�u Claro;M�ltipla;Reta;Sim;2;0;0;0;1;1;0;2;-7,866353;-34,906972;SPRF-PE;DEL01-PE;UOP02-DEL01-PE;;;
716067;18/01/2025;s�bado;14:35:00;PB;101;90;JOAO PESSOA;Acesso irregular;Colis�o transversal;Com V�timas Fatais;Pleno dia;Crescente;C�u Claro;Dupla;Reta;Sim;3;1;0;1;1;0;1;2;-7,179652;-34,900417;SPRF-PB;DEL01-PB;UOP01-DEL01-PB;;;
716068;04/09/2025;quinta-feira;12:40:00;GO;40;60,1;LUZIANIA;Ultrapassagem Indevida;Colis�o frontal;Com V�timas Feridas;Pleno dia;Crescente;C�u Claro;Simples;"Reta;Declive";N�o;4;0;2;1;0;1;3;3;-16,52931;-47,80554;SPRF-DF;DEL01-DF;UOP02-DEL01-DF;;;
716075;04/09/2025;quinta-feira;14:30:00;GO;153;428;ANAPOLIS;Acessar a via sem observar a presen�a dos outros ve�culos;Colis�o transversal;Com V�timas Feridas;Pleno dia;Crescente;C�u Claro;Dupla;"Reta;Retorno Regulamentado";Sim;3;0;1;0;1;1;1;3;-16,25721524;-48,99793386;SPRF-GO;DEL02-GO;UOP01-DEL02-GO;;;
716077;04/09/2025;quinta-feira;10:40:00;PR;163;92,7;CAPANEMA;Transitar na contram�o;Colis�o frontal;Com V�timas Fatais;Pleno dia;Crescente;Nublado;Simples;Reta;N�o;4;2;0;1;1;0;1;2;-25,641393;-53,80479;SPRF-PR;DEL02-PR;UOP02-DEL02-PR;;;
716083;04/09/2025;quinta-feira;12:30:00;MT;364;331;SANTO ANTONIO DO LEVERGER;Velocidade Incompat�vel;Sa�da de leito carro��vel;Com V�timas Fatais;Pleno dia;Decrescente;C�u Claro;Dupla;"Curva;Declive";N�o;3;1;0;1;0;2;1;3;-15,831717;-55,439311;SPRF-MT;DEL05-MT;UOP02-DEL05-MT;;;
716085;04/09/2025;quinta-feira;13:10:00;PR;376;386,2;IMBAU;Rea��o tardia ou ineficiente do condutor;Tombamento;Com V�timas Feridas;Pleno dia;Decrescente;Sol;Dupla;Curva;N�o;2;0;1;0;0;3;1;4;-24,48415;-50,7337;SPRF-PR;DEL03-PR;UOP02-DEL03-PR;;;
716087;04/09/2025;quinta-feira;15:23:00;RJ;116;284;BARRA MANSA;Rea��o tardia ou ineficiente do condutor;Colis�o traseira;Com V�timas Feridas;Pleno dia;Decrescente;C�u Claro;Dupla;"Reta;Aclive";N�o;3;0;1;0;1;1;1;3;-22,51360333;-44,21167333;SPRF-RJ;DEL07-RJ;UOP02-DEL07-RJ;;;
716089;04/09/2025;quinta-feira;11:40:00;RS;290;665,8;URUGUAIANA;Transitar na contram�o;Colis�o frontal;Com V�timas Feridas;Pleno dia;Decrescente;C�u Claro;Simples;Reta;N�o;5;0;3;2;0;0;5;4;-29,96995799;-56,55960953;SPRF-RS;DEL13-RS;UOP01-DEL13-RS;;;
716090;04/09/2025;quinta-feira;14:55:00;RJ;116;141;MAGE;Rea��o tardia ou ineficiente do condutor;Atropelamento de Pedestre;Com V�timas Fatais;Pleno dia;Decrescente;C�u Claro;Dupla;Reta;Sim;3;1;0;0;1;1;0;3;-22,64653692;-43,20513916;SPRF-RJ;DEL01-RJ;UOP02-DEL01-RJ;;;
716091;04/09/2025;quinta-feira;16:30:00;MG;381;903;CAMBUI;Velocidade Incompat�vel;Engavetamento;Com V�timas Feridas;Pleno dia;Decrescente;C�u Claro;Dupla;"Declive;Reta";N�o;8;0;2;1;4;1;3;5;-22,64267491;-46,08349872;SPRF-MG;DEL16-MG;UOP03-DEL16-MG;;;
716094;04/09/2025;quinta-feira;16:40:00;MG;40;583;ITABIRITO;Rea��o tardia ou ineficiente do condutor;Colis�o lateral mesmo sentido;Com V�timas Fatais;Pleno dia;Decrescente;C�u Claro;Dupla;"Reta;Declive";N�o;5;2;0;0;2;2;0;5;-20,320939;-43,933051;SPRF-MG;DEL01-MG;UOP02-DEL01-MG;;;
716095;04/09/2025;quinta-feira;16:45:00;PR;277;721;FOZ DO IGUACU;Rea��o tardia ou ineficiente do condutor;Colis�o transversal;Com V�timas Feridas;Pleno dia;Decrescente;C�u Claro;Dupla;"Retorno Regulamentado;Reta";Sim;4;0;1;0;2;1;1;3;-25,48395842;-54,49459076;SPRF-PR;DEL05-PR;UOP03-DEL05-PR;;;
716096;04/09/2025;quinta-feira;14:30:00;SP;381;36;ATIBAIA;Rea��o tardia ou ineficiente do condutor;Sa�da de leito carro��vel;Sem V�timas;Pleno dia;Crescente;C�u Claro;Dupla;"Reta;Declive";N�o;2;0;0;0;1;1;0;2;-23,09851233;-46,57077386;SPRF-SP;DEL03-SP;UOP01-DEL03-SP;;;
716099;04/09/2025;quinta-feira;16:20:00;MS;163;376,2;NOVA ALVORADA DO SUL;Aus�ncia de rea��o do condutor;Engavetamento;Com V�timas Feridas;Pleno dia;Decrescente;Sol;Simples;"Reta;Em Obras";N�o;15;0;2;2;10;2;4;5;-21,374408;-54,413109;SPRF-MS;DEL02-MS;UOP01-DEL02-MS;;;
716100;04/09/2025;quinta-feira;14:00:00;PB;116;12;CACHOEIRA DOS INDIOS;Aus�ncia de rea��o do condutor;Tombamento;Com V�timas Feridas;Pleno dia;Crescente;C�u Claro;Simples;Reta;N�o;4;0;4;0;0;0;4;1;-6,99302;-38,746456;SPRF-CE;DEL05-CE;UOP03-DEL05-CE;;;
716121;04/09/2025;quinta-feira;15:40:00;MA;230;90;SAO JOAO DOS PATOS;Aus�ncia de rea��o do condutor;Tombamento;Com V�timas Feridas;Pleno dia;Decrescente;C�u Claro;Simples;Curva;N�o;2;0;0;1;0;1;1;2;-6,504249;-43,674546;SPRF-PI;DEL03-PI;UOP01-DEL03-PI;;;
716122;15/08/2025;sexta-feira;07:55:00;MG;365;153;PIRAPORA;Acessar a via sem observar a presen�a dos outros ve�culos;Colis�o frontal;Com V�timas Feridas;Pleno dia;Decrescente;C�u Claro;Simples;Reta;N�o;4;0;2;0;2;0;2;2;-17,28553279;-44,87454165;SPRF-MG;DEL10-MG;UOP02-DEL010-MG;;;
716124;03/08/2025;domingo;12:30:00;ES;101;28,9;CONCEICAO DA BARRA;Ultrapassagem Indevida;Sa�da de leito carro��vel;Com V�timas Feridas;Pleno dia;Crescente;C�u Claro;Simples;Reta;N�o;2;0;1;0;1;0;1;2;-18,37805076;-39,94661524;SPRF-ES;DEL04-ES;UOP02-DEL04-ES;;;
716130;04/09/2025;quinta-feira;13:35:00;SC;282;574,3;PINHALZINHO;Acumulo de �gua sobre o pavimento;Colis�o frontal;Com V�timas Fatais;Pleno dia;Decrescente;Chuva;Simples;Rotat�ria;N�o;3;1;1;0;0;2;1;4;-26,8739677;-52,95510856;SPRF-SC;DEL07-SC;UOP02-DEL07-SC;;;
716137;04/09/2025;quinta-feira;15:46:00;AC;364;128;RIO BRANCO;Ultrapassagem Indevida;Colis�o lateral mesmo sentido;Sem V�timas;Pleno dia;Crescente;C�u Claro;Dupla;Reta;Sim;2;0;0;0;1;1;0;2;-10,02643288;-67,83484831;SPRF-AC;DEL01-AC;UOP01-DEL01-AC;;;
716142;04/09/2025;quinta-feira;20:17:00;TO;153;502;PARAISO DO TOCANTINS;Desrespeitar a prefer�ncia no cruzamento;Colis�o transversal;Com V�timas Feridas;Plena Noite;Decrescente;C�u Claro;Simples;"Aclive;Reta";N�o;3;0;1;0;1;1;1;3;-10,21333272;-48,87444941;SPRF-TO;DEL01-TO;UOP01-DEL01-TO;;;
716154;04/09/2025;quinta-feira;20:50:00;RS;386;270;FONTOURA XAVIER;Rea��o tardia ou ineficiente do condutor;Colis�o frontal;Sem V�timas;Plena Noite;Crescente;Chuva;Simples;Reta;N�o;6;0;0;0;5;2;0;4;-28,99116059;-52,36250818;SPRF-RS;DEL04-RS;UOP03-DEL04-RS;;;
716158;04/09/2025;quinta-feira;18:05:00;MT;364;118;PEDRA PRETA;Acostamento em desn�vel;Tombamento;Com V�timas Feridas;Plena Noite;Decrescente;C�u Claro;Simples;"Reta;Declive";N�o;2;0;0;1;0;1;1;2;-16,83027659;-54,02305871;SPRF-MT;DEL02-MT;UOP02-DEL02-MT;;;
716174;04/09/2025;quinta-feira;22:15:00;SP;116;189;SANTA ISABEL;Rea��o tardia ou ineficiente do condutor;Colis�o traseira;Com V�timas Feridas;Pleno dia;Crescente;C�u Claro;Dupla;Reta;N�o;3;0;2;0;0;1;2;3;-23,364804;-46,22597;SPRF-SP;DEL01-SP;UOP01-DEL01-SP;;;
716176;04/09/2025;quinta-feira;19:30:00;RS;116;453;SAO LOURENCO DO SUL;Condutor Dormindo;Sa�da de leito carro��vel;Com V�timas Feridas;Plena Noite;Crescente;Nublado;Dupla;Reta;N�o;2;0;1;0;0;1;1;2;-31,2289329;-52,0037802;SPRF-RS;DEL02-RS;UOP02-DEL02-RS;;;
716183;05/09/2025;sexta-feira;00:30:00;SC;470;16;NAVEGANTES;Aus�ncia de rea��o do condutor;Colis�o traseira;Com V�timas Feridas;Plena Noite;Crescente;Nevoeiro/Neblina;Dupla;"Aclive;Reta";N�o;3;0;1;0;1;3;1;5;-26,83848494;-48,7650841;SPRF-SC;DEL04-SC;UOP04-DEL04-SC;;;
716191;05/09/2025;sexta-feira;03:41:00;RN;304;148,7;ANGICOS;Manobra de mudan�a de faixa;Sa�da de leito carro��vel;Com V�timas Fatais;Plena Noite;Crescente;C�u Claro;Simples;Reta;N�o;5;1;2;0;0;2;2;3;-5,68064418;-36,6052866;SPRF-RN;DEL04-RN;UOP01-DEL04-RN;;;
716193;05/09/2025;sexta-feira;03:10:00;SP;116;512;CAJATI;Rea��o tardia ou ineficiente do condutor;Tombamento;Com V�timas Feridas;Plena Noite;Decrescente;C�u Claro;Simples;"Curva;Declive";N�o;1;0;1;0;0;0;1;1;-24,84894928;-48,21046186;SPRF-SP;DEL05-SP;UOP02-DEL05-SP;;;
716195;05/09/2025;sexta-feira;04:30:00;CE;222;303;TIANGUA;Demais falhas mec�nicas ou el�tricas;Capotamento;Com V�timas Feridas;Plena Noite;Decrescente;Nublado;Simples;"Curva;Declive";N�o;2;0;2;0;0;0;2;1;-3,6922614;-40,9760032;SPRF-CE;DEL04-CE;UOP02-DEL04-CE;;;