id;data_inversa;dia_semana;horario;uf;br;km;municipio;causa_acidente;tipo_acidente;classificacao_acidente;fase_dia;sentido_via;condicao_metereologica;tipo_pista;tracado_via;uso_solo;pessoas;mortos;feridos_leves;feridos_graves;ilesos;ignorados;feridos;veiculos;latitude;longitude;regional;delegacia;uop;;;
716203;04/09/2025;quinta-feira;20:00:00;BA;242;517;OLIVEIRA DOS BREJINHOS;Carga excessiva e/ou mal acondicionada;Sa�da de leito carro��vel;Com V�timas Feridas;Plena Noite;Decrescente;C�u Claro;Simples;Reta;N�o;2;0;1;0;0;1;1;2;-12,31535;-42,5932;SPRF-BA;DEL06-BA;UOP01-DEL06-BA;;;
716204;05/09/2025;sexta-feira;06:40:00;RS;285;460,2;IJUI;Desrespeitar a prefer�ncia no cruzamento;Colis�o transversal;Com V�timas Feridas;Amanhecer;Crescente;Nublado;Simples;"Declive;Interse��o de Vias;Em Obras";Sim;7;0;2;3;2;0;5;2;-28,4184756;-53,91601682;SPRF-RS;DEL10-RS;UOP01-DEL10-RS;;;
716207;05/09/2025;sexta-feira;07:15:00;MG;40;605,5;CONGONHAS;Aus�ncia de rea��o do condutor;Colis�o lateral sentido oposto;Com V�timas Feridas;Pleno dia;Decrescente;C�u Claro;Simples;"Curva;Declive";N�o;4;0;1;0;2;2;1;5;-20,480069;-43,841792;SPRF-MG;DEL05-MG;UOP02-DEL05-MG;;;
716208;05/09/2025;sexta-feira;04:15:00;BA;116;923;ENCRUZILHADA;Condutor Dormindo;Tombamento;Sem V�timas;Plena Noite;Decrescente;C�u Claro;Simples;Reta;N�o;2;0;0;0;1;2;0;3;-15,637037;-41,299894;SPRF-BA;DEL08-BA;UOP03-DEL08-BA;;;
716223;05/09/2025;sexta-feira;08:26:00;TO;153;670;GURUPI;Demais falhas mec�nicas ou el�tricas;Colis�o lateral mesmo sentido;Com V�timas Feridas;Pleno dia;Decrescente;C�u Claro;Dupla;Reta;Sim;4;0;1;0;2;1;1;3;-11,67451772;-49,06499688;SPRF-TO;DEL01-TO;UOP02-DEL01-TO;;;
716232;05/09/2025;sexta-feira;07:40:00;RJ;493;15;GUAPIMIRIM;Aus�ncia de rea��o do condutor;Colis�o lateral sentido oposto;Sem V�timas;Pleno dia;Crescente;C�u Claro;Simples;Reta;N�o;2;0;0;0;2;0;0;2;-22,66375938;-42,9977417;SPRF-RJ;DEL04-RJ;UOP02-DEL04-RJ;;;
716237;05/09/2025;sexta-feira;08:50:00;CE;222;301;TIANGUA;Aus�ncia de rea��o do condutor;Colis�o lateral mesmo sentido;Com V�timas Feridas;Pleno dia;Decrescente;C�u Claro;Simples;Curva;N�o;2;0;0;1;1;0;1;2;-3,67067313;-40,96207514;SPRF-CE;DEL04-CE;UOP02-DEL04-CE;;;
716240;05/09/2025;sexta-feira;07:55:00;MG;381;161,8;GOVERNADOR VALADARES;Desrespeitar a prefer�ncia no cruzamento;Colis�o transversal;Com V�timas Feridas;Pleno dia;Crescente;C�u Claro;Simples;Reta;N�o;3;0;1;0;1;1;1;3;-18,93835106;-42,05505249;SPRF-MG;DEL06-MG;UOP01-DEL06-MG;;;
716243;05/09/2025;sexta-feira;06:30:00;BA;20;107;SAO DESIDERIO;Condutor Dormindo;Tombamento;Com V�timas Feridas;Pleno dia;Crescente;C�u Claro;Simples;Reta;N�o;1;0;1;0;0;0;1;1;-13,00311559;-45,99653626;SPRF-BA;DEL10-BA;UOP01-DEL10-BA;;;
716246;05/09/2025;sexta-feira;10:48:00;DF;20;19,2;BRASILIA;Manobra de mudan�a de faixa;Colis�o lateral mesmo sentido;Com V�timas Feridas;Pleno dia;Decrescente;C�u Claro;Dupla;Reta;Sim;2;0;1;0;1;0;1;2;-15,610353;-47,697577;SPRF-DF;DEL02-DF;UOP01-DEL02-DF;;;
716248;20/08/2025;quarta-feira;20:00:00;MG;153;108;PRATA;Acessar a via sem observar a presen�a dos outros ve�culos;Colis�o transversal;Com V�timas Feridas;Plena Noite;Decrescente;Nublado;Simples;"Reta;Retorno Regulamentado;Declive";Sim;3;0;0;1;1;3;1;5;-19,30200005;-48,90732408;SPRF-MG;DEL15-MG;UOP03-DEL15-MG;;;
716261;05/09/2025;sexta-feira;09:35:00;SC;282;624,3;IRACEMINHA;Acessar a via sem observar a presen�a dos outros ve�culos;Colis�o transversal;Com V�timas Fatais;Pleno dia;Crescente;Chuva;Simples;"Interse��o de Vias;Reta";N�o;5;2;0;0;2;1;0;3;-26,7983899;-53,3460538;SPRF-SC;DEL07-SC;UOP02-DEL07-SC;;;
716263;05/09/2025;sexta-feira;11:30:00;ES;262;54;MARECHAL FLORIANO;Mal s�bito do condutor;Sa�da de leito carro��vel;Com V�timas Feridas;Pleno dia;Decrescente;Sol;Simples;Curva;N�o;1;0;1;0;0;0;1;1;-20,414707;-40,740879;SPRF-ES;DEL01-ES;UOP01-DEL01-ES;;;
716266;05/09/2025;sexta-feira;10:00:00;RO;364;200,3;PIMENTA BUENO;Demais falhas mec�nicas ou el�tricas;Eventos at�picos;Com V�timas Feridas;Pleno dia;Decrescente;C�u Claro;Simples;Reta;Sim;3;0;1;0;1;2;1;4;-11,650565;-61,193252;SPRF-RO;DEL02-RO;UOP02-DEL02-RO;;;
716273;05/09/2025;sexta-feira;10:30:00;PR;277;413,7;CANTAGALO;Condutor usando celular;Sa�da de leito carro��vel;Com V�timas Feridas;Pleno dia;Crescente;Nublado;Simples;"Reta;Aclive";N�o;1;0;1;0;0;0;1;1;-25,415451;-52,0744;SPRF-PR;DEL04-PR;UOP02-DEL04-PR;;;
716274;05/09/2025;sexta-feira;11:00:00;PE;101;13;GOIANA;Aus�ncia de rea��o do condutor;Colis�o traseira;Com V�timas Feridas;Pleno dia;Crescente;Nublado;Dupla;"Reta;Declive";N�o;2;0;1;0;1;0;1;2;-7,59729705;-34,9830316;SPRF-PE;DEL01-PE;UOP02-DEL01-PE;;;
716277;05/09/2025;sexta-feira;12:15:00;ES;259;101,3;BAIXO GUANDU;Acessar a via sem observar a presen�a dos outros ve�culos;Colis�o transversal;Com V�timas Feridas;Pleno dia;Decrescente;Sol;Dupla;Interse��o de Vias;N�o;3;0;1;1;1;0;2;2;-19,52179445;-41,01431161;SPRF-ES;DEL02-ES;UOP01-DEL02-ES;;;
716279;05/09/2025;sexta-feira;13:15:00;TO;153;5;XAMBIOA;Rea��o tardia ou ineficiente do condutor;Colis�o frontal;Com V�timas Feridas;Pleno dia;Crescente;C�u Claro;Simples;"Curva;Declive";Sim;3;0;1;0;1;3;1;5;-6,420795;-48,532428;SPRF-TO;DEL02-TO;UOP01-DEL02-TO;;;
716284;05/09/2025;sexta-feira;11:50:00;RJ;116;271;BARRA MANSA;Velocidade Incompat�vel;Tombamento;Com V�timas Feridas;Pleno dia;Crescente;C�u Claro;Simples;Reta;N�o;4;0;2;0;1;1;2;3;-22,55879512;-44,12400126;SPRF-RJ;DEL07-RJ;UOP02-DEL07-RJ;;;
716291;05/09/2025;sexta-feira;12:55:00;PI;316;5,5;TERESINA;Manobra de mudan�a de faixa;Colis�o lateral mesmo sentido;Com V�timas Feridas;Pleno dia;Crescente;C�u Claro;M�ltipla;"Reta;Aclive";Sim;4;0;2;0;1;1;2;3;-5,144808;-42,776878;SPRF-PI;DEL01-PI;UOP02-DEL01-PI;;;
716294;05/09/2025;sexta-feira;14:10:00;MG;116;810;ALEM PARAIBA;Velocidade Incompat�vel;Tombamento;Com V�timas Feridas;Pleno dia;Crescente;C�u Claro;Simples;Curva;N�o;3;0;2;0;0;1;2;2;-21,833693;-42,677091;SPRF-MG;DEL07-MG;UOP01-DEL07-MG;;;
716295;07/07/2025;segunda-feira;14:00:00;PR;376;224;CAMBIRA;Manobra de mudan�a de faixa;Colis�o lateral mesmo sentido;Com V�timas Feridas;Pleno dia;Crescente;C�u Claro;Dupla;"Reta;Aclive";Sim;3;0;1;0;0;2;1;3;-23,590289;-51,571045;SPRF-PR;DEL07-PR;UOP03-DEL07-PR;;;
716296;05/09/2025;sexta-feira;13:10:00;GO;40;46;LUZIANIA;Ultrapassagem Indevida;Colis�o frontal;Com V�timas Fatais;Pleno dia;Crescente;C�u Claro;Simples;Reta;N�o;3;1;0;0;1;2;0;4;-16,415404;-47,824236;SPRF-DF;DEL01-DF;UOP02-DEL01-DF;;;
716299;26/08/2025;ter�a-feira;09:15:00;RO;364;553;RIO CRESPO;Rea��o tardia ou ineficiente do condutor;Colis�o traseira;Com V�timas Feridas;Pleno dia;Crescente;C�u Claro;Simples;Reta;N�o;7;0;2;0;4;1;2;4;-9,61915;-63,072177;SPRF-RO;DEL03-RO;UOP01-DEL03-RO;;;
716300;05/09/2025;sexta-feira;07:40:00;SC;282;453,1;PONTE SERRADA;Manobra de mudan�a de faixa;Colis�o transversal;Com V�timas Feridas;Pleno dia;Decrescente;Chuva;Simples;"Reta;Aclive";N�o;3;0;1;1;1;0;2;2;-26,912732;-51,962438;SPRF-SC;DEL07-SC;UOP04-DEL07-SC;;;
716301;05/09/2025;sexta-feira;13:45:00;PR;277;31,9;MORRETES;Condutor deixou de manter dist�ncia do ve�culo da frente;Colis�o com objeto;Com V�timas Feridas;Pleno dia;Decrescente;Garoa/Chuvisco;Dupla;"Declive;Curva";N�o;13;0;3;0;9;1;3;7;-25,56142735;-48,81210415;SPRF-PR;DEL01-PR;UOP05-DEL01-PR;;;
716313;05/09/2025;sexta-feira;14:55:00;RS;392;352,6;SANTA MARIA;Aus�ncia de rea��o do condutor;Colis�o transversal;Com V�timas Feridas;Pleno dia;Crescente;C�u Claro;Dupla;"Interse��o de Vias;Reta;Aclive";Sim;2;0;1;0;1;0;1;2;-29,716694;-53,809026;SPRF-RS;DEL09-RS;UOP01-DEL09-RS;;;
716314;05/09/2025;sexta-feira;14:00:00;PI;316;1;TERESINA;Rea��o tardia ou ineficiente do condutor;Colis�o traseira;Com V�timas Feridas;Pleno dia;Crescente;C�u Claro;Simples;Rotat�ria;Sim;3;0;1;0;2;0;1;2;-5,1286255;-42,8064975;SPRF-PI;DEL01-PI;UOP02-DEL01-PI;;;
716318;05/09/2025;sexta-feira;16:10:00;AL;104;89,7;RIO LARGO;Ingest�o de �lcool pelo condutor;Colis�o traseira;Sem V�timas;Pleno dia;Crescente;Nublado;Dupla;Reta;Sim;2;0;0;0;2;0;0;2;-9,49525468;-35,81347704;SPRF-AL;DEL01-AL;UOP01-DEL01-AL;;;
716327;05/09/2025;sexta-feira;11:50:00;MT;70;44;BARRA DO GARCAS;Falta de acostamento;Colis�o lateral sentido oposto;Com V�timas Feridas;Pleno dia;Decrescente;C�u Claro;Simples;Reta;N�o;6;0;1;2;2;1;3;3;-15,71985998;-52,64616251;SPRF-MT;DEL07-MT;UOP01-DEL07-MT;;;
716329;05/09/2025;sexta-feira;15:10:00;DF;20;0;BRASILIA;Demais falhas mec�nicas ou el�tricas;Inc�ndio;Sem V�timas;Pleno dia;Crescente;C�u Claro;M�ltipla;Reta;Sim;2;0;0;0;1;1;0;2;-15,688069;-47,858585;SPRF-DF;DEL02-DF;UOP01-DEL02-DF;;;
716332;05/09/2025;sexta-feira;16:20:00;PR;116;29;CAMPINA GRANDE DO SUL;Pista Escorregadia;Colis�o com objeto;Sem V�timas;Anoitecer;Decrescente;Garoa/Chuvisco;Dupla;"Declive;Curva";N�o;4;0;0;0;4;0;0;4;-25,10768769;-48,82217852;SPRF-PR;DEL01-PR;UOP02-DEL01-PR;;;
716335;05/09/2025;sexta-feira;14:00:00;MG;262;679,3;ARAXA;Aus�ncia de rea��o do condutor;Colis�o traseira;Com V�timas Feridas;Pleno dia;Crescente;C�u Claro;Simples;"Reta;Rotat�ria";N�o;4;0;1;0;3;0;1;2;-19,559243;-46,971395;SPRF-MG;DEL08-MG;UOP01-DEL08-MG;;;
716336;05/09/2025;sexta-feira;16:50:00;MG;381;749,9;TRES CORACOES;Carga excessiva e/ou mal acondicionada;Derramamento de carga;Sem V�timas;Pleno dia;Decrescente;C�u Claro;Dupla;Reta;N�o;2;0;0;0;1;1;0;2;-21,641544;-45,287074;SPRF-MG;DEL16-MG;UOP02-DEL16-MG;;;
716340;05/09/2025;sexta-feira;15:30:00;SP;116;282;EMBU DAS ARTES;Rea��o tardia ou ineficiente do condutor;Colis�o lateral mesmo sentido;Com V�timas Fatais;Pleno dia;Crescente;C�u Claro;Dupla;"Interse��o de Vias;Reta";Sim;2;1;0;0;1;0;0;2;-23,663805;-46,8528853;SPRF-SP;DEL04-SP;UOP01-DEL04-SP;;;
716344;05/09/2025;sexta-feira;18:00:00;RN;304;48,9;MOSSORO;Acessar a via sem observar a presen�a dos outros ve�culos;Colis�o transversal;Com V�timas Feridas;Plena Noite;Crescente;C�u Claro;Simples;Interse��o de Vias;Sim;3;0;1;0;1;1;1;3;-5,235368;-37,318208;SPRF-RN;DEL04-RN;UOP01-DEL04-RN;;;
716347;05/09/2025;sexta-feira;13:50:00;AM;174;886;MANAUS;Rea��o tardia ou ineficiente do condutor;Colis�o com objeto;Sem V�timas;Pleno dia;Crescente;Garoa/Chuvisco;Simples;Reta;Sim;2;0;0;0;1;1;0;2;-2,959357;-60,032572;SPRF-AM;DEL01-AM;UOP01-DEL01-AM;;;
716350;05/09/2025;sexta-feira;09:00:00;SC;280;8;SAO FRANCISCO DO SUL;Velocidade Incompat�vel;Colis�o com objeto;Com V�timas Feridas;Pleno dia;Decrescente;Chuva;Simples;Curva;Sim;2;0;1;0;0;1;1;2;-26,27803788;-48,64611832;SPRF-SC;DEL03-SC;UOP03-DEL03-SC;;;
716355;05/09/2025;sexta-feira;17:00:00;MS;163;484;CAMPO GRANDE;Acessar a via sem observar a presen�a dos outros ve�culos;Colis�o transversal;Com V�timas Feridas;Pleno dia;Crescente;C�u Claro;Simples;"Reta;Interse��o de Vias";Sim;3;0;1;0;1;3;1;5;-20,4474199;-54,5409591;SPRF-MS;DEL01-MS;UOP02-DEL01-MS;;;
716356;05/09/2025;sexta-feira;17:50:00;MT;70;242;PRIMAVERA DO LESTE;Acostamento em desn�vel;Sa�da de leito carro��vel;Sem V�timas;Plena Noite;Decrescente;C�u Claro;Simples;"Aclive;Reta";N�o;2;0;0;0;0;3;0;3;-15,6161692;-54,0480003;SPRF-MT;DEL05-MT;UOP01-DEL05-MT;;;
716357;05/09/2025;sexta-feira;09:00:00;PA;163;589;TRAIRAO;Rea��o tardia ou ineficiente do condutor;Sa�da de leito carro��vel;Com V�timas Feridas;Pleno dia;Crescente;Sol;Simples;Curva;N�o;2;0;1;0;0;3;1;4;-4,91853;-56,19324;SPRF-PA;DEL05-PA;UOP03-DEL05-PA;;;
716362;05/09/2025;sexta-feira;19:05:00;MG;381;747;TRES CORACOES;Condutor Dormindo;Sa�da de leito carro��vel;Com V�timas Feridas;Plena Noite;Crescente;C�u Claro;Dupla;Reta;N�o;6;0;3;2;0;1;5;4;-21,625307;-45,267919;SPRF-MG;DEL16-MG;UOP02-DEL16-MG;;;
716370;05/09/2025;sexta-feira;19:10:00;SC;101;101;BALNEARIO PICARRAS;Condutor deixou de manter dist�ncia do ve�culo da frente;Colis�o traseira;Com V�timas Feridas;Plena Noite;Crescente;Chuva;M�ltipla;Reta;N�o;3;0;1;1;1;0;2;2;-26,77716056;-48,68557898;SPRF-SC;DEL03-SC;UOP02-DEL03-SC;;;
716377;05/09/2025;sexta-feira;07:30:00;RJ;493;2;ITABORAI;Acessar a via sem observar a presen�a dos outros ve�culos;Colis�o com objeto;Com V�timas Feridas;Pleno dia;Crescente;C�u Claro;Dupla;Reta;N�o;2;0;0;1;0;1;1;2;-22,76456071;-42,92592287;SPRF-RJ;DEL02-RJ;UOP02-DEL02-RJ;;;
716382;05/09/2025;sexta-feira;19:15:00;RN;101;134;NISIA FLORESTA;Demais falhas mec�nicas ou el�tricas;Inc�ndio;Sem V�timas;Plena Noite;Decrescente;C�u Claro;Simples;Reta;N�o;1;0;0;0;1;0;0;1;-6,1629916;-35,2246345;SPRF-RN;DEL01-RN;UOP01-DEL01-RN;;;
716383;05/09/2025;sexta-feira;19:30:00;CE;116;46,4;PACAJUS;Aus�ncia de rea��o do condutor;Colis�o traseira;Sem V�timas;Plena Noite;Decrescente;Nublado;Dupla;"Interse��o de Vias;Retorno Regulamentado";N�o;5;0;0;0;4;1;0;4;-4,14825475;-38,47751904;SPRF-CE;DEL01-CE;UOP02-DEL01-CE;;;
716384;05/09/2025;sexta-feira;19:00:00;RJ;493;23;MAGE;Aus�ncia de rea��o do condutor;Colis�o lateral sentido oposto;Com V�timas Feridas;Plena Noite;Decrescente;Nublado;Simples;Reta;Sim;2;0;1;0;1;0;1;2;-22,657357;-43,070301;SPRF-RJ;DEL04-RJ;UOP02-DEL04-RJ;;;
716385;05/09/2025;sexta-feira;16:10:00;PA;163;565;TRAIRAO;Transitar na contram�o;Colis�o frontal;Com V�timas Feridas;Pleno dia;Crescente;C�u Claro;Simples;"Reta;Declive";N�o;4;0;0;1;1;4;1;6;-5,08966667;-56,14311;SPRF-PA;DEL05-PA;UOP03-DEL05-PA;;;
716391;05/09/2025;sexta-feira;21:10:00;SP;116;219;GUARULHOS;Rea��o tardia ou ineficiente do condutor;Colis�o lateral mesmo sentido;Com V�timas Feridas;Plena Noite;Crescente;Vento;M�ltipla;Reta;Sim;2;0;1;0;0;1;1;2;-23,4612135;-46,4871011;SPRF-SP;DEL01-SP;UOP01-DEL01-SP;;;
716400;05/09/2025;sexta-feira;20:45:00;MG;381;941,1;EXTREMA;Velocidade Incompat�vel;Colis�o com objeto;Com V�timas Feridas;Plena Noite;Decrescente;C�u Claro;Dupla;"Reta;Declive";Sim;2;0;1;0;0;2;1;3;-22,82899636;-46,31447232;SPRF-MG;DEL16-MG;UOP03-DEL16-MG;;;
716404;05/09/2025;sexta-feira;19:30:00;RJ;356;12,8;ITAPERUNA;Ingest�o de �lcool pelo condutor;Colis�o lateral sentido oposto;Com V�timas Feridas;Plena Noite;Crescente;C�u Claro;Simples;Curva;N�o;3;0;2;0;0;1;2;3;-21,2697088;-41,7759232;SPRF-RJ;DEL08-RJ;UOP03-DEL08-RJ;;;
716409;05/09/2025;sexta-feira;21:30:00;SP;153;15,3;NOVA GRANADA;Ultrapassagem Indevida;Colis�o frontal;Com V�timas Feridas;Plena Noite;Decrescente;C�u Claro;Simples;"Curva;Declive";N�o;4;0;0;1;2;3;1;6;-20,421729;-49,270399;SPRF-SP;DEL09-SP;UOP01-DEL09-SP;;;
716413;05/09/2025;sexta-feira;10:30:00;MG;262;150;SAO DOMINGOS DO PRATA;Acessar a via sem observar a presen�a dos outros ve�culos;Colis�o transversal;Com V�timas Feridas;Pleno dia;Crescente;C�u Claro;Simples;"Reta;Interse��o de Vias";N�o;4;0;1;1;2;0;2;2;-20,015731;-42,751733;SPRF-MG;DEL03-MG;UOP03-DEL03-MG;;;
716424;05/09/2025;sexta-feira;22:25:00;MG;40;367,2;FELIXLANDIA;Aus�ncia de rea��o do condutor;Colis�o traseira;Com V�timas Fatais;Plena Noite;Crescente;C�u Claro;Simples;"Reta;Declive";N�o;3;1;0;0;1;1;0;3;-18,79522896;-44,80158234;SPRF-MG;DEL02-MG;UOP01-DEL02-MG;;;
716426;05/09/2025;sexta-feira;22:30:00;PI;402;72;LUIS CORREIA;Acostamento em desn�vel;Tombamento;Com V�timas Feridas;Plena Noite;Crescente;C�u Claro;Simples;Reta;N�o;2;0;1;0;0;1;1;2;-3,101228;-41,466283;SPRF-PI;DEL05-PI;UOP01-DEL05-PI;;;
716428;05/09/2025;sexta-feira;21:58:00;PR;369;456;CORBELIA;Desrespeitar a prefer�ncia no cruzamento;Colis�o transversal;Com V�timas Feridas;Plena Noite;Decrescente;Nublado;Simples;"Interse��o de Vias;Declive";N�o;6;0;3;1;1;1;4;3;-24,587789;-53,201117;SPRF-PR;DEL04-PR;UOP03-DEL04-PR;;;
716429;05/09/2025;sexta-feira;16:35:00;PA;222;56;DOM ELISEU;Curva acentuada;Colis�o frontal;Com V�timas Fatais;Pleno dia;Decrescente;Sol;Simples;Curva;N�o;2;1;0;0;1;0;0;2;-4,454028;-47,800257;SPRF-PA;DEL02-PA;UOP02-DEL02-PA;;;
716436;05/09/2025;sexta-feira;23:15:00;SP;116;57,8;GUARATINGUETA;Ingest�o de �lcool pelo condutor;Colis�o traseira;Sem V�timas;Plena Noite;Crescente;C�u Claro;Dupla;Reta;Sim;2;0;0;0;2;0;0;2;-22,77521206;-45,13917446;SPRF-SP;DEL08-SP;UOP01-DEL08-SP;;;
716445;06/09/2025;s�bado;03:00:00;RS;290;131;ELDORADO DO SUL;Objeto est�tico sobre o leito carro��vel;Colis�o com objeto;Sem V�timas;Plena Noite;Crescente;Nublado;Dupla;Reta;N�o;3;0;0;0;1;2;0;3;-30,06114571;-51,52617931;SPRF-RS;DEL02-RS;UOP01-DEL02-RS;;;
716449;06/09/2025;s�bado;03:00:00;MG;40;527,7;CONTAGEM;Aus�ncia de rea��o do condutor;Colis�o traseira;Com V�timas Feridas;Plena Noite;Decrescente;C�u Claro;Dupla;"Reta;Declive";N�o;2;0;0;1;1;0;1;2;-19,91588246;-44,03976917;SPRF-MG;DEL01-MG;UOP02-DEL01-MG;;;
716454;06/09/2025;s�bado;05:00:00;GO;153;417;ANAPOLIS;Ingest�o de �lcool pelo condutor;Sa�da de leito carro��vel;Sem V�timas;Plena Noite;Crescente;C�u Claro;Dupla;"Reta;Aclive";N�o;1;0;0;0;1;0;0;1;-16,1811823;-49,04267102;SPRF-GO;DEL02-GO;UOP01-DEL02-GO;;;
716458;06/09/2025;s�bado;05:00:00;MA;135;45;BACABEIRA;Animais na Pista;Atropelamento de Animal;Sem V�timas;Amanhecer;Decrescente;C�u Claro;M�ltipla;"Declive;Reta";N�o;1;0;0;0;1;0;0;1;-3,0785992;-44,32223439;SPRF-MA;DEL01-MA;UOP01-DEL01-MA;;;
716463;06/09/2025;s�bado;06:00:00;SE;101;98,3;SAO CRISTOVAO;Manobra de mudan�a de faixa;Colis�o lateral mesmo sentido;Com V�timas Feridas;Pleno dia;Crescente;C�u Claro;Dupla;"Reta;Aclive";Sim;5;0;2;0;3;0;2;2;-10,929374;-37,184126;SPRF-SE;DEL02-SE;UOP01-DEL02-SE;;;
716464;06/09/2025;s�bado;02:00:00;PR;153;137;VENTANIA;Demais falhas mec�nicas ou el�tricas;Inc�ndio;Sem V�timas;Plena Noite;Crescente;C�u Claro;Simples;Reta;N�o;2;0;0;0;1;2;0;3;-24,05486822;-50,2526536;SPRF-PR;DEL07-PR;UOP04-DEL07-PR;;;
716465;05/09/2025;sexta-feira;23:15:00;PB;230;462,8;SOUSA;Acessar a via sem observar a presen�a dos outros ve�culos;Sa�da de leito carro��vel;Com V�timas Feridas;Plena Noite;Crescente;C�u Claro;Simples;Reta;Sim;2;0;0;1;1;0;1;2;-6,77862;-38,236558;SPRF-PB;DEL03-PB;UOP03-DEL03-PB;;;
716466;05/09/2025;sexta-feira;23:30:00;MG;381;522;BRUMADINHO;Demais falhas mec�nicas ou el�tricas;Eventos at�picos;Sem V�timas;Plena Noite;Crescente;C�u Claro;Dupla;Reta;N�o;1;0;0;0;1;0;0;1;-20,13403061;-44,31024045;SPRF-MG;DEL04-MG;UOP03-DEL04-MG;;;
716468;06/09/2025;s�bado;05:40:00;GO;20;60,6;FORMOSA;Aus�ncia de rea��o do condutor;Colis�o traseira;Com V�timas Feridas;Plena Noite;Crescente;C�u Claro;Simples;Aclive;N�o;6;0;4;0;1;1;4;2;-15,243345;-47,16935;SPRF-DF;DEL02-DF;UOP02-DEL02-DF;;;
716476;06/09/2025;s�bado;06:10:00;PR;369;228;JANDAIA DO SUL;Aus�ncia de rea��o do condutor;Colis�o transversal;Com V�timas Feridas;Amanhecer;Decrescente;C�u Claro;Simples;"Aclive;Curva";Sim;16;0;5;2;9;0;7;2;-23,58871782;-51,64619207;SPRF-PR;DEL09-PR;UOP01-DEL09-PR;;;
716481;25/08/2025;segunda-feira;12:00:00;PR;116;103;SAO JOSE DOS PINHAIS;Manobra de mudan�a de faixa;Sa�da de leito carro��vel;Com V�timas Feridas;Pleno dia;Decrescente;Nublado;Dupla;Reta;Sim;3;0;2;0;0;1;2;2;-25,57027868;-49,18892384;SPRF-PR;DEL01-PR;UOP07-DEL01-PR;;;
716488;05/09/2025;sexta-feira;22:15:00;MA;222;403,8;SANTA LUZIA;Ultrapassagem Indevida;Colis�o lateral sentido oposto;Com V�timas Fatais;Plena Noite;Crescente;C�u Claro;Simples;Aclive;N�o;4;1;0;0;1;3;0;5;-3,94173;-45,639364;SPRF-MA;DEL02-MA;UOP01-DEL02-MA;;;
716494;06/09/2025;s�bado;07:50:00;PR;116;137,6;MANDIRITUBA;Rea��o tardia ou ineficiente do condutor;Colis�o traseira;Com V�timas Feridas;Pleno dia;Decrescente;Nublado;Dupla;Reta;Sim;5;0;0;1;3;2;1;5;-25,73976954;-49,31743082;SPRF-PR;DEL01-PR;UOP03-DEL01-PR;;;
716496;05/07/2025;s�bado;16:56:00;PA;163;300,6;NOVO PROGRESSO;Ingest�o de �lcool pelo condutor;Colis�o lateral mesmo sentido;Sem V�timas;Pleno dia;Decrescente;C�u Claro;Simples;"Reta;Declive";N�o;2;0;0;0;0;2;0;2;-7,1535966;-55,3740566;SPRF-PA;DEL05-PA;UOP03-DEL05-PA;;;
716510;06/09/2025;s�bado;04:30:00;MG;116;201,3;CARAI;Transitar na contram�o;Colis�o frontal;Com V�timas Fatais;Plena Noite;Decrescente;C�u Claro;Simples;Curva;Sim;9;2;0;2;2;3;2;4;-17,254394;-41,501664;SPRF-MG;DEL11-MG;UOP01-DEL11-MG;;;
716514;06/09/2025;s�bado;09:00:00;PI;343;12;PARNAIBA;Acessar a via sem observar a presen�a dos outros ve�culos;Colis�o lateral mesmo sentido;Com V�timas Feridas;Pleno dia;Decrescente;C�u Claro;Dupla;Interse��o de Vias;Sim;2;0;0;1;1;0;1;2;-2,91920874;-41,75408632;SPRF-PI;DEL05-PI;UOP01-DEL05-PI;;;
716516;06/09/2025;s�bado;09:20:00;SC;101;82,7;BARRA VELHA;Velocidade Incompat�vel;Colis�o traseira;Com V�timas Feridas;Pleno dia;Decrescente;Nublado;Dupla;"Curva;Declive";N�o;6;0;2;0;3;2;2;6;-26,61968201;-48,71774403;SPRF-SC;DEL03-SC;UOP02-DEL03-SC;;;
716519;06/09/2025;s�bado;07:40:00;PR;116;199,2;RIO NEGRO;Manobra de mudan�a de faixa;Colis�o frontal;Sem V�timas;Pleno dia;Decrescente;Garoa/Chuvisco;Simples;Declive;N�o;4;0;0;0;2;2;0;3;-26,05123643;-49,70821309;SPRF-SC;DEL06-SC;UOP01-DEL06-SC;;;
716525;06/09/2025;s�bado;09:30:00;PE;101;64;RECIFE;Manobra de mudan�a de faixa;Colis�o lateral mesmo sentido;Sem V�timas;Pleno dia;Crescente;Sol;Dupla;Reta;Sim;3;0;0;0;2;2;0;4;-8,02159585;-34,94273392;SPRF-PE;DEL01-PE;UOP01-DEL01-PE;;;
716526;06/09/2025;s�bado;10:47:00;GO;40;12,9;LUZIANIA;Acessar a via sem observar a presen�a dos outros ve�culos;Colis�o transversal;Com V�timas Feridas;Pleno dia;Crescente;C�u Claro;Dupla;Reta;Sim;3;0;1;0;1;2;1;4;-16,15136;-47,93964;SPRF-DF;DEL01-DF;UOP01-DEL01-DF;;;
716529;06/09/2025;s�bado;09:40:00;MT;364;309;JACIARA;Rea��o tardia ou ineficiente do condutor;Colis�o traseira;Com V�timas Feridas;Pleno dia;Crescente;Sol;Dupla;Reta;N�o;3;0;0;2;1;0;2;2;-15,815415;-55,237387;SPRF-MT;DEL05-MT;UOP02-DEL05-MT;;;
716542;06/09/2025;s�bado;11:00:00;AP;210;77,8;FERREIRA GOMES;Transitar na contram�o;Colis�o frontal;Com V�timas Fatais;Pleno dia;Crescente;Sol;Simples;Curva;N�o;3;1;1;0;0;1;1;3;0,59506;-51,1999;SPRF-AP;DEL01-AP;UOP01-DEL01-AP;;;