id;data_inversa;dia_semana;horario;uf;br;km;municipio;causa_acidente;tipo_acidente;classificacao_acidente;fase_dia;sentido_via;condicao_metereologica;tipo_pista;tracado_via;uso_solo;pessoas;mortos;feridos_leves;feridos_graves;ilesos;ignorados;feridos;veiculos;latitude;longitude;regional;delegacia;uop;;;
716548;29/08/2025;sexta-feira;20:10:00;TO;10;462;PALMAS;Rea��o tardia ou ineficiente do condutor;Colis�o traseira;Com V�timas Feridas;Plena Noite;Crescente;C�u Claro;M�ltipla;Reta;Sim;2;0;0;1;0;1;1;2;-10,242;-48,312;SPRF-TO;DEL01-TO;UOP03-DEL01-TO;;;
716549;06/09/2025;s�bado;10:10:00;MG;50;177,8;UBERABA;Velocidade Incompat�vel;Colis�o com objeto;Com V�timas Feridas;Pleno dia;Decrescente;C�u Claro;Dupla;"Interse��o de Vias;Viaduto;Rotat�ria";Sim;4;0;2;0;1;3;2;5;-19,779;-47,94389;SPRF-MG;DEL13-MG;UOP01-DEL13-MG;;;
716555;06/09/2025;s�bado;07:47:00;CE;222;197;FORQUILHA;Velocidade Incompat�vel;Sa�da de leito carro��vel;Com V�timas Feridas;Pleno dia;Crescente;C�u Claro;Simples;Curva;N�o;2;0;2;0;0;0;2;1;-3,77988772;-40,22517141;SPRF-CE;DEL04-CE;UOP01-DEL04-CE;;;
716556;06/09/2025;s�bado;11:00:00;MG;381;298;ANTONIO DIAS;Demais falhas mec�nicas ou el�tricas;Inc�ndio;Com V�timas Feridas;Pleno dia;Decrescente;C�u Claro;Simples;Reta;N�o;2;0;2;0;0;0;2;1;-19,63822233;-42,89560318;SPRF-MG;DEL03-MG;UOP02-DEL03-MG;;;
716557;06/09/2025;s�bado;12:00:00;MG;40;591,6;OURO PRETO;Condutor deixou de manter dist�ncia do ve�culo da frente;Colis�o traseira;Com V�timas Feridas;Pleno dia;Decrescente;C�u Claro;Dupla;"Reta;Declive";N�o;3;0;0;1;1;2;1;4;-20,38107143;-43,90785491;SPRF-MG;DEL05-MG;UOP02-DEL05-MG;;;
716559;25/08/2025;segunda-feira;06:30:00;MS;158;311;TRES LAGOAS;Rea��o tardia ou ineficiente do condutor;Colis�o com objeto;Com V�timas Feridas;Pleno dia;Crescente;C�u Claro;Simples;Reta;N�o;1;0;1;0;0;0;1;1;-21,041953;-51,913264;SPRF-MS;DEL07-MS;UOP01-DEL07-MS;;;
716562;06/09/2025;s�bado;12:30:00;MG;116;283,7;TEOFILO OTONI;Rea��o tardia ou ineficiente do condutor;Colis�o traseira;Com V�timas Feridas;Pleno dia;Crescente;C�u Claro;Simples;"Reta;Aclive";N�o;4;0;1;0;2;2;1;4;-17,915937;-41,52756;SPRF-MG;DEL11-MG;UOP01-DEL11-MG;;;
716563;06/09/2025;s�bado;05:00:00;SC;470;60;BLUMENAU;Pedestre andava na pista;Atropelamento de Pedestre;Com V�timas Feridas;Amanhecer;Decrescente;Nublado;Simples;"Reta;Declive";Sim;2;0;0;1;1;0;1;2;-26,88151113;-49,16428037;SPRF-SC;DEL04-SC;UOP01-DEL04-SC;;;
716578;06/09/2025;s�bado;14:00:00;SC;163;2,9;DIONISIO CERQUEIRA;Demais falhas mec�nicas ou el�tricas;Colis�o frontal;Com V�timas Feridas;Pleno dia;Decrescente;C�u Claro;Simples;Curva;N�o;6;0;1;0;4;2;1;5;-26,27736;-53,582438;SPRF-SC;DEL07-SC;UOP03-DEL07-SC;;;
716580;06/09/2025;s�bado;14:44:00;SC;282;340;CAMPOS NOVOS;Acessar a via sem observar a presen�a dos outros ve�culos;Colis�o transversal;Com V�timas Feridas;Pleno dia;Decrescente;Nublado;Simples;Interse��o de Vias;Sim;2;0;1;0;1;0;1;2;-27,3941831;-51,193247;SPRF-SC;DEL07-SC;UOP06-DEL07-SC;;;
716598;06/09/2025;s�bado;09:40:00;MG;262;558;CORREGO DANTA;Acessar a via sem observar a presen�a dos outros ve�culos;Colis�o transversal;Com V�timas Fatais;Pleno dia;Crescente;C�u Claro;Simples;Interse��o de Vias;N�o;4;2;0;0;1;3;0;5;-19,73418519;-46,01553664;SPRF-MG;DEL08-MG;UOP02-DEL08-MG;;;
716600;06/09/2025;s�bado;16:30:00;SP;116;158;JACAREI;Rea��o tardia ou ineficiente do condutor;Tombamento;Com V�timas Feridas;Pleno dia;Decrescente;C�u Claro;Simples;Curva;Sim;2;0;1;0;0;1;1;2;-23,26031193;-45,94972126;SPRF-SP;DEL02-SP;UOP01-DEL02-SP;;;
716606;06/09/2025;s�bado;13:00:00;CE;222;303,7;TIANGUA;Problema com o freio;Colis�o lateral mesmo sentido;Com V�timas Feridas;Pleno dia;Crescente;C�u Claro;Simples;"Curva;Declive";N�o;8;0;1;0;5;2;1;7;-3,669;-40,957;SPRF-CE;DEL04-CE;UOP02-DEL04-CE;;;
716611;13/08/2025;quarta-feira;10:00:00;SC;282;532,3;CORDILHEIRA ALTA;Acessar a via sem observar a presen�a dos outros ve�culos;Colis�o transversal;Com V�timas Feridas;Pleno dia;Crescente;C�u Claro;Simples;Reta;N�o;2;0;0;1;1;0;1;2;-26,99630693;-52,61934042;SPRF-SC;DEL07-SC;UOP01-DEL07-SC;;;
716624;06/09/2025;s�bado;15:55:00;MG;365;86;JEQUITAI;Demais falhas mec�nicas ou el�tricas;Inc�ndio;Sem V�timas;Pleno dia;Decrescente;C�u Claro;Simples;Reta;N�o;2;0;0;0;1;1;0;2;-17,16215897;-44,40916443;SPRF-MG;DEL12-MG;UOP01-DEL12-MG;;;
716629;06/09/2025;s�bado;18:45:00;RJ;393;286;VOLTA REDONDA;Aus�ncia de rea��o do condutor;Colis�o traseira;Com V�timas Feridas;Plena Noite;Decrescente;Nublado;Simples;Reta;N�o;3;0;1;0;1;1;1;3;-22,51192263;-44,08779144;SPRF-RJ;DEL05-RJ;UOP04-DEL05-RJ;;;
716634;06/09/2025;s�bado;18:45:00;AL;101;217,4;IGREJA NOVA;Transitar na contram�o;Colis�o transversal;Com V�timas Feridas;Plena Noite;Crescente;Nublado;Dupla;Aclive;N�o;3;0;1;0;1;1;1;3;-10,046299;-36,653387;SPRF-AL;DEL02-AL;UOP02-DEL02-AL;;;
716644;06/09/2025;s�bado;20:00:00;GO;364;386,6;SANTA RITA DO ARAGUAIA;Problema com o freio;Colis�o traseira;Com V�timas Feridas;Plena Noite;Crescente;C�u Claro;Dupla;Reta;Sim;5;0;0;1;2;2;1;4;-17,324503;-53,207387;SPRF-GO;DEL05-GO;UOP01-DEL05-GO;;;
716647;06/09/2025;s�bado;12:39:00;MT;163;574;NOVA MUTUM;Rea��o tardia ou ineficiente do condutor;Sa�da de leito carro��vel;Com V�timas Feridas;Pleno dia;Crescente;C�u Claro;Dupla;"Curva;Aclive";N�o;2;0;1;0;0;3;1;4;-14,03032;-56,09545;SPRF-MT;DEL01-MT;UOP01-DEL01-MT;;;
716658;06/09/2025;s�bado;21:00:00;RS;116;307;GUAIBA;Desvio tempor�rio;Colis�o lateral mesmo sentido;Com V�timas Fatais;Plena Noite;Decrescente;C�u Claro;Simples;Desvio Tempor�rio;N�o;3;1;0;0;1;2;0;4;-30,18188609;-51,39515567;SPRF-RS;DEL02-RS;UOP01-DEL02-RS;;;
716659;06/09/2025;s�bado;15:30:00;MT;364;126;PEDRA PRETA;Demais falhas mec�nicas ou el�tricas;Inc�ndio;Sem V�timas;Pleno dia;Crescente;C�u Claro;Simples;Reta;N�o;2;0;0;0;1;2;0;3;-16,79111939;-54,13795218;SPRF-MT;DEL02-MT;UOP02-DEL02-MT;;;
716664;06/09/2025;s�bado;19:00:00;MT;364;557;NOBRES;Acessar a via sem observar a presen�a dos outros ve�culos;Colis�o lateral mesmo sentido;Sem V�timas;Plena Noite;Decrescente;C�u Claro;Dupla;Reta;Sim;2;0;0;0;1;1;0;2;-14,7547;-56,3378;SPRF-MT;DEL01-MT;UOP01-DEL01-MT;;;
716668;06/09/2025;s�bado;21:40:00;SC;101;192,1;BIGUACU;Condutor Dormindo;Tombamento;Com V�timas Feridas;Plena Noite;Decrescente;Nublado;Dupla;Curva;Sim;2;0;1;0;0;3;1;4;-27,48831005;-48,64981592;SPRF-SC;DEL01-SC;UOP01-DEL01-SC;;;
716670;06/09/2025;s�bado;20:45:00;MS;158;340,5;BRASILANDIA;Desrespeitar a prefer�ncia no cruzamento;Colis�o transversal;Com V�timas Feridas;Plena Noite;Crescente;C�u Claro;Simples;"Interse��o de Vias;Reta";Sim;3;0;1;0;1;3;1;5;-21,253726;-52,028464;SPRF-MS;DEL07-MS;UOP01-DEL07-MS;;;
716672;06/09/2025;s�bado;21:30:00;MG;50;29,7;ARAGUARI;Velocidade Incompat�vel;Tombamento;Com V�timas Feridas;Plena Noite;Decrescente;C�u Claro;Dupla;"Curva;Declive";N�o;1;0;0;1;0;0;1;1;-18,61631473;-48,11634064;SPRF-MG;DEL15-MG;UOP02-DEL15-MG;;;
716674;06/09/2025;s�bado;20:40:00;ES;101;303;VIANA;Condutor usando celular;Sa�da de leito carro��vel;Sem V�timas;Plena Noite;Crescente;Nublado;M�ltipla;Reta;Sim;2;0;0;0;1;1;0;2;-20,3827311;-40,4596009;SPRF-ES;DEL01-ES;UOP01-DEL01-ES;;;
716682;06/09/2025;s�bado;20:30:00;SP;153;150;PROMISSAO;Rea��o tardia ou ineficiente do condutor;Colis�o frontal;Com V�timas Feridas;Plena Noite;Decrescente;C�u Claro;Simples;"Reta;Interse��o de Vias";N�o;3;0;1;0;1;3;1;5;-21,44394658;-49,7841543;SPRF-SP;DEL07-SP;UOP01-DEL07-SP;;;
716712;06/09/2025;s�bado;19:00:00;MS;267;193,5;NOVA ALVORADA DO SUL;Pedestre andava na pista;Tombamento;Com V�timas Feridas;Plena Noite;Decrescente;C�u Claro;Simples;"Reta;Declive";N�o;8;0;3;0;1;5;3;5;-21,597816;-53,885971;SPRF-MS;DEL02-MS;UOP03-DEL02-MS;;;
716717;07/09/2025;domingo;03:40:00;MG;251;519,6;MONTES CLAROS;Rea��o tardia ou ineficiente do condutor;Colis�o lateral sentido oposto;Sem V�timas;Plena Noite;Crescente;C�u Claro;Simples;"Reta;Declive";N�o;3;0;0;0;2;1;0;3;-16,6625868;-43,7695513;SPRF-MG;DEL12-MG;UOP01-DEL12-MG;;;
716738;07/09/2025;domingo;00:00:00;SC;282;64;RANCHO QUEIMADO;Aus�ncia de rea��o do condutor;Colis�o lateral sentido oposto;Com V�timas Feridas;Plena Noite;Crescente;Garoa/Chuvisco;Simples;Curva;N�o;4;0;0;1;3;0;1;3;-27,68021141;-49,01940521;SPRF-SC;DEL01-SC;UOP03-DEL01-SC;;;
716740;07/09/2025;domingo;06:00:00;SC;101;51,1;JOINVILLE;Problema com o freio;Inc�ndio;Sem V�timas;Pleno dia;Decrescente;Garoa/Chuvisco;Dupla;Reta;N�o;2;0;0;0;1;1;0;2;-26,39768048;-48,83923747;SPRF-SC;DEL03-SC;UOP01-DEL03-SC;;;
716755;07/09/2025;domingo;07:30:00;MG;40;41,9;PARACATU;Condutor Dormindo;Colis�o frontal;Com V�timas Feridas;Pleno dia;Crescente;C�u Claro;Simples;Reta;Sim;3;0;1;0;1;1;1;3;-17,218;-46,867;SPRF-MG;DEL14-MG;UOP01-DEL14-MG;;;
716757;04/06/2025;quarta-feira;03:35:00;SC;101;10;GARUVA;Condutor Dormindo;Derramamento de carga;Sem V�timas;Plena Noite;Decrescente;C�u Claro;M�ltipla;Reta;Sim;3;0;0;0;0;3;0;3;-26,0646061;-48,85990111;SPRF-SC;DEL03-SC;UOP01-DEL03-SC;;;
716766;19/07/2025;s�bado;18:29:00;PA;163;349,6;NOVO PROGRESSO;Aus�ncia de rea��o do condutor;Colis�o frontal;Sem V�timas;Anoitecer;Crescente;Ignorado;Simples;Reta;N�o;4;0;0;0;2;3;0;5;-6,73595017;-55,47848833;SPRF-PA;DEL05-PA;UOP03-DEL05-PA;;;
716779;07/09/2025;domingo;09:40:00;MT;163;874;SINOP;Demais falhas mec�nicas ou el�tricas;Colis�o lateral sentido oposto;Com V�timas Feridas;Pleno dia;Crescente;C�u Claro;Simples;Reta;N�o;6;0;1;0;4;1;1;3;-11,53104542;-55,38793802;SPRF-MT;DEL06-MT;UOP02-DEL06-MT;;;
716791;07/09/2025;domingo;12:00:00;BA;116;572;NOVA ITARANA;Ultrapassagem Indevida;Colis�o frontal;Com V�timas Fatais;Pleno dia;Crescente;C�u Claro;Simples;Curva;N�o;4;1;0;0;1;2;0;4;-13,043047;-39,967005;SPRF-BA;DEL03-BA;UOP02-DEL03-BA;;;
716799;07/09/2025;domingo;12:30:00;ES;101;69,2;SAO MATEUS;Rea��o tardia ou ineficiente do condutor;Colis�o traseira;Com V�timas Feridas;Pleno dia;Crescente;Sol;Simples;Reta;Sim;2;0;1;0;1;0;1;2;-18,7377772;-39,86086456;SPRF-ES;DEL04-ES;UOP02-DEL04-ES;;;
716803;07/09/2025;domingo;12:10:00;AL;101;149,6;JEQUIA DA PRAIA;Velocidade Incompat�vel;Sa�da de leito carro��vel;Com V�timas Feridas;Pleno dia;Decrescente;Sol;Dupla;"Reta;Ponte";N�o;2;0;0;1;0;1;1;2;-9,89402674;-36,14110191;SPRF-AL;DEL02-AL;UOP02-DEL02-AL;;;
716809;07/09/2025;domingo;09:22:00;RO;364;345;JI-PARANA;Rea��o tardia ou ineficiente do condutor;Colis�o transversal;Com V�timas Feridas;Pleno dia;Decrescente;Sol;Dupla;"Curva;Retorno Regulamentado";Sim;5;0;1;0;3;2;1;5;-10,868067;-61,963577;SPRF-RO;DEL02-RO;UOP01-DEL02-RO;;;
716822;07/09/2025;domingo;15:20:00;GO;50;141;IPAMERI;Ingest�o de �lcool pelo condutor;Colis�o traseira;Sem V�timas;Pleno dia;Crescente;C�u Claro;Dupla;Reta;N�o;3;0;0;0;1;4;0;5;-17,100984;-47,722194;SPRF-GO;DEL06-GO;UOP01-DEL06-GO;;;
716830;07/09/2025;domingo;16:35:00;ES;101;368,7;ANCHIETA;Velocidade Incompat�vel;Colis�o com objeto;Com V�timas Feridas;Pleno dia;Crescente;C�u Claro;Simples;Curva;N�o;2;0;1;0;0;1;1;2;-20,75584527;-40,75623496;SPRF-ES;DEL03-ES;UOP01-DEL03-ES;;;
716831;20/08/2025;quarta-feira;11:20:00;MG;251;325;FRUTA DE LEITE;Demais falhas mec�nicas ou el�tricas;Sa�da de leito carro��vel;Com V�timas Fatais;Pleno dia;Crescente;C�u Claro;Simples;Reta;N�o;2;1;0;0;0;2;0;3;-16,217932;-42,368858;SPRF-MG;DEL12-MG;UOP02-DEL12-MG;;;
716843;07/09/2025;domingo;12:45:00;SC;101;57,6;ARAQUARI;Carga excessiva e/ou mal acondicionada;Derramamento de carga;Sem V�timas;Pleno dia;Decrescente;Garoa/Chuvisco;Simples;Interse��o de Vias;N�o;2;0;0;0;1;1;0;2;-26,43799144;-48,80435944;SPRF-SC;DEL03-SC;UOP01-DEL03-SC;;;
716845;07/09/2025;domingo;16:10:00;SC;282;358;ERVAL VELHO;Transitar na contram�o;Colis�o frontal;Com V�timas Feridas;Pleno dia;Decrescente;C�u Claro;Simples;"Curva;Declive";N�o;6;0;1;2;2;1;3;3;-27,3347967;-51,347235;SPRF-SC;DEL07-SC;UOP05-DEL07-SC;;;
716854;07/09/2025;domingo;14:40:00;PA;10;59;ULIANOPOLIS;Demais falhas mec�nicas ou el�tricas;Tombamento;Com V�timas Feridas;Pleno dia;Crescente;Sol;Simples;Reta;N�o;3;0;1;0;1;4;1;6;-3,931775;-47,534795;SPRF-PA;DEL02-PA;UOP02-DEL02-PA;;;
716857;07/09/2025;domingo;14:30:00;PI;135;352;BOM JESUS;Acessar a via sem observar a presen�a dos outros ve�culos;Colis�o traseira;Com V�timas Feridas;Pleno dia;Crescente;C�u Claro;Dupla;Reta;Sim;3;0;0;1;1;3;1;5;-9,075688;-44,357962;SPRF-PI;DEL03-PI;UOP02-DEL03-PI;;;
716865;07/09/2025;domingo;19:00:00;PE;423;75,7;JUCATI;Transitar na contram�o;Colis�o frontal;Com V�timas Fatais;Plena Noite;Decrescente;C�u Claro;Simples;"Reta;Declive";N�o;2;1;0;0;1;0;0;2;-8,7250102;-36,4297108;SPRF-PE;DEL03-PE;UOP01-DEL03-PE;;;
716880;07/09/2025;domingo;13:50:00;MT;364;443,8;VARZEA GRANDE;Ultrapassagem Indevida;Colis�o frontal;Com V�timas Fatais;Pleno dia;Decrescente;C�u Claro;Simples;Curva;N�o;4;1;0;0;2;5;0;8;-15,590508;-56,232929;SPRF-MT;DEL01-MT;UOP02-DEL01-MT;;;
716884;07/09/2025;domingo;19:45:00;MG;116;414;GOVERNADOR VALADARES;Ingest�o de �lcool pelo condutor;Colis�o lateral mesmo sentido;Com V�timas Feridas;Plena Noite;Decrescente;C�u Claro;M�ltipla;Reta;Sim;3;0;2;0;0;1;2;2;-18,883925;-41,949623;SPRF-MG;DEL06-MG;UOP01-DEL06-MG;;;
716889;07/09/2025;domingo;19:00:00;ES;101;73,9;SAO MATEUS;Acessar a via sem observar a presen�a dos outros ve�culos;Colis�o transversal;Com V�timas Feridas;Plena Noite;Crescente;C�u Claro;Simples;Reta;N�o;2;0;1;0;0;1;1;2;-18,776851;-39,873005;SPRF-ES;DEL04-ES;UOP02-DEL04-ES;;;
716893;07/09/2025;domingo;20:30:00;ES;101;88,3;SAO MATEUS;Acessar a via sem observar a presen�a dos outros ve�culos;Colis�o transversal;Com V�timas Fatais;Plena Noite;Crescente;Nublado;Simples;Reta;N�o;3;1;0;0;2;0;0;2;-18,8857256;-39,9501186;SPRF-ES;DEL04-ES;UOP02-DEL04-ES;;;
716894;07/09/2025;domingo;21:00:00;BA;324;587,5;CANDEIAS;Condutor deixou de manter dist�ncia do ve�culo da frente;Colis�o traseira;Sem V�timas;Plena Noite;Crescente;Nublado;Dupla;Reta;N�o;3;0;0;0;2;1;0;3;-12,6622383;-38,4711517;SPRF-BA;DEL01-BA;UOP01-DEL01-BA;;;
716896;07/09/2025;domingo;13:15:00;MT;70;523;VARZEA GRANDE;Demais falhas mec�nicas ou el�tricas;Inc�ndio;Sem V�timas;Pleno dia;Crescente;Sol;Simples;Reta;Sim;2;0;0;0;1;3;0;4;-15,656805;-56,189461;SPRF-MT;DEL01-MT;UOP02-DEL01-MT;;;
716899;01/07/2025;ter�a-feira;18:47:00;PI;316;2,1;TERESINA;Manobra de mudan�a de faixa;Colis�o lateral mesmo sentido;Com V�timas Feridas;Anoitecer;Decrescente;C�u Claro;Dupla;Reta;N�o;2;0;0;1;1;0;1;2;-5,12337803;-42,79637128;SPRF-PI;DEL01-PI;UOP02-DEL01-PI;;;
716916;07/09/2025;domingo;21:50:00;SC;101;84;BARRA VELHA;Aus�ncia de rea��o do condutor;Colis�o traseira;Com V�timas Feridas;Plena Noite;Crescente;Garoa/Chuvisco;Simples;Reta;N�o;2;0;1;0;1;0;1;2;-26,62413526;-48,7147522;SPRF-SC;DEL03-SC;UOP02-DEL03-SC;;;
716941;10/08/2025;domingo;17:30:00;RJ;393;205;VASSOURAS;Avarias e/ou desgaste excessivo no pneu;Sa�da de leito carro��vel;Com V�timas Feridas;Pleno dia;Decrescente;C�u Claro;Simples;Reta;N�o;3;0;1;1;0;1;2;2;-22,25553846;-43,4444797;SPRF-RJ;DEL05-RJ;UOP03-DEL05-RJ;;;
716945;08/09/2025;segunda-feira;05:05:00;BA;101;102;ALAGOINHAS;Pista esburacada;Colis�o transversal;Com V�timas Feridas;Amanhecer;Decrescente;Nublado;Simples;Reta;Sim;5;0;0;2;2;1;2;4;-12,10211768;-38,37381938;SPRF-BA;DEL01-BA;UOP04-DEL01-BA;;;
716952;08/09/2025;segunda-feira;05:10:00;BA;242;365;LENCOIS;Rea��o tardia ou ineficiente do condutor;Colis�o traseira;Com V�timas Feridas;Amanhecer;Decrescente;Chuva;Simples;Curva;N�o;3;0;1;0;1;2;1;4;-12,461528;-41,421618;SPRF-BA;DEL06-BA;UOP01-DEL06-BA;;;
716953;08/09/2025;segunda-feira;04:50:00;SC;470;259,1;CURITIBANOS;Velocidade Incompat�vel;Sa�da de leito carro��vel;Com V�timas Feridas;Plena Noite;Decrescente;Chuva;Simples;"Declive;Curva";N�o;2;0;1;0;0;1;1;2;-27,2997191;-50,68143938;SPRF-SC;DEL05-SC;UOP03-DEL05-SC;;;
716954;08/09/2025;segunda-feira;04:30:00;SE;101;156;ESTANCIA;Avarias e/ou desgaste excessivo no pneu;Inc�ndio;Com V�timas Feridas;Amanhecer;Decrescente;Nublado;Simples;"Curva;Declive";N�o;2;0;1;0;0;1;1;2;-11,3027898;-37,48670084;SPRF-SE;DEL02-SE;UOP01-DEL02-SE;;;
716955;08/09/2025;segunda-feira;07:00:00;PR;277;5,1;PARANAGUA;Rea��o tardia ou ineficiente do condutor;Colis�o lateral mesmo sentido;Com V�timas Feridas;Pleno dia;Crescente;Nublado;Dupla;"Viaduto;Reta;Aclive";Sim;6;0;2;0;1;3;2;6;-25,52542527;-48,52699531;SPRF-PR;DEL01-PR;UOP05-DEL01-PR;;;
716968;08/09/2025;segunda-feira;08:04:00;RS;386;427,6;NOVA SANTA RITA;Aus�ncia de rea��o do condutor;Colis�o frontal;Com V�timas Feridas;Pleno dia;Decrescente;Chuva;Simples;Reta;N�o;5;0;1;1;3;0;2;2;-29,82474234;-51,34264681;SPRF-RS;DEL04-RS;UOP02-DEL04-RS;;;
716972;08/09/2025;segunda-feira;07:50:00;MS;163;468;CAMPO GRANDE;Rea��o tardia ou ineficiente do condutor;Colis�o lateral sentido oposto;Com V�timas Feridas;Pleno dia;Crescente;C�u Claro;Simples;Curva;N�o;8;0;0;1;4;5;1;9;-20,57157602;-54,56532933;SPRF-MS;DEL01-MS;UOP01-DEL01-MS;;;
716978;08/09/2025;segunda-feira;08:08:00;MG;365;597,6;UBERLANDIA;Rea��o tardia ou ineficiente do condutor;Sa�da de leito carro��vel;Com V�timas Feridas;Pleno dia;Decrescente;Sol;Simples;"Declive;Curva";N�o;2;0;1;0;1;0;1;1;-18,87615608;-48,09153062;SPRF-MG;DEL15-MG;UOP01-DEL15-MG;;;
716988;08/09/2025;segunda-feira;08:38:00;SP;116;548;BARRA DO TURVO;Rea��o tardia ou ineficiente do condutor;Eventos at�picos;Com V�timas Feridas;Pleno dia;Crescente;Garoa/Chuvisco;M�ltipla;"Declive;Curva";N�o;2;0;1;0;0;1;1;2;-24,954;-48,451;SPRF-SP;DEL05-SP;UOP02-DEL05-SP;;;
716993;08/09/2025;segunda-feira;10:11:00;ES;101;28;PINHEIROS;Velocidade Incompat�vel;Tombamento;Com V�timas Feridas;Pleno dia;Decrescente;C�u Claro;Simples;"Reta;Declive";N�o;2;0;1;0;0;2;1;3;-18,394302;-39,940893;SPRF-ES;DEL04-ES;UOP02-DEL04-ES;;;
716997;08/09/2025;segunda-feira;10:55:00;PB;101;76,4;SANTA RITA;Demais falhas na via;Colis�o com objeto;Com V�timas Feridas;Pleno dia;Crescente;Sol;Dupla;Reta;N�o;2;0;1;0;1;0;1;1;-7,09511;-34,967384;SPRF-PB;DEL01-PB;UOP03-DEL01-PB;;;
717000;08/09/2025;segunda-feira;10:45:00;PE;101;83;JABOATAO DOS GUARARAPES;Rea��o tardia ou ineficiente do condutor;Engavetamento;Com V�timas Feridas;Pleno dia;Decrescente;Nublado;Dupla;"Declive;Viaduto";Sim;4;0;1;0;2;2;1;5;-8,1719438;-34,93854046;SPRF-PE;DEL01-PE;UOP01-DEL01-PE;;;
717001;08/09/2025;segunda-feira;05:48:00;SC;280;232,6;CANOINHAS;Aus�ncia de rea��o do condutor;Colis�o traseira;Com V�timas Fatais;Plena Noite;Crescente;Garoa/Chuvisco;Simples;"Reta;Aclive";Sim;3;1;0;0;1;1;0;3;-26,190595;-50,388068;SPRF-SC;DEL06-SC;UOP04-DEL06-SC;;;
717004;08/09/2025;segunda-feira;11:55:00;MG;40;460;CAETANOPOLIS;Avarias e/ou desgaste excessivo no pneu;Colis�o lateral mesmo sentido;Com V�timas Feridas;Pleno dia;Decrescente;C�u Claro;Dupla;"Curva;Aclive";N�o;5;0;1;0;3;3;1;7;-19,322765;-44,364848;SPRF-MG;DEL02-MG;UOP01-DEL02-MG;;;
717005;08/09/2025;segunda-feira;12:25:00;SC;470;63;INDAIAL;Aus�ncia de rea��o do condutor;Colis�o lateral sentido oposto;Com V�timas Feridas;Pleno dia;Crescente;Garoa/Chuvisco;Simples;"Declive;Desvio Tempor�rio";N�o;2;0;1;0;1;0;1;2;-26,8701472;-49,20943586;SPRF-SC;DEL04-SC;UOP01-DEL04-SC;;;
717028;11/08/2025;segunda-feira;10:30:00;RS;285;293,1;PASSO FUNDO;Condutor deixou de manter dist�ncia do ve�culo da frente;Colis�o traseira;Com V�timas Feridas;Pleno dia;Crescente;C�u Claro;Simples;Interse��o de Vias;Sim;2;0;1;0;1;0;1;2;-28,23674397;-52,37441182;SPRF-RS;DEL08-RS;UOP03-DEL08-RS;;;
717031;08/09/2025;segunda-feira;13:45:00;SP;116;202;ARUJA;Rea��o tardia ou ineficiente do condutor;Colis�o traseira;Com V�timas Feridas;Pleno dia;Decrescente;C�u Claro;Dupla;Declive;N�o;2;0;1;0;1;0;1;2;-23,41044105;-46,34486899;SPRF-SP;DEL01-SP;UOP01-DEL01-SP;;;
717033;08/09/2025;segunda-feira;13:30:00;PR;277;302;PRUDENTOPOLIS;Condutor deixou de manter dist�ncia do ve�culo da frente;Colis�o traseira;Com V�timas Feridas;Pleno dia;Decrescente;C�u Claro;Simples;"Reta;Declive";N�o;4;0;1;0;2;4;1;6;-25,3096;-51,16814;SPRF-PR;DEL08-PR;UOP01-DEL08-PR;;;
717035;29/07/2025;ter�a-feira;10:34:00;PA;163;626;TRAIRAO;Transitar no Acostamento;Queda de ocupante de ve�culo;Com V�timas Feridas;Pleno dia;Decrescente;C�u Claro;Simples;Reta;N�o;2;0;1;0;1;0;1;2;-4,696122;-55,991049;SPRF-PA;DEL05-PA;UOP03-DEL05-PA;;;
717038;08/09/2025;segunda-feira;14:50:00;SP;116;123,6;CACAPAVA;Rea��o tardia ou ineficiente do condutor;Colis�o traseira;Com V�timas Feridas;Pleno dia;Decrescente;Sol;Dupla;"Reta;Declive";N�o;3;0;1;0;2;0;1;2;-23,0869253;-45,668346;SPRF-SP;DEL02-SP;UOP02-DEL02-SP;;;
717039;08/09/2025;segunda-feira;12:30:00;PI;316;6;TERESINA;Demais falhas mec�nicas ou el�tricas;Sa�da de leito carro��vel;Com V�timas Feridas;Pleno dia;Crescente;C�u Claro;Dupla;Reta;Sim;2;0;1;1;0;0;2;1;-5,14998487;-42,7737371;SPRF-PI;DEL01-PI;UOP02-DEL01-PI;;;
717051;08/09/2025;segunda-feira;13:00:00;BA;135;129;RIACHAO DAS NEVES;Ingest�o de �lcool pelo condutor;Colis�o traseira;Com V�timas Feridas;Pleno dia;Crescente;Sol;Simples;Reta;N�o;3;0;1;0;1;2;1;4;-11,74345608;-44,90090847;SPRF-BA;DEL10-BA;UOP01-DEL10-BA;;;
717055;08/09/2025;segunda-feira;13:00:00;MT;174;263;VALE DE SAO DOMINGOS;Condutor deixou de manter dist�ncia do ve�culo da frente;Colis�o traseira;Sem V�timas;Pleno dia;Crescente;C�u Claro;Simples;"Declive;Reta";N�o;4;0;0;0;3;3;0;5;-15,39841084;-59,15039063;SPRF-MT;DEL04-MT;UOP01-DEL04-MT;;;