id;data_inversa;dia_semana;horario;uf;br;km;municipio;causa_acidente;tipo_acidente;classificacao_acidente;fase_dia;sentido_via;condicao_metereologica;tipo_pista;tracado_via;uso_solo;pessoas;mortos;feridos_leves;feridos_graves;ilesos;ignorados;feridos;veiculos;latitude;longitude;regional;delegacia;uop;;;
717056;04/09/2025;quinta-feira;20:30:00;MT;70;65;BARRA DO GARCAS;Acostamento em desn�vel;Sa�da de leito carro��vel;Sem V�timas;Plena Noite;Decrescente;C�u Claro;Simples;"Reta;Aclive";N�o;2;0;0;0;1;1;0;2;-15,70695242;-52,71855175;SPRF-MT;DEL07-MT;UOP01-DEL07-MT;;;
717067;08/09/2025;segunda-feira;15:00:00;PE;408;23;ALIANCA;Demais falhas mec�nicas ou el�tricas;Capotamento;Com V�timas Feridas;Pleno dia;Decrescente;C�u Claro;Simples;Curva;N�o;3;0;2;0;1;0;2;1;-7,57727088;-35,25225773;SPRF-PE;DEL01-PE;UOP01-DEL01-PE;;;
717068;08/09/2025;segunda-feira;16:40:00;GO;364;264,5;MINEIROS;Aus�ncia de rea��o do condutor;Colis�o traseira;Com V�timas Feridas;Pleno dia;Crescente;C�u Claro;Simples;Reta;N�o;3;0;1;0;1;6;1;8;-17,666842;-52,264913;SPRF-GO;DEL05-GO;UOP01-DEL05-GO;;;
717077;08/09/2025;segunda-feira;17:35:00;PR;376;186;SARANDI;Acessar a via sem observar a presen�a dos outros ve�culos;Colis�o transversal;Com V�timas Feridas;Anoitecer;Decrescente;C�u Claro;Dupla;"Retorno Regulamentado;Reta";Sim;2;0;0;1;1;0;1;2;-23,451268;-51,854309;SPRF-PR;DEL09-PR;UOP01-DEL09-PR;;;
717079;08/09/2025;segunda-feira;13:25:00;SC;470;156,6;TROMBUDO CENTRAL;Aus�ncia de rea��o do condutor;Colis�o frontal;Com V�timas Feridas;Pleno dia;Decrescente;Garoa/Chuvisco;Simples;Curva;N�o;2;0;1;0;1;0;1;2;-27,28535;-49,766335;SPRF-SC;DEL04-SC;UOP02-DEL04-SC;;;
717080;08/09/2025;segunda-feira;17:00:00;ES;262;102;VENDA NOVA DO IMIGRANTE;Condutor deixou de manter dist�ncia do ve�culo da frente;Colis�o traseira;Com V�timas Feridas;Pleno dia;Crescente;C�u Claro;Simples;Reta;Sim;3;0;1;0;2;0;1;3;-20,326887;-41,135094;SPRF-ES;DEL01-ES;UOP02-DEL01-ES;;;
717081;08/09/2025;segunda-feira;15:50:00;SC;280;227,4;TRES BARRAS;Acesso irregular;Colis�o transversal;Com V�timas Feridas;Pleno dia;Decrescente;Nublado;Simples;Reta;N�o;3;0;2;0;1;0;2;2;-26,1834411;-50,3365517;SPRF-SC;DEL06-SC;UOP04-DEL06-SC;;;
717088;08/09/2025;segunda-feira;18:50:00;GO;70;9;AGUAS LINDAS DE GOIAS;Rea��o tardia ou ineficiente do condutor;Colis�o traseira;Com V�timas Feridas;Plena Noite;Decrescente;C�u Claro;Dupla;Reta;Sim;2;0;0;1;1;0;1;2;-15,74368425;-48,26877594;SPRF-DF;DEL03-DF;UOP02-DEL03-DF;;;
717098;08/09/2025;segunda-feira;19:30:00;PR;277;610,9;SANTA TEREZA DO OESTE;Acessar a via sem observar a presen�a dos outros ve�culos;Colis�o transversal;Com V�timas Feridas;Plena Noite;Decrescente;Garoa/Chuvisco;Simples;Rotat�ria;Sim;4;0;0;2;1;1;2;3;-25,052033;-53,630813;SPRF-PR;DEL05-PR;UOP02-DEL05-PR;;;
717107;08/09/2025;segunda-feira;17:30:00;MT;364;586;DIAMANTINO;Rea��o tardia ou ineficiente do condutor;Colis�o lateral mesmo sentido;Sem V�timas;Anoitecer;Crescente;C�u Claro;Dupla;Curva;N�o;3;0;0;0;2;3;0;5;-14,54271152;-56,23283386;SPRF-MT;DEL01-MT;UOP01-DEL01-MT;;;
717110;08/09/2025;segunda-feira;20:00:00;MG;40;500,4;ESMERALDAS;Pedestre andava na pista;Atropelamento de Pedestre;Com V�timas Fatais;Plena Noite;Decrescente;C�u Claro;Dupla;"Reta;Declive";Sim;3;1;0;0;0;2;0;2;-19,7046;-44,17;SPRF-MG;DEL02-MG;UOP01-DEL02-MG;;;
717111;08/09/2025;segunda-feira;19:20:00;MG;381;692;LAVRAS;Velocidade Incompat�vel;Tombamento;Com V�timas Feridas;Plena Noite;Decrescente;C�u Claro;Simples;Curva;N�o;2;0;1;0;0;1;1;2;-21,22462158;-45,12969017;SPRF-MG;DEL04-MG;UOP02-DEL04-MG;;;
717114;08/09/2025;segunda-feira;21:30:00;PR;277;454,6;LARANJEIRAS DO SUL;Ingest�o de �lcool pelo condutor;Colis�o traseira;Com V�timas Feridas;Plena Noite;Crescente;Chuva;Simples;Reta;N�o;2;0;1;0;1;0;1;2;-25,385711;-52,417554;SPRF-PR;DEL04-PR;UOP02-DEL04-PR;;;
717120;08/09/2025;segunda-feira;22:30:00;MG;381;616,1;OLIVEIRA;Ultrapassagem Indevida;Colis�o lateral mesmo sentido;Com V�timas Feridas;Plena Noite;Decrescente;C�u Claro;Dupla;"Aclive;Reta";N�o;3;0;1;0;1;1;1;2;-20,72358499;-44,76868629;SPRF-MG;DEL04-MG;UOP01-DEL04-MG;;;
717125;08/09/2025;segunda-feira;23:10:00;RJ;116;330;ITATIAIA;Aus�ncia de rea��o do condutor;Colis�o traseira;Com V�timas Feridas;Plena Noite;Crescente;Nublado;Dupla;"Reta;Declive";N�o;3;0;0;1;1;2;1;4;-22,50341947;-44,62806773;SPRF-RJ;DEL07-RJ;UOP02-DEL07-RJ;;;
717127;08/09/2025;segunda-feira;20:10:00;MG;381;215,5;BELO ORIENTE;Acessar a via sem observar a presen�a dos outros ve�culos;Colis�o transversal;Com V�timas Feridas;Plena Noite;Decrescente;C�u Claro;Simples;Reta;N�o;4;0;2;0;1;2;2;4;-19,28389418;-42,35659719;SPRF-MG;DEL06-MG;UOP01-DEL06-MG;;;
717129;08/09/2025;segunda-feira;23:00:00;MT;364;349;SANTO ANTONIO DO LEVERGER;Velocidade Incompat�vel;Sa�da de leito carro��vel;Com V�timas Feridas;Plena Noite;Crescente;C�u Claro;Dupla;"Curva;Declive";N�o;1;0;1;0;0;0;1;1;-15,79250134;-55,54902077;SPRF-MT;DEL05-MT;UOP02-DEL05-MT;;;
717131;08/09/2025;segunda-feira;23:53:00;SP;116;524,5;BARRA DO TURVO;Demais falhas mec�nicas ou el�tricas;Inc�ndio;Sem V�timas;Plena Noite;Crescente;C�u Claro;Simples;Reta;N�o;1;0;0;0;1;0;0;1;-24,921232;-48,2599907;SPRF-SP;DEL05-SP;UOP02-DEL05-SP;;;
717132;08/09/2025;segunda-feira;18:30:00;MT;364;490;JANGADA;Ultrapassagem Indevida;Colis�o traseira;Com V�timas Feridas;Plena Noite;Crescente;C�u Claro;Simples;"Reta;Aclive";N�o;4;0;1;0;2;4;1;7;-15,262879;-56,456353;SPRF-MT;DEL01-MT;UOP01-DEL01-MT;;;
717134;08/09/2025;segunda-feira;23:50:00;RS;386;301;POUSO NOVO;Transitar na contram�o;Colis�o frontal;Com V�timas Fatais;Plena Noite;Decrescente;Chuva;Simples;"Curva;Em Obras";N�o;2;1;0;0;1;0;0;2;-29,168604;-52,209178;SPRF-RS;DEL04-RS;UOP01-DEL04-RS;;;
717137;09/09/2025;ter�a-feira;01:10:00;MG;365;684;MONTE ALEGRE DE MINAS;Estacionar ou parar em local proibido;Colis�o lateral mesmo sentido;Com V�timas Feridas;Plena Noite;Crescente;C�u Claro;Dupla;Reta;N�o;3;0;1;0;1;2;1;4;-18,855379;-48,8552872;SPRF-MG;DEL15-MG;UOP01-DEL15-MG;;;
717140;09/09/2025;ter�a-feira;02:45:00;PR;376;502;PONTA GROSSA;Condutor Dormindo;Colis�o frontal;Com V�timas Feridas;Plena Noite;Decrescente;Chuva;Dupla;Reta;N�o;3;0;1;0;1;1;1;3;-25,206069;-50,066821;SPRF-PR;DEL03-PR;UOP04-DEL03-PR;;;
717141;09/09/2025;ter�a-feira;02:30:00;PI;230;310,2;FLORIANO;Ingest�o de �lcool pelo condutor;Colis�o traseira;Sem V�timas;Plena Noite;Crescente;C�u Claro;Simples;Reta;Sim;2;0;0;0;2;0;0;2;-6,763698;-43,010165;SPRF-PI;DEL03-PI;UOP01-DEL03-PI;;;
717143;09/09/2025;ter�a-feira;03:40:00;SP;116;417;JUQUIA;Aus�ncia de rea��o do condutor;Sa�da de leito carro��vel;Com V�timas Feridas;Plena Noite;Decrescente;Nublado;Dupla;Reta;N�o;1;0;1;0;0;0;1;1;-24,3475507;-47,64989225;SPRF-SP;DEL05-SP;UOP01-DEL05-SP;;;
717148;09/09/2025;ter�a-feira;02:00:00;PE;232;122;CARUARU;Condutor Dormindo;Sa�da de leito carro��vel;Com V�timas Feridas;Plena Noite;Crescente;Nublado;Dupla;"Reta;Aclive";N�o;2;0;1;0;0;1;1;2;-8,29881002;-35,8562851;SPRF-PE;DEL02-PE;UOP03-DEL02-PE;;;
717149;08/09/2025;segunda-feira;13:43:00;MT;70;506;SANTO ANTONIO DO LEVERGER;Rea��o tardia ou ineficiente do condutor;Sa�da de leito carro��vel;Com V�timas Feridas;Pleno dia;Crescente;C�u Claro;Simples;Reta;Sim;1;0;1;0;0;0;1;1;-15,70112389;-55,87368747;SPRF-MT;DEL01-MT;UOP02-DEL01-MT;;;
717155;09/09/2025;ter�a-feira;06:25:00;ES;262;64;MARECHAL FLORIANO;Aus�ncia de rea��o do condutor;Tombamento;Sem V�timas;Amanhecer;Decrescente;C�u Claro;Simples;"Curva;Declive";N�o;2;0;0;0;1;1;0;2;-20,41826;-40,81618;SPRF-ES;DEL01-ES;UOP02-DEL01-ES;;;
717156;09/09/2025;ter�a-feira;07:15:00;SP;116;210;GUARULHOS;Trafegar com motocicleta (ou similar) entre as faixas;Colis�o lateral mesmo sentido;Com V�timas Feridas;Pleno dia;Crescente;C�u Claro;M�ltipla;Reta;Sim;3;0;2;0;1;0;2;2;-23,427636;-46,409588;SPRF-SP;DEL01-SP;UOP01-DEL01-SP;;;
717165;09/09/2025;ter�a-feira;07:00:00;SP;116;297;ITAPECERICA DA SERRA;Condutor deixou de manter dist�ncia do ve�culo da frente;Colis�o traseira;Sem V�timas;Pleno dia;Decrescente;C�u Claro;Dupla;Curva;N�o;3;0;0;0;2;1;0;3;-23,77631234;-46,91487193;SPRF-SP;DEL04-SP;UOP01-DEL04-SP;;;
717168;09/09/2025;ter�a-feira;07:45:00;RJ;40;108;DUQUE DE CAXIAS;Aus�ncia de rea��o do condutor;Tombamento;Com V�timas Feridas;Pleno dia;Decrescente;C�u Claro;Dupla;Curva;Sim;2;0;1;0;0;1;1;2;-22,6717222;-43,2847222;SPRF-RJ;DEL01-RJ;UOP02-DEL01-RJ;;;
717172;09/09/2025;ter�a-feira;07:40:00;PR;277;300;PRUDENTOPOLIS;Transitar na contram�o;Colis�o frontal;Com V�timas Feridas;Pleno dia;Crescente;Garoa/Chuvisco;Simples;Curva;N�o;4;0;2;0;1;3;2;5;-25,3107557;-51,0930035;SPRF-PR;DEL08-PR;UOP01-DEL08-PR;;;
717174;09/09/2025;ter�a-feira;07:00:00;PR;277;199,2;PALMEIRA;Condutor Dormindo;Colis�o lateral sentido oposto;Com V�timas Feridas;Pleno dia;Crescente;C�u Claro;Simples;"Aclive;Reta";N�o;4;0;1;0;2;3;1;6;-25,43412855;-50,16082764;SPRF-PR;DEL08-PR;UOP02-DEL08-PR;;;
717177;09/09/2025;ter�a-feira;07:30:00;SC;470;162;TROMBUDO CENTRAL;Manobra de mudan�a de faixa;Colis�o lateral mesmo sentido;Com V�timas Feridas;Pleno dia;Crescente;Nublado;Simples;Curva;N�o;2;0;1;0;0;1;1;2;-27,2811115;-49,821621;SPRF-SC;DEL04-SC;UOP02-DEL04-SC;;;
717178;09/09/2025;ter�a-feira;07:00:00;PR;277;272;IRATI;Acessar a via sem observar a presen�a dos outros ve�culos;Colis�o transversal;Com V�timas Feridas;Pleno dia;Crescente;C�u Claro;Simples;Reta;N�o;3;0;1;0;1;1;1;3;-25,3837546;-50,8550098;SPRF-PR;DEL08-PR;UOP02-DEL08-PR;;;
717184;09/09/2025;ter�a-feira;09:05:00;SC;282;59,1;RANCHO QUEIMADO;Acessar a via sem observar a presen�a dos outros ve�culos;Colis�o transversal;Com V�timas Feridas;Pleno dia;Decrescente;Nublado;Dupla;"Declive;Interse��o de Vias;Em Obras";N�o;3;0;1;1;0;2;2;4;-27,677865;-49,01247;SPRF-SC;DEL01-SC;UOP03-DEL01-SC;;;
717185;09/09/2025;ter�a-feira;09:40:00;SP;116;224;GUARULHOS;Trafegar com motocicleta (ou similar) entre as faixas;Colis�o lateral mesmo sentido;Com V�timas Feridas;Pleno dia;Decrescente;Nublado;Dupla;Declive;Sim;2;0;1;0;0;1;1;2;-23,48466042;-46,53910375;SPRF-SP;DEL01-SP;UOP01-DEL01-SP;;;
717191;09/09/2025;ter�a-feira;09:45:00;TO;153;162;ARAGUAINA;Rea��o tardia ou ineficiente do condutor;Colis�o traseira;Com V�timas Feridas;Pleno dia;Crescente;C�u Claro;Simples;Reta;N�o;3;0;1;0;1;3;1;5;-7,336735;-48,315647;SPRF-TO;DEL02-TO;UOP01-DEL02-TO;;;
717192;09/09/2025;ter�a-feira;09:25:00;BA;110;173;RIBEIRA DO POMBAL;Mal s�bito do condutor;Colis�o traseira;Com V�timas Feridas;Pleno dia;Decrescente;C�u Claro;Simples;Reta;Sim;3;0;1;0;1;1;1;3;-10,826636;-38,531655;SPRF-BA;DEL07-BA;UOP02-DEL07-BA;;;
717197;09/09/2025;ter�a-feira;06:00:00;PE;316;48;TRINDADE;Mal s�bito do condutor;Colis�o lateral sentido oposto;Com V�timas Feridas;Pleno dia;Crescente;C�u Claro;Simples;Reta;N�o;3;0;1;0;1;3;1;5;-7,707342;-40,335293;SPRF-PE;DEL05-PE;UOP02-DEL05-PE;;;
717198;09/09/2025;ter�a-feira;10:10:00;SP;381;31;ATIBAIA;Aus�ncia de rea��o do condutor;Colis�o traseira;Com V�timas Feridas;Pleno dia;Decrescente;C�u Claro;Dupla;Reta;Sim;10;0;3;1;6;0;4;5;-23,05202716;-46,56725099;SPRF-SP;DEL03-SP;UOP02-DEL03-SP;;;
717200;09/09/2025;ter�a-feira;07:30:00;MG;267;76,7;JUIZ DE FORA;Rea��o tardia ou ineficiente do condutor;Colis�o traseira;Com V�timas Feridas;Pleno dia;Crescente;Sol;Simples;Reta;N�o;2;0;1;0;1;0;1;2;-21,748251;-43,204538;SPRF-MG;DEL05-MG;UOP01-DEL05-MG;;;
717203;09/09/2025;ter�a-feira;10:30:00;MG;116;6,1;DIVISA ALEGRE;Velocidade Incompat�vel;Tombamento;Com V�timas Feridas;Pleno dia;Decrescente;C�u Claro;Simples;Curva;N�o;1;0;1;0;0;0;1;1;-15,75048576;-41,33055401;SPRF-BA;DEL08-BA;UOP03-DEL08-BA;;;
717207;09/09/2025;ter�a-feira;09:51:00;SC;116;269,1;CAPAO ALTO;Transitar na contram�o;Colis�o frontal;Com V�timas Fatais;Pleno dia;Crescente;Chuva;Simples;Reta;N�o;3;1;0;0;2;0;0;2;-27,963857;-50,495505;SPRF-SC;DEL05-SC;UOP02-DEL05-SC;;;
717209;09/09/2025;ter�a-feira;11:10:00;RN;304;48,9;MOSSORO;Acessar a via sem observar a presen�a dos outros ve�culos;Colis�o transversal;Sem V�timas;Pleno dia;Crescente;Sol;Simples;Interse��o de Vias;Sim;3;0;0;0;2;2;0;4;-5,235368;-37,3188208;SPRF-RN;DEL04-RN;UOP01-DEL04-RN;;;
717210;09/09/2025;ter�a-feira;10:28:00;MG;381;483,1;BETIM;Rea��o tardia ou ineficiente do condutor;Colis�o traseira;Sem V�timas;Pleno dia;Crescente;C�u Claro;Dupla;"Reta;Declive";N�o;3;0;0;0;2;2;0;4;-19,95826313;-44,08002377;SPRF-MG;DEL01-MG;UOP03-DEL01-MG;;;
717211;09/09/2025;ter�a-feira;10:20:00;SC;470;4,6;NAVEGANTES;Aus�ncia de rea��o do condutor;Colis�o transversal;Com V�timas Feridas;Pleno dia;Decrescente;C�u Claro;Dupla;Reta;N�o;3;0;1;0;1;1;1;3;-26,85620979;-48,69946226;SPRF-SC;DEL04-SC;UOP04-DEL04-SC;;;
717217;01/09/2025;segunda-feira;15:30:00;MG;381;484;BETIM;Manobra de mudan�a de faixa;Colis�o lateral mesmo sentido;Com V�timas Feridas;Pleno dia;Decrescente;C�u Claro;Dupla;"Aclive;Curva";N�o;3;0;1;0;1;1;1;2;-19,95624622;-44,09946442;SPRF-MG;DEL01-MG;UOP03-DEL01-MG;;;
717218;09/09/2025;ter�a-feira;10:20:00;GO;60;273;JANDAIA;Fuma�a;Colis�o traseira;Sem V�timas;Pleno dia;Decrescente;C�u Claro;Dupla;Reta;Sim;5;0;0;0;4;2;0;6;-17,21105317;-50,15298844;SPRF-GO;DEL01-GO;UOP02-DEL01-GO;;;
717220;09/09/2025;ter�a-feira;10:20:00;MS;262;618,2;MIRANDA;Acostamento em desn�vel;Sa�da de leito carro��vel;Com V�timas Fatais;Pleno dia;Crescente;C�u Claro;Simples;Reta;N�o;2;1;0;0;0;1;0;2;-19,96600025;-56,83671445;SPRF-MS;DEL03-MS;UOP02-DEL03-MS;;;
717221;09/09/2025;ter�a-feira;08:00:00;MA;230;75;SUCUPIRA DO RIACHAO;Rea��o tardia ou ineficiente do condutor;Tombamento;Com V�timas Feridas;Pleno dia;Crescente;C�u Claro;Simples;"Curva;Declive";N�o;2;0;1;1;0;0;2;1;-6,492072;-43,571133;SPRF-PI;DEL03-PI;UOP01-DEL03-PI;;;
717229;09/09/2025;ter�a-feira;10:00:00;MA;226;550;CAMPESTRE DO MARANHAO;Aus�ncia de rea��o do condutor;Sa�da de leito carro��vel;Com V�timas Feridas;Pleno dia;Crescente;Sol;Simples;Reta;N�o;2;0;1;0;0;1;1;2;-6,266093;-47,21435;SPRF-MA;DEL04-MA;UOP02-DEL04-MA;;;
717230;09/09/2025;ter�a-feira;14:00:00;BA;242;859;BARREIRAS;Demais falhas mec�nicas ou el�tricas;Inc�ndio;Sem V�timas;Pleno dia;Crescente;C�u Claro;Simples;Reta;N�o;2;0;0;0;1;1;0;2;-12,10489505;-45,32012522;SPRF-BA;DEL10-BA;UOP01-DEL10-BA;;;
717231;09/09/2025;ter�a-feira;06:40:00;MG;251;396;GRAO MOGOL;Acessar a via sem observar a presen�a dos outros ve�culos;Colis�o traseira;Com V�timas Feridas;Amanhecer;Crescente;C�u Claro;Simples;Curva;N�o;5;0;2;0;2;1;2;4;-16,222858;-42,859137;SPRF-MG;DEL12-MG;UOP01-DEL12-MG;;;
717237;09/09/2025;ter�a-feira;14:20:00;PR;369;419,2;UBIRATA;Condutor deixou de manter dist�ncia do ve�culo da frente;Colis�o traseira;Com V�timas Feridas;Pleno dia;Decrescente;C�u Claro;Simples;"Reta;Declive";N�o;4;0;0;2;1;1;2;3;-24,48964228;-52,89534744;SPRF-PR;DEL04-PR;UOP03-DEL04-PR;;;
717238;09/09/2025;ter�a-feira;13:00:00;PR;476;312;PAULO FRONTIN;Velocidade Incompat�vel;Tombamento;Sem V�timas;Pleno dia;Crescente;Sol;Simples;Curva;N�o;2;0;0;0;1;1;0;2;-26,02727438;-50,67679279;SPRF-PR;DEL02-PR;UOP03-DEL02-PR;;;
717241;12/08/2025;ter�a-feira;09:30:00;MG;381;477;CONTAGEM;Trafegar com motocicleta (ou similar) entre as faixas;Colis�o traseira;Com V�timas Feridas;Pleno dia;Decrescente;C�u Claro;Dupla;Reta;Sim;3;0;1;0;1;1;1;3;-19,95828787;-44,03082702;SPRF-MG;DEL01-MG;UOP03-DEL01-MG;;;
717242;09/09/2025;ter�a-feira;14:00:00;PR;376;660;TIJUCAS DO SUL;Rea��o tardia ou ineficiente do condutor;Colis�o traseira;Com V�timas Feridas;Pleno dia;Crescente;C�u Claro;Simples;"Curva;Declive";N�o;3;0;1;0;1;3;1;5;-25,8535123;-49,02223913;SPRF-PR;DEL01-PR;UOP04-DEL01-PR;;;
717244;22/05/2025;quinta-feira;16:00:00;SC;282;489,5;FAXINAL DOS GUEDES;Transitar na contram�o;Colis�o frontal;Com V�timas Fatais;Pleno dia;Decrescente;Chuva;Simples;Curva;N�o;4;1;0;0;1;2;0;3;-26,86327106;-52,27043867;SPRF-SC;DEL07-SC;UOP01-DEL07-SC;;;
717245;09/09/2025;ter�a-feira;13:30:00;MG;365;478,7;PATROCINIO;Transitar na contram�o;Colis�o frontal;Com V�timas Fatais;Pleno dia;Crescente;Sol;Simples;Reta;N�o;3;1;0;0;1;2;0;4;-18,899;-47,052;SPRF-MG;DEL10-MG;UOP01-DEL10-MG;;;
717249;09/09/2025;ter�a-feira;15:30:00;MG;459;64,3;IPUIUNA;Convers�o proibida;Colis�o lateral mesmo sentido;Com V�timas Feridas;Pleno dia;Decrescente;C�u Claro;Simples;Reta;Sim;2;0;1;0;1;0;1;2;-22,099185;-46,183355;SPRF-MG;DEL09-MG;UOP01-DEL09-MG;;;
717251;28/05/2025;quarta-feira;09:38:00;RJ;101;387,8;RIO DE JANEIRO;Manobra de mudan�a de faixa;Colis�o lateral mesmo sentido;Com V�timas Feridas;Pleno dia;Decrescente;C�u Claro;Dupla;Reta;Sim;3;0;3;0;0;0;3;2;-22,888191;-43,657395;SPRF-RJ;DEL03-RJ;UOP01-DEL03-RJ;;;
717252;09/09/2025;ter�a-feira;15:50:00;ES;101;262,8;SERRA;Falta de acostamento;Colis�o lateral mesmo sentido;Com V�timas Feridas;Pleno dia;Decrescente;Sol;Dupla;Reta;Sim;2;0;1;0;1;0;1;2;-20,1637356;-40,27451181;SPRF-ES;DEL02-ES;UOP01-DEL02-ES;;;
717253;09/09/2025;ter�a-feira;15:00:00;MG;116;765;LEOPOLDINA;Desrespeitar a prefer�ncia no cruzamento;Colis�o transversal;Com V�timas Feridas;Pleno dia;Decrescente;C�u Claro;Simples;Declive;Sim;3;0;0;1;1;1;1;3;-21,52085076;-42,65120298;SPRF-MG;DEL07-MG;UOP01-DEL07-MG;;;
717254;09/09/2025;ter�a-feira;08:40:00;BA;135;90;RIACHAO DAS NEVES;Carga excessiva e/ou mal acondicionada;Inc�ndio;Sem V�timas;Pleno dia;Decrescente;Sol;Simples;Reta;N�o;2;0;0;0;1;1;0;2;-11,56315163;-44,83311654;SPRF-BA;DEL10-BA;UOP01-DEL10-BA;;;
717258;09/09/2025;ter�a-feira;16:10:00;GO;153;516,8;APARECIDA DE GOIANIA;Manobra de mudan�a de faixa;Colis�o lateral mesmo sentido;Com V�timas Feridas;Pleno dia;Decrescente;C�u Claro;Dupla;"Reta;Declive";Sim;3;0;1;0;2;0;1;3;-16,843984;-49,245932;SPRF-GO;DEL01-GO;UOP03-DEL01-GO;;;
717259;09/09/2025;ter�a-feira;16:25:00;PR;376;652;TIJUCAS DO SUL;Condutor deixou de manter dist�ncia do ve�culo da frente;Colis�o traseira;Com V�timas Feridas;Pleno dia;Crescente;C�u Claro;Dupla;Reta;N�o;3;0;1;0;1;1;1;3;-25,84527102;-49,06154808;SPRF-PR;DEL01-PR;UOP04-DEL01-PR;;;
717263;09/09/2025;ter�a-feira;16:35:00;PR;116;129;FAZENDA RIO GRANDE;Condutor deixou de manter dist�ncia do ve�culo da frente;Colis�o traseira;Com V�timas Feridas;Pleno dia;Crescente;Sol;M�ltipla;"Declive;Reta";Sim;2;0;1;0;1;0;1;2;-25,6637497;-49,3137323;SPRF-PR;DEL01-PR;UOP03-DEL01-PR;;;
717264;07/08/2025;quinta-feira;06:00:00;PR;163;233,4;TOLEDO;Aus�ncia de rea��o do condutor;Colis�o traseira;Com V�timas Feridas;Amanhecer;Crescente;C�u Claro;M�ltipla;"Reta;Aclive";N�o;3;0;1;0;0;5;1;6;-24,7766053;-53,6814268;SPRF-PR;DEL04-PR;UOP01-DEL04-PR;;;
717268;09/09/2025;ter�a-feira;14:05:00;MG;40;18;PARACATU;Condutor Dormindo;Colis�o lateral sentido oposto;Com V�timas Feridas;Pleno dia;Decrescente;C�u Claro;Simples;Reta;N�o;6;0;1;0;4;2;1;4;-17,106;-47,021;SPRF-MG;DEL14-MG;UOP01-DEL14-MG;;;
717271;29/08/2025;sexta-feira;06:28:00;BA;116;866,9;VITORIA DA CONQUISTA;Transitar na contram�o;Capotamento;Com V�timas Feridas;Amanhecer;Crescente;C�u Claro;Simples;Reta;N�o;2;0;1;0;0;1;1;2;-15,19970079;-41,08074761;SPRF-BA;DEL08-BA;UOP01-DEL08-BA;;;
717279;09/09/2025;ter�a-feira;16:59:00;SP;116;221;GUARULHOS;Manobra de mudan�a de faixa;Colis�o lateral mesmo sentido;Sem V�timas;Pleno dia;Decrescente;Sol;Dupla;"Reta;Em Obras";Sim;4;0;0;0;3;1;0;3;-23,4696358;-46,51288223;SPRF-SP;DEL01-SP;UOP01-DEL01-SP;;;
717282;24/08/2025;domingo;14:55:00;RS;392;102;MORRO REDONDO;Condutor deixou de manter dist�ncia do ve�culo da frente;Colis�o traseira;Com V�timas Feridas;Pleno dia;Crescente;C�u Claro;Simples;Declive;N�o;4;0;2;0;1;5;2;8;-31,51262313;-52,60142863;SPRF-RS;DEL07-RS;UOP01-DEL07-RS;;;
717289;09/09/2025;ter�a-feira;18:30:00;RJ;101;123;CONCEICAO DE MACABU;Mal s�bito do condutor;Colis�o traseira;Com V�timas Feridas;Anoitecer;Decrescente;C�u Claro;M�ltipla;Reta;Sim;3;0;1;0;1;1;1;3;-22,05955077;-41,68418884;SPRF-RJ;DEL08-RJ;UOP02-DEL08-RJ;;;
717290;09/09/2025;ter�a-feira;18:30:00;PR;376;171;MARINGA;Convers�o proibida;Colis�o lateral sentido oposto;Com V�timas Feridas;Pleno dia;Decrescente;C�u Claro;Dupla;"Reta;Em Obras";N�o;2;0;1;0;1;0;1;2;-23,420007;-51,97543591;SPRF-PR;DEL09-PR;UOP01-DEL09-PR;;;
717295;09/09/2025;ter�a-feira;12:45:00;MT;163;631;NOVA MUTUM;Ultrapassagem Indevida;Engavetamento;Com V�timas Feridas;Pleno dia;Crescente;C�u Claro;Simples;"Reta;Desvio Tempor�rio";N�o;9;0;2;0;2;10;2;13;-13,523456;-56,030537;SPRF-MT;DEL01-MT;UOP01-DEL01-MT;;;
717300;09/09/2025;ter�a-feira;16:30:00;MT;364;323,8;SANTO ANTONIO DO LEVERGER;Falta de elemento de conten��o que evite a sa�da do leito carro��vel;Sa�da de leito carro��vel;Com V�timas Feridas;Pleno dia;Crescente;Chuva;Dupla;"Reta;Declive";N�o;2;0;1;0;0;2;1;3;-15,81116038;-55,37572358;SPRF-MT;DEL05-MT;UOP02-DEL05-MT;;;
717301;09/09/2025;ter�a-feira;17:29:00;MG;153;198;FRUTAL;Retorno proibido;Colis�o transversal;Com V�timas Feridas;Anoitecer;Decrescente;C�u Claro;Simples;Reta;N�o;3;0;1;0;1;1;1;3;-19,949;-48,971;SPRF-MG;DEL13-MG;UOP02-DEL13-MG;;;
717306;09/09/2025;ter�a-feira;20:00:00;PA;316;61;CASTANHAL;Rea��o tardia ou ineficiente do condutor;Atropelamento de Pedestre;Com V�timas Feridas;Plena Noite;Crescente;Ignorado;Dupla;Reta;Sim;4;0;0;2;2;0;2;2;-1,297438;-47,944015;SPRF-PA;DEL01-PA;UOP01-DEL01-PA;;;
717308;05/09/2025;sexta-feira;14:06:00;PA;163;625;TRAIRAO;Acessar a via sem observar a presen�a dos outros ve�culos;Colis�o transversal;Com V�timas Feridas;Pleno dia;Crescente;C�u Claro;Simples;Reta;Sim;3;0;1;0;1;3;1;5;-4,7008;-55,9957;SPRF-PA;DEL05-PA;UOP03-DEL05-PA;;;
717309;09/09/2025;ter�a-feira;20:20:00;PR;277;35;PARANAGUA;Demais falhas mec�nicas ou el�tricas;Inc�ndio;Sem V�timas;Plena Noite;Decrescente;C�u Claro;M�ltipla;"Reta;Declive";N�o;2;0;0;0;1;1;0;2;-25,51490021;-48,52270126;SPRF-PR;DEL01-PR;UOP05-DEL01-PR;;;