id;data_inversa;dia_semana;horario;uf;br;km;municipio;causa_acidente;tipo_acidente;classificacao_acidente;fase_dia;sentido_via;condicao_metereologica;tipo_pista;tracado_via;uso_solo;pessoas;mortos;feridos_leves;feridos_graves;ilesos;ignorados;feridos;veiculos;latitude;longitude;regional;delegacia;uop;;;
717313;09/09/2025;ter�a-feira;13:30:00;RN;405;107,7;ITAU;Ingest�o de �lcool pelo condutor;Sa�da de leito carro��vel;Sem V�timas;Pleno dia;Crescente;C�u Claro;Simples;"Aclive;Ponte;Reta";N�o;2;0;0;0;0;2;0;2;-5,831967;-37,979357;SPRF-RN;DEL04-RN;UOP02-DEL04-RN;;;
717314;09/09/2025;ter�a-feira;22:38:00;SP;116;229;SAO PAULO;Condutor deixou de manter dist�ncia do ve�culo da frente;Queda de ocupante de ve�culo;Com V�timas Feridas;Plena Noite;Decrescente;C�u Claro;M�ltipla;"Reta;Em Obras";Sim;3;0;1;0;1;1;1;3;-23,50922334;-46,57257764;SPRF-SP;DEL01-SP;UOP01-DEL01-SP;;;
717316;09/09/2025;ter�a-feira;20:55:00;PR;376;671;GUARATUBA;Demais falhas mec�nicas ou el�tricas;Inc�ndio;Sem V�timas;Plena Noite;Crescente;C�u Claro;Dupla;"Reta;Declive";N�o;2;0;0;0;1;1;0;2;-25,89538212;-48,93039577;SPRF-PR;DEL01-PR;UOP04-DEL01-PR;;;
717318;09/09/2025;ter�a-feira;22:30:00;SP;116;135;SAO JOSE DOS CAMPOS;Manobra de mudan�a de faixa;Colis�o lateral mesmo sentido;Com V�timas Feridas;Plena Noite;Crescente;C�u Claro;Dupla;Reta;N�o;2;0;1;0;0;1;1;2;-23,14647285;-45,77329427;SPRF-SP;DEL02-SP;UOP01-DEL02-SP;;;
717321;09/09/2025;ter�a-feira;22:40:00;PR;376;627;SAO JOSE DOS PINHAIS;Entrada inopinada do pedestre;Atropelamento de Pedestre;Com V�timas Fatais;Plena Noite;Decrescente;C�u Claro;Dupla;Reta;N�o;3;1;1;0;1;0;1;2;-25,67626667;-49,15007766;SPRF-PR;DEL01-PR;UOP04-DEL01-PR;;;
717327;10/09/2025;quarta-feira;01:15:00;SP;116;348;MIRACATU;Aus�ncia de rea��o do condutor;Colis�o traseira;Com V�timas Feridas;Plena Noite;Decrescente;C�u Claro;Dupla;"Curva;Aclive";N�o;2;0;1;0;1;0;1;2;-24,05241248;-47,21217775;SPRF-SP;DEL04-SP;UOP03-DEL04-SP;;;
717332;10/09/2025;quarta-feira;01:50:00;SP;116;144,7;SAO JOSE DOS CAMPOS;Aus�ncia de rea��o do condutor;Colis�o traseira;Com V�timas Fatais;Plena Noite;Crescente;C�u Claro;Dupla;"Reta;Aclive";Sim;3;1;0;0;1;1;0;3;-23,18442;-45,85002;SPRF-SP;DEL02-SP;UOP01-DEL02-SP;;;
717333;10/09/2025;quarta-feira;02:50:00;RJ;101;282;ITABORAI;Rea��o tardia ou ineficiente do condutor;Colis�o traseira;Com V�timas Feridas;Plena Noite;Decrescente;Nublado;Dupla;Reta;N�o;3;0;1;0;1;1;1;3;-22,73657896;-42,80034111;SPRF-RJ;DEL02-RJ;UOP02-DEL02-RJ;;;
717335;10/09/2025;quarta-feira;02:35:00;SP;116;501;CAJATI;Aus�ncia de rea��o do condutor;Colis�o traseira;Com V�timas Feridas;Plena Noite;Decrescente;Nublado;Simples;Reta;N�o;2;0;1;0;1;0;1;2;-24,77938744;-48,17107344;SPRF-SP;DEL05-SP;UOP02-DEL05-SP;;;
717336;10/09/2025;quarta-feira;02:50:00;GO;153;657;GOIATUBA;Condutor Dormindo;Colis�o traseira;Com V�timas Feridas;Plena Noite;Crescente;C�u Claro;Dupla;Reta;N�o;3;0;0;1;1;1;1;3;-18,022027;-49,264;SPRF-GO;DEL03-GO;UOP01-DEL03-GO;;;
717338;10/09/2025;quarta-feira;05:45:00;MG;381;790,6;SAO GONCALO DO SAPUCAI;Aus�ncia de rea��o do condutor;Sa�da de leito carro��vel;Com V�timas Fatais;Amanhecer;Crescente;C�u Claro;Dupla;Reta;N�o;2;1;0;0;0;1;0;2;-21,884165;-45,545185;SPRF-MG;DEL16-MG;UOP02-DEL16-MG;;;
717339;10/09/2025;quarta-feira;04:45:00;MS;163;239;CAARAPO;Condutor Dormindo;Colis�o lateral sentido oposto;Com V�timas Feridas;Amanhecer;Crescente;Nevoeiro/Neblina;Simples;Reta;N�o;4;0;2;0;1;4;2;7;-22,39999869;-54,79182713;SPRF-MS;DEL04-MS;UOP02-DEL04-MS;;;
717340;09/09/2025;ter�a-feira;17:20:00;PR;153;184;TIBAGI;Aus�ncia de rea��o do condutor;Colis�o frontal;Com V�timas Fatais;Anoitecer;Decrescente;C�u Claro;Simples;Reta;N�o;3;1;1;1;0;0;2;2;-24,404464;-50,343011;SPRF-PR;DEL03-PR;UOP02-DEL03-PR;;;
717341;10/09/2025;quarta-feira;06:00:00;PE;232;11;JABOATAO DOS GUARARAPES;Aus�ncia de rea��o do condutor;Colis�o traseira;Com V�timas Feridas;Pleno dia;Crescente;C�u Claro;Dupla;"Reta;Declive";Sim;4;0;2;0;2;0;2;2;-8,083207;-34,997223;SPRF-PE;DEL01-PE;UOP01-DEL01-PE;;;
717345;10/09/2025;quarta-feira;04:30:00;SP;116;375;MIRACATU;Velocidade Incompat�vel;Sa�da de leito carro��vel;Sem V�timas;Plena Noite;Decrescente;Garoa/Chuvisco;Dupla;Reta;N�o;5;0;0;0;1;4;0;3;-24,2080145;-47,37179063;SPRF-SP;DEL04-SP;UOP02-DEL04-SP;;;
717346;10/09/2025;quarta-feira;05:00:00;BA;116;512;SANTA TERESINHA;Condutor Dormindo;Colis�o frontal;Com V�timas Fatais;Amanhecer;Crescente;C�u Claro;Simples;Reta;N�o;3;1;0;0;1;1;0;3;-12,6667;-39,6421;SPRF-BA;DEL02-BA;UOP01-DEL02-BA;;;
717347;10/09/2025;quarta-feira;06:40:00;PR;369;351;CAMPO MOURAO;Acesso irregular;Colis�o traseira;Sem V�timas;Pleno dia;Decrescente;C�u Claro;Simples;Reta;N�o;38;0;0;0;37;1;0;3;-24,1506561;-52,461935;SPRF-PR;DEL09-PR;UOP03-DEL09-PR;;;
717362;10/09/2025;quarta-feira;06:30:00;ES;101;14,8;SERRA;Rea��o tardia ou ineficiente do condutor;Tombamento;Com V�timas Feridas;Pleno dia;Crescente;C�u Claro;Dupla;Reta;N�o;1;0;1;0;0;0;1;1;-20,18072549;-40,3403306;SPRF-ES;DEL02-ES;UOP01-DEL02-ES;;;
717364;10/09/2025;quarta-feira;08:00:00;PE;232;146,3;SAO CAITANO;Demais falhas mec�nicas ou el�tricas;Atropelamento de Pedestre;Com V�timas Feridas;Pleno dia;Decrescente;Nublado;Simples;"Reta;Aclive;Interse��o de Vias";Sim;4;0;0;2;2;0;2;2;-8,334022;-36,13201;SPRF-PE;DEL03-PE;UOP02-DEL03-PE;;;
717366;09/08/2025;s�bado;19:30:00;SP;153;106;JOSE BONIFACIO;Convers�o proibida;Colis�o transversal;Com V�timas Feridas;Plena Noite;Crescente;C�u Claro;Simples;Reta;Sim;3;0;1;0;0;2;1;3;-21,0588754;-49,66011135;SPRF-SP;DEL09-SP;UOP01-DEL09-SP;;;
717371;10/09/2025;quarta-feira;06:00:00;RN;226;338;PATU;Rea��o tardia ou ineficiente do condutor;Tombamento;Com V�timas Feridas;Amanhecer;Crescente;Vento;Simples;Curva;Sim;2;0;1;0;0;1;1;2;-6,09131;-37,640553;SPRF-RN;DEL04-RN;UOP01-DEL04-RN;;;
717379;10/09/2025;quarta-feira;08:00:00;SC;470;109;APIUNA;Condutor deixou de manter dist�ncia do ve�culo da frente;Colis�o traseira;Com V�timas Feridas;Pleno dia;Crescente;Sol;Simples;Curva;N�o;3;0;1;0;1;2;1;4;-27,0844159;-49,45407361;SPRF-SC;DEL04-SC;UOP02-DEL04-SC;;;
717392;09/09/2025;ter�a-feira;19:15:00;GO;60;281,9;JANDAIA;Condutor Dormindo;Sa�da de leito carro��vel;Com V�timas Feridas;Plena Noite;Decrescente;C�u Claro;Dupla;Reta;N�o;1;0;1;0;0;0;1;1;-17,258513;-50,225387;SPRF-GO;DEL04-GO;UOP02-DEL04-GO;;;
717394;10/09/2025;quarta-feira;11:30:00;PR;277;312;GUARAPUAVA;Velocidade Incompat�vel;Colis�o traseira;Com V�timas Feridas;Pleno dia;Decrescente;C�u Claro;Simples;"Declive;Reta;Em Obras";N�o;39;0;24;1;14;0;25;3;-25,335094;-51,216647;SPRF-PR;DEL08-PR;UOP01-DEL08-PR;;;
717396;10/09/2025;quarta-feira;13:00:00;PR;376;408,5;TIBAGI;Condutor deixou de manter dist�ncia do ve�culo da frente;Colis�o traseira;Com V�timas Feridas;Pleno dia;Decrescente;C�u Claro;Dupla;Reta;N�o;3;0;1;0;1;3;1;5;-24,6413399;-50,62553778;SPRF-PR;DEL03-PR;UOP02-DEL03-PR;;;
717398;10/09/2025;quarta-feira;13:02:00;ES;101;161;LINHARES;Acessar a via sem observar a presen�a dos outros ve�culos;Colis�o transversal;Com V�timas Feridas;Pleno dia;Crescente;C�u Claro;Simples;Reta;N�o;3;0;0;1;1;1;1;3;-19,488438;-40,125034;SPRF-ES;DEL04-ES;UOP01-DEL04-ES;;;
717400;10/09/2025;quarta-feira;12:45:00;PB;101;61;SANTA RITA;Condutor Dormindo;Sa�da de leito carro��vel;Com V�timas Feridas;Pleno dia;Crescente;C�u Claro;Dupla;"Aclive;Reta";Sim;2;0;0;1;0;1;1;2;-7,0101359;-35,0606443;SPRF-PB;DEL01-PB;UOP03-DEL01-PB;;;
717402;10/09/2025;quarta-feira;09:00:00;MG;116;600;MANHUACU;Rea��o tardia ou ineficiente do condutor;Colis�o com objeto;Com V�timas Feridas;Pleno dia;Crescente;C�u Claro;Simples;Curva;N�o;2;0;1;0;0;1;1;2;-20,24451542;-42,12910653;SPRF-MG;DEL06-MG;UOP03-DEL06-MG;;;
717404;10/09/2025;quarta-feira;08:30:00;MA;222;643;ACAILANDIA;Acostamento em desn�vel;Tombamento;Com V�timas Fatais;Pleno dia;Decrescente;C�u Claro;Simples;"Reta;Declive";N�o;2;1;1;0;0;0;1;1;-4,77488936;-47,07130909;SPRF-MA;DEL04-MA;UOP03-DEL04-MA;;;
717405;09/09/2025;ter�a-feira;19:00:00;MT;364;121;PEDRA PRETA;Rea��o tardia ou ineficiente do condutor;Sa�da de leito carro��vel;Com V�timas Feridas;Plena Noite;Decrescente;C�u Claro;Simples;Reta;N�o;2;0;1;0;0;2;1;3;-16,82805755;-54,04833689;SPRF-MT;DEL02-MT;UOP02-DEL02-MT;;;
717408;10/09/2025;quarta-feira;13:00:00;PB;230;313;SAO MAMEDE;Aus�ncia de rea��o do condutor;Colis�o traseira;Sem V�timas;Pleno dia;Decrescente;C�u Claro;Simples;Reta;N�o;6;0;0;0;6;0;0;2;-6,9469;-37,11083;SPRF-PB;DEL03-PB;UOP01-DEL03-PB;;;
717413;10/09/2025;quarta-feira;07:38:00;MT;163;613,7;NOVA MUTUM;Condutor Dormindo;Sa�da de leito carro��vel;Com V�timas Feridas;Pleno dia;Crescente;C�u Claro;Dupla;Reta;N�o;2;0;1;0;0;2;1;3;-13,685;-56,0386;SPRF-MT;DEL01-MT;UOP01-DEL01-MT;;;
717415;10/09/2025;quarta-feira;14:30:00;PR;376;673;GUARATUBA;Demais falhas mec�nicas ou el�tricas;Inc�ndio;Sem V�timas;Pleno dia;Crescente;C�u Claro;Simples;"Reta;Declive";N�o;2;0;0;0;1;1;0;2;-25,913148;-48,920082;SPRF-PR;DEL01-PR;UOP04-DEL01-PR;;;
717417;10/09/2025;quarta-feira;13:50:00;PR;277;685;SAO MIGUEL DO IGUACU;Aus�ncia de rea��o do condutor;Colis�o traseira;Com V�timas Feridas;Pleno dia;Decrescente;C�u Claro;Dupla;"Reta;Aclive";N�o;3;0;1;0;1;1;1;3;-25,33621482;-54,20923448;SPRF-PR;DEL05-PR;UOP01-DEL05-PR;;;
717422;10/09/2025;quarta-feira;10:00:00;GO;50;145;IPAMERI;Manobra de mudan�a de faixa;Colis�o lateral mesmo sentido;Com V�timas Feridas;Pleno dia;Decrescente;Sol;Dupla;Reta;N�o;2;0;1;0;1;0;1;2;-17,1318746;-47,7225974;SPRF-GO;DEL06-GO;UOP01-DEL06-GO;;;
717424;10/09/2025;quarta-feira;14:00:00;BA;410;3;RIBEIRA DO POMBAL;Transitar na contram�o;Colis�o frontal;Com V�timas Fatais;Pleno dia;Crescente;C�u Claro;Simples;"Reta;Ponte";Sim;5;1;3;0;0;1;3;4;-10,82938;-38,55286;SPRF-BA;DEL07-BA;UOP02-DEL07-BA;;;
717425;10/09/2025;quarta-feira;10:00:00;MG;381;242,9;SANTANA DO PARAISO;Mal s�bito do condutor;Sa�da de leito carro��vel;Com V�timas Feridas;Pleno dia;Decrescente;Sol;Simples;Curva;N�o;2;0;1;0;0;1;1;2;-19,450398;-42,5175173;SPRF-MG;DEL06-MG;UOP01-DEL06-MG;;;
717426;16/08/2025;s�bado;07:00:00;PR;153;336,2;IRATI;Transitar na contram�o;Colis�o lateral sentido oposto;Sem V�timas;Amanhecer;Decrescente;Nublado;Simples;"Declive;Reta";Sim;2;0;0;0;0;2;0;2;-25,500979;-50,649331;SPRF-PR;DEL08-PR;UOP02-DEL08-PR;;;
717429;10/09/2025;quarta-feira;14:30:00;SC;101;136;BALNEARIO CAMBORIU;Manobra de mudan�a de faixa;Colis�o lateral mesmo sentido;Com V�timas Feridas;Pleno dia;Crescente;C�u Claro;M�ltipla;Reta;Sim;5;0;1;0;2;2;1;4;-27,00657083;-48,62068025;SPRF-SC;DEL04-SC;UOP03-DEL04-SC;;;
717430;10/09/2025;quarta-feira;14:00:00;PR;116;111;CURITIBA;Condutor deixou de manter dist�ncia do ve�culo da frente;Colis�o traseira;Com V�timas Feridas;Pleno dia;Crescente;C�u Claro;Dupla;Reta;Sim;2;0;0;1;1;0;1;2;-25,55512013;-49,2733752;SPRF-PR;DEL01-PR;UOP03-DEL01-PR;;;
717432;29/08/2025;sexta-feira;20:45:00;MG;40;462;SETE LAGOAS;Aus�ncia de rea��o do condutor;Colis�o traseira;Com V�timas Feridas;Pleno dia;Crescente;Chuva;Dupla;"Declive;Reta";N�o;5;0;1;0;3;1;1;5;-19,4125684;-44,3380782;SPRF-MG;DEL02-MG;UOP01-DEL02-MG;;;
717435;10/09/2025;quarta-feira;14:20:00;ES;101;101,5;VENDA NOVA DO IMIGRANTE;Velocidade Incompat�vel;Tombamento;Com V�timas Feridas;Pleno dia;Crescente;Sol;Simples;Curva;N�o;2;0;1;0;0;1;1;2;-20,34266951;-41,1137116;SPRF-ES;DEL04-ES;UOP02-DEL04-ES;;;
717436;10/09/2025;quarta-feira;08:00:00;RS;153;53;ERECHIM;Aus�ncia de rea��o do condutor;Sa�da de leito carro��vel;Sem V�timas;Pleno dia;Crescente;C�u Claro;Simples;"Reta;Declive";Sim;2;0;0;0;1;1;0;2;-27,66936938;-52,29121104;SPRF-RS;DEL08-RS;UOP04-DEL08-RS;;;
717439;10/09/2025;quarta-feira;14:30:00;PE;232;59,3;POMBOS;Aus�ncia de rea��o do condutor;Colis�o traseira;Com V�timas Fatais;Pleno dia;Crescente;C�u Claro;Simples;Reta;Sim;3;1;0;0;1;1;0;3;-8,1470892;-35,401736;SPRF-PE;DEL02-PE;UOP02-DEL02PE;;;
717440;10/09/2025;quarta-feira;10:00:00;GO;153;116;ESTRELA DO NORTE;Demais falhas mec�nicas ou el�tricas;Inc�ndio;Sem V�timas;Pleno dia;Decrescente;C�u Claro;Simples;Reta;N�o;2;0;0;0;1;2;0;3;-13,79941631;-49,0367657;SPRF-GO;DEL07-GO;UOP01-DEL07-GO;;;
717441;10/09/2025;quarta-feira;16:10:00;MG;50;0;ARAGUARI;Velocidade Incompat�vel;Tombamento;Com V�timas Fatais;Anoitecer;Decrescente;C�u Claro;Dupla;"Reta;Declive";N�o;2;1;0;0;0;2;0;3;-18,42469263;-48,06565762;SPRF-MG;DEL15-MG;UOP02-DEL15-MG;;;
717442;10/09/2025;quarta-feira;15:00:00;SP;116;110;TAUBATE;Rea��o tardia ou ineficiente do condutor;Colis�o traseira;Com V�timas Feridas;Pleno dia;Decrescente;C�u Claro;Dupla;Reta;Sim;7;0;4;0;3;0;4;3;-23,03207494;-45,54974405;SPRF-SP;DEL02-SP;UOP02-DEL02-SP;;;
717443;09/07/2025;quarta-feira;05:38:00;PA;163;626;TRAIRAO;Mal s�bito do condutor;Sa�da de leito carro��vel;Com V�timas Feridas;Amanhecer;Crescente;Ignorado;Simples;"Reta;Declive";N�o;2;0;1;0;0;3;1;4;-4,70564;-55,99949;SPRF-PA;DEL05-PA;UOP03-DEL05-PA;;;
717444;10/09/2025;quarta-feira;15:45:00;SP;116;376;MIRACATU;Rea��o tardia ou ineficiente do condutor;Colis�o lateral mesmo sentido;Com V�timas Feridas;Pleno dia;Crescente;C�u Claro;Dupla;Curva;Sim;2;0;1;0;0;1;1;2;-24,2675561;-47,3932469;SPRF-SP;DEL04-SP;UOP02-DEL04-SP;;;
717445;10/09/2025;quarta-feira;10:52:00;MA;230;520,9;RIACHAO;Aus�ncia de rea��o do condutor;Colis�o traseira;Com V�timas Fatais;Pleno dia;Decrescente;C�u Claro;Simples;Reta;N�o;3;1;0;0;1;3;0;5;-7,410255;-47,007307;SPRF-MA;DEL05-MA;UOP01-DEL05-MA;;;
717446;10/09/2025;quarta-feira;11:10:00;BA;135;88;RIACHAO DAS NEVES;Demais falhas mec�nicas ou el�tricas;Colis�o lateral sentido oposto;Com V�timas Feridas;Pleno dia;Crescente;C�u Claro;Simples;Reta;N�o;5;0;0;1;3;1;1;3;-11,45462;-44,87537;SPRF-BA;DEL10-BA;UOP01-DEL10-BA;;;
717447;10/09/2025;quarta-feira;13:50:00;BA;101;474,9;URUCUCA;Rea��o tardia ou ineficiente do condutor;Sa�da de leito carro��vel;Com V�timas Feridas;Pleno dia;Crescente;C�u Claro;Simples;Reta;N�o;2;0;2;0;0;0;2;1;-14,5697;-39,3356;SPRF-BA;DEL05-BA;UOP01-DEL05-BA;;;
717449;10/09/2025;quarta-feira;15:05:00;BA;101;108;ALAGOINHAS;Condutor deixou de manter dist�ncia do ve�culo da frente;Colis�o traseira;Sem V�timas;Pleno dia;Crescente;C�u Claro;Simples;"Rotat�ria;Reta";Sim;4;0;0;0;3;1;0;3;-12,14841686;-38,39550984;SPRF-BA;DEL01-BA;UOP04-DEL01-BA;;;
717452;10/09/2025;quarta-feira;15:00:00;MS;163;777;COXIM;Demais falhas mec�nicas ou el�tricas;Inc�ndio;Sem V�timas;Pleno dia;Crescente;Sol;Dupla;Aclive;N�o;2;0;0;0;1;1;0;2;-18,12454908;-54,70096914;SPRF-MS;DEL06-MS;UOP01-DEL06-MS;;;
717458;10/09/2025;quarta-feira;17:50:00;PR;376;456,4;PONTA GROSSA;Aus�ncia de rea��o do condutor;Sa�da de leito carro��vel;Com V�timas Feridas;Anoitecer;Crescente;C�u Claro;Dupla;"Reta;Aclive";N�o;3;0;2;0;0;1;2;2;-24,970275;-50,384336;SPRF-PR;DEL03-PR;UOP02-DEL03-PR;;;
717463;10/09/2025;quarta-feira;11:40:00;PR;153;309;IMBITUVA;Rea��o tardia ou ineficiente do condutor;Colis�o transversal;Sem V�timas;Pleno dia;Decrescente;C�u Claro;Simples;Reta;N�o;2;0;0;0;2;0;0;2;-25,29522478;-50,63718796;SPRF-PR;DEL08-PR;UOP02-DEL08-PR;;;
717464;10/09/2025;quarta-feira;18:00:00;MG;50;202;DELTA;Aus�ncia de rea��o do condutor;Colis�o traseira;Sem V�timas;Anoitecer;Crescente;C�u Claro;Dupla;Reta;N�o;3;0;0;0;2;2;0;4;-19,948561;-47,806684;SPRF-MG;DEL13-MG;UOP01-DEL13-MG;;;
717470;05/09/2025;sexta-feira;14:30:00;PE;407;128;PETROLINA;Acessar a via sem observar a presen�a dos outros ve�culos;Colis�o frontal;Com V�timas Feridas;Pleno dia;Crescente;C�u Claro;Simples;"Reta;Interse��o de Vias";Sim;6;0;1;0;4;1;1;2;-9,393825;-40,511692;SPRF-PE;DEL06-PE;UOP01-DEL06-PE;;;
717478;10/09/2025;quarta-feira;19:00:00;SP;116;97,8;PINDAMONHANGABA;Condutor deixou de manter dist�ncia do ve�culo da frente;Engavetamento;Com V�timas Feridas;Plena Noite;Decrescente;C�u Claro;Dupla;Reta;Sim;10;0;6;0;3;2;6;6;-22,97172744;-45,44318072;SPRF-SP;DEL08-SP;UOP01-DEL08-SP;;;
717481;10/09/2025;quarta-feira;19:25:00;PR;277;1;PARANAGUA;Rea��o tardia ou ineficiente do condutor;Colis�o lateral sentido oposto;Com V�timas Feridas;Plena Noite;Decrescente;C�u Claro;Simples;Reta;Sim;3;0;2;0;0;1;2;3;-25,5289119;-48,5476632;SPRF-PR;DEL01-PR;UOP05-DEL01-PR;;;
717488;10/09/2025;quarta-feira;19:00:00;ES;101;16,7;SERRA;Aus�ncia de rea��o do condutor;Colis�o com objeto;Sem V�timas;Plena Noite;Crescente;C�u Claro;Dupla;Curva;N�o;2;0;0;0;1;1;0;2;-20,07971406;-40,36634445;SPRF-ES;DEL02-ES;UOP01-DEL02-ES;;;
717492;10/09/2025;quarta-feira;19:25:00;PI;343;344;TERESINA;Acesso irregular;Colis�o transversal;Com V�timas Fatais;Plena Noite;Decrescente;C�u Claro;Simples;"Reta;Em Obras";Sim;2;1;0;0;0;1;0;2;-5,09977585;-42,76505381;SPRF-PI;DEL01-PI;UOP01-DEL01-PI;;;
717493;10/09/2025;quarta-feira;17:30:00;MT;163;733;SORRISO;Demais falhas mec�nicas ou el�tricas;Inc�ndio;Sem V�timas;Anoitecer;Decrescente;C�u Claro;Simples;Aclive;N�o;1;0;0;0;1;0;0;1;-12,69560759;-55,80917358;SPRF-MT;DEL06-MT;UOP01-DEL06-MT;;;
717496;10/09/2025;quarta-feira;20:40:00;PR;116;114;CURITIBA;Rea��o tardia ou ineficiente do condutor;Sa�da de leito carro��vel;Sem V�timas;Plena Noite;Crescente;Nublado;M�ltipla;Reta;Sim;3;0;0;0;2;2;0;4;-25,54596942;-49,29570643;SPRF-PR;DEL01-PR;UOP03-DEL01-PR;;;
717500;10/09/2025;quarta-feira;19:05:00;PR;277;589,9;CASCAVEL;Velocidade Incompat�vel;Engavetamento;Com V�timas Feridas;Plena Noite;Decrescente;C�u Claro;Simples;Reta;Sim;4;0;1;0;2;1;1;4;-24,98058199;-53,45409605;SPRF-PR;DEL04-PR;UOP01-DEL04-PR;;;
717502;10/09/2025;quarta-feira;19:30:00;PE;423;68,8;JUPI;Rea��o tardia ou ineficiente do condutor;Tombamento;Com V�timas Fatais;Plena Noite;Decrescente;C�u Claro;Simples;"Curva;Declive";N�o;1;1;0;0;0;0;0;1;-8,6745815;-36,3905974;SPRF-PE;DEL03-PE;UOP01-DEL03-PE;;;
717505;10/09/2025;quarta-feira;21:10:00;ES;101;315;VILA VELHA;Velocidade Incompat�vel;Tombamento;Com V�timas Feridas;Plena Noite;Decrescente;Nublado;Dupla;"Aclive;Curva";N�o;2;0;1;0;0;1;1;2;-20,47643682;-40,47060582;SPRF-ES;DEL01-ES;UOP01-DEL01-ES;;;
717506;10/09/2025;quarta-feira;18:50:00;MG;40;696,5;BARBACENA;Suic�dio (presumido);Colis�o frontal;Com V�timas Feridas;Plena Noite;Crescente;C�u Claro;Simples;Reta;N�o;3;0;0;1;2;0;1;3;-21,174665;-43,756227;SPRF-MG;DEL05-MG;UOP02-DEL05-MG;;;
717515;10/09/2025;quarta-feira;22:17:00;MG;262;366,8;JUATUBA;Acessar a via sem observar a presen�a dos outros ve�culos;Colis�o transversal;Com V�timas Fatais;Plena Noite;Crescente;C�u Claro;Dupla;"Reta;Retorno Regulamentado";N�o;2;1;0;0;1;0;0;2;-19,957035;-44,3641;SPRF-MG;DEL01-MG;UOP03-DEL01-MG;;;
717518;10/09/2025;quarta-feira;21:20:00;MG;381;632,5;OLIVEIRA;Demais falhas mec�nicas ou el�tricas;Colis�o traseira;Com V�timas Feridas;Plena Noite;Decrescente;C�u Claro;Dupla;"Reta;Aclive";N�o;3;0;1;0;1;3;1;5;-20,83995819;-44,82502189;SPRF-MG;DEL04-MG;UOP01-DEL04-MG;;;
717521;10/09/2025;quarta-feira;21:40:00;MG;381;410;NOVA UNIAO;Velocidade Incompat�vel;Colis�o traseira;Com V�timas Feridas;Plena Noite;Decrescente;C�u Claro;Dupla;"Curva;Declive";N�o;2;0;1;0;1;0;1;2;-19,73497478;-43,59936588;SPRF-MG;DEL01-MG;UOP01-DEL01-MG;;;
717527;10/09/2025;quarta-feira;23:20:00;MG;262;400,5;PARA DE MINAS;Velocidade Incompat�vel;Sa�da de leito carro��vel;Com V�timas Feridas;Plena Noite;Decrescente;C�u Claro;Dupla;"Curva;Declive";N�o;1;0;1;0;0;0;1;1;-19,88911;-44,64556;SPRF-MG;DEL01-MG;UOP03-DEL01-MG;;;
717529;10/09/2025;quarta-feira;23:30:00;MG;381;229,8;SANTANA DO PARAISO;Aus�ncia de rea��o do condutor;Colis�o lateral mesmo sentido;Com V�timas Fatais;Plena Noite;Decrescente;C�u Claro;Simples;Curva;N�o;2;1;0;0;0;1;0;2;-19,3611611;-42,4475214;SPRF-MG;DEL06-MG;UOP01-DEL06-MG;;;
717532;11/09/2025;quinta-feira;02:50:00;MG;262;117;RIO CASCA;Condutor Dormindo;Tombamento;Com V�timas Feridas;Plena Noite;Decrescente;C�u Claro;Simples;Curva;N�o;2;0;1;0;0;1;1;2;-20,23026795;-42,63147355;SPRF-MG;DEL03-MG;UOP03-DEL03-MG;;;
717536;11/09/2025;quinta-feira;04:45:00;PR;376;653;GUARATUBA;Demais falhas mec�nicas ou el�tricas;Inc�ndio;Sem V�timas;Amanhecer;Crescente;Nevoeiro/Neblina;Dupla;"Curva;Aclive";N�o;2;0;0;0;1;1;0;2;-25,913148;-48,920082;SPRF-PR;DEL01-PR;UOP04-DEL01-PR;;;
717537;11/09/2025;quinta-feira;04:50:00;ES;101;406,5;ITAPEMIRIM;Rea��o tardia ou ineficiente do condutor;Tombamento;Com V�timas Fatais;Amanhecer;Crescente;C�u Claro;Simples;Curva;N�o;2;1;0;0;0;1;0;2;-20,89356564;-41,02660252;SPRF-ES;DEL03-ES;UOP02-DEL03-ES;;;
717539;11/09/2025;quinta-feira;03:45:00;BA;116;792,4;VITORIA DA CONQUISTA;Rea��o tardia ou ineficiente do condutor;Colis�o traseira;Sem V�timas;Pleno dia;Crescente;Ignorado;Simples;Reta;N�o;4;0;0;0;3;1;0;3;-14,72150386;-40,62066615;SPRF-BA;DEL08-BA;UOP02-DEL08-BA;;;
717541;10/09/2025;quarta-feira;17:30:00;BA;101;339;TEOLANDIA;Curva acentuada;Tombamento;Com V�timas Feridas;Plena Noite;Decrescente;C�u Claro;Simples;Curva;N�o;1;0;1;0;0;0;1;1;-13,537907;-39,449567;SPRF-BA;DEL05-BA;UOP03-DEL05-BA;;;
717542;10/09/2025;quarta-feira;20:15:00;GO;60;387,2;RIO VERDE;Aus�ncia de rea��o do condutor;Colis�o traseira;Sem V�timas;Plena Noite;Decrescente;C�u Claro;M�ltipla;Reta;Sim;2;0;0;0;2;0;0;2;-17,820137;-50,945522;SPRF-GO;DEL04-GO;UOP02-DEL04-GO;;;
717544;11/09/2025;quinta-feira;06:50:00;SP;116;205;ARUJA;Rea��o tardia ou ineficiente do condutor;Colis�o traseira;Com V�timas Feridas;Pleno dia;Decrescente;Nublado;M�ltipla;Reta;Sim;3;0;1;0;2;0;1;3;-23,414918;-46,366588;SPRF-SP;DEL01-SP;UOP01-DEL01-SP;;;