id;data_inversa;dia_semana;horario;uf;br;km;municipio;causa_acidente;tipo_acidente;classificacao_acidente;fase_dia;sentido_via;condicao_metereologica;tipo_pista;tracado_via;uso_solo;pessoas;mortos;feridos_leves;feridos_graves;ilesos;ignorados;feridos;veiculos;latitude;longitude;regional;delegacia;uop;;;
717545;11/09/2025;quinta-feira;05:00:00;MG;381;444,7;SABARA;Condutor Dormindo;Colis�o frontal;Com V�timas Feridas;Plena Noite;Decrescente;C�u Claro;Simples;Reta;N�o;3;0;1;0;1;2;1;4;-19,83447262;-43,85437338;SPRF-MG;DEL01-MG;UOP01-DEL01-MG;;;
717551;11/09/2025;quinta-feira;06:30:00;GO;70;2;AGUAS LINDAS DE GOIAS;Problema com o freio;Colis�o lateral mesmo sentido;Sem V�timas;Pleno dia;Decrescente;C�u Claro;Dupla;Reta;N�o;5;0;0;0;5;0;0;5;-15,763641;-48,232321;SPRF-DF;DEL03-DF;UOP02-DEL03-DF;;;
717561;11/09/2025;quinta-feira;07:20:00;SC;101;105,4;PENHA;Rea��o tardia ou ineficiente do condutor;Colis�o traseira;Com V�timas Feridas;Pleno dia;Crescente;Sol;Dupla;"Reta;Aclive";N�o;2;0;0;1;0;1;1;2;-26,80759882;-48,68121235;SPRF-SC;DEL03-SC;UOP02-DEL03-SC;;;
717564;11/09/2025;quinta-feira;08:40:00;SC;470;54;BLUMENAU;Acessar a via sem observar a presen�a dos outros ve�culos;Colis�o transversal;Com V�timas Feridas;Pleno dia;Crescente;C�u Claro;M�ltipla;Rotat�ria;Sim;2;0;1;0;1;0;1;2;-26,86252565;-49,09173196;SPRF-SC;DEL04-SC;UOP01-DEL04-SC;;;
717565;14/06/2025;s�bado;21:40:00;PR;476;344,5;PAULA FREITAS;Condutor Dormindo;Sa�da de leito carro��vel;Sem V�timas;Plena Noite;Decrescente;Nublado;Simples;"Reta;Ponte";N�o;2;0;0;0;1;1;0;2;-26,1798751;-50,93405619;SPRF-PR;DEL02-PR;UOP03-DEL02-PR;;;
717577;11/09/2025;quinta-feira;07:25:00;MG;50;172;UBERABA;Manobra de mudan�a de faixa;Colis�o lateral mesmo sentido;Com V�timas Feridas;Pleno dia;Decrescente;C�u Claro;Dupla;Reta;Sim;5;0;1;1;2;3;2;5;-19,758514;-47,978664;SPRF-MG;DEL13-MG;UOP01-DEL13-MG;;;
717578;11/09/2025;quinta-feira;06:40:00;PE;232;70;GRAVATA;Demais falhas mec�nicas ou el�tricas;Inc�ndio;Sem V�timas;Pleno dia;Crescente;Nublado;Dupla;Curva;Sim;1;0;0;0;1;0;0;1;-8,182447;-35,491315;SPRF-PE;DEL02-PE;UOP02-DEL02PE;;;
717582;15/08/2025;sexta-feira;08:30:00;MT;174;435;COMODORO;Ultrapassagem Indevida;Colis�o lateral mesmo sentido;Com V�timas Feridas;Pleno dia;Crescente;C�u Claro;Simples;Reta;N�o;4;0;2;0;2;0;2;3;-14,02922348;-59,74236488;SPRF-MT;DEL04-MT;UOP02-DEL04-MT;;;
717588;11/09/2025;quinta-feira;07:50:00;MG;381;158,3;GOVERNADOR VALADARES;Aus�ncia de rea��o do condutor;Colis�o lateral sentido oposto;Com V�timas Feridas;Pleno dia;Decrescente;C�u Claro;Simples;Reta;N�o;3;0;1;0;1;1;1;3;-18,92289;-42,030511;SPRF-MG;DEL06-MG;UOP01-DEL06-MG;;;
717589;11/09/2025;quinta-feira;09:00:00;MT;364;210;RONDONOPOLIS;Trafegar com motocicleta (ou similar) entre as faixas;Colis�o lateral mesmo sentido;Com V�timas Feridas;Pleno dia;Crescente;C�u Claro;Dupla;Reta;N�o;3;0;1;1;1;0;2;2;-16,4397;-54,6777;SPRF-MT;DEL02-MT;UOP01-DEL02-MT;;;
717592;11/09/2025;quinta-feira;10:00:00;SC;282;22,4;SANTO AMARO DA IMPERATRIZ;Aus�ncia de rea��o do condutor;Colis�o traseira;Com V�timas Feridas;Pleno dia;Crescente;C�u Claro;Simples;Reta;Sim;2;0;0;1;1;0;1;2;-27,68946;-48,73239;SPRF-SC;DEL01-SC;UOP02-DEL01-SC;;;
717594;11/09/2025;quinta-feira;10:30:00;SP;116;390;MIRACATU;Velocidade Incompat�vel;Colis�o lateral mesmo sentido;Com V�timas Feridas;Pleno dia;Decrescente;C�u Claro;Dupla;Reta;Sim;4;0;1;0;2;1;1;4;-24,30932365;-47,50330353;SPRF-SP;DEL04-SP;UOP02-DEL04-SP;;;
717598;11/09/2025;quinta-feira;11:10:00;SC;116;2,1;MAFRA;Transitar na contram�o;Colis�o frontal;Com V�timas Feridas;Pleno dia;Decrescente;C�u Claro;Simples;Reta;N�o;5;0;4;0;1;0;4;2;-26,1259811;-49,7949475;SPRF-SC;DEL06-SC;UOP01-DEL06-SC;;;
717604;11/09/2025;quinta-feira;12:00:00;MG;262;348;BETIM;Acesso irregular;Colis�o lateral mesmo sentido;Com V�timas Feridas;Pleno dia;Decrescente;C�u Claro;Dupla;Reta;N�o;3;0;1;0;1;2;1;4;-19,984386;-44,207139;SPRF-MG;DEL01-MG;UOP03-DEL01-MG;;;
717605;11/09/2025;quinta-feira;11:30:00;MG;381;491,1;BETIM;Manobra de mudan�a de faixa;Colis�o lateral mesmo sentido;Sem V�timas;Pleno dia;Crescente;C�u Claro;M�ltipla;Reta;Sim;4;0;0;0;2;2;0;4;-19,9583663;-44,1528388;SPRF-MG;DEL01-MG;UOP03-DEL01-MG;;;
717615;11/09/2025;quinta-feira;04:00:00;MS;262;708,3;CORUMBA;Demais falhas mec�nicas ou el�tricas;Inc�ndio;Sem V�timas;Plena Noite;Crescente;C�u Claro;Simples;Reta;N�o;2;0;0;0;1;1;0;2;-19,503639;-57,432252;SPRF-MS;DEL03-MS;UOP03-DEL03-MS;;;
717616;11/09/2025;quinta-feira;09:00:00;MG;116;97,3;MEDINA;Ultrapassagem Indevida;Colis�o frontal;Com V�timas Feridas;Pleno dia;Decrescente;Sol;Simples;Declive;N�o;4;0;1;1;1;1;2;3;-16,412748;-41,481043;SPRF-MG;DEL11-MG;UOP02-DEL11-MG;;;
717623;11/09/2025;quinta-feira;13:35:00;RS;101;67;MAQUINE;Aus�ncia de rea��o do condutor;Colis�o traseira;Com V�timas Feridas;Pleno dia;Decrescente;C�u Claro;Dupla;"Reta;Em Obras";N�o;2;0;1;0;1;0;1;2;-29,72278038;-50,19675558;SPRF-RS;DEL03-RS;UOP02-DEL03-RS;;;
717627;11/09/2025;quinta-feira;09:30:00;SC;282;406;CATANDUVAS;Transitar na contram�o;Colis�o traseira;Sem V�timas;Pleno dia;Decrescente;C�u Claro;Simples;"Reta;Declive";N�o;4;0;0;0;3;2;0;5;-27,09562;-51,65537;SPRF-SC;DEL07-SC;UOP05-DEL07-SC;;;
717629;21/07/2025;segunda-feira;14:00:00;SC;116;4,9;MAFRA;Manobra de mudan�a de faixa;Colis�o transversal;Com V�timas Feridas;Pleno dia;Crescente;C�u Claro;Simples;Reta;N�o;2;0;1;0;1;0;1;2;-26,139873;-49,8169632;SPRF-SC;DEL06-SC;UOP01-DEL06-SC;;;
717630;11/09/2025;quinta-feira;14:51:00;SC;470;89,1;ASCURRA;Acessar a via sem observar a presen�a dos outros ve�culos;Colis�o traseira;Com V�timas Feridas;Pleno dia;Decrescente;C�u Claro;Simples;"Curva;Retorno Regulamentado";Sim;2;0;0;1;1;0;1;2;-26,96180997;-49,37135696;SPRF-SC;DEL04-SC;UOP01-DEL04-SC;;;
717636;11/09/2025;quinta-feira;15:27:00;GO;153;362;JARAGUA;Desrespeitar a prefer�ncia no cruzamento;Colis�o transversal;Com V�timas Feridas;Pleno dia;Crescente;C�u Claro;Simples;Reta;N�o;3;0;0;2;1;0;2;2;-15,78705027;-49,30342197;SPRF-GO;DEL02-GO;UOP02-DEL02-GO;;;
717638;11/09/2025;quinta-feira;11:55:00;BA;20;200;LUIS EDUARDO MAGALHAES;Aus�ncia de rea��o do condutor;Colis�o lateral sentido oposto;Com V�timas Feridas;Pleno dia;Decrescente;Sol;Simples;Reta;N�o;3;0;1;0;1;3;1;5;-12,17846156;-45,82414627;SPRF-BA;DEL10-BA;UOP01-DEL10-BA;;;
717639;03/09/2025;quarta-feira;14:00:00;ES;101;281;SERRA;Acessar a via sem observar a presen�a dos outros ve�culos;Colis�o traseira;Com V�timas Feridas;Pleno dia;Crescente;Nublado;Dupla;"Retorno Regulamentado;Reta";N�o;6;0;1;0;5;0;1;2;-20,22191;-40,35798;SPRF-ES;DEL02-ES;UOP01-DEL02-ES;;;
717648;11/09/2025;quinta-feira;16:20:00;MG;40;506;RIBEIRAO DAS NEVES;Rea��o tardia ou ineficiente do condutor;Colis�o traseira;Com V�timas Feridas;Pleno dia;Crescente;C�u Claro;Dupla;Reta;Sim;3;0;2;0;1;0;2;2;-19,75358;-44,14449;SPRF-MG;DEL02-MG;UOP01-DEL02-MG;;;
717649;11/09/2025;quinta-feira;14:23:00;MT;163;1089;GUARANTA DO NORTE;Rea��o tardia ou ineficiente do condutor;Colis�o traseira;Com V�timas Feridas;Pleno dia;Decrescente;Sol;Simples;"Reta;Em Obras";N�o;3;0;1;0;1;6;1;8;-9,7522;-54,8927;SPRF-MT;DEL06-MT;UOP03-DEL06-MT;;;
717655;11/09/2025;quinta-feira;13:30:00;GO;153;593;PIRACANJUBA;Rea��o tardia ou ineficiente do condutor;Colis�o traseira;Com V�timas Feridas;Pleno dia;Crescente;Sol;Dupla;Curva;N�o;7;0;3;1;2;1;4;3;-17,48200846;-49,20979209;SPRF-GO;DEL03-GO;UOP01-DEL03-GO;;;
717656;11/09/2025;quinta-feira;16:30:00;RJ;101;322;NITEROI;Carga excessiva e/ou mal acondicionada;Derramamento de carga;Sem V�timas;Pleno dia;Crescente;C�u Claro;Dupla;Curva;Sim;2;0;0;0;1;1;0;2;-22,8782058;-43,1159452;SPRF-RJ;DEL02-RJ;UOP01-DEL02-RJ;;;
717663;11/09/2025;quinta-feira;17:17:00;TO;153;145;ARAGUAINA;Demais falhas mec�nicas ou el�tricas;Colis�o com objeto;Sem V�timas;Pleno dia;Crescente;C�u Claro;M�ltipla;Reta;Sim;5;0;0;0;3;4;0;7;-7,20613072;-48,2412318;SPRF-TO;DEL02-TO;UOP01-DEL02-TO;;;
717664;11/09/2025;quinta-feira;14:40:00;MG;40;309;TRES MARIAS;Demais Fen�menos da natureza;Inc�ndio;Sem V�timas;Pleno dia;Crescente;Sol;Simples;Reta;N�o;2;0;0;0;1;3;0;4;-18,432014;-45,077911;SPRF-MG;DEL14-MG;UOP02-DEL14-MG;;;
717666;11/09/2025;quinta-feira;16:45:00;SC;282;515,3;XAXIM;Condutor deixou de manter dist�ncia do ve�culo da frente;Colis�o traseira;Com V�timas Feridas;Pleno dia;Decrescente;Sol;Simples;Reta;N�o;3;0;1;0;2;0;1;2;-26,92292;-52,496252;SPRF-SC;DEL07-SC;UOP01-DEL07-SC;;;
717667;11/09/2025;quinta-feira;14:30:00;RJ;101;292;SAO GONCALO;Demais falhas mec�nicas ou el�tricas;Eventos at�picos;Com V�timas Feridas;Pleno dia;Crescente;C�u Claro;Dupla;Reta;Sim;2;0;0;1;1;0;1;2;-22,793066;-43,024902;SPRF-RJ;DEL02-RJ;UOP02-DEL02-RJ;;;
717670;08/09/2025;segunda-feira;17:00:00;AM;174;1079;PRESIDENTE FIGUEIREDO;Aus�ncia de rea��o do condutor;Sa�da de leito carro��vel;Com V�timas Feridas;Anoitecer;Crescente;C�u Claro;Simples;Reta;N�o;1;0;0;1;0;0;1;1;-1,36687;-60,358825;SPRF-AM;DEL01-AM;UOP02-DEL01-AM;;;
717674;11/09/2025;quinta-feira;17:40:00;MG;153;140;PRATA;Ultrapassagem Indevida;Colis�o frontal;Com V�timas Feridas;Pleno dia;Crescente;Sol;Simples;Reta;N�o;4;0;1;0;2;3;1;6;-19,566033;-48,825589;SPRF-MG;DEL15-MG;UOP03-DEL15-MG;;;
717675;11/09/2025;quinta-feira;17:20:00;MT;70;514;VARZEA GRANDE;Acessar a via sem observar a presen�a dos outros ve�culos;Colis�o transversal;Com V�timas Feridas;Anoitecer;Decrescente;C�u Claro;Simples;"Interse��o de Vias;Retorno Regulamentado;Reta";Sim;3;0;1;0;1;1;1;3;-15,706163;-56,131948;SPRF-MT;DEL01-MT;UOP02-DEL01-MT;;;
717680;11/09/2025;quinta-feira;19:00:00;RS;285;125;VACARIA;Aus�ncia de rea��o do condutor;Colis�o lateral sentido oposto;Com V�timas Feridas;Plena Noite;Crescente;C�u Claro;Simples;Reta;N�o;2;0;0;1;1;0;1;2;-28,4811024;-50,96278667;SPRF-RS;DEL05-RS;UOP03-DEL05-RS;;;
717682;11/09/2025;quinta-feira;18:58:00;SC;282;16,3;PALHOCA;Rea��o tardia ou ineficiente do condutor;Colis�o traseira;Com V�timas Feridas;Plena Noite;Crescente;C�u Claro;Simples;"Interse��o de Vias;Reta";Sim;3;0;0;1;2;0;1;3;-27,66166484;-48,68453979;SPRF-SC;DEL01-SC;UOP02-DEL01-SC;;;
717684;11/09/2025;quinta-feira;15:30:00;MG;364;19;FRUTAL;Rea��o tardia ou ineficiente do condutor;Colis�o traseira;Com V�timas Feridas;Pleno dia;Decrescente;C�u Claro;Simples;Reta;N�o;2;0;0;1;0;1;1;2;-20,05186;-48,83136;SPRF-MG;DEL13-MG;UOP02-DEL13-MG;;;
717685;11/09/2025;quinta-feira;18:45:00;SC;480;128;CHAPECO;Acessar a via sem observar a presen�a dos outros ve�culos;Colis�o transversal;Com V�timas Feridas;Plena Noite;Decrescente;C�u Claro;Simples;"Reta;Viaduto";N�o;3;0;0;1;1;1;1;3;-27,027794;-52,634088;SPRF-SC;DEL07-SC;UOP01-DEL07-SC;;;
717688;11/09/2025;quinta-feira;18:50:00;PR;376;631;SAO JOSE DOS PINHAIS;Demais falhas mec�nicas ou el�tricas;Inc�ndio;Sem V�timas;Anoitecer;Decrescente;C�u Claro;Dupla;Reta;Sim;2;0;0;0;1;1;0;2;-25,71136375;-49,13905084;SPRF-PR;DEL01-PR;UOP04-DEL01-PR;;;
717693;24/08/2025;domingo;09:00:00;PI;343;297;ALTOS;Acessar a via sem observar a presen�a dos outros ve�culos;Colis�o lateral mesmo sentido;Com V�timas Fatais;Pleno dia;Decrescente;C�u Claro;Simples;Reta;N�o;2;1;0;0;1;0;0;2;-4,95140608;-42,33856201;SPRF-PI;DEL01-PI;UOP03-DEL01-PI;;;
717699;11/09/2025;quinta-feira;18:00:00;SP;116;281;EMBU DAS ARTES;Manobra de mudan�a de faixa;Colis�o lateral mesmo sentido;Com V�timas Feridas;Pleno dia;Decrescente;C�u Claro;Dupla;Reta;Sim;4;0;1;0;2;1;1;4;-23,6532857;-46,8482331;SPRF-SP;DEL04-SP;UOP01-DEL04-SP;;;
717700;11/09/2025;quinta-feira;19:00:00;PR;369;394,5;MAMBORE;Aus�ncia de rea��o do condutor;Sa�da de leito carro��vel;Com V�timas Feridas;Plena Noite;Crescente;C�u Claro;Simples;"Reta;Aclive";N�o;3;0;2;0;0;1;2;2;-24,332;-52,672;SPRF-PR;DEL04-PR;UOP03-DEL04-PR;;;
717702;11/09/2025;quinta-feira;15:30:00;GO;452;127,9;BOM JESUS DE GOIAS;Problema com o freio;Inc�ndio;Sem V�timas;Pleno dia;Crescente;C�u Claro;Simples;Reta;N�o;2;0;0;0;1;1;0;2;-18,196775;-49,796157;SPRF-GO;DEL03-GO;UOP02-DEL03-GO;;;
717708;11/09/2025;quinta-feira;18:15:00;PR;277;608,4;SANTA TEREZA DO OESTE;Acessar a via sem observar a presen�a dos outros ve�culos;Colis�o transversal;Com V�timas Fatais;Anoitecer;Crescente;C�u Claro;Simples;Reta;Sim;3;1;0;0;1;1;0;3;-25,0451454;-53,6086127;SPRF-PR;DEL05-PR;UOP02-DEL05-PR;;;
717709;11/09/2025;quinta-feira;18:15:00;SP;381;87;SAO PAULO;Aus�ncia de rea��o do condutor;Colis�o com objeto;Com V�timas Fatais;Plena Noite;Decrescente;C�u Claro;Simples;Reta;Sim;2;1;0;0;1;0;0;2;-23,5290043;-46,5533774;SPRF-SP;DEL03-SP;UOP01-DEL03-SP;;;
717711;11/09/2025;quinta-feira;19:00:00;MT;163;822;SINOP;Rea��o tardia ou ineficiente do condutor;Colis�o traseira;Com V�timas Feridas;Plena Noite;Decrescente;C�u Claro;Simples;Reta;Sim;4;0;2;0;1;2;2;5;-11,977;-55,517;SPRF-MT;DEL06-MT;UOP02-DEL06-MT;;;
717717;11/09/2025;quinta-feira;18:30:00;MG;50;159;UBERABA;Demais falhas mec�nicas ou el�tricas;Tombamento;Com V�timas Fatais;Plena Noite;Decrescente;C�u Claro;Dupla;Reta;N�o;3;1;0;0;1;3;0;5;-19,633841;-48,012337;SPRF-MG;DEL13-MG;UOP01-DEL13-MG;;;
717718;11/09/2025;quinta-feira;14:40:00;MG;381;228;BELO ORIENTE;Condutor deixou de manter dist�ncia do ve�culo da frente;Colis�o traseira;Com V�timas Feridas;Pleno dia;Decrescente;C�u Claro;Simples;"Curva;Declive;Em Obras";N�o;5;0;1;0;3;1;1;4;-19,28367392;-42,35673398;SPRF-MG;DEL06-MG;UOP01-DEL06-MG;;;
717722;11/09/2025;quinta-feira;16:00:00;MG;40;634,7;CONSELHEIRO LAFAIETE;Demais falhas mec�nicas ou el�tricas;Inc�ndio;Sem V�timas;Pleno dia;Decrescente;Nublado;Simples;Curva;N�o;2;0;0;0;1;1;0;2;-20,70282018;-43,79261255;SPRF-MG;DEL05-MG;UOP02-DEL05-MG;;;
717723;11/09/2025;quinta-feira;22:30:00;GO;20;180,2;SIMOLANDIA;Ingest�o de �lcool pelo condutor;Colis�o frontal;Sem V�timas;Plena Noite;Crescente;C�u Claro;Simples;"Ponte;Reta";N�o;2;0;0;0;1;1;0;2;-14,476089;-46,490686;SPRF-DF;DEL02-DF;UOP03-DEL02-DF;;;
717729;12/09/2025;sexta-feira;00:00:00;ES;101;310;CARIACICA;Ingest�o de �lcool pelo condutor;Sa�da de leito carro��vel;Com V�timas Feridas;Plena Noite;Crescente;C�u Claro;Dupla;Curva;N�o;1;0;1;0;0;0;1;1;-20,3372167;-40,384865;SPRF-ES;DEL01-ES;UOP01-DEL01-ES;;;
717730;11/09/2025;quinta-feira;20:30:00;PE;407;76;PETROLINA;Curva acentuada;Colis�o com objeto;Com V�timas Feridas;Plena Noite;Decrescente;Ignorado;Simples;Curva;N�o;2;0;1;0;0;1;1;2;-8,980867;-40,7083317;SPRF-PE;DEL06-PE;UOP02-DEL06-PE;;;
717732;11/09/2025;quinta-feira;22:30:00;DF;70;16;BRASILIA;Aus�ncia de rea��o do condutor;Colis�o traseira;Com V�timas Feridas;Plena Noite;Crescente;C�u Claro;Simples;Ponte;N�o;6;0;3;1;1;1;4;3;-15,7840214;-48,23236361;SPRF-DF;DEL03-DF;UOP02-DEL03-DF;;;
717738;12/09/2025;sexta-feira;02:50:00;RJ;116;185;NOVA IGUACU;Condutor deixou de manter dist�ncia do ve�culo da frente;Colis�o lateral mesmo sentido;Com V�timas Feridas;Plena Noite;Crescente;C�u Claro;Dupla;"Reta;Em Obras";Sim;3;0;1;0;2;0;1;2;-22,74058905;-43,45570056;SPRF-RJ;DEL06-RJ;UOP01-DEL06-RJ;;;
717741;12/09/2025;sexta-feira;04:20:00;MG;116;565,1;MANHUACU;Demais falhas mec�nicas ou el�tricas;Inc�ndio;Sem V�timas;Plena Noite;Crescente;C�u Claro;Simples;Reta;N�o;2;0;0;0;1;1;0;2;-20,06865828;-42,17797101;SPRF-MG;DEL06-MG;UOP03-DEL06-MG;;;
717779;12/09/2025;sexta-feira;07:50:00;GO;153;512;APARECIDA DE GOIANIA;Aus�ncia de rea��o do condutor;Colis�o traseira;Com V�timas Feridas;Pleno dia;Decrescente;C�u Claro;Simples;Reta;Sim;3;0;0;1;1;1;1;3;-16,849069;-49,2360011;SPRF-GO;DEL01-GO;UOP03-DEL01-GO;;;
717780;12/09/2025;sexta-feira;07:40:00;MG;381;531,9;ITATIAIUCU;Velocidade Incompat�vel;Sa�da de leito carro��vel;Com V�timas Feridas;Pleno dia;Decrescente;C�u Claro;Dupla;"Curva;Declive";N�o;3;0;1;0;1;1;1;2;-20,164287;-44,365912;SPRF-MG;DEL04-MG;UOP03-DEL04-MG;;;
717782;11/09/2025;quinta-feira;18:40:00;PA;163;530;TRAIRAO;Demais falhas mec�nicas ou el�tricas;Inc�ndio;Sem V�timas;Anoitecer;Crescente;Ignorado;Simples;Reta;N�o;2;0;0;0;1;3;0;4;-5,3038;-55,9694;SPRF-PA;DEL05-PA;UOP03-DEL05-PA;;;
717784;12/09/2025;sexta-feira;08:00:00;SC;282;2,9;FLORIANOPOLIS;Trafegar com motocicleta (ou similar) entre as faixas;Colis�o lateral mesmo sentido;Com V�timas Feridas;Pleno dia;Decrescente;Sol;Dupla;Reta;Sim;3;0;0;1;1;1;1;3;-27,60207695;-48,5968101;SPRF-SC;DEL01-SC;UOP01-DEL01-SC;;;
717786;12/09/2025;sexta-feira;07:45:00;SC;101;380,7;ICARA;Aus�ncia de rea��o do condutor;Colis�o lateral mesmo sentido;Sem V�timas;Pleno dia;Crescente;C�u Claro;M�ltipla;Reta;N�o;3;0;0;0;2;2;0;4;-28,76518565;-49,29531097;SPRF-SC;DEL02-SC;UOP02-DEL02-SC;;;
717790;07/09/2025;domingo;00:10:00;BA;101;370;GANDU;Curva acentuada;Sa�da de leito carro��vel;Com V�timas Feridas;Plena Noite;Decrescente;C�u Claro;Simples;"Declive;Curva";N�o;1;0;1;0;0;0;1;1;-13,78712593;-39,49371524;SPRF-BA;DEL05-BA;UOP03-DEL05-BA;;;
717793;12/09/2025;sexta-feira;07:20:00;MG;40;236;SAO GONCALO DO ABAETE;Rea��o tardia ou ineficiente do condutor;Sa�da de leito carro��vel;Com V�timas Feridas;Pleno dia;Crescente;Sol;Simples;Reta;N�o;2;0;1;0;0;1;1;2;-18,03816;-45,526943;SPRF-MG;DEL14-MG;UOP02-DEL14-MG;;;
717799;12/09/2025;sexta-feira;09:35:00;SC;101;299;LAGUNA;Manobra de mudan�a de faixa;Colis�o lateral mesmo sentido;Com V�timas Feridas;Pleno dia;Crescente;C�u Claro;Dupla;Reta;N�o;5;0;1;0;3;1;1;3;-28,35218289;-48,74112217;SPRF-SC;DEL02-SC;UOP03-DEL02-SC;;;
717802;12/09/2025;sexta-feira;10:00:00;PR;373;179;PONTA GROSSA;Convers�o proibida;Colis�o transversal;Com V�timas Feridas;Pleno dia;Decrescente;C�u Claro;Simples;Reta;Sim;3;0;1;0;1;1;1;3;-25,041596;-50,268161;SPRF-PR;DEL03-PR;UOP01-DEL03-PR;;;
717807;27/06/2025;sexta-feira;07:40:00;MA;10;276;IMPERATRIZ;Estacionar ou parar em local proibido;Colis�o traseira;Com V�timas Feridas;Pleno dia;Crescente;C�u Claro;Simples;Reta;Sim;3;0;0;1;1;3;1;5;-5,317397;-47,493602;SPRF-MA;DEL04-MA;UOP01-DEL04-MA;;;
717811;12/09/2025;sexta-feira;11:20:00;GO;50;205,6;CAMPO ALEGRE DE GOIAS;Condutor Dormindo;Colis�o traseira;Com V�timas Feridas;Pleno dia;Crescente;C�u Claro;Dupla;Reta;N�o;3;0;0;1;1;3;1;5;-17,614921;-47,781527;SPRF-GO;DEL06-GO;UOP01-DEL06-GO;;;
717814;12/09/2025;sexta-feira;11:43:00;RS;116;241,1;NOVO HAMBURGO;Condutor deixou de manter dist�ncia do ve�culo da frente;Colis�o traseira;Com V�timas Feridas;Pleno dia;Crescente;C�u Claro;M�ltipla;"Reta;Em Obras";Sim;3;0;1;0;2;0;1;2;-29,71156175;-51,14761897;SPRF-RS;DEL01-RS;UOP02-DEL01-RS;;;
717815;12/09/2025;sexta-feira;11:35:00;MG;40;516;RIBEIRAO DAS NEVES;Condutor deixou de manter dist�ncia do ve�culo da frente;Colis�o traseira;Com V�timas Feridas;Pleno dia;Decrescente;C�u Claro;Dupla;Reta;Sim;4;0;1;0;2;2;1;5;-19,822513;-44,084378;SPRF-MG;DEL01-MG;UOP02-DEL01-MG;;;
717816;12/09/2025;sexta-feira;11:35:00;RS;472;572;URUGUAIANA;Acessar a via sem observar a presen�a dos outros ve�culos;Colis�o traseira;Sem V�timas;Pleno dia;Crescente;C�u Claro;Simples;Reta;Sim;7;0;0;0;6;1;0;3;-29,76672147;-57,02507904;SPRF-RS;DEL13-RS;UOP01-DEL13-RS;;;
717817;12/09/2025;sexta-feira;11:40:00;SP;116;198;ARUJA;Rea��o tardia ou ineficiente do condutor;Colis�o traseira;Com V�timas Feridas;Pleno dia;Crescente;C�u Claro;Dupla;Aclive;N�o;2;0;1;0;0;1;1;2;-23,39920709;-46,30059814;SPRF-SP;DEL01-SP;UOP01-DEL01-SP;;;
717818;12/09/2025;sexta-feira;07:00:00;MT;364;152;PEDRA PRETA;Carga excessiva e/ou mal acondicionada;Sa�da de leito carro��vel;Com V�timas Feridas;Pleno dia;Decrescente;C�u Claro;Simples;Reta;N�o;2;0;1;0;0;3;1;4;-16,72464016;-54,26440877;SPRF-MT;DEL02-MT;UOP01-DEL02-MT;;;
717823;12/09/2025;sexta-feira;11:25:00;SC;101;340;TUBARAO;Rea��o tardia ou ineficiente do condutor;Colis�o transversal;Sem V�timas;Pleno dia;Decrescente;C�u Claro;Simples;Interse��o de Vias;Sim;2;0;0;0;2;0;0;2;-28,50718786;-49,04939381;SPRF-SC;DEL02-SC;UOP01-DEL02-SC;;;
717828;12/09/2025;sexta-feira;11:23:00;PI;343;590,1;FLORIANO;Condutor deixou de manter dist�ncia do ve�culo da frente;Colis�o lateral mesmo sentido;Com V�timas Feridas;Pleno dia;Decrescente;C�u Claro;Dupla;"Aclive;Reta";Sim;3;0;1;1;1;0;2;2;-6,78460074;-43,01630238;SPRF-PI;DEL03-PI;UOP01-DEL03-PI;;;
717829;12/09/2025;sexta-feira;05:40:00;MA;230;15,3;BARAO DE GRAJAU;Falta de acostamento;Sa�da de leito carro��vel;Com V�timas Feridas;Amanhecer;Decrescente;C�u Claro;Simples;"Aclive;Reta";N�o;2;0;0;1;0;3;1;4;-6,717628;-43,137928;SPRF-PI;DEL03-PI;UOP01-DEL03-PI;;;
717834;12/09/2025;sexta-feira;10:00:00;RN;427;86,7;CAICO;Curva acentuada;Sa�da de leito carro��vel;Com V�timas Feridas;Pleno dia;Decrescente;C�u Claro;Simples;Curva;N�o;3;0;2;0;0;1;2;2;-6,500384;-37,011233;SPRF-RN;DEL03-RN;UOP01-DEL03-RN;;;
717838;12/09/2025;sexta-feira;12:00:00;SC;282;315,4;VARGEM;Condutor Dormindo;Colis�o traseira;Com V�timas Feridas;Pleno dia;Crescente;C�u Claro;Simples;Reta;N�o;3;0;0;1;1;1;1;3;-27,4439077;-51,0060249;SPRF-SC;DEL07-SC;UOP06-DEL07-SC;;;
717840;12/09/2025;sexta-feira;13:00:00;SC;470;243;CURITIBANOS;Condutor deixou de manter dist�ncia do ve�culo da frente;Colis�o traseira;Com V�timas Feridas;Pleno dia;Crescente;C�u Claro;Simples;"Curva;Aclive";N�o;5;0;2;0;1;2;2;3;-27,313971;-50,520065;SPRF-SC;DEL05-SC;UOP03-DEL05-SC;;;
717841;12/09/2025;sexta-feira;14:45:00;SP;381;69;MAIRIPORA;Rea��o tardia ou ineficiente do condutor;Tombamento;Com V�timas Feridas;Pleno dia;Decrescente;C�u Claro;M�ltipla;"Curva;Declive";N�o;2;0;0;1;0;1;1;2;-23,349534;-46,560593;SPRF-SP;DEL03-SP;UOP01-DEL03-SP;;;