id;data_inversa;dia_semana;horario;uf;br;km;municipio;causa_acidente;tipo_acidente;classificacao_acidente;fase_dia;sentido_via;condicao_metereologica;tipo_pista;tracado_via;uso_solo;pessoas;mortos;feridos_leves;feridos_graves;ilesos;ignorados;feridos;veiculos;latitude;longitude;regional;delegacia;uop;;;
717843;10/09/2025;quarta-feira;20:00:00;MT;163;1024;PEIXOTO DE AZEVEDO;Ingest�o de �lcool pelo condutor;Sa�da de leito carro��vel;Sem V�timas;Plena Noite;Decrescente;C�u Claro;Simples;"Declive;Reta";N�o;2;0;0;0;1;2;0;3;-10,28577096;-55,0233457;SPRF-MT;DEL06-MT;UOP03-DEL06-MT;;;
717845;12/09/2025;sexta-feira;12:49:00;MT;163;816;SINOP;Ultrapassagem Indevida;Colis�o lateral mesmo sentido;Com V�timas Feridas;Pleno dia;Crescente;C�u Claro;Simples;"Desvio Tempor�rio;Em Obras";N�o;3;0;0;1;1;3;1;5;-12,02245124;-55,51697284;SPRF-MT;DEL06-MT;UOP02-DEL06-MT;;;
717847;12/09/2025;sexta-feira;12:00:00;MG;381;314;NOVA ERA;Transitar na contram�o;Colis�o lateral mesmo sentido;Com V�timas Feridas;Pleno dia;Decrescente;C�u Claro;Simples;Curva;N�o;3;0;0;1;2;0;1;3;-19,690661;-42,991961;SPRF-MG;DEL03-MG;UOP02-DEL03-MG;;;
717864;12/09/2025;sexta-feira;14:30:00;PR;163;343;GUAIRA;Aus�ncia de rea��o do condutor;Engavetamento;Com V�timas Feridas;Pleno dia;Crescente;C�u Claro;Simples;Reta;N�o;3;0;1;0;2;0;1;3;-24,11619177;-54,23946826;SPRF-PR;DEL06-PR;UOP01-DEL06-PR;;;
717865;12/09/2025;sexta-feira;13:55:00;BA;116;583,5;BREJOES;Velocidade Incompat�vel;Sa�da de leito carro��vel;Com V�timas Feridas;Pleno dia;Crescente;C�u Claro;Simples;"Curva;Declive";N�o;2;0;0;1;0;1;1;2;-13,1189138;-39,9900648;SPRF-BA;DEL03-BA;UOP02-DEL03-BA;;;
717870;12/09/2025;sexta-feira;16:00:00;MG;40;525,8;CONTAGEM;Trafegar com motocicleta (ou similar) entre as faixas;Colis�o lateral mesmo sentido;Com V�timas Feridas;Pleno dia;Decrescente;C�u Claro;Dupla;Reta;Sim;2;0;1;0;0;1;1;2;-19,89217986;-44,05010083;SPRF-MG;DEL01-MG;UOP02-DEL01-MG;;;
717871;12/09/2025;sexta-feira;14:40:00;MG;381;573;ITAGUARA;Aus�ncia de rea��o do condutor;Sa�da de leito carro��vel;Com V�timas Feridas;Pleno dia;Decrescente;C�u Claro;Dupla;Reta;N�o;2;0;1;0;0;1;1;2;-20,434314;-44,555617;SPRF-MG;DEL04-MG;UOP01-DEL04-MG;;;
717876;12/09/2025;sexta-feira;15:40:00;SP;153;62,5;SAO JOSE DO RIO PRETO;Aus�ncia de rea��o do condutor;Colis�o traseira;Com V�timas Feridas;Pleno dia;Crescente;C�u Claro;Dupla;"Reta;Declive";Sim;4;0;1;0;2;1;1;4;-20,81869685;-49,35740646;SPRF-SP;DEL09-SP;UOP01-DEL09-SP;;;
717888;12/09/2025;sexta-feira;17:58:00;RS;116;252;SAPUCAIA DO SUL;Manobra de mudan�a de faixa;Colis�o lateral mesmo sentido;Sem V�timas;Anoitecer;Crescente;C�u Claro;M�ltipla;Reta;Sim;3;0;0;0;3;0;0;3;-29,81354919;-51,16888281;SPRF-RS;DEL01-RS;UOP02-DEL01-RS;;;
717896;12/09/2025;sexta-feira;14:30:00;MT;364;203;RONDONOPOLIS;Acessar a via sem observar a presen�a dos outros ve�culos;Colis�o lateral mesmo sentido;Com V�timas Feridas;Pleno dia;Crescente;Sol;Dupla;Interse��o de Vias;Sim;2;0;1;0;1;0;1;2;-16,46409366;-54,65850592;SPRF-MT;DEL02-MT;UOP01-DEL02-MT;;;
717899;12/09/2025;sexta-feira;11:10:00;MT;70;522;VARZEA GRANDE;�rea urbana sem a presen�a de local apropriado para a travessia de pedestres;Atropelamento de Pedestre;Com V�timas Feridas;Pleno dia;Decrescente;C�u Claro;Simples;Reta;Sim;3;0;1;0;1;3;1;5;-15,66050806;-56,18813039;SPRF-MT;DEL01-MT;UOP02-DEL01-MT;;;
717904;12/09/2025;sexta-feira;16:10:00;MG;153;127;PRATA;Velocidade Incompat�vel;Colis�o com objeto;Com V�timas Feridas;Pleno dia;Decrescente;C�u Claro;M�ltipla;Reta;N�o;2;0;1;0;1;0;1;2;-19,38281401;-48,89701366;SPRF-MG;DEL15-MG;UOP03-DEL15-MG;;;
717905;12/09/2025;sexta-feira;17:10:00;MT;70;507;CUIABA;Aus�ncia de rea��o do condutor;Colis�o traseira;Com V�timas Feridas;Pleno dia;Crescente;Sol;Dupla;Reta;N�o;4;0;1;0;2;7;1;10;-15,7007;-56,0799;SPRF-MT;DEL01-MT;UOP02-DEL01-MT;;;
717907;12/09/2025;sexta-feira;18:36:00;PE;316;57,7;TRINDADE;Transitar na contram�o;Colis�o frontal;Com V�timas Feridas;Plena Noite;Decrescente;C�u Claro;Simples;Reta;Sim;3;0;0;1;1;1;1;3;-7,7569543;-40,2641482;SPRF-PE;DEL05-PE;UOP02-DEL05-PE;;;
717908;12/09/2025;sexta-feira;19:15:00;SP;153;30,5;NOVA GRANADA;Condutor Dormindo;Colis�o frontal;Com V�timas Feridas;Plena Noite;Crescente;C�u Claro;Simples;Interse��o de Vias;Sim;3;0;1;0;1;1;1;3;-20,54313;-49,33042;SPRF-SP;DEL09-SP;UOP01-DEL09-SP;;;
717910;12/09/2025;sexta-feira;10:10:00;BA;242;372;PALMEIRAS;Velocidade Incompat�vel;Tombamento;Com V�timas Feridas;Pleno dia;Crescente;Sol;Simples;"Curva;Declive";N�o;2;0;1;0;0;2;1;3;-12,45669176;-41,48094177;SPRF-BA;DEL06-BA;UOP01-DEL06-BA;;;
717926;12/09/2025;sexta-feira;19:30:00;MS;262;354;CAMPO GRANDE;Rea��o tardia ou ineficiente do condutor;Colis�o com objeto;Com V�timas Feridas;Plena Noite;Crescente;C�u Claro;Simples;Reta;Sim;3;0;0;1;1;3;1;5;-20,55419;-54,666911;SPRF-MS;DEL01-MS;UOP03-DEL01-MS;;;
717930;12/09/2025;sexta-feira;18:30:00;MT;364;397;CUIABA;Acessar a via sem observar a presen�a dos outros ve�culos;Colis�o lateral mesmo sentido;Com V�timas Feridas;Plena Noite;Crescente;C�u Claro;Dupla;Reta;Sim;3;0;0;1;2;0;1;2;-15,6668;-55,9584;SPRF-MT;DEL01-MT;UOP02-DEL01-MT;;;
717944;12/09/2025;sexta-feira;16:55:00;SP;116;454;REGISTRO;Pedestre andava na pista;Atropelamento de Pedestre;Com V�timas Fatais;Pleno dia;Decrescente;C�u Claro;Dupla;Reta;N�o;4;1;0;0;2;1;0;4;-24,57478644;-47,88296398;SPRF-SP;DEL05-SP;UOP01-DEL05-SP;;;
717963;12/09/2025;sexta-feira;20:00:00;GO;364;186;JATAI;Aus�ncia de rea��o do condutor;Tombamento;Com V�timas Feridas;Plena Noite;Decrescente;C�u Claro;Simples;"Curva;Declive";N�o;2;0;1;0;0;2;1;3;-17,92746041;-51,65996701;SPRF-GO;DEL05-GO;UOP01-DEL05-GO;;;
717964;12/09/2025;sexta-feira;19:46:00;PA;163;521;TRAIRAO;Velocidade Incompat�vel;Tombamento;Com V�timas Feridas;Plena Noite;Crescente;C�u Claro;Simples;"Aclive;Curva";N�o;2;0;1;0;0;1;1;2;-5,351905;-55,911725;SPRF-PA;DEL05-PA;UOP03-DEL05-PA;;;
717965;12/09/2025;sexta-feira;18:15:00;PA;230;1126;ITAITUBA;Carga excessiva e/ou mal acondicionada;Tombamento;Com V�timas Feridas;Plena Noite;Decrescente;C�u Claro;Simples;Curva;N�o;3;0;1;0;2;0;1;1;-4,39276865;-55,95772862;SPRF-PA;DEL05-PA;UOP02-DEL05-PA;;;
717969;12/09/2025;sexta-feira;23:45:00;RN;226;342,4;PATU;Manobra de mudan�a de faixa;Colis�o lateral sentido oposto;Com V�timas Fatais;Plena Noite;Crescente;C�u Claro;Simples;Reta;N�o;3;1;0;0;2;0;0;2;-6,118927;-37,663809;SPRF-RN;DEL04-RN;UOP01-DEL04-RN;;;
717970;12/09/2025;sexta-feira;23:00:00;PR;116;111,2;CURITIBA;Aus�ncia de rea��o do condutor;Colis�o traseira;Com V�timas Fatais;Plena Noite;Decrescente;Nublado;Dupla;Reta;N�o;4;1;0;0;2;6;0;9;-25,558094;-49,268416;SPRF-PR;DEL01-PR;UOP03-DEL01-PR;;;
717973;12/09/2025;sexta-feira;22:47:00;CE;116;102;MORADA NOVA;Carga excessiva e/ou mal acondicionada;Tombamento;Com V�timas Feridas;Plena Noite;Crescente;C�u Claro;Simples;Curva;N�o;2;0;1;0;0;1;1;2;-4,51496896;-38,34275119;SPRF-CE;DEL03-CE;UOP01-DEL03-CE;;;
717979;13/09/2025;s�bado;00:50:00;RS;386;347,5;LAJEADO;Manobra de mudan�a de faixa;Colis�o traseira;Com V�timas Feridas;Plena Noite;Decrescente;C�u Claro;Dupla;Curva;Sim;4;0;1;0;3;0;1;3;-29,45477869;-51,95934232;SPRF-RS;DEL04-RS;UOP01-DEL04-RS;;;
717990;13/09/2025;s�bado;01:50:00;MG;381;443,5;SABARA;Rea��o tardia ou ineficiente do condutor;Atropelamento de Pedestre;Com V�timas Feridas;Plena Noite;Crescente;C�u Claro;Simples;"Rotat�ria;Curva";Sim;3;0;0;1;1;1;1;3;-19,83474;-43,847781;SPRF-MG;DEL01-MG;UOP01-DEL01-MG;;;
717996;12/09/2025;sexta-feira;23:24:00;TO;153;395;RIO DOS BOIS;Transitar na contram�o;Colis�o frontal;Com V�timas Fatais;Plena Noite;Crescente;C�u Claro;Simples;Reta;N�o;6;1;0;1;1;3;1;4;-9,37370074;-48,55665207;SPRF-TO;DEL02-TO;UOP02-DEL02-TO;;;
717999;13/09/2025;s�bado;02:20:00;PR;277;609,7;SANTA TEREZA DO OESTE;Ingest�o de �lcool pelo condutor;Colis�o lateral sentido oposto;Com V�timas Feridas;Plena Noite;Decrescente;C�u Claro;Simples;Reta;Sim;3;0;1;0;1;1;1;3;-25,05119839;-53,62159395;SPRF-PR;DEL05-PR;UOP02-DEL05-PR;;;
718005;13/09/2025;s�bado;03:20:00;SP;116;111;TAUBATE;Acessar a via sem observar a presen�a dos outros ve�culos;Colis�o traseira;Com V�timas Fatais;Plena Noite;Decrescente;C�u Claro;Dupla;Reta;Sim;5;2;0;0;2;2;0;5;-23,04014885;-45,56555596;SPRF-SP;DEL02-SP;UOP02-DEL02-SP;;;
718009;13/09/2025;s�bado;05:15:00;ES;101;294;CARIACICA;Aus�ncia de rea��o do condutor;Colis�o com objeto;Com V�timas Feridas;Amanhecer;Crescente;Chuva;Dupla;Reta;N�o;2;0;1;0;1;0;1;1;-20,3226261;-40,3951829;SPRF-ES;DEL01-ES;UOP01-DEL01-ES;;;
718015;13/09/2025;s�bado;06:00:00;GO;364;145,3;APARECIDA DO RIO DOCE;Condutor Dormindo;Sa�da de leito carro��vel;Com V�timas Feridas;Amanhecer;Crescente;C�u Claro;Simples;"Reta;Em Obras";N�o;2;0;0;1;0;1;1;2;-18,166527;-51,417793;SPRF-GO;DEL05-GO;UOP02-DEL05-GO;;;
718023;13/09/2025;s�bado;06:40:00;PR;376;169,4;MARINGA;Ingest�o de �lcool pelo condutor;Colis�o lateral mesmo sentido;Sem V�timas;Pleno dia;Decrescente;C�u Claro;Dupla;"Reta;Aclive";N�o;3;0;0;0;2;2;0;4;-23,40423999;-51,99536674;SPRF-PR;DEL09-PR;UOP01-DEL09-PR;;;
718024;13/09/2025;s�bado;06:20:00;PR;369;166,8;CAMBE;Ingest�o de �lcool pelo condutor;Colis�o traseira;Com V�timas Feridas;Amanhecer;Crescente;C�u Claro;Dupla;Curva;Sim;2;0;1;0;1;0;1;2;-23,295;-51,313;SPRF-PR;DEL07-PR;UOP01-DEL07-PR;;;
718025;13/09/2025;s�bado;05:40:00;RJ;101;170;MACAE;Condutor Dormindo;Colis�o frontal;Com V�timas Fatais;Amanhecer;Crescente;Chuva;Simples;"Curva;Declive";N�o;7;2;2;3;0;0;5;2;-22,35593916;-41,93019804;SPRF-RJ;DEL08-RJ;UOP04-DEL08-RJ;;;
718032;13/09/2025;s�bado;02:10:00;RJ;393;205;VASSOURAS;Transitar na contram�o;Colis�o frontal;Com V�timas Fatais;Plena Noite;Crescente;Nublado;Simples;Reta;N�o;4;2;0;0;1;1;0;3;-22,25414832;-43,44165802;SPRF-RJ;DEL05-RJ;UOP03-DEL05-RJ;;;
718037;12/09/2025;sexta-feira;21:20:00;MT;364;512;ROSARIO OESTE;Problema com o freio;Inc�ndio;Sem V�timas;Plena Noite;Decrescente;C�u Claro;Simples;Reta;N�o;2;0;0;0;1;3;0;4;-15,12943635;-56,52433634;SPRF-MT;DEL01-MT;UOP01-DEL01-MT;;;
718038;13/09/2025;s�bado;06:45:00;MG;381;447,1;BELO HORIZONTE;Condutor Dormindo;Colis�o traseira;Com V�timas Feridas;Amanhecer;Crescente;C�u Claro;Simples;"Viaduto;Reta";Sim;3;0;2;0;1;0;2;2;-19,841222;-43,87255;SPRF-MG;DEL01-MG;UOP01-DEL01-MG;;;
718039;13/09/2025;s�bado;07:40:00;SP;116;547;BARRA DO TURVO;Aus�ncia de rea��o do condutor;Tombamento;Com V�timas Feridas;Pleno dia;Crescente;Nublado;Simples;Reta;N�o;1;0;1;0;0;0;1;1;-24,95084427;-48,44012547;SPRF-SP;DEL05-SP;UOP02-DEL05-SP;;;
718060;13/09/2025;s�bado;10:00:00;ES;101;141,2;LINHARES;Manobra de mudan�a de faixa;Sa�da de leito carro��vel;Sem V�timas;Pleno dia;Decrescente;Nublado;M�ltipla;Reta;Sim;3;0;0;0;2;2;0;4;-19,32763566;-40,07115441;SPRF-ES;DEL04-ES;UOP01-DEL04-ES;;;
718067;13/09/2025;s�bado;08:45:00;MT;163;970;TERRA NOVA DO NORTE;Demais falhas mec�nicas ou el�tricas;Inc�ndio;Sem V�timas;Pleno dia;Decrescente;C�u Claro;Simples;"Reta;Declive";N�o;1;0;0;0;1;0;0;1;-10,7288045;-55,1333826;SPRF-MT;DEL06-MT;UOP03-DEL06-MT;;;
718074;13/09/2025;s�bado;11:00:00;PI;402;38;PARNAIBA;Acessar a via sem observar a presen�a dos outros ve�culos;Colis�o lateral sentido oposto;Com V�timas Feridas;Pleno dia;Decrescente;C�u Claro;Simples;Reta;N�o;2;0;0;1;1;0;1;2;-2,964268;-41,712567;SPRF-PI;DEL05-PI;UOP01-DEL05-PI;;;
718076;13/09/2025;s�bado;11:00:00;AM;174;898;MANAUS;Ultrapassagem Indevida;Colis�o lateral mesmo sentido;Sem V�timas;Pleno dia;Crescente;Chuva;Simples;"Reta;Aclive";N�o;4;0;0;0;3;1;0;4;-2,8664779;-60,034729;SPRF-AM;DEL01-AM;UOP01-DEL01-AM;;;
718083;13/09/2025;s�bado;11:15:00;MG;116;275;TEOFILO OTONI;Ultrapassagem Indevida;Atropelamento de Pedestre;Com V�timas Fatais;Pleno dia;Crescente;C�u Claro;Simples;Reta;Sim;3;1;0;0;1;1;0;3;-17,843411;-41,514575;SPRF-MG;DEL11-MG;UOP01-DEL11-MG;;;
718085;13/09/2025;s�bado;12:35:00;SC;280;3;SAO FRANCISCO DO SUL;Acessar a via sem observar a presen�a dos outros ve�culos;Colis�o transversal;Com V�timas Feridas;Pleno dia;Crescente;Nublado;Simples;Reta;Sim;2;0;0;1;1;0;1;2;-26,25102156;-48,61710755;SPRF-SC;DEL03-SC;UOP03-DEL03-SC;;;
718093;22/08/2025;sexta-feira;02:00:00;SP;116;422;JUQUIA;Rea��o tardia ou ineficiente do condutor;Colis�o traseira;Com V�timas Feridas;Plena Noite;Crescente;C�u Claro;Dupla;Reta;N�o;2;0;1;0;1;0;1;2;-24,35311768;-47,65892744;SPRF-SP;DEL05-SP;UOP01-DEL05-SP;;;
718099;13/09/2025;s�bado;13:10:00;ES;101;114,4;LINHARES;Transitar na contram�o;Colis�o frontal;Com V�timas Fatais;Pleno dia;Decrescente;Nublado;Dupla;Reta;N�o;3;1;0;0;1;1;0;3;-19,09878349;-40,05296775;SPRF-ES;DEL04-ES;UOP01-DEL04-ES;;;
718107;13/09/2025;s�bado;13:30:00;PR;376;17;MARINGA;Aus�ncia de rea��o do condutor;Colis�o lateral mesmo sentido;Com V�timas Feridas;Pleno dia;Decrescente;Nublado;Dupla;"Reta;Aclive";Sim;5;0;2;0;2;3;2;5;-23,42682014;-51,88561678;SPRF-PR;DEL09-PR;UOP01-DEL09-PR;;;
718116;13/09/2025;s�bado;14:20:00;DF;80;10,1;BRASILIA;Rea��o tardia ou ineficiente do condutor;Colis�o lateral mesmo sentido;Com V�timas Feridas;Pleno dia;Crescente;C�u Claro;Simples;Rotat�ria;Sim;4;0;2;0;2;0;2;2;-15,73097212;-48,16949129;SPRF-DF;DEL03-DF;UOP02-DEL03-DF;;;
718118;13/09/2025;s�bado;15:10:00;SC;282;67,7;RANCHO QUEIMADO;Velocidade Incompat�vel;Tombamento;Com V�timas Feridas;Pleno dia;Crescente;C�u Claro;Simples;Curva;N�o;2;0;1;0;0;1;1;2;-27,69110417;-49,07291142;SPRF-SC;DEL01-SC;UOP03-DEL01-SC;;;
718121;13/09/2025;s�bado;14:20:00;CE;116;294,7;JAGUARIBE;Manobra de mudan�a de faixa;Tombamento;Com V�timas Feridas;Pleno dia;Crescente;Sol;Simples;Reta;N�o;2;0;1;0;0;1;1;2;-5,814302;-38,534553;SPRF-CE;DEL05-CE;UOP02-DEL05-CE;;;
718125;13/09/2025;s�bado;11:30:00;BA;101;842,2;PRADO;Velocidade Incompat�vel;Tombamento;Com V�timas Feridas;Pleno dia;Decrescente;Sol;Simples;Curva;N�o;2;0;1;0;0;1;1;2;-17,258068;-39,632472;SPRF-BA;DEL09-BA;UOP02-DEL09-BA;;;
718127;13/09/2025;s�bado;15:35:00;SP;116;82,7;ROSEIRA;Aus�ncia de rea��o do condutor;Colis�o traseira;Com V�timas Feridas;Pleno dia;Crescente;Nublado;Dupla;Reta;N�o;2;0;1;0;0;1;1;2;-22,9096799;-45,32016104;SPRF-SP;DEL08-SP;UOP01-DEL08-SP;;;
718131;13/09/2025;s�bado;15:35:00;RS;293;3,7;PELOTAS;Velocidade Incompat�vel;Sa�da de leito carro��vel;Sem V�timas;Pleno dia;Decrescente;C�u Claro;Simples;Interse��o de Vias;Sim;6;0;0;0;6;0;0;2;-31,73396071;-52,37207079;SPRF-RS;DEL07-RS;UOP01-DEL07-RS;;;
718132;13/09/2025;s�bado;14:55:00;MS;262;605;MIRANDA;Manobra de mudan�a de faixa;Colis�o lateral mesmo sentido;Sem V�timas;Pleno dia;Decrescente;Sol;Simples;Reta;N�o;3;0;0;0;3;0;0;2;-20,13709284;-56,63398236;SPRF-MS;DEL03-MS;UOP02-DEL03-MS;;;
718146;13/09/2025;s�bado;16:10:00;SP;116;568;BARRA DO TURVO;Curva acentuada;Tombamento;Com V�timas Feridas;Pleno dia;Decrescente;C�u Claro;Simples;"Curva;Aclive";N�o;2;0;1;0;0;1;1;2;-25,055272;-48,554055;SPRF-SP;DEL05-SP;UOP02-DEL05-SP;;;
718185;13/09/2025;s�bado;17:15:00;RS;158;314,4;ITAARA;Velocidade Incompat�vel;Tombamento;Com V�timas Feridas;Pleno dia;Decrescente;C�u Claro;Simples;"Aclive;Curva";N�o;3;0;0;2;0;1;2;2;-29,64497256;-53,75656553;SPRF-RS;DEL09-RS;UOP01-DEL09-RS;;;
718189;13/09/2025;s�bado;20:00:00;MA;135;32;BACABEIRA;Acessar a via sem observar a presen�a dos outros ve�culos;Colis�o traseira;Com V�timas Feridas;Plena Noite;Crescente;C�u Claro;Dupla;Reta;N�o;4;0;1;0;1;2;1;3;-2,8316976;-44,3757824;SPRF-MA;DEL01-MA;UOP01-DEL01-MA;;;
718199;13/09/2025;s�bado;21:15:00;PR;116;152;MANDIRITUBA;Ingest�o de �lcool pelo condutor;Colis�o lateral mesmo sentido;Sem V�timas;Plena Noite;Decrescente;C�u Claro;Simples;Interse��o de Vias;N�o;3;0;0;0;2;1;0;3;-25,86202771;-49,36163513;SPRF-PR;DEL01-PR;UOP03-DEL01-PR;;;
718211;13/09/2025;s�bado;23:10:00;RS;386;30,7;FREDERICO WESTPHALEN;Ingest�o de �lcool pelo condutor;Sa�da de leito carro��vel;Sem V�timas;Plena Noite;Crescente;C�u Claro;Simples;"Curva;Aclive";N�o;2;0;0;0;2;0;0;2;-27,33548004;-53,38291168;SPRF-RS;DEL08-RS;UOP02-DEL08-RS;;;
718212;13/09/2025;s�bado;20:30:00;MG;116;222,2;CATUJI;Aus�ncia de rea��o do condutor;Sa�da de leito carro��vel;Com V�timas Feridas;Plena Noite;Decrescente;Nublado;Simples;Curva;N�o;2;0;0;1;0;1;1;2;-17,425189;-41,515576;SPRF-MG;DEL11-MG;UOP01-DEL11-MG;;;
718215;13/09/2025;s�bado;17:50:00;GO;80;110;VILA PROPICIO;Rea��o tardia ou ineficiente do condutor;Tombamento;Com V�timas Feridas;Plena Noite;Crescente;C�u Claro;Simples;Reta;N�o;1;0;1;0;0;0;1;1;-15,135871;-48,828524;SPRF-GO;DEL07-GO;UOP02-DEL07-GO;;;
718217;13/09/2025;s�bado;23:10:00;SP;116;155,9;SAO JOSE DOS CAMPOS;Acessar a via sem observar a presen�a dos outros ve�culos;Colis�o traseira;Sem V�timas;Plena Noite;Decrescente;Nublado;M�ltipla;"Reta;Desvio Tempor�rio;Em Obras";Sim;2;0;0;0;2;0;0;2;-23,24873955;-45,93297958;SPRF-SP;DEL02-SP;UOP01-DEL02-SP;;;
718220;13/09/2025;s�bado;22:40:00;PR;373;173,2;PONTA GROSSA;Aus�ncia de rea��o do condutor;Colis�o lateral mesmo sentido;Sem V�timas;Plena Noite;Crescente;C�u Claro;Dupla;Curva;Sim;3;0;0;0;1;2;0;3;-25,08103578;-50,20309711;SPRF-PR;DEL03-PR;UOP01-DEL03-PR;;;
718229;13/09/2025;s�bado;23:20:00;SC;470;204,3;PONTE ALTA;Aus�ncia de rea��o do condutor;Tombamento;Com V�timas Feridas;Plena Noite;Decrescente;C�u Claro;Simples;"Declive;Curva";N�o;2;0;0;1;0;1;1;2;-27,2894827;-50,17022006;SPRF-SC;DEL05-SC;UOP03-DEL05-SC;;;
718236;13/09/2025;s�bado;20:28:00;BA;324;376;SAO JOSE DO JACUIPE;Rea��o tardia ou ineficiente do condutor;Colis�o lateral sentido oposto;Com V�timas Fatais;Plena Noite;Crescente;Vento;Simples;Reta;N�o;3;1;1;0;0;2;1;4;-11,44852;-39,82172;SPRF-BA;DEL04-BA;UOP02-DEL04-BA;;;
718237;14/09/2025;domingo;01:00:00;RS;290;116;ELDORADO DO SUL;Condutor Dormindo;Colis�o lateral sentido oposto;Com V�timas Feridas;Plena Noite;Decrescente;C�u Claro;Simples;Reta;N�o;5;0;1;0;3;1;1;3;-30,047248;-51,375441;SPRF-RS;DEL02-RS;UOP01-DEL02-RS;;;
718239;14/09/2025;domingo;00:00:00;SP;116;497;CAJATI;Rea��o tardia ou ineficiente do condutor;Inc�ndio;Sem V�timas;Plena Noite;Crescente;C�u Claro;Dupla;Reta;N�o;1;0;0;0;1;0;0;1;-24,773832;-48,170921;SPRF-SP;DEL05-SP;UOP01-DEL05-SP;;;
718241;13/09/2025;s�bado;19:45:00;PE;232;454,4;SAO JOSE DO BELMONTE;Transitar na contram�o;Colis�o frontal;Sem V�timas;Plena Noite;Crescente;C�u Claro;Simples;Reta;N�o;2;0;0;0;1;1;0;2;-8,00107;-38,672077;SPRF-PE;DEL05-PE;UOP01-DEL05-PE;;;
718255;14/09/2025;domingo;00:40:00;PR;153;176,6;VENTANIA;Aus�ncia de rea��o do condutor;Colis�o traseira;Com V�timas Fatais;Plena Noite;Crescente;C�u Claro;Simples;Curva;N�o;4;1;0;1;1;1;1;3;-24,33374;-50,30317;SPRF-PR;DEL03-PR;UOP02-DEL03-PR;;;
718267;14/09/2025;domingo;04:49:00;AL;104;46,7;BRANQUINHA;Ingest�o de �lcool pelo condutor;Colis�o frontal;Com V�timas Fatais;Amanhecer;Crescente;Nublado;Simples;"Curva;Declive";N�o;2;1;0;0;0;1;0;2;-9,24470705;-36,00888703;SPRF-AL;DEL01-AL;UOP02-DEL01-AL;;;
718270;14/09/2025;domingo;05:00:00;PR;369;49,3;BANDEIRANTES;Transitar na contram�o;Colis�o frontal;Com V�timas Feridas;Amanhecer;Crescente;C�u Claro;Simples;Reta;N�o;5;0;0;3;2;0;3;2;-23,11447398;-50,32044697;SPRF-PR;DEL07-PR;UOP05-DEL07-PR;;;
718282;13/09/2025;s�bado;18:36:00;MT;364;472,9;JANGADA;Acumulo de areia ou detritos sobre o pavimento;Colis�o frontal;Com V�timas Feridas;Anoitecer;Crescente;Ignorado;Simples;Reta;N�o;5;0;0;2;2;2;2;4;-15,328339;-56,425495;SPRF-MT;DEL01-MT;UOP02-DEL01-MT;;;
718285;14/09/2025;domingo;07:17:00;AL;101;139;SAO MIGUEL DOS CAMPOS;Acessar a via sem observar a presen�a dos outros ve�culos;Colis�o transversal;Com V�timas Feridas;Pleno dia;Crescente;Nublado;Simples;Rotat�ria;Sim;3;0;1;0;1;1;1;3;-9,80859104;-36,11639349;SPRF-AL;DEL02-AL;UOP01-DEL02-AL;;;
718292;14/09/2025;domingo;04:30:00;RJ;393;264;BARRA DO PIRAI;Condutor Dormindo;Sa�da de leito carro��vel;Com V�timas Fatais;Amanhecer;Crescente;Garoa/Chuvisco;Simples;"Curva;Declive";N�o;2;1;0;0;0;1;0;2;-22,48775492;-43,90895717;SPRF-RJ;DEL05-RJ;UOP04-DEL05-RJ;;;
718295;14/09/2025;domingo;07:41:00;CE;222;64;SAO GONCALO DO AMARANTE;Desrespeitar a prefer�ncia no cruzamento;Colis�o transversal;Com V�timas Feridas;Pleno dia;Decrescente;C�u Claro;Simples;Reta;Sim;4;0;1;0;2;2;1;4;-3,671983;-39,115944;SPRF-CE;DEL01-CE;UOP03-DEL01-CE;;;
718301;14/09/2025;domingo;07:00:00;BA;101;900;CARAVELAS;Rea��o tardia ou ineficiente do condutor;Colis�o traseira;Com V�timas Feridas;Pleno dia;Decrescente;Chuva;Simples;Reta;N�o;5;0;2;1;2;0;3;3;-17,725486;-39,767005;SPRF-BA;DEL09-BA;UOP02-DEL09-BA;;;
718307;14/09/2025;domingo;09:00:00;SC;101;212;PALHOCA;Manobra de mudan�a de faixa;Colis�o lateral mesmo sentido;Com V�timas Feridas;Pleno dia;Crescente;Nublado;Dupla;Reta;Sim;4;0;1;0;2;1;1;3;-27,631679;-48,660836;SPRF-SC;DEL01-SC;UOP02-DEL01-SC;;;
718317;14/09/2025;domingo;10:30:00;PR;277;32;MORRETES;Trafegar com motocicleta (ou similar) entre as faixas;Colis�o lateral mesmo sentido;Com V�timas Feridas;Pleno dia;Crescente;C�u Claro;Dupla;"Curva;Aclive";N�o;3;0;0;1;1;2;1;4;-25,57018729;-48,81463315;SPRF-PR;DEL01-PR;UOP05-DEL01-PR;;;
718319;14/09/2025;domingo;07:15:00;SC;116;140,6;SANTA CECILIA;Acessar a via sem observar a presen�a dos outros ve�culos;Colis�o transversal;Com V�timas Feridas;Pleno dia;Decrescente;C�u Claro;Simples;"Interse��o de Vias;Rotat�ria;Reta;Declive";Sim;8;0;3;2;2;1;5;3;-26,96823513;-50,40763307;SPRF-SC;DEL06-SC;UOP02-DEL06-SC;;;
718324;14/09/2025;domingo;10:30:00;RJ;101;285;ITABORAI;Rea��o tardia ou ineficiente do condutor;Tombamento;Com V�timas Feridas;Pleno dia;Crescente;Nublado;Dupla;Reta;N�o;3;0;0;1;1;1;1;3;-22,7533099;-42,82206701;SPRF-RJ;DEL02-RJ;UOP02-DEL02-RJ;;;