id;data_inversa;dia_semana;horario;uf;br;km;municipio;causa_acidente;tipo_acidente;classificacao_acidente;fase_dia;sentido_via;condicao_metereologica;tipo_pista;tracado_via;uso_solo;pessoas;mortos;feridos_leves;feridos_graves;ilesos;ignorados;feridos;veiculos;latitude;longitude;regional;delegacia;uop;;;
718986;17/09/2025;quarta-feira;14:00:00;SP;116;57;GUARATINGUETA;Carga excessiva e/ou mal acondicionada;Colis�o com objeto;Com V�timas Feridas;Pleno dia;Crescente;C�u Claro;Dupla;Reta;Sim;2;0;1;0;1;0;1;2;-22,7747;-45,13855;SPRF-SP;DEL08-SP;UOP01-DEL08-SP;;;
718994;17/09/2025;quarta-feira;14:50:00;PR;277;2,6;PARANAGUA;Retorno proibido;Colis�o transversal;Com V�timas Feridas;Pleno dia;Decrescente;Sol;Simples;Interse��o de Vias;Sim;3;0;0;1;1;1;1;3;-25,53714095;-48,55684368;SPRF-PR;DEL01-PR;UOP05-DEL01-PR;;;
718998;17/09/2025;quarta-feira;14:00:00;PB;230;114;INGA;Demais falhas mec�nicas ou el�tricas;Inc�ndio;Com V�timas Feridas;Pleno dia;Decrescente;C�u Claro;Dupla;Reta;N�o;1;0;1;0;0;0;1;1;-7,229249;-35,599492;SPRF-PB;DEL01-PB;UOP02-DEL01-PB;;;
719002;17/09/2025;quarta-feira;12:00:00;RJ;101;298;ITABORAI;Rea��o tardia ou ineficiente do condutor;Colis�o traseira;Com V�timas Feridas;Pleno dia;Crescente;C�u Claro;Dupla;Reta;Sim;3;0;1;0;1;1;1;3;-22,77243721;-42,93366836;SPRF-RJ;DEL02-RJ;UOP02-DEL02-RJ;;;
719005;17/09/2025;quarta-feira;15:50:00;GO;153;664;GOIATUBA;Aus�ncia de rea��o do condutor;Sa�da de leito carro��vel;Com V�timas Feridas;Pleno dia;Decrescente;C�u Claro;Dupla;Declive;N�o;2;0;1;0;0;1;1;2;-18,085044;-49,27056;SPRF-GO;DEL03-GO;UOP02-DEL03-GO;;;
719010;05/09/2025;sexta-feira;12:30:00;RS;158;96,4;PALMEIRA DAS MISSOES;Velocidade Incompat�vel;Tombamento;Com V�timas Feridas;Pleno dia;Crescente;Nublado;Simples;Rotat�ria;N�o;3;0;2;0;0;2;2;3;-27,86667166;-53,33286946;SPRF-RS;DEL08-RS;UOP01-DEL08-RS;;;
719012;17/09/2025;quarta-feira;16:10:00;PR;369;150;LONDRINA;Condutor desrespeitou a ilumina��o vermelha do sem�foro;Colis�o transversal;Com V�timas Feridas;Pleno dia;Crescente;C�u Claro;Dupla;"Interse��o de Vias;Retorno Regulamentado;Reta";Sim;3;0;1;0;1;2;1;4;-23,292866;-51,162746;SPRF-PR;DEL07-PR;UOP01-DEL07-PR;;;
719014;17/09/2025;quarta-feira;15:50:00;PR;277;78;CURITIBA;Manobra de mudan�a de faixa;Colis�o lateral mesmo sentido;Com V�timas Feridas;Pleno dia;Decrescente;Sol;Dupla;Reta;Sim;2;0;1;0;1;0;1;2;-25,47897494;-49,20128195;SPRF-PR;DEL01-PR;UOP07-DEL01-PR;;;
719016;17/09/2025;quarta-feira;16:30:00;SP;116;320;JUQUITIBA;Rea��o tardia ou ineficiente do condutor;Colis�o frontal;Com V�timas Feridas;Pleno dia;Decrescente;Chuva;Dupla;Reta;N�o;2;0;1;0;1;0;1;2;-23,93941598;-47,04044056;SPRF-SP;DEL04-SP;UOP03-DEL04-SP;;;
719017;17/09/2025;quarta-feira;16:30:00;SP;116;320;JUQUITIBA;Aus�ncia de rea��o do condutor;Colis�o com objeto;Com V�timas Feridas;Pleno dia;Decrescente;C�u Claro;Dupla;Reta;Sim;2;0;1;0;1;0;1;1;-23,93650121;-47,03513718;SPRF-SP;DEL04-SP;UOP03-DEL04-SP;;;
719022;13/09/2025;s�bado;22:00:00;GO;70;424;MONTES CLAROS DE GOIAS;Aus�ncia de rea��o do condutor;Colis�o traseira;Com V�timas Feridas;Plena Noite;Decrescente;C�u Claro;Simples;Reta;Sim;2;0;0;1;0;1;1;2;-15,89158139;-51,78976357;SPRF-GO;DEL04-GO;UOP02-DEL04-GO;;;
719024;17/09/2025;quarta-feira;17:20:00;MG;153;52;MONTE ALEGRE DE MINAS;Manobra de mudan�a de faixa;Colis�o lateral mesmo sentido;Com V�timas Feridas;Pleno dia;Decrescente;C�u Claro;Dupla;"Reta;Declive";N�o;3;0;1;0;1;3;1;5;-18,86802584;-49,06651403;SPRF-MG;DEL15-MG;UOP03-DEL15-MG;;;
719025;17/09/2025;quarta-feira;17:35:00;RN;101;108;PARNAMIRIM;Trafegar com motocicleta (ou similar) entre as faixas;Colis�o lateral mesmo sentido;Com V�timas Feridas;Plena Noite;Crescente;C�u Claro;M�ltipla;Reta;Sim;3;0;1;0;2;0;1;3;-5,930845;-35,264854;SPRF-RN;DEL01-RN;UOP01-DEL01-RN;;;
719029;17/09/2025;quarta-feira;17:02:00;MS;163;487,3;CAMPO GRANDE;Problema com o freio;Sa�da de leito carro��vel;Com V�timas Feridas;Pleno dia;Decrescente;C�u Claro;Simples;Reta;Sim;2;0;1;0;0;3;1;4;-20,4211653;-54,5463145;SPRF-MS;DEL01-MS;UOP02-DEL01-MS;;;
719031;17/09/2025;quarta-feira;16:19:00;CE;116;540,5;PENAFORTE;Rea��o tardia ou ineficiente do condutor;Colis�o transversal;Com V�timas Fatais;Pleno dia;Crescente;C�u Claro;Simples;Reta;N�o;4;1;0;0;2;2;0;4;-7,802013;-39,080581;SPRF-CE;DEL05-CE;UOP03-DEL05-CE;;;
719033;17/09/2025;quarta-feira;17:55:00;RS;116;510;PELOTAS;Velocidade Incompat�vel;Colis�o traseira;Com V�timas Feridas;Pleno dia;Crescente;C�u Claro;M�ltipla;Reta;N�o;3;0;1;0;1;1;1;3;-31,62519746;-52,31813405;SPRF-RS;DEL07-RS;UOP01-DEL07-RS;;;
719037;17/09/2025;quarta-feira;18:00:00;RS;386;367;FAZENDA VILANOVA;Manobra de mudan�a de faixa;Colis�o transversal;Com V�timas Feridas;Pleno dia;Crescente;C�u Claro;Dupla;Reta;N�o;3;0;1;0;1;1;1;3;-29,58363;-51,838136;SPRF-RS;DEL04-RS;UOP01-DEL04-RS;;;
719040;17/09/2025;quarta-feira;18:50:00;MG;262;488;MOEMA;Frear bruscamente;Colis�o traseira;Com V�timas Feridas;Plena Noite;Decrescente;C�u Claro;Simples;Reta;N�o;3;0;0;1;1;1;1;3;-19,78429266;-45,42502642;SPRF-MG;DEL08-MG;UOP03-DEL08-MG;;;
719041;17/09/2025;quarta-feira;18:30:00;MG;365;569;INDIANOPOLIS;Transitar na contram�o;Colis�o frontal;Com V�timas Fatais;Plena Noite;Decrescente;Vento;Simples;"Reta;Aclive";N�o;4;1;0;2;1;0;2;2;-18,91641;-47,844521;SPRF-MG;DEL15-MG;UOP02-DEL15-MG;;;
719042;17/09/2025;quarta-feira;16:00:00;GO;60;328;ACREUNA;Manobra de mudan�a de faixa;Colis�o transversal;Com V�timas Feridas;Pleno dia;Crescente;C�u Claro;Dupla;Curva;N�o;6;0;2;0;3;1;2;4;-17,5565564;-50,53016245;SPRF-GO;DEL04-GO;UOP02-DEL04-GO;;;
719044;17/09/2025;quarta-feira;17:30:00;SC;158;134,3;PALMITOS;Acessar a via sem observar a presen�a dos outros ve�culos;Colis�o transversal;Com V�timas Feridas;Pleno dia;Crescente;C�u Claro;Simples;Rotat�ria;N�o;2;0;1;0;1;0;1;2;-27,070488;-53,230086;SPRF-SC;DEL07-SC;UOP02-DEL07-SC;;;
719047;16/08/2025;s�bado;08:23:00;TO;153;627;ALIANCA DO TOCANTINS;Condutor Dormindo;Colis�o lateral sentido oposto;Com V�timas Feridas;Pleno dia;Crescente;C�u Claro;Simples;"Aclive;Reta";N�o;4;0;3;0;0;2;3;4;-11,33624;-48,95114;SPRF-TO;DEL01-TO;UOP02-DEL01-TO;;;
719052;17/09/2025;quarta-feira;15:00:00;BA;367;74;EUNAPOLIS;Velocidade Incompat�vel;Colis�o lateral sentido oposto;Com V�timas Feridas;Pleno dia;Decrescente;C�u Claro;Simples;Curva;N�o;2;0;1;0;1;0;1;2;-16,385;-39,491;SPRF-BA;DEL09-BA;UOP03-DEL09-BA;;;
719053;17/09/2025;quarta-feira;18:10:00;PA;155;343;MARABA;Ultrapassagem Indevida;Colis�o lateral mesmo sentido;Com V�timas Feridas;Plena Noite;Crescente;C�u Claro;Simples;Reta;N�o;3;0;1;0;1;3;1;5;-5,373917;-49,077253;SPRF-PA;DEL03-PA;UOP01-DEL03-PA;;;
719055;17/09/2025;quarta-feira;19:30:00;GO;414;376;COCALZINHO DE GOIAS;Demais falhas mec�nicas ou el�tricas;Colis�o com objeto;Com V�timas Feridas;Plena Noite;Crescente;Ignorado;Simples;Reta;N�o;4;0;2;0;1;2;2;4;-15,79418;-48,77451;SPRF-GO;DEL02-GO;UOP01-DEL02-GO;;;
719058;17/09/2025;quarta-feira;17:00:00;BA;116;633,5;JAGUAQUARA;Convers�o proibida;Colis�o transversal;Com V�timas Fatais;Anoitecer;Decrescente;C�u Claro;Simples;Reta;Sim;3;1;0;0;1;2;0;4;-13,526577;-40,06222;SPRF-BA;DEL03-BA;UOP01-DEL03-BA;;;
719059;17/09/2025;quarta-feira;17:30:00;SC;470;266,7;CURITIBANOS;Rea��o tardia ou ineficiente do condutor;Colis�o lateral sentido oposto;Com V�timas Feridas;Pleno dia;Crescente;C�u Claro;Simples;"Declive;Curva";N�o;5;0;1;1;2;1;2;4;-27,3114;-50,74619;SPRF-SC;DEL05-SC;UOP03-DEL05-SC;;;
719061;17/09/2025;quarta-feira;19:00:00;GO;60;462,7;JATAI;Demais falhas mec�nicas ou el�tricas;Inc�ndio;Sem V�timas;Plena Noite;Crescente;Nublado;Dupla;Curva;N�o;2;0;0;0;1;2;0;3;-17,874505;-51,641282;SPRF-GO;DEL05-GO;UOP01-DEL05-GO;;;
719062;17/09/2025;quarta-feira;20:15:00;SP;116;565;BARRA DO TURVO;Aus�ncia de rea��o do condutor;Sa�da de leito carro��vel;Com V�timas Feridas;Plena Noite;Crescente;Nublado;Simples;Aclive;N�o;5;0;1;0;3;1;1;5;-25,00783949;-48,5080719;SPRF-SP;DEL05-SP;UOP02-DEL05-SP;;;
719074;17/09/2025;quarta-feira;14:16:00;PA;163;500;ITAITUBA;Pista Escorregadia;Colis�o lateral sentido oposto;Com V�timas Feridas;Pleno dia;Decrescente;Chuva;Simples;"Aclive;Curva";N�o;4;0;1;0;2;6;1;8;-5,50105667;-55,83068667;SPRF-PA;DEL05-PA;UOP03-DEL05-PA;;;
719075;17/09/2025;quarta-feira;22:00:00;BA;235;122;JEREMOABO;Rea��o tardia ou ineficiente do condutor;Colis�o frontal;Com V�timas Fatais;Plena Noite;Crescente;C�u Claro;Simples;Reta;N�o;3;2;0;0;0;1;0;2;-9,83801741;-38,705037;SPRF-BA;DEL07-BA;UOP03-DEL07-BA;;;
719081;17/09/2025;quarta-feira;23:10:00;PR;277;253,1;IRATI;Rea��o tardia ou ineficiente do condutor;Sa�da de leito carro��vel;Sem V�timas;Plena Noite;Decrescente;C�u Claro;Simples;Reta;N�o;2;0;0;0;1;1;0;2;-25,44264239;-50,68529999;SPRF-PR;DEL08-PR;UOP02-DEL08-PR;;;
719082;17/09/2025;quarta-feira;22:10:00;BA;101;786,3;ITABELA;Ultrapassagem Indevida;Colis�o frontal;Com V�timas Feridas;Plena Noite;Crescente;C�u Claro;Simples;"Reta;Aclive";N�o;3;0;1;0;2;0;1;3;-16,86168;-39,49632;SPRF-BA;DEL09-BA;UOP01-DEL09-BA;;;
719084;18/09/2025;quinta-feira;01:30:00;MG;153;148;COMENDADOR GOMES;Condutor deixou de manter dist�ncia do ve�culo da frente;Colis�o transversal;Com V�timas Feridas;Plena Noite;Crescente;C�u Claro;Simples;Interse��o de Vias;N�o;4;0;2;0;1;1;2;3;-19,62989578;-48,84942055;SPRF-MG;DEL13-MG;UOP02-DEL13-MG;;;
719086;18/09/2025;quinta-feira;00:02:00;PI;343;588,8;FLORIANO;Rea��o tardia ou ineficiente do condutor;Colis�o transversal;Com V�timas Fatais;Plena Noite;Crescente;C�u Claro;Dupla;Interse��o de Vias;Sim;5;1;1;1;1;2;2;4;-6,775327;-43,0082;SPRF-PI;DEL03-PI;UOP01-DEL03-PI;;;
719092;18/09/2025;quinta-feira;01:30:00;MT;364;115;PEDRA PRETA;Falta de acostamento;Tombamento;Com V�timas Feridas;Plena Noite;Crescente;C�u Claro;Simples;Declive;N�o;1;0;0;1;0;0;1;1;-16,82968203;-54,01488304;SPRF-MT;DEL02-MT;UOP02-DEL02-MT;;;
719095;18/09/2025;quinta-feira;04:45:00;DF;251;14;BRASILIA;Acessar a via sem observar a presen�a dos outros ve�culos;Colis�o lateral mesmo sentido;Com V�timas Feridas;Plena Noite;Crescente;C�u Claro;Dupla;Reta;Sim;3;0;1;0;0;4;1;5;-15,941302;-47,604712;SPRF-DF;DEL01-DF;UOP01-DEL01-DF;;;
719096;18/09/2025;quinta-feira;04:20:00;BA;330;803,7;JEQUIE;Velocidade Incompat�vel;Sa�da de leito carro��vel;Com V�timas Feridas;Amanhecer;Crescente;C�u Claro;Simples;Curva;N�o;2;0;1;0;1;0;1;1;-13,959447;-39,965422;SPRF-BA;DEL03-BA;UOP01-DEL03-BA;;;
719098;18/09/2025;quinta-feira;02:00:00;MT;163;640;NOVA MUTUM;Condutor Dormindo;Colis�o traseira;Com V�timas Feridas;Plena Noite;Decrescente;C�u Claro;Simples;"Em Obras;Reta";N�o;4;0;1;0;2;1;1;3;-13,468097;-56,070727;SPRF-MT;DEL01-MT;UOP01-DEL01-MT;;;
719099;18/09/2025;quinta-feira;05:35:00;GO;153;89;PORANGATU;Rea��o tardia ou ineficiente do condutor;Sa�da de leito carro��vel;Com V�timas Feridas;Amanhecer;Decrescente;C�u Claro;Simples;Reta;N�o;1;0;1;0;0;0;1;1;-13,3709154;-49,1267395;SPRF-GO;DEL07-GO;UOP01-DEL07-GO;;;
719101;18/09/2025;quinta-feira;05:50:00;MS;163;336;RIO BRILHANTE;Transitar na contram�o;Colis�o frontal;Com V�timas Fatais;Amanhecer;Crescente;C�u Claro;Simples;Reta;N�o;4;1;0;0;1;2;0;4;-21,67976253;-54,47369099;SPRF-MS;DEL02-MS;UOP02-DEL02-MS;;;
719110;18/09/2025;quinta-feira;06:40:00;SC;282;370;ERVAL VELHO;Desrespeitar a prefer�ncia no cruzamento;Colis�o transversal;Com V�timas Feridas;Amanhecer;Decrescente;C�u Claro;Simples;"Reta;Retorno Regulamentado";Sim;3;0;0;1;1;1;1;3;-27,275356;-51,441463;SPRF-SC;DEL07-SC;UOP05-DEL07-SC;;;
719126;18/09/2025;quinta-feira;09:00:00;MT;70;1,7;BARRA DO GARCAS;Ingest�o de �lcool pelo condutor;Colis�o lateral mesmo sentido;Sem V�timas;Pleno dia;Decrescente;C�u Claro;Simples;Reta;Sim;2;0;0;0;2;0;0;2;-15,87254873;-52,38544051;SPRF-MT;DEL07-MT;UOP01-DEL07-MT;;;
719139;15/09/2025;segunda-feira;22:42:00;MT;174;243;JAURU;Condutor Dormindo;Sa�da de leito carro��vel;Com V�timas Feridas;Plena Noite;Crescente;C�u Claro;Simples;Reta;N�o;2;0;1;0;0;1;1;2;-15,513839;-59,01708;SPRF-MT;DEL04-MT;UOP01-DEL04-MT;;;
719141;15/08/2025;sexta-feira;18:20:00;SP;116;478;JACUPIRANGA;Aus�ncia de rea��o do condutor;Colis�o traseira;Com V�timas Fatais;Anoitecer;Crescente;C�u Claro;Dupla;Reta;Sim;3;1;0;0;1;1;0;3;-24,70738893;-48,01576543;SPRF-SP;DEL05-SP;UOP01-DEL05-SP;;;
719142;01/09/2025;segunda-feira;05:55:00;MG;365;620;UBERLANDIA;Manobra de mudan�a de faixa;Colis�o lateral mesmo sentido;Com V�timas Feridas;Plena Noite;Decrescente;Chuva;Simples;"Viaduto;Interse��o de Vias";Sim;2;0;1;0;0;1;1;2;-18,88517;-48,26608;SPRF-MG;DEL15-MG;UOP01-DEL15-MG;;;
719147;18/09/2025;quinta-feira;10:25:00;SC;101;118;ITAJAI;Manobra de mudan�a de faixa;Colis�o lateral mesmo sentido;Sem V�timas;Pleno dia;Crescente;C�u Claro;Dupla;Reta;Sim;2;0;0;0;2;0;0;2;-26,89356897;-48,72083545;SPRF-SC;DEL04-SC;UOP04-DEL04-SC;;;
719148;18/09/2025;quinta-feira;09:52:00;BA;116;10;VITORIA DA CONQUISTA;Demais falhas mec�nicas ou el�tricas;Derramamento de carga;Com V�timas Feridas;Pleno dia;Crescente;C�u Claro;Simples;Reta;Sim;1;0;1;0;0;0;1;1;-14,8551;-40,8798;SPRF-BA;DEL08-BA;UOP01-DEL08-BA;;;
719149;23/04/2025;quarta-feira;06:55:00;SC;153;64,4;IRANI;Transitar na contram�o;Colis�o lateral sentido oposto;Com V�timas Fatais;Amanhecer;Crescente;C�u Claro;Simples;Curva;Sim;8;2;1;2;2;2;3;5;-27,01277155;-51,87751718;SPRF-SC;DEL07-SC;UOP04-DEL07-SC;;;
719156;18/09/2025;quinta-feira;08:20:00;MS;163;598;SAO GABRIEL DO OESTE;Demais Fen�menos da natureza;Inc�ndio;Sem V�timas;Pleno dia;Crescente;C�u Claro;Dupla;"Aclive;Reta";N�o;2;0;0;0;1;1;0;2;-19,511167;-54,472036;SPRF-MS;DEL06-MS;UOP02-DEL06-MS;;;
719160;18/09/2025;quinta-feira;06:30:00;BA;242;347;LENCOIS;Demais falhas mec�nicas ou el�tricas;Inc�ndio;Sem V�timas;Pleno dia;Decrescente;C�u Claro;Simples;Reta;N�o;2;0;0;0;1;1;0;2;-12,50144253;-41,28602028;SPRF-BA;DEL06-BA;UOP02-DEL06-BA;;;
719161;18/09/2025;quinta-feira;10:50:00;SP;116;398;MIRACATU;Condutor Dormindo;Sa�da de leito carro��vel;Com V�timas Feridas;Pleno dia;Decrescente;C�u Claro;Dupla;Curva;N�o;2;0;0;1;0;1;1;2;-24,30249677;-47,48610735;SPRF-SP;DEL04-SP;UOP02-DEL04-SP;;;
719162;18/09/2025;quinta-feira;12:10:00;PB;101;85;BAYEUX;Aus�ncia de rea��o do condutor;Colis�o com objeto;Sem V�timas;Pleno dia;Decrescente;C�u Claro;Dupla;Reta;Sim;1;0;0;0;1;0;0;1;-7,14604245;-34,91573095;SPRF-PB;DEL01-PB;UOP01-DEL01-PB;;;
719163;18/09/2025;quinta-feira;11:00:00;RS;386;307,7;POUSO NOVO;Problema com o freio;Colis�o traseira;Com V�timas Fatais;Pleno dia;Decrescente;C�u Claro;Simples;"Em Obras;Declive;Curva";N�o;13;1;3;0;8;1;3;9;-29,2094;-52,1787;SPRF-RS;DEL04-RS;UOP01-DEL04-RS;;;
719165;18/09/2025;quinta-feira;06:00:00;ES;262;155;IBATIBA;Aus�ncia de rea��o do condutor;Colis�o lateral sentido oposto;Com V�timas Feridas;Pleno dia;Decrescente;Nublado;Dupla;Reta;N�o;5;0;0;1;3;1;1;4;-20,2280532;-41,4723587;SPRF-ES;DEL01-ES;UOP02-DEL01-ES;;;
719169;18/09/2025;quinta-feira;12:10:00;MA;316;413,9;ALTO ALEGRE DO MARANHAO;Manobra de mudan�a de faixa;Colis�o lateral sentido oposto;Com V�timas Feridas;Pleno dia;Decrescente;C�u Claro;Simples;Reta;N�o;4;0;1;0;2;6;1;9;-4,312206;-44,409391;SPRF-MA;DEL03-MA;UOP01-DEL03-MA;;;
719173;18/09/2025;quinta-feira;11:15:00;PR;153;203;TIBAGI;Rea��o tardia ou ineficiente do condutor;Tombamento;Com V�timas Feridas;Pleno dia;Decrescente;C�u Claro;Simples;"Interse��o de Vias;Rotat�ria";N�o;2;0;1;0;0;1;1;2;-24,50042666;-50,44450879;SPRF-PR;DEL03-PR;UOP02-DEL03-PR;;;
719174;18/09/2025;quinta-feira;13:20:00;SC;280;80,5;CORUPA;Rea��o tardia ou ineficiente do condutor;Engavetamento;Com V�timas Feridas;Pleno dia;Decrescente;C�u Claro;Simples;"Reta;Em Obras;Declive";Sim;5;0;1;0;4;0;1;3;-26,43975382;-49,22767488;SPRF-SC;DEL06-SC;UOP03-DEL06-SC;;;
719181;18/09/2025;quinta-feira;13:18:00;CE;222;197;FORQUILHA;Avarias e/ou desgaste excessivo no pneu;Sa�da de leito carro��vel;Com V�timas Feridas;Pleno dia;Crescente;C�u Claro;Simples;Curva;N�o;2;0;1;0;0;1;1;2;-3,803395;-40,18417;SPRF-CE;DEL04-CE;UOP01-DEL04-CE;;;
719187;15/08/2025;sexta-feira;18:00:00;BA;324;535;CONCEICAO DO JACUIPE;Rea��o tardia ou ineficiente do condutor;Colis�o traseira;Com V�timas Feridas;Plena Noite;Decrescente;C�u Claro;Dupla;Reta;N�o;7;0;1;0;5;1;1;7;-12,35719283;-38,8282395;SPRF-BA;DEL01-BA;UOP03-DEL01-BA;;;
719192;18/09/2025;quinta-feira;14:20:00;PB;101;24;RIO TINTO;Demais falhas mec�nicas ou el�tricas;Inc�ndio;Sem V�timas;Pleno dia;Crescente;C�u Claro;Dupla;Reta;N�o;2;0;0;0;1;1;0;2;-6,7017488;-35,1166885;SPRF-PB;DEL01-PB;UOP03-DEL01-PB;;;
719201;18/09/2025;quinta-feira;15:35:00;SP;116;202;ARUJA;Aus�ncia de rea��o do condutor;Colis�o lateral mesmo sentido;Com V�timas Feridas;Pleno dia;Decrescente;C�u Claro;Dupla;Reta;Sim;5;0;1;0;3;1;1;3;-23,408147;-46,338703;SPRF-SP;DEL01-SP;UOP01-DEL01-SP;;;
719205;18/09/2025;quinta-feira;14:10:00;SC;282;519,3;XAXIM;Rea��o tardia ou ineficiente do condutor;Colis�o frontal;Com V�timas Feridas;Pleno dia;Crescente;C�u Claro;Simples;"Aclive;Reta";N�o;5;0;1;0;2;2;1;4;-26,94850499;-52,51947161;SPRF-SC;DEL07-SC;UOP01-DEL07-SC;;;
719206;18/09/2025;quinta-feira;09:35:00;PI;407;495;PATOS DO PIAUI;Condutor Dormindo;Sa�da de leito carro��vel;Com V�timas Feridas;Pleno dia;Crescente;Sol;Simples;Curva;N�o;1;0;1;0;0;0;1;1;-7,5479071;-41,29651219;SPRF-PI;DEL04-PI;UOP01-DEL04-PI;;;
719207;18/09/2025;quinta-feira;16:35:00;DF;20;20;BRASILIA;Chuva;Sa�da de leito carro��vel;Sem V�timas;Pleno dia;Decrescente;Chuva;Dupla;"Declive;Reta";Sim;1;0;0;0;1;0;0;1;-15,60786134;-47,68956185;SPRF-DF;DEL02-DF;UOP01-DEL02-DF;;;
719215;18/09/2025;quinta-feira;15:00:00;PR;376;258;CALIFORNIA;Rea��o tardia ou ineficiente do condutor;Colis�o lateral sentido oposto;Com V�timas Feridas;Pleno dia;Crescente;C�u Claro;Simples;"Declive;Curva";N�o;4;0;1;0;2;1;1;3;-23,68289755;-51,35029078;SPRF-PR;DEL07-PR;UOP03-DEL07-PR;;;
719219;18/09/2025;quinta-feira;15:00:00;MG;381;154,9;GOVERNADOR VALADARES;Demais falhas mec�nicas ou el�tricas;Inc�ndio;Sem V�timas;Pleno dia;Crescente;Sol;Simples;Reta;N�o;3;0;0;0;1;2;0;2;-18,89914073;-42,00519562;SPRF-MG;DEL06-MG;UOP01-DEL06-MG;;;
719221;18/09/2025;quinta-feira;14:00:00;PB;230;477,2;MARIZOPOLIS;Condutor deixou de manter dist�ncia do ve�culo da frente;Engavetamento;Com V�timas Feridas;Pleno dia;Crescente;C�u Claro;Simples;"Reta;Aclive";N�o;4;0;0;1;2;1;1;4;-6,843038;-38,329125;SPRF-PB;DEL03-PB;UOP03-DEL03-PB;;;
719223;16/09/2025;ter�a-feira;02:50:00;RJ;101;283;ITABORAI;Manobra de mudan�a de faixa;Colis�o traseira;Com V�timas Feridas;Plena Noite;Decrescente;C�u Claro;Dupla;"Declive;Curva";Sim;5;0;1;0;3;1;1;5;-22,7397435;-42,80584574;SPRF-RJ;DEL02-RJ;UOP02-DEL02-RJ;;;
719231;18/09/2025;quinta-feira;17:50:00;PR;376;129,3;ALTO PARANA;Demais falhas mec�nicas ou el�tricas;Inc�ndio;Sem V�timas;Pleno dia;Decrescente;C�u Claro;Dupla;Reta;N�o;1;0;0;0;1;0;0;1;-23,167647;-52,250277;SPRF-PR;DEL09-PR;UOP02-DEL09-PR;;;
719236;30/08/2025;s�bado;13:30:00;AC;364;158;BUJARI;Demais falhas na via;Colis�o frontal;Com V�timas Feridas;Pleno dia;Decrescente;C�u Claro;Simples;Reta;N�o;5;0;4;0;1;0;4;2;-9,82520767;-67,96084596;SPRF-AC;DEL01-AC;UOP01-DEL01-AC;;;
719239;18/09/2025;quinta-feira;18:00:00;PR;277;720;FOZ DO IGUACU;Ultrapassagem Indevida;Colis�o lateral mesmo sentido;Com V�timas Feridas;Pleno dia;Decrescente;Nublado;Simples;Retorno Regulamentado;Sim;3;0;1;0;1;1;1;3;-25,48466542;-54,49625373;SPRF-PR;DEL05-PR;UOP03-DEL05-PR;;;
719240;18/09/2025;quinta-feira;18:30:00;SP;381;37,7;ATIBAIA;Ingest�o de �lcool pelo condutor;Colis�o traseira;Sem V�timas;Plena Noite;Decrescente;C�u Claro;Dupla;Reta;N�o;6;0;0;0;6;0;0;3;-23,11319172;-46,5714905;SPRF-SP;DEL03-SP;UOP01-DEL03-SP;;;
719241;18/09/2025;quinta-feira;13:30:00;MT;163;809;SINOP;Rea��o tardia ou ineficiente do condutor;Tombamento;Sem V�timas;Pleno dia;Decrescente;Sol;Simples;"Reta;Em Obras";N�o;2;0;0;0;1;3;0;4;-12,08932;-55,51773;SPRF-MT;DEL06-MT;UOP02-DEL06-MT;;;
719252;18/09/2025;quinta-feira;19:00:00;PR;277;57;SAO JOSE DOS PINHAIS;Pedestre cruzava a pista fora da faixa;Atropelamento de Pedestre;Com V�timas Feridas;Plena Noite;Crescente;Nublado;Dupla;Reta;N�o;3;0;0;1;1;3;1;5;-25,564403;-49,008908;SPRF-PR;DEL01-PR;UOP01-DEL01-PR;;;
719254;18/09/2025;quinta-feira;19:00:00;SP;116;323;JUQUITIBA;Trafegar com motocicleta (ou similar) entre as faixas;Colis�o lateral mesmo sentido;Com V�timas Feridas;Plena Noite;Decrescente;Garoa/Chuvisco;Dupla;Reta;N�o;5;0;0;1;3;1;1;5;-23,938;-47,038068;SPRF-SP;DEL04-SP;UOP03-DEL04-SP;;;
719259;18/09/2025;quinta-feira;19:40:00;SP;116;353;MIRACATU;Condutor deixou de manter dist�ncia do ve�culo da frente;Colis�o traseira;Com V�timas Feridas;Plena Noite;Decrescente;C�u Claro;Dupla;"Aclive;Reta";N�o;3;0;1;0;1;3;1;5;-24,2674689;-47,393199;SPRF-SP;DEL04-SP;UOP03-DEL04-SP;;;
719263;18/09/2025;quinta-feira;19:30:00;BA;324;551;AMELIA RODRIGUES;Aus�ncia de rea��o do condutor;Atropelamento de Pedestre;Com V�timas Feridas;Plena Noite;Crescente;C�u Claro;Simples;"Declive;Reta";N�o;3;0;1;0;0;2;1;3;-12,4491217;-38,7124;SPRF-BA;DEL01-BA;UOP03-DEL01-BA;;;
719264;18/09/2025;quinta-feira;20:00:00;SC;101;42,5;PALHOCA;Condutor deixou de manter dist�ncia do ve�culo da frente;Colis�o traseira;Com V�timas Feridas;Plena Noite;Decrescente;C�u Claro;M�ltipla;"Reta;T�nel";Sim;5;0;0;1;1;4;1;5;-27,64024824;-48,72585503;SPRF-SC;DEL01-SC;UOP02-DEL01-SC;;;
719266;18/09/2025;quinta-feira;19:50:00;SC;101;145;ITAPEMA;Aus�ncia de rea��o do condutor;Colis�o frontal;Sem V�timas;Plena Noite;Decrescente;Nublado;Dupla;"Reta;Aclive";Sim;4;0;0;0;2;2;0;4;-27,08545518;-48,60709088;SPRF-SC;DEL04-SC;UOP03-DEL04-SC;;;