id;data_inversa;dia_semana;horario;uf;br;km;municipio;causa_acidente;tipo_acidente;classificacao_acidente;fase_dia;sentido_via;condicao_metereologica;tipo_pista;tracado_via;uso_solo;pessoas;mortos;feridos_leves;feridos_graves;ilesos;ignorados;feridos;veiculos;latitude;longitude;regional;delegacia;uop;;;
719268;18/09/2025;quinta-feira;15:30:00;PR;376;182,3;MARINGA;Acumulo de �leo sobre o pavimento;Derramamento de carga;Com V�timas Feridas;Pleno dia;Crescente;C�u Claro;Dupla;Reta;Sim;4;0;1;0;1;2;1;4;-23,4330327;-51,88568008;SPRF-PR;DEL09-PR;UOP01-DEL09-PR;;;
719275;18/09/2025;quinta-feira;21:56:00;ES;101;287;CARIACICA;Condutor deixou de manter dist�ncia do ve�culo da frente;Colis�o lateral mesmo sentido;Com V�timas Feridas;Plena Noite;Crescente;C�u Claro;Dupla;Reta;Sim;4;0;3;0;0;1;3;2;-20,266128;-40,386141;SPRF-ES;DEL01-ES;UOP01-DEL01-ES;;;
719277;18/09/2025;quinta-feira;20:40:00;RJ;101;330;RIO DE JANEIRO;Rea��o tardia ou ineficiente do condutor;Colis�o traseira;Com V�timas Fatais;Plena Noite;Crescente;C�u Claro;Simples;Reta;Sim;2;1;0;0;1;0;0;2;-22,86956352;-43,20201564;SPRF-RJ;DEL02-RJ;UOP01-DEL02-RJ;;;
719281;18/09/2025;quinta-feira;22:35:00;MG;40;504,3;ESMERALDAS;Aus�ncia de rea��o do condutor;Colis�o traseira;Com V�timas Feridas;Plena Noite;Crescente;C�u Claro;Dupla;"Declive;Reta";N�o;3;0;1;0;1;1;1;3;-19,7306961;-44,1523816;SPRF-MG;DEL02-MG;UOP01-DEL02-MG;;;
719287;19/09/2025;sexta-feira;00:15:00;DF;20;18;BRASILIA;Chuva;Sa�da de leito carro��vel;Sem V�timas;Plena Noite;Crescente;Chuva;Dupla;"Declive;Reta";Sim;2;0;0;0;1;1;0;2;-15,62502065;-47,72323608;SPRF-DF;DEL02-DF;UOP01-DEL02-DF;;;
719288;18/09/2025;quinta-feira;20:01:00;RS;290;579,8;ALEGRETE;Transitar na contram�o;Colis�o lateral sentido oposto;Com V�timas Feridas;Plena Noite;Crescente;Chuva;Simples;Curva;Sim;8;0;0;1;2;6;1;7;-29,80593879;-55,77207176;SPRF-RS;DEL13-RS;UOP02-DEL13-RS;;;
719292;19/09/2025;sexta-feira;01:20:00;SC;470;80,1;RODEIO;Aus�ncia de rea��o do condutor;Sa�da de leito carro��vel;Sem V�timas;Plena Noite;Crescente;Garoa/Chuvisco;Simples;"Ponte;Curva";Sim;2;0;0;0;1;1;0;2;-26,94829;-49,31814;SPRF-SC;DEL04-SC;UOP01-DEL04-SC;;;
719294;18/09/2025;quinta-feira;23:30:00;PA;155;217;ELDORADO DO CARAJAS;Transitar na contram�o;Colis�o frontal;Com V�timas Fatais;Plena Noite;Decrescente;C�u Claro;Simples;Declive;N�o;2;1;0;0;0;1;0;2;-6,37844165;-49,40464556;SPRF-PA;DEL03-PA;UOP01-DEL03-PA;;;
719299;19/09/2025;sexta-feira;04:40:00;MG;40;413;CURVELO;Demais falhas mec�nicas ou el�tricas;Tombamento;Sem V�timas;Amanhecer;Crescente;C�u Claro;Simples;Reta;N�o;1;0;0;0;1;0;0;1;-19,1362005;-44,6176211;SPRF-MG;DEL02-MG;UOP01-DEL02-MG;;;
719301;19/09/2025;sexta-feira;03:30:00;MG;365;135,5;VARZEA DA PALMA;Objeto est�tico sobre o leito carro��vel;Colis�o com objeto;Com V�timas Feridas;Plena Noite;Crescente;C�u Claro;Simples;Reta;N�o;2;0;1;0;0;1;1;2;-17,2017503;-44,8161832;SPRF-MG;DEL12-MG;UOP01-DEL12-MG;;;
719303;19/09/2025;sexta-feira;05:30:00;PE;101;166;AGUA PRETA;Demais falhas mec�nicas ou el�tricas;Colis�o lateral sentido oposto;Com V�timas Feridas;Amanhecer;Crescente;C�u Claro;Dupla;Reta;N�o;2;0;1;0;1;0;1;2;-8,55078313;-35,44639461;SPRF-PE;DEL01-PE;UOP03-DEL01-PE;;;
719304;19/09/2025;sexta-feira;05:50:00;PR;376;13;MARINGA;Rea��o tardia ou ineficiente do condutor;Colis�o traseira;Sem V�timas;Amanhecer;Crescente;C�u Claro;Dupla;Reta;Sim;3;0;0;0;2;3;0;5;-23,39842314;-51,88249147;SPRF-PR;DEL09-PR;UOP01-DEL09-PR;;;
719309;19/09/2025;sexta-feira;05:40:00;RJ;40;122;DUQUE DE CAXIAS;Trafegar com motocicleta (ou similar) entre as faixas;Colis�o lateral mesmo sentido;Com V�timas Feridas;Amanhecer;Crescente;C�u Claro;M�ltipla;Reta;Sim;3;0;0;1;1;1;1;3;-22,79200572;-43,28679356;SPRF-RJ;DEL01-RJ;UOP02-DEL01-RJ;;;
719310;19/09/2025;sexta-feira;06:40:00;SC;470;79;RODEIO;Ultrapassagem Indevida;Colis�o lateral mesmo sentido;Com V�timas Feridas;Pleno dia;Crescente;C�u Claro;Simples;Reta;N�o;4;0;0;2;2;0;2;3;-26,94902391;-49,31515932;SPRF-SC;DEL04-SC;UOP01-DEL04-SC;;;
719317;19/09/2025;sexta-feira;04:15:00;PR;376;369;ORTIGUEIRA;Rea��o tardia ou ineficiente do condutor;Tombamento;Com V�timas Feridas;Plena Noite;Decrescente;C�u Claro;Simples;"Curva;Aclive";N�o;2;0;1;0;0;1;1;2;-24,362763;-50,809738;SPRF-PR;DEL07-PR;UOP02-DEL07-PR;;;
719319;19/09/2025;sexta-feira;08:10:00;RN;304;39,2;MOSSORO;Condutor usando celular;Colis�o traseira;Com V�timas Feridas;Pleno dia;Crescente;Sol;Dupla;Reta;Sim;2;0;1;0;1;0;1;2;-5,189768;-37,375275;SPRF-RN;DEL04-RN;UOP02-DEL04-RN;;;
719322;19/09/2025;sexta-feira;07:50:00;AL;104;73,4;MESSIAS;Pista Escorregadia;Colis�o traseira;Sem V�timas;Pleno dia;Crescente;Garoa/Chuvisco;Simples;Reta;N�o;3;0;0;0;3;0;0;2;-9,36249838;-35,84988713;SPRF-AL;DEL01-AL;UOP02-DEL01-AL;;;
719323;29/08/2025;sexta-feira;04:20:00;PE;423;50;LAJEDO;Velocidade Incompat�vel;Colis�o traseira;Com V�timas Feridas;Amanhecer;Decrescente;Ignorado;Simples;Reta;N�o;4;0;2;0;0;2;2;3;-8,576261;-36,285396;SPRF-PE;DEL03-PE;UOP01-DEL03-PE;;;
719330;05/08/2025;ter�a-feira;21:13:00;MT;174;570;COMODORO;Objeto est�tico sobre o leito carro��vel;Tombamento;Com V�timas Feridas;Plena Noite;Crescente;C�u Claro;Simples;Reta;N�o;3;0;2;0;0;3;2;5;-12,9782683;-60,0071233;SPRF-MT;DEL04-MT;UOP02-DEL04-MT;;;
719331;19/09/2025;sexta-feira;07:15:00;MG;381;449,8;BELO HORIZONTE;Aus�ncia de rea��o do condutor;Colis�o traseira;Com V�timas Feridas;Pleno dia;Crescente;C�u Claro;Dupla;Reta;N�o;4;0;1;0;1;2;1;4;-19,84336737;-43,88548248;SPRF-MG;DEL01-MG;UOP01-DEL01-MG;;;
719338;19/09/2025;sexta-feira;09:30:00;MG;146;465,3;BOTELHOS;Ultrapassagem Indevida;Sa�da de leito carro��vel;Sem V�timas;Pleno dia;Decrescente;C�u Claro;Simples;"Curva;Aclive";N�o;3;0;0;0;2;2;0;4;-21,68270175;-46,42455474;SPRF-MG;DEL09-MG;UOP01-DEL09-MG;;;
719341;23/08/2025;s�bado;05:05:00;RJ;116;147;DUQUE DE CAXIAS;Aus�ncia de rea��o do condutor;Colis�o traseira;Com V�timas Fatais;Pleno dia;Crescente;C�u Claro;Dupla;Reta;Sim;2;1;0;0;1;0;0;2;-22,66634407;-43,26251348;SPRF-RJ;DEL01-RJ;UOP02-DEL01-RJ;;;
719345;19/09/2025;sexta-feira;08:55:00;PR;277;453,9;LARANJEIRAS DO SUL;Desrespeitar a prefer�ncia no cruzamento;Colis�o transversal;Com V�timas Feridas;Pleno dia;Crescente;C�u Claro;Simples;Interse��o de Vias;Sim;2;0;0;1;1;0;1;2;-25,38546;-52,41045;SPRF-PR;DEL04-PR;UOP02-DEL04-PR;;;
719350;19/09/2025;sexta-feira;08:30:00;PA;230;127;MARABA;Condutor deixou de manter dist�ncia do ve�culo da frente;Engavetamento;Sem V�timas;Pleno dia;Decrescente;C�u Claro;Simples;"Reta;Aclive";N�o;3;0;0;0;3;0;0;3;-5,37292596;-49,17004102;SPRF-PA;DEL03-PA;UOP01-DEL03-PA;;;
719353;19/09/2025;sexta-feira;10:45:00;PR;376;594;CURITIBA;Rea��o tardia ou ineficiente do condutor;Colis�o traseira;Com V�timas Feridas;Pleno dia;Decrescente;C�u Claro;Dupla;Reta;Sim;3;0;1;0;1;2;1;4;-25,454522;-49,361212;SPRF-PR;DEL01-PR;UOP06-DEL01-PR;;;
719357;19/09/2025;sexta-feira;08:30:00;AM;319;672;HUMAITA;Velocidade Incompat�vel;Colis�o traseira;Sem V�timas;Pleno dia;Crescente;Nublado;Simples;Reta;N�o;2;0;0;0;1;1;0;2;-7,89173;-63,28572;SPRF-AM;DEL02-AM;UOP01-DEL02-AM;;;
719359;19/09/2025;sexta-feira;11:40:00;ES;101;9;SERRA;Avarias e/ou desgaste excessivo no pneu;Colis�o traseira;Com V�timas Feridas;Pleno dia;Crescente;Chuva;Dupla;Reta;N�o;6;0;1;1;3;1;2;4;-20,13582;-40,33955;SPRF-ES;DEL02-ES;UOP01-DEL02-ES;;;
719366;19/09/2025;sexta-feira;06:40:00;MA;135;2;SAO LUIS;Acessar a via sem observar a presen�a dos outros ve�culos;Colis�o lateral mesmo sentido;Com V�timas Feridas;Pleno dia;Decrescente;C�u Claro;Dupla;Reta;Sim;4;0;1;0;2;1;1;3;-2,662018;-44,302116;SPRF-MA;DEL01-MA;UOP01-DEL01-MA;;;
719375;19/09/2025;sexta-feira;09:00:00;MG;381;720;CARMO DA CACHOEIRA;Velocidade Incompat�vel;Tombamento;Com V�timas Feridas;Pleno dia;Decrescente;C�u Claro;Dupla;Curva;N�o;2;0;1;0;0;1;1;2;-21,432704;-45,210703;SPRF-MG;DEL04-MG;UOP02-DEL04-MG;;;
719376;19/09/2025;sexta-feira;11:40:00;MT;364;342,5;SANTO ANTONIO DO LEVERGER;Rea��o tardia ou ineficiente do condutor;Colis�o traseira;Com V�timas Feridas;Pleno dia;Crescente;C�u Claro;Dupla;Curva;N�o;3;0;1;0;1;2;1;4;-15,8188688;-55,5307913;SPRF-MT;DEL05-MT;UOP02-DEL05-MT;;;
719378;17/09/2025;quarta-feira;00:55:00;MG;262;460;BOM DESPACHO;Rea��o tardia ou ineficiente do condutor;Tombamento;Com V�timas Feridas;Plena Noite;Decrescente;Chuva;Simples;Curva;N�o;1;0;1;0;0;0;1;1;-19,78673408;-45,16788483;SPRF-MG;DEL08-MG;UOP03-DEL08-MG;;;
719380;19/09/2025;sexta-feira;13:20:00;BA;324;621;SALVADOR;Rea��o tardia ou ineficiente do condutor;Colis�o traseira;Com V�timas Feridas;Pleno dia;Decrescente;Sol;M�ltipla;Reta;Sim;2;0;1;0;1;0;1;2;-12,92700723;-38,46820448;SPRF-BA;DEL01-BA;UOP01-DEL01-BA;;;
719381;19/09/2025;sexta-feira;12:40:00;PE;232;412;SERRA TALHADA;Suic�dio (presumido);Colis�o frontal;Com V�timas Fatais;Pleno dia;Decrescente;C�u Claro;Simples;Reta;Sim;3;1;0;0;1;2;0;4;-7,98137193;-38,31635926;SPRF-PE;DEL04-PE;UOP01-DEL04-PE;;;
719383;19/09/2025;sexta-feira;14:07:00;ES;262;39,8;DOMINGOS MARTINS;Transitar na contram�o;Colis�o frontal;Com V�timas Feridas;Pleno dia;Crescente;Chuva;Simples;Curva;N�o;4;0;1;0;3;0;1;2;-20,38395364;-40,63573711;SPRF-ES;DEL01-ES;UOP01-DEL01-ES;;;
719390;19/09/2025;sexta-feira;14:45:00;SP;116;196,5;ARUJA;Velocidade Incompat�vel;Colis�o com objeto;Com V�timas Feridas;Pleno dia;Crescente;Sol;Dupla;Reta;N�o;1;0;1;0;0;0;1;1;-23,394442;-46,288457;SPRF-SP;DEL01-SP;UOP01-DEL01-SP;;;
719393;19/09/2025;sexta-feira;15:00:00;RJ;40;84;RIO DE JANEIRO;Demais falhas mec�nicas ou el�tricas;Inc�ndio;Sem V�timas;Pleno dia;Decrescente;C�u Claro;Simples;"Reta;Aclive";N�o;1;0;0;0;1;0;0;1;-22,9081088;-43,1915008;SPRF-RJ;DEL01-RJ;UOP01-DEL01-RJ;;;
719395;19/09/2025;sexta-feira;10:50:00;BA;116;662,7;JEQUIE;Rea��o tardia ou ineficiente do condutor;Engavetamento;Com V�timas Fatais;Pleno dia;Decrescente;C�u Claro;Simples;"Reta;Declive;Em Obras";N�o;8;1;1;2;3;2;3;6;-13,771916;-40,101927;SPRF-BA;DEL03-BA;UOP01-DEL03-BA;;;
719398;19/09/2025;sexta-feira;13:50:00;BA;116;543,2;MILAGRES;Acessar a via sem observar a presen�a dos outros ve�culos;Colis�o transversal;Com V�timas Feridas;Pleno dia;Crescente;C�u Claro;Simples;Interse��o de Vias;N�o;3;0;1;0;1;1;1;3;-12,8469;-39,8411;SPRF-BA;DEL03-BA;UOP02-DEL03-BA;;;
719404;11/09/2025;quinta-feira;15:45:00;PR;277;586;CASCAVEL;Ultrapassagem Indevida;Colis�o transversal;Com V�timas Feridas;Pleno dia;Crescente;C�u Claro;Simples;"Aclive;Reta";Sim;3;0;1;0;2;0;1;2;-24,9683316;-53,4280373;SPRF-PR;DEL04-PR;UOP01-DEL04-PR;;;
719405;19/09/2025;sexta-feira;13:00:00;BA;101;519;ITABUNA;Transitar na contram�o;Colis�o frontal;Com V�timas Feridas;Pleno dia;Decrescente;C�u Claro;Simples;Reta;N�o;3;0;0;1;2;0;1;2;-14,89048969;-39,287218;SPRF-BA;DEL05-BA;UOP01-DEL05-BA;;;
719406;19/09/2025;sexta-feira;08:40:00;SP;116;160;JACAREI;Demais falhas mec�nicas ou el�tricas;Engavetamento;Com V�timas Feridas;Pleno dia;Crescente;Sol;Dupla;Reta;N�o;6;0;1;0;4;1;1;4;-23,26965;-45,966136;SPRF-SP;DEL02-SP;UOP01-DEL02-SP;;;
719410;19/09/2025;sexta-feira;15:45:00;GO;153;523,1;HIDROLANDIA;Demais falhas mec�nicas ou el�tricas;Inc�ndio;Sem V�timas;Pleno dia;Crescente;Nublado;Dupla;Reta;N�o;2;0;0;0;1;1;0;2;-16,903577;-49,254808;SPRF-GO;DEL01-GO;UOP03-DEL01-GO;;;
719412;19/09/2025;sexta-feira;14:00:00;SP;116;514;CAJATI;Rea��o tardia ou ineficiente do condutor;Colis�o traseira;Com V�timas Feridas;Pleno dia;Crescente;C�u Claro;Simples;"Reta;Aclive";N�o;4;0;1;0;2;1;1;3;-24,875675;-48,226073;SPRF-SP;DEL05-SP;UOP02-DEL05-SP;;;
719415;19/09/2025;sexta-feira;08:00:00;MG;116;26,5;CACHOEIRA DE PAJEU;Rea��o tardia ou ineficiente do condutor;Tombamento;Com V�timas Fatais;Pleno dia;Crescente;C�u Claro;Simples;"Curva;Declive";N�o;2;1;0;0;0;1;0;2;-15,882458;-41,425327;SPRF-MG;DEL11-MG;UOP02-DEL11-MG;;;
719420;19/09/2025;sexta-feira;16:10:00;MG;251;516,8;MONTES CLAROS;Demais falhas mec�nicas ou el�tricas;Colis�o frontal;Com V�timas Feridas;Pleno dia;Decrescente;Nublado;Simples;"Declive;Reta";N�o;2;0;0;1;1;0;1;2;-16,65986;-43,745857;SPRF-MG;DEL12-MG;UOP01-DEL12-MG;;;
719430;19/09/2025;sexta-feira;13:05:00;GO;158;48;BOM JARDIM DE GOIAS;Manobra de mudan�a de faixa;Colis�o lateral sentido oposto;Com V�timas Feridas;Pleno dia;Crescente;Nublado;Simples;Reta;N�o;5;0;1;0;3;3;1;7;-16,22528;-52,085768;SPRF-GO;DEL04-GO;UOP02-DEL04-GO;;;
719438;19/09/2025;sexta-feira;17:30:00;PR;116;110,5;CURITIBA;Trafegar com motocicleta (ou similar) entre as faixas;Colis�o lateral mesmo sentido;Com V�timas Feridas;Pleno dia;Decrescente;C�u Claro;Dupla;Reta;N�o;3;0;1;0;1;2;1;4;-25,563242;-49,256032;SPRF-PR;DEL01-PR;UOP03-DEL01-PR;;;
719441;19/09/2025;sexta-feira;18:00:00;MG;365;622;UBERLANDIA;Acumulo de �leo sobre o pavimento;Colis�o lateral mesmo sentido;Com V�timas Fatais;Anoitecer;Crescente;Chuva;Dupla;"Declive;Reta";Sim;6;1;0;0;4;2;0;7;-18,895;-48,271;SPRF-MG;DEL15-MG;UOP01-DEL15-MG;;;
719453;19/09/2025;sexta-feira;16:25:00;AL;101;51;FLEXEIRAS;Velocidade Incompat�vel;Tombamento;Sem V�timas;Pleno dia;Decrescente;Sol;Simples;"Curva;Declive;Interse��o de Vias";N�o;2;0;0;0;1;1;0;2;-9,24854522;-35,75710472;SPRF-AL;DEL01-AL;UOP02-DEL01-AL;;;
719459;19/09/2025;sexta-feira;17:43:00;SC;282;306,2;VARGEM;Acessar a via sem observar a presen�a dos outros ve�culos;Colis�o traseira;Com V�timas Feridas;Pleno dia;Decrescente;C�u Claro;Simples;Reta;N�o;2;0;1;0;1;0;1;2;-27,49574424;-50,95329031;SPRF-SC;DEL07-SC;UOP06-DEL07-SC;;;
719464;12/09/2025;sexta-feira;06:50:00;RO;364;302;PRESIDENTE MEDICI;Ultrapassagem Indevida;Colis�o lateral mesmo sentido;Com V�timas Feridas;Amanhecer;Decrescente;C�u Claro;Simples;"Reta;Aclive";N�o;3;0;1;0;2;0;1;3;-11,225545;-61,901947;SPRF-RO;DEL02-RO;UOP01-DEL02-RO;;;
719465;19/09/2025;sexta-feira;19:10:00;MG;381;490;BETIM;Acessar a via sem observar a presen�a dos outros ve�culos;Colis�o transversal;Com V�timas Feridas;Plena Noite;Decrescente;C�u Claro;M�ltipla;"Reta;Interse��o de Vias";Sim;2;0;1;0;1;0;1;2;-19,95633;-44,14607;SPRF-MG;DEL01-MG;UOP03-DEL01-MG;;;
719470;19/09/2025;sexta-feira;17:30:00;MG;116;666,4;SAO FRANCISCO DO GLORIA;Velocidade Incompat�vel;Tombamento;Com V�timas Feridas;Anoitecer;Crescente;C�u Claro;Simples;Curva;N�o;2;0;1;0;0;1;1;2;-20,845;-42,326;SPRF-MG;DEL07-MG;UOP02-DEL07-MG;;;
719489;19/09/2025;sexta-feira;17:33:00;MS;163;702;RIO VERDE DE MATO GROSSO;Rea��o tardia ou ineficiente do condutor;Colis�o traseira;Sem V�timas;Anoitecer;Crescente;C�u Claro;Simples;Declive;N�o;5;0;0;0;4;3;0;5;-18,723;-54,815;SPRF-MS;DEL06-MS;UOP01-DEL06-MS;;;
719490;19/09/2025;sexta-feira;19:30:00;PE;101;59;RECIFE;Aus�ncia de rea��o do condutor;Colis�o traseira;Com V�timas Feridas;Plena Noite;Decrescente;Nublado;Dupla;Reta;N�o;2;0;0;1;0;1;1;2;-7,98009;-34,93007;SPRF-PE;DEL01-PE;UOP02-DEL01-PE;;;
719491;19/09/2025;sexta-feira;17:10:00;RO;364;525;ARIQUEMES;Ultrapassagem Indevida;Colis�o lateral sentido oposto;Com V�timas Fatais;Anoitecer;Crescente;C�u Claro;Simples;Reta;N�o;5;1;0;0;2;5;0;8;-9,83229066;-63,06795073;SPRF-RO;DEL03-RO;UOP01-DEL03-RO;;;
719494;19/09/2025;sexta-feira;19:25:00;PR;277;118;CAMPO LARGO;Transitar no Acostamento;Colis�o com objeto;Com V�timas Feridas;Plena Noite;Crescente;Ignorado;Dupla;"Reta;Aclive";N�o;4;0;1;1;2;0;2;3;-25,444862;-49,46857;SPRF-PR;DEL03-PR;UOP03-DEL03-PR;;;
719505;19/09/2025;sexta-feira;21:00:00;SC;470;14;ILHOTA;Demais falhas mec�nicas ou el�tricas;Inc�ndio;Sem V�timas;Plena Noite;Crescente;C�u Claro;Dupla;Reta;N�o;1;0;0;0;1;0;0;1;-26,84294221;-48,79461145;SPRF-SC;DEL04-SC;UOP04-DEL04-SC;;;
719506;19/09/2025;sexta-feira;21:00:00;PR;376;336;ORTIGUEIRA;Demais falhas mec�nicas ou el�tricas;Inc�ndio;Sem V�timas;Plena Noite;Crescente;C�u Claro;Simples;Reta;N�o;2;0;0;0;1;1;0;2;-24,143998;-51,001048;SPRF-PR;DEL07-PR;UOP02-DEL07-PR;;;
719513;19/09/2025;sexta-feira;22:10:00;MG;40;478,5;SETE LAGOAS;Velocidade Incompat�vel;Colis�o traseira;Com V�timas Feridas;Plena Noite;Crescente;C�u Claro;Dupla;Reta;Sim;49;0;39;2;8;0;41;2;-19,5240479;-44,2624413;SPRF-MG;DEL02-MG;UOP01-DEL02-MG;;;
719516;19/09/2025;sexta-feira;20:30:00;MG;381;486;BETIM;Acessar a via sem observar a presen�a dos outros ve�culos;Colis�o lateral mesmo sentido;Com V�timas Feridas;Plena Noite;Crescente;C�u Claro;M�ltipla;"Reta;Interse��o de Vias";Sim;3;0;1;0;2;0;1;2;-19,95635;-44,10463;SPRF-MG;DEL01-MG;UOP03-DEL01-MG;;;
719520;19/09/2025;sexta-feira;21:00:00;PB;230;138;MASSARANDUBA;Demais falhas mec�nicas ou el�tricas;Inc�ndio;Sem V�timas;Plena Noite;Crescente;Garoa/Chuvisco;Dupla;"Curva;Aclive";N�o;2;0;0;0;1;2;0;3;-7,270238;-35,787082;SPRF-PB;DEL02-PB;UOP01-DEL02-PB;;;
719522;19/09/2025;sexta-feira;18:05:00;GO;50;105,9;CRISTALINA;Rea��o tardia ou ineficiente do condutor;Sa�da de leito carro��vel;Com V�timas Feridas;Anoitecer;Decrescente;Nublado;Dupla;"Retorno Regulamentado;Reta";N�o;2;0;1;0;0;1;1;2;-16,817107;-47,670463;SPRF-DF;DEL01-DF;UOP02-DEL01-DF;;;
719530;19/09/2025;sexta-feira;22:50:00;RJ;40;34;AREAL;Velocidade Incompat�vel;Tombamento;Com V�timas Feridas;Plena Noite;Decrescente;C�u Claro;Dupla;Curva;N�o;2;0;1;0;0;1;1;2;-22,20180371;-43,14682106;SPRF-RJ;DEL05-RJ;UOP02-DEL05-RJ;;;
719532;19/09/2025;sexta-feira;23:25:00;PR;277;554,2;CASCAVEL;Ultrapassagem Indevida;Colis�o frontal;Com V�timas Fatais;Plena Noite;Decrescente;C�u Claro;Simples;Reta;N�o;4;1;1;0;0;2;1;4;-25,085891;-53,191003;SPRF-PR;DEL04-PR;UOP04-DEL04-PR;;;
719534;19/09/2025;sexta-feira;23:40:00;ES;101;146;LINHARES;Ingest�o de �lcool pelo condutor;Colis�o lateral mesmo sentido;Sem V�timas;Plena Noite;Crescente;Nublado;M�ltipla;Reta;Sim;2;0;0;0;2;0;0;2;-19,37882086;-40,06665729;SPRF-ES;DEL04-ES;UOP01-DEL04-ES;;;
719536;19/09/2025;sexta-feira;21:35:00;SC;470;270,6;BRUNOPOLIS;Velocidade Incompat�vel;Tombamento;Com V�timas Fatais;Plena Noite;Decrescente;C�u Claro;Simples;"Curva;Declive";N�o;2;1;0;0;0;1;0;2;-27,325427;-50,777727;SPRF-SC;DEL07-SC;UOP06-DEL07-SC;;;
719540;20/09/2025;s�bado;01:00:00;SP;116;478,2;JACUPIRANGA;Condutor Dormindo;Sa�da de leito carro��vel;Com V�timas Feridas;Plena Noite;Decrescente;Nublado;Dupla;Reta;Sim;2;0;1;0;0;1;1;2;-24,70906243;-48,01773117;SPRF-SP;DEL05-SP;UOP01-DEL05-SP;;;
719541;19/09/2025;sexta-feira;23:00:00;MG;50;118;UBERABA;Manobra de mudan�a de faixa;Colis�o lateral mesmo sentido;Sem V�timas;Anoitecer;Decrescente;C�u Claro;Dupla;Reta;N�o;3;0;0;0;1;2;0;3;-19,30881;-48,10977;SPRF-MG;DEL13-MG;UOP01-DEL13-MG;;;
719544;20/09/2025;s�bado;00:40:00;RS;392;204,8;SANTANA DA BOA VISTA;Aus�ncia de rea��o do condutor;Colis�o frontal;Com V�timas Feridas;Plena Noite;Crescente;Chuva;Simples;Reta;N�o;3;0;0;1;1;1;1;3;-30,84826338;-53,17382813;SPRF-RS;DEL09-RS;UOP02-DEL09-RS;;;
719547;19/09/2025;sexta-feira;17:00:00;RS;287;330;SAO VICENTE DO SUL;Desrespeitar a prefer�ncia no cruzamento;Colis�o transversal;Com V�timas Feridas;Pleno dia;Crescente;Sol;Simples;Interse��o de Vias;Sim;4;0;2;1;0;1;3;3;-29,684878;-54,664935;SPRF-RS;DEL12-RS;UOP02-DEL12-RS;;;
719550;19/09/2025;sexta-feira;06:45:00;GO;153;172;CAMPINORTE;Acessar a via sem observar a presen�a dos outros ve�culos;Sa�da de leito carro��vel;Com V�timas Feridas;Amanhecer;Crescente;C�u Claro;Simples;Reta;N�o;3;0;1;0;2;0;1;2;-14,28218386;-49,14933443;SPRF-GO;DEL07-GO;UOP02-DEL07-GO;;;
719551;20/09/2025;s�bado;00:42:00;RO;319;137;PORTO VELHO;Condutor deixou de manter dist�ncia do ve�culo da frente;Colis�o traseira;Com V�timas Feridas;Plena Noite;Decrescente;C�u Claro;Simples;"Aclive;Reta;Ponte";Sim;2;0;0;1;1;0;1;2;-8,73777967;-63,92251362;SPRF-RO;DEL01-RO;UOP01-DEL01-RO;;;
719552;19/09/2025;sexta-feira;23:50:00;BA;116;783;PLANALTO;Acessar a via sem observar a presen�a dos outros ve�culos;Colis�o transversal;Com V�timas Feridas;Plena Noite;Decrescente;C�u Claro;Simples;Reta;N�o;5;0;3;0;2;0;3;2;-14,68393491;-40,53784197;SPRF-BA;DEL08-BA;UOP02-DEL08-BA;;;
719560;20/09/2025;s�bado;03:10:00;SC;101;406,9;ARARANGUA;Neblina;Colis�o traseira;Com V�timas Feridas;Plena Noite;Crescente;Nevoeiro/Neblina;Dupla;Reta;N�o;4;0;1;1;1;1;2;3;-28,91456919;-49,48637009;SPRF-SC;DEL02-SC;UOP02-DEL02-SC;;;
719566;20/09/2025;s�bado;04:00:00;ES;101;383,6;RIO NOVO DO SUL;Problema na suspens�o;Capotamento;Com V�timas Feridas;Amanhecer;Decrescente;C�u Claro;Simples;Curva;N�o;1;0;1;0;0;0;1;1;-20,8249073;-40,8559496;SPRF-ES;DEL03-ES;UOP01-DEL03-ES;;;
719579;20/09/2025;s�bado;04:10:00;TO;153;225,3;PALMEIRANTE;Transitar na contram�o;Colis�o frontal;Com V�timas Fatais;Plena Noite;Crescente;C�u Claro;Simples;Reta;N�o;4;2;0;0;1;1;0;3;-7,865847;-48,457687;SPRF-TO;DEL02-TO;UOP01-DEL02-TO;;;
719581;20/09/2025;s�bado;05:15:00;RS;101;22;TRES CACHOEIRAS;Acessar a via sem observar a presen�a dos outros ve�culos;Colis�o transversal;Com V�timas Feridas;Amanhecer;Crescente;Nublado;Dupla;"Retorno Regulamentado;Reta";Sim;6;0;3;0;1;2;3;4;-29,4411344;-49,9044647;SPRF-RS;DEL03-RS;UOP02-DEL03-RS;;;
719582;20/09/2025;s�bado;05:15:00;RO;364;426,7;JARU;Estacionar ou parar em local proibido;Colis�o traseira;Com V�timas Fatais;Amanhecer;Crescente;Nublado;Simples;Reta;Sim;3;1;0;0;1;3;0;5;-10,42931784;-62,48407527;SPRF-RO;DEL03-RO;UOP02-DEL03-RO;;;
719584;20/09/2025;s�bado;05:41:00;PE;101;206;XEXEU;Carga excessiva e/ou mal acondicionada;Tombamento;Sem V�timas;Plena Noite;Decrescente;C�u Claro;Dupla;Reta;N�o;1;0;0;0;0;1;0;1;-8,82415451;-35,64415723;SPRF-PE;DEL01-PE;UOP03-DEL01-PE;;;