id;data_inversa;dia_semana;horario;uf;br;km;municipio;causa_acidente;tipo_acidente;classificacao_acidente;fase_dia;sentido_via;condicao_metereologica;tipo_pista;tracado_via;uso_solo;pessoas;mortos;feridos_leves;feridos_graves;ilesos;ignorados;feridos;veiculos;latitude;longitude;regional;delegacia;uop;;;
720057;21/09/2025;domingo;19:30:00;RN;304;190,2;LAJES;Condutor deixou de manter dist�ncia do ve�culo da frente;Colis�o traseira;Com V�timas Feridas;Plena Noite;Crescente;Nublado;Simples;Interse��o de Vias;Sim;3;0;0;2;0;1;2;2;-5,70526769;-36,24751059;SPRF-RN;DEL01-RN;UOP03-DEL01-RN;;;
720058;21/09/2025;domingo;08:52:00;PA;163;105;ALTAMIRA;Curva acentuada;Colis�o lateral sentido oposto;Sem V�timas;Pleno dia;Crescente;Nublado;Simples;"Aclive;Curva";N�o;3;0;0;0;1;5;0;6;-8,72823016;-54,97951705;SPRF-MT;DEL06-MT;UOP03-DEL06-MT;;;
720061;21/09/2025;domingo;18:50:00;MA;316;263,4;SANTA INES;Rea��o tardia ou ineficiente do condutor;Eventos at�picos;Com V�timas Feridas;Plena Noite;Crescente;C�u Claro;Simples;Reta;N�o;3;0;0;1;1;1;1;3;-3,6739223;-45,368275;SPRF-MA;DEL02-MA;UOP01-DEL02-MA;;;
720067;21/09/2025;domingo;16:05:00;MG;251;209;AGUAS VERMELHAS;Carga excessiva e/ou mal acondicionada;Tombamento;Sem V�timas;Pleno dia;Crescente;C�u Claro;Simples;Declive;N�o;2;0;0;0;1;1;0;2;-15,884278;-41,525668;SPRF-MG;DEL12-MG;UOP02-DEL12-MG;;;
720073;21/09/2025;domingo;18:30:00;BA;101;134;TEODORO SAMPAIO;Transitar no Acostamento;Colis�o traseira;Com V�timas Feridas;Plena Noite;Decrescente;C�u Claro;Simples;Reta;N�o;3;0;0;1;0;2;1;3;-12,2061745;-38,61483836;SPRF-BA;DEL01-BA;UOP04-DEL01-BA;;;
720075;21/09/2025;domingo;16:00:00;MG;50;113;UBERABA;Rea��o tardia ou ineficiente do condutor;Sa�da de leito carro��vel;Com V�timas Feridas;Pleno dia;Crescente;C�u Claro;Dupla;Reta;N�o;3;0;0;1;1;2;1;3;-19,4510907;-48,06045279;SPRF-MG;DEL13-MG;UOP01-DEL13-MG;;;
720087;21/09/2025;domingo;22:00:00;PR;373;280;PRUDENTOPOLIS;Ultrapassagem Indevida;Colis�o frontal;Com V�timas Fatais;Plena Noite;Crescente;C�u Claro;Simples;"Aclive;Reta";N�o;3;1;0;1;1;0;1;2;-25,277717;-51,110266;SPRF-PR;DEL08-PR;UOP01-DEL08-PR;;;
720093;22/09/2025;segunda-feira;00:30:00;RN;304;295,8;MACAIBA;Ingest�o de �lcool pelo condutor;Colis�o com objeto;Com V�timas Feridas;Plena Noite;Crescente;C�u Claro;Simples;Reta;Sim;2;0;1;0;1;0;1;2;-5,86526891;-35,35215855;SPRF-RN;DEL01-RN;UOP02-DEL01-RN;;;
720095;21/09/2025;domingo;20:00:00;RO;364;510,2;ARIQUEMES;Ingest�o de �lcool pelo condutor;Colis�o frontal;Com V�timas Feridas;Plena Noite;Decrescente;C�u Claro;Simples;"Declive;Reta";N�o;8;0;5;0;2;2;5;4;-9,965287;-63,046845;SPRF-RO;DEL03-RO;UOP01-DEL03-RO;;;
720097;22/09/2025;segunda-feira;00:10:00;MG;381;823;CAREACU;Condutor Dormindo;Sa�da de leito carro��vel;Com V�timas Feridas;Plena Noite;Crescente;C�u Claro;Dupla;Reta;N�o;2;0;0;1;0;1;1;2;-22,062629;-45,70101;SPRF-MG;DEL16-MG;UOP02-DEL16-MG;;;
720099;22/09/2025;segunda-feira;00:01:00;MA;10;319;ACAILANDIA;Rea��o tardia ou ineficiente do condutor;Sa�da de leito carro��vel;Com V�timas Feridas;Plena Noite;Decrescente;C�u Claro;Simples;"Reta;Declive";Sim;2;0;2;0;0;0;2;2;-4,9568221;-47,50543568;SPRF-MA;DEL04-MA;UOP03-DEL04-MA;;;
720101;21/09/2025;domingo;23:29:00;RS;285;159,3;MUITOS CAPOES;Transitar na contram�o;Colis�o lateral sentido oposto;Sem V�timas;Plena Noite;Crescente;Chuva;Simples;Declive;N�o;3;0;0;0;2;1;0;3;-28,320996;-51,221553;SPRF-RS;DEL05-RS;UOP03-DEL05-RS;;;
720104;22/09/2025;segunda-feira;01:40:00;RS;285;558;SAO LUIZ GONZAGA;Demais falhas mec�nicas ou el�tricas;Inc�ndio;Sem V�timas;Plena Noite;Crescente;Chuva;Simples;Reta;N�o;1;0;0;0;0;1;0;1;-28,419366;-54,856542;SPRF-RS;DEL10-RS;UOP01-DEL10-RS;;;
720110;22/09/2025;segunda-feira;05:10:00;MG;381;660,4;SANTO ANTONIO DO AMPARO;Condutor Dormindo;Colis�o traseira;Com V�timas Feridas;Amanhecer;Decrescente;C�u Claro;Dupla;"Reta;Aclive";N�o;3;0;1;0;1;2;1;4;-21,010706;-44,982592;SPRF-MG;DEL04-MG;UOP02-DEL04-MG;;;
720116;22/09/2025;segunda-feira;02:30:00;RJ;101;131;CONCEICAO DE MACABU;Condutor Dormindo;Tombamento;Com V�timas Feridas;Plena Noite;Decrescente;C�u Claro;Dupla;Curva;N�o;1;0;1;0;0;0;1;1;-22,1143214;-41,7021922;SPRF-RJ;DEL08-RJ;UOP04-DEL08-RJ;;;
720120;22/09/2025;segunda-feira;03:10:00;PA;230;583;VITORIA DO XINGU;Rea��o tardia ou ineficiente do condutor;Colis�o lateral mesmo sentido;Com V�timas Feridas;Plena Noite;Decrescente;Ignorado;Simples;"Curva;Declive";N�o;2;0;1;0;0;1;1;2;-3,09388;-51,85283;SPRF-PA;DEL04-PA;UOP01-DEL04-PA;;;
720123;22/09/2025;segunda-feira;06:30:00;MG;381;921,1;CAMANDUCAIA;Curva acentuada;Colis�o com objeto;Com V�timas Feridas;Pleno dia;Crescente;Chuva;Dupla;"Curva;Declive";N�o;2;0;1;0;0;1;1;2;-22,76049645;-46,15809739;SPRF-MG;DEL16-MG;UOP03-DEL16-MG;;;
720127;22/09/2025;segunda-feira;06:00:00;MT;70;255;PRIMAVERA DO LESTE;Acostamento em desn�vel;Capotamento;Com V�timas Feridas;Pleno dia;Decrescente;Sol;Simples;Reta;N�o;2;0;1;0;0;1;1;2;-15,5875814;-54,18962717;SPRF-MT;DEL05-MT;UOP01-DEL05-MT;;;
720135;22/09/2025;segunda-feira;05:30:00;BA;101;946;MUCURI;Velocidade Incompat�vel;Tombamento;Com V�timas Feridas;Amanhecer;Decrescente;C�u Claro;Simples;Curva;N�o;2;0;1;0;0;1;1;2;-18,10705792;-39,8834324;SPRF-BA;DEL09-BA;UOP02-DEL09-BA;;;
720138;01/07/2025;ter�a-feira;13:00:00;PR;376;656;TIJUCAS DO SUL;Velocidade Incompat�vel;Colis�o traseira;Com V�timas Feridas;Pleno dia;Crescente;Garoa/Chuvisco;Dupla;Declive;N�o;4;0;2;0;1;1;2;3;-25,8531611;-48,9773208;SPRF-PR;DEL01-PR;UOP04-DEL01-PR;;;
720141;24/07/2025;quinta-feira;21:00:00;MG;40;66;PARACATU;Demais falhas mec�nicas ou el�tricas;Inc�ndio;Sem V�timas;Plena Noite;Crescente;C�u Claro;Simples;Reta;N�o;2;0;0;0;1;1;0;2;-17,48547847;-46,61735058;SPRF-MG;DEL14-MG;UOP01-DEL14-MG;;;
720142;22/09/2025;segunda-feira;07:10:00;BA;407;40;JUAZEIRO;Demais falhas mec�nicas ou el�tricas;Inc�ndio;Sem V�timas;Pleno dia;Crescente;Sol;Simples;Reta;N�o;1;0;0;0;1;0;0;1;-9,74543;-40,34859;SPRF-BA;DEL04-BA;UOP01-DEL04-BA;;;
720144;22/09/2025;segunda-feira;08:00:00;SP;116;143;SAO JOSE DOS CAMPOS;Acumulo de �gua sobre o pavimento;Colis�o transversal;Com V�timas Feridas;Pleno dia;Decrescente;Chuva;M�ltipla;"Reta;Em Obras";Sim;3;0;1;1;1;0;2;2;-23,17888;-45,83867;SPRF-SP;DEL02-SP;UOP01-DEL02-SP;;;
720145;22/09/2025;segunda-feira;06:30:00;AC;364;124;RIO BRANCO;Aus�ncia de rea��o do condutor;Colis�o transversal;Com V�timas Fatais;Pleno dia;Crescente;C�u Claro;Dupla;Rotat�ria;Sim;3;1;0;0;1;1;0;3;-10,0118885;-67,7985315;SPRF-AC;DEL01-AC;UOP01-DEL01-AC;;;
720146;22/09/2025;segunda-feira;07:50:00;GO;153;494;GOIANIA;Aus�ncia de rea��o do condutor;Colis�o traseira;Com V�timas Feridas;Pleno dia;Crescente;Nublado;Dupla;Reta;Sim;3;0;1;0;2;0;1;3;-16,654573;-49,21784;SPRF-GO;DEL01-GO;UOP01-DEL01-GO;;;
720159;22/09/2025;segunda-feira;09:00:00;PE;101;72;RECIFE;Trafegar com motocicleta (ou similar) entre as faixas;Queda de ocupante de ve�culo;Com V�timas Feridas;Pleno dia;Decrescente;Nublado;Dupla;Reta;Sim;3;0;1;0;1;1;1;3;-8,08546;-34,94554;SPRF-PE;DEL01-PE;UOP01-DEL01-PE;;;
720166;22/09/2025;segunda-feira;09:03:00;PE;101;65;RECIFE;Rea��o tardia ou ineficiente do condutor;Colis�o traseira;Com V�timas Feridas;Pleno dia;Decrescente;Sol;M�ltipla;Reta;Sim;2;0;1;0;1;0;1;2;-8,02945;-34,94325;SPRF-PE;DEL01-PE;UOP01-DEL01-PE;;;
720170;22/09/2025;segunda-feira;07:45:00;RS;386;15,6;FREDERICO WESTPHALEN;Aus�ncia de rea��o do condutor;Sa�da de leito carro��vel;Com V�timas Feridas;Pleno dia;Decrescente;C�u Claro;Simples;"Declive;Curva";N�o;1;0;0;1;0;0;1;1;-27,23920189;-53,32819169;SPRF-RS;DEL08-RS;UOP02-DEL08-RS;;;
720174;17/09/2025;quarta-feira;01:40:00;PR;153;124,8;IBAITI;Velocidade Incompat�vel;Tombamento;Com V�timas Feridas;Plena Noite;Crescente;Nublado;Simples;"Declive;Curva";N�o;2;0;1;0;0;2;1;3;-23,962726;-50,236645;SPRF-PR;DEL07-PR;UOP04-DEL07-PR;;;
720180;22/09/2025;segunda-feira;10:00:00;MG;381;478;CONTAGEM;Trafegar com motocicleta (ou similar) entre as faixas;Colis�o traseira;Com V�timas Feridas;Pleno dia;Crescente;C�u Claro;M�ltipla;Reta;Sim;3;0;1;0;2;0;1;2;-19,96367289;-44,0424606;SPRF-MG;DEL01-MG;UOP03-DEL01-MG;;;
720184;16/09/2025;ter�a-feira;03:55:00;RJ;101;308;SAO GONCALO;Animais na Pista;Atropelamento de Animal;Com V�timas Fatais;Plena Noite;Crescente;C�u Claro;Dupla;Reta;N�o;3;1;0;0;1;1;0;3;-22,7934208;-43,0211072;SPRF-RJ;DEL02-RJ;UOP02-DEL02-RJ;;;
720185;19/09/2025;sexta-feira;21:40:00;PA;230;586;VITORIA DO XINGU;Rea��o tardia ou ineficiente do condutor;Sa�da de leito carro��vel;Com V�timas Feridas;Plena Noite;Crescente;C�u Claro;Simples;"Declive;Reta";N�o;2;0;1;0;0;2;1;3;-3,09699;-51,8761;SPRF-PA;DEL04-PA;UOP01-DEL04-PA;;;
720190;22/09/2025;segunda-feira;10:15:00;PR;376;341,8;ORTIGUEIRA;Aus�ncia de rea��o do condutor;Sa�da de leito carro��vel;Com V�timas Feridas;Pleno dia;Crescente;Chuva;Simples;"Declive;Curva";N�o;5;0;5;0;0;0;5;1;-24,171524;-50,967245;SPRF-PR;DEL07-PR;UOP02-DEL07-PR;;;
720191;22/09/2025;segunda-feira;11:30:00;MG;40;329;FELIXLANDIA;Condutor Dormindo;Colis�o lateral sentido oposto;Com V�timas Feridas;Pleno dia;Decrescente;C�u Claro;Simples;"Declive;Reta";N�o;9;0;3;2;3;1;5;4;-18,570342;-45,019035;SPRF-MG;DEL14-MG;UOP02-DEL14-MG;;;
720192;22/09/2025;segunda-feira;10:25:00;BA;324;559;AMELIA RODRIGUES;Rea��o tardia ou ineficiente do condutor;Sa�da de leito carro��vel;Com V�timas Fatais;Pleno dia;Decrescente;C�u Claro;Dupla;Reta;N�o;1;1;0;0;0;0;0;1;-12,49415;-38,6511;SPRF-BA;DEL01-BA;UOP03-DEL01-BA;;;
720193;22/09/2025;segunda-feira;10:30:00;ES;101;16;CONCEICAO DA BARRA;Pedestre cruzava a pista fora da faixa;Atropelamento de Pedestre;Com V�timas Feridas;Pleno dia;Decrescente;Sol;Simples;Interse��o de Vias;Sim;3;0;0;1;1;2;1;4;-18,31169956;-39,95517254;SPRF-ES;DEL04-ES;UOP02-DEL04-ES;;;
720195;22/09/2025;segunda-feira;08:20:00;BA;324;518;FEIRA DE SANTANA;Aus�ncia de rea��o do condutor;Atropelamento de Pedestre;Com V�timas Feridas;Pleno dia;Crescente;C�u Claro;Simples;"Reta;Interse��o de Vias";Sim;2;0;0;1;1;0;1;2;-12,26031;-38,93219;SPRF-BA;DEL02-BA;UOP01-DEL02-BA;;;
720206;22/09/2025;segunda-feira;12:30:00;MG;40;344;FELIXLANDIA;Aus�ncia de rea��o do condutor;Colis�o lateral sentido oposto;Com V�timas Feridas;Pleno dia;Crescente;C�u Claro;Simples;Reta;N�o;4;0;0;1;2;1;1;3;-18,67838735;-44,99302483;SPRF-MG;DEL02-MG;UOP01-DEL02-MG;;;
720210;22/09/2025;segunda-feira;11:00:00;MG;116;783,3;LEOPOLDINA;Velocidade Incompat�vel;Colis�o frontal;Com V�timas Fatais;Pleno dia;Decrescente;Sol;Simples;Curva;N�o;3;1;0;0;1;1;0;3;-21,634078;-42,696941;SPRF-MG;DEL07-MG;UOP01-DEL07-MG;;;
720222;22/09/2025;segunda-feira;10:20:00;RS;116;51,8;VACARIA;Rea��o tardia ou ineficiente do condutor;Colis�o frontal;Com V�timas Feridas;Pleno dia;Crescente;Chuva;Dupla;"Aclive;Curva";N�o;3;0;0;1;1;1;1;3;-28,5825518;-51,02404531;SPRF-RS;DEL05-RS;UOP03-DEL05-RS;;;
720224;22/09/2025;segunda-feira;11:00:00;SC;101;42;JOINVILLE;Condutor deixou de manter dist�ncia do ve�culo da frente;Engavetamento;Com V�timas Feridas;Pleno dia;Decrescente;Chuva;M�ltipla;Reta;N�o;7;0;2;0;3;2;2;6;-26,32337463;-48,86778301;SPRF-SC;DEL03-SC;UOP01-DEL03-SC;;;
720226;22/09/2025;segunda-feira;12:15:00;SC;282;340;CAMPOS NOVOS;Desrespeitar a prefer�ncia no cruzamento;Colis�o transversal;Sem V�timas;Pleno dia;Decrescente;C�u Claro;Simples;Interse��o de Vias;N�o;5;0;0;0;4;1;0;3;-27,39367874;-51,19225502;SPRF-SC;DEL07-SC;UOP06-DEL07-SC;;;
720227;22/09/2025;segunda-feira;13:30:00;SC;101;35,3;PALHOCA;Condutor Dormindo;Colis�o traseira;Com V�timas Feridas;Pleno dia;Crescente;Nublado;Dupla;"Reta;Aclive";N�o;22;0;2;18;1;1;20;3;-27,622007;-48,6952254;SPRF-SC;DEL03-SC;UOP01-DEL03-SC;;;
720230;22/09/2025;segunda-feira;13:50:00;PR;277;453;LARANJEIRAS DO SUL;Acessar a via sem observar a presen�a dos outros ve�culos;Colis�o transversal;Com V�timas Feridas;Pleno dia;Decrescente;C�u Claro;Simples;"Rotat�ria;Reta;Interse��o de Vias";Sim;4;0;1;1;1;1;2;3;-25,387458;-52,411092;SPRF-PR;DEL04-PR;UOP02-DEL04-PR;;;
720238;22/09/2025;segunda-feira;14:15:00;MG;381;477;CONTAGEM;Rea��o tardia ou ineficiente do condutor;Colis�o lateral mesmo sentido;Com V�timas Feridas;Pleno dia;Decrescente;C�u Claro;Dupla;"Reta;Aclive";Sim;4;0;0;1;3;0;1;3;-19,96076406;-44,03629303;SPRF-MG;DEL01-MG;UOP03-DEL01-MG;;;
720240;18/09/2025;quinta-feira;18:50:00;MT;364;470,4;JANGADA;Rea��o tardia ou ineficiente do condutor;Colis�o traseira;Com V�timas Feridas;Plena Noite;Crescente;C�u Claro;Simples;Reta;N�o;5;0;4;0;0;1;4;2;-15,408042;-56,363819;SPRF-MT;DEL01-MT;UOP02-DEL01-MT;;;
720242;14/09/2025;domingo;06:20:00;MS;163;124;NAVIRAI;Aus�ncia de rea��o do condutor;Tombamento;Com V�timas Feridas;Pleno dia;Decrescente;C�u Claro;Simples;"Rotat�ria;Interse��o de Vias";N�o;2;0;1;0;0;2;1;3;-23,079;-54,228;SPRF-MS;DEL09-MS;UOP01-DEL09-MS;;;
720245;22/09/2025;segunda-feira;14:20:00;BA;101;228;SAPEACU;Desrespeitar a prefer�ncia no cruzamento;Colis�o transversal;Sem V�timas;Pleno dia;Decrescente;C�u Claro;Simples;"Declive;Reta";Sim;4;0;0;0;4;0;0;2;-12,7150676;-39,1783103;SPRF-BA;DEL01-BA;UOP02-DEL01-BA;;;
720246;22/09/2025;segunda-feira;13:20:00;MG;50;115;UBERABA;Aus�ncia de rea��o do condutor;Sa�da de leito carro��vel;Com V�timas Feridas;Pleno dia;Decrescente;Chuva;Dupla;Reta;N�o;2;0;1;0;0;2;1;3;-19,267795;-48,127483;SPRF-MG;DEL13-MG;UOP01-DEL13-MG;;;
720248;22/09/2025;segunda-feira;14:00:00;MG;459;61,1;IPUIUNA;Chuva;Colis�o lateral sentido oposto;Com V�timas Feridas;Pleno dia;Decrescente;Chuva;Simples;Curva;Sim;4;0;1;0;2;2;1;4;-22,0903433;-46,20824;SPRF-MG;DEL09-MG;UOP01-DEL09-MG;;;
720251;22/09/2025;segunda-feira;15:00:00;MG;381;776,6;CAMPANHA;Acumulo de �gua sobre o pavimento;Atropelamento de Pedestre;Com V�timas Feridas;Pleno dia;Crescente;Chuva;Dupla;Reta;N�o;3;0;0;1;1;1;1;3;-21,7977719;-45,4568702;SPRF-MG;DEL16-MG;UOP02-DEL16-MG;;;
720253;22/09/2025;segunda-feira;01:00:00;MA;316;355,5;BACABAL;Transitar na contram�o;Colis�o frontal;Com V�timas Feridas;Plena Noite;Crescente;C�u Claro;Simples;Reta;N�o;3;0;0;1;1;1;1;3;-4,228873;-44,8321;SPRF-MA;DEL02-MA;UOP01-DEL02-MA;;;
720254;04/07/2025;sexta-feira;06:10:00;MG;381;577,3;ITAGUARA;Aus�ncia de rea��o do condutor;Colis�o traseira;Com V�timas Feridas;Amanhecer;Decrescente;C�u Claro;Dupla;Reta;N�o;3;0;1;0;1;2;1;4;-20,46529437;-44,57754135;SPRF-MG;DEL04-MG;UOP01-DEL04-MG;;;
720257;01/02/2025;s�bado;20:15:00;RO;364;473;ARIQUEMES;Acostamento em desn�vel;Tombamento;Com V�timas Feridas;Plena Noite;Crescente;C�u Claro;Simples;Reta;N�o;2;0;1;0;0;1;1;2;-10,18146706;-62,81974504;SPRF-RO;DEL03-RO;UOP01-DEL03-RO;;;
720259;22/09/2025;segunda-feira;15:50:00;MG;381;352,1;JOAO MONLEVADE;Transitar na contram�o;Colis�o frontal;Com V�timas Feridas;Pleno dia;Decrescente;C�u Claro;Simples;Curva;Sim;4;0;2;0;1;1;2;3;-19,8396;-43,19167;SPRF-MG;DEL03-MG;UOP01-DEL03-MG;;;
720263;22/09/2025;segunda-feira;15:45:00;SC;470;123;IBIRAMA;Ultrapassagem Indevida;Colis�o lateral mesmo sentido;Com V�timas Feridas;Pleno dia;Crescente;Nublado;Simples;Curva;N�o;5;0;1;0;3;1;1;3;-27,10802858;-49,52411262;SPRF-SC;DEL04-SC;UOP02-DEL04-SC;;;
720268;21/08/2025;quinta-feira;00:41:00;RS;290;33;SANTO ANTONIO DA PATRULHA;Condutor deixou de manter dist�ncia do ve�culo da frente;Colis�o traseira;Com V�timas Feridas;Plena Noite;Crescente;C�u Claro;M�ltipla;Reta;N�o;3;0;1;0;1;2;1;4;-29,8855821;-50,5865158;SPRF-RS;DEL03-RS;UOP01-DEL03-RS;;;
720270;22/09/2025;segunda-feira;12:40:00;SC;116;190;SAO CRISTOVAO DO SUL;Aus�ncia de rea��o do condutor;Sa�da de leito carro��vel;Com V�timas Feridas;Pleno dia;Decrescente;Garoa/Chuvisco;Simples;"Reta;Aclive";N�o;2;0;1;0;0;2;1;3;-27,3449131;-50,4316529;SPRF-SC;DEL05-SC;UOP03-DEL05-SC;;;
720272;22/09/2025;segunda-feira;14:00:00;MG;381;686,7;LAVRAS;Chuva;Colis�o com objeto;Com V�timas Feridas;Pleno dia;Crescente;Chuva;Dupla;Curva;N�o;3;0;0;2;0;1;2;3;-21,177647;-45,12419;SPRF-MG;DEL04-MG;UOP02-DEL04-MG;;;
720275;22/09/2025;segunda-feira;15:00:00;MT;163;1102;GUARANTA DO NORTE;Curva acentuada;Tombamento;Com V�timas Feridas;Pleno dia;Decrescente;C�u Claro;Simples;Curva;N�o;2;0;2;0;0;0;2;1;-9,64859292;-54,87228788;SPRF-MT;DEL06-MT;UOP03-DEL06-MT;;;
720276;22/09/2025;segunda-feira;15:35:00;PR;277;529,9;GUARANIACU;Acostamento em desn�vel;Capotamento;Sem V�timas;Pleno dia;Crescente;C�u Claro;Simples;"Declive;Reta";N�o;2;0;0;0;1;1;0;2;-25,09411;-52,958544;SPRF-PR;DEL04-PR;UOP04-DEL04-PR;;;
720279;22/09/2025;segunda-feira;16:01:00;MG;40;510,2;RIBEIRAO DAS NEVES;Condutor deixou de manter dist�ncia do ve�culo da frente;Colis�o lateral mesmo sentido;Com V�timas Feridas;Pleno dia;Crescente;Nublado;Dupla;Reta;N�o;2;0;1;0;0;1;1;2;-19,77487565;-44,12342258;SPRF-MG;DEL01-MG;UOP02-DEL01-MG;;;
720282;22/09/2025;segunda-feira;17:00:00;ES;262;52,3;MARECHAL FLORIANO;Ultrapassagem Indevida;Colis�o lateral mesmo sentido;Sem V�timas;Pleno dia;Crescente;C�u Claro;Simples;Reta;Sim;3;0;0;0;2;1;0;3;-20,41387594;-40,72654724;SPRF-ES;DEL01-ES;UOP01-DEL01-ES;;;
720288;22/09/2025;segunda-feira;17:40:00;AL;101;191,8;JUNQUEIRO;Velocidade Incompat�vel;Tombamento;Com V�timas Feridas;Anoitecer;Crescente;C�u Claro;Simples;"Declive;Curva";Sim;2;0;0;1;0;1;1;2;-9,933688;-36,472166;SPRF-AL;DEL02-AL;UOP02-DEL02-AL;;;
720292;22/09/2025;segunda-feira;17:20:00;PR;116;96;SAO JOSE DOS PINHAIS;Aus�ncia de rea��o do condutor;Colis�o lateral mesmo sentido;Com V�timas Feridas;Pleno dia;Decrescente;Nublado;Dupla;Reta;N�o;2;0;1;0;0;1;1;2;-25,534438;-49,14679;SPRF-PR;DEL01-PR;UOP07-DEL01-PR;;;
720297;22/09/2025;segunda-feira;17:10:00;RS;293;170;HULHA NEGRA;Pista esburacada;Tombamento;Com V�timas Feridas;Pleno dia;Decrescente;C�u Claro;Dupla;Reta;N�o;2;0;1;0;0;1;1;2;-31,3254298;-53,9856291;SPRF-RS;DEL11-RS;UOP03-DEL11-RS;;;
720298;22/09/2025;segunda-feira;16:15:00;RR;174;577;BOA VISTA;Rea��o tardia ou ineficiente do condutor;Sa�da de leito carro��vel;Sem V�timas;Pleno dia;Crescente;C�u Claro;Simples;Reta;N�o;2;0;0;0;0;3;0;3;3,42653759;-60,90009212;SPRF-RR;DEL01-RR;UOP01-DEL01-RR;;;
720299;06/09/2025;s�bado;21:00:00;GO;153;643;MORRINHOS;Desrespeitar a prefer�ncia no cruzamento;Colis�o lateral mesmo sentido;Com V�timas Feridas;Plena Noite;Crescente;C�u Claro;Dupla;Retorno Regulamentado;N�o;5;0;2;1;1;2;3;4;-17,893;-49,234;SPRF-GO;DEL03-GO;UOP01-DEL03-GO;;;
720301;22/09/2025;segunda-feira;17:30:00;RS;392;64,8;PELOTAS;Aus�ncia de rea��o do condutor;Sa�da de leito carro��vel;Com V�timas Feridas;Pleno dia;Crescente;C�u Claro;Dupla;Reta;Sim;3;0;1;0;1;1;1;3;-31,765257;-52,38026;SPRF-RS;DEL07-RS;UOP01-DEL07-RS;;;
720331;22/09/2025;segunda-feira;15:10:00;AM;174;991,3;PRESIDENTE FIGUEIREDO;Ultrapassagem Indevida;Colis�o lateral mesmo sentido;Com V�timas Feridas;Pleno dia;Crescente;Sol;Simples;Reta;Sim;4;0;2;0;2;0;2;2;-2,05123;-60,02504;SPRF-AM;DEL01-AM;UOP02-DEL01-AM;;;
720334;22/09/2025;segunda-feira;18:00:00;RJ;101;398;ITAGUAI;Acessar a via sem observar a presen�a dos outros ve�culos;Colis�o traseira;Com V�timas Feridas;Plena Noite;Decrescente;Chuva;Dupla;"Reta;Viaduto";Sim;4;0;1;0;2;2;1;4;-22,86470272;-43,7526211;SPRF-RJ;DEL03-RJ;UOP01-DEL03-RJ;;;
720341;22/09/2025;segunda-feira;19:30:00;MG;40;587;ITABIRITO;Chuva;Tombamento;Com V�timas Feridas;Plena Noite;Crescente;Chuva;Simples;"Aclive;Curva";N�o;4;0;0;1;2;1;1;4;-20,3498;-43,9185;SPRF-MG;DEL01-MG;UOP02-DEL01-MG;;;
720344;22/09/2025;segunda-feira;20:00:00;MG;251;489;FRANCISCO SA;Pista Escorregadia;Sa�da de leito carro��vel;Com V�timas Feridas;Plena Noite;Decrescente;Chuva;Simples;Reta;N�o;2;0;0;1;1;0;1;2;-16,4726555;-43,4242854;SPRF-MG;DEL12-MG;UOP01-DEL12-MG;;;
720346;22/09/2025;segunda-feira;18:30:00;MA;222;324,8;IGARAPE DO MEIO;Aus�ncia de rea��o do condutor;Colis�o frontal;Com V�timas Fatais;Anoitecer;Crescente;C�u Claro;Simples;Reta;Sim;2;1;0;0;0;1;0;2;-3,59341;-45,010965;SPRF-MA;DEL02-MA;UOP01-DEL02-MA;;;
720354;22/09/2025;segunda-feira;22:50:00;MT;163;585;DIAMANTINO;Pista Escorregadia;Sa�da de leito carro��vel;Com V�timas Feridas;Plena Noite;Crescente;Chuva;Dupla;"Reta;Aclive";N�o;2;0;1;0;0;1;1;2;-14,54815;-56,228935;SPRF-MT;DEL01-MT;UOP01-DEL01-MT;;;
720355;23/09/2025;ter�a-feira;00:00:00;MG;381;493;BETIM;Acessar a via sem observar a presen�a dos outros ve�culos;Atropelamento de Pedestre;Com V�timas Fatais;Plena Noite;Crescente;Chuva;Dupla;Reta;Sim;2;1;0;0;1;0;0;2;-19,96396614;-44,17060456;SPRF-MG;DEL01-MG;UOP03-DEL01-MG;;;
720356;22/09/2025;segunda-feira;23:40:00;RJ;356;62,9;ITAPERUNA;Aus�ncia de rea��o do condutor;Sa�da de leito carro��vel;Com V�timas Feridas;Plena Noite;Crescente;Nublado;Simples;Curva;N�o;2;0;2;0;0;0;2;1;-21,334512;-41,711148;SPRF-RJ;DEL08-RJ;UOP03-DEL08-RJ;;;
720362;22/09/2025;segunda-feira;22:25:00;MT;70;522,2;VARZEA GRANDE;Acessar a via sem observar a presen�a dos outros ve�culos;Colis�o transversal;Com V�timas Fatais;Plena Noite;Decrescente;C�u Claro;Simples;Reta;Sim;2;1;0;0;0;1;0;2;-15,66232324;-56,1856668;SPRF-MT;DEL01-MT;UOP02-DEL01-MT;;;
720363;23/09/2025;ter�a-feira;00:05:00;PR;376;346,5;ORTIGUEIRA;Pedestre andava na pista;Atropelamento de Pedestre;Com V�timas Fatais;Plena Noite;Decrescente;Nublado;Dupla;Reta;Sim;3;1;0;0;2;0;0;3;-24,20281881;-50,94669342;SPRF-PR;DEL07-PR;UOP02-DEL07-PR;;;
720368;23/09/2025;ter�a-feira;01:22:00;SP;116;101;PINDAMONHANGABA;Aus�ncia de rea��o do condutor;Colis�o traseira;Com V�timas Feridas;Plena Noite;Crescente;Garoa/Chuvisco;Dupla;Reta;N�o;4;0;1;0;2;1;1;4;-22,98976;-45,47954;SPRF-SP;DEL08-SP;UOP01-DEL08-SP;;;