id;data_inversa;dia_semana;horario;uf;br;km;municipio;causa_acidente;tipo_acidente;classificacao_acidente;fase_dia;sentido_via;condicao_metereologica;tipo_pista;tracado_via;uso_solo;pessoas;mortos;feridos_leves;feridos_graves;ilesos;ignorados;feridos;veiculos;latitude;longitude;regional;delegacia;uop;;;
720649;24/09/2025;quarta-feira;16:20:00;RS;386;27,7;FREDERICO WESTPHALEN;Acesso irregular;Colis�o transversal;Com V�timas Feridas;Pleno dia;Crescente;Sol;Simples;Curva;Sim;5;0;0;1;2;4;1;7;-27,30918624;-53,3780937;SPRF-RS;DEL08-RS;UOP02-DEL08-RS;;;
720650;24/09/2025;quarta-feira;14:40:00;SC;280;179,5;FLORIANOPOLIS;Convers�o proibida;Colis�o transversal;Com V�timas Feridas;Pleno dia;Crescente;C�u Claro;Simples;Reta;N�o;2;0;1;0;1;0;1;2;-27,5939328;-48,5588992;SPRF-SC;DEL06-SC;UOP01-DEL06-SC;;;
720652;24/09/2025;quarta-feira;14:35:00;PR;277;134,7;BALSA NOVA;Restri��o de visibilidade em curvas verticais;Sa�da de leito carro��vel;Com V�timas Feridas;Pleno dia;Decrescente;C�u Claro;Simples;Curva;N�o;2;0;1;0;0;2;1;3;-25,469895;-49,61303473;SPRF-PR;DEL03-PR;UOP03-DEL03-PR;;;
720653;24/09/2025;quarta-feira;15:30:00;PR;277;306;PRUDENTOPOLIS;Aus�ncia de rea��o do condutor;Colis�o traseira;Com V�timas Feridas;Pleno dia;Decrescente;C�u Claro;Simples;"Viaduto;Curva;Declive";N�o;3;0;0;1;1;1;1;3;-25,32328984;-51,19686413;SPRF-PR;DEL08-PR;UOP01-DEL08-PR;;;
720655;24/09/2025;quarta-feira;15:50:00;MG;262;861,9;CONCEICAO DAS ALAGOAS;Aus�ncia de rea��o do condutor;Colis�o traseira;Com V�timas Feridas;Pleno dia;Crescente;Sol;Dupla;Reta;N�o;3;0;1;0;1;1;1;3;-19,78253434;-48,44799042;SPRF-MG;DEL13-MG;UOP01-DEL13-MG;;;
720657;24/09/2025;quarta-feira;14:30:00;PR;116;102,9;SAO JOSE DOS PINHAIS;Aus�ncia de rea��o do condutor;Colis�o traseira;Com V�timas Fatais;Pleno dia;Decrescente;C�u Claro;Dupla;Reta;N�o;3;1;0;0;2;0;0;3;-25,57009;-49,18778;SPRF-PR;DEL01-PR;UOP07-DEL01-PR;;;
720658;24/09/2025;quarta-feira;15:56:00;TO;153;287;BRASILANDIA DO TOCANTINS;Manobra de mudan�a de faixa;Colis�o lateral mesmo sentido;Sem V�timas;Pleno dia;Crescente;C�u Claro;Simples;Reta;N�o;4;0;0;0;3;1;0;3;-8,42033625;-48,48129094;SPRF-TO;DEL02-TO;UOP02-DEL02-TO;;;
720659;24/09/2025;quarta-feira;16:15:00;ES;101;264;SERRA;Aus�ncia de rea��o do condutor;Colis�o traseira;Com V�timas Feridas;Pleno dia;Crescente;Nublado;M�ltipla;Reta;Sim;3;0;0;1;1;2;1;4;-20,17761881;-40,26561141;SPRF-ES;DEL02-ES;UOP01-DEL02-ES;;;
720663;24/09/2025;quarta-feira;16:50:00;PR;376;492;PONTA GROSSA;Aus�ncia de rea��o do condutor;Colis�o traseira;Sem V�timas;Pleno dia;Decrescente;C�u Claro;Dupla;"Reta;Aclive";N�o;3;0;0;0;2;1;0;2;-25,1449172;-50,1535314;SPRF-PR;DEL03-PR;UOP04-DEL03-PR;;;
720666;24/09/2025;quarta-feira;16:45:00;RJ;40;122;DUQUE DE CAXIAS;Manobra de mudan�a de faixa;Colis�o lateral mesmo sentido;Com V�timas Feridas;Pleno dia;Decrescente;Chuva;M�ltipla;Reta;Sim;3;0;1;0;2;0;1;3;-22,79728531;-43,28922093;SPRF-RJ;DEL01-RJ;UOP02-DEL01-RJ;;;
720667;24/09/2025;quarta-feira;11:40:00;SP;116;44,2;CANAS;Aus�ncia de rea��o do condutor;Engavetamento;Com V�timas Feridas;Pleno dia;Decrescente;Nublado;Dupla;Reta;N�o;4;0;1;0;3;0;1;3;-22,70095455;-45,03508768;SPRF-SP;DEL08-SP;UOP02-DEL08-SP;;;
720670;24/09/2025;quarta-feira;14:50:00;MG;381;156,5;GOVERNADOR VALADARES;Rea��o tardia ou ineficiente do condutor;Colis�o lateral sentido oposto;Com V�timas Feridas;Pleno dia;Decrescente;C�u Claro;Simples;Curva;N�o;2;0;1;0;0;1;1;2;-18,92466767;-42,02013767;SPRF-MG;DEL06-MG;UOP01-DEL06-MG;;;
720673;24/09/2025;quarta-feira;18:10:00;SP;116;369;MIRACATU;Mal s�bito do condutor;Sa�da de leito carro��vel;Com V�timas Fatais;Plena Noite;Crescente;Ignorado;Dupla;Reta;Sim;2;1;0;0;0;1;0;2;-24,15211452;-47,32299042;SPRF-SP;DEL04-SP;UOP02-DEL04-SP;;;
720678;24/09/2025;quarta-feira;13:52:00;SC;280;98;SAO BENTO DO SUL;Aus�ncia de rea��o do condutor;Colis�o traseira;Com V�timas Feridas;Pleno dia;Decrescente;C�u Claro;Simples;Reta;N�o;4;0;1;0;2;3;1;5;-26,375443;-49,325633;SPRF-SC;DEL06-SC;UOP03-DEL06-SC;;;
720680;24/09/2025;quarta-feira;18:45:00;MG;262;786,9;UBERABA;Acessar a via sem observar a presen�a dos outros ve�culos;Colis�o transversal;Com V�timas Feridas;Anoitecer;Decrescente;C�u Claro;Dupla;Interse��o de Vias;Sim;2;0;0;1;0;1;1;2;-19,772825;-47,913864;SPRF-MG;DEL13-MG;UOP01-DEL13-MG;;;
720687;24/09/2025;quarta-feira;19:30:00;MG;381;431,4;SABARA;Acessar a via sem observar a presen�a dos outros ve�culos;Colis�o transversal;Com V�timas Fatais;Plena Noite;Crescente;Nublado;Simples;"Declive;Curva";N�o;4;1;1;0;0;2;1;4;-19,800056;-43,749468;SPRF-MG;DEL01-MG;UOP01-DEL01-MG;;;
720689;24/09/2025;quarta-feira;17:30:00;MA;402;13;ROSARIO;Demais falhas mec�nicas ou el�tricas;Inc�ndio;Sem V�timas;Plena Noite;Crescente;C�u Claro;Simples;Reta;N�o;2;0;0;0;2;0;0;1;-2,9482;-44,21472;SPRF-MA;DEL01-MA;UOP01-DEL01-MA;;;
720690;13/09/2025;s�bado;21:15:00;BA;242;621;MUQUEM DE SAO FRANCISCO;Demais falhas mec�nicas ou el�tricas;Inc�ndio;Sem V�timas;Pleno dia;Crescente;Ignorado;Simples;"Aclive;Interse��o de Vias;Retorno Regulamentado;Reta";N�o;2;0;0;0;1;2;0;3;-12,13174353;-43,33794806;SPRF-BA;DEL10-BA;UOP01-DEL10-BA;;;
720695;24/09/2025;quarta-feira;09:45:00;MA;226;447;GRAJAU;Acostamento em desn�vel;Tombamento;Com V�timas Feridas;Pleno dia;Crescente;C�u Claro;Simples;"Reta;Declive";N�o;4;0;3;0;0;1;3;2;-5,93726;-46,37274;SPRF-MA;DEL04-MA;UOP02-DEL04-MA;;;
720697;24/09/2025;quarta-feira;19:50:00;SP;381;78;SAO PAULO;Acesso irregular;Atropelamento de Pedestre;Com V�timas Fatais;Plena Noite;Decrescente;Nublado;M�ltipla;Aclive;N�o;2;1;0;0;0;1;0;2;-23,39554501;-46,57271552;SPRF-SP;DEL03-SP;UOP01-DEL03-SP;;;
720699;24/09/2025;quarta-feira;18:10:00;BA;407;89,5;JAGUARARI;Transitar na contram�o;Colis�o frontal;Com V�timas Feridas;Plena Noite;Crescente;C�u Claro;Simples;Reta;N�o;3;0;1;1;1;0;2;2;-10,1848785;-40,2192957;SPRF-BA;DEL04-BA;UOP01-DEL04-BA;;;
720700;24/09/2025;quarta-feira;18:00:00;MT;364;342;SANTO ANTONIO DO LEVERGER;Rea��o tardia ou ineficiente do condutor;Sa�da de leito carro��vel;Com V�timas Feridas;Plena Noite;Crescente;Chuva;Dupla;"Curva;Declive";N�o;1;0;1;0;0;0;1;1;-15,81896126;-55,52764943;SPRF-MT;DEL05-MT;UOP02-DEL05-MT;;;
720701;24/09/2025;quarta-feira;18:30:00;MG;153;58,1;MONTE ALEGRE DE MINAS;Manobra de mudan�a de faixa;Queda de ocupante de ve�culo;Com V�timas Feridas;Plena Noite;Decrescente;C�u Claro;Dupla;"Reta;Declive;Interse��o de Vias";N�o;3;0;1;0;1;1;1;3;-18,87925388;-49,05639119;SPRF-MG;DEL15-MG;UOP03-DEL15-MG;;;
720702;24/09/2025;quarta-feira;18:15:00;RJ;116;224;PARACAMBI;Carga excessiva e/ou mal acondicionada;Tombamento;Com V�timas Feridas;Plena Noite;Decrescente;Nublado;Dupla;Curva;N�o;2;0;1;0;1;0;1;1;-22,68516232;-43,81366499;SPRF-RJ;DEL06-RJ;UOP02-DEL06-RJ;;;
720708;24/09/2025;quarta-feira;17:15:00;PA;222;214;BOM JESUS DO TOCANTINS;Rea��o tardia ou ineficiente do condutor;Colis�o lateral mesmo sentido;Com V�timas Feridas;Anoitecer;Decrescente;C�u Claro;Simples;"Declive;Reta";N�o;3;0;1;0;1;1;1;3;-5,169574;-48,949407;SPRF-PA;DEL03-PA;UOP01-DEL03-PA;;;
720714;14/09/2025;domingo;20:00:00;MT;163;970;TERRA NOVA DO NORTE;Problema com o freio;Capotamento;Com V�timas Fatais;Plena Noite;Crescente;C�u Claro;Simples;"Curva;Declive";N�o;6;1;3;0;1;2;3;5;-10,72874;-55,13286;SPRF-MT;DEL06-MT;UOP03-DEL06-MT;;;
720717;24/09/2025;quarta-feira;23:00:00;RJ;101;46;CAMPOS DOS GOYTACAZES;Transitar na contram�o;Colis�o frontal;Com V�timas Feridas;Plena Noite;Decrescente;Chuva;Simples;Reta;N�o;3;0;1;0;1;1;1;3;-21,6045333;-41,3169563;SPRF-RJ;DEL08-RJ;UOP01-DEL08-RJ;;;
720718;24/09/2025;quarta-feira;19:40:00;RR;401;27;CANTA;Demais falhas mec�nicas ou el�tricas;Colis�o com objeto;Com V�timas Feridas;Plena Noite;Decrescente;C�u Claro;Simples;Reta;N�o;3;0;1;0;1;2;1;4;2,83170872;-60,58767468;SPRF-RR;DEL01-RR;UOP01-DEL01-RR;;;
720725;25/09/2025;quinta-feira;00:50:00;TO;153;333;GUARAI;Acessar a via sem observar a presen�a dos outros ve�culos;Colis�o transversal;Com V�timas Feridas;Plena Noite;Decrescente;C�u Claro;Dupla;"Reta;Interse��o de Vias";Sim;2;0;0;1;1;0;1;2;-8,82915;-48,51215;SPRF-TO;DEL02-TO;UOP02-DEL02-TO;;;
720730;25/09/2025;quinta-feira;03:12:00;SC;101;60,3;ARAQUARI;Rea��o tardia ou ineficiente do condutor;Tombamento;Com V�timas Fatais;Plena Noite;Crescente;Chuva;Dupla;Curva;N�o;5;1;1;0;2;1;1;4;-26,452848;-48,782458;SPRF-SC;DEL03-SC;UOP02-DEL03-SC;;;
720731;25/09/2025;quinta-feira;04:15:00;MG;153;7,9;ARAPORA;Suic�dio (presumido);Colis�o traseira;Com V�timas Fatais;Plena Noite;Crescente;C�u Claro;Dupla;Reta;N�o;3;1;0;0;1;1;0;3;-18,45620455;-49,18786597;SPRF-MG;DEL15-MG;UOP03-DEL15-MG;;;
720732;25/09/2025;quinta-feira;04:45:00;GO;60;91;ANAPOLIS;Pedestre andava na pista;Atropelamento de Pedestre;Com V�timas Feridas;Amanhecer;Crescente;C�u Claro;Dupla;Reta;N�o;2;0;0;1;1;0;1;2;-16,34466014;-48,90408158;SPRF-GO;DEL02-GO;UOP01-DEL02-GO;;;
720735;25/09/2025;quinta-feira;02:50:00;GO;153;358,3;JARAGUA;Condutor Dormindo;Colis�o frontal;Com V�timas Fatais;Plena Noite;Crescente;C�u Claro;Simples;"Reta;Aclive";Sim;2;1;0;0;1;0;0;2;-15,75053502;-49,31681067;SPRF-GO;DEL02-GO;UOP02-DEL02-GO;;;
720736;24/09/2025;quarta-feira;17:05:00;PR;153;507;GENERAL CARNEIRO;Pista esburacada;Colis�o lateral sentido oposto;Com V�timas Feridas;Pleno dia;Crescente;C�u Claro;Simples;Reta;N�o;4;0;1;0;2;2;1;5;-26,44618049;-51,32035293;SPRF-PR;DEL02-PR;UOP03-DEL02-PR;;;
720737;24/09/2025;quarta-feira;23:05:00;CE;222;98,5;UMIRIM;Condutor deixou de manter dist�ncia do ve�culo da frente;Colis�o traseira;Com V�timas Feridas;Plena Noite;Crescente;C�u Claro;Simples;Reta;N�o;3;0;0;1;1;1;1;3;-3,70906899;-39,39285278;SPRF-CE;DEL04-CE;UOP03-DEL04-CE;;;
720746;25/09/2025;quinta-feira;06:50:00;MG;381;852;POUSO ALEGRE;Velocidade Incompat�vel;Colis�o traseira;Com V�timas Feridas;Pleno dia;Crescente;C�u Claro;Dupla;"Reta;Aclive";N�o;3;0;1;0;1;1;1;3;-22,25215554;-45,88783264;SPRF-MG;DEL16-MG;UOP01-DEL16-MG;;;
720762;25/09/2025;quinta-feira;07:00:00;PR;476;277;SAO MATEUS DO SUL;Ultrapassagem Indevida;Colis�o frontal;Com V�timas Feridas;Pleno dia;Decrescente;C�u Claro;Simples;Reta;Sim;5;0;0;3;1;1;3;3;-25,87967783;-50,42803252;SPRF-PR;DEL02-PR;UOP03-DEL02-PR;;;
720768;25/09/2025;quinta-feira;03:30:00;CE;116;351;ICO;Aus�ncia de rea��o do condutor;Colis�o traseira;Com V�timas Feridas;Amanhecer;Crescente;C�u Claro;Simples;Reta;N�o;2;0;1;0;1;0;1;2;-6,46216841;-38,8557183;SPRF-CE;DEL05-CE;UOP02-DEL05-CE;;;
720771;25/09/2025;quinta-feira;09:00:00;BA;101;920;NOVA VICOSA;Demais falhas mec�nicas ou el�tricas;Inc�ndio;Sem V�timas;Pleno dia;Crescente;C�u Claro;Simples;"Aclive;Reta";Sim;2;0;0;0;1;1;0;2;-17,88931505;-39,81685638;SPRF-BA;DEL09-BA;UOP02-DEL09-BA;;;
720778;25/09/2025;quinta-feira;09:10:00;RJ;116;142;DUQUE DE CAXIAS;Acessar a via sem observar a presen�a dos outros ve�culos;Colis�o lateral mesmo sentido;Com V�timas Feridas;Pleno dia;Crescente;C�u Claro;Dupla;Reta;N�o;4;0;1;1;1;2;2;4;-22,64798792;-43,22864174;SPRF-RJ;DEL01-RJ;UOP02-DEL01-RJ;;;
720782;25/09/2025;quinta-feira;10:20:00;MG;381;479,9;CONTAGEM;Manobra de mudan�a de faixa;Colis�o lateral mesmo sentido;Com V�timas Feridas;Pleno dia;Crescente;C�u Claro;Dupla;Reta;Sim;4;0;1;0;1;2;1;4;-19,96132928;-44,05112779;SPRF-MG;DEL01-MG;UOP03-DEL01-MG;;;
720784;25/09/2025;quinta-feira;10:40:00;MG;381;394;BOM JESUS DO AMPARO;Velocidade Incompat�vel;Tombamento;Com V�timas Fatais;Pleno dia;Crescente;Nublado;Dupla;"Curva;Aclive";N�o;2;1;0;0;0;1;0;2;-19,748114;-43,492051;SPRF-MG;DEL01-MG;UOP01-DEL01-MG;;;
720786;25/09/2025;quinta-feira;10:00:00;ES;101;31,5;CONCEICAO DA BARRA;Entrada inopinada do pedestre;Atropelamento de Pedestre;Com V�timas Fatais;Pleno dia;Decrescente;Nublado;Simples;"Aclive;Reta";N�o;4;1;0;0;1;3;0;4;-18,42513;-39,935153;SPRF-ES;DEL04-ES;UOP02-DEL04-ES;;;
720788;25/09/2025;quinta-feira;10:00:00;MA;10;319;ACAILANDIA;Acessar a via sem observar a presen�a dos outros ve�culos;Colis�o transversal;Com V�timas Feridas;Pleno dia;Crescente;C�u Claro;Dupla;"Rotat�ria;Interse��o de Vias";Sim;3;0;1;0;1;2;1;4;-4,95418516;-47,50346661;SPRF-MA;DEL04-MA;UOP03-DEL04-MA;;;
720790;25/09/2025;quinta-feira;12:00:00;PE;423;95;GARANHUNS;Aus�ncia de rea��o do condutor;Engavetamento;Sem V�timas;Pleno dia;Crescente;C�u Claro;Simples;"Reta;Declive";Sim;4;0;0;0;4;0;0;4;-8,87913297;-36,48026061;SPRF-PE;DEL03-PE;UOP01-DEL03-PE;;;
720791;25/09/2025;quinta-feira;07:00:00;MT;364;614;DIAMANTINO;Demais falhas mec�nicas ou el�tricas;Inc�ndio;Sem V�timas;Pleno dia;Decrescente;C�u Claro;Simples;Reta;N�o;2;0;0;0;1;1;0;2;-14,421157;-56,305204;SPRF-MT;DEL01-MT;UOP01-DEL01-MT;;;
720796;25/09/2025;quinta-feira;11:35:00;MG;365;495;PATROCINIO;Rea��o tardia ou ineficiente do condutor;Colis�o traseira;Com V�timas Feridas;Pleno dia;Decrescente;Sol;Simples;Reta;N�o;3;0;0;1;1;3;1;5;-18,911;-47,188;SPRF-MG;DEL10-MG;UOP01-DEL10-MG;;;
720798;25/09/2025;quinta-feira;12:15:00;SC;282;534,8;CHAPECO;Rea��o tardia ou ineficiente do condutor;Engavetamento;Com V�timas Feridas;Pleno dia;Crescente;C�u Claro;Simples;Reta;Sim;5;0;1;0;3;1;1;5;-26,996946;-52,641029;SPRF-SC;DEL07-SC;UOP01-DEL07-SC;;;
720801;25/09/2025;quinta-feira;12:20:00;MT;70;25;BARRA DO GARCAS;Condutor Dormindo;Tombamento;Com V�timas Feridas;Pleno dia;Crescente;C�u Claro;Simples;Reta;N�o;4;0;2;0;1;3;2;4;-15,74955426;-52,59756088;SPRF-MT;DEL07-MT;UOP01-DEL07-MT;;;
720803;25/09/2025;quinta-feira;12:40:00;BA;116;806;VITORIA DA CONQUISTA;Condutor Dormindo;Colis�o lateral mesmo sentido;Com V�timas Feridas;Pleno dia;Decrescente;C�u Claro;Simples;Reta;N�o;2;0;1;0;1;0;1;2;-14,7721;-40,7199;SPRF-BA;DEL08-BA;UOP01-DEL08-BA;;;
720804;25/09/2025;quinta-feira;10:00:00;MS;163;564;BANDEIRANTES;Condutor Dormindo;Tombamento;Com V�timas Feridas;Pleno dia;Crescente;C�u Claro;Simples;"Declive;Reta";N�o;2;0;1;0;0;2;1;3;-19,7792567;-54,3639038;SPRF-MS;DEL01-MS;UOP02-DEL01-MS;;;
720806;13/09/2025;s�bado;19:10:00;MG;153;134;PRATA;Demais falhas mec�nicas ou el�tricas;Colis�o traseira;Com V�timas Feridas;Plena Noite;Decrescente;C�u Claro;Simples;"Aclive;Reta";N�o;3;0;1;0;1;1;1;3;-19,516289;-48,838184;SPRF-MG;DEL15-MG;UOP03-DEL15-MG;;;
720808;21/09/2025;domingo;14:00:00;MS;163;408,4;SIDROLANDIA;Demais Fen�menos da natureza;Inc�ndio;Sem V�timas;Pleno dia;Decrescente;C�u Claro;Simples;Reta;N�o;2;0;0;0;1;1;0;2;-21,09452;-54,488764;SPRF-MS;DEL02-MS;UOP01-DEL02-MS;;;
720810;25/09/2025;quinta-feira;14:00:00;SC;282;641,8;SAO MIGUEL DO OESTE;Transitar na contram�o;Colis�o lateral mesmo sentido;Sem V�timas;Pleno dia;Crescente;Sol;Simples;Reta;N�o;3;0;0;0;2;2;0;4;-26,77219887;-53,46161691;SPRF-SC;DEL07-SC;UOP03-DEL07-SC;;;
720812;25/09/2025;quinta-feira;15:00:00;MG;381;760;CAMPANHA;Aus�ncia de rea��o do condutor;Colis�o traseira;Com V�timas Feridas;Pleno dia;Decrescente;C�u Claro;Dupla;Reta;N�o;5;0;2;0;2;3;2;5;-21,698861;-45,367019;SPRF-MG;DEL16-MG;UOP02-DEL16-MG;;;
720813;25/09/2025;quinta-feira;12:10:00;MS;376;42;VICENTINA;Acessar a via sem observar a presen�a dos outros ve�culos;Colis�o transversal;Com V�timas Feridas;Pleno dia;Crescente;C�u Claro;Simples;"Reta;Interse��o de Vias";N�o;8;0;6;0;2;0;6;2;-22,426297;-54,390803;SPRF-MS;DEL04-MS;UOP01-DEL04-MS;;;
720815;25/09/2025;quinta-feira;06:00:00;MT;364;133;PEDRA PRETA;Demais falhas na via;Sa�da de leito carro��vel;Com V�timas Feridas;Amanhecer;Crescente;C�u Claro;Simples;Curva;N�o;2;0;0;1;0;1;1;2;-16,6111899;-54,46609497;SPRF-MT;DEL02-MT;UOP01-DEL02-MT;;;
720816;25/09/2025;quinta-feira;14:20:00;SP;116;154;SAO JOSE DOS CAMPOS;Frear bruscamente;Colis�o traseira;Com V�timas Feridas;Pleno dia;Decrescente;C�u Claro;Dupla;"Reta;Em Obras";Sim;6;0;4;0;1;1;4;4;-23,238033;-45,919503;SPRF-SP;DEL02-SP;UOP01-DEL02-SP;;;
720823;25/09/2025;quinta-feira;15:50:00;PR;277;635;CEU AZUL;Acessar a via sem observar a presen�a dos outros ve�culos;Colis�o transversal;Com V�timas Feridas;Pleno dia;Decrescente;C�u Claro;Simples;"Reta;Aclive";Sim;3;0;1;0;1;1;1;3;-25,1435349;-53,8360943;SPRF-PR;DEL05-PR;UOP02-DEL05-PR;;;
720825;25/09/2025;quinta-feira;10:30:00;BA;324;5;FEIRA DE SANTANA;Manobra de mudan�a de faixa;Colis�o lateral mesmo sentido;Com V�timas Feridas;Pleno dia;Decrescente;C�u Claro;Dupla;Curva;Sim;3;0;2;0;0;1;2;2;-12,28093;-38,97777;SPRF-BA;DEL02-BA;UOP01-DEL02-BA;;;
720830;25/09/2025;quinta-feira;16:45:00;SE;101;104;SAO CRISTOVAO;Condutor deixou de manter dist�ncia do ve�culo da frente;Colis�o traseira;Sem V�timas;Pleno dia;Crescente;Nublado;Dupla;Reta;N�o;3;0;0;0;2;1;0;3;-10,95806;-37,23332;SPRF-SE;DEL02-SE;UOP01-DEL02-SE;;;
720835;25/09/2025;quinta-feira;14:15:00;MG;116;108,2;ITAOBIM;Transitar na contram�o;Colis�o transversal;Com V�timas Fatais;Pleno dia;Crescente;Sol;Simples;Reta;N�o;4;2;1;0;0;1;1;3;-16,497927;-41,509555;SPRF-MG;DEL11-MG;UOP02-DEL11-MG;;;
720837;25/09/2025;quinta-feira;17:35:00;BA;116;674;JEQUIE;Suic�dio (presumido);Atropelamento de Pedestre;Com V�timas Fatais;Pleno dia;Crescente;Nublado;Simples;"Interse��o de Vias;Curva";Sim;4;1;0;0;0;3;0;3;-13,869924;-40,112552;SPRF-BA;DEL03-BA;UOP01-DEL03-BA;;;
720841;25/09/2025;quinta-feira;17:00:00;ES;101;292,7;CARIACICA;Aus�ncia de rea��o do condutor;Colis�o lateral mesmo sentido;Com V�timas Feridas;Pleno dia;Crescente;Nublado;M�ltipla;Reta;Sim;2;0;0;1;0;1;1;2;-20,31286567;-40,39578438;SPRF-ES;DEL01-ES;UOP01-DEL01-ES;;;
720844;25/09/2025;quinta-feira;12:03:00;PA;10;117;PARAGOMINAS;Demais falhas mec�nicas ou el�tricas;Colis�o lateral sentido oposto;Com V�timas Feridas;Pleno dia;Decrescente;C�u Claro;Simples;Reta;N�o;3;0;0;1;1;1;1;3;-3,416282;-47,451705;SPRF-PA;DEL02-PA;UOP01-DEL02-PA;;;
720848;25/09/2025;quinta-feira;14:44:00;RO;364;292;PRESIDENTE MEDICI;Ultrapassagem Indevida;Colis�o lateral mesmo sentido;Com V�timas Feridas;Pleno dia;Crescente;Sol;Simples;Reta;N�o;5;0;2;1;1;1;3;3;-11,311185;-61,885738;SPRF-RO;DEL02-RO;UOP01-DEL02-RO;;;
720850;25/09/2025;quinta-feira;15:50:00;MT;364;357,1;SANTO ANTONIO DO LEVERGER;Rea��o tardia ou ineficiente do condutor;Sa�da de leito carro��vel;Com V�timas Fatais;Pleno dia;Crescente;C�u Claro;Dupla;"Declive;Curva";N�o;2;1;0;0;0;10;0;11;-15,77808;-55,633273;SPRF-MT;DEL05-MT;UOP02-DEL05-MT;;;
720851;25/09/2025;quinta-feira;18:00:00;SC;101;211,3;PALHOCA;Trafegar com motocicleta (ou similar) entre as faixas;Colis�o traseira;Com V�timas Feridas;Plena Noite;Crescente;Nublado;M�ltipla;Reta;N�o;3;0;0;1;1;1;1;3;-27,62540127;-48,65469687;SPRF-SC;DEL01-SC;UOP02-DEL01-SC;;;
720852;25/09/2025;quinta-feira;18:00:00;RN;304;43,9;MOSSORO;Manobra de mudan�a de faixa;Colis�o transversal;Com V�timas Feridas;Plena Noite;Crescente;C�u Claro;Dupla;Reta;N�o;2;0;1;0;1;0;1;2;-5,0784833;-37,3330995;SPRF-RN;DEL04-RN;UOP01-DEL04-RN;;;
720862;25/09/2025;quinta-feira;18:20:00;ES;101;168,5;LINHARES;Pedestre cruzava a pista fora da faixa;Atropelamento de Pedestre;Com V�timas Feridas;Plena Noite;Crescente;Nublado;Simples;Reta;N�o;2;0;0;1;1;0;1;2;-19,533991;-40,157091;SPRF-ES;DEL04-ES;UOP01-DEL04-ES;;;
720865;25/09/2025;quinta-feira;18:50:00;RS;470;158,6;NOVA PRATA;Desrespeitar a prefer�ncia no cruzamento;Colis�o transversal;Com V�timas Feridas;Plena Noite;Decrescente;C�u Claro;Simples;"Interse��o de Vias;Retorno Regulamentado";Sim;2;0;0;1;1;0;1;2;-28,80163263;-51,60978913;SPRF-RS;DEL06-RS;UOP02-DEL06-RS;;;
720868;25/09/2025;quinta-feira;15:00:00;MG;365;43,5;SAO JOAO DA LAGOA;Avarias e/ou desgaste excessivo no pneu;Colis�o frontal;Com V�timas Feridas;Pleno dia;Crescente;Nublado;Simples;Reta;N�o;6;0;0;5;0;1;5;4;-16,891569;-44,184417;SPRF-MG;DEL12-MG;UOP01-DEL12-MG;;;
720874;25/09/2025;quinta-feira;18:15:00;SC;101;375,6;ICARA;Aus�ncia de rea��o do condutor;Colis�o lateral mesmo sentido;Com V�timas Feridas;Anoitecer;Decrescente;C�u Claro;Dupla;Reta;N�o;3;0;1;0;1;1;1;3;-28,72252576;-49,2366457;SPRF-SC;DEL02-SC;UOP01-DEL02-SC;;;
720876;25/09/2025;quinta-feira;17:15:00;BA;116;441;FEIRA DE SANTANA;Aus�ncia de rea��o do condutor;Tombamento;Com V�timas Feridas;Pleno dia;Crescente;Sol;Dupla;Curva;N�o;1;0;1;0;0;0;1;1;-12,35202;-39,093408;SPRF-BA;DEL02-BA;UOP01-DEL02-BA;;;
720886;14/09/2025;domingo;19:38:00;RJ;116;247,1;PIRAI;Pedestre andava na pista;Atropelamento de Animal;Com V�timas Feridas;Plena Noite;Crescente;C�u Claro;M�ltipla;"Aclive;Reta";N�o;3;0;1;1;1;0;2;2;-22,60565616;-43,93512933;SPRF-RJ;DEL07-RJ;UOP01-DEL07-RJ;;;
720888;25/09/2025;quinta-feira;17:00:00;MG;116;228;TEOFILO OTONI;Velocidade Incompat�vel;Sa�da de leito carro��vel;Com V�timas Feridas;Anoitecer;Crescente;Chuva;Simples;Curva;N�o;2;0;0;1;0;1;1;2;-17,477708;-41,494823;SPRF-MG;DEL11-MG;UOP01-DEL11-MG;;;
720892;25/09/2025;quinta-feira;21:15:00;MG;381;432;SABARA;Velocidade Incompat�vel;Tombamento;Com V�timas Fatais;Plena Noite;Crescente;C�u Claro;Simples;"Curva;Declive";N�o;2;2;0;0;0;0;0;1;-19,799218;-43,760555;SPRF-MG;DEL01-MG;UOP01-DEL01-MG;;;
720896;25/09/2025;quinta-feira;21:20:00;SP;116;445;REGISTRO;Rea��o tardia ou ineficiente do condutor;Colis�o traseira;Com V�timas Feridas;Plena Noite;Crescente;C�u Claro;Dupla;Reta;Sim;3;0;1;1;0;1;2;3;-24,4998746;-47,84443824;SPRF-SP;DEL05-SP;UOP01-DEL05-SP;;;
720897;25/09/2025;quinta-feira;21:56:00;MG;365;649,4;UBERLANDIA;Condutor Dormindo;Sa�da de leito carro��vel;Com V�timas Feridas;Plena Noite;Decrescente;C�u Claro;Dupla;Reta;N�o;3;0;0;2;0;4;2;6;-18,87063585;-48,5515666;SPRF-MG;DEL15-MG;UOP01-DEL15-MG;;;