id;data_inversa;dia_semana;horario;uf;br;km;municipio;causa_acidente;tipo_acidente;classificacao_acidente;fase_dia;sentido_via;condicao_metereologica;tipo_pista;tracado_via;uso_solo;pessoas;mortos;feridos_leves;feridos_graves;ilesos;ignorados;feridos;veiculos;latitude;longitude;regional;delegacia;uop;;;
720900;25/09/2025;quinta-feira;19:45:00;MG;40;593;OURO PRETO;Velocidade Incompat�vel;Colis�o com objeto;Com V�timas Feridas;Plena Noite;Decrescente;Chuva;Dupla;"Declive;Curva";N�o;1;0;1;0;0;0;1;1;-20,394069;-43,90554;SPRF-MG;DEL05-MG;UOP02-DEL05-MG;;;
720901;25/09/2025;quinta-feira;20:40:00;GO;20;88,7;VILA BOA;Acessar a via sem observar a presen�a dos outros ve�culos;Atropelamento de Pedestre;Com V�timas Fatais;Plena Noite;Crescente;C�u Claro;Simples;Reta;Sim;3;1;0;0;1;1;0;3;-15,0296485;-47,0520709;SPRF-DF;DEL02-DF;UOP02-DEL02-DF;;;
720902;25/09/2025;quinta-feira;20:30:00;RJ;40;89;PETROPOLIS;Demais falhas mec�nicas ou el�tricas;Sa�da de leito carro��vel;Com V�timas Fatais;Plena Noite;Crescente;Nublado;Dupla;"Viaduto;Curva;Declive";N�o;1;1;0;0;0;0;0;1;-22,55645141;-43,23720781;SPRF-RJ;DEL01-RJ;UOP01-DEL01-RJ;;;
720903;25/09/2025;quinta-feira;22:15:00;PE;101;35,7;ITAPISSUMA;Aus�ncia de rea��o do condutor;Colis�o traseira;Com V�timas Feridas;Plena Noite;Crescente;C�u Claro;Dupla;Reta;Sim;3;0;1;0;1;1;1;3;-7,7862483;-34,9304817;SPRF-PE;DEL01-PE;UOP02-DEL01-PE;;;
720916;26/09/2025;sexta-feira;01:05:00;BA;116;433;FEIRA DE SANTANA;Condutor Dormindo;Sa�da de leito carro��vel;Com V�timas Fatais;Plena Noite;Crescente;Ignorado;Dupla;Curva;N�o;5;3;1;1;0;0;2;3;-12,302332;-39,04073;SPRF-BA;DEL02-BA;UOP01-DEL02-BA;;;
720920;25/09/2025;quinta-feira;22:00:00;MG;381;708,8;NEPOMUCENO;Aus�ncia de rea��o do condutor;Colis�o traseira;Com V�timas Feridas;Plena Noite;Crescente;C�u Claro;Dupla;Reta;N�o;2;0;1;0;1;0;1;2;-21,34359182;-45,17609458;SPRF-MG;DEL04-MG;UOP02-DEL04-MG;;;
720921;26/09/2025;sexta-feira;04:10:00;MG;50;72;UBERLANDIA;Aus�ncia de rea��o do condutor;Colis�o lateral mesmo sentido;Com V�timas Feridas;Plena Noite;Crescente;C�u Claro;Dupla;Reta;Sim;3;0;2;0;0;1;2;2;-18,90118536;-48,23884284;SPRF-MG;DEL15-MG;UOP01-DEL15-MG;;;
720922;09/09/2025;ter�a-feira;15:20:00;CE;116;79,7;CASCAVEL;Rea��o tardia ou ineficiente do condutor;Colis�o frontal;Com V�timas Fatais;Pleno dia;Crescente;C�u Claro;Simples;Reta;N�o;3;1;0;0;1;1;0;3;-4,3978243;-38,4249123;SPRF-CE;DEL01-CE;UOP04-DEL01-CE;;;
720923;26/09/2025;sexta-feira;03:30:00;MG;50;178;UBERABA;Aus�ncia de rea��o do condutor;Colis�o com objeto;Com V�timas Feridas;Plena Noite;Decrescente;C�u Claro;Dupla;"Declive;Reta";Sim;2;0;1;0;0;1;1;2;-19,77856;-47,93463;SPRF-MG;DEL13-MG;UOP01-DEL13-MG;;;
720925;26/09/2025;sexta-feira;05:30:00;ES;101;150,8;LINHARES;Condutor deixou de manter dist�ncia do ve�culo da frente;Colis�o traseira;Com V�timas Feridas;Amanhecer;Crescente;Nublado;Simples;"Interse��o de Vias;Declive;Curva";Sim;8;0;5;0;2;1;5;3;-19,40713843;-40,06399202;SPRF-ES;DEL04-ES;UOP01-DEL04-ES;;;
720928;26/09/2025;sexta-feira;04:15:00;MG;116;329,8;CAMPANARIO;Demais falhas mec�nicas ou el�tricas;Inc�ndio;Sem V�timas;Amanhecer;Crescente;Nublado;Simples;Reta;Sim;1;0;0;0;1;0;0;1;-18,2377048;-41,7286147;SPRF-MG;DEL11-MG;UOP01-DEL11-MG;;;
720934;26/09/2025;sexta-feira;06:05:00;CE;20;395;CAUCAIA;Ultrapassagem Indevida;Colis�o frontal;Com V�timas Fatais;Pleno dia;Decrescente;C�u Claro;Simples;Reta;N�o;3;1;0;0;1;1;0;3;-3,824375;-38,74854;SPRF-CE;DEL01-CE;UOP01-DEL01-CE;;;
720935;25/09/2025;quinta-feira;19:00:00;BA;116;248;QUIJINGUE;Demais falhas na via;Tombamento;Com V�timas Feridas;Plena Noite;Decrescente;C�u Claro;Simples;Declive;N�o;2;0;1;0;0;1;1;2;-10,763912;-38,900024;SPRF-BA;DEL07-BA;UOP02-DEL07-BA;;;
720938;26/09/2025;sexta-feira;05:00:00;PI;343;250,2;CAMPO MAIOR;Problema na suspens�o;Tombamento;Com V�timas Feridas;Plena Noite;Crescente;C�u Claro;Simples;Curva;N�o;1;0;1;0;0;0;1;1;-4,84821087;-42,19237804;SPRF-PI;DEL01-PI;UOP03-DEL01-PI;;;
720940;25/09/2025;quinta-feira;21:50:00;MG;381;342;JOAO MONLEVADE;Problema com o freio;Tombamento;Com V�timas Feridas;Plena Noite;Decrescente;C�u Claro;Simples;"Declive;Curva";N�o;2;0;2;0;0;0;2;1;-19,86092;-43,11732;SPRF-MG;DEL03-MG;UOP01-DEL03-MG;;;
720941;26/09/2025;sexta-feira;01:31:00;PA;10;134;PARAGOMINAS;Rea��o tardia ou ineficiente do condutor;Colis�o frontal;Com V�timas Fatais;Plena Noite;Decrescente;C�u Claro;Simples;Reta;N�o;3;1;0;1;0;2;1;4;-3,26784502;-47,47107625;SPRF-PA;DEL02-PA;UOP01-DEL02-PA;;;
720947;26/09/2025;sexta-feira;07:50:00;SP;116;490;CAJATI;Aus�ncia de rea��o do condutor;Colis�o traseira;Com V�timas Feridas;Pleno dia;Decrescente;Nublado;Dupla;Curva;N�o;3;0;1;0;1;1;1;3;-24,7371653;-48,12131882;SPRF-SP;DEL05-SP;UOP01-DEL05-SP;;;
720951;26/09/2025;sexta-feira;08:05:00;PR;163;276,2;QUATRO PONTES;Manobra de mudan�a de faixa;Colis�o transversal;Com V�timas Feridas;Pleno dia;Decrescente;C�u Claro;Dupla;Reta;N�o;3;0;1;0;2;0;1;2;-24,575784;-53,994541;SPRF-PR;DEL06-PR;UOP02-DEL06-PR;;;
720954;26/09/2025;sexta-feira;08:50:00;SC;101;137;ITAPEMA;Aus�ncia de rea��o do condutor;Colis�o lateral mesmo sentido;Com V�timas Feridas;Pleno dia;Decrescente;C�u Claro;Dupla;Reta;N�o;3;0;1;0;1;1;1;3;-27,06576039;-48,59581889;SPRF-SC;DEL04-SC;UOP03-DEL04-SC;;;
720960;26/09/2025;sexta-feira;04:05:00;SE;101;96,7;SAO CRISTOVAO;Rea��o tardia ou ineficiente do condutor;Sa�da de leito carro��vel;Sem V�timas;Amanhecer;Decrescente;C�u Claro;Dupla;Reta;N�o;2;0;0;0;2;0;0;1;-10,92934003;-37,18386825;SPRF-SE;DEL02-SE;UOP01-DEL02-SE;;;
720963;26/09/2025;sexta-feira;09:50:00;PR;376;678;GUARATUBA;Rea��o tardia ou ineficiente do condutor;Colis�o traseira;Com V�timas Feridas;Pleno dia;Crescente;Chuva;Dupla;"Declive;Reta";N�o;4;0;1;1;1;1;2;4;-25,950953;-48,904698;SPRF-PR;DEL01-PR;UOP04-DEL01-PR;;;
720965;24/09/2025;quarta-feira;11:25:00;MG;251;211;AGUAS VERMELHAS;Ultrapassagem Indevida;Colis�o transversal;Sem V�timas;Pleno dia;Crescente;C�u Claro;Simples;Curva;N�o;4;0;0;0;3;2;0;5;-15,90414274;-41,53880306;SPRF-MG;DEL12-MG;UOP02-DEL12-MG;;;
720967;26/09/2025;sexta-feira;02:10:00;BA;242;335;LENCOIS;Rea��o tardia ou ineficiente do condutor;Tombamento;Com V�timas Feridas;Plena Noite;Crescente;C�u Claro;Simples;Curva;N�o;2;0;1;0;0;2;1;3;-12,50322318;-41,23216152;SPRF-BA;DEL06-BA;UOP02-DEL06-BA;;;
720971;26/09/2025;sexta-feira;08:50:00;RJ;116;328;ITATIAIA;Aus�ncia de rea��o do condutor;Colis�o traseira;Com V�timas Feridas;Pleno dia;Decrescente;Nublado;Dupla;"Reta;Aclive";N�o;5;0;2;0;2;1;2;4;-22,504753;-44,604346;SPRF-RJ;DEL07-RJ;UOP02-DEL07-RJ;;;
720972;26/09/2025;sexta-feira;07:50:00;RS;285;600;SANTO ANTONIO DAS MISSOES;Acessar a via sem observar a presen�a dos outros ve�culos;Colis�o lateral mesmo sentido;Sem V�timas;Pleno dia;Decrescente;C�u Claro;Simples;Reta;N�o;4;0;0;0;3;1;0;3;-28,4890656;-55,2500066;SPRF-RS;DEL12-RS;UOP01-DEL12-RS;;;
720973;26/09/2025;sexta-feira;10:20:00;ES;101;302,6;VIANA;Manobra de mudan�a de faixa;Colis�o lateral mesmo sentido;Com V�timas Feridas;Pleno dia;Crescente;Nublado;Dupla;Reta;Sim;4;0;2;0;1;1;2;3;-20,373942;-40,442633;SPRF-ES;DEL01-ES;UOP01-DEL01-ES;;;
720976;26/09/2025;sexta-feira;10:20:00;SP;116;313;SAO LOURENCO DA SERRA;Manobra de mudan�a de faixa;Colis�o lateral mesmo sentido;Com V�timas Feridas;Pleno dia;Crescente;C�u Claro;Dupla;Reta;N�o;5;0;1;2;1;1;3;3;-23,88782;-46,978723;SPRF-SP;DEL04-SP;UOP01-DEL04-SP;;;
720980;26/09/2025;sexta-feira;10:00:00;MG;40;440;PARAOPEBA;Velocidade Incompat�vel;Colis�o traseira;Com V�timas Feridas;Pleno dia;Crescente;C�u Claro;Dupla;"Reta;Declive";N�o;3;0;1;0;1;1;1;3;-19,258396;-44,422042;SPRF-MG;DEL02-MG;UOP01-DEL02-MG;;;
720982;26/09/2025;sexta-feira;11:00:00;DF;20;17;BRASILIA;Estacionar ou parar em local proibido;Colis�o traseira;Com V�timas Feridas;Pleno dia;Decrescente;Sol;Dupla;Reta;Sim;3;0;0;1;1;1;1;3;-15,62240999;-47,71531106;SPRF-DF;DEL02-DF;UOP01-DEL02-DF;;;
720983;26/09/2025;sexta-feira;11:15:00;PE;428;177,8;PETROLINA;Rea��o tardia ou ineficiente do condutor;Colis�o transversal;Com V�timas Feridas;Pleno dia;Decrescente;C�u Claro;Simples;Interse��o de Vias;N�o;2;0;1;0;1;0;1;2;-9,2926825;-40,44602752;SPRF-PE;DEL06-PE;UOP01-DEL06-PE;;;
720984;26/09/2025;sexta-feira;11:20:00;SC;116;12,3;MAFRA;Aus�ncia de rea��o do condutor;Colis�o transversal;Sem V�timas;Pleno dia;Decrescente;Nublado;Simples;Interse��o de Vias;N�o;3;0;0;0;2;1;0;3;-26,179749;-49,870772;SPRF-SC;DEL06-SC;UOP01-DEL06-SC;;;
720987;26/09/2025;sexta-feira;12:10:00;PR;116;112;CURITIBA;Aus�ncia de rea��o do condutor;Colis�o traseira;Com V�timas Feridas;Pleno dia;Crescente;Nublado;Dupla;Reta;Sim;4;0;1;0;2;1;1;4;-25,553452;-49,276145;SPRF-PR;DEL01-PR;UOP03-DEL01-PR;;;
720993;26/09/2025;sexta-feira;10:50:00;GO;40;23,4;LUZIANIA;Mal s�bito do condutor;Colis�o transversal;Com V�timas Feridas;Pleno dia;Decrescente;C�u Claro;Dupla;Reta;Sim;3;0;1;0;1;1;1;3;-16,23969;-47,91023;SPRF-DF;DEL01-DF;UOP01-DEL01-DF;;;
720994;23/09/2025;ter�a-feira;18:20:00;PR;369;158;CAMBE;Aus�ncia de rea��o do condutor;Colis�o traseira;Com V�timas Feridas;Pleno dia;Crescente;C�u Claro;Dupla;Reta;Sim;3;0;1;0;1;1;1;3;-23,28421653;-51,24353584;SPRF-PR;DEL07-PR;UOP01-DEL07-PR;;;
720998;26/09/2025;sexta-feira;11:50:00;MG;365;354;VARJAO DE MINAS;Velocidade Incompat�vel;Colis�o transversal;Com V�timas Feridas;Pleno dia;Decrescente;C�u Claro;Simples;Interse��o de Vias;N�o;4;0;3;0;0;2;3;4;-18,42627183;-46,06771007;SPRF-MG;DEL10-MG;UOP01-DEL10-MG;;;
720999;26/09/2025;sexta-feira;13:10:00;PR;376;619;SAO JOSE DOS PINHAIS;Rea��o tardia ou ineficiente do condutor;Colis�o lateral mesmo sentido;Com V�timas Feridas;Pleno dia;Decrescente;Nublado;M�ltipla;Reta;Sim;2;0;1;0;1;0;1;2;-25,607958;-49,174061;SPRF-PR;DEL01-PR;UOP04-DEL01-PR;;;
721001;24/09/2025;quarta-feira;07:00:00;AM;230;314,8;APUI;Demais falhas mec�nicas ou el�tricas;Sa�da de leito carro��vel;Sem V�timas;Pleno dia;Crescente;C�u Claro;Simples;Declive;N�o;2;0;0;0;1;1;0;2;-7,51759947;-60,66442787;SPRF-AM;DEL02-AM;UOP01-DEL02-AM;;;
721003;26/09/2025;sexta-feira;14:20:00;PR;277;714,8;SANTA TEREZINHA DE ITAIPU;Demais Fen�menos da natureza;Colis�o lateral mesmo sentido;Com V�timas Feridas;Pleno dia;Crescente;C�u Claro;Dupla;Reta;N�o;3;0;0;1;2;0;1;3;-25,4679387;-54,4563971;SPRF-PR;DEL05-PR;UOP01-DEL05-PR;;;
721006;26/09/2025;sexta-feira;14:30:00;RS;386;429,7;NOVA SANTA RITA;Mal s�bito do condutor;Colis�o traseira;Com V�timas Feridas;Pleno dia;Decrescente;C�u Claro;Simples;Reta;N�o;2;0;1;0;1;0;1;2;-29,82798649;-51,32357597;SPRF-RS;DEL04-RS;UOP02-DEL04-RS;;;
721008;26/09/2025;sexta-feira;14:20:00;SC;101;219;PALHOCA;Demais falhas na via;Tombamento;Com V�timas Feridas;Pleno dia;Decrescente;C�u Claro;Dupla;"Viaduto;Curva;Interse��o de Vias";Sim;2;0;1;0;0;1;1;2;-27,68395472;-48,66717752;SPRF-SC;DEL01-SC;UOP02-DEL01-SC;;;
721010;26/09/2025;sexta-feira;14:20:00;SP;116;508;CAJATI;Rea��o tardia ou ineficiente do condutor;Colis�o com objeto;Com V�timas Feridas;Pleno dia;Decrescente;C�u Claro;Dupla;Curva;N�o;2;0;1;0;0;1;1;2;-24,82246615;-48,21469959;SPRF-SP;DEL05-SP;UOP02-DEL05-SP;;;
721011;26/09/2025;sexta-feira;06:45:00;MG;381;673,4;PERDOES;Manobra de mudan�a de faixa;Colis�o lateral mesmo sentido;Com V�timas Feridas;Pleno dia;Decrescente;Sol;Dupla;Curva;N�o;3;0;1;0;1;2;1;4;-21,074143;-45,052817;SPRF-MG;DEL04-MG;UOP02-DEL04-MG;;;
721018;26/09/2025;sexta-feira;13:50:00;MG;40;511;RIBEIRAO DAS NEVES;Velocidade Incompat�vel;Colis�o lateral mesmo sentido;Com V�timas Feridas;Pleno dia;Decrescente;C�u Claro;Dupla;"Aclive;Reta";Sim;4;0;1;1;2;0;2;3;-19,78473747;-44,11520264;SPRF-MG;DEL01-MG;UOP02-DEL01-MG;;;
721026;26/09/2025;sexta-feira;15:35:00;PE;428;184,6;PETROLINA;Manobra de mudan�a de faixa;Colis�o traseira;Com V�timas Feridas;Pleno dia;Crescente;Sol;Dupla;"Retorno Regulamentado;Reta";Sim;2;0;0;1;1;0;1;2;-9,347889;-40,474418;SPRF-PE;DEL06-PE;UOP01-DEL06-PE;;;
721041;26/09/2025;sexta-feira;17:30:00;SP;116;218;GUARULHOS;Aus�ncia de rea��o do condutor;Colis�o traseira;Com V�timas Feridas;Anoitecer;Decrescente;C�u Claro;M�ltipla;Reta;Sim;2;0;0;1;1;0;1;2;-23,45883716;-46,48212433;SPRF-SP;DEL01-SP;UOP01-DEL01-SP;;;
721043;26/09/2025;sexta-feira;16:55:00;CE;116;193;LIMOEIRO DO NORTE;Convers�o proibida;Colis�o traseira;Com V�timas Feridas;Anoitecer;Decrescente;C�u Claro;Simples;"Reta;Ponte";N�o;4;0;1;0;3;0;1;2;-5,14516987;-38,15915859;SPRF-CE;DEL03-CE;UOP01-DEL03-CE;;;
721056;26/09/2025;sexta-feira;16:10:00;PR;163;238,1;TOLEDO;Ingest�o de �lcool pelo condutor;Sa�da de leito carro��vel;Com V�timas Feridas;Pleno dia;Crescente;C�u Claro;Dupla;"Retorno Regulamentado;Reta;Declive";N�o;2;0;1;0;0;3;1;4;-24,7378874;-53,6955607;SPRF-PR;DEL04-PR;UOP01-DEL04-PR;;;
721067;26/09/2025;sexta-feira;19:20:00;GO;50;112,5;CRISTALINA;Rea��o tardia ou ineficiente do condutor;Tombamento;Com V�timas Feridas;Plena Noite;Crescente;C�u Claro;Dupla;Reta;N�o;2;0;1;0;0;1;1;2;-16,8758;-47,67927;SPRF-DF;DEL01-DF;UOP02-DEL01-DF;;;
721071;26/09/2025;sexta-feira;17:58:00;MG;116;279,7;TEOFILO OTONI;Transitar no Acostamento;Colis�o frontal;Com V�timas Fatais;Anoitecer;Decrescente;Nublado;Simples;Curva;N�o;3;1;0;0;0;2;0;3;-17,87701144;-41,52111053;SPRF-MG;DEL11-MG;UOP01-DEL11-MG;;;
721078;26/09/2025;sexta-feira;19:00:00;PR;376;159,9;MANDAGUACU;Rea��o tardia ou ineficiente do condutor;Colis�o traseira;Com V�timas Feridas;Plena Noite;Crescente;C�u Claro;M�ltipla;Reta;N�o;3;0;0;2;0;1;2;2;-23,365699;-52,080316;SPRF-PR;DEL09-PR;UOP02-DEL09-PR;;;
721085;26/09/2025;sexta-feira;17:00:00;CE;20;396,4;CAUCAIA;Condutor deixou de manter dist�ncia do ve�culo da frente;Engavetamento;Sem V�timas;Anoitecer;Crescente;C�u Claro;Simples;Reta;N�o;3;0;0;0;2;1;0;3;-3,815496;-38,737574;SPRF-CE;DEL01-CE;UOP01-DEL01-CE;;;
721088;26/09/2025;sexta-feira;17:00:00;MS;163;800;SONORA;Aus�ncia de rea��o do condutor;Colis�o lateral mesmo sentido;Com V�timas Feridas;Pleno dia;Crescente;C�u Claro;Simples;"Reta;Declive";N�o;4;0;1;0;2;4;1;7;-17,912012;-54,690421;SPRF-MS;DEL06-MS;UOP01-DEL06-MS;;;
721093;26/09/2025;sexta-feira;18:50:00;PR;376;288;MAUA DA SERRA;Manobra de mudan�a de faixa;Colis�o lateral mesmo sentido;Com V�timas Feridas;Plena Noite;Decrescente;Nublado;Dupla;Reta;Sim;2;0;1;0;0;1;1;2;-23,894576;-51,227618;SPRF-PR;DEL07-PR;UOP02-DEL07-PR;;;
721098;23/09/2025;ter�a-feira;11:00:00;MA;135;1;SAO LUIS;Demais falhas mec�nicas ou el�tricas;Tombamento;Com V�timas Feridas;Pleno dia;Decrescente;C�u Claro;Dupla;Reta;Sim;1;0;1;0;0;0;1;1;-2,67088248;-44,29826331;SPRF-MA;DEL01-MA;UOP01-DEL01-MA;;;
721108;26/09/2025;sexta-feira;19:30:00;GO;80;120;BARRO ALTO;Acessar a via sem observar a presen�a dos outros ve�culos;Colis�o transversal;Com V�timas Feridas;Plena Noite;Decrescente;C�u Claro;Simples;Reta;N�o;3;0;1;0;1;2;1;4;-15,0667;-48,872767;SPRF-GO;DEL07-GO;UOP02-DEL07-GO;;;
721111;26/09/2025;sexta-feira;21:35:00;SC;101;56;JOINVILLE;Manobra de mudan�a de faixa;Colis�o traseira;Com V�timas Feridas;Plena Noite;Crescente;Nublado;Dupla;Reta;N�o;2;0;1;0;1;0;1;2;-26,43150668;-48,82520556;SPRF-SC;DEL03-SC;UOP01-DEL03-SC;;;
721115;26/09/2025;sexta-feira;22:45:00;MG;116;788,5;ALEM PARAIBA;Demais falhas mec�nicas ou el�tricas;Inc�ndio;Sem V�timas;Plena Noite;Decrescente;Nublado;Simples;Reta;N�o;1;0;0;0;1;0;0;1;-21,66867755;-42,73225451;SPRF-MG;DEL07-MG;UOP01-DEL07-MG;;;
721117;26/09/2025;sexta-feira;23:10:00;BA;116;753,8;POCOES;Condutor deixou de manter dist�ncia do ve�culo da frente;Colis�o traseira;Com V�timas Feridas;Plena Noite;Crescente;Nublado;Simples;Reta;N�o;4;0;0;1;2;1;1;3;-14,5012;-40,35438;SPRF-BA;DEL08-BA;UOP02-DEL08-BA;;;
721120;27/09/2025;s�bado;01:11:00;SP;116;421;JUQUIA;Rea��o tardia ou ineficiente do condutor;Sa�da de leito carro��vel;Com V�timas Feridas;Plena Noite;Crescente;Garoa/Chuvisco;Dupla;Reta;N�o;1;0;1;0;0;0;1;1;-24,36016471;-47,68836164;SPRF-SP;DEL05-SP;UOP01-DEL05-SP;;;
721124;27/09/2025;s�bado;00:50:00;ES;262;29;DOMINGOS MARTINS;Velocidade Incompat�vel;Capotamento;Com V�timas Feridas;Plena Noite;Crescente;C�u Claro;Simples;"Curva;Declive";N�o;2;0;1;0;0;1;1;2;-20,37443514;-40,55961541;SPRF-ES;DEL01-ES;UOP01-DEL01-ES;;;
721130;27/09/2025;s�bado;02:00:00;RJ;101;203;CASIMIRO DE ABREU;Ingest�o de �lcool pelo condutor;Colis�o traseira;Com V�timas Feridas;Plena Noite;Decrescente;C�u Claro;Dupla;Reta;N�o;6;0;3;0;2;1;3;3;-22,4821248;-42,1658624;SPRF-RJ;DEL08-RJ;UOP04-DEL08-RJ;;;
721133;27/09/2025;s�bado;02:15:00;SP;153;125,1;UBARANA;Aus�ncia de rea��o do condutor;Colis�o transversal;Com V�timas Feridas;Plena Noite;Crescente;C�u Claro;Simples;"Rotat�ria;Reta";N�o;3;0;1;0;1;2;1;4;-21,20917911;-49,73459244;SPRF-SP;DEL09-SP;UOP01-DEL09-SP;;;
721134;27/09/2025;s�bado;02:35:00;GO;60;272;JANDAIA;Rea��o tardia ou ineficiente do condutor;Colis�o traseira;Com V�timas Feridas;Plena Noite;Decrescente;C�u Claro;Dupla;Reta;N�o;3;0;0;1;1;6;1;8;-17,211421;-50,154002;SPRF-GO;DEL01-GO;UOP02-DEL01-GO;;;
721138;27/09/2025;s�bado;04:35:00;MG;40;457;CAETANOPOLIS;Aus�ncia de rea��o do condutor;Colis�o traseira;Com V�timas Feridas;Plena Noite;Crescente;C�u Claro;Dupla;"Aclive;Curva";N�o;3;0;0;1;0;2;1;3;-19,3699776;-44,3366278;SPRF-MG;DEL02-MG;UOP01-DEL02-MG;;;
721140;27/09/2025;s�bado;04:30:00;RJ;393;147;TRES RIOS;Velocidade Incompat�vel;Tombamento;Com V�timas Feridas;Pleno dia;Crescente;C�u Claro;Simples;"Curva;Declive";N�o;3;0;1;1;0;2;2;4;-22,05644839;-43,02589417;SPRF-RJ;DEL05-RJ;UOP01-DEL05-RJ;;;
721147;27/09/2025;s�bado;05:50:00;SP;116;198;ARUJA;Ingest�o de �lcool pelo condutor;Tombamento;Com V�timas Feridas;Amanhecer;Crescente;C�u Claro;Dupla;"Reta;Aclive";N�o;1;0;1;0;0;0;1;1;-23,399534;-46,301379;SPRF-SP;DEL01-SP;UOP01-DEL01-SP;;;
721152;27/09/2025;s�bado;06:20:00;RN;304;293;MACAIBA;Aus�ncia de rea��o do condutor;Colis�o lateral mesmo sentido;Com V�timas Feridas;Pleno dia;Decrescente;C�u Claro;Dupla;"Reta;Interse��o de Vias";N�o;2;0;1;0;1;0;1;2;-5,86853474;-35,37727475;SPRF-RN;DEL01-RN;UOP02-DEL01-RN;;;
721153;27/09/2025;s�bado;00:15:00;PI;316;297;PICOS;Rea��o tardia ou ineficiente do condutor;Tombamento;Com V�timas Feridas;Plena Noite;Crescente;C�u Claro;Simples;"Curva;Declive";N�o;2;0;1;0;0;2;1;3;-7,02657;-41,559303;SPRF-PI;DEL04-PI;UOP01-DEL04-PI;;;
721156;27/09/2025;s�bado;03:00:00;SC;282;27;SANTO AMARO DA IMPERATRIZ;Transitar na contram�o;Colis�o frontal;Sem V�timas;Plena Noite;Crescente;C�u Claro;Simples;Reta;Sim;3;0;0;0;2;1;0;3;-27,67649379;-48,78168806;SPRF-SC;DEL01-SC;UOP03-DEL01-SC;;;
721157;27/09/2025;s�bado;03:00:00;CE;222;312,5;TIANGUA;Condutor Dormindo;Colis�o com objeto;Sem V�timas;Plena Noite;Crescente;C�u Claro;Dupla;Reta;Sim;1;0;0;0;1;0;0;1;-3,728;-40,999;SPRF-CE;DEL04-CE;UOP02-DEL04-CE;;;
721161;27/09/2025;s�bado;04:24:00;SP;116;346,5;MIRACATU;Condutor Dormindo;Sa�da de leito carro��vel;Com V�timas Feridas;Amanhecer;Crescente;Nevoeiro/Neblina;Dupla;Curva;N�o;2;0;0;1;0;1;1;2;-24,18536067;-47,35923631;SPRF-SP;DEL04-SP;UOP03-DEL04-SP;;;
721162;27/09/2025;s�bado;07:00:00;SC;101;214,4;PALHOCA;Manobra de mudan�a de faixa;Colis�o lateral mesmo sentido;Com V�timas Feridas;Pleno dia;Decrescente;Nublado;M�ltipla;Reta;N�o;2;0;1;0;1;0;1;2;-27,6475621;-48,67278099;SPRF-SC;DEL01-SC;UOP02-DEL01-SC;;;
721165;27/09/2025;s�bado;02:30:00;SC;101;163;TIJUCAS;Ingest�o de �lcool pelo condutor;Colis�o frontal;Com V�timas Feridas;Plena Noite;Crescente;C�u Claro;Dupla;Interse��o de Vias;N�o;2;0;0;1;1;0;1;2;-27,232847;-48,630144;SPRF-SC;DEL04-SC;UOP03-DEL04-SC;;;
721167;26/09/2025;sexta-feira;20:30:00;GO;452;28;SANTA HELENA DE GOIAS;Rea��o tardia ou ineficiente do condutor;Sa�da de leito carro��vel;Com V�timas Fatais;Plena Noite;Decrescente;C�u Claro;Simples;"Declive;Reta";N�o;2;1;0;0;0;2;0;3;-17,893162;-50,658185;SPRF-GO;DEL04-GO;UOP01-DEL04-GO;;;
721168;27/09/2025;s�bado;05:00:00;MS;267;13,6;BATAGUASSU;Velocidade Incompat�vel;Sa�da de leito carro��vel;Sem V�timas;Amanhecer;Decrescente;C�u Claro;M�ltipla;Reta;Sim;2;0;0;0;1;1;0;2;-21,7253996;-52,2677239;SPRF-MS;DEL02-MS;UOP04-DEL02-MS;;;
721170;27/09/2025;s�bado;02:39:00;GO;153;344,9;JARAGUA;Ingest�o de �lcool pelo condutor;Colis�o traseira;Com V�timas Feridas;Plena Noite;Decrescente;C�u Claro;Simples;Reta;N�o;2;0;0;1;1;0;1;2;-15,6435119;-49,36986473;SPRF-GO;DEL02-GO;UOP02-DEL02-GO;;;
721180;27/09/2025;s�bado;09:00:00;PB;101;89,6;JOAO PESSOA;Rea��o tardia ou ineficiente do condutor;Colis�o lateral mesmo sentido;Sem V�timas;Pleno dia;Crescente;Sol;M�ltipla;Reta;Sim;4;0;0;0;3;1;0;3;-7,176537;-34,899497;SPRF-PB;DEL01-PB;UOP01-DEL01-PB;;;
721181;22/09/2025;segunda-feira;17:30:00;SC;470;138;RIO DO SUL;Condutor deixou de manter dist�ncia do ve�culo da frente;Colis�o traseira;Sem V�timas;Anoitecer;Crescente;C�u Claro;Dupla;Reta;Sim;2;0;0;0;2;0;0;2;-27,20293698;-49,63474838;SPRF-SC;DEL04-SC;UOP02-DEL04-SC;;;
721183;27/09/2025;s�bado;08:50:00;MG;365;649;UBERLANDIA;Aus�ncia de rea��o do condutor;Colis�o traseira;Com V�timas Feridas;Pleno dia;Crescente;C�u Claro;Dupla;Reta;N�o;4;0;2;0;1;3;2;5;-18,870396;-48,551992;SPRF-MG;DEL15-MG;UOP01-DEL15-MG;;;
721189;27/09/2025;s�bado;09:00:00;MG;262;78,6;MATIPO;Demais falhas mec�nicas ou el�tricas;Colis�o com objeto;Sem V�timas;Pleno dia;Crescente;C�u Claro;Simples;"Curva;Declive";N�o;2;0;0;0;1;1;0;2;-20,335773;-42,360649;SPRF-MG;DEL03-MG;UOP03-DEL03-MG;;;
721193;15/09/2025;segunda-feira;19:00:00;MT;174;115;CACERES;Ultrapassagem Indevida;Eventos at�picos;Com V�timas Feridas;Plena Noite;Decrescente;Nublado;Simples;Curva;N�o;2;0;1;0;0;1;1;2;-15,81277639;-57,97858715;SPRF-MT;DEL03-MT;UOP01-DEL03-MT;;;