id;data_inversa;dia_semana;horario;uf;br;km;municipio;causa_acidente;tipo_acidente;classificacao_acidente;fase_dia;sentido_via;condicao_metereologica;tipo_pista;tracado_via;uso_solo;pessoas;mortos;feridos_leves;feridos_graves;ilesos;ignorados;feridos;veiculos;latitude;longitude;regional;delegacia;uop;;;
721194;27/09/2025;s�bado;06:00:00;SE;101;157,3;ESTANCIA;Ultrapassagem Indevida;Colis�o com objeto;Com V�timas Feridas;Pleno dia;Decrescente;Chuva;Simples;"Curva;Declive";N�o;1;0;1;0;0;0;1;1;-11,294437;-37,479018;SPRF-SE;DEL02-SE;UOP01-DEL02-SE;;;
721196;27/09/2025;s�bado;10:35:00;MG;381;509,1;SAO JOAQUIM DE BICAS;Rea��o tardia ou ineficiente do condutor;Colis�o traseira;Com V�timas Fatais;Pleno dia;Decrescente;C�u Claro;Dupla;Reta;N�o;3;1;0;0;1;1;0;3;-20,04997492;-44,27829266;SPRF-MG;DEL01-MG;UOP03-DEL01-MG;;;
721202;27/09/2025;s�bado;11:20:00;GO;40;11,4;LUZIANIA;Acessar a via sem observar a presen�a dos outros ve�culos;Colis�o lateral mesmo sentido;Com V�timas Feridas;Pleno dia;Decrescente;C�u Claro;Dupla;"Reta;Retorno Regulamentado";Sim;2;0;1;0;1;0;1;2;-16,14342294;-47,94657826;SPRF-DF;DEL01-DF;UOP01-DEL01-DF;;;
721204;27/09/2025;s�bado;08:18:00;PA;230;1110;ITAITUBA;Curva acentuada;Tombamento;Sem V�timas;Pleno dia;Crescente;Nublado;Dupla;Curva;N�o;3;0;0;0;2;5;0;7;-4,394405;-55,89394;SPRF-PA;DEL05-PA;UOP02-DEL05-PA;;;
721218;27/09/2025;s�bado;13:00:00;MG;50;106;UBERABA;Rea��o tardia ou ineficiente do condutor;Colis�o traseira;Com V�timas Fatais;Pleno dia;Decrescente;C�u Claro;Dupla;"Aclive;Reta";N�o;3;1;0;0;2;0;0;2;-19,191653;-48,154168;SPRF-MG;DEL13-MG;UOP01-DEL13-MG;;;
721219;27/09/2025;s�bado;09:17:00;MG;116;497,2;INHAPIM;Rea��o tardia ou ineficiente do condutor;Colis�o lateral mesmo sentido;Sem V�timas;Pleno dia;Crescente;Nublado;Simples;Reta;Sim;2;0;0;0;2;0;0;2;-19,540922;-42,126381;SPRF-MG;DEL06-MG;UOP02-DEL06-MG;;;
721223;27/09/2025;s�bado;12:40:00;PR;277;30;MORRETES;Demais falhas mec�nicas ou el�tricas;Inc�ndio;Sem V�timas;Pleno dia;Decrescente;Nublado;Dupla;"Reta;Declive";N�o;2;0;0;0;1;1;0;2;-25,551803;-48,79765;SPRF-PR;DEL01-PR;UOP05-DEL01-PR;;;
721228;30/08/2025;s�bado;09:30:00;SC;101;284;IMBITUBA;Animais na Pista;Colis�o com objeto;Com V�timas Feridas;Pleno dia;Decrescente;Sol;Dupla;Reta;N�o;5;0;1;0;3;1;1;5;-28,240139;-48,700098;SPRF-SC;DEL02-SC;UOP03-DEL02-SC;;;
721229;27/09/2025;s�bado;10:20:00;MT;70;415,8;CAMPO VERDE;Ultrapassagem Indevida;Colis�o frontal;Com V�timas Feridas;Pleno dia;Crescente;C�u Claro;Simples;Reta;N�o;4;0;1;0;2;2;1;4;-15,73045;-55,346722;SPRF-MT;DEL05-MT;UOP02-DEL05-MT;;;
721241;27/09/2025;s�bado;13:20:00;SC;282;516,1;XAXIM;Manobra de mudan�a de faixa;Colis�o lateral mesmo sentido;Com V�timas Feridas;Pleno dia;Crescente;Sol;Simples;Curva;N�o;2;0;0;1;1;0;1;2;-26,92938;-52,49958;SPRF-SC;DEL07-SC;UOP01-DEL07-SC;;;
721244;27/09/2025;s�bado;13:45:00;MG;40;668,7;CARANDAI;Aus�ncia de rea��o do condutor;Sa�da de leito carro��vel;Com V�timas Feridas;Pleno dia;Decrescente;C�u Claro;Simples;Curva;N�o;3;0;0;1;1;2;1;4;-20,96150156;-43,78844013;SPRF-MG;DEL05-MG;UOP02-DEL05-MG;;;
721245;27/09/2025;s�bado;15:10:00;RS;116;526,5;PELOTAS;Velocidade Incompat�vel;Tombamento;Com V�timas Feridas;Pleno dia;Crescente;Nublado;Dupla;"Curva;Aclive";Sim;3;0;2;0;0;2;2;3;-31,74455;-52,40556;SPRF-RS;DEL07-RS;UOP01-DEL07-RS;;;
721249;27/09/2025;s�bado;14:50:00;RS;285;484,6;ENTRE-IJUIS;Acumulo de �gua sobre o pavimento;Colis�o frontal;Com V�timas Fatais;Pleno dia;Decrescente;Chuva;Simples;"Declive;Curva";N�o;5;4;0;0;1;0;0;2;-28,372887;-54,144558;SPRF-RS;DEL10-RS;UOP01-DEL10-RS;;;
721261;27/09/2025;s�bado;15:15:00;PI;316;293,6;PICOS;Demais falhas mec�nicas ou el�tricas;Inc�ndio;Sem V�timas;Pleno dia;Crescente;C�u Claro;Simples;Reta;N�o;2;0;0;0;1;1;0;2;-7,013074;-41,58944;SPRF-PI;DEL04-PI;UOP01-DEL04-PI;;;
721262;27/09/2025;s�bado;15:30:00;MG;381;893;CAMBUI;Avarias e/ou desgaste excessivo no pneu;Colis�o com objeto;Sem V�timas;Pleno dia;Crescente;Sol;Dupla;"Declive;Curva";N�o;3;0;0;0;2;1;0;3;-22,5679427;-46,0409512;SPRF-MG;DEL16-MG;UOP01-DEL16-MG;;;
721270;27/09/2025;s�bado;17:00:00;DF;60;12;BRASILIA;Rea��o tardia ou ineficiente do condutor;Colis�o traseira;Com V�timas Feridas;Pleno dia;Decrescente;C�u Claro;Dupla;Reta;N�o;3;0;1;0;0;2;1;3;-15,920322;-48,165162;SPRF-DF;DEL03-DF;UOP01-DEL03-DF;;;
721274;27/09/2025;s�bado;15:56:00;RO;364;17;VILHENA;Rea��o tardia ou ineficiente do condutor;Colis�o lateral sentido oposto;Com V�timas Feridas;Pleno dia;Decrescente;Nublado;Simples;"Reta;Aclive";N�o;5;0;1;0;4;0;1;3;-12,7314;-60,1683;SPRF-RO;DEL04-RO;UOP01-DEL04-RO;;;
721278;27/09/2025;s�bado;16:20:00;PE;232;169;TACAIMBO;Rea��o tardia ou ineficiente do condutor;Tombamento;Com V�timas Feridas;Pleno dia;Decrescente;C�u Claro;Simples;Reta;N�o;3;0;2;1;0;0;3;1;-8,340042;-36,334687;SPRF-PE;DEL03-PE;UOP02-DEL03-PE;;;
721288;27/09/2025;s�bado;18:40:00;BA;116;425;FEIRA DE SANTANA;Pedestre andava na pista;Atropelamento de Pedestre;Com V�timas Fatais;Plena Noite;Decrescente;C�u Claro;Dupla;Reta;Sim;2;1;0;0;1;0;0;2;-12,24489558;-38,98607466;SPRF-BA;DEL02-BA;UOP01-DEL02-BA;;;
721293;27/09/2025;s�bado;17:30:00;PR;476;177;CONTENDA;Transitar na contram�o;Colis�o frontal;Com V�timas Fatais;Anoitecer;Crescente;C�u Claro;Simples;"Declive;Reta";N�o;3;1;0;0;1;1;0;3;-25,700193;-49,573486;SPRF-PR;DEL01-PR;UOP06-DEL01-PR;;;
721299;27/09/2025;s�bado;17:50:00;BA;116;644;JAGUAQUARA;Ultrapassagem Indevida;Colis�o lateral mesmo sentido;Com V�timas Feridas;Anoitecer;Crescente;Nublado;Simples;"Reta;Declive";N�o;4;0;0;1;2;1;1;4;-13,60708688;-40,08975774;SPRF-BA;DEL03-BA;UOP01-DEL03-BA;;;
721303;27/09/2025;s�bado;18:30:00;MG;50;72;UBERLANDIA;Manobra de mudan�a de faixa;Colis�o lateral mesmo sentido;Com V�timas Feridas;Anoitecer;Crescente;C�u Claro;Dupla;Reta;Sim;3;0;0;1;1;1;1;3;-18,901015;-48,238935;SPRF-MG;DEL15-MG;UOP01-DEL15-MG;;;
721308;27/09/2025;s�bado;14:40:00;RJ;116;141;DUQUE DE CAXIAS;Rea��o tardia ou ineficiente do condutor;Colis�o lateral mesmo sentido;Com V�timas Feridas;Pleno dia;Crescente;C�u Claro;Dupla;Reta;Sim;3;0;1;0;2;0;1;3;-22,64687869;-43,21832335;SPRF-RJ;DEL01-RJ;UOP02-DEL01-RJ;;;
721312;27/09/2025;s�bado;19:40:00;BA;242;588;IBOTIRAMA;Animais na Pista;Atropelamento de Animal;Com V�timas Feridas;Plena Noite;Decrescente;C�u Claro;Simples;"Reta;Declive";N�o;3;0;2;0;0;2;2;4;-12,08540121;-43,11573031;SPRF-BA;DEL06-BA;UOP03-DEL06-BA;;;
721326;27/09/2025;s�bado;16:40:00;PR;376;386,2;IMBAU;Velocidade Incompat�vel;Tombamento;Com V�timas Feridas;Pleno dia;Decrescente;Sol;Dupla;"Curva;Declive";N�o;2;0;1;0;0;3;1;4;-24,48427263;-50,73359577;SPRF-PR;DEL03-PR;UOP02-DEL03-PR;;;
721333;27/09/2025;s�bado;20:15:00;BA;116;877;VITORIA DA CONQUISTA;Transitar na contram�o;Colis�o lateral sentido oposto;Com V�timas Feridas;Plena Noite;Crescente;C�u Claro;Simples;Reta;Sim;4;0;1;1;1;3;2;6;-15,260355;-41,118217;SPRF-BA;DEL08-BA;UOP03-DEL08-BA;;;
721343;27/09/2025;s�bado;21:40:00;MG;365;347,1;VARJAO DE MINAS;Aus�ncia de rea��o do condutor;Colis�o traseira;Com V�timas Feridas;Plena Noite;Decrescente;Sol;Simples;Reta;Sim;2;0;1;0;0;1;1;2;-18,38391175;-46,03569165;SPRF-MG;DEL10-MG;UOP01-DEL10-MG;;;
721345;27/09/2025;s�bado;22:00:00;MG;50;173;UBERABA;Aus�ncia de rea��o do condutor;Colis�o traseira;Sem V�timas;Plena Noite;Crescente;C�u Claro;Dupla;Reta;Sim;3;0;0;0;1;4;0;5;-19,7627904;-47,9771715;SPRF-MG;DEL13-MG;UOP01-DEL13-MG;;;
721353;27/09/2025;s�bado;22:30:00;PR;373;269;PRUDENTOPOLIS;Transitar na contram�o;Colis�o frontal;Sem V�timas;Plena Noite;Crescente;C�u Claro;Simples;Curva;N�o;5;0;0;0;2;3;0;4;-25,22086722;-51,02335779;SPRF-PR;DEL08-PR;UOP01-DEL08-PR;;;
721359;27/09/2025;s�bado;19:00:00;AC;364;109;RIO BRANCO;Defici�ncia do Sistema de Ilumina��o/Sinaliza��o;Colis�o traseira;Com V�timas Fatais;Plena Noite;Crescente;C�u Claro;Simples;Reta;N�o;6;1;1;1;3;0;2;3;-10,014329;-67,659595;SPRF-AC;DEL01-AC;UOP01-DEL01-AC;;;
721367;28/09/2025;domingo;02:30:00;GO;70;9;AGUAS LINDAS DE GOIAS;Transitar na contram�o;Colis�o lateral sentido oposto;Com V�timas Feridas;Plena Noite;Crescente;C�u Claro;Dupla;Reta;Sim;5;0;0;2;2;2;2;5;-15,73714;-48,29168;SPRF-DF;DEL03-DF;UOP02-DEL03-DF;;;
721372;28/09/2025;domingo;04:00:00;MG;40;397;CURVELO;Condutor Dormindo;Sa�da de leito carro��vel;Com V�timas Feridas;Plena Noite;Crescente;C�u Claro;Simples;"Curva;Aclive";N�o;2;0;1;0;0;1;1;2;-19,02318091;-44,62441253;SPRF-MG;DEL02-MG;UOP01-DEL02-MG;;;
721381;27/09/2025;s�bado;22:58:00;BA;101;417;IBIRAPITANGA;Aus�ncia de rea��o do condutor;Colis�o lateral sentido oposto;Com V�timas Feridas;Plena Noite;Crescente;C�u Claro;Simples;Curva;N�o;2;0;1;0;0;1;1;2;-14,0925065;-39,3756864;SPRF-BA;DEL05-BA;UOP03-DEL05-BA;;;
721383;27/09/2025;s�bado;20:50:00;MG;262;526;LUZ;Rea��o tardia ou ineficiente do condutor;Tombamento;Com V�timas Feridas;Plena Noite;Crescente;C�u Claro;Simples;Curva;N�o;2;0;0;1;0;1;1;2;-19,77176;-45,78224;SPRF-MG;DEL08-MG;UOP03-DEL08-MG;;;
721390;28/09/2025;domingo;05:00:00;TO;153;154,8;ARAGUAINA;Aus�ncia de rea��o do condutor;Colis�o com objeto;Com V�timas Feridas;Plena Noite;Crescente;Nublado;Simples;"Declive;Ponte";N�o;2;0;1;0;0;1;1;2;-7,28446604;-48,27780962;SPRF-TO;DEL02-TO;UOP01-DEL02-TO;;;
721392;27/09/2025;s�bado;19:00:00;PR;163;212,5;CASCAVEL;Velocidade Incompat�vel;Tombamento;Com V�timas Feridas;Plena Noite;Crescente;C�u Claro;Simples;Curva;N�o;2;0;1;0;0;1;1;2;-24,896746;-53,532856;SPRF-PR;DEL04-PR;UOP01-DEL04-PR;;;
721408;28/09/2025;domingo;00:15:00;PR;476;283;SAO MATEUS DO SUL;Acessar a via sem observar a presen�a dos outros ve�culos;Colis�o traseira;Com V�timas Feridas;Plena Noite;Crescente;C�u Claro;Simples;Reta;N�o;3;0;0;1;1;1;1;3;-25,97644867;-50,5422163;SPRF-PR;DEL02-PR;UOP03-DEL02-PR;;;
721413;28/09/2025;domingo;08:00:00;RS;116;270;PORTO ALEGRE;Aus�ncia de rea��o do condutor;Colis�o com objeto;Com V�timas Feridas;Pleno dia;Crescente;Nublado;Simples;"Aclive;Viaduto;Reta";Sim;3;0;0;1;0;2;1;3;-29,97030168;-51,1764921;SPRF-RS;DEL01-RS;UOP01-DEL01-RS;;;
721419;28/09/2025;domingo;08:58:00;PE;101;35;ITAPISSUMA;Rea��o tardia ou ineficiente do condutor;Sa�da de leito carro��vel;Com V�timas Feridas;Pleno dia;Crescente;C�u Claro;Dupla;Curva;N�o;3;0;1;0;1;1;1;3;-7,782282;-34,931418;SPRF-PE;DEL01-PE;UOP02-DEL01-PE;;;
721422;28/09/2025;domingo;07:20:00;MG;381;424,9;SABARA;Velocidade Incompat�vel;Tombamento;Com V�timas Feridas;Amanhecer;Crescente;Sol;Simples;"Declive;Curva";N�o;2;0;1;0;0;1;1;2;-19,787135;-43,701867;SPRF-MG;DEL01-MG;UOP01-DEL01-MG;;;
721423;24/09/2025;quarta-feira;07:45:00;RJ;40;118;DUQUE DE CAXIAS;Manobra de mudan�a de faixa;Colis�o traseira;Com V�timas Feridas;Pleno dia;Decrescente;C�u Claro;Dupla;Reta;N�o;2;0;1;0;1;0;1;2;-22,76017986;-43,28574121;SPRF-RJ;DEL01-RJ;UOP02-DEL01-RJ;;;
721424;28/09/2025;domingo;04:40:00;MT;163;785;SORRISO;Rea��o tardia ou ineficiente do condutor;Sa�da de leito carro��vel;Com V�timas Feridas;Amanhecer;Decrescente;Nublado;Simples;"Em Obras;Aclive";N�o;3;0;1;0;2;0;1;1;-12,295818;-55,569081;SPRF-MT;DEL06-MT;UOP02-DEL06-MT;;;
721430;28/09/2025;domingo;11:00:00;MG;381;871;POUSO ALEGRE;Rea��o tardia ou ineficiente do condutor;Colis�o traseira;Com V�timas Feridas;Pleno dia;Crescente;Sol;Dupla;Reta;N�o;2;0;1;0;1;0;1;2;-22,2789632;-45,9669504;SPRF-MG;DEL16-MG;UOP01-DEL16-MG;;;
721433;27/09/2025;s�bado;05:20:00;MS;158;314;TRES LAGOAS;Aus�ncia de rea��o do condutor;Sa�da de leito carro��vel;Com V�timas Feridas;Amanhecer;Crescente;C�u Claro;Simples;Reta;N�o;1;0;1;0;0;0;1;1;-20,90452192;-51,95280075;SPRF-MS;DEL07-MS;UOP01-DEL07-MS;;;
721436;28/09/2025;domingo;08:45:00;BA;116;548;MILAGRES;Ultrapassagem Indevida;Colis�o frontal;Com V�timas Fatais;Pleno dia;Decrescente;Nublado;Simples;Curva;N�o;4;1;0;0;2;1;0;4;-12,88858;-39,85872;SPRF-BA;DEL03-BA;UOP02-DEL03-BA;;;
721440;28/09/2025;domingo;10:32:00;GO;364;323;PORTELANDIA;Condutor deixou de manter dist�ncia do ve�culo da frente;Colis�o traseira;Com V�timas Feridas;Pleno dia;Decrescente;C�u Claro;Simples;"Ponte;Aclive;Reta";N�o;4;0;1;1;1;2;2;5;-17,399077;-52,659468;SPRF-GO;DEL05-GO;UOP01-DEL05-GO;;;
721446;28/09/2025;domingo;11:40:00;GO;153;579,3;PIRACANJUBA;Condutor Dormindo;Sa�da de leito carro��vel;Com V�timas Feridas;Pleno dia;Decrescente;C�u Claro;Dupla;Reta;N�o;2;0;1;0;0;1;1;2;-17,37252;-49,24146;SPRF-GO;DEL03-GO;UOP01-DEL03-GO;;;
721452;28/09/2025;domingo;12:28:00;BA;101;895;CARAVELAS;Carga excessiva e/ou mal acondicionada;Derramamento de carga;Com V�timas Feridas;Pleno dia;Decrescente;C�u Claro;Simples;"Aclive;Curva";N�o;2;0;0;1;1;0;1;2;-17,69;-39,774;SPRF-BA;DEL09-BA;UOP02-DEL09-BA;;;
721456;28/09/2025;domingo;09:50:00;TO;153;467;MIRACEMA DO TOCANTINS;Ultrapassagem Indevida;Colis�o traseira;Com V�timas Feridas;Pleno dia;Decrescente;C�u Claro;Simples;Declive;N�o;3;0;1;0;1;4;1;6;-9,97861;-48,749464;SPRF-TO;DEL01-TO;UOP01-DEL01-TO;;;
721457;28/09/2025;domingo;11:30:00;MG;381;848,1;POUSO ALEGRE;Curva acentuada;Colis�o com objeto;Com V�timas Feridas;Pleno dia;Decrescente;C�u Claro;M�ltipla;Curva;N�o;2;0;1;0;0;1;1;2;-22,22047107;-45,87217569;SPRF-MG;DEL16-MG;UOP01-DEL16-MG;;;
721462;28/09/2025;domingo;10:07:00;MG;251;221,1;SANTA CRUZ DE SALINAS;Ultrapassagem Indevida;Colis�o lateral sentido oposto;Com V�timas Feridas;Pleno dia;Decrescente;Sol;Simples;"Reta;Declive";N�o;4;0;1;1;1;2;2;5;-15,94702975;-41,61610499;SPRF-MG;DEL12-MG;UOP02-DEL12-MG;;;
721474;28/09/2025;domingo;15:32:00;RJ;493;86;SEROPEDICA;Rea��o tardia ou ineficiente do condutor;Tombamento;Com V�timas Feridas;Pleno dia;Crescente;C�u Claro;Dupla;Reta;N�o;2;0;2;0;0;0;2;2;-22,70257776;-43,65414359;SPRF-RJ;DEL01-RJ;UOP03-DEL01-RJ;;;
721475;28/09/2025;domingo;11:33:00;MA;226;380;GRAJAU;Acessar a via sem observar a presen�a dos outros ve�culos;Colis�o transversal;Com V�timas Fatais;Pleno dia;Crescente;C�u Claro;Simples;Reta;N�o;3;1;0;0;0;4;0;5;-5,77624466;-46,08109475;SPRF-MA;DEL06-MA;UOP01-DEL06-MA;;;
721476;28/09/2025;domingo;16:05:00;ES;101;226;IBIRACU;Rea��o tardia ou ineficiente do condutor;Tombamento;Com V�timas Feridas;Pleno dia;Crescente;C�u Claro;Simples;Reta;N�o;3;0;2;0;0;1;2;3;-19,8788865;-40,4168977;SPRF-ES;DEL02-ES;UOP01-DEL02-ES;;;
721480;28/09/2025;domingo;16:20:00;BA;242;840;BARREIRAS;Velocidade Incompat�vel;Tombamento;Com V�timas Feridas;Pleno dia;Crescente;C�u Claro;M�ltipla;"Aclive;Curva";N�o;2;0;0;1;0;2;1;3;-12,11428;-45,16036;SPRF-BA;DEL10-BA;UOP01-DEL10-BA;;;
721484;28/09/2025;domingo;16:00:00;BA;410;4;RIBEIRA DO POMBAL;Rea��o tardia ou ineficiente do condutor;Colis�o lateral mesmo sentido;Com V�timas Feridas;Pleno dia;Decrescente;Nublado;Simples;"Reta;Declive";N�o;4;0;2;1;1;0;3;2;-10,83166211;-38,55587482;SPRF-BA;DEL07-BA;UOP02-DEL07-BA;;;
721488;28/09/2025;domingo;02:55:00;PA;230;1110;ITAITUBA;Velocidade Incompat�vel;Tombamento;Com V�timas Fatais;Plena Noite;Crescente;Nublado;Simples;"Declive;Curva";N�o;2;1;0;0;0;2;0;3;-4,394405;-55,89394;SPRF-PA;DEL05-PA;UOP02-DEL05-PA;;;
721526;28/09/2025;domingo;19:30:00;BA;116;740;BOA NOVA;Pedestre cruzava a pista fora da faixa;Atropelamento de Pedestre;Com V�timas Fatais;Plena Noite;Decrescente;C�u Claro;Simples;Reta;N�o;2;1;0;0;0;1;0;2;-14,399379;-40,354022;SPRF-BA;DEL08-BA;UOP02-DEL08-BA;;;
721527;28/09/2025;domingo;19:15:00;BA;242;864;BARREIRAS;Transitar na contram�o;Colis�o lateral sentido oposto;Com V�timas Fatais;Plena Noite;Decrescente;C�u Claro;Simples;Reta;N�o;4;1;0;1;1;2;1;4;-12,09473;-45,38656;SPRF-BA;DEL10-BA;UOP01-DEL10-BA;;;
721530;28/09/2025;domingo;17:46:00;MG;381;633,8;OLIVEIRA;Rea��o tardia ou ineficiente do condutor;Colis�o traseira;Com V�timas Feridas;Anoitecer;Decrescente;C�u Claro;Dupla;"Reta;Aclive";N�o;3;0;1;0;2;0;1;2;-20,82900355;-44,80988413;SPRF-MG;DEL04-MG;UOP01-DEL04-MG;;;
721531;28/09/2025;domingo;15:10:00;MG;116;217,3;CATUJI;Rea��o tardia ou ineficiente do condutor;Tombamento;Com V�timas Feridas;Pleno dia;Decrescente;C�u Claro;Simples;Reta;N�o;2;0;1;0;0;1;1;2;-17,386509;-41,52523;SPRF-MG;DEL11-MG;UOP01-DEL11-MG;;;
721550;28/09/2025;domingo;18:50:00;MT;163;21,2;ITIQUIRA;Demais falhas mec�nicas ou el�tricas;Tombamento;Sem V�timas;Plena Noite;Crescente;C�u Claro;Dupla;Reta;N�o;2;0;0;0;1;2;0;3;-17,32918;-54,76006;SPRF-MT;DEL02-MT;UOP03-DEL02-MT;;;
721552;28/09/2025;domingo;18:50:00;SC;158;134,3;PALMITOS;Acessar a via sem observar a presen�a dos outros ve�culos;Colis�o transversal;Sem V�timas;Plena Noite;Crescente;Nublado;Simples;Interse��o de Vias;N�o;3;0;0;0;1;3;0;4;-27,07047304;-53,23020665;SPRF-SC;DEL07-SC;UOP02-DEL07-SC;;;
721562;28/09/2025;domingo;22:51:00;SP;116;401;MIRACATU;Condutor usando celular;Colis�o traseira;Com V�timas Feridas;Plena Noite;Decrescente;Ignorado;Dupla;Reta;Sim;3;0;1;0;1;1;1;3;-24,31270274;-47,51566315;SPRF-SP;DEL04-SP;UOP02-DEL04-SP;;;
721568;28/09/2025;domingo;23:50:00;SC;101;136,8;BALNEARIO CAMBORIU;Ingest�o de �lcool pelo condutor;Colis�o lateral mesmo sentido;Sem V�timas;Plena Noite;Decrescente;Nublado;Dupla;Reta;Sim;3;0;0;0;1;2;0;3;-26,99912799;-48,64647898;SPRF-SC;DEL04-SC;UOP03-DEL04-SC;;;
721572;28/09/2025;domingo;21:25:00;MG;116;770,2;LEOPOLDINA;Velocidade Incompat�vel;Tombamento;Com V�timas Feridas;Plena Noite;Crescente;C�u Claro;Simples;Curva;N�o;2;0;1;0;0;1;1;2;-21,555027;-42,679023;SPRF-MG;DEL07-MG;UOP01-DEL07-MG;;;
721573;29/09/2025;segunda-feira;00:00:00;MT;163;541;DIAMANTINO;Condutor Dormindo;Sa�da de leito carro��vel;Com V�timas Feridas;Plena Noite;Crescente;C�u Claro;Dupla;Reta;N�o;2;0;1;0;0;1;1;2;-14,29632365;-56,14700317;SPRF-MT;DEL01-MT;UOP01-DEL01-MT;;;
721574;28/09/2025;domingo;23:10:00;BA;235;347,2;JUAZEIRO;Transitar na contram�o;Colis�o frontal;Com V�timas Feridas;Plena Noite;Decrescente;C�u Claro;Simples;Reta;Sim;2;0;0;1;1;0;1;2;-9,452149;-40,483592;SPRF-PE;DEL06-PE;UOP01-DEL06-PE;;;
721583;29/09/2025;segunda-feira;02:45:00;RJ;393;274;BARRA DO PIRAI;Velocidade Incompat�vel;Tombamento;Com V�timas Feridas;Plena Noite;Decrescente;C�u Claro;Simples;Curva;N�o;1;0;1;0;0;0;1;1;-22,47473044;-43,99380684;SPRF-RJ;DEL05-RJ;UOP04-DEL05-RJ;;;
721585;29/09/2025;segunda-feira;03:20:00;MG;267;86,3;JUIZ DE FORA;Acessar a via sem observar a presen�a dos outros ve�culos;Colis�o transversal;Com V�timas Feridas;Plena Noite;Crescente;C�u Claro;Simples;"Interse��o de Vias;Curva";Sim;2;0;1;0;1;0;1;2;-21,750293;-43,278802;SPRF-MG;DEL05-MG;UOP01-DEL05-MG;;;
721592;29/09/2025;segunda-feira;04:00:00;MG;381;438,2;SANTA LUZIA;Velocidade Incompat�vel;Colis�o com objeto;Com V�timas Fatais;Plena Noite;Crescente;C�u Claro;Simples;"Curva;Declive";N�o;3;1;0;0;1;1;0;3;-19,816008;-43,803203;SPRF-MG;DEL01-MG;UOP01-DEL01-MG;;;
721596;29/09/2025;segunda-feira;06:00:00;BA;101;169;FEIRA DE SANTANA;Transitar na contram�o;Colis�o frontal;Com V�timas Fatais;Amanhecer;Crescente;Nublado;Simples;Curva;Sim;6;1;0;3;2;0;3;2;-12,3540707;-38,8534325;SPRF-BA;DEL01-BA;UOP03-DEL01-BA;;;
721600;29/09/2025;segunda-feira;05:35:00;MG;50;59;UBERLANDIA;Velocidade Incompat�vel;Colis�o traseira;Com V�timas Feridas;Amanhecer;Crescente;C�u Claro;Dupla;"Aclive;Reta";N�o;3;0;1;0;1;1;1;3;-18,80268375;-48,23937893;SPRF-MG;DEL15-MG;UOP02-DEL15-MG;;;
721602;29/09/2025;segunda-feira;03:40:00;MG;251;259,7;SALINAS;Demais falhas mec�nicas ou el�tricas;Inc�ndio;Sem V�timas;Amanhecer;Crescente;C�u Claro;Simples;"Reta;Aclive";N�o;3;0;0;0;2;3;0;4;-16,01351725;-41,90674782;SPRF-MG;DEL12-MG;UOP02-DEL12-MG;;;
721605;29/09/2025;segunda-feira;06:09:00;ES;101;290;CARIACICA;Acessar a via sem observar a presen�a dos outros ve�culos;Colis�o transversal;Com V�timas Feridas;Pleno dia;Crescente;C�u Claro;Dupla;"Declive;Retorno Regulamentado";Sim;4;0;0;1;1;2;1;4;-20,29395873;-40,39376736;SPRF-ES;DEL01-ES;UOP01-DEL01-ES;;;
721607;20/09/2025;s�bado;13:50:00;MT;364;573,8;NOBRES;Convers�o proibida;Colis�o lateral mesmo sentido;Com V�timas Feridas;Pleno dia;Crescente;Sol;Dupla;"Aclive;Reta";N�o;5;0;1;0;3;2;1;4;-14,631519;-56,271412;SPRF-MT;DEL01-MT;UOP01-DEL01-MT;;;
721609;29/09/2025;segunda-feira;06:45:00;RS;470;228,7;GARIBALDI;Condutor deixou de manter dist�ncia do ve�culo da frente;Colis�o traseira;Com V�timas Feridas;Pleno dia;Crescente;C�u Claro;Simples;Reta;Sim;5;0;1;0;3;1;1;3;-29,267455;-51,499693;SPRF-RS;DEL06-RS;UOP01-DEL06-RS;;;
721611;29/09/2025;segunda-feira;07:15:00;ES;259;58;COLATINA;Transitar na contram�o;Colis�o frontal;Com V�timas Feridas;Pleno dia;Crescente;C�u Claro;M�ltipla;"Reta;Interse��o de Vias;Aclive";Sim;3;0;1;0;2;0;1;3;-19,52219219;-40,66779166;SPRF-ES;DEL02-ES;UOP01-DEL02-ES;;;
721631;29/09/2025;segunda-feira;08:00:00;ES;101;73,3;SAO MATEUS;Manobra de mudan�a de faixa;Tombamento;Com V�timas Feridas;Pleno dia;Crescente;C�u Claro;Simples;Reta;N�o;2;0;1;0;1;0;1;2;-18,773282;-39,870367;SPRF-ES;DEL04-ES;UOP02-DEL04-ES;;;
721641;29/09/2025;segunda-feira;09:50:00;MG;50;42;ARAGUARI;Condutor usando celular;Colis�o traseira;Com V�timas Feridas;Pleno dia;Decrescente;C�u Claro;Dupla;Reta;N�o;5;0;2;0;2;3;2;5;-18,694716;-48,18234;SPRF-MG;DEL15-MG;UOP02-DEL15-MG;;;
721642;18/09/2025;quinta-feira;06:30:00;BA;101;197;CACHOEIRA;Velocidade Incompat�vel;Colis�o lateral sentido oposto;Sem V�timas;Amanhecer;Decrescente;C�u Claro;Simples;Aclive;N�o;2;0;0;0;2;0;0;2;-12,55858486;-38,97777557;SPRF-BA;DEL01-BA;UOP03-DEL01-BA;;;