id;data_inversa;dia_semana;horario;uf;br;km;municipio;causa_acidente;tipo_acidente;classificacao_acidente;fase_dia;sentido_via;condicao_metereologica;tipo_pista;tracado_via;uso_solo;pessoas;mortos;feridos_leves;feridos_graves;ilesos;ignorados;feridos;veiculos;latitude;longitude;regional;delegacia;uop;;;
722536;03/10/2025;sexta-feira;19:10:00;PR;373;234;IMBITUVA;Ultrapassagem Indevida;Sa�da de leito carro��vel;Com V�timas Feridas;Plena Noite;Crescente;Garoa/Chuvisco;Simples;"Curva;Aclive";N�o;3;0;1;0;0;2;1;3;-25,184482;-50,70671;SPRF-PR;DEL03-PR;UOP01-DEL03-PR;;;
722543;03/10/2025;sexta-feira;16:30:00;MG;40;201,9;JOAO PINHEIRO;Condutor deixou de manter dist�ncia do ve�culo da frente;Colis�o traseira;Com V�timas Feridas;Pleno dia;Decrescente;C�u Claro;Simples;Reta;N�o;6;0;3;0;2;1;3;2;-17,96175123;-45,65574646;SPRF-MG;DEL14-MG;UOP02-DEL14-MG;;;
722549;03/10/2025;sexta-feira;20:50:00;PR;277;1,5;PARANAGUA;Entrada inopinada do pedestre;Atropelamento de Pedestre;Com V�timas Feridas;Plena Noite;Crescente;Garoa/Chuvisco;Dupla;Retorno Regulamentado;Sim;3;0;1;0;1;1;1;3;-25,55144598;-48,55182751;SPRF-PR;DEL01-PR;UOP05-DEL01-PR;;;
722551;03/10/2025;sexta-feira;19:00:00;MS;262;395;TERENOS;Aus�ncia de rea��o do condutor;Colis�o traseira;Sem V�timas;Plena Noite;Decrescente;C�u Claro;Simples;"Reta;Aclive";N�o;4;0;0;0;4;0;0;2;-20,424714;-54,974841;SPRF-MS;DEL01-MS;UOP03-DEL01-MS;;;
722553;03/10/2025;sexta-feira;20:50:00;BA;101;714;EUNAPOLIS;Acessar a via sem observar a presen�a dos outros ve�culos;Colis�o transversal;Sem V�timas;Pleno dia;Crescente;Nublado;Simples;Reta;N�o;2;0;0;0;1;1;0;2;-16,3475051;-39,5794923;SPRF-BA;DEL09-BA;UOP01-DEL09-BA;;;
722568;03/10/2025;sexta-feira;18:20:00;RJ;101;83;CAMPOS DOS GOYTACAZES;Problema com o freio;Inc�ndio;Sem V�timas;Plena Noite;Decrescente;C�u Claro;Simples;Reta;N�o;2;0;0;0;1;1;0;2;-21,821346;-41,464565;SPRF-RJ;DEL08-RJ;UOP02-DEL08-RJ;;;
722570;03/10/2025;sexta-feira;16:00:00;MG;251;348;FRUTA DE LEITE;Ultrapassagem Indevida;Colis�o lateral sentido oposto;Sem V�timas;Pleno dia;Decrescente;C�u Claro;Simples;Curva;N�o;3;0;0;0;1;3;0;4;-16,26533;-42,50658;SPRF-MG;DEL12-MG;UOP02-DEL12-MG;;;
722573;03/10/2025;sexta-feira;19:10:00;GO;80;113,9;VILA PROPICIO;Acessar a via sem observar a presen�a dos outros ve�culos;Colis�o transversal;Com V�timas Feridas;Plena Noite;Decrescente;C�u Claro;Simples;"Interse��o de Vias;Reta";N�o;3;0;1;0;1;2;1;4;-15,11619614;-48,83928599;SPRF-GO;DEL07-GO;UOP02-DEL07-GO;;;
722575;03/10/2025;sexta-feira;13:10:00;MG;251;237;SANTA CRUZ DE SALINAS;Aus�ncia de rea��o do condutor;Colis�o traseira;Com V�timas Feridas;Pleno dia;Crescente;C�u Claro;Simples;Reta;N�o;4;0;0;1;2;3;1;6;-15,983356;-41,742503;SPRF-MG;DEL12-MG;UOP02-DEL12-MG;;;
722580;03/10/2025;sexta-feira;18:35:00;MG;365;160;PIRAPORA;Condutor usando celular;Tombamento;Com V�timas Feridas;Anoitecer;Crescente;C�u Claro;Simples;Reta;N�o;2;0;0;1;0;1;1;2;-17,33;-44,897;SPRF-MG;DEL10-MG;UOP02-DEL010-MG;;;
722583;03/10/2025;sexta-feira;19:30:00;PA;153;51,6;SAO DOMINGOS DO ARAGUAIA;Aus�ncia de rea��o do condutor;Colis�o com objeto;Com V�timas Fatais;Plena Noite;Decrescente;Nublado;Simples;Reta;Sim;3;1;0;0;0;4;0;5;-5,574635;-48,728322;SPRF-PA;DEL03-PA;UOP01-DEL03-PA;;;
722584;03/10/2025;sexta-feira;22:40:00;RS;285;121;VACARIA;Rea��o tardia ou ineficiente do condutor;Colis�o lateral mesmo sentido;Com V�timas Feridas;Plena Noite;Crescente;C�u Claro;Dupla;Rotat�ria;Sim;4;0;1;0;2;1;1;3;-28,510168;-50,935973;SPRF-RS;DEL05-RS;UOP03-DEL05-RS;;;
722585;03/10/2025;sexta-feira;21:35:00;MG;262;362;JUATUBA;Aus�ncia de rea��o do condutor;Colis�o traseira;Com V�timas Fatais;Plena Noite;Decrescente;C�u Claro;Dupla;"Reta;Aclive";N�o;3;1;0;0;1;1;0;3;-19,9654981;-44,33380214;SPRF-MG;DEL01-MG;UOP03-DEL01-MG;;;
722586;03/10/2025;sexta-feira;13:00:00;AM;319;480;TAPAUA;Aus�ncia de rea��o do condutor;Colis�o traseira;Com V�timas Fatais;Pleno dia;Decrescente;C�u Claro;Dupla;Reta;N�o;2;1;0;0;1;0;0;2;-6,1537448;-62,616655;SPRF-AM;DEL01-AM;UOP04-DEL01-AM;;;
722588;03/10/2025;sexta-feira;21:50:00;MG;116;530;CARATINGA;Aus�ncia de rea��o do condutor;Engavetamento;Com V�timas Feridas;Plena Noite;Decrescente;Nublado;Simples;Reta;N�o;4;0;1;0;3;0;1;3;-19,80477805;-42,1354866;SPRF-MG;DEL06-MG;UOP02-DEL06-MG;;;
722592;04/10/2025;s�bado;01:00:00;GO;40;104,7;CRISTALINA;Manobra de mudan�a de faixa;Colis�o lateral sentido oposto;Com V�timas Fatais;Plena Noite;Crescente;C�u Claro;Simples;Curva;N�o;6;2;1;0;2;1;1;4;-16,84645793;-47,47740269;SPRF-DF;DEL01-DF;UOP02-DEL01-DF;;;
722596;04/10/2025;s�bado;00:05:00;RJ;116;219;PARACAMBI;Aus�ncia de rea��o do condutor;Colis�o traseira;Com V�timas Feridas;Plena Noite;Crescente;C�u Claro;Dupla;Reta;N�o;4;0;1;0;2;1;1;4;-22,693089;-43,774292;SPRF-RJ;DEL06-RJ;UOP02-DEL06-RJ;;;
722605;18/09/2025;quinta-feira;10:00:00;GO;414;392;CORUMBA DE GOIAS;Acessar a via sem observar a presen�a dos outros ve�culos;Colis�o transversal;Com V�timas Fatais;Pleno dia;Crescente;C�u Claro;Simples;"Rotat�ria;Interse��o de Vias;Declive";Sim;5;1;1;1;1;1;2;3;-15,91847408;-48,80916274;SPRF-GO;DEL02-GO;UOP01-DEL02-GO;;;
722608;04/10/2025;s�bado;03:15:00;PE;316;75;OURICURI;Condutor deixou de manter dist�ncia do ve�culo da frente;Colis�o traseira;Com V�timas Feridas;Plena Noite;Decrescente;C�u Claro;Simples;Reta;N�o;2;0;1;0;0;1;1;2;-7,837687;-40,138643;SPRF-PE;DEL05-PE;UOP02-DEL05-PE;;;
722612;04/10/2025;s�bado;02:42:00;SP;116;565;BARRA DO TURVO;Curva acentuada;Tombamento;Com V�timas Feridas;Plena Noite;Crescente;Garoa/Chuvisco;Simples;"Aclive;Curva";N�o;2;0;1;0;0;1;1;2;-24,92991406;-48,27413768;SPRF-SP;DEL05-SP;UOP02-DEL05-SP;;;
722625;04/10/2025;s�bado;04:23:00;MG;40;336,8;FELIXLANDIA;Condutor Dormindo;Colis�o traseira;Com V�timas Fatais;Plena Noite;Crescente;C�u Claro;Simples;Reta;N�o;4;1;1;0;1;1;1;3;-18,641751;-45,001748;SPRF-MG;DEL14-MG;UOP02-DEL14-MG;;;
722626;04/10/2025;s�bado;06:14:00;SP;116;202;ARUJA;Manobra de mudan�a de faixa;Colis�o lateral mesmo sentido;Com V�timas Feridas;Pleno dia;Decrescente;Sol;Dupla;"Aclive;Reta";N�o;6;0;1;0;5;0;1;2;-23,41195978;-46,35466214;SPRF-SP;DEL01-SP;UOP01-DEL01-SP;;;
722633;25/07/2025;sexta-feira;23:07:00;PA;163;225;NOVO PROGRESSO;Condutor deixou de manter dist�ncia do ve�culo da frente;Engavetamento;Com V�timas Feridas;Plena Noite;Crescente;Nublado;Simples;Reta;Sim;4;0;1;0;2;4;1;7;-7,73391251;-55,20653862;SPRF-PA;DEL05-PA;UOP03-DEL05-PA;;;
722641;04/10/2025;s�bado;06:10:00;RJ;101;331;RIO DE JANEIRO;Aus�ncia de rea��o do condutor;Colis�o traseira;Sem V�timas;Pleno dia;Decrescente;C�u Claro;M�ltipla;Reta;Sim;3;0;0;0;2;1;0;2;-22,86858331;-43,18691254;SPRF-RJ;DEL02-RJ;UOP01-DEL02-RJ;;;
722645;04/10/2025;s�bado;06:50:00;RJ;116;248;PIRAI;Manobra de mudan�a de faixa;Colis�o traseira;Com V�timas Feridas;Pleno dia;Decrescente;C�u Claro;M�ltipla;"Aclive;Curva";N�o;3;0;1;0;1;1;1;3;-22,58408181;-43,96052527;SPRF-RJ;DEL07-RJ;UOP01-DEL07-RJ;;;
722647;12/09/2025;sexta-feira;19:40:00;MT;364;203;RONDONOPOLIS;Aus�ncia de rea��o do condutor;Colis�o traseira;Com V�timas Feridas;Plena Noite;Decrescente;Ignorado;Dupla;"Reta;Declive";Sim;2;0;1;0;1;0;1;2;-16,47166053;-54,65535013;SPRF-MT;DEL02-MT;UOP01-DEL02-MT;;;
722649;30/09/2025;ter�a-feira;15:00:00;PR;153;203;TIBAGI;Carga excessiva e/ou mal acondicionada;Tombamento;Com V�timas Feridas;Pleno dia;Decrescente;Sol;Simples;Rotat�ria;N�o;2;0;1;0;0;1;1;2;-24,50066982;-50,44429488;SPRF-PR;DEL03-PR;UOP02-DEL03-PR;;;
722658;04/10/2025;s�bado;08:30:00;SE;101;119;ITAPORANGA DAJUDA;Aus�ncia de rea��o do condutor;Sa�da de leito carro��vel;Com V�timas Feridas;Pleno dia;Crescente;C�u Claro;Dupla;"Reta;Declive";N�o;1;0;1;0;0;0;1;1;-11,00999543;-37,31021253;SPRF-SE;DEL02-SE;UOP01-DEL02-SE;;;
722663;04/10/2025;s�bado;09:00:00;SC;101;145,1;ITAPEMA;Rea��o tardia ou ineficiente do condutor;Colis�o lateral mesmo sentido;Com V�timas Fatais;Pleno dia;Crescente;Nublado;Dupla;"Aclive;Curva";Sim;2;1;0;0;0;1;0;2;-27,08207751;-48,60206572;SPRF-SC;DEL04-SC;UOP03-DEL04-SC;;;
722664;04/10/2025;s�bado;08:40:00;RJ;393;298;BARRA MANSA;Rea��o tardia ou ineficiente do condutor;Colis�o transversal;Com V�timas Feridas;Pleno dia;Crescente;C�u Claro;Simples;Reta;Sim;3;0;1;0;1;1;1;3;-22,559794;-44,118306;SPRF-RJ;DEL07-RJ;UOP02-DEL07-RJ;;;
722673;04/10/2025;s�bado;11:05:00;MA;316;273,5;BELA VISTA DO MARANHAO;Ultrapassagem Indevida;Capotamento;Com V�timas Feridas;Pleno dia;Decrescente;C�u Claro;Simples;Reta;N�o;2;0;1;0;0;1;1;2;-3,71868;-45,28724;SPRF-MA;DEL02-MA;UOP01-DEL02-MA;;;
722677;04/10/2025;s�bado;10:30:00;PR;116;115;CURITIBA;Acessar a via sem observar a presen�a dos outros ve�culos;Colis�o lateral mesmo sentido;Com V�timas Feridas;Pleno dia;Decrescente;C�u Claro;Dupla;"Interse��o de Vias;Reta";N�o;4;0;1;0;2;1;1;3;-25,5451079;-49,30339901;SPRF-PR;DEL01-PR;UOP03-DEL01-PR;;;
722681;04/10/2025;s�bado;11:00:00;SP;116;474;JACUPIRANGA;Aus�ncia de rea��o do condutor;Sa�da de leito carro��vel;Com V�timas Fatais;Pleno dia;Decrescente;C�u Claro;Dupla;Reta;N�o;1;1;0;0;0;0;0;1;-24,68524214;-47,9877648;SPRF-SP;DEL05-SP;UOP01-DEL05-SP;;;
722689;04/10/2025;s�bado;11:35:00;PR;277;686;SAO MIGUEL DO IGUACU;Manobra de mudan�a de faixa;Colis�o lateral mesmo sentido;Com V�timas Feridas;Pleno dia;Crescente;C�u Claro;Dupla;"Declive;Em Obras";N�o;3;0;1;0;1;1;1;3;-25,33704454;-54,21113491;SPRF-PR;DEL05-PR;UOP01-DEL05-PR;;;
722702;13/09/2025;s�bado;16:00:00;MG;40;112,6;LAGOA GRANDE;Demais falhas mec�nicas ou el�tricas;Inc�ndio;Sem V�timas;Pleno dia;Decrescente;C�u Claro;Simples;Reta;N�o;2;0;0;0;1;3;0;4;-17,64186672;-46,43677488;SPRF-MG;DEL14-MG;UOP01-DEL14-MG;;;
722704;04/10/2025;s�bado;09:45:00;MG;381;425;SABARA;Condutor Dormindo;Colis�o lateral sentido oposto;Com V�timas Feridas;Pleno dia;Decrescente;Nublado;Simples;"Declive;Curva";N�o;3;0;0;2;1;0;2;2;-19,78677903;-43,70039312;SPRF-MG;DEL01-MG;UOP01-DEL01-MG;;;
722708;04/10/2025;s�bado;14:40:00;ES;101;149,6;LINHARES;Acessar a via sem observar a presen�a dos outros ve�culos;Colis�o transversal;Com V�timas Fatais;Pleno dia;Crescente;C�u Claro;Dupla;"Aclive;Curva";Sim;3;1;0;0;1;1;0;3;-19,40590236;-40,06236689;SPRF-ES;DEL04-ES;UOP01-DEL04-ES;;;
722709;04/10/2025;s�bado;14:25:00;ES;101;337;GUARAPARI;Manobra de mudan�a de faixa;Colis�o traseira;Com V�timas Feridas;Pleno dia;Decrescente;C�u Claro;Dupla;Reta;N�o;6;0;2;0;2;2;2;4;-20,638364;-40,543931;SPRF-ES;DEL03-ES;UOP01-DEL03-ES;;;
722722;04/10/2025;s�bado;15:40:00;PA;10;23,9;DOM ELISEU;Ultrapassagem Indevida;Colis�o traseira;Com V�timas Feridas;Pleno dia;Crescente;C�u Claro;Simples;"Aclive;Reta";N�o;4;0;0;2;1;2;2;4;-4,241467;-47,55701;SPRF-PA;DEL02-PA;UOP02-DEL02-PA;;;
722729;04/10/2025;s�bado;12:00:00;MG;381;491;BETIM;Condutor deixou de manter dist�ncia do ve�culo da frente;Colis�o lateral mesmo sentido;Com V�timas Feridas;Pleno dia;Crescente;C�u Claro;Dupla;Reta;Sim;2;0;0;1;0;1;1;2;-19,957571;-44,151911;SPRF-MG;DEL01-MG;UOP03-DEL01-MG;;;
722730;04/10/2025;s�bado;14:50:00;BA;110;21;PAULO AFONSO;Aus�ncia de rea��o do condutor;Tombamento;Com V�timas Feridas;Pleno dia;Crescente;C�u Claro;Simples;Reta;N�o;2;0;1;0;0;1;1;2;-9,624597;-38,221778;SPRF-BA;DEL07-BA;UOP01-DEL07-BA;;;
722731;04/10/2025;s�bado;15:15:00;PR;376;137,8;NOVA ESPERANCA;Acesso irregular;Colis�o frontal;Com V�timas Feridas;Pleno dia;Crescente;Sol;Dupla;"Retorno Regulamentado;Reta";Sim;3;0;0;1;1;3;1;5;-23,21119632;-52,19115257;SPRF-PR;DEL09-PR;UOP02-DEL09-PR;;;
722735;04/10/2025;s�bado;14:26:00;MA;10;142;PORTO FRANCO;Rea��o tardia ou ineficiente do condutor;Tombamento;Com V�timas Feridas;Pleno dia;Crescente;C�u Claro;Simples;Reta;N�o;2;0;1;0;0;2;1;3;-6,477911;-47,392117;SPRF-MA;DEL04-MA;UOP02-DEL04-MA;;;
722736;04/10/2025;s�bado;17:10:00;MG;381;491;BETIM;Aus�ncia de rea��o do condutor;Colis�o lateral mesmo sentido;Com V�timas Feridas;Pleno dia;Crescente;C�u Claro;Dupla;"Aclive;Reta";N�o;3;0;1;0;1;1;1;3;-19,95744057;-44,15170705;SPRF-MG;DEL01-MG;UOP03-DEL01-MG;;;
722739;04/10/2025;s�bado;15:50:00;BA;101;851;ALCOBACA;Demais falhas mec�nicas ou el�tricas;Inc�ndio;Sem V�timas;Pleno dia;Crescente;Nublado;Simples;Reta;N�o;1;0;0;0;1;0;0;1;-17,34606;-39,62956;SPRF-BA;DEL09-BA;UOP02-DEL09-BA;;;
722740;04/10/2025;s�bado;17:00:00;PR;369;430,1;UBIRATA;Ingest�o de �lcool pelo condutor;Colis�o traseira;Sem V�timas;Pleno dia;Crescente;C�u Claro;Simples;"Reta;Aclive";N�o;3;0;0;0;2;1;0;3;-24,55487614;-52,96495764;SPRF-PR;DEL04-PR;UOP03-DEL04-PR;;;
722749;04/10/2025;s�bado;15:25:00;MG;40;35,3;PARACATU;Objeto est�tico sobre o leito carro��vel;Colis�o lateral mesmo sentido;Com V�timas Feridas;Pleno dia;Decrescente;C�u Claro;Simples;Curva;N�o;6;0;0;1;3;2;1;5;-17,19387119;-46,91126108;SPRF-MG;DEL14-MG;UOP01-DEL14-MG;;;
722750;04/10/2025;s�bado;16:05:00;PR;373;476;CORONEL VIVIDA;Velocidade Incompat�vel;Tombamento;Com V�timas Feridas;Pleno dia;Decrescente;Sol;Simples;"Aclive;Curva";N�o;2;0;1;0;0;1;1;2;-25,97816365;-52,5370013;SPRF-PR;DEL02-PR;UOP01-DEL02-PR;;;
722751;04/10/2025;s�bado;17:10:00;GO;153;393,5;JARAGUA;Ultrapassagem Indevida;Colis�o transversal;Com V�timas Feridas;Pleno dia;Crescente;Sol;Simples;Reta;N�o;2;0;0;1;0;1;1;2;-15,774805;-49,306595;SPRF-GO;DEL02-GO;UOP02-DEL02-GO;;;
722757;04/10/2025;s�bado;15:06:00;BA;420;242;LAJE;Velocidade Incompat�vel;Sa�da de leito carro��vel;Com V�timas Feridas;Pleno dia;Crescente;Nublado;Simples;"Ponte;Declive;Curva";Sim;2;0;0;1;0;1;1;2;-13,174555;-39,408283;SPRF-BA;DEL01-BA;UOP02-DEL01-BA;;;
722772;07/08/2025;quinta-feira;21:48:00;PA;163;233;NOVO PROGRESSO;Ultrapassagem Indevida;Colis�o transversal;Sem V�timas;Plena Noite;Crescente;Ignorado;Simples;Reta;N�o;6;0;0;0;0;6;0;2;-7,665;-55,21861;SPRF-PA;DEL05-PA;UOP03-DEL05-PA;;;
722780;04/10/2025;s�bado;19:35:00;PR;153;24,6;JACAREZINHO;Desrespeitar a prefer�ncia no cruzamento;Colis�o transversal;Com V�timas Feridas;Plena Noite;Crescente;C�u Claro;Simples;"Interse��o de Vias;Curva";N�o;7;0;4;0;2;1;4;3;-23,18936802;-49,98590318;SPRF-PR;DEL07-PR;UOP04-DEL07-PR;;;
722789;04/10/2025;s�bado;19:30:00;SC;116;183;SAO CRISTOVAO DO SUL;Aus�ncia de rea��o do condutor;Sa�da de leito carro��vel;Com V�timas Fatais;Plena Noite;Decrescente;C�u Claro;Simples;Reta;N�o;3;1;0;0;1;1;0;3;-27,29029926;-50,43343512;SPRF-SC;DEL05-SC;UOP03-DEL05-SC;;;
722801;04/10/2025;s�bado;19:36:00;PE;101;82;JABOATAO DOS GUARARAPES;Aus�ncia de rea��o do condutor;Colis�o com objeto;Sem V�timas;Plena Noite;Crescente;C�u Claro;Dupla;Curva;Sim;1;0;0;0;0;1;0;1;-8,1709028;-34,9393085;SPRF-PE;DEL01-PE;UOP01-DEL01-PE;;;
722806;02/09/2025;ter�a-feira;23:40:00;MG;116;661,1;SAO FRANCISCO DO GLORIA;Velocidade Incompat�vel;Tombamento;Com V�timas Feridas;Plena Noite;Crescente;C�u Claro;Simples;"Curva;Declive";N�o;2;0;0;1;0;2;1;3;-20,80225636;-42,31316686;SPRF-MG;DEL07-MG;UOP02-DEL07-MG;;;
722809;04/10/2025;s�bado;20:15:00;SP;116;483;CAJATI;Aus�ncia de rea��o do condutor;Colis�o traseira;Com V�timas Feridas;Plena Noite;Crescente;Nublado;Dupla;Reta;N�o;3;0;1;0;1;1;1;3;-24,72177917;-48,07046121;SPRF-SP;DEL05-SP;UOP01-DEL05-SP;;;
722817;04/10/2025;s�bado;20:50:00;GO;60;171;ABADIA DE GOIAS;Rea��o tardia ou ineficiente do condutor;Colis�o transversal;Com V�timas Feridas;Plena Noite;Crescente;C�u Claro;Dupla;"Aclive;Retorno Regulamentado";N�o;3;0;1;0;1;1;1;3;-16,748145;-49,425275;SPRF-GO;DEL01-GO;UOP02-DEL01-GO;;;
722832;04/10/2025;s�bado;22:30:00;ES;101;57;SAO MATEUS;Aus�ncia de rea��o do condutor;Colis�o traseira;Sem V�timas;Plena Noite;Decrescente;Garoa/Chuvisco;Simples;"Reta;Aclive";N�o;3;0;0;0;1;2;0;3;-18,65286386;-39,87227009;SPRF-ES;DEL04-ES;UOP02-DEL04-ES;;;
722833;04/10/2025;s�bado;17:30:00;GO;153;308,4;RIALMA;Aus�ncia de rea��o do condutor;Colis�o traseira;Com V�timas Feridas;Pleno dia;Decrescente;C�u Claro;Simples;Reta;N�o;4;0;1;0;2;1;1;3;-15,37686614;-49,55574023;SPRF-GO;DEL02-GO;UOP02-DEL02-GO;;;
722834;04/10/2025;s�bado;20:55:00;MG;262;67,3;MATIPO;Transitar na contram�o;Colis�o lateral sentido oposto;Com V�timas Feridas;Plena Noite;Crescente;C�u Claro;Simples;Curva;N�o;5;0;2;0;3;0;2;2;-20,30649318;-42,26885319;SPRF-MG;DEL06-MG;UOP03-DEL06-MG;;;
722850;04/10/2025;s�bado;21:50:00;PR;373;427;FOZ DO JORDAO;Transitar na contram�o;Colis�o frontal;Com V�timas Feridas;Plena Noite;Crescente;C�u Claro;Simples;Reta;Sim;2;0;1;1;0;0;2;2;-25,737659;-52,226949;SPRF-PR;DEL08-PR;UOP01-DEL08-PR;;;
722873;05/10/2025;domingo;04:50:00;SE;101;103;SAO CRISTOVAO;Rea��o tardia ou ineficiente do condutor;Colis�o com objeto;Sem V�timas;Amanhecer;Decrescente;Chuva;M�ltipla;Reta;N�o;2;0;0;0;1;1;0;2;-10,95412127;-37,22212879;SPRF-SE;DEL02-SE;UOP01-DEL02-SE;;;
722876;04/10/2025;s�bado;16:15:00;RO;429;125;SAO MIGUEL DO GUAPORE;Objeto est�tico sobre o leito carro��vel;Queda de ocupante de ve�culo;Com V�timas Feridas;Pleno dia;Decrescente;C�u Claro;Simples;Reta;N�o;4;0;2;0;1;1;2;3;-11,75947856;-62,84420013;SPRF-RO;DEL02-RO;UOP03-DEL02-RO;;;
722881;05/10/2025;domingo;05:14:00;RJ;101;153;MACAE;Ingest�o de �lcool pelo condutor;Colis�o frontal;Com V�timas Feridas;Amanhecer;Decrescente;C�u Claro;Simples;Reta;N�o;4;0;1;1;1;3;2;6;-22,2471567;-41,8099467;SPRF-RJ;DEL08-RJ;UOP04-DEL08-RJ;;;
722899;05/10/2025;domingo;06:52:00;RN;405;97,7;ITAU;Aus�ncia de rea��o do condutor;Sa�da de leito carro��vel;Com V�timas Fatais;Pleno dia;Crescente;C�u Claro;Simples;Reta;N�o;2;1;0;0;0;2;0;3;-5,781564;-37,906851;SPRF-RN;DEL04-RN;UOP02-DEL04-RN;;;
722900;01/10/2025;quarta-feira;12:10:00;BA;116;439;FEIRA DE SANTANA;Velocidade Incompat�vel;Tombamento;Com V�timas Feridas;Pleno dia;Crescente;Sol;Dupla;"Declive;Curva";N�o;2;0;0;1;0;1;1;2;-12,33709859;-39,07531142;SPRF-BA;DEL02-BA;UOP01-DEL02-BA;;;
722904;05/10/2025;domingo;06:36:00;BA;242;226;ITABERABA;Rea��o tardia ou ineficiente do condutor;Colis�o traseira;Sem V�timas;Amanhecer;Crescente;Garoa/Chuvisco;Simples;Reta;Sim;3;0;0;0;2;2;0;4;-12,510374;-40,311486;SPRF-BA;DEL06-BA;UOP02-DEL06-BA;;;
722911;14/08/2025;quinta-feira;08:00:00;PR;376;187,3;MARIALVA;Condutor deixou de manter dist�ncia do ve�culo da frente;Engavetamento;Com V�timas Feridas;Pleno dia;Decrescente;C�u Claro;Dupla;Reta;N�o;6;0;1;1;2;2;2;5;-23,4565969;-51,8446318;SPRF-PR;DEL09-PR;UOP01-DEL09-PR;;;
722916;05/10/2025;domingo;06:30:00;MG;116;191,8;CARAI;Condutor deixou de manter dist�ncia do ve�culo da frente;Colis�o traseira;Com V�timas Feridas;Pleno dia;Decrescente;C�u Claro;Simples;Reta;N�o;4;0;0;1;1;2;1;4;-17,17699;-41,495491;SPRF-MG;DEL11-MG;UOP01-DEL11-MG;;;
722922;05/10/2025;domingo;06:50:00;PA;10;317;IRITUIA;Rea��o tardia ou ineficiente do condutor;Sa�da de leito carro��vel;Com V�timas Fatais;Pleno dia;Crescente;C�u Claro;Simples;"Declive;Reta";N�o;4;1;1;0;1;1;1;2;-1,652623;-47,490848;SPRF-PA;DEL01-PA;UOP02-DEL01-PA;;;
722925;05/10/2025;domingo;11:00:00;MG;40;517,7;RIBEIRAO DAS NEVES;Transitar no Acostamento;Colis�o transversal;Com V�timas Feridas;Pleno dia;Crescente;C�u Claro;Dupla;"Reta;Retorno Regulamentado";Sim;3;0;2;0;1;0;2;2;-19,829612;-44,08355;SPRF-MG;DEL01-MG;UOP02-DEL01-MG;;;
722928;05/10/2025;domingo;09:40:00;MG;459;16,9;CALDAS;Velocidade Incompat�vel;Tombamento;Sem V�timas;Pleno dia;Crescente;C�u Claro;Simples;"Curva;Declive";N�o;2;0;0;0;1;3;0;4;-21,840121;-46,441558;SPRF-MG;DEL09-MG;UOP01-DEL09-MG;;;
722931;05/10/2025;domingo;12:35:00;SC;101;25;JOINVILLE;Entrada inopinada do pedestre;Atropelamento de Pedestre;Com V�timas Feridas;Pleno dia;Crescente;Sol;Simples;Reta;N�o;4;0;0;1;2;1;1;3;-26,18226467;-48,90958786;SPRF-SC;DEL03-SC;UOP01-DEL03-SC;;;
722942;05/10/2025;domingo;13:10:00;ES;101;255,4;SERRA;Condutor deixou de manter dist�ncia do ve�culo da frente;Colis�o traseira;Com V�timas Feridas;Pleno dia;Crescente;Nublado;Simples;Reta;Sim;4;0;2;0;1;1;2;3;-20,11733;-40,31448833;SPRF-ES;DEL02-ES;UOP01-DEL02-ES;;;
722946;19/09/2025;sexta-feira;17:30:00;SC;282;395,4;JOACABA;Demais falhas mec�nicas ou el�tricas;Colis�o traseira;Com V�timas Feridas;Pleno dia;Crescente;Sol;Simples;Aclive;N�o;4;0;2;0;1;1;2;3;-27,15653;-51,59539;SPRF-SC;DEL07-SC;UOP05-DEL07-SC;;;
722947;05/10/2025;domingo;14:00:00;MG;381;934,8;EXTREMA;Velocidade Incompat�vel;Derramamento de carga;Com V�timas Feridas;Pleno dia;Decrescente;Sol;Dupla;"Declive;Curva";N�o;3;0;1;0;0;2;1;3;-22,800004;-46,261503;SPRF-MG;DEL16-MG;UOP03-DEL16-MG;;;
722953;05/10/2025;domingo;09:10:00;MG;116;21,2;CACHOEIRA DE PAJEU;Chuva;Colis�o frontal;Com V�timas Feridas;Pleno dia;Crescente;Nevoeiro/Neblina;Simples;Curva;N�o;3;0;1;1;0;1;2;3;-15,850157;-41,412977;SPRF-BA;DEL08-BA;UOP03-DEL08-BA;;;
722976;05/10/2025;domingo;14:30:00;BA;116;294;TUCANO;Aus�ncia de rea��o do condutor;Colis�o lateral sentido oposto;Com V�timas Feridas;Pleno dia;Crescente;C�u Claro;Simples;Reta;N�o;3;0;1;0;1;1;1;3;-11,13078;-38,838597;SPRF-BA;DEL07-BA;UOP02-DEL07-BA;;;
722992;05/10/2025;domingo;18:00:00;ES;262;95;VENDA NOVA DO IMIGRANTE;Acessar a via sem observar a presen�a dos outros ve�culos;Colis�o frontal;Com V�timas Feridas;Plena Noite;Crescente;Nublado;Simples;"Aclive;Curva";N�o;2;0;0;1;1;0;1;2;-20,33278103;-41,20503783;SPRF-ES;DEL01-ES;UOP02-DEL01-ES;;;
722999;05/10/2025;domingo;17:24:00;MT;163;885;CLAUDIA;Ultrapassagem Indevida;Colis�o lateral mesmo sentido;Com V�timas Feridas;Anoitecer;Crescente;C�u Claro;Simples;Reta;N�o;3;0;0;1;1;3;1;5;-11,43505;-55,35571;SPRF-MT;DEL06-MT;UOP02-DEL06-MT;;;