id;data_inversa;dia_semana;horario;uf;br;km;municipio;causa_acidente;tipo_acidente;classificacao_acidente;fase_dia;sentido_via;condicao_metereologica;tipo_pista;tracado_via;uso_solo;pessoas;mortos;feridos_leves;feridos_graves;ilesos;ignorados;feridos;veiculos;latitude;longitude;regional;delegacia;uop;;;
723411;07/10/2025;ter�a-feira;12:00:00;RS;470;23;BARRACAO;Rea��o tardia ou ineficiente do condutor;Sa�da de leito carro��vel;Com V�timas Feridas;Pleno dia;Decrescente;Nublado;Simples;Reta;N�o;1;0;1;0;0;0;1;1;-27,79943646;-51,43828332;SPRF-RS;DEL08-RS;UOP05-DEL08-RS;;;
723412;07/10/2025;ter�a-feira;15:50:00;PR;369;99;CORNELIO PROCOPIO;Chuva;Colis�o com objeto;Com V�timas Feridas;Pleno dia;Decrescente;Garoa/Chuvisco;Dupla;Curva;N�o;1;0;1;0;0;0;1;1;-23,24198149;-50,70778219;SPRF-PR;DEL07-PR;UOP05-DEL07-PR;;;
723417;07/10/2025;ter�a-feira;16:20:00;SC;101;115,5;ITAJAI;Transitar na cal�ada;Colis�o lateral sentido oposto;Com V�timas Feridas;Pleno dia;Crescente;Nublado;Dupla;Reta;N�o;3;0;0;1;1;1;1;3;-26,87613682;-48,72753795;SPRF-SC;DEL04-SC;UOP04-DEL04-SC;;;
723423;07/10/2025;ter�a-feira;15:40:00;PR;376;72,5;GUAIRACA;Rea��o tardia ou ineficiente do condutor;Colis�o traseira;Com V�timas Feridas;Pleno dia;Crescente;C�u Claro;Simples;"Declive;Curva";N�o;4;0;0;1;2;1;1;3;-22,9386595;-52,732588;SPRF-PR;DEL09-PR;UOP02-DEL09-PR;;;
723424;07/10/2025;ter�a-feira;12:26:00;MT;163;604;NOVA MUTUM;Manobra de mudan�a de faixa;Colis�o lateral mesmo sentido;Com V�timas Feridas;Pleno dia;Decrescente;C�u Claro;Dupla;Reta;N�o;3;0;1;0;1;3;1;5;-13,769688;-56,056741;SPRF-MT;DEL01-MT;UOP01-DEL01-MT;;;
723425;07/10/2025;ter�a-feira;15:00:00;SP;116;138,9;SAO JOSE DOS CAMPOS;Demais falhas mec�nicas ou el�tricas;Eventos at�picos;Com V�timas Feridas;Pleno dia;Decrescente;C�u Claro;Dupla;Reta;Sim;2;0;1;0;1;0;1;2;-23,16123311;-45,80332164;SPRF-SP;DEL02-SP;UOP01-DEL02-SP;;;
723429;05/10/2025;domingo;07:00:00;BA;101;625;MASCOTE;Demais falhas mec�nicas ou el�tricas;Inc�ndio;Sem V�timas;Pleno dia;Crescente;C�u Claro;Simples;Reta;N�o;1;0;0;0;1;0;0;1;-15,69;-39,438;SPRF-BA;DEL05-BA;UOP02-DEL05-BA;;;
723431;07/10/2025;ter�a-feira;16:00:00;SP;116;545;BARRA DO TURVO;Aus�ncia de rea��o do condutor;Sa�da de leito carro��vel;Com V�timas Feridas;Pleno dia;Crescente;Chuva;Simples;Curva;N�o;3;0;2;0;0;1;2;2;-24,95680255;-48,42224121;SPRF-SP;DEL05-SP;UOP02-DEL05-SP;;;
723440;07/10/2025;ter�a-feira;18:15:00;MG;40;547;NOVA LIMA;Velocidade Incompat�vel;Queda de ocupante de ve�culo;Com V�timas Feridas;Anoitecer;Decrescente;C�u Claro;Dupla;"Declive;Reta";N�o;2;0;1;0;1;0;1;2;-20,0819219;-43,9793653;SPRF-MG;DEL01-MG;UOP02-DEL01-MG;;;
723443;25/08/2025;segunda-feira;11:00:00;MG;50;53;ARAGUARI;Condutor Dormindo;Sa�da de leito carro��vel;Com V�timas Feridas;Pleno dia;Decrescente;C�u Claro;Dupla;"Reta;Aclive";N�o;1;0;0;1;0;0;1;1;-18,768185;-48,24547;SPRF-MG;DEL15-MG;UOP02-DEL15-MG;;;
723444;07/10/2025;ter�a-feira;17:25:00;RJ;116;169;RIO DE JANEIRO;Condutor deixou de manter dist�ncia do ve�culo da frente;Colis�o lateral mesmo sentido;Com V�timas Feridas;Anoitecer;Crescente;Garoa/Chuvisco;M�ltipla;Reta;N�o;4;0;1;0;2;1;1;4;-22,81434045;-43,32754612;SPRF-RJ;DEL06-RJ;UOP01-DEL06-RJ;;;
723446;03/10/2025;sexta-feira;19:00:00;PI;316;3,7;TERESINA;Aus�ncia de rea��o do condutor;Colis�o com objeto;Com V�timas Feridas;Plena Noite;Decrescente;C�u Claro;M�ltipla;"Declive;Reta";Sim;2;0;1;0;1;0;1;2;-5,134424;-42,790098;SPRF-PI;DEL01-PI;UOP02-DEL01-PI;;;
723452;07/10/2025;ter�a-feira;16:00:00;PA;163;936;BELTERRA;Avarias e/ou desgaste excessivo no pneu;Capotamento;Com V�timas Feridas;Pleno dia;Decrescente;Sol;Simples;Curva;N�o;2;0;1;0;0;2;1;3;-2,915866;-54,9253766;SPRF-PA;DEL05-PA;UOP01-DEL05-PA;;;
723453;07/10/2025;ter�a-feira;18:15:00;MG;116;417,2;GOVERNADOR VALADARES;Acessar a via sem observar a presen�a dos outros ve�culos;Colis�o transversal;Com V�timas Feridas;Plena Noite;Decrescente;Ignorado;Simples;Curva;Sim;2;0;0;1;1;0;1;2;-18,90469928;-41,9430998;SPRF-MG;DEL06-MG;UOP01-DEL06-MG;;;
723460;07/10/2025;ter�a-feira;18:30:00;RJ;493;22;MAGE;Condutor deixou de manter dist�ncia do ve�culo da frente;Colis�o traseira;Com V�timas Feridas;Plena Noite;Crescente;C�u Claro;Simples;Reta;N�o;4;0;1;0;2;1;1;3;-22,65707645;-43,06389638;SPRF-RJ;DEL04-RJ;UOP02-DEL04-RJ;;;
723467;07/10/2025;ter�a-feira;17:20:00;RJ;101;228,5;SILVA JARDIM;Demais falhas mec�nicas ou el�tricas;Sa�da de leito carro��vel;Com V�timas Feridas;Pleno dia;Decrescente;C�u Claro;Dupla;Curva;N�o;3;0;1;0;0;2;1;3;-22,5646;-42,362;SPRF-RJ;DEL02-RJ;UOP03-DEL02-RJ;;;
723469;07/10/2025;ter�a-feira;18:10:00;PI;343;291;ALTOS;Rea��o tardia ou ineficiente do condutor;Colis�o transversal;Com V�timas Feridas;Plena Noite;Crescente;C�u Claro;Simples;Curva;N�o;3;0;1;0;2;0;1;3;-4,95053917;-42,34844685;SPRF-PI;DEL01-PI;UOP03-DEL01-PI;;;
723476;07/10/2025;ter�a-feira;19:30:00;RS;392;143,5;CANGUCU;Demais falhas mec�nicas ou el�tricas;Inc�ndio;Sem V�timas;Plena Noite;Crescente;C�u Claro;Simples;Reta;N�o;2;0;0;0;1;1;0;2;-31,19955982;-52,83018351;SPRF-RS;DEL07-RS;UOP01-DEL07-RS;;;
723480;07/10/2025;ter�a-feira;17:15:00;MG;262;438,1;NOVA SERRANA;Avarias e/ou desgaste excessivo no pneu;Colis�o com objeto;Com V�timas Feridas;Pleno dia;Decrescente;Sol;M�ltipla;Reta;Sim;3;0;1;0;1;1;1;3;-19,87126;-44,97726;SPRF-MG;DEL08-MG;UOP03-DEL08-MG;;;
723486;07/10/2025;ter�a-feira;18:40:00;SE;235;56,5;ITABAIANA;Ingest�o de �lcool pelo condutor;Colis�o frontal;Sem V�timas;Plena Noite;Crescente;C�u Claro;Simples;Reta;Sim;2;0;0;0;2;0;0;2;-10,65411777;-37,44985554;SPRF-SE;DEL01-SE;UOP02-DEL01-SE;;;
723494;07/10/2025;ter�a-feira;17:00:00;ES;393;37;MUQUI;Velocidade Incompat�vel;Colis�o frontal;Com V�timas Feridas;Plena Noite;Crescente;Garoa/Chuvisco;Simples;Reta;N�o;3;0;0;1;0;2;1;2;-20,94204193;-41,34681707;SPRF-ES;DEL03-ES;UOP02-DEL03-ES;;;
723497;07/10/2025;ter�a-feira;19:18:00;MT;163;108,8;RONDONOPOLIS;Rea��o tardia ou ineficiente do condutor;Colis�o com objeto;Com V�timas Feridas;Plena Noite;Decrescente;C�u Claro;Simples;Reta;N�o;2;0;1;0;0;2;1;3;-16,58;-54,68777778;SPRF-MT;DEL02-MT;UOP01-DEL02-MT;;;
723498;07/10/2025;ter�a-feira;15:00:00;PR;163;160;LINDOESTE;Velocidade Incompat�vel;Engavetamento;Com V�timas Fatais;Pleno dia;Decrescente;C�u Claro;Dupla;"Curva;Declive";N�o;11;1;6;0;3;7;6;14;-25,32144449;-53,59225249;SPRF-PR;DEL05-PR;UOP05-DEL05-PR;;;
723499;07/10/2025;ter�a-feira;21:45:00;SC;101;48,9;JOINVILLE;Manobra de mudan�a de faixa;Colis�o lateral mesmo sentido;Com V�timas Feridas;Plena Noite;Decrescente;Nublado;M�ltipla;Curva;N�o;4;0;2;0;1;1;2;3;-26,37927727;-48,85130279;SPRF-SC;DEL03-SC;UOP01-DEL03-SC;;;
723504;07/10/2025;ter�a-feira;22:50:00;BA;324;607;SIMOES FILHO;Demais falhas mec�nicas ou el�tricas;Inc�ndio;Sem V�timas;Plena Noite;Decrescente;C�u Claro;Dupla;"Declive;Reta";N�o;2;0;0;0;1;1;0;2;-12,7966778;-38,3973817;SPRF-BA;DEL01-BA;UOP01-DEL01-BA;;;
723505;07/10/2025;ter�a-feira;20:10:00;PR;476;242;LAPA;Aus�ncia de rea��o do condutor;Sa�da de leito carro��vel;Com V�timas Feridas;Plena Noite;Crescente;Chuva;Simples;Curva;N�o;3;0;2;0;0;1;2;2;-25,88752728;-49,97367382;SPRF-PR;DEL02-PR;UOP03-DEL02-PR;;;
723508;07/10/2025;ter�a-feira;18:50:00;SP;153;265,4;MARILIA;Problema com o freio;Sa�da de leito carro��vel;Com V�timas Feridas;Plena Noite;Crescente;C�u Claro;Simples;Curva;N�o;1;0;1;0;0;0;1;1;-22,312361;-49,898573;SPRF-SP;DEL07-SP;UOP02-DEL07-SP;;;
723513;08/10/2025;quarta-feira;02:15:00;ES;101;417;CACHOEIRO DE ITAPEMIRIM;Condutor Dormindo;Sa�da de leito carro��vel;Com V�timas Feridas;Plena Noite;Crescente;Nublado;Simples;Reta;N�o;1;0;0;1;0;0;1;1;-20,93322397;-41,08028412;SPRF-ES;DEL03-ES;UOP02-DEL03-ES;;;
723515;07/10/2025;ter�a-feira;19:30:00;MT;174;542;COMODORO;Aus�ncia de rea��o do condutor;Colis�o traseira;Com V�timas Fatais;Plena Noite;Crescente;C�u Claro;Simples;"Aclive;Reta";N�o;3;2;0;0;0;1;0;2;-13,18750225;-59,8686862;SPRF-MT;DEL04-MT;UOP02-DEL04-MT;;;
723519;08/10/2025;quarta-feira;04:50:00;MG;153;140,3;COMENDADOR GOMES;Demais falhas mec�nicas ou el�tricas;Inc�ndio;Sem V�timas;Amanhecer;Decrescente;C�u Claro;Simples;Reta;N�o;2;0;0;0;1;1;0;2;-19,77920778;-48,96487355;SPRF-MG;DEL15-MG;UOP03-DEL15-MG;;;
723523;08/10/2025;quarta-feira;05:50:00;MG;381;847,8;SAO SEBASTIAO DA BELA VISTA;Condutor Dormindo;Sa�da de leito carro��vel;Com V�timas Feridas;Amanhecer;Crescente;Nublado;Dupla;Reta;N�o;4;0;1;0;2;1;1;3;-22,20483;-45,86259;SPRF-MG;DEL16-MG;UOP01-DEL16-MG;;;
723533;07/10/2025;ter�a-feira;21:00:00;RO;364;514;ARIQUEMES;Entrada inopinada do pedestre;Atropelamento de Pedestre;Com V�timas Feridas;Plena Noite;Crescente;Nublado;Simples;Reta;Sim;2;0;1;0;1;0;1;2;-9,92673081;-63,05484935;SPRF-RO;DEL03-RO;UOP01-DEL03-RO;;;
723534;08/10/2025;quarta-feira;04:20:00;PA;10;214;IPIXUNA DO PARA;Demais falhas mec�nicas ou el�tricas;Inc�ndio;Sem V�timas;Plena Noite;Decrescente;C�u Claro;Simples;"Declive;Reta";N�o;1;0;0;0;1;0;0;1;-2,55308027;-47,49496955;SPRF-PA;DEL02-PA;UOP01-DEL02-PA;;;
723535;07/10/2025;ter�a-feira;22:20:00;PR;376;459;PONTA GROSSA;Rea��o tardia ou ineficiente do condutor;Colis�o traseira;Sem V�timas;Plena Noite;Crescente;Chuva;Dupla;"Aclive;Reta";N�o;3;0;0;0;2;2;0;4;-24,97789262;-50,37558809;SPRF-PR;DEL03-PR;UOP01-DEL03-PR;;;
723541;08/10/2025;quarta-feira;07:04:00;RN;427;55,4;JARDIM DO SERIDO;Acessar a via sem observar a presen�a dos outros ve�culos;Colis�o frontal;Com V�timas Feridas;Pleno dia;Decrescente;C�u Claro;Simples;Reta;Sim;2;0;0;1;1;0;1;2;-6,59606123;-36,78050995;SPRF-RN;DEL03-RN;UOP01-DEL03-RN;;;
723550;08/10/2025;quarta-feira;07:35:00;PR;476;115;COLOMBO;Aus�ncia de rea��o do condutor;Colis�o transversal;Com V�timas Feridas;Pleno dia;Crescente;Chuva;Simples;Retorno Regulamentado;Sim;2;0;1;0;1;0;1;2;-25,34298;-49,158;SPRF-PR;DEL01-PR;UOP01-DEL01-PR;;;
723555;08/10/2025;quarta-feira;06:00:00;PB;230;142;MASSARANDUBA;Aus�ncia de rea��o do condutor;Colis�o traseira;Com V�timas Feridas;Pleno dia;Crescente;C�u Claro;Dupla;Aclive;N�o;4;0;2;0;1;2;2;4;-7,254815;-35,82743;SPRF-PB;DEL02-PB;UOP01-DEL02-PB;;;
723557;08/10/2025;quarta-feira;06:00:00;PR;476;297,5;SAO MATEUS DO SUL;Condutor Dormindo;Tombamento;Sem V�timas;Amanhecer;Crescente;Chuva;Simples;"Reta;Ponte";N�o;1;0;0;0;1;0;0;1;-25,96899591;-50,53740676;SPRF-PR;DEL02-PR;UOP03-DEL02-PR;;;
723558;08/10/2025;quarta-feira;09:30:00;RJ;40;124;RIO DE JANEIRO;Manobra de mudan�a de faixa;Colis�o transversal;Com V�timas Feridas;Pleno dia;Crescente;Nublado;M�ltipla;Reta;N�o;2;0;1;0;1;0;1;2;-22,8136;-43,3017;SPRF-RJ;DEL01-RJ;UOP02-DEL01-RJ;;;
723559;08/10/2025;quarta-feira;09:40:00;PB;101;43;MAMANGUAPE;Rea��o tardia ou ineficiente do condutor;Colis�o traseira;Com V�timas Feridas;Pleno dia;Crescente;C�u Claro;Dupla;Reta;N�o;2;0;1;0;0;1;1;2;-6,865033;-35,1335;SPRF-PB;DEL01-PB;UOP03-DEL01-PB;;;
723566;08/10/2025;quarta-feira;08:10:00;MS;262;529,5;AQUIDAUANA;Ingest�o de �lcool pelo condutor;Colis�o lateral sentido oposto;Sem V�timas;Pleno dia;Crescente;C�u Claro;Simples;Reta;N�o;3;0;0;0;2;4;0;6;-20,3535;-56,1317;SPRF-MS;DEL03-MS;UOP02-DEL03-MS;;;
723567;08/10/2025;quarta-feira;08:15:00;SC;101;103,5;BALNEARIO PICARRAS;Rea��o tardia ou ineficiente do condutor;Colis�o traseira;Com V�timas Feridas;Pleno dia;Crescente;Nublado;Dupla;Reta;N�o;3;0;0;1;1;1;1;3;-26,78558918;-48,68251054;SPRF-SC;DEL03-SC;UOP02-DEL03-SC;;;
723572;08/10/2025;quarta-feira;10:00:00;MG;40;522,3;CONTAGEM;Ultrapassagem Indevida;Colis�o lateral mesmo sentido;Com V�timas Fatais;Pleno dia;Decrescente;Sol;Dupla;"Declive;Curva";N�o;4;1;0;0;2;1;0;3;-19,866137;-44,064863;SPRF-MG;DEL01-MG;UOP02-DEL01-MG;;;
723575;08/10/2025;quarta-feira;11:00:00;SC;101;208,3;SAO JOSE;Condutor deixou de manter dist�ncia do ve�culo da frente;Colis�o traseira;Com V�timas Feridas;Pleno dia;Decrescente;C�u Claro;Simples;"Viaduto;Reta";Sim;2;0;1;0;1;0;1;2;-27,60481;-48,63529;SPRF-SC;DEL01-SC;UOP01-DEL01-SC;;;
723580;08/10/2025;quarta-feira;11:00:00;SP;153;221;MARILIA;Manobra de mudan�a de faixa;Colis�o lateral sentido oposto;Com V�timas Feridas;Pleno dia;Decrescente;Nublado;Simples;Reta;N�o;3;0;1;0;1;2;1;4;-22,0082327;-49,9104274;SPRF-SP;DEL07-SP;UOP02-DEL07-SP;;;
723581;08/10/2025;quarta-feira;11:30:00;RJ;101;114;CAMPOS DOS GOYTACAZES;Demais falhas mec�nicas ou el�tricas;Inc�ndio;Sem V�timas;Pleno dia;Decrescente;Nublado;Dupla;Reta;N�o;1;0;0;0;1;0;0;1;-22,0214281;-41,68717;SPRF-RJ;DEL08-RJ;UOP02-DEL08-RJ;;;
723583;08/10/2025;quarta-feira;10:30:00;MS;163;348;RIO BRILHANTE;Rea��o tardia ou ineficiente do condutor;Sa�da de leito carro��vel;Com V�timas Feridas;Pleno dia;Crescente;C�u Claro;Simples;Reta;N�o;2;0;1;0;0;3;1;4;-21,60137;-54,43729;SPRF-MS;DEL02-MS;UOP02-DEL02-MS;;;
723584;08/10/2025;quarta-feira;12:40:00;RS;153;417;CACHOEIRA DO SUL;Aus�ncia de rea��o do condutor;Colis�o com objeto;Sem V�timas;Pleno dia;Decrescente;C�u Claro;Simples;Reta;N�o;2;0;0;0;1;2;0;3;-30,09404881;-52,86758423;SPRF-RS;DEL02-RS;UOP03-DEL02-RS;;;
723588;30/09/2025;ter�a-feira;19:45:00;PR;116;93;SAO JOSE DOS PINHAIS;Aus�ncia de rea��o do condutor;Colis�o lateral mesmo sentido;Com V�timas Feridas;Plena Noite;Decrescente;Chuva;Dupla;Reta;N�o;2;0;1;0;0;1;1;2;-25,513085;-49,129054;SPRF-PR;DEL01-PR;UOP07-DEL01-PR;;;
723593;08/10/2025;quarta-feira;09:20:00;RJ;116;330;ITATIAIA;Demais falhas mec�nicas ou el�tricas;Inc�ndio;Sem V�timas;Pleno dia;Decrescente;C�u Claro;M�ltipla;Curva;N�o;1;0;0;0;1;0;0;1;-22,504443;-44,624578;SPRF-RJ;DEL07-RJ;UOP02-DEL07-RJ;;;
723594;08/10/2025;quarta-feira;12:50:00;PB;101;84,9;BAYEUX;Transtornos Mentais (exceto suicidio);Colis�o frontal;Com V�timas Feridas;Pleno dia;Decrescente;C�u Claro;Dupla;Reta;Sim;2;0;0;1;1;0;1;2;-7,1436833;-34,9178347;SPRF-PB;DEL01-PB;UOP01-DEL01-PB;;;
723595;08/10/2025;quarta-feira;10:45:00;RJ;101;423;MANGARATIBA;Avarias e/ou desgaste excessivo no pneu;Sa�da de leito carro��vel;Com V�timas Feridas;Pleno dia;Crescente;Chuva;Simples;Curva;N�o;2;0;1;0;1;0;1;1;-22,9238915;-43,95745754;SPRF-RJ;DEL03-RJ;UOP02-DEL03-RJ;;;
723597;25/08/2025;segunda-feira;22:45:00;GO;414;426,4;ABADIANIA;Acessar a via sem observar a presen�a dos outros ve�culos;Colis�o transversal;Com V�timas Fatais;Plena Noite;Crescente;C�u Claro;Simples;"Declive;Reta";N�o;5;4;0;0;1;0;0;2;-16,16905901;-48,89759872;SPRF-GO;DEL02-GO;UOP01-DEL02-GO;;;
723602;08/10/2025;quarta-feira;13:40:00;MG;364;26,7;FRUTAL;Aus�ncia de rea��o do condutor;Colis�o traseira;Com V�timas Feridas;Pleno dia;Decrescente;C�u Claro;Simples;Reta;N�o;3;0;1;0;2;0;1;2;-20,02953;-48,88578;SPRF-MG;DEL13-MG;UOP02-DEL13-MG;;;
723607;07/10/2025;ter�a-feira;15:30:00;MG;153;187;FRUTAL;Acessar a via sem observar a presen�a dos outros ve�culos;Colis�o transversal;Com V�timas Feridas;Pleno dia;Crescente;Chuva;Simples;Curva;N�o;2;0;0;1;1;0;1;2;-19,855523;-48,962197;SPRF-MG;DEL13-MG;UOP02-DEL13-MG;;;
723608;08/10/2025;quarta-feira;11:50:00;SC;282;258;SAO JOSE DO CERRITO;Aus�ncia de rea��o do condutor;Sa�da de leito carro��vel;Com V�timas Feridas;Pleno dia;Decrescente;C�u Claro;Simples;"Curva;Declive";N�o;1;0;0;1;0;0;1;1;-27,65631;-50,596488;SPRF-SC;DEL05-SC;UOP02-DEL05-SC;;;
723610;08/10/2025;quarta-feira;14:30:00;MG;381;490;BETIM;Aus�ncia de rea��o do condutor;Colis�o traseira;Com V�timas Feridas;Pleno dia;Crescente;C�u Claro;M�ltipla;Reta;Sim;3;0;1;0;1;1;1;3;-19,9559785;-44,14729206;SPRF-MG;DEL01-MG;UOP03-DEL01-MG;;;
723613;08/10/2025;quarta-feira;13:30:00;BA;116;917;ENCRUZILHADA;Condutor deixou de manter dist�ncia do ve�culo da frente;Sa�da de leito carro��vel;Com V�timas Feridas;Pleno dia;Crescente;C�u Claro;Simples;Reta;N�o;2;0;1;0;0;1;1;2;-15,57077;-41,2707;SPRF-BA;DEL08-BA;UOP03-DEL08-BA;;;
723614;08/10/2025;quarta-feira;10:45:00;MT;163;642;NOVA MUTUM;Rea��o tardia ou ineficiente do condutor;Sa�da de leito carro��vel;Com V�timas Feridas;Pleno dia;Crescente;C�u Claro;Dupla;"Em Obras;Reta";N�o;3;0;2;0;0;1;2;2;-13,51917292;-56,0357666;SPRF-MT;DEL01-MT;UOP01-DEL01-MT;;;
723616;08/10/2025;quarta-feira;14:00:00;MG;381;448;BELO HORIZONTE;Condutor deixou de manter dist�ncia do ve�culo da frente;Colis�o lateral mesmo sentido;Com V�timas Feridas;Pleno dia;Decrescente;C�u Claro;Simples;Reta;N�o;5;0;0;2;2;2;2;5;-19,84002885;-43,87639046;SPRF-MG;DEL01-MG;UOP01-DEL01-MG;;;
723619;08/10/2025;quarta-feira;12:10:00;RJ;40;81;PETROPOLIS;Demais falhas mec�nicas ou el�tricas;Inc�ndio;Sem V�timas;Pleno dia;Decrescente;Chuva;M�ltipla;Reta;Sim;2;0;0;0;2;0;0;1;-22,52953838;-43,22125403;SPRF-RJ;DEL01-RJ;UOP01-DEL01-RJ;;;
723623;08/10/2025;quarta-feira;16:20:00;MG;40;739;SANTOS DUMONT;Velocidade Incompat�vel;Tombamento;Com V�timas Feridas;Pleno dia;Decrescente;Nublado;Simples;Curva;N�o;2;0;1;0;0;1;1;2;-21,427125;-43,556358;SPRF-MG;DEL05-MG;UOP01-DEL05-MG;;;
723625;08/10/2025;quarta-feira;16:00:00;PR;116;126;FAZENDA RIO GRANDE;Rea��o tardia ou ineficiente do condutor;Colis�o traseira;Com V�timas Feridas;Pleno dia;Crescente;Chuva;Dupla;Reta;Sim;6;0;3;0;2;1;3;3;-25,6407473;-49,31302277;SPRF-PR;DEL01-PR;UOP03-DEL01-PR;;;
723626;08/10/2025;quarta-feira;16:20:00;ES;101;212;IBIRACU;Acessar a via sem observar a presen�a dos outros ve�culos;Colis�o transversal;Com V�timas Feridas;Pleno dia;Crescente;C�u Claro;Simples;Reta;Sim;2;0;1;0;1;0;1;2;-19,820575;-40,368742;SPRF-ES;DEL02-ES;UOP01-DEL02-ES;;;
723628;08/10/2025;quarta-feira;16:20:00;MG;40;550,4;NOVA LIMA;Manobra de mudan�a de faixa;Colis�o lateral mesmo sentido;Com V�timas Feridas;Pleno dia;Crescente;C�u Claro;Dupla;Reta;N�o;2;0;1;0;1;0;1;2;-20,053162;-43,969959;SPRF-MG;DEL01-MG;UOP02-DEL01-MG;;;
723637;08/10/2025;quarta-feira;14:40:00;MS;262;504;ANASTACIO;Frear bruscamente;Colis�o traseira;Com V�timas Feridas;Pleno dia;Crescente;C�u Claro;Simples;Reta;N�o;3;0;1;0;1;3;1;5;-20,487142;-55,946587;SPRF-MS;DEL03-MS;UOP01-DEL03-MS;;;
723644;08/10/2025;quarta-feira;17:55:00;PR;376;112,9;ALTO PARANA;Transitar na contram�o;Colis�o frontal;Sem V�timas;Pleno dia;Decrescente;Nublado;Dupla;Curva;N�o;3;0;0;0;2;1;0;3;-23,09291045;-52,3858373;SPRF-PR;DEL09-PR;UOP02-DEL09-PR;;;
723648;08/10/2025;quarta-feira;17:26:00;GO;153;603,8;MORRINHOS;Rea��o tardia ou ineficiente do condutor;Tombamento;Com V�timas Feridas;Pleno dia;Decrescente;Chuva;Dupla;"Reta;Aclive";N�o;3;0;1;0;1;1;1;3;-17,577194;-49,197531;SPRF-GO;DEL03-GO;UOP01-DEL03-GO;;;
723655;08/10/2025;quarta-feira;17:10:00;PR;476;325,5;PAULO FRONTIN;Acesso irregular;Colis�o transversal;Com V�timas Feridas;Pleno dia;Crescente;Chuva;Simples;Interse��o de Vias;Sim;3;0;1;0;1;1;1;3;-26,0935143;-50,7746094;SPRF-PR;DEL02-PR;UOP03-DEL02-PR;;;
723658;08/10/2025;quarta-feira;17:10:00;PR;376;456,7;PONTA GROSSA;Chuva;Colis�o traseira;Com V�timas Feridas;Pleno dia;Crescente;Chuva;Dupla;"Declive;Curva";N�o;2;0;1;0;1;0;1;2;-24,981802;-50,372389;SPRF-PR;DEL03-PR;UOP02-DEL03-PR;;;
723663;08/10/2025;quarta-feira;17:30:00;RO;364;423;JARU;Ultrapassagem Indevida;Colis�o lateral mesmo sentido;Com V�timas Feridas;Pleno dia;Crescente;C�u Claro;M�ltipla;"Retorno Regulamentado;Reta";Sim;4;0;0;1;2;3;1;6;-10,45145386;-62,46100299;SPRF-RO;DEL03-RO;UOP02-DEL03-RO;;;
723666;08/10/2025;quarta-feira;19:25:00;AL;101;135;SAO MIGUEL DOS CAMPOS;Demais falhas mec�nicas ou el�tricas;Sa�da de leito carro��vel;Com V�timas Feridas;Plena Noite;Decrescente;C�u Claro;Simples;Declive;N�o;2;0;1;0;0;1;1;2;-9,779342;-36,106199;SPRF-AL;DEL02-AL;UOP01-DEL02-AL;;;
723670;08/10/2025;quarta-feira;19:40:00;ES;262;110;VENDA NOVA DO IMIGRANTE;Mal s�bito do condutor;Colis�o frontal;Com V�timas Feridas;Plena Noite;Crescente;Nublado;Simples;Reta;Sim;3;0;0;1;1;1;1;3;-20,33679981;-41,18523206;SPRF-ES;DEL01-ES;UOP02-DEL01-ES;;;
723678;08/10/2025;quarta-feira;17:20:00;GO;452;154,5;ITUMBIARA;Aus�ncia de rea��o do condutor;Colis�o traseira;Com V�timas Feridas;Pleno dia;Decrescente;C�u Claro;Simples;"Declive;Reta";N�o;4;0;1;0;2;2;1;4;-18,3015464;-49,57744628;SPRF-GO;DEL03-GO;UOP02-DEL03-GO;;;
723679;08/10/2025;quarta-feira;18:00:00;RJ;101;490;ANGRA DOS REIS;Chuva;Colis�o com objeto;Com V�timas Feridas;Plena Noite;Decrescente;Chuva;Simples;Curva;N�o;1;0;1;0;0;0;1;1;-22,956088;-44,304677;SPRF-RJ;DEL03-RJ;UOP03-DEL03-RJ;;;
723683;08/10/2025;quarta-feira;20:19:00;MG;365;47,7;CLARO DOS POCOES;Aus�ncia de rea��o do condutor;Colis�o transversal;Com V�timas Fatais;Plena Noite;Decrescente;C�u Claro;Simples;Reta;N�o;3;1;0;0;1;1;0;3;-16,9174643;-44,21284676;SPRF-MG;DEL12-MG;UOP01-DEL12-MG;;;
723684;08/10/2025;quarta-feira;20:50:00;PR;476;110;COLOMBO;Chuva;Colis�o frontal;Com V�timas Feridas;Plena Noite;Crescente;Chuva;Simples;"Declive;Curva";N�o;4;0;2;0;1;1;2;3;-25,314138;-49,157143;SPRF-PR;DEL01-PR;UOP01-DEL01-PR;;;
723685;08/10/2025;quarta-feira;20:50:00;SC;116;50,7;PAPANDUVA;Condutor deixou de manter dist�ncia do ve�culo da frente;Colis�o traseira;Com V�timas Feridas;Plena Noite;Crescente;Chuva;Simples;Reta;N�o;2;0;0;1;1;0;1;2;-26,38069;-50,1337;SPRF-SC;DEL06-SC;UOP01-DEL06-SC;;;
723691;08/10/2025;quarta-feira;20:35:00;SP;116;56;LORENA;Pedestre andava na pista;Atropelamento de Pedestre;Com V�timas Fatais;Plena Noite;Decrescente;Garoa/Chuvisco;Dupla;Reta;Sim;3;1;0;0;1;2;0;4;-22,77238283;-45,13389587;SPRF-SP;DEL08-SP;UOP02-DEL08-SP;;;
723692;08/10/2025;quarta-feira;12:00:00;MG;262;528,1;LUZ;Aus�ncia de rea��o do condutor;Sa�da de leito carro��vel;Com V�timas Feridas;Pleno dia;Decrescente;C�u Claro;Simples;Reta;N�o;2;0;1;0;0;1;1;2;-19,78192186;-45,73113442;SPRF-MG;DEL08-MG;UOP02-DEL08-MG;;;