id;data_inversa;dia_semana;horario;uf;br;km;municipio;causa_acidente;tipo_acidente;classificacao_acidente;fase_dia;sentido_via;condicao_metereologica;tipo_pista;tracado_via;uso_solo;pessoas;mortos;feridos_leves;feridos_graves;ilesos;ignorados;feridos;veiculos;latitude;longitude;regional;delegacia;uop;;;
723938;10/10/2025;sexta-feira;01:30:00;PR;376;624;SAO JOSE DOS PINHAIS;Aus�ncia de rea��o do condutor;Colis�o lateral mesmo sentido;Com V�timas Feridas;Plena Noite;Decrescente;Chuva;Dupla;Reta;N�o;7;0;5;0;1;2;5;4;-25,65192;-49,157278;SPRF-PR;DEL01-PR;UOP04-DEL01-PR;;;
723940;10/10/2025;sexta-feira;03:45:00;MG;381;392;BOM JESUS DO AMPARO;Aus�ncia de rea��o do condutor;Colis�o traseira;Com V�timas Feridas;Plena Noite;Crescente;Chuva;Dupla;Reta;Sim;4;0;2;0;1;2;2;4;-19,75991845;-43,46637726;SPRF-MG;DEL01-MG;UOP01-DEL01-MG;;;
723941;24/02/2025;segunda-feira;09:15:00;MG;365;490,2;PATROCINIO;Rea��o tardia ou ineficiente do condutor;Derramamento de carga;Com V�timas Feridas;Pleno dia;Decrescente;C�u Claro;Simples;Reta;N�o;1;0;1;0;0;0;1;1;-18,94460855;-47,29202271;SPRF-MG;DEL10-MG;UOP01-DEL10-MG;;;
723943;10/10/2025;sexta-feira;04:50:00;SP;153;47,2;SAO JOSE DO RIO PRETO;Aus�ncia de rea��o do condutor;Colis�o frontal;Com V�timas Fatais;Amanhecer;Decrescente;Chuva;Simples;Aclive;Sim;3;1;0;0;1;2;0;4;-20,684349;-49,340042;SPRF-SP;DEL09-SP;UOP01-DEL09-SP;;;
723945;10/10/2025;sexta-feira;01:10:00;PI;316;6;TERESINA;Acessar a via sem observar a presen�a dos outros ve�culos;Colis�o lateral mesmo sentido;Com V�timas Feridas;Plena Noite;Crescente;C�u Claro;M�ltipla;Reta;Sim;2;0;1;0;1;0;1;2;-5,2679051;-42,7275367;SPRF-PI;DEL01-PI;UOP02-DEL01-PI;;;
723952;19/09/2025;sexta-feira;15:15:00;PR;277;449,3;LARANJEIRAS DO SUL;Ultrapassagem Indevida;Colis�o lateral mesmo sentido;Com V�timas Feridas;Pleno dia;Decrescente;C�u Claro;Simples;Reta;N�o;8;0;5;2;1;0;7;4;-25,370559;-52,36968;SPRF-PR;DEL04-PR;UOP02-DEL04-PR;;;
723956;10/10/2025;sexta-feira;06:10:00;BA;101;6,4;RIO REAL;Condutor deixou de manter dist�ncia do ve�culo da frente;Colis�o traseira;Com V�timas Feridas;Pleno dia;Crescente;C�u Claro;Simples;Reta;N�o;7;0;1;0;5;4;1;7;-11,539055;-37,854513;SPRF-SE;DEL02-SE;UOP03-DEL02-SE;;;
723959;10/10/2025;sexta-feira;06:45:00;PR;376;495,5;PONTA GROSSA;Condutor deixou de manter dist�ncia do ve�culo da frente;Colis�o traseira;Com V�timas Feridas;Pleno dia;Crescente;Nublado;Dupla;Reta;N�o;3;0;1;0;1;1;1;3;-25,16498757;-50,11724424;SPRF-PR;DEL03-PR;UOP04-DEL03-PR;;;
723962;10/10/2025;sexta-feira;06:00:00;MA;226;88;CAXIAS;Rea��o tardia ou ineficiente do condutor;Tombamento;Com V�timas Feridas;Pleno dia;Decrescente;C�u Claro;Simples;Curva;N�o;1;0;1;0;0;0;1;1;-5,22352061;-43,4875828;SPRF-MA;DEL03-MA;UOP02-DEL03-MA;;;
723968;06/10/2025;segunda-feira;23:20:00;RJ;101;289;ITABORAI;Acessar a via sem observar a presen�a dos outros ve�culos;Colis�o traseira;Com V�timas Feridas;Plena Noite;Crescente;C�u Claro;Dupla;Reta;Sim;4;0;3;0;1;0;3;2;-22,76795091;-42,86075592;SPRF-RJ;DEL02-RJ;UOP02-DEL02-RJ;;;
723970;10/10/2025;sexta-feira;07:00:00;PR;369;508;CASCAVEL;Velocidade Incompat�vel;Tombamento;Com V�timas Feridas;Pleno dia;Decrescente;C�u Claro;Dupla;"Interse��o de Vias;Curva;Viaduto";Sim;2;0;1;0;0;1;1;2;-24,96538151;-53,40406895;SPRF-PR;DEL04-PR;UOP01-DEL04-PR;;;
723979;10/10/2025;sexta-feira;04:08:00;PA;230;1118;ITAITUBA;Transitar na contram�o;Colis�o frontal;Com V�timas Feridas;Amanhecer;Decrescente;C�u Claro;Simples;"Aclive;Curva";N�o;4;0;1;0;1;5;1;6;-4,3906;-55,959;SPRF-PA;DEL05-PA;UOP02-DEL05-PA;;;
723980;10/10/2025;sexta-feira;06:30:00;MG;251;480;FRANCISCO SA;Demais falhas mec�nicas ou el�tricas;Inc�ndio;Sem V�timas;Pleno dia;Decrescente;Sol;Simples;Curva;N�o;2;0;0;0;1;3;0;4;-16,46885641;-43,49123664;SPRF-MG;DEL12-MG;UOP01-DEL12-MG;;;
723981;10/10/2025;sexta-feira;07:20:00;RJ;40;121;DUQUE DE CAXIAS;Trafegar com motocicleta (ou similar) entre as faixas;Colis�o lateral mesmo sentido;Com V�timas Feridas;Pleno dia;Crescente;Nublado;Dupla;Reta;Sim;5;0;1;0;3;2;1;5;-22,78742948;-43,28542468;SPRF-RJ;DEL01-RJ;UOP02-DEL01-RJ;;;
723987;10/10/2025;sexta-feira;08:13:00;PI;343;307,1;ALTOS;Acesso irregular;Colis�o transversal;Com V�timas Feridas;Pleno dia;Crescente;C�u Claro;Simples;"Interse��o de Vias;Reta";Sim;2;0;0;1;1;0;1;2;-5,03974418;-42,45931417;SPRF-PI;DEL01-PI;UOP01-DEL01-PI;;;
723992;10/10/2025;sexta-feira;08:45:00;SC;470;36,7;GASPAR;Aus�ncia de rea��o do condutor;Colis�o traseira;Com V�timas Fatais;Pleno dia;Decrescente;Nublado;M�ltipla;Curva;Sim;2;1;0;0;1;0;0;2;-26,91432093;-48,97644639;SPRF-SC;DEL04-SC;UOP01-DEL04-SC;;;
723995;10/10/2025;sexta-feira;08:34:00;SP;116;511;CAJATI;Acumulo de �gua sobre o pavimento;Colis�o lateral mesmo sentido;Sem V�timas;Pleno dia;Decrescente;Chuva;Dupla;"Curva;Declive";N�o;1;0;0;0;1;0;0;1;-24,87460109;-48,22517395;SPRF-SP;DEL05-SP;UOP02-DEL05-SP;;;
723997;10/10/2025;sexta-feira;08:10:00;GO;452;5;RIO VERDE;Manobra de mudan�a de faixa;Colis�o frontal;Com V�timas Feridas;Pleno dia;Crescente;C�u Claro;Simples;Reta;N�o;3;0;0;1;0;2;1;3;-17,814627;-50,853203;SPRF-GO;DEL04-GO;UOP01-DEL04-GO;;;
723999;10/10/2025;sexta-feira;07:40:00;RO;364;482,2;ARIQUEMES;Rea��o tardia ou ineficiente do condutor;Engavetamento;Com V�timas Feridas;Pleno dia;Crescente;C�u Claro;Simples;Reta;N�o;8;0;3;0;5;0;3;4;-10,129637;-62,880577;SPRF-RO;DEL03-RO;UOP01-DEL03-RO;;;
724000;10/10/2025;sexta-feira;06:30:00;SC;116;132,9;SANTA CECILIA;Rea��o tardia ou ineficiente do condutor;Tombamento;Com V�timas Feridas;Amanhecer;Crescente;Nublado;Simples;Rotat�ria;N�o;2;0;1;0;0;1;1;2;-26,913759;-50,444701;SPRF-SC;DEL06-SC;UOP02-DEL06-SC;;;
724001;10/10/2025;sexta-feira;07:30:00;SP;116;108;TAUBATE;Pedestre cruzava a pista fora da faixa;Atropelamento de Pedestre;Com V�timas Feridas;Pleno dia;Crescente;C�u Claro;M�ltipla;Reta;N�o;4;0;0;1;1;2;1;3;-23,02393438;-45,53873777;SPRF-SP;DEL02-SP;UOP02-DEL02-SP;;;
724003;01/10/2025;quarta-feira;20:00:00;CE;116;346;ICO;Problema com o freio;Sa�da de leito carro��vel;Sem V�timas;Plena Noite;Decrescente;C�u Claro;Simples;Curva;N�o;3;0;0;0;2;1;0;2;-6,22065;-38,672645;SPRF-CE;DEL05-CE;UOP02-DEL05-CE;;;
724005;10/10/2025;sexta-feira;10:00:00;RJ;393;242;VASSOURAS;Pista Escorregadia;Colis�o lateral sentido oposto;Com V�timas Feridas;Pleno dia;Decrescente;Nublado;Simples;"Curva;Declive";N�o;4;0;1;0;2;1;1;4;-22,435652;-43,731749;SPRF-RJ;DEL05-RJ;UOP04-DEL05-RJ;;;
724008;25/09/2025;quinta-feira;21:10:00;SP;381;74;SAO PAULO;Velocidade Incompat�vel;Tombamento;Com V�timas Feridas;Plena Noite;Decrescente;Nublado;Dupla;"Aclive;Curva";N�o;2;0;1;0;0;1;1;2;-23,3759396;-46,56125277;SPRF-SP;DEL03-SP;UOP01-DEL03-SP;;;
724012;10/10/2025;sexta-feira;10:30:00;MS;163;482,8;CAMPO GRANDE;Retorno proibido;Colis�o transversal;Com V�timas Feridas;Pleno dia;Decrescente;C�u Claro;Simples;Reta;Sim;3;0;1;0;1;3;1;5;-20,45877;-54,54867;SPRF-MS;DEL01-MS;UOP02-DEL01-MS;;;
724014;10/10/2025;sexta-feira;09:50:00;PR;476;168,9;CONTENDA;Condutor deixou de manter dist�ncia do ve�culo da frente;Colis�o frontal;Com V�timas Fatais;Pleno dia;Decrescente;Garoa/Chuvisco;Simples;Reta;N�o;7;1;0;4;2;0;4;3;-25,66802011;-49,50164644;SPRF-PR;DEL01-PR;UOP06-DEL01-PR;;;
724020;10/10/2025;sexta-feira;00:25:00;AC;317;276;EPITACIOLANDIA;Rea��o tardia ou ineficiente do condutor;Tombamento;Com V�timas Feridas;Plena Noite;Decrescente;Nublado;Simples;Curva;N�o;2;0;1;0;0;1;1;2;-10,973793;-68,636347;SPRF-AC;DEL01-AC;UOP02-DEL01-AC;;;
724021;10/10/2025;sexta-feira;04:00:00;MT;364;131;PEDRA PRETA;Demais falhas mec�nicas ou el�tricas;Inc�ndio;Sem V�timas;Plena Noite;Decrescente;C�u Claro;Dupla;"Reta;Aclive";N�o;2;0;0;0;1;1;0;2;-16,7847064;-54,15821727;SPRF-MT;DEL02-MT;UOP01-DEL02-MT;;;
724023;10/10/2025;sexta-feira;11:20:00;MG;381;546,5;ITATIAIUCU;Demais falhas mec�nicas ou el�tricas;Eventos at�picos;Sem V�timas;Pleno dia;Crescente;C�u Claro;Dupla;"Declive;Reta";N�o;2;0;0;0;1;1;0;2;-20,27717299;-44,42759514;SPRF-MG;DEL04-MG;UOP03-DEL04-MG;;;
724042;10/10/2025;sexta-feira;12:50:00;MS;60;341;CAMPO GRANDE;Acesso irregular;Colis�o lateral mesmo sentido;Com V�timas Feridas;Pleno dia;Crescente;Nublado;Simples;"Interse��o de Vias;Declive;Reta";N�o;5;0;2;1;1;3;3;5;-20,39262;-54,685389;SPRF-MS;DEL01-MS;UOP02-DEL01-MS;;;
724045;10/10/2025;sexta-feira;11:52:00;CE;222;132,4;ITAPAJE;Acessar a via sem observar a presen�a dos outros ve�culos;Colis�o transversal;Com V�timas Feridas;Pleno dia;Crescente;C�u Claro;Simples;Curva;N�o;2;0;0;1;1;0;1;2;-3,74252574;-39,68412995;SPRF-CE;DEL04-CE;UOP03-DEL04-CE;;;
724048;10/10/2025;sexta-feira;14:00:00;SE;235;54;ITABAIANA;Condutor deixou de manter dist�ncia do ve�culo da frente;Colis�o traseira;Com V�timas Feridas;Pleno dia;Crescente;C�u Claro;Simples;"Interse��o de Vias;Reta";N�o;2;0;1;0;1;0;1;2;-10,678597;-37,44253;SPRF-SE;DEL01-SE;UOP02-DEL01-SE;;;
724053;10/10/2025;sexta-feira;14:20:00;MG;381;445;SABARA;Transitar no Acostamento;Colis�o lateral mesmo sentido;Sem V�timas;Pleno dia;Crescente;C�u Claro;Simples;Curva;Sim;4;0;0;0;2;2;0;4;-19,83658649;-43,86140998;SPRF-MG;DEL01-MG;UOP01-DEL01-MG;;;
724060;10/10/2025;sexta-feira;15:30:00;SP;116;230,5;SAO PAULO;Aus�ncia de rea��o do condutor;Colis�o lateral mesmo sentido;Com V�timas Feridas;Pleno dia;Crescente;Garoa/Chuvisco;M�ltipla;Reta;Sim;2;0;1;0;1;0;1;2;-23,52265534;-46,58567595;SPRF-SP;DEL01-SP;UOP01-DEL01-SP;;;
724066;10/10/2025;sexta-feira;16:35:00;PB;230;40;SANTA RITA;Aus�ncia de rea��o do condutor;Colis�o traseira;Com V�timas Feridas;Pleno dia;Decrescente;C�u Claro;Dupla;"Aclive;Reta";Sim;4;0;1;1;2;0;2;4;-7,14187422;-34,97971622;SPRF-PB;DEL01-PB;UOP02-DEL01-PB;;;
724068;10/10/2025;sexta-feira;13:30:00;AL;101;172,4;TEOTONIO VILELA;Demais falhas mec�nicas ou el�tricas;Inc�ndio;Sem V�timas;Pleno dia;Crescente;C�u Claro;Dupla;"Aclive;Curva";N�o;3;0;0;0;2;2;0;3;-9,90703088;-36,3377291;SPRF-AL;DEL02-AL;UOP02-DEL02-AL;;;
724070;10/10/2025;sexta-feira;16:00:00;BA;101;105;ALAGOINHAS;Transitar na contram�o;Colis�o frontal;Com V�timas Fatais;Pleno dia;Crescente;Sol;Simples;Reta;Sim;6;1;1;2;1;1;3;3;-12,127256;-38,392376;SPRF-BA;DEL01-BA;UOP04-DEL01-BA;;;
724077;10/10/2025;sexta-feira;17:20:00;ES;101;142;LINHARES;Condutor deixou de manter dist�ncia do ve�culo da frente;Colis�o traseira;Com V�timas Feridas;Anoitecer;Crescente;Nublado;Dupla;Reta;Sim;5;0;1;0;4;0;1;2;-19,33396395;-40,06815791;SPRF-ES;DEL04-ES;UOP01-DEL04-ES;;;
724081;10/10/2025;sexta-feira;15:21:00;SE;101;80;LARANJEIRAS;Condutor deixou de manter dist�ncia do ve�culo da frente;Engavetamento;Com V�timas Feridas;Pleno dia;Decrescente;C�u Claro;Dupla;"Reta;Aclive";N�o;3;0;1;0;2;0;1;3;-10,80508291;-37,14022033;SPRF-SE;DEL01-SE;UOP01-DEL01-SE;;;
724084;10/10/2025;sexta-feira;16:38:00;PE;101;93;CABO DE SANTO AGOSTINHO;Rea��o tardia ou ineficiente do condutor;Tombamento;Com V�timas Fatais;Anoitecer;Crescente;C�u Claro;Dupla;Reta;N�o;2;1;0;0;0;1;0;2;-8,2423;-35,00472;SPRF-PE;DEL01-PE;UOP01-DEL01-PE;;;
724085;10/10/2025;sexta-feira;17:25:00;SC;101;89,6;BARRA VELHA;Condutor deixou de manter dist�ncia do ve�culo da frente;Colis�o traseira;Com V�timas Feridas;Pleno dia;Decrescente;Garoa/Chuvisco;M�ltipla;Reta;N�o;2;0;1;0;1;0;1;2;-26,6534058;-48,68723059;SPRF-SC;DEL03-SC;UOP02-DEL03-SC;;;
724086;10/10/2025;sexta-feira;16:10:00;MA;135;95,7;ITAPECURU MIRIM;Estacionar ou parar em local proibido;Colis�o transversal;Sem V�timas;Pleno dia;Crescente;C�u Claro;Simples;"Reta;Rotat�ria";N�o;3;0;0;0;3;0;0;2;-3,3321702;-44,44615602;SPRF-MA;DEL01-MA;UOP02-DEL01-MA;;;
724087;10/10/2025;sexta-feira;16:30:00;MG;381;938;EXTREMA;Chuva;Colis�o com objeto;Sem V�timas;Pleno dia;Crescente;Chuva;Dupla;"Reta;Declive";N�o;1;0;0;0;1;0;0;1;-22,812975;-46,290335;SPRF-MG;DEL16-MG;UOP03-DEL16-MG;;;
724095;10/10/2025;sexta-feira;12:00:00;MT;163;998;TERRA NOVA DO NORTE;Condutor deixou de manter dist�ncia do ve�culo da frente;Engavetamento;Com V�timas Feridas;Pleno dia;Crescente;C�u Claro;Simples;"Aclive;Reta";N�o;4;0;1;0;2;3;1;6;-10,51057833;-55,074295;SPRF-MT;DEL06-MT;UOP03-DEL06-MT;;;
724097;10/10/2025;sexta-feira;18:06:00;PB;230;21;JOAO PESSOA;Rea��o tardia ou ineficiente do condutor;Tombamento;Com V�timas Feridas;Anoitecer;Decrescente;C�u Claro;Dupla;Reta;Sim;3;0;0;1;1;2;1;4;-7,141831;-34,851757;SPRF-PB;DEL01-PB;UOP01-DEL01-PB;;;
724102;10/10/2025;sexta-feira;18:00:00;PE;101;50,2;ABREU E LIMA;Condutor deixou de manter dist�ncia do ve�culo da frente;Tombamento;Com V�timas Feridas;Plena Noite;Decrescente;C�u Claro;M�ltipla;Reta;Sim;3;0;1;0;1;1;1;2;-7,911875;-34,900828;SPRF-PE;DEL01-PE;UOP02-DEL01-PE;;;
724104;10/10/2025;sexta-feira;17:28:00;SC;470;116;IBIRAMA;Acostamento em desn�vel;Tombamento;Com V�timas Feridas;Pleno dia;Decrescente;Nublado;Simples;Reta;Sim;3;0;2;0;0;1;2;2;-27,07758;-49,49464;SPRF-SC;DEL04-SC;UOP02-DEL04-SC;;;
724109;10/10/2025;sexta-feira;18:30:00;MG;267;271,7;AIURUOCA;Ingest�o de �lcool pelo condutor;Colis�o frontal;Com V�timas Feridas;Anoitecer;Crescente;Nublado;Simples;Reta;N�o;3;0;0;1;2;0;1;2;-21,935257;-44,65388;SPRF-MG;DEL17-MG;UOP01-DEL17-MG;;;
724128;10/10/2025;sexta-feira;19:00:00;SP;381;69;MAIRIPORA;Rea��o tardia ou ineficiente do condutor;Colis�o traseira;Com V�timas Feridas;Plena Noite;Crescente;Chuva;M�ltipla;Reta;N�o;3;0;1;0;1;1;1;3;-23,3467489;-46,5650712;SPRF-SP;DEL03-SP;UOP01-DEL03-SP;;;
724148;10/10/2025;sexta-feira;16:45:00;SP;381;88;GUARULHOS;Ingest�o de �lcool pelo condutor;Colis�o traseira;Com V�timas Feridas;Pleno dia;Crescente;Chuva;Dupla;Reta;N�o;10;0;5;0;3;2;5;4;-23,47854737;-46,56012833;SPRF-SP;DEL03-SP;UOP01-DEL03-SP;;;
724153;10/10/2025;sexta-feira;20:50:00;MG;262;605,9;IBIA;Restri��o de visibilidade em curvas horizontais;Colis�o traseira;Com V�timas Feridas;Plena Noite;Decrescente;C�u Claro;Simples;Curva;N�o;6;0;0;3;2;1;3;3;-19,58652808;-46,34496689;SPRF-MG;DEL08-MG;UOP02-DEL08-MG;;;
724154;10/10/2025;sexta-feira;18:20:00;RO;364;641,4;CANDEIAS DO JAMARI;Transitar na contram�o;Colis�o lateral sentido oposto;Sem V�timas;Anoitecer;Crescente;Chuva;Simples;Curva;N�o;6;0;0;0;5;1;0;3;-9,00320745;-63,42116475;SPRF-RO;DEL01-RO;UOP04-DEL01-RO;;;
724157;10/10/2025;sexta-feira;19:30:00;RS;287;499,5;SAO BORJA;Aus�ncia de rea��o do condutor;Colis�o lateral sentido oposto;Com V�timas Feridas;Plena Noite;Crescente;C�u Claro;Simples;Curva;N�o;4;0;1;0;2;1;1;3;-28,72637574;-55,85885239;SPRF-RS;DEL12-RS;UOP01-DEL12-RS;;;
724158;10/10/2025;sexta-feira;22:00:00;SP;116;138;SAO JOSE DOS CAMPOS;Condutor deixou de manter dist�ncia do ve�culo da frente;Colis�o traseira;Com V�timas Feridas;Plena Noite;Decrescente;Garoa/Chuvisco;Dupla;Reta;N�o;2;0;1;0;1;0;1;2;-23,15866938;-45,79685211;SPRF-SP;DEL02-SP;UOP01-DEL02-SP;;;
724160;10/10/2025;sexta-feira;19:00:00;MG;116;131,7;ITAOBIM;Demais falhas mec�nicas ou el�tricas;Inc�ndio;Sem V�timas;Plena Noite;Decrescente;C�u Claro;Simples;Curva;N�o;2;0;0;0;1;3;0;4;-16,704083;-41,499135;SPRF-MG;DEL11-MG;UOP02-DEL11-MG;;;
724165;10/10/2025;sexta-feira;20:45:00;PR;277;118,5;CAMPO LARGO;Frear bruscamente;Engavetamento;Com V�timas Feridas;Pleno dia;Decrescente;Garoa/Chuvisco;Dupla;"Declive;Curva";N�o;4;0;1;0;2;1;1;4;-25,43544095;-49,54035608;SPRF-PR;DEL03-PR;UOP03-DEL03-PR;;;
724166;10/10/2025;sexta-feira;22:45:00;SP;116;146,9;SAO JOSE DOS CAMPOS;Rea��o tardia ou ineficiente do condutor;Colis�o traseira;Com V�timas Feridas;Plena Noite;Decrescente;Garoa/Chuvisco;M�ltipla;"Reta;Em Obras";Sim;11;0;9;0;1;1;9;3;-23,19380196;-45,86866021;SPRF-SP;DEL02-SP;UOP01-DEL02-SP;;;
724167;10/10/2025;sexta-feira;22:45:00;ES;101;176,8;ARACRUZ;Velocidade Incompat�vel;Colis�o frontal;Com V�timas Fatais;Pleno dia;Crescente;Nublado;Simples;Reta;Sim;6;2;0;0;1;3;0;4;-19,60167183;-40,20278393;SPRF-ES;DEL04-ES;UOP01-DEL04-ES;;;
724169;10/10/2025;sexta-feira;21:00:00;RJ;116;335;RESENDE;Aus�ncia de rea��o do condutor;Colis�o com objeto;Com V�timas Feridas;Plena Noite;Crescente;Chuva;Dupla;"Reta;Ponte";N�o;2;0;0;1;0;1;1;2;-22,4921653;-44,65402647;SPRF-RJ;DEL07-RJ;UOP02-DEL07-RJ;;;
724172;10/10/2025;sexta-feira;23:30:00;SC;101;337;TUBARAO;Rea��o tardia ou ineficiente do condutor;Colis�o lateral mesmo sentido;Com V�timas Feridas;Plena Noite;Crescente;C�u Claro;Dupla;T�nel;Sim;3;0;1;0;1;1;1;3;-28,4859276;-49,03745269;SPRF-SC;DEL02-SC;UOP01-DEL02-SC;;;
724178;10/10/2025;sexta-feira;22:45:00;MA;135;228,7;PERITORO;Entrada inopinada do pedestre;Atropelamento de Pedestre;Com V�timas Fatais;Plena Noite;Crescente;C�u Claro;Simples;Reta;N�o;2;1;0;0;0;1;0;2;-4,402948;-44,346093;SPRF-MA;DEL03-MA;UOP01-DEL03-MA;;;
724183;10/10/2025;sexta-feira;23:50:00;SE;235;106;CARIRA;Ingest�o de �lcool pelo condutor;Colis�o frontal;Com V�timas Feridas;Plena Noite;Decrescente;C�u Claro;Simples;Reta;N�o;2;0;1;0;1;0;1;2;-10,339609;-37,717369;SPRF-SE;DEL01-SE;UOP02-DEL01-SE;;;
724186;10/10/2025;sexta-feira;23:40:00;MT;364;348;SANTO ANTONIO DO LEVERGER;Condutor Dormindo;Colis�o traseira;Com V�timas Feridas;Plena Noite;Decrescente;C�u Claro;Dupla;Reta;N�o;3;0;1;0;1;4;1;6;-15,8001222;-55,57899707;SPRF-MT;DEL05-MT;UOP02-DEL05-MT;;;
724187;11/10/2025;s�bado;00:55:00;SP;381;79;SAO PAULO;Rea��o tardia ou ineficiente do condutor;Tombamento;Com V�timas Feridas;Plena Noite;Crescente;Garoa/Chuvisco;M�ltipla;"Declive;Curva";Sim;1;0;1;0;0;0;1;1;-23,4085636;-46,5804239;SPRF-SP;DEL03-SP;UOP01-DEL03-SP;;;
724191;11/10/2025;s�bado;00:20:00;RJ;393;281,6;VOLTA REDONDA;Aus�ncia de rea��o do condutor;Colis�o traseira;Com V�timas Feridas;Plena Noite;Decrescente;Nublado;Simples;Reta;Sim;2;0;0;1;0;1;1;2;-22,474282;-44,061054;SPRF-RJ;DEL05-RJ;UOP04-DEL05-RJ;;;
724192;11/10/2025;s�bado;02:45:00;PB;101;42,8;MAMANGUAPE;Aus�ncia de rea��o do condutor;Colis�o traseira;Com V�timas Feridas;Plena Noite;Crescente;C�u Claro;Dupla;Aclive;N�o;4;0;1;2;1;0;3;2;-6,862079;-35,13385;SPRF-PB;DEL01-PB;UOP03-DEL01-PB;;;
724193;11/10/2025;s�bado;02:19:00;PR;116;113,9;CURITIBA;Ultrapassagem Indevida;Colis�o lateral mesmo sentido;Com V�timas Fatais;Plena Noite;Crescente;Nublado;Dupla;"Reta;Em Obras";N�o;3;1;0;0;1;2;0;4;-25,546698;-49,291274;SPRF-PR;DEL01-PR;UOP03-DEL01-PR;;;
724194;11/10/2025;s�bado;00:58:00;GO;364;214;JATAI;Condutor Dormindo;Tombamento;Com V�timas Feridas;Plena Noite;Decrescente;C�u Claro;Simples;Reta;N�o;2;0;1;0;0;1;1;2;-17,876372;-51,872967;SPRF-GO;DEL05-GO;UOP01-DEL05-GO;;;
724207;11/10/2025;s�bado;03:50:00;MG;364;39;FRUTAL;Manobra de mudan�a de faixa;Colis�o frontal;Com V�timas Feridas;Plena Noite;Crescente;Chuva;Simples;Reta;N�o;4;0;2;2;0;0;4;2;-19,92019992;-48,9608955;SPRF-MG;DEL13-MG;UOP02-DEL13-MG;;;
724208;11/10/2025;s�bado;05:30:00;PI;316;388;ALEGRETE DO PIAUI;Acessar a via sem observar a presen�a dos outros ve�culos;Colis�o transversal;Com V�timas Fatais;Amanhecer;Decrescente;C�u Claro;Simples;Reta;N�o;3;1;0;1;0;2;1;4;-7,265895;-40,842373;SPRF-PI;DEL04-PI;UOP03-DEL04-PI;;;
724209;11/10/2025;s�bado;02:40:00;MT;364;327;CAMPO VERDE;Demais falhas mec�nicas ou el�tricas;Inc�ndio;Sem V�timas;Amanhecer;Crescente;C�u Claro;Dupla;Reta;N�o;2;0;0;0;1;2;0;3;-15,817;-55,407;SPRF-MT;DEL05-MT;UOP02-DEL05-MT;;;
724214;11/10/2025;s�bado;04:00:00;MG;365;253;JOAO PINHEIRO;Velocidade Incompat�vel;Tombamento;Com V�timas Feridas;Amanhecer;Decrescente;C�u Claro;Simples;"Declive;Curva";N�o;1;0;1;0;0;0;1;1;-17,85555;-45,4689;SPRF-MG;DEL10-MG;UOP02-DEL010-MG;;;
724218;15/09/2025;segunda-feira;06:30:00;BA;101;288;LAJE;Condutor deixou de manter dist�ncia do ve�culo da frente;Colis�o lateral sentido oposto;Com V�timas Feridas;Pleno dia;Crescente;C�u Claro;Simples;Reta;N�o;2;0;1;0;1;0;1;2;-13,17390131;-39,31818008;SPRF-BA;DEL01-BA;UOP02-DEL01-BA;;;
724219;10/10/2025;sexta-feira;22:30:00;PI;135;541;SAO GONCALO DO GURGUEIA;Aus�ncia de rea��o do condutor;Sa�da de leito carro��vel;Com V�timas Fatais;Plena Noite;Decrescente;C�u Claro;Simples;"Declive;Curva";N�o;2;1;0;0;0;3;0;4;-10,0543083;-45,28463459;SPRF-PI;DEL03-PI;UOP02-DEL03-PI;;;
724234;11/10/2025;s�bado;05:01:00;MG;40;282;TRES MARIAS;Acessar a via sem observar a presen�a dos outros ve�culos;Colis�o lateral mesmo sentido;Com V�timas Feridas;Amanhecer;Crescente;C�u Claro;Simples;Curva;Sim;5;0;2;0;2;1;2;4;-18,251122;-45,194289;SPRF-MG;DEL14-MG;UOP02-DEL14-MG;;;
724235;11/10/2025;s�bado;07:10:00;PR;116;86;PIRAQUARA;Ingest�o de �lcool pelo condutor;Colis�o transversal;Sem V�timas;Pleno dia;Crescente;C�u Claro;Dupla;Curva;N�o;3;0;0;0;3;0;0;3;-25,46346429;-49,09003207;SPRF-PR;DEL01-PR;UOP02-DEL01-PR;;;
724236;16/09/2025;ter�a-feira;09:50:00;BA;242;286;LAJEDINHO;Rea��o tardia ou ineficiente do condutor;Colis�o frontal;Com V�timas Feridas;Pleno dia;Decrescente;C�u Claro;Simples;Reta;N�o;3;0;2;0;0;2;2;4;-12,44066672;-40,77092618;SPRF-BA;DEL06-BA;UOP02-DEL06-BA;;;
724238;11/10/2025;s�bado;08:25:00;ES;101;358,3;ANCHIETA;Mal s�bito do condutor;Colis�o lateral sentido oposto;Com V�timas Feridas;Pleno dia;Crescente;C�u Claro;Simples;"Reta;Aclive";N�o;3;0;0;1;1;1;1;3;-20,694;-40,7066;SPRF-ES;DEL03-ES;UOP01-DEL03-ES;;;
724239;11/10/2025;s�bado;07:45:00;MG;381;486;BETIM;Condutor Dormindo;Colis�o lateral mesmo sentido;Com V�timas Feridas;Pleno dia;Crescente;C�u Claro;Dupla;"Declive;Curva";Sim;2;0;1;0;1;0;1;2;-19,996569;-44,2090402;SPRF-MG;DEL01-MG;UOP03-DEL01-MG;;;