id;data_inversa;dia_semana;horario;uf;br;km;municipio;causa_acidente;tipo_acidente;classificacao_acidente;fase_dia;sentido_via;condicao_metereologica;tipo_pista;tracado_via;uso_solo;pessoas;mortos;feridos_leves;feridos_graves;ilesos;ignorados;feridos;veiculos;latitude;longitude;regional;delegacia;uop;;;
724242;11/10/2025;s�bado;07:10:00;PE;101;9;GOIANA;Frear bruscamente;Colis�o com objeto;Sem V�timas;Pleno dia;Decrescente;C�u Claro;Dupla;Reta;N�o;1;0;0;0;1;0;0;1;-7,55330588;-34,99165457;SPRF-PE;DEL01-PE;UOP02-DEL01-PE;;;
724243;11/10/2025;s�bado;08:00:00;SC;163;73,8;SAO MIGUEL DO OESTE;Transitar na contram�o;Colis�o frontal;Com V�timas Feridas;Pleno dia;Decrescente;C�u Claro;Simples;"Aclive;Reta";N�o;3;0;1;0;1;2;1;4;-26,68552168;-53,51451159;SPRF-SC;DEL07-SC;UOP03-DEL07-SC;;;
724246;11/10/2025;s�bado;06:00:00;GO;20;132;FLORES DE GOIAS;Aus�ncia de rea��o do condutor;Colis�o lateral sentido oposto;Com V�timas Feridas;Pleno dia;Crescente;C�u Claro;Simples;Curva;N�o;3;0;1;0;1;3;1;5;-14,86122199;-46,80822757;SPRF-DF;DEL02-DF;UOP03-DEL02-DF;;;
724247;11/10/2025;s�bado;07:20:00;AC;364;126,9;RIO BRANCO;Condutor deixou de manter dist�ncia do ve�culo da frente;Colis�o traseira;Com V�timas Feridas;Pleno dia;Crescente;C�u Claro;Simples;Reta;N�o;3;0;0;1;1;1;1;3;-10,022728;-67,816479;SPRF-AC;DEL01-AC;UOP01-DEL01-AC;;;
724252;11/10/2025;s�bado;08:30:00;RJ;116;148;DUQUE DE CAXIAS;Acesso irregular;Colis�o frontal;Com V�timas Feridas;Pleno dia;Decrescente;C�u Claro;Simples;Reta;Sim;3;0;1;0;1;1;1;3;-22,67026377;-43,27386975;SPRF-RJ;DEL01-RJ;UOP02-DEL01-RJ;;;
724256;11/10/2025;s�bado;09:56:00;SP;116;206;GUARULHOS;Rea��o tardia ou ineficiente do condutor;Colis�o traseira;Sem V�timas;Pleno dia;Crescente;C�u Claro;M�ltipla;Reta;Sim;3;0;0;0;2;1;0;3;-23,41680416;-46,37480537;SPRF-SP;DEL01-SP;UOP01-DEL01-SP;;;
724266;11/10/2025;s�bado;10:30:00;PE;232;36;MORENO;Manobra de mudan�a de faixa;Colis�o lateral mesmo sentido;Sem V�timas;Pleno dia;Decrescente;C�u Claro;Dupla;Reta;N�o;2;0;0;0;2;0;0;2;-8,10704899;-35,18315189;SPRF-PE;DEL02-PE;UOP02-DEL02PE;;;
724272;10/10/2025;sexta-feira;08:00:00;MG;365;538;ROMARIA;Rea��o tardia ou ineficiente do condutor;Tombamento;Com V�timas Feridas;Pleno dia;Crescente;C�u Claro;Simples;Curva;N�o;2;0;1;0;0;2;1;3;-18,9309;-47,55879;SPRF-MG;DEL10-MG;UOP01-DEL10-MG;;;
724275;11/10/2025;s�bado;11:05:00;PB;101;31,4;RIO TINTO;Condutor Dormindo;Colis�o traseira;Com V�timas Feridas;Pleno dia;Crescente;Sol;Dupla;"Declive;Reta";N�o;3;0;1;0;1;1;1;3;-6,762312;-35,133862;SPRF-PB;DEL01-PB;UOP03-DEL01-PB;;;
724280;11/10/2025;s�bado;12:00:00;MG;381;437;SANTA LUZIA;Acessar a via sem observar a presen�a dos outros ve�culos;Colis�o transversal;Com V�timas Feridas;Pleno dia;Decrescente;C�u Claro;Simples;Reta;N�o;2;0;1;0;1;0;1;2;-19,81392;-43,79886;SPRF-MG;DEL01-MG;UOP01-DEL01-MG;;;
724290;11/10/2025;s�bado;12:45:00;PR;376;676;GUARATUBA;Problema com o freio;Colis�o traseira;Com V�timas Fatais;Pleno dia;Crescente;Nublado;Dupla;"Reta;Declive";N�o;4;1;1;0;1;1;1;3;-25,93229984;-48,91176431;SPRF-PR;DEL01-PR;UOP04-DEL01-PR;;;
724296;11/10/2025;s�bado;13:30:00;RJ;116;283,8;BARRA MANSA;Manobra de mudan�a de faixa;Colis�o lateral mesmo sentido;Sem V�timas;Pleno dia;Crescente;C�u Claro;Dupla;Curva;N�o;4;0;0;0;3;1;0;3;-22,4870133;-44,24713612;SPRF-RJ;DEL07-RJ;UOP02-DEL07-RJ;;;
724297;11/10/2025;s�bado;12:30:00;PR;376;37,9;NOVA LONDRINA;Velocidade Incompat�vel;Tombamento;Com V�timas Feridas;Pleno dia;Crescente;Sol;Simples;"Interse��o de Vias;Rotat�ria";N�o;1;0;1;0;0;0;1;1;-22,8117296;-53,01908612;SPRF-PR;DEL09-PR;UOP02-DEL09-PR;;;
724299;11/10/2025;s�bado;12:05:00;RS;293;122;PINHEIRO MACHADO;Demais falhas mec�nicas ou el�tricas;Inc�ndio;Sem V�timas;Pleno dia;Decrescente;C�u Claro;Simples;"Declive;Curva";N�o;1;0;0;0;1;0;0;1;-31,52280046;-53,51629257;SPRF-RS;DEL11-RS;UOP03-DEL11-RS;;;
724306;19/09/2025;sexta-feira;03:30:00;PR;373;258,9;PRUDENTOPOLIS;Transitar na contram�o;Colis�o frontal;Com V�timas Fatais;Plena Noite;Crescente;C�u Claro;Simples;Curva;Sim;5;1;0;2;0;3;2;5;-25,199596;-50,92712;SPRF-PR;DEL08-PR;UOP01-DEL08-PR;;;
724314;27/07/2025;domingo;13:30:00;MG;381;908,1;CAMBUI;Velocidade Incompat�vel;Tombamento;Com V�timas Feridas;Pleno dia;Decrescente;C�u Claro;Dupla;"Curva;Declive";N�o;2;0;1;0;0;1;1;2;-22,67468999;-46,09424382;SPRF-MG;DEL16-MG;UOP03-DEL16-MG;;;
724315;11/10/2025;s�bado;15:00:00;BA;101;482;ILHEUS;Ultrapassagem Indevida;Colis�o lateral sentido oposto;Com V�timas Feridas;Pleno dia;Decrescente;C�u Claro;Simples;Reta;N�o;2;0;0;1;1;0;1;2;-14,6332306;-39,333448;SPRF-BA;DEL05-BA;UOP01-DEL05-BA;;;
724329;11/10/2025;s�bado;15:40:00;PR;116;111,8;CURITIBA;Manobra de mudan�a de faixa;Colis�o lateral mesmo sentido;Com V�timas Feridas;Pleno dia;Decrescente;Nublado;Dupla;Reta;Sim;6;0;3;0;2;4;3;7;-25,5553857;-49,2732131;SPRF-PR;DEL01-PR;UOP03-DEL01-PR;;;
724332;11/10/2025;s�bado;12:35:00;RJ;116;229;PIRAI;Aus�ncia de rea��o do condutor;Colis�o com objeto;Com V�timas Fatais;Pleno dia;Decrescente;C�u Claro;Dupla;"Curva;Declive";N�o;1;1;0;0;0;0;0;1;-22,67812856;-43,83473961;SPRF-RJ;DEL07-RJ;UOP01-DEL07-RJ;;;
724339;11/10/2025;s�bado;16:00:00;ES;262;99,9;DOMINGOS MARTINS;Condutor Dormindo;Colis�o frontal;Com V�timas Feridas;Pleno dia;Crescente;C�u Claro;Simples;"Curva;Declive";N�o;3;0;1;0;1;1;1;3;-20,41572156;-40,91710925;SPRF-ES;DEL01-ES;UOP02-DEL01-ES;;;
724345;11/10/2025;s�bado;16:00:00;ES;262;65;MARECHAL FLORIANO;Convers�o proibida;Colis�o transversal;Com V�timas Feridas;Pleno dia;Crescente;Nublado;Simples;Curva;N�o;4;0;1;1;2;0;2;3;-20,41234;-40,832114;SPRF-ES;DEL01-ES;UOP02-DEL01-ES;;;
724353;11/10/2025;s�bado;16:00:00;MG;40;282,3;TEOFILO OTONI;Transitar no Acostamento;Sa�da de leito carro��vel;Com V�timas Feridas;Pleno dia;Crescente;C�u Claro;Simples;"Reta;Declive";N�o;1;0;1;0;0;0;1;1;-17,90428;-41,52263;SPRF-MG;DEL14-MG;UOP02-DEL14-MG;;;
724361;11/10/2025;s�bado;16:30:00;BA;242;225;ITABERABA;Demais falhas mec�nicas ou el�tricas;Inc�ndio;Sem V�timas;Pleno dia;Crescente;C�u Claro;Simples;Reta;Sim;2;0;0;0;1;1;0;2;-12,52443644;-40,2727604;SPRF-BA;DEL06-BA;UOP02-DEL06-BA;;;
724366;11/10/2025;s�bado;17:20:00;BA;407;172;PONTO NOVO;Acessar a via sem observar a presen�a dos outros ve�culos;Colis�o transversal;Com V�timas Feridas;Pleno dia;Crescente;C�u Claro;Simples;Rotat�ria;Sim;2;0;1;0;1;0;1;2;-10,86273666;-40,11161721;SPRF-BA;DEL04-BA;UOP02-DEL04-BA;;;
724371;11/10/2025;s�bado;19:00:00;PR;476;167;CONTENDA;Rea��o tardia ou ineficiente do condutor;Colis�o lateral mesmo sentido;Com V�timas Feridas;Anoitecer;Crescente;Nublado;Simples;Reta;N�o;3;0;1;0;2;0;1;2;-25,66804968;-49,50173068;SPRF-PR;DEL01-PR;UOP06-DEL01-PR;;;
724375;06/10/2025;segunda-feira;00:50:00;BA;116;729;BOA NOVA;Velocidade Incompat�vel;Colis�o traseira;Com V�timas Feridas;Plena Noite;Crescente;C�u Claro;Simples;Reta;Sim;3;0;1;1;0;1;2;3;-14,303467;-40,317878;SPRF-BA;DEL08-BA;UOP02-DEL08-BA;;;
724381;11/10/2025;s�bado;01:50:00;SP;116;522;CAJATI;Estacionar ou parar em local proibido;Engavetamento;Com V�timas Feridas;Plena Noite;Crescente;Garoa/Chuvisco;Simples;Curva;N�o;4;0;1;1;1;3;2;6;-24,895178;-48,244967;SPRF-SP;DEL05-SP;UOP02-DEL05-SP;;;
724391;11/10/2025;s�bado;18:05:00;BA;330;816;JITAUNA;Ultrapassagem Indevida;Colis�o lateral sentido oposto;Com V�timas Feridas;Plena Noite;Crescente;Nublado;Simples;Reta;N�o;2;0;0;1;1;0;1;2;-14,00774;-39,875285;SPRF-BA;DEL03-BA;UOP01-DEL03-BA;;;
724394;11/10/2025;s�bado;20:50:00;MG;251;517;MONTES CLAROS;Demais falhas mec�nicas ou el�tricas;Colis�o com objeto;Sem V�timas;Plena Noite;Crescente;Ignorado;Simples;"Reta;Declive;Ponte";N�o;1;0;0;0;1;0;0;1;-16,662399;-43,7616868;SPRF-MG;DEL12-MG;UOP01-DEL12-MG;;;
724412;11/10/2025;s�bado;15:30:00;MT;364;729;DIAMANTINO;Rea��o tardia ou ineficiente do condutor;Inc�ndio;Sem V�timas;Pleno dia;Crescente;C�u Claro;Simples;Reta;N�o;2;0;0;0;1;1;0;2;-14,168373;-57,242999;SPRF-MT;DEL01-MT;UOP01-DEL01-MT;;;
724426;11/10/2025;s�bado;14:00:00;MT;364;486,5;JANGADA;Chuva;Sa�da de leito carro��vel;Com V�timas Feridas;Pleno dia;Decrescente;Chuva;Simples;"Aclive;Curva";N�o;3;0;1;0;1;1;1;3;-15,289364;-56,434871;SPRF-MT;DEL01-MT;UOP02-DEL01-MT;;;
724440;11/10/2025;s�bado;22:00:00;MT;364;1,8;ALTO ARAGUAIA;Ingest�o de �lcool pelo condutor;Colis�o com objeto;Sem V�timas;Plena Noite;Crescente;C�u Claro;Simples;"Curva;Declive";Sim;2;0;0;0;1;1;0;2;-17,31046643;-53,22233539;SPRF-MT;DEL02-MT;UOP02-DEL02-MT;;;
724442;12/10/2025;domingo;00:10:00;RJ;40;111;DUQUE DE CAXIAS;Rea��o tardia ou ineficiente do condutor;Colis�o lateral mesmo sentido;Sem V�timas;Plena Noite;Decrescente;Nublado;M�ltipla;Reta;Sim;3;0;0;0;3;0;0;2;-22,69194285;-43,28737736;SPRF-RJ;DEL01-RJ;UOP02-DEL01-RJ;;;
724443;12/10/2025;domingo;00:30:00;BA;242;612;IBOTIRAMA;Aus�ncia de rea��o do condutor;Sa�da de leito carro��vel;Com V�timas Feridas;Plena Noite;Decrescente;C�u Claro;Simples;Reta;N�o;2;0;0;1;0;3;1;4;-12,170745;-43,196606;SPRF-BA;DEL10-BA;UOP01-DEL10-BA;;;
724448;12/10/2025;domingo;01:05:00;MG;116;715,3;MURIAE;Curva acentuada;Colis�o lateral sentido oposto;Com V�timas Feridas;Plena Noite;Crescente;C�u Claro;Simples;Curva;N�o;3;0;1;0;1;1;1;3;-21,213194;-42,389644;SPRF-MG;DEL07-MG;UOP02-DEL07-MG;;;
724450;11/10/2025;s�bado;23:43:00;RO;364;243;CACOAL;Transitar na contram�o;Colis�o lateral sentido oposto;Com V�timas Feridas;Plena Noite;Crescente;Nublado;Simples;Reta;N�o;3;0;1;0;1;3;1;5;-11,44040438;-61,50489807;SPRF-RO;DEL02-RO;UOP02-DEL02-RO;;;
724468;12/10/2025;domingo;05:00:00;MG;251;474,4;FRANCISCO SA;Avarias e/ou desgaste excessivo no pneu;Tombamento;Com V�timas Fatais;Amanhecer;Crescente;C�u Claro;Simples;"Declive;Curva";N�o;1;1;0;0;0;0;0;1;-16,467353;-43,439715;SPRF-MG;DEL12-MG;UOP01-DEL12-MG;;;
724469;12/10/2025;domingo;03:00:00;MG;381;618;OLIVEIRA;Aus�ncia de rea��o do condutor;Colis�o traseira;Com V�timas Feridas;Plena Noite;Decrescente;C�u Claro;Dupla;Reta;N�o;3;0;1;0;1;1;1;3;-20,73961019;-44,7712209;SPRF-MG;DEL04-MG;UOP01-DEL04-MG;;;
724483;12/10/2025;domingo;06:20:00;RJ;493;20;MAGE;Acessar a via sem observar a presen�a dos outros ve�culos;Atropelamento de Pedestre;Com V�timas Fatais;Pleno dia;Decrescente;C�u Claro;Simples;Reta;N�o;2;1;0;0;0;1;0;2;-22,66173939;-43,04454942;SPRF-RJ;DEL04-RJ;UOP02-DEL04-RJ;;;
724502;12/10/2025;domingo;05:26:00;SP;116;337;JUQUITIBA;Acessar a via sem observar a presen�a dos outros ve�culos;Atropelamento de Pedestre;Com V�timas Feridas;Plena Noite;Crescente;Nublado;Dupla;Reta;N�o;3;0;0;1;1;1;1;3;-23,98531847;-47,14776127;SPRF-SP;DEL04-SP;UOP03-DEL04-SP;;;
724509;12/10/2025;domingo;07:40:00;BA;324;541;AMELIA RODRIGUES;Aus�ncia de rea��o do condutor;Colis�o lateral mesmo sentido;Com V�timas Feridas;Pleno dia;Decrescente;C�u Claro;Dupla;Reta;N�o;6;0;4;0;1;3;4;5;-12,396935;-38,768333;SPRF-BA;DEL01-BA;UOP03-DEL01-BA;;;
724512;12/10/2025;domingo;08:15:00;MG;381;871;POUSO ALEGRE;Aus�ncia de rea��o do condutor;Colis�o lateral mesmo sentido;Com V�timas Feridas;Pleno dia;Decrescente;C�u Claro;Dupla;Reta;N�o;3;0;1;0;1;2;1;4;-22,39867545;-45,96000981;SPRF-MG;DEL16-MG;UOP01-DEL16-MG;;;
724522;12/10/2025;domingo;10:40:00;RS;386;402,6;MONTENEGRO;Condutor usando celular;Colis�o traseira;Com V�timas Feridas;Pleno dia;Decrescente;Chuva;Simples;"Aclive;Reta";N�o;2;0;1;0;1;0;1;2;-29,767411;-51,580117;SPRF-RS;DEL04-RS;UOP02-DEL04-RS;;;
724536;12/10/2025;domingo;12:53:00;SP;153;64,1;SAO JOSE DO RIO PRETO;Manobra de mudan�a de faixa;Colis�o traseira;Com V�timas Feridas;Pleno dia;Decrescente;Nublado;Dupla;Reta;Sim;5;0;3;0;1;1;3;3;-20,83127877;-49,36228037;SPRF-SP;DEL09-SP;UOP01-DEL09-SP;;;
724538;12/10/2025;domingo;07:00:00;RO;364;467;ARIQUEMES;Ultrapassagem Indevida;Colis�o lateral sentido oposto;Com V�timas Feridas;Amanhecer;Crescente;C�u Claro;Simples;Curva;N�o;2;0;2;0;0;0;2;2;-10,21198696;-62,77281046;SPRF-RO;DEL03-RO;UOP01-DEL03-RO;;;
724543;12/10/2025;domingo;13:22:00;RS;158;214;CRUZ ALTA;Ultrapassagem Indevida;Sa�da de leito carro��vel;Com V�timas Feridas;Pleno dia;Crescente;C�u Claro;Simples;Reta;N�o;4;0;1;0;0;3;1;4;-28,75312318;-53,59538019;SPRF-RS;DEL10-RS;UOP02-DEL10-RS;;;
724548;12/10/2025;domingo;13:25:00;MG;251;478,8;FRANCISCO SA;Acessar a via sem observar a presen�a dos outros ve�culos;Colis�o transversal;Com V�timas Feridas;Pleno dia;Crescente;Nublado;Simples;"Reta;Rotat�ria;Interse��o de Vias;Em Obras";Sim;3;0;1;0;1;1;1;3;-16,470343;-43,447513;SPRF-MG;DEL12-MG;UOP01-DEL12-MG;;;
724558;12/10/2025;domingo;14:30:00;SC;280;165,8;MAFRA;Acessar a via sem observar a presen�a dos outros ve�culos;Colis�o transversal;Com V�timas Feridas;Pleno dia;Decrescente;Chuva;Simples;Reta;Sim;3;0;1;0;1;1;1;3;-26,179944;-49,813896;SPRF-SC;DEL06-SC;UOP01-DEL06-SC;;;
724564;12/10/2025;domingo;08:25:00;MG;116;165;PADRE PARAISO;Transitar na contram�o;Colis�o frontal;Com V�timas Fatais;Pleno dia;Decrescente;C�u Claro;Simples;"Curva;Declive";N�o;4;1;1;0;1;2;1;4;-16,981;-41,448;SPRF-MG;DEL11-MG;UOP02-DEL11-MG;;;
724571;12/10/2025;domingo;12:40:00;BA;116;287;TUCANO;Aus�ncia de rea��o do condutor;Colis�o traseira;Com V�timas Fatais;Pleno dia;Crescente;C�u Claro;Simples;"Reta;Ponte";Sim;2;1;0;0;0;1;0;2;-11,06335;-38,83846;SPRF-BA;DEL07-BA;UOP02-DEL07-BA;;;
724629;12/10/2025;domingo;15:30:00;PR;373;235;IMBITUVA;Condutor deixou de manter dist�ncia do ve�culo da frente;Tombamento;Sem V�timas;Pleno dia;Decrescente;Chuva;Dupla;"Aclive;Curva";N�o;2;0;0;0;1;2;0;3;-25,18053055;-50,71608675;SPRF-PR;DEL03-PR;UOP01-DEL03-PR;;;
724646;12/10/2025;domingo;17:07:00;MG;116;30;CACHOEIRA DE PAJEU;Transitar na contram�o;Colis�o transversal;Com V�timas Fatais;Anoitecer;Crescente;C�u Claro;Simples;Reta;N�o;3;1;0;0;1;2;0;4;-15,904978;-41,408953;SPRF-MG;DEL11-MG;UOP02-DEL11-MG;;;
724648;12/10/2025;domingo;16:50:00;MG;116;257;TEOFILO OTONI;Aus�ncia de rea��o do condutor;Tombamento;Com V�timas Fatais;Anoitecer;Decrescente;C�u Claro;Simples;Reta;N�o;4;1;0;1;0;2;1;2;-17,70425;-41,485123;SPRF-MG;DEL11-MG;UOP01-DEL11-MG;;;
724651;12/10/2025;domingo;20:41:00;ES;101;64;SAO MATEUS;Ultrapassagem Indevida;Colis�o frontal;Com V�timas Feridas;Plena Noite;Decrescente;C�u Claro;Simples;Reta;Sim;3;0;1;0;2;0;1;2;-18,69906;-39,86497;SPRF-ES;DEL04-ES;UOP02-DEL04-ES;;;
724653;12/10/2025;domingo;17:25:00;MT;174;320;PONTES E LACERDA;Condutor usando celular;Colis�o lateral sentido oposto;Com V�timas Feridas;Pleno dia;Crescente;Sol;Simples;Reta;N�o;4;0;2;0;1;2;2;4;-14,942761;-59,29109;SPRF-MT;DEL04-MT;UOP01-DEL04-MT;;;
724656;12/10/2025;domingo;19:35:00;PR;369;434,8;UBIRATA;Transitar na contram�o;Colis�o frontal;Com V�timas Feridas;Plena Noite;Crescente;Nublado;Simples;Reta;N�o;2;0;0;1;0;1;1;2;-24,552308;-53,010157;SPRF-PR;DEL04-PR;UOP03-DEL04-PR;;;
724661;12/10/2025;domingo;19:20:00;MS;262;321;CAMPO GRANDE;Acessar a via sem observar a presen�a dos outros ve�culos;Colis�o transversal;Com V�timas Feridas;Plena Noite;Decrescente;C�u Claro;Simples;"Reta;Retorno Regulamentado";N�o;3;0;1;0;1;1;1;3;-20,469877;-54,483607;SPRF-MS;DEL01-MS;UOP01-DEL01-MS;;;
724673;12/10/2025;domingo;18:30:00;RN;405;126,7;TABOLEIRO GRANDE;Demais falhas mec�nicas ou el�tricas;Tombamento;Com V�timas Feridas;Plena Noite;Crescente;C�u Claro;Simples;Curva;N�o;2;0;1;0;0;2;1;3;-5,937187;-38,111926;SPRF-RN;DEL04-RN;UOP02-DEL04-RN;;;
724678;12/10/2025;domingo;22:18:00;MA;316;161,3;ARAGUANA;Manobra de mudan�a de faixa;Colis�o frontal;Com V�timas Feridas;Plena Noite;Decrescente;C�u Claro;Simples;Reta;Sim;2;0;0;1;1;0;1;2;-2,949342;-45,665928;SPRF-MA;DEL02-MA;UOP02-DEL02-MA;;;
724679;12/10/2025;domingo;14:30:00;PA;230;231;NOVO REPARTIMENTO;Mal s�bito do condutor;Colis�o com objeto;Com V�timas Fatais;Pleno dia;Decrescente;C�u Claro;Simples;Curva;N�o;1;1;0;0;0;0;0;1;-4,71643;-49,66273;SPRF-PA;DEL03-PA;UOP01-DEL03-PA;;;
724683;12/10/2025;domingo;22:30:00;MG;251;464;FRANCISCO SA;Condutor deixou de manter dist�ncia do ve�culo da frente;Colis�o traseira;Com V�timas Feridas;Plena Noite;Crescente;C�u Claro;Simples;Reta;N�o;4;0;2;0;1;1;2;3;-16,42241;-43,32174;SPRF-MG;DEL12-MG;UOP01-DEL12-MG;;;
724687;12/10/2025;domingo;20:15:00;SC;280;267,5;IRINEOPOLIS;Transitar na contram�o;Colis�o frontal;Com V�timas Feridas;Plena Noite;Decrescente;Nublado;Simples;Reta;N�o;4;0;1;0;1;2;1;4;-26,26437656;-50,70469949;SPRF-SC;DEL06-SC;UOP04-DEL06-SC;;;
724690;12/10/2025;domingo;22:50:00;SE;101;201;CRISTINAPOLIS;Ingest�o de �lcool pelo condutor;Colis�o frontal;Com V�timas Feridas;Plena Noite;Decrescente;Nublado;Simples;"Reta;Declive";N�o;2;0;0;1;0;1;1;2;-11,49405;-37,776882;SPRF-SE;DEL02-SE;UOP03-DEL02-SE;;;
724691;12/10/2025;domingo;23:50:00;GO;153;667;GOIATUBA;Rea��o tardia ou ineficiente do condutor;Sa�da de leito carro��vel;Com V�timas Feridas;Plena Noite;Crescente;Chuva;Dupla;Curva;N�o;1;0;1;0;0;0;1;1;-18,11280285;-49,27861512;SPRF-GO;DEL03-GO;UOP02-DEL03-GO;;;
724692;12/10/2025;domingo;18:45:00;MT;364;89,6;ALTO GARCAS;Aus�ncia de rea��o do condutor;Sa�da de leito carro��vel;Com V�timas Fatais;Plena Noite;Crescente;C�u Claro;Simples;Curva;N�o;3;1;0;0;1;2;0;3;-16,83811774;-53,78158903;SPRF-MT;DEL02-MT;UOP02-DEL02-MT;;;
724695;12/10/2025;domingo;22:00:00;MG;116;307,1;ITAMBACURI;Rea��o tardia ou ineficiente do condutor;Colis�o traseira;Com V�timas Feridas;Plena Noite;Crescente;Nublado;Simples;Reta;N�o;2;0;1;0;0;1;1;2;-18,047965;-41,663137;SPRF-MG;DEL11-MG;UOP01-DEL11-MG;;;
724697;12/10/2025;domingo;20:35:00;BA;101;547;SAO JOSE DA VITORIA;Velocidade Incompat�vel;Colis�o lateral sentido oposto;Com V�timas Feridas;Plena Noite;Crescente;C�u Claro;Simples;Curva;N�o;3;0;1;0;1;1;1;3;-15,115163;-39,373347;SPRF-BA;DEL05-BA;UOP02-DEL05-BA;;;
724699;12/10/2025;domingo;13:30:00;AM;319;316;MANICORE;Objeto est�tico sobre o leito carro��vel;Colis�o com objeto;Com V�timas Feridas;Pleno dia;Decrescente;C�u Claro;Simples;"Reta;Ponte";N�o;4;0;1;0;2;1;1;3;-5,047818;-61,64634;SPRF-AM;DEL01-AM;UOP04-DEL01-AM;;;
724704;13/10/2025;segunda-feira;01:20:00;SC;163;77,6;SAO MIGUEL DO OESTE;Transitar na contram�o;Colis�o frontal;Sem V�timas;Plena Noite;Decrescente;Nevoeiro/Neblina;Simples;Declive;N�o;2;0;0;0;2;0;0;2;-26,66708097;-53,5198066;SPRF-SC;DEL07-SC;UOP03-DEL07-SC;;;
724705;13/10/2025;segunda-feira;00:30:00;SP;116;171,7;JACAREI;Demais falhas mec�nicas ou el�tricas;Inc�ndio;Sem V�timas;Plena Noite;Crescente;Nublado;Dupla;Aclive;N�o;1;0;0;0;1;0;0;1;-23,31410227;-46,06735923;SPRF-SP;DEL02-SP;UOP01-DEL02-SP;;;
724709;12/10/2025;domingo;20:18:00;MS;163;250,4;CAARAPO;Ingest�o de �lcool pelo condutor;Sa�da de leito carro��vel;Com V�timas Feridas;Plena Noite;Crescente;C�u Claro;Simples;Reta;N�o;2;0;1;0;0;1;1;2;-22,44218718;-54,82570995;SPRF-MS;DEL04-MS;UOP02-DEL04-MS;;;
724718;13/10/2025;segunda-feira;05:15:00;SC;101;362,3;SANGAO;Aus�ncia de rea��o do condutor;Colis�o traseira;Com V�timas Feridas;Amanhecer;Decrescente;C�u Claro;M�ltipla;"Aclive;Reta";N�o;3;0;0;1;1;1;1;3;-28,67718;-49,13432;SPRF-SC;DEL02-SC;UOP01-DEL02-SC;;;
724723;12/10/2025;domingo;19:22:00;BA;116;499;SANTA TERESINHA;Rea��o tardia ou ineficiente do condutor;Sa�da de leito carro��vel;Sem V�timas;Plena Noite;Decrescente;C�u Claro;Simples;Reta;N�o;2;0;0;0;1;1;0;2;-12,604023;-39,551038;SPRF-BA;DEL02-BA;UOP01-DEL02-BA;;;
724727;13/10/2025;segunda-feira;06:40:00;MG;381;536;ITATIAIUCU;Velocidade Incompat�vel;Colis�o traseira;Com V�timas Feridas;Amanhecer;Crescente;Chuva;Dupla;Retorno Regulamentado;N�o;3;0;0;1;1;1;1;3;-20,2047488;-44,4301312;SPRF-MG;DEL04-MG;UOP03-DEL04-MG;;;
724730;13/10/2025;segunda-feira;04:50:00;MS;262;486,7;ANASTACIO;Acessar a via sem observar a presen�a dos outros ve�culos;Colis�o lateral sentido oposto;Com V�timas Feridas;Amanhecer;Decrescente;C�u Claro;Simples;Reta;Sim;3;0;0;1;1;1;1;3;-20,500125;-55,783288;SPRF-MS;DEL03-MS;UOP01-DEL03-MS;;;
724734;13/10/2025;segunda-feira;08:00:00;SE;235;61,8;ITABAIANA;Acessar a via sem observar a presen�a dos outros ve�culos;Colis�o transversal;Com V�timas Feridas;Pleno dia;Decrescente;Sol;Simples;Curva;N�o;2;0;1;0;1;0;1;2;-10,60864438;-37,47719765;SPRF-SE;DEL01-SE;UOP02-DEL01-SE;;;
724739;13/10/2025;segunda-feira;08:40:00;RS;116;244;SAO LEOPOLDO;Rea��o tardia ou ineficiente do condutor;Colis�o traseira;Com V�timas Feridas;Pleno dia;Crescente;C�u Claro;M�ltipla;Reta;Sim;2;0;1;0;1;0;1;2;-29,7458328;-51,1514249;SPRF-RS;DEL01-RS;UOP02-DEL01-RS;;;
724742;13/10/2025;segunda-feira;06:10:00;MG;262;471,5;BOM DESPACHO;Mal s�bito do condutor;Sa�da de leito carro��vel;Com V�timas Feridas;Amanhecer;Decrescente;Sol;Simples;Reta;Sim;3;0;0;1;1;2;1;4;-19,78388;-45,26935;SPRF-MG;DEL08-MG;UOP03-DEL08-MG;;;
724754;13/10/2025;segunda-feira;08:30:00;SP;381;70;MAIRIPORA;Aus�ncia de rea��o do condutor;Sa�da de leito carro��vel;Com V�timas Feridas;Pleno dia;Decrescente;C�u Claro;Simples;"Curva;Declive";Sim;2;0;1;0;0;1;1;2;-23,3488793;-46,55416042;SPRF-SP;DEL03-SP;UOP01-DEL03-SP;;;
724761;13/10/2025;segunda-feira;11:19:00;PB;230;21;JOAO PESSOA;Rea��o tardia ou ineficiente do condutor;Colis�o com objeto;Com V�timas Feridas;Pleno dia;Crescente;C�u Claro;Dupla;Reta;Sim;6;0;1;2;2;1;3;3;-7,144078;-34,851342;SPRF-PB;DEL01-PB;UOP01-DEL01-PB;;;
724774;13/10/2025;segunda-feira;10:35:00;RO;364;774;PORTO VELHO;Ultrapassagem Indevida;Colis�o lateral mesmo sentido;Com V�timas Feridas;Pleno dia;Crescente;C�u Claro;Simples;Reta;N�o;5;0;0;3;1;1;3;3;-9,16646;-64,2082;SPRF-RO;DEL01-RO;UOP02-DEL01-RO;;;
724775;13/10/2025;segunda-feira;11:00:00;SC;282;345,9;CAMPOS NOVOS;Ultrapassagem Indevida;Colis�o transversal;Com V�timas Feridas;Pleno dia;Decrescente;C�u Claro;Simples;Reta;N�o;2;0;1;0;1;0;1;2;-27,36931;-51,25355;SPRF-SC;DEL07-SC;UOP06-DEL07-SC;;;