id;data_inversa;dia_semana;horario;uf;br;km;municipio;causa_acidente;tipo_acidente;classificacao_acidente;fase_dia;sentido_via;condicao_metereologica;tipo_pista;tracado_via;uso_solo;pessoas;mortos;feridos_leves;feridos_graves;ilesos;ignorados;feridos;veiculos;latitude;longitude;regional;delegacia;uop;;;
725620;17/10/2025;sexta-feira;14:45:00;BA;20;107;SAO DESIDERIO;Acessar a via sem observar a presen�a dos outros ve�culos;Colis�o transversal;Com V�timas Feridas;Pleno dia;Decrescente;C�u Claro;Simples;Reta;N�o;4;0;0;1;2;3;1;5;-13,0111834;-45,9987227;SPRF-BA;DEL10-BA;UOP01-DEL10-BA;;;
725627;17/10/2025;sexta-feira;12:10:00;PR;163;64;PEROLA DOESTE;Convers�o proibida;Colis�o lateral sentido oposto;Com V�timas Feridas;Pleno dia;Decrescente;Chuva;Simples;"Declive;Curva;Ponte";N�o;4;0;1;0;2;3;1;6;-25,84949575;-53,75222538;SPRF-PR;DEL02-PR;UOP02-DEL02-PR;;;
725629;17/10/2025;sexta-feira;13:20:00;SC;282;599,9;CUNHA PORA;Condutor deixou de manter dist�ncia do ve�culo da frente;Colis�o traseira;Com V�timas Feridas;Pleno dia;Crescente;Chuva;Simples;Curva;N�o;9;0;1;0;7;2;1;4;-26,815832;-53,164442;SPRF-SC;DEL07-SC;UOP02-DEL07-SC;;;
725630;17/10/2025;sexta-feira;14:40:00;MG;40;603,2;CONGONHAS;Frear bruscamente;Colis�o traseira;Sem V�timas;Pleno dia;Crescente;Nublado;Simples;"Declive;Reta";N�o;6;0;0;0;5;1;0;4;-20,44824578;-43,84014845;SPRF-MG;DEL05-MG;UOP02-DEL05-MG;;;
725638;17/10/2025;sexta-feira;15:35:00;PR;153;37,2;SANTO ANTONIO DA PLATINA;Aus�ncia de rea��o do condutor;Colis�o com objeto;Sem V�timas;Pleno dia;Decrescente;C�u Claro;Simples;Reta;N�o;2;0;0;0;1;1;0;2;-23,26464;-50,06216;SPRF-PR;DEL07-PR;UOP04-DEL07-PR;;;
725641;17/10/2025;sexta-feira;14:00:00;RS;285;145,6;MUITOS CAPOES;Transitar na contram�o;Colis�o lateral sentido oposto;Com V�timas Feridas;Pleno dia;Decrescente;Chuva;Simples;"Declive;Reta";N�o;3;0;1;0;2;0;1;2;-28,35881411;-51,10646725;SPRF-RS;DEL05-RS;UOP03-DEL05-RS;;;
725644;11/09/2025;quinta-feira;13:30:00;PR;277;108;CURITIBA;Manobra de mudan�a de faixa;Colis�o lateral mesmo sentido;Com V�timas Feridas;Pleno dia;Decrescente;C�u Claro;Dupla;Reta;N�o;2;0;1;0;0;1;1;2;-25,42967834;-49,37853305;SPRF-PR;DEL01-PR;UOP06-DEL01-PR;;;
725650;17/10/2025;sexta-feira;14:30:00;PE;232;135;CARUARU;Rea��o tardia ou ineficiente do condutor;Colis�o traseira;Com V�timas Feridas;Pleno dia;Crescente;C�u Claro;Dupla;"Declive;Reta";N�o;3;0;1;0;2;0;1;2;-8,3134747;-36,0419187;SPRF-PE;DEL02-PE;UOP03-DEL02-PE;;;
725666;17/10/2025;sexta-feira;18:00:00;PB;101;84,9;BAYEUX;Acessar a via sem observar a presen�a dos outros ve�culos;Colis�o lateral mesmo sentido;Sem V�timas;Plena Noite;Decrescente;C�u Claro;Dupla;Reta;Sim;2;0;0;0;2;0;0;2;-7,14931061;-34,91161108;SPRF-PB;DEL01-PB;UOP01-DEL01-PB;;;
725668;17/10/2025;sexta-feira;13:30:00;MG;262;404,5;IGARATINGA;Rea��o tardia ou ineficiente do condutor;Sa�da de leito carro��vel;Com V�timas Feridas;Pleno dia;Crescente;Sol;Dupla;Curva;N�o;2;0;1;0;0;1;1;2;-19,90965;-44,677263;SPRF-MG;DEL01-MG;UOP03-DEL01-MG;;;
725670;17/10/2025;sexta-feira;16:20:00;RJ;116;137;MAGE;Condutor deixou de manter dist�ncia do ve�culo da frente;Colis�o lateral mesmo sentido;Sem V�timas;Pleno dia;Decrescente;C�u Claro;Dupla;Reta;Sim;2;0;0;0;2;0;0;2;-22,64594412;-43,19443052;SPRF-RJ;DEL04-RJ;UOP02-DEL04-RJ;;;
725671;17/10/2025;sexta-feira;14:50:00;MG;381;872,8;ESTIVA;Frear bruscamente;Sa�da de leito carro��vel;Com V�timas Feridas;Pleno dia;Crescente;Chuva;Dupla;"Declive;Reta";N�o;2;0;1;0;0;1;1;2;-22,41031439;-45,96168995;SPRF-MG;DEL16-MG;UOP01-DEL16-MG;;;
725688;17/10/2025;sexta-feira;17:50:00;RN;101;163;CANGUARETAMA;Acessar a via sem observar a presen�a dos outros ve�culos;Colis�o transversal;Com V�timas Fatais;Plena Noite;Crescente;C�u Claro;Dupla;Reta;N�o;3;1;0;0;2;0;0;2;-6,393055;-35,1388675;SPRF-RN;DEL01-RN;UOP01-DEL01-RN;;;
725694;17/10/2025;sexta-feira;15:00:00;MG;40;131;JOAO PINHEIRO;Aus�ncia de rea��o do condutor;Colis�o traseira;Com V�timas Feridas;Pleno dia;Decrescente;Sol;Simples;Reta;N�o;2;0;1;0;1;0;1;2;-17,70184789;-46,29894597;SPRF-MG;DEL14-MG;UOP01-DEL14-MG;;;
725702;17/10/2025;sexta-feira;19:50:00;GO;60;61;ABADIANIA;Ingest�o de �lcool pelo condutor;Colis�o transversal;Sem V�timas;Plena Noite;Crescente;C�u Claro;Dupla;Reta;Sim;3;0;0;0;2;1;0;3;-16,19091;-48,70917;SPRF-GO;DEL02-GO;UOP01-DEL02-GO;;;
725703;17/10/2025;sexta-feira;18:20:00;SP;153;9;ICEM;Manobra de mudan�a de faixa;Colis�o lateral mesmo sentido;Com V�timas Feridas;Anoitecer;Decrescente;Nublado;Simples;Reta;N�o;4;0;1;0;2;1;1;3;-20,380959;-49,231349;SPRF-SP;DEL09-SP;UOP01-DEL09-SP;;;
725710;17/10/2025;sexta-feira;17:10:00;RJ;40;105;DUQUE DE CAXIAS;Desrespeitar a prefer�ncia no cruzamento;Colis�o lateral sentido oposto;Com V�timas Feridas;Pleno dia;Decrescente;C�u Claro;Simples;Reta;N�o;3;0;1;0;0;2;1;2;-22,64084388;-43,28333441;SPRF-RJ;DEL01-RJ;UOP02-DEL01-RJ;;;
725711;17/10/2025;sexta-feira;13:35:00;BA;116;441,9;FEIRA DE SANTANA;Velocidade Incompat�vel;Tombamento;Com V�timas Feridas;Pleno dia;Crescente;Sol;Dupla;"Curva;Declive";N�o;3;0;2;0;0;1;2;2;-12,35195;-39,09318;SPRF-BA;DEL02-BA;UOP01-DEL02-BA;;;
725712;17/10/2025;sexta-feira;19:30:00;GO;153;623;MORRINHOS;Rea��o tardia ou ineficiente do condutor;Colis�o traseira;Com V�timas Feridas;Plena Noite;Crescente;Nublado;Dupla;Aclive;N�o;3;0;1;0;1;1;1;3;-17,74453611;-49,15890589;SPRF-GO;DEL03-GO;UOP01-DEL03-GO;;;
725717;17/10/2025;sexta-feira;18:30:00;BA;101;564;ARATACA;Velocidade Incompat�vel;Tombamento;Com V�timas Feridas;Plena Noite;Decrescente;C�u Claro;Simples;"Curva;Aclive";N�o;3;0;2;0;0;1;2;2;-15,230971;-39,445368;SPRF-BA;DEL05-BA;UOP02-DEL05-BA;;;
725721;17/10/2025;sexta-feira;06:00:00;MA;10;297;CIDELANDIA;Aus�ncia de rea��o do condutor;Sa�da de leito carro��vel;Sem V�timas;Amanhecer;Decrescente;C�u Claro;Simples;Reta;N�o;2;0;0;0;1;1;0;2;-5,13959;-47,54326;SPRF-MA;DEL04-MA;UOP03-DEL04-MA;;;
725734;17/10/2025;sexta-feira;21:00:00;RJ;101;262;RIO BONITO;Aus�ncia de rea��o do condutor;Tombamento;Com V�timas Feridas;Plena Noite;Crescente;Nublado;Dupla;Curva;N�o;3;0;1;0;2;0;1;3;-22,7188226;-42,62343596;SPRF-RJ;DEL02-RJ;UOP03-DEL02-RJ;;;
725745;17/10/2025;sexta-feira;22:30:00;RS;116;538;CAPAO DO LEAO;Condutor Dormindo;Sa�da de leito carro��vel;Com V�timas Feridas;Plena Noite;Decrescente;Nublado;Simples;Reta;N�o;2;0;2;0;0;0;2;2;-31,81573407;-52,51520483;SPRF-RS;DEL07-RS;UOP01-DEL07-RS;;;
725750;17/10/2025;sexta-feira;18:18:00;MT;70;331;DOM AQUINO;Acessar a via sem observar a presen�a dos outros ve�culos;Colis�o transversal;Com V�timas Feridas;Plena Noite;Crescente;C�u Claro;Simples;Reta;N�o;2;0;1;0;1;0;1;2;-15,52449946;-54,75506974;SPRF-MT;DEL05-MT;UOP01-DEL05-MT;;;
725753;17/10/2025;sexta-feira;21:30:00;SP;116;104,3;TAUBATE;Entrada inopinada do pedestre;Atropelamento de Pedestre;Com V�timas Feridas;Plena Noite;Decrescente;C�u Claro;Dupla;Declive;N�o;3;0;0;1;1;3;1;5;-23,00592265;-45,51163673;SPRF-SP;DEL02-SP;UOP02-DEL02-SP;;;
725756;17/10/2025;sexta-feira;22:10:00;MT;364;304;JACIARA;Aus�ncia de rea��o do condutor;Colis�o traseira;Com V�timas Feridas;Plena Noite;Decrescente;C�u Claro;Dupla;Reta;N�o;3;0;1;0;1;2;1;4;-15,82649604;-55,1937452;SPRF-MT;DEL05-MT;UOP02-DEL05-MT;;;
725758;17/10/2025;sexta-feira;22:40:00;MG;50;42;ARAGUARI;Rea��o tardia ou ineficiente do condutor;Colis�o traseira;Com V�timas Fatais;Plena Noite;Crescente;C�u Claro;Dupla;Reta;N�o;3;1;0;0;1;3;0;5;-18,68639485;-48,17919016;SPRF-MG;DEL15-MG;UOP02-DEL15-MG;;;
725762;17/10/2025;sexta-feira;21:11:00;PR;277;174;PALMEIRA;Aus�ncia de rea��o do condutor;Sa�da de leito carro��vel;Com V�timas Feridas;Plena Noite;Crescente;Chuva;Simples;"Declive;Reta";Sim;2;0;1;0;0;1;1;2;-25,4366952;-49,97809108;SPRF-PR;DEL03-PR;UOP03-DEL03-PR;;;
725765;17/10/2025;sexta-feira;23:00:00;SC;470;19;ILHOTA;Objeto est�tico sobre o leito carro��vel;Colis�o com objeto;Sem V�timas;Plena Noite;Crescente;Nublado;Dupla;Reta;N�o;2;0;0;0;1;1;0;2;-26,86539048;-48,81620025;SPRF-SC;DEL04-SC;UOP04-DEL04-SC;;;
725769;18/10/2025;s�bado;00:20:00;RS;448;9,7;CANOAS;Acumulo de �gua sobre o pavimento;Colis�o lateral mesmo sentido;Com V�timas Feridas;Plena Noite;Decrescente;Chuva;Dupla;"Viaduto;Interse��o de Vias";N�o;4;0;1;0;2;1;1;3;-29,92347;-51,228609;SPRF-RS;DEL01-RS;UOP01-DEL01-RS;;;
725778;18/10/2025;s�bado;01:08:00;RS;392;6,1;RIO GRANDE;Ingest�o de �lcool pelo condutor;Colis�o traseira;Com V�timas Feridas;Plena Noite;Decrescente;C�u Claro;Simples;Reta;Sim;2;0;1;0;1;0;1;2;-32,08496;-52,105662;SPRF-RS;DEL07-RS;UOP02-DEL07-RS;;;
725779;18/10/2025;s�bado;00:20:00;MT;364;380,2;SANTO ANTONIO DO LEVERGER;Condutor Dormindo;Sa�da de leito carro��vel;Com V�timas Feridas;Plena Noite;Decrescente;C�u Claro;Dupla;Curva;N�o;2;0;1;0;0;1;1;2;-15,702765;-55,805458;SPRF-MT;DEL01-MT;UOP02-DEL01-MT;;;
725785;18/10/2025;s�bado;02:20:00;RN;304;132;ITAJA;Demais falhas mec�nicas ou el�tricas;Inc�ndio;Sem V�timas;Plena Noite;Crescente;C�u Claro;Simples;Reta;N�o;2;0;0;0;1;1;0;2;-5,658055;-36,777063;SPRF-RN;DEL04-RN;UOP01-DEL04-RN;;;
725786;18/10/2025;s�bado;04:30:00;ES;101;269,5;SERRA;Curva acentuada;Tombamento;Com V�timas Feridas;Amanhecer;Crescente;C�u Claro;Dupla;"Reta;Retorno Regulamentado";Sim;2;0;1;0;0;1;1;2;-20,22232595;-40,27037412;SPRF-ES;DEL02-ES;UOP01-DEL02-ES;;;
725787;18/10/2025;s�bado;01:40:00;BA;101;816,4;ITAMARAJU;Velocidade Incompat�vel;Tombamento;Sem V�timas;Plena Noite;Crescente;C�u Claro;Simples;"Curva;Declive";N�o;2;0;0;0;1;1;0;2;-17,0852033;-39,5714683;SPRF-BA;DEL09-BA;UOP01-DEL09-BA;;;
725798;18/10/2025;s�bado;06:00:00;SC;101;120;ITAJAI;Rea��o tardia ou ineficiente do condutor;Colis�o traseira;Com V�timas Feridas;Amanhecer;Decrescente;Chuva;Dupla;Reta;Sim;4;0;2;0;1;1;2;3;-26,92026789;-48,70861799;SPRF-SC;DEL04-SC;UOP04-DEL04-SC;;;
725802;18/10/2025;s�bado;04:40:00;MG;262;481,9;BOM DESPACHO;Ingest�o de �lcool pelo condutor;Colis�o frontal;Com V�timas Fatais;Pleno dia;Crescente;C�u Claro;Simples;Reta;N�o;3;1;0;0;1;1;0;3;-19,783507;-45,368342;SPRF-MG;DEL08-MG;UOP03-DEL08-MG;;;
725806;18/10/2025;s�bado;02:30:00;PR;277;482,1;NOVA LARANJEIRAS;Ultrapassagem Indevida;Colis�o lateral mesmo sentido;Com V�timas Feridas;Plena Noite;Decrescente;Chuva;Simples;Reta;N�o;6;0;4;0;1;1;4;2;-25,268994;-52,615115;SPRF-PR;DEL04-PR;UOP02-DEL04-PR;;;
725812;18/10/2025;s�bado;06:30:00;PI;343;42;BURITI DOS LOPES;Rea��o tardia ou ineficiente do condutor;Sa�da de leito carro��vel;Com V�timas Feridas;Pleno dia;Decrescente;Sol;Simples;Curva;N�o;2;0;1;0;0;3;1;4;-3,16292902;-41,82167816;SPRF-PI;DEL05-PI;UOP01-DEL05-PI;;;
725820;18/10/2025;s�bado;07:25:00;PI;316;1;TERESINA;Condutor deixou de manter dist�ncia do ve�culo da frente;Colis�o traseira;Com V�timas Feridas;Pleno dia;Crescente;C�u Claro;Dupla;Reta;Sim;3;0;0;1;1;1;1;3;-5,12726;-42,803685;SPRF-PI;DEL01-PI;UOP02-DEL01-PI;;;
725822;18/10/2025;s�bado;05:30:00;MS;163;556,2;BANDEIRANTES;Aus�ncia de rea��o do condutor;Sa�da de leito carro��vel;Com V�timas Feridas;Amanhecer;Decrescente;Nublado;Simples;Declive;N�o;1;0;1;0;0;0;1;1;-19,849848;-54,369425;SPRF-MS;DEL01-MS;UOP02-DEL01-MS;;;
725824;18/10/2025;s�bado;07:38:00;PB;230;112;INGA;Condutor Dormindo;Sa�da de leito carro��vel;Sem V�timas;Pleno dia;Crescente;C�u Claro;Dupla;Curva;N�o;1;0;0;0;1;0;0;1;-7,217542;-35,595717;SPRF-PB;DEL01-PB;UOP02-DEL01-PB;;;
725829;18/10/2025;s�bado;07:10:00;MT;70;293;PRIMAVERA DO LESTE;Condutor deixou de manter dist�ncia do ve�culo da frente;Colis�o traseira;Com V�timas Feridas;Pleno dia;Decrescente;C�u Claro;Simples;Reta;N�o;3;0;1;0;1;4;1;6;-15,579362;-54,416078;SPRF-MT;DEL05-MT;UOP01-DEL05-MT;;;
725833;18/10/2025;s�bado;08:25:00;PI;402;33;PARNAIBA;Acessar a via sem observar a presen�a dos outros ve�culos;Colis�o lateral mesmo sentido;Com V�timas Feridas;Pleno dia;Crescente;C�u Claro;Simples;"Interse��o de Vias;Curva";Sim;2;0;0;1;1;0;1;2;-2,92948474;-41,75309077;SPRF-PI;DEL05-PI;UOP01-DEL05-PI;;;
725835;18/10/2025;s�bado;04:30:00;MG;381;674,1;PERDOES;Condutor Dormindo;Colis�o traseira;Com V�timas Fatais;Amanhecer;Decrescente;Nublado;Dupla;"Reta;Aclive";N�o;4;2;0;0;1;1;0;3;-21,085844;-45,064755;SPRF-MG;DEL04-MG;UOP02-DEL04-MG;;;
725836;12/09/2025;sexta-feira;05:13:00;GO;153;659;GOIATUBA;Rea��o tardia ou ineficiente do condutor;Tombamento;Com V�timas Feridas;Amanhecer;Decrescente;C�u Claro;Dupla;Reta;N�o;2;0;1;0;0;1;1;2;-18,040163;-49,26702;SPRF-GO;DEL03-GO;UOP01-DEL03-GO;;;
725838;18/10/2025;s�bado;08:00:00;PI;343;325;TERESINA;Condutor deixou de manter dist�ncia do ve�culo da frente;Colis�o traseira;Com V�timas Feridas;Pleno dia;Crescente;C�u Claro;Simples;Reta;N�o;3;0;0;1;1;2;1;4;-5,068295;-42,615408;SPRF-PI;DEL01-PI;UOP01-DEL01-PI;;;
725839;23/09/2025;ter�a-feira;19:15:00;MT;364;289;JACIARA;Rea��o tardia ou ineficiente do condutor;Colis�o lateral mesmo sentido;Com V�timas Feridas;Plena Noite;Decrescente;C�u Claro;Dupla;Reta;N�o;2;0;1;0;1;0;1;2;-15,8835803;-55,11067629;SPRF-MT;DEL05-MT;UOP02-DEL05-MT;;;
725841;18/10/2025;s�bado;07:20:00;MA;135;9;SAO LUIS;Aus�ncia de rea��o do condutor;Colis�o frontal;Com V�timas Feridas;Pleno dia;Decrescente;C�u Claro;Dupla;"Reta;Aclive";Sim;2;0;0;1;1;0;1;2;-2,648885;-44,279465;SPRF-MA;DEL01-MA;UOP01-DEL01-MA;;;
725849;18/10/2025;s�bado;07:56:00;MS;262;61;TRES LAGOAS;Rea��o tardia ou ineficiente do condutor;Colis�o traseira;Com V�timas Feridas;Pleno dia;Crescente;Chuva;Simples;Reta;N�o;4;0;0;1;2;12;1;14;-20,711;-52,156658;SPRF-MS;DEL07-MS;UOP01-DEL07-MS;;;
725851;18/10/2025;s�bado;01:10:00;MG;251;333;RUBELITA;Aus�ncia de rea��o do condutor;Colis�o lateral sentido oposto;Com V�timas Feridas;Plena Noite;Crescente;C�u Claro;Simples;"Declive;Curva";N�o;3;0;1;1;0;2;2;4;-16,262545;-42,408611;SPRF-MG;DEL12-MG;UOP02-DEL12-MG;;;
725858;18/10/2025;s�bado;11:20:00;GO;153;436,7;ANAPOLIS;Velocidade Incompat�vel;Sa�da de leito carro��vel;Com V�timas Feridas;Pleno dia;Crescente;C�u Claro;Dupla;"Desvio Tempor�rio;Curva";Sim;1;0;1;0;0;0;1;1;-16,299941;-48,926901;SPRF-GO;DEL02-GO;UOP01-DEL02-GO;;;
725860;18/10/2025;s�bado;09:47:00;MG;116;652,9;SAO FRANCISCO DO GLORIA;Condutor deixou de manter dist�ncia do ve�culo da frente;Engavetamento;Com V�timas Feridas;Pleno dia;Decrescente;Nublado;Simples;Reta;N�o;8;0;2;0;4;3;2;5;-20,74732;-42,28851;SPRF-MG;DEL07-MG;UOP02-DEL07-MG;;;
725861;18/10/2025;s�bado;11:02:00;PA;10;292;MAE DO RIO;Acostamento em desn�vel;Sa�da de leito carro��vel;Com V�timas Feridas;Pleno dia;Crescente;Sol;Simples;Reta;N�o;2;0;1;0;0;1;1;2;-1,878466;-47,522808;SPRF-PA;DEL02-PA;UOP01-DEL02-PA;;;
725866;18/10/2025;s�bado;11:40:00;MT;158;431,3;RIBEIRAO CASCALHEIRA;Aus�ncia de rea��o do condutor;Sa�da de leito carro��vel;Com V�timas Feridas;Pleno dia;Crescente;C�u Claro;Simples;Curva;N�o;2;0;1;0;1;0;1;1;-12,996474;-51,883857;SPRF-MT;DEL07-MT;UOP02-DEL07-MT;;;
725867;18/10/2025;s�bado;13:05:00;PE;101;20;GOIANA;Aus�ncia de rea��o do condutor;Colis�o lateral mesmo sentido;Sem V�timas;Pleno dia;Crescente;C�u Claro;Dupla;Reta;N�o;2;0;0;0;1;1;0;2;-7,66251868;-34,93643332;SPRF-PE;DEL01-PE;UOP02-DEL01-PE;;;
725868;18/10/2025;s�bado;11:00:00;SP;116;556;BARRA DO TURVO;Aus�ncia de rea��o do condutor;Sa�da de leito carro��vel;Com V�timas Feridas;Pleno dia;Decrescente;C�u Claro;Simples;Reta;N�o;2;0;1;0;0;1;1;2;-24,99477107;-48,50755692;SPRF-SP;DEL05-SP;UOP02-DEL05-SP;;;
725870;18/10/2025;s�bado;12:38:00;PE;101;122;ESCADA;Manobra de mudan�a de faixa;Colis�o traseira;Com V�timas Feridas;Pleno dia;Crescente;C�u Claro;Dupla;Reta;N�o;3;0;2;0;1;0;2;3;-8,359217;-35,197095;SPRF-PE;DEL01-PE;UOP03-DEL01-PE;;;
725883;18/10/2025;s�bado;10:40:00;SC;282;539,5;CHAPECO;Transitar na contram�o;Colis�o lateral sentido oposto;Com V�timas Feridas;Pleno dia;Crescente;C�u Claro;Simples;Curva;N�o;4;0;1;0;3;0;1;3;-26,991373;-52,686512;SPRF-SC;DEL07-SC;UOP01-DEL07-SC;;;
725891;18/10/2025;s�bado;14:40:00;CE;222;14,6;CAUCAIA;Manobra de mudan�a de faixa;Colis�o frontal;Com V�timas Fatais;Pleno dia;Decrescente;Sol;Simples;"Reta;Em Obras;Desvio Tempor�rio";N�o;3;1;0;0;2;0;0;2;-3,7601431;-38,6950349;SPRF-CE;DEL01-CE;UOP01-DEL01-CE;;;
725906;18/10/2025;s�bado;16:35:00;SC;282;408;CATANDUVAS;Aus�ncia de rea��o do condutor;Sa�da de leito carro��vel;Com V�timas Feridas;Pleno dia;Decrescente;Garoa/Chuvisco;Simples;Reta;N�o;1;0;1;0;0;0;1;1;-27,085082;-51,661722;SPRF-SC;DEL07-SC;UOP05-DEL07-SC;;;
725913;18/10/2025;s�bado;15:55:00;PR;376;619;SAO JOSE DOS PINHAIS;Aus�ncia de rea��o do condutor;Colis�o lateral mesmo sentido;Com V�timas Feridas;Pleno dia;Decrescente;Chuva;M�ltipla;Reta;N�o;3;0;1;0;1;1;1;3;-25,60916347;-49,1716665;SPRF-PR;DEL01-PR;UOP04-DEL01-PR;;;
725920;18/10/2025;s�bado;17:15:00;PI;135;315,8;CRISTINO CASTRO;Acessar a via sem observar a presen�a dos outros ve�culos;Colis�o lateral mesmo sentido;Com V�timas Feridas;Pleno dia;Crescente;C�u Claro;Simples;Reta;Sim;2;0;1;0;1;0;1;2;-8,808812;-44,217632;SPRF-PI;DEL03-PI;UOP02-DEL03-PI;;;
725921;06/10/2025;segunda-feira;11:15:00;TO;153;154;ARAGUAINA;Demais falhas mec�nicas ou el�tricas;Tombamento;Com V�timas Feridas;Pleno dia;Crescente;C�u Claro;Simples;"Ponte;Reta";N�o;2;0;1;0;0;1;1;2;-7,28440701;-48,2776222;SPRF-TO;DEL02-TO;UOP01-DEL02-TO;;;
725925;18/10/2025;s�bado;18:07:00;MA;230;412,7;BALSAS;Aus�ncia de rea��o do condutor;Colis�o traseira;Com V�timas Feridas;Pleno dia;Crescente;C�u Claro;Simples;"Declive;Reta";N�o;3;0;1;0;1;1;1;3;-7,5014296;-46,11717224;SPRF-MA;DEL05-MA;UOP01-DEL05-MA;;;
725930;18/10/2025;s�bado;18:15:00;AL;104;90;RIO LARGO;Acessar a via sem observar a presen�a dos outros ve�culos;Colis�o transversal;Com V�timas Feridas;Plena Noite;Crescente;C�u Claro;Dupla;Reta;Sim;2;0;1;0;1;0;1;2;-9,497544;-35,812561;SPRF-AL;DEL01-AL;UOP01-DEL01-AL;;;
725938;18/10/2025;s�bado;17:50:00;SP;116;43,2;CACHOEIRA PAULISTA;Demais falhas mec�nicas ou el�tricas;Colis�o traseira;Com V�timas Feridas;Pleno dia;Crescente;Chuva;Dupla;"Reta;Declive";N�o;3;0;1;0;2;0;1;2;-22,69760129;-45,03037691;SPRF-SP;DEL08-SP;UOP02-DEL08-SP;;;
725946;18/10/2025;s�bado;18:15:00;GO;153;424,3;ANAPOLIS;Ingest�o de �lcool pelo condutor;Colis�o transversal;Sem V�timas;Anoitecer;Crescente;Chuva;Dupla;"Reta;Aclive";N�o;3;0;0;0;2;2;0;4;-16,225754;-49,011451;SPRF-GO;DEL02-GO;UOP01-DEL02-GO;;;
725955;18/10/2025;s�bado;20:15:00;PR;376;184;SARANDI;Demais falhas mec�nicas ou el�tricas;Inc�ndio;Sem V�timas;Plena Noite;Crescente;C�u Claro;Dupla;Declive;Sim;2;0;0;0;1;2;0;3;-23,441753;-51,870688;SPRF-PR;DEL09-PR;UOP01-DEL09-PR;;;
725960;18/10/2025;s�bado;17:28:00;MA;135;20,1;SAO LUIS;Desrespeitar a prefer�ncia no cruzamento;Colis�o transversal;Sem V�timas;Anoitecer;Decrescente;C�u Claro;Dupla;Retorno Regulamentado;Sim;2;0;0;0;1;1;0;2;-2,686976;-44,2957824;SPRF-MA;DEL01-MA;UOP01-DEL01-MA;;;
725963;18/10/2025;s�bado;19:50:00;MG;116;816,1;ALEM PARAIBA;Acessar a via sem observar a presen�a dos outros ve�culos;Colis�o transversal;Com V�timas Feridas;Plena Noite;Decrescente;Nublado;Simples;"Reta;Aclive";Sim;3;0;0;2;1;0;2;2;-21,866173;-42,671126;SPRF-MG;DEL07-MG;UOP01-DEL07-MG;;;
725966;18/10/2025;s�bado;17:00:00;PI;230;300;FLORIANO;Carga excessiva e/ou mal acondicionada;Tombamento;Com V�timas Feridas;Pleno dia;Crescente;Sol;Simples;"Reta;Rotat�ria";N�o;2;0;1;0;0;1;1;2;-6,8145523;-42,941223;SPRF-PI;DEL03-PI;UOP01-DEL03-PI;;;
725974;18/10/2025;s�bado;19:00:00;MG;116;523,2;CARATINGA;Convers�o proibida;Colis�o lateral mesmo sentido;Com V�timas Feridas;Plena Noite;Decrescente;Nublado;Simples;"Reta;Interse��o de Vias";Sim;3;0;2;0;1;0;2;2;-19,75656618;-42,13289022;SPRF-MG;DEL06-MG;UOP02-DEL06-MG;;;
725987;18/10/2025;s�bado;23:26:00;DF;20;39,7;BRASILIA;Chuva;Eventos at�picos;Com V�timas Feridas;Plena Noite;Decrescente;Chuva;Dupla;Declive;N�o;35;0;16;16;3;0;32;3;-15,581707;-47,517928;SPRF-DF;DEL02-DF;UOP01-DEL02-DF;;;
725991;18/10/2025;s�bado;22:30:00;MT;163;63,5;RONDONOPOLIS;Rea��o tardia ou ineficiente do condutor;Sa�da de leito carro��vel;Com V�timas Feridas;Plena Noite;Decrescente;Nublado;Dupla;Reta;N�o;1;0;1;0;0;0;1;1;-16,95596;-54,7399;SPRF-MT;DEL02-MT;UOP03-DEL02-MT;;;
725998;19/10/2025;domingo;02:50:00;MG;381;485;BETIM;Rea��o tardia ou ineficiente do condutor;Colis�o traseira;Com V�timas Feridas;Plena Noite;Crescente;C�u Claro;Dupla;Reta;Sim;2;0;0;1;0;1;1;2;-19,95562733;-44,09838289;SPRF-MG;DEL01-MG;UOP03-DEL01-MG;;;
726010;19/10/2025;domingo;03:30:00;SC;101;181,3;BIGUACU;Avarias e/ou desgaste excessivo no pneu;Colis�o com objeto;Com V�timas Feridas;Plena Noite;Crescente;C�u Claro;Dupla;Reta;Sim;4;0;1;0;2;1;1;3;-27,39178;-48,63164;SPRF-SC;DEL01-SC;UOP01-DEL01-SC;;;
726014;19/10/2025;domingo;03:15:00;MG;116;244,9;TEOFILO OTONI;Transitar na contram�o;Colis�o frontal;Com V�timas Feridas;Plena Noite;Decrescente;Nublado;Simples;Reta;Sim;3;0;0;2;1;0;2;2;-17,60295116;-41,49238336;SPRF-MG;DEL11-MG;UOP01-DEL11-MG;;;
726020;19/10/2025;domingo;05:45:00;SP;116;347;MIRACATU;Rea��o tardia ou ineficiente do condutor;Tombamento;Com V�timas Feridas;Amanhecer;Decrescente;C�u Claro;Dupla;"Aclive;Curva";N�o;2;0;1;0;0;2;1;3;-24,0502854;-47,2001178;SPRF-SP;DEL04-SP;UOP03-DEL04-SP;;;
726021;19/10/2025;domingo;02:00:00;MT;163;99;RONDONOPOLIS;Aus�ncia de rea��o do condutor;Sa�da de leito carro��vel;Com V�timas Feridas;Plena Noite;Decrescente;C�u Claro;Dupla;Reta;N�o;2;0;1;0;0;2;1;3;-16,39210412;-54,39864278;SPRF-MT;DEL02-MT;UOP03-DEL02-MT;;;
726022;19/10/2025;domingo;03:50:00;GO;153;671;PANAMA;Rea��o tardia ou ineficiente do condutor;Colis�o traseira;Com V�timas Feridas;Plena Noite;Decrescente;C�u Claro;Dupla;"Curva;Declive";N�o;4;0;1;1;1;2;2;4;-18,156383;-49,28698;SPRF-GO;DEL03-GO;UOP02-DEL03-GO;;;