id;data_inversa;dia_semana;horario;uf;br;km;municipio;causa_acidente;tipo_acidente;classificacao_acidente;fase_dia;sentido_via;condicao_metereologica;tipo_pista;tracado_via;uso_solo;pessoas;mortos;feridos_leves;feridos_graves;ilesos;ignorados;feridos;veiculos;latitude;longitude;regional;delegacia;uop;;;
726734;27/08/2025;quarta-feira;01:30:00;RJ;354;21;RESENDE;Demais falhas mec�nicas ou el�tricas;Inc�ndio;Sem V�timas;Plena Noite;Crescente;Nublado;Simples;"Curva;Declive";N�o;2;0;0;0;1;1;0;2;-22,47333877;-44,71056685;SPRF-RJ;DEL07-RJ;UOP02-DEL07-RJ;;;
726736;22/10/2025;quarta-feira;10:00:00;MA;135;9;SAO LUIS;Rea��o tardia ou ineficiente do condutor;Colis�o traseira;Com V�timas Feridas;Pleno dia;Crescente;C�u Claro;Dupla;Reta;Sim;5;0;2;0;3;0;2;2;-2,64849699;-44,27912861;SPRF-MA;DEL01-MA;UOP01-DEL01-MA;;;
726737;22/10/2025;quarta-feira;11:25:00;MS;158;77;PARANAIBA;Condutor deixou de manter dist�ncia do ve�culo da frente;Colis�o traseira;Sem V�timas;Pleno dia;Decrescente;C�u Claro;Simples;Reta;N�o;9;0;0;0;8;1;0;3;-19,546889;-51,256452;SPRF-MS;DEL08-MS;UOP01-DEL08-MS;;;
726738;22/10/2025;quarta-feira;11:45:00;SC;101;358,3;SANGAO;Desrespeitar a prefer�ncia no cruzamento;Colis�o transversal;Com V�timas Feridas;Pleno dia;Crescente;C�u Claro;M�ltipla;Reta;Sim;4;0;1;1;1;1;2;3;-28,65266144;-49,10692334;SPRF-SC;DEL02-SC;UOP01-DEL02-SC;;;
726739;22/10/2025;quarta-feira;11:15:00;RS;116;524,5;PELOTAS;Desrespeitar a prefer�ncia no cruzamento;Colis�o transversal;Com V�timas Feridas;Pleno dia;Crescente;C�u Claro;M�ltipla;Rotat�ria;Sim;3;0;1;1;1;0;2;2;-31,7352083;-52,39327177;SPRF-RS;DEL07-RS;UOP01-DEL07-RS;;;
726743;22/10/2025;quarta-feira;13:15:00;GO;153;427,5;ANAPOLIS;Manobra de mudan�a de faixa;Colis�o traseira;Sem V�timas;Pleno dia;Crescente;C�u Claro;Dupla;"Reta;Interse��o de Vias";N�o;2;0;0;0;1;1;0;2;-16,24677424;-49,00034362;SPRF-GO;DEL02-GO;UOP01-DEL02-GO;;;
726747;22/10/2025;quarta-feira;13:00:00;PE;316;81,9;OURICURI;Demais falhas mec�nicas ou el�tricas;Inc�ndio;Sem V�timas;Pleno dia;Crescente;Nublado;Simples;Reta;N�o;2;0;0;0;1;2;0;3;-7,87367;-40,087847;SPRF-PE;DEL05-PE;UOP02-DEL05-PE;;;
726748;22/10/2025;quarta-feira;13:50:00;SP;116;84;PINDAMONHANGABA;Aus�ncia de rea��o do condutor;Colis�o traseira;Com V�timas Feridas;Pleno dia;Crescente;Sol;Dupla;Reta;N�o;2;0;1;0;1;0;1;2;-22,91857464;-45,33780663;SPRF-SP;DEL08-SP;UOP01-DEL08-SP;;;
726752;08/09/2025;segunda-feira;12:40:00;DF;80;14;BRASILIA;Mal s�bito do condutor;Colis�o frontal;Com V�timas Fatais;Pleno dia;Crescente;Sol;Simples;"Reta;Declive";Sim;8;1;5;0;0;2;5;3;-15,7069626;-48,20036709;SPRF-DF;DEL03-DF;UOP02-DEL03-DF;;;
726754;22/10/2025;quarta-feira;14:35:00;TO;153;366;FORTALEZA DO TABOCAO;Transitar na contram�o;Colis�o frontal;Com V�timas Feridas;Pleno dia;Crescente;C�u Claro;Simples;Reta;N�o;3;0;2;0;0;3;2;5;-9,12672015;-48,53360295;SPRF-TO;DEL02-TO;UOP02-DEL02-TO;;;
726755;22/10/2025;quarta-feira;13:10:00;PE;408;38,5;NAZARE DA MATA;Velocidade Incompat�vel;Colis�o traseira;Com V�timas Fatais;Pleno dia;Decrescente;Sol;Simples;Reta;Sim;2;1;0;0;1;0;0;2;-7,73577676;-35,22191134;SPRF-PE;DEL01-PE;UOP01-DEL01-PE;;;
726758;22/10/2025;quarta-feira;07:56:00;MT;163;1110;GUARANTA DO NORTE;Rea��o tardia ou ineficiente do condutor;Tombamento;Com V�timas Feridas;Pleno dia;Decrescente;C�u Claro;Simples;Curva;N�o;2;0;1;0;0;3;1;4;-9,6015;-54,89;SPRF-MT;DEL06-MT;UOP03-DEL06-MT;;;
726762;22/10/2025;quarta-feira;14:20:00;SC;280;237,3;CANOINHAS;Rea��o tardia ou ineficiente do condutor;Colis�o lateral sentido oposto;Com V�timas Feridas;Pleno dia;Crescente;C�u Claro;Simples;Curva;N�o;4;0;3;0;1;0;3;2;-26,20048;-50,43321;SPRF-SC;DEL06-SC;UOP04-DEL06-SC;;;
726764;22/10/2025;quarta-feira;13:24:00;PE;101;209;XEXEU;Condutor Dormindo;Colis�o com objeto;Com V�timas Fatais;Pleno dia;Crescente;C�u Claro;Dupla;"Declive;Curva";N�o;2;1;0;0;0;1;0;2;-8,83358;-35,645473;SPRF-PE;DEL01-PE;UOP03-DEL01-PE;;;
726765;22/10/2025;quarta-feira;09:40:00;RJ;101;331;RIO DE JANEIRO;Condutor deixou de manter dist�ncia do ve�culo da frente;Colis�o traseira;Com V�timas Feridas;Pleno dia;Crescente;C�u Claro;Dupla;Reta;Sim;2;0;1;0;1;0;1;2;-22,86788869;-43,19308519;SPRF-RJ;DEL02-RJ;UOP01-DEL02-RJ;;;
726766;22/10/2025;quarta-feira;14:00:00;RS;116;524,2;PELOTAS;Velocidade Incompat�vel;Tombamento;Com V�timas Feridas;Pleno dia;Decrescente;C�u Claro;Dupla;"Interse��o de Vias;Curva";Sim;2;0;1;0;0;1;1;2;-31,72585353;-52,38480974;SPRF-RS;DEL07-RS;UOP01-DEL07-RS;;;
726770;22/10/2025;quarta-feira;16:30:00;RS;290;450;SAO GABRIEL;Aus�ncia de rea��o do condutor;Colis�o lateral sentido oposto;Com V�timas Fatais;Pleno dia;Crescente;C�u Claro;Simples;Reta;N�o;3;1;0;0;1;2;0;4;-30,24453;-54,619927;SPRF-RS;DEL11-RS;UOP02-DEL11-RS;;;
726771;22/10/2025;quarta-feira;17:00:00;ES;101;278,2;SERRA;Aus�ncia de rea��o do condutor;Tombamento;Com V�timas Feridas;Pleno dia;Crescente;Nublado;Simples;"Aclive;Curva;Retorno Regulamentado";Sim;2;0;1;0;0;1;1;2;-20,216985;-40,332365;SPRF-ES;DEL02-ES;UOP01-DEL02-ES;;;
726779;22/10/2025;quarta-feira;17:01:00;SP;116;315;JUQUITIBA;Frear bruscamente;Colis�o traseira;Sem V�timas;Pleno dia;Decrescente;C�u Claro;Dupla;"Reta;Aclive";N�o;3;0;0;0;2;1;0;3;-23,89646891;-46,98563579;SPRF-SP;DEL04-SP;UOP03-DEL04-SP;;;
726780;22/10/2025;quarta-feira;17:30:00;BA;324;544;AMELIA RODRIGUES;Rea��o tardia ou ineficiente do condutor;Tombamento;Sem V�timas;Anoitecer;Crescente;Chuva;Dupla;Reta;Sim;2;0;0;0;1;2;0;3;-12,4131517;-38,7521517;SPRF-BA;DEL01-BA;UOP03-DEL01-BA;;;
726786;22/10/2025;quarta-feira;17:30:00;RO;174;13,3;VILHENA;Ultrapassagem Indevida;Queda de ocupante de ve�culo;Com V�timas Feridas;Pleno dia;Crescente;C�u Claro;Dupla;Reta;Sim;3;0;1;0;1;3;1;5;-12,73990855;-60,1316607;SPRF-RO;DEL04-RO;UOP01-DEL04-RO;;;
726811;22/10/2025;quarta-feira;18:45:00;PE;101;59,6;RECIFE;Demais falhas mec�nicas ou el�tricas;Colis�o lateral sentido oposto;Com V�timas Feridas;Plena Noite;Decrescente;C�u Claro;Dupla;Reta;N�o;2;0;0;1;1;0;1;2;-7,97969585;-34,92951969;SPRF-PE;DEL01-PE;UOP02-DEL01-PE;;;
726812;22/10/2025;quarta-feira;19:30:00;RS;392;656,9;GUARANI DAS MISSOES;Desrespeitar a prefer�ncia no cruzamento;Colis�o transversal;Com V�timas Feridas;Plena Noite;Decrescente;C�u Claro;Simples;Interse��o de Vias;N�o;6;0;3;0;3;0;3;2;-28,116325;-54,686465;SPRF-RS;DEL10-RS;UOP01-DEL10-RS;;;
726813;22/10/2025;quarta-feira;18:09:00;RN;304;184,5;ANGICOS;Demais falhas mec�nicas ou el�tricas;Inc�ndio;Sem V�timas;Plena Noite;Decrescente;C�u Claro;Simples;Reta;N�o;1;0;0;0;1;0;0;1;-5,690129;-36,298351;SPRF-RN;DEL01-RN;UOP03-DEL01-RN;;;
726815;22/10/2025;quarta-feira;17:10:00;MA;10;221;GOVERNADOR EDISON LOBAO;Rea��o tardia ou ineficiente do condutor;Sa�da de leito carro��vel;Com V�timas Feridas;Pleno dia;Crescente;C�u Claro;Simples;Reta;N�o;2;0;2;0;0;0;2;1;-5,7745;-47,3593;SPRF-MA;DEL04-MA;UOP01-DEL04-MA;;;
726816;22/10/2025;quarta-feira;15:30:00;PR;373;238;GUAMIRANGA;Transitar na contram�o;Sa�da de leito carro��vel;Com V�timas Feridas;Pleno dia;Crescente;C�u Claro;Simples;"Reta;Aclive";N�o;2;0;1;0;0;1;1;2;-25,1907;-50,742274;SPRF-PR;DEL03-PR;UOP01-DEL03-PR;;;
726817;22/10/2025;quarta-feira;14:00:00;CE;226;232;PEDRA BRANCA;Demais falhas mec�nicas ou el�tricas;Capotamento;Com V�timas Feridas;Pleno dia;Crescente;C�u Claro;Simples;Curva;N�o;2;0;1;1;0;0;2;1;-5,430651;-39,836935;SPRF-CE;DEL02-CE;UOP02-DEL02-CE;;;
726819;22/10/2025;quarta-feira;18:00:00;ES;101;269;SERRA;Acessar a via sem observar a presen�a dos outros ve�culos;Colis�o traseira;Com V�timas Feridas;Plena Noite;Crescente;Garoa/Chuvisco;Dupla;Reta;Sim;3;0;1;0;2;0;1;3;-20,23232831;-40,27447343;SPRF-ES;DEL02-ES;UOP01-DEL02-ES;;;
726822;22/10/2025;quarta-feira;18:50:00;BA;101;352;WENCESLAU GUIMARAES;Ultrapassagem Indevida;Colis�o lateral mesmo sentido;Com V�timas Feridas;Plena Noite;Decrescente;Garoa/Chuvisco;Simples;"Reta;Aclive";Sim;6;0;1;0;4;2;1;4;-13,635397;-39,489798;SPRF-BA;DEL05-BA;UOP03-DEL05-BA;;;
726823;22/10/2025;quarta-feira;19:45:00;PR;116;47;CAMPINA GRANDE DO SUL;Ilumina��o deficiente;Colis�o transversal;Com V�timas Fatais;Plena Noite;Crescente;Nublado;Dupla;"Retorno Regulamentado;Reta";Sim;3;1;0;0;1;1;0;3;-25,21545;-48,902878;SPRF-PR;DEL01-PR;UOP02-DEL01-PR;;;
726839;22/10/2025;quarta-feira;15:30:00;SC;163;93;GUARACIABA;Velocidade Incompat�vel;Colis�o traseira;Com V�timas Feridas;Pleno dia;Decrescente;C�u Claro;Simples;"Reta;Declive";N�o;4;0;3;0;0;1;3;3;-26,54290726;-53,52041245;SPRF-SC;DEL07-SC;UOP03-DEL07-SC;;;
726843;22/10/2025;quarta-feira;18:00:00;MT;364;1178;CAMPOS DE JULIO;Ingest�o de �lcool pelo condutor;Colis�o traseira;Com V�timas Feridas;Anoitecer;Crescente;C�u Claro;Simples;"Declive;Em Obras";Sim;3;0;1;0;1;1;1;3;-13,67836574;-59,18779269;SPRF-MT;DEL04-MT;UOP02-DEL04-MT;;;
726845;22/10/2025;quarta-feira;19:45:00;AL;101;165,1;CAMPO ALEGRE;Acessar a via sem observar a presen�a dos outros ve�culos;Colis�o lateral mesmo sentido;Com V�timas Feridas;Plena Noite;Crescente;C�u Claro;Dupla;Reta;N�o;6;0;3;0;1;2;3;4;-9,9000416;-36,27395567;SPRF-AL;DEL02-AL;UOP02-DEL02-AL;;;
726846;22/10/2025;quarta-feira;21:15:00;MG;381;850;POUSO ALEGRE;Aus�ncia de rea��o do condutor;Colis�o traseira;Com V�timas Feridas;Plena Noite;Decrescente;C�u Claro;Dupla;Reta;Sim;2;0;1;0;0;1;1;2;-22,237493;-45,879461;SPRF-MG;DEL16-MG;UOP01-DEL16-MG;;;
726849;23/10/2025;quinta-feira;01:05:00;RJ;116;123;MAGE;Aus�ncia de rea��o do condutor;Colis�o traseira;Com V�timas Feridas;Plena Noite;Crescente;C�u Claro;Dupla;Reta;N�o;2;0;1;0;0;1;1;2;-22,642943;-43,065793;SPRF-RJ;DEL04-RJ;UOP02-DEL04-RJ;;;
726850;23/10/2025;quinta-feira;02:00:00;RJ;393;235;VASSOURAS;Condutor Dormindo;Colis�o lateral sentido oposto;Com V�timas Feridas;Plena Noite;Crescente;C�u Claro;Simples;Reta;N�o;3;0;1;0;1;1;1;3;-22,40206629;-43,66440665;SPRF-RJ;DEL05-RJ;UOP03-DEL05-RJ;;;
726853;23/10/2025;quinta-feira;00:41:00;PR;277;3,3;PARANAGUA;Ultrapassagem Indevida;Colis�o lateral sentido oposto;Com V�timas Feridas;Plena Noite;Crescente;Nublado;Simples;Reta;Sim;5;0;1;0;3;1;1;4;-25,54084815;-48,55874486;SPRF-PR;DEL01-PR;UOP05-DEL01-PR;;;
726856;23/10/2025;quinta-feira;02:45:00;PB;230;278,2;SANTA LUZIA;Condutor Dormindo;Sa�da de leito carro��vel;Com V�timas Feridas;Plena Noite;Crescente;C�u Claro;Simples;"Curva;Declive";N�o;1;0;1;0;0;0;1;1;-6,935878;-36,850633;SPRF-PB;DEL03-PB;UOP01-DEL03-PB;;;
726857;23/10/2025;quinta-feira;03:17:00;SP;116;70;APARECIDA;Carga excessiva e/ou mal acondicionada;Tombamento;Sem V�timas;Plena Noite;Crescente;C�u Claro;Dupla;Curva;N�o;4;0;0;0;3;1;0;4;-22,86043021;-45,21679264;SPRF-SP;DEL08-SP;UOP01-DEL08-SP;;;
726860;23/10/2025;quinta-feira;05:50:00;PR;116;94,3;SAO JOSE DOS PINHAIS;Aus�ncia de rea��o do condutor;Colis�o traseira;Com V�timas Feridas;Amanhecer;Decrescente;C�u Claro;Dupla;"Aclive;Reta";N�o;3;0;0;1;1;1;1;3;-25,522911;-49,136615;SPRF-PR;DEL01-PR;UOP07-DEL01-PR;;;
726863;23/10/2025;quinta-feira;04:30:00;PI;316;95;BARRO DURO;Rea��o tardia ou ineficiente do condutor;Colis�o traseira;Com V�timas Feridas;Plena Noite;Decrescente;C�u Claro;Simples;"Aclive;Reta";N�o;6;0;5;0;0;1;5;2;-5,81246;-42,518152;SPRF-PI;DEL04-PI;UOP02-DEL04-PI;;;
726864;23/10/2025;quinta-feira;05:55:00;SC;280;99;SAO BENTO DO SUL;Transitar na contram�o;Colis�o frontal;Com V�timas Feridas;Pleno dia;Crescente;Chuva;Simples;Curva;N�o;2;0;1;0;1;0;1;2;-26,370875;-49,333848;SPRF-SC;DEL06-SC;UOP03-DEL06-SC;;;
726866;23/10/2025;quinta-feira;07:00:00;MG;50;78;UBERLANDIA;Condutor deixou de manter dist�ncia do ve�culo da frente;Colis�o traseira;Com V�timas Feridas;Pleno dia;Decrescente;C�u Claro;Dupla;Reta;Sim;6;0;0;2;3;3;2;6;-18,961031;-48,215867;SPRF-MG;DEL15-MG;UOP01-DEL15-MG;;;
726872;17/10/2025;sexta-feira;07:00:00;BA;242;654;MUQUEM DE SAO FRANCISCO;Ultrapassagem Indevida;Colis�o lateral sentido oposto;Com V�timas Fatais;Pleno dia;Decrescente;C�u Claro;Simples;Declive;N�o;5;1;1;0;1;3;1;5;-12,20446901;-43,61846924;SPRF-BA;DEL10-BA;UOP01-DEL10-BA;;;
726874;23/10/2025;quinta-feira;08:00:00;SE;101;184;UMBAUBA;Demais falhas mec�nicas ou el�tricas;Sa�da de leito carro��vel;Sem V�timas;Pleno dia;Crescente;Nublado;Simples;"Reta;Declive";N�o;2;0;0;0;1;1;0;2;-11,39433203;-37,67508698;SPRF-SE;DEL02-SE;UOP03-DEL02-SE;;;
726878;23/10/2025;quinta-feira;06:00:00;MG;262;524;LUZ;Ultrapassagem Indevida;Sa�da de leito carro��vel;Com V�timas Feridas;Pleno dia;Decrescente;C�u Claro;Simples;Reta;N�o;4;0;1;0;1;4;1;6;-19,774602;-45,759305;SPRF-MG;DEL08-MG;UOP03-DEL08-MG;;;
726881;22/10/2025;quarta-feira;21:00:00;MA;316;448,5;PERITORO;Demais falhas mec�nicas ou el�tricas;Sa�da de leito carro��vel;Com V�timas Feridas;Plena Noite;Crescente;Ignorado;Simples;Reta;N�o;1;0;1;0;0;0;1;1;-4,477033;-44,155183;SPRF-MA;DEL03-MA;UOP01-DEL03-MA;;;
726889;23/10/2025;quinta-feira;06:08:00;RS;386;272,1;FONTOURA XAVIER;Transitar na contram�o;Colis�o frontal;Com V�timas Fatais;Amanhecer;Crescente;C�u Claro;Simples;"Declive;Curva";N�o;3;2;0;0;0;2;0;4;-28,99091;-52,36407;SPRF-RS;DEL04-RS;UOP03-DEL04-RS;;;
726890;23/10/2025;quinta-feira;08:55:00;MG;40;749;SANTOS DUMONT;Velocidade Incompat�vel;Tombamento;Com V�timas Feridas;Pleno dia;Crescente;C�u Claro;Simples;Curva;Sim;1;0;1;0;0;0;1;1;-21,49107229;-43,53566262;SPRF-MG;DEL05-MG;UOP01-DEL05-MG;;;
726892;23/10/2025;quinta-feira;03:37:00;AC;364;142;RIO BRANCO;Rea��o tardia ou ineficiente do condutor;Sa�da de leito carro��vel;Com V�timas Feridas;Plena Noite;Decrescente;Nublado;Dupla;Reta;Sim;1;0;0;1;0;0;1;1;-9,93346;-67,884653;SPRF-AC;DEL01-AC;UOP01-DEL01-AC;;;
726894;23/10/2025;quinta-feira;03:15:00;RR;174;421;IRACEMA;Aus�ncia de rea��o do condutor;Sa�da de leito carro��vel;Com V�timas Feridas;Plena Noite;Decrescente;Nublado;Simples;Reta;N�o;1;0;1;0;0;0;1;1;2,23580734;-60,98921154;SPRF-RR;DEL01-RR;UOP01-DEL01-RR;;;
726895;23/10/2025;quinta-feira;08:00:00;SC;101;24,1;SAO JOSE;Manobra de mudan�a de faixa;Colis�o lateral mesmo sentido;Com V�timas Feridas;Pleno dia;Crescente;C�u Claro;M�ltipla;"Reta;T�nel";N�o;4;0;0;2;1;1;2;3;-27,52783432;-48,70745659;SPRF-SC;DEL01-SC;UOP02-DEL01-SC;;;
726896;23/10/2025;quinta-feira;06:30:00;MT;163;592;NOVA MUTUM;Desrespeitar a prefer�ncia no cruzamento;Colis�o transversal;Sem V�timas;Pleno dia;Decrescente;C�u Claro;Dupla;Interse��o de Vias;N�o;3;0;0;0;2;2;0;4;-13,87011343;-56,08499909;SPRF-MT;DEL01-MT;UOP01-DEL01-MT;;;
726897;23/10/2025;quinta-feira;09:15:00;SP;116;54;LORENA;Demais falhas mec�nicas ou el�tricas;Inc�ndio;Sem V�timas;Pleno dia;Decrescente;C�u Claro;Dupla;Reta;Sim;1;0;0;0;1;0;0;1;-22,75816654;-45,11525989;SPRF-SP;DEL08-SP;UOP02-DEL08-SP;;;
726898;23/10/2025;quinta-feira;05:15:00;MT;174;300;PONTES E LACERDA;Aus�ncia de rea��o do condutor;Colis�o frontal;Com V�timas Fatais;Amanhecer;Crescente;C�u Claro;Simples;Reta;N�o;3;1;0;0;1;1;0;3;-15,14915;-59,318237;SPRF-MT;DEL04-MT;UOP01-DEL04-MT;;;
726904;23/10/2025;quinta-feira;08:31:00;GO;70;13;COCALZINHO DE GOIAS;Avarias e/ou desgaste excessivo no pneu;Capotamento;Sem V�timas;Pleno dia;Crescente;C�u Claro;M�ltipla;Reta;Sim;2;0;0;0;2;0;0;2;-15,74621419;-48,35391998;SPRF-DF;DEL03-DF;UOP02-DEL03-DF;;;
726906;23/10/2025;quinta-feira;08:17:00;MG;381;687,4;LAVRAS;Velocidade Incompat�vel;Colis�o transversal;Com V�timas Feridas;Pleno dia;Decrescente;C�u Claro;Dupla;Curva;N�o;2;0;0;1;1;0;1;2;-21,1748153;-45,12492364;SPRF-MG;DEL04-MG;UOP02-DEL04-MG;;;
726907;23/10/2025;quinta-feira;07:55:00;CE;222;222;SOBRAL;Acessar a via sem observar a presen�a dos outros ve�culos;Colis�o lateral mesmo sentido;Com V�timas Feridas;Pleno dia;Decrescente;Sol;Simples;Reta;Sim;2;0;1;0;1;0;1;2;-3,7454238;-40,3230676;SPRF-CE;DEL04-CE;UOP01-DEL04-CE;;;
726912;23/10/2025;quinta-feira;09:20:00;SC;282;534;CORDILHEIRA ALTA;Rea��o tardia ou ineficiente do condutor;Colis�o frontal;Com V�timas Feridas;Pleno dia;Decrescente;C�u Claro;Simples;Curva;N�o;5;0;1;0;2;3;1;6;-26,99590542;-52,63834119;SPRF-SC;DEL07-SC;UOP01-DEL07-SC;;;
726916;23/10/2025;quinta-feira;10:35:00;RN;304;296,5;MACAIBA;Convers�o proibida;Colis�o transversal;Com V�timas Feridas;Pleno dia;Crescente;Sol;Simples;Reta;Sim;2;0;0;1;1;0;1;2;-5,86450048;-35,34618258;SPRF-RN;DEL01-RN;UOP02-DEL01-RN;;;
726919;23/10/2025;quinta-feira;04:30:00;RJ;116;225;PARACAMBI;Aus�ncia de rea��o do condutor;Colis�o traseira;Com V�timas Fatais;Plena Noite;Crescente;Ignorado;Simples;"Declive;Reta";N�o;4;1;0;0;2;2;0;5;-22,6774455;-43,81586758;SPRF-RJ;DEL06-RJ;UOP02-DEL06-RJ;;;
726920;29/09/2025;segunda-feira;22:30:00;MT;163;49,3;ITIQUIRA;Condutor Dormindo;Sa�da de leito carro��vel;Com V�timas Feridas;Plena Noite;Decrescente;Nublado;Dupla;Reta;N�o;2;0;1;0;0;1;1;2;-17,07609033;-54,75984574;SPRF-MT;DEL02-MT;UOP03-DEL02-MT;;;
726921;23/10/2025;quinta-feira;10:20:00;SP;116;149,2;SAO JOSE DOS CAMPOS;Rea��o tardia ou ineficiente do condutor;Colis�o traseira;Com V�timas Feridas;Pleno dia;Crescente;Sol;Dupla;"Reta;Em Obras";N�o;3;0;0;1;1;2;1;4;-23,2090487;-45,88883525;SPRF-SP;DEL02-SP;UOP01-DEL02-SP;;;
726922;23/10/2025;quinta-feira;10:00:00;SP;116;150,7;SAO JOSE DOS CAMPOS;Objeto est�tico sobre o leito carro��vel;Colis�o com objeto;Com V�timas Feridas;Pleno dia;Crescente;C�u Claro;M�ltipla;Reta;Sim;2;0;1;0;0;1;1;2;-23,21675;-45,89692;SPRF-SP;DEL02-SP;UOP01-DEL02-SP;;;
726927;18/10/2025;s�bado;15:30:00;MG;251;216;CACHOEIRA DE PAJEU;Demais falhas mec�nicas ou el�tricas;Inc�ndio;Sem V�timas;Pleno dia;Crescente;Sol;Simples;"Reta;Declive";N�o;2;0;0;0;1;1;0;2;-15,906149;-41,573126;SPRF-MG;DEL12-MG;UOP02-DEL12-MG;;;
726929;23/10/2025;quinta-feira;10:05:00;CE;116;71,4;CHOROZINHO;Aus�ncia de rea��o do condutor;Colis�o traseira;Com V�timas Feridas;Pleno dia;Crescente;C�u Claro;Simples;"Em Obras;Reta";Sim;4;0;1;0;3;0;1;3;-4,337374;-38,47551425;SPRF-CE;DEL01-CE;UOP04-DEL01-CE;;;
726934;23/10/2025;quinta-feira;12:40:00;MG;153;175;COMENDADOR GOMES;Aus�ncia de rea��o do condutor;Sa�da de leito carro��vel;Sem V�timas;Pleno dia;Decrescente;C�u Claro;Simples;Reta;N�o;2;0;0;0;1;1;0;2;-19,758;-48,967;SPRF-MG;DEL13-MG;UOP02-DEL13-MG;;;
726940;18/09/2025;quinta-feira;07:00:00;RJ;116;267;BARRA MANSA;Pedestre andava na pista;Atropelamento de Pedestre;Com V�timas Feridas;Pleno dia;Crescente;C�u Claro;Dupla;"Reta;Viaduto";N�o;4;0;2;0;1;2;2;5;-22,55956716;-44,13593053;SPRF-RJ;DEL07-RJ;UOP02-DEL07-RJ;;;
726946;23/10/2025;quinta-feira;13:57:00;BA;116;736;BOA NOVA;Aus�ncia de rea��o do condutor;Sa�da de leito carro��vel;Com V�timas Feridas;Pleno dia;Crescente;Nublado;Simples;Curva;N�o;1;0;0;1;0;0;1;1;-14,361691;-40,340294;SPRF-BA;DEL08-BA;UOP02-DEL08-BA;;;
726950;23/10/2025;quinta-feira;14:20:00;PR;277;644,2;CEU AZUL;Condutor deixou de manter dist�ncia do ve�culo da frente;Engavetamento;Com V�timas Feridas;Pleno dia;Crescente;C�u Claro;Simples;Reta;N�o;6;0;1;1;3;1;2;5;-25,1736;-53,8864;SPRF-PR;DEL05-PR;UOP02-DEL05-PR;;;
726952;22/09/2025;segunda-feira;22:15:00;RS;153;16,9;SEVERIANO DE ALMEIDA;Aus�ncia de rea��o do condutor;Colis�o com objeto;Sem V�timas;Plena Noite;Crescente;C�u Claro;Simples;Reta;N�o;3;0;0;0;2;1;0;3;-27,44558;-52,08073;SPRF-RS;DEL08-RS;UOP04-DEL08-RS;;;
726953;23/10/2025;quinta-feira;14:50:00;BA;324;605;SIMOES FILHO;Aus�ncia de rea��o do condutor;Tombamento;Sem V�timas;Pleno dia;Decrescente;Chuva;Dupla;Curva;N�o;2;0;0;0;1;1;0;2;-12,8059502;-38,4031845;SPRF-BA;DEL01-BA;UOP01-DEL01-BA;;;
726959;30/08/2025;s�bado;17:50:00;TO;153;488,3;PARAISO DO TOCANTINS;Transitar na contram�o;Colis�o frontal;Com V�timas Feridas;Pleno dia;Crescente;C�u Claro;Simples;"Declive;Reta";N�o;3;0;1;0;1;1;1;3;-10,110235;-48,874865;SPRF-TO;DEL01-TO;UOP01-DEL01-TO;;;
726961;23/10/2025;quinta-feira;11:30:00;RJ;493;19;MAGE;Velocidade Incompat�vel;Colis�o com objeto;Com V�timas Feridas;Pleno dia;Crescente;C�u Claro;Simples;"Reta;Rotat�ria;Em Obras";Sim;3;0;1;0;1;1;1;3;-22,659072;-43,0866432;SPRF-RJ;DEL04-RJ;UOP02-DEL04-RJ;;;
726963;23/10/2025;quinta-feira;15:45:00;MA;135;111;ITAPECURU MIRIM;Condutor deixou de manter dist�ncia do ve�culo da frente;Colis�o traseira;Sem V�timas;Pleno dia;Decrescente;C�u Claro;Simples;"Reta;Declive";N�o;3;0;0;0;3;0;0;3;-3,447562;-44,524985;SPRF-MA;DEL01-MA;UOP02-DEL01-MA;;;
726964;23/10/2025;quinta-feira;14:50:00;RO;319;59;PORTO VELHO;Aus�ncia de rea��o do condutor;Colis�o com objeto;Com V�timas Feridas;Pleno dia;Decrescente;C�u Claro;Dupla;Reta;Sim;2;0;1;0;1;0;1;2;-8,74319873;-63,91144959;SPRF-RO;DEL01-RO;UOP01-DEL01-RO;;;
726968;23/10/2025;quinta-feira;12:46:00;MT;163;708;SORRISO;Manobra de mudan�a de faixa;Colis�o traseira;Sem V�timas;Pleno dia;Crescente;C�u Claro;Simples;Reta;N�o;2;0;0;0;2;0;0;2;-12,908998;-55,851315;SPRF-MT;DEL06-MT;UOP01-DEL06-MT;;;
726973;23/10/2025;quinta-feira;12:05:00;MT;364;578;NOBRES;Aus�ncia de rea��o do condutor;Colis�o traseira;Com V�timas Feridas;Pleno dia;Decrescente;C�u Claro;Dupla;Reta;N�o;5;0;3;0;2;0;3;2;-14,599822;-56,241687;SPRF-MT;DEL01-MT;UOP01-DEL01-MT;;;
726975;23/10/2025;quinta-feira;17:00:00;GO;153;503;GOIANIA;Trafegar com motocicleta (ou similar) entre as faixas;Colis�o lateral mesmo sentido;Com V�timas Feridas;Anoitecer;Crescente;C�u Claro;M�ltipla;"Reta;Viaduto";Sim;3;0;1;0;1;1;1;3;-16,7301;-49,2431;SPRF-GO;DEL01-GO;UOP01-DEL01-GO;;;
726977;23/10/2025;quinta-feira;17:10:00;PA;316;57;CASTANHAL;Aus�ncia de rea��o do condutor;Colis�o traseira;Com V�timas Feridas;Pleno dia;Decrescente;C�u Claro;Dupla;Reta;Sim;3;0;0;2;1;0;2;2;-1,300579;-47,981011;SPRF-PA;DEL01-PA;UOP01-DEL01-PA;;;