id;data_inversa;dia_semana;horario;uf;br;km;municipio;causa_acidente;tipo_acidente;classificacao_acidente;fase_dia;sentido_via;condicao_metereologica;tipo_pista;tracado_via;uso_solo;pessoas;mortos;feridos_leves;feridos_graves;ilesos;ignorados;feridos;veiculos;latitude;longitude;regional;delegacia;uop;;;
727620;26/10/2025;domingo;11:07:00;PA;316;62;CASTANHAL;Condutor desrespeitou a ilumina��o vermelha do sem�foro;Colis�o transversal;Sem V�timas;Pleno dia;Decrescente;C�u Claro;Dupla;Reta;Sim;3;0;0;0;2;1;0;3;-1,3062576;-48,0070503;SPRF-PA;DEL01-PA;UOP01-DEL01-PA;;;
727626;26/10/2025;domingo;08:25:00;MG;262;48,2;MANHUACU;Velocidade Incompat�vel;Colis�o frontal;Com V�timas Fatais;Pleno dia;Decrescente;C�u Claro;Simples;"Curva;Declive";N�o;2;1;0;0;1;0;0;2;-20,252098;-42,128433;SPRF-MG;DEL06-MG;UOP03-DEL06-MG;;;
727634;26/10/2025;domingo;12:07:00;ES;101;277,9;SERRA;Acessar a via sem observar a presen�a dos outros ve�culos;Colis�o transversal;Com V�timas Feridas;Pleno dia;Decrescente;Nublado;Dupla;"Retorno Regulamentado;Reta";N�o;5;0;2;1;1;2;3;4;-20,21698132;-40,32943091;SPRF-ES;DEL02-ES;UOP01-DEL02-ES;;;
727642;26/10/2025;domingo;12:05:00;RJ;116;322;ITATIAIA;Rea��o tardia ou ineficiente do condutor;Colis�o lateral mesmo sentido;Com V�timas Feridas;Pleno dia;Decrescente;C�u Claro;Dupla;Reta;N�o;3;0;0;1;1;1;1;3;-22,482372;-44,539962;SPRF-RJ;DEL07-RJ;UOP02-DEL07-RJ;;;
727643;26/10/2025;domingo;12:10:00;SE;101;108,8;SAO CRISTOVAO;Carga excessiva e/ou mal acondicionada;Inc�ndio;Sem V�timas;Pleno dia;Decrescente;Nublado;Dupla;Aclive;N�o;2;0;0;0;1;2;0;3;-10,96616509;-37,26896186;SPRF-SE;DEL02-SE;UOP01-DEL02-SE;;;
727655;26/10/2025;domingo;11:00:00;MT;364;402,1;CUIABA;Manobra de mudan�a de faixa;Colis�o lateral mesmo sentido;Com V�timas Feridas;Pleno dia;Decrescente;C�u Claro;Dupla;Reta;Sim;10;0;3;0;7;0;3;4;-15,6476;-56,0051;SPRF-MT;DEL01-MT;UOP02-DEL01-MT;;;
727661;26/10/2025;domingo;14:10:00;PB;230;163;CAMPINA GRANDE;Condutor deixou de manter dist�ncia do ve�culo da frente;Colis�o traseira;Com V�timas Feridas;Pleno dia;Decrescente;C�u Claro;Simples;"Declive;Reta";N�o;3;0;1;0;1;1;1;2;-7,218557;-35,945004;SPRF-PB;DEL02-PB;UOP01-DEL02-PB;;;
727670;03/09/2025;quarta-feira;09:58:00;PA;163;268;NOVO PROGRESSO;Desvio tempor�rio;Colis�o lateral sentido oposto;Sem V�timas;Pleno dia;Decrescente;C�u Claro;Simples;Reta;N�o;3;0;0;0;0;3;0;3;-7,37923579;-55,30234337;SPRF-PA;DEL05-PA;UOP03-DEL05-PA;;;
727673;26/10/2025;domingo;14:50:00;PR;277;286;PRUDENTOPOLIS;Condutor deixou de manter dist�ncia do ve�culo da frente;Colis�o traseira;Com V�timas Feridas;Pleno dia;Decrescente;Chuva;Simples;"Curva;Declive";N�o;3;0;1;0;1;1;1;2;-25,31905;-50,97298;SPRF-PR;DEL08-PR;UOP02-DEL08-PR;;;
727676;26/10/2025;domingo;15:30:00;MG;40;565,9;NOVA LIMA;Aus�ncia de rea��o do condutor;Colis�o traseira;Sem V�timas;Pleno dia;Crescente;C�u Claro;Simples;"Declive;Reta";N�o;3;0;0;0;2;1;0;3;-20,17993;-43,9665;SPRF-MG;DEL01-MG;UOP02-DEL01-MG;;;
727684;26/10/2025;domingo;15:00:00;SC;282;528,5;CORDILHEIRA ALTA;Condutor usando celular;Colis�o frontal;Com V�timas Fatais;Pleno dia;Decrescente;Nublado;Simples;Curva;N�o;3;1;0;0;1;1;0;3;-26,9809366;-52,5913018;SPRF-SC;DEL07-SC;UOP01-DEL07-SC;;;
727687;26/10/2025;domingo;16:45:00;MG;381;544;RIO MANSO;Ingest�o de �lcool pelo condutor;Colis�o lateral mesmo sentido;Com V�timas Feridas;Pleno dia;Decrescente;C�u Claro;Dupla;Reta;N�o;3;0;1;0;1;1;1;3;-20,26368122;-44,42190383;SPRF-MG;DEL04-MG;UOP03-DEL04-MG;;;
727691;26/10/2025;domingo;16:00:00;BA;116;12;ABARE;Aus�ncia de rea��o do condutor;Sa�da de leito carro��vel;Com V�timas Fatais;Pleno dia;Crescente;C�u Claro;Simples;Reta;N�o;5;1;2;1;0;1;3;2;-8,728085;-39,262295;SPRF-PE;DEL05-PE;UOP03-DEL05-PE;;;
727692;26/10/2025;domingo;12:40:00;PR;476;238;LAPA;Velocidade Incompat�vel;Tombamento;Com V�timas Feridas;Pleno dia;Decrescente;Nublado;Simples;Curva;N�o;2;0;1;0;0;1;1;2;-25,78697151;-49,85008542;SPRF-PR;DEL02-PR;UOP03-DEL02-PR;;;
727707;26/10/2025;domingo;15:30:00;MT;70;46;BARRA DO GARCAS;Manobra de mudan�a de faixa;Sa�da de leito carro��vel;Sem V�timas;Pleno dia;Decrescente;C�u Claro;Simples;"Reta;Declive";N�o;6;0;0;0;6;0;0;2;-15,8725194;-52,385529;SPRF-MT;DEL07-MT;UOP01-DEL07-MT;;;
727709;26/10/2025;domingo;10:15:00;MT;70;496;CUIABA;Condutor deixou de manter dist�ncia do ve�culo da frente;Colis�o traseira;Sem V�timas;Pleno dia;Crescente;C�u Claro;Simples;"Reta;Em Obras";Sim;2;0;0;0;2;0;0;2;-15,65376432;-56,00268871;SPRF-MT;DEL01-MT;UOP02-DEL01-MT;;;
727729;26/10/2025;domingo;19:30:00;PR;376;433;TIBAGI;Rea��o tardia ou ineficiente do condutor;Sa�da de leito carro��vel;Com V�timas Feridas;Plena Noite;Crescente;Chuva;Dupla;Reta;N�o;3;0;1;0;1;2;1;4;-24,800608;-50,494973;SPRF-PR;DEL03-PR;UOP02-DEL03-PR;;;
727738;26/10/2025;domingo;20:30:00;MG;262;427;NOVA SERRANA;Aus�ncia de rea��o do condutor;Tombamento;Com V�timas Fatais;Plena Noite;Crescente;C�u Claro;Dupla;"Declive;Curva";N�o;4;1;2;0;0;1;2;3;-19,89281135;-44,87824585;SPRF-MG;DEL08-MG;UOP03-DEL08-MG;;;
727760;07/10/2025;ter�a-feira;02:00:00;PR;277;659,1;MATELANDIA;Acessar a via sem observar a presen�a dos outros ve�culos;Colis�o lateral mesmo sentido;Sem V�timas;Plena Noite;Crescente;Ignorado;Dupla;Curva;N�o;2;0;0;0;2;0;0;2;-25,25034001;-53,9836286;SPRF-PR;DEL05-PR;UOP02-DEL05-PR;;;
727762;26/10/2025;domingo;19:45:00;GO;50;189,9;CAMPO ALEGRE DE GOIAS;Condutor Dormindo;Tombamento;Com V�timas Feridas;Plena Noite;Crescente;C�u Claro;Dupla;Reta;N�o;2;0;0;1;0;2;1;3;-17,47768069;-47,81204223;SPRF-GO;DEL06-GO;UOP01-DEL06-GO;;;
727769;26/10/2025;domingo;21:00:00;PR;373;457;CHOPINZINHO;Transitar na contram�o;Colis�o frontal;Com V�timas Fatais;Plena Noite;Crescente;C�u Claro;Simples;Reta;N�o;5;1;0;3;1;0;3;2;-25,92171489;-52,39082543;SPRF-PR;DEL02-PR;UOP01-DEL02-PR;;;
727771;26/10/2025;domingo;17:00:00;MT;70;551;POCONE;Rea��o tardia ou ineficiente do condutor;Colis�o frontal;Com V�timas Feridas;Plena Noite;Decrescente;Chuva;Simples;Aclive;N�o;8;0;5;0;1;2;5;4;-15,90028812;-56,96785928;SPRF-MT;DEL03-MT;UOP02-DEL03-MT;;;
727775;26/10/2025;domingo;19:00:00;MG;116;269,6;TEOFILO OTONI;Demais falhas mec�nicas ou el�tricas;Eventos at�picos;Com V�timas Feridas;Plena Noite;Decrescente;Nublado;Simples;Reta;N�o;6;0;1;0;3;2;1;3;-17,799318;-41,498194;SPRF-MG;DEL11-MG;UOP01-DEL11-MG;;;
727782;26/10/2025;domingo;21:45:00;PR;476;192,4;LAPA;Velocidade Incompat�vel;Colis�o lateral sentido oposto;Com V�timas Fatais;Plena Noite;Crescente;Nublado;Simples;Curva;N�o;4;1;0;1;1;1;1;3;-25,73041442;-49,70595574;SPRF-PR;DEL01-PR;UOP06-DEL01-PR;;;
727784;26/10/2025;domingo;21:45:00;RS;471;149,9;SANTA CRUZ DO SUL;Ultrapassagem Indevida;Colis�o lateral sentido oposto;Com V�timas Fatais;Plena Noite;Decrescente;C�u Claro;Simples;Reta;Sim;3;1;0;1;0;1;1;3;-29,77526331;-52,41844364;SPRF-RS;DEL02-RS;UOP03-DEL02-RS;;;
727785;26/10/2025;domingo;20:00:00;MG;381;737;TRES CORACOES;Demais falhas mec�nicas ou el�tricas;Colis�o com objeto;Com V�timas Feridas;Plena Noite;Crescente;C�u Claro;Dupla;"Curva;Declive";N�o;8;0;2;0;5;2;2;5;-21,73390891;-45,21972656;SPRF-MG;DEL16-MG;UOP02-DEL16-MG;;;
727797;18/10/2025;s�bado;16:15:00;BA;116;384;SANTA BARBARA;Avarias e/ou desgaste excessivo no pneu;Tombamento;Com V�timas Feridas;Pleno dia;Crescente;C�u Claro;Simples;"Reta;Em Obras;Declive";N�o;2;0;1;0;0;1;1;2;-11,894235;-38,981445;SPRF-BA;DEL02-BA;UOP01-DEL02-BA;;;
727800;26/10/2025;domingo;20:20:00;MT;364;440;VARZEA GRANDE;Acumulo de �gua sobre o pavimento;Engavetamento;Com V�timas Feridas;Plena Noite;Decrescente;C�u Claro;Simples;Reta;N�o;5;0;2;0;2;1;2;4;-15,60417106;-56,20377839;SPRF-MT;DEL01-MT;UOP02-DEL01-MT;;;
727803;27/10/2025;segunda-feira;05:00:00;DF;40;6;BRASILIA;Acessar a via sem observar a presen�a dos outros ve�culos;Colis�o lateral mesmo sentido;Com V�timas Feridas;Amanhecer;Decrescente;C�u Claro;Dupla;Reta;Sim;6;0;3;0;2;2;3;5;-16,03163;-47,97861;SPRF-DF;DEL01-DF;UOP01-DEL01-DF;;;
727807;27/10/2025;segunda-feira;05:27:00;PR;116;135,2;FAZENDA RIO GRANDE;Condutor deixou de manter dist�ncia do ve�culo da frente;Queda de ocupante de ve�culo;Com V�timas Fatais;Amanhecer;Decrescente;Garoa/Chuvisco;Dupla;"Reta;Ponte";N�o;5;1;0;0;0;5;0;6;-25,720655;-49,317991;SPRF-PR;DEL01-PR;UOP03-DEL01-PR;;;
727814;27/10/2025;segunda-feira;03:40:00;RN;304;75;MOSSORO;Ingest�o de �lcool pelo condutor;Colis�o lateral sentido oposto;Com V�timas Feridas;Plena Noite;Crescente;C�u Claro;Simples;Reta;N�o;4;0;1;1;0;2;2;3;-5,41825521;-37,21390188;SPRF-RN;DEL04-RN;UOP01-DEL04-RN;;;
727820;27/10/2025;segunda-feira;02:30:00;RN;304;130,3;ITAJA;Far�is desregulados;Colis�o traseira;Com V�timas Feridas;Plena Noite;Crescente;C�u Claro;Simples;"Declive;Reta";N�o;3;0;1;0;2;0;1;2;-5,65854;-36,76921;SPRF-RN;DEL04-RN;UOP01-DEL04-RN;;;
727821;27/10/2025;segunda-feira;05:40:00;MG;40;615,8;CONGONHAS;Aus�ncia de rea��o do condutor;Colis�o lateral sentido oposto;Com V�timas Feridas;Amanhecer;Decrescente;C�u Claro;Simples;"Viaduto;Reta";N�o;3;0;2;0;1;0;2;2;-20,5475251;-43,8180131;SPRF-MG;DEL05-MG;UOP02-DEL05-MG;;;
727828;27/10/2025;segunda-feira;04:34:00;MG;262;724,3;PERDIZES;Manobra de mudan�a de faixa;Colis�o traseira;Com V�timas Feridas;Plena Noite;Crescente;C�u Claro;Simples;Reta;N�o;2;0;1;0;1;0;1;2;-19,615706;-47,370005;SPRF-MG;DEL08-MG;UOP01-DEL08-MG;;;
727836;27/10/2025;segunda-feira;06:50:00;RS;285;275;MATO CASTELHANO;Aus�ncia de rea��o do condutor;Colis�o frontal;Com V�timas Fatais;Pleno dia;Decrescente;Garoa/Chuvisco;Simples;Curva;N�o;2;1;0;0;1;0;0;2;-28,2655638;-52,20825112;SPRF-RS;DEL08-RS;UOP03-DEL08-RS;;;
727842;02/10/2025;quinta-feira;18:55:00;TO;10;524;APARECIDA DO RIO NEGRO;Rea��o tardia ou ineficiente do condutor;Colis�o traseira;Com V�timas Fatais;Anoitecer;Decrescente;C�u Claro;Simples;Reta;N�o;5;1;0;0;3;1;0;4;-9,98038;-48,01403;SPRF-TO;DEL01-TO;UOP03-DEL01-TO;;;
727846;27/10/2025;segunda-feira;04:30:00;PE;101;202;XEXEU;Aus�ncia de rea��o do condutor;Sa�da de leito carro��vel;Sem V�timas;Amanhecer;Decrescente;C�u Claro;Simples;Reta;N�o;2;0;0;0;1;1;0;2;-8,817238;-35,637733;SPRF-PE;DEL01-PE;UOP03-DEL01-PE;;;
727856;27/10/2025;segunda-feira;08:00:00;ES;101;289,2;CARIACICA;Transitar no Acostamento;Colis�o lateral mesmo sentido;Com V�timas Feridas;Pleno dia;Decrescente;Sol;Dupla;"Declive;Reta";Sim;2;0;1;0;1;0;1;2;-20,28326564;-40,39302774;SPRF-ES;DEL01-ES;UOP01-DEL01-ES;;;
727857;27/10/2025;segunda-feira;04:30:00;PA;10;283,1;MAE DO RIO;Manobra de mudan�a de faixa;Colis�o frontal;Com V�timas Fatais;Amanhecer;Crescente;Ignorado;Simples;Reta;N�o;2;1;0;0;1;0;0;2;-1,959208;-47,524317;SPRF-PA;DEL02-PA;UOP01-DEL02-PA;;;
727858;04/09/2025;quinta-feira;07:11:00;PA;163;199;NOVO PROGRESSO;Rea��o tardia ou ineficiente do condutor;Sa�da de leito carro��vel;Com V�timas Feridas;Pleno dia;Decrescente;C�u Claro;Simples;Reta;N�o;2;0;1;0;0;1;1;2;-7,0907;-55,355;SPRF-PA;DEL05-PA;UOP03-DEL05-PA;;;
727861;27/10/2025;segunda-feira;09:00:00;MG;40;720,2;BARBACENA;Acessar a via sem observar a presen�a dos outros ve�culos;Colis�o transversal;Com V�timas Feridas;Pleno dia;Crescente;C�u Claro;Dupla;Reta;N�o;4;0;1;1;1;1;2;3;-21,299;-43,629;SPRF-MG;DEL05-MG;UOP01-DEL05-MG;;;
727863;04/08/2025;segunda-feira;03:20:00;SC;280;131,2;RIO NEGRINHO;Transitar na contram�o;Colis�o frontal;Com V�timas Fatais;Plena Noite;Decrescente;C�u Claro;Simples;Reta;Sim;4;1;2;0;1;0;2;2;-26,257;-49,542;SPRF-SC;DEL06-SC;UOP03-DEL06-SC;;;
727866;27/10/2025;segunda-feira;10:10:00;ES;262;49,2;MARECHAL FLORIANO;Mal s�bito do condutor;Colis�o traseira;Sem V�timas;Pleno dia;Decrescente;Sol;Simples;Curva;N�o;2;0;0;0;2;0;0;2;-20,4124459;-40,69721564;SPRF-ES;DEL01-ES;UOP01-DEL01-ES;;;
727868;27/10/2025;segunda-feira;09:20:00;PR;376;259;CALIFORNIA;Rea��o tardia ou ineficiente do condutor;Colis�o traseira;Com V�timas Feridas;Pleno dia;Decrescente;C�u Claro;Dupla;Reta;N�o;5;0;1;0;3;2;1;5;-23,69228445;-51,346;SPRF-PR;DEL07-PR;UOP03-DEL07-PR;;;
727870;27/10/2025;segunda-feira;10:15:00;ES;101;298;VIANA;Trafegar com motocicleta (ou similar) entre as faixas;Colis�o lateral mesmo sentido;Com V�timas Feridas;Pleno dia;Crescente;C�u Claro;Dupla;Reta;N�o;3;0;1;0;1;1;1;3;-20,35506438;-40,41743207;SPRF-ES;DEL01-ES;UOP01-DEL01-ES;;;
727873;04/08/2025;segunda-feira;18:00:00;RS;153;8;MARCELINO RAMOS;Aus�ncia de rea��o do condutor;Colis�o lateral sentido oposto;Sem V�timas;Anoitecer;Crescente;C�u Claro;Simples;Curva;N�o;2;0;0;0;2;0;0;2;-27,42627707;-52,02936172;SPRF-RS;DEL08-RS;UOP04-DEL08-RS;;;
727877;27/10/2025;segunda-feira;10:50:00;PR;116;3;CAMPINA GRANDE DO SUL;Rea��o tardia ou ineficiente do condutor;Colis�o lateral mesmo sentido;Com V�timas Feridas;Pleno dia;Crescente;Chuva;Dupla;Reta;Sim;3;0;1;0;1;1;1;3;-25,3563946;-49,06851448;SPRF-PR;DEL01-PR;UOP02-DEL01-PR;;;
727883;27/10/2025;segunda-feira;11:40:00;PR;277;30,9;MORRETES;Entrada inopinada do pedestre;Colis�o traseira;Com V�timas Feridas;Pleno dia;Decrescente;Garoa/Chuvisco;Dupla;Reta;N�o;6;0;2;0;2;3;2;5;-25,557232;-48,8046813;SPRF-PR;DEL01-PR;UOP05-DEL01-PR;;;
727885;27/10/2025;segunda-feira;08:45:00;BA;235;348;JUAZEIRO;Condutor deixou de manter dist�ncia do ve�culo da frente;Colis�o traseira;Com V�timas Feridas;Pleno dia;Crescente;Sol;Simples;Reta;Sim;3;0;1;0;2;0;1;3;-9,43775;-40,49743;SPRF-PE;DEL06-PE;UOP01-DEL06-PE;;;
727889;27/10/2025;segunda-feira;11:30:00;PR;116;23;ANTONINA;Chuva;Sa�da de leito carro��vel;Com V�timas Feridas;Pleno dia;Decrescente;Chuva;Dupla;Curva;N�o;5;0;2;0;2;1;2;4;-25,11273;-48,757732;SPRF-PR;DEL01-PR;UOP02-DEL01-PR;;;
727894;27/10/2025;segunda-feira;10:15:00;SP;116;513;CAJATI;Aus�ncia de rea��o do condutor;Sa�da de leito carro��vel;Com V�timas Feridas;Pleno dia;Decrescente;Garoa/Chuvisco;Simples;"Curva;Declive";N�o;4;0;2;0;2;0;2;3;-24,83293457;-48,21487427;SPRF-SP;DEL05-SP;UOP02-DEL05-SP;;;
727897;27/10/2025;segunda-feira;12:00:00;RS;386;313,1;MARQUES DE SOUZA;Aus�ncia de rea��o do condutor;Colis�o lateral sentido oposto;Com V�timas Fatais;Pleno dia;Decrescente;C�u Claro;Simples;Curva;N�o;9;1;0;2;5;4;2;8;-29,238515;-52,156008;SPRF-RS;DEL04-RS;UOP01-DEL04-RS;;;
727907;01/09/2025;segunda-feira;00:10:00;PB;230;255;TENORIO;Ingest�o de �lcool pelo condutor;Colis�o frontal;Com V�timas Feridas;Plena Noite;Decrescente;C�u Claro;Simples;Reta;N�o;3;0;1;0;2;0;1;2;-7,010143;-36,684777;SPRF-PB;DEL03-PB;UOP01-DEL03-PB;;;
727909;27/10/2025;segunda-feira;13:00:00;MG;262;576,8;CAMPOS ALTOS;Condutor Dormindo;Sa�da de leito carro��vel;Sem V�timas;Pleno dia;Crescente;Nublado;Simples;Curva;N�o;1;0;0;0;1;0;0;1;-19,661947;-46,115657;SPRF-MG;DEL08-MG;UOP02-DEL08-MG;;;
727910;27/10/2025;segunda-feira;14:20:00;ES;101;143,6;LINHARES;Desrespeitar a prefer�ncia no cruzamento;Colis�o transversal;Com V�timas Feridas;Pleno dia;Crescente;C�u Claro;Simples;"Interse��o de Vias;Reta";N�o;3;0;2;0;1;0;2;2;-19,33826272;-40,0657157;SPRF-ES;DEL04-ES;UOP01-DEL04-ES;;;
727911;27/10/2025;segunda-feira;13:30:00;BA;116;692,5;JEQUIE;Rea��o tardia ou ineficiente do condutor;Colis�o lateral mesmo sentido;Sem V�timas;Pleno dia;Crescente;C�u Claro;Simples;"Aclive;Reta";N�o;3;0;0;0;2;1;0;3;-14,006602;-40,184532;SPRF-BA;DEL03-BA;UOP01-DEL03-BA;;;
727913;27/10/2025;segunda-feira;14:30:00;DF;70;7;BRASILIA;Acessar a via sem observar a presen�a dos outros ve�culos;Colis�o lateral mesmo sentido;Sem V�timas;Pleno dia;Crescente;C�u Claro;Dupla;Reta;Sim;2;0;0;0;2;0;0;2;-15,787448;-48,114673;SPRF-DF;DEL03-DF;UOP02-DEL03-DF;;;
727914;27/10/2025;segunda-feira;12:20:00;PR;116;103;SAO JOSE DOS PINHAIS;Aus�ncia de rea��o do condutor;Sa�da de leito carro��vel;Com V�timas Feridas;Pleno dia;Crescente;Nublado;Dupla;"Reta;Aclive";Sim;2;0;1;0;0;1;1;2;-25,571;-49,193;SPRF-PR;DEL01-PR;UOP07-DEL01-PR;;;
727917;27/10/2025;segunda-feira;14:58:00;SP;116;207;GUARULHOS;Rea��o tardia ou ineficiente do condutor;Engavetamento;Com V�timas Feridas;Pleno dia;Decrescente;Chuva;M�ltipla;Reta;Sim;5;0;1;1;3;0;2;3;-23,42019465;-46,38510704;SPRF-SP;DEL01-SP;UOP01-DEL01-SP;;;
727920;27/10/2025;segunda-feira;15:30:00;SP;381;52;ATIBAIA;Manobra de mudan�a de faixa;Colis�o lateral mesmo sentido;Com V�timas Feridas;Pleno dia;Decrescente;Chuva;Dupla;Curva;N�o;5;0;1;0;3;3;1;6;-23,22773846;-46,59830403;SPRF-SP;DEL03-SP;UOP01-DEL03-SP;;;
727921;27/10/2025;segunda-feira;15:45:00;SP;381;70;MAIRIPORA;Velocidade Incompat�vel;Colis�o lateral mesmo sentido;Com V�timas Feridas;Pleno dia;Crescente;Chuva;M�ltipla;Curva;N�o;3;0;1;0;1;2;1;4;-23,34752833;-46,56169474;SPRF-SP;DEL03-SP;UOP01-DEL03-SP;;;
727922;27/10/2025;segunda-feira;14:50:00;RN;101;127;SAO JOSE DE MIPIBU;Pista esburacada;Tombamento;Com V�timas Feridas;Pleno dia;Crescente;C�u Claro;Dupla;Reta;N�o;2;0;1;0;1;0;1;1;-6,09929387;-35,23417044;SPRF-RN;DEL01-RN;UOP01-DEL01-RN;;;
727925;27/10/2025;segunda-feira;14:25:00;MT;364;312;CAMPO VERDE;Rea��o tardia ou ineficiente do condutor;Tombamento;Sem V�timas;Pleno dia;Decrescente;Chuva;Dupla;"Aclive;Retorno Regulamentado";N�o;2;0;0;0;1;3;0;4;-15,810217;-55,271144;SPRF-MT;DEL05-MT;UOP02-DEL05-MT;;;
727938;27/10/2025;segunda-feira;16:15:00;RJ;101;389;RIO DE JANEIRO;Manobra de mudan�a de faixa;Colis�o lateral mesmo sentido;Sem V�timas;Pleno dia;Crescente;Garoa/Chuvisco;M�ltipla;Reta;Sim;3;0;0;0;3;0;0;2;-22,89424822;-43,67776249;SPRF-RJ;DEL03-RJ;UOP01-DEL03-RJ;;;
727947;27/10/2025;segunda-feira;16:30:00;CE;116;191,5;LIMOEIRO DO NORTE;Rea��o tardia ou ineficiente do condutor;Sa�da de leito carro��vel;Com V�timas Fatais;Pleno dia;Decrescente;C�u Claro;Simples;"Reta;Ponte";N�o;1;1;0;0;0;0;0;1;-5,131812;-38,154698;SPRF-CE;DEL03-CE;UOP01-DEL03-CE;;;
727948;27/10/2025;segunda-feira;16:40:00;SC;101;60;ARAQUARI;Manobra de mudan�a de faixa;Colis�o lateral mesmo sentido;Sem V�timas;Pleno dia;Decrescente;Chuva;Dupla;Reta;N�o;3;0;0;0;2;1;0;2;-26,45110304;-48,78517326;SPRF-SC;DEL03-SC;UOP02-DEL03-SC;;;
727951;27/10/2025;segunda-feira;15:30:00;MT;70;517;VARZEA GRANDE;Acessar a via sem observar a presen�a dos outros ve�culos;Colis�o lateral mesmo sentido;Com V�timas Feridas;Pleno dia;Decrescente;Sol;Simples;Curva;Sim;2;0;0;1;1;0;1;2;-15,70601026;-56,13670349;SPRF-MT;DEL01-MT;UOP02-DEL01-MT;;;
727953;27/10/2025;segunda-feira;17:40:00;RN;304;304,7;PARNAMIRIM;Acessar a via sem observar a presen�a dos outros ve�culos;Colis�o transversal;Com V�timas Feridas;Anoitecer;Crescente;C�u Claro;Dupla;Retorno Regulamentado;Sim;2;0;1;0;0;1;1;2;-5,88623076;-35,27778536;SPRF-RN;DEL01-RN;UOP02-DEL01-RN;;;
727958;27/10/2025;segunda-feira;16:50:00;PR;277;282;PRUDENTOPOLIS;Rea��o tardia ou ineficiente do condutor;Colis�o traseira;Com V�timas Feridas;Pleno dia;Crescente;C�u Claro;Simples;Reta;N�o;6;0;1;0;4;1;1;3;-25,34133667;-50,94168833;SPRF-PR;DEL08-PR;UOP02-DEL08-PR;;;
727964;27/10/2025;segunda-feira;16:40:00;MT;70;505;CUIABA;Problema com o freio;Colis�o lateral mesmo sentido;Com V�timas Feridas;Pleno dia;Crescente;C�u Claro;Dupla;Reta;N�o;4;0;2;0;1;1;2;3;-15,701613;-56,054057;SPRF-MT;DEL01-MT;UOP02-DEL01-MT;;;
727965;27/10/2025;segunda-feira;16:55:00;SC;101;112;ITAJAI;Trafegar com motocicleta (ou similar) entre as faixas;Colis�o lateral mesmo sentido;Com V�timas Fatais;Pleno dia;Decrescente;Nublado;Dupla;"Reta;Aclive;Ponte";Sim;5;1;1;0;1;3;1;5;-26,84502587;-48,72014594;SPRF-SC;DEL04-SC;UOP04-DEL04-SC;;;
727968;27/10/2025;segunda-feira;17:59:00;BA;116;777;PLANALTO;Pedestre - Ingest�o de �lcool/ subst�ncias psicoativas;Atropelamento de Pedestre;Com V�timas Feridas;Anoitecer;Decrescente;Nublado;M�ltipla;Reta;Sim;2;0;0;1;0;1;1;2;-14,67041;-40,475808;SPRF-BA;DEL08-BA;UOP02-DEL08-BA;;;
727969;27/10/2025;segunda-feira;13:40:00;RJ;101;314;SAO GONCALO;Demais falhas mec�nicas ou el�tricas;Colis�o com objeto;Com V�timas Feridas;Pleno dia;Decrescente;C�u Claro;Dupla;Reta;N�o;2;0;1;0;1;0;1;2;-22,7868672;-43,0342144;SPRF-RJ;DEL02-RJ;UOP02-DEL02-RJ;;;
727971;27/10/2025;segunda-feira;16:40:00;MT;158;505;CANARANA;Aus�ncia de rea��o do condutor;Tombamento;Com V�timas Feridas;Pleno dia;Crescente;C�u Claro;Simples;Reta;N�o;7;0;2;2;2;3;4;5;-13,5846451;-51,9303008;SPRF-MT;DEL07-MT;UOP02-DEL07-MT;;;
727972;27/10/2025;segunda-feira;18:00:00;RS;290;231;PANTANO GRANDE;Aus�ncia de rea��o do condutor;Colis�o frontal;Com V�timas Feridas;Pleno dia;Crescente;C�u Claro;Simples;Reta;N�o;2;0;1;0;1;0;1;2;-30,2115817;-52,5340617;SPRF-RS;DEL02-RS;UOP03-DEL02-RS;;;
727973;27/10/2025;segunda-feira;18:10:00;SP;381;71;SAO PAULO;Velocidade Incompat�vel;Tombamento;Com V�timas Feridas;Anoitecer;Decrescente;Chuva;M�ltipla;Curva;N�o;2;0;1;0;1;0;1;2;-23,3862222;-46,56864166;SPRF-SP;DEL03-SP;UOP01-DEL03-SP;;;
727977;27/10/2025;segunda-feira;18:40:00;RS;471;489;RIO GRANDE;Transitar na contram�o;Colis�o frontal;Com V�timas Feridas;Pleno dia;Crescente;C�u Claro;Simples;Reta;N�o;3;0;1;0;0;2;1;3;-32,20911194;-52,45263148;SPRF-RS;DEL07-RS;UOP02-DEL07-RS;;;
727978;27/10/2025;segunda-feira;16:40:00;MA;135;98,1;ITAPECURU MIRIM;Condutor deixou de manter dist�ncia do ve�culo da frente;Colis�o traseira;Sem V�timas;Pleno dia;Decrescente;C�u Claro;Simples;Reta;N�o;3;0;0;0;2;5;0;7;-3,348812;-44,460713;SPRF-MA;DEL01-MA;UOP02-DEL01-MA;;;
727979;27/10/2025;segunda-feira;17:40:00;PR;163;280,3;MARECHAL CANDIDO RONDON;Rea��o tardia ou ineficiente do condutor;Colis�o traseira;Com V�timas Feridas;Pleno dia;Crescente;C�u Claro;Dupla;"Interse��o de Vias;Rotat�ria";Sim;2;0;1;0;1;0;1;2;-24,56827926;-54,03264999;SPRF-PR;DEL06-PR;UOP02-DEL06-PR;;;