id;data_inversa;dia_semana;horario;uf;br;km;municipio;causa_acidente;tipo_acidente;classificacao_acidente;fase_dia;sentido_via;condicao_metereologica;tipo_pista;tracado_via;uso_solo;pessoas;mortos;feridos_leves;feridos_graves;ilesos;ignorados;feridos;veiculos;latitude;longitude;regional;delegacia;uop;;;
727980;27/10/2025;segunda-feira;17:12:00;SP;116;363;MIRACATU;Demais falhas mec�nicas ou el�tricas;Inc�ndio;Sem V�timas;Pleno dia;Crescente;Nublado;Dupla;Reta;N�o;2;0;0;0;1;1;0;2;-24,12892096;-47,27194704;SPRF-SP;DEL04-SP;UOP02-DEL04-SP;;;
727989;27/10/2025;segunda-feira;18:00:00;MG;50;177;UBERABA;Condutor usando celular;Colis�o lateral mesmo sentido;Com V�timas Feridas;Anoitecer;Crescente;C�u Claro;Dupla;Reta;Sim;2;0;0;1;0;1;1;2;-19,71062597;-47,98293527;SPRF-MG;DEL13-MG;UOP01-DEL13-MG;;;
727991;27/10/2025;segunda-feira;17:10:00;RS;158;112,3;PALMEIRA DAS MISSOES;Manobra de mudan�a de faixa;Colis�o lateral mesmo sentido;Com V�timas Feridas;Pleno dia;Crescente;Sol;Simples;"Reta;Declive";N�o;4;0;2;0;2;0;2;2;-27,999331;-53,336032;SPRF-RS;DEL08-RS;UOP01-DEL08-RS;;;
727992;27/10/2025;segunda-feira;20:35:00;RJ;493;15;GUAPIMIRIM;Demais falhas mec�nicas ou el�tricas;Inc�ndio;Sem V�timas;Plena Noite;Crescente;Chuva;Simples;Reta;N�o;1;0;0;0;1;0;0;1;-22,66383869;-42,99889895;SPRF-RJ;DEL04-RJ;UOP02-DEL04-RJ;;;
727995;14/07/2025;segunda-feira;07:30:00;RJ;101;220;SILVA JARDIM;Neblina;Colis�o lateral mesmo sentido;Com V�timas Feridas;Pleno dia;Decrescente;Nevoeiro/Neblina;Dupla;Reta;N�o;5;0;1;0;3;1;1;5;-22,51025009;-42,30191767;SPRF-RJ;DEL02-RJ;UOP03-DEL02-RJ;;;
727998;27/10/2025;segunda-feira;21:15:00;MG;381;477,9;CONTAGEM;Manobra de mudan�a de faixa;Colis�o traseira;Com V�timas Feridas;Plena Noite;Crescente;C�u Claro;Dupla;Declive;N�o;4;0;2;0;1;1;2;3;-19,9600966;-44,03555743;SPRF-MG;DEL01-MG;UOP03-DEL01-MG;;;
728010;27/10/2025;segunda-feira;23:00:00;ES;101;427;ATILIO VIVACQUA;Pedestre andava na pista;Atropelamento de Pedestre;Com V�timas Fatais;Plena Noite;Crescente;C�u Claro;Simples;Reta;N�o;4;1;0;0;1;2;0;3;-21,01161247;-41,14661196;SPRF-ES;DEL03-ES;UOP02-DEL03-ES;;;
728013;27/10/2025;segunda-feira;15:30:00;AM;174;1045;PRESIDENTE FIGUEIREDO;Demais falhas na via;Tombamento;Sem V�timas;Pleno dia;Decrescente;C�u Claro;Simples;Aclive;N�o;2;0;0;0;1;2;0;3;-1,62095824;-60,19593358;SPRF-AM;DEL01-AM;UOP02-DEL01-AM;;;
728019;28/10/2025;ter�a-feira;00:45:00;SC;282;365,7;ERVAL VELHO;Aus�ncia de rea��o do condutor;Colis�o traseira;Com V�timas Feridas;Plena Noite;Crescente;C�u Claro;Simples;Reta;N�o;2;0;1;0;1;0;1;2;-27,292029;-51,414342;SPRF-SC;DEL07-SC;UOP05-DEL07-SC;;;
728020;28/10/2025;ter�a-feira;01:25:00;MG;381;768;CAMPANHA;Aus�ncia de rea��o do condutor;Colis�o traseira;Com V�timas Feridas;Plena Noite;Decrescente;C�u Claro;Dupla;Reta;N�o;3;0;0;2;1;0;2;2;-21,753929;-45,399;SPRF-MG;DEL16-MG;UOP02-DEL16-MG;;;
728021;28/10/2025;ter�a-feira;04:30:00;RS;285;460,7;IJUI;Condutor Dormindo;Sa�da de leito carro��vel;Com V�timas Fatais;Plena Noite;Crescente;C�u Claro;Simples;"Interse��o de Vias;Declive;Reta";N�o;1;1;0;0;0;0;0;1;-28,41805098;-53,92124176;SPRF-RS;DEL10-RS;UOP01-DEL10-RS;;;
728027;28/10/2025;ter�a-feira;01:10:00;SP;116;322,7;JUQUITIBA;Transitar no Acostamento;Colis�o com objeto;Com V�timas Fatais;Plena Noite;Crescente;C�u Claro;Dupla;Curva;N�o;2;1;0;0;1;0;0;2;-23,93493716;-47,03302148;SPRF-SP;DEL04-SP;UOP03-DEL04-SP;;;
728032;27/10/2025;segunda-feira;18:00:00;RJ;116;169;RIO DE JANEIRO;Condutor deixou de manter dist�ncia do ve�culo da frente;Colis�o traseira;Sem V�timas;Anoitecer;Crescente;Garoa/Chuvisco;Dupla;Reta;Sim;2;0;0;0;1;1;0;2;-22,81558652;-43,32535744;SPRF-RJ;DEL06-RJ;UOP01-DEL06-RJ;;;
728033;28/10/2025;ter�a-feira;05:30:00;RS;285;306,2;PASSO FUNDO;Aus�ncia de rea��o do condutor;Sa�da de leito carro��vel;Com V�timas Feridas;Amanhecer;Decrescente;C�u Claro;Simples;Curva;N�o;2;0;1;0;0;1;1;2;-28,22919146;-52,49521852;SPRF-RS;DEL08-RS;UOP03-DEL08-RS;;;
728045;28/10/2025;ter�a-feira;08:00:00;PR;376;617;SAO JOSE DOS PINHAIS;Estacionar ou parar em local proibido;Engavetamento;Com V�timas Feridas;Pleno dia;Decrescente;Nublado;M�ltipla;"Declive;Curva";Sim;6;0;1;0;4;1;1;6;-25,5976344;-49,17360004;SPRF-PR;DEL01-PR;UOP04-DEL01-PR;;;
728068;28/10/2025;ter�a-feira;10:00:00;SP;116;192;SANTA ISABEL;Aus�ncia de rea��o do condutor;Colis�o traseira;Com V�timas Feridas;Pleno dia;Crescente;Garoa/Chuvisco;M�ltipla;Aclive;N�o;4;0;0;1;2;2;1;5;-23,363435;-46,223515;SPRF-SP;DEL01-SP;UOP01-DEL01-SP;;;
728072;28/10/2025;ter�a-feira;07:30:00;BA;324;617;SALVADOR;Pista esburacada;Colis�o com objeto;Com V�timas Feridas;Pleno dia;Decrescente;C�u Claro;Dupla;Reta;N�o;3;0;1;0;1;1;1;3;-12,902818;-38,4533;SPRF-BA;DEL01-BA;UOP01-DEL01-BA;;;
728079;24/10/2025;sexta-feira;23:00:00;CE;222;221;SOBRAL;Manobra de mudan�a de faixa;Colis�o com objeto;Sem V�timas;Plena Noite;Crescente;C�u Claro;Simples;Reta;N�o;3;0;0;0;3;0;0;1;-3,72836649;-40,32162515;SPRF-CE;DEL04-CE;UOP01-DEL04-CE;;;
728081;28/10/2025;ter�a-feira;11:50:00;CE;116;19;ITAITINGA;Acessar a via sem observar a presen�a dos outros ve�culos;Colis�o transversal;Sem V�timas;Pleno dia;Decrescente;C�u Claro;Dupla;Reta;Sim;2;0;0;0;2;0;0;2;-3,9190528;-38,5122304;SPRF-CE;DEL01-CE;UOP02-DEL01-CE;;;
728084;28/10/2025;ter�a-feira;10:15:00;MG;381;624,7;OLIVEIRA;Demais falhas mec�nicas ou el�tricas;Inc�ndio;Sem V�timas;Pleno dia;Crescente;Nublado;Dupla;Reta;N�o;2;0;0;0;1;1;0;2;-20,79291573;-44,78925526;SPRF-MG;DEL04-MG;UOP01-DEL04-MG;;;
728085;28/10/2025;ter�a-feira;10:04:00;MT;163;943;ITAUBA;Rea��o tardia ou ineficiente do condutor;Sa�da de leito carro��vel;Com V�timas Feridas;Pleno dia;Crescente;C�u Claro;Simples;Reta;N�o;2;0;2;0;0;0;2;1;-10,959662;-55,220569;SPRF-MT;DEL06-MT;UOP02-DEL06-MT;;;
728087;28/10/2025;ter�a-feira;11:20:00;RJ;116;275;BARRA MANSA;Velocidade Incompat�vel;Colis�o traseira;Com V�timas Feridas;Pleno dia;Decrescente;Garoa/Chuvisco;Dupla;"Declive;Reta";N�o;5;0;2;0;3;0;2;4;-22,56255242;-44,16006549;SPRF-RJ;DEL07-RJ;UOP02-DEL07-RJ;;;
728089;28/10/2025;ter�a-feira;12:00:00;SC;282;111,7;ALFREDO WAGNER;Transitar na contram�o;Sa�da de leito carro��vel;Com V�timas Feridas;Pleno dia;Crescente;Chuva;Simples;"Curva;Declive";N�o;3;0;1;0;2;0;1;2;-27,73432232;-49,37194571;SPRF-SC;DEL01-SC;UOP03-DEL01-SC;;;
728095;28/10/2025;ter�a-feira;12:48:00;MT;163;785;VERA;Aus�ncia de rea��o do condutor;Colis�o traseira;Com V�timas Feridas;Pleno dia;Decrescente;C�u Claro;Simples;"Reta;Em Obras;Ponte";N�o;3;0;1;0;1;6;1;8;-12,29270855;-55,56638986;SPRF-MT;DEL06-MT;UOP02-DEL06-MT;;;
728098;28/10/2025;ter�a-feira;13:30:00;PE;232;11;JABOATAO DOS GUARARAPES;Demais falhas mec�nicas ou el�tricas;Inc�ndio;Sem V�timas;Pleno dia;Crescente;C�u Claro;Dupla;"Reta;Viaduto;Aclive";Sim;2;0;0;0;1;2;0;3;-8,07846931;-35,03530121;SPRF-PE;DEL01-PE;UOP01-DEL01-PE;;;
728101;28/10/2025;ter�a-feira;13:31:00;RN;110;44,5;MOSSORO;Manobra de mudan�a de faixa;Colis�o transversal;Com V�timas Feridas;Pleno dia;Decrescente;C�u Claro;Simples;"Reta;Interse��o de Vias";Sim;2;0;1;0;1;0;1;2;-5,190862;-37,308908;SPRF-RN;DEL04-RN;UOP01-DEL04-RN;;;
728103;28/10/2025;ter�a-feira;07:45:00;MG;354;727,5;POUSO ALTO;Velocidade Incompat�vel;Tombamento;Com V�timas Feridas;Pleno dia;Crescente;Nublado;Simples;Rotat�ria;N�o;2;0;1;0;0;1;1;2;-22,14099476;-44,97114569;SPRF-MG;DEL17-MG;UOP01-DEL17-MG;;;
728106;28/10/2025;ter�a-feira;14:42:00;TO;10;454;PALMAS;Acessar a via sem observar a presen�a dos outros ve�culos;Colis�o transversal;Com V�timas Feridas;Pleno dia;Decrescente;C�u Claro;Dupla;"Interse��o de Vias;Reta";Sim;2;0;0;1;1;0;1;2;-10,30349856;-48,29714036;SPRF-TO;DEL01-TO;UOP03-DEL01-TO;;;
728109;28/10/2025;ter�a-feira;12:00:00;CE;116;465,7;BARRO;Problema com o freio;Colis�o com objeto;Com V�timas Feridas;Pleno dia;Decrescente;Sol;Simples;"Curva;Declive";N�o;2;0;1;0;0;2;1;3;-7,237828;-38,844462;SPRF-CE;DEL05-CE;UOP03-DEL05-CE;;;
728110;28/10/2025;ter�a-feira;14:00:00;RS;470;241;BARAO;Convers�o proibida;Colis�o transversal;Com V�timas Feridas;Pleno dia;Crescente;Garoa/Chuvisco;Simples;"Aclive;Interse��o de Vias;Curva";N�o;3;0;2;0;1;0;2;2;-29,36113666;-51,51981962;SPRF-RS;DEL06-RS;UOP01-DEL06-RS;;;
728111;11/09/2025;quinta-feira;08:50:00;PR;277;602,1;CASCAVEL;Entrada inopinada do pedestre;Atropelamento de Pedestre;Com V�timas Feridas;Pleno dia;Crescente;C�u Claro;Dupla;"Declive;Reta";N�o;3;0;0;1;1;2;1;4;-25,025162;-53,55224;SPRF-PR;DEL04-PR;UOP01-DEL04-PR;;;
728112;28/10/2025;ter�a-feira;12:30:00;RJ;101;304;SAO GONCALO;Condutor deixou de manter dist�ncia do ve�culo da frente;Colis�o traseira;Com V�timas Feridas;Pleno dia;Decrescente;C�u Claro;Simples;Aclive;Sim;3;0;1;0;2;0;1;2;-22,7857173;-42,98902988;SPRF-RJ;DEL02-RJ;UOP02-DEL02-RJ;;;
728116;28/10/2025;ter�a-feira;14:20:00;MS;267;31,6;BATAGUASSU;Rea��o tardia ou ineficiente do condutor;Colis�o traseira;Com V�timas Feridas;Pleno dia;Decrescente;C�u Claro;Simples;Aclive;N�o;3;0;1;0;1;1;1;3;-21,726;-52,44;SPRF-MS;DEL02-MS;UOP04-DEL02-MS;;;
728117;28/10/2025;ter�a-feira;14:05:00;MS;158;113,9;PARANAIBA;Velocidade Incompat�vel;Tombamento;Sem V�timas;Pleno dia;Decrescente;C�u Claro;Simples;"Curva;Aclive;Ponte";N�o;3;0;0;0;2;2;0;4;-19,815642;-51,11544;SPRF-MS;DEL08-MS;UOP01-DEL08-MS;;;
728122;28/10/2025;ter�a-feira;14:40:00;BA;101;747;ITABELA;Rea��o tardia ou ineficiente do condutor;Tombamento;Com V�timas Feridas;Pleno dia;Crescente;Nublado;Simples;"Declive;Curva";N�o;3;0;1;0;1;1;1;3;-16,591342;-39,55457;SPRF-BA;DEL09-BA;UOP01-DEL09-BA;;;
728129;28/10/2025;ter�a-feira;16:00:00;SC;470;143,1;RIO DO SUL;Acessar a via sem observar a presen�a dos outros ve�culos;Colis�o transversal;Com V�timas Feridas;Pleno dia;Crescente;Garoa/Chuvisco;Simples;Reta;Sim;2;0;0;1;1;0;1;2;-27,1722477;-49,5811196;SPRF-SC;DEL04-SC;UOP02-DEL04-SC;;;
728130;28/10/2025;ter�a-feira;15:30:00;SC;101;122;ITAJAI;Condutor deixou de manter dist�ncia do ve�culo da frente;Colis�o traseira;Com V�timas Feridas;Pleno dia;Decrescente;Nublado;Dupla;Reta;N�o;3;0;1;0;1;1;1;3;-26,93526675;-48,70012075;SPRF-SC;DEL04-SC;UOP04-DEL04-SC;;;
728132;28/10/2025;ter�a-feira;16:35:00;SP;116;355;MIRACATU;Velocidade Incompat�vel;Tombamento;Com V�timas Feridas;Pleno dia;Crescente;Nublado;Dupla;"Curva;Declive";N�o;2;0;1;0;0;1;1;2;-24,07405146;-47,24910736;SPRF-SP;DEL04-SP;UOP03-DEL04-SP;;;
728135;28/10/2025;ter�a-feira;16:32:00;SC;101;196;BIGUACU;Rea��o tardia ou ineficiente do condutor;Colis�o lateral mesmo sentido;Com V�timas Feridas;Pleno dia;Crescente;Chuva;Dupla;Reta;Sim;2;0;0;1;1;0;1;2;-27,507418;-48,647391;SPRF-SC;DEL01-SC;UOP01-DEL01-SC;;;
728139;28/10/2025;ter�a-feira;12:30:00;CE;116;310;JAGUARIBE;Acessar a via sem observar a presen�a dos outros ve�culos;Colis�o transversal;Com V�timas Feridas;Pleno dia;Decrescente;C�u Claro;Simples;Reta;N�o;2;0;0;1;1;0;1;2;-5,90974015;-38,6248827;SPRF-CE;DEL05-CE;UOP02-DEL05-CE;;;
728143;28/10/2025;ter�a-feira;17:15:00;ES;101;66;SAO MATEUS;Acessar a via sem observar a presen�a dos outros ve�culos;Colis�o lateral mesmo sentido;Com V�timas Feridas;Anoitecer;Crescente;C�u Claro;Simples;"Interse��o de Vias;Reta";Sim;3;0;1;0;1;1;1;3;-18,71885786;-39,86937253;SPRF-ES;DEL04-ES;UOP02-DEL04-ES;;;
728145;28/10/2025;ter�a-feira;15:30:00;RS;392;97;MORRO REDONDO;Condutor Dormindo;Sa�da de leito carro��vel;Com V�timas Feridas;Pleno dia;Crescente;Chuva;Simples;Reta;N�o;2;0;1;0;0;1;1;2;-31,55476802;-52,55610466;SPRF-RS;DEL07-RS;UOP01-DEL07-RS;;;
728149;28/10/2025;ter�a-feira;17:20:00;DF;251;47;BRASILIA;Demais falhas mec�nicas ou el�tricas;Inc�ndio;Sem V�timas;Pleno dia;Crescente;C�u Claro;Simples;Reta;Sim;1;0;0;0;1;0;0;1;-15,96008201;-47,87215143;SPRF-DF;DEL01-DF;UOP01-DEL01-DF;;;
728153;28/10/2025;ter�a-feira;13:33:00;RJ;493;8;GUAPIMIRIM;Mal s�bito do condutor;Colis�o frontal;Com V�timas Fatais;Pleno dia;Crescente;C�u Claro;Simples;Reta;N�o;2;1;0;0;1;0;0;2;-22,7053916;-42,9548049;SPRF-RJ;DEL04-RJ;UOP02-DEL04-RJ;;;
728155;28/10/2025;ter�a-feira;17:00:00;PE;101;61;ITAPISSUMA;Rea��o tardia ou ineficiente do condutor;Engavetamento;Sem V�timas;Plena Noite;Decrescente;C�u Claro;Dupla;Reta;N�o;3;0;0;0;3;0;0;3;-7,7324403;-34,9414488;SPRF-PE;DEL01-PE;UOP02-DEL01-PE;;;
728159;28/10/2025;ter�a-feira;17:00:00;GO;20;60;FORMOSA;Condutor deixou de manter dist�ncia do ve�culo da frente;Colis�o traseira;Com V�timas Feridas;Pleno dia;Crescente;C�u Claro;Simples;Reta;N�o;3;0;1;0;1;2;1;4;-15,243307;-47,169437;SPRF-DF;DEL02-DF;UOP02-DEL02-DF;;;
728160;28/10/2025;ter�a-feira;18:00:00;SP;116;503;CAJATI;Chuva;Colis�o com objeto;Com V�timas Feridas;Plena Noite;Crescente;Chuva;M�ltipla;"Declive;Curva";N�o;1;0;1;0;0;0;1;1;-24,7782272;-48,2116925;SPRF-SP;DEL05-SP;UOP02-DEL05-SP;;;
728166;28/10/2025;ter�a-feira;17:43:00;MT;364;204;RONDONOPOLIS;Acessar a via sem observar a presen�a dos outros ve�culos;Colis�o traseira;Com V�timas Feridas;Anoitecer;Decrescente;C�u Claro;Dupla;Reta;Sim;3;0;1;0;2;0;1;3;-16,456986;-54,662233;SPRF-MT;DEL02-MT;UOP01-DEL02-MT;;;
728181;28/10/2025;ter�a-feira;20:30:00;MG;50;56;UBERLANDIA;Aus�ncia de rea��o do condutor;Colis�o traseira;Com V�timas Feridas;Plena Noite;Decrescente;C�u Claro;Dupla;"Declive;Curva";N�o;6;0;4;0;0;2;4;3;-18,781664;-48,236304;SPRF-MG;DEL15-MG;UOP02-DEL15-MG;;;
728188;28/10/2025;ter�a-feira;19:45:00;RS;285;352,8;CARAZINHO;Ultrapassagem Indevida;Colis�o lateral mesmo sentido;Com V�timas Feridas;Plena Noite;Decrescente;Chuva;Simples;Reta;N�o;4;0;1;0;2;1;1;3;-28,3397367;-52,90709;SPRF-RS;DEL08-RS;UOP03-DEL08-RS;;;
728192;28/10/2025;ter�a-feira;18:40:00;PE;407;128;PETROLINA;Manobra de mudan�a de faixa;Colis�o lateral mesmo sentido;Sem V�timas;Plena Noite;Crescente;C�u Claro;Dupla;Reta;Sim;3;0;0;0;2;1;0;3;-9,39976624;-40,50490586;SPRF-PE;DEL06-PE;UOP01-DEL06-PE;;;
728194;28/10/2025;ter�a-feira;16:20:00;BA;135;57;FORMOSA DO RIO PRETO;Transitar na contram�o;Colis�o frontal;Com V�timas Feridas;Anoitecer;Crescente;C�u Claro;Simples;Reta;N�o;3;0;0;1;1;4;1;6;-11,24299;-45,03408;SPRF-BA;DEL10-BA;UOP01-DEL10-BA;;;
728195;28/10/2025;ter�a-feira;21:45:00;SP;381;58;MAIRIPORA;Demais falhas mec�nicas ou el�tricas;Inc�ndio;Sem V�timas;Plena Noite;Crescente;Nublado;Dupla;"Reta;Aclive";N�o;2;0;0;0;2;0;0;1;-23,27681612;-46,58472955;SPRF-SP;DEL03-SP;UOP01-DEL03-SP;;;
728200;22/06/2025;domingo;11:51:00;CE;222;299;TIANGUA;Demais falhas mec�nicas ou el�tricas;Inc�ndio;Sem V�timas;Pleno dia;Decrescente;Nublado;Simples;Curva;N�o;2;0;0;0;1;1;0;2;-3,66110318;-40,94020844;SPRF-CE;DEL04-CE;UOP02-DEL04-CE;;;
728203;28/10/2025;ter�a-feira;20:00:00;MG;381;735;CARMO DA CACHOEIRA;Acesso irregular;Colis�o com objeto;Sem V�timas;Anoitecer;Decrescente;C�u Claro;Dupla;Reta;N�o;1;0;0;0;1;0;0;1;-21,545462;-45,239821;SPRF-MG;DEL16-MG;UOP02-DEL16-MG;;;
728207;28/10/2025;ter�a-feira;22:45:00;SP;153;342,3;OURINHOS;Manobra de mudan�a de faixa;Colis�o lateral mesmo sentido;Com V�timas Feridas;Plena Noite;Crescente;Nublado;Dupla;"Desvio Tempor�rio;Aclive;Curva";N�o;6;0;3;0;3;0;3;3;-22,95523991;-49,90860558;SPRF-SP;DEL07-SP;UOP03-DEL07-SP;;;
728208;28/10/2025;ter�a-feira;22:00:00;SC;101;384,4;ICARA;Aus�ncia de rea��o do condutor;Colis�o traseira;Com V�timas Fatais;Plena Noite;Decrescente;Chuva;M�ltipla;Reta;N�o;3;1;0;0;1;1;0;3;-28,78027235;-49,32671294;SPRF-SC;DEL02-SC;UOP02-DEL02-SC;;;
728209;28/10/2025;ter�a-feira;23:10:00;MT;364;488,5;JANGADA;Transitar na contram�o;Colis�o frontal;Com V�timas Fatais;Pleno dia;Crescente;C�u Claro;Simples;Reta;N�o;5;1;0;1;2;1;1;3;-15,273094;-56,446407;SPRF-MT;DEL01-MT;UOP02-DEL01-MT;;;
728210;29/10/2025;quarta-feira;00:10:00;PR;277;35,2;MORRETES;Aus�ncia de rea��o do condutor;Colis�o traseira;Com V�timas Feridas;Plena Noite;Decrescente;Chuva;Dupla;Reta;N�o;2;0;1;0;1;0;1;2;-25,574085;-48,830322;SPRF-PR;DEL01-PR;UOP05-DEL01-PR;;;
728211;28/10/2025;ter�a-feira;23:40:00;MS;163;469;CAMPO GRANDE;Rea��o tardia ou ineficiente do condutor;Colis�o frontal;Com V�timas Feridas;Plena Noite;Decrescente;Nublado;Simples;Reta;N�o;6;0;3;0;1;2;3;4;-20,566403;-54,561332;SPRF-MS;DEL01-MS;UOP01-DEL01-MS;;;
728213;28/10/2025;ter�a-feira;23:15:00;MG;262;29;REDUTO;Acessar a via sem observar a presen�a dos outros ve�culos;Colis�o transversal;Sem V�timas;Plena Noite;Decrescente;Ignorado;Simples;"Declive;Interse��o de Vias";Sim;3;0;0;0;2;2;0;4;-20,24717845;-41,9825585;SPRF-MG;DEL06-MG;UOP03-DEL06-MG;;;
728215;28/10/2025;ter�a-feira;23:30:00;MA;316;611,2;TIMON;Transitar na contram�o;Colis�o frontal;Com V�timas Fatais;Plena Noite;Decrescente;C�u Claro;Simples;"Aclive;Reta";N�o;2;1;0;0;1;0;0;2;-5,0726463;-42,8679283;SPRF-MA;DEL03-MA;UOP02-DEL03-MA;;;
728216;28/10/2025;ter�a-feira;19:30:00;SC;101;276,5;PAULO LOPES;Condutor deixou de manter dist�ncia do ve�culo da frente;Colis�o traseira;Com V�timas Feridas;Plena Noite;Decrescente;Chuva;Dupla;Reta;Sim;2;0;1;0;1;0;1;2;-28,07716181;-48,71224822;SPRF-SC;DEL02-SC;UOP03-DEL02-SC;;;
728220;29/10/2025;quarta-feira;03:16:00;ES;101;366,5;ANCHIETA;Velocidade Incompat�vel;Tombamento;Sem V�timas;Plena Noite;Crescente;Nublado;Simples;Curva;N�o;2;0;0;0;1;2;0;3;-20,736934;-40,760356;SPRF-ES;DEL03-ES;UOP01-DEL03-ES;;;
728221;29/10/2025;quarta-feira;02:30:00;BA;324;552;AMELIA RODRIGUES;Desvio tempor�rio;Colis�o traseira;Sem V�timas;Plena Noite;Crescente;C�u Claro;Dupla;"Reta;Declive";N�o;4;0;0;0;3;1;0;4;-12,461145;-38,695805;SPRF-BA;DEL01-BA;UOP03-DEL01-BA;;;
728223;29/10/2025;quarta-feira;03:00:00;RO;364;409,2;JARU;Aus�ncia de rea��o do condutor;Colis�o traseira;Com V�timas Feridas;Plena Noite;Crescente;C�u Claro;Simples;Reta;N�o;27;0;1;0;25;1;1;3;-10,53524294;-62,39699467;SPRF-RO;DEL03-RO;UOP02-DEL03-RO;;;
728224;28/10/2025;ter�a-feira;23:30:00;MT;364;456;VARZEA GRANDE;Demais falhas mec�nicas ou el�tricas;Inc�ndio;Sem V�timas;Plena Noite;Crescente;C�u Claro;Simples;Reta;N�o;2;0;0;0;1;2;0;3;-15,4942817;-56,2769983;SPRF-MT;DEL01-MT;UOP02-DEL01-MT;;;
728226;29/10/2025;quarta-feira;06:00:00;MG;50;62,2;UBERLANDIA;Mal s�bito do condutor;Sa�da de leito carro��vel;Com V�timas Feridas;Amanhecer;Decrescente;Nublado;Dupla;"Reta;Declive";N�o;1;0;0;1;0;0;1;1;-18,830683;-48,249545;SPRF-MG;DEL15-MG;UOP02-DEL15-MG;;;
728234;29/10/2025;quarta-feira;06:15:00;SC;280;229,9;CANOINHAS;Acessar a via sem observar a presen�a dos outros ve�culos;Colis�o transversal;Com V�timas Feridas;Amanhecer;Crescente;Nublado;Simples;Rotat�ria;Sim;3;0;0;1;1;2;1;4;-26,1871275;-50,3604372;SPRF-SC;DEL06-SC;UOP04-DEL06-SC;;;
728235;25/07/2025;sexta-feira;22:45:00;MG;365;660;MONTE ALEGRE DE MINAS;Condutor Dormindo;Colis�o traseira;Com V�timas Feridas;Plena Noite;Decrescente;C�u Claro;Dupla;Reta;N�o;58;0;0;1;57;0;1;2;-18,891491;-48,639857;SPRF-MG;DEL15-MG;UOP01-DEL15-MG;;;
728238;29/10/2025;quarta-feira;05:35:00;RO;364;210,1;PIMENTA BUENO;Aus�ncia de rea��o do condutor;Colis�o lateral sentido oposto;Com V�timas Feridas;Pleno dia;Crescente;C�u Claro;Simples;"Aclive;Reta";N�o;3;0;1;0;1;2;1;4;-11,588958;-61,255338;SPRF-RO;DEL02-RO;UOP02-DEL02-RO;;;
728239;29/10/2025;quarta-feira;08:00:00;SP;116;377;MIRACATU;Condutor Dormindo;Colis�o traseira;Com V�timas Feridas;Pleno dia;Decrescente;C�u Claro;Dupla;Reta;N�o;3;0;1;0;1;2;1;4;-24,1965147;-47,3680548;SPRF-SP;DEL04-SP;UOP02-DEL04-SP;;;
728242;18/10/2025;s�bado;21:30:00;PI;343;341;TERESINA;Rea��o tardia ou ineficiente do condutor;Colis�o transversal;Sem V�timas;Plena Noite;Crescente;C�u Claro;Simples;Reta;Sim;2;0;0;0;2;0;0;2;-5,0835362;-42,7759868;SPRF-PI;DEL01-PI;UOP01-DEL01-PI;;;
728249;29/10/2025;quarta-feira;07:20:00;MG;40;481,2;SETE LAGOAS;Demais falhas mec�nicas ou el�tricas;Eventos at�picos;Com V�timas Feridas;Pleno dia;Decrescente;C�u Claro;Dupla;Reta;N�o;2;0;1;0;0;1;1;2;-19,542761;-44,24948;SPRF-MG;DEL02-MG;UOP01-DEL02-MG;;;
728250;29/10/2025;quarta-feira;07:23:00;PR;116;45,1;CAMPINA GRANDE DO SUL;Manobra de mudan�a de faixa;Colis�o traseira;Sem V�timas;Pleno dia;Decrescente;Nublado;Dupla;"Aclive;Curva";N�o;4;0;0;0;3;2;0;4;-25,197753;-48,893582;SPRF-PR;DEL01-PR;UOP02-DEL01-PR;;;
728252;29/10/2025;quarta-feira;07:35:00;PR;376;214,6;MANDAGUARI;Acessar a via sem observar a presen�a dos outros ve�culos;Colis�o transversal;Com V�timas Feridas;Pleno dia;Decrescente;Nevoeiro/Neblina;Dupla;Interse��o de Vias;N�o;3;0;0;1;1;1;1;3;-23,57720795;-51,65275499;SPRF-PR;DEL09-PR;UOP01-DEL09-PR;;;
728254;29/10/2025;quarta-feira;08:10:00;SC;101;339;TUBARAO;Acumulo de �gua sobre o pavimento;Colis�o transversal;Com V�timas Feridas;Pleno dia;Decrescente;Chuva;Dupla;Reta;N�o;2;0;1;0;1;0;1;2;-28,500261;-49,046281;SPRF-SC;DEL02-SC;UOP01-DEL02-SC;;;
728257;29/10/2025;quarta-feira;09:15:00;MG;381;878,1;ESTIVA;Aus�ncia de rea��o do condutor;Sa�da de leito carro��vel;Com V�timas Feridas;Pleno dia;Decrescente;Chuva;Dupla;Reta;N�o;2;0;0;1;0;1;1;2;-22,44703196;-45,99499112;SPRF-MG;DEL16-MG;UOP01-DEL16-MG;;;
728258;01/10/2025;quarta-feira;19:18:00;RS;470;194;BENTO GONCALVES;Rea��o tardia ou ineficiente do condutor;Tombamento;Com V�timas Feridas;Plena Noite;Crescente;Nublado;Simples;"Aclive;Curva;Em Obras";N�o;2;0;1;0;0;1;1;2;-29,05062983;-51,584488;SPRF-RS;DEL06-RS;UOP02-DEL06-RS;;;
728263;21/10/2025;ter�a-feira;07:30:00;PB;230;214;SOLEDADE;Rea��o tardia ou ineficiente do condutor;Colis�o traseira;Sem V�timas;Pleno dia;Crescente;C�u Claro;Simples;Reta;Sim;3;0;0;0;2;2;0;4;-7,0619336;-36,3541082;SPRF-PB;DEL02-PB;UOP02-DEL02-PB;;;