id;data_inversa;dia_semana;horario;uf;br;km;municipio;causa_acidente;tipo_acidente;classificacao_acidente;fase_dia;sentido_via;condicao_metereologica;tipo_pista;tracado_via;uso_solo;pessoas;mortos;feridos_leves;feridos_graves;ilesos;ignorados;feridos;veiculos;latitude;longitude;regional;delegacia;uop;;;
728266;29/10/2025;quarta-feira;07:30:00;PE;232;76;GRAVATA;Transitar no Acostamento;Colis�o traseira;Com V�timas Feridas;Pleno dia;Crescente;C�u Claro;Dupla;"Em Obras;Reta";Sim;2;0;0;1;1;0;1;2;-8,1933365;-35,54336635;SPRF-PE;DEL02-PE;UOP02-DEL02PE;;;
728271;27/09/2025;s�bado;18:31:00;PA;163;375;ITAITUBA;Ilumina��o deficiente;Colis�o traseira;Sem V�timas;Anoitecer;Decrescente;C�u Claro;Simples;Reta;N�o;2;0;0;0;0;2;0;2;-6,31086241;-55,58876038;SPRF-PA;DEL05-PA;UOP03-DEL05-PA;;;
728274;29/10/2025;quarta-feira;08:00:00;SC;282;263,4;SAO JOSE DO CERRITO;Rea��o tardia ou ineficiente do condutor;Colis�o traseira;Com V�timas Feridas;Pleno dia;Crescente;Chuva;Simples;Interse��o de Vias;N�o;6;0;2;0;3;1;2;4;-27,62672826;-50,62438524;SPRF-SC;DEL05-SC;UOP02-DEL05-SC;;;
728277;29/10/2025;quarta-feira;10:30:00;PR;376;348,2;ORTIGUEIRA;Rea��o tardia ou ineficiente do condutor;Tombamento;Com V�timas Feridas;Pleno dia;Decrescente;Nublado;Dupla;Reta;N�o;4;0;2;0;1;1;2;3;-24,21839;-50,934811;SPRF-PR;DEL07-PR;UOP02-DEL07-PR;;;
728280;27/09/2025;s�bado;08:50:00;MG;116;776,9;LEOPOLDINA;Rea��o tardia ou ineficiente do condutor;Tombamento;Com V�timas Feridas;Pleno dia;Crescente;C�u Claro;Simples;Curva;N�o;2;0;1;0;0;1;1;2;-21,5425306;-42,655658;SPRF-MG;DEL07-MG;UOP01-DEL07-MG;;;
728281;29/10/2025;quarta-feira;11:10:00;MG;153;164,4;COMENDADOR GOMES;Suic�dio (presumido);Colis�o frontal;Com V�timas Fatais;Pleno dia;Crescente;Nublado;Simples;Reta;N�o;6;3;0;0;2;3;0;5;-19,660619;-48,9801;SPRF-MG;DEL13-MG;UOP02-DEL13-MG;;;
728283;29/10/2025;quarta-feira;11:45:00;MG;116;716,8;MURIAE;Velocidade Incompat�vel;Tombamento;Com V�timas Feridas;Pleno dia;Crescente;C�u Claro;Simples;"Curva;Declive";N�o;6;0;5;0;0;2;5;4;-21,222561;-42,394508;SPRF-MG;DEL07-MG;UOP02-DEL07-MG;;;
728284;29/10/2025;quarta-feira;10:15:00;PR;373;172;PONTA GROSSA;Rea��o tardia ou ineficiente do condutor;Colis�o traseira;Sem V�timas;Pleno dia;Crescente;Nublado;Dupla;"Aclive;Curva";Sim;4;0;0;0;2;3;0;5;-25,081388;-50,191665;SPRF-PR;DEL03-PR;UOP01-DEL03-PR;;;
728285;29/10/2025;quarta-feira;12:00:00;RJ;101;71;CAMPOS DOS GOYTACAZES;Acessar a via sem observar a presen�a dos outros ve�culos;Colis�o transversal;Com V�timas Feridas;Pleno dia;Crescente;C�u Claro;Simples;Reta;Sim;5;0;2;0;2;1;2;4;-21,835858;-41,4205924;SPRF-RJ;DEL08-RJ;UOP02-DEL08-RJ;;;
728287;29/10/2025;quarta-feira;09:15:00;MG;50;140;UBERABA;Condutor deixou de manter dist�ncia do ve�culo da frente;Colis�o traseira;Com V�timas Feridas;Pleno dia;Crescente;Nublado;Dupla;Reta;N�o;4;0;1;1;1;2;2;4;-19,46377;-48,06098;SPRF-MG;DEL13-MG;UOP01-DEL13-MG;;;
728291;29/10/2025;quarta-feira;12:20:00;SC;101;208,8;SAO JOSE;Rea��o tardia ou ineficiente do condutor;Colis�o traseira;Com V�timas Feridas;Pleno dia;Decrescente;Nublado;M�ltipla;Reta;Sim;2;0;1;0;1;0;1;2;-27,61;-48,638;SPRF-SC;DEL01-SC;UOP01-DEL01-SC;;;
728293;29/10/2025;quarta-feira;12:10:00;MG;40;805,1;MATIAS BARBOSA;Aus�ncia de rea��o do condutor;Colis�o traseira;Com V�timas Feridas;Pleno dia;Decrescente;C�u Claro;Dupla;"Aclive;Reta";N�o;3;0;0;1;2;0;1;2;-21,85863101;-43,3764267;SPRF-MG;DEL05-MG;UOP01-DEL05-MG;;;
728301;29/10/2025;quarta-feira;12:51:00;PR;376;671;GUARATUBA;Aus�ncia de rea��o do condutor;Sa�da de leito carro��vel;Com V�timas Feridas;Pleno dia;Crescente;Garoa/Chuvisco;Dupla;"Declive;Reta";N�o;1;0;1;0;0;0;1;1;-25,89289379;-48,93276215;SPRF-PR;DEL01-PR;UOP04-DEL01-PR;;;
728306;29/10/2025;quarta-feira;13:10:00;PR;376;592;CURITIBA;Aus�ncia de rea��o do condutor;Colis�o traseira;Com V�timas Feridas;Pleno dia;Decrescente;C�u Claro;Dupla;Reta;N�o;3;0;0;1;1;3;1;5;-25,436069;-49,365163;SPRF-PR;DEL01-PR;UOP06-DEL01-PR;;;
728312;29/10/2025;quarta-feira;14:13:00;RN;304;302,5;MACAIBA;Rea��o tardia ou ineficiente do condutor;Colis�o transversal;Sem V�timas;Pleno dia;Decrescente;Sol;Dupla;Reta;N�o;2;0;0;0;2;0;0;2;-5,881505;-35,291023;SPRF-RN;DEL01-RN;UOP02-DEL01-RN;;;
728314;29/10/2025;quarta-feira;13:53:00;RN;304;244;RIACHUELO;Pista esburacada;Sa�da de leito carro��vel;Sem V�timas;Pleno dia;Crescente;C�u Claro;Simples;Reta;N�o;1;0;0;0;1;0;0;1;-5,81557476;-35,81654549;SPRF-RN;DEL01-RN;UOP02-DEL01-RN;;;
728317;29/10/2025;quarta-feira;11:15:00;PR;277;239;FERNANDES PINHEIRO;Aus�ncia de rea��o do condutor;Queda de ocupante de ve�culo;Com V�timas Feridas;Pleno dia;Decrescente;C�u Claro;Simples;Reta;N�o;2;0;1;0;0;1;1;2;-25,4643716;-50,56740992;SPRF-PR;DEL08-PR;UOP02-DEL08-PR;;;
728321;29/10/2025;quarta-feira;14:30:00;RJ;101;48;CAMPOS DOS GOYTACAZES;Transitar na contram�o;Colis�o frontal;Com V�timas Feridas;Pleno dia;Crescente;C�u Claro;Simples;Reta;N�o;11;0;1;9;0;1;10;2;-21,620419;-41,314789;SPRF-RJ;DEL08-RJ;UOP01-DEL08-RJ;;;
728322;29/10/2025;quarta-feira;08:00:00;SC;116;107,9;MONTE CASTELO;Rea��o tardia ou ineficiente do condutor;Colis�o lateral sentido oposto;Com V�timas Feridas;Pleno dia;Crescente;Garoa/Chuvisco;Simples;"Curva;Declive";N�o;4;0;0;1;2;3;1;6;-26,753382;-50,332687;SPRF-SC;DEL06-SC;UOP02-DEL06-SC;;;
728325;29/10/2025;quarta-feira;15:30:00;RS;472;143,3;TRES DE MAIO;Pedestre andava na pista;Atropelamento de Pedestre;Com V�timas Feridas;Pleno dia;Decrescente;Nublado;Dupla;"Aclive;Curva";N�o;2;0;1;0;1;0;1;2;-27,767961;-54,344794;SPRF-RS;DEL10-RS;UOP01-DEL10-RS;;;
728326;29/10/2025;quarta-feira;14:00:00;RO;364;350;JI-PARANA;Aus�ncia de rea��o do condutor;Colis�o transversal;Com V�timas Feridas;Pleno dia;Decrescente;C�u Claro;Simples;"Interse��o de Vias;Reta";N�o;2;0;0;1;1;0;1;2;-10,84392737;-62,00106081;SPRF-RO;DEL02-RO;UOP01-DEL02-RO;;;
728328;29/10/2025;quarta-feira;14:45:00;MG;381;763,1;TRES CORACOES;Velocidade Incompat�vel;Colis�o traseira;Com V�timas Feridas;Pleno dia;Crescente;Nublado;Dupla;Reta;N�o;4;0;1;0;2;1;1;3;-21,692416;-45,3541888;SPRF-MG;DEL16-MG;UOP02-DEL16-MG;;;
728329;07/09/2025;domingo;07:45:00;MG;153;186,7;FRUTAL;Condutor usando celular;Colis�o frontal;Com V�timas Feridas;Pleno dia;Crescente;C�u Claro;Simples;Reta;N�o;3;0;1;1;0;1;2;3;-19,898912;-48,969831;SPRF-MG;DEL13-MG;UOP02-DEL13-MG;;;
728333;29/10/2025;quarta-feira;14:25:00;PE;424;18;PEDRA;Ultrapassagem Indevida;Colis�o traseira;Com V�timas Feridas;Pleno dia;Decrescente;C�u Claro;Simples;Curva;Sim;3;0;1;0;1;1;1;3;-8,496715;-36,937968;SPRF-PE;DEL04-PE;UOP02-DEL04-PE;;;
728335;29/10/2025;quarta-feira;14:00:00;BA;101;746;ITABELA;Manobra de mudan�a de faixa;Colis�o lateral sentido oposto;Sem V�timas;Pleno dia;Decrescente;C�u Claro;M�ltipla;Reta;Sim;2;0;0;0;2;0;0;2;-16,57907339;-39,55721498;SPRF-BA;DEL09-BA;UOP01-DEL09-BA;;;
728336;29/10/2025;quarta-feira;16:20:00;GO;153;297,2;RIALMA;Rea��o tardia ou ineficiente do condutor;Colis�o lateral sentido oposto;Com V�timas Feridas;Pleno dia;Crescente;C�u Claro;Simples;"Aclive;Reta";N�o;5;0;1;1;2;1;2;3;-15,283;-49,559;SPRF-GO;DEL02-GO;UOP02-DEL02-GO;;;
728337;29/10/2025;quarta-feira;14:30:00;MT;364;202;RONDONOPOLIS;Condutor deixou de manter dist�ncia do ve�culo da frente;Colis�o traseira;Sem V�timas;Pleno dia;Decrescente;C�u Claro;Dupla;"Reta;Ponte";Sim;4;0;0;0;3;5;0;8;-16,47965455;-54,65155933;SPRF-MT;DEL02-MT;UOP01-DEL02-MT;;;
728339;29/10/2025;quarta-feira;16:21:00;MG;40;429,8;PARAOPEBA;Demais falhas mec�nicas ou el�tricas;Inc�ndio;Sem V�timas;Pleno dia;Crescente;C�u Claro;Dupla;Reta;N�o;1;0;0;0;1;0;0;1;-19,20353795;-44,47265625;SPRF-MG;DEL02-MG;UOP01-DEL02-MG;;;
728340;29/10/2025;quarta-feira;13:50:00;PR;476;182;LAPA;Rea��o tardia ou ineficiente do condutor;Tombamento;Com V�timas Feridas;Pleno dia;Decrescente;Nublado;Simples;Curva;N�o;3;0;2;0;0;1;2;2;-25,7170121;-49,614228;SPRF-PR;DEL01-PR;UOP06-DEL01-PR;;;
728341;01/10/2025;quarta-feira;00:59:00;PR;376;374,3;IMBAU;Rea��o tardia ou ineficiente do condutor;Sa�da de leito carro��vel;Com V�timas Feridas;Plena Noite;Decrescente;Nublado;Simples;"Curva;Declive";N�o;1;0;1;0;0;0;1;1;-24,39499228;-50,78354772;SPRF-PR;DEL07-PR;UOP02-DEL07-PR;;;
728344;29/10/2025;quarta-feira;15:27:00;MT;163;851,1;SINOP;Objeto est�tico sobre o leito carro��vel;Colis�o com objeto;Com V�timas Feridas;Pleno dia;Decrescente;Nublado;Simples;Reta;N�o;5;0;0;1;2;9;1;12;-11,71894;-55,45815;SPRF-MT;DEL06-MT;UOP02-DEL06-MT;;;
728349;29/10/2025;quarta-feira;16:15:00;GO;20;206;SIMOLANDIA;Aus�ncia de rea��o do condutor;Colis�o traseira;Com V�timas Feridas;Pleno dia;Crescente;C�u Claro;Simples;"Declive;Reta";N�o;5;0;3;0;1;3;3;5;-14,45145678;-46,46946394;SPRF-DF;DEL02-DF;UOP03-DEL02-DF;;;
728352;29/10/2025;quarta-feira;17:00:00;MG;381;367;SAO GONCALO DO RIO ABAIXO;Rea��o tardia ou ineficiente do condutor;Colis�o frontal;Com V�timas Feridas;Pleno dia;Crescente;C�u Claro;Simples;Curva;Sim;3;0;2;0;1;0;2;3;-19,84193;-43,31875;SPRF-MG;DEL03-MG;UOP01-DEL03-MG;;;
728357;29/10/2025;quarta-feira;17:10:00;GO;50;274;CATALAO;Acessar a via sem observar a presen�a dos outros ve�culos;Colis�o lateral mesmo sentido;Com V�timas Feridas;Pleno dia;Decrescente;C�u Claro;Dupla;"Reta;Interse��o de Vias";Sim;2;0;0;1;1;0;1;2;-18,15618754;-47,90776603;SPRF-GO;DEL06-GO;UOP01-DEL06-GO;;;
728358;29/10/2025;quarta-feira;17:08:00;RJ;101;18;CAMPOS DOS GOYTACAZES;Acesso irregular;Colis�o transversal;Com V�timas Feridas;Anoitecer;Crescente;C�u Claro;Simples;Reta;N�o;3;0;0;1;1;1;1;3;-21,8358607;-41,420591;SPRF-RJ;DEL08-RJ;UOP01-DEL08-RJ;;;
728360;11/09/2025;quinta-feira;15:00:00;MG;262;384;FLORESTAL;Demais falhas mec�nicas ou el�tricas;Inc�ndio;Sem V�timas;Pleno dia;Crescente;C�u Claro;Dupla;Reta;N�o;2;0;0;0;1;3;0;4;-19,9092541;-44,51095518;SPRF-MG;DEL01-MG;UOP03-DEL01-MG;;;
728364;29/10/2025;quarta-feira;05:30:00;MG;153;139;PRATA;Condutor Dormindo;Sa�da de leito carro��vel;Com V�timas Feridas;Amanhecer;Decrescente;Nublado;Simples;Declive;N�o;4;0;2;0;1;1;2;3;-19,556571;-48,826776;SPRF-MG;DEL15-MG;UOP03-DEL15-MG;;;
728370;29/10/2025;quarta-feira;16:00:00;PR;277;283,9;PRUDENTOPOLIS;Demais falhas mec�nicas ou el�tricas;Colis�o com objeto;Com V�timas Feridas;Pleno dia;Crescente;C�u Claro;Simples;"Declive;Reta";N�o;5;0;1;0;3;3;1;5;-25,323;-50,966;SPRF-PR;DEL08-PR;UOP02-DEL08-PR;;;
728377;29/10/2025;quarta-feira;19:20:00;SP;116;211;GUARULHOS;Condutor deixou de manter dist�ncia do ve�culo da frente;Colis�o traseira;Com V�timas Feridas;Plena Noite;Decrescente;Nublado;M�ltipla;Reta;Sim;2;0;1;0;1;0;1;2;-23,434927;-46,425707;SPRF-SP;DEL01-SP;UOP01-DEL01-SP;;;
728380;29/10/2025;quarta-feira;19:20:00;SC;470;5,8;NAVEGANTES;Pedestre andava na pista;Atropelamento de Pedestre;Com V�timas Fatais;Plena Noite;Crescente;Nublado;Dupla;Reta;Sim;3;1;0;0;1;1;0;3;-26,851773;-48,709948;SPRF-SC;DEL04-SC;UOP04-DEL04-SC;;;
728396;29/10/2025;quarta-feira;16:40:00;SC;116;156,6;SANTA CECILIA;Rea��o tardia ou ineficiente do condutor;Tombamento;Com V�timas Feridas;Pleno dia;Decrescente;Nublado;Simples;Curva;N�o;2;0;1;0;0;1;1;2;-27,08347216;-50,43823812;SPRF-SC;DEL06-SC;UOP02-DEL06-SC;;;
728402;29/10/2025;quarta-feira;19:16:00;SC;470;99;APIUNA;Acessar a via sem observar a presen�a dos outros ve�culos;Colis�o transversal;Com V�timas Feridas;Plena Noite;Crescente;Nublado;Simples;Reta;Sim;4;0;2;0;1;1;2;3;-27,03694253;-49,39191911;SPRF-SC;DEL04-SC;UOP02-DEL04-SC;;;
728404;29/10/2025;quarta-feira;20:30:00;BA;116;768;POCOES;Objeto est�tico sobre o leito carro��vel;Colis�o com objeto;Com V�timas Feridas;Plena Noite;Decrescente;C�u Claro;Simples;Reta;N�o;3;0;0;1;1;1;1;3;-14,60010505;-40,43727547;SPRF-BA;DEL08-BA;UOP02-DEL08-BA;;;
728409;29/10/2025;quarta-feira;22:50:00;SE;101;34;CAPELA;Condutor Dormindo;Tombamento;Com V�timas Feridas;Plena Noite;Crescente;C�u Claro;Dupla;"Aclive;Curva";N�o;2;0;1;0;0;2;1;3;-10,46435347;-36,94135515;SPRF-SE;DEL02-SE;UOP02-DEL02-SE;;;
728414;29/10/2025;quarta-feira;22:13:00;MG;40;666,7;CARANDAI;Acessar a via sem observar a presen�a dos outros ve�culos;Colis�o transversal;Com V�timas Fatais;Plena Noite;Decrescente;C�u Claro;Simples;Interse��o de Vias;Sim;3;1;0;0;1;1;0;3;-20,9479505;-43,7972355;SPRF-MG;DEL05-MG;UOP02-DEL05-MG;;;
728422;30/10/2025;quinta-feira;02:06:00;SC;470;108,9;APIUNA;Transitar na contram�o;Colis�o frontal;Com V�timas Fatais;Plena Noite;Crescente;C�u Claro;Simples;Reta;N�o;4;3;0;0;1;0;0;2;-27,083705;-49,450462;SPRF-SC;DEL04-SC;UOP02-DEL04-SC;;;
728423;30/10/2025;quinta-feira;04:20:00;SP;116;387;MIRACATU;Mal s�bito do condutor;Colis�o traseira;Com V�timas Feridas;Plena Noite;Decrescente;C�u Claro;Dupla;Reta;N�o;4;0;1;0;2;1;1;3;-24,26659183;-47,39105632;SPRF-SP;DEL04-SP;UOP02-DEL04-SP;;;
728432;30/10/2025;quinta-feira;00:45:00;SC;282;467;PONTE SERRADA;Transitar na contram�o;Colis�o lateral sentido oposto;Com V�timas Feridas;Plena Noite;Decrescente;C�u Claro;Simples;Reta;N�o;3;0;0;1;1;4;1;6;-26,852342;-52,070202;SPRF-SC;DEL07-SC;UOP04-DEL07-SC;;;
728433;30/10/2025;quinta-feira;06:10:00;ES;101;270;SERRA;Aus�ncia de rea��o do condutor;Colis�o traseira;Com V�timas Feridas;Pleno dia;Decrescente;C�u Claro;Dupla;Reta;Sim;3;0;0;1;1;1;1;3;-20,2273485;-40,27108312;SPRF-ES;DEL02-ES;UOP01-DEL02-ES;;;
728437;30/10/2025;quinta-feira;00:10:00;RJ;393;151;TRES RIOS;Velocidade Incompat�vel;Tombamento;Com V�timas Feridas;Plena Noite;Crescente;C�u Claro;Simples;Reta;N�o;2;0;2;0;0;0;2;1;-22,08137291;-43,0489499;SPRF-RJ;DEL05-RJ;UOP01-DEL05-RJ;;;
728438;30/10/2025;quinta-feira;07:00:00;GO;20;179;ALVORADA DO NORTE;Manobra de mudan�a de faixa;Tombamento;Com V�timas Feridas;Pleno dia;Decrescente;Nublado;Simples;Aclive;N�o;2;0;0;1;0;1;1;2;-14,49461974;-46,50674701;SPRF-DF;DEL02-DF;UOP03-DEL02-DF;;;
728442;30/10/2025;quinta-feira;05:40:00;SP;153;116;UBARANA;Demais falhas mec�nicas ou el�tricas;Inc�ndio;Sem V�timas;Amanhecer;Crescente;Nublado;Simples;Reta;N�o;1;0;0;0;1;0;0;1;-21,13781671;-49,69911218;SPRF-SP;DEL09-SP;UOP01-DEL09-SP;;;
728443;30/10/2025;quinta-feira;05:40:00;PA;316;71;CASTANHAL;Transitar na contram�o;Colis�o frontal;Com V�timas Fatais;Amanhecer;Decrescente;C�u Claro;Simples;Reta;N�o;3;1;1;1;0;0;2;3;-1,289095;-47,845185;SPRF-PA;DEL01-PA;UOP01-DEL01-PA;;;
728455;30/10/2025;quinta-feira;06:00:00;MG;381;925,8;ITAPEVA;Aus�ncia de rea��o do condutor;Tombamento;Com V�timas Fatais;Amanhecer;Decrescente;Nublado;Dupla;"Curva;Declive";N�o;3;2;0;0;0;2;0;4;-22,769334;-46,205399;SPRF-MG;DEL16-MG;UOP03-DEL16-MG;;;
728456;30/10/2025;quinta-feira;06:00:00;PA;10;10;DOM ELISEU;Avarias e/ou desgaste excessivo no pneu;Inc�ndio;Sem V�timas;Amanhecer;Decrescente;C�u Claro;Simples;Reta;N�o;2;0;0;0;1;3;0;4;-4,351542;-47,536718;SPRF-PA;DEL02-PA;UOP02-DEL02-PA;;;
728457;30/10/2025;quinta-feira;08:30:00;SP;153;64,3;SAO JOSE DO RIO PRETO;Manobra de mudan�a de faixa;Sa�da de leito carro��vel;Com V�timas Feridas;Pleno dia;Crescente;Nublado;Dupla;Reta;Sim;4;0;1;0;1;2;1;4;-20,83189094;-49,3627456;SPRF-SP;DEL09-SP;UOP01-DEL09-SP;;;
728459;30/10/2025;quinta-feira;08:40:00;CE;116;42,1;HORIZONTE;Acessar a via sem observar a presen�a dos outros ve�culos;Colis�o lateral mesmo sentido;Com V�timas Feridas;Pleno dia;Decrescente;C�u Claro;Dupla;Retorno Regulamentado;Sim;5;0;1;0;3;5;1;9;-4,10049524;-38,50170898;SPRF-CE;DEL01-CE;UOP02-DEL01-CE;;;
728462;30/10/2025;quinta-feira;06:00:00;MT;163;614;NOVA MUTUM;Rea��o tardia ou ineficiente do condutor;Tombamento;Com V�timas Fatais;Pleno dia;Crescente;C�u Claro;Simples;"Em Obras;Desvio Tempor�rio";N�o;3;1;1;0;0;5;1;7;-13,5959368;-56,03164673;SPRF-MT;DEL01-MT;UOP01-DEL01-MT;;;
728468;21/10/2025;ter�a-feira;04:20:00;MA;226;245;TUNTUM;Rea��o tardia ou ineficiente do condutor;Tombamento;Com V�timas Feridas;Plena Noite;Crescente;Chuva;Simples;Curva;N�o;2;0;1;0;0;1;1;2;-5,40388;-44,836318;SPRF-MA;DEL06-MA;UOP01-DEL06-MA;;;
728469;30/10/2025;quinta-feira;07:30:00;MG;381;563;ITAGUARA;Acessar a via sem observar a presen�a dos outros ve�culos;Colis�o lateral mesmo sentido;Com V�timas Feridas;Pleno dia;Crescente;C�u Claro;M�ltipla;"Curva;Declive";Sim;2;0;1;0;0;1;1;2;-20,38443564;-44,48312156;SPRF-MG;DEL04-MG;UOP03-DEL04-MG;;;
728471;30/10/2025;quinta-feira;09:25:00;RS;470;225;GARIBALDI;Acessar a via sem observar a presen�a dos outros ve�culos;Colis�o transversal;Com V�timas Feridas;Pleno dia;Crescente;Nublado;Simples;Reta;N�o;3;0;1;0;2;0;1;2;-29,24614816;-51,51634097;SPRF-RS;DEL06-RS;UOP01-DEL06-RS;;;
728473;30/10/2025;quinta-feira;07:50:00;MG;50;111;UBERABA;Condutor Dormindo;Colis�o traseira;Com V�timas Feridas;Pleno dia;Crescente;C�u Claro;Simples;"Aclive;Reta";N�o;4;0;2;0;1;1;2;3;-19,30142288;-48,1142807;SPRF-MG;DEL13-MG;UOP01-DEL13-MG;;;
728475;30/09/2025;ter�a-feira;13:00:00;BA;116;441;ANTONIO CARDOSO;Velocidade Incompat�vel;Sa�da de leito carro��vel;Com V�timas Feridas;Pleno dia;Decrescente;C�u Claro;Dupla;"Aclive;Curva";N�o;2;0;0;1;0;1;1;2;-12,35403547;-39,0948379;SPRF-BA;DEL02-BA;UOP01-DEL02-BA;;;
728478;30/10/2025;quinta-feira;09:05:00;SP;116;212;GUARULHOS;Chuva;Colis�o traseira;Com V�timas Feridas;Amanhecer;Crescente;Chuva;M�ltipla;Declive;Sim;3;0;1;0;1;1;1;3;-23,43916714;-46,43593522;SPRF-SP;DEL01-SP;UOP01-DEL01-SP;;;
728485;30/10/2025;quinta-feira;10:30:00;PR;277;722;FOZ DO IGUACU;Carga excessiva e/ou mal acondicionada;Colis�o com objeto;Com V�timas Feridas;Pleno dia;Decrescente;C�u Claro;Dupla;Reta;Sim;2;0;0;1;0;1;1;2;-25,495614;-54,52267;SPRF-PR;DEL05-PR;UOP03-DEL05-PR;;;
728489;30/10/2025;quinta-feira;08:30:00;SE;101;156;ESTANCIA;Velocidade Incompat�vel;Tombamento;Com V�timas Feridas;Pleno dia;Decrescente;C�u Claro;Simples;"Declive;Curva";N�o;2;0;0;1;0;1;1;2;-11,29163182;-37,47024536;SPRF-SE;DEL02-SE;UOP01-DEL02-SE;;;
728490;30/10/2025;quinta-feira;10:10:00;MT;364;133;PEDRA PRETA;Condutor deixou de manter dist�ncia do ve�culo da frente;Engavetamento;Com V�timas Feridas;Pleno dia;Crescente;C�u Claro;Simples;Reta;N�o;7;0;2;0;5;0;2;4;-16,785335;-54,155849;SPRF-MT;DEL02-MT;UOP01-DEL02-MT;;;
728491;30/10/2025;quinta-feira;10:30:00;MG;50;127;UBERABA;Aus�ncia de rea��o do condutor;Sa�da de leito carro��vel;Com V�timas Feridas;Pleno dia;Decrescente;C�u Claro;Dupla;Reta;N�o;2;0;1;0;0;1;1;2;-19,2940766;-48,1149391;SPRF-MG;DEL13-MG;UOP01-DEL13-MG;;;
728493;30/10/2025;quinta-feira;11:30:00;BA;242;464;IBITIARA;Demais falhas na via;Tombamento;Com V�timas Feridas;Pleno dia;Crescente;C�u Claro;Simples;"Declive;Reta";N�o;2;0;1;0;0;2;1;3;-12,448227;-42,139755;SPRF-BA;DEL06-BA;UOP01-DEL06-BA;;;
728496;30/10/2025;quinta-feira;08:45:00;PR;153;390;MALLET;Rea��o tardia ou ineficiente do condutor;Sa�da de leito carro��vel;Com V�timas Feridas;Pleno dia;Decrescente;C�u Claro;Simples;"Declive;Reta";Sim;2;0;1;0;0;1;1;2;-25,898927;-50,833652;SPRF-PR;DEL08-PR;UOP02-DEL08-PR;;;
728498;30/10/2025;quinta-feira;12:10:00;CE;222;223,2;SOBRAL;Condutor deixou de manter dist�ncia do ve�culo da frente;Colis�o traseira;Com V�timas Feridas;Pleno dia;Crescente;C�u Claro;Simples;Reta;N�o;4;0;0;2;1;3;2;5;-3,7223876;-40,32694817;SPRF-CE;DEL04-CE;UOP01-DEL04-CE;;;
728503;30/10/2025;quinta-feira;12:24:00;PE;104;61;CARUARU;Manobra de mudan�a de faixa;Colis�o lateral mesmo sentido;Sem V�timas;Pleno dia;Decrescente;Nublado;Dupla;"Interse��o de Vias;Reta";Sim;2;0;0;0;2;0;0;2;-8,24881;-35,97493;SPRF-PE;DEL02-PE;UOP01-DEL02-PE;;;
728510;30/10/2025;quinta-feira;13:15:00;SC;470;51;BLUMENAU;Aus�ncia de rea��o do condutor;Colis�o traseira;Com V�timas Feridas;Pleno dia;Decrescente;Nublado;Simples;Reta;Sim;2;0;1;0;1;0;1;2;-26,86487808;-49,09920629;SPRF-SC;DEL04-SC;UOP01-DEL04-SC;;;
728511;30/10/2025;quinta-feira;12:20:00;MG;381;745,9;TRES CORACOES;Demais falhas mec�nicas ou el�tricas;Inc�ndio;Sem V�timas;Pleno dia;Crescente;Garoa/Chuvisco;Dupla;Curva;N�o;2;0;0;0;1;1;0;2;-21,61418;-45,25968464;SPRF-MG;DEL16-MG;UOP02-DEL16-MG;;;
728526;30/10/2025;quinta-feira;14:50:00;PR;376;241,1;APUCARANA;Manobra de mudan�a de faixa;Colis�o traseira;Sem V�timas;Pleno dia;Decrescente;Nublado;Dupla;"Reta;Aclive";N�o;4;0;0;0;3;1;0;4;-23,581364;-51,442111;SPRF-PR;DEL07-PR;UOP03-DEL07-PR;;;
728527;18/09/2025;quinta-feira;05:30:00;PI;230;298;FLORIANO;Demais falhas mec�nicas ou el�tricas;Inc�ndio;Sem V�timas;Amanhecer;Crescente;C�u Claro;Simples;Reta;N�o;2;0;0;0;1;1;0;2;-6,81655651;-42,93414116;SPRF-PI;DEL03-PI;UOP01-DEL03-PI;;;
728541;30/10/2025;quinta-feira;14:20:00;MT;163;1031;PEIXOTO DE AZEVEDO;Acessar a via sem observar a presen�a dos outros ve�culos;Colis�o transversal;Com V�timas Feridas;Pleno dia;Decrescente;Nublado;Simples;Reta;N�o;3;0;2;0;1;0;2;2;-10,23992452;-54,98176575;SPRF-MT;DEL06-MT;UOP03-DEL06-MT;;;
728543;30/10/2025;quinta-feira;15:01:00;PR;116;119;CURITIBA;Acessar a via sem observar a presen�a dos outros ve�culos;Colis�o traseira;Com V�timas Feridas;Pleno dia;Crescente;Nublado;Dupla;"Aclive;Curva;Retorno Regulamentado";N�o;2;0;1;0;0;1;1;2;-25,576418;-49,312415;SPRF-PR;DEL01-PR;UOP03-DEL01-PR;;;
728546;30/10/2025;quinta-feira;16:45:00;ES;101;297,5;CARIACICA;Acessar a via sem observar a presen�a dos outros ve�culos;Colis�o com objeto;Com V�timas Feridas;Anoitecer;Crescente;C�u Claro;Dupla;Reta;N�o;2;0;1;0;1;0;1;2;-20,345801;-40,40498;SPRF-ES;DEL01-ES;UOP01-DEL01-ES;;;
728552;30/10/2025;quinta-feira;11:35:00;MA;316;423,6;PERITORO;Rea��o tardia ou ineficiente do condutor;Sa�da de leito carro��vel;Com V�timas Feridas;Pleno dia;Decrescente;Sol;Simples;Interse��o de Vias;Sim;1;0;1;0;0;0;1;1;-4,369382;-44,342623;SPRF-MA;DEL03-MA;UOP01-DEL03-MA;;;