id;data_inversa;dia_semana;horario;uf;br;km;municipio;causa_acidente;tipo_acidente;classificacao_acidente;fase_dia;sentido_via;condicao_metereologica;tipo_pista;tracado_via;uso_solo;pessoas;mortos;feridos_leves;feridos_graves;ilesos;ignorados;feridos;veiculos;latitude;longitude;regional;delegacia;uop;;;
728554;30/10/2025;quinta-feira;16:00:00;RS;158;363;DILERMANDO DE AGUIAR;Ultrapassagem Indevida;Colis�o frontal;Com V�timas Feridas;Pleno dia;Crescente;C�u Claro;Simples;Reta;N�o;4;0;1;1;1;1;2;3;-29,818776;-54,13937;SPRF-RS;DEL09-RS;UOP01-DEL09-RS;;;
728562;30/10/2025;quinta-feira;14:35:00;SC;101;278,4;IMBITUBA;Aus�ncia de rea��o do condutor;Colis�o traseira;Com V�timas Feridas;Pleno dia;Decrescente;Nublado;M�ltipla;"Declive;Reta";N�o;21;0;0;1;19;2;1;5;-28,18050803;-48,6955905;SPRF-SC;DEL02-SC;UOP03-DEL02-SC;;;
728566;30/10/2025;quinta-feira;16:50:00;PE;232;181;BELO JARDIM;Acesso irregular;Colis�o lateral mesmo sentido;Com V�timas Feridas;Pleno dia;Crescente;C�u Claro;Simples;Reta;Sim;2;0;0;1;0;1;1;2;-8,34719;-36,442718;SPRF-PE;DEL03-PE;UOP02-DEL03-PE;;;
728570;30/10/2025;quinta-feira;16:15:00;GO;153;589,9;PIRACANJUBA;Aus�ncia de rea��o do condutor;Colis�o traseira;Sem V�timas;Pleno dia;Crescente;Nublado;Dupla;Reta;N�o;3;0;0;0;2;4;0;6;-17,45914;-49,222783;SPRF-GO;DEL03-GO;UOP01-DEL03-GO;;;
728572;24/09/2025;quarta-feira;07:05:00;MA;135;7;SAO LUIS;Condutor deixou de manter dist�ncia do ve�culo da frente;Colis�o traseira;Com V�timas Feridas;Pleno dia;Decrescente;C�u Claro;Dupla;Reta;Sim;2;0;0;1;1;0;1;2;-2,63567;-44,267656;SPRF-MA;DEL01-MA;UOP01-DEL01-MA;;;
728574;07/10/2025;ter�a-feira;05:40:00;CE;116;461;BARRO;Rea��o tardia ou ineficiente do condutor;Colis�o com objeto;Com V�timas Fatais;Pleno dia;Decrescente;C�u Claro;Simples;Reta;N�o;3;1;0;0;1;1;0;3;-7,208485;-38,826282;SPRF-CE;DEL05-CE;UOP03-DEL05-CE;;;
728577;30/10/2025;quinta-feira;14:10:00;PA;316;94;SAO FRANCISCO DO PARA;Manobra de mudan�a de faixa;Colis�o lateral sentido oposto;Com V�timas Feridas;Pleno dia;Crescente;C�u Claro;Simples;Reta;N�o;4;0;1;0;2;1;1;4;-1,326937;-47,649143;SPRF-PA;DEL01-PA;UOP02-DEL01-PA;;;
728583;30/10/2025;quinta-feira;19:30:00;RS;448;20;CANOAS;Manobra de mudan�a de faixa;Colis�o lateral mesmo sentido;Com V�timas Feridas;Plena Noite;Decrescente;C�u Claro;M�ltipla;Curva;Sim;4;0;1;0;2;1;1;3;-29,95638466;-51,20234013;SPRF-RS;DEL01-RS;UOP01-DEL01-RS;;;
728589;30/10/2025;quinta-feira;18:40:00;MT;70;519;VARZEA GRANDE;Transitar no Acostamento;Queda de ocupante de ve�culo;Com V�timas Feridas;Plena Noite;Decrescente;C�u Claro;Simples;Reta;Sim;2;0;1;0;1;0;1;2;-15,691008;-56,168932;SPRF-MT;DEL01-MT;UOP02-DEL01-MT;;;
728590;30/10/2025;quinta-feira;15:40:00;GO;60;284,5;ACREUNA;Demais falhas mec�nicas ou el�tricas;Inc�ndio;Sem V�timas;Pleno dia;Crescente;Nublado;Dupla;"Reta;Ponte";N�o;1;0;0;0;1;0;0;1;-17,274687;-50,245753;SPRF-GO;DEL04-GO;UOP02-DEL04-GO;;;
728592;30/10/2025;quinta-feira;11:16:00;MG;116;401,4;GOVERNADOR VALADARES;Suic�dio (presumido);Atropelamento de Pedestre;Com V�timas Fatais;Pleno dia;Crescente;Sol;Simples;Reta;N�o;4;1;0;0;2;2;0;4;-18,77881939;-41,98772404;SPRF-MG;DEL06-MG;UOP01-DEL06-MG;;;
728594;07/10/2025;ter�a-feira;01:10:00;MG;381;896;CAMBUI;Condutor Dormindo;Sa�da de leito carro��vel;Com V�timas Feridas;Plena Noite;Decrescente;Nublado;Dupla;Reta;Sim;2;0;1;0;0;1;1;2;-22,59202;-46,0541079;SPRF-MG;DEL16-MG;UOP01-DEL16-MG;;;
728601;30/10/2025;quinta-feira;14:00:00;PA;230;564;VITORIA DO XINGU;Problema com o freio;Tombamento;Com V�timas Feridas;Pleno dia;Crescente;C�u Claro;Simples;"Curva;Declive";Sim;3;0;1;0;1;1;1;2;-3,12166154;-51,77298546;SPRF-PA;DEL04-PA;UOP01-DEL04-PA;;;
728606;30/10/2025;quinta-feira;22:30:00;ES;101;333;GUARAPARI;Entrada inopinada do pedestre;Atropelamento de Pedestre;Com V�timas Feridas;Plena Noite;Decrescente;Chuva;Dupla;Curva;N�o;2;0;0;1;1;0;1;2;-20,61517645;-40,51410047;SPRF-ES;DEL03-ES;UOP01-DEL03-ES;;;
728607;30/10/2025;quinta-feira;20:15:00;RJ;116;296;BARRA MANSA;Carga excessiva e/ou mal acondicionada;Colis�o com objeto;Com V�timas Feridas;Plena Noite;Crescente;C�u Claro;Dupla;Reta;N�o;4;0;2;0;1;1;2;2;-22,45282;-44,305692;SPRF-RJ;DEL07-RJ;UOP02-DEL07-RJ;;;
728610;30/10/2025;quinta-feira;21:30:00;PR;369;156;LONDRINA;Condutor deixou de manter dist�ncia do ve�culo da frente;Colis�o traseira;Com V�timas Feridas;Plena Noite;Decrescente;Chuva;Dupla;Reta;Sim;3;0;1;0;2;0;1;3;-23,2919633;-51,2180993;SPRF-PR;DEL07-PR;UOP01-DEL07-PR;;;
728613;30/10/2025;quinta-feira;12:30:00;MA;230;49,9;BARAO DE GRAJAU;Aus�ncia de rea��o do condutor;Tombamento;Com V�timas Feridas;Pleno dia;Decrescente;Sol;Simples;"Aclive;Curva";N�o;2;0;0;1;0;1;1;2;-6,60808;-43,405265;SPRF-PI;DEL03-PI;UOP01-DEL03-PI;;;
728618;30/10/2025;quinta-feira;22:33:00;MG;153;25;CENTRALINA;Demais falhas mec�nicas ou el�tricas;Inc�ndio;Sem V�timas;Plena Noite;Crescente;C�u Claro;Dupla;Aclive;N�o;1;0;0;0;1;0;0;1;-18,59738183;-49,19201374;SPRF-MG;DEL15-MG;UOP03-DEL15-MG;;;
728621;30/10/2025;quinta-feira;22:05:00;RS;392;224;CACAPAVA DO SUL;Rea��o tardia ou ineficiente do condutor;Colis�o traseira;Com V�timas Feridas;Plena Noite;Decrescente;C�u Claro;Simples;Reta;N�o;11;0;1;0;9;2;1;4;-30,69990697;-53,23988557;SPRF-RS;DEL09-RS;UOP02-DEL09-RS;;;
728625;31/10/2025;sexta-feira;00:40:00;GO;70;474;ARAGARCAS;Aus�ncia de rea��o do condutor;Colis�o traseira;Com V�timas Feridas;Plena Noite;Crescente;C�u Claro;Dupla;Reta;Sim;2;0;1;0;1;0;1;2;-15,89686593;-52,24055998;SPRF-GO;DEL04-GO;UOP02-DEL04-GO;;;
728627;31/10/2025;sexta-feira;00:20:00;PR;277;311;PRUDENTOPOLIS;Problema com o freio;Inc�ndio;Sem V�timas;Plena Noite;Decrescente;Garoa/Chuvisco;Simples;"Curva;Declive";N�o;1;0;0;0;1;0;0;1;-25,3227807;-51,1916846;SPRF-PR;DEL08-PR;UOP01-DEL08-PR;;;
728629;30/10/2025;quinta-feira;23:00:00;MG;365;418;PATOS DE MINAS;Chuva;Tombamento;Com V�timas Feridas;Plena Noite;Decrescente;Chuva;Simples;Curva;N�o;2;0;2;0;0;0;2;1;-18,68424234;-46,57696545;SPRF-MG;DEL10-MG;UOP01-DEL10-MG;;;
728631;30/10/2025;quinta-feira;22:35:00;MG;365;255,7;SAO GONCALO DO ABAETE;Aus�ncia de rea��o do condutor;Tombamento;Com V�timas Fatais;Plena Noite;Decrescente;Nublado;Simples;Curva;N�o;2;1;0;0;0;1;0;2;-17,85691;-45,48806;SPRF-MG;DEL10-MG;UOP02-DEL010-MG;;;
728634;31/10/2025;sexta-feira;02:30:00;RJ;40;30;AREAL;Velocidade Incompat�vel;Tombamento;Com V�timas Feridas;Plena Noite;Decrescente;Nublado;Dupla;Curva;Sim;2;0;0;1;0;1;1;2;-22,23000719;-43,1195569;SPRF-RJ;DEL05-RJ;UOP02-DEL05-RJ;;;
728636;31/10/2025;sexta-feira;02:20:00;AL;101;160,9;CAMPO ALEGRE;Condutor Dormindo;Sa�da de leito carro��vel;Com V�timas Feridas;Plena Noite;Decrescente;C�u Claro;Dupla;Reta;N�o;2;0;1;0;0;1;1;2;-9,902275;-36,234485;SPRF-AL;DEL02-AL;UOP02-DEL02-AL;;;
728637;31/10/2025;sexta-feira;03:30:00;MG;381;699;LAVRAS;Rea��o tardia ou ineficiente do condutor;Colis�o com objeto;Sem V�timas;Plena Noite;Decrescente;Nublado;Dupla;"Curva;Declive";N�o;2;0;0;0;1;1;0;2;-21,27474757;-45,13772826;SPRF-MG;DEL04-MG;UOP02-DEL04-MG;;;
728640;31/10/2025;sexta-feira;00:15:00;MA;135;11;SAO LUIS;Aus�ncia de rea��o do condutor;Colis�o com objeto;Sem V�timas;Pleno dia;Crescente;C�u Claro;Dupla;Curva;Sim;2;0;0;0;1;2;0;3;-2,67507803;-44,29482132;SPRF-MA;DEL01-MA;UOP01-DEL01-MA;;;
728641;31/10/2025;sexta-feira;06:00:00;AL;101;24;JOAQUIM GOMES;Curva acentuada;Tombamento;Com V�timas Feridas;Pleno dia;Decrescente;C�u Claro;Simples;Curva;N�o;2;0;1;0;0;1;1;2;-9,077393;-35,744041;SPRF-AL;DEL01-AL;UOP02-DEL01-AL;;;
728646;31/10/2025;sexta-feira;03:50:00;RJ;116;199;QUEIMADOS;Aus�ncia de rea��o do condutor;Colis�o traseira;Com V�timas Feridas;Plena Noite;Crescente;Nublado;Dupla;"Reta;Em Obras";N�o;2;0;1;0;1;0;1;2;-22,7307973;-43,60639997;SPRF-RJ;DEL06-RJ;UOP02-DEL06-RJ;;;
728647;30/10/2025;quinta-feira;21:30:00;CE;116;196;LIMOEIRO DO NORTE;Pista esburacada;Tombamento;Com V�timas Feridas;Plena Noite;Decrescente;C�u Claro;Simples;Reta;N�o;2;0;1;0;0;1;1;2;-5,17761126;-38,17835927;SPRF-CE;DEL03-CE;UOP01-DEL03-CE;;;
728655;30/10/2025;quinta-feira;13:00:00;CE;116;389,7;ICO;Acostamento em desn�vel;Tombamento;Sem V�timas;Pleno dia;Decrescente;Sol;Simples;"Aclive;Em Obras";N�o;2;0;0;0;0;3;0;3;-6,52079;-38,86165;SPRF-CE;DEL05-CE;UOP01-DEL05-CE;;;
728656;31/10/2025;sexta-feira;07:25:00;PB;230;19;JOAO PESSOA;Condutor deixou de manter dist�ncia do ve�culo da frente;Colis�o traseira;Sem V�timas;Pleno dia;Crescente;C�u Claro;Dupla;Curva;N�o;3;0;0;0;3;0;0;3;-7,12896;-34,84966;SPRF-PB;DEL01-PB;UOP01-DEL01-PB;;;
728659;31/10/2025;sexta-feira;06:30:00;BA;110;202;CIPO;Entrada inopinada do pedestre;Atropelamento de Pedestre;Com V�timas Fatais;Pleno dia;Decrescente;C�u Claro;Simples;"Aclive;Reta";Sim;2;1;0;0;1;0;0;2;-11,08434909;-38,50881505;SPRF-BA;DEL07-BA;UOP02-DEL07-BA;;;
728661;31/10/2025;sexta-feira;07:40:00;GO;60;387;RIO VERDE;Acessar a via sem observar a presen�a dos outros ve�culos;Colis�o lateral mesmo sentido;Com V�timas Feridas;Pleno dia;Crescente;Nublado;Dupla;"Interse��o de Vias;Retorno Regulamentado";Sim;3;0;1;0;1;3;1;5;-17,819677;-50,944421;SPRF-GO;DEL04-GO;UOP02-DEL04-GO;;;
728662;31/10/2025;sexta-feira;04:00:00;MG;251;222;AGUAS VERMELHAS;Transitar na contram�o;Colis�o lateral sentido oposto;Com V�timas Feridas;Amanhecer;Decrescente;C�u Claro;Simples;"Declive;Reta";N�o;7;0;5;0;0;2;5;3;-15,945476;-41,615059;SPRF-MG;DEL12-MG;UOP02-DEL12-MG;;;
728669;31/10/2025;sexta-feira;09:00:00;MA;230;235;SAO FELIX DE BALSAS;Rea��o tardia ou ineficiente do condutor;Tombamento;Com V�timas Feridas;Pleno dia;Crescente;Sol;Simples;Reta;N�o;2;0;1;0;0;1;1;2;-6,814719;-44,808714;SPRF-MA;DEL05-MA;UOP01-DEL05-MA;;;
728674;31/10/2025;sexta-feira;08:30:00;PR;116;18;CURITIBA;Trafegar com motocicleta (ou similar) entre as faixas;Colis�o lateral mesmo sentido;Com V�timas Feridas;Pleno dia;Crescente;Nublado;Dupla;"Aclive;Reta";Sim;3;0;1;0;2;0;1;3;-25,38897907;-49,1954678;SPRF-PR;DEL01-PR;UOP02-DEL01-PR;;;
728677;31/10/2025;sexta-feira;07:00:00;MG;381;905;CAMBUI;Velocidade Incompat�vel;Engavetamento;Com V�timas Feridas;Pleno dia;Decrescente;Nublado;Dupla;"Declive;Curva";N�o;8;0;3;0;4;3;3;9;-22,661397;-46,088612;SPRF-MG;DEL16-MG;UOP03-DEL16-MG;;;
728682;31/10/2025;sexta-feira;07:30:00;DF;20;12;BRASILIA;Aus�ncia de rea��o do condutor;Colis�o traseira;Com V�timas Feridas;Pleno dia;Decrescente;Nublado;Dupla;Reta;N�o;2;0;1;0;1;0;1;2;-15,6407378;-47,7520715;SPRF-DF;DEL02-DF;UOP01-DEL02-DF;;;
728683;31/10/2025;sexta-feira;07:15:00;MG;381;559,6;ITAGUARA;Rea��o tardia ou ineficiente do condutor;Colis�o com objeto;Com V�timas Feridas;Pleno dia;Crescente;Chuva;Dupla;"Declive;Curva";N�o;2;0;1;0;1;0;1;2;-20,360056;-44,466166;SPRF-MG;DEL04-MG;UOP03-DEL04-MG;;;
728685;12/10/2025;domingo;03:20:00;PI;316;2,2;TERESINA;Curva acentuada;Tombamento;Com V�timas Feridas;Plena Noite;Decrescente;C�u Claro;Dupla;Rotat�ria;Sim;3;0;1;0;1;1;1;2;-5,12297085;-42,79583573;SPRF-PI;DEL01-PI;UOP02-DEL01-PI;;;
728687;31/10/2025;sexta-feira;09:35:00;ES;101;118,2;SOORETAMA;Transitar na contram�o;Colis�o frontal;Com V�timas Feridas;Pleno dia;Decrescente;Garoa/Chuvisco;Simples;Reta;N�o;4;0;1;0;1;2;1;4;-19,01115068;-40,01061785;SPRF-ES;DEL04-ES;UOP01-DEL04-ES;;;
728690;31/10/2025;sexta-feira;10:00:00;PR;277;722,5;FOZ DO IGUACU;Acessar a via sem observar a presen�a dos outros ve�culos;Colis�o transversal;Sem V�timas;Pleno dia;Decrescente;C�u Claro;Dupla;Retorno Regulamentado;Sim;3;0;0;0;2;1;0;3;-25,49644737;-54,5242462;SPRF-PR;DEL05-PR;UOP03-DEL05-PR;;;
728701;30/09/2025;ter�a-feira;22:43:00;MT;364;201;RONDONOPOLIS;Rea��o tardia ou ineficiente do condutor;Tombamento;Sem V�timas;Plena Noite;Decrescente;C�u Claro;Dupla;Interse��o de Vias;N�o;2;0;0;0;0;3;0;3;-16,490558;-54,647205;SPRF-MT;DEL02-MT;UOP01-DEL02-MT;;;
728716;31/10/2025;sexta-feira;12:20:00;RO;364;516;ARIQUEMES;Acessar a via sem observar a presen�a dos outros ve�culos;Colis�o transversal;Com V�timas Feridas;Pleno dia;Crescente;C�u Claro;Simples;Reta;Sim;3;0;1;0;1;3;1;5;-9,90102269;-63,05609608;SPRF-RO;DEL03-RO;UOP01-DEL03-RO;;;
728725;22/09/2025;segunda-feira;12:31:00;MT;163;639,7;NOVA MUTUM;Rea��o tardia ou ineficiente do condutor;Colis�o traseira;Com V�timas Feridas;Pleno dia;Decrescente;C�u Claro;Simples;Reta;N�o;3;0;2;0;1;0;2;2;-13,467952;-56,07072;SPRF-MT;DEL01-MT;UOP01-DEL01-MT;;;
728743;31/10/2025;sexta-feira;13:00:00;BA;116;30;ABARE;Rea��o tardia ou ineficiente do condutor;Engavetamento;Com V�timas Feridas;Pleno dia;Decrescente;C�u Claro;Simples;Reta;N�o;5;0;1;0;3;2;1;5;-8,88461;-39,246078;SPRF-PE;DEL05-PE;UOP03-DEL05-PE;;;
728748;31/10/2025;sexta-feira;15:40:00;RJ;116;170;RIO DE JANEIRO;Manobra de mudan�a de faixa;Tombamento;Com V�timas Feridas;Pleno dia;Crescente;Nublado;Dupla;"Reta;Ponte";Sim;2;0;0;1;0;1;1;2;-22,81289658;-43,33057165;SPRF-RJ;DEL06-RJ;UOP01-DEL06-RJ;;;
728749;31/10/2025;sexta-feira;16:00:00;ES;101;57;SAO MATEUS;Rea��o tardia ou ineficiente do condutor;Colis�o lateral mesmo sentido;Sem V�timas;Pleno dia;Decrescente;C�u Claro;Simples;Reta;N�o;3;0;0;0;2;4;0;6;-18,64864883;-39,87343876;SPRF-ES;DEL04-ES;UOP02-DEL04-ES;;;
728751;31/10/2025;sexta-feira;15:05:00;GO;50;282;CATALAO;Acesso irregular;Sa�da de leito carro��vel;Sem V�timas;Pleno dia;Decrescente;C�u Claro;Dupla;"Em Obras;Interse��o de Vias";Sim;3;0;0;0;2;3;0;5;-18,193;-47,955;SPRF-GO;DEL06-GO;UOP01-DEL06-GO;;;
728758;31/10/2025;sexta-feira;15:40:00;MG;381;483;BETIM;Aus�ncia de rea��o do condutor;Tombamento;Com V�timas Feridas;Pleno dia;Crescente;C�u Claro;Dupla;"Declive;Curva";Sim;3;0;1;0;2;0;1;3;-19,95592351;-44,11766052;SPRF-MG;DEL01-MG;UOP03-DEL01-MG;;;
728762;31/10/2025;sexta-feira;15:00:00;MG;153;94;PRATA;Velocidade Incompat�vel;Sa�da de leito carro��vel;Com V�timas Feridas;Pleno dia;Crescente;C�u Claro;Simples;Reta;N�o;2;0;1;0;0;1;1;2;-19,18145;-48,94888;SPRF-MG;DEL15-MG;UOP03-DEL15-MG;;;
728768;31/10/2025;sexta-feira;17:00:00;RJ;101;429,3;MANGARATIBA;Rea��o tardia ou ineficiente do condutor;Colis�o lateral sentido oposto;Com V�timas Fatais;Pleno dia;Crescente;Chuva;Dupla;"Curva;Declive";N�o;2;1;0;0;1;0;0;2;-22,93708837;-44,01041293;SPRF-RJ;DEL03-RJ;UOP02-DEL03-RJ;;;
728769;31/10/2025;sexta-feira;17:00:00;RJ;393;279;BARRA DO PIRAI;Entrada inopinada do pedestre;Atropelamento de Pedestre;Com V�timas Feridas;Pleno dia;Decrescente;Chuva;Simples;Reta;Sim;3;0;0;1;1;1;1;3;-22,4758188;-44,0052876;SPRF-RJ;DEL05-RJ;UOP04-DEL05-RJ;;;
728770;31/10/2025;sexta-feira;17:30:00;RS;116;246;SAO LEOPOLDO;Acessar a via sem observar a presen�a dos outros ve�culos;Colis�o lateral mesmo sentido;Com V�timas Feridas;Pleno dia;Decrescente;C�u Claro;Dupla;Reta;Sim;3;0;1;0;1;1;1;3;-29,7546728;-51,1508615;SPRF-RS;DEL01-RS;UOP02-DEL01-RS;;;
728778;31/10/2025;sexta-feira;18:00:00;SP;116;113,2;TAUBATE;Condutor deixou de manter dist�ncia do ve�culo da frente;Engavetamento;Com V�timas Feridas;Anoitecer;Decrescente;C�u Claro;Dupla;Reta;Sim;5;0;1;0;3;3;1;7;-23,04501861;-45,58423374;SPRF-SP;DEL02-SP;UOP02-DEL02-SP;;;
728781;31/10/2025;sexta-feira;14:50:00;MG;381;483,8;BETIM;Aus�ncia de rea��o do condutor;Colis�o lateral mesmo sentido;Com V�timas Feridas;Pleno dia;Crescente;C�u Claro;Dupla;Reta;N�o;5;0;1;0;3;1;1;4;-19,95624622;-44,09706116;SPRF-MG;DEL01-MG;UOP03-DEL01-MG;;;
728785;07/10/2025;ter�a-feira;07:50:00;GO;153;300;RIALMA;Rea��o tardia ou ineficiente do condutor;Colis�o lateral sentido oposto;Sem V�timas;Pleno dia;Crescente;C�u Claro;Simples;"Reta;Rotat�ria;Em Obras";Sim;4;0;0;0;3;3;0;6;-15,30993274;-49,5719862;SPRF-GO;DEL02-GO;UOP02-DEL02-GO;;;
728786;31/10/2025;sexta-feira;15:50:00;SC;116;21,3;ITAIOPOLIS;Condutor deixou de manter dist�ncia do ve�culo da frente;Colis�o lateral mesmo sentido;Com V�timas Feridas;Pleno dia;Crescente;C�u Claro;Simples;Reta;N�o;4;0;2;0;1;1;2;3;-26,253122;-49,909448;SPRF-SC;DEL06-SC;UOP01-DEL06-SC;;;
728790;31/10/2025;sexta-feira;17:00:00;PR;280;276,9;FLOR DA SERRA DO SUL;Estacionar ou parar em local proibido;Colis�o com objeto;Com V�timas Feridas;Pleno dia;Decrescente;C�u Claro;Simples;Reta;N�o;2;0;0;1;0;1;1;2;-26,24325;-53,197568;SPRF-PR;DEL02-PR;UOP01-DEL02-PR;;;
728791;31/10/2025;sexta-feira;14:30:00;PB;412;36,2;SAO JOAO DO CARIRI;Demais falhas mec�nicas ou el�tricas;Inc�ndio;Sem V�timas;Pleno dia;Decrescente;Sol;Simples;Reta;N�o;2;0;0;0;1;3;0;4;-7,318173;-36,370715;SPRF-PB;DEL02-PB;UOP02-DEL02-PB;;;
728792;31/10/2025;sexta-feira;14:20:00;MG;116;662,2;SAO FRANCISCO DO GLORIA;Ultrapassagem Indevida;Colis�o frontal;Com V�timas Fatais;Pleno dia;Decrescente;C�u Claro;Simples;Reta;N�o;6;1;3;1;1;0;4;4;-20,81074;-42,31285;SPRF-MG;DEL07-MG;UOP02-DEL07-MG;;;
728794;31/10/2025;sexta-feira;18:15:00;SE;101;185,7;UMBAUBA;Demais falhas mec�nicas ou el�tricas;Colis�o lateral sentido oposto;Com V�timas Feridas;Plena Noite;Crescente;C�u Claro;Simples;"Interse��o de Vias;Reta";N�o;5;0;1;0;2;2;1;5;-11,398148;-37,681027;SPRF-SE;DEL02-SE;UOP03-DEL02-SE;;;
728795;31/10/2025;sexta-feira;17:44:00;SC;282;222;LAGES;Aus�ncia de rea��o do condutor;Colis�o traseira;Com V�timas Feridas;Anoitecer;Crescente;C�u Claro;Dupla;"Aclive;Curva";N�o;4;0;1;0;2;1;1;3;-27,79871992;-50,35946131;SPRF-SC;DEL05-SC;UOP01-DEL05-SC;;;
728798;31/10/2025;sexta-feira;11:00:00;MT;364;463;VARZEA GRANDE;Transitar na contram�o;Colis�o lateral sentido oposto;Com V�timas Feridas;Pleno dia;Decrescente;C�u Claro;Simples;Reta;N�o;3;0;0;1;1;5;1;7;-15,4502299;-56,3267484;SPRF-MT;DEL01-MT;UOP02-DEL01-MT;;;
728802;31/10/2025;sexta-feira;18:15:00;SE;101;185,7;UMBAUBA;Rea��o tardia ou ineficiente do condutor;Sa�da de leito carro��vel;Sem V�timas;Plena Noite;Decrescente;C�u Claro;Simples;"Interse��o de Vias;Reta";N�o;3;0;0;0;2;1;0;3;-11,398413;-37,681092;SPRF-SE;DEL02-SE;UOP03-DEL02-SE;;;
728805;31/10/2025;sexta-feira;16:15:00;MT;163;1089;GUARANTA DO NORTE;Demais falhas mec�nicas ou el�tricas;Inc�ndio;Sem V�timas;Pleno dia;Crescente;Nublado;Simples;Reta;N�o;2;0;0;0;1;1;0;2;-9,74049652;-54,88787965;SPRF-MT;DEL06-MT;UOP03-DEL06-MT;;;
728806;31/10/2025;sexta-feira;17:10:00;GO;20;100;VILA BOA;Acostamento em desn�vel;Tombamento;Sem V�timas;Pleno dia;Decrescente;Nublado;Simples;Reta;N�o;1;0;0;0;0;1;0;1;-14,93944152;-46,98473644;SPRF-DF;DEL02-DF;UOP02-DEL02-DF;;;
728813;31/10/2025;sexta-feira;19:20:00;SC;116;8,8;MAFRA;Aus�ncia de sinaliza��o;Colis�o traseira;Com V�timas Feridas;Plena Noite;Crescente;Nublado;Dupla;"Reta;Aclive";N�o;2;0;1;0;1;0;1;2;-26,162128;-49,845732;SPRF-SC;DEL06-SC;UOP01-DEL06-SC;;;
728816;31/10/2025;sexta-feira;19:30:00;RS;285;538,1;SAO LUIZ GONZAGA;Transitar na contram�o;Colis�o frontal;Com V�timas Fatais;Plena Noite;Crescente;C�u Claro;Simples;Reta;N�o;3;1;0;0;1;1;0;3;-28,400637;-54,65628;SPRF-RS;DEL10-RS;UOP01-DEL10-RS;;;
728822;31/10/2025;sexta-feira;17:40:00;RJ;101;82;CAMPOS DOS GOYTACAZES;Aus�ncia de rea��o do condutor;Tombamento;Com V�timas Feridas;Plena Noite;Crescente;Chuva;Simples;Curva;Sim;2;0;1;0;0;1;1;2;-21,8214716;-41,4668881;SPRF-RJ;DEL08-RJ;UOP02-DEL08-RJ;;;
728826;31/10/2025;sexta-feira;19:40:00;AP;210;41;MACAPA;Defici�ncia do Sistema de Ilumina��o/Sinaliza��o;Colis�o com objeto;Com V�timas Feridas;Plena Noite;Decrescente;C�u Claro;Simples;Reta;N�o;6;0;3;0;2;1;3;3;0,36847;-51,0749283;SPRF-AP;DEL01-AP;UOP01-DEL01-AP;;;
728828;31/10/2025;sexta-feira;20:20:00;BA;101;97,3;ALAGOINHAS;Desrespeitar a prefer�ncia no cruzamento;Colis�o transversal;Com V�timas Feridas;Plena Noite;Crescente;C�u Claro;Simples;Interse��o de Vias;Sim;4;0;1;0;1;2;1;3;-12,1335;-38,4207;SPRF-BA;DEL01-BA;UOP04-DEL01-BA;;;
728852;31/10/2025;sexta-feira;23:00:00;MG;116;6,1;DIVISA ALEGRE;Velocidade Incompat�vel;Tombamento;Com V�timas Feridas;Plena Noite;Decrescente;C�u Claro;Simples;Curva;N�o;2;0;1;1;0;0;2;1;-15,7512833;-41,3302517;SPRF-BA;DEL08-BA;UOP03-DEL08-BA;;;
728853;31/10/2025;sexta-feira;18:40:00;PE;232;140,8;SAO CAITANO;Manobra de mudan�a de faixa;Colis�o lateral mesmo sentido;Com V�timas Feridas;Plena Noite;Crescente;C�u Claro;Dupla;Reta;N�o;4;0;1;0;3;0;1;2;-8,320933;-36,084702;SPRF-PE;DEL03-PE;UOP02-DEL03-PE;;;
728860;01/11/2025;s�bado;00:15:00;RS;116;471,1;SAO LOURENCO DO SUL;Condutor Dormindo;Sa�da de leito carro��vel;Sem V�timas;Plena Noite;Crescente;C�u Claro;Simples;"Desvio Tempor�rio;Em Obras";N�o;2;0;0;0;1;1;0;2;-31,358836;-52,076854;SPRF-RS;DEL07-RS;UOP01-DEL07-RS;;;
728862;01/11/2025;s�bado;02:40:00;TO;153;395,5;RIO DOS BOIS;Transitar na contram�o;Colis�o frontal;Com V�timas Fatais;Plena Noite;Decrescente;C�u Claro;Simples;"Aclive;Reta";N�o;4;1;0;0;2;1;0;3;-9,37095;-48,55499;SPRF-TO;DEL02-TO;UOP02-DEL02-TO;;;
728866;31/10/2025;sexta-feira;23:30:00;MG;365;489;PATROCINIO;Transitar na contram�o;Colis�o frontal;Com V�timas Feridas;Plena Noite;Decrescente;Nublado;Simples;Reta;N�o;2;0;0;1;0;1;1;2;-18,89991;-47,12973;SPRF-MG;DEL10-MG;UOP01-DEL10-MG;;;
728868;01/11/2025;s�bado;01:00:00;SC;101;314,3;LAGUNA;Ingest�o de �lcool pelo condutor;Colis�o traseira;Com V�timas Feridas;Plena Noite;Crescente;C�u Claro;Dupla;"Curva;Ponte";N�o;4;0;1;0;2;1;1;3;-28,43340224;-48,84566545;SPRF-SC;DEL02-SC;UOP01-DEL02-SC;;;
728869;01/11/2025;s�bado;01:35:00;PE;424;66;CAETES;Ingest�o de �lcool pelo condutor;Colis�o frontal;Com V�timas Feridas;Plena Noite;Crescente;C�u Claro;Simples;Reta;N�o;2;0;0;1;1;0;1;2;-8,7615792;-36,6481148;SPRF-PE;DEL03-PE;UOP01-DEL03-PE;;;
728873;01/11/2025;s�bado;04:30:00;PR;277;7,3;PARANAGUA;Ingest�o de �lcool pelo condutor;Colis�o traseira;Com V�timas Feridas;Amanhecer;Crescente;C�u Claro;M�ltipla;Reta;N�o;3;0;1;0;1;2;1;4;-25,56224036;-48,58954517;SPRF-PR;DEL01-PR;UOP05-DEL01-PR;;;