id;data_inversa;dia_semana;horario;uf;br;km;municipio;causa_acidente;tipo_acidente;classificacao_acidente;fase_dia;sentido_via;condicao_metereologica;tipo_pista;tracado_via;uso_solo;pessoas;mortos;feridos_leves;feridos_graves;ilesos;ignorados;feridos;veiculos;latitude;longitude;regional;delegacia;uop;;;
728878;01/11/2025;s�bado;05:20:00;TO;153;671;GURUPI;Aus�ncia de rea��o do condutor;Sa�da de leito carro��vel;Sem V�timas;Pleno dia;Decrescente;C�u Claro;Dupla;Reta;Sim;1;0;0;0;0;1;0;1;-11,72082715;-49,07711713;SPRF-TO;DEL01-TO;UOP02-DEL01-TO;;;
728880;01/11/2025;s�bado;05:10:00;SP;116;347;MIRACATU;Velocidade Incompat�vel;Tombamento;Sem V�timas;Amanhecer;Decrescente;Nublado;Dupla;"Declive;Curva";N�o;3;0;0;0;2;3;0;5;-24,05177644;-47,20143318;SPRF-SP;DEL04-SP;UOP03-DEL04-SP;;;
728883;01/11/2025;s�bado;00:10:00;PR;116;30;CAMPINA GRANDE DO SUL;Velocidade Incompat�vel;Sa�da de leito carro��vel;Com V�timas Feridas;Plena Noite;Crescente;Nublado;Dupla;Reta;N�o;1;0;1;0;0;0;1;1;-25,10567146;-48,84643329;SPRF-PR;DEL01-PR;UOP02-DEL01-PR;;;
728884;31/10/2025;sexta-feira;05:00:00;GO;414;389;CORUMBA DE GOIAS;Curva acentuada;Sa�da de leito carro��vel;Com V�timas Feridas;Amanhecer;Crescente;Chuva;Simples;Declive;N�o;1;0;1;0;0;0;1;1;-15,88608713;-48,79670975;SPRF-GO;DEL02-GO;UOP01-DEL02-GO;;;
728893;01/11/2025;s�bado;00:25:00;RJ;40;96;DUQUE DE CAXIAS;Velocidade Incompat�vel;Tombamento;Sem V�timas;Plena Noite;Decrescente;Garoa/Chuvisco;Dupla;"Aclive;Curva";N�o;2;0;0;0;1;1;0;2;-22,58192;-43,26233;SPRF-RJ;DEL01-RJ;UOP01-DEL01-RJ;;;
728899;01/11/2025;s�bado;09:10:00;MG;381;344;JOAO MONLEVADE;Aus�ncia de rea��o do condutor;Colis�o lateral mesmo sentido;Com V�timas Feridas;Pleno dia;Decrescente;Nublado;Simples;Reta;N�o;3;0;0;1;1;1;1;3;-19,8627475;-43,12453508;SPRF-MG;DEL03-MG;UOP01-DEL03-MG;;;
728901;23/07/2025;quarta-feira;10:20:00;GO;251;28;CRISTALINA;Rea��o tardia ou ineficiente do condutor;Colis�o traseira;Com V�timas Feridas;Pleno dia;Crescente;C�u Claro;Dupla;Reta;N�o;4;0;0;1;2;1;1;4;-16,09425821;-47,5081116;SPRF-DF;DEL01-DF;UOP01-DEL01-DF;;;
728908;01/11/2025;s�bado;09:30:00;PE;232;42,3;VITORIA DE SANTO ANTAO;Transitar na contram�o;Colis�o transversal;Com V�timas Fatais;Pleno dia;Crescente;C�u Claro;Simples;Curva;N�o;2;1;0;0;0;1;0;2;-8,11766;-35,26209;SPRF-PE;DEL02-PE;UOP02-DEL02PE;;;
728932;01/11/2025;s�bado;13:00:00;MG;153;58,2;MONTE ALEGRE DE MINAS;Suic�dio (presumido);Atropelamento de Pedestre;Com V�timas Fatais;Pleno dia;Crescente;C�u Claro;Dupla;"Reta;Aclive";N�o;3;1;0;0;1;2;0;4;-18,88210793;-49,05463851;SPRF-MG;DEL15-MG;UOP03-DEL15-MG;;;
728938;01/11/2025;s�bado;12:30:00;GO;60;428;RIO VERDE;Rea��o tardia ou ineficiente do condutor;Sa�da de leito carro��vel;Sem V�timas;Pleno dia;Decrescente;Nublado;Dupla;"Declive;Curva";N�o;2;0;0;0;1;1;0;2;-17,825032;-51,324923;SPRF-GO;DEL04-GO;UOP02-DEL04-GO;;;
728942;01/11/2025;s�bado;13:30:00;RS;290;241,6;RIO PARDO;Aus�ncia de rea��o do condutor;Colis�o lateral sentido oposto;Com V�timas Feridas;Pleno dia;Decrescente;C�u Claro;Simples;Reta;N�o;3;0;0;1;1;1;1;3;-30,221628;-52,638548;SPRF-RS;DEL02-RS;UOP03-DEL02-RS;;;
728945;01/11/2025;s�bado;11:40:00;PE;424;7;ARCOVERDE;Entrada inopinada do pedestre;Atropelamento de Pedestre;Com V�timas Fatais;Pleno dia;Crescente;C�u Claro;Simples;"Reta;Declive";N�o;2;1;0;0;1;0;0;2;-8,487452;-37,030594;SPRF-PE;DEL04-PE;UOP02-DEL04-PE;;;
728955;01/11/2025;s�bado;07:15:00;BA;242;843;BARREIRAS;Aus�ncia de rea��o do condutor;Colis�o com objeto;Com V�timas Feridas;Pleno dia;Decrescente;C�u Claro;Simples;Reta;N�o;1;0;0;1;0;0;1;1;-12,11678071;-45,15767634;SPRF-BA;DEL10-BA;UOP01-DEL10-BA;;;
728958;01/11/2025;s�bado;10:20:00;PR;277;410,9;CANDOI;Velocidade Incompat�vel;Tombamento;Com V�timas Feridas;Pleno dia;Crescente;Chuva;Simples;Curva;N�o;2;0;1;0;0;1;1;2;-25,41659;-52,04961;SPRF-PR;DEL04-PR;UOP02-DEL04-PR;;;
728963;01/11/2025;s�bado;16:40:00;MG;40;564;NOVA LIMA;Ingest�o de �lcool pelo condutor;Colis�o lateral mesmo sentido;Com V�timas Feridas;Pleno dia;Decrescente;Nublado;Simples;"Aclive;Reta";N�o;3;0;1;0;1;1;1;3;-20,163212;-43,964914;SPRF-MG;DEL01-MG;UOP02-DEL01-MG;;;
728964;01/11/2025;s�bado;12:15:00;BA;116;736,8;BOA NOVA;Transitar na contram�o;Colis�o lateral sentido oposto;Sem V�timas;Pleno dia;Decrescente;C�u Claro;Simples;Reta;N�o;3;0;0;0;2;2;0;4;-14,36603;-40,344373;SPRF-BA;DEL08-BA;UOP02-DEL08-BA;;;
728966;01/11/2025;s�bado;15:25:00;RO;364;215,6;PIMENTA BUENO;Problema com o freio;Tombamento;Com V�timas Feridas;Pleno dia;Crescente;Sol;Simples;"Declive;Reta";N�o;4;0;1;0;2;3;1;4;-11,554837;-61,292075;SPRF-RO;DEL02-RO;UOP02-DEL02-RO;;;
728976;01/11/2025;s�bado;17:30:00;RJ;116;193;NOVA IGUACU;Demais falhas mec�nicas ou el�tricas;Colis�o com objeto;Com V�timas Feridas;Anoitecer;Decrescente;C�u Claro;Dupla;"Reta;Em Obras";Sim;2;0;1;0;1;0;1;2;-22,7397437;-43,5288837;SPRF-RJ;DEL06-RJ;UOP01-DEL06-RJ;;;
728983;01/11/2025;s�bado;18:15:00;PI;316;7,6;TERESINA;Acessar a via sem observar a presen�a dos outros ve�culos;Colis�o transversal;Com V�timas Feridas;Plena Noite;Crescente;C�u Claro;M�ltipla;"Reta;Declive";N�o;2;0;0;1;0;1;1;2;-5,1618449;-42,7701565;SPRF-PI;DEL01-PI;UOP02-DEL01-PI;;;
728988;01/11/2025;s�bado;18:20:00;PR;373;460;CORONEL VIVIDA;Acessar a via sem observar a presen�a dos outros ve�culos;Colis�o transversal;Sem V�timas;Anoitecer;Crescente;Chuva;Simples;"Reta;Aclive";N�o;2;0;0;0;2;0;0;2;-25,94571405;-52,40683906;SPRF-PR;DEL02-PR;UOP01-DEL02-PR;;;
728998;01/11/2025;s�bado;17:10:00;PR;376;367,6;ORTIGUEIRA;Manobra de mudan�a de faixa;Colis�o traseira;Com V�timas Fatais;Pleno dia;Crescente;Garoa/Chuvisco;Simples;Curva;N�o;5;1;1;1;1;1;2;4;-24,351669;-50,824548;SPRF-PR;DEL07-PR;UOP02-DEL07-PR;;;
729016;01/11/2025;s�bado;20:30:00;SP;116;511,7;CAJATI;Aus�ncia de rea��o do condutor;Colis�o com objeto;Com V�timas Feridas;Plena Noite;Decrescente;Chuva;Dupla;Curva;N�o;2;0;1;0;1;0;1;1;-24,84812306;-48,2144022;SPRF-SP;DEL05-SP;UOP02-DEL05-SP;;;
729018;01/11/2025;s�bado;20:14:00;PR;376;546;PALMEIRA;Rea��o tardia ou ineficiente do condutor;Sa�da de leito carro��vel;Sem V�timas;Plena Noite;Decrescente;Garoa/Chuvisco;Dupla;Reta;N�o;2;0;0;0;1;3;0;4;-25,438861;-49,749991;SPRF-PR;DEL03-PR;UOP03-DEL03-PR;;;
729020;01/08/2025;sexta-feira;00:27:00;PR;116;211,2;RIO NEGRO;Suic�dio (presumido);Colis�o frontal;Com V�timas Fatais;Plena Noite;Crescente;C�u Claro;Simples;"Interse��o de Vias;Reta";Sim;3;1;0;0;1;1;0;3;-26,103934;-49,7808868;SPRF-SC;DEL06-SC;UOP01-DEL06-SC;;;
729022;01/11/2025;s�bado;20:50:00;MG;262;441,1;NOVA SERRANA;Ultrapassagem Indevida;Colis�o traseira;Sem V�timas;Plena Noite;Decrescente;Vento;Simples;Reta;Sim;3;0;0;0;1;2;0;3;-19,86138;-45,00396;SPRF-MG;DEL08-MG;UOP03-DEL08-MG;;;
729024;01/11/2025;s�bado;19:00:00;BA;324;463;CANDEAL;Demais falhas mec�nicas ou el�tricas;Inc�ndio;Sem V�timas;Plena Noite;Crescente;C�u Claro;Simples;Reta;N�o;1;0;0;0;1;0;0;1;-11,9404;-39,21456;SPRF-BA;DEL02-BA;UOP01-DEL02-BA;;;
729045;01/11/2025;s�bado;16:00:00;PI;316;314;PICOS;Retorno proibido;Colis�o transversal;Com V�timas Feridas;Pleno dia;Crescente;C�u Claro;Simples;Reta;Sim;4;0;0;1;1;3;1;5;-7,079095;-41,434308;SPRF-PI;DEL04-PI;UOP01-DEL04-PI;;;
729057;01/11/2025;s�bado;22:35:00;BA;116;830,4;VITORIA DA CONQUISTA;Problema com o freio;Colis�o com objeto;Sem V�timas;Plena Noite;Crescente;C�u Claro;Simples;Reta;N�o;3;0;0;0;2;1;0;3;-14,91331;-40,87644;SPRF-BA;DEL08-BA;UOP01-DEL08-BA;;;
729060;02/11/2025;domingo;01:00:00;RJ;101;329;RIO DE JANEIRO;Manobra de mudan�a de faixa;Colis�o lateral mesmo sentido;Sem V�timas;Plena Noite;Decrescente;C�u Claro;Dupla;"Reta;Ponte";Sim;4;0;0;0;3;1;0;4;-22,86921599;-43,18519592;SPRF-RJ;DEL02-RJ;UOP01-DEL02-RJ;;;
729061;01/11/2025;s�bado;20:10:00;PR;153;3;IMBITUVA;Condutor Dormindo;Colis�o frontal;Com V�timas Feridas;Plena Noite;Crescente;Chuva;Simples;Curva;N�o;3;0;1;0;1;1;1;3;-25,18008781;-50,58105469;SPRF-PR;DEL07-PR;UOP04-DEL07-PR;;;
729063;02/11/2025;domingo;01:15:00;SP;116;160,6;JACAREI;Entrada inopinada do pedestre;Atropelamento de Pedestre;Com V�timas Fatais;Plena Noite;Crescente;Nublado;Dupla;Reta;Sim;4;1;0;0;1;2;0;3;-23,27333957;-45,97161102;SPRF-SP;DEL02-SP;UOP01-DEL02-SP;;;
729065;03/11/2025;segunda-feira;01:40:00;RJ;116;184;NOVA IGUACU;Aus�ncia de rea��o do condutor;Colis�o lateral mesmo sentido;Com V�timas Feridas;Plena Noite;Crescente;C�u Claro;Dupla;Reta;Sim;3;0;1;0;1;1;1;3;-22,74804135;-43,44362006;SPRF-RJ;DEL06-RJ;UOP01-DEL06-RJ;;;
729080;02/11/2025;domingo;04:00:00;GO;153;574,5;PROFESSOR JAMIL;Condutor Dormindo;Sa�da de leito carro��vel;Com V�timas Fatais;Plena Noite;Decrescente;C�u Claro;Dupla;Reta;N�o;2;1;0;0;0;1;0;2;-17,334212;-49,238824;SPRF-GO;DEL03-GO;UOP01-DEL03-GO;;;
729089;02/11/2025;domingo;03:30:00;MG;381;915;CAMANDUCAIA;Pedestre - Ingest�o de �lcool/ subst�ncias psicoativas;Atropelamento de Pedestre;Com V�timas Fatais;Plena Noite;Decrescente;Garoa/Chuvisco;Dupla;Reta;N�o;2;1;0;0;1;0;0;2;-22,728767;-46,134377;SPRF-MG;DEL16-MG;UOP03-DEL16-MG;;;
729094;02/11/2025;domingo;00:35:00;PR;369;29,5;CAMBARA;Participar de racha;Colis�o traseira;Com V�timas Feridas;Plena Noite;Crescente;Nublado;Simples;"Aclive;Reta";N�o;3;0;0;2;1;0;2;2;-23,03927615;-50,17502658;SPRF-PR;DEL07-PR;UOP05-DEL07-PR;;;
729110;01/11/2025;s�bado;20:05:00;GO;60;225;CEZARINA;Rea��o tardia ou ineficiente do condutor;Colis�o transversal;Sem V�timas;Plena Noite;Decrescente;C�u Claro;Dupla;Interse��o de Vias;N�o;2;0;0;0;2;0;0;2;-17,02454;-49,777318;SPRF-GO;DEL01-GO;UOP02-DEL01-GO;;;
729123;02/11/2025;domingo;06:40:00;DF;20;50;BRASILIA;Manobra de mudan�a de faixa;Colis�o lateral mesmo sentido;Sem V�timas;Pleno dia;Decrescente;Sol;Dupla;Reta;N�o;2;0;0;0;1;1;0;2;-15,58405222;-47,44854928;SPRF-DF;DEL02-DF;UOP01-DEL02-DF;;;
729131;02/11/2025;domingo;09:15:00;MG;262;376;JUATUBA;Condutor deixou de manter dist�ncia do ve�culo da frente;Colis�o traseira;Com V�timas Feridas;Pleno dia;Crescente;Nublado;Dupla;Curva;N�o;2;0;1;0;1;0;1;2;-19,93596;-44,437853;SPRF-MG;DEL01-MG;UOP03-DEL01-MG;;;
729139;02/11/2025;domingo;08:40:00;SE;235;50,4;ITABAIANA;Ingest�o de �lcool pelo condutor;Colis�o traseira;Com V�timas Feridas;Pleno dia;Crescente;C�u Claro;Simples;Retorno Regulamentado;Sim;3;0;2;0;1;0;2;2;-10,70573;-37,427421;SPRF-SE;DEL01-SE;UOP02-DEL01-SE;;;
729140;22/10/2025;quarta-feira;08:20:00;SP;116;280;EMBU DAS ARTES;Rea��o tardia ou ineficiente do condutor;Colis�o traseira;Sem V�timas;Pleno dia;Crescente;C�u Claro;Dupla;Reta;Sim;2;0;0;0;2;0;0;2;-23,64121163;-46,83705258;SPRF-SP;DEL04-SP;UOP01-DEL04-SP;;;
729154;02/11/2025;domingo;10:33:00;CE;304;37,2;ARACATI;Acessar a via sem observar a presen�a dos outros ve�culos;Colis�o traseira;Com V�timas Feridas;Pleno dia;Decrescente;C�u Claro;Simples;Reta;N�o;3;0;0;1;1;1;1;3;-4,5760402;-37,7316689;SPRF-CE;DEL03-CE;UOP02-DEL03-CE;;;
729156;02/11/2025;domingo;12:55:00;ES;101;234;FUNDAO;Transitar na contram�o;Colis�o frontal;Com V�timas Fatais;Pleno dia;Decrescente;C�u Claro;Simples;Curva;N�o;5;2;1;1;0;1;2;3;-19,97149;-40,40853;SPRF-ES;DEL02-ES;UOP01-DEL02-ES;;;
729161;02/11/2025;domingo;11:00:00;SC;101;52,8;JOINVILLE;Condutor Dormindo;Colis�o frontal;Com V�timas Feridas;Pleno dia;Decrescente;Nublado;Dupla;Curva;N�o;8;0;6;0;2;0;6;2;-26,41486995;-48,83537499;SPRF-SC;DEL03-SC;UOP01-DEL03-SC;;;
729162;02/11/2025;domingo;10:10:00;BA;116;916;ENCRUZILHADA;Aus�ncia de rea��o do condutor;Colis�o traseira;Com V�timas Feridas;Pleno dia;Decrescente;Sol;Simples;Reta;N�o;3;0;0;1;1;1;1;3;-15,562462;-41,265972;SPRF-BA;DEL08-BA;UOP03-DEL08-BA;;;
729169;10/10/2025;sexta-feira;07:45:00;RJ;40;22,2;TRES RIOS;Rea��o tardia ou ineficiente do condutor;Colis�o com objeto;Com V�timas Feridas;Pleno dia;Crescente;C�u Claro;Dupla;Curva;N�o;2;0;1;0;0;1;1;2;-22,12773;-43,15587;SPRF-RJ;DEL05-RJ;UOP02-DEL05-RJ;;;
729180;02/11/2025;domingo;14:00:00;MG;381;861,7;POUSO ALEGRE;Velocidade Incompat�vel;Sa�da de leito carro��vel;Com V�timas Feridas;Pleno dia;Crescente;Chuva;Dupla;"Aclive;Curva";N�o;3;0;2;0;0;1;2;2;-22,33124094;-45,91703653;SPRF-MG;DEL16-MG;UOP01-DEL16-MG;;;
729181;02/11/2025;domingo;16:00:00;MG;381;481,4;CONTAGEM;Aus�ncia de rea��o do condutor;Colis�o lateral mesmo sentido;Com V�timas Feridas;Pleno dia;Crescente;Nublado;M�ltipla;Reta;Sim;3;0;1;0;0;2;1;2;-19,95821176;-44,05639585;SPRF-MG;DEL01-MG;UOP03-DEL01-MG;;;
729190;02/11/2025;domingo;14:00:00;RJ;116;267;BARRA MANSA;Rea��o tardia ou ineficiente do condutor;Colis�o traseira;Com V�timas Feridas;Pleno dia;Decrescente;Chuva;Dupla;Curva;N�o;5;0;2;0;2;2;2;5;-22,58619232;-44,10724131;SPRF-RJ;DEL07-RJ;UOP02-DEL07-RJ;;;
729203;02/11/2025;domingo;14:40:00;PI;316;298,3;PICOS;Demais falhas mec�nicas ou el�tricas;Colis�o traseira;Com V�timas Feridas;Pleno dia;Decrescente;Sol;Simples;"Aclive;Reta";N�o;4;0;0;1;2;2;1;4;-7,02787465;-41,55732393;SPRF-PI;DEL04-PI;UOP01-DEL04-PI;;;
729204;02/11/2025;domingo;15:25:00;AL;101;230,9;PORTO REAL DO COLEGIO;Velocidade Incompat�vel;Capotamento;Com V�timas Feridas;Pleno dia;Crescente;C�u Claro;Dupla;Curva;N�o;4;0;1;1;1;1;2;3;-10,1194568;-36,7363899;SPRF-AL;DEL02-AL;UOP02-DEL02-AL;;;
729217;02/11/2025;domingo;17:00:00;RJ;101;177;MACAE;Rea��o tardia ou ineficiente do condutor;Colis�o transversal;Com V�timas Feridas;Anoitecer;Decrescente;Chuva;Simples;Curva;N�o;3;0;1;1;0;1;2;3;-22,3862697;-41,98476791;SPRF-RJ;DEL08-RJ;UOP04-DEL08-RJ;;;
729223;02/11/2025;domingo;14:09:00;GO;153;158;CAMPINORTE;Transtornos Mentais (exceto suicidio);Atropelamento de Pedestre;Com V�timas Fatais;Pleno dia;Decrescente;Nublado;Simples;Reta;N�o;2;1;0;0;1;0;0;2;-14,16160374;-49,12242562;SPRF-GO;DEL07-GO;UOP02-DEL07-GO;;;
729231;02/11/2025;domingo;16:00:00;GO;364;308;MINEIROS;Ingest�o de �lcool pelo condutor;Sa�da de leito carro��vel;Com V�timas Feridas;Pleno dia;Crescente;Nublado;Simples;Curva;N�o;2;0;1;0;0;1;1;2;-17,484398;-52,558497;SPRF-GO;DEL05-GO;UOP01-DEL05-GO;;;
729232;02/11/2025;domingo;15:15:00;MG;381;902,7;CAMBUI;Velocidade Incompat�vel;Tombamento;Com V�timas Feridas;Pleno dia;Decrescente;Chuva;Dupla;Reta;N�o;2;0;1;0;0;1;1;2;-22,64266587;-46,08347935;SPRF-MG;DEL16-MG;UOP03-DEL16-MG;;;
729233;02/11/2025;domingo;18:10:00;PR;277;195;PALMEIRA;Ultrapassagem Indevida;Colis�o frontal;Com V�timas Fatais;Anoitecer;Crescente;C�u Claro;Simples;Reta;N�o;4;1;0;0;1;2;0;4;-25,438949;-50,171193;SPRF-PR;DEL08-PR;UOP02-DEL08-PR;;;
729247;02/11/2025;domingo;14:10:00;MT;174;445;COMODORO;Ultrapassagem Indevida;Colis�o frontal;Com V�timas Fatais;Pleno dia;Crescente;C�u Claro;Simples;"Aclive;Reta";N�o;3;1;0;0;1;3;0;5;-13,53765538;-59,82593815;SPRF-MT;DEL04-MT;UOP02-DEL04-MT;;;
729273;02/11/2025;domingo;22:10:00;PR;277;34,4;MORRETES;Condutor deixou de manter dist�ncia do ve�culo da frente;Colis�o traseira;Com V�timas Feridas;Plena Noite;Decrescente;Chuva;Dupla;"Declive;Curva";N�o;4;0;1;0;1;2;1;4;-25,571613;-48,818921;SPRF-PR;DEL01-PR;UOP05-DEL01-PR;;;
729276;02/11/2025;domingo;22:20:00;SC;282;338;CAMPOS NOVOS;Aus�ncia de rea��o do condutor;Colis�o lateral sentido oposto;Sem V�timas;Pleno dia;Decrescente;C�u Claro;Simples;"Declive;Reta";N�o;4;0;0;0;3;1;0;3;-27,3935;-51,18863;SPRF-SC;DEL07-SC;UOP06-DEL07-SC;;;
729286;03/11/2025;segunda-feira;00:30:00;SC;282;509,8;XANXERE;Acessar a via sem observar a presen�a dos outros ve�culos;Colis�o lateral sentido oposto;Com V�timas Feridas;Plena Noite;Decrescente;C�u Claro;Simples;Reta;N�o;2;0;2;0;0;0;2;2;-26,89189447;-52,45862246;SPRF-SC;DEL07-SC;UOP01-DEL07-SC;;;
729288;03/11/2025;segunda-feira;01:40:00;MG;40;504;ESMERALDAS;Chuva;Colis�o traseira;Com V�timas Feridas;Plena Noite;Decrescente;Chuva;Dupla;"Declive;Reta";Sim;3;0;1;0;2;0;1;2;-19,729;-44,153;SPRF-MG;DEL02-MG;UOP01-DEL02-MG;;;
729289;02/11/2025;domingo;22:30:00;MG;40;464;SETE LAGOAS;Carga excessiva e/ou mal acondicionada;Tombamento;Com V�timas Feridas;Plena Noite;Crescente;Chuva;Dupla;"Declive;Curva";N�o;5;0;0;1;4;0;1;2;-19,4295906;-44,3486269;SPRF-MG;DEL02-MG;UOP01-DEL02-MG;;;
729291;02/11/2025;domingo;20:50:00;BA;116;326,9;ARACI;Transitar na contram�o;Colis�o frontal;Com V�timas Fatais;Plena Noite;Crescente;C�u Claro;Simples;Reta;N�o;7;2;0;1;2;2;1;4;-11,391058;-38,966941;SPRF-BA;DEL02-BA;UOP01-DEL02-BA;;;
729292;03/11/2025;segunda-feira;02:58:00;RN;101;129;NISIA FLORESTA;Condutor Dormindo;Colis�o traseira;Com V�timas Feridas;Plena Noite;Crescente;C�u Claro;Dupla;Reta;N�o;2;0;1;0;1;0;1;2;-6,1406342;-35,2278136;SPRF-RN;DEL01-RN;UOP01-DEL01-RN;;;
729296;03/11/2025;segunda-feira;04:10:00;MG;40;530,5;CONTAGEM;Rea��o tardia ou ineficiente do condutor;Colis�o traseira;Com V�timas Feridas;Plena Noite;Decrescente;Nublado;Dupla;"Aclive;Curva";Sim;3;0;2;0;0;1;2;2;-19,91854987;-44,02901799;SPRF-MG;DEL01-MG;UOP02-DEL01-MG;;;
729298;03/11/2025;segunda-feira;01:00:00;MG;381;754,3;TRES CORACOES;Velocidade Incompat�vel;Colis�o com objeto;Com V�timas Fatais;Plena Noite;Decrescente;Nublado;Dupla;Reta;Sim;3;1;0;0;1;2;0;4;-21,667816;-45,31864;SPRF-MG;DEL16-MG;UOP02-DEL16-MG;;;
729299;03/11/2025;segunda-feira;04:30:00;MG;267;294,4;BAEPENDI;Demais falhas mec�nicas ou el�tricas;Colis�o traseira;Com V�timas Fatais;Plena Noite;Crescente;Nublado;Simples;"Interse��o de Vias;Reta";N�o;3;1;0;0;1;2;0;4;-21,93292893;-44,84734622;SPRF-MG;DEL17-MG;UOP01-DEL17-MG;;;
729306;03/11/2025;segunda-feira;00:10:00;RJ;101;257;RIO BONITO;Aus�ncia de rea��o do condutor;Colis�o traseira;Com V�timas Feridas;Plena Noite;Decrescente;Nublado;Dupla;Reta;Sim;3;0;1;0;1;1;1;3;-22,697918;-42,576571;SPRF-RJ;DEL02-RJ;UOP03-DEL02-RJ;;;
729310;03/11/2025;segunda-feira;05:55:00;PB;230;211,5;SOLEDADE;Manobra de mudan�a de faixa;Colis�o lateral sentido oposto;Com V�timas Fatais;Amanhecer;Decrescente;Sol;Simples;Reta;N�o;23;6;9;3;5;0;12;6;-7,078315;-36,331105;SPRF-PB;DEL02-PB;UOP02-DEL02-PB;;;
729311;03/11/2025;segunda-feira;04:40:00;RN;406;150,2;CEARA-MIRIM;Transitar na contram�o;Colis�o frontal;Sem V�timas;Amanhecer;Crescente;C�u Claro;Simples;Reta;Sim;3;0;0;0;1;2;0;3;-5,649947;-35,43117;SPRF-RN;DEL02-RN;UOP01-DEL02-RN;;;
729313;03/11/2025;segunda-feira;03:40:00;MG;365;622;UBERLANDIA;Frear bruscamente;Colis�o com objeto;Sem V�timas;Plena Noite;Crescente;Chuva;Dupla;Curva;Sim;2;0;0;0;1;3;0;4;-18,89800599;-48,27192843;SPRF-MG;DEL15-MG;UOP01-DEL15-MG;;;
729317;02/11/2025;domingo;17:00:00;MG;381;729;CARMO DA CACHOEIRA;Aus�ncia de rea��o do condutor;Colis�o com objeto;Com V�timas Feridas;Pleno dia;Decrescente;Chuva;Dupla;Reta;N�o;3;0;1;0;1;1;1;2;-21,4969948;-45,2109557;SPRF-MG;DEL04-MG;UOP02-DEL04-MG;;;
729321;03/11/2025;segunda-feira;03:00:00;MG;251;333;RUBELITA;Aus�ncia de rea��o do condutor;Sa�da de leito carro��vel;Com V�timas Feridas;Plena Noite;Decrescente;Nublado;Simples;"Declive;Curva";N�o;1;0;1;0;0;0;1;1;-16,262453;-42,408573;SPRF-MG;DEL12-MG;UOP02-DEL12-MG;;;
729325;02/11/2025;domingo;15:00:00;MG;381;438,8;SABARA;Rea��o tardia ou ineficiente do condutor;Sa�da de leito carro��vel;Com V�timas Feridas;Pleno dia;Decrescente;Nublado;Simples;Curva;N�o;2;0;1;0;0;2;1;3;-19,90111624;-43,75596464;SPRF-MG;DEL01-MG;UOP01-DEL01-MG;;;
729329;31/10/2025;sexta-feira;02:30:00;BA;324;548;AMELIA RODRIGUES;Aus�ncia de rea��o do condutor;Tombamento;Com V�timas Feridas;Plena Noite;Crescente;Nublado;Dupla;Reta;N�o;1;0;1;0;0;0;1;1;-12,4351436;-38,7312536;SPRF-BA;DEL01-BA;UOP03-DEL01-BA;;;
729331;03/11/2025;segunda-feira;08:40:00;RN;101;110;PARNAMIRIM;Demais falhas mec�nicas ou el�tricas;Colis�o com objeto;Com V�timas Feridas;Pleno dia;Crescente;C�u Claro;Dupla;Reta;N�o;2;0;1;0;1;0;1;2;-5,94951;-35,26486;SPRF-RN;DEL01-RN;UOP01-DEL01-RN;;;
729334;18/10/2025;s�bado;12:30:00;RS;470;227;GARIBALDI;Aus�ncia de rea��o do condutor;Colis�o com objeto;Sem V�timas;Pleno dia;Decrescente;Garoa/Chuvisco;Dupla;Curva;Sim;1;0;0;0;1;0;0;1;-29,25710124;-51,51033533;SPRF-RS;DEL06-RS;UOP01-DEL06-RS;;;
729336;06/06/2025;sexta-feira;22:00:00;PR;277;135,3;CAMPO LARGO;Manobra de mudan�a de faixa;Colis�o lateral mesmo sentido;Com V�timas Feridas;Plena Noite;Crescente;Garoa/Chuvisco;Dupla;"Aclive;Curva";N�o;5;0;1;0;2;2;1;3;-25,4508;-49,622;SPRF-PR;DEL03-PR;UOP03-DEL03-PR;;;
729340;03/11/2025;segunda-feira;08:00:00;MG;262;625,8;IBIA;Aus�ncia de rea��o do condutor;Inc�ndio;Sem V�timas;Pleno dia;Decrescente;Garoa/Chuvisco;Simples;Reta;N�o;2;0;0;0;1;2;0;3;-19,580209;-46,519767;SPRF-MG;DEL08-MG;UOP01-DEL08-MG;;;
729345;03/11/2025;segunda-feira;07:20:00;RJ;40;120;DUQUE DE CAXIAS;Ultrapassagem Indevida;Colis�o lateral mesmo sentido;Com V�timas Feridas;Pleno dia;Crescente;C�u Claro;M�ltipla;Reta;N�o;4;0;0;1;2;1;1;4;-22,7776687;-43,28592553;SPRF-RJ;DEL01-RJ;UOP02-DEL01-RJ;;;
729346;03/11/2025;segunda-feira;07:15:00;BA;116;912;ENCRUZILHADA;Acessar a via sem observar a presen�a dos outros ve�culos;Colis�o transversal;Com V�timas Feridas;Pleno dia;Crescente;C�u Claro;Simples;Reta;N�o;6;0;0;4;1;1;4;3;-15,53029;-41,2471;SPRF-BA;DEL08-BA;UOP03-DEL08-BA;;;
729350;03/11/2025;segunda-feira;10:10:00;GO;153;506,1;APARECIDA DE GOIANIA;Manobra de mudan�a de faixa;Colis�o lateral mesmo sentido;Com V�timas Feridas;Pleno dia;Crescente;Nublado;Dupla;Reta;Sim;2;0;1;0;1;0;1;2;-16,755011;-49,240747;SPRF-GO;DEL01-GO;UOP01-DEL01-GO;;;
729354;03/11/2025;segunda-feira;10:27:00;MT;70;2,3;BARRA DO GARCAS;Condutor deixou de manter dist�ncia do ve�culo da frente;Colis�o lateral mesmo sentido;Sem V�timas;Pleno dia;Crescente;C�u Claro;Simples;Reta;Sim;2;0;0;0;2;0;0;2;-15,8725317;-52,3855067;SPRF-MT;DEL07-MT;UOP01-DEL07-MT;;;