id;data_inversa;dia_semana;horario;uf;br;km;municipio;causa_acidente;tipo_acidente;classificacao_acidente;fase_dia;sentido_via;condicao_metereologica;tipo_pista;tracado_via;uso_solo;pessoas;mortos;feridos_leves;feridos_graves;ilesos;ignorados;feridos;veiculos;latitude;longitude;regional;delegacia;uop;;;
729359;03/11/2025;segunda-feira;06:50:00;SC;101;331,5;TUBARAO;Rea��o tardia ou ineficiente do condutor;Colis�o lateral mesmo sentido;Com V�timas Feridas;Pleno dia;Decrescente;C�u Claro;M�ltipla;Reta;Sim;3;0;1;0;1;1;1;3;-28,4677;-49,0025;SPRF-SC;DEL02-SC;UOP01-DEL02-SC;;;
729360;03/11/2025;segunda-feira;07:00:00;MG;365;106,7;JEQUITAI;Afundamento ou ondula��o no pavimento;Sa�da de leito carro��vel;Com V�timas Feridas;Pleno dia;Decrescente;Chuva;Simples;Reta;N�o;3;0;2;0;0;1;2;2;-17,2121077;-44,5661145;SPRF-MG;DEL12-MG;UOP01-DEL12-MG;;;
729361;03/11/2025;segunda-feira;07:00:00;MG;365;102,3;JEQUITAI;Afundamento ou ondula��o no pavimento;Sa�da de leito carro��vel;Com V�timas Feridas;Amanhecer;Decrescente;Chuva;Simples;Reta;N�o;3;0;0;1;0;2;1;3;-17,226536;-44,528271;SPRF-MG;DEL12-MG;UOP01-DEL12-MG;;;
729363;03/11/2025;segunda-feira;11:40:00;PA;316;152;CAPANEMA;Acesso irregular;Colis�o lateral mesmo sentido;Com V�timas Feridas;Pleno dia;Crescente;C�u Claro;Simples;Reta;N�o;3;0;0;1;1;2;1;4;-1,22030067;-47,17115235;SPRF-PA;DEL01-PA;UOP03-DEL01-PA;;;
729376;03/11/2025;segunda-feira;11:00:00;TO;10;417;PORTO NACIONAL;Aus�ncia de rea��o do condutor;Queda de ocupante de ve�culo;Com V�timas Feridas;Pleno dia;Decrescente;C�u Claro;Simples;Reta;N�o;2;0;0;1;0;1;1;2;-10,60791;-48,37515;SPRF-TO;DEL01-TO;UOP03-DEL01-TO;;;
729377;29/09/2025;segunda-feira;14:50:00;SC;101;129,9;CAMBORIU;Ultrapassagem Indevida;Colis�o lateral mesmo sentido;Com V�timas Feridas;Pleno dia;Crescente;C�u Claro;Dupla;Reta;Sim;3;0;1;0;1;1;1;3;-26,98281728;-48,67321014;SPRF-SC;DEL04-SC;UOP03-DEL04-SC;;;
729384;03/11/2025;segunda-feira;10:30:00;MS;376;129;IVINHEMA;Suic�dio (presumido);Colis�o frontal;Com V�timas Fatais;Pleno dia;Crescente;Sol;Simples;Reta;N�o;4;1;1;0;0;2;1;4;-22,354945;-53,717258;SPRF-MS;DEL04-MS;UOP04-DEL04-MS;;;
729388;03/11/2025;segunda-feira;13:15:00;PR;369;178,2;ROLANDIA;Aus�ncia de rea��o do condutor;Colis�o traseira;Com V�timas Feridas;Pleno dia;Decrescente;C�u Claro;Dupla;Retorno Regulamentado;N�o;4;0;1;0;2;1;1;3;-23,35764513;-51,39545008;SPRF-PR;DEL07-PR;UOP01-DEL07-PR;;;
729403;03/11/2025;segunda-feira;14:20:00;PA;316;20;BENEVIDES;Aus�ncia de rea��o do condutor;Colis�o lateral mesmo sentido;Com V�timas Fatais;Pleno dia;Crescente;C�u Claro;Dupla;Reta;Sim;3;1;0;1;1;0;1;2;-1,3644;-48,26711;SPRF-PA;DEL01-PA;UOP01-DEL01-PA;;;
729407;03/11/2025;segunda-feira;12:50:00;GO;50;230;CAMPO ALEGRE DE GOIAS;Condutor Dormindo;Colis�o lateral mesmo sentido;Com V�timas Feridas;Pleno dia;Crescente;C�u Claro;Dupla;"Declive;Reta";N�o;3;0;0;1;1;1;1;3;-17,802792;-47,766876;SPRF-GO;DEL06-GO;UOP01-DEL06-GO;;;
729411;03/11/2025;segunda-feira;15:35:00;PR;116;100,7;SAO JOSE DOS PINHAIS;Demais falhas mec�nicas ou el�tricas;Colis�o com objeto;Com V�timas Feridas;Pleno dia;Crescente;Nublado;Dupla;"Declive;Reta";N�o;2;0;1;0;1;0;1;2;-25,565831;-49,165788;SPRF-PR;DEL01-PR;UOP07-DEL01-PR;;;
729414;03/11/2025;segunda-feira;16:00:00;SP;116;176;GUARAREMA;Objeto est�tico sobre o leito carro��vel;Colis�o com objeto;Com V�timas Feridas;Pleno dia;Crescente;C�u Claro;M�ltipla;"Declive;Reta";N�o;3;0;0;1;1;1;1;3;-23,32182342;-46,11160088;SPRF-SP;DEL01-SP;UOP01-DEL01-SP;;;
729420;03/11/2025;segunda-feira;16:41:00;TO;10;445;PALMAS;Transitar na contram�o;Colis�o lateral sentido oposto;Com V�timas Feridas;Pleno dia;Decrescente;Nublado;Simples;Reta;N�o;6;0;2;1;3;0;3;2;-10,39062;-48,30502;SPRF-TO;DEL01-TO;UOP03-DEL01-TO;;;
729425;28/08/2025;quinta-feira;08:00:00;MA;135;148;MATOES DO NORTE;Aus�ncia de rea��o do condutor;Colis�o frontal;Com V�timas Feridas;Pleno dia;Crescente;C�u Claro;Simples;"Em Obras;Reta;Ponte";N�o;2;0;1;0;0;1;1;2;-3,7436954;-44,510176;SPRF-MA;DEL03-MA;UOP01-DEL03-MA;;;
729430;03/11/2025;segunda-feira;16:35:00;MT;364;342;SANTO ANTONIO DO LEVERGER;Condutor deixou de manter dist�ncia do ve�culo da frente;Colis�o traseira;Com V�timas Feridas;Pleno dia;Crescente;C�u Claro;Dupla;Reta;N�o;7;0;0;1;5;3;1;9;-15,81458965;-55,53858161;SPRF-MT;DEL05-MT;UOP02-DEL05-MT;;;
729443;03/11/2025;segunda-feira;16:15:00;PA;230;1113;ITAITUBA;Velocidade Incompat�vel;Tombamento;Com V�timas Feridas;Pleno dia;Decrescente;C�u Claro;Simples;Curva;N�o;2;0;1;0;0;3;1;4;-4,398988;-55,917976;SPRF-PA;DEL05-PA;UOP02-DEL05-PA;;;
729445;03/11/2025;segunda-feira;16:24:00;MT;163;838;SINOP;Condutor deixou de manter dist�ncia do ve�culo da frente;Colis�o transversal;Com V�timas Feridas;Pleno dia;Decrescente;Nublado;Simples;Reta;N�o;2;0;1;0;1;0;1;2;-11,833723;-55,488071;SPRF-MT;DEL06-MT;UOP02-DEL06-MT;;;
729447;25/10/2025;s�bado;17:30:00;MS;267;481,5;JARDIM;Aus�ncia de rea��o do condutor;Colis�o traseira;Com V�timas Feridas;Anoitecer;Crescente;C�u Claro;Simples;Curva;Sim;3;0;0;1;2;0;1;2;-21,48279298;-56,14377768;SPRF-MS;DEL05-MS;UOP01-DEL05-MS;;;
729448;03/11/2025;segunda-feira;18:10:00;PR;116;55,8;CAMPINA GRANDE DO SUL;Rea��o tardia ou ineficiente do condutor;Colis�o traseira;Com V�timas Feridas;Anoitecer;Decrescente;Nevoeiro/Neblina;Dupla;Reta;N�o;2;0;1;0;1;0;1;2;-25,28237824;-48,92814724;SPRF-PR;DEL01-PR;UOP02-DEL01-PR;;;
729463;03/11/2025;segunda-feira;20:20:00;MG;262;356;JUATUBA;Rea��o tardia ou ineficiente do condutor;Colis�o traseira;Com V�timas Feridas;Plena Noite;Crescente;Nublado;Dupla;Reta;N�o;3;0;1;0;1;2;1;4;-19,971865;-44,283016;SPRF-MG;DEL01-MG;UOP03-DEL01-MG;;;
729464;03/11/2025;segunda-feira;16:30:00;MG;262;508,1;LUZ;Aus�ncia de rea��o do condutor;Colis�o traseira;Com V�timas Feridas;Pleno dia;Decrescente;C�u Claro;Simples;Reta;N�o;4;0;1;0;2;4;1;7;-19,78705713;-45,57678223;SPRF-MG;DEL08-MG;UOP03-DEL08-MG;;;
729469;03/11/2025;segunda-feira;18:00:00;RS;285;589;BOSSOROCA;Aus�ncia de rea��o do condutor;Tombamento;Com V�timas Feridas;Pleno dia;Crescente;C�u Claro;Simples;Reta;N�o;2;0;2;0;0;0;2;1;-28,46803306;-55,15133679;SPRF-RS;DEL12-RS;UOP01-DEL12-RS;;;
729470;03/11/2025;segunda-feira;20:42:00;PR;153;37,8;SANTO ANTONIO DA PLATINA;Rea��o tardia ou ineficiente do condutor;Colis�o com objeto;Sem V�timas;Plena Noite;Crescente;Nublado;Simples;Curva;N�o;1;0;0;0;1;0;0;1;-23,267666;-50,064031;SPRF-PR;DEL07-PR;UOP04-DEL07-PR;;;
729474;03/11/2025;segunda-feira;22:02:00;PE;101;67;RECIFE;Manobra de mudan�a de faixa;Colis�o lateral mesmo sentido;Com V�timas Feridas;Plena Noite;Crescente;C�u Claro;M�ltipla;"Aclive;Reta;Viaduto";Sim;3;0;1;0;1;1;1;3;-8,050167;-34,945833;SPRF-PE;DEL01-PE;UOP01-DEL01-PE;;;
729476;03/11/2025;segunda-feira;19:30:00;MG;381;526,1;BRUMADINHO;Problema com o freio;Tombamento;Com V�timas Feridas;Plena Noite;Crescente;Nublado;Dupla;"Curva;Declive";N�o;2;0;1;0;0;1;1;2;-20,15191612;-44,32604738;SPRF-MG;DEL04-MG;UOP03-DEL04-MG;;;
729477;03/11/2025;segunda-feira;19:45:00;PR;476;315,2;PAULO FRONTIN;Velocidade Incompat�vel;Colis�o transversal;Com V�timas Fatais;Plena Noite;Crescente;Nublado;Simples;Curva;N�o;5;1;1;0;2;4;1;8;-26,02279672;-50,63907342;SPRF-PR;DEL02-PR;UOP03-DEL02-PR;;;
729483;13/10/2025;segunda-feira;22:30:00;RS;116;434,4;CRISTAL;Animais na Pista;Sa�da de leito carro��vel;Com V�timas Feridas;Plena Noite;Decrescente;C�u Claro;Dupla;"Reta;Declive";N�o;2;0;1;0;0;2;1;3;-31,06121396;-52,03782558;SPRF-RS;DEL02-RS;UOP02-DEL02-RS;;;
729484;03/11/2025;segunda-feira;22:55:00;RJ;116;317;ITATIAIA;Defici�ncia do Sistema de Ilumina��o/Sinaliza��o;Colis�o traseira;Com V�timas Feridas;Plena Noite;Decrescente;C�u Claro;Dupla;Reta;Sim;2;0;1;0;1;0;1;2;-22,465645;-44,49128;SPRF-RJ;DEL07-RJ;UOP02-DEL07-RJ;;;
729486;03/11/2025;segunda-feira;21:20:00;PR;277;322,1;GUARAPUAVA;Transitar na contram�o;Colis�o frontal;Com V�timas Feridas;Plena Noite;Crescente;Nublado;Simples;Curva;Sim;3;0;0;1;1;2;1;4;-25,377249;-51,288085;SPRF-PR;DEL08-PR;UOP01-DEL08-PR;;;
729492;03/11/2025;segunda-feira;20:30:00;DF;80;6;BRASILIA;Rea��o tardia ou ineficiente do condutor;Tombamento;Com V�timas Feridas;Plena Noite;Crescente;Nublado;Simples;Curva;N�o;1;0;0;1;0;0;1;1;-15,7952624;-48,1990946;SPRF-DF;DEL03-DF;UOP02-DEL03-DF;;;
729493;03/11/2025;segunda-feira;22:30:00;BA;110;366;CATU;Curva acentuada;Capotamento;Com V�timas Fatais;Plena Noite;Decrescente;C�u Claro;Simples;Curva;N�o;3;1;0;2;0;0;2;1;-12,35284;-38,38942766;SPRF-BA;DEL01-BA;UOP04-DEL01-BA;;;
729494;04/11/2025;ter�a-feira;01:30:00;MG;381;931,8;EXTREMA;Chuva;Colis�o com objeto;Com V�timas Feridas;Plena Noite;Crescente;Chuva;Dupla;Reta;N�o;3;0;1;0;1;1;1;3;-22,791619;-46,24567;SPRF-MG;DEL16-MG;UOP03-DEL16-MG;;;
729495;04/11/2025;ter�a-feira;02:00:00;MG;262;555;CORREGO DANTA;Demais falhas mec�nicas ou el�tricas;Inc�ndio;Sem V�timas;Plena Noite;Crescente;C�u Claro;Simples;Aclive;N�o;2;0;0;0;2;0;0;1;-19,749316;-45,992051;SPRF-MG;DEL08-MG;UOP02-DEL08-MG;;;
729496;04/11/2025;ter�a-feira;03:00:00;SC;101;385;ICARA;Aus�ncia de rea��o do condutor;Colis�o traseira;Sem V�timas;Plena Noite;Crescente;C�u Claro;Dupla;Reta;N�o;6;0;0;0;6;0;0;2;-28,7821798;-49,3320447;SPRF-SC;DEL02-SC;UOP02-DEL02-SC;;;
729498;04/11/2025;ter�a-feira;04:20:00;RJ;116;178;BELFORD ROXO;Transtornos Mentais (exceto suicidio);Atropelamento de Pedestre;Com V�timas Fatais;Plena Noite;Crescente;C�u Claro;Dupla;Reta;N�o;2;1;0;0;1;0;0;2;-22,7742389;-43,40156302;SPRF-RJ;DEL06-RJ;UOP01-DEL06-RJ;;;
729500;04/11/2025;ter�a-feira;01:54:00;MG;262;538;LUZ;Velocidade Incompat�vel;Tombamento;Sem V�timas;Plena Noite;Decrescente;C�u Claro;Simples;"Declive;Curva";N�o;2;0;0;0;1;1;0;2;-19,717769;-45,8857;SPRF-MG;DEL08-MG;UOP02-DEL08-MG;;;
729501;04/11/2025;ter�a-feira;03:40:00;PR;163;187,7;LINDOESTE;Ingest�o de �lcool pelo condutor;Sa�da de leito carro��vel;Com V�timas Feridas;Plena Noite;Crescente;C�u Claro;Dupla;Reta;N�o;3;0;1;0;1;1;1;2;-25,1832609;-53,601906;SPRF-PR;DEL05-PR;UOP05-DEL05-PR;;;
729502;31/10/2025;sexta-feira;04:36:00;MG;381;707,4;NEPOMUCENO;Velocidade Incompat�vel;Tombamento;Com V�timas Feridas;Plena Noite;Crescente;Ignorado;Dupla;"Curva;Aclive";N�o;2;0;1;0;0;1;1;2;-21,33407273;-45,17299175;SPRF-MG;DEL04-MG;UOP02-DEL04-MG;;;
729503;04/11/2025;ter�a-feira;04:00:00;MG;262;153,4;SAO DOMINGOS DO PRATA;Aus�ncia de rea��o do condutor;Colis�o traseira;Com V�timas Feridas;Plena Noite;Decrescente;C�u Claro;Simples;"Curva;Declive";N�o;3;0;0;1;1;1;1;3;-19,98739281;-42,79208422;SPRF-MG;DEL03-MG;UOP03-DEL03-MG;;;
729504;04/11/2025;ter�a-feira;05:23:00;MS;163;813;PEDRO GOMES;Acessar a via sem observar a presen�a dos outros ve�culos;Colis�o transversal;Com V�timas Feridas;Pleno dia;Decrescente;C�u Claro;Simples;Reta;N�o;3;0;1;0;1;3;1;5;-17,805012;-54,736804;SPRF-MS;DEL06-MS;UOP01-DEL06-MS;;;
729505;04/11/2025;ter�a-feira;04:50:00;PR;369;487,9;CASCAVEL;Transitar na contram�o;Colis�o lateral sentido oposto;Com V�timas Feridas;Amanhecer;Decrescente;C�u Claro;Simples;Curva;N�o;2;0;1;0;1;0;1;2;-24,83374;-53,30162;SPRF-PR;DEL04-PR;UOP03-DEL04-PR;;;
729509;03/11/2025;segunda-feira;23:40:00;MG;50;78,5;UBERLANDIA;Velocidade Incompat�vel;Colis�o traseira;Com V�timas Feridas;Plena Noite;Decrescente;C�u Claro;Dupla;Reta;N�o;3;0;1;0;1;1;1;3;-18,97640647;-48,21358077;SPRF-MG;DEL15-MG;UOP01-DEL15-MG;;;
729510;03/11/2025;segunda-feira;17:15:00;RJ;116;225;PIRAI;Condutor deixou de manter dist�ncia do ve�culo da frente;Colis�o traseira;Com V�timas Feridas;Pleno dia;Crescente;C�u Claro;Dupla;"Em Obras;Curva";N�o;3;0;1;0;2;0;1;2;-22,66597704;-43,82017136;SPRF-RJ;DEL06-RJ;UOP02-DEL06-RJ;;;
729511;04/11/2025;ter�a-feira;07:10:00;MG;381;437,2;SANTA LUZIA;Condutor Dormindo;Colis�o frontal;Com V�timas Fatais;Amanhecer;Decrescente;C�u Claro;Simples;"Reta;Aclive";N�o;5;1;0;1;2;1;1;4;-19,809406;-43,778461;SPRF-MG;DEL01-MG;UOP01-DEL01-MG;;;
729515;04/11/2025;ter�a-feira;06:40:00;GO;452;169,6;ITUMBIARA;Condutor Dormindo;Colis�o traseira;Com V�timas Feridas;Pleno dia;Decrescente;C�u Claro;Simples;"Reta;Aclive";N�o;2;0;0;1;1;0;1;2;-18,33530316;-49,44224954;SPRF-GO;DEL03-GO;UOP02-DEL03-GO;;;
729519;04/11/2025;ter�a-feira;05:45:00;SE;101;28;MURIBECA;Demais falhas mec�nicas ou el�tricas;Tombamento;Sem V�timas;Pleno dia;Crescente;C�u Claro;Dupla;"Declive;Reta";N�o;2;0;0;0;1;2;0;3;-10,4231071;-36,92685664;SPRF-SE;DEL02-SE;UOP02-DEL02-SE;;;
729523;04/11/2025;ter�a-feira;07:45:00;RS;116;259;CANOAS;Condutor deixou de manter dist�ncia do ve�culo da frente;Colis�o traseira;Com V�timas Feridas;Pleno dia;Crescente;Nublado;M�ltipla;Reta;Sim;3;0;1;0;2;0;1;3;-29,87551793;-51,18015289;SPRF-RS;DEL01-RS;UOP02-DEL01-RS;;;
729524;03/11/2025;segunda-feira;20:30:00;RO;364;364;OURO PRETO DO OESTE;Demais falhas mec�nicas ou el�tricas;Inc�ndio;Sem V�timas;Plena Noite;Crescente;C�u Claro;Simples;Reta;N�o;2;0;0;0;1;2;0;3;-10,772593;-62,096924;SPRF-RO;DEL02-RO;UOP01-DEL02-RO;;;
729534;04/11/2025;ter�a-feira;07:20:00;SC;470;66;INDAIAL;Acessar a via sem observar a presen�a dos outros ve�culos;Colis�o lateral mesmo sentido;Com V�timas Feridas;Pleno dia;Crescente;C�u Claro;Dupla;Curva;N�o;2;0;0;1;0;1;1;2;-26,88379911;-49,24724579;SPRF-SC;DEL04-SC;UOP01-DEL04-SC;;;
729537;04/11/2025;ter�a-feira;08:10:00;MG;40;532;BELO HORIZONTE;Rea��o tardia ou ineficiente do condutor;Colis�o traseira;Com V�timas Feridas;Pleno dia;Crescente;C�u Claro;Dupla;"Declive;Reta";N�o;3;0;2;0;1;0;2;3;-19,92446934;-44,01516295;SPRF-MG;DEL01-MG;UOP02-DEL01-MG;;;
729541;25/09/2025;quinta-feira;15:30:00;SC;470;186;POUSO REDONDO;Problema com o freio;Sa�da de leito carro��vel;Com V�timas Feridas;Pleno dia;Decrescente;C�u Claro;Simples;"Declive;Reta";N�o;2;0;1;0;0;1;1;2;-27,254656;-50,040809;SPRF-SC;DEL04-SC;UOP02-DEL04-SC;;;
729545;31/10/2025;sexta-feira;22:00:00;PE;101;37;ITAPISSUMA;Aus�ncia de rea��o do condutor;Colis�o traseira;Com V�timas Feridas;Plena Noite;Crescente;C�u Claro;Dupla;Aclive;N�o;3;0;1;0;1;1;1;3;-7,79199253;-34,92886875;SPRF-PE;DEL01-PE;UOP02-DEL01-PE;;;
729548;04/11/2025;ter�a-feira;07:00:00;MG;251;469;FRANCISCO SA;Condutor Dormindo;Sa�da de leito carro��vel;Com V�timas Feridas;Pleno dia;Decrescente;Nublado;Simples;"Aclive;Reta";N�o;1;0;1;0;0;0;1;1;-16,46215;-43,40544;SPRF-MG;DEL12-MG;UOP01-DEL12-MG;;;
729550;04/11/2025;ter�a-feira;10:00:00;ES;101;266,5;SERRA;Aus�ncia de rea��o do condutor;Colis�o traseira;Com V�timas Feridas;Pleno dia;Crescente;Nublado;M�ltipla;Interse��o de Vias;Sim;4;0;1;0;2;1;1;3;-20,1955469;-40,2688369;SPRF-ES;DEL02-ES;UOP01-DEL02-ES;;;
729557;25/07/2025;sexta-feira;17:40:00;PA;10;7,7;DOM ELISEU;Problema com o freio;Tombamento;Com V�timas Fatais;Anoitecer;Decrescente;Nublado;Simples;"Declive;Curva";N�o;5;1;1;2;0;3;3;4;-4,376894;-47,537326;SPRF-PA;DEL02-PA;UOP02-DEL02-PA;;;
729569;04/11/2025;ter�a-feira;13:10:00;RS;386;340;LAJEADO;Estacionar ou parar em local proibido;Colis�o traseira;Com V�timas Feridas;Pleno dia;Crescente;Sol;Dupla;"Curva;Viaduto;Declive";N�o;3;0;2;0;1;0;2;2;-29,41888011;-52,023887;SPRF-RS;DEL04-RS;UOP01-DEL04-RS;;;
729572;04/11/2025;ter�a-feira;13:15:00;SC;101;213;PALHOCA;Aus�ncia de rea��o do condutor;Colis�o lateral mesmo sentido;Com V�timas Feridas;Pleno dia;Decrescente;C�u Claro;M�ltipla;Reta;N�o;3;0;0;1;2;0;1;3;-27,63743489;-48,66525857;SPRF-SC;DEL01-SC;UOP02-DEL01-SC;;;
729578;04/11/2025;ter�a-feira;14:20:00;PR;369;124;JATAIZINHO;Aus�ncia de rea��o do condutor;Colis�o traseira;Com V�timas Feridas;Pleno dia;Decrescente;C�u Claro;Dupla;"Declive;Reta";N�o;2;0;0;1;1;0;1;2;-23,28487013;-50,93617159;SPRF-PR;DEL07-PR;UOP05-DEL07-PR;;;
729580;04/11/2025;ter�a-feira;13:15:00;AL;101;107;PILAR;Aus�ncia de rea��o do condutor;Tombamento;Com V�timas Feridas;Pleno dia;Crescente;C�u Claro;Dupla;"Curva;Declive";N�o;2;0;1;0;0;1;1;2;-9,596693;-36,008291;SPRF-AL;DEL02-AL;UOP01-DEL02-AL;;;
729581;04/11/2025;ter�a-feira;11:20:00;RJ;101;404;ITAGUAI;Demais falhas mec�nicas ou el�tricas;Inc�ndio;Sem V�timas;Pleno dia;Crescente;Sol;Dupla;Reta;N�o;1;0;0;0;1;0;0;1;-22,867773;-43,803267;SPRF-RJ;DEL03-RJ;UOP01-DEL03-RJ;;;
729592;04/11/2025;ter�a-feira;11:40:00;MT;70;497;CUIABA;Velocidade Incompat�vel;Tombamento;Com V�timas Feridas;Pleno dia;Crescente;Sol;Dupla;"Em Obras;Curva";N�o;2;0;1;0;0;1;1;2;-15,66122;-56,00691;SPRF-MT;DEL01-MT;UOP02-DEL01-MT;;;
729598;04/11/2025;ter�a-feira;15:50:00;RJ;356;42,5;ITAPERUNA;Ultrapassagem Indevida;Colis�o lateral sentido oposto;Com V�timas Feridas;Pleno dia;Crescente;Nublado;Dupla;"Aclive;Curva";N�o;3;0;0;1;1;1;1;3;-21,219653;-41,821684;SPRF-RJ;DEL08-RJ;UOP03-DEL08-RJ;;;
729599;07/07/2025;segunda-feira;17:00:00;SC;101;224,5;PALHOCA;Acessar a via sem observar a presen�a dos outros ve�culos;Capotamento;Com V�timas Feridas;Anoitecer;Crescente;C�u Claro;M�ltipla;Reta;N�o;7;0;3;0;3;2;3;5;-27,72856921;-48,64239693;SPRF-SC;DEL01-SC;UOP02-DEL01-SC;;;
729602;04/11/2025;ter�a-feira;15:40:00;SC;280;58,8;GUARAMIRIM;Condutor deixou de manter dist�ncia do ve�culo da frente;Colis�o traseira;Com V�timas Feridas;Pleno dia;Decrescente;C�u Claro;M�ltipla;Curva;Sim;4;0;1;0;3;0;1;3;-26,474912;-49,029382;SPRF-SC;DEL03-SC;UOP03-DEL03-SC;;;
729604;31/10/2025;sexta-feira;16:10:00;BA;242;516;OLIVEIRA DOS BREJINHOS;Demais falhas mec�nicas ou el�tricas;Inc�ndio;Sem V�timas;Pleno dia;Crescente;C�u Claro;Simples;Reta;N�o;2;0;0;0;1;2;0;3;-12,32000339;-42,58047581;SPRF-BA;DEL06-BA;UOP01-DEL06-BA;;;
729605;04/11/2025;ter�a-feira;17:45:00;MG;381;437;SANTA LUZIA;Transitar no Acostamento;Colis�o lateral mesmo sentido;Com V�timas Feridas;Anoitecer;Decrescente;C�u Claro;Simples;"Declive;Reta";N�o;2;0;1;0;1;0;1;2;-19,8123315;-43,7970309;SPRF-MG;DEL01-MG;UOP01-DEL01-MG;;;
729609;04/11/2025;ter�a-feira;10:50:00;RS;290;180,9;MINAS DO LEAO;Ultrapassagem Indevida;Colis�o frontal;Com V�timas Fatais;Pleno dia;Crescente;C�u Claro;Simples;Reta;N�o;6;1;0;0;2;3;0;5;-30,13972227;-52,02172128;SPRF-RS;DEL02-RS;UOP03-DEL02-RS;;;
729613;04/11/2025;ter�a-feira;17:10:00;MG;40;610,2;CONGONHAS;Chuva;Colis�o com objeto;Com V�timas Feridas;Pleno dia;Crescente;Chuva;Simples;Curva;Sim;2;0;1;0;1;0;1;1;-20,50761289;-43,83849576;SPRF-MG;DEL05-MG;UOP02-DEL05-MG;;;
729615;04/11/2025;ter�a-feira;17:15:00;GO;50;244,2;CATALAO;Carga excessiva e/ou mal acondicionada;Tombamento;Com V�timas Feridas;Anoitecer;Decrescente;C�u Claro;Dupla;Rotat�ria;Sim;2;0;0;1;0;2;1;3;-17,919008;-47,788118;SPRF-GO;DEL06-GO;UOP01-DEL06-GO;;;
729617;26/10/2025;domingo;08:07:00;GO;364;174;JATAI;Suic�dio (presumido);Colis�o lateral sentido oposto;Com V�timas Feridas;Pleno dia;Decrescente;C�u Claro;Dupla;"Declive;Reta";N�o;4;0;0;1;1;3;1;5;-17,99658173;-51,57613188;SPRF-GO;DEL05-GO;UOP01-DEL05-GO;;;
729619;04/11/2025;ter�a-feira;17:30:00;MG;40;592,9;OURO PRETO;Chuva;Sa�da de leito carro��vel;Com V�timas Feridas;Pleno dia;Decrescente;Chuva;Dupla;Curva;N�o;1;0;1;0;0;0;1;1;-20,394467;-43,905067;SPRF-MG;DEL05-MG;UOP02-DEL05-MG;;;
729629;04/11/2025;ter�a-feira;13:49:00;RO;429;52,7;ALVORADA DOESTE;Acessar a via sem observar a presen�a dos outros ve�culos;Colis�o transversal;Com V�timas Fatais;Pleno dia;Crescente;C�u Claro;Dupla;"Reta;Interse��o de Vias";Sim;3;1;0;0;2;0;0;2;-11,35131692;-62,29080526;SPRF-RO;DEL02-RO;UOP03-DEL02-RO;;;
729631;04/11/2025;ter�a-feira;19:45:00;SP;381;41;ATIBAIA;Condutor deixou de manter dist�ncia do ve�culo da frente;Colis�o traseira;Com V�timas Feridas;Plena Noite;Crescente;C�u Claro;Dupla;"Aclive;Reta";Sim;3;0;1;0;1;1;1;2;-23,13850955;-46,57577634;SPRF-SP;DEL03-SP;UOP01-DEL03-SP;;;
729637;04/11/2025;ter�a-feira;20:45:00;SC;101;199,7;SAO JOSE;Rea��o tardia ou ineficiente do condutor;Colis�o traseira;Com V�timas Feridas;Plena Noite;Decrescente;C�u Claro;Dupla;"Aclive;Reta";Sim;5;0;1;0;3;2;1;5;-27,538287;-48,624658;SPRF-SC;DEL01-SC;UOP01-DEL01-SC;;;
729639;04/11/2025;ter�a-feira;19:15:00;PR;153;510;GENERAL CARNEIRO;Aus�ncia de rea��o do condutor;Colis�o traseira;Com V�timas Feridas;Plena Noite;Crescente;C�u Claro;Simples;Reta;N�o;6;0;0;1;5;0;1;2;-26,542;-51,397;SPRF-PR;DEL02-PR;UOP03-DEL02-PR;;;
729640;04/11/2025;ter�a-feira;18:30:00;BA;101;377;GANDU;Transitar na contram�o;Colis�o lateral sentido oposto;Com V�timas Fatais;Anoitecer;Crescente;Nublado;Simples;Reta;N�o;2;1;0;0;1;0;0;2;-13,84232;-39,496672;SPRF-BA;DEL05-BA;UOP03-DEL05-BA;;;
729643;04/11/2025;ter�a-feira;17:30:00;RJ;101;330;RIO DE JANEIRO;Aus�ncia de rea��o do condutor;Colis�o traseira;Com V�timas Feridas;Anoitecer;Crescente;Nublado;M�ltipla;Reta;N�o;3;0;1;0;2;0;1;3;-22,87048132;-43,20304871;SPRF-RJ;DEL02-RJ;UOP01-DEL02-RJ;;;
729644;21/10/2025;ter�a-feira;23:10:00;PR;376;504;PONTA GROSSA;Rea��o tardia ou ineficiente do condutor;Colis�o traseira;Com V�timas Feridas;Plena Noite;Decrescente;C�u Claro;Dupla;Reta;N�o;3;0;1;0;1;4;1;6;-25,21109364;-50,06203048;SPRF-PR;DEL03-PR;UOP04-DEL03-PR;;;
729650;04/11/2025;ter�a-feira;22:05:00;MG;40;730,5;OLIVEIRA FORTES;Velocidade Incompat�vel;Colis�o com objeto;Com V�timas Feridas;Plena Noite;Decrescente;Chuva;Dupla;Curva;N�o;1;0;0;1;0;0;1;1;-21,338;-43,586;SPRF-MG;DEL05-MG;UOP01-DEL05-MG;;;
729652;04/11/2025;ter�a-feira;19:25:00;SC;282;527,9;CORDILHEIRA ALTA;Animais na Pista;Atropelamento de Animal;Com V�timas Feridas;Plena Noite;Decrescente;C�u Claro;Simples;Curva;N�o;1;0;1;0;0;0;1;1;-26,9779091;-52,58818367;SPRF-SC;DEL07-SC;UOP01-DEL07-SC;;;