id;data_inversa;dia_semana;horario;uf;br;km;municipio;causa_acidente;tipo_acidente;classificacao_acidente;fase_dia;sentido_via;condicao_metereologica;tipo_pista;tracado_via;uso_solo;pessoas;mortos;feridos_leves;feridos_graves;ilesos;ignorados;feridos;veiculos;latitude;longitude;regional;delegacia;uop;;;
729655;04/11/2025;ter�a-feira;21:40:00;PR;376;629;SAO JOSE DOS PINHAIS;Demais falhas mec�nicas ou el�tricas;Colis�o traseira;Com V�timas Feridas;Plena Noite;Decrescente;C�u Claro;Dupla;Reta;N�o;3;0;1;0;1;1;1;3;-25,69059147;-49,14535873;SPRF-PR;DEL01-PR;UOP04-DEL01-PR;;;
729656;04/11/2025;ter�a-feira;21:30:00;PR;277;56,2;SAO JOSE DOS PINHAIS;Manobra de mudan�a de faixa;Colis�o lateral mesmo sentido;Com V�timas Feridas;Plena Noite;Crescente;Nevoeiro/Neblina;Dupla;"Reta;Aclive";N�o;3;0;1;0;1;3;1;5;-25,56302819;-49,01244982;SPRF-PR;DEL01-PR;UOP01-DEL01-PR;;;
729658;04/11/2025;ter�a-feira;19:10:00;RO;319;13;PORTO VELHO;Objeto est�tico sobre o leito carro��vel;Colis�o com objeto;Com V�timas Fatais;Plena Noite;Decrescente;Chuva;Simples;Reta;N�o;4;1;0;1;0;3;1;4;-8,04107;-63,48425;SPRF-RO;DEL01-RO;UOP01-DEL01-RO;;;
729666;04/11/2025;ter�a-feira;23:45:00;MG;116;673;MIRADOURO;Ingest�o de �lcool pelo condutor;Colis�o frontal;Com V�timas Fatais;Plena Noite;Crescente;Nublado;Simples;Reta;N�o;5;1;0;1;1;2;1;3;-20,89299546;-42,3410511;SPRF-MG;DEL07-MG;UOP02-DEL07-MG;;;
729667;04/11/2025;ter�a-feira;20:00:00;BA;101;281;LAJE;Aus�ncia de rea��o do condutor;Colis�o frontal;Com V�timas Feridas;Plena Noite;Crescente;C�u Claro;Simples;"Reta;Aclive";N�o;3;0;1;1;0;1;2;3;-13,09694903;-39,28060532;SPRF-BA;DEL01-BA;UOP02-DEL01-BA;;;
729671;05/11/2025;quarta-feira;01:20:00;SC;116;55,1;PAPANDUVA;Transitar na contram�o;Colis�o frontal;Com V�timas Feridas;Plena Noite;Decrescente;Nublado;Simples;Reta;N�o;3;0;1;0;1;1;1;3;-26,3930863;-50,1707566;SPRF-SC;DEL06-SC;UOP02-DEL06-SC;;;
729672;05/11/2025;quarta-feira;01:30:00;RJ;101;255;RIO BONITO;Condutor Dormindo;Colis�o traseira;Sem V�timas;Plena Noite;Decrescente;C�u Claro;Dupla;Reta;N�o;3;0;0;0;2;1;0;3;-22,694561;-42,560125;SPRF-RJ;DEL02-RJ;UOP03-DEL02-RJ;;;
729673;05/11/2025;quarta-feira;02:30:00;PB;101;113;ALHANDRA;Avarias e/ou desgaste excessivo no pneu;Tombamento;Sem V�timas;Plena Noite;Decrescente;C�u Claro;Dupla;Reta;N�o;2;0;0;0;1;2;0;3;-7,38200217;-34,95695114;SPRF-PB;DEL01-PB;UOP01-DEL01-PB;;;
729674;04/11/2025;ter�a-feira;21:00:00;RJ;116;182;NOVA IGUACU;Aus�ncia de rea��o do condutor;Engavetamento;Com V�timas Feridas;Plena Noite;Decrescente;Garoa/Chuvisco;Dupla;Reta;Sim;4;0;1;0;2;1;1;4;-22,75735526;-43,43018889;SPRF-RJ;DEL06-RJ;UOP01-DEL06-RJ;;;
729675;05/11/2025;quarta-feira;01:30:00;RS;116;380;ARAMBARE;Demais falhas mec�nicas ou el�tricas;Inc�ndio;Sem V�timas;Plena Noite;Decrescente;Nublado;Dupla;Reta;N�o;4;0;0;0;3;1;0;2;-30,78887546;-51,66613698;SPRF-RS;DEL02-RS;UOP02-DEL02-RS;;;
729677;05/11/2025;quarta-feira;03:00:00;BA;101;12;RIO REAL;Aus�ncia de rea��o do condutor;Colis�o traseira;Com V�timas Feridas;Plena Noite;Decrescente;C�u Claro;Dupla;Reta;N�o;4;0;1;0;1;2;1;3;-11,58396;-37,874593;SPRF-SE;DEL02-SE;UOP03-DEL02-SE;;;
729679;04/11/2025;ter�a-feira;20:35:00;MA;316;280;BELA VISTA DO MARANHAO;Rea��o tardia ou ineficiente do condutor;Colis�o traseira;Com V�timas Feridas;Plena Noite;Crescente;C�u Claro;Simples;Reta;N�o;5;0;1;0;4;0;1;2;-3,74743976;-45,24066925;SPRF-MA;DEL02-MA;UOP01-DEL02-MA;;;
729680;05/11/2025;quarta-feira;04:10:00;PR;116;126;FAZENDA RIO GRANDE;Rea��o tardia ou ineficiente do condutor;Colis�o traseira;Com V�timas Feridas;Plena Noite;Crescente;Nublado;M�ltipla;Interse��o de Vias;Sim;3;0;1;0;2;0;1;2;-25,6407057;-49,3130094;SPRF-PR;DEL01-PR;UOP03-DEL01-PR;;;
729683;04/11/2025;ter�a-feira;18:45:00;MG;354;757,1;ITAMONTE;Velocidade Incompat�vel;Colis�o lateral sentido oposto;Com V�timas Feridas;Plena Noite;Crescente;C�u Claro;Simples;Curva;N�o;2;0;1;0;1;0;1;2;-22,30800066;-44,85189557;SPRF-MG;DEL17-MG;UOP01-DEL17-MG;;;
729684;05/11/2025;quarta-feira;05:30:00;PR;376;223,8;CAMBIRA;Condutor Dormindo;Tombamento;Com V�timas Feridas;Amanhecer;Crescente;Nublado;Dupla;Reta;Sim;1;0;1;0;0;0;1;1;-23,59422068;-51,57903283;SPRF-PR;DEL07-PR;UOP03-DEL07-PR;;;
729688;05/11/2025;quarta-feira;06:20:00;SC;101;127,2;ITAJAI;Aus�ncia de rea��o do condutor;Colis�o traseira;Com V�timas Feridas;Pleno dia;Crescente;Nublado;Dupla;Reta;N�o;3;0;1;0;1;1;1;3;-26,96994037;-48,68358359;SPRF-SC;DEL04-SC;UOP04-DEL04-SC;;;
729700;05/11/2025;quarta-feira;06:30:00;BA;101;839,7;VEREDA;Velocidade Incompat�vel;Colis�o frontal;Com V�timas Fatais;Pleno dia;Crescente;C�u Claro;Simples;Curva;N�o;5;3;1;1;0;0;2;2;-17,242218;-39,620568;SPRF-BA;DEL09-BA;UOP02-DEL09-BA;;;
729717;30/10/2025;quinta-feira;10:10:00;SP;116;227,5;GUARULHOS;Aus�ncia de rea��o do condutor;Colis�o traseira;Com V�timas Feridas;Pleno dia;Decrescente;C�u Claro;M�ltipla;Reta;Sim;3;0;1;0;2;0;1;3;-23,49598242;-46,55622769;SPRF-SP;DEL01-SP;UOP01-DEL01-SP;;;
729728;03/11/2025;segunda-feira;18:00:00;BA;101;173;FEIRA DE SANTANA;Carga excessiva e/ou mal acondicionada;Colis�o com objeto;Sem V�timas;Anoitecer;Decrescente;C�u Claro;Simples;Reta;Sim;3;0;0;0;3;0;0;1;-12,3755447;-38,8782206;SPRF-BA;DEL01-BA;UOP03-DEL01-BA;;;
729730;05/11/2025;quarta-feira;08:45:00;RJ;116;237;PIRAI;Manobra de mudan�a de faixa;Colis�o lateral mesmo sentido;Sem V�timas;Pleno dia;Decrescente;C�u Claro;Dupla;Curva;N�o;4;0;0;0;3;1;0;3;-22,63112386;-43,91029358;SPRF-RJ;DEL07-RJ;UOP01-DEL07-RJ;;;
729731;01/11/2025;s�bado;05:22:00;MG;381;583,7;CARMOPOLIS DE MINAS;Aus�ncia de rea��o do condutor;Tombamento;Sem V�timas;Amanhecer;Decrescente;Chuva;Dupla;"Curva;Aclive";N�o;2;0;0;0;1;2;0;3;-20,50895368;-44,61191207;SPRF-MG;DEL04-MG;UOP01-DEL04-MG;;;
729735;05/11/2025;quarta-feira;11:40:00;GO;153;500;GOIANIA;Acessar a via sem observar a presen�a dos outros ve�culos;Colis�o lateral mesmo sentido;Com V�timas Feridas;Pleno dia;Decrescente;C�u Claro;Dupla;"Reta;Interse��o de Vias";N�o;2;0;1;0;0;1;1;2;-16,7100501;-49,2311073;SPRF-GO;DEL01-GO;UOP01-DEL01-GO;;;
729737;05/11/2025;quarta-feira;09:35:00;SC;470;319,4;CAMPOS NOVOS;Desrespeitar a prefer�ncia no cruzamento;Colis�o transversal;Com V�timas Fatais;Pleno dia;Crescente;Sol;Simples;"Interse��o de Vias;Retorno Regulamentado;Reta";Sim;3;1;0;1;1;0;1;2;-27,41174244;-51,230534;SPRF-SC;DEL07-SC;UOP06-DEL07-SC;;;
729738;05/11/2025;quarta-feira;11:50:00;BA;324;517,4;FEIRA DE SANTANA;Ultrapassagem Indevida;Colis�o lateral mesmo sentido;Com V�timas Feridas;Pleno dia;Decrescente;Sol;Simples;Reta;Sim;3;0;1;0;2;0;1;2;-12,25604332;-38,9320761;SPRF-BA;DEL02-BA;UOP01-DEL02-BA;;;
729744;05/11/2025;quarta-feira;12:00:00;SP;381;39;ATIBAIA;Rea��o tardia ou ineficiente do condutor;Colis�o traseira;Com V�timas Feridas;Pleno dia;Crescente;Nublado;Dupla;Reta;Sim;2;0;1;0;0;1;1;2;-23,1080461;-46,56790674;SPRF-SP;DEL03-SP;UOP01-DEL03-SP;;;
729747;05/11/2025;quarta-feira;10:00:00;MG;381;480;CONTAGEM;Manobra de mudan�a de faixa;Colis�o lateral mesmo sentido;Com V�timas Feridas;Pleno dia;Decrescente;C�u Claro;Dupla;Curva;Sim;3;0;1;0;1;1;1;2;-19,95824782;-44,05801052;SPRF-MG;DEL01-MG;UOP03-DEL01-MG;;;
729749;05/11/2025;quarta-feira;12:41:00;SP;381;83;SAO PAULO;Rea��o tardia ou ineficiente do condutor;Colis�o traseira;Com V�timas Feridas;Pleno dia;Decrescente;Nublado;Dupla;Reta;Sim;6;0;2;0;3;1;2;4;-23,4319444;-46,56944444;SPRF-SP;DEL03-SP;UOP01-DEL03-SP;;;
729752;05/11/2025;quarta-feira;12:30:00;MG;40;606,7;CONGONHAS;Desrespeitar a prefer�ncia no cruzamento;Colis�o transversal;Com V�timas Feridas;Pleno dia;Decrescente;Sol;Simples;Retorno Regulamentado;Sim;4;0;0;1;2;1;1;4;-20,475764;-43,842732;SPRF-MG;DEL05-MG;UOP02-DEL05-MG;;;
729760;05/11/2025;quarta-feira;10:00:00;MG;365;381;PATOS DE MINAS;Declive acentuado;Sa�da de leito carro��vel;Com V�timas Feridas;Pleno dia;Decrescente;C�u Claro;Simples;"Reta;Declive";N�o;2;0;1;0;0;1;1;2;-18,60076387;-46,28245479;SPRF-MG;DEL10-MG;UOP01-DEL10-MG;;;
729764;18/10/2025;s�bado;03:40:00;SC;470;172;POUSO REDONDO;Ingest�o de �lcool pelo condutor;Colis�o frontal;Com V�timas Fatais;Plena Noite;Crescente;Garoa/Chuvisco;Simples;"Declive;Reta";N�o;3;1;1;0;0;1;1;3;-27,2578598;-49,9112806;SPRF-SC;DEL04-SC;UOP02-DEL04-SC;;;
729766;05/11/2025;quarta-feira;13:45:00;RS;470;222;GARIBALDI;Ingest�o de �lcool pelo condutor;Colis�o transversal;Sem V�timas;Pleno dia;Decrescente;C�u Claro;Simples;"Reta;Rotat�ria";N�o;3;0;0;0;2;1;0;3;-29,22190939;-51,51625363;SPRF-RS;DEL06-RS;UOP01-DEL06-RS;;;
729767;24/10/2025;sexta-feira;07:10:00;SC;470;2;NAVEGANTES;Condutor deixou de manter dist�ncia do ve�culo da frente;Colis�o traseira;Com V�timas Feridas;Pleno dia;Decrescente;Nublado;Dupla;Reta;N�o;2;0;1;0;0;1;1;2;-26,8596322;-48,68805282;SPRF-SC;DEL04-SC;UOP04-DEL04-SC;;;
729768;05/11/2025;quarta-feira;13:50:00;GO;153;114;ESTRELA DO NORTE;Transitar na contram�o;Colis�o frontal;Com V�timas Fatais;Pleno dia;Crescente;C�u Claro;Simples;Aclive;N�o;3;1;1;0;0;2;1;4;-13,79292291;-49,03505803;SPRF-GO;DEL07-GO;UOP01-DEL07-GO;;;
729769;05/11/2025;quarta-feira;14:30:00;ES;101;140,9;LINHARES;Acessar a via sem observar a presen�a dos outros ve�culos;Colis�o transversal;Com V�timas Fatais;Pleno dia;Decrescente;C�u Claro;M�ltipla;Reta;Sim;5;1;0;0;1;3;0;4;-19,324745;-40,072607;SPRF-ES;DEL04-ES;UOP01-DEL04-ES;;;
729782;05/11/2025;quarta-feira;13:40:00;BA;242;804;BARREIRAS;Chuva;Colis�o lateral sentido oposto;Com V�timas Feridas;Pleno dia;Crescente;Garoa/Chuvisco;Simples;Reta;N�o;22;0;14;0;7;1;14;4;-12,1426225;-44,8909666;SPRF-BA;DEL10-BA;UOP01-DEL10-BA;;;
729783;05/11/2025;quarta-feira;12:00:00;RJ;101;331;SAO GONCALO;Rea��o tardia ou ineficiente do condutor;Colis�o traseira;Com V�timas Feridas;Pleno dia;Decrescente;C�u Claro;M�ltipla;Reta;N�o;2;0;0;1;1;0;1;2;-22,7928755;-43,0248246;SPRF-RJ;DEL02-RJ;UOP01-DEL02-RJ;;;
729784;05/11/2025;quarta-feira;16:05:00;RS;285;383,9;SANTA BARBARA DO SUL;Entrada inopinada do pedestre;Atropelamento de Pedestre;Com V�timas Fatais;Pleno dia;Crescente;C�u Claro;Simples;Reta;N�o;3;1;0;0;1;2;0;4;-28,432618;-53,183954;SPRF-RS;DEL10-RS;UOP02-DEL10-RS;;;
729785;05/11/2025;quarta-feira;06:40:00;MT;70;24;BARRA DO GARCAS;Ingest�o de �lcool pelo condutor;Tombamento;Sem V�timas;Amanhecer;Crescente;C�u Claro;Simples;Reta;N�o;1;0;0;0;0;1;0;1;-15,82694829;-52,4666977;SPRF-MT;DEL07-MT;UOP01-DEL07-MT;;;
729787;05/11/2025;quarta-feira;13:07:00;MT;364;18;SANTO ANTONIO DO LEVERGER;Manobra de mudan�a de faixa;Colis�o traseira;Com V�timas Feridas;Pleno dia;Decrescente;C�u Claro;Dupla;"Curva;Aclive";N�o;6;0;2;0;3;2;2;4;-15,804662;-55,55027;SPRF-MT;DEL02-MT;UOP02-DEL02-MT;;;
729790;05/11/2025;quarta-feira;15:45:00;SC;101;101,5;BALNEARIO PICARRAS;Aus�ncia de rea��o do condutor;Colis�o transversal;Com V�timas Feridas;Pleno dia;Crescente;Nublado;Dupla;Interse��o de Vias;N�o;2;0;1;0;0;1;1;2;-26,7657251;-48,68624434;SPRF-SC;DEL03-SC;UOP02-DEL03-SC;;;
729791;05/11/2025;quarta-feira;16:00:00;SC;480;125,1;CHAPECO;Condutor deixou de manter dist�ncia do ve�culo da frente;Colis�o traseira;Com V�timas Feridas;Pleno dia;Decrescente;C�u Claro;M�ltipla;Reta;Sim;3;0;0;1;1;1;1;3;-26,99996485;-52,64663581;SPRF-SC;DEL07-SC;UOP01-DEL07-SC;;;
729792;05/11/2025;quarta-feira;16:30:00;RJ;393;129;SAPUCAIA;Demais Fen�menos da natureza;Eventos at�picos;Com V�timas Feridas;Pleno dia;Crescente;Vento;Simples;Reta;N�o;2;0;0;1;0;1;1;2;-21,97882;-42,8915;SPRF-RJ;DEL05-RJ;UOP01-DEL05-RJ;;;
729795;05/11/2025;quarta-feira;14:45:00;SP;116;513,8;CAJATI;Problema com o freio;Tombamento;Com V�timas Feridas;Pleno dia;Decrescente;Sol;Dupla;"Declive;Curva";N�o;2;0;1;0;0;1;1;2;-24,85994594;-48,21130006;SPRF-SP;DEL05-SP;UOP02-DEL05-SP;;;
729796;05/11/2025;quarta-feira;16:30:00;PR;277;80,8;CURITIBA;Rea��o tardia ou ineficiente do condutor;Tombamento;Com V�timas Fatais;Pleno dia;Decrescente;Nublado;Dupla;Reta;Sim;3;1;0;0;2;0;0;3;-25,465365;-49,216357;SPRF-PR;DEL01-PR;UOP03-DEL01-PR;;;
729798;05/11/2025;quarta-feira;12:50:00;SP;153;172;GUAICARA;Transitar na contram�o;Colis�o frontal;Com V�timas Feridas;Pleno dia;Decrescente;Chuva;Simples;Reta;N�o;4;0;1;2;0;3;3;5;-21,59953853;-49,78504881;SPRF-SP;DEL07-SP;UOP01-DEL07-SP;;;
729799;05/11/2025;quarta-feira;16:50:00;MG;262;444,5;NOVA SERRANA;Manobra de mudan�a de faixa;Colis�o lateral sentido oposto;Com V�timas Feridas;Pleno dia;Crescente;C�u Claro;Simples;"Declive;Reta";N�o;3;0;1;0;1;1;1;3;-19,848384;-45,032136;SPRF-MG;DEL08-MG;UOP03-DEL08-MG;;;
729800;05/11/2025;quarta-feira;16:20:00;PR;369;180;ARAPONGAS;Afundamento ou ondula��o no pavimento;Colis�o traseira;Com V�timas Feridas;Pleno dia;Crescente;Nublado;Dupla;Reta;N�o;2;0;1;0;1;0;1;2;-23,360925;-51,39950558;SPRF-PR;DEL07-PR;UOP03-DEL07-PR;;;
729803;05/11/2025;quarta-feira;16:30:00;MG;251;428;GRAO MOGOL;Velocidade Incompat�vel;Colis�o frontal;Com V�timas Feridas;Pleno dia;Crescente;Chuva;Simples;Curva;N�o;4;0;2;0;1;2;2;4;-16,32519;-43,12302;SPRF-MG;DEL12-MG;UOP01-DEL12-MG;;;
729806;05/11/2025;quarta-feira;16:55:00;PR;277;528,9;GUARANIACU;Transitar na contram�o;Colis�o frontal;Sem V�timas;Pleno dia;Crescente;C�u Claro;Simples;Curva;N�o;3;0;0;0;2;1;0;3;-25,09181752;-52,94895172;SPRF-PR;DEL04-PR;UOP04-DEL04-PR;;;
729807;05/11/2025;quarta-feira;17:00:00;RS;116;362;SENTINELA DO SUL;Velocidade Incompat�vel;Tombamento;Com V�timas Feridas;Pleno dia;Decrescente;C�u Claro;Simples;Rotat�ria;N�o;2;0;1;0;1;0;1;1;-30,63702071;-51,55278909;SPRF-RS;DEL02-RS;UOP02-DEL02-RS;;;
729816;05/11/2025;quarta-feira;17:09:00;BA;242;228;ITABERABA;Ultrapassagem Indevida;Sa�da de leito carro��vel;Com V�timas Feridas;Pleno dia;Crescente;C�u Claro;Simples;Reta;N�o;4;0;2;0;1;3;2;5;-12,51005348;-40,30153066;SPRF-BA;DEL06-BA;UOP02-DEL06-BA;;;
729817;05/11/2025;quarta-feira;18:20:00;MG;381;525,1;ITAUNA;Velocidade Incompat�vel;Tombamento;Com V�timas Feridas;Plena Noite;Crescente;Nublado;Dupla;Curva;N�o;5;0;1;0;3;2;1;6;-20,1228288;-44,5186048;SPRF-MG;DEL04-MG;UOP03-DEL04-MG;;;
729819;05/11/2025;quarta-feira;17:00:00;SP;116;281,5;EMBU DAS ARTES;Trafegar com motocicleta (ou similar) entre as faixas;Colis�o lateral mesmo sentido;Com V�timas Fatais;Pleno dia;Decrescente;C�u Claro;Dupla;Curva;Sim;4;1;0;0;1;4;0;6;-23,657402;-46,850553;SPRF-SP;DEL04-SP;UOP01-DEL04-SP;;;
729827;05/11/2025;quarta-feira;14:02:00;GO;153;345,9;JARAGUA;Demais falhas mec�nicas ou el�tricas;Inc�ndio;Sem V�timas;Pleno dia;Decrescente;C�u Claro;Simples;Reta;N�o;1;0;0;0;1;0;0;1;-15,65005909;-49,36551863;SPRF-GO;DEL02-GO;UOP02-DEL02-GO;;;
729831;05/11/2025;quarta-feira;17:30:00;RJ;393;210;VASSOURAS;Aus�ncia de rea��o do condutor;Tombamento;Com V�timas Feridas;Pleno dia;Decrescente;C�u Claro;Simples;"Ponte;Curva";N�o;1;0;1;0;0;0;1;1;-22,291109;-43,483426;SPRF-RJ;DEL05-RJ;UOP03-DEL05-RJ;;;
729841;05/11/2025;quarta-feira;12:00:00;PA;230;836;URUARA;Condutor deixou de manter dist�ncia do ve�culo da frente;Colis�o traseira;Com V�timas Feridas;Pleno dia;Decrescente;Sol;Simples;Aclive;N�o;3;0;1;0;1;2;1;4;-3,70088;-53,63582;SPRF-PA;DEL04-PA;UOP01-DEL04-PA;;;
729854;05/11/2025;quarta-feira;17:30:00;RO;364;454,2;ARIQUEMES;Velocidade Incompat�vel;Tombamento;Com V�timas Feridas;Anoitecer;Decrescente;C�u Claro;Simples;Reta;N�o;1;0;1;0;0;0;1;1;-10,276498;-62,685153;SPRF-RO;DEL03-RO;UOP02-DEL03-RO;;;
729856;05/11/2025;quarta-feira;21:00:00;PR;277;58,8;SAO JOSE DOS PINHAIS;Pedestre andava na pista;Atropelamento de Pedestre;Com V�timas Fatais;Plena Noite;Crescente;Nevoeiro/Neblina;Dupla;"Reta;Aclive";N�o;2;1;0;0;0;1;0;2;-25,5576966;-49,02426839;SPRF-PR;DEL01-PR;UOP01-DEL01-PR;;;
729857;05/11/2025;quarta-feira;17:15:00;MG;365;536,9;ROMARIA;Chuva;Colis�o frontal;Com V�timas Feridas;Pleno dia;Decrescente;Chuva;Simples;"Declive;Curva";N�o;3;0;0;2;0;2;2;4;-18,9321;-47,54418;SPRF-MG;DEL10-MG;UOP01-DEL10-MG;;;
729860;05/11/2025;quarta-feira;07:17:00;PA;163;526;TRAIRAO;Acessar a via sem observar a presen�a dos outros ve�culos;Colis�o transversal;Com V�timas Fatais;Pleno dia;Crescente;C�u Claro;Simples;Reta;N�o;6;1;0;2;1;3;2;5;-5,316256;-55,941785;SPRF-PA;DEL05-PA;UOP03-DEL05-PA;;;
729866;05/11/2025;quarta-feira;22:10:00;MG;365;404;PATOS DE MINAS;Transitar na contram�o;Colis�o frontal;Com V�timas Feridas;Plena Noite;Decrescente;Chuva;M�ltipla;"Reta;Declive";Sim;2;0;1;0;1;0;1;2;-18,63486122;-46,46420127;SPRF-MG;DEL10-MG;UOP01-DEL10-MG;;;
729868;05/11/2025;quarta-feira;19:30:00;BA;242;756;CRISTOPOLIS;Rea��o tardia ou ineficiente do condutor;Tombamento;Com V�timas Feridas;Plena Noite;Decrescente;Nublado;Simples;"Reta;Declive";N�o;2;0;0;1;0;2;1;3;-12,21252241;-44,45720673;SPRF-BA;DEL10-BA;UOP01-DEL10-BA;;;
729869;05/11/2025;quarta-feira;22:00:00;MG;40;602,4;CONGONHAS;Condutor deixou de manter dist�ncia do ve�culo da frente;Colis�o lateral mesmo sentido;Com V�timas Feridas;Plena Noite;Crescente;C�u Claro;Simples;"Declive;Reta";Sim;4;0;1;1;1;1;2;2;-20,43978319;-43,84227097;SPRF-MG;DEL05-MG;UOP02-DEL05-MG;;;
729870;05/11/2025;quarta-feira;16:37:00;PA;163;105;ALTAMIRA;Declive acentuado;Tombamento;Com V�timas Feridas;Plena Noite;Crescente;C�u Claro;Simples;"Curva;Declive";N�o;2;0;1;0;0;3;1;4;-8,4334854;-54,5823526;SPRF-MT;DEL06-MT;UOP03-DEL06-MT;;;
729871;05/11/2025;quarta-feira;21:00:00;SP;116;29,5;CRUZEIRO;Rea��o tardia ou ineficiente do condutor;Colis�o traseira;Com V�timas Feridas;Plena Noite;Decrescente;C�u Claro;Dupla;"Curva;Declive";N�o;4;0;1;0;1;2;1;3;-22,62988512;-44,9253061;SPRF-SP;DEL08-SP;UOP02-DEL08-SP;;;
729875;06/11/2025;quinta-feira;00:21:00;SP;153;134;UBARANA;Aus�ncia de rea��o do condutor;Sa�da de leito carro��vel;Com V�timas Feridas;Plena Noite;Crescente;C�u Claro;Simples;Curva;N�o;1;0;1;0;0;0;1;1;-21,27567161;-49,77561593;SPRF-SP;DEL09-SP;UOP01-DEL09-SP;;;
729878;05/11/2025;quarta-feira;23:40:00;MG;116;618,5;MURIAE;Condutor Dormindo;Sa�da de leito carro��vel;Com V�timas Feridas;Plena Noite;Crescente;Chuva;Simples;"Curva;Declive";N�o;2;0;1;0;0;1;1;2;-21,23667693;-42,39486191;SPRF-MG;DEL07-MG;UOP02-DEL07-MG;;;
729879;05/11/2025;quarta-feira;23:20:00;SC;280;20,4;ARAQUARI;Defici�ncia do Sistema de Ilumina��o/Sinaliza��o;Colis�o traseira;Com V�timas Feridas;Plena Noite;Decrescente;Nublado;Simples;Reta;N�o;3;0;0;1;1;1;1;3;-26,370115;-48,686703;SPRF-SC;DEL03-SC;UOP03-DEL03-SC;;;
729882;06/11/2025;quinta-feira;02:00:00;MG;40;815,5;SIMAO PEREIRA;Condutor Dormindo;Tombamento;Com V�timas Feridas;Plena Noite;Crescente;C�u Claro;Dupla;Curva;N�o;1;0;1;0;0;0;1;1;-21,91997587;-43,32331896;SPRF-MG;DEL05-MG;UOP01-DEL05-MG;;;
729885;01/11/2025;s�bado;23:50:00;BA;116;761;POCOES;Aus�ncia de rea��o do condutor;Sa�da de leito carro��vel;Sem V�timas;Plena Noite;Decrescente;C�u Claro;Simples;Reta;N�o;2;0;0;0;1;1;0;1;-14,55355;-40,405957;SPRF-BA;DEL08-BA;UOP02-DEL08-BA;;;
729886;06/11/2025;quinta-feira;04:00:00;RJ;101;195;CASIMIRO DE ABREU;Aus�ncia de rea��o do condutor;Sa�da de leito carro��vel;Com V�timas Feridas;Plena Noite;Decrescente;Nublado;Dupla;Curva;N�o;1;0;1;0;0;0;1;1;-22,4925;-42,1003733;SPRF-RJ;DEL08-RJ;UOP04-DEL08-RJ;;;
729887;05/11/2025;quarta-feira;23:15:00;MG;251;448;GRAO MOGOL;Transitar na contram�o;Colis�o lateral sentido oposto;Com V�timas Feridas;Plena Noite;Decrescente;Garoa/Chuvisco;Simples;"Declive;Curva";N�o;4;0;2;0;1;1;2;3;-16,434343;-43,279793;SPRF-MG;DEL12-MG;UOP01-DEL12-MG;;;
729889;06/11/2025;quinta-feira;02:00:00;AL;101;41;FLEXEIRAS;Velocidade Incompat�vel;Tombamento;Com V�timas Feridas;Plena Noite;Decrescente;C�u Claro;Dupla;Curva;N�o;2;0;1;0;0;1;1;2;-9,17114711;-35,77457118;SPRF-AL;DEL01-AL;UOP02-DEL01-AL;;;
729890;06/11/2025;quinta-feira;05:00:00;PR;116;110;CURITIBA;Demais falhas mec�nicas ou el�tricas;Inc�ndio;Sem V�timas;Amanhecer;Crescente;C�u Claro;Dupla;Aclive;Sim;2;0;0;0;1;2;0;3;-25,56078084;-49,26326964;SPRF-PR;DEL01-PR;UOP03-DEL01-PR;;;
729895;05/11/2025;quarta-feira;16:00:00;MT;70;123,4;GENERAL CARNEIRO;Ingest�o de �lcool pelo condutor;Sa�da de leito carro��vel;Com V�timas Feridas;Pleno dia;Crescente;C�u Claro;Simples;Curva;N�o;2;0;1;0;0;2;1;3;-15,5987;-53,119075;SPRF-MT;DEL07-MT;UOP01-DEL07-MT;;;
729899;05/11/2025;quarta-feira;21:15:00;RJ;101;83;CAMPOS DOS GOYTACAZES;Aus�ncia de rea��o do condutor;Tombamento;Sem V�timas;Plena Noite;Decrescente;C�u Claro;Simples;Curva;N�o;2;0;0;0;1;1;0;2;-21,83578929;-41,42081821;SPRF-RJ;DEL08-RJ;UOP02-DEL08-RJ;;;
729900;06/11/2025;quinta-feira;07:15:00;AL;101;139;SAO MIGUEL DOS CAMPOS;Acessar a via sem observar a presen�a dos outros ve�culos;Colis�o transversal;Com V�timas Feridas;Pleno dia;Crescente;C�u Claro;Simples;"Interse��o de Vias;Reta;Rotat�ria";N�o;2;0;1;0;1;0;1;2;-9,80854876;-36,11637203;SPRF-AL;DEL02-AL;UOP01-DEL02-AL;;;
729904;06/11/2025;quinta-feira;07:03:00;CE;116;374;ICO;Desrespeitar a prefer�ncia no cruzamento;Colis�o transversal;Com V�timas Feridas;Pleno dia;Crescente;C�u Claro;Simples;Reta;Sim;2;0;1;0;0;1;1;2;-6,38654666;-38,81919734;SPRF-CE;DEL05-CE;UOP01-DEL05-CE;;;
729905;06/11/2025;quinta-feira;07:20:00;SP;116;347;MIRACATU;Velocidade Incompat�vel;Tombamento;Com V�timas Feridas;Pleno dia;Decrescente;Nublado;Dupla;Curva;N�o;2;0;1;0;0;1;1;2;-24,050523;-47,200482;SPRF-SP;DEL04-SP;UOP03-DEL04-SP;;;
729910;06/11/2025;quinta-feira;08:20:00;BA;116;836;VITORIA DA CONQUISTA;Rea��o tardia ou ineficiente do condutor;Colis�o com objeto;Sem V�timas;Pleno dia;Decrescente;C�u Claro;Simples;Reta;N�o;2;0;0;0;1;1;0;2;-14,957045;-40,903473;SPRF-BA;DEL08-BA;UOP01-DEL08-BA;;;