id;data_inversa;dia_semana;horario;uf;br;km;municipio;causa_acidente;tipo_acidente;classificacao_acidente;fase_dia;sentido_via;condicao_metereologica;tipo_pista;tracado_via;uso_solo;pessoas;mortos;feridos_leves;feridos_graves;ilesos;ignorados;feridos;veiculos;latitude;longitude;regional;delegacia;uop;;;
729913;06/11/2025;quinta-feira;08:00:00;RN;110;10,6;AREIA BRANCA;Aus�ncia de rea��o do condutor;Tombamento;Com V�timas Feridas;Pleno dia;Crescente;Sol;Simples;"Reta;Interse��o de Vias;Aclive";N�o;1;0;1;0;0;0;1;1;-4,997748;-37;SPRF-RN;DEL04-RN;UOP01-DEL04-RN;;;
729921;06/11/2025;quinta-feira;09:15:00;MG;459;89,9;CONGONHAL;Ingest�o de subst�ncias psicoativas pelo condutor;Colis�o traseira;Sem V�timas;Pleno dia;Crescente;C�u Claro;Simples;Reta;N�o;2;0;0;0;1;1;0;2;-22,149081;-46,020386;SPRF-MG;DEL09-MG;UOP01-DEL09-MG;;;
729922;06/11/2025;quinta-feira;06:30:00;PR;277;314;GUARAPUAVA;Demais falhas mec�nicas ou el�tricas;Inc�ndio;Sem V�timas;Amanhecer;Decrescente;Nublado;Simples;Reta;N�o;2;0;0;0;1;3;0;4;-25,31128714;-51,2060523;SPRF-PR;DEL08-PR;UOP01-DEL08-PR;;;
729931;06/11/2025;quinta-feira;06:50:00;GO;40;155;CRISTALINA;Rea��o tardia ou ineficiente do condutor;Colis�o frontal;Com V�timas Feridas;Pleno dia;Crescente;C�u Claro;Simples;"Aclive;Curva";N�o;4;0;0;1;2;4;1;6;-17,032237;-47,175087;SPRF-DF;DEL01-DF;UOP02-DEL01-DF;;;
729934;06/11/2025;quinta-feira;09:00:00;SP;116;52,5;LORENA;Velocidade Incompat�vel;Colis�o traseira;Com V�timas Feridas;Pleno dia;Crescente;Nublado;Dupla;Reta;Sim;3;0;1;0;1;1;1;3;-22,74966508;-45,10373688;SPRF-SP;DEL08-SP;UOP02-DEL08-SP;;;
729935;03/11/2025;segunda-feira;06:15:00;RJ;40;94;DUQUE DE CAXIAS;Demais falhas mec�nicas ou el�tricas;Tombamento;Com V�timas Feridas;Pleno dia;Crescente;Nevoeiro/Neblina;Simples;Curva;Sim;2;0;2;0;0;0;2;1;-22,56483702;-43,2696065;SPRF-RJ;DEL01-RJ;UOP01-DEL01-RJ;;;
729936;06/11/2025;quinta-feira;11:03:00;MG;381;483,8;BETIM;Velocidade Incompat�vel;Colis�o lateral mesmo sentido;Com V�timas Feridas;Pleno dia;Crescente;C�u Claro;M�ltipla;"Declive;Reta";Sim;3;0;1;0;1;1;1;3;-19,95950211;-44,08633607;SPRF-MG;DEL01-MG;UOP03-DEL01-MG;;;
729939;06/11/2025;quinta-feira;10:30:00;MG;381;393;BOM JESUS DO AMPARO;Aus�ncia de rea��o do condutor;Colis�o com objeto;Com V�timas Feridas;Pleno dia;Crescente;C�u Claro;Dupla;"Aclive;Curva;Viaduto";Sim;4;0;0;2;1;1;2;3;-19,76731945;-43,45430732;SPRF-MG;DEL01-MG;UOP01-DEL01-MG;;;
729940;17/10/2025;sexta-feira;23:35:00;MG;40;606,5;CONGONHAS;Acessar a via sem observar a presen�a dos outros ve�culos;Colis�o transversal;Com V�timas Feridas;Plena Noite;Decrescente;Ignorado;Simples;"Retorno Regulamentado;Reta";Sim;3;0;1;0;1;1;1;3;-20,47620005;-43,84260535;SPRF-MG;DEL05-MG;UOP02-DEL05-MG;;;
729942;06/11/2025;quinta-feira;11:05:00;SP;116;229;SAO PAULO;Manobra de mudan�a de faixa;Colis�o lateral mesmo sentido;Sem V�timas;Pleno dia;Crescente;Nublado;M�ltipla;Reta;Sim;3;0;0;0;2;1;0;3;-23,508784;-46,572651;SPRF-SP;DEL01-SP;UOP01-DEL01-SP;;;
729947;06/11/2025;quinta-feira;09:00:00;PR;116;40;CAMPINA GRANDE DO SUL;Frear bruscamente;Colis�o com objeto;Com V�timas Feridas;Pleno dia;Crescente;Garoa/Chuvisco;Dupla;"Declive;Reta";N�o;2;0;1;1;0;0;2;1;-25,166712;-48,864562;SPRF-PR;DEL01-PR;UOP02-DEL01-PR;;;
729948;06/11/2025;quinta-feira;11:25:00;SC;101;114;ITAJAI;Ingest�o de �lcool pelo condutor;Colis�o traseira;Sem V�timas;Pleno dia;Crescente;C�u Claro;M�ltipla;Reta;Sim;3;0;0;0;2;1;0;3;-26,85039065;-48,72578907;SPRF-SC;DEL04-SC;UOP04-DEL04-SC;;;
729949;06/11/2025;quinta-feira;09:30:00;TO;153;621;ALIANCA DO TOCANTINS;Rea��o tardia ou ineficiente do condutor;Colis�o traseira;Com V�timas Feridas;Pleno dia;Crescente;Nublado;Simples;Reta;N�o;3;0;1;0;1;3;1;5;-11,27794824;-48,936917;SPRF-TO;DEL01-TO;UOP02-DEL01-TO;;;
729950;06/11/2025;quinta-feira;10:00:00;PE;101;122;ESCADA;Rea��o tardia ou ineficiente do condutor;Sa�da de leito carro��vel;Com V�timas Fatais;Pleno dia;Decrescente;Nublado;Dupla;"Curva;Declive";N�o;2;1;0;0;0;1;0;2;-8,35935;-35,19428;SPRF-PE;DEL01-PE;UOP03-DEL01-PE;;;
729953;06/11/2025;quinta-feira;12:40:00;PE;101;66;RECIFE;Rea��o tardia ou ineficiente do condutor;Colis�o transversal;Com V�timas Feridas;Pleno dia;Crescente;Sol;Dupla;Reta;N�o;3;0;0;1;1;1;1;3;-8,03587;-34,94173;SPRF-PE;DEL01-PE;UOP01-DEL01-PE;;;
729956;06/11/2025;quinta-feira;13:30:00;MG;381;481;CONTAGEM;Trafegar com motocicleta (ou similar) entre as faixas;Colis�o lateral mesmo sentido;Com V�timas Feridas;Pleno dia;Crescente;C�u Claro;M�ltipla;"Reta;Aclive";Sim;3;0;1;0;1;1;1;3;-19,958489;-44,0607908;SPRF-MG;DEL01-MG;UOP03-DEL01-MG;;;
729957;06/11/2025;quinta-feira;12:20:00;RS;285;174;MUITOS CAPOES;Rea��o tardia ou ineficiente do condutor;Tombamento;Com V�timas Feridas;Pleno dia;Decrescente;C�u Claro;Simples;Curva;N�o;2;0;1;0;0;1;1;2;-28,31627;-51,357824;SPRF-RS;DEL08-RS;UOP05-DEL08-RS;;;
729958;06/11/2025;quinta-feira;13:50:00;SP;381;51;ATIBAIA;Aus�ncia de rea��o do condutor;Colis�o traseira;Com V�timas Feridas;Pleno dia;Decrescente;C�u Claro;M�ltipla;Reta;N�o;4;0;1;0;3;0;1;4;-23,21277924;-46,59276799;SPRF-SP;DEL03-SP;UOP01-DEL03-SP;;;
729960;06/11/2025;quinta-feira;12:00:00;GO;50;240;CATALAO;Condutor Dormindo;Sa�da de leito carro��vel;Com V�timas Feridas;Pleno dia;Decrescente;C�u Claro;Dupla;"Declive;Reta";N�o;2;0;0;1;0;2;1;3;-17,86095834;-47,78264936;SPRF-GO;DEL06-GO;UOP01-DEL06-GO;;;
729964;06/11/2025;quinta-feira;11:35:00;PR;376;0,3;MARINGA;Velocidade Incompat�vel;Tombamento;Com V�timas Feridas;Pleno dia;Crescente;C�u Claro;Dupla;Curva;N�o;3;0;2;0;0;3;2;4;-23,41;-51,987;SPRF-PR;DEL09-PR;UOP01-DEL09-PR;;;
729966;19/08/2025;ter�a-feira;05:30:00;MT;70;392;CAMPO VERDE;Ultrapassagem Indevida;Colis�o frontal;Com V�timas Feridas;Amanhecer;Decrescente;C�u Claro;Simples;Reta;N�o;2;0;0;1;0;1;1;2;-15,673054;-55,25770962;SPRF-MT;DEL05-MT;UOP02-DEL05-MT;;;
729969;06/11/2025;quinta-feira;12:30:00;MT;163;770;SORRISO;Ultrapassagem Indevida;Colis�o lateral sentido oposto;Sem V�timas;Pleno dia;Decrescente;C�u Claro;Simples;Reta;N�o;3;0;0;0;1;2;0;3;-12,417;-55,6354;SPRF-MT;DEL06-MT;UOP01-DEL06-MT;;;
729971;20/09/2025;s�bado;15:50:00;MG;267;203,4;BOM JARDIM DE MINAS;Velocidade Incompat�vel;Tombamento;Com V�timas Feridas;Pleno dia;Decrescente;C�u Claro;Simples;"Declive;Curva";N�o;2;0;1;0;0;1;1;2;-21,931938;-44,110541;SPRF-MG;DEL05-MG;UOP01-DEL05-MG;;;
729973;06/11/2025;quinta-feira;14:00:00;PR;376;308,8;MAUA DA SERRA;Demais falhas mec�nicas ou el�tricas;Inc�ndio;Sem V�timas;Pleno dia;Decrescente;C�u Claro;Dupla;Reta;N�o;2;0;0;0;1;2;0;3;-23,97458;-51,103119;SPRF-PR;DEL07-PR;UOP02-DEL07-PR;;;
729983;06/11/2025;quinta-feira;14:35:00;PR;476;201;LAPA;Acessar a via sem observar a presen�a dos outros ve�culos;Colis�o lateral mesmo sentido;Com V�timas Feridas;Pleno dia;Crescente;C�u Claro;Simples;"Reta;Aclive";N�o;3;0;1;0;1;2;1;4;-25,776178;-49,772482;SPRF-PR;DEL01-PR;UOP06-DEL01-PR;;;
729984;09/10/2025;quinta-feira;08:30:00;SC;101;203,5;SAO JOSE;Trafegar com motocicleta (ou similar) entre as faixas;Tombamento;Com V�timas Feridas;Pleno dia;Crescente;Chuva;M�ltipla;Reta;Sim;2;0;0;1;0;1;1;2;-27,56925;-48,61385;SPRF-SC;DEL01-SC;UOP01-DEL01-SC;;;
729985;06/11/2025;quinta-feira;16:05:00;SC;101;215,5;PALHOCA;Condutor deixou de manter dist�ncia do ve�culo da frente;Colis�o lateral mesmo sentido;Com V�timas Feridas;Pleno dia;Crescente;C�u Claro;Dupla;Rotat�ria;Sim;3;0;0;1;2;0;1;2;-27,65582;-48,67889;SPRF-SC;DEL01-SC;UOP02-DEL01-SC;;;
729989;06/11/2025;quinta-feira;15:00:00;MT;174;222;PORTO ESPERIDIAO;Objeto est�tico sobre o leito carro��vel;Colis�o com objeto;Com V�timas Feridas;Pleno dia;Crescente;Nublado;Simples;Reta;N�o;1;0;1;0;0;0;1;1;-15,600224;-58,857593;SPRF-MT;DEL04-MT;UOP01-DEL04-MT;;;
729990;06/11/2025;quinta-feira;17:10:00;GO;60;101;ANAPOLIS;Acessar a via sem observar a presen�a dos outros ve�culos;Colis�o lateral mesmo sentido;Com V�timas Feridas;Pleno dia;Crescente;C�u Claro;Dupla;Reta;Sim;4;0;0;1;3;0;1;2;-16,4034876;-48,9786192;SPRF-GO;DEL02-GO;UOP01-DEL02-GO;;;
729998;06/11/2025;quinta-feira;09:55:00;BA;242;365;LENCOIS;Velocidade Incompat�vel;Tombamento;Sem V�timas;Pleno dia;Decrescente;Chuva;Simples;Curva;N�o;4;0;0;0;3;1;0;4;-12,46201;-41,42088;SPRF-BA;DEL06-BA;UOP01-DEL06-BA;;;
730001;06/11/2025;quinta-feira;15:00:00;SC;101;89;BARRA VELHA;Acessar a via sem observar a presen�a dos outros ve�culos;Colis�o lateral mesmo sentido;Com V�timas Feridas;Pleno dia;Crescente;Nublado;M�ltipla;Reta;Sim;4;0;0;2;2;0;2;3;-26,65412738;-48,6877105;SPRF-SC;DEL03-SC;UOP02-DEL03-SC;;;
730002;06/11/2025;quinta-feira;13:50:00;SC;101;74,5;ARAQUARI;Manobra de mudan�a de faixa;Colis�o lateral mesmo sentido;Com V�timas Feridas;Pleno dia;Crescente;C�u Claro;Dupla;"Aclive;Reta";N�o;3;0;1;0;1;3;1;5;-26,54678095;-48,71412134;SPRF-SC;DEL03-SC;UOP02-DEL03-SC;;;
730003;06/11/2025;quinta-feira;15:20:00;RJ;40;104;DUQUE DE CAXIAS;Rea��o tardia ou ineficiente do condutor;Colis�o transversal;Sem V�timas;Pleno dia;Decrescente;C�u Claro;Simples;Reta;Sim;3;0;0;0;2;1;0;3;-22,638753;-43,283443;SPRF-RJ;DEL01-RJ;UOP02-DEL01-RJ;;;
730005;06/11/2025;quinta-feira;18:30:00;AL;101;201,7;SAO SEBASTIAO;Acessar a via sem observar a presen�a dos outros ve�culos;Colis�o transversal;Sem V�timas;Plena Noite;Crescente;C�u Claro;Dupla;Reta;Sim;2;0;0;0;1;1;0;2;-9,9602873;-36,5468748;SPRF-AL;DEL02-AL;UOP02-DEL02-AL;;;
730009;06/11/2025;quinta-feira;11:25:00;PA;163;552;TRAIRAO;Demais falhas mec�nicas ou el�tricas;Inc�ndio;Sem V�timas;Pleno dia;Crescente;Nublado;Simples;"Reta;Aclive";N�o;2;0;0;0;1;3;0;4;-5,17056;-56,070048;SPRF-PA;DEL05-PA;UOP03-DEL05-PA;;;
730012;06/11/2025;quinta-feira;19:22:00;MG;381;480,5;CONTAGEM;Trafegar com motocicleta (ou similar) entre as faixas;Colis�o traseira;Com V�timas Feridas;Plena Noite;Crescente;C�u Claro;Dupla;Reta;Sim;4;0;1;0;2;1;1;4;-19,958936;-44,064759;SPRF-MG;DEL01-MG;UOP03-DEL01-MG;;;
730013;06/11/2025;quinta-feira;19:40:00;MG;40;502,5;RIBEIRAO DAS NEVES;Ilumina��o deficiente;Colis�o lateral mesmo sentido;Com V�timas Feridas;Pleno dia;Crescente;C�u Claro;Dupla;Reta;Sim;4;0;2;0;1;1;2;3;-19,750195;-44,147324;SPRF-MG;DEL02-MG;UOP01-DEL02-MG;;;
730017;06/11/2025;quinta-feira;17:10:00;MG;381;832,9;POUSO ALEGRE;Aus�ncia de rea��o do condutor;Engavetamento;Com V�timas Fatais;Pleno dia;Decrescente;Sol;Dupla;Curva;N�o;4;1;1;0;1;1;1;4;-22,340655;-45,925726;SPRF-MG;DEL16-MG;UOP01-DEL16-MG;;;
730019;06/11/2025;quinta-feira;19:50:00;MT;70;523;VARZEA GRANDE;Aus�ncia de rea��o do condutor;Colis�o transversal;Com V�timas Feridas;Plena Noite;Decrescente;Nublado;Simples;"Reta;Interse��o de Vias";Sim;3;0;1;0;1;1;1;3;-15,655872;-56,19028;SPRF-MT;DEL01-MT;UOP02-DEL01-MT;;;
730022;06/11/2025;quinta-feira;15:30:00;GO;80;110;VILA PROPICIO;Acessar a via sem observar a presen�a dos outros ve�culos;Colis�o transversal;Com V�timas Feridas;Pleno dia;Crescente;C�u Claro;Simples;Reta;N�o;3;0;0;1;1;3;1;5;-15,13810494;-48,82513046;SPRF-GO;DEL07-GO;UOP02-DEL07-GO;;;
730026;06/11/2025;quinta-feira;19:50:00;PE;423;106;CAETES;Rea��o tardia ou ineficiente do condutor;Colis�o traseira;Com V�timas Feridas;Plena Noite;Decrescente;C�u Claro;Simples;Aclive;N�o;3;0;2;0;1;0;2;2;-8,88206;-36,57587;SPRF-PE;DEL03-PE;UOP01-DEL03-PE;;;
730032;06/11/2025;quinta-feira;20:00:00;SP;116;124;CACAPAVA;Acessar a via sem observar a presen�a dos outros ve�culos;Atropelamento de Pedestre;Com V�timas Feridas;Plena Noite;Crescente;Nublado;Dupla;Reta;N�o;2;0;1;0;0;1;1;2;-23,09141746;-45,67703247;SPRF-SP;DEL02-SP;UOP02-DEL02-SP;;;
730037;06/11/2025;quinta-feira;21:53:00;PB;101;15;MAMANGUAPE;Velocidade Incompat�vel;Colis�o traseira;Com V�timas Feridas;Plena Noite;Crescente;C�u Claro;Simples;Reta;N�o;3;0;1;0;1;2;1;4;-6,62853;-35,12672;SPRF-PB;DEL01-PB;UOP03-DEL01-PB;;;
730049;06/11/2025;quinta-feira;23:07:00;SP;116;35,2;CACHOEIRA PAULISTA;Aus�ncia de rea��o do condutor;Colis�o traseira;Com V�timas Feridas;Plena Noite;Crescente;C�u Claro;Dupla;"Declive;Reta";N�o;2;0;1;0;1;0;1;2;-22,659108;-44,9683;SPRF-SP;DEL08-SP;UOP02-DEL08-SP;;;
730051;07/11/2025;sexta-feira;00:25:00;PR;277;4;PARANAGUA;Condutor deixou de manter dist�ncia do ve�culo da frente;Colis�o traseira;Com V�timas Feridas;Plena Noite;Crescente;Nublado;Simples;"Viaduto;Reta";Sim;3;0;2;0;0;1;2;2;-25,554203;-48,562276;SPRF-PR;DEL01-PR;UOP05-DEL01-PR;;;
730055;07/11/2025;sexta-feira;00:40:00;MG;116;717,5;MURIAE;Ingest�o de �lcool pelo condutor;Colis�o lateral sentido oposto;Com V�timas Feridas;Plena Noite;Decrescente;C�u Claro;Simples;"Declive;Curva";N�o;3;0;1;0;2;0;1;2;-21,226973;-42,39453;SPRF-MG;DEL07-MG;UOP02-DEL07-MG;;;
730058;06/11/2025;quinta-feira;23:30:00;PR;376;417,5;TIBAGI;Problema com o freio;Inc�ndio;Sem V�timas;Plena Noite;Crescente;C�u Claro;Dupla;Reta;N�o;2;0;0;0;1;1;0;2;-24,69973081;-50,57781156;SPRF-PR;DEL03-PR;UOP02-DEL03-PR;;;
730059;07/11/2025;sexta-feira;02:00:00;TO;153;137;ARAGUAINA;Demais falhas mec�nicas ou el�tricas;Inc�ndio;Sem V�timas;Plena Noite;Crescente;Nublado;Dupla;Reta;Sim;2;0;0;0;1;3;0;4;-7,153798;-48,204077;SPRF-TO;DEL02-TO;UOP01-DEL02-TO;;;
730064;07/11/2025;sexta-feira;02:15:00;MG;381;603,4;OLIVEIRA;Rea��o tardia ou ineficiente do condutor;Colis�o traseira;Com V�timas Feridas;Plena Noite;Crescente;Nublado;Dupla;"Reta;Declive";N�o;4;0;1;0;2;2;1;4;-20,620704;-44,734052;SPRF-MG;DEL04-MG;UOP01-DEL04-MG;;;
730067;07/11/2025;sexta-feira;04:15:00;PR;277;180,6;PALMEIRA;Condutor Dormindo;Sa�da de leito carro��vel;Com V�timas Feridas;Plena Noite;Decrescente;Nublado;Simples;Curva;N�o;2;0;1;0;0;1;1;2;-25,43048543;-50,03826141;SPRF-PR;DEL08-PR;UOP02-DEL08-PR;;;
730069;06/11/2025;quinta-feira;23:45:00;SC;282;405;JOACABA;Transitar no Acostamento;Colis�o frontal;Com V�timas Fatais;Plena Noite;Decrescente;Nublado;Simples;"Reta;Declive";N�o;4;1;0;0;1;3;0;5;-27,101634;-51,646609;SPRF-SC;DEL07-SC;UOP05-DEL07-SC;;;
730071;07/11/2025;sexta-feira;05:50:00;SP;116;340;MIRACATU;Rea��o tardia ou ineficiente do condutor;Colis�o traseira;Com V�timas Feridas;Pleno dia;Decrescente;C�u Claro;Dupla;Reta;N�o;3;0;1;0;1;1;1;3;-24,01001958;-47,16282284;SPRF-SP;DEL04-SP;UOP03-DEL04-SP;;;
730076;07/11/2025;sexta-feira;07:30:00;BA;135;172;BARREIRAS;Manobra de mudan�a de faixa;Colis�o frontal;Com V�timas Feridas;Pleno dia;Crescente;C�u Claro;Simples;Reta;N�o;2;0;1;0;1;0;1;2;-12,11063;-44,98563;SPRF-BA;DEL10-BA;UOP01-DEL10-BA;;;
730077;07/11/2025;sexta-feira;06:50:00;SC;101;119;ITAJAI;Manobra de mudan�a de faixa;Colis�o traseira;Com V�timas Feridas;Pleno dia;Crescente;Chuva;M�ltipla;Reta;Sim;2;0;1;0;1;0;1;2;-26,91130278;-48,71286392;SPRF-SC;DEL04-SC;UOP04-DEL04-SC;;;
730078;07/11/2025;sexta-feira;07:30:00;RS;290;36;SANTO ANTONIO DA PATRULHA;Condutor Dormindo;Colis�o traseira;Com V�timas Feridas;Pleno dia;Decrescente;Nublado;Dupla;Reta;N�o;2;0;1;0;1;0;1;2;-29,8849;-50,61789;SPRF-RS;DEL03-RS;UOP01-DEL03-RS;;;
730082;07/11/2025;sexta-feira;06:50:00;SP;116;72,2;APARECIDA;Condutor Dormindo;Colis�o lateral mesmo sentido;Com V�timas Feridas;Amanhecer;Decrescente;Nublado;Dupla;"Declive;Curva";N�o;3;0;1;0;2;0;1;3;-22,8593988;-45,2353406;SPRF-SP;DEL08-SP;UOP01-DEL08-SP;;;
730083;07/11/2025;sexta-feira;05:00:00;PA;163;108;ALTAMIRA;Frear bruscamente;Inc�ndio;Sem V�timas;Amanhecer;Crescente;C�u Claro;Simples;Reta;N�o;2;0;0;0;1;2;0;3;-8,7107281;-54,9950754;SPRF-MT;DEL06-MT;UOP03-DEL06-MT;;;
730085;07/11/2025;sexta-feira;06:50:00;MT;70;690;CACERES;Demais falhas mec�nicas ou el�tricas;Capotamento;Com V�timas Feridas;Pleno dia;Crescente;Sol;Simples;Reta;N�o;4;0;0;2;1;3;2;5;-16,253692;-57,461103;SPRF-MT;DEL03-MT;UOP01-DEL03-MT;;;
730102;25/09/2025;quinta-feira;07:05:00;SC;282;487;FAXINAL DOS GUEDES;Manobra de mudan�a de faixa;Colis�o lateral sentido oposto;Com V�timas Feridas;Pleno dia;Decrescente;C�u Claro;Simples;Curva;N�o;6;0;2;0;4;0;2;3;-26,855325;-52,2504361;SPRF-SC;DEL07-SC;UOP01-DEL07-SC;;;
730104;07/11/2025;sexta-feira;06:40:00;MG;365;423;PATOS DE MINAS;Mal s�bito do condutor;Sa�da de leito carro��vel;Com V�timas Feridas;Pleno dia;Decrescente;C�u Claro;Simples;Reta;N�o;2;0;1;0;0;1;1;2;-18,70078559;-46,60188434;SPRF-MG;DEL10-MG;UOP01-DEL10-MG;;;
730106;17/10/2025;sexta-feira;15:50:00;SC;101;201;SAO JOSE;Condutor deixou de manter dist�ncia do ve�culo da frente;Engavetamento;Com V�timas Feridas;Pleno dia;Decrescente;Nublado;Dupla;Reta;Sim;4;0;1;0;2;1;1;4;-27,55222;-48,61967;SPRF-SC;DEL01-SC;UOP01-DEL01-SC;;;
730109;07/11/2025;sexta-feira;08:32:00;ES;101;139,4;LINHARES;Desrespeitar a prefer�ncia no cruzamento;Colis�o transversal;Com V�timas Feridas;Pleno dia;Crescente;Nublado;Simples;Interse��o de Vias;N�o;2;0;1;0;1;0;1;2;-19,31306379;-40,07849389;SPRF-ES;DEL04-ES;UOP01-DEL04-ES;;;
730114;07/11/2025;sexta-feira;09:07:00;SP;116;300;SAO LOURENCO DA SERRA;Rea��o tardia ou ineficiente do condutor;Queda de ocupante de ve�culo;Com V�timas Feridas;Pleno dia;Decrescente;Nublado;Dupla;"Aclive;Reta";N�o;3;0;1;0;1;1;1;3;-23,803;-46,919;SPRF-SP;DEL04-SP;UOP01-DEL04-SP;;;
730115;07/11/2025;sexta-feira;07:06:00;PA;163;503;ITAITUBA;Aus�ncia de rea��o do condutor;Tombamento;Com V�timas Feridas;Pleno dia;Decrescente;C�u Claro;Simples;Curva;N�o;2;0;1;0;0;1;1;2;-5,4776;-55,8449;SPRF-PA;DEL05-PA;UOP03-DEL05-PA;;;
730124;07/11/2025;sexta-feira;10:00:00;BA;101;808;ITAMARAJU;Condutor deixou de manter dist�ncia do ve�culo da frente;Colis�o traseira;Com V�timas Feridas;Pleno dia;Crescente;C�u Claro;Simples;Reta;Sim;4;0;2;0;2;0;2;3;-17,024273;-39,540427;SPRF-BA;DEL09-BA;UOP01-DEL09-BA;;;
730128;07/11/2025;sexta-feira;10:00:00;SC;101;137;BALNEARIO CAMBORIU;Rea��o tardia ou ineficiente do condutor;Colis�o traseira;Sem V�timas;Pleno dia;Decrescente;Nublado;Dupla;Reta;Sim;2;0;0;0;2;0;0;2;-27,018053;-48,610484;SPRF-SC;DEL04-SC;UOP03-DEL04-SC;;;
730133;07/11/2025;sexta-feira;10:50:00;RS;386;138,6;SARANDI;Acumulo de �gua sobre o pavimento;Sa�da de leito carro��vel;Com V�timas Feridas;Pleno dia;Decrescente;Chuva;Simples;"Curva;Declive";Sim;5;0;2;0;3;0;2;1;-27,98332115;-52,90252654;SPRF-RS;DEL08-RS;UOP01-DEL08-RS;;;
730134;07/11/2025;sexta-feira;09:58:00;GO;364;198;JATAI;Acessar a via sem observar a presen�a dos outros ve�culos;Colis�o transversal;Com V�timas Feridas;Pleno dia;Crescente;Sol;Dupla;"Em Obras;Aclive;Curva;Retorno Regulamentado";N�o;3;0;2;0;0;4;2;6;-17,92037613;-51,73705576;SPRF-GO;DEL05-GO;UOP01-DEL05-GO;;;
730135;07/11/2025;sexta-feira;10:55:00;SC;101;207,4;SAO JOSE;Rea��o tardia ou ineficiente do condutor;Sa�da de leito carro��vel;Com V�timas Feridas;Pleno dia;Decrescente;Garoa/Chuvisco;M�ltipla;"Declive;Reta";Sim;2;0;1;0;0;1;1;2;-27,601823;-48,626635;SPRF-SC;DEL01-SC;UOP01-DEL01-SC;;;
730136;07/11/2025;sexta-feira;11:55:00;SP;381;89;GUARULHOS;Aus�ncia de rea��o do condutor;Colis�o traseira;Com V�timas Feridas;Pleno dia;Crescente;Sol;Dupla;Reta;Sim;2;0;1;0;1;0;1;2;-23,4961683;-46,55972346;SPRF-SP;DEL03-SP;UOP01-DEL03-SP;;;
730141;07/11/2025;sexta-feira;11:30:00;RS;153;511;CACAPAVA DO SUL;Desrespeitar a prefer�ncia no cruzamento;Colis�o transversal;Com V�timas Feridas;Pleno dia;Decrescente;Chuva;Simples;"Interse��o de Vias;Viaduto;Rotat�ria;Ponte";N�o;4;0;0;1;2;1;1;3;-30,58455978;-53,39399457;SPRF-RS;DEL09-RS;UOP02-DEL09-RS;;;
730143;07/11/2025;sexta-feira;11:50:00;RO;364;717;PORTO VELHO;Demais falhas mec�nicas ou el�tricas;Derramamento de carga;Sem V�timas;Pleno dia;Decrescente;C�u Claro;Dupla;Reta;N�o;2;0;0;0;2;0;0;2;-8,80642426;-63,91573012;SPRF-RO;DEL01-RO;UOP01-DEL01-RO;;;
730144;07/11/2025;sexta-feira;07:40:00;SC;280;29,1;ARAQUARI;Mal s�bito do condutor;Colis�o traseira;Com V�timas Feridas;Pleno dia;Decrescente;C�u Claro;Simples;Reta;N�o;3;0;2;0;1;0;2;2;-26,411034;-48,753244;SPRF-SC;DEL03-SC;UOP03-DEL03-SC;;;
730145;07/11/2025;sexta-feira;12:20:00;SC;101;211;PALHOCA;Rea��o tardia ou ineficiente do condutor;Colis�o traseira;Com V�timas Feridas;Pleno dia;Decrescente;Garoa/Chuvisco;Simples;Reta;Sim;2;0;0;1;1;0;1;2;-27,6247601;-48,65346909;SPRF-SC;DEL01-SC;UOP02-DEL01-SC;;;
730146;07/11/2025;sexta-feira;13:10:00;SE;101;127;ITAPORANGA DAJUDA;Rea��o tardia ou ineficiente do condutor;Tombamento;Com V�timas Feridas;Pleno dia;Crescente;C�u Claro;Dupla;Reta;N�o;2;0;1;0;1;0;1;1;-11,078839;-37,366329;SPRF-SE;DEL02-SE;UOP01-DEL02-SE;;;
730149;07/11/2025;sexta-feira;11:15:00;CE;304;47,7;ARACATI;Manobra de mudan�a de faixa;Colis�o lateral mesmo sentido;Com V�timas Feridas;Pleno dia;Decrescente;C�u Claro;Dupla;Reta;Sim;3;0;1;0;1;1;1;3;-4,5726798;-37,74039142;SPRF-CE;DEL03-CE;UOP02-DEL03-CE;;;
730150;07/11/2025;sexta-feira;13:15:00;SC;282;1;FLORIANOPOLIS;Rea��o tardia ou ineficiente do condutor;Colis�o traseira;Com V�timas Feridas;Pleno dia;Decrescente;Chuva;M�ltipla;Reta;Sim;3;0;0;1;0;2;1;3;-27,602898;-48,580482;SPRF-SC;DEL01-SC;UOP01-DEL01-SC;;;
730158;07/11/2025;sexta-feira;12:40:00;ES;101;176,8;ARACRUZ;Acessar a via sem observar a presen�a dos outros ve�culos;Colis�o transversal;Com V�timas Feridas;Pleno dia;Crescente;Nublado;Simples;Reta;N�o;2;0;0;1;1;0;1;2;-19,60160532;-40,20271924;SPRF-ES;DEL04-ES;UOP01-DEL04-ES;;;
730161;30/10/2025;quinta-feira;23:10:00;RS;386;42;FREDERICO WESTPHALEN;Rea��o tardia ou ineficiente do condutor;Colis�o traseira;Sem V�timas;Plena Noite;Crescente;C�u Claro;Simples;"Reta;Interse��o de Vias";Sim;4;0;0;0;3;1;0;3;-27,4214524;-53,42102051;SPRF-RS;DEL08-RS;UOP02-DEL08-RS;;;
730169;07/11/2025;sexta-feira;11:24:00;SC;470;173,5;POUSO REDONDO;Rea��o tardia ou ineficiente do condutor;Sa�da de leito carro��vel;Com V�timas Feridas;Pleno dia;Crescente;Garoa/Chuvisco;Simples;"Reta;Declive";Sim;3;0;1;0;1;1;1;3;-27,25876;-49,92408;SPRF-SC;DEL04-SC;UOP02-DEL04-SC;;;