id;data_inversa;dia_semana;horario;uf;br;km;municipio;causa_acidente;tipo_acidente;classificacao_acidente;fase_dia;sentido_via;condicao_metereologica;tipo_pista;tracado_via;uso_solo;pessoas;mortos;feridos_leves;feridos_graves;ilesos;ignorados;feridos;veiculos;latitude;longitude;regional;delegacia;uop;;;
730170;07/11/2025;sexta-feira;11:45:00;MT;163;650;LUCAS DO RIO VERDE;Aus�ncia de rea��o do condutor;Colis�o lateral mesmo sentido;Com V�timas Feridas;Pleno dia;Crescente;C�u Claro;Simples;Reta;N�o;7;0;1;0;5;4;1;10;-13,374705;-56,079996;SPRF-MT;DEL06-MT;UOP01-DEL06-MT;;;
730178;23/10/2025;quinta-feira;08:55:00;SC;282;535;CHAPECO;Desrespeitar a prefer�ncia no cruzamento;Colis�o transversal;Sem V�timas;Pleno dia;Decrescente;C�u Claro;Dupla;"Reta;Interse��o de Vias";Sim;5;0;0;0;5;0;0;2;-26,99957272;-52,64601994;SPRF-SC;DEL07-SC;UOP01-DEL07-SC;;;
730179;07/11/2025;sexta-feira;15:40:00;RS;293;172;HULHA NEGRA;Demais falhas mec�nicas ou el�tricas;Sa�da de leito carro��vel;Sem V�timas;Pleno dia;Crescente;Chuva;Simples;Reta;N�o;2;0;0;0;2;0;0;1;-31,33008232;-53,97762749;SPRF-RS;DEL11-RS;UOP03-DEL11-RS;;;
730185;07/11/2025;sexta-feira;14:10:00;MT;163;774;SORRISO;Aus�ncia de rea��o do condutor;Colis�o frontal;Com V�timas Fatais;Pleno dia;Decrescente;C�u Claro;Simples;"Reta;Em Obras";N�o;3;1;0;0;2;0;0;2;-12,39625759;-55,61997056;SPRF-MT;DEL06-MT;UOP02-DEL06-MT;;;
730186;07/11/2025;sexta-feira;15:59:00;SP;116;284;EMBU DAS ARTES;Manobra de mudan�a de faixa;Colis�o lateral mesmo sentido;Com V�timas Feridas;Pleno dia;Crescente;C�u Claro;Dupla;Reta;Sim;4;0;1;0;2;1;1;3;-23,64872321;-46,84390604;SPRF-SP;DEL04-SP;UOP01-DEL04-SP;;;
730188;07/11/2025;sexta-feira;15:40:00;SC;101;424,9;ARARANGUA;Chuva;Colis�o traseira;Com V�timas Feridas;Pleno dia;Crescente;Chuva;M�ltipla;"Aclive;Reta";N�o;7;0;1;2;3;1;3;6;-29,0244169;-49,5976535;SPRF-SC;DEL02-SC;UOP02-DEL02-SC;;;
730190;07/11/2025;sexta-feira;15:40:00;SC;101;258,2;PAULO LOPES;Aus�ncia de rea��o do condutor;Colis�o traseira;Com V�timas Feridas;Pleno dia;Crescente;Chuva;Dupla;"T�nel;Aclive;Reta";N�o;3;0;1;0;1;3;1;5;-28,00612896;-48,69498968;SPRF-SC;DEL02-SC;UOP03-DEL02-SC;;;
730193;07/11/2025;sexta-feira;14:00:00;PE;116;70;CABROBO;Ultrapassagem Indevida;Colis�o traseira;Com V�timas Feridas;Pleno dia;Crescente;C�u Claro;Simples;"Declive;Reta";N�o;3;0;1;0;1;1;1;3;-8,446131;-39,186346;SPRF-PE;DEL05-PE;UOP03-DEL05-PE;;;
730194;07/11/2025;sexta-feira;07:00:00;MG;365;109,6;JEQUITAI;Condutor Dormindo;Sa�da de leito carro��vel;Com V�timas Feridas;Amanhecer;Crescente;Chuva;Simples;Reta;N�o;2;0;1;0;0;1;1;2;-17,20649;-44,593014;SPRF-MG;DEL12-MG;UOP01-DEL12-MG;;;
730195;07/11/2025;sexta-feira;16:45:00;SC;101;207;SAO JOSE;Rea��o tardia ou ineficiente do condutor;Colis�o traseira;Sem V�timas;Anoitecer;Decrescente;Chuva;M�ltipla;"Declive;Reta";Sim;2;0;0;0;2;0;0;2;-27,60159117;-48,62548526;SPRF-SC;DEL01-SC;UOP01-DEL01-SC;;;
730196;07/11/2025;sexta-feira;16:00:00;SC;282;63,9;CAMPOS NOVOS;Ultrapassagem Indevida;Colis�o frontal;Com V�timas Feridas;Pleno dia;Crescente;Chuva;Simples;Curva;N�o;5;0;2;0;2;2;2;5;-27,35998;-51,27754;SPRF-SC;DEL01-SC;UOP03-DEL01-SC;;;
730197;07/11/2025;sexta-feira;17:10:00;RS;386;432,9;NOVA SANTA RITA;Acumulo de �gua sobre o pavimento;Sa�da de leito carro��vel;Com V�timas Fatais;Pleno dia;Crescente;Chuva;Dupla;Reta;Sim;9;1;1;1;5;1;2;6;-29,84196326;-51,28882438;SPRF-RS;DEL04-RS;UOP02-DEL04-RS;;;
730199;07/11/2025;sexta-feira;15:00:00;PA;316;25;BENEVIDES;Acessar a via sem observar a presen�a dos outros ve�culos;Sa�da de leito carro��vel;Com V�timas Feridas;Pleno dia;Decrescente;C�u Claro;Dupla;Reta;Sim;8;0;3;2;1;2;5;4;-1,32381565;-48,2312876;SPRF-PA;DEL01-PA;UOP01-DEL01-PA;;;
730203;07/11/2025;sexta-feira;17:00:00;PR;277;250;IRATI;Aus�ncia de rea��o do condutor;Colis�o frontal;Com V�timas Feridas;Pleno dia;Decrescente;Chuva;Simples;"Reta;Declive";N�o;4;0;2;0;1;1;2;3;-25,446765;-50,67212;SPRF-PR;DEL08-PR;UOP02-DEL08-PR;;;
730210;07/11/2025;sexta-feira;15:15:00;RO;364;386;OURO PRETO DO OESTE;Acessar a via sem observar a presen�a dos outros ve�culos;Colis�o transversal;Com V�timas Feridas;Pleno dia;Crescente;C�u Claro;Simples;"Reta;Rotat�ria";Sim;9;0;1;1;6;2;2;5;-10,701784;-62,261968;SPRF-RO;DEL03-RO;UOP02-DEL03-RO;;;
730220;07/11/2025;sexta-feira;14:40:00;SP;116;434;REGISTRO;Problema com o freio;Inc�ndio;Sem V�timas;Pleno dia;Crescente;C�u Claro;Dupla;Reta;Sim;2;0;0;0;1;1;0;2;-24,4205461;-47,77170746;SPRF-SP;DEL05-SP;UOP01-DEL05-SP;;;
730221;07/11/2025;sexta-feira;18:10:00;GO;414;428;ABADIANIA;Acessar a via sem observar a presen�a dos outros ve�culos;Colis�o transversal;Com V�timas Feridas;Plena Noite;Crescente;C�u Claro;Simples;Reta;N�o;2;0;1;0;1;0;1;2;-16,184286;-48,903335;SPRF-GO;DEL02-GO;UOP01-DEL02-GO;;;
730225;07/11/2025;sexta-feira;18:30:00;SP;381;12;BRAGANCA PAULISTA;Aus�ncia de rea��o do condutor;Colis�o com objeto;Com V�timas Feridas;Plena Noite;Decrescente;Garoa/Chuvisco;Dupla;"Declive;Curva";N�o;2;0;1;0;0;1;1;2;-22,93182611;-46,46840215;SPRF-SP;DEL03-SP;UOP02-DEL03-SP;;;
730227;07/11/2025;sexta-feira;18:45:00;SP;381;14;BRAGANCA PAULISTA;Frear bruscamente;Sa�da de leito carro��vel;Com V�timas Feridas;Plena Noite;Decrescente;Garoa/Chuvisco;Dupla;Reta;N�o;2;0;1;0;0;1;1;2;-22,94207797;-46,47499515;SPRF-SP;DEL03-SP;UOP02-DEL03-SP;;;
730229;07/11/2025;sexta-feira;18:44:00;SP;381;82;SAO PAULO;Entrada inopinada do pedestre;Atropelamento de Pedestre;Com V�timas Fatais;Anoitecer;Crescente;Nublado;M�ltipla;Reta;Sim;2;1;0;0;0;1;0;2;-23,437269;-46,568107;SPRF-SP;DEL03-SP;UOP01-DEL03-SP;;;
730230;07/11/2025;sexta-feira;15:40:00;PB;230;175,7;POCINHOS;Demais falhas mec�nicas ou el�tricas;Derramamento de carga;Sem V�timas;Pleno dia;Decrescente;C�u Claro;Simples;"Reta;Declive";N�o;2;0;0;0;2;0;0;2;-7,172944;-36,033634;SPRF-PB;DEL02-PB;UOP02-DEL02-PB;;;
730231;07/11/2025;sexta-feira;17:00:00;MA;316;609;TIMON;Aus�ncia de rea��o do condutor;Colis�o frontal;Com V�timas Fatais;Pleno dia;Crescente;C�u Claro;Simples;"Reta;Declive";N�o;4;3;0;0;0;1;0;3;-5,06519451;-42,88428426;SPRF-MA;DEL03-MA;UOP02-DEL03-MA;;;
730235;07/11/2025;sexta-feira;16:15:00;PI;222;7,5;SAO JOAO DA FRONTEIRA;Condutor Dormindo;Colis�o frontal;Com V�timas Fatais;Pleno dia;Decrescente;C�u Claro;Simples;Curva;N�o;4;1;0;0;1;3;0;5;-3,961058;-41,292053;SPRF-PI;DEL02-PI;UOP01-DEL02-PI;;;
730238;07/11/2025;sexta-feira;09:30:00;RJ;116;229;PIRAI;Problema com o freio;Colis�o lateral mesmo sentido;Com V�timas Feridas;Pleno dia;Decrescente;Nublado;Simples;"Curva;Declive";N�o;4;0;1;0;2;2;1;5;-22,67611449;-43,83377552;SPRF-RJ;DEL07-RJ;UOP01-DEL07-RJ;;;
730242;07/11/2025;sexta-feira;18:47:00;SC;282;391;JOACABA;Rea��o tardia ou ineficiente do condutor;Colis�o com objeto;Sem V�timas;Plena Noite;Crescente;Chuva;Dupla;Reta;N�o;1;0;0;0;1;0;0;1;-27,17409165;-51,55198283;SPRF-SC;DEL07-SC;UOP05-DEL07-SC;;;
730246;07/11/2025;sexta-feira;19:00:00;PR;277;238;FERNANDES PINHEIRO;Acessar a via sem observar a presen�a dos outros ve�culos;Colis�o transversal;Com V�timas Feridas;Plena Noite;Crescente;Chuva;Simples;Reta;N�o;3;0;1;0;1;2;1;4;-25,46652416;-50,52911932;SPRF-PR;DEL08-PR;UOP02-DEL08-PR;;;
730248;07/11/2025;sexta-feira;19:30:00;PR;376;253;CALIFORNIA;Aus�ncia de rea��o do condutor;Colis�o lateral sentido oposto;Com V�timas Feridas;Plena Noite;Crescente;C�u Claro;Simples;Reta;N�o;3;0;0;1;1;3;1;5;-23,65075734;-51,37395273;SPRF-PR;DEL07-PR;UOP03-DEL07-PR;;;
730250;07/11/2025;sexta-feira;18:50:00;PR;277;517,9;GUARANIACU;Entrada inopinada do pedestre;Atropelamento de Pedestre;Com V�timas Fatais;Plena Noite;Crescente;Chuva;Simples;Reta;N�o;3;1;0;0;1;1;0;3;-25,10986916;-52,85305738;SPRF-PR;DEL04-PR;UOP04-DEL04-PR;;;
730252;07/11/2025;sexta-feira;18:55:00;RJ;40;124;RIO DE JANEIRO;Rea��o tardia ou ineficiente do condutor;Colis�o traseira;Com V�timas Feridas;Plena Noite;Crescente;C�u Claro;Dupla;Reta;Sim;2;0;1;0;1;0;1;2;-22,81036482;-43,28922272;SPRF-RJ;DEL01-RJ;UOP02-DEL01-RJ;;;
730255;07/11/2025;sexta-feira;16:45:00;RJ;101;295;ITABORAI;Aus�ncia de rea��o do condutor;Engavetamento;Com V�timas Feridas;Pleno dia;Decrescente;C�u Claro;Dupla;Reta;Sim;6;0;1;0;5;0;1;4;-22,76890062;-42,91809082;SPRF-RJ;DEL02-RJ;UOP02-DEL02-RJ;;;
730264;07/11/2025;sexta-feira;15:40:00;MT;70;283;PRIMAVERA DO LESTE;Mal s�bito do condutor;Sa�da de leito carro��vel;Sem V�timas;Pleno dia;Decrescente;C�u Claro;Simples;Reta;Sim;2;0;0;0;1;3;0;4;-15,571852;-54,31444;SPRF-MT;DEL05-MT;UOP01-DEL05-MT;;;
730266;07/11/2025;sexta-feira;21:10:00;PB;230;77;RIACHAO DO POCO;Aus�ncia de rea��o do condutor;Colis�o traseira;Com V�timas Fatais;Plena Noite;Decrescente;C�u Claro;Dupla;Reta;N�o;2;1;0;0;1;0;0;2;-7,184614;-35,297253;SPRF-PB;DEL01-PB;UOP02-DEL01-PB;;;
730268;07/11/2025;sexta-feira;17:00:00;PR;163;15,5;BARRACAO;Restri��o de visibilidade em curvas horizontais;Colis�o frontal;Com V�timas Feridas;Anoitecer;Crescente;Chuva;Simples;"Declive;Curva";N�o;2;0;0;1;1;0;1;2;-26,207197;-53,641332;SPRF-PR;DEL02-PR;UOP02-DEL02-PR;;;
730270;07/11/2025;sexta-feira;19:00:00;MA;316;419;PERITORO;Ingest�o de �lcool pelo condutor;Colis�o frontal;Com V�timas Fatais;Plena Noite;Crescente;C�u Claro;Simples;Reta;Sim;5;1;0;1;2;1;1;3;-4,350836;-44,372415;SPRF-MA;DEL03-MA;UOP01-DEL03-MA;;;
730273;07/11/2025;sexta-feira;20:30:00;MT;163;633;NOVA MUTUM;Rea��o tardia ou ineficiente do condutor;Colis�o traseira;Com V�timas Feridas;Plena Noite;Decrescente;C�u Claro;Simples;"Reta;Em Obras";N�o;3;0;1;0;2;0;1;2;-13,53547897;-56,02570725;SPRF-MT;DEL01-MT;UOP01-DEL01-MT;;;
730283;07/11/2025;sexta-feira;22:15:00;PR;116;41;CAMPINA GRANDE DO SUL;Chuva;Colis�o com objeto;Sem V�timas;Plena Noite;Crescente;Chuva;Dupla;Reta;N�o;2;0;0;0;1;1;0;2;-25,178238;-48,87936;SPRF-PR;DEL01-PR;UOP02-DEL01-PR;;;
730284;07/11/2025;sexta-feira;22:20:00;MG;40;389,1;CURVELO;Manobra de mudan�a de faixa;Colis�o traseira;Com V�timas Feridas;Plena Noite;Crescente;Nublado;Simples;"Aclive;Reta";N�o;3;0;0;2;0;1;2;2;-18,94148859;-44,68542272;SPRF-MG;DEL02-MG;UOP01-DEL02-MG;;;
730290;07/11/2025;sexta-feira;20:40:00;MT;364;206;RONDONOPOLIS;Aus�ncia de rea��o do condutor;Sa�da de leito carro��vel;Sem V�timas;Plena Noite;Crescente;C�u Claro;Dupla;Reta;Sim;2;0;0;0;1;1;0;2;-16,44498721;-54,66995859;SPRF-MT;DEL02-MT;UOP01-DEL02-MT;;;
730299;07/11/2025;sexta-feira;18:40:00;MG;251;474,4;FRANCISCO SA;Velocidade Incompat�vel;Colis�o com objeto;Com V�timas Feridas;Plena Noite;Crescente;C�u Claro;Simples;"Curva;Declive";N�o;3;0;0;3;0;0;3;1;-16,466;-43,435;SPRF-MG;DEL12-MG;UOP01-DEL12-MG;;;
730302;08/11/2025;s�bado;00:33:00;PR;277;214;PALMEIRA;Velocidade Incompat�vel;Colis�o com objeto;Com V�timas Feridas;Plena Noite;Decrescente;Chuva;Simples;Curva;N�o;3;0;1;0;1;3;1;5;-25,43273333;-50,1436615;SPRF-PR;DEL08-PR;UOP02-DEL08-PR;;;
730306;08/11/2025;s�bado;01:40:00;SP;116;62;GUARATINGUETA;Aus�ncia de rea��o do condutor;Colis�o traseira;Com V�timas Fatais;Plena Noite;Decrescente;Nublado;Dupla;Reta;Sim;4;1;0;1;1;1;1;3;-22,81150581;-45,17711851;SPRF-SP;DEL08-SP;UOP01-DEL08-SP;;;
730311;08/11/2025;s�bado;01:00:00;SP;116;463;PARIQUERA-ACU;Aus�ncia de rea��o do condutor;Colis�o traseira;Com V�timas Feridas;Plena Noite;Crescente;Chuva;Dupla;Reta;Sim;8;0;6;0;1;1;6;3;-24,63904516;-47,90926874;SPRF-SP;DEL05-SP;UOP01-DEL05-SP;;;
730312;08/11/2025;s�bado;01:30:00;PR;376;665,7;GUARATUBA;Demais falhas mec�nicas ou el�tricas;Colis�o lateral mesmo sentido;Sem V�timas;Plena Noite;Crescente;Garoa/Chuvisco;Simples;"Declive;Curva";N�o;4;0;0;0;3;1;0;4;-25,85525457;-48,95443138;SPRF-PR;DEL01-PR;UOP04-DEL01-PR;;;
730315;07/11/2025;sexta-feira;23:30:00;MG;381;555,9;ITAGUARA;Demais falhas mec�nicas ou el�tricas;Inc�ndio;Sem V�timas;Plena Noite;Crescente;Chuva;Dupla;"Curva;Retorno Regulamentado";N�o;1;0;0;0;1;0;0;1;-20,34131637;-44,44118924;SPRF-MG;DEL04-MG;UOP03-DEL04-MG;;;
730317;08/11/2025;s�bado;00:20:00;MG;381;568,5;ITATIAIUCU;Ingest�o de �lcool pelo condutor;Capotamento;Com V�timas Feridas;Plena Noite;Crescente;Chuva;Dupla;"Curva;Declive";N�o;3;0;1;0;1;1;1;3;-20,24029433;-44,41223145;SPRF-MG;DEL04-MG;UOP03-DEL04-MG;;;
730318;08/11/2025;s�bado;01:30:00;MG;381;568,5;RIO MANSO;Rea��o tardia ou ineficiente do condutor;Capotamento;Com V�timas Feridas;Plena Noite;Crescente;Garoa/Chuvisco;Dupla;"Declive;Curva";N�o;3;0;0;1;1;1;1;3;-20,26445165;-44,42218781;SPRF-MG;DEL04-MG;UOP03-DEL04-MG;;;
730320;08/11/2025;s�bado;02:00:00;GO;40;113;CRISTALINA;Condutor Dormindo;Tombamento;Com V�timas Feridas;Plena Noite;Decrescente;C�u Claro;Dupla;Reta;N�o;1;0;1;0;0;0;1;1;-16,847713;-47,48379;SPRF-DF;DEL01-DF;UOP02-DEL01-DF;;;
730329;08/11/2025;s�bado;04:00:00;MG;262;596;CAMPOS ALTOS;Aus�ncia de rea��o do condutor;Sa�da de leito carro��vel;Com V�timas Feridas;Plena Noite;Decrescente;Nublado;Simples;Reta;N�o;1;0;1;0;0;0;1;1;-19,62319986;-46,27080594;SPRF-MG;DEL08-MG;UOP02-DEL08-MG;;;
730331;08/11/2025;s�bado;04:30:00;MG;381;355;JOAO MONLEVADE;Velocidade Incompat�vel;Tombamento;Com V�timas Fatais;Amanhecer;Crescente;Nublado;Simples;"Declive;Curva";N�o;3;1;0;1;0;1;1;2;-19,85080675;-43,21643829;SPRF-MG;DEL03-MG;UOP01-DEL03-MG;;;
730332;08/11/2025;s�bado;04:40:00;SP;153;106,4;JOSE BONIFACIO;Transitar na contram�o;Colis�o frontal;Com V�timas Feridas;Plena Noite;Crescente;Nublado;Simples;Reta;Sim;3;0;0;2;1;0;2;2;-21,059032;-49,660152;SPRF-SP;DEL09-SP;UOP01-DEL09-SP;;;
730348;07/11/2025;sexta-feira;19:30:00;BA;116;423;FEIRA DE SANTANA;Acesso irregular;Colis�o lateral mesmo sentido;Sem V�timas;Plena Noite;Decrescente;Nublado;Simples;Interse��o de Vias;Sim;2;0;0;0;1;1;0;2;-12,2322659;-38,97109218;SPRF-BA;DEL02-BA;UOP01-DEL02-BA;;;
730350;07/11/2025;sexta-feira;20:20:00;SC;116;50,4;PAPANDUVA;Transitar na contram�o;Colis�o frontal;Com V�timas Feridas;Plena Noite;Decrescente;Chuva;Simples;Reta;N�o;3;0;2;0;1;0;2;2;-26,37556891;-50,1296711;SPRF-SC;DEL06-SC;UOP01-DEL06-SC;;;
730355;07/11/2025;sexta-feira;18:33:00;MT;163;669;LUCAS DO RIO VERDE;Condutor deixou de manter dist�ncia do ve�culo da frente;Engavetamento;Com V�timas Fatais;Plena Noite;Decrescente;C�u Claro;Simples;Reta;N�o;5;1;1;0;1;6;1;9;-13,22493;-56,004708;SPRF-MT;DEL06-MT;UOP01-DEL06-MT;;;
730358;08/11/2025;s�bado;07:00:00;SC;101;57;ARAQUARI;Condutor deixou de manter dist�ncia do ve�culo da frente;Colis�o traseira;Com V�timas Feridas;Pleno dia;Decrescente;C�u Claro;Dupla;Reta;Sim;2;0;1;0;1;0;1;2;-26,43630063;-48,81116152;SPRF-SC;DEL03-SC;UOP01-DEL03-SC;;;
730363;15/10/2025;quarta-feira;22:50:00;SC;470;116,4;IBIRAMA;Rea��o tardia ou ineficiente do condutor;Tombamento;Com V�timas Feridas;Plena Noite;Decrescente;Ignorado;Simples;Curva;N�o;2;0;1;0;0;1;1;2;-27,081741;-49,500616;SPRF-SC;DEL04-SC;UOP02-DEL04-SC;;;
730368;08/11/2025;s�bado;06:50:00;RJ;116;236;PIRAI;Chuva;Tombamento;Com V�timas Feridas;Amanhecer;Decrescente;Chuva;Dupla;Curva;Sim;3;0;0;2;0;1;2;2;-22,667;-43,861;SPRF-RJ;DEL07-RJ;UOP01-DEL07-RJ;;;
730370;08/11/2025;s�bado;08:22:00;MG;381;687;LAVRAS;Chuva;Sa�da de leito carro��vel;Com V�timas Feridas;Pleno dia;Crescente;Chuva;Dupla;Curva;N�o;2;0;1;0;1;0;1;2;-21,17704878;-45,12531281;SPRF-MG;DEL04-MG;UOP02-DEL04-MG;;;
730372;08/11/2025;s�bado;10:00:00;MG;381;424,9;SABARA;Chuva;Colis�o frontal;Com V�timas Feridas;Pleno dia;Decrescente;Chuva;Simples;Reta;Sim;4;0;2;0;1;2;2;4;-19,78796;-43,699156;SPRF-MG;DEL01-MG;UOP01-DEL01-MG;;;
730375;08/11/2025;s�bado;09:50:00;MG;40;476,7;SETE LAGOAS;Condutor deixou de manter dist�ncia do ve�culo da frente;Colis�o traseira;Com V�timas Feridas;Pleno dia;Decrescente;Garoa/Chuvisco;Dupla;"Reta;Aclive";N�o;5;0;1;1;2;1;2;3;-19,51897;-44,26695;SPRF-MG;DEL02-MG;UOP01-DEL02-MG;;;
730386;20/10/2025;segunda-feira;07:45:00;RJ;101;587,1;PARATY;Condutor deixou de manter dist�ncia do ve�culo da frente;Colis�o traseira;Com V�timas Feridas;Pleno dia;Crescente;Nublado;Simples;Reta;N�o;3;0;1;0;2;0;1;2;-23,2865211;-44,6959689;SPRF-RJ;DEL03-RJ;UOP04-DEL03-RJ;;;
730392;08/11/2025;s�bado;09:17:00;MG;381;544,2;ITATIAIUCU;Velocidade Incompat�vel;Colis�o traseira;Com V�timas Feridas;Pleno dia;Decrescente;Chuva;Dupla;"Declive;Reta";N�o;2;0;0;1;1;0;1;2;-20,24818614;-44,41171646;SPRF-MG;DEL04-MG;UOP03-DEL04-MG;;;
730401;08/11/2025;s�bado;12:30:00;BA;116;391;SANTA BARBARA;Aus�ncia de rea��o do condutor;Colis�o com objeto;Com V�timas Fatais;Pleno dia;Crescente;C�u Claro;Dupla;Reta;Sim;3;1;0;0;1;2;0;4;-11,95492;-38,97641;SPRF-BA;DEL02-BA;UOP01-DEL02-BA;;;
730405;08/11/2025;s�bado;12:27:00;PE;232;61,7;POMBOS;Acesso irregular;Colis�o traseira;Sem V�timas;Pleno dia;Decrescente;C�u Claro;Dupla;Reta;N�o;2;0;0;0;2;0;0;2;-8,15798702;-35,42867057;SPRF-PE;DEL02-PE;UOP02-DEL02PE;;;
730406;08/11/2025;s�bado;12:00:00;SC;101;367;ICARA;Chuva;Colis�o lateral mesmo sentido;Com V�timas Feridas;Pleno dia;Crescente;Chuva;M�ltipla;Aclive;Sim;2;0;1;0;0;1;1;2;-28,699211;-49,191565;SPRF-SC;DEL02-SC;UOP01-DEL02-SC;;;
730408;08/11/2025;s�bado;13:00:00;SP;116;35;CACHOEIRA PAULISTA;Demais falhas mec�nicas ou el�tricas;Colis�o com objeto;Com V�timas Feridas;Pleno dia;Decrescente;Chuva;Dupla;Reta;N�o;2;0;1;0;1;0;1;2;-22,6602838;-44,9726348;SPRF-SP;DEL08-SP;UOP02-DEL08-SP;;;
730411;08/11/2025;s�bado;12:30:00;PR;476;224;LAPA;Rea��o tardia ou ineficiente do condutor;Tombamento;Com V�timas Feridas;Pleno dia;Decrescente;C�u Claro;Simples;Curva;N�o;2;0;1;0;0;1;1;2;-25,83986281;-49,9300658;SPRF-PR;DEL01-PR;UOP06-DEL01-PR;;;
730416;08/11/2025;s�bado;03:30:00;SP;116;59;GUARATINGUETA;Rea��o tardia ou ineficiente do condutor;Colis�o traseira;Sem V�timas;Plena Noite;Decrescente;Nublado;Dupla;Reta;N�o;3;0;0;0;2;2;0;4;-22,79215284;-45,16210735;SPRF-SP;DEL08-SP;UOP01-DEL08-SP;;;
730417;08/11/2025;s�bado;13:35:00;MG;381;555;ITAGUARA;Ingest�o de �lcool pelo condutor;Colis�o traseira;Sem V�timas;Pleno dia;Decrescente;Nublado;Dupla;"Reta;Aclive";N�o;3;0;0;0;2;1;0;3;-20,35625158;-44,45562154;SPRF-MG;DEL04-MG;UOP03-DEL04-MG;;;
730419;08/11/2025;s�bado;12:15:00;SC;101;124,6;ITAJAI;Condutor deixou de manter dist�ncia do ve�culo da frente;Colis�o traseira;Com V�timas Fatais;Pleno dia;Crescente;Nublado;M�ltipla;Reta;N�o;4;1;0;0;2;1;0;4;-26,9456908;-48,6877599;SPRF-SC;DEL04-SC;UOP04-DEL04-SC;;;
730434;08/11/2025;s�bado;13:26:00;PE;101;51;PAULISTA;Rea��o tardia ou ineficiente do condutor;Colis�o traseira;Com V�timas Feridas;Pleno dia;Decrescente;C�u Claro;Simples;Viaduto;Sim;4;0;2;0;1;1;2;3;-7,9216981;-34,89240143;SPRF-PE;DEL01-PE;UOP02-DEL01-PE;;;
730435;08/11/2025;s�bado;14:14:00;RN;304;26,9;MOSSORO;Condutor deixou de manter dist�ncia do ve�culo da frente;Colis�o traseira;Com V�timas Feridas;Pleno dia;Crescente;C�u Claro;Simples;Reta;N�o;7;0;1;1;3;2;2;5;-5,08963;-37,33507;SPRF-RN;DEL04-RN;UOP02-DEL04-RN;;;
730436;08/11/2025;s�bado;13:50:00;MT;364;541;ROSARIO OESTE;Transitar na contram�o;Colis�o frontal;Com V�timas Fatais;Pleno dia;Crescente;C�u Claro;Simples;Reta;N�o;4;1;0;2;0;1;2;3;-14,848507;-56,448323;SPRF-MT;DEL01-MT;UOP01-DEL01-MT;;;
730443;08/11/2025;s�bado;15:00:00;SC;282;520;XAXIM;Carga excessiva e/ou mal acondicionada;Tombamento;Sem V�timas;Pleno dia;Decrescente;Nublado;Simples;Interse��o de Vias;Sim;1;0;0;0;1;0;0;1;-26,94943;-52,5290531;SPRF-SC;DEL07-SC;UOP01-DEL07-SC;;;
730444;08/11/2025;s�bado;14:30:00;SP;459;1;PIQUETE;Aus�ncia de rea��o do condutor;Colis�o frontal;Sem V�timas;Pleno dia;Crescente;Garoa/Chuvisco;Simples;Curva;N�o;2;0;0;0;1;1;0;2;-22,56960226;-45,21686935;SPRF-SP;DEL08-SP;UOP02-DEL08-SP;;;
730449;08/11/2025;s�bado;14:30:00;SP;116;334,2;JUQUITIBA;Velocidade Incompat�vel;Colis�o traseira;Com V�timas Feridas;Pleno dia;Decrescente;C�u Claro;Dupla;"Aclive;Reta";Sim;3;0;1;0;1;3;1;5;-23,96528712;-47,12757127;SPRF-SP;DEL04-SP;UOP03-DEL04-SP;;;
730454;08/11/2025;s�bado;09:45:00;MG;262;58,8;MANHUACU;Velocidade Incompat�vel;Colis�o frontal;Com V�timas Fatais;Pleno dia;Decrescente;Chuva;Simples;Curva;N�o;7;1;0;2;3;3;2;7;-20,28141;-42,202137;SPRF-MG;DEL06-MG;UOP03-DEL06-MG;;;
730455;08/11/2025;s�bado;14:00:00;BA;116;585;NOVA ITARANA;Falta de acostamento;Sa�da de leito carro��vel;Sem V�timas;Pleno dia;Decrescente;C�u Claro;Simples;Reta;N�o;1;0;0;0;1;0;0;1;-13,10743;-39,97652;SPRF-BA;DEL03-BA;UOP02-DEL03-BA;;;
730458;08/11/2025;s�bado;08:20:00;PI;343;255;CAMPO MAIOR;Ultrapassagem Indevida;Colis�o frontal;Com V�timas Feridas;Pleno dia;Decrescente;C�u Claro;Simples;Reta;N�o;3;0;1;0;2;0;1;3;-4,8463872;-42,1888;SPRF-PI;DEL01-PI;UOP03-DEL01-PI;;;
730459;08/11/2025;s�bado;12:30:00;SP;116;116,2;TAUBATE;Rea��o tardia ou ineficiente do condutor;Colis�o traseira;Com V�timas Feridas;Pleno dia;Decrescente;C�u Claro;Dupla;"Declive;Reta";N�o;3;0;2;0;0;1;2;2;-23,0573373;-45,6125814;SPRF-SP;DEL02-SP;UOP02-DEL02-SP;;;
730462;08/11/2025;s�bado;16:05:00;RO;364;181,4;PIMENTA BUENO;Rea��o tardia ou ineficiente do condutor;Colis�o traseira;Com V�timas Fatais;Pleno dia;Crescente;C�u Claro;Simples;Declive;N�o;4;1;1;0;1;5;1;8;-11,767213;-61,081895;SPRF-RO;DEL02-RO;UOP02-DEL02-RO;;;
730464;08/11/2025;s�bado;17:00:00;DF;251;56,9;BRASILIA;Transitar na contram�o;Colis�o frontal;Com V�timas Fatais;Pleno dia;Crescente;Nublado;Simples;"Reta;Ponte";N�o;2;1;0;0;1;0;0;2;-15,97936;-47,95555;SPRF-DF;DEL01-DF;UOP01-DEL01-DF;;;
730465;08/11/2025;s�bado;16:45:00;ES;101;66,4;SAO MATEUS;Acessar a via sem observar a presen�a dos outros ve�culos;Colis�o transversal;Com V�timas Feridas;Pleno dia;Decrescente;C�u Claro;M�ltipla;"Reta;Interse��o de Vias";Sim;4;0;0;2;1;1;2;3;-18,717728;-39,871822;SPRF-ES;DEL04-ES;UOP02-DEL04-ES;;;