id;data_inversa;dia_semana;horario;uf;br;km;municipio;causa_acidente;tipo_acidente;classificacao_acidente;fase_dia;sentido_via;condicao_metereologica;tipo_pista;tracado_via;uso_solo;pessoas;mortos;feridos_leves;feridos_graves;ilesos;ignorados;feridos;veiculos;latitude;longitude;regional;delegacia;uop;;;
730469;08/11/2025;s�bado;13:50:00;SC;280;92,4;CORUPA;Velocidade Incompat�vel;Tombamento;Com V�timas Feridas;Pleno dia;Crescente;Sol;Simples;"Curva;Declive";N�o;5;0;3;0;1;1;3;4;-26,394954;-49,299862;SPRF-SC;DEL06-SC;UOP03-DEL06-SC;;;
730473;08/11/2025;s�bado;17:15:00;CE;222;125;ITAPAJE;Aus�ncia de rea��o do condutor;Colis�o traseira;Com V�timas Fatais;Pleno dia;Decrescente;C�u Claro;Simples;Reta;N�o;3;1;0;0;1;1;0;3;-3,687582;-39,591295;SPRF-CE;DEL04-CE;UOP03-DEL04-CE;;;
730484;08/11/2025;s�bado;18:25:00;RJ;101;269;RIO BONITO;Rea��o tardia ou ineficiente do condutor;Colis�o traseira;Sem V�timas;Anoitecer;Crescente;Ignorado;Dupla;Reta;N�o;2;0;0;0;2;0;0;2;-22,71554837;-42,67965317;SPRF-RJ;DEL02-RJ;UOP03-DEL02-RJ;;;
730487;08/11/2025;s�bado;18:21:00;MA;135;321;DOM PEDRO;Transitar na contram�o;Colis�o frontal;Com V�timas Fatais;Plena Noite;Crescente;C�u Claro;Simples;Reta;N�o;3;2;0;0;0;1;0;2;-4,97693;-44,412855;SPRF-MA;DEL06-MA;UOP01-DEL06-MA;;;
730489;08/11/2025;s�bado;17:45:00;RS;386;189,8;SANTO ANTONIO DO PLANALTO;Transitar na contram�o;Colis�o frontal;Com V�timas Feridas;Pleno dia;Crescente;C�u Claro;Simples;"Declive;Reta";N�o;2;0;1;0;1;0;1;2;-28,390898;-52,693604;SPRF-RS;DEL08-RS;UOP01-DEL08-RS;;;
730498;08/11/2025;s�bado;15:01:00;RO;364;387,7;OURO PRETO DO OESTE;Demais falhas mec�nicas ou el�tricas;Colis�o com objeto;Com V�timas Feridas;Pleno dia;Crescente;C�u Claro;Simples;Reta;Sim;5;0;1;0;3;2;1;4;-10,69182514;-62,27026876;SPRF-RO;DEL03-RO;UOP02-DEL03-RO;;;
730505;08/11/2025;s�bado;17:30:00;BA;101;472,8;URUCUCA;Ultrapassagem Indevida;Colis�o transversal;Sem V�timas;Anoitecer;Crescente;C�u Claro;Simples;Reta;N�o;6;0;0;0;5;1;0;3;-14,55255637;-39,33641911;SPRF-BA;DEL05-BA;UOP01-DEL05-BA;;;
730512;08/11/2025;s�bado;18:50:00;ES;262;196;IUNA;Demais falhas mec�nicas ou el�tricas;Capotamento;Com V�timas Fatais;Plena Noite;Crescente;Nublado;Simples;Curva;N�o;2;2;0;0;0;0;0;1;-20,27902072;-41,77863169;SPRF-ES;DEL01-ES;UOP02-DEL01-ES;;;
730515;08/11/2025;s�bado;20:55:00;RN;405;64,9;FELIPE GUERRA;Manobra de mudan�a de faixa;Colis�o frontal;Com V�timas Feridas;Plena Noite;Crescente;C�u Claro;Simples;Reta;N�o;3;0;0;1;1;1;1;3;-5,573;-37,75646;SPRF-RN;DEL04-RN;UOP02-DEL04-RN;;;
730523;08/11/2025;s�bado;13:05:00;PR;163;230,7;CASCAVEL;Rea��o tardia ou ineficiente do condutor;Sa�da de leito carro��vel;Com V�timas Feridas;Pleno dia;Crescente;C�u Claro;Dupla;"Reta;Declive";Sim;4;0;3;0;0;1;3;2;-24,799825;-53,6743927;SPRF-PR;DEL04-PR;UOP01-DEL04-PR;;;
730526;11/10/2025;s�bado;18:30:00;SC;101;214,5;PALHOCA;Manobra de mudan�a de faixa;Colis�o lateral mesmo sentido;Com V�timas Feridas;Anoitecer;Decrescente;Chuva;M�ltipla;Reta;N�o;3;0;1;0;1;1;1;3;-27,65057195;-48,67492525;SPRF-SC;DEL01-SC;UOP02-DEL01-SC;;;
730531;08/11/2025;s�bado;15:17:00;PI;316;406,5;MARCOLANDIA;Transitar na contram�o;Colis�o frontal;Com V�timas Feridas;Pleno dia;Crescente;C�u Claro;Simples;"Reta;Aclive";N�o;5;0;1;1;1;3;2;5;-7,392295;-40,740852;SPRF-PI;DEL04-PI;UOP03-DEL04-PI;;;
730535;08/11/2025;s�bado;20:00:00;CE;116;325;JAGUARIBE;Pedestre andava na pista;Atropelamento de Pedestre;Com V�timas Fatais;Plena Noite;Crescente;Ignorado;Simples;"Reta;Declive";N�o;2;1;0;0;0;1;0;2;-6,040303;-38,646047;SPRF-CE;DEL05-CE;UOP02-DEL05-CE;;;
730546;24/10/2025;sexta-feira;05:50:00;RS;116;301;GUAIBA;Rea��o tardia ou ineficiente do condutor;Colis�o traseira;Com V�timas Feridas;Amanhecer;Crescente;C�u Claro;Simples;"Em Obras;Reta";Sim;3;0;0;1;1;4;1;6;-30,1300351;-51,35247104;SPRF-RS;DEL02-RS;UOP01-DEL02-RS;;;
730553;08/11/2025;s�bado;19:30:00;MA;330;5;BALSAS;Transitar na contram�o;Colis�o frontal;Com V�timas Fatais;Plena Noite;Crescente;C�u Claro;Simples;Curva;N�o;8;3;3;1;1;0;4;2;-7,56909701;-46,01700783;SPRF-MA;DEL05-MA;UOP01-DEL05-MA;;;
730557;08/11/2025;s�bado;22:20:00;SP;381;31;ATIBAIA;Rea��o tardia ou ineficiente do condutor;Colis�o traseira;Com V�timas Feridas;Plena Noite;Decrescente;C�u Claro;Dupla;"Aclive;Reta";Sim;4;0;2;0;1;1;2;3;-23,0608371;-46,5706072;SPRF-SP;DEL03-SP;UOP02-DEL03-SP;;;
730563;08/11/2025;s�bado;15:26:00;PA;163;88;ALTAMIRA;Aus�ncia de rea��o do condutor;Sa�da de leito carro��vel;Com V�timas Feridas;Pleno dia;Crescente;C�u Claro;Simples;Reta;N�o;3;0;0;1;1;6;1;8;-8,8595;-54,967;SPRF-MT;DEL06-MT;UOP03-DEL06-MT;;;
730564;08/11/2025;s�bado;20:15:00;PA;230;14;BREJO GRANDE DO ARAGUAIA;Ultrapassagem Indevida;Colis�o frontal;Com V�timas Fatais;Plena Noite;Crescente;Nublado;Simples;"Reta;Declive";N�o;3;1;0;0;1;1;0;3;-5,67932;-48,28531;SPRF-PA;DEL03-PA;UOP01-DEL03-PA;;;
730585;09/11/2025;domingo;01:10:00;ES;101;91,8;JAGUARE;Condutor Dormindo;Colis�o frontal;Com V�timas Feridas;Plena Noite;Crescente;Nublado;Simples;Reta;N�o;4;0;0;1;2;3;1;6;-18,912182;-39,962788;SPRF-ES;DEL04-ES;UOP02-DEL04-ES;;;
730588;08/11/2025;s�bado;23:10:00;MG;40;131;JOAO PINHEIRO;Transitar na contram�o;Colis�o lateral sentido oposto;Com V�timas Feridas;Plena Noite;Crescente;Garoa/Chuvisco;Simples;Reta;N�o;7;0;1;0;5;1;1;4;-17,708755;-46,274403;SPRF-MG;DEL14-MG;UOP01-DEL14-MG;;;
730613;09/11/2025;domingo;03:10:00;SC;101;276;IMBITUBA;Estacionar ou parar em local proibido;Colis�o traseira;Com V�timas Feridas;Plena Noite;Decrescente;Nublado;M�ltipla;Reta;Sim;3;0;1;0;1;2;1;4;-28,163951;-48,693521;SPRF-SC;DEL02-SC;UOP03-DEL02-SC;;;
730615;08/11/2025;s�bado;14:34:00;GO;80;133;BARRO ALTO;Chuva;Sa�da de leito carro��vel;Com V�timas Feridas;Pleno dia;Decrescente;Chuva;Dupla;Interse��o de Vias;Sim;1;0;1;0;0;0;1;1;-14,97908203;-48,92981239;SPRF-GO;DEL07-GO;UOP02-DEL07-GO;;;
730620;09/11/2025;domingo;05:30:00;SP;153;227,6;MARILIA;Transitar na contram�o;Colis�o frontal;Com V�timas Feridas;Amanhecer;Crescente;C�u Claro;Simples;Reta;N�o;3;0;1;0;1;2;1;4;-22,067734;-49,901645;SPRF-SP;DEL07-SP;UOP02-DEL07-SP;;;
730623;09/11/2025;domingo;05:00:00;PE;316;29;ARARIPINA;Ingest�o de �lcool pelo condutor;Colis�o lateral sentido oposto;Sem V�timas;Amanhecer;Crescente;C�u Claro;Simples;"Declive;Reta";N�o;3;0;0;0;2;1;0;3;-7,61926;-40,476488;SPRF-PE;DEL05-PE;UOP02-DEL05-PE;;;
730625;09/11/2025;domingo;03:30:00;GO;364;182;JATAI;Aus�ncia de rea��o do condutor;Colis�o traseira;Com V�timas Feridas;Amanhecer;Crescente;Chuva;Simples;Aclive;N�o;4;0;1;0;2;1;1;3;-17,9234373;-51,689974;SPRF-GO;DEL05-GO;UOP01-DEL05-GO;;;
730637;09/11/2025;domingo;03:30:00;SC;282;252;SAO JOSE DO CERRITO;Ingest�o de �lcool pelo condutor;Capotamento;Com V�timas Feridas;Plena Noite;Crescente;C�u Claro;Simples;Curva;N�o;9;0;3;3;1;2;6;3;-27,687647;-50,566508;SPRF-SC;DEL05-SC;UOP02-DEL05-SC;;;
730640;09/11/2025;domingo;01:00:00;BA;116;587;NOVA ITARANA;Demais falhas mec�nicas ou el�tricas;Inc�ndio;Sem V�timas;Plena Noite;Crescente;C�u Claro;Simples;Curva;N�o;1;0;0;0;1;0;0;1;-13,13975;-40,00521;SPRF-BA;DEL03-BA;UOP02-DEL03-BA;;;
730647;09/11/2025;domingo;07:40:00;GO;153;564;PROFESSOR JAMIL;Condutor Dormindo;Sa�da de leito carro��vel;Com V�timas Feridas;Pleno dia;Decrescente;C�u Claro;Dupla;"Reta;Declive";N�o;3;0;2;0;0;1;2;2;-17,241001;-49,239847;SPRF-GO;DEL03-GO;UOP01-DEL03-GO;;;
730656;09/11/2025;domingo;09:30:00;SP;116;280;EMBU DAS ARTES;Trafegar com motocicleta (ou similar) entre as faixas;Colis�o lateral mesmo sentido;Com V�timas Feridas;Pleno dia;Decrescente;C�u Claro;Dupla;"Reta;Aclive";Sim;5;0;1;0;3;2;1;5;-23,64947415;-46,84484019;SPRF-SP;DEL04-SP;UOP01-DEL04-SP;;;
730666;09/11/2025;domingo;10:00:00;PR;277;0,9;PARANAGUA;Desrespeitar a prefer�ncia no cruzamento;Colis�o transversal;Com V�timas Feridas;Pleno dia;Crescente;Nublado;Simples;"Reta;Interse��o de Vias";Sim;3;0;1;0;1;2;1;4;-25,51636538;-48,53927898;SPRF-PR;DEL01-PR;UOP05-DEL01-PR;;;
730667;09/11/2025;domingo;10:00:00;PI;230;304,8;FLORIANO;Transitar na contram�o;Colis�o frontal;Com V�timas Fatais;Pleno dia;Crescente;Sol;Simples;"Reta;Declive";N�o;3;1;0;0;1;1;0;3;-6,7978;-42,97676;SPRF-PI;DEL03-PI;UOP01-DEL03-PI;;;
730675;09/11/2025;domingo;10:40:00;GO;50;236;CAMPO ALEGRE DE GOIAS;Rea��o tardia ou ineficiente do condutor;Sa�da de leito carro��vel;Com V�timas Feridas;Pleno dia;Decrescente;Nublado;Dupla;"Aclive;Curva";N�o;2;0;1;0;0;2;1;3;-17,68293599;-47,72426607;SPRF-GO;DEL06-GO;UOP01-DEL06-GO;;;
730678;09/11/2025;domingo;10:00:00;MT;163;670;LUCAS DO RIO VERDE;Transitar na contram�o;Colis�o lateral sentido oposto;Com V�timas Feridas;Pleno dia;Crescente;Nublado;Simples;Reta;N�o;3;0;1;1;0;1;2;3;-13,18518;-55,98687167;SPRF-MT;DEL06-MT;UOP01-DEL06-MT;;;
730688;09/11/2025;domingo;12:15:00;PR;277;120,9;CAMPO LARGO;Demais falhas mec�nicas ou el�tricas;Inc�ndio;Sem V�timas;Pleno dia;Decrescente;Sol;Dupla;Reta;Sim;2;0;0;0;1;1;0;2;-25,44813802;-49,48232263;SPRF-PR;DEL03-PR;UOP03-DEL03-PR;;;
730694;09/11/2025;domingo;08:20:00;MT;163;1042;MATUPA;Transitar na contram�o;Colis�o frontal;Com V�timas Fatais;Amanhecer;Crescente;Nublado;Simples;Reta;Sim;3;1;0;0;1;3;0;5;-10,1415;-54,93;SPRF-MT;DEL06-MT;UOP03-DEL06-MT;;;
730698;09/11/2025;domingo;14:00:00;PR;376;257;CALIFORNIA;Convers�o proibida;Colis�o transversal;Com V�timas Feridas;Pleno dia;Decrescente;C�u Claro;Simples;Aclive;N�o;5;0;1;0;4;0;1;2;-23,672237;-51,355786;SPRF-PR;DEL07-PR;UOP03-DEL07-PR;;;
730700;09/11/2025;domingo;08:52:00;CE;222;125,4;ITAPAJE;Rea��o tardia ou ineficiente do condutor;Colis�o lateral sentido oposto;Com V�timas Fatais;Pleno dia;Crescente;C�u Claro;Simples;Curva;Sim;3;1;0;0;1;2;0;4;-3,69134;-39,60058;SPRF-CE;DEL04-CE;UOP03-DEL04-CE;;;
730723;09/11/2025;domingo;16:17:00;SP;153;63,9;SAO JOSE DO RIO PRETO;Manobra de mudan�a de faixa;Colis�o lateral mesmo sentido;Com V�timas Feridas;Pleno dia;Decrescente;C�u Claro;Dupla;"Reta;Declive";Sim;5;0;1;0;4;0;1;2;-20,82795;-49,35939;SPRF-SP;DEL09-SP;UOP01-DEL09-SP;;;
730726;09/11/2025;domingo;13:00:00;MG;251;259;SALINAS;Demais falhas mec�nicas ou el�tricas;Sa�da de leito carro��vel;Com V�timas Feridas;Pleno dia;Decrescente;Nublado;Simples;Reta;N�o;2;0;1;0;0;1;1;2;-16,01370094;-41,90702811;SPRF-MG;DEL12-MG;UOP02-DEL12-MG;;;
730727;09/11/2025;domingo;13:40:00;BA;116;630;JAGUAQUARA;Rea��o tardia ou ineficiente do condutor;Sa�da de leito carro��vel;Sem V�timas;Pleno dia;Decrescente;Nublado;Simples;Aclive;N�o;1;0;0;0;1;0;0;1;-13,499832;-40,050524;SPRF-BA;DEL03-BA;UOP01-DEL03-BA;;;
730734;09/11/2025;domingo;17:00:00;TO;153;154;ARAGUAINA;Rea��o tardia ou ineficiente do condutor;Sa�da de leito carro��vel;Com V�timas Feridas;Anoitecer;Crescente;C�u Claro;Simples;"Reta;Ponte";Sim;2;0;1;0;0;1;1;2;-7,284802;-48,277797;SPRF-TO;DEL02-TO;UOP01-DEL02-TO;;;
730737;09/11/2025;domingo;15:30:00;MG;365;43,3;SAO JOAO DA LAGOA;Demais falhas mec�nicas ou el�tricas;Sa�da de leito carro��vel;Com V�timas Feridas;Pleno dia;Crescente;C�u Claro;Simples;Reta;N�o;2;0;2;0;0;0;2;1;-16,88994;-44,18275;SPRF-MG;DEL12-MG;UOP01-DEL12-MG;;;
730744;09/11/2025;domingo;17:20:00;CE;222;300,6;TIANGUA;Velocidade Incompat�vel;Tombamento;Com V�timas Fatais;Pleno dia;Decrescente;C�u Claro;Simples;"Declive;Curva";N�o;2;1;0;0;0;3;0;4;-3,66282;-40,943523;SPRF-CE;DEL04-CE;UOP02-DEL04-CE;;;
730745;09/11/2025;domingo;16:30:00;MT;364;149;PEDRA PRETA;Acostamento em desn�vel;Sa�da de leito carro��vel;Sem V�timas;Pleno dia;Decrescente;C�u Claro;Simples;Reta;N�o;2;0;0;0;1;3;0;4;-16,68012124;-54,29507026;SPRF-MT;DEL02-MT;UOP01-DEL02-MT;;;
730746;09/11/2025;domingo;17:40:00;PR;163;4,4;BARRACAO;Ingest�o de �lcool pelo condutor;Colis�o lateral sentido oposto;Sem V�timas;Pleno dia;Crescente;C�u Claro;Simples;Reta;N�o;4;0;0;0;3;1;0;4;-26,256915;-53,627273;SPRF-PR;DEL02-PR;UOP02-DEL02-PR;;;
730750;09/11/2025;domingo;18:40:00;SC;101;157;PORTO BELO;Aus�ncia de rea��o do condutor;Colis�o traseira;Com V�timas Feridas;Plena Noite;Decrescente;Nublado;Dupla;Reta;Sim;5;0;1;1;2;1;2;3;-27,18212555;-48,61201135;SPRF-SC;DEL04-SC;UOP03-DEL04-SC;;;
730759;09/11/2025;domingo;18:31:00;MT;163;690;LUCAS DO RIO VERDE;Transitar na contram�o;Colis�o frontal;Com V�timas Fatais;Plena Noite;Crescente;Nublado;Simples;Reta;Sim;4;2;0;0;1;3;0;5;-13,05700868;-55,91435909;SPRF-MT;DEL06-MT;UOP01-DEL06-MT;;;
730761;09/11/2025;domingo;14:30:00;MT;158;544,2;NOVA NAZARE;Transitar na contram�o;Colis�o frontal;Com V�timas Feridas;Pleno dia;Crescente;C�u Claro;Simples;Reta;N�o;3;0;0;1;1;1;1;3;-13,88615;-52,0617;SPRF-MT;DEL07-MT;UOP02-DEL07-MT;;;
730765;09/11/2025;domingo;18:30:00;MG;116;583,5;MANHUACU;Velocidade Incompat�vel;Sa�da de leito carro��vel;Com V�timas Feridas;Anoitecer;Crescente;Chuva;Simples;Curva;N�o;3;0;1;0;1;1;1;2;-20,2254745;-42,177796;SPRF-MG;DEL06-MG;UOP03-DEL06-MG;;;
730784;09/11/2025;domingo;09:30:00;BA;116;620;JAGUAQUARA;Ultrapassagem Indevida;Colis�o frontal;Com V�timas Feridas;Pleno dia;Crescente;Sol;Simples;Reta;N�o;3;0;2;0;0;1;2;3;-13,34782309;-40,01653682;SPRF-BA;DEL03-BA;UOP02-DEL03-BA;;;
730799;09/11/2025;domingo;18:30:00;MS;163;600,9;SAO GABRIEL DO OESTE;Rea��o tardia ou ineficiente do condutor;Colis�o com objeto;Sem V�timas;Plena Noite;Crescente;Nublado;Dupla;"Ponte;Declive;Reta";N�o;2;0;0;0;1;1;0;2;-19,492328;-54,482008;SPRF-MS;DEL06-MS;UOP02-DEL06-MS;;;
730801;09/11/2025;domingo;19:10:00;MG;365;202;BURITIZEIRO;Demais falhas mec�nicas ou el�tricas;Inc�ndio;Sem V�timas;Plena Noite;Decrescente;Nublado;Simples;Reta;N�o;2;0;0;0;1;1;0;2;-17,51062;-45,22509;SPRF-MG;DEL10-MG;UOP02-DEL010-MG;;;
730816;09/11/2025;domingo;22:30:00;MT;174;123;MIRASSOL DOESTE;Carga excessiva e/ou mal acondicionada;Derramamento de carga;Sem V�timas;Plena Noite;Decrescente;C�u Claro;Simples;Reta;N�o;3;0;0;0;2;1;0;3;-15,82987371;-58,0673647;SPRF-MT;DEL03-MT;UOP01-DEL03-MT;;;
730822;09/11/2025;domingo;21:25:00;MG;153;57;MONTE ALEGRE DE MINAS;Convers�o proibida;Colis�o lateral mesmo sentido;Com V�timas Feridas;Plena Noite;Crescente;C�u Claro;Dupla;Aclive;N�o;3;0;1;0;1;1;1;3;-18,87102671;-49,06569779;SPRF-MG;DEL15-MG;UOP03-DEL15-MG;;;
730826;09/11/2025;domingo;23:00:00;MG;116;427,2;ALPERCATA;Transitar na contram�o;Colis�o frontal;Com V�timas Feridas;Plena Noite;Crescente;Chuva;Simples;Reta;Sim;2;0;1;0;1;0;1;2;-18,99290454;-41,98227882;SPRF-MG;DEL06-MG;UOP01-DEL06-MG;;;
730830;09/11/2025;domingo;23:45:00;MG;262;556;CORREGO DANTA;Velocidade Incompat�vel;Tombamento;Sem V�timas;Plena Noite;Decrescente;C�u Claro;Simples;Reta;N�o;1;0;0;0;1;0;0;1;-19,74942627;-45,98908838;SPRF-MG;DEL08-MG;UOP02-DEL08-MG;;;
730841;10/11/2025;segunda-feira;01:45:00;BA;116;19,5;VITORIA DA CONQUISTA;Ingest�o de �lcool pelo condutor;Colis�o traseira;Com V�timas Feridas;Plena Noite;Decrescente;Chuva;Simples;Reta;Sim;3;0;1;0;1;1;1;3;-14,893623;-40,821016;SPRF-PE;DEL05-PE;UOP03-DEL05-PE;;;
730857;09/11/2025;domingo;22:20:00;PR;163;132;CAPITAO LEONIDAS MARQUES;Aus�ncia de rea��o do condutor;Colis�o transversal;Com V�timas Feridas;Plena Noite;Crescente;C�u Claro;Dupla;Reta;N�o;2;0;1;0;1;0;1;2;-25,542432;-53,593792;SPRF-PR;DEL05-PR;UOP05-DEL05-PR;;;
730860;09/11/2025;domingo;20:45:00;GO;364;273;MINEIROS;Aus�ncia de rea��o do condutor;Colis�o traseira;Com V�timas Feridas;Plena Noite;Decrescente;C�u Claro;Simples;"Reta;Aclive";N�o;4;0;1;1;1;3;2;5;-17,63921;-52,371085;SPRF-GO;DEL05-GO;UOP01-DEL05-GO;;;
730862;10/11/2025;segunda-feira;07:05:00;RN;101;105;PARNAMIRIM;Condutor deixou de manter dist�ncia do ve�culo da frente;Colis�o traseira;Com V�timas Feridas;Pleno dia;Decrescente;Sol;Dupla;Reta;Sim;2;0;1;0;0;1;1;2;-5,90382694;-35,25973734;SPRF-RN;DEL01-RN;UOP01-DEL01-RN;;;
730864;10/11/2025;segunda-feira;06:50:00;PI;343;341,9;TERESINA;Convers�o proibida;Colis�o lateral mesmo sentido;Com V�timas Feridas;Pleno dia;Decrescente;C�u Claro;Dupla;Rotat�ria;Sim;3;0;1;1;1;0;2;2;-5,082948;-42,750365;SPRF-PI;DEL01-PI;UOP01-DEL01-PI;;;
730868;10/11/2025;segunda-feira;06:00:00;MG;381;946,3;EXTREMA;Velocidade Incompat�vel;Colis�o com objeto;Com V�timas Fatais;Pleno dia;Crescente;C�u Claro;Dupla;"Curva;Declive";N�o;7;2;2;0;3;0;2;6;-22,86195573;-46,34460121;SPRF-MG;DEL16-MG;UOP03-DEL16-MG;;;
730876;10/11/2025;segunda-feira;06:50:00;PR;373;172;PONTA GROSSA;Rea��o tardia ou ineficiente do condutor;Colis�o traseira;Com V�timas Feridas;Pleno dia;Crescente;Nublado;Dupla;"Aclive;Curva";N�o;3;0;0;1;1;1;1;3;-25,081388;-50,192222;SPRF-PR;DEL03-PR;UOP01-DEL03-PR;;;
730877;10/11/2025;segunda-feira;08:10:00;SC;116;246,9;LAGES;Acessar a via sem observar a presen�a dos outros ve�culos;Colis�o transversal;Com V�timas Feridas;Pleno dia;Crescente;C�u Claro;Simples;Rotat�ria;Sim;3;0;1;0;1;1;1;3;-27,8117092;-50,36821604;SPRF-SC;DEL05-SC;UOP02-DEL05-SC;;;
730880;10/11/2025;segunda-feira;06:40:00;PA;230;118;MARABA;Manobra de mudan�a de faixa;Colis�o transversal;Com V�timas Feridas;Pleno dia;Decrescente;Nublado;Dupla;Reta;Sim;4;0;2;0;1;1;2;3;-5,3508544;-49,10066915;SPRF-PA;DEL03-PA;UOP01-DEL03-PA;;;
730882;10/11/2025;segunda-feira;08:04:00;PE;232;251;ARCOVERDE;Ingest�o de �lcool pelo condutor;Engavetamento;Com V�timas Feridas;Pleno dia;Decrescente;C�u Claro;Simples;"Declive;Reta";Sim;4;0;1;0;3;0;1;4;-8,42894;-37,059718;SPRF-PE;DEL04-PE;UOP02-DEL04-PE;;;
730890;10/11/2025;segunda-feira;05:17:00;MT;70;688;CACERES;Acessar a via sem observar a presen�a dos outros ve�culos;Colis�o transversal;Com V�timas Feridas;Amanhecer;Decrescente;Sol;Simples;Reta;N�o;5;0;3;0;1;3;3;5;-16,217063;-57,419438;SPRF-MT;DEL03-MT;UOP01-DEL03-MT;;;
730897;10/11/2025;segunda-feira;04:10:00;MT;174;190;PORTO ESPERIDIAO;Demais falhas mec�nicas ou el�tricas;Inc�ndio;Sem V�timas;Plena Noite;Crescente;C�u Claro;Simples;Reta;N�o;2;0;0;0;1;1;0;2;-15,70667126;-58,70578766;SPRF-MT;DEL03-MT;UOP01-DEL03-MT;;;
730898;10/11/2025;segunda-feira;08:30:00;SC;101;137;BALNEARIO CAMBORIU;Rea��o tardia ou ineficiente do condutor;Colis�o traseira;Com V�timas Feridas;Pleno dia;Decrescente;Sol;Dupla;"Aclive;Reta";Sim;2;0;0;1;1;0;1;2;-27,02029419;-48,6094257;SPRF-SC;DEL04-SC;UOP03-DEL04-SC;;;
730901;10/11/2025;segunda-feira;10:30:00;RJ;116;80;TERESOPOLIS;Rea��o tardia ou ineficiente do condutor;Colis�o lateral mesmo sentido;Sem V�timas;Pleno dia;Decrescente;C�u Claro;Simples;Reta;Sim;3;0;0;0;2;1;0;3;-22,382971;-42,95715;SPRF-RJ;DEL04-RJ;UOP01-DEL04-RJ;;;
730904;10/11/2025;segunda-feira;10:50:00;PR;277;77;SAO JOSE DOS PINHAIS;Pedestre cruzava a pista fora da faixa;Atropelamento de Pedestre;Com V�timas Fatais;Pleno dia;Decrescente;C�u Claro;Dupla;Reta;Sim;3;1;0;0;1;1;0;3;-25,48735492;-49,18240992;SPRF-PR;DEL01-PR;UOP07-DEL01-PR;;;
730911;06/11/2025;quinta-feira;10:50:00;SP;116;44,5;CANAS;Aus�ncia de rea��o do condutor;Colis�o traseira;Com V�timas Feridas;Pleno dia;Decrescente;C�u Claro;Dupla;Reta;N�o;3;0;1;0;1;1;1;3;-22,70581;-45,041955;SPRF-SP;DEL08-SP;UOP02-DEL08-SP;;;
730913;31/10/2025;sexta-feira;10:06:00;CE;222;301,5;TIANGUA;Demais falhas mec�nicas ou el�tricas;Colis�o frontal;Com V�timas Fatais;Pleno dia;Crescente;Sol;Simples;"Declive;Curva";N�o;3;1;0;1;0;4;1;6;-3,66418984;-40,95688105;SPRF-CE;DEL04-CE;UOP02-DEL04-CE;;;
730923;10/11/2025;segunda-feira;10:45:00;SP;381;58,2;MAIRIPORA;Mal s�bito do condutor;Colis�o traseira;Com V�timas Feridas;Pleno dia;Crescente;C�u Claro;Dupla;Reta;N�o;2;0;1;0;1;0;1;2;-23,276884;-46,585813;SPRF-SP;DEL03-SP;UOP01-DEL03-SP;;;
730928;10/11/2025;segunda-feira;12:00:00;PE;232;59,2;POMBOS;Pedestre cruzava a pista fora da faixa;Atropelamento de Pedestre;Com V�timas Fatais;Pleno dia;Decrescente;C�u Claro;Dupla;Declive;Sim;2;1;0;0;0;1;0;2;-8,147348;-35,40052;SPRF-PE;DEL02-PE;UOP02-DEL02PE;;;
730932;10/11/2025;segunda-feira;06:20:00;BA;116;618,5;JAGUAQUARA;Transitar na contram�o;Colis�o frontal;Com V�timas Fatais;Pleno dia;Crescente;C�u Claro;Simples;"Declive;Reta";N�o;6;1;0;4;0;1;4;4;-13,396056;-40,023129;SPRF-BA;DEL03-BA;UOP02-DEL03-BA;;;
730937;15/10/2025;quarta-feira;18:50:00;PB;230;343;PATOS;Ultrapassagem Indevida;Colis�o frontal;Com V�timas Feridas;Plena Noite;Decrescente;C�u Claro;Simples;Reta;N�o;3;0;0;1;2;0;1;2;-6,97512;-37,344178;SPRF-PB;DEL03-PB;UOP01-DEL03-PB;;;
730938;10/11/2025;segunda-feira;13:10:00;RS;290;99,7;PORTO ALEGRE;Condutor deixou de manter dist�ncia do ve�culo da frente;Engavetamento;Com V�timas Feridas;Pleno dia;Crescente;C�u Claro;M�ltipla;"Reta;Viaduto";Sim;7;0;2;0;5;0;2;4;-29,98905094;-51,23420358;SPRF-RS;DEL01-RS;UOP01-DEL01-RS;;;
730940;10/11/2025;segunda-feira;13:25:00;GO;153;428;ANAPOLIS;Condutor Dormindo;Colis�o traseira;Com V�timas Feridas;Pleno dia;Decrescente;C�u Claro;Dupla;"Aclive;Reta";Sim;4;0;0;1;1;3;1;5;-16,260209;-48,986396;SPRF-GO;DEL02-GO;UOP01-DEL02-GO;;;
730945;10/11/2025;segunda-feira;14:16:00;SC;101;102,4;BALNEARIO PICARRAS;Entrada inopinada do pedestre;Atropelamento de Pedestre;Com V�timas Fatais;Pleno dia;Decrescente;Sol;M�ltipla;"Aclive;Reta";Sim;3;1;0;0;1;1;0;3;-26,779365;-48,684698;SPRF-SC;DEL03-SC;UOP02-DEL03-SC;;;
730947;10/11/2025;segunda-feira;14:20:00;MG;40;479,3;SETE LAGOAS;Condutor Dormindo;Colis�o traseira;Com V�timas Feridas;Pleno dia;Crescente;Sol;Dupla;"Reta;Declive";Sim;3;0;0;1;1;1;1;3;-19,53705;-44,25444;SPRF-MG;DEL02-MG;UOP01-DEL02-MG;;;
730948;08/11/2025;s�bado;11:00:00;BA;324;533;CONCEICAO DO JACUIPE;Problema com o freio;Colis�o lateral mesmo sentido;Com V�timas Feridas;Pleno dia;Decrescente;C�u Claro;Dupla;Reta;N�o;4;0;1;0;2;1;1;4;-12,3570366;-38,8285116;SPRF-BA;DEL01-BA;UOP03-DEL01-BA;;;