id;data_inversa;dia_semana;horario;uf;br;km;municipio;causa_acidente;tipo_acidente;classificacao_acidente;fase_dia;sentido_via;condicao_metereologica;tipo_pista;tracado_via;uso_solo;pessoas;mortos;feridos_leves;feridos_graves;ilesos;ignorados;feridos;veiculos;latitude;longitude;regional;delegacia;uop;;;
731205;11/11/2025;ter�a-feira;17:30:00;MS;262;407,9;TERENOS;Rea��o tardia ou ineficiente do condutor;Sa�da de leito carro��vel;Sem V�timas;Pleno dia;Decrescente;C�u Claro;Simples;Reta;N�o;1;0;0;0;1;0;0;1;-20,436314;-55,096193;SPRF-MS;DEL01-MS;UOP03-DEL01-MS;;;
731210;11/11/2025;ter�a-feira;19:30:00;SP;116;228,8;SAO PAULO;Manobra de mudan�a de faixa;Colis�o lateral mesmo sentido;Com V�timas Feridas;Plena Noite;Decrescente;Nublado;M�ltipla;Aclive;Sim;2;0;1;0;1;0;1;2;-23,50511532;-46,56853136;SPRF-SP;DEL01-SP;UOP01-DEL01-SP;;;
731211;11/11/2025;ter�a-feira;18:26:00;MG;40;571,4;ITABIRITO;Manobra de mudan�a de faixa;Colis�o lateral mesmo sentido;Com V�timas Feridas;Plena Noite;Crescente;Nublado;Simples;Reta;Sim;5;0;1;0;2;2;1;4;-20,228742;-43,969097;SPRF-MG;DEL01-MG;UOP02-DEL01-MG;;;
731213;11/11/2025;ter�a-feira;15:50:00;MG;40;752;EWBANK DA CAMARA;Rea��o tardia ou ineficiente do condutor;Colis�o traseira;Com V�timas Feridas;Pleno dia;Crescente;Sol;Simples;"Reta;Aclive";N�o;4;0;2;0;1;1;2;3;-21,53772119;-43,51135254;SPRF-MG;DEL05-MG;UOP01-DEL05-MG;;;
731217;11/11/2025;ter�a-feira;16:05:00;PR;369;381;MAMBORE;Rea��o tardia ou ineficiente do condutor;Colis�o lateral mesmo sentido;Com V�timas Feridas;Pleno dia;Decrescente;C�u Claro;Simples;Reta;N�o;3;0;0;1;0;2;1;3;-24,30374;-52,59662;SPRF-PR;DEL04-PR;UOP03-DEL04-PR;;;
731218;11/11/2025;ter�a-feira;08:50:00;RJ;393;274;BARRA DO PIRAI;Velocidade Incompat�vel;Tombamento;Com V�timas Feridas;Pleno dia;Crescente;Sol;Simples;"Declive;Curva";N�o;2;0;0;1;0;1;1;2;-22,4742917;-43,993755;SPRF-RJ;DEL05-RJ;UOP04-DEL05-RJ;;;
731221;11/11/2025;ter�a-feira;18:30:00;BA;110;358;CATU;Transitar na contram�o;Colis�o frontal;Com V�timas Fatais;Plena Noite;Decrescente;Nublado;Simples;Curva;N�o;4;1;0;0;2;2;0;5;-12,28571;-38,37614;SPRF-BA;DEL01-BA;UOP04-DEL01-BA;;;
731225;11/11/2025;ter�a-feira;21:35:00;GO;60;172;ABADIA DE GOIAS;Aus�ncia de rea��o do condutor;Colis�o traseira;Com V�timas Fatais;Plena Noite;Decrescente;Nublado;Dupla;"Reta;Aclive";N�o;3;1;0;0;1;1;0;3;-16,7468304;-49,4224732;SPRF-GO;DEL01-GO;UOP02-DEL01-GO;;;
731229;11/11/2025;ter�a-feira;19:30:00;SC;101;139;BALNEARIO CAMBORIU;Condutor deixou de manter dist�ncia do ve�culo da frente;Colis�o traseira;Com V�timas Feridas;Plena Noite;Crescente;Nublado;Dupla;"Curva;Aclive";Sim;2;0;0;1;0;1;1;2;-27,03380416;-48,60079305;SPRF-SC;DEL04-SC;UOP03-DEL04-SC;;;
731230;11/11/2025;ter�a-feira;17:20:00;RO;364;852;PORTO VELHO;Demais falhas mec�nicas ou el�tricas;Inc�ndio;Sem V�timas;Pleno dia;Decrescente;Sol;Simples;Reta;N�o;1;0;0;0;1;0;0;1;-9,478988;-64,773137;SPRF-RO;DEL01-RO;UOP02-DEL01-RO;;;
731235;11/11/2025;ter�a-feira;22:30:00;PR;277;0,5;PARANAGUA;Rea��o tardia ou ineficiente do condutor;Colis�o traseira;Com V�timas Feridas;Plena Noite;Decrescente;Nublado;Dupla;Reta;Sim;2;0;1;0;1;0;1;2;-25,55514811;-48,55892155;SPRF-PR;DEL01-PR;UOP05-DEL01-PR;;;
731246;12/11/2025;quarta-feira;00:20:00;SC;101;132;BALNEARIO CAMBORIU;Pedestre cruzava a pista fora da faixa;Atropelamento de Pedestre;Com V�timas Feridas;Plena Noite;Crescente;Nublado;M�ltipla;Reta;N�o;2;0;0;1;0;1;1;2;-27,00047133;-48,6423111;SPRF-SC;DEL04-SC;UOP03-DEL04-SC;;;
731253;12/11/2025;quarta-feira;02:30:00;PI;222;50,4;BRASILEIRA;Desvio tempor�rio;Tombamento;Com V�timas Feridas;Plena Noite;Crescente;C�u Claro;Simples;Reta;N�o;1;0;1;0;0;0;1;1;-4,130738;-41,60959;SPRF-PI;DEL02-PI;UOP01-DEL02-PI;;;
731254;12/11/2025;quarta-feira;01:47:00;MT;364;133;PEDRA PRETA;Aus�ncia de rea��o do condutor;Tombamento;Com V�timas Fatais;Plena Noite;Crescente;C�u Claro;Simples;"Declive;Curva";N�o;2;1;0;0;0;2;0;3;-16,7827169;-54,1640326;SPRF-MT;DEL02-MT;UOP01-DEL02-MT;;;
731256;12/11/2025;quarta-feira;04:50:00;PR;376;667,5;GUARATUBA;Demais falhas mec�nicas ou el�tricas;Colis�o lateral mesmo sentido;Com V�timas Fatais;Plena Noite;Crescente;Nublado;Simples;"Declive;Em Obras;Curva";N�o;20;1;13;3;1;2;16;5;-25,8634447;-48,9357855;SPRF-PR;DEL01-PR;UOP04-DEL01-PR;;;
731258;12/11/2025;quarta-feira;00:30:00;RS;0;0;SANTANA DO LIVRAMENTO;Animais na Pista;Derramamento de carga;Sem V�timas;Plena Noite;N�o Informado;C�u Claro;Simples;Reta;N�o;2;0;0;0;1;2;0;3;-30,73924133;-55,77508642;SPRF-RS;DEL11-RS;UOP01-DEL11-RS;;;
731262;12/11/2025;quarta-feira;05:15:00;PR;376;487;PONTA GROSSA;Aus�ncia de rea��o do condutor;Sa�da de leito carro��vel;Com V�timas Feridas;Amanhecer;Decrescente;C�u Claro;Dupla;"Reta;Declive";N�o;2;0;1;0;0;1;1;2;-25,120178;-50,184962;SPRF-PR;DEL03-PR;UOP04-DEL03-PR;;;
731264;12/11/2025;quarta-feira;05:40:00;SP;116;545;BARRA DO TURVO;Velocidade Incompat�vel;Tombamento;Com V�timas Feridas;Pleno dia;Decrescente;C�u Claro;Simples;"Declive;Curva";N�o;2;0;1;0;0;2;1;3;-24,96664982;-48,45043874;SPRF-SP;DEL05-SP;UOP02-DEL05-SP;;;
731265;03/11/2025;segunda-feira;13:05:00;MS;158;28;PARANAIBA;Pedestre andava na pista;Atropelamento de Pedestre;Com V�timas Feridas;Pleno dia;Crescente;C�u Claro;Simples;Reta;N�o;3;0;0;1;1;1;1;3;-19,21863283;-51,52382188;SPRF-MS;DEL08-MS;UOP01-DEL08-MS;;;
731267;12/11/2025;quarta-feira;05:45:00;RO;364;6;VILHENA;Acessar a via sem observar a presen�a dos outros ve�culos;Colis�o traseira;Com V�timas Feridas;Pleno dia;Crescente;Nublado;Simples;Reta;N�o;3;0;1;0;1;3;1;5;-12,78266012;-60,0909555;SPRF-RO;DEL04-RO;UOP01-DEL04-RO;;;
731291;12/11/2025;quarta-feira;05:30:00;RJ;40;21;TRES RIOS;Condutor Dormindo;Sa�da de leito carro��vel;Com V�timas Feridas;Amanhecer;Decrescente;C�u Claro;Dupla;Reta;Sim;3;0;2;0;1;0;2;1;-22,120123;-43,15973;SPRF-RJ;DEL05-RJ;UOP02-DEL05-RJ;;;
731299;12/11/2025;quarta-feira;06:30:00;RJ;116;188;NOVA IGUACU;Aus�ncia de rea��o do condutor;Colis�o traseira;Com V�timas Feridas;Pleno dia;Decrescente;C�u Claro;Dupla;Reta;Sim;7;0;1;1;5;0;2;4;-22,73823947;-43,48279238;SPRF-RJ;DEL06-RJ;UOP01-DEL06-RJ;;;
731300;12/11/2025;quarta-feira;08:50:00;DF;60;4;BRASILIA;Acessar a via sem observar a presen�a dos outros ve�culos;Colis�o transversal;Com V�timas Feridas;Pleno dia;Decrescente;C�u Claro;M�ltipla;"Retorno Regulamentado;Reta";Sim;2;0;1;0;1;0;1;2;-15,892397;-48,094857;SPRF-DF;DEL03-DF;UOP01-DEL03-DF;;;
731302;12/11/2025;quarta-feira;07:40:00;BA;116;357;SERRINHA;Convers�o proibida;Colis�o transversal;Com V�timas Feridas;Pleno dia;Crescente;Chuva;Simples;"Interse��o de Vias;Declive";Sim;2;0;0;1;1;0;1;2;-11,6506488;-38,99146494;SPRF-BA;DEL02-BA;UOP01-DEL02-BA;;;
731305;12/11/2025;quarta-feira;10:25:00;SP;116;157;SAO JOSE DOS CAMPOS;Aus�ncia de rea��o do condutor;Colis�o lateral mesmo sentido;Com V�timas Feridas;Pleno dia;Crescente;Sol;M�ltipla;Reta;N�o;3;0;1;0;1;1;1;3;-23,25763;-45,94707;SPRF-SP;DEL02-SP;UOP01-DEL02-SP;;;
731306;12/11/2025;quarta-feira;10:00:00;SC;101;130,4;BALNEARIO CAMBORIU;Aus�ncia de rea��o do condutor;Colis�o traseira;Sem V�timas;Pleno dia;Decrescente;Nublado;Dupla;Reta;N�o;2;0;0;0;0;2;0;2;-26,99263891;-48,66097625;SPRF-SC;DEL04-SC;UOP03-DEL04-SC;;;
731310;12/11/2025;quarta-feira;11:30:00;ES;262;65,7;MARECHAL FLORIANO;Acessar a via sem observar a presen�a dos outros ve�culos;Colis�o transversal;Com V�timas Feridas;Pleno dia;Decrescente;Sol;Simples;Retorno Regulamentado;N�o;2;0;1;0;1;0;1;2;-20,41261264;-40,83152867;SPRF-ES;DEL01-ES;UOP02-DEL01-ES;;;
731316;12/11/2025;quarta-feira;10:20:00;TO;10;475,7;PALMAS;Mal s�bito do condutor;Colis�o frontal;Com V�timas Feridas;Pleno dia;Crescente;C�u Claro;Simples;"Reta;Declive";N�o;4;0;1;1;2;0;2;3;-10,236223;-48,22063;SPRF-TO;DEL01-TO;UOP03-DEL01-TO;;;
731321;12/11/2025;quarta-feira;12:45:00;MG;381;832;SAO SEBASTIAO DA BELA VISTA;Rea��o tardia ou ineficiente do condutor;Sa�da de leito carro��vel;Com V�timas Feridas;Pleno dia;Crescente;Sol;Dupla;Reta;N�o;1;0;1;0;0;0;1;1;-22,1266728;-45,79891205;SPRF-MG;DEL16-MG;UOP01-DEL16-MG;;;
731329;12/11/2025;quarta-feira;08:45:00;RO;364;514,6;ARIQUEMES;Rea��o tardia ou ineficiente do condutor;Colis�o transversal;Sem V�timas;Pleno dia;Crescente;Nublado;Simples;Reta;Sim;3;0;0;0;2;1;0;3;-9,927876;-63,054237;SPRF-RO;DEL03-RO;UOP01-DEL03-RO;;;
731331;12/11/2025;quarta-feira;11:58:00;RJ;40;114;DUQUE DE CAXIAS;Aus�ncia de rea��o do condutor;Colis�o traseira;Com V�timas Feridas;Pleno dia;Crescente;C�u Claro;Dupla;Reta;Sim;2;0;1;0;1;0;1;2;-22,71651898;-43,29009651;SPRF-RJ;DEL01-RJ;UOP02-DEL01-RJ;;;
731332;08/11/2025;s�bado;11:00:00;PR;116;66,1;QUATRO BARRAS;Manobra de mudan�a de faixa;Engavetamento;Com V�timas Feridas;Pleno dia;Decrescente;Sol;Dupla;Reta;N�o;5;0;2;0;1;5;2;7;-25,31058882;-49,01249886;SPRF-PR;DEL01-PR;UOP02-DEL01-PR;;;
731338;12/11/2025;quarta-feira;14:40:00;BA;324;581;CANDEIAS;Velocidade Incompat�vel;Engavetamento;Sem V�timas;Pleno dia;Decrescente;Chuva;Dupla;Reta;N�o;5;0;0;0;4;1;0;5;-12,610725;-38,490763;SPRF-BA;DEL01-BA;UOP01-DEL01-BA;;;
731342;12/11/2025;quarta-feira;08:30:00;SP;153;228,6;MARILIA;Ultrapassagem Indevida;Colis�o lateral sentido oposto;Com V�timas Feridas;Pleno dia;Decrescente;C�u Claro;Simples;Reta;N�o;5;0;0;1;3;2;1;6;-22,07203916;-49,90149021;SPRF-SP;DEL07-SP;UOP02-DEL07-SP;;;
731346;12/11/2025;quarta-feira;11:45:00;MA;135;181,4;SAO MATEUS DO MARANHAO;Acessar a via sem observar a presen�a dos outros ve�culos;Colis�o transversal;Com V�timas Feridas;Pleno dia;Decrescente;C�u Claro;Simples;"Reta;Em Obras";Sim;4;0;2;0;2;0;2;2;-4,032692;-44,466128;SPRF-MA;DEL03-MA;UOP01-DEL03-MA;;;
731347;12/11/2025;quarta-feira;15:40:00;RJ;101;237;SILVA JARDIM;Demais falhas mec�nicas ou el�tricas;Sa�da de leito carro��vel;Com V�timas Feridas;Pleno dia;Crescente;C�u Claro;Dupla;Curva;Sim;2;0;1;0;1;0;1;1;-22,6801081;-42,52611939;SPRF-RJ;DEL02-RJ;UOP03-DEL02-RJ;;;
731348;12/11/2025;quarta-feira;15:35:00;ES;101;270;SERRA;Aus�ncia de rea��o do condutor;Colis�o traseira;Com V�timas Feridas;Pleno dia;Crescente;C�u Claro;Dupla;Interse��o de Vias;N�o;3;0;1;0;1;2;1;4;-20,04885;-40,3866983;SPRF-ES;DEL02-ES;UOP01-DEL02-ES;;;
731349;12/11/2025;quarta-feira;12:00:00;BA;101;944;MUCURI;Aus�ncia de rea��o do condutor;Colis�o lateral sentido oposto;Com V�timas Feridas;Pleno dia;Crescente;C�u Claro;Simples;Reta;N�o;4;0;0;2;1;3;2;5;-18,11844477;-39,88861084;SPRF-BA;DEL09-BA;UOP02-DEL09-BA;;;
731351;12/11/2025;quarta-feira;15:40:00;SP;116;229;SAO PAULO;Rea��o tardia ou ineficiente do condutor;Colis�o traseira;Com V�timas Feridas;Pleno dia;Crescente;C�u Claro;M�ltipla;Reta;Sim;3;0;0;1;1;1;1;3;-23,50891297;-46,57278299;SPRF-SP;DEL01-SP;UOP01-DEL01-SP;;;
731354;17/10/2025;sexta-feira;12:00:00;SP;381;38;ATIBAIA;Rea��o tardia ou ineficiente do condutor;Colis�o lateral mesmo sentido;Com V�timas Feridas;Pleno dia;Decrescente;Nublado;Dupla;"Declive;Reta";Sim;5;0;1;0;3;1;1;5;-23,11138392;-46,57130778;SPRF-SP;DEL03-SP;UOP01-DEL03-SP;;;
731358;12/11/2025;quarta-feira;16:00:00;SP;381;42;ATIBAIA;Acumulo de �leo sobre o pavimento;Queda de ocupante de ve�culo;Com V�timas Feridas;Pleno dia;Crescente;Sol;M�ltipla;Reta;Sim;2;0;1;0;1;0;1;2;-23,15302318;-46,57409459;SPRF-SP;DEL03-SP;UOP01-DEL03-SP;;;
731361;12/11/2025;quarta-feira;16:10:00;BA;110;185;RIBEIRA DO POMBAL;Acessar a via sem observar a presen�a dos outros ve�culos;Colis�o transversal;Com V�timas Fatais;Pleno dia;Decrescente;C�u Claro;Simples;"Aclive;Interse��o de Vias;Reta";N�o;5;1;0;4;0;0;4;3;-10,929357;-38,518807;SPRF-BA;DEL07-BA;UOP02-DEL07-BA;;;
731362;12/11/2025;quarta-feira;14:05:00;MT;163;629;NOVA MUTUM;Acessar a via sem observar a presen�a dos outros ve�culos;Colis�o transversal;Com V�timas Feridas;Pleno dia;Crescente;C�u Claro;Simples;"Em Obras;Reta";N�o;24;0;1;0;22;3;1;5;-13,544844;-56,027301;SPRF-MT;DEL01-MT;UOP01-DEL01-MT;;;
731363;12/11/2025;quarta-feira;15:45:00;PE;104;65,1;CARUARU;Condutor deixou de manter dist�ncia do ve�culo da frente;Colis�o traseira;Com V�timas Feridas;Pleno dia;Crescente;C�u Claro;Dupla;Reta;Sim;2;0;1;0;1;0;1;2;-8,27928;-35,98141;SPRF-PE;DEL02-PE;UOP01-DEL02-PE;;;
731366;12/11/2025;quarta-feira;14:20:00;AL;101;16,5;NOVO LINO;Afundamento ou ondula��o no pavimento;Colis�o com objeto;Com V�timas Feridas;Pleno dia;Crescente;C�u Claro;Dupla;Curva;N�o;2;0;0;1;0;1;1;2;-9,0031144;-35,67556255;SPRF-AL;DEL01-AL;UOP02-DEL01-AL;;;
731367;12/11/2025;quarta-feira;12:00:00;RR;174;283,8;CARACARAI;Problema na suspens�o;Tombamento;Com V�timas Feridas;Pleno dia;Crescente;Sol;Simples;Reta;N�o;2;0;1;0;0;2;1;3;1,4051737;-60,6545219;SPRF-RR;DEL01-RR;UOP01-DEL01-RR;;;
731368;12/11/2025;quarta-feira;14:20:00;MT;364;160;PEDRA PRETA;Condutor Dormindo;Sa�da de leito carro��vel;Com V�timas Feridas;Pleno dia;Decrescente;C�u Claro;Simples;Reta;N�o;2;0;0;1;0;1;1;2;-16,6676858;-54,3097906;SPRF-MT;DEL02-MT;UOP01-DEL02-MT;;;
731370;12/11/2025;quarta-feira;15:20:00;PI;343;347;TERESINA;Manobra de mudan�a de faixa;Colis�o lateral mesmo sentido;Com V�timas Feridas;Pleno dia;Decrescente;C�u Claro;Dupla;Ponte;Sim;3;0;1;0;2;0;1;3;-5,11480481;-42,77848411;SPRF-PI;DEL01-PI;UOP01-DEL01-PI;;;
731374;12/11/2025;quarta-feira;17:05:00;SC;101;77,5;ARAQUARI;Ingest�o de �lcool pelo condutor;Colis�o transversal;Sem V�timas;Pleno dia;Decrescente;C�u Claro;Dupla;Curva;N�o;2;0;0;0;1;1;0;2;-26,573791;-48,722654;SPRF-SC;DEL03-SC;UOP02-DEL03-SC;;;
731381;12/11/2025;quarta-feira;14:20:00;MA;316;560,1;CAXIAS;Condutor Dormindo;Colis�o lateral sentido oposto;Com V�timas Feridas;Pleno dia;Crescente;Sol;Simples;Curva;N�o;2;0;1;0;1;0;1;2;-4,8745065;-43,3873646;SPRF-MA;DEL03-MA;UOP02-DEL03-MA;;;
731385;12/11/2025;quarta-feira;15:10:00;BA;116;716,2;MANOEL VITORINO;Aus�ncia de rea��o do condutor;Tombamento;Sem V�timas;Pleno dia;Decrescente;Nublado;Simples;Curva;N�o;2;0;0;0;1;1;0;2;-14,18426225;-40,26328325;SPRF-BA;DEL08-BA;UOP02-DEL08-BA;;;
731395;12/11/2025;quarta-feira;17:15:00;GO;153;682,2;ITUMBIARA;Demais falhas mec�nicas ou el�tricas;Inc�ndio;Sem V�timas;Pleno dia;Crescente;C�u Claro;Dupla;Reta;N�o;3;0;0;0;2;1;0;2;-18,233924;-49,260655;SPRF-GO;DEL03-GO;UOP02-DEL03-GO;;;
731397;12/11/2025;quarta-feira;19:00:00;ES;101;222,7;IBIRACU;Acessar a via sem observar a presen�a dos outros ve�culos;Atropelamento de Pedestre;Com V�timas Feridas;Plena Noite;Crescente;C�u Claro;Simples;"Reta;Ponte";N�o;2;0;0;1;0;1;1;2;-19,8727221;-40,4126417;SPRF-ES;DEL02-ES;UOP01-DEL02-ES;;;
731398;12/11/2025;quarta-feira;16:30:00;MT;163;880;CLAUDIA;Ultrapassagem Indevida;Sa�da de leito carro��vel;Com V�timas Feridas;Pleno dia;Crescente;C�u Claro;Simples;"Reta;Aclive";N�o;2;0;1;0;0;1;1;2;-11,490757;-55,362977;SPRF-MT;DEL06-MT;UOP02-DEL06-MT;;;
731415;12/11/2025;quarta-feira;12:49:00;PI;316;276;DOM EXPEDITO LOPES;Demais falhas mec�nicas ou el�tricas;Sa�da de leito carro��vel;Com V�timas Feridas;Pleno dia;Decrescente;C�u Claro;Simples;"Interse��o de Vias;Reta;Aclive";N�o;2;0;1;0;0;1;1;2;-6,955993;-41,71697;SPRF-PI;DEL04-PI;UOP01-DEL04-PI;;;
731417;12/11/2025;quarta-feira;20:57:00;MG;381;487;BETIM;Condutor deixou de manter dist�ncia do ve�culo da frente;Engavetamento;Com V�timas Feridas;Plena Noite;Crescente;C�u Claro;M�ltipla;"Declive;Reta";Sim;5;0;1;0;2;2;1;5;-19,95647722;-44,11880918;SPRF-MG;DEL01-MG;UOP03-DEL01-MG;;;
731419;12/11/2025;quarta-feira;17:15:00;SC;116;304,1;CAPAO ALTO;Rea��o tardia ou ineficiente do condutor;Sa�da de leito carro��vel;Com V�timas Feridas;Pleno dia;Crescente;Nublado;Simples;"Curva;Declive";N�o;2;0;1;0;0;2;1;3;-28,19563;-50,71815;SPRF-SC;DEL05-SC;UOP02-DEL05-SC;;;
731420;12/11/2025;quarta-feira;19:40:00;PR;376;161;MANDAGUACU;Manobra de mudan�a de faixa;Colis�o lateral mesmo sentido;Com V�timas Feridas;Plena Noite;Decrescente;Nublado;Dupla;"Reta;Aclive";N�o;4;0;1;0;2;1;1;3;-23,36563366;-52,07909703;SPRF-PR;DEL09-PR;UOP02-DEL09-PR;;;
731421;12/11/2025;quarta-feira;16:45:00;SC;282;502,5;XANXERE;Carga excessiva e/ou mal acondicionada;Derramamento de carga;Sem V�timas;Pleno dia;Crescente;Chuva;Dupla;Retorno Regulamentado;Sim;2;0;0;0;1;1;0;2;-26,8851929;-52,39475348;SPRF-SC;DEL07-SC;UOP01-DEL07-SC;;;
731423;12/11/2025;quarta-feira;16:00:00;GO;452;142;BOM JESUS DE GOIAS;Aus�ncia de rea��o do condutor;Colis�o traseira;Com V�timas Feridas;Pleno dia;Decrescente;C�u Claro;Simples;"Reta;Aclive";N�o;4;0;2;0;1;2;2;4;-18,26266383;-49,67445379;SPRF-GO;DEL03-GO;UOP02-DEL03-GO;;;
731426;12/11/2025;quarta-feira;20:39:00;ES;101;148,9;LINHARES;Suic�dio (presumido);Eventos at�picos;Com V�timas Feridas;Plena Noite;Decrescente;Nublado;Simples;"Reta;Viaduto";Sim;3;0;0;1;1;1;1;3;-19,39892545;-40,06293297;SPRF-ES;DEL04-ES;UOP01-DEL04-ES;;;
731428;12/11/2025;quarta-feira;17:45:00;PR;158;510,9;CORONEL VIVIDA;Rea��o tardia ou ineficiente do condutor;Colis�o traseira;Com V�timas Feridas;Pleno dia;Crescente;Chuva;Simples;"Declive;Curva";N�o;3;0;0;1;1;2;1;4;-26,04781888;-52,62378216;SPRF-PR;DEL02-PR;UOP01-DEL02-PR;;;
731429;12/11/2025;quarta-feira;19:13:00;RO;364;339;JI-PARANA;Chuva;Colis�o traseira;Com V�timas Feridas;Plena Noite;Crescente;Chuva;Dupla;"Reta;Interse��o de Vias";Sim;2;0;1;0;1;0;1;2;-10,90326391;-61,93029553;SPRF-RO;DEL02-RO;UOP01-DEL02-RO;;;
731432;12/11/2025;quarta-feira;20:35:00;MG;381;680,5;RIBEIRAO VERMELHO;Acesso irregular;Colis�o traseira;Com V�timas Feridas;Plena Noite;Crescente;C�u Claro;Dupla;"Reta;Declive";N�o;5;0;1;0;3;4;1;8;-21,1304733;-45,10193394;SPRF-MG;DEL04-MG;UOP02-DEL04-MG;;;
731438;12/11/2025;quarta-feira;22:10:00;PR;116;7;QUATRO BARRAS;Condutor deixou de manter dist�ncia do ve�culo da frente;Colis�o traseira;Com V�timas Feridas;Plena Noite;Crescente;Chuva;Dupla;Reta;Sim;2;0;1;0;1;0;1;2;-25,369;-49,109;SPRF-PR;DEL01-PR;UOP02-DEL01-PR;;;
731439;12/11/2025;quarta-feira;17:40:00;BA;418;81;NOVA VICOSA;Transitar na contram�o;Colis�o frontal;Com V�timas Feridas;Anoitecer;Decrescente;C�u Claro;Simples;Reta;N�o;3;0;0;1;1;1;1;3;-17,8762;-39,771366;SPRF-BA;DEL09-BA;UOP02-DEL09-BA;;;
731440;12/11/2025;quarta-feira;22:20:00;RS;158;334;SANTA MARIA;Aus�ncia de rea��o do condutor;Colis�o traseira;Com V�timas Feridas;Plena Noite;Decrescente;Nublado;Simples;"Aclive;Reta";N�o;3;0;0;1;1;1;1;3;-29,707426;-53,875993;SPRF-RS;DEL09-RS;UOP01-DEL09-RS;;;
731441;12/11/2025;quarta-feira;16:15:00;PR;158;512,6;PATO BRANCO;Aus�ncia de rea��o do condutor;Colis�o com objeto;Sem V�timas;Pleno dia;Crescente;Chuva;Simples;"Reta;Ponte";N�o;2;0;0;0;1;1;0;2;-26,06040685;-52,63163567;SPRF-PR;DEL02-PR;UOP01-DEL02-PR;;;
731444;12/11/2025;quarta-feira;22:30:00;MS;163;168;JUTI;Aus�ncia de rea��o do condutor;Colis�o com objeto;Com V�timas Feridas;Pleno dia;Decrescente;C�u Claro;Simples;Reta;N�o;2;0;1;0;0;2;1;3;-22,88860808;-54,5817887;SPRF-MS;DEL09-MS;UOP01-DEL09-MS;;;
731445;12/11/2025;quarta-feira;17:10:00;BA;242;352;LENCOIS;Rea��o tardia ou ineficiente do condutor;Sa�da de leito carro��vel;Com V�timas Feridas;Pleno dia;Crescente;Nublado;Simples;"Declive;Curva";N�o;2;0;1;0;0;2;1;3;-12,49146886;-41,32596055;SPRF-BA;DEL06-BA;UOP02-DEL06-BA;;;
731450;12/11/2025;quarta-feira;19:40:00;MG;40;192;JOAO PINHEIRO;Acessar a via sem observar a presen�a dos outros ve�culos;Colis�o transversal;Com V�timas Feridas;Plena Noite;Decrescente;C�u Claro;Simples;Reta;N�o;3;0;1;1;0;1;2;3;-18,000448;-45,87501;SPRF-MG;DEL14-MG;UOP02-DEL14-MG;;;
731452;12/11/2025;quarta-feira;19:36:00;AC;364;116;RIO BRANCO;Transitar na contram�o;Colis�o frontal;Com V�timas Feridas;Plena Noite;Decrescente;C�u Claro;Simples;Reta;N�o;3;0;0;1;1;1;1;3;-10,0128094;-67,7288793;SPRF-AC;DEL01-AC;UOP01-DEL01-AC;;;
731453;12/11/2025;quarta-feira;19:45:00;MT;364;483;JANGADA;Condutor deixou de manter dist�ncia do ve�culo da frente;Colis�o traseira;Com V�timas Feridas;Plena Noite;Crescente;C�u Claro;Simples;Reta;N�o;5;0;0;3;1;3;3;5;-15,3256095;-56,42711163;SPRF-MT;DEL01-MT;UOP02-DEL01-MT;;;
731455;13/11/2025;quinta-feira;00:45:00;PB;101;90,9;JOAO PESSOA;Rea��o tardia ou ineficiente do condutor;Colis�o traseira;Sem V�timas;Plena Noite;Crescente;C�u Claro;Dupla;Reta;Sim;2;0;0;0;1;1;0;2;-7,18529825;-34,90206063;SPRF-PB;DEL01-PB;UOP01-DEL01-PB;;;
731456;13/11/2025;quinta-feira;00:01:00;MT;163;811;SINOP;Ingest�o de �lcool pelo condutor;Colis�o lateral sentido oposto;Sem V�timas;Plena Noite;Crescente;Nublado;Simples;Reta;N�o;4;0;0;0;3;1;0;3;-12,08775119;-55,51786423;SPRF-MT;DEL06-MT;UOP02-DEL06-MT;;;
731458;13/11/2025;quinta-feira;01:30:00;PA;230;130;MARABA;Acessar a via sem observar a presen�a dos outros ve�culos;Colis�o transversal;Com V�timas Fatais;Plena Noite;Crescente;Ignorado;Simples;"Interse��o de Vias;Reta";N�o;2;1;0;0;0;1;0;2;-5,36974715;-49,19198155;SPRF-PA;DEL03-PA;UOP01-DEL03-PA;;;
731460;13/11/2025;quinta-feira;01:50:00;SC;101;123,9;ITAJAI;Aus�ncia de rea��o do condutor;Colis�o traseira;Com V�timas Feridas;Plena Noite;Crescente;Nublado;Dupla;Reta;N�o;2;0;1;0;1;0;1;2;-26,94253289;-48,69318422;SPRF-SC;DEL04-SC;UOP04-DEL04-SC;;;
731463;13/11/2025;quinta-feira;04:00:00;MG;381;921,1;CAMANDUCAIA;Curva acentuada;Tombamento;Com V�timas Feridas;Plena Noite;Crescente;C�u Claro;Dupla;Curva;N�o;2;0;1;0;0;1;1;2;-22,76136507;-46,16827447;SPRF-MG;DEL16-MG;UOP03-DEL16-MG;;;
731469;13/11/2025;quinta-feira;04:40:00;PA;10;222;IPIXUNA DO PARA;Ilumina��o deficiente;Colis�o traseira;Com V�timas Feridas;Amanhecer;Decrescente;Nublado;Simples;Aclive;N�o;5;0;3;0;1;1;3;2;-2,489922;-47,510487;SPRF-PA;DEL02-PA;UOP01-DEL02-PA;;;