id;data_inversa;dia_semana;horario;uf;br;km;municipio;causa_acidente;tipo_acidente;classificacao_acidente;fase_dia;sentido_via;condicao_metereologica;tipo_pista;tracado_via;uso_solo;pessoas;mortos;feridos_leves;feridos_graves;ilesos;ignorados;feridos;veiculos;latitude;longitude;regional;delegacia;uop;;;
731473;13/11/2025;quinta-feira;05:30:00;PE;101;81;JABOATAO DOS GUARARAPES;Trafegar com motocicleta (ou similar) entre as faixas;Colis�o lateral mesmo sentido;Com V�timas Feridas;Pleno dia;Crescente;C�u Claro;Dupla;Reta;Sim;4;0;0;1;2;2;1;5;-8,162733;-34,938262;SPRF-PE;DEL01-PE;UOP01-DEL01-PE;;;
731475;13/11/2025;quinta-feira;06:40:00;GO;40;27,2;LUZIANIA;Acessar a via sem observar a presen�a dos outros ve�culos;Colis�o traseira;Com V�timas Feridas;Pleno dia;Decrescente;C�u Claro;Dupla;"Reta;Interse��o de Vias";N�o;3;0;1;0;1;1;1;3;-16,268327;-47,88335;SPRF-DF;DEL01-DF;UOP01-DEL01-DF;;;
731476;13/11/2025;quinta-feira;05:58:00;SP;116;567;BARRA DO TURVO;Rea��o tardia ou ineficiente do condutor;Colis�o com objeto;Sem V�timas;Pleno dia;Crescente;C�u Claro;Simples;"Declive;Curva";N�o;2;0;0;0;1;1;0;2;-25,050275;-48,553837;SPRF-SP;DEL05-SP;UOP02-DEL05-SP;;;
731482;13/11/2025;quinta-feira;04:42:00;MS;262;187,4;RIBAS DO RIO PARDO;Rea��o tardia ou ineficiente do condutor;Colis�o traseira;Com V�timas Feridas;Amanhecer;Crescente;Nublado;Simples;"Reta;Aclive";N�o;5;0;1;0;3;1;1;3;-20,439617;-53,269171;SPRF-MS;DEL07-MS;UOP02-DEL07-MS;;;
731484;13/11/2025;quinta-feira;07:00:00;BA;324;542;AMELIA RODRIGUES;Entrada inopinada do pedestre;Atropelamento de Pedestre;Com V�timas Feridas;Pleno dia;Decrescente;C�u Claro;Dupla;Reta;Sim;4;0;0;1;1;2;1;3;-12,3999894;-38,7604501;SPRF-BA;DEL01-BA;UOP03-DEL01-BA;;;
731488;13/11/2025;quinta-feira;07:30:00;RS;392;15,5;RIO GRANDE;Rea��o tardia ou ineficiente do condutor;Colis�o traseira;Com V�timas Feridas;Pleno dia;Decrescente;C�u Claro;Dupla;Reta;N�o;5;0;0;2;2;1;2;4;-32,10501341;-52,16223836;SPRF-RS;DEL07-RS;UOP02-DEL07-RS;;;
731489;13/11/2025;quinta-feira;02:30:00;MG;262;42,1;MANHUACU;Ingest�o de �lcool pelo condutor;Tombamento;Com V�timas Feridas;Plena Noite;Crescente;C�u Claro;Simples;Curva;N�o;2;0;1;0;0;1;1;2;-20,263184;-42,080354;SPRF-MG;DEL06-MG;UOP03-DEL06-MG;;;
731490;13/11/2025;quinta-feira;06:20:00;AL;101;173;TEOTONIO VILELA;Mal s�bito do condutor;Colis�o traseira;Com V�timas Fatais;Pleno dia;Crescente;C�u Claro;Dupla;Reta;N�o;2;1;0;0;1;0;0;2;-9,90935874;-36,34176278;SPRF-AL;DEL02-AL;UOP02-DEL02-AL;;;
731494;30/04/2025;quarta-feira;15:15:00;SC;282;592,9;SAUDADES;Velocidade Incompat�vel;Colis�o frontal;Com V�timas Fatais;Pleno dia;Decrescente;Sol;Simples;"Aclive;Curva";N�o;3;1;0;0;1;1;0;3;-26,8260392;-53,1018286;SPRF-SC;DEL07-SC;UOP02-DEL07-SC;;;
731502;13/11/2025;quinta-feira;08:00:00;RS;287;368,2;JAGUARI;Rea��o tardia ou ineficiente do condutor;Colis�o traseira;Com V�timas Feridas;Pleno dia;Crescente;C�u Claro;Simples;"Reta;Declive;Em Obras";N�o;3;0;1;0;1;1;1;3;-29,41438389;-54,72649241;SPRF-RS;DEL12-RS;UOP02-DEL12-RS;;;
731506;13/11/2025;quinta-feira;07:48:00;PR;277;314;PRUDENTOPOLIS;Demais falhas mec�nicas ou el�tricas;Inc�ndio;Sem V�timas;Pleno dia;Decrescente;C�u Claro;Simples;Reta;N�o;2;0;0;0;1;2;0;3;-25,31671837;-51,19697571;SPRF-PR;DEL08-PR;UOP01-DEL08-PR;;;
731508;13/11/2025;quinta-feira;08:00:00;SC;282;53;AGUAS MORNAS;Rea��o tardia ou ineficiente do condutor;Colis�o traseira;Sem V�timas;Pleno dia;Decrescente;C�u Claro;Simples;"Reta;Declive";N�o;3;0;0;0;2;2;0;4;-27,69192636;-48,97031307;SPRF-SC;DEL01-SC;UOP03-DEL01-SC;;;
731513;28/10/2025;ter�a-feira;12:28:00;PA;155;341;MARABA;Frear bruscamente;Engavetamento;Sem V�timas;Pleno dia;Decrescente;C�u Claro;Simples;Reta;Sim;6;0;0;0;5;3;0;6;-5,387271;-49,079014;SPRF-PA;DEL03-PA;UOP01-DEL03-PA;;;
731525;13/11/2025;quinta-feira;10:50:00;MG;262;353;JUATUBA;Manobra de mudan�a de faixa;Colis�o lateral mesmo sentido;Com V�timas Feridas;Pleno dia;Crescente;C�u Claro;Dupla;Reta;N�o;4;0;2;0;2;0;2;2;-19,9820607;-44,24666405;SPRF-MG;DEL01-MG;UOP03-DEL01-MG;;;
731531;07/11/2025;sexta-feira;06:00:00;MS;267;177;NOVA ALVORADA DO SUL;Demais falhas mec�nicas ou el�tricas;Inc�ndio;Sem V�timas;Pleno dia;Crescente;C�u Claro;Simples;Reta;N�o;3;0;0;0;2;2;0;3;-21,61295;-53,730993;SPRF-MS;DEL02-MS;UOP03-DEL02-MS;;;
731535;13/11/2025;quinta-feira;11:40:00;RS;287;248;SANTA MARIA;Aus�ncia de rea��o do condutor;Engavetamento;Com V�timas Feridas;Pleno dia;Decrescente;C�u Claro;Dupla;Reta;Sim;5;0;1;0;4;0;1;4;-29,695537;-53,854546;SPRF-RS;DEL09-RS;UOP01-DEL09-RS;;;
731537;13/11/2025;quinta-feira;08:00:00;MA;222;324;VITORIA DO MEARIM;Demais falhas mec�nicas ou el�tricas;Tombamento;Sem V�timas;Pleno dia;Crescente;C�u Claro;Simples;"Aclive;Reta";N�o;2;0;0;0;1;3;0;4;-3,597182;-44,998272;SPRF-MA;DEL02-MA;UOP01-DEL02-MA;;;
731541;13/11/2025;quinta-feira;13:09:00;MG;381;501;BETIM;Aus�ncia de rea��o do condutor;Colis�o traseira;Com V�timas Feridas;Pleno dia;Decrescente;C�u Claro;Dupla;Reta;N�o;10;0;4;0;5;2;4;10;-20,0089804;-44,21703851;SPRF-MG;DEL01-MG;UOP03-DEL01-MG;;;
731547;13/11/2025;quinta-feira;11:35:00;SP;116;300;SAO LOURENCO DA SERRA;Carga excessiva e/ou mal acondicionada;Inc�ndio;Sem V�timas;Pleno dia;Decrescente;Nublado;Dupla;"Reta;Aclive";N�o;2;0;0;0;1;1;0;2;-23,8034719;-46,91863972;SPRF-SP;DEL04-SP;UOP01-DEL04-SP;;;
731548;16/10/2025;quinta-feira;16:30:00;MS;163;490;CAMPO GRANDE;Condutor deixou de manter dist�ncia do ve�culo da frente;Engavetamento;Com V�timas Feridas;Anoitecer;Decrescente;C�u Claro;Simples;"Declive;Reta";N�o;5;0;1;0;3;2;1;5;-20,40046749;-54,55530524;SPRF-MS;DEL01-MS;UOP02-DEL01-MS;;;
731550;13/11/2025;quinta-feira;13:30:00;RS;392;7,5;RIO GRANDE;Acessar a via sem observar a presen�a dos outros ve�culos;Colis�o transversal;Com V�timas Feridas;Pleno dia;Crescente;C�u Claro;Simples;"Interse��o de Vias;Reta";Sim;4;0;0;1;2;3;1;5;-32,10055559;-52,11029395;SPRF-RS;DEL07-RS;UOP02-DEL07-RS;;;
731552;13/11/2025;quinta-feira;13:45:00;GO;153;349,9;JARAGUA;Manobra de mudan�a de faixa;Colis�o transversal;Com V�timas Feridas;Pleno dia;Crescente;C�u Claro;Simples;"Reta;Aclive";N�o;3;0;1;0;1;1;1;3;-15,68049092;-49,34233454;SPRF-GO;DEL02-GO;UOP02-DEL02-GO;;;
731553;13/11/2025;quinta-feira;13:40:00;GO;60;22,9;ALEXANIA;Manobra de mudan�a de faixa;Colis�o lateral mesmo sentido;Com V�timas Feridas;Pleno dia;Crescente;C�u Claro;Dupla;Reta;Sim;3;0;1;0;1;1;1;3;-16,12099;-48,426698;SPRF-DF;DEL03-DF;UOP01-DEL03-DF;;;
731554;13/11/2025;quinta-feira;11:15:00;SP;116;69;APARECIDA;Rea��o tardia ou ineficiente do condutor;Colis�o traseira;Sem V�timas;Pleno dia;Decrescente;Nublado;Dupla;Reta;Sim;3;0;0;0;2;1;0;3;-22,84015943;-45,22371769;SPRF-SP;DEL08-SP;UOP01-DEL08-SP;;;
731556;13/11/2025;quinta-feira;12:50:00;SP;116;164,6;JACAREI;Pedestre cruzava a pista fora da faixa;Atropelamento de Pedestre;Com V�timas Feridas;Pleno dia;Decrescente;C�u Claro;Dupla;Reta;N�o;4;0;0;1;3;0;1;2;-23,293775;-46,0032883;SPRF-SP;DEL02-SP;UOP01-DEL02-SP;;;
731558;13/11/2025;quinta-feira;11:30:00;MT;174;254;VALE DE SAO DOMINGOS;Falta de elemento de conten��o que evite a sa�da do leito carro��vel;Sa�da de leito carro��vel;Com V�timas Feridas;Pleno dia;Decrescente;Nublado;M�ltipla;Reta;N�o;2;0;1;0;0;1;1;2;-15;-59;SPRF-MT;DEL04-MT;UOP01-DEL04-MT;;;
731561;13/11/2025;quinta-feira;15:10:00;ES;101;149,6;LINHARES;Entrada inopinada do pedestre;Atropelamento de Pedestre;Com V�timas Feridas;Pleno dia;Decrescente;C�u Claro;Simples;Reta;Sim;3;0;0;1;1;1;1;3;-19,401854;-40,060883;SPRF-ES;DEL04-ES;UOP01-DEL04-ES;;;
731566;13/11/2025;quinta-feira;15:45:00;CE;116;64;CHOROZINHO;Acessar a via sem observar a presen�a dos outros ve�culos;Colis�o transversal;Com V�timas Feridas;Pleno dia;Decrescente;C�u Claro;Simples;"Curva;Interse��o de Vias;Em Obras";Sim;6;0;1;3;1;1;4;3;-4,293304;-38,498097;SPRF-CE;DEL01-CE;UOP04-DEL01-CE;;;
731569;13/11/2025;quinta-feira;15:48:00;BA;242;755;CRISTOPOLIS;Condutor deixou de manter dist�ncia do ve�culo da frente;Colis�o traseira;Sem V�timas;Pleno dia;Crescente;C�u Claro;Simples;Reta;N�o;6;0;0;0;5;7;0;11;-12,2196315;-44,4444325;SPRF-BA;DEL10-BA;UOP01-DEL10-BA;;;
731572;13/11/2025;quinta-feira;16:05:00;RJ;101;267;RIO BONITO;Pedestre andava na pista;Atropelamento de Pedestre;Com V�timas Fatais;Pleno dia;Crescente;C�u Claro;Dupla;Reta;N�o;2;1;0;0;1;0;0;2;-22,71222306;-42,67158508;SPRF-RJ;DEL02-RJ;UOP03-DEL02-RJ;;;
731574;13/11/2025;quinta-feira;16:10:00;ES;101;142,5;LINHARES;Condutor deixou de manter dist�ncia do ve�culo da frente;Colis�o traseira;Com V�timas Feridas;Pleno dia;Decrescente;C�u Claro;Dupla;Retorno Regulamentado;Sim;2;0;1;0;1;0;1;2;-19,338338;-40,06537;SPRF-ES;DEL04-ES;UOP01-DEL04-ES;;;
731579;09/11/2025;domingo;16:50:00;MG;40;143;JOAO PINHEIRO;Aus�ncia de rea��o do condutor;Colis�o lateral mesmo sentido;Sem V�timas;Anoitecer;Decrescente;C�u Claro;Dupla;Reta;N�o;3;0;0;0;2;2;0;4;-17,93424658;-46,05986282;SPRF-MG;DEL14-MG;UOP01-DEL14-MG;;;
731583;13/11/2025;quinta-feira;12:45:00;MG;116;780,2;LEOPOLDINA;Transitar no Acostamento;Colis�o lateral mesmo sentido;Com V�timas Fatais;Pleno dia;Crescente;Sol;Simples;Curva;N�o;5;1;0;1;1;2;1;4;-21,619629;-42,691242;SPRF-MG;DEL07-MG;UOP01-DEL07-MG;;;
731587;13/11/2025;quinta-feira;14:50:00;SC;282;416;CATANDUVAS;Ingest�o de �lcool pelo condutor;Colis�o traseira;Sem V�timas;Pleno dia;Crescente;C�u Claro;Simples;Reta;N�o;4;0;0;0;3;1;0;3;-27,038983;-51,711742;SPRF-SC;DEL07-SC;UOP05-DEL07-SC;;;
731588;13/11/2025;quinta-feira;01:05:00;BA;324;405;RIACHAO DO JACUIPE;Avarias e/ou desgaste excessivo no pneu;Tombamento;Com V�timas Feridas;Plena Noite;Decrescente;Nublado;Simples;Reta;N�o;2;0;2;0;0;0;2;1;-11,790085;-39,424484;SPRF-BA;DEL04-BA;UOP02-DEL04-BA;;;
731590;13/11/2025;quinta-feira;16:40:00;MA;316;613;TIMON;Condutor deixou de manter dist�ncia do ve�culo da frente;Colis�o traseira;Com V�timas Feridas;Pleno dia;Decrescente;Sol;Dupla;Reta;N�o;3;0;0;2;1;0;2;2;-5,0748088;-42,8552424;SPRF-MA;DEL03-MA;UOP02-DEL03-MA;;;
731593;13/11/2025;quinta-feira;17:00:00;ES;259;8;JOAO NEIVA;Rea��o tardia ou ineficiente do condutor;Colis�o com objeto;Com V�timas Feridas;Plena Noite;Decrescente;Nublado;Simples;Curva;N�o;2;0;1;0;0;1;1;2;-19,692147;-40,38843;SPRF-ES;DEL02-ES;UOP01-DEL02-ES;;;
731594;13/11/2025;quinta-feira;16:30:00;PR;277;239;FERNANDES PINHEIRO;Acessar a via sem observar a presen�a dos outros ve�culos;Colis�o transversal;Com V�timas Feridas;Pleno dia;Crescente;Garoa/Chuvisco;Simples;Reta;N�o;6;0;5;0;1;0;5;2;-25,422919;-50,55481;SPRF-PR;DEL08-PR;UOP02-DEL08-PR;;;
731600;13/11/2025;quinta-feira;17:30:00;PE;101;70,8;RECIFE;Manobra de mudan�a de faixa;Colis�o lateral mesmo sentido;Sem V�timas;Anoitecer;Crescente;C�u Claro;Dupla;Reta;Sim;4;0;0;0;3;1;0;3;-8,075179;-34,942919;SPRF-PE;DEL01-PE;UOP01-DEL01-PE;;;
731608;13/11/2025;quinta-feira;18:25:00;RN;101;109;PARNAMIRIM;Aus�ncia de rea��o do condutor;Colis�o traseira;Com V�timas Feridas;Plena Noite;Crescente;Garoa/Chuvisco;Dupla;"Reta;Aclive";N�o;4;0;3;0;1;0;3;3;-5,93297;-35,264797;SPRF-RN;DEL01-RN;UOP01-DEL01-RN;;;
731618;13/11/2025;quinta-feira;11:00:00;MT;364;446;VARZEA GRANDE;Demais Fen�menos da natureza;Inc�ndio;Sem V�timas;Pleno dia;Decrescente;Sol;Simples;Reta;N�o;2;0;0;0;1;1;0;2;-15,572028;-56,249367;SPRF-MT;DEL01-MT;UOP02-DEL01-MT;;;
731626;13/11/2025;quinta-feira;19:20:00;BA;101;65;ENTRE RIOS;Manobra de mudan�a de faixa;Colis�o transversal;Com V�timas Fatais;Plena Noite;Decrescente;C�u Claro;Simples;"Reta;Interse��o de Vias";N�o;3;1;0;0;1;1;0;3;-11,966958;-38,097436;SPRF-BA;DEL01-BA;UOP04-DEL01-BA;;;
731631;13/11/2025;quinta-feira;21:30:00;SC;101;111;NAVEGANTES;Condutor deixou de manter dist�ncia do ve�culo da frente;Colis�o traseira;Com V�timas Feridas;Plena Noite;Decrescente;C�u Claro;Dupla;Reta;N�o;3;0;1;0;2;0;1;3;-26,84349986;-48,71839497;SPRF-SC;DEL04-SC;UOP04-DEL04-SC;;;
731632;13/11/2025;quinta-feira;21:40:00;GO;153;500;GOIANIA;Aus�ncia de rea��o do condutor;Colis�o com objeto;Com V�timas Feridas;Plena Noite;Decrescente;C�u Claro;Dupla;Reta;Sim;2;0;1;0;1;0;1;2;-16,70494349;-49,23089332;SPRF-GO;DEL01-GO;UOP01-DEL01-GO;;;
731637;13/11/2025;quinta-feira;21:20:00;SC;101;207,4;SAO JOSE;Aus�ncia de rea��o do condutor;Tombamento;Com V�timas Feridas;Plena Noite;Crescente;C�u Claro;M�ltipla;Reta;Sim;2;0;1;0;0;1;1;2;-27,60168194;-48,62664549;SPRF-SC;DEL01-SC;UOP01-DEL01-SC;;;
731641;13/11/2025;quinta-feira;21:45:00;SC;101;207,1;SAO JOSE;Manobra de mudan�a de faixa;Colis�o lateral mesmo sentido;Sem V�timas;Plena Noite;Crescente;C�u Claro;M�ltipla;"Reta;Aclive";Sim;2;0;0;0;2;0;0;2;-27,60369111;-48,63245633;SPRF-SC;DEL01-SC;UOP01-DEL01-SC;;;
731642;13/11/2025;quinta-feira;21:30:00;PR;277;598,8;CASCAVEL;Rea��o tardia ou ineficiente do condutor;Colis�o traseira;Com V�timas Feridas;Plena Noite;Crescente;C�u Claro;M�ltipla;Reta;Sim;3;0;2;0;1;0;2;2;-24,991656;-53,510775;SPRF-PR;DEL04-PR;UOP01-DEL04-PR;;;
731644;13/11/2025;quinta-feira;22:15:00;ES;101;270;SERRA;Aus�ncia de rea��o do condutor;Colis�o traseira;Com V�timas Feridas;Pleno dia;Crescente;C�u Claro;Dupla;Reta;Sim;5;0;1;0;3;1;1;4;-20,22811024;-40,27088642;SPRF-ES;DEL02-ES;UOP01-DEL02-ES;;;
731647;13/11/2025;quinta-feira;22:30:00;SP;116;230;SAO PAULO;Aus�ncia de rea��o do condutor;Colis�o traseira;Com V�timas Feridas;Plena Noite;Crescente;Nublado;M�ltipla;Interse��o de Vias;Sim;3;0;0;2;1;0;2;2;-23,5201;-46,583758;SPRF-SP;DEL01-SP;UOP01-DEL01-SP;;;
731652;13/11/2025;quinta-feira;22:30:00;TO;153;472;MIRACEMA DO TOCANTINS;Transitar na contram�o;Colis�o frontal;Com V�timas Fatais;Plena Noite;Decrescente;C�u Claro;Simples;Curva;N�o;3;1;0;0;1;1;0;3;-10,01426;-48,772132;SPRF-TO;DEL01-TO;UOP01-DEL01-TO;;;
731654;13/11/2025;quinta-feira;11:20:00;RR;174;36;RORAINOPOLIS;Demais falhas mec�nicas ou el�tricas;Inc�ndio;Sem V�timas;Pleno dia;Crescente;C�u Claro;Simples;Reta;N�o;3;0;0;0;1;2;0;3;-0,561111;-60,626389;SPRF-RR;DEL01-RR;UOP01-DEL01-RR;;;
731655;13/11/2025;quinta-feira;22:30:00;MT;364;53,5;ALTO GARCAS;Acostamento em desn�vel;Tombamento;Com V�timas Feridas;Plena Noite;Decrescente;C�u Claro;Simples;Reta;N�o;3;0;2;0;0;1;2;2;-16,9436044;-53,5268786;SPRF-MT;DEL02-MT;UOP02-DEL02-MT;;;
731657;13/11/2025;quinta-feira;18:50:00;BA;420;254,5;MUTUIPE;Objeto est�tico sobre o leito carro��vel;Colis�o traseira;Com V�timas Fatais;Plena Noite;Decrescente;C�u Claro;Simples;"Declive;Reta";N�o;2;1;0;0;1;0;0;2;-13,2266561;-39,4889221;SPRF-BA;DEL01-BA;UOP02-DEL01-BA;;;
731658;13/11/2025;quinta-feira;15:30:00;MT;364;285;JACIARA;Demais falhas mec�nicas ou el�tricas;Inc�ndio;Sem V�timas;Pleno dia;Decrescente;C�u Claro;Dupla;"Declive;Reta";N�o;2;0;0;0;1;3;0;4;-15,904207;-55,051687;SPRF-MT;DEL05-MT;UOP02-DEL05-MT;;;
731659;13/11/2025;quinta-feira;19:00:00;AC;364;253;SENA MADUREIRA;Rea��o tardia ou ineficiente do condutor;Colis�o frontal;Com V�timas Feridas;Plena Noite;Crescente;Garoa/Chuvisco;Simples;Aclive;N�o;4;0;2;1;0;2;3;4;-9,201536;-68,5442;SPRF-AC;DEL01-AC;UOP01-DEL01-AC;;;
731660;14/11/2025;sexta-feira;00:10:00;MG;381;494;BETIM;Aus�ncia de rea��o do condutor;Colis�o lateral mesmo sentido;Com V�timas Feridas;Plena Noite;Decrescente;C�u Claro;M�ltipla;Reta;Sim;3;0;0;1;1;1;1;3;-19,96581925;-44,17661977;SPRF-MG;DEL01-MG;UOP03-DEL01-MG;;;
731671;14/11/2025;sexta-feira;00:50:00;SC;101;297,3;LAGUNA;Ingest�o de �lcool pelo condutor;Colis�o frontal;Com V�timas Feridas;Plena Noite;Crescente;Nublado;M�ltipla;Reta;Sim;4;0;0;1;2;2;1;5;-28,34103896;-48,73289721;SPRF-SC;DEL02-SC;UOP03-DEL02-SC;;;
731672;14/11/2025;sexta-feira;03:40:00;BA;324;530;FEIRA DE SANTANA;Manobra de mudan�a de faixa;Colis�o lateral mesmo sentido;Com V�timas Feridas;Plena Noite;Decrescente;Nevoeiro/Neblina;Dupla;Curva;N�o;5;0;3;0;2;0;3;2;-12,3372233;-38,8493667;SPRF-BA;DEL01-BA;UOP03-DEL01-BA;;;
731673;14/11/2025;sexta-feira;03:50:00;MG;40;743;SANTOS DUMONT;Condutor Dormindo;Sa�da de leito carro��vel;Com V�timas Feridas;Plena Noite;Crescente;C�u Claro;Simples;"Curva;Declive";N�o;2;0;1;0;1;0;1;1;-21,45322611;-43,55920225;SPRF-MG;DEL05-MG;UOP01-DEL05-MG;;;
731676;13/11/2025;quinta-feira;10:20:00;MG;381;375;SAO GONCALO DO RIO ABAIXO;Acessar a via sem observar a presen�a dos outros ve�culos;Colis�o transversal;Com V�timas Feridas;Pleno dia;Crescente;C�u Claro;Simples;Reta;Sim;6;0;3;0;2;2;3;5;-19,83338917;-43,35126194;SPRF-MG;DEL01-MG;UOP01-DEL01-MG;;;
731685;14/11/2025;sexta-feira;06:13:00;MG;262;108,6;SANTO ANTONIO DO GRAMA;Aus�ncia de rea��o do condutor;Sa�da de leito carro��vel;Com V�timas Feridas;Pleno dia;Crescente;C�u Claro;Simples;Curva;N�o;2;0;0;1;0;1;1;2;-20,269108;-42,575452;SPRF-MG;DEL03-MG;UOP03-DEL03-MG;;;
731693;14/07/2025;segunda-feira;19:45:00;TO;153;383;RIO DOS BOIS;Demais Fen�menos da natureza;Inc�ndio;Sem V�timas;Plena Noite;Crescente;C�u Claro;Simples;Reta;N�o;2;0;0;0;1;2;0;3;-9,3353;-48,53557;SPRF-TO;DEL02-TO;UOP02-DEL02-TO;;;
731695;03/10/2025;sexta-feira;15:10:00;GO;60;463,8;JATAI;Aus�ncia de rea��o do condutor;Colis�o traseira;Com V�timas Feridas;Pleno dia;Crescente;C�u Claro;Dupla;Reta;N�o;2;0;0;1;1;0;1;2;-17,87224292;-51,61170959;SPRF-GO;DEL05-GO;UOP01-DEL05-GO;;;
731698;14/11/2025;sexta-feira;04:10:00;MT;364;469;VARZEA GRANDE;Acumulo de �gua sobre o pavimento;Colis�o lateral mesmo sentido;Com V�timas Feridas;Amanhecer;Crescente;Chuva;Simples;"Declive;Reta";N�o;3;0;1;1;0;3;2;5;-15,41306321;-56,35448518;SPRF-MT;DEL01-MT;UOP02-DEL01-MT;;;
731700;14/11/2025;sexta-feira;07:45:00;RS;392;9,9;RIO GRANDE;Rea��o tardia ou ineficiente do condutor;Colis�o traseira;Com V�timas Fatais;Pleno dia;Decrescente;C�u Claro;Dupla;Reta;Sim;2;1;0;0;1;0;0;2;-32,115455;-52,119935;SPRF-RS;DEL07-RS;UOP02-DEL07-RS;;;
731706;14/11/2025;sexta-feira;01:45:00;RJ;393;225;VASSOURAS;Condutor Dormindo;Colis�o lateral sentido oposto;Com V�timas Feridas;Plena Noite;Crescente;C�u Claro;Simples;Curva;N�o;3;0;1;1;0;2;2;4;-22,36031303;-43,60319915;SPRF-RJ;DEL05-RJ;UOP03-DEL05-RJ;;;
731711;14/11/2025;sexta-feira;08:03:00;MT;364;269;JACIARA;Convers�o proibida;Colis�o lateral mesmo sentido;Com V�timas Feridas;Pleno dia;Crescente;C�u Claro;Simples;Aclive;N�o;4;0;1;0;2;2;1;5;-15,96899761;-54,94753039;SPRF-MT;DEL02-MT;UOP01-DEL02-MT;;;
731720;14/11/2025;sexta-feira;06:50:00;MG;116;544,2;SANTA BARBARA DO LESTE;Velocidade Incompat�vel;Colis�o lateral sentido oposto;Com V�timas Feridas;Pleno dia;Crescente;Sol;Simples;Curva;N�o;5;0;0;2;1;2;2;4;-19,91412728;-42,13308334;SPRF-MG;DEL06-MG;UOP02-DEL06-MG;;;
731721;14/11/2025;sexta-feira;09:35:00;MG;40;529;CONTAGEM;Aus�ncia de rea��o do condutor;Colis�o traseira;Com V�timas Feridas;Pleno dia;Crescente;C�u Claro;Dupla;Curva;Sim;3;0;2;0;1;0;2;2;-19,9214546;-44,0371841;SPRF-MG;DEL01-MG;UOP02-DEL01-MG;;;
731722;14/11/2025;sexta-feira;10:10:00;CE;116;23;AQUIRAZ;Condutor deixou de manter dist�ncia do ve�culo da frente;Colis�o lateral mesmo sentido;Com V�timas Feridas;Pleno dia;Decrescente;Sol;Dupla;Retorno Regulamentado;Sim;2;0;0;1;1;0;1;2;-3,95328747;-38,5122668;SPRF-CE;DEL01-CE;UOP02-DEL01-CE;;;
731723;24/10/2025;sexta-feira;21:00:00;BA;116;218;EUCLIDES DA CUNHA;Aus�ncia de rea��o do condutor;Colis�o traseira;Com V�timas Fatais;Plena Noite;Crescente;C�u Claro;Simples;Reta;Sim;3;1;0;0;1;2;0;4;-10,52757075;-39,00236607;SPRF-BA;DEL07-BA;UOP03-DEL07-BA;;;
731727;14/11/2025;sexta-feira;11:15:00;MG;40;477;SETE LAGOAS;Aus�ncia de rea��o do condutor;Colis�o traseira;Com V�timas Feridas;Pleno dia;Decrescente;C�u Claro;Dupla;"Reta;Aclive";Sim;3;0;2;0;1;0;2;2;-19,52;-44,267;SPRF-MG;DEL02-MG;UOP01-DEL02-MG;;;
731729;14/11/2025;sexta-feira;09:10:00;MT;70;521;VARZEA GRANDE;Rea��o tardia ou ineficiente do condutor;Colis�o traseira;Com V�timas Feridas;Pleno dia;Decrescente;C�u Claro;Simples;Reta;Sim;3;0;1;0;1;4;1;6;-15,66673;-56,182372;SPRF-MT;DEL01-MT;UOP02-DEL01-MT;;;
731735;14/11/2025;sexta-feira;10:45:00;SC;101;350,7;JAGUARUNA;Aus�ncia de rea��o do condutor;Colis�o traseira;Com V�timas Feridas;Pleno dia;Crescente;C�u Claro;Dupla;"Em Obras;Aclive";N�o;2;0;1;0;0;1;1;2;-28,60319;-49,05462;SPRF-SC;DEL02-SC;UOP01-DEL02-SC;;;
731740;14/11/2025;sexta-feira;11:00:00;MG;40;518;RIBEIRAO DAS NEVES;Condutor deixou de manter dist�ncia do ve�culo da frente;Colis�o traseira;Sem V�timas;Pleno dia;Decrescente;Nublado;Dupla;Reta;N�o;6;0;0;0;6;0;0;6;-19,832178;-44,083083;SPRF-MG;DEL01-MG;UOP02-DEL01-MG;;;
731741;14/11/2025;sexta-feira;11:45:00;RS;386;236,2;SOLEDADE;Demais falhas mec�nicas ou el�tricas;Inc�ndio;Sem V�timas;Pleno dia;Crescente;C�u Claro;Simples;Reta;N�o;2;0;0;0;1;1;0;2;-28,739737;-52,552708;SPRF-RS;DEL04-RS;UOP03-DEL04-RS;;;
731750;14/11/2025;sexta-feira;12:20:00;MA;226;298;BARRA DO CORDA;Transtornos Mentais (exceto suicidio);Atropelamento de Pedestre;Com V�timas Feridas;Pleno dia;Decrescente;C�u Claro;Simples;"Aclive;Curva";Sim;3;0;0;1;1;1;1;3;-5,49854;-45,239387;SPRF-MA;DEL06-MA;UOP01-DEL06-MA;;;
731766;14/11/2025;sexta-feira;08:20:00;MT;364;384,6;JANGADA;Chuva;Tombamento;Com V�timas Feridas;Pleno dia;Decrescente;Chuva;Simples;Curva;N�o;1;0;0;1;0;0;1;1;-15,30444;-56,43577;SPRF-MT;DEL01-MT;UOP02-DEL01-MT;;;
731770;14/11/2025;sexta-feira;13:58:00;RN;406;162,7;SAO GONCALO DO AMARANTE;Acesso irregular;Colis�o traseira;Com V�timas Feridas;Pleno dia;Decrescente;Nublado;Simples;Reta;N�o;3;0;1;0;0;2;1;3;-5,732338;-35,357717;SPRF-RN;DEL02-RN;UOP01-DEL02-RN;;;
731772;14/11/2025;sexta-feira;14:05:00;RJ;116;287;BARRA MANSA;Rea��o tardia ou ineficiente do condutor;Colis�o traseira;Com V�timas Feridas;Pleno dia;Crescente;Nublado;Dupla;Reta;Sim;6;0;2;0;3;1;2;4;-22,49749566;-44,23634672;SPRF-RJ;DEL07-RJ;UOP02-DEL07-RJ;;;