id;data_inversa;dia_semana;horario;uf;br;km;municipio;causa_acidente;tipo_acidente;classificacao_acidente;fase_dia;sentido_via;condicao_metereologica;tipo_pista;tracado_via;uso_solo;pessoas;mortos;feridos_leves;feridos_graves;ilesos;ignorados;feridos;veiculos;latitude;longitude;regional;delegacia;uop;;;
731774;14/11/2025;sexta-feira;13:25:00;PB;104;134,7;QUEIMADAS;Acessar a via sem observar a presen�a dos outros ve�culos;Colis�o transversal;Com V�timas Feridas;Pleno dia;Decrescente;Sol;Simples;"Reta;Retorno Regulamentado";Sim;2;0;0;1;1;0;1;2;-7,323698;-35,896253;SPRF-PB;DEL02-PB;UOP03-DEL02-PB;;;
731776;14/11/2025;sexta-feira;14:30:00;SP;116;180,8;GUARAREMA;Aus�ncia de rea��o do condutor;Colis�o traseira;Com V�timas Feridas;Pleno dia;Decrescente;Nublado;Dupla;Curva;N�o;3;0;1;0;1;1;1;3;-23,33916713;-46,15010826;SPRF-SP;DEL01-SP;UOP01-DEL01-SP;;;
731785;14/11/2025;sexta-feira;14:40:00;RS;392;10,7;RIO GRANDE;Aus�ncia de rea��o do condutor;Colis�o traseira;Com V�timas Fatais;Pleno dia;Crescente;C�u Claro;Dupla;Reta;N�o;4;1;1;0;1;4;1;7;-32,119397;-52,126843;SPRF-RS;DEL07-RS;UOP02-DEL07-RS;;;
731786;14/11/2025;sexta-feira;14:50:00;GO;40;112,1;CRISTALINA;Condutor Dormindo;Sa�da de leito carro��vel;Com V�timas Feridas;Pleno dia;Decrescente;C�u Claro;Dupla;Reta;N�o;2;0;1;0;0;2;1;3;-16,87389;-47,67893;SPRF-DF;DEL01-DF;UOP02-DEL01-DF;;;
731789;14/11/2025;sexta-feira;14:50:00;DF;60;2,9;BRASILIA;Aus�ncia de rea��o do condutor;Colis�o traseira;Com V�timas Feridas;Pleno dia;Crescente;C�u Claro;Dupla;Reta;Sim;3;0;2;0;1;0;2;2;-15,8880307;-48,0848223;SPRF-DF;DEL03-DF;UOP01-DEL03-DF;;;
731791;14/11/2025;sexta-feira;13:55:00;MS;463;1,2;DOURADOS;Aus�ncia de rea��o do condutor;Colis�o lateral mesmo sentido;Sem V�timas;Pleno dia;Decrescente;Nublado;Simples;"Reta;Aclive";Sim;2;0;0;0;2;0;0;2;-22,25911;-54,816085;SPRF-MS;DEL04-MS;UOP01-DEL04-MS;;;
731799;17/02/2025;segunda-feira;12:56:00;MS;163;228,2;CAARAPO;Problema com o freio;Inc�ndio;Sem V�timas;Pleno dia;Crescente;C�u Claro;Dupla;Reta;N�o;2;0;0;0;1;3;0;4;-22,4753721;-54,8602259;SPRF-MS;DEL04-MS;UOP02-DEL04-MS;;;
731806;14/11/2025;sexta-feira;16:00:00;MG;381;499;BETIM;Manobra de mudan�a de faixa;Colis�o lateral mesmo sentido;Com V�timas Feridas;Pleno dia;Crescente;Nublado;Dupla;Reta;Sim;3;0;1;0;1;1;1;3;-19,999646;-44,21101;SPRF-MG;DEL01-MG;UOP03-DEL01-MG;;;
731808;14/11/2025;sexta-feira;15:30:00;MS;163;465;CAMPO GRANDE;Acessar a via sem observar a presen�a dos outros ve�culos;Colis�o transversal;Com V�timas Feridas;Pleno dia;Crescente;Garoa/Chuvisco;Simples;Reta;N�o;3;0;1;0;1;1;1;3;-20,59775837;-54,57975626;SPRF-MS;DEL01-MS;UOP01-DEL01-MS;;;
731810;14/11/2025;sexta-feira;13:45:00;RJ;393;223,9;VASSOURAS;Aus�ncia de rea��o do condutor;Engavetamento;Com V�timas Fatais;Pleno dia;Crescente;C�u Claro;Simples;Reta;N�o;8;1;0;0;6;1;0;4;-22,35399833;-43,58441;SPRF-RJ;DEL05-RJ;UOP03-DEL05-RJ;;;
731811;06/05/2025;ter�a-feira;07:30:00;SC;282;603,3;MARAVILHA;Suic�dio (presumido);Colis�o frontal;Com V�timas Fatais;Pleno dia;Crescente;Nublado;Simples;"Declive;Reta";Sim;3;1;0;0;1;1;0;3;-26,7999525;-53,1906864;SPRF-SC;DEL07-SC;UOP02-DEL07-SC;;;
731814;14/11/2025;sexta-feira;16:33:00;SC;282;16,5;PALHOCA;Ingest�o de �lcool pelo condutor;Colis�o transversal;Com V�timas Feridas;Pleno dia;Crescente;Nublado;Simples;Reta;Sim;2;0;0;1;1;0;1;2;-27,65976861;-48,68300406;SPRF-SC;DEL01-SC;UOP02-DEL01-SC;;;
731818;14/11/2025;sexta-feira;12:30:00;RJ;40;105;DUQUE DE CAXIAS;Demais falhas mec�nicas ou el�tricas;Inc�ndio;Sem V�timas;Pleno dia;Decrescente;C�u Claro;Simples;Reta;Sim;1;0;0;0;1;0;0;1;-22,63878836;-43,2834506;SPRF-RJ;DEL01-RJ;UOP02-DEL01-RJ;;;
731819;14/11/2025;sexta-feira;16:20:00;RN;427;120,9;CAICO;Acessar a via sem observar a presen�a dos outros ve�culos;Colis�o com objeto;Com V�timas Feridas;Pleno dia;Decrescente;C�u Claro;Simples;"Interse��o de Vias;Reta";N�o;2;0;1;0;1;0;1;2;-6,46968639;-37,20544535;SPRF-RN;DEL03-RN;UOP01-DEL03-RN;;;
731821;14/11/2025;sexta-feira;10:40:00;RJ;40;122;DUQUE DE CAXIAS;Manobra de mudan�a de faixa;Colis�o traseira;Com V�timas Feridas;Pleno dia;Crescente;C�u Claro;Dupla;Reta;Sim;3;0;1;0;1;1;1;3;-22,7901424;-43,2858362;SPRF-RJ;DEL01-RJ;UOP02-DEL01-RJ;;;
731824;14/11/2025;sexta-feira;16:00:00;BA;116;493;RAFAEL JAMBEIRO;Rea��o tardia ou ineficiente do condutor;Colis�o lateral mesmo sentido;Sem V�timas;Pleno dia;Crescente;C�u Claro;Dupla;"Reta;Aclive";N�o;3;0;0;0;2;1;0;3;-12,574898;-39,50254;SPRF-BA;DEL02-BA;UOP01-DEL02-BA;;;
731826;14/11/2025;sexta-feira;16:55:00;BA;116;518,5;ITATIM;Acessar a via sem observar a presen�a dos outros ve�culos;Colis�o transversal;Com V�timas Fatais;Anoitecer;Crescente;C�u Claro;Simples;Reta;N�o;4;1;0;0;1;2;0;4;-12,694062;-39,698993;SPRF-BA;DEL03-BA;UOP02-DEL03-BA;;;
731839;14/11/2025;sexta-feira;17:45:00;PR;376;288,9;MAUA DA SERRA;Acessar a via sem observar a presen�a dos outros ve�culos;Colis�o transversal;Com V�timas Feridas;Pleno dia;Decrescente;Nublado;Dupla;Reta;Sim;3;0;1;0;1;1;1;3;-23,89945378;-51,22489201;SPRF-PR;DEL07-PR;UOP02-DEL07-PR;;;
731847;14/11/2025;sexta-feira;18:30:00;RS;290;107;ELDORADO DO SUL;Aus�ncia de rea��o do condutor;Engavetamento;Com V�timas Feridas;Anoitecer;Decrescente;C�u Claro;Dupla;Viaduto;Sim;11;0;3;0;7;1;3;5;-30,0047989;-51,3108764;SPRF-RS;DEL02-RS;UOP01-DEL02-RS;;;
731853;14/11/2025;sexta-feira;18:30:00;ES;101;246;SERRA;Aus�ncia de rea��o do condutor;Colis�o com objeto;Com V�timas Fatais;Plena Noite;Crescente;C�u Claro;Simples;"Reta;Em Obras;Aclive";N�o;5;1;0;1;2;1;1;3;-20,062595;-40,376755;SPRF-ES;DEL02-ES;UOP01-DEL02-ES;;;
731859;14/11/2025;sexta-feira;17:03:00;PI;316;0,5;TERESINA;Condutor deixou de manter dist�ncia do ve�culo da frente;Engavetamento;Com V�timas Fatais;Pleno dia;Decrescente;C�u Claro;Simples;"Aclive;Reta;Ponte";Sim;4;1;0;1;2;0;1;3;-5,129888;-42,8108;SPRF-PI;DEL01-PI;UOP02-DEL01-PI;;;
731863;14/11/2025;sexta-feira;19:40:00;MG;40;422;CURVELO;Acessar a via sem observar a presen�a dos outros ve�culos;Colis�o transversal;Com V�timas Feridas;Plena Noite;Decrescente;C�u Claro;Simples;Reta;Sim;6;0;3;1;1;1;4;3;-19,153;-44,538;SPRF-MG;DEL02-MG;UOP01-DEL02-MG;;;
731874;14/11/2025;sexta-feira;20:45:00;RS;287;283,2;SAO PEDRO DO SUL;Entrada inopinada do pedestre;Atropelamento de Pedestre;Com V�timas Fatais;Plena Noite;Crescente;C�u Claro;Simples;"Reta;Declive";N�o;4;1;0;0;1;3;0;4;-29,635623;-54,2097;SPRF-RS;DEL09-RS;UOP01-DEL09-RS;;;
731886;14/11/2025;sexta-feira;20:50:00;BA;20;1;CORRENTINA;Demais Fen�menos da natureza;Inc�ndio;Sem V�timas;Plena Noite;Decrescente;C�u Claro;Simples;Reta;N�o;2;0;0;0;1;2;0;3;-13,954972;-46,197463;SPRF-BA;DEL10-BA;UOP02-DEL10-BA;;;
731889;14/11/2025;sexta-feira;21:30:00;MG;40;378,5;CURVELO;Aus�ncia de rea��o do condutor;Colis�o traseira;Com V�timas Feridas;Plena Noite;Decrescente;C�u Claro;Simples;Reta;N�o;7;0;2;1;3;1;3;3;-18,869;-44,732;SPRF-MG;DEL02-MG;UOP01-DEL02-MG;;;
731890;14/11/2025;sexta-feira;18:30:00;RJ;465;6;SEROPEDICA;Entrada inopinada do pedestre;Atropelamento de Pedestre;Sem V�timas;Pleno dia;Crescente;C�u Claro;Simples;Reta;Sim;3;0;0;0;0;3;0;2;-22,75212144;-43,69674683;SPRF-RJ;DEL06-RJ;UOP02-DEL06-RJ;;;
731895;14/11/2025;sexta-feira;19:15:00;MG;262;417,2;IGARATINGA;Acessar a via sem observar a presen�a dos outros ve�culos;Colis�o transversal;Com V�timas Feridas;Plena Noite;Decrescente;Nublado;Dupla;"Interse��o de Vias;Reta";N�o;4;0;2;0;2;0;2;2;-19,8907034;-44,8053562;SPRF-MG;DEL08-MG;UOP03-DEL08-MG;;;
731902;14/11/2025;sexta-feira;22:40:00;MT;70;6;BARRA DO GARCAS;Acesso irregular;Colis�o transversal;Sem V�timas;Plena Noite;Decrescente;C�u Claro;Simples;Reta;N�o;2;0;0;0;2;0;0;2;-15,8725231;-52,3855289;SPRF-MT;DEL07-MT;UOP01-DEL07-MT;;;
731909;14/11/2025;sexta-feira;21:14:00;MG;153;6,5;ARAPORA;Rea��o tardia ou ineficiente do condutor;Colis�o traseira;Com V�timas Feridas;Plena Noite;Decrescente;C�u Claro;Dupla;Reta;N�o;4;0;0;1;1;3;1;5;-18,472907;-49,18832;SPRF-MG;DEL15-MG;UOP03-DEL15-MG;;;
731911;14/11/2025;sexta-feira;23:00:00;PE;407;110;PETROLINA;Transitar na contram�o;Colis�o frontal;Com V�timas Fatais;Plena Noite;Crescente;Nublado;Simples;Reta;N�o;3;1;0;0;1;1;0;3;-9,256177;-40,607537;SPRF-PE;DEL06-PE;UOP01-DEL06-PE;;;
731921;15/11/2025;s�bado;00:15:00;GO;452;18;RIO VERDE;Ultrapassagem Indevida;Colis�o traseira;Com V�timas Feridas;Plena Noite;Crescente;C�u Claro;Simples;"Reta;Aclive";N�o;3;0;1;0;1;2;1;4;-17,859348;-50,748917;SPRF-GO;DEL04-GO;UOP01-DEL04-GO;;;
731929;15/11/2025;s�bado;01:45:00;RS;116;252;SAPUCAIA DO SUL;Rea��o tardia ou ineficiente do condutor;Colis�o lateral mesmo sentido;Com V�timas Feridas;Plena Noite;Crescente;C�u Claro;Dupla;Reta;Sim;2;0;1;0;1;0;1;2;-29,8096594;-51,1677918;SPRF-RS;DEL01-RS;UOP02-DEL01-RS;;;
731930;15/11/2025;s�bado;01:45:00;RS;290;23,9;SANTO ANTONIO DA PATRULHA;Rea��o tardia ou ineficiente do condutor;Sa�da de leito carro��vel;Com V�timas Feridas;Plena Noite;Decrescente;C�u Claro;Dupla;Reta;N�o;1;0;1;0;0;0;1;1;-29,882521;-50,493102;SPRF-RS;DEL03-RS;UOP01-DEL03-RS;;;
731939;15/11/2025;s�bado;03:00:00;MG;40;645,8;CRISTIANO OTONI;Convers�o proibida;Colis�o transversal;Com V�timas Feridas;Plena Noite;Decrescente;C�u Claro;Simples;Reta;N�o;2;0;1;0;1;0;1;2;-20,86229741;-43,79961125;SPRF-MG;DEL05-MG;UOP02-DEL05-MG;;;
731940;15/11/2025;s�bado;02:15:00;MT;70;292;PRIMAVERA DO LESTE;Aus�ncia de rea��o do condutor;Sa�da de leito carro��vel;Com V�timas Feridas;Plena Noite;Decrescente;C�u Claro;Simples;"Em Obras;Curva";N�o;1;0;0;1;0;0;1;1;-15,578238;-54,395662;SPRF-MT;DEL05-MT;UOP01-DEL05-MT;;;
731942;15/11/2025;s�bado;04:15:00;PA;10;315;SAO MIGUEL DO GUAMA;Transitar na contram�o;Colis�o frontal;Com V�timas Feridas;Amanhecer;Crescente;C�u Claro;Dupla;Reta;N�o;2;0;1;0;0;1;1;2;-1,46998108;-47,5331955;SPRF-PA;DEL01-PA;UOP02-DEL01-PA;;;
731944;15/11/2025;s�bado;03:15:00;RN;304;79,3;MOSSORO;Transitar na contram�o;Colis�o lateral sentido oposto;Sem V�timas;Plena Noite;Decrescente;C�u Claro;Simples;Reta;N�o;3;0;0;0;2;1;0;3;-5,4673658;-37,1741007;SPRF-RN;DEL04-RN;UOP01-DEL04-RN;;;
731945;15/11/2025;s�bado;02:30:00;MG;40;327;FELIXLANDIA;Aus�ncia de rea��o do condutor;Colis�o traseira;Com V�timas Feridas;Plena Noite;Crescente;Nublado;Simples;Reta;N�o;5;0;0;3;1;2;3;4;-18,55327;-45,02807;SPRF-MG;DEL14-MG;UOP02-DEL14-MG;;;
731946;15/11/2025;s�bado;04:40:00;MA;135;314;DOM PEDRO;Manobra de mudan�a de faixa;Colis�o frontal;Com V�timas Fatais;Amanhecer;Decrescente;C�u Claro;Simples;Reta;N�o;4;1;0;0;1;2;0;4;-5,075525;-44,458192;SPRF-MA;DEL06-MA;UOP01-DEL06-MA;;;
731955;14/11/2025;sexta-feira;23:30:00;PR;376;485,6;PONTA GROSSA;Rea��o tardia ou ineficiente do condutor;Engavetamento;Com V�timas Feridas;Plena Noite;Crescente;Nublado;Dupla;"Reta;Declive";N�o;9;0;4;0;4;6;4;9;-25,108612;-50,190834;SPRF-PR;DEL03-PR;UOP04-DEL03-PR;;;
731960;15/11/2025;s�bado;01:00:00;GO;364;113;CACHOEIRA ALTA;Ingest�o de �lcool pelo condutor;Colis�o lateral sentido oposto;Com V�timas Feridas;Plena Noite;Decrescente;C�u Claro;Simples;Reta;Sim;4;0;1;0;2;1;1;2;-18,302532;-51,146323;SPRF-GO;DEL05-GO;UOP02-DEL05-GO;;;
731968;15/11/2025;s�bado;04:30:00;CE;116;506,2;BREJO SANTO;Manobra de mudan�a de faixa;Sa�da de leito carro��vel;Sem V�timas;Plena Noite;Decrescente;C�u Claro;Simples;Reta;N�o;1;0;0;0;1;0;0;1;-7,52372;-38,99564;SPRF-CE;DEL05-CE;UOP03-DEL05-CE;;;
731973;14/11/2025;sexta-feira;21:00:00;PE;316;109;BODOCO;Ingest�o de �lcool pelo condutor;Tombamento;Sem V�timas;Plena Noite;Crescente;C�u Claro;Simples;Reta;N�o;2;0;0;0;1;3;0;4;-7,973663;-39,862058;SPRF-PE;DEL05-PE;UOP02-DEL05-PE;;;
731977;15/11/2025;s�bado;07:57:00;ES;101;211;IBIRACU;Demais falhas mec�nicas ou el�tricas;Inc�ndio;Sem V�timas;Pleno dia;Decrescente;Nublado;Simples;"Aclive;Reta";N�o;3;0;0;0;2;1;0;2;-19,80624781;-40,36777094;SPRF-ES;DEL02-ES;UOP01-DEL02-ES;;;
731980;15/11/2025;s�bado;08:00:00;PR;277;729;FOZ DO IGUACU;Aus�ncia de rea��o do condutor;Colis�o lateral mesmo sentido;Sem V�timas;Pleno dia;Crescente;C�u Claro;Dupla;Reta;N�o;3;0;0;0;2;1;0;3;-25,5096707;-54,5957158;SPRF-PR;DEL05-PR;UOP03-DEL05-PR;;;
731983;15/11/2025;s�bado;08:20:00;SP;116;461,2;PARIQUERA-ACU;Condutor Dormindo;Colis�o lateral mesmo sentido;Com V�timas Feridas;Pleno dia;Crescente;C�u Claro;Dupla;Reta;N�o;3;0;1;0;2;0;1;3;-24,619617;-47,892653;SPRF-SP;DEL05-SP;UOP01-DEL05-SP;;;
731986;15/11/2025;s�bado;08:35:00;SC;101;306;LAGUNA;Acessar a via sem observar a presen�a dos outros ve�culos;Colis�o lateral mesmo sentido;Com V�timas Feridas;Pleno dia;Decrescente;C�u Claro;M�ltipla;Reta;N�o;2;0;0;1;1;0;1;2;-28,40056464;-48,7860775;SPRF-SC;DEL02-SC;UOP03-DEL02-SC;;;
731987;15/11/2025;s�bado;04:00:00;RJ;40;108;DUQUE DE CAXIAS;Demais falhas mec�nicas ou el�tricas;Tombamento;Sem V�timas;Plena Noite;Decrescente;C�u Claro;Dupla;Curva;Sim;1;0;0;0;1;0;0;1;-22,67199624;-43,28510284;SPRF-RJ;DEL01-RJ;UOP02-DEL01-RJ;;;
731998;15/11/2025;s�bado;10:30:00;SC;101;140;BALNEARIO CAMBORIU;Ultrapassagem Indevida;Colis�o lateral mesmo sentido;Com V�timas Feridas;Pleno dia;Crescente;Sol;M�ltipla;"Reta;Aclive";N�o;3;0;1;0;1;1;1;2;-27,03777199;-48,60068321;SPRF-SC;DEL04-SC;UOP03-DEL04-SC;;;
732025;15/11/2025;s�bado;13:00:00;MG;262;476,1;BOM DESPACHO;Ultrapassagem Indevida;Colis�o lateral mesmo sentido;Com V�timas Feridas;Pleno dia;Decrescente;Sol;Simples;Reta;N�o;5;0;1;0;3;1;1;2;-19,785276;-45,314031;SPRF-MG;DEL08-MG;UOP03-DEL08-MG;;;
732027;15/11/2025;s�bado;12:56:00;PE;101;55;PAULISTA;Manobra de mudan�a de faixa;Colis�o lateral mesmo sentido;Com V�timas Fatais;Pleno dia;Decrescente;C�u Claro;Dupla;"Reta;Viaduto";N�o;4;1;1;0;1;1;1;3;-7,9480641;-34,906235;SPRF-PE;DEL01-PE;UOP02-DEL01-PE;;;
732028;15/11/2025;s�bado;09:15:00;PA;163;31;NOVO PROGRESSO;Demais falhas mec�nicas ou el�tricas;Tombamento;Sem V�timas;Pleno dia;Crescente;C�u Claro;Simples;Reta;N�o;2;0;0;0;1;3;0;4;-9,30293;-54,83431;SPRF-MT;DEL06-MT;UOP03-DEL06-MT;;;
732032;15/11/2025;s�bado;12:45:00;RS;468;8,9;PALMEIRA DAS MISSOES;Demais falhas mec�nicas ou el�tricas;Inc�ndio;Sem V�timas;Pleno dia;Decrescente;C�u Claro;Simples;Reta;N�o;2;0;0;0;1;1;0;2;-27,84681827;-53,37651239;SPRF-RS;DEL08-RS;UOP01-DEL08-RS;;;
732035;15/11/2025;s�bado;06:47:00;GO;158;153;CAIAPONIA;Rea��o tardia ou ineficiente do condutor;Tombamento;Com V�timas Feridas;Pleno dia;Crescente;C�u Claro;Simples;"Ponte;Declive;Reta";N�o;2;0;1;0;0;2;1;3;-16,93078721;-51,81864738;SPRF-GO;DEL04-GO;UOP02-DEL04-GO;;;
732037;15/11/2025;s�bado;15:00:00;RS;392;119,1;CANGUCU;Rea��o tardia ou ineficiente do condutor;Sa�da de leito carro��vel;Com V�timas Feridas;Pleno dia;Decrescente;C�u Claro;Simples;"Declive;Reta";N�o;3;0;2;0;0;2;2;3;-31,39801668;-52,68502705;SPRF-RS;DEL07-RS;UOP01-DEL07-RS;;;
732045;04/11/2025;ter�a-feira;07:00:00;RJ;116;230;PIRAI;Aus�ncia de rea��o do condutor;Tombamento;Com V�timas Fatais;Pleno dia;Decrescente;Nublado;Dupla;Curva;N�o;2;1;0;0;0;1;0;2;-22,67270903;-43,82888317;SPRF-RJ;DEL07-RJ;UOP01-DEL07-RJ;;;
732048;15/11/2025;s�bado;14:30:00;SC;282;452;PONTE SERRADA;Aus�ncia de rea��o do condutor;Sa�da de leito carro��vel;Com V�timas Feridas;Pleno dia;Decrescente;Nublado;Simples;Curva;N�o;3;0;0;1;1;2;1;4;-26,920515;-51,948985;SPRF-SC;DEL07-SC;UOP04-DEL07-SC;;;
732052;15/11/2025;s�bado;15:20:00;SE;101;95,8;NOSSA SENHORA DO SOCORRO;Rea��o tardia ou ineficiente do condutor;Colis�o traseira;Sem V�timas;Pleno dia;Decrescente;C�u Claro;Dupla;Reta;N�o;4;0;0;0;2;3;0;5;-10,916292;-37,165247;SPRF-SE;DEL02-SE;UOP01-DEL02-SE;;;
732057;15/11/2025;s�bado;13:00:00;CE;116;508,9;BREJO SANTO;Condutor deixou de manter dist�ncia do ve�culo da frente;Colis�o traseira;Com V�timas Feridas;Pleno dia;Decrescente;C�u Claro;Simples;Reta;N�o;4;0;0;1;2;1;1;3;-7,540465;-39,011755;SPRF-CE;DEL05-CE;UOP03-DEL05-CE;;;
732058;15/11/2025;s�bado;14:40:00;MS;163;543;BANDEIRANTES;Mal s�bito do condutor;Sa�da de leito carro��vel;Com V�timas Feridas;Pleno dia;Crescente;Nublado;Simples;Reta;N�o;2;0;1;0;0;1;1;2;-19,9682388;-54,380946;SPRF-MS;DEL01-MS;UOP02-DEL01-MS;;;
732060;15/11/2025;s�bado;14:20:00;PR;376;545;PALMEIRA;Rea��o tardia ou ineficiente do condutor;Sa�da de leito carro��vel;Sem V�timas;Pleno dia;Decrescente;Nublado;Dupla;Curva;N�o;2;0;0;0;1;1;0;2;-25,4342;-49,7512;SPRF-PR;DEL03-PR;UOP03-DEL03-PR;;;
732069;15/11/2025;s�bado;14:00:00;PE;116;78;CABROBO;Rea��o tardia ou ineficiente do condutor;Sa�da de leito carro��vel;Sem V�timas;Pleno dia;Crescente;C�u Claro;Simples;Reta;N�o;2;0;0;0;1;1;0;2;-8,513801;-39,214728;SPRF-PE;DEL05-PE;UOP03-DEL05-PE;;;
732070;15/11/2025;s�bado;17:40:00;SP;116;227,6;SAO PAULO;Acessar a via sem observar a presen�a dos outros ve�culos;Colis�o lateral mesmo sentido;Sem V�timas;Pleno dia;Decrescente;Nublado;M�ltipla;"Reta;Interse��o de Vias";Sim;3;0;0;0;1;2;0;3;-23,50319071;-46,56610251;SPRF-SP;DEL01-SP;UOP01-DEL01-SP;;;
732082;15/11/2025;s�bado;18:50:00;MG;153;17;CENTRALINA;Ingest�o de �lcool pelo condutor;Colis�o traseira;Sem V�timas;Anoitecer;Decrescente;C�u Claro;M�ltipla;Reta;N�o;3;0;0;0;2;3;0;5;-18,57051886;-49,19356791;SPRF-MG;DEL15-MG;UOP03-DEL15-MG;;;
732093;15/11/2025;s�bado;19:40:00;PR;476;144;CURITIBA;Pedestre andava na pista;Atropelamento de Pedestre;Com V�timas Feridas;Plena Noite;Crescente;Nublado;Dupla;Reta;Sim;2;0;0;1;1;0;1;2;-25,54447249;-49,31564681;SPRF-PR;DEL01-PR;UOP06-DEL01-PR;;;
732098;15/11/2025;s�bado;19:15:00;PR;369;501;CASCAVEL;Transitar na contram�o;Colis�o frontal;Com V�timas Feridas;Plena Noite;Decrescente;Nublado;Simples;"Curva;Declive";N�o;6;0;0;1;4;1;1;5;-24,90847;-53,37889;SPRF-PR;DEL04-PR;UOP01-DEL04-PR;;;
732100;15/11/2025;s�bado;18:20:00;PI;316;62,3;MONSENHOR GIL;Ultrapassagem Indevida;Colis�o lateral sentido oposto;Com V�timas Feridas;Plena Noite;Decrescente;C�u Claro;Simples;Reta;N�o;5;0;3;1;1;0;4;2;-5,59552;-42,61427;SPRF-PI;DEL01-PI;UOP02-DEL01-PI;;;
732108;15/11/2025;s�bado;20:35:00;MG;365;405;PATOS DE MINAS;Velocidade Incompat�vel;Tombamento;Com V�timas Feridas;Pleno dia;Crescente;C�u Claro;Dupla;Retorno Regulamentado;Sim;2;0;1;0;0;1;1;2;-18,63316585;-46,46900207;SPRF-MG;DEL10-MG;UOP01-DEL10-MG;;;
732132;15/11/2025;s�bado;22:00:00;RS;101;18,2;TRES CACHOEIRAS;Estacionar ou parar em local proibido;Colis�o frontal;Com V�timas Feridas;Plena Noite;Crescente;Nublado;Simples;Reta;Sim;3;0;0;1;1;1;1;3;-29,422235;-49,876893;SPRF-RS;DEL03-RS;UOP02-DEL03-RS;;;
732144;15/11/2025;s�bado;18:00:00;CE;222;126,4;ITAPAJE;Rea��o tardia ou ineficiente do condutor;Colis�o traseira;Com V�timas Feridas;Plena Noite;Decrescente;C�u Claro;Simples;"Aclive;Reta";N�o;2;0;1;0;1;0;1;2;-3,702169;-39,608103;SPRF-CE;DEL04-CE;UOP03-DEL04-CE;;;
732145;15/11/2025;s�bado;19:30:00;PR;376;301;MAUA DA SERRA;Velocidade Incompat�vel;Tombamento;Com V�timas Fatais;Plena Noite;Crescente;Garoa/Chuvisco;Dupla;"Curva;Declive";N�o;2;1;0;0;0;1;0;2;-23,93950663;-51,1432457;SPRF-PR;DEL07-PR;UOP02-DEL07-PR;;;
732160;16/11/2025;domingo;00:42:00;PR;277;465,3;LARANJEIRAS DO SUL;Ingest�o de �lcool pelo condutor;Colis�o lateral mesmo sentido;Com V�timas Feridas;Plena Noite;Crescente;C�u Claro;Simples;"Aclive;Reta";N�o;5;0;1;0;2;2;1;3;-25,35829803;-52,47241974;SPRF-PR;DEL04-PR;UOP02-DEL04-PR;;;
732170;16/11/2025;domingo;01:55:00;PE;428;185;PETROLINA;Ingest�o de �lcool pelo condutor;Colis�o traseira;Com V�timas Feridas;Plena Noite;Decrescente;C�u Claro;Dupla;Reta;Sim;2;0;1;0;1;0;1;2;-9,3830774;-40,515655;SPRF-PE;DEL06-PE;UOP01-DEL06-PE;;;
732172;16/11/2025;domingo;03:35:00;SP;116;26,5;SILVEIRAS;Manobra de mudan�a de faixa;Colis�o traseira;Com V�timas Feridas;Plena Noite;Crescente;Nublado;Dupla;Reta;N�o;1;0;0;1;0;0;1;1;-22,6173361;-44,90431979;SPRF-SP;DEL08-SP;UOP02-DEL08-SP;;;
732176;16/11/2025;domingo;02:37:00;SC;116;68;MONTE CASTELO;Suic�dio (presumido);Colis�o lateral sentido oposto;Com V�timas Feridas;Plena Noite;Decrescente;C�u Claro;Simples;Declive;Sim;10;0;1;4;5;0;5;4;-26,45580402;-50,22757626;SPRF-SC;DEL06-SC;UOP02-DEL06-SC;;;
732186;16/11/2025;domingo;04:40:00;MG;381;370;SAO GONCALO DO RIO ABAIXO;Pista Escorregadia;Colis�o frontal;Com V�timas Feridas;Amanhecer;Decrescente;Nublado;Simples;"Aclive;Curva";N�o;4;0;0;2;1;1;2;3;-19,842695;-43,320923;SPRF-MG;DEL01-MG;UOP01-DEL01-MG;;;
732194;16/11/2025;domingo;05:20:00;MS;158;95,5;PARANAIBA;Aus�ncia de rea��o do condutor;Sa�da de leito carro��vel;Com V�timas Feridas;Amanhecer;Decrescente;Garoa/Chuvisco;Dupla;"Reta;Declive";Sim;1;0;1;0;0;0;1;1;-19,683561;-51,200508;SPRF-MS;DEL08-MS;UOP01-DEL08-MS;;;
732209;15/11/2025;s�bado;17:00:00;AP;210;40;MACAPA;Velocidade Incompat�vel;Tombamento;Sem V�timas;Anoitecer;Decrescente;C�u Claro;Simples;"Curva;Declive";N�o;5;0;0;0;1;4;0;5;0,36437832;-51,07745916;SPRF-AP;DEL01-AP;UOP01-DEL01-AP;;;
732219;16/11/2025;domingo;07:06:00;MT;163;93,7;RONDONOPOLIS;Demais falhas mec�nicas ou el�tricas;Inc�ndio;Sem V�timas;Pleno dia;Decrescente;Nublado;Dupla;Reta;N�o;2;0;0;0;1;1;0;2;-16,70260809;-54,65932131;SPRF-MT;DEL02-MT;UOP03-DEL02-MT;;;
732231;16/11/2025;domingo;10:05:00;SC;101;96;BALNEARIO PICARRAS;Transitar no Acostamento;Colis�o traseira;Com V�timas Fatais;Pleno dia;Decrescente;Sol;Dupla;"Aclive;Reta";N�o;4;1;0;0;3;0;0;3;-26,723909;-48,702137;SPRF-SC;DEL03-SC;UOP02-DEL03-SC;;;
732238;16/11/2025;domingo;09:40:00;PR;376;678;GUARATUBA;Problema com o freio;Inc�ndio;Sem V�timas;Pleno dia;Crescente;C�u Claro;Dupla;Curva;N�o;2;0;0;0;1;2;0;3;-25,9479833;-48,90693913;SPRF-PR;DEL01-PR;UOP04-DEL01-PR;;;