id;data_inversa;dia_semana;horario;uf;br;km;municipio;causa_acidente;tipo_acidente;classificacao_acidente;fase_dia;sentido_via;condicao_metereologica;tipo_pista;tracado_via;uso_solo;pessoas;mortos;feridos_leves;feridos_graves;ilesos;ignorados;feridos;veiculos;latitude;longitude;regional;delegacia;uop;;;
732240;16/11/2025;domingo;09:30:00;MG;116;776,2;LEOPOLDINA;Velocidade Incompat�vel;Tombamento;Com V�timas Feridas;Pleno dia;Decrescente;Nublado;Simples;"Aclive;Curva";N�o;3;0;2;0;0;1;2;2;-21,594801;-42,688452;SPRF-MG;DEL07-MG;UOP01-DEL07-MG;;;
732241;16/11/2025;domingo;11:00:00;PR;277;149;BALSA NOVA;Rea��o tardia ou ineficiente do condutor;Sa�da de leito carro��vel;Com V�timas Feridas;Pleno dia;Decrescente;Garoa/Chuvisco;Simples;Aclive;N�o;3;0;1;0;1;1;1;2;-25,464497;-49,762294;SPRF-PR;DEL03-PR;UOP03-DEL03-PR;;;
732244;16/11/2025;domingo;10:00:00;MA;10;249;IMPERATRIZ;Acessar a via sem observar a presen�a dos outros ve�culos;Colis�o transversal;Com V�timas Feridas;Pleno dia;Decrescente;C�u Claro;M�ltipla;"Reta;Interse��o de Vias";Sim;4;0;1;0;3;0;1;2;-5,5528;-47,4583;SPRF-MA;DEL04-MA;UOP01-DEL04-MA;;;
732253;16/11/2025;domingo;10:30:00;MT;364;236;RONDONOPOLIS;Ingest�o de �lcool pelo condutor;Sa�da de leito carro��vel;Com V�timas Feridas;Pleno dia;Decrescente;C�u Claro;Dupla;Reta;Sim;1;0;1;0;0;0;1;1;-16,31856665;-54,75308865;SPRF-MT;DEL02-MT;UOP01-DEL02-MT;;;
732257;16/11/2025;domingo;07:25:00;MG;251;337;RUBELITA;Carga excessiva e/ou mal acondicionada;Derramamento de carga;Com V�timas Feridas;Pleno dia;Decrescente;C�u Claro;Simples;"Declive;Curva";N�o;3;0;1;0;0;2;1;3;-16,2562432;-42,436999;SPRF-MG;DEL12-MG;UOP02-DEL12-MG;;;
732261;16/11/2025;domingo;13:55:00;PR;376;671;GUARATUBA;Ingest�o de �lcool pelo condutor;Engavetamento;Sem V�timas;Pleno dia;Crescente;Nublado;M�ltipla;Reta;N�o;6;0;0;0;6;0;0;3;-25,892441;-48,932404;SPRF-PR;DEL01-PR;UOP04-DEL01-PR;;;
732270;16/11/2025;domingo;11:35:00;SC;101;96,5;BALNEARIO PICARRAS;Condutor deixou de manter dist�ncia do ve�culo da frente;Colis�o traseira;Com V�timas Feridas;Pleno dia;Crescente;C�u Claro;Dupla;Reta;Sim;5;0;0;1;3;2;1;5;-26,7253518;-48,7023654;SPRF-SC;DEL03-SC;UOP02-DEL03-SC;;;
732277;16/11/2025;domingo;13:20:00;MA;135;98;ITAPECURU MIRIM;Transitar na contram�o;Colis�o lateral sentido oposto;Com V�timas Fatais;Pleno dia;Decrescente;C�u Claro;Simples;Reta;N�o;4;1;0;0;1;2;0;4;-3,35291;-44,46434;SPRF-MA;DEL01-MA;UOP02-DEL01-MA;;;
732280;16/11/2025;domingo;15:45:00;ES;262;28;VIANA;Faixas de tr�nsito com largura insuficiente;Queda de ocupante de ve�culo;Com V�timas Feridas;Pleno dia;Decrescente;C�u Claro;Simples;"Aclive;Curva";N�o;3;0;1;1;0;1;2;2;-20,38532867;-40,55847947;SPRF-ES;DEL01-ES;UOP01-DEL01-ES;;;
732287;16/11/2025;domingo;16:15:00;BA;116;755;POCOES;Transitar na contram�o;Colis�o frontal;Com V�timas Fatais;Pleno dia;Crescente;C�u Claro;Simples;Reta;N�o;4;2;0;0;1;1;0;3;-14,507078;-40,360253;SPRF-BA;DEL08-BA;UOP02-DEL08-BA;;;
732292;16/11/2025;domingo;15:20:00;PE;104;66,6;CARUARU;Manobra de mudan�a de faixa;Colis�o lateral mesmo sentido;Com V�timas Feridas;Pleno dia;Crescente;C�u Claro;Dupla;"Reta;Viaduto;Declive";Sim;2;0;1;0;1;0;1;2;-8,29096;-35,98517;SPRF-PE;DEL02-PE;UOP01-DEL02-PE;;;
732294;16/11/2025;domingo;16:30:00;PR;376;625;SAO JOSE DOS PINHAIS;Mal s�bito do condutor;Tombamento;Com V�timas Feridas;Pleno dia;Decrescente;C�u Claro;Dupla;Reta;Sim;1;0;0;1;0;0;1;1;-25,658233;-49,155175;SPRF-PR;DEL01-PR;UOP04-DEL01-PR;;;
732296;16/11/2025;domingo;13:20:00;AL;101;165;CAMPO ALEGRE;Acessar a via sem observar a presen�a dos outros ve�culos;Colis�o transversal;Com V�timas Fatais;Pleno dia;Decrescente;C�u Claro;Dupla;"Interse��o de Vias;Reta";N�o;3;1;0;0;1;2;0;4;-9,900217;-36,276256;SPRF-AL;DEL02-AL;UOP02-DEL02-AL;;;
732299;16/11/2025;domingo;15:26:00;SC;470;67,7;INDAIAL;Aus�ncia de rea��o do condutor;Colis�o traseira;Com V�timas Feridas;Pleno dia;Decrescente;Sol;Dupla;Reta;N�o;10;0;3;1;6;0;4;8;-26,87583432;-49,23692314;SPRF-SC;DEL04-SC;UOP01-DEL04-SC;;;
732300;16/11/2025;domingo;15:45:00;PR;376;516,5;PONTA GROSSA;Aus�ncia de rea��o do condutor;Sa�da de leito carro��vel;Com V�timas Feridas;Pleno dia;Crescente;Nublado;Dupla;Curva;N�o;2;0;1;0;1;0;1;2;-25,26513122;-49,95972633;SPRF-PR;DEL03-PR;UOP04-DEL03-PR;;;
732319;08/11/2025;s�bado;13:05:00;SC;116;254,5;LAGES;Velocidade Incompat�vel;Colis�o lateral mesmo sentido;Sem V�timas;Pleno dia;Decrescente;C�u Claro;M�ltipla;"Interse��o de Vias;Declive;Rotat�ria";N�o;2;0;0;0;0;2;0;2;-27,8716689;-50,39990902;SPRF-SC;DEL05-SC;UOP02-DEL05-SC;;;
732327;16/11/2025;domingo;17:24:00;BA;110;35;SANTA BRIGIDA;Manobra de mudan�a de faixa;Colis�o lateral sentido oposto;Com V�timas Feridas;Pleno dia;Decrescente;C�u Claro;Simples;Reta;N�o;4;0;2;0;1;1;2;3;-9,733703;-38,240402;SPRF-BA;DEL07-BA;UOP01-DEL07-BA;;;
732330;16/11/2025;domingo;17:15:00;BA;242;167;RAFAEL JAMBEIRO;Velocidade Incompat�vel;Colis�o lateral sentido oposto;Com V�timas Feridas;Pleno dia;Crescente;C�u Claro;Simples;Reta;Sim;3;0;1;0;1;2;1;4;-12,47989699;-39,7431273;SPRF-BA;DEL02-BA;UOP02-DEL02-BA;;;
732332;16/11/2025;domingo;16:30:00;MT;163;960;NOVA SANTA HELENA;Aus�ncia de rea��o do condutor;Colis�o lateral sentido oposto;Com V�timas Feridas;Anoitecer;Crescente;C�u Claro;Simples;Reta;N�o;5;0;0;2;2;4;2;7;-10,81771833;-55,17461499;SPRF-MT;DEL06-MT;UOP02-DEL06-MT;;;
732333;16/11/2025;domingo;13:00:00;SE;101;124,5;ITAPORANGA DAJUDA;Demais falhas mec�nicas ou el�tricas;Inc�ndio;Sem V�timas;Pleno dia;Decrescente;C�u Claro;Dupla;Aclive;N�o;2;0;0;0;1;2;0;3;-11,05660269;-37,36506976;SPRF-SE;DEL02-SE;UOP01-DEL02-SE;;;
732338;16/11/2025;domingo;19:00:00;RS;116;128,6;SAO MARCOS;Ingest�o de �lcool pelo condutor;Colis�o frontal;Com V�timas Feridas;Plena Noite;Crescente;Chuva;Simples;Reta;N�o;4;0;1;0;3;0;1;2;-29,03490356;-51,09424559;SPRF-RS;DEL05-RS;UOP01-DEL05-RS;;;
732344;06/10/2025;segunda-feira;16:40:00;PR;376;301,6;MAUA DA SERRA;Velocidade Incompat�vel;Tombamento;Com V�timas Fatais;Anoitecer;Crescente;C�u Claro;Dupla;Curva;N�o;4;1;2;0;0;1;2;3;-23,93413;-51,13431;SPRF-PR;DEL07-PR;UOP02-DEL07-PR;;;
732347;16/11/2025;domingo;17:30:00;MG;116;576,9;MANHUACU;Ingest�o de �lcool pelo condutor;Tombamento;Com V�timas Feridas;Pleno dia;Decrescente;Nublado;Simples;Curva;N�o;2;0;1;0;0;1;1;2;-20,167599;-42,188362;SPRF-MG;DEL06-MG;UOP03-DEL06-MG;;;
732360;16/11/2025;domingo;18:40:00;BA;407;101;JAGUARARI;Ingest�o de �lcool pelo condutor;Colis�o lateral sentido oposto;Com V�timas Feridas;Plena Noite;Crescente;C�u Claro;Simples;"Declive;Interse��o de Vias";Sim;5;0;1;0;1;3;1;4;-10,256337;-40,191587;SPRF-BA;DEL04-BA;UOP01-DEL04-BA;;;
732367;16/11/2025;domingo;19:00:00;MG;116;71,7;MEDINA;Aus�ncia de rea��o do condutor;Colis�o lateral mesmo sentido;Com V�timas Feridas;Plena Noite;Crescente;C�u Claro;Simples;Ponte;Sim;2;0;1;0;0;1;1;2;-16,218535;-41,471493;SPRF-MG;DEL11-MG;UOP02-DEL11-MG;;;
732375;16/11/2025;domingo;20:30:00;PA;155;264;ELDORADO DO CARAJAS;Transitar na contram�o;Colis�o frontal;Com V�timas Feridas;Plena Noite;Decrescente;C�u Claro;Simples;Reta;N�o;3;0;0;1;1;1;1;3;-6,021272;-49,271477;SPRF-PA;DEL03-PA;UOP01-DEL03-PA;;;
732380;16/11/2025;domingo;21:30:00;MG;40;767;JUIZ DE FORA;Retorno proibido;Colis�o transversal;Com V�timas Feridas;Plena Noite;Decrescente;Chuva;Simples;Reta;N�o;5;0;0;2;2;1;2;4;-21,60540772;-43,45916748;SPRF-MG;DEL05-MG;UOP01-DEL05-MG;;;
732386;16/11/2025;domingo;22:20:00;ES;262;106;VENDA NOVA DO IMIGRANTE;Rea��o tardia ou ineficiente do condutor;Colis�o traseira;Com V�timas Feridas;Plena Noite;Decrescente;Nublado;Simples;Reta;Sim;2;0;0;1;0;1;1;2;-20,326375;-41,144538;SPRF-ES;DEL01-ES;UOP02-DEL01-ES;;;
732390;16/11/2025;domingo;22:15:00;PR;376;491;PONTA GROSSA;Ingest�o de �lcool pelo condutor;Colis�o traseira;Com V�timas Feridas;Plena Noite;Crescente;Nublado;Dupla;Reta;N�o;3;0;1;0;1;2;1;4;-25,144;-50,155;SPRF-PR;DEL03-PR;UOP04-DEL03-PR;;;
732393;16/11/2025;domingo;18:40:00;MG;116;452,2;ENGENHEIRO CALDAS;Aus�ncia de rea��o do condutor;Colis�o traseira;Com V�timas Fatais;Plena Noite;Crescente;C�u Claro;Simples;Reta;N�o;2;1;0;0;1;0;0;2;-19,1589687;-42,02457905;SPRF-MG;DEL06-MG;UOP02-DEL06-MG;;;
732400;17/11/2025;segunda-feira;00:10:00;SC;101;116,9;ITAJAI;Aus�ncia de rea��o do condutor;Colis�o traseira;Com V�timas Feridas;Plena Noite;Crescente;Nublado;Dupla;Reta;N�o;4;0;1;0;2;1;1;3;-26,8860733;-48,72312991;SPRF-SC;DEL04-SC;UOP04-DEL04-SC;;;
732402;17/11/2025;segunda-feira;01:00:00;PR;376;491,5;PONTA GROSSA;Demais falhas mec�nicas ou el�tricas;Inc�ndio;Sem V�timas;Plena Noite;Crescente;Nublado;Dupla;"Aclive;Reta";Sim;2;0;0;0;1;1;0;2;-25,144;-50,155;SPRF-PR;DEL03-PR;UOP04-DEL03-PR;;;
732406;17/11/2025;segunda-feira;04:12:00;SP;116;197;ARUJA;Aus�ncia de rea��o do condutor;Colis�o traseira;Com V�timas Feridas;Amanhecer;Crescente;C�u Claro;Dupla;"Curva;Aclive";N�o;2;0;1;0;1;0;1;2;-23,39851073;-46,29887124;SPRF-SP;DEL01-SP;UOP01-DEL01-SP;;;
732407;17/11/2025;segunda-feira;04:20:00;ES;101;223;IBIRACU;Demais falhas mec�nicas ou el�tricas;Inc�ndio;Sem V�timas;Amanhecer;Crescente;Garoa/Chuvisco;Simples;Reta;N�o;1;0;0;0;1;0;0;1;-19,87862;-40,416458;SPRF-ES;DEL02-ES;UOP01-DEL02-ES;;;
732409;17/11/2025;segunda-feira;04:40:00;PB;101;113;ALHANDRA;Condutor Dormindo;Sa�da de leito carro��vel;Sem V�timas;Anoitecer;Crescente;C�u Claro;Dupla;"Aclive;Reta";N�o;1;0;0;0;1;0;0;1;-7,38031;-34,95719;SPRF-PB;DEL01-PB;UOP01-DEL01-PB;;;
732412;17/11/2025;segunda-feira;01:13:00;RR;174;228;RORAINOPOLIS;Velocidade Incompat�vel;Sa�da de leito carro��vel;Com V�timas Feridas;Plena Noite;Decrescente;C�u Claro;Simples;"Aclive;Curva";N�o;2;0;1;1;0;0;2;1;1,077755;-60,38154602;SPRF-RR;DEL01-RR;UOP02-DEL01-RR;;;
732413;17/11/2025;segunda-feira;04:15:00;MG;365;313;JOAO PINHEIRO;Aus�ncia de rea��o do condutor;Sa�da de leito carro��vel;Com V�timas Feridas;Plena Noite;Crescente;Nublado;Simples;Declive;N�o;1;0;0;1;0;0;1;1;-18,211479;-45,838889;SPRF-MG;DEL10-MG;UOP02-DEL010-MG;;;
732430;17/11/2025;segunda-feira;06:15:00;PA;230;101,2;SAO JOAO DO ARAGUAIA;Manobra de mudan�a de faixa;Colis�o frontal;Com V�timas Fatais;Amanhecer;Crescente;C�u Claro;Simples;"Aclive;Interse��o de Vias;Reta";N�o;2;1;0;0;1;0;0;2;-5,3996698;-48,9574213;SPRF-PA;DEL03-PA;UOP01-DEL03-PA;;;
732433;17/11/2025;segunda-feira;07:40:00;GO;60;395;RIO VERDE;Aus�ncia de rea��o do condutor;Colis�o traseira;Com V�timas Feridas;Amanhecer;Decrescente;Nublado;Dupla;"Reta;Aclive";Sim;3;0;0;1;1;1;1;3;-17,81249031;-50,92854291;SPRF-GO;DEL04-GO;UOP02-DEL04-GO;;;
732438;17/11/2025;segunda-feira;00:30:00;RJ;101;184;RIO DAS OSTRAS;Velocidade Incompat�vel;Tombamento;Com V�timas Feridas;Plena Noite;Crescente;Ignorado;Simples;Curva;N�o;1;0;1;0;0;0;1;1;-22,43019026;-42,03210836;SPRF-RJ;DEL08-RJ;UOP04-DEL08-RJ;;;
732442;17/11/2025;segunda-feira;07:30:00;PR;277;37;MORRETES;Rea��o tardia ou ineficiente do condutor;Colis�o traseira;Com V�timas Feridas;Pleno dia;Decrescente;Chuva;Dupla;Declive;N�o;3;0;1;0;1;1;1;3;-25,573577;-48,844375;SPRF-PR;DEL01-PR;UOP05-DEL01-PR;;;
732449;17/11/2025;segunda-feira;08:50:00;PR;116;113;CURITIBA;Trafegar com motocicleta (ou similar) entre as faixas;Colis�o traseira;Com V�timas Feridas;Pleno dia;Crescente;Garoa/Chuvisco;Dupla;Reta;N�o;2;0;1;0;1;0;1;2;-25,54983;-49,281763;SPRF-PR;DEL01-PR;UOP03-DEL01-PR;;;
732450;20/10/2025;segunda-feira;12:30:00;PR;116;10,5;COLOMBO;Rea��o tardia ou ineficiente do condutor;Colis�o traseira;Com V�timas Feridas;Pleno dia;Crescente;Nublado;Dupla;Reta;Sim;2;0;1;0;1;0;1;2;-25,37288874;-49,14239113;SPRF-PR;DEL01-PR;UOP02-DEL01-PR;;;
732458;17/11/2025;segunda-feira;07:50:00;SC;101;101,6;BALNEARIO PICARRAS;Aus�ncia de rea��o do condutor;Colis�o traseira;Com V�timas Feridas;Amanhecer;Crescente;Chuva;M�ltipla;Reta;N�o;4;0;1;0;2;1;1;3;-26,76993991;-48,68615851;SPRF-SC;DEL03-SC;UOP02-DEL03-SC;;;
732459;17/11/2025;segunda-feira;09:05:00;MG;40;463;SETE LAGOAS;Demais falhas mec�nicas ou el�tricas;Colis�o traseira;Com V�timas Feridas;Pleno dia;Crescente;Chuva;Simples;"Declive;Reta";N�o;3;0;1;0;1;1;1;3;-19,43292425;-44,33670044;SPRF-MG;DEL02-MG;UOP01-DEL02-MG;;;
732463;17/11/2025;segunda-feira;09:40:00;MG;116;415,4;GOVERNADOR VALADARES;Problema com o freio;Colis�o lateral mesmo sentido;Com V�timas Feridas;Pleno dia;Decrescente;C�u Claro;Simples;Reta;Sim;5;0;1;0;1;3;1;4;-18,89589256;-41,94683075;SPRF-MG;DEL06-MG;UOP01-DEL06-MG;;;
732471;17/11/2025;segunda-feira;10:00:00;PR;369;183,3;ARAPONGAS;Aus�ncia de sinaliza��o;Colis�o traseira;Sem V�timas;Pleno dia;Crescente;Chuva;Simples;Reta;N�o;2;0;0;0;2;0;0;2;-23,378373;-51,416204;SPRF-PR;DEL07-PR;UOP03-DEL07-PR;;;
732475;17/11/2025;segunda-feira;10:35:00;PR;369;236;JANDAIA DO SUL;Acessar a via sem observar a presen�a dos outros ve�culos;Colis�o frontal;Com V�timas Feridas;Pleno dia;Decrescente;Chuva;Simples;Reta;N�o;3;0;2;0;1;0;2;2;-23,637489;-51,678226;SPRF-PR;DEL09-PR;UOP01-DEL09-PR;;;
732483;17/11/2025;segunda-feira;00:50:00;PE;232;338;CUSTODIA;Aus�ncia de rea��o do condutor;Colis�o lateral sentido oposto;Com V�timas Feridas;Plena Noite;Decrescente;C�u Claro;Simples;Reta;N�o;3;0;0;1;1;1;1;3;-8,08246;-37,67006;SPRF-PE;DEL04-PE;UOP02-DEL04-PE;;;
732485;17/11/2025;segunda-feira;11:30:00;RS;470;11,4;BARRACAO;Acessar a via sem observar a presen�a dos outros ve�culos;Colis�o transversal;Com V�timas Feridas;Pleno dia;Crescente;Nublado;Simples;"Interse��o de Vias;Rotat�ria";N�o;3;0;1;0;2;0;1;2;-27,67521;-51,454774;SPRF-RS;DEL08-RS;UOP05-DEL08-RS;;;
732489;17/11/2025;segunda-feira;13:00:00;SP;116;219,4;GUARULHOS;Entrada inopinada do pedestre;Atropelamento de Pedestre;Com V�timas Fatais;Pleno dia;Crescente;Garoa/Chuvisco;M�ltipla;Reta;Sim;4;1;0;0;3;0;0;2;-23,463605;-46,49609;SPRF-SP;DEL01-SP;UOP01-DEL01-SP;;;
732492;17/11/2025;segunda-feira;13:15:00;RS;285;435,1;BOZANO;Afundamento ou ondula��o no pavimento;Sa�da de leito carro��vel;Com V�timas Feridas;Pleno dia;Decrescente;C�u Claro;Simples;"Declive;Curva";N�o;2;0;1;0;0;1;1;2;-28,343889;-53,697889;SPRF-RS;DEL10-RS;UOP01-DEL10-RS;;;
732494;17/11/2025;segunda-feira;08:16:00;PA;163;572;TRAIRAO;Manobra de mudan�a de faixa;Colis�o frontal;Com V�timas Feridas;Pleno dia;Crescente;C�u Claro;Simples;"Aclive;Reta";N�o;3;0;1;0;1;2;1;4;-5,03703916;-56,18689299;SPRF-PA;DEL05-PA;UOP03-DEL05-PA;;;
732500;17/11/2025;segunda-feira;07:50:00;PR;163;159;LINDOESTE;Velocidade Incompat�vel;Sa�da de leito carro��vel;Com V�timas Feridas;Pleno dia;Crescente;Nublado;Dupla;Curva;N�o;5;0;1;0;3;2;1;4;-25,3152098;-53,5915396;SPRF-PR;DEL05-PR;UOP05-DEL05-PR;;;
732502;17/11/2025;segunda-feira;14:00:00;SE;101;57,5;ROSARIO DO CATETE;Aus�ncia de rea��o do condutor;Colis�o traseira;Sem V�timas;Pleno dia;Decrescente;C�u Claro;Simples;"Reta;Declive";N�o;3;0;0;0;2;1;0;3;-10,65082328;-37,02323914;SPRF-SE;DEL02-SE;UOP02-DEL02-SE;;;
732504;17/11/2025;segunda-feira;13:40:00;PR;476;210,4;LAPA;Aus�ncia de rea��o do condutor;Colis�o frontal;Com V�timas Fatais;Pleno dia;Crescente;Nublado;Simples;Curva;N�o;3;1;0;0;1;1;0;3;-25,7834671;-49,8456087;SPRF-PR;DEL01-PR;UOP06-DEL01-PR;;;
732507;17/11/2025;segunda-feira;14:00:00;GO;20;29;FORMOSA;Rea��o tardia ou ineficiente do condutor;Sa�da de leito carro��vel;Sem V�timas;Pleno dia;Decrescente;Garoa/Chuvisco;Simples;"Declive;Reta";Sim;1;0;0;0;1;0;0;1;-15,499272;-47,110537;SPRF-DF;DEL02-DF;UOP02-DEL02-DF;;;
732518;22/04/2025;ter�a-feira;18:00:00;BA;116;625;JAGUAQUARA;Afundamento ou ondula��o no pavimento;Tombamento;Com V�timas Feridas;Anoitecer;Crescente;C�u Claro;Simples;Reta;N�o;2;0;0;1;0;1;1;2;-13,46001865;-40,03583193;SPRF-BA;DEL03-BA;UOP02-DEL03-BA;;;
732520;17/11/2025;segunda-feira;13:50:00;RO;364;672;CANDEIAS DO JAMARI;Acesso irregular;Colis�o lateral sentido oposto;Com V�timas Feridas;Pleno dia;Crescente;C�u Claro;Simples;Reta;N�o;3;0;1;0;1;2;1;4;-8,77939478;-63,53050232;SPRF-RO;DEL01-RO;UOP01-DEL01-RO;;;
732521;17/11/2025;segunda-feira;12:55:00;MG;381;591;ITAGUARA;Velocidade Incompat�vel;Sa�da de leito carro��vel;Com V�timas Feridas;Pleno dia;Decrescente;Chuva;Dupla;Curva;N�o;2;0;0;1;0;1;1;2;-20,4029;-44,5152;SPRF-MG;DEL04-MG;UOP01-DEL04-MG;;;
732522;17/11/2025;segunda-feira;14:00:00;BA;101;734,5;ITABELA;Curva acentuada;Tombamento;Com V�timas Feridas;Pleno dia;Decrescente;Sol;Simples;"Curva;Declive";N�o;5;0;1;0;3;1;1;3;-16,500867;-39,575478;SPRF-BA;DEL09-BA;UOP01-DEL09-BA;;;
732526;17/11/2025;segunda-feira;15:00:00;RS;116;505;PELOTAS;Aus�ncia de rea��o do condutor;Sa�da de leito carro��vel;Com V�timas Feridas;Pleno dia;Decrescente;C�u Claro;Dupla;Reta;N�o;2;0;1;0;0;1;1;2;-31,590147;-52,281422;SPRF-RS;DEL07-RS;UOP01-DEL07-RS;;;
732532;17/11/2025;segunda-feira;14:30:00;GO;20;126;ALVORADA DO NORTE;Ultrapassagem Indevida;Colis�o frontal;Com V�timas Feridas;Pleno dia;Crescente;Chuva;Simples;Reta;N�o;2;0;0;1;1;0;1;2;-14,7526324;-46,65616036;SPRF-DF;DEL02-DF;UOP03-DEL02-DF;;;
732534;17/11/2025;segunda-feira;15:25:00;PE;101;58;RECIFE;Aus�ncia de rea��o do condutor;Colis�o com objeto;Com V�timas Feridas;Pleno dia;Crescente;C�u Claro;Dupla;Declive;N�o;2;0;0;1;0;1;1;2;-7,978062;-34,927413;SPRF-PE;DEL01-PE;UOP02-DEL01-PE;;;
732540;17/11/2025;segunda-feira;15:06:00;MS;163;571,7;BANDEIRANTES;Transitar na contram�o;Colis�o lateral sentido oposto;Com V�timas Feridas;Pleno dia;Crescente;Nublado;Simples;Reta;N�o;3;0;1;0;1;2;1;4;-19,711775;-54,351011;SPRF-MS;DEL01-MS;UOP02-DEL01-MS;;;
732541;17/11/2025;segunda-feira;15:45:00;MA;135;68;SANTA RITA;Rea��o tardia ou ineficiente do condutor;Colis�o traseira;Com V�timas Feridas;Pleno dia;Crescente;C�u Claro;Simples;Reta;Sim;3;0;1;0;1;2;1;4;-3,127908;-44,324407;SPRF-MA;DEL01-MA;UOP02-DEL01-MA;;;
732544;17/11/2025;segunda-feira;16:50:00;BA;116;441;FEIRA DE SANTANA;Velocidade Incompat�vel;Tombamento;Com V�timas Feridas;Pleno dia;Crescente;C�u Claro;Dupla;"Curva;Declive";N�o;3;0;1;0;1;2;1;4;-12,35224331;-39,09360909;SPRF-BA;DEL02-BA;UOP01-DEL02-BA;;;
732548;17/11/2025;segunda-feira;16:00:00;PR;116;28;CAMPINA GRANDE DO SUL;Manobra de mudan�a de faixa;Tombamento;Com V�timas Feridas;Pleno dia;Decrescente;Garoa/Chuvisco;Dupla;Reta;N�o;2;0;1;0;0;1;1;2;-25,20671273;-48,89597833;SPRF-PR;DEL01-PR;UOP02-DEL01-PR;;;
732551;17/11/2025;segunda-feira;13:20:00;BA;116;922,7;ENCRUZILHADA;Aus�ncia de rea��o do condutor;Colis�o traseira;Com V�timas Feridas;Pleno dia;Decrescente;C�u Claro;Simples;"Declive;Curva;Em Obras";N�o;4;0;2;0;1;2;2;4;-15,612098;-41,289543;SPRF-BA;DEL08-BA;UOP03-DEL08-BA;;;
732557;17/11/2025;segunda-feira;14:00:00;SC;282;542;CHAPECO;Condutor Dormindo;Colis�o lateral sentido oposto;Com V�timas Fatais;Pleno dia;Decrescente;Nublado;Simples;Curva;N�o;9;1;1;1;5;1;2;9;-27,00045251;-52,70613519;SPRF-SC;DEL07-SC;UOP01-DEL07-SC;;;
732561;17/11/2025;segunda-feira;17:10:00;GO;414;407;ABADIANIA;Transitar na contram�o;Colis�o frontal;Com V�timas Feridas;Anoitecer;Crescente;Nublado;Simples;"Declive;Curva";N�o;4;0;1;0;2;1;1;4;-16,0245;-48,8423;SPRF-GO;DEL02-GO;UOP01-DEL02-GO;;;
732568;17/11/2025;segunda-feira;15:35:00;PB;230;241;JUAZEIRINHO;Condutor Dormindo;Colis�o lateral sentido oposto;Com V�timas Fatais;Pleno dia;Decrescente;C�u Claro;Simples;Reta;Sim;3;1;0;0;1;1;0;3;-7,069087;-36,587222;SPRF-PB;DEL02-PB;UOP02-DEL02-PB;;;
732569;17/11/2025;segunda-feira;16:00:00;PR;369;200,8;APUCARANA;Aus�ncia de rea��o do condutor;Atropelamento de Pedestre;Com V�timas Feridas;Pleno dia;Crescente;Garoa/Chuvisco;Simples;"Interse��o de Vias;Rotat�ria";Sim;2;0;1;0;0;1;1;2;-23,53407142;-51,45573541;SPRF-PR;DEL07-PR;UOP03-DEL07-PR;;;
732586;17/11/2025;segunda-feira;17:20:00;MG;116;513,2;UBAPORANGA;Transitar no Acostamento;Colis�o lateral mesmo sentido;Com V�timas Feridas;Pleno dia;Decrescente;Nublado;Simples;Reta;N�o;2;0;0;1;0;1;1;2;-19,674132;-42,116917;SPRF-MG;DEL06-MG;UOP02-DEL06-MG;;;
732587;17/11/2025;segunda-feira;19:00:00;BA;242;810;BARREIRAS;Demais falhas na via;Tombamento;Com V�timas Feridas;Plena Noite;Crescente;C�u Claro;Simples;Reta;N�o;2;0;1;0;0;1;1;2;-12,140194;-44,939913;SPRF-BA;DEL10-BA;UOP01-DEL10-BA;;;
732589;17/11/2025;segunda-feira;20:10:00;PR;277;83,5;CURITIBA;Ultrapassagem Indevida;Colis�o lateral mesmo sentido;Com V�timas Feridas;Plena Noite;Crescente;Nublado;Simples;"Viaduto;Retorno Regulamentado";Sim;2;0;1;0;1;0;1;2;-25,44363747;-49,2334024;SPRF-PR;DEL01-PR;UOP03-DEL01-PR;;;
732593;17/11/2025;segunda-feira;17:30:00;CE;116;148;RUSSAS;Ingest�o de �lcool pelo condutor;Colis�o traseira;Sem V�timas;Pleno dia;Crescente;C�u Claro;Simples;Reta;Sim;2;0;0;0;2;0;0;2;-4,83074;-38,05157661;SPRF-CE;DEL03-CE;UOP01-DEL03-CE;;;
732595;17/11/2025;segunda-feira;20:35:00;ES;101;30,1;CONCEICAO DA BARRA;Transitar na contram�o;Colis�o frontal;Com V�timas Feridas;Plena Noite;Crescente;C�u Claro;Simples;"Reta;Declive";N�o;3;0;2;0;0;5;2;7;-18,41254784;-39,93669447;SPRF-ES;DEL04-ES;UOP02-DEL04-ES;;;
732599;17/11/2025;segunda-feira;17:45:00;MA;316;555;CAXIAS;Acessar a via sem observar a presen�a dos outros ve�culos;Colis�o transversal;Com V�timas Fatais;Anoitecer;Decrescente;C�u Claro;Simples;Curva;N�o;2;1;0;0;0;1;0;2;-4,870712;-43,323098;SPRF-MA;DEL03-MA;UOP02-DEL03-MA;;;
732601;17/11/2025;segunda-feira;16:10:00;MG;262;62,5;MATIPO;Rea��o tardia ou ineficiente do condutor;Sa�da de leito carro��vel;Com V�timas Fatais;Pleno dia;Decrescente;C�u Claro;Simples;"Curva;Declive";N�o;2;1;0;0;0;1;0;2;-20,296458;-42,231795;SPRF-MG;DEL06-MG;UOP03-DEL06-MG;;;