id;data_inversa;dia_semana;horario;uf;br;km;municipio;causa_acidente;tipo_acidente;classificacao_acidente;fase_dia;sentido_via;condicao_metereologica;tipo_pista;tracado_via;uso_solo;pessoas;mortos;feridos_leves;feridos_graves;ilesos;ignorados;feridos;veiculos;latitude;longitude;regional;delegacia;uop;;;
732602;17/11/2025;segunda-feira;21:15:00;PR;277;121;CAMPO LARGO;Manobra de mudan�a de faixa;Colis�o lateral mesmo sentido;Com V�timas Feridas;Plena Noite;Crescente;Garoa/Chuvisco;Dupla;Reta;Sim;3;0;1;0;1;1;1;3;-25,44635544;-49,49020028;SPRF-PR;DEL03-PR;UOP03-DEL03-PR;;;
732604;17/11/2025;segunda-feira;20:40:00;MT;364;524;ROSARIO OESTE;Demais falhas mec�nicas ou el�tricas;Inc�ndio;Sem V�timas;Plena Noite;Decrescente;C�u Claro;Simples;Reta;N�o;2;0;0;0;1;3;0;4;-14,839;-56,439;SPRF-MT;DEL01-MT;UOP01-DEL01-MT;;;
732606;13/11/2025;quinta-feira;01:30:00;SC;116;62;PAPANDUVA;Condutor Dormindo;Colis�o frontal;Com V�timas Feridas;Plena Noite;Decrescente;C�u Claro;Simples;Reta;N�o;50;0;1;0;49;0;1;2;-26,396584;-50,225569;SPRF-SC;DEL06-SC;UOP02-DEL06-SC;;;
732612;17/11/2025;segunda-feira;21:15:00;MG;262;785;UBERABA;Transitar no Acostamento;Colis�o com objeto;Sem V�timas;Plena Noite;Crescente;Chuva;Dupla;"Aclive;Reta";Sim;3;0;0;0;3;0;0;2;-19,77086332;-47,90717125;SPRF-MG;DEL13-MG;UOP01-DEL13-MG;;;
732615;17/11/2025;segunda-feira;20:45:00;MG;381;893,3;CAMBUI;Pedestre andava na pista;Atropelamento de Pedestre;Com V�timas Fatais;Plena Noite;Crescente;Nublado;Dupla;"Declive;Curva";N�o;2;1;0;0;1;0;0;2;-22,568769;-46,041144;SPRF-MG;DEL16-MG;UOP01-DEL16-MG;;;
732622;17/11/2025;segunda-feira;21:10:00;MG;459;74,2;SENADOR JOSE BENTO;Velocidade Incompat�vel;Sa�da de leito carro��vel;Com V�timas Feridas;Plena Noite;Crescente;C�u Claro;Simples;"Declive;Curva";N�o;2;0;1;0;0;1;1;2;-22,130055;-46,1463183;SPRF-MG;DEL09-MG;UOP01-DEL09-MG;;;
732631;17/11/2025;segunda-feira;19:45:00;MS;163;469,4;CAMPO GRANDE;Acessar a via sem observar a presen�a dos outros ve�culos;Colis�o lateral mesmo sentido;Com V�timas Feridas;Plena Noite;Crescente;Garoa/Chuvisco;Simples;Reta;N�o;4;0;0;1;2;3;1;6;-20,563654;-54,559462;SPRF-MS;DEL01-MS;UOP01-DEL01-MS;;;
732632;17/11/2025;segunda-feira;23:05:00;PR;376;635;SAO JOSE DOS PINHAIS;Rea��o tardia ou ineficiente do condutor;Colis�o lateral mesmo sentido;Com V�timas Feridas;Plena Noite;Crescente;Chuva;M�ltipla;"Reta;Declive;Retorno Regulamentado";N�o;4;0;1;0;2;1;1;2;-25,750018;-49,128358;SPRF-PR;DEL01-PR;UOP04-DEL01-PR;;;
732635;17/11/2025;segunda-feira;22:35:00;PR;369;347,9;CAMPO MOURAO;Ultrapassagem Indevida;Colis�o lateral mesmo sentido;Sem V�timas;Plena Noite;Decrescente;C�u Claro;Simples;Curva;N�o;4;0;0;0;3;1;0;3;-24,10674;-52,434705;SPRF-PR;DEL09-PR;UOP03-DEL09-PR;;;
732639;18/11/2025;ter�a-feira;05:29:00;SP;116;105;TAUBATE;Entrada inopinada do pedestre;Atropelamento de Pedestre;Com V�timas Fatais;Amanhecer;Crescente;C�u Claro;Dupla;Aclive;N�o;2;1;0;0;0;1;0;2;-23,00787918;-45,51552842;SPRF-SP;DEL02-SP;UOP02-DEL02-SP;;;
732641;17/11/2025;segunda-feira;23:00:00;SC;282;463,8;PONTE SERRADA;Ingest�o de �lcool pelo condutor;Colis�o transversal;Com V�timas Feridas;Plena Noite;Crescente;C�u Claro;Simples;Reta;N�o;4;0;1;1;1;1;2;3;-26,856047;-52,039581;SPRF-SC;DEL07-SC;UOP04-DEL07-SC;;;
732643;18/11/2025;ter�a-feira;04:55:00;MG;262;48,3;MANHUACU;Transitar na contram�o;Colis�o frontal;Com V�timas Feridas;Amanhecer;Crescente;C�u Claro;Simples;Curva;N�o;5;0;1;1;3;0;2;2;-20,24558913;-42,13665963;SPRF-MG;DEL06-MG;UOP03-DEL06-MG;;;
732645;18/11/2025;ter�a-feira;05:30:00;BA;101;96;ALAGOINHAS;Rea��o tardia ou ineficiente do condutor;Sa�da de leito carro��vel;Com V�timas Feridas;Pleno dia;Decrescente;C�u Claro;Simples;Reta;N�o;2;0;1;0;0;1;1;2;-12,07477;-38,336297;SPRF-BA;DEL01-BA;UOP04-DEL01-BA;;;
732649;18/11/2025;ter�a-feira;04:30:00;PE;232;299;SERTANIA;Animais na Pista;Atropelamento de Animal;Sem V�timas;Plena Noite;Decrescente;C�u Claro;Simples;"Reta;Declive";N�o;2;0;0;0;1;1;0;2;-8,23148;-37,412582;SPRF-PE;DEL04-PE;UOP02-DEL04-PE;;;
732654;18/11/2025;ter�a-feira;06:10:00;PR;277;178;PALMEIRA;Convers�o proibida;Colis�o transversal;Com V�timas Feridas;Amanhecer;Decrescente;Nublado;Simples;Curva;N�o;8;0;5;0;2;1;5;3;-25,434547;-50,016897;SPRF-PR;DEL08-PR;UOP02-DEL08-PR;;;
732655;18/11/2025;ter�a-feira;05:00:00;GO;153;564;PROFESSOR JAMIL;Velocidade Incompat�vel;Tombamento;Sem V�timas;Plena Noite;Decrescente;C�u Claro;Dupla;"Declive;Curva";Sim;2;0;0;0;0;3;0;3;-17,244967;-49,241387;SPRF-GO;DEL03-GO;UOP01-DEL03-GO;;;
732661;18/11/2025;ter�a-feira;07:05:00;SC;280;154,1;MAFRA;Rea��o tardia ou ineficiente do condutor;Sa�da de leito carro��vel;Com V�timas Feridas;Pleno dia;Crescente;Chuva;Simples;"Curva;Aclive";N�o;1;0;1;0;0;0;1;1;-26,21313473;-49,71904485;SPRF-SC;DEL06-SC;UOP03-DEL06-SC;;;
732665;18/11/2025;ter�a-feira;06:10:00;MG;381;434,8;SABARA;Condutor deixou de manter dist�ncia do ve�culo da frente;Colis�o traseira;Sem V�timas;Pleno dia;Crescente;C�u Claro;Simples;Reta;N�o;4;0;0;0;2;2;0;4;-19,8276461;-43,8380561;SPRF-MG;DEL01-MG;UOP01-DEL01-MG;;;
732675;29/10/2025;quarta-feira;20:30:00;PA;308;207,5;BRAGANCA;Aus�ncia de rea��o do condutor;Colis�o traseira;Com V�timas Fatais;Plena Noite;Crescente;C�u Claro;Simples;Reta;N�o;3;1;0;1;0;1;1;2;-1,057783;-46,734273;SPRF-PA;DEL01-PA;UOP03-DEL01-PA;;;
732676;18/11/2025;ter�a-feira;08:00:00;MG;459;80,2;SENADOR JOSE BENTO;Aus�ncia de rea��o do condutor;Colis�o frontal;Com V�timas Feridas;Pleno dia;Decrescente;Nublado;Simples;Curva;N�o;2;0;0;1;1;0;1;2;-22,159113;-46,113155;SPRF-MG;DEL09-MG;UOP01-DEL09-MG;;;
732681;15/05/2025;quinta-feira;06:15:00;SC;101;142;BALNEARIO CAMBORIU;Transitar na contram�o;Colis�o lateral sentido oposto;Com V�timas Fatais;Amanhecer;Decrescente;C�u Claro;Dupla;Curva;Sim;5;1;0;0;2;2;0;5;-27,05689512;-48,59824896;SPRF-SC;DEL04-SC;UOP03-DEL04-SC;;;
732693;18/11/2025;ter�a-feira;08:45:00;PR;476;200,1;LAPA;Rea��o tardia ou ineficiente do condutor;Colis�o frontal;Com V�timas Fatais;Pleno dia;Decrescente;Chuva;Simples;Reta;N�o;4;1;1;0;1;2;1;4;-25,77461955;-49,75735903;SPRF-PR;DEL01-PR;UOP06-DEL01-PR;;;
732694;18/11/2025;ter�a-feira;08:30:00;RS;290;91;PORTO ALEGRE;Condutor deixou de manter dist�ncia do ve�culo da frente;Colis�o traseira;Com V�timas Feridas;Pleno dia;Decrescente;C�u Claro;Dupla;Reta;Sim;5;0;2;0;3;0;2;3;-29,9703033;-51,17093531;SPRF-RS;DEL01-RS;UOP01-DEL01-RS;;;
732700;18/11/2025;ter�a-feira;08:25:00;PR;376;672;GUARATUBA;Aus�ncia de rea��o do condutor;Colis�o com objeto;Com V�timas Fatais;Pleno dia;Decrescente;Chuva;Dupla;"Aclive;Reta";N�o;3;1;0;0;1;2;0;4;-25,899172;-48,926369;SPRF-PR;DEL01-PR;UOP04-DEL01-PR;;;
732703;18/11/2025;ter�a-feira;10:27:00;GO;153;196;URUACU;Condutor usando celular;Colis�o transversal;Com V�timas Feridas;Pleno dia;Crescente;C�u Claro;Simples;"Reta;Declive";N�o;5;0;0;2;2;1;2;4;-14,50255716;-49,14965026;SPRF-GO;DEL07-GO;UOP02-DEL07-GO;;;
732706;18/11/2025;ter�a-feira;07:40:00;CE;403;143,1;CARIRE;Animais na Pista;Atropelamento de Animal;Sem V�timas;Pleno dia;Crescente;C�u Claro;Simples;Reta;N�o;2;0;0;0;1;1;0;2;-3,88569434;-40,48717696;SPRF-CE;DEL04-CE;UOP01-DEL04-CE;;;
732716;18/11/2025;ter�a-feira;09:45:00;SC;101;51;JOINVILLE;Condutor deixou de manter dist�ncia do ve�culo da frente;Colis�o traseira;Com V�timas Feridas;Pleno dia;Decrescente;Garoa/Chuvisco;Dupla;Reta;N�o;3;0;1;0;1;2;1;4;-26,39740526;-48,83972168;SPRF-SC;DEL03-SC;UOP01-DEL03-SC;;;
732721;18/11/2025;ter�a-feira;04:30:00;RS;386;268;FONTOURA XAVIER;Sinaliza��o mal posicionada;Sa�da de leito carro��vel;Com V�timas Feridas;Plena Noite;Decrescente;Nublado;Simples;"Em Obras;Declive";N�o;2;0;1;0;0;1;1;2;-28,960648;-52,37337;SPRF-RS;DEL04-RS;UOP03-DEL04-RS;;;
732723;18/11/2025;ter�a-feira;11:55:00;MS;262;361;CAMPO GRANDE;Transitar na contram�o;Colis�o lateral sentido oposto;Com V�timas Feridas;Pleno dia;Crescente;C�u Claro;Simples;Reta;N�o;3;0;0;1;1;1;1;3;-20,521533;-54,713548;SPRF-MS;DEL01-MS;UOP03-DEL01-MS;;;
732728;18/11/2025;ter�a-feira;12:10:00;RJ;393;8;VOLTA REDONDA;Condutor Dormindo;Sa�da de leito carro��vel;Com V�timas Feridas;Pleno dia;Crescente;C�u Claro;Simples;Reta;N�o;2;0;1;0;0;1;1;2;-22,54749053;-44,06513589;SPRF-RJ;DEL05-RJ;UOP04-DEL05-RJ;;;
732729;16/09/2025;ter�a-feira;06:45:00;SC;470;67,5;INDAIAL;Rea��o tardia ou ineficiente do condutor;Colis�o traseira;Com V�timas Feridas;Pleno dia;Decrescente;C�u Claro;Dupla;Reta;Sim;11;0;6;3;1;3;9;8;-26,873328;-49,23293486;SPRF-SC;DEL04-SC;UOP01-DEL04-SC;;;
732733;18/11/2025;ter�a-feira;12:50:00;PR;369;164;CAMBE;Avarias e/ou desgaste excessivo no pneu;Tombamento;Com V�timas Feridas;Pleno dia;Crescente;C�u Claro;Dupla;"Retorno Regulamentado;Reta;Declive";Sim;1;0;1;0;0;0;1;1;-23,2952246;-51,29458515;SPRF-PR;DEL07-PR;UOP01-DEL07-PR;;;
732734;18/11/2025;ter�a-feira;13:20:00;DF;251;51,9;BRASILIA;Condutor Dormindo;Colis�o lateral sentido oposto;Sem V�timas;Pleno dia;Decrescente;C�u Claro;Simples;Reta;N�o;2;0;0;0;1;1;0;2;-15,976348;-47,91181;SPRF-DF;DEL01-DF;UOP01-DEL01-DF;;;
732735;18/11/2025;ter�a-feira;13:05:00;PR;369;21;CAMBARA;Estacionar ou parar em local proibido;Colis�o traseira;Com V�timas Feridas;Pleno dia;Crescente;C�u Claro;Simples;"Aclive;Reta";N�o;3;0;1;0;1;1;1;3;-23,0391044;-50,09039551;SPRF-PR;DEL07-PR;UOP05-DEL07-PR;;;
732737;18/11/2025;ter�a-feira;09:43:00;MT;163;781;SORRISO;Transitar na contram�o;Sa�da de leito carro��vel;Com V�timas Feridas;Pleno dia;Crescente;C�u Claro;Simples;"Reta;Em Obras;Aclive;Desvio Tempor�rio";N�o;3;0;1;0;1;4;1;6;-12,3275;-55,586;SPRF-MT;DEL06-MT;UOP02-DEL06-MT;;;
732739;18/11/2025;ter�a-feira;12:00:00;PR;376;497;PONTA GROSSA;Aus�ncia de rea��o do condutor;Colis�o traseira;Com V�timas Feridas;Pleno dia;Crescente;Ignorado;Simples;Reta;N�o;3;0;1;0;1;1;1;2;-25,174465;-50,104389;SPRF-PR;DEL03-PR;UOP04-DEL03-PR;;;
732741;18/11/2025;ter�a-feira;14:10:00;SC;470;138,5;RIO DO SUL;Rea��o tardia ou ineficiente do condutor;Colis�o transversal;Com V�timas Feridas;Pleno dia;Decrescente;Chuva;Simples;"Retorno Regulamentado;Reta";Sim;3;0;1;0;1;1;1;3;-27,19398608;-49,62407319;SPRF-SC;DEL04-SC;UOP02-DEL04-SC;;;
732743;18/11/2025;ter�a-feira;11:30:00;SP;116;503,5;CAJATI;Rea��o tardia ou ineficiente do condutor;Colis�o com objeto;Sem V�timas;Pleno dia;Crescente;Chuva;Simples;"Curva;Declive";N�o;1;0;0;0;1;0;0;1;-24,7777204;-48,2114896;SPRF-SP;DEL05-SP;UOP02-DEL05-SP;;;
732747;18/11/2025;ter�a-feira;15:00:00;SP;381;62;MAIRIPORA;Transitar na contram�o;Colis�o frontal;Com V�timas Feridas;Pleno dia;Decrescente;Chuva;Dupla;"Reta;Aclive";N�o;2;0;1;0;1;0;1;2;-23,29640723;-46,57136369;SPRF-SP;DEL03-SP;UOP01-DEL03-SP;;;
732753;18/11/2025;ter�a-feira;15:05:00;GO;153;689;ITUMBIARA;Aus�ncia de rea��o do condutor;Colis�o traseira;Com V�timas Feridas;Pleno dia;Decrescente;Nublado;Dupla;Reta;N�o;2;0;0;1;1;0;1;2;-18,29238882;-49,23791081;SPRF-GO;DEL03-GO;UOP02-DEL03-GO;;;
732754;18/11/2025;ter�a-feira;13:45:00;SC;470;18;ILHOTA;Condutor Dormindo;Colis�o lateral mesmo sentido;Sem V�timas;Pleno dia;Crescente;Chuva;Dupla;Reta;Sim;2;0;0;0;2;0;0;2;-26,854406;-48,807991;SPRF-SC;DEL04-SC;UOP04-DEL04-SC;;;
732758;18/11/2025;ter�a-feira;12:10:00;MG;262;676,9;ARAXA;Ultrapassagem Indevida;Colis�o lateral sentido oposto;Sem V�timas;Pleno dia;Decrescente;C�u Claro;Simples;"Reta;Declive;Ponte";N�o;4;0;0;0;3;4;0;7;-19,54862;-46,95157;SPRF-MG;DEL08-MG;UOP01-DEL08-MG;;;
732759;18/11/2025;ter�a-feira;11:56:00;MG;381;707,3;RIBEIRAO VERMELHO;Velocidade Incompat�vel;Tombamento;Com V�timas Feridas;Pleno dia;Decrescente;Nublado;Dupla;Curva;N�o;1;0;1;0;0;0;1;1;-21,16394;-45,122999;SPRF-MG;DEL04-MG;UOP02-DEL04-MG;;;
732762;18/11/2025;ter�a-feira;15:30:00;SP;116;447,8;REGISTRO;Condutor deixou de manter dist�ncia do ve�culo da frente;Colis�o traseira;Com V�timas Feridas;Pleno dia;Crescente;C�u Claro;Dupla;Reta;N�o;3;0;1;0;2;0;1;2;-24,5214779;-47,85394046;SPRF-SP;DEL05-SP;UOP01-DEL05-SP;;;
732768;18/11/2025;ter�a-feira;16:10:00;ES;101;302,6;VIANA;Manobra de mudan�a de faixa;Colis�o lateral mesmo sentido;Com V�timas Feridas;Pleno dia;Decrescente;C�u Claro;Dupla;Curva;N�o;3;0;2;0;0;1;2;2;-20,3751245;-40,44264793;SPRF-ES;DEL01-ES;UOP01-DEL01-ES;;;
732774;18/11/2025;ter�a-feira;16:10:00;PR;277;204;PALMEIRA;Rea��o tardia ou ineficiente do condutor;Sa�da de leito carro��vel;Com V�timas Feridas;Pleno dia;Decrescente;C�u Claro;Simples;"Reta;Declive";N�o;3;0;1;0;1;1;1;2;-25,43180317;-50,06092072;SPRF-PR;DEL08-PR;UOP02-DEL08-PR;;;
732778;18/11/2025;ter�a-feira;16:30:00;BA;324;595,5;CANDEIAS;Rea��o tardia ou ineficiente do condutor;Colis�o frontal;Com V�timas Feridas;Pleno dia;Decrescente;C�u Claro;Dupla;Reta;N�o;3;0;2;0;0;1;2;3;-12,7170804;-38,4516383;SPRF-BA;DEL01-BA;UOP01-DEL01-BA;;;
732779;18/11/2025;ter�a-feira;16:40:00;RS;287;279;SAO PEDRO DO SUL;Aus�ncia de rea��o do condutor;Colis�o traseira;Com V�timas Feridas;Pleno dia;Crescente;Sol;Simples;"Aclive;Reta";N�o;3;0;1;0;1;1;1;3;-29,642632;-54,16778;SPRF-RS;DEL09-RS;UOP01-DEL09-RS;;;
732782;18/11/2025;ter�a-feira;16:00:00;MT;70;49;BARRA DO GARCAS;Acostamento em desn�vel;Sa�da de leito carro��vel;Com V�timas Feridas;Pleno dia;Decrescente;C�u Claro;Simples;Aclive;N�o;2;0;1;0;0;2;1;3;-15,74632778;-52,61798859;SPRF-MT;DEL07-MT;UOP01-DEL07-MT;;;
732783;18/11/2025;ter�a-feira;13:00:00;SC;163;99,9;SAO JOSE DO CEDRO;Aus�ncia de rea��o do condutor;Colis�o frontal;Com V�timas Fatais;Pleno dia;Decrescente;C�u Claro;Simples;"Declive;Curva";N�o;5;1;0;2;1;1;2;4;-26,48801703;-53,50448934;SPRF-SC;DEL07-SC;UOP03-DEL07-SC;;;
732785;18/11/2025;ter�a-feira;17:45:00;MG;381;510,6;SAO JOAQUIM DE BICAS;Desrespeitar a prefer�ncia no cruzamento;Colis�o transversal;Com V�timas Feridas;Anoitecer;Decrescente;Nublado;Simples;Reta;Sim;2;0;0;1;1;0;1;2;-20,0579097;-44,2877547;SPRF-MG;DEL01-MG;UOP03-DEL01-MG;;;
732788;18/11/2025;ter�a-feira;17:20:00;SP;116;283;EMBU DAS ARTES;Entrada inopinada do pedestre;Colis�o transversal;Com V�timas Feridas;Pleno dia;Decrescente;C�u Claro;Dupla;Reta;Sim;3;0;1;0;1;1;1;3;-23,67567172;-46,85681363;SPRF-SP;DEL04-SP;UOP01-DEL04-SP;;;
732792;18/11/2025;ter�a-feira;04:00:00;MS;262;605;MIRANDA;Acostamento em desn�vel;Tombamento;Sem V�timas;Pleno dia;Crescente;C�u Claro;Simples;Reta;N�o;3;0;0;0;2;1;0;2;-20,093051;-56,743791;SPRF-MS;DEL03-MS;UOP02-DEL03-MS;;;
732795;18/11/2025;ter�a-feira;18:25:00;MG;146;478,3;POCOS DE CALDAS;Velocidade Incompat�vel;Colis�o lateral sentido oposto;Com V�timas Feridas;Anoitecer;Decrescente;C�u Claro;Simples;"Declive;Curva";N�o;5;0;1;1;2;1;2;4;-21,7728305;-46,4219211;SPRF-MG;DEL09-MG;UOP01-DEL09-MG;;;
732798;18/11/2025;ter�a-feira;18:10:00;MG;381;478,3;CONTAGEM;Trafegar com motocicleta (ou similar) entre as faixas;Colis�o traseira;Com V�timas Feridas;Anoitecer;Decrescente;Nublado;Dupla;Reta;Sim;5;0;2;0;2;1;2;5;-19,961693;-44,038473;SPRF-MG;DEL01-MG;UOP03-DEL01-MG;;;
732810;25/10/2025;s�bado;14:30:00;GO;60;112;GOIANAPOLIS;Aus�ncia de rea��o do condutor;Colis�o lateral mesmo sentido;Com V�timas Feridas;Pleno dia;Crescente;Sol;Dupla;Curva;N�o;2;0;1;0;1;0;1;2;-16,45123207;-49,04914856;SPRF-GO;DEL01-GO;UOP01-DEL01-GO;;;
732811;18/11/2025;ter�a-feira;18:20:00;PR;277;715;SANTA TEREZINHA DE ITAIPU;Ingest�o de �lcool pelo condutor;Colis�o lateral mesmo sentido;Sem V�timas;Anoitecer;Decrescente;C�u Claro;Dupla;Reta;N�o;5;0;0;0;4;1;0;3;-25,46532;-54,449794;SPRF-PR;DEL05-PR;UOP01-DEL05-PR;;;
732813;18/11/2025;ter�a-feira;18:30:00;PB;101;14,3;MAMANGUAPE;Ultrapassagem Indevida;Colis�o lateral mesmo sentido;Com V�timas Feridas;Plena Noite;Crescente;C�u Claro;Dupla;Em Obras;N�o;2;0;1;0;0;1;1;2;-6,61937044;-35,1353386;SPRF-PB;DEL01-PB;UOP03-DEL01-PB;;;
732815;18/11/2025;ter�a-feira;19:45:00;BA;116;274;TUCANO;Suic�dio (presumido);Eventos at�picos;Com V�timas Fatais;Plena Noite;Crescente;C�u Claro;Simples;Curva;Sim;2;1;0;0;0;1;0;2;-10,96209491;-38,79148576;SPRF-BA;DEL07-BA;UOP02-DEL07-BA;;;
732817;18/11/2025;ter�a-feira;19:30:00;RS;471;513,2;RIO GRANDE;Ultrapassagem Indevida;Sa�da de leito carro��vel;Com V�timas Feridas;Anoitecer;Crescente;C�u Claro;Simples;Reta;N�o;6;0;1;0;4;1;1;3;-32,39178354;-52,55576234;SPRF-RS;DEL07-RS;UOP02-DEL07-RS;;;
732821;21/10/2025;ter�a-feira;17:45:00;SP;381;42;ATIBAIA;Rea��o tardia ou ineficiente do condutor;Colis�o lateral mesmo sentido;Com V�timas Feridas;Pleno dia;Decrescente;C�u Claro;Dupla;Reta;Sim;6;0;3;1;1;2;4;4;-23,15022527;-46,57439232;SPRF-SP;DEL03-SP;UOP01-DEL03-SP;;;
732828;18/11/2025;ter�a-feira;07:20:00;SC;101;157,3;PORTO BELO;Rea��o tardia ou ineficiente do condutor;Colis�o traseira;Com V�timas Feridas;Pleno dia;Decrescente;Chuva;M�ltipla;Interse��o de Vias;Sim;4;0;3;0;1;0;3;2;-27,18513512;-48,61199141;SPRF-SC;DEL04-SC;UOP03-DEL04-SC;;;
732832;18/11/2025;ter�a-feira;20:15:00;RJ;116;252;PIRAI;Condutor deixou de manter dist�ncia do ve�culo da frente;Colis�o lateral mesmo sentido;Com V�timas Feridas;Plena Noite;Crescente;Garoa/Chuvisco;Dupla;"Reta;Declive";N�o;4;0;0;1;2;2;1;4;-22,6669774;-43,840942;SPRF-RJ;DEL07-RJ;UOP01-DEL07-RJ;;;
732837;18/11/2025;ter�a-feira;21:00:00;AL;101;149;JEQUIA DA PRAIA;Rea��o tardia ou ineficiente do condutor;Atropelamento de Pedestre;Com V�timas Fatais;Plena Noite;Decrescente;C�u Claro;Dupla;"Aclive;Reta";N�o;3;1;1;0;0;1;1;2;-9,883217;-36,137338;SPRF-AL;DEL02-AL;UOP02-DEL02-AL;;;
732838;18/11/2025;ter�a-feira;21:10:00;CE;402;288;ITAPIPOCA;Ingest�o de �lcool pelo condutor;Colis�o frontal;Com V�timas Feridas;Plena Noite;Crescente;C�u Claro;Simples;Reta;N�o;3;0;1;2;0;0;3;2;-3,505596;-39,500384;SPRF-CE;DEL01-CE;UOP03-DEL01-CE;;;
732839;18/11/2025;ter�a-feira;17:20:00;GO;153;656;GOIATUBA;Rea��o tardia ou ineficiente do condutor;Tombamento;Sem V�timas;Pleno dia;Decrescente;Sol;Dupla;Declive;N�o;2;0;0;0;1;3;0;4;-18,033554;-49,26569;SPRF-GO;DEL03-GO;UOP01-DEL03-GO;;;
732840;18/11/2025;ter�a-feira;21:40:00;SC;101;219,8;PALHOCA;Manobra de mudan�a de faixa;Colis�o lateral mesmo sentido;Com V�timas Feridas;Plena Noite;Decrescente;Nublado;M�ltipla;Reta;N�o;3;0;1;0;1;1;1;3;-27,68982596;-48,66477426;SPRF-SC;DEL01-SC;UOP02-DEL01-SC;;;
732841;18/11/2025;ter�a-feira;21:25:00;SC;480;124,5;CHAPECO;Velocidade Incompat�vel;Tombamento;Com V�timas Feridas;Plena Noite;Crescente;C�u Claro;Dupla;"Viaduto;Curva";Sim;2;0;1;0;0;1;1;2;-26,99964;-52,64628;SPRF-SC;DEL07-SC;UOP01-DEL07-SC;;;
732848;18/11/2025;ter�a-feira;23:15:00;MG;40;585;ITABIRITO;Chuva;Colis�o frontal;Com V�timas Feridas;Plena Noite;Decrescente;Chuva;Simples;Reta;N�o;7;0;2;0;4;1;2;3;-20,339084;-43,920481;SPRF-MG;DEL01-MG;UOP02-DEL01-MG;;;
732851;19/11/2025;quarta-feira;00:40:00;SP;116;338,5;JUQUITIBA;Problema com o freio;Inc�ndio;Sem V�timas;Plena Noite;Crescente;C�u Claro;Dupla;Reta;N�o;2;0;0;0;1;1;0;2;-23,99466272;-47,14782715;SPRF-SP;DEL04-SP;UOP03-DEL04-SP;;;
732852;18/11/2025;ter�a-feira;22:00:00;MG;262;411,1;PARA DE MINAS;Chuva;Colis�o com objeto;Com V�timas Feridas;Plena Noite;Decrescente;Chuva;Dupla;"Reta;Ponte";N�o;2;0;1;0;0;1;1;2;-19,8821641;-44,7415134;SPRF-MG;DEL08-MG;UOP03-DEL08-MG;;;
732855;19/11/2025;quarta-feira;02:10:00;MG;40;449,8;CAETANOPOLIS;Condutor Dormindo;Colis�o traseira;Com V�timas Feridas;Pleno dia;Crescente;Nublado;Dupla;"Aclive;Reta";N�o;3;0;2;0;1;0;2;2;-19,316278;-44,368154;SPRF-MG;DEL02-MG;UOP01-DEL02-MG;;;
732856;18/11/2025;ter�a-feira;21:00:00;MS;376;70;IVINHEMA;Condutor deixou de manter dist�ncia do ve�culo da frente;Colis�o traseira;Com V�timas Feridas;Plena Noite;Decrescente;C�u Claro;Simples;Reta;N�o;2;0;1;0;0;1;1;2;-22,383632;-53,567672;SPRF-MS;DEL04-MS;UOP04-DEL04-MS;;;
732857;18/11/2025;ter�a-feira;23:05:00;AL;101;0,5;NOVO LINO;Demais falhas mec�nicas ou el�tricas;Inc�ndio;Sem V�timas;Plena Noite;Crescente;C�u Claro;Dupla;Reta;Sim;1;0;0;0;1;0;0;1;-8,88212284;-35,63002937;SPRF-AL;DEL01-AL;UOP02-DEL01-AL;;;
732858;18/11/2025;ter�a-feira;17:00:00;AL;101;121,9;SAO MIGUEL DOS CAMPOS;Demais falhas mec�nicas ou el�tricas;Sa�da de leito carro��vel;Sem V�timas;Anoitecer;Crescente;C�u Claro;Simples;"Curva;Aclive";N�o;2;0;0;0;1;1;0;2;-9,694175;-36,034953;SPRF-AL;DEL02-AL;UOP01-DEL02-AL;;;
732859;19/11/2025;quarta-feira;02:20:00;SC;101;169;TIJUCAS;Acessar a via sem observar a presen�a dos outros ve�culos;Colis�o traseira;Sem V�timas;Plena Noite;Crescente;C�u Claro;Dupla;Interse��o de Vias;N�o;3;0;0;0;1;2;0;3;-27,28009041;-48,63155712;SPRF-SC;DEL04-SC;UOP03-DEL04-SC;;;
732861;19/11/2025;quarta-feira;03:00:00;MG;365;660;MONTE ALEGRE DE MINAS;Rea��o tardia ou ineficiente do condutor;Colis�o traseira;Com V�timas Feridas;Plena Noite;Decrescente;C�u Claro;Dupla;Reta;N�o;5;0;1;0;3;2;1;4;-18,88121;-48,607012;SPRF-MG;DEL15-MG;UOP01-DEL15-MG;;;
732862;19/11/2025;quarta-feira;01:45:00;MG;381;729;NEPOMUCENO;Velocidade Incompat�vel;Tombamento;Com V�timas Feridas;Plena Noite;Decrescente;Nublado;Dupla;"Declive;Curva";N�o;2;0;1;0;0;1;1;2;-21,3331527;-45,1710805;SPRF-MG;DEL04-MG;UOP02-DEL04-MG;;;
732863;19/11/2025;quarta-feira;04:30:00;BA;116;581;NOVA ITARANA;Condutor Dormindo;Colis�o traseira;Com V�timas Feridas;Amanhecer;Crescente;C�u Claro;Simples;Reta;N�o;3;0;1;0;2;0;1;2;-13,10458;-39,99105;SPRF-BA;DEL03-BA;UOP02-DEL03-BA;;;
732864;19/11/2025;quarta-feira;03:40:00;GO;60;11;SANTO ANTONIO DO DESCOBERTO;Demais falhas mec�nicas ou el�tricas;Inc�ndio;Sem V�timas;Plena Noite;Decrescente;Nublado;Dupla;Curva;N�o;2;0;0;0;1;1;0;2;-16,114349;-48,330672;SPRF-DF;DEL03-DF;UOP01-DEL03-DF;;;