id;data_inversa;dia_semana;horario;uf;br;km;municipio;causa_acidente;tipo_acidente;classificacao_acidente;fase_dia;sentido_via;condicao_metereologica;tipo_pista;tracado_via;uso_solo;pessoas;mortos;feridos_leves;feridos_graves;ilesos;ignorados;feridos;veiculos;latitude;longitude;regional;delegacia;uop;;;
732866;19/11/2025;quarta-feira;05:30:00;PR;376;621;SAO JOSE DOS PINHAIS;Rea��o tardia ou ineficiente do condutor;Engavetamento;Com V�timas Fatais;Amanhecer;Crescente;C�u Claro;Dupla;"Declive;Interse��o de Vias";Sim;8;3;0;2;2;3;2;6;-25,624546;-49,1661978;SPRF-PR;DEL01-PR;UOP04-DEL01-PR;;;
732874;19/11/2025;quarta-feira;02:00:00;SP;116;278;EMBU DAS ARTES;Aus�ncia de rea��o do condutor;Colis�o traseira;Sem V�timas;Plena Noite;Crescente;Nublado;Dupla;Reta;Sim;2;0;0;0;0;2;0;2;-23,7002376;-46,8689496;SPRF-SP;DEL04-SP;UOP01-DEL04-SP;;;
732875;19/11/2025;quarta-feira;07:31:00;PE;101;7;GOIANA;Rea��o tardia ou ineficiente do condutor;Colis�o traseira;Com V�timas Feridas;Pleno dia;Decrescente;C�u Claro;Dupla;Reta;Sim;3;0;1;0;2;0;1;2;-7,56242;-34,99041;SPRF-PE;DEL01-PE;UOP02-DEL01-PE;;;
732876;19/11/2025;quarta-feira;07:30:00;SP;116;162,1;JACAREI;Demais falhas mec�nicas ou el�tricas;Inc�ndio;Sem V�timas;Pleno dia;Decrescente;Sol;Dupla;Reta;N�o;1;0;0;0;1;0;0;1;-23,28199101;-45,98430634;SPRF-SP;DEL02-SP;UOP01-DEL02-SP;;;
732879;19/11/2025;quarta-feira;06:00:00;MT;174;79;CACERES;Rea��o tardia ou ineficiente do condutor;Colis�o lateral sentido oposto;Com V�timas Feridas;Pleno dia;Decrescente;C�u Claro;Simples;Reta;N�o;5;0;3;0;2;0;3;3;-15,988828;-57,7554547;SPRF-MT;DEL03-MT;UOP01-DEL03-MT;;;
732888;19/11/2025;quarta-feira;07:00:00;RJ;40;64,2;PETROPOLIS;Rea��o tardia ou ineficiente do condutor;Colis�o lateral mesmo sentido;Com V�timas Feridas;Pleno dia;Crescente;C�u Claro;Dupla;Curva;N�o;2;0;1;0;1;0;1;2;-22,42042;-43,15528;SPRF-RJ;DEL05-RJ;UOP02-DEL05-RJ;;;
732894;19/11/2025;quarta-feira;08:16:00;RN;406;151;CEARA-MIRIM;Aus�ncia de rea��o do condutor;Colis�o traseira;Com V�timas Feridas;Pleno dia;Decrescente;C�u Claro;Simples;Reta;Sim;3;0;1;1;0;1;2;2;-5,65151892;-35,42060852;SPRF-RN;DEL02-RN;UOP01-DEL02-RN;;;
732898;18/11/2025;ter�a-feira;12:00:00;RJ;40;75;PETROPOLIS;Demais falhas mec�nicas ou el�tricas;Colis�o traseira;Com V�timas Feridas;Pleno dia;Decrescente;C�u Claro;Simples;Reta;N�o;3;0;2;0;1;0;2;3;-22,49986997;-43,22879791;SPRF-RJ;DEL01-RJ;UOP01-DEL01-RJ;;;
732901;19/11/2025;quarta-feira;07:45:00;MT;364;400;CUIABA;Ultrapassagem Indevida;Colis�o lateral mesmo sentido;Com V�timas Feridas;Pleno dia;Decrescente;C�u Claro;Dupla;Reta;N�o;3;0;1;0;2;0;1;3;-15,6470249;-56,0067457;SPRF-MT;DEL01-MT;UOP02-DEL01-MT;;;
732904;19/11/2025;quarta-feira;07:40:00;PI;343;591,4;FLORIANO;Aus�ncia de rea��o do condutor;Colis�o traseira;Com V�timas Feridas;Amanhecer;Decrescente;Nublado;Dupla;Reta;Sim;3;0;0;1;2;0;1;3;-6,779818;-43,027137;SPRF-PI;DEL03-PI;UOP01-DEL03-PI;;;
732907;26/10/2025;domingo;09:25:00;MT;174;227;JAURU;Ingest�o de �lcool pelo condutor;Sa�da de leito carro��vel;Com V�timas Fatais;Pleno dia;Crescente;C�u Claro;Simples;Reta;N�o;2;1;0;0;1;0;0;1;-15,58411253;-58,92701712;SPRF-MT;DEL04-MT;UOP01-DEL04-MT;;;
732914;03/10/2025;sexta-feira;07:10:00;SP;153;61,3;SAO JOSE DO RIO PRETO;Aus�ncia de rea��o do condutor;Colis�o traseira;Com V�timas Feridas;Pleno dia;Decrescente;C�u Claro;Dupla;"Aclive;Reta";Sim;5;0;0;2;2;4;2;7;-20,807659;-49,356164;SPRF-SP;DEL09-SP;UOP01-DEL09-SP;;;
732915;03/11/2025;segunda-feira;10:32:00;MT;163;658;NOVA MUTUM;Condutor deixou de manter dist�ncia do ve�culo da frente;Colis�o traseira;Sem V�timas;Pleno dia;Decrescente;Nublado;Simples;Reta;N�o;3;0;0;0;3;0;0;3;-13,324857;-55,811218;SPRF-MT;DEL06-MT;UOP01-DEL06-MT;;;
732919;19/11/2025;quarta-feira;09:30:00;PR;376;616,5;SAO JOSE DOS PINHAIS;Aus�ncia de rea��o do condutor;Colis�o lateral mesmo sentido;Sem V�timas;Pleno dia;Decrescente;Sol;Dupla;Reta;N�o;3;0;0;0;2;1;0;3;-25,5836336;-49,1765213;SPRF-PR;DEL01-PR;UOP04-DEL01-PR;;;
732925;19/11/2025;quarta-feira;11:50:00;SC;282;19,4;PALHOCA;Trafegar com motocicleta (ou similar) entre as faixas;Colis�o transversal;Com V�timas Feridas;Pleno dia;Decrescente;C�u Claro;Simples;"Reta;Aclive";N�o;2;0;0;1;1;0;1;2;-27,681323;-48,70588;SPRF-SC;DEL01-SC;UOP02-DEL01-SC;;;
732927;19/11/2025;quarta-feira;07:00:00;SP;116;503;CAJATI;Condutor Dormindo;Colis�o com objeto;Com V�timas Feridas;Pleno dia;Decrescente;C�u Claro;Dupla;Curva;N�o;2;0;1;0;1;0;1;1;-24,78464824;-48,18817489;SPRF-SP;DEL05-SP;UOP02-DEL05-SP;;;
732933;19/11/2025;quarta-feira;12:30:00;RJ;101;529;ANGRA DOS REIS;Restri��o de visibilidade em curvas horizontais;Sa�da de leito carro��vel;Com V�timas Feridas;Pleno dia;Crescente;C�u Claro;Simples;"Em Obras;Curva;Declive";N�o;2;0;1;0;1;0;1;1;-23,023175;-44,512084;SPRF-RJ;DEL03-RJ;UOP03-DEL03-RJ;;;
732934;19/11/2025;quarta-feira;12:00:00;PR;116;118,8;CURITIBA;Trafegar com motocicleta (ou similar) entre as faixas;Tombamento;Com V�timas Fatais;Pleno dia;Crescente;C�u Claro;Dupla;Reta;N�o;5;1;1;0;2;1;1;4;-25,572394;-49,311298;SPRF-PR;DEL01-PR;UOP03-DEL01-PR;;;
732937;19/11/2025;quarta-feira;12:20:00;PE;104;64;CARUARU;Acessar a via sem observar a presen�a dos outros ve�culos;Atropelamento de Pedestre;Com V�timas Feridas;Pleno dia;Decrescente;C�u Claro;Dupla;"Viaduto;Aclive";Sim;3;0;0;2;0;1;2;2;-8,267451;-35,978901;SPRF-PE;DEL02-PE;UOP01-DEL02-PE;;;
732939;19/11/2025;quarta-feira;12:00:00;RO;364;711;PORTO VELHO;Acessar a via sem observar a presen�a dos outros ve�culos;Sa�da de leito carro��vel;Com V�timas Feridas;Pleno dia;Decrescente;C�u Claro;M�ltipla;Interse��o de Vias;Sim;3;0;0;1;1;1;1;3;-8,78268173;-63,86372924;SPRF-RO;DEL01-RO;UOP01-DEL01-RO;;;
732941;19/11/2025;quarta-feira;12:00:00;MS;376;120,5;IVINHEMA;Condutor usando celular;Tombamento;Com V�timas Feridas;Pleno dia;Decrescente;Sol;Simples;Reta;Sim;2;0;1;0;1;0;1;1;-22,32415951;-53,79741454;SPRF-MS;DEL04-MS;UOP04-DEL04-MS;;;
732949;19/11/2025;quarta-feira;13:32:00;SP;116;204,5;ARUJA;Acessar a via sem observar a presen�a dos outros ve�culos;Colis�o lateral mesmo sentido;Com V�timas Feridas;Pleno dia;Crescente;C�u Claro;Dupla;Reta;Sim;2;0;1;0;1;0;1;2;-23,412928;-46,361096;SPRF-SP;DEL01-SP;UOP01-DEL01-SP;;;
732950;19/11/2025;quarta-feira;13:00:00;BA;242;826;BARREIRAS;Acessar a via sem observar a presen�a dos outros ve�culos;Colis�o frontal;Com V�timas Feridas;Pleno dia;Crescente;C�u Claro;Simples;Curva;N�o;2;0;0;1;1;0;1;2;-12,11947;-45,04819;SPRF-BA;DEL10-BA;UOP01-DEL10-BA;;;
732952;19/11/2025;quarta-feira;13:24:00;MS;163;271,8;DOURADOS;Problema com o freio;Sa�da de leito carro��vel;Com V�timas Feridas;Pleno dia;Crescente;C�u Claro;Dupla;"Reta;Aclive";Sim;1;0;0;1;0;0;1;1;-22,18491;-54,6793;SPRF-MS;DEL04-MS;UOP01-DEL04-MS;;;
732953;19/11/2025;quarta-feira;12:50:00;PR;369;39,4;ANDIRA;Aus�ncia de rea��o do condutor;Colis�o transversal;Com V�timas Fatais;Pleno dia;Decrescente;C�u Claro;Simples;"Interse��o de Vias;Reta";Sim;4;1;0;0;2;1;0;3;-23,0585498;-50,2485741;SPRF-PR;DEL07-PR;UOP05-DEL07-PR;;;
732954;19/11/2025;quarta-feira;13:09:00;PE;232;67,2;GRAVATA;Demais falhas mec�nicas ou el�tricas;Colis�o traseira;Com V�timas Feridas;Pleno dia;Decrescente;C�u Claro;Simples;Reta;N�o;3;0;1;0;2;0;1;2;-8,17613863;-35,47687054;SPRF-PE;DEL02-PE;UOP02-DEL02PE;;;
732955;11/11/2025;ter�a-feira;16:50:00;RS;285;162;MUITOS CAPOES;Rea��o tardia ou ineficiente do condutor;Tombamento;Com V�timas Feridas;Pleno dia;Crescente;C�u Claro;Simples;Curva;N�o;2;0;0;1;0;1;1;2;-28,31892;-51,2478;SPRF-RS;DEL05-RS;UOP03-DEL05-RS;;;
732956;19/11/2025;quarta-feira;13:40:00;ES;101;71,9;SAO MATEUS;Rea��o tardia ou ineficiente do condutor;Colis�o traseira;Com V�timas Feridas;Pleno dia;Crescente;C�u Claro;Simples;"Reta;Aclive";N�o;3;0;1;0;2;0;1;3;-18,761108;-39,86341652;SPRF-ES;DEL04-ES;UOP02-DEL04-ES;;;
732957;19/11/2025;quarta-feira;12:10:00;SC;470;114,4;IBIRAMA;Rea��o tardia ou ineficiente do condutor;Colis�o traseira;Com V�timas Feridas;Pleno dia;Decrescente;C�u Claro;Simples;Reta;Sim;4;0;1;0;2;2;1;5;-27,081774;-49,483838;SPRF-SC;DEL04-SC;UOP02-DEL04-SC;;;
732961;08/11/2025;s�bado;09:55:00;RS;386;29,9;FREDERICO WESTPHALEN;Velocidade Incompat�vel;Colis�o lateral sentido oposto;Com V�timas Fatais;Pleno dia;Decrescente;Nublado;Simples;Curva;N�o;6;1;2;0;2;2;2;5;-27,32964704;-53,3765173;SPRF-RS;DEL08-RS;UOP02-DEL08-RS;;;
732965;19/11/2025;quarta-feira;14:10:00;PR;277;594,8;CASCAVEL;Acessar a via sem observar a presen�a dos outros ve�culos;Colis�o lateral mesmo sentido;Sem V�timas;Pleno dia;Crescente;C�u Claro;Simples;Reta;Sim;3;0;0;0;1;2;0;2;-24,98151;-53,47825;SPRF-PR;DEL04-PR;UOP01-DEL04-PR;;;
732966;26/10/2025;domingo;11:39:00;MG;459;82;CONGONHAL;Condutor deixou de manter dist�ncia do ve�culo da frente;Colis�o lateral mesmo sentido;Com V�timas Feridas;Pleno dia;Decrescente;C�u Claro;Simples;Reta;N�o;2;0;0;1;1;0;1;2;-22,15791115;-46,09681461;SPRF-MG;DEL09-MG;UOP01-DEL09-MG;;;
732967;19/11/2025;quarta-feira;15:01:00;MG;116;290,8;TEOFILO OTONI;Modifica��o proibida;Colis�o transversal;Com V�timas Feridas;Pleno dia;Decrescente;Sol;Dupla;Reta;N�o;4;0;1;1;1;1;2;3;-17,97383927;-41,54519526;SPRF-MG;DEL11-MG;UOP01-DEL11-MG;;;
732968;19/11/2025;quarta-feira;14:40:00;ES;101;269,6;SERRA;Acessar a via sem observar a presen�a dos outros ve�culos;Colis�o transversal;Com V�timas Feridas;Pleno dia;Crescente;Nublado;Dupla;"Interse��o de Vias;Reta";Sim;4;0;1;0;2;1;1;3;-20,22304269;-40,26993206;SPRF-ES;DEL02-ES;UOP01-DEL02-ES;;;
732972;15/11/2025;s�bado;16:40:00;BA;324;613;SALVADOR;Acessar a via sem observar a presen�a dos outros ve�culos;Colis�o frontal;Com V�timas Feridas;Pleno dia;Decrescente;C�u Claro;Simples;Reta;Sim;2;0;1;0;1;0;1;2;-12,86964383;-38,42647552;SPRF-BA;DEL01-BA;UOP01-DEL01-BA;;;
732973;19/11/2025;quarta-feira;12:51:00;RJ;40;122;DUQUE DE CAXIAS;Acessar a via sem observar a presen�a dos outros ve�culos;Colis�o lateral mesmo sentido;Com V�timas Feridas;Pleno dia;Crescente;C�u Claro;Dupla;Reta;Sim;2;0;1;0;1;0;1;2;-22,798408;-43,290014;SPRF-RJ;DEL01-RJ;UOP02-DEL01-RJ;;;
732975;19/11/2025;quarta-feira;15:20:00;PI;316;60,5;MONSENHOR GIL;Acostamento em desn�vel;Sa�da de leito carro��vel;Com V�timas Feridas;Pleno dia;Crescente;C�u Claro;Simples;"Declive;Reta";N�o;3;0;1;1;1;0;2;1;-5,59189724;-42,61414289;SPRF-PI;DEL01-PI;UOP02-DEL01-PI;;;
732976;19/11/2025;quarta-feira;16:01:00;TO;153;402;MIRANORTE;Rea��o tardia ou ineficiente do condutor;Colis�o traseira;Com V�timas Feridas;Pleno dia;Crescente;C�u Claro;Simples;Reta;N�o;3;0;1;0;2;0;1;2;-9,436582;-48,574867;SPRF-TO;DEL02-TO;UOP02-DEL02-TO;;;
732979;19/11/2025;quarta-feira;15:30:00;RS;285;637;SANTO ANTONIO DAS MISSOES;Demais falhas mec�nicas ou el�tricas;Inc�ndio;Sem V�timas;Pleno dia;Crescente;C�u Claro;Simples;"Aclive;Reta";N�o;2;0;0;0;1;1;0;2;-28,5375165;-55,5425717;SPRF-RS;DEL12-RS;UOP01-DEL12-RS;;;
732983;19/11/2025;quarta-feira;16:30:00;MG;116;526,2;CARATINGA;Rea��o tardia ou ineficiente do condutor;Colis�o traseira;Com V�timas Feridas;Pleno dia;Decrescente;C�u Claro;Dupla;Reta;Sim;2;0;1;0;1;0;1;2;-19,782743;-42,133523;SPRF-MG;DEL06-MG;UOP02-DEL06-MG;;;
732986;19/11/2025;quarta-feira;16:30:00;PR;277;70;SAO JOSE DOS PINHAIS;Acessar a via sem observar a presen�a dos outros ve�culos;Colis�o lateral mesmo sentido;Sem V�timas;Pleno dia;Crescente;C�u Claro;Dupla;Reta;N�o;2;0;0;0;1;1;0;2;-25,51437;-49,12633;SPRF-PR;DEL01-PR;UOP01-DEL01-PR;;;
732989;07/11/2025;sexta-feira;09:37:00;TO;153;745;ALVORADA;Condutor deixou de manter dist�ncia do ve�culo da frente;Colis�o traseira;Com V�timas Feridas;Pleno dia;Crescente;C�u Claro;Simples;Reta;N�o;3;0;1;0;1;2;1;4;-12,3303;-49,1486;SPRF-TO;DEL01-TO;UOP02-DEL01-TO;;;
732992;19/11/2025;quarta-feira;17:20:00;MG;381;492;BETIM;Trafegar com motocicleta (ou similar) entre as faixas;Colis�o lateral mesmo sentido;Com V�timas Feridas;Pleno dia;Decrescente;C�u Claro;M�ltipla;Reta;Sim;3;0;1;0;1;1;1;3;-19,9618045;-44,1616914;SPRF-MG;DEL01-MG;UOP03-DEL01-MG;;;
732996;19/11/2025;quarta-feira;15:00:00;SC;101;438,9;SOMBRIO;Rea��o tardia ou ineficiente do condutor;Colis�o com objeto;Com V�timas Feridas;Pleno dia;Decrescente;C�u Claro;Dupla;Reta;Sim;2;0;0;1;0;1;1;2;-29,122769;-49,662875;SPRF-SC;DEL02-SC;UOP02-DEL02-SC;;;
733000;19/11/2025;quarta-feira;18:35:00;SP;116;216;GUARULHOS;Aus�ncia de rea��o do condutor;Colis�o traseira;Com V�timas Feridas;Anoitecer;Crescente;Ignorado;M�ltipla;"Interse��o de Vias;Reta";Sim;2;0;1;0;1;0;1;2;-23,45460173;-46,47310901;SPRF-SP;DEL01-SP;UOP01-DEL01-SP;;;
733002;19/11/2025;quarta-feira;16:15:00;MG;50;35;ARAGUARI;Demais falhas mec�nicas ou el�tricas;Inc�ndio;Sem V�timas;Pleno dia;Crescente;Sol;Dupla;Reta;N�o;2;0;0;0;1;3;0;4;-18,65071799;-48,13839912;SPRF-MG;DEL15-MG;UOP02-DEL15-MG;;;
733006;19/11/2025;quarta-feira;17:15:00;PI;343;592;FLORIANO;Rea��o tardia ou ineficiente do condutor;Colis�o traseira;Sem V�timas;Anoitecer;Decrescente;C�u Claro;Simples;Rotat�ria;Sim;3;0;0;0;2;1;0;3;-6,77728963;-43,03326555;SPRF-PI;DEL03-PI;UOP01-DEL03-PI;;;
733010;19/11/2025;quarta-feira;18:46:00;PE;101;82;JABOATAO DOS GUARARAPES;Acessar a via sem observar a presen�a dos outros ve�culos;Colis�o lateral mesmo sentido;Sem V�timas;Plena Noite;Crescente;C�u Claro;Dupla;Curva;N�o;3;0;0;0;2;1;0;3;-8,1713;-34,93918;SPRF-PE;DEL01-PE;UOP01-DEL01-PE;;;
733030;29/10/2025;quarta-feira;10:20:00;PR;116;98;SAO JOSE DOS PINHAIS;Aus�ncia de rea��o do condutor;Colis�o traseira;Com V�timas Feridas;Pleno dia;Crescente;Nublado;Dupla;Reta;Sim;5;0;2;0;2;1;2;4;-25,5502661;-49,15040086;SPRF-PR;DEL01-PR;UOP07-DEL01-PR;;;
733035;19/11/2025;quarta-feira;18:25:00;MA;222;258;ARARI;Rea��o tardia ou ineficiente do condutor;Colis�o frontal;Sem V�timas;Plena Noite;Crescente;C�u Claro;Simples;Reta;N�o;3;0;0;0;1;2;0;3;-3,584617;-44,643748;SPRF-MA;DEL01-MA;UOP02-DEL01-MA;;;
733048;19/11/2025;quarta-feira;05:00:00;MA;222;457,5;SANTA LUZIA;Condutor Dormindo;Colis�o frontal;Com V�timas Feridas;Amanhecer;Decrescente;C�u Claro;Simples;Curva;Sim;2;0;0;1;1;0;1;2;-4,14222;-45,999735;SPRF-MA;DEL02-MA;UOP01-DEL02-MA;;;
733055;19/11/2025;quarta-feira;20:26:00;TO;153;542;NOVA ROSALANDIA;Aus�ncia de sinaliza��o;Colis�o com objeto;Sem V�timas;Plena Noite;Decrescente;Ignorado;Dupla;Reta;Sim;2;0;0;0;1;1;0;2;-10,57188;-48,91441;SPRF-TO;DEL01-TO;UOP01-DEL01-TO;;;
733056;19/11/2025;quarta-feira;09:40:00;PR;376;668,7;GUARATUBA;Problema com o freio;Tombamento;Com V�timas Feridas;Pleno dia;Crescente;C�u Claro;Dupla;Curva;N�o;2;0;1;0;0;2;1;3;-25,87369151;-48,93595783;SPRF-PR;DEL01-PR;UOP04-DEL01-PR;;;
733058;19/11/2025;quarta-feira;19:50:00;SP;116;104;TAUBATE;Rea��o tardia ou ineficiente do condutor;Colis�o traseira;Com V�timas Feridas;Plena Noite;Crescente;C�u Claro;Dupla;Reta;N�o;2;0;1;0;0;1;1;2;-23,00143724;-45,50247565;SPRF-SP;DEL02-SP;UOP02-DEL02-SP;;;
733061;19/11/2025;quarta-feira;15:20:00;RJ;116;185;NOVA IGUACU;Manobra de mudan�a de faixa;Colis�o lateral mesmo sentido;Sem V�timas;Pleno dia;Decrescente;C�u Claro;Dupla;Reta;Sim;2;0;0;0;2;0;0;2;-22,74193922;-43,45317777;SPRF-RJ;DEL06-RJ;UOP01-DEL06-RJ;;;
733064;19/11/2025;quarta-feira;15:25:00;MT;70;627;POCONE;Transitar na contram�o;Colis�o frontal;Com V�timas Fatais;Pleno dia;Decrescente;C�u Claro;Simples;Declive;N�o;10;2;0;1;1;7;1;5;-15,9342492;-57,0009075;SPRF-MT;DEL03-MT;UOP02-DEL03-MT;;;
733075;19/11/2025;quarta-feira;22:40:00;RS;386;130,5;SARANDI;Condutor Dormindo;Sa�da de leito carro��vel;Com V�timas Feridas;Plena Noite;Decrescente;C�u Claro;Simples;Curva;N�o;1;0;1;0;0;0;1;1;-27,93625121;-52,95552699;SPRF-RS;DEL08-RS;UOP01-DEL08-RS;;;
733079;19/11/2025;quarta-feira;21:00:00;BA;116;521;ITATIM;Ultrapassagem Indevida;Colis�o frontal;Com V�timas Fatais;Plena Noite;Crescente;Garoa/Chuvisco;Simples;Reta;N�o;3;1;1;0;0;1;1;3;-12,70177;-39,7152;SPRF-BA;DEL03-BA;UOP02-DEL03-BA;;;
733082;19/11/2025;quarta-feira;20:20:00;PI;222;51;BRASILEIRA;Aus�ncia de rea��o do condutor;Sa�da de leito carro��vel;Com V�timas Feridas;Plena Noite;Crescente;Chuva;Simples;Reta;N�o;1;0;1;0;0;0;1;1;-4,13295;-41,614002;SPRF-PI;DEL02-PI;UOP01-DEL02-PI;;;
733087;19/11/2025;quarta-feira;19:20:00;BA;407;163;FILADELFIA;Condutor Dormindo;Tombamento;Com V�timas Feridas;Plena Noite;Crescente;C�u Claro;Simples;Reta;N�o;4;0;2;1;0;1;3;2;-10,7813086;-40,1176881;SPRF-BA;DEL04-BA;UOP01-DEL04-BA;;;
733088;20/11/2025;quinta-feira;01:15:00;MG;381;394;BOM JESUS DO AMPARO;Rea��o tardia ou ineficiente do condutor;Sa�da de leito carro��vel;Com V�timas Feridas;Plena Noite;Decrescente;C�u Claro;Dupla;Curva;N�o;2;0;1;0;0;1;1;2;-19,74790703;-43,4921786;SPRF-MG;DEL01-MG;UOP01-DEL01-MG;;;
733093;19/11/2025;quarta-feira;19:57:00;MT;70;541;NOSSA SENHORA DO LIVRAMENTO;Acessar a via sem observar a presen�a dos outros ve�culos;Colis�o transversal;Com V�timas Fatais;Plena Noite;Decrescente;C�u Claro;Simples;Reta;N�o;3;1;0;0;1;2;0;4;-15,679054;-56,308525;SPRF-MT;DEL03-MT;UOP02-DEL03-MT;;;
733101;20/11/2025;quinta-feira;05:15:00;BA;101;845,1;VEREDA;Acessar a via sem observar a presen�a dos outros ve�culos;Colis�o lateral sentido oposto;Com V�timas Feridas;Pleno dia;Crescente;C�u Claro;Simples;Reta;N�o;3;0;0;1;1;1;1;3;-17,286262;-39,634425;SPRF-BA;DEL09-BA;UOP02-DEL09-BA;;;
733104;20/11/2025;quinta-feira;05:00:00;PB;101;71,9;SANTA RITA;Condutor Dormindo;Sa�da de leito carro��vel;Com V�timas Feridas;Pleno dia;Crescente;C�u Claro;Dupla;Reta;N�o;1;0;1;0;0;0;1;1;-7,07219;-34,99734;SPRF-PB;DEL01-PB;UOP03-DEL01-PB;;;
733108;20/11/2025;quinta-feira;05:50:00;SC;101;14,3;GARUVA;Manobra de mudan�a de faixa;Colis�o lateral mesmo sentido;Com V�timas Feridas;Amanhecer;Crescente;Sol;Dupla;Reta;N�o;3;0;1;0;1;1;1;3;-26,09162997;-48,8640976;SPRF-SC;DEL03-SC;UOP01-DEL03-SC;;;
733113;20/11/2025;quinta-feira;06:20:00;SP;153;14,7;ICEM;Acesso irregular;Colis�o frontal;Com V�timas Feridas;Pleno dia;Decrescente;C�u Claro;Simples;Reta;N�o;2;0;0;1;1;0;1;2;-20,41245823;-49,25606338;SPRF-SP;DEL09-SP;UOP01-DEL09-SP;;;
733115;20/11/2025;quinta-feira;04:00:00;RJ;356;13;ITAPERUNA;Condutor Dormindo;Colis�o lateral sentido oposto;Com V�timas Feridas;Plena Noite;Decrescente;C�u Claro;Simples;Curva;N�o;4;0;1;0;3;0;1;2;-21,1768;-42,0705;SPRF-RJ;DEL08-RJ;UOP03-DEL08-RJ;;;
733120;20/11/2025;quinta-feira;06:20:00;BA;116;832,8;VITORIA DA CONQUISTA;Acessar a via sem observar a presen�a dos outros ve�culos;Colis�o transversal;Com V�timas Feridas;Amanhecer;Decrescente;Nublado;Simples;"Retorno Regulamentado;Reta";N�o;2;0;0;1;1;0;1;2;-14,92944;-40,886412;SPRF-BA;DEL08-BA;UOP01-DEL08-BA;;;
733127;20/11/2025;quinta-feira;00:30:00;RJ;116;218;PARACAMBI;Ingest�o de �lcool pelo condutor;Colis�o lateral mesmo sentido;Sem V�timas;Plena Noite;Decrescente;Ignorado;Dupla;Reta;N�o;2;0;0;0;2;0;0;2;-22,69043764;-43,80220986;SPRF-RJ;DEL06-RJ;UOP02-DEL06-RJ;;;
733129;20/11/2025;quinta-feira;01:20:00;RS;468;39,5;CORONEL BICACO;Condutor Dormindo;Sa�da de leito carro��vel;Com V�timas Feridas;Plena Noite;Crescente;C�u Claro;Simples;Reta;N�o;1;0;1;0;0;0;1;1;-27,77045882;-53,61851264;SPRF-RS;DEL08-RS;UOP01-DEL08-RS;;;
733138;20/11/2025;quinta-feira;08:20:00;MG;262;613;IBIA;Demais falhas mec�nicas ou el�tricas;Inc�ndio;Sem V�timas;Pleno dia;Crescente;C�u Claro;Simples;"Declive;Curva";N�o;2;0;0;0;1;3;0;4;-19,584324;-46,41343;SPRF-MG;DEL08-MG;UOP02-DEL08-MG;;;
733147;20/11/2025;quinta-feira;08:45:00;SC;101;138;BALNEARIO CAMBORIU;Rea��o tardia ou ineficiente do condutor;Colis�o transversal;Com V�timas Feridas;Pleno dia;Crescente;C�u Claro;Simples;"Interse��o de Vias;Reta";N�o;3;0;1;1;1;0;2;2;-27,02793579;-48,60591888;SPRF-SC;DEL04-SC;UOP03-DEL04-SC;;;
733158;21/09/2025;domingo;16:58:00;PA;163;162;ALTAMIRA;Aus�ncia de rea��o do condutor;Colis�o frontal;Sem V�timas;Pleno dia;Crescente;Ignorado;Simples;Reta;N�o;3;0;0;0;1;4;0;5;-8,2859;-55,1063;SPRF-PA;DEL05-PA;UOP03-DEL05-PA;;;
733167;20/11/2025;quinta-feira;10:00:00;BA;242;323;LAJEDINHO;Aus�ncia de rea��o do condutor;Colis�o transversal;Com V�timas Fatais;Pleno dia;Decrescente;C�u Claro;Simples;Curva;N�o;4;1;0;1;1;2;1;4;-12,47063432;-41,09691817;SPRF-BA;DEL06-BA;UOP02-DEL06-BA;;;
733169;20/11/2025;quinta-feira;11:49:00;SP;116;282;EMBU DAS ARTES;Trafegar com motocicleta (ou similar) entre as faixas;Colis�o lateral mesmo sentido;Com V�timas Fatais;Pleno dia;Decrescente;C�u Claro;Dupla;Reta;N�o;3;1;0;0;1;1;0;3;-23,66083486;-46,85188406;SPRF-SP;DEL04-SP;UOP01-DEL04-SP;;;
733174;20/11/2025;quinta-feira;13:00:00;BA;242;809;BARREIRAS;Condutor deixou de manter dist�ncia do ve�culo da frente;Colis�o traseira;Com V�timas Feridas;Pleno dia;Crescente;Nublado;Simples;Reta;N�o;5;0;0;1;3;1;1;5;-12,13948;-44,93633;SPRF-BA;DEL10-BA;UOP01-DEL10-BA;;;
733186;20/11/2025;quinta-feira;10:50:00;MG;50;166,5;UBERABA;Rea��o tardia ou ineficiente do condutor;Engavetamento;Com V�timas Feridas;Pleno dia;Decrescente;C�u Claro;Dupla;Reta;Sim;5;0;0;1;3;2;1;6;-19,70704;-47,98431;SPRF-MG;DEL13-MG;UOP01-DEL13-MG;;;
733188;15/11/2025;s�bado;08:00:00;CE;116;515,1;BREJO SANTO;Velocidade Incompat�vel;Sa�da de leito carro��vel;Com V�timas Feridas;Pleno dia;Decrescente;C�u Claro;Simples;Curva;N�o;2;0;0;1;0;1;1;2;-7,59394047;-39,02515411;SPRF-CE;DEL05-CE;UOP03-DEL05-CE;;;
733190;20/11/2025;quinta-feira;13:50:00;DF;80;29;BRASILIA;Rea��o tardia ou ineficiente do condutor;Tombamento;Sem V�timas;Pleno dia;Crescente;C�u Claro;Dupla;"Aclive;Curva";N�o;3;0;0;0;2;1;0;3;-15,588181;-48,190847;SPRF-DF;DEL03-DF;UOP02-DEL03-DF;;;