id;data_inversa;dia_semana;horario;uf;br;km;municipio;causa_acidente;tipo_acidente;classificacao_acidente;fase_dia;sentido_via;condicao_metereologica;tipo_pista;tracado_via;uso_solo;pessoas;mortos;feridos_leves;feridos_graves;ilesos;ignorados;feridos;veiculos;latitude;longitude;regional;delegacia;uop;;;
733197;20/11/2025;quinta-feira;15:30:00;ES;101;315;VILA VELHA;Velocidade Incompat�vel;Capotamento;Com V�timas Feridas;Pleno dia;Decrescente;C�u Claro;Dupla;Curva;N�o;2;0;0;1;0;1;1;2;-20,47627387;-40,47067513;SPRF-ES;DEL01-ES;UOP01-DEL01-ES;;;
733202;20/11/2025;quinta-feira;15:25:00;PR;369;151,8;LONDRINA;Ingest�o de �lcool pelo condutor;Colis�o transversal;Com V�timas Feridas;Pleno dia;Crescente;C�u Claro;Dupla;"Reta;Interse��o de Vias";Sim;3;0;0;1;0;2;1;3;-23,29261521;-51,17892981;SPRF-PR;DEL07-PR;UOP01-DEL07-PR;;;
733205;20/11/2025;quinta-feira;14:15:00;SP;116;357;MIRACATU;Problema com o freio;Colis�o traseira;Sem V�timas;Pleno dia;Crescente;Sol;Dupla;Curva;N�o;6;0;0;0;5;2;0;6;-24,10329605;-47,26027407;SPRF-SP;DEL04-SP;UOP03-DEL04-SP;;;
733207;20/11/2025;quinta-feira;15:20:00;PR;373;415;FOZ DO JORDAO;Acessar a via sem observar a presen�a dos outros ve�culos;Colis�o transversal;Com V�timas Feridas;Pleno dia;Decrescente;C�u Claro;Simples;"Reta;Rotat�ria";Sim;4;0;1;0;2;2;1;4;-25,67344923;-52,12520671;SPRF-PR;DEL08-PR;UOP01-DEL08-PR;;;
733219;20/11/2025;quinta-feira;14:55:00;BA;116;569,1;BREJOES;Falta de acostamento;Tombamento;Com V�timas Feridas;Pleno dia;Crescente;Chuva;Simples;"Reta;Aclive";N�o;2;0;1;0;0;1;1;2;-13,0315846;-39,9636856;SPRF-BA;DEL03-BA;UOP02-DEL03-BA;;;
733224;20/11/2025;quinta-feira;17:45:00;MG;365;255;BURITIZEIRO;Rea��o tardia ou ineficiente do condutor;Colis�o lateral mesmo sentido;Com V�timas Feridas;Anoitecer;Crescente;C�u Claro;Simples;Reta;N�o;4;0;0;1;2;2;1;4;-17,6261024;-45,3965701;SPRF-MG;DEL10-MG;UOP02-DEL010-MG;;;
733226;20/11/2025;quinta-feira;17:10:00;MG;40;716,3;BARBACENA;Velocidade Incompat�vel;Tombamento;Com V�timas Feridas;Pleno dia;Crescente;C�u Claro;Dupla;"Declive;Curva";N�o;3;0;1;0;1;1;1;3;-21,28329625;-43,64215851;SPRF-MG;DEL05-MG;UOP01-DEL05-MG;;;
733231;20/11/2025;quinta-feira;19:10:00;MG;50;96,2;UBERLANDIA;Condutor deixou de manter dist�ncia do ve�culo da frente;Colis�o traseira;Com V�timas Fatais;Plena Noite;Decrescente;Nublado;Dupla;"Reta;Aclive";N�o;3;1;0;0;1;1;0;3;-19,104235;-48,180083;SPRF-MG;DEL15-MG;UOP01-DEL15-MG;;;
733238;20/11/2025;quinta-feira;19:20:00;PE;104;45,8;CARUARU;Manobra de mudan�a de faixa;Colis�o lateral mesmo sentido;Sem V�timas;Plena Noite;Crescente;Nublado;Dupla;"Aclive;Reta";N�o;2;0;0;0;1;1;0;2;-8,1190267;-36,0010917;SPRF-PE;DEL02-PE;UOP01-DEL02-PE;;;
733251;20/11/2025;quinta-feira;18:30:00;MG;381;894,5;POUSO ALEGRE;Acessar a via sem observar a presen�a dos outros ve�culos;Colis�o lateral mesmo sentido;Com V�timas Feridas;Plena Noite;Decrescente;C�u Claro;Dupla;Reta;N�o;3;0;0;1;1;1;1;3;-22,2887936;-45,940736;SPRF-MG;DEL16-MG;UOP01-DEL16-MG;;;
733253;20/11/2025;quinta-feira;19:00:00;BA;242;409;SEABRA;Transitar na contram�o;Colis�o frontal;Com V�timas Fatais;Plena Noite;Decrescente;Chuva;Simples;Reta;N�o;2;1;0;0;1;0;0;2;-12,4615957;-41,74715549;SPRF-BA;DEL06-BA;UOP01-DEL06-BA;;;
733255;20/11/2025;quinta-feira;19:00:00;MG;381;170,2;GOVERNADOR VALADARES;Transitar na contram�o;Colis�o frontal;Com V�timas Fatais;Plena Noite;Decrescente;C�u Claro;Simples;Reta;N�o;2;1;0;0;1;0;0;2;-18,987611;-42,110573;SPRF-MG;DEL06-MG;UOP01-DEL06-MG;;;
733257;20/11/2025;quinta-feira;17:15:00;MG;251;503,3;FRANCISCO SA;Demais falhas mec�nicas ou el�tricas;Sa�da de leito carro��vel;Com V�timas Feridas;Pleno dia;Crescente;Sol;Simples;Reta;N�o;2;0;1;0;0;1;1;2;-16,513;-43,68;SPRF-MG;DEL12-MG;UOP01-DEL12-MG;;;
733258;20/11/2025;quinta-feira;19:20:00;MG;251;470,4;FRANCISCO SA;Velocidade Incompat�vel;Tombamento;Com V�timas Feridas;Plena Noite;Crescente;Nublado;Simples;"Curva;Declive";N�o;1;0;1;0;0;0;1;1;-16,4763166;-43,4134408;SPRF-MG;DEL12-MG;UOP01-DEL12-MG;;;
733261;20/11/2025;quinta-feira;17:45:00;MA;316;465,7;CODO;Trafegar com motocicleta (ou similar) entre as faixas;Colis�o frontal;Com V�timas Fatais;Anoitecer;Decrescente;C�u Claro;Simples;Reta;N�o;3;1;0;0;1;1;0;3;-4,544438;-44,012587;SPRF-MA;DEL03-MA;UOP01-DEL03-MA;;;
733262;20/11/2025;quinta-feira;02:30:00;PI;135;510;GILBUES;Rea��o tardia ou ineficiente do condutor;Sa�da de leito carro��vel;Sem V�timas;Plena Noite;Decrescente;Nublado;Simples;Reta;N�o;1;0;0;0;1;0;0;1;-9,8163143;-45,33044815;SPRF-PI;DEL03-PI;UOP02-DEL03-PI;;;
733269;20/11/2025;quinta-feira;18:17:00;SP;116;334,4;JUQUITIBA;Aus�ncia de rea��o do condutor;Colis�o traseira;Com V�timas Fatais;Anoitecer;Crescente;Sol;Dupla;"Declive;Curva";N�o;2;1;0;0;1;0;0;2;-23,96618;-47,130107;SPRF-SP;DEL04-SP;UOP03-DEL04-SP;;;
733278;20/11/2025;quinta-feira;18:45:00;MT;163;895;CLAUDIA;Aus�ncia de rea��o do condutor;Sa�da de leito carro��vel;Com V�timas Feridas;Plena Noite;Decrescente;Chuva;Simples;Reta;N�o;2;0;1;0;0;3;1;4;-11,349957;-55,333964;SPRF-MT;DEL06-MT;UOP02-DEL06-MT;;;
733284;20/11/2025;quinta-feira;19:58:00;MG;40;712,1;BARBACENA;Condutor deixou de manter dist�ncia do ve�culo da frente;Colis�o traseira;Com V�timas Feridas;Plena Noite;Crescente;C�u Claro;Dupla;Reta;N�o;3;0;1;0;1;2;1;4;-21,25046664;-43,67029522;SPRF-MG;DEL05-MG;UOP02-DEL05-MG;;;
733285;20/11/2025;quinta-feira;20:00:00;SC;280;151;MAFRA;Ultrapassagem Indevida;Colis�o frontal;Com V�timas Feridas;Plena Noite;Decrescente;C�u Claro;Simples;"Declive;Curva";N�o;2;0;0;1;0;1;1;2;-26,224188;-49,710452;SPRF-SC;DEL06-SC;UOP03-DEL06-SC;;;
733286;20/11/2025;quinta-feira;20:40:00;CE;304;91;ARACATI;Condutor Dormindo;Tombamento;Com V�timas Feridas;Plena Noite;Crescente;C�u Claro;Simples;Reta;N�o;2;0;1;0;0;1;1;2;-4,798938;-37,49929;SPRF-CE;DEL03-CE;UOP02-DEL03-CE;;;
733289;20/11/2025;quinta-feira;20:00:00;RS;386;72;BOA VISTA DAS MISSOES;Acessar a via sem observar a presen�a dos outros ve�culos;Colis�o transversal;Com V�timas Feridas;Plena Noite;Decrescente;C�u Claro;Simples;Reta;Sim;7;0;0;5;1;3;5;5;-27,66868913;-53,31268835;SPRF-RS;DEL08-RS;UOP02-DEL08-RS;;;
733290;20/11/2025;quinta-feira;19:15:00;MA;226;107;CAXIAS;Rea��o tardia ou ineficiente do condutor;Sa�da de leito carro��vel;Com V�timas Feridas;Plena Noite;Crescente;Nublado;Simples;"Declive;Curva";N�o;2;0;1;0;0;2;1;3;-5,305322;-43,716472;SPRF-MA;DEL03-MA;UOP02-DEL03-MA;;;
733296;20/11/2025;quinta-feira;00:50:00;SP;116;62,7;GUARATINGUETA;Aus�ncia de rea��o do condutor;Sa�da de leito carro��vel;Com V�timas Feridas;Plena Noite;Decrescente;C�u Claro;Dupla;Reta;Sim;2;0;1;0;0;1;1;2;-22,8186872;-45,18329848;SPRF-SP;DEL08-SP;UOP01-DEL08-SP;;;
733297;20/11/2025;quinta-feira;12:15:00;RO;364;368;OURO PRETO DO OESTE;Condutor deixou de manter dist�ncia do ve�culo da frente;Colis�o traseira;Com V�timas Feridas;Pleno dia;Decrescente;C�u Claro;Simples;Reta;N�o;5;0;1;0;4;0;1;4;-10,763193;-62,133182;SPRF-RO;DEL02-RO;UOP01-DEL02-RO;;;
733300;20/11/2025;quinta-feira;22:30:00;GO;60;129;GOIANIA;Aus�ncia de rea��o do condutor;Tombamento;Com V�timas Feridas;Plena Noite;Crescente;C�u Claro;Dupla;Reta;N�o;1;0;0;1;0;0;1;1;-16,580608;-49,152;SPRF-GO;DEL01-GO;UOP01-DEL01-GO;;;
733304;21/11/2025;sexta-feira;00:12:00;MG;381;579,9;CARMOPOLIS DE MINAS;Aus�ncia de rea��o do condutor;Colis�o traseira;Com V�timas Feridas;Plena Noite;Crescente;Nublado;Dupla;"Reta;Aclive";N�o;3;0;1;0;1;1;1;3;-20,483822;-44,590746;SPRF-MG;DEL04-MG;UOP01-DEL04-MG;;;
733306;21/11/2025;sexta-feira;00:15:00;SP;116;126;CACAPAVA;Rea��o tardia ou ineficiente do condutor;Colis�o traseira;Com V�timas Feridas;Plena Noite;Decrescente;Nublado;Dupla;Reta;Sim;3;0;0;1;1;1;1;3;-23,10247056;-45,69143057;SPRF-SP;DEL02-SP;UOP02-DEL02-SP;;;
733307;21/11/2025;sexta-feira;00:01:00;SP;116;443;REGISTRO;Aus�ncia de rea��o do condutor;Sa�da de leito carro��vel;Com V�timas Feridas;Plena Noite;Crescente;C�u Claro;Dupla;Reta;N�o;2;0;1;0;0;1;1;2;-24,48713725;-47,83456123;SPRF-SP;DEL05-SP;UOP01-DEL05-SP;;;
733309;20/11/2025;quinta-feira;20:38:00;MG;381;231,7;SANTANA DO PARAISO;Acessar a via sem observar a presen�a dos outros ve�culos;Colis�o transversal;Com V�timas Fatais;Plena Noite;Crescente;Nublado;Simples;"Reta;Interse��o de Vias";N�o;7;1;0;4;1;3;4;5;-19,371301;-42,457494;SPRF-MG;DEL06-MG;UOP01-DEL06-MG;;;
733311;21/11/2025;sexta-feira;00:10:00;BA;324;351;CAPIM GROSSO;Pista Escorregadia;Derramamento de carga;Com V�timas Feridas;Plena Noite;Crescente;Chuva;Simples;Rotat�ria;N�o;2;0;2;0;0;0;2;1;-11,38748458;-40,01049042;SPRF-BA;DEL04-BA;UOP02-DEL04-BA;;;
733312;21/11/2025;sexta-feira;01:10:00;MG;262;360;JUATUBA;Rea��o tardia ou ineficiente do condutor;Colis�o traseira;Sem V�timas;Pleno dia;Crescente;C�u Claro;Dupla;"Aclive;Reta";Sim;2;0;0;0;1;1;0;2;-19,97253612;-44,31070514;SPRF-MG;DEL01-MG;UOP03-DEL01-MG;;;
733319;21/11/2025;sexta-feira;04:30:00;RS;158;198,8;CRUZ ALTA;Velocidade Incompat�vel;Tombamento;Com V�timas Feridas;Plena Noite;Crescente;C�u Claro;Simples;Interse��o de Vias;N�o;2;0;1;0;0;2;1;3;-28,67607822;-53,59434335;SPRF-RS;DEL10-RS;UOP02-DEL10-RS;;;
733323;21/11/2025;sexta-feira;06:15:00;GO;60;87;ANAPOLIS;Manobra de mudan�a de faixa;Colis�o lateral mesmo sentido;Com V�timas Feridas;Pleno dia;Decrescente;C�u Claro;Dupla;Reta;N�o;3;0;0;1;1;2;1;4;-16,32682082;-48,88209052;SPRF-GO;DEL02-GO;UOP01-DEL02-GO;;;
733324;21/11/2025;sexta-feira;06:00:00;MG;381;947,9;EXTREMA;Velocidade Incompat�vel;Colis�o traseira;Com V�timas Feridas;Amanhecer;Decrescente;C�u Claro;Dupla;"Reta;Aclive";Sim;2;0;1;0;0;1;1;2;-22,86897534;-46,35557771;SPRF-MG;DEL16-MG;UOP03-DEL16-MG;;;
733325;20/11/2025;quinta-feira;16:40:00;RJ;393;274;BARRA DO PIRAI;Velocidade Incompat�vel;Tombamento;Com V�timas Feridas;Pleno dia;Crescente;C�u Claro;Simples;Curva;N�o;2;0;1;0;0;1;1;2;-22,47639598;-43,9973259;SPRF-RJ;DEL05-RJ;UOP04-DEL05-RJ;;;
733326;20/11/2025;quinta-feira;19:10:00;MG;116;190,6;CARAI;Transitar na contram�o;Colis�o lateral sentido oposto;Com V�timas Feridas;Plena Noite;Decrescente;Nublado;Simples;Curva;N�o;6;0;0;1;1;4;1;3;-17,167374;-41,494378;SPRF-MG;DEL11-MG;UOP01-DEL11-MG;;;
733327;21/11/2025;sexta-feira;04:00:00;MG;116;788,1;LEOPOLDINA;Condutor Dormindo;Colis�o lateral sentido oposto;Com V�timas Feridas;Plena Noite;Crescente;C�u Claro;Simples;Curva;N�o;2;0;1;0;1;0;1;2;-21,5425212;-42,655638;SPRF-MG;DEL07-MG;UOP01-DEL07-MG;;;
733329;21/11/2025;sexta-feira;06:30:00;SC;280;67,5;JARAGUA DO SUL;Desrespeitar a prefer�ncia no cruzamento;Colis�o transversal;Com V�timas Feridas;Pleno dia;Crescente;C�u Claro;Simples;Rotat�ria;Sim;3;0;1;0;1;1;1;3;-26,473195;-49,11;SPRF-SC;DEL03-SC;UOP03-DEL03-SC;;;
733331;21/11/2025;sexta-feira;06:15:00;BA;242;854;BARREIRAS;Transitar na contram�o;Colis�o frontal;Com V�timas Fatais;Amanhecer;Decrescente;Nublado;Simples;Reta;N�o;3;1;0;0;1;2;0;4;-12,1102;-45,28529;SPRF-BA;DEL10-BA;UOP01-DEL10-BA;;;
733335;21/11/2025;sexta-feira;04:00:00;PE;428;149;PETROLINA;Ultrapassagem Indevida;Colis�o frontal;Com V�timas Fatais;Amanhecer;Crescente;C�u Claro;Simples;Reta;N�o;6;1;1;2;2;0;3;4;-9,0679;-40,310108;SPRF-PE;DEL06-PE;UOP01-DEL06-PE;;;
733338;21/11/2025;sexta-feira;07:20:00;GO;60;46;ABADIANIA;Velocidade Incompat�vel;Sa�da de leito carro��vel;Com V�timas Feridas;Pleno dia;Decrescente;C�u Claro;Dupla;"Declive;Curva";N�o;2;0;1;0;0;1;1;2;-16,148655;-48,609249;SPRF-GO;DEL02-GO;UOP01-DEL02-GO;;;
733345;21/11/2025;sexta-feira;07:40:00;MG;40;521;CONTAGEM;Acessar a via sem observar a presen�a dos outros ve�culos;Colis�o lateral mesmo sentido;Com V�timas Feridas;Pleno dia;Crescente;C�u Claro;Dupla;Reta;N�o;5;0;1;0;3;2;1;5;-19,85595661;-44,0723896;SPRF-MG;DEL01-MG;UOP02-DEL01-MG;;;
733347;21/11/2025;sexta-feira;05:00:00;ES;262;176;IBATIBA;Rea��o tardia ou ineficiente do condutor;Tombamento;Com V�timas Feridas;Amanhecer;Crescente;C�u Claro;Simples;Curva;N�o;2;0;2;0;0;0;2;1;-20,27587905;-41,63429465;SPRF-ES;DEL01-ES;UOP02-DEL01-ES;;;
733355;21/11/2025;sexta-feira;08:30:00;BA;324;618;SALVADOR;Pista Escorregadia;Queda de ocupante de ve�culo;Com V�timas Feridas;Pleno dia;Decrescente;Nublado;M�ltipla;Reta;Sim;3;0;1;0;1;1;1;3;-12,90231035;-38,45308185;SPRF-BA;DEL01-BA;UOP01-DEL01-BA;;;
733360;21/11/2025;sexta-feira;09:10:00;ES;262;39;DOMINGOS MARTINS;Acesso irregular;Colis�o lateral mesmo sentido;Com V�timas Fatais;Pleno dia;Crescente;C�u Claro;Simples;"Interse��o de Vias;Retorno Regulamentado;Reta";N�o;2;1;0;0;1;0;0;2;-20,3804508;-40,6333614;SPRF-ES;DEL01-ES;UOP01-DEL01-ES;;;
733365;21/11/2025;sexta-feira;08:30:00;RJ;40;18;TRES RIOS;Acessar a via sem observar a presen�a dos outros ve�culos;Colis�o traseira;Com V�timas Feridas;Pleno dia;Crescente;C�u Claro;Dupla;Curva;N�o;8;0;3;0;5;0;3;3;-22,09601;-43,1723533;SPRF-RJ;DEL05-RJ;UOP02-DEL05-RJ;;;
733367;21/11/2025;sexta-feira;08:50:00;MG;262;21,1;REDUTO;Velocidade Incompat�vel;Tombamento;Com V�timas Feridas;Pleno dia;Decrescente;C�u Claro;Simples;"Declive;Curva";N�o;4;0;1;0;2;1;1;3;-20,2534243;-41,91427517;SPRF-MG;DEL06-MG;UOP03-DEL06-MG;;;
733369;21/11/2025;sexta-feira;09:40:00;SP;116;437;REGISTRO;Demais falhas mec�nicas ou el�tricas;Inc�ndio;Sem V�timas;Pleno dia;Crescente;C�u Claro;Dupla;Reta;N�o;2;0;0;0;1;1;0;2;-24,4442842;-47,8018973;SPRF-SP;DEL05-SP;UOP01-DEL05-SP;;;
733373;21/11/2025;sexta-feira;07:17:00;SP;116;219,5;GUARULHOS;Pedestre andava na pista;Atropelamento de Pedestre;Com V�timas Feridas;Pleno dia;Decrescente;C�u Claro;M�ltipla;"Interse��o de Vias;Reta";Sim;3;0;0;1;0;2;1;3;-23,463242;-46,493538;SPRF-SP;DEL01-SP;UOP01-DEL01-SP;;;
733374;21/11/2025;sexta-feira;09:40:00;BA;324;616;SALVADOR;Acessar a via sem observar a presen�a dos outros ve�culos;Atropelamento de Pedestre;Com V�timas Fatais;Pleno dia;Decrescente;Nublado;Dupla;Reta;Sim;2;1;0;0;1;0;0;2;-12,88673;-38,438982;SPRF-BA;DEL01-BA;UOP01-DEL01-BA;;;
733375;21/11/2025;sexta-feira;11:00:00;MG;365;479;PATROCINIO;Demais falhas mec�nicas ou el�tricas;Inc�ndio;Sem V�timas;Pleno dia;Crescente;C�u Claro;Simples;Reta;N�o;2;0;0;0;1;2;0;3;-18,91027675;-47,04373015;SPRF-MG;DEL10-MG;UOP01-DEL10-MG;;;
733376;21/11/2025;sexta-feira;09:30:00;MG;381;258,6;TIMOTEO;Transitar na contram�o;Colis�o lateral sentido oposto;Com V�timas Feridas;Pleno dia;Crescente;C�u Claro;Simples;Reta;Sim;2;0;1;0;1;0;1;2;-19,53132713;-42,60737658;SPRF-MG;DEL03-MG;UOP01-DEL03-MG;;;
733380;21/11/2025;sexta-feira;11:55:00;MG;381;489;BETIM;Rea��o tardia ou ineficiente do condutor;Colis�o traseira;Com V�timas Feridas;Pleno dia;Decrescente;C�u Claro;Dupla;Reta;Sim;2;0;1;0;1;0;1;2;-19,9574488;-44,13737744;SPRF-MG;DEL01-MG;UOP03-DEL01-MG;;;
733381;21/11/2025;sexta-feira;09:00:00;RJ;393;128;SAPUCAIA;Convers�o proibida;Tombamento;Com V�timas Feridas;Pleno dia;Decrescente;C�u Claro;Simples;Reta;N�o;3;0;1;0;0;2;1;3;-21,968979;-42,875655;SPRF-RJ;DEL05-RJ;UOP01-DEL05-RJ;;;
733383;21/11/2025;sexta-feira;11:00:00;RJ;101;303;SAO GONCALO;Condutor deixou de manter dist�ncia do ve�culo da frente;Colis�o traseira;Com V�timas Feridas;Pleno dia;Crescente;C�u Claro;Dupla;Reta;Sim;4;0;1;0;3;0;1;2;-22,78434793;-42,98559666;SPRF-RJ;DEL02-RJ;UOP02-DEL02-RJ;;;
733386;21/11/2025;sexta-feira;11:30:00;RS;116;83,7;CAMPESTRE DA SERRA;Rea��o tardia ou ineficiente do condutor;Sa�da de leito carro��vel;Com V�timas Feridas;Pleno dia;Crescente;C�u Claro;Simples;"Reta;Declive";N�o;2;0;1;0;0;1;1;2;-28,82459;-51,11831;SPRF-RS;DEL05-RS;UOP03-DEL05-RS;;;
733390;21/11/2025;sexta-feira;12:30:00;RS;116;249;SAO LEOPOLDO;Aus�ncia de rea��o do condutor;Colis�o traseira;Com V�timas Feridas;Pleno dia;Crescente;C�u Claro;Dupla;"Em Obras;Reta";Sim;3;0;0;1;1;1;1;3;-29,78256208;-51,16050337;SPRF-RS;DEL01-RS;UOP02-DEL01-RS;;;
733393;21/11/2025;sexta-feira;08:20:00;PI;343;251,4;CAMPO MAIOR;Demais falhas mec�nicas ou el�tricas;Inc�ndio;Sem V�timas;Pleno dia;Crescente;C�u Claro;Simples;Curva;N�o;1;0;0;0;1;0;0;1;-4,73007762;-42,10586786;SPRF-PI;DEL01-PI;UOP03-DEL01-PI;;;
733404;21/11/2025;sexta-feira;14:50:00;BA;242;830;BARREIRAS;Manobra de mudan�a de faixa;Colis�o frontal;Com V�timas Feridas;Pleno dia;Crescente;Sol;Simples;Curva;N�o;4;0;0;2;1;2;2;4;-12,11387349;-45,07930666;SPRF-BA;DEL10-BA;UOP01-DEL10-BA;;;
733407;21/11/2025;sexta-feira;14:30:00;RJ;40;51;PETROPOLIS;Rea��o tardia ou ineficiente do condutor;Colis�o traseira;Com V�timas Feridas;Pleno dia;Decrescente;C�u Claro;Dupla;Reta;N�o;3;0;2;0;1;0;2;2;-22,3350537;-43,13331121;SPRF-RJ;DEL05-RJ;UOP02-DEL05-RJ;;;
733408;21/11/2025;sexta-feira;15:00:00;PE;423;105;CAETES;Rea��o tardia ou ineficiente do condutor;Colis�o lateral mesmo sentido;Sem V�timas;Pleno dia;Crescente;C�u Claro;Simples;"Aclive;Reta";N�o;2;0;0;0;2;0;0;2;-8,879903;-36,565943;SPRF-PE;DEL03-PE;UOP01-DEL03-PE;;;
733409;21/11/2025;sexta-feira;10:47:00;MT;163;606;NOVA MUTUM;Aus�ncia de rea��o do condutor;Sa�da de leito carro��vel;Com V�timas Feridas;Pleno dia;Crescente;C�u Claro;Dupla;Reta;N�o;2;0;1;0;0;2;1;3;-13,76414607;-56,05413437;SPRF-MT;DEL01-MT;UOP01-DEL01-MT;;;
733410;21/11/2025;sexta-feira;15:15:00;SC;101;147;ITAPEMA;Manobra de mudan�a de faixa;Colis�o traseira;Com V�timas Feridas;Pleno dia;Decrescente;C�u Claro;Dupla;Reta;Sim;3;0;0;1;1;1;1;3;-27,08775974;-48,61095842;SPRF-SC;DEL04-SC;UOP03-DEL04-SC;;;
733412;21/11/2025;sexta-feira;11:20:00;AL;101;188;JUNQUEIRO;Acessar a via sem observar a presen�a dos outros ve�culos;Colis�o lateral mesmo sentido;Com V�timas Feridas;Pleno dia;Crescente;C�u Claro;Simples;Reta;N�o;3;0;1;0;1;1;1;3;-9,90595065;-36,46774292;SPRF-AL;DEL02-AL;UOP02-DEL02-AL;;;
733414;21/11/2025;sexta-feira;15:00:00;SC;470;4;NAVEGANTES;Aus�ncia de sinaliza��o;Colis�o traseira;Com V�timas Feridas;Pleno dia;Decrescente;C�u Claro;Dupla;Reta;Sim;5;0;1;1;2;1;2;4;-26,85890298;-48,68956089;SPRF-SC;DEL04-SC;UOP04-DEL04-SC;;;
733420;21/11/2025;sexta-feira;16:35:00;MG;40;509,3;RIBEIRAO DAS NEVES;Pista Escorregadia;Tombamento;Com V�timas Feridas;Pleno dia;Crescente;C�u Claro;Dupla;"Reta;Declive";Sim;3;0;1;0;1;1;1;3;-19,76980162;-44,12709;SPRF-MG;DEL01-MG;UOP02-DEL01-MG;;;
733424;21/11/2025;sexta-feira;15:50:00;MG;381;290;ANTONIO DIAS;Mal s�bito do condutor;Colis�o traseira;Com V�timas Feridas;Pleno dia;Crescente;Nublado;Simples;"Reta;Aclive";N�o;3;0;0;1;1;1;1;3;-19,62811724;-42,83337593;SPRF-MG;DEL03-MG;UOP02-DEL03-MG;;;
733432;21/11/2025;sexta-feira;16:20:00;RJ;116;130,7;MAGE;Rea��o tardia ou ineficiente do condutor;Colis�o lateral mesmo sentido;Com V�timas Feridas;Pleno dia;Crescente;C�u Claro;Dupla;Reta;N�o;2;0;1;0;1;0;1;2;-22,65624254;-43,12116038;SPRF-RJ;DEL04-RJ;UOP02-DEL04-RJ;;;
733437;21/11/2025;sexta-feira;12:30:00;RJ;116;131;MAGE;Manobra de mudan�a de faixa;Colis�o lateral mesmo sentido;Com V�timas Feridas;Pleno dia;Decrescente;C�u Claro;Dupla;Reta;N�o;2;0;1;0;1;0;1;2;-22,66566024;-43,10966492;SPRF-RJ;DEL04-RJ;UOP02-DEL04-RJ;;;
733439;21/11/2025;sexta-feira;15:10:00;RS;293;382;SANTA MARGARIDA DO SUL;Transitar na contram�o;Colis�o lateral sentido oposto;Com V�timas Feridas;Pleno dia;Decrescente;C�u Claro;Simples;Reta;N�o;3;0;1;0;1;2;1;4;-30,343956;-53,975415;SPRF-RS;DEL11-RS;UOP01-DEL11-RS;;;
733441;21/11/2025;sexta-feira;13:40:00;RS;285;339,7;CARAZINHO;Acessar a via sem observar a presen�a dos outros ve�culos;Colis�o traseira;Com V�timas Feridas;Pleno dia;Decrescente;C�u Claro;Dupla;Reta;Sim;3;0;1;0;1;1;1;3;-28,31230995;-52,79242722;SPRF-RS;DEL08-RS;UOP03-DEL08-RS;;;
733446;21/11/2025;sexta-feira;17:10:00;PR;277;673;MEDIANEIRA;Velocidade Incompat�vel;Colis�o com objeto;Com V�timas Feridas;Pleno dia;Crescente;C�u Claro;Dupla;"Declive;Reta";Sim;1;0;1;0;0;0;1;1;-25,2858758;-54,0911976;SPRF-PR;DEL05-PR;UOP01-DEL05-PR;;;
733450;21/11/2025;sexta-feira;18:20:00;SC;282;420,1;VARGEM BONITA;Velocidade Incompat�vel;Tombamento;Com V�timas Feridas;Pleno dia;Crescente;C�u Claro;Simples;Curva;Sim;4;0;3;0;0;3;3;4;-27,0176515;-51,7295058;SPRF-SC;DEL07-SC;UOP05-DEL07-SC;;;
733453;21/11/2025;sexta-feira;18:35:00;PR;277;2,8;PARANAGUA;Acessar a via sem observar a presen�a dos outros ve�culos;Colis�o transversal;Com V�timas Feridas;Anoitecer;Crescente;C�u Claro;Simples;"Interse��o de Vias;Reta";Sim;3;0;1;0;1;1;1;3;-25,50803416;-48,52834773;SPRF-PR;DEL01-PR;UOP05-DEL01-PR;;;
733454;09/11/2025;domingo;13:50:00;PE;232;178;BELO JARDIM;Transitar na contram�o;Colis�o frontal;Com V�timas Fatais;Pleno dia;Decrescente;C�u Claro;Simples;"Aclive;Reta";Sim;3;1;0;0;1;1;0;3;-8,3465661;-36,4134931;SPRF-PE;DEL03-PE;UOP02-DEL03-PE;;;
733456;21/11/2025;sexta-feira;17:50:00;SC;480;132,1;CHAPECO;Condutor deixou de manter dist�ncia do ve�culo da frente;Colis�o traseira;Com V�timas Feridas;Pleno dia;Crescente;Sol;Dupla;Reta;Sim;2;0;1;0;1;0;1;2;-27,063897;-52,631363;SPRF-SC;DEL07-SC;UOP01-DEL07-SC;;;
733457;21/11/2025;sexta-feira;19:05:00;BA;101;717;EUNAPOLIS;Ingest�o de �lcool pelo condutor;Colis�o frontal;Sem V�timas;Plena Noite;Crescente;Nublado;Simples;Reta;Sim;2;0;0;0;2;0;0;2;-16,355985;-39,579462;SPRF-BA;DEL09-BA;UOP01-DEL09-BA;;;
733468;21/11/2025;sexta-feira;19:20:00;RO;364;343,2;JI-PARANA;Acesso irregular;Colis�o transversal;Com V�timas Feridas;Plena Noite;Crescente;C�u Claro;Simples;Interse��o de Vias;Sim;2;0;1;0;1;0;1;2;-10,8770914;-61,94813881;SPRF-RO;DEL02-RO;UOP01-DEL02-RO;;;
733486;21/11/2025;sexta-feira;13:00:00;BA;324;572;SAO SEBASTIAO DO PASSE;Demais falhas na via;Tombamento;Com V�timas Feridas;Pleno dia;Decrescente;Chuva;M�ltipla;"Reta;Declive";N�o;2;0;1;0;0;1;1;2;-12,5637094;-38,5571448;SPRF-BA;DEL01-BA;UOP01-DEL01-BA;;;