id;data_inversa;dia_semana;horario;uf;br;km;municipio;causa_acidente;tipo_acidente;classificacao_acidente;fase_dia;sentido_via;condicao_metereologica;tipo_pista;tracado_via;uso_solo;pessoas;mortos;feridos_leves;feridos_graves;ilesos;ignorados;feridos;veiculos;latitude;longitude;regional;delegacia;uop;;;
733487;21/11/2025;sexta-feira;18:15:00;BA;116;467,5;SANTO ESTEVAO;Chuva;Sa�da de leito carro��vel;Sem V�timas;Plena Noite;Crescente;Chuva;Dupla;"Declive;Reta";N�o;4;0;0;0;1;3;0;4;-12,4728047;-39,2953515;SPRF-BA;DEL02-BA;UOP01-DEL02-BA;;;
733491;21/11/2025;sexta-feira;18:00:00;SP;116;513,5;CAJATI;Rea��o tardia ou ineficiente do condutor;Colis�o com objeto;Com V�timas Feridas;Anoitecer;Decrescente;Garoa/Chuvisco;Dupla;"Curva;Aclive";N�o;1;0;0;1;0;0;1;1;-24,84701928;-48,21418159;SPRF-SP;DEL05-SP;UOP02-DEL05-SP;;;
733494;21/11/2025;sexta-feira;19:03:00;CE;20;311;CANINDE;Acesso irregular;Colis�o frontal;Com V�timas Feridas;Plena Noite;Crescente;C�u Claro;Simples;Reta;N�o;4;0;0;2;2;0;2;2;-4,3333056;-39,2869888;SPRF-CE;DEL02-CE;UOP01-DEL02-CE;;;
733501;21/11/2025;sexta-feira;11:00:00;MT;163;884;CLAUDIA;Transitar na contram�o;Sa�da de leito carro��vel;Com V�timas Feridas;Pleno dia;Crescente;C�u Claro;Simples;Reta;N�o;3;0;1;0;1;6;1;8;-11,44479;-55,356827;SPRF-MT;DEL06-MT;UOP02-DEL06-MT;;;
733502;21/11/2025;sexta-feira;20:30:00;MS;60;445;SIDROLANDIA;Problema com o freio;Inc�ndio;Sem V�timas;Plena Noite;Crescente;C�u Claro;Simples;Reta;N�o;2;0;0;0;1;2;0;3;-20,992474;-55,096739;SPRF-MS;DEL01-MS;UOP04-DEL01-MS;;;
733516;21/11/2025;sexta-feira;14:00:00;MT;364;841;CAMPO NOVO DO PARECIS;Rea��o tardia ou ineficiente do condutor;Sa�da de leito carro��vel;Com V�timas Feridas;Pleno dia;Crescente;Chuva;Simples;Reta;N�o;2;0;2;0;0;0;2;1;-14,066533;-57,991689;SPRF-MT;DEL01-MT;UOP01-DEL01-MT;;;
733517;21/11/2025;sexta-feira;22:50:00;SP;116;123;CACAPAVA;Rea��o tardia ou ineficiente do condutor;Colis�o com objeto;Com V�timas Feridas;Plena Noite;Decrescente;C�u Claro;Dupla;Reta;N�o;4;0;1;0;0;3;1;3;-23,08117094;-45,66048995;SPRF-SP;DEL02-SP;UOP02-DEL02-SP;;;
733518;21/11/2025;sexta-feira;23:30:00;RS;290;108,6;ELDORADO DO SUL;Ingest�o de �lcool pelo condutor;Colis�o traseira;Sem V�timas;Pleno dia;Crescente;C�u Claro;Dupla;Reta;Sim;2;0;0;0;1;1;0;2;-30,0137;-51,31665;SPRF-RS;DEL02-RS;UOP01-DEL02-RS;;;
733521;22/11/2025;s�bado;00:15:00;GO;20;10;FORMOSA;Ingest�o de �lcool pelo condutor;Colis�o traseira;Sem V�timas;Plena Noite;Decrescente;C�u Claro;Simples;"Declive;Reta";N�o;3;0;0;0;2;1;0;3;-15,558013;-47,26698;SPRF-DF;DEL02-DF;UOP02-DEL02-DF;;;
733527;21/11/2025;sexta-feira;23:55:00;CE;222;312,8;TIANGUA;Pedestre - Ingest�o de �lcool/ subst�ncias psicoativas;Atropelamento de Pedestre;Com V�timas Feridas;Plena Noite;Crescente;Nublado;M�ltipla;Reta;Sim;3;0;0;1;2;0;1;2;-3,728561;-40,999597;SPRF-CE;DEL04-CE;UOP02-DEL04-CE;;;
733529;22/11/2025;s�bado;02:00:00;RJ;101;261;RIO BONITO;Condutor Dormindo;Tombamento;Sem V�timas;Plena Noite;Crescente;C�u Claro;Dupla;Curva;N�o;1;0;0;0;1;0;0;1;-22,71317315;-42,61734009;SPRF-RJ;DEL02-RJ;UOP03-DEL02-RJ;;;
733530;22/11/2025;s�bado;03:10:00;PR;376;670;GUARATUBA;Rea��o tardia ou ineficiente do condutor;Colis�o lateral mesmo sentido;Sem V�timas;Plena Noite;Crescente;Garoa/Chuvisco;Dupla;"Reta;Declive";N�o;3;0;0;0;2;2;0;4;-25,883545;-48,934866;SPRF-PR;DEL01-PR;UOP04-DEL01-PR;;;
733534;22/11/2025;s�bado;02:00:00;MT;70;49,5;BARRA DO GARCAS;Acostamento em desn�vel;Sa�da de leito carro��vel;Com V�timas Feridas;Plena Noite;Decrescente;C�u Claro;Simples;Curva;N�o;2;0;1;0;0;2;1;3;-15,74308274;-52,62296319;SPRF-MT;DEL07-MT;UOP01-DEL07-MT;;;
733538;21/11/2025;sexta-feira;21:35:00;ES;447;15,6;VILA VELHA;Entrada inopinada do pedestre;Atropelamento de Pedestre;Com V�timas Fatais;Plena Noite;Decrescente;Nublado;Dupla;"Reta;Ponte";Sim;2;1;0;0;0;1;0;2;-20,338072;-40,327415;SPRF-ES;DEL01-ES;UOP01-DEL01-ES;;;
733540;22/11/2025;s�bado;05:40:00;MG;40;223;JOAO PINHEIRO;Pedestre andava na pista;Atropelamento de Pedestre;Com V�timas Fatais;Amanhecer;Decrescente;C�u Claro;Simples;Reta;N�o;2;1;0;0;0;1;0;2;-17,972801;-45,626172;SPRF-MG;DEL14-MG;UOP02-DEL14-MG;;;
733551;22/11/2025;s�bado;06:35:00;MT;364;341;SANTO ANTONIO DO LEVERGER;Aus�ncia de rea��o do condutor;Sa�da de leito carro��vel;Com V�timas Feridas;Amanhecer;Crescente;C�u Claro;Dupla;"Declive;Curva";N�o;2;0;1;0;0;1;1;2;-15,81567472;-55,53809464;SPRF-MT;DEL05-MT;UOP02-DEL05-MT;;;
733553;22/11/2025;s�bado;01:00:00;MA;222;551;BOM JESUS DAS SELVAS;Ingest�o de �lcool pelo condutor;Colis�o lateral sentido oposto;Com V�timas Fatais;Plena Noite;Decrescente;C�u Claro;Simples;Reta;N�o;3;1;1;0;0;1;1;2;-4,3829059;-46,6525251;SPRF-MA;DEL04-MA;UOP03-DEL04-MA;;;
733555;21/11/2025;sexta-feira;21:30:00;MT;174;170;PORTO ESPERIDIAO;Acostamento em desn�vel;Sa�da de leito carro��vel;Com V�timas Feridas;Plena Noite;Decrescente;Chuva;Simples;"Declive;Ponte";N�o;4;0;1;1;0;3;2;4;-15,84882619;-58,46480146;SPRF-MT;DEL03-MT;UOP01-DEL03-MT;;;
733557;22/11/2025;s�bado;07:50:00;MG;40;637,8;CONSELHEIRO LAFAIETE;Velocidade Incompat�vel;Colis�o frontal;Com V�timas Feridas;Pleno dia;Crescente;C�u Claro;Simples;Curva;N�o;6;0;2;3;1;0;5;3;-20,72483;-43,80097;SPRF-MG;DEL05-MG;UOP02-DEL05-MG;;;
733563;10/11/2025;segunda-feira;20:21:00;PR;369;85,5;CORNELIO PROCOPIO;Manobra de mudan�a de faixa;Colis�o lateral mesmo sentido;Com V�timas Feridas;Plena Noite;Crescente;C�u Claro;Simples;"Curva;Aclive";N�o;2;0;1;0;1;0;1;2;-23,1701;-50,61482;SPRF-PR;DEL07-PR;UOP05-DEL07-PR;;;
733564;22/11/2025;s�bado;08:45:00;PR;376;482;PONTA GROSSA;Acessar a via sem observar a presen�a dos outros ve�culos;Colis�o lateral mesmo sentido;Com V�timas Feridas;Pleno dia;Crescente;C�u Claro;Dupla;Reta;N�o;2;0;1;0;1;0;1;2;-25,086058;-50,192867;SPRF-PR;DEL03-PR;UOP01-DEL03-PR;;;
733577;22/11/2025;s�bado;09:13:00;CE;116;384;ICO;Rea��o tardia ou ineficiente do condutor;Tombamento;Com V�timas Feridas;Pleno dia;Decrescente;C�u Claro;Simples;"Reta;Declive";N�o;2;0;0;1;0;1;1;2;-6,471013;-38,856154;SPRF-CE;DEL05-CE;UOP01-DEL05-CE;;;
733583;11/09/2025;quinta-feira;21:20:00;RJ;116;244;PIRAI;Fuma�a;Colis�o traseira;Com V�timas Feridas;Plena Noite;Crescente;C�u Claro;Dupla;Reta;N�o;3;0;2;0;1;0;2;2;-22,6669275;-43,8411262;SPRF-RJ;DEL07-RJ;UOP01-DEL07-RJ;;;
733585;22/11/2025;s�bado;09:30:00;MG;381;681;PERDOES;Condutor Dormindo;Colis�o com objeto;Com V�timas Feridas;Pleno dia;Crescente;C�u Claro;Simples;Reta;N�o;2;0;1;0;0;1;1;2;-21,1408688;-45,10484219;SPRF-MG;DEL04-MG;UOP02-DEL04-MG;;;
733587;22/11/2025;s�bado;10:50:00;MA;222;323,8;VITORIA DO MEARIM;Ingest�o de �lcool pelo condutor;Colis�o lateral sentido oposto;Com V�timas Feridas;Pleno dia;Crescente;C�u Claro;Simples;Curva;N�o;6;0;4;0;1;3;4;5;-3,597408;-44,99616;SPRF-MA;DEL02-MA;UOP01-DEL02-MA;;;
733598;22/11/2025;s�bado;12:40:00;GO;40;155;CRISTALINA;Demais falhas mec�nicas ou el�tricas;Inc�ndio;Sem V�timas;Pleno dia;Decrescente;C�u Claro;Simples;Reta;N�o;2;0;0;0;1;3;0;4;-17,029446;-47,175855;SPRF-DF;DEL01-DF;UOP02-DEL01-DF;;;
733604;22/11/2025;s�bado;12:15:00;MT;364;289,7;JACIARA;Chuva;Sa�da de leito carro��vel;Sem V�timas;Pleno dia;Decrescente;Chuva;Dupla;"Aclive;Curva";N�o;3;0;0;0;3;0;0;1;-15,90227934;-55,0960055;SPRF-MT;DEL05-MT;UOP02-DEL05-MT;;;
733607;22/11/2025;s�bado;08:00:00;BA;242;372;PALMEIRAS;Rea��o tardia ou ineficiente do condutor;Tombamento;Com V�timas Feridas;Pleno dia;Crescente;Chuva;Simples;Curva;N�o;1;0;0;1;0;0;1;1;-12,45602128;-41,48300171;SPRF-BA;DEL06-BA;UOP01-DEL06-BA;;;
733609;22/11/2025;s�bado;13:50:00;MG;153;11,1;ARAPORA;Condutor Dormindo;Sa�da de leito carro��vel;Com V�timas Feridas;Pleno dia;Decrescente;C�u Claro;Dupla;Declive;N�o;2;0;1;0;0;1;1;2;-18,515741;-49,189459;SPRF-MG;DEL15-MG;UOP03-DEL15-MG;;;
733612;22/11/2025;s�bado;12:50:00;PR;116;156;MANDIRITUBA;Rea��o tardia ou ineficiente do condutor;Colis�o frontal;Sem V�timas;Pleno dia;Crescente;Sol;Simples;Reta;N�o;4;0;0;0;2;2;0;3;-25,864392;-49,392613;SPRF-PR;DEL01-PR;UOP03-DEL01-PR;;;
733619;22/11/2025;s�bado;15:00:00;SP;116;230;SAO PAULO;Manobra de mudan�a de faixa;Colis�o lateral mesmo sentido;Com V�timas Feridas;Pleno dia;Decrescente;Garoa/Chuvisco;M�ltipla;Reta;Sim;4;0;1;0;2;1;1;3;-23,50983331;-46,57317845;SPRF-SP;DEL01-SP;UOP01-DEL01-SP;;;
733622;19/11/2025;quarta-feira;05:55:00;AM;174;923;MANAUS;Demais falhas mec�nicas ou el�tricas;Inc�ndio;Sem V�timas;Pleno dia;Crescente;C�u Claro;Simples;Reta;N�o;1;0;0;0;1;0;0;1;-2,630337;-60,040102;SPRF-AM;DEL01-AM;UOP01-DEL01-AM;;;
733633;22/11/2025;s�bado;14:40:00;RS;392;241;CACAPAVA DO SUL;Rea��o tardia ou ineficiente do condutor;Colis�o frontal;Com V�timas Feridas;Pleno dia;Decrescente;C�u Claro;Simples;"Reta;Em Obras";N�o;3;0;1;0;1;2;1;4;-30,5926;-53,381032;SPRF-RS;DEL09-RS;UOP02-DEL09-RS;;;
733641;22/11/2025;s�bado;16:20:00;PE;232;69,8;GRAVATA;Condutor Dormindo;Colis�o traseira;Com V�timas Feridas;Pleno dia;Crescente;Sol;Simples;Curva;N�o;7;0;2;2;2;1;4;3;-8,17620716;-35,48644988;SPRF-PE;DEL02-PE;UOP02-DEL02PE;;;
733643;22/11/2025;s�bado;17:10:00;SP;116;292;ITAPECERICA DA SERRA;Acessar a via sem observar a presen�a dos outros ve�culos;Colis�o lateral mesmo sentido;Sem V�timas;Pleno dia;Crescente;C�u Claro;Dupla;Reta;N�o;3;0;0;0;1;2;0;3;-23,73433108;-46,89542611;SPRF-SP;DEL04-SP;UOP01-DEL04-SP;;;
733648;22/11/2025;s�bado;16:58:00;MG;116;586;MANHUACU;Suic�dio (presumido);Atropelamento de Pedestre;Com V�timas Feridas;Pleno dia;Crescente;C�u Claro;Simples;Reta;Sim;2;0;1;0;0;1;1;2;-20,235846;-42,166212;SPRF-MG;DEL06-MG;UOP03-DEL06-MG;;;
733651;22/11/2025;s�bado;15:40:00;AC;364;138;RIO BRANCO;Rea��o tardia ou ineficiente do condutor;Queda de ocupante de ve�culo;Com V�timas Feridas;Pleno dia;Decrescente;Sol;Dupla;Rotat�ria;Sim;3;0;1;0;1;1;1;3;-9,95998969;-67,85717217;SPRF-AC;DEL01-AC;UOP01-DEL01-AC;;;
733660;22/11/2025;s�bado;16:30:00;RJ;493;0;ITABORAI;Acessar a via sem observar a presen�a dos outros ve�culos;Colis�o lateral mesmo sentido;Com V�timas Feridas;Pleno dia;Decrescente;Sol;Dupla;Declive;Sim;2;0;1;0;1;0;1;2;-22,76213379;-42,93602943;SPRF-RJ;DEL02-RJ;UOP02-DEL02-RJ;;;
733671;22/11/2025;s�bado;17:50:00;ES;262;116;CONCEICAO DO CASTELO;Rea��o tardia ou ineficiente do condutor;Colis�o lateral sentido oposto;Sem V�timas;Anoitecer;Decrescente;C�u Claro;Simples;Curva;N�o;3;0;0;0;1;2;0;3;-20,313868;-41,238448;SPRF-ES;DEL01-ES;UOP02-DEL01-ES;;;
733672;22/11/2025;s�bado;13:45:00;PR;277;417,8;CANTAGALO;Velocidade Incompat�vel;Sa�da de leito carro��vel;Com V�timas Feridas;Pleno dia;Crescente;C�u Claro;Simples;"Aclive;Curva";N�o;3;0;1;1;0;1;2;2;-25,41909468;-52,06864569;SPRF-PR;DEL04-PR;UOP02-DEL04-PR;;;
733677;22/11/2025;s�bado;18:10:00;PE;316;70;OURICURI;Transitar na contram�o;Colis�o frontal;Com V�timas Fatais;Anoitecer;Crescente;C�u Claro;Simples;"Reta;Ponte";N�o;2;1;0;0;0;1;0;2;-7,816262;-40,167065;SPRF-PE;DEL05-PE;UOP02-DEL05-PE;;;
733684;22/11/2025;s�bado;17:20:00;PE;101;108;CABO DE SANTO AGOSTINHO;Velocidade Incompat�vel;Capotamento;Com V�timas Feridas;Anoitecer;Crescente;C�u Claro;Dupla;Curva;N�o;2;0;1;0;0;1;1;2;-8,30436905;-35,0696066;SPRF-PE;DEL01-PE;UOP03-DEL01-PE;;;
733685;22/11/2025;s�bado;18:15:00;MT;364;198;RONDONOPOLIS;Ingest�o de �lcool pelo condutor;Sa�da de leito carro��vel;Com V�timas Feridas;Plena Noite;Crescente;C�u Claro;Dupla;Retorno Regulamentado;Sim;2;0;1;0;1;0;1;2;-16,50402756;-54,62570465;SPRF-MT;DEL02-MT;UOP01-DEL02-MT;;;
733688;22/11/2025;s�bado;18:20:00;MS;163;815;PEDRO GOMES;Condutor Dormindo;Sa�da de leito carro��vel;Com V�timas Feridas;Anoitecer;Decrescente;C�u Claro;Simples;Reta;N�o;2;0;1;0;0;2;1;3;-17,76420228;-54,75123525;SPRF-MS;DEL06-MS;UOP01-DEL06-MS;;;
733696;22/11/2025;s�bado;20:44:00;PE;232;514;SALGUEIRO;Ultrapassagem Indevida;Colis�o lateral sentido oposto;Com V�timas Fatais;Plena Noite;Decrescente;C�u Claro;Simples;Reta;N�o;3;1;0;1;0;1;1;2;-8,069387;-39,175697;SPRF-PE;DEL05-PE;UOP01-DEL05-PE;;;
733700;22/11/2025;s�bado;20:50:00;PE;423;74;JUPI;Ingest�o de subst�ncias psicoativas pelo condutor;Colis�o lateral sentido oposto;Sem V�timas;Plena Noite;Decrescente;C�u Claro;Simples;Reta;Sim;2;0;0;0;1;1;0;2;-8,714442;-36,421311;SPRF-PE;DEL03-PE;UOP01-DEL03-PE;;;
733707;22/11/2025;s�bado;20:15:00;PR;376;290;MAUA DA SERRA;Manobra de mudan�a de faixa;Tombamento;Com V�timas Feridas;Plena Noite;Crescente;Nublado;Dupla;Reta;Sim;2;0;1;0;0;1;1;2;-23,903605;-51,217926;SPRF-PR;DEL07-PR;UOP02-DEL07-PR;;;
733712;22/11/2025;s�bado;20:30:00;RO;364;604,8;ITAPUA DO OESTE;�rea urbana sem a presen�a de local apropriado para a travessia de pedestres;Atropelamento de Pedestre;Com V�timas Fatais;Plena Noite;Crescente;Nublado;M�ltipla;Reta;Sim;2;1;0;0;1;0;0;2;-9,188124;-63,19332;SPRF-RO;DEL01-RO;UOP04-DEL01-RO;;;
733716;22/11/2025;s�bado;21:25:00;SP;116;10,5;QUELUZ;Rea��o tardia ou ineficiente do condutor;Colis�o traseira;Com V�timas Feridas;Plena Noite;Crescente;C�u Claro;Dupla;"Reta;Em Obras";N�o;2;0;0;1;0;1;1;2;-22,543301;-44,791592;SPRF-SP;DEL08-SP;UOP02-DEL08-SP;;;
733729;23/11/2025;domingo;02:00:00;PR;277;2,1;PARANAGUA;Desrespeitar a prefer�ncia no cruzamento;Colis�o transversal;Com V�timas Feridas;Anoitecer;Decrescente;Garoa/Chuvisco;Simples;Interse��o de Vias;Sim;3;0;1;0;1;1;1;2;-25,50804;-48,52839;SPRF-PR;DEL01-PR;UOP05-DEL01-PR;;;
733734;23/11/2025;domingo;01:50:00;SP;116;30;CRUZEIRO;Aus�ncia de rea��o do condutor;Colis�o traseira;Com V�timas Feridas;Plena Noite;Decrescente;C�u Claro;Dupla;"Reta;Declive";N�o;2;0;0;1;0;1;1;2;-22,632652;-44,929235;SPRF-SP;DEL08-SP;UOP02-DEL08-SP;;;
733742;23/11/2025;domingo;04:50:00;BA;110;401,6;SAO SEBASTIAO DO PASSE;Condutor Dormindo;Colis�o frontal;Com V�timas Feridas;Amanhecer;Crescente;C�u Claro;Simples;Reta;Sim;2;0;1;0;1;0;1;2;-12,557971;-38,524108;SPRF-BA;DEL01-BA;UOP01-DEL01-BA;;;
733750;22/11/2025;s�bado;20:00:00;BA;116;772;PLANALTO;Condutor usando celular;Colis�o lateral sentido oposto;Com V�timas Feridas;Plena Noite;Crescente;Chuva;Simples;Reta;N�o;3;0;1;0;2;0;1;2;-14,63304;-40,45072;SPRF-BA;DEL08-BA;UOP02-DEL08-BA;;;
733757;23/11/2025;domingo;06:00:00;MS;262;377;TERENOS;Ingest�o de �lcool pelo condutor;Colis�o frontal;Com V�timas Feridas;Amanhecer;Crescente;C�u Claro;Simples;Curva;N�o;4;0;1;1;2;0;2;2;-20,488171;-54,828158;SPRF-MS;DEL01-MS;UOP03-DEL01-MS;;;
733765;23/11/2025;domingo;06:40:00;GO;50;153;CAMPO ALEGRE DE GOIAS;Condutor Dormindo;Sa�da de leito carro��vel;Com V�timas Feridas;Amanhecer;Decrescente;Chuva;Dupla;Reta;N�o;3;0;2;0;0;1;2;2;-17,36603966;-47,78915405;SPRF-GO;DEL06-GO;UOP01-DEL06-GO;;;
733772;23/11/2025;domingo;08:00:00;MG;262;582,8;CAMPOS ALTOS;Curva acentuada;Tombamento;Com V�timas Feridas;Pleno dia;Decrescente;C�u Claro;Simples;Curva;N�o;2;0;1;0;0;1;1;2;-19,6665383;-46,158835;SPRF-MG;DEL08-MG;UOP02-DEL08-MG;;;
733777;23/11/2025;domingo;08:00:00;BA;116;696,3;JEQUIE;Aus�ncia de rea��o do condutor;Colis�o traseira;Com V�timas Feridas;Pleno dia;Decrescente;Nublado;Simples;Curva;N�o;9;0;1;1;7;0;2;6;-14,037542;-40,203897;SPRF-BA;DEL03-BA;UOP01-DEL03-BA;;;
733781;23/11/2025;domingo;07:10:00;MG;262;559;CORREGO DANTA;Velocidade Incompat�vel;Sa�da de leito carro��vel;Com V�timas Feridas;Pleno dia;Crescente;Chuva;Simples;"Curva;Declive";N�o;2;0;1;0;0;2;1;3;-19,72776606;-46,02022648;SPRF-MG;DEL08-MG;UOP02-DEL08-MG;;;
733782;23/11/2025;domingo;09:31:00;PE;101;81;JABOATAO DOS GUARARAPES;Demais falhas mec�nicas ou el�tricas;Inc�ndio;Sem V�timas;Pleno dia;Crescente;C�u Claro;Dupla;Reta;Sim;2;0;0;0;1;1;0;2;-8,166085;-34,938653;SPRF-PE;DEL01-PE;UOP01-DEL01-PE;;;
733789;23/11/2025;domingo;09:30:00;PI;343;313,7;ALTOS;Transitar na contram�o;Colis�o lateral sentido oposto;Com V�timas Feridas;Pleno dia;Decrescente;C�u Claro;Simples;Reta;N�o;3;0;1;0;1;3;1;5;-5,047407;-42,515382;SPRF-PI;DEL01-PI;UOP01-DEL01-PI;;;
733802;23/11/2025;domingo;10:00:00;PR;476;87,7;BOCAIUVA DO SUL;Velocidade Incompat�vel;Colis�o lateral sentido oposto;Com V�timas Feridas;Pleno dia;Crescente;Nublado;Simples;Curva;N�o;3;0;1;0;1;2;1;4;-25,1754711;-49,1131758;SPRF-PR;DEL01-PR;UOP01-DEL01-PR;;;
733804;23/11/2025;domingo;08:25:00;MA;316;619;TIMON;Acessar a via sem observar a presen�a dos outros ve�culos;Colis�o transversal;Com V�timas Feridas;Pleno dia;Decrescente;C�u Claro;Simples;Reta;Sim;2;0;0;1;1;0;1;2;-5,118425;-42,8246;SPRF-MA;DEL03-MA;UOP02-DEL03-MA;;;
733815;23/11/2025;domingo;10:30:00;RJ;101;427;MANGARATIBA;Acesso irregular;Colis�o com objeto;Sem V�timas;Pleno dia;Decrescente;Nublado;Simples;"T�nel;Reta";N�o;2;0;0;0;1;1;0;2;-22,91893985;-43,91942449;SPRF-RJ;DEL03-RJ;UOP02-DEL03-RJ;;;
733818;20/09/2025;s�bado;21:30:00;SC;282;529,7;CORDILHEIRA ALTA;Rea��o tardia ou ineficiente do condutor;Colis�o frontal;Com V�timas Feridas;Plena Noite;Crescente;Chuva;Simples;"Aclive;Curva";N�o;3;0;1;0;1;1;1;3;-26,98375042;-52,60290074;SPRF-SC;DEL07-SC;UOP01-DEL07-SC;;;
733823;23/11/2025;domingo;13:10:00;PR;277;333,1;GUARAPUAVA;Manobra de mudan�a de faixa;Colis�o lateral sentido oposto;Com V�timas Feridas;Pleno dia;Crescente;Chuva;Simples;Curva;N�o;2;0;1;0;1;0;1;2;-25,3674569;-51,33644204;SPRF-PR;DEL08-PR;UOP01-DEL08-PR;;;
733830;23/11/2025;domingo;14:30:00;SC;101;175,8;GOVERNADOR CELSO RAMOS;Acessar a via sem observar a presen�a dos outros ve�culos;Colis�o lateral mesmo sentido;Com V�timas Feridas;Pleno dia;Decrescente;Chuva;Dupla;Reta;N�o;5;0;1;0;3;1;1;3;-27,3430149;-48,62971075;SPRF-SC;DEL01-SC;UOP01-DEL01-SC;;;
733833;23/11/2025;domingo;13:00:00;BA;101;232;SAPEACU;Acessar a via sem observar a presen�a dos outros ve�culos;Colis�o transversal;Com V�timas Feridas;Pleno dia;Crescente;C�u Claro;Simples;"Curva;Aclive";Sim;3;0;1;0;2;0;1;2;-12,7369;-39,18451;SPRF-BA;DEL01-BA;UOP02-DEL01-BA;;;
733835;23/11/2025;domingo;14:10:00;MG;40;442;PARAOPEBA;Aus�ncia de rea��o do condutor;Sa�da de leito carro��vel;Sem V�timas;Pleno dia;Decrescente;Chuva;Simples;Curva;N�o;2;0;0;0;1;1;0;2;-19,27427997;-44,41791752;SPRF-MG;DEL02-MG;UOP01-DEL02-MG;;;
733850;23/11/2025;domingo;09:30:00;MG;381;700,9;LAVRAS;Aus�ncia de rea��o do condutor;Colis�o com objeto;Com V�timas Feridas;Pleno dia;Crescente;Chuva;Dupla;"Declive;Curva";N�o;2;0;1;0;0;2;1;3;-21,31137883;-45,16451703;SPRF-MG;DEL04-MG;UOP02-DEL04-MG;;;
733851;23/11/2025;domingo;15:58:00;SP;153;109,3;JOSE BONIFACIO;Condutor Dormindo;Colis�o frontal;Com V�timas Feridas;Pleno dia;Decrescente;C�u Claro;Simples;Reta;N�o;4;0;1;1;1;1;2;3;-21,082884;-49,671895;SPRF-SP;DEL09-SP;UOP01-DEL09-SP;;;
733852;23/11/2025;domingo;14:20:00;GO;452;24;RIO VERDE;Rea��o tardia ou ineficiente do condutor;Colis�o lateral sentido oposto;Com V�timas Feridas;Pleno dia;Decrescente;Sol;Simples;Reta;N�o;3;0;1;0;1;6;1;8;-17,880963;-50,699535;SPRF-GO;DEL04-GO;UOP01-DEL04-GO;;;
733854;23/11/2025;domingo;12:40:00;MG;251;523;MONTES CLAROS;Velocidade Incompat�vel;Sa�da de leito carro��vel;Sem V�timas;Pleno dia;Decrescente;Nublado;Simples;"Reta;Declive";N�o;3;0;0;0;2;1;0;3;-16,673528;-43,796813;SPRF-MG;DEL12-MG;UOP01-DEL12-MG;;;
733872;23/11/2025;domingo;16:42:00;PE;232;8;RECIFE;Condutor deixou de manter dist�ncia do ve�culo da frente;Colis�o traseira;Com V�timas Feridas;Pleno dia;Decrescente;C�u Claro;M�ltipla;Reta;Sim;2;0;1;0;1;0;1;2;-8,076094;-34,970076;SPRF-PE;DEL01-PE;UOP01-DEL01-PE;;;
733876;23/11/2025;domingo;16:08:00;RJ;101;80;MACAE;Condutor Dormindo;Colis�o lateral sentido oposto;Com V�timas Feridas;Pleno dia;Crescente;C�u Claro;Simples;Curva;N�o;10;0;3;2;4;1;5;5;-22,36911555;-41,94946703;SPRF-RJ;DEL08-RJ;UOP02-DEL08-RJ;;;
733877;23/11/2025;domingo;16:36:00;SC;470;63;INDAIAL;Transitar no Acostamento;Tombamento;Com V�timas Feridas;Pleno dia;Decrescente;Garoa/Chuvisco;Simples;Reta;Sim;2;0;1;0;0;2;1;3;-26,87295;-49,19134;SPRF-SC;DEL04-SC;UOP01-DEL04-SC;;;
733879;23/11/2025;domingo;10:00:00;RS;285;162;MUITOS CAPOES;Rea��o tardia ou ineficiente do condutor;Tombamento;Com V�timas Fatais;Pleno dia;Crescente;Garoa/Chuvisco;Simples;Curva;N�o;4;1;2;0;0;1;2;2;-28,31892;-51,2478;SPRF-RS;DEL05-RS;UOP03-DEL05-RS;;;
733881;23/11/2025;domingo;12:30:00;MG;251;351,2;PADRE CARVALHO;Rea��o tardia ou ineficiente do condutor;Tombamento;Com V�timas Feridas;Pleno dia;Decrescente;C�u Claro;Simples;"Reta;Declive";N�o;3;0;0;1;1;2;1;3;-16,26190389;-42,5257819;SPRF-MG;DEL12-MG;UOP02-DEL12-MG;;;
733882;23/11/2025;domingo;16:00:00;GO;40;7;VALPARAISO DE GOIAS;Rea��o tardia ou ineficiente do condutor;Capotamento;Com V�timas Feridas;Pleno dia;Crescente;Chuva;Dupla;Reta;Sim;2;0;1;0;1;0;1;1;-16,102203;-47,976298;SPRF-DF;DEL01-DF;UOP01-DEL01-DF;;;
733888;23/11/2025;domingo;16:00:00;PR;153;14;JACAREZINHO;Ingest�o de �lcool pelo condutor;Colis�o lateral sentido oposto;Com V�timas Feridas;Pleno dia;Crescente;C�u Claro;Simples;Reta;N�o;4;0;1;0;2;3;1;6;-23,10288318;-49,94040839;SPRF-PR;DEL07-PR;UOP04-DEL07-PR;;;
733892;23/11/2025;domingo;17:40:00;DF;20;39;BRASILIA;Chuva;Sa�da de leito carro��vel;Com V�timas Feridas;Anoitecer;Crescente;Chuva;Dupla;Aclive;N�o;2;0;2;0;0;0;2;1;-15,5817;-47,519385;SPRF-DF;DEL02-DF;UOP01-DEL02-DF;;;
733901;23/11/2025;domingo;18:04:00;BA;101;172;FEIRA DE SANTANA;Pedestre andava na pista;Atropelamento de Pedestre;Com V�timas Fatais;Plena Noite;Decrescente;C�u Claro;Simples;Reta;N�o;2;1;0;0;0;1;0;2;-12,33302562;-38,8253231;SPRF-BA;DEL01-BA;UOP03-DEL01-BA;;;
733924;23/11/2025;domingo;18:00:00;PR;376;505,1;PONTA GROSSA;Condutor deixou de manter dist�ncia do ve�culo da frente;Colis�o lateral mesmo sentido;Com V�timas Fatais;Pleno dia;Crescente;Chuva;Dupla;Declive;N�o;4;1;1;0;1;2;1;5;-25,22606639;-50,04863191;SPRF-PR;DEL03-PR;UOP04-DEL03-PR;;;