id;data_inversa;dia_semana;horario;uf;br;km;municipio;causa_acidente;tipo_acidente;classificacao_acidente;fase_dia;sentido_via;condicao_metereologica;tipo_pista;tracado_via;uso_solo;pessoas;mortos;feridos_leves;feridos_graves;ilesos;ignorados;feridos;veiculos;latitude;longitude;regional;delegacia;uop;;;
733927;23/11/2025;domingo;16:10:00;BA;324;5;FEIRA DE SANTANA;Condutor deixou de manter dist�ncia do ve�culo da frente;Colis�o traseira;Sem V�timas;Pleno dia;Crescente;C�u Claro;Dupla;Reta;N�o;3;0;0;0;2;1;0;3;-12,286875;-38,95785078;SPRF-BA;DEL02-BA;UOP01-DEL02-BA;;;
733932;23/11/2025;domingo;18:03:00;GO;153;61;PORANGATU;Aus�ncia de rea��o do condutor;Colis�o traseira;Sem V�timas;Anoitecer;Crescente;C�u Claro;Simples;Reta;N�o;3;0;0;0;2;1;0;3;-13;-49;SPRF-GO;DEL07-GO;UOP01-DEL07-GO;;;
733946;23/11/2025;domingo;17:00:00;MG;251;198;CACHOEIRA DE PAJEU;Rea��o tardia ou ineficiente do condutor;Colis�o transversal;Com V�timas Feridas;Anoitecer;Decrescente;Garoa/Chuvisco;Simples;Reta;N�o;2;0;1;0;1;0;1;2;-15,873956;-41,4376042;SPRF-MG;DEL12-MG;UOP02-DEL12-MG;;;
733960;23/11/2025;domingo;20:00:00;SC;153;80;IRANI;Rea��o tardia ou ineficiente do condutor;Colis�o lateral sentido oposto;Sem V�timas;Plena Noite;Decrescente;C�u Claro;Dupla;Curva;N�o;3;0;0;0;2;1;0;3;-27,120723;-51,919917;SPRF-SC;DEL07-SC;UOP04-DEL07-SC;;;
733961;23/11/2025;domingo;20:40:00;GO;40;9,8;LUZIANIA;Chuva;Colis�o com objeto;Sem V�timas;Plena Noite;Decrescente;Chuva;Dupla;Reta;Sim;1;0;0;0;1;0;0;1;-16,12888;-47,95916;SPRF-DF;DEL01-DF;UOP01-DEL01-DF;;;
733966;23/11/2025;domingo;21:00:00;SE;101;161,6;SANTA LUZIA DO ITANHY;Suic�dio (presumido);Colis�o frontal;Com V�timas Fatais;Plena Noite;Crescente;C�u Claro;Simples;"Reta;Aclive";N�o;2;1;0;0;1;0;0;2;-11,30596666;-37,51134333;SPRF-SE;DEL02-SE;UOP01-DEL02-SE;;;
733968;23/11/2025;domingo;19:30:00;CE;116;491,4;MILAGRES;Convers�o proibida;Colis�o traseira;Com V�timas Feridas;Plena Noite;Decrescente;C�u Claro;Simples;"Reta;Interse��o de Vias";N�o;3;0;1;0;2;0;1;2;-7,396142;-38,961648;SPRF-CE;DEL05-CE;UOP03-DEL05-CE;;;
733969;23/11/2025;domingo;21:40:00;DF;20;39,6;BRASILIA;Pista Escorregadia;Sa�da de leito carro��vel;Com V�timas Feridas;Plena Noite;Crescente;Chuva;Dupla;"Reta;Declive";N�o;49;0;18;7;24;0;25;2;-15,581742;-47,518943;SPRF-DF;DEL02-DF;UOP01-DEL02-DF;;;
733973;23/11/2025;domingo;20:45:00;MG;262;419;IGARATINGA;Rea��o tardia ou ineficiente do condutor;Colis�o lateral mesmo sentido;Com V�timas Feridas;Plena Noite;Crescente;Nublado;Dupla;Reta;N�o;5;0;3;0;2;0;3;2;-19,89098533;-44,80932713;SPRF-MG;DEL08-MG;UOP03-DEL08-MG;;;
733992;23/11/2025;domingo;20:31:00;MT;364;352;SANTO ANTONIO DO LEVERGER;Rea��o tardia ou ineficiente do condutor;Colis�o traseira;Sem V�timas;Plena Noite;Crescente;C�u Claro;Dupla;"Reta;Declive";N�o;3;0;0;0;2;1;0;3;-15,796936;-55,602886;SPRF-MT;DEL05-MT;UOP02-DEL05-MT;;;
733995;23/11/2025;domingo;23:10:00;SC;101;80,4;BARRA VELHA;Aus�ncia de rea��o do condutor;Colis�o traseira;Com V�timas Fatais;Pleno dia;Crescente;Chuva;Dupla;Curva;Sim;3;1;0;0;1;2;0;4;-26,600294;-48,725184;SPRF-SC;DEL03-SC;UOP02-DEL03-SC;;;
733999;23/11/2025;domingo;21:24:00;SC;116;305,3;CAPAO ALTO;Velocidade Incompat�vel;Tombamento;Com V�timas Fatais;Plena Noite;Crescente;Nublado;Simples;"Curva;Declive";N�o;2;1;0;0;0;1;0;2;-28,1993521;-50,7271534;SPRF-SC;DEL05-SC;UOP02-DEL05-SC;;;
734010;24/11/2025;segunda-feira;00:43:00;PI;316;64,6;MONSENHOR GIL;Objeto est�tico sobre o leito carro��vel;Colis�o traseira;Com V�timas Feridas;Plena Noite;Decrescente;C�u Claro;Simples;"Ponte;Reta";N�o;4;0;1;0;1;3;1;5;-5,6135461;-42,6050204;SPRF-PI;DEL01-PI;UOP02-DEL01-PI;;;
734023;24/11/2025;segunda-feira;05:00:00;SP;116;164;JACAREI;Condutor deixou de manter dist�ncia do ve�culo da frente;Colis�o com objeto;Com V�timas Feridas;Pleno dia;Crescente;Garoa/Chuvisco;Dupla;Reta;N�o;3;0;2;0;0;1;2;3;-23,2883715;-45,99489403;SPRF-SP;DEL02-SP;UOP01-DEL02-SP;;;
734027;24/11/2025;segunda-feira;06:20:00;RJ;116;170;RIO DE JANEIRO;Trafegar com motocicleta (ou similar) entre as faixas;Colis�o lateral mesmo sentido;Com V�timas Feridas;Pleno dia;Decrescente;Nublado;Dupla;Reta;Sim;4;0;2;0;2;0;2;3;-22,81097799;-43,33443403;SPRF-RJ;DEL06-RJ;UOP01-DEL06-RJ;;;
734031;24/11/2025;segunda-feira;05:20:00;MT;364;100;ALTO GARCAS;Condutor Dormindo;Colis�o lateral sentido oposto;Com V�timas Feridas;Amanhecer;Decrescente;C�u Claro;Simples;"Declive;Curva";N�o;4;0;2;0;1;3;2;5;-16,8602227;-53,8683751;SPRF-MT;DEL02-MT;UOP02-DEL02-MT;;;
734039;24/11/2025;segunda-feira;05:40:00;BA;116;886;CANDIDO SALES;Acessar a via sem observar a presen�a dos outros ve�culos;Colis�o traseira;Com V�timas Fatais;Amanhecer;Crescente;C�u Claro;Simples;Reta;N�o;2;1;0;0;0;1;0;2;-15,334979;-41,159096;SPRF-BA;DEL08-BA;UOP03-DEL08-BA;;;
734044;24/11/2025;segunda-feira;08:15:00;BA;242;802;BARREIRAS;Demais falhas mec�nicas ou el�tricas;Sa�da de leito carro��vel;Com V�timas Feridas;Pleno dia;Crescente;Garoa/Chuvisco;Simples;Reta;N�o;2;0;1;1;0;0;2;1;-12,16198407;-44,87702804;SPRF-BA;DEL10-BA;UOP01-DEL10-BA;;;
734050;24/11/2025;segunda-feira;07:15:00;RJ;40;92;DUQUE DE CAXIAS;Demais falhas mec�nicas ou el�tricas;Tombamento;Com V�timas Feridas;Pleno dia;Crescente;Nublado;Simples;Curva;N�o;1;0;1;0;0;0;1;1;-22,56963397;-43,27806473;SPRF-RJ;DEL01-RJ;UOP01-DEL01-RJ;;;
734055;28/10/2025;ter�a-feira;05:25:00;SP;116;102;PINDAMONHANGABA;Pista Escorregadia;Sa�da de leito carro��vel;Com V�timas Feridas;Amanhecer;Crescente;Chuva;Dupla;Reta;N�o;1;0;1;0;0;0;1;1;-22,99622454;-45,492239;SPRF-SP;DEL08-SP;UOP01-DEL08-SP;;;
734056;24/11/2025;segunda-feira;07:03:00;MS;163;206,5;CAARAPO;Condutor deixou de manter dist�ncia do ve�culo da frente;Colis�o traseira;Com V�timas Feridas;Pleno dia;Crescente;C�u Claro;Simples;Rotat�ria;Sim;6;0;2;0;4;0;2;2;-22,64991118;-54,80943426;SPRF-MS;DEL04-MS;UOP02-DEL04-MS;;;
734063;24/11/2025;segunda-feira;09:00:00;PR;376;175,2;MARINGA;Aus�ncia de rea��o do condutor;Colis�o traseira;Com V�timas Feridas;Pleno dia;Decrescente;C�u Claro;Dupla;Reta;Sim;2;0;1;0;1;0;1;2;-23,41489152;-51,95187807;SPRF-PR;DEL09-PR;UOP01-DEL09-PR;;;
734064;21/11/2025;sexta-feira;02:50:00;GO;60;104;GOIANAPOLIS;Deixar de acionar o farol da motocicleta (ou similar);Tombamento;Sem V�timas;Plena Noite;Decrescente;C�u Claro;Dupla;"Reta;Aclive";N�o;1;0;0;0;1;0;0;1;-16,41271328;-49,00328346;SPRF-GO;DEL02-GO;UOP01-DEL02-GO;;;
734068;12/07/2025;s�bado;04:08:00;PA;163;113;NOVO PROGRESSO;Rea��o tardia ou ineficiente do condutor;Sa�da de leito carro��vel;Sem V�timas;Amanhecer;Crescente;C�u Claro;Simples;Curva;N�o;1;0;0;0;0;1;0;1;-9,33347928;-54,84106549;SPRF-MT;DEL06-MT;UOP03-DEL06-MT;;;
734069;24/11/2025;segunda-feira;09:00:00;SP;381;86;SAO PAULO;Manobra de mudan�a de faixa;Colis�o lateral mesmo sentido;Com V�timas Feridas;Pleno dia;Decrescente;Nublado;M�ltipla;Reta;N�o;2;0;1;0;1;0;1;2;-23,44991077;-46,56970614;SPRF-SP;DEL03-SP;UOP01-DEL03-SP;;;
734074;24/11/2025;segunda-feira;09:15:00;SC;470;106,4;APIUNA;Condutor Dormindo;Colis�o lateral sentido oposto;Com V�timas Feridas;Pleno dia;Decrescente;Garoa/Chuvisco;Simples;Curva;N�o;3;0;1;0;2;0;1;2;-27,090556;-49,520517;SPRF-SC;DEL04-SC;UOP02-DEL04-SC;;;
734076;24/11/2025;segunda-feira;06:56:00;MT;163;1051;MATUPA;Condutor deixou de manter dist�ncia do ve�culo da frente;Colis�o traseira;Com V�timas Feridas;Pleno dia;Crescente;C�u Claro;Simples;Reta;N�o;3;0;1;0;1;4;1;6;-10,07568505;-54,90829468;SPRF-MT;DEL06-MT;UOP03-DEL06-MT;;;
734077;24/11/2025;segunda-feira;11:20:00;MG;40;474,1;SETE LAGOAS;Condutor Dormindo;Sa�da de leito carro��vel;Com V�timas Feridas;Pleno dia;Crescente;C�u Claro;Dupla;"Curva;Aclive";N�o;2;0;1;0;0;1;1;2;-19,49898904;-44,27870035;SPRF-MG;DEL02-MG;UOP01-DEL02-MG;;;
734083;24/11/2025;segunda-feira;12:00:00;MG;381;242;SANTANA DO PARAISO;Velocidade Incompat�vel;Sa�da de leito carro��vel;Com V�timas Feridas;Pleno dia;Decrescente;Chuva;Simples;"Reta;Declive";N�o;2;0;2;0;0;0;2;1;-19,44208866;-42,51213446;SPRF-MG;DEL06-MG;UOP01-DEL06-MG;;;
734090;24/11/2025;segunda-feira;07:00:00;PR;277;1,5;PARANAGUA;Acessar a via sem observar a presen�a dos outros ve�culos;Colis�o traseira;Com V�timas Feridas;Pleno dia;Decrescente;C�u Claro;Dupla;Rotat�ria;N�o;3;0;1;0;1;1;1;3;-25,551331;-48,552464;SPRF-PR;DEL01-PR;UOP05-DEL01-PR;;;
734092;24/11/2025;segunda-feira;11:29:00;SC;163;66,9;SAO MIGUEL DO OESTE;Rea��o tardia ou ineficiente do condutor;Colis�o traseira;Sem V�timas;Pleno dia;Crescente;C�u Claro;Dupla;"Curva;Retorno Regulamentado";Sim;2;0;0;0;2;0;0;2;-26,76011942;-53,50036595;SPRF-SC;DEL07-SC;UOP03-DEL07-SC;;;
734097;12/02/2025;quarta-feira;09:15:00;PE;101;43;IGARASSU;Condutor deixou de manter dist�ncia do ve�culo da frente;Colis�o lateral mesmo sentido;Com V�timas Feridas;Pleno dia;Crescente;C�u Claro;M�ltipla;"Reta;Declive";Sim;5;0;3;0;1;1;3;3;-7,84753808;-34,90977038;SPRF-PE;DEL01-PE;UOP02-DEL01-PE;;;
734099;24/11/2025;segunda-feira;12:30:00;MT;163;1060;GUARANTA DO NORTE;Transitar na contram�o;Colis�o frontal;Com V�timas Fatais;Pleno dia;Crescente;Chuva;Simples;Reta;Sim;3;1;0;0;1;2;0;4;-9,998852;-54,907348;SPRF-MT;DEL06-MT;UOP03-DEL06-MT;;;
734109;24/11/2025;segunda-feira;11:00:00;SC;101;426,3;SOMBRIO;Aus�ncia de rea��o do condutor;Colis�o traseira;Com V�timas Feridas;Pleno dia;Crescente;Nublado;M�ltipla;Reta;N�o;2;0;1;0;0;1;1;2;-29,03425909;-49,60739136;SPRF-SC;DEL02-SC;UOP02-DEL02-SC;;;
734112;24/11/2025;segunda-feira;14:30:00;RS;386;346,2;LAJEADO;Velocidade Incompat�vel;Tombamento;Com V�timas Feridas;Pleno dia;Decrescente;C�u Claro;Dupla;Curva;Sim;2;0;1;0;0;1;1;2;-29,44767;-51,97286;SPRF-RS;DEL04-RS;UOP01-DEL04-RS;;;
734116;24/11/2025;segunda-feira;13:20:00;PR;163;167,5;LINDOESTE;Condutor usando celular;Sa�da de leito carro��vel;Com V�timas Feridas;Pleno dia;Crescente;C�u Claro;Simples;"Aclive;Reta";N�o;1;0;1;0;0;0;1;1;-25,253305;-53,577427;SPRF-PR;DEL05-PR;UOP05-DEL05-PR;;;
734118;14/08/2025;quinta-feira;16:15:00;MG;262;80;MATIPO;Condutor deixou de manter dist�ncia do ve�culo da frente;Colis�o com objeto;Sem V�timas;Pleno dia;Decrescente;C�u Claro;Simples;Reta;N�o;8;0;0;0;7;1;0;8;-20,33738725;-42,37322331;SPRF-MG;DEL03-MG;UOP03-DEL03-MG;;;
734119;24/11/2025;segunda-feira;09:30:00;RJ;493;7;ITABORAI;Rea��o tardia ou ineficiente do condutor;Engavetamento;Com V�timas Feridas;Pleno dia;Decrescente;C�u Claro;Simples;Reta;N�o;3;0;1;0;2;0;1;3;-22,7180291;-42,95254517;SPRF-RJ;DEL02-RJ;UOP02-DEL02-RJ;;;
734129;27/10/2025;segunda-feira;11:50:00;PR;277;493,2;GUARANIACU;Ultrapassagem Indevida;Colis�o frontal;Com V�timas Feridas;Pleno dia;Decrescente;C�u Claro;Simples;Reta;N�o;6;0;2;0;3;1;2;4;-25,194672;-52,655526;SPRF-PR;DEL04-PR;UOP04-DEL04-PR;;;
734132;24/11/2025;segunda-feira;14:00:00;MA;135;5;SAO LUIS;Aus�ncia de rea��o do condutor;Colis�o lateral mesmo sentido;Com V�timas Feridas;Pleno dia;Crescente;Sol;Dupla;Reta;N�o;2;0;1;0;1;0;1;2;-2,62633572;-44,26251412;SPRF-MA;DEL01-MA;UOP01-DEL01-MA;;;
734133;24/11/2025;segunda-feira;16:50:00;MT;158;421;RIBEIRAO CASCALHEIRA;Aus�ncia de rea��o do condutor;Colis�o traseira;Com V�timas Feridas;Pleno dia;Crescente;Sol;Simples;Reta;Sim;3;0;1;0;1;2;1;4;-12,94914714;-51,84100628;SPRF-MT;DEL07-MT;UOP02-DEL07-MT;;;
734137;24/11/2025;segunda-feira;09:00:00;PR;369;231,7;JANDAIA DO SUL;Manobra de mudan�a de faixa;Colis�o frontal;Com V�timas Fatais;Pleno dia;Decrescente;C�u Claro;Simples;Curva;N�o;6;1;2;1;1;2;3;4;-23,60657674;-51,66594315;SPRF-PR;DEL09-PR;UOP01-DEL09-PR;;;
734139;24/11/2025;segunda-feira;16:40:00;MG;116;774,3;LEOPOLDINA;Velocidade Incompat�vel;Colis�o lateral sentido oposto;Com V�timas Feridas;Pleno dia;Decrescente;Garoa/Chuvisco;Simples;"Curva;Declive";N�o;4;0;2;0;1;1;2;3;-21,578167;-42,687646;SPRF-MG;DEL07-MG;UOP01-DEL07-MG;;;
734140;24/11/2025;segunda-feira;14:20:00;SC;470;186,3;TROMBUDO CENTRAL;Demais falhas mec�nicas ou el�tricas;Tombamento;Com V�timas Feridas;Pleno dia;Decrescente;Nublado;Simples;Curva;Sim;3;0;1;1;0;2;2;3;-27,311661;-49,818925;SPRF-SC;DEL04-SC;UOP02-DEL04-SC;;;
734146;31/10/2025;sexta-feira;09:30:00;MT;174;312;PONTES E LACERDA;Ultrapassagem Indevida;Colis�o lateral mesmo sentido;Sem V�timas;Pleno dia;Crescente;Sol;Simples;Reta;N�o;2;0;0;0;2;0;0;2;-15,042785;-59,296432;SPRF-MT;DEL04-MT;UOP01-DEL04-MT;;;
734153;24/11/2025;segunda-feira;18:15:00;PR;116;97;SAO JOSE DOS PINHAIS;Condutor deixou de manter dist�ncia do ve�culo da frente;Colis�o traseira;Com V�timas Feridas;Pleno dia;Crescente;C�u Claro;Simples;Reta;Sim;2;0;1;0;1;0;1;2;-25,54086413;-49,15115833;SPRF-PR;DEL01-PR;UOP07-DEL01-PR;;;
734162;24/11/2025;segunda-feira;15:55:00;SC;116;59,7;PAPANDUVA;Transitar na contram�o;Colis�o frontal;Com V�timas Fatais;Pleno dia;Crescente;Garoa/Chuvisco;Simples;"Aclive;Curva";N�o;3;1;0;0;1;1;0;3;-26,38076;-50,21315;SPRF-SC;DEL06-SC;UOP02-DEL06-SC;;;
734172;24/11/2025;segunda-feira;20:10:00;PE;232;36;VITORIA DE SANTO ANTAO;Acessar a via sem observar a presen�a dos outros ve�culos;Colis�o lateral mesmo sentido;Sem V�timas;Plena Noite;Crescente;C�u Claro;Dupla;Reta;N�o;3;0;0;0;2;1;0;3;-8,11396181;-35,24196291;SPRF-PE;DEL02-PE;UOP02-DEL02PE;;;
734176;24/11/2025;segunda-feira;21:00:00;ES;101;107;SOORETAMA;Carga excessiva e/ou mal acondicionada;Tombamento;Com V�timas Feridas;Plena Noite;Crescente;Garoa/Chuvisco;Simples;"Reta;Aclive";N�o;2;0;1;0;0;1;1;2;-19,05531805;-40,03156034;SPRF-ES;DEL04-ES;UOP01-DEL04-ES;;;
734180;24/11/2025;segunda-feira;18:45:00;PA;10;254;AURORA DO PARA;Ultrapassagem Indevida;Colis�o frontal;Com V�timas Fatais;Plena Noite;Crescente;C�u Claro;Simples;Reta;N�o;3;1;0;0;1;1;0;3;-2,22039891;-47,56324768;SPRF-PA;DEL02-PA;UOP01-DEL02-PA;;;
734181;24/11/2025;segunda-feira;16:50:00;SC;282;381;HERVAL DOESTE;Rea��o tardia ou ineficiente do condutor;Sa�da de leito carro��vel;Com V�timas Feridas;Pleno dia;Crescente;Nublado;Simples;"Reta;Declive";Sim;1;0;1;0;0;0;1;1;-27,204795;-51,501472;SPRF-SC;DEL07-SC;UOP05-DEL07-SC;;;
734185;24/11/2025;segunda-feira;21:58:00;RN;304;29,7;MOSSORO;Acessar a via sem observar a presen�a dos outros ve�culos;Colis�o transversal;Com V�timas Feridas;Plena Noite;Decrescente;C�u Claro;Simples;"Reta;Interse��o de Vias;Declive";N�o;2;0;0;1;1;0;1;2;-5,1144504;-37,340438;SPRF-RN;DEL04-RN;UOP02-DEL04-RN;;;
734189;24/11/2025;segunda-feira;19:30:00;PE;101;3,3;GOIANA;Condutor deixou de manter dist�ncia do ve�culo da frente;Colis�o traseira;Sem V�timas;Plena Noite;Crescente;C�u Claro;Dupla;"Declive;Curva";Sim;3;0;0;0;1;2;0;3;-7,5602294;-34,9993995;SPRF-PE;DEL01-PE;UOP02-DEL01-PE;;;
734191;24/11/2025;segunda-feira;22:30:00;MG;50;147,1;UBERABA;Condutor Dormindo;Colis�o traseira;Com V�timas Fatais;Plena Noite;Decrescente;C�u Claro;Dupla;"Reta;Aclive";N�o;3;1;0;0;1;2;0;4;-19,537263;-48,037105;SPRF-MG;DEL13-MG;UOP01-DEL13-MG;;;
734194;24/11/2025;segunda-feira;21:25:00;MT;158;528;AGUA BOA;Aus�ncia de rea��o do condutor;Tombamento;Sem V�timas;Plena Noite;Crescente;C�u Claro;Simples;Reta;N�o;2;0;0;0;1;3;0;4;-13,7669128;-52,0414432;SPRF-MT;DEL07-MT;UOP02-DEL07-MT;;;
734196;24/11/2025;segunda-feira;23:25:00;MG;381;661;SANTO ANTONIO DO AMPARO;Aus�ncia de rea��o do condutor;Colis�o traseira;Com V�timas Feridas;Plena Noite;Decrescente;C�u Claro;Dupla;Reta;N�o;4;0;1;0;2;1;1;3;-20,9909321;-44,95330811;SPRF-MG;DEL04-MG;UOP02-DEL04-MG;;;
734197;24/11/2025;segunda-feira;23:00:00;SP;381;32;ATIBAIA;Condutor Dormindo;Colis�o traseira;Com V�timas Feridas;Plena Noite;Crescente;C�u Claro;Dupla;Reta;N�o;5;0;3;0;1;1;3;3;-23,05109462;-46,56677183;SPRF-SP;DEL03-SP;UOP02-DEL03-SP;;;
734200;24/11/2025;segunda-feira;22:30:00;PE;110;109,3;SERTANIA;Pista esburacada;Sa�da de leito carro��vel;Com V�timas Feridas;Plena Noite;Crescente;C�u Claro;Simples;Reta;N�o;7;0;3;2;1;1;5;3;-8,419167;-37,39214;SPRF-PE;DEL04-PE;UOP02-DEL04-PE;;;
734203;24/11/2025;segunda-feira;23:10:00;ES;101;65,2;SAO MATEUS;Aus�ncia de rea��o do condutor;Colis�o traseira;Com V�timas Feridas;Plena Noite;Decrescente;Chuva;Simples;Reta;Sim;3;0;1;0;1;2;1;4;-18,7139114;-39,8782659;SPRF-ES;DEL04-ES;UOP02-DEL04-ES;;;
734205;24/11/2025;segunda-feira;23:15:00;SC;282;45,8;AGUAS MORNAS;Problema com o freio;Tombamento;Com V�timas Feridas;Plena Noite;Decrescente;Nublado;Simples;"Curva;Declive";N�o;3;0;2;0;0;12;2;13;-27,720797;-48,923813;SPRF-SC;DEL01-SC;UOP03-DEL01-SC;;;
734207;25/11/2025;ter�a-feira;00:45:00;BA;407;102;JAGUARARI;Pedestre andava na pista;Atropelamento de Pedestre;Com V�timas Fatais;Plena Noite;Crescente;C�u Claro;Simples;Reta;Sim;4;1;0;0;1;2;0;3;-10,2534021;-40,1942312;SPRF-BA;DEL04-BA;UOP01-DEL04-BA;;;
734210;25/11/2025;ter�a-feira;01:50:00;PR;277;285;PRUDENTOPOLIS;Acessar a via sem observar a presen�a dos outros ve�culos;Colis�o transversal;Sem V�timas;Plena Noite;Crescente;C�u Claro;Simples;Reta;N�o;3;0;0;0;2;1;0;3;-25,32154344;-50,96762324;SPRF-PR;DEL08-PR;UOP02-DEL08-PR;;;
734211;25/11/2025;ter�a-feira;01:30:00;BA;101;925;NOVA VICOSA;Transitar na contram�o;Tombamento;Com V�timas Feridas;Plena Noite;Crescente;Chuva;Simples;"Aclive;Reta";N�o;3;0;1;0;1;1;1;3;-17,927722;-39,834335;SPRF-BA;DEL09-BA;UOP02-DEL09-BA;;;
734212;25/11/2025;ter�a-feira;02:21:00;PB;230;49,5;SANTA RITA;Condutor Dormindo;Colis�o traseira;Com V�timas Feridas;Plena Noite;Crescente;C�u Claro;Dupla;Reta;N�o;3;0;0;1;1;1;1;3;-7,180047;-35,048147;SPRF-PB;DEL01-PB;UOP02-DEL01-PB;;;
734215;25/11/2025;ter�a-feira;03:40:00;BA;116;190;CANUDOS;Condutor Dormindo;Sa�da de leito carro��vel;Sem V�timas;Plena Noite;Crescente;C�u Claro;Simples;Reta;N�o;2;0;0;0;1;1;0;2;-10,16332;-39,10688;SPRF-BA;DEL07-BA;UOP03-DEL07-BA;;;
734216;17/09/2025;quarta-feira;22:40:00;BA;324;516;FEIRA DE SANTANA;Ingest�o de �lcool pelo condutor;Colis�o lateral sentido oposto;Com V�timas Feridas;Plena Noite;Crescente;C�u Claro;Simples;Reta;Sim;2;0;1;0;1;0;1;2;-12,252813;-38,932722;SPRF-BA;DEL02-BA;UOP01-DEL02-BA;;;
734218;24/11/2025;segunda-feira;18:00:00;MG;153;14,3;CENTRALINA;Velocidade Incompat�vel;Colis�o traseira;Sem V�timas;Pleno dia;Decrescente;Nublado;Dupla;"Reta;Declive";N�o;4;0;0;0;1;3;0;4;-18,5450472;-49,19397622;SPRF-MG;DEL15-MG;UOP03-DEL15-MG;;;
734220;25/11/2025;ter�a-feira;01:45:00;MG;381;690,9;LAVRAS;Problema com o freio;Inc�ndio;Sem V�timas;Plena Noite;Crescente;Nublado;Dupla;Reta;N�o;2;0;0;0;1;1;0;2;-21,2091296;-45,12346999;SPRF-MG;DEL04-MG;UOP02-DEL04-MG;;;
734222;25/11/2025;ter�a-feira;05:40:00;MG;381;351;JOAO MONLEVADE;Rea��o tardia ou ineficiente do condutor;Sa�da de leito carro��vel;Com V�timas Feridas;Amanhecer;Crescente;C�u Claro;Simples;Rotat�ria;Sim;2;0;1;0;0;1;1;2;-19,83886931;-43,18160087;SPRF-MG;DEL03-MG;UOP01-DEL03-MG;;;
734223;25/11/2025;ter�a-feira;05:00:00;SP;459;32;LORENA;Aus�ncia de rea��o do condutor;Tombamento;Com V�timas Feridas;Amanhecer;Decrescente;Nublado;Simples;Aclive;N�o;1;0;1;0;0;0;1;1;-22,74192234;-45,09213305;SPRF-SP;DEL08-SP;UOP02-DEL08-SP;;;
734224;25/11/2025;ter�a-feira;05:00:00;PR;277;151,4;BALSA NOVA;Rea��o tardia ou ineficiente do condutor;Colis�o com objeto;Com V�timas Feridas;Amanhecer;Crescente;Nublado;Simples;Reta;N�o;2;0;1;0;0;1;1;2;-25,46635;-49,76707;SPRF-PR;DEL03-PR;UOP03-DEL03-PR;;;
734225;25/11/2025;ter�a-feira;04:20:00;TO;242;431;FORMOSO DO ARAGUAIA;Estacionar ou parar em local proibido;Colis�o traseira;Sem V�timas;Plena Noite;Decrescente;Ignorado;Simples;Declive;N�o;4;0;0;0;1;3;0;4;-11,8888;-49,3585;SPRF-TO;DEL01-TO;UOP02-DEL01-TO;;;
734228;24/11/2025;segunda-feira;21:50:00;GO;60;326;ACREUNA;Aus�ncia de rea��o do condutor;Colis�o traseira;Com V�timas Feridas;Plena Noite;Crescente;C�u Claro;Dupla;Reta;N�o;4;0;3;0;0;1;3;2;-17,54635324;-50,51206961;SPRF-GO;DEL04-GO;UOP02-DEL04-GO;;;
734234;25/11/2025;ter�a-feira;05:05:00;BA;235;352;JUAZEIRO;Ultrapassagem Indevida;Colis�o traseira;Com V�timas Feridas;Amanhecer;Crescente;C�u Claro;Dupla;Reta;Sim;2;0;1;0;1;0;1;2;-9,4276;-40,5045;SPRF-PE;DEL06-PE;UOP01-DEL06-PE;;;
734236;24/11/2025;segunda-feira;18:15:00;MG;262;448;NOVA SERRANA;Suic�dio (presumido);Atropelamento de Pedestre;Com V�timas Fatais;Anoitecer;Crescente;C�u Claro;Simples;Reta;N�o;4;1;0;0;1;2;0;3;-19,832047;-45,06449;SPRF-MG;DEL08-MG;UOP03-DEL08-MG;;;
734237;25/11/2025;ter�a-feira;06:21:00;MS;163;267;DOURADOS;Mal s�bito do condutor;Colis�o transversal;Com V�timas Feridas;Pleno dia;Crescente;C�u Claro;Dupla;Reta;N�o;2;0;1;0;1;0;1;2;-22,20904667;-54,71066348;SPRF-MS;DEL04-MS;UOP01-DEL04-MS;;;
734239;25/11/2025;ter�a-feira;07:25:00;RS;290;91;PORTO ALEGRE;Condutor deixou de manter dist�ncia do ve�culo da frente;Colis�o traseira;Com V�timas Feridas;Pleno dia;Decrescente;C�u Claro;M�ltipla;Reta;N�o;2;0;1;0;1;0;1;2;-29,96869118;-51,16294384;SPRF-RS;DEL01-RS;UOP01-DEL01-RS;;;
734240;25/11/2025;ter�a-feira;06:59:00;SP;116;201;ARUJA;Rea��o tardia ou ineficiente do condutor;Engavetamento;Com V�timas Feridas;Pleno dia;Crescente;Nublado;Dupla;Reta;Sim;6;0;4;0;1;1;4;3;-23,41085451;-46,34846551;SPRF-SP;DEL01-SP;UOP01-DEL01-SP;;;
734242;25/11/2025;ter�a-feira;01:00:00;MG;262;49;MANHUACU;Rea��o tardia ou ineficiente do condutor;Sa�da de leito carro��vel;Com V�timas Feridas;Plena Noite;Decrescente;C�u Claro;Simples;Curva;N�o;2;0;1;0;0;2;1;3;-20,244226;-42,129531;SPRF-MG;DEL06-MG;UOP03-DEL06-MG;;;
734243;25/11/2025;ter�a-feira;08:00:00;RS;290;90;PORTO ALEGRE;Condutor deixou de manter dist�ncia do ve�culo da frente;Colis�o traseira;Com V�timas Feridas;Pleno dia;Decrescente;Nublado;Dupla;Reta;N�o;2;0;1;0;1;0;1;2;-29,96838001;-51,15769744;SPRF-RS;DEL01-RS;UOP01-DEL01-RS;;;