id;data_inversa;dia_semana;horario;uf;br;km;municipio;causa_acidente;tipo_acidente;classificacao_acidente;fase_dia;sentido_via;condicao_metereologica;tipo_pista;tracado_via;uso_solo;pessoas;mortos;feridos_leves;feridos_graves;ilesos;ignorados;feridos;veiculos;latitude;longitude;regional;delegacia;uop;;;
734247;25/11/2025;ter�a-feira;00:30:00;MA;135;5;BACABEIRA;Acumulo de �leo sobre o pavimento;Tombamento;Com V�timas Feridas;Plena Noite;Crescente;C�u Claro;Simples;Reta;N�o;1;0;1;0;0;0;1;1;-2,80031428;-44,37105562;SPRF-MA;DEL01-MA;UOP01-DEL01-MA;;;
734252;22/11/2025;s�bado;03:45:00;SC;470;171;POUSO REDONDO;Transitar na contram�o;Colis�o lateral sentido oposto;Sem V�timas;Amanhecer;Crescente;C�u Claro;Simples;"Aclive;Curva";Sim;2;0;0;0;1;1;0;2;-27,25754287;-49,90997521;SPRF-SC;DEL04-SC;UOP02-DEL04-SC;;;
734254;25/11/2025;ter�a-feira;07:00:00;MT;163;726;SORRISO;Transitar na contram�o;Colis�o frontal;Com V�timas Fatais;Pleno dia;Decrescente;Nublado;Simples;"Reta;Em Obras";N�o;7;1;0;0;5;3;0;7;-12,75242403;-55,83333492;SPRF-MT;DEL06-MT;UOP01-DEL06-MT;;;
734255;25/11/2025;ter�a-feira;06:20:00;MT;70;509;CUIABA;Entrada inopinada do pedestre;Atropelamento de Pedestre;Com V�timas Fatais;Pleno dia;Crescente;C�u Claro;Simples;"Reta;Em Obras";N�o;4;1;0;0;1;3;0;5;-15,69520351;-56,09045537;SPRF-MT;DEL01-MT;UOP02-DEL01-MT;;;
734258;25/11/2025;ter�a-feira;07:45:00;BA;101;66;ENTRE RIOS;Aus�ncia de rea��o do condutor;Colis�o traseira;Com V�timas Feridas;Pleno dia;Decrescente;Sol;Dupla;"Desvio Tempor�rio;Reta";N�o;3;0;1;0;1;1;1;3;-11,968584;-38,103904;SPRF-BA;DEL01-BA;UOP04-DEL01-BA;;;
734266;25/11/2025;ter�a-feira;08:05:00;PI;316;7,3;TERESINA;Demais falhas mec�nicas ou el�tricas;Inc�ndio;Sem V�timas;Pleno dia;Decrescente;Sol;M�ltipla;"Aclive;Reta";Sim;1;0;0;0;1;0;0;1;-5,2995487;-42,7099873;SPRF-PI;DEL01-PI;UOP02-DEL01-PI;;;
734272;25/11/2025;ter�a-feira;11:20:00;SC;470;121,5;IBIRAMA;Transitar na contram�o;Colis�o frontal;Com V�timas Fatais;Pleno dia;Decrescente;C�u Claro;Simples;Reta;N�o;3;1;0;0;1;2;0;4;-27,09910216;-49,52889913;SPRF-SC;DEL04-SC;UOP02-DEL04-SC;;;
734276;25/11/2025;ter�a-feira;12:04:00;ES;101;296;CARIACICA;Entrada inopinada do pedestre;Colis�o transversal;Com V�timas Feridas;Pleno dia;Decrescente;C�u Claro;Dupla;Reta;Sim;3;0;0;1;1;1;1;3;-20,340795;-40,40415;SPRF-ES;DEL01-ES;UOP01-DEL01-ES;;;
734281;25/11/2025;ter�a-feira;10:30:00;MG;40;628,5;CONSELHEIRO LAFAIETE;Rea��o tardia ou ineficiente do condutor;Colis�o traseira;Com V�timas Feridas;Pleno dia;Decrescente;C�u Claro;Dupla;Reta;Sim;3;0;1;0;1;1;1;3;-20,651219;-43,809125;SPRF-MG;DEL05-MG;UOP02-DEL05-MG;;;
734282;25/11/2025;ter�a-feira;12:05:00;AL;423;88;DELMIRO GOUVEIA;Acessar a via sem observar a presen�a dos outros ve�culos;Colis�o transversal;Sem V�timas;Pleno dia;Crescente;C�u Claro;Simples;Reta;N�o;2;0;0;0;2;0;0;2;-9,353098;-38,048786;SPRF-BA;DEL07-BA;UOP01-DEL07-BA;;;
734286;25/11/2025;ter�a-feira;11:30:00;MG;365;277;JOAO PINHEIRO;Problema na suspens�o;Tombamento;Com V�timas Feridas;Pleno dia;Crescente;Nublado;Simples;Reta;Sim;2;0;1;0;0;2;1;3;-17,98171738;-45,61074883;SPRF-MG;DEL10-MG;UOP02-DEL010-MG;;;
734288;25/11/2025;ter�a-feira;11:40:00;PE;316;10;ARARIPINA;Aus�ncia de rea��o do condutor;Sa�da de leito carro��vel;Com V�timas Feridas;Pleno dia;Crescente;Sol;Simples;"Declive;Curva";N�o;2;0;0;1;0;1;1;2;-7,490238;-40,589415;SPRF-PE;DEL05-PE;UOP02-DEL05-PE;;;
734290;25/11/2025;ter�a-feira;11:30:00;RJ;101;60;CAMPOS DOS GOYTACAZES;Acessar a via sem observar a presen�a dos outros ve�culos;Colis�o transversal;Sem V�timas;Pleno dia;Crescente;C�u Claro;Simples;Reta;Sim;3;0;0;0;1;2;0;3;-21,7214597;-41,31569322;SPRF-RJ;DEL08-RJ;UOP01-DEL08-RJ;;;
734292;25/11/2025;ter�a-feira;14:40:00;SP;116;78,4;ROSEIRA;Aus�ncia de rea��o do condutor;Engavetamento;Com V�timas Feridas;Pleno dia;Decrescente;C�u Claro;Dupla;Reta;N�o;5;0;0;1;3;2;1;5;-22,8905472;-45,28942108;SPRF-SP;DEL08-SP;UOP01-DEL08-SP;;;
734297;14/11/2025;sexta-feira;02:00:00;PR;277;2;PARANAGUA;Acessar a via sem observar a presen�a dos outros ve�culos;Colis�o transversal;Com V�timas Feridas;Plena Noite;Crescente;C�u Claro;Simples;Interse��o de Vias;Sim;2;0;1;0;1;0;1;2;-25,508021;-48,528426;SPRF-PR;DEL01-PR;UOP05-DEL01-PR;;;
734299;25/11/2025;ter�a-feira;15:15:00;BA;101;117;ALAGOINHAS;Acessar a via sem observar a presen�a dos outros ve�culos;Colis�o frontal;Com V�timas Feridas;Pleno dia;Crescente;Sol;Simples;Reta;N�o;5;0;1;1;2;3;2;6;-12,168808;-38,44775;SPRF-BA;DEL01-BA;UOP04-DEL01-BA;;;
734301;25/11/2025;ter�a-feira;11:45:00;MG;116;694,9;MURIAE;Velocidade Incompat�vel;Tombamento;Com V�timas Feridas;Pleno dia;Decrescente;C�u Claro;Simples;"Curva;Declive";N�o;2;0;0;1;0;1;1;2;-20,98535074;-42,35502139;SPRF-MG;DEL07-MG;UOP02-DEL07-MG;;;
734304;25/11/2025;ter�a-feira;14:10:00;MG;381;543,9;ITATIAIUCU;Condutor deixou de manter dist�ncia do ve�culo da frente;Colis�o traseira;Sem V�timas;Pleno dia;Crescente;C�u Claro;Dupla;"Aclive;Curva";N�o;6;0;0;0;4;2;0;4;-20,2811;-44,42845;SPRF-MG;DEL04-MG;UOP03-DEL04-MG;;;
734314;26/10/2025;domingo;03:34:00;RN;101;138,8;ARES;Rea��o tardia ou ineficiente do condutor;Colis�o traseira;Com V�timas Feridas;Plena Noite;Crescente;C�u Claro;Dupla;"Reta;Aclive";N�o;13;0;9;0;3;2;9;4;-6,192041;-35,213377;SPRF-RN;DEL01-RN;UOP01-DEL01-RN;;;
734317;25/11/2025;ter�a-feira;15:10:00;MS;158;338,5;BRASILANDIA;Acessar a via sem observar a presen�a dos outros ve�culos;Colis�o transversal;Com V�timas Feridas;Pleno dia;Crescente;C�u Claro;Simples;"Interse��o de Vias;Reta";Sim;3;0;0;1;1;1;1;3;-21,24834;-52,03247;SPRF-MS;DEL07-MS;UOP01-DEL07-MS;;;
734321;25/11/2025;ter�a-feira;15:40:00;BA;101;498;ITABUNA;Aus�ncia de rea��o do condutor;Engavetamento;Com V�timas Feridas;Pleno dia;Decrescente;C�u Claro;Simples;"Reta;Declive";N�o;11;0;2;0;9;0;2;3;-14,76747528;-39,29651856;SPRF-BA;DEL05-BA;UOP01-DEL05-BA;;;
734322;25/11/2025;ter�a-feira;11:30:00;MG;365;720;MONTE ALEGRE DE MINAS;Rea��o tardia ou ineficiente do condutor;Colis�o traseira;Com V�timas Feridas;Pleno dia;Crescente;C�u Claro;Simples;Aclive;N�o;7;0;5;0;2;0;5;2;-18,880608;-49,189925;SPRF-MG;DEL15-MG;UOP03-DEL15-MG;;;
734325;25/11/2025;ter�a-feira;15:00:00;MG;262;534,9;LUZ;Aus�ncia de rea��o do condutor;Colis�o traseira;Sem V�timas;Pleno dia;Crescente;C�u Claro;Simples;"Aclive;Curva";N�o;3;0;0;0;1;2;0;3;-19,73981;-45,85031;SPRF-MG;DEL08-MG;UOP02-DEL08-MG;;;
734326;25/11/2025;ter�a-feira;15:30:00;MG;365;341;VARJAO DE MINAS;Velocidade Incompat�vel;Sa�da de leito carro��vel;Com V�timas Feridas;Pleno dia;Crescente;Chuva;Simples;"Reta;Declive";N�o;1;0;1;0;0;0;1;1;-18,36017;-46,01881;SPRF-MG;DEL10-MG;UOP01-DEL10-MG;;;
734329;26/10/2025;domingo;08:45:00;RJ;116;311;RESENDE;Rea��o tardia ou ineficiente do condutor;Colis�o traseira;Com V�timas Feridas;Pleno dia;Crescente;Sol;Dupla;Curva;N�o;4;0;0;1;2;2;1;5;-22,46113231;-44,44396583;SPRF-RJ;DEL07-RJ;UOP02-DEL07-RJ;;;
734332;25/11/2025;ter�a-feira;17:45:00;PR;369;146,9;LONDRINA;Trafegar com motocicleta (ou similar) entre as faixas;Colis�o lateral mesmo sentido;Com V�timas Feridas;Pleno dia;Crescente;C�u Claro;Dupla;Reta;Sim;5;0;0;1;2;2;1;5;-23,2930743;-51,1315286;SPRF-PR;DEL07-PR;UOP01-DEL07-PR;;;
734334;25/11/2025;ter�a-feira;16:45:00;MG;381;855,9;POUSO ALEGRE;Aus�ncia de rea��o do condutor;Sa�da de leito carro��vel;Com V�timas Feridas;Pleno dia;Crescente;C�u Claro;Dupla;Reta;N�o;1;0;1;0;0;0;1;1;-22,28226634;-45,8955574;SPRF-MG;DEL16-MG;UOP01-DEL16-MG;;;
734341;25/11/2025;ter�a-feira;18:05:00;RJ;393;284,9;VOLTA REDONDA;Trafegar com motocicleta (ou similar) entre as faixas;Colis�o lateral mesmo sentido;Com V�timas Feridas;Anoitecer;Decrescente;C�u Claro;Simples;Reta;N�o;5;0;1;0;3;1;1;5;-22,49733243;-44,0719986;SPRF-RJ;DEL05-RJ;UOP04-DEL05-RJ;;;
734342;15/11/2025;s�bado;11:12:00;RO;364;275;CACOAL;Condutor deixou de manter dist�ncia do ve�culo da frente;Colis�o traseira;Com V�timas Feridas;Pleno dia;Crescente;C�u Claro;Simples;"Reta;Em Obras;Declive";N�o;4;0;1;0;2;5;1;8;-11,388063;-61,759069;SPRF-RO;DEL02-RO;UOP02-DEL02-RO;;;
734343;25/11/2025;ter�a-feira;17:30:00;PI;343;592;FLORIANO;Ultrapassagem Indevida;Colis�o lateral mesmo sentido;Com V�timas Feridas;Anoitecer;Decrescente;C�u Claro;Simples;Rotat�ria;N�o;4;0;0;2;1;3;2;5;-6,77718;-43,0331;SPRF-PI;DEL03-PI;UOP01-DEL03-PI;;;
734348;25/11/2025;ter�a-feira;17:20:00;RJ;116;315;RESENDE;Rea��o tardia ou ineficiente do condutor;Engavetamento;Com V�timas Feridas;Pleno dia;Crescente;C�u Claro;Dupla;Reta;N�o;5;0;1;0;3;1;1;4;-22,462767;-44,480942;SPRF-RJ;DEL07-RJ;UOP02-DEL07-RJ;;;
734349;25/11/2025;ter�a-feira;16:01:00;MT;70;281;PRIMAVERA DO LESTE;Ultrapassagem Indevida;Colis�o transversal;Com V�timas Feridas;Pleno dia;Decrescente;C�u Claro;Simples;Reta;Sim;2;0;1;1;0;0;2;2;-15,5769128;-54,3426267;SPRF-MT;DEL05-MT;UOP01-DEL05-MT;;;
734353;29/10/2025;quarta-feira;16:00:00;ES;262;33;DOMINGOS MARTINS;Transitar na contram�o;Colis�o lateral sentido oposto;Com V�timas Feridas;Pleno dia;Crescente;Ignorado;Simples;Curva;N�o;2;0;1;0;0;1;1;2;-20,3727536;-40,5602744;SPRF-ES;DEL01-ES;UOP01-DEL01-ES;;;
734358;25/11/2025;ter�a-feira;19:00:00;PE;116;76,9;CABROBO;Rea��o tardia ou ineficiente do condutor;Sa�da de leito carro��vel;Com V�timas Fatais;Plena Noite;Crescente;C�u Claro;Simples;Reta;N�o;1;1;0;0;0;0;0;1;-8,499971;-39,210081;SPRF-PE;DEL05-PE;UOP03-DEL05-PE;;;
734360;25/11/2025;ter�a-feira;18:55:00;PR;369;64;BANDEIRANTES;Rea��o tardia ou ineficiente do condutor;Colis�o lateral sentido oposto;Com V�timas Fatais;Plena Noite;Decrescente;C�u Claro;Simples;Reta;N�o;2;1;1;0;0;0;1;2;-23,132158;-50,432878;SPRF-PR;DEL07-PR;UOP05-DEL07-PR;;;
734365;25/11/2025;ter�a-feira;16:00:00;RO;364;571;ITAPUA DO OESTE;Manobra de mudan�a de faixa;Colis�o frontal;Com V�timas Feridas;Pleno dia;Crescente;Chuva;Simples;Reta;N�o;4;0;0;2;1;2;2;4;-9,20542632;-63,17652985;SPRF-RO;DEL01-RO;UOP04-DEL01-RO;;;
734366;25/11/2025;ter�a-feira;15:30:00;RO;364;569;ALTO PARAISO;Condutor deixou de manter dist�ncia do ve�culo da frente;Engavetamento;Com V�timas Feridas;Pleno dia;Crescente;Chuva;Simples;"Reta;Declive";N�o;5;0;2;0;2;5;2;8;-9,48270015;-63,09871468;SPRF-RO;DEL01-RO;UOP04-DEL01-RO;;;
734369;25/11/2025;ter�a-feira;18:00:00;MS;163;65;ELDORADO;Carga excessiva e/ou mal acondicionada;Colis�o lateral sentido oposto;Com V�timas Feridas;Anoitecer;Crescente;C�u Claro;Simples;"Reta;Em Obras;Declive";N�o;10;0;1;1;7;6;2;11;-23,5871938;-54,20800209;SPRF-MS;DEL09-MS;UOP02-DEL09-MS;;;
734371;25/11/2025;ter�a-feira;20:45:00;BA;116;247;QUIJINGUE;Afundamento ou ondula��o no pavimento;Tombamento;Com V�timas Fatais;Plena Noite;Crescente;C�u Claro;Simples;Reta;N�o;1;1;0;0;0;0;0;1;-10,763823;-38,899967;SPRF-BA;DEL07-BA;UOP03-DEL07-BA;;;
734375;25/11/2025;ter�a-feira;20:10:00;RJ;493;86;JAPERI;Rea��o tardia ou ineficiente do condutor;Sa�da de leito carro��vel;Com V�timas Feridas;Plena Noite;Crescente;C�u Claro;Dupla;Reta;N�o;2;0;1;0;0;1;1;2;-22,66461081;-43,63048553;SPRF-RJ;DEL01-RJ;UOP03-DEL01-RJ;;;
734379;25/11/2025;ter�a-feira;20:50:00;ES;101;68,5;SAO MATEUS;Ingest�o de �lcool pelo condutor;Colis�o frontal;Sem V�timas;Plena Noite;Crescente;Chuva;Simples;"Reta;Aclive";Sim;2;0;0;0;2;0;0;2;-18,73670022;-39,86082165;SPRF-ES;DEL04-ES;UOP02-DEL04-ES;;;
734383;25/11/2025;ter�a-feira;19:48:00;MT;163;602;NOVA MUTUM;Aus�ncia de rea��o do condutor;Tombamento;Sem V�timas;Plena Noite;Crescente;C�u Claro;Dupla;Reta;N�o;2;0;0;0;0;2;0;2;-13,77886803;-56,05874634;SPRF-MT;DEL01-MT;UOP01-DEL01-MT;;;
734385;25/11/2025;ter�a-feira;22:40:00;PA;163;617;TRAIRAO;Rea��o tardia ou ineficiente do condutor;Colis�o frontal;Com V�timas Fatais;Plena Noite;Crescente;Nublado;Simples;"Declive;Curva";N�o;2;1;0;0;0;1;0;2;-4,737657;-56,050615;SPRF-PA;DEL05-PA;UOP03-DEL05-PA;;;
734386;25/11/2025;ter�a-feira;22:08:00;RS;386;234,3;SOLEDADE;Rea��o tardia ou ineficiente do condutor;Colis�o traseira;Com V�timas Feridas;Plena Noite;Crescente;C�u Claro;Simples;"Reta;Em Obras";N�o;9;0;2;1;5;4;3;11;-28,72639;-52,55667;SPRF-RS;DEL04-RS;UOP03-DEL04-RS;;;
734387;25/11/2025;ter�a-feira;22:40:00;MG;381;946;EXTREMA;Demais falhas mec�nicas ou el�tricas;Inc�ndio;Sem V�timas;Plena Noite;Decrescente;Nublado;Dupla;Reta;N�o;1;0;0;0;1;0;0;1;-22,86526173;-46,34659767;SPRF-MG;DEL16-MG;UOP03-DEL16-MG;;;
734394;26/11/2025;quarta-feira;01:45:00;PR;376;434,1;TIBAGI;Condutor Dormindo;Colis�o com objeto;Com V�timas Feridas;Plena Noite;Crescente;C�u Claro;Dupla;"Declive;Curva";N�o;2;0;1;0;0;1;1;2;-24,80798636;-50,49077153;SPRF-PR;DEL03-PR;UOP02-DEL03-PR;;;
734397;26/11/2025;quarta-feira;03:30:00;SP;116;144;SAO JOSE DOS CAMPOS;Demais falhas mec�nicas ou el�tricas;Inc�ndio;Sem V�timas;Amanhecer;Decrescente;C�u Claro;Dupla;Reta;N�o;1;0;0;0;1;0;0;1;-23,18384834;-45,84823482;SPRF-SP;DEL02-SP;UOP01-DEL02-SP;;;
734400;26/11/2025;quarta-feira;05:00:00;GO;153;233;HIDROLINA;Aus�ncia de rea��o do condutor;Colis�o traseira;Com V�timas Fatais;Amanhecer;Crescente;C�u Claro;Simples;"Aclive;Reta";N�o;14;2;8;0;3;1;8;3;-14,77960353;-49,27151799;SPRF-GO;DEL07-GO;UOP02-DEL07-GO;;;
734401;26/11/2025;quarta-feira;05:33:00;ES;101;350;ANCHIETA;Avarias e/ou desgaste excessivo no pneu;Tombamento;Com V�timas Feridas;Amanhecer;Crescente;C�u Claro;Dupla;Reta;N�o;2;0;1;0;1;0;1;1;-20,6600383;-40,64919;SPRF-ES;DEL03-ES;UOP01-DEL03-ES;;;
734402;26/11/2025;quarta-feira;05:10:00;RN;304;76,6;MOSSORO;Manobra de mudan�a de faixa;Colis�o lateral sentido oposto;Com V�timas Feridas;Pleno dia;Decrescente;C�u Claro;Simples;Reta;N�o;2;0;1;0;0;1;1;2;-5,4498681;-37,1878454;SPRF-RN;DEL04-RN;UOP01-DEL04-RN;;;
734405;25/11/2025;ter�a-feira;22:40:00;MT;163;1102;GUARANTA DO NORTE;Rea��o tardia ou ineficiente do condutor;Tombamento;Com V�timas Feridas;Plena Noite;Crescente;C�u Claro;Simples;Curva;N�o;2;0;0;1;0;3;1;4;-9,65036;-54,87347;SPRF-MT;DEL06-MT;UOP03-DEL06-MT;;;
734413;26/11/2025;quarta-feira;07:07:00;SP;116;184;SANTA ISABEL;Ingest�o de �lcool pelo condutor;Colis�o lateral mesmo sentido;Com V�timas Feridas;Pleno dia;Crescente;C�u Claro;Dupla;Curva;N�o;2;0;1;0;1;0;1;2;-23,34926806;-46,17222309;SPRF-SP;DEL01-SP;UOP01-DEL01-SP;;;
734415;26/11/2025;quarta-feira;07:00:00;PR;277;660;MATELANDIA;Demais falhas mec�nicas ou el�tricas;Tombamento;Com V�timas Feridas;Pleno dia;Crescente;C�u Claro;Dupla;"Declive;Curva";N�o;2;0;1;0;1;0;1;2;-25,251975;-53,991257;SPRF-PR;DEL05-PR;UOP02-DEL05-PR;;;
734421;26/11/2025;quarta-feira;07:39:00;RS;386;243,7;SOLEDADE;Transitar na contram�o;Colis�o frontal;Com V�timas Fatais;Pleno dia;Crescente;Sol;Simples;Curva;N�o;4;1;0;0;2;1;0;4;-28,795017;-52,52046;SPRF-RS;DEL04-RS;UOP03-DEL04-RS;;;
734429;26/11/2025;quarta-feira;09:00:00;SP;381;32,8;ATIBAIA;Manobra de mudan�a de faixa;Colis�o lateral mesmo sentido;Com V�timas Feridas;Pleno dia;Crescente;C�u Claro;Dupla;Reta;N�o;3;0;1;0;1;1;1;2;-23,07996364;-46,56991728;SPRF-SP;DEL03-SP;UOP02-DEL03-SP;;;
734443;26/11/2025;quarta-feira;08:50:00;BA;101;836,9;PRADO;Problema com o freio;Tombamento;Com V�timas Feridas;Pleno dia;Crescente;Chuva;Simples;"Curva;Declive";N�o;3;0;1;1;0;1;2;2;-17,14555082;-39,56707478;SPRF-BA;DEL09-BA;UOP02-DEL09-BA;;;
734444;23/11/2025;domingo;13:00:00;MA;10;369;ITINGA DO MARANHAO;Demais falhas mec�nicas ou el�tricas;Inc�ndio;Sem V�timas;Pleno dia;Decrescente;C�u Claro;Simples;"Aclive;Reta";N�o;2;0;0;0;1;1;0;2;-4,52069455;-47,50430609;SPRF-MA;DEL04-MA;UOP03-DEL04-MA;;;
734446;25/11/2025;ter�a-feira;23:30:00;MG;40;169;JOAO PINHEIRO;Demais falhas mec�nicas ou el�tricas;Inc�ndio;Sem V�timas;Plena Noite;Crescente;C�u Claro;Simples;Curva;N�o;2;0;0;0;1;1;0;2;-17,81080235;-46,13330841;SPRF-MG;DEL14-MG;UOP02-DEL14-MG;;;
734451;26/11/2025;quarta-feira;08:10:00;RO;364;345;JI-PARANA;Acessar a via sem observar a presen�a dos outros ve�culos;Colis�o transversal;Com V�timas Feridas;Amanhecer;Decrescente;Garoa/Chuvisco;Simples;Reta;Sim;2;0;0;1;1;0;1;2;-10,86751394;-61,9664189;SPRF-RO;DEL02-RO;UOP01-DEL02-RO;;;
734452;26/11/2025;quarta-feira;09:00:00;RS;101;8,1;TORRES;Manobra de mudan�a de faixa;Colis�o lateral mesmo sentido;Com V�timas Feridas;Pleno dia;Crescente;Nublado;Dupla;"Reta;Retorno Regulamentado";Sim;2;0;0;1;1;0;1;2;-29,361482;-49,809178;SPRF-RS;DEL03-RS;UOP02-DEL03-RS;;;
734453;26/11/2025;quarta-feira;10:10:00;RS;392;235,8;CACAPAVA DO SUL;Aus�ncia de rea��o do condutor;Colis�o traseira;Com V�timas Feridas;Pleno dia;Decrescente;C�u Claro;Simples;"Reta;Em Obras";N�o;4;0;2;0;1;2;2;4;-30,62688941;-53,32362413;SPRF-RS;DEL09-RS;UOP02-DEL09-RS;;;
734456;26/11/2025;quarta-feira;10:40:00;MG;50;93,8;UBERLANDIA;Aus�ncia de rea��o do condutor;Colis�o traseira;Com V�timas Feridas;Pleno dia;Decrescente;C�u Claro;Dupla;Reta;N�o;2;0;0;1;1;0;1;2;-19,083595;-48,186322;SPRF-MG;DEL15-MG;UOP01-DEL15-MG;;;
734458;25/11/2025;ter�a-feira;07:45:00;SC;280;93,7;CORUPA;Aus�ncia de rea��o do condutor;Sa�da de leito carro��vel;Com V�timas Feridas;Pleno dia;Decrescente;C�u Claro;Simples;Curva;N�o;2;0;1;0;0;1;1;2;-26,386835;-49,302165;SPRF-SC;DEL06-SC;UOP03-DEL06-SC;;;
734459;26/11/2025;quarta-feira;11:00:00;RS;290;366,3;VILA NOVA DO SUL;Manobra de mudan�a de faixa;Colis�o frontal;Com V�timas Fatais;Pleno dia;Decrescente;C�u Claro;Simples;"Reta;Declive";N�o;3;2;0;0;0;2;0;4;-30,346784;-53,832463;SPRF-RS;DEL09-RS;UOP02-DEL09-RS;;;
734462;19/11/2025;quarta-feira;09:15:00;RJ;116;124,5;MAGE;Aus�ncia de rea��o do condutor;Colis�o com objeto;Com V�timas Fatais;Pleno dia;Crescente;C�u Claro;Dupla;Reta;Sim;3;1;1;0;0;1;1;3;-22,62527448;-43,04539333;SPRF-RJ;DEL04-RJ;UOP02-DEL04-RJ;;;
734467;29/10/2025;quarta-feira;16:30:00;RJ;116;226;PIRAI;Carga excessiva e/ou mal acondicionada;Tombamento;Com V�timas Feridas;Pleno dia;Decrescente;C�u Claro;Simples;"Declive;Curva";N�o;2;0;1;0;0;1;1;2;-22,6669551;-43,8411372;SPRF-RJ;DEL07-RJ;UOP01-DEL07-RJ;;;
734470;26/11/2025;quarta-feira;12:20:00;SP;116;326;JUQUITIBA;Rea��o tardia ou ineficiente do condutor;Colis�o frontal;Sem V�timas;Pleno dia;Decrescente;C�u Claro;Simples;"Reta;Aclive;Retorno Regulamentado";Sim;2;0;0;0;2;0;0;2;-23,93630377;-47,0699327;SPRF-SP;DEL04-SP;UOP03-DEL04-SP;;;
734471;26/11/2025;quarta-feira;11:20:00;SC;470;127,8;RIO DO SUL;Acessar a via sem observar a presen�a dos outros ve�culos;Colis�o transversal;Com V�timas Feridas;Pleno dia;Decrescente;C�u Claro;Simples;"Interse��o de Vias;Reta";N�o;2;0;1;0;1;0;1;2;-27,172226;-49,5811287;SPRF-SC;DEL04-SC;UOP02-DEL04-SC;;;
734474;26/11/2025;quarta-feira;12:00:00;PR;369;10;CAMBARA;Acessar a via sem observar a presen�a dos outros ve�culos;Colis�o transversal;Com V�timas Feridas;Pleno dia;Decrescente;C�u Claro;Simples;"Rotat�ria;Aclive";Sim;3;0;1;1;1;0;2;2;-23,03316;-50,06012;SPRF-PR;DEL07-PR;UOP05-DEL07-PR;;;
734475;26/11/2025;quarta-feira;11:11:00;PA;163;587;TRAIRAO;Manobra de mudan�a de faixa;Colis�o lateral mesmo sentido;Com V�timas Feridas;Pleno dia;Decrescente;Sol;Simples;Curva;N�o;2;0;1;0;0;1;1;2;-4,9316;-56,2008;SPRF-PA;DEL05-PA;UOP03-DEL05-PA;;;
734476;26/11/2025;quarta-feira;11:30:00;SC;282;383,1;HERVAL DOESTE;Transitar na contram�o;Colis�o traseira;Com V�timas Feridas;Pleno dia;Decrescente;Sol;Simples;"Aclive;Curva;Em Obras";N�o;5;0;1;0;3;1;1;5;-27,16;-51,4;SPRF-SC;DEL07-SC;UOP05-DEL07-SC;;;
734477;26/11/2025;quarta-feira;11:10:00;RS;101;80,2;OSORIO;Sinaliza��o mal posicionada;Atropelamento de Pedestre;Com V�timas Feridas;Pleno dia;Crescente;C�u Claro;Dupla;"Reta;Desvio Tempor�rio;Aclive;Em Obras";N�o;8;0;0;1;1;6;1;2;-29,83101139;-50,24691582;SPRF-RS;DEL03-RS;UOP01-DEL03-RS;;;
734479;26/11/2025;quarta-feira;10:00:00;RJ;40;112;DUQUE DE CAXIAS;Manobra de mudan�a de faixa;Colis�o lateral mesmo sentido;Com V�timas Feridas;Pleno dia;Crescente;C�u Claro;M�ltipla;Reta;Sim;2;0;1;0;1;0;1;2;-22,70688163;-43,29057212;SPRF-RJ;DEL01-RJ;UOP02-DEL01-RJ;;;
734480;26/11/2025;quarta-feira;07:00:00;MT;364;403;CUIABA;Condutor deixou de manter dist�ncia do ve�culo da frente;Queda de ocupante de ve�culo;Com V�timas Feridas;Pleno dia;Decrescente;Sol;Dupla;Declive;Sim;4;0;1;1;0;2;2;3;-15,65039;-55,9988;SPRF-MT;DEL01-MT;UOP02-DEL01-MT;;;
734481;26/11/2025;quarta-feira;12:00:00;SC;470;2,8;NAVEGANTES;Manobra de mudan�a de faixa;Colis�o lateral mesmo sentido;Com V�timas Feridas;Pleno dia;Crescente;Nublado;Dupla;Reta;N�o;3;0;0;1;1;1;1;3;-26,86372089;-48,67937922;SPRF-SC;DEL04-SC;UOP04-DEL04-SC;;;
734488;26/11/2025;quarta-feira;07:58:00;MG;251;434;GRAO MOGOL;Condutor Dormindo;Colis�o lateral sentido oposto;Com V�timas Feridas;Pleno dia;Decrescente;C�u Claro;Simples;Reta;N�o;3;0;0;1;1;1;1;3;-16,345165;-43,147813;SPRF-MG;DEL12-MG;UOP01-DEL12-MG;;;
734490;26/11/2025;quarta-feira;16:10:00;RJ;116;172;RIO DE JANEIRO;Aus�ncia de rea��o do condutor;Colis�o traseira;Sem V�timas;Pleno dia;Decrescente;C�u Claro;M�ltipla;Reta;N�o;2;0;0;0;2;0;0;2;-22,8193179;-43,3280969;SPRF-RJ;DEL06-RJ;UOP01-DEL06-RJ;;;
734496;26/11/2025;quarta-feira;16:00:00;GO;60;16;ALEXANIA;Rea��o tardia ou ineficiente do condutor;Colis�o transversal;Com V�timas Feridas;Pleno dia;Crescente;C�u Claro;Dupla;Reta;N�o;3;0;1;0;1;2;1;4;-16,113739;-48,36848;SPRF-DF;DEL03-DF;UOP01-DEL03-DF;;;
734497;26/11/2025;quarta-feira;17:10:00;SP;116;82,3;ROSEIRA;Condutor deixou de manter dist�ncia do ve�culo da frente;Colis�o traseira;Com V�timas Feridas;Pleno dia;Decrescente;Sol;Dupla;Reta;N�o;3;0;0;1;1;1;1;3;-22,90997812;-45,32042997;SPRF-SP;DEL08-SP;UOP01-DEL08-SP;;;