id;data_inversa;dia_semana;horario;uf;br;km;municipio;causa_acidente;tipo_acidente;classificacao_acidente;fase_dia;sentido_via;condicao_metereologica;tipo_pista;tracado_via;uso_solo;pessoas;mortos;feridos_leves;feridos_graves;ilesos;ignorados;feridos;veiculos;latitude;longitude;regional;delegacia;uop;;;
734893;16/10/2025;quinta-feira;14:30:00;PA;163;433;ITAITUBA;Rea��o tardia ou ineficiente do condutor;Sa�da de leito carro��vel;Com V�timas Feridas;Pleno dia;Crescente;Nublado;Simples;Curva;N�o;1;0;1;0;0;0;1;1;-6,0553207;-55,670774;SPRF-PA;DEL05-PA;UOP03-DEL05-PA;;;
734896;28/11/2025;sexta-feira;12:30:00;BA;101;262;SANTO ANTONIO DE JESUS;Acessar a via sem observar a presen�a dos outros ve�culos;Colis�o transversal;Sem V�timas;Pleno dia;Decrescente;C�u Claro;Simples;"Aclive;Interse��o de Vias;Retorno Regulamentado;Reta";Sim;2;0;0;0;1;1;0;2;-12,97594976;-39,27586317;SPRF-BA;DEL01-BA;UOP02-DEL01-BA;;;
734899;28/11/2025;sexta-feira;13:35:00;PR;277;645;CEU AZUL;Condutor deixou de manter dist�ncia do ve�culo da frente;Colis�o traseira;Com V�timas Feridas;Pleno dia;Crescente;Nublado;Simples;"Aclive;Reta";N�o;5;0;0;1;3;1;1;3;-25,17356685;-53,89615345;SPRF-PR;DEL05-PR;UOP02-DEL05-PR;;;
734900;28/11/2025;sexta-feira;13:20:00;PR;277;4,2;PARANAGUA;Aus�ncia de sinaliza��o;Colis�o transversal;Com V�timas Feridas;Pleno dia;Crescente;C�u Claro;Simples;"Reta;Interse��o de Vias";Sim;2;0;0;1;1;0;1;2;-25,53502434;-48,53038184;SPRF-PR;DEL01-PR;UOP05-DEL01-PR;;;
734907;28/11/2025;sexta-feira;09:40:00;MT;163;763;SORRISO;Rea��o tardia ou ineficiente do condutor;Engavetamento;Com V�timas Feridas;Pleno dia;Crescente;C�u Claro;Simples;Reta;N�o;3;0;1;0;2;0;1;3;-12,46735442;-55,67040816;SPRF-MT;DEL06-MT;UOP01-DEL06-MT;;;
734910;28/11/2025;sexta-feira;14:20:00;MG;381;749,5;TRES CORACOES;Aus�ncia de rea��o do condutor;Colis�o traseira;Com V�timas Feridas;Pleno dia;Decrescente;Sol;Dupla;"Reta;Aclive";N�o;4;0;0;1;1;3;1;5;-21,634705;-45,281091;SPRF-MG;DEL16-MG;UOP02-DEL16-MG;;;
734914;28/11/2025;sexta-feira;11:30:00;BA;116;731;BOA NOVA;Rea��o tardia ou ineficiente do condutor;Colis�o traseira;Com V�timas Feridas;Pleno dia;Decrescente;C�u Claro;Simples;Curva;N�o;4;0;2;0;1;1;2;3;-14,321905;-40,326209;SPRF-BA;DEL08-BA;UOP02-DEL08-BA;;;
734916;08/11/2025;s�bado;08:13:00;MT;163;696;SORRISO;Ingest�o de �lcool pelo condutor;Colis�o frontal;Com V�timas Feridas;Pleno dia;Decrescente;C�u Claro;Simples;Reta;N�o;4;0;2;0;0;3;2;5;-12,69775733;-55,81123752;SPRF-MT;DEL06-MT;UOP01-DEL06-MT;;;
734922;01/09/2025;segunda-feira;07:45:00;CE;116;17;EUSEBIO;Acessar a via sem observar a presen�a dos outros ve�culos;Colis�o transversal;Com V�timas Feridas;Pleno dia;Decrescente;C�u Claro;Dupla;Reta;Sim;4;0;0;1;2;1;1;3;-3,897243;-38,503127;SPRF-CE;DEL01-CE;UOP02-DEL01-CE;;;
734926;28/11/2025;sexta-feira;13:30:00;SC;101;121;ITAJAI;Velocidade Incompat�vel;Colis�o lateral mesmo sentido;Com V�timas Feridas;Pleno dia;Decrescente;Nublado;Dupla;Reta;Sim;3;0;1;0;1;2;1;4;-26,92115225;-48,70823038;SPRF-SC;DEL04-SC;UOP04-DEL04-SC;;;
734933;28/11/2025;sexta-feira;15:30:00;PR;277;73,9;SAO JOSE DOS PINHAIS;Estacionar ou parar em local proibido;Colis�o traseira;Com V�timas Feridas;Pleno dia;Crescente;C�u Claro;Dupla;Reta;Sim;2;0;1;0;1;0;1;2;-25,4976;-49,159;SPRF-PR;DEL01-PR;UOP07-DEL01-PR;;;
734941;28/11/2025;sexta-feira;14:30:00;MT;364;551;ROSARIO OESTE;Chuva;Colis�o transversal;Com V�timas Feridas;Pleno dia;Crescente;Chuva;Dupla;Reta;N�o;3;0;1;1;0;3;2;5;-14,784474;-56,385853;SPRF-MT;DEL01-MT;UOP01-DEL01-MT;;;
734948;28/11/2025;sexta-feira;15:30:00;GO;20;16,7;FORMOSA;Demais falhas mec�nicas ou el�tricas;Eventos at�picos;Sem V�timas;Pleno dia;Crescente;Sol;Simples;Reta;N�o;2;0;0;0;1;2;0;3;-15,561018;-47,21031;SPRF-DF;DEL02-DF;UOP02-DEL02-DF;;;
734950;28/11/2025;sexta-feira;17:00:00;MG;381;343;JOAO MONLEVADE;Rea��o tardia ou ineficiente do condutor;Colis�o frontal;Sem V�timas;Pleno dia;Crescente;Chuva;Simples;"Declive;Curva";N�o;4;0;0;0;3;1;0;4;-19,828;-43,131;SPRF-MG;DEL03-MG;UOP01-DEL03-MG;;;
734957;28/11/2025;sexta-feira;16:00:00;PR;116;197;RIO NEGRO;Curva acentuada;Colis�o lateral sentido oposto;Com V�timas Feridas;Pleno dia;Decrescente;Chuva;Simples;Curva;N�o;10;0;5;1;3;2;6;6;-26,05342508;-49,70957547;SPRF-SC;DEL06-SC;UOP01-DEL06-SC;;;
734960;28/11/2025;sexta-feira;16:30:00;SC;282;0,3;FLORIANOPOLIS;Condutor deixou de manter dist�ncia do ve�culo da frente;Colis�o traseira;Com V�timas Feridas;Pleno dia;Crescente;Chuva;M�ltipla;Reta;N�o;4;0;1;0;1;2;1;4;-27,599105;-48,5752;SPRF-SC;DEL01-SC;UOP01-DEL01-SC;;;
734961;28/11/2025;sexta-feira;16:20:00;PR;476;202;LAPA;Ultrapassagem Indevida;Colis�o frontal;Com V�timas Fatais;Pleno dia;Crescente;C�u Claro;Simples;Reta;N�o;3;1;0;0;1;1;0;3;-25,77531517;-49,76411819;SPRF-PR;DEL01-PR;UOP06-DEL01-PR;;;
734964;28/11/2025;sexta-feira;18:15:00;MG;381;391;BOM JESUS DO AMPARO;Velocidade Incompat�vel;Tombamento;Com V�timas Feridas;Anoitecer;Decrescente;C�u Claro;Dupla;"Declive;Curva";N�o;1;0;1;0;0;0;1;1;-19,758293;-43,469877;SPRF-MG;DEL01-MG;UOP01-DEL01-MG;;;
734967;28/11/2025;sexta-feira;15:30:00;PR;277;201;PALMEIRA;Acessar a via sem observar a presen�a dos outros ve�culos;Colis�o transversal;Com V�timas Feridas;Pleno dia;Decrescente;C�u Claro;Simples;Reta;N�o;5;0;2;0;2;1;2;3;-25,46356011;-50,22683144;SPRF-PR;DEL08-PR;UOP02-DEL08-PR;;;
734968;28/11/2025;sexta-feira;18:05:00;BA;324;602,4;SIMOES FILHO;Rea��o tardia ou ineficiente do condutor;Colis�o traseira;Com V�timas Feridas;Plena Noite;Crescente;C�u Claro;Dupla;Reta;N�o;3;0;1;0;2;0;1;2;-12,778781;-38,41644;SPRF-BA;DEL01-BA;UOP01-DEL01-BA;;;
734971;28/11/2025;sexta-feira;15:40:00;AC;364;123;RIO BRANCO;Acessar a via sem observar a presen�a dos outros ve�culos;Colis�o lateral mesmo sentido;Com V�timas Feridas;Pleno dia;Crescente;C�u Claro;Dupla;Retorno Regulamentado;Sim;2;0;1;0;1;0;1;2;-10,011703;-67,782207;SPRF-AC;DEL01-AC;UOP01-DEL01-AC;;;
734977;28/11/2025;sexta-feira;18:05:00;PR;277;728;FOZ DO IGUACU;Velocidade Incompat�vel;Colis�o traseira;Com V�timas Feridas;Pleno dia;Crescente;C�u Claro;Dupla;Reta;Sim;2;0;1;0;1;0;1;2;-25,50995837;-54,56762195;SPRF-PR;DEL05-PR;UOP03-DEL05-PR;;;
734981;28/11/2025;sexta-feira;16:05:00;MG;381;278;JAGUARACU;Objeto est�tico sobre o leito carro��vel;Colis�o com objeto;Com V�timas Feridas;Pleno dia;Crescente;Nublado;Simples;"Declive;Reta";N�o;2;0;1;0;1;0;1;2;-19,60248787;-42,75599957;SPRF-MG;DEL03-MG;UOP02-DEL03-MG;;;
734983;28/11/2025;sexta-feira;17:45:00;RS;293;142;CANDIOTA;Ultrapassagem Indevida;Colis�o lateral mesmo sentido;Com V�timas Feridas;Pleno dia;Decrescente;C�u Claro;Simples;Reta;N�o;6;0;0;4;1;1;4;3;-31,4292144;-53,7088676;SPRF-RS;DEL11-RS;UOP03-DEL11-RS;;;
734985;06/11/2025;quinta-feira;08:35:00;SC;280;69,5;JARAGUA DO SUL;Transitar na contram�o;Colis�o frontal;Com V�timas Fatais;Pleno dia;Decrescente;C�u Claro;Simples;Reta;Sim;3;1;1;0;1;0;1;3;-26,465438;-49,125758;SPRF-SC;DEL03-SC;UOP03-DEL03-SC;;;
734986;28/11/2025;sexta-feira;16:49:00;PE;101;63;RECIFE;Aus�ncia de rea��o do condutor;Colis�o traseira;Com V�timas Feridas;Anoitecer;Decrescente;C�u Claro;Dupla;Viaduto;Sim;4;0;1;0;2;1;1;3;-8,01737364;-34,94111245;SPRF-PE;DEL01-PE;UOP01-DEL01-PE;;;
734987;28/11/2025;sexta-feira;19:00:00;MG;381;627;OLIVEIRA;Pedestre andava na pista;Atropelamento de Pedestre;Com V�timas Fatais;Plena Noite;Decrescente;Nublado;Dupla;Reta;N�o;3;1;0;0;1;1;0;3;-20,80325428;-44,79039431;SPRF-MG;DEL04-MG;UOP01-DEL04-MG;;;
734995;28/11/2025;sexta-feira;11:45:00;PR;280;267,3;MARMELEIRO;Ultrapassagem Indevida;Colis�o lateral mesmo sentido;Com V�timas Feridas;Pleno dia;Decrescente;C�u Claro;Simples;Reta;N�o;3;0;2;0;1;0;2;2;-26,215105;-53,117855;SPRF-PR;DEL02-PR;UOP01-DEL02-PR;;;
734999;28/11/2025;sexta-feira;19:55:00;GO;40;96,2;CRISTALINA;Acessar a via sem observar a presen�a dos outros ve�culos;Colis�o transversal;Com V�timas Feridas;Plena Noite;Decrescente;C�u Claro;Simples;"Interse��o de Vias;Reta";Sim;2;0;0;1;1;0;1;2;-16,77379331;-47,58780599;SPRF-DF;DEL01-DF;UOP02-DEL01-DF;;;
735007;28/11/2025;sexta-feira;18:02:00;MT;163;787;VERA;Rea��o tardia ou ineficiente do condutor;Tombamento;Sem V�timas;Anoitecer;Crescente;C�u Claro;Simples;"Desvio Tempor�rio;Em Obras";N�o;2;0;0;0;0;2;0;2;-12,17242076;-55,34379959;SPRF-MT;DEL06-MT;UOP02-DEL06-MT;;;
735017;28/11/2025;sexta-feira;21:15:00;SP;116;179;GUARAREMA;Retorno proibido;Colis�o transversal;Com V�timas Feridas;Plena Noite;Decrescente;Nublado;Dupla;Reta;N�o;3;0;1;0;1;1;1;3;-23,33167034;-46,13548486;SPRF-SP;DEL01-SP;UOP01-DEL01-SP;;;
735020;28/11/2025;sexta-feira;16:20:00;PI;316;236,4;INHUMA;Rea��o tardia ou ineficiente do condutor;Tombamento;Com V�timas Feridas;Pleno dia;Crescente;C�u Claro;Simples;"Reta;Declive";N�o;2;0;1;0;0;1;1;2;-6,62;-41,72244;SPRF-PI;DEL04-PI;UOP02-DEL04-PI;;;
735022;28/11/2025;sexta-feira;18:30:00;MG;251;319;SALINAS;Rea��o tardia ou ineficiente do condutor;Tombamento;Com V�timas Feridas;Plena Noite;Decrescente;Nublado;Simples;"Curva;Declive";N�o;2;0;1;0;0;1;1;2;-16,174331;-42,331973;SPRF-MG;DEL12-MG;UOP02-DEL12-MG;;;
735025;28/11/2025;sexta-feira;21:00:00;PR;277;21,2;MORRETES;Aus�ncia de rea��o do condutor;Tombamento;Com V�timas Feridas;Plena Noite;Crescente;Chuva;Dupla;Curva;N�o;2;0;1;0;0;1;1;2;-25,531683;-48,717712;SPRF-PR;DEL01-PR;UOP05-DEL01-PR;;;
735028;28/11/2025;sexta-feira;18:40:00;MT;364;202,7;RONDONOPOLIS;Acessar a via sem observar a presen�a dos outros ve�culos;Colis�o traseira;Com V�timas Feridas;Plena Noite;Crescente;C�u Claro;Dupla;Reta;Sim;4;0;1;0;2;4;1;7;-16,473695;-54,65429;SPRF-MT;DEL02-MT;UOP01-DEL02-MT;;;
735034;28/11/2025;sexta-feira;16:20:00;MG;116;225;CATUJI;Carga excessiva e/ou mal acondicionada;Tombamento;Com V�timas Feridas;Pleno dia;Crescente;C�u Claro;Simples;"Curva;Declive";N�o;1;0;1;0;0;0;1;1;-17,45042;-41,501787;SPRF-MG;DEL11-MG;UOP01-DEL11-MG;;;
735038;28/11/2025;sexta-feira;20:00:00;MT;163;577,9;NOVA MUTUM;Rea��o tardia ou ineficiente do condutor;Colis�o traseira;Com V�timas Feridas;Plena Noite;Crescente;Garoa/Chuvisco;Dupla;Reta;N�o;4;0;0;2;1;2;2;4;-13,999757;-56,097405;SPRF-MT;DEL01-MT;UOP01-DEL01-MT;;;
735039;28/11/2025;sexta-feira;21:35:00;BA;242;805;BARREIRAS;Aus�ncia de rea��o do condutor;Colis�o traseira;Com V�timas Feridas;Plena Noite;Crescente;C�u Claro;Simples;"Reta;Declive";N�o;3;0;0;1;1;1;1;3;-12,15417691;-44,88343549;SPRF-BA;DEL10-BA;UOP01-DEL10-BA;;;
735050;28/11/2025;sexta-feira;23:00:00;PR;277;314;GUARAPUAVA;Manobra de mudan�a de faixa;Colis�o frontal;Com V�timas Fatais;Plena Noite;Crescente;C�u Claro;Simples;"Curva;Declive";N�o;7;1;1;3;2;0;4;4;-25,3074;-51,2105;SPRF-PR;DEL08-PR;UOP01-DEL08-PR;;;
735051;28/11/2025;sexta-feira;23:45:00;PB;230;146;CAMPINA GRANDE;Aus�ncia de rea��o do condutor;Colis�o traseira;Com V�timas Feridas;Plena Noite;Crescente;Garoa/Chuvisco;Dupla;Reta;N�o;2;0;1;0;1;0;1;2;-7,242352;-35,856888;SPRF-PB;DEL02-PB;UOP01-DEL02-PB;;;
735052;28/11/2025;sexta-feira;22:30:00;PR;153;346;REBOUCAS;Transitar na contram�o;Colis�o frontal;Com V�timas Fatais;Plena Noite;Crescente;C�u Claro;Simples;Reta;N�o;2;1;0;0;1;0;0;2;-25,589319;-50,683956;SPRF-PR;DEL08-PR;UOP02-DEL08-PR;;;
735065;29/11/2025;s�bado;02:00:00;PR;277;48;MORRETES;Ingest�o de �lcool pelo condutor;Colis�o traseira;Sem V�timas;Plena Noite;Decrescente;Nublado;M�ltipla;Reta;N�o;4;0;0;0;2;2;0;3;-25,59175469;-48,91728848;SPRF-PR;DEL01-PR;UOP05-DEL01-PR;;;
735066;29/11/2025;s�bado;02:35:00;ES;259;38,3;COLATINA;Rea��o tardia ou ineficiente do condutor;Colis�o traseira;Com V�timas Feridas;Plena Noite;Crescente;C�u Claro;Simples;Reta;N�o;2;0;1;0;0;1;1;2;-19,56368925;-40,49945574;SPRF-ES;DEL02-ES;UOP01-DEL02-ES;;;
735067;29/11/2025;s�bado;02:30:00;PR;153;332;IRATI;Acessar a via sem observar a presen�a dos outros ve�culos;Colis�o transversal;Com V�timas Feridas;Plena Noite;Decrescente;C�u Claro;Simples;Reta;N�o;3;0;0;1;1;2;1;4;-25,4721432;-50,6369571;SPRF-PR;DEL08-PR;UOP02-DEL08-PR;;;
735068;29/11/2025;s�bado;01:40:00;PR;277;70;SAO JOSE DOS PINHAIS;Aus�ncia de rea��o do condutor;Colis�o traseira;Com V�timas Feridas;Plena Noite;Crescente;Nublado;Dupla;Reta;N�o;3;0;0;1;1;3;1;5;-25,51108322;-49,1288587;SPRF-PR;DEL01-PR;UOP01-DEL01-PR;;;
735069;28/11/2025;sexta-feira;23:40:00;SP;381;49;ATIBAIA;Demais falhas mec�nicas ou el�tricas;Inc�ndio;Sem V�timas;Plena Noite;Decrescente;C�u Claro;Dupla;"Aclive;Reta";Sim;1;0;0;0;1;0;0;1;-23,21235615;-46,59289151;SPRF-SP;DEL03-SP;UOP01-DEL03-SP;;;
735070;29/11/2025;s�bado;02:50:00;PR;277;137;CAMPO LARGO;Demais falhas mec�nicas ou el�tricas;Inc�ndio;Sem V�timas;Plena Noite;Crescente;Nublado;Dupla;"Aclive;Reta";N�o;1;0;0;0;1;0;0;1;-25,458345;-49,642365;SPRF-PR;DEL03-PR;UOP03-DEL03-PR;;;
735091;29/11/2025;s�bado;05:30:00;PA;163;990;SANTAREM;Aus�ncia de rea��o do condutor;Colis�o frontal;Sem V�timas;Amanhecer;Decrescente;Nublado;Simples;Reta;N�o;3;0;0;0;2;1;0;2;-2,55870114;-54,7220403;SPRF-PA;DEL05-PA;UOP01-DEL05-PA;;;
735092;29/11/2025;s�bado;05:30:00;SC;470;147;RIO DO SUL;Manobra de mudan�a de faixa;Colis�o lateral sentido oposto;Sem V�timas;Amanhecer;Decrescente;C�u Claro;Simples;Reta;Sim;3;0;0;0;2;1;0;3;-27,2407462;-49,6852658;SPRF-SC;DEL04-SC;UOP02-DEL04-SC;;;
735103;29/11/2025;s�bado;05:50:00;MT;70;516;VARZEA GRANDE;Aus�ncia de rea��o do condutor;Colis�o lateral sentido oposto;Com V�timas Feridas;Amanhecer;Decrescente;Ignorado;Simples;Reta;Sim;3;0;1;0;1;2;1;4;-15,70095;-56,16226;SPRF-MT;DEL01-MT;UOP02-DEL01-MT;;;
735105;29/11/2025;s�bado;05:00:00;RO;364;234,9;CACOAL;Estacionar ou parar em local proibido;Colis�o traseira;Com V�timas Feridas;Amanhecer;Decrescente;C�u Claro;Simples;Reta;Sim;3;0;0;1;1;2;1;4;-11,451737;-61,429197;SPRF-RO;DEL02-RO;UOP02-DEL02-RO;;;
735106;29/11/2025;s�bado;03:30:00;PA;230;35;BREJO GRANDE DO ARAGUAIA;Manobra de mudan�a de faixa;Colis�o frontal;Com V�timas Fatais;Plena Noite;Crescente;Ignorado;Simples;Declive;N�o;3;1;1;0;0;2;1;4;-5,612582;-48,437008;SPRF-PA;DEL03-PA;UOP01-DEL03-PA;;;
735109;29/11/2025;s�bado;05:00:00;PI;135;508,1;GILBUES;Transitar na contram�o;Colis�o frontal;Com V�timas Fatais;Amanhecer;Decrescente;C�u Claro;Simples;Reta;N�o;2;1;0;0;1;0;0;2;-9,775747;-45,322028;SPRF-PI;DEL03-PI;UOP02-DEL03-PI;;;
735111;17/11/2025;segunda-feira;07:20:00;SP;116;467;REGISTRO;Rea��o tardia ou ineficiente do condutor;Sa�da de leito carro��vel;Com V�timas Feridas;Pleno dia;Decrescente;Garoa/Chuvisco;Dupla;Reta;N�o;1;0;1;0;0;0;1;1;-24,4711424;-47,8216192;SPRF-SP;DEL05-SP;UOP01-DEL05-SP;;;
735113;29/11/2025;s�bado;01:35:00;RO;364;413,8;JARU;Aus�ncia de rea��o do condutor;Tombamento;Com V�timas Feridas;Plena Noite;Decrescente;C�u Claro;Simples;Curva;N�o;3;0;1;0;1;1;1;2;-10,50726077;-62,40756735;SPRF-RO;DEL03-RO;UOP02-DEL03-RO;;;
735115;29/11/2025;s�bado;07:30:00;ES;101;350;ANCHIETA;Velocidade Incompat�vel;Sa�da de leito carro��vel;Com V�timas Fatais;Pleno dia;Crescente;C�u Claro;M�ltipla;Reta;N�o;3;1;0;0;0;2;0;3;-20,6596807;-40,64847197;SPRF-ES;DEL03-ES;UOP01-DEL03-ES;;;
735118;31/10/2025;sexta-feira;21:30:00;ES;101;2;PEDRO CANARIO;Acesso irregular;Colis�o transversal;Com V�timas Feridas;Plena Noite;Crescente;C�u Claro;Simples;Declive;N�o;3;0;0;1;1;2;1;4;-18,193239;-39,92292;SPRF-ES;DEL04-ES;UOP02-DEL04-ES;;;
735127;29/11/2025;s�bado;08:15:00;PR;277;285;PRUDENTOPOLIS;Acessar a via sem observar a presen�a dos outros ve�culos;Colis�o transversal;Com V�timas Feridas;Pleno dia;Crescente;Sol;Simples;"Reta;Aclive";N�o;3;0;1;0;1;2;1;4;-25,3209364;-50,9714261;SPRF-PR;DEL08-PR;UOP02-DEL08-PR;;;
735130;28/11/2025;sexta-feira;22:30:00;PA;308;180;TRACUATEUA;Animais na Pista;Tombamento;Com V�timas Feridas;Plena Noite;Crescente;C�u Claro;Dupla;Curva;N�o;2;0;1;0;0;1;1;2;-1,07194;-46,8969;SPRF-PA;DEL01-PA;UOP03-DEL01-PA;;;
735134;29/11/2025;s�bado;09:10:00;PR;373;173,5;PONTA GROSSA;Trafegar com motocicleta (ou similar) entre as faixas;Colis�o lateral mesmo sentido;Com V�timas Feridas;Pleno dia;Decrescente;C�u Claro;Dupla;Reta;N�o;3;0;1;0;1;1;1;3;-25,07963701;-50,20365564;SPRF-PR;DEL03-PR;UOP01-DEL03-PR;;;
735137;29/11/2025;s�bado;08:40:00;MS;267;154;NOVA ANDRADINA;Aus�ncia de sinaliza��o;Colis�o traseira;Sem V�timas;Pleno dia;Crescente;C�u Claro;Simples;Aclive;N�o;3;0;0;0;2;3;0;5;-21,67842655;-53,39977741;SPRF-MS;DEL02-MS;UOP03-DEL02-MS;;;
735143;29/11/2025;s�bado;08:40:00;CE;116;192,8;LIMOEIRO DO NORTE;Velocidade Incompat�vel;Tombamento;Com V�timas Feridas;Pleno dia;Decrescente;C�u Claro;Simples;Curva;N�o;2;0;1;0;0;1;1;2;-5,14219063;-38,1592539;SPRF-CE;DEL03-CE;UOP01-DEL03-CE;;;
735147;29/11/2025;s�bado;10:10:00;RN;427;7,9;CURRAIS NOVOS;Rea��o tardia ou ineficiente do condutor;Tombamento;Com V�timas Feridas;Pleno dia;Crescente;C�u Claro;Simples;"Declive;Curva";N�o;2;0;0;1;0;1;1;2;-6,32955397;-36,54232264;SPRF-RN;DEL03-RN;UOP02-DEL03-RN;;;
735152;29/11/2025;s�bado;11:20:00;MG;365;452;PATROCINIO;Acessar a via sem observar a presen�a dos outros ve�culos;Colis�o traseira;Com V�timas Feridas;Pleno dia;Decrescente;C�u Claro;Simples;Reta;N�o;2;0;0;1;1;0;1;2;-18,83299948;-46,82574021;SPRF-MG;DEL10-MG;UOP01-DEL10-MG;;;
735154;29/11/2025;s�bado;06:00:00;MG;116;18;CACHOEIRA DE PAJEU;Demais Fen�menos da natureza;Inc�ndio;Sem V�timas;Pleno dia;Decrescente;C�u Claro;Simples;Reta;N�o;3;0;0;0;2;1;0;2;-15,95197044;-41,40347648;SPRF-BA;DEL08-BA;UOP03-DEL08-BA;;;
735155;29/11/2025;s�bado;08:00:00;PA;316;195;SANTA LUZIA DO PARA;Carga excessiva e/ou mal acondicionada;Sa�da de leito carro��vel;Com V�timas Feridas;Pleno dia;Decrescente;Sol;Simples;Reta;N�o;2;0;2;0;0;0;2;1;-1,508802;-46,912705;SPRF-PA;DEL01-PA;UOP03-DEL01-PA;;;
735167;29/11/2025;s�bado;11:20:00;SC;470;176,2;POUSO REDONDO;Velocidade Incompat�vel;Colis�o frontal;Com V�timas Fatais;Pleno dia;Decrescente;Sol;Simples;"Reta;Aclive";N�o;4;2;0;0;1;2;0;4;-27,252542;-49,95397568;SPRF-SC;DEL04-SC;UOP02-DEL04-SC;;;
735183;29/11/2025;s�bado;13:30:00;PR;277;35,9;MORRETES;Rea��o tardia ou ineficiente do condutor;Atropelamento de Pedestre;Com V�timas Fatais;Pleno dia;Crescente;C�u Claro;Dupla;Reta;Sim;4;1;0;0;1;3;0;5;-25,57204007;-48,83577347;SPRF-PR;DEL01-PR;UOP05-DEL01-PR;;;
735184;29/11/2025;s�bado;13:45:00;BA;116;335,2;TEOFILANDIA;Afundamento ou ondula��o no pavimento;Colis�o lateral sentido oposto;Com V�timas Fatais;Pleno dia;Decrescente;Sol;Simples;Aclive;N�o;3;1;0;0;1;3;0;5;-11,460836;-38,987808;SPRF-BA;DEL02-BA;UOP01-DEL02-BA;;;
735185;29/11/2025;s�bado;12:00:00;MA;135;111;ITAPECURU MIRIM;Aus�ncia de rea��o do condutor;Colis�o traseira;Com V�timas Fatais;Pleno dia;Crescente;C�u Claro;Simples;Reta;N�o;3;1;0;0;2;0;0;2;-3,44214;-44,52323;SPRF-MA;DEL01-MA;UOP02-DEL01-MA;;;
735187;29/11/2025;s�bado;13:50:00;RJ;116;281;BARRA MANSA;Aus�ncia de sinaliza��o;Colis�o traseira;Com V�timas Feridas;Pleno dia;Crescente;C�u Claro;Simples;"Em Obras;Curva";N�o;8;0;6;0;1;1;6;3;-22,56276473;-44,15951371;SPRF-RJ;DEL07-RJ;UOP02-DEL07-RJ;;;
735192;29/11/2025;s�bado;14:50:00;MG;381;356;JOAO MONLEVADE;Transitar na contram�o;Colis�o frontal;Com V�timas Fatais;Pleno dia;Decrescente;C�u Claro;Simples;Curva;N�o;9;4;1;2;1;1;3;3;-19,8499845;-43,1510501;SPRF-MG;DEL03-MG;UOP01-DEL03-MG;;;
735194;29/11/2025;s�bado;14:30:00;SC;101;203,1;SAO JOSE;Manobra de mudan�a de faixa;Colis�o lateral mesmo sentido;Com V�timas Feridas;Pleno dia;Decrescente;C�u Claro;M�ltipla;"Curva;Aclive";Sim;3;0;0;1;0;2;1;3;-27,5670055;-48,614319;SPRF-SC;DEL01-SC;UOP01-DEL01-SC;;;
735199;29/11/2025;s�bado;12:00:00;RJ;101;290;ITABORAI;Demais falhas mec�nicas ou el�tricas;Colis�o lateral mesmo sentido;Com V�timas Feridas;Pleno dia;Decrescente;C�u Claro;Simples;Reta;N�o;4;0;1;0;3;0;1;2;-22,76779262;-42,86281586;SPRF-RJ;DEL02-RJ;UOP02-DEL02-RJ;;;
735231;29/11/2025;s�bado;16:50:00;MG;251;398,3;GRAO MOGOL;Velocidade Incompat�vel;Sa�da de leito carro��vel;Com V�timas Feridas;Pleno dia;Decrescente;Nublado;Simples;"Declive;Curva";N�o;3;0;2;0;0;1;2;2;-16,21374985;-42,87942338;SPRF-MG;DEL12-MG;UOP01-DEL12-MG;;;
735232;29/11/2025;s�bado;13:05:00;BA;116;745,5;POCOES;Rea��o tardia ou ineficiente do condutor;Colis�o traseira;Com V�timas Feridas;Pleno dia;Decrescente;C�u Claro;Simples;Reta;N�o;5;0;1;0;3;4;1;8;-14,44139;-40,35258;SPRF-BA;DEL08-BA;UOP02-DEL08-BA;;;
735233;29/11/2025;s�bado;11:40:00;RO;364;188,1;PIMENTA BUENO;Condutor deixou de manter dist�ncia do ve�culo da frente;Engavetamento;Com V�timas Feridas;Pleno dia;Decrescente;C�u Claro;Simples;Reta;N�o;5;0;4;0;0;7;4;11;-11,730202;-61,128602;SPRF-RO;DEL02-RO;UOP02-DEL02-RO;;;
735236;29/11/2025;s�bado;17:00:00;SP;116;96;PINDAMONHANGABA;Acessar a via sem observar a presen�a dos outros ve�culos;Colis�o lateral mesmo sentido;Com V�timas Feridas;Pleno dia;Crescente;C�u Claro;Dupla;"Retorno Regulamentado;Reta";Sim;4;0;2;0;1;1;2;3;-22,97132429;-45,44210315;SPRF-SP;DEL08-SP;UOP01-DEL08-SP;;;
735237;29/11/2025;s�bado;15:30:00;BA;110;379;CATU;Avarias e/ou desgaste excessivo no pneu;Colis�o frontal;Com V�timas Fatais;Pleno dia;Crescente;C�u Claro;Simples;Reta;N�o;3;1;0;0;1;1;0;3;-12,4083694;-38,4143253;SPRF-BA;DEL01-BA;UOP01-DEL01-BA;;;
735239;29/11/2025;s�bado;14:54:00;MT;364;345;SANTO ANTONIO DO LEVERGER;Rea��o tardia ou ineficiente do condutor;Sa�da de leito carro��vel;Com V�timas Feridas;Pleno dia;Crescente;C�u Claro;Simples;Curva;N�o;2;0;1;0;0;1;1;2;-15,792434;-55,549622;SPRF-MT;DEL05-MT;UOP02-DEL05-MT;;;
735258;24/10/2025;sexta-feira;10:43:00;PA;163;158;ALTAMIRA;Ultrapassagem Indevida;Colis�o lateral mesmo sentido;Sem V�timas;Pleno dia;Decrescente;Nublado;Simples;Reta;Sim;2;0;0;0;1;1;0;2;-8,31654;-55,10086;SPRF-PA;DEL05-PA;UOP03-DEL05-PA;;;