id;data_inversa;dia_semana;horario;uf;br;km;municipio;causa_acidente;tipo_acidente;classificacao_acidente;fase_dia;sentido_via;condicao_metereologica;tipo_pista;tracado_via;uso_solo;pessoas;mortos;feridos_leves;feridos_graves;ilesos;ignorados;feridos;veiculos;latitude;longitude;regional;delegacia;uop;;;
735266;29/11/2025;s�bado;18:45:00;GO;60;162,1;GOIANIA;Manobra de mudan�a de faixa;Colis�o traseira;Com V�timas Feridas;Anoitecer;Crescente;C�u Claro;Dupla;Reta;N�o;3;0;1;0;1;3;1;5;-16,705702;-49,346144;SPRF-GO;DEL01-GO;UOP02-DEL01-GO;;;
735274;29/11/2025;s�bado;12:18:00;MT;163;894;CLAUDIA;Rea��o tardia ou ineficiente do condutor;Sa�da de leito carro��vel;Sem V�timas;Pleno dia;Crescente;Sol;Simples;Reta;N�o;2;0;0;0;2;0;0;1;-11,48739996;-55,36253133;SPRF-MT;DEL06-MT;UOP02-DEL06-MT;;;
735280;29/11/2025;s�bado;14:10:00;SC;280;240,7;CANOINHAS;Convers�o proibida;Colis�o traseira;Com V�timas Feridas;Pleno dia;Crescente;C�u Claro;Simples;"Declive;Reta";N�o;6;0;4;0;2;0;4;2;-26,22346344;-50,45842543;SPRF-SC;DEL06-SC;UOP04-DEL06-SC;;;
735297;29/11/2025;s�bado;21:30:00;SC;153;94;CONCORDIA;Aus�ncia de rea��o do condutor;Tombamento;Com V�timas Feridas;Plena Noite;Crescente;C�u Claro;Simples;"Declive;Curva";N�o;2;0;0;1;0;1;1;2;-27,20475222;-51,94935685;SPRF-SC;DEL07-SC;UOP04-DEL07-SC;;;
735300;29/11/2025;s�bado;21:20:00;RJ;40;114;DUQUE DE CAXIAS;Manobra de mudan�a de faixa;Colis�o lateral mesmo sentido;Sem V�timas;Plena Noite;Crescente;C�u Claro;Simples;"Rotat�ria;Curva";Sim;2;0;0;0;2;0;0;2;-22,71282496;-43,28844597;SPRF-RJ;DEL01-RJ;UOP02-DEL01-RJ;;;
735303;29/11/2025;s�bado;18:05:00;BA;116;731,9;BOA NOVA;Condutor deixou de manter dist�ncia do ve�culo da frente;Colis�o traseira;Com V�timas Feridas;Plena Noite;Decrescente;C�u Claro;Simples;Reta;N�o;3;0;0;1;2;0;1;2;-14,32474;-40,32602;SPRF-BA;DEL08-BA;UOP02-DEL08-BA;;;
735315;29/11/2025;s�bado;19:40:00;RJ;40;102;DUQUE DE CAXIAS;Rea��o tardia ou ineficiente do condutor;Colis�o traseira;Com V�timas Feridas;Plena Noite;Crescente;C�u Claro;Dupla;Reta;N�o;3;0;1;0;1;1;1;3;-22,61639881;-43,28690219;SPRF-RJ;DEL01-RJ;UOP02-DEL01-RJ;;;
735325;29/11/2025;s�bado;20:40:00;SC;163;71,2;SAO MIGUEL DO OESTE;Transitar na contram�o;Colis�o lateral sentido oposto;Com V�timas Feridas;Plena Noite;Decrescente;C�u Claro;Dupla;"Reta;Interse��o de Vias";Sim;4;0;2;0;1;1;2;3;-26,7258513;-53,5130859;SPRF-SC;DEL07-SC;UOP03-DEL07-SC;;;
735335;29/11/2025;s�bado;23:55:00;MG;116;412,8;GOVERNADOR VALADARES;Ultrapassagem Indevida;Atropelamento de Pedestre;Com V�timas Feridas;Plena Noite;Crescente;Nublado;Simples;"Reta;Declive";Sim;5;0;1;1;1;2;2;4;-18,878955;-41,961408;SPRF-MG;DEL06-MG;UOP01-DEL06-MG;;;
735338;30/11/2025;domingo;00:15:00;MA;316;268,9;SANTA INES;Rea��o tardia ou ineficiente do condutor;Queda de ocupante de ve�culo;Com V�timas Feridas;Plena Noite;Decrescente;C�u Claro;Simples;Reta;N�o;2;0;0;1;0;1;1;2;-3,694898;-45,325797;SPRF-MA;DEL02-MA;UOP01-DEL02-MA;;;
735347;29/11/2025;s�bado;23:30:00;MT;364;203;RONDONOPOLIS;Ingest�o de �lcool pelo condutor;Colis�o lateral mesmo sentido;Com V�timas Feridas;Plena Noite;Crescente;C�u Claro;Dupla;Reta;Sim;2;0;1;0;1;0;1;2;-16,4679;-54,6569;SPRF-MT;DEL02-MT;UOP01-DEL02-MT;;;
735348;29/11/2025;s�bado;22:00:00;PR;153;121,5;IBAITI;Velocidade Incompat�vel;Sa�da de leito carro��vel;Com V�timas Fatais;Plena Noite;Crescente;C�u Claro;Simples;Curva;N�o;1;1;0;0;0;0;0;1;-23,935145;-50,239518;SPRF-PR;DEL07-PR;UOP04-DEL07-PR;;;
735352;29/11/2025;s�bado;22:05:00;SP;116;521,2;CAJATI;Aus�ncia de rea��o do condutor;Colis�o traseira;Com V�timas Feridas;Plena Noite;Crescente;C�u Claro;M�ltipla;"Curva;Aclive";N�o;6;0;3;1;1;2;4;5;-24,7297454;-48,1077596;SPRF-SP;DEL05-SP;UOP02-DEL05-SP;;;
735366;30/11/2025;domingo;04:00:00;RS;470;186;VERANOPOLIS;Aus�ncia de rea��o do condutor;Colis�o traseira;Com V�timas Fatais;Plena Noite;Crescente;C�u Claro;Simples;"Em Obras;Reta";N�o;3;1;0;0;1;1;0;3;-29,00667333;-51,548075;SPRF-RS;DEL06-RS;UOP02-DEL06-RS;;;
735375;30/11/2025;domingo;05:20:00;MG;251;446;GRAO MOGOL;Velocidade Incompat�vel;Colis�o lateral sentido oposto;Com V�timas Feridas;Amanhecer;Crescente;Nublado;Simples;"Aclive;Reta";N�o;3;0;1;0;1;3;1;5;-16,419468;-43,26137;SPRF-MG;DEL12-MG;UOP01-DEL12-MG;;;
735395;30/11/2025;domingo;05:45:00;RJ;116;207;SEROPEDICA;Condutor Dormindo;Colis�o lateral mesmo sentido;Sem V�timas;Pleno dia;Crescente;C�u Claro;Dupla;Reta;N�o;3;0;0;0;3;0;0;2;-22,7240249;-43,66520309;SPRF-RJ;DEL06-RJ;UOP02-DEL06-RJ;;;
735396;01/10/2025;quarta-feira;09:00:00;MG;50;30;ARAGUARI;Condutor deixou de manter dist�ncia do ve�culo da frente;Colis�o traseira;Sem V�timas;Pleno dia;Decrescente;C�u Claro;Dupla;"Declive;Reta";N�o;4;0;0;0;3;1;0;4;-18,61826687;-48,11187744;SPRF-MG;DEL15-MG;UOP02-DEL15-MG;;;
735397;29/11/2025;s�bado;22:50:00;PA;230;120;MARABA;Aus�ncia de rea��o do condutor;Colis�o com objeto;Sem V�timas;Plena Noite;Crescente;C�u Claro;Dupla;"Em Obras;Desvio Tempor�rio;Reta";Sim;2;0;0;0;1;3;0;4;-5,35642686;-49,12227631;SPRF-PA;DEL03-PA;UOP01-DEL03-PA;;;
735413;30/11/2025;domingo;08:30:00;PR;163;215,9;CASCAVEL;Rea��o tardia ou ineficiente do condutor;Sa�da de leito carro��vel;Com V�timas Feridas;Pleno dia;Crescente;C�u Claro;Dupla;"Reta;Declive";N�o;5;0;1;1;1;3;2;5;-24,8777;-53,5616;SPRF-PR;DEL04-PR;UOP01-DEL04-PR;;;
735420;30/10/2025;quinta-feira;10:40:00;SP;153;61,8;SAO JOSE DO RIO PRETO;Rea��o tardia ou ineficiente do condutor;Engavetamento;Com V�timas Feridas;Pleno dia;Crescente;Nublado;Dupla;Aclive;Sim;5;0;1;0;3;1;1;5;-20,811745;-49,356703;SPRF-SP;DEL09-SP;UOP01-DEL09-SP;;;
735423;30/11/2025;domingo;09:50:00;BA;324;602;SIMOES FILHO;Aus�ncia de rea��o do condutor;Atropelamento de Pedestre;Com V�timas Feridas;Pleno dia;Decrescente;Sol;Dupla;Reta;N�o;3;0;0;1;1;1;1;3;-12,778887;-38,416159;SPRF-BA;DEL01-BA;UOP01-DEL01-BA;;;
735425;30/11/2025;domingo;10:30:00;MG;381;909;CAMBUI;Demais falhas mec�nicas ou el�tricas;Inc�ndio;Sem V�timas;Pleno dia;Crescente;Sol;Dupla;"Reta;Aclive";N�o;2;0;0;0;1;1;0;2;-22,68219264;-46,10129356;SPRF-MG;DEL16-MG;UOP03-DEL16-MG;;;
735427;30/11/2025;domingo;10:30:00;PR;369;63,9;BANDEIRANTES;Estacionar ou parar em local proibido;Colis�o traseira;Com V�timas Feridas;Pleno dia;Crescente;C�u Claro;Simples;Reta;N�o;4;0;0;1;1;2;1;4;-23,132189;-50,431682;SPRF-PR;DEL07-PR;UOP05-DEL07-PR;;;
735433;30/11/2025;domingo;11:00:00;SC;101;163;TIJUCAS;Acessar a via sem observar a presen�a dos outros ve�culos;Colis�o traseira;Com V�timas Feridas;Pleno dia;Decrescente;Nublado;M�ltipla;Reta;Sim;4;0;2;0;1;1;2;3;-27,23512;-48,63043;SPRF-SC;DEL04-SC;UOP03-DEL04-SC;;;
735440;30/11/2025;domingo;11:50:00;MG;262;689;ARAXA;Aus�ncia de rea��o do condutor;Colis�o lateral sentido oposto;Sem V�timas;Pleno dia;Crescente;C�u Claro;Simples;Curva;N�o;4;0;0;0;3;3;0;5;-19,575247;-47,053793;SPRF-MG;DEL08-MG;UOP01-DEL08-MG;;;
735447;30/11/2025;domingo;11:30:00;MG;364;16;FRUTAL;Manobra de mudan�a de faixa;Colis�o lateral mesmo sentido;Com V�timas Feridas;Pleno dia;Decrescente;C�u Claro;Simples;Reta;N�o;6;0;2;0;3;5;2;8;-20,07344435;-48,78362529;SPRF-MG;DEL13-MG;UOP02-DEL13-MG;;;
735451;30/11/2025;domingo;10:04:00;PR;476;81,4;BOCAIUVA DO SUL;Curva acentuada;Colis�o lateral sentido oposto;Com V�timas Feridas;Pleno dia;Crescente;C�u Claro;Simples;Curva;N�o;3;0;0;1;1;1;1;3;-25,132814;-49,104713;SPRF-PR;DEL01-PR;UOP01-DEL01-PR;;;
735466;30/11/2025;domingo;15:30:00;PR;277;362;GUARAPUAVA;Transitar na contram�o;Colis�o transversal;Com V�timas Feridas;Pleno dia;Crescente;C�u Claro;Simples;Reta;N�o;6;0;3;2;0;1;5;3;-25,42313333;-51,585795;SPRF-PR;DEL08-PR;UOP01-DEL08-PR;;;
735478;30/11/2025;domingo;16:19:00;SP;116;157,5;SAO JOSE DOS CAMPOS;Manobra de mudan�a de faixa;Colis�o traseira;Com V�timas Fatais;Pleno dia;Crescente;C�u Claro;Dupla;Reta;Sim;5;1;1;1;1;1;2;4;-23,256994;-45,946833;SPRF-SP;DEL02-SP;UOP01-DEL02-SP;;;
735483;22/11/2025;s�bado;23:40:00;RO;364;686;CANDEIAS DO JAMARI;Condutor deixou de manter dist�ncia do ve�culo da frente;Colis�o traseira;Com V�timas Feridas;Plena Noite;Crescente;C�u Claro;Simples;Reta;N�o;3;0;2;0;1;0;2;2;-8,79668278;-63,67293298;SPRF-RO;DEL01-RO;UOP01-DEL01-RO;;;
735485;30/11/2025;domingo;16:50:00;RS;392;81;PELOTAS;Condutor Dormindo;Colis�o lateral sentido oposto;Com V�timas Feridas;Pleno dia;Crescente;Nublado;Simples;Reta;N�o;3;0;0;1;1;2;1;4;-31,7179925;-52,3931289;SPRF-RS;DEL07-RS;UOP01-DEL07-RS;;;
735492;30/11/2025;domingo;16:15:00;MG;50;203;UBERABA;Condutor deixou de manter dist�ncia do ve�culo da frente;Colis�o lateral mesmo sentido;Sem V�timas;Pleno dia;Decrescente;C�u Claro;Dupla;"Aclive;Reta";N�o;4;0;0;0;2;2;0;3;-19,703131;-47,985489;SPRF-MG;DEL13-MG;UOP01-DEL13-MG;;;
735494;30/11/2025;domingo;17:07:00;RJ;116;333,8;RESENDE;Manobra de mudan�a de faixa;Colis�o lateral mesmo sentido;Com V�timas Feridas;Pleno dia;Decrescente;C�u Claro;Dupla;Curva;N�o;4;0;1;0;2;1;1;3;-22,49303939;-44,65590175;SPRF-RJ;DEL07-RJ;UOP02-DEL07-RJ;;;
735499;30/11/2025;domingo;18:00:00;PR;116;59;CAMPINA GRANDE DO SUL;Condutor deixou de manter dist�ncia do ve�culo da frente;Colis�o traseira;Com V�timas Feridas;Pleno dia;Crescente;Chuva;Dupla;"Aclive;Curva";N�o;9;0;6;0;2;2;6;6;-25,30088952;-48,94237518;SPRF-PR;DEL01-PR;UOP02-DEL01-PR;;;
735501;30/11/2025;domingo;14:10:00;MG;116;555,2;MANHUACU;Velocidade Incompat�vel;Tombamento;Com V�timas Feridas;Pleno dia;Decrescente;Sol;Simples;Curva;N�o;6;0;1;0;4;3;1;8;-20,010135;-42,152063;SPRF-MG;DEL06-MG;UOP02-DEL06-MG;;;
735503;30/11/2025;domingo;15:30:00;MT;70;1,5;BARRA DO GARCAS;Aus�ncia de rea��o do condutor;Colis�o traseira;Com V�timas Feridas;Pleno dia;Crescente;Nublado;Simples;"Interse��o de Vias;Reta";Sim;2;0;1;0;1;0;1;2;-15,88924426;-52,26540363;SPRF-MT;DEL07-MT;UOP01-DEL07-MT;;;
735506;30/11/2025;domingo;18:15:00;SC;470;162;TROMBUDO CENTRAL;Rea��o tardia ou ineficiente do condutor;Colis�o frontal;Com V�timas Feridas;Anoitecer;Decrescente;Nublado;M�ltipla;"Reta;Aclive";N�o;3;0;2;0;1;0;2;2;-27,2811258;-49,8191788;SPRF-SC;DEL04-SC;UOP02-DEL04-SC;;;
735509;30/11/2025;domingo;16:00:00;GO;153;630;MORRINHOS;Aus�ncia de rea��o do condutor;Colis�o lateral mesmo sentido;Sem V�timas;Pleno dia;Crescente;Sol;Dupla;Curva;N�o;4;0;0;0;1;3;0;3;-17,80575;-49,207959;SPRF-GO;DEL03-GO;UOP01-DEL03-GO;;;
735525;30/11/2025;domingo;19:36:00;RN;101;80;NATAL;Condutor deixou de manter dist�ncia do ve�culo da frente;Colis�o traseira;Sem V�timas;Plena Noite;Decrescente;C�u Claro;Dupla;Curva;Sim;2;0;0;0;2;0;0;2;-5,76314814;-35,28680241;SPRF-RN;DEL02-RN;UOP01-DEL02-RN;;;
735530;30/11/2025;domingo;19:30:00;BA;116;568;NOVA ITARANA;Condutor deixou de manter dist�ncia do ve�culo da frente;Colis�o traseira;Com V�timas Feridas;Plena Noite;Crescente;C�u Claro;Simples;Curva;N�o;2;0;1;0;0;1;1;2;-13,023594;-39,961098;SPRF-BA;DEL03-BA;UOP02-DEL03-BA;;;
735531;30/11/2025;domingo;19:35:00;SP;153;38,3;ONDA VERDE;Aus�ncia de rea��o do condutor;Colis�o lateral sentido oposto;Com V�timas Feridas;Plena Noite;Decrescente;C�u Claro;Simples;Reta;N�o;4;0;1;0;1;3;1;5;-20,607653;-49,325466;SPRF-SP;DEL09-SP;UOP01-DEL09-SP;;;
735540;30/11/2025;domingo;21:40:00;TO;153;140;ARAGUAINA;Aus�ncia de rea��o do condutor;Sa�da de leito carro��vel;Com V�timas Fatais;Plena Noite;Crescente;C�u Claro;Dupla;Reta;N�o;1;1;0;0;0;0;0;1;-7,16997;-48,213697;SPRF-TO;DEL02-TO;UOP01-DEL02-TO;;;
735545;30/11/2025;domingo;20:40:00;PR;277;111,7;CAMPO LARGO;Ingest�o de �lcool pelo condutor;Colis�o traseira;Sem V�timas;Plena Noite;Crescente;Nublado;Dupla;"Aclive;Reta";Sim;3;0;0;0;2;1;0;3;-25,433431;-49,40708;SPRF-PR;DEL03-PR;UOP03-DEL03-PR;;;
735553;30/11/2025;domingo;20:30:00;RS;285;452,4;IJUI;Ingest�o de �lcool pelo condutor;Colis�o frontal;Sem V�timas;Plena Noite;Crescente;Chuva;Simples;"Reta;Em Obras";N�o;2;0;0;0;1;1;0;2;-28,397;-53,897;SPRF-RS;DEL10-RS;UOP01-DEL10-RS;;;
735556;30/11/2025;domingo;21:30:00;SP;116;109,5;TAUBATE;Aus�ncia de rea��o do condutor;Colis�o lateral mesmo sentido;Com V�timas Feridas;Plena Noite;Decrescente;C�u Claro;Dupla;Reta;Sim;5;0;2;0;2;1;2;3;-23,03036479;-45,54723233;SPRF-SP;DEL02-SP;UOP02-DEL02-SP;;;
735582;30/11/2025;domingo;20:55:00;MG;40;445,1;PARAOPEBA;Condutor Dormindo;Sa�da de leito carro��vel;Com V�timas Feridas;Plena Noite;Decrescente;Nublado;Dupla;Reta;N�o;2;0;1;0;0;1;1;2;-19,289407;-44,400908;SPRF-MG;DEL02-MG;UOP01-DEL02-MG;;;
735585;30/11/2025;domingo;20:45:00;MG;262;478;BOM DESPACHO;Condutor Dormindo;Colis�o com objeto;Com V�timas Feridas;Plena Noite;Crescente;C�u Claro;Simples;"Reta;Declive;Ponte";N�o;1;0;1;0;0;0;1;1;-19,78358;-45,33203;SPRF-MG;DEL08-MG;UOP03-DEL08-MG;;;
735596;01/12/2025;segunda-feira;00:00:00;RO;364;505;ARIQUEMES;Rea��o tardia ou ineficiente do condutor;Sa�da de leito carro��vel;Com V�timas Feridas;Plena Noite;Decrescente;Chuva;Simples;"Reta;Declive";N�o;3;0;2;0;0;1;2;2;-10,002712;-63,009098;SPRF-RO;DEL03-RO;UOP01-DEL03-RO;;;
735600;01/12/2025;segunda-feira;03:50:00;ES;101;270,5;SERRA;Condutor desrespeitou a ilumina��o vermelha do sem�foro;Colis�o transversal;Com V�timas Feridas;Amanhecer;Decrescente;C�u Claro;M�ltipla;Reta;Sim;4;0;3;0;0;1;3;3;-20,22970333;-40,2726;SPRF-ES;DEL02-ES;UOP01-DEL02-ES;;;
735608;30/11/2025;domingo;20:00:00;MA;230;488;RIACHAO;Demais falhas mec�nicas ou el�tricas;Inc�ndio;Sem V�timas;Plena Noite;Decrescente;C�u Claro;Simples;Reta;N�o;2;0;0;0;1;2;0;3;-7,423954;-46,721206;SPRF-MA;DEL05-MA;UOP01-DEL05-MA;;;
735609;01/12/2025;segunda-feira;06:00:00;ES;101;188;ARACRUZ;Velocidade Incompat�vel;Sa�da de leito carro��vel;Com V�timas Feridas;Pleno dia;Decrescente;C�u Claro;Simples;"Reta;Declive";N�o;2;0;0;1;0;1;1;2;-19,676311;-40,264986;SPRF-ES;DEL04-ES;UOP01-DEL04-ES;;;
735621;01/12/2025;segunda-feira;06:25:00;ES;259;35;COLATINA;Aus�ncia de rea��o do condutor;Tombamento;Com V�timas Fatais;Amanhecer;Crescente;Sol;Simples;Curva;N�o;2;1;0;0;0;1;0;2;-19,554195;-40,496105;SPRF-ES;DEL02-ES;UOP01-DEL02-ES;;;
735624;01/12/2025;segunda-feira;06:50:00;SC;101;158;PORTO BELO;Aus�ncia de rea��o do condutor;Colis�o traseira;Com V�timas Feridas;Pleno dia;Crescente;Chuva;Dupla;Reta;N�o;4;0;0;1;2;4;1;7;-27,19206722;-48,61262905;SPRF-SC;DEL04-SC;UOP03-DEL04-SC;;;
735631;01/12/2025;segunda-feira;07:30:00;ES;101;431,9;ATILIO VIVACQUA;Ultrapassagem Indevida;Colis�o com objeto;Com V�timas Feridas;Pleno dia;Crescente;C�u Claro;Simples;Reta;N�o;2;0;0;1;1;0;1;1;-21,0306909;-41,1798055;SPRF-ES;DEL03-ES;UOP02-DEL03-ES;;;
735634;01/12/2025;segunda-feira;07:50:00;PR;376;617;SAO JOSE DOS PINHAIS;Aus�ncia de rea��o do condutor;Colis�o traseira;Com V�timas Feridas;Pleno dia;Decrescente;Nublado;Dupla;"Curva;Aclive";N�o;6;0;3;0;2;2;3;4;-25,59165551;-49,17196155;SPRF-PR;DEL01-PR;UOP04-DEL01-PR;;;
735635;01/12/2025;segunda-feira;07:30:00;SP;116;107;TAUBATE;Rea��o tardia ou ineficiente do condutor;Colis�o lateral mesmo sentido;Com V�timas Feridas;Pleno dia;Crescente;C�u Claro;Dupla;Reta;Sim;5;0;0;1;3;3;1;7;-23,01433632;-45,52597046;SPRF-SP;DEL02-SP;UOP02-DEL02-SP;;;
735644;01/12/2025;segunda-feira;04:30:00;CE;116;524,4;JATI;Defici�ncia do Sistema de Ilumina��o/Sinaliza��o;Colis�o traseira;Com V�timas Feridas;Plena Noite;Crescente;C�u Claro;Simples;Reta;N�o;4;0;2;0;1;1;2;3;-7,67301309;-39,01366353;SPRF-CE;DEL05-CE;UOP03-DEL05-CE;;;
735646;01/12/2025;segunda-feira;09:19:00;ES;101;11;SERRA;Aus�ncia de rea��o do condutor;Colis�o traseira;Com V�timas Feridas;Pleno dia;Crescente;C�u Claro;Dupla;Reta;N�o;5;0;2;0;3;0;2;3;-20,15203898;-40,34684926;SPRF-ES;DEL02-ES;UOP01-DEL02-ES;;;
735656;01/12/2025;segunda-feira;08:25:00;PE;101;2,5;GOIANA;Demais falhas mec�nicas ou el�tricas;Colis�o com objeto;Com V�timas Feridas;Pleno dia;Decrescente;C�u Claro;Dupla;Curva;N�o;2;0;1;0;0;1;1;2;-7,5218477;-34,99502609;SPRF-PE;DEL01-PE;UOP02-DEL01-PE;;;
735658;01/12/2025;segunda-feira;09:05:00;PR;277;145;BALSA NOVA;Aus�ncia de rea��o do condutor;Sa�da de leito carro��vel;Com V�timas Feridas;Pleno dia;Crescente;Chuva;Dupla;Reta;N�o;2;0;0;1;0;1;1;2;-25,473896;-49,722528;SPRF-PR;DEL03-PR;UOP03-DEL03-PR;;;
735659;05/11/2025;quarta-feira;09:30:00;RJ;116;181;NOVA IGUACU;Aus�ncia de rea��o do condutor;Engavetamento;Com V�timas Feridas;Pleno dia;Crescente;Sol;Dupla;Reta;N�o;3;0;1;0;2;0;1;3;-22,76164902;-43,42265725;SPRF-RJ;DEL06-RJ;UOP01-DEL06-RJ;;;
735665;01/12/2025;segunda-feira;08:00:00;CE;116;146,6;PALHANO;Transitar na contram�o;Colis�o frontal;Com V�timas Fatais;Pleno dia;Crescente;C�u Claro;Simples;"Reta;Aclive";N�o;3;1;1;0;0;1;1;3;-4,81434992;-38,05923399;SPRF-CE;DEL03-CE;UOP01-DEL03-CE;;;
735668;01/12/2025;segunda-feira;07:47:00;TO;153;411;MIRANORTE;Transitar no Acostamento;Atropelamento de Pedestre;Com V�timas Fatais;Pleno dia;Crescente;C�u Claro;Dupla;"Reta;Aclive";Sim;3;1;0;0;0;2;0;3;-9,52462548;-48,59283892;SPRF-TO;DEL02-TO;UOP02-DEL02-TO;;;
735672;01/12/2025;segunda-feira;08:50:00;RJ;101;385;ITAGUAI;Condutor deixou de manter dist�ncia do ve�culo da frente;Colis�o traseira;Com V�timas Feridas;Pleno dia;Crescente;C�u Claro;M�ltipla;Reta;Sim;4;0;3;0;1;0;3;2;-22,8589433;-43,75941396;SPRF-RJ;DEL03-RJ;UOP01-DEL03-RJ;;;
735684;01/12/2025;segunda-feira;10:00:00;MT;70;27,1;BARRA DO GARCAS;Ultrapassagem Indevida;Colis�o lateral mesmo sentido;Com V�timas Feridas;Pleno dia;Crescente;Sol;Simples;Reta;N�o;4;0;2;0;1;2;2;4;-15,8418021;-52,44632721;SPRF-MT;DEL07-MT;UOP01-DEL07-MT;;;
735685;01/12/2025;segunda-feira;09:00:00;SC;282;517,9;XAXIM;Velocidade Incompat�vel;Colis�o traseira;Com V�timas Feridas;Pleno dia;Decrescente;Sol;Simples;Reta;N�o;2;0;1;0;1;0;1;2;-26,94245249;-52,50528987;SPRF-SC;DEL07-SC;UOP01-DEL07-SC;;;
735687;01/12/2025;segunda-feira;12:00:00;MG;262;676,5;ARAXA;Demais falhas mec�nicas ou el�tricas;Capotamento;Com V�timas Feridas;Pleno dia;Decrescente;C�u Claro;Simples;Curva;N�o;2;0;1;0;0;2;1;3;-19,54861;-46,95313;SPRF-MG;DEL08-MG;UOP01-DEL08-MG;;;
735688;01/12/2025;segunda-feira;09:30:00;SC;282;138,1;BOM RETIRO;Velocidade Incompat�vel;Sa�da de leito carro��vel;Com V�timas Feridas;Pleno dia;Decrescente;Nublado;Simples;"Declive;Curva";N�o;4;0;4;0;0;0;4;1;-27,82740632;-49,57988262;SPRF-SC;DEL05-SC;UOP01-DEL05-SC;;;
735697;08/11/2025;s�bado;01:40:00;MT;364;380;SANTO ANTONIO DO LEVERGER;Aus�ncia de rea��o do condutor;Sa�da de leito carro��vel;Sem V�timas;Plena Noite;Crescente;C�u Claro;Dupla;Reta;N�o;2;0;0;0;1;1;0;2;-15,70140848;-55,85854266;SPRF-MT;DEL01-MT;UOP02-DEL01-MT;;;
735704;26/10/2025;domingo;09:30:00;DF;80;24;BRASILIA;Ultrapassagem Indevida;Queda de ocupante de ve�culo;Com V�timas Fatais;Pleno dia;Crescente;C�u Claro;Simples;"Reta;Aclive";Sim;3;1;0;0;2;0;0;2;-15,61944218;-48,19872648;SPRF-DF;DEL03-DF;UOP02-DEL03-DF;;;
735708;01/12/2025;segunda-feira;10:30:00;PA;163;142;ALTAMIRA;Mal s�bito do condutor;Eventos at�picos;Com V�timas Feridas;Pleno dia;Decrescente;C�u Claro;Simples;Reta;N�o;2;0;1;0;0;3;1;4;-8,4440358;-55,12405;SPRF-MT;DEL06-MT;UOP03-DEL06-MT;;;
735713;01/12/2025;segunda-feira;12:40:00;PR;277;410,9;CANDOI;Curva acentuada;Tombamento;Com V�timas Feridas;Pleno dia;Crescente;C�u Claro;Simples;"Curva;Declive";N�o;1;0;1;0;0;0;1;1;-25,42487036;-52,01302707;SPRF-PR;DEL04-PR;UOP02-DEL04-PR;;;
735720;01/12/2025;segunda-feira;15:00:00;RS;101;79;OSORIO;Condutor Dormindo;Colis�o traseira;Com V�timas Feridas;Pleno dia;Crescente;Garoa/Chuvisco;Dupla;Reta;Sim;2;0;0;1;1;0;1;2;-29,79894285;-50,23292542;SPRF-RS;DEL03-RS;UOP01-DEL03-RS;;;
735725;01/12/2025;segunda-feira;15:45:00;RS;101;1,3;TORRES;Acessar a via sem observar a presen�a dos outros ve�culos;Atropelamento de Pedestre;Com V�timas Feridas;Pleno dia;Decrescente;Chuva;Simples;"Curva;Viaduto";Sim;3;0;0;1;2;0;1;2;-29,31068286;-49,77340257;SPRF-RS;DEL03-RS;UOP02-DEL03-RS;;;
735727;01/12/2025;segunda-feira;12:00:00;BA;324;590;CANDEIAS;Aus�ncia de sinaliza��o;Colis�o traseira;Com V�timas Feridas;Pleno dia;Crescente;C�u Claro;Dupla;Reta;N�o;4;0;1;0;2;1;1;3;-12,707506;-38,460841;SPRF-BA;DEL01-BA;UOP01-DEL01-BA;;;
735732;01/12/2025;segunda-feira;16:10:00;MG;40;764;JUIZ DE FORA;Manobra de mudan�a de faixa;Colis�o lateral mesmo sentido;Sem V�timas;Pleno dia;Crescente;C�u Claro;Simples;Reta;N�o;3;0;0;0;2;1;0;3;-21,5995578;-43,4580613;SPRF-MG;DEL05-MG;UOP01-DEL05-MG;;;
735735;01/12/2025;segunda-feira;15:05:00;MG;116;555,3;SANTA BARBARA DO LESTE;Demais falhas mec�nicas ou el�tricas;Tombamento;Com V�timas Feridas;Pleno dia;Crescente;C�u Claro;Simples;"Declive;Curva";N�o;2;0;1;0;0;1;1;2;-20,00141879;-42,14080811;SPRF-MG;DEL06-MG;UOP02-DEL06-MG;;;
735741;01/12/2025;segunda-feira;16:40:00;SP;116;152;SAO JOSE DOS CAMPOS;Rea��o tardia ou ineficiente do condutor;Engavetamento;Com V�timas Feridas;Pleno dia;Crescente;C�u Claro;M�ltipla;"Reta;Declive";Sim;4;0;1;0;3;0;1;3;-23,22017794;-45,90066131;SPRF-SP;DEL02-SP;UOP01-DEL02-SP;;;
735744;01/12/2025;segunda-feira;16:30:00;RJ;116;327,9;ITATIAIA;Rea��o tardia ou ineficiente do condutor;Colis�o traseira;Com V�timas Feridas;Pleno dia;Decrescente;Sol;Dupla;"Em Obras;Reta;Desvio Tempor�rio";N�o;8;0;2;0;5;1;2;4;-22,504762;-44,596581;SPRF-RJ;DEL07-RJ;UOP02-DEL07-RJ;;;
735746;01/12/2025;segunda-feira;15:00:00;SC;280;209,6;TRES BARRAS;Demais falhas mec�nicas ou el�tricas;Sa�da de leito carro��vel;Com V�timas Feridas;Pleno dia;Decrescente;C�u Claro;Simples;Reta;N�o;1;0;1;0;0;0;1;1;-26,172691;-50,162524;SPRF-SC;DEL06-SC;UOP04-DEL06-SC;;;