id;data_inversa;dia_semana;horario;uf;br;km;municipio;causa_acidente;tipo_acidente;classificacao_acidente;fase_dia;sentido_via;condicao_metereologica;tipo_pista;tracado_via;uso_solo;pessoas;mortos;feridos_leves;feridos_graves;ilesos;ignorados;feridos;veiculos;latitude;longitude;regional;delegacia;uop;;;
735758;01/12/2025;segunda-feira;16:00:00;MG;381;544,9;ITATIAIUCU;Demais falhas mec�nicas ou el�tricas;Inc�ndio;Sem V�timas;Pleno dia;Decrescente;Nublado;Dupla;"Reta;Declive";N�o;2;0;0;0;1;1;0;2;-20,25900651;-44,42009568;SPRF-MG;DEL04-MG;UOP03-DEL04-MG;;;
735759;01/12/2025;segunda-feira;17:50:00;RJ;116;184;NOVA IGUACU;Ultrapassagem Indevida;Colis�o transversal;Com V�timas Feridas;Anoitecer;Crescente;C�u Claro;Simples;Reta;Sim;3;0;2;0;1;0;2;2;-22,74875801;-43,44267726;SPRF-RJ;DEL06-RJ;UOP01-DEL06-RJ;;;
735763;01/12/2025;segunda-feira;14:00:00;SC;101;150,8;ITAPEMA;Rea��o tardia ou ineficiente do condutor;Colis�o com objeto;Com V�timas Feridas;Pleno dia;Decrescente;Garoa/Chuvisco;M�ltipla;Reta;Sim;2;0;1;0;0;1;1;2;-27,125093;-48,609404;SPRF-SC;DEL04-SC;UOP03-DEL04-SC;;;
735767;01/12/2025;segunda-feira;17:15:00;MS;262;597;MIRANDA;Aus�ncia de rea��o do condutor;Tombamento;Sem V�timas;Pleno dia;Crescente;C�u Claro;Simples;Reta;N�o;2;0;0;0;1;2;0;3;-20,20725816;-56,42985284;SPRF-MS;DEL03-MS;UOP02-DEL03-MS;;;
735774;01/12/2025;segunda-feira;18:15:00;RJ;493;21;MAGE;Condutor deixou de manter dist�ncia do ve�culo da frente;Colis�o traseira;Com V�timas Feridas;Plena Noite;Crescente;C�u Claro;Simples;Reta;Sim;4;0;1;0;1;2;1;4;-22,659335;-43,053149;SPRF-RJ;DEL04-RJ;UOP02-DEL04-RJ;;;
735775;01/12/2025;segunda-feira;19:40:00;GO;50;276;CATALAO;Acesso irregular;Tombamento;Com V�timas Feridas;Plena Noite;Crescente;C�u Claro;Dupla;"Em Obras;Reta";N�o;3;0;0;1;1;2;1;4;-18,1670872;-47,91506767;SPRF-GO;DEL06-GO;UOP01-DEL06-GO;;;
735776;01/12/2025;segunda-feira;19:00:00;RJ;101;269;TANGUA;Velocidade Incompat�vel;Colis�o transversal;Com V�timas Feridas;Plena Noite;Crescente;C�u Claro;Dupla;Reta;Sim;3;0;1;0;2;0;1;2;-22,73648;-42,729474;SPRF-RJ;DEL02-RJ;UOP03-DEL02-RJ;;;
735777;01/12/2025;segunda-feira;18:00:00;MG;262;66,3;MATIPO;Transitar na contram�o;Colis�o lateral sentido oposto;Com V�timas Feridas;Anoitecer;Crescente;C�u Claro;Simples;Reta;N�o;4;0;1;0;3;0;1;3;-20,303387;-42,26332;SPRF-MG;DEL06-MG;UOP03-DEL06-MG;;;
735781;01/12/2025;segunda-feira;19:15:00;MS;163;476;CAMPO GRANDE;Transitar no Acostamento;Colis�o lateral mesmo sentido;Com V�timas Feridas;Plena Noite;Decrescente;Chuva;Simples;Reta;Sim;2;0;1;0;1;0;1;2;-20,51016;-54,559003;SPRF-MS;DEL01-MS;UOP01-DEL01-MS;;;
735782;10/10/2025;sexta-feira;20:48:00;PR;376;200;MARIALVA;Acessar a via sem observar a presen�a dos outros ve�culos;Colis�o lateral mesmo sentido;Sem V�timas;Plena Noite;Decrescente;Nublado;Dupla;"Reta;Interse��o de Vias";N�o;3;0;0;0;2;3;0;5;-23,50636759;-51,73568356;SPRF-PR;DEL09-PR;UOP01-DEL09-PR;;;
735784;01/12/2025;segunda-feira;20:20:00;DF;20;36,4;BRASILIA;Acessar a via sem observar a presen�a dos outros ve�culos;Atropelamento de Pedestre;Com V�timas Fatais;Plena Noite;Crescente;C�u Claro;Dupla;Reta;N�o;3;1;0;0;1;1;0;3;-15,5825726;-47,5489097;SPRF-DF;DEL02-DF;UOP01-DEL02-DF;;;
735785;01/12/2025;segunda-feira;19:45:00;MG;381;575,2;ITAGUARA;Rea��o tardia ou ineficiente do condutor;Colis�o com objeto;Com V�timas Feridas;Plena Noite;Crescente;Chuva;Dupla;"Aclive;Reta";N�o;2;0;1;0;0;1;1;2;-20,450592;-44,568415;SPRF-MG;DEL04-MG;UOP01-DEL04-MG;;;
735790;01/12/2025;segunda-feira;20:00:00;PR;376;279;MARILANDIA DO SUL;Rea��o tardia ou ineficiente do condutor;Colis�o traseira;Com V�timas Feridas;Plena Noite;Crescente;Garoa/Chuvisco;Dupla;"Aclive;Reta";N�o;3;0;1;0;1;1;1;3;-23,83036;-51,26465;SPRF-PR;DEL07-PR;UOP02-DEL07-PR;;;
735792;01/12/2025;segunda-feira;18:50:00;BA;330;799;JEQUIE;Pedestre andava na pista;Atropelamento de Pedestre;Com V�timas Feridas;Plena Noite;Decrescente;Nublado;Simples;Reta;N�o;2;0;0;1;1;0;1;2;-13,94035272;-39,98498663;SPRF-BA;DEL03-BA;UOP01-DEL03-BA;;;
735793;01/12/2025;segunda-feira;18:50:00;MT;364;312;CAMPO VERDE;Ingest�o de �lcool pelo condutor;Colis�o traseira;Com V�timas Feridas;Plena Noite;Decrescente;C�u Claro;Dupla;Reta;N�o;3;0;0;1;1;2;1;4;-15,81054665;-55,26921272;SPRF-MT;DEL05-MT;UOP02-DEL05-MT;;;
735795;01/12/2025;segunda-feira;19:40:00;PR;163;131;CAPITAO LEONIDAS MARQUES;Aus�ncia de rea��o do condutor;Sa�da de leito carro��vel;Com V�timas Feridas;Plena Noite;Crescente;Nublado;Simples;Reta;N�o;1;0;1;0;0;0;1;1;-25,50502964;-53,59356554;SPRF-PR;DEL05-PR;UOP05-DEL05-PR;;;
735798;01/12/2025;segunda-feira;20:00:00;MG;40;196;JOAO PINHEIRO;Velocidade Incompat�vel;Sa�da de leito carro��vel;Com V�timas Feridas;Plena Noite;Crescente;Nublado;Simples;Reta;N�o;3;0;2;0;0;2;2;3;-17,99669291;-45,91598511;SPRF-MG;DEL14-MG;UOP02-DEL14-MG;;;
735799;01/12/2025;segunda-feira;17:00:00;MG;50;9;ARAGUARI;Velocidade Incompat�vel;Colis�o traseira;Com V�timas Feridas;Pleno dia;Crescente;Sol;Dupla;Reta;N�o;3;0;0;1;1;2;1;4;-18,48840057;-48,04664612;SPRF-MG;DEL15-MG;UOP02-DEL15-MG;;;
735800;01/12/2025;segunda-feira;17:00:00;MG;50;71;UBERLANDIA;Aus�ncia de rea��o do condutor;Colis�o traseira;Com V�timas Feridas;Pleno dia;Decrescente;C�u Claro;Dupla;Reta;Sim;3;0;0;1;1;1;1;3;-18,88639589;-48,26286284;SPRF-MG;DEL15-MG;UOP01-DEL15-MG;;;
735817;01/12/2025;segunda-feira;23:00:00;SC;101;174,2;GOVERNADOR CELSO RAMOS;Aus�ncia de rea��o do condutor;Engavetamento;Com V�timas Fatais;Plena Noite;Decrescente;Chuva;Dupla;Reta;N�o;5;1;2;1;0;2;3;6;-27,33337;-48,62688;SPRF-SC;DEL01-SC;UOP01-DEL01-SC;;;
735818;01/12/2025;segunda-feira;14:00:00;PR;153;99;JAPIRA;Acessar a via sem observar a presen�a dos outros ve�culos;Colis�o transversal;Com V�timas Feridas;Pleno dia;Decrescente;C�u Claro;Simples;Curva;N�o;2;0;2;0;0;0;2;2;-23,76546518;-50,18741101;SPRF-PR;DEL07-PR;UOP04-DEL07-PR;;;
735819;01/12/2025;segunda-feira;23:50:00;RS;116;657,5;JAGUARAO;Desrespeitar a prefer�ncia no cruzamento;Colis�o transversal;Com V�timas Feridas;Plena Noite;Decrescente;C�u Claro;Simples;Reta;N�o;3;0;0;1;1;1;1;3;-32,5561337;-53,38582851;SPRF-RS;DEL07-RS;UOP03-DEL07-RS;;;
735824;01/12/2025;segunda-feira;23:35:00;MG;381;847,7;POUSO ALEGRE;Aus�ncia de rea��o do condutor;Colis�o traseira;Com V�timas Fatais;Plena Noite;Decrescente;Nublado;Dupla;Reta;N�o;4;1;0;0;1;2;0;4;-22,218223;-45,871095;SPRF-MG;DEL16-MG;UOP01-DEL16-MG;;;
735826;01/12/2025;segunda-feira;20:35:00;PR;277;314;GUARAPUAVA;Velocidade Incompat�vel;Colis�o lateral sentido oposto;Com V�timas Fatais;Plena Noite;Crescente;Chuva;Simples;"Reta;Aclive";N�o;12;1;1;1;8;2;2;8;-25,31117075;-51,20613813;SPRF-PR;DEL08-PR;UOP01-DEL08-PR;;;
735827;02/12/2025;ter�a-feira;00:10:00;RJ;101;283;ITABORAI;Aus�ncia de rea��o do condutor;Tombamento;Com V�timas Feridas;Plena Noite;Crescente;Chuva;Dupla;"Declive;Curva;Viaduto";Sim;2;0;1;0;0;1;1;2;-22,73539417;-42,80510394;SPRF-RJ;DEL02-RJ;UOP02-DEL02-RJ;;;
735830;01/12/2025;segunda-feira;22:00:00;BA;242;322;LAJEDINHO;Rea��o tardia ou ineficiente do condutor;Sa�da de leito carro��vel;Com V�timas Fatais;Plena Noite;Crescente;C�u Claro;Simples;Reta;N�o;3;1;2;0;0;0;2;1;-12,47460045;-41,05690003;SPRF-BA;DEL06-BA;UOP02-DEL06-BA;;;
735831;02/12/2025;ter�a-feira;02:50:00;PI;316;5,5;TERESINA;Condutor desrespeitou a ilumina��o vermelha do sem�foro;Colis�o transversal;Com V�timas Feridas;Plena Noite;Crescente;Nublado;M�ltipla;"Viaduto;Interse��o de Vias";Sim;2;0;0;1;1;0;1;2;-5,144138;-42,778142;SPRF-PI;DEL01-PI;UOP02-DEL01-PI;;;
735833;02/12/2025;ter�a-feira;03:57:00;SP;116;127;CACAPAVA;Pedestre andava na pista;Atropelamento de Pedestre;Com V�timas Fatais;Amanhecer;Decrescente;Chuva;Dupla;Reta;Sim;2;1;0;0;0;1;0;2;-23,11070439;-45,70356391;SPRF-SP;DEL02-SP;UOP02-DEL02-SP;;;
735835;02/12/2025;ter�a-feira;04:30:00;MG;50;110;UBERABA;Condutor Dormindo;Sa�da de leito carro��vel;Com V�timas Feridas;Amanhecer;Crescente;Garoa/Chuvisco;Dupla;Reta;N�o;2;0;1;0;0;1;1;2;-19,54943747;-48,03531647;SPRF-MG;DEL13-MG;UOP01-DEL13-MG;;;
735837;02/12/2025;ter�a-feira;04:40:00;PR;376;17;MARINGA;Velocidade Incompat�vel;Tombamento;Com V�timas Feridas;Amanhecer;Decrescente;C�u Claro;Dupla;Curva;Sim;1;0;1;0;0;0;1;1;-23,431619;-51,887203;SPRF-PR;DEL09-PR;UOP01-DEL09-PR;;;
735838;02/12/2025;ter�a-feira;05:20:00;GO;153;653;GOIATUBA;Rea��o tardia ou ineficiente do condutor;Colis�o traseira;Com V�timas Feridas;Plena Noite;Decrescente;Garoa/Chuvisco;Dupla;Reta;N�o;3;0;2;0;1;0;2;2;-17,98262;-49,257272;SPRF-GO;DEL03-GO;UOP01-DEL03-GO;;;
735844;02/12/2025;ter�a-feira;06:40:00;SC;470;119,8;IBIRAMA;Velocidade Incompat�vel;Colis�o frontal;Com V�timas Feridas;Pleno dia;Crescente;Nublado;Simples;Reta;N�o;2;0;0;1;1;0;1;2;-27,09122;-49,52059;SPRF-SC;DEL04-SC;UOP02-DEL04-SC;;;
735848;02/12/2025;ter�a-feira;01:00:00;BA;116;785,9;PLANALTO;Condutor Dormindo;Sa�da de leito carro��vel;Com V�timas Feridas;Plena Noite;Crescente;Ignorado;Simples;Curva;N�o;1;0;1;0;0;0;1;1;-14,685837;-40,554833;SPRF-BA;DEL08-BA;UOP02-DEL08-BA;;;
735852;02/12/2025;ter�a-feira;04:30:00;SC;101;358,7;SANGAO;Condutor Dormindo;Sa�da de leito carro��vel;Com V�timas Feridas;Plena Noite;Crescente;C�u Claro;Dupla;Reta;N�o;2;0;1;0;1;0;1;2;-28,63606962;-49,09594846;SPRF-SC;DEL02-SC;UOP01-DEL02-SC;;;
735861;01/12/2025;segunda-feira;22:15:00;RJ;40;14;TRES RIOS;Condutor Dormindo;Colis�o traseira;Com V�timas Feridas;Plena Noite;Decrescente;C�u Claro;Dupla;Reta;Sim;4;0;1;0;2;1;1;3;-22,07535;-43,19726;SPRF-RJ;DEL05-RJ;UOP02-DEL05-RJ;;;
735873;02/12/2025;ter�a-feira;08:00:00;SC;282;422;VARGEM BONITA;Condutor deixou de manter dist�ncia do ve�culo da frente;Engavetamento;Com V�timas Feridas;Pleno dia;Decrescente;Nublado;Simples;Rotat�ria;Sim;3;0;1;0;2;0;1;3;-27,0033651;-51,7407763;SPRF-SC;DEL07-SC;UOP05-DEL07-SC;;;
735874;02/12/2025;ter�a-feira;08:30:00;PR;116;102;SAO JOSE DOS PINHAIS;Aus�ncia de rea��o do condutor;Colis�o lateral mesmo sentido;Com V�timas Feridas;Pleno dia;Decrescente;Nublado;Dupla;"Aclive;Reta";N�o;4;0;2;0;1;2;2;4;-25,569;-49,184;SPRF-PR;DEL01-PR;UOP07-DEL01-PR;;;
735884;02/12/2025;ter�a-feira;08:20:00;MG;365;791;GURINHATA;Acessar a via sem observar a presen�a dos outros ve�culos;Colis�o transversal;Com V�timas Feridas;Pleno dia;Crescente;C�u Claro;Simples;Reta;Sim;2;0;1;0;1;0;1;2;-18,93219192;-49,83585689;SPRF-MG;DEL15-MG;UOP03-DEL15-MG;;;
735886;02/12/2025;ter�a-feira;06:40:00;SC;280;224;TRES BARRAS;Acessar a via sem observar a presen�a dos outros ve�culos;Colis�o lateral mesmo sentido;Com V�timas Feridas;Pleno dia;Decrescente;Nublado;Simples;Reta;N�o;2;0;1;0;1;0;1;2;-26,17828062;-50,31156376;SPRF-SC;DEL06-SC;UOP04-DEL06-SC;;;
735889;02/12/2025;ter�a-feira;09:30:00;PR;277;3;PARANAGUA;Condutor deixou de manter dist�ncia do ve�culo da frente;Colis�o traseira;Com V�timas Feridas;Pleno dia;Crescente;Nublado;Dupla;Reta;Sim;4;0;1;0;2;1;1;3;-25,54450244;-48,54171451;SPRF-PR;DEL01-PR;UOP05-DEL01-PR;;;
735904;02/12/2025;ter�a-feira;09:50:00;BA;101;353;WENCESLAU GUIMARAES;Velocidade Incompat�vel;Colis�o traseira;Com V�timas Feridas;Pleno dia;Crescente;C�u Claro;Simples;Reta;N�o;3;0;1;1;0;1;2;3;-13,640678;-39,487565;SPRF-BA;DEL05-BA;UOP03-DEL05-BA;;;
735910;02/12/2025;ter�a-feira;09:42:00;MG;381;645;SANTO ANTONIO DO AMPARO;Rea��o tardia ou ineficiente do condutor;Sa�da de leito carro��vel;Com V�timas Feridas;Pleno dia;Crescente;C�u Claro;Dupla;"Curva;Declive";N�o;2;0;1;0;0;1;1;2;-20,93725;-44,875134;SPRF-MG;DEL04-MG;UOP02-DEL04-MG;;;
735915;02/12/2025;ter�a-feira;12:00:00;BA;410;4;RIBEIRA DO POMBAL;Ultrapassagem Indevida;Colis�o lateral mesmo sentido;Com V�timas Feridas;Pleno dia;Decrescente;C�u Claro;Simples;Reta;N�o;3;0;2;0;0;1;2;2;-10,83492;-38,56238;SPRF-BA;DEL07-BA;UOP02-DEL07-BA;;;
735919;02/12/2025;ter�a-feira;11:00:00;SC;101;8;BIGUACU;Rea��o tardia ou ineficiente do condutor;Colis�o traseira;Com V�timas Feridas;Pleno dia;Decrescente;C�u Claro;Dupla;Curva;N�o;4;0;1;0;2;2;1;5;-27,396292;-48,702063;SPRF-SC;DEL01-SC;UOP01-DEL01-SC;;;
735924;28/11/2025;sexta-feira;15:15:00;RJ;101;325;NITEROI;Aus�ncia de rea��o do condutor;Colis�o traseira;Com V�timas Feridas;Pleno dia;Crescente;C�u Claro;M�ltipla;"Ponte;Reta";N�o;2;0;1;0;1;0;1;2;-22,87237931;-43,13919067;SPRF-RJ;DEL02-RJ;UOP01-DEL02-RJ;;;
735925;02/12/2025;ter�a-feira;14:30:00;SP;116;466;JACUPIRANGA;Rea��o tardia ou ineficiente do condutor;Colis�o com objeto;Com V�timas Feridas;Pleno dia;Crescente;Chuva;Dupla;Reta;N�o;2;0;1;0;0;2;1;3;-24,6482822;-47,9259551;SPRF-SP;DEL05-SP;UOP01-DEL05-SP;;;
735927;02/12/2025;ter�a-feira;11:00:00;PR;116;45;CAMPINA GRANDE DO SUL;Acumulo de �gua sobre o pavimento;Sa�da de leito carro��vel;Com V�timas Feridas;Pleno dia;Crescente;Chuva;Dupla;Curva;N�o;2;0;1;0;0;1;1;2;-25,199364;-48,895149;SPRF-PR;DEL01-PR;UOP02-DEL01-PR;;;
735930;02/12/2025;ter�a-feira;14:25:00;SC;101;144,5;ITAPEMA;Rea��o tardia ou ineficiente do condutor;Colis�o traseira;Com V�timas Feridas;Pleno dia;Decrescente;C�u Claro;Dupla;Reta;N�o;4;0;1;0;2;1;1;3;-27,077;-48,59873;SPRF-SC;DEL04-SC;UOP03-DEL04-SC;;;
735931;02/12/2025;ter�a-feira;14:30:00;GO;60;209,9;GUAPO;Avarias e/ou desgaste excessivo no pneu;Tombamento;Sem V�timas;Pleno dia;Crescente;C�u Claro;Dupla;"Declive;Curva";N�o;2;0;0;0;1;3;0;4;-16,950512;-49,676722;SPRF-GO;DEL01-GO;UOP02-DEL01-GO;;;
735939;02/12/2025;ter�a-feira;11:20:00;MS;267;150,5;NOVA ANDRADINA;Rea��o tardia ou ineficiente do condutor;Colis�o lateral sentido oposto;Sem V�timas;Pleno dia;Decrescente;C�u Claro;Simples;Reta;N�o;4;0;0;0;1;5;0;6;-21,644619;-53,475526;SPRF-MS;DEL02-MS;UOP03-DEL02-MS;;;
735940;02/12/2025;ter�a-feira;15:50:00;SC;101;177,9;GOVERNADOR CELSO RAMOS;Rea��o tardia ou ineficiente do condutor;Colis�o traseira;Com V�timas Feridas;Pleno dia;Decrescente;Chuva;Dupla;Reta;N�o;6;0;2;0;3;1;2;4;-27,36343981;-48,63362074;SPRF-SC;DEL01-SC;UOP01-DEL01-SC;;;
735943;02/12/2025;ter�a-feira;14:30:00;SC;280;85;CORUPA;Demais falhas mec�nicas ou el�tricas;Colis�o frontal;Sem V�timas;Pleno dia;Crescente;C�u Claro;Simples;Reta;N�o;3;0;0;0;2;1;0;3;-26,40691;-49,284145;SPRF-SC;DEL06-SC;UOP03-DEL06-SC;;;
735954;02/12/2025;ter�a-feira;15:00:00;SC;116;172,9;SAO CRISTOVAO DO SUL;Rea��o tardia ou ineficiente do condutor;Tombamento;Com V�timas Feridas;Pleno dia;Crescente;Nublado;Simples;"Aclive;Curva";N�o;2;0;1;0;0;1;1;2;-27,21776;-50,46645;SPRF-SC;DEL05-SC;UOP03-DEL05-SC;;;
735965;02/12/2025;ter�a-feira;18:45:00;SC;101;207;SAO JOSE;Rea��o tardia ou ineficiente do condutor;Colis�o traseira;Com V�timas Feridas;Anoitecer;Decrescente;Nublado;M�ltipla;Reta;N�o;4;0;3;0;0;1;3;3;-27,600297;-48,623145;SPRF-SC;DEL01-SC;UOP01-DEL01-SC;;;
735973;02/12/2025;ter�a-feira;18:20:00;PR;277;722,3;FOZ DO IGUACU;Rea��o tardia ou ineficiente do condutor;Colis�o transversal;Com V�timas Feridas;Anoitecer;Decrescente;C�u Claro;Dupla;"Reta;Retorno Regulamentado";Sim;3;0;1;0;1;1;1;3;-25,49160401;-54,512839;SPRF-PR;DEL05-PR;UOP03-DEL05-PR;;;
735977;07/11/2025;sexta-feira;05:00:00;SP;153;146;PROMISSAO;Desvio tempor�rio;Tombamento;Com V�timas Feridas;Amanhecer;Decrescente;C�u Claro;Simples;Reta;N�o;4;0;1;1;1;1;2;3;-21,376974;-49,791335;SPRF-SP;DEL07-SP;UOP01-DEL07-SP;;;
735978;02/12/2025;ter�a-feira;18:00:00;MG;381;942;EXTREMA;Aus�ncia de rea��o do condutor;Colis�o traseira;Com V�timas Fatais;Anoitecer;Decrescente;Chuva;Dupla;"Declive;Curva";Sim;3;1;0;0;1;2;0;4;-22,83564121;-46,3196007;SPRF-MG;DEL16-MG;UOP03-DEL16-MG;;;
735984;02/12/2025;ter�a-feira;18:50:00;PR;369;496,2;CASCAVEL;Transitar na contram�o;Colis�o frontal;Com V�timas Fatais;Anoitecer;Crescente;C�u Claro;Simples;Reta;N�o;4;1;1;2;0;0;3;4;-24,88277779;-53,3456704;SPRF-PR;DEL04-PR;UOP01-DEL04-PR;;;
735985;02/12/2025;ter�a-feira;18:20:00;SC;470;31,9;GASPAR;Rea��o tardia ou ineficiente do condutor;Engavetamento;Com V�timas Feridas;Pleno dia;Crescente;Nublado;Dupla;Reta;N�o;8;0;6;0;2;0;6;3;-26,8993769;-48,92769814;SPRF-SC;DEL04-SC;UOP01-DEL04-SC;;;
735995;02/12/2025;ter�a-feira;17:50:00;MG;116;583,7;MANHUACU;Transitar na contram�o;Colis�o frontal;Com V�timas Feridas;Plena Noite;Crescente;Garoa/Chuvisco;Simples;"Declive;Curva";N�o;6;0;2;1;2;1;3;5;-20,224532;-42,17818;SPRF-MG;DEL06-MG;UOP03-DEL06-MG;;;
736001;02/12/2025;ter�a-feira;20:46:00;GO;50;234,1;CATALAO;Aus�ncia de rea��o do condutor;Colis�o traseira;Com V�timas Feridas;Plena Noite;Decrescente;C�u Claro;Dupla;Reta;N�o;3;0;1;0;1;2;1;4;-17,837539;-47,77257;SPRF-GO;DEL06-GO;UOP01-DEL06-GO;;;
736005;02/12/2025;ter�a-feira;22:20:00;SP;116;78,6;ROSEIRA;Aus�ncia de rea��o do condutor;Colis�o lateral mesmo sentido;Com V�timas Feridas;Plena Noite;Crescente;Nublado;Dupla;Reta;N�o;4;0;1;1;1;1;2;3;-22,89161914;-45,29085724;SPRF-SP;DEL08-SP;UOP01-DEL08-SP;;;
736009;02/12/2025;ter�a-feira;22:20:00;MG;40;596,5;OURO PRETO;Convers�o proibida;Colis�o transversal;Com V�timas Feridas;Plena Noite;Crescente;Chuva;Simples;Reta;N�o;2;0;1;0;0;1;1;2;-20,420962;-43,880978;SPRF-MG;DEL05-MG;UOP02-DEL05-MG;;;
736011;02/12/2025;ter�a-feira;21:50:00;GO;60;208,5;GUAPO;Velocidade Incompat�vel;Colis�o traseira;Com V�timas Feridas;Plena Noite;Decrescente;C�u Claro;Dupla;"Reta;Aclive";N�o;4;0;2;0;1;2;2;4;-16,939683;-49,671108;SPRF-GO;DEL01-GO;UOP02-DEL01-GO;;;
736018;09/09/2025;ter�a-feira;13:20:00;ES;259;45;COLATINA;Rea��o tardia ou ineficiente do condutor;Colis�o lateral sentido oposto;Com V�timas Feridas;Pleno dia;Crescente;C�u Claro;Simples;"Declive;Curva";N�o;2;0;0;1;1;0;1;2;-19,5257504;-40,5892541;SPRF-ES;DEL02-ES;UOP01-DEL02-ES;;;
736019;02/12/2025;ter�a-feira;20:00:00;SC;282;186;BOCAINA DO SUL;Demais falhas mec�nicas ou el�tricas;Inc�ndio;Sem V�timas;Plena Noite;Decrescente;C�u Claro;Simples;Curva;N�o;1;0;0;0;1;0;0;1;-27,73901;-50,00395;SPRF-SC;DEL05-SC;UOP01-DEL05-SC;;;
736021;03/12/2025;quarta-feira;02:30:00;PR;277;15,1;PARANAGUA;Condutor Dormindo;Tombamento;Com V�timas Feridas;Plena Noite;Decrescente;Nublado;Dupla;Curva;N�o;2;0;1;0;0;1;1;2;-25,55271618;-48,66362778;SPRF-PR;DEL01-PR;UOP05-DEL01-PR;;;
736023;03/12/2025;quarta-feira;01:10:00;PI;316;28;DEMERVAL LOBAO;Avarias e/ou desgaste excessivo no pneu;Sa�da de leito carro��vel;Com V�timas Feridas;Plena Noite;Decrescente;C�u Claro;Dupla;Curva;N�o;1;0;1;0;0;0;1;1;-5,33599;-42,69697;SPRF-PI;DEL01-PI;UOP02-DEL01-PI;;;
736026;03/12/2025;quarta-feira;04:40:00;SP;116;45,2;CANAS;Demais falhas mec�nicas ou el�tricas;Inc�ndio;Sem V�timas;Amanhecer;Crescente;Nevoeiro/Neblina;Dupla;Reta;N�o;2;0;0;0;1;1;0;2;-22,7093661;-45,0471328;SPRF-SP;DEL08-SP;UOP02-DEL08-SP;;;
736027;03/12/2025;quarta-feira;04:45:00;SC;470;54,6;BLUMENAU;Aus�ncia de rea��o do condutor;Tombamento;Com V�timas Feridas;Amanhecer;Decrescente;C�u Claro;Simples;Interse��o de Vias;N�o;3;0;1;0;1;1;1;2;-26,87337675;-49,11392625;SPRF-SC;DEL04-SC;UOP01-DEL04-SC;;;
736028;02/12/2025;ter�a-feira;22:35:00;MG;50;118;UBERABA;Aus�ncia de rea��o do condutor;Colis�o traseira;Com V�timas Feridas;Plena Noite;Decrescente;C�u Claro;Dupla;Reta;N�o;3;0;1;0;1;3;1;5;-19,24772156;-48,13644497;SPRF-MG;DEL13-MG;UOP01-DEL13-MG;;;
736032;02/12/2025;ter�a-feira;18:00:00;MG;251;477,9;FRANCISCO SA;Demais falhas mec�nicas ou el�tricas;Inc�ndio;Sem V�timas;Anoitecer;Crescente;Nublado;Simples;Reta;N�o;2;0;0;0;1;1;0;2;-16,4707752;-43,4723425;SPRF-MG;DEL12-MG;UOP01-DEL12-MG;;;
736034;03/12/2025;quarta-feira;05:00:00;PE;101;148;RIBEIRAO;Rea��o tardia ou ineficiente do condutor;Tombamento;Com V�timas Fatais;Amanhecer;Crescente;C�u Claro;Dupla;Curva;N�o;6;3;0;1;1;1;1;5;-8,488772;-35,373108;SPRF-PE;DEL01-PE;UOP03-DEL01-PE;;;
736042;03/12/2025;quarta-feira;07:00:00;PR;376;665;TIJUCAS DO SUL;Manobra de mudan�a de faixa;Colis�o lateral mesmo sentido;Sem V�timas;Pleno dia;Decrescente;C�u Claro;Simples;"Aclive;Curva";N�o;3;0;0;0;2;1;0;3;-25,8531314;-48,9773211;SPRF-PR;DEL01-PR;UOP04-DEL01-PR;;;
736044;03/12/2025;quarta-feira;07:30:00;SE;235;4;NOSSA SENHORA DO SOCORRO;Trafegar com motocicleta (ou similar) entre as faixas;Colis�o lateral mesmo sentido;Com V�timas Feridas;Pleno dia;Decrescente;C�u Claro;Dupla;"Aclive;Reta";Sim;4;0;1;0;1;3;1;5;-10,906407;-37,119977;SPRF-SE;DEL01-SE;UOP01-DEL01-SE;;;
736045;03/12/2025;quarta-feira;02:15:00;BA;101;830;VEREDA;Velocidade Incompat�vel;Capotamento;Com V�timas Feridas;Plena Noite;Decrescente;C�u Claro;Simples;"Curva;Declive";N�o;1;0;1;0;0;0;1;1;-17,184093;-39,581388;SPRF-BA;DEL09-BA;UOP02-DEL09-BA;;;
736054;03/12/2025;quarta-feira;06:30:00;CE;116;504;BREJO SANTO;Condutor deixou de manter dist�ncia do ve�culo da frente;Colis�o traseira;Com V�timas Feridas;Pleno dia;Crescente;C�u Claro;Simples;Reta;N�o;3;0;0;2;0;1;2;2;-7,507065;-38,987943;SPRF-CE;DEL05-CE;UOP03-DEL05-CE;;;
736061;04/09/2025;quinta-feira;14:05:00;BA;242;430;SEABRA;Carga excessiva e/ou mal acondicionada;Sa�da de leito carro��vel;Com V�timas Feridas;Pleno dia;Crescente;Sol;Simples;"Aclive;Reta";N�o;2;0;0;1;0;1;1;2;-12,390367;-41,90094;SPRF-BA;DEL06-BA;UOP01-DEL06-BA;;;
736066;03/12/2025;quarta-feira;09:10:00;MG;40;630;CONSELHEIRO LAFAIETE;Aus�ncia de rea��o do condutor;Colis�o traseira;Sem V�timas;Pleno dia;Crescente;C�u Claro;Simples;"Curva;Ponte";N�o;3;0;0;0;2;1;0;3;-20,66452838;-43,80350903;SPRF-MG;DEL05-MG;UOP02-DEL05-MG;;;
736071;03/12/2025;quarta-feira;09:20:00;MG;381;922,2;CAMANDUCAIA;Rea��o tardia ou ineficiente do condutor;Colis�o com objeto;Com V�timas Feridas;Pleno dia;Decrescente;Nublado;Dupla;"Aclive;Curva";N�o;2;0;1;0;0;1;1;2;-22,766255;-46,177593;SPRF-MG;DEL16-MG;UOP03-DEL16-MG;;;