id;data_inversa;dia_semana;horario;uf;br;km;municipio;causa_acidente;tipo_acidente;classificacao_acidente;fase_dia;sentido_via;condicao_metereologica;tipo_pista;tracado_via;uso_solo;pessoas;mortos;feridos_leves;feridos_graves;ilesos;ignorados;feridos;veiculos;latitude;longitude;regional;delegacia;uop;;;
736323;04/12/2025;quinta-feira;10:58:00;RJ;101;206;CASIMIRO DE ABREU;Entrada inopinada do pedestre;Atropelamento de Pedestre;Com V�timas Feridas;Pleno dia;Crescente;Nublado;Simples;Reta;Sim;3;0;1;0;1;1;1;3;-22,4767424;-42,20174497;SPRF-RJ;DEL08-RJ;UOP04-DEL08-RJ;;;
736324;04/12/2025;quinta-feira;09:00:00;MT;163;943;ITAUBA;Ultrapassagem Indevida;Colis�o lateral mesmo sentido;Sem V�timas;Pleno dia;Decrescente;C�u Claro;Simples;Reta;N�o;4;0;0;0;3;6;0;8;-10,9554015;-55,2180668;SPRF-MT;DEL06-MT;UOP02-DEL06-MT;;;
736325;04/12/2025;quinta-feira;10:19:00;SE;101;50;JAPARATUBA;Aus�ncia de sinaliza��o;Engavetamento;Com V�timas Feridas;Pleno dia;Crescente;C�u Claro;Dupla;"Declive;Curva";N�o;7;0;0;1;6;0;1;7;-10,60988;-36,97663;SPRF-SE;DEL02-SE;UOP02-DEL02-SE;;;
736326;04/12/2025;quinta-feira;10:25:00;PE;232;102,4;BEZERROS;Aus�ncia de rea��o do condutor;Colis�o com objeto;Com V�timas Fatais;Pleno dia;Decrescente;C�u Claro;Dupla;Reta;Sim;6;1;0;3;1;1;3;3;-8,25247;-35,76505;SPRF-PE;DEL02-PE;UOP03-DEL02-PE;;;
736335;08/05/2025;quinta-feira;17:00:00;MA;316;491;CODO;Manobra de mudan�a de faixa;Colis�o lateral sentido oposto;Com V�timas Feridas;Anoitecer;Crescente;C�u Claro;Simples;Reta;N�o;5;0;0;2;2;2;2;6;-4,65444868;-43,83033693;SPRF-MA;DEL03-MA;UOP02-DEL03-MA;;;
736338;04/12/2025;quinta-feira;12:30:00;GO;20;16;FORMOSA;Rea��o tardia ou ineficiente do condutor;Colis�o frontal;Com V�timas Feridas;Pleno dia;Decrescente;Chuva;Simples;Reta;N�o;4;0;1;0;2;3;1;5;-15,562418;-47,214954;SPRF-DF;DEL02-DF;UOP02-DEL02-DF;;;
736345;04/12/2025;quinta-feira;06:00:00;PE;423;55,5;LAJEDO;Condutor deixou de manter dist�ncia do ve�culo da frente;Colis�o traseira;Com V�timas Feridas;Amanhecer;Crescente;C�u Claro;Simples;Reta;N�o;2;0;1;0;0;1;1;2;-8,62189;-36,30082;SPRF-PE;DEL03-PE;UOP01-DEL03-PE;;;
736346;04/12/2025;quinta-feira;12:30:00;MG;381;372;SAO GONCALO DO RIO ABAIXO;Transitar na contram�o;Colis�o frontal;Com V�timas Feridas;Pleno dia;Decrescente;Chuva;Simples;Curva;Sim;3;0;0;2;0;1;2;3;-19,84153;-43,33075;SPRF-MG;DEL01-MG;UOP01-DEL01-MG;;;
736347;04/12/2025;quinta-feira;12:19:00;MT;163;1057;GUARANTA DO NORTE;Rea��o tardia ou ineficiente do condutor;Sa�da de leito carro��vel;Com V�timas Feridas;Pleno dia;Decrescente;Sol;Simples;Reta;N�o;1;0;0;1;0;0;1;1;-10,0432;-54,9099;SPRF-MT;DEL06-MT;UOP03-DEL06-MT;;;
736351;04/12/2025;quinta-feira;13:20:00;SP;153;113,6;JOSE BONIFACIO;Transitar na contram�o;Colis�o lateral sentido oposto;Com V�timas Fatais;Pleno dia;Crescente;C�u Claro;Simples;Reta;N�o;6;2;0;2;2;0;2;3;-21,118592;-49,689561;SPRF-SP;DEL09-SP;UOP01-DEL09-SP;;;
736353;04/12/2025;quinta-feira;11:50:00;RJ;116;269;BARRA MANSA;Rea��o tardia ou ineficiente do condutor;Colis�o com objeto;Com V�timas Feridas;Pleno dia;Decrescente;C�u Claro;Dupla;"Aclive;Curva";Sim;2;0;1;0;0;1;1;2;-22,572166;-44,115078;SPRF-RJ;DEL07-RJ;UOP02-DEL07-RJ;;;
736354;04/12/2025;quinta-feira;12:35:00;GO;414;384;CORUMBA DE GOIAS;Chuva;Tombamento;Com V�timas Feridas;Pleno dia;Crescente;Chuva;Simples;Reta;N�o;3;0;3;0;0;0;3;1;-15,856575;-48,767133;SPRF-GO;DEL02-GO;UOP01-DEL02-GO;;;
736355;29/11/2025;s�bado;18:00:00;PE;232;63,3;POMBOS;Problema com o freio;Colis�o traseira;Com V�timas Feridas;Plena Noite;Decrescente;Nublado;Dupla;Declive;N�o;6;0;3;1;1;1;4;5;-8,16153;-35,43536;SPRF-PE;DEL02-PE;UOP02-DEL02PE;;;
736356;04/12/2025;quinta-feira;14:00:00;MG;381;793,5;SAO GONCALO DO SAPUCAI;Aus�ncia de rea��o do condutor;Colis�o traseira;Com V�timas Feridas;Pleno dia;Crescente;C�u Claro;Dupla;Curva;N�o;5;0;2;0;2;1;2;3;-21,9078577;-45,5607671;SPRF-MG;DEL16-MG;UOP02-DEL16-MG;;;
736357;04/12/2025;quinta-feira;11:30:00;BA;116;503;SANTA TERESINHA;Acessar a via sem observar a presen�a dos outros ve�culos;Colis�o transversal;Com V�timas Feridas;Pleno dia;Crescente;Sol;Simples;Reta;Sim;3;0;1;0;1;1;1;3;-12,62372;-39,590478;SPRF-BA;DEL02-BA;UOP01-DEL02-BA;;;
736360;04/12/2025;quinta-feira;13:20:00;RS;471;486,7;RIO GRANDE;Problema com o freio;Inc�ndio;Sem V�timas;Pleno dia;Decrescente;C�u Claro;Simples;Reta;N�o;2;0;0;0;1;1;0;2;-32,23392;-52,4793567;SPRF-RS;DEL07-RS;UOP02-DEL07-RS;;;
736363;01/12/2025;segunda-feira;01:15:00;BA;101;28;ESPLANADA;Condutor Dormindo;Sa�da de leito carro��vel;Com V�timas Feridas;Plena Noite;Decrescente;C�u Claro;Dupla;Curva;N�o;1;0;0;1;0;0;1;1;-11,712284;-37,921306;SPRF-SE;DEL02-SE;UOP03-DEL02-SE;;;
736365;04/12/2025;quinta-feira;14:45:00;BA;324;619;SALVADOR;Condutor deixou de manter dist�ncia do ve�culo da frente;Tombamento;Com V�timas Feridas;Pleno dia;Crescente;C�u Claro;Dupla;Reta;Sim;6;0;2;0;4;0;2;5;-12,900307;-38,451872;SPRF-BA;DEL01-BA;UOP01-DEL01-BA;;;
736367;16/09/2025;ter�a-feira;00:50:00;MG;40;815,5;SIMAO PEREIRA;Velocidade Incompat�vel;Tombamento;Com V�timas Fatais;Plena Noite;Crescente;Nublado;Dupla;Curva;N�o;2;1;0;0;0;1;0;2;-21,92029437;-43,32308292;SPRF-MG;DEL05-MG;UOP01-DEL05-MG;;;
736368;04/12/2025;quinta-feira;15:15:00;MG;40;528,8;CONTAGEM;Condutor deixou de manter dist�ncia do ve�culo da frente;Eventos at�picos;Com V�timas Feridas;Pleno dia;Crescente;C�u Claro;Dupla;Reta;Sim;3;0;1;0;1;1;1;2;-19,917294;-44,039662;SPRF-MG;DEL01-MG;UOP02-DEL01-MG;;;
736370;12/09/2025;sexta-feira;04:30:00;RJ;393;228;VASSOURAS;Aus�ncia de rea��o do condutor;Colis�o traseira;Com V�timas Feridas;Plena Noite;Crescente;Nevoeiro/Neblina;Simples;Reta;N�o;12;0;9;1;1;1;10;3;-22,369875;-43,619493;SPRF-RJ;DEL05-RJ;UOP03-DEL05-RJ;;;
736373;06/11/2025;quinta-feira;09:30:00;RJ;116;102;GUAPIMIRIM;Problema com o freio;Tombamento;Com V�timas Fatais;Pleno dia;Crescente;Chuva;Simples;Curva;N�o;2;1;0;1;0;0;1;1;-22,498362;-43,001999;SPRF-RJ;DEL04-RJ;UOP01-DEL04-RJ;;;
736377;04/12/2025;quinta-feira;15:35:00;SE;235;16;NOSSA SENHORA DO SOCORRO;Transitar na contram�o;Colis�o lateral sentido oposto;Com V�timas Fatais;Pleno dia;Decrescente;Sol;Simples;Curva;N�o;4;1;0;0;1;2;0;4;-10,85260433;-37,19247973;SPRF-SE;DEL01-SE;UOP02-DEL01-SE;;;
736379;04/12/2025;quinta-feira;12:27:00;MG;381;582;CARMOPOLIS DE MINAS;Acessar a via sem observar a presen�a dos outros ve�culos;Colis�o lateral mesmo sentido;Com V�timas Feridas;Pleno dia;Decrescente;Chuva;Dupla;Reta;N�o;4;0;2;0;1;1;2;3;-20,50774677;-44,61101532;SPRF-MG;DEL04-MG;UOP01-DEL04-MG;;;
736388;04/12/2025;quinta-feira;15:10:00;MG;365;672,4;MONTE ALEGRE DE MINAS;Chuva;Sa�da de leito carro��vel;Com V�timas Feridas;Pleno dia;Crescente;Chuva;Dupla;Declive;N�o;4;0;0;1;3;0;1;2;-18,870965;-48,75507;SPRF-MG;DEL15-MG;UOP01-DEL15-MG;;;
736390;04/12/2025;quinta-feira;13:00:00;AM;174;1020;PRESIDENTE FIGUEIREDO;Rea��o tardia ou ineficiente do condutor;Colis�o lateral sentido oposto;Com V�timas Feridas;Pleno dia;Decrescente;C�u Claro;Simples;Reta;N�o;3;0;2;0;0;4;2;6;-1,8262287;-60,13508649;SPRF-AM;DEL01-AM;UOP02-DEL01-AM;;;
736392;04/12/2025;quinta-feira;15:43:00;PR;376;15,4;MARINGA;Acessar a via sem observar a presen�a dos outros ve�culos;Colis�o lateral mesmo sentido;Com V�timas Feridas;Pleno dia;Crescente;C�u Claro;Dupla;"Retorno Regulamentado;Declive";N�o;3;0;1;0;1;4;1;6;-23,4136687;-51,88106624;SPRF-PR;DEL09-PR;UOP01-DEL09-PR;;;
736393;04/12/2025;quinta-feira;14:35:00;RJ;116;8,8;SAPUCAIA;Ultrapassagem Indevida;Sa�da de leito carro��vel;Com V�timas Feridas;Pleno dia;Decrescente;C�u Claro;Simples;Reta;N�o;3;0;0;1;1;1;1;3;-21,92950528;-42,70376304;SPRF-RJ;DEL05-RJ;UOP01-DEL05-RJ;;;
736395;04/12/2025;quinta-feira;15:30:00;MA;222;345,6;MONCAO;Transitar na contram�o;Colis�o frontal;Com V�timas Fatais;Pleno dia;Decrescente;C�u Claro;Simples;"Aclive;Reta;Em Obras";N�o;5;1;3;0;0;1;3;3;-3,6771937;-45,2541854;SPRF-MA;DEL02-MA;UOP01-DEL02-MA;;;
736396;04/12/2025;quinta-feira;16:20:00;GO;60;258;INDIARA;Estacionar ou parar em local proibido;Colis�o lateral mesmo sentido;Com V�timas Fatais;Pleno dia;Decrescente;Sol;Dupla;Reta;N�o;3;1;1;0;0;2;1;4;-17,160554;-50,037264;SPRF-GO;DEL01-GO;UOP02-DEL01-GO;;;
736402;04/12/2025;quinta-feira;17:00:00;GO;153;493,7;GOIANAPOLIS;Aus�ncia de rea��o do condutor;Colis�o traseira;Com V�timas Feridas;Pleno dia;Decrescente;Nublado;Dupla;Curva;N�o;3;0;1;0;2;0;1;3;-16,5756799;-49,1608535;SPRF-GO;DEL01-GO;UOP01-DEL01-GO;;;
736405;09/11/2025;domingo;13:30:00;RJ;116;230;PIRAI;Rea��o tardia ou ineficiente do condutor;Derramamento de carga;Com V�timas Feridas;Pleno dia;Decrescente;Nublado;Dupla;"Declive;Curva";N�o;7;0;4;0;1;2;4;4;-22,6728397;-43,8321572;SPRF-RJ;DEL07-RJ;UOP01-DEL07-RJ;;;
736406;04/12/2025;quinta-feira;16:00:00;MS;158;83,4;PARANAIBA;Rea��o tardia ou ineficiente do condutor;Colis�o traseira;Sem V�timas;Pleno dia;Crescente;Nublado;Simples;"Declive;Reta;Em Obras";N�o;3;0;0;0;2;3;0;5;-19,603751;-51,218197;SPRF-MS;DEL08-MS;UOP01-DEL08-MS;;;
736408;04/12/2025;quinta-feira;13:55:00;RJ;40;109;DUQUE DE CAXIAS;Manobra de mudan�a de faixa;Colis�o lateral mesmo sentido;Com V�timas Feridas;Pleno dia;Crescente;C�u Claro;Dupla;Curva;Sim;2;0;1;0;1;0;1;2;-22,6741723;-43,2864138;SPRF-RJ;DEL01-RJ;UOP02-DEL01-RJ;;;
736410;04/12/2025;quinta-feira;18:09:00;SC;282;219,3;LAGES;Avarias e/ou desgaste excessivo no pneu;Inc�ndio;Sem V�timas;Anoitecer;Crescente;C�u Claro;Simples;Reta;N�o;2;0;0;0;1;2;0;3;-27,79555253;-50,3236146;SPRF-SC;DEL05-SC;UOP01-DEL05-SC;;;
736412;04/12/2025;quinta-feira;16:50:00;MS;163;242;DOURADOS;Acessar a via sem observar a presen�a dos outros ve�culos;Colis�o lateral mesmo sentido;Com V�timas Feridas;Pleno dia;Crescente;C�u Claro;M�ltipla;"Retorno Regulamentado;Reta";N�o;3;0;1;0;1;2;1;4;-22,372912;-54,795531;SPRF-MS;DEL04-MS;UOP02-DEL04-MS;;;
736413;31/08/2025;domingo;00:17:00;ES;101;438,7;MIMOSO DO SUL;Acessar a via sem observar a presen�a dos outros ve�culos;Colis�o transversal;Com V�timas Feridas;Plena Noite;Decrescente;Chuva;Simples;Curva;N�o;2;0;1;0;1;0;1;2;-21,16747341;-41,2875193;SPRF-ES;DEL03-ES;UOP02-DEL03-ES;;;
736418;04/12/2025;quinta-feira;18:15:00;BA;110;399,7;SAO SEBASTIAO DO PASSE;Ultrapassagem Indevida;Colis�o frontal;Com V�timas Feridas;Plena Noite;Crescente;C�u Claro;Simples;Reta;N�o;6;0;1;0;2;3;1;3;-12,545757;-38,51307;SPRF-BA;DEL01-BA;UOP01-DEL01-BA;;;
736433;04/12/2025;quinta-feira;19:10:00;SC;282;242,8;SAO JOSE DO CERRITO;Transitar na contram�o;Colis�o lateral sentido oposto;Com V�timas Feridas;Plena Noite;Crescente;C�u Claro;Dupla;"Reta;Aclive";N�o;5;0;1;0;2;3;1;5;-27,766957;-50,497016;SPRF-SC;DEL05-SC;UOP02-DEL05-SC;;;
736435;04/12/2025;quinta-feira;20:10:00;PR;376;643;TIJUCAS DO SUL;Aus�ncia de rea��o do condutor;Colis�o traseira;Com V�timas Feridas;Plena Noite;Decrescente;Nublado;Dupla;"Aclive;Reta";N�o;2;0;1;0;1;0;1;2;-25,8174325;-49,1297999;SPRF-PR;DEL01-PR;UOP04-DEL01-PR;;;
736436;04/12/2025;quinta-feira;18:23:00;MG;116;221,7;CATUJI;Rea��o tardia ou ineficiente do condutor;Sa�da de leito carro��vel;Com V�timas Feridas;Plena Noite;Decrescente;Chuva;Simples;"Curva;Declive";N�o;2;0;0;1;0;1;1;2;-17,421703;-41,512484;SPRF-MG;DEL11-MG;UOP01-DEL11-MG;;;
736438;04/12/2025;quinta-feira;20:15:00;GO;40;4;VALPARAISO DE GOIAS;Ingest�o de �lcool pelo condutor;Colis�o transversal;Sem V�timas;Plena Noite;Crescente;C�u Claro;Dupla;Reta;Sim;3;0;0;0;2;1;0;3;-16,09609484;-47,98020601;SPRF-DF;DEL01-DF;UOP01-DEL01-DF;;;
736449;04/12/2025;quinta-feira;17:40:00;DF;20;4;BRASILIA;Aus�ncia de rea��o do condutor;Colis�o lateral mesmo sentido;Sem V�timas;Anoitecer;Decrescente;Nublado;Dupla;"Reta;Aclive";Sim;3;0;0;0;3;0;0;3;-15,67504723;-47,82244206;SPRF-DF;DEL02-DF;UOP01-DEL02-DF;;;
736453;04/12/2025;quinta-feira;20:00:00;PA;163;64;ALTAMIRA;Condutor deixou de manter dist�ncia do ve�culo da frente;Colis�o traseira;Com V�timas Feridas;Plena Noite;Crescente;Nublado;Simples;Reta;N�o;3;0;1;0;1;5;1;7;-9,041172;-54,931117;SPRF-MT;DEL06-MT;UOP03-DEL06-MT;;;
736454;04/12/2025;quinta-feira;20:40:00;MT;364;394;CUIABA;Demais falhas mec�nicas ou el�tricas;Inc�ndio;Sem V�timas;Plena Noite;Decrescente;C�u Claro;Dupla;"Retorno Regulamentado;Reta";Sim;1;0;0;0;1;0;0;1;-15,678;-55,934;SPRF-MT;DEL01-MT;UOP02-DEL01-MT;;;
736456;04/12/2025;quinta-feira;16:30:00;BA;110;104;SITIO DO QUINTO;Aus�ncia de rea��o do condutor;Sa�da de leito carro��vel;Com V�timas Feridas;Pleno dia;Decrescente;C�u Claro;Simples;Reta;N�o;2;0;2;0;0;0;2;1;-10,293397;-38,311273;SPRF-BA;DEL07-BA;UOP01-DEL07-BA;;;
736462;04/12/2025;quinta-feira;19:20:00;BA;242;535,2;OLIVEIRA DOS BREJINHOS;Acessar a via sem observar a presen�a dos outros ve�culos;Colis�o lateral mesmo sentido;Com V�timas Feridas;Plena Noite;Decrescente;Nublado;Simples;"Reta;Interse��o de Vias";N�o;5;0;0;2;3;0;2;2;-12,259657;-42,744307;SPRF-BA;DEL06-BA;UOP01-DEL06-BA;;;
736465;04/12/2025;quinta-feira;23:45:00;SC;153;88,4;CONCORDIA;Condutor Dormindo;Sa�da de leito carro��vel;Com V�timas Feridas;Plena Noite;Decrescente;C�u Claro;Simples;"Declive;Curva";N�o;1;0;1;0;0;0;1;1;-27,175736;-51,908104;SPRF-SC;DEL07-SC;UOP04-DEL07-SC;;;
736469;05/12/2025;sexta-feira;03:00:00;CE;116;171,3;RUSSAS;Transitar na contram�o;Colis�o frontal;Com V�timas Fatais;Plena Noite;Crescente;C�u Claro;Simples;Curva;N�o;2;1;0;0;0;1;0;2;-4,98439623;-38,02672327;SPRF-CE;DEL03-CE;UOP01-DEL03-CE;;;
736473;05/12/2025;sexta-feira;00:00:00;RJ;40;76;PETROPOLIS;Ilumina��o deficiente;Colis�o traseira;Com V�timas Feridas;Plena Noite;Decrescente;C�u Claro;Dupla;Reta;N�o;3;0;1;0;1;1;1;3;-22,50263791;-43,22963208;SPRF-RJ;DEL01-RJ;UOP01-DEL01-RJ;;;
736474;05/12/2025;sexta-feira;02:25:00;SP;116;31,2;CRUZEIRO;Curva acentuada;Colis�o lateral mesmo sentido;Com V�timas Fatais;Plena Noite;Crescente;Ignorado;Dupla;Curva;N�o;2;1;1;0;0;0;1;2;-22,639363;-44,938457;SPRF-SP;DEL08-SP;UOP02-DEL08-SP;;;
736475;05/12/2025;sexta-feira;03:55:00;PI;407;430,6;GEMINIANO;Transitar na contram�o;Colis�o lateral sentido oposto;Com V�timas Fatais;Amanhecer;Crescente;C�u Claro;Simples;Curva;N�o;2;1;0;0;0;1;0;2;-7,130688;-41,388337;SPRF-PI;DEL04-PI;UOP01-DEL04-PI;;;
736476;27/11/2025;quinta-feira;04:10:00;GO;60;70;ABADIANIA;Acessar a via sem observar a presen�a dos outros ve�culos;Colis�o transversal;Com V�timas Feridas;Amanhecer;Crescente;C�u Claro;Dupla;Curva;N�o;3;0;2;0;0;1;2;2;-16,24329;-48,761537;SPRF-GO;DEL02-GO;UOP01-DEL02-GO;;;
736477;05/12/2025;sexta-feira;04:40:00;PE;101;82,4;JABOATAO DOS GUARARAPES;Rea��o tardia ou ineficiente do condutor;Colis�o traseira;Com V�timas Feridas;Amanhecer;Crescente;C�u Claro;Dupla;Reta;Sim;3;0;1;0;2;0;1;2;-8,17145;-34,93923;SPRF-PE;DEL01-PE;UOP01-DEL01-PE;;;
736479;04/12/2025;quinta-feira;21:30:00;MG;262;43,8;MANHUACU;Velocidade Incompat�vel;Tombamento;Com V�timas Feridas;Plena Noite;Crescente;Nublado;Simples;"Curva;Aclive";N�o;2;0;1;0;0;2;1;3;-20,258975;-42,096;SPRF-MG;DEL06-MG;UOP03-DEL06-MG;;;
736481;05/12/2025;sexta-feira;05:50:00;PE;232;50;VITORIA DE SANTO ANTAO;Aus�ncia de rea��o do condutor;Colis�o traseira;Com V�timas Feridas;Pleno dia;Decrescente;Sol;Dupla;Aclive;N�o;2;0;0;1;1;0;1;2;-8,14393234;-35,31203119;SPRF-PE;DEL02-PE;UOP02-DEL02PE;;;
736485;19/10/2025;domingo;19:40:00;MG;40;678,3;CARANDAI;Falta de acostamento;Sa�da de leito carro��vel;Com V�timas Fatais;Plena Noite;Decrescente;C�u Claro;Simples;Reta;N�o;6;1;2;0;3;0;2;5;-21,03655166;-43,77062833;SPRF-MG;DEL05-MG;UOP02-DEL05-MG;;;
736490;05/12/2025;sexta-feira;06:00:00;RJ;40;122;DUQUE DE CAXIAS;Condutor deixou de manter dist�ncia do ve�culo da frente;Colis�o lateral mesmo sentido;Com V�timas Feridas;Pleno dia;Crescente;C�u Claro;M�ltipla;Reta;Sim;3;0;1;0;2;0;1;3;-22,79588544;-43,28883648;SPRF-RJ;DEL01-RJ;UOP02-DEL01-RJ;;;
736492;05/12/2025;sexta-feira;05:30:00;PE;110;119;SERTANIA;Demais falhas mec�nicas ou el�tricas;Colis�o com objeto;Com V�timas Feridas;Pleno dia;Crescente;C�u Claro;Simples;"Reta;Aclive";N�o;1;0;1;0;0;0;1;1;-8,450745;-37,467946;SPRF-PE;DEL04-PE;UOP02-DEL04-PE;;;
736495;05/12/2025;sexta-feira;05:00:00;MA;10;245;DAVINOPOLIS;Transitar no Acostamento;Colis�o lateral mesmo sentido;Com V�timas Feridas;Amanhecer;Crescente;Chuva;Simples;Reta;Sim;3;0;0;1;1;2;1;4;-5,5869391;-47,4350056;SPRF-MA;DEL04-MA;UOP01-DEL04-MA;;;
736496;05/12/2025;sexta-feira;05:30:00;MS;267;204;NOVA ALVORADA DO SUL;Demais falhas mec�nicas ou el�tricas;Inc�ndio;Sem V�timas;Amanhecer;Crescente;C�u Claro;Simples;Aclive;N�o;2;0;0;0;1;1;0;2;-21,589602;-53,986093;SPRF-MS;DEL02-MS;UOP03-DEL02-MS;;;
736499;05/12/2025;sexta-feira;05:15:00;MT;70;284;PRIMAVERA DO LESTE;Aus�ncia de rea��o do condutor;Colis�o frontal;Com V�timas Fatais;Pleno dia;Crescente;Nublado;Simples;Reta;Sim;3;1;0;0;1;2;0;4;-15,57378645;-54,32317615;SPRF-MT;DEL05-MT;UOP01-DEL05-MT;;;
736506;05/12/2025;sexta-feira;06:41:00;SP;116;504;CAJATI;Rea��o tardia ou ineficiente do condutor;Tombamento;Com V�timas Feridas;Amanhecer;Decrescente;C�u Claro;Dupla;"Declive;Curva";N�o;2;0;0;1;0;1;1;2;-24,78088365;-48,17143107;SPRF-SP;DEL05-SP;UOP02-DEL05-SP;;;
736509;05/12/2025;sexta-feira;07:00:00;RJ;493;96;SEROPEDICA;Aus�ncia de rea��o do condutor;Sa�da de leito carro��vel;Com V�timas Feridas;Amanhecer;Decrescente;C�u Claro;Dupla;Reta;N�o;2;0;0;1;0;1;1;2;-22,7170387;-43,706612;SPRF-RJ;DEL01-RJ;UOP03-DEL01-RJ;;;
736510;18/10/2025;s�bado;23:00:00;MT;364;385;SANTO ANTONIO DO LEVERGER;Rea��o tardia ou ineficiente do condutor;Colis�o traseira;Com V�timas Feridas;Plena Noite;Crescente;Chuva;Dupla;Reta;N�o;5;0;2;0;2;3;2;6;-15,701217;-55,86119;SPRF-MT;DEL01-MT;UOP02-DEL01-MT;;;
736513;05/12/2025;sexta-feira;07:20:00;MG;381;490;BETIM;Aus�ncia de rea��o do condutor;Colis�o lateral mesmo sentido;Com V�timas Feridas;Pleno dia;Decrescente;C�u Claro;Dupla;Reta;Sim;3;0;1;0;1;1;1;3;-19,95627348;-44,14347259;SPRF-MG;DEL01-MG;UOP03-DEL01-MG;;;
736522;05/12/2025;sexta-feira;08:49:00;PE;407;125;PETROLINA;Rea��o tardia ou ineficiente do condutor;Colis�o lateral mesmo sentido;Com V�timas Feridas;Pleno dia;Decrescente;C�u Claro;Dupla;Reta;Sim;3;0;1;1;1;0;2;2;-9,3816191;-40,5313718;SPRF-PE;DEL06-PE;UOP01-DEL06-PE;;;
736524;05/12/2025;sexta-feira;09:00:00;SP;381;29;ATIBAIA;Rea��o tardia ou ineficiente do condutor;Engavetamento;Com V�timas Feridas;Pleno dia;Crescente;C�u Claro;Dupla;Reta;N�o;4;0;2;0;1;1;2;4;-23,03835251;-46,55631035;SPRF-SP;DEL03-SP;UOP02-DEL03-SP;;;
736528;05/12/2025;sexta-feira;09:40:00;RS;290;90;PORTO ALEGRE;Demais falhas mec�nicas ou el�tricas;Inc�ndio;Sem V�timas;Pleno dia;Decrescente;C�u Claro;M�ltipla;Reta;Sim;2;0;0;0;1;1;0;2;-29,97138396;-51,16899631;SPRF-RS;DEL01-RS;UOP01-DEL01-RS;;;
736536;19/11/2025;quarta-feira;19:40:00;SP;116;61,5;GUARATINGUETA;Rea��o tardia ou ineficiente do condutor;Colis�o traseira;Com V�timas Feridas;Plena Noite;Decrescente;C�u Claro;Dupla;Reta;N�o;4;0;1;0;3;0;1;4;-22,80224901;-45,17028973;SPRF-SP;DEL08-SP;UOP01-DEL08-SP;;;
736547;05/12/2025;sexta-feira;10:00:00;MG;381;828,7;SAO SEBASTIAO DA BELA VISTA;Manobra de mudan�a de faixa;Sa�da de leito carro��vel;Com V�timas Feridas;Pleno dia;Decrescente;Sol;Dupla;"Reta;Interse��o de Vias";N�o;6;0;4;0;1;1;4;2;-22,11643557;-45,75204849;SPRF-MG;DEL16-MG;UOP01-DEL16-MG;;;
736551;04/09/2025;quinta-feira;22:15:00;RJ;116;237;PIRAI;Condutor usando celular;Colis�o lateral mesmo sentido;Com V�timas Feridas;Plena Noite;Crescente;C�u Claro;Dupla;Reta;N�o;3;0;1;0;1;1;1;2;-22,65772809;-43,89010614;SPRF-RJ;DEL07-RJ;UOP01-DEL07-RJ;;;
736554;05/12/2025;sexta-feira;10:15:00;ES;101;67;SAO MATEUS;Condutor deixou de manter dist�ncia do ve�culo da frente;Colis�o traseira;Com V�timas Feridas;Pleno dia;Decrescente;Nublado;M�ltipla;Reta;Sim;2;0;0;1;0;1;1;2;-18,71958138;-39,86735551;SPRF-ES;DEL04-ES;UOP02-DEL04-ES;;;
736555;05/12/2025;sexta-feira;09:50:00;RJ;493;12;GUAPIMIRIM;Rea��o tardia ou ineficiente do condutor;Colis�o traseira;Com V�timas Feridas;Pleno dia;Crescente;C�u Claro;Simples;"Em Obras;Reta";N�o;3;0;1;0;2;0;1;2;-22,67718363;-42,97237873;SPRF-RJ;DEL04-RJ;UOP02-DEL04-RJ;;;
736559;05/12/2025;sexta-feira;11:00:00;SC;101;304,7;LAGUNA;Aus�ncia de rea��o do condutor;Colis�o traseira;Com V�timas Feridas;Pleno dia;Crescente;C�u Claro;M�ltipla;"Reta;Declive";N�o;3;0;1;0;2;0;1;2;-28,38982801;-48,77623299;SPRF-SC;DEL02-SC;UOP03-DEL02-SC;;;
736568;05/12/2025;sexta-feira;13:20:00;CE;116;19;EUSEBIO;Rea��o tardia ou ineficiente do condutor;Colis�o lateral mesmo sentido;Com V�timas Feridas;Pleno dia;Decrescente;C�u Claro;Dupla;Reta;Sim;4;0;1;0;2;1;1;3;-3,92185811;-38,50737898;SPRF-CE;DEL01-CE;UOP02-DEL01-CE;;;
736569;05/12/2025;sexta-feira;12:05:00;PE;116;87,7;BELEM DE SAO FRANCISCO;Manobra de mudan�a de faixa;Colis�o lateral sentido oposto;Com V�timas Feridas;Pleno dia;Crescente;C�u Claro;Simples;Reta;N�o;4;0;2;0;1;1;2;3;-8,591977;-39,238788;SPRF-PE;DEL05-PE;UOP03-DEL05-PE;;;
736571;05/12/2025;sexta-feira;11:40:00;AL;316;234,9;ATALAIA;Fuma�a;Colis�o frontal;Com V�timas Feridas;Pleno dia;Crescente;C�u Claro;Simples;Reta;N�o;4;0;2;0;2;0;2;2;-9,499191;-36,069884;SPRF-AL;DEL01-AL;UOP01-DEL01-AL;;;
736575;05/12/2025;sexta-feira;11:31:00;MA;10;254;IMPERATRIZ;Acessar a via sem observar a presen�a dos outros ve�culos;Colis�o transversal;Com V�timas Feridas;Pleno dia;Crescente;C�u Claro;Simples;"Reta;Interse��o de Vias";Sim;3;0;0;1;1;3;1;5;-5,5150727;-47,47138736;SPRF-MA;DEL04-MA;UOP01-DEL04-MA;;;