id;data_inversa;dia_semana;horario;uf;br;km;municipio;causa_acidente;tipo_acidente;classificacao_acidente;fase_dia;sentido_via;condicao_metereologica;tipo_pista;tracado_via;uso_solo;pessoas;mortos;feridos_leves;feridos_graves;ilesos;ignorados;feridos;veiculos;latitude;longitude;regional;delegacia;uop;;;
736580;19/11/2025;quarta-feira;07:20:00;SC;101;138;BALNEARIO CAMBORIU;Trafegar com motocicleta (ou similar) entre as faixas;Colis�o traseira;Com V�timas Feridas;Pleno dia;Crescente;C�u Claro;Dupla;Reta;Sim;5;0;2;0;2;1;2;4;-27,02609161;-48,60652118;SPRF-SC;DEL04-SC;UOP03-DEL04-SC;;;
736582;05/12/2025;sexta-feira;14:45:00;BA;116;421;FEIRA DE SANTANA;Aus�ncia de rea��o do condutor;Colis�o traseira;Com V�timas Feridas;Pleno dia;Crescente;Sol;Dupla;Reta;Sim;3;0;1;1;0;1;2;2;-12,2814464;-39,0135808;SPRF-BA;DEL02-BA;UOP01-DEL02-BA;;;
736591;18/11/2025;ter�a-feira;06:00:00;MG;381;210,8;BELO ORIENTE;Condutor Dormindo;Tombamento;Com V�timas Feridas;Pleno dia;Crescente;C�u Claro;Simples;Reta;N�o;2;0;1;0;0;1;1;2;-19,3856478;-42,47520447;SPRF-MG;DEL06-MG;UOP01-DEL06-MG;;;
736599;05/12/2025;sexta-feira;12:00:00;RO;364;664;CANDEIAS DO JAMARI;Demais falhas mec�nicas ou el�tricas;Inc�ndio;Sem V�timas;Pleno dia;Crescente;C�u Claro;Simples;Reta;N�o;2;0;0;0;1;2;0;3;-8,79640797;-63,467104;SPRF-RO;DEL01-RO;UOP01-DEL01-RO;;;
736601;05/12/2025;sexta-feira;15:50:00;MG;262;48,7;MANHUACU;Pista Escorregadia;Sa�da de leito carro��vel;Com V�timas Feridas;Pleno dia;Decrescente;Chuva;Simples;Curva;N�o;3;0;2;0;1;0;2;1;-20,248442;-42,129317;SPRF-MG;DEL06-MG;UOP03-DEL06-MG;;;
736602;05/12/2025;sexta-feira;09:55:00;BA;116;15;VITORIA DA CONQUISTA;Aus�ncia de rea��o do condutor;Colis�o traseira;Sem V�timas;Pleno dia;Crescente;Chuva;Simples;Reta;N�o;2;0;0;0;2;0;0;2;-14,9026536;-40,84493637;SPRF-BA;DEL08-BA;UOP01-DEL08-BA;;;
736603;05/12/2025;sexta-feira;15:45:00;MG;381;360;SAO GONCALO DO RIO ABAIXO;Rea��o tardia ou ineficiente do condutor;Tombamento;Com V�timas Feridas;Pleno dia;Crescente;C�u Claro;Simples;Curva;N�o;3;0;1;0;1;2;1;4;-19,85;-43,252;SPRF-MG;DEL03-MG;UOP01-DEL03-MG;;;
736607;05/12/2025;sexta-feira;16:05:00;PR;376;515,9;PONTA GROSSA;Velocidade Incompat�vel;Colis�o traseira;Com V�timas Feridas;Pleno dia;Decrescente;Sol;Dupla;"Reta;Declive";N�o;5;0;2;0;2;3;2;5;-25,2665163;-49,9640893;SPRF-PR;DEL03-PR;UOP04-DEL03-PR;;;
736609;05/12/2025;sexta-feira;16:05:00;PR;376;68,9;GUAIRACA;Carga excessiva e/ou mal acondicionada;Tombamento;Com V�timas Feridas;Pleno dia;Crescente;C�u Claro;Simples;Reta;N�o;4;0;1;0;1;3;1;5;-22,931705;-52,7615;SPRF-PR;DEL09-PR;UOP02-DEL09-PR;;;
736611;05/12/2025;sexta-feira;15:30:00;MS;163;549;BANDEIRANTES;Acessar a via sem observar a presen�a dos outros ve�culos;Colis�o transversal;Com V�timas Feridas;Pleno dia;Crescente;Nublado;Simples;"Interse��o de Vias;Reta";Sim;5;0;1;2;1;1;3;4;-19,91670961;-54,36927795;SPRF-MS;DEL01-MS;UOP02-DEL01-MS;;;
736612;05/12/2025;sexta-feira;15:50:00;SC;470;26,7;ILHOTA;Condutor Dormindo;Colis�o traseira;Com V�timas Feridas;Pleno dia;Decrescente;C�u Claro;Dupla;Reta;N�o;5;0;0;2;3;0;2;2;-26,88335813;-48,86481827;SPRF-SC;DEL04-SC;UOP04-DEL04-SC;;;
736614;05/12/2025;sexta-feira;15:45:00;SC;470;122,9;IBIRAMA;Ultrapassagem Indevida;Colis�o lateral mesmo sentido;Com V�timas Feridas;Pleno dia;Crescente;C�u Claro;Simples;"Aclive;Curva";Sim;5;0;1;1;2;2;2;5;-27,10755;-49,52355;SPRF-SC;DEL04-SC;UOP02-DEL04-SC;;;
736620;05/12/2025;sexta-feira;16:50:00;MG;381;409;NOVA UNIAO;Manobra de mudan�a de faixa;Colis�o lateral mesmo sentido;Com V�timas Feridas;Pleno dia;Decrescente;C�u Claro;Dupla;Reta;N�o;2;0;1;0;1;0;1;2;-19,73450661;-43,59918801;SPRF-MG;DEL01-MG;UOP01-DEL01-MG;;;
736622;05/12/2025;sexta-feira;15:55:00;SC;116;179,8;SAO CRISTOVAO DO SUL;Velocidade Incompat�vel;Colis�o traseira;Com V�timas Feridas;Pleno dia;Crescente;C�u Claro;Simples;Curva;Sim;2;0;1;0;1;0;1;2;-27,26295048;-50,44401024;SPRF-SC;DEL05-SC;UOP03-DEL05-SC;;;
736640;05/12/2025;sexta-feira;14:30:00;PA;230;89;SAO JOAO DO ARAGUAIA;Rea��o tardia ou ineficiente do condutor;Colis�o lateral sentido oposto;Com V�timas Feridas;Pleno dia;Decrescente;Nublado;Simples;Declive;N�o;3;0;1;0;1;3;1;5;-5,45490579;-48,89063906;SPRF-PA;DEL03-PA;UOP01-DEL03-PA;;;
736648;05/12/2025;sexta-feira;18:05:00;PE;101;81,7;JABOATAO DOS GUARARAPES;Trafegar com motocicleta (ou similar) entre as faixas;Colis�o lateral mesmo sentido;Com V�timas Feridas;Plena Noite;Crescente;Nublado;Dupla;Reta;Sim;5;0;0;2;1;2;2;4;-8,16601;-34,93856;SPRF-PE;DEL01-PE;UOP01-DEL01-PE;;;
736649;05/12/2025;sexta-feira;18:45:00;PR;277;6;PARANAGUA;Aus�ncia de rea��o do condutor;Colis�o lateral mesmo sentido;Com V�timas Feridas;Anoitecer;Crescente;Nublado;Dupla;Reta;N�o;3;0;1;0;1;3;1;5;-25,55973402;-48,57722729;SPRF-PR;DEL01-PR;UOP05-DEL01-PR;;;
736654;05/12/2025;sexta-feira;17:40:00;GO;60;109;GOIANAPOLIS;Chuva;Colis�o lateral mesmo sentido;Com V�timas Feridas;Pleno dia;Decrescente;Chuva;Dupla;Reta;N�o;3;0;0;1;1;2;1;4;-16,448545;-49,026353;SPRF-GO;DEL01-GO;UOP01-DEL01-GO;;;
736656;05/12/2025;sexta-feira;18:05:00;MG;459;20;CALDAS;Curva acentuada;Tombamento;Com V�timas Feridas;Anoitecer;Crescente;C�u Claro;Simples;"Curva;Declive";N�o;2;0;1;1;0;0;2;2;-21,84154625;-46,44016743;SPRF-MG;DEL09-MG;UOP01-DEL09-MG;;;
736660;05/12/2025;sexta-feira;18:00:00;RJ;116;323;ITATIAIA;Entrada inopinada do pedestre;Atropelamento de Pedestre;Com V�timas Feridas;Anoitecer;Decrescente;C�u Claro;Dupla;Reta;Sim;2;0;0;1;1;0;1;2;-22,48954333;-44,55604167;SPRF-RJ;DEL07-RJ;UOP02-DEL07-RJ;;;
736662;05/12/2025;sexta-feira;18:40:00;SP;381;67;MAIRIPORA;Rea��o tardia ou ineficiente do condutor;Colis�o traseira;Com V�timas Feridas;Anoitecer;Decrescente;C�u Claro;M�ltipla;Reta;N�o;2;0;1;0;0;1;1;2;-23,3301976;-46,5769088;SPRF-SP;DEL03-SP;UOP01-DEL03-SP;;;
736664;05/12/2025;sexta-feira;18:30:00;AL;423;45,9;INHAPI;Chuva;Colis�o lateral sentido oposto;Com V�timas Fatais;Plena Noite;Crescente;Chuva;Simples;Reta;N�o;2;1;0;0;1;0;0;2;-9,25022;-37,68767;SPRF-AL;DEL03-AL;UOP02-DEL03-AL;;;
736669;05/12/2025;sexta-feira;19:20:00;PA;230;2;ALTAMIRA;Rea��o tardia ou ineficiente do condutor;Colis�o lateral mesmo sentido;Sem V�timas;Plena Noite;Decrescente;C�u Claro;Simples;Rotat�ria;Sim;4;0;0;0;3;1;0;3;-3,182518;-52,185918;SPRF-PA;DEL04-PA;UOP01-DEL04-PA;;;
736672;05/12/2025;sexta-feira;20:30:00;MA;222;365;SANTA INES;Acesso irregular;Colis�o transversal;Com V�timas Feridas;Plena Noite;Decrescente;C�u Claro;Simples;Reta;Sim;5;0;3;0;2;0;3;2;-3,683031;-45,395912;SPRF-MA;DEL02-MA;UOP01-DEL02-MA;;;
736675;05/12/2025;sexta-feira;20:30:00;GO;60;54;ABADIANIA;Desrespeitar a prefer�ncia no cruzamento;Colis�o transversal;Com V�timas Feridas;Plena Noite;Crescente;C�u Claro;Dupla;Retorno Regulamentado;N�o;3;0;1;0;2;0;1;2;-16,18576693;-48,66097736;SPRF-GO;DEL02-GO;UOP01-DEL02-GO;;;
736684;05/12/2025;sexta-feira;21:00:00;PR;277;344;GUARAPUAVA;Rea��o tardia ou ineficiente do condutor;Colis�o lateral mesmo sentido;Com V�timas Feridas;Plena Noite;Crescente;C�u Claro;Dupla;"Aclive;Reta";Sim;4;0;1;0;2;1;1;2;-25,343894;-51,438933;SPRF-PR;DEL08-PR;UOP01-DEL08-PR;;;
736685;05/12/2025;sexta-feira;18:40:00;TO;153;16;XAMBIOA;Transitar na contram�o;Colis�o lateral sentido oposto;Com V�timas Feridas;Plena Noite;Crescente;Nublado;Simples;Reta;N�o;3;0;1;0;1;1;1;3;-6,487127;-48,463438;SPRF-TO;DEL02-TO;UOP01-DEL02-TO;;;
736687;05/12/2025;sexta-feira;21:35:00;SC;470;159,9;TROMBUDO CENTRAL;Acessar a via sem observar a presen�a dos outros ve�culos;Colis�o transversal;Com V�timas Feridas;Plena Noite;Crescente;C�u Claro;Simples;"Reta;Interse��o de Vias";Sim;2;0;0;1;1;0;1;2;-27,28581387;-49,79908347;SPRF-SC;DEL04-SC;UOP02-DEL04-SC;;;
736690;05/12/2025;sexta-feira;21:50:00;MG;381;526,5;BRUMADINHO;Velocidade Incompat�vel;Tombamento;Sem V�timas;Plena Noite;Crescente;Nublado;Dupla;"Curva;Declive";N�o;2;0;0;0;1;1;0;2;-20,15651992;-44,32725906;SPRF-MG;DEL04-MG;UOP03-DEL04-MG;;;
736691;05/12/2025;sexta-feira;21:30:00;ES;101;208,3;IBIRACU;Rea��o tardia ou ineficiente do condutor;Colis�o traseira;Com V�timas Fatais;Plena Noite;Decrescente;Nublado;Simples;Reta;N�o;3;1;0;0;1;1;0;3;-19,78626969;-40,37100077;SPRF-ES;DEL02-ES;UOP01-DEL02-ES;;;
736693;05/12/2025;sexta-feira;21:50:00;PB;230;80,2;RIACHAO DO POCO;Rea��o tardia ou ineficiente do condutor;Sa�da de leito carro��vel;Com V�timas Feridas;Plena Noite;Crescente;C�u Claro;Dupla;"Reta;Declive";N�o;1;0;1;0;0;0;1;1;-7,1739;-35,32704;SPRF-PB;DEL01-PB;UOP02-DEL01-PB;;;
736694;05/12/2025;sexta-feira;20:20:00;MG;116;250,9;TEOFILO OTONI;Suic�dio (presumido);Atropelamento de Pedestre;Com V�timas Fatais;Plena Noite;Decrescente;Chuva;Simples;"Declive;Curva";N�o;3;1;0;0;1;1;0;3;-17,649208;-41,494667;SPRF-MG;DEL11-MG;UOP01-DEL11-MG;;;
736698;05/12/2025;sexta-feira;22:00:00;MG;50;165;UBERABA;Aus�ncia de rea��o do condutor;Colis�o traseira;Com V�timas Feridas;Plena Noite;Crescente;Garoa/Chuvisco;Dupla;"Reta;Declive";N�o;2;0;1;0;0;1;1;2;-19,7197824;-47,9821824;SPRF-MG;DEL13-MG;UOP01-DEL13-MG;;;
736701;05/12/2025;sexta-feira;13:50:00;SP;116;12,5;QUELUZ;Condutor Dormindo;Tombamento;Com V�timas Feridas;Pleno dia;Crescente;C�u Claro;Dupla;Reta;N�o;2;0;0;1;0;1;1;2;-22,55131172;-44,81230584;SPRF-SP;DEL08-SP;UOP02-DEL08-SP;;;
736703;05/12/2025;sexta-feira;18:20:00;PE;101;56;RECIFE;Aus�ncia de rea��o do condutor;Colis�o com objeto;Com V�timas Feridas;Plena Noite;Decrescente;C�u Claro;Dupla;Curva;Sim;1;0;1;0;0;0;1;1;-7,96133023;-34,91306474;SPRF-PE;DEL01-PE;UOP02-DEL01-PE;;;
736712;05/12/2025;sexta-feira;23:10:00;MG;40;609;CONGONHAS;Pedestre andava na pista;Atropelamento de Pedestre;Com V�timas Feridas;Plena Noite;Crescente;C�u Claro;Simples;"Em Obras;Declive";N�o;3;0;1;0;1;1;1;3;-20,49309227;-43,83703351;SPRF-MG;DEL05-MG;UOP02-DEL05-MG;;;
736714;05/12/2025;sexta-feira;22:37:00;RS;386;237,2;SOLEDADE;Demais falhas mec�nicas ou el�tricas;Colis�o traseira;Com V�timas Feridas;Plena Noite;Decrescente;C�u Claro;Simples;"Reta;Aclive;Em Obras";N�o;17;0;7;8;1;1;15;3;-28,74784159;-52,54669547;SPRF-RS;DEL04-RS;UOP03-DEL04-RS;;;
736715;05/12/2025;sexta-feira;23:40:00;SC;101;192,4;BIGUACU;Rea��o tardia ou ineficiente do condutor;Colis�o traseira;Com V�timas Feridas;Plena Noite;Crescente;C�u Claro;M�ltipla;"Aclive;Reta";Sim;2;0;1;0;1;0;1;2;-27,48732;-48,651402;SPRF-SC;DEL01-SC;UOP01-DEL01-SC;;;
736722;05/12/2025;sexta-feira;23:40:00;MG;381;649,3;SANTO ANTONIO DO AMPARO;Ingest�o de �lcool pelo condutor;Colis�o frontal;Com V�timas Feridas;Plena Noite;Crescente;C�u Claro;Simples;Reta;N�o;2;0;1;0;1;0;1;2;-20,95515905;-44,90663182;SPRF-MG;DEL04-MG;UOP02-DEL04-MG;;;
736726;06/12/2025;s�bado;01:39:00;SP;116;502;CAJATI;Demais falhas mec�nicas ou el�tricas;Inc�ndio;Sem V�timas;Plena Noite;Decrescente;C�u Claro;Simples;"Curva;Declive";N�o;2;0;0;0;1;1;0;2;-24,7787657;-48,1988846;SPRF-SP;DEL05-SP;UOP02-DEL05-SP;;;
736727;06/12/2025;s�bado;01:55:00;MG;40;485;SETE LAGOAS;Demais falhas mec�nicas ou el�tricas;Inc�ndio;Sem V�timas;Plena Noite;Crescente;C�u Claro;Dupla;"Aclive;Reta";N�o;2;0;0;0;1;1;0;2;-19,58216;-44,22974;SPRF-MG;DEL02-MG;UOP01-DEL02-MG;;;
736733;06/12/2025;s�bado;03:20:00;MG;262;731,1;PERDIZES;Velocidade Incompat�vel;Colis�o frontal;Com V�timas Feridas;Pleno dia;Crescente;Nublado;Simples;"Declive;Curva";N�o;3;0;1;0;1;3;1;5;-19,611603;-47,437428;SPRF-MG;DEL08-MG;UOP01-DEL08-MG;;;
736745;06/12/2025;s�bado;04:05:00;MG;381;830,9;SAO SEBASTIAO DA BELA VISTA;Pedestre cruzava a pista fora da faixa;Atropelamento de Pedestre;Com V�timas Fatais;Amanhecer;Crescente;C�u Claro;Dupla;Reta;N�o;2;1;0;0;1;0;0;2;-22,12154732;-45,77171834;SPRF-MG;DEL16-MG;UOP01-DEL16-MG;;;
736757;06/12/2025;s�bado;06:30:00;MG;381;499;BETIM;Velocidade Incompat�vel;Colis�o traseira;Com V�timas Feridas;Pleno dia;Decrescente;C�u Claro;Dupla;"Reta;Aclive";N�o;4;0;1;0;3;0;1;3;-20,00319978;-44,2124176;SPRF-MG;DEL01-MG;UOP03-DEL01-MG;;;
736759;05/12/2025;sexta-feira;20:15:00;MG;365;423;PATOS DE MINAS;Chuva;Sa�da de leito carro��vel;Com V�timas Feridas;Plena Noite;Crescente;Chuva;Dupla;Declive;N�o;2;0;0;2;0;0;2;1;-18,70894885;-46,60812378;SPRF-MG;DEL10-MG;UOP01-DEL10-MG;;;
736765;06/12/2025;s�bado;06:06:00;GO;60;123;TEREZOPOLIS DE GOIAS;Demais falhas mec�nicas ou el�tricas;Sa�da de leito carro��vel;Sem V�timas;Amanhecer;Decrescente;Garoa/Chuvisco;Dupla;Reta;N�o;2;0;0;0;1;1;0;2;-16,51658065;-49,12193298;SPRF-GO;DEL01-GO;UOP01-DEL01-GO;;;
736770;06/12/2025;s�bado;06:50:00;RS;470;155;NOVA PRATA;Acessar a via sem observar a presen�a dos outros ve�culos;Colis�o transversal;Com V�timas Feridas;Pleno dia;Decrescente;Sol;Simples;"Reta;Rotat�ria";Sim;2;0;1;0;1;0;1;2;-28,77415015;-51,61391642;SPRF-RS;DEL06-RS;UOP02-DEL06-RS;;;
736771;06/12/2025;s�bado;06:08:00;CE;222;54,3;SAO GONCALO DO AMARANTE;Manobra de mudan�a de faixa;Colis�o frontal;Com V�timas Fatais;Pleno dia;Decrescente;C�u Claro;Simples;Reta;N�o;3;1;0;0;2;0;0;2;-3,669352;-39,034179;SPRF-CE;DEL01-CE;UOP03-DEL01-CE;;;
736774;06/12/2025;s�bado;08:30:00;SE;101;148,9;ESTANCIA;Trafegar com motocicleta (ou similar) entre as faixas;Colis�o lateral mesmo sentido;Com V�timas Feridas;Pleno dia;Crescente;C�u Claro;Simples;Reta;Sim;3;0;1;0;1;1;1;3;-11,14853482;-37,40287364;SPRF-SE;DEL02-SE;UOP01-DEL02-SE;;;
736775;06/12/2025;s�bado;00:10:00;RJ;116;263,2;VOLTA REDONDA;Ingest�o de �lcool pelo condutor;Colis�o traseira;Com V�timas Feridas;Plena Noite;Decrescente;C�u Claro;Dupla;"Declive;Curva";N�o;2;0;1;0;1;0;1;2;-22,59223;-44,06784;SPRF-RJ;DEL07-RJ;UOP02-DEL07-RJ;;;
736777;02/12/2025;ter�a-feira;16:30:00;BA;101;123;ALAGOINHAS;Curva acentuada;Tombamento;Com V�timas Feridas;Pleno dia;Crescente;Sol;Simples;"Curva;Declive";N�o;2;0;1;0;0;1;1;2;-12,1009812;-38,372359;SPRF-BA;DEL01-BA;UOP04-DEL01-BA;;;
736779;06/12/2025;s�bado;07:00:00;GO;153;516,5;APARECIDA DE GOIANIA;Manobra de mudan�a de faixa;Colis�o lateral mesmo sentido;Sem V�timas;Pleno dia;Decrescente;C�u Claro;Dupla;Reta;Sim;4;0;0;0;3;1;0;3;-16,8438796;-49,2450246;SPRF-GO;DEL01-GO;UOP03-DEL01-GO;;;
736780;06/12/2025;s�bado;05:00:00;PA;10;132;PARAGOMINAS;Condutor Dormindo;Sa�da de leito carro��vel;Com V�timas Feridas;Amanhecer;Crescente;C�u Claro;Simples;Reta;N�o;1;0;1;0;0;0;1;1;-3,290381;-47,466824;SPRF-PA;DEL02-PA;UOP01-DEL02-PA;;;
736786;16/11/2025;domingo;11:30:00;SP;116;509;CAJATI;Rea��o tardia ou ineficiente do condutor;Sa�da de leito carro��vel;Com V�timas Feridas;Pleno dia;Crescente;Nublado;Simples;"Declive;Curva";N�o;3;0;2;0;1;0;2;2;-24,82288578;-48,21762085;SPRF-SP;DEL05-SP;UOP02-DEL05-SP;;;
736788;06/12/2025;s�bado;07:10:00;MT;163;866;SINOP;Aus�ncia de rea��o do condutor;Tombamento;Com V�timas Feridas;Pleno dia;Crescente;C�u Claro;Simples;Reta;N�o;2;0;1;0;0;1;1;2;-11,589674;-55,422631;SPRF-MT;DEL06-MT;UOP02-DEL06-MT;;;
736789;12/11/2025;quarta-feira;16:00:00;PE;408;27,9;ALIANCA;Aus�ncia de rea��o do condutor;Tombamento;Com V�timas Feridas;Pleno dia;Crescente;C�u Claro;Simples;Curva;N�o;2;0;0;1;0;1;1;2;-7,61458;-35,23939;SPRF-PE;DEL01-PE;UOP01-DEL01-PE;;;
736791;06/12/2025;s�bado;07:00:00;GO;40;93;CRISTALINA;Acessar a via sem observar a presen�a dos outros ve�culos;Colis�o transversal;Com V�timas Feridas;Pleno dia;Crescente;Nevoeiro/Neblina;Simples;Interse��o de Vias;Sim;2;0;1;0;1;0;1;2;-16,73403472;-47,62158606;SPRF-DF;DEL01-DF;UOP02-DEL01-DF;;;
736800;06/12/2025;s�bado;10:30:00;GO;40;95;CRISTALINA;Condutor deixou de manter dist�ncia do ve�culo da frente;Colis�o traseira;Sem V�timas;Pleno dia;Decrescente;Chuva;Simples;Reta;Sim;3;0;0;0;3;0;0;2;-16,76860057;-47,60737538;SPRF-DF;DEL01-DF;UOP02-DEL01-DF;;;
736801;06/12/2025;s�bado;10:20:00;MG;251;520,3;MONTES CLAROS;Carga excessiva e/ou mal acondicionada;Sa�da de leito carro��vel;Sem V�timas;Pleno dia;Crescente;C�u Claro;Simples;Reta;N�o;2;0;0;0;1;1;0;2;-16,66351;-43,77676;SPRF-MG;DEL12-MG;UOP01-DEL12-MG;;;
736803;06/12/2025;s�bado;07:10:00;SC;280;30;ARAQUARI;Trafegar com motocicleta (ou similar) entre as faixas;Colis�o lateral mesmo sentido;Com V�timas Feridas;Pleno dia;Crescente;C�u Claro;Simples;Reta;Sim;3;0;1;0;1;1;1;3;-26,41643616;-48,77131311;SPRF-SC;DEL03-SC;UOP03-DEL03-SC;;;
736815;06/12/2025;s�bado;11:15:00;SC;470;141;RIO DO SUL;Entrada inopinada do pedestre;Atropelamento de Pedestre;Com V�timas Feridas;Pleno dia;Crescente;C�u Claro;Simples;"Reta;Declive";Sim;3;0;0;1;1;1;1;3;-27,2068508;-49,6468276;SPRF-SC;DEL04-SC;UOP02-DEL04-SC;;;
736818;06/12/2025;s�bado;12:00:00;PR;369;51,7;BANDEIRANTES;Transitar na contram�o;Colis�o frontal;Com V�timas Feridas;Pleno dia;Crescente;C�u Claro;Simples;Curva;N�o;3;0;1;0;1;3;1;5;-23,1106435;-50,3347196;SPRF-PR;DEL07-PR;UOP05-DEL07-PR;;;
736821;06/12/2025;s�bado;10:50:00;SC;282;656,8;SAO MIGUEL DO OESTE;Aus�ncia de rea��o do condutor;Colis�o com objeto;Com V�timas Feridas;Pleno dia;Decrescente;Sol;Simples;"Curva;Ponte";N�o;2;0;1;0;1;0;1;1;-26,68795127;-53,54900328;SPRF-SC;DEL07-SC;UOP03-DEL07-SC;;;
736823;06/12/2025;s�bado;12:35:00;RJ;116;338;RESENDE;Condutor deixou de manter dist�ncia do ve�culo da frente;Colis�o traseira;Com V�timas Feridas;Pleno dia;Crescente;Sol;Dupla;Reta;N�o;3;0;1;0;1;1;1;3;-22,51231224;-44,696283;SPRF-RJ;DEL07-RJ;UOP02-DEL07-RJ;;;
736825;06/12/2025;s�bado;13:00:00;PR;116;151;MANDIRITUBA;Condutor deixou de manter dist�ncia do ve�culo da frente;Colis�o traseira;Com V�timas Feridas;Pleno dia;Crescente;C�u Claro;Simples;Reta;N�o;2;0;1;0;1;0;1;2;-25,849443;-49,355244;SPRF-PR;DEL01-PR;UOP03-DEL01-PR;;;
736829;06/12/2025;s�bado;12:35:00;RO;364;140,7;PIMENTA BUENO;Ultrapassagem Indevida;Colis�o frontal;Com V�timas Feridas;Pleno dia;Crescente;Nublado;Simples;"Aclive;Reta";N�o;3;0;1;1;0;1;2;3;-12,0147346;-60,8529733;SPRF-RO;DEL02-RO;UOP02-DEL02-RO;;;
736830;22/11/2025;s�bado;15:30:00;BA;349;834;SERRA DO RAMALHO;Rea��o tardia ou ineficiente do condutor;Tombamento;Com V�timas Feridas;Pleno dia;Crescente;C�u Claro;Simples;Reta;N�o;2;0;1;0;0;1;1;2;-13,31229;-43,79054;SPRF-BA;DEL10-BA;UOP02-DEL10-BA;;;
736831;06/12/2025;s�bado;07:00:00;GO;364;12,7;SAO SIMAO;Aus�ncia de rea��o do condutor;Colis�o traseira;Com V�timas Feridas;Pleno dia;Crescente;C�u Claro;Simples;Reta;N�o;3;0;2;0;0;1;2;2;-18,97508942;-50,59952974;SPRF-GO;DEL05-GO;UOP02-DEL05-GO;;;
736839;06/12/2025;s�bado;10:44:00;MG;116;387,7;GOVERNADOR VALADARES;Rea��o tardia ou ineficiente do condutor;Colis�o traseira;Com V�timas Feridas;Pleno dia;Crescente;Nublado;Simples;"Interse��o de Vias;Curva";N�o;3;0;1;0;1;1;1;3;-18,66128207;-41,97627604;SPRF-MG;DEL06-MG;UOP01-DEL06-MG;;;
736848;06/12/2025;s�bado;13:10:00;MA;135;73,7;SANTA RITA;Ultrapassagem Indevida;Colis�o lateral sentido oposto;Com V�timas Fatais;Pleno dia;Crescente;Nublado;Simples;"Reta;Aclive";N�o;4;1;0;0;2;1;0;4;-3,171572;-44,341477;SPRF-MA;DEL01-MA;UOP02-DEL01-MA;;;
736850;06/12/2025;s�bado;14:15:00;PE;232;4,8;RECIFE;Acessar a via sem observar a presen�a dos outros ve�culos;Colis�o lateral mesmo sentido;Com V�timas Feridas;Pleno dia;Decrescente;C�u Claro;Dupla;"Reta;Interse��o de Vias";Sim;2;0;0;1;1;0;1;2;-8,06511182;-34,93791247;SPRF-PE;DEL01-PE;UOP01-DEL01-PE;;;
736851;06/12/2025;s�bado;14:20:00;RS;116;30,1;VACARIA;Suic�dio (presumido);Colis�o frontal;Com V�timas Fatais;Pleno dia;Decrescente;C�u Claro;Simples;Reta;N�o;3;1;0;0;1;1;0;3;-28,4477;-50,88048;SPRF-RS;DEL05-RS;UOP03-DEL05-RS;;;
736855;06/12/2025;s�bado;13:40:00;MG;40;499,2;ESMERALDAS;Condutor Dormindo;Colis�o com objeto;Sem V�timas;Pleno dia;Decrescente;C�u Claro;M�ltipla;Reta;Sim;1;0;0;0;1;0;0;1;-19,69455;-44,17765;SPRF-MG;DEL02-MG;UOP01-DEL02-MG;;;
736860;06/12/2025;s�bado;16:30:00;RN;406;165,7;SAO GONCALO DO AMARANTE;Rea��o tardia ou ineficiente do condutor;Colis�o com objeto;Com V�timas Feridas;Pleno dia;Decrescente;C�u Claro;Simples;Reta;N�o;3;0;2;0;0;1;2;2;-5,74487351;-35,33642387;SPRF-RN;DEL02-RN;UOP01-DEL02-RN;;;
736867;06/12/2025;s�bado;12:50:00;MG;251;337;RUBELITA;Aus�ncia de rea��o do condutor;Sa�da de leito carro��vel;Com V�timas Feridas;Pleno dia;Crescente;Chuva;Simples;"Aclive;Reta";N�o;1;0;1;0;0;0;1;1;-16,25648624;-42,43188143;SPRF-MG;DEL12-MG;UOP02-DEL12-MG;;;
736870;06/12/2025;s�bado;12:30:00;CE;222;262;COREAU;Ultrapassagem Indevida;Colis�o frontal;Com V�timas Feridas;Pleno dia;Decrescente;C�u Claro;Simples;Aclive;N�o;4;0;1;2;0;2;3;5;-3,74899111;-40,66867299;SPRF-CE;DEL04-CE;UOP02-DEL04-CE;;;
736883;06/12/2025;s�bado;16:30:00;MG;381;569;ITAGUARA;Condutor Dormindo;Tombamento;Com V�timas Feridas;Pleno dia;Decrescente;C�u Claro;Dupla;"Reta;Aclive";N�o;1;0;1;0;0;0;1;1;-20,40642047;-44,51969147;SPRF-MG;DEL04-MG;UOP03-DEL04-MG;;;
736886;06/12/2025;s�bado;18:45:00;ES;101;243;SERRA;Acessar a via sem observar a presen�a dos outros ve�culos;Colis�o transversal;Com V�timas Feridas;Plena Noite;Decrescente;Nublado;Simples;"Reta;Em Obras";N�o;2;0;1;0;1;0;1;2;-20,04814033;-40,38682955;SPRF-ES;DEL02-ES;UOP01-DEL02-ES;;;
736889;06/12/2025;s�bado;10:10:00;CE;20;144;TAUA;Demais falhas mec�nicas ou el�tricas;Eventos at�picos;Sem V�timas;Pleno dia;Decrescente;C�u Claro;Simples;"Reta;Declive";N�o;2;0;0;0;1;2;0;3;-5,5297;-40,0622;SPRF-CE;DEL02-CE;UOP02-DEL02-CE;;;
736903;06/12/2025;s�bado;19:15:00;RS;386;367;FAZENDA VILANOVA;Acessar a via sem observar a presen�a dos outros ve�culos;Colis�o transversal;Com V�timas Feridas;Plena Noite;Decrescente;C�u Claro;Dupla;"Interse��o de Vias;Reta;Retorno Regulamentado";N�o;5;0;1;0;3;2;1;4;-29,580625;-51,841428;SPRF-RS;DEL04-RS;UOP01-DEL04-RS;;;