id;data_inversa;dia_semana;horario;uf;br;km;municipio;causa_acidente;tipo_acidente;classificacao_acidente;fase_dia;sentido_via;condicao_metereologica;tipo_pista;tracado_via;uso_solo;pessoas;mortos;feridos_leves;feridos_graves;ilesos;ignorados;feridos;veiculos;latitude;longitude;regional;delegacia;uop;;;
736906;06/12/2025;s�bado;16:35:00;MG;262;401,8;PARA DE MINAS;Velocidade Incompat�vel;Sa�da de leito carro��vel;Com V�timas Feridas;Pleno dia;Crescente;Sol;Dupla;Reta;N�o;3;0;1;0;1;2;1;4;-19,89304;-44,6528;SPRF-MG;DEL01-MG;UOP03-DEL01-MG;;;
736918;06/12/2025;s�bado;12:00:00;MG;267;192,9;BOM JARDIM DE MINAS;Ultrapassagem Indevida;Colis�o frontal;Com V�timas Fatais;Pleno dia;Decrescente;C�u Claro;Simples;"Curva;Aclive";N�o;4;2;1;0;0;1;1;3;-21,928116;-44,032562;SPRF-MG;DEL05-MG;UOP01-DEL05-MG;;;
736922;06/12/2025;s�bado;13:25:00;PA;163;514;ITAITUBA;Chuva;Colis�o frontal;Com V�timas Feridas;Pleno dia;Decrescente;Chuva;Simples;Curva;N�o;3;0;0;1;1;3;1;5;-5,404048;-55,883857;SPRF-PA;DEL05-PA;UOP03-DEL05-PA;;;
736924;06/12/2025;s�bado;21:00:00;RS;285;539,9;SAO LUIZ GONZAGA;Acessar a via sem observar a presen�a dos outros ve�culos;Colis�o lateral sentido oposto;Sem V�timas;Plena Noite;Decrescente;C�u Claro;Simples;Reta;N�o;2;0;0;0;1;1;0;2;-28,402166;-54,672407;SPRF-RS;DEL10-RS;UOP01-DEL10-RS;;;
736925;06/12/2025;s�bado;21:30:00;GO;153;211;URUACU;Transitar na contram�o;Colis�o frontal;Com V�timas Fatais;Plena Noite;Crescente;Garoa/Chuvisco;Simples;"Reta;Interse��o de Vias";N�o;3;1;0;0;1;1;0;3;-14,6314;-49,17452;SPRF-GO;DEL07-GO;UOP02-DEL07-GO;;;
736932;06/12/2025;s�bado;17:30:00;MG;251;471;FRANCISCO SA;Aus�ncia de rea��o do condutor;Colis�o com objeto;Com V�timas Feridas;Pleno dia;Crescente;Chuva;Simples;Reta;N�o;2;0;1;0;0;1;1;2;-16,64864865;-43,70604633;SPRF-MG;DEL12-MG;UOP01-DEL12-MG;;;
736946;06/12/2025;s�bado;22:45:00;PB;101;72,5;SANTA RITA;Rea��o tardia ou ineficiente do condutor;Sa�da de leito carro��vel;Sem V�timas;Plena Noite;Crescente;C�u Claro;Dupla;Reta;N�o;2;0;0;0;1;1;0;2;-7,07802776;-34,98879075;SPRF-PB;DEL01-PB;UOP03-DEL01-PB;;;
736947;06/12/2025;s�bado;22:25:00;SC;101;279,5;IMBITUBA;Manobra de mudan�a de faixa;Colis�o traseira;Com V�timas Feridas;Plena Noite;Crescente;C�u Claro;M�ltipla;Reta;N�o;3;0;1;0;1;1;1;2;-28,18962427;-48,69682431;SPRF-SC;DEL02-SC;UOP03-DEL02-SC;;;
736957;07/12/2025;domingo;00:10:00;BA;116;802;VITORIA DA CONQUISTA;Manobra de mudan�a de faixa;Colis�o frontal;Com V�timas Fatais;Plena Noite;Crescente;C�u Claro;Simples;Reta;N�o;3;1;1;0;0;1;1;2;-14,756709;-40,690398;SPRF-BA;DEL08-BA;UOP02-DEL08-BA;;;
736959;06/12/2025;s�bado;23:42:00;BA;116;11;VITORIA DA CONQUISTA;Desrespeitar a prefer�ncia no cruzamento;Colis�o transversal;Com V�timas Feridas;Plena Noite;Decrescente;Nublado;Simples;Interse��o de Vias;Sim;5;0;1;0;3;1;1;3;-14,87312016;-40,87140131;SPRF-PE;DEL05-PE;UOP03-DEL05-PE;;;
736965;06/12/2025;s�bado;22:45:00;RJ;356;21,1;ITAPERUNA;Transitar na contram�o;Colis�o frontal;Com V�timas Feridas;Plena Noite;Decrescente;C�u Claro;Simples;Reta;N�o;2;0;0;1;1;0;1;2;-21,176277;-42,000061;SPRF-RJ;DEL08-RJ;UOP03-DEL08-RJ;;;
736967;06/12/2025;s�bado;23:00:00;ES;101;144,1;LINHARES;Velocidade Incompat�vel;Colis�o traseira;Com V�timas Feridas;Plena Noite;Crescente;Garoa/Chuvisco;M�ltipla;"Reta;Declive";Sim;3;0;0;1;1;1;1;3;-19,3560059;-40,0640973;SPRF-ES;DEL04-ES;UOP01-DEL04-ES;;;
736968;07/12/2025;domingo;01:30:00;SP;116;231;SAO PAULO;Pedestre andava na pista;Atropelamento de Pedestre;Com V�timas Fatais;Plena Noite;Decrescente;Nublado;M�ltipla;Reta;Sim;4;1;0;0;2;1;0;4;-23,52087476;-46,58408046;SPRF-SP;DEL01-SP;UOP01-DEL01-SP;;;
736970;07/12/2025;domingo;00:30:00;SC;101;119,2;ITAJAI;Aus�ncia de rea��o do condutor;Colis�o traseira;Sem V�timas;Plena Noite;Decrescente;Nublado;Dupla;Reta;N�o;4;0;0;0;2;2;0;4;-26,91162761;-48,71231524;SPRF-SC;DEL04-SC;UOP04-DEL04-SC;;;
736976;07/12/2025;domingo;01:20:00;SP;116;497;CAJATI;Rea��o tardia ou ineficiente do condutor;Colis�o traseira;Com V�timas Feridas;Plena Noite;Decrescente;Nublado;Dupla;Reta;N�o;3;0;1;0;1;2;1;4;-24,7689;-48,1698;SPRF-SP;DEL05-SP;UOP01-DEL05-SP;;;
736983;06/12/2025;s�bado;23:20:00;CE;226;32;PEREIRO;Aus�ncia de rea��o do condutor;Colis�o traseira;Com V�timas Fatais;Plena Noite;Decrescente;C�u Claro;Simples;Reta;N�o;3;1;0;0;0;2;0;3;-6,05405405;-38,46678774;SPRF-CE;DEL05-CE;UOP02-DEL05-CE;;;
736987;07/12/2025;domingo;05:00:00;BA;116;483;RAFAEL JAMBEIRO;Demais falhas mec�nicas ou el�tricas;Inc�ndio;Sem V�timas;Amanhecer;Decrescente;C�u Claro;Dupla;Reta;N�o;2;0;0;0;1;1;0;2;-12,52136059;-39,39335704;SPRF-BA;DEL02-BA;UOP01-DEL02-BA;;;
736993;07/12/2025;domingo;04:20:00;SC;101;258,2;PAULO LOPES;Aus�ncia de rea��o do condutor;Colis�o lateral mesmo sentido;Sem V�timas;Plena Noite;Crescente;C�u Claro;Dupla;Reta;N�o;4;0;0;0;3;2;0;4;-28,009224;-48,695515;SPRF-SC;DEL02-SC;UOP03-DEL02-SC;;;
737004;07/12/2025;domingo;02:03:00;PA;163;665;ITAITUBA;Condutor deixou de manter dist�ncia do ve�culo da frente;Colis�o traseira;Sem V�timas;Plena Noite;Crescente;C�u Claro;Simples;Reta;N�o;2;0;0;0;1;1;0;2;-4,42243;-55,80424;SPRF-PA;DEL05-PA;UOP02-DEL05-PA;;;
737007;07/12/2025;domingo;03:00:00;MG;381;726,9;CARMO DA CACHOEIRA;Condutor Dormindo;Colis�o traseira;Com V�timas Feridas;Plena Noite;Decrescente;C�u Claro;Dupla;"Reta;Aclive";N�o;3;0;0;1;1;5;1;7;-21,482289;-45,203259;SPRF-MG;DEL04-MG;UOP02-DEL04-MG;;;
737011;07/12/2025;domingo;07:10:00;SC;101;96,5;BALNEARIO PICARRAS;Suic�dio (presumido);Atropelamento de Pedestre;Com V�timas Fatais;Pleno dia;Decrescente;C�u Claro;Dupla;Reta;N�o;3;1;0;0;1;1;0;3;-26,72596;-48,702093;SPRF-SC;DEL03-SC;UOP02-DEL03-SC;;;
737021;07/12/2025;domingo;05:30:00;RO;364;393,2;OURO PRETO DO OESTE;Ingest�o de �lcool pelo condutor;Colis�o lateral sentido oposto;Com V�timas Feridas;Amanhecer;Crescente;Garoa/Chuvisco;Simples;"Reta;Aclive";N�o;7;0;1;0;5;2;1;4;-10,650547;-62,304163;SPRF-RO;DEL03-RO;UOP02-DEL03-RO;;;
737029;07/12/2025;domingo;08:30:00;SC;101;117,8;ITAJAI;Manobra de mudan�a de faixa;Colis�o lateral mesmo sentido;Com V�timas Feridas;Pleno dia;Decrescente;C�u Claro;M�ltipla;Reta;Sim;3;0;1;0;1;1;1;3;-26,89367422;-48,71979475;SPRF-SC;DEL04-SC;UOP04-DEL04-SC;;;
737031;07/12/2025;domingo;07:00:00;CE;222;29,6;CAUCAIA;Desvio tempor�rio;Tombamento;Sem V�timas;Pleno dia;Decrescente;C�u Claro;M�ltipla;Desvio Tempor�rio;Sim;2;0;0;0;1;1;0;2;-3,712692;-38,816638;SPRF-CE;DEL01-CE;UOP01-DEL01-CE;;;
737032;16/10/2025;quinta-feira;12:00:00;PR;277;111;CAMPO LARGO;Demais falhas mec�nicas ou el�tricas;Inc�ndio;Sem V�timas;Pleno dia;Crescente;C�u Claro;Dupla;"Reta;Aclive";Sim;2;0;0;0;1;1;0;2;-25,4313211;-49,3992885;SPRF-PR;DEL03-PR;UOP03-DEL03-PR;;;
737047;07/12/2025;domingo;08:15:00;MG;40;444;PARAOPEBA;Transtornos Mentais (exceto suicidio);Eventos at�picos;Com V�timas Feridas;Pleno dia;Decrescente;Nublado;Dupla;"Aclive;Reta";N�o;2;0;0;1;0;1;1;2;-19,29;-44,403889;SPRF-MG;DEL02-MG;UOP01-DEL02-MG;;;
737048;07/12/2025;domingo;09:50:00;ES;101;424;ITAPEMIRIM;Ingest�o de �lcool pelo condutor;Colis�o transversal;Com V�timas Feridas;Pleno dia;Crescente;C�u Claro;Simples;"Reta;Ponte";N�o;2;0;0;1;1;0;1;2;-20,95338051;-41,09117255;SPRF-ES;DEL03-ES;UOP02-DEL03-ES;;;
737053;07/12/2025;domingo;08:30:00;AM;174;905;MANAUS;Ultrapassagem Indevida;Sa�da de leito carro��vel;Sem V�timas;Pleno dia;Crescente;C�u Claro;Simples;"Reta;Declive";N�o;4;0;0;0;4;0;0;2;-2,79303819;-60,03688591;SPRF-AM;DEL01-AM;UOP01-DEL01-AM;;;
737061;07/12/2025;domingo;08:30:00;BA;116;642;JEQUIE;Demais falhas mec�nicas ou el�tricas;Inc�ndio;Sem V�timas;Pleno dia;Crescente;C�u Claro;Simples;"Aclive;Reta";N�o;2;0;0;0;1;1;0;2;-13,85813;-40,09198;SPRF-BA;DEL03-BA;UOP01-DEL03-BA;;;
737069;07/12/2025;domingo;09:30:00;SP;116;561,5;BARRA DO TURVO;Rea��o tardia ou ineficiente do condutor;Tombamento;Com V�timas Feridas;Pleno dia;Decrescente;C�u Claro;Dupla;"Curva;Aclive";N�o;3;0;1;0;1;1;1;2;-25,02456876;-48,51793019;SPRF-SP;DEL05-SP;UOP02-DEL05-SP;;;
737072;07/12/2025;domingo;10:40:00;PR;277;125,9;CAMPO LARGO;Rea��o tardia ou ineficiente do condutor;Colis�o traseira;Com V�timas Feridas;Pleno dia;Decrescente;C�u Claro;Dupla;Reta;N�o;5;0;0;2;1;4;2;6;-25,43521;-49,53471;SPRF-PR;DEL03-PR;UOP03-DEL03-PR;;;
737078;07/12/2025;domingo;11:13:00;MT;163;24,5;ITIQUIRA;Condutor deixou de manter dist�ncia do ve�culo da frente;Colis�o lateral mesmo sentido;Com V�timas Feridas;Pleno dia;Decrescente;Nublado;Simples;"Reta;Desvio Tempor�rio;Declive;Em Obras";N�o;2;0;1;0;1;0;1;2;-17,3007;-54,7629;SPRF-MT;DEL02-MT;UOP03-DEL02-MT;;;
737086;07/12/2025;domingo;12:45:00;SC;101;7;GARUVA;Ingest�o de �lcool pelo condutor;Colis�o lateral mesmo sentido;Com V�timas Feridas;Pleno dia;Crescente;C�u Claro;M�ltipla;"Interse��o de Vias;Reta";N�o;3;0;1;0;1;1;1;3;-26,039452;-48,85979;SPRF-SC;DEL03-SC;UOP01-DEL03-SC;;;
737087;07/12/2025;domingo;13:15:00;MG;381;947;EXTREMA;Aus�ncia de rea��o do condutor;Colis�o lateral mesmo sentido;Sem V�timas;Pleno dia;Crescente;Chuva;Dupla;Reta;Sim;3;0;0;0;1;2;0;3;-22,8649377;-46,3488952;SPRF-MG;DEL16-MG;UOP03-DEL16-MG;;;
737089;07/12/2025;domingo;13:40:00;ES;101;2;ICONHA;Velocidade Incompat�vel;Tombamento;Com V�timas Feridas;Pleno dia;Crescente;Sol;Simples;Curva;N�o;2;0;0;1;0;1;1;2;-20,795919;-40,789608;SPRF-ES;DEL03-ES;UOP02-DEL03-ES;;;
737094;07/12/2025;domingo;15:00:00;PR;116;22,5;ANTONINA;Aus�ncia de rea��o do condutor;Engavetamento;Com V�timas Feridas;Pleno dia;Decrescente;C�u Claro;Dupla;Reta;N�o;8;0;3;0;4;3;3;9;-25,11117536;-48,75232307;SPRF-PR;DEL01-PR;UOP02-DEL01-PR;;;
737095;07/12/2025;domingo;13:50:00;BA;101;817,1;ITAMARAJU;Aus�ncia de rea��o do condutor;Tombamento;Com V�timas Feridas;Pleno dia;Crescente;C�u Claro;Simples;"Declive;Curva";N�o;2;0;0;1;0;1;1;2;-17,085205;-39,571463;SPRF-BA;DEL09-BA;UOP01-DEL09-BA;;;
737100;07/12/2025;domingo;14:30:00;SP;116;373;MIRACATU;Mal s�bito do condutor;Colis�o lateral mesmo sentido;Com V�timas Fatais;Pleno dia;Decrescente;C�u Claro;Dupla;Reta;N�o;12;2;8;0;2;0;8;3;-24,1582919;-47,326769;SPRF-SP;DEL04-SP;UOP02-DEL04-SP;;;
737101;29/11/2025;s�bado;18:30:00;SC;101;125;ITAJAI;Condutor deixou de manter dist�ncia do ve�culo da frente;Colis�o lateral mesmo sentido;Com V�timas Feridas;Anoitecer;Crescente;C�u Claro;Dupla;Reta;Sim;5;0;1;0;3;1;1;5;-26,95621386;-48,67981307;SPRF-SC;DEL04-SC;UOP04-DEL04-SC;;;
737106;07/12/2025;domingo;14:00:00;PI;222;69;PIRIPIRI;Avarias e/ou desgaste excessivo no pneu;Sa�da de leito carro��vel;Com V�timas Feridas;Pleno dia;Decrescente;C�u Claro;Simples;Curva;N�o;2;0;1;0;0;1;1;2;-4,24716319;-41,71540261;SPRF-PI;DEL02-PI;UOP01-DEL02-PI;;;
737107;07/12/2025;domingo;13:40:00;MS;463;103;PONTA PORA;Acessar a via sem observar a presen�a dos outros ve�culos;Colis�o frontal;Com V�timas Feridas;Pleno dia;Crescente;C�u Claro;Simples;Interse��o de Vias;Sim;4;0;2;1;1;0;3;2;-22,61249804;-55,64074963;SPRF-MS;DEL04-MS;UOP03-DEL04-MS;;;
737127;07/12/2025;domingo;17:00:00;MG;381;707;NEPOMUCENO;Aus�ncia de rea��o do condutor;Tombamento;Com V�timas Feridas;Pleno dia;Crescente;Nublado;Dupla;Curva;N�o;2;0;1;0;0;2;1;3;-21,332276;-45,170731;SPRF-MG;DEL04-MG;UOP02-DEL04-MG;;;
737129;07/12/2025;domingo;16:13:00;PR;476;114;COLOMBO;Acessar a via sem observar a presen�a dos outros ve�culos;Colis�o transversal;Com V�timas Feridas;Pleno dia;Crescente;Sol;Simples;Interse��o de Vias;Sim;5;0;3;0;2;0;3;2;-25,34021018;-49,1573565;SPRF-PR;DEL01-PR;UOP01-DEL01-PR;;;
737135;07/12/2025;domingo;16:15:00;SP;116;403;MIRACATU;Mal s�bito do condutor;Colis�o traseira;Com V�timas Fatais;Pleno dia;Decrescente;Sol;Dupla;Reta;N�o;2;1;0;0;0;1;0;2;-24,3180211;-47,5296827;SPRF-SP;DEL04-SP;UOP02-DEL04-SP;;;
737151;07/12/2025;domingo;18:51:00;PE;101;65;RECIFE;Ingest�o de �lcool pelo condutor;Sa�da de leito carro��vel;Sem V�timas;Plena Noite;Crescente;C�u Claro;Dupla;Curva;Sim;4;0;0;0;2;2;0;4;-8,02070328;-34,94268447;SPRF-PE;DEL01-PE;UOP01-DEL01-PE;;;
737163;07/12/2025;domingo;19:10:00;SE;235;28,5;AREIA BRANCA;Ingest�o de �lcool pelo condutor;Derramamento de carga;Sem V�timas;Plena Noite;Decrescente;C�u Claro;Simples;"Declive;Curva";N�o;1;0;0;0;1;0;0;1;-10,79065618;-37,28004154;SPRF-SE;DEL01-SE;UOP02-DEL01-SE;;;
737167;07/12/2025;domingo;20:25:00;RS;116;245;SAO LEOPOLDO;Avarias e/ou desgaste excessivo no pneu;Colis�o lateral mesmo sentido;Com V�timas Feridas;Plena Noite;Crescente;C�u Claro;M�ltipla;Reta;Sim;4;0;2;0;1;1;2;3;-29,74952725;-51,15142699;SPRF-RS;DEL01-RS;UOP02-DEL01-RS;;;
737185;07/12/2025;domingo;20:30:00;DF;60;31;BRASILIA;Aus�ncia de rea��o do condutor;Colis�o traseira;Com V�timas Feridas;Plena Noite;Decrescente;C�u Claro;Dupla;"Reta;Aclive";N�o;2;0;0;1;1;0;1;2;-16,049625;-48,258438;SPRF-DF;DEL03-DF;UOP01-DEL03-DF;;;
737190;07/12/2025;domingo;18:00:00;PA;316;87;SAO FRANCISCO DO PARA;Rea��o tardia ou ineficiente do condutor;Colis�o lateral mesmo sentido;Com V�timas Fatais;Anoitecer;Decrescente;C�u Claro;Simples;Reta;N�o;7;1;3;0;2;1;3;4;-1,315342;-47,715378;SPRF-PA;DEL01-PA;UOP02-DEL01-PA;;;
737199;07/12/2025;domingo;16:00:00;GO;364;344;MINEIROS;Velocidade Incompat�vel;Colis�o frontal;Com V�timas Fatais;Pleno dia;Decrescente;Chuva;Simples;"Curva;Aclive";N�o;4;1;1;1;0;2;2;4;-17,386432;-52,860267;SPRF-GO;DEL05-GO;UOP01-DEL05-GO;;;
737205;07/12/2025;domingo;22:00:00;PE;407;129,4;PETROLINA;Rea��o tardia ou ineficiente do condutor;Colis�o frontal;Com V�timas Feridas;Plena Noite;Crescente;C�u Claro;Dupla;"Reta;Ponte";N�o;6;0;3;0;2;1;3;4;-9,403736;-40,503842;SPRF-PE;DEL06-PE;UOP01-DEL06-PE;;;
737210;07/12/2025;domingo;22:35:00;GO;50;96;CRISTALINA;Aus�ncia de rea��o do condutor;Colis�o lateral sentido oposto;Sem V�timas;Plena Noite;Crescente;Nevoeiro/Neblina;Simples;Interse��o de Vias;Sim;2;0;0;0;2;0;0;2;-16,75421151;-47,60483265;SPRF-DF;DEL01-DF;UOP02-DEL01-DF;;;
737216;07/12/2025;domingo;21:40:00;ES;101;54,6;SAO MATEUS;Transitar na contram�o;Colis�o lateral sentido oposto;Com V�timas Feridas;Plena Noite;Crescente;Nublado;Simples;"Reta;Declive";N�o;3;0;0;1;1;1;1;3;-18,63471241;-39,87768173;SPRF-ES;DEL04-ES;UOP02-DEL04-ES;;;
737219;07/12/2025;domingo;23:35:00;BA;116;442;FEIRA DE SANTANA;Condutor Dormindo;Sa�da de leito carro��vel;Com V�timas Feridas;Plena Noite;Decrescente;C�u Claro;Dupla;Curva;N�o;1;0;1;0;0;0;1;1;-12,31485505;-39,04368639;SPRF-BA;DEL02-BA;UOP01-DEL02-BA;;;
737220;07/12/2025;domingo;19:45:00;RS;158;157;PANAMBI;Ingest�o de �lcool pelo condutor;Colis�o traseira;Sem V�timas;Pleno dia;Decrescente;C�u Claro;Simples;Reta;N�o;3;0;0;0;2;3;0;5;-28,336787;-53,501882;SPRF-RS;DEL10-RS;UOP02-DEL10-RS;;;
737223;08/12/2025;segunda-feira;00:15:00;ES;262;65,4;MARECHAL FLORIANO;Transitar na contram�o;Colis�o frontal;Com V�timas Fatais;Pleno dia;Crescente;Nublado;Simples;Curva;N�o;2;1;1;0;0;0;1;2;-20,41458284;-40,82562775;SPRF-ES;DEL01-ES;UOP02-DEL01-ES;;;
737225;07/12/2025;domingo;22:45:00;MT;364;544;ROSARIO OESTE;Rea��o tardia ou ineficiente do condutor;Colis�o traseira;Com V�timas Fatais;Plena Noite;Decrescente;Nublado;Dupla;"Reta;Desvio Tempor�rio";Sim;6;1;0;0;3;3;0;6;-14,83013825;-56,43167138;SPRF-MT;DEL01-MT;UOP01-DEL01-MT;;;
737234;08/12/2025;segunda-feira;01:40:00;BA;135;171;BARREIRAS;Ingest�o de �lcool pelo condutor;Colis�o lateral mesmo sentido;Sem V�timas;Plena Noite;Crescente;C�u Claro;Dupla;"Interse��o de Vias;Curva";N�o;2;0;0;0;2;0;0;2;-12,1032;-44,97848;SPRF-BA;DEL10-BA;UOP01-DEL10-BA;;;
737238;08/12/2025;segunda-feira;01:00:00;GO;60;138;GOIANIA;Acessar a via sem observar a presen�a dos outros ve�culos;Colis�o lateral sentido oposto;Com V�timas Feridas;Plena Noite;Decrescente;Nublado;Simples;Reta;Sim;3;0;0;1;1;1;1;3;-16,6164518;-49,2056685;SPRF-GO;DEL01-GO;UOP01-DEL01-GO;;;
737242;08/12/2025;segunda-feira;03:50:00;RS;392;65;PELOTAS;Condutor Dormindo;Sa�da de leito carro��vel;Com V�timas Feridas;Plena Noite;Decrescente;C�u Claro;Dupla;Reta;N�o;1;0;1;0;0;0;1;1;-31,765342;-52,3833;SPRF-RS;DEL07-RS;UOP01-DEL07-RS;;;
737243;08/12/2025;segunda-feira;02:32:00;RS;470;275;SAO JOSE DO SUL;Ilumina��o deficiente;Colis�o transversal;Com V�timas Feridas;Amanhecer;Decrescente;C�u Claro;Simples;Reta;N�o;3;0;1;0;2;0;1;2;-29,56286156;-51,48319813;SPRF-RS;DEL06-RS;UOP01-DEL06-RS;;;
737268;07/12/2025;domingo;23:15:00;RJ;116;280;BARRA MANSA;Condutor Dormindo;Colis�o traseira;Com V�timas Feridas;Plena Noite;Decrescente;C�u Claro;Dupla;"Reta;Aclive";N�o;2;0;1;0;1;0;1;2;-22,540593;-44,192364;SPRF-RJ;DEL07-RJ;UOP02-DEL07-RJ;;;
737270;08/12/2025;segunda-feira;01:00:00;SP;116;296;ITAPECERICA DA SERRA;Rea��o tardia ou ineficiente do condutor;Colis�o com objeto;Com V�timas Feridas;Plena Noite;Decrescente;C�u Claro;Dupla;Reta;Sim;1;0;1;0;0;0;1;1;-23,76789286;-46,9089863;SPRF-SP;DEL04-SP;UOP01-DEL04-SP;;;
737284;08/12/2025;segunda-feira;05:20:00;RO;364;323,3;PRESIDENTE MEDICI;Demais falhas mec�nicas ou el�tricas;Eventos at�picos;Com V�timas Fatais;Amanhecer;Decrescente;C�u Claro;Simples;"Reta;Declive";N�o;4;1;0;0;2;1;0;4;-11,039731;-61,930076;SPRF-RO;DEL02-RO;UOP01-DEL02-RO;;;
737288;08/12/2025;segunda-feira;06:00:00;BA;116;886;CANDIDO SALES;Ultrapassagem Indevida;Capotamento;Com V�timas Feridas;Amanhecer;Decrescente;Nublado;Simples;"Aclive;Reta";N�o;9;0;1;2;4;5;3;8;-15,334419;-41,158799;SPRF-BA;DEL08-BA;UOP03-DEL08-BA;;;
737293;08/12/2025;segunda-feira;09:35:00;AL;104;93,5;RIO LARGO;Condutor deixou de manter dist�ncia do ve�culo da frente;Colis�o traseira;Com V�timas Feridas;Pleno dia;Decrescente;C�u Claro;Dupla;Reta;Sim;3;0;1;0;1;1;1;3;-9,53117815;-35,79682589;SPRF-AL;DEL01-AL;UOP01-DEL01-AL;;;
737294;08/12/2025;segunda-feira;07:00:00;BA;101;250;CONCEICAO DO ALMEIDA;Transitar na contram�o;Colis�o frontal;Com V�timas Fatais;Pleno dia;Crescente;C�u Claro;Simples;Curva;N�o;7;1;3;0;3;0;3;5;-12,88736504;-39,22326913;SPRF-BA;DEL01-BA;UOP02-DEL01-BA;;;
737296;08/12/2025;segunda-feira;09:00:00;RJ;101;294;ITABORAI;Condutor deixou de manter dist�ncia do ve�culo da frente;Colis�o traseira;Com V�timas Feridas;Pleno dia;Decrescente;C�u Claro;Dupla;Reta;N�o;2;0;1;0;1;0;1;2;-22,7690589;-42,91766167;SPRF-RJ;DEL02-RJ;UOP02-DEL02-RJ;;;
737297;08/12/2025;segunda-feira;07:50:00;MG;381;654,9;SANTO ANTONIO DO AMPARO;Estacionar ou parar em local proibido;Colis�o traseira;Sem V�timas;Pleno dia;Decrescente;C�u Claro;Dupla;"Reta;Declive";N�o;3;0;0;0;2;3;0;5;-20,97948648;-44,9421471;SPRF-MG;DEL04-MG;UOP02-DEL04-MG;;;
737298;08/12/2025;segunda-feira;10:20:00;PE;101;51,8;PAULISTA;Manobra de mudan�a de faixa;Colis�o lateral mesmo sentido;Com V�timas Feridas;Pleno dia;Decrescente;Nublado;M�ltipla;Curva;N�o;2;0;0;1;1;0;1;2;-7,919519;-34,89553;SPRF-PE;DEL01-PE;UOP02-DEL01-PE;;;
737300;08/12/2025;segunda-feira;08:50:00;SC;116;305,3;CAPAO ALTO;Velocidade Incompat�vel;Tombamento;Com V�timas Feridas;Pleno dia;Crescente;C�u Claro;Simples;"Curva;Declive";N�o;1;0;0;1;0;0;1;1;-28,199098;-50,72785081;SPRF-SC;DEL05-SC;UOP02-DEL05-SC;;;
737301;08/12/2025;segunda-feira;10:00:00;RS;392;32;RIO GRANDE;Rea��o tardia ou ineficiente do condutor;Colis�o lateral mesmo sentido;Com V�timas Fatais;Pleno dia;Decrescente;C�u Claro;Dupla;"Viaduto;Curva";N�o;4;1;1;0;0;2;1;4;-32,0304682;-52,2877566;SPRF-RS;DEL07-RS;UOP02-DEL07-RS;;;
737305;10/11/2025;segunda-feira;20:30:00;MG;354;732,5;POUSO ALTO;Declive acentuado;Tombamento;Com V�timas Feridas;Plena Noite;Crescente;Nublado;Simples;Curva;N�o;2;0;1;0;0;1;1;2;-22,17344749;-44,96430427;SPRF-MG;DEL17-MG;UOP01-DEL17-MG;;;
737308;08/12/2025;segunda-feira;10:00:00;SP;116;365;MIRACATU;Ingest�o de �lcool pelo condutor;Atropelamento de Pedestre;Com V�timas Feridas;Pleno dia;Crescente;C�u Claro;Dupla;Reta;N�o;4;0;1;0;2;1;1;2;-24,12482624;-47,27160614;SPRF-SP;DEL04-SP;UOP02-DEL04-SP;;;
737310;08/12/2025;segunda-feira;11:00:00;BA;101;37;ESPLANADA;Suic�dio (presumido);Atropelamento de Pedestre;Com V�timas Fatais;Pleno dia;Crescente;C�u Claro;Simples;"Reta;Declive";Sim;2;1;0;0;0;1;0;2;-11,79599548;-37,95536804;SPRF-SE;DEL02-SE;UOP03-DEL02-SE;;;
737316;08/12/2025;segunda-feira;11:45:00;SC;116;141;SANTA CECILIA;Aus�ncia de rea��o do condutor;Engavetamento;Com V�timas Feridas;Pleno dia;Decrescente;C�u Claro;Simples;Reta;N�o;3;0;1;0;2;0;1;3;-26,97364798;-50,40185094;SPRF-SC;DEL06-SC;UOP02-DEL06-SC;;;
737320;08/12/2025;segunda-feira;08:10:00;PR;277;411,5;CANDOI;Velocidade Incompat�vel;Tombamento;Com V�timas Feridas;Pleno dia;Crescente;Nublado;Simples;Curva;N�o;2;0;0;1;0;1;1;2;-25,426285;-52,017522;SPRF-PR;DEL04-PR;UOP02-DEL04-PR;;;
737322;08/12/2025;segunda-feira;11:10:00;PR;116;117;CURITIBA;Condutor deixou de manter dist�ncia do ve�culo da frente;Colis�o traseira;Com V�timas Feridas;Pleno dia;Crescente;Sol;Dupla;"Reta;Declive";Sim;3;0;1;0;2;0;1;2;-25,55946255;-49,30712191;SPRF-PR;DEL01-PR;UOP03-DEL01-PR;;;
737331;08/12/2025;segunda-feira;12:50:00;SC;282;544,9;NOVA ITABERABA;Velocidade Incompat�vel;Colis�o frontal;Com V�timas Feridas;Pleno dia;Crescente;Chuva;Simples;Rotat�ria;N�o;3;0;1;0;1;1;1;3;-26,93689353;-52,80294869;SPRF-SC;DEL07-SC;UOP01-DEL07-SC;;;
737333;08/12/2025;segunda-feira;11:40:00;RJ;101;163;MACAE;Aus�ncia de rea��o do condutor;Colis�o traseira;Com V�timas Feridas;Pleno dia;Decrescente;C�u Claro;Simples;Reta;N�o;3;0;1;0;2;0;1;3;-22,31685011;-41,89858451;SPRF-RJ;DEL08-RJ;UOP04-DEL08-RJ;;;
737335;08/12/2025;segunda-feira;12:45:00;MG;262;376,8;MATEUS LEME;Aus�ncia de rea��o do condutor;Colis�o lateral mesmo sentido;Com V�timas Feridas;Pleno dia;Decrescente;Chuva;Dupla;Curva;N�o;3;0;1;0;1;1;1;3;-19,93727845;-44,44413632;SPRF-MG;DEL01-MG;UOP03-DEL01-MG;;;