id;data_inversa;dia_semana;horario;uf;br;km;municipio;causa_acidente;tipo_acidente;classificacao_acidente;fase_dia;sentido_via;condicao_metereologica;tipo_pista;tracado_via;uso_solo;pessoas;mortos;feridos_leves;feridos_graves;ilesos;ignorados;feridos;veiculos;latitude;longitude;regional;delegacia;uop;;;
737336;08/12/2025;segunda-feira;09:30:00;BA;101;614;MASCOTE;Carga excessiva e/ou mal acondicionada;Tombamento;Sem V�timas;Pleno dia;Crescente;Chuva;Simples;"Aclive;Curva";N�o;2;0;0;0;1;1;0;2;-15,591342;-39,426498;SPRF-BA;DEL05-BA;UOP02-DEL05-BA;;;
737339;08/12/2025;segunda-feira;13:00:00;PR;376;666;GUARATUBA;Aus�ncia de rea��o do condutor;Colis�o traseira;Com V�timas Feridas;Pleno dia;Decrescente;C�u Claro;Dupla;"Curva;Declive";N�o;2;0;1;0;1;0;1;2;-25,8662634;-48,9524038;SPRF-PR;DEL01-PR;UOP04-DEL01-PR;;;
737344;08/12/2025;segunda-feira;12:40:00;PB;230;76,7;SOBRADO;Aus�ncia de rea��o do condutor;Colis�o com objeto;Sem V�timas;Pleno dia;Decrescente;C�u Claro;Dupla;Reta;N�o;3;0;0;0;3;0;0;2;-7,185347;-35,294553;SPRF-PB;DEL01-PB;UOP02-DEL01-PB;;;
737345;08/12/2025;segunda-feira;06:40:00;MA;10;270;IMPERATRIZ;Demais falhas mec�nicas ou el�tricas;Inc�ndio;Sem V�timas;Pleno dia;Decrescente;Nublado;Simples;Reta;N�o;2;0;0;0;1;3;0;4;-5,370188;-47,479341;SPRF-MA;DEL04-MA;UOP01-DEL04-MA;;;
737352;08/12/2025;segunda-feira;14:05:00;PR;153;25;JACAREZINHO;Chuva;Colis�o frontal;Com V�timas Feridas;Pleno dia;Crescente;Chuva;Simples;Curva;N�o;3;0;1;0;1;1;1;3;-23,20236556;-49,98502342;SPRF-PR;DEL07-PR;UOP04-DEL07-PR;;;
737356;08/12/2025;segunda-feira;13:20:00;MS;163;358,1;NOVA ALVORADA DO SUL;Demais falhas mec�nicas ou el�tricas;Inc�ndio;Sem V�timas;Pleno dia;Crescente;Nublado;Simples;Reta;N�o;1;0;0;0;1;0;0;1;-21,523248;-54,403733;SPRF-MS;DEL02-MS;UOP01-DEL02-MS;;;
737357;08/12/2025;segunda-feira;14:00:00;BA;324;599;SIMOES FILHO;Condutor deixou de manter dist�ncia do ve�culo da frente;Colis�o com objeto;Com V�timas Feridas;Pleno dia;Decrescente;C�u Claro;Dupla;Reta;N�o;3;0;0;1;1;1;1;3;-12,751263;-38,430852;SPRF-BA;DEL01-BA;UOP01-DEL01-BA;;;
737358;08/12/2025;segunda-feira;15:00:00;SP;381;17;BRAGANCA PAULISTA;Pista Escorregadia;Colis�o traseira;Com V�timas Feridas;Pleno dia;Decrescente;Chuva;Dupla;"Declive;Reta";N�o;6;0;2;0;3;1;2;4;-22,9706211;-46,48635283;SPRF-SP;DEL03-SP;UOP02-DEL03-SP;;;
737359;08/12/2025;segunda-feira;11:40:00;CE;20;400;CAUCAIA;Rea��o tardia ou ineficiente do condutor;Sa�da de leito carro��vel;Sem V�timas;Pleno dia;Decrescente;C�u Claro;Simples;"Reta;Ponte";N�o;1;0;0;0;1;0;0;1;-3,83623477;-38,7630686;SPRF-CE;DEL01-CE;UOP01-DEL01-CE;;;
737363;08/12/2025;segunda-feira;15:25:00;SC;101;135,6;BALNEARIO CAMBORIU;Rea��o tardia ou ineficiente do condutor;Colis�o traseira;Com V�timas Feridas;Pleno dia;Decrescente;Nublado;Dupla;"Reta;Ponte";Sim;3;0;1;1;1;0;2;2;-27,00646852;-48,62094998;SPRF-SC;DEL04-SC;UOP03-DEL04-SC;;;
737364;08/12/2025;segunda-feira;13:30:00;BA;116;525;ITATIM;Demais falhas mec�nicas ou el�tricas;Inc�ndio;Sem V�timas;Pleno dia;Decrescente;C�u Claro;Simples;Reta;N�o;2;0;0;0;1;2;0;3;-12,719719;-39,75290537;SPRF-BA;DEL03-BA;UOP02-DEL03-BA;;;
737377;08/12/2025;segunda-feira;16:45:00;SC;101;140;BALNEARIO CAMBORIU;Trafegar com motocicleta (ou similar) entre as faixas;Colis�o lateral mesmo sentido;Com V�timas Fatais;Pleno dia;Crescente;C�u Claro;M�ltipla;"Reta;Aclive";N�o;2;1;0;0;1;0;0;2;-27,03705108;-48,6004626;SPRF-SC;DEL04-SC;UOP03-DEL04-SC;;;
737379;08/12/2025;segunda-feira;16:50:00;SP;116;432;REGISTRO;Aus�ncia de sinaliza��o;Colis�o lateral mesmo sentido;Com V�timas Feridas;Pleno dia;Crescente;Nublado;Dupla;Reta;N�o;4;0;3;0;0;2;3;5;-24,42893817;-47,78464436;SPRF-SP;DEL05-SP;UOP01-DEL05-SP;;;
737384;08/12/2025;segunda-feira;17:10:00;BA;116;441;FEIRA DE SANTANA;Velocidade Incompat�vel;Tombamento;Com V�timas Feridas;Pleno dia;Decrescente;Sol;Dupla;"Curva;Aclive";N�o;3;0;2;0;0;1;2;2;-12,34313586;-39,083951;SPRF-BA;DEL02-BA;UOP01-DEL02-BA;;;
737388;08/12/2025;segunda-feira;16:50:00;SC;101;240,2;PALHOCA;Condutor deixou de manter dist�ncia do ve�culo da frente;Engavetamento;Com V�timas Feridas;Pleno dia;Crescente;Nublado;Dupla;Reta;N�o;4;0;2;0;2;0;2;3;-27,85978;-48,6447;SPRF-SC;DEL01-SC;UOP02-DEL01-SC;;;
737393;08/12/2025;segunda-feira;14:00:00;MG;251;462,5;GRAO MOGOL;Condutor Dormindo;Colis�o com objeto;Com V�timas Feridas;Pleno dia;Decrescente;Sol;Simples;Reta;N�o;4;0;0;2;1;1;2;4;-16,43326301;-43,39092404;SPRF-MG;DEL12-MG;UOP01-DEL12-MG;;;
737395;08/12/2025;segunda-feira;16:15:00;PR;376;485,3;PONTA GROSSA;Velocidade Incompat�vel;Sa�da de leito carro��vel;Com V�timas Feridas;Pleno dia;Crescente;Chuva;Dupla;"Reta;Declive";Sim;2;0;1;0;0;1;1;2;-25,10577814;-50,19402775;SPRF-PR;DEL03-PR;UOP04-DEL03-PR;;;
737405;08/12/2025;segunda-feira;18:00:00;RS;386;304;POUSO NOVO;Condutor deixou de manter dist�ncia do ve�culo da frente;Colis�o traseira;Com V�timas Feridas;Anoitecer;Decrescente;Chuva;Dupla;"Em Obras;Curva";N�o;4;0;1;1;1;2;2;4;-29,18665081;-52,18948309;SPRF-RS;DEL04-RS;UOP01-DEL04-RS;;;
737409;08/12/2025;segunda-feira;17:27:00;SC;470;150;AGRONOMICA;Velocidade Incompat�vel;Tombamento;Com V�timas Feridas;Pleno dia;Decrescente;C�u Claro;Simples;Rotat�ria;Sim;2;0;1;0;0;2;1;3;-27,29308249;-49,73844702;SPRF-SC;DEL04-SC;UOP02-DEL04-SC;;;
737423;08/12/2025;segunda-feira;18:04:00;MS;262;356;CAMPO GRANDE;Acessar a via sem observar a presen�a dos outros ve�culos;Colis�o transversal;Com V�timas Feridas;Plena Noite;Crescente;Chuva;Simples;Interse��o de Vias;N�o;2;0;1;0;1;0;1;2;-20,54621;-54,68364;SPRF-MS;DEL01-MS;UOP03-DEL01-MS;;;
737438;08/12/2025;segunda-feira;19:45:00;BA;116;5,8;VITORIA DA CONQUISTA;Ultrapassagem Indevida;Colis�o lateral mesmo sentido;Com V�timas Feridas;Plena Noite;Crescente;Nublado;Simples;Declive;N�o;4;0;2;0;1;1;2;3;-14,82468;-40,882913;SPRF-BA;DEL08-BA;UOP01-DEL08-BA;;;
737440;08/12/2025;segunda-feira;19:40:00;PR;476;178;CONTENDA;Transitar na contram�o;Colis�o frontal;Com V�timas Feridas;Plena Noite;Crescente;Chuva;Simples;"Curva;Aclive";N�o;3;0;0;1;1;1;1;3;-25,70427748;-49,58813159;SPRF-PR;DEL01-PR;UOP06-DEL01-PR;;;
737443;08/12/2025;segunda-feira;18:05:00;SC;101;411,7;ARARANGUA;Manobra de mudan�a de faixa;Colis�o com objeto;Com V�timas Feridas;Anoitecer;Decrescente;C�u Claro;Dupla;Reta;N�o;3;0;1;0;2;0;1;2;-28,94114769;-49,5244023;SPRF-SC;DEL02-SC;UOP02-DEL02-SC;;;
737445;19/11/2025;quarta-feira;20:00:00;PA;10;15;DOM ELISEU;Transitar na contram�o;Colis�o frontal;Com V�timas Fatais;Plena Noite;Crescente;Chuva;Simples;Reta;Sim;2;1;0;0;1;0;0;2;-4,31579303;-47,55384922;SPRF-PA;DEL02-PA;UOP02-DEL02-PA;;;
737452;08/12/2025;segunda-feira;21:10:00;PR;277;110;CAMPO LARGO;Rea��o tardia ou ineficiente do condutor;Colis�o traseira;Com V�timas Feridas;Plena Noite;Decrescente;Chuva;Dupla;"Declive;Reta";N�o;2;0;1;0;1;0;1;2;-25,43086331;-49,39761043;SPRF-PR;DEL01-PR;UOP06-DEL01-PR;;;
737455;08/12/2025;segunda-feira;22:15:00;GO;153;702;ITUMBIARA;Velocidade Incompat�vel;Colis�o lateral mesmo sentido;Com V�timas Feridas;Plena Noite;Crescente;Chuva;Dupla;"Declive;Curva";Sim;3;0;1;0;1;1;1;3;-18,412089;-49,195055;SPRF-GO;DEL03-GO;UOP02-DEL03-GO;;;
737457;08/12/2025;segunda-feira;14:15:00;SC;282;541,5;CHAPECO;Velocidade Incompat�vel;Tombamento;Com V�timas Feridas;Pleno dia;Decrescente;Chuva;M�ltipla;"Curva;Rotat�ria";N�o;2;0;1;0;0;2;1;3;-26,99775109;-52,70125437;SPRF-SC;DEL07-SC;UOP01-DEL07-SC;;;
737462;08/12/2025;segunda-feira;21:50:00;PA;10;7,7;DOM ELISEU;Pista esburacada;Colis�o com objeto;Com V�timas Feridas;Plena Noite;Crescente;C�u Claro;Simples;"Aclive;Curva";N�o;2;0;0;1;0;1;1;2;-4,378399;-47,536946;SPRF-PA;DEL02-PA;UOP02-DEL02-PA;;;
737463;08/12/2025;segunda-feira;22:45:00;SP;116;348;MIRACATU;Demais falhas mec�nicas ou el�tricas;Colis�o traseira;Com V�timas Fatais;Plena Noite;Crescente;Chuva;Dupla;Curva;N�o;4;1;0;0;1;3;0;5;-24,0507535;-47,20054999;SPRF-SP;DEL04-SP;UOP03-DEL04-SP;;;
737464;09/12/2025;ter�a-feira;00:18:00;SP;116;141;SAO JOSE DOS CAMPOS;Aus�ncia de rea��o do condutor;Engavetamento;Com V�timas Feridas;Plena Noite;Crescente;C�u Claro;Dupla;Reta;Sim;4;0;0;1;2;1;1;4;-23,16597778;-45,81311922;SPRF-SP;DEL02-SP;UOP01-DEL02-SP;;;
737472;09/12/2025;ter�a-feira;00:40:00;PR;277;415,4;CANDOI;Aus�ncia de rea��o do condutor;Sa�da de leito carro��vel;Com V�timas Feridas;Plena Noite;Crescente;Chuva;Simples;"Curva;Declive";N�o;2;0;1;0;0;1;1;2;-25,41707471;-52,06026077;SPRF-PR;DEL04-PR;UOP02-DEL04-PR;;;
737473;09/12/2025;ter�a-feira;02:20:00;SP;116;217;GUARULHOS;Ingest�o de �lcool pelo condutor;Colis�o lateral mesmo sentido;Sem V�timas;Plena Noite;Decrescente;Nublado;M�ltipla;Reta;Sim;3;0;0;0;2;1;0;3;-23,4559185;-46,47546742;SPRF-SP;DEL01-SP;UOP01-DEL01-SP;;;
737475;08/12/2025;segunda-feira;23:30:00;MG;381;595;CARMOPOLIS DE MINAS;Velocidade Incompat�vel;Colis�o traseira;Com V�timas Feridas;Plena Noite;Decrescente;C�u Claro;Dupla;Reta;N�o;3;0;1;0;1;2;1;4;-20,574923;-44,682321;SPRF-MG;DEL04-MG;UOP01-DEL04-MG;;;
737477;09/12/2025;ter�a-feira;00:50:00;SP;116;546;BARRA DO TURVO;Chuva;Colis�o com objeto;Com V�timas Feridas;Plena Noite;Decrescente;Chuva;Dupla;"Curva;Declive";N�o;2;0;1;0;0;1;1;2;-24,96456266;-48,43141906;SPRF-SP;DEL05-SP;UOP02-DEL05-SP;;;
737478;09/12/2025;ter�a-feira;01:20:00;PR;277;115,1;CAMPO LARGO;Condutor Dormindo;Colis�o traseira;Com V�timas Feridas;Plena Noite;Decrescente;Chuva;Dupla;"Reta;Aclive";Sim;3;0;0;1;1;1;1;3;-25,43422544;-49,43791866;SPRF-PR;DEL03-PR;UOP03-DEL03-PR;;;
737480;09/12/2025;ter�a-feira;02:25:00;PE;232;260;ARCOVERDE;Animais na Pista;Atropelamento de Animal;Sem V�timas;Plena Noite;Crescente;C�u Claro;Simples;Reta;N�o;1;0;0;0;1;0;0;1;-8,4091;-37,137042;SPRF-PE;DEL04-PE;UOP02-DEL04-PE;;;
737483;09/12/2025;ter�a-feira;02:20:00;PR;376;374;IMBAU;Chuva;Sa�da de leito carro��vel;Com V�timas Feridas;Plena Noite;Decrescente;Chuva;Simples;"Curva;Declive";N�o;2;0;1;0;1;0;1;1;-24,3946;-50,78383;SPRF-PR;DEL07-PR;UOP02-DEL07-PR;;;
737484;08/12/2025;segunda-feira;23:30:00;RS;287;399;SANTIAGO;Aus�ncia de rea��o do condutor;Colis�o frontal;Com V�timas Feridas;Plena Noite;Crescente;Garoa/Chuvisco;Simples;Curva;N�o;3;0;1;0;1;2;1;4;-29,168745;-54,863924;SPRF-RS;DEL12-RS;UOP02-DEL12-RS;;;
737485;09/12/2025;ter�a-feira;04:40:00;SC;101;60,9;ARAQUARI;Demais falhas mec�nicas ou el�tricas;Inc�ndio;Sem V�timas;Amanhecer;Decrescente;Garoa/Chuvisco;Dupla;Reta;N�o;2;0;0;0;1;2;0;3;-26,45366863;-48,7796402;SPRF-SC;DEL03-SC;UOP02-DEL03-SC;;;
737488;09/12/2025;ter�a-feira;05:20:00;RJ;116;184;NOVA IGUACU;Condutor deixou de manter dist�ncia do ve�culo da frente;Colis�o lateral mesmo sentido;Sem V�timas;Amanhecer;Crescente;Chuva;Dupla;Reta;Sim;2;0;0;0;2;0;0;2;-22,74063852;-43,45577566;SPRF-RJ;DEL06-RJ;UOP01-DEL06-RJ;;;
737496;09/12/2025;ter�a-feira;07:20:00;DF;60;28,4;BRASILIA;Avarias e/ou desgaste excessivo no pneu;Sa�da de leito carro��vel;Com V�timas Feridas;Pleno dia;Crescente;C�u Claro;Dupla;"Declive;Curva";N�o;2;0;1;0;0;1;1;2;-16,025603;-48,253372;SPRF-DF;DEL03-DF;UOP01-DEL03-DF;;;
737500;09/12/2025;ter�a-feira;06:50:00;RO;364;152,8;PIMENTA BUENO;Ultrapassagem Indevida;Colis�o frontal;Com V�timas Fatais;Pleno dia;Decrescente;Nublado;Simples;"Curva;Declive";N�o;5;1;0;1;2;1;1;4;-11,982083;-60,953332;SPRF-RO;DEL02-RO;UOP02-DEL02-RO;;;
737505;09/12/2025;ter�a-feira;07:25:00;PR;376;168,1;MARINGA;Velocidade Incompat�vel;Colis�o traseira;Sem V�timas;Pleno dia;Crescente;Chuva;Dupla;"Reta;Declive";N�o;5;0;0;0;4;2;0;4;-23,39506308;-52,00772636;SPRF-PR;DEL09-PR;UOP01-DEL09-PR;;;
737513;08/12/2025;segunda-feira;23:10:00;RJ;40;121;DUQUE DE CAXIAS;Acessar a via sem observar a presen�a dos outros ve�culos;Atropelamento de Pedestre;Com V�timas Fatais;Plena Noite;Decrescente;C�u Claro;Dupla;Reta;Sim;2;1;0;0;1;0;0;2;-22,78121358;-43,2857401;SPRF-RJ;DEL01-RJ;UOP02-DEL01-RJ;;;
737515;09/12/2025;ter�a-feira;08:55:00;SP;116;426;JUQUIA;Acessar a via sem observar a presen�a dos outros ve�culos;Colis�o transversal;Com V�timas Feridas;Pleno dia;Decrescente;Chuva;Dupla;Retorno Regulamentado;N�o;3;0;1;0;1;1;1;3;-24,38771606;-47,71787421;SPRF-SP;DEL05-SP;UOP01-DEL05-SP;;;
737519;09/12/2025;ter�a-feira;07:30:00;MG;40;525;CONTAGEM;Aus�ncia de rea��o do condutor;Colis�o traseira;Com V�timas Feridas;Pleno dia;Crescente;Nublado;Dupla;Reta;Sim;3;0;1;0;1;1;1;3;-19,8880817;-44,0502742;SPRF-MG;DEL01-MG;UOP02-DEL01-MG;;;
737521;09/12/2025;ter�a-feira;09:40:00;SC;101;334,7;TUBARAO;Aus�ncia de rea��o do condutor;Colis�o traseira;Com V�timas Feridas;Pleno dia;Crescente;Chuva;M�ltipla;Reta;Sim;5;0;1;1;2;1;2;4;-28,47347149;-49,02556806;SPRF-SC;DEL02-SC;UOP01-DEL02-SC;;;
737522;09/12/2025;ter�a-feira;09:20:00;GO;153;355;JARAGUA;Desvio tempor�rio;Colis�o transversal;Com V�timas Feridas;Pleno dia;Decrescente;Garoa/Chuvisco;Dupla;"Reta;Em Obras;Desvio Tempor�rio";Sim;3;0;1;0;1;2;1;4;-15,735643;-49,323158;SPRF-GO;DEL02-GO;UOP02-DEL02-GO;;;
737525;09/12/2025;ter�a-feira;08:50:00;MG;381;737,5;TRES CORACOES;Velocidade Incompat�vel;Colis�o com objeto;Com V�timas Feridas;Pleno dia;Crescente;Chuva;Dupla;Curva;N�o;2;0;1;0;0;1;1;2;-21,5621018;-45,246276;SPRF-MG;DEL16-MG;UOP02-DEL16-MG;;;
737529;09/12/2025;ter�a-feira;07:00:00;RJ;101;139,9;CARAPEBUS;Aus�ncia de rea��o do condutor;Colis�o traseira;Com V�timas Feridas;Pleno dia;Crescente;C�u Claro;Dupla;"Declive;Curva";N�o;6;0;2;0;4;0;2;2;-22,1762046;-41,7484168;SPRF-RJ;DEL08-RJ;UOP04-DEL08-RJ;;;
737532;09/12/2025;ter�a-feira;07:00:00;PI;135;556;SAO GONCALO DO GURGUEIA;Transitar na contram�o;Colis�o frontal;Com V�timas Feridas;Pleno dia;Decrescente;Chuva;Simples;"Curva;Declive";N�o;4;0;0;2;1;1;2;4;-10,142895;-45,19925;SPRF-PI;DEL03-PI;UOP02-DEL03-PI;;;
737534;09/12/2025;ter�a-feira;10:20:00;SC;101;40;JOINVILLE;Manobra de mudan�a de faixa;Colis�o lateral mesmo sentido;Sem V�timas;Pleno dia;Decrescente;Garoa/Chuvisco;Dupla;Aclive;N�o;3;0;0;0;2;1;0;3;-26,30418756;-48,88263702;SPRF-SC;DEL03-SC;UOP01-DEL03-SC;;;
737544;09/12/2025;ter�a-feira;11:30:00;MG;40;782,4;JUIZ DE FORA;Rea��o tardia ou ineficiente do condutor;Colis�o traseira;Com V�timas Feridas;Pleno dia;Decrescente;Nublado;Dupla;Curva;Sim;3;0;1;0;1;1;1;3;-21,6945295;-43,4488326;SPRF-MG;DEL05-MG;UOP01-DEL05-MG;;;
737549;09/12/2025;ter�a-feira;11:30:00;SE;235;6;NOSSA SENHORA DO SOCORRO;Carga excessiva e/ou mal acondicionada;Derramamento de carga;Sem V�timas;Pleno dia;Decrescente;C�u Claro;Dupla;Rotat�ria;N�o;2;0;0;0;1;2;0;3;-10,904367;-37,129858;SPRF-SE;DEL01-SE;UOP01-DEL01-SE;;;
737550;09/12/2025;ter�a-feira;10:55:00;PR;153;23;JACAREZINHO;Transitar na contram�o;Colis�o lateral sentido oposto;Com V�timas Feridas;Pleno dia;Crescente;Chuva;Simples;Reta;N�o;5;0;2;0;2;1;2;4;-23,147275;-49,952133;SPRF-PR;DEL07-PR;UOP04-DEL07-PR;;;
737553;09/12/2025;ter�a-feira;12:00:00;RS;290;144;ELDORADO DO SUL;Condutor deixou de manter dist�ncia do ve�culo da frente;Colis�o traseira;Com V�timas Feridas;Pleno dia;Crescente;Chuva;Simples;Reta;N�o;3;0;1;0;2;0;1;2;-30,092457;-51,635594;SPRF-RS;DEL02-RS;UOP01-DEL02-RS;;;
737556;09/12/2025;ter�a-feira;12:00:00;SP;381;70;MAIRIPORA;Aus�ncia de rea��o do condutor;Colis�o com objeto;Com V�timas Feridas;Pleno dia;Decrescente;Chuva;M�ltipla;"Curva;Declive";N�o;2;0;1;0;0;1;1;2;-23,34499497;-46,56892294;SPRF-SP;DEL03-SP;UOP01-DEL03-SP;;;
737557;09/12/2025;ter�a-feira;12:45:00;MG;153;102,2;PRATA;Chuva;Colis�o transversal;Com V�timas Feridas;Pleno dia;Decrescente;Chuva;Simples;Reta;N�o;3;0;2;0;1;0;2;2;-19,2523929;-48,9256605;SPRF-MG;DEL15-MG;UOP03-DEL15-MG;;;
737560;09/12/2025;ter�a-feira;11:00:00;MS;163;483;CAMPO GRANDE;Convers�o proibida;Tombamento;Com V�timas Feridas;Pleno dia;Decrescente;Chuva;Simples;Reta;Sim;3;0;0;1;0;3;1;4;-20,4569613;-54,5462501;SPRF-MS;DEL01-MS;UOP02-DEL01-MS;;;
737562;09/12/2025;ter�a-feira;07:30:00;PR;376;343,8;ORTIGUEIRA;Rea��o tardia ou ineficiente do condutor;Sa�da de leito carro��vel;Com V�timas Feridas;Pleno dia;Decrescente;Chuva;Simples;Curva;N�o;2;0;1;0;1;0;1;2;-24,082329;-51,059732;SPRF-PR;DEL07-PR;UOP02-DEL07-PR;;;
737563;09/12/2025;ter�a-feira;13:30:00;RS;386;421;MONTENEGRO;Chuva;Colis�o com objeto;Com V�timas Feridas;Pleno dia;Crescente;Chuva;Dupla;Reta;N�o;2;0;1;0;0;1;1;2;-29,81668343;-51,41136647;SPRF-RS;DEL04-RS;UOP02-DEL04-RS;;;
737568;09/12/2025;ter�a-feira;12:10:00;BA;101;495;ITABUNA;Transitar na contram�o;Colis�o com objeto;Com V�timas Feridas;Pleno dia;Decrescente;C�u Claro;Simples;Reta;N�o;4;0;2;0;1;1;2;3;-14,72709225;-39,34687033;SPRF-BA;DEL05-BA;UOP01-DEL05-BA;;;
737571;09/12/2025;ter�a-feira;11:15:00;RS;386;306,6;POUSO NOVO;Acumulo de �leo sobre o pavimento;Sa�da de leito carro��vel;Com V�timas Feridas;Pleno dia;Crescente;Chuva;Simples;"Curva;Declive";N�o;1;0;1;0;0;0;1;1;-29,20302496;-52,18406551;SPRF-RS;DEL04-RS;UOP01-DEL04-RS;;;
737575;09/12/2025;ter�a-feira;11:25:00;SP;116;516;CAJATI;Rea��o tardia ou ineficiente do condutor;Colis�o traseira;Com V�timas Feridas;Pleno dia;Decrescente;Chuva;M�ltipla;"Declive;Curva";N�o;3;0;0;1;1;2;1;4;-24,88;-48,209;SPRF-SP;DEL05-SP;UOP02-DEL05-SP;;;
737578;30/11/2025;domingo;20:00:00;TO;10;334,8;SILVANOPOLIS;Condutor deixou de manter dist�ncia do ve�culo da frente;Colis�o traseira;Com V�timas Feridas;Plena Noite;Crescente;C�u Claro;Simples;Reta;N�o;3;0;0;1;0;2;1;3;-11,24198;-48,19384;SPRF-TO;DEL01-TO;UOP03-DEL01-TO;;;
737592;09/12/2025;ter�a-feira;10:40:00;SC;470;86,8;RODEIO;Demais falhas mec�nicas ou el�tricas;Colis�o com objeto;Sem V�timas;Pleno dia;Crescente;Chuva;Simples;Curva;Sim;1;0;0;0;1;0;0;1;-26,94792705;-49,36512418;SPRF-SC;DEL04-SC;UOP01-DEL04-SC;;;
737593;09/12/2025;ter�a-feira;15:15:00;GO;153;702;ITUMBIARA;Rea��o tardia ou ineficiente do condutor;Colis�o traseira;Com V�timas Feridas;Pleno dia;Crescente;Chuva;Dupla;Reta;Sim;2;0;1;0;1;0;1;2;-18,4047439;-49,2011809;SPRF-GO;DEL03-GO;UOP02-DEL03-GO;;;
737594;09/12/2025;ter�a-feira;16:10:00;SP;381;51;ATIBAIA;Acumulo de �gua sobre o pavimento;Colis�o lateral mesmo sentido;Com V�timas Feridas;Pleno dia;Decrescente;Chuva;Dupla;Reta;N�o;7;0;4;0;2;1;4;4;-23,2259578;-46,5976049;SPRF-SP;DEL03-SP;UOP01-DEL03-SP;;;
737597;09/12/2025;ter�a-feira;13:30:00;SC;282;387;JOACABA;Pista Escorregadia;Colis�o lateral sentido oposto;Com V�timas Feridas;Pleno dia;Crescente;Chuva;Simples;"Reta;Declive";Sim;2;0;2;0;0;0;2;2;-27,18661677;-51,51864499;SPRF-SC;DEL07-SC;UOP05-DEL07-SC;;;
737601;09/12/2025;ter�a-feira;16:30:00;SP;381;70;MAIRIPORA;Acumulo de �gua sobre o pavimento;Sa�da de leito carro��vel;Com V�timas Feridas;Pleno dia;Decrescente;Chuva;Dupla;Curva;N�o;1;0;1;0;0;0;1;1;-23,3535368;-46,547221;SPRF-SP;DEL03-SP;UOP01-DEL03-SP;;;
737602;09/12/2025;ter�a-feira;12:37:00;RJ;116;273;BARRA MANSA;Mal s�bito do condutor;Colis�o com objeto;Sem V�timas;Pleno dia;Crescente;Garoa/Chuvisco;Simples;Reta;Sim;5;0;0;0;4;4;0;8;-22,56137333;-44,143295;SPRF-RJ;DEL07-RJ;UOP02-DEL07-RJ;;;
737606;09/12/2025;ter�a-feira;12:14:00;SP;116;96,5;PINDAMONHANGABA;Aus�ncia de rea��o do condutor;Colis�o traseira;Com V�timas Feridas;Pleno dia;Decrescente;C�u Claro;Dupla;Reta;N�o;6;0;1;5;0;0;6;3;-22,9421504;-45,36901856;SPRF-SP;DEL08-SP;UOP01-DEL08-SP;;;
737607;09/12/2025;ter�a-feira;01:00:00;SC;470;34,7;GASPAR;Condutor Dormindo;Sa�da de leito carro��vel;Sem V�timas;Plena Noite;Crescente;Nublado;Simples;"Reta;Rotat�ria";N�o;2;0;0;0;1;1;0;2;-26,91201029;-48,9527664;SPRF-SC;DEL04-SC;UOP01-DEL04-SC;;;
737608;09/12/2025;ter�a-feira;16:28:00;CE;222;29;CAUCAIA;Desvio tempor�rio;Colis�o lateral mesmo sentido;Com V�timas Feridas;Pleno dia;Crescente;Sol;Dupla;"Desvio Tempor�rio;Retorno Regulamentado;Em Obras";N�o;3;0;1;0;1;1;1;3;-3,71321903;-38,81562933;SPRF-CE;DEL01-CE;UOP01-DEL01-CE;;;
737620;09/12/2025;ter�a-feira;17:10:00;PR;116;201,1;RIO NEGRO;Aus�ncia de rea��o do condutor;Colis�o frontal;Com V�timas Feridas;Pleno dia;Decrescente;C�u Claro;Simples;Reta;N�o;4;0;0;1;3;0;1;3;-26,04608202;-49,70551863;SPRF-SC;DEL06-SC;UOP01-DEL06-SC;;;
737621;09/12/2025;ter�a-feira;15:01:00;MT;163;759;SORRISO;Condutor deixou de manter dist�ncia do ve�culo da frente;Colis�o traseira;Com V�timas Feridas;Pleno dia;Decrescente;Nublado;Simples;Reta;N�o;3;0;1;0;1;3;1;5;-12,502275;-55,689659;SPRF-MT;DEL06-MT;UOP01-DEL06-MT;;;
737623;09/12/2025;ter�a-feira;12:10:00;PI;316;57;MONSENHOR GIL;Rea��o tardia ou ineficiente do condutor;Colis�o transversal;Com V�timas Feridas;Pleno dia;Decrescente;C�u Claro;Simples;Curva;N�o;3;0;1;0;1;1;1;3;-5,54307047;-42,62310575;SPRF-PI;DEL01-PI;UOP02-DEL01-PI;;;
737625;09/12/2025;ter�a-feira;17:40:00;BA;116;696;JEQUIE;Carga excessiva e/ou mal acondicionada;Tombamento;Sem V�timas;Anoitecer;Crescente;C�u Claro;Simples;Curva;N�o;3;0;0;0;2;1;0;2;-14,0382186;-40,20436907;SPRF-BA;DEL03-BA;UOP01-DEL03-BA;;;
737631;08/12/2025;segunda-feira;13:40:00;MA;222;146;VARGEM GRANDE;Acostamento em desn�vel;Tombamento;Sem V�timas;Pleno dia;Crescente;C�u Claro;Simples;Reta;N�o;2;0;0;0;1;1;0;2;-3,556261;-43,882145;SPRF-MA;DEL01-MA;UOP02-DEL01-MA;;;
737632;09/12/2025;ter�a-feira;11:57:00;RJ;493;91;SEROPEDICA;Aus�ncia de rea��o do condutor;Colis�o traseira;Com V�timas Fatais;Pleno dia;Crescente;C�u Claro;Dupla;Reta;N�o;3;1;0;0;1;1;0;3;-22,68514302;-43,67327964;SPRF-RJ;DEL01-RJ;UOP03-DEL01-RJ;;;
737633;09/12/2025;ter�a-feira;17:35:00;MT;163;682;LUCAS DO RIO VERDE;Chuva;Tombamento;Com V�timas Fatais;Anoitecer;Decrescente;Chuva;Simples;"Aclive;Reta";N�o;4;1;0;0;1;3;0;5;-13,1129803;-55,95433474;SPRF-MT;DEL06-MT;UOP01-DEL06-MT;;;