id;data_inversa;dia_semana;horario;uf;br;km;municipio;causa_acidente;tipo_acidente;classificacao_acidente;fase_dia;sentido_via;condicao_metereologica;tipo_pista;tracado_via;uso_solo;pessoas;mortos;feridos_leves;feridos_graves;ilesos;ignorados;feridos;veiculos;latitude;longitude;regional;delegacia;uop;;;
737636;09/12/2025;ter�a-feira;14:00:00;PR;476;328,4;PAULA FREITAS;Velocidade Incompat�vel;Engavetamento;Com V�timas Feridas;Pleno dia;Decrescente;Chuva;Simples;Reta;N�o;4;0;1;0;2;1;1;4;-26,11937686;-50,82756042;SPRF-PR;DEL02-PR;UOP03-DEL02-PR;;;
737637;09/12/2025;ter�a-feira;18:48:00;SC;101;222,5;PALHOCA;Rea��o tardia ou ineficiente do condutor;Colis�o lateral mesmo sentido;Sem V�timas;Plena Noite;Crescente;Chuva;M�ltipla;"Aclive;Reta";N�o;2;0;0;0;1;1;0;2;-27,70967129;-48,65480201;SPRF-SC;DEL01-SC;UOP02-DEL01-SC;;;
737640;09/12/2025;ter�a-feira;18:40:00;SE;101;47,8;JAPARATUBA;Pedestre andava na pista;Atropelamento de Pedestre;Com V�timas Fatais;Plena Noite;Decrescente;C�u Claro;Dupla;Reta;N�o;3;1;0;0;0;2;0;3;-10,585768;-36,96932;SPRF-SE;DEL02-SE;UOP02-DEL02-SE;;;
737643;09/12/2025;ter�a-feira;18:20:00;MG;381;533;ITATIAIUCU;Aus�ncia de rea��o do condutor;Sa�da de leito carro��vel;Com V�timas Feridas;Anoitecer;Crescente;Chuva;Dupla;Curva;N�o;1;0;0;1;0;0;1;1;-20,16810452;-44,37052028;SPRF-MG;DEL04-MG;UOP03-DEL04-MG;;;
737651;09/12/2025;ter�a-feira;17:48:00;RJ;40;109;DUQUE DE CAXIAS;Rea��o tardia ou ineficiente do condutor;Engavetamento;Com V�timas Feridas;Anoitecer;Crescente;Garoa/Chuvisco;Dupla;Reta;Sim;6;0;2;0;3;1;2;4;-22,68164453;-43,28574982;SPRF-RJ;DEL01-RJ;UOP02-DEL01-RJ;;;
737654;09/12/2025;ter�a-feira;17:45:00;RS;470;210;BENTO GONCALVES;Aus�ncia de rea��o do condutor;Colis�o lateral mesmo sentido;Sem V�timas;Pleno dia;Decrescente;Nublado;Simples;Reta;N�o;2;0;0;0;2;0;0;2;-29,12682221;-51,54184341;SPRF-RS;DEL06-RS;UOP01-DEL06-RS;;;
737657;09/12/2025;ter�a-feira;18:43:00;SE;101;109;SAO CRISTOVAO;Demais falhas mec�nicas ou el�tricas;Inc�ndio;Sem V�timas;Plena Noite;Decrescente;C�u Claro;Dupla;Reta;N�o;1;0;0;0;1;0;0;1;-10,967173;-37,27283;SPRF-SE;DEL02-SE;UOP01-DEL02-SE;;;
737662;09/12/2025;ter�a-feira;15:00:00;MT;163;630;NOVA MUTUM;Ultrapassagem Indevida;Sa�da de leito carro��vel;Com V�timas Feridas;Pleno dia;Crescente;Nublado;Simples;Reta;N�o;2;0;1;0;0;1;1;2;-13,46590748;-56,02455746;SPRF-MT;DEL01-MT;UOP01-DEL01-MT;;;
737672;09/12/2025;ter�a-feira;19:30:00;BA;242;416;SEABRA;Problema com o freio;Colis�o traseira;Com V�timas Feridas;Plena Noite;Decrescente;C�u Claro;Simples;"Declive;Reta";Sim;6;0;2;0;3;4;2;8;-12,42878245;-41,78037211;SPRF-BA;DEL06-BA;UOP01-DEL06-BA;;;
737673;09/12/2025;ter�a-feira;16:30:00;PR;376;221;CAMBIRA;Demais falhas mec�nicas ou el�tricas;Tombamento;Sem V�timas;Pleno dia;Crescente;C�u Claro;Dupla;Curva;N�o;1;0;0;0;1;0;0;1;-23,602358;-51,600232;SPRF-PR;DEL09-PR;UOP01-DEL09-PR;;;
737680;09/12/2025;ter�a-feira;20:50:00;MS;267;118,2;NOVA ANDRADINA;Aus�ncia de rea��o do condutor;Colis�o traseira;Com V�timas Fatais;Plena Noite;Decrescente;Nublado;Simples;"Reta;Aclive";N�o;3;1;0;0;1;2;0;4;-21,77411674;-53,20111692;SPRF-MS;DEL02-MS;UOP03-DEL02-MS;;;
737681;09/12/2025;ter�a-feira;22:00:00;GO;153;435;ANAPOLIS;Ingest�o de subst�ncias psicoativas pelo condutor;Tombamento;Com V�timas Feridas;Plena Noite;Crescente;Chuva;Dupla;Reta;N�o;2;0;0;1;0;1;1;2;-16,2811205;-48,953255;SPRF-GO;DEL02-GO;UOP01-DEL02-GO;;;
737682;09/12/2025;ter�a-feira;19:34:00;MT;163;828;SINOP;Pedestre - Ingest�o de �lcool/ subst�ncias psicoativas;Sa�da de leito carro��vel;Com V�timas Feridas;Plena Noite;Decrescente;Chuva;Simples;Reta;Sim;5;0;0;1;1;3;1;2;-11,922828;-55,511404;SPRF-MT;DEL06-MT;UOP02-DEL06-MT;;;
737688;09/12/2025;ter�a-feira;18:23:00;MT;163;683;LUCAS DO RIO VERDE;Rea��o tardia ou ineficiente do condutor;Colis�o traseira;Com V�timas Feridas;Pleno dia;Decrescente;Chuva;Simples;Reta;N�o;6;0;1;0;5;0;1;3;-13,10969927;-55,95289707;SPRF-MT;DEL06-MT;UOP01-DEL06-MT;;;
737689;09/12/2025;ter�a-feira;23:20:00;CE;116;320;JAGUARIBE;Aus�ncia de rea��o do condutor;Colis�o frontal;Com V�timas Feridas;Plena Noite;Crescente;C�u Claro;Simples;Reta;N�o;3;0;0;2;0;1;2;2;-6,10868;-38,64852905;SPRF-CE;DEL05-CE;UOP02-DEL05-CE;;;
737694;09/12/2025;ter�a-feira;23:50:00;SC;280;131,6;RIO NEGRINHO;Transitar na contram�o;Colis�o frontal;Com V�timas Feridas;Plena Noite;Crescente;C�u Claro;Simples;Reta;Sim;2;0;0;1;1;0;1;2;-26,25869;-49,54538;SPRF-SC;DEL06-SC;UOP03-DEL06-SC;;;
737698;10/12/2025;quarta-feira;01:30:00;MG;381;239;SANTANA DO PARAISO;Estacionar ou parar em local proibido;Colis�o traseira;Com V�timas Feridas;Plena Noite;Crescente;Chuva;Simples;Reta;N�o;3;0;1;0;1;1;1;2;-19,43601468;-42,50978921;SPRF-MG;DEL06-MG;UOP01-DEL06-MG;;;
737700;10/12/2025;quarta-feira;01:30:00;SP;116;482;CAJATI;Rea��o tardia ou ineficiente do condutor;Colis�o traseira;Com V�timas Feridas;Plena Noite;Decrescente;Nublado;Dupla;Reta;N�o;3;0;1;0;1;3;1;5;-24,72275505;-48,05177705;SPRF-SP;DEL05-SP;UOP01-DEL05-SP;;;
737702;10/12/2025;quarta-feira;02:00:00;MG;262;577;CAMPOS ALTOS;Demais falhas mec�nicas ou el�tricas;Inc�ndio;Sem V�timas;Plena Noite;Crescente;Chuva;Simples;Aclive;N�o;2;0;0;0;1;2;0;3;-19,658288;-46,123168;SPRF-MG;DEL08-MG;UOP02-DEL08-MG;;;
737703;10/12/2025;quarta-feira;02:10:00;MG;40;480,1;SETE LAGOAS;Aus�ncia de rea��o do condutor;Sa�da de leito carro��vel;Com V�timas Feridas;Plena Noite;Crescente;Chuva;Dupla;"Curva;Aclive";Sim;3;0;2;0;0;1;2;2;-19,53994815;-44,25173376;SPRF-MG;DEL02-MG;UOP01-DEL02-MG;;;
737705;10/12/2025;quarta-feira;02:00:00;RJ;116;311,8;RESENDE;Demais falhas mec�nicas ou el�tricas;Colis�o com objeto;Com V�timas Feridas;Plena Noite;Decrescente;Chuva;Dupla;Reta;Sim;2;0;1;0;1;0;1;2;-22,46109;-44,449482;SPRF-RJ;DEL07-RJ;UOP02-DEL07-RJ;;;
737706;10/12/2025;quarta-feira;00:05:00;BA;324;425;RIACHAO DO JACUIPE;Defici�ncia do Sistema de Ilumina��o/Sinaliza��o;Colis�o traseira;Sem V�timas;Plena Noite;Crescente;C�u Claro;Simples;Reta;N�o;5;0;0;0;4;1;0;2;-11,706137;-39,524527;SPRF-BA;DEL04-BA;UOP02-DEL04-BA;;;
737707;09/12/2025;ter�a-feira;22:20:00;SC;116;73,2;MONTE CASTELO;Transitar na contram�o;Colis�o frontal;Com V�timas Feridas;Plena Noite;Crescente;Nublado;Simples;Reta;N�o;3;0;2;1;0;0;3;2;-26,498114;-50,233183;SPRF-SC;DEL06-SC;UOP02-DEL06-SC;;;
737709;10/12/2025;quarta-feira;03:00:00;PR;277;13,5;PARANAGUA;Aus�ncia de rea��o do condutor;Sa�da de leito carro��vel;Com V�timas Feridas;Plena Noite;Crescente;C�u Claro;Dupla;Reta;N�o;2;0;1;0;0;1;1;2;-25,564119;-48,632748;SPRF-PR;DEL01-PR;UOP05-DEL01-PR;;;
737711;10/12/2025;quarta-feira;04:40:00;MG;40;698,5;BARBACENA;Aus�ncia de rea��o do condutor;Sa�da de leito carro��vel;Com V�timas Feridas;Amanhecer;Decrescente;Chuva;Simples;Reta;N�o;2;0;1;0;0;1;1;2;-21,1925848;-43,7514674;SPRF-MG;DEL05-MG;UOP02-DEL05-MG;;;
737713;10/12/2025;quarta-feira;05:30:00;MG;262;357;JUATUBA;Velocidade Incompat�vel;Colis�o traseira;Com V�timas Feridas;Amanhecer;Decrescente;Garoa/Chuvisco;Dupla;Reta;N�o;3;0;0;1;1;1;1;3;-19,97182617;-44,28419352;SPRF-MG;DEL01-MG;UOP03-DEL01-MG;;;
737714;10/12/2025;quarta-feira;05:50:00;PB;101;117,1;CAAPORA;Demais falhas mec�nicas ou el�tricas;Inc�ndio;Com V�timas Feridas;Pleno dia;Decrescente;C�u Claro;Dupla;"Declive;Curva";N�o;2;0;1;0;0;1;1;2;-7,415735;-34,958273;SPRF-PB;DEL01-PB;UOP01-DEL01-PB;;;
737716;10/12/2025;quarta-feira;05:42:00;PR;277;33;MORRETES;Demais falhas mec�nicas ou el�tricas;Inc�ndio;Sem V�timas;Pleno dia;Crescente;C�u Claro;Dupla;Reta;N�o;2;0;0;0;1;2;0;3;-25,56124595;-48,80926275;SPRF-PR;DEL01-PR;UOP05-DEL01-PR;;;
737717;09/12/2025;ter�a-feira;18:15:00;MA;226;130;SENADOR ALEXANDRE COSTA;Transitar na contram�o;Colis�o frontal;Com V�timas Fatais;Plena Noite;Crescente;C�u Claro;Simples;Reta;N�o;6;1;0;2;1;2;2;3;-5,303212;-43,896123;SPRF-MA;DEL06-MA;UOP01-DEL06-MA;;;
737718;10/12/2025;quarta-feira;06:32:00;BA;242;227;ITABERABA;Convers�o proibida;Colis�o frontal;Com V�timas Feridas;Pleno dia;Decrescente;C�u Claro;Simples;"Reta;Interse��o de Vias";Sim;2;0;1;0;1;0;1;2;-12,51727;-40,28532;SPRF-BA;DEL06-BA;UOP02-DEL06-BA;;;
737725;10/12/2025;quarta-feira;06:00:00;PR;376;665,3;GUARATUBA;Velocidade Incompat�vel;Colis�o traseira;Com V�timas Fatais;Pleno dia;Crescente;Vento;Simples;"Declive;Curva";N�o;6;1;1;0;2;3;1;6;-25,85589179;-48,95242877;SPRF-PR;DEL01-PR;UOP04-DEL01-PR;;;
737726;02/12/2025;ter�a-feira;16:17:00;RS;448;22;PORTO ALEGRE;Aus�ncia de rea��o do condutor;Tombamento;Com V�timas Fatais;Pleno dia;Crescente;C�u Claro;Dupla;Curva;Sim;2;1;0;0;0;2;0;3;-29,97519189;-51,19952917;SPRF-RS;DEL01-RS;UOP01-DEL01-RS;;;
737729;10/12/2025;quarta-feira;07:45:00;RS;470;217,7;BENTO GONCALVES;�rea urbana sem a presen�a de local apropriado para a travessia de pedestres;Atropelamento de Pedestre;Com V�timas Feridas;Pleno dia;Crescente;Chuva;Simples;"Curva;Retorno Regulamentado";Sim;3;0;1;0;1;1;1;3;-29,17865036;-51,51839411;SPRF-RS;DEL06-RS;UOP01-DEL06-RS;;;
737734;28/11/2025;sexta-feira;15:30:00;MS;267;19,8;BATAGUASSU;Ultrapassagem Indevida;Capotamento;Com V�timas Feridas;Pleno dia;Decrescente;C�u Claro;Simples;Reta;N�o;3;0;1;0;1;2;1;4;-21,7265769;-52,3290614;SPRF-MS;DEL02-MS;UOP04-DEL02-MS;;;
737739;10/12/2025;quarta-feira;06:10:00;SP;116;485;CAJATI;Estacionar ou parar em local proibido;Colis�o traseira;Com V�timas Fatais;Pleno dia;Decrescente;C�u Claro;Dupla;Reta;N�o;3;1;0;0;1;2;0;4;-24,72578341;-48,08853149;SPRF-SP;DEL05-SP;UOP01-DEL05-SP;;;
737742;10/12/2025;quarta-feira;05:44:00;PR;376;378,3;ORTIGUEIRA;Aus�ncia de rea��o do condutor;Colis�o lateral mesmo sentido;Sem V�timas;Amanhecer;Decrescente;Ignorado;Dupla;Reta;N�o;3;0;0;0;2;1;0;3;-24,36311538;-50,81074901;SPRF-PR;DEL03-PR;UOP02-DEL03-PR;;;
737743;10/12/2025;quarta-feira;06:20:00;MT;70;516;VARZEA GRANDE;Acessar a via sem observar a presen�a dos outros ve�culos;Colis�o frontal;Com V�timas Feridas;Pleno dia;Crescente;C�u Claro;Simples;Reta;Sim;2;0;1;0;1;0;1;2;-15,70293;-56,15121;SPRF-MT;DEL01-MT;UOP02-DEL01-MT;;;
737751;10/12/2025;quarta-feira;07:50:00;MG;381;529,3;BRUMADINHO;Condutor Dormindo;Tombamento;Com V�timas Feridas;Pleno dia;Decrescente;Nublado;Dupla;Curva;N�o;2;0;1;0;0;2;1;3;-20,15709127;-44,32835145;SPRF-MG;DEL04-MG;UOP03-DEL04-MG;;;
737755;10/12/2025;quarta-feira;07:47:00;MT;163;650;LUCAS DO RIO VERDE;Aus�ncia de rea��o do condutor;Sa�da de leito carro��vel;Com V�timas Feridas;Pleno dia;Decrescente;C�u Claro;Simples;Reta;N�o;2;0;1;0;0;3;1;4;-13,377817;-56,083323;SPRF-MT;DEL06-MT;UOP01-DEL06-MT;;;
737756;22/11/2025;s�bado;07:30:00;MG;381;310;NOVA ERA;Velocidade Incompat�vel;Sa�da de leito carro��vel;Com V�timas Feridas;Pleno dia;Crescente;Nublado;Simples;"Curva;Declive";N�o;2;0;1;0;0;1;1;2;-19,67544401;-42,97503948;SPRF-MG;DEL03-MG;UOP02-DEL03-MG;;;
737762;10/12/2025;quarta-feira;10:08:00;RN;101;161,8;CANGUARETAMA;Manobra de mudan�a de faixa;Colis�o traseira;Com V�timas Feridas;Pleno dia;Decrescente;Sol;Dupla;Reta;N�o;3;0;1;0;1;1;1;3;-6,3835952;-35,14546752;SPRF-RN;DEL01-RN;UOP01-DEL01-RN;;;
737764;10/12/2025;quarta-feira;11:15:00;PR;376;253,9;CALIFORNIA;Transitar na contram�o;Colis�o frontal;Com V�timas Feridas;Pleno dia;Crescente;C�u Claro;Simples;Reta;N�o;5;0;1;1;1;2;2;4;-23,65214;-51,37435;SPRF-PR;DEL07-PR;UOP03-DEL07-PR;;;
737771;10/12/2025;quarta-feira;11:10:00;RS;472;476;URUGUAIANA;Manobra de mudan�a de faixa;Colis�o lateral sentido oposto;Com V�timas Feridas;Pleno dia;Decrescente;C�u Claro;Simples;Reta;Sim;3;0;1;0;2;0;1;2;-29,77588532;-57,0593555;SPRF-RS;DEL12-RS;UOP01-DEL12-RS;;;
737777;10/12/2025;quarta-feira;11:50:00;RJ;493;23;MAGE;Aus�ncia de rea��o do condutor;Colis�o traseira;Com V�timas Feridas;Pleno dia;Decrescente;Sol;Simples;Reta;N�o;2;0;1;0;1;0;1;2;-22,65713;-43,065948;SPRF-RJ;DEL04-RJ;UOP02-DEL04-RJ;;;
737778;10/12/2025;quarta-feira;12:00:00;PA;230;70;SAO DOMINGOS DO ARAGUAIA;Rea��o tardia ou ineficiente do condutor;Sa�da de leito carro��vel;Com V�timas Fatais;Pleno dia;Crescente;C�u Claro;Simples;Curva;N�o;3;1;0;0;0;2;0;3;-5,507055;-48,718863;SPRF-PA;DEL03-PA;UOP01-DEL03-PA;;;
737781;03/12/2025;quarta-feira;04:00:00;MG;40;425,8;PARAOPEBA;Condutor Dormindo;Colis�o traseira;Com V�timas Feridas;Plena Noite;Decrescente;Nublado;Dupla;"Reta;Declive";N�o;2;0;0;1;1;0;1;2;-19,16837;-44,51504;SPRF-MG;DEL02-MG;UOP01-DEL02-MG;;;
737785;10/12/2025;quarta-feira;12:35:00;SC;282;237;LAGES;Rea��o tardia ou ineficiente do condutor;Sa�da de leito carro��vel;Com V�timas Fatais;Pleno dia;Crescente;Chuva;Simples;"Reta;Declive";N�o;1;1;0;0;0;0;0;1;-27,78708;-50,4881;SPRF-SC;DEL05-SC;UOP02-DEL05-SC;;;
737786;10/12/2025;quarta-feira;11:40:00;RO;425;90;GUAJARA-MIRIM;Rea��o tardia ou ineficiente do condutor;Sa�da de leito carro��vel;Sem V�timas;Pleno dia;Decrescente;C�u Claro;Simples;Reta;N�o;3;0;0;0;2;1;0;3;-10,51196688;-65,32872319;SPRF-RO;DEL01-RO;UOP03-DEL01-RO;;;
737790;10/12/2025;quarta-feira;11:00:00;SE;101;89;NOSSA SENHORA DO SOCORRO;Velocidade Incompat�vel;Tombamento;Sem V�timas;Pleno dia;Decrescente;C�u Claro;Simples;"Curva;Viaduto;Declive";N�o;2;0;0;0;1;1;0;2;-10,884427;-37,132143;SPRF-SE;DEL01-SE;UOP01-DEL01-SE;;;
737792;10/12/2025;quarta-feira;14:50:00;MG;381;379;SAO GONCALO DO RIO ABAIXO;Velocidade Incompat�vel;Tombamento;Com V�timas Fatais;Pleno dia;Crescente;C�u Claro;Simples;Curva;N�o;5;1;1;2;0;1;3;2;-19,821714;-43,387856;SPRF-MG;DEL01-MG;UOP01-DEL01-MG;;;
737795;10/12/2025;quarta-feira;13:00:00;SP;116;408;JUQUIA;Rea��o tardia ou ineficiente do condutor;Colis�o traseira;Com V�timas Feridas;Pleno dia;Crescente;C�u Claro;Dupla;Retorno Regulamentado;N�o;3;0;1;0;1;1;1;3;-24,3284;-47,5744;SPRF-SP;DEL05-SP;UOP01-DEL05-SP;;;
737796;10/12/2025;quarta-feira;12:00:00;MG;381;751;TRES CORACOES;Transitar no Acostamento;Colis�o traseira;Com V�timas Feridas;Pleno dia;Crescente;Chuva;Dupla;Reta;N�o;4;0;0;1;2;1;1;3;-21,638085;-45,284317;SPRF-MG;DEL16-MG;UOP02-DEL16-MG;;;
737797;10/12/2025;quarta-feira;13:00:00;MG;364;33;FRUTAL;Condutor deixou de manter dist�ncia do ve�culo da frente;Colis�o traseira;Com V�timas Feridas;Pleno dia;Crescente;Chuva;Simples;"Declive;Ponte;Reta";Sim;4;0;2;0;1;1;2;3;-20,0034619;-48,94263117;SPRF-MG;DEL13-MG;UOP02-DEL13-MG;;;
737799;10/12/2025;quarta-feira;10:50:00;PI;316;82;LAGOINHA DO PIAUI;Acessar a via sem observar a presen�a dos outros ve�culos;Colis�o transversal;Sem V�timas;Pleno dia;Crescente;C�u Claro;Simples;"Interse��o de Vias;Rotat�ria";N�o;3;0;0;0;2;3;0;5;-5,76477779;-42,61077905;SPRF-PI;DEL01-PI;UOP02-DEL01-PI;;;
737802;10/12/2025;quarta-feira;12:10:00;MS;163;380,5;NOVA ALVORADA DO SUL;Manobra de mudan�a de faixa;Colis�o lateral mesmo sentido;Com V�timas Feridas;Pleno dia;Crescente;C�u Claro;Simples;"Em Obras;Reta";N�o;5;0;1;0;3;1;1;4;-21,34421204;-54,41917543;SPRF-MS;DEL02-MS;UOP01-DEL02-MS;;;
737808;10/12/2025;quarta-feira;14:40:00;PI;316;11,6;TERESINA;Acessar a via sem observar a presen�a dos outros ve�culos;Colis�o lateral mesmo sentido;Com V�timas Feridas;Pleno dia;Decrescente;C�u Claro;M�ltipla;Reta;Sim;2;0;1;0;1;0;1;2;-5,197999;-42,758661;SPRF-PI;DEL01-PI;UOP02-DEL01-PI;;;
737809;10/12/2025;quarta-feira;11:30:00;MT;364;521;ROSARIO OESTE;Convers�o proibida;Colis�o traseira;Com V�timas Feridas;Pleno dia;Decrescente;C�u Claro;Simples;Reta;N�o;5;0;1;0;3;5;1;8;-15,003635;-56,51649999;SPRF-MT;DEL01-MT;UOP01-DEL01-MT;;;
737811;10/12/2025;quarta-feira;16:00:00;RJ;40;51;PETROPOLIS;Demais falhas mec�nicas ou el�tricas;Colis�o com objeto;Com V�timas Feridas;Pleno dia;Crescente;Chuva;Dupla;"Curva;Aclive";N�o;3;0;1;0;2;0;1;1;-22,33947779;-43,13328981;SPRF-RJ;DEL05-RJ;UOP02-DEL05-RJ;;;
737817;10/12/2025;quarta-feira;11:45:00;CE;222;266;COREAU;Manobra de mudan�a de faixa;Colis�o lateral mesmo sentido;Com V�timas Feridas;Pleno dia;Decrescente;C�u Claro;Simples;Reta;N�o;6;0;3;0;2;2;3;4;-3,750348;-40,712428;SPRF-CE;DEL04-CE;UOP02-DEL04-CE;;;
737818;10/12/2025;quarta-feira;13:20:00;SC;153;8,5;AGUA DOCE;Condutor Dormindo;Sa�da de leito carro��vel;Com V�timas Fatais;Pleno dia;Crescente;Chuva;Simples;"Aclive;Reta";N�o;3;1;0;0;0;2;0;3;-26,664798;-51,546814;SPRF-SC;DEL07-SC;UOP07-DEL07-SC;;;
737822;10/12/2025;quarta-feira;16:49:00;ES;101;192,9;ARACRUZ;Ultrapassagem Indevida;Colis�o lateral mesmo sentido;Com V�timas Feridas;Pleno dia;Crescente;Nublado;Simples;"Aclive;Reta";N�o;4;0;2;0;1;1;2;3;-19,6976989;-40,3027;SPRF-ES;DEL04-ES;UOP01-DEL04-ES;;;
737831;10/12/2025;quarta-feira;15:12:00;AL;423;79,7;AGUA BRANCA;Transitar na contram�o;Colis�o lateral sentido oposto;Com V�timas Feridas;Pleno dia;Crescente;C�u Claro;Simples;Reta;N�o;3;0;0;1;1;1;1;3;-9,328934;-37,979979;SPRF-BA;DEL07-BA;UOP01-DEL07-BA;;;
737836;10/12/2025;quarta-feira;16:40:00;MG;381;490;CONTAGEM;Acesso irregular;Colis�o lateral mesmo sentido;Com V�timas Feridas;Pleno dia;Crescente;C�u Claro;Dupla;"Interse��o de Vias;Curva";N�o;2;0;1;0;1;0;1;2;-19,954;-44,015;SPRF-MG;DEL01-MG;UOP03-DEL01-MG;;;
737842;10/12/2025;quarta-feira;18:31:00;RN;101;83;SAO GONCALO DO AMARANTE;Manobra de mudan�a de faixa;Colis�o lateral mesmo sentido;Com V�timas Feridas;Plena Noite;Decrescente;C�u Claro;Simples;Reta;Sim;3;0;1;0;2;0;1;2;-5,7487656;-35,32659;SPRF-RN;DEL02-RN;UOP01-DEL02-RN;;;
737847;10/12/2025;quarta-feira;18:12:00;SC;116;221,2;CORREIA PINTO;Acesso irregular;Colis�o transversal;Com V�timas Feridas;Anoitecer;Crescente;Chuva;Simples;Reta;Sim;2;0;0;1;1;0;1;2;-27,5952787;-50,35865664;SPRF-SC;DEL05-SC;UOP03-DEL05-SC;;;
737850;10/12/2025;quarta-feira;18:40:00;GO;153;503;GOIANIA;Trafegar com motocicleta (ou similar) entre as faixas;Colis�o lateral mesmo sentido;Com V�timas Feridas;Plena Noite;Crescente;Chuva;Dupla;Viaduto;Sim;3;0;1;0;1;1;1;3;-16,72790075;-49,24176905;SPRF-GO;DEL01-GO;UOP01-DEL01-GO;;;
737865;10/12/2025;quarta-feira;17:30:00;RJ;40;92;PETROPOLIS;Carga excessiva e/ou mal acondicionada;Tombamento;Com V�timas Feridas;Anoitecer;Decrescente;C�u Claro;Dupla;"Aclive;Curva";N�o;2;0;1;0;0;1;1;2;-22,568764;-43,24332;SPRF-RJ;DEL01-RJ;UOP01-DEL01-RJ;;;
737870;15/09/2025;segunda-feira;09:00:00;RJ;101;433;MANGARATIBA;Condutor deixou de manter dist�ncia do ve�culo da frente;Colis�o traseira;Com V�timas Feridas;Pleno dia;Decrescente;C�u Claro;Simples;Curva;Sim;2;0;0;1;1;0;1;2;-22,9379797;-44,0407254;SPRF-RJ;DEL03-RJ;UOP02-DEL03-RJ;;;
737873;10/12/2025;quarta-feira;19:45:00;PR;153;106,2;IBAITI;Rea��o tardia ou ineficiente do condutor;Colis�o traseira;Com V�timas Feridas;Plena Noite;Crescente;C�u Claro;Simples;Reta;N�o;2;0;1;0;1;0;1;2;-23,82313691;-50,18404484;SPRF-PR;DEL07-PR;UOP04-DEL07-PR;;;
737875;10/12/2025;quarta-feira;21:40:00;MG;459;81,9;SENADOR JOSE BENTO;Animais na Pista;Atropelamento de Animal;Com V�timas Feridas;Plena Noite;Crescente;Nublado;Simples;Reta;N�o;4;0;3;0;0;1;3;3;-22,15819481;-46,09904051;SPRF-MG;DEL09-MG;UOP01-DEL09-MG;;;
737876;10/12/2025;quarta-feira;21:35:00;RS;290;14,1;SANTO ANTONIO DA PATRULHA;Condutor deixou de manter dist�ncia do ve�culo da frente;Colis�o traseira;Com V�timas Feridas;Plena Noite;Crescente;Chuva;Dupla;Curva;N�o;4;0;0;1;3;0;1;4;-29,866288;-50,403328;SPRF-RS;DEL03-RS;UOP01-DEL03-RS;;;
737877;10/12/2025;quarta-feira;22:00:00;RS;290;133,2;ELDORADO DO SUL;Entrada inopinada do pedestre;Atropelamento de Pedestre;Com V�timas Fatais;Plena Noite;Decrescente;C�u Claro;Simples;Reta;N�o;4;1;0;1;1;1;1;3;-30,064136;-51,5457;SPRF-RS;DEL02-RS;UOP01-DEL02-RS;;;
737879;10/12/2025;quarta-feira;21:30:00;RS;386;305,8;POUSO NOVO;Ingest�o de �lcool pelo condutor;Sa�da de leito carro��vel;Com V�timas Feridas;Plena Noite;Decrescente;Nublado;Dupla;"Aclive;Reta";N�o;2;0;1;0;0;1;1;2;-29,1834142;-52,19201088;SPRF-RS;DEL04-RS;UOP01-DEL04-RS;;;
737888;10/12/2025;quarta-feira;20:40:00;SC;282;560,7;NOVA ITABERABA;Ingest�o de �lcool pelo condutor;Engavetamento;Sem V�timas;Plena Noite;Crescente;Chuva;Simples;Reta;N�o;4;0;0;0;4;0;0;4;-26,92657991;-52,8524785;SPRF-SC;DEL07-SC;UOP02-DEL07-SC;;;
737889;10/12/2025;quarta-feira;23:00:00;MG;381;397;BOM JESUS DO AMPARO;Condutor usando celular;Colis�o traseira;Com V�timas Feridas;Pleno dia;Decrescente;C�u Claro;Dupla;"Curva;Aclive";N�o;2;0;1;0;1;0;1;2;-19,743669;-43,521016;SPRF-MG;DEL01-MG;UOP01-DEL01-MG;;;
737890;10/12/2025;quarta-feira;20:50:00;MG;50;119;UBERABA;Rea��o tardia ou ineficiente do condutor;Colis�o transversal;Com V�timas Feridas;Plena Noite;Decrescente;C�u Claro;Dupla;"Retorno Regulamentado;Reta";N�o;3;0;2;0;0;1;2;2;-19,24990923;-48,13551879;SPRF-MG;DEL13-MG;UOP01-DEL13-MG;;;
737898;11/12/2025;quinta-feira;00:45:00;SC;101;199;SAO JOSE;Rea��o tardia ou ineficiente do condutor;Colis�o traseira;Com V�timas Feridas;Plena Noite;Crescente;C�u Claro;Dupla;Reta;Sim;3;0;2;0;1;0;2;2;-27,53922132;-48,6238974;SPRF-SC;DEL01-SC;UOP01-DEL01-SC;;;
737900;11/12/2025;quinta-feira;00:40:00;PR;376;370;IMBAU;Demais falhas mec�nicas ou el�tricas;Colis�o com objeto;Com V�timas Feridas;Plena Noite;Crescente;C�u Claro;Dupla;Reta;N�o;2;0;1;0;1;0;1;2;-24,38221;-50,79029;SPRF-PR;DEL07-PR;UOP02-DEL07-PR;;;
737901;11/12/2025;quinta-feira;01:15:00;SP;116;69,7;APARECIDA;Pedestre cruzava a pista fora da faixa;Atropelamento de Pedestre;Com V�timas Fatais;Plena Noite;Crescente;C�u Claro;Dupla;Curva;N�o;3;1;0;0;1;1;0;3;-22,84546897;-45,22622824;SPRF-SP;DEL08-SP;UOP01-DEL08-SP;;;
737903;11/12/2025;quinta-feira;02:00:00;MG;50;47,9;ARAGUARI;Mal s�bito do condutor;Sa�da de leito carro��vel;Com V�timas Fatais;Plena Noite;Crescente;C�u Claro;Dupla;"Curva;Declive";N�o;1;1;0;0;0;0;0;1;-18,731365;-48,213435;SPRF-MG;DEL15-MG;UOP02-DEL15-MG;;;