id;data_inversa;dia_semana;horario;uf;br;km;municipio;causa_acidente;tipo_acidente;classificacao_acidente;fase_dia;sentido_via;condicao_metereologica;tipo_pista;tracado_via;uso_solo;pessoas;mortos;feridos_leves;feridos_graves;ilesos;ignorados;feridos;veiculos;latitude;longitude;regional;delegacia;uop;;;
737906;11/12/2025;quinta-feira;02:30:00;SP;116;107,3;TAUBATE;Rea��o tardia ou ineficiente do condutor;Engavetamento;Com V�timas Fatais;Plena Noite;Decrescente;C�u Claro;Dupla;"Em Obras;Reta";Sim;12;1;4;1;5;3;5;9;-23,01946568;-45,53218532;SPRF-SP;DEL02-SP;UOP02-DEL02-SP;;;
737907;11/12/2025;quinta-feira;02:30:00;RJ;101;404;ITAGUAI;Manobra de mudan�a de faixa;Colis�o traseira;Com V�timas Feridas;Amanhecer;Decrescente;C�u Claro;Dupla;Reta;N�o;3;0;1;0;1;1;1;3;-22,865573;-43,79964;SPRF-RJ;DEL03-RJ;UOP01-DEL03-RJ;;;
737910;11/12/2025;quinta-feira;05:05:00;SC;101;15,9;GARUVA;Rea��o tardia ou ineficiente do condutor;Colis�o traseira;Sem V�timas;Pleno dia;Crescente;C�u Claro;Dupla;"Declive;Curva";N�o;3;0;0;0;2;3;0;5;-26,11417482;-48,87643576;SPRF-SC;DEL03-SC;UOP01-DEL03-SC;;;
737912;11/12/2025;quinta-feira;03:30:00;MG;40;332,8;FELIXLANDIA;Condutor Dormindo;Sa�da de leito carro��vel;Com V�timas Feridas;Plena Noite;Crescente;C�u Claro;Simples;"Reta;Declive";N�o;2;0;1;0;0;2;1;3;-18,59619;-45,00923;SPRF-MG;DEL14-MG;UOP02-DEL14-MG;;;
737915;11/12/2025;quinta-feira;05:00:00;PI;316;51,5;LAGOA DO PIAUI;Velocidade Incompat�vel;Tombamento;Com V�timas Feridas;Amanhecer;Decrescente;Nublado;Simples;"Curva;Declive";N�o;1;0;1;0;0;0;1;1;-5,51127;-42,63723;SPRF-PI;DEL01-PI;UOP02-DEL01-PI;;;
737916;11/12/2025;quinta-feira;05:55:00;PB;101;88,4;JOAO PESSOA;Demais falhas mec�nicas ou el�tricas;Tombamento;Com V�timas Feridas;Pleno dia;Decrescente;C�u Claro;Dupla;Curva;N�o;2;0;0;1;1;0;1;1;-7,1650846;-34,8949234;SPRF-PB;DEL01-PB;UOP01-DEL01-PB;;;
737918;11/12/2025;quinta-feira;01:35:00;MG;40;86;PARACATU;Transitar na contram�o;Colis�o lateral sentido oposto;Com V�timas Feridas;Plena Noite;Decrescente;Nublado;Simples;Reta;N�o;3;0;0;1;1;3;1;5;-17,48506901;-46,61458731;SPRF-MG;DEL14-MG;UOP01-DEL14-MG;;;
737924;11/12/2025;quinta-feira;07:10:00;CE;20;400;CAUCAIA;Aus�ncia de sinaliza��o;Colis�o frontal;Com V�timas Feridas;Pleno dia;Crescente;C�u Claro;Simples;"Reta;Em Obras";N�o;3;0;1;0;2;0;1;2;-3,79610794;-38,71221221;SPRF-CE;DEL01-CE;UOP01-DEL01-CE;;;
737926;10/12/2025;quarta-feira;23:15:00;RJ;101;173;MACAE;Aus�ncia de rea��o do condutor;Colis�o traseira;Sem V�timas;Plena Noite;Crescente;Nublado;Simples;"Aclive;Reta";N�o;3;0;0;0;2;1;0;3;-22,37403;-41,95688;SPRF-RJ;DEL08-RJ;UOP04-DEL08-RJ;;;
737930;11/12/2025;quinta-feira;04:30:00;RJ;40;72;PETROPOLIS;Velocidade Incompat�vel;Colis�o traseira;Com V�timas Feridas;Pleno dia;Crescente;C�u Claro;Dupla;Curva;Sim;26;0;4;1;21;0;5;2;-22,460221;-43,220764;SPRF-RJ;DEL01-RJ;UOP01-DEL01-RJ;;;
737943;18/11/2025;ter�a-feira;05:19:00;ES;101;350;ANCHIETA;Velocidade Incompat�vel;Sa�da de leito carro��vel;Com V�timas Feridas;Amanhecer;Decrescente;C�u Claro;Dupla;Curva;N�o;1;0;1;0;0;0;1;1;-20,66582851;-40,6559093;SPRF-ES;DEL03-ES;UOP01-DEL03-ES;;;
737945;11/12/2025;quinta-feira;08:23:00;PB;230;22,9;JOAO PESSOA;Rea��o tardia ou ineficiente do condutor;Engavetamento;Com V�timas Feridas;Pleno dia;Decrescente;C�u Claro;Dupla;Reta;Sim;6;0;1;0;5;0;1;5;-7,1578616;-34,8577604;SPRF-PB;DEL01-PB;UOP01-DEL01-PB;;;
737947;06/09/2025;s�bado;19:00:00;SC;163;107,2;GUARUJA DO SUL;Condutor deixou de manter dist�ncia do ve�culo da frente;Colis�o traseira;Com V�timas Feridas;Plena Noite;Decrescente;Nublado;Simples;"Declive;Reta";N�o;5;0;3;0;2;0;3;3;-26,4250792;-53,52290154;SPRF-SC;DEL07-SC;UOP03-DEL07-SC;;;
737949;11/12/2025;quinta-feira;08:09:00;PE;101;66,8;RECIFE;Rea��o tardia ou ineficiente do condutor;Colis�o transversal;Com V�timas Feridas;Pleno dia;Decrescente;C�u Claro;Simples;Reta;Sim;3;0;1;0;1;1;1;3;-8,041162;-34,94256;SPRF-PE;DEL01-PE;UOP01-DEL01-PE;;;
737954;11/12/2025;quinta-feira;08:45:00;MA;135;22;SAO LUIS;Manobra de mudan�a de faixa;Colis�o lateral mesmo sentido;Com V�timas Feridas;Pleno dia;Crescente;C�u Claro;Dupla;Reta;Sim;2;0;1;0;1;0;1;2;-2,55432675;-44,3094338;SPRF-MA;DEL01-MA;UOP01-DEL01-MA;;;
737957;11/12/2025;quinta-feira;07:50:00;PR;376;595,1;CURITIBA;Trafegar com motocicleta (ou similar) entre as faixas;Colis�o lateral mesmo sentido;Com V�timas Feridas;Pleno dia;Crescente;C�u Claro;Dupla;Reta;Sim;2;0;0;1;1;0;1;2;-25,462073;-49,358308;SPRF-PR;DEL01-PR;UOP03-DEL01-PR;;;
737970;10/12/2025;quarta-feira;11:30:00;SP;116;532;BARRA DO TURVO;Rea��o tardia ou ineficiente do condutor;Colis�o traseira;Com V�timas Fatais;Pleno dia;Decrescente;C�u Claro;Dupla;Reta;N�o;3;1;0;0;1;3;0;5;-24,92796346;-48,27055073;SPRF-SP;DEL05-SP;UOP02-DEL05-SP;;;
737974;20/11/2025;quinta-feira;04:20:00;PR;153;462,9;UNIAO DA VITORIA;Condutor Dormindo;Colis�o frontal;Com V�timas Fatais;Plena Noite;Decrescente;C�u Claro;Simples;Reta;N�o;2;1;0;0;1;0;0;2;-26,23697017;-51,15534782;SPRF-PR;DEL02-PR;UOP03-DEL02-PR;;;
737976;11/12/2025;quinta-feira;08:59:00;SC;282;64,5;RANCHO QUEIMADO;Ultrapassagem Indevida;Colis�o lateral mesmo sentido;Com V�timas Feridas;Pleno dia;Decrescente;Sol;Simples;Curva;N�o;2;0;1;0;1;0;1;2;-27,69637224;-49,05622959;SPRF-SC;DEL01-SC;UOP03-DEL01-SC;;;
737978;11/12/2025;quinta-feira;09:50:00;RJ;493;17;GUAPIMIRIM;Rea��o tardia ou ineficiente do condutor;Colis�o transversal;Com V�timas Feridas;Pleno dia;Crescente;Sol;Simples;Reta;N�o;4;0;1;0;2;2;1;5;-22,662728;-43,000022;SPRF-RJ;DEL04-RJ;UOP02-DEL04-RJ;;;
737981;11/12/2025;quinta-feira;12:45:00;CE;116;61;CHOROZINHO;Rea��o tardia ou ineficiente do condutor;Colis�o traseira;Com V�timas Feridas;Pleno dia;Decrescente;C�u Claro;Simples;Reta;N�o;2;0;1;0;1;0;1;2;-4,26492;-38,48911;SPRF-CE;DEL01-CE;UOP04-DEL01-CE;;;
737983;11/12/2025;quinta-feira;11:20:00;MG;40;456;CAETANOPOLIS;Aus�ncia de rea��o do condutor;Colis�o traseira;Com V�timas Feridas;Pleno dia;Crescente;Sol;Dupla;Reta;N�o;3;0;0;1;1;2;1;4;-19,3640902;-44,3415567;SPRF-MG;DEL02-MG;UOP01-DEL02-MG;;;
737984;11/12/2025;quinta-feira;07:10:00;RO;364;378,8;OURO PRETO DO OESTE;Rea��o tardia ou ineficiente do condutor;Colis�o lateral mesmo sentido;Com V�timas Feridas;Pleno dia;Decrescente;C�u Claro;Simples;"Declive;Reta";N�o;13;0;8;1;4;0;9;3;-10,74160754;-62,21695231;SPRF-RO;DEL02-RO;UOP01-DEL02-RO;;;
737990;03/09/2025;quarta-feira;09:10:00;RJ;101;548;PARATY;Desrespeitar a prefer�ncia no cruzamento;Colis�o traseira;Com V�timas Feridas;Pleno dia;Crescente;C�u Claro;Simples;Reta;N�o;6;0;4;0;2;0;4;3;-23,04504128;-44,64792642;SPRF-RJ;DEL03-RJ;UOP04-DEL03-RJ;;;
737991;11/12/2025;quinta-feira;12:36:00;PE;424;79,1;GARANHUNS;Ultrapassagem Indevida;Colis�o lateral sentido oposto;Com V�timas Feridas;Pleno dia;Crescente;C�u Claro;Simples;"Aclive;Reta";N�o;2;0;1;0;1;0;1;2;-8,826346;-36,552661;SPRF-PE;DEL03-PE;UOP01-DEL03-PE;;;
737992;11/12/2025;quinta-feira;12:50:00;PR;376;545;BALSA NOVA;Rea��o tardia ou ineficiente do condutor;Colis�o traseira;Com V�timas Feridas;Pleno dia;Crescente;Ignorado;Dupla;Curva;N�o;5;0;1;0;3;1;1;4;-25,4424;-49,7474;SPRF-PR;DEL03-PR;UOP03-DEL03-PR;;;
737994;11/12/2025;quinta-feira;13:30:00;PR;277;290,3;PRUDENTOPOLIS;Condutor deixou de manter dist�ncia do ve�culo da frente;Colis�o traseira;Sem V�timas;Pleno dia;Crescente;C�u Claro;Simples;Reta;N�o;5;0;0;0;4;2;0;5;-25,31951148;-51,03630066;SPRF-PR;DEL08-PR;UOP02-DEL08-PR;;;
737996;11/12/2025;quinta-feira;10:15:00;RJ;40;118;DUQUE DE CAXIAS;Rea��o tardia ou ineficiente do condutor;Colis�o traseira;Sem V�timas;Pleno dia;Crescente;C�u Claro;Dupla;Reta;Sim;3;0;0;0;3;0;0;2;-22,76189138;-43,28712986;SPRF-RJ;DEL01-RJ;UOP02-DEL01-RJ;;;
738001;02/12/2025;ter�a-feira;11:55:00;RS;386;356,6;ESTRELA;Rea��o tardia ou ineficiente do condutor;Colis�o transversal;Com V�timas Feridas;Pleno dia;Crescente;Sol;Dupla;Retorno Regulamentado;N�o;4;0;2;0;1;1;2;3;-29,527846;-51,930826;SPRF-RS;DEL04-RS;UOP01-DEL04-RS;;;
738002;11/12/2025;quinta-feira;14:08:00;PE;101;46;IGARASSU;Aus�ncia de rea��o do condutor;Colis�o traseira;Com V�timas Feridas;Pleno dia;Decrescente;C�u Claro;M�ltipla;Reta;N�o;3;0;1;0;2;0;1;3;-7,8804994;-34,9049922;SPRF-PE;DEL01-PE;UOP02-DEL01-PE;;;
738005;11/12/2025;quinta-feira;14:00:00;PR;376;485;PONTA GROSSA;Manobra de mudan�a de faixa;Colis�o traseira;Com V�timas Feridas;Pleno dia;Decrescente;Sol;Dupla;"Aclive;Reta;Em Obras";Sim;3;0;0;1;1;1;1;3;-25,107623;-50,1916;SPRF-PR;DEL03-PR;UOP04-DEL03-PR;;;
738010;11/12/2025;quinta-feira;15:10:00;PE;232;76,2;GRAVATA;Acessar a via sem observar a presen�a dos outros ve�culos;Colis�o transversal;Sem V�timas;Pleno dia;Crescente;C�u Claro;Dupla;Reta;N�o;2;0;0;0;2;0;0;2;-8,19451;-35,54025;SPRF-PE;DEL02-PE;UOP02-DEL02PE;;;
738011;11/12/2025;quinta-feira;15:00:00;CE;116;384;ICO;Aus�ncia de rea��o do condutor;Colis�o lateral sentido oposto;Com V�timas Feridas;Pleno dia;Crescente;C�u Claro;Simples;"Reta;Declive";N�o;7;0;1;0;5;1;1;4;-6,462925;-38,855546;SPRF-CE;DEL05-CE;UOP01-DEL05-CE;;;
738012;11/12/2025;quinta-feira;15:00:00;SP;116;124;CACAPAVA;Rea��o tardia ou ineficiente do condutor;Colis�o traseira;Com V�timas Feridas;Pleno dia;Decrescente;C�u Claro;Dupla;Reta;N�o;3;0;2;0;1;0;2;2;-23,0945;-45,679888;SPRF-SP;DEL02-SP;UOP02-DEL02-SP;;;
738014;11/12/2025;quinta-feira;15:00:00;PR;116;122;CURITIBA;Acessar a via sem observar a presen�a dos outros ve�culos;Colis�o lateral mesmo sentido;Com V�timas Feridas;Pleno dia;Crescente;C�u Claro;Dupla;Reta;Sim;3;0;1;0;2;0;1;3;-25,60464477;-49,31841938;SPRF-PR;DEL01-PR;UOP03-DEL01-PR;;;
738017;11/12/2025;quinta-feira;14:35:00;MG;381;575;ITAGUARA;Aus�ncia de rea��o do condutor;Colis�o traseira;Com V�timas Feridas;Pleno dia;Crescente;C�u Claro;Dupla;Reta;N�o;3;0;1;0;1;1;1;3;-20,45139133;-44,56869777;SPRF-MG;DEL04-MG;UOP01-DEL04-MG;;;
738020;11/12/2025;quinta-feira;16:20:00;ES;101;276,2;SERRA;Acessar a via sem observar a presen�a dos outros ve�culos;Colis�o transversal;Com V�timas Feridas;Pleno dia;Crescente;Sol;Dupla;Retorno Regulamentado;N�o;2;0;1;0;1;0;1;2;-20,20920745;-40,31581074;SPRF-ES;DEL02-ES;UOP01-DEL02-ES;;;
738025;11/12/2025;quinta-feira;15:30:00;MT;163;886;CLAUDIA;Sinaliza��o mal posicionada;Eventos at�picos;Com V�timas Fatais;Pleno dia;Crescente;Sol;Simples;Reta;N�o;3;1;0;0;1;2;0;4;-11,4304;-55,35462;SPRF-MT;DEL06-MT;UOP02-DEL06-MT;;;
738029;11/12/2025;quinta-feira;16:45:00;PR;277;18;PARANAGUA;Demais falhas mec�nicas ou el�tricas;Inc�ndio;Sem V�timas;Pleno dia;Decrescente;C�u Claro;Dupla;Reta;N�o;2;0;0;0;1;1;0;2;-25,56148;-48,64419;SPRF-PR;DEL01-PR;UOP05-DEL01-PR;;;
738038;11/12/2025;quinta-feira;18:20:00;SP;381;70;MAIRIPORA;Rea��o tardia ou ineficiente do condutor;Colis�o traseira;Com V�timas Feridas;Pleno dia;Decrescente;Nublado;Dupla;Reta;N�o;4;0;1;0;3;0;1;2;-23,35388904;-46,55287027;SPRF-SP;DEL03-SP;UOP01-DEL03-SP;;;
738043;11/12/2025;quinta-feira;17:20:00;MG;381;438;SANTA LUZIA;Retorno proibido;Colis�o transversal;Com V�timas Feridas;Pleno dia;Crescente;Nublado;Simples;Reta;N�o;3;0;0;2;0;1;2;3;-19,81334752;-43,79815221;SPRF-MG;DEL01-MG;UOP01-DEL01-MG;;;
738051;11/12/2025;quinta-feira;14:30:00;RO;364;539;ALTO PARAISO;Rea��o tardia ou ineficiente do condutor;Colis�o lateral sentido oposto;Com V�timas Feridas;Pleno dia;Crescente;C�u Claro;Simples;Reta;N�o;4;0;0;2;1;2;2;4;-9,728467;-63,115595;SPRF-RO;DEL03-RO;UOP01-DEL03-RO;;;
738052;11/12/2025;quinta-feira;13:10:00;ES;262;73,1;DOMINGOS MARTINS;Carga excessiva e/ou mal acondicionada;Tombamento;Com V�timas Feridas;Pleno dia;Crescente;Sol;Simples;Curva;N�o;2;0;1;0;0;1;1;2;-20,4102246;-40,8875398;SPRF-ES;DEL01-ES;UOP02-DEL01-ES;;;
738069;11/12/2025;quinta-feira;20:20:00;SP;381;74;SAO PAULO;Demais falhas mec�nicas ou el�tricas;Inc�ndio;Sem V�timas;Plena Noite;Crescente;C�u Claro;M�ltipla;"Curva;Declive";N�o;1;0;0;0;1;0;0;1;-23,38062134;-46,56415433;SPRF-SP;DEL03-SP;UOP01-DEL03-SP;;;
738074;11/12/2025;quinta-feira;20:00:00;MG;262;443;NOVA SERRANA;Acessar a via sem observar a presen�a dos outros ve�culos;Colis�o lateral mesmo sentido;Com V�timas Feridas;Plena Noite;Crescente;C�u Claro;Simples;Reta;Sim;3;0;1;0;1;1;1;3;-19,86065054;-45,00525177;SPRF-MG;DEL08-MG;UOP03-DEL08-MG;;;
738075;11/12/2025;quinta-feira;11:50:00;PB;116;1,5;CACHOEIRA DOS INDIOS;Aus�ncia de rea��o do condutor;Tombamento;Com V�timas Feridas;Pleno dia;Decrescente;C�u Claro;Simples;Reta;N�o;3;0;2;0;0;2;2;3;-6,909605;-38,72869;SPRF-CE;DEL05-CE;UOP03-DEL05-CE;;;
738079;11/12/2025;quinta-feira;21:50:00;RJ;101;105,6;CAMPOS DOS GOYTACAZES;Condutor Dormindo;Colis�o traseira;Com V�timas Feridas;Plena Noite;Crescente;C�u Claro;Dupla;Curva;N�o;3;0;0;1;1;2;1;4;-21,94212637;-41,62847689;SPRF-RJ;DEL08-RJ;UOP02-DEL08-RJ;;;
738080;11/12/2025;quinta-feira;12:30:00;MG;381;158;GOVERNADOR VALADARES;Aus�ncia de rea��o do condutor;Colis�o lateral sentido oposto;Com V�timas Feridas;Pleno dia;Crescente;C�u Claro;Simples;Curva;N�o;3;0;1;0;1;3;1;5;-18,92228596;-42,02687756;SPRF-MG;DEL06-MG;UOP01-DEL06-MG;;;
738084;11/12/2025;quinta-feira;21:30:00;MS;262;352,2;CAMPO GRANDE;Animais na Pista;Atropelamento de Animal;Com V�timas Fatais;Plena Noite;Crescente;C�u Claro;Dupla;Reta;N�o;3;1;0;0;2;0;0;3;-20,566714;-54,651229;SPRF-MS;DEL01-MS;UOP03-DEL01-MS;;;
738085;11/12/2025;quinta-feira;20:54:00;MA;135;96,1;ITAPECURU MIRIM;Rea��o tardia ou ineficiente do condutor;Engavetamento;Com V�timas Feridas;Plena Noite;Decrescente;C�u Claro;Simples;Reta;Sim;6;0;1;0;3;2;1;4;-3,33403;-44,44771;SPRF-MA;DEL01-MA;UOP02-DEL01-MA;;;
738089;11/12/2025;quinta-feira;17:15:00;PR;476;328;PAULA FREITAS;Ultrapassagem Indevida;Colis�o lateral sentido oposto;Com V�timas Feridas;Pleno dia;Crescente;C�u Claro;Simples;Reta;N�o;2;0;1;0;0;1;1;2;-26,09425572;-50,7878421;SPRF-PR;DEL02-PR;UOP03-DEL02-PR;;;
738094;11/12/2025;quinta-feira;22:30:00;ES;101;148,7;LINHARES;Rea��o tardia ou ineficiente do condutor;Tombamento;Com V�timas Feridas;Plena Noite;Decrescente;C�u Claro;Dupla;Reta;Sim;2;0;1;0;1;0;1;2;-19,39407;-40,065524;SPRF-ES;DEL04-ES;UOP01-DEL04-ES;;;
738096;11/12/2025;quinta-feira;21:50:00;MS;163;6,5;MUNDO NOVO;Demais falhas mec�nicas ou el�tricas;Inc�ndio;Sem V�timas;Plena Noite;Decrescente;Nublado;Dupla;Reta;N�o;2;0;0;0;1;1;0;2;-24,003;-54,317;SPRF-MS;DEL09-MS;UOP02-DEL09-MS;;;
738098;12/12/2025;sexta-feira;00:05:00;GO;20;11;FORMOSA;Transitar na contram�o;Colis�o lateral sentido oposto;Com V�timas Feridas;Plena Noite;Crescente;Nublado;Simples;Reta;N�o;5;0;0;2;2;1;2;4;-15,561685;-47,258633;SPRF-DF;DEL02-DF;UOP02-DEL02-DF;;;
738105;12/12/2025;sexta-feira;01:45:00;RS;290;19,8;SANTO ANTONIO DA PATRULHA;Estacionar ou parar em local proibido;Colis�o traseira;Com V�timas Feridas;Pleno dia;Decrescente;C�u Claro;Dupla;Reta;N�o;5;0;3;0;1;1;3;3;-29,88381593;-50,44063568;SPRF-RS;DEL03-RS;UOP01-DEL03-RS;;;
738106;12/12/2025;sexta-feira;01:50:00;MG;40;750,2;SANTOS DUMONT;Condutor Dormindo;Sa�da de leito carro��vel;Com V�timas Feridas;Plena Noite;Crescente;C�u Claro;Simples;Curva;N�o;1;0;1;0;0;0;1;1;-21,49073196;-43,53537343;SPRF-MG;DEL05-MG;UOP01-DEL05-MG;;;
738107;12/12/2025;sexta-feira;02:25:00;PR;376;663;GUARATUBA;Demais falhas mec�nicas ou el�tricas;Inc�ndio;Sem V�timas;Plena Noite;Crescente;Nublado;Dupla;Reta;N�o;2;0;0;0;1;2;0;3;-25,85456032;-48,96528125;SPRF-PR;DEL01-PR;UOP04-DEL01-PR;;;
738108;12/12/2025;sexta-feira;02:00:00;PR;476;162,2;ARAUCARIA;Transitar na contram�o;Colis�o frontal;Com V�timas Feridas;Plena Noite;Decrescente;C�u Claro;Simples;"Aclive;Reta";N�o;2;0;0;1;1;0;1;2;-25,6273245;-49,4539655;SPRF-PR;DEL01-PR;UOP06-DEL01-PR;;;
738109;11/12/2025;quinta-feira;23:40:00;MT;364;349;SANTO ANTONIO DO LEVERGER;Rea��o tardia ou ineficiente do condutor;Colis�o traseira;Com V�timas Feridas;Plena Noite;Decrescente;C�u Claro;Dupla;Reta;N�o;3;0;0;1;1;1;1;3;-15,801252;-55,501028;SPRF-MT;DEL05-MT;UOP02-DEL05-MT;;;
738110;12/12/2025;sexta-feira;03:20:00;BA;116;632;JAGUAQUARA;Suic�dio (presumido);Atropelamento de Pedestre;Com V�timas Fatais;Plena Noite;Crescente;Nublado;M�ltipla;Reta;Sim;2;1;0;0;0;1;0;2;-13,51501069;-40,05715013;SPRF-BA;DEL03-BA;UOP01-DEL03-BA;;;
738111;12/12/2025;sexta-feira;03:40:00;RS;386;282,4;SAO JOSE DO HERVAL;Condutor Dormindo;Colis�o frontal;Com V�timas Fatais;Plena Noite;Crescente;C�u Claro;Simples;Reta;N�o;42;1;21;1;19;0;22;2;-29,048947;-52,293477;SPRF-RS;DEL04-RS;UOP03-DEL04-RS;;;
738113;12/12/2025;sexta-feira;02:50:00;PR;476;153,5;ARAUCARIA;Rea��o tardia ou ineficiente do condutor;Colis�o traseira;Com V�timas Feridas;Plena Noite;Decrescente;C�u Claro;Dupla;Reta;Sim;2;0;1;0;1;0;1;2;-25,57855748;-49,3939933;SPRF-PR;DEL01-PR;UOP06-DEL01-PR;;;
738117;12/12/2025;sexta-feira;04:00:00;PR;277;42,9;MORRETES;Condutor Dormindo;Colis�o traseira;Sem V�timas;Amanhecer;Crescente;C�u Claro;Dupla;Reta;N�o;3;0;0;0;2;3;0;5;-25,5926;-48,8814;SPRF-PR;DEL01-PR;UOP05-DEL01-PR;;;
738121;12/12/2025;sexta-feira;04:30:00;RS;116;408,3;CAMAQUA;Rea��o tardia ou ineficiente do condutor;Atropelamento de Pedestre;Com V�timas Fatais;Plena Noite;Decrescente;C�u Claro;Dupla;Reta;N�o;2;1;0;0;0;1;0;2;-30,911388;-51,880509;SPRF-RS;DEL02-RS;UOP02-DEL02-RS;;;
738124;12/12/2025;sexta-feira;02:15:00;MG;262;157,9;SAO DOMINGOS DO PRATA;Aus�ncia de rea��o do condutor;Colis�o traseira;Com V�timas Fatais;Plena Noite;Decrescente;C�u Claro;Simples;"Reta;Declive";N�o;3;1;0;0;1;2;0;4;-19,96362378;-42,81183243;SPRF-MG;DEL03-MG;UOP03-DEL03-MG;;;
738125;12/12/2025;sexta-feira;03:30:00;PR;376;425,8;TIBAGI;Velocidade Incompat�vel;Tombamento;Com V�timas Fatais;Plena Noite;Decrescente;C�u Claro;Dupla;"Curva;Aclive";N�o;2;1;0;0;0;2;0;3;-24,752116;-50,53631;SPRF-PR;DEL03-PR;UOP02-DEL03-PR;;;
738127;12/12/2025;sexta-feira;05:40:00;MG;365;460;PATROCINIO;Condutor Dormindo;Colis�o lateral sentido oposto;Com V�timas Feridas;Amanhecer;Crescente;C�u Claro;Simples;"Reta;Aclive";N�o;5;0;2;0;3;0;2;2;-18,86800845;-46,8991499;SPRF-MG;DEL10-MG;UOP01-DEL10-MG;;;
738128;12/12/2025;sexta-feira;05:50:00;ES;101;315;VILA VELHA;Rea��o tardia ou ineficiente do condutor;Tombamento;Com V�timas Feridas;Amanhecer;Crescente;Nublado;Dupla;"Aclive;Curva";N�o;2;0;2;0;0;0;2;1;-20,476867;-40,470719;SPRF-ES;DEL01-ES;UOP01-DEL01-ES;;;
738130;12/12/2025;sexta-feira;04:15:00;SP;116;410;JUQUIA;Rea��o tardia ou ineficiente do condutor;Colis�o traseira;Com V�timas Feridas;Amanhecer;Decrescente;C�u Claro;Dupla;"Aclive;Reta";N�o;2;0;1;0;1;0;1;2;-24,33196803;-47,58529377;SPRF-SP;DEL05-SP;UOP01-DEL05-SP;;;
738132;12/12/2025;sexta-feira;04:30:00;RO;364;693;CANDEIAS DO JAMARI;Rea��o tardia ou ineficiente do condutor;Colis�o traseira;Sem V�timas;Pleno dia;Crescente;Chuva;Dupla;Reta;Sim;4;0;0;0;3;1;0;3;-8,79810303;-63,70571343;SPRF-RO;DEL01-RO;UOP01-DEL01-RO;;;
738136;12/12/2025;sexta-feira;07:10:00;SP;116;99;PINDAMONHANGABA;Condutor deixou de manter dist�ncia do ve�culo da frente;Colis�o traseira;Com V�timas Feridas;Pleno dia;Crescente;C�u Claro;Dupla;Reta;N�o;4;0;1;0;2;1;1;4;-22,98348069;-45,46682809;SPRF-SP;DEL08-SP;UOP01-DEL08-SP;;;
738137;12/12/2025;sexta-feira;06:10:00;BA;116;427;FEIRA DE SANTANA;Pedestre - Ingest�o de �lcool/ subst�ncias psicoativas;Atropelamento de Pedestre;Com V�timas Feridas;Pleno dia;Decrescente;C�u Claro;Dupla;Reta;N�o;3;0;0;1;1;2;1;4;-12,27191076;-38,99321365;SPRF-BA;DEL02-BA;UOP01-DEL02-BA;;;
738151;12/12/2025;sexta-feira;07:50:00;MG;381;793;SAO GONCALO DO SAPUCAI;Aus�ncia de rea��o do condutor;Tombamento;Com V�timas Feridas;Pleno dia;Decrescente;Sol;Dupla;"Reta;Declive";N�o;3;0;2;0;0;1;2;2;-21,9034117;-45,5568959;SPRF-MG;DEL16-MG;UOP02-DEL16-MG;;;
738157;12/12/2025;sexta-feira;07:30:00;MA;135;2;SAO LUIS;Acessar a via sem observar a presen�a dos outros ve�culos;Colis�o lateral mesmo sentido;Com V�timas Feridas;Pleno dia;Decrescente;C�u Claro;Dupla;Reta;Sim;3;0;1;0;2;0;1;3;-2,6031;-44,246153;SPRF-MA;DEL01-MA;UOP01-DEL01-MA;;;
738159;12/12/2025;sexta-feira;06:36:00;MA;135;4;SAO LUIS;Pista Escorregadia;Colis�o traseira;Sem V�timas;Pleno dia;Crescente;Nublado;Dupla;"Reta;Aclive;Retorno Regulamentado";N�o;2;0;0;0;2;0;0;2;-2,63762238;-44,3111971;SPRF-MA;DEL01-MA;UOP01-DEL01-MA;;;
738163;12/12/2025;sexta-feira;08:30:00;BA;116;766;POCOES;Aus�ncia de rea��o do condutor;Colis�o transversal;Com V�timas Feridas;Pleno dia;Decrescente;C�u Claro;Simples;Reta;N�o;3;0;1;0;1;1;1;3;-14,54186225;-40,39254761;SPRF-BA;DEL08-BA;UOP02-DEL08-BA;;;
738164;12/12/2025;sexta-feira;08:10:00;RS;116;252;SAPUCAIA DO SUL;Manobra de mudan�a de faixa;Colis�o lateral mesmo sentido;Com V�timas Feridas;Pleno dia;Decrescente;Nublado;M�ltipla;Reta;Sim;2;0;1;0;1;0;1;2;-29,81343209;-51,16857399;SPRF-RS;DEL01-RS;UOP02-DEL01-RS;;;
738168;12/12/2025;sexta-feira;06:25:00;TO;153;620;ALIANCA DO TOCANTINS;Demais falhas mec�nicas ou el�tricas;Sa�da de leito carro��vel;Sem V�timas;Pleno dia;Crescente;C�u Claro;Simples;Reta;N�o;2;0;0;0;1;1;0;2;-11,25705581;-48,93585491;SPRF-TO;DEL01-TO;UOP02-DEL01-TO;;;
738170;12/12/2025;sexta-feira;09:47:00;SP;116;221,8;GUARULHOS;Manobra de mudan�a de faixa;Colis�o lateral mesmo sentido;Com V�timas Feridas;Pleno dia;Decrescente;Nublado;M�ltipla;Reta;Sim;2;0;1;0;1;0;1;2;-23,476302;-46,526112;SPRF-SP;DEL01-SP;UOP01-DEL01-SP;;;
738174;12/12/2025;sexta-feira;09:30:00;GO;153;211;URUACU;Acessar a via sem observar a presen�a dos outros ve�culos;Colis�o transversal;Com V�timas Feridas;Pleno dia;Decrescente;C�u Claro;Simples;Reta;N�o;4;0;1;0;2;1;1;3;-14,4766072;-49,1524917;SPRF-GO;DEL07-GO;UOP02-DEL07-GO;;;