id;data_inversa;dia_semana;horario;uf;br;km;municipio;causa_acidente;tipo_acidente;classificacao_acidente;fase_dia;sentido_via;condicao_metereologica;tipo_pista;tracado_via;uso_solo;pessoas;mortos;feridos_leves;feridos_graves;ilesos;ignorados;feridos;veiculos;latitude;longitude;regional;delegacia;uop;;;
738181;12/12/2025;sexta-feira;07:40:00;PR;376;659;TIJUCAS DO SUL;Velocidade Incompat�vel;Sa�da de leito carro��vel;Com V�timas Feridas;Pleno dia;Crescente;C�u Claro;Simples;Curva;N�o;3;0;1;0;1;1;1;2;-25,85201924;-49,00257938;SPRF-PR;DEL01-PR;UOP04-DEL01-PR;;;
738183;12/12/2025;sexta-feira;10:00:00;SP;116;91,8;PINDAMONHANGABA;Rea��o tardia ou ineficiente do condutor;Colis�o traseira;Com V�timas Fatais;Pleno dia;Crescente;C�u Claro;Dupla;Reta;N�o;3;1;0;0;1;1;0;3;-22,9496441;-45,4009833;SPRF-SP;DEL08-SP;UOP01-DEL08-SP;;;
738186;17/11/2025;segunda-feira;17:50:00;PA;10;314;IRITUIA;Trafegar com motocicleta (ou similar) entre as faixas;Colis�o traseira;Com V�timas Fatais;Anoitecer;Crescente;C�u Claro;Simples;Reta;N�o;4;1;0;0;3;0;0;3;-1,681975;-47,501822;SPRF-PA;DEL01-PA;UOP02-DEL01-PA;;;
738191;12/12/2025;sexta-feira;09:25:00;MG;381;804;SAO GONCALO DO SAPUCAI;Velocidade Incompat�vel;Engavetamento;Com V�timas Feridas;Pleno dia;Decrescente;Sol;Dupla;"Declive;Curva";N�o;6;0;3;0;2;1;3;5;-21,9665791;-45,63058734;SPRF-MG;DEL16-MG;UOP02-DEL16-MG;;;
738193;12/12/2025;sexta-feira;11:45:00;RN;304;297;MACAIBA;Convers�o proibida;Colis�o transversal;Com V�timas Feridas;Pleno dia;Crescente;C�u Claro;Simples;"Aclive;Reta;Em Obras";Sim;2;0;1;0;1;0;1;2;-5,864602;-35,347047;SPRF-RN;DEL01-RN;UOP02-DEL01-RN;;;
738200;12/12/2025;sexta-feira;12:20:00;PR;277;38;MORRETES;Aus�ncia de rea��o do condutor;Colis�o traseira;Com V�timas Feridas;Pleno dia;Decrescente;Nublado;Dupla;Curva;N�o;3;0;0;1;1;2;1;4;-25,479;-48,8317;SPRF-PR;DEL01-PR;UOP05-DEL01-PR;;;
738202;12/12/2025;sexta-feira;12:39:00;BA;116;760;POCOES;Rea��o tardia ou ineficiente do condutor;Colis�o traseira;Sem V�timas;Pleno dia;Crescente;C�u Claro;Simples;Reta;N�o;3;0;0;0;2;1;0;3;-14,542162;-40,39462;SPRF-BA;DEL08-BA;UOP02-DEL08-BA;;;
738204;12/12/2025;sexta-feira;11:50:00;MA;222;668;ACAILANDIA;Carga excessiva e/ou mal acondicionada;Derramamento de carga;Com V�timas Feridas;Pleno dia;Decrescente;Sol;Simples;"Reta;Declive";N�o;3;0;1;0;1;1;1;3;-4,930847;-47,447888;SPRF-MA;DEL04-MA;UOP03-DEL04-MA;;;
738205;12/12/2025;sexta-feira;11:30:00;GO;20;185,6;SIMOLANDIA;Rea��o tardia ou ineficiente do condutor;Derramamento de carga;Sem V�timas;Pleno dia;Crescente;C�u Claro;Dupla;"Declive;Retorno Regulamentado";N�o;2;0;0;0;1;1;0;2;-14,4514586;-46,4690955;SPRF-DF;DEL02-DF;UOP03-DEL02-DF;;;
738206;18/11/2025;ter�a-feira;16:40:00;GO;153;501;GOIANIA;Acessar a via sem observar a presen�a dos outros ve�culos;Colis�o lateral mesmo sentido;Com V�timas Feridas;Pleno dia;Decrescente;C�u Claro;Dupla;Viaduto;Sim;2;0;1;0;1;0;1;2;-16,71027396;-49,23128128;SPRF-GO;DEL01-GO;UOP01-DEL01-GO;;;
738210;12/12/2025;sexta-feira;10:55:00;MG;50;179;UBERABA;Manobra de mudan�a de faixa;Colis�o lateral mesmo sentido;Com V�timas Feridas;Pleno dia;Crescente;C�u Claro;Dupla;"Aclive;Reta";Sim;2;0;1;0;0;1;1;2;-19,77831;-47,928908;SPRF-MG;DEL13-MG;UOP01-DEL13-MG;;;
738213;12/12/2025;sexta-feira;12:00:00;SP;381;81;SAO PAULO;Objeto est�tico sobre o leito carro��vel;Colis�o traseira;Com V�timas Feridas;Pleno dia;Crescente;Nublado;Dupla;"Em Obras;Reta;Desvio Tempor�rio";Sim;4;0;1;0;2;2;1;5;-23,4252481;-46,57446608;SPRF-SP;DEL03-SP;UOP01-DEL03-SP;;;
738217;11/12/2025;quinta-feira;23:40:00;SC;470;318;CAMPOS NOVOS;Convers�o proibida;Colis�o transversal;Sem V�timas;Plena Noite;Decrescente;C�u Claro;Simples;"Reta;Declive";N�o;4;0;0;0;1;4;0;4;-27,408642;-51,216622;SPRF-SC;DEL07-SC;UOP06-DEL07-SC;;;
738218;29/09/2025;segunda-feira;09:20:00;PE;428;111,9;SANTA MARIA DA BOA VISTA;Condutor Dormindo;Colis�o com objeto;Com V�timas Feridas;Pleno dia;Crescente;C�u Claro;Simples;"Reta;Ponte";N�o;3;0;3;0;0;0;3;1;-8,896857;-40,04413;SPRF-PE;DEL06-PE;UOP03-DEL06-PE;;;
738224;12/12/2025;sexta-feira;14:00:00;MG;381;618;OLIVEIRA;Condutor deixou de manter dist�ncia do ve�culo da frente;Colis�o traseira;Sem V�timas;Pleno dia;Crescente;C�u Claro;Dupla;Reta;N�o;3;0;0;0;2;2;0;4;-20,74098034;-44,7716783;SPRF-MG;DEL04-MG;UOP01-DEL04-MG;;;
738231;12/12/2025;sexta-feira;13:00:00;MG;267;214;BOM JARDIM DE MINAS;Demais falhas mec�nicas ou el�tricas;Inc�ndio;Sem V�timas;Pleno dia;Crescente;C�u Claro;Simples;Interse��o de Vias;N�o;1;0;0;0;1;0;0;1;-21,93691073;-44,19255242;SPRF-MG;DEL17-MG;UOP01-DEL17-MG;;;
738232;12/12/2025;sexta-feira;14:20:00;CE;20;272,5;CANINDE;Condutor Dormindo;Colis�o lateral sentido oposto;Com V�timas Feridas;Pleno dia;Decrescente;C�u Claro;Simples;Curva;N�o;6;0;2;0;3;3;2;7;-4,636203;-39,389714;SPRF-CE;DEL02-CE;UOP01-DEL02-CE;;;
738233;12/12/2025;sexta-feira;13:00:00;GO;364;181;JATAI;Demais falhas mec�nicas ou el�tricas;Sa�da de leito carro��vel;Com V�timas Feridas;Pleno dia;Decrescente;C�u Claro;Simples;"Declive;Curva;Em Obras";N�o;1;0;1;0;0;0;1;1;-17,955192;-51,622755;SPRF-GO;DEL05-GO;UOP01-DEL05-GO;;;
738238;12/12/2025;sexta-feira;12:00:00;TO;153;232,2;COLINAS DO TOCANTINS;Transitar na contram�o;Colis�o lateral sentido oposto;Sem V�timas;Pleno dia;Crescente;Sol;Simples;"Reta;Declive";N�o;3;0;0;0;2;3;0;5;-7,925106;-48,467397;SPRF-TO;DEL02-TO;UOP01-DEL02-TO;;;
738240;12/12/2025;sexta-feira;14:00:00;PR;369;456,9;CORBELIA;Acessar a via sem observar a presen�a dos outros ve�culos;Colis�o transversal;Com V�timas Feridas;Pleno dia;Crescente;Chuva;Simples;"Reta;Interse��o de Vias";N�o;4;0;0;2;1;1;2;3;-24,58801716;-53,20140123;SPRF-PR;DEL04-PR;UOP03-DEL04-PR;;;
738249;12/12/2025;sexta-feira;16:00:00;SP;116;224;GUARULHOS;Aus�ncia de rea��o do condutor;Colis�o traseira;Com V�timas Feridas;Pleno dia;Decrescente;Nublado;M�ltipla;Reta;Sim;2;0;1;0;1;0;1;2;-23,49205977;-46,55010223;SPRF-SP;DEL01-SP;UOP01-DEL01-SP;;;
738254;12/12/2025;sexta-feira;15:30:00;MA;135;6;SAO LUIS;Demais falhas na via;Colis�o transversal;Com V�timas Feridas;Pleno dia;Decrescente;C�u Claro;Dupla;Reta;Sim;2;0;0;1;1;0;1;2;-2,6239431;-44,3170735;SPRF-MA;DEL01-MA;UOP01-DEL01-MA;;;
738261;12/12/2025;sexta-feira;14:45:00;PR;116;115;CURITIBA;Manobra de mudan�a de faixa;Colis�o lateral mesmo sentido;Com V�timas Feridas;Pleno dia;Crescente;Nublado;Dupla;Reta;Sim;3;0;1;0;1;1;1;3;-25,552501;-49,305479;SPRF-PR;DEL01-PR;UOP03-DEL01-PR;;;
738266;12/12/2025;sexta-feira;16:30:00;GO;153;500;GOIANIA;Manobra de mudan�a de faixa;Colis�o lateral mesmo sentido;Sem V�timas;Pleno dia;Crescente;C�u Claro;M�ltipla;Reta;Sim;3;0;0;0;2;1;0;3;-16,7037534;-49,23122261;SPRF-GO;DEL01-GO;UOP01-DEL01-GO;;;
738270;12/12/2025;sexta-feira;14:10:00;SC;101;41;JOINVILLE;Problema com o freio;Colis�o traseira;Com V�timas Feridas;Pleno dia;Decrescente;C�u Claro;Dupla;Reta;Sim;5;0;1;0;3;1;1;4;-26,31913103;-48,87112968;SPRF-SC;DEL03-SC;UOP01-DEL03-SC;;;
738272;12/12/2025;sexta-feira;16:40:00;RJ;101;435,5;MANGARATIBA;Rea��o tardia ou ineficiente do condutor;Colis�o lateral sentido oposto;Com V�timas Feridas;Pleno dia;Crescente;Sol;Simples;Curva;N�o;2;0;1;0;1;0;1;2;-22,94914627;-44,0630722;SPRF-RJ;DEL03-RJ;UOP02-DEL03-RJ;;;
738275;19/09/2025;sexta-feira;22:50:00;PR;277;721,8;FOZ DO IGUACU;Ingest�o de �lcool pelo condutor;Colis�o frontal;Sem V�timas;Plena Noite;Crescente;C�u Claro;Dupla;Retorno Regulamentado;Sim;3;0;0;0;1;2;0;3;-25,49290701;-54,51647758;SPRF-PR;DEL05-PR;UOP03-DEL05-PR;;;
738286;12/12/2025;sexta-feira;16:15:00;MG;40;665,9;CARANDAI;Acessar a via sem observar a presen�a dos outros ve�culos;Colis�o lateral sentido oposto;Com V�timas Feridas;Pleno dia;Crescente;C�u Claro;Simples;"Aclive;Interse��o de Vias;Reta";N�o;3;0;0;1;1;1;1;3;-20,94298382;-43,81042957;SPRF-MG;DEL05-MG;UOP02-DEL05-MG;;;
738295;12/12/2025;sexta-feira;17:30:00;MG;381;487,1;BETIM;Trafegar com motocicleta (ou similar) entre as faixas;Colis�o lateral mesmo sentido;Com V�timas Feridas;Anoitecer;Crescente;Nublado;M�ltipla;"Curva;Declive";Sim;4;0;1;0;2;2;1;5;-19,9553974;-44,1174415;SPRF-MG;DEL01-MG;UOP03-DEL01-MG;;;
738296;12/12/2025;sexta-feira;17:50:00;PR;153;468,1;PORTO VITORIA;Condutor deixou de manter dist�ncia do ve�culo da frente;Colis�o traseira;Com V�timas Feridas;Pleno dia;Crescente;Chuva;Simples;"Reta;Declive";N�o;4;0;2;0;2;0;2;2;-26,27709511;-51,18087022;SPRF-PR;DEL02-PR;UOP03-DEL02-PR;;;
738299;12/12/2025;sexta-feira;11:30:00;MG;116;349,7;JAMPRUCA;Demais falhas mec�nicas ou el�tricas;Inc�ndio;Sem V�timas;Pleno dia;Crescente;Sol;Simples;Reta;N�o;2;0;0;0;1;1;0;2;-18,385766;-41,807755;SPRF-MG;DEL11-MG;UOP01-DEL11-MG;;;
738301;12/12/2025;sexta-feira;18:30:00;SC;470;192;POUSO REDONDO;Demais falhas mec�nicas ou el�tricas;Sa�da de leito carro��vel;Com V�timas Feridas;Pleno dia;Decrescente;C�u Claro;Simples;Curva;N�o;2;0;1;0;1;0;1;2;-27,2582669;-50,049091;SPRF-SC;DEL04-SC;UOP02-DEL04-SC;;;
738304;12/12/2025;sexta-feira;17:53:00;TO;153;504;PARAISO DO TOCANTINS;Rea��o tardia ou ineficiente do condutor;Atropelamento de Pedestre;Com V�timas Feridas;Anoitecer;Crescente;C�u Claro;Simples;"Reta;Declive";N�o;3;0;0;1;1;2;1;4;-10,237478;-48,877233;SPRF-TO;DEL01-TO;UOP01-DEL01-TO;;;
738313;12/12/2025;sexta-feira;17:00:00;MT;364;451;VARZEA GRANDE;Afundamento ou ondula��o no pavimento;Tombamento;Com V�timas Feridas;Pleno dia;Crescente;Nublado;Simples;Reta;N�o;1;0;0;1;0;0;1;1;-15,541123;-56,275705;SPRF-MT;DEL01-MT;UOP02-DEL01-MT;;;
738314;12/12/2025;sexta-feira;17:50:00;MS;262;468;ANASTACIO;Carga excessiva e/ou mal acondicionada;Derramamento de carga;Sem V�timas;Pleno dia;Decrescente;C�u Claro;Simples;Reta;N�o;4;0;0;0;3;2;0;4;-20,516421;-55,61068;SPRF-MS;DEL03-MS;UOP01-DEL03-MS;;;
738316;12/12/2025;sexta-feira;18:05:00;MG;381;413;CAETE;Aus�ncia de rea��o do condutor;Engavetamento;Com V�timas Feridas;Pleno dia;Crescente;C�u Claro;Simples;"Declive;Curva";N�o;7;0;3;0;4;0;3;6;-19,74731678;-43,62301826;SPRF-MG;DEL01-MG;UOP01-DEL01-MG;;;
738321;12/12/2025;sexta-feira;17:00:00;RJ;40;121;DUQUE DE CAXIAS;Manobra de mudan�a de faixa;Colis�o traseira;Com V�timas Feridas;Pleno dia;Crescente;C�u Claro;Dupla;Reta;N�o;6;0;5;0;1;0;5;2;-22,78343491;-43,28536682;SPRF-RJ;DEL01-RJ;UOP02-DEL01-RJ;;;
738322;12/12/2025;sexta-feira;18:55:00;PE;101;80;JABOATAO DOS GUARARAPES;Aus�ncia de rea��o do condutor;Colis�o lateral mesmo sentido;Com V�timas Fatais;Plena Noite;Crescente;C�u Claro;M�ltipla;Interse��o de Vias;Sim;3;1;0;0;2;0;0;3;-8,15255151;-34,94267693;SPRF-PE;DEL01-PE;UOP01-DEL01-PE;;;
738327;12/12/2025;sexta-feira;19:30:00;SP;116;113;TAUBATE;Rea��o tardia ou ineficiente do condutor;Engavetamento;Com V�timas Feridas;Plena Noite;Crescente;Nublado;Dupla;Reta;Sim;7;0;3;0;3;1;3;4;-23,04373586;-45,58744158;SPRF-SP;DEL02-SP;UOP02-DEL02-SP;;;
738331;12/12/2025;sexta-feira;19:15:00;AL;101;227,7;PORTO REAL DO COLEGIO;Demais falhas mec�nicas ou el�tricas;Inc�ndio;Sem V�timas;Plena Noite;Crescente;C�u Claro;Dupla;Reta;N�o;1;0;0;0;1;0;0;1;-10,101683;-36,709262;SPRF-AL;DEL02-AL;UOP02-DEL02-AL;;;
738332;12/12/2025;sexta-feira;18:26:00;MG;381;413;CAETE;Rea��o tardia ou ineficiente do condutor;Colis�o lateral mesmo sentido;Com V�timas Fatais;Plena Noite;Decrescente;Nublado;Dupla;Curva;Sim;5;1;0;1;1;3;1;5;-19,74886;-43,62526;SPRF-MG;DEL01-MG;UOP01-DEL01-MG;;;
738333;12/12/2025;sexta-feira;19:30:00;PR;376;597;CURITIBA;Aus�ncia de rea��o do condutor;Colis�o lateral mesmo sentido;Com V�timas Feridas;Plena Noite;Decrescente;Garoa/Chuvisco;Dupla;Reta;Sim;3;0;1;0;2;0;1;2;-25,44485616;-49,36366129;SPRF-PR;DEL01-PR;UOP03-DEL01-PR;;;
738334;12/12/2025;sexta-feira;14:45:00;RS;287;446,2;UNISTALDA;Transitar na contram�o;Colis�o frontal;Com V�timas Fatais;Pleno dia;Crescente;C�u Claro;Simples;"Aclive;Curva";N�o;3;1;0;0;1;1;0;3;-29,02216921;-55,25703013;SPRF-RS;DEL12-RS;UOP02-DEL12-RS;;;
738343;12/12/2025;sexta-feira;19:42:00;MG;381;852,5;POUSO ALEGRE;Mal s�bito do condutor;Sa�da de leito carro��vel;Sem V�timas;Plena Noite;Crescente;C�u Claro;Dupla;Curva;N�o;2;0;0;0;1;1;0;2;-22,25019377;-45,88722825;SPRF-MG;DEL16-MG;UOP01-DEL16-MG;;;
738352;12/12/2025;sexta-feira;20:30:00;GO;153;498;GOIANIA;Condutor deixou de manter dist�ncia do ve�culo da frente;Colis�o traseira;Com V�timas Feridas;Plena Noite;Crescente;Nublado;Dupla;Reta;Sim;4;0;1;0;2;1;1;4;-16,69173558;-49,23247218;SPRF-GO;DEL01-GO;UOP01-DEL01-GO;;;
738353;12/12/2025;sexta-feira;18:00:00;MA;222;254;MIRANDA DO NORTE;Rea��o tardia ou ineficiente do condutor;Colis�o traseira;Sem V�timas;Plena Noite;Decrescente;C�u Claro;Simples;Reta;N�o;2;0;0;0;1;1;0;2;-3,577017;-44,614063;SPRF-MA;DEL01-MA;UOP02-DEL01-MA;;;
738354;12/12/2025;sexta-feira;20:00:00;PR;376;591;CURITIBA;Ingest�o de �lcool pelo condutor;Colis�o lateral mesmo sentido;Sem V�timas;Plena Noite;Crescente;Garoa/Chuvisco;Dupla;"Aclive;Reta";Sim;3;0;0;0;3;0;0;3;-25,43318635;-49,36553884;SPRF-PR;DEL01-PR;UOP06-DEL01-PR;;;
738357;12/12/2025;sexta-feira;17:20:00;BA;242;798;BARREIRAS;Velocidade Incompat�vel;Colis�o traseira;Com V�timas Feridas;Pleno dia;Decrescente;C�u Claro;Simples;"Declive;Reta";N�o;7;0;2;0;3;2;2;3;-12,162224;-44,851641;SPRF-BA;DEL10-BA;UOP01-DEL10-BA;;;
738359;12/12/2025;sexta-feira;20:20:00;SC;101;94,3;BARRA VELHA;Aus�ncia de rea��o do condutor;Colis�o traseira;Com V�timas Feridas;Plena Noite;Crescente;Garoa/Chuvisco;Dupla;"Aclive;Reta";N�o;3;0;1;0;1;1;1;3;-26,70574646;-48,70136261;SPRF-SC;DEL03-SC;UOP02-DEL03-SC;;;
738360;12/12/2025;sexta-feira;19:30:00;BA;367;50;PORTO SEGURO;Acessar a via sem observar a presen�a dos outros ve�culos;Colis�o transversal;Com V�timas Feridas;Plena Noite;Decrescente;C�u Claro;Simples;Curva;N�o;2;0;0;1;1;0;1;2;-16,376;-39,292;SPRF-BA;DEL09-BA;UOP03-DEL09-BA;;;
738362;12/12/2025;sexta-feira;19:25:00;PR;369;190,9;ARAPONGAS;Demais falhas mec�nicas ou el�tricas;Inc�ndio;Sem V�timas;Plena Noite;Decrescente;Chuva;Dupla;Reta;N�o;1;0;0;0;1;0;0;1;-23,444221;-51,42292;SPRF-PR;DEL07-PR;UOP03-DEL07-PR;;;
738389;12/12/2025;sexta-feira;23:00:00;MS;163;469,3;CAMPO GRANDE;Rea��o tardia ou ineficiente do condutor;Colis�o traseira;Com V�timas Feridas;Plena Noite;Decrescente;Chuva;Simples;Reta;Sim;3;0;0;1;1;2;1;4;-20,565725;-54,560829;SPRF-MS;DEL01-MS;UOP01-DEL01-MS;;;
738395;13/12/2025;s�bado;02:00:00;PR;376;458;PONTA GROSSA;Demais falhas mec�nicas ou el�tricas;Inc�ndio;Sem V�timas;Plena Noite;Decrescente;Garoa/Chuvisco;Dupla;"Reta;Declive";N�o;2;0;0;0;1;2;0;3;-24,982145;-50,3747032;SPRF-PR;DEL03-PR;UOP01-DEL03-PR;;;
738402;13/12/2025;s�bado;01:25:00;MG;381;829;SAO SEBASTIAO DA BELA VISTA;Rea��o tardia ou ineficiente do condutor;Colis�o traseira;Com V�timas Feridas;Plena Noite;Decrescente;Nublado;Dupla;"Interse��o de Vias;Reta";N�o;3;0;0;1;1;2;1;4;-22,1176283;-45,75440884;SPRF-MG;DEL16-MG;UOP01-DEL16-MG;;;
738406;13/12/2025;s�bado;04:00:00;MG;116;639,8;FERVEDOURO;Condutor Dormindo;Colis�o com objeto;Com V�timas Feridas;Plena Noite;Decrescente;Nublado;Simples;"Aclive;Reta";N�o;4;0;4;0;0;0;4;1;-20,65192;-42,24915;SPRF-MG;DEL07-MG;UOP02-DEL07-MG;;;
738408;13/12/2025;s�bado;04:00:00;SE;101;32,2;CAPELA;Rea��o tardia ou ineficiente do condutor;Sa�da de leito carro��vel;Sem V�timas;Amanhecer;Decrescente;C�u Claro;Dupla;"Curva;Declive";N�o;2;0;0;0;1;1;0;2;-10,465098;-36,941455;SPRF-SE;DEL02-SE;UOP02-DEL02-SE;;;
738412;13/12/2025;s�bado;03:45:00;SC;101;377,4;ICARA;Acessar a via sem observar a presen�a dos outros ve�culos;Colis�o traseira;Com V�timas Fatais;Plena Noite;Decrescente;C�u Claro;M�ltipla;Reta;N�o;3;1;0;0;1;1;0;3;-28,747416;-49,261816;SPRF-SC;DEL02-SC;UOP01-DEL02-SC;;;
738414;13/12/2025;s�bado;03:10:00;MG;40;300,1;TRES MARIAS;Carga excessiva e/ou mal acondicionada;Colis�o com objeto;Com V�timas Feridas;Plena Noite;Decrescente;Chuva;Simples;"Declive;Curva";N�o;1;0;1;0;0;0;1;1;-18,24826365;-45,16788483;SPRF-MG;DEL14-MG;UOP02-DEL14-MG;;;
738421;13/12/2025;s�bado;05:00:00;GO;153;174;CAMPINORTE;Acessar a via sem observar a presen�a dos outros ve�culos;Colis�o transversal;Sem V�timas;Amanhecer;Crescente;C�u Claro;Simples;Interse��o de Vias;N�o;2;0;0;0;2;0;0;2;-14,31475712;-49,15019184;SPRF-GO;DEL07-GO;UOP02-DEL07-GO;;;
738428;30/10/2025;quinta-feira;00:20:00;PB;101;93,6;CONDE;Pedestre cruzava a pista fora da faixa;Atropelamento de Pedestre;Com V�timas Fatais;Plena Noite;Crescente;C�u Claro;Dupla;Reta;N�o;3;1;0;0;1;1;0;3;-7,213943;-34,911515;SPRF-PB;DEL01-PB;UOP01-DEL01-PB;;;
738430;13/12/2025;s�bado;02:00:00;RJ;101;267;RIO BONITO;Rea��o tardia ou ineficiente do condutor;Colis�o traseira;Com V�timas Feridas;Plena Noite;Decrescente;Nublado;Dupla;Reta;N�o;3;0;2;0;0;1;2;2;-22,71403373;-42,67617931;SPRF-RJ;DEL02-RJ;UOP03-DEL02-RJ;;;
738437;13/12/2025;s�bado;05:45:00;BA;116;778;PLANALTO;Convers�o proibida;Colis�o transversal;Com V�timas Feridas;Amanhecer;Crescente;C�u Claro;Simples;Reta;N�o;3;0;1;0;1;2;1;4;-14,67149698;-40,47566986;SPRF-BA;DEL08-BA;UOP02-DEL08-BA;;;
738444;13/12/2025;s�bado;07:00:00;RS;116;268,5;CANOAS;Ultrapassagem Indevida;Colis�o traseira;Com V�timas Fatais;Pleno dia;Crescente;C�u Claro;M�ltipla;Reta;Sim;4;1;0;0;2;1;0;3;-29,951695;-51,17661;SPRF-RS;DEL01-RS;UOP01-DEL01-RS;;;
738450;13/12/2025;s�bado;07:40:00;RS;386;333,1;MARQUES DE SOUZA;Velocidade Incompat�vel;Tombamento;Com V�timas Feridas;Pleno dia;Crescente;Sol;Dupla;Curva;N�o;2;0;0;1;0;1;1;2;-29,371719;-52,062358;SPRF-RS;DEL04-RS;UOP01-DEL04-RS;;;
738452;13/12/2025;s�bado;02:50:00;RO;364;436;JARU;Rea��o tardia ou ineficiente do condutor;Sa�da de leito carro��vel;Com V�timas Fatais;Plena Noite;Decrescente;Nublado;Simples;Reta;N�o;3;1;1;0;0;1;1;2;-10,3775;-62,552997;SPRF-RO;DEL03-RO;UOP02-DEL03-RO;;;
738454;13/12/2025;s�bado;05:20:00;MG;116;336,7;CAMPANARIO;Transitar na contram�o;Colis�o frontal;Com V�timas Feridas;Amanhecer;Crescente;C�u Claro;Simples;Reta;N�o;5;0;2;2;1;0;4;2;-18,29206;-41,74852;SPRF-MG;DEL11-MG;UOP01-DEL11-MG;;;
738457;13/12/2025;s�bado;07:30:00;SP;116;116;TAUBATE;Aus�ncia de rea��o do condutor;Colis�o traseira;Com V�timas Feridas;Pleno dia;Decrescente;Chuva;Dupla;Reta;Sim;7;0;2;2;2;2;4;5;-23,05229008;-45,60600758;SPRF-SP;DEL02-SP;UOP02-DEL02-SP;;;
738459;12/12/2025;sexta-feira;22:02:00;AC;317;96;SENADOR GUIOMARD;Estacionar ou parar em local proibido;Colis�o traseira;Com V�timas Fatais;Plena Noite;Decrescente;Nublado;Dupla;Reta;N�o;3;1;0;0;2;0;0;2;-10,192569;-67,70081;SPRF-AC;DEL01-AC;UOP02-DEL01-AC;;;
738464;13/12/2025;s�bado;06:00:00;SP;116;170;JACAREI;Aus�ncia de rea��o do condutor;Colis�o traseira;Com V�timas Feridas;Amanhecer;Crescente;Chuva;Dupla;Reta;N�o;4;0;1;0;2;1;1;3;-23,30761642;-46,05302453;SPRF-SP;DEL02-SP;UOP01-DEL02-SP;;;
738465;12/12/2025;sexta-feira;20:00:00;RJ;393;110;SAPUCAIA;Aus�ncia de rea��o do condutor;Colis�o frontal;Com V�timas Feridas;Pleno dia;Crescente;C�u Claro;Simples;Curva;N�o;2;0;0;1;1;0;1;2;-21,9038632;-42,72773579;SPRF-RJ;DEL05-RJ;UOP01-DEL05-RJ;;;
738467;13/12/2025;s�bado;08:00:00;MS;163;757;COXIM;Rea��o tardia ou ineficiente do condutor;Tombamento;Com V�timas Feridas;Pleno dia;Decrescente;C�u Claro;Simples;Reta;N�o;2;0;1;0;0;2;1;3;-18,422;-54,693;SPRF-MS;DEL06-MS;UOP01-DEL06-MS;;;
738468;13/12/2025;s�bado;05:00:00;PA;10;272;MAE DO RIO;Manobra de mudan�a de faixa;Colis�o frontal;Com V�timas Fatais;Amanhecer;Decrescente;C�u Claro;Simples;Reta;Sim;4;1;0;0;1;2;0;4;-2,056343;-47,554216;SPRF-PA;DEL02-PA;UOP01-DEL02-PA;;;
738469;13/12/2025;s�bado;07:20:00;SC;101;162;TIJUCAS;Condutor deixou de manter dist�ncia do ve�culo da frente;Colis�o lateral mesmo sentido;Com V�timas Feridas;Pleno dia;Decrescente;C�u Claro;Dupla;Reta;Sim;3;0;0;1;1;1;1;3;-27,2230691;-48,62667767;SPRF-SC;DEL04-SC;UOP03-DEL04-SC;;;
738470;13/12/2025;s�bado;06:05:00;PR;153;111,2;IBAITI;Neblina;Colis�o transversal;Com V�timas Fatais;Amanhecer;Decrescente;Nevoeiro/Neblina;Simples;Interse��o de Vias;Sim;4;1;0;0;1;2;0;4;-23,86332634;-50,20019023;SPRF-PR;DEL07-PR;UOP04-DEL07-PR;;;
738477;13/12/2025;s�bado;07:00:00;RJ;116;268;BARRA MANSA;Acumulo de �gua sobre o pavimento;Colis�o com objeto;Com V�timas Feridas;Amanhecer;Decrescente;Chuva;Dupla;"Curva;Declive";N�o;2;0;1;0;0;1;1;2;-22,56145445;-44,14774577;SPRF-RJ;DEL07-RJ;UOP02-DEL07-RJ;;;
738481;07/11/2025;sexta-feira;22:53:00;SP;116;214;GUARULHOS;Trafegar com motocicleta (ou similar) entre as faixas;Colis�o lateral mesmo sentido;Com V�timas Feridas;Plena Noite;Decrescente;Nublado;M�ltipla;Aclive;Sim;3;0;1;0;2;0;1;3;-23,45170781;-46,46483879;SPRF-SP;DEL01-SP;UOP01-DEL01-SP;;;
738488;13/12/2025;s�bado;11:00:00;SC;153;4;AGUA DOCE;Aus�ncia de rea��o do condutor;Colis�o traseira;Com V�timas Feridas;Pleno dia;Crescente;Nublado;Simples;Reta;N�o;5;0;2;0;2;1;2;3;-26,6395211;-51,5120849;SPRF-SC;DEL07-SC;UOP07-DEL07-SC;;;
738492;13/12/2025;s�bado;10:50:00;PR;153;492;GENERAL CARNEIRO;Condutor Dormindo;Sa�da de leito carro��vel;Sem V�timas;Pleno dia;Crescente;C�u Claro;Simples;Curva;Sim;2;0;0;0;1;1;0;2;-26,43330835;-51,31951333;SPRF-PR;DEL02-PR;UOP03-DEL02-PR;;;
738494;13/12/2025;s�bado;09:50:00;MT;174;9;PONTES E LACERDA;Rea��o tardia ou ineficiente do condutor;Sa�da de leito carro��vel;Com V�timas Feridas;Pleno dia;Decrescente;C�u Claro;Simples;Curva;N�o;2;0;1;0;0;1;1;2;-15,20282291;-59,36685162;SPRF-MT;DEL04-MT;UOP01-DEL04-MT;;;