id;data_inversa;dia_semana;horario;uf;br;km;municipio;causa_acidente;tipo_acidente;classificacao_acidente;fase_dia;sentido_via;condicao_metereologica;tipo_pista;tracado_via;uso_solo;pessoas;mortos;feridos_leves;feridos_graves;ilesos;ignorados;feridos;veiculos;latitude;longitude;regional;delegacia;uop;;;
738498;25/11/2025;ter�a-feira;04:30:00;GO;158;199;CAIAPONIA;Rea��o tardia ou ineficiente do condutor;Tombamento;Sem V�timas;Plena Noite;Crescente;C�u Claro;Simples;"Declive;Curva";N�o;2;0;0;0;1;1;0;2;-17,31066893;-51,88283868;SPRF-GO;DEL05-GO;UOP01-DEL05-GO;;;
738505;13/12/2025;s�bado;11:50:00;RS;290;107;ELDORADO DO SUL;Acessar a via sem observar a presen�a dos outros ve�culos;Colis�o traseira;Com V�timas Feridas;Pleno dia;Crescente;C�u Claro;Dupla;Interse��o de Vias;N�o;4;0;0;1;2;1;1;4;-30,004469;-51,311574;SPRF-RS;DEL02-RS;UOP01-DEL02-RS;;;
738510;13/12/2025;s�bado;11:10:00;CE;116;460;BARRO;Aus�ncia de rea��o do condutor;Colis�o com objeto;Com V�timas Fatais;Pleno dia;Crescente;C�u Claro;Simples;"Aclive;Reta";N�o;2;1;0;0;0;1;0;2;-7,20035862;-38,80006007;SPRF-CE;DEL05-CE;UOP03-DEL05-CE;;;
738515;13/12/2025;s�bado;11:00:00;MA;316;563,2;CAXIAS;Ultrapassagem Indevida;Colis�o lateral mesmo sentido;Com V�timas Feridas;Pleno dia;Crescente;C�u Claro;Simples;Reta;N�o;3;0;2;0;0;1;2;2;-4,89516993;-43,26600552;SPRF-MA;DEL03-MA;UOP02-DEL03-MA;;;
738519;13/12/2025;s�bado;07:30:00;BA;116;614;JAGUAQUARA;Frear bruscamente;Colis�o traseira;Com V�timas Feridas;Pleno dia;Decrescente;C�u Claro;Simples;Reta;N�o;5;0;1;0;2;2;1;4;-13,35777;-40,01718;SPRF-BA;DEL03-BA;UOP02-DEL03-BA;;;
738525;13/12/2025;s�bado;10:40:00;SC;470;70,1;INDAIAL;Acessar a via sem observar a presen�a dos outros ve�culos;Colis�o lateral mesmo sentido;Com V�timas Feridas;Pleno dia;Decrescente;C�u Claro;Dupla;"Interse��o de Vias;Reta";N�o;3;0;2;0;0;1;2;2;-26,8900042;-49,25526593;SPRF-SC;DEL04-SC;UOP01-DEL04-SC;;;
738529;13/12/2025;s�bado;12:20:00;RS;116;588,3;ARROIO GRANDE;Manobra de mudan�a de faixa;Colis�o traseira;Sem V�timas;Pleno dia;Crescente;C�u Claro;Simples;"Declive;Reta";N�o;6;0;0;0;6;0;0;3;-32,09063487;-52,90159925;SPRF-RS;DEL07-RS;UOP03-DEL07-RS;;;
738541;13/12/2025;s�bado;14:45:00;TO;153;132;WANDERLANDIA;Manobra de mudan�a de faixa;Colis�o lateral mesmo sentido;Sem V�timas;Pleno dia;Decrescente;Nublado;Simples;"Declive;Reta";N�o;5;0;0;0;4;1;0;3;-7,111238;-48,185023;SPRF-TO;DEL02-TO;UOP01-DEL02-TO;;;
738551;13/12/2025;s�bado;11:15:00;MG;381;525,9;BRUMADINHO;Velocidade Incompat�vel;Tombamento;Com V�timas Feridas;Pleno dia;Decrescente;Nublado;Dupla;"Ponte;Aclive;Curva";N�o;2;0;1;0;0;1;1;2;-20,1499933;-44,32505965;SPRF-MG;DEL04-MG;UOP03-DEL04-MG;;;
738552;13/12/2025;s�bado;14:20:00;ES;101;433,5;ATILIO VIVACQUA;Rea��o tardia ou ineficiente do condutor;Colis�o lateral sentido oposto;Com V�timas Feridas;Pleno dia;Decrescente;Chuva;Simples;"Aclive;Curva";N�o;5;0;3;0;1;1;3;3;-21,04699314;-41,18531455;SPRF-ES;DEL03-ES;UOP02-DEL03-ES;;;
738560;13/12/2025;s�bado;15:00:00;SC;282;574,8;PINHALZINHO;Ingest�o de �lcool pelo condutor;Colis�o frontal;Com V�timas Fatais;Pleno dia;Crescente;Sol;Simples;"Reta;Aclive";N�o;3;1;0;0;1;1;0;3;-26,871488;-52,958828;SPRF-SC;DEL07-SC;UOP02-DEL07-SC;;;
738563;13/12/2025;s�bado;14:45:00;PR;277;366,8;GUARAPUAVA;Ultrapassagem Indevida;Colis�o frontal;Com V�timas Feridas;Pleno dia;Decrescente;Sol;Simples;"Aclive;Curva";N�o;6;0;0;1;4;3;1;6;-25,43925;-51,625387;SPRF-PR;DEL08-PR;UOP01-DEL08-PR;;;
738565;13/12/2025;s�bado;17:10:00;ES;101;6,1;PEDRO CANARIO;Transitar na contram�o;Colis�o lateral sentido oposto;Com V�timas Feridas;Pleno dia;Crescente;C�u Claro;Simples;"Declive;Curva";N�o;4;0;2;0;1;1;2;3;-18,21981907;-39,94482717;SPRF-ES;DEL04-ES;UOP02-DEL04-ES;;;
738571;13/12/2025;s�bado;17:13:00;TO;10;453,7;PALMAS;Manobra de mudan�a de faixa;Colis�o lateral mesmo sentido;Com V�timas Feridas;Pleno dia;Decrescente;C�u Claro;M�ltipla;Reta;N�o;3;0;1;0;2;0;1;2;-10,318428;-48,297188;SPRF-TO;DEL01-TO;UOP03-DEL01-TO;;;
738572;13/12/2025;s�bado;17:10:00;SP;381;37;ATIBAIA;Aus�ncia de rea��o do condutor;Colis�o lateral mesmo sentido;Com V�timas Feridas;Pleno dia;Crescente;Chuva;M�ltipla;Declive;N�o;2;0;1;0;1;0;1;2;-23,1030568;-46,56858869;SPRF-SP;DEL03-SP;UOP01-DEL03-SP;;;
738574;13/12/2025;s�bado;09:43:00;MG;251;354;PADRE CARVALHO;Aus�ncia de rea��o do condutor;Tombamento;Com V�timas Feridas;Pleno dia;Decrescente;C�u Claro;Simples;Curva;N�o;1;0;0;1;0;0;1;1;-16,286769;-42,540046;SPRF-MG;DEL12-MG;UOP02-DEL12-MG;;;
738582;13/12/2025;s�bado;16:00:00;GO;364;36;PARANAIGUARA;Ultrapassagem Indevida;Colis�o frontal;Com V�timas Feridas;Pleno dia;Decrescente;Nublado;Simples;Reta;N�o;4;0;1;1;1;2;2;4;-18,873607;-50,779937;SPRF-GO;DEL05-GO;UOP02-DEL05-GO;;;
738588;13/12/2025;s�bado;15:50:00;GO;153;255;SAO LUIZ DO NORTE;Rea��o tardia ou ineficiente do condutor;Sa�da de leito carro��vel;Com V�timas Feridas;Pleno dia;Crescente;C�u Claro;Simples;Reta;N�o;2;0;0;1;0;1;1;2;-14,965472;-49,386533;SPRF-GO;DEL07-GO;UOP02-DEL07-GO;;;
738596;13/12/2025;s�bado;14:30:00;MA;316;474;CODO;Rea��o tardia ou ineficiente do condutor;Colis�o lateral sentido oposto;Com V�timas Feridas;Pleno dia;Decrescente;C�u Claro;Simples;Reta;N�o;5;0;2;0;2;2;2;5;-4,65958152;-43,84471893;SPRF-MA;DEL03-MA;UOP02-DEL03-MA;;;
738603;13/12/2025;s�bado;16:40:00;MT;158;536,9;AGUA BOA;Aus�ncia de rea��o do condutor;Sa�da de leito carro��vel;Com V�timas Feridas;Pleno dia;Decrescente;C�u Claro;Simples;Curva;N�o;1;0;1;0;0;0;1;1;-13,830512;-52,038365;SPRF-MT;DEL07-MT;UOP02-DEL07-MT;;;
738604;13/12/2025;s�bado;17:30:00;CE;222;249,5;SOBRAL;Demais falhas mec�nicas ou el�tricas;Eventos at�picos;Com V�timas Feridas;Plena Noite;Crescente;C�u Claro;Simples;Reta;Sim;5;0;0;2;1;2;2;3;-3,755832;-40,56154;SPRF-CE;DEL04-CE;UOP01-DEL04-CE;;;
738627;13/12/2025;s�bado;19:35:00;BA;116;645;JAGUAQUARA;Manobra de mudan�a de faixa;Colis�o lateral sentido oposto;Com V�timas Feridas;Plena Noite;Crescente;Nublado;Simples;Reta;N�o;3;0;1;0;2;0;1;2;-13,62147043;-40,09213665;SPRF-BA;DEL03-BA;UOP01-DEL03-BA;;;
738628;13/12/2025;s�bado;09:30:00;MS;487;20;ITAQUIRAI;Rea��o tardia ou ineficiente do condutor;Colis�o lateral mesmo sentido;Com V�timas Fatais;Pleno dia;Decrescente;Nublado;Simples;Reta;N�o;6;2;0;1;2;2;1;5;-23,235032;-54,034852;SPRF-MS;DEL09-MS;UOP01-DEL09-MS;;;
738630;13/12/2025;s�bado;16:00:00;MG;381;812,8;CAREACU;Velocidade Incompat�vel;Tombamento;Com V�timas Feridas;Pleno dia;Crescente;Chuva;Dupla;Aclive;N�o;2;0;1;0;0;1;1;2;-22,01436065;-45,67840576;SPRF-MG;DEL16-MG;UOP02-DEL16-MG;;;
738642;13/12/2025;s�bado;19:40:00;MS;163;494,5;CAMPO GRANDE;Aus�ncia de rea��o do condutor;Colis�o traseira;Com V�timas Feridas;Plena Noite;Decrescente;C�u Claro;Simples;Reta;N�o;6;0;1;0;4;4;1;7;-20,36769807;-54,53079924;SPRF-MS;DEL01-MS;UOP02-DEL01-MS;;;
738646;13/12/2025;s�bado;20:20:00;AL;101;71;MESSIAS;Transitar na contram�o;Colis�o frontal;Com V�timas Feridas;Plena Noite;Decrescente;C�u Claro;Dupla;"Aclive;Curva";N�o;3;0;2;0;1;0;2;2;-9,376182;-35,826995;SPRF-AL;DEL01-AL;UOP01-DEL01-AL;;;
738662;13/12/2025;s�bado;22:50:00;MG;381;674,5;PERDOES;Velocidade Incompat�vel;Tombamento;Com V�timas Feridas;Plena Noite;Decrescente;Chuva;Dupla;Curva;N�o;2;0;1;0;1;0;1;1;-21,08873355;-45,06685909;SPRF-MG;DEL04-MG;UOP02-DEL04-MG;;;
738665;13/12/2025;s�bado;21:50:00;MA;316;422;PERITORO;Manobra de mudan�a de faixa;Colis�o frontal;Com V�timas Fatais;Plena Noite;Decrescente;C�u Claro;Simples;Reta;N�o;2;1;0;0;1;0;0;2;-4,36660879;-44,34906006;SPRF-MA;DEL03-MA;UOP01-DEL03-MA;;;
738670;13/12/2025;s�bado;21:20:00;BA;20;148;SAO DESIDERIO;Carga excessiva e/ou mal acondicionada;Tombamento;Com V�timas Feridas;Plena Noite;Crescente;C�u Claro;Simples;Reta;N�o;2;0;1;0;0;2;1;3;-12,65271;-45,92222;SPRF-BA;DEL10-BA;UOP01-DEL10-BA;;;
738676;13/12/2025;s�bado;21:30:00;RS;392;80,7;PELOTAS;Aus�ncia de rea��o do condutor;Sa�da de leito carro��vel;Com V�timas Feridas;Plena Noite;Crescente;C�u Claro;Simples;Reta;N�o;3;0;2;0;0;2;2;3;-31,67094782;-52,45833144;SPRF-RS;DEL07-RS;UOP01-DEL07-RS;;;
738679;13/12/2025;s�bado;23:00:00;MT;163;834;SINOP;Condutor Dormindo;Sa�da de leito carro��vel;Com V�timas Feridas;Plena Noite;Crescente;Nublado;Simples;Reta;N�o;3;0;0;1;1;1;1;3;-11,862356;-55,495426;SPRF-MT;DEL06-MT;UOP02-DEL06-MT;;;
738692;13/12/2025;s�bado;23:55:00;BA;116;604;IRAJUBA;Acessar a via sem observar a presen�a dos outros ve�culos;Colis�o transversal;Com V�timas Feridas;Plena Noite;Crescente;C�u Claro;Simples;Reta;N�o;3;0;0;1;1;1;1;3;-13,273433;-40,014561;SPRF-BA;DEL03-BA;UOP02-DEL03-BA;;;
738693;14/12/2025;domingo;02:15:00;SC;101;51;JOINVILLE;Transitar na contram�o;Colis�o lateral sentido oposto;Sem V�timas;Plena Noite;Decrescente;Nublado;Dupla;Reta;N�o;3;0;0;0;2;1;0;3;-26,314723;-48,873445;SPRF-SC;DEL03-SC;UOP01-DEL03-SC;;;
738698;14/12/2025;domingo;00:20:00;PR;153;161,4;VENTANIA;Aus�ncia de rea��o do condutor;Tombamento;Com V�timas Feridas;Plena Noite;Crescente;Nevoeiro/Neblina;Simples;Rotat�ria;N�o;3;0;0;2;0;1;2;2;-24,23595;-50,23275;SPRF-PR;DEL03-PR;UOP02-DEL03-PR;;;
738700;14/12/2025;domingo;03:10:00;MG;40;274,9;TRES MARIAS;Demais falhas mec�nicas ou el�tricas;Inc�ndio;Sem V�timas;Plena Noite;Crescente;Nublado;Simples;Reta;Sim;2;0;0;0;1;1;0;2;-18,20026;-45,23591;SPRF-MG;DEL14-MG;UOP02-DEL14-MG;;;
738714;14/12/2025;domingo;05:06:00;RJ;493;100;SEROPEDICA;Aus�ncia de rea��o do condutor;Sa�da de leito carro��vel;Com V�timas Feridas;Amanhecer;Decrescente;C�u Claro;Dupla;Reta;N�o;2;0;2;0;0;0;2;1;-22,77275578;-43,74113631;SPRF-RJ;DEL01-RJ;UOP03-DEL01-RJ;;;
738725;13/12/2025;s�bado;18:45:00;TO;10;453;PALMAS;Aus�ncia de rea��o do condutor;Colis�o lateral mesmo sentido;Sem V�timas;Anoitecer;Decrescente;C�u Claro;M�ltipla;Reta;Sim;2;0;0;0;2;0;0;2;-10,319069;-48,297214;SPRF-TO;DEL01-TO;UOP03-DEL01-TO;;;
738726;14/12/2025;domingo;04:15:00;CE;222;301;TIANGUA;Transitar na contram�o;Colis�o frontal;Com V�timas Feridas;Plena Noite;Crescente;C�u Claro;Simples;"Reta;Declive";N�o;2;0;1;0;0;1;1;2;-3,6922526;-40,9760208;SPRF-CE;DEL04-CE;UOP02-DEL04-CE;;;
738729;14/12/2025;domingo;04:45:00;MG;365;811,5;SANTA VITORIA;Condutor Dormindo;Sa�da de leito carro��vel;Com V�timas Feridas;Plena Noite;Decrescente;Nublado;Simples;Reta;N�o;2;0;1;0;0;1;1;2;-18,888429;-50,014742;SPRF-MG;DEL15-MG;UOP03-DEL15-MG;;;
738737;14/12/2025;domingo;07:15:00;RO;364;190,3;PIMENTA BUENO;Aus�ncia de rea��o do condutor;Colis�o lateral sentido oposto;Com V�timas Feridas;Pleno dia;Crescente;C�u Claro;Simples;Reta;N�o;4;0;0;1;1;4;1;6;-11,720378;-61,146415;SPRF-RO;DEL02-RO;UOP02-DEL02-RO;;;
738738;14/12/2025;domingo;07:00:00;MT;70;31;BARRA DO GARCAS;Transitar na contram�o;Colis�o frontal;Com V�timas Feridas;Pleno dia;Decrescente;C�u Claro;Simples;"Reta;Declive";N�o;3;0;0;1;2;0;1;2;-15,72418718;-52,64888764;SPRF-MT;DEL07-MT;UOP01-DEL07-MT;;;
738744;28/11/2025;sexta-feira;11:50:00;PR;469;15;FOZ DO IGUACU;Acessar a via sem observar a presen�a dos outros ve�culos;Colis�o lateral mesmo sentido;Com V�timas Feridas;Pleno dia;Crescente;C�u Claro;Dupla;"Interse��o de Vias;Em Obras";N�o;3;0;1;0;2;0;1;2;-25,58993731;-54,51811767;SPRF-PR;DEL05-PR;UOP04-DEL05-PR;;;
738749;14/12/2025;domingo;09:40:00;BA;116;277;TUCANO;Transitar na contram�o;Colis�o frontal;Com V�timas Feridas;Pleno dia;Crescente;C�u Claro;Simples;Reta;N�o;2;0;0;1;1;0;1;2;-10,9878082;-38,8011651;SPRF-BA;DEL07-BA;UOP02-DEL07-BA;;;
738761;14/12/2025;domingo;08:54:00;PA;10;336;SAO MIGUEL DO GUAMA;Manobra de mudan�a de faixa;Colis�o transversal;Com V�timas Feridas;Pleno dia;Decrescente;C�u Claro;Simples;Aclive;N�o;7;0;4;1;0;2;5;3;-1,498843;-47,52539;SPRF-PA;DEL01-PA;UOP02-DEL01-PA;;;
738762;14/12/2025;domingo;08:00:00;GO;20;15,2;FORMOSA;Ultrapassagem Indevida;Colis�o frontal;Com V�timas Fatais;Pleno dia;Crescente;C�u Claro;Simples;Reta;N�o;4;1;0;0;2;1;0;4;-15,56519;-47,223925;SPRF-DF;DEL02-DF;UOP02-DEL02-DF;;;
738768;14/12/2025;domingo;09:00:00;MG;50;10;ARAGUARI;Demais falhas mec�nicas ou el�tricas;Sa�da de leito carro��vel;Com V�timas Feridas;Pleno dia;Decrescente;C�u Claro;Dupla;"Reta;Aclive";N�o;1;0;1;0;0;0;1;1;-18,503304;-48,041447;SPRF-MG;DEL15-MG;UOP02-DEL15-MG;;;
738784;14/12/2025;domingo;11:40:00;MG;116;662,7;SAO FRANCISCO DO GLORIA;Aus�ncia de rea��o do condutor;Colis�o frontal;Com V�timas Fatais;Pleno dia;Decrescente;Chuva;Simples;"Aclive;Curva";N�o;7;3;0;1;2;1;1;3;-20,84020299;-42,32414246;SPRF-MG;DEL07-MG;UOP02-DEL07-MG;;;
738788;14/12/2025;domingo;11:20:00;MG;262;440,8;NOVA SERRANA;Acessar a via sem observar a presen�a dos outros ve�culos;Colis�o lateral mesmo sentido;Com V�timas Feridas;Pleno dia;Crescente;Sol;Simples;Interse��o de Vias;Sim;3;0;1;0;1;1;1;3;-19,86240126;-45,00098705;SPRF-MG;DEL08-MG;UOP03-DEL08-MG;;;
738793;14/12/2025;domingo;10:00:00;MG;116;468,7;TARUMIRIM;Demais falhas mec�nicas ou el�tricas;Tombamento;Com V�timas Feridas;Pleno dia;Decrescente;C�u Claro;M�ltipla;"Reta;Aclive";N�o;2;0;1;0;0;1;1;2;-19,30734467;-42,0796895;SPRF-MG;DEL06-MG;UOP02-DEL06-MG;;;
738809;14/12/2025;domingo;14:05:00;GO;40;135;CRISTALINA;Ultrapassagem Indevida;Colis�o frontal;Com V�timas Feridas;Pleno dia;Crescente;Nublado;Simples;Curva;N�o;5;0;2;0;1;4;2;6;-16,938937;-47,319042;SPRF-DF;DEL01-DF;UOP02-DEL01-DF;;;
738810;14/12/2025;domingo;11:40:00;DF;20;40;BRASILIA;Aus�ncia de rea��o do condutor;Tombamento;Com V�timas Feridas;Pleno dia;Crescente;C�u Claro;Dupla;Reta;Sim;1;0;1;0;0;0;1;1;-15,581853;-47,512711;SPRF-DF;DEL02-DF;UOP01-DEL02-DF;;;
738829;14/12/2025;domingo;14:30:00;MG;40;736,3;SANTOS DUMONT;Velocidade Incompat�vel;Sa�da de leito carro��vel;Sem V�timas;Pleno dia;Crescente;Nublado;Simples;"Reta;Declive";N�o;1;0;0;0;1;0;0;1;-21,402722;-43,56805;SPRF-MG;DEL05-MG;UOP01-DEL05-MG;;;
738834;14/12/2025;domingo;15:45:00;MG;365;409;PATOS DE MINAS;Rea��o tardia ou ineficiente do condutor;Sa�da de leito carro��vel;Com V�timas Feridas;Pleno dia;Decrescente;Chuva;Simples;Reta;N�o;3;0;1;0;1;1;1;2;-18,64755651;-46,50586188;SPRF-MG;DEL10-MG;UOP01-DEL10-MG;;;
738836;14/12/2025;domingo;15:20:00;BA;242;895;LUIS EDUARDO MAGALHAES;Ultrapassagem Indevida;Colis�o lateral mesmo sentido;Com V�timas Feridas;Pleno dia;Decrescente;C�u Claro;Simples;Reta;N�o;3;0;1;0;1;2;1;4;-12,07985401;-45,70791757;SPRF-BA;DEL10-BA;UOP01-DEL10-BA;;;
738838;14/12/2025;domingo;17:00:00;BA;116;818,4;VITORIA DA CONQUISTA;Aus�ncia de rea��o do condutor;Colis�o lateral mesmo sentido;Com V�timas Fatais;Pleno dia;Crescente;Sol;Simples;Reta;N�o;3;1;0;0;1;1;0;3;-14,82522666;-40,82191229;SPRF-BA;DEL08-BA;UOP01-DEL08-BA;;;
738841;14/12/2025;domingo;13:30:00;MG;356;287;EUGENOPOLIS;Transitar na contram�o;Colis�o frontal;Com V�timas Fatais;Pleno dia;Decrescente;Nublado;Simples;Curva;N�o;4;1;0;1;1;1;1;3;-21,13245288;-42,1885407;SPRF-MG;DEL07-MG;UOP02-DEL07-MG;;;
738849;01/09/2025;segunda-feira;10:50:00;SC;282;452;PONTE SERRADA;Velocidade Incompat�vel;Capotamento;Com V�timas Fatais;Pleno dia;Crescente;C�u Claro;Simples;Curva;N�o;2;1;0;0;0;1;0;2;-26,920313;-51,953785;SPRF-SC;DEL07-SC;UOP04-DEL07-SC;;;
738864;14/12/2025;domingo;13:00:00;BA;101;357,5;WENCESLAU GUIMARAES;Acessar a via sem observar a presen�a dos outros ve�culos;Colis�o lateral mesmo sentido;Com V�timas Feridas;Pleno dia;Crescente;C�u Claro;Simples;Reta;N�o;3;0;1;0;1;1;1;3;-13,675738;-39,477282;SPRF-BA;DEL05-BA;UOP03-DEL05-BA;;;
738867;14/12/2025;domingo;16:50:00;MG;262;785;UBERABA;Acessar a via sem observar a presen�a dos outros ve�culos;Colis�o lateral mesmo sentido;Com V�timas Feridas;Pleno dia;Crescente;Nublado;Dupla;"Declive;Viaduto";Sim;3;0;1;1;1;0;2;2;-19,76793345;-47,8886117;SPRF-MG;DEL13-MG;UOP01-DEL13-MG;;;
738871;18/11/2025;ter�a-feira;13:50:00;PR;476;242;LAPA;Chuva;Colis�o frontal;Com V�timas Fatais;Pleno dia;Decrescente;Chuva;Simples;Curva;N�o;3;1;0;0;1;1;0;3;-25,82630182;-49,92663324;SPRF-PR;DEL02-PR;UOP03-DEL02-PR;;;
738876;14/12/2025;domingo;19:40:00;BA;110;109;ANTAS;Transitar na contram�o;Colis�o lateral sentido oposto;Com V�timas Fatais;Plena Noite;Crescente;C�u Claro;Simples;Reta;N�o;2;1;0;0;1;0;0;2;-10,35898;-38,3329;SPRF-BA;DEL07-BA;UOP02-DEL07-BA;;;
738902;14/12/2025;domingo;20:55:00;DF;20;10;BRASILIA;Suic�dio (presumido);Atropelamento de Pedestre;Com V�timas Feridas;Plena Noite;Decrescente;Chuva;Dupla;Reta;Sim;2;0;0;1;1;0;1;2;-15,64753705;-47,76406289;SPRF-DF;DEL02-DF;UOP01-DEL02-DF;;;
738906;14/12/2025;domingo;14:50:00;GO;20;142;FLORES DE GOIAS;Ultrapassagem Indevida;Colis�o lateral sentido oposto;Sem V�timas;Pleno dia;Crescente;Chuva;Simples;Reta;N�o;5;0;0;0;4;1;0;3;-14,7709334;-46,68122292;SPRF-DF;DEL02-DF;UOP03-DEL02-DF;;;
738916;14/12/2025;domingo;20:00:00;SE;101;140;ESTANCIA;Aus�ncia de rea��o do condutor;Colis�o traseira;Sem V�timas;Plena Noite;Decrescente;C�u Claro;Dupla;Reta;N�o;2;0;0;0;1;1;0;2;-11,17239;-37,39765;SPRF-SE;DEL02-SE;UOP01-DEL02-SE;;;
738917;14/12/2025;domingo;20:00:00;MG;116;243,2;TEOFILO OTONI;Ingest�o de �lcool pelo condutor;Colis�o com objeto;Sem V�timas;Pleno dia;Decrescente;Nublado;Simples;Reta;N�o;3;0;0;0;2;1;0;3;-17,586908;-41,487877;SPRF-MG;DEL11-MG;UOP01-DEL11-MG;;;
738923;14/12/2025;domingo;20:40:00;SP;116;125;CACAPAVA;Condutor deixou de manter dist�ncia do ve�culo da frente;Colis�o traseira;Sem V�timas;Plena Noite;Crescente;Nublado;Dupla;Reta;N�o;4;0;0;0;2;2;0;4;-23,09693;-45,68361;SPRF-SP;DEL02-SP;UOP02-DEL02-SP;;;
738930;14/12/2025;domingo;16:00:00;MG;116;115,4;ITAOBIM;Pedestre - Ingest�o de �lcool/ subst�ncias psicoativas;Atropelamento de Pedestre;Com V�timas Feridas;Pleno dia;Crescente;C�u Claro;Simples;"Reta;Rotat�ria";Sim;2;0;0;1;0;1;1;2;-16,559972;-41,503042;SPRF-MG;DEL11-MG;UOP02-DEL11-MG;;;
738946;14/12/2025;domingo;21:00:00;BA;235;128;JEREMOABO;Aus�ncia de rea��o do condutor;Tombamento;Com V�timas Feridas;Plena Noite;Crescente;C�u Claro;Simples;Curva;N�o;3;0;2;0;0;2;2;3;-9,959028;-38,695235;SPRF-BA;DEL07-BA;UOP03-DEL07-BA;;;
738952;15/12/2025;segunda-feira;01:30:00;ES;259;50;COLATINA;Condutor deixou de manter dist�ncia do ve�culo da frente;Colis�o traseira;Com V�timas Feridas;Anoitecer;Crescente;C�u Claro;Simples;Reta;N�o;2;0;1;0;0;1;1;2;-19,506574;-40,609384;SPRF-ES;DEL02-ES;UOP01-DEL02-ES;;;
738955;15/12/2025;segunda-feira;00:25:00;PB;104;148;QUEIMADAS;Transitar na contram�o;Colis�o frontal;Com V�timas Fatais;Plena Noite;Crescente;C�u Claro;Simples;Reta;Sim;2;1;0;0;1;0;0;2;-7,441316;-35,902843;SPRF-PB;DEL02-PB;UOP03-DEL02-PB;;;
738956;15/12/2025;segunda-feira;00:20:00;MA;226;472;SITIO NOVO;Estacionar ou parar em local proibido;Colis�o frontal;Com V�timas Fatais;Plena Noite;Decrescente;Chuva;Simples;Reta;N�o;4;2;0;0;0;2;0;3;-6,037343;-46,578037;SPRF-MA;DEL04-MA;UOP02-DEL04-MA;;;
738958;14/12/2025;domingo;15:40:00;MG;251;398,2;MONTES CLAROS;Rea��o tardia ou ineficiente do condutor;Colis�o com objeto;Com V�timas Feridas;Pleno dia;Crescente;Chuva;Simples;"Curva;Declive";N�o;2;0;1;0;0;1;1;2;-16,21368559;-43,87757874;SPRF-MG;DEL12-MG;UOP01-DEL12-MG;;;
738959;14/12/2025;domingo;22:15:00;MG;251;496,5;FRANCISCO SA;Aus�ncia de rea��o do condutor;Colis�o traseira;Com V�timas Fatais;Plena Noite;Crescente;Chuva;Simples;Reta;N�o;5;1;0;0;2;4;0;7;-16,552641;-43,605841;SPRF-MG;DEL12-MG;UOP01-DEL12-MG;;;
738965;15/12/2025;segunda-feira;04:34:00;SP;116;210;GUARULHOS;Rea��o tardia ou ineficiente do condutor;Colis�o traseira;Com V�timas Feridas;Amanhecer;Crescente;C�u Claro;M�ltipla;Reta;Sim;4;0;1;0;2;1;1;4;-23,43034636;-46,41463375;SPRF-SP;DEL01-SP;UOP01-DEL01-SP;;;
738966;15/12/2025;segunda-feira;03:30:00;RS;293;126;PINHEIRO MACHADO;Demais falhas mec�nicas ou el�tricas;Atropelamento de Pedestre;Com V�timas Fatais;Plena Noite;Crescente;C�u Claro;Simples;Reta;N�o;2;1;0;0;0;1;0;2;-31,507926;-53,56096;SPRF-RS;DEL11-RS;UOP03-DEL11-RS;;;
738970;15/12/2025;segunda-feira;05:00:00;ES;101;315,9;VILA VELHA;Velocidade Incompat�vel;Tombamento;Com V�timas Fatais;Amanhecer;Decrescente;C�u Claro;M�ltipla;"Curva;Declive";N�o;1;1;0;0;0;0;0;1;-20,47830914;-40,47069426;SPRF-ES;DEL01-ES;UOP01-DEL01-ES;;;
738974;15/12/2025;segunda-feira;04:10:00;MG;262;157;SAO DOMINGOS DO PRATA;Rea��o tardia ou ineficiente do condutor;Tombamento;Com V�timas Feridas;Plena Noite;Decrescente;Garoa/Chuvisco;Simples;"Curva;Declive";N�o;2;0;0;1;0;1;1;2;-19,96412315;-42,80792624;SPRF-MG;DEL03-MG;UOP03-DEL03-MG;;;
738984;15/12/2025;segunda-feira;06:17:00;MS;262;327;CAMPO GRANDE;Rea��o tardia ou ineficiente do condutor;Colis�o frontal;Com V�timas Feridas;Pleno dia;Crescente;C�u Claro;Dupla;Reta;Sim;3;0;1;0;1;1;1;3;-20,46460708;-54,55222875;SPRF-MS;DEL01-MS;UOP01-DEL01-MS;;;
738990;15/12/2025;segunda-feira;07:20:00;PA;316;149;CAPANEMA;Acumulo de areia ou detritos sobre o pavimento;Tombamento;Com V�timas Fatais;Pleno dia;Decrescente;C�u Claro;Simples;Reta;N�o;4;1;0;0;1;2;0;4;-1,220912;-47,19954;SPRF-PA;DEL01-PA;UOP03-DEL01-PA;;;
738993;15/12/2025;segunda-feira;06:45:00;SC;101;13;GARUVA;Rea��o tardia ou ineficiente do condutor;Colis�o traseira;Com V�timas Feridas;Pleno dia;Decrescente;C�u Claro;Dupla;"Reta;Aclive";N�o;2;0;0;1;1;0;1;2;-26,08495239;-48,86198938;SPRF-SC;DEL03-SC;UOP01-DEL03-SC;;;
738998;15/12/2025;segunda-feira;04:10:00;MT;163;816;SINOP;Rea��o tardia ou ineficiente do condutor;Colis�o traseira;Com V�timas Fatais;Plena Noite;Decrescente;C�u Claro;M�ltipla;Reta;N�o;2;1;0;0;0;1;0;2;-12,02178;-55,51726333;SPRF-MT;DEL06-MT;UOP02-DEL06-MT;;;
739002;15/12/2025;segunda-feira;07:00:00;ES;101;393;RIO NOVO DO SUL;Condutor Dormindo;Tombamento;Com V�timas Feridas;Pleno dia;Crescente;Sol;Simples;Curva;N�o;1;0;1;0;0;0;1;1;-20,8658748;-40,9272727;SPRF-ES;DEL03-ES;UOP02-DEL03-ES;;;