id;data_inversa;dia_semana;horario;uf;br;km;municipio;causa_acidente;tipo_acidente;classificacao_acidente;fase_dia;sentido_via;condicao_metereologica;tipo_pista;tracado_via;uso_solo;pessoas;mortos;feridos_leves;feridos_graves;ilesos;ignorados;feridos;veiculos;latitude;longitude;regional;delegacia;uop;;;
739013;15/12/2025;segunda-feira;08:50:00;DF;70;16;BRASILIA;Carga excessiva e/ou mal acondicionada;Tombamento;Sem V�timas;Pleno dia;Crescente;Nublado;Dupla;Rotat�ria;N�o;2;0;0;0;1;2;0;3;-15,79562802;-48,19539035;SPRF-DF;DEL03-DF;UOP02-DEL03-DF;;;
739014;15/12/2025;segunda-feira;07:30:00;SE;101;183;UMBAUBA;Aus�ncia de rea��o do condutor;Sa�da de leito carro��vel;Sem V�timas;Pleno dia;Crescente;C�u Claro;Simples;"Reta;Declive";Sim;1;0;0;0;1;0;0;1;-11,37907036;-37,66319275;SPRF-SE;DEL02-SE;UOP03-DEL02-SE;;;
739018;15/12/2025;segunda-feira;06:40:00;BA;110;159;RIBEIRA DO POMBAL;Ultrapassagem Indevida;Capotamento;Com V�timas Fatais;Pleno dia;Crescente;C�u Claro;Simples;Declive;N�o;4;1;0;1;1;1;1;3;-10,72;-38,47561;SPRF-BA;DEL07-BA;UOP02-DEL07-BA;;;
739020;15/12/2025;segunda-feira;07:00:00;RJ;40;98;DUQUE DE CAXIAS;Demais falhas mec�nicas ou el�tricas;Inc�ndio;Sem V�timas;Pleno dia;Decrescente;C�u Claro;Dupla;Reta;N�o;1;0;0;0;1;0;0;1;-22,60060923;-43,28022189;SPRF-RJ;DEL01-RJ;UOP01-DEL01-RJ;;;
739022;15/12/2025;segunda-feira;06:50:00;SC;282;638,6;DESCANSO;Faixas de tr�nsito com largura insuficiente;Colis�o lateral sentido oposto;Com V�timas Feridas;Pleno dia;Decrescente;Sol;Simples;Curva;N�o;4;0;2;0;1;1;2;3;-26,79439112;-53,44989181;SPRF-SC;DEL07-SC;UOP03-DEL07-SC;;;
739026;15/12/2025;segunda-feira;09:30:00;SC;101;117;ITAJAI;Aus�ncia de rea��o do condutor;Colis�o traseira;Com V�timas Feridas;Pleno dia;Crescente;Nublado;M�ltipla;Reta;Sim;2;0;0;1;1;0;1;2;-26,88520181;-48,72367859;SPRF-SC;DEL04-SC;UOP04-DEL04-SC;;;
739034;18/11/2025;ter�a-feira;03:30:00;PE;232;135;SAO CAITANO;Demais falhas mec�nicas ou el�tricas;Tombamento;Sem V�timas;Amanhecer;Decrescente;C�u Claro;Dupla;"Reta;Declive";N�o;2;0;0;0;1;1;0;2;-8,3358537;-36,06457522;SPRF-PE;DEL02-PE;UOP03-DEL02-PE;;;
739035;15/12/2025;segunda-feira;08:30:00;BA;242;813;BARREIRAS;Desrespeitar a prefer�ncia no cruzamento;Colis�o transversal;Com V�timas Feridas;Pleno dia;Crescente;C�u Claro;Simples;"Reta;Interse��o de Vias";N�o;3;0;1;0;1;2;1;4;-12,11758;-44,95296;SPRF-BA;DEL10-BA;UOP01-DEL10-BA;;;
739037;07/12/2025;domingo;06:25:00;SC;282;548,3;CHAPECO;Transitar na contram�o;Colis�o lateral sentido oposto;Com V�timas Feridas;Pleno dia;Crescente;C�u Claro;Simples;Reta;N�o;3;0;1;0;1;1;1;3;-26,97079677;-52,75046222;SPRF-SC;DEL07-SC;UOP01-DEL07-SC;;;
739050;15/12/2025;segunda-feira;11:40:00;PR;376;517;PONTA GROSSA;Ingest�o de �lcool pelo condutor;Colis�o transversal;Sem V�timas;Pleno dia;Decrescente;C�u Claro;Dupla;Retorno Regulamentado;N�o;3;0;0;0;2;3;0;5;-25,26126424;-50,00389544;SPRF-PR;DEL03-PR;UOP04-DEL03-PR;;;
739053;15/12/2025;segunda-feira;12:50:00;MT;158;635;NOVA XAVANTINA;Aus�ncia de rea��o do condutor;Colis�o lateral mesmo sentido;Com V�timas Fatais;Pleno dia;Decrescente;C�u Claro;Simples;Curva;N�o;4;1;0;1;1;3;1;5;-14,53521336;-52,36528158;SPRF-MT;DEL07-MT;UOP02-DEL07-MT;;;
739057;15/12/2025;segunda-feira;12:00:00;SC;153;58,3;IRANI;Ultrapassagem Indevida;Colis�o frontal;Com V�timas Fatais;Pleno dia;Decrescente;C�u Claro;Simples;"Declive;Reta";N�o;2;1;1;0;0;0;1;2;-26,96699178;-51,85056305;SPRF-SC;DEL07-SC;UOP07-DEL07-SC;;;
739062;15/12/2025;segunda-feira;13:05:00;MG;381;837,7;SAO SEBASTIAO DA BELA VISTA;Velocidade Incompat�vel;Capotamento;Com V�timas Feridas;Pleno dia;Crescente;Chuva;Dupla;"Declive;Curva";N�o;3;0;1;0;1;1;1;3;-22,15134;-45,82354;SPRF-MG;DEL16-MG;UOP01-DEL16-MG;;;
739065;15/12/2025;segunda-feira;10:25:00;PR;277;235;FERNANDES PINHEIRO;Transitar na contram�o;Colis�o traseira;Com V�timas Feridas;Pleno dia;Decrescente;C�u Claro;Simples;"Declive;Reta";N�o;5;0;0;2;2;1;2;5;-25,463805;-50,574232;SPRF-PR;DEL08-PR;UOP02-DEL08-PR;;;
739070;15/12/2025;segunda-feira;14:03:00;PB;101;100,7;CONDE;Condutor deixou de manter dist�ncia do ve�culo da frente;Colis�o traseira;Com V�timas Feridas;Pleno dia;Decrescente;C�u Claro;Dupla;Reta;N�o;3;0;2;0;0;1;2;3;-7,268232;-34,937173;SPRF-PB;DEL01-PB;UOP01-DEL01-PB;;;
739072;08/11/2025;s�bado;04:00:00;SC;116;181;SAO CRISTOVAO DO SUL;Rea��o tardia ou ineficiente do condutor;Colis�o frontal;Com V�timas Feridas;Plena Noite;Crescente;Garoa/Chuvisco;Simples;"Aclive;Curva";Sim;4;0;0;1;2;3;1;6;-27,2755377;-50,44062546;SPRF-SC;DEL05-SC;UOP03-DEL05-SC;;;
739075;15/12/2025;segunda-feira;14:30:00;SC;101;119,8;ITAJAI;Condutor deixou de manter dist�ncia do ve�culo da frente;Colis�o lateral mesmo sentido;Com V�timas Feridas;Pleno dia;Crescente;C�u Claro;M�ltipla;Reta;N�o;2;0;1;0;1;0;1;2;-26,90949221;-48,71290952;SPRF-SC;DEL04-SC;UOP04-DEL04-SC;;;
739083;15/12/2025;segunda-feira;13:58:00;MT;163;940;ITAUBA;Rea��o tardia ou ineficiente do condutor;Colis�o traseira;Com V�timas Feridas;Pleno dia;Crescente;C�u Claro;Simples;Reta;N�o;6;0;1;1;2;8;2;11;-10,973773;-55,229251;SPRF-MT;DEL06-MT;UOP02-DEL06-MT;;;
739085;15/12/2025;segunda-feira;15:30:00;MG;381;477;CONTAGEM;Aus�ncia de rea��o do condutor;Engavetamento;Com V�timas Feridas;Pleno dia;Decrescente;Chuva;Dupla;"Reta;Interse��o de Vias";Sim;5;0;1;0;3;1;1;4;-19,96047618;-44,03601257;SPRF-MG;DEL01-MG;UOP03-DEL01-MG;;;
739087;15/12/2025;segunda-feira;15:15:00;MG;381;566,7;ITAGUARA;Condutor deixou de manter dist�ncia do ve�culo da frente;Colis�o traseira;Com V�timas Fatais;Pleno dia;Crescente;Nublado;Dupla;"Aclive;Reta";N�o;5;2;0;0;2;2;0;5;-20,40191553;-44,51282501;SPRF-MG;DEL04-MG;UOP03-DEL04-MG;;;
739090;10/12/2025;quarta-feira;17:30:00;PR;476;147;CURITIBA;Entrada inopinada do pedestre;Atropelamento de Pedestre;Com V�timas Feridas;Pleno dia;Crescente;C�u Claro;Dupla;Reta;Sim;3;0;0;1;1;2;1;4;-25,55450066;-49,33873527;SPRF-PR;DEL01-PR;UOP06-DEL01-PR;;;
739092;15/12/2025;segunda-feira;15:45:00;PR;277;20,1;MORRETES;Objeto est�tico sobre o leito carro��vel;Tombamento;Com V�timas Feridas;Pleno dia;Decrescente;Sol;Dupla;Aclive;N�o;2;0;1;0;1;0;1;2;-25,53404;-48,708413;SPRF-PR;DEL01-PR;UOP05-DEL01-PR;;;
739094;15/12/2025;segunda-feira;15:40:00;SC;101;200;SAO JOSE;Mal s�bito do condutor;Colis�o traseira;Com V�timas Feridas;Pleno dia;Crescente;C�u Claro;Dupla;Reta;N�o;2;0;1;0;1;0;1;2;-27,53754;-48,62556;SPRF-SC;DEL01-SC;UOP01-DEL01-SC;;;
739096;26/10/2025;domingo;04:30:00;MT;364;235;RONDONOPOLIS;Demais falhas mec�nicas ou el�tricas;Inc�ndio;Sem V�timas;Amanhecer;Crescente;C�u Claro;Dupla;"Reta;Declive";Sim;2;0;0;0;1;2;0;3;-16,22075915;-54,77845564;SPRF-MT;DEL02-MT;UOP01-DEL02-MT;;;
739102;15/12/2025;segunda-feira;15:40:00;PR;369;470,6;CORBELIA;Velocidade Incompat�vel;Sa�da de leito carro��vel;Com V�timas Feridas;Pleno dia;Crescente;Sol;Simples;"Declive;Curva";N�o;2;0;1;0;1;0;1;1;-24,693804;-53,239549;SPRF-PR;DEL04-PR;UOP03-DEL04-PR;;;
739104;15/12/2025;segunda-feira;13:40:00;MG;262;184;SAO DOMINGOS DO PRATA;Velocidade Incompat�vel;Tombamento;Com V�timas Feridas;Pleno dia;Decrescente;Garoa/Chuvisco;Simples;"Aclive;Reta";N�o;1;0;1;0;0;0;1;1;-19,9129975;-43,01834106;SPRF-MG;DEL03-MG;UOP01-DEL03-MG;;;
739105;15/12/2025;segunda-feira;17:08:00;MG;40;503,1;ESMERALDAS;Aus�ncia de rea��o do condutor;Colis�o traseira;Com V�timas Feridas;Pleno dia;Decrescente;Nublado;Dupla;"Aclive;Reta";Sim;2;0;0;1;0;1;1;2;-19,720556;-44,156111;SPRF-MG;DEL02-MG;UOP01-DEL02-MG;;;
739117;15/12/2025;segunda-feira;15:40:00;MG;381;170,1;GOVERNADOR VALADARES;Transitar na contram�o;Colis�o lateral sentido oposto;Com V�timas Feridas;Pleno dia;Decrescente;C�u Claro;Simples;Reta;N�o;3;0;1;1;0;1;2;3;-18,91018406;-42,00656891;SPRF-MG;DEL06-MG;UOP01-DEL06-MG;;;
739132;15/12/2025;segunda-feira;16:10:00;PR;476;144;CURITIBA;Demais falhas mec�nicas ou el�tricas;Eventos at�picos;Com V�timas Feridas;Pleno dia;Decrescente;C�u Claro;Dupla;Reta;N�o;4;0;0;1;3;0;1;4;-25,543031;-49,313724;SPRF-PR;DEL01-PR;UOP06-DEL01-PR;;;
739134;15/12/2025;segunda-feira;18:20:00;TO;226;0;AGUIARNOPOLIS;Demais falhas mec�nicas ou el�tricas;Sa�da de leito carro��vel;Com V�timas Feridas;Anoitecer;Decrescente;C�u Claro;Simples;"Declive;Desvio Tempor�rio";N�o;3;0;1;0;1;2;1;4;-6,55116011;-47,46125112;SPRF-TO;DEL02-TO;UOP03-DEL02-TO;;;
739136;15/12/2025;segunda-feira;18:50:00;RS;386;333;MARQUES DE SOUZA;Velocidade Incompat�vel;Tombamento;Com V�timas Feridas;Pleno dia;Decrescente;Sol;Dupla;"Curva;Declive";N�o;3;0;1;0;1;1;1;2;-29,29485775;-52,11673737;SPRF-RS;DEL04-RS;UOP01-DEL04-RS;;;
739137;14/12/2025;domingo;19:10:00;RJ;116;324;ITATIAIA;Aus�ncia de rea��o do condutor;Colis�o lateral mesmo sentido;Com V�timas Feridas;Plena Noite;Crescente;C�u Claro;Dupla;Reta;Sim;2;0;1;0;1;0;1;2;-22,48943517;-44,55616951;SPRF-RJ;DEL07-RJ;UOP02-DEL07-RJ;;;
739138;15/12/2025;segunda-feira;18:32:00;MG;381;888;CAMBUI;Aus�ncia de rea��o do condutor;Sa�da de leito carro��vel;Com V�timas Feridas;Anoitecer;Crescente;Nublado;Dupla;Reta;N�o;1;0;1;0;0;0;1;1;-22,5298;-46,02719;SPRF-MG;DEL16-MG;UOP01-DEL16-MG;;;
739140;15/12/2025;segunda-feira;17:20:00;TO;10;277;SANTA ROSA DO TOCANTINS;Aus�ncia de rea��o do condutor;Colis�o lateral sentido oposto;Com V�timas Feridas;Anoitecer;Crescente;Garoa/Chuvisco;Simples;Reta;N�o;3;0;1;0;1;2;1;4;-11,445797;-48,095125;SPRF-TO;DEL01-TO;UOP03-DEL01-TO;;;
739147;15/12/2025;segunda-feira;19:30:00;SC;282;592,5;SAUDADES;Manobra de mudan�a de faixa;Colis�o lateral mesmo sentido;Sem V�timas;Plena Noite;Decrescente;Garoa/Chuvisco;Simples;Reta;N�o;3;0;0;0;3;0;0;2;-26,826578;-53,099372;SPRF-SC;DEL07-SC;UOP02-DEL07-SC;;;
739150;15/12/2025;segunda-feira;19:00:00;BA;324;572;SAO SEBASTIAO DO PASSE;Manobra de mudan�a de faixa;Colis�o lateral mesmo sentido;Com V�timas Feridas;Pleno dia;Crescente;C�u Claro;Dupla;Reta;N�o;6;0;5;0;0;1;5;2;-12,557141;-38,566589;SPRF-BA;DEL01-BA;UOP01-DEL01-BA;;;
739153;15/12/2025;segunda-feira;15:00:00;MG;262;816;UBERABA;Estacionar ou parar em local proibido;Colis�o traseira;Com V�timas Feridas;Pleno dia;Crescente;Nublado;Dupla;Reta;N�o;2;0;1;0;1;0;1;2;-19,761291;-48,026239;SPRF-MG;DEL13-MG;UOP01-DEL13-MG;;;
739156;15/12/2025;segunda-feira;20:10:00;SP;116;328;JUQUITIBA;Frear bruscamente;Sa�da de leito carro��vel;Com V�timas Feridas;Plena Noite;Decrescente;Nublado;Dupla;Curva;Sim;2;0;1;0;0;1;1;2;-23,9383433;-47,0826262;SPRF-SP;DEL04-SP;UOP03-DEL04-SP;;;
739157;15/12/2025;segunda-feira;20:15:00;PR;376;419,9;TIBAGI;Velocidade Incompat�vel;Tombamento;Com V�timas Fatais;Plena Noite;Decrescente;C�u Claro;Dupla;"Curva;Aclive";N�o;2;1;0;0;0;1;0;2;-24,707328;-50,556438;SPRF-PR;DEL03-PR;UOP02-DEL03-PR;;;
739158;15/12/2025;segunda-feira;15:55:00;PR;476;276;SAO MATEUS DO SUL;Acessar a via sem observar a presen�a dos outros ve�culos;Colis�o transversal;Com V�timas Feridas;Pleno dia;Decrescente;C�u Claro;Simples;Reta;Sim;3;0;0;1;1;3;1;5;-25,87580447;-50,38744032;SPRF-PR;DEL02-PR;UOP03-DEL02-PR;;;
739159;15/12/2025;segunda-feira;11:25:00;ES;101;148,7;LINHARES;Pedestre andava na pista;Atropelamento de Pedestre;Com V�timas Feridas;Pleno dia;Crescente;C�u Claro;Simples;"Interse��o de Vias;Reta";Sim;2;0;0;1;1;0;1;2;-19,39469534;-40,06529331;SPRF-ES;DEL04-ES;UOP01-DEL04-ES;;;
739160;15/12/2025;segunda-feira;20:50:00;SP;116;278;EMBU DAS ARTES;Manobra de mudan�a de faixa;Colis�o lateral mesmo sentido;Com V�timas Fatais;Plena Noite;Crescente;C�u Claro;Dupla;"Interse��o de Vias;Declive;Reta";Sim;4;1;1;0;0;2;1;3;-23,63575067;-46,83116238;SPRF-SP;DEL04-SP;UOP01-DEL04-SP;;;
739162;15/12/2025;segunda-feira;17:20:00;MT;163;739;SORRISO;Carga excessiva e/ou mal acondicionada;Tombamento;Com V�timas Feridas;Anoitecer;Crescente;Chuva;Simples;Reta;N�o;1;0;1;0;0;0;1;1;-12,65146667;-55,78858167;SPRF-MT;DEL06-MT;UOP01-DEL06-MT;;;
739164;15/12/2025;segunda-feira;22:20:00;MG;381;490;BETIM;Suic�dio (presumido);Atropelamento de Pedestre;Com V�timas Fatais;Plena Noite;Decrescente;C�u Claro;M�ltipla;"Reta;Aclive";Sim;2;1;0;0;1;0;0;2;-19,95675959;-44,13963016;SPRF-MG;DEL01-MG;UOP03-DEL01-MG;;;
739165;15/12/2025;segunda-feira;14:40:00;PA;163;915;SANTAREM;Problema na suspens�o;Sa�da de leito carro��vel;Sem V�timas;Pleno dia;Decrescente;C�u Claro;Simples;"Aclive;Reta";N�o;2;0;0;0;2;0;0;1;-2,50504239;-54,72676151;SPRF-PA;DEL05-PA;UOP01-DEL05-PA;;;
739172;15/12/2025;segunda-feira;23:35:00;RS;392;99,4;MORRO REDONDO;Velocidade Incompat�vel;Tombamento;Com V�timas Feridas;Plena Noite;Decrescente;Nublado;Simples;Rotat�ria;Sim;2;0;1;0;0;2;1;3;-31,538675;-52,572022;SPRF-RS;DEL07-RS;UOP01-DEL07-RS;;;
739173;15/12/2025;segunda-feira;20:40:00;MA;230;5,6;BARAO DE GRAJAU;Aus�ncia de rea��o do condutor;Colis�o traseira;Com V�timas Fatais;Plena Noite;Crescente;Nublado;Simples;Reta;N�o;4;1;0;0;2;1;0;3;-6,74395;-43,0553;SPRF-PI;DEL03-PI;UOP01-DEL03-PI;;;
739175;15/12/2025;segunda-feira;17:20:00;RO;364;304,1;PRESIDENTE MEDICI;Condutor deixou de manter dist�ncia do ve�culo da frente;Colis�o traseira;Sem V�timas;Pleno dia;Crescente;C�u Claro;Simples;Reta;N�o;9;0;0;0;9;0;0;2;-11,206752;-61,901606;SPRF-RO;DEL02-RO;UOP01-DEL02-RO;;;
739176;16/12/2025;ter�a-feira;00:06:00;BA;116;661;JEQUIE;Transitar na contram�o;Colis�o frontal;Com V�timas Feridas;Plena Noite;Decrescente;C�u Claro;Simples;Curva;N�o;3;0;1;0;1;1;1;3;-13,74998462;-40,09731109;SPRF-BA;DEL03-BA;UOP01-DEL03-BA;;;
739177;16/12/2025;ter�a-feira;00:30:00;PE;407;69,1;PETROLINA;Condutor Dormindo;Sa�da de leito carro��vel;Com V�timas Feridas;Plena Noite;Decrescente;C�u Claro;Simples;Reta;N�o;2;0;0;1;0;1;1;2;-8,9274527;-40,73816;SPRF-PE;DEL06-PE;UOP02-DEL06-PE;;;
739178;16/12/2025;ter�a-feira;02:00:00;SC;101;158;PORTO BELO;Aus�ncia de rea��o do condutor;Colis�o traseira;Sem V�timas;Plena Noite;Decrescente;Nublado;Dupla;"Reta;Interse��o de Vias";Sim;2;0;0;0;2;0;0;2;-27,19096301;-48,61259017;SPRF-SC;DEL04-SC;UOP03-DEL04-SC;;;
739186;16/12/2025;ter�a-feira;05:30:00;SP;116;512;CAJATI;Rea��o tardia ou ineficiente do condutor;Tombamento;Com V�timas Feridas;Pleno dia;Decrescente;C�u Claro;Dupla;"Declive;Curva";N�o;2;0;1;0;0;1;1;2;-24,84679368;-48,21434705;SPRF-SP;DEL05-SP;UOP02-DEL05-SP;;;
739187;11/12/2025;quinta-feira;19:30:00;MS;60;456;SIDROLANDIA;Problema com o freio;Inc�ndio;Sem V�timas;Plena Noite;Crescente;Nublado;Simples;Reta;N�o;2;0;0;0;0;3;0;3;-20,98555;-54,98055;SPRF-MS;DEL01-MS;UOP04-DEL01-MS;;;
739197;16/12/2025;ter�a-feira;04:10:00;MS;158;345;BRASILANDIA;Aus�ncia de rea��o do condutor;Colis�o lateral sentido oposto;Com V�timas Feridas;Amanhecer;Crescente;Chuva;Simples;"Reta;Declive";N�o;3;0;1;0;1;2;1;4;-21,25732602;-51,97711078;SPRF-MS;DEL07-MS;UOP01-DEL07-MS;;;
739200;16/12/2025;ter�a-feira;06:45:00;MA;316;531,1;CAXIAS;Condutor Dormindo;Colis�o frontal;Com V�timas Fatais;Pleno dia;Crescente;Sol;Simples;Reta;N�o;2;1;1;0;0;0;1;2;-4,86687759;-43,41393104;SPRF-MA;DEL03-MA;UOP02-DEL03-MA;;;
739202;15/12/2025;segunda-feira;17:00:00;RO;364;111;CHUPINGUAIA;Condutor deixou de manter dist�ncia do ve�culo da frente;Colis�o traseira;Com V�timas Feridas;Anoitecer;Decrescente;C�u Claro;Simples;Reta;N�o;4;0;0;1;2;3;1;5;-12,19498131;-60,70401728;SPRF-RO;DEL04-RO;UOP01-DEL04-RO;;;
739212;12/09/2025;sexta-feira;01:30:00;RJ;116;266;BARRA MANSA;Fuma�a;Colis�o traseira;Com V�timas Feridas;Plena Noite;Crescente;C�u Claro;Dupla;Reta;N�o;2;0;0;1;1;0;1;2;-22,55926884;-44,13593642;SPRF-RJ;DEL07-RJ;UOP02-DEL07-RJ;;;
739215;16/12/2025;ter�a-feira;08:15:00;RS;285;208,5;LAGOA VERMELHA;Desrespeitar a prefer�ncia no cruzamento;Colis�o transversal;Com V�timas Feridas;Pleno dia;Decrescente;C�u Claro;Simples;Interse��o de Vias;N�o;4;0;2;0;1;1;2;3;-28,22410058;-51,61078541;SPRF-RS;DEL08-RS;UOP05-DEL08-RS;;;
739223;16/12/2025;ter�a-feira;08:00:00;PE;101;41;IGARASSU;Manobra de mudan�a de faixa;Colis�o lateral mesmo sentido;Sem V�timas;Pleno dia;Crescente;C�u Claro;Dupla;"Viaduto;Curva";Sim;2;0;0;0;2;0;0;2;-7,825085;-34,915384;SPRF-PE;DEL01-PE;UOP02-DEL01-PE;;;
739225;18/11/2025;ter�a-feira;20:56:00;PR;487;163;ARARUNA;Aus�ncia de rea��o do condutor;Colis�o traseira;Com V�timas Feridas;Plena Noite;Crescente;Ignorado;Simples;Reta;N�o;2;0;1;0;1;0;1;2;-23,9772014;-52,544968;SPRF-PR;DEL09-PR;UOP03-DEL09-PR;;;
739226;08/12/2025;segunda-feira;09:20:00;RS;470;268;SAO JOSE DO SUL;Acessar a via sem observar a presen�a dos outros ve�culos;Atropelamento de Pedestre;Com V�timas Feridas;Pleno dia;Crescente;C�u Claro;Simples;"Curva;Declive";N�o;3;0;0;1;2;0;1;3;-29,51961571;-51,48048369;SPRF-RS;DEL06-RS;UOP01-DEL06-RS;;;
739229;04/12/2025;quinta-feira;23:31:00;PR;116;54,6;CAMPINA GRANDE DO SUL;Condutor deixou de manter dist�ncia do ve�culo da frente;Colis�o traseira;Com V�timas Feridas;Plena Noite;Crescente;Nublado;Dupla;"Reta;Aclive";N�o;3;0;1;0;1;1;1;3;-25,2701;-48,919253;SPRF-PR;DEL01-PR;UOP02-DEL01-PR;;;
739230;16/12/2025;ter�a-feira;07:45:00;RJ;116;189;NOVA IGUACU;Condutor deixou de manter dist�ncia do ve�culo da frente;Engavetamento;Sem V�timas;Pleno dia;Decrescente;C�u Claro;M�ltipla;Reta;Sim;4;0;0;0;3;1;0;4;-22,74149983;-43,45671594;SPRF-RJ;DEL06-RJ;UOP01-DEL06-RJ;;;
739234;16/12/2025;ter�a-feira;06:45:00;RO;364;226,9;CACOAL;Condutor usando celular;Sa�da de leito carro��vel;Com V�timas Feridas;Pleno dia;Crescente;Nublado;Simples;"Declive;Reta";N�o;2;0;1;0;0;1;1;2;-11,497163;-61,373487;SPRF-RO;DEL02-RO;UOP02-DEL02-RO;;;
739237;16/12/2025;ter�a-feira;08:40:00;MS;262;444;DOIS IRMAOS DO BURITI;Rea��o tardia ou ineficiente do condutor;Colis�o traseira;Com V�timas Fatais;Pleno dia;Crescente;Chuva;Simples;"Interse��o de Vias;Reta";N�o;7;1;3;0;2;1;3;3;-20,52663204;-55,40039269;SPRF-MS;DEL03-MS;UOP01-DEL03-MS;;;
739238;16/12/2025;ter�a-feira;09:30:00;RJ;116;173;SAO JOAO DE MERITI;Carga excessiva e/ou mal acondicionada;Derramamento de carga;Com V�timas Feridas;Pleno dia;Crescente;Sol;M�ltipla;Reta;N�o;3;0;1;0;1;1;1;3;-22,7973699;-43,358404;SPRF-RJ;DEL06-RJ;UOP01-DEL06-RJ;;;
739243;16/12/2025;ter�a-feira;10:20:00;BA;324;616;SALVADOR;Mal s�bito do condutor;Colis�o traseira;Com V�timas Feridas;Pleno dia;Crescente;C�u Claro;Dupla;Reta;N�o;2;0;1;0;1;0;1;2;-12,884705;-38,4362;SPRF-BA;DEL01-BA;UOP01-DEL01-BA;;;
739244;16/12/2025;ter�a-feira;07:10:00;MG;116;665,2;SAO FRANCISCO DO GLORIA;Velocidade Incompat�vel;Tombamento;Com V�timas Feridas;Pleno dia;Crescente;C�u Claro;Simples;Curva;N�o;2;0;1;0;0;1;1;2;-20,834483;-42,322206;SPRF-MG;DEL07-MG;UOP02-DEL07-MG;;;
739248;16/12/2025;ter�a-feira;10:20:00;MG;381;919,5;CAMANDUCAIA;Ingest�o de �lcool pelo condutor;Colis�o lateral mesmo sentido;Com V�timas Feridas;Pleno dia;Crescente;Nublado;Dupla;Declive;Sim;2;0;1;0;1;0;1;2;-22,75657465;-46,15265116;SPRF-MG;DEL16-MG;UOP03-DEL16-MG;;;
739253;16/12/2025;ter�a-feira;11:00:00;DF;70;8;BRASILIA;Aus�ncia de rea��o do condutor;Colis�o lateral mesmo sentido;Com V�timas Fatais;Pleno dia;Decrescente;Nublado;Dupla;Reta;Sim;3;1;0;0;2;0;0;3;-15,787868;-48,114618;SPRF-DF;DEL03-DF;UOP02-DEL03-DF;;;
739255;16/12/2025;ter�a-feira;09:40:00;RS;392;79;PELOTAS;Rea��o tardia ou ineficiente do condutor;Colis�o com objeto;Com V�timas Feridas;Pleno dia;Decrescente;C�u Claro;Simples;Reta;N�o;2;0;1;0;0;3;1;4;-31,668823;-52,460075;SPRF-RS;DEL07-RS;UOP01-DEL07-RS;;;
739258;16/12/2025;ter�a-feira;10:30:00;BA;101;839;ITAMARAJU;Acessar a via sem observar a presen�a dos outros ve�culos;Colis�o transversal;Com V�timas Feridas;Pleno dia;Crescente;C�u Claro;Simples;Reta;N�o;2;0;1;0;1;0;1;2;-17,11791269;-39,56725788;SPRF-BA;DEL09-BA;UOP02-DEL09-BA;;;
739277;16/12/2025;ter�a-feira;09:00:00;PE;232;354;FLORES;Ultrapassagem Indevida;Colis�o frontal;Com V�timas Feridas;Pleno dia;Crescente;C�u Claro;Simples;Curva;N�o;7;0;4;0;2;2;4;5;-8,053965;-37,830598;SPRF-PE;DEL04-PE;UOP02-DEL04-PE;;;
739281;15/12/2025;segunda-feira;19:25:00;SC;282;386,7;JOACABA;Aus�ncia de rea��o do condutor;Colis�o com objeto;Com V�timas Feridas;Plena Noite;Decrescente;Chuva;Simples;"Reta;Declive";N�o;2;0;1;0;1;0;1;1;-27,18710946;-51,51853859;SPRF-SC;DEL07-SC;UOP05-DEL07-SC;;;
739294;16/12/2025;ter�a-feira;13:58:00;GO;60;385;RIO VERDE;Rea��o tardia ou ineficiente do condutor;Colis�o traseira;Com V�timas Feridas;Pleno dia;Decrescente;Chuva;Dupla;"Aclive;Reta";N�o;5;0;1;0;3;2;1;5;-17,81164839;-50,9282719;SPRF-GO;DEL04-GO;UOP02-DEL04-GO;;;
739302;04/12/2025;quinta-feira;11:32:00;PR;163;30;SANTO ANTONIO DO SUDOESTE;Ultrapassagem Indevida;Colis�o traseira;Com V�timas Feridas;Pleno dia;Decrescente;C�u Claro;Simples;Reta;N�o;6;0;1;0;1;4;1;6;-26,1016313;-53,7107379;SPRF-PR;DEL02-PR;UOP02-DEL02-PR;;;
739307;16/12/2025;ter�a-feira;15:20:00;GO;40;25;LUZIANIA;Aus�ncia de rea��o do condutor;Colis�o transversal;Com V�timas Feridas;Pleno dia;Crescente;Garoa/Chuvisco;Simples;"Curva;Desvio Tempor�rio";N�o;2;0;1;1;0;0;2;2;-16,25125383;-47,90168881;SPRF-DF;DEL01-DF;UOP01-DEL01-DF;;;
739312;16/12/2025;ter�a-feira;16:10:00;SP;116;405,7;MIRACATU;Demais falhas mec�nicas ou el�tricas;Sa�da de leito carro��vel;Com V�timas Feridas;Pleno dia;Decrescente;Chuva;Dupla;Reta;N�o;5;0;1;0;3;1;1;2;-24,3235788;-47,5488746;SPRF-SP;DEL04-SP;UOP02-DEL04-SP;;;
739313;16/12/2025;ter�a-feira;16:15:00;MG;365;664;MONTE ALEGRE DE MINAS;Rea��o tardia ou ineficiente do condutor;Colis�o traseira;Com V�timas Feridas;Pleno dia;Crescente;Chuva;Dupla;Reta;N�o;4;0;2;0;2;0;2;2;-18,89119;-48,6777;SPRF-MG;DEL15-MG;UOP01-DEL15-MG;;;