id;data_inversa;dia_semana;horario;uf;br;km;municipio;causa_acidente;tipo_acidente;classificacao_acidente;fase_dia;sentido_via;condicao_metereologica;tipo_pista;tracado_via;uso_solo;pessoas;mortos;feridos_leves;feridos_graves;ilesos;ignorados;feridos;veiculos;latitude;longitude;regional;delegacia;uop;;;
739317;16/12/2025;ter�a-feira;16:50:00;SC;470;66,2;INDAIAL;Condutor deixou de manter dist�ncia do ve�culo da frente;Colis�o traseira;Sem V�timas;Pleno dia;Crescente;Nublado;Simples;"Em Obras;Reta";Sim;2;0;0;0;2;0;0;2;-26,87013;-49,22351;SPRF-SC;DEL04-SC;UOP01-DEL04-SC;;;
739318;16/12/2025;ter�a-feira;15:35:00;MG;381;946;EXTREMA;Rea��o tardia ou ineficiente do condutor;Colis�o traseira;Com V�timas Feridas;Pleno dia;Decrescente;C�u Claro;Dupla;Curva;Sim;4;0;0;1;1;2;1;4;-22,86508;-46,34634;SPRF-MG;DEL16-MG;UOP03-DEL16-MG;;;
739319;16/12/2025;ter�a-feira;16:30:00;PB;230;124,2;RIACHAO DO BACAMARTE;Aus�ncia de rea��o do condutor;Colis�o traseira;Com V�timas Feridas;Pleno dia;Crescente;Sol;Simples;"Aclive;Reta";N�o;2;0;1;0;0;1;1;2;-7,2546615;-35,6896575;SPRF-PB;DEL02-PB;UOP01-DEL02-PB;;;
739321;16/12/2025;ter�a-feira;15:50:00;PE;428;188;PETROLINA;Condutor deixou de manter dist�ncia do ve�culo da frente;Colis�o traseira;Com V�timas Feridas;Pleno dia;Decrescente;C�u Claro;Dupla;Curva;Sim;3;0;2;0;1;0;2;2;-9,37439939;-40,48835278;SPRF-PE;DEL06-PE;UOP01-DEL06-PE;;;
739322;25/11/2025;ter�a-feira;07:00:00;MG;116;101;MEDINA;Demais falhas mec�nicas ou el�tricas;Inc�ndio;Sem V�timas;Pleno dia;Crescente;Nublado;Simples;"Curva;Declive";N�o;2;0;0;0;1;1;0;2;-16,43926;-41,49919;SPRF-MG;DEL11-MG;UOP02-DEL11-MG;;;
739325;16/12/2025;ter�a-feira;16:35:00;PR;272;562;GUAIRA;Desrespeitar a prefer�ncia no cruzamento;Colis�o transversal;Com V�timas Feridas;Pleno dia;Crescente;C�u Claro;Simples;"Reta;Interse��o de Vias";N�o;3;0;1;0;1;3;1;5;-24,0930248;-54,1968817;SPRF-PR;DEL06-PR;UOP01-DEL06-PR;;;
739339;16/12/2025;ter�a-feira;16:00:00;RJ;393;242;VASSOURAS;Velocidade Incompat�vel;Sa�da de leito carro��vel;Com V�timas Feridas;Pleno dia;Crescente;Chuva;Simples;"Curva;Declive";N�o;2;0;1;0;0;1;1;2;-22,43557917;-43,73150675;SPRF-RJ;DEL05-RJ;UOP04-DEL05-RJ;;;
739345;16/12/2025;ter�a-feira;16:30:00;BA;242;337;LAJEDINHO;Rea��o tardia ou ineficiente do condutor;Tombamento;Sem V�timas;Anoitecer;Crescente;C�u Claro;Simples;"Declive;Curva";N�o;2;0;0;0;0;3;0;3;-12,4983772;-41,1995557;SPRF-BA;DEL06-BA;UOP02-DEL06-BA;;;
739351;16/12/2025;ter�a-feira;18:50:00;RS;158;101;PALMEIRA DAS MISSOES;Ultrapassagem Indevida;Colis�o frontal;Com V�timas Feridas;Anoitecer;Crescente;C�u Claro;Simples;Reta;N�o;5;0;3;0;1;2;3;5;-27,899553;-53,341563;SPRF-RS;DEL08-RS;UOP01-DEL08-RS;;;
739353;16/12/2025;ter�a-feira;17:20:00;SC;101;381,7;ICARA;Manobra de mudan�a de faixa;Sa�da de leito carro��vel;Com V�timas Feridas;Pleno dia;Decrescente;C�u Claro;Dupla;Reta;Sim;2;0;1;0;0;1;1;2;-28,76726;-49,29933;SPRF-SC;DEL02-SC;UOP02-DEL02-SC;;;
739358;09/12/2025;ter�a-feira;23:30:00;TO;153;462,7;BARROLANDIA;Transitar na contram�o;Colis�o frontal;Com V�timas Fatais;Plena Noite;Crescente;Nublado;Simples;"Reta;Declive";N�o;4;2;0;0;2;0;0;2;-9,93622;-48,738258;SPRF-TO;DEL01-TO;UOP01-DEL01-TO;;;
739361;16/12/2025;ter�a-feira;19:10:00;MG;381;603,1;OLIVEIRA;Aus�ncia de rea��o do condutor;Colis�o traseira;Com V�timas Feridas;Plena Noite;Crescente;Nublado;Dupla;Reta;N�o;3;0;0;1;1;3;1;5;-20,62001776;-44,7345253;SPRF-MG;DEL04-MG;UOP01-DEL04-MG;;;
739369;16/12/2025;ter�a-feira;19:50:00;MG;267;127,1;JUIZ DE FORA;Velocidade Incompat�vel;Colis�o lateral sentido oposto;Sem V�timas;Pleno dia;Decrescente;Chuva;Simples;Curva;N�o;3;0;0;0;3;0;0;3;-21,713647;-43,521467;SPRF-MG;DEL05-MG;UOP01-DEL05-MG;;;
739372;16/12/2025;ter�a-feira;21:00:00;SE;235;27,6;AREIA BRANCA;Rea��o tardia ou ineficiente do condutor;Colis�o lateral sentido oposto;Com V�timas Feridas;Plena Noite;Crescente;Ignorado;Simples;Curva;N�o;7;0;1;3;2;2;4;7;-10,79781315;-37,27455139;SPRF-SE;DEL01-SE;UOP02-DEL01-SE;;;
739373;16/12/2025;ter�a-feira;18:25:00;SC;101;463;PASSO DE TORRES;Manobra de mudan�a de faixa;Colis�o lateral mesmo sentido;Com V�timas Feridas;Pleno dia;Decrescente;C�u Claro;Dupla;Reta;N�o;4;0;0;1;2;1;1;3;-29,28963143;-49,75819437;SPRF-RS;DEL03-RS;UOP02-DEL03-RS;;;
739379;16/12/2025;ter�a-feira;20:20:00;RS;116;374,9;TAPES;Pedestre andava na pista;Atropelamento de Pedestre;Com V�timas Fatais;Plena Noite;Decrescente;C�u Claro;Dupla;Reta;N�o;5;2;0;0;1;2;0;3;-30,73829471;-51,62303925;SPRF-RS;DEL02-RS;UOP02-DEL02-RS;;;
739399;17/12/2025;quarta-feira;01:40:00;RS;285;490,8;ENTRE-IJUIS;Condutor deixou de manter dist�ncia do ve�culo da frente;Colis�o traseira;Sem V�timas;Plena Noite;Decrescente;C�u Claro;Simples;Aclive;N�o;3;0;0;0;3;0;0;3;-28,375348;-54,20985;SPRF-RS;DEL10-RS;UOP01-DEL10-RS;;;
739400;17/12/2025;quarta-feira;02:57:00;CE;116;513;BREJO SANTO;Rea��o tardia ou ineficiente do condutor;Sa�da de leito carro��vel;Com V�timas Feridas;Plena Noite;Decrescente;Chuva;Simples;Reta;N�o;3;0;0;1;1;1;1;3;-7,61793177;-39,0309906;SPRF-CE;DEL05-CE;UOP03-DEL05-CE;;;
739408;17/12/2025;quarta-feira;03:47:00;PR;116;16,4;CAMPINA GRANDE DO SUL;Rea��o tardia ou ineficiente do condutor;Colis�o traseira;Com V�timas Feridas;Plena Noite;Crescente;Garoa/Chuvisco;Dupla;"Aclive;Reta";N�o;3;0;1;0;1;1;1;3;-25,102538;-48,700212;SPRF-PR;DEL01-PR;UOP02-DEL01-PR;;;
739409;17/12/2025;quarta-feira;02:35:00;MG;381;408,1;NOVA UNIAO;Velocidade Incompat�vel;Colis�o traseira;Com V�timas Feridas;Plena Noite;Decrescente;Chuva;Dupla;Reta;N�o;5;0;0;3;1;1;3;3;-19,72628429;-43,58841704;SPRF-MG;DEL01-MG;UOP01-DEL01-MG;;;
739411;17/12/2025;quarta-feira;03:35:00;CE;116;512,9;BREJO SANTO;Aus�ncia de sinaliza��o;Colis�o com objeto;Com V�timas Feridas;Plena Noite;Crescente;Chuva;Simples;Reta;N�o;4;0;1;1;1;1;2;3;-7,58066811;-39,02206421;SPRF-CE;DEL05-CE;UOP03-DEL05-CE;;;
739414;16/12/2025;ter�a-feira;20:00:00;PA;222;90,6;RONDON DO PARA;Aus�ncia de rea��o do condutor;Colis�o lateral mesmo sentido;Com V�timas Fatais;Plena Noite;Crescente;Nublado;Simples;Reta;N�o;3;1;0;0;1;1;0;3;-4,69877;-47,960745;SPRF-PA;DEL02-PA;UOP02-DEL02-PA;;;
739415;16/12/2025;ter�a-feira;23:30:00;PR;376;652;TIJUCAS DO SUL;Aus�ncia de rea��o do condutor;Colis�o traseira;Com V�timas Feridas;Plena Noite;Crescente;Garoa/Chuvisco;Dupla;Curva;N�o;2;0;1;0;1;0;1;2;-25,84527102;-49,06154808;SPRF-PR;DEL01-PR;UOP04-DEL01-PR;;;
739416;16/12/2025;ter�a-feira;15:37:00;PA;230;1123;ITAITUBA;Rea��o tardia ou ineficiente do condutor;Sa�da de leito carro��vel;Com V�timas Feridas;Pleno dia;Crescente;C�u Claro;Simples;Reta;N�o;2;0;2;0;0;0;2;1;-4,3457;-55,9606;SPRF-PA;DEL05-PA;UOP02-DEL05-PA;;;
739418;17/12/2025;quarta-feira;06:40:00;SC;282;34;AGUAS MORNAS;Ultrapassagem Indevida;Colis�o frontal;Com V�timas Feridas;Pleno dia;Crescente;C�u Claro;Simples;Curva;N�o;3;0;1;1;1;0;2;3;-27,70462942;-48,82348761;SPRF-SC;DEL01-SC;UOP03-DEL01-SC;;;
739419;17/12/2025;quarta-feira;02:00:00;MG;381;379;BARAO DE COCAIS;Aus�ncia de rea��o do condutor;Tombamento;Com V�timas Feridas;Plena Noite;Decrescente;Chuva;Simples;Declive;N�o;2;0;1;0;0;1;1;2;-19,80514702;-43,40286255;SPRF-MG;DEL01-MG;UOP01-DEL01-MG;;;
739421;16/12/2025;ter�a-feira;18:40:00;PA;230;1113;ITAITUBA;Transitar na contram�o;Colis�o lateral sentido oposto;Com V�timas Feridas;Anoitecer;Decrescente;C�u Claro;Simples;Reta;N�o;4;0;1;0;2;3;1;6;-4,3958;-55,9248;SPRF-PA;DEL05-PA;UOP02-DEL05-PA;;;
739422;16/12/2025;ter�a-feira;22:10:00;MG;262;530,8;LUZ;Condutor Dormindo;Colis�o com objeto;Com V�timas Feridas;Plena Noite;Crescente;Nublado;Simples;"Declive;Curva";N�o;2;0;0;1;0;2;1;3;-19,75685;-45,8171;SPRF-MG;DEL08-MG;UOP02-DEL08-MG;;;
739427;17/12/2025;quarta-feira;04:20:00;RJ;101;102;CAMPOS DOS GOYTACAZES;Chuva;Tombamento;Com V�timas Feridas;Amanhecer;Crescente;Chuva;Dupla;Reta;N�o;2;0;1;0;1;0;1;1;-21,895893;-41,600587;SPRF-RJ;DEL08-RJ;UOP02-DEL08-RJ;;;
739433;17/12/2025;quarta-feira;07:05:00;SC;101;41;JOINVILLE;Rea��o tardia ou ineficiente do condutor;Colis�o traseira;Com V�timas Feridas;Pleno dia;Decrescente;C�u Claro;Dupla;Reta;N�o;2;0;0;1;1;0;1;2;-26,31759235;-48,87263171;SPRF-SC;DEL03-SC;UOP01-DEL03-SC;;;
739434;17/12/2025;quarta-feira;06:20:00;MG;40;380;CURVELO;Demais falhas mec�nicas ou el�tricas;Sa�da de leito carro��vel;Sem V�timas;Pleno dia;Crescente;C�u Claro;Simples;Reta;N�o;2;0;0;0;1;1;0;2;-18,880575;-44,717477;SPRF-MG;DEL02-MG;UOP01-DEL02-MG;;;
739435;17/12/2025;quarta-feira;06:10:00;TO;153;501,5;PARAISO DO TOCANTINS;Transitar na contram�o;Colis�o frontal;Sem V�timas;Amanhecer;Decrescente;Chuva;Simples;"Interse��o de Vias;Declive;Reta";Sim;3;0;0;0;2;1;0;3;-10,211455;-48,874303;SPRF-TO;DEL01-TO;UOP01-DEL01-TO;;;
739436;17/12/2025;quarta-feira;07:15:00;PR;376;309;MAUA DA SERRA;Aus�ncia de rea��o do condutor;Colis�o com objeto;Com V�timas Feridas;Amanhecer;Decrescente;C�u Claro;Dupla;"Curva;Declive";N�o;2;0;1;0;0;1;1;2;-23,978458;-51,09526;SPRF-PR;DEL07-PR;UOP02-DEL07-PR;;;
739444;17/12/2025;quarta-feira;05:45:00;SC;282;483,1;FAXINAL DOS GUEDES;Transitar na contram�o;Colis�o frontal;Com V�timas Fatais;Amanhecer;Decrescente;C�u Claro;Simples;Reta;N�o;3;1;0;0;1;1;0;3;-26,864634;-52,213838;SPRF-SC;DEL07-SC;UOP01-DEL07-SC;;;
739445;17/12/2025;quarta-feira;06:50:00;PR;369;115,2;URAI;Aus�ncia de rea��o do condutor;Colis�o traseira;Com V�timas Feridas;Pleno dia;Decrescente;C�u Claro;Dupla;"Aclive;Curva";N�o;2;0;1;0;1;0;1;2;-23,279;-50,858;SPRF-PR;DEL07-PR;UOP05-DEL07-PR;;;
739447;17/12/2025;quarta-feira;05:00:00;BA;101;785;PORTO SEGURO;Transitar na contram�o;Colis�o frontal;Com V�timas Fatais;Amanhecer;Crescente;Sol;Simples;Curva;N�o;3;2;0;0;1;0;0;2;-16,854092;-39,490975;SPRF-BA;DEL09-BA;UOP01-DEL09-BA;;;
739450;12/11/2025;quarta-feira;03:03:00;PA;163;175;ALTAMIRA;Condutor Dormindo;Tombamento;Sem V�timas;Plena Noite;Crescente;Ignorado;Simples;Reta;N�o;1;0;0;0;0;1;0;1;-8,16986;-55,12663;SPRF-PA;DEL05-PA;UOP03-DEL05-PA;;;
739455;17/12/2025;quarta-feira;07:15:00;MG;40;674,5;CARANDAI;Acumulo de �leo sobre o pavimento;Colis�o frontal;Com V�timas Feridas;Pleno dia;Decrescente;Chuva;Simples;Reta;N�o;4;0;1;0;2;2;1;4;-21,00814;-43,782;SPRF-MG;DEL05-MG;UOP02-DEL05-MG;;;
739457;16/12/2025;ter�a-feira;09:30:00;MG;381;705;LAVRAS;Rea��o tardia ou ineficiente do condutor;Colis�o com objeto;Com V�timas Feridas;Pleno dia;Decrescente;Nublado;Dupla;Reta;N�o;3;0;1;0;2;0;1;2;-21,323263;-45,166136;SPRF-MG;DEL04-MG;UOP02-DEL04-MG;;;
739458;17/12/2025;quarta-feira;05:37:00;BA;101;543;SAO JOSE DA VITORIA;Rea��o tardia ou ineficiente do condutor;Sa�da de leito carro��vel;Com V�timas Feridas;Pleno dia;Decrescente;C�u Claro;Simples;Reta;N�o;1;0;1;0;0;0;1;1;-15,09483092;-39,35173988;SPRF-BA;DEL05-BA;UOP02-DEL05-BA;;;
739463;17/12/2025;quarta-feira;08:00:00;TO;153;137;ARAGUAINA;Manobra de mudan�a de faixa;Colis�o lateral mesmo sentido;Com V�timas Feridas;Pleno dia;Crescente;C�u Claro;Dupla;Reta;Sim;4;0;1;0;1;2;1;4;-7,15739152;-48,20468098;SPRF-TO;DEL02-TO;UOP01-DEL02-TO;;;
739471;06/12/2025;s�bado;21:00:00;BA;20;150;SAO DESIDERIO;Aus�ncia de rea��o do condutor;Colis�o frontal;Com V�timas Feridas;Plena Noite;Crescente;C�u Claro;Simples;Reta;N�o;3;0;1;0;1;1;1;3;-12,659574;-45,923841;SPRF-BA;DEL10-BA;UOP01-DEL10-BA;;;
739473;17/12/2025;quarta-feira;10:00:00;ES;101;263;SERRA;Rea��o tardia ou ineficiente do condutor;Colis�o traseira;Com V�timas Feridas;Pleno dia;Crescente;C�u Claro;Dupla;Reta;Sim;3;0;1;0;2;0;1;2;-20,17821939;-40,26548863;SPRF-ES;DEL02-ES;UOP01-DEL02-ES;;;
739477;07/12/2025;domingo;00:10:00;AL;101;149,9;JEQUIA DA PRAIA;Demais falhas mec�nicas ou el�tricas;Inc�ndio;Sem V�timas;Pleno dia;Decrescente;C�u Claro;Dupla;"Aclive;Curva";N�o;1;0;0;0;1;0;0;1;-9,89043939;-36,13464958;SPRF-AL;DEL02-AL;UOP02-DEL02-AL;;;
739479;17/12/2025;quarta-feira;10:00:00;SC;101;167;TIJUCAS;Rea��o tardia ou ineficiente do condutor;Colis�o traseira;Com V�timas Feridas;Pleno dia;Decrescente;C�u Claro;Dupla;Reta;N�o;3;0;2;0;1;0;2;2;-27,28799229;-48,63046646;SPRF-SC;DEL04-SC;UOP03-DEL04-SC;;;
739481;17/12/2025;quarta-feira;10:15:00;MG;40;513;RIBEIRAO DAS NEVES;Aus�ncia de rea��o do condutor;Tombamento;Com V�timas Feridas;Pleno dia;Crescente;Nublado;Dupla;"Curva;Declive";N�o;2;0;0;1;1;0;1;2;-19,79698761;-44,10869918;SPRF-MG;DEL01-MG;UOP02-DEL01-MG;;;
739483;17/12/2025;quarta-feira;08:10:00;MT;163;946;ITAUBA;Demais falhas mec�nicas ou el�tricas;Colis�o traseira;Com V�timas Feridas;Pleno dia;Crescente;Nublado;Simples;"Aclive;Reta";N�o;3;0;1;0;1;1;1;3;-10,93119816;-55,20693796;SPRF-MT;DEL06-MT;UOP02-DEL06-MT;;;
739485;17/12/2025;quarta-feira;09:20:00;MS;163;681;RIO VERDE DE MATO GROSSO;Acessar a via sem observar a presen�a dos outros ve�culos;Colis�o traseira;Com V�timas Feridas;Pleno dia;Crescente;C�u Claro;Simples;Reta;N�o;3;0;1;0;1;3;1;5;-18,91119348;-54,83957145;SPRF-MS;DEL06-MS;UOP02-DEL06-MS;;;
739496;17/12/2025;quarta-feira;10:45:00;RS;116;377,5;SENTINELA DO SUL;Condutor usando celular;Colis�o traseira;Com V�timas Feridas;Pleno dia;Decrescente;C�u Claro;Dupla;Reta;N�o;3;0;0;1;1;1;1;3;-30,74354;-51,62887;SPRF-RS;DEL02-RS;UOP02-DEL02-RS;;;
739497;17/12/2025;quarta-feira;10:40:00;MS;163;426;CAMPO GRANDE;Ultrapassagem Indevida;Colis�o lateral sentido oposto;Sem V�timas;Pleno dia;Crescente;Nublado;Dupla;Reta;N�o;7;0;0;0;6;2;0;5;-20,930246;-54,498678;SPRF-MS;DEL01-MS;UOP01-DEL01-MS;;;
739498;17/12/2025;quarta-feira;11:30:00;MG;262;116,3;RIO CASCA;Condutor deixou de manter dist�ncia do ve�culo da frente;Colis�o traseira;Sem V�timas;Pleno dia;Decrescente;Chuva;Simples;Rotat�ria;Sim;3;0;0;0;3;0;0;2;-20,23164817;-42,62381941;SPRF-MG;DEL03-MG;UOP03-DEL03-MG;;;
739506;17/12/2025;quarta-feira;08:30:00;RS;116;530,1;CAPAO DO LEAO;Rea��o tardia ou ineficiente do condutor;Colis�o transversal;Com V�timas Feridas;Pleno dia;Decrescente;C�u Claro;Simples;Interse��o de Vias;N�o;4;0;2;0;1;1;2;3;-31,76012349;-52,43872583;SPRF-RS;DEL07-RS;UOP01-DEL07-RS;;;
739513;17/12/2025;quarta-feira;11:30:00;AL;101;171,7;TEOTONIO VILELA;Velocidade Incompat�vel;Tombamento;Com V�timas Feridas;Pleno dia;Crescente;C�u Claro;Dupla;Curva;N�o;2;0;0;1;0;1;1;2;-9,908202;-36,33612;SPRF-AL;DEL02-AL;UOP02-DEL02-AL;;;
739514;17/12/2025;quarta-feira;10:05:00;RJ;40;20;TRES RIOS;Velocidade Incompat�vel;Tombamento;Com V�timas Feridas;Pleno dia;Decrescente;Garoa/Chuvisco;Dupla;Curva;N�o;2;0;1;0;1;0;1;1;-22,10927715;-43,1638328;SPRF-RJ;DEL05-RJ;UOP02-DEL05-RJ;;;
739519;17/12/2025;quarta-feira;09:15:00;SC;280;8,6;SAO FRANCISCO DO SUL;Condutor deixou de manter dist�ncia do ve�culo da frente;Colis�o traseira;Com V�timas Feridas;Pleno dia;Decrescente;C�u Claro;Simples;Reta;N�o;2;0;1;0;1;0;1;2;-26,282623;-48,646516;SPRF-SC;DEL03-SC;UOP03-DEL03-SC;;;
739520;17/12/2025;quarta-feira;10:00:00;RS;290;42;SANTO ANTONIO DA PATRULHA;Demais falhas mec�nicas ou el�tricas;Atropelamento de Pedestre;Com V�timas Feridas;Pleno dia;Decrescente;C�u Claro;Dupla;Reta;N�o;4;0;2;0;2;0;2;2;-29,88901578;-50,67839742;SPRF-RS;DEL03-RS;UOP01-DEL03-RS;;;
739523;17/12/2025;quarta-feira;13:40:00;MG;40;588,4;ITABIRITO;Rea��o tardia ou ineficiente do condutor;Colis�o lateral sentido oposto;Com V�timas Feridas;Pleno dia;Crescente;Chuva;Simples;"Curva;Declive";N�o;2;0;1;0;1;0;1;2;-20,35609441;-43,90947819;SPRF-MG;DEL01-MG;UOP02-DEL01-MG;;;
739524;17/12/2025;quarta-feira;13:50:00;MG;40;526,9;CONTAGEM;Aus�ncia de rea��o do condutor;Colis�o transversal;Com V�timas Feridas;Pleno dia;Decrescente;Chuva;Dupla;Reta;Sim;3;0;1;0;1;1;1;3;-19,89189189;-44,05171219;SPRF-MG;DEL01-MG;UOP02-DEL01-MG;;;
739525;17/12/2025;quarta-feira;08:20:00;SC;470;109;APIUNA;Rea��o tardia ou ineficiente do condutor;Tombamento;Com V�timas Feridas;Pleno dia;Crescente;C�u Claro;Simples;Curva;N�o;3;0;2;0;0;1;2;2;-27,08364;-49,45437;SPRF-SC;DEL04-SC;UOP02-DEL04-SC;;;
739526;17/12/2025;quarta-feira;14:20:00;RS;285;460,2;IJUI;Desrespeitar a prefer�ncia no cruzamento;Colis�o transversal;Com V�timas Feridas;Pleno dia;Crescente;Sol;Simples;"Em Obras;Reta;Interse��o de Vias";N�o;4;0;1;0;3;0;1;2;-28,41861714;-53,91643524;SPRF-RS;DEL10-RS;UOP01-DEL10-RS;;;
739531;17/12/2025;quarta-feira;14:40:00;SP;116;74;APARECIDA;Rea��o tardia ou ineficiente do condutor;Colis�o traseira;Sem V�timas;Pleno dia;Decrescente;Nublado;Dupla;Reta;Sim;6;0;0;0;5;1;0;5;-22,87339748;-45,25093675;SPRF-SP;DEL08-SP;UOP01-DEL08-SP;;;
739532;17/12/2025;quarta-feira;13:50:00;PR;277;118;CAMPO LARGO;Condutor deixou de manter dist�ncia do ve�culo da frente;Engavetamento;Com V�timas Feridas;Pleno dia;Crescente;C�u Claro;Dupla;"Reta;Declive";Sim;3;0;1;0;1;1;1;3;-25,44329066;-49,46102707;SPRF-PR;DEL03-PR;UOP03-DEL03-PR;;;
739538;17/12/2025;quarta-feira;09:30:00;AM;174;1030;PRESIDENTE FIGUEIREDO;Demais falhas na via;Tombamento;Sem V�timas;Pleno dia;Decrescente;C�u Claro;Simples;Curva;N�o;3;0;0;0;2;2;0;3;-1,736108;-60,15387;SPRF-AM;DEL01-AM;UOP02-DEL01-AM;;;
739540;17/12/2025;quarta-feira;14:15:00;MG;381;431;SABARA;Ultrapassagem Indevida;Colis�o lateral sentido oposto;Com V�timas Feridas;Pleno dia;Crescente;C�u Claro;Simples;Reta;N�o;3;0;0;1;1;2;1;4;-19,79884907;-43,74889897;SPRF-MG;DEL01-MG;UOP01-DEL01-MG;;;
739542;17/12/2025;quarta-feira;15:10:00;DF;20;15,8;BRASILIA;Velocidade Incompat�vel;Colis�o lateral mesmo sentido;Com V�timas Feridas;Pleno dia;Decrescente;C�u Claro;Dupla;Reta;Sim;3;0;2;0;1;0;2;2;-15,625807;-47,725517;SPRF-DF;DEL02-DF;UOP01-DEL02-DF;;;
739543;17/12/2025;quarta-feira;11:20:00;BA;116;763;POCOES;Ultrapassagem Indevida;Colis�o lateral sentido oposto;Com V�timas Feridas;Pleno dia;Crescente;C�u Claro;Simples;Reta;N�o;2;0;0;1;1;0;1;2;-14,561677;-40,413976;SPRF-BA;DEL08-BA;UOP02-DEL08-BA;;;
739544;17/12/2025;quarta-feira;14:00:00;RO;364;92;VILHENA;Rea��o tardia ou ineficiente do condutor;Colis�o lateral sentido oposto;Com V�timas Feridas;Pleno dia;Decrescente;Garoa/Chuvisco;Simples;"Reta;Declive;Em Obras";N�o;6;0;1;0;4;3;1;6;-12,3218901;-60,63560486;SPRF-RO;DEL04-RO;UOP01-DEL04-RO;;;
739549;17/12/2025;quarta-feira;16:10:00;PE;423;134;SALOA;Avarias e/ou desgaste excessivo no pneu;Colis�o frontal;Com V�timas Fatais;Pleno dia;Crescente;C�u Claro;Simples;Reta;N�o;4;2;1;1;0;0;2;2;-8,961537;-36,78752;SPRF-PE;DEL03-PE;UOP01-DEL03-PE;;;
739553;17/12/2025;quarta-feira;14:20:00;SC;101;352,3;JAGUARUNA;Manobra de mudan�a de faixa;Colis�o lateral mesmo sentido;Sem V�timas;Pleno dia;Decrescente;C�u Claro;M�ltipla;"Declive;Reta;Viaduto";N�o;3;0;0;0;2;2;0;4;-28,60068712;-49,05225992;SPRF-SC;DEL02-SC;UOP01-DEL02-SC;;;
739561;17/12/2025;quarta-feira;15:40:00;MG;40;36;PARACATU;Condutor deixou de manter dist�ncia do ve�culo da frente;Colis�o traseira;Com V�timas Feridas;Pleno dia;Crescente;Nublado;Simples;"Reta;Retorno Regulamentado";N�o;4;0;0;1;2;1;1;3;-17,19823538;-46,90865993;SPRF-MG;DEL14-MG;UOP01-DEL14-MG;;;
739571;17/12/2025;quarta-feira;17:30:00;MG;40;603,5;CONGONHAS;Velocidade Incompat�vel;Colis�o frontal;Com V�timas Feridas;Pleno dia;Decrescente;Chuva;Simples;"Curva;Aclive";N�o;14;0;8;1;4;2;9;11;-20,45223;-43,84092;SPRF-MG;DEL05-MG;UOP02-DEL05-MG;;;
739572;17/12/2025;quarta-feira;14:00:00;MT;364;349;SANTO ANTONIO DO LEVERGER;Demais falhas mec�nicas ou el�tricas;Inc�ndio;Sem V�timas;Pleno dia;Decrescente;C�u Claro;Dupla;"Reta;Declive";N�o;2;0;0;0;1;2;0;3;-15,7937944;-55,57665825;SPRF-MT;DEL05-MT;UOP02-DEL05-MT;;;
739573;17/12/2025;quarta-feira;17:15:00;PR;116;93;SAO JOSE DOS PINHAIS;Rea��o tardia ou ineficiente do condutor;Colis�o traseira;Com V�timas Feridas;Pleno dia;Crescente;C�u Claro;Simples;Reta;Sim;2;0;0;1;0;1;1;2;-25,51445256;-49,13053751;SPRF-PR;DEL01-PR;UOP07-DEL01-PR;;;
739575;17/12/2025;quarta-feira;17:30:00;CE;222;167,6;IRAUCUBA;Demais falhas mec�nicas ou el�tricas;Inc�ndio;Sem V�timas;Anoitecer;Crescente;Sol;Simples;Reta;N�o;2;0;0;0;1;2;0;3;-3,748;-39,943;SPRF-CE;DEL04-CE;UOP03-DEL04-CE;;;
739577;17/12/2025;quarta-feira;15:30:00;BA;235;61,7;JEREMOABO;Rea��o tardia ou ineficiente do condutor;Tombamento;Com V�timas Feridas;Pleno dia;Crescente;C�u Claro;Simples;Declive;N�o;2;0;0;1;0;2;1;3;-10,088756;-38,183668;SPRF-SE;DEL01-SE;UOP02-DEL01-SE;;;
739578;17/12/2025;quarta-feira;17:00:00;RO;364;710;PORTO VELHO;Aus�ncia de rea��o do condutor;Colis�o traseira;Com V�timas Fatais;Anoitecer;Decrescente;Nublado;Dupla;Reta;Sim;3;1;0;0;1;1;0;3;-8,783553;-63,861863;SPRF-RO;DEL01-RO;UOP01-DEL01-RO;;;
739586;17/12/2025;quarta-feira;15:00:00;PR;158;348,6;PALMITAL;Velocidade Incompat�vel;Tombamento;Com V�timas Feridas;Pleno dia;Crescente;C�u Claro;Simples;Curva;N�o;2;0;2;0;0;0;2;1;-24,981268;-52,297854;SPRF-PR;DEL04-PR;UOP02-DEL04-PR;;;
739588;17/12/2025;quarta-feira;19:40:00;PR;369;19,2;CAMBARA;Rea��o tardia ou ineficiente do condutor;Colis�o traseira;Com V�timas Feridas;Plena Noite;Decrescente;C�u Claro;Simples;"Interse��o de Vias;Reta";Sim;4;0;2;0;2;0;2;4;-23,0368492;-50,07572651;SPRF-PR;DEL07-PR;UOP05-DEL07-PR;;;
739602;17/12/2025;quarta-feira;15:10:00;MT;364;577;NOBRES;Demais falhas mec�nicas ou el�tricas;Inc�ndio;Sem V�timas;Pleno dia;Decrescente;C�u Claro;Dupla;Reta;N�o;3;0;0;0;2;1;0;2;-14,61834563;-56,25968599;SPRF-MT;DEL01-MT;UOP01-DEL01-MT;;;
739604;17/12/2025;quarta-feira;19:25:00;PR;277;671;MEDIANEIRA;Mal s�bito do condutor;Colis�o lateral mesmo sentido;Com V�timas Feridas;Plena Noite;Decrescente;C�u Claro;Dupla;Reta;Sim;3;0;1;0;1;1;1;3;-25,28230247;-54,08178578;SPRF-PR;DEL05-PR;UOP02-DEL05-PR;;;