id;data_inversa;dia_semana;horario;uf;br;km;municipio;causa_acidente;tipo_acidente;classificacao_acidente;fase_dia;sentido_via;condicao_metereologica;tipo_pista;tracado_via;uso_solo;pessoas;mortos;feridos_leves;feridos_graves;ilesos;ignorados;feridos;veiculos;latitude;longitude;regional;delegacia;uop;;;
740183;20/12/2025;s�bado;02:00:00;PR;376;667;GUARATUBA;Aus�ncia de rea��o do condutor;Colis�o traseira;Com V�timas Feridas;Plena Noite;Crescente;C�u Claro;Simples;Curva;N�o;6;0;2;0;2;2;2;4;-25,863491;-48,935265;SPRF-PR;DEL01-PR;UOP04-DEL01-PR;;;
740199;20/12/2025;s�bado;06:10:00;MG;40;700,3;BARBACENA;Acessar a via sem observar a presen�a dos outros ve�culos;Colis�o transversal;Com V�timas Feridas;Amanhecer;Decrescente;Nublado;Dupla;Interse��o de Vias;Sim;2;0;0;1;1;0;1;2;-21,20805999;-43,74953055;SPRF-MG;DEL05-MG;UOP02-DEL05-MG;;;
740205;20/12/2025;s�bado;06:30:00;PR;369;156;LONDRINA;Rea��o tardia ou ineficiente do condutor;Colis�o traseira;Com V�timas Feridas;Pleno dia;Crescente;C�u Claro;Dupla;Reta;Sim;4;0;1;0;3;0;1;2;-23,29117985;-51,21789694;SPRF-PR;DEL07-PR;UOP01-DEL07-PR;;;
740206;20/12/2025;s�bado;05:00:00;MG;381;678,6;PERDOES;Frear bruscamente;Tombamento;Com V�timas Feridas;Amanhecer;Decrescente;Chuva;Dupla;"Reta;Declive";N�o;2;0;1;0;0;1;1;2;-21,117;-45,094;SPRF-MG;DEL04-MG;UOP02-DEL04-MG;;;
740210;19/12/2025;sexta-feira;23:00:00;MG;381;649;SANTO ANTONIO DO AMPARO;Aus�ncia de rea��o do condutor;Colis�o traseira;Com V�timas Feridas;Plena Noite;Crescente;Chuva;Dupla;Reta;N�o;2;0;1;0;0;1;1;2;-20,957335;-44,9026;SPRF-MG;DEL04-MG;UOP02-DEL04-MG;;;
740227;20/12/2025;s�bado;08:10:00;GO;153;609;MORRINHOS;Avarias e/ou desgaste excessivo no pneu;Inc�ndio;Com V�timas Feridas;Pleno dia;Decrescente;Nublado;Dupla;Reta;N�o;2;0;1;0;0;1;1;2;-17,6261634;-49,177998;SPRF-GO;DEL03-GO;UOP01-DEL03-GO;;;
740229;20/12/2025;s�bado;08:00:00;SC;101;124;ITAJAI;Acessar a via sem observar a presen�a dos outros ve�culos;Colis�o traseira;Com V�timas Feridas;Pleno dia;Crescente;C�u Claro;M�ltipla;Reta;Sim;6;0;2;0;4;0;2;2;-26,94063376;-48,69497728;SPRF-SC;DEL04-SC;UOP04-DEL04-SC;;;
740234;20/12/2025;s�bado;09:10:00;GO;50;197;CAMPO ALEGRE DE GOIAS;Demais falhas mec�nicas ou el�tricas;Inc�ndio;Sem V�timas;Pleno dia;Decrescente;C�u Claro;Dupla;Reta;N�o;2;0;0;0;1;1;0;2;-17,54607384;-47,73010254;SPRF-GO;DEL06-GO;UOP01-DEL06-GO;;;
740237;20/12/2025;s�bado;09:00:00;MG;381;788,5;SAO GONCALO DO SAPUCAI;Rea��o tardia ou ineficiente do condutor;Colis�o traseira;Com V�timas Feridas;Pleno dia;Crescente;Nublado;Dupla;Reta;N�o;4;0;1;0;2;1;1;3;-21,93795023;-45,60974121;SPRF-MG;DEL16-MG;UOP02-DEL16-MG;;;
740238;08/12/2025;segunda-feira;20:05:00;RJ;493;115;ITAGUAI;Rea��o tardia ou ineficiente do condutor;Colis�o traseira;Sem V�timas;Plena Noite;Crescente;C�u Claro;Dupla;Reta;N�o;4;0;0;0;3;1;0;3;-22,83283252;-43,80901337;SPRF-RJ;DEL03-RJ;UOP01-DEL03-RJ;;;
740245;20/12/2025;s�bado;09:15:00;PE;101;63;RECIFE;Aus�ncia de rea��o do condutor;Colis�o lateral mesmo sentido;Com V�timas Feridas;Pleno dia;Decrescente;C�u Claro;Dupla;Reta;N�o;3;0;0;1;1;1;1;3;-8,01324;-34,93867;SPRF-PE;DEL01-PE;UOP01-DEL01-PE;;;
740249;20/12/2025;s�bado;10:00:00;PR;376;624;SAO JOSE DOS PINHAIS;Velocidade Incompat�vel;Eventos at�picos;Com V�timas Feridas;Pleno dia;Crescente;Sol;Dupla;Curva;N�o;2;0;0;1;0;1;1;2;-25,65823885;-49,15592194;SPRF-PR;DEL01-PR;UOP04-DEL01-PR;;;
740276;20/12/2025;s�bado;09:35:00;RS;290;517,9;ROSARIO DO SUL;Aus�ncia de rea��o do condutor;Colis�o lateral sentido oposto;Com V�timas Feridas;Pleno dia;Crescente;C�u Claro;Simples;Reta;N�o;3;0;1;0;1;1;1;3;-30,1169522;-55,26173338;SPRF-RS;DEL11-RS;UOP02-DEL11-RS;;;
740277;20/12/2025;s�bado;12:20:00;SP;153;62,7;SAO JOSE DO RIO PRETO;Condutor deixou de manter dist�ncia do ve�culo da frente;Colis�o traseira;Com V�timas Feridas;Pleno dia;Crescente;C�u Claro;Dupla;Reta;Sim;6;0;5;0;1;0;5;2;-20,78961873;-49,35431957;SPRF-SP;DEL09-SP;UOP01-DEL09-SP;;;
740288;20/12/2025;s�bado;11:10:00;CE;116;158,2;RUSSAS;Ultrapassagem Indevida;Colis�o traseira;Com V�timas Feridas;Pleno dia;Decrescente;C�u Claro;Simples;Reta;N�o;8;0;0;5;2;1;5;4;-5,01004756;-37,9954809;SPRF-CE;DEL03-CE;UOP01-DEL03-CE;;;
740298;20/12/2025;s�bado;12:40:00;AL;101;172,4;TEOTONIO VILELA;Rea��o tardia ou ineficiente do condutor;Colis�o traseira;Com V�timas Feridas;Pleno dia;Crescente;C�u Claro;Dupla;Reta;N�o;4;0;1;0;3;0;1;2;-9,912507;-36,3334761;SPRF-AL;DEL02-AL;UOP02-DEL02-AL;;;
740299;20/12/2025;s�bado;12:30:00;MT;364;187;RONDONOPOLIS;Aus�ncia de rea��o do condutor;Colis�o lateral sentido oposto;Com V�timas Feridas;Pleno dia;Decrescente;Nublado;Simples;Reta;N�o;5;0;2;0;2;1;2;3;-16,579092;-54,529514;SPRF-MT;DEL02-MT;UOP01-DEL02-MT;;;
740302;20/12/2025;s�bado;13:30:00;BA;324;529;FEIRA DE SANTANA;Aus�ncia de rea��o do condutor;Colis�o lateral mesmo sentido;Sem V�timas;Pleno dia;Crescente;C�u Claro;Dupla;Reta;Sim;3;0;0;0;2;1;0;2;-12,33672348;-38,85051548;SPRF-BA;DEL01-BA;UOP03-DEL01-BA;;;
740303;20/12/2025;s�bado;08:30:00;BA;242;516;OLIVEIRA DOS BREJINHOS;Rea��o tardia ou ineficiente do condutor;Colis�o traseira;Com V�timas Feridas;Pleno dia;Crescente;C�u Claro;Simples;Reta;N�o;4;0;1;0;2;2;1;4;-12,32104;-42,57743;SPRF-BA;DEL06-BA;UOP01-DEL06-BA;;;
740307;20/12/2025;s�bado;14:00:00;SC;101;101;BALNEARIO PICARRAS;Condutor deixou de manter dist�ncia do ve�culo da frente;Colis�o traseira;Com V�timas Feridas;Pleno dia;Crescente;C�u Claro;Dupla;Reta;N�o;3;0;1;0;2;0;1;2;-26,76492403;-48,68659973;SPRF-SC;DEL03-SC;UOP02-DEL03-SC;;;
740308;20/12/2025;s�bado;10:20:00;BA;101;511;ITABUNA;Pista Escorregadia;Colis�o lateral sentido oposto;Com V�timas Feridas;Pleno dia;Decrescente;Chuva;Simples;Curva;N�o;5;0;0;1;3;1;1;3;-14,854483;-39,280163;SPRF-BA;DEL05-BA;UOP01-DEL05-BA;;;
740311;20/12/2025;s�bado;13:50:00;SP;116;282;EMBU DAS ARTES;Rea��o tardia ou ineficiente do condutor;Colis�o lateral mesmo sentido;Com V�timas Feridas;Pleno dia;Crescente;C�u Claro;Dupla;Reta;Sim;2;0;0;1;0;1;1;2;-23,66187388;-46,85295194;SPRF-SP;DEL04-SP;UOP01-DEL04-SP;;;
740312;20/12/2025;s�bado;14:35:00;SP;381;51,9;ATIBAIA;Problema com o freio;Colis�o traseira;Com V�timas Feridas;Pleno dia;Decrescente;C�u Claro;Dupla;"Curva;Declive";N�o;7;0;2;0;5;0;2;5;-23,23295559;-46,60185512;SPRF-SP;DEL03-SP;UOP01-DEL03-SP;;;
740328;07/11/2025;sexta-feira;17:38:00;PA;163;313;NOVO PROGRESSO;Rea��o tardia ou ineficiente do condutor;Colis�o traseira;Sem V�timas;Pleno dia;Decrescente;C�u Claro;Simples;Reta;N�o;2;0;0;0;0;2;0;2;-7,02540781;-55,42061806;SPRF-PA;DEL05-PA;UOP03-DEL05-PA;;;
740345;20/12/2025;s�bado;16:50:00;MA;316;578;CAXIAS;Rea��o tardia ou ineficiente do condutor;Colis�o traseira;Com V�timas Feridas;Pleno dia;Decrescente;Nublado;Simples;Reta;N�o;3;0;1;0;1;1;1;3;-4,95185;-43,13664;SPRF-MA;DEL03-MA;UOP02-DEL03-MA;;;
740351;20/12/2025;s�bado;16:00:00;MA;10;324;ACAILANDIA;Transitar na contram�o;Colis�o frontal;Sem V�timas;Anoitecer;Crescente;Garoa/Chuvisco;Simples;Reta;Sim;2;0;0;0;2;0;0;2;-4,91503;-47,50636;SPRF-MA;DEL04-MA;UOP03-DEL04-MA;;;
740352;20/12/2025;s�bado;17:00:00;RS;116;253;SAPUCAIA DO SUL;Aus�ncia de rea��o do condutor;Colis�o traseira;Com V�timas Feridas;Pleno dia;Crescente;C�u Claro;M�ltipla;"Aclive;Reta;Viaduto";Sim;4;0;2;0;1;1;2;4;-29,8156969;-51,1694824;SPRF-RS;DEL01-RS;UOP02-DEL01-RS;;;
740359;20/12/2025;s�bado;16:30:00;MS;163;724;COXIM;Aus�ncia de rea��o do condutor;Sa�da de leito carro��vel;Sem V�timas;Pleno dia;Crescente;Nublado;Simples;Reta;N�o;2;0;0;0;1;2;0;3;-18,54987764;-54,7494328;SPRF-MS;DEL06-MS;UOP01-DEL06-MS;;;
740362;20/12/2025;s�bado;17:30:00;PE;423;22,1;SAO CAITANO;Rea��o tardia ou ineficiente do condutor;Colis�o lateral sentido oposto;Com V�timas Fatais;Pleno dia;Crescente;C�u Claro;Simples;Curva;N�o;17;1;8;2;5;1;10;3;-8,353197;-36,171607;SPRF-PE;DEL03-PE;UOP02-DEL03-PE;;;
740363;20/12/2025;s�bado;17:10:00;SP;116;537;BARRA DO TURVO;Velocidade Incompat�vel;Tombamento;Com V�timas Feridas;Pleno dia;Decrescente;C�u Claro;Dupla;Reta;N�o;3;0;0;1;1;2;1;4;-24,97128332;-48,37970996;SPRF-SP;DEL05-SP;UOP02-DEL05-SP;;;
740366;20/12/2025;s�bado;18:20:00;PR;153;337,9;IRATI;Aus�ncia de rea��o do condutor;Colis�o lateral sentido oposto;Com V�timas Feridas;Pleno dia;Decrescente;C�u Claro;Simples;Reta;Sim;3;0;1;0;1;1;1;3;-25,520668;-50,654248;SPRF-PR;DEL08-PR;UOP02-DEL08-PR;;;
740367;20/12/2025;s�bado;18:30:00;SC;153;101,1;CONCORDIA;Ultrapassagem Indevida;Colis�o frontal;Com V�timas Feridas;Anoitecer;Crescente;C�u Claro;Simples;Reta;N�o;3;0;1;0;1;1;1;3;-27,25977029;-51,95395947;SPRF-SC;DEL07-SC;UOP04-DEL07-SC;;;
740369;20/12/2025;s�bado;15:17:00;RN;226;296,8;AUGUSTO SEVERO;Transitar na contram�o;Colis�o lateral sentido oposto;Com V�timas Feridas;Pleno dia;Decrescente;C�u Claro;Simples;Reta;N�o;3;0;0;1;1;2;1;4;-5,921396;-37,348088;SPRF-RN;DEL04-RN;UOP01-DEL04-RN;;;
740371;20/12/2025;s�bado;16:40:00;MS;163;774;COXIM;Ultrapassagem Indevida;Tombamento;Com V�timas Feridas;Pleno dia;Crescente;C�u Claro;Simples;Reta;N�o;2;0;1;0;0;2;1;3;-18,144512;-54,682398;SPRF-MS;DEL06-MS;UOP01-DEL06-MS;;;
740373;20/12/2025;s�bado;18:50:00;BA;116;747,6;POCOES;Transitar na contram�o;Colis�o lateral sentido oposto;Com V�timas Fatais;Plena Noite;Decrescente;C�u Claro;Simples;"Curva;Declive";N�o;6;1;1;2;1;2;3;4;-14,457498;-40,344635;SPRF-BA;DEL08-BA;UOP02-DEL08-BA;;;
740383;20/12/2025;s�bado;19:35:00;PR;277;6,7;PARANAGUA;Velocidade Incompat�vel;Colis�o lateral sentido oposto;Com V�timas Feridas;Plena Noite;Crescente;Nublado;Simples;"Declive;Curva";N�o;2;0;1;0;1;0;1;2;-25,5606123;-48,5828657;SPRF-PR;DEL01-PR;UOP05-DEL01-PR;;;
740386;20/12/2025;s�bado;17:50:00;PR;277;139,9;BALSA NOVA;Condutor deixou de manter dist�ncia do ve�culo da frente;Colis�o traseira;Sem V�timas;Pleno dia;Decrescente;Sol;M�ltipla;Reta;Sim;3;0;0;0;2;4;0;6;-25,471896;-49,662246;SPRF-PR;DEL03-PR;UOP03-DEL03-PR;;;
740387;20/12/2025;s�bado;17:50:00;MS;158;328;BRASILANDIA;Aus�ncia de rea��o do condutor;Colis�o traseira;Com V�timas Feridas;Anoitecer;Crescente;C�u Claro;Simples;Reta;N�o;4;0;1;0;2;2;1;4;-21,168511;-51,979616;SPRF-MS;DEL07-MS;UOP01-DEL07-MS;;;
740391;20/12/2025;s�bado;20:30:00;PR;116;71;QUATRO BARRAS;Acessar a via sem observar a presen�a dos outros ve�culos;Colis�o lateral mesmo sentido;Com V�timas Fatais;Plena Noite;Crescente;C�u Claro;Dupla;"Interse��o de Vias;Curva";N�o;3;1;0;0;1;1;0;3;-25,34463732;-49,04383588;SPRF-PR;DEL01-PR;UOP02-DEL01-PR;;;
740400;20/12/2025;s�bado;13:25:00;MG;116;148;PONTO DOS VOLANTES;Rea��o tardia ou ineficiente do condutor;Colis�o traseira;Com V�timas Feridas;Pleno dia;Decrescente;C�u Claro;Simples;"Declive;Reta";N�o;7;0;5;0;1;1;5;3;-16,835437;-41,478705;SPRF-MG;DEL11-MG;UOP02-DEL11-MG;;;
740401;20/12/2025;s�bado;17:40:00;MA;226;24,6;TIMON;Transitar no Acostamento;Colis�o lateral mesmo sentido;Com V�timas Feridas;Pleno dia;Crescente;C�u Claro;Simples;Reta;Sim;2;0;0;1;1;0;1;2;-5,09354;-43,02416;SPRF-MA;DEL03-MA;UOP02-DEL03-MA;;;
740407;20/12/2025;s�bado;19:30:00;PR;153;519,1;GENERAL CARNEIRO;Velocidade Incompat�vel;Colis�o frontal;Com V�timas Fatais;Plena Noite;Decrescente;Nublado;Simples;Curva;N�o;3;2;0;0;1;0;0;2;-26,59233313;-51,4551851;SPRF-PR;DEL02-PR;UOP03-DEL02-PR;;;
740409;20/12/2025;s�bado;18:07:00;SP;116;227;GUARULHOS;Rea��o tardia ou ineficiente do condutor;Tombamento;Com V�timas Feridas;Anoitecer;Decrescente;Nublado;M�ltipla;"Reta;Aclive";Sim;1;0;1;0;0;0;1;1;-23,49865639;-46,56006414;SPRF-SP;DEL01-SP;UOP01-DEL01-SP;;;
740411;20/12/2025;s�bado;17:46:00;SC;282;523,9;XAXIM;Velocidade Incompat�vel;Colis�o lateral sentido oposto;Com V�timas Fatais;Pleno dia;Decrescente;C�u Claro;Simples;"Curva;Aclive";N�o;8;2;2;0;2;3;2;8;-26,96602;-52,55626;SPRF-SC;DEL07-SC;UOP01-DEL07-SC;;;
740415;20/12/2025;s�bado;19:50:00;PR;373;175,5;PONTA GROSSA;Rea��o tardia ou ineficiente do condutor;Colis�o transversal;Sem V�timas;Plena Noite;Decrescente;C�u Claro;Dupla;Reta;Sim;4;0;0;0;3;2;0;4;-25,0633683;-50,2171582;SPRF-PR;DEL03-PR;UOP01-DEL03-PR;;;
740433;20/12/2025;s�bado;21:10:00;SC;101;106,9;PENHA;Pedestre andava na pista;Atropelamento de Pedestre;Com V�timas Fatais;Plena Noite;Decrescente;C�u Claro;Dupla;Curva;N�o;4;1;0;0;1;2;0;3;-26,8180792;-48,6833513;SPRF-SC;DEL03-SC;UOP02-DEL03-SC;;;
740456;21/12/2025;domingo;01:20:00;RJ;116;280;BARRA MANSA;Desrespeitar a prefer�ncia no cruzamento;Colis�o transversal;Com V�timas Feridas;Plena Noite;Crescente;C�u Claro;Simples;"Retorno Regulamentado;Interse��o de Vias";Sim;5;0;3;0;1;1;3;3;-22,53702025;-44,19453112;SPRF-RJ;DEL07-RJ;UOP02-DEL07-RJ;;;
740459;21/12/2025;domingo;03:16:00;PA;316;66,6;CASTANHAL;Manobra de mudan�a de faixa;Colis�o lateral mesmo sentido;Com V�timas Fatais;Plena Noite;Crescente;C�u Claro;Dupla;Reta;Sim;3;1;0;0;1;1;0;3;-1,29507;-47,896427;SPRF-PA;DEL01-PA;UOP01-DEL01-PA;;;
740464;21/12/2025;domingo;03:30:00;MS;163;793;COXIM;Aus�ncia de rea��o do condutor;Colis�o traseira;Com V�timas Fatais;Plena Noite;Crescente;C�u Claro;Simples;Reta;N�o;13;1;5;2;4;2;7;4;-17,979832;-54,678427;SPRF-MS;DEL06-MS;UOP01-DEL06-MS;;;
740479;21/12/2025;domingo;04:10:00;RO;364;346;JI-PARANA;Condutor deixou de manter dist�ncia do ve�culo da frente;Colis�o traseira;Com V�timas Feridas;Plena Noite;Crescente;C�u Claro;Dupla;Reta;Sim;3;0;0;1;1;1;1;3;-10,866583;-61,967603;SPRF-RO;DEL02-RO;UOP01-DEL02-RO;;;
740490;21/12/2025;domingo;05:00:00;RS;101;45;TERRA DE AREIA;Aus�ncia de rea��o do condutor;Colis�o com objeto;Com V�timas Feridas;Amanhecer;Crescente;C�u Claro;Dupla;Reta;Sim;2;0;1;0;0;1;1;2;-29,5714635;-50,0589817;SPRF-RS;DEL03-RS;UOP02-DEL03-RS;;;
740499;21/12/2025;domingo;01:30:00;MG;381;567;ITAGUARA;Manobra de mudan�a de faixa;Colis�o lateral mesmo sentido;Com V�timas Feridas;Plena Noite;Decrescente;Nublado;Dupla;Curva;N�o;7;0;2;0;4;1;2;3;-20,402478;-44,51234;SPRF-MG;DEL04-MG;UOP03-DEL04-MG;;;
740516;21/12/2025;domingo;06:45:00;GO;153;161,9;CAMPINORTE;Ingest�o de �lcool pelo condutor;Colis�o lateral sentido oposto;Com V�timas Feridas;Pleno dia;Crescente;Nublado;Simples;Reta;N�o;5;0;1;0;3;1;1;3;-14,1866269;-49,18850899;SPRF-GO;DEL07-GO;UOP02-DEL07-GO;;;
740518;21/12/2025;domingo;06:00:00;MT;70;672;POCONE;Rea��o tardia ou ineficiente do condutor;Colis�o lateral sentido oposto;Com V�timas Feridas;Pleno dia;Decrescente;Chuva;Simples;Reta;N�o;9;0;2;1;5;1;3;4;-15,9428076;-57,0795687;SPRF-MT;DEL03-MT;UOP02-DEL03-MT;;;
740524;21/12/2025;domingo;09:20:00;PR;277;245,9;IRATI;Condutor deixou de manter dist�ncia do ve�culo da frente;Colis�o traseira;Com V�timas Feridas;Pleno dia;Decrescente;C�u Claro;Simples;"Declive;Reta";Sim;16;0;1;0;15;0;1;4;-25,45505496;-50,62156677;SPRF-PR;DEL08-PR;UOP02-DEL08-PR;;;
740527;21/12/2025;domingo;09:35:00;MG;381;313;NOVA ERA;Transitar na contram�o;Colis�o frontal;Com V�timas Fatais;Pleno dia;Decrescente;Sol;Simples;"Declive;Reta";N�o;3;1;0;0;1;1;0;3;-19,674342;-42,974243;SPRF-MG;DEL03-MG;UOP02-DEL03-MG;;;
740552;21/12/2025;domingo;09:30:00;MT;364;130;PEDRA PRETA;Aus�ncia de rea��o do condutor;Engavetamento;Com V�timas Feridas;Pleno dia;Crescente;C�u Claro;Simples;Reta;N�o;7;0;2;0;4;1;2;5;-16,78316398;-54,16195339;SPRF-MT;DEL02-MT;UOP01-DEL02-MT;;;
740555;21/12/2025;domingo;13:20:00;MG;381;438,2;SANTA LUZIA;Condutor Dormindo;Sa�da de leito carro��vel;Com V�timas Feridas;Pleno dia;Decrescente;C�u Claro;Simples;Curva;N�o;8;0;1;1;4;2;2;5;-19,815655;-43,801552;SPRF-MG;DEL01-MG;UOP01-DEL01-MG;;;
740557;21/12/2025;domingo;06:00:00;MG;40;143,6;JOAO PINHEIRO;Rea��o tardia ou ineficiente do condutor;Colis�o com objeto;Com V�timas Feridas;Pleno dia;Crescente;C�u Claro;Simples;"Curva;Retorno Regulamentado";Sim;3;0;1;0;1;2;1;4;-17,74837452;-46,17325036;SPRF-MG;DEL14-MG;UOP01-DEL14-MG;;;
740558;21/12/2025;domingo;11:50:00;RO;364;247,6;CACOAL;Transitar na contram�o;Colis�o lateral sentido oposto;Com V�timas Feridas;Pleno dia;Decrescente;C�u Claro;Simples;"Reta;Declive";N�o;3;0;0;1;1;3;1;5;-11,438738;-61,53884;SPRF-RO;DEL02-RO;UOP02-DEL02-RO;;;
740561;21/04/2025;segunda-feira;13:35:00;SC;282;424,4;VARGEM BONITA;Aus�ncia de rea��o do condutor;Colis�o frontal;Com V�timas Feridas;Pleno dia;Crescente;C�u Claro;Dupla;"Declive;Curva";N�o;3;0;0;1;2;0;1;3;-26,99225;-51,751907;SPRF-SC;DEL07-SC;UOP05-DEL07-SC;;;
740565;21/12/2025;domingo;12:10:00;BA;410;35;TUCANO;Condutor Dormindo;Tombamento;Com V�timas Feridas;Pleno dia;Decrescente;Sol;Simples;"Curva;Em Obras";N�o;1;0;1;0;0;0;1;1;-10,988675;-38,797099;SPRF-BA;DEL07-BA;UOP02-DEL07-BA;;;
740581;21/12/2025;domingo;13:45:00;BA;116;644;JAGUAQUARA;Transitar na contram�o;Colis�o frontal;Com V�timas Feridas;Pleno dia;Crescente;C�u Claro;Simples;Curva;N�o;10;0;5;0;4;1;5;4;-13,60924;-40,0907;SPRF-BA;DEL03-BA;UOP01-DEL03-BA;;;
740586;21/12/2025;domingo;13:30:00;MA;135;17;SAO LUIS;Rea��o tardia ou ineficiente do condutor;Sa�da de leito carro��vel;Sem V�timas;Pleno dia;Crescente;Chuva;Dupla;"Declive;Curva";Sim;1;0;0;0;1;0;0;1;-2,71404255;-44,31888747;SPRF-MA;DEL01-MA;UOP01-DEL01-MA;;;
740589;21/12/2025;domingo;15:50:00;RJ;116;131;MAGE;Rea��o tardia ou ineficiente do condutor;Colis�o frontal;Com V�timas Feridas;Pleno dia;Decrescente;C�u Claro;Simples;"Viaduto;Curva";N�o;4;0;1;0;3;0;1;2;-22,65625271;-43,12780518;SPRF-RJ;DEL04-RJ;UOP02-DEL04-RJ;;;
740592;21/12/2025;domingo;15:50:00;RS;116;312;GUAIBA;Demais falhas mec�nicas ou el�tricas;Inc�ndio;Sem V�timas;Pleno dia;Crescente;Nublado;Dupla;Reta;N�o;2;0;0;0;1;1;0;2;-30,18384755;-51,39651865;SPRF-RS;DEL02-RS;UOP01-DEL02-RS;;;
740595;21/12/2025;domingo;14:00:00;MT;364;351;SANTO ANTONIO DO LEVERGER;Rea��o tardia ou ineficiente do condutor;Sa�da de leito carro��vel;Com V�timas Feridas;Pleno dia;Crescente;C�u Claro;Dupla;"Reta;Declive";N�o;1;0;1;0;0;0;1;1;-15,797;-55,596;SPRF-MT;DEL05-MT;UOP02-DEL05-MT;;;
740600;21/12/2025;domingo;16:36:00;PE;101;31;ITAPISSUMA;Ingest�o de �lcool pelo condutor;Colis�o traseira;Com V�timas Feridas;Pleno dia;Crescente;C�u Claro;Dupla;"Reta;Declive";Sim;3;0;1;0;1;1;1;3;-7,74838112;-34,93724998;SPRF-PE;DEL01-PE;UOP02-DEL01-PE;;;
740608;21/12/2025;domingo;16:10:00;PB;230;458;SOUSA;Acessar a via sem observar a presen�a dos outros ve�culos;Colis�o transversal;Com V�timas Fatais;Pleno dia;Decrescente;C�u Claro;Simples;Reta;Sim;2;1;0;0;1;0;0;2;-6,77786;-38,221605;SPRF-PB;DEL03-PB;UOP03-DEL03-PB;;;
740610;21/12/2025;domingo;16:19:00;MS;163;486;CAMPO GRANDE;Acessar a via sem observar a presen�a dos outros ve�culos;Colis�o transversal;Com V�timas Feridas;Pleno dia;Crescente;C�u Claro;Simples;"Declive;Curva";N�o;6;0;0;4;1;2;4;4;-20,420674;-54,546392;SPRF-MS;DEL01-MS;UOP02-DEL01-MS;;;
740617;21/12/2025;domingo;16:09:00;MG;381;702,2;LAVRAS;Suic�dio (presumido);Atropelamento de Pedestre;Com V�timas Fatais;Pleno dia;Decrescente;C�u Claro;Dupla;"Reta;Declive";N�o;3;1;0;0;1;1;0;3;-21,301436;-45,152834;SPRF-MG;DEL04-MG;UOP02-DEL04-MG;;;
740630;17/12/2025;quarta-feira;06:50:00;SC;282;404,9;JOACABA;Acessar a via sem observar a presen�a dos outros ve�culos;Colis�o traseira;Com V�timas Feridas;Pleno dia;Crescente;Sol;Simples;Reta;N�o;2;0;1;0;1;0;1;2;-27,1042143;-51,6449428;SPRF-SC;DEL07-SC;UOP05-DEL07-SC;;;
740634;21/12/2025;domingo;15:20:00;RJ;101;180;RIO DAS OSTRAS;Carga excessiva e/ou mal acondicionada;Tombamento;Com V�timas Feridas;Pleno dia;Crescente;C�u Claro;Simples;Curva;N�o;2;0;1;0;0;1;1;2;-22,423588;-42,005938;SPRF-RJ;DEL08-RJ;UOP04-DEL08-RJ;;;
740642;21/12/2025;domingo;19:30:00;MG;40;285;TRES MARIAS;Ingest�o de �lcool pelo condutor;Colis�o lateral mesmo sentido;Sem V�timas;Plena Noite;Crescente;C�u Claro;Simples;Reta;N�o;3;0;0;0;2;1;0;2;-18,24875273;-45,17359257;SPRF-MG;DEL14-MG;UOP02-DEL14-MG;;;
740651;21/12/2025;domingo;13:00:00;MT;364;4;ALTO ARAGUAIA;Transitar na contram�o;Colis�o lateral sentido oposto;Com V�timas Feridas;Pleno dia;Decrescente;Nublado;Simples;"Declive;Curva";N�o;4;0;2;0;1;3;2;5;-17,30584138;-53,23085099;SPRF-MT;DEL02-MT;UOP02-DEL02-MT;;;
740653;21/12/2025;domingo;18:45:00;PR;376;202,9;MANDAGUARI;Demais falhas mec�nicas ou el�tricas;Inc�ndio;Sem V�timas;Pleno dia;Decrescente;C�u Claro;Dupla;Aclive;N�o;2;0;0;0;1;2;0;3;-23,516026;-51,717622;SPRF-PR;DEL09-PR;UOP01-DEL09-PR;;;
740655;21/12/2025;domingo;20:40:00;SC;470;86,8;RODEIO;Aus�ncia de rea��o do condutor;Colis�o lateral sentido oposto;Sem V�timas;Pleno dia;Crescente;C�u Claro;Simples;"Curva;Ponte";N�o;3;0;0;0;2;2;0;4;-26,94806229;-49,36584083;SPRF-SC;DEL04-SC;UOP01-DEL04-SC;;;
740661;21/12/2025;domingo;20:59:00;TO;153;145;ARAGUAINA;Estacionar ou parar em local proibido;Colis�o frontal;Com V�timas Feridas;Plena Noite;Crescente;C�u Claro;Dupla;"Reta;Declive";Sim;2;0;0;1;1;0;1;2;-7,202652;-48,2398;SPRF-TO;DEL02-TO;UOP01-DEL02-TO;;;
740673;21/12/2025;domingo;19:00:00;BA;101;234;SAPEACU;Ultrapassagem Indevida;Colis�o lateral sentido oposto;Com V�timas Fatais;Plena Noite;Crescente;C�u Claro;Simples;Reta;N�o;2;1;0;0;0;1;0;2;-12,75231311;-39,18440676;SPRF-BA;DEL01-BA;UOP02-DEL01-BA;;;
740676;21/12/2025;domingo;17:30:00;MA;230;402;BALSAS;Aus�ncia de rea��o do condutor;Colis�o com objeto;Com V�timas Fatais;Pleno dia;Decrescente;Nublado;Simples;Reta;Sim;4;1;0;0;2;1;0;3;-7,512296;-46,033282;SPRF-MA;DEL05-MA;UOP01-DEL05-MA;;;
740688;21/12/2025;domingo;20:45:00;BA;116;787,2;PLANALTO;Acessar a via sem observar a presen�a dos outros ve�culos;Colis�o transversal;Com V�timas Feridas;Plena Noite;Decrescente;Nublado;Simples;Reta;N�o;4;0;2;0;1;1;2;2;-14,69239;-40,56757;SPRF-BA;DEL08-BA;UOP02-DEL08-BA;;;