id;data_inversa;dia_semana;horario;uf;br;km;municipio;causa_acidente;tipo_acidente;classificacao_acidente;fase_dia;sentido_via;condicao_metereologica;tipo_pista;tracado_via;uso_solo;pessoas;mortos;feridos_leves;feridos_graves;ilesos;ignorados;feridos;veiculos;latitude;longitude;regional;delegacia;uop;;;
741448;25/12/2025;quinta-feira;00:15:00;PR;277;684,1;SAO MIGUEL DO IGUACU;Ilumina��o deficiente;Colis�o traseira;Com V�timas Feridas;Pleno dia;Decrescente;C�u Claro;Dupla;Reta;N�o;3;0;1;0;2;0;1;3;-25,33378638;-54,19315338;SPRF-PR;DEL05-PR;UOP01-DEL05-PR;;;
741461;25/12/2025;quinta-feira;02:11:00;PA;163;104;ALTAMIRA;Aus�ncia de rea��o do condutor;Sa�da de leito carro��vel;Sem V�timas;Plena Noite;Crescente;C�u Claro;Simples;"Curva;Declive";N�o;1;0;0;0;0;1;0;1;-8,72704185;-54,97260801;SPRF-MT;DEL06-MT;UOP03-DEL06-MT;;;
741462;25/12/2025;quinta-feira;04:00:00;MT;70;5;BARRA DO GARCAS;Ingest�o de �lcool pelo condutor;Colis�o lateral sentido oposto;Com V�timas Feridas;Plena Noite;Crescente;C�u Claro;Simples;"Interse��o de Vias;Reta";Sim;5;0;2;0;2;1;2;4;-15,8854589;-52,2706597;SPRF-MT;DEL07-MT;UOP01-DEL07-MT;;;
741467;25/12/2025;quinta-feira;04:10:00;SP;116;79,3;ROSEIRA;Ingest�o de �lcool pelo condutor;Colis�o lateral mesmo sentido;Com V�timas Feridas;Plena Noite;Crescente;C�u Claro;Dupla;Reta;N�o;3;0;2;0;1;0;2;2;-22,895608;-45,297116;SPRF-SP;DEL08-SP;UOP01-DEL08-SP;;;
741477;25/12/2025;quinta-feira;06:00:00;MG;262;473,8;BOM DESPACHO;Ingest�o de �lcool pelo condutor;Colis�o traseira;Sem V�timas;Pleno dia;Decrescente;Sol;Simples;Reta;N�o;3;0;0;0;2;1;0;2;-19,7858;-45,29048;SPRF-MG;DEL08-MG;UOP03-DEL08-MG;;;
741480;25/12/2025;quinta-feira;03:30:00;SC;116;108;MONTE CASTELO;Condutor Dormindo;Tombamento;Com V�timas Feridas;Plena Noite;Decrescente;C�u Claro;Simples;Declive;N�o;2;0;2;0;0;0;2;1;-26,753284;-50,332581;SPRF-SC;DEL06-SC;UOP02-DEL06-SC;;;
741482;25/12/2025;quinta-feira;07:40:00;SE;101;81;LARANJEIRAS;Ingest�o de �lcool pelo condutor;Colis�o traseira;Com V�timas Feridas;Pleno dia;Crescente;Nublado;Dupla;Reta;N�o;4;0;1;0;2;1;1;3;-10,8121;-37,1288;SPRF-SE;DEL01-SE;UOP01-DEL01-SE;;;
741491;25/12/2025;quinta-feira;08:35:00;MG;381;488;BETIM;Ingest�o de �lcool pelo condutor;Colis�o traseira;Com V�timas Feridas;Pleno dia;Decrescente;C�u Claro;Dupla;Reta;Sim;3;0;0;1;1;1;1;3;-19,956567;-44,127068;SPRF-MG;DEL01-MG;UOP03-DEL01-MG;;;
741497;25/12/2025;quinta-feira;08:45:00;PR;376;668;GUARATUBA;Condutor Dormindo;Colis�o traseira;Com V�timas Feridas;Pleno dia;Crescente;C�u Claro;Dupla;Reta;N�o;4;0;0;1;2;1;1;3;-25,86422269;-48,93769138;SPRF-PR;DEL01-PR;UOP04-DEL01-PR;;;
741499;25/12/2025;quinta-feira;08:30:00;MG;262;43,8;MANHUACU;Transitar na contram�o;Colis�o frontal;Com V�timas Feridas;Pleno dia;Crescente;Sol;Simples;Curva;N�o;3;0;1;0;1;2;1;4;-20,259474;-42,096423;SPRF-MG;DEL06-MG;UOP03-DEL06-MG;;;
741502;25/12/2025;quinta-feira;09:48:00;SP;381;87;GUARULHOS;Acessar a via sem observar a presen�a dos outros ve�culos;Colis�o lateral mesmo sentido;Sem V�timas;Pleno dia;Decrescente;C�u Claro;M�ltipla;Curva;Sim;2;0;0;0;1;1;0;2;-23,474371;-46,561092;SPRF-SP;DEL03-SP;UOP01-DEL03-SP;;;
741526;25/12/2025;quinta-feira;10:15:00;RS;285;1,6;SAO BORJA;Suic�dio (presumido);Colis�o lateral sentido oposto;Sem V�timas;Pleno dia;Crescente;Chuva;Simples;Curva;N�o;3;0;0;0;2;1;0;3;-28,652205;-55,979338;SPRF-RS;DEL12-RS;UOP01-DEL12-RS;;;
741532;25/12/2025;quinta-feira;10:30:00;MT;163;1102;GUARANTA DO NORTE;Velocidade Incompat�vel;Tombamento;Com V�timas Feridas;Pleno dia;Crescente;C�u Claro;Simples;"Declive;Curva";N�o;6;0;3;0;1;3;3;5;-9,64890014;-54,87267494;SPRF-MT;DEL06-MT;UOP03-DEL06-MT;;;
741534;25/12/2025;quinta-feira;11:47:00;MS;163;175;JUTI;Aus�ncia de rea��o do condutor;Sa�da de leito carro��vel;Com V�timas Fatais;Pleno dia;Decrescente;Sol;Simples;Reta;N�o;2;1;0;0;0;1;0;2;-22,855745;-54,639132;SPRF-MS;DEL09-MS;UOP01-DEL09-MS;;;
741540;13/12/2025;s�bado;12:50:00;BA;116;900,3;CANDIDO SALES;Rea��o tardia ou ineficiente do condutor;Colis�o traseira;Com V�timas Feridas;Pleno dia;Decrescente;Nublado;Simples;Reta;N�o;6;0;1;3;1;1;4;3;-15,43829;-41,22299;SPRF-BA;DEL08-BA;UOP03-DEL08-BA;;;
741545;25/12/2025;quinta-feira;15:15:00;PR;277;12,3;PARANAGUA;Acessar a via sem observar a presen�a dos outros ve�culos;Colis�o transversal;Com V�timas Feridas;Pleno dia;Crescente;C�u Claro;Dupla;"Reta;Retorno Regulamentado";N�o;6;0;2;1;3;0;3;2;-25,562973;-48,6385;SPRF-PR;DEL01-PR;UOP05-DEL01-PR;;;
741559;25/12/2025;quinta-feira;15:30:00;MG;381;379,9;SAO GONCALO DO RIO ABAIXO;Condutor Dormindo;Colis�o traseira;Com V�timas Feridas;Pleno dia;Decrescente;Sol;Simples;Reta;N�o;3;0;1;0;1;1;1;3;-19,820136;-43,390261;SPRF-MG;DEL01-MG;UOP01-DEL01-MG;;;
741566;25/12/2025;quinta-feira;16:45:00;MG;262;435;NOVA SERRANA;Manobra de mudan�a de faixa;Colis�o com objeto;Com V�timas Feridas;Pleno dia;Crescente;C�u Claro;Dupla;Reta;Sim;3;0;2;0;1;0;2;2;-19,87554876;-44,94845867;SPRF-MG;DEL08-MG;UOP03-DEL08-MG;;;
741569;25/12/2025;quinta-feira;17:01:00;DF;70;17,5;BRASILIA;Aus�ncia de rea��o do condutor;Colis�o traseira;Com V�timas Feridas;Pleno dia;Crescente;C�u Claro;Dupla;"Retorno Regulamentado;Reta";Sim;3;0;1;0;1;2;1;4;-15,79222;-48,2075;SPRF-DF;DEL03-DF;UOP02-DEL03-DF;;;
741580;25/12/2025;quinta-feira;11:30:00;MA;222;640;ACAILANDIA;Curva acentuada;Tombamento;Sem V�timas;Pleno dia;Decrescente;Nublado;Simples;Curva;N�o;2;0;0;0;0;2;0;2;-4,79914;-47,22818;SPRF-MA;DEL04-MA;UOP03-DEL04-MA;;;
741587;25/12/2025;quinta-feira;17:50:00;GO;153;199;URUACU;Condutor deixou de manter dist�ncia do ve�culo da frente;Colis�o traseira;Com V�timas Feridas;Pleno dia;Crescente;Nublado;Simples;Curva;Sim;3;0;1;0;1;1;1;3;-14,52423;-49,158792;SPRF-GO;DEL07-GO;UOP02-DEL07-GO;;;
741608;25/12/2025;quinta-feira;20:00:00;MG;262;153,4;SAO DOMINGOS DO PRATA;Velocidade Incompat�vel;Colis�o com objeto;Com V�timas Feridas;Plena Noite;Decrescente;C�u Claro;Simples;"Ponte;Declive;Curva";N�o;1;0;1;0;0;0;1;1;-19,98838805;-42,79136002;SPRF-MG;DEL03-MG;UOP03-DEL03-MG;;;
741618;25/12/2025;quinta-feira;19:50:00;MA;10;295;SAO FRANCISCO DO BREJAO;Defici�ncia do Sistema de Ilumina��o/Sinaliza��o;Colis�o traseira;Com V�timas Feridas;Plena Noite;Crescente;C�u Claro;Simples;"Reta;Aclive";N�o;2;0;1;0;1;0;1;2;-5,154906;-47,539066;SPRF-MA;DEL04-MA;UOP01-DEL04-MA;;;
741619;25/12/2025;quinta-feira;20:15:00;MG;50;53;ARAGUARI;Demais falhas mec�nicas ou el�tricas;Inc�ndio;Sem V�timas;Plena Noite;Decrescente;C�u Claro;Dupla;Reta;N�o;2;0;0;0;1;1;0;2;-18,766317;-48,244444;SPRF-MG;DEL15-MG;UOP02-DEL15-MG;;;
741620;20/12/2025;s�bado;03:20:00;BA;101;20,9;RIO REAL;Demais falhas mec�nicas ou el�tricas;Inc�ndio;Sem V�timas;Plena Noite;Crescente;Ignorado;Dupla;Reta;N�o;2;0;0;0;1;1;0;2;-11,6664616;-37,89672098;SPRF-SE;DEL02-SE;UOP03-DEL02-SE;;;
741636;25/12/2025;quinta-feira;23:10:00;PR;376;658,4;TIJUCAS DO SUL;Condutor Dormindo;Sa�da de leito carro��vel;Com V�timas Feridas;Plena Noite;Crescente;Nublado;Simples;Aclive;N�o;4;0;1;0;2;1;1;2;-25,850402;-49,011208;SPRF-PR;DEL01-PR;UOP04-DEL01-PR;;;
741646;26/12/2025;sexta-feira;03:10:00;PB;101;37,3;MAMANGUAPE;Aus�ncia de rea��o do condutor;Colis�o com objeto;Sem V�timas;Plena Noite;Decrescente;C�u Claro;Dupla;Reta;N�o;1;0;0;0;1;0;0;1;-6,815588;-35,138742;SPRF-PB;DEL01-PB;UOP03-DEL01-PB;;;
741649;25/12/2025;quinta-feira;09:15:00;PA;316;31;SANTA IZABEL DO PARA;Avarias e/ou desgaste excessivo no pneu;Colis�o traseira;Sem V�timas;Pleno dia;Decrescente;Sol;Dupla;Reta;N�o;3;0;0;0;3;0;0;2;-1,302025;-48,19603;SPRF-PA;DEL01-PA;UOP01-DEL01-PA;;;
741650;26/12/2025;sexta-feira;03:50:00;CE;116;19;EUSEBIO;Problema com o freio;Inc�ndio;Sem V�timas;Plena Noite;Crescente;C�u Claro;Dupla;Reta;Sim;2;0;0;0;1;1;0;2;-3,91810696;-38,50677967;SPRF-CE;DEL01-CE;UOP02-DEL01-CE;;;
741651;26/12/2025;sexta-feira;03:25:00;BA;242;844;BARREIRAS;Entrada inopinada do pedestre;Atropelamento de Pedestre;Com V�timas Fatais;Plena Noite;Crescente;Ignorado;Simples;Reta;N�o;2;1;0;0;0;1;0;2;-12,1187407;-45,056716;SPRF-BA;DEL10-BA;UOP01-DEL10-BA;;;
741654;26/12/2025;sexta-feira;04:10:00;GO;40;96;CRISTALINA;Aus�ncia de rea��o do condutor;Colis�o traseira;Com V�timas Feridas;Plena Noite;Decrescente;C�u Claro;Simples;"Reta;Aclive";Sim;5;0;2;0;2;2;2;4;-16,765452;-47,596094;SPRF-DF;DEL01-DF;UOP02-DEL01-DF;;;
741666;26/12/2025;sexta-feira;07:00:00;RJ;101;385;RIO DE JANEIRO;Condutor deixou de manter dist�ncia do ve�culo da frente;Colis�o traseira;Com V�timas Feridas;Pleno dia;Crescente;C�u Claro;Dupla;Reta;Sim;2;0;1;0;1;0;1;2;-22,880083;-43,629447;SPRF-RJ;DEL03-RJ;UOP01-DEL03-RJ;;;
741671;31/10/2025;sexta-feira;07:50:00;MG;262;351,1;BETIM;Rea��o tardia ou ineficiente do condutor;Colis�o traseira;Com V�timas Feridas;Pleno dia;Crescente;Nublado;Dupla;"Declive;Curva";N�o;3;0;0;1;0;2;1;3;-19,98239801;-44,23202841;SPRF-MG;DEL01-MG;UOP03-DEL01-MG;;;
741681;23/12/2025;ter�a-feira;05:40:00;MG;381;923,5;CAMANDUCAIA;Condutor Dormindo;Colis�o traseira;Sem V�timas;Pleno dia;Crescente;Sol;Dupla;Reta;N�o;3;0;0;0;1;2;0;3;-22,77518733;-46,18677378;SPRF-MG;DEL16-MG;UOP03-DEL16-MG;;;
741689;26/12/2025;sexta-feira;10:45:00;MG;381;404;NOVA UNIAO;Aus�ncia de rea��o do condutor;Colis�o traseira;Com V�timas Feridas;Pleno dia;Decrescente;Sol;Dupla;"Aclive;Reta";N�o;3;0;1;0;1;1;1;3;-19,732447;-43,559586;SPRF-MG;DEL01-MG;UOP01-DEL01-MG;;;
741696;26/12/2025;sexta-feira;11:30:00;GO;60;97;ANAPOLIS;Rea��o tardia ou ineficiente do condutor;Colis�o lateral mesmo sentido;Com V�timas Feridas;Pleno dia;Crescente;C�u Claro;Dupla;Retorno Regulamentado;Sim;3;0;0;2;1;0;2;2;-16,37766;-48,9489372;SPRF-GO;DEL02-GO;UOP01-DEL02-GO;;;
741708;26/12/2025;sexta-feira;12:20:00;PE;232;69,9;GRAVATA;Aus�ncia de rea��o do condutor;Colis�o traseira;Com V�timas Feridas;Pleno dia;Crescente;Sol;Dupla;Reta;N�o;3;0;0;1;1;2;1;4;-8,16759443;-35,47005622;SPRF-PE;DEL02-PE;UOP02-DEL02PE;;;
741709;26/12/2025;sexta-feira;08:40:00;GO;20;128;FLORES DE GOIAS;Ultrapassagem Indevida;Sa�da de leito carro��vel;Sem V�timas;Pleno dia;Crescente;Nublado;Simples;Reta;N�o;2;0;0;0;1;1;0;2;-14,848447;-46,760484;SPRF-DF;DEL02-DF;UOP03-DEL02-DF;;;
741713;26/12/2025;sexta-feira;10:50:00;SC;163;72,2;SAO MIGUEL DO OESTE;Rea��o tardia ou ineficiente do condutor;Colis�o traseira;Com V�timas Feridas;Pleno dia;Crescente;C�u Claro;Dupla;"Reta;Interse��o de Vias";Sim;4;0;0;1;3;0;1;2;-26,7192831;-53,51555798;SPRF-SC;DEL07-SC;UOP03-DEL07-SC;;;
741714;22/12/2025;segunda-feira;20:00:00;PR;376;667;GUARATUBA;Demais falhas mec�nicas ou el�tricas;Inc�ndio;Sem V�timas;Plena Noite;Decrescente;Nublado;Dupla;Curva;N�o;1;0;0;0;1;0;0;1;-25,86271664;-48,944472;SPRF-PR;DEL01-PR;UOP04-DEL01-PR;;;
741720;26/12/2025;sexta-feira;12:45:00;SC;282;502,5;XANXERE;Aus�ncia de rea��o do condutor;Sa�da de leito carro��vel;Sem V�timas;Pleno dia;Crescente;Garoa/Chuvisco;Simples;Rotat�ria;Sim;1;0;0;0;1;0;0;1;-26,88468906;-52,39171743;SPRF-SC;DEL07-SC;UOP01-DEL07-SC;;;
741721;26/12/2025;sexta-feira;13:00:00;GO;60;452;JATAI;Rea��o tardia ou ineficiente do condutor;Sa�da de leito carro��vel;Com V�timas Feridas;Pleno dia;Crescente;Chuva;Dupla;"Reta;Aclive";N�o;2;0;1;0;1;0;1;1;-17,854882;-51,543925;SPRF-GO;DEL05-GO;UOP01-DEL05-GO;;;
741734;26/12/2025;sexta-feira;14:55:00;BA;116;29;VITORIA DA CONQUISTA;Convers�o proibida;Colis�o transversal;Com V�timas Feridas;Pleno dia;Decrescente;C�u Claro;Simples;Curva;N�o;2;0;1;0;1;0;1;2;-14,827052;-40,82883;SPRF-BA;DEL08-BA;UOP01-DEL08-BA;;;
741735;26/12/2025;sexta-feira;15:00:00;PR;277;364;GUARAPUAVA;Rea��o tardia ou ineficiente do condutor;Colis�o lateral mesmo sentido;Sem V�timas;Pleno dia;Decrescente;C�u Claro;Simples;"Aclive;Reta";N�o;3;0;0;0;2;1;0;2;-25,40344735;-51,74520636;SPRF-PR;DEL08-PR;UOP01-DEL08-PR;;;
741738;26/12/2025;sexta-feira;15:27:00;ES;101;359,9;ANCHIETA;Ultrapassagem Indevida;Sa�da de leito carro��vel;Com V�timas Feridas;Pleno dia;Decrescente;C�u Claro;Simples;"Curva;Interse��o de Vias";N�o;2;0;2;0;0;0;2;1;-20,7100952;-40,72080124;SPRF-ES;DEL03-ES;UOP01-DEL03-ES;;;
741739;26/12/2025;sexta-feira;15:05:00;SC;470;7,1;NAVEGANTES;Retorno proibido;Colis�o transversal;Com V�timas Feridas;Pleno dia;Crescente;C�u Claro;Dupla;Reta;Sim;4;0;2;0;1;2;2;5;-26,84377782;-48,71493612;SPRF-SC;DEL04-SC;UOP04-DEL04-SC;;;
741741;26/12/2025;sexta-feira;14:00:00;MT;163;999;TERRA NOVA DO NORTE;Demais falhas mec�nicas ou el�tricas;Eventos at�picos;Com V�timas Feridas;Pleno dia;Crescente;C�u Claro;Simples;"Declive;Reta";N�o;4;0;0;1;1;4;1;5;-10,496579;-55,071622;SPRF-MT;DEL06-MT;UOP03-DEL06-MT;;;
741746;26/12/2025;sexta-feira;15:27:00;CE;116;169,5;RUSSAS;Acessar a via sem observar a presen�a dos outros ve�culos;Colis�o transversal;Com V�timas Feridas;Pleno dia;Crescente;C�u Claro;Simples;Reta;N�o;5;0;1;0;3;2;1;5;-4,98587;-38,02894;SPRF-CE;DEL03-CE;UOP01-DEL03-CE;;;
741749;26/12/2025;sexta-feira;15:50:00;PR;376;310,9;ORTIGUEIRA;Velocidade Incompat�vel;Tombamento;Com V�timas Feridas;Pleno dia;Crescente;C�u Claro;Dupla;"Declive;Curva";N�o;2;0;1;0;0;1;1;2;-23,980762;-51,085538;SPRF-PR;DEL07-PR;UOP02-DEL07-PR;;;
741757;26/12/2025;sexta-feira;15:39:00;SC;282;507,2;XANXERE;Ingest�o de �lcool pelo condutor;Colis�o traseira;Sem V�timas;Pleno dia;Crescente;Nublado;Dupla;Retorno Regulamentado;Sim;2;0;0;0;2;0;0;2;-26,8857192;-52,43785122;SPRF-SC;DEL07-SC;UOP01-DEL07-SC;;;
741758;26/12/2025;sexta-feira;14:30:00;CE;116;28;ITAITINGA;Ingest�o de �lcool pelo condutor;Sa�da de leito carro��vel;Sem V�timas;Pleno dia;Crescente;C�u Claro;Dupla;Reta;N�o;2;0;0;0;1;1;0;2;-3,99928298;-38,51649731;SPRF-CE;DEL01-CE;UOP02-DEL01-CE;;;
741762;26/12/2025;sexta-feira;15:40:00;SC;282;507,2;XANXERE;Condutor deixou de manter dist�ncia do ve�culo da frente;Colis�o traseira;Sem V�timas;Pleno dia;Decrescente;Nublado;Simples;Reta;N�o;3;0;0;0;3;0;0;2;-26,88618233;-52,4378804;SPRF-SC;DEL07-SC;UOP01-DEL07-SC;;;
741764;26/12/2025;sexta-feira;13:20:00;PR;369;149;LONDRINA;Condutor deixou de manter dist�ncia do ve�culo da frente;Engavetamento;Com V�timas Feridas;Pleno dia;Crescente;Sol;Dupla;"Reta;Aclive";Sim;4;0;1;0;3;0;1;3;-23,29293209;-51,15280978;SPRF-PR;DEL07-PR;UOP01-DEL07-PR;;;
741771;26/12/2025;sexta-feira;17:30:00;SC;280;267,5;IRINEOPOLIS;Aus�ncia de rea��o do condutor;Colis�o traseira;Sem V�timas;Pleno dia;Decrescente;Chuva;Simples;Reta;Sim;3;0;0;0;2;1;0;3;-26,26422127;-50,70760902;SPRF-SC;DEL06-SC;UOP04-DEL06-SC;;;
741772;26/12/2025;sexta-feira;14:00:00;MG;381;317;NOVA ERA;Velocidade Incompat�vel;Tombamento;Com V�timas Feridas;Pleno dia;Crescente;Nublado;Simples;"Curva;Aclive";N�o;2;0;1;0;0;1;1;2;-19,72364556;-43,0093503;SPRF-MG;DEL03-MG;UOP02-DEL03-MG;;;
741781;26/12/2025;sexta-feira;18:15:00;RJ;101;296;ITABORAI;Trafegar com motocicleta (ou similar) entre as faixas;Colis�o lateral mesmo sentido;Com V�timas Feridas;Pleno dia;Decrescente;C�u Claro;Dupla;Reta;N�o;5;0;2;0;2;1;2;4;-22,76712733;-42,91173642;SPRF-RJ;DEL02-RJ;UOP02-DEL02-RJ;;;
741783;24/12/2025;quarta-feira;22:00:00;PR;277;489,9;NOVA LARANJEIRAS;Problema com o freio;Inc�ndio;Sem V�timas;Plena Noite;Crescente;C�u Claro;Simples;"Aclive;Reta";N�o;2;0;0;0;1;1;0;2;-25,2415;-52,6305;SPRF-PR;DEL04-PR;UOP02-DEL04-PR;;;
741809;26/12/2025;sexta-feira;18:31:00;TO;226;26;PALMEIRAS DO TOCANTINS;Avarias e/ou desgaste excessivo no pneu;Derramamento de carga;Sem V�timas;Plena Noite;Decrescente;C�u Claro;Simples;"Reta;Aclive";N�o;2;0;0;0;1;3;0;4;-6,64250383;-47,66932838;SPRF-TO;DEL02-TO;UOP03-DEL02-TO;;;
741829;02/12/2025;ter�a-feira;12:00:00;PB;104;136;QUEIMADAS;Condutor deixou de manter dist�ncia do ve�culo da frente;Colis�o traseira;Sem V�timas;Pleno dia;Crescente;C�u Claro;Simples;Reta;Sim;2;0;0;0;2;0;0;2;-7,33478;-35,897969;SPRF-PB;DEL02-PB;UOP03-DEL02-PB;;;
741836;26/12/2025;sexta-feira;18:20:00;MG;381;908,1;CAMBUI;Curva acentuada;Tombamento;Com V�timas Feridas;Plena Noite;Decrescente;C�u Claro;Dupla;"Declive;Curva";N�o;2;0;1;0;0;1;1;2;-22,67312151;-46,09501362;SPRF-MG;DEL16-MG;UOP03-DEL16-MG;;;
741841;26/12/2025;sexta-feira;22:00:00;RJ;101;572;PARATY;Deixar de acionar o farol da motocicleta (ou similar);Colis�o traseira;Com V�timas Feridas;Plena Noite;Crescente;C�u Claro;Simples;Reta;N�o;3;0;2;0;1;0;2;2;-23,20040858;-44,72886086;SPRF-RJ;DEL03-RJ;UOP04-DEL03-RJ;;;
741842;26/12/2025;sexta-feira;17:00:00;MG;251;350;PADRE CARVALHO;Rea��o tardia ou ineficiente do condutor;Colis�o com objeto;Com V�timas Fatais;Pleno dia;Decrescente;C�u Claro;Simples;"Declive;Curva";N�o;2;1;0;0;0;1;0;2;-16,257333;-42,522644;SPRF-MG;DEL12-MG;UOP02-DEL12-MG;;;
741845;26/12/2025;sexta-feira;23:30:00;PR;277;643,5;CEU AZUL;Transitar na contram�o;Colis�o frontal;Com V�timas Feridas;Plena Noite;Crescente;C�u Claro;Simples;Curva;N�o;3;0;0;1;2;0;1;2;-25,18029474;-53,86856942;SPRF-PR;DEL05-PR;UOP02-DEL05-PR;;;
741849;27/12/2025;s�bado;01:15:00;MG;381;357;SAO GONCALO DO RIO ABAIXO;Rea��o tardia ou ineficiente do condutor;Colis�o traseira;Com V�timas Feridas;Plena Noite;Decrescente;C�u Claro;Simples;"Aclive;Reta";N�o;4;0;1;0;3;0;1;3;-19,85997362;-43,22965264;SPRF-MG;DEL03-MG;UOP01-DEL03-MG;;;
741855;27/12/2025;s�bado;01:30:00;RJ;393;185;PARAIBA DO SUL;Condutor Dormindo;Colis�o com objeto;Com V�timas Feridas;Plena Noite;Crescente;Vento;Simples;Reta;N�o;50;0;3;0;46;1;3;3;-22,15654291;-43,30831709;SPRF-RJ;DEL05-RJ;UOP03-DEL05-RJ;;;
741856;26/12/2025;sexta-feira;22:10:00;PR;376;417,8;TIBAGI;Demais falhas mec�nicas ou el�tricas;Inc�ndio;Sem V�timas;Plena Noite;Crescente;C�u Claro;Dupla;Curva;N�o;3;0;0;0;2;2;0;3;-24,70519981;-50,55702209;SPRF-PR;DEL03-PR;UOP02-DEL03-PR;;;
741857;26/12/2025;sexta-feira;21:00:00;SC;101;4;GARUVA;Manobra de mudan�a de faixa;Colis�o lateral mesmo sentido;Com V�timas Feridas;Plena Noite;Decrescente;Nublado;Dupla;"Ponte;Reta";N�o;3;0;1;0;2;0;1;2;-26,01773844;-48,86216565;SPRF-SC;DEL03-SC;UOP01-DEL03-SC;;;
741859;27/12/2025;s�bado;03:30:00;BA;324;554,3;AMELIA RODRIGUES;Animais na Pista;Colis�o frontal;Com V�timas Fatais;Plena Noite;Crescente;Nevoeiro/Neblina;Dupla;Reta;N�o;2;1;0;1;0;0;1;2;-12,4698933;-38,6840033;SPRF-BA;DEL01-BA;UOP03-DEL01-BA;;;
741864;27/12/2025;s�bado;05:38:00;GO;60;131;GOIANIA;Rea��o tardia ou ineficiente do condutor;Colis�o traseira;Com V�timas Feridas;Pleno dia;Crescente;C�u Claro;Dupla;"Reta;Aclive";N�o;5;0;0;2;2;1;2;3;-16,581564;-49,176133;SPRF-GO;DEL01-GO;UOP01-DEL01-GO;;;
741887;27/12/2025;s�bado;01:30:00;MT;163;1034;MATUPA;Ultrapassagem Indevida;Colis�o lateral mesmo sentido;Com V�timas Fatais;Plena Noite;Decrescente;Chuva;Simples;Reta;Sim;4;1;0;1;1;3;1;5;-10,21497511;-54,96662736;SPRF-MT;DEL06-MT;UOP03-DEL06-MT;;;
741897;27/12/2025;s�bado;00:30:00;RO;364;405,8;JARU;Manobra de mudan�a de faixa;Colis�o lateral sentido oposto;Com V�timas Feridas;Pleno dia;Decrescente;C�u Claro;Simples;"Curva;Aclive";N�o;3;0;2;0;1;0;2;2;-10,54532703;-62,39050329;SPRF-RO;DEL03-RO;UOP02-DEL03-RO;;;
741927;27/12/2025;s�bado;09:50:00;MT;163;750;SORRISO;Trafegar com motocicleta (ou similar) entre as faixas;Colis�o lateral mesmo sentido;Com V�timas Feridas;Pleno dia;Decrescente;C�u Claro;Dupla;Retorno Regulamentado;Sim;2;0;1;0;1;0;1;2;-12,57079648;-55,7262313;SPRF-MT;DEL06-MT;UOP01-DEL06-MT;;;
741935;27/12/2025;s�bado;12:00:00;PE;104;55;CARUARU;Aus�ncia de rea��o do condutor;Colis�o traseira;Com V�timas Feridas;Pleno dia;Crescente;C�u Claro;Dupla;Reta;N�o;2;0;0;1;0;1;1;2;-8,187303;-35,966868;SPRF-PE;DEL02-PE;UOP01-DEL02-PE;;;
741936;27/12/2025;s�bado;06:50:00;SP;116;425;JUQUIA;Condutor Dormindo;Tombamento;Com V�timas Feridas;Pleno dia;Decrescente;C�u Claro;Dupla;Curva;N�o;1;0;1;0;0;0;1;1;-24,36864793;-47,69910693;SPRF-SP;DEL05-SP;UOP01-DEL05-SP;;;
741940;27/12/2025;s�bado;09:15:00;SP;116;121,4;CACAPAVA;Aus�ncia de rea��o do condutor;Tombamento;Com V�timas Fatais;Pleno dia;Decrescente;C�u Claro;Dupla;"Reta;Aclive";N�o;3;1;0;0;1;1;0;3;-23,07687;-45,65434;SPRF-SP;DEL02-SP;UOP02-DEL02-SP;;;
741945;27/12/2025;s�bado;10:30:00;MG;40;303;TRES MARIAS;Problema com o freio;Sa�da de leito carro��vel;Com V�timas Feridas;Pleno dia;Decrescente;C�u Claro;Simples;Reta;N�o;2;0;1;0;0;2;1;3;-18,384923;-45,10043;SPRF-MG;DEL14-MG;UOP02-DEL14-MG;;;
741948;27/12/2025;s�bado;05:15:00;MA;316;38;MARACACUME;Condutor Dormindo;Sa�da de leito carro��vel;Sem V�timas;Amanhecer;Decrescente;C�u Claro;Simples;Reta;N�o;1;0;0;0;0;1;0;1;-1,915352;-46,04618;SPRF-MA;DEL02-MA;UOP02-DEL02-MA;;;
741952;27/12/2025;s�bado;11:20:00;MT;163;607;NOVA MUTUM;Aus�ncia de rea��o do condutor;Colis�o traseira;Com V�timas Fatais;Pleno dia;Decrescente;C�u Claro;Dupla;Reta;N�o;7;2;0;2;2;1;2;3;-13,75061122;-56,05319715;SPRF-MT;DEL01-MT;UOP01-DEL01-MT;;;
741954;27/12/2025;s�bado;11:30:00;RJ;101;299;ITABORAI;Rea��o tardia ou ineficiente do condutor;Tombamento;Com V�timas Feridas;Pleno dia;Crescente;C�u Claro;Dupla;Reta;Sim;2;0;1;0;0;1;1;2;-22,77422097;-42,93842666;SPRF-RJ;DEL02-RJ;UOP02-DEL02-RJ;;;
741964;27/12/2025;s�bado;09:00:00;PI;135;540;SAO GONCALO DO GURGUEIA;Demais falhas mec�nicas ou el�tricas;Inc�ndio;Sem V�timas;Pleno dia;Crescente;C�u Claro;Simples;"Aclive;Curva";N�o;1;0;0;0;1;0;0;1;-10,05427;-45,284654;SPRF-PI;DEL03-PI;UOP02-DEL03-PI;;;
741967;27/12/2025;s�bado;15:30:00;RJ;101;498;ANGRA DOS REIS;Aus�ncia de rea��o do condutor;Colis�o com objeto;Com V�timas Fatais;Pleno dia;Decrescente;C�u Claro;Simples;Curva;N�o;3;1;0;0;2;0;0;1;-22,94385067;-44,42544937;SPRF-RJ;DEL03-RJ;UOP03-DEL03-RJ;;;