id;data_inversa;dia_semana;horario;uf;br;km;municipio;causa_acidente;tipo_acidente;classificacao_acidente;fase_dia;sentido_via;condicao_metereologica;tipo_pista;tracado_via;uso_solo;pessoas;mortos;feridos_leves;feridos_graves;ilesos;ignorados;feridos;veiculos;latitude;longitude;regional;delegacia;uop;;;
742533;30/12/2025;ter�a-feira;10:00:00;BA;407;230;CAPIM GROSSO;Aus�ncia de rea��o do condutor;Tombamento;Com V�timas Feridas;Pleno dia;Decrescente;C�u Claro;Simples;Rotat�ria;Sim;2;0;1;0;0;1;1;2;-11,38590053;-40,0134201;SPRF-BA;DEL04-BA;UOP02-DEL04-BA;;;
742554;30/12/2025;ter�a-feira;07:00:00;MG;116;650,5;FERVEDOURO;Condutor deixou de manter dist�ncia do ve�culo da frente;Colis�o traseira;Com V�timas Feridas;Pleno dia;Crescente;Sol;Simples;Reta;Sim;4;0;0;1;2;2;1;5;-20,72884761;-42,28184436;SPRF-MG;DEL07-MG;UOP02-DEL07-MG;;;
742562;30/12/2025;ter�a-feira;11:00:00;RO;364;803;PORTO VELHO;Aus�ncia de rea��o do condutor;Colis�o traseira;Com V�timas Feridas;Pleno dia;Crescente;C�u Claro;Simples;Reta;Sim;4;0;0;3;1;0;3;2;-9,25723313;-64,41894561;SPRF-RO;DEL01-RO;UOP02-DEL01-RO;;;
742565;30/12/2025;ter�a-feira;13:50:00;SC;282;19;PALHOCA;Acessar a via sem observar a presen�a dos outros ve�culos;Colis�o traseira;Com V�timas Feridas;Pleno dia;Decrescente;C�u Claro;Simples;Reta;Sim;2;0;0;1;1;0;1;2;-27,6775848;-48,70096413;SPRF-SC;DEL01-SC;UOP02-DEL01-SC;;;
742567;30/12/2025;ter�a-feira;14:00:00;GO;153;510;APARECIDA DE GOIANIA;Condutor deixou de manter dist�ncia do ve�culo da frente;Engavetamento;Com V�timas Feridas;Pleno dia;Crescente;Chuva;Dupla;Declive;Sim;7;0;1;0;6;0;1;7;-16,778776;-49,236792;SPRF-GO;DEL01-GO;UOP03-DEL01-GO;;;
742569;30/12/2025;ter�a-feira;06:10:00;PI;407;493,1;JAICOS;Transitar na contram�o;Colis�o lateral sentido oposto;Com V�timas Fatais;Pleno dia;Crescente;C�u Claro;Simples;"Declive;Curva";N�o;2;1;0;0;1;0;0;2;-7,526927;-41,289648;SPRF-PI;DEL04-PI;UOP01-DEL04-PI;;;
742575;30/12/2025;ter�a-feira;14:20:00;MG;262;455,7;ARAUJOS;Condutor Dormindo;Colis�o lateral sentido oposto;Com V�timas Feridas;Pleno dia;Crescente;Sol;Simples;Curva;N�o;3;0;0;1;1;2;1;4;-19,80629775;-45,1275444;SPRF-MG;DEL08-MG;UOP03-DEL08-MG;;;
742583;30/12/2025;ter�a-feira;12:30:00;RO;364;366;OURO PRETO DO OESTE;Acesso irregular;Colis�o lateral mesmo sentido;Com V�timas Feridas;Pleno dia;Decrescente;Sol;Simples;Reta;N�o;4;0;2;0;2;0;2;2;-10,768658;-62,113457;SPRF-RO;DEL02-RO;UOP01-DEL02-RO;;;
742594;30/12/2025;ter�a-feira;15:51:00;GO;60;136;GOIANIA;Pedestre andava na pista;Atropelamento de Pedestre;Com V�timas Feridas;Pleno dia;Decrescente;Chuva;Dupla;"Aclive;Curva";N�o;3;0;0;1;1;1;1;3;-16,595689;-49,196371;SPRF-GO;DEL01-GO;UOP01-DEL01-GO;;;
742595;30/12/2025;ter�a-feira;07:36:00;MT;163;922;ITAUBA;Rea��o tardia ou ineficiente do condutor;Colis�o traseira;Com V�timas Feridas;Pleno dia;Crescente;Nublado;Simples;Reta;N�o;4;0;2;0;1;1;2;2;-11,113;-55,306;SPRF-MT;DEL06-MT;UOP02-DEL06-MT;;;
742599;30/12/2025;ter�a-feira;07:36:00;RS;116;52,3;VACARIA;Velocidade Incompat�vel;Tombamento;Com V�timas Feridas;Pleno dia;Decrescente;Garoa/Chuvisco;Simples;Curva;N�o;2;0;2;0;0;0;2;1;-28,583832;-51,028038;SPRF-RS;DEL05-RS;UOP03-DEL05-RS;;;
742600;30/12/2025;ter�a-feira;15:55:00;ES;259;9;JOAO NEIVA;Aus�ncia de rea��o do condutor;Sa�da de leito carro��vel;Com V�timas Feridas;Pleno dia;Crescente;Sol;Simples;Reta;N�o;1;0;1;0;0;0;1;1;-19,66858288;-40,40294056;SPRF-ES;DEL02-ES;UOP01-DEL02-ES;;;
742602;30/12/2025;ter�a-feira;15:50:00;ES;101;272,5;SERRA;Condutor deixou de manter dist�ncia do ve�culo da frente;Colis�o traseira;Com V�timas Feridas;Pleno dia;Crescente;Sol;Dupla;Reta;N�o;4;0;1;0;3;0;1;3;-20,22334;-40,28807333;SPRF-ES;DEL02-ES;UOP01-DEL02-ES;;;
742609;30/12/2025;ter�a-feira;16:00:00;SP;116;357,5;MIRACATU;Chuva;Tombamento;Com V�timas Fatais;Pleno dia;Crescente;Chuva;Simples;Curva;N�o;4;1;0;0;2;2;0;4;-24,11106014;-47,26598181;SPRF-SP;DEL04-SP;UOP03-DEL04-SP;;;
742611;30/12/2025;ter�a-feira;12:35:00;RJ;116;271;BARRA MANSA;Velocidade Incompat�vel;Capotamento;Com V�timas Feridas;Pleno dia;Decrescente;C�u Claro;M�ltipla;"Declive;Curva";Sim;3;0;3;0;0;0;3;1;-22,55968959;-44,12336753;SPRF-RJ;DEL07-RJ;UOP02-DEL07-RJ;;;
742612;30/12/2025;ter�a-feira;15:40:00;MG;381;426;SABARA;Problema com o freio;Colis�o lateral sentido oposto;Com V�timas Feridas;Pleno dia;Decrescente;C�u Claro;Simples;"Curva;Declive";N�o;3;0;2;0;1;0;2;2;-19,786468;-43,710689;SPRF-MG;DEL01-MG;UOP01-DEL01-MG;;;
742617;30/12/2025;ter�a-feira;16:35:00;SP;116;125,5;CACAPAVA;Rea��o tardia ou ineficiente do condutor;Colis�o traseira;Com V�timas Feridas;Pleno dia;Decrescente;C�u Claro;Dupla;Reta;N�o;3;0;1;0;1;1;1;3;-23,09578562;-45,68160058;SPRF-SP;DEL02-SP;UOP02-DEL02-SP;;;
742619;30/12/2025;ter�a-feira;12:30:00;RS;290;67,5;MAQUINE;Condutor Dormindo;Sa�da de leito carro��vel;Com V�timas Fatais;Pleno dia;Crescente;Sol;Dupla;"T�nel;Reta";N�o;1;1;0;0;0;0;0;1;-29,726112;-50,200178;SPRF-RS;DEL03-RS;UOP01-DEL03-RS;;;
742620;30/12/2025;ter�a-feira;12:45:00;MG;381;315,7;NOVA ERA;Ultrapassagem Indevida;Colis�o frontal;Com V�timas Fatais;Pleno dia;Decrescente;C�u Claro;Simples;Reta;N�o;3;1;0;0;1;1;0;3;-19,70869776;-43,00023079;SPRF-MG;DEL03-MG;UOP02-DEL03-MG;;;
742621;30/12/2025;ter�a-feira;16:30:00;SC;101;276;IMBITUBA;Rea��o tardia ou ineficiente do condutor;Colis�o transversal;Com V�timas Feridas;Pleno dia;Crescente;Chuva;Simples;Viaduto;Sim;3;0;1;1;1;0;2;2;-28,160173;-48,692708;SPRF-SC;DEL02-SC;UOP03-DEL02-SC;;;
742633;30/12/2025;ter�a-feira;16:50:00;SP;153;174;GUAICARA;Aus�ncia de rea��o do condutor;Colis�o transversal;Com V�timas Feridas;Pleno dia;Decrescente;C�u Claro;Simples;"Reta;Rotat�ria";Sim;3;0;1;0;1;1;1;3;-21,63276123;-49,78773085;SPRF-SP;DEL07-SP;UOP01-DEL07-SP;;;
742659;30/12/2025;ter�a-feira;20:30:00;GO;153;512,7;APARECIDA DE GOIANIA;Manobra de mudan�a de faixa;Colis�o traseira;Sem V�timas;Plena Noite;Decrescente;Nublado;Dupla;Reta;Sim;4;0;0;0;4;0;0;2;-16,813023;-49,239753;SPRF-GO;DEL01-GO;UOP03-DEL01-GO;;;
742660;30/12/2025;ter�a-feira;20:00:00;PE;232;210,5;PESQUEIRA;Transitar na contram�o;Colis�o frontal;Com V�timas Fatais;Plena Noite;Crescente;C�u Claro;Simples;"Declive;Reta";Sim;3;1;0;0;1;1;0;3;-8,367285;-36,702742;SPRF-PE;DEL03-PE;UOP02-DEL03-PE;;;
742670;30/12/2025;ter�a-feira;20:30:00;RS;290;10;OSORIO;Ingest�o de �lcool pelo condutor;Colis�o lateral mesmo sentido;Sem V�timas;Plena Noite;Decrescente;C�u Claro;M�ltipla;Reta;N�o;3;0;0;0;2;1;0;3;-29,8647552;-50,2530048;SPRF-RS;DEL03-RS;UOP01-DEL03-RS;;;
742678;30/12/2025;ter�a-feira;22:10:00;ES;101;120,2;LINHARES;Ultrapassagem Indevida;Sa�da de leito carro��vel;Com V�timas Feridas;Plena Noite;Decrescente;C�u Claro;Simples;"Reta;Declive";N�o;6;0;1;0;4;1;1;4;-19,14645111;-40,07635164;SPRF-ES;DEL04-ES;UOP01-DEL04-ES;;;
742681;30/12/2025;ter�a-feira;22:00:00;PA;316;111;SANTA MARIA DO PARA;Desrespeitar a prefer�ncia no cruzamento;Colis�o transversal;Com V�timas Feridas;Plena Noite;Decrescente;C�u Claro;Simples;"Retorno Regulamentado;Reta;Declive";N�o;6;0;2;0;3;2;2;4;-1,316583;-47,511137;SPRF-PA;DEL01-PA;UOP02-DEL01-PA;;;
742687;30/12/2025;ter�a-feira;22:05:00;MG;381;877;ESTIVA;Aus�ncia de rea��o do condutor;Tombamento;Com V�timas Feridas;Plena Noite;Decrescente;C�u Claro;Dupla;Declive;N�o;2;0;1;0;0;2;1;3;-22,44263846;-45,99042553;SPRF-MG;DEL16-MG;UOP01-DEL16-MG;;;
742693;31/12/2025;quarta-feira;01:14:00;GO;60;115;TEREZOPOLIS DE GOIAS;Rea��o tardia ou ineficiente do condutor;Colis�o traseira;Com V�timas Feridas;Plena Noite;Decrescente;C�u Claro;Dupla;"Aclive;Reta";N�o;3;0;0;1;1;1;1;3;-16,471486;-49,075141;SPRF-GO;DEL01-GO;UOP01-DEL01-GO;;;
742697;30/12/2025;ter�a-feira;22:39:00;PE;116;28;SALGUEIRO;Velocidade Incompat�vel;Tombamento;Com V�timas Feridas;Plena Noite;Crescente;Nublado;Simples;Reta;N�o;1;0;1;0;0;0;1;1;-8,0999;-39,12475;SPRF-PE;DEL05-PE;UOP01-DEL05-PE;;;
742699;31/12/2025;quarta-feira;00:20:00;BA;116;305;TUCANO;Rea��o tardia ou ineficiente do condutor;Tombamento;Com V�timas Feridas;Plena Noite;Decrescente;C�u Claro;Simples;Reta;N�o;3;0;1;0;0;2;1;3;-11,2113283;-38,88052;SPRF-BA;DEL07-BA;UOP02-DEL07-BA;;;
742701;31/12/2025;quarta-feira;01:50:00;GO;60;78;ANAPOLIS;Ingest�o de �lcool pelo condutor;Tombamento;Com V�timas Feridas;Plena Noite;Crescente;C�u Claro;Dupla;"Declive;Curva";N�o;2;0;1;0;0;2;1;3;-16,2967;-48,8039;SPRF-GO;DEL02-GO;UOP01-DEL02-GO;;;
742702;31/12/2025;quarta-feira;02:00:00;SP;116;19,9;LAVRINHAS;Demais falhas mec�nicas ou el�tricas;Inc�ndio;Sem V�timas;Plena Noite;Decrescente;C�u Claro;Dupla;Reta;N�o;2;0;0;0;1;1;0;2;-22,5657721;-44,8638503;SPRF-SP;DEL08-SP;UOP02-DEL08-SP;;;
742703;31/12/2025;quarta-feira;01:05:00;BA;110;12,8;PAULO AFONSO;Aus�ncia de rea��o do condutor;Tombamento;Sem V�timas;Plena Noite;Crescente;C�u Claro;Simples;Reta;N�o;3;0;0;0;2;1;0;2;-9,53261315;-38,22102667;SPRF-BA;DEL07-BA;UOP01-DEL07-BA;;;
742704;30/12/2025;ter�a-feira;03:00:00;RO;319;136;PORTO VELHO;Aus�ncia de rea��o do condutor;Colis�o com objeto;Sem V�timas;Plena Noite;Decrescente;C�u Claro;Simples;Reta;N�o;1;0;0;0;0;1;0;1;-8,73825716;-63,92616956;SPRF-RO;DEL01-RO;UOP01-DEL01-RO;;;
742706;31/12/2025;quarta-feira;03:00:00;SE;101;40;JAPARATUBA;Aus�ncia de rea��o do condutor;Colis�o traseira;Com V�timas Feridas;Plena Noite;Decrescente;C�u Claro;Dupla;Reta;N�o;4;0;0;1;2;1;1;3;-10,5272609;-36,95593581;SPRF-SE;DEL02-SE;UOP02-DEL02-SE;;;
742710;31/12/2025;quarta-feira;01:51:00;MG;40;124,6;JOAO PINHEIRO;Transitar na contram�o;Colis�o frontal;Com V�timas Fatais;Plena Noite;Decrescente;C�u Claro;Simples;Reta;N�o;6;4;0;1;0;1;1;3;-17,68199045;-46,32655621;SPRF-MG;DEL14-MG;UOP01-DEL14-MG;;;
742719;30/12/2025;ter�a-feira;22:30:00;MG;116;225,9;CATUJI;Aus�ncia de rea��o do condutor;Sa�da de leito carro��vel;Com V�timas Feridas;Plena Noite;Crescente;Nublado;Simples;Curva;N�o;2;0;0;1;1;0;1;1;-17,451752;-41,500562;SPRF-MG;DEL11-MG;UOP01-DEL11-MG;;;
742724;30/12/2025;ter�a-feira;19:50:00;MG;116;699,3;MURIAE;Acessar a via sem observar a presen�a dos outros ve�culos;Colis�o transversal;Com V�timas Feridas;Plena Noite;Crescente;C�u Claro;Simples;"Reta;Declive";Sim;2;0;1;0;1;0;1;2;-21,09947965;-42,37654779;SPRF-MG;DEL07-MG;UOP02-DEL07-MG;;;
742725;30/12/2025;ter�a-feira;22:00:00;MG;365;331;JOAO PINHEIRO;Pedestre andava na pista;Atropelamento de Pedestre;Com V�timas Fatais;Plena Noite;Decrescente;Ignorado;Simples;Reta;N�o;2;1;0;0;1;0;0;2;-18,307;-45,958;SPRF-MG;DEL10-MG;UOP01-DEL10-MG;;;
742726;04/08/2025;segunda-feira;08:45:00;RS;386;307,2;POUSO NOVO;Velocidade Incompat�vel;Colis�o transversal;Com V�timas Feridas;Pleno dia;Decrescente;Chuva;Simples;"Em Obras;Curva;Aclive";N�o;6;0;0;2;4;0;2;3;-29,207754;-52,182019;SPRF-RS;DEL04-RS;UOP01-DEL04-RS;;;
742733;30/12/2025;ter�a-feira;23:15:00;RJ;116;56;TERESOPOLIS;Transitar na contram�o;Colis�o frontal;Com V�timas Feridas;Plena Noite;Crescente;Nublado;Simples;Reta;N�o;2;0;0;1;1;0;1;2;-22,21386378;-42,90138292;SPRF-RJ;DEL04-RJ;UOP01-DEL04-RJ;;;
742735;26/12/2025;sexta-feira;13:55:00;RJ;116;173;SAO JOAO DE MERITI;Rea��o tardia ou ineficiente do condutor;Colis�o traseira;Com V�timas Feridas;Pleno dia;Decrescente;C�u Claro;M�ltipla;Reta;Sim;3;0;1;0;1;1;1;2;-22,8044705;-43,3451758;SPRF-RJ;DEL06-RJ;UOP01-DEL06-RJ;;;
742739;31/12/2025;quarta-feira;08:00:00;MS;60;371,4;CAMPO GRANDE;Acostamento em desn�vel;Sa�da de leito carro��vel;Com V�timas Feridas;Amanhecer;Crescente;C�u Claro;Simples;Reta;N�o;2;0;1;0;0;1;1;2;-20,56791643;-54,68835032;SPRF-MS;DEL01-MS;UOP04-DEL01-MS;;;
742746;31/12/2025;quarta-feira;09:35:00;MG;381;500;BETIM;Demais falhas mec�nicas ou el�tricas;Inc�ndio;Com V�timas Feridas;Pleno dia;Decrescente;C�u Claro;Dupla;Reta;Sim;1;0;1;0;0;0;1;1;-20,0064273;-44,2145977;SPRF-MG;DEL01-MG;UOP03-DEL01-MG;;;
742750;31/12/2025;quarta-feira;09:50:00;RN;405;2,9;MOSSORO;Acessar a via sem observar a presen�a dos outros ve�culos;Colis�o lateral mesmo sentido;Com V�timas Feridas;Pleno dia;Crescente;C�u Claro;Simples;"Interse��o de Vias;Reta;Viaduto";Sim;3;0;1;0;2;0;1;3;-5,193754;-37,380095;SPRF-RN;DEL04-RN;UOP02-DEL04-RN;;;
742756;31/12/2025;quarta-feira;10:20:00;PE;101;70,9;RECIFE;Condutor deixou de manter dist�ncia do ve�culo da frente;Colis�o traseira;Com V�timas Feridas;Pleno dia;Decrescente;Sol;Dupla;Reta;Sim;2;0;1;0;1;0;1;2;-8,07607;-34,94271;SPRF-PE;DEL01-PE;UOP01-DEL01-PE;;;
742764;31/12/2025;quarta-feira;05:30:00;MG;381;829;SAO SEBASTIAO DA BELA VISTA;Rea��o tardia ou ineficiente do condutor;Colis�o traseira;Com V�timas Feridas;Amanhecer;Decrescente;Nublado;Dupla;Reta;N�o;3;0;0;1;1;2;1;4;-22,11989;-45,76063;SPRF-MG;DEL16-MG;UOP01-DEL16-MG;;;
742766;31/12/2025;quarta-feira;09:40:00;SP;116;168,3;JACAREI;Acessar a via sem observar a presen�a dos outros ve�culos;Atropelamento de Pedestre;Com V�timas Feridas;Pleno dia;Crescente;Nublado;Dupla;"Reta;Aclive";N�o;3;0;0;1;1;1;1;3;-23,30562039;-46,0371658;SPRF-SP;DEL02-SP;UOP01-DEL02-SP;;;
742772;31/12/2025;quarta-feira;10:40:00;MG;40;565;NOVA LIMA;Manobra de mudan�a de faixa;Colis�o lateral mesmo sentido;Com V�timas Feridas;Pleno dia;Decrescente;Nublado;Simples;"Aclive;Reta";N�o;7;0;1;0;5;1;1;3;-20,177983;-43,966275;SPRF-MG;DEL01-MG;UOP02-DEL01-MG;;;
742784;31/12/2025;quarta-feira;13:20:00;PE;101;46;IGARASSU;Rea��o tardia ou ineficiente do condutor;Colis�o traseira;Sem V�timas;Pleno dia;Decrescente;C�u Claro;Simples;Reta;Sim;3;0;0;0;3;0;0;3;-7,866143;-34,9070031;SPRF-PE;DEL01-PE;UOP02-DEL01-PE;;;
742785;31/12/2025;quarta-feira;11:30:00;MT;70;66;BARRA DO GARCAS;Aus�ncia de rea��o do condutor;Colis�o frontal;Com V�timas Fatais;Pleno dia;Decrescente;C�u Claro;Simples;"Declive;Reta";N�o;8;2;1;2;1;4;3;6;-15,70448;-52,73151;SPRF-MT;DEL07-MT;UOP01-DEL07-MT;;;
742789;31/12/2025;quarta-feira;13:30:00;PR;277;132;BALSA NOVA;Rea��o tardia ou ineficiente do condutor;Sa�da de leito carro��vel;Com V�timas Feridas;Pleno dia;Decrescente;C�u Claro;Simples;Curva;Sim;2;0;0;1;0;1;1;2;-25,462604;-49,585702;SPRF-PR;DEL03-PR;UOP03-DEL03-PR;;;
742795;31/12/2025;quarta-feira;14:51:00;GO;60;372,9;RIO VERDE;Rea��o tardia ou ineficiente do condutor;Colis�o traseira;Com V�timas Fatais;Pleno dia;Decrescente;C�u Claro;Dupla;"Reta;Aclive";N�o;3;1;0;0;1;2;0;4;-17,725478;-50,86242;SPRF-GO;DEL04-GO;UOP02-DEL04-GO;;;
742802;31/12/2025;quarta-feira;15:30:00;SC;470;172;POUSO REDONDO;Acumulo de �leo sobre o pavimento;Colis�o frontal;Com V�timas Feridas;Pleno dia;Crescente;Garoa/Chuvisco;Simples;Curva;Sim;7;0;2;0;4;2;2;4;-27,2584492;-49,9155176;SPRF-SC;DEL04-SC;UOP02-DEL04-SC;;;
742805;31/12/2025;quarta-feira;16:00:00;MG;251;492;FRANCISCO SA;Pista Escorregadia;Colis�o frontal;Com V�timas Feridas;Pleno dia;Crescente;Chuva;Simples;"Declive;Reta";N�o;4;0;1;0;2;3;1;6;-16,63874497;-43,68086035;SPRF-MG;DEL12-MG;UOP01-DEL12-MG;;;
742806;31/12/2025;quarta-feira;16:00:00;SP;116;112;TAUBATE;Suic�dio (presumido);Atropelamento de Pedestre;Com V�timas Feridas;Pleno dia;Crescente;C�u Claro;Dupla;Reta;N�o;3;0;0;1;1;1;1;3;-23,04311755;-45,57400351;SPRF-SP;DEL02-SP;UOP02-DEL02-SP;;;
742813;31/12/2025;quarta-feira;00:30:00;PR;153;125,7;IBAITI;Velocidade Incompat�vel;Tombamento;Com V�timas Feridas;Plena Noite;Crescente;C�u Claro;Simples;"Declive;Curva";N�o;1;0;0;1;0;0;1;1;-23,96956633;-50,23553646;SPRF-PR;DEL07-PR;UOP04-DEL07-PR;;;
742814;31/12/2025;quarta-feira;16:35:00;GO;153;506;APARECIDA DE GOIANIA;Acumulo de �gua sobre o pavimento;Colis�o com objeto;Com V�timas Feridas;Pleno dia;Decrescente;Chuva;Dupla;"Declive;Reta";Sim;2;0;0;1;1;0;1;2;-16,761793;-49,240097;SPRF-GO;DEL01-GO;UOP01-DEL01-GO;;;
742818;31/12/2025;quarta-feira;16:20:00;ES;101;213;IBIRACU;Transitar na contram�o;Colis�o frontal;Com V�timas Feridas;Pleno dia;Crescente;C�u Claro;Simples;Reta;Sim;3;0;0;1;1;1;1;3;-19,820442;-40,368803;SPRF-ES;DEL02-ES;UOP01-DEL02-ES;;;
742825;19/12/2025;sexta-feira;23:10:00;RS;386;183,3;CARAZINHO;Rea��o tardia ou ineficiente do condutor;Colis�o frontal;Com V�timas Fatais;Plena Noite;Crescente;C�u Claro;Simples;Reta;N�o;10;5;0;4;0;1;4;3;-28,31608314;-52,73280717;SPRF-RS;DEL08-RS;UOP01-DEL08-RS;;;
742832;31/12/2025;quarta-feira;17:15:00;PE;232;388,5;SERRA TALHADA;Redutor de velocidade em desacordo;Sa�da de leito carro��vel;Com V�timas Feridas;Anoitecer;Crescente;Chuva;Simples;"Reta;Declive";Sim;2;0;2;0;0;0;2;1;-8,0320816;-38,1187207;SPRF-PE;DEL04-PE;UOP01-DEL04-PE;;;
742840;31/12/2025;quarta-feira;10:30:00;PR;158;348,8;PALMITAL;Demais falhas mec�nicas ou el�tricas;Colis�o com objeto;Com V�timas Feridas;Pleno dia;Crescente;C�u Claro;Simples;Curva;N�o;1;0;1;0;0;0;1;1;-24,9797344;-52,2986364;SPRF-PR;DEL04-PR;UOP02-DEL04-PR;;;
742841;31/12/2025;quarta-feira;11:15:00;MG;267;288;BAEPENDI;Rea��o tardia ou ineficiente do condutor;Colis�o traseira;Com V�timas Feridas;Pleno dia;Crescente;Chuva;Simples;Reta;N�o;4;0;3;0;1;0;3;2;-21,92556283;-44,76239205;SPRF-MG;DEL17-MG;UOP01-DEL17-MG;;;
742852;21/12/2025;domingo;15:00:00;RJ;116;258;PIRAI;Manobra de mudan�a de faixa;Colis�o lateral mesmo sentido;Com V�timas Feridas;Pleno dia;Decrescente;C�u Claro;Dupla;Curva;N�o;4;0;1;0;2;2;1;4;-22,58112579;-44,02311802;SPRF-RJ;DEL07-RJ;UOP02-DEL07-RJ;;;
742867;31/12/2025;quarta-feira;15:33:00;TO;153;350,5;FORTALEZA DO TABOCAO;Rea��o tardia ou ineficiente do condutor;Sa�da de leito carro��vel;Com V�timas Feridas;Pleno dia;Crescente;Nublado;Simples;Reta;N�o;5;0;3;0;1;1;3;3;-8,979379;-48,498012;SPRF-TO;DEL02-TO;UOP02-DEL02-TO;;;
742880;31/12/2025;quarta-feira;20:45:00;SC;101;207,5;SAO JOSE;Aus�ncia de rea��o do condutor;Sa�da de leito carro��vel;Sem V�timas;Plena Noite;Crescente;Nublado;Dupla;Declive;Sim;1;0;0;0;1;0;0;1;-27,6021;-48,630465;SPRF-SC;DEL01-SC;UOP01-DEL01-SC;;;
742897;31/12/2025;quarta-feira;19:00:00;PI;343;112;PIRIPIRI;Condutor deixou de manter dist�ncia do ve�culo da frente;Colis�o traseira;Com V�timas Feridas;Plena Noite;Crescente;C�u Claro;Simples;Reta;N�o;3;0;0;2;0;1;2;3;-4,3067313;-41,7736979;SPRF-PI;DEL02-PI;UOP01-DEL02-PI;;;
742938;31/12/2025;quarta-feira;08:10:00;RS;101;8,1;TORRES;Acessar a via sem observar a presen�a dos outros ve�culos;Colis�o lateral mesmo sentido;Com V�timas Feridas;Pleno dia;Decrescente;C�u Claro;Dupla;Reta;Sim;2;0;0;1;1;0;1;2;-29,35894502;-49,80644915;SPRF-RS;DEL03-RS;UOP02-DEL03-RS;;;
742979;29/12/2025;segunda-feira;08:40:00;RJ;40;125;RIO DE JANEIRO;Frear bruscamente;Colis�o traseira;Com V�timas Feridas;Pleno dia;Decrescente;C�u Claro;Dupla;Curva;Sim;5;0;1;0;4;0;1;4;-22,81368774;-43,28784943;SPRF-RJ;DEL01-RJ;UOP02-DEL01-RJ;;;
743002;31/12/2025;quarta-feira;14:00:00;BA;242;683;MUQUEM DE SAO FRANCISCO;Rea��o tardia ou ineficiente do condutor;Sa�da de leito carro��vel;Sem V�timas;Pleno dia;Decrescente;Sol;Simples;"Curva;Declive";N�o;2;0;0;0;1;2;0;3;-12,22191771;-43,8246155;SPRF-BA;DEL10-BA;UOP01-DEL10-BA;;;
743177;19/11/2025;quarta-feira;14:50:00;RO;364;134;PIMENTA BUENO;Rea��o tardia ou ineficiente do condutor;Engavetamento;Com V�timas Feridas;Pleno dia;Crescente;Nublado;Simples;Reta;N�o;8;0;0;5;2;6;5;9;-12,025742;-60,795462;SPRF-RO;DEL02-RO;UOP02-DEL02-RO;;;
743193;21/12/2025;domingo;16:15:00;MG;153;82;PRATA;Demais falhas mec�nicas ou el�tricas;Eventos at�picos;Com V�timas Feridas;Pleno dia;Crescente;C�u Claro;Simples;"Reta;Declive";N�o;3;0;2;0;0;1;2;2;-19,05304648;-49,01102267;SPRF-MG;DEL15-MG;UOP03-DEL15-MG;;;
743229;04/12/2025;quinta-feira;17:30:00;BA;116;732,5;BOA NOVA;Velocidade Incompat�vel;Colis�o lateral mesmo sentido;Com V�timas Feridas;Pleno dia;Decrescente;Nublado;Simples;Curva;N�o;3;0;1;0;1;2;1;4;-14,33245926;-40,32587528;SPRF-BA;DEL08-BA;UOP02-DEL08-BA;;;
743381;26/12/2025;sexta-feira;12:00:00;RS;116;0,3;PORTO ALEGRE;Condutor deixou de manter dist�ncia do ve�culo da frente;Colis�o traseira;Sem V�timas;Pleno dia;Decrescente;Nublado;Dupla;Curva;Sim;3;0;0;0;2;1;0;3;-29,97526305;-51,17785603;SPRF-RS;DEL01-RS;UOP01-DEL01-RS;;;
743391;24/11/2025;segunda-feira;12:49:00;PA;163;205;NOVO PROGRESSO;Retorno proibido;Sa�da de leito carro��vel;Com V�timas Feridas;Pleno dia;Crescente;C�u Claro;Simples;Reta;N�o;2;0;2;0;0;0;2;2;-7,9118;-55,1696;SPRF-PA;DEL05-PA;UOP03-DEL05-PA;;;
743410;13/11/2025;quinta-feira;04:00:00;MG;40;740,5;SANTOS DUMONT;Transitar na contram�o;Colis�o frontal;Com V�timas Feridas;Plena Noite;Crescente;C�u Claro;Simples;Curva;N�o;2;0;0;1;1;0;1;2;-21,426;-43,557;SPRF-MG;DEL05-MG;UOP01-DEL05-MG;;;
743532;30/12/2025;ter�a-feira;13:50:00;RS;386;311,9;MARQUES DE SOUZA;Suic�dio (presumido);Colis�o frontal;Com V�timas Fatais;Pleno dia;Crescente;Nublado;Simples;Reta;N�o;4;1;0;0;2;1;0;3;-29,22801417;-52,15462659;SPRF-RS;DEL04-RS;UOP01-DEL04-RS;;;
743634;27/11/2025;quinta-feira;03:31:00;PB;230;243;JUAZEIRINHO;Aus�ncia de rea��o do condutor;Colis�o lateral sentido oposto;Com V�timas Feridas;Plena Noite;Crescente;C�u Claro;Simples;Reta;N�o;1;0;1;0;0;0;1;1;-7,068951;-36,588002;SPRF-PB;DEL02-PB;UOP02-DEL02-PB;;;
743705;09/11/2025;domingo;18:57:00;PA;163;422;ALTAMIRA;Acessar a via sem observar a presen�a dos outros ve�culos;Colis�o frontal;Sem V�timas;Anoitecer;Crescente;Ignorado;Simples;Reta;N�o;2;0;0;0;1;1;0;2;-6;-55;SPRF-PA;DEL05-PA;UOP03-DEL05-PA;;;
743782;28/12/2025;domingo;21:21:00;MG;381;355;JOAO MONLEVADE;Carga excessiva e/ou mal acondicionada;Tombamento;Com V�timas Feridas;Plena Noite;Decrescente;C�u Claro;Simples;"Curva;Aclive";N�o;2;0;1;0;0;1;1;2;-19,85085374;-43,21717858;SPRF-MG;DEL03-MG;UOP01-DEL03-MG;;;
743821;27/11/2025;quinta-feira;06:00:00;CE;116;35;AQUIRAZ;Condutor Dormindo;Colis�o com objeto;Com V�timas Feridas;Pleno dia;Decrescente;C�u Claro;Dupla;Reta;Sim;1;0;1;0;0;0;1;1;-4,0576468;-38,505119;SPRF-CE;DEL01-CE;UOP02-DEL01-CE;;;