id;data_inversa;dia_semana;horario;uf;br;km;municipio;causa_acidente;tipo_acidente;classificacao_acidente;fase_dia;sentido_via;condicao_metereologica;tipo_pista;tracado_via;uso_solo;pessoas;mortos;feridos_leves;feridos_graves;ilesos;ignorados;feridos;veiculos;latitude;longitude;regional;delegacia;uop;;;
743841;11/12/2025;quinta-feira;23:30:00;MG;381;580,3;CARMOPOLIS DE MINAS;Aus�ncia de rea��o do condutor;Colis�o traseira;Com V�timas Feridas;Plena Noite;Crescente;C�u Claro;Dupla;"Aclive;Curva";N�o;39;0;9;2;27;3;11;5;-20,48594;-44,59258;SPRF-MG;DEL04-MG;UOP01-DEL04-MG;;;
743862;24/12/2025;quarta-feira;12:10:00;BA;116;415;FEIRA DE SANTANA;Acessar a via sem observar a presen�a dos outros ve�culos;Colis�o traseira;Com V�timas Feridas;Pleno dia;Decrescente;C�u Claro;Dupla;Reta;N�o;8;0;5;0;3;0;5;4;-12,11235835;-38,96900654;SPRF-BA;DEL02-BA;UOP01-DEL02-BA;;;
743907;14/10/2025;ter�a-feira;09:00:00;SP;381;86;SAO PAULO;Ultrapassagem Indevida;Colis�o lateral mesmo sentido;Com V�timas Feridas;Pleno dia;Crescente;C�u Claro;M�ltipla;Reta;N�o;4;0;1;0;2;1;1;3;-23,46447108;-46,57158661;SPRF-SP;DEL03-SP;UOP01-DEL03-SP;;;
744028;21/11/2025;sexta-feira;14:35:00;MG;381;621,4;OLIVEIRA;Condutor deixou de manter dist�ncia do ve�culo da frente;Colis�o traseira;Com V�timas Feridas;Pleno dia;Crescente;C�u Claro;Dupla;Aclive;N�o;5;0;1;1;2;1;2;3;-20,78378768;-44,78639604;SPRF-MG;DEL04-MG;UOP01-DEL04-MG;;;
744041;29/12/2025;segunda-feira;00:19:00;MG;40;244;SAO GONCALO DO ABAETE;Aus�ncia de rea��o do condutor;Sa�da de leito carro��vel;Sem V�timas;Plena Noite;Crescente;C�u Claro;Simples;Curva;N�o;1;0;0;0;0;1;0;1;-18,0926462;-45,476685;SPRF-MG;DEL14-MG;UOP02-DEL14-MG;;;
744076;26/10/2025;domingo;10:30:00;MS;262;408;TERENOS;Ingest�o de �lcool pelo condutor;Colis�o lateral mesmo sentido;Sem V�timas;Pleno dia;Decrescente;Chuva;Simples;Reta;N�o;3;0;0;0;2;1;0;3;-20,43505595;-54,9010849;SPRF-MS;DEL01-MS;UOP03-DEL01-MS;;;
744176;24/12/2025;quarta-feira;08:00:00;TO;153;412,4;MIRANORTE;Aus�ncia de rea��o do condutor;Tombamento;Com V�timas Feridas;Pleno dia;Crescente;C�u Claro;Dupla;"Interse��o de Vias;Curva";Sim;4;0;3;0;0;1;3;2;-9,51722;-48,590388;SPRF-TO;DEL02-TO;UOP02-DEL02-TO;;;
744193;28/10/2025;ter�a-feira;09:30:00;PA;308;204;BRAGANCA;Acessar a via sem observar a presen�a dos outros ve�culos;Colis�o com objeto;Com V�timas Feridas;Pleno dia;Decrescente;C�u Claro;Simples;Ponte;Sim;3;0;1;0;1;1;1;3;-1,06190085;-46,75442219;SPRF-PA;DEL01-PA;UOP03-DEL01-PA;;;
744202;21/11/2025;sexta-feira;00:50:00;MG;381;486,5;BETIM;Aus�ncia de rea��o do condutor;Colis�o traseira;Com V�timas Feridas;Plena Noite;Decrescente;C�u Claro;Dupla;"Interse��o de Vias;Reta";N�o;3;0;1;0;1;2;1;4;-19,9558751;-44,10053635;SPRF-MG;DEL01-MG;UOP03-DEL01-MG;;;
744209;01/11/2025;s�bado;04:20:00;MG;262;348;BETIM;Aus�ncia de rea��o do condutor;Colis�o traseira;Com V�timas Feridas;Plena Noite;Decrescente;C�u Claro;Dupla;Reta;N�o;3;0;1;0;2;0;1;3;-19,98519552;-44,20526918;SPRF-MG;DEL01-MG;UOP03-DEL01-MG;;;
744227;28/11/2025;sexta-feira;14:51:00;PA;163;653;ITAITUBA;Acostamento em desn�vel;Tombamento;Sem V�timas;Pleno dia;Crescente;C�u Claro;Simples;"Aclive;Curva";N�o;3;0;0;0;1;4;0;5;-4,5092;-55,8641;SPRF-PA;DEL05-PA;UOP02-DEL05-PA;;;
744328;12/12/2025;sexta-feira;09:15:00;MG;381;787;SAO GONCALO DO SAPUCAI;Manobra de mudan�a de faixa;Colis�o lateral mesmo sentido;Sem V�timas;Pleno dia;Crescente;Sol;Dupla;Reta;N�o;3;0;0;0;2;1;0;2;-21,85787;-45,5239466;SPRF-MG;DEL16-MG;UOP02-DEL16-MG;;;
744339;22/09/2025;segunda-feira;20:30:00;MG;153;22;CENTRALINA;Rea��o tardia ou ineficiente do condutor;Colis�o traseira;Com V�timas Feridas;Plena Noite;Crescente;Garoa/Chuvisco;Dupla;Reta;N�o;2;0;1;0;1;0;1;2;-18,6120796;-49,1915648;SPRF-MG;DEL15-MG;UOP03-DEL15-MG;;;
744353;19/12/2025;sexta-feira;17:12:00;RO;429;26;PRESIDENTE MEDICI;Rea��o tardia ou ineficiente do condutor;Tombamento;Com V�timas Feridas;Anoitecer;Decrescente;C�u Claro;Simples;Curva;N�o;2;0;1;0;0;1;1;2;-11,22605647;-62,12905884;SPRF-RO;DEL02-RO;UOP03-DEL02-RO;;;
744375;30/08/2025;s�bado;01:10:00;BA;116;887;CANDIDO SALES;Rea��o tardia ou ineficiente do condutor;Tombamento;Com V�timas Feridas;Plena Noite;Crescente;Ignorado;Simples;Reta;N�o;2;0;0;1;0;1;1;2;-15,3495;-41,1676;SPRF-BA;DEL08-BA;UOP03-DEL08-BA;;;
744407;23/12/2025;ter�a-feira;15:20:00;TO;153;733;FIGUEIROPOLIS;Rea��o tardia ou ineficiente do condutor;Tombamento;Com V�timas Feridas;Pleno dia;Crescente;Sol;Simples;Reta;N�o;3;0;0;1;1;1;1;3;-12,229531;-49,157861;SPRF-TO;DEL01-TO;UOP02-DEL01-TO;;;
744421;24/12/2025;quarta-feira;00:05:00;ES;101;95;SOORETAMA;Velocidade Incompat�vel;Colis�o traseira;Com V�timas Fatais;Plena Noite;Decrescente;Nublado;Simples;Reta;N�o;11;4;3;0;4;0;3;4;-19,19006711;-40,09455621;SPRF-ES;DEL04-ES;UOP02-DEL04-ES;;;
744518;19/12/2025;sexta-feira;17:30:00;GO;153;505,7;APARECIDA DE GOIANIA;Acumulo de �gua sobre o pavimento;Colis�o lateral mesmo sentido;Com V�timas Feridas;Anoitecer;Decrescente;Nublado;M�ltipla;"Reta;Interse��o de Vias";Sim;2;0;1;0;0;1;1;2;-16,75144201;-49,24116695;SPRF-GO;DEL01-GO;UOP01-DEL01-GO;;;
744545;08/10/2025;quarta-feira;05:40:00;MG;40;46,9;PARACATU;Falta de acostamento;Colis�o traseira;Com V�timas Feridas;Amanhecer;Crescente;C�u Claro;Simples;"Aclive;Reta";N�o;3;0;1;1;1;0;2;2;-17,240796;-46,829535;SPRF-MG;DEL14-MG;UOP01-DEL14-MG;;;
744624;12/12/2025;sexta-feira;10:00:00;PR;476;144;ARAUCARIA;Condutor deixou de manter dist�ncia do ve�culo da frente;Colis�o traseira;Com V�timas Feridas;Pleno dia;Crescente;C�u Claro;Dupla;Reta;Sim;3;0;1;0;1;1;1;3;-25,57484877;-49,38916469;SPRF-PR;DEL01-PR;UOP06-DEL01-PR;;;
744757;10/07/2025;quinta-feira;04:00:00;GO;153;650;MORRINHOS;Rea��o tardia ou ineficiente do condutor;Colis�o traseira;Com V�timas Feridas;Plena Noite;Decrescente;C�u Claro;Dupla;Reta;N�o;3;0;1;0;1;3;1;5;-17,95651806;-49,25054991;SPRF-GO;DEL03-GO;UOP01-DEL03-GO;;;
744758;17/12/2025;quarta-feira;16:45:00;SC;282;618;IRACEMINHA;Demais falhas mec�nicas ou el�tricas;Inc�ndio;Sem V�timas;Pleno dia;Crescente;Sol;Simples;Reta;N�o;2;0;0;0;1;1;0;2;-26,7884113;-53,29354662;SPRF-SC;DEL07-SC;UOP02-DEL07-SC;;;
745183;30/12/2025;ter�a-feira;00:30:00;SC;282;498;XANXERE;Acessar a via sem observar a presen�a dos outros ve�culos;Colis�o transversal;Com V�timas Feridas;Plena Noite;Crescente;Nublado;Simples;"Retorno Regulamentado;Reta;Interse��o de Vias";N�o;2;0;1;0;1;0;1;2;-26,88051679;-52,35949874;SPRF-SC;DEL07-SC;UOP01-DEL07-SC;;;
745223;12/12/2025;sexta-feira;10:45:00;MG;262;92;ABRE CAMPO;Transitar no Acostamento;Colis�o traseira;Com V�timas Feridas;Pleno dia;Decrescente;C�u Claro;Simples;Reta;N�o;3;0;1;1;1;0;2;2;-20,32144799;-42,4697113;SPRF-MG;DEL03-MG;UOP03-DEL03-MG;;;
745251;29/10/2025;quarta-feira;03:50:00;SC;101;4;GARUVA;Aus�ncia de rea��o do condutor;Colis�o traseira;Com V�timas Feridas;Plena Noite;Crescente;Nublado;Dupla;Reta;N�o;3;0;0;1;1;3;1;5;-26,01835633;-48,86220329;SPRF-SC;DEL03-SC;UOP01-DEL03-SC;;;
745368;27/09/2025;s�bado;19:40:00;RO;364;1036;PORTO VELHO;Rea��o tardia ou ineficiente do condutor;Sa�da de leito carro��vel;Com V�timas Feridas;Plena Noite;Decrescente;Ignorado;Simples;Reta;N�o;2;0;1;0;0;1;1;2;-9,77131784;-66,3457489;SPRF-RO;DEL01-RO;UOP03-DEL01-RO;;;
745381;23/12/2025;ter�a-feira;02:30:00;BA;116;738;BOA NOVA;Transitar na contram�o;Colis�o lateral sentido oposto;Com V�timas Feridas;Plena Noite;Crescente;Nublado;Simples;Declive;N�o;4;0;1;0;1;2;1;3;-14,37581;-40,34739;SPRF-BA;DEL08-BA;UOP02-DEL08-BA;;;
745386;04/12/2025;quinta-feira;10:00:00;BA;242;827;BARREIRAS;Velocidade Incompat�vel;Colis�o frontal;Sem V�timas;Pleno dia;Decrescente;Chuva;Simples;Reta;N�o;3;0;0;0;2;2;0;4;-12,11909852;-45,05308449;SPRF-BA;DEL10-BA;UOP01-DEL10-BA;;;
745402;26/07/2025;s�bado;15:28:00;MG;116;508,5;UBAPORANGA;Condutor deixou de manter dist�ncia do ve�culo da frente;Queda de ocupante de ve�culo;Com V�timas Feridas;Pleno dia;Decrescente;C�u Claro;Simples;Curva;Sim;4;0;0;1;0;3;1;4;-19,63585227;-42,10579488;SPRF-MG;DEL06-MG;UOP02-DEL06-MG;;;
745484;17/12/2025;quarta-feira;14:25:00;BA;116;493,2;RAFAEL JAMBEIRO;Aus�ncia de rea��o do condutor;Colis�o traseira;Com V�timas Feridas;Pleno dia;Decrescente;C�u Claro;Dupla;Reta;N�o;3;0;0;1;1;4;1;6;-12,57527902;-39,50358175;SPRF-BA;DEL02-BA;UOP01-DEL02-BA;;;
745486;19/09/2025;sexta-feira;17:50:00;MG;381;948;EXTREMA;Trafegar com motocicleta (ou similar) entre as faixas;Colis�o lateral mesmo sentido;Com V�timas Feridas;Pleno dia;Crescente;C�u Claro;Dupla;Reta;N�o;4;0;1;0;0;3;1;4;-22,86986834;-46,35746138;SPRF-MG;DEL16-MG;UOP03-DEL16-MG;;;
745561;16/10/2025;quinta-feira;10:25:00;MG;365;16,6;MONTES CLAROS;Velocidade Incompat�vel;Tombamento;Com V�timas Feridas;Pleno dia;Crescente;C�u Claro;Simples;"Declive;Curva";N�o;4;0;1;0;0;3;1;3;-16,847431;-43,965578;SPRF-MG;DEL12-MG;UOP01-DEL12-MG;;;
745562;08/07/2025;ter�a-feira;15:01:00;RS;386;316,8;MARQUES DE SOUZA;Sinaliza��o mal posicionada;Engavetamento;Com V�timas Feridas;Pleno dia;Crescente;Sol;Simples;"Em Obras;Ponte;Curva";N�o;5;0;1;0;3;1;1;5;-29,26224146;-52,14737741;SPRF-RS;DEL04-RS;UOP01-DEL04-RS;;;
745703;14/10/2025;ter�a-feira;23:50:00;MG;116;782,8;LEOPOLDINA;Velocidade Incompat�vel;Sa�da de leito carro��vel;Com V�timas Feridas;Plena Noite;Crescente;Nublado;Simples;Curva;N�o;2;0;1;0;0;1;1;2;-21,5351296;-42,6573824;SPRF-MG;DEL07-MG;UOP01-DEL07-MG;;;
745752;17/10/2025;sexta-feira;17:30:00;PR;376;185,6;SARANDI;Demais falhas mec�nicas ou el�tricas;Colis�o lateral mesmo sentido;Sem V�timas;Pleno dia;Decrescente;Nublado;Dupla;Reta;N�o;3;0;0;0;2;1;0;3;-23,451113;-51,854608;SPRF-PR;DEL09-PR;UOP01-DEL09-PR;;;
745804;19/12/2025;sexta-feira;04:20:00;MG;381;552,6;ITAGUARA;Aus�ncia de rea��o do condutor;Colis�o lateral mesmo sentido;Com V�timas Feridas;Plena Noite;Decrescente;Chuva;Dupla;"Reta;Aclive";N�o;4;0;0;1;1;3;1;5;-20,318518;-44,454627;SPRF-MG;DEL04-MG;UOP03-DEL04-MG;;;
745856;07/07/2025;segunda-feira;11:15:00;MT;163;829,1;SINOP;Acessar a via sem observar a presen�a dos outros ve�culos;Colis�o traseira;Com V�timas Feridas;Pleno dia;Decrescente;Ignorado;Dupla;"Retorno Regulamentado;Interse��o de Vias";Sim;4;0;2;0;1;2;2;4;-11,912667;-55,508482;SPRF-MT;DEL06-MT;UOP02-DEL06-MT;;;
745866;18/11/2025;ter�a-feira;07:00:00;RJ;101;596;PARATY;Velocidade Incompat�vel;Tombamento;Com V�timas Feridas;Pleno dia;Decrescente;C�u Claro;Simples;Curva;N�o;2;0;1;0;0;1;1;2;-23,33773517;-44,74355351;SPRF-RJ;DEL03-RJ;UOP04-DEL03-RJ;;;
745968;17/11/2025;segunda-feira;21:00:00;MG;381;745,6;TRES CORACOES;Rea��o tardia ou ineficiente do condutor;Sa�da de leito carro��vel;Com V�timas Feridas;Plena Noite;Crescente;Ignorado;Dupla;Reta;N�o;2;0;1;0;0;1;1;2;-21,6149875;-45,2585317;SPRF-MG;DEL16-MG;UOP02-DEL16-MG;;;
746028;23/12/2025;ter�a-feira;08:50:00;MG;251;457,5;GRAO MOGOL;Ultrapassagem Indevida;Colis�o lateral mesmo sentido;Com V�timas Feridas;Pleno dia;Decrescente;C�u Claro;Simples;Reta;N�o;3;0;1;1;0;1;2;3;-16,43798765;-43,26129149;SPRF-MG;DEL12-MG;UOP01-DEL12-MG;;;
746466;24/03/2025;segunda-feira;18:30:00;MG;251;218,8;CACHOEIRA DE PAJEU;Transitar na contram�o;Colis�o frontal;Com V�timas Feridas;Anoitecer;Decrescente;C�u Claro;Simples;Reta;N�o;2;0;1;0;0;1;1;2;-15,90520647;-41,54754639;SPRF-MG;DEL12-MG;UOP02-DEL12-MG;;;
746683;12/11/2025;quarta-feira;07:45:00;PR;277;313;PRUDENTOPOLIS;Manobra de mudan�a de faixa;Colis�o lateral mesmo sentido;Com V�timas Feridas;Pleno dia;Crescente;C�u Claro;Simples;"Declive;Curva";N�o;8;0;0;1;5;5;1;8;-25,315859;-51,196881;SPRF-PR;DEL08-PR;UOP01-DEL08-PR;;;
746698;17/11/2025;segunda-feira;05:15:00;SP;381;79;SAO PAULO;Velocidade Incompat�vel;Tombamento;Com V�timas Feridas;Pleno dia;Crescente;C�u Claro;Dupla;Curva;Sim;2;0;1;0;0;1;1;2;-23,40547167;-46,57990392;SPRF-SP;DEL03-SP;UOP01-DEL03-SP;;;
746723;16/11/2025;domingo;18:39:00;PA;163;297;NOVO PROGRESSO;Defici�ncia do Sistema de Ilumina��o/Sinaliza��o;Colis�o traseira;Com V�timas Feridas;Plena Noite;Crescente;Ignorado;Simples;Reta;N�o;2;0;1;0;1;0;1;2;-7,1543;-55,37308;SPRF-PA;DEL05-PA;UOP03-DEL05-PA;;;
746841;11/10/2025;s�bado;11:47:00;SP;116;114,2;TAUBATE;Manobra de mudan�a de faixa;Colis�o lateral mesmo sentido;Com V�timas Feridas;Pleno dia;Crescente;Nublado;Dupla;Reta;Sim;7;0;4;0;1;2;4;4;-23,04731876;-45,5934754;SPRF-SP;DEL02-SP;UOP02-DEL02-SP;;;
746877;16/12/2025;ter�a-feira;15:45:00;RJ;493;3;ITABORAI;Aus�ncia de rea��o do condutor;Colis�o traseira;Sem V�timas;Pleno dia;Decrescente;C�u Claro;Dupla;"Reta;Viaduto";Sim;3;0;0;0;2;4;0;6;-22,75870883;-42,93598048;SPRF-RJ;DEL02-RJ;UOP02-DEL02-RJ;;;
746927;16/08/2025;s�bado;11:15:00;BA;116;777;PLANALTO;Aus�ncia de rea��o do condutor;Colis�o lateral sentido oposto;Com V�timas Feridas;Pleno dia;Crescente;Nublado;Simples;Reta;Sim;4;0;0;1;2;3;1;6;-14,67124614;-40,47971103;SPRF-BA;DEL08-BA;UOP02-DEL08-BA;;;
747101;16/12/2025;ter�a-feira;21:17:00;CE;116;61;CHOROZINHO;Ultrapassagem Indevida;Colis�o lateral sentido oposto;Com V�timas Feridas;Plena Noite;Crescente;C�u Claro;Simples;"Reta;Ponte";N�o;4;0;2;0;1;1;2;4;-4,266965;-38,48981;SPRF-CE;DEL01-CE;UOP04-DEL01-CE;;;
747128;19/12/2025;sexta-feira;17:05:00;MG;251;269;SALINAS;Demais Fen�menos da natureza;Inc�ndio;Sem V�timas;Anoitecer;Crescente;C�u Claro;Simples;Reta;N�o;3;0;0;0;2;1;0;3;-16;-42;SPRF-MG;DEL12-MG;UOP02-DEL12-MG;;;
747130;08/12/2025;segunda-feira;16:20:00;PR;116;114;CURITIBA;Trafegar com motocicleta (ou similar) entre as faixas;Colis�o lateral mesmo sentido;Com V�timas Feridas;Pleno dia;Decrescente;Nublado;Dupla;Reta;Sim;4;0;0;1;2;1;1;4;-25,548284;-49,286592;SPRF-PR;DEL01-PR;UOP03-DEL01-PR;;;
747138;20/12/2025;s�bado;23:25:00;GO;153;4,2;PORANGATU;Transitar na contram�o;Colis�o lateral sentido oposto;Com V�timas Fatais;Plena Noite;Crescente;C�u Claro;Simples;Reta;N�o;5;2;1;1;1;0;2;2;-12,87246;-49,105001;SPRF-GO;DEL07-GO;UOP01-DEL07-GO;;;
747194;19/12/2025;sexta-feira;18:15:00;PR;369;132;IBIPORA;Rea��o tardia ou ineficiente do condutor;Colis�o traseira;Sem V�timas;Pleno dia;Crescente;Sol;Dupla;Reta;N�o;3;0;0;0;3;0;0;2;-23,26014744;-51,00441154;SPRF-PR;DEL07-PR;UOP01-DEL07-PR;;;
747206;08/12/2025;segunda-feira;05:35:00;BA;324;609;SIMOES FILHO;Rea��o tardia ou ineficiente do condutor;Tombamento;Sem V�timas;Pleno dia;Decrescente;C�u Claro;Simples;Curva;N�o;2;0;0;0;1;1;0;2;-12,821325;-38,408048;SPRF-BA;DEL01-BA;UOP01-DEL01-BA;;;
747249;15/06/2025;domingo;08:40:00;PR;376;667;GUARATUBA;Problema com o freio;Tombamento;Com V�timas Fatais;Pleno dia;Crescente;Chuva;Dupla;Curva;N�o;2;1;0;0;0;1;0;2;-25,863935;-48,934555;SPRF-PR;DEL01-PR;UOP04-DEL01-PR;;;
747277;30/12/2025;ter�a-feira;23:00:00;PR;369;486,1;CORBELIA;Aus�ncia de rea��o do condutor;Colis�o com objeto;Com V�timas Feridas;Plena Noite;Decrescente;C�u Claro;Simples;Reta;Sim;2;0;1;0;1;0;1;2;-24,80931857;-53,29366041;SPRF-PR;DEL04-PR;UOP03-DEL04-PR;;;
747308;26/12/2025;sexta-feira;17:25:00;MS;262;604;MIRANDA;Acessar a via sem observar a presen�a dos outros ve�culos;Colis�o transversal;Com V�timas Feridas;Pleno dia;Decrescente;C�u Claro;Simples;"Interse��o de Vias;Reta;Rotat�ria";N�o;2;0;0;1;1;0;1;2;-20,07640336;-56,76089142;SPRF-MS;DEL03-MS;UOP02-DEL03-MS;;;
747329;01/12/2025;segunda-feira;23:30:00;MG;116;105,1;ITAOBIM;Transitar na contram�o;Colis�o lateral sentido oposto;Com V�timas Feridas;Plena Noite;Decrescente;Nublado;Simples;"Curva;Aclive";N�o;5;0;0;3;1;1;3;3;-16,47274;-41,503769;SPRF-MG;DEL11-MG;UOP02-DEL11-MG;;;
747334;26/11/2025;quarta-feira;12:55:00;CE;222;207,2;FORQUILHA;Transitar na contram�o;Colis�o lateral sentido oposto;Com V�timas Feridas;Pleno dia;Crescente;C�u Claro;Simples;Curva;N�o;3;0;1;0;1;1;1;3;-3,79443;-40,25228;SPRF-CE;DEL04-CE;UOP01-DEL04-CE;;;
747447;18/12/2025;quinta-feira;19:00:00;MG;365;430;PATOS DE MINAS;Chuva;Colis�o lateral sentido oposto;Com V�timas Fatais;Plena Noite;Decrescente;Chuva;Simples;"Curva;Aclive";N�o;4;1;0;0;2;1;0;4;-18,7435;-46,6299;SPRF-MG;DEL10-MG;UOP01-DEL10-MG;;;
747455;15/11/2025;s�bado;18:25:00;PR;116;94,1;SAO JOSE DOS PINHAIS;Manobra de mudan�a de faixa;Colis�o lateral mesmo sentido;Com V�timas Feridas;Anoitecer;Decrescente;Nublado;Dupla;"Reta;Aclive";N�o;4;0;0;1;2;2;1;5;-25,520982;-49,134981;SPRF-PR;DEL01-PR;UOP07-DEL01-PR;;;
747507;27/09/2025;s�bado;10:30:00;RS;158;88,8;PALMEIRA DAS MISSOES;Transitar na contram�o;Colis�o frontal;Com V�timas Fatais;Pleno dia;Crescente;C�u Claro;Simples;Reta;N�o;4;1;0;0;1;2;0;4;-27,8070683;-53,3342603;SPRF-RS;DEL08-RS;UOP02-DEL08-RS;;;
747713;09/12/2025;ter�a-feira;23:20:00;SC;470;146;RIO DO SUL;Desrespeitar a prefer�ncia no cruzamento;Colis�o transversal;Com V�timas Feridas;Plena Noite;Decrescente;C�u Claro;Simples;Interse��o de Vias;Sim;2;0;0;1;1;0;1;2;-27,23951558;-49,68459455;SPRF-SC;DEL04-SC;UOP02-DEL04-SC;;;
747802;14/12/2025;domingo;18:10:00;SE;101;130,2;ESTANCIA;Acesso irregular;Colis�o transversal;Com V�timas Fatais;Plena Noite;Decrescente;C�u Claro;Dupla;Reta;N�o;3;1;0;0;1;1;0;3;-11,099469;-37,371238;SPRF-SE;DEL02-SE;UOP01-DEL02-SE;;;
748159;21/12/2025;domingo;09:22:00;PA;163;423;ITAITUBA;Rea��o tardia ou ineficiente do condutor;Tombamento;Sem V�timas;Pleno dia;Crescente;Ignorado;Simples;"Curva;Declive";N�o;2;0;0;0;0;2;0;1;-6,12171177;-55,61522198;SPRF-PA;DEL05-PA;UOP03-DEL05-PA;;;
748372;24/11/2025;segunda-feira;17:10:00;RJ;116;281;BARRA MANSA;Aus�ncia de rea��o do condutor;Tombamento;Sem V�timas;Pleno dia;Crescente;Sol;Dupla;Reta;N�o;1;0;0;0;1;0;0;1;-22,50992673;-44,21881199;SPRF-RJ;DEL07-RJ;UOP02-DEL07-RJ;;;
748427;13/11/2025;quinta-feira;12:05:00;PB;230;112,8;INGA;Velocidade Incompat�vel;Tombamento;Com V�timas Feridas;Pleno dia;Crescente;C�u Claro;Dupla;Curva;N�o;1;0;0;1;0;0;1;1;-7,217953;-35,595646;SPRF-PB;DEL01-PB;UOP02-DEL01-PB;;;
748462;09/11/2025;domingo;23:10:00;MA;135;111;ITAPECURU MIRIM;Ingest�o de �lcool pelo condutor;Colis�o lateral sentido oposto;Com V�timas Fatais;Plena Noite;Crescente;C�u Claro;Simples;Reta;N�o;10;1;5;0;1;3;5;5;-3,44861;-44,52556;SPRF-MA;DEL01-MA;UOP02-DEL01-MA;;;
748465;29/12/2025;segunda-feira;03:37:00;PA;10;37,3;DOM ELISEU;Transitar na contram�o;Colis�o frontal;Com V�timas Fatais;Plena Noite;Decrescente;C�u Claro;Simples;Reta;N�o;3;1;0;0;1;3;0;5;-4,123237;-47,548313;SPRF-PA;DEL02-PA;UOP02-DEL02-PA;;;
748487;12/12/2025;sexta-feira;08:30:00;CE;222;119;ITAPAJE;Avarias e/ou desgaste excessivo no pneu;Tombamento;Sem V�timas;Pleno dia;Decrescente;C�u Claro;Simples;Reta;N�o;2;0;0;0;1;1;0;2;-3,714281;-39,567072;SPRF-CE;DEL04-CE;UOP03-DEL04-CE;;;
748517;22/12/2025;segunda-feira;08:00:00;RN;101;118;SAO JOSE DE MIPIBU;Condutor deixou de manter dist�ncia do ve�culo da frente;Colis�o traseira;Com V�timas Feridas;Pleno dia;Crescente;Nublado;Dupla;Reta;Sim;6;0;2;0;3;1;2;3;-6,02226777;-35,25154218;SPRF-RN;DEL01-RN;UOP01-DEL01-RN;;;
748707;16/12/2025;ter�a-feira;16:30:00;MT;364;397;CUIABA;Aus�ncia de rea��o do condutor;Colis�o traseira;Com V�timas Feridas;Pleno dia;Crescente;Chuva;Dupla;Retorno Regulamentado;Sim;4;0;2;0;1;2;2;4;-15,669493;-55,952328;SPRF-MT;DEL01-MT;UOP02-DEL01-MT;;;
748711;02/08/2025;s�bado;10:35:00;AM;319;116;CANUTAMA;Transitar na contram�o;Colis�o frontal;Com V�timas Fatais;Pleno dia;Decrescente;Nublado;Simples;Reta;N�o;2;1;0;1;0;0;1;2;-8,61836213;-63,99707794;SPRF-AM;DEL01-AM;UOP04-DEL01-AM;;;
748720;27/11/2025;quinta-feira;09:41:00;PA;316;64,1;CASTANHAL;Acessar a via sem observar a presen�a dos outros ve�culos;Colis�o lateral mesmo sentido;Com V�timas Fatais;Pleno dia;Crescente;C�u Claro;Simples;Interse��o de Vias;Sim;2;1;0;0;1;0;0;2;-1,29639;-47,91884;SPRF-PA;DEL01-PA;UOP01-DEL01-PA;;;
748807;14/11/2025;sexta-feira;07:40:00;MA;10;38;CAROLINA;Transitar na contram�o;Colis�o lateral sentido oposto;Com V�timas Fatais;Pleno dia;Decrescente;C�u Claro;Simples;"Curva;Declive";N�o;4;1;0;1;1;3;1;5;-7,308193;-47,442123;SPRF-MA;DEL04-MA;UOP02-DEL04-MA;;;
748920;17/12/2025;quarta-feira;15:00:00;PR;116;115,1;CURITIBA;Rea��o tardia ou ineficiente do condutor;Engavetamento;Com V�timas Feridas;Pleno dia;Crescente;Nublado;M�ltipla;Reta;Sim;4;0;1;0;3;0;1;4;-25,552048;-49,305362;SPRF-PR;DEL01-PR;UOP03-DEL01-PR;;;
748931;27/11/2025;quinta-feira;14:00:00;AM;319;160;MANAQUIRI;Pista esburacada;Sa�da de leito carro��vel;Com V�timas Feridas;Pleno dia;Crescente;Chuva;Simples;Reta;N�o;3;0;1;0;0;2;1;3;-4,08088438;-60,68058014;SPRF-AM;DEL01-AM;UOP04-DEL01-AM;;;
748976;06/04/2025;domingo;13:37:00;SC;101;233,7;PALHOCA;Rea��o tardia ou ineficiente do condutor;Colis�o com objeto;Com V�timas Feridas;Pleno dia;Crescente;C�u Claro;Dupla;"Curva;Declive";N�o;33;0;4;4;24;6;8;31;-27,808425;-48,638622;SPRF-SC;DEL01-SC;UOP02-DEL01-SC;;;
749028;15/10/2025;quarta-feira;05:20:00;PA;230;696;BRASIL NOVO;Aus�ncia de rea��o do condutor;Colis�o traseira;Com V�timas Fatais;Amanhecer;Crescente;Ignorado;Simples;Reta;N�o;2;1;0;0;0;1;0;2;-3,3077;-52,52321;SPRF-PA;DEL04-PA;UOP01-DEL04-PA;;;
749350;10/09/2025;quarta-feira;18:30:00;GO;40;45;LUZIANIA;Demais falhas mec�nicas ou el�tricas;Colis�o transversal;Com V�timas Fatais;Plena Noite;Decrescente;C�u Claro;Dupla;"Reta;Declive";N�o;2;1;0;0;1;0;0;2;-16,39385028;-47,82474157;SPRF-DF;DEL01-DF;UOP02-DEL01-DF;;;
749404;25/11/2025;ter�a-feira;18:30:00;MT;70;89;BARRA DO GARCAS;Restri��o de visibilidade em curvas verticais;Sa�da de leito carro��vel;Com V�timas Feridas;Plena Noite;Decrescente;C�u Claro;Simples;Curva;N�o;2;0;1;0;0;2;1;3;-15,8725199;-52,3855256;SPRF-MT;DEL07-MT;UOP01-DEL07-MT;;;