id;data_inversa;dia_semana;horario;uf;br;km;municipio;causa_acidente;tipo_acidente;classificacao_acidente;fase_dia;sentido_via;condicao_metereologica;tipo_pista;tracado_via;uso_solo;pessoas;mortos;feridos_leves;feridos_graves;ilesos;ignorados;feridos;veiculos;latitude;longitude;regional;delegacia;uop;;;
749516;12/12/2025;sexta-feira;21:50:00;MG;251;328;FRUTA DE LEITE;Rea��o tardia ou ineficiente do condutor;Colis�o lateral sentido oposto;Com V�timas Feridas;Plena Noite;Crescente;C�u Claro;Simples;"Curva;Declive";N�o;3;0;0;1;1;2;1;4;-16,234776;-42,381153;SPRF-MG;DEL12-MG;UOP02-DEL12-MG;;;
749767;31/10/2025;sexta-feira;14:00:00;BA;101;220;CRUZ DAS ALMAS;Transitar na contram�o;Colis�o lateral sentido oposto;Com V�timas Feridas;Pleno dia;Crescente;C�u Claro;Simples;Reta;Sim;5;0;4;0;1;0;4;3;-12,66457452;-39,1295147;SPRF-BA;DEL01-BA;UOP02-DEL01-BA;;;
749890;22/12/2025;segunda-feira;21:35:00;RS;472;499;ITAQUI;Rea��o tardia ou ineficiente do condutor;Sa�da de leito carro��vel;Com V�timas Feridas;Plena Noite;Crescente;Nublado;Simples;Reta;N�o;2;0;1;0;1;0;1;1;-29,33538319;-56,60392284;SPRF-RS;DEL13-RS;UOP01-DEL13-RS;;;
749986;26/12/2025;sexta-feira;18:00:00;RJ;101;425;MANGARATIBA;Trafegar com motocicleta (ou similar) entre as faixas;Colis�o lateral sentido oposto;Com V�timas Feridas;Pleno dia;Crescente;C�u Claro;Simples;"Reta;Declive";N�o;3;0;1;1;1;0;2;2;-22,92687383;-43,96466129;SPRF-RJ;DEL03-RJ;UOP02-DEL03-RJ;;;
749991;26/08/2025;ter�a-feira;20:30:00;MG;40;801,9;MATIAS BARBOSA;Condutor deixou de manter dist�ncia do ve�culo da frente;Colis�o traseira;Com V�timas Fatais;Plena Noite;Decrescente;C�u Claro;Dupla;"Reta;Aclive";N�o;5;2;0;0;2;2;0;4;-21,844411;-43,37683439;SPRF-MG;DEL05-MG;UOP01-DEL05-MG;;;
750177;18/08/2025;segunda-feira;06:17:00;PA;230;569,4;VITORIA DO XINGU;Acessar a via sem observar a presen�a dos outros ve�culos;Colis�o transversal;Com V�timas Feridas;Amanhecer;Decrescente;C�u Claro;Simples;Reta;N�o;7;0;4;0;2;1;4;3;-3,12510087;-51,74146632;SPRF-PA;DEL04-PA;UOP01-DEL04-PA;;;
750194;15/12/2025;segunda-feira;05:30:00;PA;155;316;MARABA;Objeto est�tico sobre o leito carro��vel;Colis�o lateral mesmo sentido;Com V�timas Feridas;Amanhecer;Decrescente;Nublado;Simples;Reta;N�o;1;0;1;0;0;0;1;1;-5,610008;-49,085663;SPRF-PA;DEL03-PA;UOP01-DEL03-PA;;;
750216;02/08/2025;s�bado;06:30:00;SP;116;206;GUARULHOS;Rea��o tardia ou ineficiente do condutor;Colis�o traseira;Com V�timas Feridas;Pleno dia;Crescente;Nublado;M�ltipla;Reta;Sim;4;0;2;0;0;2;2;3;-23,4172663;-46,3758554;SPRF-SP;DEL01-SP;UOP01-DEL01-SP;;;
750284;06/09/2025;s�bado;03:50:00;BA;116;321;ARACI;Ingest�o de �lcool pelo condutor;Colis�o frontal;Com V�timas Feridas;Plena Noite;Crescente;Nublado;Simples;Reta;Sim;2;0;0;1;1;0;1;2;-11,3283916;-38,95335684;SPRF-BA;DEL02-BA;UOP01-DEL02-BA;;;
750441;15/12/2025;segunda-feira;20:15:00;PA;155;77;RIO MARIA;Rea��o tardia ou ineficiente do condutor;Colis�o traseira;Com V�timas Feridas;Plena Noite;Crescente;Ignorado;Simples;Reta;N�o;5;0;1;0;1;6;1;8;-7,37256;-50,0388;SPRF-PA;DEL03-PA;UOP01-DEL03-PA;;;
750525;15/12/2025;segunda-feira;04:55:00;SP;116;231;SAO PAULO;Entrada inopinada do pedestre;Atropelamento de Pedestre;Com V�timas Feridas;Amanhecer;Crescente;C�u Claro;Dupla;Reta;Sim;3;0;0;1;1;1;1;3;-23,52273601;-46,58579707;SPRF-SP;DEL01-SP;UOP01-DEL01-SP;;;
750950;22/09/2025;segunda-feira;04:00:00;PB;230;64;SAO MIGUEL DE TAIPU;Rea��o tardia ou ineficiente do condutor;Colis�o traseira;Com V�timas Fatais;Pleno dia;Crescente;Nublado;Dupla;"Reta;Declive";N�o;5;2;0;0;3;0;0;2;-7,19604921;-35,17150665;SPRF-PB;DEL01-PB;UOP02-DEL01-PB;;;
751201;11/12/2025;quinta-feira;06:30:00;PR;116;3;CAMPINA GRANDE DO SUL;Aus�ncia de sinaliza��o;Colis�o traseira;Com V�timas Feridas;Pleno dia;Decrescente;C�u Claro;Simples;Reta;N�o;3;0;1;0;0;2;1;3;-25,08481001;-48,60123508;SPRF-PR;DEL01-PR;UOP02-DEL01-PR;;;
751386;04/09/2025;quinta-feira;11:15:00;SP;381;54;MAIRIPORA;Demais falhas mec�nicas ou el�tricas;Colis�o traseira;Com V�timas Feridas;Pleno dia;Crescente;C�u Claro;Dupla;"Curva;Aclive";Sim;5;0;1;0;3;1;1;5;-23,242428;-46,597636;SPRF-SP;DEL03-SP;UOP01-DEL03-SP;;;
751553;26/12/2025;sexta-feira;05:40:00;PE;101;58;RECIFE;Aus�ncia de rea��o do condutor;Colis�o lateral mesmo sentido;Com V�timas Feridas;Amanhecer;Decrescente;C�u Claro;Dupla;Reta;N�o;2;0;1;0;1;0;1;2;-7,96749822;-34,91851894;SPRF-PE;DEL01-PE;UOP02-DEL01-PE;;;
752766;24/10/2025;sexta-feira;04:50:00;MA;222;437;SANTA LUZIA;Aus�ncia de rea��o do condutor;Colis�o traseira;Com V�timas Fatais;Plena Noite;Crescente;C�u Claro;Simples;"Reta;Aclive";N�o;5;2;0;1;1;1;1;3;-4,0784016;-45,85736275;SPRF-MA;DEL02-MA;UOP01-DEL02-MA;;;
753413;07/11/2025;sexta-feira;15:20:00;MG;262;481;BOM DESPACHO;Aus�ncia de rea��o do condutor;Colis�o traseira;Com V�timas Feridas;Pleno dia;Crescente;C�u Claro;Simples;Reta;N�o;2;0;0;1;0;1;1;2;-19,78178726;-45,36115408;SPRF-MG;DEL08-MG;UOP03-DEL08-MG;;;
753909;21/02/2025;sexta-feira;20:00:00;RJ;393;174;TRES RIOS;Velocidade Incompat�vel;Tombamento;Com V�timas Feridas;Plena Noite;Crescente;Chuva;Simples;Curva;N�o;4;0;4;0;0;0;4;2;-22,13065219;-43,22027493;SPRF-RJ;DEL05-RJ;UOP03-DEL05-RJ;;;
754402;03/12/2025;quarta-feira;10:00:00;PE;101;113;IPOJUCA;Aus�ncia de rea��o do condutor;Atropelamento de Pedestre;Sem V�timas;Pleno dia;Decrescente;C�u Claro;Dupla;Curva;N�o;3;0;0;0;2;1;0;3;-8,3280759;-35,121615;SPRF-PE;DEL01-PE;UOP03-DEL01-PE;;;
754413;17/10/2025;sexta-feira;21:00:00;ES;101;35,4;CONCEICAO DA BARRA;Acessar a via sem observar a presen�a dos outros ve�culos;Colis�o transversal;Com V�timas Feridas;Plena Noite;Decrescente;C�u Claro;Simples;Interse��o de Vias;N�o;3;0;0;1;1;2;1;4;-18,45926122;-39,93004058;SPRF-ES;DEL04-ES;UOP02-DEL04-ES;;;
754427;09/11/2025;domingo;06:40:00;SP;116;146,4;SAO JOSE DOS CAMPOS;Condutor deixou de manter dist�ncia do ve�culo da frente;Colis�o transversal;Com V�timas Feridas;Pleno dia;Decrescente;C�u Claro;Dupla;"Reta;Declive";N�o;6;0;3;0;1;2;3;4;-23,19598082;-45,87253332;SPRF-SP;DEL02-SP;UOP01-DEL02-SP;;;
754448;26/12/2025;sexta-feira;06:10:00;MG;262;188;SAO DOMINGOS DO PRATA;Velocidade Incompat�vel;Colis�o lateral sentido oposto;Com V�timas Feridas;Pleno dia;Crescente;C�u Claro;Simples;Curva;N�o;8;0;3;1;4;0;4;4;-19,88251684;-43,04803848;SPRF-MG;DEL03-MG;UOP01-DEL03-MG;;;
754663;03/11/2025;segunda-feira;07:40:00;MG;365;613;UBERLANDIA;Frear bruscamente;Colis�o com objeto;Com V�timas Feridas;Pleno dia;Decrescente;C�u Claro;Simples;"Declive;Reta";N�o;2;0;1;0;0;1;1;2;-18,91210512;-48,21998766;SPRF-MG;DEL15-MG;UOP01-DEL15-MG;;;
754987;24/10/2025;sexta-feira;18:30:00;RJ;493;73;NOVA IGUACU;Problema com o freio;Inc�ndio;Sem V�timas;Plena Noite;Decrescente;C�u Claro;Dupla;Reta;N�o;2;0;0;0;2;0;0;1;-22,6878507;-43,5120167;SPRF-RJ;DEL01-RJ;UOP03-DEL01-RJ;;;
755001;03/09/2025;quarta-feira;09:50:00;MA;316;268;SANTA INES;Ultrapassagem Indevida;Colis�o transversal;Com V�timas Feridas;Pleno dia;Decrescente;C�u Claro;Simples;Reta;N�o;3;0;1;0;1;1;1;3;-3,693745;-45,327817;SPRF-MA;DEL02-MA;UOP01-DEL02-MA;;;
755260;07/11/2025;sexta-feira;21:00:00;MT;364;266;RONDONOPOLIS;Ultrapassagem Indevida;Colis�o lateral mesmo sentido;Com V�timas Feridas;Plena Noite;Decrescente;C�u Claro;Dupla;"Declive;Reta;Desvio Tempor�rio";N�o;7;0;0;1;5;3;1;5;-16,4168455;-54,70634322;SPRF-MT;DEL02-MT;UOP01-DEL02-MT;;;
755723;06/11/2025;quinta-feira;15:50:00;BA;116;547;MILAGRES;Problema com o freio;Colis�o traseira;Com V�timas Feridas;Pleno dia;Decrescente;C�u Claro;Simples;Reta;Sim;3;0;1;0;1;1;1;3;-12,880301;-39,858022;SPRF-BA;DEL03-BA;UOP02-DEL03-BA;;;
755804;14/10/2025;ter�a-feira;13:47:00;MT;364;549;ROSARIO OESTE;Pista Escorregadia;Sa�da de leito carro��vel;Com V�timas Feridas;Pleno dia;Decrescente;Chuva;Dupla;Reta;N�o;5;0;1;1;2;2;2;4;-14,789162;-56,39516;SPRF-MT;DEL01-MT;UOP01-DEL01-MT;;;
756078;13/09/2025;s�bado;11:05:00;PB;101;93,9;CONDE;Velocidade Incompat�vel;Engavetamento;Com V�timas Feridas;Pleno dia;Decrescente;C�u Claro;Dupla;Reta;N�o;6;0;1;0;5;0;1;4;-7,21784067;-34,91270542;SPRF-PB;DEL01-PB;UOP01-DEL01-PB;;;
756507;05/10/2025;domingo;14:30:00;MA;135;19;SAO LUIS;Rea��o tardia ou ineficiente do condutor;Sa�da de leito carro��vel;Com V�timas Feridas;Pleno dia;Crescente;Sol;Dupla;"Reta;Aclive";N�o;2;0;1;0;1;0;1;1;-2,725905;-44,327148;SPRF-MA;DEL01-MA;UOP01-DEL01-MA;;;
756641;14/04/2025;segunda-feira;12:30:00;PA;163;377,2;NOVO PROGRESSO;Ultrapassagem Indevida;Colis�o frontal;Com V�timas Fatais;Pleno dia;Crescente;C�u Claro;Simples;Reta;N�o;5;2;0;1;0;9;1;12;-6,49680406;-55,54520925;SPRF-PA;DEL05-PA;UOP03-DEL05-PA;;;
756873;10/06/2025;ter�a-feira;05:30:00;SE;101;1,5;PROPRIA;Aus�ncia de rea��o do condutor;Colis�o lateral mesmo sentido;Com V�timas Feridas;Amanhecer;Crescente;C�u Claro;Dupla;Reta;N�o;2;0;0;1;1;0;1;2;-10,22681502;-36,83567673;SPRF-SE;DEL02-SE;UOP02-DEL02-SE;;;
757223;23/12/2025;ter�a-feira;06:30:00;RO;364;435,4;JARU;Velocidade Incompat�vel;Colis�o lateral sentido oposto;Com V�timas Feridas;Pleno dia;Decrescente;C�u Claro;Simples;"Curva;Declive";N�o;3;0;1;0;1;1;1;3;-10,381638;-62,549077;SPRF-RO;DEL03-RO;UOP02-DEL03-RO;;;
757414;29/03/2025;s�bado;16:55:00;DF;20;3;BRASILIA;Aus�ncia de rea��o do condutor;Colis�o traseira;Com V�timas Feridas;Pleno dia;Decrescente;C�u Claro;Dupla;Aclive;N�o;2;0;0;1;1;0;1;2;-15,6810663;-47,8328149;SPRF-DF;DEL02-DF;UOP01-DEL02-DF;;;
757560;11/10/2025;s�bado;04:30:00;SC;470;111;APIUNA;Chuva;Tombamento;Com V�timas Feridas;Amanhecer;Crescente;Garoa/Chuvisco;Simples;Curva;N�o;1;0;1;0;0;0;1;1;-27,09939;-49,46265;SPRF-SC;DEL04-SC;UOP02-DEL04-SC;;;
757684;29/12/2025;segunda-feira;14:30:00;PR;376;315;ORTIGUEIRA;Aus�ncia de rea��o do condutor;Colis�o frontal;Sem V�timas;Pleno dia;Crescente;Nublado;Simples;Curva;N�o;4;0;0;0;3;2;0;4;-24,01214;-51,09233;SPRF-PR;DEL07-PR;UOP02-DEL07-PR;;;
653223;04/01/2025;s�bado;20:50:00;MS;163;85;ITAQUIRAI;Aus�ncia de rea��o do condutor;Colis�o traseira;Sem V�timas;Plena Noite;Crescente;C�u Claro;Simples;Reta;N�o;2;0;0;0;1;1;0;2;-23,41486497;-54,20829976;SPRF-MS;DEL09-MS;UOP01-DEL09-MS;;;
653975;09/01/2025;quinta-feira;07:40:00;DF;20;13;BRASILIA;Chuva;Sa�da de leito carro��vel;Sem V�timas;Pleno dia;Decrescente;Chuva;Dupla;Reta;Sim;2;0;0;0;1;1;0;2;-15,63700583;-47,74559498;SPRF-DF;DEL02-DF;UOP01-DEL02-DF;;;
655189;15/01/2025;quarta-feira;05:40:00;BA;116;570,8;BREJOES;Condutor deixou de manter dist�ncia do ve�culo da frente;Colis�o traseira;Com V�timas Feridas;Pleno dia;Decrescente;Chuva;Simples;Declive;N�o;3;0;1;0;1;1;1;2;-13,0445;-39,9633;SPRF-BA;DEL03-BA;UOP02-DEL03-BA;;;
655607;17/01/2025;sexta-feira;10:31:00;PI;0;0;FLORIANO;Rea��o tardia ou ineficiente do condutor;Colis�o com objeto;Sem V�timas;Pleno dia;N�o Informado;Nublado;Simples;Reta;Sim;2;0;0;0;1;1;0;2;-6,788374;-43,044399;SPRF-PI;DEL03-PI;UOP01-DEL03-PI;;;
657431;26/01/2025;domingo;09:45:00;MG;381;498,2;BETIM;Aus�ncia de rea��o do condutor;Colis�o lateral mesmo sentido;Com V�timas Feridas;Pleno dia;Crescente;C�u Claro;M�ltipla;"Aclive;Curva";Sim;6;0;4;0;0;2;4;3;-19,98850167;-44,20481152;SPRF-MG;DEL01-MG;UOP03-DEL01-MG;;;
662156;18/02/2025;ter�a-feira;09:55:00;SC;282;99;CUNHA PORA;Aus�ncia de rea��o do condutor;Colis�o traseira;Com V�timas Feridas;Pleno dia;Decrescente;C�u Claro;Simples;Reta;N�o;5;0;2;0;3;0;2;4;-26,80712721;-53,18156546;SPRF-SC;DEL01-SC;UOP03-DEL01-SC;;;
662525;20/02/2025;quinta-feira;09:00:00;AL;101;178,4;TEOTONIO VILELA;Mal s�bito do condutor;Colis�o traseira;Com V�timas Feridas;Pleno dia;Decrescente;C�u Claro;Dupla;Reta;N�o;7;0;3;0;4;0;3;3;-9,88723897;-36,390828;SPRF-AL;DEL02-AL;UOP02-DEL02-AL;;;
662779;21/02/2025;sexta-feira;18:30:00;PE;232;13,9;JABOATAO DOS GUARARAPES;Manobra de mudan�a de faixa;Colis�o lateral mesmo sentido;Com V�timas Feridas;Plena Noite;Crescente;Nublado;Dupla;Reta;N�o;3;0;2;0;0;1;2;2;-8,09836;-35,01904;SPRF-PE;DEL01-PE;UOP01-DEL01-PE;;;
662934;22/02/2025;s�bado;13:50:00;SC;101;158;PORTO BELO;Aus�ncia de rea��o do condutor;Colis�o lateral mesmo sentido;Com V�timas Feridas;Pleno dia;Crescente;C�u Claro;Dupla;Reta;Sim;3;0;0;1;0;2;1;3;-27,19306042;-48,61267269;SPRF-SC;DEL04-SC;UOP03-DEL04-SC;;;
663061;08/02/2025;s�bado;12:00:00;ES;101;294,6;CARIACICA;Condutor deixou de manter dist�ncia do ve�culo da frente;Colis�o traseira;Com V�timas Feridas;Pleno dia;Crescente;Sol;M�ltipla;"Viaduto;Declive;Reta";Sim;9;0;1;0;7;1;1;4;-20,32983151;-40,39897619;SPRF-ES;DEL01-ES;UOP01-DEL01-ES;;;
663606;28/01/2025;ter�a-feira;13:47:00;BA;101;70;ENTRE RIOS;Demais falhas mec�nicas ou el�tricas;Inc�ndio;Sem V�timas;Pleno dia;Decrescente;C�u Claro;Dupla;Reta;N�o;1;0;0;0;1;0;0;1;-11,9674778;-38,1247283;SPRF-BA;DEL01-BA;UOP04-DEL01-BA;;;
664008;12/02/2025;quarta-feira;17:00:00;MG;50;70;UBERLANDIA;Ultrapassagem Indevida;Colis�o lateral mesmo sentido;Com V�timas Feridas;Pleno dia;Crescente;Chuva;Dupla;Reta;Sim;2;0;1;0;0;1;1;2;-18,89049233;-48,25650215;SPRF-MG;DEL15-MG;UOP01-DEL15-MG;;;
664730;02/03/2025;domingo;11:15:00;SP;116;365;MIRACATU;Demais falhas mec�nicas ou el�tricas;Inc�ndio;Sem V�timas;Pleno dia;Crescente;C�u Claro;Dupla;"Declive;Curva";N�o;1;0;0;0;1;0;0;1;-24,1449;-47,2745;SPRF-SP;DEL04-SP;UOP02-DEL04-SP;;;
664901;03/03/2025;segunda-feira;00:25:00;MG;40;94,2;LAGOA GRANDE;Avarias e/ou desgaste excessivo no pneu;Inc�ndio;Sem V�timas;Plena Noite;Crescente;C�u Claro;Simples;Reta;N�o;1;0;0;0;1;0;0;1;-17,526258;-46,546778;SPRF-MG;DEL14-MG;UOP01-DEL14-MG;;;
670007;27/03/2025;quinta-feira;15:20:00;SP;381;28;ATIBAIA;Aus�ncia de rea��o do condutor;Colis�o lateral mesmo sentido;Sem V�timas;Pleno dia;Crescente;C�u Claro;Dupla;Reta;N�o;2;0;0;0;1;1;0;2;-23,035581;-46,549877;SPRF-SP;DEL03-SP;UOP02-DEL03-SP;;;
670728;31/03/2025;segunda-feira;10:50:00;PR;116;106;SAO JOSE DOS PINHAIS;Rea��o tardia ou ineficiente do condutor;Colis�o traseira;Com V�timas Feridas;Pleno dia;Crescente;C�u Claro;Dupla;Reta;N�o;2;0;1;0;0;1;1;2;-25,569184;-49,226769;SPRF-PR;DEL01-PR;UOP03-DEL01-PR;;;
670777;31/03/2025;segunda-feira;16:45:00;CE;116;43;HORIZONTE;Aus�ncia de rea��o do condutor;Colis�o traseira;Com V�timas Feridas;Pleno dia;Crescente;C�u Claro;Dupla;Reta;N�o;2;0;0;1;0;1;1;2;-4,10037236;-38,50189094;SPRF-CE;DEL01-CE;UOP02-DEL01-CE;;;
671015;02/04/2025;quarta-feira;02:30:00;PI;316;248;INHUMA;Condutor deixou de manter dist�ncia do ve�culo da frente;Colis�o traseira;Com V�timas Feridas;Plena Noite;Crescente;C�u Claro;Simples;Reta;N�o;3;0;1;1;0;1;2;2;-6,75589452;-41,72495842;SPRF-PI;DEL04-PI;UOP02-DEL04-PI;;;
671472;04/04/2025;sexta-feira;09:00:00;RJ;40;91;PETROPOLIS;Pista Escorregadia;Queda de ocupante de ve�culo;Com V�timas Feridas;Pleno dia;Decrescente;Garoa/Chuvisco;Dupla;Curva;N�o;2;0;0;1;1;0;1;2;-22,55439407;-43,22535731;SPRF-RJ;DEL01-RJ;UOP01-DEL01-RJ;;;
672147;07/04/2025;segunda-feira;10:30:00;CE;116;6;FORTALEZA;Condutor deixou de manter dist�ncia do ve�culo da frente;Colis�o traseira;Sem V�timas;Pleno dia;Crescente;C�u Claro;Dupla;Reta;N�o;4;0;0;0;3;1;0;3;-3,80141;-38,504768;SPRF-CE;DEL01-CE;UOP02-DEL01-CE;;;
673091;12/04/2025;s�bado;03:50:00;GO;414;350;COCALZINHO DE GOIAS;Rea��o tardia ou ineficiente do condutor;Colis�o traseira;Com V�timas Feridas;Plena Noite;Crescente;Nublado;Simples;Reta;N�o;2;0;1;0;0;1;1;2;-15,631753;-48,671319;SPRF-GO;DEL02-GO;UOP01-DEL02-GO;;;
673812;15/04/2025;ter�a-feira;07:50:00;PE;116;82;BELEM DE SAO FRANCISCO;Demais falhas mec�nicas ou el�tricas;Colis�o com objeto;Sem V�timas;Pleno dia;Crescente;C�u Claro;Simples;Rotat�ria;N�o;1;0;0;0;1;0;0;1;-8,548257;-39,226347;SPRF-PE;DEL05-PE;UOP03-DEL05-PE;;;
685953;19/04/2025;s�bado;13:55:00;MG;116;717;MURIAE;Aus�ncia de rea��o do condutor;Colis�o traseira;Com V�timas Feridas;Pleno dia;Decrescente;C�u Claro;Simples;"Aclive;Curva";N�o;2;0;1;0;0;1;1;2;-21,22805191;-42,39439487;SPRF-MG;DEL07-MG;UOP02-DEL07-MG;;;
688989;04/05/2025;domingo;04:16:00;TO;153;132;WANDERLANDIA;Aus�ncia de rea��o do condutor;Colis�o traseira;Com V�timas Feridas;Plena Noite;Crescente;Nublado;Simples;"Reta;Aclive";N�o;2;0;1;0;0;1;1;2;-7,109862;-48,183777;SPRF-TO;DEL02-TO;UOP01-DEL02-TO;;;
690373;21/04/2025;segunda-feira;06:10:00;MG;365;622;UBERLANDIA;Aus�ncia de rea��o do condutor;Colis�o lateral mesmo sentido;Com V�timas Feridas;Pleno dia;Decrescente;C�u Claro;Dupla;Reta;Sim;3;0;1;0;2;0;1;2;-18,89393;-48,15305;SPRF-MG;DEL15-MG;UOP01-DEL15-MG;;;
690898;12/05/2025;segunda-feira;19:30:00;DF;40;1,6;BRASILIA;Trafegar com motocicleta (ou similar) entre as faixas;Colis�o lateral mesmo sentido;Com V�timas Feridas;Plena Noite;Crescente;C�u Claro;Dupla;Reta;Sim;2;0;1;0;0;1;1;2;-15,990968;-47,986707;SPRF-DF;DEL01-DF;UOP01-DEL01-DF;;;
691250;14/05/2025;quarta-feira;16:25:00;RJ;101;324;NITEROI;Rea��o tardia ou ineficiente do condutor;Colis�o lateral mesmo sentido;Com V�timas Feridas;Pleno dia;Crescente;Nublado;Dupla;"Ponte;Reta";Sim;2;0;0;1;0;1;1;2;-22,87278368;-43,13677032;SPRF-RJ;DEL02-RJ;UOP01-DEL02-RJ;;;
691263;14/05/2025;quarta-feira;12:45:00;RJ;40;113;DUQUE DE CAXIAS;Manobra de mudan�a de faixa;Colis�o lateral mesmo sentido;Com V�timas Feridas;Pleno dia;Crescente;C�u Claro;Dupla;Reta;Sim;3;0;2;0;0;1;2;2;-22,6744813;-43,2853538;SPRF-RJ;DEL01-RJ;UOP02-DEL01-RJ;;;
691429;15/05/2025;quinta-feira;12:00:00;MA;222;663,8;ACAILANDIA;Transitar no Acostamento;Tombamento;Com V�timas Fatais;Pleno dia;Crescente;C�u Claro;Simples;Reta;Sim;3;1;0;0;1;1;0;2;-4,908282;-47,409628;SPRF-MA;DEL04-MA;UOP03-DEL04-MA;;;
691942;17/05/2025;s�bado;07:30:00;PI;343;589;FLORIANO;Transitar na cal�ada;Colis�o com objeto;Sem V�timas;Pleno dia;Crescente;C�u Claro;Dupla;Reta;Sim;1;0;0;0;0;1;0;1;-6,79318728;-42,98378033;SPRF-PI;DEL03-PI;UOP01-DEL03-PI;;;
692805;21/05/2025;quarta-feira;18:17:00;SC;101;232,8;PALHOCA;Trafegar com motocicleta (ou similar) entre as faixas;Colis�o lateral mesmo sentido;Com V�timas Fatais;Plena Noite;Crescente;Chuva;Dupla;"Reta;Aclive";N�o;3;1;0;0;0;2;0;3;-27,800894;-48,637484;SPRF-SC;DEL01-SC;UOP02-DEL01-SC;;;
693173;23/05/2025;sexta-feira;13:00:00;MG;381;554;ITAGUARA;Aus�ncia de rea��o do condutor;Colis�o lateral mesmo sentido;Com V�timas Feridas;Pleno dia;Decrescente;C�u Claro;Dupla;Reta;N�o;2;0;1;0;1;0;1;2;-20,35676231;-44,45573044;SPRF-MG;DEL04-MG;UOP03-DEL04-MG;;;
693260;23/05/2025;sexta-feira;05:00:00;MT;158;471;CANARANA;Problema com o freio;Inc�ndio;Sem V�timas;Amanhecer;Crescente;C�u Claro;Simples;Reta;N�o;1;0;0;0;1;0;0;1;-13,442593;-51,94408894;SPRF-MT;DEL07-MT;UOP02-DEL07-MT;;;
693337;24/05/2025;s�bado;06:00:00;RJ;116;186;NOVA IGUACU;Condutor deixou de manter dist�ncia do ve�culo da frente;Colis�o traseira;Com V�timas Feridas;Amanhecer;Decrescente;Chuva;M�ltipla;Reta;Sim;2;0;1;0;0;1;1;2;-22,73961935;-43,46600024;SPRF-RJ;DEL06-RJ;UOP01-DEL06-RJ;;;
693767;24/05/2025;s�bado;13:00:00;MA;226;60,5;MATOES;Demais falhas mec�nicas ou el�tricas;Inc�ndio;Sem V�timas;Plena Noite;Decrescente;C�u Claro;Simples;Reta;N�o;2;0;0;0;1;1;0;2;-5,19945915;-43,31180155;SPRF-MA;DEL03-MA;UOP02-DEL03-MA;;;
694083;27/05/2025;ter�a-feira;15:10:00;RJ;493;59;DUQUE DE CAXIAS;Aus�ncia de rea��o do condutor;Colis�o traseira;Com V�timas Feridas;Pleno dia;Decrescente;C�u Claro;Dupla;Reta;N�o;2;0;1;0;0;1;1;2;-22,6630713;-43,36403918;SPRF-RJ;DEL01-RJ;UOP03-DEL01-RJ;;;
694393;29/05/2025;quinta-feira;07:45:00;PR;376;183,8;SARANDI;Trafegar com motocicleta (ou similar) entre as faixas;Colis�o lateral mesmo sentido;Com V�timas Feridas;Pleno dia;Crescente;C�u Claro;Dupla;Reta;Sim;4;0;0;1;0;3;1;4;-23,440667;-51,872293;SPRF-PR;DEL09-PR;UOP01-DEL09-PR;;;
695270;01/06/2025;domingo;22:30:00;MG;251;386;GRAO MOGOL;Aus�ncia de rea��o do condutor;Colis�o traseira;Com V�timas Feridas;Amanhecer;Crescente;C�u Claro;Simples;Reta;N�o;6;0;2;3;1;0;5;3;-16,30066;-42,71173;SPRF-MG;DEL12-MG;UOP01-DEL12-MG;;;
696944;09/06/2025;segunda-feira;07:37:00;SP;116;299;ITAPECERICA DA SERRA;Rea��o tardia ou ineficiente do condutor;Colis�o traseira;Sem V�timas;Amanhecer;Decrescente;Garoa/Chuvisco;Dupla;Reta;N�o;2;0;0;0;1;1;0;2;-23,786933;-46,913492;SPRF-SP;DEL04-SP;UOP01-DEL04-SP;;;
698469;16/06/2025;segunda-feira;07:00:00;RJ;116;234;PIRAI;Rea��o tardia ou ineficiente do condutor;Colis�o traseira;Com V�timas Feridas;Pleno dia;Decrescente;C�u Claro;Dupla;Reta;N�o;3;0;1;0;1;1;1;2;-22,66671414;-43,850511;SPRF-RJ;DEL07-RJ;UOP01-DEL07-RJ;;;
698611;16/06/2025;segunda-feira;17:30:00;MA;316;514;TIMON;Condutor Dormindo;Colis�o traseira;Com V�timas Feridas;Anoitecer;Crescente;C�u Claro;Simples;Reta;Sim;2;0;1;0;0;1;1;2;-5,0794404;-42,84295607;SPRF-MA;DEL03-MA;UOP02-DEL03-MA;;;
700528;25/06/2025;quarta-feira;23:28:00;GO;40;27;LUZIANIA;Demais falhas mec�nicas ou el�tricas;Inc�ndio;Sem V�timas;Plena Noite;Decrescente;C�u Claro;Dupla;Reta;Sim;1;0;0;0;0;1;0;1;-16,27139;-47,87625;SPRF-DF;DEL01-DF;UOP01-DEL01-DF;;;
701209;28/06/2025;s�bado;22:00:00;BA;116;15;VITORIA DA CONQUISTA;Sinaliza��o mal posicionada;Colis�o traseira;Com V�timas Fatais;Plena Noite;Crescente;Nevoeiro/Neblina;Simples;Reta;N�o;2;1;0;0;1;0;0;2;-14,89834049;-40,85849762;SPRF-BA;DEL08-BA;UOP01-DEL08-BA;;;
702628;04/07/2025;sexta-feira;22:30:00;MG;365;404;PATOS DE MINAS;Condutor Dormindo;Colis�o com objeto;Com V�timas Feridas;Plena Noite;Decrescente;C�u Claro;M�ltipla;"Reta;Interse��o de Vias";Sim;2;0;1;0;1;0;1;2;-18,6361005;-46,48340535;SPRF-MG;DEL10-MG;UOP01-DEL10-MG;;;