id;data_inversa;dia_semana;horario;uf;br;km;municipio;causa_acidente;tipo_acidente;classificacao_acidente;fase_dia;sentido_via;condicao_metereologica;tipo_pista;tracado_via;uso_solo;pessoas;mortos;feridos_leves;feridos_graves;ilesos;ignorados;feridos;veiculos;latitude;longitude;regional;delegacia;uop;;;
654583;12/01/2025;domingo;07:55:00;GO;60;136;GOIANAPOLIS;Trafegar com motocicleta (ou similar) entre as faixas;Colis�o lateral mesmo sentido;Com V�timas Feridas;Pleno dia;Decrescente;Nublado;Dupla;"Curva;Aclive";N�o;5;0;1;0;3;1;1;3;-16,5959;-49,1965;SPRF-GO;DEL01-GO;UOP01-DEL01-GO;;;
654618;12/01/2025;domingo;12:20:00;SP;116;155;SAO JOSE DOS CAMPOS;Condutor deixou de manter dist�ncia do ve�culo da frente;Colis�o traseira;Com V�timas Feridas;Pleno dia;Crescente;C�u Claro;M�ltipla;Reta;Sim;4;0;3;0;0;1;3;3;-23,24524337;-45,92772774;SPRF-SP;DEL02-SP;UOP01-DEL02-SP;;;
654758;13/01/2025;segunda-feira;02:00:00;PR;116;48;CAMPINA GRANDE DO SUL;Condutor deixou de manter dist�ncia do ve�culo da frente;Colis�o lateral mesmo sentido;Com V�timas Feridas;Plena Noite;Decrescente;Nublado;Dupla;"Reta;Aclive";Sim;6;0;2;0;2;2;2;4;-25,224;-48,905;SPRF-PR;DEL01-PR;UOP02-DEL01-PR;;;
655418;16/01/2025;quinta-feira;09:20:00;MA;10;251;IMPERATRIZ;Retorno proibido;Colis�o lateral mesmo sentido;Com V�timas Feridas;Pleno dia;Crescente;Chuva;Simples;"Em Obras;Curva";Sim;3;0;0;1;1;1;1;3;-5,543249;-47,464447;SPRF-MA;DEL04-MA;UOP01-DEL04-MA;;;
655422;16/01/2025;quinta-feira;10:45:00;RS;116;611,8;ARROIO GRANDE;Animais na Pista;Sa�da de leito carro��vel;Com V�timas Feridas;Pleno dia;Decrescente;C�u Claro;Simples;Reta;N�o;2;0;0;1;0;1;1;2;-32,24408345;-53,06929357;SPRF-RS;DEL07-RS;UOP03-DEL07-RS;;;
656046;19/01/2025;domingo;14:00:00;SP;116;72;APARECIDA;Aus�ncia de rea��o do condutor;Colis�o lateral mesmo sentido;Sem V�timas;Pleno dia;Crescente;C�u Claro;Dupla;Reta;N�o;3;0;0;0;2;1;0;3;-22,86354218;-45,23746093;SPRF-SP;DEL08-SP;UOP01-DEL08-SP;;;
656202;20/01/2025;segunda-feira;08:10:00;MG;365;627;UBERLANDIA;Condutor deixou de manter dist�ncia do ve�culo da frente;Colis�o traseira;Com V�timas Feridas;Pleno dia;Decrescente;C�u Claro;Dupla;"Declive;Reta";Sim;3;0;0;1;1;1;1;3;-18,90359335;-48,34361612;SPRF-MG;DEL15-MG;UOP01-DEL15-MG;;;
656313;20/01/2025;segunda-feira;16:20:00;PE;423;72,4;JUPI;Acessar a via sem observar a presen�a dos outros ve�culos;Colis�o transversal;Com V�timas Feridas;Pleno dia;Decrescente;C�u Claro;Simples;Declive;Sim;5;0;2;0;1;2;2;3;-8,70118191;-36,4154612;SPRF-PE;DEL03-PE;UOP01-DEL03-PE;;;
656373;20/01/2025;segunda-feira;19:20:00;MS;262;562,2;MIRANDA;Avarias e/ou desgaste excessivo no pneu;Colis�o lateral sentido oposto;Sem V�timas;Plena Noite;Decrescente;C�u Claro;Simples;Reta;N�o;4;0;0;0;3;1;0;3;-20,21854602;-56,40954601;SPRF-MS;DEL03-MS;UOP02-DEL03-MS;;;
656536;21/01/2025;ter�a-feira;18:30:00;SP;116;325;JUQUITIBA;Demais falhas mec�nicas ou el�tricas;Sa�da de leito carro��vel;Sem V�timas;Anoitecer;Crescente;C�u Claro;Dupla;Reta;N�o;2;0;0;0;0;2;0;2;-23,94085262;-47,05337099;SPRF-SP;DEL04-SP;UOP03-DEL04-SP;;;
656671;22/01/2025;quarta-feira;14:35:00;SC;101;283;IMBITUBA;Demais falhas mec�nicas ou el�tricas;Capotamento;Com V�timas Feridas;Pleno dia;Crescente;C�u Claro;M�ltipla;Reta;Sim;3;0;2;0;0;1;2;2;-28,20457404;-48,6984006;SPRF-SC;DEL02-SC;UOP03-DEL02-SC;;;
656678;22/01/2025;quarta-feira;16:24:00;PE;101;72,5;RECIFE;Demais falhas mec�nicas ou el�tricas;Colis�o traseira;Com V�timas Feridas;Pleno dia;Decrescente;Sol;Dupla;Reta;Sim;3;0;0;1;1;1;1;3;-8,08493106;-34,9450639;SPRF-PE;DEL01-PE;UOP01-DEL01-PE;;;
656732;22/01/2025;quarta-feira;18:30:00;GO;153;418;ANAPOLIS;Ingest�o de �lcool pelo condutor;Tombamento;Sem V�timas;Pleno dia;Crescente;C�u Claro;Dupla;Reta;N�o;2;0;0;0;1;1;0;2;-16,159821;-49,04351;SPRF-GO;DEL02-GO;UOP01-DEL02-GO;;;
657213;25/01/2025;s�bado;09:50:00;GO;50;261;CATALAO;Velocidade Incompat�vel;Sa�da de leito carro��vel;Com V�timas Feridas;Pleno dia;Decrescente;C�u Claro;Dupla;Reta;N�o;3;0;2;0;0;1;2;2;-18,0377;-47,853;SPRF-GO;DEL06-GO;UOP01-DEL06-GO;;;
657299;25/01/2025;s�bado;15:55:00;MS;163;28,7;MUNDO NOVO;Chuva;Sa�da de leito carro��vel;Sem V�timas;Pleno dia;Decrescente;Chuva;Simples;Reta;N�o;2;0;0;0;1;1;0;2;-23,86670284;-54,32884278;SPRF-MS;DEL09-MS;UOP02-DEL09-MS;;;
657363;26/01/2025;domingo;00:01:00;MG;50;2,7;UBERLANDIA;Rea��o tardia ou ineficiente do condutor;Colis�o com objeto;Com V�timas Feridas;Plena Noite;Decrescente;C�u Claro;Dupla;Reta;N�o;3;0;1;0;1;1;1;3;-18,9113;-48,2622;SPRF-MG;DEL15-MG;UOP01-DEL15-MG;;;
657373;25/01/2025;s�bado;20:30:00;PI;222;85;PIRIPIRI;Demais falhas na via;Sa�da de leito carro��vel;Com V�timas Fatais;Plena Noite;Crescente;C�u Claro;Simples;Ponte;N�o;2;1;0;0;0;1;0;2;-4,24033984;-41,83304398;SPRF-PI;DEL02-PI;UOP01-DEL02-PI;;;
657644;27/01/2025;segunda-feira;07:00:00;GO;364;131;APARECIDA DO RIO DOCE;Condutor Dormindo;Sa�da de leito carro��vel;Com V�timas Feridas;Pleno dia;Crescente;C�u Claro;Simples;Reta;N�o;3;0;2;0;0;1;2;2;-18,233049;-51,281437;SPRF-GO;DEL05-GO;UOP02-DEL05-GO;;;
657666;27/01/2025;segunda-feira;08:50:00;BA;101;916,9;NOVA VICOSA;Acessar a via sem observar a presen�a dos outros ve�culos;Colis�o traseira;Com V�timas Fatais;Pleno dia;Crescente;C�u Claro;Simples;Reta;N�o;5;1;0;1;2;1;1;3;-17,86061142;-39,80354118;SPRF-BA;DEL09-BA;UOP02-DEL09-BA;;;
658139;29/01/2025;quarta-feira;17:30:00;MT;163;900,6;CLAUDIA;Ultrapassagem Indevida;Colis�o frontal;Com V�timas Fatais;Anoitecer;Crescente;Nublado;Simples;Reta;N�o;7;1;0;4;1;1;4;3;-11,310755;-55,32402;SPRF-MT;DEL06-MT;UOP02-DEL06-MT;;;
658535;01/02/2025;s�bado;04:00:00;SC;101;145;ITAPEMA;Ingest�o de �lcool pelo condutor;Colis�o lateral mesmo sentido;Com V�timas Feridas;Plena Noite;Crescente;Nublado;Dupla;Reta;N�o;3;0;1;0;1;1;1;3;-27,08139206;-48,60130993;SPRF-SC;DEL04-SC;UOP03-DEL04-SC;;;
658616;01/02/2025;s�bado;12:00:00;MG;365;620;UBERLANDIA;Rea��o tardia ou ineficiente do condutor;Colis�o traseira;Sem V�timas;Pleno dia;Crescente;Nublado;M�ltipla;"Reta;Em Obras";N�o;3;0;0;0;1;2;0;3;-18,90349687;-48,28130603;SPRF-MG;DEL15-MG;UOP01-DEL15-MG;;;
658660;01/02/2025;s�bado;16:40:00;GO;60;418,8;RIO VERDE;Condutor Dormindo;Colis�o traseira;Sem V�timas;Pleno dia;Decrescente;Nublado;Dupla;Reta;N�o;3;0;0;0;2;1;0;3;-17,8205;-51,2209;SPRF-GO;DEL04-GO;UOP02-DEL04-GO;;;
658726;02/02/2025;domingo;01:10:00;PR;376;603;CURITIBA;Rea��o tardia ou ineficiente do condutor;Colis�o traseira;Com V�timas Feridas;Plena Noite;Decrescente;Nublado;Dupla;Reta;N�o;5;0;2;0;2;1;2;3;-25,5452876;-49,29755393;SPRF-PR;DEL01-PR;UOP06-DEL01-PR;;;
658866;02/02/2025;domingo;17:00:00;MG;365;818,5;SANTA VITORIA;Chuva;Colis�o frontal;Com V�timas Fatais;Pleno dia;Decrescente;Chuva;Simples;Reta;N�o;6;2;1;2;0;1;3;3;-18,87981755;-50,07725755;SPRF-MG;DEL15-MG;UOP03-DEL15-MG;;;
658882;02/02/2025;domingo;19:50:00;SP;116;74;APARECIDA;Acessar a via sem observar a presen�a dos outros ve�culos;Colis�o lateral mesmo sentido;Sem V�timas;Plena Noite;Decrescente;Nublado;Dupla;Rotat�ria;Sim;3;0;0;0;2;1;0;3;-22,87353809;-45,25320023;SPRF-SP;DEL08-SP;UOP01-DEL08-SP;;;
659680;06/02/2025;quinta-feira;19:45:00;PB;230;289;SANTA LUZIA;Transitar na contram�o;Colis�o frontal;Com V�timas Feridas;Plena Noite;Crescente;C�u Claro;Simples;Reta;Sim;3;0;0;1;1;1;1;3;-6,8816;-36,9002;SPRF-PB;DEL03-PB;UOP01-DEL03-PB;;;
659958;08/02/2025;s�bado;03:30:00;RS;153;410;CACHOEIRA DO SUL;Condutor deixou de manter dist�ncia do ve�culo da frente;Colis�o traseira;Sem V�timas;Plena Noite;Crescente;C�u Claro;Simples;"Reta;Declive";Sim;7;0;0;0;6;1;0;3;-30,08129021;-52,87412957;SPRF-RS;DEL02-RS;UOP03-DEL02-RS;;;
660036;08/02/2025;s�bado;11:00:00;PB;230;314,1;SAO MAMEDE;Aus�ncia de rea��o do condutor;Colis�o traseira;Com V�timas Feridas;Pleno dia;Crescente;C�u Claro;Simples;Reta;N�o;3;0;0;1;1;1;1;3;-6,9412;-37,1016;SPRF-PB;DEL03-PB;UOP01-DEL03-PB;;;
660616;10/02/2025;segunda-feira;21:30:00;BA;324;526;FEIRA DE SANTANA;Aus�ncia de rea��o do condutor;Colis�o traseira;Com V�timas Feridas;Plena Noite;Decrescente;C�u Claro;Dupla;Reta;Sim;3;0;0;1;1;1;1;3;-12,30639712;-38,89051509;SPRF-BA;DEL01-BA;UOP03-DEL01-BA;;;
660834;11/02/2025;ter�a-feira;19:50:00;RO;319;55;PORTO VELHO;Avarias e/ou desgaste excessivo no pneu;Sa�da de leito carro��vel;Com V�timas Feridas;Plena Noite;Decrescente;Chuva;Simples;Curva;N�o;3;0;2;0;0;1;2;2;-8,7436393;-63,94888401;SPRF-RO;DEL01-RO;UOP01-DEL01-RO;;;
660850;12/02/2025;quarta-feira;06:25:00;SP;116;175,9;GUARAREMA;Condutor deixou de manter dist�ncia do ve�culo da frente;Colis�o traseira;Com V�timas Feridas;Pleno dia;Decrescente;Sol;Dupla;Reta;Sim;5;0;2;0;2;1;2;3;-23,32173972;-46,100353;SPRF-SP;DEL01-SP;UOP01-DEL01-SP;;;
661181;13/02/2025;quinta-feira;19:37:00;TO;226;47,5;DARCINOPOLIS;Aus�ncia de rea��o do condutor;Colis�o traseira;Sem V�timas;Plena Noite;Decrescente;C�u Claro;Simples;Reta;N�o;5;0;0;0;4;1;0;3;-6,767156;-47,789856;SPRF-TO;DEL02-TO;UOP03-DEL02-TO;;;
661184;13/02/2025;quinta-feira;17:00:00;RJ;493;68;NOVA IGUACU;Condutor Dormindo;Sa�da de leito carro��vel;Com V�timas Feridas;Pleno dia;Crescente;C�u Claro;Dupla;Reta;N�o;4;0;0;1;2;1;1;2;-22,68209;-43,46737;SPRF-RJ;DEL01-RJ;UOP03-DEL01-RJ;;;
661647;15/02/2025;s�bado;23:10:00;AP;210;106;PORTO GRANDE;Rea��o tardia ou ineficiente do condutor;Colis�o traseira;Sem V�timas;Plena Noite;Crescente;Chuva;Simples;Reta;Sim;3;0;0;0;2;1;0;3;0,70564616;-51,41271608;SPRF-AP;DEL01-AP;UOP01-DEL01-AP;;;
661913;17/02/2025;segunda-feira;06:35:00;RO;364;516;ARIQUEMES;Acessar a via sem observar a presen�a dos outros ve�culos;Colis�o traseira;Com V�timas Feridas;Pleno dia;Decrescente;Garoa/Chuvisco;Simples;"Reta;Interse��o de Vias";Sim;3;0;0;1;1;1;1;3;-9,915961;-63,05532;SPRF-RO;DEL03-RO;UOP01-DEL03-RO;;;
662606;20/02/2025;quinta-feira;18:30:00;PR;376;594;CURITIBA;Condutor deixou de manter dist�ncia do ve�culo da frente;Colis�o traseira;Com V�timas Feridas;Anoitecer;Decrescente;Nublado;Dupla;Reta;N�o;5;0;0;1;3;1;1;4;-25,45139991;-49,36251104;SPRF-PR;DEL03-PR;UOP03-DEL03-PR;;;
663270;23/02/2025;domingo;20:00:00;SC;158;139;PALMITOS;Acesso irregular;Colis�o transversal;Com V�timas Feridas;Plena Noite;Crescente;C�u Claro;Simples;Reta;N�o;3;0;1;0;1;1;1;3;-27,1139854;-53,2161278;SPRF-SC;DEL07-SC;UOP02-DEL07-SC;;;
663782;26/02/2025;quarta-feira;07:30:00;SC;101;356;SANGAO;Manobra de mudan�a de faixa;Sa�da de leito carro��vel;Com V�timas Feridas;Pleno dia;Decrescente;C�u Claro;Dupla;Reta;N�o;2;0;1;0;0;1;1;2;-28,6282017;-49,08490509;SPRF-SC;DEL02-SC;UOP01-DEL02-SC;;;
664211;31/01/2025;sexta-feira;13:50:00;MS;463;84;PONTA PORA;Velocidade Incompat�vel;Colis�o lateral sentido oposto;Com V�timas Feridas;Pleno dia;Crescente;Chuva;Simples;"Declive;Reta";N�o;8;0;3;0;4;1;3;4;-22,55735694;-55,48876906;SPRF-MS;DEL04-MS;UOP03-DEL04-MS;;;
664425;28/02/2025;sexta-feira;17:40:00;RJ;116;302;PORTO REAL;Aus�ncia de rea��o do condutor;Colis�o traseira;Com V�timas Feridas;Pleno dia;Crescente;C�u Claro;Dupla;Ponte;N�o;4;0;1;0;2;1;1;3;-22,4534457;-44,3698319;SPRF-RJ;DEL07-RJ;UOP02-DEL07-RJ;;;
664894;27/02/2025;quinta-feira;12:00:00;RJ;40;101;DUQUE DE CAXIAS;Convers�o proibida;Colis�o transversal;Com V�timas Feridas;Pleno dia;Decrescente;C�u Claro;Simples;Curva;Sim;3;0;1;0;1;1;1;3;-22,610842;-43,284035;SPRF-RJ;DEL01-RJ;UOP01-DEL01-RJ;;;
665231;04/03/2025;ter�a-feira;22:55:00;PE;101;80;JABOATAO DOS GUARARAPES;Manobra de mudan�a de faixa;Colis�o lateral mesmo sentido;Sem V�timas;Plena Noite;Crescente;C�u Claro;M�ltipla;Reta;Sim;4;0;0;0;3;1;0;3;-8,1537;-34,94166;SPRF-PE;DEL01-PE;UOP01-DEL01-PE;;;
665833;07/03/2025;sexta-feira;19:40:00;RJ;101;60;CAMPOS DOS GOYTACAZES;Rea��o tardia ou ineficiente do condutor;Colis�o traseira;Com V�timas Feridas;Anoitecer;Decrescente;Nublado;Simples;Reta;Sim;4;0;1;0;1;2;1;3;-21,724932;-41,32007;SPRF-RJ;DEL08-RJ;UOP01-DEL08-RJ;;;
666394;10/03/2025;segunda-feira;15:35:00;MG;381;937;EXTREMA;Aus�ncia de rea��o do condutor;Colis�o traseira;Com V�timas Feridas;Pleno dia;Decrescente;Chuva;Dupla;Curva;N�o;3;0;1;0;1;1;1;3;-22,81196696;-46,28840446;SPRF-MG;DEL16-MG;UOP03-DEL16-MG;;;
666554;11/03/2025;ter�a-feira;05:30:00;MG;365;860;SANTA VITORIA;Defici�ncia do Sistema de Ilumina��o/Sinaliza��o;Colis�o lateral mesmo sentido;Com V�timas Feridas;Plena Noite;Crescente;C�u Claro;Simples;Reta;Sim;3;0;1;0;1;1;1;3;-19,04446737;-50,5002594;SPRF-MG;DEL15-MG;UOP03-DEL15-MG;;;
666807;12/03/2025;quarta-feira;16:41:00;RO;364;237;CACOAL;Rea��o tardia ou ineficiente do condutor;Colis�o lateral mesmo sentido;Sem V�timas;Pleno dia;Decrescente;C�u Claro;Simples;Reta;Sim;4;0;0;0;3;1;0;3;-11,44261266;-61,44856095;SPRF-RO;DEL02-RO;UOP02-DEL02-RO;;;
667056;13/03/2025;quinta-feira;16:30:00;PE;316;312;FLORESTA;Carga excessiva e/ou mal acondicionada;Tombamento;Sem V�timas;Pleno dia;Crescente;C�u Claro;Simples;Reta;N�o;2;0;0;0;1;1;0;2;-8,672913;-38,54344;SPRF-PE;DEL04-PE;UOP03-DEL04-PE;;;
667227;14/03/2025;sexta-feira;16:50:00;SC;101;148;ITAPEMA;Condutor deixou de manter dist�ncia do ve�culo da frente;Colis�o traseira;Sem V�timas;Pleno dia;Decrescente;C�u Claro;M�ltipla;Reta;Sim;4;0;0;0;3;1;0;4;-27,09255086;-48,61705173;SPRF-SC;DEL04-SC;UOP03-DEL04-SC;;;
667326;14/03/2025;sexta-feira;13:50:00;MG;381;429;SABARA;Velocidade Incompat�vel;Tombamento;Com V�timas Feridas;Pleno dia;Crescente;Chuva;Simples;Curva;N�o;3;0;0;1;1;1;1;3;-19,78764077;-43,69176127;SPRF-MG;DEL01-MG;UOP01-DEL01-MG;;;
667356;15/03/2025;s�bado;08:25:00;RS;285;459;IJUI;Ingest�o de �lcool pelo condutor;Colis�o lateral sentido oposto;Sem V�timas;Pleno dia;Crescente;Nublado;Simples;"Reta;Em Obras";Sim;4;0;0;0;3;1;0;3;-28,40910174;-53,90225843;SPRF-RS;DEL10-RS;UOP01-DEL10-RS;;;
667365;15/03/2025;s�bado;07:00:00;TO;242;453,5;FORMOSO DO ARAGUAIA;Ultrapassagem Indevida;Colis�o lateral mesmo sentido;Com V�timas Feridas;Pleno dia;Crescente;C�u Claro;Simples;Reta;Sim;3;0;1;0;1;1;1;3;-11,8105636;-49,53495026;SPRF-TO;DEL01-TO;UOP02-DEL01-TO;;;
667612;16/03/2025;domingo;13:35:00;SC;101;103,2;BALNEARIO PICARRAS;Ingest�o de �lcool pelo condutor;Sa�da de leito carro��vel;Sem V�timas;Pleno dia;Crescente;Nublado;M�ltipla;Reta;Sim;2;0;0;0;1;1;0;2;-26,78496;-48,68267;SPRF-SC;DEL03-SC;UOP02-DEL03-SC;;;
667706;16/03/2025;domingo;20:00:00;GO;153;396,5;PIRENOPOLIS;Ingest�o de �lcool pelo condutor;Colis�o traseira;Sem V�timas;Plena Noite;Crescente;C�u Claro;Simples;"Reta;Declive";Sim;3;0;0;0;2;1;0;3;-16,012103;-49,120813;SPRF-GO;DEL02-GO;UOP02-DEL02-GO;;;
667729;16/03/2025;domingo;21:40:00;RJ;116;169;RIO DE JANEIRO;Condutor deixou de manter dist�ncia do ve�culo da frente;Colis�o traseira;Sem V�timas;Plena Noite;Crescente;C�u Claro;Dupla;Reta;Sim;3;0;0;0;1;2;0;3;-22,81475581;-43,3272028;SPRF-RJ;DEL06-RJ;UOP01-DEL06-RJ;;;
668254;19/03/2025;quarta-feira;12:00:00;GO;153;292;RIALMA;Condutor deixou de manter dist�ncia do ve�culo da frente;Colis�o transversal;Com V�timas Feridas;Pleno dia;Decrescente;C�u Claro;Simples;Curva;N�o;3;0;1;0;1;1;1;3;-15,24642725;-49,55589294;SPRF-GO;DEL02-GO;UOP02-DEL02-GO;;;
668454;20/03/2025;quinta-feira;10:30:00;PB;230;161;CAMPINA GRANDE;Manobra de mudan�a de faixa;Colis�o transversal;Com V�timas Feridas;Pleno dia;Crescente;C�u Claro;Simples;Reta;N�o;3;0;0;1;1;1;1;3;-7,239917;-35,93919;SPRF-PB;DEL02-PB;UOP01-DEL02-PB;;;
668679;21/03/2025;sexta-feira;15:10:00;RJ;493;82;NOVA IGUACU;Rea��o tardia ou ineficiente do condutor;Sa�da de leito carro��vel;Com V�timas Feridas;Pleno dia;Crescente;Nublado;Dupla;Reta;N�o;3;0;2;0;0;1;2;2;-22,68696;-43,51846;SPRF-RJ;DEL01-RJ;UOP03-DEL01-RJ;;;
668723;21/03/2025;sexta-feira;19:50:00;MT;174;165;CACERES;Defici�ncia do Sistema de Ilumina��o/Sinaliza��o;Colis�o traseira;Com V�timas Feridas;Plena Noite;Decrescente;C�u Claro;Simples;Reta;N�o;3;0;0;1;1;1;1;3;-16,0299076;-57,7281997;SPRF-MT;DEL03-MT;UOP01-DEL03-MT;;;
668982;23/03/2025;domingo;02:40:00;PE;232;494;VERDEJANTE;Defici�ncia do Sistema de Ilumina��o/Sinaliza��o;Colis�o traseira;Sem V�timas;Plena Noite;Crescente;Chuva;Simples;Reta;N�o;5;0;0;0;4;1;0;3;-8,01333621;-39,01021957;SPRF-PE;DEL05-PE;UOP01-DEL05-PE;;;
668990;23/03/2025;domingo;03:45:00;RO;364;679;CANDEIAS DO JAMARI;Velocidade Incompat�vel;Colis�o traseira;Com V�timas Feridas;Plena Noite;Crescente;C�u Claro;Simples;Reta;N�o;4;0;0;2;1;1;2;3;-8,785197;-63,584845;SPRF-RO;DEL01-RO;UOP01-DEL01-RO;;;
669076;23/03/2025;domingo;13:00:00;MG;40;235;SAO GONCALO DO ABAETE;Chuva;Sa�da de leito carro��vel;Com V�timas Feridas;Pleno dia;Decrescente;Chuva;Simples;"Reta;Declive";N�o;4;0;1;1;1;1;2;2;-18,02738363;-45,53472519;SPRF-MG;DEL14-MG;UOP02-DEL14-MG;;;
669459;25/03/2025;ter�a-feira;09:00:00;GO;40;11;LUZIANIA;Condutor deixou de manter dist�ncia do ve�culo da frente;Colis�o traseira;Sem V�timas;Pleno dia;Crescente;C�u Claro;Dupla;Reta;Sim;4;0;0;0;3;1;0;3;-16,137317;-47,952652;SPRF-DF;DEL01-DF;UOP01-DEL01-DF;;;
669504;25/03/2025;ter�a-feira;15:00:00;SC;101;213;PALHOCA;Rea��o tardia ou ineficiente do condutor;Colis�o traseira;Com V�timas Feridas;Pleno dia;Decrescente;Nublado;M�ltipla;Reta;Sim;5;0;2;0;2;1;2;4;-27,6430235;-48,66928155;SPRF-SC;DEL01-SC;UOP02-DEL01-SC;;;
669859;27/03/2025;quinta-feira;10:10:00;PE;424;78,9;GARANHUNS;Avarias e/ou desgaste excessivo no pneu;Colis�o lateral sentido oposto;Sem V�timas;Pleno dia;Decrescente;C�u Claro;Simples;Reta;N�o;3;0;0;0;2;1;0;3;-8,82644518;-36,55244446;SPRF-PE;DEL03-PE;UOP01-DEL03-PE;;;
670207;28/03/2025;sexta-feira;20:00:00;SC;470;195;PONTE ALTA;Ultrapassagem Indevida;Colis�o frontal;Com V�timas Feridas;Plena Noite;Crescente;C�u Claro;Simples;"Curva;Declive";N�o;3;0;0;2;0;1;2;3;-27,30251982;-50,08530426;SPRF-SC;DEL04-SC;UOP02-DEL04-SC;;;
670211;28/03/2025;sexta-feira;21:15:00;PE;428;149,5;PETROLINA;Defici�ncia do Sistema de Ilumina��o/Sinaliza��o;Colis�o traseira;Com V�timas Feridas;Plena Noite;Crescente;C�u Claro;Simples;Reta;N�o;6;0;3;1;1;1;4;4;-9,065833;-40,3088;SPRF-PE;DEL06-PE;UOP01-DEL06-PE;;;
670238;29/03/2025;s�bado;04:20:00;GO;40;12,1;LUZIANIA;Condutor Dormindo;Colis�o traseira;Com V�timas Feridas;Plena Noite;Crescente;Nublado;Dupla;"Reta;Aclive";Sim;3;0;0;1;1;1;1;3;-16,144826;-47,945744;SPRF-DF;DEL01-DF;UOP01-DEL01-DF;;;
670954;01/04/2025;ter�a-feira;17:21:00;PI;343;305,8;ALTOS;Ultrapassagem Indevida;Colis�o lateral sentido oposto;Com V�timas Feridas;Pleno dia;Crescente;Sol;Simples;Reta;N�o;3;0;0;1;1;1;1;3;-5,03524;-42,444362;SPRF-PI;DEL01-PI;UOP01-DEL01-PI;;;
671129;02/04/2025;quarta-feira;12:30:00;RS;290;356;SAO SEPE;Aus�ncia de rea��o do condutor;Sa�da de leito carro��vel;Com V�timas Feridas;Pleno dia;Decrescente;Chuva;Simples;"Reta;Aclive";N�o;3;0;1;1;0;1;2;2;-30,378191;-53,738554;SPRF-RS;DEL09-RS;UOP02-DEL09-RS;;;
671397;03/04/2025;quinta-feira;19:31:00;PR;277;375;GUARAPUAVA;Transitar na contram�o;Colis�o lateral sentido oposto;Sem V�timas;Plena Noite;Decrescente;C�u Claro;Simples;Reta;N�o;5;0;0;0;4;1;0;3;-25,40730643;-51,69359207;SPRF-PR;DEL08-PR;UOP01-DEL08-PR;;;
671469;04/04/2025;sexta-feira;11:10:00;MG;40;544;BELO HORIZONTE;Manobra de mudan�a de faixa;Colis�o lateral mesmo sentido;Com V�timas Feridas;Pleno dia;Decrescente;C�u Claro;Dupla;Reta;Sim;3;0;1;0;1;1;1;3;-20,003;-43,965;SPRF-MG;DEL01-MG;UOP02-DEL01-MG;;;
671545;04/04/2025;sexta-feira;17:10:00;AL;101;139;SAO MIGUEL DOS CAMPOS;Condutor deixou de manter dist�ncia do ve�culo da frente;Colis�o lateral mesmo sentido;Sem V�timas;Anoitecer;Decrescente;C�u Claro;Simples;"Interse��o de Vias;Rotat�ria";N�o;3;0;0;0;2;1;0;3;-9,80918747;-36,11639406;SPRF-AL;DEL02-AL;UOP01-DEL02-AL;;;
671685;05/04/2025;s�bado;04:00:00;MS;60;414;SIDROLANDIA;Demais falhas mec�nicas ou el�tricas;Inc�ndio;Sem V�timas;Plena Noite;Decrescente;Vento;Simples;Reta;N�o;6;0;0;0;5;1;0;2;-20,891742;-54,852943;SPRF-MS;DEL01-MS;UOP04-DEL01-MS;;;
671815;05/04/2025;s�bado;19:25:00;SC;163;76,5;SAO MIGUEL DO OESTE;Ingest�o de �lcool pelo condutor;Sa�da de leito carro��vel;Sem V�timas;Plena Noite;Crescente;C�u Claro;Simples;"Reta;Declive";N�o;2;0;0;0;1;1;0;2;-26,67991376;-53,51502331;SPRF-SC;DEL07-SC;UOP03-DEL07-SC;;;
672134;03/04/2025;quinta-feira;09:30:00;SC;282;3;FLORIANOPOLIS;Acessar a via sem observar a presen�a dos outros ve�culos;Colis�o lateral mesmo sentido;Sem V�timas;Pleno dia;Decrescente;Nublado;M�ltipla;Reta;Sim;3;0;0;0;2;1;0;3;-27,59964;-48,600039;SPRF-SC;DEL01-SC;UOP01-DEL01-SC;;;
672181;07/04/2025;segunda-feira;13:00:00;AL;316;239,9;ATALAIA;Rea��o tardia ou ineficiente do condutor;Colis�o lateral sentido oposto;Com V�timas Fatais;Pleno dia;Crescente;C�u Claro;Simples;"Curva;Declive";N�o;6;1;2;0;2;1;2;4;-9,50400575;-36,05133533;SPRF-AL;DEL01-AL;UOP01-DEL01-AL;;;
672800;06/04/2025;domingo;19:20:00;SC;470;64;INDAIAL;Demais falhas mec�nicas ou el�tricas;Colis�o traseira;Sem V�timas;Plena Noite;Crescente;C�u Claro;Simples;Reta;N�o;3;0;0;0;2;1;0;3;-26,87232791;-49,19248212;SPRF-SC;DEL04-SC;UOP01-DEL04-SC;;;
672869;11/04/2025;sexta-feira;05:00:00;MG;40;783;JUIZ DE FORA;Demais falhas mec�nicas ou el�tricas;Inc�ndio;Sem V�timas;Amanhecer;Decrescente;C�u Claro;Dupla;Declive;N�o;2;0;0;0;1;1;0;2;-21,72609522;-43,43882561;SPRF-MG;DEL05-MG;UOP01-DEL05-MG;;;
673018;11/04/2025;sexta-feira;20:00:00;RS;285;267,9;MATO CASTELHANO;Ultrapassagem Indevida;Colis�o frontal;Com V�timas Feridas;Plena Noite;Decrescente;C�u Claro;Simples;Reta;N�o;3;0;2;0;0;1;2;3;-28,28971774;-52,16553658;SPRF-RS;DEL08-RS;UOP03-DEL08-RS;;;