id;data_inversa;dia_semana;horario;uf;br;km;municipio;causa_acidente;tipo_acidente;classificacao_acidente;fase_dia;sentido_via;condicao_metereologica;tipo_pista;tracado_via;uso_solo;pessoas;mortos;feridos_leves;feridos_graves;ilesos;ignorados;feridos;veiculos;latitude;longitude;regional;delegacia;uop;;;
721273;27/09/2025;s�bado;17:00:00;RS;287;279;SAO PEDRO DO SUL;Rea��o tardia ou ineficiente do condutor;Colis�o lateral mesmo sentido;Com V�timas Feridas;Anoitecer;Decrescente;Chuva;Simples;"Ponte;Reta";N�o;4;0;1;0;2;1;1;3;-29,64919734;-54,1590786;SPRF-RS;DEL09-RS;UOP01-DEL09-RS;;;
722324;02/10/2025;quinta-feira;17:00:00;RJ;40;105;DUQUE DE CAXIAS;Transitar na contram�o;Colis�o frontal;Com V�timas Feridas;Pleno dia;Decrescente;Nublado;Simples;Reta;Sim;3;0;1;0;1;1;1;3;-22,64178868;-43,28336477;SPRF-RJ;DEL01-RJ;UOP02-DEL01-RJ;;;
722895;04/10/2025;s�bado;17:50:00;MA;135;332;PRESIDENTE DUTRA;Aus�ncia de rea��o do condutor;Colis�o traseira;Com V�timas Fatais;Pleno dia;Decrescente;C�u Claro;Simples;Reta;N�o;3;1;0;0;1;1;0;3;-5,228077;-44,479947;SPRF-MA;DEL06-MA;UOP01-DEL06-MA;;;
723224;02/10/2025;quinta-feira;15:30:00;MG;381;3;BETIM;Aus�ncia de rea��o do condutor;Colis�o lateral mesmo sentido;Com V�timas Feridas;Pleno dia;Decrescente;C�u Claro;Dupla;"Declive;Reta";N�o;3;0;0;1;1;1;1;3;-19,98557523;-44,16824392;SPRF-MG;DEL01-MG;UOP03-DEL01-MG;;;
723403;07/10/2025;ter�a-feira;14:45:00;PE;104;63;CARUARU;Ingest�o de �lcool pelo condutor;Sa�da de leito carro��vel;Com V�timas Feridas;Pleno dia;Crescente;Sol;Dupla;Reta;Sim;3;0;1;0;1;1;1;2;-8,26218;-35,97613;SPRF-PE;DEL02-PE;UOP01-DEL02-PE;;;
723730;09/10/2025;quinta-feira;04:36:00;PE;110;240;JATOBA;Velocidade Incompat�vel;Colis�o frontal;Com V�timas Feridas;Amanhecer;Crescente;Nublado;Simples;Curva;N�o;4;0;1;1;1;1;2;3;-9,23540521;-38,2404545;SPRF-BA;DEL07-BA;UOP01-DEL07-BA;;;
723747;09/10/2025;quinta-feira;06:50:00;MG;364;0,2;PLANURA;Mal s�bito do condutor;Colis�o frontal;Com V�timas Feridas;Pleno dia;Crescente;Chuva;Simples;"Reta;Ponte";N�o;4;0;0;1;2;1;1;3;-20,16167657;-48,68934631;SPRF-MG;DEL13-MG;UOP02-DEL13-MG;;;
724197;11/10/2025;s�bado;03:27:00;DF;40;4,9;BRASILIA;Aus�ncia de rea��o do condutor;Colis�o traseira;Com V�timas Feridas;Plena Noite;Crescente;C�u Claro;Dupla;Reta;N�o;3;0;1;0;1;1;1;3;-16,020054;-47,980711;SPRF-DF;DEL01-DF;UOP01-DEL01-DF;;;
724737;13/10/2025;segunda-feira;01:00:00;PA;316;178;SANTA LUZIA DO PARA;Deixar de acionar o farol da motocicleta (ou similar);Colis�o traseira;Sem V�timas;Plena Noite;Crescente;C�u Claro;Simples;Reta;N�o;3;0;0;0;1;2;0;3;-1,392749;-47,018002;SPRF-PA;DEL01-PA;UOP03-DEL01-PA;;;
724750;13/10/2025;segunda-feira;09:00:00;MG;381;686,8;LAVRAS;Chuva;Colis�o com objeto;Com V�timas Feridas;Pleno dia;Crescente;Chuva;Dupla;Curva;N�o;4;0;1;0;2;1;1;3;-21,17056585;-45,12685776;SPRF-MG;DEL04-MG;UOP02-DEL04-MG;;;
725443;16/10/2025;quinta-feira;17:30:00;RS;386;133,3;SARANDI;Pista Escorregadia;Sa�da de leito carro��vel;Com V�timas Feridas;Pleno dia;Decrescente;Chuva;Simples;"Interse��o de Vias;Curva;Declive";Sim;3;0;0;1;1;1;1;3;-27,94673;-52,93056;SPRF-RS;DEL08-RS;UOP01-DEL08-RS;;;
725872;18/10/2025;s�bado;11:33:00;MT;163;844,5;SINOP;Acessar a via sem observar a presen�a dos outros ve�culos;Colis�o transversal;Com V�timas Feridas;Pleno dia;Decrescente;C�u Claro;Simples;Reta;N�o;5;0;1;0;3;1;1;3;-11,77817443;-55,47359705;SPRF-MT;DEL06-MT;UOP02-DEL06-MT;;;
726230;20/10/2025;segunda-feira;01:47:00;TO;10;463,1;PALMAS;Ingest�o de �lcool pelo condutor;Colis�o traseira;Com V�timas Feridas;Plena Noite;Decrescente;Ignorado;M�ltipla;Reta;Sim;5;0;1;0;1;3;1;3;-10,238376;-48,312016;SPRF-TO;DEL01-TO;UOP03-DEL01-TO;;;
726531;21/10/2025;ter�a-feira;11:15:00;PB;101;109,7;ALHANDRA;Velocidade Incompat�vel;Colis�o frontal;Sem V�timas;Pleno dia;Decrescente;C�u Claro;Simples;Reta;Sim;3;0;0;0;2;1;0;3;-7,355673;-34,950008;SPRF-PB;DEL01-PB;UOP01-DEL01-PB;;;
726597;21/10/2025;ter�a-feira;16:15:00;RS;101;72;OSORIO;Rea��o tardia ou ineficiente do condutor;Colis�o com objeto;Com V�timas Feridas;Pleno dia;Decrescente;Sol;Dupla;Reta;N�o;3;0;2;0;0;1;2;2;-29,764459;-50,217515;SPRF-RS;DEL03-RS;UOP01-DEL03-RS;;;
726710;22/10/2025;quarta-feira;10:00:00;TO;153;333;GUARAI;Condutor deixou de manter dist�ncia do ve�culo da frente;Colis�o lateral mesmo sentido;Sem V�timas;Pleno dia;Crescente;Nublado;Dupla;Rotat�ria;Sim;3;0;0;0;2;1;0;3;-8,82989459;-48,51199821;SPRF-TO;DEL02-TO;UOP02-DEL02-TO;;;
727018;23/10/2025;quinta-feira;17:25:00;SC;101;55,2;JOINVILLE;Condutor deixou de manter dist�ncia do ve�culo da frente;Colis�o traseira;Com V�timas Feridas;Pleno dia;Decrescente;C�u Claro;Dupla;Reta;Sim;4;0;1;0;2;1;1;3;-26,40587931;-48,83817069;SPRF-SC;DEL03-SC;UOP01-DEL03-SC;;;
727036;23/10/2025;quinta-feira;20:30:00;PR;369;403,9;JURANDA;Condutor deixou de manter dist�ncia do ve�culo da frente;Colis�o traseira;Com V�timas Feridas;Plena Noite;Decrescente;C�u Claro;Simples;Reta;N�o;3;0;1;0;1;1;1;3;-24,3901693;-52,7990476;SPRF-PR;DEL04-PR;UOP03-DEL04-PR;;;
727416;25/10/2025;s�bado;14:10:00;MG;381;360;SAO GONCALO DO RIO ABAIXO;Aus�ncia de rea��o do condutor;Colis�o lateral sentido oposto;Com V�timas Fatais;Pleno dia;Crescente;C�u Claro;Simples;Curva;N�o;3;1;0;0;1;1;0;3;-19,85613858;-43,24382027;SPRF-MG;DEL03-MG;UOP01-DEL03-MG;;;
727599;26/10/2025;domingo;05:28:00;PA;316;94;SAO FRANCISCO DO PARA;Ingest�o de �lcool pelo condutor;Colis�o traseira;Com V�timas Feridas;Amanhecer;Decrescente;C�u Claro;Simples;Reta;N�o;3;0;1;0;1;1;1;3;-1,326275;-47,652842;SPRF-PA;DEL01-PA;UOP02-DEL01-PA;;;
728048;28/10/2025;ter�a-feira;07:14:00;MG;381;924,6;ITAPEVA;Velocidade Incompat�vel;Capotamento;Com V�timas Feridas;Pleno dia;Crescente;Chuva;Dupla;Curva;N�o;10;0;4;1;4;1;5;4;-22,77064816;-46,20122945;SPRF-MG;DEL16-MG;UOP03-DEL16-MG;;;
728179;28/10/2025;ter�a-feira;20:00:00;TO;10;464;PALMAS;Rea��o tardia ou ineficiente do condutor;Tombamento;Com V�timas Feridas;Plena Noite;Decrescente;C�u Claro;M�ltipla;Reta;Sim;2;0;0;1;0;1;1;2;-10,23180536;-48,31179857;SPRF-TO;DEL01-TO;UOP03-DEL01-TO;;;
728318;29/10/2025;quarta-feira;12:10:00;MT;163;853;SINOP;Acessar a via sem observar a presen�a dos outros ve�culos;Colis�o transversal;Com V�timas Feridas;Pleno dia;Decrescente;C�u Claro;Simples;"Reta;Interse��o de Vias";Sim;7;0;1;0;5;1;1;3;-11,6974;-55,45123;SPRF-MT;DEL06-MT;UOP02-DEL06-MT;;;
728363;29/10/2025;quarta-feira;13:32:00;GO;80;126;BARRO ALTO;Condutor Dormindo;Sa�da de leito carro��vel;Com V�timas Feridas;Pleno dia;Crescente;C�u Claro;Simples;Reta;N�o;2;0;1;0;0;1;1;2;-15,00853278;-48,90077592;SPRF-GO;DEL07-GO;UOP02-DEL07-GO;;;
728393;29/10/2025;quarta-feira;18:50:00;RN;304;119,2;ITAJA;Acessar a via sem observar a presen�a dos outros ve�culos;Colis�o transversal;Com V�timas Feridas;Plena Noite;Crescente;C�u Claro;Simples;"Aclive;Interse��o de Vias;Reta";N�o;3;0;1;0;1;1;1;3;-5,63034666;-36,86362624;SPRF-RN;DEL04-RN;UOP01-DEL04-RN;;;
728777;31/10/2025;sexta-feira;17:35:00;SP;116;143,8;SAO JOSE DOS CAMPOS;Rea��o tardia ou ineficiente do condutor;Engavetamento;Com V�timas Feridas;Anoitecer;Decrescente;Nublado;Dupla;Reta;N�o;4;0;1;0;2;1;1;4;-23,1815176;-45,8416551;SPRF-SP;DEL02-SP;UOP01-DEL02-SP;;;
728941;01/11/2025;s�bado;14:00:00;BA;116;859,9;VITORIA DA CONQUISTA;Rea��o tardia ou ineficiente do condutor;Capotamento;Com V�timas Feridas;Pleno dia;Crescente;Sol;Simples;"Reta;Declive";N�o;3;0;2;0;0;1;2;2;-15,16028748;-41,05693817;SPRF-BA;DEL08-BA;UOP01-DEL08-BA;;;
729255;02/11/2025;domingo;19:56:00;MG;50;20,1;ARAGUARI;Objeto est�tico sobre o leito carro��vel;Sa�da de leito carro��vel;Com V�timas Feridas;Plena Noite;Crescente;Chuva;Dupla;"Aclive;Curva";N�o;5;0;1;0;3;1;1;2;-18,58906;-48,05587;SPRF-MG;DEL15-MG;UOP02-DEL15-MG;;;
729630;04/11/2025;ter�a-feira;19:45:00;GO;60;336;ACREUNA;Acessar a via sem observar a presen�a dos outros ve�culos;Colis�o traseira;Com V�timas Feridas;Plena Noite;Crescente;Nublado;Dupla;"Retorno Regulamentado;Reta";N�o;3;0;1;0;1;1;1;3;-17,5566459;-50,53127289;SPRF-GO;DEL04-GO;UOP02-DEL04-GO;;;
729633;04/11/2025;ter�a-feira;20:00:00;RJ;101;475;ANGRA DOS REIS;Demais falhas mec�nicas ou el�tricas;Colis�o frontal;Com V�timas Feridas;Plena Noite;Decrescente;C�u Claro;Simples;Curva;N�o;4;0;1;0;2;1;1;4;-23,006183;-44,261413;SPRF-RJ;DEL03-RJ;UOP03-DEL03-RJ;;;
730244;07/11/2025;sexta-feira;15:00:00;SC;470;235;SAO CRISTOVAO DO SUL;Transitar na contram�o;Colis�o frontal;Com V�timas Feridas;Pleno dia;Crescente;Nublado;Simples;Reta;N�o;5;0;1;2;0;2;3;4;-27,30222603;-50,43580469;SPRF-SC;DEL05-SC;UOP03-DEL05-SC;;;
730554;08/11/2025;s�bado;19:30:00;RO;364;21;VILHENA;Transitar na contram�o;Colis�o lateral sentido oposto;Com V�timas Feridas;Plena Noite;Decrescente;C�u Claro;Simples;Reta;N�o;4;0;0;1;2;1;1;3;-12,72568465;-60,20136729;SPRF-RO;DEL04-RO;UOP01-DEL04-RO;;;
730829;09/11/2025;domingo;23:50:00;MG;381;441;SANTA LUZIA;Aus�ncia de rea��o do condutor;Colis�o com objeto;Com V�timas Feridas;Plena Noite;Decrescente;C�u Claro;Dupla;"Aclive;Reta;Interse��o de Vias";Sim;3;0;1;0;1;1;1;3;-19,82629589;-43,83578669;SPRF-MG;DEL01-MG;UOP01-DEL01-MG;;;
730920;10/11/2025;segunda-feira;12:00:00;GO;60;118;TEREZOPOLIS DE GOIAS;Desrespeitar a prefer�ncia no cruzamento;Colis�o transversal;Com V�timas Feridas;Pleno dia;Decrescente;Sol;Dupla;Interse��o de Vias;Sim;3;0;1;0;1;1;1;3;-16,48350199;-49,09214792;SPRF-GO;DEL01-GO;UOP01-DEL01-GO;;;
730934;10/11/2025;segunda-feira;12:00:00;GO;60;194,6;GUAPO;Avarias e/ou desgaste excessivo no pneu;Sa�da de leito carro��vel;Com V�timas Feridas;Pleno dia;Crescente;Sol;Dupla;Reta;N�o;2;0;1;0;0;1;1;2;-16,84674694;-49,55595866;SPRF-GO;DEL01-GO;UOP02-DEL01-GO;;;
731312;19/10/2025;domingo;21:10:00;AL;104;34;UNIAO DOS PALMARES;Transitar na contram�o;Colis�o frontal;Com V�timas Feridas;Plena Noite;Decrescente;C�u Claro;Simples;Reta;Sim;3;0;0;1;1;1;1;3;-9,131419;-36,02831125;SPRF-AL;DEL01-AL;UOP02-DEL01-AL;;;
731522;13/11/2025;quinta-feira;10:15:00;PR;116;115;CURITIBA;Rea��o tardia ou ineficiente do condutor;Colis�o traseira;Com V�timas Feridas;Pleno dia;Decrescente;Sol;M�ltipla;Reta;Sim;3;0;1;0;1;1;1;3;-25,54471102;-49,30201499;SPRF-PR;DEL01-PR;UOP03-DEL01-PR;;;
731802;11/10/2025;s�bado;20:30:00;RJ;493;19;MAGE;Rea��o tardia ou ineficiente do condutor;Colis�o traseira;Sem V�timas;Plena Noite;Crescente;C�u Claro;Simples;Reta;Sim;3;0;0;0;2;1;0;3;-22,66459899;-43,03054212;SPRF-RJ;DEL04-RJ;UOP02-DEL04-RJ;;;
731887;14/11/2025;sexta-feira;20:45:00;RS;386;416,8;MONTENEGRO;Acessar a via sem observar a presen�a dos outros ve�culos;Colis�o transversal;Com V�timas Feridas;Plena Noite;Crescente;C�u Claro;Simples;"Declive;Curva";N�o;6;0;1;1;3;1;2;3;-29,8181855;-51,4555951;SPRF-RS;DEL04-RS;UOP02-DEL04-RS;;;
732579;13/11/2025;quinta-feira;08:00:00;SC;101;203;SAO JOSE;Rea��o tardia ou ineficiente do condutor;Colis�o traseira;Com V�timas Feridas;Pleno dia;Crescente;C�u Claro;Dupla;Viaduto;Sim;5;0;1;0;2;2;1;4;-27,56465756;-48,61480236;SPRF-SC;DEL01-SC;UOP01-DEL01-SC;;;
733036;19/11/2025;quarta-feira;19:50:00;SC;470;67;INDAIAL;Estacionar ou parar em local proibido;Colis�o traseira;Com V�timas Feridas;Plena Noite;Crescente;C�u Claro;Dupla;Reta;Sim;3;0;0;1;1;1;1;3;-26,871806;-49,231244;SPRF-SC;DEL04-SC;UOP01-DEL04-SC;;;
733230;20/11/2025;quinta-feira;16:55:00;MG;116;700,1;MURIAE;Velocidade Incompat�vel;Colis�o lateral sentido oposto;Com V�timas Feridas;Pleno dia;Decrescente;Sol;Simples;Curva;Sim;4;0;0;1;1;2;1;4;-21,107644;-42,379056;SPRF-MG;DEL07-MG;UOP02-DEL07-MG;;;
733500;21/11/2025;sexta-feira;19:30:00;RJ;493;1,7;ITABORAI;Acesso irregular;Colis�o lateral mesmo sentido;Com V�timas Fatais;Plena Noite;Crescente;C�u Claro;Dupla;Reta;Sim;4;1;0;0;2;1;0;4;-22,76308;-42,930065;SPRF-RJ;DEL02-RJ;UOP02-DEL02-RJ;;;
733541;21/11/2025;sexta-feira;20:00:00;GO;60;196;GUAPO;Objeto est�tico sobre o leito carro��vel;Colis�o traseira;Sem V�timas;Plena Noite;Decrescente;C�u Claro;Dupla;Curva;N�o;3;0;0;0;2;1;0;3;-16,8570319;-49,59871022;SPRF-GO;DEL01-GO;UOP02-DEL01-GO;;;
733751;23/11/2025;domingo;05:04:00;MG;365;773;ITUIUTABA;Animais na Pista;Atropelamento de Animal;Sem V�timas;Amanhecer;Decrescente;Nublado;Simples;Declive;N�o;5;0;0;0;4;1;0;2;-18,959161;-49,668593;SPRF-MG;DEL15-MG;UOP03-DEL15-MG;;;
734122;24/11/2025;segunda-feira;14:40:00;DF;70;9;BRASILIA;Carga excessiva e/ou mal acondicionada;Colis�o traseira;Com V�timas Feridas;Pleno dia;Decrescente;C�u Claro;Dupla;Reta;Sim;6;0;1;0;4;1;1;3;-15,787651;-48,14178;SPRF-DF;DEL03-DF;UOP02-DEL03-DF;;;
734684;27/11/2025;quinta-feira;11:51:00;PE;232;27,2;MORENO;Retorno proibido;Colis�o transversal;Com V�timas Feridas;Pleno dia;Crescente;Sol;Dupla;Reta;N�o;4;0;2;0;1;1;2;3;-8,11405388;-35,12815889;SPRF-PE;DEL02-PE;UOP02-DEL02PE;;;
734790;27/11/2025;quinta-feira;22:02:00;PE;232;128,5;CARUARU;Velocidade Incompat�vel;Colis�o traseira;Com V�timas Feridas;Plena Noite;Crescente;Nublado;Dupla;Reta;Sim;6;0;0;1;4;1;1;4;-8,30087;-35,98547;SPRF-PE;DEL02-PE;UOP03-DEL02-PE;;;
734930;28/11/2025;sexta-feira;15:15:00;SC;101;41;JOINVILLE;Aus�ncia de rea��o do condutor;Engavetamento;Com V�timas Feridas;Pleno dia;Decrescente;C�u Claro;M�ltipla;Reta;Sim;6;0;1;0;4;1;1;4;-26,31157388;-48,8758564;SPRF-SC;DEL03-SC;UOP01-DEL03-SC;;;
735265;29/11/2025;s�bado;18:30:00;SC;470;138;IBIRAMA;Acessar a via sem observar a presen�a dos outros ve�culos;Colis�o transversal;Sem V�timas;Anoitecer;Decrescente;Nublado;Simples;Reta;N�o;3;0;0;0;1;2;0;3;-27,081145;-49,484463;SPRF-SC;DEL04-SC;UOP02-DEL04-SC;;;
735490;30/11/2025;domingo;14:00:00;GO;153;559;PROFESSOR JAMIL;Carga excessiva e/ou mal acondicionada;Sa�da de leito carro��vel;Sem V�timas;Pleno dia;Decrescente;C�u Claro;Dupla;Reta;N�o;2;0;0;0;0;2;0;2;-17,209708;-49,217202;SPRF-GO;DEL03-GO;UOP01-DEL03-GO;;;
736188;03/12/2025;quarta-feira;17:45:00;PR;116;96,4;SAO JOSE DOS PINHAIS;Acessar a via sem observar a presen�a dos outros ve�culos;Colis�o transversal;Com V�timas Feridas;Pleno dia;Decrescente;Nublado;M�ltipla;"Reta;Interse��o de Vias";Sim;4;0;1;0;1;2;1;4;-25,540143;-49,15017;SPRF-PR;DEL01-PR;UOP07-DEL01-PR;;;
736236;03/12/2025;quarta-feira;22:00:00;SC;280;70,3;JARAGUA DO SUL;Ingest�o de �lcool pelo condutor;Sa�da de leito carro��vel;Com V�timas Feridas;Plena Noite;Crescente;Nublado;Simples;Reta;Sim;2;0;1;0;0;1;1;2;-26,462348;-49,132962;SPRF-SC;DEL03-SC;UOP03-DEL03-SC;;;
736294;04/12/2025;quinta-feira;08:00:00;PE;428;188,5;PETROLINA;Demais falhas mec�nicas ou el�tricas;Queda de ocupante de ve�culo;Com V�timas Feridas;Pleno dia;Crescente;C�u Claro;Dupla;"Declive;Reta";Sim;2;0;1;0;0;1;1;2;-9,376479;-40,4951979;SPRF-PE;DEL06-PE;UOP01-DEL06-PE;;;
736623;05/12/2025;sexta-feira;15:55:00;PR;277;129;CAMPO LARGO;Aus�ncia de rea��o do condutor;Sa�da de leito carro��vel;Com V�timas Feridas;Pleno dia;Crescente;C�u Claro;Dupla;"Reta;Declive";N�o;2;0;0;1;0;1;1;2;-25,446097;-49,5697;SPRF-PR;DEL03-PR;UOP03-DEL03-PR;;;
736749;06/12/2025;s�bado;02:20:00;GO;153;267,1;NOVA GLORIA;Carga excessiva e/ou mal acondicionada;Capotamento;Com V�timas Feridas;Plena Noite;Crescente;Garoa/Chuvisco;Simples;Reta;N�o;6;0;4;0;1;1;4;2;-15,050187;-49,444939;SPRF-GO;DEL07-GO;UOP02-DEL07-GO;;;
737434;08/12/2025;segunda-feira;19:05:00;MT;174;287;PONTES E LACERDA;Transitar na contram�o;Colis�o lateral sentido oposto;Sem V�timas;Plena Noite;Decrescente;Nublado;Simples;Reta;N�o;5;0;0;0;3;2;0;3;-15,256704;-59,306917;SPRF-MT;DEL04-MT;UOP01-DEL04-MT;;;
737685;09/12/2025;ter�a-feira;23:11:00;PE;101;73;RECIFE;Aus�ncia de rea��o do condutor;Engavetamento;Sem V�timas;Plena Noite;Decrescente;C�u Claro;M�ltipla;Reta;Sim;4;0;0;0;3;1;0;4;-8,09626;-34,94954;SPRF-PE;DEL01-PE;UOP01-DEL01-PE;;;
737909;10/12/2025;quarta-feira;09:20:00;RS;386;422,3;MONTENEGRO;Avarias e/ou desgaste excessivo no pneu;Colis�o com objeto;Com V�timas Feridas;Pleno dia;Crescente;Chuva;Dupla;Reta;N�o;3;0;2;0;0;1;2;2;-29,81618809;-51,39555423;SPRF-RS;DEL04-RS;UOP02-DEL04-RS;;;
738235;12/12/2025;sexta-feira;15:00:00;PB;230;19,1;JOAO PESSOA;Trafegar com motocicleta (ou similar) entre as faixas;Colis�o lateral mesmo sentido;Com V�timas Feridas;Pleno dia;Decrescente;C�u Claro;Dupla;Declive;Sim;4;0;0;1;2;1;1;3;-7,12963;-34,85041;SPRF-PB;DEL01-PB;UOP01-DEL01-PB;;;
738281;12/12/2025;sexta-feira;16:50:00;RJ;101;499,9;ANGRA DOS REIS;Acesso irregular;Colis�o lateral sentido oposto;Sem V�timas;Pleno dia;Crescente;C�u Claro;Simples;Reta;N�o;3;0;0;0;2;1;0;3;-22,91579254;-44,35150266;SPRF-RJ;DEL03-RJ;UOP03-DEL03-RJ;;;
738284;12/12/2025;sexta-feira;17:29:00;SP;381;23;BRAGANCA PAULISTA;Mal s�bito do condutor;Colis�o com objeto;Sem V�timas;Pleno dia;Crescente;C�u Claro;M�ltipla;Reta;N�o;2;0;0;0;1;1;0;2;-23,00091382;-46,51899803;SPRF-SP;DEL03-SP;UOP02-DEL03-SP;;;
738291;12/12/2025;sexta-feira;16:30:00;RJ;116;288;BARRA MANSA;Aus�ncia de rea��o do condutor;Colis�o lateral mesmo sentido;Sem V�timas;Pleno dia;Decrescente;C�u Claro;Dupla;Reta;Sim;3;0;0;0;2;1;0;3;-22,494624;-44,241213;SPRF-RJ;DEL07-RJ;UOP02-DEL07-RJ;;;
738348;12/12/2025;sexta-feira;20:05:00;PB;104;131;QUEIMADAS;Condutor deixou de manter dist�ncia do ve�culo da frente;Colis�o traseira;Sem V�timas;Plena Noite;Decrescente;C�u Claro;Simples;Reta;Sim;3;0;0;0;1;2;0;3;-7,29274563;-35,8907783;SPRF-PB;DEL02-PB;UOP03-DEL02-PB;;;
738350;12/12/2025;sexta-feira;17:35:00;RN;304;113,7;ACU;Acessar a via sem observar a presen�a dos outros ve�culos;Colis�o transversal;Com V�timas Fatais;Anoitecer;Crescente;C�u Claro;Simples;"Reta;Interse��o de Vias";Sim;4;2;0;0;0;2;0;3;-5,608848;-36,907133;SPRF-RN;DEL04-RN;UOP01-DEL04-RN;;;
738485;13/12/2025;s�bado;09:39:00;PE;101;56,8;RECIFE;Condutor deixou de manter dist�ncia do ve�culo da frente;Colis�o traseira;Com V�timas Feridas;Pleno dia;Decrescente;C�u Claro;Dupla;Retorno Regulamentado;Sim;3;0;0;1;1;1;1;3;-7,962472;-34,91424;SPRF-PE;DEL01-PE;UOP02-DEL01-PE;;;
738520;13/12/2025;s�bado;09:20:00;GO;153;221;URUACU;Rea��o tardia ou ineficiente do condutor;Colis�o traseira;Com V�timas Feridas;Pleno dia;Crescente;Nublado;Simples;Reta;N�o;3;0;0;1;1;1;1;3;-14,516224;-49,1487232;SPRF-GO;DEL07-GO;UOP02-DEL07-GO;;;
738889;14/12/2025;domingo;17:10:00;MT;163;550;DIAMANTINO;Rea��o tardia ou ineficiente do condutor;Colis�o traseira;Com V�timas Feridas;Anoitecer;Crescente;Nublado;Dupla;Reta;N�o;3;0;1;0;1;1;1;3;-14,225198;-56,101061;SPRF-MT;DEL01-MT;UOP01-DEL01-MT;;;
738915;14/12/2025;domingo;21:50:00;GO;20;14;FORMOSA;Ingest�o de �lcool pelo condutor;Sa�da de leito carro��vel;Sem V�timas;Plena Noite;Crescente;C�u Claro;Dupla;"Retorno Regulamentado;Reta";N�o;2;0;0;0;1;1;0;2;-15,54784414;-47,16611143;SPRF-DF;DEL02-DF;UOP02-DEL02-DF;;;
739143;15/12/2025;segunda-feira;18:20:00;SC;280;50;GUARAMIRIM;Carga excessiva e/ou mal acondicionada;Sa�da de leito carro��vel;Com V�timas Feridas;Anoitecer;Decrescente;C�u Claro;Simples;Reta;Sim;2;0;1;0;0;1;1;2;-26,46425968;-48,95228712;SPRF-SC;DEL03-SC;UOP03-DEL03-SC;;;
739181;16/12/2025;ter�a-feira;01:15:00;PA;316;45;SANTA IZABEL DO PARA;Animais na Pista;Atropelamento de Animal;Sem V�timas;Plena Noite;Crescente;C�u Claro;Dupla;Reta;N�o;2;0;0;0;1;1;0;2;-1,279013;-48,073297;SPRF-PA;DEL01-PA;UOP01-DEL01-PA;;;
739293;16/12/2025;ter�a-feira;14:45:00;PE;232;76;GRAVATA;Aus�ncia de rea��o do condutor;Sa�da de leito carro��vel;Com V�timas Feridas;Anoitecer;Crescente;Sol;Dupla;Reta;Sim;4;0;2;1;0;1;3;2;-8,19086601;-35,51016681;SPRF-PE;DEL02-PE;UOP02-DEL02PE;;;
739432;16/12/2025;ter�a-feira;19:30:00;MT;163;771;SORRISO;Demais falhas mec�nicas ou el�tricas;Atropelamento de Pedestre;Com V�timas Feridas;Plena Noite;Crescente;Nublado;Simples;Reta;N�o;3;0;0;1;1;1;1;3;-12,40606548;-55,62704086;SPRF-MT;DEL06-MT;UOP01-DEL06-MT;;;
739731;18/12/2025;quinta-feira;11:45:00;AL;104;40;UNIAO DOS PALMARES;Condutor Dormindo;Colis�o lateral sentido oposto;Com V�timas Feridas;Pleno dia;Decrescente;C�u Claro;Simples;"Curva;Declive";N�o;14;0;1;0;12;1;1;3;-9,19407666;-36,03478718;SPRF-AL;DEL01-AL;UOP02-DEL01-AL;;;
739773;18/12/2025;quinta-feira;11:30:00;PR;277;43,9;MORRETES;Aus�ncia de rea��o do condutor;Colis�o traseira;Sem V�timas;Pleno dia;Decrescente;Nublado;Dupla;"Declive;Curva";N�o;4;0;0;0;3;2;0;5;-25,593;-48,89;SPRF-PR;DEL01-PR;UOP05-DEL01-PR;;;
739969;19/12/2025;sexta-feira;09:30:00;RS;386;389;TRIUNFO;Acessar a via sem observar a presen�a dos outros ve�culos;Colis�o lateral mesmo sentido;Com V�timas Feridas;Pleno dia;Decrescente;C�u Claro;Simples;"Curva;Declive";Sim;4;0;1;1;1;1;2;3;-29,70216348;-51,68391855;SPRF-RS;DEL04-RS;UOP02-DEL04-RS;;;
740623;21/12/2025;domingo;14:10:00;SC;282;623,9;IRACEMINHA;Afundamento ou ondula��o no pavimento;Colis�o traseira;Sem V�timas;Pleno dia;Decrescente;Nublado;Simples;"Aclive;Curva";N�o;3;0;0;0;2;1;0;3;-26,79819109;-53,3412391;SPRF-SC;DEL07-SC;UOP02-DEL07-SC;;;
740738;22/12/2025;segunda-feira;03:30:00;RJ;101;409;ITAGUAI;Velocidade Incompat�vel;Colis�o traseira;Com V�timas Feridas;Plena Noite;Decrescente;C�u Claro;Dupla;Reta;N�o;4;0;1;0;2;1;1;3;-22,893353;-43,844388;SPRF-RJ;DEL03-RJ;UOP01-DEL03-RJ;;;
740853;22/12/2025;segunda-feira;11:10:00;ES;262;84;DOMINGOS MARTINS;Pista Escorregadia;Queda de ocupante de ve�culo;Com V�timas Feridas;Pleno dia;Decrescente;Garoa/Chuvisco;Simples;"Reta;Declive";N�o;2;0;1;0;0;1;1;2;-20,40438433;-40,97343731;SPRF-ES;DEL01-ES;UOP02-DEL01-ES;;;