id;data_inversa;dia_semana;horario;uf;br;km;municipio;causa_acidente;tipo_acidente;classificacao_acidente;fase_dia;sentido_via;condicao_metereologica;tipo_pista;tracado_via;uso_solo;pessoas;mortos;feridos_leves;feridos_graves;ilesos;ignorados;feridos;veiculos;latitude;longitude;regional;delegacia;uop;;;
652662;01/01/2025;quarta-feira;21:20:00;PR;163;184,9;SANTA TEREZA DO OESTE;Velocidade Incompat�vel;Sa�da de leito carro��vel;Sem V�timas;Plena Noite;Decrescente;C�u Claro;Dupla;Curva;N�o;1;0;0;0;1;0;0;1;-25,14321919;-53,58795779;SPRF-PR;DEL05-PR;UOP05-DEL05-PR;;;
652663;01/01/2025;quarta-feira;19:05:00;MG;116;116,9;ITAOBIM;Acessar a via sem observar a presen�a dos outros ve�culos;Colis�o traseira;Com V�timas Feridas;Plena Noite;Decrescente;Ignorado;Simples;Interse��o de Vias;Sim;6;0;2;0;4;0;2;3;-16,565216;-41,504654;SPRF-MG;DEL11-MG;UOP02-DEL11-MG;;;
652664;01/01/2025;quarta-feira;17:30:00;PE;104;73;CARUARU;Ultrapassagem Indevida;Atropelamento de Pedestre;Com V�timas Feridas;Anoitecer;Decrescente;C�u Claro;Simples;"Aclive;Reta";N�o;3;0;0;1;1;1;1;2;-8,341347;-35,982346;SPRF-PE;DEL02-PE;UOP01-DEL02-PE;;;
652665;01/01/2025;quarta-feira;20:45:00;PI;343;345,5;TERESINA;Acessar a via sem observar a presen�a dos outros ve�culos;Colis�o lateral sentido oposto;Com V�timas Feridas;Plena Noite;Decrescente;C�u Claro;Simples;"Reta;Interse��o de Vias";Sim;3;0;1;0;2;0;1;2;-5,102889;-42,766506;SPRF-PI;DEL01-PI;UOP01-DEL01-PI;;;
652666;01/01/2025;quarta-feira;21:00:00;RS;386;439;NOVA SANTA RITA;Aus�ncia de rea��o do condutor;Colis�o traseira;Com V�timas Feridas;Plena Noite;Decrescente;Nublado;Dupla;Reta;N�o;1;0;1;0;0;0;1;1;-29,87313079;-51,24708306;SPRF-RS;DEL04-RS;UOP02-DEL04-RS;;;
652667;01/01/2025;quarta-feira;21:45:00;SC;101;58;ARAQUARI;Rea��o tardia ou ineficiente do condutor;Colis�o com objeto;Com V�timas Feridas;Plena Noite;Decrescente;Chuva;M�ltipla;Curva;N�o;3;0;3;0;0;0;3;1;-26,44025049;-48,80129043;SPRF-SC;DEL03-SC;UOP02-DEL03-SC;;;
652668;01/01/2025;quarta-feira;20:20:00;MT;364;580;DIAMANTINO;Rea��o tardia ou ineficiente do condutor;Sa�da de leito carro��vel;Sem V�timas;Plena Noite;Decrescente;C�u Claro;Dupla;Reta;N�o;1;0;0;0;1;0;0;1;-14,65567222;-56,29443276;SPRF-MT;DEL01-MT;UOP01-DEL01-MT;;;
652669;01/01/2025;quarta-feira;19:50:00;MT;163;753;SORRISO;Transitar na contram�o;Queda de ocupante de ve�culo;Com V�timas Feridas;Plena Noite;Crescente;C�u Claro;Dupla;Reta;Sim;1;0;1;0;0;0;1;1;-12,64601993;-55,78671414;SPRF-MT;DEL06-MT;UOP01-DEL06-MT;;;
652670;01/01/2025;quarta-feira;22:00:00;PR;376;666,4;GUARATUBA;Velocidade Incompat�vel;Capotamento;Com V�timas Feridas;Pleno dia;Decrescente;Garoa/Chuvisco;Dupla;"Aclive;Curva";N�o;2;0;1;0;1;0;1;1;-25,86037408;-48,95087256;SPRF-PR;DEL01-PR;UOP04-DEL01-PR;;;
652672;01/01/2025;quarta-feira;22:20:00;MG;40;277;TRES MARIAS;Acumulo de �gua sobre o pavimento;Sa�da de leito carro��vel;Sem V�timas;Plena Noite;Decrescente;Chuva;Simples;Curva;N�o;1;0;0;0;1;0;0;1;-18,21264695;-45,22480595;SPRF-MG;DEL14-MG;UOP02-DEL14-MG;;;
652673;01/01/2025;quarta-feira;19:37:00;PR;369;56,9;BANDEIRANTES;Condutor desrespeitou a ilumina��o vermelha do sem�foro;Colis�o frontal;Com V�timas Feridas;Plena Noite;Crescente;C�u Claro;Simples;"Interse��o de Vias;Reta";Sim;2;0;1;0;1;0;1;2;-23,119671;-50,377422;SPRF-PR;DEL07-PR;UOP05-DEL07-PR;;;
652674;01/01/2025;quarta-feira;17:30:00;RJ;116;270;VOLTA REDONDA;Rea��o tardia ou ineficiente do condutor;Colis�o com objeto;Com V�timas Feridas;Pleno dia;Crescente;Sol;M�ltipla;Reta;N�o;8;0;3;0;5;0;3;4;-22,56923335;-44,12024318;SPRF-RJ;DEL07-RJ;UOP02-DEL07-RJ;;;
652676;01/01/2025;quarta-feira;23:00:00;RJ;40;123,8;DUQUE DE CAXIAS;Rea��o tardia ou ineficiente do condutor;Colis�o lateral mesmo sentido;Com V�timas Feridas;Plena Noite;Decrescente;C�u Claro;M�ltipla;Reta;Sim;3;0;3;0;0;0;3;2;-22,79907687;-43,29015739;SPRF-RJ;DEL01-RJ;UOP02-DEL01-RJ;;;
652677;01/01/2025;quarta-feira;17:00:00;PI;316;336,5;GEMINIANO;Manobra de mudan�a de faixa;Colis�o lateral sentido oposto;Com V�timas Feridas;Pleno dia;Crescente;C�u Claro;Simples;Reta;N�o;2;0;1;0;1;0;1;2;-7,10961002;-41,245025;SPRF-PI;DEL04-PI;UOP01-DEL04-PI;;;
652678;01/01/2025;quarta-feira;22:48:00;MS;262;265,5;RIBAS DO RIO PARDO;Animais na Pista;Atropelamento de Animal;Com V�timas Fatais;Plena Noite;Decrescente;C�u Claro;Simples;Reta;N�o;1;1;0;0;0;0;0;1;-20,4299829;-53,97832505;SPRF-MS;DEL01-MS;UOP05-DEL01-MS;;;
652679;02/01/2025;quinta-feira;00:30:00;PR;277;64;SAO JOSE DOS PINHAIS;Velocidade Incompat�vel;Sa�da de leito carro��vel;Sem V�timas;Plena Noite;Crescente;Nublado;Dupla;Reta;N�o;1;0;0;0;0;1;0;1;-25,55703867;-49,02612685;SPRF-PR;DEL01-PR;UOP01-DEL01-PR;;;
652680;01/01/2025;quarta-feira;23:40:00;SC;480;125,5;CHAPECO;Aus�ncia de rea��o do condutor;Sa�da de leito carro��vel;Com V�timas Feridas;Plena Noite;Decrescente;Chuva;M�ltipla;"Aclive;Reta";N�o;1;0;1;0;0;0;1;1;-27,01410583;-52,63789058;SPRF-SC;DEL07-SC;UOP01-DEL07-SC;;;
652681;02/01/2025;quinta-feira;01:30:00;PR;153;204;TIBAGI;Rea��o tardia ou ineficiente do condutor;Sa�da de leito carro��vel;Com V�timas Feridas;Plena Noite;Crescente;C�u Claro;Simples;"Interse��o de Vias;Rotat�ria";N�o;4;0;4;0;0;0;4;1;-24,49947212;-50,44548845;SPRF-PR;DEL03-PR;UOP02-DEL03-PR;;;
652682;02/01/2025;quinta-feira;02:30:00;SC;101;124;ITAJAI;Defici�ncia do Sistema de Ilumina��o/Sinaliza��o;Colis�o traseira;Com V�timas Feridas;Plena Noite;Decrescente;Nublado;Dupla;Reta;N�o;2;0;1;0;0;1;1;2;-26,94335064;-48,69198648;SPRF-SC;DEL04-SC;UOP04-DEL04-SC;;;
652683;02/01/2025;quinta-feira;03:50:00;PI;316;314;PICOS;Convers�o proibida;Colis�o transversal;Com V�timas Feridas;Plena Noite;Crescente;C�u Claro;Simples;"Interse��o de Vias;Reta";Sim;3;0;1;1;0;1;2;2;-7,07938614;-41,43321991;SPRF-PI;DEL04-PI;UOP01-DEL04-PI;;;
652684;02/01/2025;quinta-feira;04:30:00;MG;262;37,5;MANHUACU;Aus�ncia de rea��o do condutor;Sa�da de leito carro��vel;Sem V�timas;Amanhecer;Crescente;C�u Claro;Simples;Reta;Sim;2;0;0;0;2;0;0;1;-20,25748975;-42,03048732;SPRF-MG;DEL06-MG;UOP03-DEL06-MG;;;
652685;02/01/2025;quinta-feira;05:15:00;RS;470;217;BENTO GONCALVES;Rea��o tardia ou ineficiente do condutor;Colis�o com objeto;Com V�timas Feridas;Pleno dia;Decrescente;Nublado;Dupla;"Aclive;Curva;Interse��o de Vias;Rotat�ria";Sim;2;0;1;0;1;0;1;1;-29,16462512;-51,52551964;SPRF-RS;DEL06-RS;UOP01-DEL06-RS;;;
652686;02/01/2025;quinta-feira;04:30:00;BA;116;403,9;FEIRA DE SANTANA;Animais na Pista;Atropelamento de Animal;Sem V�timas;Plena Noite;Crescente;C�u Claro;Dupla;Reta;N�o;4;0;0;0;4;0;0;2;-12,06301657;-38,96984811;SPRF-BA;DEL02-BA;UOP01-DEL02-BA;;;
652688;01/01/2025;quarta-feira;22:25:00;MT;70;499,6;CUIABA;Convers�o proibida;Colis�o lateral mesmo sentido;Com V�timas Feridas;Plena Noite;Decrescente;Nublado;Simples;Reta;N�o;3;0;1;1;0;1;2;2;-15,67966827;-56,01505637;SPRF-MT;DEL01-MT;UOP02-DEL01-MT;;;
652689;02/01/2025;quinta-feira;06:17:00;SC;101;197;SAO JOSE;Acessar a via sem observar a presen�a dos outros ve�culos;Colis�o lateral mesmo sentido;Com V�timas Feridas;Pleno dia;Crescente;C�u Claro;Simples;Reta;Sim;2;0;1;0;1;0;1;2;-27,51844497;-48,63848496;SPRF-SC;DEL01-SC;UOP01-DEL01-SC;;;
652692;02/01/2025;quinta-feira;06:54:00;ES;101;51,4;SAO MATEUS;Aus�ncia de rea��o do condutor;Sa�da de leito carro��vel;Com V�timas Feridas;Pleno dia;Crescente;C�u Claro;Simples;Reta;N�o;2;0;1;0;1;0;1;1;-18,59458104;-39,88970815;SPRF-ES;DEL04-ES;UOP02-DEL04-ES;;;
652693;02/01/2025;quinta-feira;06:35:00;RJ;101;329;RIO DE JANEIRO;Rea��o tardia ou ineficiente do condutor;Colis�o traseira;Com V�timas Feridas;Pleno dia;Crescente;C�u Claro;Dupla;"Ponte;Declive;Reta";N�o;2;0;1;0;0;1;1;2;-22,86939305;-43,175642;SPRF-RJ;DEL02-RJ;UOP01-DEL02-RJ;;;
652694;02/01/2025;quinta-feira;07:00:00;BA;324;609;SIMOES FILHO;Aus�ncia de rea��o do condutor;Colis�o traseira;Sem V�timas;Pleno dia;Crescente;C�u Claro;Dupla;Reta;Sim;1;0;0;0;1;0;0;1;-12,82066;-38,40798;SPRF-BA;DEL01-BA;UOP01-DEL01-BA;;;
652695;02/01/2025;quinta-feira;07:05:00;PE;101;69;RECIFE;Rea��o tardia ou ineficiente do condutor;Queda de ocupante de ve�culo;Com V�timas Feridas;Pleno dia;Crescente;C�u Claro;M�ltipla;Reta;N�o;1;0;0;1;0;0;1;1;-8,05951606;-34,94581024;SPRF-PE;DEL01-PE;UOP01-DEL01-PE;;;
652696;02/01/2025;quinta-feira;07:00:00;MG;50;52;ARAGUARI;Rea��o tardia ou ineficiente do condutor;Colis�o com objeto;Com V�timas Feridas;Pleno dia;Decrescente;C�u Claro;Dupla;Reta;N�o;1;0;1;0;0;0;1;1;-18,75140135;-48,2369687;SPRF-MG;DEL15-MG;UOP02-DEL15-MG;;;
652697;02/01/2025;quinta-feira;07:40:00;ES;101;163;LINHARES;Acessar a via sem observar a presen�a dos outros ve�culos;Colis�o transversal;Com V�timas Feridas;Pleno dia;Crescente;Nublado;Simples;Interse��o de Vias;N�o;2;0;1;0;1;0;1;2;-19,49806194;-40,13058524;SPRF-ES;DEL04-ES;UOP01-DEL04-ES;;;
652698;02/01/2025;quinta-feira;06:55:00;RN;304;41;MOSSORO;Acessar a via sem observar a presen�a dos outros ve�culos;Colis�o lateral mesmo sentido;Com V�timas Feridas;Pleno dia;Decrescente;C�u Claro;Dupla;Retorno Regulamentado;Sim;3;0;0;2;1;0;2;2;-5,20483515;-37,37615746;SPRF-RN;DEL04-RN;UOP01-DEL04-RN;;;
652700;02/01/2025;quinta-feira;07:00:00;RJ;101;53;CAMPOS DOS GOYTACAZES;Demais falhas mec�nicas ou el�tricas;Tombamento;Com V�timas Feridas;Pleno dia;Crescente;C�u Claro;Simples;Reta;N�o;2;0;2;0;0;0;2;1;-21,64578107;-41,31151199;SPRF-RJ;DEL08-RJ;UOP01-DEL08-RJ;;;
652702;02/01/2025;quinta-feira;06:40:00;PE;407;110;PETROLINA;Rea��o tardia ou ineficiente do condutor;Colis�o transversal;Com V�timas Feridas;Pleno dia;Crescente;C�u Claro;Simples;Reta;Sim;2;0;1;0;1;0;1;2;-9,25998286;-40,60533876;SPRF-PE;DEL06-PE;UOP01-DEL06-PE;;;
652704;02/01/2025;quinta-feira;06:40:00;RJ;116;285;BARRA MANSA;Demais falhas mec�nicas ou el�tricas;Inc�ndio;Sem V�timas;Pleno dia;Decrescente;C�u Claro;Dupla;Reta;Sim;1;0;0;0;1;0;0;1;-22,50496778;-44,22509483;SPRF-RJ;DEL07-RJ;UOP02-DEL07-RJ;;;
652705;02/01/2025;quinta-feira;07:50:00;GO;40;2,9;VALPARAISO DE GOIAS;Acessar a via sem observar a presen�a dos outros ve�culos;Colis�o transversal;Com V�timas Feridas;Pleno dia;Crescente;C�u Claro;Dupla;Reta;Sim;2;0;1;0;1;0;1;2;-16,067129;-47,984235;SPRF-DF;DEL01-DF;UOP01-DEL01-DF;;;
652707;02/01/2025;quinta-feira;06:00:00;RN;304;192;LAJES;Acessar a via sem observar a presen�a dos outros ve�culos;Colis�o transversal;Com V�timas Feridas;Amanhecer;Crescente;C�u Claro;Simples;Reta;Sim;5;0;3;0;2;0;3;2;-5,70618096;-36,22696638;SPRF-RN;DEL01-RN;UOP03-DEL01-RN;;;
652709;02/01/2025;quinta-feira;06:30:00;AL;101;243,2;PORTO REAL DO COLEGIO;Aus�ncia de rea��o do condutor;Sa�da de leito carro��vel;Com V�timas Fatais;Amanhecer;Crescente;C�u Claro;Dupla;Reta;N�o;6;1;0;4;0;1;4;2;-10,1677149;-36,82012712;SPRF-AL;DEL02-AL;UOP02-DEL02-AL;;;
652710;02/01/2025;quinta-feira;05:30:00;MG;251;457;GRAO MOGOL;Rea��o tardia ou ineficiente do condutor;Sa�da de leito carro��vel;Com V�timas Feridas;Pleno dia;Crescente;Chuva;Simples;Curva;N�o;4;0;4;0;0;0;4;1;-16,41138662;-43,37539673;SPRF-MG;DEL12-MG;UOP01-DEL12-MG;;;
652711;02/01/2025;quinta-feira;08:15:00;RS;153;403;CACHOEIRA DO SUL;Condutor deixou de manter dist�ncia do ve�culo da frente;Colis�o traseira;Com V�timas Feridas;Pleno dia;Crescente;C�u Claro;Dupla;Reta;Sim;2;0;1;0;1;0;1;2;-30,03550492;-52,91456559;SPRF-RS;DEL02-RS;UOP03-DEL02-RS;;;
652712;02/01/2025;quinta-feira;08:30:00;RJ;101;488;ANGRA DOS REIS;Acessar a via sem observar a presen�a dos outros ve�culos;Colis�o transversal;Com V�timas Feridas;Pleno dia;Decrescente;C�u Claro;Simples;Reta;Sim;2;0;1;0;1;0;1;2;-22,95658892;-44,30116385;SPRF-RJ;DEL03-RJ;UOP03-DEL03-RJ;;;
652715;02/01/2025;quinta-feira;08:35:00;PI;343;13,6;PARNAIBA;Acessar a via sem observar a presen�a dos outros ve�culos;Colis�o transversal;Com V�timas Feridas;Pleno dia;Crescente;Sol;Simples;Reta;Sim;3;0;1;0;2;0;1;2;-2,919029;-41,754124;SPRF-PI;DEL05-PI;UOP01-DEL05-PI;;;
652716;02/01/2025;quinta-feira;09:00:00;MG;381;484;BETIM;Aus�ncia de rea��o do condutor;Engavetamento;Com V�timas Feridas;Pleno dia;Decrescente;C�u Claro;Dupla;"Reta;Aclive";Sim;4;0;3;0;0;1;3;4;-19,9596244;-44,087641;SPRF-MG;DEL01-MG;UOP03-DEL01-MG;;;
652717;02/01/2025;quinta-feira;09:15:00;SC;101;128;BALNEARIO CAMBORIU;Trafegar com motocicleta (ou similar) entre as faixas;Colis�o traseira;Com V�timas Feridas;Pleno dia;Decrescente;Sol;Dupla;Reta;N�o;2;0;1;0;1;0;1;2;-26,97284292;-48,68299451;SPRF-SC;DEL04-SC;UOP04-DEL04-SC;;;
652718;02/01/2025;quinta-feira;07:50:00;CE;304;47,7;ARACATI;Acessar a via sem observar a presen�a dos outros ve�culos;Colis�o transversal;Com V�timas Feridas;Pleno dia;Crescente;Sol;Simples;Retorno Regulamentado;Sim;3;0;0;1;2;0;1;2;-4,57573881;-37,78945494;SPRF-CE;DEL03-CE;UOP02-DEL03-CE;;;
652721;02/01/2025;quinta-feira;07:30:00;MT;163;1082;GUARANTA DO NORTE;Velocidade Incompat�vel;Sa�da de leito carro��vel;Com V�timas Feridas;Pleno dia;Decrescente;Chuva;Simples;Curva;N�o;1;0;1;0;0;0;1;1;-9,9350228;-54,9038086;SPRF-MT;DEL06-MT;UOP03-DEL06-MT;;;
652722;02/01/2025;quinta-feira;09:10:00;PR;163;82;PLANALTO;Pedestre cruzava a pista fora da faixa;Atropelamento de Pedestre;Com V�timas Feridas;Pleno dia;Decrescente;C�u Claro;Simples;"Interse��o de Vias;Reta";Sim;2;0;1;0;1;0;1;2;-25,73774102;-53,80206511;SPRF-PR;DEL02-PR;UOP02-DEL02-PR;;;
652723;02/01/2025;quinta-feira;07:10:00;RJ;40;105;DUQUE DE CAXIAS;Rea��o tardia ou ineficiente do condutor;Colis�o traseira;Com V�timas Feridas;Pleno dia;Decrescente;Nublado;Simples;"Interse��o de Vias;Reta;Aclive";Sim;2;0;1;0;1;0;1;2;-22,63784806;-43,28428824;SPRF-RJ;DEL01-RJ;UOP02-DEL01-RJ;;;
652724;02/01/2025;quinta-feira;00:00:00;PR;376;112;PARANAVAI;Aus�ncia de rea��o do condutor;Colis�o com objeto;Sem V�timas;Plena Noite;Crescente;C�u Claro;Dupla;Reta;N�o;1;0;0;0;0;1;0;1;-23,09343108;-52,38419702;SPRF-PR;DEL09-PR;UOP02-DEL09-PR;;;
652725;02/01/2025;quinta-feira;09:10:00;SP;116;227;GUARULHOS;Estacionar ou parar em local proibido;Colis�o traseira;Com V�timas Feridas;Pleno dia;Decrescente;Sol;Dupla;Reta;Sim;2;0;1;0;1;0;1;2;-23,49659264;-46,55648754;SPRF-SP;DEL01-SP;UOP01-DEL01-SP;;;
652726;02/01/2025;quinta-feira;09:30:00;RJ;493;103;SEROPEDICA;Avarias e/ou desgaste excessivo no pneu;Queda de ocupante de ve�culo;Com V�timas Feridas;Pleno dia;Decrescente;C�u Claro;Dupla;Reta;N�o;2;0;2;0;0;0;2;1;-22,768291;-43,73893;SPRF-RJ;DEL01-RJ;UOP03-DEL01-RJ;;;
652727;02/01/2025;quinta-feira;07:20:00;GO;50;248,6;CATALAO;Demais falhas mec�nicas ou el�tricas;Inc�ndio;Sem V�timas;Pleno dia;Crescente;C�u Claro;Dupla;Reta;N�o;1;0;0;0;1;0;0;1;-17,9522;-47,7883;SPRF-GO;DEL06-GO;UOP01-DEL06-GO;;;
652728;02/01/2025;quinta-feira;09:00:00;PR;163;273;QUATRO PONTES;Condutor Dormindo;Sa�da de leito carro��vel;Com V�timas Feridas;Pleno dia;Crescente;C�u Claro;Dupla;"Curva;Declive";N�o;2;0;1;0;1;0;1;1;-24,61478139;-53,93524012;SPRF-PR;DEL06-PR;UOP02-DEL06-PR;;;
652730;02/01/2025;quinta-feira;09:50:00;PB;230;25;JOAO PESSOA;Aus�ncia de rea��o do condutor;Colis�o traseira;Com V�timas Feridas;Pleno dia;Decrescente;C�u Claro;Dupla;Reta;Sim;2;0;1;0;1;0;1;2;-7,1707;-34,8684;SPRF-PB;DEL01-PB;UOP01-DEL01-PB;;;
652731;02/01/2025;quinta-feira;09:10:00;PI;316;415;MARCOLANDIA;Ingest�o de �lcool pelo condutor;Sa�da de leito carro��vel;Com V�timas Feridas;Pleno dia;Decrescente;C�u Claro;Simples;Reta;Sim;2;0;2;0;0;0;2;1;-7,43280012;-40,68261908;SPRF-PI;DEL04-PI;UOP03-DEL04-PI;;;
652733;02/01/2025;quinta-feira;09:15:00;MS;262;328;CAMPO GRANDE;Acessar a via sem observar a presen�a dos outros ve�culos;Colis�o transversal;Com V�timas Feridas;Pleno dia;Decrescente;C�u Claro;M�ltipla;"Interse��o de Vias;Reta";Sim;4;0;1;0;3;0;1;2;-20,46452794;-54,55291421;SPRF-MS;DEL01-MS;UOP01-DEL01-MS;;;
652735;02/01/2025;quinta-feira;09:53:00;SC;101;31;JOINVILLE;Condutor deixou de manter dist�ncia do ve�culo da frente;Colis�o traseira;Sem V�timas;Pleno dia;Decrescente;C�u Claro;Dupla;Reta;N�o;7;0;0;0;7;0;0;2;-26,22195899;-48,91634925;SPRF-SC;DEL03-SC;UOP01-DEL03-SC;;;
652737;02/01/2025;quinta-feira;07:50:00;SC;282;606,9;MARAVILHA;Acessar a via sem observar a presen�a dos outros ve�culos;Colis�o transversal;Com V�timas Feridas;Pleno dia;Crescente;Chuva;Simples;Reta;Sim;2;0;1;0;1;0;1;2;-26,778643;-53,198692;SPRF-SC;DEL07-SC;UOP02-DEL07-SC;;;
652738;02/01/2025;quinta-feira;10:10:00;SC;101;1,9;BIGUACU;Rea��o tardia ou ineficiente do condutor;Colis�o transversal;Com V�timas Feridas;Pleno dia;Crescente;C�u Claro;Dupla;Reta;N�o;4;0;1;0;3;0;1;2;-27,4946;-48,6561;SPRF-SC;DEL01-SC;UOP01-DEL01-SC;;;
652740;02/01/2025;quinta-feira;09:10:00;MT;364;189;RONDONOPOLIS;Aus�ncia de rea��o do condutor;Queda de ocupante de ve�culo;Com V�timas Feridas;Pleno dia;Decrescente;C�u Claro;Simples;Reta;N�o;1;0;1;0;0;0;1;1;-16,55814995;-54,56173598;SPRF-MT;DEL02-MT;UOP01-DEL02-MT;;;
652741;02/01/2025;quinta-feira;10:30:00;SC;282;49,7;AGUAS MORNAS;Velocidade Incompat�vel;Colis�o lateral sentido oposto;Com V�timas Feridas;Pleno dia;Decrescente;Chuva;Simples;"Curva;Declive";N�o;2;0;1;0;1;0;1;2;-27,708536;-48,952251;SPRF-SC;DEL01-SC;UOP03-DEL01-SC;;;
652742;02/01/2025;quinta-feira;09:55:00;SC;282;279;SAO JOSE DO CERRITO;Acessar a via sem observar a presen�a dos outros ve�culos;Colis�o transversal;Com V�timas Feridas;Pleno dia;Crescente;C�u Claro;Simples;Reta;N�o;2;0;1;0;1;0;1;2;-27,584951;-50,744953;SPRF-SC;DEL05-SC;UOP02-DEL05-SC;;;
652743;02/01/2025;quinta-feira;10:05:00;GO;60;325;ACREUNA;Aus�ncia de rea��o do condutor;Sa�da de leito carro��vel;Com V�timas Feridas;Pleno dia;Crescente;Nublado;Dupla;Reta;N�o;2;0;1;1;0;0;2;1;-17,5204;-50,4872;SPRF-GO;DEL04-GO;UOP02-DEL04-GO;;;
652744;02/01/2025;quinta-feira;09:50:00;SP;101;50;UBATUBA;Convers�o proibida;Colis�o transversal;Com V�timas Feridas;Pleno dia;Crescente;C�u Claro;Simples;Reta;Sim;3;0;1;0;1;1;1;2;-23,45018939;-45,07743735;SPRF-SP;DEL06-SP;UOP01-DEL06-SP;;;
652745;02/01/2025;quinta-feira;11:40:00;PR;116;1;QUATRO BARRAS;Aus�ncia de rea��o do condutor;Queda de ocupante de ve�culo;Com V�timas Feridas;Pleno dia;Decrescente;C�u Claro;Simples;"Curva;Retorno Regulamentado";N�o;2;0;2;0;0;0;2;1;-25,3514;-49,0599;SPRF-PR;DEL01-PR;UOP02-DEL01-PR;;;
652746;02/01/2025;quinta-feira;11:27:00;RS;290;11,1;SANTO ANTONIO DA PATRULHA;Manobra de mudan�a de faixa;Colis�o lateral mesmo sentido;Com V�timas Feridas;Pleno dia;Crescente;Sol;Dupla;Reta;N�o;3;0;2;0;1;0;2;2;-29,882519;-50,390564;SPRF-RS;DEL03-RS;UOP01-DEL03-RS;;;
652747;02/01/2025;quinta-feira;09:45:00;MG;262;824;UBERABA;Rea��o tardia ou ineficiente do condutor;Capotamento;Com V�timas Feridas;Pleno dia;Decrescente;C�u Claro;Dupla;Reta;N�o;4;0;4;0;0;0;4;1;-19,75559016;-48,15903004;SPRF-MG;DEL13-MG;UOP01-DEL13-MG;;;
652748;02/01/2025;quinta-feira;11:10:00;GO;60;444;JATAI;Rea��o tardia ou ineficiente do condutor;Sa�da de leito carro��vel;Com V�timas Feridas;Pleno dia;Decrescente;Chuva;Dupla;Reta;N�o;5;0;4;0;1;0;4;1;-17,8449;-51,4691;SPRF-GO;DEL05-GO;UOP01-DEL05-GO;;;
652751;02/01/2025;quinta-feira;09:20:00;RJ;393;229;VASSOURAS;Aus�ncia de rea��o do condutor;Colis�o frontal;Com V�timas Feridas;Pleno dia;Crescente;C�u Claro;Simples;Curva;Sim;2;0;0;1;1;0;1;2;-22,35662374;-43,59317007;SPRF-RJ;DEL05-RJ;UOP03-DEL05-RJ;;;
652752;02/01/2025;quinta-feira;12:05:00;RJ;101;429;MANGARATIBA;Ultrapassagem Indevida;Colis�o lateral mesmo sentido;Com V�timas Feridas;Pleno dia;Decrescente;C�u Claro;Simples;Reta;N�o;2;0;2;0;0;0;2;1;-22,935335;-44,0004;SPRF-RJ;DEL03-RJ;UOP02-DEL03-RJ;;;
652753;02/01/2025;quinta-feira;11:45:00;SC;282;30;SANTO AMARO DA IMPERATRIZ;Velocidade Incompat�vel;Colis�o transversal;Com V�timas Feridas;Pleno dia;Crescente;Chuva;Simples;"Aclive;Curva";N�o;6;0;3;0;3;0;3;3;-27,687376;-48,79071;SPRF-SC;DEL01-SC;UOP03-DEL01-SC;;;
652755;02/01/2025;quinta-feira;10:45:00;SC;282;413,7;CATANDUVAS;Transitar na contram�o;Colis�o frontal;Com V�timas Feridas;Pleno dia;Crescente;Garoa/Chuvisco;Simples;Curva;N�o;14;0;3;1;10;0;4;3;-27,055775;-51,688843;SPRF-SC;DEL07-SC;UOP05-DEL07-SC;;;
652756;02/01/2025;quinta-feira;11:35:00;PE;101;72,2;RECIFE;Manobra de mudan�a de faixa;Colis�o lateral mesmo sentido;Com V�timas Feridas;Pleno dia;Decrescente;Nublado;Dupla;Reta;Sim;2;0;1;0;1;0;1;2;-8,08493106;-34,9450639;SPRF-PE;DEL01-PE;UOP01-DEL01-PE;;;
652757;02/01/2025;quinta-feira;12:50:00;RJ;101;548,5;PARATY;Velocidade Incompat�vel;Colis�o traseira;Com V�timas Feridas;Pleno dia;Decrescente;C�u Claro;Simples;Reta;N�o;4;0;1;0;3;0;1;3;-23,04505073;-44,64600895;SPRF-RJ;DEL03-RJ;UOP04-DEL03-RJ;;;
652759;02/01/2025;quinta-feira;10:10:00;PR;277;288;PRUDENTOPOLIS;Ultrapassagem Indevida;Colis�o traseira;Com V�timas Feridas;Pleno dia;Crescente;C�u Claro;Simples;Reta;N�o;2;0;1;0;0;1;1;2;-25,32270428;-50,9854861;SPRF-PR;DEL08-PR;UOP02-DEL08-PR;;;
652763;02/01/2025;quinta-feira;11:55:00;PR;277;524,8;GUARANIACU;Objeto est�tico sobre o leito carro��vel;Tombamento;Com V�timas Feridas;Pleno dia;Decrescente;C�u Claro;Simples;"Reta;Aclive";N�o;1;0;0;1;0;0;1;1;-25,09489849;-52,9138399;SPRF-PR;DEL04-PR;UOP04-DEL04-PR;;;
652764;02/01/2025;quinta-feira;11:05:00;MG;381;245;SANTANA DO PARAISO;Acessar a via sem observar a presen�a dos outros ve�culos;Colis�o transversal;Com V�timas Feridas;Pleno dia;Decrescente;Chuva;Simples;"Aclive;Reta";N�o;7;0;1;0;6;0;1;2;-19,45135074;-42,51844723;SPRF-MG;DEL06-MG;UOP01-DEL06-MG;;;