id;data_inversa;dia_semana;horario;uf;br;km;municipio;causa_acidente;tipo_acidente;classificacao_acidente;fase_dia;sentido_via;condicao_metereologica;tipo_pista;tracado_via;uso_solo;pessoas;mortos;feridos_leves;feridos_graves;ilesos;ignorados;feridos;veiculos;latitude;longitude;regional;delegacia;uop;;;
652765;02/01/2025;quinta-feira;13:00:00;PA;230;666,6;ALTAMIRA;Ingest�o de �lcool pelo condutor;Sa�da de leito carro��vel;Com V�timas Feridas;Pleno dia;Crescente;C�u Claro;Simples;"Declive;Reta";N�o;1;0;0;1;0;0;1;1;-3,25634605;-52,35353196;SPRF-PA;DEL04-PA;UOP01-DEL04-PA;;;
652766;02/01/2025;quinta-feira;09:00:00;RJ;101;282;ITABORAI;Aus�ncia de rea��o do condutor;Tombamento;Com V�timas Feridas;Pleno dia;Decrescente;C�u Claro;Dupla;"Retorno Regulamentado;Curva";Sim;1;0;1;0;0;0;1;1;-22,7371391;-42,79664601;SPRF-RJ;DEL02-RJ;UOP02-DEL02-RJ;;;
652767;02/01/2025;quinta-feira;13:30:00;SP;101;50;UBATUBA;Acessar a via sem observar a presen�a dos outros ve�culos;Colis�o transversal;Com V�timas Feridas;Pleno dia;Crescente;C�u Claro;Simples;"Reta;Interse��o de Vias";Sim;3;0;1;0;2;0;1;2;-23,45018939;-45,07743735;SPRF-SP;DEL06-SP;UOP01-DEL06-SP;;;
652768;02/01/2025;quinta-feira;12:20:00;SC;470;119;IBIRAMA;Ultrapassagem Indevida;Colis�o frontal;Com V�timas Feridas;Pleno dia;Crescente;C�u Claro;Simples;Curva;N�o;4;0;1;1;1;1;2;3;-27,081554;-49,520206;SPRF-SC;DEL04-SC;UOP02-DEL04-SC;;;
652769;02/01/2025;quinta-feira;12:50:00;SP;116;102,5;PINDAMONHANGABA;Aus�ncia de rea��o do condutor;Engavetamento;Com V�timas Feridas;Pleno dia;Crescente;Sol;Dupla;"Reta;Declive";Sim;3;0;1;0;2;0;1;3;-22,99497994;-45,48951403;SPRF-SP;DEL08-SP;UOP01-DEL08-SP;;;
652771;02/01/2025;quinta-feira;13:50:00;PR;277;3,5;PARANAGUA;Acumulo de �leo sobre o pavimento;Tombamento;Com V�timas Feridas;Pleno dia;Crescente;Sol;Dupla;Rotat�ria;Sim;1;0;1;0;0;0;1;1;-25,5406175;-48,5360228;SPRF-PR;DEL01-PR;UOP05-DEL01-PR;;;
652772;02/01/2025;quinta-feira;11:00:00;PA;10;337;SANTA MARIA DO PARA;Ultrapassagem Indevida;Colis�o frontal;Com V�timas Feridas;Pleno dia;Decrescente;C�u Claro;Simples;Reta;N�o;5;0;5;0;0;0;5;2;-1,49330205;-47,5266692;SPRF-PA;DEL01-PA;UOP02-DEL01-PA;;;
652773;02/01/2025;quinta-feira;13:45:00;SP;116;100,5;PINDAMONHANGABA;Frear bruscamente;Colis�o traseira;Sem V�timas;Pleno dia;Crescente;Sol;Dupla;"Aclive;Reta";N�o;4;0;0;0;4;0;0;4;-22,986552;-45,47276;SPRF-SP;DEL08-SP;UOP01-DEL08-SP;;;
652774;02/01/2025;quinta-feira;13:30:00;PR;376;3,5;SAO JOSE DOS PINHAIS;Rea��o tardia ou ineficiente do condutor;Colis�o transversal;Com V�timas Feridas;Pleno dia;Crescente;C�u Claro;Dupla;Reta;Sim;2;0;1;0;1;0;1;2;-25,5307;-49,1958;SPRF-PR;DEL01-PR;UOP04-DEL01-PR;;;
652775;02/01/2025;quinta-feira;13:40:00;RS;472;124,8;TRES DE MAIO;Acesso irregular;Colis�o transversal;Com V�timas Feridas;Pleno dia;Crescente;C�u Claro;Simples;"Aclive;Curva";N�o;3;0;2;0;1;0;2;2;-27,70969697;-54,17204205;SPRF-RS;DEL10-RS;UOP01-DEL10-RS;;;
652776;02/01/2025;quinta-feira;13:00:00;SP;116;278;EMBU DAS ARTES;Aus�ncia de rea��o do condutor;Colis�o lateral mesmo sentido;Com V�timas Feridas;Pleno dia;Decrescente;C�u Claro;M�ltipla;"Aclive;Viaduto;Reta";N�o;2;0;1;0;0;1;1;2;-23,65508497;-46,84918605;SPRF-SP;DEL04-SP;UOP01-DEL04-SP;;;
652777;02/01/2025;quinta-feira;15:00:00;SC;101;350;JAGUARUNA;Velocidade Incompat�vel;Sa�da de leito carro��vel;Com V�timas Feridas;Pleno dia;Crescente;C�u Claro;M�ltipla;Reta;Sim;1;0;1;0;0;0;1;1;-28,58988203;-49,04517307;SPRF-SC;DEL02-SC;UOP01-DEL02-SC;;;
652779;02/01/2025;quinta-feira;12:00:00;MA;10;245;IMPERATRIZ;Acessar a via sem observar a presen�a dos outros ve�culos;Colis�o transversal;Com V�timas Feridas;Pleno dia;Decrescente;C�u Claro;Simples;Rotat�ria;Sim;2;0;1;0;0;1;1;2;-5,588685;-47,433857;SPRF-MA;DEL04-MA;UOP01-DEL04-MA;;;
652782;02/01/2025;quinta-feira;16:05:00;PB;230;20,2;JOAO PESSOA;Ingest�o de �lcool pelo condutor;Colis�o traseira;Com V�timas Feridas;Pleno dia;Crescente;C�u Claro;Dupla;Curva;N�o;2;0;1;0;1;0;1;2;-7,13917605;-34,8526454;SPRF-PB;DEL01-PB;UOP01-DEL01-PB;;;
652783;02/01/2025;quinta-feira;15:50:00;SC;101;149;ITAPEMA;Condutor deixou de manter dist�ncia do ve�culo da frente;Colis�o lateral mesmo sentido;Com V�timas Feridas;Pleno dia;Decrescente;C�u Claro;M�ltipla;Reta;Sim;4;0;3;0;1;0;3;3;-27,1089649;-48,61277586;SPRF-SC;DEL04-SC;UOP03-DEL04-SC;;;
652784;02/01/2025;quinta-feira;13:55:00;PR;277;144;CAMPO LARGO;Manobra de mudan�a de faixa;Colis�o lateral mesmo sentido;Sem V�timas;Pleno dia;Decrescente;C�u Claro;Dupla;Reta;N�o;4;0;0;0;4;0;0;2;-25,47358827;-49,70068508;SPRF-PR;DEL03-PR;UOP03-DEL03-PR;;;
652786;02/01/2025;quinta-feira;16:08:00;PR;116;46,5;CAMPINA GRANDE DO SUL;Chuva;Sa�da de leito carro��vel;Com V�timas Feridas;Pleno dia;Decrescente;Chuva;Dupla;Curva;N�o;5;0;2;0;3;0;2;1;-25,20185401;-48,8962139;SPRF-PR;DEL01-PR;UOP02-DEL01-PR;;;
652787;02/01/2025;quinta-feira;16:35:00;SP;116;61,4;GUARATINGUETA;Aus�ncia de rea��o do condutor;Colis�o traseira;Com V�timas Feridas;Pleno dia;Crescente;Chuva;Dupla;"Declive;Reta";N�o;2;0;1;0;1;0;1;2;-22,79754708;-45,16765952;SPRF-SP;DEL08-SP;UOP01-DEL08-SP;;;
652788;02/01/2025;quinta-feira;16:25:00;PR;376;653;TIJUCAS DO SUL;Rea��o tardia ou ineficiente do condutor;Sa�da de leito carro��vel;Com V�timas Feridas;Pleno dia;Decrescente;C�u Claro;Simples;"Curva;Declive";N�o;4;0;1;0;0;3;1;1;-25,841523;-49,048668;SPRF-PR;DEL01-PR;UOP04-DEL01-PR;;;
652789;02/01/2025;quinta-feira;16:30:00;SP;116;225;GUARULHOS;Aus�ncia de rea��o do condutor;Colis�o traseira;Com V�timas Feridas;Pleno dia;Decrescente;Nublado;M�ltipla;Reta;Sim;2;0;1;0;1;0;1;2;-23,48586772;-46,54075317;SPRF-SP;DEL01-SP;UOP01-DEL01-SP;;;
652790;02/01/2025;quinta-feira;17:09:00;RN;101;104;PARNAMIRIM;Condutor deixou de manter dist�ncia do ve�culo da frente;Colis�o traseira;Com V�timas Feridas;Anoitecer;Crescente;Sol;Dupla;"Reta;Aclive";Sim;2;0;0;1;1;0;1;2;-5,892745;-35,257225;SPRF-RN;DEL01-RN;UOP01-DEL01-RN;;;
652791;02/01/2025;quinta-feira;17:00:00;PR;116;0,3;CAMPINA GRANDE DO SUL;Aus�ncia de rea��o do condutor;Colis�o transversal;Com V�timas Feridas;Pleno dia;Crescente;Garoa/Chuvisco;M�ltipla;Curva;N�o;3;0;2;0;1;0;2;2;-25,0604;-48,562973;SPRF-PR;DEL01-PR;UOP02-DEL01-PR;;;
652792;02/01/2025;quinta-feira;17:14:00;PB;101;85,1;BAYEUX;Trafegar com motocicleta (ou similar) entre as faixas;Colis�o traseira;Com V�timas Feridas;Anoitecer;Decrescente;C�u Claro;Dupla;Reta;Sim;8;0;3;0;3;2;3;5;-7,145158;-34,91662887;SPRF-PB;DEL01-PB;UOP01-DEL01-PB;;;
652795;02/01/2025;quinta-feira;15:35:00;MG;116;284;TEOFILO OTONI;Transitar na contram�o;Colis�o lateral sentido oposto;Com V�timas Feridas;Pleno dia;Crescente;Chuva;Simples;Reta;N�o;6;0;1;1;4;0;2;2;-17,91853602;-41,52729437;SPRF-MG;DEL11-MG;UOP01-DEL11-MG;;;
652798;02/01/2025;quinta-feira;16:10:00;MG;40;697,5;BARBACENA;Manobra de mudan�a de faixa;Colis�o com objeto;Com V�timas Feridas;Pleno dia;Decrescente;Nublado;Simples;"Reta;Declive";N�o;8;0;6;0;2;0;6;2;-21,15466699;-43,76265769;SPRF-MG;DEL05-MG;UOP02-DEL05-MG;;;
652800;02/01/2025;quinta-feira;17:00:00;RS;116;153,7;CAXIAS DO SUL;Condutor usando celular;Colis�o com objeto;Com V�timas Feridas;Pleno dia;Decrescente;C�u Claro;Dupla;Rotat�ria;N�o;1;0;1;0;0;0;1;1;-29,18873449;-51,18118286;SPRF-RS;DEL05-RS;UOP01-DEL05-RS;;;
652801;02/01/2025;quinta-feira;17:07:00;RJ;101;262;RIO BONITO;Trafegar com motocicleta (ou similar) entre as faixas;Colis�o lateral mesmo sentido;Com V�timas Feridas;Pleno dia;Crescente;C�u Claro;Dupla;"Declive;Reta";Sim;4;0;2;0;2;0;2;3;-22,71864598;-42,62908816;SPRF-RJ;DEL02-RJ;UOP03-DEL02-RJ;;;
652804;02/01/2025;quinta-feira;18:25:00;MG;40;754,6;EWBANK DA CAMARA;Chuva;Colis�o lateral sentido oposto;Com V�timas Feridas;Anoitecer;Decrescente;Chuva;Simples;Curva;N�o;3;0;1;0;2;0;1;3;-21,47980333;-43,54250614;SPRF-MG;DEL05-MG;UOP01-DEL05-MG;;;
652805;02/01/2025;quinta-feira;18:20:00;RS;386;356;ESTRELA;Acessar a via sem observar a presen�a dos outros ve�culos;Colis�o transversal;Com V�timas Feridas;Pleno dia;Decrescente;C�u Claro;Dupla;Reta;N�o;3;0;2;0;1;0;2;2;-29,522612;-51,935017;SPRF-RS;DEL04-RS;UOP01-DEL04-RS;;;
652807;02/01/2025;quinta-feira;17:51:00;ES;259;8;JOAO NEIVA;Rea��o tardia ou ineficiente do condutor;Tombamento;Com V�timas Feridas;Anoitecer;Decrescente;Chuva;Simples;"Curva;Declive";N�o;2;0;2;0;0;0;2;1;-19,68073376;-40,39141693;SPRF-ES;DEL02-ES;UOP01-DEL02-ES;;;
652809;02/01/2025;quinta-feira;17:20:00;MT;70;0,7;BARRA DO GARCAS;Ultrapassagem Indevida;Colis�o transversal;Com V�timas Feridas;Anoitecer;Decrescente;Nublado;Simples;Reta;Sim;2;0;1;0;1;0;1;2;-15,895538;-52,25599;SPRF-MT;DEL07-MT;UOP01-DEL07-MT;;;
652810;02/01/2025;quinta-feira;18:05:00;CE;222;228;SOBRAL;Acessar a via sem observar a presen�a dos outros ve�culos;Colis�o transversal;Com V�timas Feridas;Anoitecer;Decrescente;C�u Claro;Simples;"Declive;Reta";N�o;3;0;3;0;0;0;3;2;-3,70011842;-40,39142847;SPRF-CE;DEL04-CE;UOP01-DEL04-CE;;;
652811;02/01/2025;quinta-feira;18:50:00;SC;101;218;PALHOCA;Acessar a via sem observar a presen�a dos outros ve�culos;Colis�o transversal;Com V�timas Feridas;Plena Noite;Decrescente;Ignorado;Dupla;Reta;Sim;3;0;1;0;2;0;1;2;-27,6758601;-48,67052525;SPRF-SC;DEL01-SC;UOP02-DEL01-SC;;;
652813;02/01/2025;quinta-feira;18:20:00;MT;70;525;VARZEA GRANDE;Acessar a via sem observar a presen�a dos outros ve�culos;Colis�o transversal;Com V�timas Feridas;Plena Noite;Crescente;C�u Claro;Simples;"Interse��o de Vias;Declive;Reta";Sim;4;0;1;0;3;0;1;2;-15,65220746;-56,20141279;SPRF-MT;DEL01-MT;UOP02-DEL01-MT;;;
652814;02/01/2025;quinta-feira;19:34:00;ES;101;24,8;CONCEICAO DA BARRA;Restri��o de visibilidade em curvas verticais;Sa�da de leito carro��vel;Com V�timas Feridas;Plena Noite;Crescente;Nublado;Simples;Reta;N�o;3;0;3;0;0;0;3;1;-18,3592689;-39,95388073;SPRF-ES;DEL04-ES;UOP02-DEL04-ES;;;
652816;02/01/2025;quinta-feira;18:40:00;MS;262;285,3;RIBAS DO RIO PARDO;Ultrapassagem Indevida;Sa�da de leito carro��vel;Com V�timas Feridas;Plena Noite;Crescente;C�u Claro;Simples;Reta;N�o;5;0;2;3;0;0;5;2;-20,48423109;-54,15625998;SPRF-MS;DEL01-MS;UOP05-DEL01-MS;;;
652817;02/01/2025;quinta-feira;19:40:00;MG;40;466;CAETANOPOLIS;Avarias e/ou desgaste excessivo no pneu;Queda de ocupante de ve�culo;Com V�timas Feridas;Plena Noite;Crescente;Nublado;Dupla;Reta;N�o;1;0;1;0;0;0;1;1;-19,44436025;-44,32384821;SPRF-MG;DEL02-MG;UOP01-DEL02-MG;;;
652818;02/01/2025;quinta-feira;18:16:00;PR;116;38;CAMPINA GRANDE DO SUL;Rea��o tardia ou ineficiente do condutor;Sa�da de leito carro��vel;Com V�timas Feridas;Anoitecer;Crescente;Chuva;Dupla;Curva;N�o;4;0;0;2;2;0;2;2;-25,14802509;-48,85922071;SPRF-PR;DEL01-PR;UOP02-DEL01-PR;;;
652820;02/01/2025;quinta-feira;15:00:00;RJ;393;250;BARRA DO PIRAI;Entrada inopinada do pedestre;Atropelamento de Pedestre;Com V�timas Fatais;Pleno dia;Crescente;Nublado;Simples;Reta;Sim;2;1;0;0;1;0;0;2;-22,42457483;-43,76088293;SPRF-RJ;DEL05-RJ;UOP04-DEL05-RJ;;;
652822;02/01/2025;quinta-feira;19:23:00;MG;381;942;EXTREMA;Pedestre cruzava a pista fora da faixa;Atropelamento de Pedestre;Com V�timas Fatais;Plena Noite;Decrescente;Chuva;Dupla;Reta;N�o;4;1;0;0;3;0;0;2;-22,86605937;-46,34940386;SPRF-MG;DEL16-MG;UOP03-DEL16-MG;;;
652823;02/01/2025;quinta-feira;17:00:00;MG;40;635,2;CONSELHEIRO LAFAIETE;Retorno proibido;Colis�o transversal;Com V�timas Feridas;Pleno dia;Crescente;C�u Claro;Simples;"Reta;Interse��o de Vias";Sim;2;0;1;0;1;0;1;2;-20,70388922;-43,7927556;SPRF-MG;DEL05-MG;UOP02-DEL05-MG;;;
652824;02/01/2025;quinta-feira;15:20:00;PR;376;432;TIBAGI;Velocidade Incompat�vel;Sa�da de leito carro��vel;Com V�timas Feridas;Pleno dia;Decrescente;Chuva;Dupla;"Reta;Declive";N�o;3;0;2;0;1;0;2;1;-24,82838892;-50,47874774;SPRF-PR;DEL03-PR;UOP02-DEL03-PR;;;
652825;02/01/2025;quinta-feira;19:15:00;PB;230;147,6;CAMPINA GRANDE;Rea��o tardia ou ineficiente do condutor;Tombamento;Com V�timas Feridas;Plena Noite;Crescente;C�u Claro;Dupla;Reta;Sim;2;0;2;0;0;0;2;1;-7,2425;-35,8567;SPRF-PB;DEL02-PB;UOP01-DEL02-PB;;;
652826;02/01/2025;quinta-feira;20:10:00;TO;230;69;LUZINOPOLIS;Acessar a via sem observar a presen�a dos outros ve�culos;Colis�o transversal;Com V�timas Fatais;Plena Noite;Crescente;Ignorado;Simples;Interse��o de Vias;N�o;5;1;1;2;1;0;3;2;-6,19601538;-47,8600353;SPRF-TO;DEL02-TO;UOP03-DEL02-TO;;;
652827;02/01/2025;quinta-feira;20:07:00;RS;116;149,1;CAXIAS DO SUL;Rea��o tardia ou ineficiente do condutor;Colis�o traseira;Com V�timas Feridas;Plena Noite;Crescente;C�u Claro;M�ltipla;Interse��o de Vias;Sim;4;0;2;0;1;1;2;3;-29,15996905;-51,15645292;SPRF-RS;DEL05-RS;UOP01-DEL05-RS;;;
652828;02/01/2025;quinta-feira;19:20:00;PI;343;345,2;TERESINA;Acesso irregular;Colis�o transversal;Com V�timas Feridas;Plena Noite;Decrescente;C�u Claro;Simples;Interse��o de Vias;Sim;2;0;1;0;1;0;1;2;-5,102889;-42,766506;SPRF-PI;DEL01-PI;UOP01-DEL01-PI;;;
652831;02/01/2025;quinta-feira;20:50:00;MG;381;7;BETIM;Rea��o tardia ou ineficiente do condutor;Sa�da de leito carro��vel;Com V�timas Feridas;Plena Noite;Decrescente;Nublado;M�ltipla;"Interse��o de Vias;Curva";Sim;5;0;5;0;0;0;5;1;-19,98790871;-44,19956446;SPRF-MG;DEL01-MG;UOP03-DEL01-MG;;;
652832;02/01/2025;quinta-feira;20:00:00;RJ;101;296;ITABORAI;Aus�ncia de rea��o do condutor;Colis�o traseira;Com V�timas Feridas;Plena Noite;Decrescente;Nublado;Dupla;"Interse��o de Vias;Viaduto";Sim;2;0;1;0;1;0;1;2;-22,7670498;-42,91019601;SPRF-RJ;DEL02-RJ;UOP02-DEL02-RJ;;;
652833;02/01/2025;quinta-feira;17:10:00;AC;317;72,2;SENADOR GUIOMARD;Manobra de mudan�a de faixa;Colis�o traseira;Com V�timas Feridas;Pleno dia;Decrescente;Nublado;Simples;Reta;N�o;2;0;1;0;0;1;1;2;-10,0758401;-67,59040266;SPRF-AC;DEL01-AC;UOP01-DEL01-AC;;;
652834;02/01/2025;quinta-feira;20:53:00;GO;40;5;VALPARAISO DE GOIAS;Acessar a via sem observar a presen�a dos outros ve�culos;Colis�o traseira;Com V�timas Feridas;Plena Noite;Decrescente;C�u Claro;Dupla;Reta;Sim;2;0;1;0;1;0;1;2;-16,093134;-47,982236;SPRF-DF;DEL01-DF;UOP01-DEL01-DF;;;
652835;02/01/2025;quinta-feira;18:40:00;PE;116;27,7;SALGUEIRO;Animais na Pista;Atropelamento de Animal;Com V�timas Feridas;Plena Noite;Crescente;C�u Claro;Simples;"Curva;Declive";Sim;1;0;1;0;0;0;1;1;-8,078546;-39,130867;SPRF-PE;DEL05-PE;UOP01-DEL05-PE;;;
652836;02/01/2025;quinta-feira;16:25:00;RS;392;19,4;RIO GRANDE;Demais falhas mec�nicas ou el�tricas;Inc�ndio;Sem V�timas;Pleno dia;Decrescente;C�u Claro;Simples;Interse��o de Vias;N�o;1;0;0;0;1;0;0;1;-32,0879243;-52,18669807;SPRF-RS;DEL07-RS;UOP02-DEL07-RS;;;
652837;02/01/2025;quinta-feira;20:30:00;MA;135;385,6;SAO DOMINGOS DO MARANHAO;Transitar na contram�o;Colis�o frontal;Com V�timas Feridas;Plena Noite;Crescente;C�u Claro;Simples;Reta;N�o;2;0;0;1;1;0;1;2;-5,779828;-44,32822407;SPRF-MA;DEL06-MA;UOP01-DEL06-MA;;;
652839;02/01/2025;quinta-feira;18:20:00;RO;364;425;JARU;Desrespeitar a prefer�ncia no cruzamento;Colis�o transversal;Com V�timas Feridas;Anoitecer;Crescente;C�u Claro;Simples;"Interse��o de Vias;Reta";Sim;2;0;1;0;1;0;1;2;-10,43752488;-62,47169791;SPRF-RO;DEL03-RO;UOP02-DEL03-RO;;;
652841;02/01/2025;quinta-feira;21:40:00;BA;116;423;FEIRA DE SANTANA;Ingest�o de �lcool pelo condutor;Colis�o frontal;Com V�timas Feridas;Plena Noite;Crescente;C�u Claro;M�ltipla;Reta;Sim;2;0;0;1;1;0;1;2;-12,229301;-38,964527;SPRF-BA;DEL02-BA;UOP01-DEL02-BA;;;
652844;02/01/2025;quinta-feira;18:30:00;SC;282;558,5;NOVA ITABERABA;Velocidade Incompat�vel;Sa�da de leito carro��vel;Com V�timas Feridas;Anoitecer;Decrescente;Chuva;Simples;Curva;N�o;3;0;2;0;1;0;2;1;-26,93273;-52,838913;SPRF-SC;DEL07-SC;UOP01-DEL07-SC;;;
652845;02/01/2025;quinta-feira;21:00:00;CE;116;13;FORTALEZA;Aus�ncia de rea��o do condutor;Colis�o traseira;Com V�timas Feridas;Plena Noite;Crescente;C�u Claro;M�ltipla;Reta;Sim;2;0;0;2;0;0;2;2;-3,86088501;-38,49715296;SPRF-CE;DEL01-CE;UOP02-DEL01-CE;;;
652847;02/01/2025;quinta-feira;17:30:00;RS;470;228;GARIBALDI;Acessar a via sem observar a presen�a dos outros ve�culos;Colis�o transversal;Com V�timas Feridas;Anoitecer;Crescente;C�u Claro;Simples;"Reta;Retorno Regulamentado";N�o;4;0;2;0;2;0;2;2;-29,21759706;-51,51703722;SPRF-RS;DEL06-RS;UOP01-DEL06-RS;;;
652848;02/01/2025;quinta-feira;22:00:00;SC;101;145;ITAPEMA;Trafegar com motocicleta (ou similar) entre as faixas;Colis�o lateral mesmo sentido;Com V�timas Feridas;Plena Noite;Decrescente;C�u Claro;Dupla;Reta;N�o;2;0;0;1;1;0;1;2;-27,09237407;-48,61730888;SPRF-SC;DEL04-SC;UOP03-DEL04-SC;;;
652850;02/01/2025;quinta-feira;22:45:00;PE;101;29,1;ITAPISSUMA;Velocidade Incompat�vel;Colis�o traseira;Com V�timas Feridas;Plena Noite;Decrescente;C�u Claro;M�ltipla;Reta;N�o;2;0;1;0;1;0;1;2;-7,72939697;-34,94185854;SPRF-PE;DEL01-PE;UOP02-DEL01-PE;;;
652851;02/01/2025;quinta-feira;17:20:00;PR;376;470;PONTA GROSSA;Velocidade Incompat�vel;Sa�da de leito carro��vel;Com V�timas Feridas;Pleno dia;Decrescente;Chuva;Dupla;Curva;N�o;2;0;1;0;1;0;1;1;-25,0409359;-50,27017496;SPRF-PR;DEL03-PR;UOP01-DEL03-PR;;;
652852;02/01/2025;quinta-feira;20:55:00;SC;282;191,2;LAGES;Rea��o tardia ou ineficiente do condutor;Colis�o traseira;Sem V�timas;Plena Noite;Crescente;C�u Claro;Simples;Reta;N�o;6;0;0;0;3;3;0;2;-27,739349;-50,046421;SPRF-SC;DEL05-SC;UOP01-DEL05-SC;;;
652853;02/01/2025;quinta-feira;23:10:00;PE;116;25;SALGUEIRO;Animais na Pista;Atropelamento de Animal;Com V�timas Feridas;Plena Noite;Crescente;C�u Claro;Simples;Reta;Sim;1;0;0;1;0;0;1;1;-8,061417;-39,135975;SPRF-PE;DEL05-PE;UOP01-DEL05-PE;;;
652855;02/01/2025;quinta-feira;19:39:00;RJ;101;241;SILVA JARDIM;Transitar na contram�o;Colis�o frontal;Com V�timas Fatais;Plena Noite;Decrescente;C�u Claro;Dupla;Reta;N�o;2;1;0;0;1;0;0;2;-22,63318361;-42,44575381;SPRF-RJ;DEL02-RJ;UOP03-DEL02-RJ;;;
652856;02/01/2025;quinta-feira;22:20:00;SC;280;101;SAO BENTO DO SUL;Rea��o tardia ou ineficiente do condutor;Tombamento;Com V�timas Feridas;Plena Noite;Decrescente;C�u Claro;Simples;"Curva;Em Obras";N�o;1;0;0;1;0;0;1;1;-26,3647522;-49,33526222;SPRF-SC;DEL06-SC;UOP03-DEL06-SC;;;
652857;02/01/2025;quinta-feira;23:20:00;RJ;493;9;GUAPIMIRIM;Ilumina��o deficiente;Atropelamento de Pedestre;Com V�timas Feridas;Plena Noite;Crescente;Nublado;Simples;Reta;N�o;2;0;0;1;1;0;1;2;-22,70436802;-42,9550061;SPRF-RJ;DEL04-RJ;UOP02-DEL04-RJ;;;
652858;02/01/2025;quinta-feira;22:10:00;SC;282;644,8;SAO MIGUEL DO OESTE;Transitar na contram�o;Colis�o lateral sentido oposto;Com V�timas Feridas;Plena Noite;Decrescente;C�u Claro;Simples;"Declive;Reta";N�o;11;0;11;0;0;0;11;4;-26,765259;-53,487865;SPRF-SC;DEL07-SC;UOP03-DEL07-SC;;;
652859;03/01/2025;sexta-feira;00:20:00;SP;116;38;CACHOEIRA PAULISTA;Pista esburacada;Colis�o traseira;Com V�timas Feridas;Plena Noite;Crescente;C�u Claro;Dupla;Curva;Sim;5;0;3;0;2;0;3;2;-22,67026579;-44,99183604;SPRF-SP;DEL08-SP;UOP02-DEL08-SP;;;
652860;03/01/2025;sexta-feira;00:10:00;SC;282;29;SANTO AMARO DA IMPERATRIZ;Aus�ncia de rea��o do condutor;Sa�da de leito carro��vel;Com V�timas Feridas;Plena Noite;Decrescente;Nublado;Simples;Curva;Sim;2;0;1;0;1;0;1;1;-27,679737;-48,786785;SPRF-SC;DEL01-SC;UOP03-DEL01-SC;;;
652863;03/01/2025;sexta-feira;01:01:00;RJ;101;401,2;ITAGUAI;Animais na Pista;Atropelamento de Animal;Com V�timas Feridas;Plena Noite;Crescente;Chuva;Dupla;Reta;N�o;2;0;1;0;1;0;1;1;-22,84853075;-43,77998836;SPRF-RJ;DEL03-RJ;UOP01-DEL03-RJ;;;
652864;03/01/2025;sexta-feira;01:00:00;PB;230;6;CABEDELO;Condutor Dormindo;Tombamento;Com V�timas Feridas;Plena Noite;Decrescente;Nublado;Simples;Reta;Sim;1;0;1;0;0;0;1;1;-7,02;-34,8359;SPRF-PB;DEL01-PB;UOP01-DEL01-PB;;;
652866;03/01/2025;sexta-feira;02:53:00;PR;277;322,7;GUARAPUAVA;Transitar na contram�o;Colis�o frontal;Com V�timas Feridas;Plena Noite;Decrescente;Nublado;Simples;Reta;N�o;5;0;4;1;0;0;5;2;-25,375901;-51,29568;SPRF-PR;DEL08-PR;UOP01-DEL08-PR;;;
652868;03/01/2025;sexta-feira;04:25:00;PB;101;117,9;PEDRAS DE FOGO;Objeto est�tico sobre o leito carro��vel;Sa�da de leito carro��vel;Com V�timas Feridas;Amanhecer;Crescente;C�u Claro;Dupla;Reta;N�o;3;0;2;0;1;0;2;1;-7,41357983;-34,95743528;SPRF-PB;DEL01-PB;UOP01-DEL01-PB;;;
652870;03/01/2025;sexta-feira;05:10:00;SC;101;214,3;PALHOCA;Desrespeitar a prefer�ncia no cruzamento;Colis�o transversal;Com V�timas Feridas;Amanhecer;Crescente;C�u Claro;Dupla;"Reta;Viaduto";Sim;2;0;2;0;0;0;2;2;-27,64735302;-48,67285609;SPRF-SC;DEL01-SC;UOP02-DEL01-SC;;;
652871;03/01/2025;sexta-feira;06:45:00;SP;116;210;GUARULHOS;Condutor deixou de manter dist�ncia do ve�culo da frente;Colis�o traseira;Com V�timas Feridas;Pleno dia;Crescente;C�u Claro;M�ltipla;Reta;Sim;2;0;1;0;1;0;1;2;-23,42870023;-46,41085991;SPRF-SP;DEL01-SP;UOP01-DEL01-SP;;;
652872;03/01/2025;sexta-feira;05:30:00;PR;277;652,5;MATELANDIA;Aus�ncia de rea��o do condutor;Colis�o traseira;Com V�timas Feridas;Amanhecer;Decrescente;C�u Claro;Simples;"Retorno Regulamentado;Reta";Sim;2;0;1;0;0;1;1;2;-25,20838433;-53,95023292;SPRF-PR;DEL05-PR;UOP02-DEL05-PR;;;
652874;03/01/2025;sexta-feira;05:00:00;SP;116;68,7;APARECIDA;Demais falhas mec�nicas ou el�tricas;Colis�o com objeto;Com V�timas Feridas;Amanhecer;Crescente;Nublado;Simples;"Interse��o de Vias;Declive;Curva";N�o;1;0;1;0;0;0;1;1;-22,83833819;-45,22340558;SPRF-SP;DEL08-SP;UOP01-DEL08-SP;;;
652875;02/01/2025;quinta-feira;12:00:00;MT;70;59;BARRA DO GARCAS;Rea��o tardia ou ineficiente do condutor;Sa�da de leito carro��vel;Com V�timas Feridas;Pleno dia;Decrescente;Chuva;Simples;"Declive;Reta";N�o;3;0;1;0;1;1;1;2;-15,6977442;-52,68428613;SPRF-MT;DEL07-MT;UOP01-DEL07-MT;;;