id;data_inversa;dia_semana;horario;uf;br;km;municipio;causa_acidente;tipo_acidente;classificacao_acidente;fase_dia;sentido_via;condicao_metereologica;tipo_pista;tracado_via;uso_solo;pessoas;mortos;feridos_leves;feridos_graves;ilesos;ignorados;feridos;veiculos;latitude;longitude;regional;delegacia;uop;;;
652876;03/01/2025;sexta-feira;04:50:00;BA;116;750;POCOES;Mal s�bito do condutor;Sa�da de leito carro��vel;Com V�timas Feridas;Amanhecer;Crescente;C�u Claro;Simples;"Reta;Aclive";Sim;4;0;2;0;2;0;2;1;-14,47723421;-40,33493042;SPRF-BA;DEL08-BA;UOP02-DEL08-BA;;;
652877;03/01/2025;sexta-feira;07:00:00;ES;101;294;CARIACICA;Rea��o tardia ou ineficiente do condutor;Colis�o lateral mesmo sentido;Com V�timas Feridas;Pleno dia;Crescente;C�u Claro;M�ltipla;Reta;Sim;2;0;1;0;1;0;1;2;-20,32415948;-40,3952903;SPRF-ES;DEL01-ES;UOP01-DEL01-ES;;;
652878;03/01/2025;sexta-feira;06:05:00;PE;101;50;ABREU E LIMA;Condutor deixou de manter dist�ncia do ve�culo da frente;Colis�o lateral mesmo sentido;Com V�timas Feridas;Pleno dia;Crescente;Nublado;M�ltipla;Reta;Sim;4;0;1;0;3;0;1;3;-7,90938602;-34,90123228;SPRF-PE;DEL01-PE;UOP02-DEL01-PE;;;
652879;03/01/2025;sexta-feira;06:00:00;SP;116;213;GUARULHOS;Condutor deixou de manter dist�ncia do ve�culo da frente;Colis�o traseira;Com V�timas Feridas;Pleno dia;Crescente;C�u Claro;M�ltipla;Reta;Sim;2;0;1;0;1;0;1;2;-23,43971486;-46,43667806;SPRF-SP;DEL01-SP;UOP01-DEL01-SP;;;
652880;03/01/2025;sexta-feira;07:00:00;SP;381;71;MAIRIPORA;Trafegar com motocicleta (ou similar) entre as faixas;Colis�o lateral mesmo sentido;Com V�timas Feridas;Pleno dia;Crescente;C�u Claro;Dupla;"Reta;Aclive";N�o;2;0;1;0;1;0;1;2;-23,35047979;-46,55267274;SPRF-SP;DEL03-SP;UOP01-DEL03-SP;;;
652882;03/01/2025;sexta-feira;07:00:00;MG;381;853;POUSO ALEGRE;Velocidade Incompat�vel;Sa�da de leito carro��vel;Com V�timas Feridas;Pleno dia;Crescente;Nublado;Dupla;Reta;N�o;1;0;1;0;0;0;1;1;-22,30499294;-45,90167524;SPRF-MG;DEL16-MG;UOP01-DEL16-MG;;;
652884;03/01/2025;sexta-feira;07:30:00;RJ;101;485;ANGRA DOS REIS;Manobra de mudan�a de faixa;Colis�o traseira;Com V�timas Feridas;Pleno dia;Decrescente;C�u Claro;Simples;Reta;Sim;3;0;2;0;0;1;2;2;-22,98573526;-44,29709764;SPRF-RJ;DEL03-RJ;UOP03-DEL03-RJ;;;
652886;02/01/2025;quinta-feira;00:15:00;PI;135;506;MONTE ALEGRE DO PIAUI;Animais na Pista;Atropelamento de Animal;Com V�timas Feridas;Plena Noite;Crescente;C�u Claro;Simples;Reta;N�o;2;0;0;2;0;0;2;1;-9,76197013;-45,31008481;SPRF-PI;DEL03-PI;UOP02-DEL03-PI;;;
652887;03/01/2025;sexta-feira;05:00:00;RO;364;130,5;PIMENTA BUENO;Animais na Pista;Atropelamento de Animal;Com V�timas Feridas;Amanhecer;Decrescente;C�u Claro;Simples;Reta;N�o;2;0;1;0;1;0;1;1;-11,47694099;-61,39322799;SPRF-RO;DEL02-RO;UOP02-DEL02-RO;;;
652888;03/01/2025;sexta-feira;07:45:00;PB;101;122,5;CAAPORA;Curva acentuada;Sa�da de leito carro��vel;Com V�timas Feridas;Pleno dia;Crescente;Garoa/Chuvisco;Dupla;"Curva;Declive";N�o;1;0;1;0;0;0;1;1;-7,45814233;-34,98086929;SPRF-PB;DEL01-PB;UOP01-DEL01-PB;;;
652890;03/01/2025;sexta-feira;08:15:00;SP;101;51;UBATUBA;Acessar a via sem observar a presen�a dos outros ve�culos;Colis�o frontal;Com V�timas Feridas;Pleno dia;Decrescente;C�u Claro;Simples;Reta;Sim;5;0;1;0;4;0;1;2;-23,45627795;-45,07111896;SPRF-SP;DEL06-SP;UOP01-DEL06-SP;;;
652891;03/01/2025;sexta-feira;08:15:00;MG;381;831;SAO SEBASTIAO DA BELA VISTA;Problema na suspens�o;Sa�da de leito carro��vel;Com V�timas Feridas;Pleno dia;Crescente;Nublado;Dupla;Curva;N�o;3;0;1;0;2;0;1;1;-22,14509897;-45,81876904;SPRF-MG;DEL16-MG;UOP01-DEL16-MG;;;
652892;03/01/2025;sexta-feira;08:15:00;SC;101;332;TUBARAO;Rea��o tardia ou ineficiente do condutor;Colis�o com objeto;Com V�timas Feridas;Pleno dia;Crescente;C�u Claro;Dupla;Interse��o de Vias;Sim;5;0;2;0;3;0;2;2;-28,46767;-49,002167;SPRF-SC;DEL02-SC;UOP01-DEL02-SC;;;
652894;03/01/2025;sexta-feira;08:30:00;CE;222;4;CAUCAIA;Acesso irregular;Colis�o transversal;Com V�timas Feridas;Pleno dia;Decrescente;C�u Claro;M�ltipla;Reta;Sim;2;0;1;0;1;0;1;2;-3,74164754;-38,60449792;SPRF-CE;DEL01-CE;UOP01-DEL01-CE;;;
652895;03/01/2025;sexta-feira;08:00:00;PI;343;3;TERESINA;Condutor deixou de manter dist�ncia do ve�culo da frente;Colis�o traseira;Com V�timas Feridas;Pleno dia;Decrescente;C�u Claro;M�ltipla;Reta;Sim;2;0;0;1;1;0;1;2;-5,089569;-42,802288;SPRF-PI;DEL01-PI;UOP01-DEL01-PI;;;
652896;03/01/2025;sexta-feira;08:40:00;SC;101;67,3;ARAQUARI;Rea��o tardia ou ineficiente do condutor;Colis�o traseira;Com V�timas Feridas;Pleno dia;Decrescente;Sol;Dupla;Reta;N�o;4;0;2;0;2;0;2;2;-26,48645;-48,73483602;SPRF-SC;DEL03-SC;UOP02-DEL03-SC;;;
652899;03/01/2025;sexta-feira;08:20:00;MG;40;827,5;SIMAO PEREIRA;Aus�ncia de rea��o do condutor;Sa�da de leito carro��vel;Com V�timas Feridas;Pleno dia;Crescente;C�u Claro;Dupla;Reta;N�o;1;0;1;0;0;0;1;1;-21,98932602;-43,2844189;SPRF-MG;DEL05-MG;UOP01-DEL05-MG;;;
652900;03/01/2025;sexta-feira;07:25:00;MG;381;630;OLIVEIRA;Velocidade Incompat�vel;Sa�da de leito carro��vel;Com V�timas Feridas;Amanhecer;Decrescente;Chuva;Dupla;Curva;N�o;5;0;4;0;1;0;4;1;-20,70021201;-44,74879926;SPRF-MG;DEL04-MG;UOP01-DEL04-MG;;;
652901;03/01/2025;sexta-feira;08:58:00;PB;230;56,4;CRUZ DO ESPIRITO SANTO;Demais falhas mec�nicas ou el�tricas;Tombamento;Com V�timas Feridas;Pleno dia;Decrescente;C�u Claro;Dupla;Reta;N�o;2;0;1;1;0;0;2;1;-7,2021;-35,1038;SPRF-PB;DEL01-PB;UOP02-DEL01-PB;;;
652902;03/01/2025;sexta-feira;08:30:00;RJ;101;93;CAMPOS DOS GOYTACAZES;Aus�ncia de rea��o do condutor;Sa�da de leito carro��vel;Com V�timas Feridas;Amanhecer;Decrescente;Chuva;Dupla;Reta;N�o;4;0;1;0;3;0;1;1;-21,82626899;-41,49641201;SPRF-RJ;DEL08-RJ;UOP02-DEL08-RJ;;;
652903;03/01/2025;sexta-feira;08:35:00;MG;40;782,9;JUIZ DE FORA;Condutor Dormindo;Colis�o com objeto;Com V�timas Feridas;Pleno dia;Crescente;Nublado;Dupla;"Aclive;Reta";N�o;2;0;2;0;0;0;2;1;-21,69593719;-43,44982474;SPRF-MG;DEL05-MG;UOP01-DEL05-MG;;;
652904;03/01/2025;sexta-feira;08:00:00;SP;381;86,6;GUARULHOS;Demais falhas mec�nicas ou el�tricas;Queda de ocupante de ve�culo;Com V�timas Feridas;Pleno dia;Crescente;C�u Claro;M�ltipla;Reta;Sim;2;0;1;0;1;0;1;1;-23,45930499;-46,57161179;SPRF-SP;DEL03-SP;UOP01-DEL03-SP;;;
652905;03/01/2025;sexta-feira;09:15:00;RJ;493;52;DUQUE DE CAXIAS;Demais falhas mec�nicas ou el�tricas;Queda de ocupante de ve�culo;Com V�timas Feridas;Pleno dia;Crescente;C�u Claro;Dupla;Reta;N�o;2;0;1;1;0;0;2;1;-22,672089;-43,285053;SPRF-RJ;DEL01-RJ;UOP03-DEL01-RJ;;;
652907;03/01/2025;sexta-feira;09:30:00;MG;381;3;BETIM;Demais falhas mec�nicas ou el�tricas;Inc�ndio;Sem V�timas;Pleno dia;Decrescente;Nublado;Dupla;Reta;N�o;2;0;0;0;2;0;0;1;-19,96825;-44,198708;SPRF-MG;DEL01-MG;UOP03-DEL01-MG;;;
652910;03/01/2025;sexta-feira;08:45:00;PR;116;145;MANDIRITUBA;Aus�ncia de rea��o do condutor;Atropelamento de Pedestre;Com V�timas Fatais;Pleno dia;Decrescente;C�u Claro;Simples;"Reta;Aclive";N�o;3;1;0;0;1;1;0;2;-25,8127148;-49,3285196;SPRF-PR;DEL01-PR;UOP03-DEL01-PR;;;
652912;03/01/2025;sexta-feira;10:30:00;BA;415;34;ILHEUS;Convers�o proibida;Colis�o transversal;Com V�timas Feridas;Pleno dia;Crescente;C�u Claro;M�ltipla;Reta;Sim;5;0;1;0;4;0;1;2;-14,8482;-39,281986;SPRF-BA;DEL05-BA;UOP01-DEL05-BA;;;
652913;03/01/2025;sexta-feira;10:45:00;PR;369;133,3;IBIPORA;Acessar a via sem observar a presen�a dos outros ve�culos;Colis�o transversal;Com V�timas Fatais;Pleno dia;Crescente;C�u Claro;Dupla;Interse��o de Vias;N�o;4;1;0;0;3;0;0;2;-23,26060471;-51,01269186;SPRF-PR;DEL07-PR;UOP01-DEL07-PR;;;
652915;03/01/2025;sexta-feira;11:05:00;BA;116;464;SANTO ESTEVAO;Animais na Pista;Colis�o traseira;Com V�timas Feridas;Pleno dia;Decrescente;C�u Claro;Dupla;Reta;N�o;8;0;1;0;7;0;1;3;-12,4441144;-39,23773631;SPRF-BA;DEL02-BA;UOP01-DEL02-BA;;;
652916;03/01/2025;sexta-feira;11:20:00;SC;101;218,4;PALHOCA;Trafegar com motocicleta (ou similar) entre as faixas;Colis�o lateral mesmo sentido;Com V�timas Feridas;Pleno dia;Crescente;C�u Claro;Dupla;Reta;Sim;3;0;2;0;1;0;2;2;-27,6758601;-48,67052525;SPRF-SC;DEL01-SC;UOP02-DEL01-SC;;;
652917;03/01/2025;sexta-feira;09:42:00;RS;392;713,2;PORTO XAVIER;Acessar a via sem observar a presen�a dos outros ve�culos;Colis�o transversal;Com V�timas Feridas;Pleno dia;Crescente;C�u Claro;Simples;Curva;Sim;2;0;0;1;1;0;1;2;-27,97267189;-55,12920431;SPRF-RS;DEL10-RS;UOP01-DEL10-RS;;;
652919;03/01/2025;sexta-feira;10:40:00;PE;232;5;RECIFE;Condutor deixou de manter dist�ncia do ve�culo da frente;Colis�o traseira;Com V�timas Feridas;Pleno dia;Decrescente;Sol;M�ltipla;Reta;Sim;2;0;0;1;1;0;1;2;-8,06795766;-34,94535414;SPRF-PE;DEL01-PE;UOP01-DEL01-PE;;;
652921;03/01/2025;sexta-feira;09:50:00;BA;110;360;CATU;Manobra de mudan�a de faixa;Capotamento;Com V�timas Feridas;Pleno dia;Crescente;C�u Claro;Simples;Reta;N�o;5;0;5;0;0;0;5;1;-12,36659322;-38,38801135;SPRF-BA;DEL01-BA;UOP04-DEL01-BA;;;
652922;03/01/2025;sexta-feira;10:30:00;SC;101;142;ITAPEMA;Manobra de mudan�a de faixa;Colis�o lateral mesmo sentido;Com V�timas Feridas;Pleno dia;Crescente;C�u Claro;Dupla;Curva;Sim;3;0;1;0;0;2;1;3;-27,056089;-48,599449;SPRF-SC;DEL04-SC;UOP03-DEL04-SC;;;
652924;03/01/2025;sexta-feira;11:30:00;PB;230;19;JOAO PESSOA;Aus�ncia de rea��o do condutor;Colis�o traseira;Com V�timas Feridas;Pleno dia;Decrescente;Sol;Dupla;"Reta;Em Obras";Sim;3;0;2;0;1;0;2;2;-7,1281;-34,8466;SPRF-PB;DEL01-PB;UOP01-DEL01-PB;;;
652925;03/01/2025;sexta-feira;11:20:00;SC;280;33;ARAQUARI;Aus�ncia de rea��o do condutor;Queda de ocupante de ve�culo;Com V�timas Feridas;Pleno dia;Decrescente;C�u Claro;Simples;Reta;N�o;1;0;1;0;0;0;1;1;-26,42576441;-48,78741376;SPRF-SC;DEL03-SC;UOP03-DEL03-SC;;;
652927;03/01/2025;sexta-feira;10:15:00;GO;153;70;PORANGATU;Desrespeitar a prefer�ncia no cruzamento;Colis�o transversal;Com V�timas Feridas;Pleno dia;Crescente;Nublado;Simples;Reta;Sim;5;0;2;0;3;0;2;2;-13,450082;-49,134861;SPRF-GO;DEL07-GO;UOP01-DEL07-GO;;;
652929;03/01/2025;sexta-feira;09:50:00;BA;116;632;JAGUAQUARA;Aus�ncia de rea��o do condutor;Colis�o transversal;Com V�timas Feridas;Pleno dia;Decrescente;Sol;Simples;"Interse��o de Vias;Reta";Sim;2;0;1;0;1;0;1;2;-13,46756485;-40,03652534;SPRF-BA;DEL03-BA;UOP01-DEL03-BA;;;
652932;03/01/2025;sexta-feira;12:40:00;PR;369;182,2;ARAPONGAS;Acessar a via sem observar a presen�a dos outros ve�culos;Colis�o transversal;Com V�timas Feridas;Pleno dia;Decrescente;C�u Claro;Simples;"Reta;Interse��o de Vias";Sim;2;0;1;0;1;0;1;2;-23,38454812;-51,41923428;SPRF-PR;DEL07-PR;UOP03-DEL07-PR;;;
652933;03/01/2025;sexta-feira;13:00:00;SC;101;196,7;BIGUACU;Rea��o tardia ou ineficiente do condutor;Colis�o traseira;Com V�timas Feridas;Pleno dia;Decrescente;Sol;M�ltipla;"Declive;Reta";Sim;2;0;0;1;1;0;1;2;-27,51101091;-48,64322292;SPRF-SC;DEL01-SC;UOP01-DEL01-SC;;;
652934;03/01/2025;sexta-feira;12:10:00;MG;381;919;CAMANDUCAIA;Aus�ncia de rea��o do condutor;Colis�o com objeto;Com V�timas Feridas;Pleno dia;Crescente;Chuva;Dupla;Reta;N�o;2;0;2;0;0;0;2;1;-22,7716591;-46,19193618;SPRF-MG;DEL16-MG;UOP03-DEL16-MG;;;
652935;03/01/2025;sexta-feira;11:00:00;MG;116;413;GOVERNADOR VALADARES;Transitar no Acostamento;Colis�o lateral mesmo sentido;Com V�timas Feridas;Pleno dia;Crescente;Nublado;Simples;Reta;Sim;2;0;0;1;1;0;1;2;-18,88135621;-41,95887202;SPRF-MG;DEL06-MG;UOP01-DEL06-MG;;;
652936;03/01/2025;sexta-feira;13:00:00;PE;428;186;PETROLINA;Transitar no Acostamento;Colis�o traseira;Com V�timas Feridas;Pleno dia;Crescente;C�u Claro;Dupla;Reta;Sim;2;0;1;0;1;0;1;2;-9,34807826;-40,47441248;SPRF-PE;DEL06-PE;UOP01-DEL06-PE;;;
652939;03/01/2025;sexta-feira;13:00:00;PR;116;105;SAO JOSE DOS PINHAIS;Velocidade Incompat�vel;Capotamento;Sem V�timas;Pleno dia;Crescente;C�u Claro;Dupla;Reta;N�o;2;0;0;0;2;0;0;1;-25,56635207;-49,16833598;SPRF-PR;DEL01-PR;UOP07-DEL01-PR;;;
652941;03/01/2025;sexta-feira;12:20:00;SE;101;62;ROSARIO DO CATETE;Condutor deixou de manter dist�ncia do ve�culo da frente;Colis�o traseira;Com V�timas Feridas;Pleno dia;Crescente;C�u Claro;Dupla;Reta;N�o;7;0;1;0;6;0;1;2;-10,68457007;-37,03562689;SPRF-SE;DEL02-SE;UOP02-DEL02-SE;;;
652943;03/01/2025;sexta-feira;10:40:00;MG;267;185,5;OLARIA;Ultrapassagem Indevida;Colis�o frontal;Com V�timas Feridas;Pleno dia;Decrescente;C�u Claro;Simples;Curva;N�o;4;0;4;0;0;0;4;2;-21,88971907;-43,94989589;SPRF-MG;DEL05-MG;UOP01-DEL05-MG;;;
652946;03/01/2025;sexta-feira;09:30:00;MT;364;270,2;JACIARA;Rea��o tardia ou ineficiente do condutor;Queda de ocupante de ve�culo;Com V�timas Feridas;Pleno dia;Crescente;Nublado;Simples;"Declive;Reta";Sim;1;0;1;0;0;0;1;1;-15,9689785;-54,94463002;SPRF-MT;DEL05-MT;UOP02-DEL05-MT;;;
652951;03/01/2025;sexta-feira;14:25:00;RJ;40;100;DUQUE DE CAXIAS;Demais falhas mec�nicas ou el�tricas;Inc�ndio;Sem V�timas;Pleno dia;Decrescente;Nublado;Simples;Curva;N�o;1;0;0;0;1;0;0;1;-22,59404803;-43,28079889;SPRF-RJ;DEL01-RJ;UOP01-DEL01-RJ;;;
652952;03/01/2025;sexta-feira;12:30:00;RN;226;325,5;MESSIAS TARGINO;Ultrapassagem Indevida;Sa�da de leito carro��vel;Com V�timas Feridas;Pleno dia;Decrescente;C�u Claro;Simples;Reta;N�o;1;0;1;0;0;0;1;1;-6,07603518;-37,52521992;SPRF-RN;DEL04-RN;UOP01-DEL04-RN;;;
652953;03/01/2025;sexta-feira;07:31:00;MG;381;646,4;SANTO ANTONIO DO AMPARO;Rea��o tardia ou ineficiente do condutor;Colis�o com objeto;Com V�timas Feridas;Pleno dia;Crescente;Nublado;Dupla;Curva;N�o;3;0;2;0;1;0;2;1;-20,92360378;-44,87417221;SPRF-MG;DEL04-MG;UOP02-DEL04-MG;;;
652954;03/01/2025;sexta-feira;15:34:00;PA;230;111;MARABA;Aus�ncia de rea��o do condutor;Colis�o traseira;Com V�timas Feridas;Pleno dia;Crescente;C�u Claro;Simples;Reta;Sim;2;0;1;0;1;0;1;2;-5,37139594;-49,04004698;SPRF-PA;DEL03-PA;UOP01-DEL03-PA;;;
652955;03/01/2025;sexta-feira;15:25:00;SC;101;133;BALNEARIO CAMBORIU;Manobra de mudan�a de faixa;Colis�o lateral mesmo sentido;Com V�timas Feridas;Pleno dia;Crescente;C�u Claro;Dupla;Aclive;Sim;2;0;1;0;1;0;1;2;-26,99936;-48,64609;SPRF-SC;DEL04-SC;UOP03-DEL04-SC;;;
652957;03/01/2025;sexta-feira;15:30:00;PI;343;265;CAMPO MAIOR;Condutor deixou de manter dist�ncia do ve�culo da frente;Colis�o traseira;Com V�timas Feridas;Pleno dia;Decrescente;Nublado;Simples;Reta;Sim;4;0;0;1;3;0;1;2;-4,834697;-42,167046;SPRF-PI;DEL01-PI;UOP03-DEL01-PI;;;
652958;03/01/2025;sexta-feira;15:05:00;RJ;116;179;BELFORD ROXO;Rea��o tardia ou ineficiente do condutor;Colis�o traseira;Com V�timas Feridas;Pleno dia;Crescente;Nublado;Dupla;Reta;N�o;2;0;1;0;1;0;1;2;-22,769902;-43,408036;SPRF-RJ;DEL06-RJ;UOP01-DEL06-RJ;;;
652959;03/01/2025;sexta-feira;15:30:00;PI;316;10;TERESINA;Acessar a via sem observar a presen�a dos outros ve�culos;Colis�o lateral mesmo sentido;Com V�timas Feridas;Pleno dia;Crescente;C�u Claro;Simples;Reta;Sim;2;0;1;0;1;0;1;2;-5,18280197;-42,76350291;SPRF-PI;DEL01-PI;UOP02-DEL01-PI;;;
652960;03/01/2025;sexta-feira;14:30:00;RJ;465;10;SEROPEDICA;Rea��o tardia ou ineficiente do condutor;Engavetamento;Sem V�timas;Pleno dia;Crescente;Nublado;Simples;Reta;N�o;4;0;0;0;3;1;0;3;-22,777218;-43,663025;SPRF-RJ;DEL06-RJ;UOP02-DEL06-RJ;;;
652961;03/01/2025;sexta-feira;16:00:00;SP;116;174;GUARAREMA;Demais falhas mec�nicas ou el�tricas;Queda de ocupante de ve�culo;Com V�timas Feridas;Pleno dia;Decrescente;C�u Claro;Dupla;Declive;N�o;2;0;2;0;0;0;2;1;-23,31710055;-46,08178719;SPRF-SP;DEL02-SP;UOP01-DEL02-SP;;;
652962;03/01/2025;sexta-feira;10:00:00;SP;116;138;SAO JOSE DOS CAMPOS;Rea��o tardia ou ineficiente do condutor;Queda de ocupante de ve�culo;Com V�timas Feridas;Pleno dia;Decrescente;C�u Claro;Dupla;Reta;Sim;2;0;2;0;0;0;2;1;-23,1572739;-45,79554605;SPRF-SP;DEL02-SP;UOP01-DEL02-SP;;;
652964;03/01/2025;sexta-feira;14:30:00;SC;101;134;BALNEARIO CAMBORIU;Rea��o tardia ou ineficiente do condutor;Colis�o lateral mesmo sentido;Com V�timas Feridas;Pleno dia;Crescente;Nublado;M�ltipla;Reta;Sim;4;0;1;0;2;1;1;4;-27,00218;-48,636433;SPRF-SC;DEL04-SC;UOP03-DEL04-SC;;;
652965;03/01/2025;sexta-feira;14:55:00;SC;101;288,5;IMBITUBA;Desrespeitar a prefer�ncia no cruzamento;Colis�o transversal;Com V�timas Feridas;Pleno dia;Decrescente;C�u Claro;M�ltipla;"Interse��o de Vias;Curva";Sim;3;0;2;0;1;0;2;2;-28,26839437;-48,70066524;SPRF-SC;DEL02-SC;UOP03-DEL02-SC;;;
652967;03/01/2025;sexta-feira;14:00:00;RO;364;422;JARU;Retorno proibido;Colis�o transversal;Sem V�timas;Pleno dia;Crescente;C�u Claro;Simples;Reta;N�o;3;0;0;0;3;0;0;2;-10,4597532;-62,4558043;SPRF-RO;DEL03-RO;UOP02-DEL03-RO;;;
652968;03/01/2025;sexta-feira;16:20:00;MG;153;38,9;CANAPOLIS;Chuva;Sa�da de leito carro��vel;Com V�timas Feridas;Pleno dia;Decrescente;Chuva;Dupla;Reta;N�o;6;0;5;0;1;0;5;1;-18,73302108;-49,10715606;SPRF-MG;DEL15-MG;UOP03-DEL15-MG;;;
652969;03/01/2025;sexta-feira;16:20:00;BA;116;417,3;FEIRA DE SANTANA;Pedestre cruzava a pista fora da faixa;Atropelamento de Pedestre;Com V�timas Fatais;Pleno dia;Decrescente;Sol;M�ltipla;Reta;Sim;4;1;0;0;3;0;0;2;-12,18465954;-38,96511555;SPRF-BA;DEL02-BA;UOP01-DEL02-BA;;;
652970;01/01/2025;quarta-feira;07:30:00;PR;277;584,1;CASCAVEL;Retorno proibido;Colis�o transversal;Com V�timas Feridas;Pleno dia;Decrescente;C�u Claro;M�ltipla;"Em Obras;Viaduto";Sim;2;0;0;1;1;0;1;2;-24,96584837;-53,40432644;SPRF-PR;DEL04-PR;UOP01-DEL04-PR;;;
652971;03/01/2025;sexta-feira;16:35:00;MG;40;799,2;JUIZ DE FORA;Rea��o tardia ou ineficiente do condutor;Tombamento;Com V�timas Feridas;Pleno dia;Crescente;Chuva;Dupla;Curva;N�o;1;0;1;0;0;0;1;1;-21,82857001;-43,37364401;SPRF-MG;DEL05-MG;UOP01-DEL05-MG;;;
652972;03/01/2025;sexta-feira;16:30:00;MG;40;827,5;SIMAO PEREIRA;Chuva;Capotamento;Com V�timas Feridas;Pleno dia;Decrescente;Garoa/Chuvisco;Dupla;Curva;N�o;5;0;3;2;0;0;5;1;-21,98932602;-43,2844189;SPRF-MG;DEL05-MG;UOP01-DEL05-MG;;;
652973;03/01/2025;sexta-feira;15:50:00;BA;101;287;LAJE;Ingest�o de �lcool pelo condutor;Colis�o traseira;Sem V�timas;Pleno dia;Decrescente;C�u Claro;Simples;Curva;N�o;2;0;0;0;2;0;0;2;-13,28488593;-39,32243808;SPRF-BA;DEL01-BA;UOP02-DEL01-BA;;;
652974;03/01/2025;sexta-feira;14:15:00;AL;316;226;ATALAIA;Aus�ncia de rea��o do condutor;Colis�o lateral sentido oposto;Com V�timas Feridas;Pleno dia;Crescente;Nublado;Simples;Reta;N�o;4;0;2;0;2;0;2;2;-9,48398693;-36,15120494;SPRF-AL;DEL01-AL;UOP01-DEL01-AL;;;
652975;03/01/2025;sexta-feira;17:00:00;MG;381;489;BETIM;Avarias e/ou desgaste excessivo no pneu;Tombamento;Com V�timas Feridas;Pleno dia;Crescente;Chuva;M�ltipla;"Reta;Declive";Sim;2;0;1;0;1;0;1;1;-19,96245618;-44,16455495;SPRF-MG;DEL01-MG;UOP03-DEL01-MG;;;
652977;03/01/2025;sexta-feira;17:35:00;PE;232;4,4;RECIFE;Acumulo de �leo sobre o pavimento;Queda de ocupante de ve�culo;Com V�timas Feridas;Pleno dia;Decrescente;C�u Claro;Simples;Curva;Sim;2;0;2;0;0;0;2;1;-8,064473;-34,936928;SPRF-PE;DEL01-PE;UOP01-DEL01-PE;;;
652978;03/01/2025;sexta-feira;17:22:00;CE;116;11;FORTALEZA;Rea��o tardia ou ineficiente do condutor;Colis�o traseira;Com V�timas Feridas;Anoitecer;Decrescente;C�u Claro;Dupla;Reta;Sim;8;0;2;0;3;3;2;4;-3,847428;-38,496995;SPRF-CE;DEL01-CE;UOP02-DEL01-CE;;;
652980;03/01/2025;sexta-feira;15:20:00;SC;101;3;BIGUACU;Avarias e/ou desgaste excessivo no pneu;Tombamento;Com V�timas Feridas;Pleno dia;Decrescente;C�u Claro;Dupla;Curva;N�o;1;0;1;0;0;0;1;1;-27,37023721;-48,66064668;SPRF-SC;DEL01-SC;UOP01-DEL01-SC;;;
652981;03/01/2025;sexta-feira;15:40:00;PB;104;130,7;CAMPINA GRANDE;Desrespeitar a prefer�ncia no cruzamento;Colis�o transversal;Com V�timas Feridas;Pleno dia;Decrescente;C�u Claro;Simples;Interse��o de Vias;Sim;3;0;1;1;1;0;2;2;-7,29013399;-35,89029705;SPRF-PB;DEL02-PB;UOP03-DEL02-PB;;;
652984;03/01/2025;sexta-feira;16:40:00;MG;381;732,5;CARMO DA CACHOEIRA;Chuva;Sa�da de leito carro��vel;Com V�timas Feridas;Pleno dia;Decrescente;Chuva;Dupla;Curva;N�o;4;0;4;0;0;0;4;1;-21,55413799;-45,24499427;SPRF-MG;DEL16-MG;UOP02-DEL16-MG;;;
652985;03/01/2025;sexta-feira;17:00:00;MT;364;587;DIAMANTINO;Condutor deixou de manter dist�ncia do ve�culo da frente;Engavetamento;Com V�timas Feridas;Pleno dia;Crescente;C�u Claro;Dupla;Reta;N�o;9;0;1;0;8;0;1;3;-14,61012536;-56,25164264;SPRF-MT;DEL01-MT;UOP01-DEL01-MT;;;
652986;03/01/2025;sexta-feira;17:45:00;PB;101;84,4;BAYEUX;Acumulo de areia ou detritos sobre o pavimento;Tombamento;Com V�timas Feridas;Anoitecer;Crescente;C�u Claro;Dupla;"Em Obras;Reta";Sim;1;0;0;1;0;0;1;1;-7,13957906;-34,92312806;SPRF-PB;DEL01-PB;UOP01-DEL01-PB;;;
652987;03/01/2025;sexta-feira;15:00:00;PR;153;493,4;GENERAL CARNEIRO;Demais falhas mec�nicas ou el�tricas;Sa�da de leito carro��vel;Sem V�timas;Pleno dia;Decrescente;C�u Claro;Simples;Declive;N�o;1;0;0;0;1;0;0;1;-26,438627;-51,318885;SPRF-PR;DEL02-PR;UOP03-DEL02-PR;;;
652990;03/01/2025;sexta-feira;17:55:00;RS;386;34,8;FREDERICO WESTPHALEN;Acessar a via sem observar a presen�a dos outros ve�culos;Colis�o transversal;Com V�timas Feridas;Pleno dia;Crescente;C�u Claro;Simples;"Reta;Interse��o de Vias";Sim;2;0;1;0;1;0;1;2;-27,358442;-53,388298;SPRF-RS;DEL08-RS;UOP02-DEL08-RS;;;
652991;03/01/2025;sexta-feira;16:10:00;PA;316;99;SANTA MARIA DO PARA;Chuva;Colis�o frontal;Sem V�timas;Pleno dia;Crescente;Chuva;Simples;Reta;N�o;2;0;0;0;1;1;0;2;-1,33342734;-47,61283806;SPRF-PA;DEL01-PA;UOP02-DEL01-PA;;;
652993;03/01/2025;sexta-feira;17:45:00;MG;50;8,3;UBERLANDIA;Manobra de mudan�a de faixa;Colis�o lateral mesmo sentido;Com V�timas Feridas;Pleno dia;Crescente;Nublado;Dupla;Reta;N�o;3;0;1;0;1;1;1;3;-18,9113;-48,2622;SPRF-MG;DEL15-MG;UOP01-DEL15-MG;;;
652994;03/01/2025;sexta-feira;15:00:00;RO;364;847;PORTO VELHO;Rea��o tardia ou ineficiente do condutor;Capotamento;Com V�timas Fatais;Pleno dia;Crescente;Sol;Simples;Reta;N�o;3;2;0;1;0;0;1;1;-9,45071154;-64,73600631;SPRF-RO;DEL01-RO;UOP02-DEL01-RO;;;