id;data_inversa;dia_semana;horario;uf;br;km;municipio;causa_acidente;tipo_acidente;classificacao_acidente;fase_dia;sentido_via;condicao_metereologica;tipo_pista;tracado_via;uso_solo;pessoas;mortos;feridos_leves;feridos_graves;ilesos;ignorados;feridos;veiculos;latitude;longitude;regional;delegacia;uop;;;
652995;03/01/2025;sexta-feira;12:00:00;SP;116;477;JACUPIRANGA;Rea��o tardia ou ineficiente do condutor;Colis�o transversal;Com V�timas Feridas;Pleno dia;Decrescente;C�u Claro;Simples;Reta;Sim;2;0;1;0;1;0;1;2;-24,69842695;-48,00304804;SPRF-SP;DEL05-SP;UOP01-DEL05-SP;;;
652998;03/01/2025;sexta-feira;17:50:00;PR;116;126;FAZENDA RIO GRANDE;Rea��o tardia ou ineficiente do condutor;Queda de ocupante de ve�culo;Com V�timas Feridas;Pleno dia;Crescente;C�u Claro;Dupla;Reta;N�o;2;0;2;0;0;0;2;1;-25,60389895;-49,31824423;SPRF-PR;DEL01-PR;UOP03-DEL01-PR;;;
652999;03/01/2025;sexta-feira;18:40:00;PR;277;722;FOZ DO IGUACU;Condutor deixou de manter dist�ncia do ve�culo da frente;Colis�o traseira;Com V�timas Feridas;Anoitecer;Decrescente;C�u Claro;Dupla;"Retorno Regulamentado;Reta";Sim;2;0;1;0;1;0;1;2;-25,49337331;-54,51696363;SPRF-PR;DEL05-PR;UOP03-DEL05-PR;;;
653000;03/01/2025;sexta-feira;18:30:00;RN;101;4;TOUROS;Defici�ncia do Sistema de Ilumina��o/Sinaliza��o;Colis�o lateral mesmo sentido;Com V�timas Feridas;Plena Noite;Decrescente;C�u Claro;Simples;Reta;N�o;5;0;2;0;3;0;2;2;-5,190118;-35,508193;SPRF-RN;DEL02-RN;UOP01-DEL02-RN;;;
653001;03/01/2025;sexta-feira;19:00:00;RN;101;84;SAO GONCALO DO AMARANTE;Aus�ncia de rea��o do condutor;Colis�o traseira;Com V�timas Feridas;Plena Noite;Crescente;C�u Claro;Simples;Reta;Sim;3;0;2;0;1;0;2;2;-5,774175;-35,2578;SPRF-RN;DEL02-RN;UOP01-DEL02-RN;;;
653002;03/01/2025;sexta-feira;17:00:00;MG;262;24,9;REDUTO;Chuva;Capotamento;Com V�timas Feridas;Pleno dia;Decrescente;Chuva;Simples;"Curva;Aclive";N�o;1;0;1;0;0;0;1;1;-20,24814827;-41,94094189;SPRF-MG;DEL06-MG;UOP03-DEL06-MG;;;
653003;03/01/2025;sexta-feira;18:05:00;MG;262;59,4;MANHUACU;Acumulo de �gua sobre o pavimento;Capotamento;Com V�timas Feridas;Anoitecer;Crescente;Chuva;Simples;Reta;N�o;3;0;2;0;1;0;2;1;-20,28276197;-42,20329303;SPRF-MG;DEL06-MG;UOP03-DEL06-MG;;;
653004;03/01/2025;sexta-feira;18:50:00;MG;381;509;SAO JOAQUIM DE BICAS;�rea urbana sem a presen�a de local apropriado para a travessia de pedestres;Atropelamento de Pedestre;Com V�timas Feridas;Plena Noite;Decrescente;Chuva;Dupla;"Aclive;Curva";Sim;3;0;2;1;0;0;3;2;-20,07008;-44,298819;SPRF-MG;DEL01-MG;UOP03-DEL01-MG;;;
653007;03/01/2025;sexta-feira;16:00:00;PI;343;262;CAMPO MAIOR;Demais Fen�menos da natureza;Eventos at�picos;Com V�timas Feridas;Pleno dia;Crescente;Vento;Simples;Reta;N�o;2;0;2;0;0;0;2;1;-4,81223;-42,153191;SPRF-PI;DEL01-PI;UOP03-DEL01-PI;;;
653008;03/01/2025;sexta-feira;18:15:00;MG;50;202;DELTA;Chuva;Sa�da de leito carro��vel;Sem V�timas;Anoitecer;Crescente;Chuva;Dupla;Reta;N�o;3;0;0;0;3;0;0;1;-19,92627147;-47,82191068;SPRF-MG;DEL13-MG;UOP01-DEL13-MG;;;
653010;03/01/2025;sexta-feira;18:05:00;MG;40;782,8;JUIZ DE FORA;Chuva;Colis�o com objeto;Com V�timas Feridas;Anoitecer;Crescente;Chuva;Dupla;Reta;N�o;1;0;1;0;0;0;1;1;-21,69593719;-43,44982474;SPRF-MG;DEL05-MG;UOP01-DEL05-MG;;;
653011;03/01/2025;sexta-feira;19:00:00;PR;277;12,4;PARANAGUA;Acessar a via sem observar a presen�a dos outros ve�culos;Colis�o transversal;Com V�timas Feridas;Anoitecer;Decrescente;Nublado;Dupla;"Retorno Regulamentado;Reta";N�o;3;0;2;0;1;0;2;2;-25,568198;-48,615292;SPRF-PR;DEL01-PR;UOP05-DEL01-PR;;;
653012;03/01/2025;sexta-feira;18:15:00;SC;282;102,5;ALFREDO WAGNER;Rea��o tardia ou ineficiente do condutor;Colis�o traseira;Com V�timas Feridas;Pleno dia;Decrescente;C�u Claro;Simples;Reta;N�o;2;0;1;0;1;0;1;2;-27,694818;-49,314419;SPRF-SC;DEL01-SC;UOP03-DEL01-SC;;;
653013;03/01/2025;sexta-feira;18:20:00;PR;277;49;MORRETES;Convers�o proibida;Colis�o transversal;Com V�timas Feridas;Anoitecer;Decrescente;C�u Claro;Dupla;"Declive;Reta";N�o;2;0;2;0;0;0;2;2;-25,589742;-48,935799;SPRF-PR;DEL01-PR;UOP05-DEL01-PR;;;
653014;03/01/2025;sexta-feira;15:40:00;PR;376;125,2;ALTO PARANA;Rea��o tardia ou ineficiente do condutor;Sa�da de leito carro��vel;Com V�timas Feridas;Pleno dia;Decrescente;C�u Claro;Dupla;Reta;N�o;3;0;3;0;0;0;3;1;-23,14972357;-52,27427368;SPRF-PR;DEL09-PR;UOP02-DEL09-PR;;;
653015;03/01/2025;sexta-feira;20:20:00;ES;101;224,5;IBIRACU;Chuva;Sa�da de leito carro��vel;Com V�timas Feridas;Plena Noite;Decrescente;Chuva;Simples;Reta;N�o;2;0;2;0;0;0;2;1;-19,89290688;-40,41230369;SPRF-ES;DEL02-ES;UOP01-DEL02-ES;;;
653016;03/01/2025;sexta-feira;20:36:00;AP;156;800;OIAPOQUE;Pedestre cruzava a pista fora da faixa;Atropelamento de Pedestre;Com V�timas Feridas;Plena Noite;Crescente;Nublado;Simples;Reta;Sim;2;0;2;0;0;0;2;2;3,8387059;-51,81756914;SPRF-AP;DEL01-AP;UOP03-DEL01-AP;;;
653017;03/01/2025;sexta-feira;20:30:00;RS;116;232;NOVO HAMBURGO;Acesso irregular;Colis�o lateral sentido oposto;Com V�timas Feridas;Plena Noite;Decrescente;C�u Claro;Simples;Curva;Sim;3;0;1;0;1;1;1;3;-29,63300002;-51,14325106;SPRF-RS;DEL01-RS;UOP02-DEL01-RS;;;
653019;03/01/2025;sexta-feira;16:45:00;SC;282;101;ALFREDO WAGNER;Convers�o proibida;Colis�o frontal;Com V�timas Feridas;Pleno dia;Decrescente;C�u Claro;Simples;Curva;N�o;4;0;2;2;0;0;4;2;-27,694626;-49,305317;SPRF-SC;DEL01-SC;UOP03-DEL01-SC;;;
653025;03/01/2025;sexta-feira;20:00:00;SP;116;62,4;GUARATINGUETA;Pedestre andava na pista;Atropelamento de Pedestre;Com V�timas Feridas;Plena Noite;Decrescente;Garoa/Chuvisco;Dupla;Reta;Sim;2;0;1;1;0;0;2;2;-22,80538606;-45,17236692;SPRF-SP;DEL08-SP;UOP01-DEL08-SP;;;
653028;03/01/2025;sexta-feira;18:15:00;MG;251;211,1;CACHOEIRA DE PAJEU;Acumulo de �gua sobre o pavimento;Colis�o com objeto;Com V�timas Feridas;Plena Noite;Crescente;Chuva;Simples;Reta;N�o;5;0;2;0;3;0;2;1;-15,89906;-41,53467;SPRF-MG;DEL12-MG;UOP02-DEL12-MG;;;
653029;03/01/2025;sexta-feira;20:55:00;RS;386;222,9;SOLEDADE;Condutor Dormindo;Colis�o frontal;Com V�timas Feridas;Plena Noite;Decrescente;C�u Claro;Simples;Curva;N�o;5;0;5;0;0;0;5;2;-28,64706364;-52,61398137;SPRF-RS;DEL04-RS;UOP03-DEL04-RS;;;
653032;03/01/2025;sexta-feira;21:25:00;BA;116;824;VITORIA DA CONQUISTA;Rea��o tardia ou ineficiente do condutor;Colis�o traseira;Com V�timas Feridas;Plena Noite;Crescente;C�u Claro;Dupla;Reta;N�o;3;0;1;1;1;0;2;2;-14,86391233;-40,85025972;SPRF-BA;DEL08-BA;UOP01-DEL08-BA;;;
653033;03/01/2025;sexta-feira;20:40:00;SC;101;144;ITAPEMA;Trafegar com motocicleta (ou similar) entre as faixas;Colis�o traseira;Com V�timas Feridas;Plena Noite;Decrescente;Nublado;Dupla;Reta;Sim;4;0;2;0;1;1;2;3;-27,0732659;-48,59672716;SPRF-SC;DEL04-SC;UOP03-DEL04-SC;;;
653034;03/01/2025;sexta-feira;13:30:00;PR;277;300;PRUDENTOPOLIS;Aus�ncia de rea��o do condutor;Colis�o traseira;Sem V�timas;Pleno dia;Crescente;C�u Claro;Simples;Reta;N�o;8;0;0;0;8;0;0;3;-25,31084217;-51,09699901;SPRF-PR;DEL08-PR;UOP01-DEL08-PR;;;
653035;03/01/2025;sexta-feira;16:30:00;BA;135;136;RIACHAO DAS NEVES;Ultrapassagem Indevida;Sa�da de leito carro��vel;Com V�timas Feridas;Pleno dia;Decrescente;Chuva;Simples;Curva;N�o;4;0;0;4;0;0;4;1;-11,841387;-44,853027;SPRF-BA;DEL10-BA;UOP01-DEL10-BA;;;
653036;03/01/2025;sexta-feira;21:18:00;PR;277;11;PARANAGUA;Acessar a via sem observar a presen�a dos outros ve�culos;Colis�o traseira;Com V�timas Feridas;Plena Noite;Crescente;Garoa/Chuvisco;Dupla;Reta;Sim;3;0;1;0;2;0;1;2;-25,568198;-48,615292;SPRF-PR;DEL01-PR;UOP05-DEL01-PR;;;
653037;03/01/2025;sexta-feira;17:00:00;SC;280;37,8;JOINVILLE;Acessar a via sem observar a presen�a dos outros ve�culos;Colis�o transversal;Com V�timas Fatais;Pleno dia;Decrescente;C�u Claro;Simples;"Reta;Em Obras";Sim;7;2;1;2;2;0;3;2;-26,4481041;-48,8270084;SPRF-SC;DEL03-SC;UOP03-DEL03-SC;;;
653040;03/01/2025;sexta-feira;20:20:00;RJ;465;3;SEROPEDICA;Aus�ncia de rea��o do condutor;Colis�o lateral mesmo sentido;Com V�timas Feridas;Plena Noite;Crescente;Nublado;Simples;Reta;N�o;3;0;2;0;1;0;2;2;-22,73427;-43,711994;SPRF-RJ;DEL06-RJ;UOP02-DEL06-RJ;;;
653042;03/01/2025;sexta-feira;15:01:00;RO;364;844;PORTO VELHO;Falta de elemento de conten��o que evite a sa�da do leito carro��vel;Sa�da de leito carro��vel;Com V�timas Feridas;Pleno dia;Decrescente;C�u Claro;Simples;Reta;N�o;5;0;3;2;0;0;5;1;-9,43661591;-64,71270505;SPRF-RO;DEL01-RO;UOP02-DEL01-RO;;;
653045;03/01/2025;sexta-feira;23:40:00;PR;369;192,2;ARAPONGAS;Ingest�o de �lcool pelo condutor;Colis�o transversal;Com V�timas Feridas;Plena Noite;Decrescente;C�u Claro;Dupla;"Interse��o de Vias;Reta";N�o;5;0;3;0;2;0;3;2;-23,46928902;-51,42357945;SPRF-PR;DEL07-PR;UOP03-DEL07-PR;;;
653046;03/01/2025;sexta-feira;21:00:00;MG;40;495;ESMERALDAS;Demais falhas mec�nicas ou el�tricas;Inc�ndio;Sem V�timas;Plena Noite;Decrescente;Nevoeiro/Neblina;Dupla;"Aclive;Reta";N�o;1;0;0;0;1;0;0;1;-19,66258914;-44,19686822;SPRF-MG;DEL02-MG;UOP01-DEL02-MG;;;
653047;03/01/2025;sexta-feira;22:50:00;SC;101;142;BALNEARIO CAMBORIU;Avarias e/ou desgaste excessivo no pneu;Tombamento;Com V�timas Feridas;Plena Noite;Decrescente;Nublado;Dupla;Reta;Sim;2;0;1;0;1;0;1;1;-27,056089;-48,599449;SPRF-SC;DEL04-SC;UOP03-DEL04-SC;;;
653048;03/01/2025;sexta-feira;21:30:00;RS;293;55,6;CERRITO;Demais falhas mec�nicas ou el�tricas;Sa�da de leito carro��vel;Com V�timas Feridas;Plena Noite;Crescente;C�u Claro;Simples;"Reta;Declive";N�o;4;0;2;0;2;0;2;1;-31,72512626;-52,87836603;SPRF-RS;DEL07-RS;UOP01-DEL07-RS;;;
653049;03/01/2025;sexta-feira;23:20:00;RS;158;329;SANTA MARIA;Entrada inopinada do pedestre;Atropelamento de Pedestre;Com V�timas Fatais;Plena Noite;Decrescente;C�u Claro;Dupla;"Ponte;Reta";Sim;2;1;1;0;0;0;1;2;-29,70285264;-53,83538961;SPRF-RS;DEL09-RS;UOP01-DEL09-RS;;;
653050;04/01/2025;s�bado;00:05:00;RS;392;113,7;CANGUCU;Ingest�o de �lcool pelo condutor;Sa�da de leito carro��vel;Sem V�timas;Plena Noite;Crescente;C�u Claro;Simples;"Reta;Aclive";N�o;2;0;0;0;2;0;0;1;-31,43953295;-52,64988094;SPRF-RS;DEL07-RS;UOP01-DEL07-RS;;;
653053;03/01/2025;sexta-feira;23:50:00;RS;392;347;SANTA MARIA;Manobra de mudan�a de faixa;Colis�o transversal;Com V�timas Feridas;Plena Noite;Decrescente;C�u Claro;Simples;Reta;Sim;3;0;0;1;2;0;1;2;-29,75733341;-53,78817737;SPRF-RS;DEL09-RS;UOP01-DEL09-RS;;;
653054;04/01/2025;s�bado;00:45:00;PR;277;345;GUARAPUAVA;Acessar a via sem observar a presen�a dos outros ve�culos;Colis�o lateral mesmo sentido;Com V�timas Feridas;Plena Noite;Crescente;C�u Claro;Dupla;Reta;Sim;4;0;2;0;2;0;2;2;-25,33928412;-51,42880296;SPRF-PR;DEL08-PR;UOP01-DEL08-PR;;;
653055;03/01/2025;sexta-feira;22:30:00;SC;280;110,2;SAO BENTO DO SUL;Transitar na contram�o;Colis�o frontal;Com V�timas Fatais;Plena Noite;Crescente;C�u Claro;Simples;Reta;N�o;2;1;1;0;0;0;1;2;-26,3191009;-49,3893416;SPRF-SC;DEL06-SC;UOP03-DEL06-SC;;;
653056;04/01/2025;s�bado;01:30:00;PR;369;161;CAMBE;Desrespeitar a prefer�ncia no cruzamento;Colis�o transversal;Com V�timas Feridas;Plena Noite;Crescente;C�u Claro;Dupla;Interse��o de Vias;Sim;4;0;1;0;3;0;1;2;-23,28833001;-51,26149893;SPRF-PR;DEL07-PR;UOP01-DEL07-PR;;;
653057;03/01/2025;sexta-feira;23:40:00;RJ;101;511;ANGRA DOS REIS;Rea��o tardia ou ineficiente do condutor;Colis�o lateral mesmo sentido;Com V�timas Feridas;Plena Noite;Decrescente;Nublado;Simples;Reta;Sim;5;0;3;0;2;0;3;3;-22,9609111;-44,4382966;SPRF-RJ;DEL03-RJ;UOP03-DEL03-RJ;;;
653059;04/01/2025;s�bado;03:00:00;CE;116;23;AQUIRAZ;Velocidade Incompat�vel;Sa�da de leito carro��vel;Com V�timas Feridas;Plena Noite;Decrescente;C�u Claro;Dupla;Reta;Sim;1;0;1;0;0;0;1;1;-3,95243321;-38,51232648;SPRF-CE;DEL01-CE;UOP02-DEL01-CE;;;
653061;04/01/2025;s�bado;00:30:00;MG;116;679,6;MIRADOURO;Rea��o tardia ou ineficiente do condutor;Sa�da de leito carro��vel;Com V�timas Feridas;Plena Noite;Crescente;Nublado;Simples;Curva;N�o;2;0;1;1;0;0;2;1;-20,9321532;-42,34137072;SPRF-MG;DEL07-MG;UOP02-DEL07-MG;;;
653063;04/01/2025;s�bado;03:43:00;PB;230;20;JOAO PESSOA;Acumulo de areia ou detritos sobre o pavimento;Tombamento;Com V�timas Feridas;Plena Noite;Decrescente;C�u Claro;Dupla;"Aclive;Interse��o de Vias";Sim;1;0;1;0;0;0;1;1;-7,13832817;-34,85312462;SPRF-PB;DEL01-PB;UOP01-DEL01-PB;;;
653064;04/01/2025;s�bado;02:15:00;PR;376;606;CURITIBA;Ingest�o de �lcool pelo condutor;Colis�o transversal;Com V�timas Fatais;Plena Noite;Crescente;C�u Claro;Dupla;Curva;Sim;9;1;4;1;3;0;5;3;-25,54381283;-49,30606842;SPRF-PR;DEL01-PR;UOP06-DEL01-PR;;;
653065;04/01/2025;s�bado;02:40:00;MS;163;546,9;BANDEIRANTES;Condutor Dormindo;Sa�da de leito carro��vel;Sem V�timas;Plena Noite;Decrescente;Nublado;Simples;Curva;N�o;1;0;0;0;0;1;0;1;-19,931226;-54,365014;SPRF-MS;DEL01-MS;UOP02-DEL01-MS;;;
653067;04/01/2025;s�bado;04:05:00;PR;116;125;FAZENDA RIO GRANDE;Aus�ncia de rea��o do condutor;Colis�o com objeto;Sem V�timas;Plena Noite;Decrescente;Nevoeiro/Neblina;Dupla;Reta;Sim;1;0;0;0;1;0;0;1;-25,59505309;-49,31630659;SPRF-PR;DEL01-PR;UOP03-DEL01-PR;;;
653068;03/01/2025;sexta-feira;20:00:00;RO;319;54;PORTO VELHO;Defici�ncia do Sistema de Ilumina��o/Sinaliza��o;Capotamento;Com V�timas Feridas;Plena Noite;Crescente;Chuva;Simples;Declive;N�o;2;0;1;0;0;1;1;2;-8,74350592;-63,94936497;SPRF-RO;DEL01-RO;UOP01-DEL01-RO;;;
653070;03/01/2025;sexta-feira;20:10:00;PI;343;347;TERESINA;Rea��o tardia ou ineficiente do condutor;Colis�o lateral mesmo sentido;Sem V�timas;Plena Noite;Crescente;C�u Claro;Simples;Reta;Sim;2;0;0;0;2;0;0;2;-5,114822;-42,778355;SPRF-PI;DEL01-PI;UOP01-DEL01-PI;;;
653071;04/01/2025;s�bado;04:10:00;SC;101;36,5;JOINVILLE;Ingest�o de subst�ncias psicoativas pelo condutor;Colis�o com objeto;Sem V�timas;Amanhecer;Crescente;Garoa/Chuvisco;Dupla;Reta;N�o;1;0;0;0;1;0;0;1;-26,2797056;-48,8913703;SPRF-SC;DEL03-SC;UOP01-DEL03-SC;;;
653073;04/01/2025;s�bado;01:15:00;RS;472;184;SANTO CRISTO;Ingest�o de �lcool pelo condutor;Sa�da de leito carro��vel;Com V�timas Feridas;Plena Noite;Crescente;C�u Claro;Simples;"Reta;Declive";N�o;1;0;1;0;0;0;1;1;-27,83842358;-54,59267093;SPRF-RS;DEL10-RS;UOP01-DEL10-RS;;;
653074;04/01/2025;s�bado;05:45:00;SP;116;147;SAO JOSE DOS CAMPOS;Falta de acostamento;Colis�o traseira;Com V�timas Feridas;Pleno dia;Crescente;Sol;M�ltipla;Reta;N�o;2;0;1;1;0;0;2;2;-23,19542994;-45,87176303;SPRF-SP;DEL02-SP;UOP01-DEL02-SP;;;
653075;04/01/2025;s�bado;04:00:00;SC;158;121;CAIBI;Ingest�o de �lcool pelo condutor;Colis�o traseira;Com V�timas Feridas;Plena Noite;Crescente;C�u Claro;Simples;Reta;N�o;2;0;1;0;0;1;1;2;-26,973764;-53,214668;SPRF-SC;DEL07-SC;UOP02-DEL07-SC;;;
653076;04/01/2025;s�bado;01:50:00;MG;50;188;UBERABA;Aus�ncia de rea��o do condutor;Sa�da de leito carro��vel;Com V�timas Feridas;Plena Noite;Decrescente;Nublado;Dupla;"Reta;Aclive";N�o;1;0;1;0;0;0;1;1;-19,84070819;-47,87993327;SPRF-MG;DEL13-MG;UOP01-DEL13-MG;;;
653077;04/01/2025;s�bado;04:30:00;MG;116;642,4;FERVEDOURO;Aus�ncia de rea��o do condutor;Sa�da de leito carro��vel;Com V�timas Feridas;Plena Noite;Crescente;Chuva;Simples;Curva;N�o;1;0;0;1;0;0;1;1;-20,66308397;-42,26765513;SPRF-MG;DEL07-MG;UOP02-DEL07-MG;;;
653079;04/01/2025;s�bado;05:20:00;MS;158;114,4;PARANAIBA;Convers�o proibida;Sa�da de leito carro��vel;Sem V�timas;Amanhecer;Crescente;C�u Claro;Simples;"Aclive;Reta";N�o;3;0;0;0;3;0;0;2;-19,82292705;-51,11442018;SPRF-MS;DEL08-MS;UOP01-DEL08-MS;;;
653080;04/01/2025;s�bado;07:00:00;PB;230;9;CABEDELO;Manobra de mudan�a de faixa;Colis�o lateral mesmo sentido;Sem V�timas;Pleno dia;Decrescente;C�u Claro;Dupla;Reta;Sim;6;0;0;0;6;0;0;2;-7,0433;-34,8466;SPRF-PB;DEL01-PB;UOP01-DEL01-PB;;;
653081;04/01/2025;s�bado;06:15:00;RJ;116;177;SAO JOAO DE MERITI;Trafegar com motocicleta (ou similar) entre as faixas;Colis�o lateral mesmo sentido;Com V�timas Feridas;Pleno dia;Decrescente;C�u Claro;Dupla;Reta;N�o;2;0;1;0;1;0;1;2;-22,78055198;-43,39208599;SPRF-RJ;DEL06-RJ;UOP01-DEL06-RJ;;;
653084;04/01/2025;s�bado;06:45:00;SC;101;40;JOINVILLE;Velocidade Incompat�vel;Colis�o com objeto;Com V�timas Feridas;Pleno dia;Decrescente;Nublado;M�ltipla;Reta;Sim;1;0;1;0;0;0;1;1;-26,27176094;-48,89468382;SPRF-SC;DEL03-SC;UOP01-DEL03-SC;;;
653085;04/01/2025;s�bado;07:05:00;GO;20;48;FORMOSA;Condutor Dormindo;Colis�o lateral sentido oposto;Sem V�timas;Amanhecer;Crescente;C�u Claro;Simples;Reta;Sim;6;0;0;0;6;0;0;2;-15,34398;-47,120541;SPRF-DF;DEL02-DF;UOP02-DEL02-DF;;;
653086;04/01/2025;s�bado;02:35:00;RJ;116;211;SEROPEDICA;Aus�ncia de rea��o do condutor;Colis�o com objeto;Com V�timas Feridas;Plena Noite;Decrescente;Ignorado;Dupla;Reta;N�o;2;0;2;0;0;0;2;1;-22,71844298;-43,700897;SPRF-RJ;DEL06-RJ;UOP02-DEL06-RJ;;;
653087;04/01/2025;s�bado;08:14:00;RJ;116;176;SAO JOAO DE MERITI;Demais falhas mec�nicas ou el�tricas;Queda de ocupante de ve�culo;Com V�timas Feridas;Pleno dia;Crescente;C�u Claro;Dupla;Reta;N�o;2;0;1;0;1;0;1;1;-22,7839538;-43,38195488;SPRF-RJ;DEL06-RJ;UOP01-DEL06-RJ;;;
653088;04/01/2025;s�bado;07:20:00;SC;101;116,8;ITAJAI;Aus�ncia de rea��o do condutor;Colis�o lateral mesmo sentido;Com V�timas Feridas;Pleno dia;Decrescente;Sol;Dupla;Reta;N�o;2;0;0;2;0;0;2;2;-26,87905605;-48,72603512;SPRF-SC;DEL04-SC;UOP04-DEL04-SC;;;
653089;04/01/2025;s�bado;08:45:00;RJ;116;172;SAO JOAO DE MERITI;Aus�ncia de rea��o do condutor;Colis�o traseira;Com V�timas Feridas;Pleno dia;Decrescente;C�u Claro;Dupla;Reta;Sim;3;0;1;0;2;0;1;2;-22,80188151;-43,35043673;SPRF-RJ;DEL06-RJ;UOP01-DEL06-RJ;;;
653090;04/01/2025;s�bado;07:49:00;PE;101;7,4;GOIANA;Acessar a via sem observar a presen�a dos outros ve�culos;Colis�o transversal;Com V�timas Feridas;Pleno dia;Crescente;C�u Claro;Dupla;Reta;Sim;2;0;1;0;1;0;1;2;-7,564785;-34,990213;SPRF-PE;DEL01-PE;UOP02-DEL01-PE;;;
653091;04/01/2025;s�bado;08:30:00;SE;101;152;ESTANCIA;Afundamento ou ondula��o no pavimento;Sa�da de leito carro��vel;Sem V�timas;Pleno dia;Decrescente;Sol;Simples;Reta;Sim;2;0;0;0;2;0;0;1;-11,27423982;-37,44799376;SPRF-SE;DEL02-SE;UOP01-DEL02-SE;;;
653092;04/01/2025;s�bado;03:20:00;RJ;116;145;DUQUE DE CAXIAS;Aus�ncia de rea��o do condutor;Colis�o traseira;Com V�timas Feridas;Plena Noite;Decrescente;C�u Claro;M�ltipla;Reta;Sim;2;0;1;0;1;0;1;2;-22,66237951;-43,25529831;SPRF-RJ;DEL01-RJ;UOP02-DEL01-RJ;;;
653094;04/01/2025;s�bado;08:50:00;RJ;101;469;ANGRA DOS REIS;Aus�ncia de rea��o do condutor;Colis�o frontal;Com V�timas Feridas;Pleno dia;Crescente;C�u Claro;Simples;Reta;N�o;6;0;4;0;2;0;4;3;-23,01160388;-44,23091089;SPRF-RJ;DEL03-RJ;UOP03-DEL03-RJ;;;
653096;04/01/2025;s�bado;08:45:00;DF;70;3,8;BRASILIA;Acesso irregular;Colis�o transversal;Com V�timas Feridas;Pleno dia;Decrescente;C�u Claro;Dupla;Reta;Sim;3;0;1;0;2;0;1;2;-15,802453;-48,080387;SPRF-DF;DEL03-DF;UOP02-DEL03-DF;;;
653097;04/01/2025;s�bado;09:20:00;TO;153;701,5;CARIRI DO TOCANTINS;Acessar a via sem observar a presen�a dos outros ve�culos;Colis�o transversal;Com V�timas Feridas;Pleno dia;Decrescente;C�u Claro;Simples;"Interse��o de Vias;Reta";N�o;5;0;3;1;1;0;4;2;-11,9609026;-49,19947692;SPRF-TO;DEL01-TO;UOP02-DEL01-TO;;;
653098;04/01/2025;s�bado;07:50:00;MG;381;941,1;EXTREMA;Afundamento ou ondula��o no pavimento;Sa�da de leito carro��vel;Com V�timas Feridas;Pleno dia;Crescente;Chuva;Dupla;"Curva;Declive";Sim;2;0;1;0;1;0;1;1;-22,86021873;-46,34260711;SPRF-MG;DEL16-MG;UOP03-DEL16-MG;;;
653100;04/01/2025;s�bado;08:15:00;RJ;101;384,7;RIO DE JANEIRO;Manobra de mudan�a de faixa;Colis�o lateral mesmo sentido;Com V�timas Feridas;Pleno dia;Crescente;Sol;Dupla;Reta;N�o;2;0;1;0;1;0;1;2;-22,87911609;-43,62323999;SPRF-RJ;DEL03-RJ;UOP01-DEL03-RJ;;;
653102;04/01/2025;s�bado;08:00:00;BA;324;404;NOVA FATIMA;Condutor deixou de manter dist�ncia do ve�culo da frente;Colis�o traseira;Com V�timas Feridas;Pleno dia;Decrescente;C�u Claro;Simples;Curva;Sim;3;0;1;0;2;0;1;2;-11,60427899;-39,6312174;SPRF-BA;DEL04-BA;UOP02-DEL04-BA;;;
653103;04/01/2025;s�bado;10:20:00;SP;116;159,4;JACAREI;Demais falhas mec�nicas ou el�tricas;Queda de ocupante de ve�culo;Com V�timas Feridas;Pleno dia;Decrescente;C�u Claro;Dupla;Reta;Sim;2;0;2;0;0;0;2;1;-23,26585409;-45,95983994;SPRF-SP;DEL02-SP;UOP01-DEL02-SP;;;
653105;04/01/2025;s�bado;10:10:00;RS;158;194,8;CRUZ ALTA;Desrespeitar a prefer�ncia no cruzamento;Colis�o transversal;Com V�timas Feridas;Pleno dia;Crescente;C�u Claro;Dupla;Interse��o de Vias;Sim;2;0;1;0;1;0;1;2;-28,63883986;-53,57203169;SPRF-RS;DEL10-RS;UOP02-DEL10-RS;;;
653107;04/01/2025;s�bado;09:25:00;RJ;116;198;QUEIMADOS;Rea��o tardia ou ineficiente do condutor;Colis�o traseira;Com V�timas Feridas;Pleno dia;Decrescente;Sol;Dupla;Reta;N�o;2;0;1;0;1;0;1;2;-22,72952183;-43,57481597;SPRF-RJ;DEL06-RJ;UOP02-DEL06-RJ;;;
653108;04/01/2025;s�bado;08:15:00;MG;153;184,6;FRUTAL;Rea��o tardia ou ineficiente do condutor;Colis�o lateral mesmo sentido;Com V�timas Feridas;Pleno dia;Crescente;C�u Claro;Simples;Reta;N�o;4;0;1;0;3;0;1;2;-19,83954443;-48,96469116;SPRF-MG;DEL13-MG;UOP02-DEL13-MG;;;
653109;04/01/2025;s�bado;09:45:00;SC;282;59,2;RANCHO QUEIMADO;Convers�o proibida;Colis�o transversal;Com V�timas Fatais;Pleno dia;Crescente;C�u Claro;Simples;"Aclive;Interse��o de Vias;Em Obras;Curva";N�o;3;1;0;0;2;0;0;3;-27,676822;-49,015042;SPRF-SC;DEL01-SC;UOP03-DEL01-SC;;;
653111;04/01/2025;s�bado;10:20:00;SC;101;214;PALHOCA;Desrespeitar a prefer�ncia no cruzamento;Colis�o transversal;Com V�timas Feridas;Pleno dia;Decrescente;Sol;M�ltipla;Interse��o de Vias;N�o;2;0;1;0;0;1;1;2;-27,64443;-48,67057;SPRF-SC;DEL01-SC;UOP02-DEL01-SC;;;