id;data_inversa;dia_semana;horario;uf;br;km;municipio;causa_acidente;tipo_acidente;classificacao_acidente;fase_dia;sentido_via;condicao_metereologica;tipo_pista;tracado_via;uso_solo;pessoas;mortos;feridos_leves;feridos_graves;ilesos;ignorados;feridos;veiculos;latitude;longitude;regional;delegacia;uop;;;
653112;04/01/2025;s�bado;10:30:00;RS;386;344;LAJEADO;Rea��o tardia ou ineficiente do condutor;Tombamento;Com V�timas Feridas;Pleno dia;Decrescente;C�u Claro;M�ltipla;Reta;Sim;2;0;1;1;0;0;2;1;-29,439268;-51,993633;SPRF-RS;DEL04-RS;UOP01-DEL04-RS;;;
653120;04/01/2025;s�bado;11:30:00;RJ;101;482;ANGRA DOS REIS;Transitar na contram�o;Colis�o lateral sentido oposto;Com V�timas Feridas;Pleno dia;Crescente;Nublado;Simples;Reta;N�o;4;0;0;1;1;2;1;3;-22,995193;-44,301309;SPRF-RJ;DEL03-RJ;UOP03-DEL03-RJ;;;
653121;04/01/2025;s�bado;11:40:00;CE;20;306;CANINDE;Desrespeitar a prefer�ncia no cruzamento;Colis�o transversal;Com V�timas Feridas;Pleno dia;Decrescente;Sol;Simples;Interse��o de Vias;Sim;5;0;1;0;4;0;1;2;-4,36698604;-39,30270365;SPRF-CE;DEL02-CE;UOP01-DEL02-CE;;;
653123;04/01/2025;s�bado;11:45:00;CE;116;163,8;RUSSAS;Objeto est�tico sobre o leito carro��vel;Queda de ocupante de ve�culo;Com V�timas Feridas;Pleno dia;Crescente;C�u Claro;Simples;Reta;Sim;2;0;2;0;0;0;2;1;-4,95066655;-37,99422026;SPRF-CE;DEL03-CE;UOP01-DEL03-CE;;;
653124;04/01/2025;s�bado;11:30:00;SC;101;126,1;ITAJAI;Trafegar com motocicleta (ou similar) entre as faixas;Colis�o lateral mesmo sentido;Com V�timas Feridas;Pleno dia;Decrescente;Nublado;Dupla;Reta;Sim;3;0;1;0;2;0;1;2;-26,95564404;-48,67978366;SPRF-SC;DEL04-SC;UOP04-DEL04-SC;;;
653125;04/01/2025;s�bado;11:50:00;MT;158;626;AGUA BOA;Aus�ncia de rea��o do condutor;Sa�da de leito carro��vel;Com V�timas Feridas;Pleno dia;Crescente;Sol;Simples;Reta;N�o;4;0;2;0;2;0;2;1;-14,4766339;-52,2771232;SPRF-MT;DEL07-MT;UOP02-DEL07-MT;;;
653128;04/01/2025;s�bado;13:10:00;SC;101;458;PASSO DE TORRES;Manobra de mudan�a de faixa;Colis�o traseira;Com V�timas Feridas;Pleno dia;Crescente;C�u Claro;Dupla;Reta;N�o;2;0;0;1;1;0;1;2;-29,24075694;-49,75535784;SPRF-SC;DEL02-SC;UOP02-DEL02-SC;;;
653130;04/01/2025;s�bado;12:16:00;BA;116;7;VITORIA DA CONQUISTA;Acumulo de areia ou detritos sobre o pavimento;Queda de ocupante de ve�culo;Com V�timas Feridas;Pleno dia;Crescente;C�u Claro;Simples;"Curva;Rotat�ria";Sim;1;0;1;0;0;0;1;1;-14,84472001;-40,88896751;SPRF-BA;DEL08-BA;UOP01-DEL08-BA;;;
653131;04/01/2025;s�bado;10:15:00;MG;116;777,4;LEOPOLDINA;Rea��o tardia ou ineficiente do condutor;Colis�o frontal;Com V�timas Feridas;Pleno dia;Crescente;Nublado;Simples;Curva;N�o;3;0;1;0;2;0;1;2;-21,59632074;-42,69196405;SPRF-MG;DEL07-MG;UOP01-DEL07-MG;;;
653132;04/01/2025;s�bado;12:30:00;PR;277;74,7;SAO JOSE DOS PINHAIS;Rea��o tardia ou ineficiente do condutor;Sa�da de leito carro��vel;Com V�timas Feridas;Pleno dia;Crescente;C�u Claro;Simples;Reta;N�o;1;0;1;0;0;0;1;1;-25,51726115;-49,11540707;SPRF-PR;DEL01-PR;UOP07-DEL01-PR;;;
653133;04/01/2025;s�bado;12:00:00;SC;101;353,4;JAGUARUNA;Aus�ncia de rea��o do condutor;Colis�o traseira;Com V�timas Feridas;Pleno dia;Decrescente;C�u Claro;Dupla;Reta;N�o;5;0;4;0;1;0;4;2;-28,61232036;-49,06197674;SPRF-SC;DEL02-SC;UOP01-DEL02-SC;;;
653134;04/01/2025;s�bado;12:30:00;MG;381;752;TRES CORACOES;Velocidade Incompat�vel;Tombamento;Com V�timas Feridas;Pleno dia;Decrescente;Sol;Dupla;"Aclive;Retorno Regulamentado;Curva";Sim;2;0;1;1;0;0;2;1;-21,67246754;-45,33430028;SPRF-MG;DEL16-MG;UOP02-DEL16-MG;;;
653135;04/01/2025;s�bado;12:45:00;BA;235;352;JUAZEIRO;Frear bruscamente;Engavetamento;Com V�timas Feridas;Pleno dia;Crescente;Sol;Simples;Reta;N�o;6;0;1;0;5;0;1;3;-9,4077522;-40,50490917;SPRF-PE;DEL06-PE;UOP01-DEL06-PE;;;
653136;04/01/2025;s�bado;13:00:00;RJ;101;575;PARATY;Convers�o proibida;Colis�o transversal;Com V�timas Feridas;Pleno dia;Crescente;C�u Claro;Simples;Curva;Sim;2;0;1;0;1;0;1;2;-23,21978585;-44,73466957;SPRF-RJ;DEL03-RJ;UOP04-DEL03-RJ;;;
653137;04/01/2025;s�bado;13:10:00;PI;343;261,5;CAMPO MAIOR;Aus�ncia de rea��o do condutor;Sa�da de leito carro��vel;Com V�timas Feridas;Pleno dia;Crescente;Nublado;Simples;Reta;N�o;1;0;1;0;0;0;1;1;-4,806726;-42,145878;SPRF-PI;DEL01-PI;UOP03-DEL01-PI;;;
653139;04/01/2025;s�bado;13:00:00;SP;381;31;ATIBAIA;Avarias e/ou desgaste excessivo no pneu;Queda de ocupante de ve�culo;Com V�timas Feridas;Pleno dia;Crescente;C�u Claro;Dupla;"Aclive;Reta";N�o;1;0;1;0;0;0;1;1;-23,0559669;-46,57063716;SPRF-SP;DEL03-SP;UOP02-DEL03-SP;;;
653140;04/01/2025;s�bado;11:20:00;RJ;40;119;DUQUE DE CAXIAS;Demais falhas mec�nicas ou el�tricas;Inc�ndio;Sem V�timas;Pleno dia;Crescente;C�u Claro;Dupla;Reta;Sim;1;0;0;0;1;0;0;1;-22,76375592;-43,28683062;SPRF-RJ;DEL01-RJ;UOP02-DEL01-RJ;;;
653142;04/01/2025;s�bado;13:35:00;BA;324;537;AMELIA RODRIGUES;Acessar a via sem observar a presen�a dos outros ve�culos;Colis�o lateral mesmo sentido;Com V�timas Feridas;Pleno dia;Decrescente;C�u Claro;Dupla;Reta;Sim;2;0;1;0;0;1;1;2;-12,36902201;-38,81384601;SPRF-BA;DEL01-BA;UOP03-DEL01-BA;;;
653143;04/01/2025;s�bado;11:40:00;PR;277;346;GUARAPUAVA;Rea��o tardia ou ineficiente do condutor;Colis�o com objeto;Com V�timas Feridas;Pleno dia;Decrescente;C�u Claro;Simples;Curva;N�o;2;0;2;0;0;0;2;1;-25,33928412;-51,42880296;SPRF-PR;DEL08-PR;UOP01-DEL08-PR;;;
653146;04/01/2025;s�bado;14:10:00;MG;381;283;JAGUARACU;Ultrapassagem Indevida;Colis�o frontal;Com V�timas Feridas;Pleno dia;Decrescente;C�u Claro;Simples;Reta;N�o;6;0;2;0;4;0;2;2;-19,61757501;-42,78412299;SPRF-MG;DEL03-MG;UOP02-DEL03-MG;;;
653147;04/01/2025;s�bado;09:30:00;BA;242;294;LAJEDINHO;Acessar a via sem observar a presen�a dos outros ve�culos;Colis�o transversal;Com V�timas Feridas;Pleno dia;Crescente;C�u Claro;Simples;Reta;N�o;9;0;3;0;6;0;3;2;-12,43874222;-40,84106995;SPRF-BA;DEL06-BA;UOP02-DEL06-BA;;;
653148;04/01/2025;s�bado;13:50:00;RS;470;255,9;SALVADOR DO SUL;Desrespeitar a prefer�ncia no cruzamento;Colis�o transversal;Com V�timas Feridas;Pleno dia;Crescente;C�u Claro;Simples;"Interse��o de Vias;Curva;Retorno Regulamentado";Sim;6;0;2;0;4;0;2;2;-29,44101207;-51,50787592;SPRF-RS;DEL06-RS;UOP01-DEL06-RS;;;
653149;04/01/2025;s�bado;14:50:00;GO;414;436;ANAPOLIS;Acessar a via sem observar a presen�a dos outros ve�culos;Colis�o transversal;Com V�timas Feridas;Pleno dia;Crescente;C�u Claro;Simples;"Interse��o de Vias;Declive";Sim;2;0;1;0;1;0;1;2;-16,25482505;-48,9361188;SPRF-GO;DEL02-GO;UOP01-DEL02-GO;;;
653152;04/01/2025;s�bado;15:04:00;SC;101;199,4;SAO JOSE;Rea��o tardia ou ineficiente do condutor;Queda de ocupante de ve�culo;Com V�timas Feridas;Pleno dia;Decrescente;Sol;Dupla;Interse��o de Vias;N�o;3;0;2;0;0;1;2;2;-27,53413705;-48,63003205;SPRF-SC;DEL01-SC;UOP01-DEL01-SC;;;
653153;04/01/2025;s�bado;10:40:00;SC;280;233,9;CANOINHAS;Acessar a via sem observar a presen�a dos outros ve�culos;Colis�o transversal;Com V�timas Feridas;Pleno dia;Crescente;C�u Claro;Simples;Interse��o de Vias;Sim;3;0;1;1;1;0;2;2;-26,19146187;-50,39215;SPRF-SC;DEL06-SC;UOP04-DEL06-SC;;;
653155;04/01/2025;s�bado;13:15:00;MG;262;401,5;PARA DE MINAS;Velocidade Incompat�vel;Sa�da de leito carro��vel;Com V�timas Feridas;Pleno dia;Crescente;Nublado;Dupla;Curva;N�o;1;0;1;0;0;0;1;1;-19,90018759;-44,55287088;SPRF-MG;DEL01-MG;UOP03-DEL01-MG;;;
653156;04/01/2025;s�bado;11:20:00;RJ;116;205;SEROPEDICA;Avarias e/ou desgaste excessivo no pneu;Tombamento;Com V�timas Feridas;Pleno dia;Crescente;C�u Claro;Dupla;Reta;N�o;1;0;1;0;0;0;1;1;-22,72746688;-43,64167998;SPRF-RJ;DEL06-RJ;UOP02-DEL06-RJ;;;
653158;04/01/2025;s�bado;15:10:00;RS;116;309;GUAIBA;Velocidade Incompat�vel;Colis�o traseira;Com V�timas Feridas;Pleno dia;Crescente;C�u Claro;Dupla;Reta;N�o;2;0;1;0;1;0;1;2;-30,19187406;-51,39787181;SPRF-RS;DEL02-RS;UOP01-DEL02-RS;;;
653159;04/01/2025;s�bado;13:02:00;SC;470;62,1;INDAIAL;Transitar na contram�o;Tombamento;Com V�timas Feridas;Pleno dia;Crescente;C�u Claro;Simples;Reta;N�o;4;0;1;1;1;1;2;4;-26,874521;-49,182938;SPRF-SC;DEL04-SC;UOP01-DEL04-SC;;;
653160;04/01/2025;s�bado;12:32:00;GO;153;69;PORANGATU;Avarias e/ou desgaste excessivo no pneu;Tombamento;Com V�timas Feridas;Pleno dia;Decrescente;C�u Claro;Simples;Curva;Sim;2;0;2;0;0;0;2;1;-13,441854;-49,13295;SPRF-GO;DEL07-GO;UOP01-DEL07-GO;;;
653161;04/01/2025;s�bado;15:30:00;MG;116;419,4;ALPERCATA;Velocidade Incompat�vel;Sa�da de leito carro��vel;Com V�timas Feridas;Pleno dia;Decrescente;C�u Claro;Simples;Reta;N�o;2;0;2;0;0;0;2;2;-18,92044406;-41,94023945;SPRF-MG;DEL06-MG;UOP01-DEL06-MG;;;
653162;04/01/2025;s�bado;15:15:00;PR;373;276;PRUDENTOPOLIS;Rea��o tardia ou ineficiente do condutor;Sa�da de leito carro��vel;Sem V�timas;Pleno dia;Crescente;C�u Claro;Simples;Reta;N�o;1;0;0;0;1;0;0;1;-25,25754888;-51,07658207;SPRF-PR;DEL08-PR;UOP01-DEL08-PR;;;
653163;04/01/2025;s�bado;14:00:00;SC;282;58;RANCHO QUEIMADO;Condutor Dormindo;Sa�da de leito carro��vel;Com V�timas Feridas;Pleno dia;Decrescente;C�u Claro;Simples;Reta;Sim;2;0;1;0;1;0;1;1;-27,683594;-49,005539;SPRF-SC;DEL01-SC;UOP03-DEL01-SC;;;
653164;04/01/2025;s�bado;15:00:00;SC;282;110;ALFREDO WAGNER;Condutor deixou de manter dist�ncia do ve�culo da frente;Colis�o traseira;Com V�timas Feridas;Pleno dia;Crescente;C�u Claro;Simples;Reta;N�o;2;0;0;1;1;0;1;2;-27,727324;-49,360542;SPRF-SC;DEL01-SC;UOP03-DEL01-SC;;;
653165;04/01/2025;s�bado;14:20:00;MG;116;452,8;ENGENHEIRO CALDAS;Pedestre andava na pista;Atropelamento de Pedestre;Com V�timas Feridas;Pleno dia;Crescente;C�u Claro;Simples;Reta;N�o;3;0;0;1;2;0;1;2;-19,16864814;-42,03097176;SPRF-MG;DEL06-MG;UOP02-DEL06-MG;;;
653166;04/01/2025;s�bado;16:50:00;GO;60;61;ABADIANIA;Rea��o tardia ou ineficiente do condutor;Colis�o traseira;Com V�timas Feridas;Pleno dia;Crescente;C�u Claro;Dupla;Reta;N�o;2;0;0;1;0;1;1;2;-16,1903;-48,7114;SPRF-GO;DEL02-GO;UOP01-DEL02-GO;;;
653167;04/01/2025;s�bado;14:45:00;MG;116;429,9;ALPERCATA;Demais falhas mec�nicas ou el�tricas;Sa�da de leito carro��vel;Com V�timas Feridas;Pleno dia;Decrescente;Nublado;Simples;Curva;N�o;3;0;2;0;1;0;2;1;-18,998271;-41,977464;SPRF-MG;DEL06-MG;UOP01-DEL06-MG;;;
653168;04/01/2025;s�bado;13:25:00;MG;116;546,6;SANTA BARBARA DO LESTE;Rea��o tardia ou ineficiente do condutor;Sa�da de leito carro��vel;Com V�timas Feridas;Pleno dia;Crescente;C�u Claro;Simples;Reta;N�o;4;0;3;0;1;0;3;1;-19,93628201;-42,13101771;SPRF-MG;DEL06-MG;UOP02-DEL06-MG;;;
653170;04/01/2025;s�bado;16:20:00;SC;282;3,2;FLORIANOPOLIS;Ingest�o de �lcool pelo condutor;Colis�o traseira;Com V�timas Feridas;Pleno dia;Crescente;Nublado;Simples;"Aclive;Curva";N�o;2;0;1;0;1;0;1;2;-27,600384;-48,599705;SPRF-SC;DEL01-SC;UOP01-DEL01-SC;;;
653171;04/01/2025;s�bado;15:20:00;PR;280;307,3;BARRACAO;Condutor deixou de manter dist�ncia do ve�culo da frente;Colis�o traseira;Com V�timas Feridas;Pleno dia;Decrescente;C�u Claro;Simples;Curva;N�o;7;0;2;0;5;0;2;2;-26,2912219;-53,45385075;SPRF-PR;DEL02-PR;UOP01-DEL02-PR;;;
653172;04/01/2025;s�bado;16:35:00;RJ;101;490;ANGRA DOS REIS;Aus�ncia de rea��o do condutor;Atropelamento de Pedestre;Com V�timas Fatais;Pleno dia;Crescente;C�u Claro;Simples;Reta;N�o;3;1;0;0;1;1;0;2;-22,95640053;-44,31282898;SPRF-RJ;DEL03-RJ;UOP03-DEL03-RJ;;;
653173;04/01/2025;s�bado;17:00:00;SE;235;11;NOSSA SENHORA DO SOCORRO;Acessar a via sem observar a presen�a dos outros ve�culos;Colis�o transversal;Com V�timas Feridas;Pleno dia;Crescente;C�u Claro;Simples;Interse��o de Vias;N�o;2;0;1;0;1;0;1;2;-10,877883;-37,156052;SPRF-SE;DEL01-SE;UOP01-DEL01-SE;;;
653174;04/01/2025;s�bado;16:15:00;PE;101;51;ABREU E LIMA;Velocidade Incompat�vel;Sa�da de leito carro��vel;Com V�timas Feridas;Pleno dia;Decrescente;Sol;Dupla;"Interse��o de Vias;Viaduto";Sim;2;0;2;0;0;0;2;1;-7,92255402;-34,89412308;SPRF-PE;DEL01-PE;UOP02-DEL01-PE;;;
653175;04/01/2025;s�bado;16:15:00;PE;101;51,8;ABREU E LIMA;Velocidade Incompat�vel;Sa�da de leito carro��vel;Com V�timas Feridas;Pleno dia;Decrescente;C�u Claro;Dupla;Curva;Sim;1;0;1;0;0;0;1;1;-7,92251152;-34,89457369;SPRF-PE;DEL01-PE;UOP02-DEL01-PE;;;
653178;04/01/2025;s�bado;17:30:00;SC;101;118,1;ITAJAI;Aus�ncia de rea��o do condutor;Tombamento;Com V�timas Feridas;Pleno dia;Crescente;Sol;Dupla;Reta;N�o;2;0;2;0;0;0;2;1;-26,895859;-48,71903;SPRF-SC;DEL04-SC;UOP04-DEL04-SC;;;
653179;04/01/2025;s�bado;15:40:00;MA;316;406,5;ALTO ALEGRE DO MARANHAO;Chuva;Sa�da de leito carro��vel;Com V�timas Feridas;Pleno dia;Crescente;Chuva;Simples;Reta;N�o;3;0;1;0;2;0;1;1;-4,24808;-44,435707;SPRF-MA;DEL03-MA;UOP01-DEL03-MA;;;
653180;04/01/2025;s�bado;16:40:00;SC;101;122,7;ITAJAI;Manobra de mudan�a de faixa;Colis�o lateral mesmo sentido;Com V�timas Feridas;Pleno dia;Decrescente;Nublado;Simples;Reta;N�o;2;0;1;0;1;0;1;2;-26,92955916;-48,70499836;SPRF-SC;DEL04-SC;UOP04-DEL04-SC;;;
653181;04/01/2025;s�bado;15:15:00;RS;290;654;URUGUAIANA;Aus�ncia de rea��o do condutor;Sa�da de leito carro��vel;Com V�timas Feridas;Pleno dia;Decrescente;C�u Claro;Simples;"Declive;Reta";N�o;2;0;2;0;0;0;2;1;-30,007816;-56,45895;SPRF-RS;DEL13-RS;UOP01-DEL13-RS;;;
653183;04/01/2025;s�bado;17:50:00;RN;101;72;NATAL;Desrespeitar a prefer�ncia no cruzamento;Colis�o transversal;Sem V�timas;Plena Noite;Decrescente;C�u Claro;Simples;"Interse��o de Vias;Reta";N�o;6;0;0;0;6;0;0;2;-5,69866248;-35,26316835;SPRF-RN;DEL02-RN;UOP01-DEL02-RN;;;
653184;04/01/2025;s�bado;18:15:00;ES;101;391,9;RIO NOVO DO SUL;Acessar a via sem observar a presen�a dos outros ve�culos;Colis�o traseira;Com V�timas Feridas;Anoitecer;Decrescente;C�u Claro;Simples;Interse��o de Vias;N�o;3;0;2;0;1;0;2;2;-20,8657929;-40,89634385;SPRF-ES;DEL03-ES;UOP02-DEL03-ES;;;
653185;04/01/2025;s�bado;18:20:00;PR;373;399;CANDOI;Rea��o tardia ou ineficiente do condutor;Sa�da de leito carro��vel;Com V�timas Feridas;Plena Noite;Crescente;C�u Claro;Simples;Reta;N�o;1;0;1;0;0;0;1;1;-25,56145105;-52,04536396;SPRF-PR;DEL08-PR;UOP01-DEL08-PR;;;
653186;04/01/2025;s�bado;17:55:00;ES;101;271,5;SERRA;Transitar na contram�o;Colis�o lateral sentido oposto;Com V�timas Feridas;Anoitecer;Decrescente;C�u Claro;Dupla;Reta;N�o;2;0;1;0;1;0;1;2;-20,23267;-40,27658;SPRF-ES;DEL02-ES;UOP01-DEL02-ES;;;
653187;04/01/2025;s�bado;15:10:00;GO;70;373;MONTES CLAROS DE GOIAS;Rea��o tardia ou ineficiente do condutor;Sa�da de leito carro��vel;Com V�timas Feridas;Pleno dia;Crescente;C�u Claro;Simples;"Ponte;Reta";N�o;1;0;1;0;0;0;1;1;-15,93062866;-51,32846832;SPRF-GO;DEL04-GO;UOP02-DEL04-GO;;;
653190;04/01/2025;s�bado;18:36:00;PE;407;130;PETROLINA;Transitar na contram�o;Colis�o frontal;Com V�timas Feridas;Plena Noite;Crescente;C�u Claro;Dupla;"Reta;Ponte";Sim;4;0;2;0;1;1;2;2;-9,40536698;-40,50435309;SPRF-PE;DEL06-PE;UOP01-DEL06-PE;;;
653191;04/01/2025;s�bado;19:00:00;RN;110;51,6;MOSSORO;Acessar a via sem observar a presen�a dos outros ve�culos;Colis�o transversal;Com V�timas Feridas;Plena Noite;Crescente;C�u Claro;Simples;Reta;Sim;3;0;1;0;2;0;1;2;-5,22684393;-37,33197037;SPRF-RN;DEL04-RN;UOP01-DEL04-RN;;;
653192;04/01/2025;s�bado;19:15:00;SP;101;44;UBATUBA;Rea��o tardia ou ineficiente do condutor;Colis�o transversal;Com V�timas Feridas;Plena Noite;Crescente;Nublado;Dupla;Reta;Sim;6;0;1;0;5;0;1;2;-23,41014346;-45,06455371;SPRF-SP;DEL06-SP;UOP01-DEL06-SP;;;
653193;04/01/2025;s�bado;18:05:00;PR;376;4,6;MANDAGUARI;Convers�o proibida;Colis�o transversal;Com V�timas Feridas;Pleno dia;Crescente;C�u Claro;Simples;Reta;Sim;3;0;2;0;0;1;2;2;-23,520992;-51,67973;SPRF-PR;DEL09-PR;UOP01-DEL09-PR;;;
653194;04/01/2025;s�bado;19:30:00;MG;116;804;ALEM PARAIBA;Velocidade Incompat�vel;Sa�da de leito carro��vel;Com V�timas Feridas;Plena Noite;Decrescente;Chuva;Simples;Reta;N�o;1;0;1;0;0;0;1;1;-21,79286161;-42,71488284;SPRF-MG;DEL07-MG;UOP01-DEL07-MG;;;
653195;04/01/2025;s�bado;17:40:00;SC;101;327;CAPIVARI DE BAIXO;Aus�ncia de rea��o do condutor;Colis�o traseira;Com V�timas Feridas;Pleno dia;Decrescente;C�u Claro;Simples;Reta;Sim;2;0;1;0;1;0;1;2;-28,43023306;-48,95205197;SPRF-SC;DEL02-SC;UOP01-DEL02-SC;;;
653197;04/01/2025;s�bado;18:30:00;PI;316;59;MONSENHOR GIL;Acessar a via sem observar a presen�a dos outros ve�culos;Colis�o transversal;Com V�timas Feridas;Plena Noite;Decrescente;C�u Claro;Simples;Reta;N�o;3;0;1;1;1;0;2;2;-5,56655;-42,614083;SPRF-PI;DEL01-PI;UOP02-DEL01-PI;;;
653198;04/01/2025;s�bado;18:00:00;CE;222;35;CAUCAIA;Velocidade Incompat�vel;Colis�o com objeto;Com V�timas Feridas;Plena Noite;Crescente;C�u Claro;Dupla;Em Obras;N�o;3;0;3;0;0;0;3;1;-3,700936;-38,8647996;SPRF-CE;DEL01-CE;UOP01-DEL01-CE;;;
653199;04/01/2025;s�bado;19:30:00;MG;381;498;BETIM;Velocidade Incompat�vel;Colis�o traseira;Com V�timas Feridas;Plena Noite;Decrescente;Nublado;Dupla;Interse��o de Vias;N�o;4;0;4;0;0;0;4;2;-19,99032851;-44,20567989;SPRF-MG;DEL01-MG;UOP03-DEL01-MG;;;
653201;04/01/2025;s�bado;20:00:00;SP;116;102,9;PINDAMONHANGABA;Trafegar com motocicleta (ou similar) entre as faixas;Colis�o traseira;Com V�timas Feridas;Plena Noite;Crescente;C�u Claro;Dupla;Reta;N�o;3;0;1;1;1;0;2;2;-22,99497994;-45,48951403;SPRF-SP;DEL08-SP;UOP01-DEL08-SP;;;
653202;04/01/2025;s�bado;18:30:00;BA;101;100;ALAGOINHAS;Ingest�o de �lcool pelo condutor;Colis�o traseira;Com V�timas Feridas;Plena Noite;Decrescente;C�u Claro;Simples;Reta;N�o;3;0;2;0;1;0;2;2;-12,14197;-38,39211707;SPRF-BA;DEL01-BA;UOP04-DEL01-BA;;;
653203;04/01/2025;s�bado;19:40:00;RN;406;148;CEARA-MIRIM;Animais na Pista;Atropelamento de Animal;Com V�timas Feridas;Plena Noite;Crescente;C�u Claro;Simples;Reta;N�o;1;0;0;1;0;0;1;1;-5,64738063;-35,45019595;SPRF-RN;DEL02-RN;UOP01-DEL02-RN;;;
653205;04/01/2025;s�bado;20:10:00;PR;476;151;ARAUCARIA;Entrada inopinada do pedestre;Atropelamento de Pedestre;Com V�timas Feridas;Plena Noite;Decrescente;C�u Claro;Dupla;Reta;Sim;2;0;1;0;1;0;1;2;-25,563601;-49,377041;SPRF-PR;DEL01-PR;UOP06-DEL01-PR;;;
653206;04/01/2025;s�bado;19:50:00;PR;376;641;TIJUCAS DO SUL;Manobra de mudan�a de faixa;Engavetamento;Com V�timas Feridas;Plena Noite;Decrescente;Garoa/Chuvisco;Dupla;Reta;N�o;5;0;1;0;4;0;1;4;-25,79034012;-49,12563183;SPRF-PR;DEL01-PR;UOP04-DEL01-PR;;;
653207;04/01/2025;s�bado;18:40:00;RN;110;126,9;AUGUSTO SEVERO;Rea��o tardia ou ineficiente do condutor;Sa�da de leito carro��vel;Sem V�timas;Plena Noite;Decrescente;C�u Claro;Simples;Reta;Sim;1;0;0;0;1;0;0;1;-5,85187213;-37,30909352;SPRF-RN;DEL04-RN;UOP01-DEL04-RN;;;
653209;04/01/2025;s�bado;20:25:00;PE;232;256,2;ARCOVERDE;Animais na Pista;Atropelamento de Animal;Com V�timas Feridas;Plena Noite;Crescente;C�u Claro;Simples;Reta;Sim;2;0;1;1;0;0;2;1;-8,40988226;-37,09335003;SPRF-PE;DEL04-PE;UOP02-DEL04-PE;;;
653210;04/01/2025;s�bado;17:00:00;TO;153;253;COLINAS DO TOCANTINS;Rea��o tardia ou ineficiente do condutor;Tombamento;Com V�timas Feridas;Pleno dia;Crescente;C�u Claro;Simples;Reta;N�o;1;0;1;0;0;0;1;1;-8,1003031;-48,46819639;SPRF-TO;DEL02-TO;UOP02-DEL02-TO;;;
653212;04/01/2025;s�bado;20:30:00;SC;282;16,6;PALHOCA;Acesso irregular;Colis�o frontal;Com V�timas Feridas;Plena Noite;Crescente;C�u Claro;Simples;Reta;N�o;2;0;0;1;1;0;1;2;-27,658611;-48,681847;SPRF-SC;DEL01-SC;UOP02-DEL01-SC;;;
653213;04/01/2025;s�bado;20:10:00;GO;70;8,5;AGUAS LINDAS DE GOIAS;Pedestre cruzava a pista fora da faixa;Atropelamento de Pedestre;Com V�timas Feridas;Plena Noite;Decrescente;C�u Claro;Dupla;Reta;Sim;2;0;1;0;1;0;1;2;-15,73733681;-48,27407468;SPRF-DF;DEL03-DF;UOP02-DEL03-DF;;;
653214;04/01/2025;s�bado;18:20:00;RO;435;85,3;COLORADO DO OESTE;Ultrapassagem Indevida;Colis�o transversal;Com V�timas Feridas;Anoitecer;Decrescente;C�u Claro;Simples;Aclive;Sim;3;0;1;0;2;0;1;3;-13,11884911;-60,53173398;SPRF-RO;DEL04-RO;UOP02-DEL04-RO;;;
653215;04/01/2025;s�bado;21:00:00;RN;226;2;NATAL;Pedestre andava na pista;Atropelamento de Pedestre;Com V�timas Feridas;Plena Noite;Decrescente;C�u Claro;Simples;Reta;Sim;2;0;1;0;0;1;1;2;-5,81364934;-35,2466547;SPRF-RN;DEL01-RN;UOP02-DEL01-RN;;;
653216;04/01/2025;s�bado;19:50:00;SC;101;118;ITAJAI;Demais falhas mec�nicas ou el�tricas;Inc�ndio;Sem V�timas;Plena Noite;Crescente;C�u Claro;Dupla;Reta;N�o;1;0;0;0;1;0;0;1;-26,895859;-48,71903;SPRF-SC;DEL04-SC;UOP04-DEL04-SC;;;
653217;04/01/2025;s�bado;19:41:00;PE;232;409;SERRA TALHADA;Ultrapassagem Indevida;Colis�o transversal;Com V�timas Feridas;Plena Noite;Crescente;C�u Claro;Simples;Reta;Sim;3;0;0;2;1;0;2;2;-7,981944;-38,289467;SPRF-PE;DEL04-PE;UOP01-DEL04-PE;;;
653218;04/01/2025;s�bado;20:40:00;SE;235;36,3;AREIA BRANCA;Ingest�o de �lcool pelo condutor;Colis�o traseira;Com V�timas Feridas;Plena Noite;Crescente;Nublado;Simples;Reta;N�o;5;0;2;2;0;1;4;3;-10,767558;-37,328533;SPRF-SE;DEL01-SE;UOP02-DEL01-SE;;;
653219;04/01/2025;s�bado;21:21:00;MG;262;362;BETIM;Aus�ncia de rea��o do condutor;Tombamento;Com V�timas Feridas;Plena Noite;Decrescente;C�u Claro;Dupla;Reta;Sim;1;0;1;0;0;0;1;1;-19,98025969;-44,22672112;SPRF-MG;DEL01-MG;UOP03-DEL01-MG;;;
653220;04/01/2025;s�bado;20:30:00;PR;153;73,6;CONSELHEIRO MAIRINCK;Condutor desrespeitou a ilumina��o vermelha do sem�foro;Colis�o traseira;Com V�timas Fatais;Plena Noite;Crescente;C�u Claro;Simples;"Curva;Declive";N�o;2;1;0;0;1;0;0;2;-23,55202819;-50,13298631;SPRF-PR;DEL07-PR;UOP04-DEL07-PR;;;
653222;04/01/2025;s�bado;17:45:00;PB;230;408;POMBAL;Condutor deixou de manter dist�ncia do ve�culo da frente;Colis�o traseira;Com V�timas Feridas;Anoitecer;Decrescente;Ignorado;Simples;Reta;Sim;2;0;1;0;0;1;1;2;-6,7641;-37,794;SPRF-PB;DEL03-PB;UOP02-DEL03-PB;;;