id;data_inversa;dia_semana;horario;uf;br;km;municipio;causa_acidente;tipo_acidente;classificacao_acidente;fase_dia;sentido_via;condicao_metereologica;tipo_pista;tracado_via;uso_solo;pessoas;mortos;feridos_leves;feridos_graves;ilesos;ignorados;feridos;veiculos;latitude;longitude;regional;delegacia;uop;;;
653224;04/01/2025;s�bado;20:02:00;RO;319;64;PORTO VELHO;Condutor desrespeitou a ilumina��o vermelha do sem�foro;Colis�o transversal;Com V�timas Feridas;Plena Noite;Crescente;C�u Claro;M�ltipla;"Reta;Interse��o de Vias";Sim;6;0;2;0;4;0;2;2;-8,766685;-63,884052;SPRF-RO;DEL01-RO;UOP01-DEL01-RO;;;
653228;04/01/2025;s�bado;20:54:00;PR;369;47,4;BANDEIRANTES;Aus�ncia de rea��o do condutor;Sa�da de leito carro��vel;Com V�timas Feridas;Plena Noite;Crescente;C�u Claro;Simples;Reta;N�o;1;0;1;0;0;0;1;1;-23,101987;-50,30936837;SPRF-PR;DEL07-PR;UOP05-DEL07-PR;;;
653229;04/01/2025;s�bado;21:20:00;MS;163;80,4;ITAQUIRAI;Aus�ncia de rea��o do condutor;Tombamento;Com V�timas Feridas;Plena Noite;Crescente;C�u Claro;Simples;"Aclive;Reta";N�o;2;0;0;2;0;0;2;1;-23,45800218;-54,1957354;SPRF-MS;DEL09-MS;UOP01-DEL09-MS;;;
653232;04/01/2025;s�bado;21:20:00;BA;324;609,5;SIMOES FILHO;Aus�ncia de rea��o do condutor;Sa�da de leito carro��vel;Com V�timas Feridas;Plena Noite;Crescente;C�u Claro;Dupla;Reta;Sim;1;0;1;0;0;0;1;1;-12,82066;-38,40798;SPRF-BA;DEL01-BA;UOP01-DEL01-BA;;;
653233;04/01/2025;s�bado;21:25:00;SC;116;218,9;CORREIA PINTO;Entrada inopinada do pedestre;Atropelamento de Pedestre;Com V�timas Feridas;Plena Noite;Decrescente;C�u Claro;Simples;"Declive;Reta";N�o;3;0;1;0;2;0;1;2;-27,56247698;-50,37616896;SPRF-SC;DEL05-SC;UOP03-DEL05-SC;;;
653235;04/01/2025;s�bado;21:00:00;RR;432;209;CANTA;Aus�ncia de rea��o do condutor;Colis�o com objeto;Com V�timas Feridas;Plena Noite;Decrescente;C�u Claro;Simples;Reta;Sim;1;0;0;1;0;0;1;1;2,762605;-60,6088519;SPRF-RR;DEL01-RR;UOP01-DEL01-RR;;;
653236;04/01/2025;s�bado;12:00:00;SC;101;149;ITAPEMA;Ultrapassagem Indevida;Colis�o lateral mesmo sentido;Com V�timas Feridas;Pleno dia;Decrescente;Sol;M�ltipla;Reta;Sim;2;0;1;0;0;1;1;2;-27,1089649;-48,61277586;SPRF-SC;DEL04-SC;UOP03-DEL04-SC;;;
653239;04/01/2025;s�bado;22:50:00;MG;364;30;FRUTAL;Animais na Pista;Atropelamento de Animal;Com V�timas Feridas;Plena Noite;Crescente;C�u Claro;Simples;"Declive;Reta";Sim;2;0;1;0;1;0;1;2;-20,025185;-48,94096;SPRF-MG;DEL13-MG;UOP02-DEL13-MG;;;
653240;04/01/2025;s�bado;19:00:00;RS;116;91,9;CAMPESTRE DA SERRA;Demais falhas na via;Tombamento;Com V�timas Feridas;Plena Noite;Crescente;C�u Claro;Simples;Curva;N�o;1;0;1;0;0;0;1;1;-28,86918963;-51,11955903;SPRF-RS;DEL05-RS;UOP03-DEL05-RS;;;
653241;04/01/2025;s�bado;21:40:00;GO;153;338;JARAGUA;Condutor deixou de manter dist�ncia do ve�culo da frente;Colis�o traseira;Com V�timas Feridas;Plena Noite;Crescente;C�u Claro;Simples;Reta;N�o;3;0;2;0;1;0;2;2;-15,579773;-49,416214;SPRF-GO;DEL02-GO;UOP02-DEL02-GO;;;
653242;04/01/2025;s�bado;23:30:00;SC;470;147,2;RIO DO SUL;Demais falhas na via;Sa�da de leito carro��vel;Com V�timas Fatais;Plena Noite;Crescente;C�u Claro;Simples;Reta;N�o;1;1;0;0;0;0;0;1;-27,24335205;-49,6900403;SPRF-SC;DEL04-SC;UOP02-DEL04-SC;;;
653243;04/01/2025;s�bado;21:30:00;RS;285;5;SAO BORJA;Transitar na contram�o;Colis�o frontal;Com V�timas Feridas;Plena Noite;Decrescente;C�u Claro;Simples;Reta;N�o;5;0;1;0;4;0;1;2;-28,661;-56,0052;SPRF-RS;DEL12-RS;UOP01-DEL12-RS;;;
653244;04/01/2025;s�bado;20:54:00;RJ;101;399;ITAGUAI;Condutor deixou de manter dist�ncia do ve�culo da frente;Colis�o traseira;Com V�timas Feridas;Plena Noite;Crescente;C�u Claro;Dupla;Reta;N�o;3;0;2;0;0;1;2;2;-22,85921896;-43,75891497;SPRF-RJ;DEL03-RJ;UOP01-DEL03-RJ;;;
653245;04/01/2025;s�bado;21:15:00;RJ;40;124;DUQUE DE CAXIAS;Acesso irregular;Colis�o lateral mesmo sentido;Com V�timas Feridas;Plena Noite;Decrescente;C�u Claro;M�ltipla;Curva;N�o;2;0;1;0;1;0;1;2;-22,807953;-43,289124;SPRF-RJ;DEL01-RJ;UOP02-DEL01-RJ;;;
653246;04/01/2025;s�bado;23:57:00;DF;70;3,3;BRASILIA;Ingest�o de �lcool pelo condutor;Colis�o traseira;Sem V�timas;Plena Noite;Decrescente;C�u Claro;Dupla;"Retorno Regulamentado;Reta";N�o;2;0;0;0;2;0;0;2;-15,802453;-48,080387;SPRF-DF;DEL03-DF;UOP02-DEL03-DF;;;
653247;04/01/2025;s�bado;20:50:00;MG;116;407,8;GOVERNADOR VALADARES;Convers�o proibida;Colis�o transversal;Com V�timas Feridas;Plena Noite;Decrescente;C�u Claro;Simples;Reta;N�o;2;0;0;1;1;0;1;2;-18,835552;-41,98926799;SPRF-MG;DEL06-MG;UOP01-DEL06-MG;;;
653249;05/01/2025;domingo;00:05:00;RJ;101;321;NITEROI;Rea��o tardia ou ineficiente do condutor;Tombamento;Com V�timas Feridas;Plena Noite;Decrescente;C�u Claro;M�ltipla;Curva;Sim;2;0;1;1;0;0;2;1;-22,86981096;-43,11046465;SPRF-RJ;DEL02-RJ;UOP01-DEL02-RJ;;;
653252;04/01/2025;s�bado;23:45:00;MG;50;42;ARAGUARI;Manobra de mudan�a de faixa;Colis�o traseira;Sem V�timas;Plena Noite;Crescente;Nublado;Dupla;Reta;N�o;2;0;0;0;2;0;0;2;-18,69101412;-48,18009275;SPRF-MG;DEL15-MG;UOP02-DEL15-MG;;;
653253;05/01/2025;domingo;01:15:00;GO;20;179,8;ALVORADA DO NORTE;Ingest�o de �lcool pelo condutor;Colis�o frontal;Com V�timas Fatais;Plena Noite;Decrescente;Nublado;Simples;"Reta;Aclive";N�o;2;1;0;0;1;0;0;2;-14,485163;-46,498554;SPRF-DF;DEL02-DF;UOP03-DEL02-DF;;;
653254;05/01/2025;domingo;01:20:00;RN;101;96;NATAL;Rea��o tardia ou ineficiente do condutor;Colis�o com objeto;Com V�timas Feridas;Plena Noite;Crescente;Ignorado;M�ltipla;Curva;Sim;1;0;1;0;0;0;1;1;-5,84949622;-35,20890752;SPRF-RN;DEL01-RN;UOP01-DEL01-RN;;;
653255;05/01/2025;domingo;00:04:00;SP;116;546;BARRA DO TURVO;Rea��o tardia ou ineficiente do condutor;Colis�o com objeto;Sem V�timas;Plena Noite;Crescente;Garoa/Chuvisco;Dupla;"Curva;Aclive";N�o;1;0;0;0;1;0;0;1;-24,9470862;-48,43042095;SPRF-SP;DEL05-SP;UOP02-DEL05-SP;;;
653256;05/01/2025;domingo;00:40:00;RS;470;222,9;GARIBALDI;Rea��o tardia ou ineficiente do condutor;Sa�da de leito carro��vel;Com V�timas Feridas;Plena Noite;Crescente;C�u Claro;Simples;Reta;Sim;3;0;1;1;1;0;2;2;-29,223383;-51,516108;SPRF-RS;DEL06-RS;UOP01-DEL06-RS;;;
653257;04/01/2025;s�bado;23:00:00;RJ;493;66;NOVA IGUACU;Entrada inopinada do pedestre;Atropelamento de Pedestre;Com V�timas Fatais;Plena Noite;Crescente;C�u Claro;Dupla;Reta;Sim;2;1;0;0;1;0;0;2;-22,68245002;-43,45333099;SPRF-RJ;DEL01-RJ;UOP03-DEL01-RJ;;;
653258;05/01/2025;domingo;03:00:00;RN;304;24;MOSSORO;Rea��o tardia ou ineficiente do condutor;Sa�da de leito carro��vel;Sem V�timas;Plena Noite;Crescente;C�u Claro;Simples;Rotat�ria;N�o;1;0;0;0;0;1;0;1;-5,06488233;-37,33287055;SPRF-RN;DEL04-RN;UOP02-DEL04-RN;;;
653259;05/01/2025;domingo;02:00:00;BA;110;9;PAULO AFONSO;Aus�ncia de rea��o do condutor;Queda de ocupante de ve�culo;Com V�timas Fatais;Plena Noite;Crescente;C�u Claro;Simples;Reta;N�o;1;1;0;0;0;0;0;1;-9,53232396;-38,22095637;SPRF-BA;DEL07-BA;UOP01-DEL07-BA;;;
653260;05/01/2025;domingo;03:30:00;BA;324;601;SIMOES FILHO;Aus�ncia de rea��o do condutor;Queda de ocupante de ve�culo;Com V�timas Feridas;Plena Noite;Decrescente;C�u Claro;Dupla;Reta;Sim;1;0;0;1;0;0;1;1;-12,75619292;-38,42803587;SPRF-BA;DEL01-BA;UOP01-DEL01-BA;;;
653261;05/01/2025;domingo;02:48:00;MS;262;169,9;RIBAS DO RIO PARDO;Avarias e/ou desgaste excessivo no pneu;Sa�da de leito carro��vel;Com V�timas Feridas;Plena Noite;Crescente;C�u Claro;Simples;Reta;N�o;1;0;1;0;0;0;1;1;-20,42529281;-53,10442696;SPRF-MS;DEL07-MS;UOP02-DEL07-MS;;;
653262;05/01/2025;domingo;03:40:00;GO;153;493;GOIANIA;Aus�ncia de rea��o do condutor;Queda de ocupante de ve�culo;Com V�timas Feridas;Plena Noite;Crescente;C�u Claro;Dupla;Reta;Sim;1;0;0;1;0;0;1;1;-16,6537;-49,2172;SPRF-GO;DEL01-GO;UOP01-DEL01-GO;;;
653263;05/01/2025;domingo;03:05:00;GO;50;257;CATALAO;Mal s�bito do condutor;Sa�da de leito carro��vel;Com V�timas Feridas;Amanhecer;Decrescente;Chuva;Dupla;Reta;N�o;2;0;2;0;0;0;2;1;-18,0231;-47,8203;SPRF-GO;DEL06-GO;UOP01-DEL06-GO;;;
653264;05/01/2025;domingo;04:10:00;SP;116;54,9;LORENA;Ingest�o de �lcool pelo condutor;Tombamento;Sem V�timas;Amanhecer;Decrescente;C�u Claro;Dupla;Reta;N�o;2;0;0;0;2;0;0;1;-22,75803895;-45,11508003;SPRF-SP;DEL08-SP;UOP02-DEL08-SP;;;
653265;05/01/2025;domingo;05:18:00;MG;40;523;CONTAGEM;Demais falhas na via;Tombamento;Com V�timas Feridas;Amanhecer;Crescente;Nublado;Dupla;Curva;N�o;1;0;1;0;0;0;1;1;-19,86874894;-44,05962197;SPRF-MG;DEL01-MG;UOP02-DEL01-MG;;;
653266;05/01/2025;domingo;04:26:00;PR;476;216;LAPA;Aus�ncia de rea��o do condutor;Sa�da de leito carro��vel;Sem V�timas;Plena Noite;Decrescente;Nublado;Simples;Reta;N�o;1;0;0;0;0;1;0;1;-25,79723;-49,894169;SPRF-PR;DEL01-PR;UOP06-DEL01-PR;;;
653267;05/01/2025;domingo;05:00:00;PI;316;16;TERESINA;Ingest�o de �lcool pelo condutor;Sa�da de leito carro��vel;Sem V�timas;Amanhecer;Crescente;Nublado;M�ltipla;Reta;N�o;1;0;0;0;1;0;0;1;-5,23293685;-42,74590684;SPRF-PI;DEL01-PI;UOP02-DEL01-PI;;;
653268;05/01/2025;domingo;06:10:00;RN;101;85;SAO GONCALO DO AMARANTE;Condutor deixou de manter dist�ncia do ve�culo da frente;Colis�o traseira;Sem V�timas;Pleno dia;Crescente;C�u Claro;Simples;Reta;N�o;2;0;0;0;2;0;0;2;-5,777664;-35,24937;SPRF-RN;DEL02-RN;UOP01-DEL02-RN;;;
653269;05/01/2025;domingo;06:30:00;MG;381;746,9;TRES CORACOES;Condutor Dormindo;Sa�da de leito carro��vel;Com V�timas Feridas;Pleno dia;Crescente;C�u Claro;Dupla;Reta;N�o;2;0;1;0;1;0;1;1;-21,64340081;-45,29046703;SPRF-MG;DEL16-MG;UOP02-DEL16-MG;;;
653271;05/01/2025;domingo;05:00:00;RS;472;136,8;TRES DE MAIO;Demais falhas mec�nicas ou el�tricas;Sa�da de leito carro��vel;Sem V�timas;Plena Noite;Decrescente;C�u Claro;Simples;Curva;N�o;1;0;0;0;1;0;0;1;-27,76660989;-54,27491106;SPRF-RS;DEL10-RS;UOP01-DEL10-RS;;;
653272;05/01/2025;domingo;00:20:00;BA;324;0,3;FEIRA DE SANTANA;Ingest�o de �lcool pelo condutor;Colis�o com objeto;Sem V�timas;Plena Noite;Crescente;C�u Claro;Dupla;Curva;Sim;2;0;0;0;0;2;0;1;-12,27553613;-38,93818731;SPRF-BA;DEL02-BA;UOP01-DEL02-BA;;;
653273;05/01/2025;domingo;06:00:00;PE;101;160;GAMELEIRA;Condutor deixou de manter dist�ncia do ve�culo da frente;Colis�o traseira;Com V�timas Feridas;Pleno dia;Crescente;C�u Claro;Dupla;Reta;N�o;2;0;0;1;1;0;1;2;-8,55559186;-35,42237611;SPRF-PE;DEL01-PE;UOP03-DEL01-PE;;;
653275;05/01/2025;domingo;06:40:00;PR;277;180;PALMEIRA;Ultrapassagem Indevida;Colis�o frontal;Com V�timas Fatais;Pleno dia;Crescente;Nublado;Simples;"Declive;Reta";N�o;6;2;2;1;0;1;3;2;-25,429011;-50,032296;SPRF-PR;DEL08-PR;UOP02-DEL08-PR;;;
653276;05/01/2025;domingo;06:45:00;PB;230;19,9;JOAO PESSOA;Aus�ncia de rea��o do condutor;Tombamento;Com V�timas Feridas;Pleno dia;Decrescente;Chuva;Dupla;Reta;N�o;1;0;1;0;0;0;1;1;-7,13716779;-34,85377908;SPRF-PB;DEL01-PB;UOP01-DEL01-PB;;;
653278;05/01/2025;domingo;06:45:00;PB;230;20;JOAO PESSOA;Pista Escorregadia;Tombamento;Com V�timas Feridas;Pleno dia;Decrescente;Chuva;Dupla;"Curva;Viaduto";Sim;2;0;2;0;0;0;2;1;-7,13716779;-34,85377908;SPRF-PB;DEL01-PB;UOP01-DEL01-PB;;;
653280;04/01/2025;s�bado;22:30:00;RJ;40;120;DUQUE DE CAXIAS;Rea��o tardia ou ineficiente do condutor;Colis�o traseira;Sem V�timas;Plena Noite;Crescente;Nublado;M�ltipla;Reta;Sim;2;0;0;0;1;1;0;2;-22,78136494;-43,28599334;SPRF-RJ;DEL01-RJ;UOP02-DEL01-RJ;;;
653281;05/01/2025;domingo;05:30:00;BA;101;448;AURELINO LEAL;Condutor Dormindo;Sa�da de leito carro��vel;Com V�timas Feridas;Pleno dia;Decrescente;C�u Claro;Simples;Reta;N�o;1;0;0;1;0;0;1;1;-14,339083;-39,315197;SPRF-BA;DEL05-BA;UOP01-DEL05-BA;;;
653282;05/01/2025;domingo;07:45:00;ES;262;34;DOMINGOS MARTINS;Pista Escorregadia;Sa�da de leito carro��vel;Com V�timas Feridas;Pleno dia;Crescente;Chuva;Simples;Curva;N�o;2;0;1;0;1;0;1;1;-20,37297172;-40,59246445;SPRF-ES;DEL01-ES;UOP01-DEL01-ES;;;
653283;05/01/2025;domingo;04:20:00;MG;381;491;BETIM;Velocidade Incompat�vel;Colis�o com objeto;Com V�timas Feridas;Plena Noite;Decrescente;C�u Claro;Dupla;Reta;N�o;1;0;1;0;0;0;1;1;-19,97018187;-44,18210416;SPRF-MG;DEL01-MG;UOP03-DEL01-MG;;;
653286;05/01/2025;domingo;07:35:00;PI;343;188;PIRIPIRI;Acessar a via sem observar a presen�a dos outros ve�culos;Colis�o transversal;Com V�timas Feridas;Pleno dia;Decrescente;C�u Claro;Simples;Curva;Sim;2;0;1;0;1;0;1;2;-4,30723;-41,770481;SPRF-PI;DEL02-PI;UOP01-DEL02-PI;;;
653289;05/01/2025;domingo;08:30:00;SC;101;195,2;BIGUACU;Transitar na contram�o;Colis�o transversal;Com V�timas Feridas;Pleno dia;Crescente;C�u Claro;Dupla;Reta;Sim;2;0;1;0;1;0;1;2;-27,5047092;-48,65010819;SPRF-SC;DEL01-SC;UOP01-DEL01-SC;;;
653290;05/01/2025;domingo;06:30:00;RO;364;421,3;JARU;Velocidade Incompat�vel;Tombamento;Com V�timas Feridas;Amanhecer;Decrescente;Nublado;Simples;Interse��o de Vias;Sim;1;0;0;1;0;0;1;1;-10,46111127;-62,45531042;SPRF-RO;DEL03-RO;UOP02-DEL03-RO;;;
653292;05/01/2025;domingo;08:40:00;SC;101;123;ITAJAI;Desrespeitar a prefer�ncia no cruzamento;Colis�o transversal;Com V�timas Feridas;Pleno dia;Crescente;Nublado;Dupla;"Interse��o de Vias;Reta";N�o;2;0;1;0;1;0;1;2;-26,93668609;-48,69876905;SPRF-SC;DEL04-SC;UOP04-DEL04-SC;;;
653295;05/01/2025;domingo;09:35:00;MG;365;41,3;CLARO DOS POCOES;Aus�ncia de rea��o do condutor;Sa�da de leito carro��vel;Com V�timas Feridas;Pleno dia;Crescente;Sol;Simples;Reta;N�o;3;0;0;3;0;0;3;1;-16,88846409;-44,1815969;SPRF-MG;DEL12-MG;UOP01-DEL12-MG;;;
653296;05/01/2025;domingo;09:30:00;MG;262;94;ABRE CAMPO;Acessar a via sem observar a presen�a dos outros ve�culos;Colis�o transversal;Com V�timas Feridas;Pleno dia;Decrescente;Nublado;Simples;Curva;Sim;2;0;0;1;1;0;1;2;-20,30646793;-42,46611787;SPRF-MG;DEL03-MG;UOP03-DEL03-MG;;;
653297;05/01/2025;domingo;08:00:00;SC;101;198;BIGUACU;Demais falhas mec�nicas ou el�tricas;Inc�ndio;Sem V�timas;Pleno dia;Decrescente;C�u Claro;Dupla;Reta;Sim;1;0;0;0;1;0;0;1;-27,52658712;-48,63506019;SPRF-SC;DEL01-SC;UOP01-DEL01-SC;;;
653298;05/01/2025;domingo;10:05:00;PB;230;132,8;CAMPINA GRANDE;Aus�ncia de rea��o do condutor;Tombamento;Com V�timas Feridas;Pleno dia;Crescente;Sol;Simples;Curva;N�o;1;0;1;0;0;0;1;1;-7,27541295;-35,75283051;SPRF-PB;DEL02-PB;UOP01-DEL02-PB;;;
653299;05/01/2025;domingo;06:00:00;MG;40;258,5;SAO GONCALO DO ABAETE;Pista esburacada;Sa�da de leito carro��vel;Com V�timas Feridas;Pleno dia;Crescente;Nublado;Simples;Reta;N�o;2;0;1;1;0;0;2;1;-18,13557504;-45,38218;SPRF-MG;DEL14-MG;UOP02-DEL14-MG;;;
653300;05/01/2025;domingo;07:30:00;RJ;116;29;SAPUCAIA;Velocidade Incompat�vel;Colis�o com objeto;Com V�timas Feridas;Pleno dia;Decrescente;Nublado;Simples;Curva;N�o;1;0;1;0;0;0;1;1;-22,06451983;-42,79542346;SPRF-RJ;DEL05-RJ;UOP01-DEL05-RJ;;;
653302;05/01/2025;domingo;07:20:00;BA;101;762;ITABELA;Avarias e/ou desgaste excessivo no pneu;Colis�o frontal;Com V�timas Feridas;Pleno dia;Crescente;C�u Claro;Simples;Reta;N�o;4;0;0;1;2;1;1;2;-16,851176;-39,49120135;SPRF-BA;DEL09-BA;UOP01-DEL09-BA;;;
653303;05/01/2025;domingo;10:10:00;PI;316;10,9;TERESINA;Desrespeitar a prefer�ncia no cruzamento;Colis�o transversal;Com V�timas Feridas;Pleno dia;Crescente;Sol;M�ltipla;"Viaduto;Interse��o de Vias;Rotat�ria";Sim;2;0;1;0;1;0;1;2;-5,18280197;-42,76350291;SPRF-PI;DEL01-PI;UOP02-DEL01-PI;;;
653304;05/01/2025;domingo;09:40:00;SP;101;40;UBATUBA;Aus�ncia de rea��o do condutor;Colis�o traseira;Sem V�timas;Pleno dia;Decrescente;C�u Claro;Simples;Reta;N�o;2;0;0;0;2;0;0;2;-23,41495528;-45,03516778;SPRF-SP;DEL06-SP;UOP01-DEL06-SP;;;
653305;05/01/2025;domingo;09:00:00;BA;101;128;ALAGOINHAS;Demais Fen�menos da natureza;Sa�da de leito carro��vel;Com V�timas Feridas;Pleno dia;Crescente;C�u Claro;Simples;Reta;N�o;7;0;6;0;1;0;6;1;-12,20643979;-38,61527134;SPRF-BA;DEL01-BA;UOP04-DEL01-BA;;;
653307;05/01/2025;domingo;09:20:00;MG;262;532,9;LUZ;Rea��o tardia ou ineficiente do condutor;Colis�o traseira;Com V�timas Feridas;Pleno dia;Crescente;C�u Claro;Simples;Curva;N�o;9;0;2;0;7;0;2;2;-19,78055943;-45,73305711;SPRF-MG;DEL08-MG;UOP02-DEL08-MG;;;
653311;05/01/2025;domingo;09:40:00;MA;135;43;BACABEIRA;Rea��o tardia ou ineficiente do condutor;Colis�o traseira;Sem V�timas;Pleno dia;Crescente;C�u Claro;Dupla;Reta;Sim;5;0;0;0;4;1;0;2;-2,91264134;-44,35402453;SPRF-MA;DEL01-MA;UOP01-DEL01-MA;;;
653312;05/01/2025;domingo;11:21:00;ES;101;66;SAO MATEUS;Condutor deixou de manter dist�ncia do ve�culo da frente;Colis�o traseira;Com V�timas Feridas;Pleno dia;Decrescente;Chuva;M�ltipla;Reta;N�o;2;0;1;0;1;0;1;2;-18,7165195;-39,87436378;SPRF-ES;DEL04-ES;UOP02-DEL04-ES;;;
653314;05/01/2025;domingo;10:00:00;RJ;354;20;RESENDE;Transitar na contram�o;Colis�o lateral sentido oposto;Com V�timas Feridas;Pleno dia;Crescente;C�u Claro;Simples;Curva;N�o;4;0;1;2;1;0;3;2;-22,477699;-44,70911;SPRF-RJ;DEL07-RJ;UOP02-DEL07-RJ;;;
653315;05/01/2025;domingo;11:00:00;GO;60;285;ACREUNA;Rea��o tardia ou ineficiente do condutor;Colis�o com objeto;Com V�timas Feridas;Pleno dia;Decrescente;Nublado;Dupla;Curva;N�o;2;0;2;0;0;0;2;1;-17,2723;-50,2372;SPRF-GO;DEL04-GO;UOP02-DEL04-GO;;;
653316;05/01/2025;domingo;12:06:00;ES;101;40,7;CONCEICAO DA BARRA;Chuva;Queda de ocupante de ve�culo;Com V�timas Feridas;Pleno dia;Crescente;Chuva;Simples;Reta;N�o;1;0;1;0;0;0;1;1;-18,49980697;-39,91851689;SPRF-ES;DEL04-ES;UOP02-DEL04-ES;;;
653318;05/01/2025;domingo;10:55:00;SC;101;403,3;MARACAJA;Condutor deixou de manter dist�ncia do ve�culo da frente;Engavetamento;Sem V�timas;Pleno dia;Crescente;C�u Claro;Dupla;Reta;N�o;6;0;0;0;6;0;0;3;-28,88811965;-49,4654274;SPRF-SC;DEL02-SC;UOP02-DEL02-SC;;;
653319;05/01/2025;domingo;11:45:00;SP;116;307;SAO LOURENCO DA SERRA;Manobra de mudan�a de faixa;Colis�o lateral mesmo sentido;Com V�timas Feridas;Pleno dia;Decrescente;C�u Claro;Dupla;Reta;Sim;3;0;2;0;0;1;2;2;-23,85630016;-46,94096988;SPRF-SP;DEL04-SP;UOP01-DEL04-SP;;;
653320;05/01/2025;domingo;12:00:00;MG;381;0,5;BETIM;Trafegar com motocicleta (ou similar) entre as faixas;Colis�o lateral mesmo sentido;Com V�timas Feridas;Pleno dia;Decrescente;C�u Claro;Dupla;"Aclive;Curva";N�o;2;0;1;0;1;0;1;2;-19,96825;-44,198708;SPRF-MG;DEL01-MG;UOP03-DEL01-MG;;;
653321;05/01/2025;domingo;12:10:00;RS;101;36,7;TRES CACHOEIRAS;Aus�ncia de rea��o do condutor;Colis�o com objeto;Sem V�timas;Pleno dia;Crescente;C�u Claro;Dupla;Reta;N�o;1;0;0;0;1;0;0;1;-29,52220183;-49,99975009;SPRF-RS;DEL03-RS;UOP02-DEL03-RS;;;
653323;05/01/2025;domingo;11:15:00;RS;101;33,5;TRES CACHOEIRAS;Demais falhas mec�nicas ou el�tricas;Tombamento;Com V�timas Feridas;Pleno dia;Crescente;C�u Claro;Dupla;Reta;N�o;2;0;2;0;0;0;2;1;-29,5028698;-49,97956231;SPRF-RS;DEL03-RS;UOP02-DEL03-RS;;;
653324;05/01/2025;domingo;12:00:00;PR;277;335,2;GUARAPUAVA;Rea��o tardia ou ineficiente do condutor;Tombamento;Com V�timas Feridas;Pleno dia;Crescente;C�u Claro;Dupla;Curva;N�o;2;0;1;1;0;0;2;1;-25,36058272;-51,35210476;SPRF-PR;DEL08-PR;UOP01-DEL08-PR;;;
653325;05/01/2025;domingo;13:10:00;SP;381;76;SAO PAULO;Velocidade Incompat�vel;Colis�o lateral mesmo sentido;Com V�timas Feridas;Pleno dia;Decrescente;C�u Claro;Dupla;"Aclive;Curva";N�o;3;0;1;0;2;0;1;2;-23,38372401;-46,56502116;SPRF-SP;DEL03-SP;UOP01-DEL03-SP;;;
653326;05/01/2025;domingo;13:15:00;SP;116;283;EMBU DAS ARTES;Convers�o proibida;Colis�o transversal;Com V�timas Feridas;Pleno dia;Decrescente;C�u Claro;Dupla;Interse��o de Vias;Sim;2;0;1;0;1;0;1;2;-23,69297005;-46,86352786;SPRF-SP;DEL04-SP;UOP01-DEL04-SP;;;
653327;05/01/2025;domingo;12:00:00;RJ;116;264;VOLTA REDONDA;Acessar a via sem observar a presen�a dos outros ve�culos;Colis�o lateral mesmo sentido;Com V�timas Feridas;Pleno dia;Crescente;C�u Claro;Simples;Reta;N�o;3;0;1;0;2;0;1;2;-22,59213864;-44,07723781;SPRF-RJ;DEL07-RJ;UOP02-DEL07-RJ;;;
653328;05/01/2025;domingo;13:00:00;SC;101;12,2;GARUVA;Aus�ncia de rea��o do condutor;Colis�o lateral mesmo sentido;Com V�timas Feridas;Pleno dia;Decrescente;Nublado;Dupla;Reta;N�o;3;0;3;0;0;0;3;2;-26,08104399;-48,86175612;SPRF-SC;DEL03-SC;UOP01-DEL03-SC;;;
653329;05/01/2025;domingo;13:10:00;RJ;101;433;MANGARATIBA;Convers�o proibida;Colis�o transversal;Sem V�timas;Pleno dia;Decrescente;Nublado;Simples;Reta;Sim;2;0;0;0;2;0;0;2;-22,93842518;-44,03644001;SPRF-RJ;DEL03-RJ;UOP02-DEL03-RJ;;;
653330;05/01/2025;domingo;09:45:00;MA;10;167;PORTO FRANCO;Transitar na contram�o;Colis�o lateral sentido oposto;Sem V�timas;Pleno dia;Decrescente;C�u Claro;Simples;"Reta;Declive";N�o;2;0;0;0;2;0;0;2;-6,257395;-47,354179;SPRF-MA;DEL04-MA;UOP02-DEL04-MA;;;
653331;05/01/2025;domingo;11:00:00;GO;70;474;ARAGARCAS;Rea��o tardia ou ineficiente do condutor;Colis�o com objeto;Sem V�timas;Pleno dia;Decrescente;C�u Claro;Dupla;Reta;Sim;1;0;0;0;0;1;0;1;-15,89603041;-52,25064581;SPRF-GO;DEL04-GO;UOP02-DEL04-GO;;;
653332;05/01/2025;domingo;12:02:00;RO;364;345;JI-PARANA;Convers�o proibida;Colis�o lateral mesmo sentido;Com V�timas Feridas;Pleno dia;Crescente;Sol;M�ltipla;"Interse��o de Vias;Reta";Sim;3;0;2;0;1;0;2;2;-10,87376391;-61,95256893;SPRF-RO;DEL02-RO;UOP01-DEL02-RO;;;
653333;05/01/2025;domingo;14:10:00;SC;101;220;PALHOCA;Condutor deixou de manter dist�ncia do ve�culo da frente;Colis�o traseira;Com V�timas Feridas;Pleno dia;Decrescente;C�u Claro;Dupla;"Reta;Ponte";N�o;4;0;2;0;2;0;2;2;-27,69198941;-48,66368358;SPRF-SC;DEL01-SC;UOP02-DEL01-SC;;;
653334;05/01/2025;domingo;13:10:00;PE;232;418;SERRA TALHADA;Aus�ncia de rea��o do condutor;Tombamento;Com V�timas Feridas;Pleno dia;Decrescente;C�u Claro;Simples;Reta;N�o;2;0;1;0;0;1;1;2;-8,000268;-38,369128;SPRF-PE;DEL04-PE;UOP01-DEL04-PE;;;
653335;05/01/2025;domingo;13:00:00;PR;376;512;PONTA GROSSA;Aus�ncia de rea��o do condutor;Sa�da de leito carro��vel;Com V�timas Feridas;Pleno dia;Crescente;C�u Claro;Dupla;Reta;N�o;5;0;2;1;2;0;3;1;-25,25986852;-49,98092888;SPRF-PR;DEL03-PR;UOP04-DEL03-PR;;;