id;data_inversa;dia_semana;horario;uf;br;km;municipio;causa_acidente;tipo_acidente;classificacao_acidente;fase_dia;sentido_via;condicao_metereologica;tipo_pista;tracado_via;uso_solo;pessoas;mortos;feridos_leves;feridos_graves;ilesos;ignorados;feridos;veiculos;latitude;longitude;regional;delegacia;uop;;;
653336;05/01/2025;domingo;13:00:00;MG;262;535;LUZ;Rea��o tardia ou ineficiente do condutor;Sa�da de leito carro��vel;Com V�timas Feridas;Pleno dia;Decrescente;C�u Claro;Simples;Reta;N�o;5;0;4;0;1;0;4;1;-19,76767283;-45,78655243;SPRF-MG;DEL08-MG;UOP02-DEL08-MG;;;
653339;05/01/2025;domingo;09:10:00;MS;262;624;MIRANDA;Aus�ncia de rea��o do condutor;Tombamento;Com V�timas Feridas;Pleno dia;Decrescente;C�u Claro;Simples;Reta;N�o;1;0;1;0;0;0;1;1;-19,91732297;-56,85881893;SPRF-MS;DEL03-MS;UOP02-DEL03-MS;;;
653340;05/01/2025;domingo;13:30:00;PE;101;180;PALMARES;Acesso irregular;Colis�o transversal;Com V�timas Feridas;Pleno dia;Crescente;C�u Claro;Dupla;"Curva;Declive";N�o;2;0;0;1;1;0;1;2;-8,635238;-35,560932;SPRF-PE;DEL01-PE;UOP03-DEL01-PE;;;
653343;05/01/2025;domingo;15:30:00;PR;277;7,7;PARANAGUA;Aus�ncia de rea��o do condutor;Colis�o traseira;Sem V�timas;Pleno dia;Crescente;Nublado;Dupla;Reta;N�o;2;0;0;0;2;0;0;2;-25,563588;-48,594489;SPRF-PR;DEL01-PR;UOP05-DEL01-PR;;;
653344;05/01/2025;domingo;15:30:00;RS;290;24;SANTO ANTONIO DA PATRULHA;Aus�ncia de rea��o do condutor;Colis�o traseira;Com V�timas Feridas;Pleno dia;Crescente;C�u Claro;M�ltipla;Reta;N�o;4;0;1;0;3;0;1;4;-29,88322;-50,490093;SPRF-RS;DEL03-RS;UOP01-DEL03-RS;;;
653345;05/01/2025;domingo;15:30:00;PR;469;13;FOZ DO IGUACU;Demais falhas mec�nicas ou el�tricas;Inc�ndio;Sem V�timas;Pleno dia;Crescente;C�u Claro;Simples;"Reta;Em Obras";Sim;1;0;0;0;0;1;0;1;-25,5754;-54,5489;SPRF-PR;DEL05-PR;UOP04-DEL05-PR;;;
653346;05/01/2025;domingo;14:30:00;PE;232;79,4;GRAVATA;Ingest�o de �lcool pelo condutor;Colis�o traseira;Sem V�timas;Pleno dia;Crescente;C�u Claro;Simples;Reta;Sim;2;0;0;0;2;0;0;2;-8,19460572;-35,56074803;SPRF-PE;DEL02-PE;UOP02-DEL02PE;;;
653347;05/01/2025;domingo;16:08:00;PB;230;27;JOAO PESSOA;Condutor deixou de manter dist�ncia do ve�culo da frente;Colis�o traseira;Sem V�timas;Pleno dia;Crescente;C�u Claro;M�ltipla;Viaduto;N�o;5;0;0;0;5;0;0;2;-7,1677;-34,8855;SPRF-PB;DEL01-PB;UOP01-DEL01-PB;;;
653348;05/01/2025;domingo;15:10:00;MG;381;358;JOAO MONLEVADE;Acessar a via sem observar a presen�a dos outros ve�culos;Colis�o transversal;Com V�timas Feridas;Pleno dia;Decrescente;Nublado;Simples;Interse��o de Vias;Sim;6;0;1;0;5;0;1;2;-19,85592801;-43,21689055;SPRF-MG;DEL03-MG;UOP01-DEL03-MG;;;
653350;05/01/2025;domingo;16:00:00;PE;232;7,1;RECIFE;Condutor deixou de manter dist�ncia do ve�culo da frente;Colis�o traseira;Sem V�timas;Pleno dia;Decrescente;C�u Claro;M�ltipla;Reta;N�o;5;0;0;0;5;0;0;2;-8,07333497;-34,96184301;SPRF-PE;DEL01-PE;UOP01-DEL01-PE;;;
653352;05/01/2025;domingo;14:40:00;RJ;101;57;CAMPOS DOS GOYTACAZES;Acessar a via sem observar a presen�a dos outros ve�culos;Colis�o transversal;Com V�timas Feridas;Pleno dia;Crescente;Chuva;Simples;Interse��o de Vias;N�o;2;0;1;0;1;0;1;2;-21,69602101;-41,31017467;SPRF-RJ;DEL08-RJ;UOP01-DEL08-RJ;;;
653353;05/01/2025;domingo;16:50:00;MG;365;683;MONTE ALEGRE DE MINAS;Animais na Pista;Sa�da de leito carro��vel;Com V�timas Feridas;Pleno dia;Crescente;Nublado;Dupla;"Declive;Reta";Sim;1;0;1;0;0;0;1;1;-18,851478;-48,847366;SPRF-MG;DEL15-MG;UOP01-DEL15-MG;;;
653354;05/01/2025;domingo;16:10:00;RS;392;53,9;RIO GRANDE;Ingest�o de �lcool pelo condutor;Sa�da de leito carro��vel;Sem V�timas;Pleno dia;Decrescente;C�u Claro;Dupla;Reta;N�o;2;0;0;0;1;1;0;2;-31,84726997;-52,32688484;SPRF-RS;DEL07-RS;UOP02-DEL07-RS;;;
653356;05/01/2025;domingo;17:00:00;BA;20;184;LUIS EDUARDO MAGALHAES;Acessar a via sem observar a presen�a dos outros ve�culos;Colis�o traseira;Sem V�timas;Pleno dia;Crescente;Nublado;Simples;Reta;N�o;2;0;0;0;2;0;0;2;-12,37643128;-45,86460056;SPRF-BA;DEL10-BA;UOP01-DEL10-BA;;;
653357;05/01/2025;domingo;15:40:00;SC;101;61,9;ARAQUARI;Rea��o tardia ou ineficiente do condutor;Tombamento;Com V�timas Feridas;Pleno dia;Crescente;C�u Claro;Dupla;"Declive;Reta";N�o;1;0;1;0;0;0;1;1;-26,45474174;-48,77699195;SPRF-SC;DEL03-SC;UOP02-DEL03-SC;;;
653358;05/01/2025;domingo;16:15:00;PR;277;631,7;CEU AZUL;Ultrapassagem Indevida;Sa�da de leito carro��vel;Com V�timas Feridas;Pleno dia;Crescente;C�u Claro;Simples;Reta;N�o;3;0;3;0;0;0;3;1;-25,1191791;-53,80080296;SPRF-PR;DEL05-PR;UOP02-DEL05-PR;;;
653360;05/01/2025;domingo;17:45:00;SC;101;226;PALHOCA;Condutor deixou de manter dist�ncia do ve�culo da frente;Colis�o traseira;Com V�timas Feridas;Pleno dia;Decrescente;C�u Claro;Dupla;Reta;N�o;3;0;2;0;1;0;2;2;-27,74200001;-48,63806504;SPRF-SC;DEL01-SC;UOP02-DEL01-SC;;;
653361;05/01/2025;domingo;17:55:00;ES;101;46,8;CONCEICAO DA BARRA;Chuva;Queda de ocupante de ve�culo;Sem V�timas;Anoitecer;Decrescente;Chuva;Simples;Reta;N�o;1;0;0;0;1;0;0;1;-18,55144093;-39,90284075;SPRF-ES;DEL04-ES;UOP02-DEL04-ES;;;
653363;05/01/2025;domingo;18:05:00;PB;230;9;CABEDELO;Ingest�o de �lcool pelo condutor;Colis�o lateral mesmo sentido;Sem V�timas;Plena Noite;Crescente;C�u Claro;M�ltipla;Declive;Sim;5;0;0;0;5;0;0;2;-7,0433;-34,8466;SPRF-PB;DEL01-PB;UOP01-DEL01-PB;;;
653364;05/01/2025;domingo;17:55:00;PR;369;347;CAMPO MOURAO;Acesso irregular;Colis�o traseira;Com V�timas Feridas;Pleno dia;Decrescente;C�u Claro;Simples;Reta;N�o;3;0;1;0;2;0;1;2;-24,0874;-52,4179;SPRF-PR;DEL09-PR;UOP03-DEL09-PR;;;
653365;05/01/2025;domingo;17:50:00;GO;153;500,2;GOIANIA;Condutor deixou de manter dist�ncia do ve�culo da frente;Colis�o traseira;Com V�timas Feridas;Anoitecer;Decrescente;C�u Claro;Dupla;"Declive;Reta";Sim;5;0;3;0;2;0;3;2;-16,7118;-49,2324;SPRF-GO;DEL01-GO;UOP01-DEL01-GO;;;
653367;05/01/2025;domingo;15:50:00;MT;174;478;COMODORO;Rea��o tardia ou ineficiente do condutor;Colis�o traseira;Sem V�timas;Pleno dia;Crescente;Garoa/Chuvisco;Simples;Reta;N�o;2;0;0;0;2;0;0;2;-13,726515;-59,77919903;SPRF-MT;DEL04-MT;UOP02-DEL04-MT;;;
653370;05/01/2025;domingo;16:40:00;MG;381;777,8;CAMPANHA;Demais falhas mec�nicas ou el�tricas;Colis�o com objeto;Com V�timas Feridas;Pleno dia;Decrescente;C�u Claro;Dupla;Reta;N�o;1;0;1;0;0;0;1;1;-21,80072496;-45,4685131;SPRF-MG;DEL16-MG;UOP02-DEL16-MG;;;
653371;05/01/2025;domingo;18:35:00;PB;230;292,2;SANTA LUZIA;Acessar a via sem observar a presen�a dos outros ve�culos;Colis�o transversal;Com V�timas Feridas;Plena Noite;Decrescente;C�u Claro;Simples;Reta;Sim;2;0;1;0;1;0;1;2;-6,8742;-36,9085;SPRF-PB;DEL03-PB;UOP01-DEL03-PB;;;
653372;05/01/2025;domingo;18:00:00;MG;365;749,1;ITUIUTABA;Aus�ncia de rea��o do condutor;Sa�da de leito carro��vel;Com V�timas Feridas;Anoitecer;Crescente;C�u Claro;Dupla;"Declive;Retorno Regulamentado;Curva";N�o;2;0;1;1;0;0;2;1;-18,94119282;-49,4481067;SPRF-MG;DEL15-MG;UOP03-DEL15-MG;;;
653373;05/01/2025;domingo;11:30:00;BA;242;477;IBITIARA;Velocidade Incompat�vel;Sa�da de leito carro��vel;Com V�timas Feridas;Pleno dia;Crescente;C�u Claro;Simples;"Curva;Declive";N�o;1;0;1;0;0;0;1;1;-12,47317295;-42,2897659;SPRF-BA;DEL06-BA;UOP01-DEL06-BA;;;
653374;05/01/2025;domingo;17:45:00;RJ;116;196;QUEIMADOS;Velocidade Incompat�vel;Colis�o com objeto;Com V�timas Feridas;Anoitecer;Decrescente;C�u Claro;Simples;Reta;Sim;1;0;1;0;0;0;1;1;-22,73336575;-43,55659479;SPRF-RJ;DEL06-RJ;UOP01-DEL06-RJ;;;
653375;05/01/2025;domingo;13:40:00;MA;230;309;SAO RAIMUNDO DAS MANGABEIRAS;Ultrapassagem Indevida;Sa�da de leito carro��vel;Com V�timas Feridas;Pleno dia;Decrescente;C�u Claro;Simples;Reta;N�o;9;0;4;2;3;0;6;2;-7,00200409;-45,43621898;SPRF-MA;DEL05-MA;UOP01-DEL05-MA;;;
653376;05/01/2025;domingo;19:06:00;MG;262;359;BETIM;Ingest�o de �lcool pelo condutor;Sa�da de leito carro��vel;Com V�timas Feridas;Plena Noite;Decrescente;Chuva;Dupla;Reta;N�o;6;0;4;0;2;0;4;1;-19,98332234;-44,20214426;SPRF-MG;DEL01-MG;UOP03-DEL01-MG;;;
653380;05/01/2025;domingo;17:11:00;PR;376;355;ORTIGUEIRA;Condutor deixou de manter dist�ncia do ve�culo da frente;Colis�o traseira;Sem V�timas;Pleno dia;Crescente;C�u Claro;Simples;Declive;N�o;2;0;0;0;2;0;0;2;-24,278906;-50,885281;SPRF-PR;DEL07-PR;UOP02-DEL07-PR;;;
653381;05/01/2025;domingo;18:45:00;PR;277;84;CURITIBA;Rea��o tardia ou ineficiente do condutor;Tombamento;Sem V�timas;Anoitecer;Crescente;Nublado;Dupla;"Curva;Viaduto";Sim;1;0;0;0;0;1;0;1;-25,45209848;-49,2437911;SPRF-PR;DEL01-PR;UOP03-DEL01-PR;;;
653383;05/01/2025;domingo;14:00:00;BA;418;77;NOVA VICOSA;Entrada inopinada do pedestre;Atropelamento de Pedestre;Com V�timas Fatais;Pleno dia;Crescente;C�u Claro;Simples;Reta;N�o;2;1;0;0;0;1;0;2;-17,872979;-39,764679;SPRF-BA;DEL09-BA;UOP02-DEL09-BA;;;
653384;05/01/2025;domingo;19:20:00;ES;259;31,8;COLATINA;Transitar na contram�o;Colis�o frontal;Com V�timas Fatais;Plena Noite;Decrescente;Garoa/Chuvisco;Simples;Curva;N�o;3;2;0;0;1;0;0;2;-19,58704806;-40,50913271;SPRF-ES;DEL02-ES;UOP01-DEL02-ES;;;
653386;05/01/2025;domingo;19:30:00;BA;101;805;ITAMARAJU;Rea��o tardia ou ineficiente do condutor;Tombamento;Com V�timas Fatais;Plena Noite;Crescente;Nublado;Simples;Reta;Sim;1;1;0;0;0;0;0;1;-17,17509006;-39,57975551;SPRF-BA;DEL09-BA;UOP01-DEL09-BA;;;
653388;05/01/2025;domingo;18:30:00;PI;343;219;COCAL DE TELHA;Transitar na contram�o;Colis�o lateral sentido oposto;Com V�timas Feridas;Plena Noite;Decrescente;Nublado;Simples;Reta;N�o;6;0;1;0;5;0;1;2;-4,520066;-41,961211;SPRF-PI;DEL01-PI;UOP03-DEL01-PI;;;
653389;05/01/2025;domingo;14:00:00;SC;116;64,6;MONTE CASTELO;Aus�ncia de rea��o do condutor;Colis�o traseira;Com V�timas Feridas;Pleno dia;Decrescente;Sol;Simples;Declive;N�o;3;0;1;0;2;0;1;2;-26,41544499;-50,22732716;SPRF-SC;DEL06-SC;UOP02-DEL06-SC;;;
653390;05/01/2025;domingo;20:00:00;BA;116;364;SERRINHA;Demais falhas mec�nicas ou el�tricas;Inc�ndio;Sem V�timas;Plena Noite;Crescente;C�u Claro;Simples;Reta;N�o;1;0;0;0;1;0;0;1;-11,734198;-38,98629845;SPRF-BA;DEL02-BA;UOP01-DEL02-BA;;;
653391;05/01/2025;domingo;19:10:00;SC;470;0;NAVEGANTES;Acessar a via sem observar a presen�a dos outros ve�culos;Colis�o transversal;Com V�timas Feridas;Anoitecer;Crescente;C�u Claro;Dupla;"Interse��o de Vias;Reta;Rotat�ria";Sim;2;0;1;0;1;0;1;2;-26,88232;-48,66183;SPRF-SC;DEL04-SC;UOP04-DEL04-SC;;;
653392;05/01/2025;domingo;20:00:00;MG;116;445,1;ENGENHEIRO CALDAS;Entrada inopinada do pedestre;Atropelamento de Pedestre;Com V�timas Fatais;Plena Noite;Crescente;Chuva;Simples;Reta;N�o;2;1;0;0;1;0;0;2;-19,11245363;-42,00351446;SPRF-MG;DEL06-MG;UOP02-DEL06-MG;;;
653393;05/01/2025;domingo;20:30:00;MG;381;3;BETIM;Rea��o tardia ou ineficiente do condutor;Sa�da de leito carro��vel;Com V�timas Feridas;Plena Noite;Decrescente;C�u Claro;Dupla;"Declive;Reta";N�o;2;0;0;1;1;0;1;2;-19,98690045;-44,17156219;SPRF-MG;DEL01-MG;UOP03-DEL01-MG;;;
653394;05/01/2025;domingo;19:55:00;MG;116;498,5;INHAPIM;Transitar na contram�o;Colis�o frontal;Com V�timas Feridas;Plena Noite;Decrescente;Nublado;Simples;"Reta;Viaduto";N�o;5;0;4;1;0;0;5;2;-19,54476495;-42,12568405;SPRF-MG;DEL06-MG;UOP02-DEL06-MG;;;
653395;05/01/2025;domingo;21:00:00;PR;277;650;MATELANDIA;Aus�ncia de rea��o do condutor;Sa�da de leito carro��vel;Sem V�timas;Plena Noite;Crescente;C�u Claro;Simples;Reta;N�o;1;0;0;0;0;1;0;1;-25,19035881;-53,93738222;SPRF-PR;DEL05-PR;UOP02-DEL05-PR;;;
653396;05/01/2025;domingo;17:10:00;MT;174;338;CONQUISTA DOESTE;Velocidade Incompat�vel;Sa�da de leito carro��vel;Com V�timas Feridas;Pleno dia;Decrescente;Garoa/Chuvisco;Simples;"Reta;Aclive";N�o;4;0;4;0;0;0;4;1;-14,81735399;-59,32239281;SPRF-MT;DEL04-MT;UOP01-DEL04-MT;;;
653397;05/01/2025;domingo;21:15:00;RJ;393;281,3;VOLTA REDONDA;Velocidade Incompat�vel;Tombamento;Com V�timas Feridas;Plena Noite;Decrescente;Nublado;Simples;Curva;N�o;1;0;1;0;0;0;1;1;-22,48025569;-44,02974901;SPRF-RJ;DEL05-RJ;UOP04-DEL05-RJ;;;
653399;05/01/2025;domingo;17:45:00;PI;316;313;PICOS;�rea urbana sem a presen�a de local apropriado para a travessia de pedestres;Atropelamento de Pedestre;Com V�timas Feridas;Anoitecer;Crescente;Nublado;Simples;Reta;N�o;3;0;0;1;1;1;1;2;-7,07959049;-41,44975182;SPRF-PI;DEL04-PI;UOP01-DEL04-PI;;;
653400;05/01/2025;domingo;21:30:00;PR;277;124;CAMPO LARGO;Pedestre cruzava a pista fora da faixa;Atropelamento de Pedestre;Com V�timas Fatais;Plena Noite;Decrescente;Ignorado;Dupla;Reta;Sim;2;1;0;0;1;0;0;2;-25,43508097;-49,5220664;SPRF-PR;DEL03-PR;UOP03-DEL03-PR;;;
653401;05/01/2025;domingo;20:38:00;GO;40;35;LUZIANIA;Convers�o proibida;Colis�o transversal;Com V�timas Feridas;Plena Noite;Crescente;C�u Claro;Dupla;Reta;Sim;4;0;2;1;1;0;3;2;-16,316414;-47,841304;SPRF-DF;DEL01-DF;UOP01-DEL01-DF;;;
653403;05/01/2025;domingo;19:00:00;RJ;465;6;SEROPEDICA;Acessar a via sem observar a presen�a dos outros ve�culos;Colis�o transversal;Com V�timas Feridas;Plena Noite;Crescente;C�u Claro;Simples;Reta;Sim;2;0;2;0;0;0;2;2;-22,754314;-43,692879;SPRF-RJ;DEL06-RJ;UOP02-DEL06-RJ;;;
653405;05/01/2025;domingo;21:45:00;GO;60;101,4;ANAPOLIS;Suic�dio (presumido);Atropelamento de Pedestre;Com V�timas Feridas;Plena Noite;Decrescente;C�u Claro;Dupla;Reta;Sim;5;0;1;1;0;3;2;3;-16,4022;-48,9745;SPRF-GO;DEL02-GO;UOP01-DEL02-GO;;;
653406;05/01/2025;domingo;21:40:00;PR;163;8;BARRACAO;Acessar a via sem observar a presen�a dos outros ve�culos;Colis�o transversal;Com V�timas Feridas;Plena Noite;Crescente;Ignorado;Dupla;Reta;Sim;2;0;0;1;1;0;1;2;-26,25066;-53,635523;SPRF-PR;DEL02-PR;UOP02-DEL02-PR;;;
653407;05/01/2025;domingo;20:40:00;ES;101;256,2;SERRA;Acessar a via sem observar a presen�a dos outros ve�culos;Capotamento;Com V�timas Feridas;Plena Noite;Decrescente;Chuva;M�ltipla;Reta;Sim;1;0;0;1;0;0;1;1;-20,119123;-40,311005;SPRF-ES;DEL02-ES;UOP01-DEL02-ES;;;
653408;05/01/2025;domingo;21:30:00;BA;101;692,6;EUNAPOLIS;Velocidade Incompat�vel;Capotamento;Com V�timas Feridas;Plena Noite;Crescente;C�u Claro;Simples;Curva;N�o;4;0;2;0;2;0;2;1;-16,18733831;-39,60649967;SPRF-BA;DEL09-BA;UOP03-DEL09-BA;;;
653409;05/01/2025;domingo;17:05:00;MG;381;768,9;CAMPANHA;Velocidade Incompat�vel;Sa�da de leito carro��vel;Com V�timas Feridas;Pleno dia;Decrescente;Sol;Dupla;"Declive;Reta";N�o;2;0;2;0;0;0;2;1;-21,77370307;-45,42761992;SPRF-MG;DEL16-MG;UOP02-DEL16-MG;;;
653410;05/01/2025;domingo;22:30:00;RS;290;91,7;PORTO ALEGRE;Ingest�o de �lcool pelo condutor;Capotamento;Sem V�timas;Plena Noite;Decrescente;C�u Claro;Simples;Curva;N�o;1;0;0;0;1;0;0;1;-29,97152316;-51,17427886;SPRF-RS;DEL01-RS;UOP01-DEL01-RS;;;
653411;05/01/2025;domingo;20:30:00;SP;116;69;APARECIDA;Entrada inopinada do pedestre;Atropelamento de Pedestre;Com V�timas Feridas;Plena Noite;Decrescente;Nublado;Dupla;Reta;N�o;3;0;0;2;0;1;2;2;-22,84017188;-45,22364349;SPRF-SP;DEL08-SP;UOP01-DEL08-SP;;;
653413;05/01/2025;domingo;22:40:00;RS;116;465,3;SAO LOURENCO DO SUL;Defici�ncia do Sistema de Ilumina��o/Sinaliza��o;Colis�o traseira;Com V�timas Fatais;Plena Noite;Crescente;C�u Claro;Dupla;Reta;N�o;3;1;0;1;1;0;1;2;-31,322943;-52,031993;SPRF-RS;DEL07-RS;UOP01-DEL07-RS;;;
653414;05/01/2025;domingo;22:50:00;RJ;116;181;NOVA IGUACU;Ingest�o de �lcool pelo condutor;Colis�o com objeto;Sem V�timas;Plena Noite;Crescente;Garoa/Chuvisco;M�ltipla;Reta;Sim;1;0;0;0;1;0;0;1;-22,761312;-43,423492;SPRF-RJ;DEL06-RJ;UOP01-DEL06-RJ;;;
653415;05/01/2025;domingo;22:48:00;ES;101;263;SERRA;Manobra de mudan�a de faixa;Colis�o lateral mesmo sentido;Com V�timas Feridas;Plena Noite;Crescente;Nublado;Dupla;Reta;Sim;4;0;3;0;1;0;3;2;-20,16554736;-40,27301648;SPRF-ES;DEL02-ES;UOP01-DEL02-ES;;;
653416;05/01/2025;domingo;22:30:00;MG;50;176;UBERABA;Rea��o tardia ou ineficiente do condutor;Colis�o com objeto;Sem V�timas;Plena Noite;Crescente;C�u Claro;Dupla;Reta;Sim;1;0;0;0;0;1;0;1;-19,77919981;-47,960032;SPRF-MG;DEL13-MG;UOP01-DEL13-MG;;;
653417;05/01/2025;domingo;21:40:00;SP;459;15;PIQUETE;Acessar a via sem observar a presen�a dos outros ve�culos;Colis�o transversal;Com V�timas Feridas;Plena Noite;Decrescente;C�u Claro;Simples;"Interse��o de Vias;Curva";N�o;3;0;1;1;1;0;2;2;-22,60604786;-45,17570615;SPRF-SP;DEL08-SP;UOP02-DEL08-SP;;;
653418;06/01/2025;segunda-feira;00:10:00;GO;60;90;ANAPOLIS;Aus�ncia de rea��o do condutor;Colis�o com objeto;Sem V�timas;Plena Noite;Decrescente;C�u Claro;Dupla;Reta;Sim;1;0;0;0;1;0;0;1;-16,3427;-48,9019;SPRF-GO;DEL02-GO;UOP01-DEL02-GO;;;
653420;06/01/2025;segunda-feira;00:10:00;RJ;116;178;BELFORD ROXO;Aus�ncia de rea��o do condutor;Queda de ocupante de ve�culo;Com V�timas Feridas;Plena Noite;Decrescente;C�u Claro;Simples;Reta;N�o;1;0;1;0;0;0;1;1;-22,77496393;-43,40081465;SPRF-RJ;DEL06-RJ;UOP01-DEL06-RJ;;;
653422;06/01/2025;segunda-feira;00:30:00;SP;116;219,7;GUARULHOS;Rea��o tardia ou ineficiente do condutor;Tombamento;Com V�timas Feridas;Plena Noite;Crescente;Nublado;M�ltipla;"Desvio Tempor�rio;Reta;Em Obras";Sim;1;0;1;0;0;0;1;1;-23,464006;-46,497125;SPRF-SP;DEL01-SP;UOP01-DEL01-SP;;;
653423;05/01/2025;domingo;23:20:00;MA;230;12;BARAO DE GRAJAU;Animais na Pista;Atropelamento de Animal;Com V�timas Feridas;Plena Noite;Decrescente;C�u Claro;Simples;"Reta;Viaduto";N�o;1;0;0;1;0;0;1;1;-6,72235987;-43,10918195;SPRF-PI;DEL03-PI;UOP01-DEL03-PI;;;
653425;06/01/2025;segunda-feira;01:00:00;MG;40;523;CONTAGEM;Ingest�o de �lcool pelo condutor;Sa�da de leito carro��vel;Sem V�timas;Plena Noite;Decrescente;Garoa/Chuvisco;Dupla;Reta;Sim;1;0;0;0;1;0;0;1;-19,86874894;-44,05962197;SPRF-MG;DEL01-MG;UOP02-DEL01-MG;;;
653426;06/01/2025;segunda-feira;00:30:00;RJ;40;79;PETROPOLIS;Rea��o tardia ou ineficiente do condutor;Capotamento;Com V�timas Feridas;Plena Noite;Crescente;Nublado;Dupla;"Declive;Curva";Sim;3;0;2;0;1;0;2;1;-22,49130098;-43,22294163;SPRF-RJ;DEL01-RJ;UOP01-DEL01-RJ;;;
653427;05/01/2025;domingo;23:45:00;RJ;101;297;ITABORAI;Transtornos Mentais (exceto suicidio);Colis�o traseira;Sem V�timas;Plena Noite;Decrescente;C�u Claro;Dupla;Reta;Sim;2;0;0;0;2;0;0;2;-22,76942037;-42,91873581;SPRF-RJ;DEL02-RJ;UOP02-DEL02-RJ;;;
653428;05/01/2025;domingo;21:30:00;SC;282;325;CAMPOS NOVOS;Acessar a via sem observar a presen�a dos outros ve�culos;Colis�o lateral mesmo sentido;Com V�timas Feridas;Plena Noite;Decrescente;C�u Claro;Simples;"Reta;Declive";N�o;2;0;1;0;1;0;1;2;-27,380039;-51,061966;SPRF-SC;DEL07-SC;UOP06-DEL07-SC;;;
653429;06/01/2025;segunda-feira;03:30:00;PR;277;39;MORRETES;Curva acentuada;Colis�o com objeto;Com V�timas Feridas;Plena Noite;Crescente;Garoa/Chuvisco;Dupla;Curva;N�o;3;0;3;0;0;0;3;1;-25,571233;-48,817137;SPRF-PR;DEL01-PR;UOP05-DEL01-PR;;;
653431;06/01/2025;segunda-feira;03:10:00;RS;290;222,1;PANTANO GRANDE;Aus�ncia de rea��o do condutor;Sa�da de leito carro��vel;Com V�timas Feridas;Plena Noite;Crescente;C�u Claro;Dupla;Em Obras;N�o;5;0;2;1;2;0;3;1;-30,20255876;-52,44958878;SPRF-RS;DEL02-RS;UOP03-DEL02-RS;;;
653432;06/01/2025;segunda-feira;03:53:00;RS;470;255;SALVADOR DO SUL;Rea��o tardia ou ineficiente do condutor;Sa�da de leito carro��vel;Com V�timas Feridas;Amanhecer;Crescente;C�u Claro;Simples;Reta;N�o;1;0;0;1;0;0;1;1;-29,40822071;-51,51590208;SPRF-RS;DEL06-RS;UOP01-DEL06-RS;;;
653434;06/01/2025;segunda-feira;05:10:00;PR;376;626,9;SAO JOSE DOS PINHAIS;Condutor Dormindo;Sa�da de leito carro��vel;Com V�timas Feridas;Plena Noite;Decrescente;Nublado;Dupla;Reta;N�o;4;0;1;0;3;0;1;1;-25,684137;-49,1476;SPRF-PR;DEL01-PR;UOP04-DEL01-PR;;;
653436;06/01/2025;segunda-feira;05:00:00;BA;407;33,8;JUAZEIRO;Aus�ncia de rea��o do condutor;Sa�da de leito carro��vel;Com V�timas Feridas;Amanhecer;Crescente;C�u Claro;Simples;Reta;N�o;4;0;1;3;0;0;4;1;-9,67462089;-40,38279663;SPRF-BA;DEL04-BA;UOP01-DEL04-BA;;;
653437;06/01/2025;segunda-feira;05:30:00;SC;282;528;XAXIM;Rea��o tardia ou ineficiente do condutor;Capotamento;Com V�timas Feridas;Amanhecer;Crescente;C�u Claro;Simples;Curva;N�o;1;0;1;0;0;0;1;1;-26,978798;-52,588566;SPRF-SC;DEL07-SC;UOP01-DEL07-SC;;;
653438;05/01/2025;domingo;20:30:00;MG;381;430;SABARA;Acumulo de �gua sobre o pavimento;Colis�o frontal;Com V�timas Feridas;Plena Noite;Decrescente;Chuva;Simples;Curva;N�o;3;0;2;0;1;0;2;2;-19,78496805;-43,72311799;SPRF-MG;DEL01-MG;UOP01-DEL01-MG;;;
653439;06/01/2025;segunda-feira;06:27:00;RJ;101;282,9;TANGUA;Acumulo de areia ou detritos sobre o pavimento;Queda de ocupante de ve�culo;Com V�timas Feridas;Pleno dia;Decrescente;Sol;Dupla;Curva;Sim;1;0;1;0;0;0;1;1;-22,7371391;-42,79664601;SPRF-RJ;DEL02-RJ;UOP02-DEL02-RJ;;;
653440;05/01/2025;domingo;08:00:00;MT;70;50;BARRA DO GARCAS;Acumulo de �gua sobre o pavimento;Capotamento;Sem V�timas;Plena Noite;Crescente;Chuva;Simples;Curva;N�o;1;0;0;0;1;0;0;1;-15,72778402;-52,61820889;SPRF-MT;DEL07-MT;UOP01-DEL07-MT;;;
653442;06/01/2025;segunda-feira;02:00:00;PR;376;513,5;PONTA GROSSA;Condutor Dormindo;Colis�o com objeto;Com V�timas Feridas;Plena Noite;Decrescente;Nublado;Dupla;"Aclive;Curva";N�o;2;0;0;2;0;0;2;1;-25,26431795;-49,97260494;SPRF-PR;DEL03-PR;UOP04-DEL03-PR;;;
653443;06/01/2025;segunda-feira;07:00:00;GO;153;619;MORRINHOS;Ingest�o de �lcool pelo condutor;Sa�da de leito carro��vel;Sem V�timas;Pleno dia;Crescente;Chuva;Dupla;Reta;N�o;1;0;0;0;1;0;0;1;-17,7129;-49,1549;SPRF-GO;DEL03-GO;UOP01-DEL03-GO;;;
653444;06/01/2025;segunda-feira;06:45:00;MG;50;21;UBERLANDIA;Aus�ncia de rea��o do condutor;Colis�o lateral mesmo sentido;Com V�timas Feridas;Pleno dia;Crescente;Nublado;Dupla;"Declive;Reta";Sim;6;0;2;0;4;0;2;2;-18,9113;-48,2622;SPRF-MG;DEL15-MG;UOP01-DEL15-MG;;;