id;data_inversa;dia_semana;horario;uf;br;km;municipio;causa_acidente;tipo_acidente;classificacao_acidente;fase_dia;sentido_via;condicao_metereologica;tipo_pista;tracado_via;uso_solo;pessoas;mortos;feridos_leves;feridos_graves;ilesos;ignorados;feridos;veiculos;latitude;longitude;regional;delegacia;uop;;;
653445;06/01/2025;segunda-feira;07:20:00;PR;116;125,7;FAZENDA RIO GRANDE;Demais falhas mec�nicas ou el�tricas;Colis�o lateral mesmo sentido;Com V�timas Feridas;Pleno dia;Decrescente;C�u Claro;Dupla;Reta;Sim;2;0;1;0;1;0;1;2;-25,60389895;-49,31824423;SPRF-PR;DEL01-PR;UOP03-DEL01-PR;;;
653446;06/01/2025;segunda-feira;07:45:00;PR;376;617;SAO JOSE DOS PINHAIS;Acessar a via sem observar a presen�a dos outros ve�culos;Colis�o frontal;Com V�timas Feridas;Pleno dia;Decrescente;C�u Claro;Dupla;"Declive;Curva";N�o;3;0;2;0;0;1;2;2;-25,58426494;-49,17618795;SPRF-PR;DEL01-PR;UOP04-DEL01-PR;;;
653447;06/01/2025;segunda-feira;07:40:00;RS;386;344,6;LAJEADO;Acessar a via sem observar a presen�a dos outros ve�culos;Colis�o transversal;Com V�timas Feridas;Pleno dia;Crescente;C�u Claro;Dupla;Reta;Sim;2;0;1;1;0;0;2;2;-29,439268;-51,993633;SPRF-RS;DEL04-RS;UOP01-DEL04-RS;;;
653448;06/01/2025;segunda-feira;06:40:00;MT;163;751;SORRISO;Acessar a via sem observar a presen�a dos outros ve�culos;Colis�o transversal;Com V�timas Feridas;Pleno dia;Crescente;Nublado;Dupla;Reta;Sim;2;0;1;0;1;0;1;2;-12,66324288;-55,79151748;SPRF-MT;DEL06-MT;UOP01-DEL06-MT;;;
653449;05/01/2025;domingo;19:40:00;RJ;101;511;ANGRA DOS REIS;Ingest�o de �lcool pelo condutor;Colis�o transversal;Com V�timas Feridas;Plena Noite;Decrescente;Nublado;Simples;Reta;Sim;2;0;0;1;1;0;1;2;-22,9609111;-44,4382966;SPRF-RJ;DEL03-RJ;UOP03-DEL03-RJ;;;
653450;06/01/2025;segunda-feira;07:30:00;SP;116;111,6;TAUBATE;Rea��o tardia ou ineficiente do condutor;Colis�o traseira;Com V�timas Feridas;Pleno dia;Crescente;C�u Claro;Dupla;Reta;Sim;2;0;1;0;1;0;1;2;-23,03887149;-45,56097419;SPRF-SP;DEL02-SP;UOP02-DEL02-SP;;;
653451;06/01/2025;segunda-feira;06:10:00;MG;262;70,3;MATIPO;Aus�ncia de rea��o do condutor;Colis�o frontal;Com V�timas Feridas;Pleno dia;Crescente;Nublado;Simples;Reta;N�o;4;0;2;1;1;0;3;2;-20,30858941;-42,29618793;SPRF-MG;DEL06-MG;UOP03-DEL06-MG;;;
653452;06/01/2025;segunda-feira;07:00:00;MG;116;411;GOVERNADOR VALADARES;Acessar a via sem observar a presen�a dos outros ve�culos;Colis�o transversal;Com V�timas Feridas;Pleno dia;Crescente;C�u Claro;M�ltipla;Reta;Sim;2;0;0;1;1;0;1;2;-18,86244705;-41,97405237;SPRF-MG;DEL06-MG;UOP01-DEL06-MG;;;
653455;06/01/2025;segunda-feira;07:45:00;ES;101;145,5;LINHARES;Velocidade Incompat�vel;Colis�o traseira;Com V�timas Feridas;Pleno dia;Crescente;C�u Claro;Dupla;Reta;Sim;2;0;1;0;1;0;1;2;-19,36089598;-40,06464018;SPRF-ES;DEL04-ES;UOP01-DEL04-ES;;;
653456;06/01/2025;segunda-feira;06:30:00;RJ;101;477;ANGRA DOS REIS;Velocidade Incompat�vel;Colis�o lateral mesmo sentido;Com V�timas Feridas;Pleno dia;Decrescente;C�u Claro;Simples;Reta;N�o;1;0;1;0;0;0;1;1;-22,99820396;-44,26554599;SPRF-RJ;DEL03-RJ;UOP03-DEL03-RJ;;;
653457;06/01/2025;segunda-feira;08:00:00;PR;277;21,6;MORRETES;Avarias e/ou desgaste excessivo no pneu;Tombamento;Com V�timas Feridas;Pleno dia;Crescente;Nublado;Dupla;Reta;N�o;2;0;2;0;0;0;2;1;-25,529522;-48,722518;SPRF-PR;DEL01-PR;UOP05-DEL01-PR;;;
653458;06/01/2025;segunda-feira;08:20:00;RS;290;80;GRAVATAI;Manobra de mudan�a de faixa;Colis�o traseira;Sem V�timas;Pleno dia;Crescente;C�u Claro;Dupla;Reta;Sim;2;0;0;0;2;0;0;2;-29,95400125;-51,06362983;SPRF-RS;DEL01-RS;UOP01-DEL01-RS;;;
653459;06/01/2025;segunda-feira;06:00:00;RJ;40;119;DUQUE DE CAXIAS;Aus�ncia de rea��o do condutor;Colis�o com objeto;Com V�timas Feridas;Pleno dia;Decrescente;C�u Claro;M�ltipla;Reta;Sim;1;0;1;0;0;0;1;1;-22,76375592;-43,28683062;SPRF-RJ;DEL01-RJ;UOP02-DEL01-RJ;;;
653460;06/01/2025;segunda-feira;08:10:00;RS;290;86;PORTO ALEGRE;Condutor deixou de manter dist�ncia do ve�culo da frente;Colis�o traseira;Sem V�timas;Pleno dia;Crescente;C�u Claro;M�ltipla;Reta;N�o;2;0;0;0;2;0;0;2;-29,96787327;-51,12067223;SPRF-RS;DEL01-RS;UOP01-DEL01-RS;;;
653461;06/01/2025;segunda-feira;08:40:00;SC;101;118;ITAJAI;Trafegar com motocicleta (ou similar) entre as faixas;Colis�o traseira;Com V�timas Feridas;Pleno dia;Crescente;C�u Claro;Dupla;Reta;Sim;2;0;1;0;1;0;1;2;-26,895859;-48,71903;SPRF-SC;DEL04-SC;UOP04-DEL04-SC;;;
653462;06/01/2025;segunda-feira;06:55:00;GO;153;328,9;RIANAPOLIS;Rea��o tardia ou ineficiente do condutor;Sa�da de leito carro��vel;Com V�timas Feridas;Amanhecer;Crescente;Chuva;Simples;Curva;N�o;1;0;1;0;0;0;1;1;-15,512035;-49,473373;SPRF-GO;DEL02-GO;UOP02-DEL02-GO;;;
653463;06/01/2025;segunda-feira;08:30:00;GO;153;513,5;APARECIDA DE GOIANIA;Ingest�o de �lcool pelo condutor;Colis�o transversal;Com V�timas Feridas;Pleno dia;Decrescente;C�u Claro;Simples;"Reta;Viaduto";Sim;2;0;1;0;1;0;1;2;-16,8244;-49,2421;SPRF-GO;DEL01-GO;UOP03-DEL01-GO;;;
653464;06/01/2025;segunda-feira;08:00:00;SP;381;63,8;MAIRIPORA;Rea��o tardia ou ineficiente do condutor;Tombamento;Com V�timas Feridas;Pleno dia;Crescente;Sol;Dupla;"Declive;Reta";N�o;1;0;1;0;0;0;1;1;-23,302805;-46,572767;SPRF-SP;DEL03-SP;UOP01-DEL03-SP;;;
653465;06/01/2025;segunda-feira;08:30:00;BA;415;31;ILHEUS;Manobra de mudan�a de faixa;Colis�o lateral mesmo sentido;Com V�timas Feridas;Pleno dia;Crescente;C�u Claro;Dupla;Reta;N�o;3;0;2;0;1;0;2;2;-14,8482;-39,281986;SPRF-BA;DEL05-BA;UOP01-DEL05-BA;;;
653466;06/01/2025;segunda-feira;08:08:00;MS;267;482,1;JARDIM;Aus�ncia de rea��o do condutor;Colis�o traseira;Com V�timas Feridas;Pleno dia;Crescente;Sol;Simples;Reta;Sim;2;0;1;0;1;0;1;2;-21,48269265;-56,14929914;SPRF-MS;DEL05-MS;UOP01-DEL05-MS;;;
653467;06/01/2025;segunda-feira;09:00:00;SC;101;119;ITAJAI;Rea��o tardia ou ineficiente do condutor;Colis�o traseira;Com V�timas Feridas;Pleno dia;Decrescente;Nublado;M�ltipla;Reta;Sim;2;0;1;0;0;1;1;2;-26,9043179;-48,71555481;SPRF-SC;DEL04-SC;UOP04-DEL04-SC;;;
653469;06/01/2025;segunda-feira;08:00:00;RS;290;376,8;VILA NOVA DO SUL;Rea��o tardia ou ineficiente do condutor;Colis�o traseira;Com V�timas Feridas;Pleno dia;Decrescente;C�u Claro;Simples;"Reta;Aclive";N�o;7;0;0;1;6;0;1;3;-30,339338;-53,87907;SPRF-RS;DEL09-RS;UOP02-DEL09-RS;;;
653473;06/01/2025;segunda-feira;08:57:00;BA;324;610;SIMOES FILHO;Condutor deixou de manter dist�ncia do ve�culo da frente;Colis�o traseira;Com V�timas Feridas;Pleno dia;Crescente;C�u Claro;Dupla;Reta;N�o;3;0;2;0;1;0;2;2;-12,82931703;-38,41113193;SPRF-BA;DEL01-BA;UOP01-DEL01-BA;;;
653474;06/01/2025;segunda-feira;09:30:00;GO;70;320;JUSSARA;Retorno proibido;Colis�o transversal;Com V�timas Feridas;Pleno dia;Decrescente;Nublado;Dupla;"Declive;Curva;Interse��o de Vias";Sim;2;0;1;0;1;0;1;2;-15,87788149;-50,8864881;SPRF-GO;DEL04-GO;UOP02-DEL04-GO;;;
653477;06/01/2025;segunda-feira;10:40:00;SC;101;205,7;SAO JOSE;Rea��o tardia ou ineficiente do condutor;Colis�o traseira;Com V�timas Feridas;Pleno dia;Decrescente;C�u Claro;M�ltipla;Reta;Sim;3;0;1;0;2;0;1;3;-27,58313237;-48,61532885;SPRF-SC;DEL01-SC;UOP01-DEL01-SC;;;
653480;06/01/2025;segunda-feira;11:10:00;PE;101;60;RECIFE;Animais na Pista;Queda de ocupante de ve�culo;Com V�timas Feridas;Pleno dia;Decrescente;Sol;Dupla;Reta;Sim;2;0;2;0;0;0;2;1;-7,98344307;-34,93176727;SPRF-PE;DEL01-PE;UOP02-DEL01-PE;;;
653481;06/01/2025;segunda-feira;10:10:00;RS;386;294,4;POUSO NOVO;Mal s�bito do condutor;Sa�da de leito carro��vel;Com V�timas Feridas;Pleno dia;Crescente;C�u Claro;Simples;Curva;N�o;9;0;2;0;7;0;2;1;-29,121178;-52,248886;SPRF-RS;DEL04-RS;UOP01-DEL04-RS;;;
653483;06/01/2025;segunda-feira;11:30:00;MG;262;358;BETIM;Velocidade Incompat�vel;Sa�da de leito carro��vel;Com V�timas Feridas;Pleno dia;Crescente;Sol;Dupla;Curva;Sim;1;0;0;1;0;0;1;1;-19,98302866;-44,24503326;SPRF-MG;DEL01-MG;UOP03-DEL01-MG;;;
653484;06/01/2025;segunda-feira;09:30:00;GO;20;108,7;FLORES DE GOIAS;Demais falhas mec�nicas ou el�tricas;Inc�ndio;Sem V�timas;Pleno dia;Decrescente;C�u Claro;Simples;Reta;N�o;1;0;0;0;1;0;0;1;-14,908743;-46,931419;SPRF-DF;DEL02-DF;UOP03-DEL02-DF;;;
653485;06/01/2025;segunda-feira;08:30:00;BA;101;273;LAJE;Aus�ncia de rea��o do condutor;Engavetamento;Sem V�timas;Pleno dia;Decrescente;C�u Claro;Simples;Aclive;N�o;3;0;0;0;3;0;0;3;-13,173819;-39,317437;SPRF-BA;DEL01-BA;UOP02-DEL01-BA;;;
653486;06/01/2025;segunda-feira;11:29:00;PE;104;76,9;CARUARU;Condutor deixou de manter dist�ncia do ve�culo da frente;Colis�o traseira;Sem V�timas;Pleno dia;Crescente;C�u Claro;Simples;Interse��o de Vias;N�o;2;0;0;0;2;0;0;2;-8,367286;-35,985153;SPRF-PE;DEL02-PE;UOP01-DEL02-PE;;;
653491;06/01/2025;segunda-feira;12:10:00;SC;101;209,8;SAO JOSE;Rea��o tardia ou ineficiente do condutor;Tombamento;Com V�timas Feridas;Pleno dia;Crescente;C�u Claro;Dupla;Reta;Sim;1;0;1;0;0;0;1;1;-27,61000542;-48,63895057;SPRF-SC;DEL01-SC;UOP01-DEL01-SC;;;
653494;06/01/2025;segunda-feira;11:50:00;PI;316;395;FRANCISCO MACEDO;Condutor deixou de manter dist�ncia do ve�culo da frente;Colis�o traseira;Com V�timas Feridas;Pleno dia;Decrescente;Chuva;Simples;Reta;N�o;2;0;1;0;1;0;1;2;-7,31406115;-40,8024662;SPRF-PI;DEL04-PI;UOP03-DEL04-PI;;;
653495;06/01/2025;segunda-feira;13:00:00;RJ;101;114;CAMPOS DOS GOYTACAZES;Demais falhas mec�nicas ou el�tricas;Colis�o com objeto;Com V�timas Feridas;Pleno dia;Crescente;C�u Claro;Dupla;Curva;N�o;2;0;1;1;0;0;2;1;-21,98517176;-41,66261143;SPRF-RJ;DEL08-RJ;UOP02-DEL08-RJ;;;
653498;06/01/2025;segunda-feira;12:40:00;SC;101;114,3;ITAJAI;Manobra de mudan�a de faixa;Colis�o traseira;Com V�timas Feridas;Pleno dia;Decrescente;C�u Claro;Simples;Reta;Sim;2;0;1;0;1;0;1;2;-26,85311393;-48,72689927;SPRF-SC;DEL04-SC;UOP04-DEL04-SC;;;
653500;06/01/2025;segunda-feira;13:00:00;PR;277;1,5;PARANAGUA;Rea��o tardia ou ineficiente do condutor;Tombamento;Com V�timas Feridas;Pleno dia;Crescente;Nublado;Simples;Reta;Sim;1;0;1;0;0;0;1;1;-25,510023;-48,5310512;SPRF-PR;DEL01-PR;UOP05-DEL01-PR;;;
653504;06/01/2025;segunda-feira;12:39:00;PI;316;1;TERESINA;Aus�ncia de rea��o do condutor;Colis�o traseira;Com V�timas Feridas;Pleno dia;Decrescente;C�u Claro;M�ltipla;Reta;Sim;3;0;1;0;2;0;1;3;-5,12861853;-42,80706778;SPRF-PI;DEL01-PI;UOP02-DEL01-PI;;;
653506;06/01/2025;segunda-feira;09:50:00;RJ;40;121;DUQUE DE CAXIAS;Ultrapassagem Indevida;Colis�o lateral mesmo sentido;Com V�timas Feridas;Pleno dia;Crescente;C�u Claro;Simples;"Curva;Viaduto";N�o;3;0;2;0;1;0;2;2;-22,78185499;-43,28571273;SPRF-RJ;DEL01-RJ;UOP02-DEL01-RJ;;;
653507;06/01/2025;segunda-feira;13:40:00;SC;280;52;GUARAMIRIM;Desrespeitar a prefer�ncia no cruzamento;Colis�o transversal;Com V�timas Feridas;Pleno dia;Decrescente;Nublado;Simples;"Viaduto;Rotat�ria;Retorno Regulamentado";N�o;3;0;2;0;1;0;2;2;-26,468904;-48,96492;SPRF-SC;DEL03-SC;UOP03-DEL03-SC;;;
653508;06/01/2025;segunda-feira;10:50:00;BA;116;395;SANTA BARBARA;Avarias e/ou desgaste excessivo no pneu;Capotamento;Com V�timas Feridas;Pleno dia;Crescente;C�u Claro;Dupla;Reta;N�o;3;0;1;1;1;0;2;1;-11,97439801;-38,97240143;SPRF-BA;DEL02-BA;UOP01-DEL02-BA;;;
653513;06/01/2025;segunda-feira;11:15:00;SP;153;191,9;GETULINA;Rea��o tardia ou ineficiente do condutor;Sa�da de leito carro��vel;Com V�timas Feridas;Pleno dia;Crescente;C�u Claro;Simples;Reta;N�o;1;0;1;0;0;0;1;1;-21,7498596;-49,86578427;SPRF-SP;DEL07-SP;UOP01-DEL07-SP;;;
653514;06/01/2025;segunda-feira;13:40:00;MG;116;519,2;CARATINGA;Avarias e/ou desgaste excessivo no pneu;Tombamento;Com V�timas Feridas;Pleno dia;Crescente;C�u Claro;Simples;Reta;N�o;2;0;1;1;0;0;2;1;-19,71798497;-42,12830605;SPRF-MG;DEL06-MG;UOP02-DEL06-MG;;;
653518;06/01/2025;segunda-feira;13:00:00;RJ;101;285;ITABORAI;Rea��o tardia ou ineficiente do condutor;Colis�o traseira;Com V�timas Feridas;Pleno dia;Crescente;C�u Claro;Dupla;Reta;N�o;4;0;1;0;3;0;1;3;-22,7498742;-42,81644087;SPRF-RJ;DEL02-RJ;UOP02-DEL02-RJ;;;
653519;06/01/2025;segunda-feira;13:50:00;SP;116;106,3;TAUBATE;Manobra de mudan�a de faixa;Colis�o lateral mesmo sentido;Com V�timas Feridas;Pleno dia;Crescente;Nublado;Dupla;Reta;N�o;2;0;1;0;1;0;1;2;-23,01250593;-45,52256005;SPRF-SP;DEL02-SP;UOP02-DEL02-SP;;;
653522;06/01/2025;segunda-feira;11:45:00;RJ;101;311;SAO GONCALO;Aus�ncia de rea��o do condutor;Tombamento;Com V�timas Feridas;Pleno dia;Decrescente;C�u Claro;Dupla;Reta;Sim;1;0;1;0;0;0;1;1;-22,80062246;-43,05318779;SPRF-RJ;DEL02-RJ;UOP02-DEL02-RJ;;;
653523;06/01/2025;segunda-feira;12:05:00;MS;436;7,3;APARECIDA DO TABOADO;Velocidade Incompat�vel;Colis�o com objeto;Com V�timas Feridas;Pleno dia;Crescente;C�u Claro;Simples;Rotat�ria;N�o;1;0;1;0;0;0;1;1;-20,087124;-51,09403;SPRF-MS;DEL08-MS;UOP01-DEL08-MS;;;
653524;06/01/2025;segunda-feira;13:20:00;MG;381;543,9;ITATIAIUCU;Velocidade Incompat�vel;Sa�da de leito carro��vel;Com V�timas Feridas;Pleno dia;Decrescente;Chuva;Dupla;"Curva;Declive";N�o;3;0;1;1;1;0;2;1;-20,27336801;-44,42585498;SPRF-MG;DEL04-MG;UOP03-DEL04-MG;;;
653525;06/01/2025;segunda-feira;14:40:00;GO;60;360;RIO VERDE;Acumulo de �gua sobre o pavimento;Sa�da de leito carro��vel;Com V�timas Feridas;Pleno dia;Crescente;Chuva;Dupla;Reta;N�o;2;0;2;0;0;0;2;1;-17,6276;-50,7675;SPRF-GO;DEL04-GO;UOP02-DEL04-GO;;;
653527;06/01/2025;segunda-feira;14:45:00;SP;116;154,1;SAO JOSE DOS CAMPOS;Trafegar com motocicleta (ou similar) entre as faixas;Colis�o lateral mesmo sentido;Com V�timas Feridas;Pleno dia;Decrescente;Sol;Dupla;Reta;Sim;2;0;0;1;1;0;1;2;-23,23903999;-45,92061901;SPRF-SP;DEL02-SP;UOP01-DEL02-SP;;;
653531;06/01/2025;segunda-feira;14:58:00;PE;232;443;SAO JOSE DO BELMONTE;Rea��o tardia ou ineficiente do condutor;Colis�o lateral sentido oposto;Com V�timas Feridas;Pleno dia;Decrescente;C�u Claro;Simples;"Aclive;Reta";N�o;9;0;2;0;7;0;2;3;-8,01087223;-38,58501511;SPRF-PE;DEL04-PE;UOP01-DEL04-PE;;;
653532;06/01/2025;segunda-feira;16:00:00;PB;230;26,5;JOAO PESSOA;Condutor deixou de manter dist�ncia do ve�culo da frente;Colis�o traseira;Com V�timas Feridas;Pleno dia;Decrescente;C�u Claro;Dupla;Aclive;Sim;2;0;0;1;0;1;1;2;-7,1693;-34,8782;SPRF-PB;DEL01-PB;UOP01-DEL01-PB;;;
653535;06/01/2025;segunda-feira;08:30:00;BA;116;321;ARACI;Acessar a via sem observar a presen�a dos outros ve�culos;Colis�o transversal;Com V�timas Feridas;Pleno dia;Decrescente;C�u Claro;Simples;Rotat�ria;Sim;2;0;0;1;1;0;1;2;-11,339086;-38,95849;SPRF-BA;DEL02-BA;UOP01-DEL02-BA;;;
653536;06/01/2025;segunda-feira;16:05:00;SC;101;415,1;ARARANGUA;Manobra de mudan�a de faixa;Colis�o traseira;Com V�timas Feridas;Pleno dia;Decrescente;C�u Claro;Dupla;Curva;N�o;3;0;1;0;2;0;1;2;-28,96192931;-49,5220873;SPRF-SC;DEL02-SC;UOP02-DEL02-SC;;;
653538;06/01/2025;segunda-feira;16:20:00;SP;101;29;UBATUBA;Animais na Pista;Queda de ocupante de ve�culo;Com V�timas Feridas;Pleno dia;Decrescente;C�u Claro;Simples;Reta;N�o;2;0;1;0;0;1;1;2;-23,37341522;-44,96219491;SPRF-SP;DEL06-SP;UOP01-DEL06-SP;;;
653540;06/01/2025;segunda-feira;16:00:00;RJ;101;443;MANGARATIBA;Chuva;Colis�o traseira;Com V�timas Feridas;Pleno dia;Crescente;Chuva;Simples;Curva;N�o;5;0;3;1;1;0;4;2;-22,98107919;-44,08441596;SPRF-RJ;DEL03-RJ;UOP02-DEL03-RJ;;;
653541;06/01/2025;segunda-feira;16:40:00;SE;235;1,9;ARACAJU;Condutor deixou de manter dist�ncia do ve�culo da frente;Colis�o traseira;Com V�timas Feridas;Pleno dia;Crescente;C�u Claro;Dupla;Declive;N�o;2;0;1;0;1;0;1;2;-10,9073;-37,0947;SPRF-SE;DEL01-SE;UOP01-DEL01-SE;;;
653544;06/01/2025;segunda-feira;16:20:00;RS;290;68,4;GRAVATAI;Aus�ncia de rea��o do condutor;Tombamento;Com V�timas Feridas;Pleno dia;Crescente;Sol;Dupla;Reta;N�o;2;0;1;0;1;0;1;2;-29,943938;-50,940342;SPRF-RS;DEL03-RS;UOP01-DEL03-RS;;;
653545;06/01/2025;segunda-feira;17:20:00;PB;101;88;JOAO PESSOA;Condutor deixou de manter dist�ncia do ve�culo da frente;Colis�o traseira;Com V�timas Feridas;Pleno dia;Decrescente;C�u Claro;M�ltipla;Declive;Sim;2;0;1;0;1;0;1;2;-7,16470016;-34,89993643;SPRF-PB;DEL01-PB;UOP01-DEL01-PB;;;
653546;06/01/2025;segunda-feira;16:20:00;MS;163;486;CAMPO GRANDE;Demais falhas mec�nicas ou el�tricas;Tombamento;Com V�timas Feridas;Pleno dia;Crescente;C�u Claro;Simples;"Reta;Declive";N�o;2;0;2;0;0;0;2;1;-20,4336361;-54,54376745;SPRF-MS;DEL01-MS;UOP02-DEL01-MS;;;
653547;06/01/2025;segunda-feira;16:20:00;MG;116;373;FREI INOCENCIO;Entrada inopinada do pedestre;Atropelamento de Pedestre;Com V�timas Feridas;Pleno dia;Crescente;Nublado;Simples;"Reta;Retorno Regulamentado";Sim;3;0;0;2;1;0;2;2;-18,56390406;-41,90695775;SPRF-MG;DEL11-MG;UOP01-DEL11-MG;;;
653550;06/01/2025;segunda-feira;15:00:00;MG;365;399,9;PATOS DE MINAS;Pista Escorregadia;Sa�da de leito carro��vel;Com V�timas Feridas;Pleno dia;Decrescente;Chuva;Simples;Reta;N�o;2;0;2;0;0;0;2;1;-18,63130925;-46,41738594;SPRF-MG;DEL10-MG;UOP01-DEL10-MG;;;
653551;06/01/2025;segunda-feira;17:25:00;PB;230;83;CALDAS BRANDAO;Acessar a via sem observar a presen�a dos outros ve�culos;Colis�o transversal;Com V�timas Feridas;Pleno dia;Decrescente;C�u Claro;Dupla;Reta;Sim;2;0;1;0;0;1;1;2;-7,1669;-35,3355;SPRF-PB;DEL01-PB;UOP02-DEL01-PB;;;
653552;06/01/2025;segunda-feira;16:50:00;BA;101;675;EUNAPOLIS;Aus�ncia de rea��o do condutor;Engavetamento;Com V�timas Feridas;Pleno dia;Crescente;Nublado;Simples;Reta;N�o;5;0;2;0;3;0;2;3;-16,22940098;-39,5977231;SPRF-BA;DEL09-BA;UOP03-DEL09-BA;;;
653554;06/01/2025;segunda-feira;16:35:00;RJ;40;122;DUQUE DE CAXIAS;Manobra de mudan�a de faixa;Colis�o lateral mesmo sentido;Com V�timas Feridas;Pleno dia;Decrescente;C�u Claro;Dupla;Reta;Sim;3;0;1;0;2;0;1;2;-22,79083113;-43,28611569;SPRF-RJ;DEL01-RJ;UOP02-DEL01-RJ;;;
653555;06/01/2025;segunda-feira;17:49:00;RS;116;264;CANOAS;Aus�ncia de rea��o do condutor;Queda de ocupante de ve�culo;Com V�timas Feridas;Pleno dia;Decrescente;C�u Claro;Dupla;Reta;Sim;1;0;1;0;0;0;1;1;-29,914435;-51,17754495;SPRF-RS;DEL01-RS;UOP01-DEL01-RS;;;
653556;06/01/2025;segunda-feira;16:46:00;RN;304;51;MOSSORO;Ultrapassagem Indevida;Colis�o frontal;Com V�timas Feridas;Pleno dia;Crescente;C�u Claro;Simples;Reta;N�o;4;0;1;3;0;0;4;2;-5,25226212;-37,30878323;SPRF-RN;DEL04-RN;UOP01-DEL04-RN;;;
653557;06/01/2025;segunda-feira;17:30:00;RN;101;69;EXTREMOZ;Desrespeitar a prefer�ncia no cruzamento;Colis�o transversal;Com V�timas Feridas;Anoitecer;Decrescente;C�u Claro;Simples;"Declive;Interse��o de Vias;Reta";N�o;3;0;1;0;2;0;1;2;-5,6724731;-35,2597308;SPRF-RN;DEL02-RN;UOP01-DEL02-RN;;;
653558;06/01/2025;segunda-feira;17:50:00;MG;381;483,5;BETIM;Velocidade Incompat�vel;Tombamento;Com V�timas Feridas;Pleno dia;Crescente;Chuva;M�ltipla;Declive;N�o;1;0;1;0;0;0;1;1;-19,95594491;-44,10721699;SPRF-MG;DEL01-MG;UOP03-DEL01-MG;;;
653560;06/01/2025;segunda-feira;17:40:00;MG;116;702,9;MURIAE;Ultrapassagem Indevida;Colis�o lateral mesmo sentido;Com V�timas Feridas;Pleno dia;Decrescente;Nublado;Simples;Reta;Sim;2;0;1;0;1;0;1;2;-21,11938311;-42,38006362;SPRF-MG;DEL07-MG;UOP02-DEL07-MG;;;
653561;06/01/2025;segunda-feira;17:25:00;BA;324;530;FEIRA DE SANTANA;Frear bruscamente;Colis�o traseira;Com V�timas Feridas;Anoitecer;Crescente;C�u Claro;Dupla;Reta;N�o;3;0;1;0;1;1;1;3;-12,32818491;-38,86174193;SPRF-BA;DEL01-BA;UOP03-DEL01-BA;;;
653562;06/01/2025;segunda-feira;17:26:00;PA;316;151;CAPANEMA;Acessar a via sem observar a presen�a dos outros ve�culos;Colis�o transversal;Com V�timas Feridas;Pleno dia;Decrescente;Nublado;Simples;Curva;Sim;2;0;1;0;0;1;1;2;-1,212873;-47,181547;SPRF-PA;DEL01-PA;UOP03-DEL01-PA;;;
653563;06/01/2025;segunda-feira;15:30:00;SP;381;75,9;SAO PAULO;Demais falhas mec�nicas ou el�tricas;Inc�ndio;Sem V�timas;Pleno dia;Decrescente;C�u Claro;Dupla;Reta;N�o;2;0;0;0;2;0;0;1;-23,37660089;-46,56409613;SPRF-SP;DEL03-SP;UOP01-DEL03-SP;;;
653564;06/01/2025;segunda-feira;18:00:00;DF;70;1;BRASILIA;Rea��o tardia ou ineficiente do condutor;Queda de ocupante de ve�culo;Com V�timas Feridas;Anoitecer;Crescente;C�u Claro;Dupla;Reta;Sim;2;0;2;0;0;0;2;1;-15,795264;-48,063801;SPRF-DF;DEL03-DF;UOP02-DEL03-DF;;;
653565;06/01/2025;segunda-feira;14:15:00;MG;365;285,9;JOAO PINHEIRO;Acumulo de �gua sobre o pavimento;Sa�da de leito carro��vel;Com V�timas Feridas;Pleno dia;Crescente;Chuva;Simples;"Declive;Reta";N�o;5;0;3;2;0;0;5;1;-18,05993805;-45,65638991;SPRF-MG;DEL10-MG;UOP02-DEL010-MG;;;
653566;06/01/2025;segunda-feira;16:00:00;MG;354;742,9;POUSO ALTO;Rea��o tardia ou ineficiente do condutor;Tombamento;Sem V�timas;Pleno dia;Decrescente;C�u Claro;Simples;"Declive;Reta";N�o;1;0;0;0;1;0;0;1;-22,23118898;-44,9332353;SPRF-MG;DEL17-MG;UOP01-DEL17-MG;;;
653569;06/01/2025;segunda-feira;16:20:00;MG;354;757;ITAMONTE;Velocidade Incompat�vel;Colis�o traseira;Com V�timas Feridas;Pleno dia;Decrescente;C�u Claro;Simples;Curva;N�o;4;0;0;1;3;0;1;2;-22,31949272;-44,84721578;SPRF-MG;DEL17-MG;UOP01-DEL17-MG;;;
653570;06/01/2025;segunda-feira;17:04:00;RS;287;275,6;SAO PEDRO DO SUL;Demais falhas mec�nicas ou el�tricas;Colis�o com objeto;Com V�timas Feridas;Pleno dia;Decrescente;C�u Claro;Simples;Reta;N�o;2;0;2;0;0;0;2;1;-29,66188963;-54,12516993;SPRF-RS;DEL09-RS;UOP01-DEL09-RS;;;
653571;06/01/2025;segunda-feira;18:30:00;MG;381;340;BELA VISTA DE MINAS;Acessar a via sem observar a presen�a dos outros ve�culos;Colis�o lateral sentido oposto;Com V�timas Feridas;Anoitecer;Crescente;C�u Claro;Simples;Reta;N�o;2;0;1;0;1;0;1;2;-19,84087497;-43,09635354;SPRF-MG;DEL03-MG;UOP01-DEL03-MG;;;
653572;06/01/2025;segunda-feira;16:29:00;RO;174;13;VILHENA;Desrespeitar a prefer�ncia no cruzamento;Colis�o transversal;Com V�timas Feridas;Pleno dia;Decrescente;C�u Claro;M�ltipla;Interse��o de Vias;Sim;2;0;0;1;1;0;1;2;-12,74140004;-60,13026401;SPRF-RO;DEL04-RO;UOP01-DEL04-RO;;;