id;data_inversa;dia_semana;horario;uf;br;km;municipio;causa_acidente;tipo_acidente;classificacao_acidente;fase_dia;sentido_via;condicao_metereologica;tipo_pista;tracado_via;uso_solo;pessoas;mortos;feridos_leves;feridos_graves;ilesos;ignorados;feridos;veiculos;latitude;longitude;regional;delegacia;uop;;;
653724;04/01/2025;s�bado;06:55:00;MG;365;318,2;SAO GONCALO DO ABAETE;Chuva;Sa�da de leito carro��vel;Com V�timas Feridas;Pleno dia;Crescente;Chuva;Simples;Reta;N�o;2;0;1;0;1;0;1;1;-18,25439779;-45,8764952;SPRF-MG;DEL10-MG;UOP01-DEL10-MG;;;
653725;07/01/2025;ter�a-feira;16:50:00;RJ;101;307;SAO GONCALO;Demais falhas na via;Queda de ocupante de ve�culo;Com V�timas Feridas;Pleno dia;Decrescente;C�u Claro;Simples;Reta;Sim;1;0;0;1;0;0;1;1;-22,79115777;-43,01514205;SPRF-RJ;DEL02-RJ;UOP02-DEL02-RJ;;;
653727;07/01/2025;ter�a-feira;17:45:00;SP;381;72;SAO PAULO;Aus�ncia de rea��o do condutor;Colis�o traseira;Com V�timas Feridas;Pleno dia;Decrescente;Nublado;M�ltipla;Curva;N�o;3;0;2;0;1;0;2;2;-23,35761806;-46,54970281;SPRF-SP;DEL03-SP;UOP01-DEL03-SP;;;
653729;07/01/2025;ter�a-feira;16:20:00;MT;70;2;BARRA DO GARCAS;Desrespeitar a prefer�ncia no cruzamento;Colis�o transversal;Com V�timas Feridas;Pleno dia;Decrescente;Nublado;Simples;Reta;Sim;2;0;1;0;1;0;1;2;-15,88749699;-52,26810568;SPRF-MT;DEL07-MT;UOP01-DEL07-MT;;;
653730;07/01/2025;ter�a-feira;17:50:00;RJ;101;321;NITEROI;Rea��o tardia ou ineficiente do condutor;Colis�o lateral mesmo sentido;Com V�timas Feridas;Anoitecer;Decrescente;C�u Claro;Dupla;Interse��o de Vias;Sim;3;0;2;0;0;1;2;2;-22,86981096;-43,11046465;SPRF-RJ;DEL02-RJ;UOP01-DEL02-RJ;;;
653732;07/01/2025;ter�a-feira;17:50:00;RN;304;37;MOSSORO;Manobra de mudan�a de faixa;Colis�o traseira;Com V�timas Fatais;Anoitecer;Crescente;C�u Claro;Simples;Reta;Sim;2;1;0;0;1;0;0;2;-5,17455933;-37,36227171;SPRF-RN;DEL04-RN;UOP02-DEL04-RN;;;
653733;07/01/2025;ter�a-feira;18:00:00;SP;381;64;MAIRIPORA;Condutor deixou de manter dist�ncia do ve�culo da frente;Colis�o traseira;Com V�timas Feridas;Anoitecer;Crescente;C�u Claro;Dupla;Reta;N�o;2;0;1;0;1;0;1;2;-23,3089645;-46,57924651;SPRF-SP;DEL03-SP;UOP01-DEL03-SP;;;
653735;07/01/2025;ter�a-feira;18:50:00;PE;101;29,4;ITAPISSUMA;Acessar a via sem observar a presen�a dos outros ve�culos;Colis�o frontal;Com V�timas Feridas;Plena Noite;Crescente;C�u Claro;Dupla;"Retorno Regulamentado;Reta";Sim;3;0;1;0;2;0;1;3;-7,72939697;-34,94185854;SPRF-PE;DEL01-PE;UOP02-DEL01-PE;;;
653736;07/01/2025;ter�a-feira;18:30:00;PR;277;75;SAO JOSE DOS PINHAIS;Aus�ncia de rea��o do condutor;Sa�da de leito carro��vel;Com V�timas Feridas;Pleno dia;Crescente;C�u Claro;Dupla;Reta;N�o;1;0;0;1;0;0;1;1;-25,49389;-49,167508;SPRF-PR;DEL01-PR;UOP07-DEL01-PR;;;
653737;07/01/2025;ter�a-feira;18:26:00;SP;116;278,9;EMBU DAS ARTES;Manobra de mudan�a de faixa;Colis�o lateral mesmo sentido;Com V�timas Feridas;Plena Noite;Crescente;C�u Claro;Dupla;"Interse��o de Vias;Reta";Sim;2;0;1;0;1;0;1;2;-23,65508497;-46,84918605;SPRF-SP;DEL04-SP;UOP01-DEL04-SP;;;
653740;07/01/2025;ter�a-feira;17:30:00;RJ;101;295;ITABORAI;Aus�ncia de rea��o do condutor;Colis�o traseira;Com V�timas Feridas;Pleno dia;Crescente;C�u Claro;Simples;Reta;Sim;2;0;1;0;0;1;1;2;-22,76365068;-42,90223623;SPRF-RJ;DEL02-RJ;UOP02-DEL02-RJ;;;
653741;07/01/2025;ter�a-feira;19:20:00;PI;343;1,8;TERESINA;Rea��o tardia ou ineficiente do condutor;Colis�o lateral mesmo sentido;Com V�timas Feridas;Plena Noite;Decrescente;Nublado;Dupla;Reta;Sim;3;0;2;0;1;0;2;2;-5,089569;-42,802288;SPRF-PI;DEL01-PI;UOP01-DEL01-PI;;;
653742;07/01/2025;ter�a-feira;16:35:00;PR;369;170;ROLANDIA;Rea��o tardia ou ineficiente do condutor;Colis�o lateral mesmo sentido;Com V�timas Feridas;Pleno dia;Decrescente;C�u Claro;Dupla;Reta;Sim;2;0;1;0;1;0;1;2;-23,30325404;-51,35591918;SPRF-PR;DEL07-PR;UOP01-DEL07-PR;;;
653743;07/01/2025;ter�a-feira;19:15:00;MG;153;232;FRONTEIRA;Demais falhas mec�nicas ou el�tricas;Colis�o traseira;Com V�timas Feridas;Anoitecer;Crescente;C�u Claro;Simples;Reta;N�o;3;0;1;0;2;0;1;2;-20,24705204;-49,16684895;SPRF-MG;DEL13-MG;UOP02-DEL13-MG;;;
653745;07/01/2025;ter�a-feira;19:35:00;MG;381;493;BETIM;Rea��o tardia ou ineficiente do condutor;Colis�o com objeto;Com V�timas Feridas;Plena Noite;Crescente;Nublado;M�ltipla;Reta;Sim;1;0;1;0;0;0;1;1;-19,9628041;-44,16607332;SPRF-MG;DEL01-MG;UOP03-DEL01-MG;;;
653746;07/01/2025;ter�a-feira;18:10:00;MT;70;12;BARRA DO GARCAS;Rea��o tardia ou ineficiente do condutor;Sa�da de leito carro��vel;Com V�timas Feridas;Anoitecer;Crescente;C�u Claro;Simples;Declive;N�o;1;0;1;0;0;0;1;1;-15,87933551;-52,36195898;SPRF-MT;DEL07-MT;UOP01-DEL07-MT;;;
653748;07/01/2025;ter�a-feira;18:20:00;RJ;101;458;ANGRA DOS REIS;Rea��o tardia ou ineficiente do condutor;Queda de ocupante de ve�culo;Com V�timas Feridas;Plena Noite;Crescente;Chuva;Simples;Reta;N�o;1;0;0;1;0;0;1;1;-23,0376863;-44,18393352;SPRF-RJ;DEL03-RJ;UOP03-DEL03-RJ;;;
653749;07/01/2025;ter�a-feira;20:00:00;SP;116;208;GUARULHOS;Condutor Dormindo;Colis�o com objeto;Com V�timas Feridas;Plena Noite;Decrescente;Nublado;M�ltipla;Reta;Sim;1;0;1;0;0;0;1;1;-23,42222263;-46,3932771;SPRF-SP;DEL01-SP;UOP01-DEL01-SP;;;
653752;07/01/2025;ter�a-feira;19:40:00;RN;304;32;MOSSORO;Retorno proibido;Colis�o transversal;Com V�timas Feridas;Plena Noite;Crescente;C�u Claro;Simples;Reta;N�o;3;0;1;2;0;0;3;2;-5,13471117;-37,34486327;SPRF-RN;DEL04-RN;UOP02-DEL04-RN;;;
653753;07/01/2025;ter�a-feira;16:05:00;SC;280;81,6;CORUPA;Acessar a via sem observar a presen�a dos outros ve�culos;Colis�o transversal;Com V�timas Feridas;Pleno dia;Decrescente;C�u Claro;Simples;Reta;Sim;3;0;1;1;1;0;2;2;-26,44057489;-49,217056;SPRF-SC;DEL06-SC;UOP03-DEL06-SC;;;
653755;07/01/2025;ter�a-feira;19:45:00;SC;101;145;ITAPEMA;Manobra de mudan�a de faixa;Colis�o lateral mesmo sentido;Com V�timas Feridas;Plena Noite;Decrescente;C�u Claro;Dupla;Reta;Sim;2;0;1;0;1;0;1;2;-27,08139206;-48,60130993;SPRF-SC;DEL04-SC;UOP03-DEL04-SC;;;
653756;07/01/2025;ter�a-feira;19:45:00;RJ;101;408;ITAGUAI;Aus�ncia de rea��o do condutor;Colis�o traseira;Sem V�timas;Plena Noite;Crescente;Chuva;M�ltipla;Reta;Sim;1;0;0;0;0;1;0;1;-22,88087914;-43,82441392;SPRF-RJ;DEL03-RJ;UOP01-DEL03-RJ;;;
653757;07/01/2025;ter�a-feira;18:30:00;SP;101;52;UBATUBA;Ultrapassagem Indevida;Colis�o lateral mesmo sentido;Com V�timas Feridas;Anoitecer;Decrescente;Garoa/Chuvisco;Simples;Reta;Sim;3;0;2;0;1;0;2;2;-23,4623355;-45,06476561;SPRF-SP;DEL06-SP;UOP01-DEL06-SP;;;
653758;07/01/2025;ter�a-feira;18:30:00;RJ;40;120;DUQUE DE CAXIAS;Aus�ncia de rea��o do condutor;Colis�o lateral mesmo sentido;Com V�timas Feridas;Anoitecer;Decrescente;Nublado;M�ltipla;Reta;Sim;3;0;2;0;1;0;2;2;-22,76375592;-43,28683062;SPRF-RJ;DEL01-RJ;UOP02-DEL01-RJ;;;
653761;07/01/2025;ter�a-feira;21:30:00;PR;376;651;TIJUCAS DO SUL;Rea��o tardia ou ineficiente do condutor;Sa�da de leito carro��vel;Com V�timas Feridas;Plena Noite;Crescente;Garoa/Chuvisco;Dupla;Curva;N�o;6;0;2;0;4;0;2;2;-25,845243;-49,078578;SPRF-PR;DEL01-PR;UOP04-DEL01-PR;;;
653764;07/01/2025;ter�a-feira;20:00:00;MG;364;20,5;FRUTAL;Mal s�bito do condutor;Tombamento;Com V�timas Feridas;Plena Noite;Decrescente;C�u Claro;Simples;Reta;N�o;1;0;0;1;0;0;1;1;-20,05589011;-48,82237569;SPRF-MG;DEL13-MG;UOP02-DEL13-MG;;;
653766;07/01/2025;ter�a-feira;22:00:00;SC;101;18,1;BIGUACU;Acumulo de �leo sobre o pavimento;Colis�o com objeto;Com V�timas Feridas;Plena Noite;Decrescente;C�u Claro;Dupla;Reta;N�o;1;0;1;0;0;0;1;1;-27,4946;-48,6561;SPRF-SC;DEL01-SC;UOP01-DEL01-SC;;;
653767;07/01/2025;ter�a-feira;21:20:00;MT;364;326;CAMPO VERDE;Rea��o tardia ou ineficiente do condutor;Queda de ocupante de ve�culo;Com V�timas Feridas;Plena Noite;Decrescente;Garoa/Chuvisco;Dupla;"Reta;Declive";N�o;1;0;1;0;0;0;1;1;-15,81122112;-55,37690901;SPRF-MT;DEL05-MT;UOP02-DEL05-MT;;;
653768;07/01/2025;ter�a-feira;23:00:00;RS;116;243;SAO LEOPOLDO;Acessar a via sem observar a presen�a dos outros ve�culos;Colis�o transversal;Com V�timas Feridas;Plena Noite;Crescente;C�u Claro;Simples;"Curva;Viaduto";N�o;2;0;1;0;1;0;1;2;-29,73196199;-51,14952004;SPRF-RS;DEL01-RS;UOP02-DEL01-RS;;;
653770;07/01/2025;ter�a-feira;17:15:00;BA;116;621;JAGUAQUARA;Velocidade Incompat�vel;Sa�da de leito carro��vel;Com V�timas Feridas;Anoitecer;Crescente;Nublado;Simples;Reta;N�o;4;0;4;0;0;0;4;1;-13,4124765;-40,0255605;SPRF-BA;DEL03-BA;UOP02-DEL03-BA;;;
653772;07/01/2025;ter�a-feira;23:40:00;PR;376;175;MARINGA;Acessar a via sem observar a presen�a dos outros ve�culos;Colis�o traseira;Com V�timas Feridas;Plena Noite;Crescente;C�u Claro;M�ltipla;Reta;Sim;3;0;1;0;2;0;1;2;-23,41304;-51,9452;SPRF-PR;DEL09-PR;UOP01-DEL09-PR;;;
653775;07/01/2025;ter�a-feira;23:50:00;PE;232;409;SERRA TALHADA;Ingest�o de �lcool pelo condutor;Colis�o traseira;Com V�timas Feridas;Plena Noite;Decrescente;C�u Claro;Simples;Reta;Sim;2;0;2;0;0;0;2;2;-7,981944;-38,289467;SPRF-PE;DEL04-PE;UOP01-DEL04-PE;;;
653776;08/01/2025;quarta-feira;01:10:00;PR;277;71;SAO JOSE DOS PINHAIS;Rea��o tardia ou ineficiente do condutor;Atropelamento de Animal;Com V�timas Feridas;Plena Noite;Crescente;C�u Claro;Dupla;Reta;Sim;1;0;0;1;0;0;1;1;-25,52920381;-49,08862791;SPRF-PR;DEL01-PR;UOP07-DEL01-PR;;;
653777;08/01/2025;quarta-feira;01:58:00;RJ;101;397;ITAGUAI;Aus�ncia de rea��o do condutor;Colis�o traseira;Com V�timas Feridas;Plena Noite;Crescente;Nublado;Dupla;Reta;Sim;2;0;1;0;0;1;1;2;-22,87460977;-43,7406698;SPRF-RJ;DEL03-RJ;UOP01-DEL03-RJ;;;
653778;08/01/2025;quarta-feira;03:00:00;MG;116;244,7;TEOFILO OTONI;Demais falhas mec�nicas ou el�tricas;Inc�ndio;Sem V�timas;Plena Noite;Decrescente;Garoa/Chuvisco;M�ltipla;Reta;Sim;52;0;0;0;52;0;0;1;-17,599897;-41,492423;SPRF-MG;DEL11-MG;UOP01-DEL11-MG;;;
653780;08/01/2025;quarta-feira;06:10:00;PE;101;45,1;IGARASSU;Transitar na contram�o;Colis�o frontal;Com V�timas Fatais;Pleno dia;Crescente;C�u Claro;Simples;Reta;Sim;2;1;0;0;1;0;0;2;-7,866528;-34,907093;SPRF-PE;DEL01-PE;UOP02-DEL01-PE;;;
653781;08/01/2025;quarta-feira;06:00:00;GO;40;25;LUZIANIA;Velocidade Incompat�vel;Sa�da de leito carro��vel;Com V�timas Feridas;Amanhecer;Decrescente;C�u Claro;Simples;Reta;Sim;2;0;2;0;0;0;2;1;-16,252751;-47,900453;SPRF-DF;DEL01-DF;UOP01-DEL01-DF;;;
653782;08/01/2025;quarta-feira;06:05:00;BA;324;598;CANDEIAS;Demais falhas mec�nicas ou el�tricas;Inc�ndio;Sem V�timas;Pleno dia;Crescente;C�u Claro;Dupla;Reta;N�o;3;0;0;0;3;0;0;1;-12,73432323;-38,44227717;SPRF-BA;DEL01-BA;UOP01-DEL01-BA;;;
653783;07/01/2025;ter�a-feira;18:30:00;MG;116;688,5;MURIAE;Rea��o tardia ou ineficiente do condutor;Tombamento;Com V�timas Feridas;Plena Noite;Crescente;Nublado;Simples;Curva;N�o;1;0;0;1;0;0;1;1;-21,00463422;-42,36667213;SPRF-MG;DEL07-MG;UOP02-DEL07-MG;;;
653784;08/01/2025;quarta-feira;06:58:00;ES;101;299,9;VIANA;Condutor usando celular;Colis�o traseira;Com V�timas Feridas;Pleno dia;Crescente;Nublado;M�ltipla;Curva;N�o;4;0;0;2;2;0;2;3;-20,358635;-40,432167;SPRF-ES;DEL01-ES;UOP01-DEL01-ES;;;
653788;07/01/2025;ter�a-feira;23:15:00;RJ;116;124;MAGE;Animais na Pista;Atropelamento de Animal;Com V�timas Feridas;Plena Noite;Decrescente;Garoa/Chuvisco;Dupla;Reta;N�o;5;0;2;0;2;1;2;2;-22,64632807;-43,07016895;SPRF-RJ;DEL04-RJ;UOP02-DEL04-RJ;;;
653789;08/01/2025;quarta-feira;07:45:00;SP;116;223;GUARULHOS;Aus�ncia de rea��o do condutor;Colis�o lateral mesmo sentido;Com V�timas Feridas;Pleno dia;Crescente;Nublado;M�ltipla;Reta;Sim;3;0;1;0;2;0;1;2;-23,47559815;-46,5246609;SPRF-SP;DEL01-SP;UOP01-DEL01-SP;;;
653792;08/01/2025;quarta-feira;07:50:00;RS;468;120,8;TIRADENTES DO SUL;Acessar a via sem observar a presen�a dos outros ve�culos;Colis�o transversal;Com V�timas Feridas;Pleno dia;Crescente;C�u Claro;Simples;Reta;N�o;2;0;1;0;1;0;1;2;-27,40703108;-54,03577111;SPRF-RS;DEL08-RS;UOP02-DEL08-RS;;;
653796;08/01/2025;quarta-feira;08:30:00;RN;101;95,6;NATAL;Condutor deixou de manter dist�ncia do ve�culo da frente;Colis�o lateral mesmo sentido;Com V�timas Feridas;Pleno dia;Crescente;C�u Claro;Dupla;Curva;Sim;2;0;1;0;1;0;1;2;-5,84770142;-35,20849943;SPRF-RN;DEL01-RN;UOP01-DEL01-RN;;;
653799;08/01/2025;quarta-feira;09:00:00;RS;386;417;MONTENEGRO;Aus�ncia de rea��o do condutor;Colis�o com objeto;Com V�timas Feridas;Pleno dia;Decrescente;C�u Claro;Simples;Reta;N�o;1;0;1;0;0;0;1;1;-29,818958;-51,452934;SPRF-RS;DEL04-RS;UOP02-DEL04-RS;;;
653800;08/01/2025;quarta-feira;08:50:00;SC;101;208,4;SAO JOSE;Condutor desrespeitou a ilumina��o vermelha do sem�foro;Colis�o transversal;Com V�timas Feridas;Pleno dia;Decrescente;Nublado;Dupla;"Reta;Interse��o de Vias";Sim;2;0;1;0;1;0;1;2;-27,60327979;-48,63201818;SPRF-SC;DEL01-SC;UOP01-DEL01-SC;;;
653801;08/01/2025;quarta-feira;07:50:00;ES;101;267,1;SERRA;Manobra de mudan�a de faixa;Colis�o lateral mesmo sentido;Com V�timas Feridas;Pleno dia;Crescente;C�u Claro;Dupla;Reta;Sim;2;0;1;0;1;0;1;2;-20,19930999;-40,26884609;SPRF-ES;DEL02-ES;UOP01-DEL02-ES;;;
653802;08/01/2025;quarta-feira;08:50:00;SP;116;444;REGISTRO;Condutor deixou de manter dist�ncia do ve�culo da frente;Colis�o traseira;Com V�timas Feridas;Pleno dia;Decrescente;Nublado;Dupla;Reta;Sim;3;0;2;0;1;0;2;2;-24,49129421;-47,83614553;SPRF-SP;DEL05-SP;UOP01-DEL05-SP;;;
653806;08/01/2025;quarta-feira;08:20:00;PI;316;2,7;TERESINA;Rea��o tardia ou ineficiente do condutor;Colis�o traseira;Com V�timas Feridas;Pleno dia;Decrescente;Nublado;M�ltipla;Reta;Sim;2;0;0;1;1;0;1;2;-5,125982;-42,794047;SPRF-PI;DEL01-PI;UOP02-DEL01-PI;;;
653808;08/01/2025;quarta-feira;07:40:00;PE;101;61,8;RECIFE;Rea��o tardia ou ineficiente do condutor;Engavetamento;Com V�timas Feridas;Pleno dia;Decrescente;C�u Claro;Dupla;Reta;Sim;3;0;1;0;2;0;1;3;-7,99471925;-34,93839562;SPRF-PE;DEL01-PE;UOP02-DEL01-PE;;;
653809;08/01/2025;quarta-feira;09:45:00;RN;101;95,5;NATAL;Condutor deixou de manter dist�ncia do ve�culo da frente;Colis�o traseira;Com V�timas Feridas;Pleno dia;Crescente;C�u Claro;Dupla;Reta;Sim;2;0;1;0;1;0;1;2;-5,84076841;-35,21035949;SPRF-RN;DEL01-RN;UOP01-DEL01-RN;;;
653810;08/01/2025;quarta-feira;08:30:00;SP;101;52;UBATUBA;Pedestre cruzava a pista fora da faixa;Atropelamento de Pedestre;Com V�timas Feridas;Pleno dia;Crescente;C�u Claro;Simples;Curva;Sim;2;0;1;1;0;0;2;2;-23,46699306;-45,06301582;SPRF-SP;DEL06-SP;UOP01-DEL06-SP;;;
653811;08/01/2025;quarta-feira;07:50:00;SE;101;85;NOSSA SENHORA DO SOCORRO;Transitar na contram�o;Sa�da de leito carro��vel;Com V�timas Feridas;Pleno dia;Decrescente;C�u Claro;Dupla;"Aclive;Viaduto";N�o;1;0;1;0;0;0;1;1;-10,84356101;-37,13696712;SPRF-SE;DEL01-SE;UOP01-DEL01-SE;;;
653817;08/01/2025;quarta-feira;10:15:00;BA;324;533;FEIRA DE SANTANA;Aus�ncia de rea��o do condutor;Colis�o traseira;Com V�timas Feridas;Pleno dia;Decrescente;C�u Claro;Dupla;Reta;N�o;2;0;1;0;1;0;1;2;-12,34449694;-38,84017496;SPRF-BA;DEL01-BA;UOP03-DEL01-BA;;;
653819;08/01/2025;quarta-feira;10:40:00;SP;101;52;UBATUBA;Convers�o proibida;Colis�o transversal;Com V�timas Feridas;Pleno dia;Crescente;Nublado;Simples;Curva;Sim;2;0;1;0;1;0;1;2;-23,4623355;-45,06476561;SPRF-SP;DEL06-SP;UOP01-DEL06-SP;;;
653820;08/01/2025;quarta-feira;10:00:00;MT;364;323;CAMPO VERDE;Chuva;Sa�da de leito carro��vel;Com V�timas Feridas;Pleno dia;Crescente;Chuva;Dupla;Curva;N�o;4;0;4;0;0;0;4;1;-15,81564806;-55,35031001;SPRF-MT;DEL05-MT;UOP02-DEL05-MT;;;
653823;08/01/2025;quarta-feira;07:00:00;MG;251;468,2;FRANCISCO SA;Velocidade Incompat�vel;Sa�da de leito carro��vel;Com V�timas Feridas;Pleno dia;Crescente;Chuva;Simples;Reta;N�o;2;0;1;0;1;0;1;1;-16,48154143;-43,41101901;SPRF-MG;DEL12-MG;UOP01-DEL12-MG;;;
653824;08/01/2025;quarta-feira;10:15:00;SC;101;214,7;PALHOCA;Acessar a via sem observar a presen�a dos outros ve�culos;Colis�o transversal;Com V�timas Feridas;Pleno dia;Crescente;C�u Claro;M�ltipla;Reta;Sim;2;0;1;0;1;0;1;2;-27,64443;-48,67057;SPRF-SC;DEL01-SC;UOP02-DEL01-SC;;;
653825;08/01/2025;quarta-feira;09:43:00;RJ;101;321;NITEROI;Aus�ncia de rea��o do condutor;Tombamento;Com V�timas Feridas;Pleno dia;Decrescente;Chuva;Dupla;Reta;N�o;1;0;1;0;0;0;1;1;-22,86981096;-43,11046465;SPRF-RJ;DEL02-RJ;UOP01-DEL02-RJ;;;
653826;08/01/2025;quarta-feira;10:55:00;RO;364;238;CACOAL;Condutor desrespeitou a ilumina��o vermelha do sem�foro;Colis�o transversal;Com V�timas Feridas;Pleno dia;Crescente;Chuva;Simples;Interse��o de Vias;Sim;2;0;1;0;1;0;1;2;-11,438663;-61,454825;SPRF-RO;DEL02-RO;UOP02-DEL02-RO;;;
653828;08/01/2025;quarta-feira;10:45:00;MG;153;184,9;FRUTAL;Condutor deixou de manter dist�ncia do ve�culo da frente;Sa�da de leito carro��vel;Com V�timas Feridas;Pleno dia;Crescente;Nublado;Simples;Reta;N�o;3;0;1;0;2;0;1;1;-19,88968108;-48,97343918;SPRF-MG;DEL13-MG;UOP02-DEL13-MG;;;
653829;08/01/2025;quarta-feira;11:50:00;SC;101;208,4;SAO JOSE;Aus�ncia de rea��o do condutor;Colis�o lateral mesmo sentido;Com V�timas Feridas;Pleno dia;Decrescente;Garoa/Chuvisco;M�ltipla;Reta;Sim;2;0;1;0;1;0;1;2;-27,60327979;-48,63201818;SPRF-SC;DEL01-SC;UOP01-DEL01-SC;;;
653831;08/01/2025;quarta-feira;12:00:00;SC;101;135;BALNEARIO CAMBORIU;Rea��o tardia ou ineficiente do condutor;Tombamento;Com V�timas Feridas;Pleno dia;Decrescente;Nublado;M�ltipla;Reta;Sim;1;0;1;0;0;0;1;1;-27,0050108;-48,62677494;SPRF-SC;DEL04-SC;UOP03-DEL04-SC;;;
653835;08/01/2025;quarta-feira;13:00:00;MG;40;44;PARACATU;Acessar a via sem observar a presen�a dos outros ve�culos;Colis�o transversal;Sem V�timas;Pleno dia;Crescente;Nublado;Simples;"Interse��o de Vias;Rotat�ria";N�o;5;0;0;0;4;1;0;2;-17,23101648;-46,85390396;SPRF-MG;DEL14-MG;UOP01-DEL14-MG;;;
653836;08/01/2025;quarta-feira;13:00:00;PR;376;614;SAO JOSE DOS PINHAIS;Rea��o tardia ou ineficiente do condutor;Colis�o transversal;Com V�timas Feridas;Pleno dia;Decrescente;C�u Claro;Dupla;Reta;N�o;3;0;1;0;2;0;1;2;-25,57084314;-49,19356398;SPRF-PR;DEL01-PR;UOP03-DEL01-PR;;;
653838;08/01/2025;quarta-feira;13:55:00;SC;101;108;PENHA;Aus�ncia de rea��o do condutor;Tombamento;Com V�timas Feridas;Pleno dia;Decrescente;Nublado;Dupla;Reta;N�o;1;0;1;0;0;0;1;1;-26,82606902;-48,69052298;SPRF-SC;DEL03-SC;UOP02-DEL03-SC;;;
653840;08/01/2025;quarta-feira;14:40:00;RS;290;104;ELDORADO DO SUL;Aus�ncia de rea��o do condutor;Sa�da de leito carro��vel;Com V�timas Feridas;Pleno dia;Decrescente;C�u Claro;Dupla;Reta;Sim;3;0;2;0;1;0;2;1;-29,993122;-51,275398;SPRF-RS;DEL02-RS;UOP01-DEL02-RS;;;
653841;08/01/2025;quarta-feira;13:52:00;PB;101;9;MAMANGUAPE;Condutor Dormindo;Capotamento;Com V�timas Feridas;Pleno dia;Decrescente;C�u Claro;Dupla;Reta;N�o;1;0;1;0;0;0;1;1;-6,58371616;-35,14396733;SPRF-PB;DEL01-PB;UOP03-DEL01-PB;;;
653842;08/01/2025;quarta-feira;13:30:00;GO;60;33,3;ALEXANIA;Pista Escorregadia;Sa�da de leito carro��vel;Com V�timas Feridas;Pleno dia;Crescente;Chuva;Dupla;"Curva;Declive";N�o;2;0;2;0;0;0;2;1;-16,098917;-48,522568;SPRF-DF;DEL03-DF;UOP01-DEL03-DF;;;
653843;08/01/2025;quarta-feira;13:45:00;SC;101;137,4;BALNEARIO CAMBORIU;Demais falhas mec�nicas ou el�tricas;Tombamento;Com V�timas Feridas;Pleno dia;Decrescente;Nublado;Dupla;"Aclive;Reta";Sim;1;0;1;0;0;0;1;1;-27,0157238;-48,61192763;SPRF-SC;DEL04-SC;UOP03-DEL04-SC;;;
653844;08/01/2025;quarta-feira;14:40:00;MG;40;716,1;BARBACENA;Chuva;Colis�o com objeto;Com V�timas Feridas;Pleno dia;Decrescente;Chuva;Dupla;Curva;N�o;2;0;2;0;0;0;2;1;-21,25153502;-43,66402206;SPRF-MG;DEL05-MG;UOP01-DEL05-MG;;;
653845;08/01/2025;quarta-feira;09:00:00;RR;174;711;PACARAIMA;Aus�ncia de rea��o do condutor;Colis�o frontal;Com V�timas Feridas;Pleno dia;Decrescente;C�u Claro;Simples;"Curva;Declive";N�o;11;0;8;3;0;0;11;2;4,461419;-61,139996;SPRF-RR;DEL01-RR;UOP01-DEL01-RR;;;
653846;08/01/2025;quarta-feira;14:40:00;GO;60;196,4;GUAPO;Chuva;Sa�da de leito carro��vel;Com V�timas Feridas;Pleno dia;Crescente;Chuva;Dupla;Curva;N�o;1;0;1;0;0;0;1;1;-16,853;-49,5858;SPRF-GO;DEL01-GO;UOP02-DEL01-GO;;;
653849;08/01/2025;quarta-feira;15:20:00;BA;324;517;FEIRA DE SANTANA;Acessar a via sem observar a presen�a dos outros ve�culos;Colis�o transversal;Com V�timas Feridas;Pleno dia;Crescente;Sol;Simples;Reta;Sim;2;0;1;0;1;0;1;2;-12,24953308;-38,93362525;SPRF-BA;DEL02-BA;UOP01-DEL02-BA;;;
653850;08/01/2025;quarta-feira;14:50:00;SP;116;219;GUARULHOS;Trafegar com motocicleta (ou similar) entre as faixas;Colis�o lateral mesmo sentido;Com V�timas Feridas;Pleno dia;Decrescente;Nublado;M�ltipla;"Aclive;Em Obras;Reta";Sim;2;0;1;0;0;1;1;2;-23,46143954;-46,48885316;SPRF-SP;DEL01-SP;UOP01-DEL01-SP;;;
653853;08/01/2025;quarta-feira;15:15:00;MG;116;702,7;MURIAE;Pedestre cruzava a pista fora da faixa;Atropelamento de Pedestre;Com V�timas Feridas;Pleno dia;Decrescente;C�u Claro;M�ltipla;Reta;Sim;3;0;2;0;1;0;2;2;-21,11938311;-42,38006362;SPRF-MG;DEL07-MG;UOP02-DEL07-MG;;;
653855;08/01/2025;quarta-feira;15:35:00;TO;153;329,9;GUARAI;Condutor Dormindo;Sa�da de leito carro��vel;Com V�timas Feridas;Pleno dia;Crescente;Nublado;Simples;Reta;N�o;1;0;1;0;0;0;1;1;-8,79047;-48,512292;SPRF-TO;DEL02-TO;UOP02-DEL02-TO;;;
653857;06/01/2025;segunda-feira;12:00:00;SC;101;135;BALNEARIO CAMBORIU;Trafegar com motocicleta (ou similar) entre as faixas;Colis�o lateral mesmo sentido;Com V�timas Feridas;Pleno dia;Decrescente;C�u Claro;Dupla;Reta;Sim;2;0;2;0;0;0;2;2;-27,0050108;-48,62677494;SPRF-SC;DEL04-SC;UOP03-DEL04-SC;;;
653860;08/01/2025;quarta-feira;10:00:00;RJ;116;129;MAGE;Avarias e/ou desgaste excessivo no pneu;Tombamento;Com V�timas Feridas;Pleno dia;Crescente;Nublado;Dupla;Reta;N�o;2;0;2;0;0;0;2;1;-22,66471224;-43,11056004;SPRF-RJ;DEL04-RJ;UOP02-DEL04-RJ;;;