id;data_inversa;dia_semana;horario;uf;br;km;municipio;causa_acidente;tipo_acidente;classificacao_acidente;fase_dia;sentido_via;condicao_metereologica;tipo_pista;tracado_via;uso_solo;pessoas;mortos;feridos_leves;feridos_graves;ilesos;ignorados;feridos;veiculos;latitude;longitude;regional;delegacia;uop;;;
653861;08/01/2025;quarta-feira;12:45:00;MT;364;257;JUSCIMEIRA;Acumulo de �gua sobre o pavimento;Sa�da de leito carro��vel;Com V�timas Feridas;Pleno dia;Crescente;Chuva;Dupla;Reta;N�o;5;0;3;2;0;0;5;1;-16,06464917;-54,8799054;SPRF-MT;DEL02-MT;UOP01-DEL02-MT;;;
653865;08/01/2025;quarta-feira;16:25:00;MG;40;545;NOVA LIMA;Aus�ncia de rea��o do condutor;Capotamento;Com V�timas Feridas;Pleno dia;Crescente;Nublado;Simples;"Viaduto;Reta";N�o;4;0;3;1;0;0;4;1;-20,011584;-43,967215;SPRF-MG;DEL01-MG;UOP02-DEL01-MG;;;
653869;08/01/2025;quarta-feira;16:35:00;RS;116;144,3;CAXIAS DO SUL;Rea��o tardia ou ineficiente do condutor;Colis�o traseira;Com V�timas Feridas;Pleno dia;Decrescente;Sol;Dupla;Reta;Sim;2;0;1;0;1;0;1;2;-29,1267449;-51,12768983;SPRF-RS;DEL05-RS;UOP01-DEL05-RS;;;
653871;08/01/2025;quarta-feira;15:00:00;MG;40;496;ESMERALDAS;Manobra de mudan�a de faixa;Colis�o lateral mesmo sentido;Com V�timas Feridas;Pleno dia;Crescente;Chuva;Dupla;"Declive;Curva";N�o;4;0;2;0;2;0;2;2;-19,67245366;-44,19235468;SPRF-MG;DEL02-MG;UOP01-DEL02-MG;;;
653872;08/01/2025;quarta-feira;17:00:00;PR;376;178,4;MARINGA;Condutor deixou de manter dist�ncia do ve�culo da frente;Colis�o traseira;Com V�timas Feridas;Pleno dia;Crescente;Sol;Dupla;Reta;Sim;3;0;1;0;2;0;1;3;-23,41784555;-51,91724002;SPRF-PR;DEL09-PR;UOP01-DEL09-PR;;;
653873;08/01/2025;quarta-feira;16:40:00;MG;40;782,6;JUIZ DE FORA;Demais falhas mec�nicas ou el�tricas;Colis�o com objeto;Com V�timas Feridas;Anoitecer;Decrescente;Chuva;Dupla;"Reta;Declive";N�o;3;0;1;0;2;0;1;1;-21,69593719;-43,44982474;SPRF-MG;DEL05-MG;UOP01-DEL05-MG;;;
653874;08/01/2025;quarta-feira;15:40:00;ES;262;43,8;DOMINGOS MARTINS;Convers�o proibida;Colis�o transversal;Com V�timas Feridas;Pleno dia;Crescente;C�u Claro;Simples;Reta;N�o;5;0;2;0;3;0;2;3;-20,38770779;-40,66824031;SPRF-ES;DEL01-ES;UOP01-DEL01-ES;;;
653875;08/01/2025;quarta-feira;17:05:00;CE;116;5;FORTALEZA;Ingest�o de �lcool pelo condutor;Colis�o lateral mesmo sentido;Sem V�timas;Pleno dia;Crescente;C�u Claro;M�ltipla;Reta;Sim;2;0;0;0;2;0;0;2;-3,79467116;-38,50772734;SPRF-CE;DEL01-CE;UOP02-DEL01-CE;;;
653877;08/01/2025;quarta-feira;15:30:00;SC;101;155;PORTO BELO;Rea��o tardia ou ineficiente do condutor;Sa�da de leito carro��vel;Com V�timas Feridas;Pleno dia;Crescente;Sol;M�ltipla;Viaduto;Sim;1;0;1;0;0;0;1;1;-27,16292;-48,61129;SPRF-SC;DEL04-SC;UOP03-DEL04-SC;;;
653878;08/01/2025;quarta-feira;14:00:00;RO;364;10;VILHENA;Manobra de mudan�a de faixa;Colis�o transversal;Com V�timas Feridas;Pleno dia;Crescente;Chuva;Simples;Reta;Sim;2;0;1;0;1;0;1;2;-12,74884525;-60,10823965;SPRF-RO;DEL04-RO;UOP01-DEL04-RO;;;
653880;08/01/2025;quarta-feira;17:10:00;MA;135;16;SAO LUIS;Entrada inopinada do pedestre;Atropelamento de Pedestre;Sem V�timas;Pleno dia;Decrescente;C�u Claro;Simples;"Retorno Regulamentado;Reta";N�o;2;0;0;0;1;1;0;2;-2,53073;-44,3068;SPRF-MA;DEL01-MA;UOP01-DEL01-MA;;;
653881;08/01/2025;quarta-feira;17:30:00;RS;153;49;ERECHIM;Entrada inopinada do pedestre;Atropelamento de Pedestre;Com V�timas Feridas;Pleno dia;Crescente;Nublado;Simples;"Reta;Interse��o de Vias";Sim;2;0;1;0;1;0;1;2;-27,65513812;-52,26579899;SPRF-RS;DEL08-RS;UOP04-DEL08-RS;;;
653882;08/01/2025;quarta-feira;16:50:00;PR;376;677;GUARATUBA;Velocidade Incompat�vel;Sa�da de leito carro��vel;Com V�timas Feridas;Pleno dia;Decrescente;Chuva;Dupla;Curva;N�o;1;0;1;0;0;0;1;1;-25,93367517;-48,9113003;SPRF-PR;DEL01-PR;UOP04-DEL01-PR;;;
653884;08/01/2025;quarta-feira;17:20:00;PE;104;74,8;CARUARU;Acessar a via sem observar a presen�a dos outros ve�culos;Colis�o transversal;Com V�timas Feridas;Anoitecer;Crescente;C�u Claro;Simples;"Declive;Reta";N�o;2;0;0;2;0;0;2;2;-8,349874;-35,985184;SPRF-PE;DEL02-PE;UOP01-DEL02-PE;;;
653887;08/01/2025;quarta-feira;18:10:00;SP;101;52;UBATUBA;Transitar na contram�o;Colis�o lateral sentido oposto;Com V�timas Feridas;Anoitecer;Crescente;Chuva;Simples;Rotat�ria;Sim;3;0;1;0;2;0;1;2;-23,46329554;-45,06439447;SPRF-SP;DEL06-SP;UOP01-DEL06-SP;;;
653888;08/01/2025;quarta-feira;18:10:00;MG;381;451;SABARA;Acesso irregular;Colis�o frontal;Com V�timas Feridas;Anoitecer;Decrescente;C�u Claro;Simples;Interse��o de Vias;Sim;2;0;1;0;1;0;1;2;-19,83832024;-43,8806931;SPRF-MG;DEL01-MG;UOP01-DEL01-MG;;;
653889;08/01/2025;quarta-feira;18:31:00;ES;101;260,8;SERRA;Afundamento ou ondula��o no pavimento;Queda de ocupante de ve�culo;Com V�timas Feridas;Plena Noite;Decrescente;Chuva;Simples;Curva;N�o;1;0;1;0;0;0;1;1;-20,14616415;-40,28836206;SPRF-ES;DEL02-ES;UOP01-DEL02-ES;;;
653891;08/01/2025;quarta-feira;18:30:00;SC;470;59,8;BLUMENAU;Convers�o proibida;Colis�o lateral mesmo sentido;Com V�timas Feridas;Pleno dia;Crescente;Nublado;Simples;"Em Obras;Reta;Aclive";N�o;3;0;1;0;2;0;1;2;-26,882812;-49,1548;SPRF-SC;DEL04-SC;UOP01-DEL04-SC;;;
653892;08/01/2025;quarta-feira;13:15:00;RO;421;25;MONTE NEGRO;Condutor deixou de manter dist�ncia do ve�culo da frente;Eventos at�picos;Com V�timas Feridas;Pleno dia;Decrescente;Nublado;Simples;Reta;N�o;2;0;1;0;0;1;1;2;-10,07348;-63,212029;SPRF-RO;DEL03-RO;UOP01-DEL03-RO;;;
653893;08/01/2025;quarta-feira;18:30:00;BA;101;156;CONCEICAO DO JACUIPE;Acessar a via sem observar a presen�a dos outros ve�culos;Colis�o transversal;Com V�timas Feridas;Anoitecer;Crescente;C�u Claro;Dupla;Reta;N�o;2;0;1;0;1;0;1;2;-12,3271571;-38,74540508;SPRF-BA;DEL01-BA;UOP03-DEL01-BA;;;
653894;08/01/2025;quarta-feira;18:40:00;CE;116;13;FORTALEZA;Condutor deixou de manter dist�ncia do ve�culo da frente;Colis�o traseira;Com V�timas Feridas;Plena Noite;Crescente;C�u Claro;M�ltipla;Reta;Sim;3;0;2;0;1;0;2;2;-3,86088501;-38,49715296;SPRF-CE;DEL01-CE;UOP02-DEL01-CE;;;
653901;08/01/2025;quarta-feira;17:05:00;SC;280;21;ARAQUARI;Acessar a via sem observar a presen�a dos outros ve�culos;Colis�o transversal;Com V�timas Feridas;Pleno dia;Crescente;Nublado;Simples;Reta;Sim;3;0;1;0;1;1;1;3;-26,37043169;-48,69219602;SPRF-SC;DEL03-SC;UOP03-DEL03-SC;;;
653904;08/01/2025;quarta-feira;18:55:00;RN;101;95;NATAL;Aus�ncia de rea��o do condutor;Colis�o com objeto;Com V�timas Feridas;Plena Noite;Crescente;C�u Claro;Simples;Reta;Sim;1;0;0;1;0;0;1;1;-5,84076841;-35,21035949;SPRF-RN;DEL01-RN;UOP01-DEL01-RN;;;
653905;08/01/2025;quarta-feira;18:45:00;PE;101;48,7;ABREU E LIMA;Trafegar com motocicleta (ou similar) entre as faixas;Colis�o lateral mesmo sentido;Com V�timas Feridas;Plena Noite;Crescente;C�u Claro;M�ltipla;Reta;Sim;2;0;1;0;0;1;1;2;-7,88972767;-34,90393996;SPRF-PE;DEL01-PE;UOP02-DEL01-PE;;;
653906;08/01/2025;quarta-feira;19:40:00;SP;101;51,3;UBATUBA;Rea��o tardia ou ineficiente do condutor;Colis�o traseira;Sem V�timas;Plena Noite;Decrescente;Chuva;Simples;Reta;Sim;2;0;0;0;2;0;0;2;-23,45627795;-45,07111896;SPRF-SP;DEL06-SP;UOP01-DEL06-SP;;;
653907;08/01/2025;quarta-feira;17:00:00;RJ;101;297;ITABORAI;Pedestre cruzava a pista fora da faixa;Atropelamento de Pedestre;Com V�timas Feridas;Pleno dia;Crescente;Garoa/Chuvisco;Dupla;"Declive;Reta";N�o;3;0;1;0;2;0;1;3;-22,76942037;-42,91873581;SPRF-RJ;DEL02-RJ;UOP02-DEL02-RJ;;;
653908;08/01/2025;quarta-feira;18:40:00;GO;153;508,9;APARECIDA DE GOIANIA;Aus�ncia de rea��o do condutor;Tombamento;Com V�timas Fatais;Plena Noite;Decrescente;Chuva;M�ltipla;"Declive;Reta";Sim;2;1;0;0;1;0;0;2;-16,79622;-49,2383358;SPRF-GO;DEL01-GO;UOP03-DEL01-GO;;;
653909;08/01/2025;quarta-feira;19:00:00;PR;277;260;IRATI;Demais falhas mec�nicas ou el�tricas;Sa�da de leito carro��vel;Com V�timas Feridas;Pleno dia;Crescente;C�u Claro;Simples;Reta;N�o;4;0;2;0;2;0;2;1;-25,42743085;-50,74272088;SPRF-PR;DEL08-PR;UOP02-DEL08-PR;;;
653910;08/01/2025;quarta-feira;18:30:00;BA;367;83;EUNAPOLIS;Acessar a via sem observar a presen�a dos outros ve�culos;Colis�o transversal;Com V�timas Feridas;Plena Noite;Crescente;C�u Claro;Simples;Reta;Sim;2;0;1;0;1;0;1;2;-16,37256267;-39,57064408;SPRF-BA;DEL09-BA;UOP03-DEL09-BA;;;
653912;08/01/2025;quarta-feira;18:45:00;MG;40;667,9;CARANDAI;Acumulo de �gua sobre o pavimento;Sa�da de leito carro��vel;Com V�timas Feridas;Plena Noite;Decrescente;Chuva;Simples;Curva;Sim;1;0;1;0;0;0;1;1;-20,94645319;-43,79932806;SPRF-MG;DEL05-MG;UOP02-DEL05-MG;;;
653915;08/01/2025;quarta-feira;20:00:00;SC;101;324;CAPIVARI DE BAIXO;Acessar a via sem observar a presen�a dos outros ve�culos;Colis�o lateral mesmo sentido;Com V�timas Feridas;Anoitecer;Crescente;Nublado;Dupla;"Interse��o de Vias;Viaduto";Sim;2;0;1;0;1;0;1;2;-28,42527871;-48,94367337;SPRF-SC;DEL02-SC;UOP01-DEL02-SC;;;
653918;08/01/2025;quarta-feira;11:00:00;RJ;101;321;NITEROI;Aus�ncia de rea��o do condutor;Engavetamento;Com V�timas Feridas;Pleno dia;Crescente;C�u Claro;M�ltipla;Reta;N�o;3;0;1;0;2;0;1;3;-22,86981096;-43,11046465;SPRF-RJ;DEL02-RJ;UOP01-DEL02-RJ;;;
653919;08/01/2025;quarta-feira;21:00:00;ES;101;148;LINHARES;Ingest�o de �lcool pelo condutor;Colis�o traseira;Sem V�timas;Plena Noite;Crescente;Garoa/Chuvisco;M�ltipla;Reta;Sim;2;0;0;0;2;0;0;2;-19,38787399;-40,06752766;SPRF-ES;DEL04-ES;UOP01-DEL04-ES;;;
653924;08/01/2025;quarta-feira;17:20:00;PI;343;10,1;PARNAIBA;Acessar a via sem observar a presen�a dos outros ve�culos;Colis�o lateral mesmo sentido;Com V�timas Feridas;Pleno dia;Decrescente;C�u Claro;Simples;Reta;Sim;4;0;1;0;2;1;1;2;-2,90234294;-41,74373603;SPRF-PI;DEL05-PI;UOP01-DEL05-PI;;;
653925;08/01/2025;quarta-feira;11:35:00;MG;251;211;CACHOEIRA DE PAJEU;Acumulo de �gua sobre o pavimento;Colis�o com objeto;Com V�timas Feridas;Pleno dia;Crescente;Chuva;Simples;Reta;N�o;5;0;5;0;0;0;5;1;-15,90381582;-41,55602403;SPRF-MG;DEL12-MG;UOP02-DEL12-MG;;;
653926;08/01/2025;quarta-feira;21:45:00;MG;381;409,4;NOVA UNIAO;Velocidade Incompat�vel;Sa�da de leito carro��vel;Com V�timas Fatais;Plena Noite;Crescente;Nublado;Dupla;Curva;N�o;5;1;2;1;0;1;3;2;-19,740892;-43,555765;SPRF-MG;DEL01-MG;UOP01-DEL01-MG;;;
653928;08/01/2025;quarta-feira;19:30:00;MT;70;3;BARRA DO GARCAS;Rea��o tardia ou ineficiente do condutor;Sa�da de leito carro��vel;Com V�timas Feridas;Plena Noite;Crescente;Nublado;Dupla;"Reta;Aclive";Sim;3;0;1;1;0;1;2;2;-15,88252843;-52,27574027;SPRF-MT;DEL07-MT;UOP01-DEL07-MT;;;
653929;08/01/2025;quarta-feira;21:00:00;MT;163;831,9;SINOP;Pedestre cruzava a pista fora da faixa;Atropelamento de Pedestre;Com V�timas Feridas;Plena Noite;Decrescente;Chuva;Simples;Reta;Sim;3;0;1;0;2;0;1;2;-11,888411;-55,50245;SPRF-MT;DEL06-MT;UOP02-DEL06-MT;;;
653934;08/01/2025;quarta-feira;22:30:00;PR;487;177;CAMPO MOURAO;Convers�o proibida;Colis�o transversal;Com V�timas Feridas;Plena Noite;Crescente;C�u Claro;Simples;"Aclive;Reta";N�o;3;0;1;0;2;0;1;2;-24,03898208;-52,40911903;SPRF-PR;DEL09-PR;UOP03-DEL09-PR;;;
653935;08/01/2025;quarta-feira;16:25:00;SP;116;150;SAO JOSE DOS CAMPOS;Avarias e/ou desgaste excessivo no pneu;Tombamento;Com V�timas Feridas;Pleno dia;Decrescente;Chuva;M�ltipla;"Reta;Declive";N�o;1;0;1;0;0;0;1;1;-23,21335525;-45,8930588;SPRF-SP;DEL02-SP;UOP01-DEL02-SP;;;
653938;08/01/2025;quarta-feira;18:21:00;MT;163;659;LUCAS DO RIO VERDE;Acumulo de �gua sobre o pavimento;Tombamento;Com V�timas Feridas;Plena Noite;Crescente;Chuva;Simples;Reta;N�o;1;0;1;0;0;0;1;1;-13,40653502;-56,08523707;SPRF-MT;DEL06-MT;UOP01-DEL06-MT;;;
653941;08/01/2025;quarta-feira;20:15:00;MG;50;118,6;UBERABA;Avarias e/ou desgaste excessivo no pneu;Sa�da de leito carro��vel;Sem V�timas;Plena Noite;Crescente;Garoa/Chuvisco;Dupla;Reta;N�o;1;0;0;0;1;0;0;1;-19,29969201;-48,11376802;SPRF-MG;DEL13-MG;UOP01-DEL13-MG;;;
653942;09/01/2025;quinta-feira;00:00:00;SC;101;89;BARRA VELHA;Aus�ncia de rea��o do condutor;Colis�o traseira;Com V�timas Feridas;Plena Noite;Crescente;Chuva;Simples;Reta;N�o;6;0;4;0;2;0;4;2;-26,65175997;-48,68721921;SPRF-SC;DEL03-SC;UOP02-DEL03-SC;;;
653943;08/01/2025;quarta-feira;23:30:00;PA;230;139;MARABA;Animais na Pista;Atropelamento de Animal;Com V�timas Feridas;Plena Noite;Crescente;C�u Claro;Simples;Declive;N�o;2;0;1;0;1;0;1;1;-5,32771071;-49,23715374;SPRF-PA;DEL03-PA;UOP01-DEL03-PA;;;
653946;09/01/2025;quinta-feira;01:30:00;SC;101;204;SAO JOSE;Pista Escorregadia;Queda de ocupante de ve�culo;Com V�timas Feridas;Plena Noite;Decrescente;Chuva;Dupla;"Reta;Declive";Sim;2;0;1;1;0;0;2;1;-27,57413014;-48,61363083;SPRF-SC;DEL01-SC;UOP01-DEL01-SC;;;
653948;09/01/2025;quinta-feira;00:40:00;RJ;101;384,5;RIO DE JANEIRO;Acessar a via sem observar a presen�a dos outros ve�culos;Colis�o lateral mesmo sentido;Sem V�timas;Plena Noite;Decrescente;Chuva;M�ltipla;Reta;Sim;3;0;0;0;3;0;0;2;-22,8765463;-43,61463385;SPRF-RJ;DEL03-RJ;UOP01-DEL03-RJ;;;
653951;08/01/2025;quarta-feira;22:30:00;RS;158;333;SANTA MARIA;Pedestre andava na pista;Atropelamento de Pedestre;Com V�timas Fatais;Plena Noite;Crescente;C�u Claro;Simples;Reta;Sim;2;1;0;1;0;0;1;2;-29,70846948;-53,86426102;SPRF-RS;DEL09-RS;UOP01-DEL09-RS;;;
653954;09/01/2025;quinta-feira;01:08:00;MT;163;1066;GUARANTA DO NORTE;Ingest�o de �lcool pelo condutor;Sa�da de leito carro��vel;Sem V�timas;Plena Noite;Decrescente;Chuva;Simples;Reta;Sim;2;0;0;0;2;0;0;1;-9,93933;-54,903238;SPRF-MT;DEL06-MT;UOP03-DEL06-MT;;;
653955;09/01/2025;quinta-feira;04:50:00;SC;470;75,2;INDAIAL;Velocidade Incompat�vel;Sa�da de leito carro��vel;Com V�timas Feridas;Amanhecer;Decrescente;Nublado;Simples;Reta;N�o;1;0;0;1;0;0;1;1;-26,924833;-49,284004;SPRF-SC;DEL04-SC;UOP01-DEL04-SC;;;
653958;09/01/2025;quinta-feira;05:50:00;MG;381;443;SANTA LUZIA;Velocidade Incompat�vel;Sa�da de leito carro��vel;Com V�timas Feridas;Amanhecer;Crescente;Chuva;Simples;"Curva;Declive";N�o;5;0;4;0;1;0;4;1;-19,808479;-43,78324;SPRF-MG;DEL01-MG;UOP01-DEL01-MG;;;
653959;09/01/2025;quinta-feira;05:10:00;PE;232;134;CARUARU;Condutor deixou de manter dist�ncia do ve�culo da frente;Colis�o traseira;Com V�timas Feridas;Amanhecer;Crescente;C�u Claro;M�ltipla;Reta;Sim;2;0;1;0;1;0;1;2;-8,30853497;-36,02442101;SPRF-PE;DEL02-PE;UOP01-DEL02-PE;;;
653969;09/01/2025;quinta-feira;07:07:00;RS;116;38,5;VACARIA;Condutor deixou de manter dist�ncia do ve�culo da frente;Colis�o traseira;Com V�timas Feridas;Pleno dia;Crescente;Nublado;Simples;"Interse��o de Vias;Reta";Sim;4;0;1;0;3;0;1;2;-28,50548;-50,92516;SPRF-RS;DEL05-RS;UOP03-DEL05-RS;;;
653971;09/01/2025;quinta-feira;07:35:00;SC;101;79;ARAQUARI;Aus�ncia de rea��o do condutor;Tombamento;Com V�timas Feridas;Pleno dia;Decrescente;Nublado;M�ltipla;Reta;N�o;1;0;1;0;0;0;1;1;-26,58559601;-48,72192112;SPRF-SC;DEL03-SC;UOP02-DEL03-SC;;;
653974;09/01/2025;quinta-feira;07:00:00;ES;101;269,8;SERRA;Aus�ncia de rea��o do condutor;Colis�o traseira;Com V�timas Feridas;Pleno dia;Crescente;Chuva;Dupla;Reta;Sim;2;0;1;0;1;0;1;2;-20,21740496;-40,26990578;SPRF-ES;DEL02-ES;UOP01-DEL02-ES;;;
653976;09/01/2025;quinta-feira;06:00:00;SC;282;6;SAO JOSE;Ingest�o de �lcool pelo condutor;Colis�o com objeto;Sem V�timas;Amanhecer;Crescente;Garoa/Chuvisco;Simples;Curva;Sim;1;0;0;0;1;0;0;1;-27,588425;-48,612919;SPRF-SC;DEL01-SC;UOP01-DEL01-SC;;;
653977;09/01/2025;quinta-feira;06:45:00;RN;101;81;NATAL;Aus�ncia de rea��o do condutor;Colis�o traseira;Com V�timas Feridas;Pleno dia;Crescente;C�u Claro;Dupla;Reta;Sim;2;0;1;0;1;0;1;2;-5,76469466;-35,28295988;SPRF-RN;DEL02-RN;UOP01-DEL02-RN;;;
653978;09/01/2025;quinta-feira;07:30:00;BA;324;602;SIMOES FILHO;Pista esburacada;Tombamento;Com V�timas Feridas;Pleno dia;Crescente;C�u Claro;M�ltipla;Reta;N�o;2;0;2;0;0;0;2;1;-12,76402892;-38,42393483;SPRF-BA;DEL01-BA;UOP01-DEL01-BA;;;
653979;09/01/2025;quinta-feira;08:10:00;SC;101;29,6;JOINVILLE;Trafegar com motocicleta (ou similar) entre as faixas;Colis�o lateral mesmo sentido;Com V�timas Feridas;Pleno dia;Crescente;C�u Claro;Dupla;Reta;N�o;2;0;1;0;1;0;1;2;-26,211903;-48,91589904;SPRF-SC;DEL03-SC;UOP01-DEL03-SC;;;
653980;09/01/2025;quinta-feira;08:20:00;MG;40;805,9;MATIAS BARBOSA;Retorno proibido;Colis�o transversal;Com V�timas Feridas;Pleno dia;Crescente;Nublado;Dupla;Retorno Regulamentado;N�o;2;0;0;1;1;0;1;2;-21,866665;-43,36145192;SPRF-MG;DEL05-MG;UOP01-DEL05-MG;;;
653981;09/01/2025;quinta-feira;08:00:00;CE;116;14;FORTALEZA;Manobra de mudan�a de faixa;Colis�o lateral mesmo sentido;Com V�timas Feridas;Pleno dia;Crescente;Nublado;Dupla;Reta;Sim;2;0;1;0;1;0;1;2;-3,86973356;-38,49827361;SPRF-CE;DEL01-CE;UOP02-DEL01-CE;;;
653983;09/01/2025;quinta-feira;08:29:00;RN;304;204;LAJES;Aus�ncia de rea��o do condutor;Colis�o traseira;Com V�timas Feridas;Pleno dia;Crescente;C�u Claro;Simples;Reta;N�o;6;0;1;0;5;0;1;2;-5,73480279;-36,13047997;SPRF-RN;DEL01-RN;UOP03-DEL01-RN;;;
653985;09/01/2025;quinta-feira;07:30:00;MG;262;387;FLORESTAL;Acumulo de �gua sobre o pavimento;Colis�o com objeto;Com V�timas Feridas;Pleno dia;Crescente;Garoa/Chuvisco;Dupla;Reta;N�o;3;0;1;0;2;0;1;1;-19,93472988;-44,43457599;SPRF-MG;DEL01-MG;UOP03-DEL01-MG;;;
653988;08/01/2025;quarta-feira;18:10:00;SP;101;31;UBATUBA;Chuva;Colis�o traseira;Sem V�timas;Pleno dia;Decrescente;Chuva;M�ltipla;"Reta;Aclive";N�o;3;0;0;0;3;0;0;2;-23,38434701;-44,97217398;SPRF-SP;DEL06-SP;UOP01-DEL06-SP;;;
653990;09/01/2025;quinta-feira;08:17:00;PB;230;15,1;CABEDELO;Condutor deixou de manter dist�ncia do ve�culo da frente;Colis�o traseira;Com V�timas Feridas;Pleno dia;Crescente;C�u Claro;Dupla;Reta;N�o;3;0;1;0;1;1;1;2;-7,093;-34,8482;SPRF-PB;DEL01-PB;UOP01-DEL01-PB;;;
653992;09/01/2025;quinta-feira;08:00:00;RJ;101;52;CAMPOS DOS GOYTACAZES;Animais na Pista;Atropelamento de Animal;Com V�timas Feridas;Pleno dia;Crescente;C�u Claro;Simples;Reta;N�o;1;0;1;0;0;0;1;1;-21,660484;-41,31128898;SPRF-RJ;DEL08-RJ;UOP01-DEL08-RJ;;;
653993;09/01/2025;quinta-feira;09:35:00;PR;469;21;FOZ DO IGUACU;Condutor Dormindo;Colis�o traseira;Sem V�timas;Pleno dia;Crescente;C�u Claro;Simples;Reta;Sim;3;0;0;0;3;0;0;3;-25,6114;-54,4861;SPRF-PR;DEL05-PR;UOP04-DEL05-PR;;;
653995;09/01/2025;quinta-feira;08:00:00;MG;116;674;MIRADOURO;Acessar a via sem observar a presen�a dos outros ve�culos;Sa�da de leito carro��vel;Com V�timas Feridas;Pleno dia;Crescente;C�u Claro;Simples;Curva;N�o;1;0;1;0;0;0;1;1;-20,89732211;-42,34378692;SPRF-MG;DEL07-MG;UOP02-DEL07-MG;;;
653996;09/01/2025;quinta-feira;08:50:00;PR;277;725,7;FOZ DO IGUACU;Rea��o tardia ou ineficiente do condutor;Colis�o traseira;Sem V�timas;Pleno dia;Crescente;C�u Claro;Simples;"Rotat�ria;Viaduto";Sim;2;0;0;0;2;0;0;2;-25,5107509;-54,55016077;SPRF-PR;DEL05-PR;UOP03-DEL05-PR;;;
653997;09/01/2025;quinta-feira;07:30:00;PR;376;674;GUARATUBA;Demais falhas mec�nicas ou el�tricas;Inc�ndio;Sem V�timas;Pleno dia;Decrescente;Nublado;Dupla;Reta;N�o;1;0;0;0;1;0;0;1;-25,90851198;-48,92070682;SPRF-PR;DEL01-PR;UOP04-DEL01-PR;;;
653998;09/01/2025;quinta-feira;09:20:00;SC;101;339;TUBARAO;Condutor usando celular;Colis�o com objeto;Com V�timas Feridas;Pleno dia;Decrescente;Sol;M�ltipla;Ponte;N�o;4;0;3;0;1;0;3;1;-28,49351117;-49,04178985;SPRF-SC;DEL02-SC;UOP01-DEL02-SC;;;
653999;09/01/2025;quinta-feira;09:00:00;BA;367;23;PORTO SEGURO;Acesso irregular;Colis�o frontal;Com V�timas Feridas;Pleno dia;Crescente;C�u Claro;Simples;Reta;Sim;2;0;1;0;1;0;1;2;-16,43517732;-39,07201198;SPRF-BA;DEL09-BA;UOP03-DEL09-BA;;;
654002;09/01/2025;quinta-feira;09:41:00;RS;386;113,2;SARANDI;Acessar a via sem observar a presen�a dos outros ve�culos;Colis�o transversal;Sem V�timas;Pleno dia;Crescente;C�u Claro;Simples;"Interse��o de Vias;Curva";N�o;3;0;0;0;3;0;0;2;-27,826075;-53,031448;SPRF-RS;DEL08-RS;UOP01-DEL08-RS;;;
654003;09/01/2025;quinta-feira;09:30:00;PR;369;184;ARAPONGAS;Avarias e/ou desgaste excessivo no pneu;Tombamento;Com V�timas Feridas;Pleno dia;Decrescente;C�u Claro;Simples;Reta;Sim;2;0;2;0;0;0;2;1;-23,40705487;-51,42811239;SPRF-PR;DEL07-PR;UOP03-DEL07-PR;;;
654006;09/01/2025;quinta-feira;10:30:00;CE;116;19;ITAITINGA;Condutor Dormindo;Colis�o com objeto;Com V�timas Feridas;Pleno dia;Crescente;C�u Claro;Dupla;Reta;Sim;1;0;0;1;0;0;1;1;-3,91384397;-38,50667231;SPRF-CE;DEL01-CE;UOP02-DEL01-CE;;;
654009;09/01/2025;quinta-feira;11:15:00;MG;40;493;ESMERALDAS;Chuva;Sa�da de leito carro��vel;Com V�timas Feridas;Pleno dia;Decrescente;Chuva;Dupla;"Curva;Declive";N�o;2;0;2;0;0;0;2;1;-19,64620694;-44,20301977;SPRF-MG;DEL02-MG;UOP01-DEL02-MG;;;
654010;09/01/2025;quinta-feira;10:35:00;PI;343;3;TERESINA;Rea��o tardia ou ineficiente do condutor;Colis�o traseira;Com V�timas Feridas;Pleno dia;Crescente;Nublado;Simples;Reta;Sim;3;0;1;0;2;0;1;2;-5,081003;-42,776359;SPRF-PI;DEL01-PI;UOP01-DEL01-PI;;;
654012;09/01/2025;quinta-feira;11:20:00;RS;290;206,5;PANTANO GRANDE;Demais falhas mec�nicas ou el�tricas;Colis�o com objeto;Com V�timas Feridas;Pleno dia;Crescente;Sol;Simples;"Reta;Em Obras";N�o;3;0;1;0;2;0;1;1;-30,169573;-52,278069;SPRF-RS;DEL02-RS;UOP03-DEL02-RS;;;
654014;09/01/2025;quinta-feira;11:49:00;RN;110;46,1;MOSSORO;Convers�o proibida;Colis�o transversal;Com V�timas Feridas;Pleno dia;Crescente;C�u Claro;Dupla;Reta;Sim;2;0;0;1;1;0;1;2;-5,19797675;-37,31839819;SPRF-RN;DEL04-RN;UOP01-DEL04-RN;;;
654016;09/01/2025;quinta-feira;12:00:00;MG;50;52,9;ARAGUARI;Manobra de mudan�a de faixa;Colis�o lateral mesmo sentido;Com V�timas Feridas;Pleno dia;Crescente;Sol;Dupla;"Declive;Reta";N�o;2;0;1;0;0;1;1;2;-18,76136852;-48,24076546;SPRF-MG;DEL15-MG;UOP02-DEL15-MG;;;