id;data_inversa;dia_semana;horario;uf;br;km;municipio;causa_acidente;tipo_acidente;classificacao_acidente;fase_dia;sentido_via;condicao_metereologica;tipo_pista;tracado_via;uso_solo;pessoas;mortos;feridos_leves;feridos_graves;ilesos;ignorados;feridos;veiculos;latitude;longitude;regional;delegacia;uop;;;
654017;09/01/2025;quinta-feira;11:20:00;MS;163;183;JUTI;Rea��o tardia ou ineficiente do condutor;Sa�da de leito carro��vel;Com V�timas Feridas;Pleno dia;Crescente;C�u Claro;Simples;Curva;N�o;4;0;1;0;3;0;1;1;-22,81789076;-54,70297393;SPRF-MS;DEL09-MS;UOP01-DEL09-MS;;;
654019;09/01/2025;quinta-feira;11:50:00;SP;116;283;EMBU DAS ARTES;Afundamento ou ondula��o no pavimento;Queda de ocupante de ve�culo;Com V�timas Feridas;Pleno dia;Decrescente;C�u Claro;Dupla;Reta;Sim;1;0;1;0;0;0;1;1;-23,69297005;-46,86352786;SPRF-SP;DEL04-SP;UOP01-DEL04-SP;;;
654020;09/01/2025;quinta-feira;12:30:00;PA;316;57;CASTANHAL;Rea��o tardia ou ineficiente do condutor;Tombamento;Com V�timas Feridas;Pleno dia;Crescente;C�u Claro;Dupla;"Reta;Aclive";Sim;2;0;2;0;0;0;2;1;-1,30088766;-47,98196704;SPRF-PA;DEL01-PA;UOP01-DEL01-PA;;;
654022;09/01/2025;quinta-feira;11:00:00;PB;361;4,2;PATOS;Rea��o tardia ou ineficiente do condutor;Colis�o lateral mesmo sentido;Com V�timas Feridas;Pleno dia;Crescente;C�u Claro;Simples;Reta;Sim;2;0;1;1;0;0;2;2;-7,03208047;-37,29365088;SPRF-PB;DEL03-PB;UOP01-DEL03-PB;;;
654028;09/01/2025;quinta-feira;13:40:00;MG;262;478,9;BOM DESPACHO;Transitar na contram�o;Colis�o frontal;Com V�timas Feridas;Pleno dia;Decrescente;Sol;Simples;Reta;Sim;2;0;1;0;1;0;1;2;-19,78767779;-45,22989387;SPRF-MG;DEL08-MG;UOP03-DEL08-MG;;;
654029;09/01/2025;quinta-feira;14:08:00;ES;262;0,5;CARIACICA;Avarias e/ou desgaste excessivo no pneu;Colis�o com objeto;Com V�timas Feridas;Pleno dia;Decrescente;Nublado;Dupla;"Reta;Ponte";Sim;1;0;0;1;0;0;1;1;-20,320793;-40,353315;SPRF-ES;DEL01-ES;UOP01-DEL01-ES;;;
654030;09/01/2025;quinta-feira;09:00:00;MG;365;502;PATROCINIO;Ultrapassagem Indevida;Colis�o frontal;Com V�timas Feridas;Pleno dia;Decrescente;C�u Claro;Simples;Reta;N�o;5;0;5;0;0;0;5;2;-18,95990548;-47,24650221;SPRF-MG;DEL10-MG;UOP01-DEL10-MG;;;
654031;09/01/2025;quinta-feira;13:40:00;PR;116;130;FAZENDA RIO GRANDE;Rea��o tardia ou ineficiente do condutor;Colis�o lateral mesmo sentido;Com V�timas Feridas;Pleno dia;Crescente;Sol;Dupla;Reta;Sim;2;0;1;0;1;0;1;2;-25,63927799;-49,31302988;SPRF-PR;DEL01-PR;UOP03-DEL01-PR;;;
654036;06/01/2025;segunda-feira;05:20:00;MT;70;515;VARZEA GRANDE;Acesso irregular;Colis�o frontal;Com V�timas Feridas;Amanhecer;Crescente;Garoa/Chuvisco;Simples;Reta;Sim;3;0;2;0;1;0;2;2;-15,70526;-56,145435;SPRF-MT;DEL01-MT;UOP02-DEL01-MT;;;
654039;09/01/2025;quinta-feira;13:50:00;RS;116;374;TAPES;Avarias e/ou desgaste excessivo no pneu;Tombamento;Com V�timas Feridas;Pleno dia;Crescente;C�u Claro;Dupla;Curva;N�o;2;0;1;0;1;0;1;1;-30,72576022;-51,61377275;SPRF-RS;DEL02-RS;UOP02-DEL02-RS;;;
654041;09/01/2025;quinta-feira;14:59:00;RS;116;495;TURUCU;Demais falhas mec�nicas ou el�tricas;Tombamento;Com V�timas Feridas;Pleno dia;Crescente;C�u Claro;Simples;Curva;N�o;2;0;2;0;0;0;2;1;-31,51237676;-52,22455149;SPRF-RS;DEL07-RS;UOP01-DEL07-RS;;;
654043;09/01/2025;quinta-feira;12:20:00;RJ;101;318;SAO GONCALO;Aus�ncia de rea��o do condutor;Tombamento;Com V�timas Feridas;Pleno dia;Decrescente;Chuva;Dupla;Reta;N�o;1;0;1;0;0;0;1;1;-22,84562994;-43,09841211;SPRF-RJ;DEL02-RJ;UOP02-DEL02-RJ;;;
654044;09/01/2025;quinta-feira;12:30:00;RO;364;713;PORTO VELHO;Entrada inopinada do pedestre;Atropelamento de Pedestre;Com V�timas Feridas;Pleno dia;Crescente;Chuva;Simples;Interse��o de Vias;Sim;2;0;1;0;1;0;1;2;-8,77164381;-63,88371706;SPRF-RO;DEL01-RO;UOP01-DEL01-RO;;;
654046;09/01/2025;quinta-feira;15:05:00;PE;101;57;PAULISTA;Condutor deixou de manter dist�ncia do ve�culo da frente;Colis�o traseira;Com V�timas Feridas;Pleno dia;Decrescente;C�u Claro;Dupla;Reta;Sim;3;0;2;0;1;0;2;2;-7,96346213;-34,91513486;SPRF-PE;DEL01-PE;UOP02-DEL01-PE;;;
654050;09/01/2025;quinta-feira;16:10:00;RJ;116;171;RIO DE JANEIRO;Manobra de mudan�a de faixa;Colis�o lateral mesmo sentido;Sem V�timas;Pleno dia;Crescente;Garoa/Chuvisco;Dupla;Reta;Sim;2;0;0;0;2;0;0;2;-22,8060415;-43,34289573;SPRF-RJ;DEL06-RJ;UOP01-DEL06-RJ;;;
654051;09/01/2025;quinta-feira;16:15:00;MG;50;70;UBERLANDIA;Condutor deixou de manter dist�ncia do ve�culo da frente;Colis�o traseira;Com V�timas Feridas;Pleno dia;Decrescente;Nublado;Dupla;Reta;Sim;2;0;0;1;1;0;1;2;-18,85140204;-48,25345932;SPRF-MG;DEL15-MG;UOP01-DEL15-MG;;;
654057;09/01/2025;quinta-feira;16:30:00;RJ;101;61;CAMPOS DOS GOYTACAZES;Acessar a via sem observar a presen�a dos outros ve�culos;Colis�o transversal;Com V�timas Feridas;Pleno dia;Decrescente;Chuva;Simples;Reta;Sim;3;0;2;0;1;0;2;2;-21,72655788;-41,32133519;SPRF-RJ;DEL08-RJ;UOP01-DEL08-RJ;;;
654060;09/01/2025;quinta-feira;17:18:00;ES;101;70;SAO MATEUS;Acessar a via sem observar a presen�a dos outros ve�culos;Colis�o transversal;Com V�timas Feridas;Pleno dia;Crescente;Chuva;Simples;Reta;Sim;2;0;1;0;1;0;1;2;-18,74453703;-39,86164665;SPRF-ES;DEL04-ES;UOP02-DEL04-ES;;;
654061;09/01/2025;quinta-feira;16:50:00;RJ;101;273,9;TANGUA;Aus�ncia de rea��o do condutor;Colis�o lateral mesmo sentido;Com V�timas Feridas;Pleno dia;Crescente;Chuva;Dupla;"Viaduto;Reta;Aclive";Sim;2;0;1;0;0;1;1;2;-22,73506292;-42,71948103;SPRF-RJ;DEL02-RJ;UOP03-DEL02-RJ;;;
654062;09/01/2025;quinta-feira;17:05:00;RS;470;176;VERANOPOLIS;�rea urbana sem a presen�a de local apropriado para a travessia de pedestres;Atropelamento de Pedestre;Com V�timas Feridas;Pleno dia;Decrescente;C�u Claro;Simples;Curva;N�o;3;0;1;0;2;0;1;2;-28,929109;-51,54315;SPRF-RS;DEL06-RS;UOP02-DEL06-RS;;;
654065;09/01/2025;quinta-feira;16:00:00;MG;262;549;LUZ;Rea��o tardia ou ineficiente do condutor;Sa�da de leito carro��vel;Com V�timas Feridas;Pleno dia;Crescente;Chuva;Simples;Curva;N�o;1;0;1;0;0;0;1;1;-19,72508993;-45,86948395;SPRF-MG;DEL08-MG;UOP02-DEL08-MG;;;
654067;09/01/2025;quinta-feira;17:10:00;MG;381;485;BETIM;Manobra de mudan�a de faixa;Colis�o lateral mesmo sentido;Com V�timas Feridas;Amanhecer;Crescente;C�u Claro;M�ltipla;Reta;Sim;3;0;2;0;1;0;2;2;-19,95659361;-44,12622893;SPRF-MG;DEL01-MG;UOP03-DEL01-MG;;;
654069;09/01/2025;quinta-feira;16:30:00;PI;343;591,3;FLORIANO;Desrespeitar a prefer�ncia no cruzamento;Colis�o transversal;Com V�timas Feridas;Pleno dia;Decrescente;Nublado;Dupla;"Retorno Regulamentado;Reta";Sim;2;0;0;1;1;0;1;2;-6,781361;-43,023224;SPRF-PI;DEL03-PI;UOP01-DEL03-PI;;;
654070;09/01/2025;quinta-feira;17:10:00;PR;376;3,3;APUCARANA;Manobra de mudan�a de faixa;Colis�o transversal;Com V�timas Feridas;Pleno dia;Crescente;C�u Claro;Dupla;"Aclive;Reta;Interse��o de Vias";Sim;2;0;1;0;1;0;1;2;-23,55916536;-51,43816531;SPRF-PR;DEL07-PR;UOP03-DEL07-PR;;;
654071;09/01/2025;quinta-feira;18:10:00;BA;101;717;EUNAPOLIS;Acessar a via sem observar a presen�a dos outros ve�culos;Colis�o lateral mesmo sentido;Com V�timas Feridas;Plena Noite;Crescente;Chuva;Simples;Reta;Sim;2;0;1;0;0;1;1;2;-16,36758013;-39,58322525;SPRF-BA;DEL09-BA;UOP01-DEL09-BA;;;
654072;09/01/2025;quinta-feira;18:10:00;SC;101;208;SAO JOSE;Aus�ncia de rea��o do condutor;Queda de ocupante de ve�culo;Com V�timas Feridas;Pleno dia;Crescente;C�u Claro;M�ltipla;Reta;N�o;2;0;1;0;1;0;1;1;-27,60327979;-48,63201818;SPRF-SC;DEL01-SC;UOP01-DEL01-SC;;;
654074;05/01/2025;domingo;19:15:00;SC;101;282,5;IMBITUBA;Ultrapassagem Indevida;Colis�o lateral mesmo sentido;Com V�timas Feridas;Anoitecer;Decrescente;C�u Claro;Dupla;"Viaduto;Aclive;Reta";Sim;5;0;1;1;3;0;2;2;-28,21532334;-48,69973183;SPRF-SC;DEL02-SC;UOP03-DEL02-SC;;;
654076;09/01/2025;quinta-feira;16:00:00;PR;277;581,5;CASCAVEL;Pedestre cruzava a pista fora da faixa;Atropelamento de Pedestre;Com V�timas Feridas;Pleno dia;Decrescente;C�u Claro;Dupla;Reta;Sim;3;0;1;1;1;0;2;2;-24,98125257;-53,37778678;SPRF-PR;DEL04-PR;UOP01-DEL04-PR;;;
654081;09/01/2025;quinta-feira;19:15:00;RS;116;245;SAO LEOPOLDO;Desrespeitar a prefer�ncia no cruzamento;Colis�o transversal;Com V�timas Feridas;Anoitecer;Crescente;C�u Claro;Dupla;Interse��o de Vias;Sim;2;0;1;0;1;0;1;2;-29,74980902;-51,15125361;SPRF-RS;DEL01-RS;UOP02-DEL01-RS;;;
654082;09/01/2025;quinta-feira;19:00:00;PR;376;500;PONTA GROSSA;Rea��o tardia ou ineficiente do condutor;Colis�o traseira;Com V�timas Feridas;Anoitecer;Decrescente;C�u Claro;Dupla;Reta;Sim;5;0;1;1;3;0;2;2;-25,20185079;-50,07092178;SPRF-PR;DEL03-PR;UOP04-DEL03-PR;;;
654085;09/01/2025;quinta-feira;17:20:00;SC;153;7;AGUA DOCE;Ultrapassagem Indevida;Sa�da de leito carro��vel;Com V�timas Feridas;Anoitecer;Crescente;C�u Claro;Simples;Reta;N�o;3;0;3;0;0;0;3;1;-26,652559;-51,528454;SPRF-SC;DEL07-SC;UOP07-DEL07-SC;;;
654086;09/01/2025;quinta-feira;19:00:00;PI;135;351;BOM JESUS;Entrada inopinada do pedestre;Atropelamento de Pedestre;Com V�timas Feridas;Plena Noite;Decrescente;Garoa/Chuvisco;Dupla;Reta;Sim;2;0;0;1;1;0;1;2;-9,07627817;-44,34586005;SPRF-PI;DEL03-PI;UOP02-DEL03-PI;;;
654087;09/01/2025;quinta-feira;18:40:00;RJ;356;36;ITAPERUNA;Convers�o proibida;Colis�o traseira;Com V�timas Feridas;Plena Noite;Decrescente;Chuva;Simples;"Interse��o de Vias;Reta";Sim;2;0;1;0;0;1;1;2;-21,21399756;-41,87815475;SPRF-RJ;DEL08-RJ;UOP03-DEL08-RJ;;;
654088;09/01/2025;quinta-feira;19:00:00;RS;116;268;CANOAS;Demais falhas mec�nicas ou el�tricas;Queda de ocupante de ve�culo;Com V�timas Feridas;Anoitecer;Crescente;C�u Claro;Dupla;Reta;Sim;2;0;2;0;0;0;2;1;-29,95042502;-51,17652939;SPRF-RS;DEL01-RS;UOP01-DEL01-RS;;;
654089;09/01/2025;quinta-feira;19:30:00;MG;381;686,5;LAVRAS;Chuva;Colis�o com objeto;Com V�timas Feridas;Plena Noite;Crescente;Chuva;Dupla;Curva;N�o;2;0;2;0;0;0;2;1;-21,20030689;-45,11944438;SPRF-MG;DEL04-MG;UOP02-DEL04-MG;;;
654090;09/01/2025;quinta-feira;19:39:00;RN;101;96;NATAL;Pedestre cruzava a pista fora da faixa;Atropelamento de Pedestre;Com V�timas Feridas;Plena Noite;Decrescente;C�u Claro;Dupla;Reta;N�o;2;0;2;0;0;0;2;2;-5,84949622;-35,20890752;SPRF-RN;DEL01-RN;UOP01-DEL01-RN;;;
654092;09/01/2025;quinta-feira;18:20:00;BA;101;664;ITAPEBI;Pista Escorregadia;Colis�o com objeto;Sem V�timas;Plena Noite;Crescente;Chuva;Simples;Curva;N�o;4;0;0;0;4;0;0;1;-15,97686319;-39,56384897;SPRF-BA;DEL09-BA;UOP03-DEL09-BA;;;
654094;09/01/2025;quinta-feira;20:20:00;ES;101;278,2;SERRA;Chuva;Tombamento;Com V�timas Feridas;Plena Noite;Crescente;C�u Claro;M�ltipla;Reta;Sim;2;0;0;2;0;0;2;1;-20,21698365;-40,32974606;SPRF-ES;DEL02-ES;UOP01-DEL02-ES;;;
654095;09/01/2025;quinta-feira;17:00:00;MT;364;327;CAMPO VERDE;Rea��o tardia ou ineficiente do condutor;Sa�da de leito carro��vel;Com V�timas Feridas;Pleno dia;Decrescente;Chuva;Simples;"Aclive;Curva";N�o;3;0;3;0;0;0;3;1;-15,81316926;-55,38561692;SPRF-MT;DEL05-MT;UOP02-DEL05-MT;;;
654096;09/01/2025;quinta-feira;20:20:00;CE;116;14,3;FORTALEZA;Entrada inopinada do pedestre;Atropelamento de Pedestre;Com V�timas Feridas;Plena Noite;Crescente;C�u Claro;Dupla;Reta;Sim;2;0;0;1;1;0;1;2;-3,86973356;-38,49827361;SPRF-CE;DEL01-CE;UOP02-DEL01-CE;;;
654097;09/01/2025;quinta-feira;19:45:00;RS;472;541;URUGUAIANA;Acessar a via sem observar a presen�a dos outros ve�culos;Colis�o transversal;Com V�timas Feridas;Plena Noite;Decrescente;C�u Claro;Simples;Reta;N�o;6;0;1;0;5;0;1;2;-29,5324719;-56,78150303;SPRF-RS;DEL13-RS;UOP01-DEL13-RS;;;
654098;09/01/2025;quinta-feira;19:20:00;SC;101;122;ITAJAI;Trafegar com motocicleta (ou similar) entre as faixas;Colis�o lateral mesmo sentido;Com V�timas Feridas;Anoitecer;Decrescente;Garoa/Chuvisco;Dupla;Curva;N�o;3;0;1;0;2;0;1;2;-26,92955916;-48,70499836;SPRF-SC;DEL04-SC;UOP04-DEL04-SC;;;
654099;09/01/2025;quinta-feira;17:02:00;SP;116;48,2;LORENA;Condutor deixou de manter dist�ncia do ve�culo da frente;Colis�o traseira;Com V�timas Feridas;Anoitecer;Decrescente;Chuva;Dupla;Reta;N�o;2;0;1;0;1;0;1;2;-22,72498915;-45,06884189;SPRF-SP;DEL08-SP;UOP02-DEL08-SP;;;
654100;09/01/2025;quinta-feira;20:37:00;DF;70;7,2;BRASILIA;Acessar a via sem observar a presen�a dos outros ve�culos;Colis�o transversal;Com V�timas Feridas;Plena Noite;Decrescente;Nublado;Dupla;"Retorno Regulamentado;Reta";Sim;4;0;1;0;3;0;1;3;-15,787601;-48,114429;SPRF-DF;DEL03-DF;UOP02-DEL03-DF;;;
654101;09/01/2025;quinta-feira;19:56:00;RJ;101;245;SILVA JARDIM;Condutor deixou de manter dist�ncia do ve�culo da frente;Colis�o lateral mesmo sentido;Com V�timas Feridas;Plena Noite;Crescente;Garoa/Chuvisco;Dupla;Reta;N�o;2;0;2;0;0;0;2;2;-22,64524706;-42,48167495;SPRF-RJ;DEL02-RJ;UOP03-DEL02-RJ;;;
654103;09/01/2025;quinta-feira;20:40:00;BA;324;621;SALVADOR;Avarias e/ou desgaste excessivo no pneu;Colis�o traseira;Com V�timas Feridas;Plena Noite;Decrescente;C�u Claro;Dupla;Reta;Sim;5;0;3;0;1;1;3;3;-12,91233708;-38,45956983;SPRF-BA;DEL01-BA;UOP01-DEL01-BA;;;
654105;09/01/2025;quinta-feira;20:20:00;SC;101;356,9;SANGAO;Acumulo de areia ou detritos sobre o pavimento;Sa�da de leito carro��vel;Com V�timas Feridas;Plena Noite;Crescente;C�u Claro;Simples;"Curva;Interse��o de Vias";Sim;1;0;1;0;0;0;1;1;-28,635168;-49,09467;SPRF-SC;DEL02-SC;UOP01-DEL02-SC;;;
654107;09/01/2025;quinta-feira;18:50:00;RS;287;342,1;SAO VICENTE DO SUL;Velocidade Incompat�vel;Sa�da de leito carro��vel;Com V�timas Feridas;Anoitecer;Decrescente;C�u Claro;Simples;Reta;N�o;1;0;1;0;0;0;1;1;-29,57877814;-54,68185357;SPRF-RS;DEL12-RS;UOP02-DEL12-RS;;;
654108;09/01/2025;quinta-feira;20:46:00;GO;40;2;VALPARAISO DE GOIAS;Rea��o tardia ou ineficiente do condutor;Sa�da de leito carro��vel;Com V�timas Feridas;Plena Noite;Decrescente;C�u Claro;Dupla;Reta;Sim;3;0;2;0;1;0;2;2;-16,067129;-47,984235;SPRF-DF;DEL01-DF;UOP01-DEL01-DF;;;
654109;09/01/2025;quinta-feira;18:00:00;RJ;465;22,5;RIO DE JANEIRO;Acesso irregular;Colis�o transversal;Com V�timas Feridas;Plena Noite;Decrescente;Nublado;Simples;Reta;Sim;3;0;1;0;2;0;1;2;-22,863579;-43,601479;SPRF-RJ;DEL03-RJ;UOP01-DEL03-RJ;;;
654110;09/01/2025;quinta-feira;21:30:00;PA;316;37;SANTA IZABEL DO PARA;Aus�ncia de rea��o do condutor;Atropelamento de Pedestre;Com V�timas Fatais;Plena Noite;Crescente;C�u Claro;Dupla;Reta;N�o;2;1;0;0;0;1;0;2;-1,28522594;-48,14868959;SPRF-PA;DEL01-PA;UOP01-DEL01-PA;;;
654111;09/01/2025;quinta-feira;17:30:00;PR;277;117,8;CAMPO LARGO;Trafegar com motocicleta (ou similar) entre as faixas;Colis�o lateral mesmo sentido;Com V�timas Feridas;Pleno dia;Decrescente;Nublado;Dupla;Reta;N�o;3;0;1;0;2;0;1;3;-25,434195;-49,415613;SPRF-PR;DEL03-PR;UOP03-DEL03-PR;;;
654112;09/01/2025;quinta-feira;17:10:00;PR;277;120;CAMPO LARGO;Entrada inopinada do pedestre;Atropelamento de Pedestre;Com V�timas Feridas;Pleno dia;Decrescente;C�u Claro;Dupla;"Reta;Em Obras";Sim;2;0;1;0;1;0;1;2;-25,44682833;-49,48021173;SPRF-PR;DEL03-PR;UOP03-DEL03-PR;;;
654113;09/01/2025;quinta-feira;20:30:00;AL;316;142;ESTRELA DE ALAGOAS;Ingest�o de �lcool pelo condutor;Colis�o com objeto;Sem V�timas;Plena Noite;Decrescente;C�u Claro;Simples;Reta;N�o;1;0;0;0;0;1;0;1;-9,39355673;-36,74054595;SPRF-AL;DEL03-AL;UOP01-DEL03-AL;;;
654117;09/01/2025;quinta-feira;18:50:00;PR;277;112,6;CAMPO LARGO;Rea��o tardia ou ineficiente do condutor;Colis�o traseira;Com V�timas Feridas;Plena Noite;Crescente;C�u Claro;Dupla;Curva;Sim;2;0;1;0;1;0;1;2;-25,43445636;-49,41436172;SPRF-PR;DEL03-PR;UOP03-DEL03-PR;;;
654121;09/01/2025;quinta-feira;21:43:00;SP;153;63;SAO JOSE DO RIO PRETO;Acumulo de �gua sobre o pavimento;Sa�da de leito carro��vel;Sem V�timas;Plena Noite;Decrescente;Chuva;Dupla;"Declive;Reta";Sim;1;0;0;0;0;1;0;1;-20,82149698;-49,35764818;SPRF-SP;DEL09-SP;UOP01-DEL09-SP;;;
654122;09/01/2025;quinta-feira;23:10:00;GO;60;378,3;RIO VERDE;Rea��o tardia ou ineficiente do condutor;Atropelamento de Animal;Com V�timas Feridas;Plena Noite;Decrescente;C�u Claro;Dupla;Reta;N�o;1;0;1;0;0;0;1;1;-17,7481;-50,8763;SPRF-GO;DEL04-GO;UOP02-DEL04-GO;;;
654123;09/01/2025;quinta-feira;23:20:00;PE;101;49;ABREU E LIMA;Ultrapassagem Indevida;Colis�o lateral mesmo sentido;Com V�timas Feridas;Plena Noite;Decrescente;C�u Claro;M�ltipla;"Interse��o de Vias;Reta";Sim;2;0;0;1;1;0;1;2;-7,9005152;-34,90180641;SPRF-PE;DEL01-PE;UOP02-DEL01-PE;;;
654124;09/01/2025;quinta-feira;21:45:00;MS;163;268;DOURADOS;Desrespeitar a prefer�ncia no cruzamento;Colis�o lateral mesmo sentido;Com V�timas Feridas;Plena Noite;Decrescente;C�u Claro;Dupla;Rotat�ria;N�o;2;0;0;1;1;0;1;2;-22,20741146;-54,70903873;SPRF-MS;DEL04-MS;UOP01-DEL04-MS;;;
654125;09/01/2025;quinta-feira;21:00:00;MS;262;401;TERENOS;Aus�ncia de rea��o do condutor;Colis�o traseira;Com V�timas Feridas;Plena Noite;Decrescente;C�u Claro;Simples;Reta;N�o;9;0;1;3;5;0;4;2;-20,42230068;-55,03013407;SPRF-MS;DEL01-MS;UOP03-DEL01-MS;;;
654129;10/01/2025;sexta-feira;00:40:00;MG;40;614,9;CONGONHAS;Aus�ncia de rea��o do condutor;Tombamento;Com V�timas Feridas;Plena Noite;Crescente;Nublado;Simples;Reta;N�o;1;0;1;0;0;0;1;1;-20,53923091;-43,82101536;SPRF-MG;DEL05-MG;UOP02-DEL05-MG;;;
654130;10/01/2025;sexta-feira;02:00:00;RS;290;575;ALEGRETE;Ingest�o de �lcool pelo condutor;Colis�o lateral sentido oposto;Sem V�timas;Plena Noite;Crescente;C�u Claro;Simples;Reta;Sim;3;0;0;0;3;0;0;2;-29,819159;-55,729084;SPRF-RS;DEL13-RS;UOP02-DEL13-RS;;;
654131;09/01/2025;quinta-feira;23:55:00;RJ;393;267;BARRA DO PIRAI;Condutor Dormindo;Sa�da de leito carro��vel;Com V�timas Feridas;Plena Noite;Decrescente;Nublado;Simples;Reta;N�o;1;0;1;0;0;0;1;1;-22,47645;-43,938523;SPRF-RJ;DEL05-RJ;UOP04-DEL05-RJ;;;
654134;09/01/2025;quinta-feira;21:47:00;ES;101;258,6;SERRA;Acumulo de �gua sobre o pavimento;Capotamento;Com V�timas Feridas;Plena Noite;Decrescente;Nublado;Dupla;Reta;Sim;3;0;1;0;2;0;1;1;-20,13059888;-40,2961019;SPRF-ES;DEL02-ES;UOP01-DEL02-ES;;;
654136;10/01/2025;sexta-feira;04:30:00;PR;277;7;PARANAGUA;Rea��o tardia ou ineficiente do condutor;Colis�o com objeto;Com V�timas Feridas;Amanhecer;Crescente;Nublado;Simples;"Declive;Viaduto;Curva";N�o;2;0;1;0;1;0;1;1;-25,560017;-48,58286;SPRF-PR;DEL01-PR;UOP05-DEL01-PR;;;
654137;10/01/2025;sexta-feira;03:50:00;MS;163;60,4;ELDORADO;Aus�ncia de rea��o do condutor;Sa�da de leito carro��vel;Com V�timas Feridas;Plena Noite;Decrescente;C�u Claro;Simples;Reta;N�o;1;0;1;0;0;0;1;1;-23,62276004;-54,23430394;SPRF-MS;DEL09-MS;UOP02-DEL09-MS;;;
654139;10/01/2025;sexta-feira;04:30:00;MG;381;916;CAMANDUCAIA;Ultrapassagem Indevida;Colis�o lateral mesmo sentido;Com V�timas Feridas;Amanhecer;Crescente;Nublado;Dupla;"Reta;Aclive";Sim;2;0;1;0;1;0;1;2;-22,74142274;-46,13587618;SPRF-MG;DEL16-MG;UOP03-DEL16-MG;;;
654140;10/01/2025;sexta-feira;05:10:00;RS;116;264;CANOAS;Velocidade Incompat�vel;Colis�o com objeto;Sem V�timas;Amanhecer;Crescente;C�u Claro;M�ltipla;Reta;Sim;1;0;0;0;0;1;0;1;-29,914435;-51,17754495;SPRF-RS;DEL01-RS;UOP01-DEL01-RS;;;
654143;09/01/2025;quinta-feira;19:40:00;MG;116;215;CATUJI;Acessar a via sem observar a presen�a dos outros ve�culos;Sa�da de leito carro��vel;Sem V�timas;Plena Noite;Decrescente;Chuva;Simples;Reta;N�o;1;0;0;0;1;0;0;1;-17,36742595;-41,53218172;SPRF-MG;DEL11-MG;UOP01-DEL11-MG;;;
654146;10/01/2025;sexta-feira;05:25:00;AL;101;168,1;TEOTONIO VILELA;Rea��o tardia ou ineficiente do condutor;Sa�da de leito carro��vel;Com V�timas Feridas;Pleno dia;Crescente;Nublado;Dupla;Reta;N�o;15;0;14;0;1;0;14;1;-9,90344135;-36,30940589;SPRF-AL;DEL02-AL;UOP02-DEL02-AL;;;
654147;10/01/2025;sexta-feira;06:00:00;SP;116;438;REGISTRO;Aus�ncia de rea��o do condutor;Capotamento;Com V�timas Feridas;Amanhecer;Decrescente;Nevoeiro/Neblina;Dupla;"Reta;Declive";N�o;1;0;1;0;0;0;1;1;-24,44811308;-47,80555693;SPRF-SP;DEL05-SP;UOP01-DEL05-SP;;;
654148;10/01/2025;sexta-feira;04:40:00;MG;381;497;BETIM;Aus�ncia de rea��o do condutor;Sa�da de leito carro��vel;Sem V�timas;Plena Noite;Crescente;C�u Claro;Dupla;"Reta;Declive";N�o;1;0;0;0;0;1;0;1;-19,98109273;-44,20074463;SPRF-MG;DEL01-MG;UOP03-DEL01-MG;;;
654151;10/01/2025;sexta-feira;05:30:00;MG;153;210;FRUTAL;Rea��o tardia ou ineficiente do condutor;Sa�da de leito carro��vel;Com V�timas Feridas;Amanhecer;Crescente;C�u Claro;Simples;Interse��o de Vias;N�o;4;0;4;0;0;0;4;1;-20,07281424;-49,07299961;SPRF-MG;DEL13-MG;UOP02-DEL13-MG;;;
654152;10/01/2025;sexta-feira;06:35:00;SC;280;140,2;RIO NEGRINHO;Velocidade Incompat�vel;Sa�da de leito carro��vel;Com V�timas Feridas;Pleno dia;Decrescente;C�u Claro;Simples;"Curva;Aclive";N�o;1;0;0;1;0;0;1;1;-26,25385392;-49,612674;SPRF-SC;DEL06-SC;UOP03-DEL06-SC;;;
654155;10/01/2025;sexta-feira;07:33:00;SP;116;226;GUARULHOS;Rea��o tardia ou ineficiente do condutor;Tombamento;Com V�timas Feridas;Pleno dia;Decrescente;C�u Claro;M�ltipla;Reta;Sim;2;0;1;0;1;0;1;2;-23,49102507;-46,54878195;SPRF-SP;DEL01-SP;UOP01-DEL01-SP;;;
654156;10/01/2025;sexta-feira;06:45:00;MG;50;174,8;UBERABA;Animais na Pista;Atropelamento de Animal;Com V�timas Feridas;Pleno dia;Crescente;Sol;Dupla;Curva;Sim;2;0;0;2;0;0;2;1;-19,770817;-47,973434;SPRF-MG;DEL13-MG;UOP01-DEL13-MG;;;
654157;10/01/2025;sexta-feira;06:45:00;MS;163;255;DOURADOS;Demais falhas mec�nicas ou el�tricas;Tombamento;Com V�timas Fatais;Pleno dia;Crescente;C�u Claro;Dupla;Reta;N�o;2;1;0;0;1;0;0;2;-22,26567386;-54,80944412;SPRF-MS;DEL04-MS;UOP01-DEL04-MS;;;
654158;10/01/2025;sexta-feira;07:23:00;SP;116;444;REGISTRO;Avarias e/ou desgaste excessivo no pneu;Queda de ocupante de ve�culo;Com V�timas Feridas;Pleno dia;Decrescente;C�u Claro;Dupla;"Viaduto;Reta";Sim;2;0;2;0;0;0;2;1;-24,49129421;-47,83614553;SPRF-SP;DEL05-SP;UOP01-DEL05-SP;;;