id;data_inversa;dia_semana;horario;uf;br;km;municipio;causa_acidente;tipo_acidente;classificacao_acidente;fase_dia;sentido_via;condicao_metereologica;tipo_pista;tracado_via;uso_solo;pessoas;mortos;feridos_leves;feridos_graves;ilesos;ignorados;feridos;veiculos;latitude;longitude;regional;delegacia;uop;;;
654280;10/01/2025;sexta-feira;16:20:00;MG;116;512;UBAPORANGA;Rea��o tardia ou ineficiente do condutor;Colis�o com objeto;Com V�timas Feridas;Pleno dia;Decrescente;Sol;Simples;Reta;N�o;3;0;2;0;1;0;2;1;-19,66095102;-42,11695495;SPRF-MG;DEL06-MG;UOP02-DEL06-MG;;;
654282;10/01/2025;sexta-feira;19:33:00;ES;259;16,6;JOAO NEIVA;Transitar na contram�o;Colis�o frontal;Com V�timas Feridas;Plena Noite;Crescente;Nublado;Simples;Reta;N�o;5;0;4;0;1;0;4;2;-19,65971112;-40,43161999;SPRF-ES;DEL02-ES;UOP01-DEL02-ES;;;
654285;10/01/2025;sexta-feira;19:40:00;MG;116;277,2;TEOFILO OTONI;Aus�ncia de rea��o do condutor;Colis�o lateral mesmo sentido;Com V�timas Feridas;Plena Noite;Decrescente;C�u Claro;Simples;Reta;Sim;4;0;0;1;3;0;1;2;-17,859945;-41,515144;SPRF-MG;DEL11-MG;UOP01-DEL11-MG;;;
654286;10/01/2025;sexta-feira;18:30:00;RS;470;168;VILA FLORES;Aus�ncia de rea��o do condutor;Sa�da de leito carro��vel;Com V�timas Feridas;Pleno dia;Crescente;C�u Claro;M�ltipla;Reta;Sim;3;0;3;0;0;0;3;1;-28,85711814;-51,55698016;SPRF-RS;DEL06-RS;UOP02-DEL06-RS;;;
654288;10/01/2025;sexta-feira;15:00:00;SP;101;48;UBATUBA;Transitar na contram�o;Colis�o frontal;Com V�timas Feridas;Pleno dia;Decrescente;C�u Claro;Dupla;Curva;Sim;2;0;1;0;1;0;1;2;-23,43696329;-45,08768768;SPRF-SP;DEL06-SP;UOP01-DEL06-SP;;;
654289;10/01/2025;sexta-feira;18:45:00;SC;101;41,5;PALHOCA;Rea��o tardia ou ineficiente do condutor;Queda de ocupante de ve�culo;Com V�timas Feridas;Anoitecer;Crescente;C�u Claro;Dupla;"T�nel;Reta";N�o;1;0;1;0;0;0;1;1;-27,6427;-48,6695;SPRF-SC;DEL01-SC;UOP02-DEL01-SC;;;
654292;10/01/2025;sexta-feira;19:29:00;PB;101;42,3;MAMANGUAPE;Ingest�o de �lcool pelo condutor;Sa�da de leito carro��vel;Com V�timas Feridas;Plena Noite;Crescente;C�u Claro;Dupla;Declive;N�o;1;0;1;0;0;0;1;1;-6,856615;-35,13444297;SPRF-PB;DEL01-PB;UOP03-DEL01-PB;;;
654293;10/01/2025;sexta-feira;20:45:00;SC;470;121;IBIRAMA;Transitar na contram�o;Colis�o lateral sentido oposto;Com V�timas Feridas;Plena Noite;Decrescente;C�u Claro;Simples;"Aclive;Curva";N�o;4;0;0;1;3;0;1;2;-27,08379739;-49,48740005;SPRF-SC;DEL04-SC;UOP02-DEL04-SC;;;
654294;10/01/2025;sexta-feira;20:10:00;GO;60;92,3;ANAPOLIS;Rea��o tardia ou ineficiente do condutor;Colis�o com objeto;Com V�timas Feridas;Plena Noite;Decrescente;Nublado;Dupla;"Curva;Interse��o de Vias";Sim;1;0;1;0;0;0;1;1;-16,35260897;-48,91530633;SPRF-GO;DEL02-GO;UOP01-DEL02-GO;;;
654295;10/01/2025;sexta-feira;20:30:00;BA;101;875;TEIXEIRA DE FREITAS;Ingest�o de �lcool pelo condutor;Colis�o lateral sentido oposto;Sem V�timas;Plena Noite;Crescente;Garoa/Chuvisco;Simples;Reta;Sim;2;0;0;0;2;0;0;2;-17,533083;-39,711652;SPRF-BA;DEL09-BA;UOP02-DEL09-BA;;;
654296;09/01/2025;quinta-feira;00:15:00;RJ;356;178;SAO JOAO DA BARRA;Ilumina��o deficiente;Colis�o traseira;Com V�timas Feridas;Plena Noite;Crescente;Garoa/Chuvisco;Simples;Reta;N�o;3;0;1;1;1;0;2;2;-21,67828605;-41,05590163;SPRF-RJ;DEL08-RJ;UOP02-DEL08-RJ;;;
654297;10/01/2025;sexta-feira;20:40:00;PR;277;124;CAMPO LARGO;Aus�ncia de rea��o do condutor;Colis�o lateral mesmo sentido;Sem V�timas;Plena Noite;Crescente;C�u Claro;Dupla;Reta;N�o;1;0;0;0;1;0;0;1;-25,43508594;-49,52196836;SPRF-PR;DEL03-PR;UOP03-DEL03-PR;;;
654298;10/01/2025;sexta-feira;20:00:00;DF;60;23,2;BRASILIA;Pedestre andava na pista;Atropelamento de Pedestre;Com V�timas Fatais;Plena Noite;Crescente;C�u Claro;Dupla;Reta;N�o;3;1;0;0;2;0;0;2;-15,987903;-48,223103;SPRF-DF;DEL03-DF;UOP01-DEL03-DF;;;
654299;10/01/2025;sexta-feira;19:40:00;MG;40;525;CONTAGEM;Aus�ncia de rea��o do condutor;Colis�o traseira;Com V�timas Feridas;Plena Noite;Decrescente;Nublado;Dupla;Reta;Sim;2;0;1;0;1;0;1;2;-19,88361702;-44,05039336;SPRF-MG;DEL01-MG;UOP02-DEL01-MG;;;
654300;10/01/2025;sexta-feira;19:50:00;MG;40;738,2;SANTOS DUMONT;Condutor deixou de manter dist�ncia do ve�culo da frente;Colis�o traseira;Com V�timas Feridas;Plena Noite;Decrescente;Nublado;Simples;Reta;Sim;2;0;1;0;1;0;1;2;-21,38880304;-43,56910622;SPRF-MG;DEL05-MG;UOP01-DEL05-MG;;;
654301;10/01/2025;sexta-feira;21:15:00;PR;277;46,5;MORRETES;Aus�ncia de rea��o do condutor;Tombamento;Com V�timas Feridas;Plena Noite;Decrescente;Garoa/Chuvisco;Dupla;"Reta;Declive";N�o;2;0;2;0;0;0;2;1;-25,58170589;-48,87791023;SPRF-PR;DEL01-PR;UOP05-DEL01-PR;;;
654303;10/01/2025;sexta-feira;20:30:00;BA;110;393;SAO SEBASTIAO DO PASSE;Transitar na contram�o;Colis�o frontal;Com V�timas Feridas;Plena Noite;Decrescente;Chuva;Simples;Reta;N�o;5;0;4;1;0;0;5;2;-12,50766107;-38,49626949;SPRF-BA;DEL01-BA;UOP01-DEL01-BA;;;
654305;10/01/2025;sexta-feira;20:30:00;ES;101;212,7;IBIRACU;Convers�o proibida;Colis�o transversal;Com V�timas Feridas;Plena Noite;Crescente;Garoa/Chuvisco;Simples;Reta;Sim;2;0;2;0;0;0;2;2;-19,82264473;-40,37001486;SPRF-ES;DEL02-ES;UOP01-DEL02-ES;;;
654308;10/01/2025;sexta-feira;22:15:00;PR;116;126;FAZENDA RIO GRANDE;Rea��o tardia ou ineficiente do condutor;Colis�o lateral mesmo sentido;Com V�timas Feridas;Plena Noite;Crescente;Nublado;Dupla;Reta;Sim;2;0;1;0;0;1;1;2;-25,640072;-49,312987;SPRF-PR;DEL01-PR;UOP03-DEL01-PR;;;
654310;10/01/2025;sexta-feira;21:15:00;MT;364;277;JACIARA;Rea��o tardia ou ineficiente do condutor;Colis�o com objeto;Com V�timas Feridas;Plena Noite;Crescente;C�u Claro;Dupla;"Curva;Em Obras";N�o;1;0;0;1;0;0;1;1;-15,95076591;-54,99952397;SPRF-MT;DEL05-MT;UOP02-DEL05-MT;;;
654311;10/01/2025;sexta-feira;22:13:00;RN;406;152;CEARA-MIRIM;Animais na Pista;Atropelamento de Animal;Com V�timas Feridas;Plena Noite;Decrescente;C�u Claro;Simples;Reta;N�o;1;0;1;0;0;0;1;1;-5,65651272;-35,41672366;SPRF-RN;DEL02-RN;UOP01-DEL02-RN;;;
654312;10/01/2025;sexta-feira;13:10:00;RJ;101;473;ANGRA DOS REIS;Acesso irregular;Queda de ocupante de ve�culo;Com V�timas Feridas;Pleno dia;Crescente;C�u Claro;Simples;Reta;Sim;2;0;1;0;0;1;1;2;-22,98960623;-44,24168693;SPRF-RJ;DEL03-RJ;UOP03-DEL03-RJ;;;
654314;10/01/2025;sexta-feira;21:30:00;RS;116;418;CRISTAL;Rea��o tardia ou ineficiente do condutor;Sa�da de leito carro��vel;Com V�timas Fatais;Plena Noite;Decrescente;C�u Claro;Dupla;Reta;N�o;1;1;0;0;0;0;0;1;-30,95241694;-51,96069403;SPRF-RS;DEL02-RS;UOP02-DEL02-RS;;;
654315;10/01/2025;sexta-feira;20:30:00;MT;163;0,5;ITIQUIRA;Aus�ncia de rea��o do condutor;Sa�da de leito carro��vel;Com V�timas Feridas;Plena Noite;Decrescente;Chuva;Simples;"Ponte;Reta";N�o;2;0;1;0;0;1;1;1;-17,519682;-54,739803;SPRF-MT;DEL02-MT;UOP03-DEL02-MT;;;
654317;10/01/2025;sexta-feira;20:00:00;MT;163;833;SINOP;Ilumina��o deficiente;Eventos at�picos;Com V�timas Feridas;Plena Noite;Crescente;C�u Claro;Simples;Reta;Sim;2;0;1;0;0;1;1;2;-12,004832;-55,51713;SPRF-MT;DEL06-MT;UOP02-DEL06-MT;;;
654318;10/01/2025;sexta-feira;21:30:00;RS;386;147,6;SARANDI;Aus�ncia de rea��o do condutor;Sa�da de leito carro��vel;Com V�timas Feridas;Plena Noite;Crescente;Chuva;Simples;"Declive;Reta";N�o;2;0;1;0;1;0;1;1;-28,05717342;-52,87035227;SPRF-RS;DEL08-RS;UOP01-DEL08-RS;;;
654319;10/01/2025;sexta-feira;23:20:00;MG;40;503;ESMERALDAS;Velocidade Incompat�vel;Colis�o lateral mesmo sentido;Sem V�timas;Plena Noite;Decrescente;Nublado;Dupla;"Aclive;Reta";N�o;1;0;0;0;0;1;0;1;-19,72138499;-44,15573599;SPRF-MG;DEL02-MG;UOP01-DEL02-MG;;;
654321;10/01/2025;sexta-feira;23:00:00;TO;10;453;PALMAS;Aus�ncia de rea��o do condutor;Colis�o com objeto;Sem V�timas;Plena Noite;Decrescente;Nublado;M�ltipla;Reta;Sim;1;0;0;0;1;0;0;1;-10,30377254;-48,29727173;SPRF-TO;DEL01-TO;UOP03-DEL01-TO;;;
654324;11/01/2025;s�bado;00:50:00;GO;60;388;RIO VERDE;Transitar na contram�o;Colis�o frontal;Com V�timas Feridas;Plena Noite;Decrescente;C�u Claro;Dupla;Reta;N�o;2;0;0;2;0;0;2;2;-17,8151;-50,9343;SPRF-GO;DEL04-GO;UOP02-DEL04-GO;;;
654327;11/01/2025;s�bado;01:07:00;PE;408;98;JABOATAO DOS GUARARAPES;Aus�ncia de rea��o do condutor;Capotamento;Com V�timas Feridas;Plena Noite;Decrescente;C�u Claro;Dupla;Reta;N�o;2;0;0;1;0;1;1;1;-8,066236;-34,990179;SPRF-PE;DEL01-PE;UOP01-DEL01-PE;;;
654329;11/01/2025;s�bado;00:50:00;RS;116;520;PELOTAS;Rea��o tardia ou ineficiente do condutor;Sa�da de leito carro��vel;Com V�timas Fatais;Plena Noite;Crescente;C�u Claro;Dupla;Reta;Sim;1;1;0;0;0;0;0;1;-31,70060621;-52,36130079;SPRF-RS;DEL07-RS;UOP01-DEL07-RS;;;
654330;10/01/2025;sexta-feira;23:30:00;SC;280;195;MAFRA;Aus�ncia de rea��o do condutor;Queda de ocupante de ve�culo;Com V�timas Feridas;Plena Noite;Crescente;Nublado;Simples;Reta;N�o;2;0;2;0;0;0;2;1;-26,17921779;-50,02536489;SPRF-SC;DEL06-SC;UOP01-DEL06-SC;;;
654331;11/01/2025;s�bado;00:20:00;MS;163;837;SONORA;Ingest�o de �lcool pelo condutor;Tombamento;Com V�timas Feridas;Plena Noite;Crescente;C�u Claro;Simples;Reta;Sim;1;0;1;0;0;0;1;1;-17,60027601;-54,74632566;SPRF-MS;DEL06-MS;UOP01-DEL06-MS;;;
654332;11/01/2025;s�bado;00:30:00;MG;365;607;UBERLANDIA;Condutor Dormindo;Sa�da de leito carro��vel;Com V�timas Feridas;Plena Noite;Crescente;C�u Claro;Simples;Reta;N�o;1;0;1;0;0;0;1;1;-18,92245913;-48,18448691;SPRF-MG;DEL15-MG;UOP01-DEL15-MG;;;
654334;11/01/2025;s�bado;01:51:00;ES;101;139,4;LINHARES;Desrespeitar a prefer�ncia no cruzamento;Colis�o transversal;Sem V�timas;Plena Noite;Decrescente;C�u Claro;Simples;"Interse��o de Vias;Reta";N�o;2;0;0;0;1;1;0;2;-19,3101728;-40,0799666;SPRF-ES;DEL04-ES;UOP01-DEL04-ES;;;
654336;11/01/2025;s�bado;03:00:00;PB;230;4;CABEDELO;Animais na Pista;Atropelamento de Animal;Sem V�timas;Plena Noite;Crescente;Nublado;M�ltipla;"Reta;Viaduto";Sim;2;0;0;0;1;1;0;2;-7,0004;-34,8284;SPRF-PB;DEL01-PB;UOP01-DEL01-PB;;;
654337;11/01/2025;s�bado;04:00:00;MG;365;701;MONTE ALEGRE DE MINAS;Rea��o tardia ou ineficiente do condutor;Tombamento;Com V�timas Feridas;Plena Noite;Crescente;C�u Claro;Dupla;Reta;N�o;1;0;1;0;0;0;1;1;-18,88052284;-49,007675;SPRF-MG;DEL15-MG;UOP03-DEL15-MG;;;
654338;11/01/2025;s�bado;03:15:00;PR;376;634;SAO JOSE DOS PINHAIS;Ingest�o de �lcool pelo condutor;Colis�o com objeto;Sem V�timas;Plena Noite;Crescente;Nublado;Dupla;Curva;N�o;1;0;0;0;0;1;0;1;-25,7390103;-49,1305938;SPRF-PR;DEL01-PR;UOP04-DEL01-PR;;;
654340;11/01/2025;s�bado;04:40:00;SC;470;54;BLUMENAU;Desrespeitar a prefer�ncia no cruzamento;Colis�o transversal;Com V�timas Feridas;Amanhecer;Crescente;C�u Claro;Simples;Interse��o de Vias;Sim;3;0;2;0;1;0;2;2;-26,871065;-49,110374;SPRF-SC;DEL04-SC;UOP01-DEL04-SC;;;
654342;11/01/2025;s�bado;04:45:00;PR;369;197,4;APUCARANA;Aus�ncia de rea��o do condutor;Colis�o com objeto;Com V�timas Feridas;Amanhecer;Decrescente;C�u Claro;Dupla;Curva;Sim;1;0;1;0;0;0;1;1;-23,518067;-51,428241;SPRF-PR;DEL07-PR;UOP03-DEL07-PR;;;
654343;11/01/2025;s�bado;05:20:00;PB;230;2;CABEDELO;Aus�ncia de rea��o do condutor;Colis�o com objeto;Com V�timas Feridas;Pleno dia;Decrescente;C�u Claro;Dupla;Reta;Sim;1;0;1;0;0;0;1;1;-6,9837;-34,8295;SPRF-PB;DEL01-PB;UOP01-DEL01-PB;;;
654345;11/01/2025;s�bado;05:10:00;AP;210;2,5;MACAPA;Pedestre andava na pista;Atropelamento de Pedestre;Com V�timas Fatais;Plena Noite;Crescente;Nublado;Dupla;"Aclive;Reta";Sim;6;1;0;0;5;0;0;2;0,085111;-51,081389;SPRF-AP;DEL01-AP;UOP01-DEL01-AP;;;
654346;11/01/2025;s�bado;04:40:00;SC;470;178;POUSO REDONDO;Ingest�o de �lcool pelo condutor;Colis�o transversal;Com V�timas Feridas;Amanhecer;Decrescente;C�u Claro;Simples;Reta;Sim;2;0;2;0;0;0;2;2;-27,248392;-49,967083;SPRF-SC;DEL04-SC;UOP02-DEL04-SC;;;
654347;11/01/2025;s�bado;05:30:00;TO;153;151;ARAGUAINA;Transitar na contram�o;Colis�o frontal;Com V�timas Fatais;Amanhecer;Crescente;Nevoeiro/Neblina;Simples;Reta;N�o;4;2;2;0;0;0;2;2;-7,25638791;-48,25895421;SPRF-TO;DEL02-TO;UOP01-DEL02-TO;;;
654348;11/01/2025;s�bado;04:50:00;AL;101;242,5;PORTO REAL DO COLEGIO;Condutor Dormindo;Colis�o com objeto;Com V�timas Feridas;Amanhecer;Crescente;C�u Claro;Dupla;Reta;N�o;1;0;0;1;0;0;1;1;-10,16106508;-36,81395391;SPRF-AL;DEL02-AL;UOP02-DEL02-AL;;;
654350;11/01/2025;s�bado;05:00:00;RS;471;151,5;SANTA CRUZ DO SUL;Ingest�o de �lcool pelo condutor;Capotamento;Com V�timas Feridas;Amanhecer;Crescente;C�u Claro;Simples;Rotat�ria;Sim;2;0;0;2;0;0;2;1;-29,826267;-52,401089;SPRF-RS;DEL02-RS;UOP03-DEL02-RS;;;
654351;11/01/2025;s�bado;05:30:00;PR;369;479,5;CORBELIA;Ingest�o de �lcool pelo condutor;Colis�o frontal;Com V�timas Feridas;Amanhecer;Crescente;C�u Claro;Simples;Reta;N�o;8;0;3;3;1;1;6;4;-24,6286;-53,2084;SPRF-PR;DEL04-PR;UOP03-DEL04-PR;;;
654352;11/01/2025;s�bado;05:10:00;PR;277;417,9;CANTAGALO;Acumulo de �leo sobre o pavimento;Sa�da de leito carro��vel;Com V�timas Feridas;Amanhecer;Crescente;Garoa/Chuvisco;Simples;"Aclive;Curva";N�o;2;0;0;1;1;0;1;1;-25,401537;-52,105637;SPRF-PR;DEL04-PR;UOP02-DEL04-PR;;;
654354;11/01/2025;s�bado;06:05:00;SC;280;167;MAFRA;Aus�ncia de rea��o do condutor;Colis�o traseira;Com V�timas Feridas;Pleno dia;Decrescente;C�u Claro;Simples;"Declive;Reta";N�o;2;0;1;0;1;0;1;2;-26,16857105;-49,81820938;SPRF-SC;DEL06-SC;UOP01-DEL06-SC;;;
654355;11/01/2025;s�bado;04:40:00;RS;290;158;ARROIO DOS RATOS;Velocidade Incompat�vel;Sa�da de leito carro��vel;Com V�timas Feridas;Amanhecer;Decrescente;C�u Claro;Simples;Curva;N�o;1;0;1;0;0;0;1;1;-30,106596;-51,788307;SPRF-RS;DEL02-RS;UOP01-DEL02-RS;;;
654357;11/01/2025;s�bado;03:05:00;MS;163;730;COXIM;Ingest�o de �lcool pelo condutor;Sa�da de leito carro��vel;Sem V�timas;Plena Noite;Crescente;Nublado;Simples;"Reta;Aclive";Sim;1;0;0;0;0;1;0;1;-18,50978886;-54,73602351;SPRF-MS;DEL06-MS;UOP01-DEL06-MS;;;
654358;11/01/2025;s�bado;05:30:00;BA;116;917,8;ENCRUZILHADA;Velocidade Incompat�vel;Sa�da de leito carro��vel;Com V�timas Feridas;Amanhecer;Crescente;Nevoeiro/Neblina;Simples;Reta;N�o;3;0;1;1;1;0;2;1;-15,575976;-41,273259;SPRF-BA;DEL08-BA;UOP03-DEL08-BA;;;
654360;11/01/2025;s�bado;03:35:00;RS;116;258;ESTEIO;Ingest�o de �lcool pelo condutor;Sa�da de leito carro��vel;Com V�timas Feridas;Pleno dia;Decrescente;C�u Claro;Dupla;Reta;Sim;1;0;1;0;0;0;1;1;-29,86150502;-51,18091535;SPRF-RS;DEL01-RS;UOP02-DEL01-RS;;;
654361;11/01/2025;s�bado;00:15:00;GO;364;13;SAO SIMAO;Ingest�o de �lcool pelo condutor;Sa�da de leito carro��vel;Com V�timas Feridas;Plena Noite;Crescente;C�u Claro;Simples;Reta;N�o;1;0;1;0;0;0;1;1;-18,975523;-50,598747;SPRF-GO;DEL05-GO;UOP02-DEL05-GO;;;
654363;07/01/2025;ter�a-feira;22:30:00;PR;369;85;CORNELIO PROCOPIO;Rea��o tardia ou ineficiente do condutor;Sa�da de leito carro��vel;Com V�timas Feridas;Plena Noite;Decrescente;C�u Claro;Simples;Reta;N�o;1;0;1;0;0;0;1;1;-23,17260511;-50,61274425;SPRF-PR;DEL07-PR;UOP05-DEL07-PR;;;
654364;11/01/2025;s�bado;07:00:00;MG;116;528,7;CARATINGA;Velocidade Incompat�vel;Colis�o traseira;Com V�timas Feridas;Pleno dia;Decrescente;C�u Claro;Simples;Reta;Sim;2;0;1;0;1;0;1;2;-19,80308778;-42,13615179;SPRF-MG;DEL06-MG;UOP02-DEL06-MG;;;
654365;10/01/2025;sexta-feira;23:30:00;BA;116;321,5;ARACI;Avarias e/ou desgaste excessivo no pneu;Sa�da de leito carro��vel;Com V�timas Feridas;Plena Noite;Crescente;Chuva;Simples;Reta;Sim;2;0;2;0;0;0;2;1;-11,339086;-38,95849;SPRF-BA;DEL02-BA;UOP01-DEL02-BA;;;
654366;11/01/2025;s�bado;07:54:00;PI;316;1,3;TERESINA;Pista esburacada;Queda de ocupante de ve�culo;Com V�timas Feridas;Pleno dia;Crescente;C�u Claro;Simples;"Interse��o de Vias;Reta";Sim;1;0;1;0;0;0;1;1;-5,12861853;-42,80706778;SPRF-PI;DEL01-PI;UOP02-DEL01-PI;;;
654368;11/01/2025;s�bado;08:00:00;PR;376;179;MARINGA;Condutor desrespeitou a ilumina��o vermelha do sem�foro;Colis�o transversal;Com V�timas Feridas;Pleno dia;Crescente;C�u Claro;M�ltipla;"Reta;Interse��o de Vias";Sim;2;0;1;0;1;0;1;2;-23,42244278;-51,90360392;SPRF-PR;DEL09-PR;UOP01-DEL09-PR;;;
654370;10/01/2025;sexta-feira;18:25:00;RJ;116;275;BARRA MANSA;Problema com o freio;Colis�o com objeto;Com V�timas Feridas;Plena Noite;Crescente;Nublado;Simples;Reta;N�o;3;0;1;0;2;0;1;3;-22,56207185;-44,15671311;SPRF-RJ;DEL07-RJ;UOP02-DEL07-RJ;;;
654371;11/01/2025;s�bado;05:30:00;RJ;116;193;QUEIMADOS;Aus�ncia de rea��o do condutor;Colis�o com objeto;Com V�timas Feridas;Amanhecer;Crescente;C�u Claro;Dupla;Reta;N�o;1;0;1;0;0;0;1;1;-22,73960178;-43,52859094;SPRF-RJ;DEL06-RJ;UOP01-DEL06-RJ;;;
654372;11/01/2025;s�bado;08:00:00;PA;155;300;MARABA;Aus�ncia de rea��o do condutor;Colis�o com objeto;Sem V�timas;Pleno dia;Crescente;Nublado;Simples;"Reta;Declive";N�o;1;0;0;0;0;1;0;1;-5,73211405;-49,14484986;SPRF-PA;DEL03-PA;UOP01-DEL03-PA;;;
654373;11/01/2025;s�bado;08:20:00;RS;158;224;CRUZ ALTA;Condutor Dormindo;Sa�da de leito carro��vel;Com V�timas Feridas;Pleno dia;Decrescente;Sol;Simples;Reta;N�o;1;0;1;0;0;0;1;1;-28,89544911;-53,62286977;SPRF-RS;DEL10-RS;UOP02-DEL10-RS;;;
654374;11/01/2025;s�bado;05:10:00;RJ;40;115;DUQUE DE CAXIAS;Condutor Dormindo;Colis�o com objeto;Com V�timas Feridas;Amanhecer;Crescente;C�u Claro;Dupla;Reta;Sim;1;0;1;0;0;0;1;1;-22,72756999;-43,2891609;SPRF-RJ;DEL01-RJ;UOP02-DEL01-RJ;;;
654375;10/01/2025;sexta-feira;23:30:00;PR;277;476,5;NOVA LARANJEIRAS;Rea��o tardia ou ineficiente do condutor;Capotamento;Sem V�timas;Plena Noite;Crescente;Garoa/Chuvisco;Simples;"Reta;Declive";N�o;1;0;0;0;0;1;0;1;-25,2931;-52,5753;SPRF-PR;DEL04-PR;UOP02-DEL04-PR;;;
654376;11/01/2025;s�bado;06:55:00;RJ;40;116;DUQUE DE CAXIAS;Condutor Dormindo;Colis�o com objeto;Sem V�timas;Pleno dia;Decrescente;C�u Claro;Dupla;Reta;Sim;1;0;0;0;0;1;0;1;-22,73662299;-43,28858785;SPRF-RJ;DEL01-RJ;UOP02-DEL01-RJ;;;
654377;11/01/2025;s�bado;07:40:00;MA;316;401;ALTO ALEGRE DO MARANHAO;Acessar a via sem observar a presen�a dos outros ve�culos;Colis�o transversal;Com V�timas Feridas;Pleno dia;Crescente;Nublado;Simples;Reta;Sim;2;0;1;0;1;0;1;2;-4,206411;-44,453041;SPRF-MA;DEL03-MA;UOP01-DEL03-MA;;;
654378;11/01/2025;s�bado;08:15:00;MG;381;516;IGARAPE;Aus�ncia de rea��o do condutor;Colis�o com objeto;Com V�timas Feridas;Pleno dia;Decrescente;C�u Claro;Dupla;Curva;N�o;1;0;1;0;0;0;1;1;-20,10866993;-44,31488799;SPRF-MG;DEL01-MG;UOP03-DEL01-MG;;;
654381;11/01/2025;s�bado;07:40:00;SP;381;82;SAO PAULO;Demais falhas mec�nicas ou el�tricas;Inc�ndio;Sem V�timas;Pleno dia;Decrescente;Sol;M�ltipla;Reta;Sim;1;0;0;0;1;0;0;1;-23,42399;-46,575112;SPRF-SP;DEL03-SP;UOP01-DEL03-SP;;;
654382;11/01/2025;s�bado;09:10:00;MG;381;520;IGARAPE;Velocidade Incompat�vel;Colis�o com objeto;Com V�timas Feridas;Pleno dia;Decrescente;C�u Claro;Dupla;Curva;N�o;4;0;3;1;0;0;4;1;-20,13363702;-44,309515;SPRF-MG;DEL01-MG;UOP03-DEL01-MG;;;
654388;11/01/2025;s�bado;07:34:00;MG;262;95;ABRE CAMPO;Aus�ncia de rea��o do condutor;Colis�o traseira;Com V�timas Feridas;Pleno dia;Decrescente;Chuva;Simples;Desvio Tempor�rio;Sim;3;0;1;0;2;0;1;2;-20,3007766;-42,47286782;SPRF-MG;DEL03-MG;UOP03-DEL03-MG;;;
654389;11/01/2025;s�bado;08:15:00;PB;230;120,5;RIACHAO DO BACAMARTE;Rea��o tardia ou ineficiente do condutor;Sa�da de leito carro��vel;Com V�timas Feridas;Pleno dia;Decrescente;Nublado;Dupla;Reta;N�o;3;0;2;1;0;0;3;1;-7,245877;-35,652077;SPRF-PB;DEL02-PB;UOP01-DEL02-PB;;;
654390;11/01/2025;s�bado;09:00:00;SP;101;51;UBATUBA;Rea��o tardia ou ineficiente do condutor;Tombamento;Com V�timas Feridas;Pleno dia;Decrescente;C�u Claro;Simples;Reta;Sim;2;0;1;0;1;0;1;2;-23,45627795;-45,07111896;SPRF-SP;DEL06-SP;UOP01-DEL06-SP;;;
654392;11/01/2025;s�bado;08:30:00;SP;116;110,7;TAUBATE;Condutor deixou de manter dist�ncia do ve�culo da frente;Engavetamento;Com V�timas Feridas;Pleno dia;Decrescente;Sol;Dupla;Reta;Sim;4;0;2;0;2;0;2;3;-23,03412614;-45,5526999;SPRF-SP;DEL02-SP;UOP02-DEL02-SP;;;
654393;11/01/2025;s�bado;08:00:00;RS;158;144,5;PANAMBI;Condutor usando celular;Colis�o com objeto;Com V�timas Feridas;Pleno dia;Decrescente;C�u Claro;Simples;Curva;N�o;1;0;1;0;0;0;1;1;-28,23443887;-53,47576408;SPRF-RS;DEL10-RS;UOP02-DEL10-RS;;;
654395;11/01/2025;s�bado;09:40:00;PI;343;343;TERESINA;Problema com o freio;Colis�o traseira;Com V�timas Feridas;Pleno dia;Crescente;C�u Claro;M�ltipla;Viaduto;Sim;3;0;1;0;2;0;1;2;-5,087362;-42,757851;SPRF-PI;DEL01-PI;UOP01-DEL01-PI;;;
654397;11/01/2025;s�bado;09:52:00;SC;101;186;BIGUACU;Aus�ncia de rea��o do condutor;Sa�da de leito carro��vel;Com V�timas Feridas;Pleno dia;Crescente;Chuva;Dupla;Reta;N�o;1;0;1;0;0;0;1;1;-27,4341098;-48,62567129;SPRF-SC;DEL01-SC;UOP01-DEL01-SC;;;
654398;11/01/2025;s�bado;10:25:00;RJ;101;399;ITAGUAI;Manobra de mudan�a de faixa;Colis�o lateral mesmo sentido;Com V�timas Feridas;Pleno dia;Crescente;C�u Claro;Dupla;Reta;Sim;3;0;2;0;1;0;2;2;-22,85921896;-43,75891497;SPRF-RJ;DEL03-RJ;UOP01-DEL03-RJ;;;
654399;11/01/2025;s�bado;10:20:00;RS;290;75;GRAVATAI;Rea��o tardia ou ineficiente do condutor;Colis�o com objeto;Com V�timas Feridas;Pleno dia;Crescente;C�u Claro;Simples;Curva;N�o;6;0;3;1;2;0;4;1;-29,95515765;-51,00237608;SPRF-RS;DEL01-RS;UOP01-DEL01-RS;;;
654401;11/01/2025;s�bado;09:39:00;MS;163;795;COXIM;Aus�ncia de rea��o do condutor;Sa�da de leito carro��vel;Com V�timas Feridas;Pleno dia;Decrescente;C�u Claro;Simples;Reta;N�o;4;0;3;1;0;0;4;1;-17,96130696;-54,6785948;SPRF-MS;DEL06-MS;UOP01-DEL06-MS;;;
654404;11/01/2025;s�bado;09:15:00;RO;435;85,2;COLORADO DO OESTE;Aus�ncia de rea��o do condutor;Colis�o lateral mesmo sentido;Sem V�timas;Pleno dia;Decrescente;C�u Claro;Simples;Reta;Sim;2;0;0;0;2;0;0;2;-13,12893247;-60,5436945;SPRF-RO;DEL04-RO;UOP02-DEL04-RO;;;