id;data_inversa;dia_semana;horario;uf;br;km;municipio;causa_acidente;tipo_acidente;classificacao_acidente;fase_dia;sentido_via;condicao_metereologica;tipo_pista;tracado_via;uso_solo;pessoas;mortos;feridos_leves;feridos_graves;ilesos;ignorados;feridos;veiculos;latitude;longitude;regional;delegacia;uop;;;
654405;11/01/2025;s�bado;10:20:00;MG;381;416,5;CAETE;Manobra de mudan�a de faixa;Colis�o lateral mesmo sentido;Com V�timas Feridas;Pleno dia;Crescente;Nublado;Dupla;Curva;N�o;2;0;1;0;1;0;1;2;-19,75309407;-43,62966384;SPRF-MG;DEL01-MG;UOP01-DEL01-MG;;;
654407;11/01/2025;s�bado;11:00:00;CE;116;17,1;EUSEBIO;Acessar a via sem observar a presen�a dos outros ve�culos;Colis�o transversal;Com V�timas Feridas;Pleno dia;Decrescente;C�u Claro;Dupla;"Retorno Regulamentado;Reta";Sim;2;0;2;0;0;0;2;2;-3,89617918;-38,50336042;SPRF-CE;DEL01-CE;UOP02-DEL01-CE;;;
654408;11/01/2025;s�bado;09:30:00;PR;116;17;ANTONINA;Rea��o tardia ou ineficiente do condutor;Atropelamento de Pedestre;Com V�timas Feridas;Pleno dia;Crescente;C�u Claro;Dupla;Reta;N�o;3;0;1;0;1;1;1;2;-25,10305915;-48,70103892;SPRF-PR;DEL01-PR;UOP02-DEL01-PR;;;
654409;11/01/2025;s�bado;10:45:00;RS;448;6;ESTEIO;Aus�ncia de rea��o do condutor;Colis�o traseira;Com V�timas Feridas;Pleno dia;Decrescente;C�u Claro;Dupla;Reta;N�o;4;0;1;0;3;0;1;2;-29,872616;-51,230686;SPRF-RS;DEL01-RS;UOP02-DEL01-RS;;;
654413;11/01/2025;s�bado;11:15:00;CE;116;13;FORTALEZA;Trafegar com motocicleta (ou similar) entre as faixas;Colis�o traseira;Com V�timas Feridas;Pleno dia;Crescente;C�u Claro;M�ltipla;Reta;Sim;2;0;0;1;1;0;1;2;-3,86088271;-38,49729538;SPRF-CE;DEL01-CE;UOP02-DEL01-CE;;;
654414;11/01/2025;s�bado;11:00:00;RS;287;410;SANTIAGO;Aus�ncia de rea��o do condutor;Sa�da de leito carro��vel;Com V�timas Feridas;Pleno dia;Decrescente;C�u Claro;Simples;Reta;N�o;1;0;1;0;0;0;1;1;-29,08991424;-54,93034212;SPRF-RS;DEL12-RS;UOP02-DEL12-RS;;;
654415;11/01/2025;s�bado;11:10:00;PA;155;307;MARABA;Ingest�o de �lcool pelo condutor;Tombamento;Com V�timas Feridas;Pleno dia;Decrescente;C�u Claro;Simples;Reta;N�o;1;0;0;1;0;0;1;1;-5,67838705;-49,11460166;SPRF-PA;DEL03-PA;UOP01-DEL03-PA;;;
654417;11/01/2025;s�bado;11:44:00;PA;316;57;CASTANHAL;Pedestre cruzava a pista fora da faixa;Atropelamento de Pedestre;Sem V�timas;Pleno dia;Crescente;Chuva;Dupla;Reta;Sim;2;0;0;0;1;1;0;2;-1,30088766;-47,98196704;SPRF-PA;DEL01-PA;UOP01-DEL01-PA;;;
654419;11/01/2025;s�bado;11:50:00;MG;40;791,7;JUIZ DE FORA;Rea��o tardia ou ineficiente do condutor;Sa�da de leito carro��vel;Com V�timas Feridas;Pleno dia;Crescente;Sol;Dupla;"Interse��o de Vias;Reta";N�o;2;0;1;0;1;0;1;1;-21,78120901;-43,41890484;SPRF-MG;DEL05-MG;UOP01-DEL05-MG;;;
654420;11/01/2025;s�bado;10:40:00;MG;50;22;ARAGUARI;Ingest�o de �lcool pelo condutor;Tombamento;Com V�timas Feridas;Pleno dia;Decrescente;Sol;Simples;"Curva;Aclive";N�o;1;0;1;0;0;0;1;1;-18,60474;-48,051437;SPRF-MG;DEL15-MG;UOP02-DEL15-MG;;;
654421;11/01/2025;s�bado;11:50:00;PR;277;727;FOZ DO IGUACU;Acesso irregular;Colis�o transversal;Com V�timas Feridas;Pleno dia;Decrescente;C�u Claro;Dupla;Reta;Sim;3;0;3;0;0;0;3;2;-25,51017487;-54,56454899;SPRF-PR;DEL05-PR;UOP03-DEL05-PR;;;
654423;11/01/2025;s�bado;13:00:00;RJ;101;92;CAMPOS DOS GOYTACAZES;Demais falhas mec�nicas ou el�tricas;Queda de ocupante de ve�culo;Com V�timas Feridas;Pleno dia;Crescente;C�u Claro;Dupla;Reta;N�o;1;0;1;0;0;0;1;1;-21,85456357;-41,52621893;SPRF-RJ;DEL08-RJ;UOP02-DEL08-RJ;;;
654425;11/01/2025;s�bado;12:00:00;GO;70;317;JUSSARA;Manobra de mudan�a de faixa;Colis�o traseira;Com V�timas Feridas;Pleno dia;Decrescente;C�u Claro;Dupla;Retorno Regulamentado;Sim;3;0;1;0;1;1;1;3;-15,87581838;-50,86884499;SPRF-GO;DEL04-GO;UOP02-DEL04-GO;;;
654427;11/01/2025;s�bado;13:00:00;PE;407;119;PETROLINA;Acessar a via sem observar a presen�a dos outros ve�culos;Colis�o transversal;Com V�timas Feridas;Pleno dia;Crescente;Chuva;Dupla;Reta;N�o;2;0;1;0;1;0;1;2;-9,34735026;-40,5542922;SPRF-PE;DEL06-PE;UOP01-DEL06-PE;;;
654428;11/01/2025;s�bado;12:20:00;RO;174;11;VILHENA;Ultrapassagem Indevida;Colis�o lateral mesmo sentido;Com V�timas Feridas;Pleno dia;Decrescente;Nublado;Simples;"Interse��o de Vias;Reta";Sim;3;0;2;1;0;0;3;2;-12,74605898;-60,11270299;SPRF-RO;DEL04-RO;UOP01-DEL04-RO;;;
654429;11/01/2025;s�bado;14:10:00;RS;116;263;CANOAS;Demais falhas mec�nicas ou el�tricas;Tombamento;Com V�timas Feridas;Pleno dia;Decrescente;C�u Claro;Dupla;Reta;Sim;3;0;2;0;0;1;2;2;-29,90781298;-51,1769557;SPRF-RS;DEL01-RS;UOP01-DEL01-RS;;;
654430;11/01/2025;s�bado;12:15:00;PR;376;432;TIBAGI;Velocidade Incompat�vel;Colis�o com objeto;Com V�timas Feridas;Pleno dia;Crescente;Nublado;Dupla;Curva;N�o;3;0;3;0;0;0;3;1;-24,75487094;-50,53509738;SPRF-PR;DEL03-PR;UOP02-DEL03-PR;;;
654432;11/01/2025;s�bado;12:00:00;RS;116;222,5;DOIS IRMAOS;Acessar a via sem observar a presen�a dos outros ve�culos;Colis�o transversal;Com V�timas Feridas;Pleno dia;Crescente;C�u Claro;Dupla;"Retorno Regulamentado;Reta";Sim;2;0;1;0;1;0;1;2;-29,58096695;-51,09515511;SPRF-RS;DEL01-RS;UOP02-DEL01-RS;;;
654433;11/01/2025;s�bado;14:00:00;MG;381;843,1;SAO SEBASTIAO DA BELA VISTA;Manobra de mudan�a de faixa;Colis�o lateral mesmo sentido;Com V�timas Feridas;Pleno dia;Crescente;Sol;Dupla;Reta;N�o;2;0;1;0;1;0;1;2;-22,21565425;-45,86960261;SPRF-MG;DEL16-MG;UOP01-DEL16-MG;;;
654434;11/01/2025;s�bado;14:35:00;SE;235;51,2;ITABAIANA;Condutor deixou de manter dist�ncia do ve�culo da frente;Colis�o traseira;Com V�timas Feridas;Pleno dia;Crescente;C�u Claro;Simples;"Aclive;Reta";Sim;2;0;0;1;1;0;1;2;-10,69917421;-37,43265152;SPRF-SE;DEL01-SE;UOP02-DEL01-SE;;;
654435;11/01/2025;s�bado;10:50:00;PE;232;147;SAO CAITANO;Aus�ncia de rea��o do condutor;Tombamento;Com V�timas Feridas;Pleno dia;Crescente;C�u Claro;Dupla;Reta;N�o;1;0;0;1;0;0;1;1;-8,33373137;-36,13751116;SPRF-PE;DEL03-PE;UOP02-DEL03-PE;;;
654437;11/01/2025;s�bado;13:00:00;SC;282;54,4;RANCHO QUEIMADO;Velocidade Incompat�vel;Colis�o frontal;Com V�timas Feridas;Pleno dia;Decrescente;Garoa/Chuvisco;Simples;Curva;N�o;4;0;3;0;1;0;3;2;-27,685799;-48,974514;SPRF-SC;DEL01-SC;UOP03-DEL01-SC;;;
654438;11/01/2025;s�bado;12:35:00;BA;110;144;CICERO DANTAS;Aus�ncia de rea��o do condutor;Sa�da de leito carro��vel;Com V�timas Feridas;Pleno dia;Decrescente;Nublado;Simples;"Curva;Declive";Sim;1;0;1;0;0;0;1;1;-10,611738;-38,392292;SPRF-BA;DEL07-BA;UOP02-DEL07-BA;;;
654439;11/01/2025;s�bado;13:00:00;BA;349;956;CORRENTINA;Rea��o tardia ou ineficiente do condutor;Tombamento;Com V�timas Feridas;Pleno dia;Crescente;C�u Claro;Simples;Reta;N�o;1;0;1;0;0;0;1;1;-13,34775335;-44,63734466;SPRF-BA;DEL10-BA;UOP02-DEL10-BA;;;
654441;11/01/2025;s�bado;12:00:00;RJ;101;425;MANGARATIBA;Ultrapassagem Indevida;Colis�o frontal;Com V�timas Feridas;Pleno dia;Crescente;C�u Claro;Simples;Reta;Sim;9;0;6;0;3;0;6;3;-22,92618815;-43,96323294;SPRF-RJ;DEL03-RJ;UOP02-DEL03-RJ;;;
654442;11/01/2025;s�bado;09:30:00;RS;285;569,8;SAO LUIZ GONZAGA;Transitar na contram�o;Colis�o frontal;Com V�timas Fatais;Pleno dia;Decrescente;C�u Claro;Simples;Reta;Sim;3;1;1;0;1;0;1;2;-28,413052;-54,985699;SPRF-RS;DEL12-RS;UOP01-DEL12-RS;;;
654443;11/01/2025;s�bado;14:20:00;MS;463;4;DOURADOS;Acessar a via sem observar a presen�a dos outros ve�culos;Colis�o transversal;Com V�timas Feridas;Pleno dia;Crescente;C�u Claro;Simples;"Reta;Em Obras";Sim;2;0;1;0;0;1;1;2;-22,25932395;-54,842668;SPRF-MS;DEL04-MS;UOP01-DEL04-MS;;;
654444;11/01/2025;s�bado;11:50:00;RJ;493;72;DUQUE DE CAXIAS;Aus�ncia de rea��o do condutor;Sa�da de leito carro��vel;Com V�timas Feridas;Pleno dia;Crescente;C�u Claro;Dupla;Reta;N�o;1;0;1;0;0;0;1;1;-22,672089;-43,285053;SPRF-RJ;DEL01-RJ;UOP03-DEL01-RJ;;;
654445;11/01/2025;s�bado;09:00:00;PR;487;178,3;CAMPO MOURAO;Manobra de mudan�a de faixa;Colis�o lateral mesmo sentido;Com V�timas Feridas;Pleno dia;Decrescente;C�u Claro;Dupla;Rotat�ria;Sim;3;0;2;0;1;0;2;2;-24,04705186;-52,39354134;SPRF-PR;DEL09-PR;UOP03-DEL09-PR;;;
654446;11/01/2025;s�bado;13:20:00;BA;418;120;MUCURI;Transitar na contram�o;Colis�o frontal;Com V�timas Feridas;Pleno dia;Crescente;C�u Claro;Simples;Reta;N�o;6;0;0;1;5;0;1;2;-17,87143911;-40,14042309;SPRF-BA;DEL09-BA;UOP02-DEL09-BA;;;
654447;11/01/2025;s�bado;14:00:00;RJ;101;462;ANGRA DOS REIS;Ultrapassagem Indevida;Sa�da de leito carro��vel;Com V�timas Feridas;Pleno dia;Crescente;C�u Claro;Simples;Curva;N�o;5;0;2;0;3;0;2;1;-23,02970078;-44,20784712;SPRF-RJ;DEL03-RJ;UOP03-DEL03-RJ;;;
654450;09/01/2025;quinta-feira;14:15:00;SC;282;555,7;NOVA ITABERABA;Rea��o tardia ou ineficiente do condutor;Colis�o lateral sentido oposto;Com V�timas Feridas;Pleno dia;Crescente;C�u Claro;Simples;"Curva;Declive";N�o;2;0;1;0;1;0;1;2;-26,935896;-52,810684;SPRF-SC;DEL07-SC;UOP01-DEL07-SC;;;
654451;11/01/2025;s�bado;15:20:00;PB;101;59,9;SANTA RITA;Demais falhas na via;Tombamento;Com V�timas Feridas;Pleno dia;Crescente;C�u Claro;Dupla;Reta;N�o;2;0;1;1;0;0;2;1;-6,99352402;-35,06896004;SPRF-PB;DEL01-PB;UOP03-DEL01-PB;;;
654452;11/01/2025;s�bado;12:00:00;MG;365;381;PATOS DE MINAS;Rea��o tardia ou ineficiente do condutor;Sa�da de leito carro��vel;Com V�timas Feridas;Pleno dia;Decrescente;C�u Claro;Simples;Reta;N�o;3;0;3;0;0;0;3;1;-18,56330778;-46,23875211;SPRF-MG;DEL10-MG;UOP01-DEL10-MG;;;
654453;11/01/2025;s�bado;15:30:00;ES;101;288,9;CARIACICA;Manobra de mudan�a de faixa;Colis�o traseira;Com V�timas Feridas;Pleno dia;Decrescente;Sol;Dupla;Reta;Sim;2;0;1;0;1;0;1;2;-20,27160351;-40,39091743;SPRF-ES;DEL01-ES;UOP01-DEL01-ES;;;
654454;11/01/2025;s�bado;15:36:00;RS;116;256;ESTEIO;Aus�ncia de rea��o do condutor;Colis�o traseira;Com V�timas Feridas;Pleno dia;Decrescente;C�u Claro;Dupla;Reta;Sim;2;0;2;0;0;0;2;2;-29,84393699;-51,17728603;SPRF-RS;DEL01-RS;UOP02-DEL01-RS;;;
654455;11/01/2025;s�bado;13:30:00;SC;101;97;BALNEARIO PICARRAS;Avarias e/ou desgaste excessivo no pneu;Tombamento;Com V�timas Feridas;Pleno dia;Crescente;Nublado;Dupla;Reta;N�o;2;0;2;0;0;0;2;1;-26,72823703;-48,70224928;SPRF-SC;DEL03-SC;UOP02-DEL03-SC;;;
654458;11/01/2025;s�bado;15:45:00;PB;230;334;PATOS;Ingest�o de �lcool pelo condutor;Colis�o transversal;Com V�timas Feridas;Pleno dia;Crescente;C�u Claro;Simples;Curva;N�o;2;0;0;1;1;0;1;2;-7,018;-37,2589;SPRF-PB;DEL03-PB;UOP01-DEL03-PB;;;
654459;11/01/2025;s�bado;09:47:00;SC;282;132,9;BOM RETIRO;Ultrapassagem Indevida;Colis�o frontal;Com V�timas Fatais;Pleno dia;Decrescente;C�u Claro;Simples;"Curva;Aclive";N�o;2;1;1;0;0;0;1;2;-27,8074269;-49,531308;SPRF-SC;DEL05-SC;UOP01-DEL05-SC;;;
654460;11/01/2025;s�bado;15:35:00;RS;386;306;POUSO NOVO;Pista Escorregadia;Tombamento;Com V�timas Feridas;Pleno dia;Decrescente;Sol;Simples;Curva;N�o;2;0;2;0;0;0;2;1;-29,194696;-52,185722;SPRF-RS;DEL04-RS;UOP01-DEL04-RS;;;
654461;11/01/2025;s�bado;15:45:00;RS;386;306;POUSO NOVO;Pista Escorregadia;Tombamento;Com V�timas Feridas;Pleno dia;Decrescente;Sol;Simples;Curva;N�o;2;0;1;0;1;0;1;1;-29,194696;-52,185722;SPRF-RS;DEL04-RS;UOP01-DEL04-RS;;;
654464;11/01/2025;s�bado;14:25:00;RJ;393;275,8;BARRA DO PIRAI;Animais na Pista;Atropelamento de Animal;Com V�timas Feridas;Pleno dia;Crescente;C�u Claro;Simples;Reta;N�o;1;0;1;0;0;0;1;1;-22,48279699;-43,970547;SPRF-RJ;DEL05-RJ;UOP04-DEL05-RJ;;;
654466;11/01/2025;s�bado;14:30:00;MS;262;419,8;TERENOS;Aus�ncia de rea��o do condutor;Tombamento;Com V�timas Feridas;Pleno dia;Crescente;C�u Claro;Simples;"Reta;Declive";N�o;1;0;1;0;0;0;1;1;-20,46449452;-55,19587024;SPRF-MS;DEL01-MS;UOP03-DEL01-MS;;;
654467;11/01/2025;s�bado;14:30:00;AM;0;0;MANAUS;Pista Escorregadia;Colis�o frontal;Com V�timas Feridas;Pleno dia;N�o Informado;Chuva;Dupla;Aclive;Sim;3;0;0;2;1;0;2;2;-3,10224956;-59,94650245;SPRF-AM;DEL01-AM;UOP03-DEL01-AM;;;
654469;11/01/2025;s�bado;15:05:00;RJ;393;284;VOLTA REDONDA;Aus�ncia de rea��o do condutor;Colis�o traseira;Com V�timas Feridas;Pleno dia;Decrescente;Sol;Simples;Reta;N�o;3;0;1;0;1;1;1;2;-22,49663;-44,070893;SPRF-RJ;DEL05-RJ;UOP04-DEL05-RJ;;;
654470;11/01/2025;s�bado;14:35:00;SC;282;221;LAGES;Rea��o tardia ou ineficiente do condutor;Colis�o transversal;Com V�timas Feridas;Pleno dia;Crescente;Nublado;Dupla;"Interse��o de Vias;Reta;Rotat�ria;Aclive";Sim;2;0;1;0;1;0;1;2;-27,796358;-50,343426;SPRF-SC;DEL05-SC;UOP01-DEL05-SC;;;
654471;11/01/2025;s�bado;15:10:00;BA;101;796;ITAMARAJU;Demais falhas mec�nicas ou el�tricas;Sa�da de leito carro��vel;Com V�timas Feridas;Pleno dia;Crescente;Chuva;Simples;Reta;N�o;2;0;2;0;0;0;2;1;-16,90508485;-39,52468872;SPRF-BA;DEL09-BA;UOP01-DEL09-BA;;;
654472;11/01/2025;s�bado;15:30:00;GO;40;105,9;CRISTALINA;Condutor Dormindo;Sa�da de leito carro��vel;Com V�timas Feridas;Pleno dia;Decrescente;C�u Claro;Dupla;Reta;N�o;3;0;2;0;1;0;2;1;-16,822591;-47,551275;SPRF-DF;DEL01-DF;UOP02-DEL01-DF;;;
654474;11/01/2025;s�bado;16:00:00;SC;116;192;PONTE ALTA;Aus�ncia de rea��o do condutor;Colis�o traseira;Com V�timas Feridas;Pleno dia;Crescente;C�u Claro;Simples;Reta;N�o;2;0;0;1;1;0;1;2;-27,36303564;-50,43355252;SPRF-SC;DEL05-SC;UOP03-DEL05-SC;;;
654475;11/01/2025;s�bado;14:30:00;MG;459;74,2;SENADOR JOSE BENTO;Velocidade Incompat�vel;Sa�da de leito carro��vel;Com V�timas Feridas;Pleno dia;Decrescente;C�u Claro;Simples;Curva;N�o;1;0;1;0;0;0;1;1;-22,138563;-46,146851;SPRF-MG;DEL09-MG;UOP01-DEL09-MG;;;
654476;11/01/2025;s�bado;16:00:00;GO;70;319;JUSSARA;Aus�ncia de rea��o do condutor;Colis�o traseira;Sem V�timas;Pleno dia;Decrescente;C�u Claro;Dupla;Reta;Sim;3;0;0;0;3;0;0;2;-15,876487;-50,87205;SPRF-GO;DEL04-GO;UOP02-DEL04-GO;;;
654479;11/01/2025;s�bado;17:30:00;BA;101;813,8;ITAMARAJU;Acesso irregular;Colis�o lateral mesmo sentido;Com V�timas Feridas;Pleno dia;Decrescente;Chuva;Simples;Reta;N�o;2;0;1;1;0;0;2;2;-17,066913;-39,557112;SPRF-BA;DEL09-BA;UOP01-DEL09-BA;;;
654481;11/01/2025;s�bado;16:50:00;MG;381;584,1;CARMOPOLIS DE MINAS;Condutor Dormindo;Sa�da de leito carro��vel;Com V�timas Feridas;Pleno dia;Crescente;C�u Claro;Dupla;Reta;N�o;4;0;3;0;1;0;3;1;-20,52949002;-44,63874994;SPRF-MG;DEL04-MG;UOP01-DEL04-MG;;;
654482;11/01/2025;s�bado;17:50:00;RN;226;13,8;MACAIBA;Transitar na contram�o;Colis�o frontal;Com V�timas Feridas;Anoitecer;Crescente;C�u Claro;Simples;Reta;Sim;5;0;4;1;0;0;5;3;-5,85297459;-35,31897913;SPRF-RN;DEL01-RN;UOP02-DEL01-RN;;;
654483;11/01/2025;s�bado;18:05:00;PR;369;199;APUCARANA;Manobra de mudan�a de faixa;Colis�o frontal;Com V�timas Feridas;Pleno dia;Decrescente;Garoa/Chuvisco;Simples;Reta;Sim;2;0;1;0;1;0;1;2;-23,52554288;-51,44486904;SPRF-PR;DEL07-PR;UOP03-DEL07-PR;;;
654484;08/01/2025;quarta-feira;06:30:00;BA;101;578;CAMACAN;Velocidade Incompat�vel;Sa�da de leito carro��vel;Com V�timas Feridas;Pleno dia;Decrescente;C�u Claro;Simples;Curva;N�o;3;0;2;0;1;0;2;1;-15,497843;-39,43252405;SPRF-BA;DEL05-BA;UOP02-DEL05-BA;;;
654485;11/01/2025;s�bado;17:50:00;PB;101;119;CAAPORA;Animais na Pista;Colis�o com objeto;Com V�timas Feridas;Plena Noite;Decrescente;C�u Claro;Simples;Aclive;Sim;3;0;2;0;1;0;2;1;-7,42897814;-34,96672977;SPRF-PB;DEL01-PB;UOP01-DEL01-PB;;;
654486;11/01/2025;s�bado;18:10:00;RS;116;145,9;CAXIAS DO SUL;Aus�ncia de rea��o do condutor;Colis�o traseira;Com V�timas Feridas;Pleno dia;Crescente;Chuva;Dupla;Curva;Sim;2;0;1;0;1;0;1;2;-29,1350217;-51,1302779;SPRF-RS;DEL05-RS;UOP01-DEL05-RS;;;
654487;11/01/2025;s�bado;18:30:00;PB;230;9;CABEDELO;Condutor deixou de manter dist�ncia do ve�culo da frente;Colis�o traseira;Sem V�timas;Plena Noite;Decrescente;C�u Claro;Dupla;"Curva;Viaduto";Sim;2;0;0;0;2;0;0;2;-7,0433;-34,8466;SPRF-PB;DEL01-PB;UOP01-DEL01-PB;;;
654488;11/01/2025;s�bado;18:20:00;MG;50;180;UBERABA;Condutor deixou de manter dist�ncia do ve�culo da frente;Colis�o traseira;Com V�timas Feridas;Anoitecer;Decrescente;Sol;Simples;Interse��o de Vias;Sim;2;0;2;0;0;0;2;1;-19,77848216;-47,92194709;SPRF-MG;DEL13-MG;UOP01-DEL13-MG;;;
654489;11/01/2025;s�bado;17:35:00;PE;428;183;PETROLINA;Ingest�o de �lcool pelo condutor;Colis�o traseira;Com V�timas Feridas;Anoitecer;Crescente;Garoa/Chuvisco;Dupla;Reta;Sim;2;0;1;0;1;0;1;2;-9,32412987;-40,46211325;SPRF-PE;DEL06-PE;UOP01-DEL06-PE;;;
654490;11/01/2025;s�bado;17:35:00;GO;60;15,9;ALEXANIA;Manobra de mudan�a de faixa;Colis�o traseira;Com V�timas Feridas;Pleno dia;Crescente;C�u Claro;Dupla;"Aclive;Reta;Retorno Regulamentado";N�o;4;0;1;0;3;0;1;2;-16,094168;-48,517212;SPRF-DF;DEL03-DF;UOP01-DEL03-DF;;;
654491;11/01/2025;s�bado;18:00:00;GO;60;418;RIO VERDE;Rea��o tardia ou ineficiente do condutor;Sa�da de leito carro��vel;Com V�timas Feridas;Pleno dia;Decrescente;Nublado;Dupla;"Reta;Retorno Regulamentado";N�o;4;0;1;0;3;0;1;1;-17,821385;-51,241245;SPRF-GO;DEL04-GO;UOP02-DEL04-GO;;;
654492;11/01/2025;s�bado;18:45:00;PR;376;666,1;GUARATUBA;Rea��o tardia ou ineficiente do condutor;Colis�o com objeto;Sem V�timas;Anoitecer;Decrescente;Garoa/Chuvisco;Simples;"Aclive;Curva";N�o;2;0;0;0;2;0;0;1;-25,86037408;-48,95087256;SPRF-PR;DEL01-PR;UOP04-DEL01-PR;;;
654493;11/01/2025;s�bado;18:00:00;PE;104;82;AGRESTINA;Condutor Dormindo;Capotamento;Com V�timas Feridas;Plena Noite;Decrescente;C�u Claro;Simples;"Declive;Ponte";N�o;2;0;2;0;0;0;2;1;-8,414513;-35,967102;SPRF-PE;DEL02-PE;UOP01-DEL02-PE;;;
654494;11/01/2025;s�bado;19:00:00;RN;101;103,6;PARNAMIRIM;Pedestre cruzava a pista fora da faixa;Atropelamento de Pedestre;Com V�timas Feridas;Plena Noite;Decrescente;C�u Claro;M�ltipla;Reta;Sim;4;0;0;1;3;0;1;2;-5,89034022;-35,24894996;SPRF-RN;DEL01-RN;UOP01-DEL01-RN;;;
654495;11/01/2025;s�bado;19:20:00;ES;101;125;SOORETAMA;Rea��o tardia ou ineficiente do condutor;Colis�o transversal;Com V�timas Feridas;Plena Noite;Decrescente;Nublado;Dupla;Reta;Sim;2;0;1;0;1;0;1;2;-19,18496498;-40,09429827;SPRF-ES;DEL04-ES;UOP01-DEL04-ES;;;
654496;11/01/2025;s�bado;19:20:00;MG;365;626;UBERLANDIA;Entrada inopinada do pedestre;Atropelamento de Pedestre;Com V�timas Feridas;Anoitecer;Crescente;C�u Claro;Dupla;"Aclive;Reta";Sim;4;0;1;0;2;1;1;2;-18,90659356;-48,33469405;SPRF-MG;DEL15-MG;UOP01-DEL15-MG;;;
654497;11/01/2025;s�bado;19:20:00;MG;381;491;BETIM;Manobra de mudan�a de faixa;Colis�o lateral mesmo sentido;Com V�timas Feridas;Plena Noite;Decrescente;C�u Claro;Dupla;Reta;N�o;4;0;1;0;3;0;1;2;-19,95904672;-44,1517514;SPRF-MG;DEL01-MG;UOP03-DEL01-MG;;;
654498;11/01/2025;s�bado;18:40:00;SP;153;57;SAO JOSE DO RIO PRETO;Rea��o tardia ou ineficiente do condutor;Tombamento;Sem V�timas;Anoitecer;Decrescente;Nublado;Dupla;Reta;N�o;1;0;0;0;0;1;0;1;-20,76991095;-49,34982212;SPRF-SP;DEL09-SP;UOP01-DEL09-SP;;;
654500;11/01/2025;s�bado;19:00:00;MA;226;335,1;JENIPAPO DOS VIEIRAS;Acessar a via sem observar a presen�a dos outros ve�culos;Colis�o transversal;Com V�timas Fatais;Plena Noite;Crescente;Nublado;Simples;Reta;N�o;2;1;0;0;0;1;0;2;-5,47216891;-45,49516409;SPRF-MA;DEL06-MA;UOP01-DEL06-MA;;;
654502;11/01/2025;s�bado;17:30:00;MT;163;87;RONDONOPOLIS;Aus�ncia de rea��o do condutor;Sa�da de leito carro��vel;Com V�timas Feridas;Anoitecer;Crescente;Chuva;Dupla;Reta;N�o;4;0;4;0;0;0;4;1;-16,76443595;-54,65835311;SPRF-MT;DEL02-MT;UOP03-DEL02-MT;;;
654503;11/01/2025;s�bado;18:30:00;RR;432;198,5;CANTA;Falta de acostamento;Queda de ocupante de ve�culo;Com V�timas Feridas;Plena Noite;Crescente;C�u Claro;Simples;Reta;N�o;3;0;0;2;0;1;2;2;2,66944189;-60,59384324;SPRF-RR;DEL01-RR;UOP01-DEL01-RR;;;
654504;11/01/2025;s�bado;19:00:00;SC;101;317,5;PESCARIA BRAVA;Animais na Pista;Atropelamento de Animal;Com V�timas Feridas;Plena Noite;Decrescente;C�u Claro;Dupla;Curva;N�o;6;0;1;0;5;0;1;3;-28,42964439;-48,87128055;SPRF-SC;DEL02-SC;UOP01-DEL02-SC;;;
654507;11/01/2025;s�bado;19:40:00;MG;116;208,2;CATUJI;Desrespeitar a prefer�ncia no cruzamento;Colis�o transversal;Com V�timas Feridas;Plena Noite;Crescente;Nublado;Simples;Reta;Sim;2;0;1;0;1;0;1;2;-17,308365;-41,518593;SPRF-MG;DEL11-MG;UOP01-DEL11-MG;;;
654508;11/01/2025;s�bado;20:00:00;PB;230;36,1;SANTA RITA;Pedestre cruzava a pista fora da faixa;Atropelamento de Pedestre;Com V�timas Feridas;Plena Noite;Decrescente;Nublado;Dupla;"Curva;Declive";Sim;2;0;1;0;0;1;1;2;-7,1246;-34,9473;SPRF-PB;DEL01-PB;UOP02-DEL01-PB;;;
654509;11/01/2025;s�bado;19:30:00;MS;262;376;TERENOS;Rea��o tardia ou ineficiente do condutor;Sa�da de leito carro��vel;Sem V�timas;Plena Noite;Crescente;C�u Claro;Simples;Reta;N�o;1;0;0;0;1;0;0;1;-20,48574084;-54,82946269;SPRF-MS;DEL01-MS;UOP03-DEL01-MS;;;
654510;11/01/2025;s�bado;20:30:00;MT;70;2;BARRA DO GARCAS;Rea��o tardia ou ineficiente do condutor;Colis�o transversal;Com V�timas Feridas;Plena Noite;Crescente;C�u Claro;Simples;Declive;Sim;2;0;0;1;1;0;1;2;-15,88749699;-52,26810568;SPRF-MT;DEL07-MT;UOP01-DEL07-MT;;;
654511;11/01/2025;s�bado;20:30:00;PR;376;231,5;APUCARANA;Velocidade Incompat�vel;Capotamento;Sem V�timas;Plena Noite;Crescente;Nublado;Dupla;"Retorno Regulamentado;Reta";Sim;1;0;0;0;0;1;0;1;-23,56687835;-51,52357221;SPRF-PR;DEL07-PR;UOP03-DEL07-PR;;;
654512;11/01/2025;s�bado;20:30:00;RJ;116;300,4;RESENDE;Rea��o tardia ou ineficiente do condutor;Tombamento;Com V�timas Feridas;Plena Noite;Crescente;Chuva;Dupla;Reta;N�o;1;0;1;0;0;0;1;1;-22,45223481;-44,35432502;SPRF-RJ;DEL07-RJ;UOP02-DEL07-RJ;;;
654514;11/01/2025;s�bado;21:00:00;PR;376;624,2;SAO JOSE DOS PINHAIS;Manobra de mudan�a de faixa;Colis�o lateral mesmo sentido;Com V�timas Feridas;Plena Noite;Decrescente;Nublado;Dupla;Reta;N�o;3;0;1;0;2;0;1;2;-25,64336599;-49,15942795;SPRF-PR;DEL01-PR;UOP04-DEL01-PR;;;
654515;11/01/2025;s�bado;11:10:00;MT;364;435;VARZEA GRANDE;Chuva;Queda de ocupante de ve�culo;Com V�timas Feridas;Pleno dia;Decrescente;C�u Claro;Dupla;Reta;Sim;1;0;1;0;0;0;1;1;-15,64127781;-56,13085281;SPRF-MT;DEL01-MT;UOP02-DEL01-MT;;;