id;data_inversa;dia_semana;horario;uf;br;km;municipio;causa_acidente;tipo_acidente;classificacao_acidente;fase_dia;sentido_via;condicao_metereologica;tipo_pista;tracado_via;uso_solo;pessoas;mortos;feridos_leves;feridos_graves;ilesos;ignorados;feridos;veiculos;latitude;longitude;regional;delegacia;uop;;;
654516;11/01/2025;s�bado;20:46:00;MS;262;443,7;DOIS IRMAOS DO BURITI;Rea��o tardia ou ineficiente do condutor;Sa�da de leito carro��vel;Com V�timas Feridas;Plena Noite;Crescente;C�u Claro;Simples;"Aclive;Rotat�ria";N�o;2;0;2;0;0;0;2;1;-20,52420031;-55,3921499;SPRF-MS;DEL03-MS;UOP01-DEL03-MS;;;
654517;11/01/2025;s�bado;19:00:00;BA;324;356;CAPIM GROSSO;�rea urbana sem a presen�a de local apropriado para a travessia de pedestres;Atropelamento de Pedestre;Com V�timas Feridas;Plena Noite;Decrescente;Chuva;Simples;Rotat�ria;Sim;2;0;1;0;1;0;1;2;-11,38126896;-40,00429774;SPRF-BA;DEL04-BA;UOP02-DEL04-BA;;;
654518;07/01/2025;ter�a-feira;23:00:00;PR;376;248,6;APUCARANA;Aus�ncia de sinaliza��o;Sa�da de leito carro��vel;Com V�timas Feridas;Plena Noite;Decrescente;C�u Claro;Simples;Curva;Sim;1;0;1;0;0;0;1;1;-23,60716201;-51,40742183;SPRF-PR;DEL07-PR;UOP03-DEL07-PR;;;
654519;11/01/2025;s�bado;21:00:00;RJ;116;147;DUQUE DE CAXIAS;Acessar a via sem observar a presen�a dos outros ve�culos;Colis�o frontal;Com V�timas Feridas;Plena Noite;Decrescente;Ignorado;Simples;Reta;Sim;2;0;1;0;1;0;1;2;-22,66978425;-43,27286493;SPRF-RJ;DEL01-RJ;UOP02-DEL01-RJ;;;
654520;11/01/2025;s�bado;20:23:00;MA;135;1;SAO LUIS;Participar de racha;Colis�o traseira;Com V�timas Feridas;Plena Noite;Decrescente;C�u Claro;Dupla;Reta;Sim;4;0;0;1;2;1;1;2;-2,58917895;-44,24423719;SPRF-MA;DEL01-MA;UOP01-DEL01-MA;;;
654522;11/01/2025;s�bado;21:05:00;SC;470;88;ASCURRA;Aus�ncia de rea��o do condutor;Colis�o com objeto;Com V�timas Feridas;Plena Noite;Crescente;Nublado;Simples;"Reta;Rotat�ria";Sim;1;0;0;1;0;0;1;1;-26,955355;-49,373169;SPRF-SC;DEL04-SC;UOP01-DEL04-SC;;;
654523;11/01/2025;s�bado;21:20:00;BA;101;931;NOVA VICOSA;Transitar na contram�o;Colis�o frontal;Com V�timas Fatais;Plena Noite;Crescente;C�u Claro;Simples;Reta;N�o;3;1;0;0;2;0;0;2;-17,970407;-39,858838;SPRF-BA;DEL09-BA;UOP02-DEL09-BA;;;
654524;11/01/2025;s�bado;21:55:00;PR;116;10;COLOMBO;Condutor deixou de manter dist�ncia do ve�culo da frente;Sa�da de leito carro��vel;Com V�timas Feridas;Plena Noite;Decrescente;Chuva;Dupla;Reta;Sim;2;0;1;0;1;0;1;2;-25,3719;-49,134;SPRF-PR;DEL01-PR;UOP02-DEL01-PR;;;
654525;11/01/2025;s�bado;22:11:00;SP;116;296;ITAPECERICA DA SERRA;Pedestre cruzava a pista fora da faixa;Atropelamento de Pedestre;Com V�timas Feridas;Plena Noite;Crescente;Nublado;Dupla;Reta;Sim;2;0;0;1;0;1;1;2;-23,775485;-46,914416;SPRF-SP;DEL04-SP;UOP01-DEL04-SP;;;
654527;11/01/2025;s�bado;21:40:00;PI;343;13;PARNAIBA;Ingest�o de �lcool pelo condutor;Sa�da de leito carro��vel;Com V�timas Feridas;Plena Noite;Crescente;C�u Claro;Dupla;Curva;Sim;1;0;1;0;0;0;1;1;-2,919029;-41,754124;SPRF-PI;DEL05-PI;UOP01-DEL05-PI;;;
654528;11/01/2025;s�bado;22:30:00;SP;116;217;GUARULHOS;Ingest�o de �lcool pelo condutor;Colis�o transversal;Sem V�timas;Plena Noite;Decrescente;Ignorado;M�ltipla;Interse��o de Vias;Sim;2;0;0;0;2;0;0;2;-23,45423824;-46,47119028;SPRF-SP;DEL01-SP;UOP01-DEL01-SP;;;
654530;11/01/2025;s�bado;07:15:00;RJ;101;325;NITEROI;Condutor deixou de manter dist�ncia do ve�culo da frente;Colis�o lateral mesmo sentido;Com V�timas Feridas;Pleno dia;Decrescente;C�u Claro;Dupla;Reta;N�o;8;0;1;0;7;0;1;2;-22,87292569;-43,13625699;SPRF-RJ;DEL02-RJ;UOP01-DEL02-RJ;;;
654532;11/01/2025;s�bado;23:05:00;RS;290;40;SANTO ANTONIO DA PATRULHA;Demais falhas mec�nicas ou el�tricas;Queda de ocupante de ve�culo;Com V�timas Feridas;Plena Noite;Decrescente;C�u Claro;M�ltipla;Reta;N�o;2;0;1;0;1;0;1;1;-29,886173;-50,658577;SPRF-RS;DEL03-RS;UOP01-DEL03-RS;;;
654533;11/01/2025;s�bado;21:00:00;SC;470;88;ASCURRA;Condutor Dormindo;Tombamento;Com V�timas Feridas;Plena Noite;Crescente;Nublado;Simples;Rotat�ria;Sim;1;0;1;0;0;0;1;1;-26,955355;-49,373169;SPRF-SC;DEL04-SC;UOP01-DEL04-SC;;;
654534;11/01/2025;s�bado;20:28:00;MG;116;614,6;ORIZANIA;Rea��o tardia ou ineficiente do condutor;Sa�da de leito carro��vel;Com V�timas Feridas;Plena Noite;Crescente;Nublado;Simples;Reta;N�o;1;0;1;0;0;0;1;1;-20,46420281;-42,17673194;SPRF-MG;DEL07-MG;UOP02-DEL07-MG;;;
654535;11/01/2025;s�bado;22:28:00;MA;222;669,1;ACAILANDIA;Ingest�o de �lcool pelo condutor;Capotamento;Com V�timas Fatais;Plena Noite;Decrescente;Garoa/Chuvisco;Simples;Reta;N�o;1;1;0;0;0;0;0;1;-4,9115858;-47,41511612;SPRF-MA;DEL04-MA;UOP03-DEL04-MA;;;
654536;11/01/2025;s�bado;23:50:00;SC;101;211,7;PALHOCA;Acessar a via sem observar a presen�a dos outros ve�culos;Colis�o transversal;Com V�timas Feridas;Plena Noite;Crescente;Nublado;M�ltipla;"Interse��o de Vias;Reta";Sim;4;0;1;1;2;0;2;2;-27,62329313;-48,65245588;SPRF-SC;DEL01-SC;UOP02-DEL01-SC;;;
654537;11/01/2025;s�bado;23:50:00;PB;230;24;JOAO PESSOA;Aus�ncia de rea��o do condutor;Colis�o traseira;Com V�timas Feridas;Plena Noite;Crescente;C�u Claro;Dupla;Reta;Sim;2;0;1;0;0;1;1;2;-7,1637;-34,8618;SPRF-PB;DEL01-PB;UOP01-DEL01-PB;;;
654538;11/01/2025;s�bado;23:00:00;ES;262;1;CARIACICA;Velocidade Incompat�vel;Colis�o traseira;Com V�timas Feridas;Plena Noite;Crescente;Ignorado;Dupla;"Reta;Ponte";N�o;2;0;2;0;0;0;2;2;-20,32955204;-40,35492602;SPRF-ES;DEL01-ES;UOP01-DEL01-ES;;;
654539;11/01/2025;s�bado;22:25:00;PI;316;287;DOM EXPEDITO LOPES;Aus�ncia de rea��o do condutor;Queda de ocupante de ve�culo;Com V�timas Feridas;Pleno dia;Crescente;Nublado;Simples;Declive;N�o;1;0;1;0;0;0;1;1;-6,97750323;-41,63837027;SPRF-PI;DEL04-PI;UOP01-DEL04-PI;;;
654541;11/01/2025;s�bado;20:50:00;GO;153;292;RIALMA;Ingest�o de �lcool pelo condutor;Sa�da de leito carro��vel;Com V�timas Feridas;Plena Noite;Decrescente;Nublado;Simples;Curva;N�o;1;0;1;0;0;0;1;1;-15,225485;-49,553764;SPRF-GO;DEL02-GO;UOP02-DEL02-GO;;;
654542;12/01/2025;domingo;00:15:00;AL;101;192;JUNQUEIRO;Chuva;Capotamento;Com V�timas Feridas;Plena Noite;Decrescente;Chuva;Simples;Declive;N�o;1;0;1;0;0;0;1;1;-9,93595808;-36,49545203;SPRF-AL;DEL02-AL;UOP02-DEL02-AL;;;
654543;12/01/2025;domingo;00:15:00;PE;232;409;SERRA TALHADA;Ingest�o de �lcool pelo condutor;Queda de ocupante de ve�culo;Com V�timas Feridas;Plena Noite;Decrescente;C�u Claro;Simples;Reta;Sim;1;0;0;1;0;0;1;1;-7,982273;-38,298102;SPRF-PE;DEL04-PE;UOP01-DEL04-PE;;;
654544;12/01/2025;domingo;00:00:00;AL;423;96;DELMIRO GOUVEIA;Transitar na contram�o;Colis�o com objeto;Com V�timas Fatais;Plena Noite;Crescente;Chuva;Simples;"Reta;Ponte";N�o;2;1;1;0;0;0;1;1;-9,37845507;-38,12309398;SPRF-BA;DEL07-BA;UOP01-DEL07-BA;;;
654545;12/01/2025;domingo;00:45:00;ES;101;269,8;SERRA;Condutor desrespeitou a ilumina��o vermelha do sem�foro;Colis�o transversal;Com V�timas Feridas;Plena Noite;Decrescente;Nublado;M�ltipla;Reta;Sim;4;0;0;1;2;1;1;4;-20,21740496;-40,26990578;SPRF-ES;DEL02-ES;UOP01-DEL02-ES;;;
654546;12/01/2025;domingo;00:05:00;RJ;101;477;ANGRA DOS REIS;Aus�ncia de rea��o do condutor;Colis�o lateral mesmo sentido;Com V�timas Feridas;Plena Noite;Decrescente;Nublado;Simples;Reta;Sim;2;0;1;0;1;0;1;2;-22,99820396;-44,26554599;SPRF-RJ;DEL03-RJ;UOP03-DEL03-RJ;;;
654547;12/01/2025;domingo;02:00:00;SP;116;228,8;SAO PAULO;Aus�ncia de rea��o do condutor;Tombamento;Com V�timas Fatais;Plena Noite;Decrescente;Nublado;M�ltipla;Reta;N�o;2;1;0;0;0;1;0;2;-23,5081324;-46,5714235;SPRF-SP;DEL01-SP;UOP01-DEL01-SP;;;
654548;12/01/2025;domingo;01:25:00;PR;277;108;CURITIBA;Manobra de mudan�a de faixa;Tombamento;Sem V�timas;Plena Noite;Crescente;Garoa/Chuvisco;Dupla;Curva;Sim;1;0;0;0;1;0;0;1;-25,42728405;-49,38109684;SPRF-PR;DEL03-PR;UOP03-DEL03-PR;;;
654550;11/01/2025;s�bado;17:00:00;MT;158;635,5;NOVA XAVANTINA;Aus�ncia de rea��o do condutor;Sa�da de leito carro��vel;Sem V�timas;Anoitecer;Crescente;Chuva;Simples;Reta;N�o;1;0;0;0;0;1;0;1;-14,53513211;-52,34518098;SPRF-MT;DEL07-MT;UOP02-DEL07-MT;;;
654551;12/01/2025;domingo;02:30:00;PE;232;60,7;POMBOS;Chuva;Colis�o com objeto;Com V�timas Feridas;Plena Noite;Decrescente;Nublado;Dupla;"Declive;Curva";N�o;1;0;1;0;0;0;1;1;-8,14829578;-35,40830684;SPRF-PE;DEL02-PE;UOP02-DEL02PE;;;
654553;12/01/2025;domingo;03:35:00;PR;369;201,5;APUCARANA;Velocidade Incompat�vel;Sa�da de leito carro��vel;Sem V�timas;Plena Noite;Decrescente;Nublado;Simples;"Curva;Interse��o de Vias";Sim;1;0;0;0;0;1;0;1;-23,53971582;-51,45735073;SPRF-PR;DEL07-PR;UOP03-DEL07-PR;;;
654554;11/01/2025;s�bado;20:30:00;MS;463;18,1;DOURADOS;Aus�ncia de rea��o do condutor;Sa�da de leito carro��vel;Com V�timas Feridas;Plena Noite;Decrescente;C�u Claro;Simples;Rotat�ria;N�o;4;0;2;1;1;0;3;1;-22,24881412;-54,97021414;SPRF-MS;DEL04-MS;UOP03-DEL04-MS;;;
654555;12/01/2025;domingo;01:50:00;MS;262;653;MIRANDA;Condutor Dormindo;Sa�da de leito carro��vel;Com V�timas Feridas;Plena Noite;Crescente;C�u Claro;Simples;Reta;N�o;1;0;1;0;0;0;1;1;-19,69841399;-56,99882498;SPRF-MS;DEL03-MS;UOP02-DEL03-MS;;;
654557;12/01/2025;domingo;04:15:00;RS;392;6,8;RIO GRANDE;Aus�ncia de rea��o do condutor;Colis�o com objeto;Sem V�timas;Plena Noite;Decrescente;C�u Claro;Simples;Reta;Sim;2;0;0;0;0;2;0;1;-32,0849901;-52,10592673;SPRF-RS;DEL07-RS;UOP02-DEL07-RS;;;
654558;12/01/2025;domingo;05:20:00;RJ;116;40;TERESOPOLIS;Ingest�o de �lcool pelo condutor;Sa�da de leito carro��vel;Com V�timas Feridas;Amanhecer;Crescente;Garoa/Chuvisco;Simples;Curva;N�o;2;0;1;0;1;0;1;1;-22,133427;-42,779522;SPRF-RJ;DEL04-RJ;UOP01-DEL04-RJ;;;
654560;12/01/2025;domingo;03:30:00;PI;402;38,6;PARNAIBA;Aus�ncia de rea��o do condutor;Tombamento;Com V�timas Fatais;Plena Noite;Crescente;C�u Claro;Simples;Reta;Sim;2;1;0;0;0;1;0;2;-2,95599034;-41,7222053;SPRF-PI;DEL05-PI;UOP01-DEL05-PI;;;
654561;12/01/2025;domingo;05:00:00;RN;304;31,1;MOSSORO;Transitar na contram�o;Colis�o frontal;Com V�timas Feridas;Pleno dia;Crescente;C�u Claro;Simples;Reta;N�o;2;0;0;1;0;1;1;2;-5,12587296;-37,34293919;SPRF-RN;DEL04-RN;UOP02-DEL04-RN;;;
654563;12/01/2025;domingo;05:57:00;PB;101;88;JOAO PESSOA;Acessar a via sem observar a presen�a dos outros ve�culos;Colis�o transversal;Com V�timas Feridas;Pleno dia;Decrescente;Nublado;Dupla;Reta;Sim;2;0;1;0;0;1;1;2;-7,16470016;-34,89993643;SPRF-PB;DEL01-PB;UOP01-DEL01-PB;;;
654565;12/01/2025;domingo;04:30:00;CE;403;130;SOBRAL;Condutor Dormindo;Colis�o com objeto;Sem V�timas;Pleno dia;Crescente;C�u Claro;Simples;Reta;Sim;1;0;0;0;0;1;0;1;-3,77524722;-40,49651184;SPRF-CE;DEL04-CE;UOP01-DEL04-CE;;;
654567;12/01/2025;domingo;06:15:00;PE;232;16;JABOATAO DOS GUARARAPES;Acumulo de �gua sobre o pavimento;Sa�da de leito carro��vel;Com V�timas Feridas;Pleno dia;Decrescente;Chuva;Dupla;Curva;N�o;2;0;1;0;1;0;1;1;-8,09414193;-35,03716601;SPRF-PE;DEL01-PE;UOP01-DEL01-PE;;;
654568;12/01/2025;domingo;01:00:00;RJ;465;18;NOVA IGUACU;Aus�ncia de rea��o do condutor;Colis�o frontal;Com V�timas Feridas;Plena Noite;Decrescente;Nublado;Simples;Reta;N�o;2;0;1;0;1;0;1;2;-22,831354;-43,615128;SPRF-RJ;DEL06-RJ;UOP02-DEL06-RJ;;;
654569;12/01/2025;domingo;05:45:00;PI;316;38,1;LAGOA DO PIAUI;Ultrapassagem Indevida;Colis�o transversal;Com V�timas Fatais;Amanhecer;Crescente;Nublado;Simples;Reta;N�o;40;1;6;8;25;0;14;3;-5,398115;-42,655895;SPRF-PI;DEL01-PI;UOP02-DEL01-PI;;;
654570;12/01/2025;domingo;06:30:00;SC;280;156,2;MAFRA;Rea��o tardia ou ineficiente do condutor;Sa�da de leito carro��vel;Com V�timas Feridas;Pleno dia;Crescente;Nublado;Simples;Curva;N�o;3;0;2;0;0;1;2;2;-26,20741005;-49,73642503;SPRF-SC;DEL06-SC;UOP03-DEL06-SC;;;
654571;12/01/2025;domingo;03:55:00;RJ;493;52;DUQUE DE CAXIAS;Avarias e/ou desgaste excessivo no pneu;Capotamento;Com V�timas Feridas;Plena Noite;Crescente;C�u Claro;Dupla;Reta;N�o;2;0;1;0;1;0;1;1;-22,672089;-43,285053;SPRF-RJ;DEL01-RJ;UOP03-DEL01-RJ;;;
654572;12/01/2025;domingo;05:30:00;BA;324;543;AMELIA RODRIGUES;Chuva;Sa�da de leito carro��vel;Sem V�timas;Amanhecer;Decrescente;Chuva;Dupla;Curva;N�o;1;0;0;0;1;0;0;1;-12,39713005;-38,76807002;SPRF-BA;DEL01-BA;UOP03-DEL01-BA;;;
654573;12/01/2025;domingo;07:20:00;RS;116;247;SAO LEOPOLDO;Aus�ncia de rea��o do condutor;Colis�o traseira;Com V�timas Feridas;Pleno dia;Decrescente;C�u Claro;Dupla;Curva;N�o;4;0;3;0;1;0;3;2;-29,78647744;-51,1629653;SPRF-RS;DEL01-RS;UOP02-DEL01-RS;;;
654575;12/01/2025;domingo;06:30:00;GO;70;0;AGUAS LINDAS DE GOIAS;Manobra de mudan�a de faixa;Colis�o com objeto;Com V�timas Feridas;Pleno dia;Decrescente;Nublado;M�ltipla;Curva;N�o;1;0;1;0;0;0;1;1;-15,783543;-48,2326;SPRF-DF;DEL03-DF;UOP02-DEL03-DF;;;
654576;12/01/2025;domingo;06:32:00;PE;428;160;PETROLINA;Aus�ncia de rea��o do condutor;Capotamento;Com V�timas Feridas;Amanhecer;Decrescente;Chuva;Simples;Reta;N�o;1;0;1;0;0;0;1;1;-9,147232;-40,357009;SPRF-PE;DEL06-PE;UOP01-DEL06-PE;;;
654578;12/01/2025;domingo;08:00:00;SP;116;224;GUARULHOS;Aus�ncia de rea��o do condutor;Colis�o traseira;Com V�timas Feridas;Pleno dia;Crescente;C�u Claro;Dupla;Reta;N�o;2;0;0;1;1;0;1;2;-23,48071896;-46,53271603;SPRF-SP;DEL01-SP;UOP01-DEL01-SP;;;
654579;12/01/2025;domingo;05:50:00;PI;222;4;SAO JOAO DA FRONTEIRA;Pedestre - Ingest�o de �lcool/ subst�ncias psicoativas;Atropelamento de Pedestre;Com V�timas Fatais;Amanhecer;Decrescente;C�u Claro;Simples;Reta;Sim;2;1;0;0;0;1;0;2;-3,93654178;-41,2597933;SPRF-PI;DEL02-PI;UOP01-DEL02-PI;;;
654580;12/01/2025;domingo;06:35:00;GO;153;147,8;CAMPINORTE;Chuva;Sa�da de leito carro��vel;Sem V�timas;Pleno dia;Crescente;Chuva;Simples;"Aclive;Curva";N�o;1;0;0;0;1;0;0;1;-14,056182;-49,090618;SPRF-GO;DEL07-GO;UOP02-DEL07-GO;;;
654581;12/01/2025;domingo;07:35:00;RS;290;80;GRAVATAI;Aus�ncia de rea��o do condutor;Colis�o frontal;Com V�timas Feridas;Pleno dia;Decrescente;C�u Claro;Simples;Viaduto;Sim;3;0;0;2;1;0;2;2;-29,95343;-51,058449;SPRF-RS;DEL01-RS;UOP01-DEL01-RS;;;
654582;12/01/2025;domingo;07:35:00;PE;232;57;POMBOS;Rea��o tardia ou ineficiente do condutor;Colis�o traseira;Com V�timas Feridas;Pleno dia;Crescente;Nublado;Dupla;Reta;Sim;3;0;2;1;0;0;3;2;-8,1412132;-35,38181492;SPRF-PE;DEL02-PE;UOP02-DEL02PE;;;
654585;12/01/2025;domingo;08:20:00;MG;381;694,6;LAVRAS;Aus�ncia de rea��o do condutor;Sa�da de leito carro��vel;Com V�timas Feridas;Pleno dia;Crescente;C�u Claro;Dupla;Curva;N�o;2;0;1;0;1;0;1;1;-21,26844225;-45,13721743;SPRF-MG;DEL04-MG;UOP02-DEL04-MG;;;
654586;12/01/2025;domingo;07:30:00;RS;386;349,8;LAJEADO;Manobra de mudan�a de faixa;Colis�o transversal;Com V�timas Feridas;Pleno dia;Crescente;C�u Claro;Dupla;"Reta;Em Obras";Sim;4;0;1;0;2;1;1;3;-29,465483;-51,95509;SPRF-RS;DEL04-RS;UOP01-DEL04-RS;;;
654587;12/01/2025;domingo;07:56:00;PE;101;103;CABO DE SANTO AGOSTINHO;Condutor deixou de manter dist�ncia do ve�culo da frente;Colis�o traseira;Com V�timas Feridas;Pleno dia;Decrescente;Nublado;Dupla;Reta;Sim;5;0;2;0;2;1;2;2;-8,297546;-35,064106;SPRF-PE;DEL01-PE;UOP03-DEL01-PE;;;
654588;12/01/2025;domingo;08:30:00;PE;232;5;RECIFE;Rea��o tardia ou ineficiente do condutor;Sa�da de leito carro��vel;Sem V�timas;Pleno dia;Crescente;Nublado;M�ltipla;Curva;N�o;1;0;0;0;0;1;0;1;-8,06795766;-34,94535414;SPRF-PE;DEL01-PE;UOP01-DEL01-PE;;;
654589;12/01/2025;domingo;07:00:00;MG;153;142;PRATA;Velocidade Incompat�vel;Sa�da de leito carro��vel;Sem V�timas;Pleno dia;Crescente;C�u Claro;Dupla;Reta;N�o;1;0;0;0;0;1;0;1;-19,58298502;-48,82648097;SPRF-MG;DEL15-MG;UOP03-DEL15-MG;;;
654590;12/01/2025;domingo;06:25:00;RR;174;566;BOA VISTA;Aus�ncia de rea��o do condutor;Sa�da de leito carro��vel;Sem V�timas;Amanhecer;Crescente;C�u Claro;Simples;Reta;N�o;1;0;0;0;0;1;0;1;3,317477;-60,861275;SPRF-RR;DEL01-RR;UOP01-DEL01-RR;;;
654591;12/01/2025;domingo;08:50:00;PR;373;263,9;PRUDENTOPOLIS;Rea��o tardia ou ineficiente do condutor;Colis�o traseira;Sem V�timas;Pleno dia;Crescente;Nublado;Simples;Reta;Sim;3;0;0;0;3;0;0;2;-25,202086;-50,98123;SPRF-PR;DEL08-PR;UOP01-DEL08-PR;;;
654594;12/01/2025;domingo;07:40:00;PR;467;109,7;CASCAVEL;Velocidade Incompat�vel;Sa�da de leito carro��vel;Sem V�timas;Pleno dia;Decrescente;Sol;Dupla;Reta;Sim;1;0;0;0;0;1;0;1;-24,9261;-53,4589;SPRF-PR;DEL04-PR;UOP01-DEL04-PR;;;
654598;12/01/2025;domingo;09:30:00;SC;101;136;BALNEARIO CAMBORIU;Rea��o tardia ou ineficiente do condutor;Engavetamento;Com V�timas Feridas;Pleno dia;Crescente;C�u Claro;Dupla;Reta;Sim;3;0;0;1;2;0;1;3;-27,008113;-48,617245;SPRF-SC;DEL04-SC;UOP03-DEL04-SC;;;
654599;12/01/2025;domingo;10:20:00;PI;316;311;PICOS;Retorno proibido;Colis�o lateral mesmo sentido;Sem V�timas;Pleno dia;Crescente;Chuva;Dupla;Reta;Sim;2;0;0;0;2;0;0;2;-7,076331;-41,46596;SPRF-PI;DEL04-PI;UOP01-DEL04-PI;;;
654601;12/01/2025;domingo;11:10:00;RJ;101;432;MANGARATIBA;Rea��o tardia ou ineficiente do condutor;Tombamento;Com V�timas Feridas;Pleno dia;Crescente;Chuva;Simples;Curva;Sim;2;0;2;0;0;0;2;1;-22,93437472;-44,02919087;SPRF-RJ;DEL03-RJ;UOP02-DEL03-RJ;;;
654602;12/01/2025;domingo;10:15:00;SC;101;6,7;GARUVA;Transtornos Mentais (exceto suicidio);Sa�da de leito carro��vel;Com V�timas Feridas;Pleno dia;Decrescente;Nublado;Dupla;Reta;N�o;1;0;1;0;0;0;1;1;-26,03444584;-48,86030495;SPRF-SC;DEL03-SC;UOP01-DEL03-SC;;;
654603;12/01/2025;domingo;07:27:00;ES;262;90;DOMINGOS MARTINS;Ultrapassagem Indevida;Colis�o transversal;Com V�timas Feridas;Pleno dia;Crescente;Ignorado;Simples;Interse��o de Vias;N�o;7;0;4;1;2;0;5;2;-20,38123513;-41,02431905;SPRF-ES;DEL01-ES;UOP02-DEL01-ES;;;
654605;12/01/2025;domingo;11:20:00;SC;101;216,1;PALHOCA;Manobra de mudan�a de faixa;Colis�o lateral mesmo sentido;Com V�timas Feridas;Pleno dia;Decrescente;C�u Claro;M�ltipla;Reta;Sim;2;0;1;0;1;0;1;2;-27,65981409;-48,67747798;SPRF-SC;DEL01-SC;UOP02-DEL01-SC;;;
654606;12/01/2025;domingo;07:00:00;MT;174;573;COMODORO;Pista Escorregadia;Sa�da de leito carro��vel;Com V�timas Feridas;Pleno dia;Decrescente;Chuva;Simples;Declive;N�o;1;0;1;0;0;0;1;1;-13,00241367;-59,97033793;SPRF-MT;DEL04-MT;UOP02-DEL04-MT;;;
654607;12/01/2025;domingo;11:20:00;SP;381;38;ATIBAIA;Rea��o tardia ou ineficiente do condutor;Colis�o traseira;Com V�timas Feridas;Pleno dia;Crescente;Nublado;Dupla;Interse��o de Vias;Sim;2;0;0;1;1;0;1;2;-23,1133221;-46,57174974;SPRF-SP;DEL03-SP;UOP01-DEL03-SP;;;
654608;12/01/2025;domingo;11:00:00;RO;319;62;PORTO VELHO;Manobra de mudan�a de faixa;Colis�o lateral mesmo sentido;Com V�timas Feridas;Pleno dia;Decrescente;C�u Claro;Dupla;"Retorno Regulamentado;Reta";N�o;2;0;1;0;1;0;1;2;-8,766685;-63,884052;SPRF-RO;DEL01-RO;UOP01-DEL01-RO;;;
654609;12/01/2025;domingo;11:15:00;PB;230;122,9;RIACHAO DO BACAMARTE;Avarias e/ou desgaste excessivo no pneu;Sa�da de leito carro��vel;Com V�timas Feridas;Pleno dia;Crescente;Chuva;Dupla;Curva;Sim;3;0;1;2;0;0;3;1;-7,247337;-35,670708;SPRF-PB;DEL02-PB;UOP01-DEL02-PB;;;
654610;09/01/2025;quinta-feira;08:13:00;MT;163;1017;TERRA NOVA DO NORTE;Animais na Pista;Colis�o frontal;Com V�timas Feridas;Pleno dia;Crescente;Chuva;Simples;"Declive;Reta";N�o;4;0;2;2;0;0;4;2;-10,341005;-55,040638;SPRF-MT;DEL06-MT;UOP03-DEL06-MT;;;
654611;12/01/2025;domingo;10:55:00;PE;101;52,6;PAULISTA;Acessar a via sem observar a presen�a dos outros ve�culos;Colis�o transversal;Com V�timas Feridas;Pleno dia;Decrescente;Nublado;M�ltipla;Reta;Sim;2;0;1;0;1;0;1;2;-7,930789;-34,900193;SPRF-PE;DEL01-PE;UOP02-DEL01-PE;;;
654612;12/01/2025;domingo;11:40:00;MG;381;732,5;TRES CORACOES;Velocidade Incompat�vel;Sa�da de leito carro��vel;Com V�timas Feridas;Pleno dia;Decrescente;Chuva;Dupla;Curva;N�o;1;0;1;0;0;0;1;1;-21,55413799;-45,24499427;SPRF-MG;DEL16-MG;UOP02-DEL16-MG;;;
654615;12/01/2025;domingo;12:15:00;ES;101;189;ARACRUZ;Rea��o tardia ou ineficiente do condutor;Sa�da de leito carro��vel;Com V�timas Feridas;Pleno dia;Crescente;C�u Claro;Dupla;Curva;Sim;2;0;1;0;1;0;1;1;-19,68134019;-40,27051885;SPRF-ES;DEL04-ES;UOP01-DEL04-ES;;;
654617;12/01/2025;domingo;12:30:00;SP;116;529;BARRA DO TURVO;Rea��o tardia ou ineficiente do condutor;Colis�o lateral mesmo sentido;Com V�timas Feridas;Pleno dia;Decrescente;Garoa/Chuvisco;Dupla;Reta;N�o;7;0;1;1;5;0;2;2;-24,939211;-48,301248;SPRF-SP;DEL05-SP;UOP02-DEL05-SP;;;
654619;12/01/2025;domingo;12:00:00;PE;101;40;IGARASSU;Restri��o de visibilidade em curvas horizontais;Colis�o transversal;Com V�timas Feridas;Pleno dia;Crescente;C�u Claro;Simples;Interse��o de Vias;Sim;2;0;1;0;1;0;1;2;-7,821475;-34,916545;SPRF-PE;DEL01-PE;UOP02-DEL01-PE;;;
654620;12/01/2025;domingo;12:30:00;SC;101;236;PALHOCA;Aus�ncia de rea��o do condutor;Colis�o com objeto;Com V�timas Feridas;Pleno dia;Crescente;C�u Claro;Dupla;Curva;N�o;2;0;2;0;0;0;2;1;-27,82629382;-48,63034842;SPRF-SC;DEL01-SC;UOP02-DEL01-SC;;;
654621;12/01/2025;domingo;13:08:00;GO;60;130;GOIANIA;Demais falhas mec�nicas ou el�tricas;Colis�o traseira;Com V�timas Feridas;Pleno dia;Crescente;Nublado;Dupla;Reta;N�o;11;0;1;0;10;0;1;3;-16,5675;-49,1554;SPRF-GO;DEL01-GO;UOP01-DEL01-GO;;;
654622;12/01/2025;domingo;11:30:00;RJ;116;229;PIRAI;Aus�ncia de rea��o do condutor;Colis�o com objeto;Com V�timas Feridas;Pleno dia;Decrescente;C�u Claro;Simples;Curva;N�o;1;0;1;0;0;0;1;1;-22,65646622;-43,82206692;SPRF-RJ;DEL07-RJ;UOP01-DEL07-RJ;;;
654624;12/01/2025;domingo;11:03:00;MG;251;520,7;MONTES CLAROS;Rea��o tardia ou ineficiente do condutor;Engavetamento;Com V�timas Feridas;Pleno dia;Crescente;Nublado;Simples;Reta;N�o;63;0;3;0;60;0;3;5;-16,66570005;-43,78533097;SPRF-MG;DEL12-MG;UOP01-DEL12-MG;;;