id;data_inversa;dia_semana;horario;uf;br;km;municipio;causa_acidente;tipo_acidente;classificacao_acidente;fase_dia;sentido_via;condicao_metereologica;tipo_pista;tracado_via;uso_solo;pessoas;mortos;feridos_leves;feridos_graves;ilesos;ignorados;feridos;veiculos;latitude;longitude;regional;delegacia;uop;;;
654625;12/01/2025;domingo;12:25:00;MG;262;800;UBERABA;Transitar no Acostamento;Colis�o traseira;Com V�timas Feridas;Pleno dia;Decrescente;C�u Claro;Dupla;"Reta;Aclive";Sim;4;0;0;1;3;0;1;2;-19,779129;-47,945794;SPRF-MG;DEL13-MG;UOP01-DEL13-MG;;;
654626;12/01/2025;domingo;12:30:00;GO;60;37,1;GOIANIA;Condutor Dormindo;Colis�o com objeto;Com V�timas Feridas;Pleno dia;Decrescente;C�u Claro;Dupla;Reta;Sim;3;0;1;2;0;0;3;1;-16,6777;-49,2676;SPRF-GO;DEL01-GO;UOP02-DEL01-GO;;;
654627;12/01/2025;domingo;13:18:00;SC;101;137;BALNEARIO CAMBORIU;Rea��o tardia ou ineficiente do condutor;Engavetamento;Com V�timas Feridas;Pleno dia;Crescente;Nublado;Dupla;Reta;Sim;8;0;2;0;6;0;2;6;-27,0157238;-48,61192763;SPRF-SC;DEL04-SC;UOP03-DEL04-SC;;;
654628;12/01/2025;domingo;11:30:00;RJ;101;226;SILVA JARDIM;Velocidade Incompat�vel;Sa�da de leito carro��vel;Com V�timas Feridas;Pleno dia;Decrescente;Nublado;Dupla;Reta;N�o;1;0;1;0;0;0;1;1;-22,54789495;-42,34957707;SPRF-RJ;DEL02-RJ;UOP03-DEL02-RJ;;;
654629;12/01/2025;domingo;12:30:00;MG;381;890,1;CAMBUI;Velocidade Incompat�vel;Sa�da de leito carro��vel;Com V�timas Feridas;Pleno dia;Crescente;Chuva;Dupla;Curva;N�o;2;0;1;0;1;0;1;1;-22,54079321;-46,03771019;SPRF-MG;DEL16-MG;UOP01-DEL16-MG;;;
654630;12/01/2025;domingo;13:20:00;GO;40;12;LUZIANIA;Transitar no Acostamento;Colis�o transversal;Sem V�timas;Pleno dia;Crescente;C�u Claro;Dupla;Reta;Sim;2;0;0;0;2;0;0;2;-16,145123;-47,945382;SPRF-DF;DEL01-DF;UOP01-DEL01-DF;;;
654631;12/01/2025;domingo;13:30:00;RS;290;91;PORTO ALEGRE;Manobra de mudan�a de faixa;Colis�o traseira;Com V�timas Feridas;Pleno dia;Decrescente;Nublado;M�ltipla;Reta;N�o;2;0;1;0;1;0;1;1;-29,96957492;-51,16957016;SPRF-RS;DEL01-RS;UOP01-DEL01-RS;;;
654632;12/01/2025;domingo;10:40:00;GO;153;515,2;APARECIDA DE GOIANIA;Acessar a via sem observar a presen�a dos outros ve�culos;Colis�o lateral mesmo sentido;Sem V�timas;Pleno dia;Crescente;Chuva;Dupla;Aclive;Sim;2;0;0;0;2;0;0;2;-16,8413;-49,2454;SPRF-GO;DEL01-GO;UOP03-DEL01-GO;;;
654633;12/01/2025;domingo;13:00:00;PB;230;115,5;INGA;Acumulo de �gua sobre o pavimento;Colis�o com objeto;Com V�timas Feridas;Pleno dia;Crescente;Chuva;Dupla;Curva;N�o;1;0;1;0;0;0;1;1;-7,2296;-35,5998;SPRF-PB;DEL01-PB;UOP02-DEL01-PB;;;
654635;12/01/2025;domingo;14:00:00;ES;101;378,6;ICONHA;Acessar a via sem observar a presen�a dos outros ve�culos;Atropelamento de Animal;Com V�timas Feridas;Pleno dia;Decrescente;C�u Claro;Dupla;"Curva;Declive";N�o;5;0;0;1;4;0;1;2;-20,804562;-40,810875;SPRF-ES;DEL03-ES;UOP01-DEL03-ES;;;
654636;12/01/2025;domingo;12:15:00;RJ;116;62,3;TERESOPOLIS;Velocidade Incompat�vel;Sa�da de leito carro��vel;Com V�timas Feridas;Pleno dia;Decrescente;Chuva;Simples;Curva;N�o;1;0;1;0;0;0;1;1;-22,25254197;-42,91927708;SPRF-RJ;DEL04-RJ;UOP01-DEL04-RJ;;;
654639;12/01/2025;domingo;14:34:00;PB;230;112,9;INGA;Chuva;Sa�da de leito carro��vel;Com V�timas Feridas;Pleno dia;Crescente;Chuva;Dupla;"Curva;Declive";N�o;3;0;2;0;1;0;2;1;-7,2117;-35,5822;SPRF-PB;DEL01-PB;UOP02-DEL01-PB;;;
654640;12/01/2025;domingo;09:30:00;GO;60;28,2;ALEXANIA;Velocidade Incompat�vel;Queda de ocupante de ve�culo;Com V�timas Feridas;Pleno dia;Crescente;C�u Claro;Dupla;"Aclive;Reta";N�o;2;0;1;0;1;0;1;1;-16,0963;-48,5202;SPRF-DF;DEL03-DF;UOP01-DEL03-DF;;;
654641;12/01/2025;domingo;14:00:00;MG;381;603,7;OLIVEIRA;Rea��o tardia ou ineficiente do condutor;Capotamento;Com V�timas Feridas;Pleno dia;Decrescente;Chuva;Dupla;Curva;N�o;4;0;3;0;1;0;3;1;-20,64973798;-44,73551891;SPRF-MG;DEL04-MG;UOP01-DEL04-MG;;;
654642;12/01/2025;domingo;14:30:00;PR;116;114;CURITIBA;Rea��o tardia ou ineficiente do condutor;Sa�da de leito carro��vel;Sem V�timas;Pleno dia;Crescente;Nublado;Dupla;Reta;N�o;1;0;0;0;1;0;0;1;-25,56296907;-49,25643801;SPRF-PR;DEL01-PR;UOP03-DEL01-PR;;;
654645;12/01/2025;domingo;14:29:00;BA;101;877;TEIXEIRA DE FREITAS;Acessar a via sem observar a presen�a dos outros ve�culos;Colis�o transversal;Com V�timas Feridas;Pleno dia;Decrescente;Nublado;Simples;Interse��o de Vias;Sim;3;0;1;0;1;1;1;3;-17,54369134;-39,71754491;SPRF-BA;DEL09-BA;UOP02-DEL09-BA;;;
654646;12/01/2025;domingo;13:16:00;MT;163;828;SINOP;Ingest�o de �lcool pelo condutor;Queda de ocupante de ve�culo;Sem V�timas;Pleno dia;Decrescente;C�u Claro;Simples;Reta;Sim;1;0;0;0;1;0;0;1;-11,921688;-55,51099;SPRF-MT;DEL06-MT;UOP02-DEL06-MT;;;
654648;12/01/2025;domingo;14:00:00;DF;60;2,5;BRASILIA;Acesso irregular;Colis�o traseira;Com V�timas Feridas;Pleno dia;Crescente;Chuva;Dupla;"Retorno Regulamentado;Reta";Sim;4;0;2;0;2;0;2;2;-15,887383;-48,077988;SPRF-DF;DEL03-DF;UOP01-DEL03-DF;;;
654649;12/01/2025;domingo;14:30:00;RJ;40;90;PETROPOLIS;Pista Escorregadia;Sa�da de leito carro��vel;Com V�timas Feridas;Pleno dia;Decrescente;Nublado;Simples;"Aclive;Curva";N�o;5;0;1;0;4;0;1;1;-22,550738;-43,236397;SPRF-RJ;DEL01-RJ;UOP01-DEL01-RJ;;;
654650;12/01/2025;domingo;13:50:00;PR;376;665;GUARATUBA;Demais falhas mec�nicas ou el�tricas;Inc�ndio;Sem V�timas;Pleno dia;Decrescente;Garoa/Chuvisco;Simples;"Aclive;Reta";N�o;1;0;0;0;1;0;0;1;-25,85455838;-48,95670808;SPRF-PR;DEL01-PR;UOP04-DEL01-PR;;;
654651;12/01/2025;domingo;10:00:00;SC;280;124;RIO NEGRINHO;Aus�ncia de rea��o do condutor;Sa�da de leito carro��vel;Sem V�timas;Pleno dia;Crescente;C�u Claro;Simples;Reta;N�o;1;0;0;0;0;1;0;1;-26,24130297;-49,47514499;SPRF-SC;DEL06-SC;UOP03-DEL06-SC;;;
654652;12/01/2025;domingo;14:00:00;MG;381;656,4;SANTO ANTONIO DO AMPARO;Condutor Dormindo;Sa�da de leito carro��vel;Com V�timas Feridas;Pleno dia;Crescente;Nublado;Dupla;Curva;N�o;2;0;1;0;1;0;1;1;-21,00645107;-44,97543296;SPRF-MG;DEL04-MG;UOP02-DEL04-MG;;;
654653;12/01/2025;domingo;14:35:00;SC;470;143,8;RIO DO SUL;Rea��o tardia ou ineficiente do condutor;Colis�o traseira;Com V�timas Feridas;Pleno dia;Crescente;Nublado;Simples;Interse��o de Vias;Sim;3;0;1;0;0;2;1;3;-27,2246294;-49,66499448;SPRF-SC;DEL04-SC;UOP02-DEL04-SC;;;
654655;12/01/2025;domingo;11:00:00;MT;163;955;ITAUBA;Acessar a via sem observar a presen�a dos outros ve�culos;Colis�o transversal;Com V�timas Feridas;Pleno dia;Crescente;C�u Claro;Simples;Reta;Sim;3;0;1;0;2;0;1;2;-10,97135587;-55,22772021;SPRF-MT;DEL06-MT;UOP02-DEL06-MT;;;
654656;12/01/2025;domingo;15:00:00;PR;116;113;CURITIBA;Condutor deixou de manter dist�ncia do ve�culo da frente;Colis�o traseira;Com V�timas Feridas;Pleno dia;Crescente;Nublado;Dupla;Reta;N�o;4;0;3;0;1;0;3;2;-25,56513636;-49,24675108;SPRF-PR;DEL01-PR;UOP03-DEL01-PR;;;
654657;12/01/2025;domingo;13:50:00;PE;232;59,2;POMBOS;Rea��o tardia ou ineficiente do condutor;Sa�da de leito carro��vel;Com V�timas Feridas;Pleno dia;Decrescente;Chuva;Dupla;Reta;N�o;3;0;2;0;1;0;2;1;-8,1471233;-35,39890998;SPRF-PE;DEL02-PE;UOP02-DEL02PE;;;
654658;12/01/2025;domingo;11:00:00;PA;163;104;ALTAMIRA;Curva acentuada;Queda de ocupante de ve�culo;Com V�timas Feridas;Pleno dia;Decrescente;C�u Claro;Simples;Curva;N�o;2;0;2;0;0;0;2;1;-8,72682171;-54,97298761;SPRF-MT;DEL06-MT;UOP03-DEL06-MT;;;
654659;12/01/2025;domingo;15:45:00;RN;226;78,2;TANGARA;Convers�o proibida;Colis�o transversal;Com V�timas Fatais;Pleno dia;Decrescente;Sol;Simples;Reta;Sim;2;1;0;0;1;0;0;2;-6,17315299;-35,76445699;SPRF-RN;DEL01-RN;UOP02-DEL01-RN;;;
654660;12/01/2025;domingo;15:45:00;RS;285;537,7;CAIBATE;Desrespeitar a prefer�ncia no cruzamento;Colis�o transversal;Com V�timas Feridas;Pleno dia;Decrescente;C�u Claro;Simples;Interse��o de Vias;N�o;5;0;3;2;0;0;5;2;-28,401775;-54,65054512;SPRF-RS;DEL10-RS;UOP01-DEL10-RS;;;
654661;12/01/2025;domingo;14:30:00;SC;280;49;GUARAMIRIM;Velocidade Incompat�vel;Tombamento;Com V�timas Feridas;Pleno dia;Crescente;Garoa/Chuvisco;Dupla;Reta;Sim;1;0;0;1;0;0;1;1;-26,45850039;-48,93692786;SPRF-SC;DEL03-SC;UOP03-DEL03-SC;;;
654663;12/01/2025;domingo;12:30:00;MA;230;443,5;RIACHAO;Acumulo de �gua sobre o pavimento;Sa�da de leito carro��vel;Com V�timas Feridas;Pleno dia;Crescente;Chuva;Simples;Curva;N�o;2;0;0;1;1;0;1;1;-7,40945229;-46,38084412;SPRF-MA;DEL05-MA;UOP01-DEL05-MA;;;
654664;12/01/2025;domingo;15:00:00;ES;101;273,2;SERRA;Frear bruscamente;Colis�o traseira;Sem V�timas;Pleno dia;Crescente;C�u Claro;M�ltipla;Reta;N�o;13;0;0;0;13;0;0;2;-20,22029207;-40,29048811;SPRF-ES;DEL02-ES;UOP01-DEL02-ES;;;
654665;12/01/2025;domingo;12:41:00;AC;364;16;ACRELANDIA;Chuva;Sa�da de leito carro��vel;Com V�timas Feridas;Pleno dia;Decrescente;Chuva;Simples;"Declive;Reta";N�o;3;0;0;2;1;0;2;1;-9,8831168;-66,92963022;SPRF-AC;DEL01-AC;UOP03-DEL01-AC;;;
654666;12/01/2025;domingo;17:10:00;SC;282;26,4;SANTO AMARO DA IMPERATRIZ;Ingest�o de �lcool pelo condutor;Colis�o lateral mesmo sentido;Com V�timas Feridas;Pleno dia;Decrescente;Nublado;Simples;"Reta;Interse��o de Vias;Retorno Regulamentado";Sim;2;0;1;0;1;0;1;2;-27,67522418;-48,76841784;SPRF-SC;DEL01-SC;UOP03-DEL01-SC;;;
654667;12/01/2025;domingo;17:20:00;CE;116;19;ITAITINGA;Condutor deixou de manter dist�ncia do ve�culo da frente;Colis�o traseira;Com V�timas Feridas;Pleno dia;Crescente;Nublado;Dupla;Reta;N�o;4;0;4;0;0;0;4;2;-3,91384397;-38,50667231;SPRF-CE;DEL01-CE;UOP02-DEL01-CE;;;
654668;12/01/2025;domingo;15:45:00;RS;471;167;RIO PARDO;Ingest�o de �lcool pelo condutor;Sa�da de leito carro��vel;Com V�timas Feridas;Pleno dia;Decrescente;C�u Claro;Simples;Reta;N�o;4;0;3;1;0;0;4;1;-29,962341;-52,370583;SPRF-RS;DEL02-RS;UOP03-DEL02-RS;;;
654669;12/01/2025;domingo;17:10:00;MG;381;533,6;ITATIAIUCU;Avarias e/ou desgaste excessivo no pneu;Sa�da de leito carro��vel;Com V�timas Feridas;Pleno dia;Decrescente;Chuva;Dupla;"Aclive;Curva";Sim;2;0;1;0;1;0;1;1;-20,19896036;-44,38641307;SPRF-MG;DEL04-MG;UOP03-DEL04-MG;;;
654670;12/01/2025;domingo;16:25:00;RJ;101;590,3;PARATY;Pedestre cruzava a pista fora da faixa;Atropelamento de Pedestre;Com V�timas Feridas;Pleno dia;Decrescente;Nublado;Simples;Reta;N�o;2;0;1;0;1;0;1;2;-23,30840813;-44,70725998;SPRF-RJ;DEL03-RJ;UOP04-DEL03-RJ;;;
654671;12/01/2025;domingo;16:45:00;TO;153;136;ARAGUAINA;Pedestre cruzava a pista fora da faixa;Atropelamento de Pedestre;Com V�timas Feridas;Pleno dia;Crescente;Garoa/Chuvisco;Dupla;Reta;Sim;3;0;0;1;2;0;1;3;-7,137507;-48,200943;SPRF-TO;DEL02-TO;UOP01-DEL02-TO;;;
654672;12/01/2025;domingo;17:40:00;PB;230;9,9;CABEDELO;Condutor deixou de manter dist�ncia do ve�culo da frente;Colis�o lateral mesmo sentido;Com V�timas Feridas;Anoitecer;Decrescente;C�u Claro;Dupla;"Em Obras;Interse��o de Vias;Reta";Sim;3;0;1;0;2;0;1;2;-7,0433;-34,8466;SPRF-PB;DEL01-PB;UOP01-DEL01-PB;;;
654673;12/01/2025;domingo;14:45:00;PE;232;189;SANHARO;Condutor deixou de manter dist�ncia do ve�culo da frente;Colis�o transversal;Com V�timas Feridas;Pleno dia;Crescente;Nublado;Simples;Reta;N�o;3;0;1;1;0;1;2;2;-8,35542691;-36,50966301;SPRF-PE;DEL03-PE;UOP02-DEL03-PE;;;
654674;12/01/2025;domingo;15:00:00;MG;381;700,9;LAVRAS;Chuva;Sa�da de leito carro��vel;Com V�timas Feridas;Pleno dia;Crescente;Chuva;Dupla;"Declive;Curva";N�o;3;0;1;0;2;0;1;1;-21,31137883;-45,16451703;SPRF-MG;DEL04-MG;UOP02-DEL04-MG;;;
654675;12/01/2025;domingo;17:00:00;GO;60;259;INDIARA;Manobra de mudan�a de faixa;Colis�o traseira;Com V�timas Feridas;Pleno dia;Decrescente;C�u Claro;Dupla;"Aclive;Reta";N�o;3;0;2;0;1;0;2;2;-17,1596;-50,0359;SPRF-GO;DEL01-GO;UOP02-DEL01-GO;;;
654676;12/01/2025;domingo;15:30:00;MG;381;696,4;LAVRAS;Velocidade Incompat�vel;Sa�da de leito carro��vel;Com V�timas Feridas;Pleno dia;Crescente;Chuva;Dupla;"Curva;Aclive";N�o;1;0;1;0;0;0;1;1;-21,28522379;-45,14051435;SPRF-MG;DEL04-MG;UOP02-DEL04-MG;;;
654678;12/01/2025;domingo;17:15:00;MG;40;735,3;SANTOS DUMONT;Rea��o tardia ou ineficiente do condutor;Colis�o traseira;Com V�timas Feridas;Anoitecer;Crescente;Chuva;Simples;Aclive;N�o;4;0;2;0;2;0;2;2;-21,37012696;-43,57558994;SPRF-MG;DEL05-MG;UOP01-DEL05-MG;;;
654679;08/01/2025;quarta-feira;16:00:00;RJ;101;321;NITEROI;Trafegar com motocicleta (ou similar) entre as faixas;Engavetamento;Com V�timas Feridas;Pleno dia;Crescente;C�u Claro;M�ltipla;Reta;Sim;3;0;1;0;2;0;1;3;-22,86981096;-43,11046465;SPRF-RJ;DEL02-RJ;UOP01-DEL02-RJ;;;
654680;12/01/2025;domingo;16:00:00;PE;407;88,5;PETROLINA;Ultrapassagem Indevida;Colis�o lateral mesmo sentido;Com V�timas Feridas;Pleno dia;Crescente;Garoa/Chuvisco;Simples;"Declive;Reta";N�o;4;0;1;0;1;2;1;4;-9,07500114;-40,66410928;SPRF-PE;DEL06-PE;UOP02-DEL06-PE;;;
654681;12/01/2025;domingo;18:00:00;MG;365;791,3;ITUIUTABA;Ingest�o de �lcool pelo condutor;Queda de ocupante de ve�culo;Com V�timas Feridas;Anoitecer;Decrescente;Nublado;Dupla;"Retorno Regulamentado;Reta";N�o;1;0;1;0;0;0;1;1;-18,93778917;-49,82196808;SPRF-MG;DEL15-MG;UOP03-DEL15-MG;;;
654682;12/01/2025;domingo;15:00:00;SC;470;49;BLUMENAU;Velocidade Incompat�vel;Tombamento;Com V�timas Feridas;Pleno dia;Decrescente;Nublado;Dupla;"Em Obras;Reta";Sim;1;0;1;0;0;0;1;1;-26,8609917;-49,06601521;SPRF-SC;DEL04-SC;UOP01-DEL04-SC;;;
654683;12/01/2025;domingo;17:40:00;AP;210;18,9;MACAPA;Rea��o tardia ou ineficiente do condutor;Colis�o traseira;Com V�timas Feridas;Pleno dia;Decrescente;C�u Claro;Simples;Reta;N�o;18;0;3;0;15;0;3;4;0,18881;-51,117812;SPRF-AP;DEL01-AP;UOP01-DEL01-AP;;;
654684;12/01/2025;domingo;18:15:00;RJ;101;485;ANGRA DOS REIS;Condutor deixou de manter dist�ncia do ve�culo da frente;Colis�o traseira;Com V�timas Feridas;Anoitecer;Crescente;Garoa/Chuvisco;Dupla;Reta;Sim;3;0;1;0;2;0;1;2;-22,98573526;-44,29709764;SPRF-RJ;DEL03-RJ;UOP03-DEL03-RJ;;;
654687;12/01/2025;domingo;18:50:00;SC;101;207,2;SAO JOSE;Ingest�o de �lcool pelo condutor;Queda de ocupante de ve�culo;Com V�timas Feridas;Plena Noite;Decrescente;C�u Claro;M�ltipla;Curva;N�o;2;0;1;0;0;1;1;2;-27,60001226;-48,6226467;SPRF-SC;DEL01-SC;UOP01-DEL01-SC;;;
654689;12/01/2025;domingo;19:00:00;PB;104;12,4;CUITE;Manobra de mudan�a de faixa;Colis�o frontal;Com V�timas Fatais;Plena Noite;Decrescente;Chuva;Simples;Reta;N�o;2;1;0;0;0;1;0;2;-6,50157794;-36,1486783;SPRF-PB;DEL02-PB;UOP04-DEL02-PB;;;
654691;12/01/2025;domingo;15:30:00;PR;153;309,6;IMBITUVA;Rea��o tardia ou ineficiente do condutor;Colis�o traseira;Com V�timas Feridas;Pleno dia;Crescente;C�u Claro;Simples;Reta;N�o;5;0;0;1;2;2;1;2;-25,290124;-50,63805;SPRF-PR;DEL08-PR;UOP02-DEL08-PR;;;
654693;12/01/2025;domingo;15:00:00;PR;163;299;MERCEDES;Acessar a via sem observar a presen�a dos outros ve�culos;Colis�o transversal;Com V�timas Feridas;Pleno dia;Crescente;Sol;Simples;Reta;N�o;3;0;0;1;2;0;1;2;-24,50685298;-54,12243998;SPRF-PR;DEL06-PR;UOP02-DEL06-PR;;;
654694;12/01/2025;domingo;19:30:00;MG;116;760,9;LEOPOLDINA;Rea��o tardia ou ineficiente do condutor;Queda de ocupante de ve�culo;Com V�timas Feridas;Plena Noite;Crescente;C�u Claro;Simples;Curva;Sim;2;0;1;0;0;1;1;1;-21,52207278;-42,61775334;SPRF-MG;DEL07-MG;UOP01-DEL07-MG;;;
654695;12/01/2025;domingo;19:35:00;ES;101;150;LINHARES;Ingest�o de �lcool pelo condutor;Colis�o com objeto;Com V�timas Feridas;Plena Noite;Decrescente;C�u Claro;Simples;Interse��o de Vias;N�o;2;0;2;0;0;0;2;1;-19,40436634;-40,06078896;SPRF-ES;DEL04-ES;UOP01-DEL04-ES;;;
654696;12/01/2025;domingo;14:50:00;MG;40;661,1;CARANDAI;Velocidade Incompat�vel;Sa�da de leito carro��vel;Com V�timas Fatais;Pleno dia;Crescente;Chuva;Simples;"Curva;Declive";N�o;2;1;0;1;0;0;1;1;-20,910087;-43,828976;SPRF-MG;DEL05-MG;UOP02-DEL05-MG;;;
654697;12/01/2025;domingo;19:50:00;ES;101;149,5;LINHARES;Condutor desrespeitou a ilumina��o vermelha do sem�foro;Colis�o transversal;Com V�timas Feridas;Plena Noite;Decrescente;C�u Claro;M�ltipla;"Interse��o de Vias;Reta";Sim;2;0;0;1;1;0;1;2;-19,39882425;-40,06273985;SPRF-ES;DEL04-ES;UOP01-DEL04-ES;;;
654699;12/01/2025;domingo;19:30:00;SC;101;213,5;PALHOCA;Demais falhas mec�nicas ou el�tricas;Tombamento;Com V�timas Feridas;Plena Noite;Crescente;Nublado;M�ltipla;Reta;Sim;1;0;1;0;0;0;1;1;-27,63697369;-48,66514142;SPRF-SC;DEL01-SC;UOP02-DEL01-SC;;;
654700;12/01/2025;domingo;19:00:00;MS;163;371;NOVA ALVORADA DO SUL;Aus�ncia de rea��o do condutor;Sa�da de leito carro��vel;Com V�timas Feridas;Plena Noite;Decrescente;C�u Claro;Dupla;Reta;N�o;2;0;0;2;0;0;2;1;-21,41551117;-54,39177719;SPRF-MS;DEL02-MS;UOP01-DEL02-MS;;;
654702;12/01/2025;domingo;18:00:00;PR;469;14;FOZ DO IGUACU;Ingest�o de �lcool pelo condutor;Tombamento;Com V�timas Feridas;Pleno dia;Decrescente;C�u Claro;Simples;Reta;Sim;2;0;2;0;0;0;2;1;-25,5781;-54,5411;SPRF-PR;DEL05-PR;UOP04-DEL05-PR;;;
654703;12/01/2025;domingo;16:00:00;RJ;116;118;GUAPIMIRIM;Velocidade Incompat�vel;Sa�da de leito carro��vel;Com V�timas Feridas;Pleno dia;Crescente;Chuva;Dupla;Reta;N�o;2;0;1;0;1;0;1;1;-22,60969336;-43,03076263;SPRF-RJ;DEL04-RJ;UOP02-DEL04-RJ;;;
654704;12/01/2025;domingo;20:00:00;SC;280;231,7;CANOINHAS;Aus�ncia de rea��o do condutor;Colis�o com objeto;Com V�timas Feridas;Plena Noite;Decrescente;C�u Claro;Simples;Reta;Sim;2;0;1;0;1;0;1;1;-26,1893047;-50,37170989;SPRF-SC;DEL06-SC;UOP04-DEL06-SC;;;
654706;12/01/2025;domingo;20:20:00;SC;470;56;BLUMENAU;Acesso irregular;Colis�o traseira;Com V�timas Feridas;Plena Noite;Decrescente;Ignorado;Dupla;"Curva;Em Obras";Sim;2;0;1;0;1;0;1;2;-26,87655491;-49,12752271;SPRF-SC;DEL04-SC;UOP01-DEL04-SC;;;
654707;12/01/2025;domingo;20:00:00;RN;101;105;PARNAMIRIM;Avarias e/ou desgaste excessivo no pneu;Queda de ocupante de ve�culo;Com V�timas Feridas;Plena Noite;Crescente;C�u Claro;Dupla;Reta;N�o;2;0;1;1;0;0;2;1;-5,90165196;-35,25928517;SPRF-RN;DEL01-RN;UOP01-DEL01-RN;;;
654708;12/01/2025;domingo;20:15:00;MG;364;31;FRUTAL;Aus�ncia de rea��o do condutor;Sa�da de leito carro��vel;Com V�timas Feridas;Plena Noite;Decrescente;C�u Claro;Simples;Reta;Sim;1;0;1;0;0;0;1;1;-20,025185;-48,94096;SPRF-MG;DEL13-MG;UOP02-DEL13-MG;;;
654709;12/01/2025;domingo;19:40:00;PE;407;73,4;PETROLINA;Chuva;Sa�da de leito carro��vel;Com V�timas Feridas;Plena Noite;Crescente;Chuva;Simples;Curva;N�o;2;0;2;0;0;0;2;1;-8,958202;-40,722875;SPRF-PE;DEL06-PE;UOP02-DEL06-PE;;;
654710;12/01/2025;domingo;18:15:00;SC;282;308,5;VARGEM;Ingest�o de �lcool pelo condutor;Sa�da de leito carro��vel;Com V�timas Fatais;Pleno dia;Crescente;C�u Claro;Simples;"Curva;Declive";N�o;1;1;0;0;0;0;0;1;-27,4892731;-50,9729754;SPRF-SC;DEL07-SC;UOP06-DEL07-SC;;;
654712;12/01/2025;domingo;20:40:00;PR;153;43,9;SANTO ANTONIO DA PLATINA;Velocidade Incompat�vel;Sa�da de leito carro��vel;Sem V�timas;Plena Noite;Decrescente;Nublado;Simples;Reta;Sim;1;0;0;0;1;0;0;1;-23,31433009;-50,06953597;SPRF-PR;DEL07-PR;UOP04-DEL07-PR;;;
654713;12/01/2025;domingo;17:02:00;RS;293;0;PELOTAS;Retorno proibido;Colis�o com objeto;Com V�timas Feridas;Pleno dia;Decrescente;C�u Claro;Simples;Interse��o de Vias;Sim;1;0;0;1;0;0;1;1;-31,76310187;-52,35646248;SPRF-RS;DEL07-RS;UOP01-DEL07-RS;;;
654715;12/01/2025;domingo;16:30:00;MG;116;424;ALPERCATA;Aus�ncia de rea��o do condutor;Queda de ocupante de ve�culo;Com V�timas Feridas;Pleno dia;Crescente;C�u Claro;Simples;Reta;Sim;1;0;0;1;0;0;1;1;-18,95689528;-41,96500492;SPRF-MG;DEL06-MG;UOP01-DEL06-MG;;;
654716;12/01/2025;domingo;21:20:00;RN;101;99;NATAL;Aus�ncia de rea��o do condutor;Colis�o com objeto;Com V�timas Feridas;Plena Noite;Decrescente;C�u Claro;Simples;Reta;Sim;2;0;1;0;1;0;1;2;-5,87359183;-35,22063023;SPRF-RN;DEL01-RN;UOP01-DEL01-RN;;;
654717;12/01/2025;domingo;21:20:00;RN;304;280;MACAIBA;Ingest�o de �lcool pelo condutor;Colis�o com objeto;Com V�timas Feridas;Plena Noite;Decrescente;C�u Claro;Dupla;Reta;N�o;1;0;1;0;0;0;1;1;-5,88956382;-35,48954405;SPRF-RN;DEL01-RN;UOP02-DEL01-RN;;;
654719;12/01/2025;domingo;17:20:00;RO;364;491;ARIQUEMES;Convers�o proibida;Colis�o transversal;Com V�timas Feridas;Pleno dia;Crescente;Nublado;Simples;Reta;N�o;6;0;2;0;4;0;2;2;-10,09972089;-62,95458394;SPRF-RO;DEL03-RO;UOP01-DEL03-RO;;;
654720;12/01/2025;domingo;21:22:00;PR;376;180;MARINGA;Velocidade Incompat�vel;Tombamento;Com V�timas Feridas;Plena Noite;Crescente;C�u Claro;Dupla;Curva;Sim;2;0;2;0;0;0;2;1;-23,42244278;-51,90360392;SPRF-PR;DEL09-PR;UOP01-DEL09-PR;;;
654721;12/01/2025;domingo;20:35:00;MG;40;466,8;SETE LAGOAS;Pista esburacada;Colis�o com objeto;Com V�timas Feridas;Plena Noite;Decrescente;Nublado;Dupla;"Reta;Declive";Sim;2;0;2;0;0;0;2;1;-19,447962;-44,319408;SPRF-MG;DEL02-MG;UOP01-DEL02-MG;;;
654722;12/01/2025;domingo;21:30:00;MG;262;368;JUATUBA;Entrada inopinada do pedestre;Atropelamento de Pedestre;Com V�timas Fatais;Plena Noite;Crescente;Chuva;Dupla;Reta;N�o;2;1;0;0;1;0;0;2;-19,97239513;-44,28042402;SPRF-MG;DEL01-MG;UOP03-DEL01-MG;;;
654723;12/01/2025;domingo;20:00:00;SP;116;219;GUARULHOS;Rea��o tardia ou ineficiente do condutor;Colis�o traseira;Sem V�timas;Plena Noite;Decrescente;Nublado;M�ltipla;Reta;Sim;3;0;0;0;3;0;0;3;-23,457972;-46,479927;SPRF-SP;DEL01-SP;UOP01-DEL01-SP;;;
654724;12/01/2025;domingo;22:00:00;SC;101;134;BALNEARIO CAMBORIU;Rea��o tardia ou ineficiente do condutor;Colis�o com objeto;Com V�timas Feridas;Plena Noite;Decrescente;C�u Claro;Simples;Reta;Sim;1;0;1;0;0;0;1;1;-27,00218;-48,636433;SPRF-SC;DEL04-SC;UOP03-DEL04-SC;;;
654725;12/01/2025;domingo;22:00:00;SC;280;24,9;ARAQUARI;Condutor deixou de manter dist�ncia do ve�culo da frente;Colis�o traseira;Com V�timas Feridas;Plena Noite;Crescente;C�u Claro;Simples;Reta;Sim;1;0;1;0;0;0;1;1;-26,37724921;-48,71953282;SPRF-SC;DEL03-SC;UOP03-DEL03-SC;;;