id;data_inversa;dia_semana;horario;uf;br;km;municipio;causa_acidente;tipo_acidente;classificacao_acidente;fase_dia;sentido_via;condicao_metereologica;tipo_pista;tracado_via;uso_solo;pessoas;mortos;feridos_leves;feridos_graves;ilesos;ignorados;feridos;veiculos;latitude;longitude;regional;delegacia;uop;;;
655088;14/01/2025;ter�a-feira;17:00:00;DF;60;28,4;BRASILIA;Acumulo de �gua sobre o pavimento;Colis�o com objeto;Com V�timas Feridas;Pleno dia;Crescente;Chuva;Dupla;"Aclive;Curva";N�o;2;0;2;0;0;0;2;1;-16,020638;-48,250832;SPRF-DF;DEL03-DF;UOP01-DEL03-DF;;;
655091;14/01/2025;ter�a-feira;12:30:00;PI;135;401;REDENCAO DO GURGUEIA;Rea��o tardia ou ineficiente do condutor;Sa�da de leito carro��vel;Com V�timas Feridas;Pleno dia;Crescente;Chuva;Simples;"Curva;Declive";N�o;31;0;6;0;7;18;6;1;-9,41075383;-44,59663522;SPRF-PI;DEL03-PI;UOP02-DEL03-PI;;;
655092;14/01/2025;ter�a-feira;17:40:00;RN;406;167;SAO GONCALO DO AMARANTE;Acessar a via sem observar a presen�a dos outros ve�culos;Colis�o transversal;Com V�timas Feridas;Anoitecer;Crescente;C�u Claro;Simples;Reta;Sim;2;0;0;1;1;0;1;2;-5,75210586;-35,31647444;SPRF-RN;DEL02-RN;UOP01-DEL02-RN;;;
655093;14/01/2025;ter�a-feira;17:45:00;GO;40;3;VALPARAISO DE GOIAS;Rea��o tardia ou ineficiente do condutor;Colis�o traseira;Com V�timas Feridas;Pleno dia;Decrescente;Nublado;Dupla;"Viaduto;Reta";Sim;2;0;1;0;1;0;1;2;-16,076081;-47,985671;SPRF-DF;DEL01-DF;UOP01-DEL01-DF;;;
655094;14/01/2025;ter�a-feira;12:45:00;MG;381;620;OLIVEIRA;Velocidade Incompat�vel;Sa�da de leito carro��vel;Com V�timas Feridas;Pleno dia;Decrescente;Chuva;Dupla;Curva;N�o;2;0;1;0;1;0;1;1;-20,78558012;-44,78578864;SPRF-MG;DEL04-MG;UOP01-DEL04-MG;;;
655095;14/01/2025;ter�a-feira;12:20:00;SC;280;304,1;PORTO UNIAO;Acessar a via sem observar a presen�a dos outros ve�culos;Colis�o transversal;Com V�timas Feridas;Pleno dia;Decrescente;C�u Claro;Simples;Reta;Sim;3;0;0;1;2;0;1;2;-26,27999553;-51,05063229;SPRF-SC;DEL06-SC;UOP04-DEL06-SC;;;
655096;14/01/2025;ter�a-feira;06:30:00;MG;251;472;FRANCISCO SA;Pista Escorregadia;Colis�o lateral sentido oposto;Sem V�timas;Amanhecer;Decrescente;Chuva;Simples;"Declive;Reta";Sim;2;0;0;0;2;0;0;2;-16,4669101;-43,43947986;SPRF-MG;DEL12-MG;UOP01-DEL12-MG;;;
655098;14/01/2025;ter�a-feira;18:15:00;PB;230;9,9;CABEDELO;Demais falhas na via;Tombamento;Com V�timas Feridas;Plena Noite;Crescente;Chuva;Dupla;Reta;Sim;2;0;2;0;0;0;2;1;-7,0433;-34,8466;SPRF-PB;DEL01-PB;UOP01-DEL01-PB;;;
655099;14/01/2025;ter�a-feira;18:00:00;SP;116;51,1;LORENA;Acumulo de �gua sobre o pavimento;Queda de ocupante de ve�culo;Com V�timas Feridas;Anoitecer;Crescente;Garoa/Chuvisco;Simples;"Aclive;Curva;Viaduto";Sim;1;0;1;0;0;0;1;1;-22,74238541;-45,09179592;SPRF-SP;DEL08-SP;UOP02-DEL08-SP;;;
655100;14/01/2025;ter�a-feira;17:15:00;PR;277;669;MEDIANEIRA;Acessar a via sem observar a presen�a dos outros ve�culos;Sa�da de leito carro��vel;Sem V�timas;Pleno dia;Decrescente;Chuva;Dupla;Reta;Sim;1;0;0;0;1;0;0;1;-25,27562214;-54,0709859;SPRF-PR;DEL05-PR;UOP02-DEL05-PR;;;
655102;14/01/2025;ter�a-feira;18:20:00;SC;101;193;BIGUACU;Condutor deixou de manter dist�ncia do ve�culo da frente;Engavetamento;Com V�timas Feridas;Anoitecer;Decrescente;C�u Claro;M�ltipla;"Reta;Ponte";Sim;5;0;1;0;4;0;1;5;-27,489574;-48,655914;SPRF-SC;DEL01-SC;UOP01-DEL01-SC;;;
655103;14/01/2025;ter�a-feira;16:00:00;MG;381;380;SAO GONCALO DO RIO ABAIXO;Condutor Dormindo;Colis�o frontal;Com V�timas Feridas;Pleno dia;Decrescente;C�u Claro;Simples;"Reta;Aclive";N�o;7;0;5;0;2;0;5;2;-19,82692046;-43,38405945;SPRF-MG;DEL01-MG;UOP01-DEL01-MG;;;
655104;14/01/2025;ter�a-feira;17:45:00;SP;153;62,3;SAO JOSE DO RIO PRETO;Rea��o tardia ou ineficiente do condutor;Colis�o traseira;Com V�timas Feridas;Pleno dia;Crescente;C�u Claro;Dupla;"Aclive;Reta";Sim;2;0;1;0;1;0;1;2;-20,81325404;-49,35675563;SPRF-SP;DEL09-SP;UOP01-DEL09-SP;;;
655107;14/01/2025;ter�a-feira;18:30:00;PR;373;172;PONTA GROSSA;Manobra de mudan�a de faixa;Colis�o lateral mesmo sentido;Com V�timas Feridas;Anoitecer;Crescente;Nublado;M�ltipla;Reta;Sim;3;0;1;0;1;1;1;3;-25,08139932;-50,19200981;SPRF-PR;DEL03-PR;UOP01-DEL03-PR;;;
655108;14/01/2025;ter�a-feira;19:25:00;SC;101;237,7;PALHOCA;Trafegar com motocicleta (ou similar) entre as faixas;Colis�o lateral mesmo sentido;Com V�timas Feridas;Plena Noite;Decrescente;C�u Claro;Dupla;Reta;N�o;2;0;1;0;1;0;1;2;-27,83490593;-48,63077716;SPRF-SC;DEL01-SC;UOP02-DEL01-SC;;;
655109;14/01/2025;ter�a-feira;18:35:00;CE;116;372,8;ICO;Aus�ncia de rea��o do condutor;Colis�o traseira;Com V�timas Feridas;Plena Noite;Crescente;C�u Claro;Simples;Reta;Sim;4;0;1;1;0;2;2;3;-6,37861604;-38,80975697;SPRF-CE;DEL05-CE;UOP01-DEL05-CE;;;
655110;14/01/2025;ter�a-feira;18:34:00;PA;316;44;SANTA IZABEL DO PARA;Demais falhas mec�nicas ou el�tricas;Tombamento;Com V�timas Feridas;Anoitecer;Decrescente;Ignorado;Dupla;Reta;N�o;2;0;1;0;1;0;1;1;-1,27592647;-48,08710906;SPRF-PA;DEL01-PA;UOP01-DEL01-PA;;;
655112;14/01/2025;ter�a-feira;19:00:00;GO;364;386;SANTA RITA DO ARAGUAIA;Acessar a via sem observar a presen�a dos outros ve�culos;Colis�o transversal;Com V�timas Feridas;Plena Noite;Decrescente;C�u Claro;Dupla;"Interse��o de Vias;Reta;Retorno Regulamentado";Sim;2;0;1;0;0;1;1;2;-17,321859;-53,209393;SPRF-GO;DEL05-GO;UOP01-DEL05-GO;;;
655113;14/01/2025;ter�a-feira;16:05:00;MG;262;437,1;NOVA SERRANA;Chuva;Sa�da de leito carro��vel;Com V�timas Feridas;Pleno dia;Crescente;Chuva;Dupla;Curva;N�o;1;0;0;1;0;0;1;1;-19,89622194;-44,86972815;SPRF-MG;DEL08-MG;UOP03-DEL08-MG;;;
655114;14/01/2025;ter�a-feira;19:00:00;GO;153;495;GOIANIA;Ultrapassagem Indevida;Colis�o transversal;Sem V�timas;Plena Noite;Crescente;Chuva;Dupla;"Reta;Aclive";Sim;2;0;0;0;1;1;0;2;-16,6681;-49,2263;SPRF-GO;DEL01-GO;UOP01-DEL01-GO;;;
655115;14/01/2025;ter�a-feira;16:00:00;RN;226;324,7;MESSIAS TARGINO;Acessar a via sem observar a presen�a dos outros ve�culos;Colis�o transversal;Com V�timas Feridas;Pleno dia;Decrescente;C�u Claro;Simples;Reta;Sim;2;0;1;1;0;0;2;2;-6,07589649;-37,51931906;SPRF-RN;DEL04-RN;UOP01-DEL04-RN;;;
655117;10/01/2025;sexta-feira;07:10:00;PR;163;9;BARRACAO;Velocidade Incompat�vel;Colis�o com objeto;Sem V�timas;Pleno dia;Decrescente;C�u Claro;Simples;"Interse��o de Vias;Rotat�ria";Sim;1;0;0;0;1;0;0;1;-26,25172639;-53,63581365;SPRF-PR;DEL02-PR;UOP02-DEL02-PR;;;
655118;14/01/2025;ter�a-feira;19:35:00;RN;101;83;SAO GONCALO DO AMARANTE;Rea��o tardia ou ineficiente do condutor;Colis�o traseira;Com V�timas Feridas;Plena Noite;Decrescente;C�u Claro;Dupla;Reta;Sim;2;0;1;0;1;0;1;2;-5,7710445;-35,26616981;SPRF-RN;DEL02-RN;UOP01-DEL02-RN;;;
655119;14/01/2025;ter�a-feira;19:19:00;MS;163;681;RIO VERDE DE MATO GROSSO;Acessar a via sem observar a presen�a dos outros ve�culos;Colis�o transversal;Com V�timas Feridas;Plena Noite;Crescente;C�u Claro;Simples;Interse��o de Vias;Sim;6;0;1;0;5;0;1;2;-18,91578008;-54,83862738;SPRF-MS;DEL06-MS;UOP02-DEL06-MS;;;
655120;14/01/2025;ter�a-feira;17:20:00;MG;116;408;GOVERNADOR VALADARES;Pista Escorregadia;Tombamento;Com V�timas Feridas;Anoitecer;Decrescente;Chuva;Simples;Reta;Sim;2;0;2;0;0;0;2;1;-18,84221919;-41,98289416;SPRF-MG;DEL06-MG;UOP01-DEL06-MG;;;
655121;14/01/2025;ter�a-feira;19:15:00;CE;116;6;FORTALEZA;Manobra de mudan�a de faixa;Colis�o traseira;Com V�timas Feridas;Plena Noite;Decrescente;Chuva;M�ltipla;Reta;Sim;2;0;2;0;0;0;2;2;-3,802624;-38,50400499;SPRF-CE;DEL01-CE;UOP02-DEL01-CE;;;
655122;14/01/2025;ter�a-feira;17:30:00;PE;428;186;PETROLINA;Rea��o tardia ou ineficiente do condutor;Colis�o traseira;Com V�timas Feridas;Anoitecer;Crescente;C�u Claro;Dupla;Reta;Sim;2;0;1;0;1;0;1;2;-9,34807826;-40,47441248;SPRF-PE;DEL06-PE;UOP01-DEL06-PE;;;
655123;14/01/2025;ter�a-feira;20:30:00;GO;40;3;VALPARAISO DE GOIAS;Condutor deixou de manter dist�ncia do ve�culo da frente;Colis�o traseira;Com V�timas Feridas;Plena Noite;Crescente;C�u Claro;Dupla;Reta;Sim;2;0;1;0;0;1;1;2;-16,076081;-47,985671;SPRF-DF;DEL01-DF;UOP01-DEL01-DF;;;
655124;14/01/2025;ter�a-feira;20:30:00;PB;230;18,2;JOAO PESSOA;Aus�ncia de rea��o do condutor;Colis�o traseira;Com V�timas Feridas;Plena Noite;Decrescente;C�u Claro;Dupla;"Viaduto;Reta;Aclive";Sim;3;0;1;0;2;0;1;2;-7,1198;-34,8453;SPRF-PB;DEL01-PB;UOP01-DEL01-PB;;;
655126;14/01/2025;ter�a-feira;20:40:00;GO;153;518;HIDROLANDIA;Manobra de mudan�a de faixa;Colis�o traseira;Com V�timas Feridas;Plena Noite;Crescente;Chuva;Dupla;"Reta;Aclive";N�o;3;0;0;2;1;0;2;2;-16,8581;-49,2488;SPRF-GO;DEL01-GO;UOP03-DEL01-GO;;;
655127;14/01/2025;ter�a-feira;19:50:00;PR;277;497,7;GUARANIACU;Condutor deixou de manter dist�ncia do ve�culo da frente;Colis�o traseira;Com V�timas Feridas;Plena Noite;Crescente;Chuva;Simples;"Aclive;Reta";N�o;2;0;1;0;1;0;1;2;-25,1792322;-52,66906541;SPRF-PR;DEL04-PR;UOP04-DEL04-PR;;;
655128;14/01/2025;ter�a-feira;19:40:00;SC;163;109,2;GUARUJA DO SUL;Avarias e/ou desgaste excessivo no pneu;Sa�da de leito carro��vel;Com V�timas Feridas;Plena Noite;Decrescente;Chuva;Simples;"Aclive;Curva";N�o;1;0;0;1;0;0;1;1;-26,40992;-53,522137;SPRF-SC;DEL07-SC;UOP03-DEL07-SC;;;
655129;14/01/2025;ter�a-feira;21:00:00;PE;407;123;PETROLINA;Transitar na contram�o;Colis�o frontal;Com V�timas Feridas;Plena Noite;Crescente;Nublado;Simples;"Reta;Em Obras";Sim;2;0;1;0;0;1;1;2;-9,36149178;-40,54594462;SPRF-PE;DEL06-PE;UOP01-DEL06-PE;;;
655130;14/01/2025;ter�a-feira;18:50:00;SC;282;1;FLORIANOPOLIS;Rea��o tardia ou ineficiente do condutor;Colis�o lateral mesmo sentido;Com V�timas Feridas;Anoitecer;Crescente;Nublado;M�ltipla;Reta;Sim;2;0;1;0;1;0;1;2;-27,602955;-48,580509;SPRF-SC;DEL01-SC;UOP01-DEL01-SC;;;
655131;14/01/2025;ter�a-feira;19:00:00;RS;153;407;CACHOEIRA DO SUL;Acessar a via sem observar a presen�a dos outros ve�culos;Colis�o transversal;Com V�timas Feridas;Anoitecer;Decrescente;C�u Claro;Dupla;"Reta;Interse��o de Vias";Sim;2;0;1;1;0;0;2;2;-30,02195224;-52,9175806;SPRF-RS;DEL02-RS;UOP03-DEL02-RS;;;
655132;14/01/2025;ter�a-feira;18:20:00;PB;230;433,9;POMBAL;Aus�ncia de rea��o do condutor;Sa�da de leito carro��vel;Sem V�timas;Plena Noite;Decrescente;Chuva;Simples;Reta;N�o;1;0;0;0;0;1;0;1;-6,7474;-37,9762;SPRF-PB;DEL03-PB;UOP02-DEL03-PB;;;
655137;14/01/2025;ter�a-feira;22:15:00;SC;101;48;JOINVILLE;Ingest�o de �lcool pelo condutor;Sa�da de leito carro��vel;Sem V�timas;Plena Noite;Decrescente;C�u Claro;Dupla;Reta;N�o;1;0;0;0;1;0;0;1;-26,37626097;-48,853755;SPRF-SC;DEL03-SC;UOP01-DEL03-SC;;;
655138;14/01/2025;ter�a-feira;22:30:00;PB;230;138,3;CAMPINA GRANDE;Animais na Pista;Atropelamento de Animal;Com V�timas Feridas;Plena Noite;Decrescente;C�u Claro;Dupla;Reta;N�o;2;0;2;0;0;0;2;1;-7,2755;-35,7831;SPRF-PB;DEL02-PB;UOP01-DEL02-PB;;;
655139;14/01/2025;ter�a-feira;21:41:00;CE;230;81;VARZEA ALEGRE;Pedestre andava na pista;Atropelamento de Pedestre;Com V�timas Fatais;Plena Noite;Crescente;Chuva;Simples;Reta;Sim;2;1;0;0;1;0;0;2;-6,7922524;-39,3079452;SPRF-CE;DEL05-CE;UOP01-DEL05-CE;;;
655140;14/01/2025;ter�a-feira;20:00:00;MT;163;805;SINOP;Rea��o tardia ou ineficiente do condutor;Colis�o traseira;Com V�timas Feridas;Plena Noite;Crescente;C�u Claro;Simples;Reta;N�o;2;0;0;1;1;0;1;2;-12,12869;-55,515465;SPRF-MT;DEL06-MT;UOP02-DEL06-MT;;;
655144;14/01/2025;ter�a-feira;20:00:00;MT;174;405;NOVA LACERDA;Animais na Pista;Atropelamento de Animal;Com V�timas Feridas;Plena Noite;Decrescente;Nublado;Simples;Reta;N�o;2;0;0;2;0;0;2;1;-14,35546098;-59,65409089;SPRF-MT;DEL04-MT;UOP02-DEL04-MT;;;
655145;14/01/2025;ter�a-feira;22:40:00;RO;364;516;ARIQUEMES;Rea��o tardia ou ineficiente do condutor;Sa�da de leito carro��vel;Com V�timas Feridas;Plena Noite;Decrescente;Chuva;Dupla;Reta;Sim;1;0;0;1;0;0;1;1;-9,915961;-63,05532;SPRF-RO;DEL03-RO;UOP01-DEL03-RO;;;
655148;15/01/2025;quarta-feira;02:00:00;MG;365;68,5;JEQUITAI;Condutor Dormindo;Colis�o frontal;Com V�timas Feridas;Plena Noite;Crescente;Chuva;Simples;Curva;N�o;6;0;2;4;0;0;6;2;-17,06346094;-44,3372752;SPRF-MG;DEL12-MG;UOP01-DEL12-MG;;;
655149;15/01/2025;quarta-feira;02:00:00;PR;369;138;IBIPORA;Acessar a via sem observar a presen�a dos outros ve�culos;Colis�o transversal;Com V�timas Feridas;Plena Noite;Crescente;C�u Claro;Simples;Reta;Sim;2;0;0;1;1;0;1;2;-23,27097656;-51,04818821;SPRF-PR;DEL07-PR;UOP01-DEL07-PR;;;
655150;15/01/2025;quarta-feira;01:30:00;RJ;40;97;PETROPOLIS;Rea��o tardia ou ineficiente do condutor;Queda de ocupante de ve�culo;Com V�timas Feridas;Plena Noite;Decrescente;Chuva;Dupla;Reta;N�o;1;0;1;0;0;0;1;1;-22,57356181;-43,27802893;SPRF-RJ;DEL01-RJ;UOP01-DEL01-RJ;;;
655151;15/01/2025;quarta-feira;02:10:00;SP;116;113,3;TAUBATE;Problema com o freio;Colis�o com objeto;Com V�timas Feridas;Plena Noite;Decrescente;C�u Claro;Dupla;Reta;Sim;1;0;1;0;0;0;1;1;-23,0440828;-45,58041405;SPRF-SP;DEL02-SP;UOP02-DEL02-SP;;;
655152;15/01/2025;quarta-feira;00:27:00;RN;110;35,4;MOSSORO;Animais na Pista;Atropelamento de Animal;Com V�timas Feridas;Plena Noite;Decrescente;Nublado;Simples;Reta;N�o;1;0;1;0;0;0;1;1;-5,16806008;-37,22635297;SPRF-RN;DEL04-RN;UOP01-DEL04-RN;;;
655153;15/01/2025;quarta-feira;03:30:00;ES;101;205,1;JOAO NEIVA;Chuva;Atropelamento de Pedestre;Com V�timas Feridas;Plena Noite;Decrescente;Chuva;Simples;Reta;Sim;2;0;1;0;0;1;1;2;-19,75823196;-40,3795009;SPRF-ES;DEL02-ES;UOP01-DEL02-ES;;;
655154;15/01/2025;quarta-feira;02:50:00;MT;364;213;RONDONOPOLIS;Animais na Pista;Atropelamento de Animal;Com V�timas Feridas;Plena Noite;Decrescente;C�u Claro;Dupla;"Declive;Reta";N�o;5;0;1;0;4;0;1;1;-16,35547945;-54,69264222;SPRF-MT;DEL02-MT;UOP01-DEL02-MT;;;
655155;15/01/2025;quarta-feira;03:30:00;GO;60;186;ABADIA DE GOIAS;Rea��o tardia ou ineficiente do condutor;Tombamento;Com V�timas Feridas;Plena Noite;Crescente;C�u Claro;M�ltipla;"Declive;Curva";N�o;1;0;0;1;0;0;1;1;-16,7848;-49,4946;SPRF-GO;DEL01-GO;UOP02-DEL01-GO;;;
655156;15/01/2025;quarta-feira;04:20:00;BA;116;865,3;VITORIA DA CONQUISTA;Avarias e/ou desgaste excessivo no pneu;Colis�o frontal;Com V�timas Fatais;Amanhecer;Decrescente;Chuva;Simples;Reta;N�o;2;1;0;0;1;0;0;2;-15,17221663;-41,06414795;SPRF-BA;DEL08-BA;UOP01-DEL08-BA;;;
655158;15/01/2025;quarta-feira;04:30:00;MG;381;483;BETIM;Objeto est�tico sobre o leito carro��vel;Colis�o com objeto;Com V�timas Feridas;Amanhecer;Crescente;Chuva;M�ltipla;"Curva;Declive";Sim;2;0;2;0;0;0;2;2;-19,9580141;-44,0801669;SPRF-MG;DEL01-MG;UOP03-DEL01-MG;;;
655159;15/01/2025;quarta-feira;05:20:00;PE;101;70;RECIFE;Rea��o tardia ou ineficiente do condutor;Colis�o lateral mesmo sentido;Com V�timas Feridas;Pleno dia;Crescente;C�u Claro;Dupla;"Curva;Interse��o de Vias";N�o;2;0;1;0;1;0;1;2;-8,06776119;-34,94265074;SPRF-PE;DEL01-PE;UOP01-DEL01-PE;;;
655168;15/01/2025;quarta-feira;07:00:00;SP;116;223;GUARULHOS;Velocidade Incompat�vel;Queda de ocupante de ve�culo;Com V�timas Feridas;Pleno dia;Crescente;C�u Claro;M�ltipla;Reta;Sim;1;0;1;0;0;0;1;1;-23,47559815;-46,5246609;SPRF-SP;DEL01-SP;UOP01-DEL01-SP;;;
655172;15/01/2025;quarta-feira;07:30:00;SP;153;74,6;BADY BASSITT;Aus�ncia de rea��o do condutor;Colis�o lateral mesmo sentido;Com V�timas Feridas;Pleno dia;Decrescente;C�u Claro;Dupla;"Declive;Reta";N�o;2;0;1;0;1;0;1;2;-20,88538598;-49,42676402;SPRF-SP;DEL09-SP;UOP01-DEL09-SP;;;
655173;15/01/2025;quarta-feira;07:00:00;RN;304;96;NATAL;Rea��o tardia ou ineficiente do condutor;Colis�o traseira;Com V�timas Feridas;Pleno dia;Decrescente;Chuva;Dupla;"Declive;Reta";Sim;2;0;2;0;0;0;2;2;-5,862268;-35,214972;SPRF-RN;DEL04-RN;UOP01-DEL04-RN;;;
655174;14/01/2025;ter�a-feira;18:40:00;MT;163;826;SINOP;Acessar a via sem observar a presen�a dos outros ve�culos;Colis�o traseira;Com V�timas Feridas;Plena Noite;Crescente;C�u Claro;Dupla;Retorno Regulamentado;Sim;2;0;0;1;1;0;1;2;-11,93005421;-55,51304162;SPRF-MT;DEL06-MT;UOP02-DEL06-MT;;;
655175;14/01/2025;ter�a-feira;21:16:00;RJ;116;146;DUQUE DE CAXIAS;Transitar na contram�o;Colis�o frontal;Sem V�timas;Plena Noite;Decrescente;C�u Claro;Simples;Interse��o de Vias;Sim;2;0;0;0;1;1;0;2;-22,66687859;-43,26368215;SPRF-RJ;DEL01-RJ;UOP02-DEL01-RJ;;;
655176;15/01/2025;quarta-feira;06:30:00;GO;50;133;IPAMERI;Demais falhas mec�nicas ou el�tricas;Inc�ndio;Sem V�timas;Pleno dia;Crescente;C�u Claro;Dupla;Reta;N�o;1;0;0;0;1;0;0;1;-17,0332;-47,7635;SPRF-GO;DEL06-GO;UOP01-DEL06-GO;;;
655177;15/01/2025;quarta-feira;07:40:00;BA;324;619;SALVADOR;Aus�ncia de rea��o do condutor;Queda de ocupante de ve�culo;Com V�timas Feridas;Pleno dia;Crescente;Sol;M�ltipla;Reta;Sim;2;0;2;0;0;0;2;1;-12,89820999;-38,45012202;SPRF-BA;DEL01-BA;UOP01-DEL01-BA;;;
655179;15/01/2025;quarta-feira;08:15:00;CE;116;4;FORTALEZA;Condutor deixou de manter dist�ncia do ve�culo da frente;Colis�o traseira;Com V�timas Feridas;Pleno dia;Decrescente;C�u Claro;Dupla;Reta;N�o;5;0;2;0;2;1;2;4;-3,7867209;-38,5114568;SPRF-CE;DEL01-CE;UOP02-DEL01-CE;;;
655182;15/01/2025;quarta-feira;03:38:00;RJ;116;184;NOVA IGUACU;Aus�ncia de rea��o do condutor;Tombamento;Com V�timas Feridas;Plena Noite;Crescente;C�u Claro;Dupla;Reta;Sim;1;0;0;1;0;0;1;1;-22,74647215;-43,44594311;SPRF-RJ;DEL06-RJ;UOP01-DEL06-RJ;;;
655183;15/01/2025;quarta-feira;08:45:00;RN;406;160;CEARA-MIRIM;Ingest�o de �lcool pelo condutor;Colis�o transversal;Com V�timas Feridas;Pleno dia;Crescente;C�u Claro;Simples;Reta;Sim;2;0;0;1;0;1;1;2;-5,71375666;-35,37210457;SPRF-RN;DEL02-RN;UOP01-DEL02-RN;;;
655184;15/01/2025;quarta-feira;06:30:00;SC;116;308,5;CAPAO ALTO;Rea��o tardia ou ineficiente do condutor;Sa�da de leito carro��vel;Com V�timas Feridas;Pleno dia;Decrescente;C�u Claro;Simples;Curva;N�o;2;0;2;0;0;0;2;1;-28,19800102;-50,75691462;SPRF-SC;DEL05-SC;UOP02-DEL05-SC;;;
655191;14/01/2025;ter�a-feira;20:55:00;RJ;116;141;DUQUE DE CAXIAS;Transitar na contram�o;Colis�o frontal;Com V�timas Feridas;Plena Noite;Crescente;C�u Claro;Simples;Reta;Sim;2;0;1;0;1;0;1;2;-22,64724486;-43,22083001;SPRF-RJ;DEL01-RJ;UOP02-DEL01-RJ;;;
655192;15/01/2025;quarta-feira;09:00:00;PB;230;472,4;SOUSA;Demais falhas mec�nicas ou el�tricas;Inc�ndio;Sem V�timas;Pleno dia;Crescente;C�u Claro;Simples;Reta;N�o;1;0;0;0;0;1;0;1;-6,7994;-38,2987;SPRF-PB;DEL03-PB;UOP03-DEL03-PB;;;
655196;15/01/2025;quarta-feira;08:40:00;BA;235;350;JUAZEIRO;Acessar a via sem observar a presen�a dos outros ve�culos;Colis�o transversal;Com V�timas Feridas;Pleno dia;Crescente;Chuva;Simples;"Reta;Em Obras";Sim;3;0;2;0;1;0;2;2;-9,4406722;-40,4938084;SPRF-PE;DEL06-PE;UOP01-DEL06-PE;;;
655198;15/01/2025;quarta-feira;09:00:00;RJ;493;21;MAGE;Condutor deixou de manter dist�ncia do ve�culo da frente;Colis�o traseira;Com V�timas Feridas;Pleno dia;Decrescente;Nublado;Simples;Reta;N�o;4;0;2;0;2;0;2;2;-22,66151289;-43,04480692;SPRF-RJ;DEL04-RJ;UOP02-DEL04-RJ;;;
655199;15/01/2025;quarta-feira;07:56:00;RO;174;14;VILHENA;Acessar a via sem observar a presen�a dos outros ve�culos;Colis�o transversal;Com V�timas Feridas;Pleno dia;Decrescente;Nublado;Dupla;Reta;Sim;2;0;1;0;1;0;1;2;-12,73306632;-60,12981255;SPRF-RO;DEL04-RO;UOP01-DEL04-RO;;;
655200;15/01/2025;quarta-feira;08:40:00;ES;101;393,3;RIO NOVO DO SUL;Desrespeitar a prefer�ncia no cruzamento;Colis�o transversal;Com V�timas Feridas;Pleno dia;Crescente;C�u Claro;Simples;Interse��o de Vias;N�o;3;0;1;0;2;0;1;2;-20,865694;-40,91366;SPRF-ES;DEL03-ES;UOP02-DEL03-ES;;;
655202;15/01/2025;quarta-feira;09:30:00;BA;135;176;BARREIRAS;Convers�o proibida;Colis�o frontal;Com V�timas Feridas;Pleno dia;Crescente;C�u Claro;Simples;"Curva;Declive";Sim;3;0;1;0;1;1;1;3;-12,13035157;-45,01444101;SPRF-BA;DEL10-BA;UOP01-DEL10-BA;;;
655203;15/01/2025;quarta-feira;09:10:00;PI;343;265,5;CAMPO MAIOR;Acessar a via sem observar a presen�a dos outros ve�culos;Colis�o transversal;Com V�timas Feridas;Pleno dia;Crescente;Nublado;Simples;"Reta;Interse��o de Vias";Sim;2;0;0;1;1;0;1;2;-4,834697;-42,167046;SPRF-PI;DEL01-PI;UOP03-DEL01-PI;;;
655204;15/01/2025;quarta-feira;07:50:00;MA;316;261,7;SANTA INES;Desrespeitar a prefer�ncia no cruzamento;Colis�o transversal;Com V�timas Feridas;Pleno dia;Crescente;C�u Claro;Simples;"Retorno Regulamentado;Reta";Sim;2;0;0;1;1;0;1;2;-3,675226;-45,371643;SPRF-MA;DEL02-MA;UOP01-DEL02-MA;;;
655205;15/01/2025;quarta-feira;09:45:00;PR;277;146,8;BALSA NOVA;Manobra de mudan�a de faixa;Atropelamento de Pedestre;Com V�timas Feridas;Pleno dia;Crescente;C�u Claro;Dupla;"Viaduto;Reta";N�o;2;0;0;1;1;0;1;2;-25,468795;-49,725787;SPRF-PR;DEL03-PR;UOP03-DEL03-PR;;;
655207;15/01/2025;quarta-feira;10:15:00;SE;235;52;ITABAIANA;Rea��o tardia ou ineficiente do condutor;Colis�o traseira;Sem V�timas;Pleno dia;Crescente;Nublado;Simples;Reta;Sim;3;0;0;0;3;0;0;2;-10,693279;-37,437557;SPRF-SE;DEL01-SE;UOP02-DEL01-SE;;;
655208;05/01/2025;domingo;07:01:00;RN;101;102,5;PARNAMIRIM;Rea��o tardia ou ineficiente do condutor;Sa�da de leito carro��vel;Com V�timas Fatais;Pleno dia;Crescente;Sol;M�ltipla;Reta;Sim;2;1;0;1;0;0;1;1;-5,88914317;-35,2437973;SPRF-RN;DEL01-RN;UOP01-DEL01-RN;;;
655211;14/01/2025;ter�a-feira;21:00:00;BA;101;596;CAMACAN;Demais Fen�menos da natureza;Colis�o com objeto;Sem V�timas;Plena Noite;Crescente;Chuva;Simples;Curva;N�o;2;0;0;0;2;0;0;1;-15,47030392;-39,43869375;SPRF-BA;DEL05-BA;UOP02-DEL05-BA;;;
655213;15/01/2025;quarta-feira;10:30:00;BA;415;48;ITABUNA;Condutor deixou de manter dist�ncia do ve�culo da frente;Engavetamento;Sem V�timas;Pleno dia;Crescente;C�u Claro;Simples;Reta;Sim;3;0;0;0;3;0;0;3;-14,819694;-39,305718;SPRF-BA;DEL05-BA;UOP01-DEL05-BA;;;