id;data_inversa;dia_semana;horario;uf;br;km;municipio;causa_acidente;tipo_acidente;classificacao_acidente;fase_dia;sentido_via;condicao_metereologica;tipo_pista;tracado_via;uso_solo;pessoas;mortos;feridos_leves;feridos_graves;ilesos;ignorados;feridos;veiculos;latitude;longitude;regional;delegacia;uop;;;
655215;15/01/2025;quarta-feira;10:00:00;RJ;40;96;DUQUE DE CAXIAS;Rea��o tardia ou ineficiente do condutor;Sa�da de leito carro��vel;Com V�timas Feridas;Pleno dia;Crescente;Nublado;Simples;"Curva;Declive";N�o;1;0;1;0;0;0;1;1;-22,56876595;-43,27693723;SPRF-RJ;DEL01-RJ;UOP01-DEL01-RJ;;;
655216;15/01/2025;quarta-feira;10:12:00;MG;116;309;ITAMBACURI;Aus�ncia de rea��o do condutor;Tombamento;Com V�timas Feridas;Pleno dia;Crescente;Chuva;Simples;Reta;N�o;1;0;0;1;0;0;1;1;-18,06189721;-41,6714756;SPRF-MG;DEL11-MG;UOP01-DEL11-MG;;;
655218;15/01/2025;quarta-feira;11:20:00;PA;230;121;MARABA;Aus�ncia de rea��o do condutor;Colis�o traseira;Com V�timas Feridas;Pleno dia;Crescente;C�u Claro;Dupla;Retorno Regulamentado;Sim;3;0;1;0;2;0;1;2;-5,35297407;-49,12143673;SPRF-PA;DEL03-PA;UOP01-DEL03-PA;;;
655220;15/01/2025;quarta-feira;07:00:00;PA;316;40;SANTA IZABEL DO PARA;Aus�ncia de rea��o do condutor;Sa�da de leito carro��vel;Sem V�timas;Pleno dia;Crescente;Nublado;Dupla;Reta;N�o;1;0;0;0;0;1;0;1;-1,2795637;-48,12243407;SPRF-PA;DEL01-PA;UOP01-DEL01-PA;;;
655221;15/01/2025;quarta-feira;12:00:00;SC;470;45;GASPAR;Aus�ncia de rea��o do condutor;Colis�o traseira;Com V�timas Feridas;Pleno dia;Crescente;Nublado;Simples;Reta;N�o;2;0;1;0;1;0;1;2;-26,867064;-49,031109;SPRF-SC;DEL04-SC;UOP01-DEL04-SC;;;
655223;15/01/2025;quarta-feira;11:55:00;PE;101;60;RECIFE;Aus�ncia de rea��o do condutor;Capotamento;Com V�timas Feridas;Pleno dia;Crescente;C�u Claro;M�ltipla;Reta;N�o;2;0;2;0;0;0;2;1;-7,98344307;-34,93176727;SPRF-PE;DEL01-PE;UOP02-DEL01-PE;;;
655225;15/01/2025;quarta-feira;12:40:00;RN;304;48;MOSSORO;Acessar a via sem observar a presen�a dos outros ve�culos;Colis�o transversal;Com V�timas Feridas;Pleno dia;Crescente;Nublado;Dupla;Reta;Sim;3;0;3;0;0;0;3;2;-5,22868577;-37,32203081;SPRF-RN;DEL04-RN;UOP01-DEL04-RN;;;
655227;15/01/2025;quarta-feira;12:30:00;BA;116;15;VITORIA DA CONQUISTA;Ingest�o de �lcool pelo condutor;Colis�o frontal;Com V�timas Feridas;Pleno dia;Crescente;Nevoeiro/Neblina;Simples;"Interse��o de Vias;Rotat�ria";N�o;2;0;1;0;1;0;1;2;-14,8998646;-40,8548069;SPRF-BA;DEL08-BA;UOP01-DEL08-BA;;;
655228;15/01/2025;quarta-feira;07:50:00;PI;343;520;AMARANTE;Rea��o tardia ou ineficiente do condutor;Colis�o traseira;Com V�timas Feridas;Pleno dia;Crescente;Chuva;Simples;Reta;N�o;5;0;3;0;2;0;3;2;-6,360165;-42,794937;SPRF-PI;DEL03-PI;UOP01-DEL03-PI;;;
655229;15/01/2025;quarta-feira;12:49:00;RN;101;112;SAO JOSE DE MIPIBU;Acessar a via sem observar a presen�a dos outros ve�culos;Colis�o traseira;Com V�timas Feridas;Pleno dia;Crescente;C�u Claro;M�ltipla;Reta;N�o;2;0;1;0;1;0;1;2;-5,96429;-35,264877;SPRF-RN;DEL01-RN;UOP01-DEL01-RN;;;
655232;14/01/2025;ter�a-feira;09:55:00;PR;277;13,8;PARANAGUA;Aus�ncia de rea��o do condutor;Engavetamento;Com V�timas Feridas;Pleno dia;Crescente;Sol;Dupla;Reta;N�o;5;0;1;0;4;0;1;3;-25,558377;-48,6519;SPRF-PR;DEL01-PR;UOP05-DEL01-PR;;;
655238;15/01/2025;quarta-feira;14:10:00;SE;235;52;ITABAIANA;Rea��o tardia ou ineficiente do condutor;Colis�o traseira;Com V�timas Feridas;Pleno dia;Decrescente;Nublado;Simples;Reta;Sim;2;0;0;1;1;0;1;2;-10,693279;-37,437557;SPRF-SE;DEL01-SE;UOP02-DEL01-SE;;;
655239;15/01/2025;quarta-feira;11:20:00;GO;50;157;CAMPO ALEGRE DE GOIAS;Rea��o tardia ou ineficiente do condutor;Sa�da de leito carro��vel;Com V�timas Feridas;Pleno dia;Crescente;Garoa/Chuvisco;Dupla;Reta;N�o;4;0;2;0;2;0;2;1;-17,2285;-47,759;SPRF-GO;DEL06-GO;UOP01-DEL06-GO;;;
655242;15/01/2025;quarta-feira;13:25:00;PR;376;663,9;GUARATUBA;Acessar a via sem observar a presen�a dos outros ve�culos;Colis�o lateral mesmo sentido;Sem V�timas;Pleno dia;Crescente;Nublado;Dupla;"Interse��o de Vias;Declive;Curva";N�o;2;0;0;0;2;0;0;2;-25,85276631;-48,97556799;SPRF-PR;DEL01-PR;UOP04-DEL01-PR;;;
655243;15/01/2025;quarta-feira;12:29:00;MT;163;680;LUCAS DO RIO VERDE;Aus�ncia de rea��o do condutor;Colis�o traseira;Sem V�timas;Pleno dia;Decrescente;C�u Claro;Simples;Reta;N�o;2;0;0;0;2;0;0;2;-13,24099795;-56,01173212;SPRF-MT;DEL06-MT;UOP01-DEL06-MT;;;
655244;15/01/2025;quarta-feira;14:30:00;SP;116;167,7;JACAREI;Mal s�bito do condutor;Queda de ocupante de ve�culo;Com V�timas Feridas;Pleno dia;Crescente;C�u Claro;Dupla;Reta;N�o;2;0;0;1;0;1;1;2;-23,30254924;-46,02640493;SPRF-SP;DEL02-SP;UOP01-DEL02-SP;;;
655245;15/01/2025;quarta-feira;15:20:00;SP;381;49;ATIBAIA;Aus�ncia de rea��o do condutor;Colis�o lateral mesmo sentido;Com V�timas Feridas;Pleno dia;Decrescente;C�u Claro;M�ltipla;Reta;N�o;3;0;1;0;2;0;1;2;-23,20535293;-46,59066516;SPRF-SP;DEL03-SP;UOP01-DEL03-SP;;;
655247;15/01/2025;quarta-feira;13:45:00;PR;369;138;IBIPORA;Acessar a via sem observar a presen�a dos outros ve�culos;Colis�o transversal;Com V�timas Feridas;Pleno dia;Decrescente;C�u Claro;Simples;Curva;Sim;3;0;1;1;1;0;2;2;-23,27347307;-51,05330163;SPRF-PR;DEL07-PR;UOP01-DEL07-PR;;;
655249;15/01/2025;quarta-feira;14:40:00;PR;376;175,8;MARINGA;Condutor deixou de manter dist�ncia do ve�culo da frente;Colis�o traseira;Com V�timas Feridas;Pleno dia;Decrescente;C�u Claro;Dupla;Reta;Sim;2;0;1;0;1;0;1;2;-23,4113569;-51,9407767;SPRF-PR;DEL09-PR;UOP01-DEL09-PR;;;
655250;15/01/2025;quarta-feira;15:00:00;SC;101;282,5;IMBITUBA;Rea��o tardia ou ineficiente do condutor;Tombamento;Com V�timas Feridas;Pleno dia;Crescente;C�u Claro;Simples;Reta;Sim;1;0;1;0;0;0;1;1;-28,19626005;-48,69739859;SPRF-SC;DEL02-SC;UOP03-DEL02-SC;;;
655252;15/01/2025;quarta-feira;15:00:00;MA;10;255;IMPERATRIZ;Acessar a via sem observar a presen�a dos outros ve�culos;Colis�o transversal;Com V�timas Feridas;Pleno dia;Decrescente;C�u Claro;Simples;"Interse��o de Vias;Reta";Sim;2;0;1;0;1;0;1;2;-5,508798;-47,471718;SPRF-MA;DEL04-MA;UOP01-DEL04-MA;;;
655253;03/01/2025;sexta-feira;17:30:00;RJ;116;175;SAO JOAO DE MERITI;Aus�ncia de rea��o do condutor;Colis�o lateral mesmo sentido;Com V�timas Feridas;Pleno dia;Crescente;C�u Claro;Dupla;Reta;N�o;4;0;1;0;3;0;1;3;-22,78923555;-43,37275272;SPRF-RJ;DEL06-RJ;UOP01-DEL06-RJ;;;
655254;15/01/2025;quarta-feira;13:30:00;MS;60;128,6;PARAISO DAS AGUAS;Rea��o tardia ou ineficiente do condutor;Sa�da de leito carro��vel;Com V�timas Fatais;Pleno dia;Crescente;C�u Claro;Simples;Reta;N�o;2;1;0;1;0;0;1;1;-19,33851663;-53,47003105;SPRF-MS;DEL06-MS;UOP02-DEL06-MS;;;
655255;15/01/2025;quarta-feira;13:00:00;BA;110;157;RIBEIRA DO POMBAL;Condutor Dormindo;Sa�da de leito carro��vel;Com V�timas Feridas;Pleno dia;Decrescente;Nublado;Simples;"Declive;Reta";N�o;3;0;1;0;2;0;1;1;-10,73508393;-38,49205506;SPRF-BA;DEL07-BA;UOP02-DEL07-BA;;;
655257;15/01/2025;quarta-feira;12:30:00;GO;60;33;ALEXANIA;Acumulo de �gua sobre o pavimento;Sa�da de leito carro��vel;Com V�timas Feridas;Pleno dia;Crescente;C�u Claro;Dupla;"Declive;Reta";N�o;1;0;1;0;0;0;1;1;-16,0963;-48,5202;SPRF-DF;DEL03-DF;UOP01-DEL03-DF;;;
655258;15/01/2025;quarta-feira;16:00:00;SP;116;213,6;GUARULHOS;Aus�ncia de rea��o do condutor;Tombamento;Com V�timas Feridas;Pleno dia;Decrescente;C�u Claro;M�ltipla;Reta;N�o;2;0;1;0;1;0;1;1;-23,43971486;-46,43667806;SPRF-SP;DEL01-SP;UOP01-DEL01-SP;;;
655259;15/01/2025;quarta-feira;13:30:00;BA;242;374;PALMEIRAS;Velocidade Incompat�vel;Sa�da de leito carro��vel;Com V�timas Feridas;Pleno dia;Crescente;Chuva;Simples;Reta;N�o;1;0;1;0;0;0;1;1;-12,44445519;-41,48566246;SPRF-BA;DEL06-BA;UOP01-DEL06-BA;;;
655260;15/01/2025;quarta-feira;16:20:00;DF;70;3,5;BRASILIA;Condutor deixou de manter dist�ncia do ve�culo da frente;Colis�o traseira;Com V�timas Feridas;Pleno dia;Decrescente;Chuva;Dupla;Reta;Sim;4;0;1;0;3;0;1;2;-15,802453;-48,080387;SPRF-DF;DEL03-DF;UOP02-DEL03-DF;;;
655262;15/01/2025;quarta-feira;14:30:00;PE;424;117;GARANHUNS;Acessar a via sem observar a presen�a dos outros ve�culos;Colis�o transversal;Com V�timas Feridas;Pleno dia;Crescente;C�u Claro;Simples;Reta;N�o;2;0;1;0;1;0;1;2;-9,02762777;-36,42040798;SPRF-PE;DEL03-PE;UOP01-DEL03-PE;;;
655264;15/01/2025;quarta-feira;16:45:00;SC;101;196;BIGUACU;Manobra de mudan�a de faixa;Colis�o lateral mesmo sentido;Com V�timas Feridas;Pleno dia;Crescente;C�u Claro;Dupla;Reta;N�o;2;0;1;0;1;0;1;2;-27,51101091;-48,64322292;SPRF-SC;DEL01-SC;UOP01-DEL01-SC;;;
655273;15/01/2025;quarta-feira;16:35:00;GO;153;578,9;PROFESSOR JAMIL;Acumulo de �gua sobre o pavimento;Capotamento;Com V�timas Feridas;Pleno dia;Crescente;Chuva;Dupla;Curva;N�o;2;0;2;0;0;0;2;1;-17,3706;-49,2442;SPRF-GO;DEL03-GO;UOP01-DEL03-GO;;;
655276;15/01/2025;quarta-feira;17:51:00;RN;406;170;SAO GONCALO DO AMARANTE;Aus�ncia de rea��o do condutor;Colis�o transversal;Com V�timas Fatais;Plena Noite;Decrescente;C�u Claro;Dupla;"Declive;Reta";Sim;2;1;0;1;0;0;1;2;-5,76121891;-35,29216826;SPRF-RN;DEL02-RN;UOP01-DEL02-RN;;;
655277;15/01/2025;quarta-feira;09:37:00;BA;324;583;CANDEIAS;Condutor Dormindo;Sa�da de leito carro��vel;Com V�timas Feridas;Pleno dia;Decrescente;Nublado;Dupla;Reta;N�o;1;0;0;1;0;0;1;1;-12,6141891;-38,48700311;SPRF-BA;DEL01-BA;UOP01-DEL01-BA;;;
655281;15/01/2025;quarta-feira;17:30:00;SC;101;209,4;SAO JOSE;Aus�ncia de rea��o do condutor;Colis�o traseira;Com V�timas Feridas;Pleno dia;Crescente;C�u Claro;M�ltipla;Reta;Sim;4;0;2;0;2;0;2;3;-27,61000542;-48,63895057;SPRF-SC;DEL01-SC;UOP01-DEL01-SC;;;
655282;15/01/2025;quarta-feira;18:00:00;PB;230;20,7;JOAO PESSOA;Manobra de mudan�a de faixa;Colis�o lateral mesmo sentido;Com V�timas Feridas;Plena Noite;Crescente;C�u Claro;Dupla;Reta;N�o;2;0;1;0;1;0;1;2;-7,1337;-34,8544;SPRF-PB;DEL01-PB;UOP01-DEL01-PB;;;
655284;15/01/2025;quarta-feira;16:45:00;RS;101;22,5;TRES CACHOEIRAS;Acessar a via sem observar a presen�a dos outros ve�culos;Colis�o lateral mesmo sentido;Com V�timas Feridas;Pleno dia;Crescente;Nublado;Dupla;Reta;Sim;2;0;1;0;1;0;1;2;-29,4398072;-49,90113887;SPRF-RS;DEL03-RS;UOP02-DEL03-RS;;;
655285;15/01/2025;quarta-feira;18:00:00;RS;471;458;RIO GRANDE;Desrespeitar a prefer�ncia no cruzamento;Colis�o transversal;Com V�timas Feridas;Pleno dia;Decrescente;C�u Claro;Simples;"Curva;Interse��o de Vias;Rotat�ria";Sim;4;0;1;0;1;2;1;3;-32,066822;-52,266319;SPRF-RS;DEL07-RS;UOP02-DEL07-RS;;;
655286;15/01/2025;quarta-feira;11:30:00;MG;116;200,9;CARAI;Avarias e/ou desgaste excessivo no pneu;Sa�da de leito carro��vel;Com V�timas Feridas;Pleno dia;Crescente;Garoa/Chuvisco;Simples;"Curva;Declive";N�o;5;0;5;0;0;0;5;1;-17,250801;-41,501167;SPRF-MG;DEL11-MG;UOP01-DEL11-MG;;;
655287;15/01/2025;quarta-feira;17:40:00;MG;116;700,5;MURIAE;Transitar na contram�o;Colis�o lateral sentido oposto;Com V�timas Feridas;Pleno dia;Crescente;Nublado;Simples;Curva;Sim;2;0;1;0;1;0;1;2;-21,10258681;-42,37840131;SPRF-MG;DEL07-MG;UOP02-DEL07-MG;;;
655288;15/01/2025;quarta-feira;17:10:00;PR;369;187,4;ARAPONGAS;Ultrapassagem Indevida;Colis�o lateral mesmo sentido;Com V�timas Feridas;Pleno dia;Crescente;C�u Claro;Simples;"Interse��o de Vias;Reta";Sim;2;0;1;0;1;0;1;2;-23,42605398;-51,42340897;SPRF-PR;DEL07-PR;UOP03-DEL07-PR;;;
655289;15/01/2025;quarta-feira;18:00:00;PR;116;15;COLOMBO;Rea��o tardia ou ineficiente do condutor;Colis�o traseira;Com V�timas Feridas;Pleno dia;Crescente;C�u Claro;Dupla;"Declive;Reta";Sim;2;0;1;0;1;0;1;2;-25,3848;-49,1711;SPRF-PR;DEL01-PR;UOP02-DEL01-PR;;;
655290;15/01/2025;quarta-feira;17:20:00;SC;101;334,1;TUBARAO;Condutor deixou de manter dist�ncia do ve�culo da frente;Colis�o traseira;Com V�timas Feridas;Pleno dia;Crescente;C�u Claro;M�ltipla;Reta;Sim;2;0;0;1;1;0;1;2;-28,46730446;-49,00604302;SPRF-SC;DEL02-SC;UOP01-DEL02-SC;;;
655291;15/01/2025;quarta-feira;17:50:00;RJ;101;319;NITEROI;Condutor deixou de manter dist�ncia do ve�culo da frente;Colis�o traseira;Com V�timas Feridas;Anoitecer;Decrescente;C�u Claro;Dupla;Curva;N�o;2;0;1;0;1;0;1;2;-22,85411774;-43,1018014;SPRF-RJ;DEL02-RJ;UOP02-DEL02-RJ;;;
655292;15/01/2025;quarta-feira;17:40:00;AL;101;104;PILAR;Ultrapassagem Indevida;Capotamento;Com V�timas Feridas;Plena Noite;Decrescente;C�u Claro;Simples;Reta;N�o;2;0;1;0;1;0;1;2;-9,57291142;-35,97133838;SPRF-AL;DEL02-AL;UOP01-DEL02-AL;;;
655293;15/01/2025;quarta-feira;17:30:00;MG;262;755;SACRAMENTO;Acessar a via sem observar a presen�a dos outros ve�culos;Colis�o transversal;Com V�timas Feridas;Pleno dia;Decrescente;C�u Claro;Simples;Interse��o de Vias;N�o;2;0;0;1;1;0;1;2;-19,64291088;-47,51106262;SPRF-MG;DEL13-MG;UOP01-DEL13-MG;;;
655294;15/01/2025;quarta-feira;15:00:00;MG;251;443;GRAO MOGOL;Pista esburacada;Colis�o com objeto;Com V�timas Feridas;Pleno dia;Crescente;C�u Claro;Simples;Reta;N�o;3;0;0;1;2;0;1;1;-16,41500882;-43,25228005;SPRF-MG;DEL12-MG;UOP01-DEL12-MG;;;
655295;15/01/2025;quarta-feira;18:40:00;PR;369;504,5;CASCAVEL;Ultrapassagem Indevida;Colis�o lateral sentido oposto;Com V�timas Feridas;Pleno dia;Crescente;C�u Claro;Simples;Reta;N�o;2;0;1;0;1;0;1;2;-24,8169;-53,2964;SPRF-PR;DEL04-PR;UOP01-DEL04-PR;;;
655296;15/01/2025;quarta-feira;19:00:00;RN;101;106;PARNAMIRIM;Pedestre cruzava a pista fora da faixa;Atropelamento de Pedestre;Com V�timas Feridas;Plena Noite;Crescente;C�u Claro;Dupla;Reta;Sim;2;0;1;1;0;0;2;2;-5,91056401;-35,26130795;SPRF-RN;DEL01-RN;UOP01-DEL01-RN;;;
655297;15/01/2025;quarta-feira;18:45:00;PR;277;78,6;CURITIBA;Rea��o tardia ou ineficiente do condutor;Tombamento;Com V�timas Feridas;Plena Noite;Decrescente;C�u Claro;Dupla;"Reta;Viaduto";Sim;1;0;1;0;0;0;1;1;-25,479939;-49,198932;SPRF-PR;DEL01-PR;UOP07-DEL01-PR;;;
655298;15/01/2025;quarta-feira;18:30:00;RN;226;7,3;MACAIBA;Animais na Pista;Atropelamento de Animal;Com V�timas Feridas;Plena Noite;Crescente;C�u Claro;Simples;Reta;Sim;1;0;1;0;0;0;1;1;-5,82773209;-35,28005834;SPRF-RN;DEL01-RN;UOP02-DEL01-RN;;;
655299;15/01/2025;quarta-feira;18:00:00;MT;70;11,3;BARRA DO GARCAS;Ingest�o de �lcool pelo condutor;Colis�o transversal;Com V�timas Feridas;Anoitecer;Decrescente;Nublado;Simples;Reta;Sim;2;0;1;0;1;0;1;2;-15,87896313;-52,352928;SPRF-MT;DEL07-MT;UOP01-DEL07-MT;;;
655300;15/01/2025;quarta-feira;19:00:00;PR;277;659;MATELANDIA;Aus�ncia de rea��o do condutor;Tombamento;Com V�timas Feridas;Anoitecer;Crescente;C�u Claro;Dupla;"Declive;Curva";N�o;2;0;2;0;0;0;2;1;-25,24664169;-53,98334832;SPRF-PR;DEL05-PR;UOP02-DEL05-PR;;;
655301;15/01/2025;quarta-feira;18:40:00;PR;369;136;IBIPORA;Convers�o proibida;Colis�o transversal;Com V�timas Feridas;Anoitecer;Decrescente;C�u Claro;Simples;Interse��o de Vias;Sim;2;0;0;1;1;0;1;2;-23,26566;-51,03704;SPRF-PR;DEL07-PR;UOP01-DEL07-PR;;;
655302;15/01/2025;quarta-feira;19:30:00;SC;101;202;SAO JOSE;Manobra de mudan�a de faixa;Colis�o lateral mesmo sentido;Com V�timas Feridas;Plena Noite;Decrescente;C�u Claro;M�ltipla;Reta;Sim;2;0;1;0;1;0;1;2;-27,55711595;-48,61897889;SPRF-SC;DEL01-SC;UOP01-DEL01-SC;;;
655304;15/01/2025;quarta-feira;16:55:00;SP;116;50,3;LORENA;Condutor deixou de manter dist�ncia do ve�culo da frente;Colis�o traseira;Com V�timas Feridas;Pleno dia;Crescente;C�u Claro;Dupla;Reta;N�o;2;0;1;0;1;0;1;2;-22,73603721;-45,08433485;SPRF-SP;DEL08-SP;UOP02-DEL08-SP;;;
655305;15/01/2025;quarta-feira;20:10:00;BA;116;16,8;VITORIA DA CONQUISTA;Acessar a via sem observar a presen�a dos outros ve�culos;Colis�o transversal;Com V�timas Feridas;Plena Noite;Decrescente;Garoa/Chuvisco;Simples;Interse��o de Vias;Sim;3;0;2;0;1;0;2;2;-14,90231;-40,84425;SPRF-PE;DEL05-PE;UOP03-DEL05-PE;;;
655306;15/01/2025;quarta-feira;18:30:00;MG;365;433,5;PATOS DE MINAS;Rea��o tardia ou ineficiente do condutor;Sa�da de leito carro��vel;Com V�timas Feridas;Plena Noite;Decrescente;Chuva;Simples;Reta;N�o;1;0;1;0;0;0;1;1;-18,77706055;-46,68754335;SPRF-MG;DEL10-MG;UOP01-DEL10-MG;;;
655307;15/01/2025;quarta-feira;19:45:00;PR;373;178;PONTA GROSSA;Condutor Dormindo;Sa�da de leito carro��vel;Sem V�timas;Plena Noite;Decrescente;C�u Claro;Dupla;Curva;Sim;1;0;0;0;1;0;0;1;-25,05195312;-50,23303539;SPRF-PR;DEL03-PR;UOP01-DEL03-PR;;;
655309;15/01/2025;quarta-feira;19:30:00;MS;163;455,9;CAMPO GRANDE;Desrespeitar a prefer�ncia no cruzamento;Colis�o transversal;Com V�timas Feridas;Plena Noite;Crescente;Nublado;Simples;Reta;N�o;8;0;1;0;7;0;1;2;-20,68996498;-54,55227495;SPRF-MS;DEL01-MS;UOP01-DEL01-MS;;;
655315;15/01/2025;quarta-feira;19:38:00;PI;343;309,6;ALTOS;Acessar a via sem observar a presen�a dos outros ve�culos;Colis�o transversal;Com V�timas Feridas;Plena Noite;Crescente;Nublado;Simples;Curva;Sim;2;0;1;0;1;0;1;2;-5,040053;-42,4821353;SPRF-PI;DEL01-PI;UOP01-DEL01-PI;;;
655316;15/01/2025;quarta-feira;20:45:00;MG;40;614,1;CONGONHAS;Aus�ncia de rea��o do condutor;Colis�o com objeto;Sem V�timas;Plena Noite;Crescente;C�u Claro;Simples;Reta;N�o;1;0;0;0;1;0;0;1;-20,52977973;-43,82351464;SPRF-MG;DEL05-MG;UOP02-DEL05-MG;;;
655318;15/01/2025;quarta-feira;16:40:00;RJ;493;25;MAGE;Rea��o tardia ou ineficiente do condutor;Colis�o traseira;Com V�timas Feridas;Pleno dia;Decrescente;C�u Claro;Simples;Reta;N�o;2;0;1;0;1;0;1;2;-22,65788388;-43,079654;SPRF-RJ;DEL04-RJ;UOP02-DEL04-RJ;;;
655319;15/01/2025;quarta-feira;19:20:00;TO;153;498;PARAISO DO TOCANTINS;Ultrapassagem Indevida;Colis�o transversal;Com V�timas Feridas;Plena Noite;Crescente;C�u Claro;Simples;"Reta;Declive";Sim;2;0;1;0;1;0;1;2;-10,18390502;-48,88017144;SPRF-TO;DEL01-TO;UOP01-DEL01-TO;;;
655322;15/01/2025;quarta-feira;21:15:00;PB;101;89,5;JOAO PESSOA;Pedestre andava na pista;Atropelamento de Pedestre;Com V�timas Feridas;Plena Noite;Crescente;Nublado;Dupla;Reta;Sim;2;0;0;1;0;1;1;2;-7,1749088;-34,89883661;SPRF-PB;DEL01-PB;UOP01-DEL01-PB;;;
655323;15/01/2025;quarta-feira;21:00:00;SC;280;126,8;RIO NEGRINHO;Acessar a via sem observar a presen�a dos outros ve�culos;Colis�o traseira;Com V�timas Feridas;Plena Noite;Crescente;C�u Claro;Simples;"Aclive;Interse��o de Vias;Reta";Sim;3;0;1;2;0;0;3;2;-26,23779604;-49,49427399;SPRF-SC;DEL06-SC;UOP03-DEL06-SC;;;
655324;15/01/2025;quarta-feira;12:30:00;MG;365;480;PATROCINIO;Transitar na contram�o;Colis�o frontal;Sem V�timas;Pleno dia;Crescente;C�u Claro;Dupla;Curva;N�o;2;0;0;0;2;0;0;2;-18,89211322;-47,06972105;SPRF-MG;DEL10-MG;UOP01-DEL10-MG;;;
655326;15/01/2025;quarta-feira;14:40:00;BA;116;588,5;NOVA ITARANA;Ultrapassagem Indevida;Colis�o frontal;Com V�timas Feridas;Pleno dia;Decrescente;Nublado;Simples;Declive;N�o;8;0;6;0;1;1;6;3;-13,1535402;-39,9989063;SPRF-BA;DEL03-BA;UOP02-DEL03-BA;;;
655327;15/01/2025;quarta-feira;21:00:00;BA;324;566;SAO SEBASTIAO DO PASSE;Transtornos Mentais (exceto suicidio);Atropelamento de Pedestre;Com V�timas Fatais;Plena Noite;Crescente;C�u Claro;Dupla;Reta;N�o;2;1;0;0;1;0;0;2;-12,52455997;-38,61040198;SPRF-BA;DEL01-BA;UOP01-DEL01-BA;;;
655328;11/01/2025;s�bado;21:30:00;AL;316;50,8;CANAPI;Chuva;Sa�da de leito carro��vel;Com V�timas Feridas;Plena Noite;Crescente;Chuva;Simples;Reta;N�o;2;0;1;0;0;1;1;1;-9,1986062;-37,50735715;SPRF-AL;DEL03-AL;UOP02-DEL03-AL;;;
655330;15/01/2025;quarta-feira;22:20:00;RS;116;250;SAO LEOPOLDO;Aus�ncia de rea��o do condutor;Queda de ocupante de ve�culo;Com V�timas Feridas;Plena Noite;Decrescente;C�u Claro;Dupla;Reta;Sim;2;0;2;0;0;0;2;1;-29,79148798;-51,16399615;SPRF-RS;DEL01-RS;UOP02-DEL01-RS;;;
655331;15/01/2025;quarta-feira;22:03:00;CE;20;404,2;CAUCAIA;Aus�ncia de rea��o do condutor;Colis�o traseira;Com V�timas Feridas;Plena Noite;Decrescente;C�u Claro;Simples;Reta;N�o;3;0;2;0;0;1;2;2;-3,77647367;-38,6827755;SPRF-CE;DEL01-CE;UOP01-DEL01-CE;;;
655332;15/01/2025;quarta-feira;12:26:00;RJ;101;333,4;RIO DE JANEIRO;Aus�ncia de rea��o do condutor;Queda de ocupante de ve�culo;Com V�timas Feridas;Pleno dia;Crescente;Nublado;Dupla;Curva;Sim;1;0;1;0;0;0;1;1;-22,87827816;-43,21053578;SPRF-RJ;DEL02-RJ;UOP01-DEL02-RJ;;;
655335;15/01/2025;quarta-feira;20:30:00;SP;459;31;LORENA;Aus�ncia de rea��o do condutor;Colis�o traseira;Sem V�timas;Plena Noite;Decrescente;C�u Claro;Simples;Reta;Sim;2;0;0;0;2;0;0;2;-22,732813;-45,098679;SPRF-SP;DEL08-SP;UOP02-DEL08-SP;;;
655337;15/01/2025;quarta-feira;22:50:00;PR;116;116;CURITIBA;Aus�ncia de rea��o do condutor;Colis�o traseira;Com V�timas Feridas;Plena Noite;Crescente;C�u Claro;Simples;Reta;Sim;7;0;1;3;2;1;4;3;-25,56083937;-49,3080622;SPRF-PR;DEL01-PR;UOP03-DEL01-PR;;;
655338;15/01/2025;quarta-feira;20:50:00;MG;262;422,8;IGARATINGA;Velocidade Incompat�vel;Tombamento;Com V�timas Feridas;Pleno dia;Crescente;Nublado;Dupla;Curva;N�o;2;0;0;1;1;0;1;2;-19,88573008;-44,72054503;SPRF-MG;DEL08-MG;UOP03-DEL08-MG;;;
655339;15/01/2025;quarta-feira;22:15:00;MG;381;479;CONTAGEM;Velocidade Incompat�vel;Colis�o traseira;Com V�timas Feridas;Plena Noite;Crescente;Nublado;M�ltipla;"Aclive;Reta";Sim;3;0;2;0;1;0;2;2;-19,96151932;-44,03821027;SPRF-MG;DEL01-MG;UOP03-DEL01-MG;;;
655341;15/01/2025;quarta-feira;18:06:00;RJ;101;87;CAMPOS DOS GOYTACAZES;Rea��o tardia ou ineficiente do condutor;Colis�o traseira;Com V�timas Feridas;Anoitecer;Decrescente;Nublado;Dupla;Reta;N�o;2;0;1;0;0;1;1;2;-21,82626899;-41,49641201;SPRF-RJ;DEL08-RJ;UOP02-DEL08-RJ;;;
655343;15/01/2025;quarta-feira;23:30:00;SP;116;222;GUARULHOS;Aus�ncia de rea��o do condutor;Colis�o com objeto;Com V�timas Feridas;Plena Noite;Decrescente;Ignorado;M�ltipla;"Reta;Em Obras";Sim;2;0;0;1;1;0;1;2;-23,47093408;-46,51631097;SPRF-SP;DEL01-SP;UOP01-DEL01-SP;;;
655344;15/01/2025;quarta-feira;22:05:00;RJ;101;67;CAMPOS DOS GOYTACAZES;Retorno proibido;Colis�o transversal;Com V�timas Feridas;Plena Noite;Decrescente;C�u Claro;Simples;Reta;N�o;3;0;1;1;1;0;2;2;-21,774;-41,361265;SPRF-RJ;DEL08-RJ;UOP02-DEL08-RJ;;;