id;data_inversa;dia_semana;horario;uf;br;km;municipio;causa_acidente;tipo_acidente;classificacao_acidente;fase_dia;sentido_via;condicao_metereologica;tipo_pista;tracado_via;uso_solo;pessoas;mortos;feridos_leves;feridos_graves;ilesos;ignorados;feridos;veiculos;latitude;longitude;regional;delegacia;uop;;;
655345;15/01/2025;quarta-feira;23:10:00;PB;230;10,8;CABEDELO;Ingest�o de �lcool pelo condutor;Colis�o com objeto;Sem V�timas;Plena Noite;Decrescente;C�u Claro;Dupla;"Em Obras;Reta";N�o;1;0;0;0;1;0;0;1;-7,0514;-34,8499;SPRF-PB;DEL01-PB;UOP01-DEL01-PB;;;
655346;16/01/2025;quinta-feira;00:20:00;SC;101;201;SAO JOSE;Demais falhas mec�nicas ou el�tricas;Queda de ocupante de ve�culo;Com V�timas Feridas;Plena Noite;Decrescente;C�u Claro;M�ltipla;Aclive;Sim;2;0;1;1;0;0;2;1;-27,54836599;-48,61977975;SPRF-SC;DEL01-SC;UOP01-DEL01-SC;;;
655348;16/01/2025;quinta-feira;00:00:00;MG;381;921;CAMANDUCAIA;Velocidade Incompat�vel;Colis�o com objeto;Sem V�timas;Plena Noite;Decrescente;Nublado;Dupla;"Aclive;Curva";N�o;1;0;0;0;1;0;0;1;-22,76212639;-46,16928587;SPRF-MG;DEL16-MG;UOP03-DEL16-MG;;;
655351;16/01/2025;quinta-feira;01:15:00;PR;116;9;CAMPINA GRANDE DO SUL;Aus�ncia de rea��o do condutor;Sa�da de leito carro��vel;Sem V�timas;Plena Noite;Crescente;Garoa/Chuvisco;Dupla;Reta;N�o;2;0;0;0;0;2;0;1;-25,3708;-49,1246;SPRF-PR;DEL01-PR;UOP02-DEL01-PR;;;
655352;15/01/2025;quarta-feira;16:00:00;PA;230;1230;ITAITUBA;Demais falhas na via;Sa�da de leito carro��vel;Sem V�timas;Pleno dia;Crescente;Chuva;Simples;Reta;N�o;4;0;0;0;3;1;0;1;-4,62473602;-56,389;SPRF-PA;DEL05-PA;UOP02-DEL05-PA;;;
655355;16/01/2025;quinta-feira;02:50:00;MG;381;438,7;SABARA;Condutor Dormindo;Sa�da de leito carro��vel;Com V�timas Feridas;Plena Noite;Decrescente;Nublado;Simples;"Declive;Reta";N�o;1;0;1;0;0;0;1;1;-19,80934407;-43,777791;SPRF-MG;DEL01-MG;UOP01-DEL01-MG;;;
655356;16/01/2025;quinta-feira;02:50:00;SP;116;223;GUARULHOS;Aus�ncia de rea��o do condutor;Sa�da de leito carro��vel;Sem V�timas;Plena Noite;Decrescente;Nublado;M�ltipla;Reta;N�o;1;0;0;0;0;1;0;1;-23,4803587;-46,5319737;SPRF-SP;DEL01-SP;UOP01-DEL01-SP;;;
655359;15/01/2025;quarta-feira;23:20:00;RS;290;178,2;BUTIA;Rea��o tardia ou ineficiente do condutor;Sa�da de leito carro��vel;Com V�timas Feridas;Plena Noite;Decrescente;C�u Claro;Simples;Reta;N�o;1;0;1;0;0;0;1;1;-30,134542;-51,992455;SPRF-RS;DEL02-RS;UOP03-DEL02-RS;;;
655361;16/01/2025;quinta-feira;04:30:00;SP;381;31;ATIBAIA;Velocidade Incompat�vel;Sa�da de leito carro��vel;Com V�timas Feridas;Plena Noite;Decrescente;C�u Claro;Dupla;Reta;N�o;5;0;1;0;2;2;1;5;-23,0559669;-46,57063716;SPRF-SP;DEL03-SP;UOP02-DEL03-SP;;;
655367;16/01/2025;quinta-feira;06:30:00;SC;101;205,1;SAO JOSE;Demais falhas mec�nicas ou el�tricas;Inc�ndio;Sem V�timas;Pleno dia;Decrescente;Chuva;M�ltipla;Reta;N�o;1;0;0;0;1;0;0;1;-27,58313237;-48,61532885;SPRF-SC;DEL01-SC;UOP01-DEL01-SC;;;
655369;16/01/2025;quinta-feira;05:50:00;GO;153;319;RIANAPOLIS;Acessar a via sem observar a presen�a dos outros ve�culos;Colis�o transversal;Com V�timas Feridas;Amanhecer;Decrescente;Chuva;Dupla;"Retorno Regulamentado;Interse��o de Vias";Sim;2;0;1;0;1;0;1;2;-15,43866;-49,509186;SPRF-GO;DEL02-GO;UOP02-DEL02-GO;;;
655372;16/01/2025;quinta-feira;07:20:00;RS;290;104;ELDORADO DO SUL;Manobra de mudan�a de faixa;Colis�o lateral mesmo sentido;Com V�timas Feridas;Pleno dia;Decrescente;Sol;Dupla;"Reta;Ponte";N�o;3;0;0;2;1;0;2;2;-29,993122;-51,275398;SPRF-RS;DEL02-RS;UOP01-DEL02-RS;;;
655374;16/01/2025;quinta-feira;08:00:00;RS;116;257;ESTEIO;Manobra de mudan�a de faixa;Colis�o lateral mesmo sentido;Com V�timas Feridas;Pleno dia;Crescente;Sol;Dupla;"Em Obras;Curva";Sim;4;0;2;0;1;1;2;3;-29,85262195;-51,17968329;SPRF-RS;DEL01-RS;UOP02-DEL01-RS;;;
655375;15/01/2025;quarta-feira;06:50:00;RJ;40;43;AREAL;Velocidade Incompat�vel;Atropelamento de Pedestre;Com V�timas Feridas;Amanhecer;Decrescente;Chuva;Dupla;Curva;N�o;3;0;0;1;2;0;1;2;-22,265139;-43,108506;SPRF-RJ;DEL05-RJ;UOP02-DEL05-RJ;;;
655376;16/01/2025;quinta-feira;07:37:00;PA;230;112;MARABA;Condutor deixou de manter dist�ncia do ve�culo da frente;Engavetamento;Com V�timas Feridas;Pleno dia;Decrescente;Nublado;Simples;Reta;Sim;3;0;1;0;2;0;1;3;-5,36913479;-49,04877095;SPRF-PA;DEL03-PA;UOP01-DEL03-PA;;;
655377;16/01/2025;quinta-feira;06:30:00;SP;116;115;TAUBATE;Avarias e/ou desgaste excessivo no pneu;Queda de ocupante de ve�culo;Com V�timas Feridas;Pleno dia;Crescente;C�u Claro;Dupla;Reta;Sim;2;0;2;0;0;0;2;1;-23,0496047;-45,59973712;SPRF-SP;DEL02-SP;UOP02-DEL02-SP;;;
655378;16/01/2025;quinta-feira;07:08:00;MG;40;523;CONTAGEM;Aus�ncia de rea��o do condutor;Colis�o traseira;Com V�timas Feridas;Pleno dia;Crescente;C�u Claro;Dupla;Reta;N�o;2;0;1;0;1;0;1;2;-19,86874894;-44,05962197;SPRF-MG;DEL01-MG;UOP02-DEL01-MG;;;
655380;16/01/2025;quinta-feira;07:20:00;MG;381;480;CONTAGEM;Aus�ncia de rea��o do condutor;Colis�o traseira;Com V�timas Feridas;Pleno dia;Decrescente;C�u Claro;Dupla;Reta;Sim;3;0;0;1;2;0;1;2;-19,95749597;-44,07899901;SPRF-MG;DEL01-MG;UOP03-DEL01-MG;;;
655381;16/01/2025;quinta-feira;07:30:00;MG;381;6,5;BETIM;Demais falhas mec�nicas ou el�tricas;Inc�ndio;Sem V�timas;Pleno dia;Crescente;C�u Claro;Dupla;Curva;N�o;1;0;0;0;1;0;0;1;-19,96825;-44,198708;SPRF-MG;DEL01-MG;UOP03-DEL01-MG;;;
655382;16/01/2025;quinta-feira;07:30:00;RN;101;106;PARNAMIRIM;Avarias e/ou desgaste excessivo no pneu;Queda de ocupante de ve�culo;Com V�timas Feridas;Pleno dia;Decrescente;C�u Claro;Dupla;Reta;Sim;2;0;1;1;0;0;2;1;-5,91056401;-35,26130795;SPRF-RN;DEL01-RN;UOP01-DEL01-RN;;;
655383;03/01/2025;sexta-feira;16:25:00;MG;146;482;POCOS DE CALDAS;Rea��o tardia ou ineficiente do condutor;Colis�o com objeto;Com V�timas Feridas;Pleno dia;Crescente;Nublado;Simples;"Reta;Aclive";N�o;1;0;1;0;0;0;1;1;-21,76994203;-46,42178535;SPRF-MG;DEL09-MG;UOP01-DEL09-MG;;;
655384;16/01/2025;quinta-feira;07:50:00;MG;50;182;UBERABA;Velocidade Incompat�vel;Colis�o traseira;Com V�timas Feridas;Pleno dia;Decrescente;Nublado;Dupla;Reta;N�o;3;0;3;0;0;0;3;2;-19,793806;-47,911165;SPRF-MG;DEL13-MG;UOP01-DEL13-MG;;;
655385;16/01/2025;quinta-feira;07:50:00;RJ;101;261;RIO BONITO;Aus�ncia de rea��o do condutor;Colis�o traseira;Com V�timas Feridas;Pleno dia;Crescente;C�u Claro;Dupla;"Interse��o de Vias;Curva";Sim;3;0;1;0;2;0;1;2;-22,71139378;-42,61157199;SPRF-RJ;DEL02-RJ;UOP03-DEL02-RJ;;;
655386;16/01/2025;quinta-feira;07:52:00;PE;232;101;BEZERROS;Rea��o tardia ou ineficiente do condutor;Colis�o transversal;Com V�timas Feridas;Pleno dia;Crescente;C�u Claro;Simples;"Declive;Reta";Sim;2;0;0;1;1;0;1;2;-8,24194679;-35,75097313;SPRF-PE;DEL02-PE;UOP02-DEL02PE;;;
655387;16/01/2025;quinta-feira;08:20:00;PR;376;605;CURITIBA;Manobra de mudan�a de faixa;Colis�o traseira;Com V�timas Feridas;Amanhecer;Decrescente;Nublado;Dupla;Curva;N�o;3;0;1;0;2;0;1;2;-25,55177228;-49,27905516;SPRF-PR;DEL01-PR;UOP06-DEL01-PR;;;
655392;16/01/2025;quinta-feira;09:00:00;SC;282;83;ALFREDO WAGNER;Mal s�bito do condutor;Sa�da de leito carro��vel;Com V�timas Feridas;Pleno dia;Crescente;Garoa/Chuvisco;Simples;Curva;N�o;2;0;2;0;0;0;2;1;-27,666153;-49,175022;SPRF-SC;DEL01-SC;UOP03-DEL01-SC;;;
655396;16/01/2025;quinta-feira;07:40:00;ES;262;71,8;DOMINGOS MARTINS;Convers�o proibida;Colis�o frontal;Com V�timas Feridas;Pleno dia;Crescente;C�u Claro;Simples;"Retorno Regulamentado;Reta";N�o;3;0;1;0;1;1;1;3;-20,4202155;-40,87402784;SPRF-ES;DEL01-ES;UOP02-DEL01-ES;;;
655398;16/01/2025;quinta-feira;09:00:00;SC;101;192,3;BIGUACU;Avarias e/ou desgaste excessivo no pneu;Colis�o com objeto;Com V�timas Feridas;Pleno dia;Crescente;Chuva;M�ltipla;Curva;Sim;1;0;1;0;0;0;1;1;-27,48443781;-48,64765238;SPRF-SC;DEL01-SC;UOP01-DEL01-SC;;;
655399;16/01/2025;quinta-feira;07:45:00;RJ;101;415;MANGARATIBA;Demais falhas mec�nicas ou el�tricas;Inc�ndio;Sem V�timas;Pleno dia;Decrescente;Sol;Simples;Reta;Sim;1;0;0;0;1;0;0;1;-22,90433243;-43,88181398;SPRF-RJ;DEL03-RJ;UOP01-DEL03-RJ;;;
655401;16/01/2025;quinta-feira;09:45:00;BA;324;619,8;SALVADOR;Condutor deixou de manter dist�ncia do ve�culo da frente;Colis�o traseira;Com V�timas Feridas;Pleno dia;Crescente;Sol;M�ltipla;Reta;N�o;3;0;2;0;1;0;2;2;-12,89820999;-38,45012202;SPRF-BA;DEL01-BA;UOP01-DEL01-BA;;;
655403;16/01/2025;quinta-feira;08:00:00;PR;116;157;MANDIRITUBA;Rea��o tardia ou ineficiente do condutor;Queda de ocupante de ve�culo;Com V�timas Feridas;Pleno dia;Decrescente;Nublado;Dupla;Reta;N�o;2;0;1;0;1;0;1;2;-25,86771116;-49,36469855;SPRF-PR;DEL01-PR;UOP03-DEL01-PR;;;
655407;16/01/2025;quinta-feira;07:30:00;SC;282;234;LAGES;Rea��o tardia ou ineficiente do condutor;Sa�da de leito carro��vel;Com V�timas Feridas;Pleno dia;Crescente;Garoa/Chuvisco;Simples;Curva;N�o;1;0;0;1;0;0;1;1;-27,783495;-50,463604;SPRF-SC;DEL05-SC;UOP02-DEL05-SC;;;
655409;16/01/2025;quinta-feira;10:30:00;RJ;393;168;TRES RIOS;Ultrapassagem Indevida;Colis�o transversal;Com V�timas Feridas;Pleno dia;Crescente;Nublado;Simples;"Interse��o de Vias;Reta";Sim;2;0;0;1;1;0;1;2;-22,127502;-43,147022;SPRF-RJ;DEL05-RJ;UOP01-DEL05-RJ;;;
655410;16/01/2025;quinta-feira;10:00:00;BA;116;545;MILAGRES;Acessar a via sem observar a presen�a dos outros ve�culos;Colis�o frontal;Com V�timas Feridas;Pleno dia;Decrescente;C�u Claro;Simples;Reta;N�o;5;0;1;0;4;0;1;2;-12,82991892;-39,82926219;SPRF-BA;DEL03-BA;UOP02-DEL03-BA;;;
655411;16/01/2025;quinta-feira;09:00:00;MG;40;700,5;BARBACENA;Manobra de mudan�a de faixa;Colis�o lateral mesmo sentido;Com V�timas Feridas;Pleno dia;Decrescente;C�u Claro;Dupla;Reta;Sim;3;0;0;2;1;0;2;2;-21,206885;-43,7494816;SPRF-MG;DEL05-MG;UOP02-DEL05-MG;;;
655413;16/01/2025;quinta-feira;11:00:00;RJ;101;205,7;CASIMIRO DE ABREU;Rea��o tardia ou ineficiente do condutor;Colis�o lateral mesmo sentido;Com V�timas Feridas;Pleno dia;Crescente;Nublado;Simples;Reta;Sim;3;0;1;0;2;0;1;2;-22,475714;-42,19184;SPRF-RJ;DEL08-RJ;UOP04-DEL08-RJ;;;
655415;16/01/2025;quinta-feira;10:45:00;RJ;101;528;ANGRA DOS REIS;Acessar a via sem observar a presen�a dos outros ve�culos;Colis�o transversal;Com V�timas Feridas;Pleno dia;Crescente;C�u Claro;Simples;Reta;Sim;5;0;5;0;0;0;5;2;-23,02314418;-44,50045173;SPRF-RJ;DEL03-RJ;UOP03-DEL03-RJ;;;
655416;16/01/2025;quinta-feira;09:20:00;SP;116;278;EMBU DAS ARTES;Aus�ncia de rea��o do condutor;Colis�o traseira;Com V�timas Feridas;Pleno dia;Decrescente;C�u Claro;Dupla;Reta;Sim;2;0;1;0;1;0;1;2;-23,65508497;-46,84918605;SPRF-SP;DEL04-SP;UOP01-DEL04-SP;;;
655417;16/01/2025;quinta-feira;11:30:00;BA;324;610;SIMOES FILHO;Demais falhas mec�nicas ou el�tricas;Queda de ocupante de ve�culo;Com V�timas Feridas;Pleno dia;Crescente;C�u Claro;Dupla;Reta;Sim;1;0;1;0;0;0;1;1;-12,82931703;-38,41113193;SPRF-BA;DEL01-BA;UOP01-DEL01-BA;;;
655420;16/01/2025;quinta-feira;10:00:00;MG;262;561;CORREGO DANTA;Velocidade Incompat�vel;Sa�da de leito carro��vel;Sem V�timas;Pleno dia;Decrescente;Chuva;Simples;Curva;N�o;1;0;0;0;1;0;0;1;-19,74235817;-45,94580685;SPRF-MG;DEL08-MG;UOP02-DEL08-MG;;;
655424;16/01/2025;quinta-feira;08:10:00;SC;480;130;CHAPECO;Convers�o proibida;Colis�o lateral mesmo sentido;Com V�timas Feridas;Pleno dia;Decrescente;C�u Claro;Simples;"Interse��o de Vias;Reta";Sim;2;0;1;0;1;0;1;2;-27,05534298;-52,63652069;SPRF-SC;DEL07-SC;UOP01-DEL07-SC;;;
655426;16/01/2025;quinta-feira;12:10:00;RN;101;94;NATAL;Acessar a via sem observar a presen�a dos outros ve�culos;Colis�o transversal;Com V�timas Feridas;Pleno dia;Crescente;C�u Claro;Dupla;"Reta;Interse��o de Vias";Sim;3;0;1;0;2;0;1;2;-5,83176615;-35,21191342;SPRF-RN;DEL01-RN;UOP01-DEL01-RN;;;
655427;16/01/2025;quinta-feira;11:50:00;SC;480;123;CHAPECO;Aus�ncia de rea��o do condutor;Colis�o com objeto;Com V�timas Feridas;Pleno dia;Crescente;C�u Claro;Simples;"Curva;Declive;Viaduto";Sim;1;0;1;0;0;0;1;1;-26,99739704;-52,64201951;SPRF-SC;DEL07-SC;UOP01-DEL07-SC;;;
655428;13/01/2025;segunda-feira;07:10:00;SC;470;169,4;POUSO REDONDO;Aus�ncia de rea��o do condutor;Colis�o transversal;Com V�timas Feridas;Pleno dia;Decrescente;Nublado;Simples;"Declive;Reta";Sim;2;0;1;1;0;0;2;2;-27,26575001;-49,88878727;SPRF-SC;DEL04-SC;UOP02-DEL04-SC;;;
655429;16/01/2025;quinta-feira;12:30:00;PB;101;112,7;PEDRAS DE FOGO;Aus�ncia de rea��o do condutor;Colis�o com objeto;Sem V�timas;Pleno dia;Crescente;C�u Claro;Dupla;"Reta;Declive";N�o;1;0;0;0;1;0;0;1;-7,43522578;-34,9727831;SPRF-PB;DEL01-PB;UOP01-DEL01-PB;;;
655435;16/01/2025;quinta-feira;12:00:00;RS;290;177;BUTIA;Transitar no Acostamento;Atropelamento de Pedestre;Com V�timas Feridas;Pleno dia;Crescente;C�u Claro;Simples;Reta;Sim;2;0;1;0;0;1;1;2;-30,132814;-51,982243;SPRF-RS;DEL02-RS;UOP03-DEL02-RS;;;
655436;16/01/2025;quinta-feira;13:25:00;RS;116;243;SAO LEOPOLDO;Velocidade Incompat�vel;Colis�o traseira;Com V�timas Feridas;Pleno dia;Decrescente;C�u Claro;Dupla;Reta;Sim;2;0;1;0;1;0;1;2;-29,73196199;-51,14952004;SPRF-RS;DEL01-RS;UOP02-DEL01-RS;;;
655437;16/01/2025;quinta-feira;11:24:00;AC;364;134;RIO BRANCO;Frear bruscamente;Engavetamento;Com V�timas Feridas;Pleno dia;Decrescente;C�u Claro;Dupla;Rotat�ria;Sim;5;0;1;0;2;2;1;3;-9,993501;-67,84868;SPRF-AC;DEL01-AC;UOP01-DEL01-AC;;;
655438;16/01/2025;quinta-feira;11:35:00;SC;470;41;GASPAR;Ingest�o de �lcool pelo condutor;Sa�da de leito carro��vel;Com V�timas Feridas;Pleno dia;Decrescente;Chuva;Dupla;Reta;N�o;6;0;2;0;4;0;2;2;-26,88387567;-48,99546146;SPRF-SC;DEL04-SC;UOP01-DEL04-SC;;;
655439;16/01/2025;quinta-feira;11:30:00;RJ;393;217;VASSOURAS;Rea��o tardia ou ineficiente do condutor;Capotamento;Com V�timas Feridas;Pleno dia;Decrescente;C�u Claro;Simples;"Interse��o de Vias;Declive";N�o;4;0;3;1;0;0;4;1;-22,32596117;-43,53617907;SPRF-RJ;DEL05-RJ;UOP03-DEL05-RJ;;;
655440;16/01/2025;quinta-feira;13:30:00;RJ;393;250;BARRA DO PIRAI;Demais falhas mec�nicas ou el�tricas;Eventos at�picos;Sem V�timas;Pleno dia;Crescente;C�u Claro;Simples;Reta;N�o;2;0;0;0;2;0;0;1;-22,42457483;-43,76088293;SPRF-RJ;DEL05-RJ;UOP04-DEL05-RJ;;;
655441;16/01/2025;quinta-feira;14:04:00;RJ;116;173;SAO JOAO DE MERITI;Aus�ncia de rea��o do condutor;Queda de ocupante de ve�culo;Com V�timas Feridas;Pleno dia;Crescente;Sol;M�ltipla;Reta;Sim;1;0;1;0;0;0;1;1;-22,79810324;-43,35726614;SPRF-RJ;DEL06-RJ;UOP01-DEL06-RJ;;;
655442;16/01/2025;quinta-feira;10:45:00;MG;364;7,5;PLANURA;Condutor deixou de manter dist�ncia do ve�culo da frente;Colis�o traseira;Com V�timas Feridas;Pleno dia;Crescente;Nevoeiro/Neblina;Simples;"Interse��o de Vias;Reta";N�o;2;0;1;0;1;0;1;2;-20,11903846;-48,72251987;SPRF-MG;DEL13-MG;UOP02-DEL13-MG;;;
655445;16/01/2025;quinta-feira;14:00:00;MG;50;47;ARAGUARI;Velocidade Incompat�vel;Colis�o com objeto;Sem V�timas;Pleno dia;Decrescente;Chuva;Dupla;"Curva;Declive";N�o;3;0;0;0;3;0;0;1;-18,72799811;-48,20659169;SPRF-MG;DEL15-MG;UOP02-DEL15-MG;;;
655446;16/01/2025;quinta-feira;13:00:00;ES;262;181,6;IBATIBA;Aus�ncia de rea��o do condutor;Colis�o traseira;Com V�timas Feridas;Pleno dia;Crescente;Nublado;Simples;Reta;N�o;3;0;1;1;1;0;2;2;-20,29592097;-41,68407083;SPRF-ES;DEL01-ES;UOP02-DEL01-ES;;;
655450;16/01/2025;quinta-feira;14:40:00;PR;116;97;SAO JOSE DOS PINHAIS;Acumulo de �gua sobre o pavimento;Tombamento;Com V�timas Feridas;Pleno dia;Crescente;Chuva;Dupla;Reta;Sim;2;0;1;0;0;1;1;2;-25,55364782;-49,14992988;SPRF-PR;DEL01-PR;UOP07-DEL01-PR;;;
655452;16/01/2025;quinta-feira;15:00:00;RJ;101;111;CAMPOS DOS GOYTACAZES;Aus�ncia de rea��o do condutor;Capotamento;Com V�timas Feridas;Pleno dia;Decrescente;Nublado;Dupla;Curva;N�o;1;0;1;0;0;0;1;1;-21,96256001;-41,64818859;SPRF-RJ;DEL08-RJ;UOP02-DEL08-RJ;;;
655453;16/01/2025;quinta-feira;14:45:00;MG;381;383;SAO GONCALO DO RIO ABAIXO;Rea��o tardia ou ineficiente do condutor;Sa�da de leito carro��vel;Com V�timas Feridas;Pleno dia;Decrescente;C�u Claro;Simples;Curva;N�o;4;0;4;0;0;0;4;1;-19,81468814;-43,39749222;SPRF-MG;DEL01-MG;UOP01-DEL01-MG;;;
655457;16/01/2025;quinta-feira;15:30:00;RJ;393;189;PARAIBA DO SUL;Avarias e/ou desgaste excessivo no pneu;Queda de ocupante de ve�culo;Com V�timas Feridas;Pleno dia;Decrescente;Nublado;Simples;Curva;N�o;2;0;1;0;1;0;1;1;-22,16214616;-43,31496175;SPRF-RJ;DEL05-RJ;UOP03-DEL05-RJ;;;
655460;16/01/2025;quinta-feira;15:35:00;ES;101;274;SERRA;Rea��o tardia ou ineficiente do condutor;Tombamento;Com V�timas Feridas;Pleno dia;Decrescente;C�u Claro;Dupla;Reta;N�o;2;0;1;0;1;0;1;1;-20,21288515;-40,29612219;SPRF-ES;DEL02-ES;UOP01-DEL02-ES;;;
655461;16/01/2025;quinta-feira;15:30:00;RJ;116;185;NOVA IGUACU;Trafegar com motocicleta (ou similar) entre as faixas;Colis�o lateral mesmo sentido;Com V�timas Feridas;Pleno dia;Decrescente;C�u Claro;M�ltipla;Reta;Sim;3;0;1;0;2;0;1;2;-22,74151051;-43,45351823;SPRF-RJ;DEL06-RJ;UOP01-DEL06-RJ;;;
655464;16/01/2025;quinta-feira;12:30:00;RO;364;12;VILHENA;Condutor deixou de manter dist�ncia do ve�culo da frente;Colis�o traseira;Com V�timas Feridas;Pleno dia;Crescente;C�u Claro;M�ltipla;"Retorno Regulamentado;Reta";Sim;2;0;1;0;1;0;1;2;-12,74370233;-60,12147609;SPRF-RO;DEL04-RO;UOP01-DEL04-RO;;;
655466;16/01/2025;quinta-feira;15:45:00;MS;163;610,3;SAO GABRIEL DO OESTE;Aus�ncia de rea��o do condutor;Sa�da de leito carro��vel;Com V�timas Feridas;Pleno dia;Crescente;C�u Claro;Simples;"Aclive;Reta";N�o;1;0;0;1;0;0;1;1;-19,428153;-54,542558;SPRF-MS;DEL06-MS;UOP02-DEL06-MS;;;
655468;16/01/2025;quinta-feira;15:49:00;PE;101;71;RECIFE;Condutor deixou de manter dist�ncia do ve�culo da frente;Colis�o traseira;Com V�timas Feridas;Pleno dia;Decrescente;C�u Claro;Dupla;Reta;Sim;2;0;1;0;1;0;1;2;-8,07663102;-34,94277871;SPRF-PE;DEL01-PE;UOP01-DEL01-PE;;;
655470;16/01/2025;quinta-feira;17:00:00;SP;153;63;SAO JOSE DO RIO PRETO;Aus�ncia de rea��o do condutor;Colis�o traseira;Com V�timas Feridas;Pleno dia;Crescente;Nublado;Dupla;"Reta;Aclive";N�o;5;0;2;0;0;3;2;4;-20,82149698;-49,35764818;SPRF-SP;DEL09-SP;UOP01-DEL09-SP;;;
655472;16/01/2025;quinta-feira;16:55:00;RS;386;440;CANOAS;Aus�ncia de rea��o do condutor;Sa�da de leito carro��vel;Com V�timas Feridas;Pleno dia;Crescente;C�u Claro;Dupla;Curva;Sim;1;0;1;0;0;0;1;1;-29,878265;-51,241951;SPRF-RS;DEL01-RS;UOP01-DEL01-RS;;;
655475;16/01/2025;quinta-feira;16:30:00;MG;262;366,8;JUATUBA;Trafegar com motocicleta (ou similar) entre as faixas;Colis�o lateral mesmo sentido;Com V�timas Feridas;Pleno dia;Crescente;Chuva;Dupla;"Declive;Reta";Sim;2;0;1;0;1;0;1;2;-19,97234043;-44,30942774;SPRF-MG;DEL01-MG;UOP03-DEL01-MG;;;
655476;16/01/2025;quinta-feira;15:10:00;PR;277;313;GUARAPUAVA;Rea��o tardia ou ineficiente do condutor;Sa�da de leito carro��vel;Com V�timas Feridas;Pleno dia;Crescente;Sol;Simples;Reta;N�o;2;0;1;0;1;0;1;1;-25,31874499;-51,19515521;SPRF-PR;DEL08-PR;UOP01-DEL08-PR;;;
655478;16/01/2025;quinta-feira;17:10:00;CE;116;1;FORTALEZA;Condutor deixou de manter dist�ncia do ve�culo da frente;Colis�o traseira;Com V�timas Feridas;Pleno dia;Decrescente;C�u Claro;M�ltipla;"Curva;Declive";Sim;2;0;1;0;1;0;1;2;-3,75914122;-38,51923585;SPRF-CE;DEL01-CE;UOP02-DEL01-CE;;;
655479;16/01/2025;quinta-feira;16:35:00;PB;104;130,6;CAMPINA GRANDE;Acesso irregular;Colis�o frontal;Com V�timas Feridas;Pleno dia;Decrescente;C�u Claro;Simples;Reta;Sim;2;0;0;2;0;0;2;2;-7,29013399;-35,89029705;SPRF-PB;DEL02-PB;UOP03-DEL02-PB;;;
655482;16/01/2025;quinta-feira;17:20:00;RJ;101;550;PARATY;Desrespeitar a prefer�ncia no cruzamento;Colis�o transversal;Com V�timas Feridas;Pleno dia;Decrescente;Nublado;Simples;Reta;N�o;2;0;1;0;1;0;1;2;-23,04928584;-44,67252374;SPRF-RJ;DEL03-RJ;UOP04-DEL03-RJ;;;
655483;16/01/2025;quinta-feira;17:30:00;PR;158;536;PATO BRANCO;Retorno proibido;Colis�o transversal;Com V�timas Feridas;Pleno dia;Crescente;C�u Claro;M�ltipla;Reta;Sim;3;0;1;0;1;1;1;3;-26,24248639;-52,69697646;SPRF-PR;DEL02-PR;UOP01-DEL02-PR;;;
655485;16/01/2025;quinta-feira;18:00:00;PR;376;157,1;MANDAGUACU;Acumulo de �gua sobre o pavimento;Sa�da de leito carro��vel;Sem V�timas;Anoitecer;Decrescente;Chuva;Dupla;Curva;Sim;1;0;0;0;0;1;0;1;-23,35251601;-52,09127007;SPRF-PR;DEL09-PR;UOP02-DEL09-PR;;;
655487;16/01/2025;quinta-feira;16:23:00;PR;376;270;MARILANDIA DO SUL;Condutor Dormindo;Capotamento;Com V�timas Feridas;Pleno dia;Crescente;C�u Claro;Dupla;Reta;N�o;2;0;1;0;1;0;1;1;-23,76530925;-51,27234759;SPRF-PR;DEL07-PR;UOP02-DEL07-PR;;;
655489;16/01/2025;quinta-feira;17:50:00;RJ;116;137;MAGE;Rea��o tardia ou ineficiente do condutor;Colis�o traseira;Com V�timas Feridas;Anoitecer;Decrescente;Nublado;Dupla;Reta;Sim;2;0;1;0;1;0;1;2;-22,64791994;-43,18200799;SPRF-RJ;DEL04-RJ;UOP02-DEL04-RJ;;;
655490;16/01/2025;quinta-feira;11:30:00;RS;386;429,2;NOVA SANTA RITA;Acessar a via sem observar a presen�a dos outros ve�culos;Colis�o lateral mesmo sentido;Com V�timas Feridas;Pleno dia;Crescente;C�u Claro;Dupla;Interse��o de Vias;N�o;2;0;1;0;1;0;1;2;-29,82759887;-51,32540703;SPRF-RS;DEL04-RS;UOP02-DEL04-RS;;;
655492;16/01/2025;quinta-feira;09:57:00;RJ;40;123;DUQUE DE CAXIAS;Rea��o tardia ou ineficiente do condutor;Colis�o traseira;Com V�timas Feridas;Pleno dia;Crescente;C�u Claro;M�ltipla;Reta;Sim;2;0;1;0;1;0;1;2;-22,79907687;-43,29015739;SPRF-RJ;DEL01-RJ;UOP02-DEL01-RJ;;;
655493;16/01/2025;quinta-feira;17:35:00;MT;70;656;CACERES;Demais falhas mec�nicas ou el�tricas;Inc�ndio;Sem V�timas;Anoitecer;Crescente;C�u Claro;Simples;Reta;N�o;1;0;0;0;1;0;0;1;-15,96753007;-57,16866394;SPRF-MT;DEL03-MT;UOP02-DEL03-MT;;;
655494;16/01/2025;quinta-feira;19:00:00;RS;290;99;PORTO ALEGRE;Manobra de mudan�a de faixa;Colis�o lateral mesmo sentido;Com V�timas Feridas;Anoitecer;Crescente;Nublado;Simples;Reta;Sim;2;0;1;0;1;0;1;2;-29,991756;-51,22699;SPRF-RS;DEL01-RS;UOP01-DEL01-RS;;;