id;data_inversa;dia_semana;horario;uf;br;km;municipio;causa_acidente;tipo_acidente;classificacao_acidente;fase_dia;sentido_via;condicao_metereologica;tipo_pista;tracado_via;uso_solo;pessoas;mortos;feridos_leves;feridos_graves;ilesos;ignorados;feridos;veiculos;latitude;longitude;regional;delegacia;uop;;;
655495;16/01/2025;quinta-feira;18:10:00;RJ;101;293;ITABORAI;Trafegar com motocicleta (ou similar) entre as faixas;Colis�o traseira;Com V�timas Feridas;Pleno dia;Decrescente;C�u Claro;Dupla;Reta;N�o;2;0;1;0;1;0;1;2;-22,756203;-42,88724;SPRF-RJ;DEL02-RJ;UOP02-DEL02-RJ;;;
655496;16/01/2025;quinta-feira;19:20:00;SC;101;207,7;SAO JOSE;Trafegar com motocicleta (ou similar) entre as faixas;Colis�o lateral mesmo sentido;Com V�timas Feridas;Plena Noite;Decrescente;Chuva;M�ltipla;Reta;N�o;2;0;1;0;1;0;1;2;-27,59869987;-48,62126112;SPRF-SC;DEL01-SC;UOP01-DEL01-SC;;;
655500;16/01/2025;quinta-feira;18:30:00;PR;116;38;CAMPINA GRANDE DO SUL;Pista Escorregadia;Colis�o com objeto;Com V�timas Feridas;Anoitecer;Crescente;Chuva;Dupla;"Aclive;Curva";N�o;3;0;0;2;1;0;2;2;-25,14802509;-48,85922071;SPRF-PR;DEL01-PR;UOP02-DEL01-PR;;;
655502;16/01/2025;quinta-feira;19:55:00;MG;381;328;NOVA ERA;Acessar a via sem observar a presen�a dos outros ve�culos;Colis�o transversal;Com V�timas Feridas;Plena Noite;Crescente;Nublado;Dupla;"Retorno Regulamentado;Reta";Sim;8;0;1;0;7;0;1;2;-19,77559;-43,04523;SPRF-MG;DEL03-MG;UOP01-DEL03-MG;;;
655503;16/01/2025;quinta-feira;17:15:00;CE;304;44;ARACATI;Condutor deixou de manter dist�ncia do ve�culo da frente;Colis�o traseira;Com V�timas Feridas;Anoitecer;Crescente;C�u Claro;Simples;Reta;Sim;2;0;1;0;0;1;1;2;-4,57887167;-37,81559999;SPRF-CE;DEL03-CE;UOP02-DEL03-CE;;;
655504;16/01/2025;quinta-feira;19:00:00;SC;101;208,8;SAO JOSE;Manobra de mudan�a de faixa;Tombamento;Com V�timas Feridas;Plena Noite;Decrescente;C�u Claro;M�ltipla;Reta;Sim;1;0;0;1;0;0;1;1;-27,60327979;-48,63201818;SPRF-SC;DEL01-SC;UOP01-DEL01-SC;;;
655505;16/01/2025;quinta-feira;16:45:00;MG;381;905;CAMBUI;Declive acentuado;Sa�da de leito carro��vel;Sem V�timas;Pleno dia;Crescente;Nublado;Simples;"Interse��o de Vias;Declive";N�o;3;0;0;0;3;0;0;1;-22,6630614;-46,09083295;SPRF-MG;DEL16-MG;UOP03-DEL16-MG;;;
655506;16/01/2025;quinta-feira;18:40:00;MG;381;482;BETIM;Condutor deixou de manter dist�ncia do ve�culo da frente;Engavetamento;Com V�timas Feridas;Plena Noite;Crescente;Chuva;M�ltipla;"Reta;Declive";N�o;4;0;1;0;3;0;1;3;-19,955532;-44,097209;SPRF-MG;DEL01-MG;UOP03-DEL01-MG;;;
655507;16/01/2025;quinta-feira;20:10:00;PB;230;14;CABEDELO;Acessar a via sem observar a presen�a dos outros ve�culos;Colis�o transversal;Com V�timas Feridas;Plena Noite;Crescente;C�u Claro;Dupla;Reta;N�o;8;0;1;0;7;0;1;3;-7,0844;-34,8488;SPRF-PB;DEL01-PB;UOP01-DEL01-PB;;;
655508;16/01/2025;quinta-feira;19:00:00;MS;60;401,6;SIDROLANDIA;Ultrapassagem Indevida;Colis�o frontal;Com V�timas Fatais;Plena Noite;Decrescente;C�u Claro;Simples;Reta;N�o;3;1;0;2;0;0;2;2;-20,81703589;-54,80153241;SPRF-MS;DEL01-MS;UOP04-DEL01-MS;;;
655509;16/01/2025;quinta-feira;19:15:00;MT;158;405,7;RIBEIRAO CASCALHEIRA;Animais na Pista;Atropelamento de Animal;Com V�timas Fatais;Pleno dia;Crescente;Nublado;Simples;Reta;N�o;1;1;0;0;0;0;0;1;-12,821582;-51,78289;SPRF-MT;DEL07-MT;UOP02-DEL07-MT;;;
655510;16/01/2025;quinta-feira;19:40:00;BA;324;615;SALVADOR;Frear bruscamente;Queda de ocupante de ve�culo;Com V�timas Feridas;Plena Noite;Crescente;C�u Claro;M�ltipla;Reta;Sim;1;0;1;0;0;0;1;1;-12,87206398;-38,42746403;SPRF-BA;DEL01-BA;UOP01-DEL01-BA;;;
655512;16/01/2025;quinta-feira;20:24:00;DF;60;26;BRASILIA;Condutor Dormindo;Sa�da de leito carro��vel;Com V�timas Feridas;Plena Noite;Decrescente;Chuva;Dupla;Reta;N�o;1;0;1;0;0;0;1;1;-16,003504;-48,245281;SPRF-DF;DEL03-DF;UOP01-DEL03-DF;;;
655514;16/01/2025;quinta-feira;20:50:00;ES;262;103,4;VENDA NOVA DO IMIGRANTE;Transitar na contram�o;Tombamento;Com V�timas Fatais;Plena Noite;Crescente;C�u Claro;Simples;Reta;Sim;3;1;0;0;1;1;0;3;-20,33657022;-41,12201819;SPRF-ES;DEL01-ES;UOP02-DEL01-ES;;;
655516;16/01/2025;quinta-feira;21:50:00;CE;116;23;ITAITINGA;Aus�ncia de sinaliza��o;Sa�da de leito carro��vel;Com V�timas Feridas;Plena Noite;Crescente;C�u Claro;Dupla;Reta;Sim;1;0;1;0;0;0;1;1;-3,94905489;-38,51212845;SPRF-CE;DEL01-CE;UOP02-DEL01-CE;;;
655517;16/01/2025;quinta-feira;15:40:00;MT;70;110;GENERAL CARNEIRO;Rea��o tardia ou ineficiente do condutor;Sa�da de leito carro��vel;Com V�timas Feridas;Pleno dia;Crescente;C�u Claro;Simples;Reta;N�o;4;0;4;0;0;0;4;1;-15,58547219;-53,04082486;SPRF-MT;DEL07-MT;UOP01-DEL07-MT;;;
655522;16/01/2025;quinta-feira;19:21:00;SC;280;28,2;ARAQUARI;Acessar a via sem observar a presen�a dos outros ve�culos;Colis�o transversal;Com V�timas Feridas;Plena Noite;Decrescente;Garoa/Chuvisco;Simples;Reta;Sim;2;0;1;0;1;0;1;2;-26,40450077;-48,74561031;SPRF-SC;DEL03-SC;UOP03-DEL03-SC;;;
655524;16/01/2025;quinta-feira;20:10:00;RO;0;0;PORTO VELHO;Desrespeitar a prefer�ncia no cruzamento;Colis�o transversal;Com V�timas Feridas;Plena Noite;N�o Informado;Nublado;Simples;Interse��o de Vias;Sim;3;0;1;1;1;0;2;2;-8,75530849;-63,90592039;SPRF-RO;DEL01-RO;UOP01-DEL01-RO;;;
655525;16/01/2025;quinta-feira;21:54:00;PI;316;4;TERESINA;Aus�ncia de rea��o do condutor;Queda de ocupante de ve�culo;Com V�timas Feridas;Plena Noite;Crescente;Garoa/Chuvisco;Dupla;Reta;N�o;1;0;0;1;0;0;1;1;-5,13655894;-42,78900388;SPRF-PI;DEL01-PI;UOP02-DEL01-PI;;;
655526;16/01/2025;quinta-feira;20:15:00;RJ;101;582;PARATY;Pedestre cruzava a pista fora da faixa;Atropelamento de Pedestre;Com V�timas Feridas;Plena Noite;Crescente;C�u Claro;Simples;Reta;N�o;2;0;1;1;0;0;2;2;-23,25631092;-44,69897659;SPRF-RJ;DEL03-RJ;UOP04-DEL03-RJ;;;
655528;16/01/2025;quinta-feira;23:30:00;ES;101;266,8;SERRA;Chuva;Queda de ocupante de ve�culo;Com V�timas Feridas;Plena Noite;Decrescente;Chuva;Dupla;Reta;Sim;1;0;1;0;0;0;1;1;-20,190199;-40,26828891;SPRF-ES;DEL02-ES;UOP01-DEL02-ES;;;
655529;16/01/2025;quinta-feira;22:40:00;MG;381;456,2;BELO HORIZONTE;Ilumina��o deficiente;Colis�o com objeto;Com V�timas Feridas;Plena Noite;Crescente;Chuva;Simples;Aclive;Sim;5;0;5;0;0;0;5;1;-19,841027;-43,885335;SPRF-MG;DEL01-MG;UOP01-DEL01-MG;;;
655530;16/01/2025;quinta-feira;22:55:00;MG;116;699,7;MURIAE;Acesso irregular;Colis�o lateral mesmo sentido;Com V�timas Feridas;Plena Noite;Decrescente;C�u Claro;Simples;"Interse��o de Vias;Reta";Sim;3;0;1;0;0;2;1;3;-21,10275171;-42,37848493;SPRF-MG;DEL07-MG;UOP02-DEL07-MG;;;
655531;16/01/2025;quinta-feira;22:10:00;PR;277;493,2;GUARANIACU;Transitar na contram�o;Colis�o frontal;Com V�timas Feridas;Plena Noite;Decrescente;C�u Claro;Simples;"Declive;Reta";N�o;3;0;0;3;0;0;3;2;-25,22190841;-52,65266418;SPRF-PR;DEL04-PR;UOP04-DEL04-PR;;;
655536;17/01/2025;sexta-feira;01:20:00;PI;316;16,7;TERESINA;Animais na Pista;Atropelamento de Animal;Com V�timas Feridas;Plena Noite;Crescente;Nublado;Dupla;"Declive;Reta";N�o;1;0;1;0;0;0;1;1;-5,240548;-42,73879;SPRF-PI;DEL01-PI;UOP02-DEL01-PI;;;
655538;17/01/2025;sexta-feira;01:20:00;RJ;101;406;ITAGUAI;Ingest�o de �lcool pelo condutor;Colis�o com objeto;Com V�timas Feridas;Plena Noite;Crescente;C�u Claro;Dupla;Reta;Sim;2;0;2;0;0;0;2;1;-22,87188798;-43,80896322;SPRF-RJ;DEL03-RJ;UOP01-DEL03-RJ;;;
655539;17/01/2025;sexta-feira;02:10:00;MS;163;21;MUNDO NOVO;Aus�ncia de rea��o do condutor;Sa�da de leito carro��vel;Com V�timas Feridas;Plena Noite;Crescente;C�u Claro;Simples;Aclive;N�o;1;0;1;0;0;0;1;1;-23,91345958;-54,29374695;SPRF-MS;DEL09-MS;UOP02-DEL09-MS;;;
655541;17/01/2025;sexta-feira;00:30:00;PI;407;471,2;JAICOS;Animais na Pista;Atropelamento de Animal;Com V�timas Fatais;Plena Noite;Decrescente;Nublado;Simples;Reta;N�o;2;1;1;0;0;0;1;1;-7,380753;-41,157108;SPRF-PI;DEL04-PI;UOP01-DEL04-PI;;;
655544;17/01/2025;sexta-feira;05:00:00;RS;386;342,9;LAJEADO;Acessar a via sem observar a presen�a dos outros ve�culos;Colis�o frontal;Com V�timas Feridas;Amanhecer;Decrescente;C�u Claro;Simples;"Reta;Em Obras;Interse��o de Vias";Sim;3;0;1;0;2;0;1;2;-29,431631;-52,011932;SPRF-RS;DEL04-RS;UOP01-DEL04-RS;;;
655545;17/01/2025;sexta-feira;05:03:00;MG;381;876,6;ESTIVA;Velocidade Incompat�vel;Sa�da de leito carro��vel;Com V�timas Feridas;Amanhecer;Decrescente;Chuva;Dupla;Curva;N�o;2;0;1;0;1;0;1;1;-22,472813;-46,01072791;SPRF-MG;DEL16-MG;UOP01-DEL16-MG;;;
655546;17/01/2025;sexta-feira;05:44:00;PB;230;25;JOAO PESSOA;Manobra de mudan�a de faixa;Queda de ocupante de ve�culo;Com V�timas Feridas;Amanhecer;Decrescente;C�u Claro;M�ltipla;Viaduto;Sim;3;0;2;0;0;1;2;2;-7,1707;-34,8684;SPRF-PB;DEL01-PB;UOP01-DEL01-PB;;;
655549;17/01/2025;sexta-feira;06:30:00;RN;101;98;NATAL;Demais falhas mec�nicas ou el�tricas;Queda de ocupante de ve�culo;Com V�timas Feridas;Pleno dia;Decrescente;C�u Claro;M�ltipla;Curva;Sim;2;0;1;0;1;0;1;1;-5,86567888;-35,21651625;SPRF-RN;DEL01-RN;UOP01-DEL01-RN;;;
655551;17/01/2025;sexta-feira;06:30:00;RS;386;327,3;MARQUES DE SOUZA;Rea��o tardia ou ineficiente do condutor;Tombamento;Com V�timas Feridas;Pleno dia;Crescente;C�u Claro;Dupla;Curva;N�o;1;0;0;1;0;0;1;1;-29,336023;-52,087055;SPRF-RS;DEL04-RS;UOP01-DEL04-RS;;;
655552;17/01/2025;sexta-feira;06:30:00;MG;262;373;JUATUBA;Aus�ncia de rea��o do condutor;Tombamento;Com V�timas Feridas;Pleno dia;Crescente;C�u Claro;Dupla;Reta;N�o;1;0;1;0;0;0;1;1;-19,97429522;-44,32712508;SPRF-MG;DEL01-MG;UOP03-DEL01-MG;;;
655553;16/01/2025;quinta-feira;22:30:00;RJ;465;13;SEROPEDICA;Manobra de mudan�a de faixa;Colis�o lateral sentido oposto;Com V�timas Feridas;Plena Noite;Crescente;C�u Claro;Simples;Reta;N�o;3;0;2;0;1;0;2;2;-22,798468;-43,645508;SPRF-RJ;DEL06-RJ;UOP02-DEL06-RJ;;;
655554;17/01/2025;sexta-feira;06:50:00;BA;324;623;SALVADOR;Condutor deixou de manter dist�ncia do ve�culo da frente;Colis�o traseira;Com V�timas Feridas;Pleno dia;Crescente;C�u Claro;Dupla;Reta;Sim;2;0;1;0;1;0;1;2;-12,92628699;-38,46838679;SPRF-BA;DEL01-BA;UOP01-DEL01-BA;;;
655555;17/01/2025;sexta-feira;07:10:00;TO;10;453;PALMAS;Velocidade Incompat�vel;Colis�o traseira;Sem V�timas;Pleno dia;Decrescente;C�u Claro;Dupla;Reta;Sim;3;0;0;0;3;0;0;2;-10,32582;-48,29769;SPRF-TO;DEL01-TO;UOP03-DEL01-TO;;;
655556;17/01/2025;sexta-feira;07:00:00;PR;369;148,7;LONDRINA;Acumulo de �leo sobre o pavimento;Colis�o traseira;Com V�timas Feridas;Pleno dia;Decrescente;Chuva;Dupla;Reta;Sim;2;0;1;0;1;0;1;2;-23,292976;-51,144291;SPRF-PR;DEL07-PR;UOP01-DEL07-PR;;;
655557;16/01/2025;quinta-feira;18:00:00;SC;280;128;RIO NEGRINHO;Condutor deixou de manter dist�ncia do ve�culo da frente;Colis�o traseira;Com V�timas Feridas;Anoitecer;Crescente;C�u Claro;Simples;"Declive;Reta";Sim;2;0;1;0;1;0;1;2;-26,24317941;-49,51320018;SPRF-SC;DEL06-SC;UOP03-DEL06-SC;;;
655558;17/01/2025;sexta-feira;07:15:00;ES;101;270,2;SERRA;Acessar a via sem observar a presen�a dos outros ve�culos;Colis�o transversal;Com V�timas Feridas;Pleno dia;Crescente;C�u Claro;Dupla;Reta;Sim;2;0;1;0;1;0;1;2;-20,28166144;-40,24291992;SPRF-ES;DEL02-ES;UOP01-DEL02-ES;;;
655559;17/01/2025;sexta-feira;07:00:00;RS;470;215;BENTO GONCALVES;Acesso irregular;Colis�o traseira;Com V�timas Feridas;Pleno dia;Crescente;C�u Claro;Simples;"Reta;Retorno Regulamentado";Sim;3;0;1;0;1;1;1;3;-29,150635;-51,530241;SPRF-RS;DEL06-RS;UOP01-DEL06-RS;;;
655561;17/01/2025;sexta-feira;06:07:00;MG;381;908;CAMBUI;Velocidade Incompat�vel;Colis�o com objeto;Com V�timas Feridas;Pleno dia;Decrescente;Nevoeiro/Neblina;Dupla;"Curva;Declive";N�o;4;0;1;0;3;0;1;1;-22,71744092;-46,12652111;SPRF-MG;DEL16-MG;UOP03-DEL16-MG;;;
655562;17/01/2025;sexta-feira;06:30:00;RJ;101;528;ANGRA DOS REIS;Condutor Dormindo;Sa�da de leito carro��vel;Com V�timas Feridas;Pleno dia;Decrescente;C�u Claro;Simples;Curva;N�o;1;0;1;0;0;0;1;1;-23,02314418;-44,50045173;SPRF-RJ;DEL03-RJ;UOP03-DEL03-RJ;;;
655563;17/01/2025;sexta-feira;07:30:00;SP;116;500;CAJATI;Velocidade Incompat�vel;Sa�da de leito carro��vel;Com V�timas Feridas;Pleno dia;Crescente;Chuva;Dupla;Curva;N�o;3;0;1;0;2;0;1;1;-24,78162109;-48,18342711;SPRF-SP;DEL05-SP;UOP02-DEL05-SP;;;
655565;17/01/2025;sexta-feira;08:20:00;RJ;116;173;SAO JOAO DE MERITI;Manobra de mudan�a de faixa;Colis�o traseira;Com V�timas Feridas;Pleno dia;Decrescente;C�u Claro;Dupla;Reta;N�o;3;0;2;0;1;0;2;2;-22,79810324;-43,35726614;SPRF-RJ;DEL06-RJ;UOP01-DEL06-RJ;;;
655567;17/01/2025;sexta-feira;08:20:00;PR;116;70;SAO JOSE DOS PINHAIS;Rea��o tardia ou ineficiente do condutor;Sa�da de leito carro��vel;Com V�timas Feridas;Pleno dia;Decrescente;Garoa/Chuvisco;Simples;Curva;N�o;1;0;1;0;0;0;1;1;-25,513522;-49,12785;SPRF-PR;DEL01-PR;UOP02-DEL01-PR;;;
655569;17/01/2025;sexta-feira;08:00:00;RJ;465;3;SEROPEDICA;Acessar a via sem observar a presen�a dos outros ve�culos;Colis�o transversal;Com V�timas Feridas;Pleno dia;Decrescente;C�u Claro;Simples;Reta;Sim;2;0;1;0;1;0;1;2;-22,73427;-43,711994;SPRF-RJ;DEL06-RJ;UOP02-DEL06-RJ;;;
655570;17/01/2025;sexta-feira;07:30:00;PI;230;309,3;FLORIANO;Acessar a via sem observar a presen�a dos outros ve�culos;Colis�o transversal;Com V�timas Feridas;Pleno dia;Crescente;C�u Claro;Simples;Reta;Sim;2;0;0;1;0;1;1;2;-6,77433132;-43,00632318;SPRF-PI;DEL03-PI;UOP01-DEL03-PI;;;
655571;17/01/2025;sexta-feira;09:13:00;PR;116;116;CURITIBA;Aus�ncia de rea��o do condutor;Colis�o traseira;Com V�timas Feridas;Pleno dia;Decrescente;Nublado;M�ltipla;Reta;Sim;2;0;0;1;1;0;1;2;-25,54988723;-49,28248211;SPRF-PR;DEL01-PR;UOP03-DEL01-PR;;;
655572;17/01/2025;sexta-feira;08:45:00;PB;230;22;JOAO PESSOA;Trafegar com motocicleta (ou similar) entre as faixas;Colis�o traseira;Com V�timas Feridas;Pleno dia;Decrescente;C�u Claro;Dupla;Reta;Sim;2;0;1;0;1;0;1;2;-7,15218486;-34,85384703;SPRF-PB;DEL01-PB;UOP01-DEL01-PB;;;
655573;17/01/2025;sexta-feira;01:15:00;RJ;465;12;SEROPEDICA;Acessar a via sem observar a presen�a dos outros ve�culos;Colis�o transversal;Com V�timas Feridas;Plena Noite;Crescente;C�u Claro;Simples;Reta;Sim;2;0;1;0;1;0;1;2;-22,791252;-43,651257;SPRF-RJ;DEL06-RJ;UOP02-DEL06-RJ;;;
655575;17/01/2025;sexta-feira;07:05:00;RJ;40;120;DUQUE DE CAXIAS;Rea��o tardia ou ineficiente do condutor;Colis�o traseira;Com V�timas Feridas;Pleno dia;Crescente;C�u Claro;Dupla;Reta;Sim;2;0;1;0;1;0;1;2;-22,77280597;-43,28626763;SPRF-RJ;DEL01-RJ;UOP02-DEL01-RJ;;;
655576;17/01/2025;sexta-feira;07:55:00;PR;116;124;CURITIBA;Rea��o tardia ou ineficiente do condutor;Colis�o traseira;Com V�timas Feridas;Pleno dia;Decrescente;Nublado;Dupla;Reta;N�o;2;0;1;0;1;0;1;2;-25,621008;-49,316222;SPRF-PR;DEL01-PR;UOP03-DEL01-PR;;;
655578;17/01/2025;sexta-feira;09:15:00;PR;116;38;CAMPINA GRANDE DO SUL;Velocidade Incompat�vel;Capotamento;Com V�timas Feridas;Pleno dia;Decrescente;Garoa/Chuvisco;Dupla;Curva;N�o;2;0;1;0;1;0;1;1;-25,14802509;-48,85922071;SPRF-PR;DEL01-PR;UOP02-DEL01-PR;;;
655579;17/01/2025;sexta-feira;07:30:00;MS;163;179;JUTI;Animais na Pista;Sa�da de leito carro��vel;Com V�timas Feridas;Pleno dia;Decrescente;C�u Claro;Simples;Reta;N�o;1;0;1;0;0;0;1;1;-22,83983611;-54,67208409;SPRF-MS;DEL09-MS;UOP01-DEL09-MS;;;
655583;17/01/2025;sexta-feira;10:40:00;GO;60;180;ABADIA DE GOIAS;Condutor Dormindo;Sa�da de leito carro��vel;Com V�timas Feridas;Pleno dia;Decrescente;C�u Claro;Dupla;"Declive;Reta";N�o;1;0;1;0;0;0;1;1;-16,7666;-49,4751;SPRF-GO;DEL01-GO;UOP02-DEL01-GO;;;
655584;17/01/2025;sexta-feira;10:40:00;RN;101;107;PARNAMIRIM;Estacionar ou parar em local proibido;Colis�o lateral mesmo sentido;Com V�timas Feridas;Pleno dia;Crescente;C�u Claro;Dupla;Reta;Sim;2;0;1;0;1;0;1;2;-5,91920796;-35,26412409;SPRF-RN;DEL01-RN;UOP01-DEL01-RN;;;
655588;17/01/2025;sexta-feira;11:00:00;PR;277;43;MORRETES;Rea��o tardia ou ineficiente do condutor;Colis�o traseira;Com V�timas Feridas;Pleno dia;Decrescente;Nublado;Dupla;"Curva;Declive";N�o;2;0;1;0;1;0;1;2;-25,592517;-48,88858;SPRF-PR;DEL01-PR;UOP05-DEL01-PR;;;
655590;17/01/2025;sexta-feira;04:40:00;MT;163;1033;PEIXOTO DE AZEVEDO;Aus�ncia de rea��o do condutor;Sa�da de leito carro��vel;Com V�timas Feridas;Plena Noite;Crescente;Chuva;Simples;Reta;N�o;2;0;1;0;1;0;1;1;-10,33413892;-55,03922841;SPRF-MT;DEL06-MT;UOP03-DEL06-MT;;;
655593;17/01/2025;sexta-feira;06:30:00;MT;163;117,6;RONDONOPOLIS;Manobra de mudan�a de faixa;Colis�o lateral mesmo sentido;Sem V�timas;Pleno dia;Decrescente;Chuva;Dupla;Reta;Sim;2;0;0;0;2;0;0;2;-16,508;-54,653192;SPRF-MT;DEL02-MT;UOP01-DEL02-MT;;;
655595;17/01/2025;sexta-feira;09:28:00;SP;116;300;SAO LOURENCO DA SERRA;Rea��o tardia ou ineficiente do condutor;Colis�o lateral mesmo sentido;Com V�timas Feridas;Pleno dia;Decrescente;C�u Claro;Dupla;"Reta;Declive";N�o;2;0;1;0;1;0;1;2;-23,80425272;-46,92143625;SPRF-SP;DEL04-SP;UOP01-DEL04-SP;;;
655596;17/01/2025;sexta-feira;11:00:00;RS;470;188;VERANOPOLIS;Aus�ncia de rea��o do condutor;Colis�o traseira;Com V�timas Feridas;Pleno dia;Crescente;C�u Claro;Simples;Curva;N�o;6;0;1;0;5;0;1;4;-29,0090907;-51,56456778;SPRF-RS;DEL06-RS;UOP02-DEL06-RS;;;
655598;17/01/2025;sexta-feira;12:00:00;CE;20;219;BOA VIAGEM;Pista esburacada;Sa�da de leito carro��vel;Com V�timas Feridas;Pleno dia;Decrescente;C�u Claro;Simples;Reta;N�o;5;0;1;0;4;0;1;1;-5,00474996;-39,66633507;SPRF-CE;DEL02-CE;UOP02-DEL02-CE;;;
655600;17/01/2025;sexta-feira;12:20:00;GO;153;515;APARECIDA DE GOIANIA;Aus�ncia de rea��o do condutor;Colis�o transversal;Com V�timas Feridas;Pleno dia;Decrescente;C�u Claro;Dupla;Reta;Sim;2;0;1;0;1;0;1;2;-16,8413;-49,2454;SPRF-GO;DEL01-GO;UOP03-DEL01-GO;;;
655602;01/01/2025;quarta-feira;20:10:00;BA;101;222,5;CRUZ DAS ALMAS;Rea��o tardia ou ineficiente do condutor;Colis�o frontal;Com V�timas Feridas;Plena Noite;Crescente;C�u Claro;Simples;Reta;Sim;2;0;0;1;0;1;1;2;-12,678612;-39,138085;SPRF-BA;DEL01-BA;UOP02-DEL01-BA;;;
655603;08/01/2025;quarta-feira;15:18:00;GO;20;129,8;FLORES DE GOIAS;Pista Escorregadia;Sa�da de leito carro��vel;Sem V�timas;Pleno dia;Decrescente;Ignorado;Simples;Reta;N�o;1;0;0;0;0;1;0;1;-14,846278;-46,750543;SPRF-DF;DEL02-DF;UOP03-DEL02-DF;;;
655604;17/01/2025;sexta-feira;12:00:00;DF;20;9;BRASILIA;Entrada inopinada do pedestre;Atropelamento de Pedestre;Com V�timas Feridas;Pleno dia;Crescente;C�u Claro;Dupla;"Aclive;Reta";Sim;2;0;0;1;1;0;1;2;-15,654671;-47,782917;SPRF-DF;DEL02-DF;UOP01-DEL02-DF;;;
655605;17/01/2025;sexta-feira;12:00:00;RS;285;313,3;PASSO FUNDO;Demais falhas mec�nicas ou el�tricas;Sa�da de leito carro��vel;Com V�timas Feridas;Pleno dia;Decrescente;C�u Claro;Simples;Reta;N�o;4;0;1;0;3;0;1;1;-28,242607;-52,563049;SPRF-RS;DEL08-RS;UOP03-DEL08-RS;;;
655609;17/01/2025;sexta-feira;12:00:00;MG;381;456;BELO HORIZONTE;Velocidade Incompat�vel;Colis�o com objeto;Sem V�timas;Pleno dia;Crescente;Sol;Dupla;"Retorno Regulamentado;Reta";Sim;3;0;0;0;3;0;0;2;-19,85862954;-43,91292495;SPRF-MG;DEL01-MG;UOP01-DEL01-MG;;;
655612;17/01/2025;sexta-feira;13:19:00;SP;0;0;SAO PAULO;Trafegar com motocicleta (ou similar) entre as faixas;Colis�o lateral mesmo sentido;Com V�timas Feridas;Pleno dia;N�o Informado;C�u Claro;M�ltipla;Reta;Sim;2;0;2;0;0;0;2;2;-23,51291902;-46,57604698;SPRF-SP;DEL01-SP;UOP01-DEL01-SP;;;
655613;17/01/2025;sexta-feira;13:00:00;MG;381;632;OLIVEIRA;Velocidade Incompat�vel;Capotamento;Com V�timas Feridas;Pleno dia;Decrescente;C�u Claro;Dupla;Reta;N�o;1;0;1;0;0;0;1;1;-20,86147692;-44,84048107;SPRF-MG;DEL04-MG;UOP01-DEL04-MG;;;
655614;09/01/2025;quinta-feira;17:15:00;SP;116;546;BARRA DO TURVO;Acumulo de �gua sobre o pavimento;Colis�o com objeto;Com V�timas Feridas;Pleno dia;Crescente;Chuva;Simples;"Declive;Curva";N�o;2;0;2;0;0;0;2;1;-24,95016699;-48,42400302;SPRF-SP;DEL05-SP;UOP02-DEL05-SP;;;
655615;15/01/2025;quarta-feira;02:30:00;RS;116;152;CAXIAS DO SUL;Animais na Pista;Atropelamento de Animal;Com V�timas Feridas;Plena Noite;Crescente;C�u Claro;Simples;Curva;Sim;1;0;0;1;0;0;1;1;-29,1829343;-51,16801501;SPRF-RS;DEL05-RS;UOP01-DEL05-RS;;;
655616;17/01/2025;sexta-feira;12:00:00;SC;282;22,9;ARAQUARI;Condutor deixou de manter dist�ncia do ve�culo da frente;Colis�o traseira;Com V�timas Feridas;Pleno dia;Crescente;Nublado;Simples;Reta;Sim;2;0;0;1;1;0;1;2;-26,371398;-48,710853;SPRF-SC;DEL01-SC;UOP02-DEL01-SC;;;
655617;17/01/2025;sexta-feira;13:45:00;RJ;116;111;DUQUE DE CAXIAS;Rea��o tardia ou ineficiente do condutor;Colis�o traseira;Com V�timas Feridas;Pleno dia;Decrescente;Sol;M�ltipla;Reta;Sim;3;0;1;0;2;0;1;3;-22,69409078;-43,28796744;SPRF-RJ;DEL04-RJ;UOP02-DEL04-RJ;;;
655618;17/01/2025;sexta-feira;13:30:00;RJ;101;228;SILVA JARDIM;Aus�ncia de rea��o do condutor;Sa�da de leito carro��vel;Com V�timas Feridas;Pleno dia;Decrescente;C�u Claro;Dupla;Curva;N�o;3;0;2;0;1;0;2;1;-22,56241824;-42,35993577;SPRF-RJ;DEL02-RJ;UOP03-DEL02-RJ;;;
655621;17/01/2025;sexta-feira;13:31:00;PE;232;105;BEZERROS;Rea��o tardia ou ineficiente do condutor;Colis�o com objeto;Com V�timas Feridas;Pleno dia;Crescente;C�u Claro;Dupla;"Aclive;Curva";N�o;1;0;1;0;0;0;1;1;-8,25830415;-35,78275595;SPRF-PE;DEL02-PE;UOP02-DEL02PE;;;
655623;17/01/2025;sexta-feira;05:30:00;SC;101;181;BIGUACU;Acumulo de �gua sobre o pavimento;Queda de ocupante de ve�culo;Com V�timas Feridas;Amanhecer;Decrescente;Chuva;Dupla;Desvio Tempor�rio;Sim;1;0;1;0;0;0;1;1;-27,38958699;-48,63197593;SPRF-SC;DEL01-SC;UOP01-DEL01-SC;;;
655624;17/01/2025;sexta-feira;14:10:00;ES;101;151;LINHARES;Acesso irregular;Colis�o transversal;Com V�timas Feridas;Pleno dia;Crescente;C�u Claro;Simples;"Interse��o de Vias;Curva";N�o;3;0;1;0;2;0;1;3;-19,41730794;-40,06842479;SPRF-ES;DEL04-ES;UOP01-DEL04-ES;;;