id;data_inversa;dia_semana;horario;uf;br;km;municipio;causa_acidente;tipo_acidente;classificacao_acidente;fase_dia;sentido_via;condicao_metereologica;tipo_pista;tracado_via;uso_solo;pessoas;mortos;feridos_leves;feridos_graves;ilesos;ignorados;feridos;veiculos;latitude;longitude;regional;delegacia;uop;;;
655625;17/01/2025;sexta-feira;14:40:00;RJ;116;186;NOVA IGUACU;Condutor deixou de manter dist�ncia do ve�culo da frente;Colis�o traseira;Com V�timas Feridas;Pleno dia;Crescente;C�u Claro;Simples;Reta;N�o;3;0;2;0;1;0;2;2;-22,73962339;-43,46276495;SPRF-RJ;DEL06-RJ;UOP01-DEL06-RJ;;;
655626;17/01/2025;sexta-feira;14:10:00;SP;116;143,8;SAO JOSE DOS CAMPOS;Trafegar com motocicleta (ou similar) entre as faixas;Colis�o traseira;Com V�timas Feridas;Pleno dia;Decrescente;C�u Claro;Dupla;"Reta;Declive";Sim;3;0;1;0;1;1;1;3;-23,16306214;-45,80729049;SPRF-SP;DEL02-SP;UOP01-DEL02-SP;;;
655627;17/01/2025;sexta-feira;14:50:00;RJ;116;172;SAO JOAO DE MERITI;Manobra de mudan�a de faixa;Colis�o traseira;Com V�timas Feridas;Pleno dia;Crescente;C�u Claro;M�ltipla;Reta;N�o;2;0;1;0;1;0;1;2;-22,80188151;-43,35043673;SPRF-RJ;DEL06-RJ;UOP01-DEL06-RJ;;;
655629;17/01/2025;sexta-feira;14:30:00;MG;116;721;MURIAE;Manobra de mudan�a de faixa;Sa�da de leito carro��vel;Com V�timas Feridas;Pleno dia;Crescente;C�u Claro;Simples;Curva;Sim;3;0;2;0;1;0;2;1;-21,25848136;-42,40177631;SPRF-MG;DEL07-MG;UOP02-DEL07-MG;;;
655630;17/01/2025;sexta-feira;12:20:00;MG;116;533,2;SANTA RITA DE MINAS;Ingest�o de �lcool pelo condutor;Sa�da de leito carro��vel;Com V�timas Feridas;Pleno dia;Crescente;C�u Claro;Simples;Curva;N�o;2;0;2;0;0;0;2;1;-19,83624191;-42,13833241;SPRF-MG;DEL06-MG;UOP02-DEL06-MG;;;
655631;05/01/2025;domingo;08:45:00;SC;101;25;JOINVILLE;Demais falhas na via;Queda de ocupante de ve�culo;Com V�timas Feridas;Pleno dia;Decrescente;Chuva;Simples;Reta;N�o;2;0;1;1;0;0;2;1;-26,1834739;-48,9105912;SPRF-SC;DEL03-SC;UOP01-DEL03-SC;;;
655633;17/01/2025;sexta-feira;13:20:00;PE;316;238;BELEM DE SAO FRANCISCO;Rea��o tardia ou ineficiente do condutor;Colis�o traseira;Sem V�timas;Pleno dia;Crescente;C�u Claro;Simples;Aclive;N�o;6;0;0;0;6;0;0;2;-8,62871324;-39,06725909;SPRF-PE;DEL05-PE;UOP03-DEL05-PE;;;
655634;17/01/2025;sexta-feira;10:00:00;MG;116;513,6;UBAPORANGA;Demais falhas mec�nicas ou el�tricas;Tombamento;Com V�timas Feridas;Pleno dia;Crescente;Sol;Simples;"Reta;Aclive";N�o;2;0;2;0;0;0;2;1;-19,66981698;-42,11727987;SPRF-MG;DEL06-MG;UOP02-DEL06-MG;;;
655636;17/01/2025;sexta-feira;13:45:00;RS;153;544,9;CACAPAVA DO SUL;Aus�ncia de rea��o do condutor;Sa�da de leito carro��vel;Com V�timas Feridas;Pleno dia;Decrescente;C�u Claro;Simples;Curva;N�o;1;0;1;0;0;0;1;1;-30,7880152;-53,57513997;SPRF-RS;DEL09-RS;UOP02-DEL09-RS;;;
655637;17/01/2025;sexta-feira;15:00:00;PR;277;449,8;LARANJEIRAS DO SUL;Acessar a via sem observar a presen�a dos outros ve�culos;Colis�o lateral mesmo sentido;Com V�timas Feridas;Pleno dia;Crescente;C�u Claro;Simples;"Aclive;Reta";N�o;2;0;0;1;1;0;1;2;-25,36867502;-52,340728;SPRF-PR;DEL04-PR;UOP02-DEL04-PR;;;
655639;17/01/2025;sexta-feira;14:50:00;RS;290;37;SANTO ANTONIO DA PATRULHA;Aus�ncia de rea��o do condutor;Queda de ocupante de ve�culo;Com V�timas Feridas;Pleno dia;Decrescente;C�u Claro;M�ltipla;Reta;N�o;2;0;2;0;0;0;2;1;-29,885529;-50,62759;SPRF-RS;DEL03-RS;UOP01-DEL03-RS;;;
655640;17/01/2025;sexta-feira;10:00:00;BA;116;422;FEIRA DE SANTANA;Acessar a via sem observar a presen�a dos outros ve�culos;Colis�o lateral mesmo sentido;Com V�timas Feridas;Pleno dia;Decrescente;C�u Claro;Simples;Reta;Sim;2;0;1;0;1;0;1;2;-12,23156306;-38,96901347;SPRF-BA;DEL02-BA;UOP01-DEL02-BA;;;
655641;17/01/2025;sexta-feira;16:00:00;PE;408;81,4;PAUDALHO;Aus�ncia de rea��o do condutor;Colis�o traseira;Com V�timas Feridas;Pleno dia;Decrescente;Sol;Dupla;Reta;N�o;2;0;1;0;1;0;1;2;-7,93468246;-35,1301265;SPRF-PE;DEL01-PE;UOP01-DEL01-PE;;;
655643;17/01/2025;sexta-feira;15:30:00;PE;101;70;RECIFE;Aus�ncia de rea��o do condutor;Colis�o traseira;Com V�timas Feridas;Pleno dia;Crescente;C�u Claro;Dupla;Reta;N�o;2;0;1;0;0;1;1;2;-8,06776119;-34,94265074;SPRF-PE;DEL01-PE;UOP01-DEL01-PE;;;
655645;17/01/2025;sexta-feira;15:10:00;RN;304;293;MACAIBA;Condutor usando celular;Sa�da de leito carro��vel;Sem V�timas;Pleno dia;Crescente;Sol;Dupla;Reta;N�o;1;0;0;0;1;0;0;1;-5,8689403;-35,38593292;SPRF-RN;DEL01-RN;UOP02-DEL01-RN;;;
655648;17/01/2025;sexta-feira;15:30:00;SC;101;131;BALNEARIO CAMBORIU;Acesso irregular;Tombamento;Com V�timas Feridas;Pleno dia;Crescente;C�u Claro;Simples;Interse��o de Vias;Sim;1;0;0;1;0;0;1;1;-26,99064209;-48,66310912;SPRF-SC;DEL04-SC;UOP03-DEL04-SC;;;
655650;17/01/2025;sexta-feira;15:45:00;MG;365;401;PATOS DE MINAS;Condutor deixou de manter dist�ncia do ve�culo da frente;Colis�o traseira;Com V�timas Feridas;Pleno dia;Crescente;C�u Claro;Simples;Reta;N�o;5;0;1;0;4;0;1;2;-18,63309325;-46,4411538;SPRF-MG;DEL10-MG;UOP01-DEL10-MG;;;
655652;17/01/2025;sexta-feira;15:00:00;RJ;116;82;TERESOPOLIS;Retorno proibido;Colis�o transversal;Com V�timas Feridas;Pleno dia;Decrescente;C�u Claro;Simples;Reta;Sim;2;0;2;0;0;0;2;2;-22,4065491;-42,95136745;SPRF-RJ;DEL04-RJ;UOP01-DEL04-RJ;;;
655653;17/01/2025;sexta-feira;16:00:00;RJ;101;386;RIO DE JANEIRO;Velocidade Incompat�vel;Colis�o traseira;Com V�timas Feridas;Pleno dia;Crescente;C�u Claro;Dupla;Reta;N�o;2;0;1;0;1;0;1;2;-22,88515046;-43,6468792;SPRF-RJ;DEL03-RJ;UOP01-DEL03-RJ;;;
655654;17/01/2025;sexta-feira;11:00:00;RJ;101;481;ANGRA DOS REIS;Ultrapassagem Indevida;Colis�o transversal;Com V�timas Feridas;Pleno dia;Crescente;C�u Claro;Simples;"Em Obras;Interse��o de Vias;Reta";Sim;3;0;1;1;1;0;2;2;-23,00976021;-44,29153237;SPRF-RJ;DEL03-RJ;UOP03-DEL03-RJ;;;
655657;17/01/2025;sexta-feira;12:30:00;SC;280;55;GUARAMIRIM;Rea��o tardia ou ineficiente do condutor;Colis�o transversal;Com V�timas Feridas;Pleno dia;Decrescente;Nublado;M�ltipla;"Interse��o de Vias;Reta";Sim;2;0;1;0;1;0;1;2;-26,47584353;-48,9937858;SPRF-SC;DEL03-SC;UOP03-DEL03-SC;;;
655659;17/01/2025;sexta-feira;16:20:00;GO;60;232;CEZARINA;Acessar a via sem observar a presen�a dos outros ve�culos;Colis�o traseira;Com V�timas Feridas;Pleno dia;Decrescente;C�u Claro;Dupla;Retorno Regulamentado;N�o;5;0;0;1;4;0;1;2;-17,0685;-49,806;SPRF-GO;DEL01-GO;UOP02-DEL01-GO;;;
655660;17/01/2025;sexta-feira;15:10:00;SC;101;159;PORTO BELO;Condutor deixou de manter dist�ncia do ve�culo da frente;Colis�o lateral mesmo sentido;Com V�timas Feridas;Pleno dia;Crescente;Garoa/Chuvisco;Dupla;Reta;Sim;2;0;1;0;1;0;1;2;-27,1998778;-48,61534236;SPRF-SC;DEL04-SC;UOP03-DEL04-SC;;;
655665;17/01/2025;sexta-feira;17:00:00;SP;116;110;TAUBATE;Aus�ncia de rea��o do condutor;Colis�o com objeto;Com V�timas Feridas;Anoitecer;Decrescente;Nublado;Dupla;Reta;Sim;1;0;1;0;0;0;1;1;-23,03412614;-45,5526999;SPRF-SP;DEL02-SP;UOP02-DEL02-SP;;;
655666;17/01/2025;sexta-feira;15:00:00;RR;401;69;BONFIM;Aus�ncia de rea��o do condutor;Colis�o traseira;Com V�timas Feridas;Pleno dia;Decrescente;Sol;Simples;Reta;N�o;8;0;5;1;0;2;6;3;3,1629714;-60,23866122;SPRF-RR;DEL01-RR;UOP01-DEL01-RR;;;
655668;17/01/2025;sexta-feira;17:50:00;RS;116;254;SAPUCAIA DO SUL;Acessar a via sem observar a presen�a dos outros ve�culos;Colis�o lateral mesmo sentido;Com V�timas Feridas;Pleno dia;Decrescente;Chuva;Dupla;Reta;Sim;3;0;2;0;1;0;2;2;-29,82654797;-51,17241311;SPRF-RS;DEL01-RS;UOP02-DEL01-RS;;;
655671;17/01/2025;sexta-feira;18:20:00;PR;116;134;FAZENDA RIO GRANDE;Ultrapassagem Indevida;Colis�o transversal;Com V�timas Feridas;Pleno dia;Decrescente;Nublado;Dupla;Reta;Sim;3;0;2;1;0;0;3;2;-25,67510803;-49,3157007;SPRF-PR;DEL01-PR;UOP03-DEL01-PR;;;
655673;17/01/2025;sexta-feira;17:00:00;RS;285;238,5;CASEIROS;Condutor deixou de manter dist�ncia do ve�culo da frente;Colis�o traseira;Com V�timas Feridas;Pleno dia;Crescente;Sol;Simples;"Curva;Declive";N�o;5;0;2;0;3;0;2;2;-28,252514;-51,858852;SPRF-RS;DEL08-RS;UOP03-DEL08-RS;;;
655674;17/01/2025;sexta-feira;17:00:00;PE;316;37;ARARIPINA;Animais na Pista;Atropelamento de Animal;Com V�timas Feridas;Anoitecer;Crescente;C�u Claro;Simples;Reta;N�o;2;0;1;1;0;0;2;1;-7,65163984;-40,41197275;SPRF-PE;DEL05-PE;UOP02-DEL05-PE;;;
655675;17/01/2025;sexta-feira;16:40:00;MG;116;276;TEOFILO OTONI;Desrespeitar a prefer�ncia no cruzamento;Colis�o transversal;Com V�timas Feridas;Pleno dia;Crescente;C�u Claro;Dupla;"Retorno Regulamentado;Interse��o de Vias;Rotat�ria";Sim;3;0;0;1;2;0;1;2;-17,85139064;-41,51474833;SPRF-MG;DEL11-MG;UOP01-DEL11-MG;;;
655676;17/01/2025;sexta-feira;17:55:00;SC;116;226,4;CORREIA PINTO;Demais falhas mec�nicas ou el�tricas;Queda de ocupante de ve�culo;Com V�timas Feridas;Pleno dia;Crescente;C�u Claro;Simples;Reta;N�o;2;0;2;0;0;0;2;1;-27,627321;-50,34153899;SPRF-SC;DEL05-SC;UOP03-DEL05-SC;;;
655677;17/01/2025;sexta-feira;18:30:00;RS;116;252;SAPUCAIA DO SUL;Acumulo de �gua sobre o pavimento;Colis�o lateral mesmo sentido;Com V�timas Feridas;Pleno dia;Decrescente;Chuva;Dupla;Reta;N�o;3;0;1;0;1;1;1;3;-29,80913395;-51,1675292;SPRF-RS;DEL01-RS;UOP02-DEL01-RS;;;
655679;17/01/2025;sexta-feira;18:10:00;GO;414;393;CORUMBA DE GOIAS;Desrespeitar a prefer�ncia no cruzamento;Colis�o transversal;Com V�timas Feridas;Anoitecer;Crescente;C�u Claro;Simples;Interse��o de Vias;Sim;2;0;0;1;1;0;1;2;-15,91925897;-48,80882251;SPRF-GO;DEL02-GO;UOP01-DEL02-GO;;;
655680;17/01/2025;sexta-feira;15:40:00;PR;376;407;TIBAGI;Velocidade Incompat�vel;Colis�o com objeto;Com V�timas Feridas;Pleno dia;Decrescente;Chuva;Dupla;"Curva;Declive";N�o;2;0;1;0;1;0;1;1;-24,60239324;-50,66428737;SPRF-PR;DEL03-PR;UOP02-DEL03-PR;;;
655681;17/01/2025;sexta-feira;14:30:00;RJ;101;205;CASIMIRO DE ABREU;Aus�ncia de rea��o do condutor;Colis�o traseira;Com V�timas Feridas;Pleno dia;Crescente;Sol;Dupla;Reta;Sim;2;0;0;1;1;0;1;2;-22,475714;-42,19184;SPRF-RJ;DEL08-RJ;UOP04-DEL08-RJ;;;
655682;17/01/2025;sexta-feira;18:40:00;GO;153;504;APARECIDA DE GOIANIA;Aus�ncia de rea��o do condutor;Colis�o traseira;Com V�timas Feridas;Plena Noite;Crescente;C�u Claro;Dupla;Reta;Sim;2;0;0;1;1;0;1;2;-16,7451;-49,2408;SPRF-GO;DEL01-GO;UOP01-DEL01-GO;;;
655683;17/01/2025;sexta-feira;18:00:00;MG;40;553;NOVA LIMA;Condutor deixou de manter dist�ncia do ve�culo da frente;Engavetamento;Com V�timas Feridas;Anoitecer;Decrescente;C�u Claro;Dupla;Reta;Sim;5;0;0;2;3;0;2;3;-20,06863326;-43,98194759;SPRF-MG;DEL01-MG;UOP02-DEL01-MG;;;
655686;17/01/2025;sexta-feira;18:50:00;PR;277;60,7;SAO JOSE DOS PINHAIS;Condutor usando celular;Sa�da de leito carro��vel;Sem V�timas;Anoitecer;Crescente;Chuva;Dupla;Reta;N�o;1;0;0;0;1;0;0;1;-25,551218;-49,038642;SPRF-PR;DEL01-PR;UOP01-DEL01-PR;;;
655687;17/01/2025;sexta-feira;17:15:00;CE;230;80;VARZEA ALEGRE;Rea��o tardia ou ineficiente do condutor;Colis�o com objeto;Com V�timas Fatais;Anoitecer;Crescente;Nublado;Dupla;Curva;Sim;1;1;0;0;0;0;0;1;-6,79477201;-39,302597;SPRF-CE;DEL05-CE;UOP01-DEL05-CE;;;
655688;17/01/2025;sexta-feira;17:00:00;PR;280;280,5;FLOR DA SERRA DO SUL;Ultrapassagem Indevida;Sa�da de leito carro��vel;Com V�timas Feridas;Pleno dia;Decrescente;C�u Claro;Simples;Reta;N�o;5;0;0;1;4;0;1;3;-26,24539005;-53,22355706;SPRF-PR;DEL02-PR;UOP01-DEL02-PR;;;
655690;17/01/2025;sexta-feira;17:10:00;RS;116;472,5;SAO LOURENCO DO SUL;Demais falhas mec�nicas ou el�tricas;Inc�ndio;Sem V�timas;Pleno dia;Crescente;Nublado;Dupla;Reta;N�o;1;0;0;0;1;0;0;1;-31,36343118;-52,08262687;SPRF-RS;DEL07-RS;UOP01-DEL07-RS;;;
655691;17/01/2025;sexta-feira;18:54:00;SP;153;42;ONDA VERDE;Demais falhas na via;Tombamento;Com V�timas Feridas;Anoitecer;Decrescente;Garoa/Chuvisco;Simples;Reta;N�o;2;0;1;0;1;0;1;1;-20,63725202;-49,33843793;SPRF-SP;DEL09-SP;UOP01-DEL09-SP;;;
655692;17/01/2025;sexta-feira;15:05:00;SP;116;509,5;CAJATI;Acumulo de �gua sobre o pavimento;Queda de ocupante de ve�culo;Com V�timas Feridas;Pleno dia;Crescente;Chuva;Simples;Curva;N�o;1;0;1;0;0;0;1;1;-24,82178987;-48,21419034;SPRF-SP;DEL05-SP;UOP02-DEL05-SP;;;
655694;17/01/2025;sexta-feira;17:30:00;PA;230;4,5;ALTAMIRA;Rea��o tardia ou ineficiente do condutor;Colis�o frontal;Com V�timas Feridas;Pleno dia;Decrescente;Nublado;Simples;Reta;N�o;2;0;0;1;1;0;1;2;-3,18801523;-52,20411301;SPRF-PA;DEL03-PA;UOP01-DEL03-PA;;;
655695;17/01/2025;sexta-feira;17:45:00;RS;470;183;VERANOPOLIS;Transitar na contram�o;Colis�o frontal;Com V�timas Fatais;Pleno dia;Decrescente;C�u Claro;Simples;Reta;N�o;3;1;2;0;0;0;2;2;-28,99615608;-51,55829913;SPRF-RS;DEL06-RS;UOP02-DEL06-RS;;;
655696;17/01/2025;sexta-feira;19:30:00;RJ;40;91;PETROPOLIS;Acumulo de �leo sobre o pavimento;Tombamento;Com V�timas Feridas;Plena Noite;Decrescente;C�u Claro;Dupla;"Curva;Aclive";Sim;2;0;2;0;0;0;2;1;-22,54903566;-43,24229724;SPRF-RJ;DEL01-RJ;UOP01-DEL01-RJ;;;
655697;17/01/2025;sexta-feira;19:30:00;RN;406;115,7;POCO BRANCO;Animais na Pista;Atropelamento de Animal;Sem V�timas;Plena Noite;Decrescente;C�u Claro;Simples;Reta;N�o;1;0;0;0;1;0;0;1;-5,57023884;-35,71071495;SPRF-RN;DEL02-RN;UOP01-DEL02-RN;;;
655699;17/01/2025;sexta-feira;18:40:00;AL;104;88,2;RIO LARGO;Afundamento ou ondula��o no pavimento;Colis�o lateral mesmo sentido;Com V�timas Fatais;Plena Noite;Crescente;C�u Claro;Dupla;"Em Obras;Reta";Sim;1;1;0;0;0;0;0;1;-9,48375193;-35,81815581;SPRF-AL;DEL01-AL;UOP01-DEL01-AL;;;
655700;17/01/2025;sexta-feira;19:08:00;SC;280;51,4;GUARAMIRIM;Rea��o tardia ou ineficiente do condutor;Queda de ocupante de ve�culo;Com V�timas Feridas;Anoitecer;Decrescente;Garoa/Chuvisco;Simples;Retorno Regulamentado;N�o;1;0;1;0;0;0;1;1;-26,46538871;-48,95544449;SPRF-SC;DEL03-SC;UOP03-DEL03-SC;;;
655702;17/01/2025;sexta-feira;19:00:00;MG;381;491;BETIM;Aus�ncia de rea��o do condutor;Tombamento;Com V�timas Feridas;Plena Noite;Crescente;C�u Claro;M�ltipla;Reta;Sim;1;0;1;0;0;0;1;1;-19,97018187;-44,18210416;SPRF-MG;DEL01-MG;UOP03-DEL01-MG;;;
655703;17/01/2025;sexta-feira;20:20:00;MG;116;277;TEOFILO OTONI;Acessar a via sem observar a presen�a dos outros ve�culos;Atropelamento de Pedestre;Com V�timas Feridas;Plena Noite;Crescente;C�u Claro;Simples;Interse��o de Vias;N�o;2;0;0;2;0;0;2;2;-17,859945;-41,515144;SPRF-MG;DEL11-MG;UOP01-DEL11-MG;;;
655704;17/01/2025;sexta-feira;19:50:00;SC;280;193,3;MAFRA;Demais falhas mec�nicas ou el�tricas;Inc�ndio;Sem V�timas;Plena Noite;Crescente;Nublado;Simples;Reta;N�o;1;0;0;0;0;1;0;1;-26,17717048;-50,00641103;SPRF-SC;DEL06-SC;UOP01-DEL06-SC;;;
655705;17/01/2025;sexta-feira;20:30:00;RJ;116;180;NOVA IGUACU;Manobra de mudan�a de faixa;Colis�o lateral mesmo sentido;Com V�timas Feridas;Plena Noite;Crescente;C�u Claro;Dupla;Reta;Sim;2;0;1;0;1;0;1;2;-22,7651616;-43,4154728;SPRF-RJ;DEL06-RJ;UOP01-DEL06-RJ;;;
655706;17/01/2025;sexta-feira;20:08:00;RJ;101;326;NITEROI;Demais falhas mec�nicas ou el�tricas;Queda de ocupante de ve�culo;Com V�timas Feridas;Plena Noite;Crescente;C�u Claro;Dupla;"Reta;Ponte";Sim;2;0;2;0;0;0;2;1;-22,87206203;-43,146105;SPRF-RJ;DEL02-RJ;UOP01-DEL02-RJ;;;
655710;17/01/2025;sexta-feira;20:30:00;RS;116;534;CAPAO DO LEAO;Velocidade Incompat�vel;Colis�o traseira;Com V�timas Fatais;Plena Noite;Crescente;C�u Claro;Simples;"Reta;Ponte";N�o;3;1;2;0;0;0;2;2;-31,7821028;-52,46872114;SPRF-RS;DEL07-RS;UOP01-DEL07-RS;;;
655711;17/01/2025;sexta-feira;19:05:00;CE;222;230,8;SOBRAL;Aus�ncia de rea��o do condutor;Queda de ocupante de ve�culo;Com V�timas Feridas;Plena Noite;Crescente;Nublado;Simples;"Em Obras;Reta";N�o;1;0;0;1;0;0;1;1;-3,70054016;-40,39250394;SPRF-CE;DEL04-CE;UOP01-DEL04-CE;;;
655713;17/01/2025;sexta-feira;19:25:00;SC;101;204;SAO JOSE;Rea��o tardia ou ineficiente do condutor;Tombamento;Com V�timas Feridas;Plena Noite;Decrescente;Nublado;Dupla;"Interse��o de Vias;Reta";Sim;1;0;1;0;0;0;1;1;-27,57413014;-48,61363083;SPRF-SC;DEL01-SC;UOP01-DEL01-SC;;;
655715;17/01/2025;sexta-feira;20:25:00;RS;290;418,5;SAO GABRIEL;Aus�ncia de rea��o do condutor;Colis�o traseira;Com V�timas Feridas;Plena Noite;Decrescente;C�u Claro;Simples;Rotat�ria;Sim;4;0;1;0;3;0;1;2;-30,35225915;-54,33302522;SPRF-RS;DEL11-RS;UOP02-DEL11-RS;;;
655716;17/01/2025;sexta-feira;20:10:00;RS;290;83;CACHOEIRINHA;Avarias e/ou desgaste excessivo no pneu;Queda de ocupante de ve�culo;Com V�timas Feridas;Plena Noite;Decrescente;C�u Claro;M�ltipla;Reta;Sim;2;0;1;0;1;0;1;1;-29,96376;-51,097771;SPRF-RS;DEL01-RS;UOP01-DEL01-RS;;;
655717;17/01/2025;sexta-feira;20:34:00;RJ;101;274;TANGUA;Aus�ncia de rea��o do condutor;Colis�o frontal;Com V�timas Feridas;Plena Noite;Decrescente;C�u Claro;Simples;Reta;Sim;3;0;1;0;2;0;1;2;-22,73506292;-42,71948103;SPRF-RJ;DEL02-RJ;UOP03-DEL02-RJ;;;
655718;17/01/2025;sexta-feira;21:06:00;PR;277;79,5;CURITIBA;Acessar a via sem observar a presen�a dos outros ve�culos;Colis�o lateral mesmo sentido;Com V�timas Feridas;Plena Noite;Decrescente;C�u Claro;Dupla;Reta;Sim;3;0;2;0;1;0;2;2;-25,4759819;-49,20713745;SPRF-PR;DEL01-PR;UOP07-DEL01-PR;;;
655719;17/01/2025;sexta-feira;19:15:00;ES;101;256;SERRA;Acesso irregular;Colis�o transversal;Com V�timas Feridas;Plena Noite;Crescente;C�u Claro;Simples;Aclive;Sim;3;0;1;0;1;1;1;3;-20,119123;-40,311005;SPRF-ES;DEL02-ES;UOP01-DEL02-ES;;;
655720;17/01/2025;sexta-feira;21:05:00;RS;153;48,7;ERECHIM;Velocidade Incompat�vel;Tombamento;Com V�timas Feridas;Plena Noite;Decrescente;C�u Claro;Dupla;Reta;Sim;1;0;1;0;0;0;1;1;-27,65118001;-52,257248;SPRF-RS;DEL08-RS;UOP04-DEL08-RS;;;
655723;17/01/2025;sexta-feira;19:05:00;AL;423;103,5;DELMIRO GOUVEIA;Defici�ncia do Sistema de Ilumina��o/Sinaliza��o;Colis�o traseira;Com V�timas Feridas;Plena Noite;Decrescente;C�u Claro;Simples;"Reta;Aclive";N�o;4;0;3;0;1;0;3;3;-9,4027224;-38,1818248;SPRF-BA;DEL07-BA;UOP01-DEL07-BA;;;
655725;17/01/2025;sexta-feira;19:15:00;RJ;40;108;DUQUE DE CAXIAS;Rea��o tardia ou ineficiente do condutor;Colis�o frontal;Com V�timas Feridas;Plena Noite;Decrescente;C�u Claro;M�ltipla;Reta;Sim;2;0;1;0;1;0;1;2;-22,66476979;-43,28495144;SPRF-RJ;DEL01-RJ;UOP02-DEL01-RJ;;;
655726;17/01/2025;sexta-feira;21:20:00;PR;277;2,3;PARANAGUA;Aus�ncia de rea��o do condutor;Tombamento;Com V�timas Feridas;Plena Noite;Decrescente;C�u Claro;Simples;Curva;N�o;1;0;0;1;0;0;1;1;-25,535518;-48,555151;SPRF-PR;DEL01-PR;UOP05-DEL01-PR;;;
655727;17/01/2025;sexta-feira;21:40:00;PE;101;48;ABREU E LIMA;Aus�ncia de rea��o do condutor;Colis�o traseira;Com V�timas Feridas;Plena Noite;Crescente;C�u Claro;Dupla;Reta;Sim;2;0;1;0;1;0;1;2;-7,89174705;-34,9033493;SPRF-PE;DEL01-PE;UOP02-DEL01-PE;;;
655729;17/01/2025;sexta-feira;21:15:00;CE;222;2,5;FORTALEZA;Desrespeitar a prefer�ncia no cruzamento;Colis�o transversal;Com V�timas Feridas;Plena Noite;Decrescente;C�u Claro;M�ltipla;Interse��o de Vias;Sim;2;0;1;1;0;0;2;2;-3,73911117;-38,58687498;SPRF-CE;DEL01-CE;UOP01-DEL01-CE;;;
655730;17/01/2025;sexta-feira;21:35:00;DF;20;2;BRASILIA;Manobra de mudan�a de faixa;Colis�o transversal;Com V�timas Feridas;Plena Noite;Crescente;Nublado;Dupla;"Retorno Regulamentado;Reta";Sim;2;0;0;1;1;0;1;2;-15,682896;-47,840729;SPRF-DF;DEL02-DF;UOP01-DEL02-DF;;;
655731;17/01/2025;sexta-feira;20:10:00;RJ;40;119;DUQUE DE CAXIAS;Rea��o tardia ou ineficiente do condutor;Tombamento;Com V�timas Feridas;Plena Noite;Crescente;C�u Claro;M�ltipla;Curva;Sim;1;0;1;0;0;0;1;1;-22,76375592;-43,28683062;SPRF-RJ;DEL01-RJ;UOP02-DEL01-RJ;;;
655732;17/01/2025;sexta-feira;20:30:00;RJ;101;384;RIO DE JANEIRO;Velocidade Incompat�vel;Queda de ocupante de ve�culo;Com V�timas Feridas;Plena Noite;Decrescente;Nublado;Dupla;Reta;Sim;1;0;1;0;0;0;1;1;-22,87911609;-43,62323999;SPRF-RJ;DEL03-RJ;UOP01-DEL03-RJ;;;
655733;17/01/2025;sexta-feira;21:50:00;RS;116;317;BARRA DO RIBEIRO;Ingest�o de �lcool pelo condutor;Colis�o lateral mesmo sentido;Com V�timas Feridas;Plena Noite;Decrescente;C�u Claro;Dupla;"Reta;Aclive";N�o;2;0;1;0;1;0;1;2;-30,28157609;-51,41240974;SPRF-RS;DEL02-RS;UOP01-DEL02-RS;;;
655734;17/01/2025;sexta-feira;20:30:00;MS;163;743;COXIM;Ingest�o de �lcool pelo condutor;Colis�o com objeto;Sem V�timas;Plena Noite;Crescente;Chuva;Simples;Declive;N�o;3;0;0;0;3;0;0;1;-18,40730994;-54,67814203;SPRF-MS;DEL06-MS;UOP01-DEL06-MS;;;
655735;17/01/2025;sexta-feira;22:30:00;SP;116;109;TAUBATE;Rea��o tardia ou ineficiente do condutor;Tombamento;Com V�timas Feridas;Plena Noite;Decrescente;C�u Claro;M�ltipla;Reta;Sim;2;0;2;0;0;0;2;1;-23,02871304;-45,54517097;SPRF-SP;DEL02-SP;UOP02-DEL02-SP;;;
655736;17/01/2025;sexta-feira;16:40:00;RJ;40;99;DUQUE DE CAXIAS;Acesso irregular;Colis�o lateral mesmo sentido;Com V�timas Feridas;Pleno dia;Crescente;C�u Claro;Dupla;Reta;N�o;6;0;0;1;5;0;1;4;-22,58585204;-43,27716391;SPRF-RJ;DEL01-RJ;UOP01-DEL01-RJ;;;
655737;17/01/2025;sexta-feira;21:20:00;RJ;101;406;ITAGUAI;Ultrapassagem Indevida;Colis�o lateral mesmo sentido;Com V�timas Feridas;Plena Noite;Crescente;C�u Claro;Dupla;Reta;Sim;2;0;1;0;1;0;1;2;-22,87188798;-43,80896322;SPRF-RJ;DEL03-RJ;UOP01-DEL03-RJ;;;
655738;17/01/2025;sexta-feira;22:13:00;PE;232;80,6;GRAVATA;Trafegar com motocicleta (ou similar) entre as faixas;Colis�o transversal;Com V�timas Feridas;Plena Noite;Crescente;C�u Claro;Simples;Reta;Sim;3;0;0;3;0;0;3;2;-8,19579864;-35,56962305;SPRF-PE;DEL02-PE;UOP02-DEL02PE;;;
655739;17/01/2025;sexta-feira;19:52:00;PI;343;142;PIRACURUCA;Manobra de mudan�a de faixa;Colis�o lateral mesmo sentido;Sem V�timas;Plena Noite;Crescente;C�u Claro;Simples;Reta;Sim;2;0;0;0;2;0;0;2;-3,937132;-41,717117;SPRF-PI;DEL02-PI;UOP01-DEL02-PI;;;