id;data_inversa;dia_semana;horario;uf;br;km;municipio;causa_acidente;tipo_acidente;classificacao_acidente;fase_dia;sentido_via;condicao_metereologica;tipo_pista;tracado_via;uso_solo;pessoas;mortos;feridos_leves;feridos_graves;ilesos;ignorados;feridos;veiculos;latitude;longitude;regional;delegacia;uop;;;
655740;17/01/2025;sexta-feira;21:50:00;RS;448;18;CANOAS;Aus�ncia de rea��o do condutor;Colis�o traseira;Com V�timas Feridas;Plena Noite;Crescente;C�u Claro;Dupla;Reta;Sim;2;0;2;0;0;0;2;2;-29,944614;-51,204464;SPRF-RS;DEL01-RS;UOP01-DEL01-RS;;;
655741;17/01/2025;sexta-feira;18:40:00;SC;282;216;LAGES;Entrada inopinada do pedestre;Atropelamento de Pedestre;Com V�timas Feridas;Pleno dia;Decrescente;Nublado;Simples;"Aclive;Reta";Sim;2;0;1;0;1;0;1;2;-27,79434465;-50,28265357;SPRF-SC;DEL05-SC;UOP01-DEL05-SC;;;
655742;17/01/2025;sexta-feira;22:10:00;MG;116;410,7;GOVERNADOR VALADARES;Velocidade Incompat�vel;Colis�o traseira;Com V�timas Feridas;Plena Noite;Decrescente;C�u Claro;Simples;Reta;Sim;3;0;3;0;0;0;3;2;-18,855625;-41,975623;SPRF-MG;DEL06-MG;UOP01-DEL06-MG;;;
655743;17/01/2025;sexta-feira;22:45:00;PR;369;480,7;CORBELIA;Acessar a via sem observar a presen�a dos outros ve�culos;Colis�o transversal;Com V�timas Fatais;Plena Noite;Decrescente;C�u Claro;Simples;Curva;N�o;4;1;0;0;1;2;0;4;-24,76033;-53,2937;SPRF-PR;DEL04-PR;UOP03-DEL04-PR;;;
655744;17/01/2025;sexta-feira;22:00:00;MG;40;565;NOVA LIMA;Ingest�o de �lcool pelo condutor;Engavetamento;Sem V�timas;Plena Noite;Decrescente;C�u Claro;Simples;Reta;N�o;4;0;0;0;4;0;0;3;-20,16985101;-43,96554788;SPRF-MG;DEL01-MG;UOP02-DEL01-MG;;;
655745;17/01/2025;sexta-feira;23:00:00;PE;232;67;GRAVATA;Demais falhas mec�nicas ou el�tricas;Inc�ndio;Sem V�timas;Plena Noite;Crescente;C�u Claro;Dupla;Reta;N�o;1;0;0;0;1;0;0;1;-8,16733;-35,46734;SPRF-PE;DEL02-PE;UOP02-DEL02PE;;;
655746;17/01/2025;sexta-feira;18:35:00;PR;277;509,7;GUARANIACU;Ingest�o de �lcool pelo condutor;Colis�o frontal;Com V�timas Fatais;Anoitecer;Crescente;C�u Claro;Simples;Reta;N�o;6;2;3;1;0;0;4;2;-25,12162365;-52,77960777;SPRF-PR;DEL04-PR;UOP04-DEL04-PR;;;
655747;17/01/2025;sexta-feira;22:30:00;PR;277;181;PALMEIRA;Condutor deixou de manter dist�ncia do ve�culo da frente;Colis�o traseira;Sem V�timas;Plena Noite;Crescente;Nublado;Simples;Reta;N�o;3;0;0;0;3;0;0;2;-25,42668717;-50,06984711;SPRF-PR;DEL08-PR;UOP02-DEL08-PR;;;
655748;17/01/2025;sexta-feira;19:00:00;RS;285;91,8;MONTE ALEGRE DOS CAMPOS;Avarias e/ou desgaste excessivo no pneu;Sa�da de leito carro��vel;Com V�timas Feridas;Plena Noite;Crescente;C�u Claro;Simples;Reta;N�o;1;0;1;0;0;0;1;1;-28,611689;-50,698742;SPRF-RS;DEL05-RS;UOP03-DEL05-RS;;;
655749;18/01/2025;s�bado;00:20:00;RS;285;197;LAGOA VERMELHA;Ingest�o de �lcool pelo condutor;Sa�da de leito carro��vel;Com V�timas Feridas;Plena Noite;Crescente;C�u Claro;Simples;Reta;Sim;1;0;1;0;0;0;1;1;-28,218493;-51,509666;SPRF-RS;DEL08-RS;UOP05-DEL08-RS;;;
655750;17/01/2025;sexta-feira;23:00:00;MG;356;279,4;EUGENOPOLIS;Condutor usando celular;Sa�da de leito carro��vel;Com V�timas Feridas;Plena Noite;Decrescente;Nublado;Simples;"Curva;Declive";N�o;1;0;1;0;0;0;1;1;-21,12514202;-42,254502;SPRF-MG;DEL07-MG;UOP02-DEL07-MG;;;
655751;18/01/2025;s�bado;00:10:00;PR;369;160,1;CAMBE;Ingest�o de �lcool pelo condutor;Colis�o traseira;Com V�timas Feridas;Pleno dia;Crescente;Chuva;Dupla;"Aclive;Curva";Sim;5;0;1;0;4;0;1;2;-23,2815743;-51,25538282;SPRF-PR;DEL07-PR;UOP01-DEL07-PR;;;
655752;17/01/2025;sexta-feira;22:00:00;MT;364;399;CUIABA;Acesso irregular;Colis�o transversal;Com V�timas Fatais;Plena Noite;Crescente;C�u Claro;Dupla;Reta;Sim;3;1;0;0;1;1;0;3;-15,68642489;-55,91347495;SPRF-MT;DEL01-MT;UOP02-DEL01-MT;;;
655754;18/01/2025;s�bado;00:28:00;PE;101;70,8;RECIFE;Pedestre cruzava a pista fora da faixa;Atropelamento de Pedestre;Com V�timas Feridas;Plena Noite;Crescente;C�u Claro;Dupla;Reta;N�o;2;0;1;1;0;0;2;2;-8,06776119;-34,94265074;SPRF-PE;DEL01-PE;UOP01-DEL01-PE;;;
655756;18/01/2025;s�bado;01:05:00;PR;376;172,8;MARINGA;Velocidade Incompat�vel;Colis�o com objeto;Sem V�timas;Plena Noite;Decrescente;Nublado;Dupla;"Desvio Tempor�rio;Em Obras;Reta";Sim;2;0;0;0;0;2;0;2;-23,4172197;-51,9589231;SPRF-PR;DEL09-PR;UOP01-DEL09-PR;;;
655759;18/01/2025;s�bado;02:15:00;MG;381;939;EXTREMA;Velocidade Incompat�vel;Colis�o com objeto;Sem V�timas;Plena Noite;Crescente;Chuva;Dupla;Curva;N�o;2;0;0;0;2;0;0;1;-22,81752232;-46,29466936;SPRF-MG;DEL16-MG;UOP03-DEL16-MG;;;
655760;18/01/2025;s�bado;01:49:00;GO;153;505;APARECIDA DE GOIANIA;Trafegar com motocicleta (ou similar) entre as faixas;Colis�o lateral mesmo sentido;Com V�timas Feridas;Plena Noite;Crescente;Nublado;Dupla;Reta;Sim;2;0;0;1;1;0;1;2;-16,7537;-49,2411;SPRF-GO;DEL01-GO;UOP01-DEL01-GO;;;
655761;18/01/2025;s�bado;02:00:00;RS;392;687,7;ROQUE GONZALES;Aus�ncia de rea��o do condutor;Sa�da de leito carro��vel;Com V�timas Feridas;Plena Noite;Crescente;C�u Claro;Simples;Reta;N�o;3;0;3;0;0;0;3;1;-28,10773448;-54,99793599;SPRF-RS;DEL10-RS;UOP01-DEL10-RS;;;
655764;17/01/2025;sexta-feira;20:51:00;MA;230;131;PASTOS BONS;Aus�ncia de rea��o do condutor;Sa�da de leito carro��vel;Com V�timas Fatais;Plena Noite;Crescente;C�u Claro;Simples;"Curva;Declive";N�o;3;1;0;1;0;1;1;2;-6,58135488;-43,99116199;SPRF-MA;DEL05-MA;UOP01-DEL05-MA;;;
655765;18/01/2025;s�bado;03:30:00;PR;369;192;ARAPONGAS;Ingest�o de �lcool pelo condutor;Sa�da de leito carro��vel;Com V�timas Feridas;Plena Noite;Decrescente;Chuva;Dupla;Reta;N�o;1;0;1;0;0;0;1;1;-23,451288;-51,423193;SPRF-PR;DEL07-PR;UOP03-DEL07-PR;;;
655767;18/01/2025;s�bado;02:20:00;RJ;116;130;MAGE;Ingest�o de �lcool pelo condutor;Colis�o lateral mesmo sentido;Sem V�timas;Plena Noite;Decrescente;C�u Claro;Dupla;Reta;N�o;4;0;0;0;4;0;0;2;-22,66471224;-43,11056004;SPRF-RJ;DEL04-RJ;UOP02-DEL04-RJ;;;
655768;18/01/2025;s�bado;03:30:00;PR;163;197;CASCAVEL;Aus�ncia de rea��o do condutor;Sa�da de leito carro��vel;Com V�timas Feridas;Plena Noite;Crescente;C�u Claro;Dupla;Interse��o de Vias;N�o;1;0;1;0;0;0;1;1;-25,0266387;-53,54866549;SPRF-PR;DEL05-PR;UOP05-DEL05-PR;;;
655770;18/01/2025;s�bado;04:15:00;RJ;101;318;SAO GONCALO;Demais falhas mec�nicas ou el�tricas;Queda de ocupante de ve�culo;Com V�timas Feridas;Plena Noite;Crescente;C�u Claro;Dupla;Reta;Sim;1;0;1;0;0;0;1;1;-22,84562994;-43,09841211;SPRF-RJ;DEL02-RJ;UOP02-DEL02-RJ;;;
655772;18/01/2025;s�bado;05:05:00;PE;232;24,5;MORENO;Acessar a via sem observar a presen�a dos outros ve�culos;Colis�o traseira;Com V�timas Feridas;Amanhecer;Decrescente;C�u Claro;Dupla;Reta;N�o;3;0;0;2;1;0;2;2;-8,10482918;-35,10351264;SPRF-PE;DEL01-PE;UOP01-DEL01-PE;;;
655773;18/01/2025;s�bado;05:10:00;BA;324;621;SALVADOR;Aus�ncia de rea��o do condutor;Colis�o traseira;Com V�timas Feridas;Amanhecer;Decrescente;C�u Claro;M�ltipla;Reta;Sim;3;0;2;0;1;0;2;2;-12,932743;-38,471325;SPRF-BA;DEL01-BA;UOP01-DEL01-BA;;;
655774;18/01/2025;s�bado;05:20:00;GO;60;90;ANAPOLIS;Rea��o tardia ou ineficiente do condutor;Sa�da de leito carro��vel;Com V�timas Feridas;Plena Noite;Decrescente;Nevoeiro/Neblina;Dupla;Reta;Sim;1;0;0;1;0;0;1;1;-16,3427;-48,9019;SPRF-GO;DEL02-GO;UOP01-DEL02-GO;;;
655775;18/01/2025;s�bado;05:20:00;SC;101;203;SAO JOSE;Velocidade Incompat�vel;Capotamento;Com V�timas Feridas;Amanhecer;Crescente;C�u Claro;Dupla;Reta;Sim;2;0;1;1;0;0;2;1;-27,5650044;-48,61460082;SPRF-SC;DEL01-SC;UOP01-DEL01-SC;;;
655777;18/01/2025;s�bado;02:00:00;PB;230;512;CAJAZEIRAS;Animais na Pista;Atropelamento de Animal;Com V�timas Feridas;Plena Noite;Crescente;Nublado;Simples;Reta;N�o;1;0;0;1;0;0;1;1;-6,8878;-38,605;SPRF-PB;DEL03-PB;UOP03-DEL03-PB;;;
655779;18/01/2025;s�bado;05:00:00;SP;116;156;SAO JOSE DOS CAMPOS;Aus�ncia de rea��o do condutor;Colis�o traseira;Sem V�timas;Amanhecer;Decrescente;C�u Claro;M�ltipla;Reta;Sim;2;0;0;0;2;0;0;2;-23,25044084;-45,93572909;SPRF-SP;DEL02-SP;UOP01-DEL02-SP;;;
655782;18/01/2025;s�bado;05:30:00;PR;369;179;ARAPONGAS;Aus�ncia de rea��o do condutor;Sa�da de leito carro��vel;Com V�timas Fatais;Amanhecer;Decrescente;Nublado;Dupla;"Desvio Tempor�rio;Reta";N�o;1;1;0;0;0;0;0;1;-23,360223;-51,398182;SPRF-PR;DEL07-PR;UOP03-DEL07-PR;;;
655783;18/01/2025;s�bado;06:30:00;SC;282;3,6;FLORIANOPOLIS;Manobra de mudan�a de faixa;Colis�o lateral mesmo sentido;Com V�timas Feridas;Pleno dia;Decrescente;C�u Claro;M�ltipla;Reta;Sim;2;0;1;0;1;0;1;2;-27,600384;-48,599705;SPRF-SC;DEL01-SC;UOP01-DEL01-SC;;;
655784;17/01/2025;sexta-feira;22:40:00;RJ;101;236,7;SILVA JARDIM;Aus�ncia de rea��o do condutor;Colis�o com objeto;Com V�timas Feridas;Plena Noite;Crescente;C�u Claro;Simples;"Viaduto;Curva;Retorno Regulamentado";N�o;3;0;2;0;1;0;2;1;-22,61013794;-42,40427401;SPRF-RJ;DEL02-RJ;UOP03-DEL02-RJ;;;
655787;18/01/2025;s�bado;06:00:00;RS;392;71,5;PELOTAS;Aus�ncia de rea��o do condutor;Sa�da de leito carro��vel;Sem V�timas;Amanhecer;Crescente;Nublado;Simples;Reta;Sim;1;0;0;0;0;1;0;1;-31,72790198;-52,38685478;SPRF-RS;DEL07-RS;UOP01-DEL07-RS;;;
655790;17/01/2025;sexta-feira;03:00:00;AM;0;0;MANAUS;Manobra de mudan�a de faixa;Colis�o lateral mesmo sentido;Sem V�timas;Plena Noite;N�o Informado;C�u Claro;M�ltipla;Reta;Sim;2;0;0;0;2;0;0;2;-3,133801;-59,979615;SPRF-AM;DEL01-AM;UOP03-DEL01-AM;;;
655791;18/01/2025;s�bado;07:45:00;SC;101;195,2;BIGUACU;Transitar na contram�o;Colis�o frontal;Com V�timas Feridas;Pleno dia;Crescente;C�u Claro;Simples;"Reta;Interse��o de Vias";Sim;2;0;1;0;1;0;1;2;-27,5047092;-48,65010819;SPRF-SC;DEL01-SC;UOP01-DEL01-SC;;;
655792;18/01/2025;s�bado;08:00:00;SC;280;122,4;SAO BENTO DO SUL;Acessar a via sem observar a presen�a dos outros ve�culos;Colis�o transversal;Com V�timas Feridas;Pleno dia;Crescente;C�u Claro;Simples;"Declive;Interse��o de Vias;Rotat�ria";N�o;2;0;1;0;1;0;1;2;-26,24540725;-49,46037412;SPRF-SC;DEL06-SC;UOP03-DEL06-SC;;;
655793;14/01/2025;ter�a-feira;22:55:00;PR;277;586;CASCAVEL;Aus�ncia de rea��o do condutor;Colis�o com objeto;Com V�timas Feridas;Plena Noite;Decrescente;Chuva;Simples;Curva;Sim;1;0;1;0;0;0;1;1;-24,9649472;-53,4210459;SPRF-PR;DEL04-PR;UOP01-DEL04-PR;;;
655794;18/01/2025;s�bado;07:00:00;ES;101;148;LINHARES;Aus�ncia de rea��o do condutor;Engavetamento;Com V�timas Feridas;Pleno dia;Crescente;C�u Claro;Dupla;Reta;Sim;3;0;1;0;2;0;1;3;-19,38787399;-40,06752766;SPRF-ES;DEL04-ES;UOP01-DEL04-ES;;;
655795;18/01/2025;s�bado;07:55:00;RS;470;209;BENTO GONCALVES;Acessar a via sem observar a presen�a dos outros ve�culos;Colis�o transversal;Com V�timas Feridas;Pleno dia;Decrescente;C�u Claro;Simples;Curva;Sim;2;0;1;0;1;0;1;2;-29,10894598;-51,54542236;SPRF-RS;DEL06-RS;UOP01-DEL06-RS;;;
655797;18/01/2025;s�bado;06:40:00;MG;50;21;UBERLANDIA;Acessar a via sem observar a presen�a dos outros ve�culos;Colis�o transversal;Com V�timas Feridas;Pleno dia;Crescente;C�u Claro;Simples;Declive;N�o;2;0;0;1;1;0;1;2;-18,9113;-48,2622;SPRF-MG;DEL15-MG;UOP01-DEL15-MG;;;
655798;18/01/2025;s�bado;08:40:00;SP;381;44;ATIBAIA;Velocidade Incompat�vel;Capotamento;Com V�timas Feridas;Pleno dia;Decrescente;C�u Claro;Simples;"Declive;Reta";Sim;2;0;2;0;0;0;2;1;-23,16458615;-46,57418959;SPRF-SP;DEL03-SP;UOP01-DEL03-SP;;;
655800;18/01/2025;s�bado;04:50:00;MA;135;156,7;MATOES DO NORTE;Condutor Dormindo;Sa�da de leito carro��vel;Com V�timas Feridas;Plena Noite;Crescente;Ignorado;Simples;Reta;N�o;2;0;1;0;1;0;1;1;-3,81361914;-44,51476862;SPRF-MA;DEL03-MA;UOP01-DEL03-MA;;;
655801;18/01/2025;s�bado;08:45:00;SC;101;126,3;ITAJAI;Avarias e/ou desgaste excessivo no pneu;Capotamento;Com V�timas Feridas;Pleno dia;Crescente;C�u Claro;Dupla;Curva;Sim;4;0;0;1;3;0;1;1;-26,95564404;-48,67978366;SPRF-SC;DEL04-SC;UOP04-DEL04-SC;;;
655803;18/01/2025;s�bado;07:30:00;PR;116;38;CAMPINA GRANDE DO SUL;Aus�ncia de rea��o do condutor;Sa�da de leito carro��vel;Com V�timas Feridas;Pleno dia;Decrescente;Chuva;Dupla;Curva;N�o;5;0;3;0;2;0;3;1;-25,14802509;-48,85922071;SPRF-PR;DEL01-PR;UOP02-DEL01-PR;;;
655805;18/01/2025;s�bado;09:50:00;SP;488;2;APARECIDA;Rea��o tardia ou ineficiente do condutor;Colis�o traseira;Com V�timas Feridas;Pleno dia;Crescente;C�u Claro;Dupla;Reta;Sim;3;0;1;0;1;1;1;3;-22,849216;-45,236801;SPRF-SP;DEL08-SP;UOP01-DEL08-SP;;;
655806;18/01/2025;s�bado;03:45:00;MG;365;651;UBERLANDIA;Condutor Dormindo;Sa�da de leito carro��vel;Com V�timas Feridas;Plena Noite;Decrescente;C�u Claro;Dupla;"Reta;Declive";N�o;3;0;2;0;1;0;2;1;-18,86755464;-48,56819793;SPRF-MG;DEL15-MG;UOP01-DEL15-MG;;;
655807;18/01/2025;s�bado;09:00:00;SC;280;92;CORUPA;Demais falhas mec�nicas ou el�tricas;Inc�ndio;Sem V�timas;Pleno dia;Crescente;C�u Claro;Simples;Curva;N�o;4;0;0;0;4;0;0;1;-26,39448258;-49,2950379;SPRF-SC;DEL06-SC;UOP03-DEL06-SC;;;
655808;18/01/2025;s�bado;10:00:00;SC;470;54,5;BLUMENAU;Falta de elemento de conten��o que evite a sa�da do leito carro��vel;Sa�da de leito carro��vel;Sem V�timas;Pleno dia;Crescente;C�u Claro;Dupla;"Declive;Curva;Interse��o de Vias";Sim;1;0;0;0;0;1;0;1;-26,87300156;-49,11417067;SPRF-SC;DEL04-SC;UOP01-DEL04-SC;;;
655809;18/01/2025;s�bado;09:50:00;SP;116;145,1;SAO JOSE DOS CAMPOS;Rea��o tardia ou ineficiente do condutor;Colis�o traseira;Com V�timas Feridas;Pleno dia;Decrescente;Sol;M�ltipla;Reta;Sim;3;0;1;0;2;0;1;2;-23,1869844;-45,8548078;SPRF-SP;DEL02-SP;UOP01-DEL02-SP;;;
655810;18/01/2025;s�bado;06:45:00;RJ;101;479;ANGRA DOS REIS;Velocidade Incompat�vel;Queda de ocupante de ve�culo;Com V�timas Feridas;Pleno dia;Decrescente;C�u Claro;Simples;Curva;Sim;1;0;0;1;0;0;1;1;-23,00854164;-44,27562028;SPRF-RJ;DEL03-RJ;UOP03-DEL03-RJ;;;
655812;18/01/2025;s�bado;10:07:00;PE;316;33;ARARIPINA;Rea��o tardia ou ineficiente do condutor;Colis�o traseira;Com V�timas Feridas;Pleno dia;Crescente;C�u Claro;Simples;Reta;N�o;3;0;2;0;1;0;2;2;-7,63100969;-40,44882886;SPRF-PE;DEL05-PE;UOP02-DEL05-PE;;;
655813;18/01/2025;s�bado;10:00:00;SP;116;112,5;TAUBATE;Manobra de mudan�a de faixa;Colis�o traseira;Com V�timas Feridas;Pleno dia;Decrescente;Sol;Dupla;Reta;N�o;3;0;2;0;1;0;2;2;-23,04159343;-45,57065616;SPRF-SP;DEL02-SP;UOP02-DEL02-SP;;;
655814;18/01/2025;s�bado;10:35:00;SP;101;47;UBATUBA;Convers�o proibida;Colis�o transversal;Com V�timas Feridas;Pleno dia;Decrescente;C�u Claro;Simples;Reta;Sim;5;0;2;0;3;0;2;2;-23,429897;-45,082436;SPRF-SP;DEL06-SP;UOP01-DEL06-SP;;;
655816;18/01/2025;s�bado;09:40:00;RJ;101;298;ITABORAI;Rea��o tardia ou ineficiente do condutor;Colis�o traseira;Com V�timas Feridas;Pleno dia;Crescente;C�u Claro;Dupla;Reta;Sim;2;0;1;0;1;0;1;2;-22,7714;-42,92896;SPRF-RJ;DEL02-RJ;UOP02-DEL02-RJ;;;
655817;18/01/2025;s�bado;11:10:00;SP;116;31,7;CRUZEIRO;Manobra de mudan�a de faixa;Colis�o lateral mesmo sentido;Com V�timas Feridas;Pleno dia;Crescente;C�u Claro;Dupla;"Reta;Aclive";N�o;3;0;0;2;0;1;2;2;-22,63966194;-44,93868903;SPRF-SP;DEL08-SP;UOP02-DEL08-SP;;;
655818;18/01/2025;s�bado;11:08:00;DF;70;7;BRASILIA;Acessar a via sem observar a presen�a dos outros ve�culos;Colis�o transversal;Com V�timas Feridas;Pleno dia;Decrescente;C�u Claro;Dupla;"Aclive;Interse��o de Vias;Reta";Sim;3;0;0;1;2;0;1;2;-15,787601;-48,114429;SPRF-DF;DEL03-DF;UOP02-DEL03-DF;;;
655819;18/01/2025;s�bado;10:30:00;RS;386;392;TRIUNFO;Velocidade Incompat�vel;Tombamento;Sem V�timas;Pleno dia;Decrescente;Sol;Simples;"Reta;Em Obras";N�o;2;0;0;0;2;0;0;1;-29,704739;-51,654911;SPRF-RS;DEL04-RS;UOP02-DEL04-RS;;;
655821;18/01/2025;s�bado;10:00:00;RJ;101;302;SAO GONCALO;Trafegar com motocicleta (ou similar) entre as faixas;Colis�o lateral mesmo sentido;Com V�timas Feridas;Pleno dia;Decrescente;C�u Claro;Dupla;Reta;Sim;2;0;1;0;1;0;1;2;-22,78069318;-42,96706396;SPRF-RJ;DEL02-RJ;UOP02-DEL02-RJ;;;
655822;18/01/2025;s�bado;09:20:00;MS;163;289,8;DOURADINA;Transitar no Acostamento;Colis�o traseira;Com V�timas Feridas;Pleno dia;Decrescente;C�u Claro;Simples;Reta;Sim;2;0;1;0;0;1;1;2;-22,0750759;-54,56541842;SPRF-MS;DEL04-MS;UOP01-DEL04-MS;;;
655823;18/01/2025;s�bado;11:00:00;ES;101;156,9;LINHARES;Acessar a via sem observar a presen�a dos outros ve�culos;Colis�o transversal;Com V�timas Feridas;Pleno dia;Crescente;C�u Claro;Simples;Rotat�ria;Sim;3;0;0;2;1;0;2;2;-19,44596035;-40,09435048;SPRF-ES;DEL04-ES;UOP01-DEL04-ES;;;
655824;18/01/2025;s�bado;11:48:00;RN;406;168,8;SAO GONCALO DO AMARANTE;Acessar a via sem observar a presen�a dos outros ve�culos;Colis�o traseira;Com V�timas Feridas;Pleno dia;Decrescente;Sol;Dupla;Reta;Sim;2;0;1;0;1;0;1;2;-5,754778;-35,309058;SPRF-RN;DEL02-RN;UOP01-DEL02-RN;;;
655825;18/01/2025;s�bado;11:30:00;MG;381;869,2;POUSO ALEGRE;Desrespeitar a prefer�ncia no cruzamento;Colis�o transversal;Com V�timas Feridas;Pleno dia;Crescente;Sol;Simples;"Declive;Viaduto;Interse��o de Vias";N�o;3;0;2;0;1;0;2;2;-22,42671983;-45,97163217;SPRF-MG;DEL16-MG;UOP01-DEL16-MG;;;
655828;18/01/2025;s�bado;09:00:00;BA;101;379;IBIRAPITANGA;Ultrapassagem Indevida;Sa�da de leito carro��vel;Com V�timas Fatais;Pleno dia;Decrescente;C�u Claro;Simples;Reta;N�o;3;1;1;0;1;0;1;2;-13,98208099;-39,47893602;SPRF-BA;DEL05-BA;UOP03-DEL05-BA;;;
655829;18/01/2025;s�bado;12:30:00;AL;104;30,7;UNIAO DOS PALMARES;Acessar a via sem observar a presen�a dos outros ve�culos;Colis�o transversal;Com V�timas Feridas;Pleno dia;Decrescente;Sol;Simples;"Reta;Interse��o de Vias";N�o;2;0;1;1;0;0;2;2;-9,13108003;-36,02846146;SPRF-AL;DEL01-AL;UOP02-DEL01-AL;;;
655830;18/01/2025;s�bado;11:55:00;PE;101;70;RECIFE;Estacionar ou parar em local proibido;Colis�o lateral mesmo sentido;Com V�timas Feridas;Pleno dia;Decrescente;C�u Claro;Dupla;Reta;N�o;3;0;1;1;0;1;2;2;-8,06776119;-34,94265074;SPRF-PE;DEL01-PE;UOP01-DEL01-PE;;;
655834;18/01/2025;s�bado;11:50:00;MG;116;787,5;LEOPOLDINA;Acesso irregular;Colis�o transversal;Com V�timas Feridas;Pleno dia;Decrescente;C�u Claro;Simples;Curva;N�o;3;0;0;2;1;0;2;2;-21,65553512;-42,71805691;SPRF-MG;DEL07-MG;UOP01-DEL07-MG;;;
655835;18/01/2025;s�bado;13:05:00;RN;101;75;EXTREMOZ;Demais falhas mec�nicas ou el�tricas;Colis�o frontal;Com V�timas Feridas;Pleno dia;Crescente;C�u Claro;Dupla;Rotat�ria;Sim;2;0;1;0;1;0;1;2;-5,721906;-35,27672;SPRF-RN;DEL02-RN;UOP01-DEL02-RN;;;
655837;18/01/2025;s�bado;13:30:00;RN;101;163;CANGUARETAMA;Acessar a via sem observar a presen�a dos outros ve�culos;Colis�o transversal;Com V�timas Feridas;Pleno dia;Crescente;Sol;Dupla;"Retorno Regulamentado;Reta";N�o;7;0;4;0;3;0;4;2;-6,393516;-35,13976;SPRF-RN;DEL01-RN;UOP01-DEL01-RN;;;
655838;18/01/2025;s�bado;14:10:00;BA;324;513,5;FEIRA DE SANTANA;Ultrapassagem Indevida;Atropelamento de Pedestre;Com V�timas Feridas;Pleno dia;Crescente;Sol;Simples;Reta;Sim;3;0;2;1;0;0;3;2;-12,23098007;-38,96101401;SPRF-BA;DEL02-BA;UOP01-DEL02-BA;;;
655839;18/01/2025;s�bado;08:15:00;SC;101;450;SAO JOAO DO SUL;Pista Escorregadia;Tombamento;Com V�timas Feridas;Pleno dia;Crescente;Nublado;Dupla;Reta;N�o;1;0;0;1;0;0;1;1;-29,17229091;-49,74904711;SPRF-SC;DEL02-SC;UOP02-DEL02-SC;;;
655840;18/01/2025;s�bado;12:15:00;MG;50;173,5;UBERABA;Aus�ncia de rea��o do condutor;Capotamento;Com V�timas Feridas;Pleno dia;Decrescente;C�u Claro;Dupla;Reta;Sim;2;0;2;0;0;0;2;1;-19,7624352;-47,97701547;SPRF-MG;DEL13-MG;UOP01-DEL13-MG;;;
655841;18/01/2025;s�bado;11:00:00;RJ;101;308;SAO GONCALO;Rea��o tardia ou ineficiente do condutor;Queda de ocupante de ve�culo;Com V�timas Feridas;Pleno dia;Decrescente;C�u Claro;Dupla;Reta;Sim;2;0;2;0;0;0;2;1;-22,79309326;-43,02479595;SPRF-RJ;DEL02-RJ;UOP02-DEL02-RJ;;;
655842;01/01/2025;quarta-feira;02:10:00;PR;376;177,5;MARINGA;Manobra de mudan�a de faixa;Colis�o lateral mesmo sentido;Com V�timas Feridas;Plena Noite;Decrescente;C�u Claro;Dupla;Interse��o de Vias;Sim;3;0;1;0;0;2;1;3;-23,41595855;-51,92226484;SPRF-PR;DEL09-PR;UOP01-DEL09-PR;;;
655843;18/01/2025;s�bado;14:00:00;RN;101;109;PARNAMIRIM;Acessar a via sem observar a presen�a dos outros ve�culos;Colis�o transversal;Com V�timas Feridas;Pleno dia;Decrescente;C�u Claro;M�ltipla;Retorno Regulamentado;Sim;2;0;0;1;1;0;1;2;-5,937378;-35,26483;SPRF-RN;DEL01-RN;UOP01-DEL01-RN;;;
655844;18/01/2025;s�bado;13:38:00;PE;101;57;RECIFE;Aus�ncia de rea��o do condutor;Colis�o traseira;Com V�timas Feridas;Pleno dia;Decrescente;C�u Claro;Dupla;Reta;N�o;3;0;1;0;2;0;1;2;-7,96346213;-34,91513486;SPRF-PE;DEL01-PE;UOP02-DEL01-PE;;;
655847;18/01/2025;s�bado;14:50:00;RS;285;452,5;IJUI;Velocidade Incompat�vel;Tombamento;Com V�timas Feridas;Pleno dia;Crescente;Sol;Simples;Declive;N�o;1;0;1;0;0;0;1;1;-28,37433443;-53,86021614;SPRF-RS;DEL10-RS;UOP01-DEL10-RS;;;
655848;18/01/2025;s�bado;15:10:00;MG;364;21;FRUTAL;Rea��o tardia ou ineficiente do condutor;Sa�da de leito carro��vel;Com V�timas Feridas;Pleno dia;Crescente;Nublado;Simples;"Reta;Aclive";N�o;1;0;1;0;0;0;1;1;-20,047768;-48,841195;SPRF-MG;DEL13-MG;UOP02-DEL13-MG;;;
655849;18/01/2025;s�bado;15:15:00;DF;20;16,6;BRASILIA;Velocidade Incompat�vel;Colis�o lateral mesmo sentido;Com V�timas Fatais;Pleno dia;Crescente;C�u Claro;Dupla;"Declive;Retorno Regulamentado;Reta";N�o;2;1;0;1;0;0;1;2;-15,625675;-47,725159;SPRF-DF;DEL02-DF;UOP01-DEL02-DF;;;
655852;18/01/2025;s�bado;15:40:00;ES;101;329,3;GUARAPARI;Condutor deixou de manter dist�ncia do ve�culo da frente;Colis�o traseira;Com V�timas Feridas;Pleno dia;Crescente;C�u Claro;Dupla;Reta;N�o;6;0;0;1;5;0;1;2;-20,58543019;-40,49702183;SPRF-ES;DEL03-ES;UOP01-DEL03-ES;;;
655853;18/01/2025;s�bado;15:40:00;PR;376;618;SAO JOSE DOS PINHAIS;Rea��o tardia ou ineficiente do condutor;Sa�da de leito carro��vel;Sem V�timas;Pleno dia;Crescente;Chuva;Dupla;"Reta;Declive";Sim;1;0;0;0;1;0;0;1;-25,59168398;-49,17197705;SPRF-PR;DEL01-PR;UOP04-DEL01-PR;;;