id;data_inversa;dia_semana;horario;uf;br;km;municipio;causa_acidente;tipo_acidente;classificacao_acidente;fase_dia;sentido_via;condicao_metereologica;tipo_pista;tracado_via;uso_solo;pessoas;mortos;feridos_leves;feridos_graves;ilesos;ignorados;feridos;veiculos;latitude;longitude;regional;delegacia;uop;;;
655854;18/01/2025;s�bado;11:10:00;AL;101;4;NOVO LINO;Demais falhas mec�nicas ou el�tricas;Colis�o com objeto;Com V�timas Feridas;Pleno dia;Crescente;C�u Claro;Dupla;Reta;N�o;3;0;3;0;0;0;3;1;-8,91120381;-35,63447367;SPRF-AL;DEL01-AL;UOP02-DEL01-AL;;;
655855;18/01/2025;s�bado;14:00:00;PR;376;407;TIBAGI;Velocidade Incompat�vel;Colis�o com objeto;Com V�timas Feridas;Pleno dia;Crescente;Chuva;Dupla;Curva;N�o;3;0;2;1;0;0;3;1;-24,6002;-50,665913;SPRF-PR;DEL03-PR;UOP02-DEL03-PR;;;
655856;18/01/2025;s�bado;14:55:00;BA;324;609;SIMOES FILHO;Avarias e/ou desgaste excessivo no pneu;Tombamento;Sem V�timas;Pleno dia;Crescente;C�u Claro;Simples;Reta;N�o;1;0;0;0;1;0;0;1;-12,82066;-38,40798;SPRF-BA;DEL01-BA;UOP01-DEL01-BA;;;
655857;18/01/2025;s�bado;15:00:00;RJ;116;277;BARRA MANSA;Ingest�o de �lcool pelo condutor;Colis�o com objeto;Com V�timas Feridas;Pleno dia;Decrescente;Sol;Dupla;Curva;Sim;1;0;1;0;0;0;1;1;-22,55905501;-44,17284006;SPRF-RJ;DEL07-RJ;UOP02-DEL07-RJ;;;
655859;18/01/2025;s�bado;16:20:00;MG;40;518;RIBEIRAO DAS NEVES;Aus�ncia de rea��o do condutor;Colis�o traseira;Com V�timas Feridas;Pleno dia;Decrescente;C�u Claro;Dupla;"Reta;Retorno Regulamentado";Sim;3;0;1;1;1;0;2;2;-19,8321242;-44,08208533;SPRF-MG;DEL01-MG;UOP02-DEL01-MG;;;
655861;18/01/2025;s�bado;16:45:00;SC;101;315;LAGUNA;Aus�ncia de rea��o do condutor;Colis�o transversal;Com V�timas Feridas;Pleno dia;Crescente;Chuva;M�ltipla;Curva;Sim;3;0;1;1;1;0;2;2;-28,44102234;-48,82276475;SPRF-SC;DEL02-SC;UOP01-DEL02-SC;;;
655863;18/01/2025;s�bado;16:25:00;MG;50;179;UBERABA;Rea��o tardia ou ineficiente do condutor;Colis�o com objeto;Sem V�timas;Pleno dia;Crescente;C�u Claro;Dupla;Reta;N�o;1;0;0;0;0;1;0;1;-19,77827047;-47,93140998;SPRF-MG;DEL13-MG;UOP01-DEL13-MG;;;
655864;18/01/2025;s�bado;14:43:00;MT;364;348,7;SANTO ANTONIO DO LEVERGER;Rea��o tardia ou ineficiente do condutor;Queda de ocupante de ve�culo;Com V�timas Feridas;Pleno dia;Decrescente;Garoa/Chuvisco;Dupla;Curva;N�o;1;0;1;0;0;0;1;1;-15,80416834;-55,55429598;SPRF-MT;DEL05-MT;UOP02-DEL05-MT;;;
655865;18/01/2025;s�bado;14:40:00;SC;101;3,7;ARARANGUA;Convers�o proibida;Colis�o transversal;Com V�timas Feridas;Pleno dia;Decrescente;Nublado;Simples;Rotat�ria;Sim;2;0;1;0;1;0;1;2;-28,94941481;-49,50706601;SPRF-SC;DEL02-SC;UOP02-DEL02-SC;;;
655866;18/01/2025;s�bado;16:30:00;RJ;101;421;MANGARATIBA;Convers�o proibida;Colis�o transversal;Com V�timas Feridas;Pleno dia;Crescente;Sol;Simples;Curva;Sim;3;0;2;0;1;0;2;2;-22,91666975;-43,93080593;SPRF-RJ;DEL03-RJ;UOP02-DEL03-RJ;;;
655867;18/01/2025;s�bado;16:30:00;PE;408;82,1;PAUDALHO;Aus�ncia de rea��o do condutor;Colis�o com objeto;Sem V�timas;Pleno dia;Decrescente;C�u Claro;M�ltipla;Reta;Sim;3;0;0;0;1;2;0;2;-7,942052;-35,122295;SPRF-PE;DEL01-PE;UOP01-DEL01-PE;;;
655868;18/01/2025;s�bado;17:20:00;RN;101;102;PARNAMIRIM;Demais falhas mec�nicas ou el�tricas;Queda de ocupante de ve�culo;Com V�timas Feridas;Anoitecer;Crescente;C�u Claro;Dupla;Reta;Sim;2;0;2;0;0;0;2;1;-5,88858217;-35,24018997;SPRF-RN;DEL01-RN;UOP01-DEL01-RN;;;
655869;18/01/2025;s�bado;16:50:00;SC;101;276,6;IMBITUBA;Transitar na contram�o;Colis�o transversal;Sem V�timas;Pleno dia;Decrescente;C�u Claro;Simples;Interse��o de Vias;Sim;2;0;0;0;2;0;0;2;-28,14644701;-48,69204746;SPRF-SC;DEL02-SC;UOP03-DEL02-SC;;;
655870;18/01/2025;s�bado;10:30:00;SC;280;214;TRES BARRAS;Ingest�o de �lcool pelo condutor;Tombamento;Com V�timas Feridas;Pleno dia;Decrescente;C�u Claro;Simples;Curva;N�o;1;0;1;0;0;0;1;1;-26,18318414;-50,20686497;SPRF-SC;DEL06-SC;UOP04-DEL06-SC;;;
655871;18/01/2025;s�bado;16:50:00;RS;290;93;PORTO ALEGRE;Avarias e/ou desgaste excessivo no pneu;Tombamento;Com V�timas Feridas;Pleno dia;Decrescente;Nublado;M�ltipla;Reta;N�o;2;0;2;0;0;0;2;1;-29,97104916;-51,19032919;SPRF-RS;DEL01-RS;UOP01-DEL01-RS;;;
655873;18/01/2025;s�bado;17:20:00;PR;116;120;CURITIBA;Rea��o tardia ou ineficiente do condutor;Sa�da de leito carro��vel;Sem V�timas;Pleno dia;Crescente;Chuva;Simples;"Declive;Reta";N�o;2;0;0;0;2;0;0;1;-25,589377;-49,315185;SPRF-PR;DEL01-PR;UOP03-DEL01-PR;;;
655874;18/01/2025;s�bado;17:25:00;RS;290;125;ELDORADO DO SUL;Acostamento em desn�vel;Tombamento;Com V�timas Feridas;Pleno dia;Crescente;C�u Claro;Simples;Reta;N�o;1;0;1;0;0;0;1;1;-30,055038;-51,458992;SPRF-RS;DEL02-RS;UOP01-DEL02-RS;;;
655876;18/01/2025;s�bado;17:45:00;PR;376;530;PONTA GROSSA;Rea��o tardia ou ineficiente do condutor;Colis�o traseira;Com V�timas Feridas;Pleno dia;Decrescente;Chuva;Dupla;"Aclive;Reta";N�o;2;0;1;0;1;0;1;2;-25,292769;-49,89840478;SPRF-PR;DEL03-PR;UOP04-DEL03-PR;;;
655878;18/01/2025;s�bado;16:00:00;SC;280;229;CANOINHAS;Demais Fen�menos da natureza;Sa�da de leito carro��vel;Sem V�timas;Pleno dia;Crescente;Chuva;Simples;Reta;N�o;1;0;0;0;0;1;0;1;-26,18601731;-50,35213894;SPRF-SC;DEL06-SC;UOP04-DEL06-SC;;;
655880;18/01/2025;s�bado;17:00:00;AL;101;136,8;SAO MIGUEL DOS CAMPOS;Ingest�o de �lcool pelo condutor;Queda de ocupante de ve�culo;Com V�timas Feridas;Pleno dia;Decrescente;C�u Claro;Dupla;"Reta;Declive";N�o;2;0;1;0;0;1;1;2;-9,79561892;-36,10861314;SPRF-AL;DEL02-AL;UOP01-DEL02-AL;;;
655881;18/01/2025;s�bado;16:20:00;DF;70;0,6;BRASILIA;Acessar a via sem observar a presen�a dos outros ve�culos;Colis�o transversal;Com V�timas Fatais;Pleno dia;Crescente;C�u Claro;Dupla;Reta;Sim;2;1;0;0;1;0;0;2;-15,792352;-48,054509;SPRF-DF;DEL03-DF;UOP02-DEL03-DF;;;
655883;18/01/2025;s�bado;17:06:00;RS;116;122;SAO MARCOS;Restri��o de visibilidade em curvas horizontais;Colis�o transversal;Com V�timas Feridas;Pleno dia;Decrescente;C�u Claro;Simples;Curva;N�o;3;0;3;0;0;0;3;2;-29,01040633;-51,07327877;SPRF-RS;DEL05-RS;UOP01-DEL05-RS;;;
655885;18/01/2025;s�bado;18:00:00;MG;40;525;CONTAGEM;Condutor deixou de manter dist�ncia do ve�culo da frente;Colis�o traseira;Com V�timas Feridas;Anoitecer;Crescente;C�u Claro;Dupla;Reta;Sim;2;0;1;0;1;0;1;2;-19,88361702;-44,05039336;SPRF-MG;DEL01-MG;UOP02-DEL01-MG;;;
655886;18/01/2025;s�bado;18:45:00;RS;386;366,1;FAZENDA VILANOVA;Ingest�o de �lcool pelo condutor;Colis�o frontal;Com V�timas Feridas;Pleno dia;Crescente;C�u Claro;Dupla;Curva;N�o;8;0;1;7;0;0;8;2;-29,572111;-51,855782;SPRF-RS;DEL04-RS;UOP01-DEL04-RS;;;
655887;18/01/2025;s�bado;19:30:00;MG;50;65;UBERLANDIA;Velocidade Incompat�vel;Queda de ocupante de ve�culo;Com V�timas Feridas;Plena Noite;Decrescente;Nublado;Dupla;Reta;N�o;1;0;1;0;0;0;1;1;-18,85140204;-48,25345932;SPRF-MG;DEL15-MG;UOP02-DEL15-MG;;;
655888;18/01/2025;s�bado;19:20:00;PB;230;10;CABEDELO;Ingest�o de �lcool pelo condutor;Colis�o com objeto;Com V�timas Feridas;Plena Noite;Decrescente;C�u Claro;Dupla;"Reta;Em Obras";Sim;1;0;1;0;0;0;1;1;-7,0514;-34,8499;SPRF-PB;DEL01-PB;UOP01-DEL01-PB;;;
655889;18/01/2025;s�bado;19:30:00;SP;101;30;UBATUBA;Manobra de mudan�a de faixa;Colis�o transversal;Com V�timas Feridas;Plena Noite;Decrescente;Nublado;Simples;Reta;N�o;2;0;1;0;1;0;1;2;-23,38005901;-44,96809802;SPRF-SP;DEL06-SP;UOP01-DEL06-SP;;;
655890;18/01/2025;s�bado;18:00:00;RJ;40;114;DUQUE DE CAXIAS;Aus�ncia de rea��o do condutor;Colis�o traseira;Com V�timas Feridas;Anoitecer;Crescente;C�u Claro;M�ltipla;Reta;N�o;4;0;1;1;1;1;2;2;-22,71853604;-43,28993324;SPRF-RJ;DEL01-RJ;UOP02-DEL01-RJ;;;
655891;18/01/2025;s�bado;12:15:00;MT;70;76;GENERAL CARNEIRO;Rea��o tardia ou ineficiente do condutor;Sa�da de leito carro��vel;Com V�timas Feridas;Pleno dia;Decrescente;C�u Claro;Simples;Reta;N�o;2;0;2;0;0;0;2;1;-15,67421693;-52,81408803;SPRF-MT;DEL07-MT;UOP01-DEL07-MT;;;
655892;18/01/2025;s�bado;19:40:00;PB;230;53,8;CRUZ DO ESPIRITO SANTO;Ingest�o de �lcool pelo condutor;Colis�o traseira;Com V�timas Fatais;Plena Noite;Decrescente;C�u Claro;Dupla;Reta;N�o;3;1;0;0;0;2;0;3;-7,20120408;-35,08949518;SPRF-PB;DEL01-PB;UOP02-DEL01-PB;;;
655894;18/01/2025;s�bado;15:50:00;MT;364;299,6;JACIARA;Rea��o tardia ou ineficiente do condutor;Atropelamento de Animal;Com V�timas Feridas;Pleno dia;Decrescente;Garoa/Chuvisco;Dupla;Reta;N�o;2;0;0;1;0;1;1;1;-15,84691555;-55,14590671;SPRF-MT;DEL05-MT;UOP02-DEL05-MT;;;
655895;18/01/2025;s�bado;19:10:00;GO;452;0,1;RIO VERDE;Ingest�o de �lcool pelo condutor;Colis�o traseira;Com V�timas Feridas;Plena Noite;Crescente;Nublado;Dupla;"Viaduto;Curva";Sim;4;0;1;0;3;0;1;2;-17,786345;-50,901516;SPRF-GO;DEL04-GO;UOP01-DEL04-GO;;;
655897;18/01/2025;s�bado;19:02:00;PR;116;28,1;CAMPINA GRANDE DO SUL;Chuva;Colis�o com objeto;Com V�timas Feridas;Plena Noite;Decrescente;Chuva;Dupla;"Ponte;Declive;Curva";Sim;3;0;3;0;0;0;3;1;-25,10670298;-48,80405799;SPRF-PR;DEL01-PR;UOP02-DEL01-PR;;;
655898;18/01/2025;s�bado;18:30:00;PA;230;120;MARABA;Aus�ncia de rea��o do condutor;Tombamento;Com V�timas Feridas;Plena Noite;Decrescente;Nublado;Dupla;Curva;Sim;1;0;1;0;0;0;1;1;-5,35038318;-49,11434;SPRF-PA;DEL03-PA;UOP01-DEL03-PA;;;
655899;18/01/2025;s�bado;19:40:00;PB;230;283,8;SANTA LUZIA;Demais falhas mec�nicas ou el�tricas;Inc�ndio;Sem V�timas;Plena Noite;Crescente;Garoa/Chuvisco;Simples;Reta;N�o;1;0;0;0;1;0;0;1;-6,9144;-36,8563;SPRF-PB;DEL03-PB;UOP01-DEL03-PB;;;
655900;18/01/2025;s�bado;16:30:00;BA;135;162;BARREIRAS;Acostamento em desn�vel;Capotamento;Com V�timas Feridas;Pleno dia;Crescente;C�u Claro;Simples;Reta;N�o;4;0;1;0;3;0;1;1;-12,02374608;-44,9534158;SPRF-BA;DEL10-BA;UOP01-DEL10-BA;;;
655901;18/01/2025;s�bado;19:50:00;SP;116;319,6;JUQUITIBA;Rea��o tardia ou ineficiente do condutor;Capotamento;Com V�timas Feridas;Plena Noite;Crescente;C�u Claro;Dupla;Curva;Sim;2;0;1;0;1;0;1;1;-23,93100968;-46,9996511;SPRF-SP;DEL04-SP;UOP03-DEL04-SP;;;
655902;18/01/2025;s�bado;19:15:00;PR;277;724;FOZ DO IGUACU;Frear bruscamente;Colis�o traseira;Com V�timas Feridas;Plena Noite;Crescente;C�u Claro;Dupla;Reta;Sim;2;0;1;0;1;0;1;2;-25,50257577;-54,53868311;SPRF-PR;DEL05-PR;UOP03-DEL05-PR;;;
655903;18/01/2025;s�bado;20:20:00;ES;101;144,7;LINHARES;Aus�ncia de rea��o do condutor;Engavetamento;Com V�timas Feridas;Plena Noite;Crescente;C�u Claro;Dupla;Reta;Sim;3;0;1;0;2;0;1;3;-19,35188295;-40,0636685;SPRF-ES;DEL04-ES;UOP01-DEL04-ES;;;
655904;18/01/2025;s�bado;19:40:00;CE;222;3;CAUCAIA;Pedestre cruzava a pista fora da faixa;Atropelamento de Pedestre;Com V�timas Feridas;Plena Noite;Crescente;C�u Claro;Dupla;"Declive;Reta";Sim;2;0;0;1;1;0;1;2;-3,7403769;-38,59569202;SPRF-CE;DEL01-CE;UOP01-DEL01-CE;;;
655905;18/01/2025;s�bado;20:15:00;MG;262;445,5;NOVA SERRANA;Velocidade Incompat�vel;Colis�o traseira;Com V�timas Feridas;Plena Noite;Decrescente;C�u Claro;Dupla;Reta;Sim;3;0;0;2;1;0;2;2;-19,86485326;-44,99540806;SPRF-MG;DEL08-MG;UOP03-DEL08-MG;;;
655906;18/01/2025;s�bado;19:10:00;GO;153;505;APARECIDA DE GOIANIA;Condutor deixou de manter dist�ncia do ve�culo da frente;Colis�o traseira;Com V�timas Feridas;Plena Noite;Decrescente;Ignorado;Dupla;Reta;Sim;3;0;2;0;0;1;2;2;-16,7537;-49,2411;SPRF-GO;DEL01-GO;UOP01-DEL01-GO;;;
655908;18/01/2025;s�bado;18:15:00;MG;354;751,2;ITAMONTE;Acessar a via sem observar a presen�a dos outros ve�culos;Colis�o transversal;Com V�timas Feridas;Anoitecer;Crescente;C�u Claro;Simples;"Interse��o de Vias;Reta";Sim;3;0;0;1;1;1;1;3;-22,28761498;-44,86860589;SPRF-MG;DEL17-MG;UOP01-DEL17-MG;;;
655911;18/01/2025;s�bado;20:35:00;SC;101;111,9;ITAJAI;Ingest�o de �lcool pelo condutor;Colis�o traseira;Com V�timas Feridas;Plena Noite;Decrescente;Garoa/Chuvisco;Dupla;"Reta;Ponte";Sim;5;0;2;0;3;0;2;4;-26,83955734;-48,71418074;SPRF-SC;DEL04-SC;UOP04-DEL04-SC;;;
655912;18/01/2025;s�bado;19:20:00;RN;226;66;SERRA CAIADA;Velocidade Incompat�vel;Capotamento;Sem V�timas;Plena Noite;Decrescente;C�u Claro;Simples;Curva;N�o;1;0;0;0;0;1;0;1;-6,08820707;-35,69788788;SPRF-RN;DEL01-RN;UOP02-DEL01-RN;;;
655913;18/01/2025;s�bado;21:15:00;ES;101;162;LINHARES;Convers�o proibida;Colis�o transversal;Com V�timas Feridas;Plena Noite;Crescente;C�u Claro;Simples;Reta;N�o;2;0;0;1;1;0;1;2;-19,49015283;-40,12624024;SPRF-ES;DEL04-ES;UOP01-DEL04-ES;;;
655915;18/01/2025;s�bado;20:55:00;BA;116;782,3;PLANALTO;Demais falhas mec�nicas ou el�tricas;Inc�ndio;Sem V�timas;Plena Noite;Crescente;C�u Claro;Simples;"Aclive;Reta";N�o;2;0;0;0;2;0;0;1;-14,679835;-40,519435;SPRF-BA;DEL08-BA;UOP02-DEL08-BA;;;
655916;18/01/2025;s�bado;20:40:00;MG;381;507;SAO JOAQUIM DE BICAS;Transitar no Acostamento;Atropelamento de Pedestre;Com V�timas Feridas;Plena Noite;Crescente;C�u Claro;M�ltipla;Reta;Sim;2;0;0;1;0;1;1;2;-20,0403294;-44,25992489;SPRF-MG;DEL01-MG;UOP03-DEL01-MG;;;
655917;18/01/2025;s�bado;20:30:00;SC;101;274,1;IMBITUBA;Pedestre cruzava a pista fora da faixa;Atropelamento de Pedestre;Com V�timas Fatais;Plena Noite;Decrescente;Nublado;M�ltipla;Reta;Sim;4;1;0;0;2;1;0;3;-28,1422754;-48,6919787;SPRF-SC;DEL02-SC;UOP03-DEL02-SC;;;
655918;18/01/2025;s�bado;20:40:00;PR;369;177;ROLANDIA;Velocidade Incompat�vel;Colis�o com objeto;Com V�timas Fatais;Plena Noite;Crescente;C�u Claro;Dupla;Reta;N�o;3;1;1;1;0;0;2;1;-23,3515303;-51,3882399;SPRF-PR;DEL07-PR;UOP01-DEL07-PR;;;
655919;18/01/2025;s�bado;20:54:00;DF;251;6;BRASILIA;Acessar a via sem observar a presen�a dos outros ve�culos;Colis�o lateral mesmo sentido;Com V�timas Feridas;Plena Noite;Crescente;Nublado;Dupla;Retorno Regulamentado;N�o;2;0;2;0;0;0;2;2;-15,999959;-47,557232;SPRF-DF;DEL01-DF;UOP01-DEL01-DF;;;
655920;18/01/2025;s�bado;18:45:00;RN;304;295;MACAIBA;Ingest�o de �lcool pelo condutor;Queda de ocupante de ve�culo;Com V�timas Feridas;Plena Noite;Crescente;C�u Claro;Dupla;Em Obras;Sim;2;0;1;1;0;0;2;1;-5,86605927;-35,35822096;SPRF-RN;DEL01-RN;UOP02-DEL01-RN;;;
655922;18/01/2025;s�bado;20:30:00;MG;365;530,9;ROMARIA;Ultrapassagem Indevida;Colis�o lateral sentido oposto;Sem V�timas;Plena Noite;Crescente;C�u Claro;Simples;Reta;N�o;3;0;0;0;3;0;0;2;-18,9260452;-47,50658995;SPRF-MG;DEL10-MG;UOP01-DEL10-MG;;;
655923;18/01/2025;s�bado;15:00:00;AC;317;62;SENADOR GUIOMARD;Frear bruscamente;Tombamento;Com V�timas Feridas;Pleno dia;Decrescente;Nublado;Simples;Reta;N�o;2;0;1;0;0;1;1;1;-10,02194469;-67,52622391;SPRF-AC;DEL01-AC;UOP01-DEL01-AC;;;
655924;18/01/2025;s�bado;21:40:00;BA;110;340;ALAGOINHAS;Ingest�o de �lcool pelo condutor;Colis�o frontal;Com V�timas Feridas;Plena Noite;Decrescente;C�u Claro;Simples;Reta;Sim;2;0;0;1;1;0;1;2;-12,21614599;-38,41432082;SPRF-BA;DEL01-BA;UOP04-DEL01-BA;;;
655925;18/01/2025;s�bado;22:10:00;MG;381;486;BETIM;Condutor Dormindo;Colis�o com objeto;Com V�timas Feridas;Plena Noite;Decrescente;C�u Claro;Dupla;"Reta;Declive";Sim;2;0;2;0;0;0;2;1;-19,95467;-44,10968;SPRF-MG;DEL01-MG;UOP03-DEL01-MG;;;
655926;18/01/2025;s�bado;22:13:00;PR;277;722;FOZ DO IGUACU;Acessar a via sem observar a presen�a dos outros ve�culos;Colis�o transversal;Com V�timas Feridas;Plena Noite;Crescente;C�u Claro;Dupla;"Retorno Regulamentado;Reta";Sim;4;0;2;1;1;0;3;2;-25,49549268;-54,52219605;SPRF-PR;DEL05-PR;UOP03-DEL05-PR;;;
655927;18/01/2025;s�bado;18:30:00;MG;116;486,9;INHAPIM;Ingest�o de �lcool pelo condutor;Sa�da de leito carro��vel;Sem V�timas;Plena Noite;Crescente;C�u Claro;Simples;Reta;N�o;2;0;0;0;2;0;0;1;-19,49491325;-42,12836266;SPRF-MG;DEL06-MG;UOP02-DEL06-MG;;;
655928;18/01/2025;s�bado;19:30:00;PI;222;94,9;PIRIPIRI;Ingest�o de �lcool pelo condutor;Sa�da de leito carro��vel;Com V�timas Feridas;Plena Noite;Crescente;Chuva;Simples;Reta;N�o;1;0;1;0;0;0;1;1;-4,221304;-41,911667;SPRF-PI;DEL02-PI;UOP01-DEL02-PI;;;
655929;18/01/2025;s�bado;12:00:00;PR;476;274,8;SAO MATEUS DO SUL;Ingest�o de �lcool pelo condutor;Colis�o com objeto;Com V�timas Feridas;Pleno dia;Crescente;C�u Claro;Simples;"Ponte;Reta";N�o;1;0;0;1;0;0;1;1;-25,8834226;-50,38328648;SPRF-PR;DEL02-PR;UOP03-DEL02-PR;;;
655931;18/01/2025;s�bado;22:30:00;SP;116;465;PARIQUERA-ACU;Animais na Pista;Atropelamento de Animal;Sem V�timas;Plena Noite;Crescente;Chuva;Dupla;Reta;N�o;1;0;0;0;1;0;0;1;-24,64131463;-47,91527636;SPRF-SP;DEL05-SP;UOP01-DEL05-SP;;;
655932;18/01/2025;s�bado;19:10:00;RN;226;39;MACAIBA;Aus�ncia de sinaliza��o;Queda de ocupante de ve�culo;Com V�timas Feridas;Plena Noite;Decrescente;C�u Claro;Simples;Reta;Sim;1;0;1;0;0;0;1;1;-5,9213386;-35,5349664;SPRF-RN;DEL01-RN;UOP02-DEL01-RN;;;
655933;18/01/2025;s�bado;22:40:00;PR;277;721,6;FOZ DO IGUACU;Ingest�o de �lcool pelo condutor;Colis�o traseira;Sem V�timas;Plena Noite;Crescente;C�u Claro;Dupla;Reta;Sim;2;0;0;0;2;0;0;2;-25,49530868;-54,52175617;SPRF-PR;DEL05-PR;UOP03-DEL05-PR;;;
655934;18/01/2025;s�bado;19:00:00;PB;427;34,9;POMBAL;Animais na Pista;Tombamento;Com V�timas Feridas;Plena Noite;Decrescente;C�u Claro;Simples;Reta;N�o;2;0;1;1;0;0;2;1;-6,75644479;-37,76450715;SPRF-PB;DEL03-PB;UOP02-DEL03-PB;;;
655935;18/01/2025;s�bado;19:00:00;SC;282;310;VARGEM;Manobra de mudan�a de faixa;Colis�o transversal;Com V�timas Feridas;Plena Noite;Decrescente;C�u Claro;Simples;Reta;N�o;2;0;0;1;1;0;1;2;-27,483074;-50,98188;SPRF-SC;DEL07-SC;UOP06-DEL07-SC;;;
655937;18/01/2025;s�bado;21:00:00;RJ;40;120;DUQUE DE CAXIAS;Manobra de mudan�a de faixa;Colis�o traseira;Com V�timas Feridas;Pleno dia;Decrescente;C�u Claro;Dupla;Reta;N�o;2;0;2;0;0;0;2;2;-22,77280597;-43,28626763;SPRF-RJ;DEL01-RJ;UOP02-DEL01-RJ;;;
655938;18/01/2025;s�bado;22:30:00;SP;101;52;UBATUBA;Acessar a via sem observar a presen�a dos outros ve�culos;Colis�o transversal;Com V�timas Feridas;Plena Noite;Crescente;Nublado;Simples;Rotat�ria;Sim;2;0;1;0;1;0;1;2;-23,4623355;-45,06476561;SPRF-SP;DEL06-SP;UOP01-DEL06-SP;;;
655940;18/01/2025;s�bado;22:35:00;PI;316;11;TERESINA;Manobra de mudan�a de faixa;Colis�o lateral mesmo sentido;Com V�timas Feridas;Plena Noite;Decrescente;Nublado;Dupla;Reta;Sim;3;0;1;1;1;0;2;2;-5,191739;-42,76076102;SPRF-PI;DEL01-PI;UOP02-DEL01-PI;;;
655941;18/01/2025;s�bado;22:50:00;PE;101;80;JABOATAO DOS GUARARAPES;Animais na Pista;Atropelamento de Animal;Com V�timas Feridas;Plena Noite;Crescente;C�u Claro;Dupla;Reta;Sim;1;0;0;1;0;0;1;1;-8,15112589;-34,9428866;SPRF-PE;DEL01-PE;UOP01-DEL01-PE;;;
655942;18/01/2025;s�bado;21:40:00;SC;470;112,5;IBIRAMA;Aus�ncia de rea��o do condutor;Colis�o com objeto;Com V�timas Feridas;Plena Noite;Crescente;Ignorado;Dupla;Curva;N�o;3;0;3;0;0;0;3;1;-27,09701;-49,462887;SPRF-SC;DEL04-SC;UOP02-DEL04-SC;;;
655943;18/01/2025;s�bado;22:35:00;RJ;116;71;TERESOPOLIS;Aus�ncia de rea��o do condutor;Tombamento;Com V�timas Feridas;Plena Noite;Decrescente;C�u Claro;Simples;Curva;Sim;1;0;1;0;0;0;1;1;-22,327388;-42,93858185;SPRF-RJ;DEL04-RJ;UOP01-DEL04-RJ;;;
655944;18/01/2025;s�bado;21:20:00;MA;10;262;IMPERATRIZ;Animais na Pista;Atropelamento de Animal;Com V�timas Feridas;Plena Noite;Crescente;Nublado;Simples;Reta;N�o;3;0;2;0;1;0;2;2;-5,445326;-47,472542;SPRF-MA;DEL04-MA;UOP01-DEL04-MA;;;
655946;19/01/2025;domingo;00:15:00;BA;324;6;FEIRA DE SANTANA;Avarias e/ou desgaste excessivo no pneu;Queda de ocupante de ve�culo;Com V�timas Feridas;Plena Noite;Decrescente;Nublado;Dupla;Reta;Sim;2;0;1;1;0;0;2;1;-12,267113;-38,966988;SPRF-BA;DEL02-BA;UOP01-DEL02-BA;;;
655948;19/01/2025;domingo;00:43:00;GO;153;552;PIRACANJUBA;Acessar a via sem observar a presen�a dos outros ve�culos;Atropelamento de Pedestre;Com V�timas Fatais;Plena Noite;Crescente;Nublado;Dupla;Curva;N�o;2;1;0;0;1;0;0;2;-17,1589;-49,2139;SPRF-GO;DEL01-GO;UOP03-DEL01-GO;;;
655949;18/01/2025;s�bado;22:40:00;RS;290;106,4;ELDORADO DO SUL;Pedestre andava na pista;Atropelamento de Pedestre;Com V�timas Fatais;Plena Noite;Crescente;C�u Claro;Dupla;Reta;N�o;2;1;0;0;1;0;0;2;-29,998999;-51,294563;SPRF-RS;DEL02-RS;UOP01-DEL02-RS;;;
655950;18/01/2025;s�bado;23:21:00;PR;469;13;FOZ DO IGUACU;Ingest�o de �lcool pelo condutor;Engavetamento;Sem V�timas;Plena Noite;Crescente;Ignorado;Simples;Reta;Sim;9;0;0;0;8;1;0;3;-25,5754;-54,5489;SPRF-PR;DEL05-PR;UOP04-DEL05-PR;;;
655951;19/01/2025;domingo;00:05:00;PR;277;83;CURITIBA;Velocidade Incompat�vel;Colis�o traseira;Com V�timas Feridas;Plena Noite;Decrescente;Nublado;Dupla;Reta;Sim;2;0;1;0;1;0;1;2;-25,568939;-49,181978;SPRF-PR;DEL01-PR;UOP03-DEL01-PR;;;
655952;19/01/2025;domingo;00:40:00;RS;116;152;CAXIAS DO SUL;Rea��o tardia ou ineficiente do condutor;Sa�da de leito carro��vel;Com V�timas Feridas;Plena Noite;Decrescente;C�u Claro;Simples;Curva;Sim;1;0;0;1;0;0;1;1;-29,1829343;-51,16801501;SPRF-RS;DEL05-RS;UOP01-DEL05-RS;;;
655953;19/01/2025;domingo;01:10:00;SC;101;201,3;SAO JOSE;Rea��o tardia ou ineficiente do condutor;Colis�o traseira;Com V�timas Feridas;Plena Noite;Decrescente;Nublado;M�ltipla;Reta;Sim;3;0;2;0;1;0;2;2;-27,54836599;-48,61977975;SPRF-SC;DEL01-SC;UOP01-DEL01-SC;;;
655954;18/01/2025;s�bado;21:50:00;PR;153;379,2;MALLET;Rea��o tardia ou ineficiente do condutor;Sa�da de leito carro��vel;Sem V�timas;Plena Noite;Decrescente;Nublado;Simples;"Aclive;Reta";N�o;1;0;0;0;1;0;0;1;-25,79688596;-50,85093193;SPRF-PR;DEL08-PR;UOP02-DEL08-PR;;;
655956;19/01/2025;domingo;01:40:00;BA;407;0;JUAZEIRO;Condutor usando celular;Colis�o com objeto;Com V�timas Feridas;Plena Noite;Decrescente;C�u Claro;Dupla;Reta;Sim;1;0;1;0;0;0;1;1;-9,409546;-40,505337;SPRF-PE;DEL06-PE;UOP01-DEL06-PE;;;
655957;19/01/2025;domingo;00:30:00;TO;153;347;GUARAI;Aus�ncia de rea��o do condutor;Colis�o traseira;Com V�timas Feridas;Plena Noite;Crescente;C�u Claro;Simples;Reta;N�o;5;0;0;3;2;0;3;4;-8,95229538;-48,5001081;SPRF-TO;DEL02-TO;UOP02-DEL02-TO;;;
655958;19/01/2025;domingo;01:30:00;BA;324;593;CANDEIAS;Animais na Pista;Atropelamento de Animal;Sem V�timas;Plena Noite;Decrescente;C�u Claro;Dupla;Reta;N�o;1;0;0;0;1;0;0;1;-12,69890302;-38,46419428;SPRF-BA;DEL01-BA;UOP01-DEL01-BA;;;