id;data_inversa;dia_semana;horario;uf;br;km;municipio;causa_acidente;tipo_acidente;classificacao_acidente;fase_dia;sentido_via;condicao_metereologica;tipo_pista;tracado_via;uso_solo;pessoas;mortos;feridos_leves;feridos_graves;ilesos;ignorados;feridos;veiculos;latitude;longitude;regional;delegacia;uop;;;
655959;19/01/2025;domingo;01:00:00;MT;364;209;RONDONOPOLIS;Rea��o tardia ou ineficiente do condutor;Colis�o com objeto;Sem V�timas;Plena Noite;Crescente;Nublado;Dupla;Interse��o de Vias;N�o;1;0;0;0;1;0;0;1;-16,42715289;-54,6955204;SPRF-MT;DEL02-MT;UOP01-DEL02-MT;;;
655960;19/01/2025;domingo;02:00:00;RJ;101;424;MANGARATIBA;Ingest�o de �lcool pelo condutor;Colis�o lateral sentido oposto;Com V�timas Feridas;Plena Noite;Decrescente;C�u Claro;Simples;Reta;N�o;5;0;1;4;0;0;5;2;-22,9267139;-43,9661652;SPRF-RJ;DEL03-RJ;UOP02-DEL03-RJ;;;
655961;19/01/2025;domingo;00:30:00;RS;285;607,3;SANTO ANTONIO DAS MISSOES;Ingest�o de �lcool pelo condutor;Colis�o frontal;Com V�timas Feridas;Plena Noite;Decrescente;C�u Claro;Simples;Reta;N�o;3;0;0;1;2;0;1;2;-28,493053;-55,354687;SPRF-RS;DEL12-RS;UOP01-DEL12-RS;;;
655962;19/01/2025;domingo;02:40:00;PR;376;188,3;MARIALVA;Animais na Pista;Sa�da de leito carro��vel;Sem V�timas;Plena Noite;Crescente;C�u Claro;Dupla;Reta;N�o;1;0;0;0;1;0;0;1;-23,46634923;-51,82808011;SPRF-PR;DEL09-PR;UOP01-DEL09-PR;;;
655963;19/01/2025;domingo;03:00:00;SC;282;21,7;SANTO AMARO DA IMPERATRIZ;Transitar na contram�o;Colis�o frontal;Sem V�timas;Plena Noite;Crescente;C�u Claro;Simples;Reta;Sim;6;0;0;0;5;1;0;3;-27,68907;-48,717541;SPRF-SC;DEL01-SC;UOP02-DEL01-SC;;;
655964;19/01/2025;domingo;03:00:00;SP;153;57,2;SAO JOSE DO RIO PRETO;Condutor Dormindo;Sa�da de leito carro��vel;Com V�timas Feridas;Plena Noite;Decrescente;Nublado;Dupla;Reta;Sim;1;0;1;0;0;0;1;1;-20,76991095;-49,34982212;SPRF-SP;DEL09-SP;UOP01-DEL09-SP;;;
655965;19/01/2025;domingo;02:50:00;SP;116;157,9;SAO JOSE DOS CAMPOS;Rea��o tardia ou ineficiente do condutor;Colis�o com objeto;Com V�timas Feridas;Plena Noite;Crescente;Nublado;Dupla;Curva;Sim;2;0;1;0;1;0;1;1;-23,25802861;-45,94797557;SPRF-SP;DEL02-SP;UOP01-DEL02-SP;;;
655966;19/01/2025;domingo;03:05:00;PE;232;79;GRAVATA;Ingest�o de �lcool pelo condutor;Colis�o transversal;Com V�timas Feridas;Plena Noite;Decrescente;C�u Claro;Simples;Rotat�ria;Sim;2;0;1;0;1;0;1;2;-8,19460572;-35,56074803;SPRF-PE;DEL02-PE;UOP02-DEL02PE;;;
655967;19/01/2025;domingo;04:20:00;TO;153;409;MIRANORTE;Acessar a via sem observar a presen�a dos outros ve�culos;Sa�da de leito carro��vel;Com V�timas Feridas;Amanhecer;Decrescente;C�u Claro;Dupla;"Retorno Regulamentado;Reta;Rotat�ria";N�o;4;0;2;0;2;0;2;2;-9,49014778;-48,58485911;SPRF-TO;DEL02-TO;UOP02-DEL02-TO;;;
655968;19/01/2025;domingo;03:40:00;PI;316;4,3;TERESINA;Velocidade Incompat�vel;Sa�da de leito carro��vel;Com V�timas Fatais;Plena Noite;Decrescente;C�u Claro;Dupla;Reta;Sim;2;1;0;1;0;0;1;1;-5,13655894;-42,78900388;SPRF-PI;DEL01-PI;UOP02-DEL01-PI;;;
655969;19/01/2025;domingo;04:00:00;PB;104;139,5;QUEIMADAS;Desrespeitar a prefer�ncia no cruzamento;Colis�o transversal;Com V�timas Feridas;Plena Noite;Decrescente;Nublado;Simples;Interse��o de Vias;Sim;2;0;1;0;0;1;1;2;-7,36948311;-35,89979635;SPRF-PB;DEL02-PB;UOP03-DEL02-PB;;;
655970;19/01/2025;domingo;04:30:00;RS;116;302;GUAIBA;Ingest�o de �lcool pelo condutor;Sa�da de leito carro��vel;Sem V�timas;Amanhecer;Crescente;Nublado;Dupla;"Interse��o de Vias;Reta";N�o;1;0;0;0;0;1;0;1;-30,13970487;-51,35942618;SPRF-RS;DEL02-RS;UOP01-DEL02-RS;;;
655971;19/01/2025;domingo;05:35:00;SC;101;214,3;PALHOCA;Condutor Dormindo;Colis�o com objeto;Com V�timas Feridas;Amanhecer;Crescente;Nublado;M�ltipla;Reta;Sim;1;0;0;1;0;0;1;1;-27,64443;-48,67057;SPRF-SC;DEL01-SC;UOP02-DEL01-SC;;;
655972;19/01/2025;domingo;04:30:00;GO;60;39,9;ALEXANIA;Rea��o tardia ou ineficiente do condutor;Sa�da de leito carro��vel;Com V�timas Feridas;Plena Noite;Crescente;Nublado;Dupla;Reta;N�o;1;0;1;0;0;0;1;1;-16,1143;-48,5569;SPRF-DF;DEL03-DF;UOP01-DEL03-DF;;;
655973;19/01/2025;domingo;05:45:00;SP;116;228;SAO PAULO;Ingest�o de �lcool pelo condutor;Colis�o com objeto;Com V�timas Feridas;Amanhecer;Decrescente;Nublado;M�ltipla;"Aclive;Reta";Sim;1;0;1;0;0;0;1;1;-23,50343484;-46,56638712;SPRF-SP;DEL01-SP;UOP01-DEL01-SP;;;
655974;19/01/2025;domingo;04:30:00;MG;50;176;UBERABA;Rea��o tardia ou ineficiente do condutor;Colis�o com objeto;Com V�timas Feridas;Amanhecer;Decrescente;C�u Claro;Dupla;Reta;N�o;3;0;3;0;0;0;3;1;-19,77919981;-47,960032;SPRF-MG;DEL13-MG;UOP01-DEL13-MG;;;
655975;19/01/2025;domingo;06:20:00;SP;381;84;SAO PAULO;Rea��o tardia ou ineficiente do condutor;Colis�o traseira;Com V�timas Feridas;Pleno dia;Crescente;C�u Claro;M�ltipla;Reta;N�o;3;0;1;0;2;0;1;3;-23,43937;-46,56807;SPRF-SP;DEL03-SP;UOP01-DEL03-SP;;;
655976;19/01/2025;domingo;05:16:00;DF;70;18;BRASILIA;Aus�ncia de rea��o do condutor;Colis�o lateral mesmo sentido;Com V�timas Feridas;Amanhecer;Crescente;Chuva;Dupla;Reta;Sim;2;0;1;0;1;0;1;2;-15,791093;-48,21096;SPRF-DF;DEL03-DF;UOP02-DEL03-DF;;;
655977;19/01/2025;domingo;06:20:00;ES;101;202;JOAO NEIVA;Ultrapassagem Indevida;Colis�o lateral mesmo sentido;Com V�timas Feridas;Pleno dia;Decrescente;C�u Claro;Simples;Curva;N�o;2;0;1;0;1;0;1;2;-19,74171801;-40,36521517;SPRF-ES;DEL04-ES;UOP01-DEL04-ES;;;
655978;18/01/2025;s�bado;23:15:00;CE;403;25,5;BELA CRUZ;Acessar a via sem observar a presen�a dos outros ve�culos;Atropelamento de Pedestre;Com V�timas Fatais;Plena Noite;Decrescente;C�u Claro;Simples;Reta;Sim;2;1;0;0;0;1;0;2;-3,094778;-40,082996;SPRF-CE;DEL01-CE;UOP03-DEL01-CE;;;
655979;19/01/2025;domingo;06:20:00;MG;153;156;COMENDADOR GOMES;Rea��o tardia ou ineficiente do condutor;Sa�da de leito carro��vel;Sem V�timas;Amanhecer;Decrescente;C�u Claro;Simples;"Declive;Reta";N�o;1;0;0;0;1;0;0;1;-19,62793682;-48,948745;SPRF-MG;DEL13-MG;UOP02-DEL13-MG;;;
655980;19/01/2025;domingo;07:00:00;DF;40;1;BRASILIA;Aus�ncia de rea��o do condutor;Sa�da de leito carro��vel;Sem V�timas;Amanhecer;Decrescente;Nublado;Dupla;Reta;Sim;1;0;0;0;1;0;0;1;-15,985532;-47,987747;SPRF-DF;DEL01-DF;UOP01-DEL01-DF;;;
655981;19/01/2025;domingo;06:50:00;SP;116;303;SAO LOURENCO DA SERRA;Velocidade Incompat�vel;Colis�o com objeto;Com V�timas Feridas;Pleno dia;Decrescente;C�u Claro;Simples;Reta;N�o;1;0;1;0;0;0;1;1;-23,82760675;-46,92631345;SPRF-SP;DEL04-SP;UOP01-DEL04-SP;;;
655982;19/01/2025;domingo;06:15:00;RJ;393;237;VASSOURAS;Condutor Dormindo;Colis�o frontal;Com V�timas Feridas;Pleno dia;Decrescente;C�u Claro;Simples;Reta;Sim;4;0;1;1;2;0;2;2;-22,39566493;-43,65681106;SPRF-RJ;DEL05-RJ;UOP03-DEL05-RJ;;;
655985;19/01/2025;domingo;05:40:00;MG;262;76,5;MATIPO;Mal s�bito do condutor;Sa�da de leito carro��vel;Com V�timas Feridas;Amanhecer;Decrescente;C�u Claro;Simples;"Reta;Declive";N�o;5;0;1;0;4;0;1;1;-20,32847234;-42,34701169;SPRF-MG;DEL03-MG;UOP03-DEL03-MG;;;
655986;19/01/2025;domingo;06:45:00;RJ;465;20;NOVA IGUACU;Transitar na contram�o;Colis�o frontal;Com V�timas Feridas;Pleno dia;Crescente;C�u Claro;Simples;Reta;Sim;2;0;0;1;1;0;1;2;-22,846828;-43,605339;SPRF-RJ;DEL06-RJ;UOP02-DEL06-RJ;;;
655987;19/01/2025;domingo;01:30:00;MS;163;42;ELDORADO;Rea��o tardia ou ineficiente do condutor;Colis�o com objeto;Sem V�timas;Plena Noite;Crescente;C�u Claro;Simples;Reta;N�o;1;0;0;0;1;0;0;1;-23,77140302;-54,27611382;SPRF-MS;DEL09-MS;UOP02-DEL09-MS;;;
655988;19/01/2025;domingo;08:00:00;RN;101;108,6;PARNAMIRIM;Acumulo de �gua sobre o pavimento;Tombamento;Com V�timas Feridas;Pleno dia;Decrescente;Chuva;Dupla;"Declive;Reta";Sim;2;0;1;0;0;1;1;1;-5,92825102;-35,26465683;SPRF-RN;DEL01-RN;UOP01-DEL01-RN;;;
655989;19/01/2025;domingo;06:58:00;MS;376;18,4;FATIMA DO SUL;Aus�ncia de rea��o do condutor;Sa�da de leito carro��vel;Com V�timas Feridas;Amanhecer;Crescente;C�u Claro;Simples;Reta;N�o;1;0;1;0;0;0;1;1;-22,32984206;-54,57225807;SPRF-MS;DEL04-MS;UOP01-DEL04-MS;;;
655991;19/01/2025;domingo;08:30:00;BA;110;169;RIBEIRA DO POMBAL;Ingest�o de �lcool pelo condutor;Colis�o lateral sentido oposto;Com V�timas Feridas;Pleno dia;Crescente;C�u Claro;Simples;Reta;N�o;8;0;3;1;4;0;4;2;-10,83361802;-38,53206537;SPRF-BA;DEL07-BA;UOP02-DEL07-BA;;;
655992;19/01/2025;domingo;07:00:00;MT;174;293;PONTES E LACERDA;Ingest�o de �lcool pelo condutor;Sa�da de leito carro��vel;Sem V�timas;Pleno dia;Crescente;C�u Claro;Simples;"Aclive;Reta";N�o;1;0;0;0;1;0;0;1;-15,18889293;-59,32384877;SPRF-MT;DEL04-MT;UOP01-DEL04-MT;;;
655993;19/01/2025;domingo;08:40:00;RS;116;235;NOVO HAMBURGO;Aus�ncia de rea��o do condutor;Colis�o traseira;Com V�timas Feridas;Pleno dia;Crescente;C�u Claro;Dupla;"Reta;Viaduto";Sim;8;0;4;0;1;3;4;5;-29,66972659;-51,14309864;SPRF-RS;DEL01-RS;UOP02-DEL01-RS;;;
655995;19/01/2025;domingo;03:15:00;RJ;40;109;DUQUE DE CAXIAS;Velocidade Incompat�vel;Capotamento;Sem V�timas;Plena Noite;Decrescente;C�u Claro;Dupla;Curva;N�o;1;0;0;0;0;1;0;1;-22,67374628;-43,28638368;SPRF-RJ;DEL01-RJ;UOP02-DEL01-RJ;;;
655996;19/01/2025;domingo;06:35:00;AC;317;114;CAPIXABA;Rea��o tardia ou ineficiente do condutor;Queda de ocupante de ve�culo;Com V�timas Feridas;Pleno dia;Crescente;Nublado;Simples;Curva;N�o;1;0;0;1;0;0;1;1;-10,35033344;-67,68548012;SPRF-AC;DEL01-AC;UOP01-DEL01-AC;;;
655997;19/01/2025;domingo;05:00:00;PR;369;191;ARAPONGAS;Velocidade Incompat�vel;Sa�da de leito carro��vel;Sem V�timas;Plena Noite;Crescente;Nublado;Dupla;Reta;N�o;1;0;0;0;0;1;0;1;-23,469261;-51,423604;SPRF-PR;DEL07-PR;UOP03-DEL07-PR;;;
655998;19/01/2025;domingo;07:40:00;RS;290;78;GRAVATAI;Manobra de mudan�a de faixa;Colis�o com objeto;Com V�timas Feridas;Pleno dia;Decrescente;Sol;Dupla;Reta;Sim;1;0;1;0;0;0;1;1;-29,954178;-51,037735;SPRF-RS;DEL01-RS;UOP01-DEL01-RS;;;
656000;19/01/2025;domingo;08:00:00;DF;20;2;BRASILIA;Velocidade Incompat�vel;Sa�da de leito carro��vel;Com V�timas Feridas;Pleno dia;Decrescente;C�u Claro;Dupla;Reta;N�o;1;0;1;0;0;0;1;1;-15,682896;-47,840729;SPRF-DF;DEL02-DF;UOP01-DEL02-DF;;;
656002;19/01/2025;domingo;08:45:00;PR;116;4;CAMPINA GRANDE DO SUL;Rea��o tardia ou ineficiente do condutor;Sa�da de leito carro��vel;Sem V�timas;Pleno dia;Crescente;Chuva;Dupla;"Curva;Interse��o de Vias";Sim;2;0;0;0;2;0;0;1;-25,36155186;-49,07996065;SPRF-PR;DEL01-PR;UOP02-DEL01-PR;;;
656004;19/01/2025;domingo;07:00:00;SC;470;20;ILHOTA;Manobra de mudan�a de faixa;Colis�o lateral mesmo sentido;Com V�timas Feridas;Pleno dia;Decrescente;C�u Claro;Dupla;Curva;N�o;2;0;1;0;1;0;1;2;-26,870115;-48,820484;SPRF-SC;DEL04-SC;UOP04-DEL04-SC;;;
656005;19/01/2025;domingo;07:50:00;PR;153;501,9;GENERAL CARNEIRO;Rea��o tardia ou ineficiente do condutor;Capotamento;Sem V�timas;Pleno dia;Crescente;Sol;Simples;Reta;N�o;1;0;0;0;1;0;0;1;-26,50498883;-51,34906769;SPRF-PR;DEL02-PR;UOP03-DEL02-PR;;;
656006;19/01/2025;domingo;10:10:00;CE;116;174;RUSSAS;Acessar a via sem observar a presen�a dos outros ve�culos;Colis�o transversal;Com V�timas Feridas;Pleno dia;Crescente;Nublado;Simples;Reta;Sim;3;0;2;0;1;0;2;2;-5,01213088;-38,05022419;SPRF-CE;DEL03-CE;UOP01-DEL03-CE;;;
656008;19/01/2025;domingo;09:43:00;PB;101;1,7;MATARACA;Velocidade Incompat�vel;Colis�o com objeto;Com V�timas Feridas;Pleno dia;Decrescente;Garoa/Chuvisco;Dupla;"Reta;Interse��o de Vias";N�o;2;0;1;0;1;0;1;1;-6,51423092;-35,11133633;SPRF-PB;DEL01-PB;UOP03-DEL01-PB;;;
656011;19/01/2025;domingo;10:30:00;PR;476;145;CURITIBA;Velocidade Incompat�vel;Sa�da de leito carro��vel;Sem V�timas;Pleno dia;Crescente;Chuva;Dupla;Curva;N�o;1;0;0;0;1;0;0;1;-25,547749;-49,32095;SPRF-PR;DEL01-PR;UOP06-DEL01-PR;;;
656012;19/01/2025;domingo;11:00:00;PR;116;126;FAZENDA RIO GRANDE;Condutor desrespeitou a ilumina��o vermelha do sem�foro;Colis�o transversal;Com V�timas Feridas;Pleno dia;Crescente;Nublado;Dupla;"Retorno Regulamentado;Interse��o de Vias";Sim;4;0;1;0;3;0;1;2;-25,60389895;-49,31824423;SPRF-PR;DEL01-PR;UOP03-DEL01-PR;;;
656013;19/01/2025;domingo;11:30:00;PR;277;134;CAMPO LARGO;Rea��o tardia ou ineficiente do condutor;Colis�o com objeto;Sem V�timas;Pleno dia;Decrescente;Chuva;Dupla;Curva;N�o;1;0;0;0;1;0;0;1;-25,468;-49,6239;SPRF-PR;DEL03-PR;UOP03-DEL03-PR;;;
656014;19/01/2025;domingo;11:20:00;RJ;101;308;SAO GONCALO;Avarias e/ou desgaste excessivo no pneu;Tombamento;Com V�timas Feridas;Pleno dia;Crescente;C�u Claro;Dupla;Reta;Sim;2;0;0;2;0;0;2;1;-22,79446115;-43,03246021;SPRF-RJ;DEL02-RJ;UOP02-DEL02-RJ;;;
656015;19/01/2025;domingo;10:05:00;PR;163;82,6;PLANALTO;Acessar a via sem observar a presen�a dos outros ve�culos;Colis�o transversal;Sem V�timas;Pleno dia;Crescente;C�u Claro;Simples;"Interse��o de Vias;Reta";N�o;2;0;0;0;2;0;0;2;-25,71199046;-53,77547264;SPRF-PR;DEL02-PR;UOP02-DEL02-PR;;;
656017;19/01/2025;domingo;11:30:00;SE;235;5,3;NOSSA SENHORA DO SOCORRO;Condutor deixou de manter dist�ncia do ve�culo da frente;Colis�o traseira;Com V�timas Feridas;Pleno dia;Decrescente;C�u Claro;Dupla;Reta;Sim;2;0;1;0;1;0;1;2;-10,9041;-37,1278;SPRF-SE;DEL01-SE;UOP01-DEL01-SE;;;
656018;19/01/2025;domingo;08:39:00;SP;116;285;ITAPECERICA DA SERRA;Rea��o tardia ou ineficiente do condutor;Colis�o com objeto;Sem V�timas;Pleno dia;Crescente;C�u Claro;Dupla;Reta;Sim;1;0;0;0;0;1;0;1;-23,70407794;-46,87249709;SPRF-SP;DEL04-SP;UOP01-DEL04-SP;;;
656019;19/01/2025;domingo;10:30:00;SC;470;10;NAVEGANTES;Acessar a via sem observar a presen�a dos outros ve�culos;Colis�o transversal;Com V�timas Feridas;Pleno dia;Crescente;C�u Claro;Simples;Interse��o de Vias;N�o;2;0;1;0;1;0;1;2;-26,833693;-48,73724;SPRF-SC;DEL04-SC;UOP04-DEL04-SC;;;
656021;19/01/2025;domingo;11:10:00;SC;101;108,7;PENHA;Rea��o tardia ou ineficiente do condutor;Colis�o traseira;Sem V�timas;Pleno dia;Decrescente;C�u Claro;Dupla;Reta;N�o;3;0;0;0;3;0;0;3;-26,82606902;-48,69052298;SPRF-SC;DEL03-SC;UOP02-DEL03-SC;;;
656024;19/01/2025;domingo;11:30:00;MG;381;884;ESTIVA;Manobra de mudan�a de faixa;Colis�o lateral mesmo sentido;Com V�timas Feridas;Pleno dia;Decrescente;C�u Claro;Dupla;Curva;N�o;3;0;0;2;1;0;2;2;-22,4978;-46,01368;SPRF-MG;DEL16-MG;UOP01-DEL16-MG;;;
656025;19/01/2025;domingo;12:20:00;PR;116;43;CAMPINA GRANDE DO SUL;Chuva;Colis�o com objeto;Com V�timas Feridas;Pleno dia;Crescente;Chuva;M�ltipla;"Aclive;Curva";N�o;2;0;2;0;0;0;2;1;-25,18101149;-48,88196442;SPRF-PR;DEL01-PR;UOP02-DEL01-PR;;;
656026;19/01/2025;domingo;11:20:00;PE;232;10,6;JABOATAO DOS GUARARAPES;Desrespeitar a prefer�ncia no cruzamento;Colis�o transversal;Com V�timas Feridas;Pleno dia;Crescente;C�u Claro;Simples;Curva;Sim;2;0;1;0;1;0;1;2;-8,08168576;-34,99023199;SPRF-PE;DEL01-PE;UOP01-DEL01-PE;;;
656027;19/01/2025;domingo;12:55:00;SC;101;194,4;BIGUACU;Objeto est�tico sobre o leito carro��vel;Colis�o com objeto;Com V�timas Feridas;Pleno dia;Crescente;C�u Claro;Dupla;Reta;Sim;2;0;2;0;0;0;2;1;-27,49815117;-48,65661236;SPRF-SC;DEL01-SC;UOP01-DEL01-SC;;;
656028;19/01/2025;domingo;09:30:00;GO;60;177;ABADIA DE GOIAS;Acessar a via sem observar a presen�a dos outros ve�culos;Sa�da de leito carro��vel;Sem V�timas;Pleno dia;Crescente;Garoa/Chuvisco;Dupla;Declive;N�o;1;0;0;0;1;0;0;1;-16,76419357;-49,46619987;SPRF-GO;DEL01-GO;UOP02-DEL01-GO;;;
656029;19/01/2025;domingo;09:30:00;PR;376;407,7;TIBAGI;Velocidade Incompat�vel;Sa�da de leito carro��vel;Com V�timas Feridas;Pleno dia;Decrescente;Chuva;Dupla;"Declive;Curva";N�o;3;0;2;1;0;0;3;1;-24,60014036;-50,66609681;SPRF-PR;DEL03-PR;UOP02-DEL03-PR;;;
656030;19/01/2025;domingo;12:20:00;RS;116;216,9;MORRO REUTER;Aus�ncia de rea��o do condutor;Colis�o lateral mesmo sentido;Com V�timas Feridas;Pleno dia;Decrescente;Sol;Simples;Rotat�ria;N�o;2;0;1;0;1;0;1;2;-29,54001608;-51,07711676;SPRF-RS;DEL05-RS;UOP02-DEL05-RS;;;
656032;19/01/2025;domingo;12:30:00;PR;116;39;CAMPINA GRANDE DO SUL;Chuva;Colis�o com objeto;Com V�timas Feridas;Pleno dia;Crescente;Chuva;Dupla;Curva;N�o;3;0;2;0;1;0;2;1;-25,156168;-48,8613401;SPRF-PR;DEL01-PR;UOP02-DEL01-PR;;;
656034;19/01/2025;domingo;10:45:00;SC;282;412,3;CATANDUVAS;Aus�ncia de rea��o do condutor;Capotamento;Com V�timas Feridas;Pleno dia;Decrescente;Sol;Simples;"Aclive;Curva";N�o;1;0;0;1;0;0;1;1;-27,05813212;-51,68372154;SPRF-SC;DEL07-SC;UOP05-DEL07-SC;;;
656035;19/01/2025;domingo;12:50:00;PR;277;332,9;GUARAPUAVA;Aus�ncia de rea��o do condutor;Sa�da de leito carro��vel;Sem V�timas;Pleno dia;Crescente;Nublado;Dupla;"Aclive;Curva";N�o;1;0;0;0;0;1;0;1;-25,34585183;-51,38476902;SPRF-PR;DEL08-PR;UOP01-DEL08-PR;;;
656040;19/01/2025;domingo;12:15:00;PR;116;46,9;CAMPINA GRANDE DO SUL;Chuva;Sa�da de leito carro��vel;Sem V�timas;Pleno dia;Decrescente;Chuva;Dupla;Curva;N�o;2;0;0;0;2;0;0;1;-25,21045;-48,897033;SPRF-PR;DEL01-PR;UOP02-DEL01-PR;;;
656042;19/01/2025;domingo;13:23:00;PE;408;98;RECIFE;Mal s�bito do condutor;Sa�da de leito carro��vel;Com V�timas Feridas;Pleno dia;Crescente;Sol;Dupla;Reta;N�o;2;0;2;0;0;0;2;1;-8,03598572;-35,03218461;SPRF-PE;DEL01-PE;UOP01-DEL01-PE;;;
656044;19/01/2025;domingo;09:00:00;RJ;101;487;ANGRA DOS REIS;Aus�ncia de rea��o do condutor;Colis�o traseira;Com V�timas Feridas;Pleno dia;Decrescente;Sol;Simples;Curva;Sim;3;0;1;0;2;0;1;3;-22,96828891;-44,29864663;SPRF-RJ;DEL03-RJ;UOP03-DEL03-RJ;;;
656045;19/01/2025;domingo;13:50:00;MG;40;678,2;CARANDAI;Condutor Dormindo;Sa�da de leito carro��vel;Com V�timas Feridas;Pleno dia;Crescente;C�u Claro;Simples;Curva;N�o;2;0;2;0;0;0;2;1;-21,02723689;-43,78274886;SPRF-MG;DEL05-MG;UOP02-DEL05-MG;;;
656047;19/01/2025;domingo;10:20:00;BA;116;818;VITORIA DA CONQUISTA;Manobra de mudan�a de faixa;Colis�o lateral mesmo sentido;Com V�timas Feridas;Pleno dia;Decrescente;Nublado;Simples;Reta;Sim;3;0;2;0;1;0;2;2;-14,8262;-40,8237;SPRF-BA;DEL08-BA;UOP01-DEL08-BA;;;
656048;19/01/2025;domingo;12:30:00;MS;267;17,3;BATAGUASSU;Demais falhas mec�nicas ou el�tricas;Queda de ocupante de ve�culo;Com V�timas Feridas;Pleno dia;Decrescente;Sol;Simples;Reta;N�o;3;0;2;0;0;1;2;2;-21,72576167;-52,29571101;SPRF-MS;DEL02-MS;UOP04-DEL02-MS;;;
656053;19/01/2025;domingo;15:25:00;SP;116;213;GUARULHOS;Velocidade Incompat�vel;Colis�o traseira;Sem V�timas;Pleno dia;Crescente;C�u Claro;Simples;Reta;Sim;3;0;0;0;3;0;0;3;-23,43971486;-46,43667806;SPRF-SP;DEL01-SP;UOP01-DEL01-SP;;;
656057;19/01/2025;domingo;15:40:00;MG;381;501;BETIM;Condutor deixou de manter dist�ncia do ve�culo da frente;Colis�o traseira;Com V�timas Feridas;Pleno dia;Decrescente;C�u Claro;Dupla;"Declive;Reta";Sim;2;0;1;0;1;0;1;2;-20,03146447;-44,2377893;SPRF-MG;DEL01-MG;UOP03-DEL01-MG;;;
656058;19/01/2025;domingo;15:50:00;PA;316;64;CASTANHAL;Aus�ncia de rea��o do condutor;Colis�o traseira;Com V�timas Feridas;Pleno dia;Crescente;Nublado;Dupla;Reta;Sim;2;0;1;0;1;0;1;2;-1,29629557;-47,91983997;SPRF-PA;DEL01-PA;UOP01-DEL01-PA;;;
656059;19/01/2025;domingo;12:43:00;AM;319;705,8;HUMAITA;Problema com o freio;Sa�da de leito carro��vel;Com V�timas Feridas;Pleno dia;Decrescente;C�u Claro;Simples;Reta;N�o;1;0;1;0;0;0;1;1;-7,76048994;-63,14450712;SPRF-AM;DEL02-AM;UOP01-DEL02-AM;;;
656060;19/01/2025;domingo;16:15:00;SP;381;10;VARGEM;Acumulo de �gua sobre o pavimento;Queda de ocupante de ve�culo;Com V�timas Feridas;Pleno dia;Crescente;Nublado;Dupla;"Curva;Interse��o de Vias";Sim;1;0;1;0;0;0;1;1;-22,92240388;-46,44345503;SPRF-SP;DEL03-SP;UOP02-DEL03-SP;;;
656061;19/01/2025;domingo;13:47:00;GO;153;659,8;GOIATUBA;Acumulo de �gua sobre o pavimento;Tombamento;Com V�timas Feridas;Pleno dia;Crescente;Chuva;Simples;Viaduto;N�o;1;0;1;0;0;0;1;1;-18,0464096;-49,26830649;SPRF-GO;DEL03-GO;UOP01-DEL03-GO;;;
656063;19/01/2025;domingo;15:08:00;SP;116;108;TAUBATE;Manobra de mudan�a de faixa;Colis�o lateral mesmo sentido;Com V�timas Feridas;Pleno dia;Crescente;Nublado;Dupla;Reta;Sim;3;0;2;0;1;0;2;2;-23,0233097;-45,53763622;SPRF-SP;DEL02-SP;UOP02-DEL02-SP;;;
656064;19/01/2025;domingo;15:00:00;PI;316;199;VALENCA DO PIAUI;Rea��o tardia ou ineficiente do condutor;Queda de ocupante de ve�culo;Com V�timas Feridas;Pleno dia;Decrescente;Garoa/Chuvisco;Simples;Reta;N�o;1;0;0;1;0;0;1;1;-6,32041515;-41,83796517;SPRF-PI;DEL04-PI;UOP02-DEL04-PI;;;
656065;19/01/2025;domingo;16:10:00;RN;110;111,5;AUGUSTO SEVERO;Pista Escorregadia;Capotamento;Com V�timas Feridas;Pleno dia;Decrescente;Chuva;Simples;Curva;N�o;1;0;1;0;0;0;1;1;-5,725418;-37,301548;SPRF-RN;DEL04-RN;UOP01-DEL04-RN;;;
656066;19/01/2025;domingo;15:55:00;SC;470;139;RIO DO SUL;Ingest�o de �lcool pelo condutor;Tombamento;Com V�timas Feridas;Pleno dia;Decrescente;C�u Claro;Simples;Reta;Sim;1;0;1;0;0;0;1;1;-27,217564;-49,65461;SPRF-SC;DEL04-SC;UOP02-DEL04-SC;;;
656067;19/01/2025;domingo;15:00:00;MG;381;908;CAMBUI;Velocidade Incompat�vel;Sa�da de leito carro��vel;Com V�timas Feridas;Pleno dia;Decrescente;Chuva;Dupla;"Curva;Declive";N�o;4;0;1;1;2;0;2;1;-22,71744092;-46,12652111;SPRF-MG;DEL16-MG;UOP03-DEL16-MG;;;
656068;19/01/2025;domingo;16:20:00;RS;290;144,4;ELDORADO DO SUL;Rea��o tardia ou ineficiente do condutor;Colis�o frontal;Com V�timas Feridas;Pleno dia;Crescente;Sol;Simples;Reta;N�o;5;0;3;2;0;0;5;2;-30,096939;-51,647282;SPRF-RS;DEL02-RS;UOP01-DEL02-RS;;;
656069;19/01/2025;domingo;16:45:00;RS;290;1;OSORIO;Rea��o tardia ou ineficiente do condutor;Colis�o traseira;Sem V�timas;Pleno dia;Crescente;C�u Claro;M�ltipla;Reta;N�o;2;0;0;0;2;0;0;2;-29,894957;-50,286026;SPRF-RS;DEL03-RS;UOP01-DEL03-RS;;;
656070;19/01/2025;domingo;16:40:00;PB;101;42,4;MAMANGUAPE;Demais falhas mec�nicas ou el�tricas;Colis�o lateral mesmo sentido;Com V�timas Feridas;Pleno dia;Decrescente;C�u Claro;Dupla;Reta;N�o;3;0;3;0;0;0;3;2;-6,856615;-35,13444297;SPRF-PB;DEL01-PB;UOP03-DEL01-PB;;;