id;data_inversa;dia_semana;horario;uf;br;km;municipio;causa_acidente;tipo_acidente;classificacao_acidente;fase_dia;sentido_via;condicao_metereologica;tipo_pista;tracado_via;uso_solo;pessoas;mortos;feridos_leves;feridos_graves;ilesos;ignorados;feridos;veiculos;latitude;longitude;regional;delegacia;uop;;;
656178;19/01/2025;domingo;23:10:00;SP;116;64,7;GUARATINGUETA;Pedestre cruzava a pista fora da faixa;Atropelamento de Pedestre;Com V�timas Feridas;Plena Noite;Crescente;C�u Claro;Dupla;Reta;N�o;2;0;2;0;0;0;2;2;-22,81942006;-45,18421298;SPRF-SP;DEL08-SP;UOP01-DEL08-SP;;;
656179;20/01/2025;segunda-feira;01:00:00;MT;70;706,8;CACERES;Velocidade Incompat�vel;Sa�da de leito carro��vel;Sem V�timas;Plena Noite;Decrescente;Chuva;Simples;Curva;N�o;1;0;0;0;1;0;0;1;-16,24017;-57,56429;SPRF-MT;DEL03-MT;UOP01-DEL03-MT;;;
656180;19/01/2025;domingo;19:30:00;RJ;40;103;DUQUE DE CAXIAS;Ingest�o de �lcool pelo condutor;Colis�o traseira;Com V�timas Feridas;Plena Noite;Crescente;C�u Claro;M�ltipla;Reta;Sim;2;0;0;1;1;0;1;2;-22,62009;-43,286922;SPRF-RJ;DEL01-RJ;UOP02-DEL01-RJ;;;
656182;20/01/2025;segunda-feira;01:00:00;PR;277;155;PALMEIRA;Rea��o tardia ou ineficiente do condutor;Sa�da de leito carro��vel;Com V�timas Feridas;Plena Noite;Crescente;Chuva;Simples;Reta;N�o;2;0;2;0;0;0;2;1;-25,4719;-49,8057;SPRF-PR;DEL03-PR;UOP03-DEL03-PR;;;
656183;20/01/2025;segunda-feira;07:05:00;PE;101;75,3;RECIFE;Condutor deixou de manter dist�ncia do ve�culo da frente;Engavetamento;Sem V�timas;Pleno dia;Decrescente;Sol;Dupla;Reta;Sim;3;0;0;0;2;1;0;3;-8,10973523;-34,94660151;SPRF-PE;DEL01-PE;UOP01-DEL01-PE;;;
656184;20/01/2025;segunda-feira;08:00:00;RJ;116;181;NOVA IGUACU;Trafegar com motocicleta (ou similar) entre as faixas;Colis�o traseira;Com V�timas Feridas;Pleno dia;Crescente;C�u Claro;Dupla;Reta;Sim;2;0;0;1;1;0;1;2;-22,761312;-43,423492;SPRF-RJ;DEL06-RJ;UOP01-DEL06-RJ;;;
656185;20/01/2025;segunda-feira;08:00:00;RS;290;95;PORTO ALEGRE;Acessar a via sem observar a presen�a dos outros ve�culos;Colis�o transversal;Com V�timas Feridas;Pleno dia;Crescente;Nublado;Dupla;Reta;N�o;2;0;1;0;1;0;1;2;-29,9836977;-51,20226502;SPRF-RS;DEL01-RS;UOP01-DEL01-RS;;;
656189;20/01/2025;segunda-feira;06:30:00;AL;101;97;PILAR;Rea��o tardia ou ineficiente do condutor;Colis�o traseira;Com V�timas Feridas;Pleno dia;Decrescente;C�u Claro;Dupla;Aclive;N�o;4;0;3;0;1;0;3;2;-9,53449091;-35,95070517;SPRF-AL;DEL01-AL;UOP01-DEL01-AL;;;
656191;20/01/2025;segunda-feira;08:20:00;MG;381;889,8;CAMBUI;Manobra de mudan�a de faixa;Colis�o traseira;Com V�timas Feridas;Pleno dia;Crescente;Sol;Dupla;Reta;N�o;3;0;1;0;2;0;1;2;-22,57874206;-46,04473491;SPRF-MG;DEL16-MG;UOP01-DEL16-MG;;;
656193;19/01/2025;domingo;20:00:00;RJ;40;108;DUQUE DE CAXIAS;Rea��o tardia ou ineficiente do condutor;Colis�o com objeto;Sem V�timas;Plena Noite;Decrescente;Chuva;Simples;Curva;N�o;1;0;0;0;0;1;0;1;-22,66476979;-43,28495144;SPRF-RJ;DEL01-RJ;UOP02-DEL01-RJ;;;
656195;20/01/2025;segunda-feira;07:30:00;RS;116;113;SAO MARCOS;Convers�o proibida;Colis�o traseira;Com V�timas Feridas;Pleno dia;Decrescente;Nublado;Simples;Reta;N�o;2;0;1;0;1;0;1;2;-28,95667906;-51,08016019;SPRF-RS;DEL05-RS;UOP01-DEL05-RS;;;
656196;20/01/2025;segunda-feira;08:45:00;RS;290;19;SANTO ANTONIO DA PATRULHA;Aus�ncia de rea��o do condutor;Colis�o traseira;Com V�timas Feridas;Pleno dia;Crescente;Nublado;M�ltipla;Reta;N�o;7;0;1;0;6;0;1;2;-29,88553684;-50,4483819;SPRF-RS;DEL03-RS;UOP01-DEL03-RS;;;
656197;20/01/2025;segunda-feira;08:30:00;AL;104;46;BRANQUINHA;Condutor deixou de manter dist�ncia do ve�culo da frente;Colis�o traseira;Com V�timas Feridas;Pleno dia;Crescente;Sol;Simples;"Reta;Aclive";Sim;3;0;0;2;1;0;2;2;-9,24110114;-36,01331702;SPRF-AL;DEL01-AL;UOP02-DEL01-AL;;;
656198;20/01/2025;segunda-feira;08:28:00;DF;70;7,4;BRASILIA;Acessar a via sem observar a presen�a dos outros ve�culos;Atropelamento de Pedestre;Com V�timas Feridas;Pleno dia;Decrescente;C�u Claro;Dupla;Reta;Sim;3;0;1;0;2;0;1;3;-15,787601;-48,114429;SPRF-DF;DEL03-DF;UOP02-DEL03-DF;;;
656199;20/01/2025;segunda-feira;08:00:00;PR;116;44;CAMPINA GRANDE DO SUL;Rea��o tardia ou ineficiente do condutor;Colis�o com objeto;Sem V�timas;Pleno dia;Crescente;Nublado;Dupla;Curva;N�o;1;0;0;0;1;0;0;1;-25,191265;-48,885173;SPRF-PR;DEL01-PR;UOP02-DEL01-PR;;;
656200;20/01/2025;segunda-feira;09:00:00;RS;116;260;CANOAS;Frear bruscamente;Tombamento;Com V�timas Feridas;Pleno dia;Crescente;C�u Claro;Dupla;"Reta;Em Obras";Sim;1;0;0;1;0;0;1;1;-29,879208;-51,18045622;SPRF-RS;DEL01-RS;UOP01-DEL01-RS;;;
656201;20/01/2025;segunda-feira;09:00:00;ES;101;66,6;SAO MATEUS;Desrespeitar a prefer�ncia no cruzamento;Colis�o transversal;Com V�timas Feridas;Pleno dia;Decrescente;C�u Claro;M�ltipla;"Interse��o de Vias;Reta";Sim;2;0;1;0;1;0;1;2;-18,7165195;-39,87436378;SPRF-ES;DEL04-ES;UOP02-DEL04-ES;;;
656203;20/01/2025;segunda-feira;08:05:00;MG;50;178,2;UBERABA;Rea��o tardia ou ineficiente do condutor;Sa�da de leito carro��vel;Com V�timas Feridas;Pleno dia;Crescente;C�u Claro;Dupla;Declive;Sim;1;0;1;0;0;0;1;1;-19,77896821;-47,94093599;SPRF-MG;DEL13-MG;UOP01-DEL13-MG;;;
656204;20/01/2025;segunda-feira;09:25:00;RJ;116;186;NOVA IGUACU;Desrespeitar a prefer�ncia no cruzamento;Colis�o lateral mesmo sentido;Com V�timas Feridas;Pleno dia;Decrescente;C�u Claro;Dupla;Reta;N�o;3;0;2;0;1;0;2;2;-22,73962339;-43,46276495;SPRF-RJ;DEL06-RJ;UOP01-DEL06-RJ;;;
656205;20/01/2025;segunda-feira;09:30:00;RJ;116;186;NOVA IGUACU;Rea��o tardia ou ineficiente do condutor;Colis�o traseira;Com V�timas Feridas;Pleno dia;Decrescente;Sol;Dupla;Reta;Sim;3;0;1;0;1;1;1;3;-22,73962339;-43,46276495;SPRF-RJ;DEL06-RJ;UOP01-DEL06-RJ;;;
656207;20/01/2025;segunda-feira;08:50:00;PA;230;109;MARABA;Condutor deixou de manter dist�ncia do ve�culo da frente;Sa�da de leito carro��vel;Com V�timas Feridas;Pleno dia;Decrescente;C�u Claro;Simples;Reta;N�o;4;0;1;0;2;1;1;2;-5,37536896;-49,02246799;SPRF-PA;DEL03-PA;UOP01-DEL03-PA;;;
656208;07/01/2025;ter�a-feira;03:35:00;MS;163;611;SAO GABRIEL DO OESTE;Aus�ncia de rea��o do condutor;Tombamento;Com V�timas Feridas;Plena Noite;Decrescente;Ignorado;Simples;Reta;N�o;2;0;1;0;1;0;1;1;-19,42738291;-54,54332791;SPRF-MS;DEL06-MS;UOP02-DEL06-MS;;;
656209;20/01/2025;segunda-feira;07:40:00;MG;40;545;NOVA LIMA;Condutor deixou de manter dist�ncia do ve�culo da frente;Colis�o traseira;Com V�timas Feridas;Pleno dia;Crescente;C�u Claro;Dupla;"Reta;Viaduto";N�o;3;0;0;1;2;0;1;2;-20,00670404;-43,96418668;SPRF-MG;DEL01-MG;UOP02-DEL01-MG;;;
656211;20/01/2025;segunda-feira;09:12:00;PR;369;147;LONDRINA;Condutor deixou de manter dist�ncia do ve�culo da frente;Colis�o traseira;Com V�timas Feridas;Pleno dia;Crescente;C�u Claro;Dupla;"Reta;Declive;Interse��o de Vias";Sim;3;0;1;0;2;0;1;2;-23,29289592;-51,13418763;SPRF-PR;DEL07-PR;UOP01-DEL07-PR;;;
656212;20/01/2025;segunda-feira;08:30:00;BA;324;622;SALVADOR;Rea��o tardia ou ineficiente do condutor;Colis�o lateral mesmo sentido;Com V�timas Feridas;Pleno dia;Crescente;C�u Claro;Dupla;Reta;Sim;2;0;1;0;0;1;1;2;-12,91888605;-38,46502095;SPRF-BA;DEL01-BA;UOP01-DEL01-BA;;;
656213;20/01/2025;segunda-feira;09:38:00;RS;290;95;PORTO ALEGRE;Demais falhas mec�nicas ou el�tricas;Queda de ocupante de ve�culo;Com V�timas Feridas;Pleno dia;Crescente;Chuva;M�ltipla;Reta;N�o;2;0;2;0;0;0;2;1;-29,982832;-51,201572;SPRF-RS;DEL01-RS;UOP01-DEL01-RS;;;
656215;20/01/2025;segunda-feira;09:00:00;RS;290;303,2;CACHOEIRA DO SUL;Transitar na contram�o;Colis�o frontal;Com V�timas Feridas;Pleno dia;Crescente;C�u Claro;Simples;"Reta;Aclive";N�o;6;0;5;1;0;0;6;2;-30,323257;-53,238743;SPRF-RS;DEL09-RS;UOP02-DEL09-RS;;;
656216;20/01/2025;segunda-feira;07:20:00;PR;116;10;CAMPINA GRANDE DO SUL;Chuva;Sa�da de leito carro��vel;Com V�timas Feridas;Pleno dia;Crescente;Chuva;Dupla;Curva;N�o;2;0;1;0;1;0;1;1;-25,08357197;-48,64281407;SPRF-PR;DEL01-PR;UOP02-DEL01-PR;;;
656219;20/01/2025;segunda-feira;09:30:00;RJ;101;532;ANGRA DOS REIS;Acessar a via sem observar a presen�a dos outros ve�culos;Atropelamento de Pedestre;Com V�timas Feridas;Pleno dia;Crescente;C�u Claro;Simples;Reta;N�o;2;0;1;0;1;0;1;2;-23,02210579;-44,53584172;SPRF-RJ;DEL03-RJ;UOP03-DEL03-RJ;;;
656220;20/01/2025;segunda-feira;09:30:00;CE;222;220,5;SOBRAL;Acessar a via sem observar a presen�a dos outros ve�culos;Colis�o transversal;Com V�timas Feridas;Pleno dia;Decrescente;C�u Claro;Simples;Interse��o de Vias;N�o;7;0;1;0;6;0;1;2;-3,73488299;-40,31795598;SPRF-CE;DEL04-CE;UOP01-DEL04-CE;;;
656223;20/01/2025;segunda-feira;08:00:00;PR;116;7;QUATRO BARRAS;Rea��o tardia ou ineficiente do condutor;Colis�o com objeto;Com V�timas Feridas;Pleno dia;Decrescente;Nublado;Dupla;Reta;Sim;1;0;1;0;0;0;1;1;-25,36734;-49,102043;SPRF-PR;DEL01-PR;UOP02-DEL01-PR;;;
656225;20/01/2025;segunda-feira;09:45:00;SC;282;574,4;PINHALZINHO;Pista Escorregadia;Colis�o com objeto;Com V�timas Feridas;Pleno dia;Crescente;Garoa/Chuvisco;Simples;"Reta;Aclive";N�o;2;0;2;0;0;0;2;1;-26,867399;-52,965149;SPRF-SC;DEL07-SC;UOP02-DEL07-SC;;;
656228;20/01/2025;segunda-feira;08:30:00;GO;50;281;CATALAO;Desrespeitar a prefer�ncia no cruzamento;Colis�o transversal;Com V�timas Feridas;Pleno dia;Decrescente;C�u Claro;Dupla;Rotat�ria;Sim;2;0;1;0;1;0;1;2;-18,1838;-47,9441;SPRF-GO;DEL06-GO;UOP01-DEL06-GO;;;
656230;20/01/2025;segunda-feira;10:40:00;RN;226;13,2;MACAIBA;Ingest�o de �lcool pelo condutor;Colis�o frontal;Com V�timas Feridas;Pleno dia;Crescente;Sol;Simples;Reta;N�o;2;0;0;1;1;0;1;2;-5,85273906;-35,32206416;SPRF-RN;DEL01-RN;UOP02-DEL01-RN;;;
656231;20/01/2025;segunda-feira;10:30:00;PI;343;200;PIRIPIRI;Transitar na contram�o;Sa�da de leito carro��vel;Com V�timas Feridas;Pleno dia;Decrescente;Sol;Simples;Reta;N�o;6;0;1;1;3;1;2;2;-4,384077;-41,845329;SPRF-PI;DEL02-PI;UOP01-DEL02-PI;;;
656232;20/01/2025;segunda-feira;09:55:00;GO;40;115;CRISTALINA;Condutor Dormindo;Sa�da de leito carro��vel;Com V�timas Feridas;Pleno dia;Decrescente;Nublado;Dupla;Curva;N�o;4;0;3;0;1;0;3;1;-16,849173;-47,467226;SPRF-DF;DEL01-DF;UOP02-DEL01-DF;;;
656233;20/01/2025;segunda-feira;09:40:00;BA;101;367;GANDU;Desrespeitar a prefer�ncia no cruzamento;Colis�o transversal;Com V�timas Feridas;Pleno dia;Crescente;C�u Claro;Simples;Reta;Sim;2;0;1;0;1;0;1;2;-13,88580087;-39,48325188;SPRF-BA;DEL05-BA;UOP03-DEL05-BA;;;
656235;20/01/2025;segunda-feira;10:40:00;PR;163;161,7;LINDOESTE;Rea��o tardia ou ineficiente do condutor;Colis�o com objeto;Com V�timas Feridas;Pleno dia;Crescente;Garoa/Chuvisco;Dupla;"Aclive;Curva";N�o;1;0;1;0;0;0;1;1;-25,32790599;-53,59159198;SPRF-PR;DEL05-PR;UOP05-DEL05-PR;;;
656236;20/01/2025;segunda-feira;07:05:00;RJ;101;321;NITEROI;Rea��o tardia ou ineficiente do condutor;Tombamento;Com V�timas Feridas;Pleno dia;Crescente;C�u Claro;Dupla;Curva;N�o;1;0;1;0;0;0;1;1;-22,86981096;-43,11046465;SPRF-RJ;DEL02-RJ;UOP01-DEL02-RJ;;;
656237;20/01/2025;segunda-feira;06:52:00;MT;163;88,3;RONDONOPOLIS;Aus�ncia de rea��o do condutor;Colis�o com objeto;Com V�timas Feridas;Pleno dia;Decrescente;C�u Claro;Dupla;"Reta;Declive";N�o;2;0;2;0;0;0;2;1;-16,75646914;-54,65421973;SPRF-MT;DEL02-MT;UOP03-DEL02-MT;;;
656238;20/01/2025;segunda-feira;11:30:00;RS;392;352;SANTA MARIA;Acessar a via sem observar a presen�a dos outros ve�culos;Colis�o transversal;Com V�timas Feridas;Pleno dia;Crescente;C�u Claro;Simples;"Em Obras;Interse��o de Vias";Sim;6;0;5;0;0;1;5;3;-29,720404;-53,807632;SPRF-RS;DEL09-RS;UOP01-DEL09-RS;;;
656239;20/01/2025;segunda-feira;07:30:00;RJ;101;322;NITEROI;Aus�ncia de rea��o do condutor;Colis�o traseira;Com V�timas Feridas;Pleno dia;Decrescente;C�u Claro;Dupla;Reta;N�o;2;0;1;0;0;1;1;2;-22,878923;-43,110676;SPRF-RJ;DEL02-RJ;UOP01-DEL02-RJ;;;
656240;20/01/2025;segunda-feira;11:45:00;ES;101;258;SERRA;Velocidade Incompat�vel;Colis�o traseira;Com V�timas Feridas;Pleno dia;Decrescente;Sol;Dupla;"Reta;Aclive";Sim;2;0;1;0;1;0;1;2;-20,13059888;-40,2961019;SPRF-ES;DEL02-ES;UOP01-DEL02-ES;;;
656241;20/01/2025;segunda-feira;09:10:00;MG;116;555,7;MANHUACU;Velocidade Incompat�vel;Sa�da de leito carro��vel;Com V�timas Feridas;Pleno dia;Crescente;C�u Claro;Simples;Curva;N�o;2;0;1;0;1;0;1;2;-20,00911074;-42,14328403;SPRF-MG;DEL06-MG;UOP02-DEL06-MG;;;
656242;20/01/2025;segunda-feira;12:03:00;RN;101;82;NATAL;Problema com o freio;Colis�o traseira;Com V�timas Feridas;Pleno dia;Decrescente;Sol;Dupla;"Reta;Interse��o de Vias";Sim;3;0;1;0;2;0;1;3;-5,76791511;-35,27456305;SPRF-RN;DEL02-RN;UOP01-DEL02-RN;;;
656243;20/01/2025;segunda-feira;08:00:00;SC;282;299,6;VARGEM;Aus�ncia de rea��o do condutor;Colis�o frontal;Com V�timas Fatais;Pleno dia;Decrescente;C�u Claro;Simples;Curva;N�o;4;1;2;1;0;0;3;3;-27,519346;-50,909714;SPRF-SC;DEL07-SC;UOP06-DEL07-SC;;;
656246;20/01/2025;segunda-feira;12:20:00;DF;70;7;BRASILIA;Demais falhas mec�nicas ou el�tricas;Queda de ocupante de ve�culo;Com V�timas Feridas;Pleno dia;Decrescente;Sol;Dupla;Reta;Sim;2;0;2;0;0;0;2;1;-15,787601;-48,114429;SPRF-DF;DEL03-DF;UOP02-DEL03-DF;;;
656247;20/01/2025;segunda-feira;12:40:00;BA;135;193;BARREIRAS;Acessar a via sem observar a presen�a dos outros ve�culos;Colis�o frontal;Com V�timas Feridas;Pleno dia;Crescente;C�u Claro;Simples;Reta;N�o;3;0;0;3;0;0;3;2;-12,30656505;-45,01392172;SPRF-BA;DEL10-BA;UOP01-DEL10-BA;;;
656249;20/01/2025;segunda-feira;11:20:00;RS;290;248;CACHOEIRA DO SUL;Rea��o tardia ou ineficiente do condutor;Engavetamento;Com V�timas Feridas;Pleno dia;Crescente;C�u Claro;Simples;"Reta;Em Obras";N�o;5;0;2;0;1;2;2;3;-30,233294;-52,704216;SPRF-RS;DEL02-RS;UOP03-DEL02-RS;;;
656250;20/01/2025;segunda-feira;12:30:00;SP;153;122;UBARANA;Manobra de mudan�a de faixa;Sa�da de leito carro��vel;Com V�timas Feridas;Pleno dia;Crescente;Sol;Simples;Reta;N�o;6;0;6;0;0;0;6;1;-21,18661376;-49,72333446;SPRF-SP;DEL09-SP;UOP01-DEL09-SP;;;
656256;20/01/2025;segunda-feira;13:15:00;GO;153;435,8;ANAPOLIS;Avarias e/ou desgaste excessivo no pneu;Tombamento;Com V�timas Feridas;Pleno dia;Decrescente;C�u Claro;Dupla;"Reta;Aclive";Sim;2;0;2;0;0;0;2;1;-16,280523;-48,960049;SPRF-GO;DEL02-GO;UOP01-DEL02-GO;;;
656259;20/01/2025;segunda-feira;12:28:00;PE;232;7,8;RECIFE;Condutor deixou de manter dist�ncia do ve�culo da frente;Colis�o traseira;Com V�timas Feridas;Pleno dia;Decrescente;C�u Claro;Dupla;Reta;N�o;2;0;1;0;0;1;1;2;-8,07333497;-34,96184301;SPRF-PE;DEL01-PE;UOP01-DEL01-PE;;;
656260;20/01/2025;segunda-feira;13:10:00;PI;135;358;BOM JESUS;Pista Escorregadia;Sa�da de leito carro��vel;Sem V�timas;Pleno dia;Crescente;Chuva;Simples;"Curva;Declive";N�o;1;0;0;0;1;0;0;1;-9,12136518;-44,37810173;SPRF-PI;DEL03-PI;UOP02-DEL03-PI;;;
656261;20/01/2025;segunda-feira;13:15:00;PB;101;119,7;PEDRAS DE FOGO;Aus�ncia de rea��o do condutor;Colis�o com objeto;Com V�timas Feridas;Pleno dia;Crescente;C�u Claro;Dupla;"Reta;Ponte;Declive";N�o;1;0;1;0;0;0;1;1;-7,42897814;-34,96672977;SPRF-PB;DEL01-PB;UOP01-DEL01-PB;;;
656262;20/01/2025;segunda-feira;13:15:00;MT;70;1,2;BARRA DO GARCAS;Rea��o tardia ou ineficiente do condutor;Colis�o lateral mesmo sentido;Com V�timas Feridas;Pleno dia;Decrescente;Sol;Simples;Reta;Sim;3;0;2;0;0;1;2;3;-15,89164596;-52,26202884;SPRF-MT;DEL07-MT;UOP01-DEL07-MT;;;
656263;20/01/2025;segunda-feira;10:45:00;RO;364;14;VILHENA;Acessar a via sem observar a presen�a dos outros ve�culos;Colis�o traseira;Com V�timas Feridas;Pleno dia;Decrescente;Garoa/Chuvisco;Simples;Reta;Sim;2;0;1;0;1;0;1;2;-12,73898138;-60,13911417;SPRF-RO;DEL04-RO;UOP01-DEL04-RO;;;
656264;20/01/2025;segunda-feira;09:50:00;PI;343;327;TERESINA;Condutor deixou de manter dist�ncia do ve�culo da frente;Colis�o traseira;Sem V�timas;Pleno dia;Crescente;C�u Claro;Simples;Reta;N�o;2;0;0;0;2;0;0;2;-5,071425;-42,625938;SPRF-PI;DEL01-PI;UOP01-DEL01-PI;;;
656266;20/01/2025;segunda-feira;13:00:00;PR;116;114,5;CURITIBA;Acessar a via sem observar a presen�a dos outros ve�culos;Colis�o com objeto;Com V�timas Feridas;Pleno dia;Decrescente;Garoa/Chuvisco;M�ltipla;Reta;Sim;5;0;2;0;3;0;2;2;-25,54501352;-49,29991901;SPRF-PR;DEL01-PR;UOP03-DEL01-PR;;;
656267;20/01/2025;segunda-feira;11:15:00;RJ;101;415;MANGARATIBA;Condutor deixou de manter dist�ncia do ve�culo da frente;Colis�o traseira;Sem V�timas;Pleno dia;Crescente;C�u Claro;Dupla;Reta;N�o;2;0;0;0;2;0;0;2;-22,90433243;-43,88181398;SPRF-RJ;DEL03-RJ;UOP01-DEL03-RJ;;;
656268;20/01/2025;segunda-feira;13:20:00;PR;373;477,2;CORONEL VIVIDA;Desrespeitar a prefer�ncia no cruzamento;Colis�o transversal;Com V�timas Feridas;Pleno dia;Decrescente;C�u Claro;Simples;Reta;N�o;2;0;1;0;1;0;1;2;-25,96797377;-52,52685308;SPRF-PR;DEL02-PR;UOP01-DEL02-PR;;;
656269;20/01/2025;segunda-feira;14:15:00;SP;116;143;SAO JOSE DOS CAMPOS;Aus�ncia de rea��o do condutor;Colis�o traseira;Com V�timas Feridas;Pleno dia;Crescente;Sol;Dupla;Reta;Sim;2;0;1;1;0;0;2;2;-23,17849879;-45,83787411;SPRF-SP;DEL02-SP;UOP01-DEL02-SP;;;
656270;20/01/2025;segunda-feira;12:50:00;RJ;40;110;DUQUE DE CAXIAS;Acessar a via sem observar a presen�a dos outros ve�culos;Colis�o lateral mesmo sentido;Com V�timas Feridas;Pleno dia;Decrescente;C�u Claro;M�ltipla;Reta;Sim;3;0;1;0;2;0;1;2;-22,68289906;-43,28549346;SPRF-RJ;DEL01-RJ;UOP02-DEL01-RJ;;;
656271;20/01/2025;segunda-feira;14:05:00;SP;116;212;GUARULHOS;Carga excessiva e/ou mal acondicionada;Tombamento;Com V�timas Feridas;Pleno dia;Crescente;Sol;M�ltipla;"Declive;Reta";Sim;1;0;1;0;0;0;1;1;-23,43608315;-46,42805094;SPRF-SP;DEL01-SP;UOP01-DEL01-SP;;;
656274;20/01/2025;segunda-feira;14:20:00;SC;101;201,5;SAO JOSE;Aus�ncia de rea��o do condutor;Colis�o traseira;Com V�timas Feridas;Pleno dia;Crescente;C�u Claro;Dupla;"Reta;Interse��o de Vias";Sim;2;0;1;0;1;0;1;2;-27,54836599;-48,61977975;SPRF-SC;DEL01-SC;UOP01-DEL01-SC;;;
656276;20/01/2025;segunda-feira;14:30:00;SC;101;119;ITAJAI;Aus�ncia de rea��o do condutor;Tombamento;Com V�timas Feridas;Pleno dia;Crescente;Sol;Dupla;Reta;N�o;1;0;1;0;0;0;1;1;-26,9043179;-48,71555481;SPRF-SC;DEL04-SC;UOP04-DEL04-SC;;;
656277;20/01/2025;segunda-feira;14:40:00;SC;101;134;BALNEARIO CAMBORIU;Acessar a via sem observar a presen�a dos outros ve�culos;Colis�o transversal;Com V�timas Feridas;Pleno dia;Crescente;C�u Claro;M�ltipla;Reta;Sim;2;0;0;1;1;0;1;2;-27,00218;-48,636433;SPRF-SC;DEL04-SC;UOP03-DEL04-SC;;;
656278;20/01/2025;segunda-feira;13:20:00;PR;376;391,5;IMBAU;Velocidade Incompat�vel;Colis�o com objeto;Com V�timas Feridas;Pleno dia;Decrescente;Chuva;Dupla;"Reta;Declive";N�o;2;0;2;0;0;0;2;1;-24,481;-50,73567;SPRF-PR;DEL03-PR;UOP02-DEL03-PR;;;
656281;20/01/2025;segunda-feira;13:12:00;BA;367;24,5;PORTO SEGURO;Acessar a via sem observar a presen�a dos outros ve�culos;Colis�o transversal;Com V�timas Feridas;Pleno dia;Crescente;C�u Claro;Simples;Reta;Sim;3;0;0;1;2;0;1;2;-16,43763962;-39,0813791;SPRF-BA;DEL09-BA;UOP03-DEL09-BA;;;
656284;20/01/2025;segunda-feira;14:40:00;DF;20;5;BRASILIA;Rea��o tardia ou ineficiente do condutor;Colis�o lateral mesmo sentido;Com V�timas Feridas;Pleno dia;Crescente;C�u Claro;Dupla;"Reta;Aclive";Sim;1;0;1;0;0;0;1;1;-15,670546;-47,816044;SPRF-DF;DEL02-DF;UOP01-DEL02-DF;;;
656286;20/01/2025;segunda-feira;14:20:00;DF;20;5;BRASILIA;Entrada inopinada do pedestre;Atropelamento de Pedestre;Com V�timas Feridas;Pleno dia;Crescente;C�u Claro;Dupla;Reta;N�o;2;0;1;0;1;0;1;2;-15,670546;-47,816044;SPRF-DF;DEL02-DF;UOP01-DEL02-DF;;;
656287;20/01/2025;segunda-feira;12:30:00;MT;163;538,9;DIAMANTINO;Velocidade Incompat�vel;Sa�da de leito carro��vel;Com V�timas Feridas;Pleno dia;Crescente;Nublado;Dupla;Curva;N�o;1;0;0;1;0;0;1;1;-14,306883;-56,138802;SPRF-MT;DEL01-MT;UOP01-DEL01-MT;;;
656288;20/01/2025;segunda-feira;15:05:00;SC;282;514;XAXIM;Condutor deixou de manter dist�ncia do ve�culo da frente;Colis�o traseira;Com V�timas Feridas;Pleno dia;Crescente;C�u Claro;Simples;Reta;N�o;4;0;1;0;3;0;1;2;-26,916084;-52,49052;SPRF-SC;DEL07-SC;UOP01-DEL07-SC;;;
656289;20/01/2025;segunda-feira;15:00:00;SC;280;58;GUARAMIRIM;Manobra de mudan�a de faixa;Tombamento;Com V�timas Feridas;Pleno dia;Decrescente;C�u Claro;Simples;"Reta;Rotat�ria";Sim;2;0;1;0;1;0;1;2;-26,47415593;-49,021211;SPRF-SC;DEL03-SC;UOP03-DEL03-SC;;;
656290;20/01/2025;segunda-feira;14:25:00;SC;153;67;IRANI;Aus�ncia de rea��o do condutor;Sa�da de leito carro��vel;Com V�timas Feridas;Pleno dia;Decrescente;C�u Claro;Simples;"Aclive;Curva";N�o;1;0;1;0;0;0;1;1;-27,03076753;-51,87955173;SPRF-SC;DEL07-SC;UOP04-DEL07-SC;;;
656291;20/01/2025;segunda-feira;14:50:00;PR;376;594;CURITIBA;Aus�ncia de rea��o do condutor;Colis�o traseira;Com V�timas Feridas;Pleno dia;Crescente;Chuva;Dupla;Reta;N�o;2;0;1;0;1;0;1;2;-25,48479613;-49,34730331;SPRF-PR;DEL03-PR;UOP03-DEL03-PR;;;
656293;20/01/2025;segunda-feira;07:55:00;PR;116;115;CURITIBA;Acessar a via sem observar a presen�a dos outros ve�culos;Colis�o lateral mesmo sentido;Sem V�timas;Pleno dia;Decrescente;C�u Claro;Dupla;Reta;Sim;4;0;0;0;4;0;0;3;-25,55953326;-49,26560414;SPRF-PR;DEL01-PR;UOP03-DEL01-PR;;;
656299;20/01/2025;segunda-feira;15:49:00;PE;101;46;IGARASSU;Condutor deixou de manter dist�ncia do ve�culo da frente;Colis�o traseira;Com V�timas Feridas;Pleno dia;Crescente;C�u Claro;M�ltipla;Reta;N�o;2;0;1;0;1;0;1;2;-7,87406004;-34,90588126;SPRF-PE;DEL01-PE;UOP02-DEL01-PE;;;
656301;20/01/2025;segunda-feira;16:20:00;MA;10;255;IMPERATRIZ;Acessar a via sem observar a presen�a dos outros ve�culos;Colis�o transversal;Sem V�timas;Pleno dia;Crescente;C�u Claro;Simples;Reta;Sim;2;0;0;0;2;0;0;2;-5,508798;-47,471718;SPRF-MA;DEL04-MA;UOP01-DEL04-MA;;;