id;data_inversa;dia_semana;horario;uf;br;km;municipio;causa_acidente;tipo_acidente;classificacao_acidente;fase_dia;sentido_via;condicao_metereologica;tipo_pista;tracado_via;uso_solo;pessoas;mortos;feridos_leves;feridos_graves;ilesos;ignorados;feridos;veiculos;latitude;longitude;regional;delegacia;uop;;;
656304;20/01/2025;segunda-feira;17:00:00;RJ;101;484,9;ANGRA DOS REIS;Condutor deixou de manter dist�ncia do ve�culo da frente;Colis�o traseira;Sem V�timas;Pleno dia;Decrescente;Garoa/Chuvisco;Simples;"Reta;Aclive";N�o;2;0;0;0;2;0;0;2;-22,99096308;-44,30429882;SPRF-RJ;DEL03-RJ;UOP03-DEL03-RJ;;;
656306;20/01/2025;segunda-feira;16:30:00;RJ;101;245;SILVA JARDIM;Condutor Dormindo;Sa�da de leito carro��vel;Com V�timas Feridas;Pleno dia;Crescente;C�u Claro;Dupla;Reta;N�o;4;0;1;0;3;0;1;1;-22,64524706;-42,48167495;SPRF-RJ;DEL02-RJ;UOP03-DEL02-RJ;;;
656307;20/01/2025;segunda-feira;16:25:00;PE;101;67;RECIFE;Condutor deixou de manter dist�ncia do ve�culo da frente;Colis�o traseira;Sem V�timas;Pleno dia;Crescente;C�u Claro;M�ltipla;Reta;Sim;2;0;0;0;2;0;0;2;-8,047727;-34,94513;SPRF-PE;DEL01-PE;UOP01-DEL01-PE;;;
656308;20/01/2025;segunda-feira;16:15:00;RS;290;258,9;CACHOEIRA DO SUL;Demais falhas mec�nicas ou el�tricas;Inc�ndio;Sem V�timas;Pleno dia;Decrescente;Sol;Simples;Reta;N�o;1;0;0;0;1;0;0;1;-30,25550857;-52,80544281;SPRF-RS;DEL02-RS;UOP03-DEL02-RS;;;
656309;20/01/2025;segunda-feira;16:55:00;BA;116;783;PLANALTO;Acessar a via sem observar a presen�a dos outros ve�culos;Colis�o transversal;Com V�timas Feridas;Pleno dia;Crescente;C�u Claro;Simples;Aclive;N�o;5;0;1;0;4;0;1;2;-14,65785594;-40,46029014;SPRF-BA;DEL08-BA;UOP02-DEL08-BA;;;
656312;20/01/2025;segunda-feira;13:45:00;SC;101;118,9;ITAJAI;Aus�ncia de rea��o do condutor;Tombamento;Com V�timas Feridas;Pleno dia;Crescente;Sol;Dupla;Reta;N�o;1;0;0;1;0;0;1;1;-26,895859;-48,71903;SPRF-SC;DEL04-SC;UOP04-DEL04-SC;;;
656317;20/01/2025;segunda-feira;17:30:00;PI;343;23;PARNAIBA;Acessar a via sem observar a presen�a dos outros ve�culos;Atropelamento de Pedestre;Com V�timas Fatais;Pleno dia;Crescente;C�u Claro;Simples;Reta;N�o;6;1;0;0;5;0;0;2;-2,998956;-41,76561;SPRF-PI;DEL05-PI;UOP01-DEL05-PI;;;
656320;20/01/2025;segunda-feira;16:55:00;SC;280;28;ARAQUARI;Transitar no Acostamento;Colis�o transversal;Com V�timas Feridas;Pleno dia;Crescente;C�u Claro;Simples;Reta;N�o;2;0;1;0;1;0;1;2;-26,40450077;-48,74561031;SPRF-SC;DEL03-SC;UOP03-DEL03-SC;;;
656324;20/01/2025;segunda-feira;17:50:00;RS;386;349;LAJEADO;Manobra de mudan�a de faixa;Colis�o lateral mesmo sentido;Com V�timas Feridas;Pleno dia;Crescente;C�u Claro;Dupla;"Reta;Ponte";Sim;2;0;1;1;0;0;2;2;-29,465483;-51,95509;SPRF-RS;DEL04-RS;UOP01-DEL04-RS;;;
656325;20/01/2025;segunda-feira;13:45:00;RJ;101;296;SAO GONCALO;Rea��o tardia ou ineficiente do condutor;Queda de ocupante de ve�culo;Com V�timas Feridas;Pleno dia;Decrescente;C�u Claro;Dupla;Reta;N�o;1;0;1;0;0;0;1;1;-22,7670498;-42,91019601;SPRF-RJ;DEL02-RJ;UOP02-DEL02-RJ;;;
656326;20/01/2025;segunda-feira;17:35:00;PR;373;172,4;PONTA GROSSA;Velocidade Incompat�vel;Colis�o traseira;Com V�timas Feridas;Pleno dia;Decrescente;Chuva;Dupla;Reta;Sim;2;0;0;1;1;0;1;2;-25,08139932;-50,19200981;SPRF-PR;DEL03-PR;UOP01-DEL03-PR;;;
656329;20/01/2025;segunda-feira;17:45:00;RJ;116;186;NOVA IGUACU;Rea��o tardia ou ineficiente do condutor;Colis�o traseira;Com V�timas Feridas;Pleno dia;Decrescente;C�u Claro;Dupla;Reta;N�o;2;0;1;0;1;0;1;2;-22,73962339;-43,46276495;SPRF-RJ;DEL06-RJ;UOP01-DEL06-RJ;;;
656330;20/01/2025;segunda-feira;17:55:00;DF;70;14;BRASILIA;Aus�ncia de rea��o do condutor;Queda de ocupante de ve�culo;Com V�timas Feridas;Pleno dia;Crescente;C�u Claro;Dupla;"Curva;Retorno Regulamentado";N�o;1;0;1;0;0;0;1;1;-15,797312;-48,176056;SPRF-DF;DEL03-DF;UOP02-DEL03-DF;;;
656331;20/01/2025;segunda-feira;15:00:00;SP;116;492,9;CAJATI;Avarias e/ou desgaste excessivo no pneu;Tombamento;Com V�timas Feridas;Pleno dia;Crescente;C�u Claro;Dupla;Reta;N�o;2;0;2;0;0;0;2;1;-24,74308052;-48,1325941;SPRF-SP;DEL05-SP;UOP01-DEL05-SP;;;
656332;20/01/2025;segunda-feira;17:45:00;PR;116;210,8;RIO NEGRO;Acessar a via sem observar a presen�a dos outros ve�culos;Colis�o transversal;Com V�timas Feridas;Pleno dia;Crescente;C�u Claro;Simples;"Reta;Retorno Regulamentado;Interse��o de Vias";Sim;3;0;2;0;1;0;2;2;-26,1012601;-49,7807774;SPRF-SC;DEL06-SC;UOP01-DEL06-SC;;;
656334;20/01/2025;segunda-feira;18:10:00;PR;277;71;SAO JOSE DOS PINHAIS;Rea��o tardia ou ineficiente do condutor;Colis�o traseira;Com V�timas Feridas;Pleno dia;Crescente;C�u Claro;Dupla;"Reta;Interse��o de Vias";Sim;2;0;0;1;1;0;1;2;-25,52920381;-49,08862791;SPRF-PR;DEL01-PR;UOP07-DEL01-PR;;;
656336;20/01/2025;segunda-feira;18:20:00;RN;226;4;NATAL;Manobra de mudan�a de faixa;Colis�o lateral sentido oposto;Com V�timas Feridas;Plena Noite;Crescente;C�u Claro;Simples;Reta;Sim;2;0;1;0;1;0;1;2;-5,81958019;-35,25969486;SPRF-RN;DEL01-RN;UOP02-DEL01-RN;;;
656338;20/01/2025;segunda-feira;17:30:00;PA;316;252;CACHOEIRA DO PIRIA;Avarias e/ou desgaste excessivo no pneu;Sa�da de leito carro��vel;Com V�timas Fatais;Pleno dia;Crescente;C�u Claro;Simples;Reta;N�o;5;1;2;2;0;0;4;1;-1,78751233;-46,49904013;SPRF-PA;DEL01-PA;UOP04-DEL01-PA;;;
656340;20/01/2025;segunda-feira;19:25:00;ES;101;145;LINHARES;Aus�ncia de rea��o do condutor;Colis�o lateral mesmo sentido;Com V�timas Feridas;Plena Noite;Crescente;C�u Claro;Dupla;Reta;N�o;2;0;1;0;1;0;1;2;-19,36089598;-40,06464018;SPRF-ES;DEL04-ES;UOP01-DEL04-ES;;;
656341;20/01/2025;segunda-feira;19:05:00;PB;230;27;JOAO PESSOA;Aus�ncia de rea��o do condutor;Colis�o lateral mesmo sentido;Com V�timas Feridas;Plena Noite;Crescente;C�u Claro;Dupla;"Declive;Reta";Sim;2;0;1;0;1;0;1;2;-7,1677;-34,8855;SPRF-PB;DEL01-PB;UOP01-DEL01-PB;;;
656342;20/01/2025;segunda-feira;18:45:00;ES;262;38;DOMINGOS MARTINS;Convers�o proibida;Colis�o transversal;Com V�timas Feridas;Plena Noite;Crescente;C�u Claro;Simples;Reta;N�o;2;0;1;0;1;0;1;2;-20,38085315;-40,62068704;SPRF-ES;DEL01-ES;UOP01-DEL01-ES;;;
656344;20/01/2025;segunda-feira;19:45:00;GO;153;490;GOIANIA;Pedestre andava na pista;Atropelamento de Pedestre;Com V�timas Feridas;Anoitecer;Crescente;Nublado;Dupla;Reta;Sim;2;0;0;1;1;0;1;2;-16,6298;-49,2056;SPRF-GO;DEL01-GO;UOP01-DEL01-GO;;;
656345;20/01/2025;segunda-feira;19:45:00;RS;285;408,8;PANAMBI;Animais na Pista;Atropelamento de Animal;Com V�timas Feridas;Plena Noite;Crescente;C�u Claro;Simples;Reta;N�o;2;0;1;0;1;0;1;1;-28,37131362;-53,40745926;SPRF-RS;DEL10-RS;UOP02-DEL10-RS;;;
656346;20/01/2025;segunda-feira;20:00:00;RN;101;78;NATAL;Animais na Pista;Atropelamento de Animal;Com V�timas Feridas;Plena Noite;Decrescente;C�u Claro;Dupla;Reta;N�o;1;0;0;1;0;0;1;1;-5,74071896;-35,29021064;SPRF-RN;DEL02-RN;UOP01-DEL02-RN;;;
656347;20/01/2025;segunda-feira;15:55:00;RJ;40;69,3;PETROPOLIS;Suic�dio (presumido);Colis�o com objeto;Com V�timas Feridas;Pleno dia;Decrescente;Nublado;Dupla;"Reta;Declive";N�o;1;0;0;1;0;0;1;1;-22,44351715;-43,19229188;SPRF-RJ;DEL05-RJ;UOP02-DEL05-RJ;;;
656348;20/01/2025;segunda-feira;19:40:00;PR;376;4;MANDAGUARI;Desrespeitar a prefer�ncia no cruzamento;Colis�o transversal;Com V�timas Feridas;Plena Noite;Crescente;Nublado;Simples;Interse��o de Vias;Sim;3;0;1;0;2;0;1;2;-23,547966;-51,671265;SPRF-PR;DEL09-PR;UOP01-DEL09-PR;;;
656349;20/01/2025;segunda-feira;17:00:00;MT;163;809;SINOP;Rea��o tardia ou ineficiente do condutor;Sa�da de leito carro��vel;Com V�timas Feridas;Pleno dia;Crescente;Nublado;Simples;Reta;N�o;4;0;2;0;2;0;2;2;-12,09;-55,518;SPRF-MT;DEL06-MT;UOP02-DEL06-MT;;;
656350;20/01/2025;segunda-feira;19:45:00;SP;101;45,5;UBATUBA;Acessar a via sem observar a presen�a dos outros ve�culos;Atropelamento de Pedestre;Com V�timas Feridas;Plena Noite;Crescente;C�u Claro;Simples;Reta;Sim;2;0;1;0;1;0;1;2;-23,42080198;-45,07089615;SPRF-SP;DEL06-SP;UOP01-DEL06-SP;;;
656352;20/01/2025;segunda-feira;20:15:00;PB;101;89,5;JOAO PESSOA;Pedestre - Ingest�o de �lcool/ subst�ncias psicoativas;Atropelamento de Pedestre;Com V�timas Feridas;Plena Noite;Crescente;C�u Claro;Dupla;Reta;N�o;2;0;1;1;0;0;2;2;-7,1710694;-34,89765372;SPRF-PB;DEL01-PB;UOP01-DEL01-PB;;;
656355;20/01/2025;segunda-feira;15:00:00;SC;470;63;INDAIAL;Condutor deixou de manter dist�ncia do ve�culo da frente;Colis�o traseira;Com V�timas Feridas;Pleno dia;Decrescente;C�u Claro;Simples;Reta;N�o;2;0;1;0;1;0;1;2;-26,872396;-49,19228;SPRF-SC;DEL04-SC;UOP01-DEL04-SC;;;
656357;20/01/2025;segunda-feira;21:10:00;MG;40;556;NOVA LIMA;Aus�ncia de rea��o do condutor;Colis�o frontal;Com V�timas Feridas;Plena Noite;Decrescente;C�u Claro;Dupla;Reta;N�o;3;0;1;0;2;0;1;3;-20,09356202;-43,97554136;SPRF-MG;DEL01-MG;UOP02-DEL01-MG;;;
656358;20/01/2025;segunda-feira;18:05:00;SC;101;241,9;PALHOCA;Acumulo de areia ou detritos sobre o pavimento;Tombamento;Com V�timas Feridas;Pleno dia;Decrescente;Nublado;Dupla;Curva;N�o;2;0;1;0;1;0;1;1;-27,86671599;-48,64607012;SPRF-SC;DEL01-SC;UOP02-DEL01-SC;;;
656360;20/01/2025;segunda-feira;19:15:00;PR;277;42;MORRETES;Demais falhas mec�nicas ou el�tricas;Inc�ndio;Sem V�timas;Plena Noite;Crescente;Nublado;M�ltipla;"Aclive;Reta";N�o;1;0;0;0;1;0;0;1;-25,57361239;-48,84469597;SPRF-PR;DEL01-PR;UOP05-DEL01-PR;;;
656361;20/01/2025;segunda-feira;20:40:00;MG;116;699,1;MURIAE;Acessar a via sem observar a presen�a dos outros ve�culos;Colis�o lateral mesmo sentido;Com V�timas Feridas;Plena Noite;Decrescente;C�u Claro;Simples;"Reta;Interse��o de Vias";Sim;2;0;1;0;1;0;1;2;-21,09470198;-42,37369904;SPRF-MG;DEL07-MG;UOP02-DEL07-MG;;;
656362;20/01/2025;segunda-feira;20:40:00;PR;376;314;ORTIGUEIRA;Aus�ncia de rea��o do condutor;Sa�da de leito carro��vel;Sem V�timas;Plena Noite;Crescente;Chuva;Dupla;Curva;N�o;1;0;0;0;1;0;0;1;-24,0189474;-51,09284357;SPRF-PR;DEL07-PR;UOP02-DEL07-PR;;;
656363;20/01/2025;segunda-feira;21:00:00;PR;373;173;PONTA GROSSA;Pedestre cruzava a pista fora da faixa;Atropelamento de Pedestre;Com V�timas Feridas;Plena Noite;Crescente;Nublado;Dupla;Curva;Sim;2;0;0;1;1;0;1;2;-25,0802783;-50,2019462;SPRF-PR;DEL03-PR;UOP01-DEL03-PR;;;
656364;20/01/2025;segunda-feira;18:30:00;SC;101;122;ITAJAI;Condutor deixou de manter dist�ncia do ve�culo da frente;Colis�o traseira;Com V�timas Feridas;Anoitecer;Crescente;Garoa/Chuvisco;Dupla;Reta;N�o;2;0;0;1;1;0;1;2;-26,92955916;-48,70499836;SPRF-SC;DEL04-SC;UOP04-DEL04-SC;;;
656365;20/01/2025;segunda-feira;21:45:00;MG;381;502;BETIM;Demais falhas mec�nicas ou el�tricas;Tombamento;Com V�timas Feridas;Plena Noite;Crescente;C�u Claro;Dupla;Reta;Sim;2;0;2;0;0;0;2;1;-20,02016966;-44,22885418;SPRF-MG;DEL01-MG;UOP03-DEL01-MG;;;
656366;20/01/2025;segunda-feira;21:40:00;RJ;393;279;BARRA DO PIRAI;Acessar a via sem observar a presen�a dos outros ve�culos;Colis�o transversal;Com V�timas Feridas;Plena Noite;Decrescente;C�u Claro;Simples;Reta;Sim;2;0;1;0;1;0;1;2;-22,47615736;-44,00889998;SPRF-RJ;DEL05-RJ;UOP04-DEL05-RJ;;;
656367;20/01/2025;segunda-feira;20:00:00;MG;262;38,3;MANHUACU;Convers�o proibida;Colis�o transversal;Com V�timas Feridas;Plena Noite;Crescente;C�u Claro;Simples;"Aclive;Reta";Sim;2;0;2;0;0;0;2;2;-20,26305859;-42,03684948;SPRF-MG;DEL06-MG;UOP03-DEL06-MG;;;
656368;20/01/2025;segunda-feira;20:30:00;RJ;101;384;RIO DE JANEIRO;Condutor deixou de manter dist�ncia do ve�culo da frente;Colis�o traseira;Com V�timas Feridas;Plena Noite;Decrescente;C�u Claro;Dupla;Reta;Sim;2;0;1;0;1;0;1;2;-22,87911609;-43,62323999;SPRF-RJ;DEL03-RJ;UOP01-DEL03-RJ;;;
656369;20/01/2025;segunda-feira;22:22:00;RS;116;265;CANOAS;Acesso irregular;Tombamento;Com V�timas Feridas;Plena Noite;Decrescente;C�u Claro;Dupla;Reta;Sim;1;0;0;1;0;0;1;1;-29,92342302;-51,17780944;SPRF-RS;DEL01-RS;UOP01-DEL01-RS;;;
656370;20/01/2025;segunda-feira;21:00:00;MS;158;98,6;PARANAIBA;Ingest�o de �lcool pelo condutor;Sa�da de leito carro��vel;Sem V�timas;Plena Noite;Crescente;C�u Claro;Dupla;Reta;Sim;2;0;0;0;2;0;0;1;-19,69914535;-51,16781244;SPRF-MS;DEL08-MS;UOP01-DEL08-MS;;;
656371;20/01/2025;segunda-feira;20:20:00;GO;60;167,2;GOIANIA;Participar de racha;Colis�o com objeto;Com V�timas Fatais;Plena Noite;Crescente;C�u Claro;Dupla;Curva;Sim;1;1;0;0;0;0;0;1;-16,7175;-49,3663;SPRF-GO;DEL01-GO;UOP02-DEL01-GO;;;
656372;20/01/2025;segunda-feira;21:30:00;RS;386;355,4;ESTRELA;Rea��o tardia ou ineficiente do condutor;Colis�o com objeto;Sem V�timas;Plena Noite;Decrescente;C�u Claro;Dupla;Reta;N�o;1;0;0;0;1;0;0;1;-29,515066;-51,940083;SPRF-RS;DEL04-RS;UOP01-DEL04-RS;;;
656377;20/01/2025;segunda-feira;18:10:00;RJ;493;1;ITABORAI;Retorno proibido;Colis�o transversal;Com V�timas Feridas;Plena Noite;Decrescente;C�u Claro;Simples;Reta;Sim;2;0;1;0;1;0;1;2;-22,77062;-42,92223;SPRF-RJ;DEL02-RJ;UOP02-DEL02-RJ;;;
656378;20/01/2025;segunda-feira;12:10:00;RJ;101;328;RIO DE JANEIRO;Aus�ncia de rea��o do condutor;Tombamento;Com V�timas Feridas;Pleno dia;Crescente;C�u Claro;Dupla;Reta;N�o;2;0;2;0;0;0;2;1;-22,87028692;-43,16579699;SPRF-RJ;DEL02-RJ;UOP01-DEL02-RJ;;;
656379;20/01/2025;segunda-feira;21:30:00;SC;101;56,5;ARAQUARI;Entrada inopinada do pedestre;Atropelamento de Pedestre;Com V�timas Fatais;Plena Noite;Decrescente;C�u Claro;Dupla;Reta;N�o;2;1;0;0;1;0;0;2;-26,43554844;-48,81381691;SPRF-SC;DEL03-SC;UOP01-DEL03-SC;;;
656380;20/01/2025;segunda-feira;22:20:00;BA;324;621,8;SALVADOR;Manobra de mudan�a de faixa;Colis�o transversal;Com V�timas Feridas;Plena Noite;Decrescente;C�u Claro;M�ltipla;"Curva;Aclive";Sim;3;0;3;0;0;0;3;2;-12,927106;-38,46794;SPRF-BA;DEL01-BA;UOP01-DEL01-BA;;;
656382;20/01/2025;segunda-feira;21:45:00;MT;70;5,5;BARRA DO GARCAS;Rea��o tardia ou ineficiente do condutor;Atropelamento de Animal;Com V�timas Feridas;Plena Noite;Decrescente;Nublado;Dupla;Reta;N�o;2;0;2;0;0;0;2;1;-15,87814789;-52,296134;SPRF-MT;DEL07-MT;UOP01-DEL07-MT;;;
656384;20/01/2025;segunda-feira;21:00:00;BA;101;925;NOVA VICOSA;Manobra de mudan�a de faixa;Colis�o lateral mesmo sentido;Sem V�timas;Plena Noite;Decrescente;C�u Claro;Simples;Reta;N�o;3;0;0;0;3;0;0;2;-17,93366225;-39,84260559;SPRF-BA;DEL09-BA;UOP02-DEL09-BA;;;
656385;21/01/2025;ter�a-feira;00:10:00;RJ;116;190;NOVA IGUACU;Ultrapassagem Indevida;Colis�o lateral mesmo sentido;Sem V�timas;Plena Noite;Crescente;C�u Claro;Dupla;Reta;N�o;5;0;0;0;5;0;0;2;-22,74123776;-43,5007311;SPRF-RJ;DEL06-RJ;UOP01-DEL06-RJ;;;
656389;20/01/2025;segunda-feira;22:00:00;RO;364;341;JI-PARANA;Condutor deixou de manter dist�ncia do ve�culo da frente;Colis�o lateral mesmo sentido;Com V�timas Feridas;Plena Noite;Decrescente;Nublado;Dupla;"Aclive;Viaduto";Sim;2;0;1;0;1;0;1;2;-10,8873802;-61,9328928;SPRF-RO;DEL02-RO;UOP01-DEL02-RO;;;
656392;21/01/2025;ter�a-feira;01:40:00;PB;230;175,9;POCINHOS;Aus�ncia de rea��o do condutor;Sa�da de leito carro��vel;Com V�timas Feridas;Plena Noite;Crescente;C�u Claro;Simples;"Aclive;Reta;Em Obras";N�o;1;0;0;1;0;0;1;1;-7,1775;-36,0247;SPRF-PB;DEL02-PB;UOP02-DEL02-PB;;;
656393;21/01/2025;ter�a-feira;03:50:00;MG;381;527,2;BRUMADINHO;Acumulo de �leo sobre o pavimento;Queda de ocupante de ve�culo;Com V�timas Feridas;Plena Noite;Crescente;Nublado;Dupla;Reta;N�o;1;0;1;0;0;0;1;1;-20,16283256;-44,35072739;SPRF-MG;DEL04-MG;UOP03-DEL04-MG;;;
656395;21/01/2025;ter�a-feira;06:00:00;GO;414;439;ANAPOLIS;Desrespeitar a prefer�ncia no cruzamento;Atropelamento de Pedestre;Com V�timas Feridas;Pleno dia;Crescente;C�u Claro;Simples;Rotat�ria;N�o;2;0;1;0;1;0;1;2;-16,28128823;-48,94258908;SPRF-GO;DEL02-GO;UOP01-DEL02-GO;;;
656396;09/01/2025;quinta-feira;14:10:00;PE;232;7;RECIFE;Condutor Dormindo;Colis�o com objeto;Com V�timas Feridas;Pleno dia;Crescente;C�u Claro;M�ltipla;Reta;N�o;2;0;0;2;0;0;2;1;-8,07333497;-34,96184301;SPRF-PE;DEL01-PE;UOP01-DEL01-PE;;;
656397;21/01/2025;ter�a-feira;04:00:00;RJ;116;186;NOVA IGUACU;Demais falhas mec�nicas ou el�tricas;Inc�ndio;Sem V�timas;Amanhecer;Crescente;C�u Claro;Dupla;Reta;N�o;1;0;0;0;0;1;0;1;-22,73962339;-43,46276495;SPRF-RJ;DEL06-RJ;UOP01-DEL06-RJ;;;
656398;21/01/2025;ter�a-feira;04:00:00;RJ;116;132;MAGE;Rea��o tardia ou ineficiente do condutor;Tombamento;Com V�timas Fatais;Plena Noite;Decrescente;C�u Claro;Dupla;Reta;N�o;1;1;0;0;0;0;0;1;-22,65703272;-43,13458092;SPRF-RJ;DEL04-RJ;UOP02-DEL04-RJ;;;
656401;20/01/2025;segunda-feira;21:15:00;MA;316;561,5;CAXIAS;Transitar na contram�o;Colis�o lateral sentido oposto;Com V�timas Feridas;Plena Noite;Crescente;Garoa/Chuvisco;Simples;Reta;N�o;6;0;1;0;5;0;1;2;-4,893173;-43,275978;SPRF-MA;DEL03-MA;UOP02-DEL03-MA;;;
656402;21/01/2025;ter�a-feira;03:30:00;RS;472;597,6;URUGUAIANA;Demais falhas na via;Sa�da de leito carro��vel;Com V�timas Feridas;Plena Noite;Decrescente;C�u Claro;Simples;"Reta;Em Obras";N�o;3;0;2;0;1;0;2;1;-29,872252;-57,111932;SPRF-RS;DEL13-RS;UOP01-DEL13-RS;;;
656405;21/01/2025;ter�a-feira;05:45:00;SC;153;58;IRANI;Desrespeitar a prefer�ncia no cruzamento;Colis�o transversal;Com V�timas Feridas;Amanhecer;Crescente;C�u Claro;Simples;"Interse��o de Vias;Rotat�ria";N�o;2;0;1;0;1;0;1;2;-26,964373;-51,841362;SPRF-SC;DEL07-SC;UOP07-DEL07-SC;;;
656407;21/01/2025;ter�a-feira;00:35:00;MG;381;621;OLIVEIRA;Aus�ncia de rea��o do condutor;Colis�o com objeto;Com V�timas Feridas;Plena Noite;Decrescente;Nublado;Dupla;Curva;N�o;1;0;1;0;0;0;1;1;-20,79358497;-44,78938914;SPRF-MG;DEL04-MG;UOP01-DEL04-MG;;;
656410;21/01/2025;ter�a-feira;07:30:00;SC;101;346,8;JAGUARUNA;Ultrapassagem Indevida;Colis�o lateral mesmo sentido;Com V�timas Feridas;Pleno dia;Crescente;C�u Claro;Dupla;Reta;N�o;4;0;2;0;2;0;2;2;-28,54565997;-49,05345334;SPRF-SC;DEL02-SC;UOP01-DEL02-SC;;;
656411;21/01/2025;ter�a-feira;07:00:00;SC;101;201,3;SAO JOSE;Acessar a via sem observar a presen�a dos outros ve�culos;Colis�o transversal;Com V�timas Feridas;Pleno dia;Crescente;Nublado;M�ltipla;Reta;Sim;3;0;2;0;1;0;2;2;-27,54836599;-48,61977975;SPRF-SC;DEL01-SC;UOP01-DEL01-SC;;;
656413;21/01/2025;ter�a-feira;04:50:00;ES;101;81,5;DOMINGOS MARTINS;Velocidade Incompat�vel;Sa�da de leito carro��vel;Com V�timas Feridas;Amanhecer;Decrescente;C�u Claro;Simples;"Curva;Declive";N�o;1;0;1;0;0;0;1;1;-20,4077324;-40,9543294;SPRF-ES;DEL04-ES;UOP02-DEL04-ES;;;
656414;21/01/2025;ter�a-feira;07:15:00;PB;230;19;JOAO PESSOA;Entrada inopinada do pedestre;Atropelamento de Pedestre;Com V�timas Feridas;Pleno dia;Crescente;C�u Claro;Dupla;Curva;Sim;3;0;1;0;2;0;1;3;-7,1281;-34,8466;SPRF-PB;DEL01-PB;UOP01-DEL01-PB;;;
656415;21/01/2025;ter�a-feira;07:40:00;RJ;116;147;DUQUE DE CAXIAS;Entrada inopinada do pedestre;Atropelamento de Pedestre;Com V�timas Feridas;Pleno dia;Decrescente;Sol;M�ltipla;Reta;Sim;2;0;1;0;0;1;1;2;-22,67134286;-43,27746391;SPRF-RJ;DEL01-RJ;UOP02-DEL01-RJ;;;
656416;21/01/2025;ter�a-feira;05:30:00;MG;50;139;UBERABA;Animais na Pista;Atropelamento de Animal;Com V�timas Feridas;Pleno dia;Decrescente;C�u Claro;Dupla;Reta;N�o;2;0;1;1;0;0;2;1;-19,46790412;-48,05602538;SPRF-MG;DEL13-MG;UOP01-DEL13-MG;;;
656417;21/01/2025;ter�a-feira;07:55:00;PR;369;202,3;APUCARANA;Acessar a via sem observar a presen�a dos outros ve�culos;Colis�o transversal;Com V�timas Feridas;Pleno dia;Crescente;C�u Claro;Dupla;"Interse��o de Vias;Reta";Sim;2;0;1;0;1;0;1;2;-23,54543559;-51,4531213;SPRF-PR;DEL07-PR;UOP03-DEL07-PR;;;
656418;21/01/2025;ter�a-feira;05:00:00;MG;262;755,1;SACRAMENTO;Desrespeitar a prefer�ncia no cruzamento;Colis�o transversal;Com V�timas Feridas;Amanhecer;Decrescente;C�u Claro;Simples;Interse��o de Vias;N�o;4;0;3;0;1;0;3;2;-19,65112859;-47,54557012;SPRF-MG;DEL13-MG;UOP01-DEL13-MG;;;
656421;21/01/2025;ter�a-feira;07:45:00;MG;50;173;UBERABA;Aus�ncia de rea��o do condutor;Tombamento;Com V�timas Feridas;Pleno dia;Decrescente;C�u Claro;Dupla;"Reta;Declive";Sim;1;0;1;0;0;0;1;1;-19,7624352;-47,97701547;SPRF-MG;DEL13-MG;UOP01-DEL13-MG;;;
656423;21/01/2025;ter�a-feira;07:40:00;MG;381;1;BETIM;Aus�ncia de rea��o do condutor;Colis�o traseira;Com V�timas Feridas;Pleno dia;Crescente;C�u Claro;Dupla;Reta;N�o;4;0;2;0;2;0;2;2;-19,96917819;-44,15964353;SPRF-MG;DEL01-MG;UOP03-DEL01-MG;;;
656424;21/01/2025;ter�a-feira;07:30:00;PR;476;115;COLOMBO;Rea��o tardia ou ineficiente do condutor;Colis�o traseira;Com V�timas Feridas;Amanhecer;Crescente;Nublado;Dupla;Reta;Sim;2;0;1;0;1;0;1;2;-25,34954306;-49,16452646;SPRF-PR;DEL01-PR;UOP01-DEL01-PR;;;
656425;21/01/2025;ter�a-feira;08:15:00;RJ;116;174;SAO JOAO DE MERITI;Aus�ncia de rea��o do condutor;Colis�o traseira;Com V�timas Feridas;Pleno dia;Decrescente;C�u Claro;Dupla;Reta;Sim;3;0;1;0;2;0;1;2;-22,79423806;-43,36403759;SPRF-RJ;DEL06-RJ;UOP01-DEL06-RJ;;;
656428;21/01/2025;ter�a-feira;07:30:00;PB;104;135,8;QUEIMADAS;Condutor deixou de manter dist�ncia do ve�culo da frente;Colis�o frontal;Com V�timas Feridas;Pleno dia;Crescente;C�u Claro;Simples;Reta;N�o;2;0;1;0;1;0;1;2;-7,31664;-35,894955;SPRF-PB;DEL02-PB;UOP03-DEL02-PB;;;
656431;09/01/2025;quinta-feira;17:56:00;PR;277;121;CAMPO LARGO;Acessar a via sem observar a presen�a dos outros ve�culos;Colis�o transversal;Com V�timas Feridas;Pleno dia;Crescente;C�u Claro;Simples;Declive;Sim;2;0;1;0;0;1;1;2;-25,4465187;-49,48736519;SPRF-PR;DEL03-PR;UOP03-DEL03-PR;;;
656432;21/01/2025;ter�a-feira;07:20:00;SC;101;210,6;SAO JOSE;Trafegar com motocicleta (ou similar) entre as faixas;Colis�o lateral mesmo sentido;Com V�timas Feridas;Pleno dia;Crescente;C�u Claro;Simples;Reta;Sim;2;0;1;0;0;1;1;2;-27,6167305;-48,6457265;SPRF-SC;DEL01-SC;UOP01-DEL01-SC;;;
656433;21/01/2025;ter�a-feira;02:00:00;RJ;116;133,6;MAGE;Rea��o tardia ou ineficiente do condutor;Sa�da de leito carro��vel;Com V�timas Fatais;Plena Noite;Decrescente;C�u Claro;Simples;Reta;N�o;1;1;0;0;0;0;0;1;-22,65418284;-43,14382995;SPRF-RJ;DEL04-RJ;UOP02-DEL04-RJ;;;