id;data_inversa;dia_semana;horario;uf;br;km;municipio;causa_acidente;tipo_acidente;classificacao_acidente;fase_dia;sentido_via;condicao_metereologica;tipo_pista;tracado_via;uso_solo;pessoas;mortos;feridos_leves;feridos_graves;ilesos;ignorados;feridos;veiculos;latitude;longitude;regional;delegacia;uop;;;
656435;21/01/2025;ter�a-feira;06:30:00;ES;101;265;SERRA;Rea��o tardia ou ineficiente do condutor;Tombamento;Com V�timas Feridas;Pleno dia;Crescente;Sol;Dupla;Reta;Sim;2;0;2;0;0;0;2;1;-20,1816849;-40,26536036;SPRF-ES;DEL02-ES;UOP01-DEL02-ES;;;
656436;21/01/2025;ter�a-feira;09:05:00;MG;50;85;UBERLANDIA;Frear bruscamente;Sa�da de leito carro��vel;Com V�timas Feridas;Pleno dia;Decrescente;Sol;Dupla;Declive;N�o;1;0;1;0;0;0;1;1;-19,00488399;-48,20910294;SPRF-MG;DEL15-MG;UOP01-DEL15-MG;;;
656437;21/01/2025;ter�a-feira;09:30:00;RN;304;134,9;ANGICOS;Manobra de mudan�a de faixa;Colis�o transversal;Com V�timas Feridas;Pleno dia;Decrescente;C�u Claro;Simples;Reta;N�o;4;0;2;2;0;0;4;2;-5,66107457;-36,73526097;SPRF-RN;DEL04-RN;UOP01-DEL04-RN;;;
656438;21/01/2025;ter�a-feira;09:00:00;RJ;116;214;SEROPEDICA;Acessar a via sem observar a presen�a dos outros ve�culos;Colis�o traseira;Com V�timas Feridas;Pleno dia;Crescente;C�u Claro;Simples;Interse��o de Vias;N�o;3;0;1;0;2;0;1;2;-22,713438;-43,734085;SPRF-RJ;DEL06-RJ;UOP02-DEL06-RJ;;;
656439;21/01/2025;ter�a-feira;09:30:00;RJ;465;2;SEROPEDICA;Convers�o proibida;Colis�o transversal;Com V�timas Feridas;Pleno dia;Decrescente;C�u Claro;Simples;Reta;Sim;2;0;1;0;1;0;1;2;-22,727266;-43,718712;SPRF-RJ;DEL06-RJ;UOP02-DEL06-RJ;;;
656441;21/01/2025;ter�a-feira;10:10:00;RS;386;344,8;LAJEADO;Objeto est�tico sobre o leito carro��vel;Colis�o com objeto;Com V�timas Feridas;Pleno dia;Crescente;Sol;Dupla;"Em Obras;Reta";Sim;1;0;1;0;0;0;1;1;-29,439268;-51,993633;SPRF-RS;DEL04-RS;UOP01-DEL04-RS;;;
656442;21/01/2025;ter�a-feira;10:10:00;RS;290;577;ALEGRETE;Acessar a via sem observar a presen�a dos outros ve�culos;Colis�o transversal;Com V�timas Feridas;Pleno dia;Crescente;C�u Claro;Simples;"Interse��o de Vias;Reta";N�o;2;0;1;0;1;0;1;2;-29,812544;-55,748367;SPRF-RS;DEL13-RS;UOP02-DEL13-RS;;;
656443;21/01/2025;ter�a-feira;09:40:00;SE;235;2;ARACAJU;Entrada inopinada do pedestre;Atropelamento de Pedestre;Com V�timas Feridas;Pleno dia;Decrescente;Sol;Dupla;"Declive;Reta";Sim;3;0;1;0;1;1;1;2;-10,9062;-37,1034;SPRF-SE;DEL01-SE;UOP01-DEL01-SE;;;
656444;21/01/2025;ter�a-feira;10:15:00;ES;101;288;CARIACICA;Aus�ncia de rea��o do condutor;Colis�o transversal;Com V�timas Fatais;Pleno dia;Crescente;C�u Claro;Dupla;"Reta;Retorno Regulamentado";Sim;3;1;0;0;2;0;0;3;-20,27160351;-40,39091743;SPRF-ES;DEL01-ES;UOP01-DEL01-ES;;;
656445;21/01/2025;ter�a-feira;07:00:00;PA;308;187;TRACUATEUA;Acessar a via sem observar a presen�a dos outros ve�culos;Colis�o transversal;Com V�timas Fatais;Pleno dia;Decrescente;C�u Claro;Simples;Reta;N�o;3;1;2;0;0;0;2;2;-1,085483;-46,902207;SPRF-PA;DEL01-PA;UOP03-DEL01-PA;;;
656446;21/01/2025;ter�a-feira;09:30:00;AC;364;138;RIO BRANCO;Acessar a via sem observar a presen�a dos outros ve�culos;Colis�o lateral mesmo sentido;Com V�timas Feridas;Pleno dia;Crescente;Chuva;Dupla;Rotat�ria;N�o;2;0;1;0;1;0;1;2;-9,96112502;-67,85646604;SPRF-AC;DEL01-AC;UOP01-DEL01-AC;;;
656447;21/01/2025;ter�a-feira;10:20:00;RJ;116;144;DUQUE DE CAXIAS;Rea��o tardia ou ineficiente do condutor;Tombamento;Com V�timas Feridas;Pleno dia;Crescente;C�u Claro;Dupla;Reta;Sim;2;0;1;0;0;1;1;1;-22,65737709;-43,24724694;SPRF-RJ;DEL01-RJ;UOP02-DEL01-RJ;;;
656449;21/01/2025;ter�a-feira;07:35:00;PE;316;268,6;BELEM DE SAO FRANCISCO;Aus�ncia de rea��o do condutor;Sa�da de leito carro��vel;Com V�timas Feridas;Amanhecer;Crescente;C�u Claro;Simples;Reta;N�o;1;0;1;0;0;0;1;1;-8,70795366;-38,87816217;SPRF-PE;DEL04-PE;UOP03-DEL04-PE;;;
656455;21/01/2025;ter�a-feira;12:29:00;RJ;116;264;VOLTA REDONDA;Rea��o tardia ou ineficiente do condutor;Queda de ocupante de ve�culo;Com V�timas Feridas;Pleno dia;Crescente;Sol;M�ltipla;"Curva;Declive";N�o;2;0;2;0;0;0;2;1;-22,59213864;-44,07723781;SPRF-RJ;DEL07-RJ;UOP02-DEL07-RJ;;;
656456;21/01/2025;ter�a-feira;09:10:00;MG;116;530,8;CARATINGA;Demais falhas mec�nicas ou el�tricas;Tombamento;Com V�timas Feridas;Pleno dia;Crescente;C�u Claro;Simples;Reta;N�o;2;0;1;0;0;1;1;2;-19,81067298;-42,13539446;SPRF-MG;DEL06-MG;UOP02-DEL06-MG;;;
656457;21/01/2025;ter�a-feira;11:30:00;PR;369;36,9;ANDIRA;Acessar a via sem observar a presen�a dos outros ve�culos;Colis�o transversal;Com V�timas Feridas;Pleno dia;Decrescente;Nublado;Simples;"Interse��o de Vias;Reta";Sim;2;0;1;0;1;0;1;2;-23,04485617;-50,23146629;SPRF-PR;DEL07-PR;UOP05-DEL07-PR;;;
656458;21/01/2025;ter�a-feira;13:00:00;PB;230;16;JOAO PESSOA;Condutor deixou de manter dist�ncia do ve�culo da frente;Engavetamento;Sem V�timas;Pleno dia;Decrescente;C�u Claro;Dupla;Reta;Sim;4;0;0;0;3;1;0;4;-7,1039;-34,8458;SPRF-PB;DEL01-PB;UOP01-DEL01-PB;;;
656461;21/01/2025;ter�a-feira;06:40:00;PA;316;119;SANTA MARIA DO PARA;Ultrapassagem Indevida;Colis�o frontal;Com V�timas Feridas;Pleno dia;Decrescente;C�u Claro;Simples;Reta;Sim;4;0;0;1;2;1;1;3;-1,31062901;-47,443276;SPRF-PA;DEL01-PA;UOP02-DEL01-PA;;;
656463;21/01/2025;ter�a-feira;11:00:00;RJ;101;507,5;ANGRA DOS REIS;Acessar a via sem observar a presen�a dos outros ve�culos;Colis�o transversal;Com V�timas Feridas;Pleno dia;Decrescente;C�u Claro;Simples;"Em Obras;Desvio Tempor�rio;Reta";N�o;3;0;2;0;0;1;2;3;-22,93795948;-44,41352691;SPRF-RJ;DEL03-RJ;UOP03-DEL03-RJ;;;
656466;21/01/2025;ter�a-feira;14:00:00;SC;101;73;ARAQUARI;Aus�ncia de rea��o do condutor;Queda de ocupante de ve�culo;Com V�timas Feridas;Pleno dia;Decrescente;Sol;M�ltipla;Reta;N�o;1;0;1;0;0;0;1;1;-26,53567108;-48,71326731;SPRF-SC;DEL03-SC;UOP02-DEL03-SC;;;
656467;21/01/2025;ter�a-feira;14:30:00;SC;101;146;ITAPEMA;Rea��o tardia ou ineficiente do condutor;Colis�o traseira;Com V�timas Feridas;Pleno dia;Decrescente;C�u Claro;Dupla;Reta;Sim;2;0;1;0;1;0;1;1;-27,08666525;-48,60955587;SPRF-SC;DEL04-SC;UOP03-DEL04-SC;;;
656471;21/01/2025;ter�a-feira;08:00:00;RJ;465;19;NOVA IGUACU;Ultrapassagem Indevida;Colis�o transversal;Com V�timas Feridas;Pleno dia;Crescente;C�u Claro;Simples;Reta;Sim;3;0;1;0;2;0;1;2;-22,839184;-43,610451;SPRF-RJ;DEL06-RJ;UOP02-DEL06-RJ;;;
656472;21/01/2025;ter�a-feira;14:00:00;PR;376;647;TIJUCAS DO SUL;Entrada inopinada do pedestre;Atropelamento de Pedestre;Com V�timas Feridas;Pleno dia;Decrescente;Nublado;Dupla;Reta;N�o;2;0;0;1;1;0;1;2;-25,83292397;-49,11120797;SPRF-PR;DEL01-PR;UOP04-DEL01-PR;;;
656474;21/01/2025;ter�a-feira;14:50:00;RJ;101;87;CAMPOS DOS GOYTACAZES;Condutor Dormindo;Sa�da de leito carro��vel;Com V�timas Feridas;Pleno dia;Decrescente;Chuva;Dupla;Reta;N�o;1;0;1;0;0;0;1;1;-21,82626899;-41,49641201;SPRF-RJ;DEL08-RJ;UOP02-DEL08-RJ;;;
656476;21/01/2025;ter�a-feira;15:00:00;PR;476;144,3;CURITIBA;Condutor deixou de manter dist�ncia do ve�culo da frente;Colis�o traseira;Com V�timas Feridas;Pleno dia;Decrescente;C�u Claro;Dupla;"Reta;Aclive";Sim;2;0;1;0;1;0;1;2;-25,54382897;-49,31437969;SPRF-PR;DEL01-PR;UOP06-DEL01-PR;;;
656477;21/01/2025;ter�a-feira;13:15:00;RJ;116;2;SAPUCAIA;Convers�o proibida;Colis�o transversal;Com V�timas Feridas;Pleno dia;Crescente;Sol;Simples;Reta;Sim;2;0;1;0;1;0;1;2;-21,879488;-42,681053;SPRF-RJ;DEL05-RJ;UOP01-DEL05-RJ;;;
656478;21/01/2025;ter�a-feira;10:20:00;RJ;40;120;DUQUE DE CAXIAS;Rea��o tardia ou ineficiente do condutor;Colis�o lateral mesmo sentido;Com V�timas Feridas;Pleno dia;Crescente;C�u Claro;M�ltipla;Reta;Sim;2;0;1;0;1;0;1;2;-22,77280597;-43,28626763;SPRF-RJ;DEL01-RJ;UOP02-DEL01-RJ;;;
656479;21/01/2025;ter�a-feira;15:20:00;PE;101;71,6;RECIFE;Rea��o tardia ou ineficiente do condutor;Colis�o traseira;Com V�timas Feridas;Pleno dia;Decrescente;C�u Claro;Dupla;Reta;Sim;4;0;1;1;2;0;2;2;-8,07663102;-34,94277871;SPRF-PE;DEL01-PE;UOP01-DEL01-PE;;;
656480;21/01/2025;ter�a-feira;15:30:00;SC;101;146;ITAPEMA;Aus�ncia de rea��o do condutor;Colis�o traseira;Com V�timas Feridas;Pleno dia;Decrescente;C�u Claro;Dupla;Reta;Sim;2;0;1;0;1;0;1;2;-27,08666525;-48,60955587;SPRF-SC;DEL04-SC;UOP03-DEL04-SC;;;
656481;21/01/2025;ter�a-feira;14:30:00;MG;381;827;SAO SEBASTIAO DA BELA VISTA;Aus�ncia de rea��o do condutor;Capotamento;Com V�timas Feridas;Pleno dia;Decrescente;C�u Claro;Dupla;Reta;N�o;3;0;2;0;1;0;2;1;-22,12362394;-45,79487203;SPRF-MG;DEL16-MG;UOP01-DEL16-MG;;;
656482;21/01/2025;ter�a-feira;15:50:00;RJ;101;76;CAMPOS DOS GOYTACAZES;Acumulo de �leo sobre o pavimento;Queda de ocupante de ve�culo;Com V�timas Feridas;Pleno dia;Crescente;C�u Claro;Simples;Reta;N�o;1;0;0;1;0;0;1;1;-21,82852;-41,40671;SPRF-RJ;DEL08-RJ;UOP02-DEL08-RJ;;;
656483;21/01/2025;ter�a-feira;11:10:00;RN;405;156,2;RAFAEL FERNANDES;Aus�ncia de rea��o do condutor;Queda de ocupante de ve�culo;Com V�timas Feridas;Pleno dia;Crescente;C�u Claro;Simples;Reta;N�o;2;0;0;1;0;1;1;2;-6,15854069;-38,2077416;SPRF-RN;DEL04-RN;UOP02-DEL04-RN;;;
656485;21/01/2025;ter�a-feira;15:30:00;PR;277;82,2;CURITIBA;Rea��o tardia ou ineficiente do condutor;Colis�o traseira;Com V�timas Feridas;Pleno dia;Decrescente;Nublado;Dupla;Reta;Sim;3;0;2;0;1;0;2;2;-25,455439;-49,224186;SPRF-PR;DEL01-PR;UOP03-DEL01-PR;;;
656487;21/01/2025;ter�a-feira;16:00:00;PE;232;257;ARCOVERDE;Acessar a via sem observar a presen�a dos outros ve�culos;Colis�o traseira;Com V�timas Feridas;Pleno dia;Decrescente;C�u Claro;Simples;Reta;N�o;2;0;1;0;1;0;1;2;-8,40876559;-37,10231195;SPRF-PE;DEL04-PE;UOP02-DEL04-PE;;;
656488;21/01/2025;ter�a-feira;15:40:00;PE;101;71,9;RECIFE;Transitar no Acostamento;Colis�o traseira;Com V�timas Feridas;Pleno dia;Crescente;C�u Claro;Dupla;Reta;Sim;3;0;3;0;0;0;3;2;-8,084276;-34,944793;SPRF-PE;DEL01-PE;UOP01-DEL01-PE;;;
656489;21/01/2025;ter�a-feira;15:50:00;DF;20;7;BRASILIA;Manobra de mudan�a de faixa;Colis�o lateral mesmo sentido;Com V�timas Feridas;Pleno dia;Decrescente;Nublado;Dupla;Reta;Sim;3;0;2;0;1;0;2;2;-15,662208;-47,799866;SPRF-DF;DEL02-DF;UOP01-DEL02-DF;;;
656493;21/01/2025;ter�a-feira;16:30:00;PB;230;19,8;JOAO PESSOA;Demais falhas mec�nicas ou el�tricas;Queda de ocupante de ve�culo;Com V�timas Feridas;Pleno dia;Crescente;C�u Claro;Dupla;Curva;Sim;1;0;0;1;0;0;1;1;-7,1281;-34,8466;SPRF-PB;DEL01-PB;UOP01-DEL01-PB;;;
656494;21/01/2025;ter�a-feira;15:15:00;PR;277;659;MEDIANEIRA;Problema com o freio;Tombamento;Com V�timas Feridas;Pleno dia;Decrescente;C�u Claro;Dupla;Reta;Sim;2;0;0;1;0;1;1;2;-25,24664169;-53,98334832;SPRF-PR;DEL05-PR;UOP02-DEL05-PR;;;
656497;21/01/2025;ter�a-feira;16:50:00;BA;116;631,3;JAGUAQUARA;Demais falhas mec�nicas ou el�tricas;Colis�o frontal;Com V�timas Feridas;Pleno dia;Crescente;C�u Claro;Simples;Reta;N�o;2;0;1;0;1;0;1;2;-13,45971301;-40,03314998;SPRF-BA;DEL03-BA;UOP01-DEL03-BA;;;
656499;21/01/2025;ter�a-feira;16:30:00;RJ;101;318;SAO GONCALO;Demais falhas mec�nicas ou el�tricas;Inc�ndio;Sem V�timas;Pleno dia;Crescente;C�u Claro;Dupla;Reta;Sim;1;0;0;0;1;0;0;1;-22,84562994;-43,09841211;SPRF-RJ;DEL02-RJ;UOP02-DEL02-RJ;;;
656500;21/01/2025;ter�a-feira;17:10:00;SP;381;86;GUARULHOS;Condutor deixou de manter dist�ncia do ve�culo da frente;Queda de ocupante de ve�culo;Com V�timas Feridas;Pleno dia;Decrescente;C�u Claro;Dupla;Reta;Sim;2;0;2;0;0;0;2;1;-23,45930499;-46,57161179;SPRF-SP;DEL03-SP;UOP01-DEL03-SP;;;
656501;21/01/2025;ter�a-feira;09:40:00;RJ;101;430;MANGARATIBA;Retorno proibido;Colis�o transversal;Com V�timas Feridas;Pleno dia;Crescente;Sol;Dupla;"Aclive;Curva";Sim;2;0;1;0;1;0;1;2;-22,93710123;-44,01083798;SPRF-RJ;DEL03-RJ;UOP02-DEL03-RJ;;;
656502;21/01/2025;ter�a-feira;17:00:00;SC;101;186;BIGUACU;Rea��o tardia ou ineficiente do condutor;Tombamento;Com V�timas Feridas;Pleno dia;Decrescente;C�u Claro;Dupla;Curva;N�o;2;0;2;0;0;0;2;1;-27,4341098;-48,62567129;SPRF-SC;DEL01-SC;UOP01-DEL01-SC;;;
656504;21/01/2025;ter�a-feira;14:30:00;MG;381;939;EXTREMA;Velocidade Incompat�vel;Queda de ocupante de ve�culo;Com V�timas Feridas;Pleno dia;Crescente;Nublado;Dupla;Reta;N�o;1;0;1;0;0;0;1;1;-22,84701434;-46,33321175;SPRF-MG;DEL16-MG;UOP03-DEL16-MG;;;
656505;21/01/2025;ter�a-feira;17:30:00;MG;365;625;UBERLANDIA;Condutor deixou de manter dist�ncia do ve�culo da frente;Colis�o traseira;Com V�timas Feridas;Pleno dia;Crescente;C�u Claro;Dupla;Reta;Sim;4;0;2;0;2;0;2;2;-18,90585472;-48,32526001;SPRF-MG;DEL15-MG;UOP01-DEL15-MG;;;
656506;21/01/2025;ter�a-feira;16:40:00;GO;60;118;TEREZOPOLIS DE GOIAS;Rea��o tardia ou ineficiente do condutor;Colis�o traseira;Com V�timas Feridas;Pleno dia;Decrescente;C�u Claro;Dupla;Aclive;Sim;4;0;1;0;3;0;1;2;-16,4848;-49,0935;SPRF-GO;DEL01-GO;UOP01-DEL01-GO;;;
656508;21/01/2025;ter�a-feira;16:20:00;RJ;116;281;BARRA MANSA;Mal s�bito do condutor;Sa�da de leito carro��vel;Com V�timas Feridas;Pleno dia;Crescente;C�u Claro;Dupla;Curva;Sim;1;0;1;0;0;0;1;1;-22,53244798;-44,19565304;SPRF-RJ;DEL07-RJ;UOP02-DEL07-RJ;;;
656509;21/01/2025;ter�a-feira;15:00:00;RJ;101;507,8;ANGRA DOS REIS;Desrespeitar a prefer�ncia no cruzamento;Atropelamento de Pedestre;Com V�timas Feridas;Pleno dia;Decrescente;Nublado;Simples;"Desvio Tempor�rio;Reta;Em Obras";N�o;3;0;1;0;0;2;1;2;-22,93795948;-44,41352691;SPRF-RJ;DEL03-RJ;UOP03-DEL03-RJ;;;
656510;21/01/2025;ter�a-feira;07:30:00;RJ;101;477;ANGRA DOS REIS;Rea��o tardia ou ineficiente do condutor;Queda de ocupante de ve�culo;Com V�timas Feridas;Pleno dia;Crescente;C�u Claro;Simples;Reta;Sim;1;0;1;0;0;0;1;1;-22,99820396;-44,26554599;SPRF-RJ;DEL03-RJ;UOP03-DEL03-RJ;;;
656512;19/01/2025;domingo;16:00:00;RJ;101;420;MANGARATIBA;Velocidade Incompat�vel;Colis�o transversal;Com V�timas Feridas;Pleno dia;Decrescente;C�u Claro;Dupla;Reta;N�o;3;0;2;0;1;0;2;2;-22,9189815;-43,92318002;SPRF-RJ;DEL03-RJ;UOP02-DEL03-RJ;;;
656514;21/01/2025;ter�a-feira;17:50:00;RS;290;95;PORTO ALEGRE;Acumulo de �leo sobre o pavimento;Tombamento;Com V�timas Feridas;Pleno dia;Decrescente;C�u Claro;Dupla;Reta;Sim;2;0;0;1;0;1;1;2;-29,982832;-51,201572;SPRF-RS;DEL01-RS;UOP01-DEL01-RS;;;
656516;21/01/2025;ter�a-feira;18:00:00;RS;285;338;CARAZINHO;Acessar a via sem observar a presen�a dos outros ve�culos;Colis�o transversal;Com V�timas Feridas;Pleno dia;Decrescente;C�u Claro;Simples;Declive;Sim;2;0;0;1;1;0;1;2;-28,315704;-52,779015;SPRF-RS;DEL08-RS;UOP03-DEL08-RS;;;
656518;21/01/2025;ter�a-feira;18:20:00;PB;230;27,8;JOAO PESSOA;Pedestre andava na pista;Atropelamento de Pedestre;Com V�timas Feridas;Plena Noite;Decrescente;C�u Claro;Dupla;"Aclive;Viaduto;Reta";Sim;3;0;0;1;2;0;1;3;-7,16570426;-34,89719152;SPRF-PB;DEL01-PB;UOP01-DEL01-PB;;;
656519;21/01/2025;ter�a-feira;17:50:00;PR;116;117;CURITIBA;Condutor deixou de manter dist�ncia do ve�culo da frente;Colis�o traseira;Com V�timas Feridas;Anoitecer;Crescente;C�u Claro;M�ltipla;Reta;Sim;2;0;0;1;1;0;1;2;-25,55905165;-49,30711269;SPRF-PR;DEL01-PR;UOP03-DEL01-PR;;;
656520;21/01/2025;ter�a-feira;18:00:00;SC;101;201,1;SAO JOSE;Condutor deixou de manter dist�ncia do ve�culo da frente;Colis�o lateral mesmo sentido;Com V�timas Feridas;Pleno dia;Crescente;C�u Claro;M�ltipla;Reta;Sim;3;0;0;1;1;1;1;3;-27,54836599;-48,61977975;SPRF-SC;DEL01-SC;UOP01-DEL01-SC;;;
656525;21/01/2025;ter�a-feira;18:40:00;SC;101;203,8;SAO JOSE;Condutor deixou de manter dist�ncia do ve�culo da frente;Colis�o traseira;Com V�timas Feridas;Pleno dia;Decrescente;C�u Claro;Dupla;Reta;Sim;2;0;1;0;1;0;1;2;-27,5650044;-48,61460082;SPRF-SC;DEL01-SC;UOP01-DEL01-SC;;;
656529;21/01/2025;ter�a-feira;17:45:00;GO;153;503,5;GOIANIA;Manobra de mudan�a de faixa;Colis�o lateral mesmo sentido;Com V�timas Feridas;Anoitecer;Crescente;Nublado;M�ltipla;"Interse��o de Vias;Viaduto;Curva";Sim;2;0;1;0;1;0;1;2;-16,73075294;-49,24345564;SPRF-GO;DEL01-GO;UOP01-DEL01-GO;;;
656531;21/01/2025;ter�a-feira;18:27:00;PE;101;75,1;RECIFE;Aus�ncia de rea��o do condutor;Colis�o traseira;Com V�timas Feridas;Plena Noite;Decrescente;C�u Claro;Dupla;Reta;Sim;4;0;2;0;2;0;2;2;-8,11024807;-34,94645834;SPRF-PE;DEL01-PE;UOP01-DEL01-PE;;;
656532;21/01/2025;ter�a-feira;17:30:00;MT;163;829;SINOP;Acessar a via sem observar a presen�a dos outros ve�culos;Colis�o traseira;Com V�timas Feridas;Pleno dia;Decrescente;C�u Claro;Simples;"Retorno Regulamentado;Rotat�ria";Sim;2;0;0;1;1;0;1;2;-11,89907862;-55,50519347;SPRF-MT;DEL06-MT;UOP02-DEL06-MT;;;
656533;21/01/2025;ter�a-feira;19:00:00;SC;101;208,2;SAO JOSE;Condutor deixou de manter dist�ncia do ve�culo da frente;Colis�o traseira;Com V�timas Feridas;Anoitecer;Crescente;C�u Claro;Dupla;Reta;Sim;3;0;0;2;1;0;2;2;-27,60327979;-48,63201818;SPRF-SC;DEL01-SC;UOP01-DEL01-SC;;;
656534;21/01/2025;ter�a-feira;19:00:00;SP;116;221,8;GUARULHOS;Rea��o tardia ou ineficiente do condutor;Colis�o lateral mesmo sentido;Com V�timas Feridas;Plena Noite;Crescente;C�u Claro;M�ltipla;Reta;Sim;2;0;1;0;1;0;1;2;-23,470464;-46,516073;SPRF-SP;DEL01-SP;UOP01-DEL01-SP;;;
656535;13/01/2025;segunda-feira;17:20:00;RS;448;14;CANOAS;Condutor deixou de manter dist�ncia do ve�culo da frente;Colis�o traseira;Com V�timas Feridas;Pleno dia;Decrescente;C�u Claro;M�ltipla;Reta;N�o;4;0;1;0;3;0;1;2;-29,924847;-51,225426;SPRF-RS;DEL01-RS;UOP01-DEL01-RS;;;
656537;21/01/2025;ter�a-feira;18:30:00;DF;40;3;BRASILIA;Rea��o tardia ou ineficiente do condutor;Colis�o traseira;Com V�timas Feridas;Anoitecer;Crescente;C�u Claro;Dupla;Reta;Sim;2;0;1;0;1;0;1;2;-16,00072932;-47,9846549;SPRF-DF;DEL01-DF;UOP01-DEL01-DF;;;
656538;21/01/2025;ter�a-feira;17:30:00;RO;319;58;PORTO VELHO;Transitar no Acostamento;Colis�o traseira;Sem V�timas;Pleno dia;Crescente;C�u Claro;Dupla;Reta;N�o;2;0;0;0;2;0;0;2;-8,739714;-63,93214024;SPRF-RO;DEL01-RO;UOP01-DEL01-RO;;;
656539;21/01/2025;ter�a-feira;17:30:00;RJ;101;297;ITABORAI;Aus�ncia de rea��o do condutor;Queda de ocupante de ve�culo;Com V�timas Feridas;Pleno dia;Decrescente;C�u Claro;Dupla;Reta;N�o;2;0;2;0;0;0;2;1;-22,76942037;-42,91873581;SPRF-RJ;DEL02-RJ;UOP02-DEL02-RJ;;;
656540;21/01/2025;ter�a-feira;16:45:00;RS;285;398,8;SANTA BARBARA DO SUL;Demais falhas mec�nicas ou el�tricas;Inc�ndio;Sem V�timas;Pleno dia;Crescente;Sol;Simples;Reta;N�o;1;0;0;0;1;0;0;1;-28,38528413;-53,32652092;SPRF-RS;DEL10-RS;UOP02-DEL10-RS;;;
656541;21/01/2025;ter�a-feira;18:04:00;CE;222;4,1;FORTALEZA;Condutor deixou de manter dist�ncia do ve�culo da frente;Engavetamento;Com V�timas Feridas;Plena Noite;Crescente;C�u Claro;M�ltipla;Reta;Sim;5;0;3;0;1;1;3;4;-3,74164754;-38,60449792;SPRF-CE;DEL01-CE;UOP01-DEL01-CE;;;
656544;21/01/2025;ter�a-feira;17:32:00;MT;163;83;RONDONOPOLIS;Chuva;Sa�da de leito carro��vel;Com V�timas Feridas;Anoitecer;Decrescente;Chuva;Dupla;"Declive;Reta";N�o;1;0;1;0;0;0;1;1;-16,79588678;-54,67562933;SPRF-MT;DEL02-MT;UOP03-DEL02-MT;;;
656545;21/01/2025;ter�a-feira;20:05:00;SC;101;162;PORTO BELO;Demais falhas mec�nicas ou el�tricas;Inc�ndio;Sem V�timas;Plena Noite;Crescente;Nublado;Dupla;Reta;N�o;1;0;0;0;1;0;0;1;-27,20831288;-48,61987922;SPRF-SC;DEL04-SC;UOP03-DEL04-SC;;;
656547;21/01/2025;ter�a-feira;19:45:00;RS;116;151,6;CAXIAS DO SUL;Aus�ncia de rea��o do condutor;Sa�da de leito carro��vel;Com V�timas Feridas;Plena Noite;Crescente;C�u Claro;Dupla;Curva;Sim;2;0;0;2;0;0;2;1;-29,17694502;-51,16173896;SPRF-RS;DEL05-RS;UOP01-DEL05-RS;;;
656548;21/01/2025;ter�a-feira;19:35:00;PR;116;14;COLOMBO;Condutor Dormindo;Colis�o traseira;Com V�timas Feridas;Pleno dia;Decrescente;C�u Claro;Dupla;Reta;Sim;2;0;1;0;1;0;1;2;-25,3818;-49,1643;SPRF-PR;DEL01-PR;UOP02-DEL01-PR;;;
656549;21/01/2025;ter�a-feira;18:51:00;RO;364;197,4;PIMENTA BUENO;Manobra de mudan�a de faixa;Colis�o transversal;Com V�timas Feridas;Anoitecer;Crescente;C�u Claro;Simples;"Reta;Interse��o de Vias";Sim;5;0;1;0;3;1;1;3;-11,67880278;-61,1878925;SPRF-RO;DEL02-RO;UOP02-DEL02-RO;;;
656550;21/01/2025;ter�a-feira;16:18:00;CE;116;9;FORTALEZA;Entrada inopinada do pedestre;Atropelamento de Pedestre;Com V�timas Feridas;Pleno dia;Decrescente;Sol;Dupla;Reta;Sim;2;0;1;0;0;1;1;2;-3,82779096;-38,50486117;SPRF-CE;DEL01-CE;UOP02-DEL01-CE;;;
656554;21/01/2025;ter�a-feira;14:50:00;SC;280;289;PORTO UNIAO;Ingest�o de �lcool pelo condutor;Queda de ocupante de ve�culo;Com V�timas Feridas;Pleno dia;Decrescente;C�u Claro;Simples;Reta;N�o;1;0;0;1;0;0;1;1;-26,29630679;-50,91527399;SPRF-SC;DEL06-SC;UOP04-DEL06-SC;;;
656555;21/01/2025;ter�a-feira;20:20:00;SC;101;197,7;SAO JOSE;Condutor deixou de manter dist�ncia do ve�culo da frente;Colis�o lateral mesmo sentido;Com V�timas Feridas;Plena Noite;Decrescente;Nublado;M�ltipla;Reta;Sim;2;0;1;0;0;1;1;2;-27,51844497;-48,63848496;SPRF-SC;DEL01-SC;UOP01-DEL01-SC;;;
656556;21/01/2025;ter�a-feira;09:55:00;RS;116;36,9;VACARIA;Acessar a via sem observar a presen�a dos outros ve�culos;Colis�o transversal;Com V�timas Feridas;Pleno dia;Decrescente;C�u Claro;Simples;Retorno Regulamentado;Sim;4;0;1;0;3;0;1;2;-28,49871686;-50,9175539;SPRF-RS;DEL05-RS;UOP03-DEL05-RS;;;
656557;21/01/2025;ter�a-feira;19:50:00;PE;232;332;CUSTODIA;Pedestre andava na pista;Atropelamento de Pedestre;Com V�timas Feridas;Plena Noite;Decrescente;Chuva;Simples;"Reta;Declive";N�o;2;0;0;1;0;1;1;2;-8,08916179;-37,62141598;SPRF-PE;DEL04-PE;UOP02-DEL04-PE;;;
656559;21/01/2025;ter�a-feira;18:30:00;CE;116;42;HORIZONTE;Afundamento ou ondula��o no pavimento;Tombamento;Com V�timas Feridas;Plena Noite;Crescente;C�u Claro;M�ltipla;"Em Obras;Reta";Sim;1;0;1;0;0;0;1;1;-4,10857928;-38,4942173;SPRF-CE;DEL01-CE;UOP02-DEL01-CE;;;