id;data_inversa;dia_semana;horario;uf;br;km;municipio;causa_acidente;tipo_acidente;classificacao_acidente;fase_dia;sentido_via;condicao_metereologica;tipo_pista;tracado_via;uso_solo;pessoas;mortos;feridos_leves;feridos_graves;ilesos;ignorados;feridos;veiculos;latitude;longitude;regional;delegacia;uop;;;
656560;21/01/2025;ter�a-feira;22:00:00;RJ;116;169;RIO DE JANEIRO;Pedestre cruzava a pista fora da faixa;Atropelamento de Pedestre;Com V�timas Feridas;Plena Noite;Crescente;C�u Claro;M�ltipla;"Reta;Em Obras";N�o;2;0;1;0;1;0;1;2;-22,816206;-43,324463;SPRF-RJ;DEL06-RJ;UOP01-DEL06-RJ;;;
656561;21/01/2025;ter�a-feira;21:00:00;BA;324;595;CANDEIAS;Aus�ncia de rea��o do condutor;Colis�o traseira;Sem V�timas;Plena Noite;Decrescente;C�u Claro;M�ltipla;Reta;Sim;6;0;0;0;6;0;0;2;-12,71235341;-38,45524557;SPRF-BA;DEL01-BA;UOP01-DEL01-BA;;;
656562;21/01/2025;ter�a-feira;21:00:00;CE;116;39;HORIZONTE;Aus�ncia de rea��o do condutor;Colis�o traseira;Com V�timas Feridas;Pleno dia;Decrescente;C�u Claro;M�ltipla;Reta;Sim;4;0;1;0;3;0;1;2;-4,08722773;-38,500659;SPRF-CE;DEL01-CE;UOP02-DEL01-CE;;;
656564;21/01/2025;ter�a-feira;21:10:00;PB;101;83;BAYEUX;Defici�ncia do Sistema de Ilumina��o/Sinaliza��o;Colis�o traseira;Com V�timas Feridas;Plena Noite;Decrescente;C�u Claro;Dupla;Reta;Sim;4;0;0;3;1;0;3;3;-7,1337703;-34,92963914;SPRF-PB;DEL01-PB;UOP01-DEL01-PB;;;
656565;21/01/2025;ter�a-feira;20:33:00;RJ;40;105;DUQUE DE CAXIAS;Rea��o tardia ou ineficiente do condutor;Tombamento;Com V�timas Feridas;Plena Noite;Decrescente;C�u Claro;Simples;Reta;Sim;2;0;2;0;0;0;2;1;-22,63774862;-43,2839334;SPRF-RJ;DEL01-RJ;UOP02-DEL01-RJ;;;
656566;21/01/2025;ter�a-feira;20:50:00;PR;373;394;CANDOI;Convers�o proibida;Colis�o frontal;Com V�timas Feridas;Anoitecer;Decrescente;C�u Claro;Simples;"Rotat�ria;Reta";N�o;3;0;0;1;2;0;1;2;-25,541378;-52,011139;SPRF-PR;DEL08-PR;UOP01-DEL08-PR;;;
656568;19/01/2025;domingo;08:40:00;DF;60;3;BRASILIA;Condutor Dormindo;Sa�da de leito carro��vel;Com V�timas Feridas;Pleno dia;Decrescente;Garoa/Chuvisco;Simples;Reta;Sim;5;0;2;0;3;0;2;2;-15,890521;-48,086864;SPRF-DF;DEL03-DF;UOP01-DEL03-DF;;;
656569;21/01/2025;ter�a-feira;22:40:00;AL;101;192,2;JUNQUEIRO;Convers�o proibida;Colis�o transversal;Com V�timas Feridas;Plena Noite;Crescente;Nublado;Simples;Reta;Sim;3;0;1;0;2;0;1;2;-9,93276016;-36,48032295;SPRF-AL;DEL02-AL;UOP02-DEL02-AL;;;
656570;21/01/2025;ter�a-feira;22:30:00;PR;369;200;APUCARANA;Transitar na contram�o;Colis�o frontal;Com V�timas Fatais;Plena Noite;Crescente;Nublado;Simples;Curva;N�o;5;1;2;0;2;0;2;3;-23,528008;-51,446687;SPRF-PR;DEL07-PR;UOP03-DEL07-PR;;;
656571;05/01/2025;domingo;11:27:00;RJ;116;103;GUAPIMIRIM;Aus�ncia de rea��o do condutor;Tombamento;Com V�timas Feridas;Pleno dia;Decrescente;C�u Claro;Simples;Curva;N�o;1;0;1;0;0;0;1;1;-22,5031646;-42,99910415;SPRF-RJ;DEL04-RJ;UOP01-DEL04-RJ;;;
656572;21/01/2025;ter�a-feira;22:30:00;SC;116;227,4;CORREIA PINTO;Velocidade Incompat�vel;Sa�da de leito carro��vel;Com V�timas Feridas;Plena Noite;Crescente;C�u Claro;Simples;Reta;N�o;1;0;1;0;0;0;1;1;-27,63660007;-50,3395215;SPRF-SC;DEL05-SC;UOP03-DEL05-SC;;;
656573;21/01/2025;ter�a-feira;22:40:00;SC;470;42;GASPAR;Objeto est�tico sobre o leito carro��vel;Sa�da de leito carro��vel;Com V�timas Feridas;Plena Noite;Crescente;C�u Claro;Dupla;Curva;N�o;2;0;1;0;1;0;1;1;-26,875719;-49,003746;SPRF-SC;DEL04-SC;UOP01-DEL04-SC;;;
656574;21/01/2025;ter�a-feira;22:08:00;PR;376;3,6;SAO JOSE DOS PINHAIS;Velocidade Incompat�vel;Colis�o lateral mesmo sentido;Com V�timas Feridas;Plena Noite;Crescente;C�u Claro;Dupla;"Reta;Interse��o de Vias";Sim;5;0;1;1;3;0;2;5;-25,5307;-49,1958;SPRF-PR;DEL01-PR;UOP04-DEL01-PR;;;
656575;21/01/2025;ter�a-feira;23:30:00;ES;101;224,7;IBIRACU;Rea��o tardia ou ineficiente do condutor;Tombamento;Com V�timas Feridas;Plena Noite;Decrescente;C�u Claro;Simples;Reta;N�o;1;0;1;0;0;0;1;1;-19,89290688;-40,41230369;SPRF-ES;DEL02-ES;UOP01-DEL02-ES;;;
656577;22/01/2025;quarta-feira;00:30:00;DF;60;2,9;BRASILIA;Acessar a via sem observar a presen�a dos outros ve�culos;Colis�o lateral mesmo sentido;Sem V�timas;Plena Noite;Crescente;C�u Claro;Dupla;Reta;Sim;2;0;0;0;2;0;0;2;-15,887383;-48,077988;SPRF-DF;DEL03-DF;UOP01-DEL03-DF;;;
656578;21/01/2025;ter�a-feira;23:15:00;MS;163;21;MUNDO NOVO;Aus�ncia de rea��o do condutor;Tombamento;Com V�timas Feridas;Plena Noite;Decrescente;C�u Claro;Simples;Declive;N�o;2;0;2;0;0;0;2;1;-23,91837576;-54,2894369;SPRF-MS;DEL09-MS;UOP02-DEL09-MS;;;
656581;22/01/2025;quarta-feira;01:15:00;PR;277;485,5;NOVA LARANJEIRAS;Velocidade Incompat�vel;Tombamento;Com V�timas Feridas;Plena Noite;Decrescente;C�u Claro;Simples;"Curva;Declive";N�o;2;0;2;0;0;0;2;1;-25,24997491;-52,62897491;SPRF-PR;DEL04-PR;UOP02-DEL04-PR;;;
656582;21/01/2025;ter�a-feira;23:45:00;RR;174;290;CARACARAI;Condutor Dormindo;Sa�da de leito carro��vel;Com V�timas Feridas;Plena Noite;Decrescente;Ignorado;Simples;Reta;N�o;17;0;9;0;6;2;9;1;1,431896;-60,723217;SPRF-RR;DEL01-RR;UOP01-DEL01-RR;;;
656583;22/01/2025;quarta-feira;01:20:00;SP;381;81;SAO PAULO;Rea��o tardia ou ineficiente do condutor;Colis�o frontal;Sem V�timas;Plena Noite;Crescente;C�u Claro;Dupla;Reta;Sim;1;0;0;0;0;1;0;1;-23,41704481;-46,58022057;SPRF-SP;DEL03-SP;UOP01-DEL03-SP;;;
656586;22/01/2025;quarta-feira;04:25:00;MT;163;832;SINOP;Rea��o tardia ou ineficiente do condutor;Queda de ocupante de ve�culo;Com V�timas Feridas;Amanhecer;Decrescente;Nublado;Simples;Retorno Regulamentado;Sim;1;0;1;0;0;0;1;1;-11,882032;-55,500807;SPRF-MT;DEL06-MT;UOP02-DEL06-MT;;;
656592;22/01/2025;quarta-feira;06:00:00;BA;110;342;ALAGOINHAS;Aus�ncia de rea��o do condutor;Colis�o traseira;Com V�timas Feridas;Pleno dia;Crescente;C�u Claro;Simples;Curva;N�o;2;0;1;0;0;1;1;2;-12,23369001;-38,41224688;SPRF-BA;DEL01-BA;UOP04-DEL01-BA;;;
656593;22/01/2025;quarta-feira;06:45:00;SC;101;217,9;PALHOCA;Demais falhas mec�nicas ou el�tricas;Inc�ndio;Sem V�timas;Pleno dia;Decrescente;C�u Claro;Dupla;Reta;Sim;1;0;0;0;1;0;0;1;-27,66779034;-48,67393586;SPRF-SC;DEL01-SC;UOP02-DEL01-SC;;;
656595;22/01/2025;quarta-feira;06:30:00;PR;467;109;CASCAVEL;Ingest�o de �lcool pelo condutor;Sa�da de leito carro��vel;Sem V�timas;Pleno dia;Decrescente;C�u Claro;Dupla;Curva;N�o;1;0;0;0;1;0;0;1;-24,9209;-53,4764;SPRF-PR;DEL04-PR;UOP01-DEL04-PR;;;
656596;22/01/2025;quarta-feira;04:50:00;PR;116;17;ANTONINA;Demais falhas mec�nicas ou el�tricas;Inc�ndio;Sem V�timas;Amanhecer;Crescente;C�u Claro;Dupla;Curva;N�o;1;0;0;0;1;0;0;1;-25,10305915;-48,70103892;SPRF-PR;DEL01-PR;UOP02-DEL01-PR;;;
656597;22/01/2025;quarta-feira;07:00:00;PB;101;83;BAYEUX;Condutor deixou de manter dist�ncia do ve�culo da frente;Colis�o traseira;Com V�timas Feridas;Pleno dia;Decrescente;C�u Claro;Dupla;Reta;Sim;4;0;0;1;3;0;1;2;-7,1345984;-34,92874503;SPRF-PB;DEL01-PB;UOP01-DEL01-PB;;;
656599;10/01/2025;sexta-feira;19:12:00;PB;230;499;CAJAZEIRAS;Desrespeitar a prefer�ncia no cruzamento;Colis�o transversal;Com V�timas Feridas;Plena Noite;Decrescente;C�u Claro;Simples;"Aclive;Reta";Sim;2;0;0;1;1;0;1;2;-6,8995;-38,499;SPRF-PB;DEL03-PB;UOP03-DEL03-PB;;;
656603;22/01/2025;quarta-feira;07:25:00;SP;116;283;EMBU DAS ARTES;Rea��o tardia ou ineficiente do condutor;Colis�o traseira;Com V�timas Feridas;Pleno dia;Decrescente;C�u Claro;Dupla;Reta;Sim;2;0;1;0;1;0;1;2;-23,69297005;-46,86352786;SPRF-SP;DEL04-SP;UOP01-DEL04-SP;;;
656604;22/01/2025;quarta-feira;07:35:00;MG;365;279;JOAO PINHEIRO;Ultrapassagem Indevida;Sa�da de leito carro��vel;Com V�timas Feridas;Pleno dia;Crescente;C�u Claro;Simples;Reta;N�o;2;0;2;0;0;0;2;1;-18,01132385;-45,63081926;SPRF-MG;DEL10-MG;UOP02-DEL010-MG;;;
656605;22/01/2025;quarta-feira;07:00:00;SP;116;112,8;TAUBATE;Condutor deixou de manter dist�ncia do ve�culo da frente;Colis�o traseira;Com V�timas Feridas;Pleno dia;Decrescente;C�u Claro;Dupla;Reta;Sim;2;0;1;0;1;0;1;2;-23,04159343;-45,57065616;SPRF-SP;DEL02-SP;UOP02-DEL02-SP;;;
656607;22/01/2025;quarta-feira;07:00:00;SE;235;50;ITABAIANA;Animais na Pista;Tombamento;Com V�timas Feridas;Pleno dia;Decrescente;C�u Claro;Dupla;Reta;Sim;1;0;1;0;0;0;1;1;-10,707879;-37,42606;SPRF-SE;DEL01-SE;UOP02-DEL01-SE;;;
656609;22/01/2025;quarta-feira;06:20:00;PR;277;584;CASCAVEL;Acessar a via sem observar a presen�a dos outros ve�culos;Colis�o lateral mesmo sentido;Com V�timas Feridas;Pleno dia;Crescente;C�u Claro;Simples;Interse��o de Vias;Sim;2;0;1;0;1;0;1;2;-24,96684176;-53,40258186;SPRF-PR;DEL04-PR;UOP01-DEL04-PR;;;
656610;22/01/2025;quarta-feira;07:58:00;PR;376;1;MARINGA;Demais falhas mec�nicas ou el�tricas;Tombamento;Com V�timas Feridas;Pleno dia;Crescente;C�u Claro;Dupla;Reta;N�o;1;0;0;1;0;0;1;1;-23,40181966;-51,98078156;SPRF-PR;DEL09-PR;UOP01-DEL09-PR;;;
656611;22/01/2025;quarta-feira;06:15:00;PR;376;501,4;PONTA GROSSA;Aus�ncia de rea��o do condutor;Sa�da de leito carro��vel;Sem V�timas;Pleno dia;Crescente;Sol;Dupla;Reta;N�o;1;0;0;0;0;1;0;1;-25,164474;-50,117852;SPRF-PR;DEL03-PR;UOP04-DEL03-PR;;;
656613;22/01/2025;quarta-feira;08:30:00;CE;116;3;FORTALEZA;Condutor deixou de manter dist�ncia do ve�culo da frente;Colis�o traseira;Com V�timas Feridas;Pleno dia;Decrescente;Nublado;Dupla;Reta;N�o;2;0;1;0;1;0;1;2;-3,78030624;-38,51424694;SPRF-CE;DEL01-CE;UOP02-DEL01-CE;;;
656616;22/01/2025;quarta-feira;08:50:00;PB;230;416,6;POMBAL;Acessar a via sem observar a presen�a dos outros ve�culos;Colis�o transversal;Com V�timas Feridas;Pleno dia;Decrescente;C�u Claro;Simples;Declive;N�o;2;0;1;0;1;0;1;2;-6,7174;-37,8107;SPRF-PB;DEL03-PB;UOP02-DEL03-PB;;;
656618;22/01/2025;quarta-feira;07:30:00;AL;316;266;SATUBA;Acumulo de �gua sobre o pavimento;Colis�o frontal;Com V�timas Fatais;Pleno dia;Crescente;C�u Claro;Simples;Declive;N�o;3;2;1;0;0;0;1;2;-9,59005875;-35,89598604;SPRF-AL;DEL02-AL;UOP01-DEL02-AL;;;
656619;22/01/2025;quarta-feira;08:40:00;SC;101;40,7;PALHOCA;Rea��o tardia ou ineficiente do condutor;Colis�o com objeto;Com V�timas Feridas;Pleno dia;Decrescente;C�u Claro;Dupla;Curva;N�o;1;0;0;1;0;0;1;1;-27,64984;-48,72553;SPRF-SC;DEL01-SC;UOP02-DEL01-SC;;;
656621;22/01/2025;quarta-feira;08:40:00;MG;381;481,6;CONTAGEM;Aus�ncia de rea��o do condutor;Colis�o lateral mesmo sentido;Com V�timas Feridas;Pleno dia;Crescente;C�u Claro;M�ltipla;Reta;Sim;2;0;1;0;1;0;1;2;-19,9589118;-44,0656654;SPRF-MG;DEL01-MG;UOP03-DEL01-MG;;;
656626;22/01/2025;quarta-feira;07:30:00;SC;282;368;ERVAL VELHO;Acessar a via sem observar a presen�a dos outros ve�culos;Colis�o transversal;Com V�timas Feridas;Pleno dia;Decrescente;C�u Claro;Simples;"Interse��o de Vias;Reta";Sim;6;0;2;0;4;0;2;2;-27,284508;-51,433643;SPRF-SC;DEL07-SC;UOP05-DEL07-SC;;;
656628;22/01/2025;quarta-feira;08:20:00;SC;116;32;ITAIOPOLIS;Aus�ncia de rea��o do condutor;Sa�da de leito carro��vel;Com V�timas Feridas;Pleno dia;Decrescente;Sol;Simples;Reta;N�o;1;0;1;0;0;0;1;1;-26,32181178;-49,97952713;SPRF-SC;DEL06-SC;UOP01-DEL06-SC;;;
656631;22/01/2025;quarta-feira;09:42:00;PE;101;49;ABREU E LIMA;Rea��o tardia ou ineficiente do condutor;Colis�o traseira;Com V�timas Feridas;Pleno dia;Decrescente;C�u Claro;M�ltipla;Reta;Sim;2;0;2;0;0;0;2;2;-7,9005152;-34,90180641;SPRF-PE;DEL01-PE;UOP02-DEL01-PE;;;
656634;22/01/2025;quarta-feira;10:20:00;CE;116;24;AQUIRAZ;Acumulo de �gua sobre o pavimento;Sa�da de leito carro��vel;Com V�timas Feridas;Pleno dia;Decrescente;Chuva;Dupla;Curva;N�o;2;0;1;0;1;0;1;1;-3,95797982;-38,5131124;SPRF-CE;DEL01-CE;UOP02-DEL01-CE;;;
656635;22/01/2025;quarta-feira;10:10:00;GO;40;8,3;LUZIANIA;Rea��o tardia ou ineficiente do condutor;Colis�o traseira;Com V�timas Feridas;Pleno dia;Crescente;Sol;Dupla;Reta;N�o;3;0;1;0;2;0;1;3;-16,116158;-47,96761;SPRF-DF;DEL01-DF;UOP01-DEL01-DF;;;
656637;22/01/2025;quarta-feira;08:00:00;RJ;116;111;GUAPIMIRIM;Velocidade Incompat�vel;Sa�da de leito carro��vel;Com V�timas Feridas;Pleno dia;Decrescente;C�u Claro;Dupla;Reta;Sim;2;0;2;0;0;0;2;1;-22,55838319;-42,99482067;SPRF-RJ;DEL04-RJ;UOP02-DEL04-RJ;;;
656639;22/01/2025;quarta-feira;11:15:00;GO;60;52;ABADIANIA;Rea��o tardia ou ineficiente do condutor;Colis�o com objeto;Com V�timas Feridas;Pleno dia;Decrescente;C�u Claro;Dupla;Reta;N�o;6;0;6;0;0;0;6;1;-16,1702;-48,6402;SPRF-GO;DEL02-GO;UOP01-DEL02-GO;;;
656640;22/01/2025;quarta-feira;09:20:00;MS;267;481,2;JARDIM;Acessar a via sem observar a presen�a dos outros ve�culos;Colis�o transversal;Com V�timas Feridas;Pleno dia;Crescente;C�u Claro;Simples;Reta;Sim;2;0;1;0;1;0;1;2;-21,48200378;-56,14166021;SPRF-MS;DEL05-MS;UOP01-DEL05-MS;;;
656642;22/01/2025;quarta-feira;11:40:00;PI;316;10;TERESINA;Aus�ncia de rea��o do condutor;Tombamento;Com V�timas Feridas;Pleno dia;Crescente;C�u Claro;Dupla;Reta;Sim;1;0;1;0;0;0;1;1;-5,18280197;-42,76350291;SPRF-PI;DEL01-PI;UOP02-DEL01-PI;;;
656643;22/01/2025;quarta-feira;11:40:00;SC;282;4,5;FLORIANOPOLIS;Rea��o tardia ou ineficiente do condutor;Colis�o traseira;Com V�timas Feridas;Pleno dia;Decrescente;C�u Claro;Dupla;Reta;Sim;3;0;2;0;1;0;2;2;-27,592646;-48,604034;SPRF-SC;DEL01-SC;UOP01-DEL01-SC;;;
656646;22/01/2025;quarta-feira;12:45:00;MG;381;484;BETIM;Aus�ncia de rea��o do condutor;Tombamento;Com V�timas Feridas;Pleno dia;Decrescente;C�u Claro;M�ltipla;Reta;Sim;1;0;1;0;0;0;1;1;-19,9547211;-44,0983678;SPRF-MG;DEL01-MG;UOP03-DEL01-MG;;;
656648;22/01/2025;quarta-feira;11:20:00;RJ;356;77;ITALVA;Rea��o tardia ou ineficiente do condutor;Colis�o traseira;Sem V�timas;Pleno dia;Crescente;Sol;Simples;Reta;Sim;3;0;0;0;3;0;0;2;-21,43699107;-41,68072343;SPRF-RJ;DEL08-RJ;UOP03-DEL08-RJ;;;
656649;22/01/2025;quarta-feira;12:20:00;BA;324;517;FEIRA DE SANTANA;Convers�o proibida;Colis�o transversal;Com V�timas Feridas;Pleno dia;Decrescente;C�u Claro;Simples;Reta;Sim;2;0;1;0;1;0;1;2;-12,24953308;-38,93362525;SPRF-BA;DEL02-BA;UOP01-DEL02-BA;;;
656650;22/01/2025;quarta-feira;12:30:00;RN;101;96;NATAL;Condutor deixou de manter dist�ncia do ve�culo da frente;Colis�o traseira;Com V�timas Feridas;Pleno dia;Decrescente;Sol;Dupla;Reta;Sim;2;0;1;0;1;0;1;2;-5,84949622;-35,20890752;SPRF-RN;DEL01-RN;UOP01-DEL01-RN;;;
656651;22/01/2025;quarta-feira;12:40:00;MG;153;241,5;FRONTEIRA;Acessar a via sem observar a presen�a dos outros ve�culos;Colis�o transversal;Com V�timas Feridas;Pleno dia;Decrescente;C�u Claro;Simples;Reta;N�o;5;0;2;1;2;0;3;2;-20,29847332;-49,20614844;SPRF-MG;DEL13-MG;UOP02-DEL13-MG;;;
656652;22/01/2025;quarta-feira;11:00:00;PR;369;24,5;CAMBARA;Rea��o tardia ou ineficiente do condutor;Colis�o transversal;Com V�timas Feridas;Pleno dia;Decrescente;C�u Claro;Simples;"Declive;Em Obras";N�o;4;0;0;1;3;0;1;2;-23,038359;-50,124856;SPRF-PR;DEL07-PR;UOP05-DEL07-PR;;;
656653;22/01/2025;quarta-feira;12:30:00;RN;101;96;NATAL;Condutor deixou de manter dist�ncia do ve�culo da frente;Engavetamento;Sem V�timas;Pleno dia;Decrescente;Sol;Dupla;Reta;Sim;3;0;0;0;3;0;0;3;-5,84949622;-35,20890752;SPRF-RN;DEL01-RN;UOP01-DEL01-RN;;;
656654;22/01/2025;quarta-feira;12:50:00;SC;470;317,5;CAMPOS NOVOS;Demais falhas mec�nicas ou el�tricas;Inc�ndio;Sem V�timas;Pleno dia;Crescente;C�u Claro;Simples;Reta;Sim;1;0;0;0;0;1;0;1;-27,404869;-51,206257;SPRF-SC;DEL07-SC;UOP06-DEL07-SC;;;
656656;22/01/2025;quarta-feira;13:20:00;PR;277;2,8;PARANAGUA;Demais falhas mec�nicas ou el�tricas;Tombamento;Com V�timas Feridas;Pleno dia;Crescente;Chuva;Dupla;Reta;Sim;1;0;1;0;0;0;1;1;-25,5205;-48,5095;SPRF-PR;DEL01-PR;UOP05-DEL01-PR;;;
656659;22/01/2025;quarta-feira;14:15:00;ES;101;280,9;SERRA;Pista esburacada;Tombamento;Com V�timas Feridas;Pleno dia;Crescente;C�u Claro;Simples;Reta;N�o;1;0;1;0;0;0;1;1;-20,21828666;-40,34895595;SPRF-ES;DEL02-ES;UOP01-DEL02-ES;;;
656660;22/01/2025;quarta-feira;13:40:00;PE;101;69,1;RECIFE;Acessar a via sem observar a presen�a dos outros ve�culos;Colis�o traseira;Com V�timas Feridas;Pleno dia;Crescente;C�u Claro;M�ltipla;Reta;Sim;4;0;2;0;2;0;2;3;-8,060847;-34,945717;SPRF-PE;DEL01-PE;UOP01-DEL01-PE;;;
656662;22/01/2025;quarta-feira;11:40:00;AL;101;50,9;FLEXEIRAS;Demais falhas mec�nicas ou el�tricas;Inc�ndio;Sem V�timas;Pleno dia;Decrescente;C�u Claro;Dupla;Curva;N�o;3;0;0;0;3;0;0;1;-9,23058131;-35,77286231;SPRF-AL;DEL01-AL;UOP02-DEL01-AL;;;
656665;22/01/2025;quarta-feira;13:40:00;SE;235;0;ARACAJU;Rea��o tardia ou ineficiente do condutor;Colis�o lateral mesmo sentido;Com V�timas Feridas;Pleno dia;Crescente;Sol;Dupla;"Interse��o de Vias;Rotat�ria";Sim;3;0;2;0;0;1;2;2;-10,9087;-37,0855;SPRF-SE;DEL01-SE;UOP01-DEL01-SE;;;
656666;22/01/2025;quarta-feira;14:30:00;MG;116;441;ENGENHEIRO CALDAS;Aus�ncia de rea��o do condutor;Sa�da de leito carro��vel;Com V�timas Feridas;Pleno dia;Crescente;C�u Claro;Simples;Curva;N�o;2;0;2;0;0;0;2;1;-19,07303683;-42,00329661;SPRF-MG;DEL06-MG;UOP01-DEL06-MG;;;
656667;22/01/2025;quarta-feira;14:15:00;RJ;101;203;CASIMIRO DE ABREU;Ingest�o de �lcool pelo condutor;Colis�o traseira;Sem V�timas;Pleno dia;Crescente;C�u Claro;Simples;Reta;N�o;4;0;0;0;4;0;0;2;-22,47557761;-42,17219006;SPRF-RJ;DEL08-RJ;UOP04-DEL08-RJ;;;
656668;22/01/2025;quarta-feira;13:11:00;MA;10;263;IMPERATRIZ;Acesso irregular;Colis�o traseira;Com V�timas Feridas;Pleno dia;Decrescente;C�u Claro;Simples;Reta;Sim;2;0;1;0;1;0;1;2;-5,436281;-47,472649;SPRF-MA;DEL04-MA;UOP01-DEL04-MA;;;
656673;04/01/2025;s�bado;09:15:00;GO;364;69;CACHOEIRA ALTA;Aus�ncia de rea��o do condutor;Sa�da de leito carro��vel;Com V�timas Feridas;Pleno dia;Crescente;Chuva;Simples;"Aclive;Curva";N�o;2;0;2;0;0;0;2;1;-18,663525;-50,993385;SPRF-GO;DEL05-GO;UOP02-DEL05-GO;;;
656674;03/01/2025;sexta-feira;20:00:00;PE;424;86;GARANHUNS;Ingest�o de �lcool pelo condutor;Colis�o lateral sentido oposto;Com V�timas Feridas;Plena Noite;Decrescente;C�u Claro;Simples;Reta;Sim;5;0;1;0;4;0;1;2;-8,86552886;-36,50934159;SPRF-PE;DEL03-PE;UOP01-DEL03-PE;;;
656681;22/01/2025;quarta-feira;14:18:00;SE;101;171;SANTA LUZIA DO ITANHY;Acessar a via sem observar a presen�a dos outros ve�culos;Colis�o lateral mesmo sentido;Com V�timas Feridas;Pleno dia;Crescente;C�u Claro;Simples;Reta;N�o;2;0;0;1;1;0;1;2;-11,33387805;-37,57638299;SPRF-SE;DEL02-SE;UOP01-DEL02-SE;;;
656682;22/01/2025;quarta-feira;15:20:00;MG;262;36,5;MANHUACU;Acumulo de areia ou detritos sobre o pavimento;Queda de ocupante de ve�culo;Com V�timas Feridas;Pleno dia;Decrescente;Nublado;Simples;Rotat�ria;Sim;1;0;1;0;0;0;1;1;-20,25932046;-42,02298331;SPRF-MG;DEL06-MG;UOP03-DEL06-MG;;;
656683;22/01/2025;quarta-feira;15:50:00;GO;70;9;AGUAS LINDAS DE GOIAS;Ingest�o de �lcool pelo condutor;Sa�da de leito carro��vel;Com V�timas Feridas;Pleno dia;Decrescente;C�u Claro;M�ltipla;Reta;Sim;3;0;1;1;1;0;2;2;-15,73576731;-48,28288046;SPRF-DF;DEL03-DF;UOP02-DEL03-DF;;;
656684;22/01/2025;quarta-feira;15:15:00;PR;369;161,8;CAMBE;Condutor deixou de manter dist�ncia do ve�culo da frente;Colis�o traseira;Sem V�timas;Pleno dia;Crescente;Chuva;Dupla;Declive;Sim;2;0;0;0;2;0;0;2;-23,2926583;-51,2672915;SPRF-PR;DEL07-PR;UOP01-DEL07-PR;;;
656685;22/01/2025;quarta-feira;16:25:00;SC;480;129;CHAPECO;Acesso irregular;Colis�o frontal;Com V�timas Feridas;Pleno dia;Crescente;C�u Claro;Simples;Curva;Sim;2;0;1;0;1;0;1;2;-27,03965216;-52,63510108;SPRF-SC;DEL07-SC;UOP01-DEL07-SC;;;
656686;22/01/2025;quarta-feira;16:00:00;MG;40;780,5;JUIZ DE FORA;Pista Escorregadia;Tombamento;Com V�timas Feridas;Pleno dia;Crescente;Nublado;Dupla;Curva;N�o;2;0;0;1;1;0;1;1;-21,67939981;-43,44987329;SPRF-MG;DEL05-MG;UOP01-DEL05-MG;;;
656688;22/01/2025;quarta-feira;11:35:00;MG;262;37,5;MANHUACU;Acessar a via sem observar a presen�a dos outros ve�culos;Colis�o transversal;Com V�timas Feridas;Pleno dia;Decrescente;C�u Claro;Simples;Reta;N�o;2;0;1;0;0;1;1;2;-20,25748975;-42,03048732;SPRF-MG;DEL06-MG;UOP03-DEL06-MG;;;
656689;22/01/2025;quarta-feira;16:30:00;SP;116;58,3;GUARATINGUETA;Aus�ncia de sinaliza��o;Colis�o traseira;Com V�timas Feridas;Pleno dia;Crescente;Nublado;Dupla;Reta;Sim;1;0;1;0;0;0;1;1;-22,78005511;-45,14572791;SPRF-SP;DEL08-SP;UOP01-DEL08-SP;;;
656690;22/01/2025;quarta-feira;16:30:00;MG;381;896,4;CAMBUI;Avarias e/ou desgaste excessivo no pneu;Colis�o com objeto;Sem V�timas;Pleno dia;Crescente;Chuva;Dupla;Curva;N�o;1;0;0;0;1;0;0;1;-22,59457793;-46,05621099;SPRF-MG;DEL16-MG;UOP01-DEL16-MG;;;
656694;22/01/2025;quarta-feira;17:15:00;RS;472;139;TRES DE MAIO;Acessar a via sem observar a presen�a dos outros ve�culos;Colis�o transversal;Com V�timas Feridas;Pleno dia;Crescente;Sol;Simples;Reta;N�o;2;0;2;0;0;0;2;2;-27,77433212;-54,301426;SPRF-RS;DEL10-RS;UOP01-DEL10-RS;;;
656695;22/01/2025;quarta-feira;17:20:00;SC;470;121,5;IBIRAMA;Transitar na contram�o;Colis�o frontal;Com V�timas Feridas;Anoitecer;Crescente;C�u Claro;Dupla;"Curva;Declive";N�o;4;0;0;4;0;0;4;2;-27,09624249;-49,53099132;SPRF-SC;DEL04-SC;UOP02-DEL04-SC;;;
656696;22/01/2025;quarta-feira;16:30:00;GO;40;11;LUZIANIA;�rea urbana sem a presen�a de local apropriado para a travessia de pedestres;Atropelamento de Pedestre;Com V�timas Feridas;Pleno dia;Crescente;Sol;Dupla;Reta;Sim;2;0;0;1;1;0;1;2;-16,138336;-47,951644;SPRF-DF;DEL01-DF;UOP01-DEL01-DF;;;
656697;22/01/2025;quarta-feira;17:00:00;PR;376;299,4;MAUA DA SERRA;Velocidade Incompat�vel;Capotamento;Com V�timas Feridas;Pleno dia;Decrescente;Chuva;Dupla;Curva;N�o;4;0;2;0;2;0;2;1;-23,93589703;-51,13894199;SPRF-PR;DEL07-PR;UOP02-DEL07-PR;;;
656698;22/01/2025;quarta-feira;17:30:00;RS;290;91;PORTO ALEGRE;Manobra de mudan�a de faixa;Colis�o lateral mesmo sentido;Com V�timas Feridas;Pleno dia;Decrescente;C�u Claro;Dupla;"Retorno Regulamentado;Reta";Sim;3;0;1;0;2;0;1;2;-29,969055;-51,167439;SPRF-RS;DEL01-RS;UOP01-DEL01-RS;;;