id;data_inversa;dia_semana;horario;uf;br;km;municipio;causa_acidente;tipo_acidente;classificacao_acidente;fase_dia;sentido_via;condicao_metereologica;tipo_pista;tracado_via;uso_solo;pessoas;mortos;feridos_leves;feridos_graves;ilesos;ignorados;feridos;veiculos;latitude;longitude;regional;delegacia;uop;;;
656699;22/01/2025;quarta-feira;14:50:00;RJ;101;508;ANGRA DOS REIS;Condutor deixou de manter dist�ncia do ve�culo da frente;Colis�o traseira;Com V�timas Feridas;Pleno dia;Crescente;C�u Claro;Simples;Reta;Sim;5;0;1;0;4;0;1;2;-22,94163902;-44,42239099;SPRF-RJ;DEL03-RJ;UOP03-DEL03-RJ;;;
656700;22/01/2025;quarta-feira;17:15:00;BA;101;191;CONCEICAO DA FEIRA;Desrespeitar a prefer�ncia no cruzamento;Colis�o transversal;Com V�timas Feridas;Pleno dia;Decrescente;C�u Claro;Dupla;Interse��o de Vias;N�o;2;0;1;0;1;0;1;2;-12,59676106;-38,99611595;SPRF-BA;DEL01-BA;UOP03-DEL01-BA;;;
656701;22/01/2025;quarta-feira;17:20:00;SC;101;204,5;FLORIANOPOLIS;Rea��o tardia ou ineficiente do condutor;Colis�o lateral mesmo sentido;Com V�timas Feridas;Pleno dia;Crescente;C�u Claro;M�ltipla;Reta;Sim;2;0;1;0;0;1;1;2;-27,57413014;-48,61363083;SPRF-SC;DEL01-SC;UOP01-DEL01-SC;;;
656702;22/01/2025;quarta-feira;14:30:00;BA;20;74;SAO DESIDERIO;Acessar a via sem observar a presen�a dos outros ve�culos;Colis�o transversal;Com V�timas Feridas;Pleno dia;Crescente;Nublado;Simples;"Interse��o de Vias;Reta";N�o;4;0;2;0;2;0;2;2;-13,29082168;-46,05734825;SPRF-BA;DEL10-BA;UOP01-DEL10-BA;;;
656703;22/01/2025;quarta-feira;17:15:00;SP;153;62,8;SAO JOSE DO RIO PRETO;Manobra de mudan�a de faixa;Colis�o lateral mesmo sentido;Com V�timas Feridas;Pleno dia;Crescente;C�u Claro;Dupla;"Reta;Aclive";Sim;2;0;1;0;1;0;1;2;-20,81325404;-49,35675563;SPRF-SP;DEL09-SP;UOP01-DEL09-SP;;;
656704;22/01/2025;quarta-feira;16:25:00;PR;116;40;CAMPINA GRANDE DO SUL;Rea��o tardia ou ineficiente do condutor;Queda de ocupante de ve�culo;Com V�timas Feridas;Pleno dia;Crescente;Chuva;Dupla;Reta;N�o;1;0;1;0;0;0;1;1;-25,16445203;-48,86237697;SPRF-PR;DEL01-PR;UOP02-DEL01-PR;;;
656705;22/01/2025;quarta-feira;17:35:00;RS;116;527,7;CAPAO DO LEAO;Condutor deixou de manter dist�ncia do ve�culo da frente;Colis�o traseira;Com V�timas Feridas;Pleno dia;Crescente;C�u Claro;Simples;Reta;N�o;3;0;1;0;2;0;1;2;-31,7470243;-52,40899728;SPRF-RS;DEL07-RS;UOP01-DEL07-RS;;;
656708;22/01/2025;quarta-feira;17:30:00;SC;282;5,3;SAO JOSE;Rea��o tardia ou ineficiente do condutor;Colis�o traseira;Sem V�timas;Pleno dia;Crescente;C�u Claro;Dupla;Reta;Sim;2;0;0;0;1;1;0;2;-27,588425;-48,612919;SPRF-SC;DEL01-SC;UOP01-DEL01-SC;;;
656712;22/01/2025;quarta-feira;17:30:00;DF;60;7,1;BRASILIA;Rea��o tardia ou ineficiente do condutor;Queda de ocupante de ve�culo;Com V�timas Feridas;Pleno dia;Decrescente;C�u Claro;Dupla;Reta;Sim;2;0;2;0;0;0;2;1;-15,901237;-48,122334;SPRF-DF;DEL03-DF;UOP01-DEL03-DF;;;
656713;22/01/2025;quarta-feira;14:30:00;MT;70;649;CACERES;Rea��o tardia ou ineficiente do condutor;Capotamento;Com V�timas Feridas;Pleno dia;Crescente;C�u Claro;Simples;Reta;N�o;5;0;1;0;4;0;1;1;-15,93563878;-57,11966185;SPRF-MT;DEL03-MT;UOP02-DEL03-MT;;;
656714;13/01/2025;segunda-feira;14:24:00;BA;324;625;SALVADOR;Acessar a via sem observar a presen�a dos outros ve�culos;Queda de ocupante de ve�culo;Com V�timas Feridas;Pleno dia;Crescente;Nublado;M�ltipla;Interse��o de Vias;Sim;2;0;1;0;0;1;1;2;-12,94194706;-38,47081224;SPRF-BA;DEL01-BA;UOP01-DEL01-BA;;;
656715;22/01/2025;quarta-feira;18:37:00;CE;116;18;ITAITINGA;Acessar a via sem observar a presen�a dos outros ve�culos;Colis�o lateral mesmo sentido;Com V�timas Feridas;Plena Noite;Crescente;Ignorado;Dupla;Reta;Sim;4;0;1;0;3;0;1;3;-3,90496605;-38,50518756;SPRF-CE;DEL01-CE;UOP02-DEL01-CE;;;
656716;22/01/2025;quarta-feira;18:20:00;RJ;116;186;NOVA IGUACU;Aus�ncia de rea��o do condutor;Colis�o lateral mesmo sentido;Com V�timas Feridas;Anoitecer;Decrescente;C�u Claro;Dupla;Reta;Sim;2;0;1;0;1;0;1;2;-22,73962339;-43,46276495;SPRF-RJ;DEL06-RJ;UOP01-DEL06-RJ;;;
656717;22/01/2025;quarta-feira;19:00:00;CE;222;4;CAUCAIA;Condutor deixou de manter dist�ncia do ve�culo da frente;Colis�o traseira;Com V�timas Feridas;Plena Noite;Crescente;C�u Claro;Dupla;Reta;Sim;3;0;1;1;1;0;2;2;-3,74164754;-38,60449792;SPRF-CE;DEL01-CE;UOP01-DEL01-CE;;;
656718;22/01/2025;quarta-feira;18:35:00;RS;287;250;SANTA MARIA;Animais na Pista;Colis�o traseira;Com V�timas Feridas;Pleno dia;Crescente;C�u Claro;Dupla;Reta;N�o;5;0;1;0;3;1;1;4;-29,69077137;-53,87064812;SPRF-RS;DEL09-RS;UOP01-DEL09-RS;;;
656719;22/01/2025;quarta-feira;19:00:00;SC;101;215,2;PALHOCA;Acessar a via sem observar a presen�a dos outros ve�culos;Colis�o lateral mesmo sentido;Com V�timas Feridas;Anoitecer;Decrescente;C�u Claro;Dupla;"Reta;Viaduto";Sim;2;0;2;0;0;0;2;2;-27,65184843;-48,67604941;SPRF-SC;DEL01-SC;UOP02-DEL01-SC;;;
656721;22/01/2025;quarta-feira;17:20:00;MG;40;792,5;JUIZ DE FORA;Aus�ncia de rea��o do condutor;Colis�o com objeto;Com V�timas Feridas;Pleno dia;Decrescente;Nublado;Dupla;Curva;Sim;3;0;2;1;0;0;3;1;-21,7848652;-43,41450125;SPRF-MG;DEL05-MG;UOP01-DEL05-MG;;;
656722;22/01/2025;quarta-feira;18:30:00;MG;381;379;SAO GONCALO DO RIO ABAIXO;Acessar a via sem observar a presen�a dos outros ve�culos;Colis�o transversal;Com V�timas Feridas;Anoitecer;Decrescente;C�u Claro;Simples;Curva;N�o;2;0;1;0;1;0;1;2;-19,83530691;-43,36946606;SPRF-MG;DEL01-MG;UOP01-DEL01-MG;;;
656724;22/01/2025;quarta-feira;18:25:00;MG;116;412;GOVERNADOR VALADARES;Condutor deixou de manter dist�ncia do ve�culo da frente;Colis�o traseira;Sem V�timas;Plena Noite;Crescente;C�u Claro;Simples;Retorno Regulamentado;Sim;2;0;0;0;2;0;0;2;-18,86882342;-41,97144241;SPRF-MG;DEL06-MG;UOP01-DEL06-MG;;;
656725;22/01/2025;quarta-feira;19:20:00;RS;116;262;CANOAS;Aus�ncia de rea��o do condutor;Colis�o traseira;Com V�timas Feridas;Anoitecer;Decrescente;C�u Claro;M�ltipla;Reta;Sim;2;0;1;0;1;0;1;2;-29,896475;-51,17593;SPRF-RS;DEL01-RS;UOP01-DEL01-RS;;;
656727;22/01/2025;quarta-feira;16:04:00;PA;163;64,8;ALTAMIRA;Rea��o tardia ou ineficiente do condutor;Sa�da de leito carro��vel;Com V�timas Feridas;Pleno dia;Crescente;C�u Claro;Simples;Declive;N�o;2;0;2;0;0;0;2;1;-9,04260577;-54,92817587;SPRF-MT;DEL06-MT;UOP03-DEL06-MT;;;
656730;22/01/2025;quarta-feira;14:00:00;RJ;465;5;SEROPEDICA;Aus�ncia de rea��o do condutor;Queda de ocupante de ve�culo;Com V�timas Feridas;Pleno dia;Crescente;C�u Claro;Simples;Reta;Sim;2;0;1;0;1;0;1;2;-22,747673;-43,699196;SPRF-RJ;DEL06-RJ;UOP02-DEL06-RJ;;;
656731;22/01/2025;quarta-feira;19:50:00;SP;101;45;UBATUBA;Aus�ncia de rea��o do condutor;Tombamento;Com V�timas Feridas;Plena Noite;Crescente;C�u Claro;Simples;Reta;Sim;1;0;1;0;0;0;1;1;-23,41779396;-45,06788408;SPRF-SP;DEL06-SP;UOP01-DEL06-SP;;;
656733;22/01/2025;quarta-feira;18:30:00;SE;235;34;AREIA BRANCA;Acessar a via sem observar a presen�a dos outros ve�culos;Colis�o transversal;Sem V�timas;Plena Noite;Crescente;C�u Claro;Simples;"Interse��o de Vias;Reta";Sim;2;0;0;0;2;0;0;2;-10,760385;-37,313049;SPRF-SE;DEL01-SE;UOP02-DEL01-SE;;;
656734;22/01/2025;quarta-feira;18:48:00;MT;364;272,2;JACIARA;Rea��o tardia ou ineficiente do condutor;Colis�o traseira;Com V�timas Feridas;Plena Noite;Decrescente;Chuva;Dupla;"Curva;Rotat�ria";Sim;2;0;1;0;0;1;1;2;-15,96667987;-54,96121981;SPRF-MT;DEL05-MT;UOP02-DEL05-MT;;;
656735;22/01/2025;quarta-feira;20:00:00;MG;381;483;BETIM;Aus�ncia de rea��o do condutor;Colis�o traseira;Com V�timas Feridas;Plena Noite;Crescente;C�u Claro;Dupla;"Curva;Declive";Sim;2;0;0;1;1;0;1;2;-19,958315;-44,080283;SPRF-MG;DEL01-MG;UOP03-DEL01-MG;;;
656736;22/01/2025;quarta-feira;16:50:00;MG;381;907;CAMBUI;Pista Escorregadia;Tombamento;Com V�timas Feridas;Pleno dia;Decrescente;Garoa/Chuvisco;Dupla;"Curva;Declive";N�o;1;0;1;0;0;0;1;1;-22,67744885;-46,09839462;SPRF-MG;DEL16-MG;UOP03-DEL16-MG;;;
656738;22/01/2025;quarta-feira;20:10:00;CE;222;5;CAUCAIA;Aus�ncia de rea��o do condutor;Colis�o com objeto;Com V�timas Feridas;Plena Noite;Crescente;C�u Claro;Dupla;Reta;Sim;1;0;1;0;0;0;1;1;-3,74296918;-38,61330997;SPRF-CE;DEL01-CE;UOP01-DEL01-CE;;;
656740;22/01/2025;quarta-feira;17:45:00;RJ;465;14;SEROPEDICA;Trafegar com motocicleta (ou similar) entre as faixas;Colis�o transversal;Com V�timas Feridas;Anoitecer;Crescente;Sol;Simples;Reta;Sim;3;0;0;1;1;1;1;2;-22,804979;-43,638828;SPRF-RJ;DEL06-RJ;UOP02-DEL06-RJ;;;
656742;22/01/2025;quarta-feira;19:30:00;MG;365;241;JOAO PINHEIRO;Entrada inopinada do pedestre;Atropelamento de Pedestre;Com V�timas Feridas;Plena Noite;Crescente;C�u Claro;Simples;Reta;N�o;2;0;0;1;1;0;1;2;-17,76908394;-45,41775659;SPRF-MG;DEL10-MG;UOP02-DEL010-MG;;;
656743;22/01/2025;quarta-feira;19:30:00;BA;410;24;TUCANO;Condutor deixou de manter dist�ncia do ve�culo da frente;Colis�o traseira;Com V�timas Feridas;Plena Noite;Crescente;C�u Claro;Simples;Reta;N�o;1;0;0;1;0;0;1;1;-10,93410721;-38,71143983;SPRF-BA;DEL07-BA;UOP02-DEL07-BA;;;
656744;22/01/2025;quarta-feira;20:38:00;RJ;465;22;NOVA IGUACU;Acessar a via sem observar a presen�a dos outros ve�culos;Colis�o lateral mesmo sentido;Com V�timas Feridas;Pleno dia;Crescente;Ignorado;Simples;Reta;Sim;3;0;2;0;1;0;2;2;-22,863579;-43,601479;SPRF-RJ;DEL03-RJ;UOP01-DEL03-RJ;;;
656745;22/01/2025;quarta-feira;21:20:00;ES;101;147,3;LINHARES;Acessar a via sem observar a presen�a dos outros ve�culos;Colis�o transversal;Com V�timas Feridas;Plena Noite;Crescente;C�u Claro;Simples;"Interse��o de Vias;Rotat�ria";Sim;2;0;1;0;1;0;1;2;-19,37887202;-40,06657892;SPRF-ES;DEL04-ES;UOP01-DEL04-ES;;;
656746;22/01/2025;quarta-feira;20:00:00;RS;101;63,2;MAQUINE;Transitar na contram�o;Colis�o frontal;Sem V�timas;Plena Noite;Crescente;C�u Claro;Simples;Declive;Sim;2;0;0;0;2;0;0;2;-29,69621105;-50,16781159;SPRF-RS;DEL03-RS;UOP02-DEL03-RS;;;
656748;22/01/2025;quarta-feira;22:17:00;MG;40;515;RIBEIRAO DAS NEVES;Aus�ncia de rea��o do condutor;Sa�da de leito carro��vel;Sem V�timas;Plena Noite;Decrescente;Nublado;Dupla;"Declive;Reta";N�o;1;0;0;0;0;1;0;1;-19,8090079;-44,09493479;SPRF-MG;DEL01-MG;UOP02-DEL01-MG;;;
656751;22/01/2025;quarta-feira;21:55:00;SP;116;199;ARUJA;Rea��o tardia ou ineficiente do condutor;Colis�o lateral mesmo sentido;Com V�timas Feridas;Plena Noite;Crescente;Nublado;Dupla;"Aclive;Reta";Sim;5;0;1;0;4;0;1;3;-23,401978;-46,312678;SPRF-SP;DEL01-SP;UOP01-DEL01-SP;;;
656752;22/01/2025;quarta-feira;20:00:00;MT;163;834;SINOP;Ingest�o de �lcool pelo condutor;Queda de ocupante de ve�culo;Sem V�timas;Plena Noite;Crescente;Nublado;Simples;Reta;Sim;1;0;0;0;1;0;0;1;-11,870213;-55,498047;SPRF-MT;DEL06-MT;UOP02-DEL06-MT;;;
656753;22/01/2025;quarta-feira;21:50:00;SC;101;205,5;SAO JOSE;Aus�ncia de rea��o do condutor;Colis�o traseira;Sem V�timas;Plena Noite;Decrescente;Nublado;Simples;Reta;Sim;2;0;0;0;1;1;0;2;-27,58313237;-48,61532885;SPRF-SC;DEL01-SC;UOP01-DEL01-SC;;;
656754;22/01/2025;quarta-feira;21:50:00;MG;40;697;BARBACENA;Avarias e/ou desgaste excessivo no pneu;Sa�da de leito carro��vel;Com V�timas Fatais;Plena Noite;Crescente;C�u Claro;Dupla;"Declive;Curva;Interse��o de Vias";Sim;1;1;0;0;0;0;0;1;-21,18123052;-43,75566959;SPRF-MG;DEL05-MG;UOP02-DEL05-MG;;;
656755;22/01/2025;quarta-feira;20:50:00;MS;267;20,6;BATAGUASSU;Acessar a via sem observar a presen�a dos outros ve�culos;Colis�o transversal;Com V�timas Feridas;Plena Noite;Decrescente;Nublado;Simples;"Declive;Reta";N�o;3;0;2;0;1;0;2;2;-21,72671;-52,335178;SPRF-MS;DEL02-MS;UOP04-DEL02-MS;;;
656756;22/01/2025;quarta-feira;22:50:00;RS;116;38;VACARIA;Convers�o proibida;Colis�o frontal;Com V�timas Feridas;Plena Noite;Crescente;C�u Claro;Simples;Reta;Sim;2;0;1;0;1;0;1;2;-28,50548;-50,92516;SPRF-RS;DEL05-RS;UOP03-DEL05-RS;;;
656757;22/01/2025;quarta-feira;23:30:00;SC;101;216;PALHOCA;Acessar a via sem observar a presen�a dos outros ve�culos;Colis�o traseira;Com V�timas Feridas;Plena Noite;Decrescente;Nublado;Simples;"Interse��o de Vias;Reta";Sim;3;0;0;1;0;2;1;3;-27,65981409;-48,67747798;SPRF-SC;DEL01-SC;UOP02-DEL01-SC;;;
656759;22/01/2025;quarta-feira;23:45:00;SP;116;66,2;GUARATINGUETA;Aus�ncia de rea��o do condutor;Colis�o lateral mesmo sentido;Com V�timas Feridas;Plena Noite;Crescente;Ignorado;Dupla;Reta;N�o;2;0;1;0;1;0;1;2;-22,82270215;-45,20193286;SPRF-SP;DEL08-SP;UOP01-DEL08-SP;;;
656760;23/01/2025;quinta-feira;00:01:00;RN;226;80;TANGARA;Transitar na contram�o;Colis�o frontal;Com V�timas Fatais;Plena Noite;Crescente;C�u Claro;Simples;Curva;N�o;3;1;1;0;1;0;1;2;-6,19172946;-35,79119344;SPRF-RN;DEL01-RN;UOP02-DEL01-RN;;;
656761;22/01/2025;quarta-feira;23:40:00;SP;116;215;GUARULHOS;Aus�ncia de rea��o do condutor;Colis�o com objeto;Sem V�timas;Plena Noite;Crescente;Nublado;M�ltipla;Reta;Sim;1;0;0;0;0;1;0;1;-23,44695693;-46,45394103;SPRF-SP;DEL01-SP;UOP01-DEL01-SP;;;
656762;23/01/2025;quinta-feira;00:10:00;SP;116;160;JACAREI;Condutor Dormindo;Colis�o traseira;Com V�timas Feridas;Plena Noite;Decrescente;C�u Claro;Dupla;Reta;N�o;2;0;1;0;1;0;1;2;-23,27101606;-45,96787896;SPRF-SP;DEL02-SP;UOP01-DEL02-SP;;;
656765;23/01/2025;quinta-feira;01:15:00;SP;153;280;OCAUCU;Aus�ncia de rea��o do condutor;Sa�da de leito carro��vel;Com V�timas Feridas;Plena Noite;Crescente;Nublado;Simples;Interse��o de Vias;N�o;1;0;1;0;0;0;1;1;-22,41321412;-49,86091715;SPRF-SP;DEL07-SP;UOP02-DEL07-SP;;;
656766;22/01/2025;quarta-feira;20:00:00;BA;349;1029;CORRENTINA;Velocidade Incompat�vel;Colis�o traseira;Com V�timas Feridas;Plena Noite;Crescente;Nublado;Simples;Reta;N�o;2;0;1;1;0;0;2;2;-13,63230753;-45,58673859;SPRF-BA;DEL10-BA;UOP02-DEL10-BA;;;
656767;23/01/2025;quinta-feira;03:00:00;PR;369;133;IBIPORA;Rea��o tardia ou ineficiente do condutor;Tombamento;Com V�timas Feridas;Plena Noite;Decrescente;C�u Claro;Dupla;Declive;N�o;1;0;1;0;0;0;1;1;-23,26033461;-51,00784355;SPRF-PR;DEL07-PR;UOP01-DEL07-PR;;;
656772;23/01/2025;quinta-feira;04:53:00;RJ;101;389;RIO DE JANEIRO;Acesso irregular;Colis�o frontal;Com V�timas Feridas;Pleno dia;Crescente;C�u Claro;Dupla;Reta;N�o;2;0;1;0;1;0;1;2;-22,89077885;-43,66684705;SPRF-RJ;DEL03-RJ;UOP01-DEL03-RJ;;;
656775;23/01/2025;quinta-feira;06:02:00;PE;101;40;IGARASSU;Rea��o tardia ou ineficiente do condutor;Colis�o traseira;Com V�timas Feridas;Amanhecer;Crescente;Sol;M�ltipla;Reta;N�o;3;0;1;1;0;1;2;2;-7,821475;-34,916545;SPRF-PE;DEL01-PE;UOP02-DEL01-PE;;;
656777;23/01/2025;quinta-feira;05:50:00;SC;282;3,8;FLORIANOPOLIS;Rea��o tardia ou ineficiente do condutor;Sa�da de leito carro��vel;Sem V�timas;Amanhecer;Crescente;Nublado;M�ltipla;Curva;Sim;1;0;0;0;0;1;0;1;-27,600384;-48,599705;SPRF-SC;DEL01-SC;UOP01-DEL01-SC;;;
656778;23/01/2025;quinta-feira;02:20:00;MT;163;929;ITAUBA;Aus�ncia de rea��o do condutor;Atropelamento de Animal;Sem V�timas;Plena Noite;Crescente;C�u Claro;Simples;Reta;N�o;1;0;0;0;1;0;0;1;-11,18101607;-55,31012039;SPRF-MT;DEL06-MT;UOP02-DEL06-MT;;;
656779;23/01/2025;quinta-feira;06:10:00;MG;365;607;UBERLANDIA;Rea��o tardia ou ineficiente do condutor;Colis�o com objeto;Com V�timas Feridas;Pleno dia;Decrescente;C�u Claro;Simples;Reta;N�o;1;0;0;1;0;0;1;1;-18,92245913;-48,18448691;SPRF-MG;DEL15-MG;UOP01-DEL15-MG;;;
656780;23/01/2025;quinta-feira;06:45:00;GO;60;99;ANAPOLIS;Acessar a via sem observar a presen�a dos outros ve�culos;Colis�o transversal;Com V�timas Feridas;Pleno dia;Decrescente;C�u Claro;Dupla;Reta;N�o;2;0;2;0;0;0;2;2;-16,390216;-48,957749;SPRF-GO;DEL02-GO;UOP01-DEL02-GO;;;
656781;22/01/2025;quarta-feira;20:00:00;SC;280;128;RIO NEGRINHO;Convers�o proibida;Colis�o lateral mesmo sentido;Com V�timas Feridas;Plena Noite;Decrescente;C�u Claro;Simples;Interse��o de Vias;Sim;3;0;1;0;2;0;1;2;-26,24317941;-49,51320018;SPRF-SC;DEL06-SC;UOP03-DEL06-SC;;;
656782;22/01/2025;quarta-feira;23:30:00;RJ;116;144;DUQUE DE CAXIAS;Ingest�o de �lcool pelo condutor;Sa�da de leito carro��vel;Sem V�timas;Plena Noite;Decrescente;C�u Claro;Dupla;Reta;Sim;1;0;0;0;1;0;0;1;-22,65737709;-43,24724694;SPRF-RJ;DEL01-RJ;UOP02-DEL01-RJ;;;
656784;19/01/2025;domingo;21:23:00;RJ;101;313;SAO GONCALO;Pedestre cruzava a pista fora da faixa;Atropelamento de Pedestre;Com V�timas Feridas;Plena Noite;Crescente;C�u Claro;Dupla;Reta;Sim;2;0;0;1;1;0;1;2;-22,81049093;-43,06983304;SPRF-RJ;DEL02-RJ;UOP02-DEL02-RJ;;;
656785;23/01/2025;quinta-feira;05:15:00;PR;376;42,6;NOVA LONDRINA;Ultrapassagem Indevida;Colis�o frontal;Com V�timas Fatais;Plena Noite;Decrescente;C�u Claro;Simples;Reta;N�o;2;1;1;0;0;0;1;2;-22,85198276;-52,97393773;SPRF-PR;DEL09-PR;UOP02-DEL09-PR;;;
656786;23/01/2025;quinta-feira;07:00:00;SP;116;219;GUARULHOS;Rea��o tardia ou ineficiente do condutor;Colis�o lateral mesmo sentido;Com V�timas Feridas;Pleno dia;Crescente;Nublado;M�ltipla;"Em Obras;Reta";Sim;3;0;1;0;2;0;1;2;-23,46143954;-46,48885316;SPRF-SP;DEL01-SP;UOP01-DEL01-SP;;;
656787;23/01/2025;quinta-feira;07:15:00;SP;116;220;GUARULHOS;Aus�ncia de rea��o do condutor;Colis�o traseira;Com V�timas Feridas;Pleno dia;Crescente;Sol;M�ltipla;"Reta;Em Obras";Sim;3;0;1;0;2;0;1;2;-23,46472809;-46,49793962;SPRF-SP;DEL01-SP;UOP01-DEL01-SP;;;
656788;23/01/2025;quinta-feira;07:40:00;SC;101;218,1;PALHOCA;Demais falhas mec�nicas ou el�tricas;Tombamento;Com V�timas Feridas;Pleno dia;Crescente;C�u Claro;Dupla;Reta;Sim;2;0;2;0;0;0;2;1;-27,6758601;-48,67052525;SPRF-SC;DEL01-SC;UOP02-DEL01-SC;;;
656789;22/01/2025;quarta-feira;19:15:00;RJ;393;285;VOLTA REDONDA;Ilumina��o deficiente;Tombamento;Com V�timas Feridas;Pleno dia;Crescente;Nublado;Simples;Reta;Sim;1;0;1;0;0;0;1;1;-22,481726;-44,06308602;SPRF-RJ;DEL05-RJ;UOP04-DEL05-RJ;;;
656790;23/01/2025;quinta-feira;06:00:00;MT;70;678;CACERES;Chuva;Sa�da de leito carro��vel;Com V�timas Fatais;Amanhecer;Crescente;Chuva;Simples;Curva;N�o;5;1;2;2;0;0;4;1;-16,166453;-57,353325;SPRF-MT;DEL03-MT;UOP02-DEL03-MT;;;
656791;23/01/2025;quinta-feira;07:18:00;TO;153;147;ARAGUAINA;Manobra de mudan�a de faixa;Colis�o lateral mesmo sentido;Com V�timas Feridas;Pleno dia;Crescente;C�u Claro;Simples;Rotat�ria;Sim;3;0;0;2;1;0;2;2;-7,22175693;-48,24826214;SPRF-TO;DEL02-TO;UOP01-DEL02-TO;;;
656793;23/01/2025;quinta-feira;08:00:00;RS;290;96;PORTO ALEGRE;Condutor deixou de manter dist�ncia do ve�culo da frente;Tombamento;Com V�timas Feridas;Pleno dia;Crescente;C�u Claro;Dupla;"Reta;Ponte";N�o;3;0;0;1;2;0;1;3;-29,99627305;-51,21517181;SPRF-RS;DEL01-RS;UOP01-DEL01-RS;;;
656794;23/01/2025;quinta-feira;07:40:00;RS;293;13,7;CAPAO DO LEAO;Velocidade Incompat�vel;Colis�o traseira;Com V�timas Feridas;Pleno dia;Crescente;C�u Claro;Simples;Reta;N�o;2;0;1;0;1;0;1;2;-31,7543548;-52,45089496;SPRF-RS;DEL07-RS;UOP01-DEL07-RS;;;
656796;23/01/2025;quinta-feira;06:45:00;PR;153;1,8;JACAREZINHO;Condutor deixou de manter dist�ncia do ve�culo da frente;Colis�o traseira;Com V�timas Feridas;Amanhecer;Decrescente;C�u Claro;Simples;"Desvio Tempor�rio;Curva";N�o;2;0;1;0;1;0;1;2;-23,00924078;-49,90786314;SPRF-PR;DEL07-PR;UOP04-DEL07-PR;;;
656797;23/01/2025;quinta-feira;08:13:00;CE;116;18,8;EUSEBIO;Condutor deixou de manter dist�ncia do ve�culo da frente;Colis�o traseira;Sem V�timas;Plena Noite;Decrescente;Chuva;Dupla;Reta;N�o;2;0;0;0;2;0;0;2;-3,90496605;-38,50518756;SPRF-CE;DEL01-CE;UOP02-DEL01-CE;;;
656801;23/01/2025;quinta-feira;08:24:00;DF;20;19;BRASILIA;Acessar a via sem observar a presen�a dos outros ve�culos;Colis�o transversal;Com V�timas Feridas;Pleno dia;Decrescente;C�u Claro;Dupla;"Retorno Regulamentado;Reta";Sim;2;0;1;0;1;0;1;2;-15,612175;-47,700928;SPRF-DF;DEL02-DF;UOP01-DEL02-DF;;;
656805;23/01/2025;quinta-feira;06:45:00;MG;153;54,8;MONTE ALEGRE DE MINAS;Velocidade Incompat�vel;Sa�da de leito carro��vel;Sem V�timas;Pleno dia;Crescente;Chuva;Dupla;"Retorno Regulamentado;Declive;Reta";N�o;1;0;0;0;1;0;0;1;-18,85277763;-49,08301967;SPRF-MG;DEL15-MG;UOP03-DEL15-MG;;;
656806;23/01/2025;quinta-feira;09:40:00;RS;116;268;CANOAS;Rea��o tardia ou ineficiente do condutor;Colis�o lateral mesmo sentido;Com V�timas Feridas;Pleno dia;Crescente;C�u Claro;M�ltipla;Reta;Sim;2;0;1;0;1;0;1;2;-29,95042502;-51,17652939;SPRF-RS;DEL01-RS;UOP01-DEL01-RS;;;
656807;22/01/2025;quarta-feira;21:54:00;MT;163;1010;TERRA NOVA DO NORTE;Rea��o tardia ou ineficiente do condutor;Queda de ocupante de ve�culo;Com V�timas Feridas;Pleno dia;Crescente;C�u Claro;Simples;Reta;N�o;1;0;0;1;0;0;1;1;-10,53593598;-55,08238905;SPRF-MT;DEL06-MT;UOP03-DEL06-MT;;;
656809;23/01/2025;quinta-feira;06:05:00;RJ;101;327;NITEROI;Rea��o tardia ou ineficiente do condutor;Colis�o lateral mesmo sentido;Com V�timas Feridas;Pleno dia;Decrescente;C�u Claro;M�ltipla;Reta;Sim;2;0;1;0;1;0;1;2;-22,87117393;-43,15595099;SPRF-RJ;DEL02-RJ;UOP01-DEL02-RJ;;;
656810;19/01/2025;domingo;21:20:00;ES;101;93,5;JAGUARE;Aus�ncia de rea��o do condutor;Tombamento;Com V�timas Feridas;Plena Noite;Crescente;C�u Claro;Simples;Reta;N�o;1;0;1;0;0;0;1;1;-18,92266916;-39,96785068;SPRF-ES;DEL04-ES;UOP02-DEL04-ES;;;
656811;22/01/2025;quarta-feira;07:00:00;RO;364;641,7;CANDEIAS DO JAMARI;Aus�ncia de rea��o do condutor;Sa�da de leito carro��vel;Com V�timas Feridas;Pleno dia;Crescente;C�u Claro;Simples;Curva;N�o;2;0;0;1;1;0;1;1;-9,011074;-63,42149106;SPRF-RO;DEL01-RO;UOP04-DEL01-RO;;;
656812;11/01/2025;s�bado;10:10:00;RJ;101;323;NITEROI;Aus�ncia de rea��o do condutor;Engavetamento;Com V�timas Feridas;Pleno dia;Decrescente;C�u Claro;M�ltipla;Reta;N�o;6;0;1;0;5;0;1;4;-22,87684786;-43,11728689;SPRF-RJ;DEL02-RJ;UOP01-DEL02-RJ;;;