id;data_inversa;dia_semana;horario;uf;br;km;municipio;causa_acidente;tipo_acidente;classificacao_acidente;fase_dia;sentido_via;condicao_metereologica;tipo_pista;tracado_via;uso_solo;pessoas;mortos;feridos_leves;feridos_graves;ilesos;ignorados;feridos;veiculos;latitude;longitude;regional;delegacia;uop;;;
656955;23/01/2025;quinta-feira;11:00:00;RS;290;175,5;BUTIA;Acessar a via sem observar a presen�a dos outros ve�culos;Colis�o lateral mesmo sentido;Com V�timas Feridas;Pleno dia;Crescente;Sol;Simples;Reta;N�o;3;0;0;1;2;0;1;2;-30,129343;-51,961823;SPRF-RS;DEL02-RS;UOP03-DEL02-RS;;;
656957;23/01/2025;quinta-feira;21:30:00;BA;324;623;SALVADOR;Aus�ncia de rea��o do condutor;Queda de ocupante de ve�culo;Com V�timas Feridas;Plena Noite;Decrescente;C�u Claro;Dupla;Reta;Sim;1;0;1;0;0;0;1;1;-12,92628699;-38,46838679;SPRF-BA;DEL01-BA;UOP01-DEL01-BA;;;
656958;24/01/2025;sexta-feira;03:50:00;SC;101;214;PALHOCA;Velocidade Incompat�vel;Sa�da de leito carro��vel;Sem V�timas;Plena Noite;Crescente;Nublado;Dupla;Reta;Sim;1;0;0;0;0;1;0;1;-27,64443;-48,67057;SPRF-SC;DEL01-SC;UOP02-DEL01-SC;;;
656959;23/01/2025;quinta-feira;22:30:00;RS;471;537,3;SANTA VITORIA DO PALMAR;Rea��o tardia ou ineficiente do condutor;Capotamento;Com V�timas Feridas;Plena Noite;Crescente;C�u Claro;Simples;Curva;N�o;1;0;1;0;0;0;1;1;-32,756981;-52,651249;SPRF-RS;DEL07-RS;UOP02-DEL07-RS;;;
656960;24/01/2025;sexta-feira;04:56:00;PI;343;589;FLORIANO;Aus�ncia de rea��o do condutor;Tombamento;Com V�timas Feridas;Amanhecer;Crescente;C�u Claro;Dupla;Reta;Sim;1;0;0;1;0;0;1;1;-6,776695;-43,009346;SPRF-PI;DEL03-PI;UOP01-DEL03-PI;;;
656964;24/01/2025;sexta-feira;05:50:00;MS;60;425,3;SIDROLANDIA;Acessar a via sem observar a presen�a dos outros ve�culos;Colis�o transversal;Com V�timas Feridas;Pleno dia;Crescente;C�u Claro;Dupla;Reta;Sim;2;0;1;0;1;0;1;2;-20,93140019;-54,95876312;SPRF-MS;DEL01-MS;UOP04-DEL01-MS;;;
656965;24/01/2025;sexta-feira;06:20:00;PR;277;588,7;CASCAVEL;Manobra de mudan�a de faixa;Colis�o transversal;Com V�timas Feridas;Pleno dia;Decrescente;C�u Claro;Simples;"Declive;Reta";Sim;2;0;2;0;0;0;2;2;-24,97751;-53,44579;SPRF-PR;DEL04-PR;UOP01-DEL04-PR;;;
656966;21/01/2025;ter�a-feira;17:45:00;BA;324;580;CANDEIAS;Demais falhas mec�nicas ou el�tricas;Inc�ndio;Sem V�timas;Anoitecer;Decrescente;C�u Claro;Dupla;Reta;N�o;1;0;0;0;1;0;0;1;-12,59913862;-38,50896481;SPRF-BA;DEL01-BA;UOP01-DEL01-BA;;;
656968;24/01/2025;sexta-feira;04:25:00;BA;242;140;RAFAEL JAMBEIRO;Velocidade Incompat�vel;Sa�da de leito carro��vel;Com V�timas Feridas;Pleno dia;Decrescente;C�u Claro;Simples;Curva;N�o;53;0;0;7;46;0;7;1;-12,58313875;-39,52154473;SPRF-BA;DEL02-BA;UOP02-DEL02-BA;;;
656971;12/01/2025;domingo;12:00:00;RS;116;228;DOIS IRMAOS;Aus�ncia de rea��o do condutor;Tombamento;Com V�timas Feridas;Pleno dia;Decrescente;C�u Claro;Simples;Curva;N�o;2;0;2;0;0;0;2;1;-29,61103966;-51,12425074;SPRF-RS;DEL01-RS;UOP02-DEL01-RS;;;
656974;24/01/2025;sexta-feira;07:35:00;DF;70;19;BRASILIA;Manobra de mudan�a de faixa;Colis�o lateral mesmo sentido;Com V�timas Feridas;Pleno dia;Decrescente;C�u Claro;Dupla;Aclive;N�o;2;0;1;0;1;0;1;2;-15,788868;-48,220242;SPRF-DF;DEL03-DF;UOP02-DEL03-DF;;;
656975;24/01/2025;sexta-feira;06:30:00;MG;40;525;CONTAGEM;Manobra de mudan�a de faixa;Tombamento;Com V�timas Feridas;Amanhecer;Crescente;C�u Claro;Dupla;Reta;Sim;2;0;1;0;1;0;1;2;-19,88361702;-44,05039336;SPRF-MG;DEL01-MG;UOP02-DEL01-MG;;;
656976;24/01/2025;sexta-feira;06:30:00;BA;324;616;SALVADOR;Demais falhas mec�nicas ou el�tricas;Queda de ocupante de ve�culo;Com V�timas Feridas;Pleno dia;Decrescente;C�u Claro;Dupla;"Declive;Reta";Sim;2;0;2;0;0;0;2;1;-12,87957905;-38,43213893;SPRF-BA;DEL01-BA;UOP01-DEL01-BA;;;
656978;24/01/2025;sexta-feira;07:31:00;MG;381;739,5;TRES CORACOES;Rea��o tardia ou ineficiente do condutor;Sa�da de leito carro��vel;Com V�timas Fatais;Pleno dia;Decrescente;C�u Claro;Dupla;Curva;N�o;1;1;0;0;0;0;0;1;-21,61514806;-45,24157278;SPRF-MG;DEL16-MG;UOP02-DEL16-MG;;;
656979;24/01/2025;sexta-feira;07:10:00;AL;104;59;MURICI;Acessar a via sem observar a presen�a dos outros ve�culos;Colis�o transversal;Com V�timas Feridas;Pleno dia;Crescente;C�u Claro;Dupla;Rotat�ria;Sim;2;0;1;0;1;0;1;2;-9,30725223;-35,94003311;SPRF-AL;DEL01-AL;UOP02-DEL01-AL;;;
656980;24/01/2025;sexta-feira;08:00:00;SC;101;211;PALHOCA;Trafegar com motocicleta (ou similar) entre as faixas;Colis�o lateral mesmo sentido;Com V�timas Feridas;Pleno dia;Decrescente;Nublado;M�ltipla;Reta;Sim;2;0;1;0;1;0;1;2;-27,62329313;-48,65245588;SPRF-SC;DEL01-SC;UOP02-DEL01-SC;;;
656984;24/01/2025;sexta-feira;07:15:00;SP;381;36;ATIBAIA;Demais falhas mec�nicas ou el�tricas;Colis�o traseira;Com V�timas Feridas;Pleno dia;Decrescente;C�u Claro;Dupla;"Aclive;Reta";Sim;2;0;1;0;1;0;1;2;-23,09707232;-46,57180706;SPRF-SP;DEL03-SP;UOP01-DEL03-SP;;;
656985;24/01/2025;sexta-feira;07:40:00;SC;470;174,2;POUSO REDONDO;Rea��o tardia ou ineficiente do condutor;Colis�o traseira;Com V�timas Feridas;Pleno dia;Crescente;Nublado;Simples;Reta;Sim;4;0;2;0;2;0;2;2;-27,25715705;-49,93386984;SPRF-SC;DEL04-SC;UOP02-DEL04-SC;;;
656987;24/01/2025;sexta-feira;09:20:00;SP;101;51;UBATUBA;Acessar a via sem observar a presen�a dos outros ve�culos;Colis�o transversal;Com V�timas Feridas;Pleno dia;Crescente;C�u Claro;Simples;Reta;Sim;2;0;1;0;1;0;1;2;-23,45627795;-45,07111896;SPRF-SP;DEL06-SP;UOP01-DEL06-SP;;;
656988;24/01/2025;sexta-feira;07:00:00;BA;116;818,8;VITORIA DA CONQUISTA;Desrespeitar a prefer�ncia no cruzamento;Colis�o transversal;Com V�timas Feridas;Pleno dia;Decrescente;C�u Claro;Simples;"Declive;Interse��o de Vias";N�o;2;0;1;0;1;0;1;2;-14,82928018;-40,82951736;SPRF-BA;DEL08-BA;UOP01-DEL08-BA;;;
656989;24/01/2025;sexta-feira;09:45:00;MG;50;180;UBERABA;Condutor deixou de manter dist�ncia do ve�culo da frente;Colis�o traseira;Com V�timas Feridas;Pleno dia;Crescente;C�u Claro;Dupla;"Interse��o de Vias;Viaduto";Sim;2;0;0;1;1;0;1;2;-19,77848216;-47,92194709;SPRF-MG;DEL13-MG;UOP01-DEL13-MG;;;
656990;24/01/2025;sexta-feira;09:20:00;SC;101;333,7;TUBARAO;Desrespeitar a prefer�ncia no cruzamento;Colis�o transversal;Com V�timas Feridas;Pleno dia;Decrescente;C�u Claro;M�ltipla;Viaduto;Sim;2;0;1;0;1;0;1;2;-28,46630107;-48,99653096;SPRF-SC;DEL02-SC;UOP01-DEL02-SC;;;
656991;01/01/2025;quarta-feira;02:55:00;SC;470;25;ILHOTA;Pedestre andava na pista;Atropelamento de Pedestre;Com V�timas Feridas;Plena Noite;Crescente;Nublado;Dupla;Reta;N�o;3;0;0;1;2;0;1;2;-26,8854833;-48,87096405;SPRF-SC;DEL04-SC;UOP04-DEL04-SC;;;
656992;24/01/2025;sexta-feira;08:10:00;PR;277;583;CASCAVEL;Manobra de mudan�a de faixa;Colis�o transversal;Com V�timas Feridas;Pleno dia;Decrescente;C�u Claro;Simples;"Viaduto;Retorno Regulamentado;Reta";Sim;3;0;1;0;0;2;1;2;-24,97165493;-53,39428595;SPRF-PR;DEL04-PR;UOP01-DEL04-PR;;;
656993;24/01/2025;sexta-feira;08:50:00;PE;232;319,2;CUSTODIA;Demais falhas mec�nicas ou el�tricas;Inc�ndio;Sem V�timas;Pleno dia;Crescente;Sol;Simples;"Aclive;Reta";N�o;1;0;0;0;1;0;0;1;-8,1236144;-37,53328221;SPRF-PE;DEL04-PE;UOP02-DEL04-PE;;;
656995;24/01/2025;sexta-feira;10:35:00;RJ;116;187;NOVA IGUACU;Rea��o tardia ou ineficiente do condutor;Colis�o lateral mesmo sentido;Com V�timas Feridas;Pleno dia;Decrescente;Nublado;Dupla;Reta;N�o;2;0;1;0;1;0;1;2;-22,73883756;-43,47245197;SPRF-RJ;DEL06-RJ;UOP01-DEL06-RJ;;;
656998;24/01/2025;sexta-feira;08:05:00;MG;40;98,7;LAGOA GRANDE;Rea��o tardia ou ineficiente do condutor;Sa�da de leito carro��vel;Com V�timas Feridas;Pleno dia;Decrescente;C�u Claro;Simples;Reta;N�o;2;0;2;0;0;0;2;1;-17,54929481;-46,52158383;SPRF-MG;DEL14-MG;UOP01-DEL14-MG;;;
656999;24/01/2025;sexta-feira;10:00:00;RJ;101;321;NITEROI;Trafegar com motocicleta (ou similar) entre as faixas;Colis�o traseira;Com V�timas Feridas;Pleno dia;Crescente;Nublado;Dupla;Reta;Sim;2;0;0;1;1;0;1;2;-22,86981096;-43,11046465;SPRF-RJ;DEL02-RJ;UOP01-DEL02-RJ;;;
657003;24/01/2025;sexta-feira;11:43:00;PB;230;18;JOAO PESSOA;Condutor deixou de manter dist�ncia do ve�culo da frente;Engavetamento;Com V�timas Feridas;Pleno dia;Decrescente;Sol;Dupla;Reta;Sim;4;0;1;0;3;0;1;3;-7,1198;-34,8453;SPRF-PB;DEL01-PB;UOP01-DEL01-PB;;;
657004;24/01/2025;sexta-feira;11:50:00;SC;101;333,7;TUBARAO;Desrespeitar a prefer�ncia no cruzamento;Colis�o transversal;Com V�timas Feridas;Pleno dia;Crescente;Sol;Simples;"Interse��o de Vias;Viaduto;Reta";Sim;2;0;1;0;1;0;1;2;-28,46963444;-49,01550293;SPRF-SC;DEL02-SC;UOP01-DEL02-SC;;;
657005;24/01/2025;sexta-feira;10:00:00;MG;381;756;TRES CORACOES;Rea��o tardia ou ineficiente do condutor;Colis�o traseira;Com V�timas Feridas;Pleno dia;Decrescente;C�u Claro;Dupla;"Reta;Rotat�ria";N�o;6;0;1;0;5;0;1;2;-21,6960517;-45,36128707;SPRF-MG;DEL16-MG;UOP02-DEL16-MG;;;
657006;24/01/2025;sexta-feira;12:15:00;SP;116;226;GUARULHOS;Acesso irregular;Colis�o lateral mesmo sentido;Com V�timas Feridas;Pleno dia;Crescente;C�u Claro;M�ltipla;Reta;Sim;2;0;1;0;1;0;1;2;-23,49102507;-46,54878195;SPRF-SP;DEL01-SP;UOP01-DEL01-SP;;;
657007;24/01/2025;sexta-feira;12:00:00;PR;163;160;LINDOESTE;Condutor Dormindo;Sa�da de leito carro��vel;Com V�timas Feridas;Pleno dia;Crescente;C�u Claro;Dupla;"Curva;Aclive";N�o;2;0;1;0;1;0;1;1;-25,33653711;-53,5887282;SPRF-PR;DEL05-PR;UOP05-DEL05-PR;;;
657008;24/01/2025;sexta-feira;10:20:00;MG;262;669,4;IBIA;Velocidade Incompat�vel;Sa�da de leito carro��vel;Com V�timas Feridas;Pleno dia;Crescente;Sol;Simples;"Declive;Em Obras;Curva";N�o;1;0;1;0;0;0;1;1;-19,55172772;-46,79118955;SPRF-MG;DEL08-MG;UOP01-DEL08-MG;;;
657009;24/01/2025;sexta-feira;12:30:00;RJ;101;416;MANGARATIBA;Entrada inopinada do pedestre;Atropelamento de Pedestre;Com V�timas Feridas;Pleno dia;Crescente;C�u Claro;Simples;Curva;N�o;2;0;0;1;1;0;1;2;-22,9137496;-43,90081644;SPRF-RJ;DEL03-RJ;UOP02-DEL03-RJ;;;
657010;24/01/2025;sexta-feira;11:00:00;MT;70;6;BARRA DO GARCAS;Acessar a via sem observar a presen�a dos outros ve�culos;Colis�o transversal;Com V�timas Feridas;Pleno dia;Crescente;C�u Claro;Simples;Rotat�ria;Sim;2;0;1;0;1;0;1;2;-15,878268;-52,306705;SPRF-MT;DEL07-MT;UOP01-DEL07-MT;;;
657011;24/01/2025;sexta-feira;12:05:00;PE;407;129;PETROLINA;Condutor deixou de manter dist�ncia do ve�culo da frente;Colis�o traseira;Com V�timas Feridas;Pleno dia;Crescente;C�u Claro;Dupla;Ponte;Sim;2;0;0;1;1;0;1;2;-9,39958299;-40,50459298;SPRF-PE;DEL06-PE;UOP01-DEL06-PE;;;
657012;24/01/2025;sexta-feira;11:50:00;PR;376;614;SAO JOSE DOS PINHAIS;Rea��o tardia ou ineficiente do condutor;Colis�o traseira;Sem V�timas;Pleno dia;Decrescente;C�u Claro;Dupla;Reta;Sim;2;0;0;0;2;0;0;2;-25,57084314;-49,19356398;SPRF-PR;DEL01-PR;UOP03-DEL01-PR;;;
657013;24/01/2025;sexta-feira;10:30:00;RO;364;429;JARU;Condutor deixou de manter dist�ncia do ve�culo da frente;Engavetamento;Com V�timas Feridas;Pleno dia;Decrescente;C�u Claro;Simples;Reta;N�o;3;0;0;1;2;0;1;3;-10,41628317;-62,5026501;SPRF-RO;DEL03-RO;UOP02-DEL03-RO;;;
657014;24/01/2025;sexta-feira;13:00:00;PR;376;4,2;MANDAGUARI;Acessar a via sem observar a presen�a dos outros ve�culos;Colis�o transversal;Com V�timas Feridas;Pleno dia;Decrescente;C�u Claro;Simples;"Reta;Interse��o de Vias";Sim;2;0;1;0;1;0;1;2;-23,519212;-51,680609;SPRF-PR;DEL09-PR;UOP01-DEL09-PR;;;
657017;24/01/2025;sexta-feira;13:00:00;MG;262;444,7;NOVA SERRANA;Demais falhas mec�nicas ou el�tricas;Sa�da de leito carro��vel;Com V�timas Feridas;Pleno dia;Decrescente;Sol;Dupla;Reta;Sim;3;0;1;0;2;0;1;2;-19,86875821;-44,98568773;SPRF-MG;DEL08-MG;UOP03-DEL08-MG;;;
657018;14/01/2025;ter�a-feira;07:30:00;PB;101;122;CAAPORA;Acumulo de �gua sobre o pavimento;Sa�da de leito carro��vel;Com V�timas Feridas;Pleno dia;Crescente;Nublado;Dupla;"Declive;Curva";N�o;1;0;1;0;0;0;1;1;-7,45038197;-34,97994215;SPRF-PB;DEL01-PB;UOP01-DEL01-PB;;;
657020;24/01/2025;sexta-feira;10:30:00;PB;0;0;JOAO PESSOA;Velocidade Incompat�vel;Colis�o com objeto;Sem V�timas;Pleno dia;N�o Informado;Sol;Simples;"Reta;Rotat�ria";N�o;1;0;0;0;1;0;0;1;-7,11896815;-34,83057283;SPRF-PB;DEL01-PB;UOP01-DEL01-PB;;;
657022;20/01/2025;segunda-feira;07:45:00;SC;101;205;SAO JOSE;Aus�ncia de rea��o do condutor;Colis�o com objeto;Com V�timas Feridas;Pleno dia;Crescente;C�u Claro;M�ltipla;Reta;Sim;1;0;1;0;0;0;1;1;-27,58313237;-48,61532885;SPRF-SC;DEL01-SC;UOP01-DEL01-SC;;;
657024;24/01/2025;sexta-feira;14:00:00;GO;414;383,7;CORUMBA DE GOIAS;Rea��o tardia ou ineficiente do condutor;Sa�da de leito carro��vel;Com V�timas Feridas;Pleno dia;Decrescente;C�u Claro;Simples;Curva;N�o;4;0;3;0;1;0;3;1;-15,86047004;-48,77016595;SPRF-GO;DEL02-GO;UOP01-DEL02-GO;;;
657026;24/01/2025;sexta-feira;15:15:00;PB;230;6,3;CABEDELO;Manobra de mudan�a de faixa;Colis�o lateral mesmo sentido;Com V�timas Feridas;Pleno dia;Crescente;C�u Claro;M�ltipla;"Declive;Viaduto";Sim;2;0;1;0;1;0;1;2;-7,02;-34,8359;SPRF-PB;DEL01-PB;UOP01-DEL01-PB;;;
657027;24/01/2025;sexta-feira;11:20:00;BA;415;58;ITABUNA;Velocidade Incompat�vel;Colis�o frontal;Com V�timas Feridas;Pleno dia;Decrescente;Garoa/Chuvisco;Simples;Curva;N�o;4;0;2;2;0;0;4;2;-14,849513;-39,38578;SPRF-BA;DEL05-BA;UOP01-DEL05-BA;;;
657028;24/01/2025;sexta-feira;07:20:00;RJ;40;10;COMENDADOR LEVY GASPARIAN;Rea��o tardia ou ineficiente do condutor;Sa�da de leito carro��vel;Com V�timas Feridas;Pleno dia;Decrescente;Sol;Dupla;Curva;N�o;5;0;4;1;0;0;5;1;-22,04690218;-43,20124626;SPRF-RJ;DEL05-RJ;UOP02-DEL05-RJ;;;
657029;24/01/2025;sexta-feira;14:30:00;GO;153;547,4;PROFESSOR JAMIL;Aus�ncia de rea��o do condutor;Sa�da de leito carro��vel;Com V�timas Feridas;Pleno dia;Crescente;C�u Claro;Dupla;"Declive;Reta";N�o;2;0;2;0;0;0;2;1;-17,1147;-49,2132;SPRF-GO;DEL01-GO;UOP03-DEL01-GO;;;
657031;24/01/2025;sexta-feira;15:10:00;SC;101;318,5;PESCARIA BRAVA;Aus�ncia de rea��o do condutor;Sa�da de leito carro��vel;Com V�timas Feridas;Pleno dia;Decrescente;C�u Claro;M�ltipla;Reta;Sim;1;0;1;0;0;0;1;1;-28,4266481;-48,86160099;SPRF-SC;DEL02-SC;UOP01-DEL02-SC;;;
657032;24/01/2025;sexta-feira;14:00:00;SC;470;66,5;INDAIAL;Acessar a via sem observar a presen�a dos outros ve�culos;Colis�o transversal;Com V�timas Feridas;Pleno dia;Decrescente;Nublado;Simples;"Em Obras;Reta;Rotat�ria";Sim;4;0;1;0;3;0;1;2;-26,870407;-49,221844;SPRF-SC;DEL04-SC;UOP01-DEL04-SC;;;
657035;24/01/2025;sexta-feira;15:40:00;PR;376;498,8;PONTA GROSSA;Rea��o tardia ou ineficiente do condutor;Colis�o lateral mesmo sentido;Com V�timas Feridas;Pleno dia;Crescente;C�u Claro;Dupla;Reta;Sim;4;0;0;1;3;0;1;2;-25,153;-50,139;SPRF-PR;DEL03-PR;UOP04-DEL03-PR;;;
657037;24/01/2025;sexta-feira;14:00:00;PR;277;382,1;CANDOI;Rea��o tardia ou ineficiente do condutor;Colis�o com objeto;Com V�timas Feridas;Pleno dia;Crescente;C�u Claro;Simples;Reta;N�o;5;0;1;0;4;0;1;2;-25,40819705;-51,75947599;SPRF-PR;DEL08-PR;UOP01-DEL08-PR;;;
657038;24/01/2025;sexta-feira;15:55:00;PE;428;184,2;PETROLINA;Desrespeitar a prefer�ncia no cruzamento;Colis�o lateral mesmo sentido;Com V�timas Feridas;Pleno dia;Decrescente;C�u Claro;Dupla;"Reta;Interse��o de Vias";Sim;2;0;1;0;1;0;1;2;-9,34650534;-40,4732573;SPRF-PE;DEL06-PE;UOP01-DEL06-PE;;;
657039;24/01/2025;sexta-feira;12:15:00;SC;470;84;RODEIO;Acessar a via sem observar a presen�a dos outros ve�culos;Colis�o transversal;Com V�timas Feridas;Pleno dia;Decrescente;C�u Claro;Simples;Reta;N�o;2;0;0;1;1;0;1;2;-26,96137;-49,342415;SPRF-SC;DEL04-SC;UOP01-DEL04-SC;;;
657043;24/01/2025;sexta-feira;13:00:00;SP;116;140;SAO JOSE DOS CAMPOS;Aus�ncia de rea��o do condutor;Sa�da de leito carro��vel;Com V�timas Feridas;Pleno dia;Decrescente;C�u Claro;Simples;Reta;Sim;3;0;2;0;1;0;2;1;-23,16577714;-45,81246193;SPRF-SP;DEL02-SP;UOP01-DEL02-SP;;;
657045;24/01/2025;sexta-feira;16:30:00;PB;101;88;JOAO PESSOA;Pedestre andava na pista;Atropelamento de Pedestre;Com V�timas Feridas;Pleno dia;Decrescente;C�u Claro;Dupla;"Aclive;Reta";Sim;2;0;0;1;0;1;1;2;-7,16470016;-34,89993643;SPRF-PB;DEL01-PB;UOP01-DEL01-PB;;;
657047;24/01/2025;sexta-feira;16:45:00;DF;40;1,3;BRASILIA;Condutor deixou de manter dist�ncia do ve�culo da frente;Colis�o traseira;Com V�timas Feridas;Pleno dia;Crescente;C�u Claro;Dupla;Reta;Sim;2;0;1;0;0;1;1;2;-15,985532;-47,987747;SPRF-DF;DEL01-DF;UOP01-DEL01-DF;;;
657048;24/01/2025;sexta-feira;15:20:00;PA;316;61;CASTANHAL;Transitar na contram�o;Colis�o frontal;Com V�timas Feridas;Pleno dia;Crescente;C�u Claro;Dupla;Reta;Sim;3;0;1;2;0;0;3;2;-1,29686015;-47,94639002;SPRF-PA;DEL01-PA;UOP01-DEL01-PA;;;
657049;24/01/2025;sexta-feira;17:08:00;ES;101;242;SERRA;Aus�ncia de rea��o do condutor;Tombamento;Com V�timas Feridas;Pleno dia;Crescente;C�u Claro;M�ltipla;Curva;N�o;1;0;1;0;0;0;1;1;-20,0321348;-40,39675773;SPRF-ES;DEL02-ES;UOP01-DEL02-ES;;;
657050;24/01/2025;sexta-feira;16:50:00;DF;70;8;BRASILIA;Manobra de mudan�a de faixa;Colis�o lateral mesmo sentido;Com V�timas Feridas;Pleno dia;Crescente;C�u Claro;Dupla;"Declive;Reta";Sim;3;0;1;0;0;2;1;3;-15,784966;-48,122108;SPRF-DF;DEL03-DF;UOP02-DEL03-DF;;;
657052;24/01/2025;sexta-feira;17:00:00;ES;101;6,9;SERRA;Ingest�o de �lcool pelo condutor;Colis�o traseira;Sem V�timas;Pleno dia;Decrescente;C�u Claro;Simples;Reta;N�o;5;0;0;0;5;0;0;2;-20,129093;-40,308125;SPRF-ES;DEL02-ES;UOP01-DEL02-ES;;;
657053;24/01/2025;sexta-feira;16:15:00;PR;376;8,3;MARINGA;Rea��o tardia ou ineficiente do condutor;Colis�o com objeto;Sem V�timas;Pleno dia;Crescente;Sol;Dupla;"Aclive;Curva";N�o;1;0;0;0;0;1;0;1;-23,372639;-51,922594;SPRF-PR;DEL09-PR;UOP01-DEL09-PR;;;
657054;24/01/2025;sexta-feira;16:30:00;BA;324;610,8;SIMOES FILHO;Trafegar com motocicleta (ou similar) entre as faixas;Colis�o traseira;Com V�timas Feridas;Pleno dia;Decrescente;Sol;Dupla;Reta;N�o;2;0;1;0;1;0;1;2;-12,846065;-38,416986;SPRF-BA;DEL01-BA;UOP01-DEL01-BA;;;
657056;24/01/2025;sexta-feira;17:30:00;RS;290;91;PORTO ALEGRE;Manobra de mudan�a de faixa;Colis�o transversal;Com V�timas Feridas;Pleno dia;Crescente;C�u Claro;Dupla;Reta;Sim;2;0;1;0;1;0;1;2;-29,969055;-51,167439;SPRF-RS;DEL01-RS;UOP01-DEL01-RS;;;
657058;24/01/2025;sexta-feira;17:00:00;PA;10;211;IPIXUNA DO PARA;Aus�ncia de rea��o do condutor;Sa�da de leito carro��vel;Com V�timas Fatais;Pleno dia;Decrescente;C�u Claro;Simples;Reta;N�o;1;1;0;0;0;0;0;1;-2,58325407;-47,48955144;SPRF-PA;DEL02-PA;UOP01-DEL02-PA;;;
657059;24/01/2025;sexta-feira;16:05:00;MS;163;41;ELDORADO;Acessar a via sem observar a presen�a dos outros ve�culos;Colis�o transversal;Com V�timas Feridas;Pleno dia;Crescente;C�u Claro;Simples;"Reta;Interse��o de Vias";Sim;2;0;1;0;1;0;1;2;-23,78038392;-54,2770967;SPRF-MS;DEL09-MS;UOP02-DEL09-MS;;;
657060;24/01/2025;sexta-feira;17:25:00;PR;116;97;SAO JOSE DOS PINHAIS;Aus�ncia de rea��o do condutor;Colis�o lateral mesmo sentido;Com V�timas Feridas;Pleno dia;Crescente;Nublado;M�ltipla;Reta;Sim;1;0;1;0;0;0;1;1;-25,51232495;-49,12871007;SPRF-PR;DEL01-PR;UOP07-DEL01-PR;;;
657061;24/01/2025;sexta-feira;17:10:00;PR;376;668;GUARATUBA;Demais falhas mec�nicas ou el�tricas;Inc�ndio;Sem V�timas;Pleno dia;Decrescente;Garoa/Chuvisco;Dupla;Curva;N�o;4;0;0;0;4;0;0;1;-25,864159;-48,937538;SPRF-PR;DEL01-PR;UOP04-DEL01-PR;;;
657062;24/01/2025;sexta-feira;17:30:00;AL;101;104;PILAR;Velocidade Incompat�vel;Queda de ocupante de ve�culo;Com V�timas Feridas;Anoitecer;Decrescente;C�u Claro;Dupla;Interse��o de Vias;Sim;1;0;0;1;0;0;1;1;-9,58714551;-35,98027797;SPRF-AL;DEL02-AL;UOP01-DEL02-AL;;;
657063;24/01/2025;sexta-feira;18:00:00;SC;101;141;BALNEARIO CAMBORIU;Demais falhas mec�nicas ou el�tricas;Inc�ndio;Sem V�timas;Anoitecer;Crescente;Chuva;Simples;"Curva;Declive";N�o;1;0;0;0;1;0;0;1;-27,04761729;-48,59995855;SPRF-SC;DEL04-SC;UOP03-DEL04-SC;;;
657064;24/01/2025;sexta-feira;15:12:00;SC;101;47,5;JOINVILLE;Trafegar com motocicleta (ou similar) entre as faixas;Colis�o lateral mesmo sentido;Com V�timas Feridas;Pleno dia;Decrescente;C�u Claro;Dupla;Reta;N�o;2;0;1;0;0;1;1;2;-26,34234997;-48,85840089;SPRF-SC;DEL03-SC;UOP01-DEL03-SC;;;
657065;24/01/2025;sexta-feira;06:50:00;PA;230;680;BRASIL NOVO;Transitar na contram�o;Colis�o lateral sentido oposto;Com V�timas Feridas;Pleno dia;Decrescente;C�u Claro;Simples;Reta;Sim;3;0;1;1;1;0;2;2;-3,32825543;-52,57856548;SPRF-PA;DEL04-PA;UOP01-DEL04-PA;;;
657066;24/01/2025;sexta-feira;16:20:00;SP;116;413;JUQUIA;Avarias e/ou desgaste excessivo no pneu;Queda de ocupante de ve�culo;Com V�timas Feridas;Pleno dia;Crescente;C�u Claro;Dupla;Reta;Sim;2;0;2;0;0;0;2;1;-24,33005991;-47,62299901;SPRF-SP;DEL05-SP;UOP01-DEL05-SP;;;
657067;24/01/2025;sexta-feira;17:00:00;MS;267;245,5;NOVA ALVORADA DO SUL;Aus�ncia de rea��o do condutor;Queda de ocupante de ve�culo;Com V�timas Feridas;Pleno dia;Decrescente;C�u Claro;Simples;Reta;N�o;1;0;1;0;0;0;1;1;-21,54597666;-54,15324211;SPRF-MS;DEL02-MS;UOP01-DEL02-MS;;;
657068;24/01/2025;sexta-feira;17:30:00;SP;116;161;JACAREI;Manobra de mudan�a de faixa;Colis�o lateral mesmo sentido;Com V�timas Feridas;Pleno dia;Decrescente;Garoa/Chuvisco;Dupla;Reta;N�o;3;0;2;0;1;0;2;2;-23,27617003;-45,97592098;SPRF-SP;DEL02-SP;UOP01-DEL02-SP;;;
657070;24/01/2025;sexta-feira;18:30:00;MG;40;606,2;CONGONHAS;Acessar a via sem observar a presen�a dos outros ve�culos;Colis�o transversal;Com V�timas Feridas;Anoitecer;Crescente;C�u Claro;Simples;Reta;Sim;3;0;0;1;1;1;1;3;-20,4728039;-43,8439985;SPRF-MG;DEL05-MG;UOP02-DEL05-MG;;;
657071;24/01/2025;sexta-feira;18:15:00;SP;153;63,9;SAO JOSE DO RIO PRETO;Manobra de mudan�a de faixa;Colis�o lateral mesmo sentido;Com V�timas Feridas;Anoitecer;Crescente;C�u Claro;Dupla;Curva;N�o;3;0;1;0;2;0;1;2;-20,82149698;-49,35764818;SPRF-SP;DEL09-SP;UOP01-DEL09-SP;;;