id;data_inversa;dia_semana;horario;uf;br;km;municipio;causa_acidente;tipo_acidente;classificacao_acidente;fase_dia;sentido_via;condicao_metereologica;tipo_pista;tracado_via;uso_solo;pessoas;mortos;feridos_leves;feridos_graves;ilesos;ignorados;feridos;veiculos;latitude;longitude;regional;delegacia;uop;;;
657074;24/01/2025;sexta-feira;15:20:00;SC;101;219,9;PALHOCA;Avarias e/ou desgaste excessivo no pneu;Tombamento;Com V�timas Feridas;Pleno dia;Crescente;Nublado;Dupla;Reta;Sim;2;0;2;0;0;0;2;1;-27,6943365;-48,66292655;SPRF-SC;DEL01-SC;UOP02-DEL01-SC;;;
657075;24/01/2025;sexta-feira;18:25:00;AP;210;5;MACAPA;Acessar a via sem observar a presen�a dos outros ve�culos;Colis�o transversal;Com V�timas Feridas;Anoitecer;Decrescente;Chuva;Dupla;Reta;Sim;2;0;0;1;1;0;1;2;0,09055062;-51,10349413;SPRF-AP;DEL01-AP;UOP01-DEL01-AP;;;
657076;24/01/2025;sexta-feira;17:50:00;SC;101;371,1;ICARA;Rea��o tardia ou ineficiente do condutor;Sa�da de leito carro��vel;Com V�timas Feridas;Pleno dia;Crescente;Chuva;Dupla;Reta;Sim;2;0;1;0;1;0;1;1;-28,70403682;-49,2008731;SPRF-SC;DEL02-SC;UOP01-DEL02-SC;;;
657077;24/01/2025;sexta-feira;17:57:00;SC;280;6;SAO FRANCISCO DO SUL;Acessar a via sem observar a presen�a dos outros ve�culos;Colis�o transversal;Com V�timas Feridas;Anoitecer;Crescente;Nublado;Simples;Reta;N�o;2;0;1;0;1;0;1;2;-26,26569095;-48,63361804;SPRF-SC;DEL03-SC;UOP03-DEL03-SC;;;
657080;24/01/2025;sexta-feira;18:20:00;MG;381;726,8;CARMO DA CACHOEIRA;Demais falhas mec�nicas ou el�tricas;Colis�o com objeto;Sem V�timas;Anoitecer;Crescente;Nublado;Dupla;"Curva;Declive";N�o;1;0;0;0;1;0;0;1;-21,50846497;-45,21540331;SPRF-MG;DEL04-MG;UOP02-DEL04-MG;;;
657082;24/01/2025;sexta-feira;19:00:00;RN;406;166,9;SAO GONCALO DO AMARANTE;Manobra de mudan�a de faixa;Colis�o lateral mesmo sentido;Sem V�timas;Plena Noite;Crescente;C�u Claro;Dupla;Reta;Sim;2;0;0;0;2;0;0;2;-5,7466896;-35,33149685;SPRF-RN;DEL02-RN;UOP01-DEL02-RN;;;
657084;24/01/2025;sexta-feira;19:00:00;RJ;116;173;SAO JOAO DE MERITI;Demais falhas mec�nicas ou el�tricas;Inc�ndio;Sem V�timas;Plena Noite;Decrescente;C�u Claro;M�ltipla;Reta;Sim;1;0;0;0;1;0;0;1;-22,79810324;-43,35726614;SPRF-RJ;DEL06-RJ;UOP01-DEL06-RJ;;;
657085;24/01/2025;sexta-feira;17:30:00;SC;470;223,4;SAO CRISTOVAO DO SUL;Aus�ncia de rea��o do condutor;Sa�da de leito carro��vel;Com V�timas Feridas;Pleno dia;Crescente;Garoa/Chuvisco;Simples;Curva;N�o;2;0;2;0;0;0;2;1;-27,319908;-50,336388;SPRF-SC;DEL05-SC;UOP03-DEL05-SC;;;
657086;24/01/2025;sexta-feira;17:00:00;ES;262;121;CONCEICAO DO CASTELO;Demais falhas mec�nicas ou el�tricas;Inc�ndio;Sem V�timas;Pleno dia;Crescente;Nublado;Simples;Curva;N�o;1;0;0;0;0;1;0;1;-20,29365543;-41,23018943;SPRF-ES;DEL01-ES;UOP02-DEL01-ES;;;
657087;24/01/2025;sexta-feira;17:50:00;PI;316;2;TERESINA;Aus�ncia de rea��o do condutor;Colis�o traseira;Com V�timas Feridas;Pleno dia;Crescente;C�u Claro;M�ltipla;Reta;Sim;2;0;0;1;0;1;1;2;-5,12836725;-42,79307842;SPRF-PI;DEL01-PI;UOP02-DEL01-PI;;;
657090;24/01/2025;sexta-feira;19:00:00;DF;251;6,5;BRASILIA;Aus�ncia de rea��o do condutor;Colis�o lateral sentido oposto;Com V�timas Feridas;Plena Noite;Crescente;C�u Claro;Dupla;Reta;N�o;2;0;1;0;1;0;1;2;-15,999959;-47,557232;SPRF-DF;DEL01-DF;UOP01-DEL01-DF;;;
657091;24/01/2025;sexta-feira;20:00:00;ES;101;52,2;SAO MATEUS;Avarias e/ou desgaste excessivo no pneu;Tombamento;Com V�timas Feridas;Plena Noite;Crescente;C�u Claro;Simples;Reta;N�o;2;0;2;0;0;0;2;1;-18,60327989;-39,88710063;SPRF-ES;DEL04-ES;UOP02-DEL04-ES;;;
657094;24/01/2025;sexta-feira;19:00:00;DF;70;9;BRASILIA;Acessar a via sem observar a presen�a dos outros ve�culos;Colis�o traseira;Com V�timas Feridas;Plena Noite;Decrescente;C�u Claro;Dupla;Reta;Sim;2;0;1;0;1;0;1;2;-15,784966;-48,122108;SPRF-DF;DEL03-DF;UOP02-DEL03-DF;;;
657095;24/01/2025;sexta-feira;17:30:00;RJ;101;48,8;CAMPOS DOS GOYTACAZES;Aus�ncia de rea��o do condutor;Colis�o transversal;Com V�timas Feridas;Anoitecer;Crescente;C�u Claro;Simples;"Interse��o de Vias;Reta";Sim;3;0;2;1;0;0;3;2;-21,61625895;-41,31535762;SPRF-RJ;DEL08-RJ;UOP01-DEL08-RJ;;;
657096;24/01/2025;sexta-feira;18:30:00;SC;101;414,9;ARARANGUA;Aus�ncia de rea��o do condutor;Colis�o com objeto;Com V�timas Feridas;Pleno dia;Decrescente;Garoa/Chuvisco;M�ltipla;"Curva;Interse��o de Vias";N�o;1;0;1;0;0;0;1;1;-28,96629349;-49,52290177;SPRF-SC;DEL02-SC;UOP02-DEL02-SC;;;
657097;24/01/2025;sexta-feira;21:00:00;ES;101;266,3;SERRA;Frear bruscamente;Colis�o traseira;Com V�timas Feridas;Plena Noite;Decrescente;C�u Claro;Dupla;Reta;N�o;2;0;1;0;0;1;1;2;-20,190199;-40,26828891;SPRF-ES;DEL02-ES;UOP01-DEL02-ES;;;
657099;24/01/2025;sexta-feira;18:50:00;MG;116;546,6;SANTA BARBARA DO LESTE;Condutor deixou de manter dist�ncia do ve�culo da frente;Engavetamento;Com V�timas Feridas;Anoitecer;Crescente;C�u Claro;Simples;Reta;N�o;5;0;2;0;3;0;2;3;-19,93628201;-42,13101771;SPRF-MG;DEL06-MG;UOP02-DEL06-MG;;;
657103;24/01/2025;sexta-feira;20:20:00;RJ;116;258;PIRAI;Demais falhas mec�nicas ou el�tricas;Inc�ndio;Sem V�timas;Plena Noite;Decrescente;C�u Claro;Dupla;Reta;N�o;5;0;0;0;5;0;0;1;-22,58138777;-44,02160689;SPRF-RJ;DEL07-RJ;UOP02-DEL07-RJ;;;
657104;24/01/2025;sexta-feira;18:30:00;MG;381;503;BETIM;Manobra de mudan�a de faixa;Colis�o lateral mesmo sentido;Com V�timas Feridas;Pleno dia;Decrescente;C�u Claro;Dupla;Reta;N�o;3;0;1;0;1;1;1;3;-20,03855134;-44,25495493;SPRF-MG;DEL01-MG;UOP03-DEL01-MG;;;
657107;24/01/2025;sexta-feira;18:18:00;RO;364;425;JARU;Acessar a via sem observar a presen�a dos outros ve�culos;Colis�o lateral mesmo sentido;Com V�timas Feridas;Anoitecer;Crescente;C�u Claro;Dupla;Reta;Sim;1;0;1;0;0;0;1;1;-10,43752488;-62,47169791;SPRF-RO;DEL03-RO;UOP02-DEL03-RO;;;
657108;24/01/2025;sexta-feira;21:20:00;SP;116;110,8;TAUBATE;Rea��o tardia ou ineficiente do condutor;Colis�o com objeto;Com V�timas Feridas;Plena Noite;Decrescente;Nublado;Dupla;Reta;N�o;2;0;1;0;0;1;1;2;-23,03412614;-45,5526999;SPRF-SP;DEL02-SP;UOP02-DEL02-SP;;;
657109;24/01/2025;sexta-feira;21:40:00;SP;116;283;EMBU DAS ARTES;Rea��o tardia ou ineficiente do condutor;Colis�o lateral mesmo sentido;Com V�timas Feridas;Plena Noite;Decrescente;C�u Claro;Dupla;Reta;N�o;3;0;3;0;0;0;3;2;-23,69297005;-46,86352786;SPRF-SP;DEL04-SP;UOP01-DEL04-SP;;;
657110;24/01/2025;sexta-feira;20:00:00;MG;262;420,3;IGARATINGA;Acessar a via sem observar a presen�a dos outros ve�culos;Colis�o transversal;Com V�timas Feridas;Plena Noite;Decrescente;C�u Claro;Dupla;Reta;N�o;4;0;0;2;2;0;2;2;-19,88933622;-44,71181914;SPRF-MG;DEL08-MG;UOP03-DEL08-MG;;;
657111;24/01/2025;sexta-feira;22:10:00;SP;116;282,4;ITAPECERICA DA SERRA;Aus�ncia de rea��o do condutor;Colis�o traseira;Com V�timas Feridas;Plena Noite;Crescente;C�u Claro;Dupla;Reta;Sim;5;0;1;0;4;0;1;2;-23,68570216;-46,85970975;SPRF-SP;DEL04-SP;UOP01-DEL04-SP;;;
657113;24/01/2025;sexta-feira;19:48:00;RO;429;129;SAO MIGUEL DO GUAPORE;Animais na Pista;Atropelamento de Animal;Com V�timas Feridas;Plena Noite;Crescente;C�u Claro;Simples;Reta;N�o;1;0;0;1;0;0;1;1;-11,52455289;-62,53926318;SPRF-RO;DEL02-RO;UOP03-DEL02-RO;;;
657114;24/01/2025;sexta-feira;22:30:00;MG;40;626;CONSELHEIRO LAFAIETE;Condutor deixou de manter dist�ncia do ve�culo da frente;Colis�o traseira;Com V�timas Feridas;Plena Noite;Crescente;Nublado;Simples;Reta;Sim;3;0;2;0;1;0;2;2;-20,62801922;-43,80896769;SPRF-MG;DEL05-MG;UOP02-DEL05-MG;;;
657115;24/01/2025;sexta-feira;22:50:00;TO;153;559,4;FATIMA;Transitar na contram�o;Colis�o frontal;Com V�timas Fatais;Pleno dia;Crescente;Nublado;Simples;Reta;N�o;4;1;0;0;3;0;0;2;-10,736458;-48,903616;SPRF-TO;DEL01-TO;UOP01-DEL01-TO;;;
657116;24/01/2025;sexta-feira;22:35:00;PE;101;69;RECIFE;Condutor deixou de manter dist�ncia do ve�culo da frente;Colis�o traseira;Com V�timas Feridas;Plena Noite;Decrescente;Nublado;Dupla;Reta;Sim;2;0;1;0;1;0;1;2;-8,05951606;-34,94581024;SPRF-PE;DEL01-PE;UOP01-DEL01-PE;;;
657119;24/01/2025;sexta-feira;22:30:00;MG;262;38;MANHUACU;Animais na Pista;Atropelamento de Animal;Com V�timas Feridas;Plena Noite;Crescente;C�u Claro;Simples;Reta;Sim;1;0;0;1;0;0;1;1;-20,26305859;-42,03684948;SPRF-MG;DEL06-MG;UOP03-DEL06-MG;;;
657120;24/01/2025;sexta-feira;21:16:00;GO;153;133;ESTRELA DO NORTE;Aus�ncia de rea��o do condutor;Colis�o traseira;Com V�timas Feridas;Plena Noite;Decrescente;C�u Claro;Simples;Reta;N�o;2;0;0;1;1;0;1;2;-13,934465;-49,075451;SPRF-GO;DEL07-GO;UOP01-DEL07-GO;;;
657123;24/01/2025;sexta-feira;23:40:00;PR;376;200;MANDAGUARI;Condutor Dormindo;Colis�o com objeto;Com V�timas Feridas;Plena Noite;Decrescente;C�u Claro;M�ltipla;Reta;Sim;1;0;1;0;0;0;1;1;-23,50559834;-51,73918962;SPRF-PR;DEL09-PR;UOP01-DEL09-PR;;;
657126;24/01/2025;sexta-feira;23:05:00;SC;101;129,7;BALNEARIO CAMBORIU;Pedestre andava na pista;Atropelamento de Pedestre;Com V�timas Fatais;Plena Noite;Decrescente;Chuva;Dupla;Reta;Sim;4;1;0;0;1;2;0;2;-26,9814883;-48,67627859;SPRF-SC;DEL04-SC;UOP03-DEL04-SC;;;
657127;24/01/2025;sexta-feira;20:15:00;MG;381;248,2;SANTANA DO PARAISO;Retorno proibido;Colis�o transversal;Com V�timas Feridas;Plena Noite;Decrescente;C�u Claro;Simples;Reta;N�o;3;0;1;0;2;0;1;2;-19,438922;-42,511165;SPRF-MG;DEL06-MG;UOP01-DEL06-MG;;;
657128;24/01/2025;sexta-feira;21:55:00;PR;153;4,2;IMBITUVA;Velocidade Incompat�vel;Sa�da de leito carro��vel;Com V�timas Fatais;Plena Noite;Decrescente;Nublado;Simples;"Reta;Interse��o de Vias";N�o;3;1;0;1;0;1;1;2;-25,216094;-50,592456;SPRF-PR;DEL03-PR;UOP01-DEL03-PR;;;
657129;24/01/2025;sexta-feira;23:20:00;RJ;495;2;TERESOPOLIS;Convers�o proibida;Colis�o transversal;Com V�timas Feridas;Plena Noite;Crescente;Nublado;Simples;Reta;Sim;2;0;1;0;1;0;1;2;-22,397038;-42,984928;SPRF-RJ;DEL04-RJ;UOP01-DEL04-RJ;;;
657130;24/01/2025;sexta-feira;23:40:00;PR;277;245,1;IRATI;Acesso irregular;Sa�da de leito carro��vel;Com V�timas Feridas;Plena Noite;Crescente;C�u Claro;Simples;"Interse��o de Vias;Reta";Sim;2;0;1;0;0;1;1;1;-25,46419687;-50,56581801;SPRF-PR;DEL08-PR;UOP02-DEL08-PR;;;
657134;25/01/2025;s�bado;00:10:00;PR;376;5;APUCARANA;Acessar a via sem observar a presen�a dos outros ve�culos;Colis�o frontal;Com V�timas Feridas;Amanhecer;Decrescente;Nublado;Simples;"Interse��o de Vias;Reta";Sim;4;0;2;0;2;0;2;2;-23,54930384;-51,44995093;SPRF-PR;DEL07-PR;UOP03-DEL07-PR;;;
657135;24/01/2025;sexta-feira;23:15:00;PR;373;264,9;PRUDENTOPOLIS;Pedestre andava na pista;Atropelamento de Pedestre;Com V�timas Feridas;Plena Noite;Crescente;Nublado;Simples;Reta;Sim;2;0;1;0;1;0;1;2;-25,20255572;-50,98273035;SPRF-PR;DEL08-PR;UOP01-DEL08-PR;;;
657136;25/01/2025;s�bado;01:00:00;ES;101;29;CONCEICAO DA BARRA;Transitar no Acostamento;Queda de ocupante de ve�culo;Com V�timas Feridas;Plena Noite;Decrescente;Nublado;Simples;Declive;N�o;2;0;2;0;0;0;2;1;-18,39992188;-39,93877968;SPRF-ES;DEL04-ES;UOP02-DEL04-ES;;;
657137;25/01/2025;s�bado;01:05:00;ES;101;282,5;CARIACICA;Avarias e/ou desgaste excessivo no pneu;Queda de ocupante de ve�culo;Com V�timas Feridas;Plena Noite;Crescente;C�u Claro;Dupla;"Ponte;Reta";N�o;2;0;1;0;1;0;1;1;-20,22694;-40,36458;SPRF-ES;DEL01-ES;UOP01-DEL01-ES;;;
657138;25/01/2025;s�bado;01:30:00;RS;386;337,1;FORQUETINHA;Rea��o tardia ou ineficiente do condutor;Sa�da de leito carro��vel;Sem V�timas;Plena Noite;Decrescente;C�u Claro;Simples;Reta;N�o;1;0;0;0;0;1;0;1;-29,396667;-52,041908;SPRF-RS;DEL04-RS;UOP01-DEL04-RS;;;
657139;25/01/2025;s�bado;01:30:00;RS;285;451;IJUI;Transitar na contram�o;Colis�o frontal;Com V�timas Feridas;Plena Noite;Decrescente;Chuva;Simples;"Interse��o de Vias;Curva";N�o;4;0;2;0;2;0;2;2;-28,37370195;-53,85213733;SPRF-RS;DEL10-RS;UOP01-DEL10-RS;;;
657141;25/01/2025;s�bado;01:15:00;RJ;40;84;PETROPOLIS;Demais falhas mec�nicas ou el�tricas;Tombamento;Com V�timas Feridas;Plena Noite;Crescente;Nublado;Simples;"T�nel;Declive;Curva";N�o;1;0;1;0;0;0;1;1;-22,52145512;-43,23707996;SPRF-RJ;DEL01-RJ;UOP01-DEL01-RJ;;;
657143;25/01/2025;s�bado;00:44:00;MT;163;861;SINOP;Aus�ncia de rea��o do condutor;Queda de ocupante de ve�culo;Com V�timas Feridas;Plena Noite;Crescente;C�u Claro;Simples;Reta;N�o;2;0;2;0;0;0;2;1;-11,75986198;-55,46882608;SPRF-MT;DEL06-MT;UOP02-DEL06-MT;;;
657144;25/01/2025;s�bado;01:20:00;RJ;393;176;PARAIBA DO SUL;Frear bruscamente;Colis�o traseira;Com V�timas Feridas;Plena Noite;Crescente;C�u Claro;Simples;Reta;Sim;5;0;1;0;4;0;1;2;-22,12586166;-43,21215519;SPRF-RJ;DEL05-RJ;UOP03-DEL05-RJ;;;
657145;24/01/2025;sexta-feira;22:05:00;RJ;0;0;NITEROI;Frear bruscamente;Colis�o traseira;Sem V�timas;Plena Noite;N�o Informado;C�u Claro;Dupla;Reta;Sim;7;0;0;0;7;0;0;5;-22,85996981;-43,10239261;SPRF-RJ;N/A;N/A;;;
657147;25/01/2025;s�bado;02:45:00;MG;40;611,2;CONGONHAS;Condutor Dormindo;Sa�da de leito carro��vel;Com V�timas Feridas;Plena Noite;Crescente;C�u Claro;Simples;Reta;Sim;1;0;1;0;0;0;1;1;-20,51670166;-43,8378866;SPRF-MG;DEL05-MG;UOP02-DEL05-MG;;;
657149;25/01/2025;s�bado;03:40:00;MG;381;766,9;CAMPANHA;Condutor Dormindo;Sa�da de leito carro��vel;Com V�timas Feridas;Plena Noite;Decrescente;C�u Claro;Dupla;Curva;N�o;2;0;1;0;1;0;1;1;-21,76294597;-45,41241603;SPRF-MG;DEL16-MG;UOP02-DEL16-MG;;;
657151;25/01/2025;s�bado;03:40:00;PR;373;176,8;PONTA GROSSA;Ingest�o de �lcool pelo condutor;Colis�o com objeto;Sem V�timas;Plena Noite;Crescente;C�u Claro;Dupla;Reta;Sim;2;0;0;0;2;0;0;1;-25,058;-50,225;SPRF-PR;DEL03-PR;UOP01-DEL03-PR;;;
657152;25/01/2025;s�bado;05:05:00;PB;101;89;JOAO PESSOA;Objeto est�tico sobre o leito carro��vel;Colis�o com objeto;Com V�timas Feridas;Pleno dia;Decrescente;C�u Claro;Dupla;Reta;Sim;2;0;2;0;0;0;2;1;-7,1710694;-34,89765372;SPRF-PB;DEL01-PB;UOP01-DEL01-PB;;;
657154;25/01/2025;s�bado;05:00:00;BA;116;10,2;VITORIA DA CONQUISTA;Chuva;Tombamento;Com V�timas Feridas;Pleno dia;Crescente;Garoa/Chuvisco;Simples;Reta;Sim;2;0;2;0;0;0;2;1;-14,854292;-40,88072777;SPRF-PE;DEL05-PE;UOP03-DEL05-PE;;;
657155;25/01/2025;s�bado;04:00:00;PB;230;126,1;RIACHAO DO BACAMARTE;Ingest�o de �lcool pelo condutor;Colis�o com objeto;Com V�timas Feridas;Plena Noite;Crescente;C�u Claro;Dupla;"Reta;Declive";N�o;4;0;0;3;0;1;3;1;-7,25988268;-35,69559574;SPRF-PB;DEL02-PB;UOP01-DEL02-PB;;;
657156;25/01/2025;s�bado;05:22:00;PB;101;70;SANTA RITA;Aus�ncia de rea��o do condutor;Colis�o com objeto;Com V�timas Feridas;Amanhecer;Decrescente;C�u Claro;Dupla;Reta;N�o;2;0;1;1;0;0;2;1;-7,06454776;-35,01147489;SPRF-PB;DEL01-PB;UOP03-DEL01-PB;;;
657157;25/01/2025;s�bado;04:15:00;SC;470;164,2;POUSO REDONDO;Aus�ncia de rea��o do condutor;Colis�o frontal;Com V�timas Feridas;Plena Noite;Crescente;Chuva;Simples;Reta;N�o;3;0;2;0;1;0;2;2;-27,27741286;-49,83905911;SPRF-SC;DEL04-SC;UOP02-DEL04-SC;;;
657159;25/01/2025;s�bado;02:30:00;RN;226;68;SERRA CAIADA;Rea��o tardia ou ineficiente do condutor;Colis�o traseira;Com V�timas Fatais;Plena Noite;Crescente;Nublado;Simples;"Declive;Reta";N�o;2;1;0;0;0;1;0;2;-6,10373269;-35,70531524;SPRF-RN;DEL01-RN;UOP02-DEL01-RN;;;
657160;25/01/2025;s�bado;02:25:00;PR;277;596;CASCAVEL;Deixar de acionar o farol da motocicleta (ou similar);Colis�o lateral mesmo sentido;Com V�timas Feridas;Plena Noite;Crescente;C�u Claro;Simples;Reta;Sim;3;0;3;0;0;0;3;2;-24,9885767;-53,5082674;SPRF-PR;DEL04-PR;UOP01-DEL04-PR;;;
657162;21/01/2025;ter�a-feira;18:35:00;RS;290;95;PORTO ALEGRE;Acumulo de �leo sobre o pavimento;Queda de ocupante de ve�culo;Com V�timas Feridas;Pleno dia;Decrescente;C�u Claro;M�ltipla;Reta;N�o;1;0;1;0;0;0;1;1;-29,982832;-51,201572;SPRF-RS;DEL01-RS;UOP01-DEL01-RS;;;
657163;24/01/2025;sexta-feira;21:00:00;PR;277;197;PALMEIRA;Ingest�o de �lcool pelo condutor;Colis�o com objeto;Com V�timas Feridas;Plena Noite;Decrescente;Nublado;Simples;"Reta;Ponte";N�o;1;0;1;0;0;0;1;1;-25,44144283;-50,17659008;SPRF-PR;DEL08-PR;UOP02-DEL08-PR;;;
657164;25/01/2025;s�bado;05:34:00;SC;280;28;ARAQUARI;Ingest�o de �lcool pelo condutor;Sa�da de leito carro��vel;Com V�timas Feridas;Amanhecer;Decrescente;Sol;Simples;Reta;N�o;1;0;1;0;0;0;1;1;-26,40450077;-48,74561031;SPRF-SC;DEL03-SC;UOP03-DEL03-SC;;;
657166;25/01/2025;s�bado;04:30:00;PB;104;152;QUEIMADAS;Condutor Dormindo;Sa�da de leito carro��vel;Com V�timas Feridas;Amanhecer;Decrescente;Nublado;Simples;Reta;N�o;1;0;1;0;0;0;1;1;-7,47287281;-35,93140315;SPRF-PB;DEL02-PB;UOP03-DEL02-PB;;;
657167;25/01/2025;s�bado;05:50:00;PR;369;149;LONDRINA;Ingest�o de �lcool pelo condutor;Sa�da de leito carro��vel;Com V�timas Feridas;Amanhecer;Decrescente;C�u Claro;Dupla;Reta;Sim;2;0;1;1;0;0;2;1;-23,29299999;-51,15732729;SPRF-PR;DEL07-PR;UOP01-DEL07-PR;;;
657169;25/01/2025;s�bado;06:20:00;PB;230;16,6;JOAO PESSOA;Demais falhas mec�nicas ou el�tricas;Tombamento;Com V�timas Feridas;Pleno dia;Decrescente;C�u Claro;Dupla;Reta;Sim;2;0;2;0;0;0;2;1;-7,093;-34,8482;SPRF-PB;DEL01-PB;UOP01-DEL01-PB;;;
657170;25/01/2025;s�bado;05:30:00;MG;40;739;SANTOS DUMONT;Ingest�o de �lcool pelo condutor;Sa�da de leito carro��vel;Com V�timas Feridas;Pleno dia;Crescente;C�u Claro;Simples;Reta;N�o;1;0;0;1;0;0;1;1;-21,394039;-43,56680295;SPRF-MG;DEL05-MG;UOP01-DEL05-MG;;;
657171;25/01/2025;s�bado;06:40:00;RS;470;218;BENTO GONCALVES;Rea��o tardia ou ineficiente do condutor;Sa�da de leito carro��vel;Com V�timas Feridas;Amanhecer;Crescente;Garoa/Chuvisco;Simples;Curva;N�o;4;0;0;1;3;0;1;4;-29,18583845;-51,5209651;SPRF-RS;DEL06-RS;UOP01-DEL06-RS;;;
657173;24/01/2025;sexta-feira;16:20:00;SP;381;84,9;SAO PAULO;Chuva;Queda de ocupante de ve�culo;Com V�timas Feridas;Pleno dia;Crescente;Chuva;Dupla;Reta;Sim;2;0;2;0;0;0;2;1;-23,43937;-46,56807;SPRF-SP;DEL03-SP;UOP01-DEL03-SP;;;
657174;25/01/2025;s�bado;06:55:00;MG;381;482,9;BETIM;Demais falhas mec�nicas ou el�tricas;Tombamento;Com V�timas Feridas;Pleno dia;Crescente;C�u Claro;Dupla;"Curva;Declive";Sim;2;0;1;1;0;0;2;1;-19,95749671;-44,07822132;SPRF-MG;DEL01-MG;UOP03-DEL01-MG;;;
657175;24/01/2025;sexta-feira;21:02:00;PE;101;19;GOIANA;Acessar a via sem observar a presen�a dos outros ve�culos;Colis�o transversal;Com V�timas Feridas;Plena Noite;Decrescente;C�u Claro;Dupla;"Retorno Regulamentado;Reta";N�o;2;0;1;0;1;0;1;2;-7,6608884;-34,93694723;SPRF-PE;DEL01-PE;UOP02-DEL01-PE;;;
657176;25/01/2025;s�bado;07:20:00;PE;101;78;RECIFE;Pedestre - Ingest�o de �lcool/ subst�ncias psicoativas;Atropelamento de Pedestre;Com V�timas Feridas;Pleno dia;Crescente;Nublado;Dupla;Reta;Sim;2;0;2;0;0;0;2;2;-8,13496499;-34,94738614;SPRF-PE;DEL01-PE;UOP01-DEL01-PE;;;
657177;25/01/2025;s�bado;06:35:00;MS;60;370,9;CAMPO GRANDE;Aus�ncia de rea��o do condutor;Tombamento;Com V�timas Feridas;Pleno dia;Crescente;C�u Claro;Simples;Reta;N�o;1;0;0;1;0;0;1;1;-20,55262671;-54,66947898;SPRF-MS;DEL01-MS;UOP04-DEL01-MS;;;
657179;24/01/2025;sexta-feira;22:00:00;MG;40;552;NOVA LIMA;Velocidade Incompat�vel;Sa�da de leito carro��vel;Sem V�timas;Plena Noite;Decrescente;C�u Claro;Dupla;"Declive;Reta";N�o;2;0;0;0;2;0;0;2;-20,06084086;-43,97716423;SPRF-MG;DEL01-MG;UOP02-DEL01-MG;;;
657180;25/01/2025;s�bado;01:30:00;MG;153;98;PRATA;Aus�ncia de rea��o do condutor;Colis�o com objeto;Com V�timas Feridas;Plena Noite;Crescente;Nublado;Simples;"Ponte;Declive;Reta";N�o;1;0;1;0;0;0;1;1;-19,2122511;-48,93761158;SPRF-MG;DEL15-MG;UOP03-DEL15-MG;;;
657182;25/01/2025;s�bado;08:02:00;RS;448;22;PORTO ALEGRE;Acessar a via sem observar a presen�a dos outros ve�culos;Colis�o com objeto;Com V�timas Feridas;Pleno dia;Decrescente;Chuva;M�ltipla;Curva;N�o;2;0;1;0;0;1;1;2;-29,972212;-51,199139;SPRF-RS;DEL01-RS;UOP01-DEL01-RS;;;
657184;25/01/2025;s�bado;05:50:00;MS;163;793;COXIM;Aus�ncia de rea��o do condutor;Sa�da de leito carro��vel;Com V�timas Feridas;Pleno dia;Crescente;C�u Claro;M�ltipla;"Reta;Aclive";N�o;1;0;1;0;0;0;1;1;-17,979322;-54,67845816;SPRF-MS;DEL06-MS;UOP01-DEL06-MS;;;
657185;25/01/2025;s�bado;08:30:00;SC;101;167;TIJUCAS;Velocidade Incompat�vel;Colis�o traseira;Com V�timas Feridas;Pleno dia;Decrescente;C�u Claro;Dupla;Reta;Sim;2;0;0;1;1;0;1;2;-27,27029501;-48,63176618;SPRF-SC;DEL04-SC;UOP03-DEL04-SC;;;
657187;25/01/2025;s�bado;07:20:00;MG;381;542,9;ITATIAIUCU;Aus�ncia de rea��o do condutor;Queda de ocupante de ve�culo;Com V�timas Feridas;Pleno dia;Crescente;C�u Claro;Dupla;Reta;N�o;1;0;1;0;0;0;1;1;-20,26492509;-44,42256682;SPRF-MG;DEL04-MG;UOP03-DEL04-MG;;;
657188;25/01/2025;s�bado;08:10:00;MG;459;99,2;POUSO ALEGRE;Velocidade Incompat�vel;Colis�o com objeto;Com V�timas Feridas;Pleno dia;Crescente;C�u Claro;Simples;"Curva;Declive";N�o;2;0;2;0;0;0;2;1;-22,201645;-45,963926;SPRF-MG;DEL09-MG;UOP01-DEL09-MG;;;
657189;25/01/2025;s�bado;06:30:00;RJ;101;486;ANGRA DOS REIS;Acessar a via sem observar a presen�a dos outros ve�culos;Colis�o lateral sentido oposto;Com V�timas Feridas;Pleno dia;Decrescente;C�u Claro;Simples;Reta;Sim;2;0;1;0;1;0;1;2;-22,97708786;-44,29634653;SPRF-RJ;DEL03-RJ;UOP03-DEL03-RJ;;;
657192;25/01/2025;s�bado;09:05:00;SC;280;28,6;ARAQUARI;Condutor deixou de manter dist�ncia do ve�culo da frente;Colis�o traseira;Com V�timas Feridas;Pleno dia;Crescente;C�u Claro;Simples;Reta;Sim;3;0;0;1;2;0;1;2;-26,40450077;-48,74561031;SPRF-SC;DEL03-SC;UOP03-DEL03-SC;;;
657194;25/01/2025;s�bado;07:30:00;MT;163;837;SINOP;Rea��o tardia ou ineficiente do condutor;Colis�o traseira;Com V�timas Feridas;Pleno dia;Decrescente;C�u Claro;Simples;Reta;N�o;2;0;1;0;1;0;1;2;-11,968963;-55,51695578;SPRF-MT;DEL06-MT;UOP02-DEL06-MT;;;
657196;25/01/2025;s�bado;08:30:00;RS;392;316;SAO SEPE;Aus�ncia de rea��o do condutor;Colis�o com objeto;Com V�timas Feridas;Pleno dia;Decrescente;Sol;Simples;Curva;N�o;2;0;1;0;1;0;1;1;-30,02053093;-53,68300157;SPRF-RS;DEL09-RS;UOP01-DEL09-RS;;;