id;data_inversa;dia_semana;horario;uf;br;km;municipio;causa_acidente;tipo_acidente;classificacao_acidente;fase_dia;sentido_via;condicao_metereologica;tipo_pista;tracado_via;uso_solo;pessoas;mortos;feridos_leves;feridos_graves;ilesos;ignorados;feridos;veiculos;latitude;longitude;regional;delegacia;uop;;;
657197;25/01/2025;s�bado;07:35:00;RJ;493;3;ITABORAI;Aus�ncia de rea��o do condutor;Tombamento;Com V�timas Feridas;Pleno dia;Decrescente;C�u Claro;Dupla;Reta;Sim;1;0;1;0;0;0;1;1;-22,7525329;-42,94160092;SPRF-RJ;DEL02-RJ;UOP02-DEL02-RJ;;;
657200;25/01/2025;s�bado;09:15:00;BA;101;715;EUNAPOLIS;Acessar a via sem observar a presen�a dos outros ve�culos;Colis�o transversal;Com V�timas Feridas;Pleno dia;Crescente;Nublado;M�ltipla;Interse��o de Vias;Sim;3;0;2;0;1;0;2;2;-16,362362;-39,580627;SPRF-BA;DEL09-BA;UOP01-DEL09-BA;;;
657202;25/01/2025;s�bado;05:00:00;GO;153;239,6;SAO LUIZ DO NORTE;Aus�ncia de rea��o do condutor;Atropelamento de Pedestre;Com V�timas Fatais;Plena Noite;Decrescente;C�u Claro;Simples;"Reta;Aclive";N�o;2;1;0;0;0;1;0;2;-14,846957;-49,314368;SPRF-GO;DEL07-GO;UOP02-DEL07-GO;;;
657203;25/01/2025;s�bado;09:00:00;RS;116;347;TAPES;Rea��o tardia ou ineficiente do condutor;Sa�da de leito carro��vel;Com V�timas Feridas;Pleno dia;Crescente;Nublado;Dupla;Reta;N�o;3;0;1;1;1;0;2;1;-30,51691315;-51,49665766;SPRF-RS;DEL02-RS;UOP02-DEL02-RS;;;
657204;25/01/2025;s�bado;10:10:00;SP;116;112,5;TAUBATE;Rea��o tardia ou ineficiente do condutor;Engavetamento;Com V�timas Feridas;Pleno dia;Decrescente;C�u Claro;Dupla;Reta;Sim;10;0;1;0;9;0;1;3;-23,04159343;-45,57065616;SPRF-SP;DEL02-SP;UOP02-DEL02-SP;;;
657205;25/01/2025;s�bado;09:45:00;AL;101;188;JUNQUEIRO;Convers�o proibida;Colis�o frontal;Com V�timas Feridas;Pleno dia;Crescente;C�u Claro;Simples;Reta;Sim;4;0;0;1;3;0;1;2;-9,90809784;-36,46933335;SPRF-AL;DEL02-AL;UOP02-DEL02-AL;;;
657206;25/01/2025;s�bado;09:40:00;MG;116;277;TEOFILO OTONI;Entrada inopinada do pedestre;Atropelamento de Pedestre;Com V�timas Feridas;Pleno dia;Decrescente;C�u Claro;Simples;"Interse��o de Vias;Reta";Sim;2;0;1;1;0;0;2;2;-17,859945;-41,515144;SPRF-MG;DEL11-MG;UOP01-DEL11-MG;;;
657207;25/01/2025;s�bado;09:45:00;SC;280;130,5;RIO NEGRINHO;Acessar a via sem observar a presen�a dos outros ve�culos;Colis�o transversal;Com V�timas Feridas;Pleno dia;Decrescente;C�u Claro;Simples;"Declive;Reta";Sim;2;0;1;0;1;0;1;2;-26,2530246;-49,52924913;SPRF-SC;DEL06-SC;UOP03-DEL06-SC;;;
657208;25/01/2025;s�bado;10:00:00;GO;20;4;FORMOSA;Retorno proibido;Colis�o lateral mesmo sentido;Com V�timas Feridas;Pleno dia;Crescente;C�u Claro;Simples;Reta;Sim;3;0;1;1;0;1;2;3;-15,561395;-47,313698;SPRF-DF;DEL02-DF;UOP02-DEL02-DF;;;
657209;25/01/2025;s�bado;08:00:00;GO;153;586,6;PROFESSOR JAMIL;Pista esburacada;Queda de ocupante de ve�culo;Com V�timas Feridas;Pleno dia;Crescente;Nublado;Dupla;"Declive;Reta";N�o;1;0;1;0;0;0;1;1;-17,4342;-49,23;SPRF-GO;DEL03-GO;UOP01-DEL03-GO;;;
657210;25/01/2025;s�bado;09:30:00;MG;262;871,2;CAMPO FLORIDO;Aus�ncia de rea��o do condutor;Sa�da de leito carro��vel;Com V�timas Feridas;Pleno dia;Decrescente;C�u Claro;Dupla;Reta;N�o;2;0;2;0;0;0;2;1;-19,78431116;-48,53013039;SPRF-MG;DEL13-MG;UOP01-DEL13-MG;;;
657212;25/01/2025;s�bado;10:30:00;PE;101;68;RECIFE;Condutor deixou de manter dist�ncia do ve�culo da frente;Colis�o traseira;Com V�timas Feridas;Pleno dia;Crescente;C�u Claro;Dupla;"Aclive;Viaduto";Sim;3;0;2;0;0;1;2;2;-8,052572;-34,946142;SPRF-PE;DEL01-PE;UOP01-DEL01-PE;;;
657214;25/01/2025;s�bado;10:52:00;ES;101;321;GUARAPARI;Avarias e/ou desgaste excessivo no pneu;Tombamento;Com V�timas Feridas;Pleno dia;Decrescente;C�u Claro;Dupla;Reta;Sim;2;0;2;0;0;0;2;1;-20,520908;-40,478306;SPRF-ES;DEL03-ES;UOP01-DEL03-ES;;;
657215;25/01/2025;s�bado;10:00:00;RJ;101;391,3;RIO DE JANEIRO;Avarias e/ou desgaste excessivo no pneu;Queda de ocupante de ve�culo;Com V�timas Feridas;Pleno dia;Decrescente;Sol;Dupla;Reta;N�o;2;0;2;0;0;0;2;1;-22,894827;-43,68492;SPRF-RJ;DEL03-RJ;UOP01-DEL03-RJ;;;
657216;25/01/2025;s�bado;10:45:00;SC;101;63;ARAQUARI;Manobra de mudan�a de faixa;Colis�o lateral mesmo sentido;Com V�timas Feridas;Pleno dia;Crescente;C�u Claro;Dupla;"Declive;Reta";N�o;3;0;2;0;1;0;2;2;-26,45898367;-48,7584088;SPRF-SC;DEL03-SC;UOP02-DEL03-SC;;;
657217;25/01/2025;s�bado;11:00:00;SP;101;46;UBATUBA;Acessar a via sem observar a presen�a dos outros ve�culos;Colis�o transversal;Com V�timas Feridas;Pleno dia;Decrescente;C�u Claro;Simples;"Reta;Rotat�ria;Retorno Regulamentado";Sim;3;0;1;0;2;0;1;2;-23,42403383;-45,07492113;SPRF-SP;DEL06-SP;UOP01-DEL06-SP;;;
657218;25/01/2025;s�bado;10:25:00;PE;232;196,7;SANHARO;Aus�ncia de sinaliza��o;Colis�o frontal;Com V�timas Feridas;Pleno dia;Decrescente;C�u Claro;Simples;"Reta;Em Obras";N�o;3;0;2;1;0;0;3;2;-8,368707;-36,575354;SPRF-PE;DEL03-PE;UOP02-DEL03-PE;;;
657219;25/01/2025;s�bado;11:05:00;PR;277;696;SAO MIGUEL DO IGUACU;Acessar a via sem observar a presen�a dos outros ve�culos;Colis�o traseira;Com V�timas Feridas;Pleno dia;Decrescente;Nublado;Dupla;Reta;N�o;6;0;4;1;1;0;5;2;-25,38683788;-54,29509407;SPRF-PR;DEL05-PR;UOP01-DEL05-PR;;;
657221;25/01/2025;s�bado;10:32:00;RS;386;177;CARAZINHO;Desrespeitar a prefer�ncia no cruzamento;Colis�o transversal;Com V�timas Feridas;Pleno dia;Crescente;C�u Claro;Simples;Reta;Sim;4;0;2;0;2;0;2;2;-28,28203652;-52,76490927;SPRF-RS;DEL08-RS;UOP01-DEL08-RS;;;
657222;25/01/2025;s�bado;11:00:00;RJ;40;119;DUQUE DE CAXIAS;Pista Escorregadia;Queda de ocupante de ve�culo;Com V�timas Feridas;Pleno dia;Decrescente;C�u Claro;Dupla;"Retorno Regulamentado;Curva;Viaduto";Sim;2;0;1;0;1;0;1;1;-22,75470802;-43,28737838;SPRF-RJ;DEL01-RJ;UOP02-DEL01-RJ;;;
657224;25/01/2025;s�bado;12:00:00;MG;40;510;RIBEIRAO DAS NEVES;Condutor deixou de manter dist�ncia do ve�culo da frente;Engavetamento;Com V�timas Feridas;Pleno dia;Decrescente;Sol;Dupla;"Aclive;Reta";Sim;4;0;1;0;3;0;1;3;-19,77463885;-44,12321882;SPRF-MG;DEL01-MG;UOP02-DEL01-MG;;;
657225;25/01/2025;s�bado;12:00:00;MG;50;43,2;ARAGUARI;Demais falhas mec�nicas ou el�tricas;Sa�da de leito carro��vel;Sem V�timas;Pleno dia;Crescente;Sol;Dupla;"Declive;Reta";N�o;1;0;0;0;1;0;0;1;-18,71214868;-48,19607234;SPRF-MG;DEL15-MG;UOP02-DEL15-MG;;;
657226;25/01/2025;s�bado;11:40:00;PB;230;156,1;CAMPINA GRANDE;Convers�o proibida;Colis�o transversal;Com V�timas Feridas;Pleno dia;Decrescente;Nublado;Simples;Reta;Sim;2;0;1;0;0;1;1;2;-7,27296;-35,90945;SPRF-PB;DEL02-PB;UOP01-DEL02-PB;;;
657229;25/01/2025;s�bado;12:10:00;ES;262;113;VENDA NOVA DO IMIGRANTE;Ingest�o de �lcool pelo condutor;Colis�o transversal;Com V�timas Feridas;Pleno dia;Decrescente;C�u Claro;Simples;Reta;N�o;5;0;1;0;4;0;1;2;-20,32987893;-41,20496392;SPRF-ES;DEL01-ES;UOP02-DEL01-ES;;;
657230;25/01/2025;s�bado;12:15:00;PR;153;335;IRATI;Transitar na contram�o;Colis�o frontal;Com V�timas Feridas;Pleno dia;Crescente;Nublado;Simples;Reta;Sim;2;0;2;0;0;0;2;2;-25,48894141;-50,64508883;SPRF-PR;DEL08-PR;UOP02-DEL08-PR;;;
657233;25/01/2025;s�bado;12:09:00;PI;343;2;TERESINA;Aus�ncia de rea��o do condutor;Colis�o lateral mesmo sentido;Com V�timas Feridas;Pleno dia;Crescente;C�u Claro;Dupla;Reta;N�o;3;0;1;0;2;0;1;3;-5,089569;-42,802288;SPRF-PI;DEL01-PI;UOP01-DEL01-PI;;;
657234;25/01/2025;s�bado;12:55:00;SC;280;30;ARAQUARI;Trafegar com motocicleta (ou similar) entre as faixas;Colis�o transversal;Com V�timas Feridas;Pleno dia;Crescente;C�u Claro;Simples;Reta;Sim;2;0;0;1;1;0;1;2;-26,4141523;-48,76209493;SPRF-SC;DEL03-SC;UOP03-DEL03-SC;;;
657236;25/01/2025;s�bado;13:05:00;SC;282;4,3;FLORIANOPOLIS;Rea��o tardia ou ineficiente do condutor;Colis�o lateral mesmo sentido;Com V�timas Feridas;Pleno dia;Decrescente;C�u Claro;Simples;Reta;Sim;2;0;1;0;1;0;1;2;-27,592646;-48,604034;SPRF-SC;DEL01-SC;UOP01-DEL01-SC;;;
657237;25/01/2025;s�bado;14:00:00;SC;101;164;TIJUCAS;Manobra de mudan�a de faixa;Colis�o lateral mesmo sentido;Com V�timas Feridas;Pleno dia;Decrescente;Nublado;Dupla;Reta;Sim;2;0;1;0;1;0;1;2;-27,243868;-48,6309;SPRF-SC;DEL04-SC;UOP03-DEL04-SC;;;
657240;25/01/2025;s�bado;13:50:00;PR;376;4,4;MANDAGUARI;Aus�ncia de rea��o do condutor;Colis�o traseira;Com V�timas Feridas;Pleno dia;Crescente;C�u Claro;Simples;"Interse��o de Vias;Reta";Sim;2;0;1;0;1;0;1;2;-23,51922405;-51,68062091;SPRF-PR;DEL09-PR;UOP01-DEL09-PR;;;
657241;25/01/2025;s�bado;14:00:00;BA;101;285;LAJE;Manobra de mudan�a de faixa;Colis�o lateral mesmo sentido;Com V�timas Feridas;Pleno dia;Decrescente;Sol;Simples;Reta;N�o;2;0;1;0;1;0;1;2;-13,268436;-39,325351;SPRF-BA;DEL01-BA;UOP02-DEL01-BA;;;
657242;25/01/2025;s�bado;13:55:00;PR;277;320;GUARAPUAVA;Acumulo de �gua sobre o pavimento;Capotamento;Com V�timas Feridas;Pleno dia;Crescente;Chuva;M�ltipla;Reta;N�o;4;0;4;0;0;0;4;1;-25,371561;-51,261247;SPRF-PR;DEL08-PR;UOP01-DEL08-PR;;;
657244;25/01/2025;s�bado;12:00:00;MG;262;772;UBERABA;Sem�foro com defeito;Inc�ndio;Sem V�timas;Pleno dia;Crescente;C�u Claro;Simples;Reta;N�o;4;0;0;0;4;0;0;1;-19,70754792;-47,70151607;SPRF-MG;DEL13-MG;UOP01-DEL13-MG;;;
657245;25/01/2025;s�bado;01:45:00;RS;470;211,9;BENTO GONCALVES;Aus�ncia de rea��o do condutor;Sa�da de leito carro��vel;Sem V�timas;Plena Noite;Decrescente;Nublado;Simples;Curva;N�o;1;0;0;0;0;1;0;1;-29,13901256;-51,54265881;SPRF-RS;DEL06-RS;UOP01-DEL06-RS;;;
657246;25/01/2025;s�bado;14:30:00;SC;280;4,2;SAO FRANCISCO DO SUL;Condutor deixou de manter dist�ncia do ve�culo da frente;Colis�o traseira;Com V�timas Feridas;Pleno dia;Decrescente;Garoa/Chuvisco;Simples;"Reta;Em Obras";Sim;3;0;1;1;1;0;2;2;-26,255347;-48,620998;SPRF-SC;DEL03-SC;UOP03-DEL03-SC;;;
657248;25/01/2025;s�bado;11:45:00;RO;364;424,2;JARU;Acessar a via sem observar a presen�a dos outros ve�culos;Colis�o transversal;Com V�timas Feridas;Pleno dia;Decrescente;Sol;Simples;"Reta;Em Obras";Sim;2;0;1;1;0;0;2;2;-10,44457274;-62,46568412;SPRF-RO;DEL03-RO;UOP02-DEL03-RO;;;
657249;25/01/2025;s�bado;14:30:00;SP;381;62;MAIRIPORA;Manobra de mudan�a de faixa;Colis�o traseira;Com V�timas Feridas;Pleno dia;Decrescente;Sol;Dupla;"Aclive;Reta";N�o;2;0;1;0;1;0;1;2;-23,29437896;-46,57254696;SPRF-SP;DEL03-SP;UOP01-DEL03-SP;;;
657252;25/01/2025;s�bado;12:30:00;MG;40;748;SANTOS DUMONT;Rea��o tardia ou ineficiente do condutor;Tombamento;Com V�timas Feridas;Pleno dia;Crescente;C�u Claro;Simples;Curva;N�o;1;0;1;0;0;0;1;1;-21,43796619;-43,55638245;SPRF-MG;DEL05-MG;UOP01-DEL05-MG;;;
657253;25/01/2025;s�bado;10:40:00;RJ;40;118;DUQUE DE CAXIAS;Rea��o tardia ou ineficiente do condutor;Colis�o lateral mesmo sentido;Sem V�timas;Pleno dia;Crescente;C�u Claro;M�ltipla;Reta;Sim;2;0;0;0;2;0;0;2;-22,75470802;-43,28737838;SPRF-RJ;DEL01-RJ;UOP02-DEL01-RJ;;;
657255;25/01/2025;s�bado;11:00:00;RN;101;94;NATAL;Mal s�bito do condutor;Colis�o lateral mesmo sentido;Com V�timas Feridas;Pleno dia;Decrescente;C�u Claro;Dupla;Reta;N�o;2;0;1;0;1;0;1;2;-5,83176615;-35,21191342;SPRF-RN;DEL01-RN;UOP01-DEL01-RN;;;
657256;25/01/2025;s�bado;15:18:00;RS;116;262;CANOAS;Rea��o tardia ou ineficiente do condutor;Colis�o com objeto;Com V�timas Feridas;Pleno dia;Decrescente;Nublado;M�ltipla;Reta;N�o;1;0;1;0;0;0;1;1;-29,896475;-51,17593;SPRF-RS;DEL01-RS;UOP01-DEL01-RS;;;
657257;25/01/2025;s�bado;15:30:00;DF;60;0,9;BRASILIA;Ingest�o de �lcool pelo condutor;Colis�o lateral mesmo sentido;Com V�timas Fatais;Pleno dia;Crescente;Nublado;Dupla;Reta;Sim;3;1;0;0;1;1;0;3;-15,882499;-48,060212;SPRF-DF;DEL03-DF;UOP01-DEL03-DF;;;
657259;25/01/2025;s�bado;13:40:00;RJ;116;131;MAGE;Demais falhas mec�nicas ou el�tricas;Inc�ndio;Sem V�timas;Pleno dia;Decrescente;C�u Claro;Dupla;Reta;Sim;1;0;0;0;1;0;0;1;-22,65608024;-43,12511494;SPRF-RJ;DEL04-RJ;UOP02-DEL04-RJ;;;
657260;25/01/2025;s�bado;15:25:00;CE;222;308;TIANGUA;Ingest�o de �lcool pelo condutor;Sa�da de leito carro��vel;Com V�timas Feridas;Pleno dia;Decrescente;C�u Claro;Dupla;Curva;N�o;1;0;0;1;0;0;1;1;-3,70113236;-40,9760052;SPRF-CE;DEL04-CE;UOP02-DEL04-CE;;;
657261;25/01/2025;s�bado;16:00:00;SC;101;153;PORTO BELO;Demais falhas mec�nicas ou el�tricas;Tombamento;Com V�timas Feridas;Pleno dia;Crescente;Nublado;M�ltipla;Interse��o de Vias;Sim;2;0;0;2;0;0;2;1;-27,144717;-48,61063935;SPRF-SC;DEL04-SC;UOP03-DEL04-SC;;;
657262;13/01/2025;segunda-feira;19:00:00;BA;101;283,8;LAJE;Rea��o tardia ou ineficiente do condutor;Capotamento;Com V�timas Feridas;Plena Noite;Decrescente;C�u Claro;Simples;Curva;N�o;1;0;0;1;0;0;1;1;-13,137704;-39,294103;SPRF-BA;DEL01-BA;UOP02-DEL01-BA;;;
657263;25/01/2025;s�bado;14:10:00;PR;369;25,3;CAMBARA;Rea��o tardia ou ineficiente do condutor;Colis�o traseira;Com V�timas Feridas;Pleno dia;Decrescente;C�u Claro;Simples;Reta;N�o;2;0;0;1;1;0;1;2;-23,03487454;-50,14984131;SPRF-PR;DEL07-PR;UOP05-DEL07-PR;;;
657265;25/01/2025;s�bado;14:42:00;MA;230;398;BALSAS;Ingest�o de �lcool pelo condutor;Colis�o lateral sentido oposto;Com V�timas Feridas;Pleno dia;Crescente;C�u Claro;Simples;Curva;N�o;3;0;0;1;1;1;1;3;-7,47496903;-46,01938735;SPRF-MA;DEL05-MA;UOP01-DEL05-MA;;;
657266;25/01/2025;s�bado;16:20:00;SP;116;223;GUARULHOS;Condutor deixou de manter dist�ncia do ve�culo da frente;Colis�o traseira;Com V�timas Feridas;Pleno dia;Crescente;C�u Claro;M�ltipla;Reta;Sim;3;0;1;0;2;0;1;2;-23,47559815;-46,5246609;SPRF-SP;DEL01-SP;UOP01-DEL01-SP;;;
657268;25/01/2025;s�bado;16:00:00;PR;116;71,5;QUATRO BARRAS;Aus�ncia de rea��o do condutor;Colis�o com objeto;Com V�timas Feridas;Pleno dia;Crescente;Nublado;Dupla;"Interse��o de Vias;Curva";N�o;2;0;1;0;1;0;1;1;-25,34478233;-49,04386997;SPRF-PR;DEL01-PR;UOP02-DEL01-PR;;;
657270;25/01/2025;s�bado;15:00:00;RN;406;44,5;GUAMARE;Animais na Pista;Atropelamento de Animal;Sem V�timas;Pleno dia;Crescente;C�u Claro;Simples;Reta;N�o;1;0;0;0;1;0;0;1;-5,28919893;-36,27733597;SPRF-RN;DEL02-RN;UOP01-DEL02-RN;;;
657271;25/01/2025;s�bado;16:05:00;RS;470;267;SAO JOSE DO SUL;Rea��o tardia ou ineficiente do condutor;Sa�da de leito carro��vel;Com V�timas Feridas;Pleno dia;Crescente;Nublado;Simples;Curva;N�o;2;0;0;1;1;0;1;1;-29,5121557;-51,48685794;SPRF-RS;DEL06-RS;UOP01-DEL06-RS;;;
657272;25/01/2025;s�bado;15:30:00;SP;116;299;SAO LOURENCO DA SERRA;Objeto est�tico sobre o leito carro��vel;Queda de ocupante de ve�culo;Com V�timas Feridas;Pleno dia;Crescente;Sol;M�ltipla;Reta;Sim;2;0;1;0;1;0;1;1;-23,79881101;-46,91523899;SPRF-SP;DEL04-SP;UOP01-DEL04-SP;;;
657274;25/01/2025;s�bado;16:30:00;PA;230;117;MARABA;Animais na Pista;Atropelamento de Animal;Com V�timas Feridas;Pleno dia;Crescente;C�u Claro;Dupla;"Aclive;Reta";Sim;1;0;1;0;0;0;1;1;-5,35569904;-49,09047302;SPRF-PA;DEL03-PA;UOP01-DEL03-PA;;;
657276;25/01/2025;s�bado;16:40:00;RS;285;443,2;BOZANO;Transitar na contram�o;Colis�o transversal;Com V�timas Feridas;Pleno dia;Crescente;C�u Claro;Simples;Viaduto;Sim;5;0;1;0;4;0;1;2;-28,3639878;-53,76854897;SPRF-RS;DEL10-RS;UOP01-DEL10-RS;;;
657277;25/01/2025;s�bado;16:02:00;BA;324;513;FEIRA DE SANTANA;Acessar a via sem observar a presen�a dos outros ve�culos;Colis�o transversal;Com V�timas Feridas;Pleno dia;Decrescente;C�u Claro;Simples;Reta;Sim;2;0;1;0;1;0;1;2;-12,2325259;-38,95076573;SPRF-BA;DEL02-BA;UOP01-DEL02-BA;;;
657280;25/01/2025;s�bado;16:00:00;BA;324;513,3;FEIRA DE SANTANA;Ingest�o de �lcool pelo condutor;Colis�o transversal;Com V�timas Feridas;Pleno dia;Decrescente;C�u Claro;Simples;Reta;Sim;2;0;2;0;0;0;2;2;-12,23149473;-38,95730016;SPRF-BA;DEL02-BA;UOP01-DEL02-BA;;;
657281;25/01/2025;s�bado;15:00:00;SP;116;472;JACUPIRANGA;Avarias e/ou desgaste excessivo no pneu;Queda de ocupante de ve�culo;Com V�timas Feridas;Pleno dia;Crescente;C�u Claro;Dupla;Reta;N�o;2;0;1;0;1;0;1;1;-24,6649709;-47,9738381;SPRF-SP;DEL05-SP;UOP01-DEL05-SP;;;
657282;25/01/2025;s�bado;17:15:00;MG;381;792;SAO GONCALO DO SAPUCAI;Aus�ncia de rea��o do condutor;Sa�da de leito carro��vel;Com V�timas Feridas;Pleno dia;Decrescente;Chuva;Dupla;Curva;N�o;1;0;1;0;0;0;1;1;-21,91931581;-45,59934602;SPRF-MG;DEL16-MG;UOP02-DEL16-MG;;;
657283;25/01/2025;s�bado;17:52:00;MG;116;632,6;DIVINO;Condutor Dormindo;Sa�da de leito carro��vel;Com V�timas Fatais;Anoitecer;Crescente;C�u Claro;Simples;Curva;N�o;5;2;3;0;0;0;3;1;-20,60151499;-42,20862002;SPRF-MG;DEL07-MG;UOP02-DEL07-MG;;;
657284;25/01/2025;s�bado;18:00:00;SP;381;73,8;SAO PAULO;Demais falhas mec�nicas ou el�tricas;Inc�ndio;Sem V�timas;Pleno dia;Crescente;C�u Claro;Dupla;Reta;N�o;1;0;0;0;1;0;0;1;-23,36553404;-46,55253934;SPRF-SP;DEL03-SP;UOP01-DEL03-SP;;;
657286;25/01/2025;s�bado;13:00:00;MT;364;325;SANTO ANTONIO DO LEVERGER;Rea��o tardia ou ineficiente do condutor;Queda de ocupante de ve�culo;Com V�timas Feridas;Pleno dia;Decrescente;C�u Claro;Dupla;Reta;N�o;1;0;1;0;0;0;1;1;-15,8126764;-55,3680389;SPRF-MT;DEL05-MT;UOP02-DEL05-MT;;;
657287;25/01/2025;s�bado;18:48:00;RJ;116;186;NOVA IGUACU;Aus�ncia de rea��o do condutor;Colis�o traseira;Com V�timas Feridas;Anoitecer;Decrescente;C�u Claro;Dupla;Reta;Sim;2;0;0;1;1;0;1;2;-22,73962339;-43,46276495;SPRF-RJ;DEL06-RJ;UOP01-DEL06-RJ;;;
657288;25/01/2025;s�bado;17:30:00;RJ;101;418;MANGARATIBA;Rea��o tardia ou ineficiente do condutor;Colis�o transversal;Com V�timas Feridas;Pleno dia;Decrescente;Chuva;Simples;T�nel;Sim;5;0;0;2;3;0;2;4;-22,9178274;-43,90471593;SPRF-RJ;DEL03-RJ;UOP02-DEL03-RJ;;;
657292;25/01/2025;s�bado;17:15:00;PI;343;338,6;TERESINA;Condutor deixou de manter dist�ncia do ve�culo da frente;Colis�o traseira;Com V�timas Feridas;Anoitecer;Crescente;Sol;Dupla;Reta;N�o;5;0;3;0;0;2;3;3;-5,065277;-42,728433;SPRF-PI;DEL01-PI;UOP01-DEL01-PI;;;
657293;25/01/2025;s�bado;16:41:00;MG;381;279;JAGUARACU;Condutor deixou de manter dist�ncia do ve�culo da frente;Colis�o lateral mesmo sentido;Com V�timas Feridas;Pleno dia;Decrescente;Sol;Simples;Curva;N�o;7;0;2;0;5;0;2;3;-19,6016332;-42,75481785;SPRF-MG;DEL03-MG;UOP02-DEL03-MG;;;
657294;25/01/2025;s�bado;19:00:00;MG;381;729,3;CARMO DA CACHOEIRA;Chuva;Colis�o com objeto;Com V�timas Feridas;Plena Noite;Crescente;Chuva;Dupla;Curva;N�o;1;0;1;0;0;0;1;1;-21,53065495;-45,23082007;SPRF-MG;DEL04-MG;UOP02-DEL04-MG;;;
657295;25/01/2025;s�bado;15:30:00;RS;285;411;PANAMBI;Acostamento em desn�vel;Sa�da de leito carro��vel;Com V�timas Feridas;Pleno dia;Decrescente;C�u Claro;Simples;"Declive;Reta";N�o;2;0;1;0;1;0;1;1;-28,356352;-53,460957;SPRF-RS;DEL10-RS;UOP02-DEL10-RS;;;
657296;25/01/2025;s�bado;18:00:00;MG;40;454;CAETANOPOLIS;Acessar a via sem observar a presen�a dos outros ve�culos;Atropelamento de Pedestre;Com V�timas Feridas;Amanhecer;Decrescente;C�u Claro;Dupla;Reta;N�o;2;0;1;0;0;1;1;2;-19,34996189;-44,35227779;SPRF-MG;DEL02-MG;UOP01-DEL02-MG;;;
657298;25/01/2025;s�bado;18:25:00;RS;158;191,8;CRUZ ALTA;Velocidade Incompat�vel;Sa�da de leito carro��vel;Com V�timas Feridas;Pleno dia;Crescente;C�u Claro;Simples;Curva;N�o;1;0;0;1;0;0;1;1;-28,62212411;-53,57010841;SPRF-RS;DEL10-RS;UOP02-DEL10-RS;;;
657303;25/01/2025;s�bado;18:20:00;MG;116;406,7;GOVERNADOR VALADARES;Aus�ncia de rea��o do condutor;Colis�o traseira;Com V�timas Feridas;Anoitecer;Crescente;C�u Claro;Simples;Reta;Sim;2;0;1;0;1;0;1;2;-18,82669347;-41,98753335;SPRF-MG;DEL06-MG;UOP01-DEL06-MG;;;
657305;25/01/2025;s�bado;18:20:00;RJ;40;53,5;PETROPOLIS;Velocidade Incompat�vel;Colis�o com objeto;Com V�timas Feridas;Anoitecer;Decrescente;C�u Claro;Dupla;"Aclive;Curva";N�o;4;0;1;0;3;0;1;2;-22,34399896;-43,13243691;SPRF-RJ;DEL05-RJ;UOP02-DEL05-RJ;;;
657306;25/01/2025;s�bado;18:30:00;PI;407;425;PICOS;Rea��o tardia ou ineficiente do condutor;Colis�o transversal;Com V�timas Feridas;Plena Noite;Crescente;Nublado;Simples;Reta;N�o;2;0;0;1;0;1;1;2;-7,094478;-41,423126;SPRF-PI;DEL04-PI;UOP01-DEL04-PI;;;
657307;25/01/2025;s�bado;17:25:00;SP;101;50;UBATUBA;Acessar a via sem observar a presen�a dos outros ve�culos;Colis�o transversal;Com V�timas Feridas;Pleno dia;Decrescente;C�u Claro;Simples;Reta;Sim;3;0;1;0;2;0;1;2;-23,45018939;-45,07743735;SPRF-SP;DEL06-SP;UOP01-DEL06-SP;;;
657308;25/01/2025;s�bado;16:50:00;PR;376;495,5;PONTA GROSSA;Avarias e/ou desgaste excessivo no pneu;Sa�da de leito carro��vel;Com V�timas Feridas;Pleno dia;Crescente;Chuva;Dupla;Curva;Sim;2;0;2;0;0;0;2;1;-25,13827;-50,162922;SPRF-PR;DEL03-PR;UOP04-DEL03-PR;;;
657310;25/01/2025;s�bado;17:45:00;MT;70;277;PRIMAVERA DO LESTE;Frear bruscamente;Colis�o traseira;Com V�timas Feridas;Anoitecer;Crescente;C�u Claro;Simples;Reta;N�o;7;0;2;0;4;1;2;3;-15,55572064;-54,27085588;SPRF-MT;DEL05-MT;UOP01-DEL05-MT;;;
657311;25/01/2025;s�bado;20:15:00;PE;232;254,5;ARCOVERDE;Aus�ncia de rea��o do condutor;Colis�o traseira;Sem V�timas;Plena Noite;Crescente;Vento;Simples;Reta;Sim;4;0;0;0;4;0;0;2;-8,41875994;-37,07859892;SPRF-PE;DEL04-PE;UOP02-DEL04-PE;;;
657312;25/01/2025;s�bado;19:00:00;PE;232;212,5;PESQUEIRA;Manobra de mudan�a de faixa;Colis�o frontal;Com V�timas Fatais;Plena Noite;Crescente;Chuva;Simples;Reta;N�o;2;1;0;0;0;1;0;2;-8,37328104;-36,71376998;SPRF-PE;DEL03-PE;UOP02-DEL03-PE;;;
657314;25/01/2025;s�bado;19:40:00;RO;364;235,7;CACOAL;Acessar a via sem observar a presen�a dos outros ve�culos;Colis�o transversal;Com V�timas Feridas;Plena Noite;Crescente;Nublado;Simples;Reta;Sim;3;0;1;0;2;0;1;2;-11,445753;-61,437405;SPRF-RO;DEL02-RO;UOP02-DEL02-RO;;;
657315;25/01/2025;s�bado;17:15:00;SC;280;102,2;SAO BENTO DO SUL;Rea��o tardia ou ineficiente do condutor;Sa�da de leito carro��vel;Com V�timas Feridas;Pleno dia;Decrescente;Nublado;Simples;"Curva;Declive";N�o;1;0;1;0;0;0;1;1;-26,36381888;-49,34016753;SPRF-SC;DEL06-SC;UOP03-DEL06-SC;;;