id;data_inversa;dia_semana;horario;uf;br;km;municipio;causa_acidente;tipo_acidente;classificacao_acidente;fase_dia;sentido_via;condicao_metereologica;tipo_pista;tracado_via;uso_solo;pessoas;mortos;feridos_leves;feridos_graves;ilesos;ignorados;feridos;veiculos;latitude;longitude;regional;delegacia;uop;;;
657316;25/01/2025;s�bado;18:15:00;SC;280;237,5;CANOINHAS;Rea��o tardia ou ineficiente do condutor;Sa�da de leito carro��vel;Com V�timas Feridas;Plena Noite;Decrescente;Nublado;Simples;"Curva;Declive";N�o;4;0;3;0;1;0;3;1;-26,19844599;-50,43216601;SPRF-SC;DEL06-SC;UOP04-DEL06-SC;;;
657317;25/01/2025;s�bado;20:00:00;ES;101;258;SERRA;Manobra de mudan�a de faixa;Colis�o lateral mesmo sentido;Com V�timas Feridas;Plena Noite;Decrescente;C�u Claro;Dupla;"Reta;Declive";Sim;2;0;1;0;1;0;1;2;-20,13059888;-40,2961019;SPRF-ES;DEL02-ES;UOP01-DEL02-ES;;;
657318;25/01/2025;s�bado;17:30:00;AC;317;240;XAPURI;Ingest�o de �lcool pelo condutor;Sa�da de leito carro��vel;Com V�timas Feridas;Pleno dia;Crescente;C�u Claro;Simples;Reta;N�o;1;0;0;1;0;0;1;1;-10,74730662;-68,43418121;SPRF-AC;DEL01-AC;UOP02-DEL01-AC;;;
657319;25/01/2025;s�bado;18:50:00;BA;110;161;RIBEIRA DO POMBAL;Ingest�o de �lcool pelo condutor;Atropelamento de Pedestre;Com V�timas Feridas;Plena Noite;Crescente;C�u Claro;Simples;Reta;N�o;2;0;1;0;1;0;1;2;-10,76468984;-38,51131045;SPRF-BA;DEL07-BA;UOP02-DEL07-BA;;;
657320;25/01/2025;s�bado;16:40:00;PI;135;131;BERTOLINIA;Aus�ncia de rea��o do condutor;Tombamento;Com V�timas Feridas;Pleno dia;Decrescente;C�u Claro;Simples;Curva;N�o;1;0;0;1;0;0;1;1;-7,68281273;-43,92158582;SPRF-PI;DEL03-PI;UOP01-DEL03-PI;;;
657321;25/01/2025;s�bado;18:40:00;ES;259;62,9;COLATINA;Entrada inopinada do pedestre;Atropelamento de Pedestre;Com V�timas Feridas;Plena Noite;Crescente;C�u Claro;Simples;Reta;Sim;2;0;1;0;1;0;1;2;-19,53124185;-40,68990791;SPRF-ES;DEL02-ES;UOP01-DEL02-ES;;;
657322;25/01/2025;s�bado;17:50:00;PA;10;354;SANTA MARIA DO PARA;Acessar a via sem observar a presen�a dos outros ve�culos;Colis�o transversal;Com V�timas Feridas;Pleno dia;Decrescente;C�u Claro;Simples;Reta;Sim;2;0;1;0;1;0;1;2;-1,34759789;-47,57735696;SPRF-PA;DEL01-PA;UOP02-DEL01-PA;;;
657323;25/01/2025;s�bado;20:25:00;RJ;393;285,8;VOLTA REDONDA;Acessar a via sem observar a presen�a dos outros ve�culos;Colis�o transversal;Com V�timas Feridas;Plena Noite;Decrescente;Nublado;Dupla;Reta;N�o;4;0;2;0;2;0;2;2;-22,481726;-44,06308602;SPRF-RJ;DEL05-RJ;UOP04-DEL05-RJ;;;
657324;25/01/2025;s�bado;21:26:00;GO;70;6;AGUAS LINDAS DE GOIAS;Restri��o de visibilidade em curvas horizontais;Colis�o lateral mesmo sentido;Com V�timas Fatais;Plena Noite;Decrescente;C�u Claro;M�ltipla;Curva;N�o;2;1;0;0;1;0;0;2;-15,743542;-48,268245;SPRF-DF;DEL03-DF;UOP02-DEL03-DF;;;
657325;25/01/2025;s�bado;20:50:00;GO;153;510;APARECIDA DE GOIANIA;Ingest�o de �lcool pelo condutor;Colis�o com objeto;Sem V�timas;Plena Noite;Decrescente;Nublado;M�ltipla;Reta;Sim;2;0;0;0;2;0;0;1;-16,7977;-49,2386;SPRF-GO;DEL01-GO;UOP03-DEL01-GO;;;
657326;25/01/2025;s�bado;19:30:00;BA;367;28,9;PORTO SEGURO;Acessar a via sem observar a presen�a dos outros ve�culos;Colis�o transversal;Sem V�timas;Plena Noite;Decrescente;C�u Claro;Simples;Curva;N�o;5;0;0;0;5;0;0;2;-16,41760283;-39,10888793;SPRF-BA;DEL09-BA;UOP03-DEL09-BA;;;
657327;25/01/2025;s�bado;17:20:00;SC;280;110,1;SAO BENTO DO SUL;Aus�ncia de rea��o do condutor;Sa�da de leito carro��vel;Sem V�timas;Pleno dia;Crescente;C�u Claro;Simples;Curva;N�o;1;0;0;0;0;1;0;1;-26,32140672;-49,38932175;SPRF-SC;DEL06-SC;UOP03-DEL06-SC;;;
657328;25/01/2025;s�bado;21:00:00;PR;116;17;CAMPINA GRANDE DO SUL;Ingest�o de �lcool pelo condutor;Sa�da de leito carro��vel;Com V�timas Feridas;Plena Noite;Decrescente;Chuva;Simples;Curva;N�o;2;0;1;0;1;0;1;1;-25,10305915;-48,70103892;SPRF-PR;DEL01-PR;UOP02-DEL01-PR;;;
657329;25/01/2025;s�bado;20:00:00;PE;423;43;CACHOEIRINHA;Defici�ncia do Sistema de Ilumina��o/Sinaliza��o;Colis�o frontal;Com V�timas Fatais;Plena Noite;Decrescente;C�u Claro;Simples;Reta;N�o;3;1;0;0;2;0;0;2;-8,51683426;-36,25551854;SPRF-PE;DEL03-PE;UOP01-DEL03-PE;;;
657330;25/01/2025;s�bado;21:30:00;MG;381;831,9;SAO SEBASTIAO DA BELA VISTA;Aus�ncia de rea��o do condutor;Sa�da de leito carro��vel;Sem V�timas;Pleno dia;Decrescente;C�u Claro;Dupla;Reta;N�o;2;0;0;0;2;0;0;1;-22,15138412;-45,82353661;SPRF-MG;DEL16-MG;UOP01-DEL16-MG;;;
657331;25/01/2025;s�bado;20:00:00;SC;101;138;BALNEARIO CAMBORIU;Rea��o tardia ou ineficiente do condutor;Colis�o traseira;Com V�timas Feridas;Plena Noite;Decrescente;Chuva;Dupla;Curva;Sim;3;0;1;0;2;0;1;2;-27,02397426;-48,60761649;SPRF-SC;DEL04-SC;UOP03-DEL04-SC;;;
657332;25/01/2025;s�bado;20:30:00;MG;381;490;BETIM;Manobra de mudan�a de faixa;Colis�o com objeto;Com V�timas Feridas;Plena Noite;Crescente;C�u Claro;M�ltipla;"Aclive;Reta";Sim;4;0;1;0;3;0;1;2;-19,96502819;-44,17422195;SPRF-MG;DEL01-MG;UOP03-DEL01-MG;;;
657333;25/01/2025;s�bado;19:50:00;PI;343;329;TERESINA;Convers�o proibida;Colis�o transversal;Com V�timas Feridas;Plena Noite;Crescente;Nublado;Simples;Reta;N�o;2;0;0;1;1;0;1;2;-5,064808;-42,641769;SPRF-PI;DEL01-PI;UOP01-DEL01-PI;;;
657334;25/01/2025;s�bado;21:24:00;SP;116;388;MIRACATU;Acumulo de �gua sobre o pavimento;Sa�da de leito carro��vel;Sem V�timas;Plena Noite;Decrescente;Chuva;Dupla;Reta;Sim;1;0;0;0;1;0;0;1;-24,26919492;-47,39740603;SPRF-SP;DEL04-SP;UOP02-DEL04-SP;;;
657335;25/01/2025;s�bado;20:00:00;MA;316;577,8;CAXIAS;Rea��o tardia ou ineficiente do condutor;Colis�o traseira;Com V�timas Fatais;Plena Noite;Decrescente;Nublado;Simples;"Aclive;Reta";Sim;3;2;0;0;1;0;0;2;-4,947546;-43,143326;SPRF-MA;DEL03-MA;UOP02-DEL03-MA;;;
657336;25/01/2025;s�bado;20:30:00;SC;101;416,6;ARARANGUA;Ilumina��o deficiente;Colis�o traseira;Com V�timas Feridas;Plena Noite;Crescente;Nublado;Simples;Reta;Sim;3;0;1;0;2;0;1;3;-28,980626;-49,53679562;SPRF-SC;DEL02-SC;UOP02-DEL02-SC;;;
657338;25/01/2025;s�bado;21:50:00;MG;459;32;CALDAS;Ingest�o de �lcool pelo condutor;Colis�o com objeto;Com V�timas Feridas;Plena Noite;Crescente;Nublado;Simples;"Curva;Interse��o de Vias";N�o;1;0;1;0;0;0;1;1;-21,92767944;-46,36470795;SPRF-MG;DEL09-MG;UOP01-DEL09-MG;;;
657340;25/01/2025;s�bado;20:45:00;BA;324;513,8;FEIRA DE SANTANA;Velocidade Incompat�vel;Colis�o traseira;Com V�timas Feridas;Plena Noite;Crescente;C�u Claro;Simples;Reta;Sim;5;0;1;0;2;2;1;4;-12,23220747;-38,95301825;SPRF-BA;DEL02-BA;UOP01-DEL02-BA;;;
657341;25/01/2025;s�bado;20:00:00;PR;376;139,2;NOVA ESPERANCA;Convers�o proibida;Sa�da de leito carro��vel;Sem V�timas;Plena Noite;Crescente;C�u Claro;Dupla;Retorno Regulamentado;N�o;1;0;0;0;1;0;0;1;-23,16684663;-52,25159883;SPRF-PR;DEL09-PR;UOP02-DEL09-PR;;;
657342;25/01/2025;s�bado;21:15:00;PR;373;395;CANDOI;Rea��o tardia ou ineficiente do condutor;Colis�o traseira;Com V�timas Feridas;Plena Noite;Crescente;C�u Claro;Simples;Reta;N�o;2;0;1;0;1;0;1;2;-25,54187475;-52,01243164;SPRF-PR;DEL08-PR;UOP01-DEL08-PR;;;
657343;25/01/2025;s�bado;21:20:00;RS;470;11,4;BARRACAO;Acessar a via sem observar a presen�a dos outros ve�culos;Colis�o transversal;Com V�timas Feridas;Plena Noite;Crescente;Nublado;Simples;"Interse��o de Vias;Rotat�ria;Reta";N�o;3;0;2;1;0;0;3;2;-27,675197;-51,454799;SPRF-RS;DEL08-RS;UOP05-DEL08-RS;;;
657344;25/01/2025;s�bado;22:00:00;BA;116;15,6;VITORIA DA CONQUISTA;Acessar a via sem observar a presen�a dos outros ve�culos;Colis�o transversal;Sem V�timas;Plena Noite;Decrescente;Nublado;Simples;Reta;N�o;2;0;0;0;2;0;0;2;-14,900341;-40,853484;SPRF-PE;DEL05-PE;UOP03-DEL05-PE;;;
657345;25/01/2025;s�bado;15:50:00;PR;277;187;PALMEIRA;Aus�ncia de rea��o do condutor;Sa�da de leito carro��vel;Com V�timas Feridas;Pleno dia;Decrescente;Chuva;Simples;Curva;N�o;4;0;3;0;1;0;3;1;-25,4207591;-50,083596;SPRF-PR;DEL08-PR;UOP02-DEL08-PR;;;
657346;25/01/2025;s�bado;19:29:00;RJ;493;86;JAPERI;Rea��o tardia ou ineficiente do condutor;Sa�da de leito carro��vel;Sem V�timas;Plena Noite;Crescente;C�u Claro;Dupla;Reta;N�o;1;0;0;0;1;0;0;1;-22,661891;-43,623853;SPRF-RJ;DEL01-RJ;UOP03-DEL01-RJ;;;
657348;25/01/2025;s�bado;21:30:00;MG;365;606;UBERLANDIA;Rea��o tardia ou ineficiente do condutor;Sa�da de leito carro��vel;Com V�timas Feridas;Plena Noite;Decrescente;C�u Claro;Simples;Reta;N�o;1;0;1;0;0;0;1;1;-18,91688593;-48,17707923;SPRF-MG;DEL15-MG;UOP01-DEL15-MG;;;
657350;25/01/2025;s�bado;21:40:00;RS;285;161,8;MUITOS CAPOES;Rea��o tardia ou ineficiente do condutor;Sa�da de leito carro��vel;Com V�timas Feridas;Plena Noite;Crescente;Chuva;Simples;"Curva;Declive";N�o;1;0;1;0;0;0;1;1;-28,32184;-51,237194;SPRF-RS;DEL05-RS;UOP03-DEL05-RS;;;
657351;25/01/2025;s�bado;22:45:00;PR;376;4,8;MANDAGUARI;Desrespeitar a prefer�ncia no cruzamento;Colis�o transversal;Com V�timas Feridas;Plena Noite;Crescente;C�u Claro;Simples;"Interse��o de Vias;Reta";Sim;2;0;2;0;0;0;2;2;-23,52382502;-51,67827666;SPRF-PR;DEL09-PR;UOP01-DEL09-PR;;;
657352;25/01/2025;s�bado;22:45:00;MG;40;573;ITABIRITO;Velocidade Incompat�vel;Colis�o com objeto;Sem V�timas;Plena Noite;Crescente;C�u Claro;Dupla;Retorno Regulamentado;N�o;2;0;0;0;2;0;0;1;-20,23925113;-43,9663564;SPRF-MG;DEL01-MG;UOP02-DEL01-MG;;;
657353;25/01/2025;s�bado;22:35:00;RJ;40;120;DUQUE DE CAXIAS;Ingest�o de �lcool pelo condutor;Colis�o traseira;Sem V�timas;Plena Noite;Crescente;Ignorado;M�ltipla;Reta;Sim;3;0;0;0;3;0;0;2;-22,77280597;-43,28626763;SPRF-RJ;DEL01-RJ;UOP02-DEL01-RJ;;;
657354;25/01/2025;s�bado;22:50:00;ES;101;64,3;SAO MATEUS;Animais na Pista;Atropelamento de Animal;Com V�timas Feridas;Plena Noite;Decrescente;C�u Claro;Simples;Curva;N�o;2;0;2;0;0;0;2;1;-18,70428583;-39,87065983;SPRF-ES;DEL04-ES;UOP02-DEL04-ES;;;
657355;25/01/2025;s�bado;22:40:00;ES;262;58,8;MARECHAL FLORIANO;Convers�o proibida;Eventos at�picos;Com V�timas Feridas;Plena Noite;Decrescente;Nublado;Simples;Reta;N�o;2;0;2;0;0;0;2;2;-20,42076276;-40,76927908;SPRF-ES;DEL01-ES;UOP01-DEL01-ES;;;
657356;25/01/2025;s�bado;20:00:00;RJ;356;78;ITALVA;Rea��o tardia ou ineficiente do condutor;Queda de ocupante de ve�culo;Com V�timas Feridas;Plena Noite;Crescente;C�u Claro;Simples;Reta;Sim;1;0;1;0;0;0;1;1;-21,43975905;-41,67832968;SPRF-RJ;DEL08-RJ;UOP03-DEL08-RJ;;;
657357;25/01/2025;s�bado;22:00:00;PE;428;173,6;PETROLINA;Rea��o tardia ou ineficiente do condutor;Colis�o traseira;Com V�timas Fatais;Plena Noite;Decrescente;C�u Claro;Simples;Reta;N�o;3;2;0;0;0;1;0;2;-9,259369;-40,428972;SPRF-PE;DEL06-PE;UOP01-DEL06-PE;;;
657359;25/01/2025;s�bado;14:30:00;MT;174;328;PONTES E LACERDA;Objeto est�tico sobre o leito carro��vel;Sa�da de leito carro��vel;Com V�timas Feridas;Pleno dia;Crescente;Chuva;Simples;"Aclive;Reta";N�o;1;0;1;0;0;0;1;1;-14,897952;-59,29475;SPRF-MT;DEL04-MT;UOP01-DEL04-MT;;;
657361;25/01/2025;s�bado;21:20:00;SP;116;407;JUQUIA;Aus�ncia de rea��o do condutor;Queda de ocupante de ve�culo;Com V�timas Feridas;Plena Noite;Decrescente;Chuva;Dupla;Reta;N�o;1;0;1;0;0;0;1;1;-24,32689195;-47,56569901;SPRF-SP;DEL05-SP;UOP01-DEL05-SP;;;
657364;25/01/2025;s�bado;23:10:00;PI;316;3,9;TERESINA;Velocidade Incompat�vel;Sa�da de leito carro��vel;Com V�timas Feridas;Plena Noite;Decrescente;Garoa/Chuvisco;M�ltipla;Reta;Sim;1;0;1;0;0;0;1;1;-5,139383;-42,785563;SPRF-PI;DEL01-PI;UOP02-DEL01-PI;;;
657365;25/01/2025;s�bado;12:30:00;RO;364;308,3;PRESIDENTE MEDICI;Desrespeitar a prefer�ncia no cruzamento;Colis�o transversal;Com V�timas Feridas;Pleno dia;Decrescente;Sol;M�ltipla;"Interse��o de Vias;Reta";Sim;2;0;0;1;1;0;1;2;-11,172427;-61,901573;SPRF-RO;DEL02-RO;UOP01-DEL02-RO;;;
657367;26/01/2025;domingo;00:30:00;SP;116;123;CACAPAVA;Rea��o tardia ou ineficiente do condutor;Colis�o com objeto;Com V�timas Feridas;Plena Noite;Decrescente;Nublado;Dupla;Reta;N�o;5;0;2;0;2;1;2;3;-23,08754228;-45,66969781;SPRF-SP;DEL02-SP;UOP02-DEL02-SP;;;
657369;26/01/2025;domingo;01:00:00;SC;101;156;PORTO BELO;Desrespeitar a prefer�ncia no cruzamento;Colis�o frontal;Com V�timas Feridas;Plena Noite;Decrescente;Nublado;Dupla;Interse��o de Vias;Sim;2;0;1;1;0;0;2;2;-27,172272;-48,61170204;SPRF-SC;DEL04-SC;UOP03-DEL04-SC;;;
657370;25/01/2025;s�bado;21:50:00;RJ;40;92;PETROPOLIS;Rea��o tardia ou ineficiente do condutor;Tombamento;Com V�timas Feridas;Plena Noite;Crescente;C�u Claro;Dupla;"Curva;Declive";Sim;1;0;1;0;0;0;1;1;-22,55191954;-43,25068815;SPRF-RJ;DEL01-RJ;UOP01-DEL01-RJ;;;
657371;25/01/2025;s�bado;21:40:00;MG;146;458,9;BOTELHOS;Ingest�o de �lcool pelo condutor;Colis�o transversal;Com V�timas Feridas;Plena Noite;Crescente;C�u Claro;Simples;"Reta;Declive;Interse��o de Vias";N�o;4;0;2;1;1;0;3;2;-21,632192;-46,407369;SPRF-MG;DEL09-MG;UOP01-DEL09-MG;;;
657372;25/01/2025;s�bado;23:00:00;SC;101;58,9;ARAQUARI;Condutor deixou de manter dist�ncia do ve�culo da frente;Colis�o traseira;Com V�timas Feridas;Plena Noite;Crescente;Nublado;Dupla;"Reta;Declive";N�o;3;0;3;0;0;0;3;2;-26,44456229;-48,79654884;SPRF-SC;DEL03-SC;UOP02-DEL03-SC;;;
657374;26/01/2025;domingo;00:35:00;PE;101;65;RECIFE;Aus�ncia de rea��o do condutor;Sa�da de leito carro��vel;Com V�timas Feridas;Plena Noite;Crescente;C�u Claro;Dupla;Reta;Sim;1;0;0;1;0;0;1;1;-8,02478597;-34,94276635;SPRF-PE;DEL01-PE;UOP01-DEL01-PE;;;
657375;26/01/2025;domingo;01:25:00;RJ;101;478;ANGRA DOS REIS;Rea��o tardia ou ineficiente do condutor;Colis�o com objeto;Com V�timas Feridas;Plena Noite;Crescente;Nublado;Simples;Curva;Sim;2;0;1;0;1;0;1;1;-23,00246527;-44,27270594;SPRF-RJ;DEL03-RJ;UOP03-DEL03-RJ;;;
657376;25/01/2025;s�bado;23:45:00;SP;116;52,9;LORENA;Pedestre andava na pista;Atropelamento de Pedestre;Com V�timas Feridas;Plena Noite;Crescente;C�u Claro;Dupla;Reta;N�o;3;0;0;1;1;1;1;2;-22,74708138;-45,09973038;SPRF-SP;DEL08-SP;UOP02-DEL08-SP;;;
657377;26/01/2025;domingo;01:05:00;SP;116;62;GUARATINGUETA;Transitar na contram�o;Colis�o transversal;Sem V�timas;Plena Noite;Decrescente;Nublado;Dupla;Reta;N�o;2;0;0;0;1;1;0;2;-22,80538606;-45,17236692;SPRF-SP;DEL08-SP;UOP01-DEL08-SP;;;
657378;25/01/2025;s�bado;22:30:00;MG;365;161;PIRAPORA;�rea urbana sem a presen�a de local apropriado para a travessia de pedestres;Atropelamento de Pedestre;Com V�timas Feridas;Plena Noite;Crescente;Nublado;Simples;Reta;Sim;2;0;0;1;1;0;1;2;-17,36446786;-44,92847403;SPRF-MG;DEL10-MG;UOP02-DEL010-MG;;;
657379;26/01/2025;domingo;01:30:00;GO;40;80;CRISTALINA;Condutor Dormindo;Sa�da de leito carro��vel;Com V�timas Feridas;Plena Noite;Crescente;C�u Claro;Dupla;Curva;N�o;1;0;1;0;0;0;1;1;-16,669464;-47,713391;SPRF-DF;DEL01-DF;UOP02-DEL01-DF;;;
657380;25/01/2025;s�bado;21:32:00;PA;163;139;ALTAMIRA;Rea��o tardia ou ineficiente do condutor;Atropelamento de Animal;Sem V�timas;Plena Noite;Crescente;Nublado;Simples;Aclive;N�o;1;0;0;0;1;0;0;1;-8,4668;-55,134;SPRF-MT;DEL06-MT;UOP03-DEL06-MT;;;
657383;26/01/2025;domingo;02:21:00;MT;70;3,9;BARRA DO GARCAS;Rea��o tardia ou ineficiente do condutor;Colis�o com objeto;Com V�timas Fatais;Plena Noite;Crescente;Nublado;Dupla;Rotat�ria;Sim;1;1;0;0;0;0;0;1;-15,88252843;-52,27574027;SPRF-MT;DEL07-MT;UOP01-DEL07-MT;;;
657384;26/01/2025;domingo;02:30:00;MA;135;23;SAO LUIS;Aus�ncia de rea��o do condutor;Colis�o traseira;Sem V�timas;Plena Noite;Crescente;C�u Claro;Dupla;Reta;Sim;2;0;0;0;2;0;0;2;-2,53073;-44,3068;SPRF-MA;DEL01-MA;UOP01-DEL01-MA;;;
657385;26/01/2025;domingo;04:00:00;MG;262;409;IGARATINGA;Aus�ncia de rea��o do condutor;Sa�da de leito carro��vel;Com V�timas Feridas;Plena Noite;Crescente;Ignorado;Dupla;"Curva;Declive";N�o;5;0;1;0;4;0;1;1;-19,8901412;-44,62313102;SPRF-MG;DEL08-MG;UOP03-DEL08-MG;;;
657386;26/01/2025;domingo;03:40:00;SC;101;11,9;GARUVA;Aus�ncia de rea��o do condutor;Colis�o traseira;Com V�timas Feridas;Pleno dia;Decrescente;Chuva;M�ltipla;Reta;N�o;1;0;1;0;0;0;1;1;-26,07202503;-48,86100853;SPRF-SC;DEL03-SC;UOP01-DEL03-SC;;;
657387;26/01/2025;domingo;04:41:00;GO;153;516;APARECIDA DE GOIANIA;Ingest�o de �lcool pelo condutor;Colis�o traseira;Sem V�timas;Plena Noite;Crescente;Nublado;Dupla;Reta;Sim;2;0;0;0;2;0;0;2;-16,8504;-49,2473;SPRF-GO;DEL01-GO;UOP03-DEL01-GO;;;
657388;26/01/2025;domingo;01:30:00;BA;407;102;JAGUARARI;Animais na Pista;Atropelamento de Animal;Com V�timas Fatais;Plena Noite;Crescente;C�u Claro;Simples;"Reta;Declive";N�o;3;1;1;1;0;0;2;1;-10,25144463;-40,19450109;SPRF-BA;DEL04-BA;UOP01-DEL04-BA;;;
657390;26/01/2025;domingo;04:55:00;SC;470;49;BLUMENAU;Aus�ncia de rea��o do condutor;Tombamento;Com V�timas Feridas;Amanhecer;Crescente;Sol;Dupla;Curva;Sim;2;0;1;1;0;0;2;1;-26,860662;-49,065159;SPRF-SC;DEL04-SC;UOP01-DEL04-SC;;;
657393;26/01/2025;domingo;04:40:00;RS;287;298;SAO PEDRO DO SUL;Ingest�o de �lcool pelo condutor;Sa�da de leito carro��vel;Sem V�timas;Amanhecer;Crescente;C�u Claro;Simples;Reta;N�o;2;0;0;0;2;0;0;1;-29,64548343;-54,37431605;SPRF-RS;DEL09-RS;UOP01-DEL09-RS;;;
657394;26/01/2025;domingo;05:50:00;PR;277;71;SAO JOSE DOS PINHAIS;Rea��o tardia ou ineficiente do condutor;Sa�da de leito carro��vel;Com V�timas Feridas;Amanhecer;Crescente;Nublado;Dupla;Reta;Sim;2;0;1;0;1;0;1;1;-25,50727759;-49,13789749;SPRF-PR;DEL01-PR;UOP07-DEL01-PR;;;
657395;26/01/2025;domingo;03:00:00;RJ;40;123;DUQUE DE CAXIAS;Demais falhas mec�nicas ou el�tricas;Inc�ndio;Sem V�timas;Plena Noite;Decrescente;C�u Claro;Dupla;Curva;Sim;1;0;0;0;0;1;0;1;-22,79907687;-43,29015739;SPRF-RJ;DEL01-RJ;UOP02-DEL01-RJ;;;
657396;26/01/2025;domingo;03:30:00;MG;381;821;CAREACU;Velocidade Incompat�vel;Colis�o com objeto;Com V�timas Feridas;Plena Noite;Crescente;Nevoeiro/Neblina;Dupla;"Interse��o de Vias;Reta";N�o;5;0;3;0;2;0;3;1;-22,11209226;-45,74742779;SPRF-MG;DEL16-MG;UOP02-DEL16-MG;;;
657398;26/01/2025;domingo;06:10:00;SC;101;205,9;SAO JOSE;Condutor deixou de manter dist�ncia do ve�culo da frente;Colis�o traseira;Com V�timas Feridas;Pleno dia;Crescente;C�u Claro;M�ltipla;Reta;Sim;2;0;1;0;1;0;1;2;-27,58313237;-48,61532885;SPRF-SC;DEL01-SC;UOP01-DEL01-SC;;;
657399;26/01/2025;domingo;02:15:00;RJ;101;415;MANGARATIBA;Animais na Pista;Atropelamento de Animal;Com V�timas Feridas;Plena Noite;Decrescente;C�u Claro;Dupla;Reta;N�o;2;0;2;0;0;0;2;1;-22,90433243;-43,88181398;SPRF-RJ;DEL03-RJ;UOP01-DEL03-RJ;;;
657402;26/01/2025;domingo;06:25:00;PB;230;42,1;SANTA RITA;Demais falhas mec�nicas ou el�tricas;Sa�da de leito carro��vel;Com V�timas Feridas;Pleno dia;Decrescente;C�u Claro;Dupla;Reta;N�o;2;0;1;1;0;0;2;1;-7,1426;-34,9956;SPRF-PB;DEL01-PB;UOP02-DEL01-PB;;;
657403;26/01/2025;domingo;02:30:00;GO;60;114;GOIANAPOLIS;Aus�ncia de rea��o do condutor;Sa�da de leito carro��vel;Com V�timas Feridas;Plena Noite;Crescente;Nublado;Dupla;Reta;Sim;1;0;1;0;0;0;1;1;-16,4633;-49,0636;SPRF-GO;DEL01-GO;UOP01-DEL01-GO;;;
657405;26/01/2025;domingo;06:40:00;SC;101;195,8;BIGUACU;Manobra de mudan�a de faixa;Colis�o lateral mesmo sentido;Com V�timas Feridas;Pleno dia;Crescente;Nublado;M�ltipla;"Interse��o de Vias;Reta";Sim;2;0;1;0;1;0;1;2;-27,5047092;-48,65010819;SPRF-SC;DEL01-SC;UOP01-DEL01-SC;;;
657406;26/01/2025;domingo;05:30:00;MT;364;449;VARZEA GRANDE;Aus�ncia de rea��o do condutor;Colis�o frontal;Com V�timas Feridas;Amanhecer;Crescente;C�u Claro;Simples;Reta;N�o;2;0;0;1;1;0;1;2;-15,59907434;-56,21805803;SPRF-MT;DEL01-MT;UOP02-DEL01-MT;;;
657407;26/01/2025;domingo;01:20:00;RS;471;172;RIO PARDO;Condutor Dormindo;Sa�da de leito carro��vel;Com V�timas Feridas;Plena Noite;Decrescente;C�u Claro;Simples;Curva;Sim;1;0;0;1;0;0;1;1;-30,005714;-52,367828;SPRF-RS;DEL02-RS;UOP03-DEL02-RS;;;
657408;26/01/2025;domingo;06:30:00;PB;230;12,5;CABEDELO;Animais na Pista;Atropelamento de Animal;Com V�timas Feridas;Pleno dia;Decrescente;C�u Claro;Dupla;Reta;Sim;2;0;2;0;0;0;2;1;-7,068;-34,85;SPRF-PB;DEL01-PB;UOP01-DEL01-PB;;;
657410;12/01/2025;domingo;07:00:00;PR;277;328;GUARAPUAVA;Transitar na contram�o;Colis�o lateral sentido oposto;Com V�timas Fatais;Pleno dia;Crescente;Nublado;Simples;Reta;N�o;7;1;5;0;1;0;5;3;-25,3658465;-51,344064;SPRF-PR;DEL08-PR;UOP01-DEL08-PR;;;
657411;26/01/2025;domingo;06:00:00;PA;10;262,5;AURORA DO PARA;Aus�ncia de rea��o do condutor;Colis�o traseira;Com V�timas Fatais;Amanhecer;Crescente;Ignorado;Simples;"Reta;Declive";Sim;4;1;0;2;0;1;2;2;-2,141316;-47,560802;SPRF-PA;DEL02-PA;UOP01-DEL02-PA;;;
657413;26/01/2025;domingo;07:00:00;RS;293;2,7;PELOTAS;Acesso irregular;Colis�o transversal;Com V�timas Feridas;Pleno dia;Crescente;C�u Claro;Simples;Reta;N�o;2;0;1;0;1;0;1;2;-31,750426;-52,35999499;SPRF-RS;DEL07-RS;UOP01-DEL07-RS;;;
657415;26/01/2025;domingo;06:00:00;RO;429;94,5;ALVORADA DOESTE;Aus�ncia de rea��o do condutor;Tombamento;Com V�timas Feridas;Amanhecer;Crescente;Ignorado;Dupla;Declive;Sim;1;0;0;1;0;0;1;1;-11,35984129;-62,2992267;SPRF-RO;DEL02-RO;UOP03-DEL02-RO;;;
657416;26/01/2025;domingo;08:35:00;SE;101;46;JAPARATUBA;Chuva;Sa�da de leito carro��vel;Com V�timas Feridas;Pleno dia;Crescente;Chuva;Dupla;"Retorno Regulamentado;Reta;Declive";N�o;2;0;2;0;0;0;2;1;-10,57096002;-36,96427168;SPRF-SE;DEL02-SE;UOP02-DEL02-SE;;;
657417;26/01/2025;domingo;08:40:00;MG;116;412;GOVERNADOR VALADARES;Acessar a via sem observar a presen�a dos outros ve�culos;Colis�o transversal;Com V�timas Feridas;Pleno dia;Crescente;C�u Claro;Simples;Reta;Sim;3;0;2;0;1;0;2;2;-18,87596871;-41,96438245;SPRF-MG;DEL06-MG;UOP01-DEL06-MG;;;
657418;26/01/2025;domingo;07:30:00;BA;324;553;AMELIA RODRIGUES;Demais falhas mec�nicas ou el�tricas;Sa�da de leito carro��vel;Com V�timas Feridas;Pleno dia;Crescente;C�u Claro;Dupla;Reta;N�o;5;0;1;0;4;0;1;1;-12,45504393;-38,70402395;SPRF-BA;DEL01-BA;UOP03-DEL01-BA;;;