id;data_inversa;dia_semana;horario;uf;br;km;municipio;causa_acidente;tipo_acidente;classificacao_acidente;fase_dia;sentido_via;condicao_metereologica;tipo_pista;tracado_via;uso_solo;pessoas;mortos;feridos_leves;feridos_graves;ilesos;ignorados;feridos;veiculos;latitude;longitude;regional;delegacia;uop;;;
657537;26/01/2025;domingo;19:15:00;MG;116;279;TEOFILO OTONI;Convers�o proibida;Colis�o transversal;Com V�timas Feridas;Plena Noite;Crescente;C�u Claro;Simples;Reta;Sim;3;0;1;0;2;0;1;2;-17,87634412;-41,52080762;SPRF-MG;DEL11-MG;UOP01-DEL11-MG;;;
657538;26/01/2025;domingo;17:40:00;SE;235;84;FREI PAULO;Acessar a via sem observar a presen�a dos outros ve�culos;Colis�o transversal;Com V�timas Feridas;Anoitecer;Crescente;Ignorado;Simples;"Aclive;Curva;Interse��o de Vias";Sim;3;0;2;0;0;1;2;2;-10,554296;-37,633732;SPRF-SE;DEL01-SE;UOP02-DEL01-SE;;;
657540;26/01/2025;domingo;17:50:00;RJ;40;4;COMENDADOR LEVY GASPARIAN;Chuva;Sa�da de leito carro��vel;Com V�timas Feridas;Plena Noite;Decrescente;Chuva;Dupla;Curva;N�o;1;0;1;0;0;0;1;1;-22,01337537;-43,23594846;SPRF-RJ;DEL05-RJ;UOP02-DEL05-RJ;;;
657541;26/01/2025;domingo;18:30:00;RJ;40;4;COMENDADOR LEVY GASPARIAN;Chuva;Colis�o traseira;Com V�timas Feridas;Plena Noite;Decrescente;Chuva;Dupla;"Curva;Declive";N�o;3;0;2;0;1;0;2;2;-22,01279315;-43,25743147;SPRF-RJ;DEL05-RJ;UOP02-DEL05-RJ;;;
657542;26/01/2025;domingo;19:00:00;BA;110;306;INHAMBUPE;Frear bruscamente;Colis�o traseira;Com V�timas Fatais;Plena Noite;Crescente;C�u Claro;Simples;Reta;N�o;3;1;1;1;0;0;2;2;-11,95971896;-38,3725292;SPRF-BA;DEL01-BA;UOP04-DEL01-BA;;;
657543;26/01/2025;domingo;19:30:00;PR;116;96;SAO JOSE DOS PINHAIS;Chuva;Tombamento;Com V�timas Feridas;Anoitecer;Crescente;Chuva;Dupla;Reta;N�o;2;0;1;0;1;0;1;1;-25,53864856;-49,15024999;SPRF-PR;DEL01-PR;UOP07-DEL01-PR;;;
657544;26/01/2025;domingo;18:50:00;RS;116;298;GUAIBA;Transitar no Acostamento;Colis�o traseira;Com V�timas Fatais;Anoitecer;Crescente;C�u Claro;Dupla;Reta;Sim;5;1;0;1;0;3;1;3;-30,10644302;-51,34381389;SPRF-RS;DEL02-RS;UOP01-DEL02-RS;;;
657546;26/01/2025;domingo;19:20:00;RO;364;198;PIMENTA BUENO;Acessar a via sem observar a presen�a dos outros ve�culos;Colis�o lateral mesmo sentido;Com V�timas Feridas;Plena Noite;Crescente;Nublado;Simples;Reta;Sim;2;0;1;0;1;0;1;2;-11,67104;-61,191322;SPRF-RO;DEL02-RO;UOP02-DEL02-RO;;;
657547;26/01/2025;domingo;11:05:00;PA;230;726,3;MEDICILANDIA;Pista esburacada;Sa�da de leito carro��vel;Com V�timas Feridas;Pleno dia;Crescente;C�u Claro;Simples;Reta;N�o;4;0;4;0;0;0;4;1;-3,35708059;-52,76922703;SPRF-PA;DEL04-PA;UOP01-DEL04-PA;;;
657548;26/01/2025;domingo;20:15:00;RS;392;101;MORRO REDONDO;Condutor deixou de manter dist�ncia do ve�culo da frente;Colis�o lateral mesmo sentido;Com V�timas Feridas;Plena Noite;Crescente;C�u Claro;Simples;"Reta;Declive";N�o;2;0;1;0;0;1;1;2;-31,53006815;-52,58461814;SPRF-RS;DEL07-RS;UOP01-DEL07-RS;;;
657549;26/01/2025;domingo;20:00:00;GO;70;9;AGUAS LINDAS DE GOIAS;Ingest�o de �lcool pelo condutor;Colis�o traseira;Com V�timas Feridas;Plena Noite;Decrescente;Nublado;Dupla;Reta;Sim;4;0;3;0;1;0;3;2;-15,73576731;-48,28288046;SPRF-DF;DEL03-DF;UOP02-DEL03-DF;;;
657551;26/01/2025;domingo;20:00:00;AL;316;234;ATALAIA;Convers�o proibida;Colis�o frontal;Com V�timas Feridas;Plena Noite;Crescente;C�u Claro;Simples;Reta;Sim;3;0;1;0;2;0;1;2;-9,495433;-36,082429;SPRF-AL;DEL01-AL;UOP01-DEL01-AL;;;
657552;26/01/2025;domingo;16:30:00;MG;365;505,8;PATROCINIO;Pista Escorregadia;Capotamento;Com V�timas Feridas;Pleno dia;Decrescente;Chuva;Simples;Reta;N�o;4;0;4;0;0;0;4;1;-18,95015062;-47,2727949;SPRF-MG;DEL10-MG;UOP01-DEL10-MG;;;
657553;26/01/2025;domingo;20:30:00;MG;40;621;CONSELHEIRO LAFAIETE;Condutor deixou de manter dist�ncia do ve�culo da frente;Colis�o traseira;Com V�timas Feridas;Plena Noite;Crescente;Chuva;Simples;"Reta;Declive";Sim;5;0;1;0;4;0;1;2;-20,58556107;-43,80743334;SPRF-MG;DEL05-MG;UOP02-DEL05-MG;;;
657554;26/01/2025;domingo;19:30:00;BA;101;875,2;TEIXEIRA DE FREITAS;Ingest�o de �lcool pelo condutor;Colis�o traseira;Com V�timas Feridas;Plena Noite;Decrescente;C�u Claro;Simples;Reta;Sim;2;0;0;1;0;1;1;2;-17,529243;-39,70969;SPRF-BA;DEL09-BA;UOP02-DEL09-BA;;;
657555;26/01/2025;domingo;20:15:00;RS;290;176,9;BUTIA;Acessar a via sem observar a presen�a dos outros ve�culos;Colis�o transversal;Com V�timas Feridas;Plena Noite;Crescente;C�u Claro;Simples;Reta;Sim;3;0;1;0;1;1;1;3;-30,131086;-51,972031;SPRF-RS;DEL02-RS;UOP03-DEL02-RS;;;
657556;26/01/2025;domingo;19:50:00;SC;282;513,6;XAXIM;Acessar a via sem observar a presen�a dos outros ve�culos;Colis�o transversal;Com V�timas Fatais;Plena Noite;Crescente;Nublado;Simples;Reta;N�o;7;1;0;0;5;1;0;3;-26,91529409;-52,48435557;SPRF-SC;DEL07-SC;UOP01-DEL07-SC;;;
657559;26/01/2025;domingo;17:00:00;CE;222;298;TIANGUA;Ingest�o de �lcool pelo condutor;Tombamento;Com V�timas Feridas;Pleno dia;Crescente;Chuva;Simples;Curva;N�o;1;0;1;0;0;0;1;1;-3,65334406;-40,9299664;SPRF-CE;DEL04-CE;UOP02-DEL04-CE;;;
657560;26/01/2025;domingo;20:55:00;SC;101;226,9;PALHOCA;Trafegar com motocicleta (ou similar) entre as faixas;Colis�o traseira;Com V�timas Feridas;Plena Noite;Decrescente;Nublado;Dupla;Reta;N�o;3;0;0;1;1;1;1;3;-27,74200001;-48,63806504;SPRF-SC;DEL01-SC;UOP02-DEL01-SC;;;
657561;26/01/2025;domingo;21:15:00;ES;101;331,9;GUARAPARI;Transitar no Acostamento;Atropelamento de Pedestre;Com V�timas Fatais;Plena Noite;Crescente;Nublado;Dupla;Reta;N�o;2;1;0;0;0;1;0;2;-20,60149301;-40,50248706;SPRF-ES;DEL03-ES;UOP01-DEL03-ES;;;
657562;26/01/2025;domingo;20:30:00;PR;376;155,8;MANDAGUACU;Pedestre cruzava a pista fora da faixa;Atropelamento de Pedestre;Com V�timas Fatais;Plena Noite;Decrescente;C�u Claro;M�ltipla;Reta;Sim;2;1;0;0;1;0;0;2;-23,3431911;-52,09041624;SPRF-PR;DEL09-PR;UOP02-DEL09-PR;;;
657563;26/01/2025;domingo;21:05:00;RJ;101;327;RIO DE JANEIRO;Aus�ncia de rea��o do condutor;Colis�o traseira;Com V�timas Feridas;Plena Noite;Decrescente;Nublado;Dupla;"Aclive;Reta";N�o;2;0;1;1;0;0;2;2;-22,87117393;-43,15595099;SPRF-RJ;DEL02-RJ;UOP01-DEL02-RJ;;;
657564;26/01/2025;domingo;19:30:00;PR;277;265;IRATI;Aus�ncia de rea��o do condutor;Sa�da de leito carro��vel;Com V�timas Feridas;Anoitecer;Crescente;C�u Claro;Simples;Curva;N�o;1;0;1;0;0;0;1;1;-25,40796469;-50,78574703;SPRF-PR;DEL08-PR;UOP02-DEL08-PR;;;
657565;26/01/2025;domingo;21:30:00;ES;101;32;CONCEICAO DA BARRA;Acessar a via sem observar a presen�a dos outros ve�culos;Colis�o transversal;Com V�timas Feridas;Plena Noite;Crescente;C�u Claro;Simples;Reta;Sim;3;0;0;2;0;1;2;2;-18,42549901;-39,93487006;SPRF-ES;DEL04-ES;UOP02-DEL04-ES;;;
657566;26/01/2025;domingo;20:40:00;RJ;493;18,5;GUAPIMIRIM;Acessar a via sem observar a presen�a dos outros ve�culos;Colis�o transversal;Com V�timas Feridas;Plena Noite;Crescente;C�u Claro;Dupla;Reta;N�o;2;0;1;0;1;0;1;2;-22,6687122;-43,01862696;SPRF-RJ;DEL04-RJ;UOP02-DEL04-RJ;;;
657567;26/01/2025;domingo;20:50:00;GO;40;19;LUZIANIA;Acesso irregular;Colis�o transversal;Com V�timas Feridas;Pleno dia;Decrescente;C�u Claro;Dupla;Reta;Sim;7;0;4;1;2;0;5;2;-16,201556;-47,921314;SPRF-DF;DEL01-DF;UOP01-DEL01-DF;;;
657568;26/01/2025;domingo;21:20:00;ES;101;392,3;RIO NOVO DO SUL;Ilumina��o deficiente;Colis�o transversal;Com V�timas Feridas;Plena Noite;Crescente;C�u Claro;Simples;Interse��o de Vias;N�o;2;0;1;0;1;0;1;2;-20,86651733;-40,90775156;SPRF-ES;DEL03-ES;UOP02-DEL03-ES;;;
657569;26/01/2025;domingo;19:55:00;MG;381;686;LAVRAS;Velocidade Incompat�vel;Colis�o com objeto;Sem V�timas;Plena Noite;Decrescente;Chuva;Dupla;Curva;N�o;4;0;0;0;4;0;0;2;-21,20030689;-45,11944438;SPRF-MG;DEL04-MG;UOP02-DEL04-MG;;;
657570;26/01/2025;domingo;20:25:00;SC;101;427,1;SOMBRIO;Aus�ncia de rea��o do condutor;Tombamento;Com V�timas Feridas;Plena Noite;Decrescente;Nublado;M�ltipla;Reta;N�o;1;0;1;0;0;0;1;1;-29,04731597;-49,61751938;SPRF-SC;DEL02-SC;UOP02-DEL02-SC;;;
657571;26/01/2025;domingo;21:10:00;MA;316;266,9;SANTA INES;Pista Escorregadia;Queda de ocupante de ve�culo;Com V�timas Feridas;Plena Noite;Crescente;Chuva;Simples;Reta;N�o;1;0;1;0;0;0;1;1;-3,681815;-45,347157;SPRF-MA;DEL02-MA;UOP01-DEL02-MA;;;
657573;26/01/2025;domingo;21:15:00;RN;304;41,3;MOSSORO;Pedestre cruzava a pista fora da faixa;Atropelamento de Pedestre;Com V�timas Feridas;Plena Noite;Decrescente;C�u Claro;Dupla;Reta;Sim;2;0;0;1;1;0;1;2;-5,20483515;-37,37615746;SPRF-RN;DEL04-RN;UOP01-DEL04-RN;;;
657575;26/01/2025;domingo;21:30:00;RS;158;262,8;JULIO DE CASTILHOS;Demais falhas mec�nicas ou el�tricas;Inc�ndio;Com V�timas Feridas;Plena Noite;Decrescente;C�u Claro;Simples;Reta;N�o;2;0;2;0;0;0;2;1;-29,22145708;-53,66974727;SPRF-RS;DEL10-RS;UOP02-DEL10-RS;;;
657577;26/01/2025;domingo;20:20:00;SP;116;166,9;JACAREI;Ingest�o de �lcool pelo condutor;Sa�da de leito carro��vel;Sem V�timas;Plena Noite;Decrescente;C�u Claro;Dupla;Retorno Regulamentado;Sim;2;0;0;0;1;1;0;2;-23,30197995;-46,02344513;SPRF-SP;DEL02-SP;UOP01-DEL02-SP;;;
657578;26/01/2025;domingo;21:00:00;RJ;116;245;PIRAI;Chuva;Colis�o traseira;Com V�timas Feridas;Plena Noite;Decrescente;Chuva;Dupla;Reta;N�o;3;0;2;0;1;0;2;2;-22,59555599;-43,93978119;SPRF-RJ;DEL07-RJ;UOP01-DEL07-RJ;;;
657579;26/01/2025;domingo;20:15:00;RJ;40;123;DUQUE DE CAXIAS;Ingest�o de �lcool pelo condutor;Colis�o traseira;Sem V�timas;Plena Noite;Crescente;C�u Claro;Dupla;"Interse��o de Vias;Reta";Sim;3;0;0;0;3;0;0;3;-22,79907687;-43,29015739;SPRF-RJ;DEL01-RJ;UOP02-DEL01-RJ;;;
657580;26/01/2025;domingo;21:55:00;PR;116;131;FAZENDA RIO GRANDE;Rea��o tardia ou ineficiente do condutor;Colis�o com objeto;Sem V�timas;Plena Noite;Decrescente;C�u Claro;Dupla;Reta;Sim;1;0;0;0;1;0;0;1;-25,67633565;-49,31556333;SPRF-PR;DEL01-PR;UOP03-DEL01-PR;;;
657581;26/01/2025;domingo;21:30:00;BA;242;830;BARREIRAS;Aus�ncia de rea��o do condutor;Colis�o traseira;Com V�timas Feridas;Plena Noite;Decrescente;C�u Claro;Simples;Curva;N�o;3;0;1;1;1;0;2;2;-12,13294831;-45,11393419;SPRF-BA;DEL10-BA;UOP01-DEL10-BA;;;
657582;26/01/2025;domingo;21:30:00;RS;116;310;GUAIBA;Rea��o tardia ou ineficiente do condutor;Sa�da de leito carro��vel;Sem V�timas;Plena Noite;Decrescente;C�u Claro;Dupla;Reta;N�o;1;0;0;0;0;1;0;1;-30,20082914;-51,40020449;SPRF-RS;DEL02-RS;UOP01-DEL02-RS;;;
657583;26/01/2025;domingo;21:00:00;RO;429;55;ALVORADA DOESTE;Aus�ncia de rea��o do condutor;Sa�da de leito carro��vel;Com V�timas Fatais;Plena Noite;Decrescente;C�u Claro;Simples;Reta;N�o;2;1;0;0;1;0;0;1;-11,367865;-62,306883;SPRF-RO;DEL02-RO;UOP03-DEL02-RO;;;
657584;26/01/2025;domingo;22:00:00;SC;101;74;ARAQUARI;Rea��o tardia ou ineficiente do condutor;Tombamento;Com V�timas Feridas;Plena Noite;Crescente;C�u Claro;Dupla;Reta;N�o;1;0;1;0;0;0;1;1;-26,54711111;-48,71301413;SPRF-SC;DEL03-SC;UOP02-DEL03-SC;;;
657586;26/01/2025;domingo;22:50:00;PR;277;561,9;CASCAVEL;Demais falhas mec�nicas ou el�tricas;Tombamento;Com V�timas Feridas;Plena Noite;Crescente;C�u Claro;Simples;Reta;N�o;2;0;2;0;0;0;2;1;-25,05866119;-53,22275924;SPRF-PR;DEL04-PR;UOP04-DEL04-PR;;;
657588;26/01/2025;domingo;21:40:00;MT;174;485;COMODORO;Condutor deixou de manter dist�ncia do ve�culo da frente;Colis�o traseira;Com V�timas Feridas;Plena Noite;Crescente;C�u Claro;Simples;Reta;Sim;3;0;1;1;1;0;2;2;-13,66506826;-59,79266103;SPRF-MT;DEL04-MT;UOP02-DEL04-MT;;;
657590;26/01/2025;domingo;23:00:00;PE;104;66,1;CARUARU;Ingest�o de �lcool pelo condutor;Colis�o frontal;Com V�timas Feridas;Plena Noite;Decrescente;Ignorado;Dupla;Curva;Sim;4;0;1;0;3;0;1;2;-8,28493402;-35,98374367;SPRF-PE;DEL02-PE;UOP01-DEL02-PE;;;
657591;26/01/2025;domingo;23:00:00;MG;40;277;TRES MARIAS;Velocidade Incompat�vel;Sa�da de leito carro��vel;Com V�timas Feridas;Plena Noite;Decrescente;C�u Claro;Simples;"Declive;Reta";Sim;2;0;2;0;0;0;2;1;-18,21264695;-45,22480595;SPRF-MG;DEL14-MG;UOP02-DEL14-MG;;;
657593;26/01/2025;domingo;23:00:00;RS;290;68,8;GRAVATAI;Rea��o tardia ou ineficiente do condutor;Sa�da de leito carro��vel;Com V�timas Feridas;Plena Noite;Crescente;C�u Claro;Dupla;Reta;N�o;2;0;2;0;0;0;2;1;-29,943384;-50,936207;SPRF-RS;DEL03-RS;UOP01-DEL03-RS;;;
657595;26/01/2025;domingo;20:00:00;RS;468;84,5;CAMPO NOVO;Velocidade Incompat�vel;Sa�da de leito carro��vel;Com V�timas Fatais;Anoitecer;Decrescente;C�u Claro;Simples;Reta;Sim;1;1;0;0;0;0;0;1;-27,59201797;-53,87237438;SPRF-RS;DEL08-RS;UOP02-DEL08-RS;;;
657597;26/01/2025;domingo;23:15:00;PR;376;241;APUCARANA;Aus�ncia de rea��o do condutor;Capotamento;Com V�timas Feridas;Plena Noite;Crescente;C�u Claro;Dupla;"Declive;Curva";N�o;1;0;0;1;0;0;1;1;-23,58168461;-51,42681594;SPRF-PR;DEL07-PR;UOP03-DEL07-PR;;;
657598;26/01/2025;domingo;22:25:00;SP;153;216,1;MARILIA;Ingest�o de �lcool pelo condutor;Sa�da de leito carro��vel;Sem V�timas;Plena Noite;Decrescente;Nublado;Simples;Curva;N�o;1;0;0;0;1;0;0;1;-21,96180388;-49,92179359;SPRF-SP;DEL07-SP;UOP02-DEL07-SP;;;
657599;27/01/2025;segunda-feira;00:03:00;RJ;116;178;BELFORD ROXO;Condutor usando celular;Colis�o traseira;Com V�timas Feridas;Plena Noite;Crescente;C�u Claro;M�ltipla;Reta;Sim;2;0;1;0;1;0;1;2;-22,77496393;-43,40081465;SPRF-RJ;DEL06-RJ;UOP01-DEL06-RJ;;;
657600;26/01/2025;domingo;15:15:00;SC;470;74,8;INDAIAL;Acessar a via sem observar a presen�a dos outros ve�culos;Colis�o transversal;Com V�timas Feridas;Pleno dia;Crescente;Nublado;Simples;Reta;N�o;3;0;1;0;1;1;1;3;-26,92378896;-49,28361839;SPRF-SC;DEL04-SC;UOP01-DEL04-SC;;;
657601;26/01/2025;domingo;19:30:00;SC;470;91,9;APIUNA;Chuva;Colis�o com objeto;Com V�timas Feridas;Plena Noite;Decrescente;Chuva;Simples;"Reta;Ponte";N�o;2;0;2;0;0;0;2;1;-26,98532894;-49,37289303;SPRF-SC;DEL04-SC;UOP01-DEL04-SC;;;
657602;26/01/2025;domingo;20:00:00;MG;267;155,1;LIMA DUARTE;Aus�ncia de rea��o do condutor;Colis�o frontal;Com V�timas Fatais;Plena Noite;Decrescente;Nublado;Simples;Reta;N�o;7;1;3;2;1;0;5;2;-21,83547518;-43,76759901;SPRF-MG;DEL05-MG;UOP01-DEL05-MG;;;
657603;27/01/2025;segunda-feira;00:30:00;ES;101;359,1;ANCHIETA;Condutor Dormindo;Colis�o lateral sentido oposto;Com V�timas Feridas;Plena Noite;Crescente;C�u Claro;Dupla;"Reta;Declive";N�o;10;0;0;2;8;0;2;2;-20,69768274;-40,71161014;SPRF-ES;DEL03-ES;UOP01-DEL03-ES;;;
657604;26/01/2025;domingo;21:10:00;RJ;356;166;SAO JOAO DA BARRA;Transitar no Acostamento;Colis�o traseira;Com V�timas Feridas;Pleno dia;Decrescente;Nublado;Simples;Reta;N�o;6;0;3;0;3;0;3;2;-21,71832905;-41,10952362;SPRF-RJ;DEL08-RJ;UOP02-DEL08-RJ;;;
657606;27/01/2025;segunda-feira;00:35:00;RS;290;95;PORTO ALEGRE;Entrada inopinada do pedestre;Atropelamento de Pedestre;Com V�timas Fatais;Plena Noite;Decrescente;Nublado;M�ltipla;Reta;Sim;2;1;0;0;1;0;0;2;-29,982832;-51,201572;SPRF-RS;DEL01-RS;UOP01-DEL01-RS;;;
657607;27/01/2025;segunda-feira;01:30:00;SC;101;214;PALHOCA;Rea��o tardia ou ineficiente do condutor;Colis�o com objeto;Sem V�timas;Plena Noite;Decrescente;C�u Claro;M�ltipla;Reta;Sim;2;0;0;0;1;1;0;1;-27,65139207;-48,67550611;SPRF-SC;DEL01-SC;UOP02-DEL01-SC;;;
657608;27/01/2025;segunda-feira;00:20:00;MS;262;2;TRES LAGOAS;Condutor Dormindo;Sa�da de leito carro��vel;Com V�timas Feridas;Plena Noite;Decrescente;Chuva;Simples;Rotat�ria;N�o;1;0;0;1;0;0;1;1;-20,78949837;-51,64329529;SPRF-MS;DEL07-MS;UOP01-DEL07-MS;;;
657609;27/01/2025;segunda-feira;01:00:00;PR;272;433;GOIOERE;Rea��o tardia ou ineficiente do condutor;Colis�o lateral mesmo sentido;Com V�timas Feridas;Plena Noite;Decrescente;C�u Claro;Simples;Reta;N�o;2;0;2;0;0;0;2;2;-24,19011334;-52,99214065;SPRF-PR;DEL09-PR;UOP03-DEL09-PR;;;
657612;26/01/2025;domingo;12:15:00;MA;316;619,5;TIMON;Convers�o proibida;Colis�o traseira;Com V�timas Feridas;Pleno dia;Decrescente;C�u Claro;Simples;Reta;Sim;3;0;1;0;2;0;1;2;-5,119788;-42,824196;SPRF-MA;DEL03-MA;UOP02-DEL03-MA;;;
657614;27/01/2025;segunda-feira;03:30:00;SP;116;147;SAO JOSE DOS CAMPOS;Aus�ncia de rea��o do condutor;Colis�o com objeto;Sem V�timas;Plena Noite;Crescente;Chuva;Dupla;Curva;N�o;1;0;0;0;0;1;0;1;-23,19542994;-45,87176303;SPRF-SP;DEL02-SP;UOP01-DEL02-SP;;;
657615;27/01/2025;segunda-feira;02:30:00;PR;277;725;FOZ DO IGUACU;Aus�ncia de rea��o do condutor;Colis�o com objeto;Com V�timas Feridas;Plena Noite;Crescente;C�u Claro;Dupla;"Curva;Aclive";Sim;2;0;1;0;0;1;1;2;-25,50823541;-54,54619865;SPRF-PR;DEL05-PR;UOP03-DEL05-PR;;;
657616;27/01/2025;segunda-feira;02:30:00;AL;101;41;FLEXEIRAS;Condutor Dormindo;Sa�da de leito carro��vel;Com V�timas Feridas;Plena Noite;Decrescente;C�u Claro;Dupla;Curva;N�o;3;0;3;0;0;0;3;1;-9,17104293;-35,77460326;SPRF-AL;DEL01-AL;UOP02-DEL01-AL;;;
657617;27/01/2025;segunda-feira;05:40:00;ES;101;267,9;SERRA;Condutor deixou de manter dist�ncia do ve�culo da frente;Colis�o traseira;Com V�timas Feridas;Amanhecer;Crescente;C�u Claro;Dupla;Reta;Sim;2;0;1;0;0;1;1;2;-20,19930999;-40,26884609;SPRF-ES;DEL02-ES;UOP01-DEL02-ES;;;
657618;27/01/2025;segunda-feira;04:25:00;MG;50;180;UBERABA;Transitar na contram�o;Colis�o com objeto;Sem V�timas;Amanhecer;Decrescente;Garoa/Chuvisco;Simples;"Viaduto;Reta";Sim;1;0;0;0;0;1;0;1;-19,77848216;-47,92194709;SPRF-MG;DEL13-MG;UOP01-DEL13-MG;;;
657621;27/01/2025;segunda-feira;06:15:00;PB;230;19,9;JOAO PESSOA;Condutor deixou de manter dist�ncia do ve�culo da frente;Engavetamento;Com V�timas Feridas;Amanhecer;Decrescente;Nublado;Dupla;Reta;Sim;5;0;1;0;4;0;1;4;-7,1337;-34,8544;SPRF-PB;DEL01-PB;UOP01-DEL01-PB;;;
657622;26/01/2025;domingo;19:20:00;BA;101;909;IBIRAPUA;Demais falhas mec�nicas ou el�tricas;Inc�ndio;Sem V�timas;Plena Noite;Crescente;C�u Claro;Simples;Reta;N�o;1;0;0;0;1;0;0;1;-17,805867;-39,782755;SPRF-BA;DEL09-BA;UOP02-DEL09-BA;;;
657624;27/01/2025;segunda-feira;05:00:00;PR;277;675;MEDIANEIRA;Rea��o tardia ou ineficiente do condutor;Sa�da de leito carro��vel;Com V�timas Feridas;Amanhecer;Decrescente;C�u Claro;Dupla;Reta;Sim;1;0;1;0;0;0;1;1;-25,29891949;-54,12338731;SPRF-PR;DEL05-PR;UOP01-DEL05-PR;;;
657626;26/01/2025;domingo;18:32:00;GO;80;137;VILA PROPICIO;Frear bruscamente;Sa�da de leito carro��vel;Com V�timas Feridas;Plena Noite;Crescente;C�u Claro;Simples;Curva;N�o;5;0;2;0;3;0;2;2;-15,208875;-48,697312;SPRF-GO;DEL07-GO;UOP02-DEL07-GO;;;
657628;27/01/2025;segunda-feira;06:30:00;MS;262;406;TERENOS;Rea��o tardia ou ineficiente do condutor;Sa�da de leito carro��vel;Com V�timas Fatais;Amanhecer;Crescente;C�u Claro;Simples;Reta;N�o;5;1;3;1;0;0;4;1;-20,43409079;-55,08493423;SPRF-MS;DEL01-MS;UOP03-DEL01-MS;;;
657629;27/01/2025;segunda-feira;06:40:00;PB;101;82;BAYEUX;Trafegar com motocicleta (ou similar) entre as faixas;Tombamento;Com V�timas Feridas;Pleno dia;Crescente;Nublado;Dupla;Reta;Sim;1;0;0;1;0;0;1;1;-7,12911;-34,93714;SPRF-PB;DEL01-PB;UOP01-DEL01-PB;;;
657630;27/01/2025;segunda-feira;07:00:00;PE;232;409;SERRA TALHADA;Acesso irregular;Colis�o transversal;Com V�timas Feridas;Pleno dia;Decrescente;C�u Claro;Simples;Reta;Sim;5;0;0;1;4;0;1;2;-7,981944;-38,289467;SPRF-PE;DEL04-PE;UOP01-DEL04-PE;;;
657631;27/01/2025;segunda-feira;05:40:00;MT;163;522;DIAMANTINO;Condutor Dormindo;Sa�da de leito carro��vel;Com V�timas Feridas;Pleno dia;Crescente;Sol;Dupla;Reta;N�o;1;0;1;0;0;0;1;1;-14,50402729;-56,19741276;SPRF-MT;DEL01-MT;UOP01-DEL01-MT;;;
657632;27/01/2025;segunda-feira;06:30:00;MG;40;523,7;CONTAGEM;Acessar a via sem observar a presen�a dos outros ve�culos;Atropelamento de Pedestre;Com V�timas Feridas;Pleno dia;Crescente;C�u Claro;Dupla;Reta;Sim;3;0;2;0;1;0;2;2;-19,86874894;-44,05962197;SPRF-MG;DEL01-MG;UOP02-DEL01-MG;;;
657634;27/01/2025;segunda-feira;06:30:00;BA;101;17;RIO REAL;Aus�ncia de rea��o do condutor;Sa�da de leito carro��vel;Com V�timas Feridas;Pleno dia;Decrescente;C�u Claro;Dupla;Reta;N�o;4;0;3;0;1;0;3;1;-11,68406398;-37,90122415;SPRF-SE;DEL02-SE;UOP03-DEL02-SE;;;
657635;27/01/2025;segunda-feira;06:50:00;ES;101;268;SERRA;Condutor deixou de manter dist�ncia do ve�culo da frente;Colis�o traseira;Com V�timas Feridas;Pleno dia;Decrescente;C�u Claro;Dupla;Reta;Sim;2;0;1;0;1;0;1;2;-20,20842;-40,269405;SPRF-ES;DEL02-ES;UOP01-DEL02-ES;;;
657636;27/01/2025;segunda-feira;06:45:00;PR;369;157;LONDRINA;Acessar a via sem observar a presen�a dos outros ve�culos;Colis�o lateral mesmo sentido;Com V�timas Feridas;Pleno dia;Crescente;C�u Claro;Dupla;Reta;N�o;2;0;1;0;1;0;1;2;-23,2855525;-51,2307145;SPRF-PR;DEL07-PR;UOP01-DEL07-PR;;;
657639;27/01/2025;segunda-feira;06:30:00;PR;369;86;CORNELIO PROCOPIO;Demais falhas mec�nicas ou el�tricas;Capotamento;Com V�timas Feridas;Pleno dia;Crescente;Nublado;Simples;Curva;Sim;3;0;2;0;1;0;2;1;-23,17331706;-50,61831594;SPRF-PR;DEL07-PR;UOP05-DEL07-PR;;;
657641;27/01/2025;segunda-feira;08:00:00;GO;414;440;ANAPOLIS;Acessar a via sem observar a presen�a dos outros ve�culos;Colis�o traseira;Com V�timas Feridas;Pleno dia;Crescente;C�u Claro;Simples;Rotat�ria;Sim;2;0;0;1;0;1;1;2;-16,28704724;-48,94387364;SPRF-GO;DEL02-GO;UOP01-DEL02-GO;;;
657642;27/01/2025;segunda-feira;08:20:00;PB;230;26;JOAO PESSOA;Manobra de mudan�a de faixa;Colis�o lateral mesmo sentido;Com V�timas Feridas;Pleno dia;Decrescente;Nublado;M�ltipla;Reta;Sim;3;0;1;1;1;0;2;2;-7,16941323;-34,87839226;SPRF-PB;DEL01-PB;UOP01-DEL01-PB;;;
657647;26/01/2025;domingo;22:00:00;MS;163;567,8;BANDEIRANTES;Ingest�o de �lcool pelo condutor;Sa�da de leito carro��vel;Sem V�timas;Plena Noite;Crescente;Chuva;Simples;Reta;N�o;1;0;0;0;1;0;0;1;-19,75811396;-54,35853617;SPRF-MS;DEL01-MS;UOP02-DEL01-MS;;;