id;data_inversa;dia_semana;horario;uf;br;km;municipio;causa_acidente;tipo_acidente;classificacao_acidente;fase_dia;sentido_via;condicao_metereologica;tipo_pista;tracado_via;uso_solo;pessoas;mortos;feridos_leves;feridos_graves;ilesos;ignorados;feridos;veiculos;latitude;longitude;regional;delegacia;uop;;;
657648;27/01/2025;segunda-feira;07:40:00;BA;116;827;VITORIA DA CONQUISTA;Acesso irregular;Colis�o transversal;Com V�timas Feridas;Pleno dia;Decrescente;C�u Claro;Dupla;Reta;Sim;2;0;2;0;0;0;2;2;-14,88108716;-40,85609436;SPRF-BA;DEL08-BA;UOP01-DEL08-BA;;;
657649;26/01/2025;domingo;14:45:00;MT;70;514;VARZEA GRANDE;Ingest�o de �lcool pelo condutor;Queda de ocupante de ve�culo;Com V�timas Feridas;Pleno dia;Decrescente;Sol;Simples;Interse��o de Vias;Sim;2;0;1;0;1;0;1;1;-15,70620348;-56,13234043;SPRF-MT;DEL01-MT;UOP02-DEL01-MT;;;
657650;27/01/2025;segunda-feira;08:30:00;PB;230;15,6;JOAO PESSOA;Demais falhas mec�nicas ou el�tricas;Colis�o lateral mesmo sentido;Com V�timas Feridas;Pleno dia;Crescente;Chuva;Dupla;"Reta;Aclive";Sim;2;0;1;0;1;0;1;2;-7,093;-34,8482;SPRF-PB;DEL01-PB;UOP01-DEL01-PB;;;
657651;27/01/2025;segunda-feira;09:10:00;RS;158;178,8;PEJUCARA;Acessar a via sem observar a presen�a dos outros ve�culos;Colis�o transversal;Com V�timas Feridas;Pleno dia;Crescente;C�u Claro;Simples;Interse��o de Vias;N�o;6;0;4;2;0;0;6;2;-28,51048335;-53,55337143;SPRF-RS;DEL10-RS;UOP02-DEL10-RS;;;
657652;27/01/2025;segunda-feira;08:01:00;MA;135;7;SAO LUIS;Condutor deixou de manter dist�ncia do ve�culo da frente;Colis�o traseira;Sem V�timas;Pleno dia;Crescente;Sol;Dupla;Reta;Sim;2;0;0;0;2;0;0;2;-2,63608835;-44,26848552;SPRF-MA;DEL01-MA;UOP01-DEL01-MA;;;
657653;27/01/2025;segunda-feira;08:45:00;SC;101;148,2;ITAPEMA;Mal s�bito do condutor;Colis�o com objeto;Com V�timas Feridas;Pleno dia;Crescente;Nublado;M�ltipla;Reta;Sim;2;0;1;0;0;1;1;2;-27,10123686;-48,61807962;SPRF-SC;DEL04-SC;UOP03-DEL04-SC;;;
657655;27/01/2025;segunda-feira;07:40:00;RS;116;529;CAPAO DO LEAO;Transitar na contram�o;Colis�o frontal;Com V�timas Feridas;Pleno dia;Crescente;C�u Claro;Simples;Reta;Sim;2;0;2;0;0;0;2;2;-31,75446042;-52,42803583;SPRF-RS;DEL07-RS;UOP01-DEL07-RS;;;
657657;26/01/2025;domingo;21:30:00;BA;242;432;SEABRA;Ultrapassagem Indevida;Colis�o frontal;Com V�timas Feridas;Plena Noite;Crescente;C�u Claro;Simples;Reta;N�o;5;0;5;0;0;0;5;2;-12,39205239;-41,91496307;SPRF-BA;DEL06-BA;UOP01-DEL06-BA;;;
657658;27/01/2025;segunda-feira;09:40:00;PE;232;54,1;POMBOS;Acessar a via sem observar a presen�a dos outros ve�culos;Colis�o transversal;Com V�timas Fatais;Pleno dia;Decrescente;Chuva;Dupla;Reta;N�o;2;1;0;1;0;0;1;2;-8,13038599;-35,3593576;SPRF-PE;DEL02-PE;UOP02-DEL02PE;;;
657661;27/01/2025;segunda-feira;08:20:00;PE;428;188,1;PETROLINA;Ingest�o de �lcool pelo condutor;Colis�o traseira;Com V�timas Feridas;Pleno dia;Crescente;C�u Claro;Dupla;Reta;Sim;5;0;1;0;2;2;1;3;-9,37575434;-40,49191475;SPRF-PE;DEL06-PE;UOP01-DEL06-PE;;;
657662;27/01/2025;segunda-feira;10:15:00;PB;230;28;JOAO PESSOA;Condutor deixou de manter dist�ncia do ve�culo da frente;Colis�o traseira;Com V�timas Feridas;Pleno dia;Crescente;Nublado;Dupla;Reta;N�o;2;0;0;1;1;0;1;2;-7,1651;-34,8941;SPRF-PB;DEL01-PB;UOP01-DEL01-PB;;;
657664;27/01/2025;segunda-feira;05:15:00;RS;392;117,8;CANGUCU;Aus�ncia de rea��o do condutor;Colis�o com objeto;Sem V�timas;Plena Noite;Crescente;C�u Claro;Simples;Ponte;N�o;1;0;0;0;0;1;0;1;-31,41369338;-52,67628308;SPRF-RS;DEL07-RS;UOP01-DEL07-RS;;;
657665;27/01/2025;segunda-feira;09:10:00;SP;116;151;SAO JOSE DOS CAMPOS;Rea��o tardia ou ineficiente do condutor;Colis�o traseira;Com V�timas Feridas;Pleno dia;Crescente;Sol;Dupla;Reta;Sim;4;0;3;0;1;0;3;2;-23,21980694;-45,89991605;SPRF-SP;DEL02-SP;UOP01-DEL02-SP;;;
657667;27/01/2025;segunda-feira;10:30:00;RO;364;352,5;JI-PARANA;Animais na Pista;Atropelamento de Animal;Sem V�timas;Pleno dia;Crescente;C�u Claro;Simples;Reta;N�o;2;0;0;0;2;0;0;1;-10,83322284;-62,01156957;SPRF-RO;DEL02-RO;UOP01-DEL02-RO;;;
657669;27/01/2025;segunda-feira;10:45:00;DF;20;29,1;BRASILIA;Ingest�o de �lcool pelo condutor;Sa�da de leito carro��vel;Com V�timas Fatais;Pleno dia;Decrescente;Chuva;Dupla;Curva;N�o;2;1;1;0;0;0;1;2;-15,598102;-47,612637;SPRF-DF;DEL02-DF;UOP01-DEL02-DF;;;
657670;27/01/2025;segunda-feira;11:55:00;SC;101;215;PALHOCA;Objeto est�tico sobre o leito carro��vel;Colis�o com objeto;Com V�timas Feridas;Pleno dia;Decrescente;C�u Claro;M�ltipla;Reta;Sim;2;0;1;0;1;0;1;2;-27,65184843;-48,67604941;SPRF-SC;DEL01-SC;UOP02-DEL01-SC;;;
657672;27/01/2025;segunda-feira;12:30:00;ES;101;270,3;SERRA;Aus�ncia de rea��o do condutor;Colis�o traseira;Com V�timas Feridas;Pleno dia;Decrescente;Sol;Dupla;Reta;Sim;2;0;1;0;1;0;1;2;-20,22662056;-40,27075088;SPRF-ES;DEL02-ES;UOP01-DEL02-ES;;;
657675;27/01/2025;segunda-feira;11:10:00;SC;116;10,2;MAFRA;Aus�ncia de rea��o do condutor;Tombamento;Com V�timas Feridas;Pleno dia;Crescente;C�u Claro;Simples;Reta;N�o;2;0;1;0;1;0;1;1;-26,16829411;-49,85476074;SPRF-SC;DEL06-SC;UOP01-DEL06-SC;;;
657676;27/01/2025;segunda-feira;12:20:00;PB;230;24;JOAO PESSOA;Acumulo de areia ou detritos sobre o pavimento;Tombamento;Com V�timas Feridas;Pleno dia;Crescente;C�u Claro;M�ltipla;"Desvio Tempor�rio;Em Obras;Curva";Sim;1;0;1;0;0;0;1;1;-7,1637;-34,8618;SPRF-PB;DEL01-PB;UOP01-DEL01-PB;;;
657677;27/01/2025;segunda-feira;05:30:00;MG;267;231;LIBERDADE;Mal s�bito do condutor;Sa�da de leito carro��vel;Com V�timas Fatais;Amanhecer;Decrescente;Ignorado;Simples;"Aclive;Curva";N�o;1;1;0;0;0;0;0;1;-21,94947166;-44,33481086;SPRF-MG;DEL17-MG;UOP01-DEL17-MG;;;
657678;27/01/2025;segunda-feira;12:20:00;SC;101;324,6;CAPIVARI DE BAIXO;Condutor deixou de manter dist�ncia do ve�culo da frente;Colis�o traseira;Com V�timas Feridas;Pleno dia;Decrescente;C�u Claro;M�ltipla;Curva;Sim;2;0;1;0;1;0;1;2;-28,42890047;-48,92285509;SPRF-SC;DEL02-SC;UOP01-DEL02-SC;;;
657679;27/01/2025;segunda-feira;07:00:00;RS;290;310;CACAPAVA DO SUL;Rea��o tardia ou ineficiente do condutor;Sa�da de leito carro��vel;Com V�timas Feridas;Amanhecer;Decrescente;C�u Claro;Simples;Reta;N�o;1;0;0;1;0;0;1;1;-30,336958;-53,311825;SPRF-RS;DEL09-RS;UOP02-DEL09-RS;;;
657680;27/01/2025;segunda-feira;11:40:00;SE;101;39,7;CAPELA;Chuva;Colis�o traseira;Com V�timas Feridas;Pleno dia;Crescente;Chuva;Dupla;"Declive;Reta";N�o;3;0;2;0;1;0;2;2;-10,517972;-36,950147;SPRF-SE;DEL02-SE;UOP02-DEL02-SE;;;
657682;27/01/2025;segunda-feira;13:00:00;SP;381;49;ATIBAIA;Rea��o tardia ou ineficiente do condutor;Colis�o traseira;Com V�timas Feridas;Pleno dia;Crescente;C�u Claro;Dupla;Reta;N�o;2;0;1;0;1;0;1;2;-23,20535293;-46,59066516;SPRF-SP;DEL03-SP;UOP01-DEL03-SP;;;
657683;27/01/2025;segunda-feira;11:00:00;PI;402;79;LUIS CORREIA;Aus�ncia de rea��o do condutor;Colis�o traseira;Com V�timas Feridas;Pleno dia;Decrescente;Sol;Simples;Reta;Sim;2;0;1;0;1;0;1;2;-3,07581078;-41,42705109;SPRF-PI;DEL05-PI;UOP01-DEL05-PI;;;
657684;27/01/2025;segunda-feira;12:00:00;PI;343;12,1;PARNAIBA;Acessar a via sem observar a presen�a dos outros ve�culos;Colis�o transversal;Com V�timas Feridas;Pleno dia;Crescente;Sol;Simples;Reta;Sim;2;0;1;0;0;1;1;2;-2,910035;-41,753662;SPRF-PI;DEL05-PI;UOP01-DEL05-PI;;;
657685;27/01/2025;segunda-feira;12:30:00;PR;163;62,6;PEROLA DOESTE;Chuva;Colis�o lateral sentido oposto;Com V�timas Feridas;Pleno dia;Decrescente;Chuva;M�ltipla;"Curva;Aclive";N�o;3;0;2;0;1;0;2;2;-25,849808;-53,751462;SPRF-PR;DEL02-PR;UOP02-DEL02-PR;;;
657687;18/01/2025;s�bado;16:40:00;SP;153;59,7;SAO JOSE DO RIO PRETO;Rea��o tardia ou ineficiente do condutor;Colis�o com objeto;Com V�timas Feridas;Pleno dia;Crescente;Sol;Dupla;Reta;Sim;4;0;1;0;3;0;1;2;-20,78733103;-49,35399276;SPRF-SP;DEL09-SP;UOP01-DEL09-SP;;;
657688;27/01/2025;segunda-feira;12:30:00;PR;277;632;CEU AZUL;Condutor deixou de manter dist�ncia do ve�culo da frente;Colis�o traseira;Com V�timas Feridas;Pleno dia;Decrescente;C�u Claro;Simples;Reta;Sim;2;0;1;0;1;0;1;2;-25,12256565;-53,80997113;SPRF-PR;DEL05-PR;UOP02-DEL05-PR;;;
657689;27/01/2025;segunda-feira;11:45:00;DF;20;10,3;BRASILIA;Aus�ncia de sinaliza��o;Colis�o transversal;Com V�timas Feridas;Pleno dia;Decrescente;Nublado;Dupla;"Em Obras;Desvio Tempor�rio;Reta";Sim;3;0;1;0;2;0;1;2;-15,650243;-47,773872;SPRF-DF;DEL02-DF;UOP01-DEL02-DF;;;
657690;27/01/2025;segunda-feira;13:04:00;PE;101;67;RECIFE;Rea��o tardia ou ineficiente do condutor;Colis�o traseira;Com V�timas Feridas;Pleno dia;Crescente;C�u Claro;Dupla;Reta;Sim;2;0;1;0;1;0;1;2;-8,050081;-34,945829;SPRF-PE;DEL01-PE;UOP01-DEL01-PE;;;
657691;27/01/2025;segunda-feira;13:30:00;RS;471;657,5;SANTA VITORIA DO PALMAR;Acessar a via sem observar a presen�a dos outros ve�culos;Colis�o transversal;Com V�timas Feridas;Pleno dia;Crescente;C�u Claro;Simples;Reta;Sim;2;0;0;1;1;0;1;2;-33,514408;-53,330658;SPRF-RS;DEL07-RS;UOP04-DEL07-RS;;;
657693;27/01/2025;segunda-feira;11:20:00;MG;262;40,2;MANHUACU;Acessar a via sem observar a presen�a dos outros ve�culos;Colis�o transversal;Com V�timas Feridas;Pleno dia;Decrescente;C�u Claro;Simples;"Rotat�ria;Reta;Retorno Regulamentado;Declive";Sim;2;0;0;1;1;0;1;2;-20,27142167;-42,06546063;SPRF-MG;DEL06-MG;UOP03-DEL06-MG;;;
657695;27/01/2025;segunda-feira;13:40:00;MG;381;1;BETIM;Avarias e/ou desgaste excessivo no pneu;Queda de ocupante de ve�culo;Com V�timas Feridas;Pleno dia;Decrescente;Nublado;Dupla;Reta;N�o;2;0;2;0;0;0;2;1;-19,97095494;-44,16006947;SPRF-MG;DEL01-MG;UOP03-DEL01-MG;;;
657698;27/01/2025;segunda-feira;13:05:00;SC;101;328,9;TUBARAO;Ultrapassagem Indevida;Colis�o lateral mesmo sentido;Sem V�timas;Pleno dia;Crescente;C�u Claro;Dupla;"Reta;Ponte";N�o;3;0;0;0;1;2;0;3;-28,43648094;-48,95989307;SPRF-SC;DEL02-SC;UOP01-DEL02-SC;;;
657699;27/01/2025;segunda-feira;14:00:00;MG;381;837,2;SAO SEBASTIAO DA BELA VISTA;Velocidade Incompat�vel;Colis�o com objeto;Com V�timas Feridas;Pleno dia;Crescente;Chuva;Dupla;Curva;N�o;4;0;1;0;3;0;1;1;-22,18544691;-45,84411022;SPRF-MG;DEL16-MG;UOP01-DEL16-MG;;;
657701;27/01/2025;segunda-feira;14:20:00;MG;381;3,9;BETIM;Avarias e/ou desgaste excessivo no pneu;Tombamento;Com V�timas Feridas;Pleno dia;Crescente;C�u Claro;Dupla;Reta;Sim;2;0;2;0;0;0;2;1;-19,96825;-44,198708;SPRF-MG;DEL01-MG;UOP03-DEL01-MG;;;
657702;27/01/2025;segunda-feira;09:00:00;PR;369;371;MAMBORE;Desrespeitar a prefer�ncia no cruzamento;Colis�o transversal;Com V�timas Feridas;Pleno dia;Decrescente;C�u Claro;Simples;Reta;N�o;3;0;2;0;1;0;2;2;-24,2732433;-52,5122958;SPRF-PR;DEL04-PR;UOP03-DEL04-PR;;;
657706;27/01/2025;segunda-feira;14:30:00;RS;290;79;GRAVATAI;Aus�ncia de rea��o do condutor;Colis�o lateral mesmo sentido;Com V�timas Feridas;Pleno dia;Decrescente;C�u Claro;M�ltipla;Reta;N�o;2;0;1;0;1;0;1;2;-29,952908;-51,048054;SPRF-RS;DEL01-RS;UOP01-DEL01-RS;;;
657707;21/01/2025;ter�a-feira;19:30:00;MS;163;591,1;BANDEIRANTES;Entrada inopinada do pedestre;Atropelamento de Pedestre;Com V�timas Feridas;Plena Noite;Decrescente;C�u Claro;Dupla;"Reta;Declive";N�o;2;0;0;1;1;0;1;2;-19,56443495;-54,42305893;SPRF-MS;DEL06-MS;UOP02-DEL06-MS;;;
657709;27/01/2025;segunda-feira;14:35:00;GO;414;440;ANAPOLIS;Aus�ncia de rea��o do condutor;Colis�o traseira;Com V�timas Feridas;Pleno dia;Crescente;C�u Claro;Dupla;Rotat�ria;Sim;2;0;1;0;1;0;1;2;-16,28128823;-48,94258908;SPRF-GO;DEL02-GO;UOP01-DEL02-GO;;;
657711;27/01/2025;segunda-feira;13:30:00;MG;116;667,8;MIRADOURO;Ingest�o de �lcool pelo condutor;Tombamento;Com V�timas Feridas;Pleno dia;Crescente;Nublado;Simples;Reta;N�o;1;0;1;0;0;0;1;1;-20,85515645;-42,32152831;SPRF-MG;DEL07-MG;UOP02-DEL07-MG;;;
657713;21/01/2025;ter�a-feira;01:45:00;RJ;101;316;SAO GONCALO;Rea��o tardia ou ineficiente do condutor;Colis�o lateral mesmo sentido;Com V�timas Feridas;Plena Noite;Decrescente;C�u Claro;Dupla;Reta;Sim;2;0;1;0;1;0;1;2;-22,82835879;-43,09208739;SPRF-RJ;DEL02-RJ;UOP02-DEL02-RJ;;;
657715;27/01/2025;segunda-feira;15:45:00;PB;230;16;JOAO PESSOA;Pista Escorregadia;Queda de ocupante de ve�culo;Com V�timas Feridas;Pleno dia;Decrescente;Sol;Dupla;Reta;Sim;1;0;1;0;0;0;1;1;-7,1092;-34,8431;SPRF-PB;DEL01-PB;UOP01-DEL01-PB;;;
657716;27/01/2025;segunda-feira;15:40:00;DF;20;31,5;BRASILIA;Avarias e/ou desgaste excessivo no pneu;Sa�da de leito carro��vel;Com V�timas Feridas;Pleno dia;Decrescente;C�u Claro;Dupla;"Aclive;Reta";N�o;1;0;1;0;0;0;1;1;-15,592531;-47,594936;SPRF-DF;DEL02-DF;UOP01-DEL02-DF;;;
657717;27/01/2025;segunda-feira;15:15:00;PR;277;8;PARANAGUA;Aus�ncia de rea��o do condutor;Sa�da de leito carro��vel;Com V�timas Feridas;Pleno dia;Decrescente;C�u Claro;Dupla;Reta;N�o;4;0;3;1;0;0;4;1;-25,568198;-48,615292;SPRF-PR;DEL01-PR;UOP05-DEL01-PR;;;
657718;27/01/2025;segunda-feira;14:00:00;MG;356;271,2;MURIAE;Restri��o de visibilidade em curvas horizontais;Colis�o traseira;Com V�timas Feridas;Pleno dia;Decrescente;Nublado;Simples;"Curva;Aclive";N�o;4;0;1;0;3;0;1;3;-21,13210421;-42,31711942;SPRF-MG;DEL07-MG;UOP02-DEL07-MG;;;
657720;27/01/2025;segunda-feira;15:30:00;SP;101;42;UBATUBA;Acessar a via sem observar a presen�a dos outros ve�culos;Colis�o transversal;Com V�timas Feridas;Pleno dia;Decrescente;Chuva;Simples;Reta;Sim;2;0;1;0;1;0;1;2;-23,41389015;-45,05312415;SPRF-SP;DEL06-SP;UOP01-DEL06-SP;;;
657721;27/01/2025;segunda-feira;15:35:00;RN;110;48;MOSSORO;Transitar no Acostamento;Colis�o traseira;Com V�timas Feridas;Pleno dia;Crescente;Sol;Simples;Reta;Sim;2;0;1;0;1;0;1;2;-5,20881178;-37,33285083;SPRF-RN;DEL04-RN;UOP01-DEL04-RN;;;
657722;15/01/2025;quarta-feira;23:45:00;SC;101;210,2;SAO JOSE;Rea��o tardia ou ineficiente do condutor;Colis�o traseira;Com V�timas Feridas;Plena Noite;Decrescente;C�u Claro;M�ltipla;Reta;Sim;2;0;0;1;1;0;1;2;-27,6167305;-48,6457265;SPRF-SC;DEL01-SC;UOP01-DEL01-SC;;;
657724;27/01/2025;segunda-feira;15:30:00;AL;316;261;PILAR;Velocidade Incompat�vel;Colis�o traseira;Sem V�timas;Pleno dia;Crescente;C�u Claro;Simples;Reta;Sim;2;0;0;0;2;0;0;2;-9,59005875;-35,89598604;SPRF-AL;DEL02-AL;UOP01-DEL02-AL;;;
657727;27/01/2025;segunda-feira;15:10:00;PR;369;150;LONDRINA;Condutor usando celular;Colis�o com objeto;Sem V�timas;Pleno dia;Crescente;C�u Claro;Dupla;Reta;Sim;1;0;0;0;1;0;0;1;-23,29284232;-51,16357148;SPRF-PR;DEL07-PR;UOP01-DEL07-PR;;;
657729;27/01/2025;segunda-feira;16:00:00;MG;40;516;RIBEIRAO DAS NEVES;Acessar a via sem observar a presen�a dos outros ve�culos;Colis�o lateral mesmo sentido;Com V�timas Feridas;Pleno dia;Decrescente;C�u Claro;Dupla;Reta;N�o;3;0;2;0;1;0;2;2;-19,81628624;-44,08960124;SPRF-MG;DEL01-MG;UOP02-DEL01-MG;;;
657730;27/01/2025;segunda-feira;15:50:00;SP;116;562;BARRA DO TURVO;Rea��o tardia ou ineficiente do condutor;Colis�o lateral mesmo sentido;Com V�timas Feridas;Pleno dia;Crescente;Nublado;Dupla;Curva;N�o;3;0;2;0;1;0;2;2;-25,02464023;-48,52213701;SPRF-SP;DEL05-SP;UOP02-DEL05-SP;;;
657731;27/01/2025;segunda-feira;16:45:00;SC;280;28,7;ARAQUARI;Aus�ncia de rea��o do condutor;Colis�o transversal;Com V�timas Feridas;Pleno dia;Decrescente;C�u Claro;Simples;"Reta;Interse��o de Vias";Sim;2;0;0;1;1;0;1;2;-26,40450077;-48,74561031;SPRF-SC;DEL03-SC;UOP03-DEL03-SC;;;
657732;27/01/2025;segunda-feira;16:45:00;RS;386;399;TRIUNFO;Retorno proibido;Colis�o transversal;Com V�timas Feridas;Pleno dia;Crescente;C�u Claro;Dupla;Reta;N�o;4;0;2;2;0;0;4;2;-29,749271;-51,609505;SPRF-RS;DEL04-RS;UOP02-DEL04-RS;;;
657733;27/01/2025;segunda-feira;15:20:00;BA;101;722;EUNAPOLIS;Ultrapassagem Indevida;Colis�o frontal;Com V�timas Feridas;Pleno dia;Decrescente;Sol;Simples;Curva;N�o;6;0;1;0;5;0;1;2;-16,41097;-39,588016;SPRF-BA;DEL09-BA;UOP01-DEL09-BA;;;
657734;27/01/2025;segunda-feira;15:15:00;AC;364;124;RIO BRANCO;Desrespeitar a prefer�ncia no cruzamento;Colis�o transversal;Com V�timas Feridas;Pleno dia;Decrescente;C�u Claro;Dupla;Rotat�ria;Sim;2;0;0;1;1;0;1;2;-10,01152469;-67,79140099;SPRF-AC;DEL01-AC;UOP01-DEL01-AC;;;
657737;27/01/2025;segunda-feira;16:00:00;PR;277;672;MEDIANEIRA;Condutor deixou de manter dist�ncia do ve�culo da frente;Colis�o traseira;Com V�timas Feridas;Pleno dia;Decrescente;Chuva;Dupla;Reta;Sim;2;0;1;0;1;0;1;2;-25,28740438;-54,09701091;SPRF-PR;DEL05-PR;UOP02-DEL05-PR;;;
657738;27/01/2025;segunda-feira;17:25:00;BA;324;614;SALVADOR;Problema na suspens�o;Queda de ocupante de ve�culo;Com V�timas Feridas;Pleno dia;Decrescente;C�u Claro;Dupla;Reta;N�o;1;0;1;0;0;0;1;1;-12,8639793;-38,42370126;SPRF-BA;DEL01-BA;UOP01-DEL01-BA;;;
657739;27/01/2025;segunda-feira;17:20:00;MG;40;687,1;RESSAQUINHA;Transitar na contram�o;Colis�o lateral sentido oposto;Sem V�timas;Pleno dia;Decrescente;Chuva;Simples;"Aclive;Reta";N�o;3;0;0;0;1;2;0;2;-21,098726;-43,766661;SPRF-MG;DEL05-MG;UOP02-DEL05-MG;;;
657743;27/01/2025;segunda-feira;17:38:00;CE;116;12;FORTALEZA;Aus�ncia de rea��o do condutor;Colis�o traseira;Com V�timas Feridas;Anoitecer;Decrescente;C�u Claro;Dupla;Reta;N�o;2;0;0;1;1;0;1;2;-3,852077;-38,495525;SPRF-CE;DEL01-CE;UOP02-DEL01-CE;;;
657746;27/01/2025;segunda-feira;12:05:00;GO;414;304;VILA PROPICIO;Demais falhas mec�nicas ou el�tricas;Sa�da de leito carro��vel;Sem V�timas;Pleno dia;Crescente;C�u Claro;Simples;Reta;N�o;2;0;0;0;1;1;0;1;-15,24609601;-48,69037628;SPRF-GO;DEL02-GO;UOP01-DEL02-GO;;;
657747;23/01/2025;quinta-feira;03:05:00;MS;163;626;SAO GABRIEL DO OESTE;Aus�ncia de rea��o do condutor;Sa�da de leito carro��vel;Sem V�timas;Plena Noite;Decrescente;C�u Claro;Dupla;Reta;Sim;1;0;0;0;1;0;0;1;-19,3136279;-54,61889488;SPRF-MS;DEL06-MS;UOP02-DEL06-MS;;;
657748;27/01/2025;segunda-feira;17:20:00;MS;163;730;COXIM;Acessar a via sem observar a presen�a dos outros ve�culos;Colis�o transversal;Com V�timas Feridas;Pleno dia;Decrescente;C�u Claro;Simples;Reta;Sim;3;0;2;0;1;0;2;2;-18,50978886;-54,73602351;SPRF-MS;DEL06-MS;UOP01-DEL06-MS;;;
657749;27/01/2025;segunda-feira;17:00:00;RJ;101;266;RIO BONITO;Condutor deixou de manter dist�ncia do ve�culo da frente;Tombamento;Com V�timas Feridas;Anoitecer;Crescente;Nublado;Dupla;Curva;N�o;1;0;1;0;0;0;1;1;-22,70861445;-42,65178735;SPRF-RJ;DEL02-RJ;UOP03-DEL02-RJ;;;
657752;27/01/2025;segunda-feira;18:30:00;RS;116;231;IVOTI;Manobra de mudan�a de faixa;Colis�o transversal;Com V�timas Feridas;Anoitecer;Decrescente;Chuva;Simples;"Reta;Aclive";Sim;4;0;4;0;0;0;4;2;-29,62743221;-51,13858608;SPRF-RS;DEL01-RS;UOP02-DEL01-RS;;;
657753;27/01/2025;segunda-feira;14:30:00;PE;232;105,8;BEZERROS;Rea��o tardia ou ineficiente do condutor;Sa�da de leito carro��vel;Com V�timas Feridas;Pleno dia;Crescente;Nublado;Dupla;"Aclive;Reta";N�o;1;0;0;1;0;0;1;1;-8,25830415;-35,78275595;SPRF-PE;DEL02-PE;UOP02-DEL02PE;;;
657755;27/01/2025;segunda-feira;16:50:00;RJ;116;148;DUQUE DE CAXIAS;Chuva;Colis�o com objeto;Com V�timas Feridas;Pleno dia;Crescente;Chuva;Dupla;Reta;Sim;1;0;1;0;0;0;1;1;-22,6723488;-43,28215398;SPRF-RJ;DEL01-RJ;UOP02-DEL01-RJ;;;
657759;27/01/2025;segunda-feira;18:45:00;PR;277;83;CURITIBA;Avarias e/ou desgaste excessivo no pneu;Tombamento;Com V�timas Feridas;Anoitecer;Decrescente;C�u Claro;Dupla;Reta;Sim;2;0;1;0;1;0;1;1;-25,568939;-49,181978;SPRF-PR;DEL01-PR;UOP03-DEL01-PR;;;
657761;27/01/2025;segunda-feira;18:00:00;SP;116;511;CAJATI;Velocidade Incompat�vel;Sa�da de leito carro��vel;Com V�timas Feridas;Anoitecer;Decrescente;Garoa/Chuvisco;Simples;"Curva;Declive";N�o;1;0;1;0;0;0;1;1;-24,83558399;-48,2223738;SPRF-SP;DEL05-SP;UOP02-DEL05-SP;;;
657762;27/01/2025;segunda-feira;19:00:00;ES;101;141,2;LINHARES;Pedestre andava na pista;Atropelamento de Pedestre;Com V�timas Feridas;Plena Noite;Decrescente;C�u Claro;Dupla;Reta;Sim;2;0;1;0;0;1;1;2;-19,32655693;-40,07192387;SPRF-ES;DEL04-ES;UOP01-DEL04-ES;;;
657764;27/01/2025;segunda-feira;15:47:00;PB;230;165,3;CAMPINA GRANDE;Transitar na contram�o;Colis�o frontal;Com V�timas Fatais;Pleno dia;Crescente;C�u Claro;Simples;"Curva;Declive";Sim;3;1;1;0;0;1;1;3;-7,20502533;-35,95010877;SPRF-PB;DEL02-PB;UOP01-DEL02-PB;;;
657766;27/01/2025;segunda-feira;18:00:00;RO;319;56;PORTO VELHO;Demais falhas mec�nicas ou el�tricas;Inc�ndio;Sem V�timas;Anoitecer;Crescente;Nublado;Simples;Ponte;N�o;1;0;0;0;1;0;0;1;-8,739714;-63,93214024;SPRF-RO;DEL01-RO;UOP01-DEL01-RO;;;
657769;27/01/2025;segunda-feira;16:40:00;PA;10;74;RONDON DO PARA;Acessar a via sem observar a presen�a dos outros ve�culos;Colis�o transversal;Com V�timas Feridas;Pleno dia;Crescente;C�u Claro;Simples;Reta;Sim;2;0;0;1;1;0;1;2;-4,58559018;-47,85541534;SPRF-PA;DEL02-PA;UOP02-DEL02-PA;;;
657771;27/01/2025;segunda-feira;19:00:00;RS;386;306,1;POUSO NOVO;Velocidade Incompat�vel;Sa�da de leito carro��vel;Com V�timas Feridas;Plena Noite;Decrescente;Chuva;Simples;"Curva;Aclive";N�o;1;0;1;0;0;0;1;1;-29,194696;-52,185722;SPRF-RS;DEL04-RS;UOP01-DEL04-RS;;;
657773;27/01/2025;segunda-feira;18:40:00;MA;10;253;IMPERATRIZ;Condutor deixou de manter dist�ncia do ve�culo da frente;Colis�o traseira;Com V�timas Feridas;Plena Noite;Crescente;C�u Claro;Simples;Reta;Sim;3;0;0;1;2;0;1;2;-5,526911;-47,471455;SPRF-MA;DEL04-MA;UOP01-DEL04-MA;;;
657774;27/01/2025;segunda-feira;19:01:00;PE;428;140;LAGOA GRANDE;Convers�o proibida;Colis�o transversal;Com V�timas Feridas;Plena Noite;Decrescente;C�u Claro;Simples;"Reta;Interse��o de Vias";Sim;3;0;0;2;1;0;2;2;-9,00007204;-40,27205229;SPRF-PE;DEL06-PE;UOP03-DEL06-PE;;;
657775;27/01/2025;segunda-feira;18:50:00;SC;101;255,5;PAULO LOPES;Aus�ncia de rea��o do condutor;Colis�o traseira;Com V�timas Feridas;Anoitecer;Decrescente;Nublado;Simples;"Curva;Declive";N�o;5;0;1;0;3;1;1;2;-27,990146;-48,679981;SPRF-SC;DEL02-SC;UOP03-DEL02-SC;;;