id;data_inversa;dia_semana;horario;uf;br;km;municipio;causa_acidente;tipo_acidente;classificacao_acidente;fase_dia;sentido_via;condicao_metereologica;tipo_pista;tracado_via;uso_solo;pessoas;mortos;feridos_leves;feridos_graves;ilesos;ignorados;feridos;veiculos;latitude;longitude;regional;delegacia;uop;;;
657776;27/01/2025;segunda-feira;18:48:00;RN;110;125,1;AUGUSTO SEVERO;Defici�ncia do Sistema de Ilumina��o/Sinaliza��o;Colis�o traseira;Com V�timas Feridas;Plena Noite;Crescente;Nublado;Simples;Declive;N�o;2;0;1;0;1;0;1;2;-5,86081305;-37,31126581;SPRF-RN;DEL04-RN;UOP01-DEL04-RN;;;
657777;27/01/2025;segunda-feira;17:55:00;SC;101;14;GARUVA;Demais falhas mec�nicas ou el�tricas;Tombamento;Com V�timas Feridas;Pleno dia;Decrescente;Chuva;Dupla;Reta;N�o;2;0;2;0;0;0;2;1;-26,09803515;-48,86773972;SPRF-SC;DEL03-SC;UOP01-DEL03-SC;;;
657778;27/01/2025;segunda-feira;18:30:00;RJ;40;124;DUQUE DE CAXIAS;Carga excessiva e/ou mal acondicionada;Inc�ndio;Sem V�timas;Plena Noite;Crescente;Nublado;M�ltipla;Reta;Sim;1;0;0;0;1;0;0;1;-22,807953;-43,289124;SPRF-RJ;DEL01-RJ;UOP02-DEL01-RJ;;;
657780;27/01/2025;segunda-feira;20:20:00;RS;480;64,7;BARAO DE COTEGIPE;Ingest�o de �lcool pelo condutor;Colis�o frontal;Com V�timas Feridas;Plena Noite;Crescente;C�u Claro;Simples;Curva;Sim;2;0;1;0;1;0;1;2;-27,61899397;-52,38880515;SPRF-RS;DEL08-RS;UOP04-DEL08-RS;;;
657781;27/01/2025;segunda-feira;20:10:00;GO;60;101;ANAPOLIS;Manobra de mudan�a de faixa;Colis�o traseira;Sem V�timas;Plena Noite;Crescente;C�u Claro;Dupla;Retorno Regulamentado;Sim;3;0;0;0;3;0;0;3;-16,40416898;-48,97996187;SPRF-GO;DEL02-GO;UOP01-DEL02-GO;;;
657783;27/01/2025;segunda-feira;17:50:00;BA;330;806;JEQUIE;Velocidade Incompat�vel;Capotamento;Com V�timas Feridas;Anoitecer;Crescente;C�u Claro;Simples;Declive;N�o;2;0;1;1;0;0;2;1;-13,98328201;-39,94236501;SPRF-BA;DEL03-BA;UOP01-DEL03-BA;;;
657784;27/01/2025;segunda-feira;19:45:00;MS;262;380;TERENOS;Rea��o tardia ou ineficiente do condutor;Sa�da de leito carro��vel;Com V�timas Feridas;Plena Noite;Crescente;C�u Claro;Simples;"Retorno Regulamentado;Reta";N�o;2;0;1;0;1;0;1;1;-20,45577198;-54,84474093;SPRF-MS;DEL01-MS;UOP03-DEL01-MS;;;
657785;27/01/2025;segunda-feira;19:50:00;PE;232;403;SERRA TALHADA;Manobra de mudan�a de faixa;Colis�o lateral sentido oposto;Com V�timas Feridas;Pleno dia;Decrescente;Chuva;Simples;"Reta;Ponte";N�o;4;0;0;1;0;3;1;3;-8,00147098;-38,24433438;SPRF-PE;DEL04-PE;UOP01-DEL04-PE;;;
657786;27/01/2025;segunda-feira;17:40:00;RS;290;281,8;CACHOEIRA DO SUL;Ultrapassagem Indevida;Colis�o frontal;Com V�timas Feridas;Anoitecer;Crescente;Nublado;Simples;"Reta;Aclive";N�o;12;0;3;6;3;0;9;4;-30,251297;-53,033596;SPRF-RS;DEL02-RS;UOP03-DEL02-RS;;;
657788;27/01/2025;segunda-feira;19:00:00;SC;101;134;BALNEARIO CAMBORIU;Manobra de mudan�a de faixa;Colis�o traseira;Com V�timas Feridas;Plena Noite;Crescente;Nublado;M�ltipla;Reta;Sim;2;0;1;0;1;0;1;2;-27,00218;-48,636433;SPRF-SC;DEL04-SC;UOP03-DEL04-SC;;;
657789;27/01/2025;segunda-feira;18:50:00;PR;369;484,5;CORBELIA;Velocidade Incompat�vel;Tombamento;Com V�timas Feridas;Pleno dia;Decrescente;Chuva;Dupla;"Curva;Declive";Sim;1;0;1;0;0;0;1;1;-24,796051;-53,288598;SPRF-PR;DEL04-PR;UOP03-DEL04-PR;;;
657791;27/01/2025;segunda-feira;18:45:00;SC;280;58;GUARAMIRIM;Rea��o tardia ou ineficiente do condutor;Atropelamento de Pedestre;Com V�timas Feridas;Anoitecer;Crescente;Nublado;Dupla;Reta;Sim;2;0;1;0;1;0;1;2;-26,47415593;-49,021211;SPRF-SC;DEL03-SC;UOP03-DEL03-SC;;;
657792;27/01/2025;segunda-feira;15:30:00;PR;277;127,8;CAMPO LARGO;Pedestre andava na pista;Atropelamento de Pedestre;Com V�timas Feridas;Pleno dia;Crescente;Nublado;Dupla;Reta;Sim;2;0;0;1;1;0;1;2;-25,44496036;-49,49851513;SPRF-PR;DEL03-PR;UOP03-DEL03-PR;;;
657793;27/01/2025;segunda-feira;21:50:00;PE;232;7,9;RECIFE;Velocidade Incompat�vel;Sa�da de leito carro��vel;Com V�timas Feridas;Plena Noite;Decrescente;Chuva;Dupla;"Em Obras;Reta";Sim;1;0;1;0;0;0;1;1;-8,075878;-34,969798;SPRF-PE;DEL01-PE;UOP01-DEL01-PE;;;
657794;27/01/2025;segunda-feira;22:30:00;SC;101;206,3;SAO JOSE;Rea��o tardia ou ineficiente do condutor;Queda de ocupante de ve�culo;Com V�timas Feridas;Plena Noite;Decrescente;Garoa/Chuvisco;M�ltipla;Reta;Sim;2;0;2;0;0;0;2;1;-27,59193546;-48,61824557;SPRF-SC;DEL01-SC;UOP01-DEL01-SC;;;
657798;27/01/2025;segunda-feira;11:30:00;MG;262;37,4;MANHUACU;Rea��o tardia ou ineficiente do condutor;Colis�o lateral mesmo sentido;Com V�timas Feridas;Pleno dia;Crescente;C�u Claro;Simples;Curva;Sim;2;0;1;0;1;0;1;2;-20,25748975;-42,03048732;SPRF-MG;DEL06-MG;UOP03-DEL06-MG;;;
657801;27/01/2025;segunda-feira;22:00:00;MG;40;723,4;BARBACENA;Avarias e/ou desgaste excessivo no pneu;Sa�da de leito carro��vel;Com V�timas Feridas;Plena Noite;Decrescente;Garoa/Chuvisco;Dupla;Curva;N�o;4;0;4;0;0;0;4;1;-21,29864253;-43,62857213;SPRF-MG;DEL05-MG;UOP01-DEL05-MG;;;
657805;27/01/2025;segunda-feira;22:30:00;MG;365;628;UBERLANDIA;Aus�ncia de rea��o do condutor;Tombamento;Com V�timas Feridas;Plena Noite;Decrescente;Nublado;Simples;Reta;Sim;1;0;0;1;0;0;1;1;-18,90175741;-48,35287106;SPRF-MG;DEL15-MG;UOP01-DEL15-MG;;;
657809;28/01/2025;ter�a-feira;00:40:00;SP;116;277,7;EMBU DAS ARTES;Mal s�bito do condutor;Sa�da de leito carro��vel;Com V�timas Feridas;Plena Noite;Decrescente;Nublado;Dupla;Reta;Sim;1;0;1;0;0;0;1;1;-23,64870535;-46,84395469;SPRF-SP;DEL04-SP;UOP01-DEL04-SP;;;
657815;27/01/2025;segunda-feira;08:00:00;RJ;356;12;ITAPERUNA;Acessar a via sem observar a presen�a dos outros ve�culos;Colis�o transversal;Com V�timas Feridas;Pleno dia;Crescente;Sol;Simples;Reta;N�o;5;0;3;0;2;0;3;2;-21,16687137;-42,08055587;SPRF-RJ;DEL08-RJ;UOP03-DEL08-RJ;;;
657817;28/01/2025;ter�a-feira;06:20:00;SC;101;206,3;SAO JOSE;Acessar a via sem observar a presen�a dos outros ve�culos;Colis�o transversal;Com V�timas Feridas;Pleno dia;Decrescente;C�u Claro;M�ltipla;"Reta;Interse��o de Vias";Sim;2;0;0;1;1;0;1;2;-27,59193546;-48,61824557;SPRF-SC;DEL01-SC;UOP01-DEL01-SC;;;
657819;28/01/2025;ter�a-feira;06:22:00;MG;381;526;BRUMADINHO;Curva acentuada;Queda de ocupante de ve�culo;Com V�timas Feridas;Pleno dia;Crescente;C�u Claro;Dupla;Curva;N�o;1;0;0;1;0;0;1;1;-20,16175378;-44,34144636;SPRF-MG;DEL04-MG;UOP03-DEL04-MG;;;
657820;27/01/2025;segunda-feira;19:45:00;MS;262;592;MIRANDA;Aus�ncia de rea��o do condutor;Tombamento;Com V�timas Feridas;Plena Noite;Crescente;C�u Claro;Simples;Reta;N�o;1;0;1;0;0;0;1;1;-20,13367406;-56,674271;SPRF-MS;DEL03-MS;UOP02-DEL03-MS;;;
657821;28/01/2025;ter�a-feira;07:00:00;RS;392;352;SANTA MARIA;Condutor deixou de manter dist�ncia do ve�culo da frente;Colis�o traseira;Com V�timas Feridas;Pleno dia;Decrescente;Nublado;Simples;"Aclive;Reta";Sim;3;0;2;0;1;0;2;2;-29,725584;-53,805588;SPRF-RS;DEL09-RS;UOP01-DEL09-RS;;;
657822;28/01/2025;ter�a-feira;07:00:00;GO;80;20;PADRE BERNARDO;Rea��o tardia ou ineficiente do condutor;Tombamento;Com V�timas Feridas;Pleno dia;Crescente;C�u Claro;Simples;Reta;N�o;1;0;1;0;0;0;1;1;-15,377257;-48,214469;SPRF-DF;DEL03-DF;UOP02-DEL03-DF;;;
657823;28/01/2025;ter�a-feira;07:22:00;ES;101;204;JOAO NEIVA;Acessar a via sem observar a presen�a dos outros ve�culos;Colis�o transversal;Com V�timas Feridas;Pleno dia;Crescente;C�u Claro;Simples;Reta;Sim;2;0;1;0;1;0;1;2;-19,74948916;-40,37922678;SPRF-ES;DEL02-ES;UOP01-DEL02-ES;;;
657824;28/01/2025;ter�a-feira;07:37:00;ES;101;267;SERRA;Demais falhas mec�nicas ou el�tricas;Queda de ocupante de ve�culo;Com V�timas Feridas;Pleno dia;Crescente;C�u Claro;Dupla;Reta;Sim;2;0;1;0;0;1;1;2;-20,19930999;-40,26884609;SPRF-ES;DEL02-ES;UOP01-DEL02-ES;;;
657827;28/01/2025;ter�a-feira;07:50:00;RS;116;265;CANOAS;Manobra de mudan�a de faixa;Colis�o lateral mesmo sentido;Com V�timas Feridas;Pleno dia;Crescente;C�u Claro;Dupla;Curva;N�o;3;0;1;0;2;0;1;2;-29,92342302;-51,17780944;SPRF-RS;DEL01-RS;UOP01-DEL01-RS;;;
657828;28/01/2025;ter�a-feira;06:50:00;RJ;40;12,9;TRES RIOS;Condutor Dormindo;Sa�da de leito carro��vel;Com V�timas Feridas;Pleno dia;Crescente;Nublado;Dupla;Curva;N�o;1;0;1;0;0;0;1;1;-22,05732477;-43,19811326;SPRF-RJ;DEL05-RJ;UOP02-DEL05-RJ;;;
657829;28/01/2025;ter�a-feira;06:45:00;BA;324;590;CANDEIAS;Aus�ncia de rea��o do condutor;Colis�o com objeto;Com V�timas Feridas;Pleno dia;Crescente;C�u Claro;Dupla;Reta;N�o;3;0;2;0;1;0;2;1;-12,67291202;-38,46908411;SPRF-BA;DEL01-BA;UOP01-DEL01-BA;;;
657830;28/01/2025;ter�a-feira;07:30:00;PR;116;118;CURITIBA;Aus�ncia de rea��o do condutor;Engavetamento;Sem V�timas;Pleno dia;Decrescente;C�u Claro;Dupla;Reta;N�o;4;0;0;0;4;0;0;4;-25,54657438;-49,29173608;SPRF-PR;DEL01-PR;UOP03-DEL01-PR;;;
657831;28/01/2025;ter�a-feira;07:40:00;PR;277;82;CURITIBA;Trafegar com motocicleta (ou similar) entre as faixas;Colis�o traseira;Com V�timas Feridas;Pleno dia;Crescente;C�u Claro;Dupla;Reta;Sim;3;0;2;0;1;0;2;2;-25,568939;-49,181978;SPRF-PR;DEL01-PR;UOP03-DEL01-PR;;;
657832;28/01/2025;ter�a-feira;06:00:00;RJ;493;62;DUQUE DE CAXIAS;Aus�ncia de rea��o do condutor;Sa�da de leito carro��vel;Com V�timas Feridas;Pleno dia;Decrescente;C�u Claro;Dupla;Reta;N�o;2;0;1;0;1;0;1;1;-22,672089;-43,285053;SPRF-RJ;DEL01-RJ;UOP03-DEL01-RJ;;;
657833;28/01/2025;ter�a-feira;07:58:00;MG;40;470,9;SETE LAGOAS;Velocidade Incompat�vel;Colis�o com objeto;Sem V�timas;Pleno dia;Decrescente;C�u Claro;Dupla;Reta;N�o;1;0;0;0;1;0;0;1;-19,474607;-44,29196;SPRF-MG;DEL02-MG;UOP01-DEL02-MG;;;
657834;28/01/2025;ter�a-feira;07:37:00;SC;101;204,2;SAO JOSE;Rea��o tardia ou ineficiente do condutor;Tombamento;Com V�timas Feridas;Pleno dia;Crescente;Nublado;M�ltipla;Reta;Sim;1;0;1;0;0;0;1;1;-27,58313237;-48,61532885;SPRF-SC;DEL01-SC;UOP01-DEL01-SC;;;
657835;28/01/2025;ter�a-feira;08:15:00;RS;116;300;GUAIBA;Acessar a via sem observar a presen�a dos outros ve�culos;Colis�o frontal;Com V�timas Feridas;Pleno dia;Decrescente;Nublado;Simples;Reta;Sim;2;0;0;1;1;0;1;2;-30,12131741;-51,34788752;SPRF-RS;DEL02-RS;UOP01-DEL02-RS;;;
657836;28/01/2025;ter�a-feira;08:00:00;PI;343;306,5;ALTOS;Desrespeitar a prefer�ncia no cruzamento;Colis�o transversal;Com V�timas Feridas;Pleno dia;Decrescente;C�u Claro;Simples;"Interse��o de Vias;Reta";Sim;2;0;0;1;1;0;1;2;-5,038756;-42,450893;SPRF-PI;DEL01-PI;UOP01-DEL01-PI;;;
657837;26/01/2025;domingo;17:30:00;RJ;116;142;DUQUE DE CAXIAS;Trafegar com motocicleta (ou similar) entre as faixas;Colis�o traseira;Com V�timas Feridas;Pleno dia;Crescente;C�u Claro;Dupla;Reta;Sim;2;0;1;0;1;0;1;2;-22,64876087;-43,23031638;SPRF-RJ;DEL01-RJ;UOP02-DEL01-RJ;;;
657838;28/01/2025;ter�a-feira;07:45:00;PI;343;7;PARNAIBA;Animais na Pista;Atropelamento de Animal;Com V�timas Feridas;Pleno dia;Crescente;C�u Claro;Simples;Reta;Sim;1;0;0;1;0;0;1;1;-2,898051;-41,714767;SPRF-PI;DEL05-PI;UOP01-DEL05-PI;;;
657840;28/01/2025;ter�a-feira;07:42:00;PE;104;64;CARUARU;Rea��o tardia ou ineficiente do condutor;Colis�o traseira;Com V�timas Feridas;Pleno dia;Decrescente;Nublado;Dupla;Reta;Sim;2;0;1;0;1;0;1;2;-8,2783;-35,9815;SPRF-PE;DEL02-PE;UOP01-DEL02-PE;;;
657841;28/01/2025;ter�a-feira;06:55:00;MS;163;469;CAMPO GRANDE;Acumulo de areia ou detritos sobre o pavimento;Tombamento;Com V�timas Feridas;Pleno dia;Crescente;C�u Claro;Simples;Reta;Sim;2;0;1;0;0;1;1;2;-20,566965;-54,561515;SPRF-MS;DEL01-MS;UOP01-DEL01-MS;;;
657842;28/01/2025;ter�a-feira;08:50:00;SP;153;62,5;SAO JOSE DO RIO PRETO;Manobra de mudan�a de faixa;Colis�o lateral mesmo sentido;Com V�timas Feridas;Pleno dia;Crescente;C�u Claro;Dupla;"Aclive;Reta";Sim;2;0;1;0;1;0;1;2;-20,81325404;-49,35675563;SPRF-SP;DEL09-SP;UOP01-DEL09-SP;;;
657844;28/01/2025;ter�a-feira;07:40:00;SC;101;282;IMBITUBA;Rea��o tardia ou ineficiente do condutor;Colis�o transversal;Com V�timas Feridas;Pleno dia;Crescente;C�u Claro;Dupla;Rotat�ria;Sim;2;0;1;0;1;0;1;2;-28,19626005;-48,69739859;SPRF-SC;DEL02-SC;UOP03-DEL02-SC;;;
657845;28/01/2025;ter�a-feira;08:18:00;PE;101;76;RECIFE;Transitar no Acostamento;Atropelamento de Pedestre;Com V�timas Feridas;Pleno dia;Decrescente;Nublado;Dupla;Reta;Sim;3;0;1;1;0;1;2;2;-8,11152;-34,94591;SPRF-PE;DEL01-PE;UOP01-DEL01-PE;;;
657846;28/01/2025;ter�a-feira;08:40:00;SC;101;208,3;SAO JOSE;Aus�ncia de rea��o do condutor;Tombamento;Com V�timas Feridas;Pleno dia;Decrescente;C�u Claro;M�ltipla;Reta;Sim;1;0;1;0;0;0;1;1;-27,60327979;-48,63201818;SPRF-SC;DEL01-SC;UOP01-DEL01-SC;;;
657847;28/01/2025;ter�a-feira;08:50:00;MG;50;0,2;ARAGUARI;Rea��o tardia ou ineficiente do condutor;Sa�da de leito carro��vel;Com V�timas Feridas;Pleno dia;Crescente;C�u Claro;Dupla;"Curva;Aclive";N�o;1;0;1;0;0;0;1;1;-18,42432;-48,068207;SPRF-MG;DEL15-MG;UOP02-DEL15-MG;;;
657848;28/01/2025;ter�a-feira;09:00:00;DF;20;6;BRASILIA;Manobra de mudan�a de faixa;Colis�o lateral mesmo sentido;Com V�timas Feridas;Pleno dia;Decrescente;C�u Claro;Dupla;Reta;Sim;3;0;3;0;0;0;3;2;-15,665888;-47,808308;SPRF-DF;DEL02-DF;UOP01-DEL02-DF;;;
657849;28/01/2025;ter�a-feira;07:45:00;PR;376;216,9;JANDAIA DO SUL;Desrespeitar a prefer�ncia no cruzamento;Colis�o transversal;Com V�timas Feridas;Pleno dia;Decrescente;Nublado;Simples;"Aclive;Interse��o de Vias";Sim;3;0;3;0;0;0;3;2;-23,59767281;-51,63339596;SPRF-PR;DEL09-PR;UOP01-DEL09-PR;;;
657850;28/01/2025;ter�a-feira;08:50:00;SC;101;207,9;SAO JOSE;Rea��o tardia ou ineficiente do condutor;Colis�o traseira;Com V�timas Feridas;Pleno dia;Crescente;Nublado;M�ltipla;Curva;Sim;2;0;0;1;1;0;1;2;-27,60001226;-48,6226467;SPRF-SC;DEL01-SC;UOP01-DEL01-SC;;;
657853;24/01/2025;sexta-feira;22:30:00;RJ;356;134;CAMPOS DOS GOYTACAZES;Pedestre andava na pista;Atropelamento de Pedestre;Com V�timas Feridas;Plena Noite;Crescente;C�u Claro;Simples;"Interse��o de Vias;Reta";Sim;3;0;1;2;0;0;3;2;-21,72679391;-41,34758482;SPRF-RJ;DEL08-RJ;UOP01-DEL08-RJ;;;
657854;28/01/2025;ter�a-feira;07:40:00;SC;101;112,2;ITAJAI;Aus�ncia de rea��o do condutor;Colis�o lateral mesmo sentido;Com V�timas Feridas;Pleno dia;Crescente;Nublado;Dupla;Reta;N�o;2;0;1;0;1;0;1;2;-26,84589005;-48,72131295;SPRF-SC;DEL04-SC;UOP04-DEL04-SC;;;
657855;28/01/2025;ter�a-feira;08:42:00;PR;272;367,9;CAMPO MOURAO;Rea��o tardia ou ineficiente do condutor;Colis�o com objeto;Com V�timas Feridas;Pleno dia;Crescente;C�u Claro;Dupla;Reta;Sim;2;0;1;0;0;1;1;2;-24,05398844;-52,40924835;SPRF-PR;DEL09-PR;UOP03-DEL09-PR;;;
657860;28/01/2025;ter�a-feira;07:40:00;SC;282;573;NOVA ERECHIM;Acessar a via sem observar a presen�a dos outros ve�culos;Colis�o transversal;Com V�timas Feridas;Pleno dia;Crescente;C�u Claro;Simples;Reta;N�o;2;0;0;1;1;0;1;2;-26,872942;-52,956654;SPRF-SC;DEL07-SC;UOP02-DEL07-SC;;;
657861;28/01/2025;ter�a-feira;10:00:00;RS;290;409,2;SANTA MARGARIDA DO SUL;Acessar a via sem observar a presen�a dos outros ve�culos;Colis�o transversal;Sem V�timas;Pleno dia;Decrescente;Sol;Simples;Reta;N�o;6;0;0;0;6;0;0;2;-30,3650255;-54,24310684;SPRF-RS;DEL09-RS;UOP02-DEL09-RS;;;
657862;28/01/2025;ter�a-feira;10:30:00;SC;101;119,5;ITAJAI;Aus�ncia de rea��o do condutor;Colis�o lateral mesmo sentido;Com V�timas Feridas;Pleno dia;Crescente;Nublado;Dupla;"Reta;Ponte";N�o;2;0;0;1;1;0;1;2;-26,9043179;-48,71555481;SPRF-SC;DEL04-SC;UOP04-DEL04-SC;;;
657863;28/01/2025;ter�a-feira;07:55:00;ES;262;134;BREJETUBA;Transitar na contram�o;Colis�o frontal;Com V�timas Feridas;Pleno dia;Crescente;Nevoeiro/Neblina;Simples;Curva;N�o;7;0;5;0;2;0;5;2;-20,24029105;-41,32539293;SPRF-ES;DEL01-ES;UOP02-DEL01-ES;;;
657864;28/01/2025;ter�a-feira;10:40:00;RS;116;247;SAO LEOPOLDO;Manobra de mudan�a de faixa;Colis�o lateral mesmo sentido;Com V�timas Feridas;Pleno dia;Decrescente;C�u Claro;M�ltipla;Reta;Sim;2;0;1;0;1;0;1;2;-29,76733091;-51,1535296;SPRF-RS;DEL01-RS;UOP02-DEL01-RS;;;
657865;28/01/2025;ter�a-feira;10:20:00;RS;290;637,8;URUGUAIANA;Rea��o tardia ou ineficiente do condutor;Colis�o traseira;Com V�timas Feridas;Pleno dia;Crescente;C�u Claro;Simples;"Reta;Em Obras";N�o;9;0;0;1;8;0;1;2;-30,019506;-56,290599;SPRF-RS;DEL13-RS;UOP02-DEL13-RS;;;
657867;18/01/2025;s�bado;15:15:00;PR;153;83;CONSELHEIRO MAIRINCK;Acumulo de �gua sobre o pavimento;Sa�da de leito carro��vel;Com V�timas Feridas;Pleno dia;Crescente;Nublado;Simples;Reta;N�o;5;0;5;0;0;0;5;1;-23,6302471;-50,14830773;SPRF-PR;DEL07-PR;UOP04-DEL07-PR;;;
657868;28/01/2025;ter�a-feira;11:20:00;RJ;101;58;CAMPOS DOS GOYTACAZES;Aus�ncia de rea��o do condutor;Colis�o traseira;Com V�timas Feridas;Pleno dia;Crescente;C�u Claro;Simples;Reta;Sim;5;0;2;0;3;0;2;2;-21,70488703;-41,30979616;SPRF-RJ;DEL08-RJ;UOP01-DEL08-RJ;;;
657870;28/01/2025;ter�a-feira;10:45:00;GO;80;25;PADRE BERNARDO;Aus�ncia de rea��o do condutor;Sa�da de leito carro��vel;Com V�timas Feridas;Pleno dia;Crescente;Chuva;Simples;Curva;N�o;2;0;2;0;0;0;2;1;-15,337575;-48,233721;SPRF-DF;DEL03-DF;UOP02-DEL03-DF;;;
657871;28/01/2025;ter�a-feira;10:40:00;MA;316;559;CAXIAS;Acessar a via sem observar a presen�a dos outros ve�culos;Colis�o lateral mesmo sentido;Com V�timas Feridas;Pleno dia;Crescente;C�u Claro;Simples;Curva;N�o;2;0;0;1;1;0;1;2;-4,886379;-43,292355;SPRF-MA;DEL03-MA;UOP02-DEL03-MA;;;
657872;28/01/2025;ter�a-feira;11:30:00;PR;277;699;SAO MIGUEL DO IGUACU;Condutor Dormindo;Colis�o com objeto;Com V�timas Feridas;Pleno dia;Crescente;C�u Claro;Dupla;"Declive;Reta";N�o;2;0;1;0;1;0;1;1;-25,40119949;-54,31992672;SPRF-PR;DEL05-PR;UOP01-DEL05-PR;;;
657874;28/01/2025;ter�a-feira;11:45:00;SC;101;119,1;ITAJAI;Manobra de mudan�a de faixa;Colis�o lateral mesmo sentido;Com V�timas Feridas;Pleno dia;Decrescente;Nublado;Dupla;Reta;N�o;2;0;0;1;1;0;1;2;-26,9043179;-48,71555481;SPRF-SC;DEL04-SC;UOP04-DEL04-SC;;;
657878;28/01/2025;ter�a-feira;12:55:00;ES;101;304;VIANA;Aus�ncia de rea��o do condutor;Colis�o traseira;Com V�timas Feridas;Pleno dia;Crescente;Sol;Dupla;Reta;N�o;2;0;1;0;1;0;1;2;-20,3800645;-40,45431391;SPRF-ES;DEL01-ES;UOP01-DEL01-ES;;;
657879;28/01/2025;ter�a-feira;12:30:00;PR;376;8;MARINGA;Avarias e/ou desgaste excessivo no pneu;Queda de ocupante de ve�culo;Com V�timas Feridas;Pleno dia;Crescente;C�u Claro;Dupla;"Declive;Reta";N�o;2;0;2;0;0;0;2;1;-23,4273;-51,9375;SPRF-PR;DEL09-PR;UOP01-DEL09-PR;;;
657881;28/01/2025;ter�a-feira;08:10:00;GO;153;442,3;ANAPOLIS;Rea��o tardia ou ineficiente do condutor;Tombamento;Sem V�timas;Pleno dia;Decrescente;Nublado;Dupla;Reta;Sim;1;0;0;0;1;0;0;1;-16,325272;-48,922024;SPRF-GO;DEL02-GO;UOP01-DEL02-GO;;;
657885;28/01/2025;ter�a-feira;12:30:00;MG;262;34,1;MANHUACU;Desrespeitar a prefer�ncia no cruzamento;Colis�o transversal;Com V�timas Feridas;Pleno dia;Crescente;C�u Claro;Simples;"Reta;Rotat�ria";Sim;2;0;1;0;1;0;1;2;-20,25692664;-42,01099203;SPRF-MG;DEL06-MG;UOP03-DEL06-MG;;;
657891;28/01/2025;ter�a-feira;12:40:00;SP;153;89;JACI;Transitar na contram�o;Sa�da de leito carro��vel;Com V�timas Feridas;Pleno dia;Decrescente;C�u Claro;Simples;Reta;N�o;1;0;1;0;0;0;1;1;-20,95392297;-49,55130302;SPRF-SP;DEL09-SP;UOP01-DEL09-SP;;;
657893;28/01/2025;ter�a-feira;13:10:00;PI;343;8,9;PARNAIBA;Acessar a via sem observar a presen�a dos outros ve�culos;Colis�o transversal;Com V�timas Feridas;Pleno dia;Decrescente;C�u Claro;Simples;Reta;Sim;2;0;1;0;0;1;1;2;-2,899382;-41,723724;SPRF-PI;DEL05-PI;UOP01-DEL05-PI;;;
657899;28/01/2025;ter�a-feira;14:20:00;SC;470;134,6;RIO DO SUL;Mal s�bito do condutor;Sa�da de leito carro��vel;Com V�timas Feridas;Pleno dia;Crescente;Nublado;Simples;Reta;Sim;1;0;1;0;0;0;1;1;-27,17738539;-49,59373355;SPRF-SC;DEL04-SC;UOP02-DEL04-SC;;;
657902;28/01/2025;ter�a-feira;15:15:00;SC;101;213,1;PALHOCA;Manobra de mudan�a de faixa;Colis�o lateral mesmo sentido;Com V�timas Feridas;Pleno dia;Crescente;C�u Claro;M�ltipla;"Aclive;Reta";N�o;5;0;3;0;2;0;3;2;-27,63697369;-48,66514142;SPRF-SC;DEL01-SC;UOP02-DEL01-SC;;;
657904;28/01/2025;ter�a-feira;15:00:00;ES;101;392;RIO NOVO DO SUL;Acessar a via sem observar a presen�a dos outros ve�culos;Colis�o transversal;Com V�timas Feridas;Pleno dia;Crescente;C�u Claro;Simples;Interse��o de Vias;N�o;6;0;0;1;5;0;1;2;-20,86675192;-40,90785027;SPRF-ES;DEL03-ES;UOP02-DEL03-ES;;;
657905;28/01/2025;ter�a-feira;15:20:00;RS;290;19,9;SANTO ANTONIO DA PATRULHA;Demais falhas mec�nicas ou el�tricas;Colis�o traseira;Com V�timas Feridas;Pleno dia;Crescente;C�u Claro;Dupla;Reta;N�o;3;0;1;0;2;0;1;2;-29,884407;-50,444893;SPRF-RS;DEL03-RS;UOP01-DEL03-RS;;;
657906;28/01/2025;ter�a-feira;13:20:00;RJ;40;121;DUQUE DE CAXIAS;Aus�ncia de rea��o do condutor;Queda de ocupante de ve�culo;Com V�timas Feridas;Pleno dia;Decrescente;C�u Claro;Simples;Rotat�ria;Sim;1;0;1;0;0;0;1;1;-22,78185499;-43,28571273;SPRF-RJ;DEL01-RJ;UOP02-DEL01-RJ;;;
657907;28/01/2025;ter�a-feira;15:10:00;ES;101;283;CARIACICA;Transitar na contram�o;Colis�o frontal;Com V�timas Feridas;Pleno dia;Decrescente;C�u Claro;Simples;"Curva;Retorno Regulamentado";Sim;3;0;0;1;2;0;1;2;-20,23074547;-40,3673047;SPRF-ES;DEL01-ES;UOP01-DEL01-ES;;;
657908;28/01/2025;ter�a-feira;14:13:00;PR;369;37,5;ANDIRA;Condutor desrespeitou a ilumina��o vermelha do sem�foro;Colis�o transversal;Com V�timas Feridas;Pleno dia;Decrescente;Sol;Simples;Interse��o de Vias;Sim;4;0;1;0;3;0;1;2;-23,04716635;-50,23535013;SPRF-PR;DEL07-PR;UOP05-DEL07-PR;;;
657909;28/01/2025;ter�a-feira;15:40:00;MG;381;494;BETIM;Rea��o tardia ou ineficiente do condutor;Tombamento;Com V�timas Feridas;Pleno dia;Decrescente;Nublado;Dupla;Reta;Sim;1;0;1;0;0;0;1;1;-19,985563;-44,20318;SPRF-MG;DEL01-MG;UOP03-DEL01-MG;;;
657914;28/01/2025;ter�a-feira;15:05:00;RJ;493;6;ITABORAI;Retorno proibido;Colis�o transversal;Com V�timas Feridas;Pleno dia;Crescente;C�u Claro;Simples;"Reta;Em Obras";N�o;2;0;1;0;1;0;1;2;-22,73124198;-42,95145305;SPRF-RJ;DEL02-RJ;UOP02-DEL02-RJ;;;