id;data_inversa;dia_semana;horario;uf;br;km;municipio;causa_acidente;tipo_acidente;classificacao_acidente;fase_dia;sentido_via;condicao_metereologica;tipo_pista;tracado_via;uso_solo;pessoas;mortos;feridos_leves;feridos_graves;ilesos;ignorados;feridos;veiculos;latitude;longitude;regional;delegacia;uop;;;
657915;28/01/2025;ter�a-feira;16:20:00;RJ;101;503;ANGRA DOS REIS;Transitar no Acostamento;Colis�o transversal;Com V�timas Feridas;Pleno dia;Decrescente;Nublado;Simples;Reta;N�o;3;0;1;0;2;0;1;2;-22,92526971;-44,36990312;SPRF-RJ;DEL03-RJ;UOP03-DEL03-RJ;;;
657917;28/01/2025;ter�a-feira;17:17:00;RN;101;97;NATAL;Aus�ncia de rea��o do condutor;Colis�o traseira;Com V�timas Feridas;Pleno dia;Decrescente;C�u Claro;M�ltipla;Reta;Sim;3;0;1;0;2;0;1;2;-5,85758898;-35,21271205;SPRF-RN;DEL01-RN;UOP01-DEL01-RN;;;
657920;28/01/2025;ter�a-feira;11:20:00;BA;101;825;ITAMARAJU;Curva acentuada;Colis�o frontal;Com V�timas Feridas;Pleno dia;Crescente;C�u Claro;Simples;Curva;N�o;2;0;1;0;1;0;1;2;-17,150802;-39,566957;SPRF-BA;DEL09-BA;UOP02-DEL09-BA;;;
657921;28/01/2025;ter�a-feira;14:30:00;GO;60;133;GOIANIA;Aus�ncia de rea��o do condutor;Sa�da de leito carro��vel;Com V�timas Feridas;Pleno dia;Crescente;C�u Claro;Dupla;Declive;N�o;2;0;0;2;0;0;2;1;-16,5815;-49,1772;SPRF-GO;DEL01-GO;UOP01-DEL01-GO;;;
657922;28/01/2025;ter�a-feira;16:30:00;PR;153;502;GENERAL CARNEIRO;Velocidade Incompat�vel;Sa�da de leito carro��vel;Com V�timas Feridas;Pleno dia;Crescente;Chuva;Simples;Curva;N�o;1;0;1;0;0;0;1;1;-26,504;-51,349;SPRF-PR;DEL02-PR;UOP03-DEL02-PR;;;
657924;28/01/2025;ter�a-feira;17:15:00;TO;153;147;ARAGUAINA;Aus�ncia de rea��o do condutor;Queda de ocupante de ve�culo;Com V�timas Feridas;Pleno dia;Decrescente;C�u Claro;Simples;Reta;Sim;1;0;0;1;0;0;1;1;-7,22175693;-48,24826214;SPRF-TO;DEL02-TO;UOP01-DEL02-TO;;;
657925;28/01/2025;ter�a-feira;16:15:00;PI;343;51;BURITI DOS LOPES;Demais falhas mec�nicas ou el�tricas;Inc�ndio;Sem V�timas;Pleno dia;Decrescente;C�u Claro;Simples;Reta;N�o;1;0;0;0;1;0;0;1;-3,187513;-41,846832;SPRF-PI;DEL05-PI;UOP01-DEL05-PI;;;
657926;28/01/2025;ter�a-feira;17:35:00;RS;116;551,9;CAPAO DO LEAO;Aus�ncia de rea��o do condutor;Tombamento;Com V�timas Feridas;Pleno dia;Crescente;C�u Claro;Simples;Reta;N�o;2;0;2;0;0;0;2;1;-31,86859597;-52,61260502;SPRF-RS;DEL07-RS;UOP03-DEL07-RS;;;
657927;28/01/2025;ter�a-feira;17:40:00;SC;280;4,5;SAO FRANCISCO DO SUL;Ultrapassagem Indevida;Atropelamento de Pedestre;Com V�timas Feridas;Pleno dia;Crescente;C�u Claro;Simples;Reta;Sim;2;0;1;0;1;0;1;2;-26,25329566;-48,61916042;SPRF-SC;DEL03-SC;UOP03-DEL03-SC;;;
657928;28/01/2025;ter�a-feira;17:20:00;ES;259;53;COLATINA;Retorno proibido;Colis�o transversal;Com V�timas Feridas;Pleno dia;Crescente;C�u Claro;Simples;Reta;N�o;2;0;1;0;0;1;1;2;-19,49989886;-40,62939795;SPRF-ES;DEL02-ES;UOP01-DEL02-ES;;;
657929;28/01/2025;ter�a-feira;17:30:00;PR;369;134;IBIPORA;Velocidade Incompat�vel;Tombamento;Com V�timas Feridas;Pleno dia;Decrescente;C�u Claro;Simples;Reta;Sim;1;0;0;1;0;0;1;1;-23,26405057;-51,03438669;SPRF-PR;DEL07-PR;UOP01-DEL07-PR;;;
657931;28/01/2025;ter�a-feira;17:15:00;SC;470;289;CAMPOS NOVOS;Rea��o tardia ou ineficiente do condutor;Colis�o transversal;Sem V�timas;Pleno dia;Crescente;C�u Claro;Simples;"Reta;Interse��o de Vias";N�o;2;0;0;0;2;0;0;2;-27,333546;-50,95219;SPRF-SC;DEL07-SC;UOP06-DEL07-SC;;;
657933;28/01/2025;ter�a-feira;17:20:00;SC;101;37;SAO JOSE;Demais falhas mec�nicas ou el�tricas;Inc�ndio;Com V�timas Feridas;Pleno dia;Crescente;Nublado;Dupla;Reta;N�o;5;0;2;0;3;0;2;1;-27,5884;-48,6128;SPRF-SC;DEL01-SC;UOP02-DEL01-SC;;;
657934;28/01/2025;ter�a-feira;18:30:00;PB;101;41;MAMANGUAPE;Pedestre cruzava a pista fora da faixa;Atropelamento de Pedestre;Com V�timas Feridas;Plena Noite;Crescente;C�u Claro;Dupla;"Reta;Declive";Sim;2;0;1;0;0;1;1;2;-6,84766595;-35,13549958;SPRF-PB;DEL01-PB;UOP03-DEL01-PB;;;
657935;28/01/2025;ter�a-feira;18:45:00;SP;116;147;SAO JOSE DOS CAMPOS;Trafegar com motocicleta (ou similar) entre as faixas;Colis�o traseira;Com V�timas Feridas;Pleno dia;Decrescente;C�u Claro;M�ltipla;Reta;Sim;2;0;1;0;1;0;1;2;-23,19542994;-45,87176303;SPRF-SP;DEL02-SP;UOP01-DEL02-SP;;;
657937;28/01/2025;ter�a-feira;19:00:00;RS;116;266;CANOAS;Aus�ncia de rea��o do condutor;Colis�o traseira;Com V�timas Feridas;Anoitecer;Decrescente;Nublado;Dupla;Reta;Sim;2;0;1;0;1;0;1;2;-29,93242399;-51,17742077;SPRF-RS;DEL01-RS;UOP01-DEL01-RS;;;
657938;28/01/2025;ter�a-feira;18:00:00;RJ;101;488;ANGRA DOS REIS;Aus�ncia de rea��o do condutor;Colis�o transversal;Com V�timas Feridas;Anoitecer;Decrescente;C�u Claro;Simples;Reta;Sim;2;0;1;0;1;0;1;2;-22,96020896;-44,29612622;SPRF-RJ;DEL03-RJ;UOP03-DEL03-RJ;;;
657939;28/01/2025;ter�a-feira;17:12:00;MT;163;118;RONDONOPOLIS;Rea��o tardia ou ineficiente do condutor;Tombamento;Com V�timas Feridas;Pleno dia;Crescente;Nublado;Dupla;"Declive;Reta";Sim;1;0;1;0;0;0;1;1;-16,51361392;-54,65519619;SPRF-MT;DEL02-MT;UOP01-DEL02-MT;;;
657940;28/01/2025;ter�a-feira;17:00:00;SC;101;134;BALNEARIO CAMBORIU;Acessar a via sem observar a presen�a dos outros ve�culos;Colis�o traseira;Com V�timas Feridas;Pleno dia;Decrescente;C�u Claro;Dupla;"Interse��o de Vias;Reta";Sim;2;0;1;0;1;0;1;2;-27,00239351;-48,63516033;SPRF-SC;DEL04-SC;UOP03-DEL04-SC;;;
657941;28/01/2025;ter�a-feira;17:50:00;SC;101;147;ITAPEMA;Trafegar com motocicleta (ou similar) entre as faixas;Colis�o lateral mesmo sentido;Com V�timas Feridas;Anoitecer;Decrescente;C�u Claro;Dupla;"Interse��o de Vias;Reta";Sim;1;0;1;0;0;0;1;1;-27,10386414;-48,61620784;SPRF-SC;DEL04-SC;UOP03-DEL04-SC;;;
657942;28/01/2025;ter�a-feira;18:15:00;SC;101;147;ITAPEMA;Rea��o tardia ou ineficiente do condutor;Colis�o lateral mesmo sentido;Com V�timas Feridas;Anoitecer;Decrescente;C�u Claro;Dupla;Reta;Sim;2;0;0;1;1;0;1;2;-27,09237407;-48,61730888;SPRF-SC;DEL04-SC;UOP03-DEL04-SC;;;
657943;28/01/2025;ter�a-feira;15:29:00;MG;116;408,7;GOVERNADOR VALADARES;Acessar a via sem observar a presen�a dos outros ve�culos;Colis�o transversal;Com V�timas Feridas;Pleno dia;Decrescente;C�u Claro;Dupla;"Retorno Regulamentado;Reta;Viaduto;Interse��o de Vias";Sim;3;0;1;0;1;1;1;3;-18,84740607;-41,98021889;SPRF-MG;DEL06-MG;UOP01-DEL06-MG;;;
657946;28/01/2025;ter�a-feira;19:24:00;AP;210;2;MACAPA;Acessar a via sem observar a presen�a dos outros ve�culos;Colis�o transversal;Com V�timas Feridas;Plena Noite;Crescente;C�u Claro;Simples;Interse��o de Vias;Sim;2;0;1;0;0;1;1;2;0,08282017;-51,07776189;SPRF-AP;DEL01-AP;UOP01-DEL01-AP;;;
657947;28/01/2025;ter�a-feira;19:00:00;DF;20;3;BRASILIA;Rea��o tardia ou ineficiente do condutor;Colis�o traseira;Com V�timas Feridas;Anoitecer;Decrescente;C�u Claro;Dupla;"Aclive;Reta;Retorno Regulamentado";Sim;2;0;1;0;1;0;1;2;-15,679851;-47,832211;SPRF-DF;DEL02-DF;UOP01-DEL02-DF;;;
657948;28/01/2025;ter�a-feira;19:10:00;RS;392;100;MORRO REDONDO;Rea��o tardia ou ineficiente do condutor;Colis�o frontal;Sem V�timas;Plena Noite;Crescente;C�u Claro;Simples;"Aclive;Reta";N�o;2;0;0;0;2;0;0;2;-31,53549865;-52,57624475;SPRF-RS;DEL07-RS;UOP01-DEL07-RS;;;
657949;28/01/2025;ter�a-feira;18:50:00;SP;116;538;BARRA DO TURVO;Rea��o tardia ou ineficiente do condutor;Colis�o com objeto;Sem V�timas;Anoitecer;Crescente;Garoa/Chuvisco;Dupla;Curva;N�o;2;0;0;0;2;0;0;1;-24,97172153;-48,37309592;SPRF-SP;DEL05-SP;UOP02-DEL05-SP;;;
657950;28/01/2025;ter�a-feira;18:47:00;RO;364;343;JI-PARANA;Condutor desrespeitou a ilumina��o vermelha do sem�foro;Colis�o transversal;Com V�timas Feridas;Plena Noite;Decrescente;C�u Claro;Dupla;Reta;N�o;3;0;2;0;0;1;2;3;-10,87878519;-61,94499012;SPRF-RO;DEL02-RO;UOP01-DEL02-RO;;;
657951;28/01/2025;ter�a-feira;18:30:00;AC;364;121;RIO BRANCO;Demais falhas na via;Queda de ocupante de ve�culo;Sem V�timas;Plena Noite;Decrescente;C�u Claro;Dupla;Reta;Sim;1;0;0;0;1;0;0;1;-10,01209268;-67,764365;SPRF-AC;DEL01-AC;UOP01-DEL01-AC;;;
657952;28/01/2025;ter�a-feira;18:30:00;RN;110;35,1;MOSSORO;Animais na Pista;Atropelamento de Animal;Com V�timas Feridas;Plena Noite;Decrescente;C�u Claro;Simples;Curva;N�o;2;0;1;1;0;0;2;1;-5,16806008;-37,22635297;SPRF-RN;DEL04-RN;UOP01-DEL04-RN;;;
657953;28/01/2025;ter�a-feira;20:00:00;RS;116;530;CAPAO DO LEAO;Acessar a via sem observar a presen�a dos outros ve�culos;Colis�o transversal;Com V�timas Feridas;Plena Noite;Crescente;C�u Claro;Simples;"Reta;Interse��o de Vias";Sim;2;0;0;1;1;0;1;2;-31,76021015;-52,43834496;SPRF-RS;DEL07-RS;UOP01-DEL07-RS;;;
657956;28/01/2025;ter�a-feira;19:00:00;RJ;40;80;PETROPOLIS;Rea��o tardia ou ineficiente do condutor;Queda de ocupante de ve�culo;Com V�timas Feridas;Anoitecer;Decrescente;Nublado;Dupla;Curva;Sim;2;0;1;0;1;0;1;1;-22,49798597;-43,22878703;SPRF-RJ;DEL01-RJ;UOP01-DEL01-RJ;;;
657957;28/01/2025;ter�a-feira;19:00:00;MS;262;364;CAMPO GRANDE;Demais falhas mec�nicas ou el�tricas;Inc�ndio;Sem V�timas;Plena Noite;Crescente;C�u Claro;Simples;Reta;Sim;2;0;0;0;2;0;0;1;-20,49811683;-54,73420481;SPRF-MS;DEL01-MS;UOP03-DEL01-MS;;;
657958;28/01/2025;ter�a-feira;18:00:00;MG;262;691,1;ARAXA;Aus�ncia de rea��o do condutor;Capotamento;Sem V�timas;Anoitecer;Decrescente;C�u Claro;Simples;"Aclive;Reta";N�o;1;0;0;0;1;0;0;1;-19,5487904;-46,95041656;SPRF-MG;DEL08-MG;UOP01-DEL08-MG;;;
657960;28/01/2025;ter�a-feira;19:00:00;GO;364;30;PARANAIGUARA;Aus�ncia de rea��o do condutor;Sa�da de leito carro��vel;Com V�timas Feridas;Plena Noite;Crescente;C�u Claro;Simples;Reta;N�o;1;0;1;0;0;0;1;1;-18,893084;-50,730663;SPRF-GO;DEL05-GO;UOP02-DEL05-GO;;;
657961;28/01/2025;ter�a-feira;21:30:00;CE;116;3;FORTALEZA;Entrada inopinada do pedestre;Atropelamento de Pedestre;Com V�timas Fatais;Plena Noite;Crescente;C�u Claro;M�ltipla;Reta;Sim;2;1;0;0;0;1;0;2;-3,776969;-38,515473;SPRF-CE;DEL01-CE;UOP02-DEL01-CE;;;
657962;28/01/2025;ter�a-feira;20:20:00;RJ;393;4;VOLTA REDONDA;Afundamento ou ondula��o no pavimento;Colis�o transversal;Com V�timas Feridas;Plena Noite;Crescente;Chuva;Simples;"Aclive;Interse��o de Vias;Viaduto";Sim;2;0;2;0;0;0;2;2;-22,523537;-44,104546;SPRF-RJ;DEL05-RJ;UOP04-DEL05-RJ;;;
657963;28/01/2025;ter�a-feira;21:50:00;SP;116;395;MIRACATU;Ingest�o de �lcool pelo condutor;Capotamento;Com V�timas Feridas;Plena Noite;Crescente;Nublado;Simples;Reta;N�o;3;0;1;0;0;2;1;2;-24,28894933;-47,46080025;SPRF-SP;DEL04-SP;UOP02-DEL04-SP;;;
657968;28/01/2025;ter�a-feira;22:55:00;BA;324;622;SALVADOR;Aus�ncia de rea��o do condutor;Queda de ocupante de ve�culo;Com V�timas Feridas;Plena Noite;Crescente;C�u Claro;Simples;Aclive;Sim;2;0;1;0;1;0;1;1;-12,91888605;-38,46502095;SPRF-BA;DEL01-BA;UOP01-DEL01-BA;;;
657969;28/01/2025;ter�a-feira;19:25:00;PE;423;92;GARANHUNS;Condutor deixou de manter dist�ncia do ve�culo da frente;Colis�o traseira;Com V�timas Feridas;Plena Noite;Decrescente;Nublado;Simples;Aclive;N�o;2;0;0;1;1;0;1;2;-8,8619549;-36,46381174;SPRF-PE;DEL03-PE;UOP01-DEL03-PE;;;
657970;28/01/2025;ter�a-feira;21:00:00;GO;60;170,8;GOIANIA;Velocidade Incompat�vel;Colis�o com objeto;Com V�timas Fatais;Plena Noite;Crescente;C�u Claro;Dupla;Interse��o de Vias;N�o;1;1;0;0;0;0;0;1;-16,7305;-49,3908;SPRF-GO;DEL01-GO;UOP02-DEL01-GO;;;
657971;28/01/2025;ter�a-feira;22:00:00;PR;153;1;JACAREZINHO;Chuva;Queda de ocupante de ve�culo;Com V�timas Feridas;Plena Noite;Crescente;Chuva;Simples;Curva;N�o;2;0;2;0;0;0;2;1;-23,002905;-49,908333;SPRF-PR;DEL07-PR;UOP04-DEL07-PR;;;
657974;28/01/2025;ter�a-feira;22:10:00;RJ;40;55,9;PETROPOLIS;Entrada inopinada do pedestre;Atropelamento de Pedestre;Com V�timas Fatais;Plena Noite;Crescente;Garoa/Chuvisco;Dupla;Reta;Sim;5;1;0;0;2;2;0;2;-22,35382783;-43,12184226;SPRF-RJ;DEL05-RJ;UOP02-DEL05-RJ;;;
657975;28/01/2025;ter�a-feira;20:00:00;AM;174;1069;PRESIDENTE FIGUEIREDO;Objeto est�tico sobre o leito carro��vel;Colis�o lateral sentido oposto;Com V�timas Feridas;Plena Noite;Crescente;Nevoeiro/Neblina;Simples;Reta;N�o;3;0;1;2;0;0;3;2;-1,43603088;-60,30327282;SPRF-AM;DEL01-AM;UOP02-DEL01-AM;;;
657976;29/01/2025;quarta-feira;00:25:00;PB;230;15,5;JOAO PESSOA;Rea��o tardia ou ineficiente do condutor;Sa�da de leito carro��vel;Com V�timas Feridas;Plena Noite;Decrescente;C�u Claro;Dupla;Reta;Sim;1;0;1;0;0;0;1;1;-7,093;-34,8482;SPRF-PB;DEL01-PB;UOP01-DEL01-PB;;;
657977;28/01/2025;ter�a-feira;22:30:00;PE;101;119;IPOJUCA;Condutor Dormindo;Sa�da de leito carro��vel;Com V�timas Feridas;Plena Noite;Crescente;C�u Claro;Dupla;Reta;N�o;1;0;1;0;0;0;1;1;-8,353115;-35,175105;SPRF-PE;DEL01-PE;UOP03-DEL01-PE;;;
657979;29/01/2025;quarta-feira;01:00:00;SC;101;205;SAO JOSE;Aus�ncia de rea��o do condutor;Colis�o com objeto;Sem V�timas;Plena Noite;Crescente;C�u Claro;M�ltipla;Reta;Sim;2;0;0;0;2;0;0;1;-27,58313237;-48,61532885;SPRF-SC;DEL01-SC;UOP01-DEL01-SC;;;
657981;29/01/2025;quarta-feira;00:00:00;AC;364;125;RIO BRANCO;Condutor Dormindo;Colis�o com objeto;Sem V�timas;Plena Noite;Decrescente;C�u Claro;Simples;Reta;Sim;1;0;0;0;1;0;0;1;-10,0134925;-67,80116916;SPRF-AC;DEL01-AC;UOP01-DEL01-AC;;;
657987;24/01/2025;sexta-feira;14:30:00;BA;324;533;CONCEICAO DO JACUIPE;Condutor deixou de manter dist�ncia do ve�culo da frente;Colis�o lateral mesmo sentido;Com V�timas Feridas;Pleno dia;Decrescente;Chuva;M�ltipla;"Reta;Declive";N�o;2;0;1;0;1;0;1;2;-12,34449694;-38,84017496;SPRF-BA;DEL01-BA;UOP03-DEL01-BA;;;
657988;29/01/2025;quarta-feira;03:00:00;BA;116;408;FEIRA DE SANTANA;Acessar a via sem observar a presen�a dos outros ve�culos;Colis�o lateral mesmo sentido;Com V�timas Fatais;Plena Noite;Decrescente;C�u Claro;Dupla;Reta;N�o;2;1;0;0;0;1;0;2;-12,09905801;-38,96893229;SPRF-BA;DEL02-BA;UOP01-DEL02-BA;;;
657990;29/01/2025;quarta-feira;05:30:00;RN;406;168;SAO GONCALO DO AMARANTE;Aus�ncia de rea��o do condutor;Colis�o lateral mesmo sentido;Com V�timas Feridas;Amanhecer;Decrescente;C�u Claro;Dupla;Reta;Sim;3;0;2;0;0;1;2;2;-5,75269453;-35,31535484;SPRF-RN;DEL02-RN;UOP01-DEL02-RN;;;
657991;29/01/2025;quarta-feira;07:00:00;RN;101;97;NATAL;Aus�ncia de rea��o do condutor;Colis�o lateral mesmo sentido;Com V�timas Feridas;Pleno dia;Decrescente;C�u Claro;M�ltipla;"Reta;Viaduto";Sim;2;0;1;0;1;0;1;2;-5,85758898;-35,21271205;SPRF-RN;DEL01-RN;UOP01-DEL01-RN;;;
657992;29/01/2025;quarta-feira;06:40:00;ES;101;67;SAO MATEUS;Condutor deixou de manter dist�ncia do ve�culo da frente;Colis�o traseira;Com V�timas Feridas;Pleno dia;Crescente;C�u Claro;M�ltipla;Interse��o de Vias;Sim;2;0;1;0;1;0;1;2;-18,72054021;-39,8658931;SPRF-ES;DEL04-ES;UOP02-DEL04-ES;;;
657993;29/01/2025;quarta-feira;06:45:00;BA;101;717;EUNAPOLIS;Rea��o tardia ou ineficiente do condutor;Atropelamento de Pedestre;Com V�timas Feridas;Pleno dia;Crescente;C�u Claro;Simples;Reta;N�o;2;0;2;0;0;0;2;2;-16,372687;-39,581065;SPRF-BA;DEL09-BA;UOP01-DEL09-BA;;;
657994;29/01/2025;quarta-feira;06:45:00;SP;116;57,4;GUARATINGUETA;Aus�ncia de rea��o do condutor;Colis�o traseira;Com V�timas Feridas;Pleno dia;Crescente;Chuva;Dupla;Reta;N�o;2;0;1;0;1;0;1;2;-22,77454618;-45,13807087;SPRF-SP;DEL08-SP;UOP01-DEL08-SP;;;
657998;29/01/2025;quarta-feira;06:50:00;MG;40;276;TRES MARIAS;Acessar a via sem observar a presen�a dos outros ve�culos;Colis�o transversal;Com V�timas Feridas;Pleno dia;Crescente;C�u Claro;Simples;"Aclive;Interse��o de Vias";Sim;2;0;1;1;0;0;2;2;-18,20602828;-45,23123233;SPRF-MG;DEL14-MG;UOP02-DEL14-MG;;;
657999;29/01/2025;quarta-feira;06:45:00;BA;324;3;FEIRA DE SANTANA;Aus�ncia de rea��o do condutor;Queda de ocupante de ve�culo;Com V�timas Feridas;Pleno dia;Crescente;C�u Claro;Dupla;Reta;Sim;2;0;2;0;0;0;2;1;-12,28649843;-38,96099752;SPRF-BA;DEL02-BA;UOP01-DEL02-BA;;;
658000;29/01/2025;quarta-feira;07:30:00;PE;428;192,2;PETROLINA;Rea��o tardia ou ineficiente do condutor;Colis�o com objeto;Com V�timas Feridas;Pleno dia;Decrescente;Nublado;Dupla;"Curva;Interse��o de Vias";Sim;1;0;1;0;0;0;1;1;-9,38716219;-40,52470392;SPRF-PE;DEL06-PE;UOP01-DEL06-PE;;;
658001;29/01/2025;quarta-feira;00:45:00;BA;242;349;LENCOIS;Demais falhas mec�nicas ou el�tricas;Inc�ndio;Sem V�timas;Plena Noite;Decrescente;C�u Claro;Simples;Reta;N�o;1;0;0;0;1;0;0;1;-12,49505749;-41,31194795;SPRF-BA;DEL06-BA;UOP02-DEL06-BA;;;
658003;17/01/2025;sexta-feira;14:50:00;GO;158;154;CAIAPONIA;Acessar a via sem observar a presen�a dos outros ve�culos;Colis�o transversal;Com V�timas Feridas;Pleno dia;Crescente;C�u Claro;Simples;"Interse��o de Vias;Rotat�ria";N�o;2;0;2;0;0;0;2;2;-16,932554;-51,82392;SPRF-GO;DEL04-GO;UOP02-DEL04-GO;;;
658004;29/01/2025;quarta-feira;02:55:00;MG;116;547,7;SANTA BARBARA DO LESTE;Velocidade Incompat�vel;Capotamento;Com V�timas Feridas;Plena Noite;Decrescente;Chuva;Simples;Curva;N�o;1;0;1;0;0;0;1;1;-19,94406896;-42,1320258;SPRF-MG;DEL06-MG;UOP02-DEL06-MG;;;
658006;29/01/2025;quarta-feira;07:40:00;PB;101;89;JOAO PESSOA;Trafegar com motocicleta (ou similar) entre as faixas;Colis�o lateral mesmo sentido;Com V�timas Feridas;Pleno dia;Decrescente;C�u Claro;Dupla;Reta;Sim;2;0;1;0;1;0;1;2;-7,1710694;-34,89765372;SPRF-PB;DEL01-PB;UOP01-DEL01-PB;;;
658012;29/01/2025;quarta-feira;08:15:00;SE;235;2,2;ARACAJU;Condutor deixou de manter dist�ncia do ve�culo da frente;Colis�o traseira;Com V�timas Feridas;Pleno dia;Decrescente;C�u Claro;M�ltipla;"Aclive;Reta";Sim;2;0;1;0;1;0;1;2;-10,9062;-37,1034;SPRF-SE;DEL01-SE;UOP01-DEL01-SE;;;
658013;29/01/2025;quarta-feira;08:30:00;SC;101;156;PORTO BELO;Pista Escorregadia;Tombamento;Com V�timas Feridas;Pleno dia;Decrescente;C�u Claro;Dupla;"Reta;Interse��o de Vias";Sim;2;0;2;0;0;0;2;1;-27,172272;-48,61170204;SPRF-SC;DEL04-SC;UOP03-DEL04-SC;;;
658014;29/01/2025;quarta-feira;07:50:00;SP;153;344;OURINHOS;Mal s�bito do condutor;Sa�da de leito carro��vel;Com V�timas Feridas;Pleno dia;Crescente;Nublado;Dupla;"Curva;Aclive";N�o;1;0;1;0;0;0;1;1;-22,9663753;-49,89958048;SPRF-SP;DEL07-SP;UOP03-DEL07-SP;;;
658015;29/01/2025;quarta-feira;07:45:00;RN;110;46;MOSSORO;Pista esburacada;Tombamento;Com V�timas Feridas;Pleno dia;Decrescente;C�u Claro;Simples;Rotat�ria;Sim;1;0;0;1;0;0;1;1;-5,19797675;-37,31839819;SPRF-RN;DEL04-RN;UOP01-DEL04-RN;;;
658017;29/01/2025;quarta-feira;08:14:00;PB;101;85,1;BAYEUX;Condutor deixou de manter dist�ncia do ve�culo da frente;Colis�o lateral mesmo sentido;Com V�timas Feridas;Pleno dia;Crescente;Nublado;Dupla;Reta;Sim;3;0;1;0;0;2;1;3;-7,14538184;-34,91662887;SPRF-PB;DEL01-PB;UOP01-DEL01-PB;;;
658018;29/01/2025;quarta-feira;06:25:00;ES;262;107,1;VENDA NOVA DO IMIGRANTE;Condutor deixou de manter dist�ncia do ve�culo da frente;Colis�o traseira;Com V�timas Feridas;Pleno dia;Crescente;C�u Claro;Simples;Reta;N�o;2;0;0;1;0;1;1;2;-20,32991844;-41,15343646;SPRF-ES;DEL01-ES;UOP02-DEL01-ES;;;
658020;09/01/2025;quinta-feira;18:00:00;RJ;101;331;RIO DE JANEIRO;Chuva;Colis�o lateral mesmo sentido;Com V�timas Feridas;Plena Noite;Decrescente;Garoa/Chuvisco;Simples;"Ponte;Reta";Sim;2;0;1;0;1;0;1;2;-22,867662;-43,195337;SPRF-RJ;DEL02-RJ;UOP01-DEL02-RJ;;;
658022;29/01/2025;quarta-feira;05:30:00;MG;267;67;BICAS;Transitar na contram�o;Colis�o frontal;Com V�timas Feridas;Pleno dia;Crescente;C�u Claro;Simples;Curva;N�o;2;0;0;1;1;0;1;2;-21,74168329;-43,10661899;SPRF-MG;DEL05-MG;UOP01-DEL05-MG;;;
658023;29/01/2025;quarta-feira;09:00:00;SC;282;1,8;FLORIANOPOLIS;Trafegar com motocicleta (ou similar) entre as faixas;Colis�o lateral mesmo sentido;Com V�timas Feridas;Pleno dia;Decrescente;Chuva;M�ltipla;Reta;Sim;2;0;1;0;1;0;1;2;-27,602955;-48,580509;SPRF-SC;DEL01-SC;UOP01-DEL01-SC;;;
658026;29/01/2025;quarta-feira;07:20:00;PR;476;120,4;COLOMBO;Frear bruscamente;Queda de ocupante de ve�culo;Com V�timas Feridas;Pleno dia;Crescente;Nublado;Dupla;Reta;Sim;6;0;4;0;1;1;4;1;-25,3742714;-49,1934118;SPRF-PR;DEL01-PR;UOP01-DEL01-PR;;;
658029;29/01/2025;quarta-feira;07:16:00;RO;319;64;PORTO VELHO;Acessar a via sem observar a presen�a dos outros ve�culos;Colis�o transversal;Com V�timas Feridas;Pleno dia;Decrescente;C�u Claro;M�ltipla;Reta;Sim;2;0;0;1;1;0;1;2;-8,766685;-63,884052;SPRF-RO;DEL01-RO;UOP01-DEL01-RO;;;
658030;29/01/2025;quarta-feira;09:25:00;SP;116;101,6;PINDAMONHANGABA;Rea��o tardia ou ineficiente do condutor;Colis�o traseira;Com V�timas Feridas;Pleno dia;Decrescente;Nublado;Dupla;Aclive;N�o;2;0;1;0;1;0;1;2;-22,99169128;-45,48313022;SPRF-SP;DEL08-SP;UOP01-DEL08-SP;;;
658031;29/01/2025;quarta-feira;10:25:00;RJ;116;171;RIO DE JANEIRO;Acesso irregular;Colis�o lateral mesmo sentido;Com V�timas Feridas;Pleno dia;Decrescente;C�u Claro;M�ltipla;Reta;N�o;3;0;1;0;2;0;1;2;-22,8060415;-43,34289573;SPRF-RJ;DEL06-RJ;UOP01-DEL06-RJ;;;
658033;29/01/2025;quarta-feira;10:20:00;AP;210;0;MACAPA;Acessar a via sem observar a presen�a dos outros ve�culos;Colis�o transversal;Com V�timas Feridas;Pleno dia;Crescente;C�u Claro;Dupla;"Reta;Interse��o de Vias";Sim;4;0;1;0;1;2;1;4;0,07780012;-51,06097;SPRF-AP;DEL01-AP;UOP01-DEL01-AP;;;
658034;01/01/2025;quarta-feira;19:30:00;RO;364;115,6;PIMENTA BUENO;Ultrapassagem Indevida;Colis�o transversal;Com V�timas Feridas;Pleno dia;Crescente;Nublado;Simples;Aclive;N�o;4;0;1;0;3;0;1;2;-12,16555399;-60,71298494;SPRF-RO;DEL02-RO;UOP02-DEL02-RO;;;
658035;29/01/2025;quarta-feira;10:40:00;SP;153;340,2;OURINHOS;Objeto est�tico sobre o leito carro��vel;Colis�o com objeto;Com V�timas Feridas;Pleno dia;Decrescente;Nublado;Dupla;"Declive;Reta";N�o;1;0;1;0;0;0;1;1;-22,93603899;-49,91225181;SPRF-SP;DEL07-SP;UOP03-DEL07-SP;;;
658036;29/01/2025;quarta-feira;10:08:00;SC;101;207,5;SAO JOSE;Trafegar com motocicleta (ou similar) entre as faixas;Colis�o traseira;Com V�timas Feridas;Pleno dia;Crescente;C�u Claro;M�ltipla;Aclive;Sim;3;0;1;0;2;0;1;3;-27,60001226;-48,6226467;SPRF-SC;DEL01-SC;UOP01-DEL01-SC;;;