id;data_inversa;dia_semana;horario;uf;br;km;municipio;causa_acidente;tipo_acidente;classificacao_acidente;fase_dia;sentido_via;condicao_metereologica;tipo_pista;tracado_via;uso_solo;pessoas;mortos;feridos_leves;feridos_graves;ilesos;ignorados;feridos;veiculos;latitude;longitude;regional;delegacia;uop;;;
658038;29/01/2025;quarta-feira;10:00:00;RJ;116;311,9;RESENDE;Velocidade Incompat�vel;Colis�o traseira;Com V�timas Feridas;Pleno dia;Crescente;C�u Claro;Simples;Reta;N�o;3;0;2;0;1;0;2;2;-22,46086624;-44,44296321;SPRF-RJ;DEL07-RJ;UOP02-DEL07-RJ;;;
658040;29/01/2025;quarta-feira;11:00:00;PB;361;5,5;PATOS;Acessar a via sem observar a presen�a dos outros ve�culos;Colis�o transversal;Com V�timas Feridas;Pleno dia;Crescente;C�u Claro;Simples;Reta;Sim;8;0;1;0;7;0;1;2;-7,0342983;-37,30232718;SPRF-PB;DEL03-PB;UOP01-DEL03-PB;;;
658041;29/01/2025;quarta-feira;11:00:00;RS;116;247;SAO LEOPOLDO;Entrada inopinada do pedestre;Atropelamento de Pedestre;Com V�timas Feridas;Pleno dia;Decrescente;C�u Claro;M�ltipla;"Reta;Em Obras";Sim;3;0;1;0;1;1;1;2;-29,74980902;-51,15125361;SPRF-RS;DEL01-RS;UOP02-DEL01-RS;;;
658045;29/01/2025;quarta-feira;11:40:00;CE;304;53,2;ARACATI;Rea��o tardia ou ineficiente do condutor;Queda de ocupante de ve�culo;Com V�timas Feridas;Pleno dia;Crescente;C�u Claro;Simples;"Reta;Interse��o de Vias";N�o;1;0;1;0;0;0;1;1;-4,57402355;-37,73636121;SPRF-CE;DEL03-CE;UOP02-DEL03-CE;;;
658046;29/01/2025;quarta-feira;12:50:00;SP;116;304,8;SAO LOURENCO DA SERRA;Rea��o tardia ou ineficiente do condutor;Sa�da de leito carro��vel;Sem V�timas;Pleno dia;Decrescente;Chuva;M�ltipla;"Aclive;Reta";N�o;1;0;0;0;1;0;0;1;-23,835151;-46,92964497;SPRF-SP;DEL04-SP;UOP01-DEL04-SP;;;
658047;29/01/2025;quarta-feira;09:00:00;MG;251;316,7;SALINAS;Ultrapassagem Indevida;Colis�o traseira;Sem V�timas;Pleno dia;Decrescente;C�u Claro;Simples;Reta;N�o;4;0;0;0;4;0;0;2;-16,16212705;-42,31420755;SPRF-MG;DEL12-MG;UOP02-DEL12-MG;;;
658048;29/01/2025;quarta-feira;12:35:00;RJ;393;284;VOLTA REDONDA;Rea��o tardia ou ineficiente do condutor;Colis�o traseira;Com V�timas Feridas;Pleno dia;Decrescente;C�u Claro;Simples;Reta;Sim;2;0;1;0;1;0;1;2;-22,49642;-44,070848;SPRF-RJ;DEL05-RJ;UOP04-DEL05-RJ;;;
658050;29/01/2025;quarta-feira;10:15:00;BA;101;503;ITABUNA;Condutor deixou de manter dist�ncia do ve�culo da frente;Colis�o traseira;Com V�timas Feridas;Pleno dia;Decrescente;C�u Claro;Simples;Reta;Sim;3;0;2;0;0;1;2;2;-14,93204115;-39,30057969;SPRF-BA;DEL05-BA;UOP01-DEL05-BA;;;
658051;29/01/2025;quarta-feira;13:20:00;GO;153;439;ANAPOLIS;Aus�ncia de rea��o do condutor;Engavetamento;Com V�timas Feridas;Pleno dia;Crescente;C�u Claro;Dupla;Curva;N�o;6;0;1;0;5;0;1;3;-16,298529;-48,928207;SPRF-GO;DEL02-GO;UOP01-DEL02-GO;;;
658052;24/01/2025;sexta-feira;11:20:00;PR;163;314;TERRA ROXA;Rea��o tardia ou ineficiente do condutor;Colis�o traseira;Com V�timas Feridas;Pleno dia;Decrescente;C�u Claro;Simples;"Curva;Aclive";N�o;5;0;1;0;4;0;1;2;-24,34883071;-54,14840341;SPRF-PR;DEL06-PR;UOP02-DEL06-PR;;;
658053;29/01/2025;quarta-feira;13:20:00;ES;101;382,2;RIO NOVO DO SUL;Ultrapassagem Indevida;Colis�o frontal;Com V�timas Feridas;Pleno dia;Crescente;C�u Claro;Simples;Curva;N�o;3;0;2;1;0;0;3;2;-20,82072713;-40,84702482;SPRF-ES;DEL03-ES;UOP01-DEL03-ES;;;
658057;29/01/2025;quarta-feira;08:12:00;PB;230;8;CABEDELO;Rea��o tardia ou ineficiente do condutor;Colis�o com objeto;Com V�timas Feridas;Pleno dia;Crescente;Nublado;Simples;"Em Obras;Reta;Desvio Tempor�rio";Sim;1;0;1;0;0;0;1;1;-7,0355;-34,8429;SPRF-PB;DEL01-PB;UOP01-DEL01-PB;;;
658058;29/01/2025;quarta-feira;11:20:00;RJ;40;124;DUQUE DE CAXIAS;Demais falhas mec�nicas ou el�tricas;Tombamento;Com V�timas Feridas;Pleno dia;Crescente;Sol;Dupla;Reta;Sim;1;0;1;0;0;0;1;1;-22,807953;-43,289124;SPRF-RJ;DEL01-RJ;UOP02-DEL01-RJ;;;
658061;29/01/2025;quarta-feira;14:08:00;SC;282;5;FLORIANOPOLIS;Trafegar com motocicleta (ou similar) entre as faixas;Colis�o lateral mesmo sentido;Com V�timas Feridas;Pleno dia;Decrescente;Chuva;M�ltipla;Reta;Sim;2;0;1;0;1;0;1;2;-27,588425;-48,612919;SPRF-SC;DEL01-SC;UOP01-DEL01-SC;;;
658065;29/01/2025;quarta-feira;13:25:00;PE;407;128,9;PETROLINA;Desrespeitar a prefer�ncia no cruzamento;Colis�o transversal;Com V�timas Feridas;Pleno dia;Decrescente;C�u Claro;M�ltipla;"Interse��o de Vias;Viaduto";Sim;2;0;0;1;1;0;1;2;-9,399287;-40,504617;SPRF-PE;DEL06-PE;UOP01-DEL06-PE;;;
658066;29/01/2025;quarta-feira;12:40:00;SP;381;75;SAO PAULO;Rea��o tardia ou ineficiente do condutor;Capotamento;Com V�timas Feridas;Pleno dia;Decrescente;Chuva;Dupla;Curva;N�o;1;0;1;0;0;0;1;1;-23,37660089;-46,56409613;SPRF-SP;DEL03-SP;UOP01-DEL03-SP;;;
658068;29/01/2025;quarta-feira;15:10:00;SP;381;73;SAO PAULO;Pista Escorregadia;Colis�o com objeto;Com V�timas Feridas;Pleno dia;Crescente;Chuva;Dupla;"Declive;Curva";N�o;1;0;1;0;0;0;1;1;-23,36553404;-46,55253934;SPRF-SP;DEL03-SP;UOP01-DEL03-SP;;;
658070;29/01/2025;quarta-feira;15:06:00;PB;101;119,8;CAAPORA;Pista Escorregadia;Colis�o com objeto;Com V�timas Feridas;Pleno dia;Decrescente;Garoa/Chuvisco;Dupla;"Reta;Declive";N�o;1;0;1;0;0;0;1;1;-7,42897814;-34,96672977;SPRF-PB;DEL01-PB;UOP01-DEL01-PB;;;
658071;29/01/2025;quarta-feira;15:40:00;SC;101;146;ITAPEMA;Manobra de mudan�a de faixa;Colis�o lateral mesmo sentido;Com V�timas Feridas;Pleno dia;Decrescente;Nublado;M�ltipla;Reta;Sim;2;0;0;1;1;0;1;2;-27,08666525;-48,60955587;SPRF-SC;DEL04-SC;UOP03-DEL04-SC;;;
658076;29/01/2025;quarta-feira;16:40:00;PI;316;8;TERESINA;Manobra de mudan�a de faixa;Colis�o traseira;Sem V�timas;Pleno dia;Crescente;C�u Claro;Dupla;Reta;Sim;2;0;0;0;2;0;0;2;-5,16483402;-42,76899508;SPRF-PI;DEL01-PI;UOP02-DEL01-PI;;;
658078;29/01/2025;quarta-feira;17:10:00;SC;280;127,9;RIO NEGRINHO;Acessar a via sem observar a presen�a dos outros ve�culos;Colis�o transversal;Com V�timas Feridas;Pleno dia;Crescente;Nublado;Simples;"Reta;Interse��o de Vias";Sim;2;0;1;0;1;0;1;2;-26,23943953;-49,50420708;SPRF-SC;DEL06-SC;UOP03-DEL06-SC;;;
658079;29/01/2025;quarta-feira;17:30:00;SC;101;147;ITAPEMA;Condutor deixou de manter dist�ncia do ve�culo da frente;Colis�o traseira;Com V�timas Feridas;Pleno dia;Crescente;Nublado;Dupla;Reta;Sim;2;0;1;0;0;1;1;2;-27,09237407;-48,61730888;SPRF-SC;DEL04-SC;UOP03-DEL04-SC;;;
658081;29/01/2025;quarta-feira;17:30:00;RJ;101;422;MANGARATIBA;Chuva;Sa�da de leito carro��vel;Com V�timas Feridas;Pleno dia;Crescente;Garoa/Chuvisco;Simples;Curva;N�o;1;0;0;1;0;0;1;1;-22,9189815;-43,92318002;SPRF-RJ;DEL03-RJ;UOP02-DEL03-RJ;;;
658082;29/01/2025;quarta-feira;17:30:00;RJ;101;530;ANGRA DOS REIS;Acumulo de �gua sobre o pavimento;Tombamento;Com V�timas Feridas;Pleno dia;Decrescente;Chuva;Simples;Curva;Sim;2;0;1;0;1;0;1;1;-23,0232454;-44,51684972;SPRF-RJ;DEL03-RJ;UOP03-DEL03-RJ;;;
658083;29/01/2025;quarta-feira;17:20:00;ES;101;70;SAO MATEUS;Acesso irregular;Colis�o transversal;Com V�timas Feridas;Anoitecer;Crescente;C�u Claro;Simples;Reta;N�o;5;0;2;0;2;1;2;3;-18,74453703;-39,86164665;SPRF-ES;DEL04-ES;UOP02-DEL04-ES;;;
658085;22/01/2025;quarta-feira;02:55:00;MT;174;0;JUINA;Avarias e/ou desgaste excessivo no pneu;Inc�ndio;Sem V�timas;Plena Noite;Crescente;C�u Claro;Simples;Reta;N�o;1;0;0;0;1;0;0;1;-11,56226322;-58,9026618;SPRF-MT;DEL03-MT;UOP01-DEL03-MT;;;
658086;29/01/2025;quarta-feira;18:15:00;RS;158;322;SANTA MARIA;Desrespeitar a prefer�ncia no cruzamento;Colis�o transversal;Com V�timas Feridas;Pleno dia;Crescente;C�u Claro;Simples;"Interse��o de Vias;Rotat�ria";Sim;5;0;1;0;4;0;1;2;-29,69506153;-53,77481461;SPRF-RS;DEL09-RS;UOP01-DEL09-RS;;;
658088;29/01/2025;quarta-feira;17:15:00;PB;230;133;MASSARANDUBA;Falta de elemento de conten��o que evite a sa�da do leito carro��vel;Sa�da de leito carro��vel;Com V�timas Feridas;Pleno dia;Crescente;Chuva;Dupla;Curva;N�o;1;0;1;0;0;0;1;1;-7,2767;-35,7464;SPRF-PB;DEL02-PB;UOP01-DEL02-PB;;;
658089;29/01/2025;quarta-feira;14:00:00;PR;376;175,7;MARINGA;Ingest�o de �lcool pelo condutor;Colis�o traseira;Sem V�timas;Pleno dia;Crescente;Sol;M�ltipla;"Reta;Interse��o de Vias";Sim;3;0;0;0;3;0;0;2;-23,4113569;-51,9407767;SPRF-PR;DEL09-PR;UOP01-DEL09-PR;;;
658090;29/01/2025;quarta-feira;18:20:00;MG;50;70;UBERLANDIA;Condutor deixou de manter dist�ncia do ve�culo da frente;Colis�o traseira;Com V�timas Feridas;Plena Noite;Crescente;C�u Claro;Dupla;Reta;Sim;4;0;1;0;3;0;1;2;-18,85140204;-48,25345932;SPRF-MG;DEL15-MG;UOP01-DEL15-MG;;;
658093;29/01/2025;quarta-feira;17:00:00;MT;70;557,5;NOSSA SENHORA DO LIVRAMENTO;Ultrapassagem Indevida;Colis�o frontal;Com V�timas Fatais;Anoitecer;Crescente;Chuva;Simples;Reta;N�o;6;1;0;4;1;0;4;2;-15,696137;-56,452873;SPRF-MT;DEL03-MT;UOP02-DEL03-MT;;;
658094;29/01/2025;quarta-feira;15:00:00;RS;290;203;RIO PARDO;Condutor deixou de manter dist�ncia do ve�culo da frente;Colis�o traseira;Com V�timas Feridas;Pleno dia;Crescente;C�u Claro;Simples;"Em Obras;Reta";N�o;3;0;1;0;2;0;1;2;-30,173361;-52,247738;SPRF-RS;DEL02-RS;UOP03-DEL02-RS;;;
658097;29/01/2025;quarta-feira;18:50:00;PB;230;28;JOAO PESSOA;Estacionar ou parar em local proibido;Colis�o traseira;Com V�timas Feridas;Plena Noite;Decrescente;Chuva;Dupla;"Retorno Regulamentado;Viaduto";Sim;2;0;1;0;1;0;1;2;-7,1651;-34,8941;SPRF-PB;DEL01-PB;UOP01-DEL01-PB;;;
658098;29/01/2025;quarta-feira;17:20:00;SC;282;221;LAGES;Aus�ncia de rea��o do condutor;Colis�o traseira;Com V�timas Feridas;Anoitecer;Crescente;Nublado;Simples;Curva;Sim;2;0;1;0;1;0;1;2;-27,79671738;-50,34521341;SPRF-SC;DEL05-SC;UOP01-DEL05-SC;;;
658099;17/01/2025;sexta-feira;10:30:00;RJ;101;415;MANGARATIBA;Desrespeitar a prefer�ncia no cruzamento;Colis�o transversal;Com V�timas Feridas;Pleno dia;Decrescente;Sol;Dupla;Interse��o de Vias;N�o;3;0;0;1;2;0;1;2;-22,90433243;-43,88181398;SPRF-RJ;DEL03-RJ;UOP01-DEL03-RJ;;;
658100;29/01/2025;quarta-feira;19:13:00;MG;381;622,7;OLIVEIRA;Velocidade Incompat�vel;Sa�da de leito carro��vel;Com V�timas Feridas;Plena Noite;Decrescente;Chuva;Dupla;Reta;N�o;3;0;3;0;0;0;3;1;-20,80221112;-44,79031349;SPRF-MG;DEL04-MG;UOP01-DEL04-MG;;;
658101;29/01/2025;quarta-feira;17:30:00;RJ;101;490;ANGRA DOS REIS;Chuva;Queda de ocupante de ve�culo;Com V�timas Feridas;Plena Noite;Decrescente;Chuva;Simples;Reta;Sim;1;0;1;0;0;0;1;1;-22,95640053;-44,31282898;SPRF-RJ;DEL03-RJ;UOP03-DEL03-RJ;;;
658103;29/01/2025;quarta-feira;20:15:00;GO;153;506;GOIANIA;Aus�ncia de rea��o do condutor;Queda de ocupante de ve�culo;Com V�timas Feridas;Plena Noite;Crescente;C�u Claro;Dupla;"Reta;Declive";Sim;1;0;1;0;0;0;1;1;-16,7633;-49,24;SPRF-GO;DEL01-GO;UOP01-DEL01-GO;;;
658106;29/01/2025;quarta-feira;17:20:00;SC;480;124;CHAPECO;Ingest�o de �lcool pelo condutor;Colis�o traseira;Sem V�timas;Pleno dia;Decrescente;C�u Claro;Dupla;"Aclive;Reta";N�o;2;0;0;0;2;0;0;2;-27,003155;-52,644085;SPRF-SC;DEL07-SC;UOP01-DEL07-SC;;;
658108;29/01/2025;quarta-feira;19:45:00;GO;153;506,9;GOIANIA;Demais falhas na via;Sa�da de leito carro��vel;Com V�timas Feridas;Plena Noite;Crescente;Nublado;Dupla;"Reta;Declive";Sim;1;0;1;0;0;0;1;1;-16,7633;-49,24;SPRF-GO;DEL01-GO;UOP01-DEL01-GO;;;
658109;29/01/2025;quarta-feira;17:50:00;PR;476;357;UNIAO DA VITORIA;Acessar a via sem observar a presen�a dos outros ve�culos;Colis�o transversal;Com V�timas Feridas;Pleno dia;Decrescente;Chuva;Simples;"Reta;Interse��o de Vias";Sim;3;0;1;0;2;0;1;2;-26,197399;-51,04232;SPRF-PR;DEL02-PR;UOP03-DEL02-PR;;;
658113;29/01/2025;quarta-feira;19:35:00;PE;116;35,2;SALGUEIRO;Velocidade Incompat�vel;Sa�da de leito carro��vel;Com V�timas Feridas;Plena Noite;Decrescente;C�u Claro;Simples;Aclive;N�o;3;0;3;0;0;0;3;1;-8,144699;-39,111214;SPRF-PE;DEL05-PE;UOP01-DEL05-PE;;;
658115;29/01/2025;quarta-feira;20:30:00;MG;267;211,3;BOM JARDIM DE MINAS;Condutor Dormindo;Colis�o frontal;Com V�timas Feridas;Plena Noite;Crescente;Chuva;Simples;Reta;N�o;4;0;3;0;1;0;3;2;-21,94672292;-44,17612301;SPRF-MG;DEL05-MG;UOP01-DEL05-MG;;;
658116;29/01/2025;quarta-feira;18:00:00;AL;316;101;DOIS RIACHOS;Acessar a via sem observar a presen�a dos outros ve�culos;Colis�o lateral mesmo sentido;Com V�timas Feridas;Anoitecer;Crescente;C�u Claro;Simples;"Declive;Interse��o de Vias;Reta";Sim;3;0;3;0;0;0;3;2;-9,3893247;-37,0969677;SPRF-AL;DEL03-AL;UOP02-DEL03-AL;;;
658117;29/01/2025;quarta-feira;21:30:00;RJ;101;541;PARATY;Velocidade Incompat�vel;Sa�da de leito carro��vel;Com V�timas Fatais;Plena Noite;Crescente;Chuva;Dupla;Reta;N�o;1;1;0;0;0;0;0;1;-23,04128085;-44,59583503;SPRF-RJ;DEL03-RJ;UOP04-DEL03-RJ;;;
658118;29/01/2025;quarta-feira;21:00:00;PR;277;19;MORRETES;Acessar a via sem observar a presen�a dos outros ve�culos;Colis�o transversal;Com V�timas Feridas;Plena Noite;Decrescente;Chuva;Dupla;Reta;N�o;3;0;3;0;0;0;3;2;-25,55787847;-48,65324572;SPRF-PR;DEL01-PR;UOP05-DEL01-PR;;;
658119;29/01/2025;quarta-feira;21:00:00;MG;381;688,1;LAVRAS;Velocidade Incompat�vel;Capotamento;Com V�timas Feridas;Plena Noite;Decrescente;Chuva;Dupla;"Curva;Declive";N�o;4;0;2;0;2;0;2;1;-21,21737985;-45,1265452;SPRF-MG;DEL04-MG;UOP02-DEL04-MG;;;
658126;29/01/2025;quarta-feira;21:50:00;SP;116;514;CAJATI;Chuva;Sa�da de leito carro��vel;Com V�timas Feridas;Plena Noite;Decrescente;Chuva;Simples;Curva;N�o;2;0;1;0;1;0;1;1;-24,84617592;-48,21358681;SPRF-SP;DEL05-SP;UOP02-DEL05-SP;;;
658127;29/01/2025;quarta-feira;22:00:00;SP;116;168,5;JACAREI;Pedestre andava na pista;Atropelamento de Pedestre;Com V�timas Feridas;Plena Noite;Decrescente;C�u Claro;Dupla;Reta;N�o;2;0;1;0;1;0;1;2;-23,30545902;-46,03567599;SPRF-SP;DEL02-SP;UOP01-DEL02-SP;;;
658128;29/01/2025;quarta-feira;21:00:00;RJ;40;109;DUQUE DE CAXIAS;Pista Escorregadia;Atropelamento de Pedestre;Com V�timas Feridas;Plena Noite;Crescente;Chuva;Dupla;Curva;Sim;3;0;1;0;2;0;1;3;-22,67374628;-43,28638368;SPRF-RJ;DEL01-RJ;UOP02-DEL01-RJ;;;
658129;29/01/2025;quarta-feira;19:00:00;SP;116;564;BARRA DO TURVO;Aus�ncia de rea��o do condutor;Sa�da de leito carro��vel;Com V�timas Feridas;Plena Noite;Crescente;Chuva;Dupla;Curva;N�o;3;0;1;0;2;0;1;1;-25,03458919;-48,53543877;SPRF-SP;DEL05-SP;UOP02-DEL05-SP;;;
658130;29/01/2025;quarta-feira;22:50:00;GO;40;5,1;VALPARAISO DE GOIAS;Acessar a via sem observar a presen�a dos outros ve�culos;Colis�o transversal;Sem V�timas;Plena Noite;Decrescente;C�u Claro;Dupla;Reta;Sim;4;0;0;0;3;1;0;2;-16,093134;-47,982236;SPRF-DF;DEL01-DF;UOP01-DEL01-DF;;;
658131;29/01/2025;quarta-feira;22:55:00;RJ;116;191;NOVA IGUACU;Aus�ncia de rea��o do condutor;Queda de ocupante de ve�culo;Com V�timas Feridas;Plena Noite;Crescente;Nublado;Dupla;Reta;N�o;1;0;1;0;0;0;1;1;-22,74421443;-43,509822;SPRF-RJ;DEL06-RJ;UOP01-DEL06-RJ;;;
658132;29/01/2025;quarta-feira;23:00:00;DF;60;5,4;BRASILIA;Rea��o tardia ou ineficiente do condutor;Queda de ocupante de ve�culo;Com V�timas Feridas;Plena Noite;Crescente;Nublado;Dupla;Reta;Sim;2;0;2;0;0;0;2;2;-15,896932;-48,109839;SPRF-DF;DEL03-DF;UOP01-DEL03-DF;;;
658133;29/01/2025;quarta-feira;23:00:00;MG;381;503;BETIM;Acumulo de �gua sobre o pavimento;Sa�da de leito carro��vel;Com V�timas Feridas;Plena Noite;Crescente;Garoa/Chuvisco;Dupla;Reta;Sim;2;0;1;1;0;0;2;1;-20,02595577;-44,23149347;SPRF-MG;DEL01-MG;UOP03-DEL01-MG;;;
658134;29/01/2025;quarta-feira;23:40:00;GO;60;93;ANAPOLIS;Rea��o tardia ou ineficiente do condutor;Colis�o com objeto;Com V�timas Feridas;Plena Noite;Crescente;C�u Claro;Dupla;"Curva;Viaduto";Sim;1;0;0;1;0;0;1;1;-16,35407389;-48,92930746;SPRF-GO;DEL02-GO;UOP01-DEL02-GO;;;
658135;30/01/2025;quinta-feira;00:01:00;MG;262;195;JOAO MONLEVADE;Demais falhas mec�nicas ou el�tricas;Inc�ndio;Sem V�timas;Plena Noite;Crescente;Nublado;Simples;Reta;N�o;1;0;0;0;1;0;0;1;-19,86097658;-43,10750503;SPRF-MG;DEL03-MG;UOP01-DEL03-MG;;;
658137;30/01/2025;quinta-feira;00:15:00;PR;376;628;SAO JOSE DOS PINHAIS;Ingest�o de �lcool pelo condutor;Sa�da de leito carro��vel;Sem V�timas;Plena Noite;Decrescente;Nublado;Dupla;Reta;N�o;1;0;0;0;1;0;0;1;-25,690785;-49,145398;SPRF-PR;DEL01-PR;UOP04-DEL01-PR;;;
658140;30/01/2025;quinta-feira;01:20:00;GO;153;431,9;ANAPOLIS;Aus�ncia de rea��o do condutor;Colis�o traseira;Com V�timas Feridas;Plena Noite;Decrescente;Nublado;Dupla;Reta;Sim;2;0;1;0;1;0;1;2;-16,258045;-48,988403;SPRF-GO;DEL02-GO;UOP01-DEL02-GO;;;
658144;30/01/2025;quinta-feira;02:24:00;PR;116;119;CURITIBA;Aus�ncia de rea��o do condutor;Sa�da de leito carro��vel;Com V�timas Feridas;Plena Noite;Crescente;Garoa/Chuvisco;Dupla;Curva;N�o;2;0;1;1;0;0;2;1;-25,55111467;-49,30492401;SPRF-PR;DEL01-PR;UOP03-DEL01-PR;;;
658146;30/01/2025;quinta-feira;03:00:00;PI;316;391;FRANCISCO MACEDO;Aus�ncia de rea��o do condutor;Colis�o com objeto;Com V�timas Fatais;Plena Noite;Crescente;Nublado;Simples;Declive;N�o;1;1;0;0;0;0;0;1;-7,28618984;-40,82555981;SPRF-PI;DEL04-PI;UOP03-DEL04-PI;;;
658147;30/01/2025;quinta-feira;02:20:00;DF;251;23;BRASILIA;Chuva;Colis�o com objeto;Com V�timas Feridas;Plena Noite;Decrescente;Chuva;Simples;Reta;N�o;1;0;1;0;0;0;1;1;-15,96233997;-47,66247869;SPRF-DF;DEL01-DF;UOP01-DEL01-DF;;;
658149;30/01/2025;quinta-feira;05:50:00;ES;101;292;CARIACICA;Desrespeitar a prefer�ncia no cruzamento;Colis�o transversal;Com V�timas Feridas;Pleno dia;Decrescente;C�u Claro;Simples;Reta;Sim;3;0;0;2;1;0;2;2;-20,30650512;-40,39488717;SPRF-ES;DEL01-ES;UOP01-DEL01-ES;;;
658150;30/01/2025;quinta-feira;05:45:00;SC;101;182;GOVERNADOR CELSO RAMOS;Condutor deixou de manter dist�ncia do ve�culo da frente;Colis�o traseira;Com V�timas Feridas;Amanhecer;Crescente;Nublado;M�ltipla;"Reta;Viaduto";Sim;2;0;1;0;1;0;1;2;-27,39798985;-48,6303592;SPRF-SC;DEL01-SC;UOP01-DEL01-SC;;;
658151;29/01/2025;quarta-feira;22:00:00;MG;381;616;OLIVEIRA;Chuva;Capotamento;Com V�timas Feridas;Plena Noite;Crescente;Chuva;Dupla;Curva;N�o;2;0;2;0;0;0;2;1;-20,75304819;-44,77475634;SPRF-MG;DEL04-MG;UOP01-DEL04-MG;;;
658153;30/01/2025;quinta-feira;05:50:00;PR;376;0,7;JANDAIA DO SUL;Aus�ncia de rea��o do condutor;Colis�o com objeto;Com V�timas Feridas;Amanhecer;Decrescente;C�u Claro;Dupla;Curva;N�o;5;0;1;1;3;0;2;1;-23,5882557;-51,64396048;SPRF-PR;DEL09-PR;UOP01-DEL09-PR;;;
658154;29/01/2025;quarta-feira;23:35:00;SC;470;50;BLUMENAU;Demais falhas na via;Queda de ocupante de ve�culo;Com V�timas Feridas;Pleno dia;Crescente;C�u Claro;Simples;Viaduto;Sim;2;0;2;0;0;0;2;1;-26,859768;-49,074493;SPRF-SC;DEL04-SC;UOP01-DEL04-SC;;;
658155;30/01/2025;quinta-feira;06:00:00;RJ;40;50;PETROPOLIS;Animais na Pista;Atropelamento de Animal;Com V�timas Feridas;Pleno dia;Crescente;Nublado;Dupla;Reta;N�o;1;0;1;0;0;0;1;1;-22,31806204;-43,13158166;SPRF-RJ;DEL05-RJ;UOP02-DEL05-RJ;;;
658156;30/01/2025;quinta-feira;06:35:00;PE;101;162,5;GAMELEIRA;Rea��o tardia ou ineficiente do condutor;Sa�da de leito carro��vel;Com V�timas Feridas;Pleno dia;Decrescente;C�u Claro;Dupla;"Curva;Declive";N�o;2;0;1;0;1;0;1;1;-8,55169716;-35,43739509;SPRF-PE;DEL01-PE;UOP03-DEL01-PE;;;
658157;30/01/2025;quinta-feira;06:20:00;SP;116;217;GUARULHOS;Rea��o tardia ou ineficiente do condutor;Colis�o traseira;Com V�timas Feridas;Pleno dia;Crescente;C�u Claro;M�ltipla;Reta;Sim;3;0;1;0;2;0;1;2;-23,45423824;-46,47119028;SPRF-SP;DEL01-SP;UOP01-DEL01-SP;;;
658159;30/01/2025;quinta-feira;06:30:00;RS;471;459,2;RIO GRANDE;Convers�o proibida;Colis�o traseira;Com V�timas Feridas;Pleno dia;Decrescente;Sol;Simples;Reta;Sim;2;0;1;0;1;0;1;2;-32,074825;-52,26466;SPRF-RS;DEL07-RS;UOP02-DEL07-RS;;;
658162;30/01/2025;quinta-feira;03:50:00;MG;365;777;ITUIUTABA;Condutor Dormindo;Sa�da de leito carro��vel;Sem V�timas;Plena Noite;Decrescente;Nublado;Simples;Reta;N�o;1;0;0;0;1;0;0;1;-18,95824589;-49,68812099;SPRF-MG;DEL15-MG;UOP03-DEL15-MG;;;
658163;30/01/2025;quinta-feira;04:46:00;MT;364;417,3;VARZEA GRANDE;Animais na Pista;Atropelamento de Animal;Com V�timas Feridas;Amanhecer;Decrescente;C�u Claro;Simples;Curva;Sim;1;0;1;0;0;0;1;1;-15,61372696;-56,07392396;SPRF-MT;DEL01-MT;UOP02-DEL01-MT;;;
658164;30/01/2025;quinta-feira;06:35:00;SP;101;51;UBATUBA;Convers�o proibida;Colis�o transversal;Com V�timas Feridas;Pleno dia;Crescente;Nublado;Simples;Reta;Sim;2;0;1;0;1;0;1;2;-23,45627795;-45,07111896;SPRF-SP;DEL06-SP;UOP01-DEL06-SP;;;
658166;30/01/2025;quinta-feira;07:20:00;BA;324;617;SALVADOR;Aus�ncia de rea��o do condutor;Colis�o traseira;Com V�timas Feridas;Pleno dia;Decrescente;C�u Claro;M�ltipla;Reta;N�o;2;0;1;0;1;0;1;2;-12,8860325;-38,43806469;SPRF-BA;DEL01-BA;UOP01-DEL01-BA;;;
658170;30/01/2025;quinta-feira;08:00:00;PR;277;3,5;PARANAGUA;Manobra de mudan�a de faixa;Colis�o lateral mesmo sentido;Com V�timas Feridas;Pleno dia;Crescente;Nublado;Dupla;Reta;Sim;2;0;1;0;0;1;1;2;-25,5205;-48,5095;SPRF-PR;DEL01-PR;UOP05-DEL01-PR;;;
658172;30/01/2025;quinta-feira;07:35:00;ES;101;287,9;CARIACICA;Transitar no Acostamento;Colis�o transversal;Com V�timas Feridas;Pleno dia;Decrescente;Sol;Dupla;Reta;Sim;2;0;1;0;1;0;1;2;-20,26493528;-40,38471702;SPRF-ES;DEL01-ES;UOP01-DEL01-ES;;;
658173;30/01/2025;quinta-feira;08:20:00;ES;101;279,5;SERRA;Condutor deixou de manter dist�ncia do ve�culo da frente;Colis�o traseira;Com V�timas Feridas;Pleno dia;Decrescente;C�u Claro;Dupla;Reta;Sim;2;0;0;1;0;1;1;2;-20,2184297;-40,3447046;SPRF-ES;DEL02-ES;UOP01-DEL02-ES;;;
658174;30/01/2025;quinta-feira;07:20:00;MG;381;495,2;BETIM;Velocidade Incompat�vel;Tombamento;Com V�timas Feridas;Pleno dia;Crescente;Nublado;M�ltipla;"Curva;Aclive";Sim;1;0;0;1;0;0;1;1;-19,9745055;-44,1869102;SPRF-MG;DEL01-MG;UOP03-DEL01-MG;;;
658175;30/01/2025;quinta-feira;06:15:00;MS;163;756;COXIM;Demais falhas mec�nicas ou el�tricas;Sa�da de leito carro��vel;Sem V�timas;Amanhecer;Crescente;C�u Claro;Simples;Reta;N�o;4;0;0;0;4;0;0;2;-18,29324801;-54,66652747;SPRF-MS;DEL06-MS;UOP01-DEL06-MS;;;