id;data_inversa;dia_semana;horario;uf;br;km;municipio;causa_acidente;tipo_acidente;classificacao_acidente;fase_dia;sentido_via;condicao_metereologica;tipo_pista;tracado_via;uso_solo;pessoas;mortos;feridos_leves;feridos_graves;ilesos;ignorados;feridos;veiculos;latitude;longitude;regional;delegacia;uop;;;
658563;31/01/2025;sexta-feira;16:30:00;BA;367;57;PORTO SEGURO;Chuva;Colis�o com objeto;Com V�timas Feridas;Pleno dia;Decrescente;Chuva;Simples;Reta;N�o;1;0;1;0;0;0;1;1;-16,38873974;-39,35713702;SPRF-BA;DEL09-BA;UOP03-DEL09-BA;;;
658564;01/02/2025;s�bado;05:20:00;TO;235;196,4;GUARAI;Aus�ncia de rea��o do condutor;Sa�da de leito carro��vel;Com V�timas Feridas;Plena Noite;Crescente;Ignorado;Simples;Reta;N�o;1;0;1;0;0;0;1;1;-8,95181555;-48,42847569;SPRF-TO;DEL02-TO;UOP02-DEL02-TO;;;
658565;01/02/2025;s�bado;06:55:00;PB;230;163,9;CAMPINA GRANDE;Acessar a via sem observar a presen�a dos outros ve�culos;Colis�o transversal;Com V�timas Feridas;Pleno dia;Crescente;C�u Claro;Simples;"Curva;Aclive";N�o;2;0;1;0;1;0;1;2;-7,217175;-35,945787;SPRF-PB;DEL02-PB;UOP01-DEL02-PB;;;
658566;01/02/2025;s�bado;07:25:00;PB;101;83;BAYEUX;Acessar a via sem observar a presen�a dos outros ve�culos;Eventos at�picos;Com V�timas Feridas;Pleno dia;Crescente;Sol;Simples;Reta;Sim;1;0;1;0;0;0;1;1;-7,1337703;-34,92963914;SPRF-PB;DEL01-PB;UOP01-DEL01-PB;;;
658569;01/02/2025;s�bado;06:00:00;PA;316;63;CASTANHAL;Aus�ncia de rea��o do condutor;Colis�o lateral mesmo sentido;Com V�timas Feridas;Amanhecer;Decrescente;C�u Claro;Dupla;Reta;Sim;3;0;2;0;1;0;2;2;-1,29679363;-47,92878096;SPRF-PA;DEL01-PA;UOP01-DEL01-PA;;;
658570;01/02/2025;s�bado;07:40:00;RJ;116;130;MAGE;Manobra de mudan�a de faixa;Sa�da de leito carro��vel;Com V�timas Feridas;Pleno dia;Decrescente;Nublado;Dupla;Curva;Sim;3;0;1;0;2;0;1;1;-22,65949914;-43,11671944;SPRF-RJ;DEL04-RJ;UOP02-DEL04-RJ;;;
658571;17/01/2025;sexta-feira;17:40:00;PR;376;438,5;TIBAGI;Aus�ncia de rea��o do condutor;Colis�o com objeto;Com V�timas Fatais;Anoitecer;Decrescente;Chuva;Dupla;"Curva;Aclive";N�o;6;1;0;0;4;1;0;3;-24,79525;-50,49555;SPRF-PR;DEL03-PR;UOP02-DEL03-PR;;;
658573;01/02/2025;s�bado;07:40:00;RN;304;36;MOSSORO;Estacionar ou parar em local proibido;Colis�o traseira;Com V�timas Feridas;Pleno dia;Crescente;C�u Claro;Dupla;Viaduto;Sim;3;0;1;2;0;0;3;2;-5,16853634;-37,35540171;SPRF-RN;DEL04-RN;UOP02-DEL04-RN;;;
658575;01/02/2025;s�bado;08:00:00;PB;230;153,8;CAMPINA GRANDE;Rea��o tardia ou ineficiente do condutor;Tombamento;Com V�timas Feridas;Pleno dia;Crescente;C�u Claro;Simples;"Curva;Em Obras";Sim;2;0;2;0;0;0;2;1;-7,2763;-35,8887;SPRF-PB;DEL02-PB;UOP01-DEL02-PB;;;
658577;01/02/2025;s�bado;08:25:00;PB;101;81;SANTA RITA;Aus�ncia de sinaliza��o;Colis�o com objeto;Sem V�timas;Pleno dia;Decrescente;C�u Claro;Dupla;"Curva;Aclive";Sim;2;0;0;0;2;0;0;2;-7,12512041;-34,9435991;SPRF-PB;DEL01-PB;UOP01-DEL01-PB;;;
658578;01/02/2025;s�bado;07:20:00;RS;293;247,9;DOM PEDRITO;Frear bruscamente;Sa�da de leito carro��vel;Com V�timas Feridas;Pleno dia;Crescente;Sol;Simples;Reta;Sim;1;0;1;0;0;0;1;1;-30,98556552;-54,63715553;SPRF-RS;DEL11-RS;UOP01-DEL11-RS;;;
658579;01/02/2025;s�bado;07:20:00;MG;40;519,9;RIBEIRAO DAS NEVES;Condutor Dormindo;Sa�da de leito carro��vel;Com V�timas Feridas;Pleno dia;Crescente;Nublado;Dupla;Reta;N�o;2;0;1;1;0;0;2;1;-19,83957589;-44,07684485;SPRF-MG;DEL01-MG;UOP02-DEL01-MG;;;
658580;12/01/2025;domingo;15:30:00;MG;40;671;CARANDAI;Chuva;Sa�da de leito carro��vel;Com V�timas Feridas;Pleno dia;Crescente;Chuva;Simples;Reta;N�o;2;0;0;1;0;1;1;2;-20,97451232;-43,78312725;SPRF-MG;DEL05-MG;UOP02-DEL05-MG;;;
658582;01/02/2025;s�bado;08:50:00;BA;116;515;FEIRA DE SANTANA;Aus�ncia de rea��o do condutor;Queda de ocupante de ve�culo;Com V�timas Feridas;Pleno dia;Decrescente;C�u Claro;Dupla;Reta;Sim;2;0;2;0;0;0;2;1;-12,16389;-38,9649;SPRF-BA;DEL02-BA;UOP01-DEL02-BA;;;
658583;16/01/2025;quinta-feira;13:10:00;PA;163;572;TRAIRAO;Acessar a via sem observar a presen�a dos outros ve�culos;Colis�o transversal;Com V�timas Feridas;Pleno dia;Decrescente;Nublado;Simples;"Reta;Declive";N�o;4;0;0;1;3;0;1;2;-5,04193667;-56,18318859;SPRF-PA;DEL05-PA;UOP03-DEL05-PA;;;
658584;01/02/2025;s�bado;09:20:00;RS;290;481;ROSARIO DO SUL;Condutor deixou de manter dist�ncia do ve�culo da frente;Colis�o traseira;Com V�timas Feridas;Pleno dia;Crescente;C�u Claro;Simples;"Reta;Aclive";Sim;14;0;7;0;7;0;7;4;-30,242239;-54,930161;SPRF-RS;DEL11-RS;UOP02-DEL11-RS;;;
658590;01/02/2025;s�bado;09:40:00;ES;101;57,6;SAO MATEUS;Acessar a via sem observar a presen�a dos outros ve�culos;Colis�o lateral mesmo sentido;Com V�timas Feridas;Pleno dia;Decrescente;C�u Claro;Simples;Reta;N�o;3;0;2;0;1;0;2;2;-18,64677697;-39,87407788;SPRF-ES;DEL04-ES;UOP02-DEL04-ES;;;
658593;01/02/2025;s�bado;09:30:00;SP;101;48;UBATUBA;Acumulo de �leo sobre o pavimento;Queda de ocupante de ve�culo;Com V�timas Feridas;Pleno dia;Crescente;C�u Claro;Simples;Interse��o de Vias;Sim;1;0;1;0;0;0;1;1;-23,43696329;-45,08768768;SPRF-SP;DEL06-SP;UOP01-DEL06-SP;;;
658594;01/02/2025;s�bado;09:05:00;BA;324;540;AMELIA RODRIGUES;Velocidade Incompat�vel;Engavetamento;Com V�timas Feridas;Pleno dia;Crescente;C�u Claro;Dupla;Reta;Sim;11;0;3;0;8;0;3;4;-12,38543536;-38,79238728;SPRF-BA;DEL01-BA;UOP03-DEL01-BA;;;
658595;01/02/2025;s�bado;09:40:00;PB;101;39;MAMANGUAPE;Rea��o tardia ou ineficiente do condutor;Colis�o transversal;Com V�timas Feridas;Pleno dia;Crescente;C�u Claro;Simples;Reta;Sim;3;0;2;0;0;1;2;2;-6,82975098;-35,13756194;SPRF-PB;DEL01-PB;UOP03-DEL01-PB;;;
658596;01/02/2025;s�bado;10:15:00;RN;406;33;GUAMARE;Rea��o tardia ou ineficiente do condutor;Colis�o traseira;Com V�timas Feridas;Pleno dia;Decrescente;C�u Claro;Simples;"Aclive;Reta";Sim;3;0;3;0;0;0;3;2;-5,2503936;-36,36877625;SPRF-RN;DEL02-RN;UOP01-DEL02-RN;;;
658597;01/02/2025;s�bado;08:45:00;BA;110;144;CICERO DANTAS;Acessar a via sem observar a presen�a dos outros ve�culos;Colis�o frontal;Com V�timas Fatais;Pleno dia;Crescente;C�u Claro;Simples;"Reta;Interse��o de Vias";Sim;5;1;0;0;4;0;0;2;-10,651503;-38,409901;SPRF-BA;DEL07-BA;UOP02-DEL07-BA;;;
658598;01/02/2025;s�bado;09:30:00;BA;242;614;IBOTIRAMA;Condutor Dormindo;Colis�o frontal;Com V�timas Feridas;Pleno dia;Crescente;C�u Claro;Simples;Reta;N�o;5;0;4;1;0;0;5;2;-12,17450507;-43,25593869;SPRF-BA;DEL10-BA;UOP01-DEL10-BA;;;
658600;01/02/2025;s�bado;10:30:00;PB;101;86,5;JOAO PESSOA;Condutor deixou de manter dist�ncia do ve�culo da frente;Colis�o traseira;Sem V�timas;Pleno dia;Decrescente;C�u Claro;Dupla;Reta;Sim;2;0;0;0;2;0;0;2;-7,15118983;-34,91012184;SPRF-PB;DEL01-PB;UOP01-DEL01-PB;;;
658602;01/02/2025;s�bado;10:30:00;PE;101;46,4;IGARASSU;Ingest�o de �lcool pelo condutor;Colis�o lateral mesmo sentido;Com V�timas Feridas;Pleno dia;Decrescente;Nublado;M�ltipla;Reta;Sim;2;0;1;0;1;0;1;2;-7,881044;-34,904965;SPRF-PE;DEL01-PE;UOP02-DEL01-PE;;;
658604;01/02/2025;s�bado;09:59:00;GO;40;9,2;LUZIANIA;Pedestre cruzava a pista fora da faixa;Atropelamento de Pedestre;Com V�timas Fatais;Pleno dia;Decrescente;Nublado;Dupla;Reta;Sim;2;1;0;0;1;0;0;2;-16,131158;-47,957739;SPRF-DF;DEL01-DF;UOP01-DEL01-DF;;;
658608;01/02/2025;s�bado;11:05:00;ES;262;60,4;MARECHAL FLORIANO;Avarias e/ou desgaste excessivo no pneu;Queda de ocupante de ve�culo;Com V�timas Feridas;Pleno dia;Crescente;C�u Claro;Simples;"Curva;Aclive";N�o;2;0;2;0;0;0;2;1;-20,42208895;-40,78646507;SPRF-ES;DEL01-ES;UOP02-DEL01-ES;;;
658609;01/02/2025;s�bado;11:05:00;SC;101;43,8;JOINVILLE;Aus�ncia de rea��o do condutor;Colis�o traseira;Com V�timas Feridas;Pleno dia;Decrescente;Nublado;Dupla;Reta;Sim;3;0;0;1;2;0;1;3;-26,33870785;-48,85914624;SPRF-SC;DEL03-SC;UOP01-DEL03-SC;;;
658610;01/02/2025;s�bado;11:15:00;MG;381;908,5;CAMBUI;Velocidade Incompat�vel;Queda de ocupante de ve�culo;Com V�timas Feridas;Pleno dia;Crescente;Chuva;Dupla;"Aclive;Curva";N�o;1;0;1;0;0;0;1;1;-22,68081964;-46,10141587;SPRF-MG;DEL16-MG;UOP03-DEL16-MG;;;
658613;01/02/2025;s�bado;12:05:00;PE;101;72;RECIFE;Aus�ncia de rea��o do condutor;Tombamento;Com V�timas Feridas;Pleno dia;Crescente;Chuva;Dupla;Reta;Sim;2;0;2;0;0;0;2;1;-8,08493106;-34,9450639;SPRF-PE;DEL01-PE;UOP01-DEL01-PE;;;
658614;01/02/2025;s�bado;11:55:00;MG;50;0,3;ARAGUARI;Velocidade Incompat�vel;Sa�da de leito carro��vel;Sem V�timas;Pleno dia;Crescente;Nublado;Dupla;Curva;N�o;1;0;0;0;0;1;0;1;-18,42564944;-48,06375861;SPRF-MG;DEL15-MG;UOP02-DEL15-MG;;;
658617;01/02/2025;s�bado;08:00:00;PI;343;15;PARNAIBA;Condutor deixou de manter dist�ncia do ve�culo da frente;Colis�o transversal;Com V�timas Feridas;Pleno dia;Decrescente;C�u Claro;Dupla;Reta;Sim;2;0;0;1;1;0;1;2;-2,93659;-41,754936;SPRF-PI;DEL05-PI;UOP01-DEL05-PI;;;
658619;01/02/2025;s�bado;12:33:00;DF;80;5,2;BRASILIA;Acessar a via sem observar a presen�a dos outros ve�culos;Colis�o transversal;Com V�timas Feridas;Pleno dia;Crescente;Nublado;Simples;Interse��o de Vias;N�o;2;0;1;0;1;0;1;2;-15,72939209;-48,12376499;SPRF-DF;DEL03-DF;UOP02-DEL03-DF;;;
658621;01/02/2025;s�bado;12:00:00;CE;222;3,6;CAUCAIA;Condutor deixou de manter dist�ncia do ve�culo da frente;Engavetamento;Com V�timas Feridas;Pleno dia;Decrescente;C�u Claro;M�ltipla;"Aclive;Reta;Viaduto";Sim;4;0;1;0;3;0;1;3;-3,7403769;-38,59569202;SPRF-CE;DEL01-CE;UOP01-DEL01-CE;;;
658622;01/02/2025;s�bado;11:00:00;MG;381;857,7;POUSO ALEGRE;Aus�ncia de rea��o do condutor;Colis�o com objeto;Com V�timas Feridas;Pleno dia;Decrescente;Chuva;Dupla;Reta;N�o;1;0;1;0;0;0;1;1;-22,34205201;-45,92609997;SPRF-MG;DEL16-MG;UOP01-DEL16-MG;;;
658623;01/02/2025;s�bado;13:00:00;RS;290;96;PORTO ALEGRE;Condutor deixou de manter dist�ncia do ve�culo da frente;Colis�o traseira;Com V�timas Feridas;Pleno dia;Crescente;C�u Claro;Simples;Aclive;Sim;2;0;1;0;1;0;1;2;-29,992107;-51,204525;SPRF-RS;DEL01-RS;UOP01-DEL01-RS;;;
658624;31/01/2025;sexta-feira;14:00:00;CE;116;46;PACAJUS;Acumulo de areia ou detritos sobre o pavimento;Tombamento;Com V�timas Feridas;Pleno dia;Crescente;C�u Claro;Dupla;Retorno Regulamentado;N�o;1;0;1;0;0;0;1;1;-4,14849127;-38,47814267;SPRF-CE;DEL01-CE;UOP02-DEL01-CE;;;
658628;01/02/2025;s�bado;11:30:00;PA;230;110;MARABA;Convers�o proibida;Colis�o frontal;Com V�timas Feridas;Pleno dia;Crescente;C�u Claro;Simples;Reta;N�o;4;0;0;2;2;0;2;2;-5,37342727;-49,03126806;SPRF-PA;DEL03-PA;UOP01-DEL03-PA;;;
658629;01/02/2025;s�bado;13:20:00;MG;40;757,2;EWBANK DA CAMARA;Chuva;Colis�o com objeto;Com V�timas Feridas;Pleno dia;Decrescente;Chuva;Simples;Curva;N�o;1;0;1;0;0;0;1;1;-21,50323045;-43,53179519;SPRF-MG;DEL05-MG;UOP01-DEL05-MG;;;
658631;01/02/2025;s�bado;13:39:00;SC;282;1;FLORIANOPOLIS;Aus�ncia de rea��o do condutor;Engavetamento;Com V�timas Feridas;Pleno dia;Decrescente;C�u Claro;M�ltipla;Reta;Sim;4;0;1;0;3;0;1;4;-27,602955;-48,580509;SPRF-SC;DEL01-SC;UOP01-DEL01-SC;;;
658632;01/02/2025;s�bado;11:13:00;RO;364;422,8;JARU;Acessar a via sem observar a presen�a dos outros ve�culos;Colis�o transversal;Com V�timas Feridas;Pleno dia;Crescente;Chuva;Simples;Rotat�ria;Sim;2;0;0;1;1;0;1;2;-10,4597532;-62,4558043;SPRF-RO;DEL03-RO;UOP02-DEL03-RO;;;
658633;01/02/2025;s�bado;13:20:00;SE;235;3;ARACAJU;Transitar na contram�o;Atropelamento de Pedestre;Com V�timas Feridas;Pleno dia;Decrescente;C�u Claro;Dupla;"Aclive;Reta";N�o;2;0;2;0;0;0;2;2;-10,9059;-37,111;SPRF-SE;DEL01-SE;UOP01-DEL01-SE;;;
658634;01/02/2025;s�bado;10:00:00;RJ;40;89;PETROPOLIS;Pista Escorregadia;Tombamento;Com V�timas Feridas;Pleno dia;Decrescente;Nublado;Simples;"Reta;Aclive";N�o;1;0;1;0;0;0;1;1;-22,556263;-43,23718;SPRF-RJ;DEL01-RJ;UOP01-DEL01-RJ;;;
658636;01/02/2025;s�bado;09:00:00;SP;101;50;UBATUBA;Rea��o tardia ou ineficiente do condutor;Colis�o transversal;Com V�timas Feridas;Pleno dia;Decrescente;Nublado;Simples;Reta;Sim;2;0;1;0;0;1;1;2;-23,44947411;-45,0783366;SPRF-SP;DEL06-SP;UOP01-DEL06-SP;;;
658638;01/02/2025;s�bado;14:50:00;PR;116;144;MANDIRITUBA;Rea��o tardia ou ineficiente do condutor;Sa�da de leito carro��vel;Com V�timas Feridas;Pleno dia;Decrescente;Chuva;Simples;"Reta;Aclive";Sim;1;0;1;0;0;0;1;1;-25,76405694;-49,32116324;SPRF-PR;DEL01-PR;UOP03-DEL01-PR;;;
658639;01/02/2025;s�bado;12:26:00;RO;364;426;JARU;Ingest�o de subst�ncias psicoativas pelo condutor;Colis�o traseira;Sem V�timas;Pleno dia;Decrescente;Nublado;Simples;"Declive;Rotat�ria";Sim;2;0;0;0;2;0;0;2;-10,43265742;-62,47966882;SPRF-RO;DEL03-RO;UOP02-DEL03-RO;;;
658640;01/02/2025;s�bado;13:15:00;PR;277;604;SANTA TEREZA DO OESTE;Ultrapassagem Indevida;Colis�o lateral mesmo sentido;Com V�timas Feridas;Pleno dia;Decrescente;C�u Claro;Simples;Reta;N�o;6;0;4;0;2;0;4;3;-25,02905699;-53,569607;SPRF-PR;DEL05-PR;UOP02-DEL05-PR;;;
658644;01/02/2025;s�bado;14:30:00;SC;470;64;INDAIAL;Acesso irregular;Colis�o frontal;Com V�timas Feridas;Pleno dia;Decrescente;Nublado;Simples;Reta;N�o;3;0;2;1;0;0;3;2;-26,869867;-49,201859;SPRF-SC;DEL04-SC;UOP01-DEL04-SC;;;
658645;01/02/2025;s�bado;15:20:00;RS;290;144;ELDORADO DO SUL;Acesso irregular;Colis�o transversal;Com V�timas Feridas;Pleno dia;Decrescente;C�u Claro;Simples;Reta;Sim;5;0;1;0;3;1;1;2;-30,096939;-51,647282;SPRF-RS;DEL02-RS;UOP01-DEL02-RS;;;
658646;01/02/2025;s�bado;14:40:00;PE;101;141;RIBEIRAO;Acumulo de �gua sobre o pavimento;Sa�da de leito carro��vel;Com V�timas Feridas;Pleno dia;Crescente;Nublado;Dupla;Reta;Sim;2;0;1;0;1;0;1;1;-8,44013935;-35,33528377;SPRF-PE;DEL01-PE;UOP03-DEL01-PE;;;
658649;01/02/2025;s�bado;14:50:00;MG;381;502;BETIM;Aus�ncia de sinaliza��o;Colis�o com objeto;Com V�timas Feridas;Pleno dia;Crescente;Nublado;M�ltipla;Reta;N�o;1;0;1;0;0;0;1;1;-20,03619694;-44,24586303;SPRF-MG;DEL01-MG;UOP03-DEL01-MG;;;
658650;01/02/2025;s�bado;16:30:00;PB;230;20;JOAO PESSOA;Acumulo de areia ou detritos sobre o pavimento;Eventos at�picos;Com V�timas Feridas;Pleno dia;Crescente;Sol;Dupla;"Declive;Curva;Interse��o de Vias;Viaduto";Sim;2;0;1;0;1;0;1;1;-7,1384244;-34,85325798;SPRF-PB;DEL01-PB;UOP01-DEL01-PB;;;
658652;01/02/2025;s�bado;15:20:00;SC;470;175,5;POUSO REDONDO;Acessar a via sem observar a presen�a dos outros ve�culos;Colis�o transversal;Com V�timas Feridas;Pleno dia;Crescente;C�u Claro;Dupla;"Aclive;Reta";N�o;3;0;2;1;0;0;3;2;-27,25507785;-49,94523168;SPRF-SC;DEL04-SC;UOP02-DEL04-SC;;;
658654;01/02/2025;s�bado;16:10:00;PR;277;592,9;CASCAVEL;Ingest�o de �lcool pelo condutor;Colis�o traseira;Com V�timas Feridas;Pleno dia;Crescente;C�u Claro;Simples;Reta;Sim;6;0;5;0;1;0;5;3;-24,98285697;-53,47319399;SPRF-PR;DEL04-PR;UOP01-DEL04-PR;;;
658655;01/02/2025;s�bado;17:00:00;SC;101;151,2;ITAPEMA;Trafegar com motocicleta (ou similar) entre as faixas;Colis�o lateral mesmo sentido;Com V�timas Feridas;Pleno dia;Crescente;Nublado;M�ltipla;Reta;Sim;2;0;1;0;1;0;1;2;-27,126536;-48,609642;SPRF-SC;DEL04-SC;UOP03-DEL04-SC;;;
658656;01/02/2025;s�bado;17:20:00;SP;116;219;GUARULHOS;Trafegar com motocicleta (ou similar) entre as faixas;Colis�o traseira;Com V�timas Feridas;Pleno dia;Decrescente;Nublado;M�ltipla;Reta;Sim;2;0;1;0;1;0;1;2;-23,46143954;-46,48885316;SPRF-SP;DEL01-SP;UOP01-DEL01-SP;;;
658657;01/02/2025;s�bado;17:00:00;SC;282;92,7;ALFREDO WAGNER;Velocidade Incompat�vel;Sa�da de leito carro��vel;Com V�timas Feridas;Pleno dia;Crescente;Nublado;Simples;"Curva;Declive";N�o;3;0;3;0;0;0;3;1;-27,704929;-49,239353;SPRF-SC;DEL01-SC;UOP03-DEL01-SC;;;
658658;01/02/2025;s�bado;17:00:00;RS;392;74,7;PELOTAS;Acessar a via sem observar a presen�a dos outros ve�culos;Colis�o transversal;Com V�timas Feridas;Pleno dia;Decrescente;Sol;Simples;Reta;N�o;4;0;1;0;3;0;1;2;-31,70447448;-52,40923762;SPRF-RS;DEL07-RS;UOP01-DEL07-RS;;;
658659;01/02/2025;s�bado;11:30:00;MG;381;483;BETIM;Aus�ncia de rea��o do condutor;Colis�o traseira;Sem V�timas;Pleno dia;Decrescente;Nublado;M�ltipla;Reta;Sim;2;0;0;0;2;0;0;2;-19,95594491;-44,10721699;SPRF-MG;DEL01-MG;UOP03-DEL01-MG;;;
658662;01/02/2025;s�bado;10:50:00;BA;116;754;POCOES;Ingest�o de �lcool pelo condutor;Capotamento;Com V�timas Feridas;Pleno dia;Crescente;C�u Claro;Simples;Declive;N�o;1;0;1;0;0;0;1;1;-14,45740412;-40,34471424;SPRF-BA;DEL08-BA;UOP02-DEL08-BA;;;
658664;01/02/2025;s�bado;15:50:00;PR;277;654;MATELANDIA;Condutor Dormindo;Colis�o lateral sentido oposto;Com V�timas Feridas;Pleno dia;Decrescente;Nublado;Simples;"Reta;Aclive";N�o;6;0;4;1;1;0;5;2;-25,22232211;-53,9513177;SPRF-PR;DEL05-PR;UOP02-DEL05-PR;;;
658665;01/02/2025;s�bado;18:00:00;MG;40;509;RIBEIRAO DAS NEVES;Demais falhas mec�nicas ou el�tricas;Inc�ndio;Sem V�timas;Anoitecer;Crescente;Nublado;Dupla;Reta;Sim;1;0;0;0;1;0;0;1;-19,76728744;-44,12855905;SPRF-MG;DEL01-MG;UOP02-DEL01-MG;;;
658668;01/02/2025;s�bado;15:45:00;MT;174;3;PONTES E LACERDA;Acessar a via sem observar a presen�a dos outros ve�culos;Colis�o transversal;Com V�timas Feridas;Pleno dia;Crescente;C�u Claro;Simples;"Reta;Interse��o de Vias";Sim;2;0;1;0;0;1;1;2;-15,24302588;-59,33329582;SPRF-MT;DEL04-MT;UOP01-DEL04-MT;;;
658670;01/02/2025;s�bado;16:30:00;MG;381;845,5;POUSO ALEGRE;Velocidade Incompat�vel;Sa�da de leito carro��vel;Com V�timas Feridas;Pleno dia;Crescente;Chuva;Dupla;Reta;N�o;2;0;1;1;0;0;2;1;-22,23698876;-45,87928703;SPRF-MG;DEL16-MG;UOP01-DEL16-MG;;;
658671;01/02/2025;s�bado;17:45:00;SC;470;35,2;GASPAR;Aus�ncia de rea��o do condutor;Colis�o traseira;Com V�timas Feridas;Pleno dia;Decrescente;C�u Claro;Dupla;Reta;N�o;2;0;1;0;1;0;1;2;-26,912857;-48,958965;SPRF-SC;DEL04-SC;UOP01-DEL04-SC;;;
658672;01/02/2025;s�bado;18:00:00;PR;277;69,2;SAO JOSE DOS PINHAIS;Aus�ncia de rea��o do condutor;Sa�da de leito carro��vel;Com V�timas Feridas;Anoitecer;Crescente;Garoa/Chuvisco;Dupla;Reta;N�o;2;0;2;0;0;0;2;1;-25,51714245;-49,11470175;SPRF-PR;DEL01-PR;UOP01-DEL01-PR;;;
658674;01/02/2025;s�bado;18:15:00;MG;116;415,8;GOVERNADOR VALADARES;Aus�ncia de rea��o do condutor;Colis�o traseira;Com V�timas Feridas;Anoitecer;Crescente;C�u Claro;Simples;Reta;Sim;4;0;1;0;0;3;1;3;-18,89548653;-41,94811821;SPRF-MG;DEL06-MG;UOP01-DEL06-MG;;;
658675;01/02/2025;s�bado;18:20:00;PE;428;12,6;CABROBO;Aus�ncia de sinaliza��o;Colis�o frontal;Com V�timas Feridas;Plena Noite;Crescente;C�u Claro;Simples;"Reta;Em Obras;Aclive";N�o;2;0;1;1;0;0;2;2;-8,50353407;-39,32484902;SPRF-PE;DEL05-PE;UOP03-DEL05-PE;;;
658678;01/02/2025;s�bado;19:25:00;RN;101;97;NATAL;Condutor deixou de manter dist�ncia do ve�culo da frente;Colis�o traseira;Com V�timas Feridas;Plena Noite;Crescente;C�u Claro;M�ltipla;Reta;Sim;5;0;2;0;0;3;2;3;-5,85758898;-35,21271205;SPRF-RN;DEL01-RN;UOP01-DEL01-RN;;;
658680;01/02/2025;s�bado;18:30:00;MG;262;442,2;NOVA SERRANA;Condutor deixou de manter dist�ncia do ve�culo da frente;Colis�o traseira;Com V�timas Feridas;Anoitecer;Decrescente;Nublado;M�ltipla;Reta;Sim;3;0;0;3;0;0;3;2;-19,87296576;-44,96566772;SPRF-MG;DEL08-MG;UOP03-DEL08-MG;;;
658681;01/02/2025;s�bado;16:20:00;PR;158;524,3;PATO BRANCO;Frear bruscamente;Colis�o traseira;Com V�timas Feridas;Pleno dia;Decrescente;C�u Claro;Dupla;"Reta;Viaduto";N�o;5;0;1;0;4;0;1;2;-26,14820259;-52,66166752;SPRF-PR;DEL02-PR;UOP01-DEL02-PR;;;
658682;01/02/2025;s�bado;18:30:00;RJ;101;314;SAO GONCALO;Rea��o tardia ou ineficiente do condutor;Tombamento;Com V�timas Feridas;Plena Noite;Crescente;C�u Claro;Dupla;Reta;Sim;1;0;1;0;0;0;1;1;-22,81648739;-43,07728467;SPRF-RJ;DEL02-RJ;UOP02-DEL02-RJ;;;
658683;01/02/2025;s�bado;17:30:00;PB;104;45;BARRA DE SANTA ROSA;Aus�ncia de rea��o do condutor;Tombamento;Com V�timas Feridas;Anoitecer;Decrescente;C�u Claro;Dupla;Reta;Sim;1;0;1;0;0;0;1;1;-6,72846302;-36,05226302;SPRF-PB;DEL02-PB;UOP04-DEL02-PB;;;
658684;01/02/2025;s�bado;15:00:00;RS;285;570;SAO LUIZ GONZAGA;Entrada inopinada do pedestre;Atropelamento de Pedestre;Com V�timas Feridas;Pleno dia;Decrescente;C�u Claro;Simples;Reta;Sim;2;0;0;1;1;0;1;2;-28,414503;-54,995766;SPRF-RS;DEL12-RS;UOP01-DEL12-RS;;;
658685;01/02/2025;s�bado;18:24:00;MS;158;282;TRES LAGOAS;Aus�ncia de rea��o do condutor;Sa�da de leito carro��vel;Com V�timas Feridas;Anoitecer;Crescente;C�u Claro;Dupla;Reta;N�o;2;0;1;0;1;0;1;1;-20,84431203;-51,73643193;SPRF-MS;DEL07-MS;UOP01-DEL07-MS;;;
658686;01/02/2025;s�bado;07:50:00;DF;20;15;BRASILIA;Aus�ncia de rea��o do condutor;Queda de ocupante de ve�culo;Sem V�timas;Pleno dia;Crescente;C�u Claro;Dupla;Reta;Sim;1;0;0;0;1;0;0;1;-15,582048;-47,540585;SPRF-DF;DEL02-DF;UOP01-DEL02-DF;;;
658687;01/02/2025;s�bado;19:30:00;SP;116;312;SAO LOURENCO DA SERRA;Objeto est�tico sobre o leito carro��vel;Colis�o com objeto;Com V�timas Feridas;Plena Noite;Crescente;Chuva;Dupla;Reta;N�o;1;0;1;0;0;0;1;1;-23,88342825;-46,97368879;SPRF-SP;DEL04-SP;UOP01-DEL04-SP;;;
658688;01/02/2025;s�bado;18:40:00;AL;101;186,9;JUNQUEIRO;Transitar no Acostamento;Colis�o traseira;Com V�timas Fatais;Plena Noite;Crescente;C�u Claro;Dupla;Reta;N�o;2;1;0;0;0;1;0;2;-9,89720602;-36,456439;SPRF-AL;DEL02-AL;UOP02-DEL02-AL;;;
658689;01/02/2025;s�bado;17:50:00;RJ;40;74;PETROPOLIS;Curva acentuada;Sa�da de leito carro��vel;Com V�timas Feridas;Pleno dia;Decrescente;Chuva;Simples;"Curva;Declive";N�o;1;0;1;0;0;0;1;1;-22,47224973;-43,22332717;SPRF-RJ;DEL01-RJ;UOP01-DEL01-RJ;;;
658690;01/02/2025;s�bado;20:20:00;RS;392;640,7;GUARANI DAS MISSOES;Rea��o tardia ou ineficiente do condutor;Colis�o traseira;Com V�timas Feridas;Plena Noite;Decrescente;C�u Claro;Simples;"Reta;Declive";N�o;3;0;1;0;1;1;1;2;-28,15054272;-54,53670608;SPRF-RS;DEL10-RS;UOP01-DEL10-RS;;;
658691;01/02/2025;s�bado;19:55:00;SC;101;200;SAO JOSE;Ingest�o de �lcool pelo condutor;Sa�da de leito carro��vel;Com V�timas Feridas;Plena Noite;Decrescente;C�u Claro;Simples;Reta;Sim;3;0;1;0;0;2;1;2;-27,54018513;-48,62287714;SPRF-SC;DEL01-SC;UOP01-DEL01-SC;;;