id;data_inversa;dia_semana;horario;uf;br;km;municipio;causa_acidente;tipo_acidente;classificacao_acidente;fase_dia;sentido_via;condicao_metereologica;tipo_pista;tracado_via;uso_solo;pessoas;mortos;feridos_leves;feridos_graves;ilesos;ignorados;feridos;veiculos;latitude;longitude;regional;delegacia;uop;;;
659022;03/02/2025;segunda-feira;10:25:00;ES;101;284;CARIACICA;Aus�ncia de rea��o do condutor;Sa�da de leito carro��vel;Com V�timas Feridas;Pleno dia;Decrescente;Sol;Dupla;Curva;Sim;2;0;1;0;1;0;1;1;-20,24334991;-40,3696926;SPRF-ES;DEL01-ES;UOP01-DEL01-ES;;;
659024;03/02/2025;segunda-feira;07:20:00;SP;116;340;MIRACATU;Chuva;Sa�da de leito carro��vel;Com V�timas Feridas;Pleno dia;Decrescente;Nublado;Dupla;Curva;N�o;5;0;2;0;3;0;2;1;-24,00328505;-47,15633198;SPRF-SP;DEL04-SP;UOP03-DEL04-SP;;;
659025;03/02/2025;segunda-feira;10:50:00;PE;101;50,7;ABREU E LIMA;Rea��o tardia ou ineficiente do condutor;Colis�o traseira;Com V�timas Feridas;Pleno dia;Decrescente;C�u Claro;M�ltipla;Reta;Sim;2;0;0;1;1;0;1;2;-7,90938602;-34,90123228;SPRF-PE;DEL01-PE;UOP02-DEL01-PE;;;
659026;03/02/2025;segunda-feira;09:00:00;MS;163;269;DOURADOS;Aus�ncia de rea��o do condutor;Colis�o traseira;Com V�timas Feridas;Pleno dia;Decrescente;C�u Claro;Dupla;Reta;N�o;2;0;1;0;1;0;1;2;-22,19753772;-54,69646454;SPRF-MS;DEL04-MS;UOP01-DEL04-MS;;;
659027;02/02/2025;domingo;21:30:00;RJ;0;0;SAO GONCALO;Demais falhas na via;Eventos at�picos;Sem V�timas;Plena Noite;N�o Informado;Nublado;Simples;Reta;Sim;4;0;0;0;4;0;0;1;-22,77883708;-42,97409719;SPRF-RJ;DEL02-RJ;UOP02-DEL02-RJ;;;
659028;03/02/2025;segunda-feira;08:30:00;PR;277;416,9;CANTAGALO;Condutor Dormindo;Sa�da de leito carro��vel;Com V�timas Feridas;Pleno dia;Crescente;C�u Claro;Simples;"Curva;Aclive";N�o;1;0;1;0;0;0;1;1;-25,404183;-52,100752;SPRF-PR;DEL04-PR;UOP02-DEL04-PR;;;
659030;03/02/2025;segunda-feira;11:00:00;RJ;101;491;ANGRA DOS REIS;Desrespeitar a prefer�ncia no cruzamento;Colis�o traseira;Com V�timas Feridas;Pleno dia;Decrescente;C�u Claro;Simples;Reta;Sim;2;0;1;0;1;0;1;2;-22,95442983;-44,32193004;SPRF-RJ;DEL03-RJ;UOP03-DEL03-RJ;;;
659032;26/01/2025;domingo;16:32:00;BA;101;656;ITAPEBI;Acessar a via sem observar a presen�a dos outros ve�culos;Colis�o transversal;Com V�timas Feridas;Pleno dia;Crescente;C�u Claro;Simples;Reta;Sim;2;0;1;0;1;0;1;2;-15,9062;-39,560556;SPRF-BA;DEL05-BA;UOP02-DEL05-BA;;;
659033;03/02/2025;segunda-feira;11:30:00;PB;230;25,1;JOAO PESSOA;Condutor deixou de manter dist�ncia do ve�culo da frente;Colis�o traseira;Com V�timas Feridas;Pleno dia;Crescente;C�u Claro;M�ltipla;"Desvio Tempor�rio;Em Obras;Reta";Sim;2;0;1;0;1;0;1;2;-7,17054457;-34,86950576;SPRF-PB;DEL01-PB;UOP01-DEL01-PB;;;
659037;03/02/2025;segunda-feira;10:30:00;MS;163;681,9;RIO VERDE DE MATO GROSSO;Entrada inopinada do pedestre;Atropelamento de Pedestre;Com V�timas Feridas;Pleno dia;Decrescente;Chuva;Simples;Reta;Sim;3;0;0;1;1;1;1;2;-18,91578008;-54,83862738;SPRF-MS;DEL06-MS;UOP02-DEL06-MS;;;
659038;03/02/2025;segunda-feira;11:25:00;RN;226;124;LAJES PINTADAS;Rea��o tardia ou ineficiente do condutor;Capotamento;Com V�timas Feridas;Pleno dia;Crescente;C�u Claro;Simples;Declive;N�o;1;0;1;0;0;0;1;1;-6,18183;-36,10914;SPRF-RN;DEL03-RN;UOP02-DEL03-RN;;;
659039;03/02/2025;segunda-feira;10:00:00;MT;70;302;PRIMAVERA DO LESTE;Acessar a via sem observar a presen�a dos outros ve�culos;Colis�o transversal;Com V�timas Feridas;Pleno dia;Decrescente;Nublado;Simples;Reta;N�o;5;0;2;1;2;0;3;2;-15,57743446;-54,48900705;SPRF-MT;DEL05-MT;UOP01-DEL05-MT;;;
659041;26/01/2025;domingo;07:55:00;BA;116;17;VITORIA DA CONQUISTA;Acessar a via sem observar a presen�a dos outros ve�culos;Colis�o transversal;Com V�timas Feridas;Pleno dia;Crescente;C�u Claro;Simples;"Interse��o de Vias;Reta";Sim;2;0;1;0;1;0;1;2;-14,9022;-40,8406;SPRF-BA;DEL08-BA;UOP01-DEL08-BA;;;
659042;03/02/2025;segunda-feira;11:20:00;RJ;465;20;NOVA IGUACU;Frear bruscamente;Queda de ocupante de ve�culo;Com V�timas Feridas;Pleno dia;Crescente;C�u Claro;Simples;Reta;N�o;1;0;1;0;0;0;1;1;-22,846828;-43,605339;SPRF-RJ;DEL06-RJ;UOP02-DEL06-RJ;;;
659043;03/02/2025;segunda-feira;12:20:00;SC;101;113,1;ITAJAI;Rea��o tardia ou ineficiente do condutor;Colis�o traseira;Com V�timas Feridas;Pleno dia;Decrescente;C�u Claro;M�ltipla;Reta;Sim;2;0;1;0;1;0;1;2;-26,85311393;-48,72689927;SPRF-SC;DEL04-SC;UOP04-DEL04-SC;;;
659045;03/02/2025;segunda-feira;14:00:00;RJ;116;173;SAO JOAO DE MERITI;Condutor deixou de manter dist�ncia do ve�culo da frente;Colis�o traseira;Com V�timas Feridas;Pleno dia;Decrescente;Sol;M�ltipla;Reta;N�o;5;0;1;0;4;0;1;2;-22,79810324;-43,35726614;SPRF-RJ;DEL06-RJ;UOP01-DEL06-RJ;;;
659046;03/02/2025;segunda-feira;11:30:00;PI;135;351;BOM JESUS;Rea��o tardia ou ineficiente do condutor;Colis�o com objeto;Sem V�timas;Pleno dia;Decrescente;C�u Claro;Dupla;Reta;N�o;1;0;0;0;1;0;0;1;-9,07627817;-44,34586005;SPRF-PI;DEL03-PI;UOP02-DEL03-PI;;;
659049;03/02/2025;segunda-feira;14:00:00;SP;116;388;MIRACATU;Falta de elemento de conten��o que evite a sa�da do leito carro��vel;Sa�da de leito carro��vel;Com V�timas Feridas;Pleno dia;Crescente;Nublado;Dupla;Reta;N�o;2;0;1;0;1;0;1;1;-24,26919492;-47,39740603;SPRF-SP;DEL04-SP;UOP02-DEL04-SP;;;
659052;03/02/2025;segunda-feira;13:46:00;MG;40;671;CARANDAI;Aus�ncia de rea��o do condutor;Colis�o traseira;Com V�timas Feridas;Pleno dia;Crescente;C�u Claro;Simples;Reta;N�o;2;0;0;1;1;0;1;2;-20,98136592;-43,78118992;SPRF-MG;DEL05-MG;UOP02-DEL05-MG;;;
659053;03/02/2025;segunda-feira;12:25:00;PE;232;212,5;PESQUEIRA;Acesso irregular;Colis�o lateral mesmo sentido;Com V�timas Fatais;Pleno dia;Crescente;C�u Claro;Simples;Reta;Sim;2;1;1;0;0;0;1;2;-8,37328104;-36,71376998;SPRF-PE;DEL03-PE;UOP02-DEL03-PE;;;
659054;03/02/2025;segunda-feira;14:20:00;RJ;101;317;SAO GONCALO;Avarias e/ou desgaste excessivo no pneu;Queda de ocupante de ve�culo;Com V�timas Feridas;Pleno dia;Crescente;C�u Claro;Dupla;Reta;Sim;2;0;2;0;0;0;2;1;-22,83707798;-43,09492006;SPRF-RJ;DEL02-RJ;UOP02-DEL02-RJ;;;
659055;03/02/2025;segunda-feira;14:20:00;SC;101;334;TUBARAO;Acessar a via sem observar a presen�a dos outros ve�culos;Colis�o transversal;Com V�timas Feridas;Pleno dia;Decrescente;Nublado;M�ltipla;Reta;Sim;2;0;1;0;1;0;1;2;-28,46730446;-49,00604302;SPRF-SC;DEL02-SC;UOP01-DEL02-SC;;;
659056;03/02/2025;segunda-feira;11:30:00;PR;277;174,2;PALMEIRA;Aus�ncia de rea��o do condutor;Sa�da de leito carro��vel;Sem V�timas;Pleno dia;Decrescente;Chuva;Simples;Reta;N�o;1;0;0;0;1;0;0;1;-25,4369462;-49,97807264;SPRF-PR;DEL08-PR;UOP02-DEL08-PR;;;
659057;03/02/2025;segunda-feira;14:00:00;BA;116;459;SANTO ESTEVAO;Acessar a via sem observar a presen�a dos outros ve�culos;Colis�o transversal;Com V�timas Feridas;Pleno dia;Decrescente;C�u Claro;Dupla;Reta;Sim;4;0;1;1;2;0;2;2;-12,42081589;-39,19884407;SPRF-BA;DEL02-BA;UOP01-DEL02-BA;;;
659058;03/02/2025;segunda-feira;14:15:00;SC;101;216;PALHOCA;Transitar na contram�o;Colis�o frontal;Com V�timas Feridas;Pleno dia;Crescente;Nublado;Dupla;Reta;Sim;2;0;1;0;1;0;1;2;-27,65981409;-48,67747798;SPRF-SC;DEL01-SC;UOP02-DEL01-SC;;;
659059;29/01/2025;quarta-feira;04:50:00;MS;60;421;SIDROLANDIA;Aus�ncia de rea��o do condutor;Tombamento;Com V�timas Feridas;Amanhecer;Decrescente;C�u Claro;Simples;Reta;N�o;1;0;0;1;0;0;1;1;-20,90554;-54,94034;SPRF-MS;DEL01-MS;UOP04-DEL01-MS;;;
659060;03/02/2025;segunda-feira;13:20:00;PR;376;451;TIBAGI;Rea��o tardia ou ineficiente do condutor;Sa�da de leito carro��vel;Com V�timas Feridas;Pleno dia;Decrescente;C�u Claro;Dupla;Curva;N�o;1;0;1;0;0;0;1;1;-24,94239016;-50,40224704;SPRF-PR;DEL03-PR;UOP02-DEL03-PR;;;
659061;03/02/2025;segunda-feira;13:20:00;MT;364;405;CUIABA;Condutor deixou de manter dist�ncia do ve�culo da frente;Colis�o traseira;Com V�timas Feridas;Pleno dia;Crescente;C�u Claro;Dupla;Reta;Sim;2;0;1;0;1;0;1;2;-15,641128;-56,016678;SPRF-MT;DEL01-MT;UOP02-DEL01-MT;;;
659062;03/02/2025;segunda-feira;14:50:00;SP;153;62;SAO JOSE DO RIO PRETO;Condutor deixou de manter dist�ncia do ve�culo da frente;Engavetamento;Com V�timas Feridas;Pleno dia;Crescente;Garoa/Chuvisco;Dupla;"Reta;Aclive";Sim;3;0;1;0;2;0;1;3;-20,81325404;-49,35675563;SPRF-SP;DEL09-SP;UOP01-DEL09-SP;;;
659063;03/02/2025;segunda-feira;11:55:00;RJ;465;5;SEROPEDICA;Trafegar com motocicleta (ou similar) entre as faixas;Colis�o transversal;Com V�timas Feridas;Pleno dia;Decrescente;C�u Claro;Simples;Reta;Sim;2;0;1;0;1;0;1;2;-22,747673;-43,699196;SPRF-RJ;DEL06-RJ;UOP02-DEL06-RJ;;;
659065;03/02/2025;segunda-feira;15:45:00;MG;50;26;ARAGUARI;Avarias e/ou desgaste excessivo no pneu;Capotamento;Com V�timas Feridas;Pleno dia;Crescente;Chuva;Dupla;"Declive;Reta";N�o;1;0;1;0;0;0;1;1;-18,61146226;-48,07749391;SPRF-MG;DEL15-MG;UOP02-DEL15-MG;;;
659066;03/02/2025;segunda-feira;12:10:00;SC;101;463;PASSO DE TORRES;Velocidade Incompat�vel;Sa�da de leito carro��vel;Com V�timas Feridas;Pleno dia;Decrescente;Sol;Dupla;Rotat�ria;N�o;2;0;1;0;1;0;1;1;-29,29422149;-49,76343155;SPRF-RS;DEL03-RS;UOP02-DEL03-RS;;;
659067;03/02/2025;segunda-feira;14:30:00;RS;290;75;GRAVATAI;Velocidade Incompat�vel;Tombamento;Com V�timas Feridas;Pleno dia;Decrescente;C�u Claro;Dupla;Curva;N�o;2;0;1;1;0;0;2;1;-29,95492525;-51,00218296;SPRF-RS;DEL01-RS;UOP01-DEL01-RS;;;
659070;03/02/2025;segunda-feira;12:40:00;MT;364;202;RONDONOPOLIS;Avarias e/ou desgaste excessivo no pneu;Queda de ocupante de ve�culo;Com V�timas Feridas;Pleno dia;Decrescente;Nublado;Dupla;Reta;Sim;2;0;1;0;0;1;1;1;-16,48347324;-54,64970354;SPRF-MT;DEL02-MT;UOP01-DEL02-MT;;;
659071;27/01/2025;segunda-feira;12:35:00;RS;101;86,2;OSORIO;Acessar a via sem observar a presen�a dos outros ve�culos;Colis�o traseira;Com V�timas Feridas;Pleno dia;Decrescente;C�u Claro;M�ltipla;Interse��o de Vias;Sim;2;0;1;0;1;0;1;2;-29,881612;-50,263923;SPRF-RS;DEL03-RS;UOP01-DEL03-RS;;;
659072;03/02/2025;segunda-feira;10:30:00;RO;435;84;COLORADO DO OESTE;Manobra de mudan�a de faixa;Colis�o lateral mesmo sentido;Com V�timas Feridas;Pleno dia;Decrescente;Sol;Dupla;Reta;Sim;2;0;1;0;1;0;1;2;-13,1173435;-60,52293293;SPRF-RO;DEL04-RO;UOP02-DEL04-RO;;;
659074;03/02/2025;segunda-feira;11:45:00;PR;163;278;MARECHAL CANDIDO RONDON;Pista Escorregadia;Queda de ocupante de ve�culo;Com V�timas Feridas;Pleno dia;Crescente;Sol;Simples;Reta;Sim;1;0;1;0;0;0;1;1;-24,60094197;-53,98016768;SPRF-PR;DEL06-PR;UOP02-DEL06-PR;;;
659076;03/02/2025;segunda-feira;15:30:00;SP;116;131,9;CACAPAVA;Avarias e/ou desgaste excessivo no pneu;Tombamento;Com V�timas Feridas;Pleno dia;Decrescente;Nublado;Dupla;Reta;N�o;2;0;2;0;0;0;2;1;-23,12742083;-45,73636609;SPRF-SP;DEL02-SP;UOP02-DEL02-SP;;;
659077;03/02/2025;segunda-feira;13:15:00;MT;70;283;PRIMAVERA DO LESTE;Velocidade Incompat�vel;Colis�o transversal;Com V�timas Fatais;Pleno dia;Decrescente;Nublado;Simples;Reta;Sim;2;1;1;0;0;0;1;2;-15,57124297;-54,31324402;SPRF-MT;DEL05-MT;UOP01-DEL05-MT;;;
659078;03/02/2025;segunda-feira;16:20:00;PR;376;293;MAUA DA SERRA;Pista Escorregadia;Colis�o com objeto;Com V�timas Feridas;Pleno dia;Crescente;Chuva;Dupla;Curva;Sim;2;0;1;0;1;0;1;1;-23,90467144;-51,20873451;SPRF-PR;DEL07-PR;UOP02-DEL07-PR;;;
659079;03/02/2025;segunda-feira;16:30:00;MG;40;617,2;CONGONHAS;Convers�o proibida;Colis�o frontal;Com V�timas Feridas;Pleno dia;Crescente;C�u Claro;Simples;Reta;Sim;3;0;2;0;1;0;2;2;-20,55295397;-43,81450989;SPRF-MG;DEL05-MG;UOP02-DEL05-MG;;;
659080;03/02/2025;segunda-feira;16:30:00;MG;40;526;CONTAGEM;Demais falhas na via;Tombamento;Com V�timas Feridas;Pleno dia;Decrescente;C�u Claro;Dupla;Reta;Sim;1;0;1;0;0;0;1;1;-19,89255399;-44,04985478;SPRF-MG;DEL01-MG;UOP02-DEL01-MG;;;
659081;03/02/2025;segunda-feira;16:50:00;CE;116;5;FORTALEZA;Rea��o tardia ou ineficiente do condutor;Colis�o traseira;Com V�timas Feridas;Pleno dia;Crescente;Sol;Dupla;Reta;Sim;2;0;1;0;1;0;1;2;-3,79455513;-38,50785255;SPRF-CE;DEL01-CE;UOP02-DEL01-CE;;;
659085;03/02/2025;segunda-feira;16:20:00;RJ;101;306;SAO GONCALO;Condutor deixou de manter dist�ncia do ve�culo da frente;Colis�o traseira;Com V�timas Feridas;Pleno dia;Crescente;C�u Claro;Dupla;Reta;Sim;3;0;1;0;2;0;1;2;-22,78913759;-43,00550909;SPRF-RJ;DEL02-RJ;UOP02-DEL02-RJ;;;
659087;03/02/2025;segunda-feira;14:40:00;PI;343;304;ALTOS;Rea��o tardia ou ineficiente do condutor;Colis�o lateral mesmo sentido;Com V�timas Feridas;Pleno dia;Decrescente;Chuva;Simples;Reta;Sim;2;0;1;0;1;0;1;2;-5,028232;-42,437134;SPRF-PI;DEL01-PI;UOP03-DEL01-PI;;;
659093;03/02/2025;segunda-feira;14:00:00;MG;381;728,1;CARMO DA CACHOEIRA;Ingest�o de �lcool pelo condutor;Sa�da de leito carro��vel;Sem V�timas;Pleno dia;Crescente;Nublado;Dupla;"Declive;Curva";N�o;1;0;0;0;1;0;0;1;-21,52361199;-45,22481701;SPRF-MG;DEL04-MG;UOP02-DEL04-MG;;;
659094;03/02/2025;segunda-feira;16:53:00;PE;428;187;PETROLINA;Aus�ncia de rea��o do condutor;Colis�o lateral mesmo sentido;Com V�timas Feridas;Pleno dia;Decrescente;C�u Claro;Dupla;Rotat�ria;Sim;3;0;0;1;2;0;1;2;-9,35604301;-40,47854198;SPRF-PE;DEL06-PE;UOP01-DEL06-PE;;;
659095;03/02/2025;segunda-feira;17:32:00;CE;116;19;ITAITINGA;Curva acentuada;Tombamento;Com V�timas Feridas;Anoitecer;Crescente;C�u Claro;Dupla;Curva;Sim;2;0;2;0;0;0;2;1;-3,91384397;-38,50667231;SPRF-CE;DEL01-CE;UOP02-DEL01-CE;;;
659096;03/02/2025;segunda-feira;17:30:00;SP;116;86;PINDAMONHANGABA;Avarias e/ou desgaste excessivo no pneu;Tombamento;Com V�timas Feridas;Pleno dia;Decrescente;Nublado;Dupla;Reta;Sim;2;0;0;1;1;0;1;1;-22,92639476;-45,35307511;SPRF-SP;DEL08-SP;UOP01-DEL08-SP;;;
659097;03/02/2025;segunda-feira;17:34:00;ES;101;63;SAO MATEUS;Condutor deixou de manter dist�ncia do ve�culo da frente;Engavetamento;Com V�timas Feridas;Pleno dia;Crescente;C�u Claro;Simples;Curva;N�o;5;0;1;0;3;1;1;3;-18,69830807;-39,86481056;SPRF-ES;DEL04-ES;UOP02-DEL04-ES;;;
659098;03/02/2025;segunda-feira;13:44:00;SC;280;128,4;RIO NEGRINHO;Convers�o proibida;Colis�o lateral mesmo sentido;Com V�timas Feridas;Pleno dia;Decrescente;C�u Claro;Simples;"Reta;Declive";Sim;2;0;1;0;1;0;1;2;-26,24458931;-49,51730132;SPRF-SC;DEL06-SC;UOP03-DEL06-SC;;;
659099;03/02/2025;segunda-feira;17:30:00;RS;386;247,2;SOLEDADE;Rea��o tardia ou ineficiente do condutor;Colis�o transversal;Sem V�timas;Pleno dia;Decrescente;C�u Claro;Simples;Reta;Sim;3;0;0;0;3;0;0;2;-28,813179;-52,493595;SPRF-RS;DEL04-RS;UOP03-DEL04-RS;;;
659100;30/01/2025;quinta-feira;08:20:00;DF;60;0;BRASILIA;Condutor deixou de manter dist�ncia do ve�culo da frente;Colis�o traseira;Sem V�timas;Pleno dia;Decrescente;Chuva;Dupla;Reta;Sim;5;0;0;0;5;0;0;2;-15,882499;-48,060212;SPRF-DF;DEL03-DF;UOP01-DEL03-DF;;;
659102;03/02/2025;segunda-feira;17:45:00;RN;226;175,8;CURRAIS NOVOS;Rea��o tardia ou ineficiente do condutor;Colis�o lateral mesmo sentido;Com V�timas Feridas;Anoitecer;Crescente;Ignorado;Dupla;"Interse��o de Vias;Rotat�ria";Sim;3;0;1;0;2;0;1;2;-6,257745;-36,510166;SPRF-RN;DEL03-RN;UOP02-DEL03-RN;;;
659103;03/02/2025;segunda-feira;15:50:00;MT;70;1,9;BARRA DO GARCAS;Rea��o tardia ou ineficiente do condutor;Colis�o transversal;Com V�timas Feridas;Pleno dia;Decrescente;Sol;Simples;Reta;Sim;2;0;1;0;1;0;1;2;-15,89164596;-52,26202884;SPRF-MT;DEL07-MT;UOP01-DEL07-MT;;;
659105;03/02/2025;segunda-feira;15:40:00;MG;50;147,2;UBERABA;Chuva;Colis�o com objeto;Com V�timas Feridas;Pleno dia;Crescente;Chuva;Dupla;Reta;N�o;1;0;1;0;0;0;1;1;-19,53934;-48,036998;SPRF-MG;DEL13-MG;UOP01-DEL13-MG;;;
659106;03/02/2025;segunda-feira;14:45:00;SC;282;598;CUNHA PORA;Condutor Dormindo;Sa�da de leito carro��vel;Com V�timas Feridas;Pleno dia;Crescente;C�u Claro;Simples;Reta;N�o;2;0;2;0;0;0;2;1;-26,825783;-53,147213;SPRF-SC;DEL07-SC;UOP02-DEL07-SC;;;
659108;03/02/2025;segunda-feira;18:45:00;PB;230;6,5;CABEDELO;Sinaliza��o mal posicionada;Queda de ocupante de ve�culo;Com V�timas Feridas;Plena Noite;Decrescente;C�u Claro;Dupla;Reta;Sim;2;0;0;1;1;0;1;1;-7,02;-34,8359;SPRF-PB;DEL01-PB;UOP01-DEL01-PB;;;
659109;03/02/2025;segunda-feira;18:40:00;RS;285;194;LAGOA VERMELHA;Acessar a via sem observar a presen�a dos outros ve�culos;Colis�o transversal;Com V�timas Feridas;Pleno dia;Decrescente;Sol;Simples;Reta;Sim;2;0;1;0;1;0;1;2;-28,242582;-51,498211;SPRF-RS;DEL08-RS;UOP05-DEL08-RS;;;
659112;03/02/2025;segunda-feira;12:50:00;PE;428;187;PETROLINA;Condutor deixou de manter dist�ncia do ve�culo da frente;Colis�o traseira;Com V�timas Feridas;Pleno dia;Crescente;C�u Claro;Dupla;Rotat�ria;Sim;3;0;1;0;2;0;1;2;-9,36400596;-40,48266808;SPRF-PE;DEL06-PE;UOP01-DEL06-PE;;;
659114;03/02/2025;segunda-feira;18:05:00;PR;373;440;CHOPINZINHO;Transitar na contram�o;Colis�o frontal;Com V�timas Feridas;Pleno dia;Decrescente;C�u Claro;Simples;Aclive;N�o;2;0;1;0;1;0;1;2;-25,81075207;-52,28878093;SPRF-PR;DEL02-PR;UOP01-DEL02-PR;;;
659115;03/02/2025;segunda-feira;19:50:00;PI;343;341,6;TERESINA;Rea��o tardia ou ineficiente do condutor;Colis�o traseira;Com V�timas Feridas;Plena Noite;Crescente;C�u Claro;Dupla;Reta;Sim;2;0;1;0;1;0;1;2;-5,077812;-42,744255;SPRF-PI;DEL01-PI;UOP01-DEL01-PI;;;
659117;03/02/2025;segunda-feira;19:30:00;RJ;465;17;NOVA IGUACU;Ultrapassagem Indevida;Colis�o lateral mesmo sentido;Sem V�timas;Anoitecer;Decrescente;C�u Claro;Simples;Reta;N�o;2;0;0;0;1;1;0;2;-22,823448;-43,619843;SPRF-RJ;DEL06-RJ;UOP02-DEL06-RJ;;;
659119;03/02/2025;segunda-feira;18:20:00;AL;316;259;PILAR;Condutor Dormindo;Colis�o frontal;Com V�timas Feridas;Plena Noite;Crescente;C�u Claro;Simples;Reta;N�o;6;0;5;0;1;0;5;2;-9,5916564;-35,914033;SPRF-AL;DEL02-AL;UOP01-DEL02-AL;;;
659120;03/02/2025;segunda-feira;19:45:00;ES;101;260,8;SERRA;Transitar na contram�o;Colis�o frontal;Com V�timas Feridas;Plena Noite;Crescente;C�u Claro;Simples;"Curva;Declive";Sim;3;0;3;0;0;0;3;2;-20,14616415;-40,28836206;SPRF-ES;DEL02-ES;UOP01-DEL02-ES;;;
659121;03/02/2025;segunda-feira;18:10:00;PR;376;383;IMBAU;Rea��o tardia ou ineficiente do condutor;Sa�da de leito carro��vel;Com V�timas Feridas;Anoitecer;Decrescente;Chuva;Dupla;Curva;N�o;4;0;2;0;2;0;2;1;-24,47251574;-50,73914548;SPRF-PR;DEL03-PR;UOP02-DEL03-PR;;;
659122;03/02/2025;segunda-feira;17:30:00;RS;386;94;SAGRADA FAMILIA;Transitar na contram�o;Colis�o lateral sentido oposto;Com V�timas Feridas;Pleno dia;Crescente;C�u Claro;Simples;Reta;N�o;1;0;1;0;0;0;1;1;-27,73550341;-53,17176819;SPRF-RS;DEL08-RS;UOP01-DEL08-RS;;;
659123;03/02/2025;segunda-feira;20:00:00;RJ;40;80;PETROPOLIS;Pedestre andava na pista;Atropelamento de Pedestre;Com V�timas Feridas;Plena Noite;Crescente;C�u Claro;Dupla;"Declive;Curva";Sim;2;0;1;0;1;0;1;2;-22,49798597;-43,22878703;SPRF-RJ;DEL01-RJ;UOP01-DEL01-RJ;;;
659124;03/02/2025;segunda-feira;17:20:00;BA;324;517;FEIRA DE SANTANA;Acessar a via sem observar a presen�a dos outros ve�culos;Colis�o transversal;Com V�timas Feridas;Anoitecer;Decrescente;Nublado;Simples;Reta;Sim;3;0;2;0;0;1;2;2;-12,25595573;-38,93215299;SPRF-BA;DEL02-BA;UOP01-DEL02-BA;;;
659125;18/01/2025;s�bado;17:15:00;RR;174;536;BOA VISTA;Condutor deixou de manter dist�ncia do ve�culo da frente;Colis�o lateral mesmo sentido;Com V�timas Feridas;Pleno dia;Decrescente;C�u Claro;Simples;Reta;N�o;33;0;1;0;32;0;1;2;3,05651;-60,79826;SPRF-RR;DEL01-RR;UOP01-DEL01-RR;;;
659126;03/02/2025;segunda-feira;20:15:00;SC;101;247;PAULO LOPES;Manobra de mudan�a de faixa;Colis�o traseira;Com V�timas Feridas;Plena Noite;Crescente;Garoa/Chuvisco;Dupla;"Retorno Regulamentado;Reta";N�o;2;0;2;0;0;0;2;2;-27,918808;-48,654187;SPRF-SC;DEL02-SC;UOP03-DEL02-SC;;;
659127;03/02/2025;segunda-feira;17:20:00;SC;282;439,6;IRANI;Velocidade Incompat�vel;Sa�da de leito carro��vel;Com V�timas Feridas;Pleno dia;Crescente;Sol;Simples;Reta;N�o;1;0;1;0;0;0;1;1;-26,95015243;-51,85821533;SPRF-SC;DEL07-SC;UOP04-DEL07-SC;;;
659128;03/02/2025;segunda-feira;19:00:00;RS;116;108;SAO MARCOS;Acessar a via sem observar a presen�a dos outros ve�culos;Colis�o transversal;Com V�timas Feridas;Anoitecer;Decrescente;C�u Claro;Simples;Curva;N�o;3;0;1;1;1;0;2;2;-28,92514807;-51,09447449;SPRF-RS;DEL05-RS;UOP01-DEL05-RS;;;
659129;03/02/2025;segunda-feira;21:30:00;SP;116;293;ITAPECERICA DA SERRA;Aus�ncia de rea��o do condutor;Sa�da de leito carro��vel;Com V�timas Feridas;Plena Noite;Decrescente;Nublado;Dupla;Reta;Sim;1;0;1;0;0;0;1;1;-23,75393807;-46,90168863;SPRF-SP;DEL04-SP;UOP01-DEL04-SP;;;
659130;03/02/2025;segunda-feira;18:50:00;PE;232;415,3;SERRA TALHADA;Rea��o tardia ou ineficiente do condutor;Atropelamento de Pedestre;Com V�timas Feridas;Plena Noite;Decrescente;C�u Claro;Simples;Reta;N�o;6;0;1;0;3;2;1;2;-7,99605739;-38,34533981;SPRF-PE;DEL04-PE;UOP01-DEL04-PE;;;
659131;03/02/2025;segunda-feira;13:45:00;RS;293;112;PINHEIRO MACHADO;Transitar na contram�o;Colis�o frontal;Com V�timas Fatais;Pleno dia;Decrescente;C�u Claro;Simples;Reta;N�o;6;4;0;2;0;0;2;2;-31,55048737;-53,41963811;SPRF-RS;DEL11-RS;UOP03-DEL11-RS;;;
659132;03/02/2025;segunda-feira;21:20:00;RJ;101;312;SAO GONCALO;Rea��o tardia ou ineficiente do condutor;Colis�o traseira;Com V�timas Feridas;Plena Noite;Decrescente;C�u Claro;Dupla;Reta;N�o;1;0;1;0;0;0;1;1;-22,80546555;-43,06156967;SPRF-RJ;DEL02-RJ;UOP02-DEL02-RJ;;;
659133;03/02/2025;segunda-feira;19:00:00;RO;435;87;COLORADO DO OESTE;Acessar a via sem observar a presen�a dos outros ve�culos;Colis�o transversal;Com V�timas Feridas;Plena Noite;Decrescente;Nublado;Simples;Reta;Sim;2;0;1;0;1;0;1;2;-13,12694915;-60,54413734;SPRF-RO;DEL04-RO;UOP02-DEL04-RO;;;
659134;03/02/2025;segunda-feira;19:35:00;RR;174;220;RORAINOPOLIS;Animais na Pista;Atropelamento de Animal;Com V�timas Feridas;Plena Noite;Crescente;C�u Claro;Simples;Reta;N�o;3;0;1;1;0;1;2;2;1,012302;-60,403378;SPRF-RR;DEL01-RR;UOP01-DEL01-RR;;;