id;data_inversa;dia_semana;horario;uf;br;km;municipio;causa_acidente;tipo_acidente;classificacao_acidente;fase_dia;sentido_via;condicao_metereologica;tipo_pista;tracado_via;uso_solo;pessoas;mortos;feridos_leves;feridos_graves;ilesos;ignorados;feridos;veiculos;latitude;longitude;regional;delegacia;uop;;;
659135;03/02/2025;segunda-feira;18:00:00;SC;282;137;BOM RETIRO;Aus�ncia de rea��o do condutor;Colis�o com objeto;Com V�timas Feridas;Anoitecer;Decrescente;Chuva;Simples;Rotat�ria;Sim;3;0;0;1;2;0;1;1;-27,8218;-49,567032;SPRF-SC;DEL05-SC;UOP01-DEL05-SC;;;
659136;03/02/2025;segunda-feira;20:00:00;RJ;116;269;VOLTA REDONDA;Rea��o tardia ou ineficiente do condutor;Colis�o traseira;Com V�timas Feridas;Plena Noite;Decrescente;Garoa/Chuvisco;Dupla;"Aclive;Curva";N�o;6;0;3;0;3;0;3;4;-22,57510092;-44,11542461;SPRF-RJ;DEL07-RJ;UOP02-DEL07-RJ;;;
659137;03/02/2025;segunda-feira;22:00:00;PR;277;0;PARANAGUA;Pista Escorregadia;Tombamento;Com V�timas Feridas;Plena Noite;Decrescente;Nublado;Simples;"Reta;Ponte";Sim;1;0;1;0;0;0;1;1;-25,568198;-48,615292;SPRF-PR;DEL01-PR;UOP05-DEL01-PR;;;
659138;03/02/2025;segunda-feira;21:15:00;RJ;40;104;DUQUE DE CAXIAS;Condutor Dormindo;Colis�o traseira;Com V�timas Feridas;Plena Noite;Crescente;C�u Claro;Dupla;Reta;Sim;3;0;3;0;0;0;3;2;-22,62897902;-43,28579508;SPRF-RJ;DEL01-RJ;UOP02-DEL01-RJ;;;
659140;03/02/2025;segunda-feira;22:40:00;PI;316;5;TERESINA;Condutor desrespeitou a ilumina��o vermelha do sem�foro;Colis�o transversal;Com V�timas Feridas;Plena Noite;Decrescente;C�u Claro;Dupla;"Declive;Viaduto;Interse��o de Vias;Reta";Sim;2;0;1;0;1;0;1;2;-5,14169858;-42,78157276;SPRF-PI;DEL01-PI;UOP02-DEL01-PI;;;
659141;03/02/2025;segunda-feira;22:15:00;PA;316;134,6;PEIXE-BOI;Aus�ncia de rea��o do condutor;Colis�o traseira;Sem V�timas;Plena Noite;Decrescente;Garoa/Chuvisco;Simples;Reta;N�o;3;0;0;0;3;0;0;2;-1,279735;-47,310113;SPRF-PA;DEL01-PA;UOP03-DEL01-PA;;;
659143;03/02/2025;segunda-feira;20:35:00;MG;262;54,3;MANHUACU;Aus�ncia de rea��o do condutor;Colis�o frontal;Com V�timas Feridas;Plena Noite;Decrescente;C�u Claro;Simples;Reta;N�o;4;0;1;3;0;0;4;2;-20,26134902;-42,16469099;SPRF-MG;DEL06-MG;UOP03-DEL06-MG;;;
659144;03/02/2025;segunda-feira;19:50:00;SC;280;80,8;CORUPA;Acessar a via sem observar a presen�a dos outros ve�culos;Colis�o frontal;Com V�timas Feridas;Plena Noite;Crescente;Garoa/Chuvisco;Simples;Reta;Sim;3;0;2;0;0;1;2;2;-26,44412189;-49,20975187;SPRF-SC;DEL06-SC;UOP03-DEL06-SC;;;
659146;03/02/2025;segunda-feira;23:30:00;SP;116;300;SAO LOURENCO DA SERRA;Afundamento ou ondula��o no pavimento;Queda de ocupante de ve�culo;Com V�timas Feridas;Plena Noite;Crescente;Chuva;Dupla;Curva;N�o;1;0;1;0;0;0;1;1;-23,80425272;-46,92143625;SPRF-SP;DEL04-SP;UOP01-DEL04-SP;;;
659148;03/02/2025;segunda-feira;23:50:00;SC;101;211;PALHOCA;Aus�ncia de rea��o do condutor;Colis�o com objeto;Com V�timas Feridas;Plena Noite;Decrescente;Nublado;M�ltipla;Reta;Sim;1;0;0;1;0;0;1;1;-27,62329313;-48,65245588;SPRF-SC;DEL01-SC;UOP02-DEL01-SC;;;
659149;04/02/2025;ter�a-feira;00:20:00;SC;101;251;PAULO LOPES;Demais falhas mec�nicas ou el�tricas;Queda de ocupante de ve�culo;Sem V�timas;Plena Noite;Crescente;Nublado;Dupla;Reta;N�o;1;0;0;0;1;0;0;1;-27,9490242;-48,67206568;SPRF-SC;DEL02-SC;UOP03-DEL02-SC;;;
659151;03/02/2025;segunda-feira;23:00:00;PR;163;151,8;SANTA LUCIA;Aus�ncia de rea��o do condutor;Colis�o com objeto;Com V�timas Feridas;Plena Noite;Decrescente;C�u Claro;Dupla;"Curva;Declive";N�o;1;0;1;0;0;0;1;1;-25,41040897;-53,5718868;SPRF-PR;DEL05-PR;UOP05-DEL05-PR;;;
659153;03/02/2025;segunda-feira;22:45:00;PE;232;253;ARCOVERDE;Ilumina��o deficiente;Atropelamento de Pedestre;Com V�timas Fatais;Plena Noite;Crescente;C�u Claro;Simples;Reta;Sim;2;1;0;0;0;1;0;2;-8,42522112;-37,07235809;SPRF-PE;DEL04-PE;UOP02-DEL04-PE;;;
659154;03/02/2025;segunda-feira;22:50:00;MT;174;385;CONQUISTA DOESTE;Ingest�o de �lcool pelo condutor;Colis�o com objeto;Sem V�timas;Plena Noite;Crescente;C�u Claro;Simples;Reta;N�o;3;0;0;0;2;1;0;2;-14,5036131;-59,5672337;SPRF-MT;DEL04-MT;UOP01-DEL04-MT;;;
659155;04/02/2025;ter�a-feira;01:30:00;SC;282;55,8;RANCHO QUEIMADO;Avarias e/ou desgaste excessivo no pneu;Sa�da de leito carro��vel;Sem V�timas;Plena Noite;Crescente;Nublado;Simples;Curva;N�o;1;0;0;0;1;0;0;1;-27,689514;-48,982376;SPRF-SC;DEL01-SC;UOP03-DEL01-SC;;;
659157;04/02/2025;ter�a-feira;02:50:00;BA;324;514;FEIRA DE SANTANA;Acessar a via sem observar a presen�a dos outros ve�culos;Colis�o transversal;Com V�timas Feridas;Plena Noite;Crescente;C�u Claro;Simples;"Reta;Interse��o de Vias";Sim;3;0;0;2;1;0;2;2;-12,23221446;-38,95291686;SPRF-BA;DEL02-BA;UOP01-DEL02-BA;;;
659160;04/02/2025;ter�a-feira;01:50:00;RS;290;454;ROSARIO DO SUL;Entrada inopinada do pedestre;Eventos at�picos;Com V�timas Fatais;Plena Noite;Decrescente;C�u Claro;Simples;"Reta;Declive";N�o;4;1;0;0;1;2;0;3;-30,230925;-54,655495;SPRF-RS;DEL11-RS;UOP02-DEL11-RS;;;
659161;04/02/2025;ter�a-feira;04:00:00;MG;381;483,2;BETIM;Velocidade Incompat�vel;Colis�o com objeto;Sem V�timas;Plena Noite;Decrescente;C�u Claro;M�ltipla;"Curva;Declive";Sim;1;0;0;0;1;0;0;1;-19,95964;-44,081383;SPRF-MG;DEL01-MG;UOP03-DEL01-MG;;;
659162;03/02/2025;segunda-feira;21:50:00;MG;40;699,9;BARBACENA;Manobra de mudan�a de faixa;Tombamento;Com V�timas Feridas;Plena Noite;Decrescente;C�u Claro;Dupla;"Curva;Declive";N�o;2;0;1;0;1;0;1;1;-21,204338;-43,74918938;SPRF-MG;DEL05-MG;UOP02-DEL05-MG;;;
659163;04/02/2025;ter�a-feira;04:24:00;PE;232;508;SALGUEIRO;Pedestre cruzava a pista fora da faixa;Atropelamento de Pedestre;Com V�timas Fatais;Amanhecer;Decrescente;C�u Claro;Simples;Reta;Sim;2;1;0;0;0;1;0;2;-8,06223271;-39,12095006;SPRF-PE;DEL05-PE;UOP01-DEL05-PE;;;
659165;03/02/2025;segunda-feira;20:00:00;RJ;465;3;SEROPEDICA;Retorno proibido;Colis�o traseira;Com V�timas Feridas;Plena Noite;Crescente;C�u Claro;Simples;Reta;Sim;4;0;1;0;3;0;1;2;-22,73427;-43,711994;SPRF-RJ;DEL06-RJ;UOP02-DEL06-RJ;;;
659166;04/02/2025;ter�a-feira;06:30:00;SP;116;222;GUARULHOS;Trafegar com motocicleta (ou similar) entre as faixas;Colis�o lateral mesmo sentido;Com V�timas Feridas;Pleno dia;Crescente;C�u Claro;M�ltipla;Reta;Sim;2;0;1;0;1;0;1;2;-23,47093408;-46,51631097;SPRF-SP;DEL01-SP;UOP01-DEL01-SP;;;
659167;04/02/2025;ter�a-feira;06:40:00;SC;282;5;SAO JOSE;Rea��o tardia ou ineficiente do condutor;Colis�o traseira;Com V�timas Feridas;Pleno dia;Decrescente;C�u Claro;Dupla;"Reta;Viaduto";Sim;3;0;1;0;2;0;1;3;-27,588425;-48,612919;SPRF-SC;DEL01-SC;UOP01-DEL01-SC;;;
659168;04/02/2025;ter�a-feira;06:45:00;DF;40;5;BRASILIA;Trafegar com motocicleta (ou similar) entre as faixas;Colis�o lateral mesmo sentido;Com V�timas Feridas;Pleno dia;Decrescente;C�u Claro;Dupla;Reta;Sim;2;0;1;0;1;0;1;2;-16,020903;-47,980541;SPRF-DF;DEL01-DF;UOP01-DEL01-DF;;;
659169;04/02/2025;ter�a-feira;07:05:00;BA;324;619;SALVADOR;Trafegar com motocicleta (ou similar) entre as faixas;Queda de ocupante de ve�culo;Com V�timas Feridas;Pleno dia;Crescente;C�u Claro;Dupla;Reta;N�o;3;0;2;0;0;1;2;2;-12,89820999;-38,45012202;SPRF-BA;DEL01-BA;UOP01-DEL01-BA;;;
659170;04/02/2025;ter�a-feira;06:30:00;PB;230;512,7;BOM JESUS;Animais na Pista;Atropelamento de Animal;Com V�timas Feridas;Pleno dia;Decrescente;Nublado;Simples;"Declive;Reta";Sim;3;0;3;0;0;0;3;1;-6,8878;-38,605;SPRF-PB;DEL03-PB;UOP03-DEL03-PB;;;
659171;04/02/2025;ter�a-feira;07:30:00;RS;290;104,2;ELDORADO DO SUL;Aus�ncia de rea��o do condutor;Tombamento;Com V�timas Feridas;Pleno dia;Decrescente;C�u Claro;Dupla;Reta;N�o;2;0;1;0;1;0;1;1;-29,993122;-51,275398;SPRF-RS;DEL02-RS;UOP01-DEL02-RS;;;
659172;04/02/2025;ter�a-feira;07:40:00;RS;116;149,4;CAXIAS DO SUL;Pedestre cruzava a pista fora da faixa;Atropelamento de Pedestre;Com V�timas Feridas;Pleno dia;Crescente;C�u Claro;Dupla;Curva;Sim;2;0;2;0;0;0;2;2;-29,15996905;-51,15645292;SPRF-RS;DEL05-RS;UOP01-DEL05-RS;;;
659173;04/02/2025;ter�a-feira;07:35:00;SE;101;100;SAO CRISTOVAO;Avarias e/ou desgaste excessivo no pneu;Tombamento;Com V�timas Feridas;Pleno dia;Decrescente;C�u Claro;Dupla;"Reta;Declive";N�o;2;0;2;0;0;0;2;1;-10,94085093;-37,19456903;SPRF-SE;DEL02-SE;UOP01-DEL02-SE;;;
659174;04/02/2025;ter�a-feira;07:30:00;MG;116;714,8;MURIAE;Condutor deixou de manter dist�ncia do ve�culo da frente;Colis�o lateral mesmo sentido;Com V�timas Feridas;Pleno dia;Decrescente;Sol;Simples;Reta;N�o;5;0;1;0;4;0;1;2;-21,1671331;-42,37130608;SPRF-MG;DEL07-MG;UOP02-DEL07-MG;;;
659175;03/02/2025;segunda-feira;14:30:00;RO;425;81;NOVA MAMORE;Acessar a via sem observar a presen�a dos outros ve�culos;Colis�o transversal;Com V�timas Feridas;Pleno dia;Crescente;Chuva;Dupla;Rotat�ria;Sim;2;0;1;0;1;0;1;2;-10,246915;-65,287827;SPRF-RO;DEL01-RO;UOP03-DEL01-RO;;;
659176;04/02/2025;ter�a-feira;07:58:00;SE;235;3;ARACAJU;Rea��o tardia ou ineficiente do condutor;Colis�o traseira;Com V�timas Feridas;Pleno dia;Crescente;Sol;Dupla;Reta;Sim;2;0;1;0;1;0;1;2;-10,9059;-37,111;SPRF-SE;DEL01-SE;UOP01-DEL01-SE;;;
659179;04/02/2025;ter�a-feira;06:00:00;MT;163;732;SORRISO;Manobra de mudan�a de faixa;Colis�o frontal;Com V�timas Feridas;Pleno dia;Crescente;C�u Claro;Simples;Curva;N�o;3;0;1;2;0;0;3;2;-12,70292;-55,81583833;SPRF-MT;DEL06-MT;UOP01-DEL06-MT;;;
659180;04/02/2025;ter�a-feira;08:50:00;RJ;101;307;SAO GONCALO;Manobra de mudan�a de faixa;Colis�o com objeto;Com V�timas Feridas;Pleno dia;Crescente;Sol;Dupla;Reta;N�o;3;0;1;0;2;0;1;2;-22,79115777;-43,01514205;SPRF-RJ;DEL02-RJ;UOP02-DEL02-RJ;;;
659181;04/02/2025;ter�a-feira;08:30:00;MG;381;483;BETIM;Rea��o tardia ou ineficiente do condutor;Colis�o traseira;Com V�timas Feridas;Pleno dia;Decrescente;C�u Claro;M�ltipla;"Aclive;Reta";Sim;2;0;0;1;1;0;1;2;-19,95594491;-44,10721699;SPRF-MG;DEL01-MG;UOP03-DEL01-MG;;;
659182;04/02/2025;ter�a-feira;08:35:00;SC;101;215,5;PALHOCA;Rea��o tardia ou ineficiente do condutor;Colis�o traseira;Com V�timas Feridas;Pleno dia;Decrescente;Sol;M�ltipla;"Reta;Aclive";Sim;2;0;0;1;1;0;1;2;-27,65184843;-48,67604941;SPRF-SC;DEL01-SC;UOP02-DEL01-SC;;;
659183;04/02/2025;ter�a-feira;08:00:00;PR;277;136;BALSA NOVA;Pista Escorregadia;Colis�o lateral mesmo sentido;Com V�timas Feridas;Pleno dia;Decrescente;Chuva;Dupla;Curva;N�o;6;0;1;0;5;0;1;2;-25,47830225;-49,64382648;SPRF-PR;DEL03-PR;UOP03-DEL03-PR;;;
659186;04/02/2025;ter�a-feira;08:30:00;ES;101;267,9;SERRA;Manobra de mudan�a de faixa;Colis�o lateral mesmo sentido;Com V�timas Feridas;Pleno dia;Crescente;Sol;M�ltipla;Interse��o de Vias;Sim;2;0;1;0;0;1;1;2;-20,19930999;-40,26884609;SPRF-ES;DEL02-ES;UOP01-DEL02-ES;;;
659190;04/02/2025;ter�a-feira;07:50:00;GO;153;507;APARECIDA DE GOIANIA;Trafegar com motocicleta (ou similar) entre as faixas;Engavetamento;Com V�timas Feridas;Pleno dia;Decrescente;C�u Claro;Dupla;Reta;Sim;3;0;3;0;0;0;3;3;-16,7715;-49,2387;SPRF-GO;DEL01-GO;UOP03-DEL01-GO;;;
659191;04/02/2025;ter�a-feira;07:35:00;RN;101;97;NATAL;Avarias e/ou desgaste excessivo no pneu;Queda de ocupante de ve�culo;Com V�timas Feridas;Pleno dia;Decrescente;C�u Claro;M�ltipla;Reta;N�o;2;0;2;0;0;0;2;1;-5,85758898;-35,21271205;SPRF-RN;DEL01-RN;UOP01-DEL01-RN;;;
659192;04/02/2025;ter�a-feira;08:50:00;PR;277;660;MATELANDIA;Velocidade Incompat�vel;Queda de ocupante de ve�culo;Com V�timas Feridas;Pleno dia;Crescente;C�u Claro;Dupla;Curva;Sim;1;0;0;1;0;0;1;1;-25,25136237;-53,99027796;SPRF-PR;DEL05-PR;UOP02-DEL05-PR;;;
659194;04/02/2025;ter�a-feira;08:20:00;RJ;40;83;PETROPOLIS;Aus�ncia de rea��o do condutor;Queda de ocupante de ve�culo;Com V�timas Feridas;Pleno dia;Crescente;C�u Claro;Dupla;"Curva;Declive";N�o;2;0;2;0;0;0;2;1;-22,51910302;-43,22873364;SPRF-RJ;DEL01-RJ;UOP01-DEL01-RJ;;;
659195;04/02/2025;ter�a-feira;06:30:00;MT;364;201;RONDONOPOLIS;Rea��o tardia ou ineficiente do condutor;Queda de ocupante de ve�culo;Com V�timas Feridas;Pleno dia;Decrescente;Nublado;Dupla;"Em Obras;Reta";Sim;1;0;1;0;0;0;1;1;-16,48563747;-54,64882851;SPRF-MT;DEL02-MT;UOP01-DEL02-MT;;;
659196;04/02/2025;ter�a-feira;08:15:00;SC;101;214,3;PALHOCA;Condutor deixou de manter dist�ncia do ve�culo da frente;Colis�o traseira;Com V�timas Feridas;Pleno dia;Decrescente;Sol;M�ltipla;Reta;Sim;4;0;0;3;1;0;3;3;-27,64443;-48,67057;SPRF-SC;DEL01-SC;UOP02-DEL01-SC;;;
659197;04/02/2025;ter�a-feira;07:50:00;SC;101;214,2;PALHOCA;Trafegar com motocicleta (ou similar) entre as faixas;Colis�o traseira;Com V�timas Feridas;Pleno dia;Decrescente;C�u Claro;M�ltipla;Reta;N�o;5;0;4;0;1;0;4;4;-27,64443;-48,67057;SPRF-SC;DEL01-SC;UOP02-DEL01-SC;;;
659198;04/02/2025;ter�a-feira;08:20:00;MG;50;173;UBERABA;Objeto est�tico sobre o leito carro��vel;Colis�o com objeto;Com V�timas Feridas;Pleno dia;Decrescente;Garoa/Chuvisco;Dupla;Reta;Sim;1;0;1;0;0;0;1;1;-19,7624352;-47,97701547;SPRF-MG;DEL13-MG;UOP01-DEL13-MG;;;
659199;04/02/2025;ter�a-feira;07:50:00;BA;330;817,9;JITAUNA;Ultrapassagem Indevida;Colis�o lateral mesmo sentido;Com V�timas Feridas;Pleno dia;Decrescente;C�u Claro;Simples;Reta;N�o;5;0;2;0;3;0;2;3;-14,00848308;-39,86592302;SPRF-BA;DEL03-BA;UOP01-DEL03-BA;;;
659201;03/02/2025;segunda-feira;21:35:00;PE;101;105;CABO DE SANTO AGOSTINHO;Curva acentuada;Sa�da de leito carro��vel;Com V�timas Feridas;Plena Noite;Decrescente;Garoa/Chuvisco;Dupla;Curva;N�o;1;0;1;0;0;0;1;1;-8,30242751;-35,06989924;SPRF-PE;DEL01-PE;UOP03-DEL01-PE;;;
659203;04/02/2025;ter�a-feira;08:40:00;RJ;101;315;SAO GONCALO;Manobra de mudan�a de faixa;Colis�o lateral mesmo sentido;Com V�timas Feridas;Pleno dia;Crescente;C�u Claro;Simples;Reta;N�o;3;0;2;0;1;0;2;2;-22,82262092;-43,08460805;SPRF-RJ;DEL02-RJ;UOP02-DEL02-RJ;;;
659206;04/02/2025;ter�a-feira;10:50:00;ES;101;270,7;SERRA;Ultrapassagem Indevida;Colis�o lateral mesmo sentido;Com V�timas Feridas;Pleno dia;Decrescente;C�u Claro;Dupla;Reta;Sim;2;0;1;0;0;1;1;2;-20,22662056;-40,27075088;SPRF-ES;DEL02-ES;UOP01-DEL02-ES;;;
659207;04/02/2025;ter�a-feira;10:45:00;SC;101;204,9;SAO JOSE;Rea��o tardia ou ineficiente do condutor;Colis�o lateral mesmo sentido;Com V�timas Feridas;Pleno dia;Crescente;C�u Claro;M�ltipla;Reta;Sim;2;0;1;0;1;0;1;2;-27,57413014;-48,61363083;SPRF-SC;DEL01-SC;UOP01-DEL01-SC;;;
659208;04/02/2025;ter�a-feira;08:55:00;AC;364;140;RIO BRANCO;Rea��o tardia ou ineficiente do condutor;Colis�o lateral mesmo sentido;Com V�timas Feridas;Pleno dia;Decrescente;C�u Claro;Dupla;Rotat�ria;Sim;2;0;1;0;1;0;1;2;-9,94391188;-67,87332058;SPRF-AC;DEL01-AC;UOP01-DEL01-AC;;;
659210;19/01/2025;domingo;19:45:00;PA;230;124;MARABA;Transitar na contram�o;Colis�o frontal;Com V�timas Fatais;Plena Noite;Crescente;C�u Claro;Simples;Reta;Sim;2;1;0;0;1;0;0;2;-5,37407079;-49,13575802;SPRF-PA;DEL03-PA;UOP01-DEL03-PA;;;
659211;04/02/2025;ter�a-feira;11:10:00;CE;222;4,8;CAUCAIA;Manobra de mudan�a de faixa;Queda de ocupante de ve�culo;Com V�timas Feridas;Pleno dia;Decrescente;C�u Claro;M�ltipla;"Reta;Declive";Sim;1;0;1;0;0;0;1;1;-3,74164754;-38,60449792;SPRF-CE;DEL01-CE;UOP01-DEL01-CE;;;
659214;04/02/2025;ter�a-feira;07:38:00;RO;364;341,3;JI-PARANA;Acessar a via sem observar a presen�a dos outros ve�culos;Colis�o traseira;Com V�timas Feridas;Pleno dia;Crescente;Sol;M�ltipla;Reta;Sim;2;0;0;1;1;0;1;2;-10,885857;-61,934158;SPRF-RO;DEL02-RO;UOP01-DEL02-RO;;;
659215;04/02/2025;ter�a-feira;09:16:00;RJ;465;20;NOVA IGUACU;Trafegar com motocicleta (ou similar) entre as faixas;Colis�o transversal;Com V�timas Feridas;Pleno dia;Decrescente;C�u Claro;Simples;Reta;Sim;3;0;0;1;2;0;1;2;-22,846828;-43,605339;SPRF-RJ;DEL06-RJ;UOP02-DEL06-RJ;;;
659216;04/02/2025;ter�a-feira;10:40:00;RO;364;12;VILHENA;Acessar a via sem observar a presen�a dos outros ve�culos;Colis�o transversal;Com V�timas Feridas;Pleno dia;Decrescente;Nublado;M�ltipla;Rotat�ria;Sim;2;0;1;0;1;0;1;2;-12,7434592;-60,12331796;SPRF-RO;DEL04-RO;UOP01-DEL04-RO;;;
659217;04/02/2025;ter�a-feira;11:50:00;PB;230;133,1;MASSARANDUBA;Condutor Dormindo;Sa�da de leito carro��vel;Com V�timas Feridas;Pleno dia;Decrescente;Chuva;Dupla;Curva;N�o;1;0;1;0;0;0;1;1;-7,2767;-35,7464;SPRF-PB;DEL02-PB;UOP01-DEL02-PB;;;
659218;04/02/2025;ter�a-feira;12:08:00;RS;386;343;LAJEADO;Avarias e/ou desgaste excessivo no pneu;Tombamento;Com V�timas Feridas;Pleno dia;Decrescente;Sol;Dupla;"Reta;Em Obras";Sim;1;0;1;0;0;0;1;1;-29,434835;-52,002365;SPRF-RS;DEL04-RS;UOP01-DEL04-RS;;;
659219;04/02/2025;ter�a-feira;11:54:00;SP;381;89;GUARULHOS;Afundamento ou ondula��o no pavimento;Queda de ocupante de ve�culo;Com V�timas Feridas;Pleno dia;Decrescente;C�u Claro;Dupla;Interse��o de Vias;N�o;1;0;1;0;0;0;1;1;-23,48469299;-46,55983288;SPRF-SP;DEL03-SP;UOP01-DEL03-SP;;;
659221;04/02/2025;ter�a-feira;07:40:00;RS;293;14,1;CAPAO DO LEAO;Aus�ncia de rea��o do condutor;Engavetamento;Sem V�timas;Pleno dia;Decrescente;C�u Claro;Simples;Reta;Sim;3;0;0;0;3;0;0;3;-31,75233352;-52,4609969;SPRF-RS;DEL07-RS;UOP01-DEL07-RS;;;
659222;04/02/2025;ter�a-feira;11:48:00;SP;116;511,8;CAJATI;Rea��o tardia ou ineficiente do condutor;Colis�o com objeto;Com V�timas Feridas;Pleno dia;Decrescente;Garoa/Chuvisco;Simples;"Declive;Curva";N�o;2;0;1;0;1;0;1;1;-24,83558399;-48,2223738;SPRF-SP;DEL05-SP;UOP02-DEL05-SP;;;
659223;04/02/2025;ter�a-feira;13:05:00;GO;60;48;ABADIANIA;Condutor usando celular;Sa�da de leito carro��vel;Com V�timas Feridas;Pleno dia;Crescente;Nublado;Dupla;"Reta;Declive";N�o;1;0;1;0;0;0;1;1;-16,1529;-48,6109;SPRF-GO;DEL02-GO;UOP01-DEL02-GO;;;
659224;04/02/2025;ter�a-feira;09:10:00;SC;101;153;PORTO BELO;Condutor deixou de manter dist�ncia do ve�culo da frente;Colis�o traseira;Com V�timas Feridas;Pleno dia;Crescente;C�u Claro;Dupla;Rotat�ria;N�o;2;0;1;0;1;0;1;2;-27,144717;-48,61063935;SPRF-SC;DEL04-SC;UOP03-DEL04-SC;;;
659225;04/02/2025;ter�a-feira;12:45:00;SC;101;118;ITAJAI;Condutor deixou de manter dist�ncia do ve�culo da frente;Colis�o lateral mesmo sentido;Com V�timas Feridas;Pleno dia;Crescente;C�u Claro;Dupla;Reta;Sim;2;0;1;0;1;0;1;2;-26,895859;-48,71903;SPRF-SC;DEL04-SC;UOP04-DEL04-SC;;;
659233;04/02/2025;ter�a-feira;13:08:00;RS;101;66;MAQUINE;Acessar a via sem observar a presen�a dos outros ve�culos;Colis�o transversal;Sem V�timas;Pleno dia;Crescente;C�u Claro;Simples;Reta;N�o;3;0;0;0;2;1;0;3;-29,72186188;-50,19807816;SPRF-RS;DEL03-RS;UOP02-DEL03-RS;;;
659234;04/02/2025;ter�a-feira;11:30:00;SC;101;331;TUBARAO;Condutor deixou de manter dist�ncia do ve�culo da frente;Colis�o traseira;Com V�timas Feridas;Pleno dia;Decrescente;Sol;Dupla;Viaduto;Sim;2;0;0;1;1;0;1;2;-28,46580169;-48,99546146;SPRF-SC;DEL02-SC;UOP01-DEL02-SC;;;
659236;04/02/2025;ter�a-feira;13:50:00;RS;290;91;PORTO ALEGRE;Demais falhas mec�nicas ou el�tricas;Colis�o lateral mesmo sentido;Com V�timas Feridas;Pleno dia;Crescente;C�u Claro;M�ltipla;Reta;N�o;10;0;1;0;8;1;1;3;-29,969055;-51,167439;SPRF-RS;DEL01-RS;UOP01-DEL01-RS;;;
659237;04/02/2025;ter�a-feira;13:50:00;RJ;393;275;BARRA DO PIRAI;Demais falhas mec�nicas ou el�tricas;Tombamento;Com V�timas Feridas;Pleno dia;Crescente;Sol;Simples;Reta;N�o;1;0;1;0;0;0;1;1;-22,47599943;-44,00822639;SPRF-RJ;DEL05-RJ;UOP04-DEL05-RJ;;;
659238;04/02/2025;ter�a-feira;13:00:00;SP;116;227,5;SAO PAULO;Transitar no Acostamento;Colis�o lateral mesmo sentido;Com V�timas Feridas;Pleno dia;Decrescente;Nublado;Dupla;Curva;N�o;3;0;1;0;2;0;1;2;-23,49659264;-46,55648754;SPRF-SP;DEL01-SP;UOP01-DEL01-SP;;;
659240;04/02/2025;ter�a-feira;13:50:00;RS;386;36,1;FREDERICO WESTPHALEN;Acessar a via sem observar a presen�a dos outros ve�culos;Colis�o transversal;Com V�timas Feridas;Pleno dia;Crescente;C�u Claro;Simples;Interse��o de Vias;Sim;2;0;1;0;1;0;1;2;-27,373381;-53,39772;SPRF-RS;DEL08-RS;UOP02-DEL08-RS;;;
659243;04/02/2025;ter�a-feira;10:15:00;SC;101;322,7;PESCARIA BRAVA;Rea��o tardia ou ineficiente do condutor;Colis�o traseira;Com V�timas Feridas;Pleno dia;Crescente;C�u Claro;Dupla;"Reta;Em Obras";Sim;5;0;3;1;1;0;4;4;-28,42896787;-48,92231226;SPRF-SC;DEL02-SC;UOP01-DEL02-SC;;;
659244;04/02/2025;ter�a-feira;14:00:00;RS;158;563,6;SANTANA DO LIVRAMENTO;Acessar a via sem observar a presen�a dos outros ve�culos;Colis�o transversal;Com V�timas Feridas;Pleno dia;Crescente;C�u Claro;Simples;"Interse��o de Vias;Reta";N�o;4;0;1;0;3;0;1;2;-30,8582476;-55,50159931;SPRF-RS;DEL11-RS;UOP01-DEL11-RS;;;
659245;04/02/2025;ter�a-feira;15:35:00;MG;381;876;ESTIVA;Aus�ncia de rea��o do condutor;Sa�da de leito carro��vel;Com V�timas Feridas;Pleno dia;Decrescente;C�u Claro;Dupla;Curva;N�o;4;0;2;0;2;0;2;1;-22,472813;-46,01072791;SPRF-MG;DEL16-MG;UOP01-DEL16-MG;;;
659247;04/02/2025;ter�a-feira;12:58:00;PB;230;10,8;CABEDELO;Acostamento em desn�vel;Queda de ocupante de ve�culo;Com V�timas Feridas;Pleno dia;Crescente;Nublado;Dupla;"Reta;Em Obras";Sim;2;0;2;0;0;0;2;1;-7,0514;-34,8499;SPRF-PB;DEL01-PB;UOP01-DEL01-PB;;;
659250;04/02/2025;ter�a-feira;12:15:00;RJ;356;23;ITAPERUNA;Velocidade Incompat�vel;Sa�da de leito carro��vel;Com V�timas Feridas;Pleno dia;Decrescente;C�u Claro;Simples;Curva;N�o;1;0;1;0;0;0;1;1;-21,18026434;-41,98292495;SPRF-RJ;DEL08-RJ;UOP03-DEL08-RJ;;;
659253;04/02/2025;ter�a-feira;15:20:00;MG;262;667;IBIA;Aus�ncia de rea��o do condutor;Sa�da de leito carro��vel;Sem V�timas;Pleno dia;Decrescente;C�u Claro;Simples;Reta;N�o;1;0;0;0;1;0;0;1;-19,554176;-46,775442;SPRF-MG;DEL08-MG;UOP01-DEL08-MG;;;
659256;31/01/2025;sexta-feira;17:30:00;MS;163;7;MUNDO NOVO;Demais falhas mec�nicas ou el�tricas;Inc�ndio;Sem V�timas;Pleno dia;Crescente;C�u Claro;Dupla;Reta;N�o;1;0;0;0;0;1;0;1;-24,00094566;-54,32020706;SPRF-MS;DEL09-MS;UOP02-DEL09-MS;;;