id;data_inversa;dia_semana;horario;uf;br;km;municipio;causa_acidente;tipo_acidente;classificacao_acidente;fase_dia;sentido_via;condicao_metereologica;tipo_pista;tracado_via;uso_solo;pessoas;mortos;feridos_leves;feridos_graves;ilesos;ignorados;feridos;veiculos;latitude;longitude;regional;delegacia;uop;;;
659382;05/02/2025;quarta-feira;07:50:00;PR;277;455,8;LARANJEIRAS DO SUL;Rea��o tardia ou ineficiente do condutor;Sa�da de leito carro��vel;Com V�timas Feridas;Pleno dia;Decrescente;Garoa/Chuvisco;Simples;"Curva;Aclive";N�o;1;0;1;0;0;0;1;1;-25,384188;-52,426842;SPRF-PR;DEL04-PR;UOP02-DEL04-PR;;;
659384;05/02/2025;quarta-feira;08:05:00;MS;419;223;AQUIDAUANA;Acessar a via sem observar a presen�a dos outros ve�culos;Atropelamento de Animal;Com V�timas Feridas;Pleno dia;Decrescente;Nublado;Simples;"Declive;Reta";N�o;2;0;0;1;1;0;1;2;-20,329681;-55,74905;SPRF-MS;DEL03-MS;UOP01-DEL03-MS;;;
659385;05/02/2025;quarta-feira;07:30:00;AC;364;125;RIO BRANCO;Manobra de mudan�a de faixa;Colis�o lateral mesmo sentido;Com V�timas Feridas;Pleno dia;Crescente;C�u Claro;Dupla;Reta;Sim;3;0;1;0;2;0;1;2;-10,01280606;-67,80005697;SPRF-AC;DEL01-AC;UOP01-DEL01-AC;;;
659388;20/01/2025;segunda-feira;15:50:00;SP;116;72,4;APARECIDA;Aus�ncia de rea��o do condutor;Colis�o traseira;Com V�timas Feridas;Pleno dia;Decrescente;C�u Claro;Dupla;Reta;N�o;2;0;0;1;1;0;1;2;-22,86354218;-45,23746093;SPRF-SP;DEL08-SP;UOP01-DEL08-SP;;;
659389;05/02/2025;quarta-feira;08:30:00;BA;116;0,1;VITORIA DA CONQUISTA;Avarias e/ou desgaste excessivo no pneu;Tombamento;Com V�timas Feridas;Pleno dia;Decrescente;C�u Claro;Simples;Reta;N�o;2;0;2;0;0;0;2;1;-14,82566811;-40,83240509;SPRF-PE;DEL05-PE;UOP03-DEL05-PE;;;
659390;05/02/2025;quarta-feira;09:40:00;RN;101;96;NATAL;Frear bruscamente;Queda de ocupante de ve�culo;Com V�timas Feridas;Pleno dia;Crescente;C�u Claro;Dupla;Reta;Sim;1;0;0;1;0;0;1;1;-5,84949622;-35,20890752;SPRF-RN;DEL01-RN;UOP01-DEL01-RN;;;
659392;02/02/2025;domingo;06:00:00;SC;116;216,9;PONTE ALTA;Aus�ncia de rea��o do condutor;Sa�da de leito carro��vel;Com V�timas Feridas;Amanhecer;Decrescente;Nublado;Simples;Curva;N�o;2;0;1;0;0;1;1;2;-27,54634396;-50,3770563;SPRF-SC;DEL05-SC;UOP03-DEL05-SC;;;
659393;05/02/2025;quarta-feira;08:00:00;SC;101;40;JOINVILLE;Desrespeitar a prefer�ncia no cruzamento;Colis�o transversal;Com V�timas Feridas;Pleno dia;Crescente;Nublado;Dupla;Interse��o de Vias;Sim;2;0;1;0;1;0;1;2;-26,3104775;-48,87789488;SPRF-SC;DEL03-SC;UOP01-DEL03-SC;;;
659394;05/02/2025;quarta-feira;09:00:00;MG;262;64,1;MANHUACU;Aus�ncia de rea��o do condutor;Sa�da de leito carro��vel;Com V�timas Feridas;Pleno dia;Decrescente;C�u Claro;Simples;Curva;N�o;3;0;3;0;0;0;3;1;-20,29548779;-42,24392398;SPRF-MG;DEL06-MG;UOP03-DEL06-MG;;;
659395;05/02/2025;quarta-feira;10:00:00;PB;104;139,5;QUEIMADAS;Acesso irregular;Colis�o lateral sentido oposto;Com V�timas Feridas;Pleno dia;Crescente;Chuva;Simples;Reta;Sim;2;0;0;1;0;1;1;2;-7,36948311;-35,89979635;SPRF-PB;DEL02-PB;UOP03-DEL02-PB;;;
659396;05/02/2025;quarta-feira;09:30:00;MG;40;544;NOVA LIMA;Condutor deixou de manter dist�ncia do ve�culo da frente;Colis�o lateral mesmo sentido;Com V�timas Feridas;Pleno dia;Decrescente;C�u Claro;Dupla;Reta;N�o;3;0;1;0;2;0;1;3;-19,99848032;-43,96256558;SPRF-MG;DEL01-MG;UOP02-DEL01-MG;;;
659397;05/02/2025;quarta-feira;10:40:00;BA;116;19;VITORIA DA CONQUISTA;Acessar a via sem observar a presen�a dos outros ve�culos;Colis�o transversal;Com V�timas Feridas;Pleno dia;Decrescente;C�u Claro;Simples;Reta;Sim;5;0;4;0;1;0;4;2;-14,892976;-40,82004;SPRF-BA;DEL08-BA;UOP01-DEL08-BA;;;
659398;05/02/2025;quarta-feira;10:15:00;BA;407;223;CAPIM GROSSO;Acostamento em desn�vel;Capotamento;Com V�timas Feridas;Pleno dia;Decrescente;Nublado;Simples;Reta;N�o;4;0;2;0;2;0;2;1;-11,29671301;-40,02009905;SPRF-BA;DEL04-BA;UOP02-DEL04-BA;;;
659400;05/02/2025;quarta-feira;10:35:00;AL;101;143,9;SAO MIGUEL DOS CAMPOS;Pista Escorregadia;Colis�o com objeto;Sem V�timas;Pleno dia;Crescente;Chuva;Dupla;"Reta;Aclive";N�o;1;0;0;0;1;0;0;1;-9,81757382;-36,1216713;SPRF-AL;DEL02-AL;UOP01-DEL02-AL;;;
659401;05/02/2025;quarta-feira;10:15:00;PA;230;118,9;MARABA;Aus�ncia de rea��o do condutor;Colis�o transversal;Com V�timas Fatais;Pleno dia;Crescente;Sol;Simples;"Interse��o de Vias;Declive";Sim;2;1;0;0;1;0;0;2;-5,350112;-49,103391;SPRF-PA;DEL03-PA;UOP01-DEL03-PA;;;
659402;28/01/2025;ter�a-feira;09:15:00;RJ;493;23,3;MAGE;Transitar na contram�o;Colis�o frontal;Com V�timas Feridas;Pleno dia;Crescente;Nublado;Simples;Reta;N�o;3;0;0;1;2;0;1;2;-22,65705297;-43,061742;SPRF-RJ;DEL04-RJ;UOP02-DEL04-RJ;;;
659403;05/02/2025;quarta-feira;09:00:00;RS;285;568,4;SAO LUIZ GONZAGA;Acessar a via sem observar a presen�a dos outros ve�culos;Colis�o transversal;Com V�timas Feridas;Pleno dia;Crescente;Sol;Simples;Rotat�ria;N�o;2;0;1;0;1;0;1;2;-28,41767354;-54,96356964;SPRF-RS;DEL12-RS;UOP01-DEL12-RS;;;
659405;05/02/2025;quarta-feira;11:25:00;PE;104;47,8;CARUARU;Acumulo de �gua sobre o pavimento;Capotamento;Com V�timas Feridas;Pleno dia;Crescente;Chuva;Dupla;Reta;N�o;2;0;1;0;0;1;1;2;-8,1354;-35,9906;SPRF-PE;DEL02-PE;UOP01-DEL02-PE;;;
659406;05/02/2025;quarta-feira;08:01:00;MS;262;326;CAMPO GRANDE;Aus�ncia de rea��o do condutor;Colis�o traseira;Com V�timas Feridas;Pleno dia;Crescente;Nublado;Dupla;Reta;Sim;2;0;1;0;1;0;1;2;-20,4672474;-54,54058957;SPRF-MS;DEL01-MS;UOP01-DEL01-MS;;;
659407;05/02/2025;quarta-feira;08:40:00;AL;101;53;FLEXEIRAS;Chuva;Sa�da de leito carro��vel;Com V�timas Feridas;Pleno dia;Crescente;Chuva;Dupla;Curva;N�o;4;0;4;0;0;0;4;1;-9,24853718;-35,76615286;SPRF-AL;DEL01-AL;UOP02-DEL01-AL;;;
659408;05/02/2025;quarta-feira;11:30:00;GO;60;10,2;SANTO ANTONIO DO DESCOBERTO;Aus�ncia de rea��o do condutor;Sa�da de leito carro��vel;Com V�timas Feridas;Pleno dia;Crescente;C�u Claro;Dupla;Reta;N�o;1;0;1;0;0;0;1;1;-16,116892;-48,318712;SPRF-DF;DEL03-DF;UOP01-DEL03-DF;;;
659411;05/02/2025;quarta-feira;12:00:00;PB;101;123;PEDRAS DE FOGO;Rea��o tardia ou ineficiente do condutor;Sa�da de leito carro��vel;Com V�timas Feridas;Pleno dia;Crescente;Chuva;Dupla;"Curva;Declive";N�o;2;0;1;1;0;0;2;1;-7,45909075;-34,98049935;SPRF-PB;DEL01-PB;UOP01-DEL01-PB;;;
659414;05/02/2025;quarta-feira;11:46:00;MS;163;550,1;BANDEIRANTES;Aus�ncia de rea��o do condutor;Sa�da de leito carro��vel;Com V�timas Feridas;Pleno dia;Crescente;C�u Claro;Simples;Reta;N�o;2;0;1;1;0;0;2;1;-19,906046;-54,372375;SPRF-MS;DEL01-MS;UOP02-DEL01-MS;;;
659415;05/02/2025;quarta-feira;12:20:00;RS;448;22;PORTO ALEGRE;Condutor deixou de manter dist�ncia do ve�culo da frente;Colis�o traseira;Com V�timas Feridas;Pleno dia;Crescente;C�u Claro;Dupla;"Viaduto;Curva;Declive";Sim;2;0;0;1;1;0;1;2;-29,972212;-51,199139;SPRF-RS;DEL01-RS;UOP01-DEL01-RS;;;
659416;05/02/2025;quarta-feira;12:50:00;RS;290;41;SANTO ANTONIO DA PATRULHA;Aus�ncia de rea��o do condutor;Sa�da de leito carro��vel;Com V�timas Feridas;Pleno dia;Decrescente;C�u Claro;Dupla;Reta;N�o;1;0;1;0;0;0;1;1;-29,887197;-50,668839;SPRF-RS;DEL03-RS;UOP01-DEL03-RS;;;
659419;05/02/2025;quarta-feira;11:40:00;MG;267;24;ARGIRITA;Demais falhas mec�nicas ou el�tricas;Inc�ndio;Sem V�timas;Pleno dia;Crescente;C�u Claro;Simples;"Aclive;Reta";N�o;1;0;0;0;1;0;0;1;-21,6071359;-42,80271614;SPRF-MG;DEL07-MG;UOP01-DEL07-MG;;;
659425;05/02/2025;quarta-feira;13:40:00;PR;277;576,9;CASCAVEL;Demais falhas mec�nicas ou el�tricas;Tombamento;Com V�timas Feridas;Pleno dia;Decrescente;Sol;Dupla;Reta;N�o;2;0;2;0;0;0;2;1;-24,98692731;-53,33030208;SPRF-PR;DEL04-PR;UOP01-DEL04-PR;;;
659426;05/02/2025;quarta-feira;13:40:00;RS;116;246;SAO LEOPOLDO;Condutor deixou de manter dist�ncia do ve�culo da frente;Colis�o traseira;Com V�timas Feridas;Pleno dia;Crescente;Sol;Dupla;"Reta;Interse��o de Vias;Viaduto";N�o;2;0;1;0;1;0;1;2;-29,758751;-51,15186806;SPRF-RS;DEL01-RS;UOP02-DEL01-RS;;;
659427;05/02/2025;quarta-feira;13:45:00;SP;153;61,7;SAO JOSE DO RIO PRETO;Condutor deixou de manter dist�ncia do ve�culo da frente;Colis�o lateral mesmo sentido;Com V�timas Feridas;Pleno dia;Crescente;C�u Claro;Dupla;Reta;N�o;3;0;1;0;0;2;1;3;-20,80502876;-49,35574909;SPRF-SP;DEL09-SP;UOP01-DEL09-SP;;;
659429;05/02/2025;quarta-feira;13:45:00;SP;116;227;GUARULHOS;Entrada inopinada do pedestre;Atropelamento de Pedestre;Com V�timas Feridas;Pleno dia;Crescente;Nublado;M�ltipla;Reta;Sim;2;0;1;0;1;0;1;2;-23,49659264;-46,55648754;SPRF-SP;DEL01-SP;UOP01-DEL01-SP;;;
659430;05/02/2025;quarta-feira;13:50:00;SC;101;199;BIGUACU;Rea��o tardia ou ineficiente do condutor;Colis�o traseira;Com V�timas Feridas;Pleno dia;Decrescente;C�u Claro;M�ltipla;Reta;Sim;2;0;0;1;1;0;1;2;-27,53413705;-48,63003205;SPRF-SC;DEL01-SC;UOP01-DEL01-SC;;;
659431;05/02/2025;quarta-feira;14:00:00;ES;101;64,8;SAO MATEUS;Condutor deixou de manter dist�ncia do ve�culo da frente;Colis�o traseira;Com V�timas Feridas;Pleno dia;Crescente;C�u Claro;Simples;Reta;N�o;2;0;1;0;1;0;1;2;-18,70428583;-39,87065983;SPRF-ES;DEL04-ES;UOP02-DEL04-ES;;;
659433;05/02/2025;quarta-feira;13:25:00;MG;50;0,7;ARAGUARI;Transitar no Acostamento;Colis�o traseira;Com V�timas Feridas;Pleno dia;Crescente;Nublado;Dupla;"Reta;Declive";N�o;1;0;0;1;0;0;1;1;-18,4301077;-48,06381226;SPRF-MG;DEL15-MG;UOP02-DEL15-MG;;;
659435;05/02/2025;quarta-feira;13:10:00;PR;163;350;GUAIRA;Demais falhas mec�nicas ou el�tricas;Colis�o com objeto;Sem V�timas;Pleno dia;Crescente;C�u Claro;Simples;Reta;N�o;2;0;0;0;0;2;0;2;-24,07405146;-54,24533844;SPRF-PR;DEL06-PR;UOP01-DEL06-PR;;;
659436;05/02/2025;quarta-feira;14:10:00;RN;101;108;PARNAMIRIM;Demais falhas na via;Queda de ocupante de ve�culo;Com V�timas Feridas;Pleno dia;Decrescente;Garoa/Chuvisco;Dupla;Reta;N�o;2;0;1;0;1;0;1;1;-5,92825102;-35,26465683;SPRF-RN;DEL01-RN;UOP01-DEL01-RN;;;
659437;05/02/2025;quarta-feira;12:45:00;PR;376;407;TIBAGI;Velocidade Incompat�vel;Colis�o com objeto;Com V�timas Feridas;Pleno dia;Crescente;Chuva;Dupla;"Aclive;Curva";N�o;1;0;1;0;0;0;1;1;-24,59934;-50,667844;SPRF-PR;DEL03-PR;UOP02-DEL03-PR;;;
659438;05/02/2025;quarta-feira;14:10:00;CE;222;3,9;FORTALEZA;Manobra de mudan�a de faixa;Colis�o lateral mesmo sentido;Com V�timas Feridas;Pleno dia;Decrescente;C�u Claro;Dupla;Reta;Sim;2;0;1;0;1;0;1;2;-3,7403769;-38,59569202;SPRF-CE;DEL01-CE;UOP01-DEL01-CE;;;
659440;05/02/2025;quarta-feira;13:40:00;MG;262;49;MANHUACU;Convers�o proibida;Colis�o transversal;Com V�timas Feridas;Pleno dia;Decrescente;C�u Claro;Simples;Curva;N�o;2;0;1;0;0;1;1;2;-20,24782001;-42,12958192;SPRF-MG;DEL06-MG;UOP03-DEL06-MG;;;
659441;05/02/2025;quarta-feira;12:15:00;MG;40;617,3;CONGONHAS;Pista esburacada;Tombamento;Com V�timas Feridas;Pleno dia;Crescente;Sol;Simples;Reta;N�o;1;0;0;1;0;0;1;1;-20,561668;-43,812364;SPRF-MG;DEL05-MG;UOP02-DEL05-MG;;;
659442;05/02/2025;quarta-feira;12:50:00;BA;330;792,3;JEQUIE;Rea��o tardia ou ineficiente do condutor;Colis�o transversal;Com V�timas Feridas;Pleno dia;Crescente;C�u Claro;Simples;Reta;N�o;3;0;3;0;0;0;3;2;-13,9122441;-40,01406707;SPRF-BA;DEL03-BA;UOP01-DEL03-BA;;;
659443;05/02/2025;quarta-feira;12:05:00;SC;163;106;SAO JOSE DO CEDRO;Aus�ncia de rea��o do condutor;Colis�o traseira;Com V�timas Feridas;Pleno dia;Crescente;C�u Claro;Dupla;"Reta;Aclive";Sim;2;0;1;0;1;0;1;2;-26,43752707;-53,51693708;SPRF-SC;DEL07-SC;UOP03-DEL07-SC;;;
659445;05/02/2025;quarta-feira;13:40:00;PB;101;99,9;CONDE;Chuva;Sa�da de leito carro��vel;Com V�timas Feridas;Pleno dia;Decrescente;Chuva;Dupla;"Retorno Regulamentado;Curva;Interse��o de Vias";N�o;1;0;1;0;0;0;1;1;-7,26235092;-34,93618011;SPRF-PB;DEL01-PB;UOP01-DEL01-PB;;;
659446;05/02/2025;quarta-feira;12:00:00;MG;262;56,6;MATIPO;Acesso irregular;Colis�o transversal;Com V�timas Feridas;Pleno dia;Crescente;C�u Claro;Simples;Curva;Sim;3;0;2;0;1;0;2;2;-20,26638115;-42,18214384;SPRF-MG;DEL06-MG;UOP03-DEL06-MG;;;
659448;05/02/2025;quarta-feira;15:00:00;SC;282;522,7;XAXIM;Rea��o tardia ou ineficiente do condutor;Sa�da de leito carro��vel;Com V�timas Feridas;Pleno dia;Decrescente;C�u Claro;Simples;"Interse��o de Vias;Rotat�ria";Sim;1;0;1;0;0;0;1;1;-26,963129;-52,548851;SPRF-SC;DEL07-SC;UOP01-DEL07-SC;;;
659450;05/02/2025;quarta-feira;15:30:00;RJ;101;72;CAMPOS DOS GOYTACAZES;Acessar a via sem observar a presen�a dos outros ve�culos;Atropelamento de Pedestre;Com V�timas Feridas;Pleno dia;Crescente;C�u Claro;Simples;Reta;N�o;2;0;2;0;0;0;2;2;-21,79172802;-41,38837798;SPRF-RJ;DEL08-RJ;UOP02-DEL08-RJ;;;
659457;05/02/2025;quarta-feira;16:15:00;RS;158;322,6;SANTA MARIA;Desrespeitar a prefer�ncia no cruzamento;Colis�o traseira;Com V�timas Feridas;Pleno dia;Decrescente;C�u Claro;Dupla;"Em Obras;Interse��o de Vias;Rotat�ria";Sim;2;0;1;0;1;0;1;2;-29,69569528;-53,77553344;SPRF-RS;DEL09-RS;UOP01-DEL09-RS;;;
659459;05/02/2025;quarta-feira;16:00:00;RS;290;86;PORTO ALEGRE;Condutor deixou de manter dist�ncia do ve�culo da frente;Colis�o traseira;Com V�timas Feridas;Pleno dia;Crescente;C�u Claro;M�ltipla;Reta;Sim;2;0;1;0;1;0;1;2;-29,968412;-51,117138;SPRF-RS;DEL01-RS;UOP01-DEL01-RS;;;
659460;05/02/2025;quarta-feira;13:30:00;MT;163;734;SORRISO;Acessar a via sem observar a presen�a dos outros ve�culos;Colis�o transversal;Com V�timas Feridas;Pleno dia;Decrescente;C�u Claro;Simples;Reta;N�o;9;0;4;5;0;0;9;2;-12,69024867;-55,80350876;SPRF-MT;DEL06-MT;UOP01-DEL06-MT;;;
659464;05/02/2025;quarta-feira;17:00:00;CE;116;1;FORTALEZA;Condutor deixou de manter dist�ncia do ve�culo da frente;Colis�o traseira;Com V�timas Feridas;Pleno dia;Crescente;C�u Claro;M�ltipla;Reta;Sim;3;0;2;0;1;0;2;2;-3,76318799;-38,51873159;SPRF-CE;DEL01-CE;UOP02-DEL01-CE;;;
659466;05/02/2025;quarta-feira;17:00:00;PR;163;34;SANTO ANTONIO DO SUDOESTE;Desrespeitar a prefer�ncia no cruzamento;Colis�o transversal;Com V�timas Feridas;Pleno dia;Decrescente;C�u Claro;Simples;"Interse��o de Vias;Reta";Sim;2;0;0;1;1;0;1;2;-26,11304807;-53,69821507;SPRF-PR;DEL02-PR;UOP02-DEL02-PR;;;
659470;05/02/2025;quarta-feira;17:50:00;SC;101;355,5;SANGAO;Demais falhas mec�nicas ou el�tricas;Sa�da de leito carro��vel;Com V�timas Feridas;Pleno dia;Crescente;C�u Claro;Dupla;"Aclive;Reta";N�o;1;0;1;0;0;0;1;1;-28,62380715;-49,07828489;SPRF-SC;DEL02-SC;UOP01-DEL02-SC;;;
659471;05/02/2025;quarta-feira;18:00:00;RS;116;529;CAPAO DO LEAO;Acessar a via sem observar a presen�a dos outros ve�culos;Colis�o transversal;Com V�timas Feridas;Anoitecer;Crescente;C�u Claro;Dupla;Reta;Sim;2;0;1;0;1;0;1;2;-31,75446042;-52,42803583;SPRF-RS;DEL07-RS;UOP01-DEL07-RS;;;
659472;05/02/2025;quarta-feira;17:30:00;SP;116;120,2;CACAPAVA;Condutor deixou de manter dist�ncia do ve�culo da frente;Engavetamento;Com V�timas Feridas;Pleno dia;Decrescente;C�u Claro;Dupla;Reta;N�o;4;0;1;0;2;1;1;3;-23,0715638;-45,64459209;SPRF-SP;DEL02-SP;UOP02-DEL02-SP;;;
659473;05/02/2025;quarta-feira;16:10:00;PE;104;64;CARUARU;Manobra de mudan�a de faixa;Colis�o lateral mesmo sentido;Com V�timas Feridas;Pleno dia;Decrescente;C�u Claro;Dupla;Reta;N�o;2;0;1;0;0;1;1;2;-8,2783;-35,9815;SPRF-PE;DEL02-PE;UOP01-DEL02-PE;;;
659474;05/02/2025;quarta-feira;17:30:00;PR;277;433,9;VIRMOND;Velocidade Incompat�vel;Capotamento;Com V�timas Feridas;Pleno dia;Crescente;Chuva;Simples;Curva;N�o;3;0;2;0;1;0;2;1;-25,3784;-52,202767;SPRF-PR;DEL04-PR;UOP02-DEL04-PR;;;
659477;05/02/2025;quarta-feira;18:45:00;ES;101;64,2;SAO MATEUS;Avarias e/ou desgaste excessivo no pneu;Queda de ocupante de ve�culo;Com V�timas Feridas;Plena Noite;Decrescente;C�u Claro;Simples;Reta;N�o;2;0;2;0;0;0;2;1;-18,70428583;-39,87065983;SPRF-ES;DEL04-ES;UOP02-DEL04-ES;;;
659478;05/02/2025;quarta-feira;18:50:00;RJ;101;472,8;ANGRA DOS REIS;Condutor deixou de manter dist�ncia do ve�culo da frente;Colis�o traseira;Com V�timas Feridas;Anoitecer;Crescente;C�u Claro;Simples;Reta;N�o;2;0;1;0;0;1;1;2;-22,98960623;-44,24168693;SPRF-RJ;DEL03-RJ;UOP03-DEL03-RJ;;;
659479;05/02/2025;quarta-feira;17:40:00;MG;381;498,5;BETIM;Trafegar com motocicleta (ou similar) entre as faixas;Colis�o lateral mesmo sentido;Com V�timas Feridas;Anoitecer;Crescente;C�u Claro;Dupla;Reta;N�o;2;0;1;0;1;0;1;2;-20,01172662;-44,21976041;SPRF-MG;DEL01-MG;UOP03-DEL01-MG;;;
659481;05/02/2025;quarta-feira;18:30:00;RS;116;264;CANOAS;Acessar a via sem observar a presen�a dos outros ve�culos;Colis�o lateral mesmo sentido;Com V�timas Feridas;Anoitecer;Decrescente;C�u Claro;Dupla;Reta;Sim;3;0;2;0;1;0;2;2;-29,914435;-51,17754495;SPRF-RS;DEL01-RS;UOP01-DEL01-RS;;;
659483;05/02/2025;quarta-feira;17:45:00;SC;280;14,9;SAO FRANCISCO DO SUL;Manobra de mudan�a de faixa;Colis�o frontal;Com V�timas Feridas;Pleno dia;Decrescente;Nublado;Simples;Reta;N�o;3;0;3;0;0;0;3;2;-26,3301861;-48,65148076;SPRF-SC;DEL03-SC;UOP03-DEL03-SC;;;
659484;05/02/2025;quarta-feira;18:50:00;SP;116;88;PINDAMONHANGABA;Demais falhas mec�nicas ou el�tricas;Inc�ndio;Sem V�timas;Plena Noite;Decrescente;Nublado;Dupla;Reta;Sim;1;0;0;0;1;0;0;1;-22,93500994;-45,37019403;SPRF-SP;DEL08-SP;UOP01-DEL08-SP;;;
659485;05/02/2025;quarta-feira;20:00:00;PR;116;120;CURITIBA;Rea��o tardia ou ineficiente do condutor;Colis�o traseira;Com V�timas Feridas;Plena Noite;Crescente;Chuva;Dupla;"Reta;Aclive";Sim;2;0;1;0;1;0;1;2;-25,55122256;-49,30503748;SPRF-PR;DEL01-PR;UOP03-DEL01-PR;;;
659487;05/02/2025;quarta-feira;19:30:00;SP;116;280;EMBU DAS ARTES;Aus�ncia de rea��o do condutor;Colis�o traseira;Com V�timas Feridas;Anoitecer;Crescente;Garoa/Chuvisco;Dupla;Reta;Sim;3;0;1;0;2;0;1;3;-23,66996108;-46,85590758;SPRF-SP;DEL04-SP;UOP01-DEL04-SP;;;
659488;05/02/2025;quarta-feira;20:00:00;RS;472;607;URUGUAIANA;Demais falhas na via;Sa�da de leito carro��vel;Com V�timas Feridas;Plena Noite;Crescente;C�u Claro;Simples;Reta;N�o;2;0;0;2;0;0;2;1;-29,94101294;-57,17650007;SPRF-RS;DEL13-RS;UOP01-DEL13-RS;;;
659492;05/02/2025;quarta-feira;19:00:00;MG;50;3,5;UBERLANDIA;Animais na Pista;Atropelamento de Animal;Com V�timas Fatais;Plena Noite;Decrescente;C�u Claro;Dupla;Declive;N�o;1;1;0;0;0;0;0;1;-18,85374178;-48,24049473;SPRF-MG;DEL15-MG;UOP01-DEL15-MG;;;
659493;05/02/2025;quarta-feira;14:00:00;MG;153;173;COMENDADOR GOMES;Chuva;Sa�da de leito carro��vel;Com V�timas Feridas;Pleno dia;Crescente;Chuva;Simples;Reta;N�o;2;0;0;1;1;0;1;1;-19,737109;-48,971989;SPRF-MG;DEL13-MG;UOP02-DEL13-MG;;;
659494;05/02/2025;quarta-feira;20:18:00;MG;381;482,5;BETIM;Acessar a via sem observar a presen�a dos outros ve�culos;Atropelamento de Pedestre;Com V�timas Feridas;Plena Noite;Crescente;C�u Claro;Dupla;Reta;Sim;2;0;0;1;1;0;1;2;-19,955532;-44,097209;SPRF-MG;DEL01-MG;UOP03-DEL01-MG;;;
659495;05/02/2025;quarta-feira;18:45:00;PA;230;3;ALTAMIRA;Acessar a via sem observar a presen�a dos outros ve�culos;Colis�o transversal;Com V�timas Feridas;Anoitecer;Decrescente;Chuva;Simples;Reta;Sim;3;0;1;2;0;0;3;2;-3,18418905;-52,19202304;SPRF-PA;DEL03-PA;UOP01-DEL03-PA;;;
659496;05/02/2025;quarta-feira;19:27:00;MS;262;370,2;TERENOS;Pedestre andava na pista;Atropelamento de Pedestre;Com V�timas Fatais;Plena Noite;Decrescente;C�u Claro;Simples;Reta;N�o;3;1;0;0;1;1;0;2;-20,48258;-54,781183;SPRF-MS;DEL01-MS;UOP03-DEL01-MS;;;
659497;05/02/2025;quarta-feira;19:00:00;MG;365;26,2;MONTES CLAROS;Demais falhas mec�nicas ou el�tricas;Inc�ndio;Sem V�timas;Plena Noite;Crescente;C�u Claro;Simples;Reta;N�o;1;0;0;0;1;0;0;1;-16,85144573;-44,06967486;SPRF-MG;DEL12-MG;UOP01-DEL12-MG;;;
659498;05/02/2025;quarta-feira;20:50:00;RS;101;5;TORRES;Manobra de mudan�a de faixa;Colis�o lateral mesmo sentido;Com V�timas Feridas;Plena Noite;Decrescente;C�u Claro;Dupla;Reta;Sim;2;0;1;0;1;0;1;2;-29,34105776;-49,78584432;SPRF-RS;DEL03-RS;UOP02-DEL03-RS;;;
659499;05/02/2025;quarta-feira;17:50:00;BA;324;411;NOVA FATIMA;Avarias e/ou desgaste excessivo no pneu;Capotamento;Com V�timas Feridas;Pleno dia;Decrescente;C�u Claro;Simples;Reta;N�o;2;0;2;0;0;0;2;1;-11,64981516;-39,58499016;SPRF-BA;DEL04-BA;UOP02-DEL04-BA;;;
659500;05/02/2025;quarta-feira;18:00:00;PR;153;88,2;CONSELHEIRO MAIRINCK;Rea��o tardia ou ineficiente do condutor;Queda de ocupante de ve�culo;Com V�timas Feridas;Plena Noite;Decrescente;C�u Claro;Simples;Reta;N�o;1;0;0;1;0;0;1;1;-23,67245519;-50,16169279;SPRF-PR;DEL07-PR;UOP04-DEL07-PR;;;
659501;05/02/2025;quarta-feira;19:10:00;SC;282;446;PONTE SERRADA;Ingest�o de �lcool pelo condutor;Colis�o frontal;Com V�timas Feridas;Anoitecer;Crescente;Nublado;Dupla;"Curva;Declive";N�o;6;0;2;0;4;0;2;2;-26,910217;-51,914951;SPRF-SC;DEL07-SC;UOP04-DEL07-SC;;;
659502;05/02/2025;quarta-feira;17:10:00;PB;230;257,1;TENORIO;Demais falhas mec�nicas ou el�tricas;Sa�da de leito carro��vel;Sem V�timas;Pleno dia;Crescente;Chuva;Simples;Curva;N�o;1;0;0;0;1;0;0;1;-7,0114;-36,6808;SPRF-PB;DEL03-PB;UOP01-DEL03-PB;;;
659504;05/02/2025;quarta-feira;22:10:00;SC;470;59;BLUMENAU;Acesso irregular;Colis�o com objeto;Com V�timas Feridas;Plena Noite;Decrescente;Garoa/Chuvisco;Dupla;"Em Obras;Reta";N�o;1;0;1;0;0;0;1;1;-26,882812;-49,1548;SPRF-SC;DEL04-SC;UOP01-DEL04-SC;;;
659505;05/02/2025;quarta-feira;20:40:00;AC;364;124;RIO BRANCO;Transitar no Acostamento;Colis�o lateral mesmo sentido;Com V�timas Feridas;Plena Noite;Crescente;C�u Claro;Dupla;Reta;N�o;3;0;1;1;1;0;2;2;-10,01152469;-67,79140099;SPRF-AC;DEL01-AC;UOP01-DEL01-AC;;;
659507;05/02/2025;quarta-feira;20:00:00;RJ;101;400;ITAGUAI;Transitar no Acostamento;Atropelamento de Pedestre;Com V�timas Feridas;Plena Noite;Decrescente;C�u Claro;M�ltipla;Reta;Sim;2;0;0;2;0;0;2;2;-22,8483707;-43,76952338;SPRF-RJ;DEL03-RJ;UOP01-DEL03-RJ;;;