id;data_inversa;dia_semana;horario;uf;br;km;municipio;causa_acidente;tipo_acidente;classificacao_acidente;fase_dia;sentido_via;condicao_metereologica;tipo_pista;tracado_via;uso_solo;pessoas;mortos;feridos_leves;feridos_graves;ilesos;ignorados;feridos;veiculos;latitude;longitude;regional;delegacia;uop;;;
659653;06/02/2025;quinta-feira;17:00:00;PE;423;95;GARANHUNS;Acessar a via sem observar a presen�a dos outros ve�culos;Atropelamento de Pedestre;Com V�timas Feridas;Anoitecer;Crescente;Garoa/Chuvisco;Simples;Curva;Sim;2;0;1;0;1;0;1;2;-8,87891989;-36,47796305;SPRF-PE;DEL03-PE;UOP01-DEL03-PE;;;
659655;06/02/2025;quinta-feira;17:25:00;RJ;40;112;DUQUE DE CAXIAS;Rea��o tardia ou ineficiente do condutor;Queda de ocupante de ve�culo;Com V�timas Feridas;Anoitecer;Decrescente;C�u Claro;Dupla;Reta;Sim;1;0;1;0;0;0;1;1;-22,7004454;-43,29014851;SPRF-RJ;DEL01-RJ;UOP02-DEL01-RJ;;;
659656;06/02/2025;quinta-feira;17:10:00;SC;101;328;CAPIVARI DE BAIXO;Acumulo de �gua sobre o pavimento;Tombamento;Com V�timas Feridas;Pleno dia;Decrescente;Chuva;M�ltipla;Aclive;N�o;1;0;1;0;0;0;1;1;-28,44741173;-48,96863937;SPRF-SC;DEL02-SC;UOP01-DEL02-SC;;;
659658;06/02/2025;quinta-feira;17:00:00;MA;135;15,3;SAO LUIS;�rea urbana sem a presen�a de local apropriado para a travessia de pedestres;Atropelamento de Pedestre;Com V�timas Feridas;Anoitecer;Decrescente;Nublado;Dupla;Reta;Sim;2;0;1;0;1;0;1;2;-2,69540095;-44,30511707;SPRF-MA;DEL01-MA;UOP01-DEL01-MA;;;
659660;06/02/2025;quinta-feira;17:00:00;DF;80;25;BRASILIA;Aus�ncia de rea��o do condutor;Sa�da de leito carro��vel;Com V�timas Feridas;Pleno dia;Crescente;C�u Claro;Dupla;Reta;Sim;1;0;1;0;0;0;1;1;-15,61765;-48,1989;SPRF-DF;DEL03-DF;UOP02-DEL03-DF;;;
659662;06/02/2025;quinta-feira;18:20:00;PR;277;590,1;CASCAVEL;Desrespeitar a prefer�ncia no cruzamento;Colis�o transversal;Com V�timas Feridas;Pleno dia;Decrescente;C�u Claro;Simples;"Reta;Interse��o de Vias";N�o;2;0;1;0;1;0;1;2;-24,98120697;-53,45591501;SPRF-PR;DEL04-PR;UOP01-DEL04-PR;;;
659663;06/02/2025;quinta-feira;18:15:00;GO;40;5;VALPARAISO DE GOIAS;Manobra de mudan�a de faixa;Colis�o lateral mesmo sentido;Com V�timas Feridas;Anoitecer;Crescente;C�u Claro;Dupla;"Declive;Reta";N�o;3;0;1;0;2;0;1;3;-16,093134;-47,982236;SPRF-DF;DEL01-DF;UOP01-DEL01-DF;;;
659665;06/02/2025;quinta-feira;17:40:00;PB;230;157,6;CAMPINA GRANDE;Acessar a via sem observar a presen�a dos outros ve�culos;Colis�o transversal;Com V�timas Feridas;Anoitecer;Crescente;Garoa/Chuvisco;Simples;Reta;Sim;2;0;1;0;1;0;1;2;-7,264;-35,9199;SPRF-PB;DEL02-PB;UOP01-DEL02-PB;;;
659666;06/02/2025;quinta-feira;16:44:00;SC;116;17;MAFRA;Convers�o proibida;Tombamento;Com V�timas Fatais;Pleno dia;Decrescente;Nublado;Simples;"Interse��o de Vias;Reta";N�o;4;1;0;0;3;0;0;2;-26,21817159;-49,88919497;SPRF-SC;DEL06-SC;UOP01-DEL06-SC;;;
659667;06/02/2025;quinta-feira;18:50:00;SC;101;137;BALNEARIO CAMBORIU;Avarias e/ou desgaste excessivo no pneu;Sa�da de leito carro��vel;Com V�timas Feridas;Anoitecer;Crescente;Nublado;Dupla;Reta;Sim;2;0;1;0;1;0;1;1;-27,0157238;-48,61192763;SPRF-SC;DEL04-SC;UOP03-DEL04-SC;;;
659668;06/02/2025;quinta-feira;17:40:00;RJ;116;232;PIRAI;Demais falhas mec�nicas ou el�tricas;Inc�ndio;Sem V�timas;Plena Noite;Crescente;C�u Claro;M�ltipla;Reta;N�o;1;0;0;0;1;0;0;1;-22,65604007;-43,83713888;SPRF-RJ;DEL07-RJ;UOP01-DEL07-RJ;;;
659669;06/02/2025;quinta-feira;16:50:00;RJ;116;264;VOLTA REDONDA;Acumulo de areia ou detritos sobre o pavimento;Queda de ocupante de ve�culo;Com V�timas Feridas;Pleno dia;Crescente;Sol;Simples;"Retorno Regulamentado;Aclive;Curva";N�o;1;0;1;0;0;0;1;1;-22,59213864;-44,07723781;SPRF-RJ;DEL07-RJ;UOP02-DEL07-RJ;;;
659670;06/02/2025;quinta-feira;18:30:00;SP;116;514;CAJATI;Chuva;Sa�da de leito carro��vel;Com V�timas Feridas;Anoitecer;Crescente;Chuva;Dupla;Curva;N�o;3;0;1;0;2;0;1;1;-24,85874304;-48,21731282;SPRF-SP;DEL05-SP;UOP02-DEL05-SP;;;
659671;06/02/2025;quinta-feira;18:00:00;MS;163;281;DOURADOS;Aus�ncia de rea��o do condutor;Tombamento;Com V�timas Feridas;Plena Noite;Crescente;Nublado;Dupla;Rotat�ria;N�o;1;0;1;0;0;0;1;1;-22,13222947;-54,61222966;SPRF-MS;DEL04-MS;UOP01-DEL04-MS;;;
659672;06/02/2025;quinta-feira;19:10:00;MA;222;667;ACAILANDIA;Acessar a via sem observar a presen�a dos outros ve�culos;Colis�o transversal;Com V�timas Feridas;Plena Noite;Decrescente;C�u Claro;Simples;"Declive;Reta";N�o;2;0;1;0;1;0;1;2;-4,90264174;-47,39968016;SPRF-MA;DEL04-MA;UOP03-DEL04-MA;;;
659674;06/02/2025;quinta-feira;19:00:00;MG;381;536,1;ITATIAIUCU;Animais na Pista;Capotamento;Com V�timas Feridas;Plena Noite;Crescente;C�u Claro;Dupla;Reta;N�o;1;0;1;0;0;0;1;1;-20,22443302;-44,39530859;SPRF-MG;DEL04-MG;UOP03-DEL04-MG;;;
659675;06/02/2025;quinta-feira;14:30:00;MT;70;84;GENERAL CARNEIRO;Acumulo de �gua sobre o pavimento;Capotamento;Com V�timas Feridas;Pleno dia;Decrescente;Nublado;Simples;"Curva;Declive";N�o;1;0;1;0;0;0;1;1;-15,62211981;-52,83378091;SPRF-MT;DEL07-MT;UOP01-DEL07-MT;;;
659677;06/02/2025;quinta-feira;19:00:00;MG;50;194,5;UBERABA;Demais falhas mec�nicas ou el�tricas;Sa�da de leito carro��vel;Com V�timas Feridas;Plena Noite;Crescente;C�u Claro;Dupla;Reta;N�o;1;0;1;0;0;0;1;1;-19,887439;-47,848374;SPRF-MG;DEL13-MG;UOP01-DEL13-MG;;;
659678;06/02/2025;quinta-feira;09:20:00;BA;110;13;PAULO AFONSO;Chuva;Queda de ocupante de ve�culo;Com V�timas Feridas;Pleno dia;Decrescente;Chuva;Simples;Reta;N�o;1;0;1;0;0;0;1;1;-9,56792795;-38,22294244;SPRF-BA;DEL07-BA;UOP01-DEL07-BA;;;
659679;06/02/2025;quinta-feira;18:52:00;RO;364;710;PORTO VELHO;Acessar a via sem observar a presen�a dos outros ve�culos;Colis�o lateral mesmo sentido;Com V�timas Feridas;Pleno dia;Decrescente;C�u Claro;Dupla;Reta;Sim;3;0;2;0;1;0;2;2;-8,78621576;-63,85712687;SPRF-RO;DEL01-RO;UOP01-DEL01-RO;;;
659681;06/02/2025;quinta-feira;19:45:00;CE;222;135,2;ITAPAJE;Transitar na contram�o;Colis�o frontal;Com V�timas Fatais;Plena Noite;Crescente;Nublado;Simples;Curva;N�o;3;1;0;1;0;1;1;2;-3,73432301;-39,667822;SPRF-CE;DEL04-CE;UOP03-DEL04-CE;;;
659682;06/02/2025;quinta-feira;19:50:00;PR;376;176,6;MARINGA;Acessar a via sem observar a presen�a dos outros ve�culos;Colis�o transversal;Com V�timas Feridas;Plena Noite;Decrescente;C�u Claro;M�ltipla;Reta;Sim;3;0;1;1;1;0;2;2;-23,41269173;-51,93158327;SPRF-PR;DEL09-PR;UOP01-DEL09-PR;;;
659683;29/01/2025;quarta-feira;15:10:00;GO;153;506;APARECIDA DE GOIANIA;Demais falhas na via;Tombamento;Com V�timas Feridas;Pleno dia;Crescente;Sol;Dupla;"Reta;Declive";Sim;1;0;1;0;0;0;1;1;-16,7633;-49,24;SPRF-GO;DEL01-GO;UOP01-DEL01-GO;;;
659684;06/02/2025;quinta-feira;18:20:00;PR;277;454;LARANJEIRAS DO SUL;Desrespeitar a prefer�ncia no cruzamento;Colis�o transversal;Com V�timas Feridas;Pleno dia;Decrescente;C�u Claro;Simples;Interse��o de Vias;Sim;2;0;1;0;1;0;1;2;-25,36980336;-52,37913399;SPRF-PR;DEL04-PR;UOP02-DEL04-PR;;;
659685;06/02/2025;quinta-feira;20:23:00;BA;324;0;FEIRA DE SANTANA;Desrespeitar a prefer�ncia no cruzamento;Colis�o com objeto;Com V�timas Fatais;Plena Noite;Crescente;Nublado;Dupla;"Viaduto;Interse��o de Vias";Sim;4;1;0;0;3;0;0;3;-12,270523;-38,935038;SPRF-BA;DEL02-BA;UOP01-DEL02-BA;;;
659689;06/02/2025;quinta-feira;21:15:00;SP;116;213;GUARULHOS;Entrada inopinada do pedestre;Atropelamento de Pedestre;Com V�timas Fatais;Plena Noite;Crescente;Nublado;M�ltipla;"Aclive;Reta";Sim;4;1;0;0;3;0;0;2;-23,43971486;-46,43667806;SPRF-SP;DEL01-SP;UOP01-DEL01-SP;;;
659690;06/02/2025;quinta-feira;00:30:00;SC;280;298;PORTO UNIAO;Ingest�o de �lcool pelo condutor;Sa�da de leito carro��vel;Com V�timas Feridas;Plena Noite;Crescente;Nublado;Simples;Reta;N�o;2;0;1;0;1;0;1;1;-26,28153973;-51,00136008;SPRF-SC;DEL06-SC;UOP04-DEL06-SC;;;
659691;06/02/2025;quinta-feira;20:45:00;RS;116;252;SAPUCAIA DO SUL;Ingest�o de �lcool pelo condutor;Colis�o traseira;Com V�timas Feridas;Plena Noite;Crescente;C�u Claro;M�ltipla;Reta;N�o;3;0;1;0;2;0;1;2;-29,80913395;-51,1675292;SPRF-RS;DEL01-RS;UOP02-DEL01-RS;;;
659692;06/02/2025;quinta-feira;19:40:00;SC;101;87,5;BARRA VELHA;Pedestre cruzava a pista fora da faixa;Atropelamento de Pedestre;Com V�timas Feridas;Plena Noite;Decrescente;C�u Claro;Dupla;"Reta;Aclive";Sim;2;0;0;1;1;0;1;2;-26,64157075;-48,69035482;SPRF-SC;DEL03-SC;UOP02-DEL03-SC;;;
659694;06/02/2025;quinta-feira;21:00:00;SP;101;35,5;UBATUBA;Convers�o proibida;Colis�o transversal;Com V�timas Feridas;Plena Noite;Decrescente;C�u Claro;Simples;Reta;N�o;2;0;2;0;0;0;2;2;-23,39562327;-45,01485055;SPRF-SP;DEL06-SP;UOP01-DEL06-SP;;;
659695;06/02/2025;quinta-feira;20:40:00;SC;163;72,6;SAO MIGUEL DO OESTE;Velocidade Incompat�vel;Sa�da de leito carro��vel;Com V�timas Feridas;Plena Noite;Crescente;Garoa/Chuvisco;Dupla;Reta;Sim;5;0;1;1;0;3;2;2;-26,71579042;-53,51612091;SPRF-SC;DEL07-SC;UOP03-DEL07-SC;;;
659696;06/02/2025;quinta-feira;22:00:00;MG;116;279;TEOFILO OTONI;Aus�ncia de rea��o do condutor;Tombamento;Com V�timas Feridas;Plena Noite;Decrescente;C�u Claro;Simples;Reta;Sim;1;0;1;0;0;0;1;1;-17,87634412;-41,52080762;SPRF-MG;DEL11-MG;UOP01-DEL11-MG;;;
659698;06/02/2025;quinta-feira;19:00:00;MT;163;691;LUCAS DO RIO VERDE;Rea��o tardia ou ineficiente do condutor;Queda de ocupante de ve�culo;Com V�timas Feridas;Plena Noite;Decrescente;C�u Claro;Simples;Reta;N�o;1;0;1;0;0;0;1;1;-13,05365;-55,911232;SPRF-MT;DEL06-MT;UOP01-DEL06-MT;;;
659699;06/02/2025;quinta-feira;19:40:00;PE;104;114;PANELAS;Chuva;Colis�o lateral mesmo sentido;Com V�timas Feridas;Plena Noite;Crescente;Chuva;Simples;Reta;N�o;2;0;0;1;0;1;1;2;-8,651909;-36,01405;SPRF-PE;DEL02-PE;NPF/DEL02-PE;;;
659702;06/02/2025;quinta-feira;11:30:00;MT;364;1153;SAPEZAL;Ultrapassagem Indevida;Colis�o frontal;Com V�timas Fatais;Pleno dia;Decrescente;Chuva;Simples;"Ponte;Reta";N�o;4;2;2;0;0;0;2;2;-13,54754294;-59,02650903;SPRF-MT;DEL04-MT;UOP02-DEL04-MT;;;
659704;06/02/2025;quinta-feira;18:30:00;RJ;101;497;ANGRA DOS REIS;Aus�ncia de rea��o do condutor;Colis�o lateral mesmo sentido;Com V�timas Feridas;Plena Noite;Crescente;C�u Claro;Simples;Reta;Sim;2;0;1;0;1;0;1;2;-22,91687742;-44,32911645;SPRF-RJ;DEL03-RJ;UOP03-DEL03-RJ;;;
659705;06/02/2025;quinta-feira;17:37:00;AC;364;123;RIO BRANCO;Rea��o tardia ou ineficiente do condutor;Colis�o traseira;Com V�timas Feridas;Anoitecer;Decrescente;C�u Claro;Dupla;Reta;N�o;2;0;2;0;0;0;2;2;-10,0117071;-67,782373;SPRF-AC;DEL01-AC;UOP01-DEL01-AC;;;
659706;06/02/2025;quinta-feira;20:30:00;MT;364;494;JANGADA;Acessar a via sem observar a presen�a dos outros ve�culos;Colis�o transversal;Com V�timas Feridas;Plena Noite;Decrescente;C�u Claro;Simples;Reta;N�o;2;0;1;0;1;0;1;2;-15,29227197;-56,43455719;SPRF-MT;DEL01-MT;UOP01-DEL01-MT;;;
659707;06/02/2025;quinta-feira;22:40:00;PR;369;143,4;LONDRINA;Ingest�o de �lcool pelo condutor;Colis�o traseira;Com V�timas Feridas;Plena Noite;Decrescente;Nublado;Dupla;"Aclive;Reta";Sim;3;0;2;1;0;0;3;2;-23,29297;-51,097351;SPRF-PR;DEL07-PR;UOP01-DEL07-PR;;;
659708;06/02/2025;quinta-feira;11:40:00;SC;101;339,2;TUBARAO;Desrespeitar a prefer�ncia no cruzamento;Colis�o transversal;Com V�timas Feridas;Pleno dia;Crescente;C�u Claro;Dupla;"Interse��o de Vias;Viaduto";Sim;3;0;2;0;1;0;2;2;-28,5069828;-49,04996932;SPRF-SC;DEL02-SC;UOP01-DEL02-SC;;;
659709;06/02/2025;quinta-feira;20:50:00;MT;364;205;RONDONOPOLIS;Acessar a via sem observar a presen�a dos outros ve�culos;Colis�o lateral mesmo sentido;Com V�timas Feridas;Plena Noite;Decrescente;C�u Claro;Dupla;"Declive;Reta;Retorno Regulamentado";Sim;3;0;1;0;2;0;1;2;-16,457313;-54,661958;SPRF-MT;DEL02-MT;UOP01-DEL02-MT;;;
659710;06/02/2025;quinta-feira;22:40:00;PI;343;336;TERESINA;Chuva;Sa�da de leito carro��vel;Com V�timas Feridas;Plena Noite;Decrescente;Chuva;Dupla;Curva;N�o;5;0;5;0;0;0;5;1;-5,062547;-42,705189;SPRF-PI;DEL01-PI;UOP01-DEL01-PI;;;
659711;06/02/2025;quinta-feira;23:40:00;RS;116;233;NOVO HAMBURGO;Aus�ncia de rea��o do condutor;Colis�o com objeto;Sem V�timas;Plena Noite;Decrescente;C�u Claro;Simples;Reta;Sim;1;0;0;0;0;1;0;1;-29,64206007;-51,14268362;SPRF-RS;DEL01-RS;UOP02-DEL01-RS;;;
659712;06/02/2025;quinta-feira;23:30:00;ES;101;142,5;LINHARES;Rea��o tardia ou ineficiente do condutor;Colis�o com objeto;Sem V�timas;Plena Noite;Decrescente;C�u Claro;Dupla;Declive;Sim;2;0;0;0;2;0;0;1;-19,33458987;-40,06755477;SPRF-ES;DEL04-ES;UOP01-DEL04-ES;;;
659717;06/02/2025;quinta-feira;19:30:00;MT;364;205,5;RONDONOPOLIS;Ingest�o de �lcool pelo condutor;Queda de ocupante de ve�culo;Com V�timas Feridas;Plena Noite;Crescente;C�u Claro;Dupla;Reta;N�o;2;0;1;0;0;1;1;2;-16,45928621;-54,66092345;SPRF-MT;DEL02-MT;UOP01-DEL02-MT;;;
659719;06/02/2025;quinta-feira;23:30:00;MS;163;725;COXIM;Ingest�o de �lcool pelo condutor;Sa�da de leito carro��vel;Sem V�timas;Plena Noite;Crescente;C�u Claro;Simples;Reta;Sim;1;0;0;0;1;0;0;1;-18,55245685;-54,75080527;SPRF-MS;DEL06-MS;UOP01-DEL06-MS;;;
659722;07/02/2025;sexta-feira;02:00:00;MG;381;490;BETIM;Aus�ncia de rea��o do condutor;Queda de ocupante de ve�culo;Com V�timas Feridas;Plena Noite;Crescente;C�u Claro;Dupla;Reta;N�o;2;0;2;0;0;0;2;1;-19,95595175;-44,14498115;SPRF-MG;DEL01-MG;UOP03-DEL01-MG;;;
659723;07/02/2025;sexta-feira;00:00:00;MS;60;453,7;SIDROLANDIA;Animais na Pista;Atropelamento de Animal;Com V�timas Feridas;Plena Noite;Crescente;C�u Claro;Simples;Reta;N�o;2;0;2;0;0;0;2;1;-21,00164432;-55,14813806;SPRF-MS;DEL01-MS;UOP04-DEL01-MS;;;
659727;07/02/2025;sexta-feira;02:40:00;RJ;393;285;VOLTA REDONDA;Ingest�o de �lcool pelo condutor;Sa�da de leito carro��vel;Com V�timas Feridas;Plena Noite;Decrescente;C�u Claro;Simples;Reta;Sim;1;0;0;1;0;0;1;1;-22,50571802;-44,07431602;SPRF-RJ;DEL05-RJ;UOP04-DEL05-RJ;;;
659728;07/02/2025;sexta-feira;03:00:00;PE;424;10;PEDRA;Ultrapassagem Indevida;Colis�o frontal;Com V�timas Fatais;Plena Noite;Crescente;C�u Claro;Simples;"Aclive;Reta";N�o;6;2;0;3;0;1;3;3;-8,49698318;-37,010177;SPRF-PE;DEL04-PE;UOP02-DEL04-PE;;;
659729;07/02/2025;sexta-feira;03:08:00;MG;354;709;CAXAMBU;Condutor Dormindo;Colis�o com objeto;Com V�timas Feridas;Plena Noite;Decrescente;C�u Claro;Simples;Reta;N�o;1;0;1;0;0;0;1;1;-22,02469499;-44,9270357;SPRF-MG;DEL17-MG;UOP01-DEL17-MG;;;
659732;07/02/2025;sexta-feira;03:00:00;SC;470;18,7;ILHOTA;Transitar na contram�o;Colis�o frontal;Com V�timas Fatais;Plena Noite;Decrescente;C�u Claro;Dupla;Reta;N�o;3;1;2;0;0;0;2;2;-26,8598395;-48,8126131;SPRF-SC;DEL04-SC;UOP04-DEL04-SC;;;
659734;07/02/2025;sexta-feira;04:30:00;PR;277;634;CEU AZUL;Ultrapassagem Indevida;Colis�o lateral sentido oposto;Com V�timas Feridas;Plena Noite;Crescente;C�u Claro;Simples;Reta;Sim;3;0;1;0;2;0;1;3;-25,13216493;-53,8249287;SPRF-PR;DEL05-PR;UOP02-DEL05-PR;;;
659736;07/02/2025;sexta-feira;04:20:00;SC;280;71;JARAGUA DO SUL;Acessar a via sem observar a presen�a dos outros ve�culos;Colis�o transversal;Com V�timas Feridas;Plena Noite;Decrescente;C�u Claro;Simples;Curva;N�o;3;0;0;1;2;0;1;2;-26,46151693;-49,13480597;SPRF-SC;DEL03-SC;UOP03-DEL03-SC;;;
659738;07/02/2025;sexta-feira;06:00:00;DF;20;17;BRASILIA;Ingest�o de �lcool pelo condutor;Colis�o lateral mesmo sentido;Sem V�timas;Amanhecer;Decrescente;C�u Claro;Dupla;"Reta;Aclive";Sim;3;0;0;0;3;0;0;2;-15,621374;-47,71698;SPRF-DF;DEL02-DF;UOP01-DEL02-DF;;;
659739;07/02/2025;sexta-feira;05:45:00;SC;101;148;ITAPEMA;Ingest�o de �lcool pelo condutor;Colis�o traseira;Sem V�timas;Amanhecer;Decrescente;Nublado;M�ltipla;Reta;Sim;2;0;0;0;1;1;0;2;-27,10123686;-48,61807962;SPRF-SC;DEL04-SC;UOP03-DEL04-SC;;;
659740;07/02/2025;sexta-feira;05:15:00;PR;277;608,1;SANTA TEREZA DO OESTE;Transitar na contram�o;Colis�o frontal;Com V�timas Fatais;Pleno dia;Decrescente;C�u Claro;Simples;Reta;Sim;5;1;2;2;0;0;4;2;-25,04299405;-53,60478197;SPRF-PR;DEL05-PR;UOP02-DEL05-PR;;;
659742;07/02/2025;sexta-feira;05:10:00;SP;116;137;CACAPAVA;Demais falhas mec�nicas ou el�tricas;Inc�ndio;Sem V�timas;Pleno dia;Decrescente;C�u Claro;Dupla;Reta;N�o;3;0;0;0;3;0;0;1;-23,15300766;-45,78709317;SPRF-SP;DEL02-SP;UOP01-DEL02-SP;;;
659743;07/02/2025;sexta-feira;04:30:00;PR;153;339;IRATI;Acesso irregular;Colis�o lateral sentido oposto;Com V�timas Feridas;Amanhecer;Crescente;C�u Claro;Simples;Interse��o de Vias;Sim;3;0;1;0;2;0;1;2;-25,52383787;-50,65389862;SPRF-PR;DEL08-PR;UOP02-DEL08-PR;;;
659744;06/02/2025;quinta-feira;22:00:00;MG;262;456;NOVA SERRANA;Rea��o tardia ou ineficiente do condutor;Sa�da de leito carro��vel;Sem V�timas;Plena Noite;Crescente;C�u Claro;Simples;Reta;N�o;1;0;0;0;1;0;0;1;-19,84401343;-45,04068778;SPRF-MG;DEL08-MG;UOP03-DEL08-MG;;;
659745;07/02/2025;sexta-feira;02:52:00;RO;429;18,3;PRESIDENTE MEDICI;Aus�ncia de rea��o do condutor;Capotamento;Com V�timas Feridas;Plena Noite;Crescente;C�u Claro;Simples;Reta;N�o;1;0;1;0;0;0;1;1;-11,00269714;-61,91721255;SPRF-RO;DEL02-RO;UOP03-DEL02-RO;;;
659746;07/02/2025;sexta-feira;04:45:00;RS;290;674;URUGUAIANA;Animais na Pista;Atropelamento de Animal;Sem V�timas;Plena Noite;Decrescente;C�u Claro;Simples;Reta;N�o;3;0;0;0;3;0;0;1;-29,926233;-56,637955;SPRF-RS;DEL13-RS;UOP01-DEL13-RS;;;
659747;07/02/2025;sexta-feira;05:30:00;BA;116;471,5;SANTO ESTEVAO;Animais na Pista;Atropelamento de Animal;Com V�timas Feridas;Amanhecer;Crescente;Nublado;Dupla;Reta;N�o;3;0;2;0;1;0;2;1;-12,48924;-39,32894;SPRF-BA;DEL02-BA;UOP01-DEL02-BA;;;
659750;07/02/2025;sexta-feira;04:50:00;SC;280;199,8;MAFRA;Condutor Dormindo;Colis�o com objeto;Com V�timas Feridas;Plena Noite;Decrescente;Ignorado;Simples;Reta;N�o;3;0;1;0;2;0;1;1;-26,17454276;-50,07167101;SPRF-SC;DEL06-SC;UOP01-DEL06-SC;;;
659755;07/02/2025;sexta-feira;07:30:00;PR;277;3,5;PARANAGUA;Acessar a via sem observar a presen�a dos outros ve�culos;Colis�o transversal;Com V�timas Feridas;Pleno dia;Crescente;C�u Claro;Simples;"Rotat�ria;Reta";N�o;2;0;2;0;0;0;2;2;-25,546317;-48,560175;SPRF-PR;DEL01-PR;UOP05-DEL01-PR;;;
659757;07/02/2025;sexta-feira;06:40:00;PR;277;306;PRUDENTOPOLIS;Demais falhas mec�nicas ou el�tricas;Inc�ndio;Sem V�timas;Pleno dia;Crescente;C�u Claro;Simples;Curva;N�o;2;0;0;0;2;0;0;1;-25,32414713;-51,19551659;SPRF-PR;DEL08-PR;UOP01-DEL08-PR;;;
659758;07/02/2025;sexta-feira;07:10:00;SE;235;4,2;NOSSA SENHORA DO SOCORRO;Condutor deixou de manter dist�ncia do ve�culo da frente;Colis�o traseira;Com V�timas Feridas;Pleno dia;Decrescente;Chuva;Dupla;"Declive;Reta";N�o;2;0;1;0;0;1;1;2;-10,9064;-37,1197;SPRF-SE;DEL01-SE;UOP01-DEL01-SE;;;
659759;07/02/2025;sexta-feira;07:15:00;MG;116;277;TEOFILO OTONI;Acessar a via sem observar a presen�a dos outros ve�culos;Atropelamento de Pedestre;Com V�timas Feridas;Pleno dia;Crescente;C�u Claro;Dupla;Reta;Sim;3;0;0;1;2;0;1;2;-17,859945;-41,515144;SPRF-MG;DEL11-MG;UOP01-DEL11-MG;;;
659761;07/02/2025;sexta-feira;02:25:00;RO;364;423;JARU;Velocidade Incompat�vel;Tombamento;Com V�timas Feridas;Plena Noite;Crescente;C�u Claro;Simples;"Reta;Em Obras;Ponte";Sim;2;0;2;0;0;0;2;1;-10,45220802;-62,46072003;SPRF-RO;DEL03-RO;UOP02-DEL03-RO;;;
659763;07/02/2025;sexta-feira;08:00:00;SE;101;93;NOSSA SENHORA DO SOCORRO;Transitar no Acostamento;Colis�o lateral mesmo sentido;Com V�timas Feridas;Pleno dia;Crescente;Nublado;Dupla;Reta;N�o;3;0;1;0;1;1;1;3;-10,90212319;-37,14494787;SPRF-SE;DEL01-SE;UOP01-DEL01-SE;;;
659764;07/02/2025;sexta-feira;08:15:00;RS;116;230;DOIS IRMAOS;Ingest�o de �lcool pelo condutor;Colis�o transversal;Sem V�timas;Pleno dia;Crescente;Nublado;Simples;"Reta;Aclive";Sim;2;0;0;0;2;0;0;2;-29,62222179;-51,13039371;SPRF-RS;DEL01-RS;UOP02-DEL01-RS;;;
659765;03/01/2025;sexta-feira;19:40:00;ES;101;289,6;CARIACICA;Manobra de mudan�a de faixa;Colis�o lateral mesmo sentido;Com V�timas Feridas;Plena Noite;Decrescente;Nublado;Dupla;Aclive;Sim;2;0;1;0;1;0;1;2;-20,28029304;-40,39302931;SPRF-ES;DEL01-ES;UOP01-DEL01-ES;;;
659767;07/02/2025;sexta-feira;07:25:00;MS;163;481;CAMPO GRANDE;Condutor deixou de manter dist�ncia do ve�culo da frente;Colis�o traseira;Com V�timas Feridas;Pleno dia;Crescente;C�u Claro;Simples;Reta;Sim;2;0;1;0;1;0;1;2;-20,469381;-54,55955;SPRF-MS;DEL01-MS;UOP01-DEL01-MS;;;
659768;07/02/2025;sexta-feira;08:30:00;SC;101;5,3;ARARANGUA;Demais falhas mec�nicas ou el�tricas;Tombamento;Com V�timas Feridas;Pleno dia;Decrescente;Sol;Simples;Reta;Sim;2;0;1;1;0;0;2;1;-28,96090259;-49,51684535;SPRF-SC;DEL02-SC;UOP02-DEL02-SC;;;
659770;07/02/2025;sexta-feira;08:18:00;PR;277;76;SAO JOSE DOS PINHAIS;Manobra de mudan�a de faixa;Colis�o lateral mesmo sentido;Com V�timas Feridas;Pleno dia;Crescente;C�u Claro;Dupla;Reta;Sim;2;0;1;0;1;0;1;2;-25,51327981;-49,12433291;SPRF-PR;DEL01-PR;UOP07-DEL01-PR;;;
659771;06/02/2025;quinta-feira;20:30:00;SC;101;370,1;ICARA;Ingest�o de �lcool pelo condutor;Sa�da de leito carro��vel;Sem V�timas;Pleno dia;Crescente;Nublado;Dupla;Reta;N�o;1;0;0;0;1;0;0;1;-28,69956788;-49,19239904;SPRF-SC;DEL02-SC;UOP01-DEL02-SC;;;
659772;07/02/2025;sexta-feira;08:16:00;SC;101;373,1;ICARA;Condutor Dormindo;Sa�da de leito carro��vel;Com V�timas Feridas;Pleno dia;Decrescente;C�u Claro;Dupla;Curva;N�o;5;0;1;0;4;0;1;1;-28,7132671;-49,21763596;SPRF-SC;DEL02-SC;UOP01-DEL02-SC;;;
659773;07/02/2025;sexta-feira;08:15:00;MG;40;518;RIBEIRAO DAS NEVES;Trafegar com motocicleta (ou similar) entre as faixas;Colis�o traseira;Com V�timas Feridas;Pleno dia;Crescente;C�u Claro;Dupla;Reta;Sim;2;0;0;1;1;0;1;2;-19,8321242;-44,08208533;SPRF-MG;DEL01-MG;UOP02-DEL01-MG;;;
659777;07/02/2025;sexta-feira;09:35:00;SP;116;228;SAO PAULO;Aus�ncia de rea��o do condutor;Colis�o lateral mesmo sentido;Com V�timas Feridas;Pleno dia;Crescente;Sol;M�ltipla;Reta;Sim;2;0;1;0;1;0;1;2;-23,50343484;-46,56638712;SPRF-SP;DEL01-SP;UOP01-DEL01-SP;;;