id;data_inversa;dia_semana;horario;uf;br;km;municipio;causa_acidente;tipo_acidente;classificacao_acidente;fase_dia;sentido_via;condicao_metereologica;tipo_pista;tracado_via;uso_solo;pessoas;mortos;feridos_leves;feridos_graves;ilesos;ignorados;feridos;veiculos;latitude;longitude;regional;delegacia;uop;;;
659778;07/02/2025;sexta-feira;08:58:00;PR;116;14,8;COLOMBO;Avarias e/ou desgaste excessivo no pneu;Tombamento;Com V�timas Feridas;Pleno dia;Decrescente;C�u Claro;Dupla;"Reta;Declive";Sim;2;0;1;0;1;0;1;1;-25,3818;-49,1643;SPRF-PR;DEL01-PR;UOP02-DEL01-PR;;;
659779;07/02/2025;sexta-feira;07:00:00;ES;101;368,5;ANCHIETA;Pista Escorregadia;Tombamento;Com V�timas Feridas;Pleno dia;Decrescente;C�u Claro;Simples;"Curva;Aclive";N�o;1;0;0;1;0;0;1;1;-20,74480799;-40,7602114;SPRF-ES;DEL03-ES;UOP01-DEL03-ES;;;
659780;07/02/2025;sexta-feira;08:30:00;SE;101;114,8;ITAPORANGA DAJUDA;Velocidade Incompat�vel;Colis�o com objeto;Sem V�timas;Pleno dia;Decrescente;Chuva;Dupla;"Curva;Declive";N�o;1;0;0;0;1;0;0;1;-10,997623;-37,302944;SPRF-SE;DEL02-SE;UOP01-DEL02-SE;;;
659785;22/01/2025;quarta-feira;17:55:00;RJ;40;113;DUQUE DE CAXIAS;Trafegar com motocicleta (ou similar) entre as faixas;Colis�o lateral mesmo sentido;Com V�timas Feridas;Anoitecer;Decrescente;C�u Claro;Dupla;Reta;N�o;2;0;1;0;0;1;1;2;-22,70948502;-43,29040354;SPRF-RJ;DEL01-RJ;UOP02-DEL01-RJ;;;
659788;06/02/2025;quinta-feira;14:20:00;BA;110;218;NOVA SOURE;Ingest�o de �lcool pelo condutor;Colis�o transversal;Com V�timas Feridas;Pleno dia;Decrescente;C�u Claro;Simples;Reta;Sim;2;0;0;1;1;0;1;2;-11,23767425;-38,48167419;SPRF-BA;DEL07-BA;UOP02-DEL07-BA;;;
659790;07/02/2025;sexta-feira;11:35:00;RN;101;100,8;PARNAMIRIM;Rea��o tardia ou ineficiente do condutor;Colis�o com objeto;Sem V�timas;Pleno dia;Crescente;Sol;M�ltipla;Reta;Sim;3;0;0;0;3;0;0;2;-5,88106901;-35,22542396;SPRF-RN;DEL01-RN;UOP01-DEL01-RN;;;
659791;07/02/2025;sexta-feira;09:40:00;RJ;116;301;PORTO REAL;Manobra de mudan�a de faixa;Colis�o lateral mesmo sentido;Com V�timas Feridas;Pleno dia;Decrescente;C�u Claro;Dupla;Aclive;N�o;3;0;1;1;1;0;2;2;-22,4529399;-44,36236901;SPRF-RJ;DEL07-RJ;UOP02-DEL07-RJ;;;
659794;28/01/2025;ter�a-feira;11:17:00;MT;364;253,3;JUSCIMEIRA;Aus�ncia de rea��o do condutor;Sa�da de leito carro��vel;Com V�timas Feridas;Pleno dia;Decrescente;C�u Claro;Dupla;Declive;N�o;1;0;1;0;0;0;1;1;-16,09747205;-54,86610212;SPRF-MT;DEL02-MT;UOP01-DEL02-MT;;;
659797;07/02/2025;sexta-feira;10:15:00;RJ;116;184;NOVA IGUACU;Condutor deixou de manter dist�ncia do ve�culo da frente;Tombamento;Com V�timas Feridas;Pleno dia;Decrescente;C�u Claro;Dupla;Reta;Sim;1;0;1;0;0;0;1;1;-22,74647215;-43,44594311;SPRF-RJ;DEL06-RJ;UOP01-DEL06-RJ;;;
659799;07/02/2025;sexta-feira;07:40:00;SC;280;98;CORUPA;Transitar na contram�o;Colis�o frontal;Com V�timas Fatais;Pleno dia;Crescente;C�u Claro;Simples;Reta;N�o;3;1;1;0;1;0;1;2;-26,3765009;-49,3253421;SPRF-SC;DEL06-SC;UOP03-DEL06-SC;;;
659800;06/02/2025;quinta-feira;13:10:00;PR;277;6;PARANAGUA;Entrada inopinada do pedestre;Atropelamento de Pedestre;Com V�timas Feridas;Pleno dia;Crescente;Nublado;Dupla;Reta;Sim;2;0;0;1;1;0;1;2;-25,52092;-48,52529;SPRF-PR;DEL01-PR;UOP05-DEL01-PR;;;
659801;07/02/2025;sexta-feira;11:00:00;SC;101;163;TIJUCAS;Rea��o tardia ou ineficiente do condutor;Colis�o traseira;Com V�timas Feridas;Pleno dia;Decrescente;Nublado;M�ltipla;Reta;Sim;2;0;1;0;1;0;1;2;-27,23461699;-48,63039809;SPRF-SC;DEL04-SC;UOP03-DEL04-SC;;;
659802;07/02/2025;sexta-feira;11:25:00;RN;101;75,6;SAO GONCALO DO AMARANTE;Aus�ncia de rea��o do condutor;Colis�o traseira;Com V�timas Feridas;Pleno dia;Crescente;Sol;Dupla;Reta;Sim;2;0;1;0;1;0;1;2;-5,724;-35,280682;SPRF-RN;DEL02-RN;UOP01-DEL02-RN;;;
659803;07/02/2025;sexta-feira;06:50:00;SP;381;89;GUARULHOS;Aus�ncia de rea��o do condutor;Colis�o lateral mesmo sentido;Com V�timas Feridas;Pleno dia;Crescente;Sol;M�ltipla;Reta;Sim;2;0;1;0;1;0;1;2;-23,48469299;-46,55983288;SPRF-SP;DEL03-SP;UOP01-DEL03-SP;;;
659804;07/02/2025;sexta-feira;11:40:00;ES;259;50;COLATINA;Rea��o tardia ou ineficiente do condutor;Colis�o frontal;Com V�timas Feridas;Pleno dia;Crescente;C�u Claro;Simples;Reta;Sim;3;0;2;1;0;0;3;2;-19,510103;-40,60615;SPRF-ES;DEL02-ES;UOP01-DEL02-ES;;;
659805;07/02/2025;sexta-feira;12:20:00;MG;381;511,9;IGARAPE;Desrespeitar a prefer�ncia no cruzamento;Colis�o transversal;Com V�timas Feridas;Pleno dia;Decrescente;C�u Claro;Simples;Interse��o de Vias;Sim;2;0;1;0;1;0;1;2;-20,0678577;-44,2966926;SPRF-MG;DEL01-MG;UOP03-DEL01-MG;;;
659808;18/01/2025;s�bado;13:45:00;SC;282;560,3;NOVA ITABERABA;Rea��o tardia ou ineficiente do condutor;Colis�o com objeto;Com V�timas Feridas;Pleno dia;Decrescente;Ignorado;Simples;"Curva;Aclive";N�o;1;0;1;0;0;0;1;1;-26,927135;-52,856205;SPRF-SC;DEL07-SC;UOP01-DEL07-SC;;;
659809;07/02/2025;sexta-feira;12:15:00;RJ;101;521;ANGRA DOS REIS;Rea��o tardia ou ineficiente do condutor;Colis�o traseira;Com V�timas Feridas;Pleno dia;Decrescente;C�u Claro;Simples;"Rotat�ria;Reta";N�o;2;0;1;0;1;0;1;2;-23,00313345;-44,4598209;SPRF-RJ;DEL03-RJ;UOP03-DEL03-RJ;;;
659822;07/02/2025;sexta-feira;11:00:00;RJ;101;317;SAO GONCALO;Condutor deixou de manter dist�ncia do ve�culo da frente;Colis�o traseira;Com V�timas Feridas;Pleno dia;Crescente;C�u Claro;Dupla;Reta;N�o;3;0;1;0;2;0;1;2;-22,83707798;-43,09492006;SPRF-RJ;DEL02-RJ;UOP02-DEL02-RJ;;;
659823;07/02/2025;sexta-feira;12:54:00;PR;116;90;PIRAQUARA;Manobra de mudan�a de faixa;Colis�o lateral mesmo sentido;Com V�timas Feridas;Pleno dia;Crescente;Nublado;Simples;Reta;N�o;3;0;2;0;1;0;2;2;-25,49705906;-49,11752712;SPRF-PR;DEL01-PR;UOP07-DEL01-PR;;;
659825;07/02/2025;sexta-feira;08:50:00;PE;101;157,4;GAMELEIRA;Aus�ncia de rea��o do condutor;Sa�da de leito carro��vel;Com V�timas Feridas;Pleno dia;Crescente;Chuva;Dupla;Curva;N�o;1;0;1;0;0;0;1;1;-8,55352976;-35,3964161;SPRF-PE;DEL01-PE;UOP03-DEL01-PE;;;
659827;13/01/2025;segunda-feira;16:40:00;MG;381;3;BETIM;Entrada inopinada do pedestre;Atropelamento de Pedestre;Com V�timas Feridas;Pleno dia;Crescente;Garoa/Chuvisco;Simples;Reta;Sim;2;0;0;1;1;0;1;2;-19,96825;-44,198708;SPRF-MG;DEL01-MG;UOP03-DEL01-MG;;;
659828;07/02/2025;sexta-feira;09:20:00;MG;40;449;CAETANOPOLIS;Pista esburacada;Colis�o traseira;Com V�timas Feridas;Pleno dia;Decrescente;C�u Claro;Dupla;Reta;N�o;5;0;3;0;2;0;3;3;-19,30931885;-44,37278577;SPRF-MG;DEL02-MG;UOP01-DEL02-MG;;;
659829;07/02/2025;sexta-feira;09:50:00;AL;316;262;SATUBA;Desrespeitar a prefer�ncia no cruzamento;Colis�o transversal;Com V�timas Feridas;Pleno dia;Crescente;C�u Claro;Simples;Interse��o de Vias;N�o;2;0;0;1;1;0;1;2;-9,5877592;-35,87975979;SPRF-AL;DEL02-AL;UOP01-DEL02-AL;;;
659831;07/02/2025;sexta-feira;13:30:00;BA;242;815;BARREIRAS;Rea��o tardia ou ineficiente do condutor;Colis�o com objeto;Com V�timas Feridas;Pleno dia;Crescente;C�u Claro;Simples;Reta;N�o;1;0;1;0;0;0;1;1;-12,14882598;-44,999386;SPRF-BA;DEL10-BA;UOP01-DEL10-BA;;;
659832;07/02/2025;sexta-feira;14:15:00;ES;101;359,3;ANCHIETA;Acesso irregular;Colis�o transversal;Com V�timas Feridas;Pleno dia;Crescente;Nublado;Simples;"Reta;Aclive";N�o;4;0;1;0;3;0;1;2;-20,69768274;-40,71161014;SPRF-ES;DEL03-ES;UOP01-DEL03-ES;;;
659833;07/02/2025;sexta-feira;14:30:00;MG;50;98;UBERLANDIA;Demais falhas mec�nicas ou el�tricas;Inc�ndio;Sem V�timas;Pleno dia;Crescente;C�u Claro;Dupla;Reta;N�o;1;0;0;0;1;0;0;1;-19,11861301;-48,17588405;SPRF-MG;DEL15-MG;UOP01-DEL15-MG;;;
659834;07/02/2025;sexta-feira;14:20:00;DF;20;10,3;BRASILIA;Aus�ncia de rea��o do condutor;Colis�o lateral mesmo sentido;Com V�timas Feridas;Pleno dia;Decrescente;C�u Claro;Dupla;Reta;N�o;4;0;2;0;2;0;2;2;-15,650243;-47,773872;SPRF-DF;DEL02-DF;UOP01-DEL02-DF;;;
659835;29/01/2025;quarta-feira;17:00:00;GO;20;146,9;ALVORADA DO NORTE;Acessar a via sem observar a presen�a dos outros ve�culos;Colis�o transversal;Com V�timas Feridas;Pleno dia;Crescente;Nublado;Simples;Reta;N�o;2;0;0;1;1;0;1;2;-14,734658;-46,652908;SPRF-DF;DEL02-DF;UOP03-DEL02-DF;;;
659836;07/02/2025;sexta-feira;14:40:00;MG;381;491;BETIM;Demais falhas mec�nicas ou el�tricas;Tombamento;Com V�timas Feridas;Pleno dia;Crescente;C�u Claro;M�ltipla;Reta;N�o;2;0;2;0;0;0;2;1;-19,97018187;-44,18210416;SPRF-MG;DEL01-MG;UOP03-DEL01-MG;;;
659838;07/02/2025;sexta-feira;15:15:00;PE;101;69;RECIFE;Aus�ncia de rea��o do condutor;Colis�o traseira;Com V�timas Feridas;Pleno dia;Crescente;C�u Claro;Dupla;Reta;Sim;3;0;2;0;1;0;2;2;-8,05951606;-34,94581024;SPRF-PE;DEL01-PE;UOP01-DEL01-PE;;;
659839;07/02/2025;sexta-feira;15:00:00;ES;101;67,5;SAO MATEUS;Acessar a via sem observar a presen�a dos outros ve�culos;Colis�o lateral mesmo sentido;Com V�timas Feridas;Pleno dia;Decrescente;C�u Claro;Dupla;Interse��o de Vias;Sim;2;0;1;0;1;0;1;2;-18,72054021;-39,8658931;SPRF-ES;DEL04-ES;UOP02-DEL04-ES;;;
659841;07/02/2025;sexta-feira;14:30:00;RN;101;109;PARNAMIRIM;Acessar a via sem observar a presen�a dos outros ve�culos;Colis�o transversal;Com V�timas Feridas;Pleno dia;Decrescente;C�u Claro;Dupla;Retorno Regulamentado;Sim;2;0;1;0;1;0;1;2;-5,937378;-35,26483;SPRF-RN;DEL01-RN;UOP01-DEL01-RN;;;
659843;07/02/2025;sexta-feira;10:40:00;MT;70;734;CACERES;Acessar a via sem observar a presen�a dos outros ve�culos;Colis�o frontal;Com V�timas Feridas;Pleno dia;Crescente;C�u Claro;Simples;Reta;Sim;2;0;0;1;1;0;1;2;-16,08674332;-57,69618273;SPRF-MT;DEL03-MT;UOP01-DEL03-MT;;;
659845;07/02/2025;sexta-feira;15:10:00;SC;101;288;IMBITUBA;Condutor deixou de manter dist�ncia do ve�culo da frente;Colis�o traseira;Com V�timas Feridas;Pleno dia;Decrescente;C�u Claro;Dupla;Reta;Sim;4;0;1;0;2;1;1;3;-28,24598003;-48,70010284;SPRF-SC;DEL02-SC;UOP03-DEL02-SC;;;
659847;07/02/2025;sexta-feira;14:45:00;BA;324;620;SALVADOR;Condutor deixou de manter dist�ncia do ve�culo da frente;Colis�o traseira;Com V�timas Feridas;Pleno dia;Crescente;Sol;Dupla;Reta;N�o;6;0;1;0;5;0;1;2;-12,90482172;-38,45556535;SPRF-BA;DEL01-BA;UOP01-DEL01-BA;;;
659848;07/02/2025;sexta-feira;11:20:00;RJ;40;96;DUQUE DE CAXIAS;Acumulo de �leo sobre o pavimento;Queda de ocupante de ve�culo;Com V�timas Feridas;Pleno dia;Decrescente;C�u Claro;Dupla;"Aclive;Curva";N�o;2;0;1;0;1;0;1;1;-22,56876595;-43,27693723;SPRF-RJ;DEL01-RJ;UOP01-DEL01-RJ;;;
659849;07/02/2025;sexta-feira;16:30:00;ES;101;266;SERRA;Rea��o tardia ou ineficiente do condutor;Tombamento;Com V�timas Feridas;Pleno dia;Decrescente;C�u Claro;Dupla;Reta;Sim;2;0;1;0;0;1;1;2;-20,190199;-40,26828891;SPRF-ES;DEL02-ES;UOP01-DEL02-ES;;;
659850;07/02/2025;sexta-feira;15:40:00;SC;101;211,8;PALHOCA;Rea��o tardia ou ineficiente do condutor;Colis�o lateral mesmo sentido;Com V�timas Feridas;Pleno dia;Decrescente;C�u Claro;Dupla;Reta;Sim;3;0;1;0;2;0;1;3;-27,62329313;-48,65245588;SPRF-SC;DEL01-SC;UOP02-DEL01-SC;;;
659851;07/02/2025;sexta-feira;13:30:00;MG;354;753,9;ITAMONTE;Acessar a via sem observar a presen�a dos outros ve�culos;Colis�o transversal;Com V�timas Feridas;Pleno dia;Decrescente;Chuva;Simples;Reta;Sim;2;0;0;1;1;0;1;2;-22,30074263;-44,86208652;SPRF-MG;DEL17-MG;UOP01-DEL17-MG;;;
659852;07/02/2025;sexta-feira;16:11:00;PE;232;4,5;RECIFE;Aus�ncia de rea��o do condutor;Colis�o traseira;Com V�timas Feridas;Pleno dia;Crescente;C�u Claro;Dupla;Viaduto;Sim;2;0;0;1;0;1;1;2;-8,067039;-34,943171;SPRF-PE;DEL01-PE;UOP01-DEL01-PE;;;
659853;07/02/2025;sexta-feira;11:00:00;SC;101;135;BALNEARIO CAMBORIU;Transitar na contram�o;Colis�o transversal;Com V�timas Feridas;Pleno dia;Crescente;C�u Claro;Dupla;Curva;N�o;2;0;1;0;1;0;1;2;-27,0050108;-48,62677494;SPRF-SC;DEL04-SC;UOP03-DEL04-SC;;;
659854;07/02/2025;sexta-feira;16:00:00;CE;116;14;FORTALEZA;Condutor deixou de manter dist�ncia do ve�culo da frente;Colis�o traseira;Com V�timas Feridas;Pleno dia;Decrescente;C�u Claro;M�ltipla;"Declive;Interse��o de Vias";Sim;2;0;1;0;1;0;1;2;-3,86973356;-38,49827361;SPRF-CE;DEL01-CE;UOP02-DEL01-CE;;;
659856;07/02/2025;sexta-feira;14:40:00;MG;381;935,5;EXTREMA;Pista Escorregadia;Colis�o com objeto;Com V�timas Feridas;Pleno dia;Crescente;Chuva;Simples;"Curva;Declive";N�o;3;0;2;0;1;0;2;1;-22,8056671;-46,27533674;SPRF-MG;DEL16-MG;UOP03-DEL16-MG;;;
659858;07/02/2025;sexta-feira;13:30:00;RJ;101;326;RIO DE JANEIRO;Manobra de mudan�a de faixa;Colis�o lateral mesmo sentido;Com V�timas Feridas;Pleno dia;Crescente;C�u Claro;Dupla;"Reta;Ponte;Aclive";N�o;2;0;1;0;0;1;1;2;-22,87206203;-43,146105;SPRF-RJ;DEL02-RJ;UOP01-DEL02-RJ;;;
659859;07/02/2025;sexta-feira;13:45:00;PR;373;235;GUAMIRANGA;Rea��o tardia ou ineficiente do condutor;Sa�da de leito carro��vel;Sem V�timas;Pleno dia;Decrescente;C�u Claro;Simples;Reta;N�o;1;0;0;0;1;0;0;1;-25,18041451;-50,71545996;SPRF-PR;DEL03-PR;UOP01-DEL03-PR;;;
659860;31/01/2025;sexta-feira;18:09:00;RO;0;0;CACOAL;Redutor de velocidade em desacordo;Colis�o com objeto;Com V�timas Feridas;Anoitecer;N�o Informado;Nublado;Simples;Reta;Sim;3;0;1;0;2;0;1;2;-11,501514;-61,366487;SPRF-RO;DEL02-RO;UOP02-DEL02-RO;;;
659861;07/02/2025;sexta-feira;16:04:00;PR;369;160,2;CAMBE;Condutor deixou de manter dist�ncia do ve�culo da frente;Engavetamento;Sem V�timas;Pleno dia;Crescente;C�u Claro;Dupla;Reta;Sim;3;0;0;0;3;0;0;3;-23,28605836;-51,25964646;SPRF-PR;DEL07-PR;UOP01-DEL07-PR;;;
659863;07/02/2025;sexta-feira;14:58:00;BA;101;354;WENCESLAU GUIMARAES;Condutor deixou de manter dist�ncia do ve�culo da frente;Colis�o traseira;Com V�timas Feridas;Pleno dia;Crescente;C�u Claro;Simples;"Reta;Aclive";N�o;3;0;1;0;2;0;1;2;-13,67567814;-39,47731018;SPRF-BA;DEL05-BA;UOP03-DEL05-BA;;;
659864;07/02/2025;sexta-feira;17:00:00;PE;428;138,5;LAGOA GRANDE;Velocidade Incompat�vel;Sa�da de leito carro��vel;Com V�timas Feridas;Pleno dia;Crescente;Nublado;Simples;Reta;N�o;2;0;1;0;1;0;1;1;-8,98338872;-40,25496316;SPRF-PE;DEL06-PE;UOP03-DEL06-PE;;;
659865;07/02/2025;sexta-feira;15:20:00;RJ;101;205;CASIMIRO DE ABREU;Acessar a via sem observar a presen�a dos outros ve�culos;Colis�o transversal;Com V�timas Feridas;Pleno dia;Decrescente;C�u Claro;Simples;"Retorno Regulamentado;Interse��o de Vias";Sim;2;0;1;0;1;0;1;2;-22,475714;-42,19184;SPRF-RJ;DEL08-RJ;UOP04-DEL08-RJ;;;
659867;07/02/2025;sexta-feira;17:40:00;RS;470;175;VERANOPOLIS;Acessar a via sem observar a presen�a dos outros ve�culos;Colis�o transversal;Com V�timas Feridas;Pleno dia;Crescente;C�u Claro;Simples;"Em Obras;Reta";Sim;5;0;1;0;4;0;1;2;-28,91926201;-51,53914905;SPRF-RS;DEL06-RS;UOP02-DEL06-RS;;;
659868;07/02/2025;sexta-feira;17:54:00;SP;116;140;SAO JOSE DOS CAMPOS;Aus�ncia de rea��o do condutor;Colis�o lateral mesmo sentido;Com V�timas Feridas;Pleno dia;Crescente;C�u Claro;Dupla;Reta;Sim;2;0;0;1;1;0;1;2;-23,16577714;-45,81246193;SPRF-SP;DEL02-SP;UOP01-DEL02-SP;;;
659869;07/02/2025;sexta-feira;14:30:00;BA;101;496,3;ITABUNA;Falta de elemento de conten��o que evite a sa�da do leito carro��vel;Sa�da de leito carro��vel;Com V�timas Feridas;Pleno dia;Crescente;Sol;Simples;Aclive;N�o;3;0;3;0;0;0;3;1;-14,736058;-39,335552;SPRF-BA;DEL05-BA;UOP01-DEL05-BA;;;
659870;07/02/2025;sexta-feira;16:30:00;MA;222;502;BURITICUPU;Acessar a via sem observar a presen�a dos outros ve�culos;Colis�o transversal;Com V�timas Feridas;Pleno dia;Decrescente;C�u Claro;Simples;Reta;N�o;3;0;2;0;1;0;2;2;-4,31278214;-46,26275333;SPRF-MA;DEL02-MA;UOP01-DEL02-MA;;;
659871;07/02/2025;sexta-feira;17:40:00;SP;153;116,5;UBARANA;Condutor deixou de manter dist�ncia do ve�culo da frente;Colis�o traseira;Sem V�timas;Pleno dia;Crescente;Nublado;Simples;Reta;N�o;3;0;0;0;3;0;0;2;-21,1375408;-49,69894942;SPRF-SP;DEL09-SP;UOP01-DEL09-SP;;;
659872;07/02/2025;sexta-feira;17:40:00;PR;116;47;CAMPINA GRANDE DO SUL;Rea��o tardia ou ineficiente do condutor;Atropelamento de Pedestre;Com V�timas Feridas;Anoitecer;Decrescente;Chuva;Dupla;Curva;N�o;2;0;1;0;1;0;1;2;-25,210964;-48,897024;SPRF-PR;DEL01-PR;UOP02-DEL01-PR;;;
659873;07/02/2025;sexta-feira;18:20:00;PR;163;175;LINDOESTE;Acumulo de �gua sobre o pavimento;Sa�da de leito carro��vel;Com V�timas Feridas;Anoitecer;Crescente;Chuva;Dupla;"Curva;Declive";N�o;1;0;1;0;0;0;1;1;-25,21734703;-53,59537645;SPRF-PR;DEL05-PR;UOP05-DEL05-PR;;;
659874;07/02/2025;sexta-feira;15:00:00;PB;104;117;LAGOA SECA;Acessar a via sem observar a presen�a dos outros ve�culos;Colis�o transversal;Com V�timas Feridas;Pleno dia;Crescente;C�u Claro;Simples;Reta;N�o;3;0;1;0;2;0;1;2;-7,19030697;-35,86736609;SPRF-PB;DEL02-PB;UOP04-DEL02-PB;;;
659876;07/02/2025;sexta-feira;18:20:00;SE;235;8,9;NOSSA SENHORA DO SOCORRO;Demais falhas na via;Queda de ocupante de ve�culo;Com V�timas Feridas;Plena Noite;Decrescente;Nublado;Simples;"Em Obras;Reta";N�o;1;0;1;0;0;0;1;1;-10,883585;-37,13908;SPRF-SE;DEL01-SE;UOP01-DEL01-SE;;;
659878;07/02/2025;sexta-feira;18:25:00;SE;235;8,9;NOSSA SENHORA DO SOCORRO;Demais falhas na via;Queda de ocupante de ve�culo;Com V�timas Feridas;Plena Noite;Crescente;Nublado;Simples;"Reta;Em Obras";Sim;2;0;2;0;0;0;2;1;-10,886912;-37,132862;SPRF-SE;DEL01-SE;UOP01-DEL01-SE;;;
659880;07/02/2025;sexta-feira;18:27:00;CE;116;20;ITAITINGA;Entrada inopinada do pedestre;Atropelamento de Pedestre;Com V�timas Feridas;Plena Noite;Crescente;C�u Claro;Dupla;Reta;Sim;2;0;2;0;0;0;2;2;-3,92277497;-38,50762327;SPRF-CE;DEL01-CE;UOP02-DEL01-CE;;;
659881;07/02/2025;sexta-feira;18:20:00;SC;470;54,1;BLUMENAU;Trafegar com motocicleta (ou similar) entre as faixas;Colis�o frontal;Com V�timas Feridas;Anoitecer;Crescente;Nublado;Simples;"Em Obras;Reta";Sim;2;0;1;0;1;0;1;2;-26,87159757;-49,11194444;SPRF-SC;DEL04-SC;UOP01-DEL04-SC;;;
659882;07/02/2025;sexta-feira;13:20:00;RJ;465;20;NOVA IGUACU;Aus�ncia de rea��o do condutor;Queda de ocupante de ve�culo;Com V�timas Feridas;Pleno dia;Decrescente;C�u Claro;Simples;Reta;Sim;2;0;0;1;1;0;1;2;-22,846828;-43,605339;SPRF-RJ;DEL06-RJ;UOP02-DEL06-RJ;;;
659884;07/02/2025;sexta-feira;16:10:00;BA;101;190;CONCEICAO DA FEIRA;Demais falhas mec�nicas ou el�tricas;Inc�ndio;Sem V�timas;Pleno dia;Decrescente;C�u Claro;Simples;Reta;N�o;1;0;0;0;1;0;0;1;-12,59306904;-38,98826795;SPRF-BA;DEL01-BA;UOP03-DEL01-BA;;;
659887;07/02/2025;sexta-feira;18:40:00;RN;406;160;CEARA-MIRIM;Acessar a via sem observar a presen�a dos outros ve�culos;Colis�o transversal;Com V�timas Feridas;Plena Noite;Crescente;C�u Claro;Simples;Reta;N�o;2;0;0;1;1;0;1;2;-5,71375666;-35,37210457;SPRF-RN;DEL02-RN;UOP01-DEL02-RN;;;
659888;07/02/2025;sexta-feira;19:25:00;SE;235;9,9;NOSSA SENHORA DO SOCORRO;Demais falhas na via;Tombamento;Com V�timas Feridas;Plena Noite;Decrescente;Nublado;Simples;Em Obras;N�o;1;0;0;1;0;0;1;1;-10,883585;-37,13908;SPRF-SE;DEL01-SE;UOP01-DEL01-SE;;;
659890;07/02/2025;sexta-feira;18:25:00;BA;101;925;NOVA VICOSA;Acessar a via sem observar a presen�a dos outros ve�culos;Colis�o transversal;Com V�timas Feridas;Plena Noite;Decrescente;C�u Claro;Simples;Reta;N�o;2;0;0;1;1;0;1;2;-17,931938;-39,840515;SPRF-BA;DEL09-BA;UOP02-DEL09-BA;;;
659891;07/02/2025;sexta-feira;19:20:00;SP;116;209,3;GUARULHOS;Aus�ncia de rea��o do condutor;Capotamento;Com V�timas Feridas;Plena Noite;Decrescente;C�u Claro;M�ltipla;Reta;Sim;1;0;1;0;0;0;1;1;-23,42511799;-46,40221101;SPRF-SP;DEL01-SP;UOP01-DEL01-SP;;;
659892;07/02/2025;sexta-feira;18:40:00;PR;163;220,9;CASCAVEL;Chuva;Sa�da de leito carro��vel;Com V�timas Feridas;Plena Noite;Decrescente;Chuva;Dupla;Curva;N�o;2;0;0;2;0;0;2;1;-24,85406;-53,60029;SPRF-PR;DEL04-PR;UOP01-DEL04-PR;;;
659893;07/02/2025;sexta-feira;14:30:00;BA;101;44;ESPLANADA;Aus�ncia de rea��o do condutor;Sa�da de leito carro��vel;Com V�timas Feridas;Pleno dia;Decrescente;C�u Claro;Simples;"Curva;Em Obras";N�o;1;0;1;0;0;0;1;1;-11,88149901;-38,009833;SPRF-SE;DEL02-SE;UOP03-DEL02-SE;;;
659894;07/02/2025;sexta-feira;19:40:00;CE;116;21,4;AQUIRAZ;Objeto est�tico sobre o leito carro��vel;Colis�o com objeto;Com V�timas Feridas;Plena Noite;Crescente;C�u Claro;Dupla;Reta;N�o;1;0;0;1;0;0;1;1;-3,93175901;-38,50825087;SPRF-CE;DEL01-CE;UOP02-DEL01-CE;;;
659895;07/02/2025;sexta-feira;17:30:00;BA;235;235;UAUA;Aus�ncia de rea��o do condutor;Tombamento;Com V�timas Fatais;Anoitecer;Crescente;C�u Claro;Simples;Reta;N�o;1;1;0;0;0;0;0;1;-9,80920768;-39,53834683;SPRF-BA;DEL07-BA;UOP03-DEL07-BA;;;
659897;07/02/2025;sexta-feira;19:50:00;SE;235;9,9;NOSSA SENHORA DO SOCORRO;Demais falhas na via;Tombamento;Com V�timas Feridas;Plena Noite;Crescente;Nublado;Simples;Em Obras;N�o;2;0;2;0;0;0;2;1;-10,883585;-37,13908;SPRF-SE;DEL01-SE;UOP01-DEL01-SE;;;
659898;07/02/2025;sexta-feira;19:40:00;SP;116;208;GUARULHOS;Afundamento ou ondula��o no pavimento;Tombamento;Com V�timas Feridas;Plena Noite;Decrescente;C�u Claro;M�ltipla;Reta;Sim;2;0;2;0;0;0;2;1;-23,42222263;-46,3932771;SPRF-SP;DEL01-SP;UOP01-DEL01-SP;;;
659901;07/02/2025;sexta-feira;19:30:00;PR;376;239,5;APUCARANA;Acesso irregular;Colis�o traseira;Com V�timas Feridas;Plena Noite;Crescente;C�u Claro;Dupla;Reta;Sim;2;0;1;0;1;0;1;2;-23,583444;-51,457033;SPRF-PR;DEL07-PR;UOP03-DEL07-PR;;;
659902;07/02/2025;sexta-feira;19:30:00;PE;101;51;ABREU E LIMA;Manobra de mudan�a de faixa;Colis�o lateral mesmo sentido;Com V�timas Feridas;Plena Noite;Crescente;C�u Claro;Dupla;Curva;N�o;3;0;1;1;1;0;2;2;-7,9169968;-34,89689272;SPRF-PE;DEL01-PE;UOP02-DEL01-PE;;;
659904;07/02/2025;sexta-feira;19:50:00;RS;392;32,8;RIO GRANDE;Condutor deixou de manter dist�ncia do ve�culo da frente;Colis�o traseira;Com V�timas Feridas;Plena Noite;Decrescente;C�u Claro;Dupla;Reta;Sim;2;0;1;0;1;0;1;2;-32,03374882;-52,28672871;SPRF-RS;DEL07-RS;UOP02-DEL07-RS;;;