id;data_inversa;dia_semana;horario;uf;br;km;municipio;causa_acidente;tipo_acidente;classificacao_acidente;fase_dia;sentido_via;condicao_metereologica;tipo_pista;tracado_via;uso_solo;pessoas;mortos;feridos_leves;feridos_graves;ilesos;ignorados;feridos;veiculos;latitude;longitude;regional;delegacia;uop;;;
659905;07/02/2025;sexta-feira;20:50:00;RJ;101;433;MANGARATIBA;Animais na Pista;Atropelamento de Animal;Com V�timas Feridas;Plena Noite;Crescente;C�u Claro;Simples;Rotat�ria;Sim;2;0;2;0;0;0;2;1;-22,93842518;-44,03644001;SPRF-RJ;DEL03-RJ;UOP02-DEL03-RJ;;;
659906;07/02/2025;sexta-feira;20:10:00;RJ;101;308;SAO GONCALO;Condutor deixou de manter dist�ncia do ve�culo da frente;Colis�o traseira;Com V�timas Feridas;Plena Noite;Decrescente;C�u Claro;Dupla;Reta;Sim;3;0;1;0;2;0;1;2;-22,79309326;-43,02479595;SPRF-RJ;DEL02-RJ;UOP02-DEL02-RJ;;;
659907;07/02/2025;sexta-feira;17:00:00;PR;476;95;BOCAIUVA DO SUL;Aus�ncia de rea��o do condutor;Colis�o com objeto;Sem V�timas;Plena Noite;Crescente;Chuva;Simples;"Curva;Declive";Sim;1;0;0;0;0;1;0;1;-25,225365;-49,115093;SPRF-PR;DEL01-PR;UOP01-DEL01-PR;;;
659908;07/02/2025;sexta-feira;19:20:00;RJ;40;102;DUQUE DE CAXIAS;Manobra de mudan�a de faixa;Colis�o lateral mesmo sentido;Sem V�timas;Plena Noite;Decrescente;C�u Claro;Dupla;Reta;Sim;2;0;0;0;2;0;0;2;-22,61089297;-43,28656077;SPRF-RJ;DEL01-RJ;UOP02-DEL01-RJ;;;
659909;07/02/2025;sexta-feira;18:20:00;MS;163;308;DOURADINA;Ingest�o de �lcool pelo condutor;Sa�da de leito carro��vel;Com V�timas Fatais;Pleno dia;Crescente;C�u Claro;Simples;"Ponte;Reta";N�o;3;1;2;0;0;0;2;1;-21,9108809;-54,5340003;SPRF-MS;DEL02-MS;UOP02-DEL02-MS;;;
659910;07/02/2025;sexta-feira;20:00:00;ES;259;57;COLATINA;Rea��o tardia ou ineficiente do condutor;Tombamento;Com V�timas Feridas;Plena Noite;Crescente;C�u Claro;Simples;Reta;N�o;1;0;1;0;0;0;1;1;-19,50865703;-40,65581416;SPRF-ES;DEL02-ES;UOP01-DEL02-ES;;;
659911;07/02/2025;sexta-feira;19:27:00;RJ;101;306;SAO GONCALO;Rea��o tardia ou ineficiente do condutor;Engavetamento;Com V�timas Feridas;Plena Noite;Decrescente;C�u Claro;Dupla;Reta;Sim;3;0;1;0;2;0;1;3;-22,78913759;-43,00550909;SPRF-RJ;DEL02-RJ;UOP02-DEL02-RJ;;;
659912;07/02/2025;sexta-feira;20:00:00;BA;101;183;SAO GONCALO DOS CAMPOS;Transitar na contram�o;Colis�o frontal;Com V�timas Feridas;Plena Noite;Crescente;C�u Claro;Simples;Reta;N�o;3;0;0;1;2;0;1;2;-12,44871;-38,924342;SPRF-BA;DEL01-BA;UOP03-DEL01-BA;;;
659913;07/02/2025;sexta-feira;21:00:00;PE;232;170,2;BELO JARDIM;Transitar no Acostamento;Colis�o frontal;Com V�timas Fatais;Plena Noite;Crescente;Nublado;Simples;Reta;N�o;2;1;0;0;0;1;0;2;-8,34074526;-36,34337092;SPRF-PE;DEL03-PE;UOP02-DEL03-PE;;;
659914;07/02/2025;sexta-feira;20:35:00;MG;116;515,6;UBAPORANGA;Transitar no Acostamento;Atropelamento de Pedestre;Com V�timas Feridas;Plena Noite;Crescente;C�u Claro;Simples;Reta;N�o;2;0;1;1;0;0;2;2;-19,68778501;-42,11758577;SPRF-MG;DEL06-MG;UOP02-DEL06-MG;;;
659915;07/02/2025;sexta-feira;21:48:00;SP;116;225;GUARULHOS;Acesso irregular;Colis�o com objeto;Com V�timas Feridas;Plena Noite;Decrescente;Nublado;M�ltipla;"Declive;Em Obras;Reta";Sim;1;0;1;0;0;0;1;1;-23,48586772;-46,54075317;SPRF-SP;DEL01-SP;UOP01-DEL01-SP;;;
659918;07/02/2025;sexta-feira;18:25:00;RJ;40;111;DUQUE DE CAXIAS;Manobra de mudan�a de faixa;Colis�o lateral mesmo sentido;Com V�timas Feridas;Anoitecer;Decrescente;C�u Claro;Dupla;Reta;Sim;3;0;1;0;1;1;1;2;-22,691868;-43,287453;SPRF-RJ;DEL01-RJ;UOP02-DEL01-RJ;;;
659919;07/02/2025;sexta-feira;18:30:00;MA;230;113;ESTREITO;Acessar a via sem observar a presen�a dos outros ve�culos;Colis�o transversal;Com V�timas Feridas;Anoitecer;Crescente;Nublado;Simples;Interse��o de Vias;N�o;6;0;0;1;5;0;1;2;-6,67867372;-47,45347023;SPRF-MA;DEL05-MA;UOP01-DEL05-MA;;;
659920;07/02/2025;sexta-feira;20:00:00;RJ;101;300;SAO GONCALO;Trafegar com motocicleta (ou similar) entre as faixas;Colis�o frontal;Com V�timas Feridas;Plena Noite;Decrescente;C�u Claro;Dupla;Reta;Sim;2;0;1;0;1;0;1;2;-22,77645713;-42,94783697;SPRF-RJ;DEL02-RJ;UOP02-DEL02-RJ;;;
659921;07/02/2025;sexta-feira;20:30:00;RS;392;323;SAO SEPE;Transitar na contram�o;Colis�o frontal;Com V�timas Fatais;Plena Noite;Decrescente;C�u Claro;Simples;Reta;N�o;2;1;0;0;1;0;0;2;-29,95914689;-53,69634281;SPRF-RS;DEL09-RS;UOP01-DEL09-RS;;;
659924;07/02/2025;sexta-feira;21:32:00;GO;40;23;LUZIANIA;Acessar a via sem observar a presen�a dos outros ve�culos;Colis�o transversal;Com V�timas Feridas;Plena Noite;Crescente;C�u Claro;Dupla;"Curva;Rotat�ria";Sim;3;0;2;0;1;0;2;2;-16,236391;-47,912182;SPRF-DF;DEL01-DF;UOP01-DEL01-DF;;;
659926;07/02/2025;sexta-feira;21:30:00;PR;158;533,2;PATO BRANCO;Acessar a via sem observar a presen�a dos outros ve�culos;Colis�o transversal;Com V�timas Feridas;Plena Noite;Crescente;Nublado;Simples;Interse��o de Vias;Sim;4;0;3;0;0;1;3;3;-26,21972809;-52,68262891;SPRF-PR;DEL02-PR;UOP01-DEL02-PR;;;
659927;07/02/2025;sexta-feira;22:00:00;RJ;101;504;ANGRA DOS REIS;Transitar no Acostamento;Colis�o frontal;Com V�timas Feridas;Plena Noite;Decrescente;C�u Claro;Simples;Reta;Sim;2;0;2;0;0;0;2;2;-22,93155828;-44,38812093;SPRF-RJ;DEL03-RJ;UOP03-DEL03-RJ;;;
659929;07/02/2025;sexta-feira;22:40:00;RS;290;122;ELDORADO DO SUL;Condutor Dormindo;Colis�o transversal;Com V�timas Feridas;Pleno dia;Decrescente;C�u Claro;Simples;Reta;N�o;3;0;0;1;0;2;1;3;-30,052313;-51,428188;SPRF-RS;DEL02-RS;UOP01-DEL02-RS;;;
659930;07/02/2025;sexta-feira;21:50:00;CE;116;28;AQUIRAZ;Condutor deixou de manter dist�ncia do ve�culo da frente;Colis�o traseira;Com V�timas Feridas;Plena Noite;Decrescente;C�u Claro;Dupla;Reta;N�o;3;0;0;2;1;0;2;2;-3,993072;-38,516277;SPRF-CE;DEL01-CE;UOP02-DEL01-CE;;;
659931;07/02/2025;sexta-feira;21:00:00;PE;424;60;CAETES;Condutor deixou de manter dist�ncia do ve�culo da frente;Colis�o traseira;Com V�timas Fatais;Plena Noite;Crescente;C�u Claro;Simples;Reta;N�o;2;1;0;0;0;1;0;2;-8,74187;-36,70164;SPRF-PE;DEL03-PE;UOP01-DEL03-PE;;;
659932;07/02/2025;sexta-feira;21:48:00;PR;116;26,4;CAMPINA GRANDE DO SUL;Chuva;Colis�o com objeto;Sem V�timas;Plena Noite;Decrescente;Chuva;Dupla;Curva;N�o;1;0;0;0;1;0;0;1;-25,10683694;-48,785333;SPRF-PR;DEL01-PR;UOP02-DEL01-PR;;;
659933;07/02/2025;sexta-feira;22:25:00;GO;40;11;LUZIANIA;Entrada inopinada do pedestre;Atropelamento de Pedestre;Com V�timas Fatais;Plena Noite;Decrescente;C�u Claro;Dupla;Reta;Sim;3;1;0;0;2;0;0;2;-16,13819118;-47,95137282;SPRF-DF;DEL01-DF;UOP01-DEL01-DF;;;
659935;07/02/2025;sexta-feira;22:40:00;SP;116;445;REGISTRO;Condutor desrespeitou a ilumina��o vermelha do sem�foro;Colis�o transversal;Com V�timas Feridas;Plena Noite;Decrescente;Garoa/Chuvisco;Simples;Interse��o de Vias;Sim;2;0;1;0;0;1;1;2;-24,49790715;-47,84208686;SPRF-SP;DEL05-SP;UOP01-DEL05-SP;;;
659936;07/02/2025;sexta-feira;22:30:00;PI;230;286;DOM EXPEDITO LOPES;Aus�ncia de rea��o do condutor;Sa�da de leito carro��vel;Sem V�timas;Plena Noite;Crescente;C�u Claro;Simples;"Aclive;Reta";N�o;1;0;0;0;1;0;0;1;-6,973315;-41,642033;SPRF-PI;DEL03-PI;UOP01-DEL03-PI;;;
659937;07/02/2025;sexta-feira;18:30:00;PE;232;529,9;TERRA NOVA;Rea��o tardia ou ineficiente do condutor;Colis�o lateral mesmo sentido;Sem V�timas;Anoitecer;Crescente;C�u Claro;Simples;Reta;N�o;3;0;0;0;3;0;0;2;-8,0741993;-39,30457709;SPRF-PE;DEL05-PE;UOP01-DEL05-PE;;;
659938;07/02/2025;sexta-feira;22:55:00;RO;364;199;PIMENTA BUENO;Acostamento em desn�vel;Tombamento;Com V�timas Feridas;Plena Noite;Crescente;C�u Claro;Simples;Reta;Sim;2;0;1;0;1;0;1;2;-11,655408;-61,192195;SPRF-RO;DEL02-RO;UOP02-DEL02-RO;;;
659939;07/02/2025;sexta-feira;22:45:00;SP;116;211;GUARULHOS;Ingest�o de �lcool pelo condutor;Colis�o com objeto;Com V�timas Feridas;Plena Noite;Decrescente;Nublado;M�ltipla;"Declive;Reta";Sim;1;0;1;0;0;0;1;1;-23,4324306;-46,4194352;SPRF-SP;DEL01-SP;UOP01-DEL01-SP;;;
659940;07/02/2025;sexta-feira;20:00:00;SC;280;180,8;MAFRA;Aus�ncia de rea��o do condutor;Colis�o com objeto;Com V�timas Feridas;Plena Noite;Crescente;C�u Claro;Simples;"Ponte;Reta";N�o;1;0;1;0;0;0;1;1;-26,17284811;-49,89312172;SPRF-SC;DEL06-SC;UOP01-DEL06-SC;;;
659942;08/02/2025;s�bado;00:10:00;SE;235;26;LARANJEIRAS;Ingest�o de �lcool pelo condutor;Colis�o traseira;Sem V�timas;Plena Noite;Decrescente;C�u Claro;Simples;Reta;N�o;3;0;0;0;2;1;0;3;-10,804052;-37,265457;SPRF-SE;DEL01-SE;UOP02-DEL01-SE;;;
659943;07/02/2025;sexta-feira;16:40:00;MS;262;72;TRES LAGOAS;Demais falhas mec�nicas ou el�tricas;Eventos at�picos;Sem V�timas;Anoitecer;Decrescente;Nublado;Simples;Reta;N�o;2;0;0;0;2;0;0;2;-20,67124244;-52,25159577;SPRF-MS;DEL07-MS;UOP02-DEL07-MS;;;
659945;08/02/2025;s�bado;00:10:00;GO;50;180;CAMPO ALEGRE DE GOIAS;Ingest�o de �lcool pelo condutor;Sa�da de leito carro��vel;Sem V�timas;Plena Noite;Decrescente;C�u Claro;Dupla;Reta;N�o;3;0;0;0;3;0;0;1;-17,4105;-47,787;SPRF-GO;DEL06-GO;UOP01-DEL06-GO;;;
659946;07/02/2025;sexta-feira;23:40:00;RR;174;487,4;BOA VISTA;Demais falhas mec�nicas ou el�tricas;Inc�ndio;Sem V�timas;Plena Noite;Decrescente;C�u Claro;Simples;Reta;N�o;1;0;0;0;1;0;0;1;2,725488;-60,798943;SPRF-RR;DEL01-RR;UOP01-DEL01-RR;;;
659947;08/02/2025;s�bado;00:50:00;RS;116;511,1;PELOTAS;Animais na Pista;Atropelamento de Animal;Com V�timas Feridas;Plena Noite;Decrescente;Nublado;Dupla;Reta;N�o;1;0;1;0;0;0;1;1;-31,62896074;-52,32311021;SPRF-RS;DEL07-RS;UOP01-DEL07-RS;;;
659950;08/02/2025;s�bado;02:20:00;SP;116;290;ITAPECERICA DA SERRA;Aus�ncia de rea��o do condutor;Sa�da de leito carro��vel;Sem V�timas;Plena Noite;Crescente;C�u Claro;Dupla;Reta;Sim;2;0;0;0;2;0;0;1;-23,7303281;-46,89425963;SPRF-SP;DEL04-SP;UOP01-DEL04-SP;;;
659951;08/02/2025;s�bado;02:00:00;RJ;101;388;RIO DE JANEIRO;Condutor Dormindo;Engavetamento;Com V�timas Feridas;Plena Noite;Decrescente;C�u Claro;Dupla;Reta;Sim;4;0;0;2;2;0;2;3;-22,88810094;-43,65827302;SPRF-RJ;DEL03-RJ;UOP01-DEL03-RJ;;;
659953;08/02/2025;s�bado;01:55:00;PR;376;248;APUCARANA;Manobra de mudan�a de faixa;Colis�o frontal;Com V�timas Feridas;Plena Noite;Crescente;C�u Claro;Simples;"Aclive;Curva";Sim;4;0;0;1;3;0;1;2;-23,62178992;-51,38837894;SPRF-PR;DEL07-PR;UOP03-DEL07-PR;;;
659954;08/02/2025;s�bado;01:45:00;PR;277;7;PARANAGUA;Chuva;Sa�da de leito carro��vel;Sem V�timas;Plena Noite;Decrescente;Chuva;Dupla;Reta;N�o;2;0;0;0;1;1;0;1;-25,568198;-48,615292;SPRF-PR;DEL01-PR;UOP05-DEL01-PR;;;
659957;08/02/2025;s�bado;03:25:00;SC;282;219,3;LAGES;Rea��o tardia ou ineficiente do condutor;Colis�o traseira;Com V�timas Feridas;Plena Noite;Crescente;C�u Claro;Simples;Reta;Sim;2;0;1;0;0;1;1;2;-27,795521;-50,323608;SPRF-SC;DEL05-SC;UOP01-DEL05-SC;;;
659959;23/01/2025;quinta-feira;18:15:00;PI;343;324,9;TERESINA;Acessar a via sem observar a presen�a dos outros ve�culos;Colis�o transversal;Com V�timas Feridas;Plena Noite;Crescente;Nublado;Simples;Reta;N�o;3;0;0;2;1;0;2;2;-5,061587;-42,60183;SPRF-PI;DEL01-PI;UOP01-DEL01-PI;;;
659960;08/02/2025;s�bado;04:55:00;RN;405;106;ITAU;Aus�ncia de rea��o do condutor;Tombamento;Com V�timas Feridas;Amanhecer;Decrescente;C�u Claro;Simples;Reta;N�o;1;0;0;1;0;0;1;1;-5,82204181;-37,96764704;SPRF-RN;DEL04-RN;UOP02-DEL04-RN;;;
659961;08/02/2025;s�bado;04:00:00;PR;376;591;CURITIBA;Pedestre andava na pista;Atropelamento de Pedestre;Com V�timas Fatais;Plena Noite;Decrescente;Garoa/Chuvisco;Dupla;"Reta;Aclive";Sim;5;1;0;1;2;1;1;3;-25,4351214;-49,3653042;SPRF-PR;DEL03-PR;UOP03-DEL03-PR;;;
659963;08/02/2025;s�bado;05:20:00;RS;153;407;CACHOEIRA DO SUL;Condutor Dormindo;Colis�o com objeto;Sem V�timas;Amanhecer;Decrescente;C�u Claro;Dupla;Reta;Sim;1;0;0;0;1;0;0;1;-30,02783225;-52,91622877;SPRF-RS;DEL02-RS;UOP03-DEL02-RS;;;
659964;08/02/2025;s�bado;05:30:00;PE;232;246,1;ARCOVERDE;Transitar no Acostamento;Atropelamento de Pedestre;Com V�timas Fatais;Amanhecer;Decrescente;C�u Claro;Simples;Reta;N�o;2;1;0;0;0;1;0;2;-8,42022198;-37,016598;SPRF-PE;DEL04-PE;UOP02-DEL04-PE;;;
659965;08/02/2025;s�bado;05:20:00;RJ;101;329;RIO DE JANEIRO;Demais falhas mec�nicas ou el�tricas;Queda de ocupante de ve�culo;Com V�timas Feridas;Amanhecer;Crescente;C�u Claro;Dupla;"Reta;Ponte";N�o;3;0;2;0;1;0;2;2;-22,86939305;-43,175642;SPRF-RJ;DEL02-RJ;UOP01-DEL02-RJ;;;
659966;15/01/2025;quarta-feira;18:00:00;MA;402;15;ROSARIO;Acumulo de areia ou detritos sobre o pavimento;Colis�o frontal;Com V�timas Feridas;Plena Noite;Decrescente;Nublado;Simples;Curva;N�o;7;0;1;3;3;0;4;2;-2,942322;-44,207882;SPRF-MA;DEL01-MA;UOP01-DEL01-MA;;;
659967;08/02/2025;s�bado;05:30:00;RS;116;234;ESTANCIA VELHA;Desrespeitar a prefer�ncia no cruzamento;Colis�o lateral sentido oposto;Sem V�timas;Amanhecer;Crescente;C�u Claro;Simples;"Reta;Interse��o de Vias";Sim;3;0;0;0;3;0;0;2;-29,65121313;-51,1444433;SPRF-RS;DEL01-RS;UOP02-DEL01-RS;;;
659968;08/02/2025;s�bado;05:00:00;PR;277;671;MEDIANEIRA;Rea��o tardia ou ineficiente do condutor;Colis�o com objeto;Sem V�timas;Plena Noite;Decrescente;Vento;Dupla;"Reta;Aclive";Sim;1;0;0;0;0;1;0;1;-25,28490106;-54,08744898;SPRF-PR;DEL05-PR;UOP02-DEL05-PR;;;
659969;08/02/2025;s�bado;02:20:00;AL;101;106,7;PILAR;Aus�ncia de rea��o do condutor;Sa�da de leito carro��vel;Sem V�timas;Amanhecer;Crescente;Nublado;Dupla;"Curva;Declive";N�o;1;0;0;0;0;1;0;1;-9,5860309;-35,99827999;SPRF-AL;DEL02-AL;UOP01-DEL02-AL;;;
659970;08/02/2025;s�bado;05:31:00;GO;364;311;MINEIROS;Condutor Dormindo;Sa�da de leito carro��vel;Com V�timas Feridas;Amanhecer;Crescente;Nublado;Simples;Curva;N�o;2;0;0;1;1;0;1;1;-17,482414;-52,561501;SPRF-GO;DEL05-GO;UOP01-DEL05-GO;;;
659975;08/02/2025;s�bado;03:50:00;MG;381;591;CARMOPOLIS DE MINAS;Ingest�o de �lcool pelo condutor;Colis�o lateral mesmo sentido;Sem V�timas;Plena Noite;Decrescente;C�u Claro;Dupla;Reta;N�o;2;0;0;0;0;2;0;2;-20,56679681;-44,67309615;SPRF-MG;DEL04-MG;UOP01-DEL04-MG;;;
659976;08/02/2025;s�bado;01:40:00;RN;226;134;CAMPO REDONDO;Velocidade Incompat�vel;Sa�da de leito carro��vel;Com V�timas Feridas;Plena Noite;Crescente;C�u Claro;Simples;"Curva;Declive";N�o;1;0;1;0;0;0;1;1;-6,21492834;-36,17570518;SPRF-RN;DEL03-RN;UOP02-DEL03-RN;;;
659978;08/02/2025;s�bado;05:59:00;GO;153;511;APARECIDA DE GOIANIA;Aus�ncia de rea��o do condutor;Queda de ocupante de ve�culo;Com V�timas Feridas;Amanhecer;Crescente;Nublado;Dupla;Reta;Sim;2;0;2;0;0;0;2;1;-16,79920025;-49,23874855;SPRF-GO;DEL01-GO;UOP03-DEL01-GO;;;
659981;08/02/2025;s�bado;07:05:00;PR;116;95;SAO JOSE DOS PINHAIS;Chuva;Colis�o com objeto;Com V�timas Feridas;Pleno dia;Crescente;Chuva;Dupla;Reta;N�o;2;0;1;0;1;0;1;1;-25,52476582;-49,13851264;SPRF-PR;DEL01-PR;UOP07-DEL01-PR;;;
659983;03/01/2025;sexta-feira;05:40:00;PA;222;97,4;RONDON DO PARA;Objeto est�tico sobre o leito carro��vel;Colis�o com objeto;Com V�timas Feridas;Amanhecer;Crescente;Chuva;Simples;"Reta;Declive";N�o;1;0;0;1;0;0;1;1;-4,731023;-48,019905;SPRF-PA;DEL02-PA;UOP02-DEL02-PA;;;
659984;08/02/2025;s�bado;07:10:00;RJ;101;138;CARAPEBUS;Acessar a via sem observar a presen�a dos outros ve�culos;Colis�o lateral mesmo sentido;Com V�timas Feridas;Pleno dia;Decrescente;C�u Claro;Dupla;Curva;N�o;3;0;1;0;1;1;1;2;-22,16283807;-41,74187091;SPRF-RJ;DEL08-RJ;UOP04-DEL08-RJ;;;
659986;08/02/2025;s�bado;07:40:00;MG;381;519;IGARAPE;Aus�ncia de rea��o do condutor;Colis�o com objeto;Com V�timas Feridas;Pleno dia;Crescente;C�u Claro;Dupla;Reta;N�o;3;0;2;0;1;0;2;2;-20,12834104;-44,30330781;SPRF-MG;DEL01-MG;UOP03-DEL01-MG;;;
659987;08/02/2025;s�bado;07:00:00;TO;10;453;PALMAS;Aus�ncia de rea��o do condutor;Queda de ocupante de ve�culo;Com V�timas Feridas;Pleno dia;Crescente;C�u Claro;Dupla;Reta;Sim;2;0;1;1;0;0;2;2;-10,32706836;-48,29767942;SPRF-TO;DEL01-TO;UOP03-DEL01-TO;;;
659988;08/02/2025;s�bado;08:10:00;ES;101;277,8;SERRA;Ultrapassagem Indevida;Colis�o lateral mesmo sentido;Com V�timas Feridas;Pleno dia;Crescente;Sol;Dupla;Reta;N�o;2;0;1;0;1;0;1;2;-20,21307738;-40,32125972;SPRF-ES;DEL02-ES;UOP01-DEL02-ES;;;
659989;08/02/2025;s�bado;08:00:00;SP;116;141;SAO JOSE DOS CAMPOS;Demais falhas mec�nicas ou el�tricas;Tombamento;Com V�timas Feridas;Pleno dia;Crescente;Sol;Dupla;Reta;Sim;2;0;2;0;0;0;2;1;-23,17004717;-45,82091491;SPRF-SP;DEL02-SP;UOP01-DEL02-SP;;;
659991;08/02/2025;s�bado;06:30:00;PR;277;108;CURITIBA;Aus�ncia de rea��o do condutor;Colis�o traseira;Com V�timas Feridas;Pleno dia;Crescente;C�u Claro;Dupla;"Reta;Declive";N�o;2;0;1;0;0;1;1;2;-25,429858;-49,377879;SPRF-PR;DEL03-PR;UOP03-DEL03-PR;;;
659992;08/02/2025;s�bado;06:20:00;PE;423;147,6;IATI;Condutor Dormindo;Capotamento;Com V�timas Fatais;Pleno dia;Crescente;C�u Claro;Simples;Reta;N�o;6;2;1;2;1;0;3;1;-9,01991576;-36,88242118;SPRF-PE;DEL03-PE;UOP01-DEL03-PE;;;
659993;08/02/2025;s�bado;07:50:00;MG;40;562,7;NOVA LIMA;Velocidade Incompat�vel;Sa�da de leito carro��vel;Com V�timas Feridas;Amanhecer;Decrescente;Sol;Dupla;Curva;N�o;1;0;1;0;0;0;1;1;-20,15241986;-43,96263156;SPRF-MG;DEL01-MG;UOP02-DEL01-MG;;;
659994;08/02/2025;s�bado;07:50:00;SP;116;145;SAO JOSE DOS CAMPOS;Aus�ncia de rea��o do condutor;Colis�o lateral mesmo sentido;Com V�timas Feridas;Pleno dia;Crescente;C�u Claro;M�ltipla;"Reta;Declive";N�o;2;0;1;0;1;0;1;2;-23,1869844;-45,8548078;SPRF-SP;DEL02-SP;UOP01-DEL02-SP;;;
659995;08/02/2025;s�bado;05:48:00;MA;135;3,7;SAO LUIS;Acessar a via sem observar a presen�a dos outros ve�culos;Colis�o transversal;Sem V�timas;Amanhecer;Decrescente;Chuva;Dupla;"Retorno Regulamentado;Reta";Sim;2;0;0;0;1;1;0;2;-2,606802;-44,247512;SPRF-MA;DEL01-MA;UOP01-DEL01-MA;;;
659996;08/02/2025;s�bado;06:20:00;CE;116;1;FORTALEZA;Entrada inopinada do pedestre;Atropelamento de Pedestre;Sem V�timas;Pleno dia;Decrescente;C�u Claro;Dupla;Reta;Sim;2;0;0;0;1;1;0;2;-3,76159894;-38,51900662;SPRF-CE;DEL01-CE;UOP02-DEL01-CE;;;
659999;08/02/2025;s�bado;05:50:00;PR;277;507,7;GUARANIACU;Rea��o tardia ou ineficiente do condutor;Sa�da de leito carro��vel;Com V�timas Feridas;Amanhecer;Decrescente;C�u Claro;Simples;Curva;N�o;1;0;1;0;0;0;1;1;-25,13179903;-52,73030199;SPRF-PR;DEL04-PR;UOP04-DEL04-PR;;;
660000;08/02/2025;s�bado;04:55:00;PR;163;252;TOLEDO;Aus�ncia de rea��o do condutor;Colis�o traseira;Sem V�timas;Plena Noite;Crescente;C�u Claro;Dupla;Reta;N�o;6;0;0;0;6;0;0;2;-24,6725322;-53,8004784;SPRF-PR;DEL06-PR;UOP02-DEL06-PR;;;
660001;08/02/2025;s�bado;04:15:00;PR;163;252;TOLEDO;Velocidade Incompat�vel;Sa�da de leito carro��vel;Sem V�timas;Plena Noite;Crescente;Nublado;Dupla;Reta;N�o;1;0;0;0;1;0;0;1;-24,6895249;-53,74927497;SPRF-PR;DEL06-PR;UOP02-DEL06-PR;;;
660002;08/02/2025;s�bado;07:45:00;RS;116;530,1;CAPAO DO LEAO;Desrespeitar a prefer�ncia no cruzamento;Colis�o transversal;Com V�timas Feridas;Pleno dia;Decrescente;Sol;Simples;"Reta;Interse��o de Vias";Sim;3;0;2;0;1;0;2;2;-31,76007331;-52,43813038;SPRF-RS;DEL07-RS;UOP01-DEL07-RS;;;
660003;08/02/2025;s�bado;07:50:00;DF;251;33;BRASILIA;Condutor Dormindo;Colis�o lateral sentido oposto;Com V�timas Feridas;Pleno dia;Crescente;C�u Claro;Simples;Reta;N�o;3;0;0;1;2;0;1;2;-15,937679;-47,748878;SPRF-DF;DEL01-DF;UOP01-DEL01-DF;;;
660005;08/02/2025;s�bado;05:54:00;RR;174;449,7;MUCAJAI;Ingest�o de �lcool pelo condutor;Atropelamento de Pedestre;Com V�timas Feridas;Amanhecer;Crescente;C�u Claro;Simples;Reta;Sim;6;0;3;0;1;2;3;4;2,449358;-60,918514;SPRF-RR;DEL01-RR;UOP01-DEL01-RR;;;
660006;08/02/2025;s�bado;06:47:00;RO;364;196,4;PIMENTA BUENO;Rea��o tardia ou ineficiente do condutor;Colis�o traseira;Com V�timas Feridas;Pleno dia;Decrescente;Nublado;Simples;Reta;Sim;2;0;1;1;0;0;2;2;-11,682725;-61,186087;SPRF-RO;DEL02-RO;UOP02-DEL02-RO;;;
660008;08/02/2025;s�bado;09:00:00;SC;101;205;SAO JOSE;Condutor deixou de manter dist�ncia do ve�culo da frente;Colis�o traseira;Com V�timas Feridas;Pleno dia;Crescente;C�u Claro;Dupla;"Curva;Aclive";N�o;2;0;1;0;0;1;1;2;-27,58313237;-48,61532885;SPRF-SC;DEL01-SC;UOP01-DEL01-SC;;;
660010;08/02/2025;s�bado;08:30:00;CE;116;7;FORTALEZA;Aus�ncia de rea��o do condutor;Colis�o traseira;Com V�timas Feridas;Pleno dia;Decrescente;C�u Claro;M�ltipla;Reta;Sim;2;0;1;1;0;0;2;2;-3,80991712;-38,50047112;SPRF-CE;DEL01-CE;UOP02-DEL01-CE;;;
660011;08/02/2025;s�bado;06:57:00;MT;364;377;SANTO ANTONIO DO LEVERGER;Rea��o tardia ou ineficiente do condutor;Sa�da de leito carro��vel;Com V�timas Feridas;Pleno dia;Decrescente;C�u Claro;Dupla;Reta;N�o;1;0;0;1;0;0;1;1;-15,70403329;-55,73709401;SPRF-MT;DEL01-MT;UOP02-DEL01-MT;;;
660012;08/02/2025;s�bado;08:50:00;PR;153;388;MALLET;Acessar a via sem observar a presen�a dos outros ve�culos;Colis�o transversal;Com V�timas Feridas;Pleno dia;Decrescente;Nublado;Simples;"Reta;Interse��o de Vias";Sim;2;0;1;0;1;0;1;2;-25,88039407;-50,83640099;SPRF-PR;DEL08-PR;UOP02-DEL08-PR;;;
660013;08/02/2025;s�bado;07:50:00;SP;116;149;SAO JOSE DOS CAMPOS;Demais falhas mec�nicas ou el�tricas;Colis�o traseira;Com V�timas Feridas;Pleno dia;Decrescente;C�u Claro;Dupla;Reta;N�o;2;0;1;0;1;0;1;2;-23,20700047;-45,88626861;SPRF-SP;DEL02-SP;UOP01-DEL02-SP;;;
660014;08/02/2025;s�bado;08:20:00;RJ;40;73,8;PETROPOLIS;Acessar a via sem observar a presen�a dos outros ve�culos;Colis�o transversal;Com V�timas Feridas;Pleno dia;Crescente;C�u Claro;Simples;"Aclive;Curva;Interse��o de Vias";Sim;2;0;1;0;1;0;1;2;-22,46352401;-43,22321103;SPRF-RJ;DEL01-RJ;UOP01-DEL01-RJ;;;
660015;08/02/2025;s�bado;09:30:00;ES;101;142,5;LINHARES;Acessar a via sem observar a presen�a dos outros ve�culos;Colis�o lateral mesmo sentido;Com V�timas Feridas;Pleno dia;Crescente;Sol;M�ltipla;"Retorno Regulamentado;Reta";Sim;3;0;2;0;1;0;2;2;-19,33458987;-40,06755477;SPRF-ES;DEL04-ES;UOP01-DEL04-ES;;;