id;data_inversa;dia_semana;horario;uf;br;km;municipio;causa_acidente;tipo_acidente;classificacao_acidente;fase_dia;sentido_via;condicao_metereologica;tipo_pista;tracado_via;uso_solo;pessoas;mortos;feridos_leves;feridos_graves;ilesos;ignorados;feridos;veiculos;latitude;longitude;regional;delegacia;uop;;;
660017;05/02/2025;quarta-feira;07:00:00;RJ;116;233;PIRAI;Aus�ncia de rea��o do condutor;Queda de ocupante de ve�culo;Com V�timas Feridas;Amanhecer;Decrescente;C�u Claro;Dupla;Curva;Sim;1;0;1;0;0;0;1;1;-22,66556123;-43,84039521;SPRF-RJ;DEL07-RJ;UOP01-DEL07-RJ;;;
660019;08/02/2025;s�bado;10:00:00;PR;277;11;PARANAGUA;Manobra de mudan�a de faixa;Colis�o lateral mesmo sentido;Com V�timas Feridas;Pleno dia;Decrescente;Nublado;Dupla;"Retorno Regulamentado;Reta";N�o;4;0;2;0;2;0;2;2;-25,568198;-48,615292;SPRF-PR;DEL01-PR;UOP05-DEL01-PR;;;
660020;08/02/2025;s�bado;09:00:00;MG;116;513;CARATINGA;Condutor deixou de manter dist�ncia do ve�culo da frente;Colis�o traseira;Com V�timas Feridas;Pleno dia;Crescente;C�u Claro;Simples;Reta;N�o;2;0;1;0;1;0;1;2;-19,66981698;-42,11727987;SPRF-MG;DEL06-MG;UOP02-DEL06-MG;;;
660021;08/02/2025;s�bado;10:09:00;SP;116;506;CAJATI;Rea��o tardia ou ineficiente do condutor;Sa�da de leito carro��vel;Com V�timas Feridas;Pleno dia;Crescente;Garoa/Chuvisco;Simples;"Curva;Declive";N�o;2;0;2;0;0;0;2;1;-24,79704815;-48,2145174;SPRF-SP;DEL05-SP;UOP02-DEL05-SP;;;
660023;08/02/2025;s�bado;09:00:00;PB;412;144;MONTEIRO;Acessar a via sem observar a presen�a dos outros ve�culos;Colis�o transversal;Com V�timas Feridas;Pleno dia;Crescente;C�u Claro;Simples;Reta;Sim;3;0;0;2;1;0;2;2;-7,891878;-37,111336;SPRF-PB;DEL02-PB;UOP02-DEL02-PB;;;
660025;08/02/2025;s�bado;10:00:00;ES;101;150,5;LINHARES;Condutor deixou de manter dist�ncia do ve�culo da frente;Tombamento;Com V�timas Feridas;Pleno dia;Decrescente;C�u Claro;Simples;Curva;Sim;2;0;1;0;1;0;1;1;-19,40436634;-40,06078896;SPRF-ES;DEL04-ES;UOP01-DEL04-ES;;;
660029;08/02/2025;s�bado;08:40:00;GO;158;226;JATAI;Objeto est�tico sobre o leito carro��vel;Colis�o com objeto;Com V�timas Feridas;Pleno dia;Crescente;C�u Claro;Simples;Curva;N�o;2;0;1;0;1;0;1;1;-17,53167501;-51,87811397;SPRF-GO;DEL05-GO;UOP01-DEL05-GO;;;
660030;08/02/2025;s�bado;09:50:00;SP;116;154;SAO JOSE DOS CAMPOS;Condutor deixou de manter dist�ncia do ve�culo da frente;Colis�o traseira;Com V�timas Feridas;Pleno dia;Decrescente;C�u Claro;Dupla;Reta;N�o;2;0;1;0;1;0;1;2;-23,23903999;-45,92061901;SPRF-SP;DEL02-SP;UOP01-DEL02-SP;;;
660031;08/02/2025;s�bado;11:00:00;SP;116;229,9;SAO PAULO;Aus�ncia de rea��o do condutor;Colis�o traseira;Com V�timas Feridas;Pleno dia;Crescente;C�u Claro;M�ltipla;Reta;N�o;3;0;1;1;1;0;2;2;-23,51291902;-46,57604698;SPRF-SP;DEL01-SP;UOP01-DEL01-SP;;;
660033;08/02/2025;s�bado;08:55:00;MG;251;316;SALINAS;Ingest�o de �lcool pelo condutor;Queda de ocupante de ve�culo;Com V�timas Feridas;Pleno dia;Decrescente;C�u Claro;Simples;Aclive;N�o;1;0;1;0;0;0;1;1;-16,18825966;-42,34045841;SPRF-MG;DEL12-MG;UOP02-DEL12-MG;;;
660034;08/02/2025;s�bado;11:00:00;MG;381;455,3;BELO HORIZONTE;Convers�o proibida;Colis�o traseira;Com V�timas Feridas;Pleno dia;Decrescente;C�u Claro;Simples;"Reta;Declive";Sim;3;0;0;2;1;0;2;2;-19,8397059;-43,8781929;SPRF-MG;DEL01-MG;UOP01-DEL01-MG;;;
660035;08/02/2025;s�bado;09:00:00;RJ;101;418;MANGARATIBA;Trafegar com motocicleta (ou similar) entre as faixas;Tombamento;Com V�timas Feridas;Pleno dia;Crescente;Sol;Simples;Aclive;N�o;2;0;1;0;1;0;1;1;-22,9178274;-43,90471593;SPRF-RJ;DEL03-RJ;UOP02-DEL03-RJ;;;
660037;08/02/2025;s�bado;11:20:00;PR;369;172;ROLANDIA;Rea��o tardia ou ineficiente do condutor;Colis�o lateral mesmo sentido;Com V�timas Feridas;Pleno dia;Crescente;C�u Claro;Simples;Reta;Sim;2;0;1;0;1;0;1;2;-23,3073925;-51,36648708;SPRF-PR;DEL07-PR;UOP01-DEL07-PR;;;
660039;08/02/2025;s�bado;08:00:00;SC;282;519;XAXIM;Manobra de mudan�a de faixa;Colis�o lateral mesmo sentido;Com V�timas Feridas;Pleno dia;Decrescente;C�u Claro;Simples;"Curva;Aclive";N�o;3;0;2;0;1;0;2;2;-26,947527;-52,517536;SPRF-SC;DEL07-SC;UOP01-DEL07-SC;;;
660041;08/02/2025;s�bado;09:42:00;AC;364;124;RIO BRANCO;Aus�ncia de rea��o do condutor;Colis�o transversal;Com V�timas Feridas;Pleno dia;Crescente;Sol;Dupla;Rotat�ria;Sim;3;0;2;0;1;0;2;2;-10,01145337;-67,79781103;SPRF-AC;DEL01-AC;UOP01-DEL01-AC;;;
660042;08/02/2025;s�bado;12:00:00;MG;50;120,9;UBERABA;Condutor Dormindo;Sa�da de leito carro��vel;Com V�timas Feridas;Pleno dia;Decrescente;C�u Claro;Dupla;Reta;N�o;2;0;2;0;0;0;2;1;-19,30808397;-48,11010894;SPRF-MG;DEL13-MG;UOP01-DEL13-MG;;;
660043;08/02/2025;s�bado;10:20:00;RS;386;26,8;FREDERICO WESTPHALEN;Velocidade Incompat�vel;Sa�da de leito carro��vel;Com V�timas Feridas;Pleno dia;Decrescente;C�u Claro;Simples;Curva;N�o;2;0;2;0;0;0;2;1;-27,300388;-53,363838;SPRF-RS;DEL08-RS;UOP02-DEL08-RS;;;
660045;08/02/2025;s�bado;12:25:00;PE;428;187;PETROLINA;Acessar a via sem observar a presen�a dos outros ve�culos;Colis�o transversal;Com V�timas Feridas;Pleno dia;Decrescente;C�u Claro;Dupla;Rotat�ria;N�o;3;0;1;0;2;0;1;2;-9,35604301;-40,47854198;SPRF-PE;DEL06-PE;UOP01-DEL06-PE;;;
660048;08/02/2025;s�bado;11:10:00;RJ;465;20;NOVA IGUACU;Trafegar com motocicleta (ou similar) entre as faixas;Colis�o frontal;Com V�timas Feridas;Pleno dia;Decrescente;C�u Claro;Simples;Reta;Sim;2;0;1;0;1;0;1;2;-22,846828;-43,605339;SPRF-RJ;DEL06-RJ;UOP02-DEL06-RJ;;;
660049;08/02/2025;s�bado;01:00:00;ES;259;40;COLATINA;Aus�ncia de rea��o do condutor;Sa�da de leito carro��vel;Com V�timas Feridas;Plena Noite;Crescente;C�u Claro;Simples;Reta;N�o;1;0;0;1;0;0;1;1;-19,55614791;-40,53865402;SPRF-ES;DEL02-ES;UOP01-DEL02-ES;;;
660050;08/02/2025;s�bado;12:20:00;PE;101;66;RECIFE;Manobra de mudan�a de faixa;Engavetamento;Sem V�timas;Pleno dia;Crescente;Sol;Dupla;Reta;Sim;3;0;0;0;3;0;0;3;-8,03368534;-34,94184125;SPRF-PE;DEL01-PE;UOP01-DEL01-PE;;;
660051;08/02/2025;s�bado;12:15:00;MG;40;506;RIBEIRAO DAS NEVES;Pedestre andava na pista;Atropelamento de Pedestre;Com V�timas Feridas;Pleno dia;Crescente;C�u Claro;Dupla;Reta;Sim;2;0;1;0;1;0;1;2;-19,74716686;-44,14731173;SPRF-MG;DEL02-MG;UOP01-DEL02-MG;;;
660054;08/02/2025;s�bado;11:05:00;RS;471;152,3;SANTA CRUZ DO SUL;Ingest�o de �lcool pelo condutor;Colis�o frontal;Com V�timas Feridas;Pleno dia;Crescente;C�u Claro;Simples;"Reta;Aclive";N�o;5;0;1;2;2;0;3;3;-29,834852;-52,397942;SPRF-RS;DEL02-RS;UOP03-DEL02-RS;;;
660055;08/02/2025;s�bado;12:53:00;PB;230;88,6;JOAO PESSOA;Aus�ncia de rea��o do condutor;Colis�o traseira;Com V�timas Feridas;Pleno dia;Decrescente;C�u Claro;Dupla;"Reta;Interse��o de Vias";Sim;3;0;1;1;1;0;2;2;-7,16800026;-34,89664793;SPRF-PB;DEL01-PB;UOP02-DEL01-PB;;;
660056;08/02/2025;s�bado;11:30:00;MS;262;356;CAMPO GRANDE;Acessar a via sem observar a presen�a dos outros ve�culos;Colis�o transversal;Com V�timas Feridas;Pleno dia;Crescente;Sol;Simples;Rotat�ria;Sim;5;0;0;1;4;0;1;2;-20,54633673;-54,68354166;SPRF-MS;DEL01-MS;UOP03-DEL01-MS;;;
660057;08/02/2025;s�bado;13:15:00;RJ;116;186;NOVA IGUACU;Trafegar com motocicleta (ou similar) entre as faixas;Colis�o traseira;Com V�timas Feridas;Pleno dia;Crescente;C�u Claro;Dupla;Reta;Sim;4;0;2;0;2;0;2;3;-22,73962339;-43,46276495;SPRF-RJ;DEL06-RJ;UOP01-DEL06-RJ;;;
660060;08/02/2025;s�bado;13:45:00;RJ;116;89;TERESOPOLIS;Velocidade Incompat�vel;Colis�o frontal;Com V�timas Feridas;Pleno dia;Crescente;C�u Claro;Simples;Curva;N�o;2;0;0;1;1;0;1;2;-22,45706098;-42,96221791;SPRF-RJ;DEL04-RJ;UOP01-DEL04-RJ;;;
660064;08/02/2025;s�bado;14:05:00;SC;101;194;BIGUACU;Rea��o tardia ou ineficiente do condutor;Engavetamento;Com V�timas Feridas;Pleno dia;Decrescente;C�u Claro;Dupla;Reta;Sim;7;0;5;0;2;0;5;4;-27,49815117;-48,65661236;SPRF-SC;DEL01-SC;UOP01-DEL01-SC;;;
660066;08/02/2025;s�bado;11:35:00;MG;116;525,9;CARATINGA;Acessar a via sem observar a presen�a dos outros ve�culos;Colis�o transversal;Com V�timas Feridas;Pleno dia;Crescente;C�u Claro;Simples;Reta;Sim;4;0;2;0;1;1;2;3;-19,76833785;-42,13105238;SPRF-MG;DEL06-MG;UOP02-DEL06-MG;;;
660067;08/02/2025;s�bado;12:40:00;RJ;493;92;SEROPEDICA;Avarias e/ou desgaste excessivo no pneu;Queda de ocupante de ve�culo;Com V�timas Feridas;Pleno dia;Decrescente;C�u Claro;Dupla;Reta;N�o;2;0;2;0;0;0;2;1;-22,68625119;-43,67546082;SPRF-RJ;DEL01-RJ;UOP03-DEL01-RJ;;;
660068;19/01/2025;domingo;06:30:00;CE;116;241,3;ALTO SANTO;Condutor Dormindo;Sa�da de leito carro��vel;Com V�timas Feridas;Pleno dia;Decrescente;C�u Claro;Simples;Reta;N�o;1;0;1;0;0;0;1;1;-5,44591703;-38,33605498;SPRF-CE;DEL03-CE;UOP01-DEL03-CE;;;
660069;08/02/2025;s�bado;14:00:00;DF;80;14;BRASILIA;Avarias e/ou desgaste excessivo no pneu;Sa�da de leito carro��vel;Sem V�timas;Pleno dia;Crescente;C�u Claro;Simples;Reta;N�o;2;0;0;0;2;0;0;1;-15,719034;-48,196686;SPRF-DF;DEL03-DF;UOP02-DEL03-DF;;;
660071;08/02/2025;s�bado;14:00:00;PR;163;352;GUAIRA;Condutor deixou de manter dist�ncia do ve�culo da frente;Colis�o traseira;Sem V�timas;Pleno dia;Decrescente;Nublado;Simples;"Ponte;Reta";N�o;5;0;0;0;5;0;0;2;-24,21375699;-54,19958751;SPRF-PR;DEL06-PR;UOP01-DEL06-PR;;;
660072;08/02/2025;s�bado;14:10:00;PR;376;202,6;MANDAGUARI;Condutor usando celular;Colis�o com objeto;Com V�timas Feridas;Pleno dia;Decrescente;C�u Claro;Dupla;Reta;N�o;1;0;1;0;0;0;1;1;-23,512075;-51,71729;SPRF-PR;DEL09-PR;UOP01-DEL09-PR;;;
660073;08/02/2025;s�bado;14:30:00;SC;282;1,8;FLORIANOPOLIS;Rea��o tardia ou ineficiente do condutor;Colis�o traseira;Com V�timas Feridas;Pleno dia;Decrescente;Sol;Dupla;Reta;Sim;3;0;2;0;1;0;2;2;-27,602955;-48,580509;SPRF-SC;DEL01-SC;UOP01-DEL01-SC;;;
660074;08/02/2025;s�bado;15:00:00;GO;20;221,8;POSSE;Acessar a via sem observar a presen�a dos outros ve�culos;Colis�o transversal;Com V�timas Feridas;Pleno dia;Decrescente;Sol;Simples;Reta;N�o;3;0;3;0;0;0;3;2;-14,197667;-46,332184;SPRF-DF;DEL02-DF;UOP03-DEL02-DF;;;
660075;08/02/2025;s�bado;14:45:00;BA;101;745;ITABELA;Desrespeitar a prefer�ncia no cruzamento;Colis�o lateral sentido oposto;Com V�timas Feridas;Pleno dia;Crescente;C�u Claro;Simples;"Reta;Interse��o de Vias";Sim;4;0;1;0;3;0;1;2;-16,57176017;-39,5591757;SPRF-BA;DEL09-BA;UOP01-DEL09-BA;;;
660076;08/02/2025;s�bado;09:15:00;RS;290;382,9;SANTA MARGARIDA DO SUL;Aus�ncia de rea��o do condutor;Sa�da de leito carro��vel;Com V�timas Feridas;Pleno dia;Decrescente;C�u Claro;Simples;Curva;N�o;2;0;1;0;1;0;1;1;-30,345226;-53,972523;SPRF-RS;DEL09-RS;UOP02-DEL09-RS;;;
660079;08/02/2025;s�bado;15:20:00;MG;459;14,8;CALDAS;Rea��o tardia ou ineficiente do condutor;Colis�o lateral mesmo sentido;Com V�timas Feridas;Pleno dia;Crescente;C�u Claro;Simples;"Reta;Declive";Sim;3;0;0;1;1;1;1;3;-21,827617;-46,450375;SPRF-MG;DEL09-MG;UOP01-DEL09-MG;;;
660080;08/02/2025;s�bado;15:40:00;MG;50;55;ARAGUARI;Chuva;Sa�da de leito carro��vel;Com V�timas Feridas;Pleno dia;Crescente;Chuva;Dupla;Curva;N�o;1;0;1;0;0;0;1;1;-18,77290538;-48,24124319;SPRF-MG;DEL15-MG;UOP02-DEL15-MG;;;
660081;08/02/2025;s�bado;14:00:00;AL;316;86;SANTANA DO IPANEMA;Acessar a via sem observar a presen�a dos outros ve�culos;Colis�o transversal;Com V�timas Feridas;Pleno dia;Crescente;Sol;Simples;"Reta;Interse��o de Vias";Sim;2;0;0;1;1;0;1;2;-9,37323821;-37,23532807;SPRF-AL;DEL03-AL;UOP02-DEL03-AL;;;
660082;08/02/2025;s�bado;11:00:00;RJ;101;284;ITABORAI;Ultrapassagem Indevida;Colis�o lateral mesmo sentido;Com V�timas Feridas;Pleno dia;Decrescente;C�u Claro;Dupla;Reta;Sim;2;0;0;1;1;0;1;2;-22,74822315;-42,81399965;SPRF-RJ;DEL02-RJ;UOP02-DEL02-RJ;;;
660083;08/02/2025;s�bado;15:50:00;ES;262;0,9;CARIACICA;Rea��o tardia ou ineficiente do condutor;Colis�o traseira;Com V�timas Feridas;Pleno dia;Crescente;Sol;Dupla;"Ponte;Reta";Sim;2;0;1;1;0;0;2;2;-20,320793;-40,353315;SPRF-ES;DEL01-ES;UOP01-DEL01-ES;;;
660084;08/02/2025;s�bado;15:31:00;PB;101;117,8;PEDRAS DE FOGO;Ingest�o de �lcool pelo condutor;Sa�da de leito carro��vel;Sem V�timas;Pleno dia;Crescente;C�u Claro;Dupla;Reta;N�o;1;0;0;0;1;0;0;1;-7,41357983;-34,95743528;SPRF-PB;DEL01-PB;UOP01-DEL01-PB;;;
660086;08/02/2025;s�bado;16:00:00;SC;101;423,5;ARARANGUA;Aus�ncia de rea��o do condutor;Tombamento;Com V�timas Feridas;Pleno dia;Crescente;C�u Claro;M�ltipla;"Aclive;Reta;Viaduto";N�o;1;0;1;0;0;0;1;1;-29,01601155;-49,58269226;SPRF-SC;DEL02-SC;UOP02-DEL02-SC;;;
660087;08/02/2025;s�bado;16:20:00;GO;414;434,1;ANAPOLIS;Velocidade Incompat�vel;Tombamento;Com V�timas Feridas;Pleno dia;Decrescente;C�u Claro;Dupla;Reta;Sim;3;0;1;0;2;0;1;2;-16,285816;-48,946599;SPRF-GO;DEL02-GO;UOP01-DEL02-GO;;;
660089;08/02/2025;s�bado;12:15:00;RN;304;24;MOSSORO;Aus�ncia de rea��o do condutor;Sa�da de leito carro��vel;Sem V�timas;Pleno dia;Crescente;C�u Claro;Simples;Rotat�ria;N�o;1;0;0;0;1;0;0;1;-5,06488233;-37,33287055;SPRF-RN;DEL04-RN;UOP02-DEL04-RN;;;
660091;08/02/2025;s�bado;13:57:00;RS;116;453,5;SAO LOURENCO DO SUL;Aus�ncia de rea��o do condutor;Sa�da de leito carro��vel;Com V�timas Feridas;Pleno dia;Crescente;C�u Claro;Dupla;Retorno Regulamentado;N�o;1;0;1;0;0;0;1;1;-31,22115587;-52,01062788;SPRF-RS;DEL02-RS;UOP02-DEL02-RS;;;
660093;08/02/2025;s�bado;17:00:00;MG;40;511;RIBEIRAO DAS NEVES;Condutor deixou de manter dist�ncia do ve�culo da frente;Colis�o traseira;Com V�timas Feridas;Pleno dia;Decrescente;C�u Claro;Dupla;"Reta;Declive";Sim;2;0;1;0;0;1;1;2;-19,78164295;-44,11733194;SPRF-MG;DEL01-MG;UOP02-DEL01-MG;;;
660094;08/02/2025;s�bado;16:00:00;RJ;493;17;GUAPIMIRIM;Aus�ncia de rea��o do condutor;Colis�o traseira;Com V�timas Feridas;Pleno dia;Crescente;C�u Claro;Simples;Reta;Sim;2;0;1;0;1;0;1;2;-22,66791406;-43,00902598;SPRF-RJ;DEL04-RJ;UOP02-DEL04-RJ;;;
660096;08/02/2025;s�bado;17:00:00;GO;364;173;JATAI;Ingest�o de �lcool pelo condutor;Sa�da de leito carro��vel;Com V�timas Feridas;Pleno dia;Decrescente;C�u Claro;Simples;"Rotat�ria;Interse��o de Vias";N�o;1;0;1;0;0;0;1;1;-18,008829;-51,563248;SPRF-GO;DEL05-GO;UOP01-DEL05-GO;;;
660098;08/02/2025;s�bado;18:00:00;SC;101;87,5;BARRA VELHA;Aus�ncia de rea��o do condutor;Colis�o com objeto;Com V�timas Feridas;Pleno dia;Crescente;Nublado;M�ltipla;Reta;Sim;1;0;0;1;0;0;1;1;-26,63713377;-48,69651057;SPRF-SC;DEL03-SC;UOP02-DEL03-SC;;;
660100;08/02/2025;s�bado;17:40:00;GO;153;436,7;ANAPOLIS;Rea��o tardia ou ineficiente do condutor;Colis�o traseira;Sem V�timas;Pleno dia;Crescente;C�u Claro;Dupla;Reta;Sim;3;0;0;0;3;0;0;2;-16,299656;-48,927599;SPRF-GO;DEL02-GO;UOP01-DEL02-GO;;;
660101;08/02/2025;s�bado;17:20:00;MG;365;10,6;MONTES CLAROS;Velocidade Incompat�vel;Queda de ocupante de ve�culo;Com V�timas Feridas;Anoitecer;Decrescente;Nublado;Simples;"Reta;Declive";N�o;1;0;0;1;0;0;1;1;-16,83478113;-43,95261496;SPRF-MG;DEL12-MG;UOP01-DEL12-MG;;;
660103;08/02/2025;s�bado;17:45:00;SP;116;218,5;GUARULHOS;Demais Fen�menos da natureza;Eventos at�picos;Com V�timas Feridas;Pleno dia;Decrescente;C�u Claro;M�ltipla;"Em Obras;Reta;Interse��o de Vias";Sim;1;0;1;0;0;0;1;1;-23,457972;-46,479927;SPRF-SP;DEL01-SP;UOP01-DEL01-SP;;;
660106;08/02/2025;s�bado;15:10:00;MT;174;19;PONTES E LACERDA;Frear bruscamente;Capotamento;Com V�timas Feridas;Pleno dia;Decrescente;Garoa/Chuvisco;Simples;Reta;N�o;1;0;1;0;0;0;1;1;-15,226537;-59,335728;SPRF-MT;DEL04-MT;UOP01-DEL04-MT;;;
660107;08/02/2025;s�bado;18:45:00;DF;70;3;BRASILIA;Manobra de mudan�a de faixa;Colis�o lateral mesmo sentido;Com V�timas Feridas;Anoitecer;Crescente;Chuva;Dupla;Reta;Sim;2;0;1;0;1;0;1;2;-15,802453;-48,080387;SPRF-DF;DEL03-DF;UOP02-DEL03-DF;;;
660108;08/02/2025;s�bado;18:30:00;MG;381;498,5;BETIM;Condutor deixou de manter dist�ncia do ve�culo da frente;Colis�o traseira;Com V�timas Feridas;Plena Noite;Decrescente;C�u Claro;Dupla;Curva;Sim;3;0;1;0;2;0;1;2;-20,01172662;-44,21976041;SPRF-MG;DEL01-MG;UOP03-DEL01-MG;;;
660110;08/02/2025;s�bado;18:34:00;PB;101;88;JOAO PESSOA;Rea��o tardia ou ineficiente do condutor;Queda de ocupante de ve�culo;Com V�timas Feridas;Plena Noite;Decrescente;C�u Claro;Dupla;Aclive;Sim;1;0;1;0;0;0;1;1;-7,16470016;-34,89993643;SPRF-PB;DEL01-PB;UOP01-DEL01-PB;;;
660112;08/02/2025;s�bado;18:15:00;MA;135;1,8;SAO LUIS;Condutor deixou de manter dist�ncia do ve�culo da frente;Colis�o traseira;Sem V�timas;Plena Noite;Crescente;Garoa/Chuvisco;Dupla;Reta;N�o;2;0;0;0;2;0;0;2;-2,58917895;-44,24423719;SPRF-MA;DEL01-MA;UOP01-DEL01-MA;;;
660113;19/01/2025;domingo;14:43:00;MT;364;262;JUSCIMEIRA;Transitar na contram�o;Colis�o transversal;Com V�timas Feridas;Pleno dia;Decrescente;C�u Claro;Dupla;"Reta;Retorno Regulamentado";N�o;3;0;0;2;1;0;2;2;-16,023325;-54,899853;SPRF-MT;DEL02-MT;UOP01-DEL02-MT;;;
660114;08/02/2025;s�bado;18:40:00;PR;469;17,5;FOZ DO IGUACU;Condutor deixou de manter dist�ncia do ve�culo da frente;Colis�o transversal;Com V�timas Feridas;Anoitecer;Decrescente;Nublado;Simples;"Em Obras;Reta";Sim;2;0;1;0;1;0;1;2;-25,5906;-54,5172;SPRF-PR;DEL05-PR;UOP04-DEL05-PR;;;
660117;08/02/2025;s�bado;19:05:00;PR;476;157;ARAUCARIA;Rea��o tardia ou ineficiente do condutor;Colis�o traseira;Com V�timas Feridas;Pleno dia;Decrescente;Nublado;Simples;Reta;Sim;2;0;1;0;1;0;1;2;-25,60639;-49,421112;SPRF-PR;DEL01-PR;UOP06-DEL01-PR;;;
660118;08/02/2025;s�bado;19:15:00;SC;101;203;SAO JOSE;Rea��o tardia ou ineficiente do condutor;Queda de ocupante de ve�culo;Com V�timas Feridas;Plena Noite;Decrescente;C�u Claro;Dupla;Curva;N�o;1;0;1;0;0;0;1;1;-27,5650044;-48,61460082;SPRF-SC;DEL01-SC;UOP01-DEL01-SC;;;
660119;08/02/2025;s�bado;19:10:00;ES;101;68;SAO MATEUS;Ingest�o de �lcool pelo condutor;Colis�o traseira;Com V�timas Feridas;Plena Noite;Decrescente;C�u Claro;Simples;"Reta;Declive";Sim;2;0;1;0;1;0;1;2;-18,726597;-39,85975;SPRF-ES;DEL04-ES;UOP02-DEL04-ES;;;
660120;08/02/2025;s�bado;17:40:00;SC;101;226,9;PALHOCA;Participar de racha;Colis�o com objeto;Com V�timas Feridas;Pleno dia;Crescente;C�u Claro;Dupla;Reta;N�o;4;0;1;3;0;0;4;3;-27,74200001;-48,63806504;SPRF-SC;DEL01-SC;UOP02-DEL01-SC;;;
660121;08/02/2025;s�bado;19:50:00;TO;153;150;ARAGUAINA;Rea��o tardia ou ineficiente do condutor;Colis�o traseira;Sem V�timas;Plena Noite;Crescente;Garoa/Chuvisco;M�ltipla;Rotat�ria;Sim;2;0;0;0;2;0;0;2;-7,24812605;-48,25533885;SPRF-TO;DEL02-TO;UOP01-DEL02-TO;;;
660122;08/02/2025;s�bado;19:00:00;SP;101;52;UBATUBA;Ultrapassagem Indevida;Colis�o lateral mesmo sentido;Com V�timas Feridas;Plena Noite;Crescente;C�u Claro;Simples;Reta;Sim;2;0;1;0;1;0;1;2;-23,4623355;-45,06476561;SPRF-SP;DEL06-SP;UOP01-DEL06-SP;;;
660123;08/02/2025;s�bado;19:15:00;PB;230;152;CAMPINA GRANDE;Animais na Pista;Atropelamento de Animal;Com V�timas Feridas;Plena Noite;Crescente;Nublado;Simples;Reta;N�o;1;0;1;0;0;0;1;1;-7,2688;-35,8837;SPRF-PB;DEL02-PB;UOP01-DEL02-PB;;;
660124;08/02/2025;s�bado;20:00:00;GO;40;1;VALPARAISO DE GOIAS;Ingest�o de �lcool pelo condutor;Colis�o traseira;Sem V�timas;Plena Noite;Crescente;C�u Claro;Dupla;Reta;Sim;2;0;0;0;2;0;0;2;-16,058245;-47,982825;SPRF-DF;DEL01-DF;UOP01-DEL01-DF;;;
660125;08/02/2025;s�bado;19:00:00;SP;116;528;BARRA DO TURVO;Avarias e/ou desgaste excessivo no pneu;Sa�da de leito carro��vel;Sem V�timas;Anoitecer;Decrescente;Garoa/Chuvisco;Dupla;Reta;N�o;1;0;0;0;1;0;0;1;-24,93621048;-48,29215184;SPRF-SP;DEL05-SP;UOP02-DEL05-SP;;;
660126;08/02/2025;s�bado;18:30:00;PR;153;328,9;PAULA FREITAS;Demais falhas na via;Queda de ocupante de ve�culo;Com V�timas Feridas;Pleno dia;Crescente;Sol;Simples;Reta;N�o;2;0;2;0;0;0;2;1;-26,11351973;-50,81451416;SPRF-PR;DEL08-PR;UOP02-DEL08-PR;;;
660127;08/02/2025;s�bado;19:40:00;PA;230;110;MARABA;Aus�ncia de rea��o do condutor;Colis�o transversal;Sem V�timas;Plena Noite;Crescente;Garoa/Chuvisco;Simples;Reta;Sim;2;0;0;0;1;1;0;2;-5,37342727;-49,03126806;SPRF-PA;DEL03-PA;UOP01-DEL03-PA;;;
660128;08/02/2025;s�bado;18:40:00;RJ;40;25,8;TRES RIOS;Demais falhas mec�nicas ou el�tricas;Inc�ndio;Sem V�timas;Plena Noite;Crescente;Ignorado;Dupla;Reta;N�o;1;0;0;0;0;1;0;1;-22,14680002;-43,15810757;SPRF-RJ;DEL05-RJ;UOP02-DEL05-RJ;;;
660129;08/02/2025;s�bado;20:30:00;TO;242;378;GURUPI;Ilumina��o deficiente;Colis�o lateral mesmo sentido;Com V�timas Feridas;Plena Noite;Crescente;C�u Claro;Simples;Reta;Sim;2;0;2;0;0;0;2;2;-11,73417488;-49,04745001;SPRF-TO;DEL01-TO;UOP02-DEL01-TO;;;
660130;08/02/2025;s�bado;19:50:00;RS;158;329;SANTA MARIA;Rea��o tardia ou ineficiente do condutor;Colis�o com objeto;Com V�timas Feridas;Plena Noite;Crescente;C�u Claro;Dupla;"Aclive;Reta;Viaduto";Sim;1;0;0;1;0;0;1;1;-29,70069989;-53,84020686;SPRF-RS;DEL09-RS;UOP01-DEL09-RS;;;
660131;08/02/2025;s�bado;17:50:00;BA;324;574,5;SAO SEBASTIAO DO PASSE;Rea��o tardia ou ineficiente do condutor;Colis�o traseira;Com V�timas Feridas;Anoitecer;Crescente;C�u Claro;Dupla;Reta;N�o;2;0;1;0;1;0;1;2;-12,56758892;-38,55238794;SPRF-BA;DEL01-BA;UOP01-DEL01-BA;;;
660132;08/02/2025;s�bado;01:20:00;BA;101;311;PRESIDENTE TANCREDO NEVES;Condutor Dormindo;Sa�da de leito carro��vel;Com V�timas Fatais;Plena Noite;Crescente;Garoa/Chuvisco;Simples;Curva;N�o;1;1;0;0;0;0;0;1;-13,44561083;-39,42167573;SPRF-BA;DEL05-BA;UOP03-DEL05-BA;;;
660133;08/02/2025;s�bado;17:40:00;SC;101;333,7;TUBARAO;Ingest�o de �lcool pelo condutor;Tombamento;Com V�timas Feridas;Pleno dia;Crescente;C�u Claro;Dupla;Rotat�ria;Sim;1;0;1;0;0;0;1;1;-28,46933264;-49,01530981;SPRF-SC;DEL02-SC;UOP01-DEL02-SC;;;
660134;08/02/2025;s�bado;19:20:00;SC;101;313;LAGUNA;Ingest�o de �lcool pelo condutor;Colis�o traseira;Com V�timas Feridas;Plena Noite;Crescente;C�u Claro;Dupla;"Reta;Ponte";N�o;7;0;5;0;2;0;5;2;-28,43905343;-48,82987261;SPRF-SC;DEL02-SC;UOP01-DEL02-SC;;;