id;data_inversa;dia_semana;horario;uf;br;km;municipio;causa_acidente;tipo_acidente;classificacao_acidente;fase_dia;sentido_via;condicao_metereologica;tipo_pista;tracado_via;uso_solo;pessoas;mortos;feridos_leves;feridos_graves;ilesos;ignorados;feridos;veiculos;latitude;longitude;regional;delegacia;uop;;;
660135;08/02/2025;s�bado;20:00:00;PR;163;183,5;LINDOESTE;Aus�ncia de rea��o do condutor;Sa�da de leito carro��vel;Com V�timas Feridas;Plena Noite;Crescente;Nublado;Dupla;Curva;N�o;3;0;1;0;2;0;1;1;-25,126448;-53,58785605;SPRF-PR;DEL05-PR;UOP05-DEL05-PR;;;
660136;08/02/2025;s�bado;19:40:00;PI;316;305;PICOS;Animais na Pista;Atropelamento de Animal;Com V�timas Feridas;Plena Noite;Decrescente;C�u Claro;Simples;"Aclive;Reta";N�o;1;0;1;0;0;0;1;1;-7,06858767;-41,50981752;SPRF-PI;DEL04-PI;UOP01-DEL04-PI;;;
660137;08/02/2025;s�bado;20:00:00;SC;101;5,6;SAO JOSE;Rea��o tardia ou ineficiente do condutor;Colis�o com objeto;Com V�timas Fatais;Plena Noite;Crescente;C�u Claro;Dupla;Curva;N�o;6;1;0;1;4;0;1;2;-27,58498068;-48,6177206;SPRF-SC;DEL03-SC;UOP01-DEL03-SC;;;
660138;08/02/2025;s�bado;18:00:00;MT;163;1037;MATUPA;Condutor deixou de manter dist�ncia do ve�culo da frente;Colis�o traseira;Sem V�timas;Anoitecer;Crescente;C�u Claro;Simples;Reta;N�o;2;0;0;0;1;1;0;2;-10,19356548;-54,95164286;SPRF-MT;DEL06-MT;UOP03-DEL06-MT;;;
660139;08/02/2025;s�bado;21:10:00;RS;290;107;ELDORADO DO SUL;Rea��o tardia ou ineficiente do condutor;Colis�o transversal;Com V�timas Feridas;Plena Noite;Crescente;Ignorado;Simples;Rotat�ria;Sim;2;0;1;0;1;0;1;2;-30,001852;-51,304264;SPRF-RS;DEL02-RS;UOP01-DEL02-RS;;;
660140;08/02/2025;s�bado;19:00:00;MA;316;429,7;PERITORO;Transitar na contram�o;Colis�o lateral mesmo sentido;Com V�timas Feridas;Plena Noite;Crescente;Nublado;Simples;Reta;N�o;3;0;0;1;0;2;1;3;-4,384668;-44,297157;SPRF-MA;DEL03-MA;UOP01-DEL03-MA;;;
660141;08/02/2025;s�bado;17:00:00;CE;230;113;FARIAS BRITO;Rea��o tardia ou ineficiente do condutor;Sa�da de leito carro��vel;Com V�timas Feridas;Anoitecer;Decrescente;Ignorado;Simples;"Declive;Reta";N�o;1;0;0;1;0;0;1;1;-6,91219752;-39,56039429;SPRF-CE;DEL05-CE;UOP01-DEL05-CE;;;
660144;08/02/2025;s�bado;20:20:00;RS;116;206,6;PICADA CAFE;Transitar na contram�o;Colis�o lateral sentido oposto;Com V�timas Feridas;Plena Noite;Crescente;C�u Claro;Simples;Reta;N�o;2;0;1;0;1;0;1;2;-29,49966726;-51,1306017;SPRF-RS;DEL05-RS;UOP02-DEL05-RS;;;
660145;08/02/2025;s�bado;18:40:00;MS;163;14;MUNDO NOVO;Aus�ncia de rea��o do condutor;Sa�da de leito carro��vel;Com V�timas Feridas;Plena Noite;Crescente;Nublado;Simples;Interse��o de Vias;N�o;1;0;1;0;0;0;1;1;-23,95046914;-54,31400299;SPRF-MS;DEL09-MS;UOP02-DEL09-MS;;;
660147;08/02/2025;s�bado;21:00:00;RJ;40;85;PETROPOLIS;Demais falhas na via;Queda de ocupante de ve�culo;Com V�timas Feridas;Plena Noite;Decrescente;C�u Claro;Simples;Curva;N�o;2;0;1;0;1;0;1;1;-22,52850694;-43,2349802;SPRF-RJ;DEL01-RJ;UOP01-DEL01-RJ;;;
660148;08/02/2025;s�bado;18:30:00;AC;317;296;BRASILEIA;Ingest�o de �lcool pelo condutor;Colis�o traseira;Sem V�timas;Plena Noite;Crescente;Nublado;Simples;"Aclive;Reta";Sim;4;0;0;0;3;1;0;3;-10,99196042;-68,75827789;SPRF-AC;DEL01-AC;UOP02-DEL01-AC;;;
660150;08/02/2025;s�bado;17:50:00;SC;101;164;PORTO BELO;Trafegar com motocicleta (ou similar) entre as faixas;Colis�o lateral mesmo sentido;Com V�timas Feridas;Pleno dia;Decrescente;C�u Claro;Dupla;"Viaduto;Reta";Sim;3;0;0;1;2;0;1;2;-27,243868;-48,6309;SPRF-SC;DEL04-SC;UOP03-DEL04-SC;;;
660151;08/02/2025;s�bado;21:00:00;RS;153;407,5;CACHOEIRA DO SUL;Participar de racha;Atropelamento de Pedestre;Com V�timas Feridas;Plena Noite;Crescente;C�u Claro;Dupla;Reta;Sim;4;0;1;3;0;0;4;2;-30,06371388;-52,89421396;SPRF-RS;DEL02-RS;UOP03-DEL02-RS;;;
660152;08/02/2025;s�bado;21:40:00;CE;116;12;FORTALEZA;Aus�ncia de rea��o do condutor;Colis�o com objeto;Sem V�timas;Plena Noite;Decrescente;C�u Claro;Dupla;Curva;N�o;1;0;0;0;0;1;0;1;-3,852077;-38,495525;SPRF-CE;DEL01-CE;UOP02-DEL01-CE;;;
660153;08/02/2025;s�bado;18:15:00;MG;40;452,5;CAETANOPOLIS;Rea��o tardia ou ineficiente do condutor;Sa�da de leito carro��vel;Com V�timas Feridas;Anoitecer;Crescente;C�u Claro;Dupla;"Reta;Declive";Sim;1;0;1;0;0;0;1;1;-19,33648887;-44,35964238;SPRF-MG;DEL02-MG;UOP01-DEL02-MG;;;
660155;08/02/2025;s�bado;21:40:00;RJ;101;410;ITAGUAI;Aus�ncia de rea��o do condutor;Colis�o traseira;Com V�timas Feridas;Plena Noite;Decrescente;C�u Claro;Dupla;Reta;N�o;2;0;0;1;0;1;1;2;-22,88990471;-43,84007225;SPRF-RJ;DEL03-RJ;UOP01-DEL03-RJ;;;
660157;08/02/2025;s�bado;20:50:00;SP;116;39;CACHOEIRA PAULISTA;Aus�ncia de rea��o do condutor;Atropelamento de Pedestre;Com V�timas Feridas;Plena Noite;Decrescente;C�u Claro;Simples;Curva;N�o;2;0;1;0;1;0;1;2;-22,67527958;-44,99918431;SPRF-SP;DEL08-SP;UOP02-DEL08-SP;;;
660160;08/02/2025;s�bado;15:00:00;AC;364;67;PLACIDO DE CASTRO;Rea��o tardia ou ineficiente do condutor;Sa�da de leito carro��vel;Com V�timas Feridas;Pleno dia;Decrescente;Nublado;Simples;Reta;N�o;2;0;0;1;0;1;1;2;-10,06103729;-67,31302104;SPRF-AC;DEL01-AC;UOP03-DEL01-AC;;;
660161;08/02/2025;s�bado;20:30:00;MT;70;3;BARRA DO GARCAS;Aus�ncia de rea��o do condutor;Colis�o traseira;Com V�timas Feridas;Plena Noite;Decrescente;C�u Claro;Dupla;Declive;N�o;4;0;3;0;1;0;3;3;-15,88252843;-52,27574027;SPRF-MT;DEL07-MT;UOP01-DEL07-MT;;;
660162;08/02/2025;s�bado;22:30:00;RJ;101;52;CAMPOS DOS GOYTACAZES;Acessar a via sem observar a presen�a dos outros ve�culos;Colis�o transversal;Com V�timas Fatais;Plena Noite;Crescente;C�u Claro;Simples;Reta;Sim;3;1;1;1;0;0;2;2;-21,65160802;-41,31128624;SPRF-RJ;DEL08-RJ;UOP01-DEL08-RJ;;;
660163;08/02/2025;s�bado;19:30:00;PB;230;463;SOUSA;Ingest�o de �lcool pelo condutor;Colis�o traseira;Com V�timas Fatais;Plena Noite;Decrescente;C�u Claro;Simples;Reta;N�o;3;1;0;0;0;2;0;3;-6,781318;-38,263033;SPRF-PB;DEL03-PB;UOP03-DEL03-PB;;;
660164;08/02/2025;s�bado;22:40:00;MG;50;10,4;UBERLANDIA;Animais na Pista;Atropelamento de Animal;Com V�timas Feridas;Plena Noite;Decrescente;Nublado;Dupla;"Curva;Declive";N�o;3;0;2;1;0;0;3;1;-18,8851616;-48,1996357;SPRF-MG;DEL15-MG;UOP01-DEL15-MG;;;
660165;08/02/2025;s�bado;21:15:00;MG;381;373;SAO GONCALO DO RIO ABAIXO;Demais falhas mec�nicas ou el�tricas;Sa�da de leito carro��vel;Com V�timas Feridas;Plena Noite;Decrescente;C�u Claro;Simples;"Curva;Declive";N�o;1;0;1;0;0;0;1;1;-19,83992808;-43,3214812;SPRF-MG;DEL01-MG;UOP01-DEL01-MG;;;
660167;08/02/2025;s�bado;21:45:00;SC;116;149,6;SANTA CECILIA;Ingest�o de �lcool pelo condutor;Sa�da de leito carro��vel;Sem V�timas;Plena Noite;Decrescente;C�u Claro;Simples;Curva;N�o;1;0;0;0;1;0;0;1;-27,02405304;-50,42005513;SPRF-SC;DEL06-SC;UOP02-DEL06-SC;;;
660168;08/02/2025;s�bado;21:40:00;PR;376;546;PALMEIRA;Aus�ncia de rea��o do condutor;Sa�da de leito carro��vel;Sem V�timas;Plena Noite;Crescente;Nublado;Dupla;Reta;N�o;1;0;0;0;1;0;0;1;-25,45305085;-49,7368738;SPRF-PR;DEL03-PR;UOP03-DEL03-PR;;;
660169;08/02/2025;s�bado;22:50:00;SC;101;132;BALNEARIO CAMBORIU;Manobra de mudan�a de faixa;Colis�o lateral mesmo sentido;Com V�timas Feridas;Plena Noite;Decrescente;Nublado;M�ltipla;Reta;Sim;2;0;1;0;1;0;1;2;-26,99654133;-48,65564711;SPRF-SC;DEL04-SC;UOP03-DEL04-SC;;;
660171;08/02/2025;s�bado;23:00:00;PR;116;101,5;SAO JOSE DOS PINHAIS;Aus�ncia de rea��o do condutor;Sa�da de leito carro��vel;Com V�timas Feridas;Plena Noite;Crescente;Nublado;Dupla;"Reta;Viaduto";Sim;1;0;1;0;0;0;1;1;-25,56765304;-49,17339385;SPRF-PR;DEL01-PR;UOP07-DEL01-PR;;;
660172;08/02/2025;s�bado;21:40:00;GO;153;110,9;ESTRELA DO NORTE;Condutor Dormindo;Colis�o lateral sentido oposto;Com V�timas Feridas;Plena Noite;Decrescente;C�u Claro;Simples;"Reta;Declive";N�o;4;0;3;0;1;0;3;2;-13,735314;-49,027287;SPRF-GO;DEL07-GO;UOP01-DEL07-GO;;;
660173;08/02/2025;s�bado;22:00:00;PR;376;466,5;PONTA GROSSA;Aus�ncia de rea��o do condutor;Colis�o traseira;Sem V�timas;Plena Noite;Crescente;C�u Claro;Dupla;Reta;N�o;2;0;0;0;0;2;0;2;-25,03339973;-50,30655477;SPRF-PR;DEL03-PR;UOP01-DEL03-PR;;;
660175;08/02/2025;s�bado;22:30:00;RO;364;342,3;JI-PARANA;Animais na Pista;Atropelamento de Animal;Com V�timas Feridas;Plena Noite;Crescente;C�u Claro;Dupla;Reta;Sim;3;0;2;0;1;0;2;1;-10,88145;-61,940983;SPRF-RO;DEL02-RO;UOP01-DEL02-RO;;;
660177;08/02/2025;s�bado;19:00:00;RJ;116;258;PINHEIRAL;Manobra de mudan�a de faixa;Capotamento;Com V�timas Feridas;Plena Noite;Crescente;C�u Claro;Dupla;Reta;N�o;1;0;1;0;0;0;1;1;-22,58138777;-44,02160689;SPRF-RJ;DEL07-RJ;UOP02-DEL07-RJ;;;
660178;08/02/2025;s�bado;21:15:00;MA;10;168,3;PORTO FRANCO;Transitar na contram�o;Colis�o lateral sentido oposto;Com V�timas Fatais;Plena Noite;Decrescente;Chuva;Simples;Reta;N�o;4;2;0;0;2;0;0;2;-6,248398;-47,352127;SPRF-MA;DEL04-MA;UOP02-DEL04-MA;;;
660179;09/02/2025;domingo;00:51:00;SC;101;223;PALHOCA;Ingest�o de �lcool pelo condutor;Colis�o traseira;Com V�timas Feridas;Plena Noite;Crescente;C�u Claro;Dupla;Reta;N�o;2;0;1;1;0;0;2;2;-27,71552634;-48,64881251;SPRF-SC;DEL01-SC;UOP02-DEL01-SC;;;
660180;09/02/2025;domingo;00:50:00;PR;116;11;COLOMBO;Rea��o tardia ou ineficiente do condutor;Colis�o traseira;Com V�timas Feridas;Plena Noite;Decrescente;Nublado;Dupla;Reta;N�o;2;0;0;1;0;1;1;2;-25,3727;-49,1408;SPRF-PR;DEL01-PR;UOP02-DEL01-PR;;;
660181;09/02/2025;domingo;00:40:00;PR;277;8;PARANAGUA;Ingest�o de �lcool pelo condutor;Sa�da de leito carro��vel;Com V�timas Feridas;Plena Noite;Decrescente;Nublado;Dupla;Reta;N�o;1;0;1;0;0;0;1;1;-25,56452693;-48,59786689;SPRF-PR;DEL01-PR;UOP05-DEL01-PR;;;
660184;09/02/2025;domingo;01:43:00;PR;277;68;SAO JOSE DOS PINHAIS;Aus�ncia de rea��o do condutor;Colis�o traseira;Com V�timas Feridas;Plena Noite;Crescente;Nublado;Dupla;Reta;N�o;3;0;1;0;2;0;1;2;-25,518098;-49,113185;SPRF-PR;DEL01-PR;UOP01-DEL01-PR;;;
660185;09/02/2025;domingo;01:50:00;PR;376;135;NOVA ESPERANCA;Acessar a via sem observar a presen�a dos outros ve�culos;Colis�o lateral mesmo sentido;Com V�timas Feridas;Plena Noite;Decrescente;C�u Claro;M�ltipla;Declive;Sim;2;0;0;1;0;1;1;2;-23,20194138;-52,19689503;SPRF-PR;DEL09-PR;UOP02-DEL09-PR;;;
660187;08/02/2025;s�bado;23:15:00;MG;116;539;SANTA BARBARA DO LESTE;Pista Escorregadia;Sa�da de leito carro��vel;Com V�timas Feridas;Plena Noite;Decrescente;Nublado;Simples;Curva;N�o;3;0;0;3;0;0;3;1;-19,88240027;-42,13242591;SPRF-MG;DEL06-MG;UOP02-DEL06-MG;;;
660188;09/02/2025;domingo;03:30:00;RS;116;233;NOVO HAMBURGO;Aus�ncia de rea��o do condutor;Colis�o com objeto;Com V�timas Feridas;Plena Noite;Decrescente;C�u Claro;Simples;Reta;Sim;1;0;1;0;0;0;1;1;-29,64206007;-51,14268362;SPRF-RS;DEL01-RS;UOP02-DEL01-RS;;;
660189;09/02/2025;domingo;02:50:00;PI;343;165;BRASILEIRA;Aus�ncia de rea��o do condutor;Tombamento;Com V�timas Fatais;Plena Noite;Decrescente;Nublado;Simples;Reta;N�o;1;1;0;0;0;0;0;1;-4,116477;-41,784775;SPRF-PI;DEL02-PI;UOP01-DEL02-PI;;;
660191;09/02/2025;domingo;03:45:00;RS;116;482,5;TURUCU;Condutor Dormindo;Queda de ocupante de ve�culo;Com V�timas Feridas;Plena Noite;Crescente;C�u Claro;Dupla;"Curva;Declive";N�o;1;0;1;0;0;0;1;1;-31,40823579;-52,16643032;SPRF-RS;DEL07-RS;UOP01-DEL07-RS;;;
660192;09/02/2025;domingo;01:00:00;GO;153;111,8;SANTA TEREZA DE GOIAS;Chuva;Colis�o frontal;Com V�timas Feridas;Plena Noite;Crescente;Chuva;Simples;Declive;N�o;2;0;0;2;0;0;2;2;-13,752461;-49,029457;SPRF-GO;DEL07-GO;UOP01-DEL07-GO;;;
660193;09/02/2025;domingo;03:30:00;PR;376;1;SAO JOSE DOS PINHAIS;Rea��o tardia ou ineficiente do condutor;Capotamento;Com V�timas Feridas;Amanhecer;Decrescente;Nublado;Dupla;Reta;Sim;1;0;1;0;0;0;1;1;-25,5307;-49,1958;SPRF-PR;DEL01-PR;UOP04-DEL01-PR;;;
660194;09/02/2025;domingo;04:25:00;SC;101;109;PENHA;Rea��o tardia ou ineficiente do condutor;Capotamento;Com V�timas Feridas;Plena Noite;Crescente;C�u Claro;Dupla;Curva;N�o;1;0;0;1;0;0;1;1;-26,8333519;-48,69632106;SPRF-SC;DEL03-SC;UOP02-DEL03-SC;;;
660195;09/02/2025;domingo;04:00:00;PR;277;82,6;CURITIBA;Entrada inopinada do pedestre;Atropelamento de Pedestre;Com V�timas Feridas;Plena Noite;Decrescente;Nublado;Dupla;Reta;Sim;3;0;0;1;2;0;1;2;-25,45104147;-49,22777832;SPRF-PR;DEL01-PR;UOP03-DEL01-PR;;;
660196;09/02/2025;domingo;04:40:00;MG;262;442,5;NOVA SERRANA;Animais na Pista;Atropelamento de Animal;Com V�timas Feridas;Amanhecer;Crescente;C�u Claro;Dupla;Reta;Sim;1;0;0;1;0;0;1;1;-19,8806236;-44,91232265;SPRF-MG;DEL08-MG;UOP03-DEL08-MG;;;
660197;09/02/2025;domingo;05:20:00;RS;386;343;LAJEADO;Transitar na contram�o;Colis�o frontal;Com V�timas Feridas;Pleno dia;Decrescente;C�u Claro;Dupla;Reta;Sim;5;0;0;1;4;0;1;2;-29,434835;-52,002365;SPRF-RS;DEL04-RS;UOP01-DEL04-RS;;;
660198;09/02/2025;domingo;05:30:00;SC;101;133;BALNEARIO CAMBORIU;Aus�ncia de rea��o do condutor;Colis�o com objeto;Com V�timas Feridas;Pleno dia;Crescente;C�u Claro;M�ltipla;Reta;Sim;1;0;1;0;0;0;1;1;-26,99936;-48,64609;SPRF-SC;DEL04-SC;UOP03-DEL04-SC;;;
660199;09/02/2025;domingo;03:30:00;RS;158;153,6;PANAMBI;Ingest�o de �lcool pelo condutor;Sa�da de leito carro��vel;Com V�timas Feridas;Plena Noite;Crescente;C�u Claro;Simples;Curva;N�o;1;0;0;1;0;0;1;1;-28,30997263;-53,49243164;SPRF-RS;DEL10-RS;UOP02-DEL10-RS;;;
660200;09/02/2025;domingo;04:00:00;SC;101;415;ARARANGUA;Condutor Dormindo;Sa�da de leito carro��vel;Com V�timas Feridas;Plena Noite;Decrescente;C�u Claro;M�ltipla;Curva;Sim;2;0;0;2;0;0;2;1;-28,96040535;-49,51653267;SPRF-SC;DEL02-SC;UOP02-DEL02-SC;;;
660201;09/02/2025;domingo;04:51:00;RS;290;88;PORTO ALEGRE;Aus�ncia de rea��o do condutor;Colis�o com objeto;Sem V�timas;Plena Noite;Crescente;C�u Claro;M�ltipla;Reta;N�o;1;0;0;0;1;0;0;1;-29,967531;-51,137264;SPRF-RS;DEL01-RS;UOP01-DEL01-RS;;;
660203;09/02/2025;domingo;05:55:00;SC;470;50;BLUMENAU;Condutor Dormindo;Colis�o traseira;Com V�timas Feridas;Amanhecer;Decrescente;C�u Claro;Dupla;Reta;N�o;2;0;1;0;0;1;1;2;-26,859768;-49,074493;SPRF-SC;DEL04-SC;UOP01-DEL04-SC;;;
660205;09/02/2025;domingo;05:55:00;PR;277;591,2;CASCAVEL;Aus�ncia de rea��o do condutor;Colis�o lateral sentido oposto;Com V�timas Feridas;Pleno dia;Decrescente;C�u Claro;Simples;Reta;Sim;2;0;0;1;1;0;1;2;-24,98473242;-53,46501885;SPRF-PR;DEL04-PR;UOP01-DEL04-PR;;;
660208;09/02/2025;domingo;02:56:00;MT;70;505;CUIABA;Rea��o tardia ou ineficiente do condutor;Colis�o frontal;Com V�timas Feridas;Plena Noite;Crescente;C�u Claro;Simples;Reta;N�o;2;0;0;1;1;0;1;2;-15,66438002;-55,96475201;SPRF-MT;DEL01-MT;UOP02-DEL01-MT;;;
660211;09/02/2025;domingo;06:50:00;RS;290;91;PORTO ALEGRE;Demais falhas mec�nicas ou el�tricas;Inc�ndio;Sem V�timas;Pleno dia;Crescente;C�u Claro;Simples;Curva;Sim;1;0;0;0;1;0;0;1;-29,969055;-51,167439;SPRF-RS;DEL01-RS;UOP01-DEL01-RS;;;
660212;08/02/2025;s�bado;23:30:00;RO;364;444;JARU;Demais falhas mec�nicas ou el�tricas;Sa�da de leito carro��vel;Com V�timas Feridas;Plena Noite;Decrescente;Nublado;Simples;Reta;N�o;2;0;2;0;0;0;2;1;-10,33240944;-62,61010833;SPRF-RO;DEL03-RO;UOP02-DEL03-RO;;;
660213;09/02/2025;domingo;01:00:00;SP;116;224;GUARULHOS;Rea��o tardia ou ineficiente do condutor;Colis�o traseira;Com V�timas Feridas;Plena Noite;Crescente;C�u Claro;M�ltipla;Reta;Sim;3;0;1;0;2;0;1;2;-23,48071896;-46,53271603;SPRF-SP;DEL01-SP;UOP01-DEL01-SP;;;
660214;09/02/2025;domingo;06:40:00;PR;277;72;SAO JOSE DOS PINHAIS;Condutor deixou de manter dist�ncia do ve�culo da frente;Colis�o traseira;Com V�timas Feridas;Pleno dia;Crescente;Nublado;Dupla;Reta;N�o;3;0;1;0;2;0;1;2;-25,50583;-49,140688;SPRF-PR;DEL01-PR;UOP07-DEL01-PR;;;
660215;08/02/2025;s�bado;19:40:00;RJ;393;296;BARRA MANSA;Convers�o proibida;Colis�o transversal;Com V�timas Feridas;Plena Noite;Decrescente;C�u Claro;Simples;Curva;Sim;2;0;0;1;0;1;1;2;-22,527174;-44,116318;SPRF-RJ;DEL07-RJ;UOP02-DEL07-RJ;;;
660216;09/02/2025;domingo;06:00:00;TO;153;241;COLINAS DO TOCANTINS;Ultrapassagem Indevida;Colis�o lateral mesmo sentido;Com V�timas Feridas;Amanhecer;Decrescente;Garoa/Chuvisco;Simples;Reta;N�o;2;0;2;0;0;0;2;2;-7,994203;-48,46468483;SPRF-TO;DEL02-TO;UOP01-DEL02-TO;;;
660218;09/02/2025;domingo;00:30:00;CE;230;46;LAVRAS DA MANGABEIRA;Animais na Pista;Atropelamento de Animal;Com V�timas Feridas;Plena Noite;Decrescente;C�u Claro;Simples;Reta;N�o;2;0;1;1;0;0;2;1;-6,76838187;-39,01241399;SPRF-CE;DEL05-CE;UOP01-DEL05-CE;;;
660219;09/02/2025;domingo;08:05:00;SC;101;53,1;JOINVILLE;Velocidade Incompat�vel;Sa�da de leito carro��vel;Com V�timas Feridas;Pleno dia;Decrescente;C�u Claro;Dupla;Curva;N�o;1;0;1;0;0;0;1;1;-26,41498481;-48,83531213;SPRF-SC;DEL03-SC;UOP01-DEL03-SC;;;
660220;09/02/2025;domingo;05:40:00;MT;163;746;SORRISO;Afundamento ou ondula��o no pavimento;Queda de ocupante de ve�culo;Com V�timas Feridas;Pleno dia;Decrescente;C�u Claro;Dupla;Reta;Sim;1;0;1;0;0;0;1;1;-12,59752474;-55,7465744;SPRF-MT;DEL06-MT;UOP01-DEL06-MT;;;
660221;09/02/2025;domingo;01:40:00;RO;364;318,4;PRESIDENTE MEDICI;Aus�ncia de rea��o do condutor;Colis�o traseira;Sem V�timas;Plena Noite;Crescente;Chuva;Simples;Reta;Sim;4;0;0;0;4;0;0;2;-11,081358;-61,917035;SPRF-RO;DEL02-RO;UOP01-DEL02-RO;;;
660222;09/02/2025;domingo;05:40:00;PB;412;43;SAO JOAO DO CARIRI;Aus�ncia de rea��o do condutor;Sa�da de leito carro��vel;Com V�timas Feridas;Pleno dia;Crescente;C�u Claro;Simples;"Declive;Reta";N�o;5;0;1;0;4;0;1;1;-7,337673;-36,428707;SPRF-PB;DEL02-PB;UOP02-DEL02-PB;;;
660223;09/02/2025;domingo;02:15:00;RO;364;339,1;JI-PARANA;Ingest�o de �lcool pelo condutor;Colis�o com objeto;Com V�timas Feridas;Plena Noite;Decrescente;C�u Claro;Simples;"Declive;Interse��o de Vias";Sim;2;0;1;0;0;1;1;1;-10,91683399;-61,9298606;SPRF-RO;DEL02-RO;UOP01-DEL02-RO;;;
660225;09/02/2025;domingo;08:00:00;SE;235;45,5;ITABAIANA;Velocidade Incompat�vel;Colis�o lateral sentido oposto;Sem V�timas;Pleno dia;Crescente;C�u Claro;Simples;Reta;N�o;2;0;0;0;2;0;0;2;-10,746924;-37,399899;SPRF-SE;DEL01-SE;UOP02-DEL01-SE;;;
660226;09/02/2025;domingo;07:15:00;GO;40;12,9;LUZIANIA;Acessar a via sem observar a presen�a dos outros ve�culos;Colis�o transversal;Com V�timas Feridas;Pleno dia;Decrescente;C�u Claro;Dupla;Reta;Sim;3;0;2;0;0;1;2;2;-16,15029677;-47,94025898;SPRF-DF;DEL01-DF;UOP01-DEL01-DF;;;
660228;09/02/2025;domingo;07:23:00;PR;376;353;ORTIGUEIRA;Rea��o tardia ou ineficiente do condutor;Colis�o com objeto;Sem V�timas;Pleno dia;Decrescente;C�u Claro;Dupla;Reta;N�o;1;0;0;0;0;1;0;1;-24,22939419;-50,92532158;SPRF-PR;DEL07-PR;UOP02-DEL07-PR;;;
660229;09/02/2025;domingo;08:00:00;SC;282;42;AGUAS MORNAS;Rea��o tardia ou ineficiente do condutor;Queda de ocupante de ve�culo;Com V�timas Feridas;Pleno dia;Crescente;C�u Claro;Simples;Reta;Sim;1;0;1;0;0;0;1;1;-27,72077;-48,887478;SPRF-SC;DEL01-SC;UOP03-DEL01-SC;;;
660230;09/02/2025;domingo;09:00:00;MG;153;83,2;PRATA;Carga excessiva e/ou mal acondicionada;Colis�o com objeto;Com V�timas Feridas;Pleno dia;Crescente;C�u Claro;Simples;"Reta;Aclive";N�o;4;0;1;0;2;1;1;2;-19,09180667;-48,98869157;SPRF-MG;DEL15-MG;UOP03-DEL15-MG;;;
660231;09/02/2025;domingo;06:20:00;RJ;116;195;QUEIMADOS;Aus�ncia de rea��o do condutor;Colis�o traseira;Com V�timas Feridas;Pleno dia;Crescente;C�u Claro;Dupla;Reta;Sim;3;0;0;1;1;1;1;2;-22,73573614;-43,54749701;SPRF-RJ;DEL06-RJ;UOP01-DEL06-RJ;;;
660232;09/02/2025;domingo;09:05:00;SC;470;49,5;BLUMENAU;Manobra de mudan�a de faixa;Colis�o transversal;Com V�timas Feridas;Pleno dia;Decrescente;C�u Claro;Dupla;"Declive;Curva";N�o;4;0;1;0;3;0;1;2;-26,86160568;-49,07026291;SPRF-SC;DEL04-SC;UOP01-DEL04-SC;;;
660233;09/02/2025;domingo;06:30:00;SP;381;89;SAO PAULO;Demais falhas mec�nicas ou el�tricas;Inc�ndio;Sem V�timas;Pleno dia;Decrescente;C�u Claro;M�ltipla;Reta;Sim;1;0;0;0;1;0;0;1;-23,48469299;-46,55983288;SPRF-SP;DEL03-SP;UOP01-DEL03-SP;;;
660234;09/02/2025;domingo;06:40:00;MT;364;205;RONDONOPOLIS;Ingest�o de �lcool pelo condutor;Tombamento;Com V�timas Feridas;Pleno dia;Crescente;C�u Claro;Dupla;Curva;N�o;1;0;0;1;0;0;1;1;-16,45928621;-54,66092345;SPRF-MT;DEL02-MT;UOP01-DEL02-MT;;;
660235;09/02/2025;domingo;08:35:00;DF;20;25;BRASILIA;Velocidade Incompat�vel;Sa�da de leito carro��vel;Com V�timas Feridas;Pleno dia;Crescente;Nublado;Dupla;Curva;Sim;1;0;0;1;0;0;1;1;-15,595603;-47,649715;SPRF-DF;DEL02-DF;UOP01-DEL02-DF;;;
660236;09/02/2025;domingo;07:25:00;MS;60;396,9;SIDROLANDIA;Aus�ncia de rea��o do condutor;Colis�o traseira;Com V�timas Feridas;Pleno dia;Crescente;C�u Claro;Simples;Reta;N�o;4;0;1;0;3;0;1;2;-20,77427;-54,790667;SPRF-MS;DEL01-MS;UOP04-DEL01-MS;;;
660237;09/02/2025;domingo;08:30:00;BA;367;24;PORTO SEGURO;Velocidade Incompat�vel;Colis�o traseira;Com V�timas Feridas;Pleno dia;Decrescente;C�u Claro;Simples;Reta;N�o;3;0;1;0;0;2;1;3;-16,43763962;-39,0813791;SPRF-BA;DEL09-BA;UOP03-DEL09-BA;;;
660238;09/02/2025;domingo;09:00:00;BA;110;324;ALAGOINHAS;Rea��o tardia ou ineficiente do condutor;Sa�da de leito carro��vel;Com V�timas Feridas;Pleno dia;Decrescente;Sol;Simples;Curva;N�o;1;0;0;1;0;0;1;1;-12,04970688;-38,36089325;SPRF-BA;DEL01-BA;UOP04-DEL01-BA;;;
660239;09/02/2025;domingo;10:00:00;RN;101;112;SAO JOSE DE MIPIBU;Acessar a via sem observar a presen�a dos outros ve�culos;Colis�o transversal;Com V�timas Feridas;Pleno dia;Crescente;C�u Claro;Dupla;"Retorno Regulamentado;Reta";N�o;3;0;1;0;2;0;1;2;-5,96429;-35,264877;SPRF-RN;DEL01-RN;UOP01-DEL01-RN;;;
660240;09/02/2025;domingo;09:00:00;RS;116;103;ELDORADO DO SUL;Demais falhas mec�nicas ou el�tricas;Queda de ocupante de ve�culo;Com V�timas Feridas;Pleno dia;Crescente;C�u Claro;Dupla;"Aclive;Reta";N�o;2;0;2;0;0;0;2;1;-29,99175162;-51,27097249;SPRF-RS;DEL05-RS;UOP01-DEL05-RS;;;