id;data_inversa;dia_semana;horario;uf;br;km;municipio;causa_acidente;tipo_acidente;classificacao_acidente;fase_dia;sentido_via;condicao_metereologica;tipo_pista;tracado_via;uso_solo;pessoas;mortos;feridos_leves;feridos_graves;ilesos;ignorados;feridos;veiculos;latitude;longitude;regional;delegacia;uop;;;
660242;09/02/2025;domingo;10:25:00;SC;280;26;ARAQUARI;Acessar a via sem observar a presen�a dos outros ve�culos;Colis�o transversal;Com V�timas Feridas;Pleno dia;Decrescente;Sol;Simples;Reta;Sim;3;0;2;0;1;0;2;2;-26,38972308;-48,73411593;SPRF-SC;DEL03-SC;UOP03-DEL03-SC;;;
660243;09/02/2025;domingo;10:30:00;SC;101;217,4;PALHOCA;Avarias e/ou desgaste excessivo no pneu;Queda de ocupante de ve�culo;Com V�timas Feridas;Pleno dia;Decrescente;C�u Claro;Dupla;Reta;N�o;2;0;2;0;0;0;2;1;-27,66779034;-48,67393586;SPRF-SC;DEL01-SC;UOP02-DEL01-SC;;;
660244;09/02/2025;domingo;09:45:00;SC;470;98,5;APIUNA;Rea��o tardia ou ineficiente do condutor;Colis�o traseira;Com V�timas Feridas;Pleno dia;Crescente;Nublado;Simples;Reta;Sim;2;0;1;0;1;0;1;2;-27,03707199;-49,39221382;SPRF-SC;DEL04-SC;UOP02-DEL04-SC;;;
660245;09/02/2025;domingo;10:50:00;MG;50;15;UBERLANDIA;Demais falhas mec�nicas ou el�tricas;Queda de ocupante de ve�culo;Com V�timas Feridas;Pleno dia;Decrescente;C�u Claro;Dupla;Reta;Sim;1;0;1;0;0;0;1;1;-18,9113;-48,2622;SPRF-MG;DEL15-MG;UOP01-DEL15-MG;;;
660247;09/02/2025;domingo;10:00:00;SP;116;58;GUARATINGUETA;Aus�ncia de rea��o do condutor;Colis�o traseira;Com V�timas Feridas;Pleno dia;Decrescente;C�u Claro;Dupla;Reta;Sim;1;0;0;1;0;0;1;1;-22,78005511;-45,14572791;SPRF-SP;DEL08-SP;UOP01-DEL08-SP;;;
660248;09/02/2025;domingo;10:40:00;RN;101;94;NATAL;Condutor deixou de manter dist�ncia do ve�culo da frente;Colis�o traseira;Com V�timas Feridas;Pleno dia;Crescente;C�u Claro;M�ltipla;Reta;Sim;2;0;1;0;1;0;1;2;-5,83176615;-35,21191342;SPRF-RN;DEL01-RN;UOP01-DEL01-RN;;;
660249;09/02/2025;domingo;09:50:00;PR;376;467;PONTA GROSSA;Rea��o tardia ou ineficiente do condutor;Colis�o com objeto;Com V�timas Fatais;Pleno dia;Decrescente;Sol;Dupla;"Aclive;Curva";N�o;1;1;0;0;0;0;0;1;-25,036419;-50,297497;SPRF-PR;DEL03-PR;UOP01-DEL03-PR;;;
660253;09/02/2025;domingo;11:15:00;GO;60;120;TEREZOPOLIS DE GOIAS;Aus�ncia de rea��o do condutor;Queda de ocupante de ve�culo;Com V�timas Feridas;Pleno dia;Decrescente;C�u Claro;Dupla;Declive;N�o;1;0;1;0;0;0;1;1;-16,4979;-49,1065;SPRF-GO;DEL01-GO;UOP01-DEL01-GO;;;
660254;09/02/2025;domingo;12:01:00;PB;101;25;RIO TINTO;Retorno proibido;Colis�o lateral mesmo sentido;Com V�timas Feridas;Pleno dia;Crescente;C�u Claro;Dupla;"Retorno Regulamentado;Reta";N�o;2;0;0;1;1;0;1;2;-6,69578701;-35,1161778;SPRF-PB;DEL01-PB;UOP03-DEL01-PB;;;
660255;09/02/2025;domingo;09:12:00;PR;376;654;TIJUCAS DO SUL;Velocidade Incompat�vel;Tombamento;Com V�timas Feridas;Pleno dia;Crescente;C�u Claro;Dupla;Curva;N�o;2;0;0;1;0;1;1;2;-25,84325961;-49,05169114;SPRF-PR;DEL01-PR;UOP04-DEL01-PR;;;
660257;09/02/2025;domingo;08:20:00;SC;282;446;PONTE SERRADA;Transitar na contram�o;Colis�o frontal;Com V�timas Fatais;Pleno dia;Crescente;C�u Claro;Simples;Curva;N�o;2;1;0;0;1;0;0;2;-26,912537;-51,905172;SPRF-SC;DEL07-SC;UOP04-DEL07-SC;;;
660259;09/02/2025;domingo;11:55:00;BA;415;30;ILHEUS;Aus�ncia de rea��o do condutor;Sa�da de leito carro��vel;Com V�timas Feridas;Pleno dia;Decrescente;Chuva;Simples;Curva;N�o;3;0;3;0;0;0;3;1;-14,8482;-39,281986;SPRF-BA;DEL05-BA;UOP01-DEL05-BA;;;
660260;09/02/2025;domingo;12:30:00;ES;101;275;SERRA;Rea��o tardia ou ineficiente do condutor;Queda de ocupante de ve�culo;Com V�timas Feridas;Pleno dia;Decrescente;C�u Claro;Dupla;Reta;N�o;1;0;1;0;0;0;1;1;-20,20828089;-40,30388897;SPRF-ES;DEL02-ES;UOP01-DEL02-ES;;;
660261;09/02/2025;domingo;12:55:00;RN;304;53,9;MOSSORO;Convers�o proibida;Colis�o transversal;Com V�timas Feridas;Pleno dia;Decrescente;C�u Claro;Simples;Reta;N�o;4;0;0;1;3;0;1;2;-5,26805991;-37,30005184;SPRF-RN;DEL04-RN;UOP01-DEL04-RN;;;
660263;09/02/2025;domingo;10:30:00;RJ;40;62;PETROPOLIS;Retorno proibido;Colis�o transversal;Sem V�timas;Pleno dia;Decrescente;C�u Claro;Dupla;"Reta;Aclive";N�o;4;0;0;0;4;0;0;2;-22,40542358;-43,14664526;SPRF-RJ;DEL05-RJ;UOP02-DEL05-RJ;;;
660264;09/02/2025;domingo;12:15:00;SC;101;157,3;PORTO BELO;Rea��o tardia ou ineficiente do condutor;Colis�o com objeto;Com V�timas Feridas;Pleno dia;Decrescente;C�u Claro;Dupla;Reta;Sim;2;0;1;0;1;0;1;1;-27,181625;-48,6121179;SPRF-SC;DEL04-SC;UOP03-DEL04-SC;;;
660266;09/02/2025;domingo;13:15:00;SP;101;51;UBATUBA;Acessar a via sem observar a presen�a dos outros ve�culos;Colis�o transversal;Com V�timas Feridas;Pleno dia;Crescente;C�u Claro;Simples;Reta;Sim;2;0;1;1;0;0;2;2;-23,45627795;-45,07111896;SPRF-SP;DEL06-SP;UOP01-DEL06-SP;;;
660268;09/02/2025;domingo;13:25:00;RN;304;75,2;MOSSORO;Demais falhas mec�nicas ou el�tricas;Queda de ocupante de ve�culo;Com V�timas Feridas;Pleno dia;Crescente;Sol;Simples;Reta;N�o;2;0;2;0;0;0;2;1;-5,44441141;-37,19221552;SPRF-RN;DEL04-RN;UOP01-DEL04-RN;;;
660270;09/02/2025;domingo;12:45:00;RJ;116;185;NOVA IGUACU;Aus�ncia de rea��o do condutor;Colis�o traseira;Com V�timas Feridas;Pleno dia;Crescente;C�u Claro;Dupla;Reta;N�o;5;0;1;0;4;0;1;4;-22,74151051;-43,45351823;SPRF-RJ;DEL06-RJ;UOP01-DEL06-RJ;;;
660272;09/02/2025;domingo;13:20:00;RJ;116;279,1;BARRA MANSA;Rea��o tardia ou ineficiente do condutor;Colis�o lateral mesmo sentido;Com V�timas Feridas;Pleno dia;Crescente;C�u Claro;Dupla;Curva;Sim;2;0;1;0;1;0;1;2;-22,54744306;-44,1836602;SPRF-RJ;DEL07-RJ;UOP02-DEL07-RJ;;;
660273;09/02/2025;domingo;12:00:00;SC;101;99;BALNEARIO PICARRAS;Avarias e/ou desgaste excessivo no pneu;Tombamento;Com V�timas Feridas;Pleno dia;Crescente;C�u Claro;Dupla;Reta;N�o;2;0;2;0;0;0;2;1;-26,7471002;-48,69654831;SPRF-SC;DEL03-SC;UOP02-DEL03-SC;;;
660274;09/02/2025;domingo;13:15:00;RS;101;15;DOM PEDRO DE ALCANTARA;Condutor Dormindo;Sa�da de leito carro��vel;Com V�timas Feridas;Pleno dia;Crescente;C�u Claro;Dupla;Curva;N�o;3;0;2;0;1;0;2;1;-29,40232826;-49,8584686;SPRF-RS;DEL03-RS;UOP02-DEL03-RS;;;
660276;09/02/2025;domingo;12:45:00;DF;60;2,5;BRASILIA;Rea��o tardia ou ineficiente do condutor;Sa�da de leito carro��vel;Com V�timas Feridas;Pleno dia;Decrescente;Nublado;Dupla;Reta;Sim;3;0;1;0;2;0;1;1;-15,887383;-48,077988;SPRF-DF;DEL03-DF;UOP01-DEL03-DF;;;
660277;09/02/2025;domingo;13:10:00;SP;116;378;MIRACATU;Condutor Dormindo;Colis�o com objeto;Sem V�timas;Pleno dia;Decrescente;C�u Claro;Dupla;Curva;N�o;1;0;0;0;1;0;0;1;-24,20096745;-47,3709514;SPRF-SP;DEL04-SP;UOP02-DEL04-SP;;;
660278;09/02/2025;domingo;14:40:00;SP;116;231;GUARULHOS;Rea��o tardia ou ineficiente do condutor;Colis�o lateral mesmo sentido;Com V�timas Feridas;Pleno dia;Crescente;Sol;M�ltipla;"Reta;Declive";N�o;2;0;1;0;1;0;1;2;-23,5290581;-46,59398303;SPRF-SP;DEL01-SP;UOP01-DEL01-SP;;;
660279;09/02/2025;domingo;14:15:00;MG;381;453,5;SABARA;Condutor deixou de manter dist�ncia do ve�culo da frente;Colis�o traseira;Com V�timas Feridas;Pleno dia;Crescente;C�u Claro;Simples;"Ponte;Reta";Sim;2;0;1;0;1;0;1;2;-19,8415497;-43,86868596;SPRF-MG;DEL01-MG;UOP01-DEL01-MG;;;
660284;09/02/2025;domingo;14:20:00;MT;163;847;SINOP;Aus�ncia de rea��o do condutor;Queda de ocupante de ve�culo;Com V�timas Feridas;Pleno dia;Decrescente;Ignorado;Simples;Reta;N�o;2;0;1;0;1;0;1;1;-11,88145004;-55,50045981;SPRF-MT;DEL06-MT;UOP02-DEL06-MT;;;
660285;09/02/2025;domingo;15:20:00;SC;470;53,2;BLUMENAU;Ingest�o de �lcool pelo condutor;Colis�o lateral sentido oposto;Com V�timas Feridas;Pleno dia;Crescente;Sol;Simples;Curva;N�o;2;0;1;1;0;0;2;2;-26,867121;-49,102066;SPRF-SC;DEL04-SC;UOP01-DEL04-SC;;;
660287;09/02/2025;domingo;15:32:00;PB;230;97;GURINHEM;Rea��o tardia ou ineficiente do condutor;Sa�da de leito carro��vel;Com V�timas Feridas;Pleno dia;Decrescente;Sol;Dupla;Reta;N�o;6;0;0;1;5;0;1;3;-7,1867;-35,4537;SPRF-PB;DEL01-PB;UOP02-DEL01-PB;;;
660288;09/02/2025;domingo;14:30:00;CE;222;3;FORTALEZA;Condutor desrespeitou a ilumina��o vermelha do sem�foro;Colis�o transversal;Com V�timas Feridas;Pleno dia;Decrescente;C�u Claro;M�ltipla;"Reta;Interse��o de Vias";Sim;2;0;1;0;1;0;1;2;-3,7403769;-38,59569202;SPRF-CE;DEL01-CE;UOP01-DEL01-CE;;;
660289;09/02/2025;domingo;15:30:00;RS;392;45,5;RIO GRANDE;Rea��o tardia ou ineficiente do condutor;Sa�da de leito carro��vel;Com V�timas Feridas;Pleno dia;Decrescente;C�u Claro;Dupla;Reta;N�o;3;0;2;0;1;0;2;1;-31,91917407;-52,3144974;SPRF-RS;DEL07-RS;UOP02-DEL07-RS;;;
660291;09/02/2025;domingo;15:50:00;MG;40;496,5;ESMERALDAS;Velocidade Incompat�vel;Colis�o com objeto;Com V�timas Feridas;Pleno dia;Crescente;Nublado;Dupla;"Curva;Declive";Sim;2;0;2;0;0;0;2;1;-19,67806052;-44,18852448;SPRF-MG;DEL02-MG;UOP01-DEL02-MG;;;
660292;09/02/2025;domingo;16:00:00;PR;163;202;CASCAVEL;Acumulo de �gua sobre o pavimento;Sa�da de leito carro��vel;Com V�timas Fatais;Pleno dia;Crescente;Chuva;Dupla;Reta;N�o;1;1;0;0;0;0;0;1;-25,01364099;-53,55458482;SPRF-PR;DEL05-PR;UOP05-DEL05-PR;;;
660293;09/02/2025;domingo;16:00:00;PR;376;183;SARANDI;Velocidade Incompat�vel;Colis�o traseira;Com V�timas Feridas;Pleno dia;Crescente;C�u Claro;M�ltipla;Reta;Sim;3;0;1;0;2;0;1;2;-23,44159097;-51,87067398;SPRF-PR;DEL09-PR;UOP01-DEL09-PR;;;
660295;09/02/2025;domingo;13:45:00;GO;60;95;ANAPOLIS;Aus�ncia de rea��o do condutor;Colis�o traseira;Com V�timas Feridas;Pleno dia;Decrescente;C�u Claro;M�ltipla;Reta;Sim;2;0;1;0;1;0;1;2;-16,3679;-48,939;SPRF-GO;DEL02-GO;UOP01-DEL02-GO;;;
660296;09/02/2025;domingo;15:45:00;MS;163;40;ELDORADO;Aus�ncia de rea��o do condutor;Sa�da de leito carro��vel;Com V�timas Feridas;Pleno dia;Decrescente;C�u Claro;Simples;Reta;N�o;2;0;1;0;1;0;1;1;-23,78880331;-54,27961975;SPRF-MS;DEL09-MS;UOP02-DEL09-MS;;;
660297;09/02/2025;domingo;17:05:00;PR;476;143;CURITIBA;Demais falhas mec�nicas ou el�tricas;Queda de ocupante de ve�culo;Com V�timas Feridas;Pleno dia;Decrescente;C�u Claro;Dupla;Reta;Sim;2;0;2;0;0;0;2;1;-25,543802;-49,305328;SPRF-PR;DEL01-PR;UOP06-DEL01-PR;;;
660298;09/02/2025;domingo;16:45:00;PB;230;14;CABEDELO;Ingest�o de �lcool pelo condutor;Sa�da de leito carro��vel;Com V�timas Feridas;Pleno dia;Crescente;C�u Claro;M�ltipla;Reta;Sim;1;0;1;0;0;0;1;1;-7,08878739;-34,84822512;SPRF-PB;DEL01-PB;UOP01-DEL01-PB;;;
660299;09/02/2025;domingo;15:00:00;RN;405;92;ITAU;Ingest�o de �lcool pelo condutor;Colis�o traseira;Com V�timas Feridas;Pleno dia;Crescente;C�u Claro;Simples;Reta;N�o;3;0;1;0;2;0;1;2;-5,74759952;-37,86997688;SPRF-RN;DEL04-RN;UOP02-DEL04-RN;;;
660300;09/02/2025;domingo;16:00:00;MG;40;510;RIBEIRAO DAS NEVES;Condutor deixou de manter dist�ncia do ve�culo da frente;Colis�o traseira;Sem V�timas;Pleno dia;Crescente;C�u Claro;Dupla;Reta;N�o;3;0;0;0;3;0;0;3;-19,77463885;-44,12321882;SPRF-MG;DEL01-MG;UOP02-DEL01-MG;;;
660301;09/02/2025;domingo;08:45:00;SC;280;85;CORUPA;Rea��o tardia ou ineficiente do condutor;Colis�o traseira;Com V�timas Feridas;Pleno dia;Crescente;C�u Claro;Simples;"Aclive;Reta";N�o;7;0;1;0;6;0;1;2;-26,41662398;-49,25617218;SPRF-SC;DEL06-SC;UOP03-DEL06-SC;;;
660302;16/01/2025;quinta-feira;20:50:00;PB;230;46;SANTA RITA;Ingest�o de �lcool pelo condutor;Colis�o traseira;Com V�timas Feridas;Plena Noite;Decrescente;C�u Claro;Dupla;Reta;N�o;2;0;0;1;0;1;1;2;-7,1635;-35,025;SPRF-PB;DEL01-PB;UOP02-DEL01-PB;;;
660304;09/02/2025;domingo;16:30:00;DF;70;10;BRASILIA;Ingest�o de �lcool pelo condutor;Queda de ocupante de ve�culo;Com V�timas Feridas;Pleno dia;Decrescente;C�u Claro;Dupla;Reta;Sim;2;0;2;0;0;0;2;1;-15,787066;-48,140709;SPRF-DF;DEL03-DF;UOP02-DEL03-DF;;;
660305;09/02/2025;domingo;16:15:00;MG;262;358;BETIM;Velocidade Incompat�vel;Sa�da de leito carro��vel;Com V�timas Feridas;Pleno dia;Crescente;Nublado;Dupla;Reta;N�o;1;0;1;0;0;0;1;1;-19,97562699;-44,197751;SPRF-MG;DEL01-MG;UOP03-DEL01-MG;;;
660306;09/02/2025;domingo;17:00:00;ES;101;350,1;GUARAPARI;Aus�ncia de rea��o do condutor;Capotamento;Com V�timas Feridas;Pleno dia;Crescente;Sol;Dupla;Curva;N�o;2;0;2;0;0;0;2;1;-20,665676;-40,655926;SPRF-ES;DEL03-ES;UOP01-DEL03-ES;;;
660307;09/02/2025;domingo;14:40:00;SC;101;30,9;JOINVILLE;Avarias e/ou desgaste excessivo no pneu;Tombamento;Com V�timas Feridas;Pleno dia;Crescente;C�u Claro;Dupla;Reta;N�o;2;0;2;0;0;0;2;1;-26,23665019;-48,91503811;SPRF-SC;DEL03-SC;UOP01-DEL03-SC;;;
660308;09/02/2025;domingo;16:50:00;SC;101;164;TIJUCAS;Aus�ncia de rea��o do condutor;Colis�o traseira;Com V�timas Feridas;Pleno dia;Decrescente;C�u Claro;Dupla;"Reta;Declive;Interse��o de Vias";Sim;3;0;1;0;2;0;1;2;-27,243868;-48,6309;SPRF-SC;DEL04-SC;UOP03-DEL04-SC;;;
660309;09/02/2025;domingo;16:32:00;GO;70;14;AGUAS LINDAS DE GOIAS;Rea��o tardia ou ineficiente do condutor;Colis�o traseira;Sem V�timas;Pleno dia;Crescente;Nublado;Dupla;"Curva;Aclive";N�o;3;0;0;0;3;0;0;2;-15,75117968;-48,3251492;SPRF-DF;DEL03-DF;UOP02-DEL03-DF;;;
660310;09/02/2025;domingo;16:20:00;SC;116;224,3;CORREIA PINTO;Mal s�bito do condutor;Sa�da de leito carro��vel;Com V�timas Feridas;Pleno dia;Decrescente;C�u Claro;Simples;Curva;N�o;2;0;2;0;0;0;2;1;-27,621103;-50,344333;SPRF-SC;DEL05-SC;UOP03-DEL05-SC;;;
660312;09/02/2025;domingo;17:30:00;RS;386;335;MARQUES DE SOUZA;Ultrapassagem Indevida;Colis�o lateral mesmo sentido;Com V�timas Feridas;Pleno dia;Crescente;C�u Claro;Simples;Curva;N�o;9;0;6;1;1;1;7;3;-29,385532;-52,052769;SPRF-RS;DEL04-RS;UOP01-DEL04-RS;;;
660314;09/02/2025;domingo;17:30:00;ES;101;260;SERRA;Aus�ncia de rea��o do condutor;Queda de ocupante de ve�culo;Com V�timas Feridas;Plena Noite;Crescente;C�u Claro;Simples;Reta;N�o;1;0;1;0;0;0;1;1;-20,14616415;-40,28836206;SPRF-ES;DEL02-ES;UOP01-DEL02-ES;;;
660315;09/02/2025;domingo;17:10:00;GO;452;0,5;RIO VERDE;Aus�ncia de rea��o do condutor;Colis�o traseira;Com V�timas Feridas;Pleno dia;Decrescente;C�u Claro;Dupla;Reta;Sim;2;0;1;0;1;0;1;2;-17,786345;-50,901516;SPRF-GO;DEL04-GO;UOP01-DEL04-GO;;;
660316;09/02/2025;domingo;17:30:00;PE;101;67,7;RECIFE;Condutor deixou de manter dist�ncia do ve�culo da frente;Colis�o traseira;Com V�timas Feridas;Anoitecer;Crescente;Nublado;M�ltipla;Reta;N�o;3;0;1;1;1;0;2;2;-8,042334;-34,943096;SPRF-PE;DEL01-PE;UOP01-DEL01-PE;;;
660317;09/02/2025;domingo;18:06:00;RS;290;105;ELDORADO DO SUL;Aus�ncia de rea��o do condutor;Engavetamento;Com V�timas Feridas;Pleno dia;Decrescente;C�u Claro;Dupla;Reta;N�o;6;0;2;0;4;0;2;4;-29,99608;-51,285023;SPRF-RS;DEL02-RS;UOP01-DEL02-RS;;;
660319;09/02/2025;domingo;18:20:00;MG;381;451;SABARA;Condutor deixou de manter dist�ncia do ve�culo da frente;Colis�o traseira;Com V�timas Feridas;Anoitecer;Crescente;C�u Claro;Simples;Reta;Sim;2;0;0;1;1;0;1;2;-19,83832024;-43,8806931;SPRF-MG;DEL01-MG;UOP01-DEL01-MG;;;
660320;09/02/2025;domingo;18:10:00;SC;282;16,4;PALHOCA;Manobra de mudan�a de faixa;Colis�o lateral mesmo sentido;Com V�timas Feridas;Pleno dia;Decrescente;Sol;Simples;Reta;Sim;3;0;1;0;2;0;1;2;-27,658611;-48,681847;SPRF-SC;DEL01-SC;UOP02-DEL01-SC;;;
660321;09/02/2025;domingo;18:10:00;SC;470;158,7;TROMBUDO CENTRAL;Ingest�o de �lcool pelo condutor;Colis�o traseira;Com V�timas Feridas;Anoitecer;Decrescente;C�u Claro;Simples;Curva;Sim;3;0;2;0;1;0;2;2;-27,2861268;-49,78975567;SPRF-SC;DEL04-SC;UOP02-DEL04-SC;;;
660322;09/02/2025;domingo;18:20:00;PB;230;308,9;SAO MAMEDE;Demais falhas mec�nicas ou el�tricas;Queda de ocupante de ve�culo;Com V�timas Feridas;Plena Noite;Decrescente;C�u Claro;Simples;Reta;N�o;2;0;1;1;0;0;2;1;-6,9222;-37,052;SPRF-PB;DEL03-PB;UOP01-DEL03-PB;;;
660324;09/02/2025;domingo;18:20:00;SC;101;213,3;PALHOCA;Desrespeitar a prefer�ncia no cruzamento;Colis�o transversal;Com V�timas Feridas;Anoitecer;Decrescente;Nublado;Dupla;"Reta;Interse��o de Vias;Viaduto";Sim;2;0;0;1;1;0;1;2;-27,63697369;-48,66514142;SPRF-SC;DEL01-SC;UOP02-DEL01-SC;;;
660325;09/02/2025;domingo;18:03:00;PB;101;42;MAMANGUAPE;Manobra de mudan�a de faixa;Colis�o lateral mesmo sentido;Com V�timas Feridas;Plena Noite;Decrescente;C�u Claro;Simples;Curva;N�o;2;0;0;1;1;0;1;2;-6,856615;-35,13444297;SPRF-PB;DEL01-PB;UOP03-DEL01-PB;;;
660327;09/02/2025;domingo;17:10:00;BA;116;670;JEQUIE;Rea��o tardia ou ineficiente do condutor;Sa�da de leito carro��vel;Com V�timas Feridas;Pleno dia;Decrescente;Chuva;Simples;Rotat�ria;N�o;3;0;2;0;1;0;2;1;-13,78272786;-40,10685828;SPRF-BA;DEL03-BA;UOP01-DEL03-BA;;;
660328;09/02/2025;domingo;17:40:00;SP;116;284,5;ITAPECERICA DA SERRA;Aus�ncia de rea��o do condutor;Colis�o traseira;Sem V�timas;Pleno dia;Decrescente;C�u Claro;Dupla;Reta;Sim;2;0;0;0;2;0;0;2;-23,69998;-46,867767;SPRF-SP;DEL04-SP;UOP01-DEL04-SP;;;
660329;09/02/2025;domingo;17:20:00;SC;101;369;ICARA;Aus�ncia de rea��o do condutor;Tombamento;Com V�timas Feridas;Pleno dia;Decrescente;C�u Claro;M�ltipla;Reta;N�o;2;0;2;0;0;0;2;1;-28,69775604;-49,182934;SPRF-SC;DEL02-SC;UOP01-DEL02-SC;;;
660330;09/02/2025;domingo;18:00:00;RS;470;239,3;CARLOS BARBOSA;Acessar a via sem observar a presen�a dos outros ve�culos;Colis�o transversal;Com V�timas Feridas;Anoitecer;Crescente;C�u Claro;Simples;Curva;Sim;2;0;0;1;1;0;1;2;-29,345757;-51,508812;SPRF-RS;DEL06-RS;UOP01-DEL06-RS;;;
660331;09/02/2025;domingo;18:10:00;SP;116;220;GUARULHOS;Trafegar com motocicleta (ou similar) entre as faixas;Colis�o lateral mesmo sentido;Com V�timas Feridas;Anoitecer;Crescente;C�u Claro;M�ltipla;"Reta;Em Obras";Sim;2;0;1;0;1;0;1;2;-23,46472809;-46,49793962;SPRF-SP;DEL01-SP;UOP01-DEL01-SP;;;
660332;09/02/2025;domingo;18:00:00;ES;101;270;SERRA;Convers�o proibida;Colis�o transversal;Com V�timas Feridas;Anoitecer;Decrescente;C�u Claro;M�ltipla;"Reta;Interse��o de Vias";Sim;4;0;1;0;2;1;1;3;-20,22662056;-40,27075088;SPRF-ES;DEL02-ES;UOP01-DEL02-ES;;;
660333;09/02/2025;domingo;19:00:00;RJ;116;187;NOVA IGUACU;Rea��o tardia ou ineficiente do condutor;Colis�o traseira;Com V�timas Feridas;Plena Noite;Decrescente;C�u Claro;Dupla;Reta;N�o;2;0;1;0;1;0;1;2;-22,73883756;-43,47245197;SPRF-RJ;DEL06-RJ;UOP01-DEL06-RJ;;;
660334;09/02/2025;domingo;18:00:00;RS;116;149,7;CAXIAS DO SUL;Manobra de mudan�a de faixa;Colis�o lateral mesmo sentido;Sem V�timas;Anoitecer;Crescente;C�u Claro;Dupla;Reta;N�o;3;0;0;0;3;0;0;2;-29,15996905;-51,15645292;SPRF-RS;DEL05-RS;UOP01-DEL05-RS;;;
660335;09/02/2025;domingo;17:45:00;PE;101;124,5;ESCADA;Acessar a via sem observar a presen�a dos outros ve�culos;Colis�o traseira;Com V�timas Feridas;Plena Noite;Decrescente;C�u Claro;Dupla;Reta;Sim;2;0;1;0;1;0;1;2;-8,361745;-35,213108;SPRF-PE;DEL01-PE;UOP03-DEL01-PE;;;
660336;09/02/2025;domingo;18:15:00;RS;290;39;SANTO ANTONIO DA PATRULHA;Aus�ncia de rea��o do condutor;Sa�da de leito carro��vel;Com V�timas Feridas;Pleno dia;Decrescente;C�u Claro;Dupla;Reta;N�o;2;0;1;0;1;0;1;1;-29,88625;-50,648232;SPRF-RS;DEL03-RS;UOP01-DEL03-RS;;;
660337;09/02/2025;domingo;18:55:00;RS;116;307;GUAIBA;Condutor deixou de manter dist�ncia do ve�culo da frente;Engavetamento;Com V�timas Feridas;Pleno dia;Decrescente;C�u Claro;Simples;Reta;N�o;10;0;2;0;8;0;2;3;-30,18291689;-51,39555744;SPRF-RS;DEL02-RS;UOP01-DEL02-RS;;;
660339;05/02/2025;quarta-feira;16:20:00;RJ;101;333;RIO DE JANEIRO;Avarias e/ou desgaste excessivo no pneu;Tombamento;Com V�timas Feridas;Pleno dia;Crescente;Sol;Dupla;Reta;Sim;2;0;2;0;0;0;2;1;-22,87827816;-43,21053578;SPRF-RJ;DEL02-RJ;UOP01-DEL02-RJ;;;
660340;09/02/2025;domingo;19:00:00;SE;101;108;SAO CRISTOVAO;Demais falhas mec�nicas ou el�tricas;Inc�ndio;Sem V�timas;Plena Noite;Crescente;Nublado;Dupla;"Aclive;Retorno Regulamentado";N�o;1;0;0;0;1;0;0;1;-10,96566319;-37,2682851;SPRF-SE;DEL02-SE;UOP01-DEL02-SE;;;
660342;09/02/2025;domingo;19:15:00;RS;290;95;PORTO ALEGRE;Manobra de mudan�a de faixa;Colis�o lateral mesmo sentido;Com V�timas Feridas;Anoitecer;Crescente;C�u Claro;Dupla;Reta;N�o;3;0;2;0;1;0;2;2;-29,982832;-51,201572;SPRF-RS;DEL01-RS;UOP01-DEL01-RS;;;
660343;09/02/2025;domingo;18:00:00;RJ;393;282;VOLTA REDONDA;Convers�o proibida;Colis�o frontal;Sem V�timas;Anoitecer;Decrescente;C�u Claro;Simples;Rotat�ria;N�o;3;0;0;0;2;1;0;2;-22,48082784;-44,04047201;SPRF-RJ;DEL05-RJ;UOP04-DEL05-RJ;;;
660344;09/02/2025;domingo;19:00:00;MG;365;21,1;MONTES CLAROS;Velocidade Incompat�vel;Colis�o frontal;Com V�timas Fatais;Anoitecer;Crescente;Nublado;Simples;"Reta;Declive";N�o;6;1;4;1;0;0;5;2;-16,86408314;-44,02535005;SPRF-MG;DEL12-MG;UOP01-DEL12-MG;;;
660345;09/02/2025;domingo;19:00:00;ES;101;231;FUNDAO;Velocidade Incompat�vel;Colis�o traseira;Com V�timas Feridas;Pleno dia;Decrescente;C�u Claro;Simples;Reta;N�o;3;0;2;0;0;1;2;2;-19,94425773;-40,40662323;SPRF-ES;DEL02-ES;UOP01-DEL02-ES;;;
660346;09/02/2025;domingo;17:30:00;RS;290;68;GRAVATAI;Demais falhas mec�nicas ou el�tricas;Tombamento;Com V�timas Feridas;Pleno dia;Crescente;C�u Claro;Dupla;Reta;N�o;2;0;2;0;0;0;2;1;-29,943384;-50,936207;SPRF-RS;DEL03-RS;UOP01-DEL03-RS;;;
660347;09/02/2025;domingo;17:40:00;PR;376;14,5;MARINGA;Rea��o tardia ou ineficiente do condutor;Colis�o traseira;Com V�timas Fatais;Anoitecer;Crescente;Nublado;Dupla;Reta;N�o;6;1;3;2;0;0;5;2;-23,4273;-51,9375;SPRF-PR;DEL09-PR;UOP01-DEL09-PR;;;
660348;09/02/2025;domingo;18:50:00;SP;381;57;MAIRIPORA;Condutor deixou de manter dist�ncia do ve�culo da frente;Colis�o lateral mesmo sentido;Com V�timas Feridas;Anoitecer;Decrescente;C�u Claro;Dupla;Reta;Sim;2;0;1;0;1;0;1;2;-23,2658219;-46,5839857;SPRF-SP;DEL03-SP;UOP01-DEL03-SP;;;
660350;09/02/2025;domingo;17:30:00;RJ;493;19;MAGE;Condutor deixou de manter dist�ncia do ve�culo da frente;Colis�o traseira;Com V�timas Feridas;Pleno dia;Crescente;Nublado;Simples;Reta;Sim;3;0;2;0;1;0;2;2;-22,6687122;-43,01862696;SPRF-RJ;DEL04-RJ;UOP02-DEL04-RJ;;;