id;data_inversa;dia_semana;horario;uf;br;km;municipio;causa_acidente;tipo_acidente;classificacao_acidente;fase_dia;sentido_via;condicao_metereologica;tipo_pista;tracado_via;uso_solo;pessoas;mortos;feridos_leves;feridos_graves;ilesos;ignorados;feridos;veiculos;latitude;longitude;regional;delegacia;uop;;;
660352;09/02/2025;domingo;16:40:00;MS;463;109,6;PONTA PORA;Transitar na contram�o;Colis�o transversal;Com V�timas Feridas;Pleno dia;Crescente;C�u Claro;Dupla;"Interse��o de Vias;Reta";Sim;4;0;2;0;2;0;2;2;-22,58039272;-55,68886181;SPRF-MS;DEL04-MS;UOP03-DEL04-MS;;;
660354;09/02/2025;domingo;19:30:00;SC;101;65;ARAQUARI;Aus�ncia de rea��o do condutor;Sa�da de leito carro��vel;Com V�timas Feridas;Plena Noite;Crescente;C�u Claro;M�ltipla;Curva;N�o;2;0;1;0;1;0;1;1;-26,47135714;-48,74457217;SPRF-SC;DEL03-SC;UOP02-DEL03-SC;;;
660355;09/02/2025;domingo;19:05:00;GO;414;436;ANAPOLIS;Aus�ncia de rea��o do condutor;Sa�da de leito carro��vel;Com V�timas Feridas;Plena Noite;Crescente;C�u Claro;Simples;Reta;Sim;1;0;1;0;0;0;1;1;-16,25482505;-48,9361188;SPRF-GO;DEL02-GO;UOP01-DEL02-GO;;;
660357;09/02/2025;domingo;19:30:00;CE;116;44,6;PACAJUS;Acesso irregular;Colis�o transversal;Com V�timas Feridas;Plena Noite;Crescente;C�u Claro;Dupla;"Retorno Regulamentado;Reta";Sim;2;0;0;1;0;1;1;2;-4,131965;-38,482975;SPRF-CE;DEL01-CE;UOP02-DEL01-CE;;;
660358;09/02/2025;domingo;19:40:00;MG;40;803;MATIAS BARBOSA;Declive acentuado;Tombamento;Com V�timas Feridas;Plena Noite;Crescente;C�u Claro;Dupla;"Declive;Retorno Regulamentado";N�o;1;0;0;1;0;0;1;1;-21,85782703;-43,37661004;SPRF-MG;DEL05-MG;UOP01-DEL05-MG;;;
660361;09/02/2025;domingo;19:25:00;RO;364;239,1;CACOAL;Manobra de mudan�a de faixa;Colis�o lateral mesmo sentido;Com V�timas Feridas;Plena Noite;Crescente;C�u Claro;Simples;"Retorno Regulamentado;Reta";Sim;2;0;1;0;0;1;1;2;-11,433598;-61,463382;SPRF-RO;DEL02-RO;UOP02-DEL02-RO;;;
660362;09/02/2025;domingo;19:15:00;RS;116;586,5;ARROIO GRANDE;Aus�ncia de rea��o do condutor;Sa�da de leito carro��vel;Com V�timas Feridas;Plena Noite;Crescente;C�u Claro;Simples;Reta;N�o;3;0;2;0;1;0;2;1;-32,07459663;-52,88596038;SPRF-RS;DEL07-RS;UOP03-DEL07-RS;;;
660363;09/02/2025;domingo;19:20:00;PR;153;365;RIO AZUL;Aus�ncia de rea��o do condutor;Sa�da de leito carro��vel;Sem V�timas;Plena Noite;Crescente;C�u Claro;Simples;"Aclive;Reta";N�o;1;0;0;0;0;1;0;1;-25,7080611;-50,7839591;SPRF-PR;DEL08-PR;UOP02-DEL08-PR;;;
660364;09/02/2025;domingo;18:30:00;MG;40;616;CONGONHAS;Rea��o tardia ou ineficiente do condutor;Colis�o traseira;Com V�timas Feridas;Anoitecer;Decrescente;Nublado;Simples;Reta;N�o;7;0;5;0;2;0;5;3;-20,54605704;-43,81990003;SPRF-MG;DEL05-MG;UOP02-DEL05-MG;;;
660365;09/02/2025;domingo;20:20:00;PR;369;93;CORNELIO PROCOPIO;Rea��o tardia ou ineficiente do condutor;Tombamento;Com V�timas Feridas;Plena Noite;Decrescente;C�u Claro;Dupla;Curva;N�o;2;0;2;0;0;0;2;1;-23,21006;-50,666684;SPRF-PR;DEL07-PR;UOP05-DEL07-PR;;;
660366;09/02/2025;domingo;18:35:00;RJ;116;189;NOVA IGUACU;Trafegar com motocicleta (ou similar) entre as faixas;Colis�o lateral mesmo sentido;Com V�timas Feridas;Anoitecer;Decrescente;C�u Claro;Dupla;Reta;N�o;2;0;2;0;0;0;2;1;-22,73765712;-43,49182298;SPRF-RJ;DEL06-RJ;UOP01-DEL06-RJ;;;
660368;09/02/2025;domingo;20:20:00;SP;116;197;ARUJA;Rea��o tardia ou ineficiente do condutor;Colis�o traseira;Sem V�timas;Plena Noite;Crescente;C�u Claro;Dupla;Reta;N�o;2;0;0;0;2;0;0;2;-23,39721625;-46,29284287;SPRF-SP;DEL01-SP;UOP01-DEL01-SP;;;
660369;09/02/2025;domingo;19:30:00;SC;101;131;BALNEARIO CAMBORIU;Manobra de mudan�a de faixa;Colis�o lateral mesmo sentido;Com V�timas Feridas;Plena Noite;Decrescente;C�u Claro;Dupla;Reta;Sim;2;0;0;1;1;0;1;2;-26,99064209;-48,66310912;SPRF-SC;DEL04-SC;UOP03-DEL04-SC;;;
660370;09/02/2025;domingo;17:50:00;MG;381;274;CORONEL FABRICIANO;Rea��o tardia ou ineficiente do condutor;Colis�o com objeto;Sem V�timas;Anoitecer;Crescente;Nublado;Simples;Reta;N�o;1;0;0;0;0;1;0;1;-19,57460683;-42,71801809;SPRF-MG;DEL03-MG;UOP02-DEL03-MG;;;
660371;09/02/2025;domingo;20:30:00;ES;101;423;ATILIO VIVACQUA;Velocidade Incompat�vel;Sa�da de leito carro��vel;Com V�timas Feridas;Plena Noite;Crescente;C�u Claro;Simples;Curva;N�o;2;0;2;0;0;0;2;1;-20,989783;-41,118799;SPRF-ES;DEL03-ES;UOP02-DEL03-ES;;;
660372;09/02/2025;domingo;16:50:00;BA;101;131;TEODORO SAMPAIO;Condutor Dormindo;Colis�o com objeto;Com V�timas Feridas;Pleno dia;Decrescente;C�u Claro;Simples;"Reta;Declive";N�o;5;0;1;2;2;0;3;1;-12,23241796;-38,62304209;SPRF-BA;DEL01-BA;UOP04-DEL01-BA;;;
660373;09/02/2025;domingo;19:15:00;SC;101;283,3;IMBITUBA;Transitar na contram�o;Colis�o frontal;Com V�timas Fatais;Plena Noite;Decrescente;C�u Claro;Dupla;Reta;N�o;4;1;0;0;3;0;0;2;-28,223731;-48,700628;SPRF-SC;DEL02-SC;UOP03-DEL02-SC;;;
660374;09/02/2025;domingo;07:20:00;RO;364;535;ALTO PARAISO;Aus�ncia de rea��o do condutor;Sa�da de leito carro��vel;Sem V�timas;Pleno dia;Decrescente;Chuva;Simples;Curva;N�o;1;0;0;0;0;1;0;1;-9,75412198;-63,09728697;SPRF-RO;DEL03-RO;UOP01-DEL03-RO;;;
660376;09/02/2025;domingo;09:30:00;RJ;465;13;SEROPEDICA;Aus�ncia de rea��o do condutor;Queda de ocupante de ve�culo;Com V�timas Feridas;Pleno dia;Crescente;C�u Claro;Simples;Reta;Sim;1;0;1;0;0;0;1;1;-22,804979;-43,638828;SPRF-RJ;DEL06-RJ;UOP02-DEL06-RJ;;;
660377;09/02/2025;domingo;21:20:00;SP;116;198;ARUJA;Ingest�o de �lcool pelo condutor;Engavetamento;Sem V�timas;Plena Noite;Crescente;C�u Claro;M�ltipla;Reta;Sim;3;0;0;0;3;0;0;3;-23,399937;-46,302038;SPRF-SP;DEL01-SP;UOP01-DEL01-SP;;;
660378;09/02/2025;domingo;21:20:00;RJ;393;167;TRES RIOS;Convers�o proibida;Colis�o transversal;Com V�timas Feridas;Plena Noite;Crescente;Nublado;Simples;Reta;Sim;2;0;0;1;0;1;1;2;-22,127502;-43,147022;SPRF-RJ;DEL05-RJ;UOP01-DEL05-RJ;;;
660379;09/02/2025;domingo;16:50:00;MG;381;550,4;ITAGUARA;Aus�ncia de rea��o do condutor;Tombamento;Com V�timas Feridas;Pleno dia;Decrescente;C�u Claro;Dupla;Reta;N�o;1;0;1;0;0;0;1;1;-20,32661215;-44,45627931;SPRF-MG;DEL04-MG;UOP03-DEL04-MG;;;
660381;09/02/2025;domingo;19:40:00;MS;436;1;APARECIDA DO TABOADO;Aus�ncia de rea��o do condutor;Colis�o com objeto;Com V�timas Feridas;Plena Noite;Crescente;C�u Claro;Simples;Rotat�ria;N�o;1;0;1;0;0;0;1;1;-20,087124;-51,09403;SPRF-MS;DEL08-MS;UOP01-DEL08-MS;;;
660383;09/02/2025;domingo;19:10:00;RS;101;73;OSORIO;Rea��o tardia ou ineficiente do condutor;Colis�o com objeto;Sem V�timas;Plena Noite;Decrescente;Garoa/Chuvisco;Dupla;Reta;N�o;1;0;0;0;1;0;0;1;-29,77364194;-50,21889907;SPRF-RS;DEL03-RS;UOP01-DEL03-RS;;;
660385;09/02/2025;domingo;21:29:00;SC;282;371;ERVAL VELHO;Aus�ncia de rea��o do condutor;Sa�da de leito carro��vel;Sem V�timas;Plena Noite;Decrescente;C�u Claro;Simples;"Curva;Declive";N�o;1;0;0;0;0;1;0;1;-27,262321;-51,442307;SPRF-SC;DEL07-SC;UOP05-DEL07-SC;;;
660387;09/02/2025;domingo;21:20:00;RN;304;291,9;MACAIBA;Animais na Pista;Atropelamento de Animal;Com V�timas Feridas;Plena Noite;Crescente;C�u Claro;Dupla;Reta;N�o;4;0;2;0;2;0;2;1;-5,86769816;-35,39394002;SPRF-RN;DEL01-RN;UOP02-DEL01-RN;;;
660388;09/02/2025;domingo;21:30:00;SP;116;120;CACAPAVA;Ingest�o de �lcool pelo condutor;Sa�da de leito carro��vel;Sem V�timas;Plena Noite;Decrescente;C�u Claro;Dupla;Reta;N�o;1;0;0;0;1;0;0;1;-23,0715638;-45,64459209;SPRF-SP;DEL02-SP;UOP02-DEL02-SP;;;
660389;09/02/2025;domingo;17:42:00;MA;222;463;SANTA LUZIA;Ingest�o de �lcool pelo condutor;Queda de ocupante de ve�culo;Com V�timas Feridas;Plena Noite;Decrescente;C�u Claro;Simples;Curva;N�o;1;0;0;1;0;0;1;1;-4,16658811;-46,02807088;SPRF-MA;DEL02-MA;UOP01-DEL02-MA;;;
660390;09/02/2025;domingo;22:00:00;RS;392;110,5;CANGUCU;Manobra de mudan�a de faixa;Colis�o frontal;Com V�timas Fatais;Plena Noite;Decrescente;C�u Claro;Simples;"Aclive;Reta";N�o;5;1;2;0;2;0;2;2;-31,46286685;-52,63497175;SPRF-RS;DEL07-RS;UOP01-DEL07-RS;;;
660391;09/02/2025;domingo;20:05:00;RJ;101;410;ITAGUAI;Suic�dio (presumido);Atropelamento de Pedestre;Com V�timas Feridas;Plena Noite;Decrescente;C�u Claro;Dupla;Reta;Sim;2;0;1;0;0;1;1;2;-22,88990471;-43,84007225;SPRF-RJ;DEL03-RJ;UOP01-DEL03-RJ;;;
660392;09/02/2025;domingo;21:00:00;ES;101;426,2;ATILIO VIVACQUA;Pedestre andava na pista;Atropelamento de Pedestre;Com V�timas Fatais;Plena Noite;Crescente;C�u Claro;Simples;Reta;N�o;3;1;0;0;2;0;0;2;-21,00770847;-41,13888973;SPRF-ES;DEL03-ES;UOP02-DEL03-ES;;;
660393;09/02/2025;domingo;22:25:00;TO;230;89,7;SAO BENTO DO TOCANTINS;Aus�ncia de rea��o do condutor;Colis�o traseira;Com V�timas Feridas;Plena Noite;Decrescente;Nublado;Simples;Reta;N�o;3;0;2;0;0;1;2;2;-6,05247899;-47,93466297;SPRF-TO;DEL02-TO;UOP03-DEL02-TO;;;
660394;09/02/2025;domingo;16:40:00;GO;364;17;SAO SIMAO;Aus�ncia de rea��o do condutor;Sa�da de leito carro��vel;Com V�timas Feridas;Pleno dia;Crescente;Nublado;Simples;Reta;N�o;1;0;0;1;0;0;1;1;-18,949745;-50,628994;SPRF-GO;DEL05-GO;UOP02-DEL05-GO;;;
660396;09/02/2025;domingo;21:15:00;MG;116;806,5;ALEM PARAIBA;Ingest�o de �lcool pelo condutor;Colis�o traseira;Com V�timas Fatais;Plena Noite;Crescente;C�u Claro;Simples;Reta;N�o;2;1;0;0;0;1;0;2;-21,80656688;-42,70294586;SPRF-MG;DEL07-MG;UOP01-DEL07-MG;;;
660397;09/02/2025;domingo;19:20:00;PE;101;48,1;ABREU E LIMA;Aus�ncia de rea��o do condutor;Colis�o traseira;Com V�timas Feridas;Plena Noite;Decrescente;C�u Claro;M�ltipla;"Declive;Reta;Retorno Regulamentado";Sim;2;0;1;0;1;0;1;2;-7,89174705;-34,9033493;SPRF-PE;DEL01-PE;UOP02-DEL01-PE;;;
660398;09/02/2025;domingo;21:50:00;GO;60;79;ANAPOLIS;Rea��o tardia ou ineficiente do condutor;Sa�da de leito carro��vel;Sem V�timas;Plena Noite;Decrescente;C�u Claro;Dupla;Retorno Regulamentado;N�o;2;0;0;0;0;2;0;1;-16,3007;-48,8128;SPRF-GO;DEL02-GO;UOP01-DEL02-GO;;;
660399;09/02/2025;domingo;21:50:00;RS;101;52;TERRA DE AREIA;Aus�ncia de rea��o do condutor;Sa�da de leito carro��vel;Com V�timas Feridas;Plena Noite;Decrescente;C�u Claro;Dupla;Reta;N�o;1;0;1;0;0;0;1;1;-29,62267366;-50,09718947;SPRF-RS;DEL03-RS;UOP02-DEL03-RS;;;
660400;09/02/2025;domingo;19:50:00;MG;262;572,8;CORREGO DANTA;Ingest�o de �lcool pelo condutor;Colis�o frontal;Com V�timas Feridas;Plena Noite;Crescente;C�u Claro;Simples;"Declive;Reta";N�o;3;0;2;1;0;0;3;2;-19,69358695;-46,03580475;SPRF-MG;DEL08-MG;UOP02-DEL08-MG;;;
660401;09/02/2025;domingo;20:00:00;PI;343;274;CAMPO MAIOR;Animais na Pista;Atropelamento de Animal;Com V�timas Feridas;Plena Noite;Crescente;C�u Claro;Simples;Reta;N�o;2;0;1;1;0;0;2;1;-4,879998;-42,226444;SPRF-PI;DEL01-PI;UOP03-DEL01-PI;;;
660402;09/02/2025;domingo;20:00:00;RO;364;378;OURO PRETO DO OESTE;Pista esburacada;Queda de ocupante de ve�culo;Com V�timas Feridas;Plena Noite;Crescente;C�u Claro;M�ltipla;Reta;N�o;1;0;1;0;0;0;1;1;-10,7422942;-62,20886998;SPRF-RO;DEL02-RO;UOP01-DEL02-RO;;;
660403;09/02/2025;domingo;18:45:00;PE;232;213;PESQUEIRA;Manobra de mudan�a de faixa;Colis�o frontal;Com V�timas Fatais;Plena Noite;Crescente;C�u Claro;Simples;Reta;N�o;5;2;1;1;0;1;2;2;-8,37683577;-36,7222201;SPRF-PE;DEL03-PE;UOP02-DEL03-PE;;;
660406;09/02/2025;domingo;22:50:00;PR;376;644;TIJUCAS DO SUL;Transitar na contram�o;Colis�o frontal;Com V�timas Feridas;Plena Noite;Crescente;C�u Claro;Simples;Curva;Sim;5;0;1;0;4;0;1;2;-25,81419584;-49,13167969;SPRF-PR;DEL01-PR;UOP04-DEL01-PR;;;
660407;09/02/2025;domingo;23:00:00;RJ;493;26;MAGE;Aus�ncia de rea��o do condutor;Queda de ocupante de ve�culo;Com V�timas Feridas;Plena Noite;Crescente;C�u Claro;Simples;"Declive;Reta";N�o;1;0;1;0;0;0;1;1;-22,65667;-43,088413;SPRF-RJ;DEL04-RJ;UOP02-DEL04-RJ;;;
660408;09/02/2025;domingo;19:00:00;RJ;116;131;MAGE;Transitar na contram�o;Colis�o frontal;Com V�timas Feridas;Anoitecer;Crescente;C�u Claro;Simples;Curva;Sim;3;0;1;1;1;0;2;2;-22,65608024;-43,12511494;SPRF-RJ;DEL04-RJ;UOP02-DEL04-RJ;;;
660412;09/02/2025;domingo;21:15:00;MA;316;196;ZE DOCA;Ingest�o de �lcool pelo condutor;Colis�o frontal;Com V�timas Fatais;Plena Noite;Decrescente;Chuva;Simples;Reta;Sim;2;1;1;0;0;0;1;2;-3,259696;-45,654808;SPRF-MA;DEL02-MA;UOP01-DEL02-MA;;;
660413;09/02/2025;domingo;22:40:00;MT;364;221;RONDONOPOLIS;Ingest�o de �lcool pelo condutor;Sa�da de leito carro��vel;Sem V�timas;Plena Noite;Decrescente;Chuva;Dupla;Curva;N�o;1;0;0;0;1;0;0;1;-16,34067812;-54,74489333;SPRF-MT;DEL02-MT;UOP01-DEL02-MT;;;
660414;10/02/2025;segunda-feira;00:10:00;SP;116;221;GUARULHOS;Trafegar com motocicleta (ou similar) entre as faixas;Colis�o lateral mesmo sentido;Com V�timas Feridas;Plena Noite;Decrescente;C�u Claro;M�ltipla;Reta;N�o;2;0;1;0;0;1;1;2;-23,46802395;-46,50704901;SPRF-SP;DEL01-SP;UOP01-DEL01-SP;;;
660415;10/02/2025;segunda-feira;00:25:00;SP;116;220;GUARULHOS;Demais falhas mec�nicas ou el�tricas;Colis�o traseira;Com V�timas Feridas;Plena Noite;Decrescente;Ignorado;M�ltipla;Reta;Sim;2;0;1;0;1;0;1;2;-23,46472809;-46,49793962;SPRF-SP;DEL01-SP;UOP01-DEL01-SP;;;
660416;09/02/2025;domingo;23:00:00;SC;116;58,3;PAPANDUVA;Velocidade Incompat�vel;Sa�da de leito carro��vel;Com V�timas Feridas;Plena Noite;Decrescente;C�u Claro;Simples;Reta;N�o;1;0;1;0;0;0;1;1;-26,37772259;-50,19785907;SPRF-SC;DEL06-SC;UOP02-DEL06-SC;;;
660417;09/02/2025;domingo;22:50:00;MS;262;239;RIBAS DO RIO PARDO;Aus�ncia de rea��o do condutor;Colis�o traseira;Com V�timas Feridas;Plena Noite;Crescente;C�u Claro;Simples;"Interse��o de Vias;Rotat�ria";Sim;3;0;3;0;0;0;3;2;-20,45684563;-53,75597803;SPRF-MS;DEL01-MS;UOP05-DEL01-MS;;;
660418;10/02/2025;segunda-feira;00:40:00;SP;116;211;GUARULHOS;Rea��o tardia ou ineficiente do condutor;Colis�o traseira;Sem V�timas;Plena Noite;Crescente;C�u Claro;M�ltipla;Reta;Sim;3;0;0;0;1;2;0;3;-23,4324306;-46,4194352;SPRF-SP;DEL01-SP;UOP01-DEL01-SP;;;
660419;10/02/2025;segunda-feira;00:30:00;BA;367;38;PORTO SEGURO;Velocidade Incompat�vel;Sa�da de leito carro��vel;Com V�timas Feridas;Plena Noite;Crescente;Ignorado;Simples;Reta;N�o;2;0;1;0;0;1;1;1;-16,3959773;-39,1933471;SPRF-BA;DEL09-BA;UOP03-DEL09-BA;;;
660421;09/02/2025;domingo;14:50:00;RJ;101;306;SAO GONCALO;Pedestre cruzava a pista fora da faixa;Atropelamento de Pedestre;Com V�timas Feridas;Pleno dia;Decrescente;Chuva;Dupla;Reta;N�o;2;0;0;1;1;0;1;2;-22,78913759;-43,00550909;SPRF-RJ;DEL02-RJ;UOP02-DEL02-RJ;;;
660423;09/02/2025;domingo;19:50:00;PR;277;207;PALMEIRA;Aus�ncia de rea��o do condutor;Colis�o com objeto;Sem V�timas;Anoitecer;Crescente;C�u Claro;Simples;Reta;N�o;1;0;0;0;0;1;0;1;-25,4649109;-50,26981701;SPRF-PR;DEL08-PR;UOP02-DEL08-PR;;;
660425;10/02/2025;segunda-feira;01:10:00;SP;116;204;ARUJA;Rea��o tardia ou ineficiente do condutor;Colis�o com objeto;Sem V�timas;Plena Noite;Crescente;Vento;M�ltipla;Reta;N�o;1;0;0;0;1;0;0;1;-23,41236123;-46,35692496;SPRF-SP;DEL01-SP;UOP01-DEL01-SP;;;
660426;09/02/2025;domingo;22:00:00;PR;153;353,4;REBOUCAS;Velocidade Incompat�vel;Sa�da de leito carro��vel;Sem V�timas;Plena Noite;Decrescente;C�u Claro;Simples;Reta;N�o;1;0;0;0;1;0;0;1;-25,639368;-50,72877;SPRF-PR;DEL08-PR;UOP02-DEL08-PR;;;
660428;09/02/2025;domingo;23:45:00;RS;116;263;CANOAS;Manobra de mudan�a de faixa;Colis�o com objeto;Sem V�timas;Plena Noite;Decrescente;C�u Claro;Simples;Reta;Sim;1;0;0;0;1;0;0;1;-29,90545398;-51,17674031;SPRF-RS;DEL01-RS;UOP01-DEL01-RS;;;
660429;09/02/2025;domingo;20:45:00;SC;282;437;VARGEM BONITA;Condutor Dormindo;Sa�da de leito carro��vel;Sem V�timas;Plena Noite;Decrescente;C�u Claro;Simples;Reta;N�o;1;0;0;0;0;1;0;1;-26,963764;-51,854839;SPRF-SC;DEL07-SC;UOP04-DEL07-SC;;;
660430;10/02/2025;segunda-feira;01:00:00;PR;153;463,1;PORTO VITORIA;Condutor Dormindo;Sa�da de leito carro��vel;Com V�timas Feridas;Plena Noite;Crescente;Nublado;Simples;"Reta;Declive";N�o;1;0;1;0;0;0;1;1;-26,25916701;-51,16865158;SPRF-PR;DEL02-PR;UOP03-DEL02-PR;;;
660433;10/02/2025;segunda-feira;01:00:00;PR;272;434,4;GOIOERE;Aus�ncia de rea��o do condutor;Colis�o com objeto;Com V�timas Feridas;Plena Noite;Crescente;C�u Claro;Simples;"Declive;Rotat�ria";Sim;1;0;1;0;0;0;1;1;-24,18629936;-53,00057888;SPRF-PR;DEL09-PR;UOP03-DEL09-PR;;;
660434;09/02/2025;domingo;23:00:00;MT;70;0;BARRA DO GARCAS;Ultrapassagem Indevida;Sa�da de leito carro��vel;Sem V�timas;Plena Noite;Decrescente;Chuva;Simples;"Interse��o de Vias;Ponte;Curva";Sim;2;0;0;0;1;1;0;2;-15,895538;-52,25599;SPRF-MT;DEL07-MT;UOP01-DEL07-MT;;;
660438;10/02/2025;segunda-feira;02:20:00;SC;101;367;ICARA;Rea��o tardia ou ineficiente do condutor;Sa�da de leito carro��vel;Sem V�timas;Plena Noite;Crescente;C�u Claro;Dupla;"Aclive;Reta";Sim;1;0;0;0;0;1;0;1;-28,69145778;-49,16484911;SPRF-SC;DEL02-SC;UOP01-DEL02-SC;;;
660439;10/02/2025;segunda-feira;05:00:00;PR;163;160,9;LINDOESTE;Condutor Dormindo;Capotamento;Com V�timas Feridas;Plena Noite;Crescente;C�u Claro;Dupla;Declive;N�o;1;0;1;0;0;0;1;1;-25,31426283;-53,58898379;SPRF-PR;DEL05-PR;UOP05-DEL05-PR;;;
660440;10/02/2025;segunda-feira;05:25:00;PB;101;72,6;SANTA RITA;Aus�ncia de rea��o do condutor;Colis�o com objeto;Com V�timas Fatais;Amanhecer;Crescente;C�u Claro;Dupla;Reta;N�o;1;1;0;0;0;0;0;1;-7,07320663;-34,99569975;SPRF-PB;DEL01-PB;UOP03-DEL01-PB;;;
660442;10/02/2025;segunda-feira;06:20:00;SP;116;218,7;GUARULHOS;Rea��o tardia ou ineficiente do condutor;Colis�o lateral mesmo sentido;Com V�timas Feridas;Pleno dia;Crescente;C�u Claro;Dupla;Reta;N�o;2;0;1;0;1;0;1;2;-23,457972;-46,479927;SPRF-SP;DEL01-SP;UOP01-DEL01-SP;;;
660445;10/02/2025;segunda-feira;06:20:00;RJ;101;323;NITEROI;Condutor deixou de manter dist�ncia do ve�culo da frente;Colis�o traseira;Com V�timas Feridas;Pleno dia;Decrescente;C�u Claro;Simples;"Reta;Ponte";Sim;2;0;0;1;1;0;1;2;-22,87684786;-43,11728689;SPRF-RJ;DEL02-RJ;UOP01-DEL02-RJ;;;
660449;10/02/2025;segunda-feira;06:00:00;DF;40;3;BRASILIA;Manobra de mudan�a de faixa;Colis�o traseira;Com V�timas Feridas;Pleno dia;Crescente;C�u Claro;Dupla;"Declive;Reta;Viaduto";Sim;2;0;1;0;1;0;1;2;-16,003145;-47,983944;SPRF-DF;DEL01-DF;UOP01-DEL01-DF;;;
660451;09/02/2025;domingo;22:50:00;MT;364;551;ROSARIO OESTE;Rea��o tardia ou ineficiente do condutor;Sa�da de leito carro��vel;Sem V�timas;Plena Noite;Crescente;Nublado;Dupla;Reta;N�o;1;0;0;0;1;0;0;1;-14,78318;-56,380657;SPRF-MT;DEL01-MT;UOP01-DEL01-MT;;;
660455;10/02/2025;segunda-feira;06:50:00;PE;101;14;GOIANA;Acesso irregular;Colis�o lateral sentido oposto;Com V�timas Feridas;Pleno dia;Decrescente;C�u Claro;Simples;Reta;N�o;1;0;0;1;0;0;1;1;-7,61202978;-34,97391343;SPRF-PE;DEL01-PE;UOP02-DEL01-PE;;;
660457;10/02/2025;segunda-feira;07:20:00;MG;40;735;SANTOS DUMONT;Velocidade Incompat�vel;Sa�da de leito carro��vel;Sem V�timas;Pleno dia;Crescente;C�u Claro;Simples;Curva;N�o;1;0;0;0;1;0;0;1;-21,37012696;-43,57558994;SPRF-MG;DEL05-MG;UOP01-DEL05-MG;;;
660458;10/02/2025;segunda-feira;06:25:00;MT;364;585;DIAMANTINO;Chuva;Sa�da de leito carro��vel;Com V�timas Feridas;Pleno dia;Decrescente;Chuva;Dupla;"Reta;Declive;Retorno Regulamentado";N�o;1;0;1;0;0;0;1;1;-14,62259102;-56,26467497;SPRF-MT;DEL01-MT;UOP01-DEL01-MT;;;
660460;10/02/2025;segunda-feira;07:10:00;PR;277;323;GUARAPUAVA;Frear bruscamente;Engavetamento;Com V�timas Feridas;Pleno dia;Decrescente;C�u Claro;Simples;"Aclive;Reta";N�o;5;0;2;0;3;0;2;3;-25,36322295;-51,24475004;SPRF-PR;DEL08-PR;UOP01-DEL08-PR;;;
660461;10/02/2025;segunda-feira;07:35:00;PB;101;67;SANTA RITA;Condutor Dormindo;Colis�o com objeto;Sem V�timas;Pleno dia;Crescente;C�u Claro;Dupla;Declive;N�o;1;0;0;0;1;0;0;1;-7,05298058;-35,03595029;SPRF-PB;DEL01-PB;UOP03-DEL01-PB;;;
660462;10/02/2025;segunda-feira;02:00:00;RO;364;343;JI-PARANA;Aus�ncia de rea��o do condutor;Colis�o traseira;Com V�timas Feridas;Plena Noite;Crescente;C�u Claro;M�ltipla;Reta;Sim;2;0;1;0;1;0;1;2;-10,87878519;-61,94499012;SPRF-RO;DEL02-RO;UOP01-DEL02-RO;;;
660463;10/02/2025;segunda-feira;07:10:00;MG;116;816,4;ALEM PARAIBA;Acessar a via sem observar a presen�a dos outros ve�culos;Colis�o transversal;Com V�timas Feridas;Pleno dia;Crescente;C�u Claro;Simples;"Reta;Interse��o de Vias";N�o;3;0;2;0;1;0;2;2;-21,86902523;-42,67084185;SPRF-MG;DEL07-MG;UOP01-DEL07-MG;;;
660465;10/02/2025;segunda-feira;07:30:00;AL;104;71;MURICI;Demais falhas mec�nicas ou el�tricas;Inc�ndio;Sem V�timas;Pleno dia;Crescente;C�u Claro;Simples;Curva;N�o;1;0;0;0;1;0;0;1;-9,3554618;-35,85400192;SPRF-AL;DEL01-AL;UOP02-DEL01-AL;;;
660466;10/02/2025;segunda-feira;08:10:00;BA;324;619;SALVADOR;Manobra de mudan�a de faixa;Colis�o traseira;Com V�timas Feridas;Pleno dia;Crescente;C�u Claro;M�ltipla;Reta;Sim;2;0;1;0;1;0;1;2;-12,89820999;-38,45012202;SPRF-BA;DEL01-BA;UOP01-DEL01-BA;;;
660468;10/02/2025;segunda-feira;06:50:00;MS;60;628;JARDIM;Animais na Pista;Tombamento;Com V�timas Feridas;Pleno dia;Decrescente;C�u Claro;Simples;Reta;N�o;2;0;2;0;0;0;2;1;-21,74686087;-56,25930863;SPRF-MS;DEL05-MS;UOP01-DEL05-MS;;;
660470;10/02/2025;segunda-feira;07:30:00;MG;116;700,4;MURIAE;Convers�o proibida;Colis�o transversal;Com V�timas Feridas;Pleno dia;Decrescente;Nublado;Simples;Reta;Sim;2;0;1;0;1;0;1;2;-21,10951434;-42,38031864;SPRF-MG;DEL07-MG;UOP02-DEL07-MG;;;
660472;10/02/2025;segunda-feira;07:40:00;RJ;101;325;RIO DE JANEIRO;Aus�ncia de rea��o do condutor;Colis�o traseira;Com V�timas Feridas;Pleno dia;Decrescente;C�u Claro;Dupla;"Reta;Ponte";Sim;2;0;1;0;1;0;1;2;-22,87292569;-43,13625699;SPRF-RJ;DEL02-RJ;UOP01-DEL02-RJ;;;
660474;10/02/2025;segunda-feira;07:00:00;PI;230;308;FLORIANO;Convers�o proibida;Colis�o transversal;Com V�timas Feridas;Pleno dia;Crescente;C�u Claro;Simples;Reta;Sim;2;0;1;0;1;0;1;2;-6,78159309;-43,00121707;SPRF-PI;DEL03-PI;UOP01-DEL03-PI;;;