id;data_inversa;dia_semana;horario;uf;br;km;municipio;causa_acidente;tipo_acidente;classificacao_acidente;fase_dia;sentido_via;condicao_metereologica;tipo_pista;tracado_via;uso_solo;pessoas;mortos;feridos_leves;feridos_graves;ilesos;ignorados;feridos;veiculos;latitude;longitude;regional;delegacia;uop;;;
660479;10/02/2025;segunda-feira;09:15:00;RS;386;410;TRIUNFO;Mal s�bito do condutor;Sa�da de leito carro��vel;Com V�timas Feridas;Pleno dia;Decrescente;C�u Claro;Simples;Curva;Sim;1;0;1;0;0;0;1;1;-29,800684;-51,518406;SPRF-RS;DEL04-RS;UOP02-DEL04-RS;;;
660480;10/02/2025;segunda-feira;07:10:00;RJ;40;116;DUQUE DE CAXIAS;Rea��o tardia ou ineficiente do condutor;Queda de ocupante de ve�culo;Com V�timas Feridas;Pleno dia;Decrescente;C�u Claro;M�ltipla;Reta;Sim;1;0;1;0;0;0;1;1;-22,73662299;-43,28858785;SPRF-RJ;DEL01-RJ;UOP02-DEL01-RJ;;;
660482;28/01/2025;ter�a-feira;15:10:00;MA;316;235,6;BOM JARDIM;Convers�o proibida;Colis�o transversal;Com V�timas Feridas;Pleno dia;Crescente;C�u Claro;Simples;Reta;Sim;2;0;1;0;1;0;1;2;-3,567083;-45,579624;SPRF-MA;DEL02-MA;UOP01-DEL02-MA;;;
660483;10/02/2025;segunda-feira;09:20:00;SC;101;356,9;JAGUARUNA;Acumulo de areia ou detritos sobre o pavimento;Sa�da de leito carro��vel;Com V�timas Feridas;Pleno dia;Crescente;C�u Claro;Simples;"Curva;Interse��o de Vias";Sim;1;0;1;0;0;0;1;1;-28,635168;-49,09467;SPRF-SC;DEL02-SC;UOP01-DEL02-SC;;;
660484;10/02/2025;segunda-feira;09:20:00;SP;116;58;LORENA;Condutor deixou de manter dist�ncia do ve�culo da frente;Colis�o traseira;Com V�timas Feridas;Pleno dia;Crescente;C�u Claro;Dupla;"Reta;Em Obras";Sim;4;0;1;0;3;0;1;2;-22,78005511;-45,14572791;SPRF-SP;DEL08-SP;UOP01-DEL08-SP;;;
660485;10/02/2025;segunda-feira;06:50:00;RJ;40;67;PETROPOLIS;Rea��o tardia ou ineficiente do condutor;Colis�o traseira;Com V�timas Feridas;Pleno dia;Decrescente;C�u Claro;Dupla;Reta;N�o;2;0;1;0;1;0;1;2;-22,43674775;-43,1756712;SPRF-RJ;DEL05-RJ;UOP02-DEL05-RJ;;;
660486;10/02/2025;segunda-feira;09:35:00;SC;101;416,8;ARARANGUA;Condutor deixou de manter dist�ncia do ve�culo da frente;Colis�o traseira;Com V�timas Feridas;Pleno dia;Crescente;Sol;Dupla;Reta;N�o;2;0;1;0;0;1;1;2;-28,97991271;-49,53666687;SPRF-SC;DEL02-SC;UOP02-DEL02-SC;;;
660488;10/02/2025;segunda-feira;10:00:00;SC;101;151;ITAPEMA;Rea��o tardia ou ineficiente do condutor;Engavetamento;Com V�timas Feridas;Pleno dia;Crescente;Sol;M�ltipla;Reta;Sim;5;0;2;0;2;1;2;3;-27,126536;-48,609642;SPRF-SC;DEL04-SC;UOP03-DEL04-SC;;;
660492;10/02/2025;segunda-feira;10:32:00;RN;101;94;NATAL;Condutor deixou de manter dist�ncia do ve�culo da frente;Colis�o traseira;Com V�timas Feridas;Pleno dia;Crescente;C�u Claro;Simples;Reta;Sim;2;0;0;1;1;0;1;2;-5,83455213;-35,21241546;SPRF-RN;DEL01-RN;UOP01-DEL01-RN;;;
660495;10/02/2025;segunda-feira;10:50:00;CE;116;22;AQUIRAZ;Acessar a via sem observar a presen�a dos outros ve�culos;Colis�o transversal;Com V�timas Feridas;Pleno dia;Decrescente;C�u Claro;Dupla;Reta;N�o;2;0;2;0;0;0;2;2;-3,94070798;-38,50918633;SPRF-CE;DEL01-CE;UOP02-DEL01-CE;;;
660497;10/02/2025;segunda-feira;07:10:00;SC;470;2;NAVEGANTES;Acessar a via sem observar a presen�a dos outros ve�culos;Colis�o transversal;Com V�timas Feridas;Pleno dia;Decrescente;C�u Claro;Simples;"Interse��o de Vias;Rotat�ria;Viaduto;Retorno Regulamentado";Sim;2;0;2;0;0;0;2;2;-26,868551;-48,674831;SPRF-SC;DEL04-SC;UOP04-DEL04-SC;;;
660498;18/01/2025;s�bado;01:55:00;RS;290;79;CACHOEIRINHA;Ingest�o de �lcool pelo condutor;Colis�o traseira;Sem V�timas;Plena Noite;Decrescente;C�u Claro;M�ltipla;Reta;N�o;6;0;0;0;6;0;0;2;-29,952908;-51,048054;SPRF-RS;DEL01-RS;UOP01-DEL01-RS;;;
660499;10/02/2025;segunda-feira;12:00:00;RS;386;389;TRIUNFO;Manobra de mudan�a de faixa;Colis�o traseira;Com V�timas Feridas;Pleno dia;Decrescente;C�u Claro;Simples;Reta;Sim;2;0;1;0;1;0;1;2;-29,699799;-51,686905;SPRF-RS;DEL04-RS;UOP02-DEL04-RS;;;
660500;05/02/2025;quarta-feira;12:00:00;MG;50;81;UBERLANDIA;Ultrapassagem Indevida;Colis�o lateral mesmo sentido;Com V�timas Feridas;Pleno dia;Decrescente;C�u Claro;Dupla;Viaduto;Sim;2;0;1;0;1;0;1;2;-18,986906;-48,211853;SPRF-MG;DEL15-MG;UOP01-DEL15-MG;;;
660501;10/02/2025;segunda-feira;12:09:00;RN;101;94;NATAL;Acumulo de areia ou detritos sobre o pavimento;Tombamento;Com V�timas Feridas;Pleno dia;Crescente;C�u Claro;Dupla;Viaduto;Sim;1;0;1;0;0;0;1;1;-5,83176615;-35,21191342;SPRF-RN;DEL01-RN;UOP01-DEL01-RN;;;
660503;10/02/2025;segunda-feira;11:25:00;AL;101;203,1;SAO SEBASTIAO;Velocidade Incompat�vel;Queda de ocupante de ve�culo;Com V�timas Fatais;Pleno dia;Crescente;Sol;Dupla;"Reta;Declive";N�o;1;1;0;0;0;0;0;1;-9,97355978;-36,55619114;SPRF-AL;DEL02-AL;UOP02-DEL02-AL;;;
660504;10/02/2025;segunda-feira;12:30:00;ES;101;319,7;VILA VELHA;Demais falhas mec�nicas ou el�tricas;Tombamento;Com V�timas Feridas;Pleno dia;Decrescente;C�u Claro;Dupla;Aclive;N�o;1;0;1;0;0;0;1;1;-20,50358302;-40,47483522;SPRF-ES;DEL03-ES;UOP01-DEL03-ES;;;
660505;10/02/2025;segunda-feira;12:50:00;RS;386;397;TRIUNFO;Demais falhas mec�nicas ou el�tricas;Tombamento;Com V�timas Feridas;Pleno dia;Decrescente;Sol;Dupla;Curva;N�o;1;0;1;0;0;0;1;1;-29,738066;-51,624626;SPRF-RS;DEL04-RS;UOP02-DEL04-RS;;;
660506;10/02/2025;segunda-feira;11:00:00;RJ;40;120;DUQUE DE CAXIAS;Acessar a via sem observar a presen�a dos outros ve�culos;Colis�o lateral mesmo sentido;Com V�timas Feridas;Pleno dia;Decrescente;C�u Claro;Dupla;Reta;Sim;2;0;1;0;1;0;1;2;-22,77280597;-43,28626763;SPRF-RJ;DEL01-RJ;UOP02-DEL01-RJ;;;
660507;10/02/2025;segunda-feira;13:00:00;MG;381;362;JOAO MONLEVADE;Retorno proibido;Colis�o transversal;Sem V�timas;Pleno dia;Decrescente;C�u Claro;Simples;"Reta;Aclive";N�o;3;0;0;0;3;0;0;2;-19,84955579;-43,25424839;SPRF-MG;DEL03-MG;UOP01-DEL03-MG;;;
660510;10/02/2025;segunda-feira;13:00:00;BA;116;652;JEQUIE;Acesso irregular;Colis�o transversal;Sem V�timas;Pleno dia;Crescente;Nublado;Simples;Reta;N�o;2;0;0;0;1;1;0;2;-13,62855903;-40,09262869;SPRF-BA;DEL03-BA;UOP01-DEL03-BA;;;
660511;10/02/2025;segunda-feira;12:49:00;PE;101;57;PAULISTA;Condutor deixou de manter dist�ncia do ve�culo da frente;Colis�o traseira;Com V�timas Feridas;Pleno dia;Decrescente;C�u Claro;Dupla;Reta;Sim;3;0;1;0;2;0;1;3;-7,96346213;-34,91513486;SPRF-PE;DEL01-PE;UOP02-DEL01-PE;;;
660514;10/02/2025;segunda-feira;11:00:00;RJ;101;450;MANGARATIBA;Rea��o tardia ou ineficiente do condutor;Tombamento;Com V�timas Feridas;Pleno dia;Decrescente;Sol;Simples;Reta;N�o;1;0;0;1;0;0;1;1;-23,02288754;-44,11624415;SPRF-RJ;DEL03-RJ;UOP02-DEL03-RJ;;;
660515;10/02/2025;segunda-feira;11:50:00;PR;376;301;MAUA DA SERRA;Aus�ncia de rea��o do condutor;Colis�o traseira;Sem V�timas;Pleno dia;Crescente;C�u Claro;Dupla;"Curva;Declive";N�o;5;0;0;0;5;0;0;2;-23,93418;-51,156854;SPRF-PR;DEL07-PR;UOP02-DEL07-PR;;;
660519;17/01/2025;sexta-feira;19:25:00;PR;158;532,8;PATO BRANCO;Desrespeitar a prefer�ncia no cruzamento;Colis�o transversal;Com V�timas Feridas;Plena Noite;Crescente;C�u Claro;Dupla;Interse��o de Vias;Sim;3;0;1;0;2;0;1;3;-26,21099702;-52,6807167;SPRF-PR;DEL02-PR;UOP01-DEL02-PR;;;
660520;10/02/2025;segunda-feira;14:15:00;PE;101;68,7;RECIFE;Rea��o tardia ou ineficiente do condutor;Queda de ocupante de ve�culo;Com V�timas Feridas;Pleno dia;Crescente;Sol;M�ltipla;Reta;Sim;1;0;1;0;0;0;1;1;-8,05074296;-34,94580619;SPRF-PE;DEL01-PE;UOP01-DEL01-PE;;;
660521;09/02/2025;domingo;17:00:00;MA;316;619;TIMON;Aus�ncia de rea��o do condutor;Colis�o traseira;Com V�timas Feridas;Pleno dia;Crescente;Nublado;Simples;Reta;Sim;2;0;1;0;0;1;1;2;-5,119788;-42,824196;SPRF-MA;DEL03-MA;UOP02-DEL03-MA;;;
660524;10/02/2025;segunda-feira;11:00:00;TO;153;341;GUARAI;Aus�ncia de rea��o do condutor;Sa�da de leito carro��vel;Sem V�timas;Pleno dia;Crescente;C�u Claro;Simples;Reta;N�o;3;0;0;0;3;0;0;1;-8,89955402;-48,50907659;SPRF-TO;DEL02-TO;UOP02-DEL02-TO;;;
660528;10/02/2025;segunda-feira;12:10:00;RJ;116;240,8;PIRAI;Rea��o tardia ou ineficiente do condutor;Atropelamento de Pedestre;Com V�timas Feridas;Pleno dia;Crescente;Sol;Dupla;Reta;N�o;2;0;1;0;1;0;1;2;-22,65028398;-43,89345097;SPRF-RJ;DEL07-RJ;UOP01-DEL07-RJ;;;
660529;10/02/2025;segunda-feira;15:00:00;RS;116;236;NOVO HAMBURGO;Demais falhas mec�nicas ou el�tricas;Queda de ocupante de ve�culo;Com V�timas Feridas;Pleno dia;Decrescente;C�u Claro;Dupla;"Viaduto;Declive";Sim;2;0;0;2;0;0;2;1;-29,66938502;-51,14304731;SPRF-RS;DEL01-RS;UOP02-DEL01-RS;;;
660530;10/02/2025;segunda-feira;11:40:00;RJ;356;148;CAMPOS DOS GOYTACAZES;Velocidade Incompat�vel;Colis�o com objeto;Com V�timas Feridas;Pleno dia;Crescente;C�u Claro;Dupla;Reta;Sim;1;0;1;0;0;0;1;1;-21,77876606;-41,29048496;SPRF-RJ;DEL08-RJ;UOP02-DEL08-RJ;;;
660531;10/02/2025;segunda-feira;14:50:00;PR;476;152,2;ARAUCARIA;Acostamento em desn�vel;Tombamento;Com V�timas Feridas;Pleno dia;Decrescente;Sol;Dupla;Curva;N�o;2;0;1;0;1;0;1;1;-25,570036;-49,384193;SPRF-PR;DEL01-PR;UOP06-DEL01-PR;;;
660532;10/02/2025;segunda-feira;14:20:00;MG;50;145;UBERABA;Aus�ncia de rea��o do condutor;Colis�o com objeto;Com V�timas Feridas;Pleno dia;Crescente;Nublado;Dupla;Curva;N�o;1;0;1;0;0;0;1;1;-19,51997196;-48,03997088;SPRF-MG;DEL13-MG;UOP01-DEL13-MG;;;
660533;10/02/2025;segunda-feira;15:15:00;RS;386;413;MONTENEGRO;Retorno proibido;Colis�o transversal;Com V�timas Feridas;Pleno dia;Crescente;C�u Claro;Simples;Reta;N�o;2;0;2;0;0;0;2;2;-29,814081;-51,493126;SPRF-RS;DEL04-RS;UOP02-DEL04-RS;;;
660535;10/02/2025;segunda-feira;06:25:00;MA;135;46;BACABEIRA;Demais falhas mec�nicas ou el�tricas;Inc�ndio;Sem V�timas;Pleno dia;Decrescente;C�u Claro;Dupla;Reta;N�o;1;0;0;0;1;0;0;1;-2,93050867;-44,33424959;SPRF-MA;DEL01-MA;UOP01-DEL01-MA;;;
660536;10/02/2025;segunda-feira;14:00:00;AM;230;612;HUMAITA;Acessar a via sem observar a presen�a dos outros ve�culos;Colis�o transversal;Com V�timas Feridas;Pleno dia;Crescente;C�u Claro;Dupla;Interse��o de Vias;Sim;2;0;1;0;1;0;1;2;-7,51345302;-63,02941918;SPRF-AM;DEL02-AM;UOP01-DEL02-AM;;;
660537;10/02/2025;segunda-feira;10:45:00;RJ;101;305;SAO GONCALO;Condutor deixou de manter dist�ncia do ve�culo da frente;Engavetamento;Sem V�timas;Pleno dia;Crescente;C�u Claro;M�ltipla;Reta;Sim;5;0;0;0;5;0;0;3;-22,78702832;-42,99589293;SPRF-RJ;DEL02-RJ;UOP02-DEL02-RJ;;;
660542;10/02/2025;segunda-feira;02:35:00;RS;290;94;PORTO ALEGRE;Manobra de mudan�a de faixa;Colis�o lateral mesmo sentido;Com V�timas Feridas;Plena Noite;Crescente;C�u Claro;M�ltipla;Reta;Sim;2;0;2;0;0;0;2;1;-29,973856;-51,197853;SPRF-RS;DEL01-RS;UOP01-DEL01-RS;;;
660544;10/02/2025;segunda-feira;16:20:00;PB;230;313,3;SAO MAMEDE;Condutor deixou de manter dist�ncia do ve�culo da frente;Colis�o traseira;Com V�timas Feridas;Pleno dia;Crescente;C�u Claro;Simples;Reta;N�o;2;0;1;0;1;0;1;2;-6,9371;-37,0949;SPRF-PB;DEL03-PB;UOP01-DEL03-PB;;;
660545;10/02/2025;segunda-feira;16:30:00;SC;101;214,5;PALHOCA;Trafegar com motocicleta (ou similar) entre as faixas;Queda de ocupante de ve�culo;Com V�timas Feridas;Pleno dia;Crescente;C�u Claro;Dupla;Reta;Sim;3;0;2;0;1;0;2;2;-27,64443;-48,67057;SPRF-SC;DEL01-SC;UOP02-DEL01-SC;;;
660546;10/02/2025;segunda-feira;15:30:00;MG;381;886,7;CAMBUI;Condutor Dormindo;Sa�da de leito carro��vel;Com V�timas Feridas;Pleno dia;Crescente;C�u Claro;Dupla;Reta;N�o;1;0;1;0;0;0;1;1;-22,55262102;-46,03939916;SPRF-MG;DEL16-MG;UOP01-DEL16-MG;;;
660547;10/02/2025;segunda-feira;15:15:00;MG;40;506;RIBEIRAO DAS NEVES;Transitar no Acostamento;Colis�o traseira;Sem V�timas;Pleno dia;Decrescente;C�u Claro;Dupla;Reta;Sim;2;0;0;0;1;1;0;2;-19,74716686;-44,14731173;SPRF-MG;DEL02-MG;UOP01-DEL02-MG;;;
660551;10/02/2025;segunda-feira;13:20:00;SP;101;25;UBATUBA;Transitar na contram�o;Colis�o frontal;Com V�timas Fatais;Pleno dia;Crescente;C�u Claro;M�ltipla;Curva;N�o;4;2;1;1;0;0;2;2;-23,35526999;-44,94599221;SPRF-SP;DEL06-SP;UOP01-DEL06-SP;;;
660552;10/02/2025;segunda-feira;15:40:00;PR;153;18,7;JACAREZINHO;Acesso irregular;Colis�o transversal;Com V�timas Feridas;Pleno dia;Decrescente;C�u Claro;Simples;Reta;Sim;2;0;0;1;1;0;1;2;-23,135487;-49,9450358;SPRF-PR;DEL07-PR;UOP04-DEL07-PR;;;
660561;10/02/2025;segunda-feira;17:00:00;RJ;101;66;CAMPOS DOS GOYTACAZES;Acessar a via sem observar a presen�a dos outros ve�culos;Colis�o transversal;Com V�timas Feridas;Pleno dia;Crescente;C�u Claro;Dupla;"Curva;Rotat�ria";N�o;2;0;1;0;1;0;1;2;-21,76090387;-41,34788959;SPRF-RJ;DEL08-RJ;UOP02-DEL08-RJ;;;
660562;10/02/2025;segunda-feira;17:00:00;PR;277;730;FOZ DO IGUACU;Ingest�o de �lcool pelo condutor;Engavetamento;Sem V�timas;Pleno dia;Decrescente;C�u Claro;Simples;"Curva;Aclive";N�o;3;0;0;0;3;0;0;3;-25,50826305;-54,59238593;SPRF-PR;DEL05-PR;UOP03-DEL05-PR;;;
660563;10/02/2025;segunda-feira;18:00:00;SC;470;140;RIO DO SUL;Trafegar com motocicleta (ou similar) entre as faixas;Colis�o lateral mesmo sentido;Com V�timas Feridas;Pleno dia;Decrescente;Sol;Simples;Retorno Regulamentado;Sim;2;0;1;0;1;0;1;2;-27,20478912;-49,6384697;SPRF-SC;DEL04-SC;UOP02-DEL04-SC;;;
660564;10/02/2025;segunda-feira;17:50:00;BA;101;505;ITABUNA;Acessar a via sem observar a presen�a dos outros ve�culos;Colis�o transversal;Com V�timas Feridas;Anoitecer;Crescente;C�u Claro;Simples;Viaduto;Sim;2;0;1;0;1;0;1;2;-14,949265;-39,3042109;SPRF-BA;DEL05-BA;UOP01-DEL05-BA;;;
660565;10/02/2025;segunda-feira;16:45:00;RS;287;339,2;SAO VICENTE DO SUL;Condutor Dormindo;Colis�o frontal;Com V�timas Feridas;Pleno dia;Decrescente;Sol;Simples;Curva;N�o;3;0;2;0;1;0;2;2;-29,60475801;-54,68849634;SPRF-RS;DEL12-RS;UOP02-DEL12-RS;;;
660566;10/02/2025;segunda-feira;17:20:00;RJ;101;310;SAO GONCALO;Rea��o tardia ou ineficiente do condutor;Colis�o traseira;Com V�timas Feridas;Anoitecer;Crescente;C�u Claro;Dupla;Reta;Sim;2;0;0;1;1;0;1;2;-22,79717023;-43,04404993;SPRF-RJ;DEL02-RJ;UOP02-DEL02-RJ;;;
660567;10/02/2025;segunda-feira;18:08:00;TO;10;457;PALMAS;Aus�ncia de rea��o do condutor;Colis�o traseira;Com V�timas Feridas;Pleno dia;Decrescente;C�u Claro;M�ltipla;Reta;Sim;2;0;2;0;0;0;2;2;-10,20499186;-48,16363986;SPRF-TO;DEL01-TO;UOP03-DEL01-TO;;;
660568;10/02/2025;segunda-feira;17:45:00;SC;280;67,3;JARAGUA DO SUL;Desrespeitar a prefer�ncia no cruzamento;Colis�o transversal;Com V�timas Feridas;Pleno dia;Crescente;C�u Claro;Simples;Reta;Sim;3;0;1;0;2;0;1;2;-26,4775146;-49,10363575;SPRF-SC;DEL03-SC;UOP03-DEL03-SC;;;
660570;10/02/2025;segunda-feira;17:50:00;SC;101;207,5;SAO JOSE;Trafegar com motocicleta (ou similar) entre as faixas;Colis�o traseira;Com V�timas Feridas;Anoitecer;Decrescente;C�u Claro;M�ltipla;Reta;Sim;2;0;1;0;1;0;1;2;-27,60001226;-48,6226467;SPRF-SC;DEL01-SC;UOP01-DEL01-SC;;;
660571;10/02/2025;segunda-feira;14:10:00;RO;364;14;VILHENA;Aus�ncia de rea��o do condutor;Colis�o traseira;Com V�timas Feridas;Pleno dia;Decrescente;Nublado;Simples;Reta;Sim;2;0;1;0;1;0;1;2;-12,73898138;-60,13911417;SPRF-RO;DEL04-RO;UOP01-DEL04-RO;;;
660573;10/02/2025;segunda-feira;18:00:00;SC;101;132;CAMBORIU;Convers�o proibida;Colis�o transversal;Com V�timas Feridas;Anoitecer;Crescente;C�u Claro;M�ltipla;Interse��o de Vias;Sim;2;0;1;0;1;0;1;2;-26,99654133;-48,65564711;SPRF-SC;DEL04-SC;UOP03-DEL04-SC;;;
660575;10/02/2025;segunda-feira;17:30:00;SP;153;183;LINS;Acessar a via sem observar a presen�a dos outros ve�culos;Colis�o transversal;Com V�timas Feridas;Pleno dia;Decrescente;Sol;Simples;Interse��o de Vias;N�o;5;0;1;0;4;0;1;2;-21,70725279;-49,80257014;SPRF-SP;DEL07-SP;UOP01-DEL07-SP;;;
660576;10/02/2025;segunda-feira;18:40:00;GO;60;116;TEREZOPOLIS DE GOIAS;Avarias e/ou desgaste excessivo no pneu;Sa�da de leito carro��vel;Sem V�timas;Anoitecer;Decrescente;Chuva;Dupla;"Curva;Declive";N�o;2;0;0;0;1;1;0;2;-16,4732;-49,0789;SPRF-GO;DEL01-GO;UOP01-DEL01-GO;;;
660577;10/02/2025;segunda-feira;18:50:00;RJ;101;322,8;NITEROI;Manobra de mudan�a de faixa;Colis�o lateral mesmo sentido;Com V�timas Feridas;Plena Noite;Crescente;C�u Claro;M�ltipla;Reta;Sim;2;0;1;0;1;0;1;2;-22,87734162;-43,11587691;SPRF-RJ;DEL02-RJ;UOP01-DEL02-RJ;;;
660578;10/02/2025;segunda-feira;17:00:00;PE;101;71;RECIFE;Aus�ncia de rea��o do condutor;Colis�o traseira;Com V�timas Feridas;Anoitecer;Crescente;C�u Claro;Simples;Curva;Sim;3;0;2;0;1;0;2;2;-8,076557;-34,940963;SPRF-PE;DEL01-PE;UOP01-DEL01-PE;;;
660579;10/02/2025;segunda-feira;18:30:00;PE;232;7,9;RECIFE;Ilumina��o deficiente;Sa�da de leito carro��vel;Com V�timas Feridas;Plena Noite;Decrescente;C�u Claro;Dupla;Reta;Sim;2;0;1;1;0;0;2;1;-8,07333497;-34,96184301;SPRF-PE;DEL01-PE;UOP01-DEL01-PE;;;
660580;10/02/2025;segunda-feira;18:20:00;SC;101;117;ITAJAI;Aus�ncia de rea��o do condutor;Colis�o lateral mesmo sentido;Com V�timas Feridas;Anoitecer;Crescente;Nublado;Dupla;Reta;N�o;2;0;0;1;1;0;1;2;-26,88747187;-48,72252969;SPRF-SC;DEL04-SC;UOP04-DEL04-SC;;;
660581;10/02/2025;segunda-feira;17:10:00;RJ;101;451;MANGARATIBA;Ultrapassagem Indevida;Colis�o lateral mesmo sentido;Com V�timas Feridas;Pleno dia;Decrescente;C�u Claro;Simples;"Curva;Declive";Sim;3;0;1;1;1;0;2;2;-23,02615025;-44,12477186;SPRF-RJ;DEL03-RJ;UOP02-DEL03-RJ;;;
660582;10/02/2025;segunda-feira;18:30:00;RN;101;84,3;SAO GONCALO DO AMARANTE;Pedestre cruzava a pista fora da faixa;Atropelamento de Pedestre;Com V�timas Fatais;Anoitecer;Crescente;C�u Claro;Dupla;Reta;Sim;2;1;0;0;1;0;0;2;-5,775133;-35,255468;SPRF-RN;DEL02-RN;UOP01-DEL02-RN;;;
660584;10/02/2025;segunda-feira;18:50:00;SC;101;210,1;SAO JOSE;Condutor deixou de manter dist�ncia do ve�culo da frente;Colis�o traseira;Com V�timas Feridas;Anoitecer;Crescente;C�u Claro;Simples;Reta;Sim;2;0;1;0;1;0;1;2;-27,6167305;-48,6457265;SPRF-SC;DEL01-SC;UOP01-DEL01-SC;;;
660585;10/02/2025;segunda-feira;17:45:00;SC;282;0,9;FLORIANOPOLIS;Condutor deixou de manter dist�ncia do ve�culo da frente;Colis�o traseira;Com V�timas Feridas;Pleno dia;Crescente;C�u Claro;M�ltipla;Reta;Sim;2;0;0;1;1;0;1;2;-27,59845;-48,571995;SPRF-SC;DEL01-SC;UOP01-DEL01-SC;;;
660586;10/02/2025;segunda-feira;18:10:00;PI;343;326,9;TERESINA;Objeto est�tico sobre o leito carro��vel;Colis�o com objeto;Com V�timas Feridas;Anoitecer;Decrescente;C�u Claro;Simples;Reta;N�o;2;0;0;2;0;0;2;1;-5,069462;-42,617474;SPRF-PI;DEL01-PI;UOP01-DEL01-PI;;;
660590;21/01/2025;ter�a-feira;23:20:00;MG;262;442;NOVA SERRANA;Desrespeitar a prefer�ncia no cruzamento;Colis�o transversal;Com V�timas Feridas;Plena Noite;Decrescente;Ignorado;Dupla;Curva;Sim;2;0;0;2;0;0;2;2;-19,87284468;-44,96528149;SPRF-MG;DEL08-MG;UOP03-DEL08-MG;;;
660591;10/02/2025;segunda-feira;19:10:00;PR;116;15;COLOMBO;Rea��o tardia ou ineficiente do condutor;Colis�o traseira;Com V�timas Feridas;Plena Noite;Crescente;C�u Claro;Dupla;Reta;Sim;3;0;2;0;1;0;2;2;-25,3848;-49,1711;SPRF-PR;DEL01-PR;UOP02-DEL01-PR;;;
660592;10/02/2025;segunda-feira;18:10:00;PR;376;16;MARINGA;Avarias e/ou desgaste excessivo no pneu;Queda de ocupante de ve�culo;Com V�timas Feridas;Anoitecer;Crescente;C�u Claro;Dupla;Curva;Sim;1;0;1;0;0;0;1;1;-23,4273;-51,9375;SPRF-PR;DEL09-PR;UOP01-DEL09-PR;;;
660593;10/02/2025;segunda-feira;19:00:00;PR;116;15,9;COLOMBO;Animais na Pista;Atropelamento de Animal;Com V�timas Feridas;Plena Noite;Crescente;C�u Claro;Dupla;Reta;Sim;2;0;2;0;0;0;2;1;-25,3874;-49,1774;SPRF-PR;DEL01-PR;UOP02-DEL01-PR;;;
660594;10/02/2025;segunda-feira;19:15:00;RN;110;47,7;MOSSORO;Transitar no Acostamento;Colis�o frontal;Com V�timas Feridas;Plena Noite;Crescente;C�u Claro;Simples;Reta;Sim;2;0;1;1;0;0;2;2;-5,20338376;-37,32563418;SPRF-RN;DEL04-RN;UOP01-DEL04-RN;;;
660595;10/02/2025;segunda-feira;18:45:00;SP;116;320;JUQUITIBA;Aus�ncia de rea��o do condutor;Atropelamento de Pedestre;Com V�timas Feridas;Plena Noite;Decrescente;Nublado;Dupla;Reta;Sim;1;0;0;1;0;0;1;1;-23,93226;-47,00835;SPRF-SP;DEL04-SP;UOP03-DEL04-SP;;;
660596;10/02/2025;segunda-feira;18:30:00;GO;40;42,8;LUZIANIA;Rea��o tardia ou ineficiente do condutor;Capotamento;Com V�timas Feridas;Plena Noite;Crescente;C�u Claro;Dupla;Curva;N�o;1;0;1;0;0;0;1;1;-16,37676;-47,830535;SPRF-DF;DEL01-DF;UOP02-DEL01-DF;;;
660597;10/02/2025;segunda-feira;19:15:00;SC;101;416;ARARANGUA;Rea��o tardia ou ineficiente do condutor;Atropelamento de Pedestre;Com V�timas Feridas;Plena Noite;Decrescente;C�u Claro;M�ltipla;Reta;Sim;2;0;1;0;1;0;1;2;-28,97205501;-49,52810526;SPRF-SC;DEL02-SC;UOP02-DEL02-SC;;;
660598;10/02/2025;segunda-feira;19:00:00;PE;407;121;PETROLINA;Aus�ncia de sinaliza��o;Colis�o com objeto;Com V�timas Feridas;Plena Noite;Crescente;Chuva;Dupla;Em Obras;N�o;1;0;0;1;0;0;1;1;-9,34588493;-40,55509788;SPRF-PE;DEL06-PE;UOP01-DEL06-PE;;;
660599;10/02/2025;segunda-feira;17:39:00;GO;80;165;VILA PROPICIO;Velocidade Incompat�vel;Capotamento;Com V�timas Feridas;Pleno dia;Crescente;C�u Claro;Simples;Curva;N�o;5;0;1;0;4;0;1;1;-15,208875;-48,697312;SPRF-GO;DEL07-GO;UOP02-DEL07-GO;;;
660600;10/02/2025;segunda-feira;18:50:00;MT;158;457;RIBEIRAO CASCALHEIRA;Aus�ncia de rea��o do condutor;Sa�da de leito carro��vel;Com V�timas Feridas;Plena Noite;Crescente;Chuva;Simples;Reta;N�o;1;0;0;1;0;0;1;1;-13,16709696;-51,92065961;SPRF-MT;DEL07-MT;UOP02-DEL07-MT;;;
660601;05/01/2025;domingo;09:00:00;BA;101;19,4;RIO REAL;Aus�ncia de rea��o do condutor;Sa�da de leito carro��vel;Com V�timas Feridas;Pleno dia;Decrescente;C�u Claro;Dupla;"Em Obras;Reta";N�o;1;0;0;1;0;0;1;1;-11,64584139;-37,89170623;SPRF-SE;DEL02-SE;UOP03-DEL02-SE;;;
660602;10/02/2025;segunda-feira;09:35:00;MG;40;638,1;CONSELHEIRO LAFAIETE;Velocidade Incompat�vel;Sa�da de leito carro��vel;Com V�timas Feridas;Pleno dia;Crescente;C�u Claro;Simples;"Curva;Aclive";N�o;1;0;1;0;0;0;1;1;-20,7281023;-43,80093277;SPRF-MG;DEL05-MG;UOP02-DEL05-MG;;;