id;data_inversa;dia_semana;horario;uf;br;km;municipio;causa_acidente;tipo_acidente;classificacao_acidente;fase_dia;sentido_via;condicao_metereologica;tipo_pista;tracado_via;uso_solo;pessoas;mortos;feridos_leves;feridos_graves;ilesos;ignorados;feridos;veiculos;latitude;longitude;regional;delegacia;uop;;;
660604;10/02/2025;segunda-feira;18:30:00;MG;459;20;CALDAS;Entrada inopinada do pedestre;Atropelamento de Pedestre;Com V�timas Feridas;Anoitecer;Decrescente;C�u Claro;Simples;"Aclive;Curva";N�o;4;0;0;1;2;1;1;3;-21,86408761;-46,42169952;SPRF-MG;DEL09-MG;UOP01-DEL09-MG;;;
660605;10/02/2025;segunda-feira;19:00:00;RS;116;153,5;CAXIAS DO SUL;Manobra de mudan�a de faixa;Colis�o lateral mesmo sentido;Com V�timas Feridas;Plena Noite;Decrescente;C�u Claro;Dupla;Rotat�ria;Sim;2;0;1;0;1;0;1;2;-29,1879196;-51,18230939;SPRF-RS;DEL05-RS;UOP01-DEL05-RS;;;
660606;10/02/2025;segunda-feira;18:30:00;MT;70;380;CAMPO VERDE;Rea��o tardia ou ineficiente do condutor;Colis�o transversal;Com V�timas Feridas;Plena Noite;Crescente;Ignorado;Simples;Reta;Sim;2;0;1;0;1;0;1;2;-15,51448159;-55,11820542;SPRF-MT;DEL05-MT;UOP02-DEL05-MT;;;
660607;10/02/2025;segunda-feira;18:15:00;SP;116;144;SAO JOSE DOS CAMPOS;Aus�ncia de rea��o do condutor;Colis�o transversal;Com V�timas Feridas;Anoitecer;Crescente;C�u Claro;Dupla;Reta;Sim;2;0;2;0;0;0;2;2;-23,18274416;-45,84633592;SPRF-SP;DEL02-SP;UOP01-DEL02-SP;;;
660609;10/02/2025;segunda-feira;18:15:00;MT;163;1030;PEIXOTO DE AZEVEDO;Rea��o tardia ou ineficiente do condutor;Atropelamento de Pedestre;Com V�timas Feridas;Anoitecer;Decrescente;Vento;Simples;Reta;Sim;2;0;0;1;1;0;1;2;-10,24370424;-54,98806357;SPRF-MT;DEL06-MT;UOP03-DEL06-MT;;;
660610;10/02/2025;segunda-feira;07:00:00;SE;101;151;ESTANCIA;Convers�o proibida;Colis�o transversal;Com V�timas Feridas;Pleno dia;Decrescente;C�u Claro;Simples;Reta;Sim;2;0;0;1;1;0;1;2;-11,26151;-37,441227;SPRF-SE;DEL02-SE;UOP01-DEL02-SE;;;
660611;10/02/2025;segunda-feira;11:25:00;PE;428;188;PETROLINA;Acessar a via sem observar a presen�a dos outros ve�culos;Colis�o transversal;Com V�timas Feridas;Pleno dia;Crescente;C�u Claro;M�ltipla;Reta;Sim;3;0;3;0;0;0;3;2;-9,36400596;-40,48266808;SPRF-PE;DEL06-PE;UOP01-DEL06-PE;;;
660612;10/02/2025;segunda-feira;07:00:00;RJ;40;117;DUQUE DE CAXIAS;Rea��o tardia ou ineficiente do condutor;Colis�o traseira;Com V�timas Feridas;Pleno dia;Decrescente;C�u Claro;M�ltipla;Reta;N�o;3;0;1;0;2;0;1;3;-22,745676;-43,2881;SPRF-RJ;DEL01-RJ;UOP02-DEL01-RJ;;;
660613;10/02/2025;segunda-feira;21:20:00;BA;324;518;FEIRA DE SANTANA;Ingest�o de �lcool pelo condutor;Colis�o transversal;Com V�timas Feridas;Plena Noite;Decrescente;C�u Claro;Simples;Curva;Sim;2;0;1;0;1;0;1;2;-12,258195;-38,932182;SPRF-BA;DEL02-BA;UOP01-DEL02-BA;;;
660614;10/02/2025;segunda-feira;17:20:00;SC;282;28,8;SANTO AMARO DA IMPERATRIZ;Rea��o tardia ou ineficiente do condutor;Colis�o traseira;Com V�timas Feridas;Pleno dia;Decrescente;C�u Claro;Simples;Reta;Sim;5;0;4;0;1;0;4;3;-27,67478;-48,778904;SPRF-SC;DEL01-SC;UOP03-DEL01-SC;;;
660615;10/02/2025;segunda-feira;17:40:00;RJ;101;504;ANGRA DOS REIS;Condutor deixou de manter dist�ncia do ve�culo da frente;Colis�o traseira;Sem V�timas;Pleno dia;Decrescente;Nublado;Simples;Reta;Sim;3;0;0;0;3;0;0;3;-22,93155828;-44,38812093;SPRF-RJ;DEL03-RJ;UOP03-DEL03-RJ;;;
660617;10/02/2025;segunda-feira;17:35:00;PR;369;139;IBIPORA;Condutor deixou de manter dist�ncia do ve�culo da frente;Colis�o traseira;Com V�timas Feridas;Anoitecer;Decrescente;C�u Claro;Simples;Reta;Sim;2;0;1;0;1;0;1;2;-23,27714628;-51,0632515;SPRF-PR;DEL07-PR;UOP01-DEL07-PR;;;
660619;13/01/2025;segunda-feira;22:55:00;SC;101;199,4;SAO JOSE;Acessar a via sem observar a presen�a dos outros ve�culos;Colis�o lateral mesmo sentido;Com V�timas Feridas;Plena Noite;Crescente;C�u Claro;Dupla;Reta;Sim;2;0;2;0;0;0;2;2;-27,53413705;-48,63003205;SPRF-SC;DEL01-SC;UOP01-DEL01-SC;;;
660620;10/02/2025;segunda-feira;20:50:00;PR;272;419;JANIOPOLIS;Demais falhas mec�nicas ou el�tricas;Inc�ndio;Sem V�timas;Plena Noite;Crescente;C�u Claro;Simples;Reta;N�o;1;0;0;0;1;0;0;1;-24,13877768;-52,86432003;SPRF-PR;DEL09-PR;UOP03-DEL09-PR;;;
660624;10/02/2025;segunda-feira;20:45:00;RJ;116;271,3;VOLTA REDONDA;Rea��o tardia ou ineficiente do condutor;Colis�o lateral mesmo sentido;Com V�timas Feridas;Plena Noite;Decrescente;C�u Claro;Dupla;Reta;N�o;1;0;1;0;0;0;1;1;-22,560883;-44,12224;SPRF-RJ;DEL07-RJ;UOP02-DEL07-RJ;;;
660625;10/02/2025;segunda-feira;21:30:00;RS;471;153;SANTA CRUZ DO SUL;Animais na Pista;Atropelamento de Animal;Com V�timas Feridas;Plena Noite;Crescente;C�u Claro;Simples;Reta;N�o;2;0;2;0;0;0;2;1;-29,843468;-52,394962;SPRF-RS;DEL02-RS;UOP03-DEL02-RS;;;
660626;10/02/2025;segunda-feira;23:06:00;SP;116;223;GUARULHOS;Falta de elemento de conten��o que evite a sa�da do leito carro��vel;Tombamento;Com V�timas Feridas;Plena Noite;Decrescente;C�u Claro;M�ltipla;"Reta;Em Obras";Sim;1;0;1;0;0;0;1;1;-23,47874615;-46,52937412;SPRF-SP;DEL01-SP;UOP01-DEL01-SP;;;
660627;10/02/2025;segunda-feira;22:20:00;BA;116;10;VITORIA DA CONQUISTA;Aus�ncia de rea��o do condutor;Tombamento;Com V�timas Feridas;Pleno dia;Crescente;Nublado;Simples;"Reta;Declive";N�o;2;0;2;0;0;0;2;1;-14,86340421;-40,87344473;SPRF-BA;DEL08-BA;UOP01-DEL08-BA;;;
660628;10/02/2025;segunda-feira;21:10:00;SP;381;4;VARGEM;Aus�ncia de rea��o do condutor;Colis�o lateral mesmo sentido;Sem V�timas;Plena Noite;Decrescente;C�u Claro;Dupla;Curva;N�o;1;0;0;0;1;0;0;1;-22,8826217;-46,40779515;SPRF-SP;DEL03-SP;UOP02-DEL03-SP;;;
660630;10/02/2025;segunda-feira;20:45:00;MG;40;698;BARBACENA;Aus�ncia de rea��o do condutor;Tombamento;Com V�timas Feridas;Plena Noite;Decrescente;C�u Claro;Simples;"Aclive;Curva";N�o;1;0;1;0;0;0;1;1;-21,18692802;-43,75192637;SPRF-MG;DEL05-MG;UOP02-DEL05-MG;;;
660631;10/02/2025;segunda-feira;20:30:00;MT;163;687;LUCAS DO RIO VERDE;Acessar a via sem observar a presen�a dos outros ve�culos;Colis�o transversal;Com V�timas Feridas;Plena Noite;Crescente;C�u Claro;Dupla;Reta;N�o;2;0;1;0;1;0;1;2;-13,079715;-55,937402;SPRF-MT;DEL06-MT;UOP01-DEL06-MT;;;
660632;11/02/2025;ter�a-feira;00:15:00;PR;376;651;TIJUCAS DO SUL;Rea��o tardia ou ineficiente do condutor;Tombamento;Com V�timas Feridas;Plena Noite;Decrescente;C�u Claro;Dupla;"Em Obras;Reta";N�o;1;0;1;0;0;0;1;1;-25,845243;-49,078578;SPRF-PR;DEL01-PR;UOP04-DEL01-PR;;;
660633;10/02/2025;segunda-feira;23:40:00;MG;40;532;BELO HORIZONTE;Aus�ncia de rea��o do condutor;Colis�o com objeto;Sem V�timas;Plena Noite;Decrescente;C�u Claro;Dupla;Reta;Sim;1;0;0;0;0;1;0;1;-19,92372561;-44,01700789;SPRF-MG;DEL01-MG;UOP02-DEL01-MG;;;
660634;11/02/2025;ter�a-feira;00:15:00;RN;304;27;MOSSORO;Condutor Dormindo;Colis�o frontal;Com V�timas Feridas;Plena Noite;Crescente;C�u Claro;Simples;Reta;N�o;5;0;1;0;4;0;1;2;-5,09052292;-37,33524441;SPRF-RN;DEL04-RN;UOP02-DEL04-RN;;;
660635;10/02/2025;segunda-feira;23:11:00;MA;135;12;SAO LUIS;Condutor Dormindo;Sa�da de leito carro��vel;Com V�timas Feridas;Plena Noite;Crescente;Chuva;Dupla;Reta;Sim;3;0;3;0;0;0;3;1;-2,67223553;-44,29173767;SPRF-MA;DEL01-MA;UOP01-DEL01-MA;;;
660637;05/01/2025;domingo;14:30:00;MT;174;3;PONTES E LACERDA;Condutor desrespeitou a ilumina��o vermelha do sem�foro;Colis�o transversal;Com V�timas Feridas;Pleno dia;Crescente;C�u Claro;Simples;Reta;Sim;2;0;1;0;0;1;1;2;-15,226537;-59,335728;SPRF-MT;DEL04-MT;UOP01-DEL04-MT;;;
660639;10/02/2025;segunda-feira;11:40:00;SC;101;370;ICARA;Rea��o tardia ou ineficiente do condutor;Colis�o traseira;Com V�timas Feridas;Pleno dia;Decrescente;C�u Claro;Dupla;Reta;N�o;5;0;1;0;3;1;1;3;-28,69956788;-49,19239904;SPRF-SC;DEL02-SC;UOP01-DEL02-SC;;;
660641;11/02/2025;ter�a-feira;01:36:00;MT;364;439,8;VARZEA GRANDE;Pedestre andava na pista;Atropelamento de Pedestre;Com V�timas Fatais;Plena Noite;Decrescente;Chuva;Simples;Curva;N�o;4;1;0;0;2;1;0;3;-15,605645;-56,203114;SPRF-MT;DEL01-MT;UOP02-DEL01-MT;;;
660642;10/02/2025;segunda-feira;18:00:00;RO;364;14;VILHENA;Acessar a via sem observar a presen�a dos outros ve�culos;Colis�o transversal;Sem V�timas;Anoitecer;Decrescente;Ignorado;Dupla;"Rotat�ria;Interse��o de Vias";Sim;2;0;0;0;2;0;0;2;-12,73898138;-60,13911417;SPRF-RO;DEL04-RO;UOP01-DEL04-RO;;;
660644;10/02/2025;segunda-feira;15:30:00;SP;116;38;CACHOEIRA PAULISTA;Desvio tempor�rio;Colis�o traseira;Com V�timas Feridas;Pleno dia;Decrescente;C�u Claro;M�ltipla;Reta;Sim;3;0;2;0;1;0;2;3;-22,67026579;-44,99183604;SPRF-SP;DEL08-SP;UOP02-DEL08-SP;;;
660645;11/02/2025;ter�a-feira;05:30:00;PE;232;5,4;RECIFE;Condutor deixou de manter dist�ncia do ve�culo da frente;Colis�o traseira;Com V�timas Feridas;Pleno dia;Decrescente;Sol;Dupla;Reta;N�o;2;0;0;2;0;0;2;1;-8,06795766;-34,94535414;SPRF-PE;DEL01-PE;UOP01-DEL01-PE;;;
660646;10/02/2025;segunda-feira;22:40:00;GO;80;94;VILA PROPICIO;Acessar a via sem observar a presen�a dos outros ve�culos;Colis�o lateral mesmo sentido;Com V�timas Feridas;Plena Noite;Decrescente;Ignorado;Simples;Reta;N�o;2;0;1;0;1;0;1;2;-15,208875;-48,697312;SPRF-DF;DEL03-DF;UOP02-DEL03-DF;;;
660648;11/02/2025;ter�a-feira;03:30:00;BA;101;557;ARATACA;Ultrapassagem Indevida;Capotamento;Com V�timas Feridas;Plena Noite;Crescente;Garoa/Chuvisco;Simples;Curva;N�o;2;0;1;0;1;0;1;1;-15,32682898;-39,50061866;SPRF-BA;DEL05-BA;UOP02-DEL05-BA;;;
660649;29/01/2025;quarta-feira;22:00:00;PB;230;23,7;JOAO PESSOA;Condutor deixou de manter dist�ncia do ve�culo da frente;Colis�o traseira;Com V�timas Feridas;Plena Noite;Crescente;C�u Claro;Simples;Reta;Sim;2;0;1;0;1;0;1;2;-7,1562;-34,8574;SPRF-PB;DEL01-PB;UOP01-DEL01-PB;;;
660650;11/02/2025;ter�a-feira;07:26:00;TO;153;144;ARAGUAINA;Desrespeitar a prefer�ncia no cruzamento;Colis�o transversal;Com V�timas Feridas;Pleno dia;Decrescente;C�u Claro;Simples;Rotat�ria;Sim;2;0;0;1;1;0;1;2;-7,19662811;-48,23636977;SPRF-TO;DEL02-TO;UOP01-DEL02-TO;;;
660651;11/02/2025;ter�a-feira;07:30:00;RJ;116;169;RIO DE JANEIRO;Aus�ncia de rea��o do condutor;Colis�o traseira;Com V�timas Feridas;Pleno dia;Decrescente;C�u Claro;M�ltipla;Reta;Sim;2;0;0;1;1;0;1;2;-22,816206;-43,324463;SPRF-RJ;DEL06-RJ;UOP01-DEL06-RJ;;;
660653;11/02/2025;ter�a-feira;06:50:00;PB;230;10;CABEDELO;Aus�ncia de rea��o do condutor;Tombamento;Com V�timas Feridas;Amanhecer;Crescente;Ignorado;Dupla;"Reta;Em Obras";Sim;2;0;1;1;0;0;2;1;-7,05366667;-34,85047507;SPRF-PB;DEL01-PB;UOP01-DEL01-PB;;;
660655;11/02/2025;ter�a-feira;07:10:00;SP;116;158;SAO JOSE DOS CAMPOS;Trafegar com motocicleta (ou similar) entre as faixas;Colis�o lateral mesmo sentido;Com V�timas Feridas;Pleno dia;Decrescente;Sol;Dupla;"Em Obras;Reta";Sim;2;0;1;0;1;0;1;2;-23,26072137;-45,95179176;SPRF-SP;DEL02-SP;UOP01-DEL02-SP;;;
660657;11/02/2025;ter�a-feira;07:15:00;MG;381;484;BETIM;Rea��o tardia ou ineficiente do condutor;Engavetamento;Com V�timas Feridas;Pleno dia;Decrescente;C�u Claro;M�ltipla;Reta;Sim;5;0;0;1;4;0;1;5;-19,95979596;-44,08985138;SPRF-MG;DEL01-MG;UOP03-DEL01-MG;;;
660658;11/02/2025;ter�a-feira;07:40:00;CE;116;7;FORTALEZA;Condutor deixou de manter dist�ncia do ve�culo da frente;Colis�o lateral mesmo sentido;Com V�timas Feridas;Pleno dia;Decrescente;Sol;Dupla;Reta;Sim;3;0;1;0;2;0;1;3;-3,81449891;-38,50124359;SPRF-CE;DEL01-CE;UOP02-DEL01-CE;;;
660659;11/02/2025;ter�a-feira;07:10:00;MG;40;520,8;CONTAGEM;Acessar a via sem observar a presen�a dos outros ve�culos;Colis�o transversal;Com V�timas Fatais;Pleno dia;Decrescente;C�u Claro;Dupla;Reta;N�o;2;1;0;0;1;0;0;2;-19,84761911;-44,07276144;SPRF-MG;DEL01-MG;UOP02-DEL01-MG;;;
660660;11/02/2025;ter�a-feira;08:30:00;SC;101;118;ITAJAI;Manobra de mudan�a de faixa;Colis�o lateral mesmo sentido;Com V�timas Feridas;Pleno dia;Crescente;C�u Claro;Dupla;Curva;Sim;2;0;1;0;1;0;1;2;-26,895859;-48,71903;SPRF-SC;DEL04-SC;UOP04-DEL04-SC;;;
660663;11/02/2025;ter�a-feira;08:25:00;ES;101;285,2;CARIACICA;Aus�ncia de rea��o do condutor;Colis�o traseira;Com V�timas Feridas;Pleno dia;Decrescente;C�u Claro;Dupla;Reta;Sim;2;0;1;0;1;0;1;2;-20,25148171;-40,37270066;SPRF-ES;DEL01-ES;UOP01-DEL01-ES;;;
660664;11/02/2025;ter�a-feira;08:40:00;SC;101;212,9;PALHOCA;Rea��o tardia ou ineficiente do condutor;Colis�o lateral mesmo sentido;Com V�timas Feridas;Pleno dia;Crescente;C�u Claro;Dupla;Reta;Sim;3;0;2;0;1;0;2;2;-27,62996929;-48,65903871;SPRF-SC;DEL01-SC;UOP02-DEL01-SC;;;
660666;10/02/2025;segunda-feira;19:00:00;BA;324;381;GAVIAO;Velocidade Incompat�vel;Colis�o lateral sentido oposto;Com V�timas Feridas;Plena Noite;Decrescente;C�u Claro;Simples;Reta;N�o;3;0;1;0;2;0;1;2;-11,47105856;-39,78852466;SPRF-BA;DEL04-BA;UOP02-DEL04-BA;;;
660667;11/02/2025;ter�a-feira;08:30:00;PE;232;11;JABOATAO DOS GUARARAPES;Condutor deixou de manter dist�ncia do ve�culo da frente;Engavetamento;Com V�timas Feridas;Pleno dia;Decrescente;C�u Claro;Dupla;Reta;N�o;3;0;0;1;2;0;1;3;-8,08577691;-35,00345603;SPRF-PE;DEL01-PE;UOP01-DEL01-PE;;;
660668;11/02/2025;ter�a-feira;09:15:00;RN;101;104;PARNAMIRIM;Aus�ncia de sinaliza��o;Colis�o traseira;Com V�timas Feridas;Pleno dia;Crescente;C�u Claro;Dupla;"Curva;Aclive";Sim;2;0;1;0;1;0;1;2;-5,892745;-35,257225;SPRF-RN;DEL01-RN;UOP01-DEL01-RN;;;
660671;11/02/2025;ter�a-feira;08:35:00;PR;277;705;SAO MIGUEL DO IGUACU;Condutor deixou de manter dist�ncia do ve�culo da frente;Colis�o traseira;Com V�timas Feridas;Pleno dia;Decrescente;C�u Claro;Dupla;Reta;N�o;2;0;2;0;0;0;2;2;-25,43019901;-54,369603;SPRF-PR;DEL05-PR;UOP01-DEL05-PR;;;
660673;11/02/2025;ter�a-feira;08:40:00;DF;20;17;BRASILIA;Rea��o tardia ou ineficiente do condutor;Tombamento;Com V�timas Feridas;Pleno dia;Crescente;C�u Claro;Dupla;"Declive;Reta";N�o;1;0;0;1;0;0;1;1;-15,621374;-47,71698;SPRF-DF;DEL02-DF;UOP01-DEL02-DF;;;
660674;11/02/2025;ter�a-feira;07:10:00;GO;153;172;CAMPINORTE;Acumulo de �gua sobre o pavimento;Sa�da de leito carro��vel;Sem V�timas;Pleno dia;Decrescente;Chuva;Simples;Reta;N�o;6;0;0;0;6;0;0;2;-14,29066784;-49,15042877;SPRF-GO;DEL07-GO;UOP02-DEL07-GO;;;
660675;11/02/2025;ter�a-feira;08:45:00;RO;364;372;OURO PRETO DO OESTE;Ultrapassagem Indevida;Colis�o frontal;Com V�timas Feridas;Pleno dia;Crescente;Nublado;Simples;Reta;N�o;4;0;1;2;1;0;3;2;-10,75388889;-62,16275296;SPRF-RO;DEL02-RO;UOP01-DEL02-RO;;;
660676;11/02/2025;ter�a-feira;09:45:00;RJ;116;187;NOVA IGUACU;Trafegar com motocicleta (ou similar) entre as faixas;Colis�o lateral mesmo sentido;Com V�timas Feridas;Pleno dia;Decrescente;C�u Claro;Dupla;Reta;Sim;2;0;1;0;1;0;1;2;-22,73883756;-43,47245197;SPRF-RJ;DEL06-RJ;UOP01-DEL06-RJ;;;
660677;11/02/2025;ter�a-feira;07:00:00;MS;267;118;NOVA ANDRADINA;Acessar a via sem observar a presen�a dos outros ve�culos;Eventos at�picos;Com V�timas Feridas;Pleno dia;Decrescente;C�u Claro;Simples;Reta;N�o;3;0;1;0;0;2;1;3;-21,774891;-53,199715;SPRF-MS;DEL02-MS;UOP03-DEL02-MS;;;
660679;11/02/2025;ter�a-feira;08:10:00;RJ;101;282;TANGUA;Avarias e/ou desgaste excessivo no pneu;Queda de ocupante de ve�culo;Com V�timas Feridas;Pleno dia;Crescente;Sol;Dupla;Reta;N�o;2;0;2;0;0;0;2;1;-22,7371391;-42,79664601;SPRF-RJ;DEL02-RJ;UOP02-DEL02-RJ;;;
660680;11/02/2025;ter�a-feira;09:08:00;PB;230;51;CRUZ DO ESPIRITO SANTO;Condutor deixou de manter dist�ncia do ve�culo da frente;Colis�o traseira;Com V�timas Fatais;Pleno dia;Decrescente;C�u Claro;Dupla;Reta;N�o;3;1;0;1;0;1;1;3;-7,18571649;-35,05496979;SPRF-PB;DEL01-PB;UOP02-DEL01-PB;;;
660681;07/02/2025;sexta-feira;23:00:00;SP;381;53;MAIRIPORA;Demais falhas mec�nicas ou el�tricas;Inc�ndio;Sem V�timas;Plena Noite;Crescente;C�u Claro;Simples;Reta;Sim;1;0;0;0;1;0;0;1;-23,23727986;-46,59981085;SPRF-SP;DEL03-SP;UOP01-DEL03-SP;;;
660682;11/02/2025;ter�a-feira;08:06:00;AC;364;123;RIO BRANCO;Acessar a via sem observar a presen�a dos outros ve�culos;Colis�o transversal;Com V�timas Feridas;Pleno dia;Crescente;Chuva;Dupla;"Retorno Regulamentado;Reta";Sim;2;0;1;0;1;0;1;2;-10,01140054;-67,79168487;SPRF-AC;DEL01-AC;UOP01-DEL01-AC;;;
660683;11/02/2025;ter�a-feira;10:28:00;PI;343;0,9;TERESINA;Rea��o tardia ou ineficiente do condutor;Colis�o traseira;Com V�timas Feridas;Pleno dia;Decrescente;C�u Claro;Dupla;Reta;Sim;2;0;1;0;1;0;1;2;-5,089569;-42,802288;SPRF-PI;DEL01-PI;UOP01-DEL01-PI;;;
660684;11/02/2025;ter�a-feira;08:22:00;PR;277;494;GUARANIACU;Desrespeitar a prefer�ncia no cruzamento;Colis�o transversal;Com V�timas Feridas;Pleno dia;Crescente;C�u Claro;Simples;Curva;N�o;2;0;2;0;0;0;2;2;-25,20939187;-52,65144369;SPRF-PR;DEL04-PR;UOP04-DEL04-PR;;;
660685;01/01/2025;quarta-feira;11:00:00;DF;70;3,5;BRASILIA;Transitar no Acostamento;Colis�o traseira;Com V�timas Feridas;Pleno dia;Decrescente;C�u Claro;Dupla;Reta;Sim;2;0;0;1;0;1;1;2;-15,802453;-48,080387;SPRF-DF;DEL03-DF;UOP02-DEL03-DF;;;
660688;11/02/2025;ter�a-feira;11:00:00;SP;116;502;CAJATI;Rea��o tardia ou ineficiente do condutor;Sa�da de leito carro��vel;Com V�timas Feridas;Pleno dia;Crescente;C�u Claro;M�ltipla;Curva;N�o;1;0;1;0;0;0;1;1;-24,7750833;-48,20117012;SPRF-SP;DEL05-SP;UOP02-DEL05-SP;;;
660689;10/01/2025;sexta-feira;19:35:00;SC;470;54;BLUMENAU;Aus�ncia de rea��o do condutor;Capotamento;Com V�timas Feridas;Plena Noite;Crescente;C�u Claro;Simples;"Reta;Interse��o de Vias;Rotat�ria";N�o;4;0;2;0;2;0;2;2;-26,87403798;-49,11523819;SPRF-SC;DEL04-SC;UOP01-DEL04-SC;;;
660691;11/02/2025;ter�a-feira;08:15:00;MG;381;934;EXTREMA;Demais falhas mec�nicas ou el�tricas;Tombamento;Com V�timas Feridas;Pleno dia;Crescente;C�u Claro;M�ltipla;"Curva;Aclive";N�o;2;0;0;2;0;0;2;1;-22,82007572;-46,29934031;SPRF-MG;DEL16-MG;UOP03-DEL16-MG;;;
660692;11/02/2025;ter�a-feira;11:30:00;SP;116;219;GUARULHOS;Estacionar ou parar em local proibido;Colis�o traseira;Sem V�timas;Pleno dia;Crescente;C�u Claro;M�ltipla;"Reta;Em Obras";Sim;3;0;0;0;3;0;0;2;-23,46143954;-46,48885316;SPRF-SP;DEL01-SP;UOP01-DEL01-SP;;;
660695;11/02/2025;ter�a-feira;11:10:00;PR;163;41;PRANCHITA;Acessar a via sem observar a presen�a dos outros ve�culos;Colis�o lateral sentido oposto;Sem V�timas;Pleno dia;Crescente;C�u Claro;Simples;Reta;N�o;2;0;0;0;2;0;0;2;-26,06679301;-53,72123694;SPRF-PR;DEL02-PR;UOP02-DEL02-PR;;;
660696;11/02/2025;ter�a-feira;07:00:00;PA;230;669;ALTAMIRA;Rea��o tardia ou ineficiente do condutor;Sa�da de leito carro��vel;Sem V�timas;Pleno dia;Decrescente;Sol;Simples;"Declive;Reta";N�o;1;0;0;0;0;1;0;1;-3,24993756;-52,33855404;SPRF-PA;DEL04-PA;UOP01-DEL04-PA;;;
660697;11/02/2025;ter�a-feira;09:40:00;MG;40;740,3;SANTOS DUMONT;Acesso irregular;Colis�o lateral mesmo sentido;Com V�timas Feridas;Pleno dia;Decrescente;C�u Claro;Simples;Curva;N�o;3;0;0;1;2;0;1;2;-21,39953901;-43,56507286;SPRF-MG;DEL05-MG;UOP01-DEL05-MG;;;
660699;11/02/2025;ter�a-feira;10:57:00;SC;163;66;SAO MIGUEL DO OESTE;Acessar a via sem observar a presen�a dos outros ve�culos;Colis�o transversal;Com V�timas Feridas;Pleno dia;Crescente;C�u Claro;Dupla;"Reta;Aclive";Sim;2;0;1;0;1;0;1;2;-26,76829633;-53,50019222;SPRF-SC;DEL07-SC;UOP03-DEL07-SC;;;
660700;11/02/2025;ter�a-feira;08:30:00;SC;101;395,5;MARACAJA;Demais falhas mec�nicas ou el�tricas;Inc�ndio;Sem V�timas;Pleno dia;Crescente;C�u Claro;Dupla;"Reta;Aclive";Sim;1;0;0;0;1;0;0;1;-28,83264391;-49,41588163;SPRF-SC;DEL02-SC;UOP02-DEL02-SC;;;
660701;11/02/2025;ter�a-feira;12:25:00;ES;101;148,5;LINHARES;Acessar a via sem observar a presen�a dos outros ve�culos;Colis�o transversal;Com V�timas Feridas;Pleno dia;Decrescente;Chuva;Dupla;Interse��o de Vias;N�o;2;0;1;0;1;0;1;2;-19,38787399;-40,06752766;SPRF-ES;DEL04-ES;UOP01-DEL04-ES;;;
660702;11/02/2025;ter�a-feira;09:40:00;MS;60;183;CAMAPUA;Rea��o tardia ou ineficiente do condutor;Sa�da de leito carro��vel;Com V�timas Feridas;Pleno dia;Decrescente;Nublado;Simples;Curva;N�o;1;0;1;0;0;0;1;1;-19,5273655;-53,93374297;SPRF-MS;DEL06-MS;UOP02-DEL06-MS;;;
660703;11/02/2025;ter�a-feira;12:30:00;SC;280;71;JARAGUA DO SUL;Acessar a via sem observar a presen�a dos outros ve�culos;Colis�o transversal;Com V�timas Feridas;Pleno dia;Crescente;C�u Claro;Simples;Reta;Sim;3;0;1;0;2;0;1;2;-26,46151693;-49,13480597;SPRF-SC;DEL03-SC;UOP03-DEL03-SC;;;
660705;11/02/2025;ter�a-feira;09:40:00;RJ;101;142;MACAE;Objeto est�tico sobre o leito carro��vel;Colis�o com objeto;Com V�timas Feridas;Pleno dia;Crescente;C�u Claro;Dupla;Reta;N�o;1;0;1;0;0;0;1;1;-22,19679792;-41,74866733;SPRF-RJ;DEL08-RJ;UOP04-DEL08-RJ;;;
660706;11/02/2025;ter�a-feira;12:00:00;PB;230;5,5;CABEDELO;Velocidade Incompat�vel;Colis�o traseira;Sem V�timas;Pleno dia;Crescente;C�u Claro;M�ltipla;Reta;Sim;5;0;0;0;4;1;0;3;-7,01581577;-34,83388603;SPRF-PB;DEL01-PB;UOP01-DEL01-PB;;;
660708;11/02/2025;ter�a-feira;12:00:00;RJ;101;317;SAO GONCALO;Frear bruscamente;Colis�o traseira;Com V�timas Feridas;Pleno dia;Decrescente;C�u Claro;Dupla;Reta;Sim;1;0;1;0;0;0;1;1;-22,83707798;-43,09492006;SPRF-RJ;DEL02-RJ;UOP02-DEL02-RJ;;;
660710;11/02/2025;ter�a-feira;13:25:00;RS;285;293;PASSO FUNDO;Acessar a via sem observar a presen�a dos outros ve�culos;Colis�o lateral mesmo sentido;Com V�timas Feridas;Pleno dia;Crescente;C�u Claro;Dupla;Interse��o de Vias;Sim;3;0;2;0;1;0;2;2;-28,236645;-52,375156;SPRF-RS;DEL08-RS;UOP03-DEL08-RS;;;
660711;11/02/2025;ter�a-feira;13:00:00;PR;369;186,7;ARAPONGAS;Condutor deixou de manter dist�ncia do ve�culo da frente;Colis�o traseira;Com V�timas Feridas;Pleno dia;Crescente;C�u Claro;Simples;"Reta;Interse��o de Vias";Sim;4;0;2;0;1;1;2;3;-23,42155711;-51,42461479;SPRF-PR;DEL07-PR;UOP03-DEL07-PR;;;
660712;11/02/2025;ter�a-feira;13:10:00;TO;153;638,2;ALIANCA DO TOCANTINS;Pista Escorregadia;Colis�o com objeto;Com V�timas Feridas;Pleno dia;Crescente;Chuva;Simples;Reta;N�o;1;0;1;0;0;0;1;1;-11,43029003;-48,98545691;SPRF-TO;DEL01-TO;UOP02-DEL01-TO;;;