id;data_inversa;dia_semana;horario;uf;br;km;municipio;causa_acidente;tipo_acidente;classificacao_acidente;fase_dia;sentido_via;condicao_metereologica;tipo_pista;tracado_via;uso_solo;pessoas;mortos;feridos_leves;feridos_graves;ilesos;ignorados;feridos;veiculos;latitude;longitude;regional;delegacia;uop;;;
660714;11/02/2025;ter�a-feira;11:00:00;ES;262;135,2;BREJETUBA;Condutor Dormindo;Sa�da de leito carro��vel;Com V�timas Feridas;Pleno dia;Crescente;C�u Claro;Simples;Curva;N�o;1;0;0;1;0;0;1;1;-20,24466108;-41,3313501;SPRF-ES;DEL01-ES;UOP02-DEL01-ES;;;
660715;11/02/2025;ter�a-feira;09:02:00;RJ;101;239;SILVA JARDIM;Demais falhas mec�nicas ou el�tricas;Queda de ocupante de ve�culo;Com V�timas Feridas;Pleno dia;Decrescente;C�u Claro;Dupla;Reta;N�o;1;0;1;0;0;0;1;1;-22,62542413;-42,42802593;SPRF-RJ;DEL02-RJ;UOP03-DEL02-RJ;;;
660718;11/02/2025;ter�a-feira;13:22:00;PB;230;20,8;JOAO PESSOA;Aus�ncia de rea��o do condutor;Colis�o traseira;Com V�timas Feridas;Pleno dia;Decrescente;C�u Claro;Dupla;Reta;Sim;6;0;1;0;5;0;1;2;-7,1337;-34,8544;SPRF-PB;DEL01-PB;UOP01-DEL01-PB;;;
660719;11/02/2025;ter�a-feira;13:40:00;RS;116;472;SAO LOURENCO DO SUL;Demais falhas mec�nicas ou el�tricas;Inc�ndio;Sem V�timas;Pleno dia;Decrescente;Nublado;Dupla;Reta;N�o;1;0;0;0;1;0;0;1;-31,36343118;-52,08262687;SPRF-RS;DEL07-RS;UOP01-DEL07-RS;;;
660720;11/02/2025;ter�a-feira;14:20:00;ES;101;296;CARIACICA;Acumulo de areia ou detritos sobre o pavimento;Queda de ocupante de ve�culo;Com V�timas Feridas;Pleno dia;Crescente;C�u Claro;Simples;Reta;N�o;1;0;1;0;0;0;1;1;-20,34029997;-40,40405712;SPRF-ES;DEL01-ES;UOP01-DEL01-ES;;;
660722;11/02/2025;ter�a-feira;14:10:00;PR;369;186,7;ARAPONGAS;Condutor Dormindo;Colis�o com objeto;Sem V�timas;Pleno dia;Decrescente;C�u Claro;Simples;Reta;Sim;1;0;0;0;1;0;0;1;-23,421914;-51,424373;SPRF-PR;DEL07-PR;UOP03-DEL07-PR;;;
660725;11/02/2025;ter�a-feira;13:30:00;RJ;40;107;DUQUE DE CAXIAS;Demais falhas mec�nicas ou el�tricas;Tombamento;Com V�timas Feridas;Pleno dia;Decrescente;C�u Claro;Dupla;Reta;N�o;1;0;1;0;0;0;1;1;-22,65581497;-43,28378546;SPRF-RJ;DEL01-RJ;UOP02-DEL01-RJ;;;
660726;11/02/2025;ter�a-feira;12:45:00;CE;222;120,2;ITAPAJE;Demais falhas na via;Queda de ocupante de ve�culo;Com V�timas Feridas;Pleno dia;Crescente;C�u Claro;Simples;Reta;Sim;2;0;2;0;0;0;2;1;-3,72231305;-39,5617951;SPRF-CE;DEL04-CE;UOP03-DEL04-CE;;;
660728;11/02/2025;ter�a-feira;12:40:00;GO;40;16;CIDADE OCIDENTAL;Aus�ncia de rea��o do condutor;Sa�da de leito carro��vel;Com V�timas Feridas;Pleno dia;Crescente;Garoa/Chuvisco;Dupla;Reta;Sim;2;0;1;0;0;1;1;2;-16,10498894;-47,97472;SPRF-DF;DEL01-DF;UOP01-DEL01-DF;;;
660730;11/02/2025;ter�a-feira;14:45:00;RJ;116;173;SAO JOAO DE MERITI;Demais falhas mec�nicas ou el�tricas;Tombamento;Com V�timas Feridas;Pleno dia;Decrescente;Sol;M�ltipla;Reta;Sim;1;0;1;0;0;0;1;1;-22,79810324;-43,35726614;SPRF-RJ;DEL06-RJ;UOP01-DEL06-RJ;;;
660734;11/02/2025;ter�a-feira;14:10:00;SC;101;208,2;SAO JOSE;Manobra de mudan�a de faixa;Colis�o lateral mesmo sentido;Com V�timas Feridas;Pleno dia;Crescente;Sol;M�ltipla;"Reta;Interse��o de Vias";Sim;5;0;1;0;4;0;1;2;-27,60327979;-48,63201818;SPRF-SC;DEL01-SC;UOP01-DEL01-SC;;;
660735;11/02/2025;ter�a-feira;13:30:00;MG;40;532;BELO HORIZONTE;Manobra de mudan�a de faixa;Colis�o lateral mesmo sentido;Com V�timas Feridas;Pleno dia;Crescente;C�u Claro;Dupla;"Reta;Declive";Sim;3;0;2;0;1;0;2;2;-19,92372561;-44,01700789;SPRF-MG;DEL01-MG;UOP02-DEL01-MG;;;
660736;11/02/2025;ter�a-feira;14:00:00;MG;116;51;MEDINA;Avarias e/ou desgaste excessivo no pneu;Queda de ocupante de ve�culo;Com V�timas Feridas;Pleno dia;Decrescente;C�u Claro;Simples;Reta;N�o;2;0;1;1;0;0;2;1;-16,06503493;-41,4505498;SPRF-MG;DEL11-MG;UOP02-DEL11-MG;;;
660737;11/02/2025;ter�a-feira;13:40:00;SC;163;68,8;SAO MIGUEL DO OESTE;Condutor deixou de manter dist�ncia do ve�culo da frente;Colis�o traseira;Sem V�timas;Pleno dia;Crescente;C�u Claro;Dupla;Reta;Sim;2;0;0;0;2;0;0;2;-26,74285102;-53,50088596;SPRF-SC;DEL07-SC;UOP03-DEL07-SC;;;
660740;11/02/2025;ter�a-feira;15:35:00;RJ;101;321;NITEROI;Velocidade Incompat�vel;Queda de ocupante de ve�culo;Com V�timas Feridas;Pleno dia;Crescente;C�u Claro;Dupla;Curva;Sim;2;0;1;0;1;0;1;1;-22,86981096;-43,11046465;SPRF-RJ;DEL02-RJ;UOP01-DEL02-RJ;;;
660743;11/02/2025;ter�a-feira;14:43:00;PR;116;92;SAO JOSE DOS PINHAIS;Aus�ncia de rea��o do condutor;Tombamento;Com V�timas Feridas;Pleno dia;Decrescente;C�u Claro;Dupla;Reta;Sim;1;0;1;0;0;0;1;1;-25,47691403;-49,09767498;SPRF-PR;DEL01-PR;UOP07-DEL01-PR;;;
660745;11/02/2025;ter�a-feira;16:11:00;SP;116;227;SAO PAULO;Aus�ncia de rea��o do condutor;Colis�o traseira;Com V�timas Feridas;Pleno dia;Crescente;C�u Claro;M�ltipla;Reta;Sim;2;0;1;0;1;0;1;2;-23,49659264;-46,55648754;SPRF-SP;DEL01-SP;UOP01-DEL01-SP;;;
660747;11/02/2025;ter�a-feira;12:55:00;PR;153;335,2;IRATI;Acessar a via sem observar a presen�a dos outros ve�culos;Colis�o transversal;Com V�timas Feridas;Pleno dia;Decrescente;C�u Claro;Simples;"Reta;Interse��o de Vias";Sim;2;0;1;0;1;0;1;2;-25,48894141;-50,64508883;SPRF-PR;DEL08-PR;UOP02-DEL08-PR;;;
660751;11/02/2025;ter�a-feira;16:25:00;PR;277;72;SAO JOSE DOS PINHAIS;Condutor deixou de manter dist�ncia do ve�culo da frente;Colis�o traseira;Sem V�timas;Pleno dia;Crescente;Nublado;Dupla;Reta;N�o;5;0;0;0;5;0;0;2;-25,52522628;-49,09755612;SPRF-PR;DEL01-PR;UOP07-DEL01-PR;;;
660753;11/02/2025;ter�a-feira;15:10:00;ES;101;370,2;ANCHIETA;Desrespeitar a prefer�ncia no cruzamento;Colis�o transversal;Com V�timas Feridas;Pleno dia;Crescente;Nublado;Simples;Reta;N�o;3;0;1;0;2;0;1;2;-20,76871121;-40,75999937;SPRF-ES;DEL03-ES;UOP01-DEL03-ES;;;
660757;11/02/2025;ter�a-feira;14:30:00;MS;163;490;CAMPO GRANDE;Demais falhas mec�nicas ou el�tricas;Inc�ndio;Sem V�timas;Pleno dia;Crescente;C�u Claro;Simples;Reta;N�o;2;0;0;0;0;2;0;2;-20,39834568;-54,55622792;SPRF-MS;DEL01-MS;UOP02-DEL01-MS;;;
660758;11/02/2025;ter�a-feira;17:00:00;PE;232;88;GRAVATA;Aus�ncia de rea��o do condutor;Colis�o com objeto;Com V�timas Feridas;Pleno dia;Crescente;C�u Claro;Dupla;"Em Obras;Reta";N�o;1;0;0;1;0;0;1;1;-8,215632;-35,639791;SPRF-PE;DEL02-PE;UOP02-DEL02PE;;;
660759;10/01/2025;sexta-feira;14:15:00;SC;101;226,4;PALHOCA;Acessar a via sem observar a presen�a dos outros ve�culos;Colis�o com objeto;Com V�timas Feridas;Pleno dia;Crescente;C�u Claro;Dupla;Reta;Sim;6;0;3;2;0;1;5;3;-27,74200001;-48,63806504;SPRF-SC;DEL01-SC;UOP02-DEL01-SC;;;
660760;07/02/2025;sexta-feira;15:35:00;PB;230;15;JOAO PESSOA;Aus�ncia de rea��o do condutor;Colis�o traseira;Com V�timas Feridas;Pleno dia;Decrescente;C�u Claro;Dupla;Declive;Sim;3;0;1;0;2;0;1;2;-7,093;-34,8482;SPRF-PB;DEL01-PB;UOP01-DEL01-PB;;;
660761;11/02/2025;ter�a-feira;16:00:00;MG;40;617,4;CONGONHAS;Condutor deixou de manter dist�ncia do ve�culo da frente;Colis�o traseira;Com V�timas Feridas;Pleno dia;Crescente;C�u Claro;Simples;Reta;Sim;5;0;1;0;4;0;1;2;-20,55295397;-43,81450989;SPRF-MG;DEL05-MG;UOP02-DEL05-MG;;;
660764;11/02/2025;ter�a-feira;12:30:00;PB;104;2;NOVA FLORESTA;Aus�ncia de rea��o do condutor;Colis�o traseira;Com V�timas Feridas;Pleno dia;Crescente;Sol;Simples;Reta;Sim;5;0;1;3;1;0;4;2;-6,45169185;-36,20342671;SPRF-PB;DEL02-PB;UOP04-DEL02-PB;;;
660765;11/02/2025;ter�a-feira;16:20:00;SP;116;33,9;CACHOEIRA PAULISTA;Ultrapassagem Indevida;Colis�o lateral mesmo sentido;Com V�timas Feridas;Pleno dia;Crescente;Nublado;Simples;"Curva;Aclive";Sim;2;0;1;0;1;0;1;2;-22,65226152;-44,9587297;SPRF-SP;DEL08-SP;UOP02-DEL08-SP;;;
660766;11/02/2025;ter�a-feira;17:00:00;RJ;116;185;NOVA IGUACU;Aus�ncia de rea��o do condutor;Colis�o traseira;Com V�timas Feridas;Pleno dia;Crescente;C�u Claro;Dupla;Reta;Sim;3;0;1;0;2;0;1;2;-22,74151051;-43,45351823;SPRF-RJ;DEL06-RJ;UOP01-DEL06-RJ;;;
660767;10/01/2025;sexta-feira;20:00:00;SP;116;447;REGISTRO;Condutor deixou de manter dist�ncia do ve�culo da frente;Colis�o traseira;Com V�timas Feridas;Plena Noite;Crescente;C�u Claro;Dupla;Reta;N�o;3;0;0;1;2;0;1;2;-24,51285376;-47,85054871;SPRF-SP;DEL05-SP;UOP01-DEL05-SP;;;
660768;11/02/2025;ter�a-feira;16:40:00;DF;20;57;BRASILIA;Rea��o tardia ou ineficiente do condutor;Sa�da de leito carro��vel;Com V�timas Feridas;Pleno dia;Crescente;Chuva;Dupla;Curva;N�o;3;0;3;0;0;0;3;1;-15,583027;-47,367081;SPRF-DF;DEL02-DF;UOP01-DEL02-DF;;;
660770;11/02/2025;ter�a-feira;17:10:00;BA;324;512;FEIRA DE SANTANA;Acumulo de �leo sobre o pavimento;Queda de ocupante de ve�culo;Com V�timas Feridas;Pleno dia;Crescente;C�u Claro;Simples;Rotat�ria;Sim;1;0;1;0;0;0;1;1;-12,22584428;-38,96500584;SPRF-BA;DEL02-BA;UOP01-DEL02-BA;;;
660771;11/02/2025;ter�a-feira;17:22:00;CE;116;34;HORIZONTE;Acessar a via sem observar a presen�a dos outros ve�culos;Colis�o lateral mesmo sentido;Com V�timas Feridas;Pleno dia;Crescente;C�u Claro;Dupla;Reta;N�o;2;0;1;0;1;0;1;2;-4,05172943;-38,50644171;SPRF-CE;DEL01-CE;UOP02-DEL01-CE;;;
660772;11/02/2025;ter�a-feira;17:30:00;SC;116;199,1;PONTE ALTA;Rea��o tardia ou ineficiente do condutor;Sa�da de leito carro��vel;Com V�timas Feridas;Pleno dia;Crescente;Sol;Simples;"Curva;Aclive";N�o;2;0;1;0;0;1;1;2;-27,42102791;-50,41128862;SPRF-SC;DEL05-SC;UOP03-DEL05-SC;;;
660773;11/02/2025;ter�a-feira;17:00:00;RS;392;0;RIO GRANDE;Trafegar com motocicleta (ou similar) entre as faixas;Colis�o transversal;Com V�timas Feridas;Pleno dia;Decrescente;C�u Claro;Simples;Reta;Sim;2;0;0;1;1;0;1;2;-32,11543941;-52,11021423;SPRF-RS;DEL07-RS;UOP02-DEL07-RS;;;
660775;11/02/2025;ter�a-feira;17:10:00;SE;101;102,9;SAO CRISTOVAO;Manobra de mudan�a de faixa;Colis�o com objeto;Com V�timas Feridas;Pleno dia;Decrescente;Nublado;Dupla;Reta;N�o;2;0;2;0;0;0;2;1;-10,94880037;-37,21099182;SPRF-SE;DEL02-SE;UOP01-DEL02-SE;;;
660776;11/02/2025;ter�a-feira;16:30:00;MT;70;497;CUIABA;Demais falhas mec�nicas ou el�tricas;Queda de ocupante de ve�culo;Com V�timas Feridas;Pleno dia;Crescente;C�u Claro;Simples;Reta;Sim;2;0;2;0;0;0;2;1;-15,69464314;-55,89988508;SPRF-MT;DEL01-MT;UOP02-DEL01-MT;;;
660777;11/02/2025;ter�a-feira;17:30:00;SP;381;89,4;GUARULHOS;Rea��o tardia ou ineficiente do condutor;Colis�o lateral mesmo sentido;Com V�timas Feridas;Pleno dia;Decrescente;C�u Claro;M�ltipla;Reta;Sim;4;0;2;0;2;0;2;2;-23,491029;-46,558953;SPRF-SP;DEL03-SP;UOP01-DEL03-SP;;;
660778;11/02/2025;ter�a-feira;15:30:00;MA;10;176;CAMPESTRE DO MARANHAO;Acessar a via sem observar a presen�a dos outros ve�culos;Colis�o transversal;Com V�timas Feridas;Pleno dia;Crescente;Garoa/Chuvisco;Simples;"Reta;Declive";Sim;3;0;1;0;2;0;1;2;-6,176334;-47,363804;SPRF-MA;DEL04-MA;UOP02-DEL04-MA;;;
660779;11/02/2025;ter�a-feira;17:15:00;SP;116;64,3;GUARATINGUETA;Aus�ncia de rea��o do condutor;Colis�o traseira;Com V�timas Feridas;Pleno dia;Crescente;Sol;M�ltipla;Curva;Sim;2;0;1;0;0;1;1;2;-22,81942006;-45,18421298;SPRF-SP;DEL08-SP;UOP01-DEL08-SP;;;
660780;11/02/2025;ter�a-feira;17:45:00;MG;40;546;NOVA LIMA;Manobra de mudan�a de faixa;Colis�o lateral mesmo sentido;Com V�timas Feridas;Anoitecer;Decrescente;C�u Claro;Dupla;Reta;Sim;2;0;1;0;1;0;1;2;-20,01444685;-43,96893823;SPRF-MG;DEL01-MG;UOP02-DEL01-MG;;;
660783;11/02/2025;ter�a-feira;17:40:00;MG;40;656,8;CARANDAI;Pedestre cruzava a pista fora da faixa;Atropelamento de Pedestre;Com V�timas Fatais;Pleno dia;Crescente;C�u Claro;Simples;"Aclive;Reta";N�o;2;1;0;0;1;0;0;2;-20,88150821;-43,80369186;SPRF-MG;DEL05-MG;UOP02-DEL05-MG;;;
660784;11/02/2025;ter�a-feira;17:50:00;SC;280;133,9;RIO NEGRINHO;Rea��o tardia ou ineficiente do condutor;Colis�o com objeto;Sem V�timas;Pleno dia;Crescente;C�u Claro;Simples;Curva;Sim;2;0;0;0;2;0;0;1;-26,268433;-49,555073;SPRF-SC;DEL06-SC;UOP03-DEL06-SC;;;
660787;11/02/2025;ter�a-feira;18:20:00;PR;369;473,7;CORBELIA;Desrespeitar a prefer�ncia no cruzamento;Colis�o transversal;Com V�timas Feridas;Pleno dia;Decrescente;C�u Claro;Simples;"Rotat�ria;Reta;Interse��o de Vias";Sim;2;0;1;0;1;0;1;2;-24,58777659;-53,20122372;SPRF-PR;DEL04-PR;UOP03-DEL04-PR;;;
660788;11/02/2025;ter�a-feira;18:00:00;MS;163;275;DOURADOS;Pista esburacada;Queda de ocupante de ve�culo;Com V�timas Feridas;Pleno dia;Decrescente;C�u Claro;Dupla;Reta;N�o;1;0;1;0;0;0;1;1;-22,1666872;-54,65611485;SPRF-MS;DEL04-MS;UOP01-DEL04-MS;;;
660789;11/02/2025;ter�a-feira;17:40:00;ES;101;64,5;SAO MATEUS;Aus�ncia de rea��o do condutor;Colis�o com objeto;Com V�timas Feridas;Pleno dia;Decrescente;C�u Claro;Simples;Ponte;Sim;1;0;1;0;0;0;1;1;-18,70428583;-39,87065983;SPRF-ES;DEL04-ES;UOP02-DEL04-ES;;;
660790;11/02/2025;ter�a-feira;18:30:00;SC;101;208,8;SAO JOSE;Rea��o tardia ou ineficiente do condutor;Queda de ocupante de ve�culo;Com V�timas Feridas;Anoitecer;Crescente;C�u Claro;M�ltipla;Reta;Sim;3;0;2;0;0;1;2;2;-27,60327979;-48,63201818;SPRF-SC;DEL01-SC;UOP01-DEL01-SC;;;
660791;11/02/2025;ter�a-feira;18:12:00;RS;116;36,9;VACARIA;Desrespeitar a prefer�ncia no cruzamento;Colis�o transversal;Com V�timas Feridas;Pleno dia;Crescente;C�u Claro;Simples;"Interse��o de Vias;Rotat�ria";Sim;3;0;1;1;1;0;2;2;-28,49228783;-50,91057315;SPRF-RS;DEL05-RS;UOP03-DEL05-RS;;;
660793;11/02/2025;ter�a-feira;18:00:00;BA;116;772;PLANALTO;Demais falhas mec�nicas ou el�tricas;Inc�ndio;Sem V�timas;Plena Noite;Decrescente;Nublado;Simples;Reta;N�o;1;0;0;0;1;0;0;1;-14,56801506;-40,42021294;SPRF-BA;DEL08-BA;UOP02-DEL08-BA;;;
660795;11/02/2025;ter�a-feira;16:30:00;RS;101;3,2;TORRES;Rea��o tardia ou ineficiente do condutor;Sa�da de leito carro��vel;Sem V�timas;Pleno dia;Crescente;Nublado;Dupla;Reta;N�o;1;0;0;0;0;1;0;1;-29,3270867;-49,78114486;SPRF-RS;DEL03-RS;UOP02-DEL03-RS;;;
660796;29/01/2025;quarta-feira;19:00:00;RJ;101;463;ANGRA DOS REIS;Demais falhas mec�nicas ou el�tricas;Inc�ndio;Sem V�timas;Plena Noite;Decrescente;Nublado;Simples;Reta;N�o;1;0;0;0;1;0;0;1;-23,02635686;-44,21296905;SPRF-RJ;DEL03-RJ;UOP03-DEL03-RJ;;;
660800;11/02/2025;ter�a-feira;18:40:00;PR;158;533;PATO BRANCO;Acessar a via sem observar a presen�a dos outros ve�culos;Colis�o transversal;Sem V�timas;Plena Noite;Crescente;C�u Claro;M�ltipla;"Declive;Interse��o de Vias";Sim;3;0;0;0;3;0;0;2;-26,21972809;-52,68262891;SPRF-PR;DEL02-PR;UOP01-DEL02-PR;;;
660802;11/02/2025;ter�a-feira;17:20:00;RJ;101;481;ANGRA DOS REIS;Convers�o proibida;Colis�o transversal;Com V�timas Feridas;Pleno dia;Decrescente;C�u Claro;Simples;Reta;Sim;2;0;0;1;1;0;1;2;-23,00976021;-44,29153237;SPRF-RJ;DEL03-RJ;UOP03-DEL03-RJ;;;
660804;11/02/2025;ter�a-feira;17:50:00;RS;290;461;ROSARIO DO SUL;Aus�ncia de rea��o do condutor;Sa�da de leito carro��vel;Com V�timas Feridas;Pleno dia;Crescente;C�u Claro;Simples;"Reta;Declive";N�o;2;0;2;0;0;0;2;1;-30,23039063;-54,73238468;SPRF-RS;DEL11-RS;UOP02-DEL11-RS;;;
660805;11/02/2025;ter�a-feira;15:00:00;BA;407;230;CAPIM GROSSO;Aus�ncia de rea��o do condutor;Sa�da de leito carro��vel;Com V�timas Feridas;Pleno dia;Decrescente;C�u Claro;Simples;Rotat�ria;Sim;1;0;0;1;0;0;1;1;-11,35597598;-40,01403164;SPRF-BA;DEL04-BA;UOP02-DEL04-BA;;;
660807;11/02/2025;ter�a-feira;19:40:00;MS;60;660;BELA VISTA;Rea��o tardia ou ineficiente do condutor;Atropelamento de Animal;Com V�timas Feridas;Plena Noite;Crescente;C�u Claro;Simples;Reta;N�o;1;0;0;1;0;0;1;1;-21,9556527;-56,4306912;SPRF-MS;DEL05-MS;UOP01-DEL05-MS;;;
660809;11/02/2025;ter�a-feira;20:10:00;MS;163;257;DOURADOS;Aus�ncia de rea��o do condutor;Tombamento;Com V�timas Feridas;Plena Noite;Crescente;C�u Claro;Dupla;"Reta;Declive";Sim;1;0;0;1;0;0;1;1;-22,25884901;-54,79493011;SPRF-MS;DEL04-MS;UOP01-DEL04-MS;;;
660810;11/02/2025;ter�a-feira;20:50:00;RS;386;414;MONTENEGRO;Ingest�o de �lcool pelo condutor;Sa�da de leito carro��vel;Com V�timas Feridas;Plena Noite;Crescente;Nublado;Simples;Rotat�ria;N�o;1;0;1;0;0;0;1;1;-29,81646037;-51,48072308;SPRF-RS;DEL04-RS;UOP02-DEL04-RS;;;
660812;11/02/2025;ter�a-feira;18:20:00;MA;135;1;SAO LUIS;Rea��o tardia ou ineficiente do condutor;Colis�o traseira;Com V�timas Feridas;Plena Noite;Decrescente;Garoa/Chuvisco;Dupla;Reta;N�o;2;0;1;0;1;0;1;2;-2,58917895;-44,24423719;SPRF-MA;DEL01-MA;UOP01-DEL01-MA;;;
660813;11/02/2025;ter�a-feira;18:40:00;SC;163;122;DIONISIO CERQUEIRA;Aus�ncia de rea��o do condutor;Sa�da de leito carro��vel;Com V�timas Feridas;Anoitecer;Crescente;C�u Claro;Simples;Reta;N�o;1;0;1;0;0;0;1;1;-26,29183751;-53,55534554;SPRF-SC;DEL07-SC;UOP03-DEL07-SC;;;
660814;11/02/2025;ter�a-feira;21:10:00;MG;40;526;CONTAGEM;Pedestre - Ingest�o de �lcool/ subst�ncias psicoativas;Atropelamento de Pedestre;Com V�timas Feridas;Plena Noite;Decrescente;C�u Claro;Dupla;Reta;Sim;2;0;0;1;1;0;1;2;-19,89255399;-44,04985478;SPRF-MG;DEL01-MG;UOP02-DEL01-MG;;;
660815;11/02/2025;ter�a-feira;18:00:00;PR;163;84,3;CAPANEMA;Problema com o freio;Queda de ocupante de ve�culo;Com V�timas Feridas;Pleno dia;Decrescente;C�u Claro;Simples;Reta;N�o;1;0;1;0;0;0;1;1;-25,72964476;-53,78691199;SPRF-PR;DEL02-PR;UOP02-DEL02-PR;;;
660816;11/02/2025;ter�a-feira;21:33:00;PE;101;70;RECIFE;Transitar na contram�o;Colis�o frontal;Com V�timas Feridas;Plena Noite;Decrescente;C�u Claro;M�ltipla;"Curva;Viaduto";Sim;2;0;1;1;0;0;2;2;-8,074603;-34,936925;SPRF-PE;DEL01-PE;UOP01-DEL01-PE;;;
660817;11/02/2025;ter�a-feira;17:40:00;RJ;101;332,5;RIO DE JANEIRO;Aus�ncia de rea��o do condutor;Colis�o traseira;Com V�timas Feridas;Pleno dia;Decrescente;C�u Claro;Dupla;"Reta;Ponte";N�o;2;0;1;0;1;0;1;2;-22,874816;-43,20665359;SPRF-RJ;DEL02-RJ;UOP01-DEL02-RJ;;;
660818;11/02/2025;ter�a-feira;22:30:00;SP;116;217;GUARULHOS;Aus�ncia de rea��o do condutor;Queda de ocupante de ve�culo;Com V�timas Feridas;Plena Noite;Crescente;C�u Claro;M�ltipla;Reta;Sim;1;0;1;0;0;0;1;1;-23,45423824;-46,47119028;SPRF-SP;DEL01-SP;UOP01-DEL01-SP;;;
660820;11/02/2025;ter�a-feira;20:00:00;GO;60;98;ANAPOLIS;Ingest�o de �lcool pelo condutor;Colis�o com objeto;Sem V�timas;Pleno dia;Decrescente;Chuva;Dupla;Reta;Sim;1;0;0;0;1;0;0;1;-16,3846;-48,9541;SPRF-GO;DEL02-GO;UOP01-DEL02-GO;;;
660821;11/02/2025;ter�a-feira;19:10:00;CE;116;3;FORTALEZA;Manobra de mudan�a de faixa;Colis�o lateral mesmo sentido;Com V�timas Feridas;Plena Noite;Crescente;C�u Claro;M�ltipla;Reta;N�o;2;0;1;0;1;0;1;2;-3,77866493;-38,51490171;SPRF-CE;DEL01-CE;UOP02-DEL01-CE;;;
660824;11/02/2025;ter�a-feira;22:00:00;RS;386;372,2;FAZENDA VILANOVA;Aus�ncia de rea��o do condutor;Sa�da de leito carro��vel;Sem V�timas;Plena Noite;Crescente;Nublado;Dupla;"Curva;Declive";Sim;1;0;0;0;0;1;0;1;-29,6042;-51,811676;SPRF-RS;DEL04-RS;UOP01-DEL04-RS;;;
660826;11/02/2025;ter�a-feira;19:00:00;RN;226;168,6;CURRAIS NOVOS;Aus�ncia de sinaliza��o;Colis�o transversal;Com V�timas Feridas;Plena Noite;Decrescente;C�u Claro;Simples;Reta;N�o;2;0;0;1;1;0;1;2;-6,23417195;-36,45478404;SPRF-RN;DEL03-RN;UOP02-DEL03-RN;;;
660828;11/02/2025;ter�a-feira;19:54:00;MA;135;127;MIRANDA DO NORTE;Acessar a via sem observar a presen�a dos outros ve�culos;Colis�o transversal;Com V�timas Fatais;Plena Noite;Crescente;Chuva;Simples;Reta;N�o;2;1;0;0;1;0;0;2;-3,57501528;-44,57979441;SPRF-MA;DEL01-MA;UOP02-DEL01-MA;;;
660829;12/02/2025;quarta-feira;00:15:00;PR;376;491;PONTA GROSSA;Ingest�o de �lcool pelo condutor;Sa�da de leito carro��vel;Sem V�timas;Plena Noite;Decrescente;C�u Claro;Dupla;"Aclive;Reta";Sim;1;0;0;0;1;0;0;1;-25,10258276;-50,19412994;SPRF-PR;DEL03-PR;UOP04-DEL03-PR;;;
660831;11/02/2025;ter�a-feira;23:10:00;RR;174;8,8;BOA VISTA;Animais na Pista;Atropelamento de Animal;Sem V�timas;Plena Noite;Decrescente;C�u Claro;Simples;Reta;N�o;2;0;0;0;2;0;0;1;2,89939022;-60,70444107;SPRF-RR;DEL01-RR;UOP01-DEL01-RR;;;
660837;12/02/2025;quarta-feira;03:50:00;SP;153;111,8;JOSE BONIFACIO;Ingest�o de �lcool pelo condutor;Sa�da de leito carro��vel;Com V�timas Feridas;Plena Noite;Decrescente;C�u Claro;Simples;Reta;N�o;1;0;1;0;0;0;1;1;-21,1008364;-49,68008995;SPRF-SP;DEL09-SP;UOP01-DEL09-SP;;;
660839;12/02/2025;quarta-feira;04:30:00;ES;101;262,2;SERRA;Rea��o tardia ou ineficiente do condutor;Tombamento;Com V�timas Feridas;Amanhecer;Decrescente;C�u Claro;Dupla;"Reta;Declive";Sim;1;0;1;0;0;0;1;1;-20,1615273;-40,2752806;SPRF-ES;DEL02-ES;UOP01-DEL02-ES;;;
660840;12/02/2025;quarta-feira;05:25:00;PR;116;77,7;PIRAQUARA;Afundamento ou ondula��o no pavimento;Sa�da de leito carro��vel;Com V�timas Fatais;Amanhecer;Decrescente;C�u Claro;Dupla;Curva;N�o;5;1;3;1;0;0;4;1;-25,38360492;-49,05301123;SPRF-PR;DEL01-PR;UOP02-DEL01-PR;;;
660841;12/02/2025;quarta-feira;05:54:00;RN;101;68;EXTREMOZ;Acumulo de �gua sobre o pavimento;Queda de ocupante de ve�culo;Com V�timas Feridas;Pleno dia;Crescente;Nublado;Simples;Reta;N�o;1;0;1;0;0;0;1;1;-5,66628678;-35,25303617;SPRF-RN;DEL02-RN;UOP01-DEL02-RN;;;
660842;12/02/2025;quarta-feira;05:40:00;SE;101;91,8;NOSSA SENHORA DO SOCORRO;Acesso irregular;Colis�o com objeto;Com V�timas Feridas;Pleno dia;Decrescente;Nublado;Dupla;"Aclive;Reta";Sim;1;0;1;0;0;0;1;1;-10,89849802;-37,13176324;SPRF-SE;DEL01-SE;UOP01-DEL01-SE;;;
660844;12/02/2025;quarta-feira;06:30:00;SC;101;228,9;PALHOCA;Aus�ncia de rea��o do condutor;Colis�o frontal;Com V�timas Feridas;Pleno dia;Crescente;C�u Claro;M�ltipla;"Reta;Interse��o de Vias;Aclive";N�o;1;0;1;0;0;0;1;1;-27,7597249;-48,63078869;SPRF-SC;DEL01-SC;UOP02-DEL01-SC;;;
660845;12/02/2025;quarta-feira;06:50:00;RJ;116;170;RIO DE JANEIRO;Aus�ncia de rea��o do condutor;Tombamento;Com V�timas Feridas;Pleno dia;Crescente;Sol;M�ltipla;Reta;N�o;1;0;1;0;0;0;1;1;-22,81113183;-43,3336729;SPRF-RJ;DEL06-RJ;UOP01-DEL06-RJ;;;