id;data_inversa;dia_semana;horario;uf;br;km;municipio;causa_acidente;tipo_acidente;classificacao_acidente;fase_dia;sentido_via;condicao_metereologica;tipo_pista;tracado_via;uso_solo;pessoas;mortos;feridos_leves;feridos_graves;ilesos;ignorados;feridos;veiculos;latitude;longitude;regional;delegacia;uop;;;
660846;12/02/2025;quarta-feira;07:10:00;SC;101;214,6;PALHOCA;Rea��o tardia ou ineficiente do condutor;Colis�o traseira;Com V�timas Feridas;Pleno dia;Decrescente;C�u Claro;Simples;Reta;Sim;2;0;1;0;1;0;1;2;-27,64443;-48,67057;SPRF-SC;DEL01-SC;UOP02-DEL01-SC;;;
660847;12/02/2025;quarta-feira;05:20:00;RJ;101;69;CAMPOS DOS GOYTACAZES;Pedestre andava na pista;Atropelamento de Pedestre;Com V�timas Feridas;Amanhecer;Decrescente;C�u Claro;Simples;"Reta;Interse��o de Vias";N�o;2;0;1;0;0;1;1;2;-21,77866993;-41,36930823;SPRF-RJ;DEL08-RJ;UOP02-DEL08-RJ;;;
660849;12/02/2025;quarta-feira;06:40:00;MG;381;484,5;BETIM;Trafegar com motocicleta (ou similar) entre as faixas;Colis�o traseira;Com V�timas Feridas;Pleno dia;Decrescente;C�u Claro;M�ltipla;Reta;Sim;3;0;0;2;1;0;2;2;-19,95804127;-44,09234047;SPRF-MG;DEL01-MG;UOP03-DEL01-MG;;;
660851;12/02/2025;quarta-feira;04:25:00;RJ;356;103;CARDOSO MOREIRA;Animais na Pista;Atropelamento de Animal;Com V�timas Feridas;Plena Noite;Crescente;C�u Claro;Simples;Reta;N�o;1;0;1;0;0;0;1;1;-21,53960062;-41,51083458;SPRF-RJ;DEL08-RJ;UOP03-DEL08-RJ;;;
660852;12/02/2025;quarta-feira;07:30:00;MG;40;523,2;CONTAGEM;Ingest�o de subst�ncias psicoativas pelo condutor;Colis�o lateral mesmo sentido;Com V�timas Feridas;Pleno dia;Decrescente;C�u Claro;Dupla;Reta;N�o;3;0;3;0;0;0;3;2;-19,86874894;-44,05962197;SPRF-MG;DEL01-MG;UOP02-DEL01-MG;;;
660853;12/02/2025;quarta-feira;06:30:00;RN;406;167;SAO GONCALO DO AMARANTE;Animais na Pista;Colis�o lateral mesmo sentido;Com V�timas Feridas;Pleno dia;Crescente;C�u Claro;Dupla;"Aclive;Reta";N�o;2;0;1;0;0;1;1;2;-5,74970173;-35,32342926;SPRF-RN;DEL02-RN;UOP01-DEL02-RN;;;
660854;12/02/2025;quarta-feira;07:45:00;ES;101;265;SERRA;Aus�ncia de rea��o do condutor;Colis�o lateral mesmo sentido;Com V�timas Feridas;Pleno dia;Crescente;C�u Claro;Dupla;Reta;N�o;2;0;0;1;1;0;1;2;-20,1816849;-40,26536036;SPRF-ES;DEL02-ES;UOP01-DEL02-ES;;;
660856;12/02/2025;quarta-feira;07:50:00;RJ;101;397;ITAGUAI;Demais falhas mec�nicas ou el�tricas;Queda de ocupante de ve�culo;Com V�timas Feridas;Pleno dia;Decrescente;Sol;Dupla;Reta;Sim;2;0;2;0;0;0;2;1;-22,87460977;-43,7406698;SPRF-RJ;DEL03-RJ;UOP01-DEL03-RJ;;;
660857;12/02/2025;quarta-feira;07:20:00;MG;381;485,1;BETIM;Trafegar com motocicleta (ou similar) entre as faixas;Colis�o lateral mesmo sentido;Com V�timas Feridas;Pleno dia;Decrescente;C�u Claro;Dupla;"Reta;Declive";Sim;3;0;1;1;1;0;2;2;-19,95659361;-44,12622893;SPRF-MG;DEL01-MG;UOP03-DEL01-MG;;;
660858;12/02/2025;quarta-feira;07:00:00;MA;135;16,5;SAO LUIS;Acessar a via sem observar a presen�a dos outros ve�culos;Colis�o transversal;Com V�timas Feridas;Pleno dia;Decrescente;Chuva;Dupla;"Retorno Regulamentado;Reta";Sim;2;0;0;1;1;0;1;2;-2,70264079;-44,31049629;SPRF-MA;DEL01-MA;UOP01-DEL01-MA;;;
660859;12/02/2025;quarta-feira;07:25:00;SP;116;216;GUARULHOS;Aus�ncia de rea��o do condutor;Colis�o lateral mesmo sentido;Com V�timas Feridas;Pleno dia;Crescente;Nublado;M�ltipla;Reta;Sim;2;0;1;0;1;0;1;2;-23,45056589;-46,46258105;SPRF-SP;DEL01-SP;UOP01-DEL01-SP;;;
660862;12/02/2025;quarta-feira;07:35:00;SC;101;203,1;SAO JOSE;Condutor deixou de manter dist�ncia do ve�culo da frente;Colis�o traseira;Com V�timas Feridas;Pleno dia;Decrescente;C�u Claro;Dupla;"Curva;Rotat�ria";Sim;3;0;2;0;1;0;2;2;-27,5650044;-48,61460082;SPRF-SC;DEL01-SC;UOP01-DEL01-SC;;;
660864;12/02/2025;quarta-feira;07:57:00;ES;101;297;VIANA;Condutor deixou de manter dist�ncia do ve�culo da frente;Colis�o traseira;Com V�timas Feridas;Pleno dia;Crescente;C�u Claro;M�ltipla;Reta;Sim;3;0;1;0;2;0;1;3;-20,34529844;-40,41026774;SPRF-ES;DEL01-ES;UOP01-DEL01-ES;;;
660865;08/02/2025;s�bado;15:40:00;SP;116;525;BARRA DO TURVO;Aus�ncia de rea��o do condutor;Colis�o transversal;Sem V�timas;Pleno dia;Decrescente;C�u Claro;Dupla;Reta;N�o;3;0;0;0;3;0;0;2;-24,92563316;-48,26567292;SPRF-SP;DEL05-SP;UOP02-DEL05-SP;;;
660866;12/02/2025;quarta-feira;05:30:00;MG;50;0,8;ARAGUARI;Velocidade Incompat�vel;Capotamento;Com V�timas Feridas;Amanhecer;Crescente;C�u Claro;Dupla;"Reta;Declive";N�o;1;0;1;0;0;0;1;1;-18,42432;-48,068207;SPRF-MG;DEL15-MG;UOP02-DEL15-MG;;;
660868;12/02/2025;quarta-feira;06:00:00;MG;381;733,2;TRES CORACOES;Ingest�o de �lcool pelo condutor;Sa�da de leito carro��vel;Sem V�timas;Pleno dia;Decrescente;C�u Claro;Dupla;"Retorno Regulamentado;Reta";N�o;1;0;0;0;1;0;0;1;-21,55413799;-45,24499427;SPRF-MG;DEL16-MG;UOP02-DEL16-MG;;;
660869;12/02/2025;quarta-feira;06:00:00;MG;262;420;IGARATINGA;Rea��o tardia ou ineficiente do condutor;Sa�da de leito carro��vel;Com V�timas Feridas;Amanhecer;Decrescente;Vento;Dupla;Reta;N�o;1;0;1;0;0;0;1;1;-19,88933622;-44,71181914;SPRF-MG;DEL08-MG;UOP03-DEL08-MG;;;
660870;12/02/2025;quarta-feira;07:08:00;RJ;40;123;DUQUE DE CAXIAS;Rea��o tardia ou ineficiente do condutor;Colis�o traseira;Com V�timas Feridas;Pleno dia;Crescente;C�u Claro;M�ltipla;Reta;Sim;3;0;1;0;2;0;1;2;-22,79907687;-43,29015739;SPRF-RJ;DEL01-RJ;UOP02-DEL01-RJ;;;
660871;27/01/2025;segunda-feira;08:47:00;BA;324;613;SALVADOR;Condutor deixou de manter dist�ncia do ve�culo da frente;Colis�o lateral mesmo sentido;Com V�timas Feridas;Pleno dia;Decrescente;C�u Claro;Dupla;Reta;Sim;3;0;1;1;1;0;2;2;-12,85531601;-38,42055197;SPRF-BA;DEL01-BA;UOP01-DEL01-BA;;;
660876;12/02/2025;quarta-feira;08:00:00;PR;376;602;CURITIBA;Pedestre cruzava a pista fora da faixa;Atropelamento de Pedestre;Com V�timas Feridas;Pleno dia;Decrescente;C�u Claro;Dupla;Reta;Sim;2;0;2;0;0;0;2;2;-25,54329052;-49,30719981;SPRF-PR;DEL01-PR;UOP06-DEL01-PR;;;
660877;12/02/2025;quarta-feira;09:00:00;ES;101;278,9;SERRA;Condutor Dormindo;Sa�da de leito carro��vel;Com V�timas Feridas;Pleno dia;Decrescente;C�u Claro;Dupla;"Curva;Declive";N�o;2;0;1;0;1;0;1;1;-20,21698365;-40,32974606;SPRF-ES;DEL02-ES;UOP01-DEL02-ES;;;
660878;12/02/2025;quarta-feira;07:10:00;RO;364;235,1;CACOAL;Desrespeitar a prefer�ncia no cruzamento;Colis�o transversal;Com V�timas Feridas;Pleno dia;Crescente;C�u Claro;Simples;Retorno Regulamentado;Sim;2;0;1;0;1;0;1;2;-11,447738;-61,432963;SPRF-RO;DEL02-RO;UOP02-DEL02-RO;;;
660881;12/02/2025;quarta-feira;09:00:00;CE;116;3;FORTALEZA;Rea��o tardia ou ineficiente do condutor;Colis�o traseira;Com V�timas Feridas;Pleno dia;Decrescente;C�u Claro;M�ltipla;Reta;Sim;2;0;1;0;1;0;1;2;-3,782218;-38,5133;SPRF-CE;DEL01-CE;UOP02-DEL01-CE;;;
660882;12/02/2025;quarta-feira;09:00:00;PR;369;144;LONDRINA;Desrespeitar a prefer�ncia no cruzamento;Colis�o transversal;Com V�timas Feridas;Pleno dia;Decrescente;C�u Claro;Dupla;"Retorno Regulamentado;Reta";Sim;2;0;2;0;0;0;2;2;-23,2931281;-51,10034645;SPRF-PR;DEL07-PR;UOP01-DEL07-PR;;;
660883;12/02/2025;quarta-feira;09:00:00;RS;116;2;PORTO ALEGRE;Rea��o tardia ou ineficiente do condutor;Capotamento;Sem V�timas;Pleno dia;Decrescente;Chuva;Dupla;Curva;Sim;1;0;0;0;0;1;0;1;-29,98707375;-51,18148327;SPRF-RS;DEL01-RS;UOP01-DEL01-RS;;;
660886;15/01/2025;quarta-feira;17:30:00;PA;163;971;BELTERRA;Acessar a via sem observar a presen�a dos outros ve�culos;Colis�o transversal;Com V�timas Feridas;Pleno dia;Crescente;C�u Claro;Simples;Reta;Sim;3;0;1;0;2;0;1;2;-2,65280362;-54,82740208;SPRF-PA;DEL05-PA;UOP01-DEL05-PA;;;
660891;12/02/2025;quarta-feira;08:30:00;PR;116;74;QUATRO BARRAS;Rea��o tardia ou ineficiente do condutor;Sa�da de leito carro��vel;Com V�timas Feridas;Pleno dia;Crescente;C�u Claro;Dupla;"Reta;Declive";N�o;1;0;1;0;0;0;1;1;-25,36517687;-49,04223028;SPRF-PR;DEL01-PR;UOP02-DEL01-PR;;;
660894;12/02/2025;quarta-feira;09:40:00;MT;0;0;VARZEA GRANDE;Acessar a via sem observar a presen�a dos outros ve�culos;Colis�o transversal;Sem V�timas;Pleno dia;N�o Informado;C�u Claro;Simples;Reta;Sim;5;0;0;0;5;0;0;2;-15,6980621;-56,12313487;SPRF-MT;DEL01-MT;UOP02-DEL01-MT;;;
660895;12/02/2025;quarta-feira;03:30:00;MG;262;444;NOVA SERRANA;Aus�ncia de rea��o do condutor;Sa�da de leito carro��vel;Sem V�timas;Plena Noite;Crescente;Ignorado;Simples;"Curva;Retorno Regulamentado";Sim;1;0;0;0;0;1;0;1;-19,881131;-44,931502;SPRF-MG;DEL08-MG;UOP03-DEL08-MG;;;
660896;12/02/2025;quarta-feira;10:30:00;GO;60;89,4;ANAPOLIS;Rea��o tardia ou ineficiente do condutor;Colis�o traseira;Com V�timas Feridas;Pleno dia;Crescente;C�u Claro;Dupla;"Interse��o de Vias;Reta";Sim;4;0;2;0;2;0;2;2;-16,3367;-48,8957;SPRF-GO;DEL02-GO;UOP01-DEL02-GO;;;
660897;12/02/2025;quarta-feira;09:45:00;GO;40;49,6;LUZIANIA;Condutor deixou de manter dist�ncia do ve�culo da frente;Colis�o traseira;Sem V�timas;Pleno dia;Crescente;C�u Claro;Simples;Reta;N�o;2;0;0;0;2;0;0;2;-16,433945;-47,815178;SPRF-DF;DEL01-DF;UOP02-DEL01-DF;;;
660898;12/02/2025;quarta-feira;05:20:00;MA;135;7,5;SAO LUIS;Rea��o tardia ou ineficiente do condutor;Colis�o com objeto;Com V�timas Feridas;Amanhecer;Decrescente;Chuva;Dupla;Aclive;Sim;1;0;1;0;0;0;1;1;-2,63608835;-44,26848552;SPRF-MA;DEL01-MA;UOP01-DEL01-MA;;;
660899;12/02/2025;quarta-feira;09:00:00;ES;101;442;MIMOSO DO SUL;Aus�ncia de rea��o do condutor;Sa�da de leito carro��vel;Com V�timas Feridas;Pleno dia;Decrescente;C�u Claro;Simples;Curva;N�o;1;0;1;0;0;0;1;1;-21,09042295;-41,24777308;SPRF-ES;DEL03-ES;UOP02-DEL03-ES;;;
660900;12/02/2025;quarta-feira;10:45:00;ES;101;145,1;LINHARES;Mal s�bito do condutor;Colis�o lateral mesmo sentido;Com V�timas Feridas;Pleno dia;Decrescente;C�u Claro;Dupla;Reta;Sim;4;0;1;0;3;0;1;2;-19,36089598;-40,06464018;SPRF-ES;DEL04-ES;UOP01-DEL04-ES;;;
660901;18/01/2025;s�bado;17:50:00;AL;101;200;SAO SEBASTIAO;Convers�o proibida;Colis�o transversal;Com V�timas Feridas;Plena Noite;Decrescente;C�u Claro;Dupla;Reta;Sim;3;0;1;0;1;1;1;2;-9,95081664;-36,54113619;SPRF-AL;DEL02-AL;UOP02-DEL02-AL;;;
660902;11/02/2025;ter�a-feira;23:30:00;RJ;40;111;DUQUE DE CAXIAS;Condutor deixou de manter dist�ncia do ve�culo da frente;Colis�o traseira;Sem V�timas;Plena Noite;Decrescente;C�u Claro;M�ltipla;Reta;Sim;2;0;0;0;1;1;0;2;-22,691868;-43,287453;SPRF-RJ;DEL01-RJ;UOP02-DEL01-RJ;;;
660903;11/01/2025;s�bado;19:15:00;PR;487;24,3;ICARAIMA;Velocidade Incompat�vel;Sa�da de leito carro��vel;Com V�timas Feridas;Anoitecer;Decrescente;C�u Claro;Simples;"Curva;Viaduto";N�o;1;0;1;0;0;0;1;1;-23,407717;-53,637191;SPRF-PR;DEL06-PR;UOP03-DEL06-PR;;;
660905;12/02/2025;quarta-feira;11:50:00;SC;101;200;SAO JOSE;Acessar a via sem observar a presen�a dos outros ve�culos;Colis�o transversal;Com V�timas Feridas;Pleno dia;Decrescente;C�u Claro;Dupla;"Interse��o de Vias;Declive;Reta";N�o;2;0;1;0;1;0;1;2;-27,54018513;-48,62287714;SPRF-SC;DEL01-SC;UOP01-DEL01-SC;;;
660906;20/01/2025;segunda-feira;16:45:00;PB;230;502;CAJAZEIRAS;Desrespeitar a prefer�ncia no cruzamento;Colis�o transversal;Com V�timas Feridas;Pleno dia;Decrescente;C�u Claro;Simples;"Aclive;Rotat�ria";N�o;2;0;0;1;1;0;1;2;-6,8979;-38,5233;SPRF-PB;DEL03-PB;UOP03-DEL03-PB;;;
660909;12/02/2025;quarta-feira;12:40:00;MG;381;585;CARMOPOLIS DE MINAS;Transitar no Acostamento;Colis�o lateral mesmo sentido;Com V�timas Feridas;Pleno dia;Crescente;C�u Claro;Dupla;Reta;N�o;2;0;1;0;1;0;1;2;-20,51793601;-44,62029576;SPRF-MG;DEL04-MG;UOP01-DEL04-MG;;;
660911;12/02/2025;quarta-feira;11:35:00;BA;101;877;TEIXEIRA DE FREITAS;Ultrapassagem Indevida;Colis�o lateral mesmo sentido;Sem V�timas;Pleno dia;Decrescente;C�u Claro;Simples;Reta;Sim;2;0;0;0;2;0;0;2;-17,545277;-39,718405;SPRF-BA;DEL09-BA;UOP02-DEL09-BA;;;
660912;12/02/2025;quarta-feira;13:20:00;SP;116;205;ARUJA;Manobra de mudan�a de faixa;Colis�o traseira;Com V�timas Feridas;Pleno dia;Crescente;C�u Claro;M�ltipla;Reta;Sim;2;0;0;1;1;0;1;2;-23,41475243;-46,36600788;SPRF-SP;DEL01-SP;UOP01-DEL01-SP;;;
660913;12/02/2025;quarta-feira;11:40:00;RN;405;1;MOSSORO;Acessar a via sem observar a presen�a dos outros ve�culos;Atropelamento de Pedestre;Com V�timas Feridas;Pleno dia;Decrescente;C�u Claro;Dupla;Reta;Sim;2;0;1;1;0;0;2;2;-5,19170196;-37,361471;SPRF-RN;DEL04-RN;UOP02-DEL04-RN;;;
660914;12/02/2025;quarta-feira;12:20:00;RJ;116;241;PIRAI;Rea��o tardia ou ineficiente do condutor;Tombamento;Com V�timas Feridas;Pleno dia;Decrescente;C�u Claro;Dupla;Curva;N�o;2;0;2;0;0;0;2;1;-22,64242197;-43,89766093;SPRF-RJ;DEL07-RJ;UOP01-DEL07-RJ;;;
660915;12/02/2025;quarta-feira;11:05:00;RO;174;14;VILHENA;Acessar a via sem observar a presen�a dos outros ve�culos;Colis�o transversal;Com V�timas Feridas;Pleno dia;Crescente;Nublado;Dupla;Reta;N�o;2;0;1;0;1;0;1;2;-12,73306632;-60,12981255;SPRF-RO;DEL04-RO;UOP01-DEL04-RO;;;
660916;12/02/2025;quarta-feira;13:29:00;SC;280;52;GUARAMIRIM;Desrespeitar a prefer�ncia no cruzamento;Colis�o transversal;Com V�timas Feridas;Pleno dia;Crescente;Sol;Simples;Interse��o de Vias;Sim;2;0;1;0;1;0;1;2;-26,468904;-48,96492;SPRF-SC;DEL03-SC;UOP03-DEL03-SC;;;
660917;12/02/2025;quarta-feira;12:05:00;RJ;101;278;TANGUA;Avarias e/ou desgaste excessivo no pneu;Queda de ocupante de ve�culo;Com V�timas Feridas;Pleno dia;Decrescente;C�u Claro;Dupla;Reta;Sim;2;0;2;0;0;0;2;1;-22,74024136;-42,75799897;SPRF-RJ;DEL02-RJ;UOP03-DEL02-RJ;;;
660918;12/02/2025;quarta-feira;12:45:00;RS;470;176,4;VERANOPOLIS;Desvio tempor�rio;Colis�o lateral sentido oposto;Com V�timas Feridas;Pleno dia;Decrescente;Nublado;Simples;"Desvio Tempor�rio;Em Obras;Reta";Sim;2;0;1;0;1;0;1;2;-28,930741;-51,542109;SPRF-RS;DEL06-RS;UOP02-DEL06-RS;;;
660919;12/02/2025;quarta-feira;12:32:00;RO;364;707,5;PORTO VELHO;Rea��o tardia ou ineficiente do condutor;Colis�o lateral mesmo sentido;Sem V�timas;Pleno dia;Decrescente;C�u Claro;Dupla;Reta;Sim;2;0;0;0;2;0;0;2;-8,80037213;-63,83262707;SPRF-RO;DEL01-RO;UOP01-DEL01-RO;;;
660922;12/02/2025;quarta-feira;08:00:00;RJ;101;325;NITEROI;Manobra de mudan�a de faixa;Colis�o lateral mesmo sentido;Com V�timas Feridas;Pleno dia;Crescente;C�u Claro;Dupla;Reta;Sim;2;0;1;0;0;1;1;2;-22,87292569;-43,13625699;SPRF-RJ;DEL02-RJ;UOP01-DEL02-RJ;;;
660924;12/02/2025;quarta-feira;08:20:00;MG;262;14,3;MARTINS SOARES;Acessar a via sem observar a presen�a dos outros ve�culos;Colis�o transversal;Com V�timas Feridas;Pleno dia;Crescente;Nublado;Simples;"Curva;Aclive";N�o;2;0;1;0;1;0;1;2;-20,26417;-41,868195;SPRF-MG;DEL06-MG;UOP03-DEL06-MG;;;
660925;12/02/2025;quarta-feira;12:05:00;RJ;116;234;PIRAI;Demais falhas mec�nicas ou el�tricas;Inc�ndio;Sem V�timas;Pleno dia;Crescente;C�u Claro;Dupla;Reta;Sim;1;0;0;0;1;0;0;1;-22,66632663;-43,84704988;SPRF-RJ;DEL07-RJ;UOP01-DEL07-RJ;;;
660926;12/02/2025;quarta-feira;08:00:00;MG;40;517;RIBEIRAO DAS NEVES;Acessar a via sem observar a presen�a dos outros ve�culos;Colis�o transversal;Com V�timas Feridas;Pleno dia;Crescente;C�u Claro;Dupla;Reta;Sim;2;0;0;1;1;0;1;2;-19,82351202;-44,08438913;SPRF-MG;DEL01-MG;UOP02-DEL01-MG;;;
660927;12/02/2025;quarta-feira;14:06:00;PB;230;26;JOAO PESSOA;Manobra de mudan�a de faixa;Colis�o lateral mesmo sentido;Com V�timas Feridas;Pleno dia;Crescente;C�u Claro;Dupla;Reta;N�o;2;0;0;1;1;0;1;2;-7,1693;-34,8782;SPRF-PB;DEL01-PB;UOP01-DEL01-PB;;;
660928;12/02/2025;quarta-feira;14:10:00;SP;116;218;GUARULHOS;Rea��o tardia ou ineficiente do condutor;Engavetamento;Com V�timas Feridas;Pleno dia;Decrescente;C�u Claro;Dupla;Reta;N�o;4;0;1;0;3;0;1;3;-23,457972;-46,479927;SPRF-SP;DEL01-SP;UOP01-DEL01-SP;;;
660931;12/02/2025;quarta-feira;14:00:00;PR;277;24;MORRETES;Retorno proibido;Colis�o transversal;Com V�timas Fatais;Pleno dia;Decrescente;C�u Claro;Dupla;Reta;N�o;3;1;1;1;0;0;2;2;-25,530058;-48,746953;SPRF-PR;DEL01-PR;UOP05-DEL01-PR;;;
660932;12/02/2025;quarta-feira;14:20:00;RS;290;721;URUGUAIANA;Condutor deixou de manter dist�ncia do ve�culo da frente;Colis�o traseira;Com V�timas Feridas;Pleno dia;Decrescente;C�u Claro;Simples;Rotat�ria;N�o;3;0;1;0;2;0;1;3;-29,758587;-57,060295;SPRF-RS;DEL13-RS;UOP01-DEL13-RS;;;
660934;12/02/2025;quarta-feira;14:40:00;SC;101;201,7;SAO JOSE;Manobra de mudan�a de faixa;Colis�o lateral mesmo sentido;Com V�timas Feridas;Pleno dia;Decrescente;Nublado;M�ltipla;Reta;Sim;2;0;1;0;1;0;1;2;-27,54836599;-48,61977975;SPRF-SC;DEL01-SC;UOP01-DEL01-SC;;;
660936;12/02/2025;quarta-feira;14:30:00;DF;60;7;BRASILIA;Acessar a via sem observar a presen�a dos outros ve�culos;Colis�o traseira;Com V�timas Feridas;Pleno dia;Decrescente;C�u Claro;Dupla;Reta;Sim;2;0;1;0;1;0;1;2;-15,901237;-48,122334;SPRF-DF;DEL03-DF;UOP01-DEL03-DF;;;
660937;12/02/2025;quarta-feira;10:00:00;MG;116;525,9;CARATINGA;Acessar a via sem observar a presen�a dos outros ve�culos;Colis�o transversal;Com V�timas Feridas;Pleno dia;Crescente;C�u Claro;Dupla;"Retorno Regulamentado;Interse��o de Vias";Sim;2;0;1;0;1;0;1;2;-19,76833785;-42,13105238;SPRF-MG;DEL06-MG;UOP02-DEL06-MG;;;
660940;12/02/2025;quarta-feira;15:50:00;RS;290;24,5;SANTO ANTONIO DA PATRULHA;Rea��o tardia ou ineficiente do condutor;Colis�o traseira;Com V�timas Feridas;Pleno dia;Crescente;Nublado;Dupla;Reta;N�o;12;0;1;0;11;0;1;3;-29,880931;-50,49888;SPRF-RS;DEL03-RS;UOP01-DEL03-RS;;;
660941;12/02/2025;quarta-feira;15:00:00;PE;101;60,8;RECIFE;Aus�ncia de rea��o do condutor;Tombamento;Com V�timas Feridas;Pleno dia;Decrescente;C�u Claro;Dupla;Reta;Sim;1;0;0;1;0;0;1;1;-7,98344307;-34,93176727;SPRF-PE;DEL01-PE;UOP02-DEL01-PE;;;
660946;01/02/2025;s�bado;06:05:00;PE;407;120;PETROLINA;Aus�ncia de rea��o do condutor;Colis�o traseira;Com V�timas Feridas;Pleno dia;Decrescente;C�u Claro;Dupla;Rotat�ria;N�o;3;0;1;0;0;2;1;2;-9,34331;-40,5564;SPRF-PE;DEL06-PE;UOP01-DEL06-PE;;;
660947;12/02/2025;quarta-feira;15:30:00;RS;285;271,1;MATO CASTELHANO;Acessar a via sem observar a presen�a dos outros ve�culos;Colis�o transversal;Com V�timas Feridas;Pleno dia;Crescente;C�u Claro;Simples;Reta;Sim;5;0;3;1;1;0;4;2;-28,282991;-52,177471;SPRF-RS;DEL08-RS;UOP03-DEL08-RS;;;
660951;26/01/2025;domingo;09:00:00;PE;423;113,7;PARANATAMA;Acessar a via sem observar a presen�a dos outros ve�culos;Colis�o transversal;Com V�timas Fatais;Pleno dia;Crescente;Nublado;Simples;Reta;N�o;4;1;1;0;0;2;1;3;-8,89757042;-36,6340219;SPRF-PE;DEL03-PE;UOP01-DEL03-PE;;;
660955;12/02/2025;quarta-feira;17:10:00;PB;230;24,5;JOAO PESSOA;Aus�ncia de rea��o do condutor;Colis�o lateral mesmo sentido;Com V�timas Feridas;Pleno dia;Crescente;C�u Claro;Dupla;Reta;Sim;3;0;1;1;1;0;2;2;-7,17049827;-34,86920714;SPRF-PB;DEL01-PB;UOP01-DEL01-PB;;;
660957;12/02/2025;quarta-feira;16:50:00;MG;40;559,7;NOVA LIMA;Aus�ncia de rea��o do condutor;Tombamento;Com V�timas Feridas;Pleno dia;Decrescente;C�u Claro;Dupla;Reta;N�o;1;0;1;0;0;0;1;1;-20,11861708;-43,96783926;SPRF-MG;DEL01-MG;UOP02-DEL01-MG;;;
660958;12/02/2025;quarta-feira;14:02:00;RO;174;17,2;VILHENA;Manobra de mudan�a de faixa;Colis�o transversal;Com V�timas Feridas;Pleno dia;Decrescente;Chuva;Simples;"Reta;Interse��o de Vias";Sim;3;0;1;1;0;1;2;2;-12,70685191;-60,1219871;SPRF-RO;DEL04-RO;UOP01-DEL04-RO;;;
660959;12/02/2025;quarta-feira;15:15:00;ES;101;259;SERRA;Velocidade Incompat�vel;Sa�da de leito carro��vel;Com V�timas Feridas;Pleno dia;Decrescente;Sol;Simples;"Curva;Declive";Sim;2;0;2;0;0;0;2;1;-20,13930636;-40,29233694;SPRF-ES;DEL02-ES;UOP01-DEL02-ES;;;
660960;12/02/2025;quarta-feira;11:00:00;RJ;101;539;PARATY;Curva acentuada;Capotamento;Com V�timas Feridas;Pleno dia;Crescente;C�u Claro;Simples;Curva;N�o;1;0;0;1;0;0;1;1;-23,054095;-44,581914;SPRF-RJ;DEL03-RJ;UOP04-DEL03-RJ;;;
660962;12/02/2025;quarta-feira;17:15:00;MG;381;489,3;BETIM;Trafegar com motocicleta (ou similar) entre as faixas;Tombamento;Com V�timas Feridas;Pleno dia;Crescente;C�u Claro;Dupla;Reta;Sim;2;0;0;1;1;0;1;2;-19,96245618;-44,16455495;SPRF-MG;DEL01-MG;UOP03-DEL01-MG;;;
660963;12/02/2025;quarta-feira;16:30:00;MG;146;484;POCOS DE CALDAS;Demais falhas mec�nicas ou el�tricas;Inc�ndio;Sem V�timas;Pleno dia;Crescente;C�u Claro;Simples;Reta;N�o;1;0;0;0;1;0;0;1;-21,802421;-46,453178;SPRF-MG;DEL09-MG;UOP01-DEL09-MG;;;
660965;12/02/2025;quarta-feira;18:15:00;BA;116;16;VITORIA DA CONQUISTA;Convers�o proibida;Colis�o transversal;Com V�timas Feridas;Anoitecer;Crescente;C�u Claro;Dupla;Reta;Sim;2;0;1;0;1;0;1;2;-14,9025;-40,8485;SPRF-PE;DEL05-PE;UOP03-DEL05-PE;;;
660966;12/02/2025;quarta-feira;17:30:00;RS;386;371,1;FAZENDA VILANOVA;Rea��o tardia ou ineficiente do condutor;Colis�o com objeto;Com V�timas Feridas;Pleno dia;Decrescente;Chuva;Dupla;Reta;N�o;1;0;1;0;0;0;1;1;-29,596546;-51,814407;SPRF-RS;DEL04-RS;UOP01-DEL04-RS;;;
660967;12/02/2025;quarta-feira;18:30:00;ES;101;262;SERRA;Condutor deixou de manter dist�ncia do ve�culo da frente;Colis�o traseira;Com V�timas Feridas;Plena Noite;Crescente;Nublado;Dupla;Reta;N�o;2;0;0;1;1;0;1;2;-20,1572331;-40,27678329;SPRF-ES;DEL02-ES;UOP01-DEL02-ES;;;
660969;12/02/2025;quarta-feira;17:15:00;PR;376;474;PONTA GROSSA;Aus�ncia de rea��o do condutor;Capotamento;Com V�timas Feridas;Pleno dia;Crescente;C�u Claro;Dupla;"Curva;Viaduto;Aclive";N�o;2;0;2;0;0;0;2;1;-25,03601353;-50,29813528;SPRF-PR;DEL03-PR;UOP01-DEL03-PR;;;
660973;12/02/2025;quarta-feira;16:53:00;AC;364;135;RIO BRANCO;Aus�ncia de rea��o do condutor;Colis�o traseira;Com V�timas Feridas;Pleno dia;Decrescente;C�u Claro;Dupla;Rotat�ria;N�o;3;0;1;0;2;0;1;2;-9,98588117;-67,84523538;SPRF-AC;DEL01-AC;UOP01-DEL01-AC;;;
660975;12/02/2025;quarta-feira;18:39:00;PE;101;44;IGARASSU;Manobra de mudan�a de faixa;Colis�o lateral mesmo sentido;Com V�timas Feridas;Plena Noite;Decrescente;C�u Claro;M�ltipla;Reta;N�o;2;0;1;0;1;0;1;2;-7,85804338;-34,90817249;SPRF-PE;DEL01-PE;UOP02-DEL01-PE;;;