id;data_inversa;dia_semana;horario;uf;br;km;municipio;causa_acidente;tipo_acidente;classificacao_acidente;fase_dia;sentido_via;condicao_metereologica;tipo_pista;tracado_via;uso_solo;pessoas;mortos;feridos_leves;feridos_graves;ilesos;ignorados;feridos;veiculos;latitude;longitude;regional;delegacia;uop;;;
661109;13/02/2025;quinta-feira;13:05:00;PB;101;88,2;JOAO PESSOA;Pista Escorregadia;Tombamento;Com V�timas Feridas;Pleno dia;Crescente;C�u Claro;Simples;Viaduto;Sim;2;0;1;1;0;0;2;1;-7,16470016;-34,89993643;SPRF-PB;DEL01-PB;UOP01-DEL01-PB;;;
661110;13/02/2025;quinta-feira;09:20:00;SC;101;421;ARARANGUA;Condutor deixou de manter dist�ncia do ve�culo da frente;Colis�o traseira;Com V�timas Feridas;Pleno dia;Crescente;Nublado;Dupla;Reta;N�o;9;0;1;0;8;0;1;2;-29,00048611;-49,5576719;SPRF-SC;DEL02-SC;UOP02-DEL02-SC;;;
661113;05/02/2025;quarta-feira;12:40:00;MS;267;370;MARACAJU;Ultrapassagem Indevida;Colis�o frontal;Com V�timas Feridas;Pleno dia;Crescente;Nublado;Simples;Reta;N�o;4;0;1;2;0;1;3;3;-21,64753173;-55,19642708;SPRF-MS;DEL05-MS;UOP01-DEL05-MS;;;
661116;13/02/2025;quinta-feira;14:38:00;RS;392;1,1;RIO GRANDE;Aus�ncia de rea��o do condutor;Colis�o lateral mesmo sentido;Com V�timas Feridas;Pleno dia;Crescente;C�u Claro;Simples;Interse��o de Vias;Sim;2;0;2;0;0;0;2;2;-32,04488513;-52,0855305;SPRF-RS;DEL07-RS;UOP02-DEL07-RS;;;
661118;13/02/2025;quinta-feira;14:10:00;RJ;101;530;ANGRA DOS REIS;Acessar a via sem observar a presen�a dos outros ve�culos;Colis�o transversal;Com V�timas Feridas;Pleno dia;Crescente;C�u Claro;Dupla;Interse��o de Vias;N�o;2;0;1;0;1;0;1;2;-23,0232454;-44,51684972;SPRF-RJ;DEL03-RJ;UOP03-DEL03-RJ;;;
661119;13/02/2025;quinta-feira;15:00:00;SP;101;43;UBATUBA;Rea��o tardia ou ineficiente do condutor;Tombamento;Com V�timas Feridas;Pleno dia;Crescente;C�u Claro;Dupla;Rotat�ria;N�o;1;0;1;0;0;0;1;1;-23,41495528;-45,03516778;SPRF-SP;DEL06-SP;UOP01-DEL06-SP;;;
661120;13/02/2025;quinta-feira;15:00:00;SC;282;40;AGUAS MORNAS;Acesso irregular;Colis�o frontal;Com V�timas Feridas;Pleno dia;Decrescente;Garoa/Chuvisco;Simples;Reta;Sim;3;0;1;1;1;0;2;2;-27,716148;-48,869583;SPRF-SC;DEL01-SC;UOP03-DEL01-SC;;;
661123;13/02/2025;quinta-feira;13:30:00;MG;262;37,7;MANHUACU;Acessar a via sem observar a presen�a dos outros ve�culos;Colis�o transversal;Com V�timas Feridas;Pleno dia;Crescente;C�u Claro;Simples;Curva;Sim;2;0;1;0;1;0;1;2;-20,25748975;-42,03048732;SPRF-MG;DEL06-MG;UOP03-DEL06-MG;;;
661124;13/02/2025;quinta-feira;15:10:00;MG;381;490;BETIM;Condutor deixou de manter dist�ncia do ve�culo da frente;Colis�o traseira;Com V�timas Feridas;Pleno dia;Decrescente;C�u Claro;Dupla;Reta;N�o;2;0;1;0;1;0;1;2;-19,97018187;-44,18210416;SPRF-MG;DEL01-MG;UOP03-DEL01-MG;;;
661125;13/02/2025;quinta-feira;14:30:00;GO;40;4;VALPARAISO DE GOIAS;Aus�ncia de rea��o do condutor;Colis�o transversal;Com V�timas Feridas;Pleno dia;Crescente;C�u Claro;Dupla;Retorno Regulamentado;Sim;2;0;1;0;1;0;1;2;-16,085241;-47,986752;SPRF-DF;DEL01-DF;UOP01-DEL01-DF;;;
661128;13/02/2025;quinta-feira;15:50:00;RJ;101;59;CAMPOS DOS GOYTACAZES;Acessar a via sem observar a presen�a dos outros ve�culos;Colis�o transversal;Com V�timas Feridas;Pleno dia;Crescente;C�u Claro;Dupla;Reta;Sim;4;0;1;1;2;0;2;2;-21,71366497;-41,30861915;SPRF-RJ;DEL08-RJ;UOP01-DEL08-RJ;;;
661130;13/02/2025;quinta-feira;16:00:00;MG;381;493;BETIM;Aus�ncia de rea��o do condutor;Colis�o traseira;Com V�timas Feridas;Pleno dia;Crescente;C�u Claro;Dupla;Reta;Sim;3;0;1;0;2;0;1;2;-19,97670801;-44,19962698;SPRF-MG;DEL01-MG;UOP03-DEL01-MG;;;
661132;06/02/2025;quinta-feira;16:10:00;SE;235;59,3;ITABAIANA;Manobra de mudan�a de faixa;Colis�o transversal;Com V�timas Feridas;Pleno dia;Decrescente;C�u Claro;Simples;Reta;N�o;4;0;1;0;3;0;1;3;-10,63273;-37,45686;SPRF-SE;DEL01-SE;UOP02-DEL01-SE;;;
661133;18/01/2025;s�bado;08:18:00;PE;423;161;LAJEDO;Acessar a via sem observar a presen�a dos outros ve�culos;Colis�o transversal;Com V�timas Feridas;Pleno dia;Decrescente;C�u Claro;Simples;Reta;Sim;2;0;0;1;0;1;1;2;-8,65640685;-36,32303422;SPRF-PE;DEL03-PE;UOP01-DEL03-PE;;;
661136;13/02/2025;quinta-feira;15:30:00;SC;101;121,2;ITAJAI;Rea��o tardia ou ineficiente do condutor;Colis�o traseira;Com V�timas Feridas;Pleno dia;Crescente;Nublado;Dupla;Reta;Sim;2;0;1;0;1;0;1;2;-26,92103178;-48,70856446;SPRF-SC;DEL04-SC;UOP04-DEL04-SC;;;
661138;13/02/2025;quinta-feira;13:25:00;GO;153;352,9;JARAGUA;Avarias e/ou desgaste excessivo no pneu;Sa�da de leito carro��vel;Com V�timas Feridas;Pleno dia;Crescente;Chuva;Simples;"Curva;Declive";N�o;1;0;1;0;0;0;1;1;-15,71307466;-49,33020115;SPRF-GO;DEL02-GO;UOP02-DEL02-GO;;;
661139;13/02/2025;quinta-feira;15:30:00;RS;471;174,4;RIO PARDO;Desrespeitar a prefer�ncia no cruzamento;Colis�o transversal;Com V�timas Feridas;Pleno dia;Crescente;Nublado;M�ltipla;Interse��o de Vias;Sim;2;0;1;0;1;0;1;2;-29,98528025;-52,36869335;SPRF-RS;DEL02-RS;UOP03-DEL02-RS;;;
661141;11/02/2025;ter�a-feira;10:00:00;PA;10;114;PARAGOMINAS;Manobra de mudan�a de faixa;Sa�da de leito carro��vel;Com V�timas Feridas;Pleno dia;Decrescente;C�u Claro;Simples;"Reta;Declive";N�o;3;0;1;0;2;0;1;1;-3,44438508;-47,46089677;SPRF-PA;DEL02-PA;UOP01-DEL02-PA;;;
661143;13/02/2025;quinta-feira;17:20:00;RJ;101;72;CAMPOS DOS GOYTACAZES;Acessar a via sem observar a presen�a dos outros ve�culos;Colis�o lateral mesmo sentido;Com V�timas Feridas;Pleno dia;Crescente;C�u Claro;Simples;Reta;Sim;2;0;1;0;1;0;1;2;-21,79172802;-41,38837798;SPRF-RJ;DEL08-RJ;UOP02-DEL08-RJ;;;
661146;12/02/2025;quarta-feira;19:10:00;PE;423;22,3;SAO CAITANO;Rea��o tardia ou ineficiente do condutor;Sa�da de leito carro��vel;Com V�timas Feridas;Plena Noite;Crescente;C�u Claro;Simples;Reta;N�o;2;0;1;0;1;0;1;1;-8,35258392;-36,17123712;SPRF-PE;DEL03-PE;UOP02-DEL03-PE;;;
661147;13/02/2025;quinta-feira;17:15:00;RS;290;91;PORTO ALEGRE;Manobra de mudan�a de faixa;Colis�o transversal;Com V�timas Feridas;Pleno dia;Decrescente;Nublado;Dupla;Reta;Sim;4;0;0;1;1;2;1;3;-29,969055;-51,167439;SPRF-RS;DEL01-RS;UOP01-DEL01-RS;;;
661148;13/02/2025;quinta-feira;16:15:00;AL;104;72,5;MESSIAS;Ultrapassagem Indevida;Colis�o lateral sentido oposto;Com V�timas Fatais;Pleno dia;Decrescente;C�u Claro;Simples;Reta;N�o;2;1;0;0;1;0;0;2;-9,36295794;-35,84986962;SPRF-AL;DEL01-AL;UOP02-DEL01-AL;;;
661149;13/02/2025;quinta-feira;12:30:00;RJ;493;3;ITABORAI;Acesso irregular;Colis�o transversal;Com V�timas Feridas;Pleno dia;Decrescente;C�u Claro;Simples;Reta;N�o;2;0;0;1;1;0;1;2;-22,7525329;-42,94160092;SPRF-RJ;DEL02-RJ;UOP02-DEL02-RJ;;;
661152;13/02/2025;quinta-feira;15:30:00;SP;116;413;JUQUIA;Demais falhas mec�nicas ou el�tricas;Inc�ndio;Sem V�timas;Pleno dia;Decrescente;Garoa/Chuvisco;Simples;Reta;Sim;2;0;0;0;2;0;0;1;-24,33005991;-47,62299901;SPRF-SP;DEL05-SP;UOP01-DEL05-SP;;;
661154;13/02/2025;quinta-feira;17:40:00;PR;277;687;SAO MIGUEL DO IGUACU;Frear bruscamente;Colis�o traseira;Sem V�timas;Pleno dia;Decrescente;C�u Claro;Dupla;Reta;Sim;2;0;0;0;2;0;0;2;-25,34377452;-54,22446208;SPRF-PR;DEL05-PR;UOP01-DEL05-PR;;;
661155;13/02/2025;quinta-feira;17:30:00;RJ;101;319;NITEROI;Condutor deixou de manter dist�ncia do ve�culo da frente;Colis�o traseira;Com V�timas Feridas;Pleno dia;Decrescente;C�u Claro;Dupla;Reta;N�o;3;0;1;0;2;0;1;3;-22,85411774;-43,1018014;SPRF-RJ;DEL02-RJ;UOP02-DEL02-RJ;;;
661157;13/02/2025;quinta-feira;17:40:00;MG;381;500;BETIM;Aus�ncia de rea��o do condutor;Tombamento;Com V�timas Feridas;Pleno dia;Decrescente;C�u Claro;Dupla;"Reta;Aclive";N�o;1;0;1;0;0;0;1;1;-20,02513493;-44,23112709;SPRF-MG;DEL01-MG;UOP03-DEL01-MG;;;
661158;13/02/2025;quinta-feira;17:45:00;GO;153;498,8;GOIANIA;Manobra de mudan�a de faixa;Colis�o transversal;Com V�timas Feridas;Pleno dia;Crescente;Nublado;Dupla;"Reta;Viaduto";Sim;3;0;2;0;1;0;2;3;-16,69607233;-49,23163533;SPRF-GO;DEL01-GO;UOP01-DEL01-GO;;;
661159;13/02/2025;quinta-feira;17:30:00;DF;70;7;BRASILIA;Manobra de mudan�a de faixa;Colis�o lateral mesmo sentido;Com V�timas Feridas;Pleno dia;Crescente;C�u Claro;Dupla;Reta;Sim;2;0;1;0;1;0;1;2;-15,787601;-48,114429;SPRF-DF;DEL03-DF;UOP02-DEL03-DF;;;
661161;13/02/2025;quinta-feira;18:20:00;MG;40;468;SETE LAGOAS;Demais falhas mec�nicas ou el�tricas;Queda de ocupante de ve�culo;Com V�timas Feridas;Anoitecer;Decrescente;C�u Claro;Dupla;Reta;N�o;1;0;1;0;0;0;1;1;-19,455233;-44,31053;SPRF-MG;DEL02-MG;UOP01-DEL02-MG;;;
661162;13/02/2025;quinta-feira;14:30:00;RJ;101;319;SAO GONCALO;Rea��o tardia ou ineficiente do condutor;Tombamento;Com V�timas Feridas;Pleno dia;Crescente;C�u Claro;Dupla;Reta;Sim;2;0;2;0;0;0;2;1;-22,85411774;-43,1018014;SPRF-RJ;DEL02-RJ;UOP02-DEL02-RJ;;;
661163;13/02/2025;quinta-feira;16:00:00;RJ;101;311;SAO GONCALO;Problema com o freio;Engavetamento;Com V�timas Feridas;Pleno dia;Decrescente;C�u Claro;Dupla;Reta;Sim;6;0;3;0;3;0;3;4;-22,80062246;-43,05318779;SPRF-RJ;DEL02-RJ;UOP02-DEL02-RJ;;;
661164;13/02/2025;quinta-feira;18:20:00;ES;101;263;SERRA;Rea��o tardia ou ineficiente do condutor;Queda de ocupante de ve�culo;Com V�timas Feridas;Anoitecer;Decrescente;C�u Claro;Dupla;Reta;Sim;1;0;1;0;0;0;1;1;-20,16554736;-40,27301648;SPRF-ES;DEL02-ES;UOP01-DEL02-ES;;;
661165;13/02/2025;quinta-feira;18:40:00;SC;101;103,4;BALNEARIO PICARRAS;Manobra de mudan�a de faixa;Tombamento;Com V�timas Feridas;Anoitecer;Crescente;Chuva;Dupla;Reta;Sim;2;0;1;0;0;1;1;2;-26,7832381;-48,68314632;SPRF-SC;DEL03-SC;UOP02-DEL03-SC;;;
661166;13/02/2025;quinta-feira;18:00:00;GO;60;64,2;ABADIANIA;Animais na Pista;Colis�o traseira;Com V�timas Feridas;Anoitecer;Crescente;C�u Claro;Dupla;Reta;N�o;3;0;1;0;2;0;1;2;-16,1993;-48,7348;SPRF-GO;DEL02-GO;UOP01-DEL02-GO;;;
661168;13/02/2025;quinta-feira;18:36:00;RN;304;298;MACAIBA;Ilumina��o deficiente;Tombamento;Com V�timas Feridas;Plena Noite;Decrescente;C�u Claro;Dupla;"Retorno Regulamentado;Reta";N�o;1;0;1;0;0;0;1;1;-5,8682343;-35,3321791;SPRF-RN;DEL01-RN;UOP02-DEL01-RN;;;
661170;13/02/2025;quinta-feira;18:40:00;PE;232;36,1;MORENO;Entrada inopinada do pedestre;Atropelamento de Pedestre;Com V�timas Fatais;Plena Noite;Crescente;Nublado;Dupla;Reta;Sim;3;1;0;1;0;1;1;3;-8,11082778;-35,20125807;SPRF-PE;DEL01-PE;UOP01-DEL01-PE;;;
661174;13/02/2025;quinta-feira;19:00:00;CE;20;204;BOA VIAGEM;Acessar a via sem observar a presen�a dos outros ve�culos;Colis�o transversal;Com V�timas Feridas;Plena Noite;Decrescente;C�u Claro;Simples;"Reta;Interse��o de Vias";Sim;2;0;0;2;0;0;2;2;-5,12155025;-39,73264757;SPRF-CE;DEL02-CE;UOP02-DEL02-CE;;;
661175;13/02/2025;quinta-feira;19:45:00;MG;50;184;UBERABA;Rea��o tardia ou ineficiente do condutor;Tombamento;Com V�timas Feridas;Plena Noite;Decrescente;C�u Claro;Dupla;Reta;Sim;1;0;1;0;0;0;1;1;-19,80945315;-47,90078523;SPRF-MG;DEL13-MG;UOP01-DEL13-MG;;;
661176;13/02/2025;quinta-feira;18:30:00;MT;364;204;RONDONOPOLIS;Desrespeitar a prefer�ncia no cruzamento;Colis�o transversal;Com V�timas Feridas;Plena Noite;Decrescente;Nublado;Dupla;"Retorno Regulamentado;Reta";Sim;2;0;0;1;1;0;1;2;-16,467325;-54,657196;SPRF-MT;DEL02-MT;UOP01-DEL02-MT;;;
661178;13/02/2025;quinta-feira;15:15:00;SC;280;26,8;ARAQUARI;Transitar na contram�o;Colis�o transversal;Com V�timas Feridas;Pleno dia;Decrescente;C�u Claro;Simples;Reta;Sim;2;0;1;0;1;0;1;2;-26,38972308;-48,73411593;SPRF-SC;DEL03-SC;UOP03-DEL03-SC;;;
661179;13/02/2025;quinta-feira;09:30:00;SC;280;31,2;ARAQUARI;Acessar a via sem observar a presen�a dos outros ve�culos;Colis�o transversal;Com V�timas Feridas;Pleno dia;Decrescente;C�u Claro;Simples;Reta;Sim;2;0;1;0;1;0;1;2;-26,41649938;-48,77181215;SPRF-SC;DEL03-SC;UOP03-DEL03-SC;;;
661180;13/02/2025;quinta-feira;18:45:00;DF;20;9;BRASILIA;Acessar a via sem observar a presen�a dos outros ve�culos;Colis�o lateral mesmo sentido;Com V�timas Feridas;Plena Noite;Crescente;C�u Claro;Dupla;Declive;Sim;2;0;1;0;1;0;1;2;-15,654671;-47,782917;SPRF-DF;DEL02-DF;UOP01-DEL02-DF;;;
661182;13/02/2025;quinta-feira;17:30:00;MG;40;608,5;CONGONHAS;Convers�o proibida;Colis�o transversal;Com V�timas Feridas;Anoitecer;Crescente;C�u Claro;Simples;Declive;N�o;2;0;0;1;1;0;1;2;-20,48427186;-43,83895771;SPRF-MG;DEL05-MG;UOP02-DEL05-MG;;;
661183;13/02/2025;quinta-feira;20:40:00;PB;230;13,5;CABEDELO;Pedestre cruzava a pista fora da faixa;Atropelamento de Pedestre;Com V�timas Feridas;Plena Noite;Crescente;C�u Claro;M�ltipla;Reta;Sim;3;0;2;1;0;0;3;2;-7,08624656;-34,84875798;SPRF-PB;DEL01-PB;UOP01-DEL01-PB;;;
661185;13/02/2025;quinta-feira;20:20:00;MG;116;408,7;GOVERNADOR VALADARES;Acesso irregular;Colis�o transversal;Com V�timas Feridas;Plena Noite;Decrescente;C�u Claro;Dupla;Reta;Sim;2;0;1;1;0;0;2;2;-18,84221919;-41,98289416;SPRF-MG;DEL06-MG;UOP01-DEL06-MG;;;
661186;13/02/2025;quinta-feira;21:00:00;DF;70;8;BRASILIA;Manobra de mudan�a de faixa;Colis�o lateral mesmo sentido;Com V�timas Feridas;Plena Noite;Crescente;Ignorado;Dupla;Reta;Sim;2;0;1;0;1;0;1;2;-15,784966;-48,122108;SPRF-DF;DEL03-DF;UOP02-DEL03-DF;;;
661187;13/02/2025;quinta-feira;21:00:00;PE;232;7;RECIFE;Ingest�o de �lcool pelo condutor;Queda de ocupante de ve�culo;Com V�timas Feridas;Plena Noite;Crescente;C�u Claro;Dupla;Reta;N�o;1;0;0;1;0;0;1;1;-8,075517;-34,969132;SPRF-PE;DEL01-PE;UOP01-DEL01-PE;;;
661188;13/02/2025;quinta-feira;20:30:00;RJ;116;324;ITATIAIA;Acumulo de �gua sobre o pavimento;Colis�o com objeto;Com V�timas Feridas;Plena Noite;Decrescente;Chuva;Dupla;Curva;Sim;2;0;1;0;1;0;1;1;-22,49106419;-44,56183985;SPRF-RJ;DEL07-RJ;UOP02-DEL07-RJ;;;
661189;13/02/2025;quinta-feira;19:40:00;GO;153;514;APARECIDA DE GOIANIA;Acessar a via sem observar a presen�a dos outros ve�culos;Colis�o transversal;Com V�timas Feridas;Plena Noite;Crescente;C�u Claro;Dupla;Interse��o de Vias;Sim;3;0;2;0;1;0;2;2;-16,8268066;-49,24258947;SPRF-GO;DEL01-GO;UOP03-DEL01-GO;;;
661190;13/02/2025;quinta-feira;21:10:00;PB;101;89;JOAO PESSOA;Rea��o tardia ou ineficiente do condutor;Colis�o lateral mesmo sentido;Sem V�timas;Plena Noite;Crescente;C�u Claro;Dupla;"Em Obras;Reta";Sim;3;0;0;0;2;1;0;2;-7,1710694;-34,89765372;SPRF-PB;DEL01-PB;UOP01-DEL01-PB;;;
661192;13/02/2025;quinta-feira;21:00:00;SC;280;51,3;GUARAMIRIM;Aus�ncia de rea��o do condutor;Colis�o traseira;Sem V�timas;Plena Noite;Decrescente;Chuva;Dupla;Reta;N�o;2;0;0;0;2;0;0;2;-26,46538871;-48,95544449;SPRF-SC;DEL03-SC;UOP03-DEL03-SC;;;
661193;13/02/2025;quinta-feira;21:53:00;SC;101;136,4;BALNEARIO CAMBORIU;Manobra de mudan�a de faixa;Atropelamento de Pedestre;Com V�timas Feridas;Plena Noite;Crescente;Nublado;Dupla;Reta;Sim;3;0;1;0;0;2;1;2;-27,008113;-48,617245;SPRF-SC;DEL04-SC;UOP03-DEL04-SC;;;
661196;13/02/2025;quinta-feira;22:15:00;SC;282;605;MARAVILHA;Velocidade Incompat�vel;Colis�o lateral sentido oposto;Sem V�timas;Plena Noite;Decrescente;C�u Claro;Simples;Reta;N�o;2;0;0;0;2;0;0;2;-26,786951;-53,195248;SPRF-SC;DEL07-SC;UOP02-DEL07-SC;;;
661197;13/02/2025;quinta-feira;16:30:00;SC;280;23;ARAQUARI;Rea��o tardia ou ineficiente do condutor;Atropelamento de Pedestre;Com V�timas Feridas;Pleno dia;Crescente;Nublado;Simples;"Rotat�ria;Interse��o de Vias";Sim;2;0;1;0;1;0;1;2;-26,37152895;-48,7122041;SPRF-SC;DEL03-SC;UOP03-DEL03-SC;;;
661198;13/02/2025;quinta-feira;22:20:00;RJ;101;522;ANGRA DOS REIS;Objeto est�tico sobre o leito carro��vel;Colis�o com objeto;Com V�timas Feridas;Plena Noite;Crescente;Chuva;Simples;Reta;N�o;2;0;2;0;0;0;2;1;-23,00449741;-44,46944694;SPRF-RJ;DEL03-RJ;UOP03-DEL03-RJ;;;
661200;13/02/2025;quinta-feira;18:20:00;RJ;493;62,5;ITAGUAI;Velocidade Incompat�vel;Capotamento;Com V�timas Feridas;Anoitecer;Decrescente;Ignorado;Dupla;Curva;N�o;6;0;3;0;3;0;3;1;-22,84507842;-43,81158829;SPRF-RJ;DEL01-RJ;UOP03-DEL01-RJ;;;
661201;13/02/2025;quinta-feira;21:40:00;SC;101;350;JAGUARUNA;Chuva;Queda de ocupante de ve�culo;Com V�timas Feridas;Plena Noite;Decrescente;C�u Claro;Dupla;Reta;N�o;1;0;0;1;0;0;1;1;-28,58988203;-49,04517307;SPRF-SC;DEL02-SC;UOP01-DEL02-SC;;;
661203;13/02/2025;quinta-feira;21:46:00;PA;10;19;DOM ELISEU;Aus�ncia de rea��o do condutor;Queda de ocupante de ve�culo;Com V�timas Feridas;Plena Noite;Decrescente;Nublado;Simples;Reta;Sim;1;0;0;1;0;0;1;1;-4,28420096;-47,55821975;SPRF-PA;DEL02-PA;UOP02-DEL02-PA;;;
661204;13/02/2025;quinta-feira;23:00:00;SP;116;89,5;PINDAMONHANGABA;Animais na Pista;Colis�o frontal;Com V�timas Feridas;Plena Noite;Decrescente;Nublado;Dupla;Reta;Sim;2;0;1;1;0;0;2;2;-22,93930884;-45,37874708;SPRF-SP;DEL08-SP;UOP01-DEL08-SP;;;
661206;13/02/2025;quinta-feira;22:00:00;MG;116;549;SANTA BARBARA DO LESTE;Participar de racha;Colis�o com objeto;Com V�timas Feridas;Plena Noite;Decrescente;C�u Claro;Simples;Reta;N�o;1;0;0;1;0;0;1;1;-19,960735;-42,13329299;SPRF-MG;DEL06-MG;UOP02-DEL06-MG;;;
661209;14/02/2025;sexta-feira;00:30:00;BA;324;595;CANDEIAS;Velocidade Incompat�vel;Queda de ocupante de ve�culo;Com V�timas Fatais;Plena Noite;Crescente;C�u Claro;Dupla;Reta;N�o;3;1;0;0;2;0;0;2;-12,71235341;-38,45524557;SPRF-BA;DEL01-BA;UOP01-DEL01-BA;;;
661215;14/02/2025;sexta-feira;01:00:00;TO;153;249;COLINAS DO TOCANTINS;Ingest�o de �lcool pelo condutor;Tombamento;Com V�timas Feridas;Plena Noite;Crescente;Nublado;M�ltipla;"Rotat�ria;Reta";Sim;1;0;1;0;0;0;1;1;-8,07406951;-48,46711993;SPRF-TO;DEL02-TO;UOP02-DEL02-TO;;;
661217;14/02/2025;sexta-feira;04:30:00;PR;277;584,4;CASCAVEL;Manobra de mudan�a de faixa;Colis�o lateral mesmo sentido;Com V�timas Feridas;Plena Noite;Decrescente;C�u Claro;Dupla;Interse��o de Vias;Sim;2;0;0;1;1;0;1;2;-24,96684176;-53,40258186;SPRF-PR;DEL04-PR;UOP01-DEL04-PR;;;
661218;13/02/2025;quinta-feira;19:45:00;RS;448;16;CANOAS;Demais falhas mec�nicas ou el�tricas;Inc�ndio;Sem V�timas;Plena Noite;Decrescente;Nublado;Simples;Reta;Sim;1;0;0;0;1;0;0;1;-29,93223;-51,211967;SPRF-RS;DEL01-RS;UOP01-DEL01-RS;;;
661220;13/02/2025;quinta-feira;21:10:00;PR;376;428,9;TIBAGI;Aus�ncia de rea��o do condutor;Sa�da de leito carro��vel;Sem V�timas;Plena Noite;Decrescente;Nublado;Dupla;Reta;N�o;1;0;0;0;1;0;0;1;-24,728222;-50,538306;SPRF-PR;DEL03-PR;UOP02-DEL03-PR;;;
661223;14/02/2025;sexta-feira;06:50:00;SP;116;226;GUARULHOS;Rea��o tardia ou ineficiente do condutor;Colis�o lateral mesmo sentido;Com V�timas Feridas;Pleno dia;Crescente;C�u Claro;Dupla;Reta;Sim;2;0;0;1;1;0;1;2;-23,49102507;-46,54878195;SPRF-SP;DEL01-SP;UOP01-DEL01-SP;;;
661224;14/02/2025;sexta-feira;05:30:00;SP;116;282;EMBU DAS ARTES;Aus�ncia de rea��o do condutor;Queda de ocupante de ve�culo;Com V�timas Feridas;Pleno dia;Decrescente;C�u Claro;Simples;Curva;Sim;1;0;1;0;0;0;1;1;-23,68570216;-46,85970975;SPRF-SP;DEL04-SP;UOP01-DEL04-SP;;;
661225;14/02/2025;sexta-feira;05:30:00;PE;232;49,7;VITORIA DE SANTO ANTAO;Aus�ncia de rea��o do condutor;Colis�o traseira;Com V�timas Feridas;Amanhecer;Decrescente;C�u Claro;Dupla;Declive;N�o;2;0;1;0;0;1;1;2;-8,141613;-35,322057;SPRF-PE;DEL01-PE;UOP01-DEL01-PE;;;
661226;14/02/2025;sexta-feira;04:30:00;PE;232;49,7;VITORIA DE SANTO ANTAO;Animais na Pista;Atropelamento de Animal;Sem V�timas;Amanhecer;Decrescente;C�u Claro;Dupla;Declive;N�o;2;0;0;0;2;0;0;2;-8,143676;-35,314419;SPRF-PE;DEL01-PE;UOP01-DEL01-PE;;;
661230;14/02/2025;sexta-feira;07:20:00;ES;101;285,1;CARIACICA;Acessar a via sem observar a presen�a dos outros ve�culos;Colis�o transversal;Com V�timas Feridas;Pleno dia;Crescente;C�u Claro;Simples;Retorno Regulamentado;Sim;2;0;0;1;1;0;1;2;-20,25148171;-40,37270066;SPRF-ES;DEL01-ES;UOP01-DEL01-ES;;;
661231;14/02/2025;sexta-feira;07:30:00;DF;70;10;BRASILIA;Manobra de mudan�a de faixa;Colis�o lateral mesmo sentido;Com V�timas Feridas;Pleno dia;Decrescente;C�u Claro;Dupla;Reta;Sim;2;0;1;0;1;0;1;2;-15,787066;-48,140709;SPRF-DF;DEL03-DF;UOP02-DEL03-DF;;;
661233;14/02/2025;sexta-feira;07:40:00;PE;232;8,3;RECIFE;Acessar a via sem observar a presen�a dos outros ve�culos;Colis�o transversal;Com V�timas Feridas;Pleno dia;Decrescente;Sol;M�ltipla;Reta;N�o;3;0;2;0;0;1;2;2;-8,07583727;-34,97015791;SPRF-PE;DEL01-PE;UOP01-DEL01-PE;;;
661234;14/02/2025;sexta-feira;07:30:00;SC;101;155;PORTO BELO;Ultrapassagem Indevida;Colis�o traseira;Com V�timas Feridas;Pleno dia;Crescente;C�u Claro;M�ltipla;Viaduto;N�o;2;0;0;1;1;0;1;2;-27,16292;-48,61129;SPRF-SC;DEL04-SC;UOP03-DEL04-SC;;;
661237;14/02/2025;sexta-feira;06:50:00;RO;364;426;JARU;Desrespeitar a prefer�ncia no cruzamento;Colis�o transversal;Com V�timas Feridas;Pleno dia;Crescente;Chuva;Dupla;"Reta;Interse��o de Vias";Sim;2;0;0;1;1;0;1;2;-10,42804266;-62,48613596;SPRF-RO;DEL03-RO;UOP02-DEL03-RO;;;
661238;14/02/2025;sexta-feira;07:30:00;RJ;393;283;VOLTA REDONDA;Desrespeitar a prefer�ncia no cruzamento;Colis�o transversal;Com V�timas Feridas;Pleno dia;Crescente;C�u Claro;Simples;Interse��o de Vias;N�o;3;0;1;0;2;0;1;2;-22,47606388;-44,04976392;SPRF-RJ;DEL05-RJ;UOP04-DEL05-RJ;;;
661240;14/02/2025;sexta-feira;07:45:00;SC;101;3,7;ARARANGUA;Acessar a via sem observar a presen�a dos outros ve�culos;Colis�o transversal;Com V�timas Feridas;Pleno dia;Crescente;Nublado;Simples;Rotat�ria;Sim;2;0;1;0;1;0;1;2;-28,94972462;-49,50714111;SPRF-SC;DEL03-SC;UOP01-DEL03-SC;;;
661241;14/02/2025;sexta-feira;06:20:00;SP;116;54,3;LORENA;Rea��o tardia ou ineficiente do condutor;Tombamento;Com V�timas Feridas;Pleno dia;Decrescente;C�u Claro;Dupla;Reta;N�o;1;0;1;0;0;0;1;1;-22,75949227;-45,11703014;SPRF-SP;DEL08-SP;UOP02-DEL08-SP;;;