id;data_inversa;dia_semana;horario;uf;br;km;municipio;causa_acidente;tipo_acidente;classificacao_acidente;fase_dia;sentido_via;condicao_metereologica;tipo_pista;tracado_via;uso_solo;pessoas;mortos;feridos_leves;feridos_graves;ilesos;ignorados;feridos;veiculos;latitude;longitude;regional;delegacia;uop;;;
661242;14/02/2025;sexta-feira;07:50:00;MG;354;734,9;POUSO ALTO;Acessar a via sem observar a presen�a dos outros ve�culos;Colis�o transversal;Com V�timas Feridas;Pleno dia;Decrescente;Sol;Simples;Reta;Sim;2;0;1;0;1;0;1;2;-22,18823192;-44,97635454;SPRF-MG;DEL17-MG;UOP01-DEL17-MG;;;
661244;14/02/2025;sexta-feira;07:40:00;PE;101;70;RECIFE;Condutor deixou de manter dist�ncia do ve�culo da frente;Colis�o lateral mesmo sentido;Com V�timas Feridas;Pleno dia;Decrescente;C�u Claro;Dupla;Reta;Sim;3;0;1;0;0;2;1;2;-8,068484;-34,942499;SPRF-PE;DEL01-PE;UOP01-DEL01-PE;;;
661246;14/02/2025;sexta-feira;08:40:00;BA;101;440;ITACARE;Transitar no Acostamento;Atropelamento de Pedestre;Com V�timas Feridas;Pleno dia;Crescente;C�u Claro;Simples;"Em Obras;Reta";N�o;2;0;1;0;1;0;1;2;-14,414404;-39,32637216;SPRF-BA;DEL05-BA;UOP01-DEL05-BA;;;
661250;14/02/2025;sexta-feira;08:20:00;MG;40;604,2;CONGONHAS;Velocidade Incompat�vel;Colis�o com objeto;Com V�timas Feridas;Pleno dia;Crescente;Sol;Simples;"Curva;Declive";N�o;2;0;1;0;1;0;1;1;-20,45338085;-43,84013847;SPRF-MG;DEL05-MG;UOP02-DEL05-MG;;;
661252;14/02/2025;sexta-feira;09:45:00;PR;277;729;FOZ DO IGUACU;Manobra de mudan�a de faixa;Colis�o lateral mesmo sentido;Com V�timas Feridas;Pleno dia;Decrescente;C�u Claro;Dupla;Reta;Sim;2;0;1;0;0;1;1;2;-25,50749887;-54,58379896;SPRF-PR;DEL05-PR;UOP03-DEL05-PR;;;
661253;09/01/2025;quinta-feira;21:50:00;SC;101;66;ARAQUARI;Objeto est�tico sobre o leito carro��vel;Colis�o com objeto;Com V�timas Feridas;Plena Noite;Crescente;Nublado;M�ltipla;Curva;N�o;1;0;1;0;0;0;1;1;-26,478474;-48,73863;SPRF-SC;DEL03-SC;UOP02-DEL03-SC;;;
661257;14/02/2025;sexta-feira;08:10:00;RJ;101;504;ANGRA DOS REIS;Aus�ncia de rea��o do condutor;Colis�o traseira;Com V�timas Feridas;Pleno dia;Decrescente;Sol;Simples;Reta;Sim;2;0;1;0;1;0;1;2;-22,93155828;-44,38812093;SPRF-RJ;DEL03-RJ;UOP03-DEL03-RJ;;;
661259;09/02/2025;domingo;00:10:00;MG;381;919;CAMANDUCAIA;Rea��o tardia ou ineficiente do condutor;Colis�o traseira;Com V�timas Feridas;Plena Noite;Decrescente;C�u Claro;Dupla;"Desvio Tempor�rio;Aclive;Em Obras";N�o;3;0;0;1;2;0;1;3;-22,77356993;-46,19027853;SPRF-MG;DEL16-MG;UOP03-DEL16-MG;;;
661260;07/02/2025;sexta-feira;05:31:00;MG;365;532;ESTRELA DO SUL;Rea��o tardia ou ineficiente do condutor;Sa�da de leito carro��vel;Com V�timas Feridas;Amanhecer;Crescente;C�u Claro;Simples;Reta;N�o;2;0;1;0;1;0;1;1;-18,93078303;-47,69830227;SPRF-MG;DEL10-MG;UOP01-DEL10-MG;;;
661261;14/02/2025;sexta-feira;09:10:00;PE;407;126;PETROLINA;Rea��o tardia ou ineficiente do condutor;Colis�o com objeto;Com V�timas Feridas;Pleno dia;Crescente;C�u Claro;Dupla;"Curva;Interse��o de Vias";N�o;1;0;1;0;0;0;1;1;-9,38491309;-40,52809509;SPRF-PE;DEL06-PE;UOP01-DEL06-PE;;;
661263;14/02/2025;sexta-feira;10:40:00;SP;116;130;CACAPAVA;Aus�ncia de rea��o do condutor;Colis�o traseira;Sem V�timas;Pleno dia;Decrescente;C�u Claro;Dupla;Reta;Sim;2;0;0;0;2;0;0;2;-23,12313858;-45,72792271;SPRF-SP;DEL02-SP;UOP02-DEL02-SP;;;
661264;14/02/2025;sexta-feira;10:30:00;BA;242;806;BARREIRAS;Convers�o proibida;Colis�o frontal;Com V�timas Feridas;Pleno dia;Crescente;C�u Claro;Simples;Reta;N�o;5;0;4;0;1;0;4;2;-12,13753342;-44,91969008;SPRF-BA;DEL10-BA;UOP01-DEL10-BA;;;
661265;14/02/2025;sexta-feira;10:45:00;SC;101;41;JOINVILLE;Rea��o tardia ou ineficiente do condutor;Colis�o traseira;Com V�timas Feridas;Pleno dia;Decrescente;C�u Claro;Dupla;Curva;Sim;2;0;1;0;1;0;1;2;-26,28215489;-48,88973081;SPRF-SC;DEL03-SC;UOP01-DEL03-SC;;;
661269;14/02/2025;sexta-feira;10:50:00;MG;381;450;SABARA;Transitar no Acostamento;Colis�o lateral mesmo sentido;Sem V�timas;Pleno dia;Decrescente;C�u Claro;Dupla;Reta;Sim;2;0;0;0;2;0;0;2;-19,84130639;-43,87176902;SPRF-MG;DEL01-MG;UOP01-DEL01-MG;;;
661272;14/02/2025;sexta-feira;10:20:00;PE;232;24;MORENO;Aus�ncia de rea��o do condutor;Colis�o traseira;Com V�timas Feridas;Pleno dia;Decrescente;C�u Claro;Dupla;Reta;N�o;2;0;1;0;1;0;1;2;-8,10482918;-35,10351264;SPRF-PE;DEL01-PE;UOP01-DEL01-PE;;;
661275;14/02/2025;sexta-feira;10:30:00;MS;163;491,2;CAMPO GRANDE;Aus�ncia de rea��o do condutor;Colis�o traseira;Sem V�timas;Pleno dia;Crescente;Nublado;Dupla;Reta;Sim;2;0;0;0;2;0;0;2;-20,36434577;-54,52853585;SPRF-MS;DEL01-MS;UOP02-DEL01-MS;;;
661276;14/02/2025;sexta-feira;10:05:00;SC;280;80,6;CORUPA;Aus�ncia de rea��o do condutor;Tombamento;Com V�timas Feridas;Pleno dia;Crescente;C�u Claro;Simples;"Em Obras;Reta;Interse��o de Vias";Sim;1;0;1;0;0;0;1;1;-26,44412189;-49,20975187;SPRF-SC;DEL06-SC;UOP03-DEL06-SC;;;
661277;14/02/2025;sexta-feira;10:30:00;SC;282;524;XAXIM;Acessar a via sem observar a presen�a dos outros ve�culos;Colis�o transversal;Sem V�timas;Pleno dia;Crescente;C�u Claro;Simples;Curva;N�o;2;0;0;0;2;0;0;2;-26,965002;-52,557384;SPRF-SC;DEL07-SC;UOP01-DEL07-SC;;;
661279;13/02/2025;quinta-feira;01:30:00;PR;277;3;PARANAGUA;Entrada inopinada do pedestre;Atropelamento de Pedestre;Com V�timas Feridas;Plena Noite;Decrescente;Chuva;Simples;Curva;Sim;2;0;0;1;1;0;1;2;-25,5394654;-48,5582911;SPRF-PR;DEL01-PR;UOP05-DEL01-PR;;;
661282;14/02/2025;sexta-feira;11:45:00;SC;282;64,9;RANCHO QUEIMADO;Velocidade Incompat�vel;Sa�da de leito carro��vel;Com V�timas Feridas;Pleno dia;Crescente;Nublado;Simples;"Curva;Declive";N�o;2;0;1;1;0;0;2;1;-27,696323;-49,052456;SPRF-SC;DEL01-SC;UOP03-DEL01-SC;;;
661287;14/02/2025;sexta-feira;11:30:00;ES;259;67,9;COLATINA;Ultrapassagem Indevida;Colis�o lateral mesmo sentido;Com V�timas Feridas;Pleno dia;Decrescente;C�u Claro;Simples;Reta;N�o;2;0;2;0;0;0;2;2;-19,51173443;-40,73338221;SPRF-ES;DEL02-ES;UOP01-DEL02-ES;;;
661288;14/02/2025;sexta-feira;10:38:00;PR;277;520,7;GUARANIACU;Acessar a via sem observar a presen�a dos outros ve�culos;Colis�o transversal;Com V�timas Feridas;Pleno dia;Decrescente;C�u Claro;Simples;"Reta;Aclive";Sim;3;0;1;0;2;0;1;2;-25,10362231;-52,87904263;SPRF-PR;DEL04-PR;UOP04-DEL04-PR;;;
661289;14/02/2025;sexta-feira;11:10:00;MT;70;24,6;BARRA DO GARCAS;Acostamento em desn�vel;Sa�da de leito carro��vel;Com V�timas Feridas;Pleno dia;Decrescente;C�u Claro;Simples;Reta;N�o;2;0;0;2;0;0;2;1;-15,83704086;-52,45837796;SPRF-MT;DEL07-MT;UOP01-DEL07-MT;;;
661291;14/02/2025;sexta-feira;12:00:00;SP;116;74;APARECIDA;Aus�ncia de rea��o do condutor;Tombamento;Com V�timas Feridas;Pleno dia;Crescente;C�u Claro;Dupla;Reta;Sim;1;0;1;0;0;0;1;1;-22,87353809;-45,25320023;SPRF-SP;DEL08-SP;UOP01-DEL08-SP;;;
661292;14/02/2025;sexta-feira;06:20:00;PR;369;11,9;CAMBARA;Rea��o tardia ou ineficiente do condutor;Tombamento;Com V�timas Feridas;Amanhecer;Decrescente;Nublado;Simples;"Declive;Reta";N�o;1;0;1;0;0;0;1;1;-23,01164;-50,01035;SPRF-PR;DEL07-PR;UOP05-DEL07-PR;;;
661293;14/02/2025;sexta-feira;11:20:00;SC;101;123;ITAJAI;Aus�ncia de rea��o do condutor;Engavetamento;Sem V�timas;Pleno dia;Decrescente;C�u Claro;Dupla;Reta;N�o;4;0;0;0;2;2;0;3;-26,93668609;-48,69876905;SPRF-SC;DEL04-SC;UOP04-DEL04-SC;;;
661294;14/02/2025;sexta-feira;12:45:00;PR;277;67,8;SAO JOSE DOS PINHAIS;Trafegar com motocicleta (ou similar) entre as faixas;Colis�o lateral mesmo sentido;Com V�timas Feridas;Pleno dia;Crescente;Nublado;Dupla;Reta;Sim;2;0;1;0;1;0;1;2;-25,522642;-49,103311;SPRF-PR;DEL01-PR;UOP01-DEL01-PR;;;
661298;14/02/2025;sexta-feira;09:20:00;RJ;40;121;DUQUE DE CAXIAS;Rea��o tardia ou ineficiente do condutor;Colis�o lateral mesmo sentido;Com V�timas Feridas;Pleno dia;Decrescente;C�u Claro;Dupla;Curva;Sim;3;0;1;0;2;0;1;3;-22,78185499;-43,28571273;SPRF-RJ;DEL01-RJ;UOP02-DEL01-RJ;;;
661301;14/02/2025;sexta-feira;13:20:00;RS;290;11,6;OSORIO;Aus�ncia de rea��o do condutor;Sa�da de leito carro��vel;Com V�timas Feridas;Pleno dia;Crescente;C�u Claro;M�ltipla;Reta;N�o;1;0;1;0;0;0;1;1;-29,888996;-50,383354;SPRF-RS;DEL03-RS;UOP01-DEL03-RS;;;
661304;14/02/2025;sexta-feira;14:15:00;ES;101;80,1;SAO MATEUS;Ultrapassagem Indevida;Colis�o traseira;Com V�timas Feridas;Pleno dia;Decrescente;Sol;Simples;Reta;N�o;2;0;1;0;1;0;1;2;-18,82149709;-39,90673788;SPRF-ES;DEL04-ES;UOP02-DEL04-ES;;;
661305;14/02/2025;sexta-feira;12:25:00;PA;10;201;IPIXUNA DO PARA;Manobra de mudan�a de faixa;Colis�o lateral sentido oposto;Com V�timas Feridas;Pleno dia;Crescente;Chuva;Simples;"Ponte;Reta";N�o;2;0;0;2;0;0;2;1;-2,67214493;-47,47363364;SPRF-PA;DEL02-PA;UOP01-DEL02-PA;;;
661306;14/02/2025;sexta-feira;14:30:00;PI;343;339,8;TERESINA;Acessar a via sem observar a presen�a dos outros ve�culos;Colis�o transversal;Com V�timas Feridas;Pleno dia;Crescente;C�u Claro;M�ltipla;"Retorno Regulamentado;Reta";Sim;2;0;1;0;1;0;1;2;-5,067146;-42,730965;SPRF-PI;DEL01-PI;UOP01-DEL01-PI;;;
661308;14/02/2025;sexta-feira;14:50:00;PE;232;9;JABOATAO DOS GUARARAPES;Condutor deixou de manter dist�ncia do ve�culo da frente;Colis�o traseira;Com V�timas Feridas;Pleno dia;Decrescente;C�u Claro;Dupla;Reta;Sim;7;0;2;0;5;0;2;4;-8,07764447;-34,97863609;SPRF-PE;DEL01-PE;UOP01-DEL01-PE;;;
661309;14/02/2025;sexta-feira;14:30:00;ES;101;299,7;VIANA;Acessar a via sem observar a presen�a dos outros ve�culos;Atropelamento de Pedestre;Com V�timas Feridas;Pleno dia;Crescente;C�u Claro;M�ltipla;Reta;Sim;2;0;0;1;1;0;1;2;-20,35860628;-40,42327504;SPRF-ES;DEL01-ES;UOP01-DEL01-ES;;;
661311;14/02/2025;sexta-feira;14:00:00;SP;116;300;SAO LOURENCO DA SERRA;Chuva;Sa�da de leito carro��vel;Com V�timas Feridas;Pleno dia;Crescente;Chuva;Dupla;Curva;Sim;3;0;1;0;2;0;1;1;-23,80425272;-46,92143625;SPRF-SP;DEL04-SP;UOP01-DEL04-SP;;;
661315;14/02/2025;sexta-feira;15:40:00;ES;259;57,3;COLATINA;Demais falhas mec�nicas ou el�tricas;Tombamento;Com V�timas Feridas;Pleno dia;Crescente;C�u Claro;Simples;Reta;N�o;1;0;1;0;0;0;1;1;-19,50865703;-40,65581416;SPRF-ES;DEL02-ES;UOP01-DEL02-ES;;;
661316;14/02/2025;sexta-feira;15:00:00;RS;472;126;TRES DE MAIO;Manobra de mudan�a de faixa;Colis�o frontal;Com V�timas Feridas;Pleno dia;Crescente;C�u Claro;Simples;Reta;N�o;4;0;3;1;0;0;4;2;-27,72078983;-54,18845135;SPRF-RS;DEL10-RS;UOP01-DEL10-RS;;;
661317;14/02/2025;sexta-feira;15:15:00;RS;290;80;PORTO ALEGRE;Demais falhas mec�nicas ou el�tricas;Tombamento;Com V�timas Feridas;Pleno dia;Decrescente;C�u Claro;M�ltipla;Reta;Sim;1;0;1;0;0;0;1;1;-29,95343;-51,058449;SPRF-RS;DEL01-RS;UOP01-DEL01-RS;;;
661319;14/02/2025;sexta-feira;15:20:00;RS;290;161;SAO JERONIMO;Acessar a via sem observar a presen�a dos outros ve�culos;Colis�o transversal;Com V�timas Feridas;Pleno dia;Crescente;C�u Claro;Simples;"Reta;Interse��o de Vias";N�o;2;0;2;0;0;0;2;2;-30,112318;-51,818535;SPRF-RS;DEL02-RS;UOP01-DEL02-RS;;;
661320;14/02/2025;sexta-feira;14:50:00;PR;277;38;MORRETES;Manobra de mudan�a de faixa;Colis�o com objeto;Com V�timas Feridas;Pleno dia;Crescente;Nublado;Dupla;Curva;N�o;3;0;3;0;0;0;3;2;-25,56584471;-48,81116269;SPRF-PR;DEL01-PR;UOP05-DEL01-PR;;;
661321;14/02/2025;sexta-feira;15:55:00;ES;101;143,3;LINHARES;Trafegar com motocicleta (ou similar) entre as faixas;Colis�o lateral mesmo sentido;Com V�timas Feridas;Pleno dia;Crescente;C�u Claro;Dupla;Reta;Sim;2;0;1;0;1;0;1;2;-19,34286596;-40,0638568;SPRF-ES;DEL04-ES;UOP01-DEL04-ES;;;
661322;14/02/2025;sexta-feira;15:55:00;SC;101;205,4;SAO JOSE;Condutor deixou de manter dist�ncia do ve�culo da frente;Colis�o traseira;Com V�timas Feridas;Pleno dia;Crescente;Nublado;M�ltipla;Reta;Sim;2;0;2;0;0;0;2;2;-27,58313237;-48,61532885;SPRF-SC;DEL01-SC;UOP01-DEL01-SC;;;
661323;14/02/2025;sexta-feira;14:40:00;GO;70;465;ARAGARCAS;Acessar a via sem observar a presen�a dos outros ve�culos;Colis�o transversal;Com V�timas Feridas;Pleno dia;Crescente;C�u Claro;Simples;Declive;N�o;2;0;0;1;1;0;1;2;-15,90190465;-52,18849182;SPRF-GO;DEL04-GO;UOP02-DEL04-GO;;;
661326;12/02/2025;quarta-feira;08:50:00;BA;367;33;PORTO SEGURO;Avarias e/ou desgaste excessivo no pneu;Sa�da de leito carro��vel;Com V�timas Feridas;Pleno dia;Crescente;C�u Claro;Simples;Reta;N�o;2;0;2;0;0;0;2;1;-16,41808735;-39,15338816;SPRF-BA;DEL09-BA;UOP03-DEL09-BA;;;
661327;14/02/2025;sexta-feira;16:15:00;BA;101;33,4;ESPLANADA;Convers�o proibida;Colis�o transversal;Com V�timas Fatais;Pleno dia;Decrescente;C�u Claro;Dupla;Declive;N�o;8;2;1;2;3;0;3;2;-11,75933;-37,94332;SPRF-SE;DEL02-SE;UOP03-DEL02-SE;;;
661328;14/02/2025;sexta-feira;16:05:00;BA;324;583;CANDEIAS;Manobra de mudan�a de faixa;Colis�o lateral mesmo sentido;Com V�timas Feridas;Pleno dia;Decrescente;C�u Claro;Dupla;Reta;N�o;2;0;1;0;1;0;1;2;-12,6141891;-38,48700311;SPRF-BA;DEL01-BA;UOP01-DEL01-BA;;;
661329;14/02/2025;sexta-feira;15:50:00;ES;101;293;CARIACICA;Convers�o proibida;Colis�o lateral mesmo sentido;Com V�timas Feridas;Pleno dia;Decrescente;C�u Claro;Dupla;"Em Obras;Reta";Sim;3;0;3;0;0;0;3;2;-20,31413276;-40,39536023;SPRF-ES;DEL01-ES;UOP01-DEL01-ES;;;
661330;14/02/2025;sexta-feira;16:28:00;SP;153;61,8;SAO JOSE DO RIO PRETO;Frear bruscamente;Tombamento;Com V�timas Feridas;Pleno dia;Decrescente;C�u Claro;Dupla;Reta;Sim;1;0;1;0;0;0;1;1;-20,80502876;-49,35574909;SPRF-SP;DEL09-SP;UOP01-DEL09-SP;;;
661332;14/02/2025;sexta-feira;15:00:00;SC;101;38;JOINVILLE;Desrespeitar a prefer�ncia no cruzamento;Colis�o transversal;Com V�timas Feridas;Pleno dia;Decrescente;C�u Claro;Dupla;Interse��o de Vias;Sim;3;0;1;0;2;0;1;2;-26,25472505;-48,90561309;SPRF-SC;DEL03-SC;UOP01-DEL03-SC;;;
661333;09/02/2025;domingo;01:40:00;RS;290;676;URUGUAIANA;Animais na Pista;Atropelamento de Animal;Com V�timas Feridas;Plena Noite;Crescente;C�u Claro;Simples;Reta;N�o;3;0;3;0;0;0;3;1;-29,917309;-56,655758;SPRF-RS;DEL13-RS;UOP01-DEL13-RS;;;
661335;14/02/2025;sexta-feira;16:50:00;GO;153;501;GOIANIA;Manobra de mudan�a de faixa;Colis�o transversal;Com V�timas Feridas;Pleno dia;Crescente;C�u Claro;M�ltipla;Reta;Sim;2;0;1;0;1;0;1;2;-16,7189;-49,2382;SPRF-GO;DEL01-GO;UOP01-DEL01-GO;;;
661336;14/02/2025;sexta-feira;17:00:00;ES;101;129;LINHARES;Demais falhas mec�nicas ou el�tricas;Tombamento;Com V�timas Feridas;Pleno dia;Decrescente;C�u Claro;Simples;"Reta;Aclive";N�o;2;0;2;0;0;0;2;1;-19,22093104;-40,0936152;SPRF-ES;DEL04-ES;UOP01-DEL04-ES;;;
661337;14/02/2025;sexta-feira;14:40:00;BA;116;816,8;VITORIA DA CONQUISTA;Rea��o tardia ou ineficiente do condutor;Tombamento;Com V�timas Feridas;Pleno dia;Crescente;C�u Claro;Simples;Reta;N�o;1;0;1;0;0;0;1;1;-14,816846;-40,805818;SPRF-BA;DEL08-BA;UOP01-DEL08-BA;;;
661338;14/02/2025;sexta-feira;17:10:00;SP;101;49;UBATUBA;Condutor deixou de manter dist�ncia do ve�culo da frente;Colis�o lateral mesmo sentido;Com V�timas Feridas;Anoitecer;Crescente;Nublado;Simples;Retorno Regulamentado;Sim;3;0;1;0;2;0;1;2;-23,44410908;-45,08375708;SPRF-SP;DEL06-SP;UOP01-DEL06-SP;;;
661341;14/02/2025;sexta-feira;17:00:00;PB;230;18;JOAO PESSOA;Rea��o tardia ou ineficiente do condutor;Colis�o traseira;Com V�timas Feridas;Pleno dia;Decrescente;C�u Claro;Dupla;Reta;Sim;2;0;1;0;1;0;1;2;-7,1198;-34,8453;SPRF-PB;DEL01-PB;UOP01-DEL01-PB;;;
661342;14/02/2025;sexta-feira;16:40:00;RJ;101;65;CAMPOS DOS GOYTACAZES;Retorno proibido;Colis�o traseira;Com V�timas Feridas;Pleno dia;Decrescente;C�u Claro;Simples;"Interse��o de Vias;Reta";Sim;3;0;2;0;0;1;2;2;-21,75371806;-41,344292;SPRF-RJ;DEL08-RJ;UOP02-DEL08-RJ;;;
661343;14/02/2025;sexta-feira;16:15:00;RJ;101;295;ITABORAI;Condutor deixou de manter dist�ncia do ve�culo da frente;Colis�o traseira;Com V�timas Feridas;Anoitecer;Decrescente;Nublado;Dupla;Reta;N�o;5;0;1;0;4;0;1;4;-22,76365068;-42,90223623;SPRF-RJ;DEL02-RJ;UOP02-DEL02-RJ;;;
661344;14/02/2025;sexta-feira;17:00:00;PB;230;157,7;CAMPINA GRANDE;Desrespeitar a prefer�ncia no cruzamento;Colis�o transversal;Com V�timas Feridas;Pleno dia;Decrescente;Nublado;Simples;Interse��o de Vias;Sim;3;0;1;1;1;0;2;2;-7,264;-35,9199;SPRF-PB;DEL02-PB;UOP01-DEL02-PB;;;
661346;14/02/2025;sexta-feira;17:00:00;CE;116;40;HORIZONTE;Entrada inopinada do pedestre;Atropelamento de Pedestre;Com V�timas Fatais;Anoitecer;Crescente;C�u Claro;M�ltipla;Reta;Sim;2;1;0;1;0;0;1;2;-4,09496999;-38,50351984;SPRF-CE;DEL01-CE;UOP02-DEL01-CE;;;
661347;14/02/2025;sexta-feira;16:15:00;PR;476;143;CURITIBA;Trafegar com motocicleta (ou similar) entre as faixas;Colis�o lateral mesmo sentido;Com V�timas Feridas;Pleno dia;Decrescente;Chuva;Dupla;Reta;Sim;2;0;1;0;1;0;1;2;-25,543802;-49,305328;SPRF-PR;DEL01-PR;UOP06-DEL01-PR;;;
661348;14/02/2025;sexta-feira;15:00:00;PR;277;630,7;CEU AZUL;Velocidade Incompat�vel;Sa�da de leito carro��vel;Com V�timas Feridas;Pleno dia;Crescente;Nublado;Simples;Curva;N�o;1;0;1;0;0;0;1;1;-25,1136031;-53,79333789;SPRF-PR;DEL05-PR;UOP02-DEL05-PR;;;
661349;02/02/2025;domingo;10:40:00;PB;230;14;CABEDELO;Manobra de mudan�a de faixa;Colis�o lateral mesmo sentido;Com V�timas Feridas;Pleno dia;Crescente;C�u Claro;Dupla;Reta;Sim;2;0;1;0;0;1;1;2;-7,08771206;-34,84862208;SPRF-PB;DEL01-PB;UOP01-DEL01-PB;;;
661351;14/02/2025;sexta-feira;17:15:00;DF;20;18;BRASILIA;Avarias e/ou desgaste excessivo no pneu;Sa�da de leito carro��vel;Com V�timas Feridas;Pleno dia;Decrescente;Nublado;Dupla;Reta;N�o;3;0;3;0;0;0;3;1;-15,616901;-47,708927;SPRF-DF;DEL02-DF;UOP01-DEL02-DF;;;
661353;14/02/2025;sexta-feira;17:00:00;SP;116;155;SAO JOSE DOS CAMPOS;Rea��o tardia ou ineficiente do condutor;Tombamento;Com V�timas Feridas;Pleno dia;Crescente;Chuva;Dupla;Reta;Sim;1;0;1;0;0;0;1;1;-23,24524337;-45,92772774;SPRF-SP;DEL02-SP;UOP01-DEL02-SP;;;
661354;14/02/2025;sexta-feira;17:30:00;RS;290;418,2;SAO GABRIEL;Desrespeitar a prefer�ncia no cruzamento;Queda de ocupante de ve�culo;Com V�timas Feridas;Pleno dia;Crescente;C�u Claro;Simples;Rotat�ria;Sim;2;0;1;0;1;0;1;2;-30,35263874;-54,33295012;SPRF-RS;DEL11-RS;UOP02-DEL11-RS;;;
661355;30/01/2025;quinta-feira;15:49:00;MG;381;940,9;EXTREMA;Velocidade Incompat�vel;Sa�da de leito carro��vel;Com V�timas Feridas;Pleno dia;Crescente;Chuva;Dupla;Curva;N�o;1;0;0;1;0;0;1;1;-22,8272555;-46,31399274;SPRF-MG;DEL16-MG;UOP03-DEL16-MG;;;
661356;14/02/2025;sexta-feira;17:30:00;SC;101;162;TIJUCAS;Condutor deixou de manter dist�ncia do ve�culo da frente;Colis�o traseira;Com V�timas Feridas;Pleno dia;Crescente;C�u Claro;Dupla;Reta;Sim;3;0;3;0;0;0;3;2;-27,22554009;-48,6279367;SPRF-SC;DEL04-SC;UOP03-DEL04-SC;;;
661357;14/02/2025;sexta-feira;18:00:00;PE;101;68,1;RECIFE;Condutor deixou de manter dist�ncia do ve�culo da frente;Engavetamento;Com V�timas Feridas;Plena Noite;Decrescente;C�u Claro;Dupla;"Reta;Viaduto";Sim;5;0;1;0;2;2;1;3;-8,05174;-34,946044;SPRF-PE;DEL01-PE;UOP01-DEL01-PE;;;
661358;14/02/2025;sexta-feira;18:10:00;PE;232;11,2;JABOATAO DOS GUARARAPES;Entrada inopinada do pedestre;Atropelamento de Pedestre;Com V�timas Fatais;Plena Noite;Decrescente;C�u Claro;Dupla;"Aclive;Reta";Sim;2;1;0;0;1;0;0;2;-8,08294981;-34,99680877;SPRF-PE;DEL01-PE;UOP01-DEL01-PE;;;
661359;14/02/2025;sexta-feira;19:17:00;MG;40;481;SETE LAGOAS;Afundamento ou ondula��o no pavimento;Queda de ocupante de ve�culo;Com V�timas Feridas;Plena Noite;Crescente;C�u Claro;Dupla;"Aclive;Reta";N�o;1;0;0;1;0;0;1;1;-19,5511262;-44,24459038;SPRF-MG;DEL02-MG;UOP01-DEL02-MG;;;
661360;14/02/2025;sexta-feira;18:57:00;PR;277;722;FOZ DO IGUACU;Aus�ncia de rea��o do condutor;Colis�o traseira;Com V�timas Feridas;Pleno dia;Decrescente;C�u Claro;Dupla;Reta;Sim;4;0;0;2;2;0;2;3;-25,49494908;-54,52095097;SPRF-PR;DEL05-PR;UOP03-DEL05-PR;;;
661361;14/02/2025;sexta-feira;18:30:00;PR;277;74,7;SAO JOSE DOS PINHAIS;Trafegar com motocicleta (ou similar) entre as faixas;Colis�o lateral mesmo sentido;Com V�timas Feridas;Plena Noite;Decrescente;Nublado;Dupla;Reta;Sim;2;0;1;0;1;0;1;2;-25,49530581;-49,16483223;SPRF-PR;DEL01-PR;UOP07-DEL01-PR;;;
661362;14/02/2025;sexta-feira;19:15:00;SC;280;46,2;GUARAMIRIM;Acessar a via sem observar a presen�a dos outros ve�culos;Colis�o lateral mesmo sentido;Com V�timas Feridas;Plena Noite;Decrescente;Nublado;Simples;"Reta;Aclive;Interse��o de Vias";N�o;2;0;0;1;1;0;1;2;-26,45314994;-48,91018867;SPRF-SC;DEL03-SC;UOP03-DEL03-SC;;;
661363;14/02/2025;sexta-feira;17:10:00;RS;116;146;CAXIAS DO SUL;Condutor desrespeitou a ilumina��o vermelha do sem�foro;Colis�o transversal;Sem V�timas;Pleno dia;Crescente;C�u Claro;Dupla;"Reta;Interse��o de Vias";Sim;2;0;0;0;2;0;0;2;-29,14228897;-51,13622202;SPRF-RS;DEL05-RS;UOP01-DEL05-RS;;;
661364;14/02/2025;sexta-feira;17:46:00;MA;222;670;ACAILANDIA;Ultrapassagem Indevida;Colis�o lateral sentido oposto;Com V�timas Feridas;Pleno dia;Crescente;C�u Claro;Simples;Reta;Sim;2;0;0;1;1;0;1;2;-4,91607953;-47,42281928;SPRF-MA;DEL04-MA;UOP03-DEL04-MA;;;
661366;14/02/2025;sexta-feira;18:10:00;RJ;40;116;DUQUE DE CAXIAS;Rea��o tardia ou ineficiente do condutor;Colis�o traseira;Com V�timas Feridas;Plena Noite;Decrescente;C�u Claro;M�ltipla;Reta;N�o;2;0;1;0;1;0;1;2;-22,73662299;-43,28858785;SPRF-RJ;DEL01-RJ;UOP02-DEL01-RJ;;;
661367;14/02/2025;sexta-feira;19:05:00;PB;101;26;RIO TINTO;Rea��o tardia ou ineficiente do condutor;Queda de ocupante de ve�culo;Com V�timas Feridas;Plena Noite;Decrescente;C�u Claro;Dupla;"Reta;Em Obras";N�o;1;0;0;1;0;0;1;1;-6,69006397;-35,11528625;SPRF-PB;DEL01-PB;UOP03-DEL01-PB;;;
661368;14/02/2025;sexta-feira;19:03:00;MG;381;921;CAMANDUCAIA;Velocidade Incompat�vel;Colis�o com objeto;Com V�timas Feridas;Plena Noite;Crescente;Chuva;Dupla;"Curva;Declive";N�o;1;0;1;0;0;0;1;1;-22,7680939;-46,20854399;SPRF-MG;DEL16-MG;UOP03-DEL16-MG;;;
661369;14/02/2025;sexta-feira;19:30:00;SP;153;79,9;BADY BASSITT;Aus�ncia de rea��o do condutor;Colis�o traseira;Com V�timas Feridas;Plena Noite;Crescente;Nublado;Dupla;Aclive;N�o;3;0;0;1;2;0;1;2;-20,90910476;-49,48021806;SPRF-SP;DEL09-SP;UOP01-DEL09-SP;;;