id;data_inversa;dia_semana;horario;uf;br;km;municipio;causa_acidente;tipo_acidente;classificacao_acidente;fase_dia;sentido_via;condicao_metereologica;tipo_pista;tracado_via;uso_solo;pessoas;mortos;feridos_leves;feridos_graves;ilesos;ignorados;feridos;veiculos;latitude;longitude;regional;delegacia;uop;;;
661476;15/02/2025;s�bado;06:05:00;PR;277;673;MEDIANEIRA;Transitar na contram�o;Colis�o frontal;Com V�timas Fatais;Amanhecer;Crescente;Nublado;Dupla;"Aclive;Reta";Sim;5;2;2;1;0;0;3;2;-25,29033581;-54,10597086;SPRF-PR;DEL05-PR;UOP01-DEL05-PR;;;
661477;15/02/2025;s�bado;05:40:00;MG;262;447;NOVA SERRANA;Aus�ncia de rea��o do condutor;Colis�o traseira;Com V�timas Feridas;Amanhecer;Decrescente;C�u Claro;Simples;Reta;N�o;5;0;4;0;0;1;4;2;-19,87341662;-44,96007194;SPRF-MG;DEL08-MG;UOP03-DEL08-MG;;;
661479;15/02/2025;s�bado;06:00:00;PB;230;23,9;JOAO PESSOA;Ingest�o de �lcool pelo condutor;Colis�o com objeto;Sem V�timas;Pleno dia;Crescente;C�u Claro;Dupla;"Em Obras;Viaduto;Desvio Tempor�rio";Sim;1;0;0;0;1;0;0;1;-7,16611942;-34,86348152;SPRF-PB;DEL01-PB;UOP01-DEL01-PB;;;
661480;15/02/2025;s�bado;07:35:00;PR;277;722,2;FOZ DO IGUACU;Convers�o proibida;Colis�o transversal;Com V�timas Feridas;Pleno dia;Crescente;Sol;Dupla;Reta;Sim;3;0;2;0;1;0;2;2;-25,49546363;-54,52220678;SPRF-PR;DEL05-PR;UOP03-DEL05-PR;;;
661481;14/02/2025;sexta-feira;19:30:00;MT;174;160;GLORIA DOESTE;Animais na Pista;Atropelamento de Animal;Sem V�timas;Plena Noite;Crescente;C�u Claro;Simples;Reta;N�o;1;0;0;0;1;0;0;1;-15,807035;-58,379435;SPRF-MT;DEL03-MT;UOP01-DEL03-MT;;;
661483;15/02/2025;s�bado;07:37:00;RS;290;44,8;GLORINHA;Acumulo de areia ou detritos sobre o pavimento;Engavetamento;Com V�timas Feridas;Pleno dia;Decrescente;Sol;Dupla;Reta;N�o;7;0;1;1;5;0;2;6;-29,894128;-50,727931;SPRF-RS;DEL03-RS;UOP01-DEL03-RS;;;
661484;15/02/2025;s�bado;07:00:00;BA;324;582;CANDEIAS;Rea��o tardia ou ineficiente do condutor;Sa�da de leito carro��vel;Sem V�timas;Pleno dia;Crescente;C�u Claro;Dupla;Reta;N�o;1;0;0;0;1;0;0;1;-12,60856603;-38,49390902;SPRF-BA;DEL01-BA;UOP01-DEL01-BA;;;
661485;15/02/2025;s�bado;06:00:00;AL;423;90;DELMIRO GOUVEIA;Animais na Pista;Capotamento;Com V�timas Feridas;Pleno dia;Decrescente;C�u Claro;Simples;Reta;N�o;1;0;1;0;0;0;1;1;-9,3584707;-38,0642457;SPRF-BA;DEL07-BA;UOP01-DEL07-BA;;;
661486;14/02/2025;sexta-feira;21:50:00;PA;163;561;TRAIRAO;Ingest�o de �lcool pelo condutor;Tombamento;Com V�timas Fatais;Plena Noite;Crescente;Chuva;Simples;"Declive;Reta";N�o;2;1;0;1;0;0;1;1;-5,10264995;-56,13090197;SPRF-PA;DEL05-PA;UOP03-DEL05-PA;;;
661487;15/02/2025;s�bado;07:40:00;ES;101;270,5;SERRA;Faixas de tr�nsito com largura insuficiente;Colis�o lateral mesmo sentido;Sem V�timas;Pleno dia;Crescente;C�u Claro;Simples;Reta;Sim;2;0;0;0;2;0;0;2;-20,22662056;-40,27075088;SPRF-ES;DEL02-ES;UOP01-DEL02-ES;;;
661490;14/02/2025;sexta-feira;15:43:00;AC;364;438;FEIJO;Pista esburacada;Sa�da de leito carro��vel;Com V�timas Feridas;Pleno dia;Decrescente;C�u Claro;Simples;Reta;N�o;1;0;1;0;0;0;1;1;-8,51652779;-70,03496792;SPRF-AC;DEL01-AC;UOP01-DEL01-AC;;;
661491;15/02/2025;s�bado;08:00:00;ES;101;372,5;ICONHA;Suic�dio (presumido);Atropelamento de Pedestre;Com V�timas Feridas;Pleno dia;Crescente;Sol;Simples;Reta;N�o;3;0;0;1;1;1;1;2;-20,77215419;-40,77695658;SPRF-ES;DEL03-ES;UOP01-DEL03-ES;;;
661493;15/02/2025;s�bado;06:45:00;PR;376;591,5;CURITIBA;Rea��o tardia ou ineficiente do condutor;Tombamento;Com V�timas Feridas;Pleno dia;Decrescente;C�u Claro;Dupla;Reta;N�o;1;0;1;0;0;0;1;1;-25,45999605;-49,35895013;SPRF-PR;DEL03-PR;UOP03-DEL03-PR;;;
661495;15/02/2025;s�bado;06:45:00;MG;381;171;GOVERNADOR VALADARES;Acessar a via sem observar a presen�a dos outros ve�culos;Colis�o lateral mesmo sentido;Com V�timas Feridas;Pleno dia;Decrescente;C�u Claro;Simples;Interse��o de Vias;N�o;2;0;1;0;1;0;1;2;-18,98031967;-42,10224929;SPRF-MG;DEL06-MG;UOP01-DEL06-MG;;;
661496;15/02/2025;s�bado;06:00:00;SC;282;592;SAUDADES;Ingest�o de �lcool pelo condutor;Tombamento;Sem V�timas;Amanhecer;Crescente;Nublado;Simples;Interse��o de Vias;N�o;1;0;0;0;1;0;0;1;-26,825869;-53,091843;SPRF-SC;DEL07-SC;UOP02-DEL07-SC;;;
661497;15/02/2025;s�bado;09:00:00;RN;226;66;SERRA CAIADA;Condutor Dormindo;Sa�da de leito carro��vel;Com V�timas Feridas;Pleno dia;Crescente;C�u Claro;Simples;Reta;N�o;1;0;1;0;0;0;1;1;-6,08820707;-35,69788788;SPRF-RN;DEL01-RN;UOP02-DEL01-RN;;;
661498;15/02/2025;s�bado;09:00:00;SP;116;74,9;APARECIDA;Rea��o tardia ou ineficiente do condutor;Colis�o traseira;Com V�timas Feridas;Pleno dia;Decrescente;C�u Claro;Dupla;"Reta;Declive";N�o;2;0;1;0;1;0;1;2;-22,87496922;-45,26126862;SPRF-SP;DEL08-SP;UOP01-DEL08-SP;;;
661500;15/02/2025;s�bado;09:20:00;SC;282;371,9;ERVAL VELHO;Convers�o proibida;Colis�o traseira;Com V�timas Feridas;Pleno dia;Crescente;C�u Claro;Simples;Reta;N�o;2;0;1;0;1;0;1;2;-27,259993;-51,442684;SPRF-SC;DEL07-SC;UOP05-DEL07-SC;;;
661501;15/02/2025;s�bado;08:57:00;PR;277;74;SAO JOSE DOS PINHAIS;Demais falhas mec�nicas ou el�tricas;Colis�o traseira;Com V�timas Feridas;Pleno dia;Decrescente;C�u Claro;Dupla;"Curva;Interse��o de Vias";Sim;2;0;0;1;1;0;1;2;-25,51726115;-49,11540707;SPRF-PR;DEL01-PR;UOP07-DEL01-PR;;;
661502;15/02/2025;s�bado;10:15:00;RN;101;147;GOIANINHA;Transitar no Acostamento;Colis�o transversal;Com V�timas Feridas;Pleno dia;Crescente;Sol;Dupla;Reta;Sim;2;0;1;0;1;0;1;2;-6,27145987;-35,20823975;SPRF-RN;DEL01-RN;UOP01-DEL01-RN;;;
661504;15/02/2025;s�bado;10:15:00;MG;381;705,2;LAVRAS;Rea��o tardia ou ineficiente do condutor;Colis�o com objeto;Com V�timas Feridas;Pleno dia;Crescente;Nublado;Dupla;Curva;N�o;1;0;1;0;0;0;1;1;-21,31817;-45,16764;SPRF-MG;DEL04-MG;UOP02-DEL04-MG;;;
661505;15/02/2025;s�bado;10:30:00;SC;280;25,2;ARAQUARI;Acessar a via sem observar a presen�a dos outros ve�culos;Colis�o transversal;Com V�timas Feridas;Pleno dia;Crescente;C�u Claro;Simples;"Reta;Interse��o de Vias";Sim;2;0;0;1;1;0;1;2;-26,38352781;-48,72677516;SPRF-SC;DEL03-SC;UOP03-DEL03-SC;;;
661506;15/02/2025;s�bado;10:55:00;MG;381;498,9;BETIM;Demais falhas mec�nicas ou el�tricas;Tombamento;Com V�timas Feridas;Pleno dia;Crescente;C�u Claro;Dupla;"Reta;Aclive";Sim;2;0;2;0;0;0;2;1;-20,01792651;-44,2261448;SPRF-MG;DEL01-MG;UOP03-DEL01-MG;;;
661508;15/02/2025;s�bado;10:20:00;RJ;101;385;RIO DE JANEIRO;Transitar na contram�o;Colis�o frontal;Com V�timas Feridas;Pleno dia;Crescente;C�u Claro;Dupla;Reta;Sim;3;0;1;0;2;0;1;2;-22,88064129;-43,63218994;SPRF-RJ;DEL03-RJ;UOP01-DEL03-RJ;;;
661509;15/02/2025;s�bado;09:25:00;RS;116;245;SAO LEOPOLDO;Transitar na contram�o;Colis�o frontal;Com V�timas Feridas;Pleno dia;Decrescente;Sol;M�ltipla;"Reta;Interse��o de Vias;Viaduto";Sim;2;0;1;0;1;0;1;2;-29,74980902;-51,15125361;SPRF-RS;DEL01-RS;UOP02-DEL01-RS;;;
661510;15/02/2025;s�bado;10:23:00;PB;104;131,4;QUEIMADAS;Acessar a via sem observar a presen�a dos outros ve�culos;Colis�o lateral mesmo sentido;Com V�timas Feridas;Pleno dia;Crescente;C�u Claro;Simples;Rotat�ria;N�o;2;0;1;0;1;0;1;2;-7,29900408;-35,89187256;SPRF-PB;DEL02-PB;UOP03-DEL02-PB;;;
661511;15/02/2025;s�bado;09:30:00;PR;277;19,2;PARANAGUA;Avarias e/ou desgaste excessivo no pneu;Tombamento;Com V�timas Feridas;Pleno dia;Decrescente;Sol;Dupla;Reta;N�o;2;0;1;0;1;0;1;1;-25,5371298;-48,69899803;SPRF-PR;DEL01-PR;UOP05-DEL01-PR;;;
661512;15/02/2025;s�bado;11:00:00;PR;376;223,7;CAMBIRA;Acessar a via sem observar a presen�a dos outros ve�culos;Colis�o transversal;Com V�timas Feridas;Pleno dia;Crescente;C�u Claro;Dupla;Interse��o de Vias;Sim;3;0;1;1;1;0;2;2;-23,59622768;-51,58070326;SPRF-PR;DEL07-PR;UOP03-DEL07-PR;;;
661517;15/02/2025;s�bado;09:50:00;MG;153;119;PRATA;Rea��o tardia ou ineficiente do condutor;Tombamento;Com V�timas Feridas;Pleno dia;Decrescente;C�u Claro;Simples;Reta;N�o;1;0;1;0;0;0;1;1;-19,39390101;-48,89661712;SPRF-MG;DEL15-MG;UOP03-DEL15-MG;;;
661518;15/02/2025;s�bado;12:15:00;MG;381;5,9;BETIM;Velocidade Incompat�vel;Tombamento;Com V�timas Feridas;Pleno dia;Decrescente;C�u Claro;Dupla;Reta;N�o;1;0;1;0;0;0;1;1;-19,98875564;-44,19645309;SPRF-MG;DEL01-MG;UOP03-DEL01-MG;;;
661519;15/02/2025;s�bado;09:50:00;MG;116;526,3;CARATINGA;Condutor deixou de manter dist�ncia do ve�culo da frente;Colis�o traseira;Com V�timas Feridas;Pleno dia;Decrescente;Sol;Dupla;Reta;Sim;3;0;1;0;1;1;1;2;-19,78231223;-42,13321209;SPRF-MG;DEL06-MG;UOP02-DEL06-MG;;;
661520;15/02/2025;s�bado;12:10:00;BA;324;537;AMELIA RODRIGUES;Acessar a via sem observar a presen�a dos outros ve�culos;Colis�o lateral mesmo sentido;Com V�timas Feridas;Pleno dia;Crescente;C�u Claro;Dupla;Reta;N�o;3;0;2;0;1;0;2;2;-12,36902201;-38,81384601;SPRF-BA;DEL01-BA;UOP03-DEL01-BA;;;
661523;15/02/2025;s�bado;12:30:00;MG;381;757,9;TRES CORACOES;Demais falhas mec�nicas ou el�tricas;Tombamento;Com V�timas Feridas;Pleno dia;Decrescente;C�u Claro;Dupla;Reta;N�o;1;0;1;0;0;0;1;1;-21,67710054;-45,34002364;SPRF-MG;DEL16-MG;UOP02-DEL16-MG;;;
661525;15/02/2025;s�bado;13:00:00;SC;280;29,2;ARAQUARI;Transitar na contram�o;Colis�o transversal;Sem V�timas;Pleno dia;Decrescente;C�u Claro;Simples;Reta;N�o;2;0;0;0;2;0;0;2;-26,41199932;-48,75480831;SPRF-SC;DEL03-SC;UOP03-DEL03-SC;;;
661526;15/02/2025;s�bado;10:30:00;PE;104;13;TAQUARITINGA DO NORTE;Condutor deixou de manter dist�ncia do ve�culo da frente;Colis�o traseira;Com V�timas Feridas;Pleno dia;Crescente;C�u Claro;Simples;Reta;N�o;2;0;0;1;0;1;1;2;-7,897198;-36,113335;SPRF-PE;DEL02-PE;UOP01-DEL02-PE;;;
661527;15/02/2025;s�bado;13:00:00;SC;101;132;BALNEARIO CAMBORIU;Aus�ncia de rea��o do condutor;Engavetamento;Com V�timas Feridas;Pleno dia;Crescente;C�u Claro;Dupla;Reta;Sim;3;0;1;0;2;0;1;3;-26,99654133;-48,65564711;SPRF-SC;DEL04-SC;UOP03-DEL04-SC;;;
661528;15/02/2025;s�bado;12:10:00;BA;116;9;VITORIA DA CONQUISTA;Acessar a via sem observar a presen�a dos outros ve�culos;Colis�o transversal;Com V�timas Feridas;Pleno dia;Crescente;C�u Claro;Simples;Reta;Sim;2;0;1;0;1;0;1;2;-14,851;-40,8485;SPRF-BA;DEL08-BA;UOP01-DEL08-BA;;;
661529;07/02/2025;sexta-feira;20:07:00;MA;135;44;BACABEIRA;Animais na Pista;Atropelamento de Animal;Sem V�timas;Plena Noite;Crescente;C�u Claro;Dupla;Reta;Sim;1;0;0;0;1;0;0;1;-2,9178575;-44,34673274;SPRF-MA;DEL01-MA;UOP01-DEL01-MA;;;
661530;15/02/2025;s�bado;13:20:00;PE;101;88;JABOATAO DOS GUARARAPES;Aus�ncia de rea��o do condutor;Colis�o traseira;Com V�timas Feridas;Pleno dia;Crescente;C�u Claro;Dupla;Reta;N�o;2;0;0;1;1;0;1;2;-8,19971387;-34,9785382;SPRF-PE;DEL01-PE;UOP01-DEL01-PE;;;
661531;15/02/2025;s�bado;12:10:00;MA;135;20;SAO LUIS;Ingest�o de �lcool pelo condutor;Colis�o traseira;Sem V�timas;Pleno dia;Crescente;C�u Claro;Dupla;Reta;Sim;2;0;0;0;2;0;0;2;-2,53073;-44,3068;SPRF-MA;DEL01-MA;UOP01-DEL01-MA;;;
661532;15/02/2025;s�bado;13:06:00;GO;40;9;LUZIANIA;Condutor deixou de manter dist�ncia do ve�culo da frente;Colis�o lateral mesmo sentido;Com V�timas Feridas;Pleno dia;Crescente;C�u Claro;Dupla;Reta;N�o;2;0;1;0;1;0;1;2;-16,131158;-47,957739;SPRF-DF;DEL01-DF;UOP01-DEL01-DF;;;
661534;15/02/2025;s�bado;11:40:00;PI;135;352;BOM JESUS;Acessar a via sem observar a presen�a dos outros ve�culos;Colis�o transversal;Com V�timas Feridas;Pleno dia;Crescente;C�u Claro;Dupla;Reta;Sim;2;0;0;1;1;0;1;2;-9,07531116;-44,35476699;SPRF-PI;DEL03-PI;UOP02-DEL03-PI;;;
661535;15/02/2025;s�bado;13:15:00;PI;316;315;PICOS;Aus�ncia de rea��o do condutor;Queda de ocupante de ve�culo;Com V�timas Feridas;Pleno dia;Crescente;C�u Claro;Simples;Reta;Sim;1;0;1;0;0;0;1;1;-7,07951262;-41,43236492;SPRF-PI;DEL04-PI;UOP01-DEL04-PI;;;
661536;15/02/2025;s�bado;12:40:00;GO;452;3;RIO VERDE;Acessar a via sem observar a presen�a dos outros ve�culos;Colis�o transversal;Sem V�timas;Pleno dia;Crescente;C�u Claro;Dupla;"Curva;Declive;Retorno Regulamentado";N�o;7;0;0;0;7;0;0;2;-17,80066089;-50,87743393;SPRF-GO;DEL04-GO;UOP01-DEL04-GO;;;
661537;15/02/2025;s�bado;12:40:00;MG;116;753,6;LEOPOLDINA;Condutor deixou de manter dist�ncia do ve�culo da frente;Colis�o lateral mesmo sentido;Com V�timas Feridas;Pleno dia;Decrescente;C�u Claro;Simples;Curva;N�o;3;0;2;0;1;0;2;2;-21,47568319;-42,56682787;SPRF-MG;DEL07-MG;UOP01-DEL07-MG;;;
661538;15/02/2025;s�bado;12:30:00;PE;408;95;SAO LOURENCO DA MATA;Aus�ncia de rea��o do condutor;Sa�da de leito carro��vel;Com V�timas Feridas;Pleno dia;Decrescente;C�u Claro;Dupla;"Declive;Reta";N�o;1;0;1;0;0;0;1;1;-8,01186091;-35,04237616;SPRF-PE;DEL01-PE;UOP01-DEL01-PE;;;
661540;15/02/2025;s�bado;08:55:00;RN;304;45,6;MOSSORO;Acessar a via sem observar a presen�a dos outros ve�culos;Colis�o transversal;Com V�timas Feridas;Pleno dia;Decrescente;C�u Claro;Dupla;"Reta;Retorno Regulamentado";Sim;2;0;1;0;1;0;1;2;-5,2250698;-37,3490001;SPRF-RN;DEL04-RN;UOP01-DEL04-RN;;;
661541;15/02/2025;s�bado;09:25:00;SP;101;49;UBATUBA;Convers�o proibida;Colis�o transversal;Com V�timas Feridas;Pleno dia;Crescente;C�u Claro;Simples;Curva;Sim;2;0;1;0;1;0;1;2;-23,44410908;-45,08375708;SPRF-SP;DEL06-SP;UOP01-DEL06-SP;;;
661542;15/02/2025;s�bado;13:40:00;MG;381;498,9;BETIM;Avarias e/ou desgaste excessivo no pneu;Tombamento;Com V�timas Feridas;Pleno dia;Crescente;Sol;Dupla;"Aclive;Reta";Sim;1;0;1;0;0;0;1;1;-20,01172662;-44,21976041;SPRF-MG;DEL01-MG;UOP03-DEL01-MG;;;
661543;15/02/2025;s�bado;13:45:00;DF;20;13,5;BRASILIA;Ingest�o de �lcool pelo condutor;Colis�o traseira;Sem V�timas;Pleno dia;Crescente;C�u Claro;Dupla;Reta;N�o;3;0;0;0;3;0;0;2;-15,638752;-47,749599;SPRF-DF;DEL02-DF;UOP01-DEL02-DF;;;
661544;15/02/2025;s�bado;11:45:00;SP;101;41;UBATUBA;Rea��o tardia ou ineficiente do condutor;Colis�o traseira;Com V�timas Feridas;Pleno dia;Decrescente;C�u Claro;Simples;Reta;N�o;3;0;0;1;2;0;1;2;-23,41971433;-45,0428663;SPRF-SP;DEL06-SP;UOP01-DEL06-SP;;;
661545;15/02/2025;s�bado;12:00:00;ES;262;154,2;IBATIBA;Rea��o tardia ou ineficiente do condutor;Colis�o traseira;Com V�timas Feridas;Pleno dia;Decrescente;C�u Claro;Simples;Reta;N�o;2;0;0;1;1;0;1;2;-20,22262434;-41,46210677;SPRF-ES;DEL01-ES;UOP02-DEL01-ES;;;
661547;15/02/2025;s�bado;13:15:00;RS;293;339,7;SANTANA DO LIVRAMENTO;Ingest�o de �lcool pelo condutor;Colis�o transversal;Com V�timas Feridas;Pleno dia;Crescente;C�u Claro;Simples;Interse��o de Vias;Sim;2;0;1;0;1;0;1;2;-30,85507929;-55,53007364;SPRF-RS;DEL11-RS;UOP01-DEL11-RS;;;
661548;15/02/2025;s�bado;13:40:00;PR;376;165,9;MARINGA;Avarias e/ou desgaste excessivo no pneu;Tombamento;Com V�timas Feridas;Pleno dia;Decrescente;C�u Claro;Dupla;Reta;N�o;1;0;0;1;0;0;1;1;-23,385327;-52,025896;SPRF-PR;DEL09-PR;UOP01-DEL09-PR;;;
661549;15/02/2025;s�bado;14:20:00;ES;101;299,5;VIANA;Desrespeitar a prefer�ncia no cruzamento;Colis�o transversal;Com V�timas Feridas;Pleno dia;Crescente;Sol;M�ltipla;Interse��o de Vias;Sim;2;0;1;0;1;0;1;2;-20,35860628;-40,42327504;SPRF-ES;DEL01-ES;UOP01-DEL01-ES;;;
661551;15/02/2025;s�bado;14:30:00;MG;381;509;SAO JOAQUIM DE BICAS;Ingest�o de �lcool pelo condutor;Sa�da de leito carro��vel;Com V�timas Feridas;Pleno dia;Decrescente;C�u Claro;Dupla;Curva;Sim;4;0;4;0;0;0;4;1;-20,0497758;-44,2776127;SPRF-MG;DEL01-MG;UOP03-DEL01-MG;;;
661552;15/02/2025;s�bado;14:30:00;RS;116;324;BARRA DO RIBEIRO;Demais falhas mec�nicas ou el�tricas;Tombamento;Com V�timas Feridas;Pleno dia;Crescente;Nublado;Dupla;Reta;N�o;2;0;1;0;1;0;1;1;-30,32702593;-51,42171417;SPRF-RS;DEL02-RS;UOP01-DEL02-RS;;;
661553;15/02/2025;s�bado;15:00:00;PE;101;67;RECIFE;Convers�o proibida;Colis�o traseira;Com V�timas Feridas;Pleno dia;Decrescente;Sol;Dupla;Reta;Sim;2;0;1;0;1;0;1;2;-8,042334;-34,943096;SPRF-PE;DEL01-PE;UOP01-DEL01-PE;;;
661556;15/02/2025;s�bado;14:52:00;CE;116;10;FORTALEZA;Aus�ncia de rea��o do condutor;Colis�o traseira;Com V�timas Feridas;Pleno dia;Crescente;C�u Claro;Dupla;Reta;Sim;2;0;1;0;1;0;1;2;-3,83603805;-38,5027281;SPRF-CE;DEL01-CE;UOP02-DEL01-CE;;;
661558;15/02/2025;s�bado;09:00:00;MG;50;180;UBERABA;Demais falhas mec�nicas ou el�tricas;Inc�ndio;Sem V�timas;Pleno dia;Decrescente;C�u Claro;Simples;Retorno Regulamentado;Sim;1;0;0;0;1;0;0;1;-19,77848216;-47,92194709;SPRF-MG;DEL13-MG;UOP01-DEL13-MG;;;
661560;15/02/2025;s�bado;13:20:00;SC;280;5,8;SAO FRANCISCO DO SUL;Ingest�o de �lcool pelo condutor;Colis�o frontal;Com V�timas Feridas;Pleno dia;Decrescente;C�u Claro;Simples;Reta;N�o;2;0;1;0;1;0;1;2;-26,26011706;-48,62571995;SPRF-SC;DEL03-SC;UOP03-DEL03-SC;;;
661562;15/02/2025;s�bado;16:05:00;SC;101;195,2;BIGUACU;Avarias e/ou desgaste excessivo no pneu;Tombamento;Com V�timas Feridas;Pleno dia;Crescente;C�u Claro;Dupla;Reta;Sim;2;0;2;0;0;0;2;1;-27,5047092;-48,65010819;SPRF-SC;DEL01-SC;UOP01-DEL01-SC;;;
661563;15/02/2025;s�bado;15:20:00;SC;101;140;BALNEARIO CAMBORIU;Rea��o tardia ou ineficiente do condutor;Colis�o traseira;Sem V�timas;Pleno dia;Crescente;C�u Claro;M�ltipla;Reta;N�o;2;0;0;0;2;0;0;2;-27,03881189;-48,60025148;SPRF-SC;DEL04-SC;UOP03-DEL04-SC;;;
661565;15/02/2025;s�bado;16:00:00;SP;116;216;GUARULHOS;Rea��o tardia ou ineficiente do condutor;Tombamento;Com V�timas Feridas;Pleno dia;Decrescente;C�u Claro;M�ltipla;Reta;Sim;3;0;2;0;0;1;2;2;-23,45056589;-46,46258105;SPRF-SP;DEL01-SP;UOP01-DEL01-SP;;;
661567;15/02/2025;s�bado;15:40:00;SP;116;421;JUQUIA;Condutor Dormindo;Sa�da de leito carro��vel;Com V�timas Feridas;Pleno dia;Crescente;C�u Claro;Simples;Curva;N�o;2;0;2;0;0;0;2;1;-24,35801488;-47,68588212;SPRF-SP;DEL05-SP;UOP01-DEL05-SP;;;
661569;15/02/2025;s�bado;15:12:00;RO;425;126;GUAJARA-MIRIM;Aus�ncia de rea��o do condutor;Colis�o transversal;Com V�timas Feridas;Pleno dia;Decrescente;C�u Claro;Dupla;Reta;Sim;2;0;1;0;1;0;1;2;-10,632141;-65,302414;SPRF-RO;DEL01-RO;UOP03-DEL01-RO;;;
661571;15/02/2025;s�bado;11:20:00;MG;365;823;SANTA VITORIA;Acessar a via sem observar a presen�a dos outros ve�culos;Colis�o transversal;Com V�timas Feridas;Pleno dia;Decrescente;Sol;Simples;"Reta;Declive";N�o;2;0;2;0;0;0;2;2;-18,878003;-50,127321;SPRF-MG;DEL15-MG;UOP03-DEL15-MG;;;
661572;15/02/2025;s�bado;15:40:00;SC;101;205,2;SAO JOSE;Rea��o tardia ou ineficiente do condutor;Tombamento;Com V�timas Feridas;Pleno dia;Crescente;Nublado;M�ltipla;Curva;Sim;1;0;0;1;0;0;1;1;-27,58488559;-48,6164546;SPRF-SC;DEL01-SC;UOP01-DEL01-SC;;;
661573;15/02/2025;s�bado;11:30:00;AP;156;232;SANTANA;Demais falhas na via;Sa�da de leito carro��vel;Sem V�timas;Pleno dia;Decrescente;Chuva;Simples;Reta;N�o;2;0;0;0;2;0;0;1;0,226596;-51,428454;SPRF-AP;DEL01-AP;UOP01-DEL01-AP;;;
661575;15/02/2025;s�bado;16:55:00;SE;101;181;UMBAUBA;Aus�ncia de rea��o do condutor;Queda de ocupante de ve�culo;Com V�timas Feridas;Pleno dia;Decrescente;C�u Claro;Simples;Reta;N�o;1;0;1;0;0;0;1;1;-11,36892188;-37,64792008;SPRF-SE;DEL02-SE;UOP03-DEL02-SE;;;
661577;15/02/2025;s�bado;14:00:00;MG;40;825,2;SIMAO PEREIRA;Rea��o tardia ou ineficiente do condutor;Sa�da de leito carro��vel;Com V�timas Feridas;Pleno dia;Decrescente;C�u Claro;Dupla;Curva;N�o;3;0;3;0;0;0;3;1;-21,9735272;-43,28541842;SPRF-MG;DEL05-MG;UOP01-DEL05-MG;;;
661578;15/02/2025;s�bado;16:30:00;RJ;356;147;CAMPOS DOS GOYTACAZES;Acessar a via sem observar a presen�a dos outros ve�culos;Colis�o lateral mesmo sentido;Com V�timas Feridas;Pleno dia;Crescente;C�u Claro;Dupla;Reta;Sim;5;0;1;0;4;0;1;2;-21,78540158;-41,29978331;SPRF-RJ;DEL08-RJ;UOP02-DEL08-RJ;;;
661579;15/02/2025;s�bado;17:20:00;MG;262;411,8;IGARATINGA;Convers�o proibida;Colis�o transversal;Com V�timas Feridas;Anoitecer;Decrescente;Vento;Dupla;Rotat�ria;Sim;5;0;3;0;2;0;3;2;-19,89051204;-44,64959297;SPRF-MG;DEL08-MG;UOP03-DEL08-MG;;;
661580;15/02/2025;s�bado;16:45:00;PR;158;532,8;PATO BRANCO;Convers�o proibida;Colis�o transversal;Com V�timas Feridas;Pleno dia;Decrescente;C�u Claro;Simples;Interse��o de Vias;Sim;4;0;1;0;1;2;1;3;-26,21772884;-52,68122435;SPRF-PR;DEL02-PR;UOP01-DEL02-PR;;;
661581;15/02/2025;s�bado;17:27:00;PE;232;36,5;VITORIA DE SANTO ANTAO;Entrada inopinada do pedestre;Atropelamento de Pedestre;Sem V�timas;Anoitecer;Decrescente;C�u Claro;Dupla;Reta;N�o;2;0;0;0;1;1;0;2;-8,112188;-35,20614;SPRF-PE;DEL01-PE;UOP01-DEL01-PE;;;
661582;15/02/2025;s�bado;16:45:00;PR;373;259,3;PRUDENTOPOLIS;Aus�ncia de rea��o do condutor;Sa�da de leito carro��vel;Com V�timas Feridas;Pleno dia;Crescente;Nublado;Simples;Curva;N�o;3;0;0;2;1;0;2;1;-25,206547;-50,936092;SPRF-PR;DEL08-PR;UOP01-DEL08-PR;;;
661583;15/02/2025;s�bado;16:10:00;BA;349;933;CORRENTINA;Rea��o tardia ou ineficiente do condutor;Colis�o traseira;Com V�timas Feridas;Pleno dia;Decrescente;C�u Claro;Simples;Reta;Sim;6;0;6;0;0;0;6;2;-13,3635861;-44,6472901;SPRF-BA;DEL10-BA;UOP02-DEL10-BA;;;
661584;15/02/2025;s�bado;17:50:00;PA;230;119;MARABA;Aus�ncia de rea��o do condutor;Colis�o traseira;Sem V�timas;Anoitecer;Decrescente;C�u Claro;Simples;Reta;Sim;4;0;0;0;4;0;0;2;-5,350407;-49,105981;SPRF-PA;DEL03-PA;UOP01-DEL03-PA;;;
661586;15/02/2025;s�bado;17:15:00;MS;163;74;ITAQUIRAI;Rea��o tardia ou ineficiente do condutor;Sa�da de leito carro��vel;Com V�timas Feridas;Pleno dia;Crescente;C�u Claro;Simples;"Declive;Reta;Ponte";N�o;2;0;1;1;0;0;2;1;-23,50976209;-54,18919663;SPRF-MS;DEL09-MS;UOP02-DEL09-MS;;;
661587;15/02/2025;s�bado;18:00:00;PB;230;21;JOAO PESSOA;Aus�ncia de rea��o do condutor;Queda de ocupante de ve�culo;Com V�timas Feridas;Plena Noite;Crescente;C�u Claro;Dupla;Reta;Sim;1;0;1;0;0;0;1;1;-7,1415;-34,8519;SPRF-PB;DEL01-PB;UOP01-DEL01-PB;;;
661588;15/02/2025;s�bado;17:43:00;PR;277;63;SAO JOSE DOS PINHAIS;Avarias e/ou desgaste excessivo no pneu;Tombamento;Com V�timas Feridas;Pleno dia;Decrescente;Nublado;Dupla;Reta;N�o;2;0;2;0;0;0;2;1;-25,54985814;-49,04235008;SPRF-PR;DEL01-PR;UOP01-DEL01-PR;;;