id;data_inversa;dia_semana;horario;uf;br;km;municipio;causa_acidente;tipo_acidente;classificacao_acidente;fase_dia;sentido_via;condicao_metereologica;tipo_pista;tracado_via;uso_solo;pessoas;mortos;feridos_leves;feridos_graves;ilesos;ignorados;feridos;veiculos;latitude;longitude;regional;delegacia;uop;;;
661589;15/02/2025;s�bado;17:00:00;SC;282;68,5;RANCHO QUEIMADO;Velocidade Incompat�vel;Sa�da de leito carro��vel;Com V�timas Feridas;Pleno dia;Crescente;Chuva;Simples;"Curva;Declive";N�o;6;0;3;2;1;0;5;1;-27,692406;-49,075939;SPRF-SC;DEL01-SC;UOP03-DEL01-SC;;;
661590;15/02/2025;s�bado;18:03:00;MS;163;482;CAMPO GRANDE;Acessar a via sem observar a presen�a dos outros ve�culos;Colis�o lateral mesmo sentido;Com V�timas Feridas;Anoitecer;Crescente;C�u Claro;Simples;Viaduto;Sim;3;0;0;1;2;0;1;2;-20,46271123;-54,55411122;SPRF-MS;DEL01-MS;UOP02-DEL01-MS;;;
661591;15/02/2025;s�bado;18:35:00;AL;316;154,5;PALMEIRA DOS INDIOS;Ilumina��o deficiente;Atropelamento de Pedestre;Com V�timas Fatais;Plena Noite;Crescente;C�u Claro;Simples;Reta;Sim;3;1;0;0;2;0;0;2;-9,42516398;-36,63090706;SPRF-AL;DEL03-AL;UOP01-DEL03-AL;;;
661592;15/02/2025;s�bado;16:50:00;RJ;116;245;PIRAI;Velocidade Incompat�vel;Colis�o com objeto;Com V�timas Feridas;Pleno dia;Decrescente;C�u Claro;Dupla;Reta;N�o;2;0;2;0;0;0;2;1;-22,62040692;-43,92593694;SPRF-RJ;DEL07-RJ;UOP01-DEL07-RJ;;;
661594;15/02/2025;s�bado;13:00:00;RJ;101;228;SILVA JARDIM;Rea��o tardia ou ineficiente do condutor;Queda de ocupante de ve�culo;Com V�timas Feridas;Pleno dia;Crescente;Sol;Dupla;Reta;N�o;2;0;1;0;1;0;1;1;-22,56241824;-42,35993577;SPRF-RJ;DEL02-RJ;UOP03-DEL02-RJ;;;
661596;15/02/2025;s�bado;19:00:00;DF;70;19;BRASILIA;Ingest�o de �lcool pelo condutor;Colis�o com objeto;Sem V�timas;Pleno dia;Crescente;C�u Claro;Dupla;Declive;N�o;1;0;0;0;1;0;0;1;-15,788868;-48,220242;SPRF-DF;DEL03-DF;UOP02-DEL03-DF;;;
661600;15/02/2025;s�bado;19:25:00;BA;110;173;RIBEIRA DO POMBAL;Acessar a via sem observar a presen�a dos outros ve�culos;Colis�o traseira;Com V�timas Feridas;Plena Noite;Decrescente;C�u Claro;Simples;"Aclive;Reta";Sim;3;0;2;0;1;0;2;2;-10,86944598;-38,52734387;SPRF-BA;DEL07-BA;UOP02-DEL07-BA;;;
661601;15/02/2025;s�bado;18:30:00;PE;428;185,5;PETROLINA;Condutor deixou de manter dist�ncia do ve�culo da frente;Colis�o lateral mesmo sentido;Sem V�timas;Plena Noite;Crescente;C�u Claro;Dupla;Retorno Regulamentado;Sim;2;0;0;0;2;0;0;2;-9,35676341;-40,47884703;SPRF-PE;DEL06-PE;UOP01-DEL06-PE;;;
661602;15/02/2025;s�bado;19:40:00;PR;277;645;CEU AZUL;Transitar na contram�o;Colis�o transversal;Com V�timas Feridas;Plena Noite;Decrescente;C�u Claro;Simples;Reta;N�o;2;0;0;1;1;0;1;2;-25,17361152;-53,89754176;SPRF-PR;DEL05-PR;UOP02-DEL05-PR;;;
661603;15/02/2025;s�bado;19:30:00;SC;101;315,1;LAGUNA;Acessar a via sem observar a presen�a dos outros ve�culos;Colis�o frontal;Com V�timas Feridas;Plena Noite;Decrescente;Chuva;Dupla;Interse��o de Vias;Sim;3;0;1;0;2;0;1;2;-28,43552413;-48,8343121;SPRF-SC;DEL02-SC;UOP01-DEL02-SC;;;
661604;15/02/2025;s�bado;12:00:00;PR;163;283;MARECHAL CANDIDO RONDON;Condutor Dormindo;Sa�da de leito carro��vel;Com V�timas Feridas;Pleno dia;Decrescente;C�u Claro;Simples;"Reta;Interse��o de Vias;Rotat�ria";Sim;1;0;1;0;0;0;1;1;-24,57864514;-53,99236214;SPRF-PR;DEL06-PR;UOP02-DEL06-PR;;;
661605;15/02/2025;s�bado;19:55:00;SC;282;207,6;LAGES;Rea��o tardia ou ineficiente do condutor;Sa�da de leito carro��vel;Com V�timas Feridas;Plena Noite;Decrescente;Chuva;Simples;"Reta;Declive";Sim;1;0;1;0;0;0;1;1;-27,773464;-50,202095;SPRF-SC;DEL05-SC;UOP01-DEL05-SC;;;
661606;15/02/2025;s�bado;19:30:00;RS;290;67,8;GRAVATAI;Rea��o tardia ou ineficiente do condutor;Sa�da de leito carro��vel;Sem V�timas;Plena Noite;Crescente;Chuva;Simples;"Curva;Declive";Sim;1;0;0;0;0;1;0;1;-29,94256;-50,925896;SPRF-RS;DEL03-RS;UOP01-DEL03-RS;;;
661609;15/02/2025;s�bado;16:10:00;MG;381;572;ITAGUARA;Aus�ncia de rea��o do condutor;Sa�da de leito carro��vel;Com V�timas Feridas;Pleno dia;Crescente;C�u Claro;Dupla;"Curva;Declive";N�o;2;0;1;0;1;0;1;1;-20,42891304;-44,54835892;SPRF-MG;DEL04-MG;UOP03-DEL04-MG;;;
661610;15/02/2025;s�bado;19:30:00;SC;116;10,9;MAFRA;Ingest�o de �lcool pelo condutor;Sa�da de leito carro��vel;Com V�timas Feridas;Plena Noite;Decrescente;Garoa/Chuvisco;Simples;"Curva;Declive";N�o;1;0;1;0;0;0;1;1;-26,17794162;-49,85986233;SPRF-SC;DEL06-SC;UOP01-DEL06-SC;;;
661611;15/02/2025;s�bado;18:00:00;RS;290;638;URUGUAIANA;Condutor deixou de manter dist�ncia do ve�culo da frente;Tombamento;Com V�timas Feridas;Anoitecer;Crescente;Chuva;Simples;Reta;N�o;2;0;1;0;0;1;1;2;-30,017042;-56,299175;SPRF-RS;DEL13-RS;UOP02-DEL13-RS;;;
661612;15/02/2025;s�bado;19:00:00;MG;116;524,9;CARATINGA;Transitar no Acostamento;Atropelamento de Pedestre;Com V�timas Feridas;Plena Noite;Decrescente;C�u Claro;Simples;"Reta;Interse��o de Vias";Sim;2;0;0;1;0;1;1;2;-19,76027352;-42,13398823;SPRF-MG;DEL06-MG;UOP02-DEL06-MG;;;
661613;15/02/2025;s�bado;18:30:00;MG;50;17,5;UBERLANDIA;Avarias e/ou desgaste excessivo no pneu;Tombamento;Com V�timas Feridas;Plena Noite;Crescente;C�u Claro;Dupla;Reta;Sim;1;0;1;0;0;0;1;1;-18,9113;-48,2622;SPRF-MG;DEL15-MG;UOP01-DEL15-MG;;;
661614;15/02/2025;s�bado;20:20:00;RS;290;39,4;SANTO ANTONIO DA PATRULHA;Ingest�o de �lcool pelo condutor;Sa�da de leito carro��vel;Com V�timas Feridas;Plena Noite;Decrescente;Nublado;Dupla;Reta;N�o;2;0;1;0;1;0;1;2;-29,886437;-50,652989;SPRF-RS;DEL03-RS;UOP01-DEL03-RS;;;
661615;15/02/2025;s�bado;16:10:00;RS;285;146;MUITOS CAPOES;Aus�ncia de rea��o do condutor;Tombamento;Com V�timas Feridas;Pleno dia;Crescente;Nublado;Simples;Curva;N�o;1;0;1;0;0;0;1;1;-28,357988;-51,106682;SPRF-RS;DEL05-RS;UOP03-DEL05-RS;;;
661618;15/02/2025;s�bado;18:00:00;GO;60;326;ACREUNA;Ingest�o de �lcool pelo condutor;Queda de ocupante de ve�culo;Com V�timas Feridas;Anoitecer;Crescente;C�u Claro;Dupla;Reta;N�o;1;0;1;0;0;0;1;1;-17,5268;-50,4943;SPRF-GO;DEL04-GO;UOP02-DEL04-GO;;;
661619;15/02/2025;s�bado;17:40:00;BA;330;804;JEQUIE;Ingest�o de �lcool pelo condutor;Sa�da de leito carro��vel;Com V�timas Feridas;Anoitecer;Decrescente;C�u Claro;Simples;Curva;N�o;2;0;1;1;0;0;2;1;-13,9747696;-39,95416081;SPRF-BA;DEL03-BA;UOP01-DEL03-BA;;;
661620;15/02/2025;s�bado;17:24:00;MT;364;582,4;DIAMANTINO;Acumulo de �gua sobre o pavimento;Sa�da de leito carro��vel;Sem V�timas;Anoitecer;Decrescente;Chuva;Dupla;Reta;N�o;1;0;0;0;1;0;0;1;-14,64330661;-56,28131833;SPRF-MT;DEL01-MT;UOP01-DEL01-MT;;;
661621;15/02/2025;s�bado;20:50:00;SC;101;323;CAPIVARI DE BAIXO;Demais falhas mec�nicas ou el�tricas;Inc�ndio;Sem V�timas;Pleno dia;Crescente;Chuva;M�ltipla;"Curva;Declive";N�o;3;0;0;0;3;0;0;1;-28,42789556;-48,91248313;SPRF-SC;DEL02-SC;UOP01-DEL02-SC;;;
661622;15/02/2025;s�bado;20:00:00;PB;361;78;PIANCO;Transitar na contram�o;Colis�o frontal;Com V�timas Fatais;Plena Noite;Crescente;C�u Claro;Simples;Reta;N�o;2;2;0;0;0;0;0;2;-7,18552414;-37,877191;SPRF-PB;DEL03-PB;UOP01-DEL03-PB;;;
661623;15/02/2025;s�bado;20:30:00;RJ;116;69,1;TERESOPOLIS;Velocidade Incompat�vel;Colis�o lateral sentido oposto;Com V�timas Feridas;Plena Noite;Crescente;C�u Claro;Simples;Curva;Sim;2;0;1;0;0;1;1;2;-22,31064086;-42,93779076;SPRF-RJ;DEL04-RJ;UOP01-DEL04-RJ;;;
661624;15/02/2025;s�bado;20:30:00;SC;282;508,3;XANXERE;Ingest�o de �lcool pelo condutor;Colis�o frontal;Sem V�timas;Plena Noite;Decrescente;Nublado;Simples;Reta;N�o;2;0;0;0;2;0;0;2;-26,887014;-52,448372;SPRF-SC;DEL07-SC;UOP01-DEL07-SC;;;
661625;15/02/2025;s�bado;11:00:00;RJ;101;299;ITABORAI;Acumulo de �leo sobre o pavimento;Tombamento;Com V�timas Feridas;Pleno dia;Decrescente;C�u Claro;Dupla;Reta;Sim;2;0;2;0;0;0;2;1;-22,77432673;-42,93823207;SPRF-RJ;DEL02-RJ;UOP02-DEL02-RJ;;;
661626;15/02/2025;s�bado;21:00:00;PR;369;150,2;LONDRINA;Velocidade Incompat�vel;Colis�o traseira;Com V�timas Feridas;Plena Noite;Decrescente;C�u Claro;Dupla;Reta;Sim;3;0;2;0;1;0;2;3;-23,29289452;-51,16322279;SPRF-PR;DEL07-PR;UOP01-DEL07-PR;;;
661629;15/02/2025;s�bado;20:00:00;PR;277;546,9;CATANDUVAS;Rea��o tardia ou ineficiente do condutor;Sa�da de leito carro��vel;Sem V�timas;Plena Noite;Decrescente;C�u Claro;Simples;Curva;N�o;2;0;0;0;2;0;0;2;-25,10286816;-53,09055797;SPRF-PR;DEL04-PR;UOP04-DEL04-PR;;;
661630;15/02/2025;s�bado;22:00:00;SC;101;45,8;JOINVILLE;Demais falhas mec�nicas ou el�tricas;Queda de ocupante de ve�culo;Com V�timas Feridas;Plena Noite;Crescente;Chuva;Dupla;Curva;N�o;1;0;0;1;0;0;1;1;-26,36015027;-48,85893703;SPRF-SC;DEL03-SC;UOP01-DEL03-SC;;;
661631;15/02/2025;s�bado;22:00:00;SC;280;68;JARAGUA DO SUL;Ingest�o de �lcool pelo condutor;Colis�o frontal;Com V�timas Feridas;Plena Noite;Crescente;Nublado;Simples;Reta;Sim;4;0;1;2;0;1;3;3;-26,47277719;-49,11098612;SPRF-SC;DEL03-SC;UOP03-DEL03-SC;;;
661632;15/02/2025;s�bado;21:30:00;SC;101;343,9;TUBARAO;Aus�ncia de rea��o do condutor;Sa�da de leito carro��vel;Com V�timas Feridas;Plena Noite;Crescente;Chuva;Dupla;Reta;N�o;2;0;1;0;1;0;1;1;-28,52765702;-49,05615309;SPRF-SC;DEL02-SC;UOP01-DEL02-SC;;;
661633;15/02/2025;s�bado;21:30:00;MA;222;671;ACAILANDIA;Desrespeitar a prefer�ncia no cruzamento;Colis�o frontal;Com V�timas Feridas;Plena Noite;Decrescente;Garoa/Chuvisco;Simples;Interse��o de Vias;Sim;2;0;0;1;1;0;1;2;-4,94221365;-47,46757865;SPRF-MA;DEL04-MA;UOP03-DEL04-MA;;;
661634;15/02/2025;s�bado;19:30:00;BA;415;30;ILHEUS;Ingest�o de �lcool pelo condutor;Colis�o lateral sentido oposto;Sem V�timas;Plena Noite;Crescente;Nublado;Dupla;Curva;N�o;2;0;0;0;2;0;0;2;-14,794933;-39,20884;SPRF-BA;DEL05-BA;UOP01-DEL05-BA;;;
661635;15/02/2025;s�bado;21:30:00;SC;101;215;PALHOCA;Chuva;Colis�o com objeto;Com V�timas Feridas;Plena Noite;Decrescente;Chuva;M�ltipla;"Interse��o de Vias;Viaduto;Reta";Sim;1;0;1;0;0;0;1;1;-27,65184843;-48,67604941;SPRF-SC;DEL01-SC;UOP02-DEL01-SC;;;
661637;15/02/2025;s�bado;21:50:00;SC;470;34;GASPAR;Aus�ncia de rea��o do condutor;Colis�o traseira;Sem V�timas;Plena Noite;Crescente;Garoa/Chuvisco;Dupla;Reta;N�o;3;0;0;0;2;1;0;2;-26,910646;-48,949341;SPRF-SC;DEL04-SC;UOP01-DEL04-SC;;;
661638;15/02/2025;s�bado;20:30:00;SP;101;1;UBATUBA;Avarias e/ou desgaste excessivo no pneu;Queda de ocupante de ve�culo;Com V�timas Feridas;Plena Noite;Crescente;C�u Claro;M�ltipla;Reta;N�o;2;0;2;0;0;0;2;1;-23,35394442;-44,76558482;SPRF-SP;DEL06-SP;UOP01-DEL06-SP;;;
661639;15/02/2025;s�bado;20:00:00;RJ;493;66;NOVA IGUACU;Demais falhas mec�nicas ou el�tricas;Inc�ndio;Sem V�timas;Plena Noite;Crescente;C�u Claro;Dupla;Reta;N�o;1;0;0;0;1;0;0;1;-22,68490495;-43,44790649;SPRF-RJ;DEL01-RJ;UOP03-DEL01-RJ;;;
661640;15/02/2025;s�bado;22:30:00;RJ;101;59,8;CAMPOS DOS GOYTACAZES;Acessar a via sem observar a presen�a dos outros ve�culos;Colis�o transversal;Com V�timas Feridas;Plena Noite;Crescente;C�u Claro;Simples;Reta;Sim;3;0;2;1;0;0;3;2;-21,719395;-41,313134;SPRF-RJ;DEL08-RJ;UOP01-DEL08-RJ;;;
661641;15/02/2025;s�bado;22:20:00;RS;470;179;VERANOPOLIS;Acesso irregular;Colis�o transversal;Com V�timas Feridas;Plena Noite;Crescente;Nublado;Simples;"Declive;Reta";Sim;6;0;3;0;1;2;3;2;-28,95042595;-51,55689413;SPRF-RS;DEL06-RS;UOP02-DEL06-RS;;;
661642;15/02/2025;s�bado;22:06:00;RO;364;197;PIMENTA BUENO;Condutor deixou de manter dist�ncia do ve�culo da frente;Colis�o traseira;Sem V�timas;Plena Noite;Crescente;C�u Claro;Simples;Reta;Sim;2;0;0;0;1;1;0;2;-11,67880278;-61,1878925;SPRF-RO;DEL02-RO;UOP02-DEL02-RO;;;
661643;15/02/2025;s�bado;23:00:00;BA;116;421;FEIRA DE SANTANA;Rea��o tardia ou ineficiente do condutor;Colis�o traseira;Com V�timas Feridas;Plena Noite;Decrescente;C�u Claro;Dupla;"Reta;Viaduto";Sim;4;0;2;0;2;0;2;2;-12,211936;-38,96567;SPRF-BA;DEL02-BA;UOP01-DEL02-BA;;;
661645;15/02/2025;s�bado;23:00:00;RS;116;241;NOVO HAMBURGO;Velocidade Incompat�vel;Capotamento;Sem V�timas;Plena Noite;Decrescente;C�u Claro;Dupla;Reta;Sim;1;0;0;0;0;1;0;1;-29,71396796;-51,1476744;SPRF-RS;DEL01-RS;UOP02-DEL01-RS;;;
661646;15/02/2025;s�bado;23:10:00;BA;116;319;ARACI;Ingest�o de �lcool pelo condutor;Colis�o transversal;Com V�timas Feridas;Plena Noite;Decrescente;C�u Claro;Simples;Reta;Sim;2;0;0;1;0;1;1;2;-11,32295708;-38,94963686;SPRF-BA;DEL02-BA;UOP01-DEL02-BA;;;
661648;15/02/2025;s�bado;21:50:00;MS;262;238;RIBAS DO RIO PARDO;Aus�ncia de rea��o do condutor;Colis�o traseira;Com V�timas Feridas;Plena Noite;Crescente;Ignorado;Simples;Reta;Sim;2;0;1;0;1;0;1;2;-20,4560229;-53,74643001;SPRF-MS;DEL01-MS;UOP05-DEL01-MS;;;
661649;16/02/2025;domingo;00:05:00;ES;101;164,5;LINHARES;Transitar na contram�o;Colis�o frontal;Com V�timas Fatais;Plena Noite;Crescente;C�u Claro;Simples;Reta;N�o;2;1;0;0;0;1;0;2;-19,50607582;-40,13470026;SPRF-ES;DEL04-ES;UOP01-DEL04-ES;;;
661651;15/02/2025;s�bado;22:15:00;PR;163;213;CASCAVEL;Ingest�o de �lcool pelo condutor;Sa�da de leito carro��vel;Com V�timas Feridas;Plena Noite;Crescente;C�u Claro;Dupla;"Declive;Reta";N�o;4;0;4;0;0;0;4;1;-24,91678506;-53,53591753;SPRF-PR;DEL04-PR;UOP01-DEL04-PR;;;
661652;15/02/2025;s�bado;23:15:00;RJ;465;10;SEROPEDICA;Aus�ncia de rea��o do condutor;Sa�da de leito carro��vel;Com V�timas Feridas;Plena Noite;Decrescente;C�u Claro;Simples;"Aclive;Reta";N�o;2;0;1;0;1;0;1;1;-22,777218;-43,663025;SPRF-RJ;DEL06-RJ;UOP02-DEL06-RJ;;;
661653;16/02/2025;domingo;00:50:00;RS;116;253;SAPUCAIA DO SUL;Aus�ncia de rea��o do condutor;Colis�o com objeto;Sem V�timas;Plena Noite;Decrescente;C�u Claro;M�ltipla;"Aclive;Reta;Viaduto";Sim;1;0;0;0;1;0;0;1;-29,81784209;-51,16996166;SPRF-RS;DEL01-RS;UOP02-DEL01-RS;;;
661654;16/02/2025;domingo;01:10:00;RJ;101;310;SAO GONCALO;Entrada inopinada do pedestre;Atropelamento de Pedestre;Com V�timas Feridas;Plena Noite;Decrescente;C�u Claro;Dupla;Reta;Sim;2;0;2;0;0;0;2;2;-22,79717023;-43,04404993;SPRF-RJ;DEL02-RJ;UOP02-DEL02-RJ;;;
661655;16/02/2025;domingo;00:03:00;MT;163;749;SORRISO;Rea��o tardia ou ineficiente do condutor;Queda de ocupante de ve�culo;Com V�timas Feridas;Plena Noite;Crescente;C�u Claro;Dupla;Curva;Sim;1;0;0;1;0;0;1;1;-12,68056718;-55,79601858;SPRF-MT;DEL06-MT;UOP01-DEL06-MT;;;
661656;16/02/2025;domingo;01:00:00;SP;116;136,6;SAO JOSE DOS CAMPOS;Ingest�o de �lcool pelo condutor;Colis�o com objeto;Sem V�timas;Plena Noite;Crescente;Nublado;Dupla;"Curva;Interse��o de Vias;Retorno Regulamentado";N�o;2;0;0;0;2;0;0;1;-23,14874471;-45,77863714;SPRF-SP;DEL02-SP;UOP01-DEL02-SP;;;
661658;16/02/2025;domingo;00:20:00;RJ;101;54;CAMPOS DOS GOYTACAZES;Trafegar com motocicleta (ou similar) entre as faixas;Queda de ocupante de ve�culo;Com V�timas Fatais;Plena Noite;Crescente;C�u Claro;Simples;Reta;Sim;1;1;0;0;0;0;0;1;-21,67110839;-41,3111043;SPRF-RJ;DEL08-RJ;UOP01-DEL08-RJ;;;
661659;16/02/2025;domingo;00:55:00;MS;262;399,9;TERENOS;Condutor Dormindo;Colis�o lateral sentido oposto;Com V�timas Feridas;Plena Noite;Decrescente;C�u Claro;Simples;Reta;N�o;3;0;1;2;0;0;3;2;-20,420148;-55,01981;SPRF-MS;DEL01-MS;UOP03-DEL01-MS;;;
661660;16/02/2025;domingo;01:37:00;RS;116;253;SAPUCAIA DO SUL;Condutor deixou de manter dist�ncia do ve�culo da frente;Colis�o traseira;Sem V�timas;Plena Noite;Decrescente;C�u Claro;Dupla;Aclive;Sim;4;0;0;0;4;0;0;2;-29,81784209;-51,16996166;SPRF-RS;DEL01-RS;UOP02-DEL01-RS;;;
661661;15/02/2025;s�bado;23:40:00;MG;381;632;OLIVEIRA;Condutor Dormindo;Sa�da de leito carro��vel;Com V�timas Feridas;Plena Noite;Crescente;C�u Claro;Dupla;Reta;N�o;1;0;1;0;0;0;1;1;-20,86147692;-44,84048107;SPRF-MG;DEL04-MG;UOP01-DEL04-MG;;;
661663;16/02/2025;domingo;02:50:00;RS;386;339,9;LAJEADO;Ingest�o de �lcool pelo condutor;Sa�da de leito carro��vel;Sem V�timas;Plena Noite;Decrescente;C�u Claro;Simples;Viaduto;Sim;1;0;0;0;1;0;0;1;-29,410208;-52,029076;SPRF-RS;DEL04-RS;UOP01-DEL04-RS;;;
661664;16/02/2025;domingo;03:00:00;ES;101;371,2;ANCHIETA;Condutor Dormindo;Sa�da de leito carro��vel;Com V�timas Feridas;Plena Noite;Crescente;C�u Claro;Simples;Reta;N�o;1;0;1;0;0;0;1;1;-20,77035735;-40,76847015;SPRF-ES;DEL03-ES;UOP01-DEL03-ES;;;
661667;16/02/2025;domingo;03:30:00;SC;101;191,1;BIGUACU;Rea��o tardia ou ineficiente do condutor;Colis�o com objeto;Sem V�timas;Plena Noite;Crescente;Nublado;Dupla;Curva;N�o;2;0;0;0;2;0;0;1;-27,47730273;-48,64127329;SPRF-SC;DEL01-SC;UOP01-DEL01-SC;;;
661668;16/02/2025;domingo;02:20:00;GO;414;390;CORUMBA DE GOIAS;Ingest�o de �lcool pelo condutor;Sa�da de leito carro��vel;Sem V�timas;Plena Noite;Crescente;C�u Claro;Simples;"Curva;Aclive";N�o;2;0;0;0;2;0;0;1;-15,90032526;-48,79793065;SPRF-GO;DEL02-GO;UOP01-DEL02-GO;;;
661669;16/02/2025;domingo;02:10:00;RS;285;217,6;CASEIROS;Rea��o tardia ou ineficiente do condutor;Sa�da de leito carro��vel;Com V�timas Feridas;Plena Noite;Decrescente;C�u Claro;Dupla;Interse��o de Vias;Sim;1;0;1;0;0;0;1;1;-28,273781;-51,681526;SPRF-RS;DEL08-RS;UOP05-DEL08-RS;;;
661671;16/02/2025;domingo;01:00:00;MA;226;22,8;TIMON;Aus�ncia de rea��o do condutor;Sa�da de leito carro��vel;Com V�timas Feridas;Plena Noite;Crescente;C�u Claro;Simples;Curva;N�o;2;0;1;0;0;1;1;2;-5,1311846;-42,815704;SPRF-MA;DEL03-MA;UOP02-DEL03-MA;;;
661672;16/02/2025;domingo;04:10:00;MG;381;894,1;CAMBUI;Velocidade Incompat�vel;Colis�o com objeto;Com V�timas Fatais;Plena Noite;Crescente;C�u Claro;Dupla;Curva;N�o;2;1;0;0;0;1;0;1;-22,57631036;-46,04308118;SPRF-MG;DEL16-MG;UOP01-DEL16-MG;;;
661673;16/02/2025;domingo;04:00:00;PR;476;120;COLOMBO;Transitar na contram�o;Colis�o lateral sentido oposto;Com V�timas Feridas;Plena Noite;Decrescente;C�u Claro;M�ltipla;Reta;Sim;2;0;1;0;0;1;1;2;-25,37191;-49,19146;SPRF-PR;DEL01-PR;UOP01-DEL01-PR;;;
661674;16/02/2025;domingo;02:15:00;PR;153;21,9;JACAREZINHO;Ingest�o de �lcool pelo condutor;Sa�da de leito carro��vel;Com V�timas Fatais;Plena Noite;Decrescente;C�u Claro;Simples;Curva;N�o;4;1;1;2;0;0;3;2;-23,16713207;-49,96067665;SPRF-PR;DEL07-PR;UOP04-DEL07-PR;;;
661676;16/02/2025;domingo;04:45:00;PR;376;157,3;MANDAGUACU;Aus�ncia de rea��o do condutor;Colis�o com objeto;Com V�timas Feridas;Amanhecer;Decrescente;C�u Claro;Dupla;Curva;Sim;3;0;3;0;0;0;3;1;-23,35251601;-52,09127007;SPRF-PR;DEL09-PR;UOP02-DEL09-PR;;;
661677;16/02/2025;domingo;02:50:00;PI;343;214;CAPITAO DE CAMPOS;Manobra de mudan�a de faixa;Colis�o lateral mesmo sentido;Com V�timas Feridas;Amanhecer;Crescente;Nublado;Dupla;Reta;Sim;3;0;2;0;1;0;2;2;-4,462317;-41,943611;SPRF-PI;DEL02-PI;UOP01-DEL02-PI;;;
661678;16/02/2025;domingo;03:30:00;MG;40;679,8;RESSAQUINHA;Condutor Dormindo;Sa�da de leito carro��vel;Com V�timas Feridas;Plena Noite;Crescente;C�u Claro;Dupla;Curva;N�o;1;0;1;0;0;0;1;1;-21,03303867;-43,7767048;SPRF-MG;DEL05-MG;UOP02-DEL05-MG;;;
661680;16/02/2025;domingo;05:56:00;DF;70;3,2;BRASILIA;Rea��o tardia ou ineficiente do condutor;Sa�da de leito carro��vel;Com V�timas Feridas;Pleno dia;Decrescente;Nevoeiro/Neblina;Dupla;Curva;N�o;1;0;1;0;0;0;1;1;-15,802453;-48,080387;SPRF-DF;DEL03-DF;UOP02-DEL03-DF;;;
661681;16/02/2025;domingo;05:20:00;PR;272;373,6;CAMPO MOURAO;Transitar na contram�o;Colis�o frontal;Com V�timas Feridas;Amanhecer;Decrescente;C�u Claro;Simples;"Reta;Declive";N�o;5;0;4;0;1;0;4;2;-24,06597961;-52,46100426;SPRF-PR;DEL09-PR;UOP03-DEL09-PR;;;
661683;16/02/2025;domingo;06:05:00;BA;110;154;RIBEIRA DO POMBAL;Ingest�o de �lcool pelo condutor;Colis�o traseira;Com V�timas Fatais;Amanhecer;Crescente;C�u Claro;Simples;"Aclive;Reta";N�o;2;1;0;0;0;1;0;2;-10,71682605;-38,47177696;SPRF-BA;DEL07-BA;UOP02-DEL07-BA;;;
661684;16/02/2025;domingo;06:40:00;DF;20;12;BRASILIA;Condutor Dormindo;Sa�da de leito carro��vel;Sem V�timas;Pleno dia;Crescente;C�u Claro;Dupla;Reta;Sim;1;0;0;0;1;0;0;1;-15,642812;-47,757786;SPRF-DF;DEL02-DF;UOP01-DEL02-DF;;;
661685;16/02/2025;domingo;04:30:00;RR;432;190;CANTA;Manobra de mudan�a de faixa;Colis�o frontal;Com V�timas Feridas;Amanhecer;Crescente;C�u Claro;Simples;Curva;N�o;3;0;1;1;1;0;2;2;2,60265192;-60,60195895;SPRF-RR;DEL01-RR;UOP01-DEL01-RR;;;
661686;16/02/2025;domingo;00:30:00;SC;470;92,7;APIUNA;Ingest�o de �lcool pelo condutor;Sa�da de leito carro��vel;Com V�timas Fatais;Plena Noite;Crescente;Chuva;Simples;Curva;N�o;1;1;0;0;0;0;0;1;-26,9944029;-49,3759282;SPRF-SC;DEL04-SC;UOP01-DEL04-SC;;;
661687;16/02/2025;domingo;05:20:00;MT;364;277;JACIARA;Aus�ncia de rea��o do condutor;Colis�o com objeto;Com V�timas Feridas;Amanhecer;Crescente;Garoa/Chuvisco;Dupla;Curva;N�o;1;0;0;1;0;0;1;1;-15,95076591;-54,99952397;SPRF-MT;DEL05-MT;UOP02-DEL05-MT;;;
661688;16/02/2025;domingo;06:30:00;RO;364;199,7;PIMENTA BUENO;Rea��o tardia ou ineficiente do condutor;Tombamento;Com V�timas Feridas;Amanhecer;Crescente;Nublado;Simples;"Reta;Interse��o de Vias";Sim;1;0;0;1;0;0;1;1;-11,655707;-61,192513;SPRF-RO;DEL02-RO;UOP02-DEL02-RO;;;
661689;16/02/2025;domingo;05:50:00;MT;364;483;JANGADA;Aus�ncia de rea��o do condutor;Sa�da de leito carro��vel;Sem V�timas;Amanhecer;Crescente;Chuva;Simples;Reta;N�o;1;0;0;0;1;0;0;1;-15,38140381;-56,39866762;SPRF-MT;DEL01-MT;UOP02-DEL01-MT;;;
661690;16/02/2025;domingo;04:00:00;ES;101;127;SOORETAMA;Rea��o tardia ou ineficiente do condutor;Tombamento;Com V�timas Feridas;Plena Noite;Decrescente;C�u Claro;Simples;Reta;Sim;1;0;1;0;0;0;1;1;-19,202898;-40,095524;SPRF-ES;DEL04-ES;UOP01-DEL04-ES;;;
661692;12/02/2025;quarta-feira;12:45:00;MG;381;482;BETIM;Aus�ncia de rea��o do condutor;Tombamento;Com V�timas Feridas;Pleno dia;Crescente;C�u Claro;Dupla;"Reta;Declive";Sim;2;0;2;0;0;0;2;1;-19,955532;-44,097209;SPRF-MG;DEL01-MG;UOP03-DEL01-MG;;;
661693;16/02/2025;domingo;07:37:00;SC;101;122;ITAJAI;Condutor deixou de manter dist�ncia do ve�culo da frente;Tombamento;Com V�timas Feridas;Pleno dia;Crescente;C�u Claro;Dupla;Reta;Sim;2;0;0;1;0;1;1;2;-26,92955916;-48,70499836;SPRF-SC;DEL04-SC;UOP04-DEL04-SC;;;