id;data_inversa;dia_semana;horario;uf;br;km;municipio;causa_acidente;tipo_acidente;classificacao_acidente;fase_dia;sentido_via;condicao_metereologica;tipo_pista;tracado_via;uso_solo;pessoas;mortos;feridos_leves;feridos_graves;ilesos;ignorados;feridos;veiculos;latitude;longitude;regional;delegacia;uop;;;
661694;16/02/2025;domingo;06:10:00;ES;101;19;PEDRO CANARIO;Rea��o tardia ou ineficiente do condutor;Queda de ocupante de ve�culo;Com V�timas Feridas;Pleno dia;Crescente;Sol;Simples;Reta;N�o;2;0;1;0;0;1;1;1;-18,31846928;-39,95435579;SPRF-ES;DEL04-ES;UOP02-DEL04-ES;;;
661695;16/02/2025;domingo;08:00:00;ES;101;282;CARIACICA;Rea��o tardia ou ineficiente do condutor;Colis�o lateral sentido oposto;Com V�timas Feridas;Pleno dia;Crescente;C�u Claro;Dupla;Retorno Regulamentado;Sim;2;0;1;0;0;1;1;2;-20,23066465;-40,36692012;SPRF-ES;DEL01-ES;UOP01-DEL01-ES;;;
661697;16/02/2025;domingo;06:40:00;MG;116;330,3;CAMPANARIO;Aus�ncia de rea��o do condutor;Colis�o traseira;Com V�timas Feridas;Pleno dia;Crescente;C�u Claro;Simples;Reta;Sim;3;0;2;0;1;0;2;2;-18,23813927;-41,72898363;SPRF-MG;DEL11-MG;UOP01-DEL11-MG;;;
661699;16/02/2025;domingo;07:39:00;ES;262;79;DOMINGOS MARTINS;Rea��o tardia ou ineficiente do condutor;Colis�o frontal;Com V�timas Fatais;Pleno dia;Crescente;C�u Claro;Simples;Curva;N�o;4;2;2;0;0;0;2;4;-20,4116634;-40,92642188;SPRF-ES;DEL01-ES;UOP02-DEL01-ES;;;
661700;16/02/2025;domingo;06:45:00;PA;308;161;CAPANEMA;Aus�ncia de rea��o do condutor;Colis�o frontal;Com V�timas Feridas;Pleno dia;Crescente;Nevoeiro/Neblina;Simples;Reta;N�o;3;0;0;2;1;0;2;3;-1,20786421;-47,09654994;SPRF-PA;DEL01-PA;UOP03-DEL01-PA;;;
661701;16/02/2025;domingo;07:30:00;AP;210;53;MACAPA;Avarias e/ou desgaste excessivo no pneu;Queda de ocupante de ve�culo;Com V�timas Feridas;Amanhecer;Decrescente;Nublado;Simples;Reta;N�o;2;0;1;0;1;0;1;1;0,44935505;-51,05778897;SPRF-AP;DEL01-AP;UOP01-DEL01-AP;;;
661703;16/02/2025;domingo;08:10:00;MG;381;494;BETIM;Aus�ncia de rea��o do condutor;Colis�o traseira;Com V�timas Feridas;Pleno dia;Crescente;C�u Claro;Dupla;"Reta;Declive";Sim;2;0;1;0;1;0;1;2;-19,985563;-44,20318;SPRF-MG;DEL01-MG;UOP03-DEL01-MG;;;
661705;16/02/2025;domingo;06:00:00;CE;222;2,8;FORTALEZA;Condutor desrespeitou a ilumina��o vermelha do sem�foro;Colis�o transversal;Com V�timas Fatais;Pleno dia;Crescente;C�u Claro;M�ltipla;Reta;Sim;3;1;0;1;1;0;1;2;-3,73911117;-38,58687498;SPRF-CE;DEL01-CE;UOP01-DEL01-CE;;;
661706;16/02/2025;domingo;08:20:00;MG;262;378;JUATUBA;Aus�ncia de rea��o do condutor;Tombamento;Com V�timas Feridas;Pleno dia;Crescente;C�u Claro;Dupla;Curva;N�o;1;0;0;1;0;0;1;1;-19,95652262;-44,3648278;SPRF-MG;DEL01-MG;UOP03-DEL01-MG;;;
661707;16/02/2025;domingo;08:34:00;CE;222;2,8;FORTALEZA;Rea��o tardia ou ineficiente do condutor;Tombamento;Com V�timas Feridas;Pleno dia;Decrescente;C�u Claro;M�ltipla;"Interse��o de Vias;Reta";Sim;1;0;1;0;0;0;1;1;-3,73911117;-38,58687498;SPRF-CE;DEL01-CE;UOP01-DEL01-CE;;;
661708;16/02/2025;domingo;07:40:00;RJ;40;107;DUQUE DE CAXIAS;Avarias e/ou desgaste excessivo no pneu;Tombamento;Com V�timas Feridas;Pleno dia;Decrescente;C�u Claro;Dupla;Reta;Sim;2;0;2;0;0;0;2;1;-22,65581497;-43,28378546;SPRF-RJ;DEL01-RJ;UOP02-DEL01-RJ;;;
661710;16/02/2025;domingo;05:50:00;MT;158;678;NOVA XAVANTINA;Aus�ncia de rea��o do condutor;Colis�o traseira;Com V�timas Feridas;Amanhecer;Crescente;C�u Claro;Simples;Reta;N�o;2;0;0;1;1;0;1;2;-14,87079792;-52,28852877;SPRF-MT;DEL07-MT;UOP01-DEL07-MT;;;
661712;16/02/2025;domingo;08:30:00;PA;230;118;MARABA;Condutor desrespeitou a ilumina��o vermelha do sem�foro;Colis�o transversal;Com V�timas Feridas;Pleno dia;Crescente;C�u Claro;Dupla;"Reta;Interse��o de Vias";Sim;2;0;1;0;1;0;1;2;-5,35193706;-49,09794103;SPRF-PA;DEL03-PA;UOP01-DEL03-PA;;;
661713;16/02/2025;domingo;07:00:00;RJ;101;387;RIO DE JANEIRO;Rea��o tardia ou ineficiente do condutor;Sa�da de leito carro��vel;Sem V�timas;Amanhecer;Crescente;C�u Claro;Dupla;Reta;N�o;2;0;0;0;2;0;0;2;-22,88537839;-43,64965688;SPRF-RJ;DEL03-RJ;UOP01-DEL03-RJ;;;
661716;16/02/2025;domingo;09:30:00;MG;262;379;JUATUBA;Aus�ncia de rea��o do condutor;Tombamento;Com V�timas Feridas;Pleno dia;Crescente;C�u Claro;Dupla;Curva;N�o;1;0;1;0;0;0;1;1;-19,95241506;-44,37342001;SPRF-MG;DEL01-MG;UOP03-DEL01-MG;;;
661717;16/02/2025;domingo;09:20:00;SC;101;123;ITAJAI;Rea��o tardia ou ineficiente do condutor;Queda de ocupante de ve�culo;Com V�timas Feridas;Pleno dia;Crescente;C�u Claro;Simples;Interse��o de Vias;Sim;2;0;2;0;0;0;2;1;-26,93668609;-48,69876905;SPRF-SC;DEL04-SC;UOP04-DEL04-SC;;;
661718;16/02/2025;domingo;06:30:00;RJ;465;7;SEROPEDICA;Aus�ncia de rea��o do condutor;Queda de ocupante de ve�culo;Com V�timas Feridas;Pleno dia;Crescente;C�u Claro;Dupla;Reta;N�o;1;0;0;1;0;0;1;1;-22,761377;-43,686352;SPRF-RJ;DEL06-RJ;UOP02-DEL06-RJ;;;
661719;16/02/2025;domingo;10:20:00;RS;116;192,8;PICADA CAFE;Convers�o proibida;Colis�o transversal;Com V�timas Feridas;Pleno dia;Crescente;C�u Claro;Simples;Reta;N�o;2;0;0;1;1;0;1;2;-29,43865204;-51,13538892;SPRF-RS;DEL05-RS;UOP02-DEL05-RS;;;
661720;16/02/2025;domingo;10:00:00;PR;277;81;CURITIBA;Trafegar com motocicleta (ou similar) entre as faixas;Colis�o lateral mesmo sentido;Com V�timas Feridas;Pleno dia;Crescente;C�u Claro;Dupla;Reta;Sim;2;0;1;0;1;0;1;2;-25,568939;-49,181978;SPRF-PR;DEL01-PR;UOP03-DEL01-PR;;;
661721;16/02/2025;domingo;09:24:00;RN;304;116,4;ITAJA;Rea��o tardia ou ineficiente do condutor;Tombamento;Com V�timas Feridas;Pleno dia;Crescente;C�u Claro;Simples;Reta;N�o;1;0;0;1;0;0;1;1;-5,61789417;-36,88865608;SPRF-RN;DEL04-RN;UOP01-DEL04-RN;;;
661722;16/02/2025;domingo;09:20:00;AL;101;52;FLEXEIRAS;Acumulo de �gua sobre o pavimento;Colis�o com objeto;Com V�timas Feridas;Pleno dia;Crescente;Chuva;Dupla;Reta;N�o;3;0;1;0;2;0;1;1;-9,24928061;-35,75771436;SPRF-AL;DEL01-AL;UOP02-DEL01-AL;;;
661723;16/02/2025;domingo;09:30:00;SC;101;20;JOINVILLE;Condutor deixou de manter dist�ncia do ve�culo da frente;Colis�o lateral mesmo sentido;Com V�timas Feridas;Pleno dia;Crescente;C�u Claro;Dupla;"Aclive;Reta";N�o;2;0;1;0;1;0;1;2;-26,140675;-48,902995;SPRF-SC;DEL03-SC;UOP01-DEL03-SC;;;
661724;16/02/2025;domingo;09:10:00;BA;116;3,1;VITORIA DA CONQUISTA;Acessar a via sem observar a presen�a dos outros ve�culos;Colis�o transversal;Com V�timas Feridas;Pleno dia;Crescente;C�u Claro;Simples;Reta;N�o;2;0;1;0;1;0;1;2;-14,8248;-40,8618;SPRF-PE;DEL05-PE;UOP03-DEL05-PE;;;
661725;16/02/2025;domingo;09:45:00;PE;232;73,4;GRAVATA;Manobra de mudan�a de faixa;Colis�o lateral mesmo sentido;Com V�timas Feridas;Pleno dia;Decrescente;C�u Claro;Dupla;"Aclive;Reta";N�o;2;0;1;0;0;1;1;2;-8,19385;-35,515492;SPRF-PE;DEL02-PE;UOP02-DEL02PE;;;
661727;15/02/2025;s�bado;05:45:00;SC;282;117;ALFREDO WAGNER;Rea��o tardia ou ineficiente do condutor;Sa�da de leito carro��vel;Com V�timas Feridas;Amanhecer;Decrescente;Sol;Simples;Reta;N�o;1;0;0;1;0;0;1;1;-27,770338;-49,404785;SPRF-SC;DEL01-SC;UOP03-DEL01-SC;;;
661728;16/02/2025;domingo;10:40:00;PE;232;30;MORENO;Aus�ncia de rea��o do condutor;Colis�o traseira;Com V�timas Feridas;Pleno dia;Crescente;C�u Claro;Dupla;Reta;N�o;2;0;1;0;1;0;1;2;-8,11063325;-35,15197001;SPRF-PE;DEL01-PE;UOP01-DEL01-PE;;;
661729;16/02/2025;domingo;07:30:00;SP;381;86,4;SAO PAULO;Rea��o tardia ou ineficiente do condutor;Capotamento;Sem V�timas;Pleno dia;Decrescente;C�u Claro;M�ltipla;Reta;Sim;1;0;0;0;0;1;0;1;-23,45930499;-46,57161179;SPRF-SP;DEL03-SP;UOP01-DEL03-SP;;;
661730;16/02/2025;domingo;11:30:00;MG;381;579,5;CARMOPOLIS DE MINAS;Aus�ncia de rea��o do condutor;Tombamento;Com V�timas Feridas;Pleno dia;Decrescente;C�u Claro;Dupla;Reta;N�o;1;0;0;1;0;0;1;1;-20,49967704;-44,60847254;SPRF-MG;DEL04-MG;UOP01-DEL04-MG;;;
661731;16/02/2025;domingo;11:51:00;ES;262;22,9;VIANA;Velocidade Incompat�vel;Tombamento;Com V�timas Feridas;Pleno dia;Crescente;Sol;Simples;"Aclive;Curva";Sim;1;0;1;0;0;0;1;1;-20,37976169;-40,52199585;SPRF-ES;DEL01-ES;UOP01-DEL01-ES;;;
661732;16/02/2025;domingo;12:00:00;BA;116;669;JEQUIE;Velocidade Incompat�vel;Queda de ocupante de ve�culo;Com V�timas Feridas;Pleno dia;Decrescente;C�u Claro;Simples;Curva;Sim;1;0;1;0;0;0;1;1;-13,77543794;-40,10191324;SPRF-BA;DEL03-BA;UOP01-DEL03-BA;;;
661733;16/02/2025;domingo;12:30:00;ES;101;303,5;VIANA;Avarias e/ou desgaste excessivo no pneu;Sa�da de leito carro��vel;Com V�timas Feridas;Pleno dia;Decrescente;Sol;Dupla;Reta;Sim;3;0;1;0;2;0;1;1;-20,37695747;-40,44527144;SPRF-ES;DEL01-ES;UOP01-DEL01-ES;;;
661734;16/02/2025;domingo;12:38:00;RN;110;46,7;MOSSORO;Acessar a via sem observar a presen�a dos outros ve�culos;Colis�o transversal;Com V�timas Feridas;Pleno dia;Crescente;C�u Claro;Simples;Rotat�ria;Sim;3;0;2;0;1;0;2;2;-5,19797675;-37,31839819;SPRF-RN;DEL04-RN;UOP01-DEL04-RN;;;
661737;16/02/2025;domingo;01:30:00;PI;316;215,8;VALENCA DO PIAUI;Animais na Pista;Atropelamento de Animal;Sem V�timas;Plena Noite;Decrescente;C�u Claro;Simples;Reta;N�o;1;0;0;0;1;0;0;1;-6,42835121;-41,75117135;SPRF-PI;DEL04-PI;UOP02-DEL04-PI;;;
661739;16/02/2025;domingo;12:00:00;RJ;40;114,9;DUQUE DE CAXIAS;Demais falhas mec�nicas ou el�tricas;Queda de ocupante de ve�culo;Com V�timas Feridas;Pleno dia;Crescente;Sol;Dupla;Reta;N�o;2;0;2;0;0;0;2;1;-22,71853604;-43,28993324;SPRF-RJ;DEL01-RJ;UOP02-DEL01-RJ;;;
661740;16/02/2025;domingo;13:35:00;SC;101;184,2;BIGUACU;Condutor Dormindo;Sa�da de leito carro��vel;Com V�timas Feridas;Pleno dia;Crescente;C�u Claro;Dupla;Reta;N�o;2;0;0;1;1;0;1;1;-27,41613807;-48,6266443;SPRF-SC;DEL01-SC;UOP01-DEL01-SC;;;
661741;16/02/2025;domingo;13:47:00;RS;116;263;CANOAS;Rea��o tardia ou ineficiente do condutor;Colis�o transversal;Com V�timas Feridas;Pleno dia;Crescente;C�u Claro;Dupla;"Reta;Interse��o de Vias";Sim;3;0;1;0;2;0;1;2;-29,90545398;-51,17674031;SPRF-RS;DEL01-RS;UOP01-DEL01-RS;;;
661744;16/02/2025;domingo;12:25:00;ES;262;140;MUNIZ FREIRE;Acessar a via sem observar a presen�a dos outros ve�culos;Colis�o transversal;Com V�timas Feridas;Pleno dia;Crescente;C�u Claro;Simples;Reta;N�o;3;0;2;0;1;0;2;2;-20,2284777;-41,36813281;SPRF-ES;DEL01-ES;UOP02-DEL01-ES;;;
661746;16/02/2025;domingo;14:20:00;RS;290;60;GRAVATAI;Rea��o tardia ou ineficiente do condutor;Colis�o lateral mesmo sentido;Com V�timas Feridas;Pleno dia;Crescente;C�u Claro;M�ltipla;Reta;N�o;6;0;1;0;5;0;1;2;-29,924998;-50,85897;SPRF-RS;DEL03-RS;UOP01-DEL03-RS;;;
661747;16/02/2025;domingo;13:30:00;SP;116;169;JACAREI;Rea��o tardia ou ineficiente do condutor;Sa�da de leito carro��vel;Sem V�timas;Pleno dia;Crescente;C�u Claro;Simples;"Curva;Interse��o de Vias";N�o;1;0;0;0;0;1;0;1;-23,307652;-46,045128;SPRF-SP;DEL02-SP;UOP01-DEL02-SP;;;
661750;16/02/2025;domingo;14:15:00;ES;101;394,9;RIO NOVO DO SUL;Acessar a via sem observar a presen�a dos outros ve�culos;Colis�o transversal;Com V�timas Feridas;Pleno dia;Crescente;C�u Claro;Simples;Curva;Sim;3;0;1;0;2;0;1;2;-20,8660171;-40,93193114;SPRF-ES;DEL03-ES;UOP02-DEL03-ES;;;
661751;16/02/2025;domingo;13:42:00;BA;407;112,7;JAGUARARI;Trafegar com motocicleta (ou similar) entre as faixas;Colis�o lateral mesmo sentido;Com V�timas Feridas;Pleno dia;Decrescente;C�u Claro;Simples;Reta;N�o;3;0;2;1;0;0;3;2;-10,333475;-40,16767292;SPRF-BA;DEL04-BA;UOP01-DEL04-BA;;;
661752;16/02/2025;domingo;14:30:00;MG;262;442;NOVA SERRANA;Animais na Pista;Tombamento;Com V�timas Feridas;Pleno dia;Crescente;Sol;Dupla;Reta;Sim;1;0;0;1;0;0;1;1;-19,8806236;-44,91232265;SPRF-MG;DEL08-MG;UOP03-DEL08-MG;;;
661753;16/02/2025;domingo;14:45:00;RS;386;307;POUSO NOVO;Acumulo de �gua sobre o pavimento;Sa�da de leito carro��vel;Com V�timas Feridas;Pleno dia;Crescente;Nublado;Simples;Curva;N�o;6;0;2;0;4;0;2;2;-29,202335;-52,183838;SPRF-RS;DEL04-RS;UOP01-DEL04-RS;;;
661755;16/02/2025;domingo;13:00:00;CE;116;19,5;EUSEBIO;Acostamento em desn�vel;Queda de ocupante de ve�culo;Com V�timas Feridas;Pleno dia;Decrescente;C�u Claro;Dupla;Reta;Sim;2;0;2;0;0;0;2;1;-3,91384397;-38,50667231;SPRF-CE;DEL01-CE;UOP02-DEL01-CE;;;
661758;16/02/2025;domingo;15:30:00;PE;232;84,5;GRAVATA;Aus�ncia de rea��o do condutor;Colis�o traseira;Com V�timas Feridas;Pleno dia;Decrescente;Sol;Dupla;Reta;N�o;2;0;1;0;1;0;1;2;-8,2059894;-35,60359683;SPRF-PE;DEL02-PE;UOP02-DEL02PE;;;
661759;16/02/2025;domingo;14:58:00;MS;163;283,3;DOURADOS;Transitar no Acostamento;Colis�o com objeto;Com V�timas Feridas;Pleno dia;Crescente;C�u Claro;Simples;Reta;Sim;3;0;2;0;0;1;2;2;-22,12044992;-54,59725206;SPRF-MS;DEL04-MS;UOP01-DEL04-MS;;;
661760;16/02/2025;domingo;15:45:00;PR;153;464;UNIAO DA VITORIA;Acessar a via sem observar a presen�a dos outros ve�culos;Colis�o transversal;Com V�timas Feridas;Pleno dia;Crescente;C�u Claro;Simples;Interse��o de Vias;N�o;5;0;2;0;3;0;2;2;-26,25750246;-51,16779327;SPRF-PR;DEL02-PR;UOP03-DEL02-PR;;;
661761;16/02/2025;domingo;16:00:00;BA;116;421;FEIRA DE SANTANA;Ingest�o de �lcool pelo condutor;Colis�o traseira;Sem V�timas;Pleno dia;Decrescente;C�u Claro;Simples;Retorno Regulamentado;Sim;2;0;0;0;2;0;0;2;-12,23217252;-38,97109151;SPRF-BA;DEL02-BA;UOP01-DEL02-BA;;;
661762;16/02/2025;domingo;14:41:00;SP;116;281;EMBU DAS ARTES;Frear bruscamente;Colis�o traseira;Sem V�timas;Pleno dia;Decrescente;C�u Claro;Dupla;Curva;Sim;3;0;0;0;3;0;0;2;-23,65043478;-46,84600722;SPRF-SP;DEL04-SP;UOP01-DEL04-SP;;;
661763;16/02/2025;domingo;15:45:00;PR;277;584,2;CASCAVEL;Manobra de mudan�a de faixa;Colis�o transversal;Com V�timas Feridas;Pleno dia;Crescente;C�u Claro;Dupla;Reta;Sim;2;0;1;0;1;0;1;2;-24,96463257;-53,40560669;SPRF-PR;DEL04-PR;UOP01-DEL04-PR;;;
661764;16/02/2025;domingo;16:30:00;SC;101;239,8;PALHOCA;Trafegar com motocicleta (ou similar) entre as faixas;Colis�o lateral mesmo sentido;Com V�timas Feridas;Pleno dia;Decrescente;C�u Claro;Dupla;Reta;N�o;2;0;0;1;1;0;1;2;-27,85531681;-48,6426115;SPRF-SC;DEL01-SC;UOP02-DEL01-SC;;;
661767;16/02/2025;domingo;17:15:00;GO;153;429;ANAPOLIS;Ingest�o de �lcool pelo condutor;Tombamento;Com V�timas Feridas;Pleno dia;Decrescente;C�u Claro;Dupla;Declive;Sim;1;0;1;0;0;0;1;1;-16,245422;-49,001404;SPRF-GO;DEL02-GO;UOP01-DEL02-GO;;;
661768;14/02/2025;sexta-feira;19:30:00;BA;110;373,7;POJUCA;Rea��o tardia ou ineficiente do condutor;Colis�o transversal;Com V�timas Feridas;Plena Noite;Decrescente;Nublado;Simples;"Curva;Declive";N�o;2;0;1;0;1;0;1;2;-12,40247266;-38,3881691;SPRF-BA;DEL01-BA;UOP01-DEL01-BA;;;
661769;16/02/2025;domingo;17:40:00;ES;101;214;IBIRACU;Acessar a via sem observar a presen�a dos outros ve�culos;Colis�o transversal;Com V�timas Feridas;Pleno dia;Decrescente;C�u Claro;Simples;"Retorno Regulamentado;Reta;Interse��o de Vias";Sim;2;0;0;1;1;0;1;2;-19,82999127;-40,37211181;SPRF-ES;DEL02-ES;UOP01-DEL02-ES;;;
661770;16/02/2025;domingo;17:10:00;PE;423;76;JUCATI;Demais falhas mec�nicas ou el�tricas;Tombamento;Com V�timas Feridas;Pleno dia;Decrescente;C�u Claro;Simples;Reta;N�o;2;0;2;0;0;0;2;1;-8,73183901;-36,43146015;SPRF-PE;DEL03-PE;UOP01-DEL03-PE;;;
661771;16/02/2025;domingo;16:50:00;SP;116;514;CAJATI;Rea��o tardia ou ineficiente do condutor;Queda de ocupante de ve�culo;Com V�timas Feridas;Pleno dia;Decrescente;Chuva;Simples;"Curva;Declive";N�o;1;0;1;0;0;0;1;1;-24,85874304;-48,21731282;SPRF-SP;DEL05-SP;UOP02-DEL05-SP;;;
661772;16/02/2025;domingo;17:36:00;SP;116;281;EMBU DAS ARTES;Rea��o tardia ou ineficiente do condutor;Tombamento;Com V�timas Feridas;Pleno dia;Decrescente;C�u Claro;Dupla;Reta;Sim;1;0;1;0;0;0;1;1;-23,67784787;-46,85769227;SPRF-SP;DEL04-SP;UOP01-DEL04-SP;;;
661773;16/02/2025;domingo;15:30:00;AL;101;68,7;MESSIAS;Ingest�o de �lcool pelo condutor;Sa�da de leito carro��vel;Com V�timas Feridas;Pleno dia;Decrescente;C�u Claro;Dupla;Curva;N�o;1;0;1;0;0;0;1;1;-9,34924699;-35,83289449;SPRF-AL;DEL01-AL;UOP02-DEL01-AL;;;
661774;16/02/2025;domingo;16:34:00;SC;101;48;JOINVILLE;Objeto est�tico sobre o leito carro��vel;Colis�o com objeto;Com V�timas Feridas;Pleno dia;Decrescente;C�u Claro;Dupla;Curva;N�o;1;0;1;0;0;0;1;1;-26,35345909;-48,85867862;SPRF-SC;DEL03-SC;UOP01-DEL03-SC;;;
661776;16/02/2025;domingo;13:00:00;BA;367;67;PORTO SEGURO;Aus�ncia de rea��o do condutor;Queda de ocupante de ve�culo;Com V�timas Feridas;Pleno dia;Crescente;C�u Claro;Simples;Curva;N�o;1;0;1;0;0;0;1;1;-16,38462979;-39,44229906;SPRF-BA;DEL09-BA;UOP03-DEL09-BA;;;
661777;16/02/2025;domingo;17:20:00;CE;222;16;CAUCAIA;Rea��o tardia ou ineficiente do condutor;Queda de ocupante de ve�culo;Com V�timas Feridas;Anoitecer;Decrescente;C�u Claro;Simples;"Em Obras;Reta";N�o;2;0;2;0;0;0;2;1;-3,749;-38,72;SPRF-CE;DEL01-CE;UOP01-DEL01-CE;;;
661778;16/02/2025;domingo;18:05:00;ES;262;135;BREJETUBA;Aus�ncia de rea��o do condutor;Queda de ocupante de ve�culo;Com V�timas Feridas;Anoitecer;Crescente;C�u Claro;Simples;Curva;N�o;2;0;2;0;0;0;2;1;-20,24466108;-41,3313501;SPRF-ES;DEL01-ES;UOP02-DEL01-ES;;;
661779;16/02/2025;domingo;18:00:00;SP;381;53;MAIRIPORA;Ingest�o de �lcool pelo condutor;Queda de ocupante de ve�culo;Com V�timas Feridas;Pleno dia;Decrescente;C�u Claro;Simples;Curva;N�o;2;0;2;0;0;0;2;1;-23,23727986;-46,59981085;SPRF-SP;DEL03-SP;UOP01-DEL03-SP;;;
661780;16/02/2025;domingo;17:20:00;PR;376;61;GUAIRACA;Convers�o proibida;Colis�o transversal;Com V�timas Feridas;Pleno dia;Decrescente;C�u Claro;Simples;Reta;N�o;8;0;5;0;3;0;5;2;-22,929216;-52,822884;SPRF-PR;DEL09-PR;UOP02-DEL09-PR;;;
661781;16/02/2025;domingo;15:15:00;RS;290;175,1;BUTIA;Condutor deixou de manter dist�ncia do ve�culo da frente;Colis�o lateral mesmo sentido;Com V�timas Feridas;Pleno dia;Crescente;Chuva;Simples;Reta;N�o;2;0;1;0;0;1;1;2;-30,129343;-51,961823;SPRF-RS;DEL02-RS;UOP03-DEL02-RS;;;
661783;16/02/2025;domingo;12:30:00;PB;412;144,9;MONTEIRO;Aus�ncia de rea��o do condutor;Colis�o traseira;Com V�timas Feridas;Pleno dia;Crescente;C�u Claro;Simples;Reta;Sim;3;0;0;3;0;0;3;2;-7,898005;-37,11667;SPRF-PB;DEL02-PB;UOP02-DEL02-PB;;;
661784;16/02/2025;domingo;11:25:00;MG;116;533;SANTA RITA DE MINAS;Objeto est�tico sobre o leito carro��vel;Colis�o lateral sentido oposto;Com V�timas Feridas;Pleno dia;Decrescente;C�u Claro;Simples;Curva;N�o;2;0;1;0;1;0;1;2;-19,83624191;-42,13833241;SPRF-MG;DEL06-MG;UOP02-DEL06-MG;;;
661786;16/02/2025;domingo;14:00:00;RO;435;53;VILHENA;Pista esburacada;Sa�da de leito carro��vel;Sem V�timas;Pleno dia;Decrescente;Nublado;Simples;"Aclive;Reta";N�o;1;0;0;0;0;1;0;1;-12,99506001;-60,40374672;SPRF-RO;DEL04-RO;UOP02-DEL04-RO;;;
661787;16/02/2025;domingo;18:00:00;RJ;116;110;GUAPIMIRIM;Aus�ncia de rea��o do condutor;Sa�da de leito carro��vel;Com V�timas Feridas;Anoitecer;Crescente;C�u Claro;Dupla;Curva;N�o;1;0;1;0;0;0;1;1;-22,55073275;-42,98968744;SPRF-RJ;DEL04-RJ;UOP02-DEL04-RJ;;;
661788;16/02/2025;domingo;18:30:00;SC;101;359,8;SANGAO;Demais falhas mec�nicas ou el�tricas;Tombamento;Com V�timas Feridas;Plena Noite;Crescente;Chuva;M�ltipla;Curva;Sim;1;0;1;0;0;0;1;1;-28,65057609;-49,10516385;SPRF-SC;DEL02-SC;UOP01-DEL02-SC;;;
661789;16/02/2025;domingo;17:47:00;BA;101;30;ESPLANADA;Aus�ncia de rea��o do condutor;Colis�o lateral mesmo sentido;Com V�timas Feridas;Anoitecer;Crescente;C�u Claro;Simples;"Desvio Tempor�rio;Reta";N�o;3;0;3;0;0;0;3;2;-11,77863656;-37,94540405;SPRF-SE;DEL02-SE;UOP03-DEL02-SE;;;
661791;16/02/2025;domingo;18:00:00;SP;116;282;EMBU DAS ARTES;Rea��o tardia ou ineficiente do condutor;Engavetamento;Com V�timas Feridas;Pleno dia;Decrescente;C�u Claro;Dupla;Reta;Sim;6;0;1;0;2;3;1;4;-23,65855223;-46,85085665;SPRF-SP;DEL04-SP;UOP01-DEL04-SP;;;
661794;04/02/2025;ter�a-feira;19:35:00;PR;369;73;SANTA MARIANA;Condutor deixou de manter dist�ncia do ve�culo da frente;Colis�o traseira;Com V�timas Feridas;Plena Noite;Crescente;Chuva;Simples;"Aclive;Reta";N�o;6;0;4;0;2;0;4;2;-23,14969;-50,52919;SPRF-PR;DEL07-PR;UOP05-DEL07-PR;;;
661795;16/02/2025;domingo;17:30:00;RJ;101;172;MACAE;Avarias e/ou desgaste excessivo no pneu;Tombamento;Com V�timas Feridas;Pleno dia;Crescente;C�u Claro;Simples;Reta;N�o;2;0;2;0;0;0;2;1;-22,36746684;-41,94323801;SPRF-RJ;DEL08-RJ;UOP04-DEL08-RJ;;;
661796;16/02/2025;domingo;18:00:00;RR;401;18;CANTA;Acessar a via sem observar a presen�a dos outros ve�culos;Colis�o traseira;Sem V�timas;Pleno dia;Decrescente;Nublado;Dupla;Reta;N�o;4;0;0;0;4;0;0;2;2,86059683;-60,56089488;SPRF-RR;DEL01-RR;UOP01-DEL01-RR;;;
661797;16/02/2025;domingo;18:45:00;RJ;116;117,9;MAGE;Ultrapassagem Indevida;Colis�o lateral mesmo sentido;Com V�timas Feridas;Anoitecer;Crescente;C�u Claro;Dupla;Reta;N�o;2;0;1;0;1;0;1;2;-22,6593869;-43,0910047;SPRF-RJ;DEL04-RJ;UOP02-DEL04-RJ;;;
661798;16/02/2025;domingo;17:25:00;AC;364;132;RIO BRANCO;Aus�ncia de rea��o do condutor;Colis�o frontal;Com V�timas Fatais;Pleno dia;Crescente;Chuva;Simples;Curva;Sim;2;1;0;0;1;0;0;2;-10,01005063;-67,84552927;SPRF-AC;DEL01-AC;UOP01-DEL01-AC;;;
661800;16/02/2025;domingo;18:30:00;RJ;101;423;MANGARATIBA;Condutor deixou de manter dist�ncia do ve�culo da frente;Colis�o traseira;Com V�timas Feridas;Anoitecer;Decrescente;C�u Claro;Simples;Reta;N�o;8;0;1;0;7;0;1;2;-22,92655157;-43,96343994;SPRF-RJ;DEL03-RJ;UOP02-DEL03-RJ;;;
661803;16/02/2025;domingo;18:10:00;MT;163;854;SINOP;Ultrapassagem Indevida;Colis�o frontal;Com V�timas Feridas;Plena Noite;Decrescente;Nublado;Simples;"Reta;Declive";N�o;2;0;0;1;1;0;1;2;-11,69719222;-55,45255965;SPRF-MT;DEL06-MT;UOP02-DEL06-MT;;;