id;data_inversa;dia_semana;horario;uf;br;km;municipio;causa_acidente;tipo_acidente;classificacao_acidente;fase_dia;sentido_via;condicao_metereologica;tipo_pista;tracado_via;uso_solo;pessoas;mortos;feridos_leves;feridos_graves;ilesos;ignorados;feridos;veiculos;latitude;longitude;regional;delegacia;uop;;;
661910;17/02/2025;segunda-feira;06:20:00;RN;101;75;NATAL;Condutor deixou de manter dist�ncia do ve�culo da frente;Colis�o traseira;Com V�timas Feridas;Pleno dia;Crescente;C�u Claro;Simples;Reta;N�o;4;0;3;0;1;0;3;3;-5,721906;-35,27672;SPRF-RN;DEL02-RN;UOP01-DEL02-RN;;;
661911;17/02/2025;segunda-feira;07:40:00;RN;101;97;NATAL;Aus�ncia de rea��o do condutor;Colis�o traseira;Com V�timas Feridas;Pleno dia;Decrescente;C�u Claro;M�ltipla;Reta;Sim;2;0;1;0;1;0;1;2;-5,84949622;-35,20890752;SPRF-RN;DEL01-RN;UOP01-DEL01-RN;;;
661912;16/02/2025;domingo;23:00:00;PR;153;485;GENERAL CARNEIRO;Ingest�o de �lcool pelo condutor;Colis�o frontal;Com V�timas Feridas;Plena Noite;Crescente;C�u Claro;Simples;Reta;N�o;7;0;0;7;0;0;7;2;-26,39210033;-51,27877235;SPRF-PR;DEL02-PR;UOP03-DEL02-PR;;;
661914;17/02/2025;segunda-feira;08:30:00;SC;101;216,4;PALHOCA;Rea��o tardia ou ineficiente do condutor;Tombamento;Com V�timas Feridas;Pleno dia;Decrescente;Nublado;M�ltipla;Interse��o de Vias;Sim;1;0;1;0;0;0;1;1;-27,65981409;-48,67747798;SPRF-SC;DEL01-SC;UOP02-DEL01-SC;;;
661915;17/02/2025;segunda-feira;08:10:00;SC;282;3,2;SAO JOSE;Aus�ncia de rea��o do condutor;Colis�o traseira;Com V�timas Feridas;Pleno dia;Crescente;C�u Claro;M�ltipla;Reta;N�o;3;0;1;0;2;0;1;2;-27,600384;-48,599705;SPRF-SC;DEL01-SC;UOP01-DEL01-SC;;;
661916;17/02/2025;segunda-feira;07:30:00;RS;101;49;TERRA DE AREIA;Aus�ncia de rea��o do condutor;Colis�o com objeto;Com V�timas Feridas;Pleno dia;Crescente;Nublado;Dupla;Reta;N�o;4;0;3;0;1;0;3;1;-29,59966133;-50,08022057;SPRF-RS;DEL03-RS;UOP02-DEL03-RS;;;
661917;17/02/2025;segunda-feira;08:30:00;RS;290;92;PORTO ALEGRE;Manobra de mudan�a de faixa;Colis�o traseira;Com V�timas Feridas;Pleno dia;Decrescente;Chuva;M�ltipla;Reta;N�o;2;0;1;0;1;0;1;2;-29,969055;-51,167439;SPRF-RS;DEL01-RS;UOP01-DEL01-RS;;;
661918;17/02/2025;segunda-feira;07:50:00;SP;116;153;SAO JOSE DOS CAMPOS;Manobra de mudan�a de faixa;Colis�o lateral mesmo sentido;Com V�timas Feridas;Pleno dia;Decrescente;C�u Claro;Dupla;Reta;N�o;1;0;1;0;0;0;1;1;-23,23262274;-45,91372624;SPRF-SP;DEL02-SP;UOP01-DEL02-SP;;;
661919;17/02/2025;segunda-feira;07:00:00;PI;343;3,5;TERESINA;Aus�ncia de rea��o do condutor;Colis�o lateral mesmo sentido;Com V�timas Feridas;Pleno dia;Crescente;Chuva;Dupla;Reta;Sim;4;0;1;0;3;0;1;3;-5,089569;-42,802288;SPRF-PI;DEL01-PI;UOP01-DEL01-PI;;;
661920;16/02/2025;domingo;19:30:00;SC;101;307,2;LAGUNA;Rea��o tardia ou ineficiente do condutor;Colis�o traseira;Com V�timas Fatais;Anoitecer;Crescente;Ignorado;M�ltipla;Reta;N�o;2;1;0;0;0;1;0;2;-28,4112696;-48,79291445;SPRF-SC;DEL02-SC;UOP03-DEL02-SC;;;
661921;17/02/2025;segunda-feira;07:05:00;MS;463;0,5;DOURADOS;Transitar na contram�o;Colis�o frontal;Com V�timas Feridas;Pleno dia;Crescente;C�u Claro;Simples;Reta;Sim;2;0;0;1;1;0;1;2;-22,258694;-54,804096;SPRF-MS;DEL04-MS;UOP01-DEL04-MS;;;
661922;17/02/2025;segunda-feira;07:02:00;MG;381;479;BETIM;Condutor deixou de manter dist�ncia do ve�culo da frente;Colis�o lateral mesmo sentido;Com V�timas Feridas;Pleno dia;Decrescente;C�u Claro;Dupla;Curva;Sim;2;0;0;1;0;1;1;2;-19,95889605;-44,069202;SPRF-MG;DEL01-MG;UOP03-DEL01-MG;;;
661924;17/02/2025;segunda-feira;01:00:00;RJ;116;173;SAO JOAO DE MERITI;Rea��o tardia ou ineficiente do condutor;Colis�o traseira;Com V�timas Feridas;Pleno dia;Crescente;C�u Claro;Dupla;Reta;Sim;2;0;1;0;0;1;1;2;-22,79810324;-43,35726614;SPRF-RJ;DEL06-RJ;UOP01-DEL06-RJ;;;
661926;17/02/2025;segunda-feira;08:00:00;MG;381;489;BETIM;Manobra de mudan�a de faixa;Colis�o lateral mesmo sentido;Com V�timas Feridas;Pleno dia;Decrescente;C�u Claro;Dupla;Reta;Sim;2;0;0;1;1;0;1;2;-19,96245618;-44,16455495;SPRF-MG;DEL01-MG;UOP03-DEL01-MG;;;
661927;17/02/2025;segunda-feira;08:00:00;MG;365;612;UBERLANDIA;Aus�ncia de rea��o do condutor;Colis�o traseira;Com V�timas Feridas;Pleno dia;Crescente;Sol;Simples;Reta;N�o;3;0;0;1;1;1;1;3;-18,92311437;-48,201828;SPRF-MG;DEL15-MG;UOP01-DEL15-MG;;;
661929;16/02/2025;domingo;22:00:00;SE;235;89,5;NOSSA SENHORA DO SOCORRO;Demais falhas mec�nicas ou el�tricas;Inc�ndio;Sem V�timas;Plena Noite;Decrescente;Ignorado;Simples;Reta;N�o;1;0;0;0;0;1;0;1;-10,88506233;-37,13192225;SPRF-SE;DEL01-SE;UOP02-DEL01-SE;;;
661930;17/02/2025;segunda-feira;07:30:00;RS;392;352;SANTA MARIA;Acessar a via sem observar a presen�a dos outros ve�culos;Colis�o transversal;Com V�timas Feridas;Pleno dia;Decrescente;Chuva;Simples;Reta;Sim;2;0;0;1;0;1;1;2;-29,721772;-53,807246;SPRF-RS;DEL09-RS;UOP01-DEL09-RS;;;
661932;17/02/2025;segunda-feira;07:00:00;RJ;465;14;NOVA IGUACU;Acessar a via sem observar a presen�a dos outros ve�culos;Colis�o transversal;Com V�timas Feridas;Pleno dia;Crescente;Sol;Simples;Reta;Sim;2;0;0;1;1;0;1;2;-22,804979;-43,638828;SPRF-RJ;DEL06-RJ;UOP02-DEL06-RJ;;;
661933;17/02/2025;segunda-feira;08:45:00;BA;110;130;CICERO DANTAS;Animais na Pista;Capotamento;Com V�timas Feridas;Pleno dia;Crescente;C�u Claro;Simples;Declive;N�o;1;0;1;0;0;0;1;1;-10,54065496;-38,38056095;SPRF-BA;DEL07-BA;UOP02-DEL07-BA;;;
661937;17/02/2025;segunda-feira;08:40:00;DF;40;2;BRASILIA;Demais falhas mec�nicas ou el�tricas;Inc�ndio;Sem V�timas;Pleno dia;Crescente;C�u Claro;Dupla;Reta;Sim;1;0;0;0;1;0;0;1;-15,99435;-47,985947;SPRF-DF;DEL01-DF;UOP01-DEL01-DF;;;
661938;05/02/2025;quarta-feira;21:45:00;PA;163;408;ITAITUBA;Ingest�o de �lcool pelo condutor;Colis�o transversal;Com V�timas Feridas;Plena Noite;Crescente;Ignorado;Simples;Reta;Sim;2;0;1;0;1;0;1;2;-6,23897602;-55,62150005;SPRF-PA;DEL05-PA;UOP03-DEL05-PA;;;
661942;17/02/2025;segunda-feira;09:30:00;ES;101;137,5;LINHARES;Condutor deixou de manter dist�ncia do ve�culo da frente;Colis�o traseira;Com V�timas Feridas;Pleno dia;Decrescente;C�u Claro;Simples;Reta;N�o;3;0;1;0;2;0;1;2;-19,29308199;-40,08591691;SPRF-ES;DEL04-ES;UOP01-DEL04-ES;;;
661943;17/02/2025;segunda-feira;05:49:00;MT;70;508;CUIABA;Convers�o proibida;Colis�o traseira;Com V�timas Feridas;Amanhecer;Decrescente;C�u Claro;Simples;"Reta;Declive";N�o;2;0;1;0;1;0;1;2;-15,69954466;-56,08240485;SPRF-MT;DEL01-MT;UOP02-DEL01-MT;;;
661944;17/02/2025;segunda-feira;08:25:00;PR;467;102,9;CASCAVEL;Acessar a via sem observar a presen�a dos outros ve�culos;Colis�o transversal;Com V�timas Feridas;Pleno dia;Decrescente;Nublado;Dupla;"Reta;Declive";N�o;3;0;0;1;2;0;1;2;-24,9036;-53,5184;SPRF-PR;DEL04-PR;UOP01-DEL04-PR;;;
661946;17/02/2025;segunda-feira;08:40:00;MG;116;276,6;TEOFILO OTONI;Rea��o tardia ou ineficiente do condutor;Colis�o traseira;Sem V�timas;Pleno dia;Decrescente;C�u Claro;Simples;Reta;Sim;2;0;0;0;2;0;0;2;-17,85105696;-41,51454492;SPRF-MG;DEL11-MG;UOP01-DEL11-MG;;;
661947;17/02/2025;segunda-feira;09:00:00;MG;40;513;RIBEIRAO DAS NEVES;Manobra de mudan�a de faixa;Colis�o lateral mesmo sentido;Com V�timas Feridas;Pleno dia;Crescente;C�u Claro;Dupla;Reta;N�o;2;0;0;1;1;0;1;2;-19,7970544;-44,1080512;SPRF-MG;DEL01-MG;UOP02-DEL01-MG;;;
661948;17/02/2025;segunda-feira;07:00:00;BA;116;555;MILAGRES;Entrada inopinada do pedestre;Atropelamento de Pedestre;Com V�timas Feridas;Pleno dia;Decrescente;C�u Claro;Simples;Reta;N�o;2;0;0;1;1;0;1;2;-12,91216828;-39,86580772;SPRF-BA;DEL03-BA;UOP02-DEL03-BA;;;
661953;25/01/2025;s�bado;19:30:00;PA;316;252;CACHOEIRA DO PIRIA;Animais na Pista;Atropelamento de Animal;Com V�timas Fatais;Plena Noite;Crescente;Nublado;Simples;Reta;N�o;2;1;0;0;0;1;0;2;-1,78751233;-46,49904013;SPRF-PA;DEL01-PA;UOP04-DEL01-PA;;;
661955;17/02/2025;segunda-feira;09:10:00;MA;135;4,8;SAO LUIS;Rea��o tardia ou ineficiente do condutor;Colis�o lateral mesmo sentido;Com V�timas Feridas;Pleno dia;Decrescente;Chuva;Dupla;Reta;N�o;4;0;3;1;0;0;4;2;-2,61424881;-44,25257023;SPRF-MA;DEL01-MA;UOP01-DEL01-MA;;;
661957;17/02/2025;segunda-feira;10:00:00;SC;280;14,7;SAO FRANCISCO DO SUL;Entrada inopinada do pedestre;Atropelamento de Pedestre;Com V�timas Feridas;Pleno dia;Decrescente;C�u Claro;Simples;Reta;N�o;3;0;1;0;2;0;1;2;-26,33595792;-48,65376413;SPRF-SC;DEL03-SC;UOP03-DEL03-SC;;;
661958;17/02/2025;segunda-feira;10:35:00;PB;230;22;JOAO PESSOA;Condutor deixou de manter dist�ncia do ve�culo da frente;Colis�o traseira;Com V�timas Feridas;Pleno dia;Decrescente;C�u Claro;Dupla;Reta;Sim;3;0;2;0;1;0;2;2;-7,1495;-34,8517;SPRF-PB;DEL01-PB;UOP01-DEL01-PB;;;
661959;13/01/2025;segunda-feira;12:00:00;RJ;116;169;RIO DE JANEIRO;Velocidade Incompat�vel;Colis�o traseira;Com V�timas Feridas;Pleno dia;Decrescente;Nublado;M�ltipla;Reta;N�o;2;0;1;0;1;0;1;2;-22,816206;-43,324463;SPRF-RJ;DEL06-RJ;UOP01-DEL06-RJ;;;
661960;17/02/2025;segunda-feira;07:20:00;SC;282;3,2;FLORIANOPOLIS;Aus�ncia de rea��o do condutor;Queda de ocupante de ve�culo;Com V�timas Feridas;Pleno dia;Decrescente;Sol;M�ltipla;Reta;N�o;1;0;1;0;0;0;1;1;-27,600384;-48,599705;SPRF-SC;DEL01-SC;UOP01-DEL01-SC;;;
661961;17/02/2025;segunda-feira;08:40:00;SC;101;216,4;PALHOCA;Rea��o tardia ou ineficiente do condutor;Queda de ocupante de ve�culo;Com V�timas Feridas;Pleno dia;Crescente;C�u Claro;M�ltipla;Reta;N�o;2;0;1;0;1;0;1;2;-27,65981409;-48,67747798;SPRF-SC;DEL01-SC;UOP02-DEL01-SC;;;
661962;17/02/2025;segunda-feira;10:50:00;ES;262;93;DOMINGOS MARTINS;Transitar na contram�o;Colis�o frontal;Com V�timas Feridas;Pleno dia;Crescente;C�u Claro;Simples;Curva;N�o;2;0;0;1;1;0;1;2;-20,37908136;-41,05047852;SPRF-ES;DEL01-ES;UOP02-DEL01-ES;;;
661964;17/02/2025;segunda-feira;10:30:00;MG;381;485;BETIM;Acessar a via sem observar a presen�a dos outros ve�culos;Colis�o lateral mesmo sentido;Com V�timas Feridas;Pleno dia;Crescente;C�u Claro;Dupla;Reta;N�o;3;0;1;0;2;0;1;2;-19,95659361;-44,12622893;SPRF-MG;DEL01-MG;UOP03-DEL01-MG;;;
661965;17/02/2025;segunda-feira;11:00:00;ES;101;239,5;FUNDAO;Acessar a via sem observar a presen�a dos outros ve�culos;Colis�o traseira;Com V�timas Feridas;Pleno dia;Crescente;Sol;Dupla;Reta;Sim;2;0;1;0;1;0;1;2;-20,00782494;-40,40790907;SPRF-ES;DEL02-ES;UOP01-DEL02-ES;;;
661967;17/02/2025;segunda-feira;09:45:00;PR;369;473,4;CORBELIA;Condutor deixou de manter dist�ncia do ve�culo da frente;Colis�o traseira;Com V�timas Feridas;Pleno dia;Decrescente;C�u Claro;Simples;Reta;N�o;2;0;1;0;1;0;1;2;-24,71911172;-53,24659478;SPRF-PR;DEL04-PR;UOP03-DEL04-PR;;;
661969;17/02/2025;segunda-feira;10:48:00;PE;101;66;RECIFE;Trafegar com motocicleta (ou similar) entre as faixas;Colis�o traseira;Com V�timas Feridas;Pleno dia;Decrescente;C�u Claro;Dupla;Reta;Sim;2;0;1;0;0;1;1;2;-8,03368534;-34,94184125;SPRF-PE;DEL01-PE;UOP01-DEL01-PE;;;
661970;17/02/2025;segunda-feira;11:20:00;ES;262;112,8;VENDA NOVA DO IMIGRANTE;Transitar na contram�o;Colis�o frontal;Com V�timas Feridas;Pleno dia;Decrescente;C�u Claro;Simples;"Curva;Aclive";Sim;4;0;2;0;1;1;2;3;-20,333874;-41,205023;SPRF-ES;DEL01-ES;UOP02-DEL01-ES;;;
661972;17/02/2025;segunda-feira;08:35:00;MA;10;250;IMPERATRIZ;Convers�o proibida;Colis�o transversal;Com V�timas Feridas;Pleno dia;Crescente;C�u Claro;Simples;Reta;Sim;2;0;1;0;1;0;1;2;-5,550874;-47,459305;SPRF-MA;DEL04-MA;UOP01-DEL04-MA;;;
661973;17/02/2025;segunda-feira;11:50:00;RJ;101;327;NITEROI;Rea��o tardia ou ineficiente do condutor;Colis�o traseira;Com V�timas Feridas;Pleno dia;Crescente;C�u Claro;Dupla;Reta;Sim;2;0;1;0;1;0;1;2;-22,87206203;-43,146105;SPRF-RJ;DEL02-RJ;UOP01-DEL02-RJ;;;
661977;17/02/2025;segunda-feira;12:40:00;RN;101;81;SAO GONCALO DO AMARANTE;Aus�ncia de rea��o do condutor;Colis�o traseira;Com V�timas Feridas;Pleno dia;Crescente;Sol;Simples;Reta;N�o;3;0;2;0;1;0;2;2;-5,76469466;-35,28295988;SPRF-RN;DEL02-RN;UOP01-DEL02-RN;;;
661979;17/02/2025;segunda-feira;11:20:00;RJ;393;281;VOLTA REDONDA;Desrespeitar a prefer�ncia no cruzamento;Colis�o transversal;Com V�timas Feridas;Pleno dia;Decrescente;C�u Claro;Simples;"Curva;Interse��o de Vias";Sim;2;0;2;0;0;0;2;2;-22,48025569;-44,02974901;SPRF-RJ;DEL05-RJ;UOP04-DEL05-RJ;;;
661982;17/02/2025;segunda-feira;12:35:00;MG;50;149;UBERABA;Rea��o tardia ou ineficiente do condutor;Sa�da de leito carro��vel;Com V�timas Feridas;Pleno dia;Crescente;C�u Claro;Dupla;"Reta;Aclive";N�o;1;0;1;0;0;0;1;1;-19,55574501;-48,03471604;SPRF-MG;DEL13-MG;UOP01-DEL13-MG;;;
661983;17/02/2025;segunda-feira;11:00:00;MT;163;1029;PEIXOTO DE AZEVEDO;Acessar a via sem observar a presen�a dos outros ve�culos;Colis�o transversal;Sem V�timas;Pleno dia;Decrescente;C�u Claro;Simples;Reta;Sim;3;0;0;0;3;0;0;2;-10,25276272;-54,99206543;SPRF-MT;DEL06-MT;UOP03-DEL06-MT;;;
661985;17/02/2025;segunda-feira;10:10:00;RS;116;89,8;CAMPESTRE DA SERRA;Acumulo de �gua sobre o pavimento;Colis�o com objeto;Com V�timas Feridas;Pleno dia;Crescente;Chuva;Simples;"Curva;Declive";N�o;5;0;1;0;4;0;1;1;-28,85991566;-51,12193823;SPRF-RS;DEL05-RS;UOP03-DEL05-RS;;;
661986;17/02/2025;segunda-feira;11:00:00;SC;280;43;GUARAMIRIM;Condutor deixou de manter dist�ncia do ve�culo da frente;Queda de ocupante de ve�culo;Com V�timas Feridas;Pleno dia;Crescente;C�u Claro;Simples;"Desvio Tempor�rio;Em Obras;Reta";Sim;1;0;1;0;0;0;1;1;-26,45118786;-48,87789901;SPRF-SC;DEL03-SC;UOP03-DEL03-SC;;;
661987;17/02/2025;segunda-feira;13:20:00;PR;376;177,5;MARINGA;Trafegar com motocicleta (ou similar) entre as faixas;Colis�o lateral mesmo sentido;Com V�timas Feridas;Pleno dia;Decrescente;C�u Claro;Dupla;Reta;Sim;2;0;1;0;1;0;1;2;-23,41595855;-51,92226484;SPRF-PR;DEL09-PR;UOP01-DEL09-PR;;;
661988;17/02/2025;segunda-feira;13:00:00;BA;324;530;FEIRA DE SANTANA;Rea��o tardia ou ineficiente do condutor;Engavetamento;Com V�timas Feridas;Pleno dia;Crescente;Sol;Dupla;Reta;N�o;4;0;1;0;3;0;1;3;-12,32818491;-38,86174193;SPRF-BA;DEL01-BA;UOP03-DEL01-BA;;;
661990;17/02/2025;segunda-feira;13:30:00;MG;381;487;BETIM;Manobra de mudan�a de faixa;Colis�o com objeto;Com V�timas Feridas;Pleno dia;Crescente;C�u Claro;Dupla;Curva;Sim;1;0;0;1;0;0;1;1;-19,95586853;-44,14609501;SPRF-MG;DEL01-MG;UOP03-DEL01-MG;;;
661991;17/02/2025;segunda-feira;14:00:00;MG;146;486,6;POCOS DE CALDAS;Objeto est�tico sobre o leito carro��vel;Colis�o com objeto;Com V�timas Feridas;Pleno dia;Crescente;Sol;Simples;"Aclive;Reta";Sim;1;0;1;0;0;0;1;1;-21,807917;-46,477169;SPRF-MG;DEL09-MG;UOP01-DEL09-MG;;;
661993;17/02/2025;segunda-feira;13:05:00;RJ;40;55,1;PETROPOLIS;Rea��o tardia ou ineficiente do condutor;Colis�o traseira;Com V�timas Feridas;Pleno dia;Decrescente;C�u Claro;Dupla;Reta;N�o;4;0;1;0;3;0;1;2;-22,35382783;-43,12184226;SPRF-RJ;DEL05-RJ;UOP02-DEL05-RJ;;;
661995;17/02/2025;segunda-feira;13:30:00;CE;20;360,9;MARANGUAPE;Condutor deixou de manter dist�ncia do ve�culo da frente;Colis�o traseira;Com V�timas Feridas;Pleno dia;Crescente;C�u Claro;Simples;Declive;N�o;2;0;1;0;1;0;1;2;-4,02566009;-38,9868239;SPRF-CE;DEL02-CE;UOP01-DEL02-CE;;;
661996;17/02/2025;segunda-feira;14:28:00;SC;280;54,7;GUARAMIRIM;Manobra de mudan�a de faixa;Colis�o lateral mesmo sentido;Com V�timas Feridas;Pleno dia;Decrescente;C�u Claro;Simples;Reta;N�o;2;0;1;0;1;0;1;2;-26,47552576;-48,98998439;SPRF-SC;DEL03-SC;UOP03-DEL03-SC;;;
661997;10/02/2025;segunda-feira;06:30:00;MG;116;537,1;SANTA RITA DE MINAS;Convers�o proibida;Colis�o transversal;Com V�timas Feridas;Pleno dia;Decrescente;C�u Claro;Simples;Reta;Sim;3;0;3;0;0;0;3;2;-19,86620285;-42,1352356;SPRF-MG;DEL06-MG;UOP02-DEL06-MG;;;
662001;17/02/2025;segunda-feira;09:20:00;AC;364;5;ACRELANDIA;Pista esburacada;Sa�da de leito carro��vel;Com V�timas Feridas;Pleno dia;Crescente;C�u Claro;Simples;Declive;N�o;3;0;2;0;1;0;2;1;-9,82364976;-66,87726317;SPRF-AC;DEL01-AC;UOP03-DEL01-AC;;;
662003;17/02/2025;segunda-feira;10:30:00;PE;423;94,2;GARANHUNS;Frear bruscamente;Colis�o traseira;Sem V�timas;Pleno dia;Crescente;C�u Claro;Simples;Reta;Sim;3;0;0;0;2;1;0;3;-8,874732;-36,46946;SPRF-PE;DEL03-PE;UOP01-DEL03-PE;;;
662004;17/02/2025;segunda-feira;15:05:00;ES;101;270;SERRA;Condutor deixou de manter dist�ncia do ve�culo da frente;Colis�o traseira;Com V�timas Feridas;Pleno dia;Crescente;C�u Claro;M�ltipla;Reta;Sim;2;0;1;0;1;0;1;2;-20,22;-40,27;SPRF-ES;DEL02-ES;UOP01-DEL02-ES;;;
662005;17/02/2025;segunda-feira;12:15:00;RO;364;341;JI-PARANA;Acessar a via sem observar a presen�a dos outros ve�culos;Colis�o traseira;Com V�timas Feridas;Pleno dia;Crescente;C�u Claro;Dupla;Reta;N�o;2;0;1;0;1;0;1;2;-10,89029;-61,931184;SPRF-RO;DEL02-RO;UOP01-DEL02-RO;;;
662006;17/02/2025;segunda-feira;15:00:00;RJ;101;248;SILVA JARDIM;Avarias e/ou desgaste excessivo no pneu;Capotamento;Com V�timas Feridas;Pleno dia;Decrescente;C�u Claro;Dupla;Reta;N�o;2;0;1;0;1;0;1;1;-22,66192431;-42,50261769;SPRF-RJ;DEL02-RJ;UOP03-DEL02-RJ;;;
662007;17/02/2025;segunda-feira;14:00:00;PA;222;18,1;DOM ELISEU;Desrespeitar a prefer�ncia no cruzamento;Colis�o transversal;Com V�timas Feridas;Pleno dia;Crescente;C�u Claro;Simples;Reta;Sim;3;0;2;0;1;0;2;2;-4,29505923;-47,56187439;SPRF-PA;DEL02-PA;UOP02-DEL02-PA;;;
662009;17/02/2025;segunda-feira;15:15:00;RS;472;186,2;SANTO CRISTO;Acessar a via sem observar a presen�a dos outros ve�culos;Colis�o transversal;Com V�timas Feridas;Pleno dia;Decrescente;Garoa/Chuvisco;Simples;Reta;N�o;4;0;2;0;2;0;2;2;-27,83546212;-54,61193398;SPRF-RS;DEL10-RS;UOP01-DEL10-RS;;;
662010;17/02/2025;segunda-feira;07:30:00;BA;101;188;SAO GONCALO DOS CAMPOS;Demais falhas mec�nicas ou el�tricas;Tombamento;Com V�timas Feridas;Pleno dia;Decrescente;C�u Claro;Simples;Reta;N�o;2;0;1;0;1;0;1;1;-12,48099557;-38,94571781;SPRF-BA;DEL01-BA;UOP03-DEL01-BA;;;
662012;17/02/2025;segunda-feira;09:42:00;RJ;101;326;NITEROI;Aus�ncia de rea��o do condutor;Colis�o traseira;Com V�timas Feridas;Pleno dia;Crescente;C�u Claro;Dupla;Reta;N�o;2;0;1;0;1;0;1;2;-22,87206203;-43,146105;SPRF-RJ;DEL02-RJ;UOP01-DEL02-RJ;;;
662014;17/02/2025;segunda-feira;10:25:00;RS;470;164,3;VILA FLORES;Velocidade Incompat�vel;Sa�da de leito carro��vel;Com V�timas Feridas;Pleno dia;Decrescente;Chuva;Simples;Curva;Sim;2;0;1;0;1;0;1;1;-28,84006517;-51,57381535;SPRF-RS;DEL06-RS;UOP02-DEL06-RS;;;
662017;17/02/2025;segunda-feira;15:40:00;SP;101;44;UBATUBA;Acessar a via sem observar a presen�a dos outros ve�culos;Colis�o lateral mesmo sentido;Com V�timas Feridas;Pleno dia;Decrescente;C�u Claro;Simples;Reta;Sim;2;0;0;2;0;0;2;2;-23,41014346;-45,06455371;SPRF-SP;DEL06-SP;UOP01-DEL06-SP;;;
662018;17/02/2025;segunda-feira;16:30:00;GO;70;2,3;AGUAS LINDAS DE GOIAS;Ingest�o de �lcool pelo condutor;Colis�o com objeto;Com V�timas Feridas;Pleno dia;Decrescente;C�u Claro;Dupla;"Curva;Declive";N�o;2;0;2;0;0;0;2;1;-15,767021;-48,229945;SPRF-DF;DEL03-DF;UOP02-DEL03-DF;;;
662019;17/02/2025;segunda-feira;16:30:00;GO;40;0,9;VALPARAISO DE GOIAS;Trafegar com motocicleta (ou similar) entre as faixas;Colis�o com objeto;Com V�timas Feridas;Anoitecer;Crescente;C�u Claro;Dupla;"Reta;Declive";Sim;2;0;1;0;0;1;1;2;-16,058273;-47,982655;SPRF-DF;DEL01-DF;UOP01-DEL01-DF;;;
662020;17/02/2025;segunda-feira;10:50:00;MS;60;426;SIDROLANDIA;Acessar a via sem observar a presen�a dos outros ve�culos;Colis�o transversal;Com V�timas Feridas;Pleno dia;Crescente;C�u Claro;Dupla;"Interse��o de Vias;Reta";Sim;2;0;0;1;1;0;1;2;-20,93616918;-54,96170372;SPRF-MS;DEL01-MS;UOP04-DEL01-MS;;;
662021;17/02/2025;segunda-feira;16:30:00;PR;376;167,9;MARINGA;Retorno proibido;Colis�o traseira;Com V�timas Feridas;Pleno dia;Decrescente;Nublado;Dupla;Reta;N�o;2;0;1;0;1;0;1;2;-23,40324167;-51,99632075;SPRF-PR;DEL09-PR;UOP01-DEL09-PR;;;
662022;17/02/2025;segunda-feira;15:40:00;MG;153;163;COMENDADOR GOMES;Aus�ncia de rea��o do condutor;Colis�o traseira;Com V�timas Fatais;Pleno dia;Crescente;C�u Claro;Simples;"Reta;Em Obras";N�o;3;1;1;0;1;0;1;2;-19,69685003;-48,98304914;SPRF-MG;DEL13-MG;UOP02-DEL13-MG;;;
662023;17/02/2025;segunda-feira;16:25:00;PR;116;120;CURITIBA;Rea��o tardia ou ineficiente do condutor;Tombamento;Com V�timas Feridas;Pleno dia;Decrescente;C�u Claro;Dupla;Reta;Sim;2;0;2;0;0;0;2;1;-25,5877731;-49,3146113;SPRF-PR;DEL01-PR;UOP03-DEL01-PR;;;
662024;17/02/2025;segunda-feira;16:50:00;RJ;101;574;PARATY;Convers�o proibida;Colis�o lateral mesmo sentido;Com V�timas Feridas;Pleno dia;Crescente;C�u Claro;Simples;Reta;Sim;3;0;2;0;1;0;2;2;-23,21366182;-44,73483793;SPRF-RJ;DEL03-RJ;UOP04-DEL03-RJ;;;
662026;17/02/2025;segunda-feira;16:55:00;GO;70;6,4;AGUAS LINDAS DE GOIAS;Rea��o tardia ou ineficiente do condutor;Colis�o traseira;Com V�timas Feridas;Pleno dia;Crescente;C�u Claro;Dupla;Reta;Sim;3;0;1;1;1;0;2;2;-15,75049381;-48,2612381;SPRF-DF;DEL03-DF;UOP02-DEL03-DF;;;
662032;17/02/2025;segunda-feira;17:10:00;SC;101;148;ITAPEMA;Condutor deixou de manter dist�ncia do ve�culo da frente;Colis�o traseira;Com V�timas Feridas;Pleno dia;Crescente;Chuva;Dupla;"Interse��o de Vias;Reta";Sim;2;0;1;0;1;0;1;2;-27,10123686;-48,61807962;SPRF-SC;DEL04-SC;UOP03-DEL04-SC;;;
662034;17/02/2025;segunda-feira;17:20:00;MG;267;79,5;JUIZ DE FORA;Aus�ncia de rea��o do condutor;Sa�da de leito carro��vel;Com V�timas Feridas;Pleno dia;Crescente;C�u Claro;Simples;Curva;N�o;1;0;0;1;0;0;1;1;-21,74869223;-43,20587691;SPRF-MG;DEL05-MG;UOP01-DEL05-MG;;;
662037;17/02/2025;segunda-feira;17:40:00;RN;101;103;PARNAMIRIM;Manobra de mudan�a de faixa;Colis�o lateral mesmo sentido;Com V�timas Feridas;Plena Noite;Decrescente;C�u Claro;Dupla;Reta;Sim;2;0;1;0;1;0;1;2;-5,89126376;-35,25336206;SPRF-RN;DEL01-RN;UOP01-DEL01-RN;;;