id;data_inversa;dia_semana;horario;uf;br;km;municipio;causa_acidente;tipo_acidente;classificacao_acidente;fase_dia;sentido_via;condicao_metereologica;tipo_pista;tracado_via;uso_solo;pessoas;mortos;feridos_leves;feridos_graves;ilesos;ignorados;feridos;veiculos;latitude;longitude;regional;delegacia;uop;;;
662038;17/02/2025;segunda-feira;18:20:00;SC;101;214;PALHOCA;Rea��o tardia ou ineficiente do condutor;Queda de ocupante de ve�culo;Com V�timas Feridas;Pleno dia;Crescente;Chuva;M�ltipla;Reta;Sim;2;0;1;0;1;0;1;2;-27,64443;-48,67057;SPRF-SC;DEL01-SC;UOP02-DEL01-SC;;;
662039;17/02/2025;segunda-feira;17:45:00;SC;101;142,2;ITAPEMA;Rea��o tardia ou ineficiente do condutor;Tombamento;Com V�timas Feridas;Pleno dia;Crescente;Chuva;Dupla;"Curva;Declive";Sim;1;0;1;0;0;0;1;1;-27,056089;-48,599449;SPRF-SC;DEL04-SC;UOP03-DEL04-SC;;;
662043;17/02/2025;segunda-feira;18:40:00;RN;304;46,9;MOSSORO;Pedestre cruzava a pista fora da faixa;Atropelamento de Pedestre;Com V�timas Feridas;Plena Noite;Crescente;Garoa/Chuvisco;Dupla;Reta;N�o;2;0;2;0;0;0;2;2;-5,22432117;-37,32464392;SPRF-RN;DEL04-RN;UOP01-DEL04-RN;;;
662046;17/02/2025;segunda-feira;16:00:00;MT;70;2;BARRA DO GARCAS;Ultrapassagem Indevida;Colis�o lateral mesmo sentido;Com V�timas Feridas;Pleno dia;Crescente;C�u Claro;Simples;"Aclive;Reta";Sim;3;0;1;0;2;0;1;3;-15,88749699;-52,26810568;SPRF-MT;DEL07-MT;UOP01-DEL07-MT;;;
662048;17/02/2025;segunda-feira;16:43:00;ES;101;70;SAO MATEUS;Acessar a via sem observar a presen�a dos outros ve�culos;Colis�o transversal;Com V�timas Feridas;Pleno dia;Crescente;C�u Claro;Simples;Reta;Sim;2;0;1;0;0;1;1;2;-18,74453703;-39,86164665;SPRF-ES;DEL04-ES;UOP02-DEL04-ES;;;
662050;17/02/2025;segunda-feira;18:30:00;SC;101;201;SAO JOSE;Rea��o tardia ou ineficiente do condutor;Tombamento;Com V�timas Feridas;Plena Noite;Crescente;Chuva;Dupla;Reta;Sim;1;0;1;0;0;0;1;1;-27,54836599;-48,61977975;SPRF-SC;DEL01-SC;UOP01-DEL01-SC;;;
662051;17/02/2025;segunda-feira;18:10:00;SP;153;50,8;SAO JOSE DO RIO PRETO;Desrespeitar a prefer�ncia no cruzamento;Colis�o transversal;Com V�timas Feridas;Pleno dia;Crescente;C�u Claro;Simples;Interse��o de Vias;N�o;3;0;1;0;2;0;1;2;-20,70901101;-49,33909429;SPRF-SP;DEL09-SP;UOP01-DEL09-SP;;;
662052;17/02/2025;segunda-feira;14:30:00;SC;280;56;GUARAMIRIM;Acessar a via sem observar a presen�a dos outros ve�culos;Colis�o lateral mesmo sentido;Com V�timas Feridas;Pleno dia;Crescente;C�u Claro;Dupla;Reta;Sim;2;0;1;0;1;0;1;2;-26,47947677;-49,00298702;SPRF-SC;DEL03-SC;UOP03-DEL03-SC;;;
662055;17/02/2025;segunda-feira;17:00:00;MG;40;552;NOVA LIMA;Aus�ncia de rea��o do condutor;Colis�o lateral mesmo sentido;Com V�timas Feridas;Anoitecer;Crescente;C�u Claro;Simples;Reta;N�o;2;0;0;1;1;0;1;2;-20,06084086;-43,97716423;SPRF-MG;DEL01-MG;UOP02-DEL01-MG;;;
662057;17/02/2025;segunda-feira;19:00:00;SP;116;452;REGISTRO;Aus�ncia de rea��o do condutor;Tombamento;Com V�timas Feridas;Plena Noite;Crescente;C�u Claro;Simples;Reta;Sim;3;0;2;0;0;1;2;2;-24,55357585;-47,86460045;SPRF-SP;DEL05-SP;UOP01-DEL05-SP;;;
662059;17/02/2025;segunda-feira;19:15:00;RS;470;218,5;BENTO GONCALVES;Aus�ncia de rea��o do condutor;Sa�da de leito carro��vel;Com V�timas Feridas;Plena Noite;Decrescente;Garoa/Chuvisco;Simples;Curva;Sim;1;0;1;0;0;0;1;1;-29,1855816;-51,52109385;SPRF-RS;DEL06-RS;UOP01-DEL06-RS;;;
662060;17/02/2025;segunda-feira;19:43:00;SP;116;146;SAO JOSE DOS CAMPOS;Condutor deixou de manter dist�ncia do ve�culo da frente;Engavetamento;Com V�timas Feridas;Plena Noite;Decrescente;C�u Claro;M�ltipla;Aclive;Sim;4;0;2;0;1;1;2;4;-23,19122919;-45,86327591;SPRF-SP;DEL02-SP;UOP01-DEL02-SP;;;
662061;17/02/2025;segunda-feira;19:40:00;RJ;101;306;SAO GONCALO;Acessar a via sem observar a presen�a dos outros ve�culos;Colis�o lateral mesmo sentido;Com V�timas Feridas;Plena Noite;Crescente;C�u Claro;Dupla;Reta;N�o;2;0;1;0;1;0;1;2;-22,78913759;-43,00550909;SPRF-RJ;DEL02-RJ;UOP02-DEL02-RJ;;;
662062;17/02/2025;segunda-feira;17:20:00;MT;163;826;SINOP;Ilumina��o deficiente;Eventos at�picos;Com V�timas Feridas;Anoitecer;Crescente;C�u Claro;Simples;Reta;Sim;2;0;1;1;0;0;2;1;-12,067608;-55,51749791;SPRF-MT;DEL06-MT;UOP02-DEL06-MT;;;
662064;17/02/2025;segunda-feira;18:30:00;AL;424;99,7;COQUEIRO SECO;Velocidade Incompat�vel;Queda de ocupante de ve�culo;Com V�timas Feridas;Plena Noite;Decrescente;C�u Claro;Simples;Curva;N�o;1;0;0;1;0;0;1;1;-9,64381803;-35,85750913;SPRF-AL;DEL02-AL;UOP01-DEL02-AL;;;
662065;17/02/2025;segunda-feira;19:30:00;GO;70;6,4;AGUAS LINDAS DE GOIAS;Condutor deixou de manter dist�ncia do ve�culo da frente;Colis�o traseira;Com V�timas Feridas;Plena Noite;Crescente;C�u Claro;M�ltipla;Reta;Sim;3;0;1;0;2;0;1;2;-15,740852;-48,270524;SPRF-DF;DEL03-DF;UOP02-DEL03-DF;;;
662066;17/02/2025;segunda-feira;19:15:00;RS;290;324,5;CACAPAVA DO SUL;Acessar a via sem observar a presen�a dos outros ve�culos;Colis�o transversal;Com V�timas Feridas;Anoitecer;Crescente;Nublado;Simples;"Reta;Aclive";N�o;5;0;4;0;1;0;4;2;-30,365133;-53,439455;SPRF-RS;DEL09-RS;UOP02-DEL09-RS;;;
662067;17/02/2025;segunda-feira;11:20:00;RJ;101;323;NITEROI;Manobra de mudan�a de faixa;Tombamento;Com V�timas Feridas;Pleno dia;Crescente;C�u Claro;Dupla;Reta;N�o;1;0;1;0;0;0;1;1;-22,87684786;-43,11728689;SPRF-RJ;DEL02-RJ;UOP01-DEL02-RJ;;;
662068;17/02/2025;segunda-feira;18:30:00;RJ;101;162,7;MACAE;Rea��o tardia ou ineficiente do condutor;Capotamento;Com V�timas Feridas;Anoitecer;Crescente;C�u Claro;Simples;Curva;N�o;3;0;3;0;0;0;3;1;-22,30241181;-41,88311841;SPRF-RJ;DEL08-RJ;UOP04-DEL08-RJ;;;
662069;17/02/2025;segunda-feira;20:25:00;SP;381;42;ATIBAIA;Avarias e/ou desgaste excessivo no pneu;Tombamento;Com V�timas Feridas;Plena Noite;Crescente;C�u Claro;Dupla;Reta;Sim;2;0;2;0;0;0;2;1;-23,147306;-46,57493202;SPRF-SP;DEL03-SP;UOP01-DEL03-SP;;;
662072;17/02/2025;segunda-feira;19:50:00;RJ;101;508;ANGRA DOS REIS;Animais na Pista;Atropelamento de Animal;Com V�timas Feridas;Plena Noite;Decrescente;C�u Claro;Simples;Reta;N�o;2;0;2;0;0;0;2;1;-22,94163902;-44,42239099;SPRF-RJ;DEL03-RJ;UOP03-DEL03-RJ;;;
662074;17/02/2025;segunda-feira;20:40:00;SC;101;200;SAO JOSE;Aus�ncia de rea��o do condutor;Colis�o traseira;Com V�timas Feridas;Plena Noite;Crescente;Chuva;Dupla;"Aclive;Reta";Sim;2;0;1;0;1;0;1;2;-27,54018513;-48,62287714;SPRF-SC;DEL01-SC;UOP01-DEL01-SC;;;
662075;08/02/2025;s�bado;00:45:00;AL;316;258,6;PILAR;Defici�ncia do Sistema de Ilumina��o/Sinaliza��o;Colis�o traseira;Com V�timas Fatais;Plena Noite;Crescente;C�u Claro;Simples;Reta;N�o;3;1;0;1;1;0;1;2;-9,59111036;-35,93216002;SPRF-AL;DEL02-AL;UOP01-DEL02-AL;;;
662077;17/02/2025;segunda-feira;16:30:00;RJ;40;87;PETROPOLIS;Rea��o tardia ou ineficiente do condutor;Tombamento;Com V�timas Feridas;Pleno dia;Decrescente;C�u Claro;Dupla;"Reta;Aclive";N�o;1;0;1;0;0;0;1;1;-22,54413793;-43,23287799;SPRF-RJ;DEL01-RJ;UOP01-DEL01-RJ;;;
662078;17/02/2025;segunda-feira;08:15:00;BA;407;10;JUAZEIRO;Acessar a via sem observar a presen�a dos outros ve�culos;Colis�o lateral mesmo sentido;Com V�timas Feridas;Pleno dia;Decrescente;C�u Claro;Simples;Reta;N�o;3;0;0;1;2;0;1;2;-9,48835988;-40,47117774;SPRF-BA;DEL04-BA;UOP01-DEL04-BA;;;
662079;17/02/2025;segunda-feira;21:50:00;BA;116;6;FEIRA DE SANTANA;Ingest�o de �lcool pelo condutor;Colis�o com objeto;Sem V�timas;Plena Noite;Crescente;C�u Claro;Dupla;Reta;Sim;2;0;0;0;0;2;0;2;-12,27157318;-38,9862299;SPRF-PE;DEL05-PE;UOP03-DEL05-PE;;;
662082;17/02/2025;segunda-feira;19:30:00;RJ;495;3;TERESOPOLIS;Acesso irregular;Atropelamento de Pedestre;Com V�timas Feridas;Plena Noite;Decrescente;C�u Claro;Simples;Reta;Sim;3;0;1;0;2;0;1;3;-22,40116917;-42,97965288;SPRF-RJ;DEL04-RJ;UOP01-DEL04-RJ;;;
662086;17/02/2025;segunda-feira;23:20:00;BA;116;426;FEIRA DE SANTANA;Demais falhas mec�nicas ou el�tricas;Inc�ndio;Sem V�timas;Plena Noite;Crescente;C�u Claro;Dupla;Reta;Sim;1;0;0;0;1;0;0;1;-12,26442321;-38,98953438;SPRF-BA;DEL02-BA;UOP01-DEL02-BA;;;
662087;17/02/2025;segunda-feira;20:00:00;PR;373;383;CANDOI;Aus�ncia de rea��o do condutor;Sa�da de leito carro��vel;Sem V�timas;Plena Noite;Crescente;Nublado;Simples;Curva;N�o;2;0;0;0;0;2;0;2;-25,46468499;-51,95723639;SPRF-PR;DEL08-PR;UOP01-DEL08-PR;;;
662088;17/02/2025;segunda-feira;19:50:00;PR;373;394;CANDOI;Aus�ncia de rea��o do condutor;Colis�o lateral mesmo sentido;Com V�timas Feridas;Plena Noite;Decrescente;Chuva;Simples;Curva;N�o;3;0;3;0;0;0;3;1;-25,5396;-52,0072;SPRF-PR;DEL08-PR;UOP01-DEL08-PR;;;
662089;18/02/2025;ter�a-feira;00:20:00;SC;101;206;SAO JOSE;Manobra de mudan�a de faixa;Colis�o lateral mesmo sentido;Com V�timas Feridas;Plena Noite;Decrescente;C�u Claro;M�ltipla;"Interse��o de Vias;Reta";Sim;3;0;1;0;2;0;1;2;-27,59193546;-48,61824557;SPRF-SC;DEL01-SC;UOP01-DEL01-SC;;;
662090;17/02/2025;segunda-feira;22:30:00;SC;470;26,7;ILHOTA;Aus�ncia de rea��o do condutor;Sa�da de leito carro��vel;Sem V�timas;Plena Noite;Crescente;Nublado;Dupla;Reta;N�o;1;0;0;0;1;0;0;1;-26,887402;-48,875191;SPRF-SC;DEL04-SC;UOP04-DEL04-SC;;;
662093;17/02/2025;segunda-feira;20:05:00;MA;135;22;SAO LUIS;Aus�ncia de rea��o do condutor;Colis�o transversal;Com V�timas Feridas;Plena Noite;Crescente;Chuva;Dupla;Reta;Sim;4;0;1;1;2;0;2;2;-2,53073;-44,3068;SPRF-MA;DEL01-MA;UOP01-DEL01-MA;;;
662094;18/02/2025;ter�a-feira;02:00:00;PE;316;66;TRINDADE;Transitar na contram�o;Queda de ocupante de ve�culo;Com V�timas Fatais;Plena Noite;Crescente;Chuva;Simples;Aclive;N�o;1;1;0;0;0;0;0;1;-7,78931549;-40,20951831;SPRF-PE;DEL05-PE;UOP02-DEL05-PE;;;
662096;18/02/2025;ter�a-feira;04:30:00;RS;386;228,8;MORMACO;Condutor Dormindo;Tombamento;Com V�timas Feridas;Plena Noite;Crescente;Nublado;Simples;Curva;N�o;1;0;1;0;0;0;1;1;-28,68727472;-52,58799076;SPRF-RS;DEL04-RS;UOP03-DEL04-RS;;;
662097;18/02/2025;ter�a-feira;05:00:00;PR;277;20;PARANAGUA;Velocidade Incompat�vel;Colis�o traseira;Com V�timas Feridas;Plena Noite;Crescente;Nublado;M�ltipla;Reta;N�o;5;0;4;0;0;1;4;3;-25,55344668;-48,66191283;SPRF-PR;DEL01-PR;UOP05-DEL01-PR;;;
662101;18/02/2025;ter�a-feira;06:20:00;DF;20;18,2;BRASILIA;Acessar a via sem observar a presen�a dos outros ve�culos;Colis�o traseira;Com V�timas Feridas;Pleno dia;Crescente;C�u Claro;Dupla;Declive;N�o;3;0;1;0;2;0;1;2;-15,616901;-47,708927;SPRF-DF;DEL02-DF;UOP01-DEL02-DF;;;
662102;18/02/2025;ter�a-feira;06:00:00;TO;153;210;NOVA OLINDA;Rea��o tardia ou ineficiente do condutor;Tombamento;Com V�timas Feridas;Amanhecer;Crescente;Nublado;Simples;Reta;N�o;2;0;2;0;0;0;2;1;-7,73494004;-48,44802389;SPRF-TO;DEL02-TO;UOP01-DEL02-TO;;;
662103;17/02/2025;segunda-feira;19:00:00;CE;20;358;CARIDADE;Aus�ncia de rea��o do condutor;Sa�da de leito carro��vel;Sem V�timas;Plena Noite;Decrescente;C�u Claro;Dupla;Reta;N�o;1;0;0;0;1;0;0;1;-4,03936964;-38,99855442;SPRF-CE;DEL02-CE;UOP01-DEL02-CE;;;
662104;18/02/2025;ter�a-feira;06:30:00;RN;101;85;NATAL;Aus�ncia de rea��o do condutor;Tombamento;Com V�timas Feridas;Pleno dia;Crescente;C�u Claro;Simples;Reta;N�o;1;0;1;0;0;0;1;1;-5,777664;-35,24937;SPRF-RN;DEL02-RN;UOP01-DEL02-RN;;;
662106;18/02/2025;ter�a-feira;05:40:00;MG;40;503,5;ESMERALDAS;Rea��o tardia ou ineficiente do condutor;Colis�o traseira;Com V�timas Feridas;Amanhecer;Crescente;C�u Claro;Dupla;"Declive;Reta";Sim;3;0;1;0;1;1;1;2;-19,724497;-44,154773;SPRF-MG;DEL02-MG;UOP01-DEL02-MG;;;
662109;17/02/2025;segunda-feira;19:30:00;RJ;465;1;SEROPEDICA;Convers�o proibida;Colis�o lateral sentido oposto;Com V�timas Feridas;Plena Noite;Crescente;C�u Claro;Simples;Reta;N�o;2;0;1;0;1;0;1;2;-22,719835;-43,725739;SPRF-RJ;DEL06-RJ;UOP02-DEL06-RJ;;;
662112;18/02/2025;ter�a-feira;04:00:00;MG;50;64;UBERLANDIA;Animais na Pista;Atropelamento de Animal;Com V�timas Feridas;Pleno dia;Crescente;C�u Claro;Dupla;"Aclive;Reta";N�o;1;0;1;0;0;0;1;1;-18,84248402;-48,25258395;SPRF-MG;DEL15-MG;UOP02-DEL15-MG;;;
662113;18/02/2025;ter�a-feira;06:45:00;DF;70;15;BRASILIA;Manobra de mudan�a de faixa;Colis�o traseira;Com V�timas Feridas;Pleno dia;Crescente;C�u Claro;Dupla;Reta;N�o;2;0;1;0;1;0;1;2;-15,798888;-48,185043;SPRF-DF;DEL03-DF;UOP02-DEL03-DF;;;
662114;18/02/2025;ter�a-feira;06:20:00;MG;40;516;RIBEIRAO DAS NEVES;Aus�ncia de rea��o do condutor;Colis�o traseira;Com V�timas Feridas;Pleno dia;Crescente;C�u Claro;Dupla;Reta;Sim;6;0;2;0;4;0;2;4;-19,81628624;-44,08960124;SPRF-MG;DEL01-MG;UOP02-DEL01-MG;;;
662117;18/02/2025;ter�a-feira;07:15:00;SP;153;59,9;SAO JOSE DO RIO PRETO;Condutor deixou de manter dist�ncia do ve�culo da frente;Colis�o traseira;Com V�timas Feridas;Pleno dia;Crescente;Sol;Dupla;Reta;Sim;2;0;1;0;1;0;1;2;-20,78733103;-49,35399276;SPRF-SP;DEL09-SP;UOP01-DEL09-SP;;;
662118;18/02/2025;ter�a-feira;07:10:00;SP;116;449;REGISTRO;Aus�ncia de rea��o do condutor;Sa�da de leito carro��vel;Com V�timas Feridas;Amanhecer;Decrescente;C�u Claro;Simples;Reta;Sim;1;0;1;0;0;0;1;1;-24,52913591;-47,85619324;SPRF-SP;DEL05-SP;UOP01-DEL05-SP;;;
662119;18/02/2025;ter�a-feira;06:50:00;RJ;493;8;ITABORAI;Condutor deixou de manter dist�ncia do ve�culo da frente;Colis�o traseira;Sem V�timas;Pleno dia;Decrescente;C�u Claro;Dupla;Reta;Sim;2;0;0;0;2;0;0;2;-22,71330892;-42,95334574;SPRF-RJ;DEL04-RJ;UOP02-DEL04-RJ;;;
662121;18/02/2025;ter�a-feira;07:11:00;SC;470;54,1;BLUMENAU;Trafegar com motocicleta (ou similar) entre as faixas;Colis�o transversal;Com V�timas Feridas;Pleno dia;Crescente;C�u Claro;Simples;Reta;N�o;3;0;1;0;2;0;1;3;-26,87164542;-49,11195517;SPRF-SC;DEL04-SC;UOP01-DEL04-SC;;;
662123;17/02/2025;segunda-feira;23:15:00;SE;101;91,9;NOSSA SENHORA DO SOCORRO;Animais na Pista;Tombamento;Com V�timas Fatais;Plena Noite;Crescente;C�u Claro;Dupla;"Reta;Declive";Sim;2;1;0;0;0;1;0;2;-10,90216145;-37,13438988;SPRF-SE;DEL01-SE;UOP01-DEL01-SE;;;
662124;18/02/2025;ter�a-feira;07:30:00;RJ;101;399;ITAGUAI;�rea urbana sem a presen�a de local apropriado para a travessia de pedestres;Atropelamento de Pedestre;Com V�timas Feridas;Pleno dia;Crescente;C�u Claro;Simples;Reta;Sim;2;0;1;0;1;0;1;2;-22,86430096;-43,75315905;SPRF-RJ;DEL03-RJ;UOP01-DEL03-RJ;;;
662125;18/02/2025;ter�a-feira;07:26:00;RS;158;565;SANTANA DO LIVRAMENTO;Convers�o proibida;Colis�o transversal;Com V�timas Feridas;Pleno dia;Decrescente;C�u Claro;Simples;Reta;Sim;3;0;1;0;2;0;1;2;-30,868536;-55,50789;SPRF-RS;DEL11-RS;UOP01-DEL11-RS;;;
662127;18/02/2025;ter�a-feira;07:50:00;SC;282;524,9;XAXIM;Condutor Dormindo;Colis�o frontal;Com V�timas Feridas;Pleno dia;Crescente;C�u Claro;Simples;Reta;N�o;5;0;3;0;2;0;3;3;-26,965002;-52,557384;SPRF-SC;DEL07-SC;UOP01-DEL07-SC;;;
662128;10/02/2025;segunda-feira;13:50:00;ES;101;265;SERRA;Aus�ncia de rea��o do condutor;Colis�o com objeto;Com V�timas Feridas;Pleno dia;Decrescente;C�u Claro;Dupla;Declive;Sim;1;0;1;0;0;0;1;1;-20,1816849;-40,26536036;SPRF-ES;DEL02-ES;UOP01-DEL02-ES;;;
662129;18/02/2025;ter�a-feira;07:50:00;RS;116;252;SAPUCAIA DO SUL;Manobra de mudan�a de faixa;Colis�o lateral mesmo sentido;Com V�timas Feridas;Pleno dia;Crescente;C�u Claro;M�ltipla;"Reta;Declive";N�o;2;0;0;1;1;0;1;2;-29,80913395;-51,1675292;SPRF-RS;DEL01-RS;UOP02-DEL01-RS;;;
662131;18/02/2025;ter�a-feira;07:25:00;PR;376;207;APUCARANA;Frear bruscamente;Colis�o traseira;Com V�timas Feridas;Pleno dia;Decrescente;C�u Claro;Simples;Reta;N�o;3;0;1;1;1;0;2;3;-23,564705;-51,50112;SPRF-PR;DEL09-PR;UOP01-DEL09-PR;;;
662132;18/02/2025;ter�a-feira;07:50:00;PR;476;146;ARAUCARIA;Trafegar com motocicleta (ou similar) entre as faixas;Colis�o transversal;Com V�timas Feridas;Pleno dia;Crescente;Nublado;Dupla;Reta;N�o;2;0;1;0;1;0;1;2;-25,551186;-49,330109;SPRF-PR;DEL01-PR;UOP06-DEL01-PR;;;
662135;18/02/2025;ter�a-feira;08:20:00;CE;116;6,1;FORTALEZA;Aus�ncia de rea��o do condutor;Colis�o traseira;Com V�timas Feridas;Pleno dia;Crescente;Chuva;M�ltipla;Reta;Sim;3;0;1;0;2;0;1;2;-3,802624;-38,50400499;SPRF-CE;DEL01-CE;UOP02-DEL01-CE;;;
662136;18/02/2025;ter�a-feira;06:45:00;RN;304;131,8;ITAJA;Demais falhas mec�nicas ou el�tricas;Queda de ocupante de ve�culo;Com V�timas Feridas;Pleno dia;Crescente;C�u Claro;Simples;Reta;N�o;1;0;1;0;0;0;1;1;-5,65909301;-36,762258;SPRF-RN;DEL04-RN;UOP01-DEL04-RN;;;
662137;18/02/2025;ter�a-feira;08:00:00;CE;116;16;ITAITINGA;Manobra de mudan�a de faixa;Colis�o lateral mesmo sentido;Com V�timas Feridas;Pleno dia;Crescente;Nublado;Dupla;Reta;Sim;2;0;1;0;1;0;1;2;-3,89082997;-38,5023215;SPRF-CE;DEL01-CE;UOP02-DEL01-CE;;;
662141;18/02/2025;ter�a-feira;07:15:00;MG;40;698,8;BARBACENA;Retorno proibido;Colis�o transversal;Com V�timas Feridas;Pleno dia;Decrescente;C�u Claro;Simples;Reta;N�o;2;0;0;1;1;0;1;2;-21,16235;-43,759854;SPRF-MG;DEL05-MG;UOP02-DEL05-MG;;;
662142;18/02/2025;ter�a-feira;09:00:00;PI;343;304,9;ALTOS;Condutor deixou de manter dist�ncia do ve�culo da frente;Colis�o transversal;Com V�timas Feridas;Pleno dia;Decrescente;C�u Claro;Simples;Reta;Sim;2;0;1;1;0;0;2;2;-5,028232;-42,437134;SPRF-PI;DEL01-PI;UOP01-DEL01-PI;;;
662146;18/02/2025;ter�a-feira;03:30:00;PR;277;396;CANDOI;Ingest�o de �lcool pelo condutor;Colis�o com objeto;Sem V�timas;Plena Noite;Decrescente;Chuva;Simples;Reta;N�o;1;0;0;0;0;1;0;1;-25,4512;-51,933;SPRF-PR;DEL08-PR;UOP01-DEL08-PR;;;
662151;18/02/2025;ter�a-feira;09:40:00;PR;369;147,3;LONDRINA;Aus�ncia de rea��o do condutor;Sa�da de leito carro��vel;Com V�timas Feridas;Pleno dia;Decrescente;Sol;Dupla;Reta;Sim;2;0;2;0;0;0;2;1;-23,29319312;-51,13606387;SPRF-PR;DEL07-PR;UOP01-DEL07-PR;;;
662153;06/02/2025;quinta-feira;14:00:00;MG;381;453;SABARA;Retorno proibido;Colis�o transversal;Com V�timas Feridas;Pleno dia;Crescente;Sol;Simples;"Declive;Reta";Sim;2;0;0;1;1;0;1;2;-19,83854232;-43,86103213;SPRF-MG;DEL01-MG;UOP01-DEL01-MG;;;
662154;18/02/2025;ter�a-feira;08:00:00;PR;116;205,9;RIO NEGRO;Aus�ncia de rea��o do condutor;Sa�da de leito carro��vel;Sem V�timas;Pleno dia;Crescente;C�u Claro;Simples;"Reta;Declive";N�o;1;0;0;0;0;1;0;1;-26,05749692;-49,72632005;SPRF-SC;DEL06-SC;UOP01-DEL06-SC;;;
662155;18/02/2025;ter�a-feira;11:00:00;RS;116;293;ELDORADO DO SUL;Condutor deixou de manter dist�ncia do ve�culo da frente;Colis�o traseira;Com V�timas Feridas;Pleno dia;Crescente;C�u Claro;Dupla;Reta;N�o;2;0;1;0;1;0;1;2;-30,06190803;-51,33968194;SPRF-RS;DEL02-RS;UOP01-DEL02-RS;;;
662158;18/02/2025;ter�a-feira;10:25:00;SC;101;358,9;SANGAO;Demais falhas mec�nicas ou el�tricas;Tombamento;Com V�timas Feridas;Pleno dia;Crescente;C�u Claro;M�ltipla;Reta;N�o;2;0;2;0;0;0;2;1;-28,642765;-49,100403;SPRF-SC;DEL02-SC;UOP01-DEL02-SC;;;
662161;15/01/2025;quarta-feira;21:00:00;PI;222;69;BRASILEIRA;Pista Escorregadia;Tombamento;Com V�timas Feridas;Plena Noite;Crescente;Chuva;Simples;"Em Obras;Reta";N�o;1;0;1;0;0;0;1;1;-4,24760919;-41,72095502;SPRF-PI;DEL02-PI;UOP01-DEL02-PI;;;
662163;18/02/2025;ter�a-feira;11:18:00;DF;40;8;BRASILIA;Acessar a via sem observar a presen�a dos outros ve�culos;Colis�o traseira;Com V�timas Feridas;Pleno dia;Decrescente;C�u Claro;M�ltipla;Viaduto;Sim;2;0;1;0;1;0;1;2;-16,038666;-47,979691;SPRF-DF;DEL01-DF;UOP01-DEL01-DF;;;
662164;18/02/2025;ter�a-feira;11:42:00;SP;116;215;GUARULHOS;Rea��o tardia ou ineficiente do condutor;Colis�o lateral mesmo sentido;Com V�timas Feridas;Pleno dia;Crescente;C�u Claro;M�ltipla;Reta;Sim;3;0;1;0;2;0;1;3;-23,44695693;-46,45394103;SPRF-SP;DEL01-SP;UOP01-DEL01-SP;;;
662165;18/02/2025;ter�a-feira;10:15:00;PR;163;209,4;CASCAVEL;Chuva;Sa�da de leito carro��vel;Com V�timas Feridas;Pleno dia;Crescente;Chuva;Dupla;Reta;N�o;1;0;1;0;0;0;1;1;-24,952593;-53,54008898;SPRF-PR;DEL05-PR;UOP05-DEL05-PR;;;
662167;18/02/2025;ter�a-feira;11:30:00;SC;101;153;PORTO BELO;Rea��o tardia ou ineficiente do condutor;Tombamento;Com V�timas Feridas;Pleno dia;Decrescente;Nublado;M�ltipla;"Retorno Regulamentado;Reta";N�o;1;0;1;0;0;0;1;1;-27,14429415;-48,61032844;SPRF-SC;DEL04-SC;UOP03-DEL04-SC;;;
662169;18/02/2025;ter�a-feira;08:35:00;SC;101;194;BIGUACU;Acessar a via sem observar a presen�a dos outros ve�culos;Colis�o traseira;Com V�timas Feridas;Pleno dia;Crescente;C�u Claro;M�ltipla;Reta;Sim;2;0;1;0;1;0;1;2;-27,49815117;-48,65661236;SPRF-SC;DEL01-SC;UOP01-DEL01-SC;;;
662171;18/02/2025;ter�a-feira;12:00:00;RS;116;115,6;SAO MARCOS;Rea��o tardia ou ineficiente do condutor;Atropelamento de Pedestre;Sem V�timas;Pleno dia;Decrescente;Nublado;Dupla;"Interse��o de Vias;Rotat�ria";Sim;3;0;0;0;3;0;0;2;-28,9712;-51,072197;SPRF-RS;DEL05-RS;UOP01-DEL05-RS;;;
662174;15/01/2025;quarta-feira;16:20:00;PR;163;343;GUAIRA;Acessar a via sem observar a presen�a dos outros ve�culos;Colis�o transversal;Com V�timas Feridas;Pleno dia;Crescente;C�u Claro;Simples;"Reta;Retorno Regulamentado";N�o;2;0;0;1;1;0;1;2;-24,21375699;-54,19958751;SPRF-PR;DEL06-PR;UOP01-DEL06-PR;;;
662176;18/02/2025;ter�a-feira;13:00:00;SC;282;16,4;PALHOCA;Velocidade Incompat�vel;Colis�o transversal;Com V�timas Feridas;Pleno dia;Decrescente;Nublado;Simples;Interse��o de Vias;Sim;2;0;1;0;1;0;1;2;-27,658611;-48,681847;SPRF-SC;DEL01-SC;UOP02-DEL01-SC;;;
662177;18/02/2025;ter�a-feira;12:25:00;PR;369;171;ROLANDIA;Convers�o proibida;Colis�o transversal;Com V�timas Feridas;Pleno dia;Decrescente;C�u Claro;Simples;Reta;Sim;2;0;1;0;1;0;1;2;-23,303;-51,355;SPRF-PR;DEL07-PR;UOP01-DEL07-PR;;;
662178;18/02/2025;ter�a-feira;11:58:00;PA;230;114;MARABA;Aus�ncia de rea��o do condutor;Colis�o traseira;Sem V�timas;Pleno dia;Crescente;C�u Claro;Simples;Reta;Sim;2;0;0;0;2;0;0;2;-5,36466678;-49,06623294;SPRF-PA;DEL03-PA;UOP01-DEL03-PA;;;
662180;15/02/2025;s�bado;08:00:00;RJ;101;69;CAMPOS DOS GOYTACAZES;Transitar no Acostamento;Colis�o transversal;Com V�timas Feridas;Pleno dia;Decrescente;C�u Claro;Simples;"Reta;Rotat�ria";N�o;2;0;0;1;1;0;1;2;-21,77624383;-41,3653321;SPRF-RJ;DEL08-RJ;UOP02-DEL08-RJ;;;