id;data_inversa;dia_semana;horario;uf;br;km;municipio;causa_acidente;tipo_acidente;classificacao_acidente;fase_dia;sentido_via;condicao_metereologica;tipo_pista;tracado_via;uso_solo;pessoas;mortos;feridos_leves;feridos_graves;ilesos;ignorados;feridos;veiculos;latitude;longitude;regional;delegacia;uop;;;
662181;18/02/2025;ter�a-feira;13:00:00;SC;480;128;CHAPECO;Manobra de mudan�a de faixa;Colis�o lateral mesmo sentido;Com V�timas Feridas;Pleno dia;Crescente;Sol;Dupla;Reta;N�o;2;0;1;0;1;0;1;2;-27,03781899;-52,63432603;SPRF-SC;DEL07-SC;UOP01-DEL07-SC;;;
662182;18/02/2025;ter�a-feira;13:25:00;SC;470;127,6;LONTRAS;Convers�o proibida;Colis�o transversal;Com V�timas Feridas;Pleno dia;Decrescente;Nublado;Simples;Reta;N�o;4;0;2;0;1;1;2;3;-27,136574;-49,543015;SPRF-SC;DEL04-SC;UOP02-DEL04-SC;;;
662183;18/02/2025;ter�a-feira;12:40:00;PR;476;130,9;CURITIBA;Velocidade Incompat�vel;Colis�o traseira;Com V�timas Feridas;Pleno dia;Decrescente;Chuva;M�ltipla;Reta;Sim;4;0;1;0;2;1;1;2;-25,45345907;-49,24347704;SPRF-PR;DEL01-PR;UOP01-DEL01-PR;;;
662184;18/02/2025;ter�a-feira;07:00:00;MG;262;400,9;PARA DE MINAS;Acumulo de �leo sobre o pavimento;Tombamento;Com V�timas Feridas;Pleno dia;Crescente;Sol;Dupla;"Curva;Aclive";Sim;1;0;1;0;0;0;1;1;-19,90293517;-44,54364505;SPRF-MG;DEL01-MG;UOP03-DEL01-MG;;;
662185;18/02/2025;ter�a-feira;12:00:00;PE;101;75,5;RECIFE;Transitar no Acostamento;Colis�o traseira;Sem V�timas;Pleno dia;Decrescente;C�u Claro;Dupla;Reta;Sim;4;0;0;0;2;2;0;2;-8,114638;-34,944664;SPRF-PE;DEL01-PE;UOP01-DEL01-PE;;;
662187;18/02/2025;ter�a-feira;12:20:00;PR;373;258,3;PRUDENTOPOLIS;Rea��o tardia ou ineficiente do condutor;Tombamento;Sem V�timas;Pleno dia;Crescente;Nublado;Simples;Reta;N�o;2;0;0;0;2;0;0;1;-25,20090283;-50,92849731;SPRF-PR;DEL08-PR;UOP01-DEL08-PR;;;
662188;29/01/2025;quarta-feira;13:40:00;MG;116;585;MANHUACU;Demais falhas na via;Eventos at�picos;Com V�timas Feridas;Pleno dia;Crescente;C�u Claro;Simples;Reta;N�o;3;0;1;0;1;1;1;2;-20,23618707;-42,16556506;SPRF-MG;DEL06-MG;UOP03-DEL06-MG;;;
662189;18/02/2025;ter�a-feira;11:30:00;GO;251;28;CRISTALINA;Acessar a via sem observar a presen�a dos outros ve�culos;Colis�o transversal;Com V�timas Feridas;Pleno dia;Decrescente;C�u Claro;Simples;Reta;Sim;2;0;1;0;1;0;1;2;-16,090823;-47,512542;SPRF-DF;DEL01-DF;UOP01-DEL01-DF;;;
662191;18/02/2025;ter�a-feira;13:40:00;MS;262;357;CAMPO GRANDE;Aus�ncia de rea��o do condutor;Sa�da de leito carro��vel;Com V�timas Feridas;Pleno dia;Crescente;Nublado;Simples;Reta;Sim;1;0;1;0;0;0;1;1;-20,54411599;-54,689339;SPRF-MS;DEL01-MS;UOP03-DEL01-MS;;;
662193;18/02/2025;ter�a-feira;14:40:00;RS;158;327;SANTA MARIA;Manobra de mudan�a de faixa;Colis�o traseira;Com V�timas Feridas;Pleno dia;Crescente;C�u Claro;Dupla;Reta;Sim;2;0;1;0;1;0;1;2;-29,714945;-53,81083;SPRF-RS;DEL09-RS;UOP01-DEL09-RS;;;
662196;05/01/2025;domingo;19:55:00;RJ;101;472;ANGRA DOS REIS;Acesso irregular;Colis�o transversal;Com V�timas Feridas;Anoitecer;Decrescente;C�u Claro;Simples;Reta;Sim;2;0;0;1;1;0;1;2;-22,988676;-44,23305893;SPRF-RJ;DEL03-RJ;UOP03-DEL03-RJ;;;
662197;14/02/2025;sexta-feira;19:55:00;MT;364;261;JUSCIMEIRA;Rea��o tardia ou ineficiente do condutor;Sa�da de leito carro��vel;Com V�timas Feridas;Plena Noite;Decrescente;Nublado;Dupla;Reta;N�o;1;0;1;0;0;0;1;1;-16,02549344;-54,89640713;SPRF-MT;DEL02-MT;UOP01-DEL02-MT;;;
662199;18/02/2025;ter�a-feira;14:45:00;PR;369;109,1;URAI;Condutor Dormindo;Queda de ocupante de ve�culo;Com V�timas Feridas;Pleno dia;Crescente;C�u Claro;Dupla;Reta;N�o;1;0;1;0;0;0;1;1;-23,26954743;-50,79688668;SPRF-PR;DEL07-PR;UOP05-DEL07-PR;;;
662205;18/02/2025;ter�a-feira;15:40:00;MA;226;287,6;BARRA DO CORDA;Manobra de mudan�a de faixa;Sa�da de leito carro��vel;Com V�timas Feridas;Pleno dia;Crescente;Nublado;Simples;Reta;N�o;5;0;5;0;0;0;5;1;-5,45376587;-45,15414307;SPRF-MA;DEL06-MA;UOP01-DEL06-MA;;;
662206;18/02/2025;ter�a-feira;15:10:00;MG;40;511;RIBEIRAO DAS NEVES;Acessar a via sem observar a presen�a dos outros ve�culos;Colis�o traseira;Com V�timas Feridas;Pleno dia;Decrescente;C�u Claro;Dupla;Aclive;Sim;2;0;0;1;1;0;1;2;-19,78164295;-44,11733194;SPRF-MG;DEL01-MG;UOP02-DEL01-MG;;;
662207;18/02/2025;ter�a-feira;16:00:00;PB;101;88;JOAO PESSOA;Acumulo de areia ou detritos sobre o pavimento;Tombamento;Com V�timas Feridas;Pleno dia;Decrescente;C�u Claro;Dupla;Curva;Sim;1;0;1;0;0;0;1;1;-7,16470016;-34,89993643;SPRF-PB;DEL01-PB;UOP01-DEL01-PB;;;
662209;18/02/2025;ter�a-feira;15:45:00;SP;116;448;REGISTRO;Rea��o tardia ou ineficiente do condutor;Tombamento;Com V�timas Feridas;Pleno dia;Decrescente;Nublado;Dupla;Reta;Sim;2;0;1;0;0;1;1;2;-24,52099699;-47,85336602;SPRF-SP;DEL05-SP;UOP01-DEL05-SP;;;
662210;18/02/2025;ter�a-feira;16:20:00;SP;381;84;SAO PAULO;Rea��o tardia ou ineficiente do condutor;Queda de ocupante de ve�culo;Com V�timas Feridas;Pleno dia;Decrescente;C�u Claro;Dupla;Reta;N�o;2;0;2;0;0;0;2;1;-23,43937;-46,56807;SPRF-SP;DEL03-SP;UOP01-DEL03-SP;;;
662211;30/01/2025;quinta-feira;19:15:00;MG;251;221,1;CACHOEIRA DE PAJEU;Rea��o tardia ou ineficiente do condutor;Colis�o lateral mesmo sentido;Com V�timas Feridas;Plena Noite;Decrescente;C�u Claro;Simples;Reta;N�o;4;0;1;0;3;0;1;2;-15,9389439;-41,6091634;SPRF-MG;DEL12-MG;UOP02-DEL12-MG;;;
662212;18/02/2025;ter�a-feira;16:45:00;PI;343;28;PARNAIBA;Problema com o freio;Colis�o transversal;Com V�timas Feridas;Pleno dia;Decrescente;C�u Claro;Simples;Reta;N�o;2;0;0;1;1;0;1;2;-3,052351;-41,77544;SPRF-PI;DEL05-PI;UOP01-DEL05-PI;;;
662213;18/02/2025;ter�a-feira;15:30:00;SC;101;44;JOINVILLE;Rea��o tardia ou ineficiente do condutor;Colis�o com objeto;Com V�timas Feridas;Pleno dia;Crescente;Chuva;Dupla;Reta;Sim;1;0;0;1;0;0;1;1;-26,31238996;-48,87458997;SPRF-SC;DEL03-SC;UOP01-DEL03-SC;;;
662215;18/02/2025;ter�a-feira;17:20:00;CE;116;5;FORTALEZA;Frear bruscamente;Tombamento;Com V�timas Feridas;Pleno dia;Crescente;Sol;M�ltipla;Reta;Sim;1;0;1;0;0;0;1;1;-3,79425538;-38,50792766;SPRF-CE;DEL01-CE;UOP02-DEL01-CE;;;
662217;18/02/2025;ter�a-feira;16:20:00;PR;376;651;TIJUCAS DO SUL;Rea��o tardia ou ineficiente do condutor;Colis�o transversal;Sem V�timas;Pleno dia;Decrescente;Garoa/Chuvisco;Dupla;"Curva;Retorno Regulamentado";Sim;2;0;0;0;2;0;0;2;-25,845243;-49,078578;SPRF-PR;DEL01-PR;UOP04-DEL01-PR;;;
662219;18/02/2025;ter�a-feira;17:46:00;SP;116;216;GUARULHOS;Trafegar com motocicleta (ou similar) entre as faixas;Colis�o traseira;Sem V�timas;Anoitecer;Decrescente;C�u Claro;M�ltipla;Reta;N�o;5;0;0;0;4;1;0;2;-23,45056589;-46,46258105;SPRF-SP;DEL01-SP;UOP01-DEL01-SP;;;
662220;18/02/2025;ter�a-feira;17:40:00;RS;116;143;CAXIAS DO SUL;Desrespeitar a prefer�ncia no cruzamento;Colis�o transversal;Com V�timas Feridas;Pleno dia;Crescente;Sol;M�ltipla;"Reta;Interse��o de Vias";Sim;2;0;1;0;1;0;1;2;-29,1201739;-51,12260651;SPRF-RS;DEL05-RS;UOP01-DEL05-RS;;;
662221;18/02/2025;ter�a-feira;17:45:00;RS;392;67;PELOTAS;Condutor deixou de manter dist�ncia do ve�culo da frente;Colis�o traseira;Com V�timas Feridas;Pleno dia;Crescente;Nublado;M�ltipla;"Interse��o de Vias;Viaduto";Sim;2;0;1;0;0;1;1;2;-31,75709532;-52,39980728;SPRF-RS;DEL07-RS;UOP01-DEL07-RS;;;
662222;18/02/2025;ter�a-feira;17:00:00;MG;40;525;CONTAGEM;Ingest�o de �lcool pelo condutor;Colis�o lateral mesmo sentido;Sem V�timas;Pleno dia;Decrescente;C�u Claro;Dupla;Curva;Sim;2;0;0;0;2;0;0;2;-19,88361702;-44,05039336;SPRF-MG;DEL01-MG;UOP02-DEL01-MG;;;
662223;18/02/2025;ter�a-feira;17:30:00;BA;324;518,8;FEIRA DE SANTANA;Velocidade Incompat�vel;Colis�o traseira;Com V�timas Feridas;Pleno dia;Decrescente;Sol;Dupla;"Reta;Viaduto";Sim;4;0;2;0;2;0;2;3;-12,27058515;-38,93493533;SPRF-BA;DEL02-BA;UOP01-DEL02-BA;;;
662224;18/02/2025;ter�a-feira;17:02:00;ES;101;269;SERRA;Aus�ncia de rea��o do condutor;Colis�o traseira;Sem V�timas;Anoitecer;Decrescente;C�u Claro;Dupla;Reta;Sim;3;0;0;0;1;2;0;3;-20,21740496;-40,26990578;SPRF-ES;DEL02-ES;UOP01-DEL02-ES;;;
662226;18/02/2025;ter�a-feira;18:10:00;MG;50;19;UBERLANDIA;Demais falhas mec�nicas ou el�tricas;Tombamento;Com V�timas Feridas;Pleno dia;Crescente;C�u Claro;Dupla;"Curva;Declive";Sim;1;0;1;0;0;0;1;1;-18,9113;-48,2622;SPRF-MG;DEL15-MG;UOP01-DEL15-MG;;;
662227;18/02/2025;ter�a-feira;12:05:00;SC;282;553,5;NOVA ITABERABA;Manobra de mudan�a de faixa;Sa�da de leito carro��vel;Com V�timas Feridas;Pleno dia;Crescente;Nublado;Simples;Reta;N�o;1;0;1;0;0;0;1;1;-26,93815;-52,791916;SPRF-SC;DEL07-SC;UOP01-DEL07-SC;;;
662229;18/02/2025;ter�a-feira;18:10:00;RJ;40;62,9;PETROPOLIS;Condutor Dormindo;Sa�da de leito carro��vel;Sem V�timas;Anoitecer;Crescente;C�u Claro;Dupla;Reta;N�o;1;0;0;0;1;0;0;1;-22,40542358;-43,14664526;SPRF-RJ;DEL05-RJ;UOP02-DEL05-RJ;;;
662230;18/02/2025;ter�a-feira;18:25:00;SC;101;199,1;SAO JOSE;Rea��o tardia ou ineficiente do condutor;Colis�o traseira;Com V�timas Feridas;Anoitecer;Decrescente;Chuva;Dupla;Reta;Sim;2;0;1;0;1;0;1;2;-27,53413705;-48,63003205;SPRF-SC;DEL01-SC;UOP01-DEL01-SC;;;
662231;21/01/2025;ter�a-feira;10:40:00;BA;110;302;INHAMBUPE;Demais falhas mec�nicas ou el�tricas;Sa�da de leito carro��vel;Com V�timas Feridas;Pleno dia;Crescente;C�u Claro;Simples;Reta;N�o;2;0;2;0;0;0;2;1;-11,925838;-38,374245;SPRF-BA;DEL01-BA;UOP04-DEL01-BA;;;
662232;18/02/2025;ter�a-feira;13:00:00;MA;226;399;GRAJAU;Avarias e/ou desgaste excessivo no pneu;Colis�o frontal;Com V�timas Feridas;Pleno dia;Crescente;C�u Claro;Simples;Reta;N�o;7;0;3;2;2;0;5;2;-5,735917;-46,00523;SPRF-MA;DEL06-MA;UOP01-DEL06-MA;;;
662233;18/02/2025;ter�a-feira;18:35:00;PB;230;1,7;CABEDELO;Aus�ncia de rea��o do condutor;Tombamento;Com V�timas Feridas;Plena Noite;Decrescente;C�u Claro;Simples;Reta;Sim;2;0;1;0;0;1;1;1;-6,9753;-34,8318;SPRF-PB;DEL01-PB;UOP01-DEL01-PB;;;
662234;18/02/2025;ter�a-feira;18:35:00;RS;290;92;PORTO ALEGRE;Velocidade Incompat�vel;Queda de ocupante de ve�culo;Com V�timas Feridas;Anoitecer;Crescente;C�u Claro;Simples;"Curva;Aclive";Sim;2;0;2;0;0;0;2;1;-29,97069874;-51,17088318;SPRF-RS;DEL01-RS;UOP01-DEL01-RS;;;
662237;18/02/2025;ter�a-feira;18:40:00;DF;40;3;BRASILIA;Acessar a via sem observar a presen�a dos outros ve�culos;Colis�o lateral mesmo sentido;Com V�timas Feridas;Plena Noite;Crescente;C�u Claro;Dupla;Reta;Sim;3;0;1;0;2;0;1;2;-16,003145;-47,983944;SPRF-DF;DEL01-DF;UOP01-DEL01-DF;;;
662239;18/02/2025;ter�a-feira;18:00:00;MT;163;834;SINOP;Convers�o proibida;Colis�o transversal;Com V�timas Feridas;Anoitecer;Crescente;C�u Claro;Dupla;Reta;Sim;2;0;1;0;1;0;1;2;-11,86528053;-55,49624227;SPRF-MT;DEL06-MT;UOP02-DEL06-MT;;;
662242;18/02/2025;ter�a-feira;19:00:00;AP;156;416;TARTARUGALZINHO;Rea��o tardia ou ineficiente do condutor;Capotamento;Com V�timas Feridas;Plena Noite;Decrescente;C�u Claro;Simples;Curva;N�o;2;0;0;2;0;0;2;1;1,1016;-51,05523303;SPRF-AP;DEL01-AP;UOP02-DEL01-AP;;;
662243;18/02/2025;ter�a-feira;19:22:00;SP;116;218;GUARULHOS;Rea��o tardia ou ineficiente do condutor;Colis�o com objeto;Com V�timas Feridas;Plena Noite;Decrescente;Chuva;M�ltipla;"Aclive;Reta";Sim;1;0;1;0;0;0;1;1;-23,457972;-46,479927;SPRF-SP;DEL01-SP;UOP01-DEL01-SP;;;
662244;18/02/2025;ter�a-feira;18:40:00;PI;316;4,3;TERESINA;Manobra de mudan�a de faixa;Colis�o lateral mesmo sentido;Com V�timas Feridas;Plena Noite;Crescente;C�u Claro;M�ltipla;"Reta;Interse��o de Vias";Sim;3;0;1;0;2;0;1;3;-5,13655894;-42,78900388;SPRF-PI;DEL01-PI;UOP02-DEL01-PI;;;
662245;18/02/2025;ter�a-feira;20:00:00;RJ;116;176;RIO DE JANEIRO;Aus�ncia de rea��o do condutor;Colis�o lateral mesmo sentido;Com V�timas Feridas;Plena Noite;Crescente;C�u Claro;Simples;Reta;N�o;2;0;2;0;0;0;2;2;-22,8044361;-43,3451305;SPRF-RJ;DEL06-RJ;UOP01-DEL06-RJ;;;
662247;18/02/2025;ter�a-feira;18:20:00;MG;262;58,5;MANHUACU;Convers�o proibida;Colis�o transversal;Com V�timas Fatais;Plena Noite;Crescente;C�u Claro;Simples;Reta;N�o;2;1;0;0;1;0;0;2;-20,27569196;-42,19796103;SPRF-MG;DEL06-MG;UOP03-DEL06-MG;;;
662248;18/02/2025;ter�a-feira;19:15:00;RN;101;103;PARNAMIRIM;Velocidade Incompat�vel;Colis�o traseira;Com V�timas Feridas;Plena Noite;Crescente;C�u Claro;Dupla;Reta;Sim;4;0;1;0;2;1;1;4;-5,89034022;-35,24894996;SPRF-RN;DEL01-RN;UOP01-DEL01-RN;;;
662249;18/02/2025;ter�a-feira;20:30:00;GO;60;92,4;ANAPOLIS;Manobra de mudan�a de faixa;Colis�o traseira;Com V�timas Feridas;Plena Noite;Crescente;C�u Claro;Dupla;"Retorno Regulamentado;Reta";Sim;2;0;1;0;0;1;1;2;-16,3538;-48,9268;SPRF-GO;DEL02-GO;UOP01-DEL02-GO;;;
662251;18/02/2025;ter�a-feira;19:00:00;MT;163;600;NOVA MUTUM;Animais na Pista;Atropelamento de Animal;Com V�timas Feridas;Anoitecer;Crescente;Ignorado;Dupla;Em Obras;Sim;1;0;1;0;0;0;1;1;-13,90778505;-56,09190462;SPRF-MT;DEL01-MT;UOP01-DEL01-MT;;;
662252;18/02/2025;ter�a-feira;19:50:00;RJ;493;97;SEROPEDICA;Rea��o tardia ou ineficiente do condutor;Colis�o traseira;Com V�timas Feridas;Plena Noite;Crescente;C�u Claro;Dupla;Reta;N�o;2;0;0;1;0;1;1;2;-22,721464;-43,709837;SPRF-RJ;DEL01-RJ;UOP03-DEL01-RJ;;;
662254;18/02/2025;ter�a-feira;19:49:00;ES;262;188,8;IUNA;Defici�ncia do Sistema de Ilumina��o/Sinaliza��o;Colis�o traseira;Com V�timas Feridas;Plena Noite;Crescente;C�u Claro;Simples;Reta;N�o;3;0;2;0;1;0;2;2;-20,31334421;-41,73692705;SPRF-ES;DEL01-ES;UOP02-DEL01-ES;;;
662255;18/02/2025;ter�a-feira;20:00:00;RO;364;713;PORTO VELHO;Animais na Pista;Queda de ocupante de ve�culo;Com V�timas Feridas;Plena Noite;Crescente;C�u Claro;Dupla;Curva;N�o;1;0;1;0;0;0;1;1;-8,77162061;-63,88178587;SPRF-RO;DEL01-RO;UOP01-DEL01-RO;;;
662256;02/02/2025;domingo;08:35:00;BA;101;249;CONCEICAO DO ALMEIDA;Chuva;Queda de ocupante de ve�culo;Com V�timas Feridas;Pleno dia;Decrescente;Chuva;Simples;Curva;N�o;2;0;2;0;0;0;2;1;-12,984957;-39,291156;SPRF-BA;DEL01-BA;UOP02-DEL01-BA;;;
662259;18/02/2025;ter�a-feira;21:40:00;ES;101;79;SAO MATEUS;Aus�ncia de rea��o do condutor;Tombamento;Com V�timas Feridas;Plena Noite;Crescente;C�u Claro;Simples;"Ponte;Declive";N�o;1;0;1;0;0;0;1;1;-18,81417602;-39,90121797;SPRF-ES;DEL04-ES;UOP02-DEL04-ES;;;
662261;18/02/2025;ter�a-feira;19:00:00;PE;424;69;CAETES;Acessar a via sem observar a presen�a dos outros ve�culos;Colis�o frontal;Com V�timas Feridas;Plena Noite;Crescente;C�u Claro;Simples;Reta;Sim;2;0;0;1;1;0;1;2;-8,774677;-36,627102;SPRF-PE;DEL03-PE;UOP01-DEL03-PE;;;
662262;18/02/2025;ter�a-feira;20:15:00;MG;381;539;ITATIAIUCU;Demais falhas mec�nicas ou el�tricas;Inc�ndio;Sem V�timas;Plena Noite;Decrescente;C�u Claro;Dupla;Reta;Sim;1;0;0;0;1;0;0;1;-20,242548;-44,41251621;SPRF-MG;DEL04-MG;UOP03-DEL04-MG;;;
662263;18/02/2025;ter�a-feira;22:00:00;GO;40;96;CRISTALINA;Pedestre andava na pista;Atropelamento de Pedestre;Com V�timas Fatais;Plena Noite;Crescente;C�u Claro;Simples;"Reta;Aclive";Sim;3;1;0;0;1;1;0;2;-16,75768;-47,601613;SPRF-DF;DEL01-DF;UOP02-DEL01-DF;;;
662265;18/02/2025;ter�a-feira;20:20:00;MG;50;177;UBERABA;Aus�ncia de rea��o do condutor;Atropelamento de Animal;Com V�timas Feridas;Plena Noite;Decrescente;C�u Claro;Dupla;Declive;Sim;1;0;1;0;0;0;1;1;-19,77914852;-47,95047701;SPRF-MG;DEL13-MG;UOP01-DEL13-MG;;;
662266;18/02/2025;ter�a-feira;22:30:00;RJ;116;179;BELFORD ROXO;Avarias e/ou desgaste excessivo no pneu;Queda de ocupante de ve�culo;Com V�timas Feridas;Plena Noite;Crescente;C�u Claro;M�ltipla;Reta;Sim;2;0;0;2;0;0;2;1;-22,7651616;-43,4154728;SPRF-RJ;DEL06-RJ;UOP01-DEL06-RJ;;;
662267;18/02/2025;ter�a-feira;21:50:00;CE;116;13,5;FORTALEZA;Avarias e/ou desgaste excessivo no pneu;Tombamento;Com V�timas Feridas;Plena Noite;Decrescente;C�u Claro;Dupla;"Aclive;Reta";Sim;2;0;2;0;0;0;2;1;-3,86196386;-38,49702716;SPRF-CE;DEL01-CE;UOP02-DEL01-CE;;;
662268;18/02/2025;ter�a-feira;20:10:00;RJ;101;580;PARATY;Convers�o proibida;Colis�o lateral mesmo sentido;Com V�timas Feridas;Plena Noite;Crescente;Nublado;Simples;Curva;N�o;2;0;1;0;1;0;1;2;-23,234519;-44,698168;SPRF-RJ;DEL03-RJ;UOP04-DEL03-RJ;;;
662269;18/02/2025;ter�a-feira;22:55:00;PR;369;146,1;LONDRINA;Desrespeitar a prefer�ncia no cruzamento;Colis�o transversal;Com V�timas Feridas;Plena Noite;Decrescente;Nublado;Dupla;"Declive;Retorno Regulamentado;Reta";Sim;2;0;1;0;1;0;1;2;-23,293376;-51,123604;SPRF-PR;DEL07-PR;UOP01-DEL07-PR;;;
662270;18/02/2025;ter�a-feira;19:50:00;AC;364;98;SENADOR GUIOMARD;Pista esburacada;Tombamento;Com V�timas Feridas;Plena Noite;Crescente;Nublado;Simples;"Interse��o de Vias;Rotat�ria";N�o;1;0;1;0;0;0;1;1;-10,06820296;-67,58341134;SPRF-AC;DEL01-AC;UOP03-DEL01-AC;;;
662272;18/02/2025;ter�a-feira;23:30:00;PR;277;77;SAO JOSE DOS PINHAIS;Aus�ncia de rea��o do condutor;Colis�o com objeto;Com V�timas Feridas;Plena Noite;Decrescente;Nublado;Dupla;Reta;Sim;1;0;0;1;0;0;1;1;-25,485444;-49,186809;SPRF-PR;DEL01-PR;UOP07-DEL01-PR;;;
662274;18/02/2025;ter�a-feira;23:30:00;SP;116;162;JACAREI;Velocidade Incompat�vel;Colis�o com objeto;Sem V�timas;Plena Noite;Crescente;Nublado;Dupla;"Reta;Interse��o de Vias";Sim;1;0;0;0;1;0;0;1;-23,28006349;-45,98241806;SPRF-SP;DEL02-SP;UOP01-DEL02-SP;;;
662275;18/02/2025;ter�a-feira;20:00:00;PI;407;607;ACAUA;Transitar na contram�o;Colis�o frontal;Com V�timas Fatais;Plena Noite;Crescente;C�u Claro;Simples;Reta;N�o;5;1;0;0;4;0;0;2;-8,347922;-41,0645582;SPRF-PI;DEL04-PI;UOP01-DEL04-PI;;;
662276;18/02/2025;ter�a-feira;22:40:00;PB;230;24,2;JOAO PESSOA;Pista esburacada;Queda de ocupante de ve�culo;Com V�timas Feridas;Plena Noite;Crescente;C�u Claro;Dupla;"Viaduto;Reta";Sim;1;0;1;0;0;0;1;1;-7,1637;-34,8618;SPRF-PB;DEL01-PB;UOP01-DEL01-PB;;;
662279;18/02/2025;ter�a-feira;23:10:00;RO;319;63;PORTO VELHO;Convers�o proibida;Colis�o lateral mesmo sentido;Com V�timas Feridas;Plena Noite;Crescente;Nublado;Dupla;"Reta;Interse��o de Vias";Sim;3;0;2;0;1;0;2;2;-8,75554625;-63,8864851;SPRF-RO;DEL01-RO;UOP01-DEL01-RO;;;
662280;19/02/2025;quarta-feira;00:05:00;PR;376;212,2;MANDAGUARI;Pedestre andava na pista;Atropelamento de Pedestre;Com V�timas Feridas;Plena Noite;Crescente;C�u Claro;Dupla;Reta;N�o;2;0;1;0;1;0;1;2;-23,55914861;-51,66370153;SPRF-PR;DEL09-PR;UOP01-DEL09-PR;;;
662281;19/02/2025;quarta-feira;00:15:00;SC;101;277,9;IMBITUBA;Condutor Dormindo;Colis�o com objeto;Com V�timas Feridas;Plena Noite;Decrescente;Garoa/Chuvisco;M�ltipla;Reta;Sim;1;0;0;1;0;0;1;1;-28,15478103;-48,69265474;SPRF-SC;DEL02-SC;UOP03-DEL02-SC;;;
662282;18/02/2025;ter�a-feira;22:49:00;MS;487;18,5;ITAQUIRAI;Velocidade Incompat�vel;Atropelamento de Animal;Com V�timas Feridas;Plena Noite;Crescente;C�u Claro;Simples;Reta;N�o;2;0;2;0;0;0;2;1;-23,237358;-54,050802;SPRF-MS;DEL09-MS;UOP01-DEL09-MS;;;
662283;09/01/2025;quinta-feira;19:20:00;PI;343;308;ALTOS;Acessar a via sem observar a presen�a dos outros ve�culos;Colis�o transversal;Com V�timas Feridas;Plena Noite;Crescente;Ignorado;Simples;"Interse��o de Vias;Reta";Sim;3;0;1;1;0;1;2;2;-5,0392942;-42,46994734;SPRF-PI;DEL01-PI;UOP01-DEL01-PI;;;
662284;19/02/2025;quarta-feira;00:05:00;SC;282;110;ALFREDO WAGNER;Chuva;Colis�o traseira;Sem V�timas;Plena Noite;Crescente;Garoa/Chuvisco;Simples;"Reta;Aclive";N�o;3;0;0;0;2;1;0;2;-27,727324;-49,360542;SPRF-SC;DEL01-SC;UOP03-DEL01-SC;;;
662285;19/02/2025;quarta-feira;04:00:00;RJ;101;321;NITEROI;Velocidade Incompat�vel;Colis�o lateral mesmo sentido;Sem V�timas;Plena Noite;Crescente;C�u Claro;Dupla;Curva;Sim;1;0;0;0;1;0;0;1;-22,86981096;-43,11046465;SPRF-RJ;DEL02-RJ;UOP01-DEL02-RJ;;;
662286;19/02/2025;quarta-feira;04:30:00;ES;101;12,4;PEDRO CANARIO;Acesso irregular;Colis�o frontal;Sem V�timas;Amanhecer;Crescente;C�u Claro;Simples;Reta;N�o;2;0;0;0;2;0;0;2;-18,26557435;-39,95730758;SPRF-ES;DEL04-ES;UOP02-DEL04-ES;;;
662288;19/02/2025;quarta-feira;05:55:00;RS;116;138,7;CAXIAS DO SUL;Rea��o tardia ou ineficiente do condutor;Sa�da de leito carro��vel;Com V�timas Feridas;Amanhecer;Decrescente;C�u Claro;Simples;Curva;N�o;4;0;0;1;3;0;1;2;-29,08970102;-51,11289119;SPRF-RS;DEL05-RS;UOP01-DEL05-RS;;;
662291;19/02/2025;quarta-feira;05:50:00;GO;60;2,5;SANTO ANTONIO DO DESCOBERTO;Condutor Dormindo;Sa�da de leito carro��vel;Com V�timas Feridas;Amanhecer;Decrescente;C�u Claro;Dupla;"Reta;Aclive";N�o;1;0;1;0;0;0;1;1;-16,074328;-48,266587;SPRF-DF;DEL03-DF;UOP01-DEL03-DF;;;
662293;19/02/2025;quarta-feira;04:50:00;RN;427;97,4;CAICO;Condutor Dormindo;Sa�da de leito carro��vel;Com V�timas Feridas;Pleno dia;Crescente;C�u Claro;Dupla;"Rotat�ria;Interse��o de Vias";Sim;2;0;2;0;0;0;2;1;-6,47026134;-37,08569175;SPRF-RN;DEL03-RN;UOP01-DEL03-RN;;;
662294;19/02/2025;quarta-feira;01:00:00;SC;101;356,9;SANGAO;Aus�ncia de rea��o do condutor;Sa�da de leito carro��vel;Sem V�timas;Plena Noite;Crescente;C�u Claro;Simples;"Curva;Interse��o de Vias";Sim;1;0;0;0;1;0;0;1;-28,62930081;-49,08665412;SPRF-SC;DEL02-SC;UOP01-DEL02-SC;;;
662295;19/02/2025;quarta-feira;06:00:00;MS;163;354,3;NOVA ALVORADA DO SUL;Demais falhas mec�nicas ou el�tricas;Sa�da de leito carro��vel;Com V�timas Feridas;Pleno dia;Decrescente;C�u Claro;Simples;Reta;N�o;1;0;1;0;0;0;1;1;-21,5590991;-54,41671273;SPRF-MS;DEL02-MS;UOP01-DEL02-MS;;;
662296;19/02/2025;quarta-feira;06:35:00;MG;40;621,5;CONSELHEIRO LAFAIETE;Rea��o tardia ou ineficiente do condutor;Colis�o traseira;Com V�timas Feridas;Pleno dia;Crescente;Sol;Simples;"Reta;Declive";Sim;3;0;1;1;1;0;2;2;-20,594012;-43,804223;SPRF-MG;DEL05-MG;UOP02-DEL05-MG;;;
662297;07/02/2025;sexta-feira;08:50:00;PB;230;12;CABEDELO;Aus�ncia de rea��o do condutor;Colis�o traseira;Sem V�timas;Pleno dia;Decrescente;C�u Claro;Dupla;Reta;Sim;2;0;0;0;2;0;0;2;-7,068;-34,85;SPRF-PB;DEL01-PB;UOP01-DEL01-PB;;;