id;data_inversa;dia_semana;horario;uf;br;km;municipio;causa_acidente;tipo_acidente;classificacao_acidente;fase_dia;sentido_via;condicao_metereologica;tipo_pista;tracado_via;uso_solo;pessoas;mortos;feridos_leves;feridos_graves;ilesos;ignorados;feridos;veiculos;latitude;longitude;regional;delegacia;uop;;;
662301;19/02/2025;quarta-feira;07:20:00;SC;101;182,4;BIGUACU;Acessar a via sem observar a presen�a dos outros ve�culos;Colis�o transversal;Com V�timas Feridas;Pleno dia;Crescente;Garoa/Chuvisco;Dupla;Reta;Sim;2;0;2;0;0;0;2;2;-27,41613807;-48,6266443;SPRF-SC;DEL01-SC;UOP01-DEL01-SC;;;
662302;19/02/2025;quarta-feira;07:00:00;MG;381;484,5;BETIM;Aus�ncia de rea��o do condutor;Colis�o lateral mesmo sentido;Com V�timas Feridas;Pleno dia;Decrescente;C�u Claro;Dupla;Reta;N�o;2;0;1;0;1;0;1;2;-19,9569794;-44,09381568;SPRF-MG;DEL01-MG;UOP03-DEL01-MG;;;
662305;19/02/2025;quarta-feira;06:43:00;PI;316;8;TERESINA;Condutor deixou de manter dist�ncia do ve�culo da frente;Colis�o traseira;Com V�timas Feridas;Pleno dia;Decrescente;Nublado;M�ltipla;Reta;Sim;5;0;2;0;3;0;2;2;-5,16483402;-42,76899508;SPRF-PI;DEL01-PI;UOP02-DEL01-PI;;;
662306;19/02/2025;quarta-feira;07:30:00;DF;40;2;BRASILIA;Condutor deixou de manter dist�ncia do ve�culo da frente;Colis�o traseira;Com V�timas Feridas;Pleno dia;Decrescente;C�u Claro;Dupla;Reta;Sim;2;0;1;0;1;0;1;2;-15,99435;-47,985947;SPRF-DF;DEL01-DF;UOP01-DEL01-DF;;;
662308;19/02/2025;quarta-feira;07:00:00;AL;104;88;RIO LARGO;Convers�o proibida;Colis�o transversal;Com V�timas Feridas;Pleno dia;Decrescente;Sol;Dupla;Reta;Sim;3;0;1;1;1;0;2;2;-9,48375193;-35,81815581;SPRF-AL;DEL01-AL;UOP01-DEL01-AL;;;
662309;19/02/2025;quarta-feira;07:45:00;GO;153;499;GOIANIA;Rea��o tardia ou ineficiente do condutor;Queda de ocupante de ve�culo;Com V�timas Feridas;Pleno dia;Crescente;C�u Claro;Dupla;Reta;Sim;1;0;1;0;0;0;1;1;-16,7033;-49,2311;SPRF-GO;DEL01-GO;UOP01-DEL01-GO;;;
662310;19/02/2025;quarta-feira;07:50:00;SP;153;59;SAO JOSE DO RIO PRETO;Aus�ncia de rea��o do condutor;Colis�o traseira;Com V�timas Feridas;Pleno dia;Crescente;Sol;Dupla;Reta;Sim;2;0;1;0;1;0;1;2;-20,79189559;-49,35453415;SPRF-SP;DEL09-SP;UOP01-DEL09-SP;;;
662313;19/02/2025;quarta-feira;08:00:00;SP;116;135;SAO JOSE DOS CAMPOS;Aus�ncia de rea��o do condutor;Colis�o lateral mesmo sentido;Com V�timas Feridas;Pleno dia;Crescente;C�u Claro;Dupla;Reta;N�o;2;0;1;0;1;0;1;2;-23,144484;-45,77018;SPRF-SP;DEL02-SP;UOP01-DEL02-SP;;;
662315;19/02/2025;quarta-feira;06:25:00;CE;226;67,3;JAGUARIBE;Desrespeitar a prefer�ncia no cruzamento;Tombamento;Com V�timas Fatais;Pleno dia;Crescente;Chuva;Simples;Reta;Sim;3;1;0;1;1;0;1;2;-5,90247666;-38,62979484;SPRF-CE;DEL05-CE;UOP02-DEL05-CE;;;
662317;19/02/2025;quarta-feira;08:20:00;ES;101;174,5;ARACRUZ;Acessar a via sem observar a presen�a dos outros ve�culos;Colis�o transversal;Com V�timas Feridas;Pleno dia;Crescente;C�u Claro;Simples;Interse��o de Vias;N�o;2;0;1;0;1;0;1;2;-19,58550717;-40,19021988;SPRF-ES;DEL04-ES;UOP01-DEL04-ES;;;
662318;16/02/2025;domingo;04:50:00;RJ;40;113;DUQUE DE CAXIAS;Aus�ncia de rea��o do condutor;Colis�o traseira;Com V�timas Feridas;Amanhecer;Decrescente;C�u Claro;M�ltipla;Reta;N�o;4;0;0;1;3;0;1;2;-22,70948502;-43,29040354;SPRF-RJ;DEL01-RJ;UOP02-DEL01-RJ;;;
662322;19/02/2025;quarta-feira;07:30:00;RJ;393;171;TRES RIOS;Acessar a via sem observar a presen�a dos outros ve�culos;Colis�o transversal;Com V�timas Feridas;Pleno dia;Decrescente;C�u Claro;Simples;Reta;Sim;2;0;1;0;1;0;1;2;-22,12300119;-43,16875093;SPRF-RJ;DEL05-RJ;UOP03-DEL05-RJ;;;
662324;19/02/2025;quarta-feira;07:54:00;TO;10;459;PALMAS;Rea��o tardia ou ineficiente do condutor;Colis�o lateral mesmo sentido;Com V�timas Feridas;Pleno dia;Crescente;C�u Claro;M�ltipla;Reta;N�o;2;0;0;1;1;0;1;2;-10,26598702;-48,30742144;SPRF-TO;DEL01-TO;UOP03-DEL01-TO;;;
662326;17/02/2025;segunda-feira;06:42:00;PI;316;385;ALEGRETE DO PIAUI;Condutor Dormindo;Sa�da de leito carro��vel;Sem V�timas;Pleno dia;Crescente;Nublado;Simples;Reta;N�o;1;0;0;0;0;1;0;1;-7,24435598;-40,86016897;SPRF-PI;DEL04-PI;UOP03-DEL04-PI;;;
662330;19/02/2025;quarta-feira;09:50:00;RN;101;102;PARNAMIRIM;Falta de acostamento;Colis�o traseira;Com V�timas Feridas;Pleno dia;Crescente;Sol;Dupla;Reta;Sim;2;0;0;1;1;0;1;2;-5,88858217;-35,24018997;SPRF-RN;DEL01-RN;UOP01-DEL01-RN;;;
662334;16/02/2025;domingo;06:00:00;RJ;101;485;ANGRA DOS REIS;Condutor deixou de manter dist�ncia do ve�culo da frente;Colis�o traseira;Com V�timas Feridas;Pleno dia;Crescente;C�u Claro;Simples;Reta;N�o;3;0;2;0;0;1;2;2;-22,98573526;-44,29709764;SPRF-RJ;DEL03-RJ;UOP03-DEL03-RJ;;;
662335;19/02/2025;quarta-feira;08:45:00;SC;470;289;BRUNOPOLIS;Acessar a via sem observar a presen�a dos outros ve�culos;Colis�o transversal;Com V�timas Feridas;Pleno dia;Decrescente;C�u Claro;Simples;Reta;N�o;7;0;7;0;0;0;7;2;-27,333546;-50,95219;SPRF-SC;DEL07-SC;UOP06-DEL07-SC;;;
662338;19/02/2025;quarta-feira;09:30:00;RJ;101;266;RIO BONITO;Condutor Dormindo;Queda de ocupante de ve�culo;Com V�timas Feridas;Pleno dia;Decrescente;C�u Claro;Simples;Viaduto;Sim;1;0;1;0;0;0;1;1;-22,70861445;-42,65178735;SPRF-RJ;DEL02-RJ;UOP03-DEL02-RJ;;;
662340;19/02/2025;quarta-feira;10:30:00;RS;116;151,4;CAXIAS DO SUL;Curva acentuada;Sa�da de leito carro��vel;Com V�timas Feridas;Pleno dia;Crescente;C�u Claro;Dupla;Curva;Sim;2;0;0;2;0;0;2;1;-29,17694502;-51,16173896;SPRF-RS;DEL05-RS;UOP01-DEL05-RS;;;
662341;18/02/2025;ter�a-feira;22:00:00;RS;285;535;SAO LUIZ GONZAGA;Aus�ncia de rea��o do condutor;Sa�da de leito carro��vel;Com V�timas Feridas;Plena Noite;Decrescente;C�u Claro;Simples;"Em Obras;Reta";N�o;1;0;0;1;0;0;1;1;-28,401672;-54,64164;SPRF-RS;DEL10-RS;UOP01-DEL10-RS;;;
662345;19/02/2025;quarta-feira;10:53:00;PR;469;16;FOZ DO IGUACU;Acessar a via sem observar a presen�a dos outros ve�culos;Colis�o frontal;Com V�timas Feridas;Pleno dia;Crescente;Nublado;Simples;"Interse��o de Vias;Em Obras";Sim;4;0;3;0;1;0;3;3;-25,59275573;-54,51484144;SPRF-PR;DEL05-PR;UOP04-DEL05-PR;;;
662347;19/02/2025;quarta-feira;11:25:00;SC;280;129;RIO NEGRINHO;Transitar na contram�o;Colis�o frontal;Com V�timas Feridas;Pleno dia;Crescente;C�u Claro;Simples;Curva;N�o;6;0;0;1;5;0;1;2;-26,24586437;-49,52284615;SPRF-SC;DEL06-SC;UOP03-DEL06-SC;;;
662348;19/02/2025;quarta-feira;11:15:00;ES;101;68;SAO MATEUS;Condutor deixou de manter dist�ncia do ve�culo da frente;Colis�o traseira;Com V�timas Feridas;Pleno dia;Decrescente;C�u Claro;Dupla;Reta;Sim;2;0;0;1;0;1;1;2;-18,7165195;-39,87436378;SPRF-ES;DEL04-ES;UOP02-DEL04-ES;;;
662351;19/02/2025;quarta-feira;07:40:00;ES;393;36,3;MUQUI;Aus�ncia de rea��o do condutor;Capotamento;Com V�timas Feridas;Pleno dia;Crescente;Sol;Simples;Curva;N�o;1;0;1;0;0;0;1;1;-20,95830011;-41,43550298;SPRF-ES;DEL03-ES;UOP02-DEL03-ES;;;
662352;19/02/2025;quarta-feira;10:10:00;AC;364;137;RIO BRANCO;Acessar a via sem observar a presen�a dos outros ve�culos;Colis�o lateral mesmo sentido;Com V�timas Feridas;Pleno dia;Decrescente;C�u Claro;Dupla;Reta;Sim;4;0;2;0;2;0;2;2;-9,96935404;-67,85264513;SPRF-AC;DEL01-AC;UOP01-DEL01-AC;;;
662353;19/02/2025;quarta-feira;09:50:00;SP;116;154;SAO JOSE DOS CAMPOS;Demais falhas mec�nicas ou el�tricas;Colis�o traseira;Com V�timas Feridas;Pleno dia;Decrescente;Sol;Dupla;Aclive;Sim;2;0;1;0;1;0;1;2;-23,23903999;-45,92061901;SPRF-SP;DEL02-SP;UOP01-DEL02-SP;;;
662354;19/02/2025;quarta-feira;06:45:00;SC;101;219;PALHOCA;Rea��o tardia ou ineficiente do condutor;Colis�o lateral mesmo sentido;Com V�timas Feridas;Pleno dia;Decrescente;Garoa/Chuvisco;Dupla;Reta;Sim;2;0;1;0;1;0;1;2;-27,68392194;-48,66710085;SPRF-SC;DEL01-SC;UOP02-DEL01-SC;;;
662355;19/02/2025;quarta-feira;12:00:00;RJ;356;119,3;CAMPOS DOS GOYTACAZES;Rea��o tardia ou ineficiente do condutor;Sa�da de leito carro��vel;Com V�timas Feridas;Pleno dia;Decrescente;C�u Claro;Simples;Reta;N�o;1;0;1;0;0;0;1;1;-21,631204;-41,408115;SPRF-RJ;DEL08-RJ;UOP01-DEL08-RJ;;;
662357;21/01/2025;ter�a-feira;08:16:00;MA;226;299;BARRA DO CORDA;Acessar a via sem observar a presen�a dos outros ve�culos;Colis�o transversal;Sem V�timas;Pleno dia;Crescente;C�u Claro;Simples;"Aclive;Rotat�ria";Sim;4;0;0;0;3;1;0;2;-5,49791235;-45,24263176;SPRF-MA;DEL06-MA;UOP01-DEL06-MA;;;
662358;19/02/2025;quarta-feira;11:55:00;BA;116;826;VITORIA DA CONQUISTA;Acumulo de �leo sobre o pavimento;Queda de ocupante de ve�culo;Com V�timas Feridas;Pleno dia;Crescente;Sol;Simples;"Curva;Rotat�ria";N�o;2;0;2;0;0;0;2;1;-14,87809;-40,854384;SPRF-BA;DEL08-BA;UOP01-DEL08-BA;;;
662359;15/02/2025;s�bado;19:00:00;MT;70;528;VARZEA GRANDE;Rea��o tardia ou ineficiente do condutor;Sa�da de leito carro��vel;Com V�timas Feridas;Anoitecer;Crescente;C�u Claro;Simples;Reta;Sim;2;0;1;0;0;1;1;2;-15,656547;-56,211582;SPRF-MT;DEL01-MT;UOP02-DEL01-MT;;;
662360;19/02/2025;quarta-feira;11:40:00;RO;364;713;PORTO VELHO;Sinaliza��o mal posicionada;Engavetamento;Sem V�timas;Pleno dia;Crescente;Nublado;Dupla;"Reta;Declive";Sim;3;0;0;0;3;0;0;3;-8,77331583;-63,87969248;SPRF-RO;DEL01-RO;UOP01-DEL01-RO;;;
662361;02/01/2025;quinta-feira;17:00:00;SC;101;457;SAO JOAO DO SUL;Acessar a via sem observar a presen�a dos outros ve�culos;Queda de ocupante de ve�culo;Com V�timas Feridas;Pleno dia;Decrescente;Nublado;Dupla;Reta;N�o;3;0;1;0;2;0;1;2;-29,24431876;-49,75416183;SPRF-SC;DEL02-SC;UOP02-DEL02-SC;;;
662362;11/02/2025;ter�a-feira;16:00:00;PR;376;174;MARINGA;Manobra de mudan�a de faixa;Tombamento;Com V�timas Feridas;Pleno dia;Decrescente;Ignorado;M�ltipla;Interse��o de Vias;Sim;2;0;0;1;1;0;1;2;-23,41430102;-51,94984299;SPRF-PR;DEL09-PR;UOP01-DEL09-PR;;;
662363;19/02/2025;quarta-feira;12:40:00;RJ;101;403;ITAGUAI;Condutor Dormindo;Colis�o traseira;Com V�timas Feridas;Pleno dia;Decrescente;C�u Claro;Dupla;Reta;N�o;2;0;1;0;1;0;1;2;-22,857495;-43,787616;SPRF-RJ;DEL03-RJ;UOP01-DEL03-RJ;;;
662364;19/02/2025;quarta-feira;12:00:00;RJ;101;333;RIO DE JANEIRO;Rea��o tardia ou ineficiente do condutor;Colis�o com objeto;Com V�timas Feridas;Pleno dia;Crescente;C�u Claro;Dupla;"Ponte;Curva";N�o;1;0;0;1;0;0;1;1;-22,87827816;-43,21053578;SPRF-RJ;DEL02-RJ;UOP01-DEL02-RJ;;;
662365;19/02/2025;quarta-feira;12:05:00;PR;163;7;BARRACAO;Acessar a via sem observar a presen�a dos outros ve�culos;Colis�o transversal;Com V�timas Feridas;Pleno dia;Crescente;C�u Claro;Simples;"Retorno Regulamentado;Interse��o de Vias";Sim;2;0;1;0;1;0;1;2;-26,25066;-53,635523;SPRF-PR;DEL02-PR;UOP02-DEL02-PR;;;
662369;19/02/2025;quarta-feira;12:10:00;MT;70;428;CAMPO VERDE;Aus�ncia de rea��o do condutor;Sa�da de leito carro��vel;Com V�timas Feridas;Pleno dia;Decrescente;Nublado;Simples;Reta;N�o;1;0;1;0;0;0;1;1;-15,80326134;-55,40153146;SPRF-MT;DEL05-MT;UOP02-DEL05-MT;;;
662370;19/02/2025;quarta-feira;09:40:00;RJ;101;492;ANGRA DOS REIS;Acessar a via sem observar a presen�a dos outros ve�culos;Colis�o transversal;Com V�timas Feridas;Pleno dia;Crescente;C�u Claro;Simples;Reta;Sim;2;0;1;0;1;0;1;2;-22,94874989;-44,3279949;SPRF-RJ;DEL03-RJ;UOP03-DEL03-RJ;;;
662373;19/02/2025;quarta-feira;13:20:00;MG;116;415,8;GOVERNADOR VALADARES;Aus�ncia de rea��o do condutor;Colis�o transversal;Com V�timas Feridas;Pleno dia;Crescente;C�u Claro;Simples;Interse��o de Vias;Sim;2;0;1;0;1;0;1;2;-18,89588653;-41,94797169;SPRF-MG;DEL06-MG;UOP01-DEL06-MG;;;
662375;19/02/2025;quarta-feira;07:50:00;SC;101;443,1;SANTA ROSA DO SUL;Animais na Pista;Sa�da de leito carro��vel;Com V�timas Feridas;Pleno dia;Decrescente;Nublado;M�ltipla;Reta;Sim;1;0;1;0;0;0;1;1;-29,13514431;-49,70626831;SPRF-SC;DEL02-SC;UOP02-DEL02-SC;;;
662376;18/02/2025;ter�a-feira;23:30:00;MT;174;208;PORTO ESPERIDIAO;Condutor Dormindo;Sa�da de leito carro��vel;Com V�timas Feridas;Plena Noite;Crescente;Nublado;Simples;Reta;N�o;1;0;1;0;0;0;1;1;-15,65396393;-58,73823789;SPRF-MT;DEL04-MT;UOP01-DEL04-MT;;;
662377;19/02/2025;quarta-feira;11:50:00;AC;317;278;EPITACIOLANDIA;Rea��o tardia ou ineficiente do condutor;Queda de ocupante de ve�culo;Com V�timas Feridas;Pleno dia;Decrescente;Sol;Simples;Curva;N�o;1;0;0;1;0;0;1;1;-10,97820612;-68,64000864;SPRF-AC;DEL01-AC;UOP02-DEL01-AC;;;
662379;19/02/2025;quarta-feira;15:00:00;ES;101;282,4;CARIACICA;Rea��o tardia ou ineficiente do condutor;Queda de ocupante de ve�culo;Com V�timas Feridas;Pleno dia;Crescente;C�u Claro;Dupla;Reta;Sim;1;0;1;0;0;0;1;1;-20,22694;-40,36458;SPRF-ES;DEL01-ES;UOP01-DEL01-ES;;;
662380;12/02/2025;quarta-feira;14:05:00;RR;174;494;BOA VISTA;Ingest�o de �lcool pelo condutor;Colis�o com objeto;Com V�timas Feridas;Pleno dia;Decrescente;Sol;Simples;Viaduto;N�o;1;0;0;1;0;0;1;1;2,74741682;-60,74409485;SPRF-RR;DEL01-RR;UOP01-DEL01-RR;;;
662382;20/01/2025;segunda-feira;11:25:00;MG;50;67,5;UBERLANDIA;Acessar a via sem observar a presen�a dos outros ve�culos;Colis�o transversal;Com V�timas Feridas;Pleno dia;Crescente;Ignorado;Dupla;Interse��o de Vias;Sim;2;0;1;0;1;0;1;2;-18,87505407;-48,25932018;SPRF-MG;DEL15-MG;UOP02-DEL15-MG;;;
662385;19/02/2025;quarta-feira;15:40:00;RS;116;252;SAPUCAIA DO SUL;Avarias e/ou desgaste excessivo no pneu;Tombamento;Com V�timas Feridas;Pleno dia;Decrescente;C�u Claro;Dupla;Reta;Sim;1;0;1;0;0;0;1;1;-29,80913395;-51,1675292;SPRF-RS;DEL01-RS;UOP02-DEL01-RS;;;
662388;19/02/2025;quarta-feira;16:00:00;MG;40;795,9;JUIZ DE FORA;Velocidade Incompat�vel;Tombamento;Com V�timas Feridas;Pleno dia;Crescente;C�u Claro;Dupla;Curva;N�o;2;0;1;0;1;0;1;1;-21,81119295;-43,394771;SPRF-MG;DEL05-MG;UOP01-DEL05-MG;;;
662389;19/02/2025;quarta-feira;08:30:00;MA;226;127;SENADOR ALEXANDRE COSTA;Curva acentuada;Sa�da de leito carro��vel;Com V�timas Feridas;Pleno dia;Decrescente;C�u Claro;Simples;Curva;N�o;3;0;0;3;0;0;3;1;-5,28022678;-43,87662726;SPRF-MA;DEL06-MA;UOP01-DEL06-MA;;;
662390;19/02/2025;quarta-feira;15:45:00;BA;116;826,4;VITORIA DA CONQUISTA;Condutor deixou de manter dist�ncia do ve�culo da frente;Colis�o traseira;Com V�timas Feridas;Pleno dia;Crescente;C�u Claro;Dupla;Reta;Sim;3;0;1;0;2;0;1;2;-14,881474;-40,856831;SPRF-BA;DEL08-BA;UOP01-DEL08-BA;;;
662392;19/02/2025;quarta-feira;16:17:00;RS;290;116;ELDORADO DO SUL;Mal s�bito do condutor;Sa�da de leito carro��vel;Com V�timas Feridas;Pleno dia;Crescente;C�u Claro;Simples;Reta;N�o;1;0;1;0;0;0;1;1;-30,046543;-51,367748;SPRF-RS;DEL02-RS;UOP01-DEL02-RS;;;
662395;15/01/2025;quarta-feira;19:00:00;BA;101;183,5;CONCEICAO DA FEIRA;Animais na Pista;Atropelamento de Animal;Com V�timas Feridas;Plena Noite;Crescente;Chuva;Simples;Declive;N�o;1;0;1;0;0;0;1;1;-12,53594197;-38,97745507;SPRF-BA;DEL01-BA;UOP03-DEL01-BA;;;
662398;19/02/2025;quarta-feira;15:45:00;RS;468;9,4;PALMEIRA DAS MISSOES;Aus�ncia de rea��o do condutor;Sa�da de leito carro��vel;Com V�timas Fatais;Pleno dia;Crescente;Sol;Simples;Reta;N�o;1;1;0;0;0;0;0;1;-27,8481574;-53,38868904;SPRF-RS;DEL08-RS;UOP01-DEL08-RS;;;
662399;19/02/2025;quarta-feira;12:30:00;MT;70;3;BARRA DO GARCAS;Rea��o tardia ou ineficiente do condutor;Colis�o traseira;Com V�timas Feridas;Pleno dia;Decrescente;C�u Claro;Dupla;Declive;Sim;1;0;0;1;0;0;1;1;-15,88060662;-52,27918267;SPRF-MT;DEL07-MT;UOP01-DEL07-MT;;;
662400;19/02/2025;quarta-feira;17:00:00;SE;235;59,9;ITABAIANA;Acessar a via sem observar a presen�a dos outros ve�culos;Colis�o transversal;Com V�timas Feridas;Pleno dia;Decrescente;C�u Claro;Simples;"Declive;Reta;Interse��o de Vias";N�o;2;0;0;1;1;0;1;2;-10,62681052;-37,46315897;SPRF-SE;DEL01-SE;UOP02-DEL01-SE;;;
662401;19/02/2025;quarta-feira;16:35:00;MG;381;353;JOAO MONLEVADE;Pista esburacada;Queda de ocupante de ve�culo;Com V�timas Feridas;Pleno dia;Decrescente;C�u Claro;Simples;Reta;N�o;1;0;1;0;0;0;1;1;-19,85413685;-43,13207746;SPRF-MG;DEL03-MG;UOP01-DEL03-MG;;;
662403;19/02/2025;quarta-feira;14:30:00;RJ;393;258;BARRA DO PIRAI;Convers�o proibida;Colis�o transversal;Com V�timas Feridas;Pleno dia;Decrescente;C�u Claro;Simples;Interse��o de Vias;N�o;4;0;3;0;1;0;3;2;-22,46817716;-43,86392355;SPRF-RJ;DEL05-RJ;UOP04-DEL05-RJ;;;
662405;19/02/2025;quarta-feira;17:20:00;BA;324;530;FEIRA DE SANTANA;Acumulo de �leo sobre o pavimento;Tombamento;Com V�timas Feridas;Anoitecer;Crescente;C�u Claro;Dupla;Retorno Regulamentado;N�o;1;0;1;0;0;0;1;1;-12,32818491;-38,86174193;SPRF-BA;DEL01-BA;UOP03-DEL01-BA;;;
662406;19/02/2025;quarta-feira;17:10:00;RN;226;3;NATAL;Acessar a via sem observar a presen�a dos outros ve�culos;Colis�o transversal;Com V�timas Feridas;Anoitecer;Crescente;Sol;Simples;Curva;Sim;2;0;1;0;1;0;1;2;-5,82085671;-35,25187091;SPRF-RN;DEL01-RN;UOP02-DEL01-RN;;;
662413;19/02/2025;quarta-feira;18:10:00;RN;110;34,8;MOSSORO;Animais na Pista;Atropelamento de Animal;Com V�timas Feridas;Plena Noite;Crescente;C�u Claro;Simples;Curva;Sim;2;0;1;1;0;0;2;2;-5,16077999;-37,22144202;SPRF-RN;DEL04-RN;UOP01-DEL04-RN;;;
662414;19/02/2025;quarta-feira;18:00:00;RJ;116;186;NOVA IGUACU;Aus�ncia de rea��o do condutor;Tombamento;Com V�timas Feridas;Pleno dia;Decrescente;Sol;M�ltipla;Reta;N�o;2;0;1;1;0;0;2;1;-22,73962339;-43,46276495;SPRF-RJ;DEL06-RJ;UOP01-DEL06-RJ;;;
662415;19/02/2025;quarta-feira;17:10:00;RJ;101;387;RIO DE JANEIRO;Manobra de mudan�a de faixa;Colis�o traseira;Com V�timas Feridas;Pleno dia;Crescente;C�u Claro;M�ltipla;Reta;N�o;4;0;3;0;1;0;3;2;-22,88537839;-43,64965688;SPRF-RJ;DEL03-RJ;UOP01-DEL03-RJ;;;
662416;19/02/2025;quarta-feira;18:00:00;CE;116;9;FORTALEZA;Manobra de mudan�a de faixa;Colis�o lateral mesmo sentido;Com V�timas Feridas;Anoitecer;Decrescente;C�u Claro;M�ltipla;Reta;Sim;3;0;1;0;0;2;1;3;-3,83165578;-38,50461429;SPRF-CE;DEL01-CE;UOP02-DEL01-CE;;;
662417;19/02/2025;quarta-feira;18:00:00;SP;116;281;EMBU DAS ARTES;Manobra de mudan�a de faixa;Colis�o lateral mesmo sentido;Com V�timas Feridas;Anoitecer;Crescente;C�u Claro;Dupla;Reta;N�o;2;0;1;0;0;1;1;2;-23,67784787;-46,85769227;SPRF-SP;DEL04-SP;UOP01-DEL04-SP;;;
662418;19/02/2025;quarta-feira;13:00:00;SC;282;457,5;PONTE SERRADA;Rea��o tardia ou ineficiente do condutor;Queda de ocupante de ve�culo;Com V�timas Feridas;Pleno dia;Decrescente;Nublado;Simples;Reta;N�o;2;0;2;0;0;0;2;1;-26,8886985;-51,99511528;SPRF-SC;DEL07-SC;UOP04-DEL07-SC;;;
662419;19/02/2025;quarta-feira;18:00:00;MG;50;7;UBERLANDIA;Ingest�o de �lcool pelo condutor;Queda de ocupante de ve�culo;Com V�timas Feridas;Pleno dia;Decrescente;C�u Claro;Dupla;Reta;Sim;1;0;0;1;0;0;1;1;-18,9113;-48,2622;SPRF-MG;DEL15-MG;UOP01-DEL15-MG;;;
662420;19/02/2025;quarta-feira;18:30:00;BA;101;928;NOVA VICOSA;Rea��o tardia ou ineficiente do condutor;Queda de ocupante de ve�culo;Com V�timas Feridas;Plena Noite;Crescente;C�u Claro;Simples;Reta;N�o;2;0;1;1;0;0;2;1;-17,9531236;-39,86217499;SPRF-BA;DEL09-BA;UOP02-DEL09-BA;;;
662421;19/02/2025;quarta-feira;18:00:00;GO;40;16;LUZIANIA;Rea��o tardia ou ineficiente do condutor;Sa�da de leito carro��vel;Com V�timas Feridas;Anoitecer;Crescente;C�u Claro;Dupla;"Reta;Declive";Sim;1;0;1;0;0;0;1;1;-16,180977;-47,928823;SPRF-DF;DEL01-DF;UOP01-DEL01-DF;;;
662422;19/02/2025;quarta-feira;17:39:00;DF;20;4;BRASILIA;Rea��o tardia ou ineficiente do condutor;Colis�o traseira;Com V�timas Feridas;Pleno dia;Decrescente;C�u Claro;Dupla;Reta;Sim;1;0;1;0;0;0;1;1;-15,675484;-47,823761;SPRF-DF;DEL02-DF;UOP01-DEL02-DF;;;
662423;19/02/2025;quarta-feira;18:40:00;PI;343;0,5;TERESINA;Aus�ncia de rea��o do condutor;Colis�o traseira;Com V�timas Feridas;Plena Noite;Decrescente;Chuva;M�ltipla;"Aclive;Reta";Sim;2;0;1;0;1;0;1;2;-5,089569;-42,802288;SPRF-PI;DEL01-PI;UOP01-DEL01-PI;;;
662424;19/02/2025;quarta-feira;18:10:00;RN;304;13;MOSSORO;Condutor Dormindo;Colis�o transversal;Com V�timas Feridas;Plena Noite;Crescente;C�u Claro;Simples;Reta;N�o;3;0;0;2;1;0;2;2;-4,97960788;-37,3844328;SPRF-RN;DEL04-RN;UOP02-DEL04-RN;;;
662425;19/02/2025;quarta-feira;19:00:00;ES;101;269,6;SERRA;Transitar na contram�o;Colis�o lateral sentido oposto;Com V�timas Feridas;Plena Noite;Crescente;C�u Claro;M�ltipla;"Interse��o de Vias;Reta";Sim;2;0;1;0;1;0;1;2;-20,21740496;-40,26990578;SPRF-ES;DEL02-ES;UOP01-DEL02-ES;;;
662426;19/02/2025;quarta-feira;18:35:00;SC;101;123,2;ITAJAI;Convers�o proibida;Colis�o transversal;Com V�timas Feridas;Plena Noite;Crescente;Nublado;M�ltipla;"Em Obras;Reta";Sim;2;0;1;0;1;0;1;2;-26,93668609;-48,69876905;SPRF-SC;DEL04-SC;UOP04-DEL04-SC;;;
662427;19/02/2025;quarta-feira;18:30:00;PE;232;56,8;POMBOS;Aus�ncia de rea��o do condutor;Atropelamento de Pedestre;Com V�timas Feridas;Plena Noite;Crescente;C�u Claro;Dupla;Reta;Sim;2;0;0;2;0;0;2;2;-8,13762681;-35,37336212;SPRF-PE;DEL02-PE;UOP02-DEL02PE;;;
662428;19/02/2025;quarta-feira;18:30:00;PE;423;96;GARANHUNS;�rea urbana sem a presen�a de local apropriado para a travessia de pedestres;Atropelamento de Pedestre;Com V�timas Feridas;Plena Noite;Crescente;C�u Claro;Simples;Reta;Sim;2;0;1;0;0;1;1;2;-8,8810574;-36,4912616;SPRF-PE;DEL03-PE;UOP01-DEL03-PE;;;
662430;19/02/2025;quarta-feira;16:30:00;RO;364;422,8;JARU;Desrespeitar a prefer�ncia no cruzamento;Colis�o transversal;Com V�timas Feridas;Pleno dia;Crescente;C�u Claro;M�ltipla;"Interse��o de Vias;Reta";N�o;2;0;2;0;0;0;2;1;-10,45220802;-62,46072003;SPRF-RO;DEL03-RO;UOP02-DEL03-RO;;;
662431;19/02/2025;quarta-feira;19:00:00;RS;116;265;CANOAS;Manobra de mudan�a de faixa;Colis�o lateral mesmo sentido;Com V�timas Feridas;Anoitecer;Decrescente;C�u Claro;Dupla;Reta;Sim;2;0;1;0;1;0;1;2;-29,92342302;-51,17780944;SPRF-RS;DEL01-RS;UOP01-DEL01-RS;;;
662432;19/02/2025;quarta-feira;14:30:00;MT;364;1;ALTO ARAGUAIA;Acessar a via sem observar a presen�a dos outros ve�culos;Colis�o frontal;Com V�timas Feridas;Pleno dia;Decrescente;Sol;Dupla;Reta;Sim;2;0;1;0;1;0;1;2;-17,31786538;-53,21248412;SPRF-MT;DEL02-MT;UOP02-DEL02-MT;;;