id;data_inversa;dia_semana;horario;uf;br;km;municipio;causa_acidente;tipo_acidente;classificacao_acidente;fase_dia;sentido_via;condicao_metereologica;tipo_pista;tracado_via;uso_solo;pessoas;mortos;feridos_leves;feridos_graves;ilesos;ignorados;feridos;veiculos;latitude;longitude;regional;delegacia;uop;;;
662433;19/02/2025;quarta-feira;19:22:00;PI;316;3;TERESINA;Rea��o tardia ou ineficiente do condutor;Colis�o com objeto;Com V�timas Feridas;Plena Noite;Decrescente;Nublado;Dupla;Reta;Sim;1;0;1;0;0;0;1;1;-5,12826443;-42,79292384;SPRF-PI;DEL01-PI;UOP02-DEL01-PI;;;
662434;19/02/2025;quarta-feira;20:00:00;SP;116;219;GUARULHOS;Aus�ncia de rea��o do condutor;Colis�o transversal;Com V�timas Feridas;Plena Noite;Decrescente;Nublado;M�ltipla;Reta;Sim;3;0;1;0;2;0;1;2;-23,46168595;-46,48945749;SPRF-SP;DEL01-SP;UOP01-DEL01-SP;;;
662436;19/02/2025;quarta-feira;19:30:00;BA;116;14,9;VITORIA DA CONQUISTA;Afundamento ou ondula��o no pavimento;Colis�o traseira;Com V�timas Feridas;Plena Noite;Crescente;Nublado;Simples;Reta;N�o;3;0;2;0;1;0;2;2;-14,897364;-40,85874;SPRF-BA;DEL08-BA;UOP01-DEL08-BA;;;
662437;19/02/2025;quarta-feira;17:40:00;RS;448;4,5;ESTEIO;Condutor deixou de manter dist�ncia do ve�culo da frente;Colis�o traseira;Com V�timas Feridas;Anoitecer;Decrescente;C�u Claro;Dupla;Reta;N�o;2;0;1;0;1;0;1;2;-29,849258;-51,220989;SPRF-RS;DEL01-RS;UOP02-DEL01-RS;;;
662438;19/02/2025;quarta-feira;13:10:00;PI;343;206,2;PIRIPIRI;Rea��o tardia ou ineficiente do condutor;Sa�da de leito carro��vel;Com V�timas Feridas;Pleno dia;Decrescente;Garoa/Chuvisco;Simples;Curva;N�o;1;0;1;0;0;0;1;1;-4,417942;-41,88948;SPRF-PI;DEL02-PI;UOP01-DEL02-PI;;;
662439;19/02/2025;quarta-feira;17:35:00;TO;153;12;XAMBIOA;Aus�ncia de rea��o do condutor;Sa�da de leito carro��vel;Com V�timas Feridas;Pleno dia;Decrescente;C�u Claro;Simples;Reta;N�o;2;0;2;0;0;0;2;1;-6,47615698;-48,4947719;SPRF-TO;DEL02-TO;UOP01-DEL02-TO;;;
662440;19/02/2025;quarta-feira;21:00:00;RJ;116;170;RIO DE JANEIRO;Aus�ncia de rea��o do condutor;Tombamento;Com V�timas Feridas;Plena Noite;Crescente;C�u Claro;Dupla;Reta;N�o;1;0;0;1;0;0;1;1;-22,81113183;-43,3336729;SPRF-RJ;DEL06-RJ;UOP01-DEL06-RJ;;;
662442;12/02/2025;quarta-feira;17:03:00;BA;101;506;ITABUNA;Acessar a via sem observar a presen�a dos outros ve�culos;Colis�o lateral mesmo sentido;Com V�timas Feridas;Pleno dia;Decrescente;C�u Claro;Simples;"Aclive;Reta";N�o;2;0;2;0;0;0;2;2;-14,957696;-39,306865;SPRF-BA;DEL05-BA;UOP01-DEL05-BA;;;
662443;19/02/2025;quarta-feira;18:00:00;SP;381;80;SAO PAULO;Aus�ncia de rea��o do condutor;Colis�o traseira;Com V�timas Feridas;Pleno dia;Decrescente;C�u Claro;Simples;Reta;Sim;2;0;1;0;0;1;1;2;-23,40889686;-46,58095945;SPRF-SP;DEL03-SP;UOP01-DEL03-SP;;;
662446;19/02/2025;quarta-feira;18:53:00;RO;364;603;ITAPUA DO OESTE;Aus�ncia de rea��o do condutor;Colis�o com objeto;Com V�timas Feridas;Anoitecer;Crescente;Nublado;Dupla;Reta;Sim;1;0;0;1;0;0;1;1;-9,19843426;-63,18258226;SPRF-RO;DEL01-RO;UOP04-DEL01-RO;;;
662448;19/02/2025;quarta-feira;18:50:00;SP;116;156,8;SAO JOSE DOS CAMPOS;Pedestre cruzava a pista fora da faixa;Atropelamento de Pedestre;Com V�timas Feridas;Anoitecer;Decrescente;C�u Claro;Dupla;Reta;Sim;3;0;0;2;0;1;2;2;-23,25044084;-45,93572909;SPRF-SP;DEL02-SP;UOP01-DEL02-SP;;;
662449;19/02/2025;quarta-feira;20:30:00;MS;163;420;CAMPO GRANDE;Acessar a via sem observar a presen�a dos outros ve�culos;Colis�o transversal;Com V�timas Feridas;Pleno dia;Decrescente;C�u Claro;Simples;"Interse��o de Vias;Rotat�ria";Sim;2;0;1;0;1;0;1;2;-20,99104704;-54,50658928;SPRF-MS;DEL01-MS;UOP01-DEL01-MS;;;
662450;19/02/2025;quarta-feira;20:45:00;PR;116;29,1;CAMPINA GRANDE DO SUL;Demais falhas mec�nicas ou el�tricas;Inc�ndio;Sem V�timas;Plena Noite;Crescente;Garoa/Chuvisco;Dupla;Reta;N�o;1;0;0;0;1;0;0;1;-25,18101149;-48,88196442;SPRF-PR;DEL01-PR;UOP02-DEL01-PR;;;
662451;19/02/2025;quarta-feira;21:50:00;PE;104;85,8;AGRESTINA;Rea��o tardia ou ineficiente do condutor;Colis�o frontal;Com V�timas Fatais;Plena Noite;Crescente;C�u Claro;Simples;Reta;Sim;2;1;0;0;1;0;0;2;-8,438719;-35,955177;SPRF-PE;DEL02-PE;UOP01-DEL02-PE;;;
662453;19/02/2025;quarta-feira;22:05:00;RN;101;147;GOIANINHA;Acesso irregular;Colis�o com objeto;Com V�timas Fatais;Plena Noite;Decrescente;C�u Claro;Dupla;"Desvio Tempor�rio;Em Obras;Viaduto";Sim;1;1;0;0;0;0;0;1;-6,25324259;-35,21467924;SPRF-RN;DEL01-RN;UOP01-DEL01-RN;;;
662454;19/02/2025;quarta-feira;22:30:00;SC;470;67;INDAIAL;Aus�ncia de rea��o do condutor;Colis�o traseira;Com V�timas Feridas;Plena Noite;Crescente;Garoa/Chuvisco;M�ltipla;"Interse��o de Vias;Reta";N�o;3;0;1;0;0;2;1;2;-26,872158;-49,23127;SPRF-SC;DEL04-SC;UOP01-DEL04-SC;;;
662455;19/02/2025;quarta-feira;21:00:00;MA;135;26;BACABEIRA;Demais falhas mec�nicas ou el�tricas;Inc�ndio;Sem V�timas;Plena Noite;Crescente;C�u Claro;Dupla;Reta;N�o;1;0;0;0;1;0;0;1;-2,77023451;-44,36931635;SPRF-MA;DEL01-MA;UOP01-DEL01-MA;;;
662457;19/02/2025;quarta-feira;21:00:00;PI;230;279,6;NAZARE DO PIAUI;Pedestre andava na pista;Atropelamento de Pedestre;Com V�timas Fatais;Plena Noite;Decrescente;C�u Claro;Simples;"Curva;Declive";Sim;2;1;0;0;0;1;0;2;-6,92178978;-42,78108092;SPRF-PI;DEL03-PI;UOP01-DEL03-PI;;;
662458;19/02/2025;quarta-feira;23:50:00;PR;277;82;CURITIBA;Avarias e/ou desgaste excessivo no pneu;Tombamento;Com V�timas Feridas;Plena Noite;Decrescente;Nublado;Simples;Reta;Sim;2;0;2;0;0;0;2;1;-25,568939;-49,181978;SPRF-PR;DEL01-PR;UOP03-DEL01-PR;;;
662459;19/02/2025;quarta-feira;21:30:00;SP;116;167,8;JACAREI;Aus�ncia de rea��o do condutor;Colis�o traseira;Com V�timas Feridas;Plena Noite;Crescente;C�u Claro;Dupla;Declive;N�o;1;0;1;0;0;0;1;1;-23,30254924;-46,02640493;SPRF-SP;DEL02-SP;UOP01-DEL02-SP;;;
662461;19/02/2025;quarta-feira;23:55:00;PR;158;525,1;PATO BRANCO;Velocidade Incompat�vel;Sa�da de leito carro��vel;Sem V�timas;Plena Noite;Crescente;C�u Claro;Simples;Curva;N�o;1;0;0;0;0;1;0;1;-26,155499;-52,66344;SPRF-PR;DEL02-PR;UOP01-DEL02-PR;;;
662462;19/02/2025;quarta-feira;23:45:00;RN;406;80,6;SAO GONCALO DO AMARANTE;Ingest�o de �lcool pelo condutor;Colis�o transversal;Sem V�timas;Plena Noite;Decrescente;C�u Claro;Dupla;Rotat�ria;Sim;2;0;0;0;2;0;0;2;-5,76285451;-35,28720305;SPRF-RN;DEL02-RN;UOP01-DEL02-RN;;;
662464;20/02/2025;quinta-feira;00:45:00;MG;381;258;CORONEL FABRICIANO;Condutor Dormindo;Colis�o frontal;Com V�timas Fatais;Plena Noite;Crescente;C�u Claro;Simples;Curva;N�o;3;1;1;0;1;0;1;2;-19,52855;-42,57974;SPRF-MG;DEL03-MG;UOP01-DEL03-MG;;;
662466;20/02/2025;quinta-feira;01:20:00;SP;116;212;GUARULHOS;Rea��o tardia ou ineficiente do condutor;Colis�o lateral mesmo sentido;Sem V�timas;Plena Noite;Decrescente;Nublado;M�ltipla;Reta;N�o;2;0;0;0;2;0;0;2;-23,43608315;-46,42805094;SPRF-SP;DEL01-SP;UOP01-DEL01-SP;;;
662467;20/02/2025;quinta-feira;03:55:00;MG;40;507,5;RIBEIRAO DAS NEVES;Entrada inopinada do pedestre;Atropelamento de Pedestre;Com V�timas Fatais;Plena Noite;Crescente;C�u Claro;Dupla;Reta;N�o;2;1;0;0;0;1;0;2;-19,75431705;-44,14152606;SPRF-MG;DEL02-MG;UOP01-DEL02-MG;;;
662469;20/02/2025;quinta-feira;05:00:00;ES;101;161;LINHARES;Transitar na contram�o;Tombamento;Com V�timas Feridas;Amanhecer;Crescente;C�u Claro;Simples;Reta;N�o;2;0;1;0;1;0;1;2;-19,48358708;-40,11977894;SPRF-ES;DEL04-ES;UOP01-DEL04-ES;;;
662470;20/02/2025;quinta-feira;04:20:00;RS;290;43,4;GLORINHA;Rea��o tardia ou ineficiente do condutor;Tombamento;Com V�timas Feridas;Pleno dia;Crescente;Nevoeiro/Neblina;M�ltipla;Reta;N�o;2;0;2;0;0;0;2;1;-29,889673;-50,693836;SPRF-RS;DEL03-RS;UOP01-DEL03-RS;;;
662471;20/02/2025;quinta-feira;04:35:00;GO;60;183,3;ABADIA DE GOIAS;Condutor deixou de manter dist�ncia do ve�culo da frente;Colis�o traseira;Com V�timas Fatais;Plena Noite;Decrescente;Ignorado;Dupla;"Aclive;Reta";N�o;3;1;0;1;0;1;1;2;-16,7899;-49,5019;SPRF-GO;DEL01-GO;UOP02-DEL01-GO;;;
662472;20/02/2025;quinta-feira;05:40:00;ES;101;364,5;ANCHIETA;Condutor Dormindo;Sa�da de leito carro��vel;Com V�timas Feridas;Amanhecer;Decrescente;C�u Claro;Dupla;Reta;N�o;1;0;0;1;0;0;1;1;-20,7286089;-40,74288809;SPRF-ES;DEL03-ES;UOP01-DEL03-ES;;;
662474;20/02/2025;quinta-feira;06:15:00;ES;101;42,6;CONCEICAO DA BARRA;Animais na Pista;Sa�da de leito carro��vel;Com V�timas Feridas;Amanhecer;Decrescente;C�u Claro;Simples;Declive;N�o;1;0;1;0;0;0;1;1;-18,51702193;-39,91329775;SPRF-ES;DEL04-ES;UOP02-DEL04-ES;;;
662475;19/02/2025;quarta-feira;15:15:00;RJ;493;75;NOVA IGUACU;Aus�ncia de rea��o do condutor;Colis�o traseira;Com V�timas Feridas;Pleno dia;Decrescente;C�u Claro;Dupla;Reta;N�o;2;0;0;1;1;0;1;2;-22,677996;-43,538561;SPRF-RJ;DEL01-RJ;UOP03-DEL01-RJ;;;
662476;20/02/2025;quinta-feira;06:00:00;PB;101;88;JOAO PESSOA;Estacionar ou parar em local proibido;Colis�o traseira;Com V�timas Feridas;Pleno dia;Crescente;C�u Claro;Dupla;"Reta;Viaduto";Sim;2;0;1;0;1;0;1;2;-7,16470016;-34,89993643;SPRF-PB;DEL01-PB;UOP01-DEL01-PB;;;
662479;20/02/2025;quinta-feira;05:30:00;GO;153;374,2;SAO FRANCISCO DE GOIAS;Pedestre andava na pista;Atropelamento de Pedestre;Com V�timas Feridas;Amanhecer;Crescente;C�u Claro;Simples;Reta;N�o;2;0;0;2;0;0;2;2;-15,860242;-49,261246;SPRF-GO;DEL02-GO;UOP02-DEL02-GO;;;
662481;19/02/2025;quarta-feira;22:50:00;RJ;493;22;MAGE;Ultrapassagem Indevida;Colis�o frontal;Com V�timas Feridas;Plena Noite;Decrescente;C�u Claro;Simples;Curva;N�o;3;0;1;0;1;1;1;2;-22,659311;-43,053303;SPRF-RJ;DEL04-RJ;UOP02-DEL04-RJ;;;
662484;20/02/2025;quinta-feira;07:00:00;PR;376;168;MARINGA;Frear bruscamente;Queda de ocupante de ve�culo;Com V�timas Feridas;Amanhecer;Crescente;C�u Claro;Dupla;Aclive;N�o;1;0;1;0;0;0;1;1;-23,3964426;-52,0056963;SPRF-PR;DEL09-PR;UOP01-DEL09-PR;;;
662486;20/02/2025;quinta-feira;05:00:00;RJ;116;204;QUEIMADOS;Rea��o tardia ou ineficiente do condutor;Colis�o com objeto;Sem V�timas;Amanhecer;Decrescente;C�u Claro;Dupla;Reta;N�o;1;0;0;0;0;1;0;1;-22,72895007;-43,63189001;SPRF-RJ;DEL06-RJ;UOP02-DEL06-RJ;;;
662488;20/02/2025;quinta-feira;05:30:00;PE;101;103;CABO DE SANTO AGOSTINHO;Entrada inopinada do pedestre;Atropelamento de Pedestre;Com V�timas Fatais;Amanhecer;Decrescente;C�u Claro;Simples;Reta;Sim;2;1;0;0;1;0;0;2;-8,30672;-35,07168;SPRF-PE;DEL01-PE;UOP03-DEL01-PE;;;
662489;20/02/2025;quinta-feira;07:50:00;SC;101;194,4;BIGUACU;Avarias e/ou desgaste excessivo no pneu;Queda de ocupante de ve�culo;Com V�timas Feridas;Pleno dia;Crescente;Nublado;M�ltipla;Reta;Sim;2;0;2;0;0;0;2;1;-27,49815117;-48,65661236;SPRF-SC;DEL01-SC;UOP01-DEL01-SC;;;
662490;20/02/2025;quinta-feira;07:30:00;RS;285;456;IJUI;Desrespeitar a prefer�ncia no cruzamento;Colis�o transversal;Com V�timas Feridas;Pleno dia;Decrescente;Sol;Simples;Rotat�ria;Sim;2;0;1;0;1;0;1;2;-28,385244;-53,888424;SPRF-RS;DEL10-RS;UOP01-DEL10-RS;;;
662491;20/02/2025;quinta-feira;07:40:00;PR;376;168;MARINGA;Aus�ncia de rea��o do condutor;Engavetamento;Com V�timas Feridas;Pleno dia;Crescente;C�u Claro;Dupla;"Reta;Declive";N�o;3;0;1;0;2;0;1;3;-23,409788;-51,987453;SPRF-PR;DEL09-PR;UOP01-DEL09-PR;;;
662492;20/02/2025;quinta-feira;08:00:00;GO;60;97;ANAPOLIS;Acessar a via sem observar a presen�a dos outros ve�culos;Colis�o transversal;Com V�timas Feridas;Pleno dia;Crescente;C�u Claro;Dupla;Reta;Sim;3;0;0;3;0;0;3;2;-16,3774;-48,9483;SPRF-GO;DEL02-GO;UOP01-DEL02-GO;;;
662493;31/01/2025;sexta-feira;20:30:00;PE;428;189;PETROLINA;Rea��o tardia ou ineficiente do condutor;Colis�o traseira;Com V�timas Feridas;Plena Noite;Crescente;C�u Claro;M�ltipla;Interse��o de Vias;Sim;2;0;1;0;1;0;1;2;-9,37197508;-40,48679585;SPRF-PE;DEL06-PE;UOP01-DEL06-PE;;;
662496;20/02/2025;quinta-feira;07:20:00;RS;116;153,7;CAXIAS DO SUL;Desrespeitar a prefer�ncia no cruzamento;Colis�o lateral mesmo sentido;Com V�timas Feridas;Pleno dia;Decrescente;C�u Claro;M�ltipla;"Interse��o de Vias;Rotat�ria";Sim;2;0;1;0;1;0;1;2;-29,18579758;-51,17713005;SPRF-RS;DEL05-RS;UOP01-DEL05-RS;;;
662497;20/02/2025;quinta-feira;08:10:00;SC;101;71;ARAQUARI;Velocidade Incompat�vel;Sa�da de leito carro��vel;Com V�timas Feridas;Pleno dia;Decrescente;Nublado;Dupla;Reta;N�o;1;0;1;0;0;0;1;1;-26,51864822;-48,71874636;SPRF-SC;DEL03-SC;UOP02-DEL03-SC;;;
662498;16/02/2025;domingo;19:30:00;SC;470;33;GASPAR;Acesso irregular;Atropelamento de Pedestre;Com V�timas Feridas;Plena Noite;Crescente;Nublado;M�ltipla;Reta;Sim;3;0;1;0;1;1;1;3;-26,906223;-48,940575;SPRF-SC;DEL04-SC;UOP01-DEL04-SC;;;
662499;20/02/2025;quinta-feira;07:30:00;DF;40;4;BRASILIA;Manobra de mudan�a de faixa;Colis�o lateral mesmo sentido;Com V�timas Feridas;Pleno dia;Decrescente;C�u Claro;Dupla;Reta;Sim;2;0;1;0;1;0;1;2;-16,012033;-47,982124;SPRF-DF;DEL01-DF;UOP01-DEL01-DF;;;
662500;20/02/2025;quinta-feira;07:56:00;DF;40;4;BRASILIA;Trafegar com motocicleta (ou similar) entre as faixas;Colis�o traseira;Com V�timas Feridas;Pleno dia;Decrescente;C�u Claro;Dupla;Reta;Sim;2;0;1;0;1;0;1;2;-16,014756;-47,981566;SPRF-DF;DEL01-DF;UOP01-DEL01-DF;;;
662501;20/02/2025;quinta-feira;07:45:00;BA;324;603;SIMOES FILHO;Rea��o tardia ou ineficiente do condutor;Colis�o lateral mesmo sentido;Com V�timas Feridas;Pleno dia;Decrescente;C�u Claro;Dupla;Reta;Sim;2;0;1;0;1;0;1;2;-12,77190917;-38,41991733;SPRF-BA;DEL01-BA;UOP01-DEL01-BA;;;
662502;20/02/2025;quinta-feira;08:00:00;RN;101;109;PARNAMIRIM;Demais falhas na via;Queda de ocupante de ve�culo;Com V�timas Feridas;Pleno dia;Decrescente;C�u Claro;Dupla;Reta;Sim;2;0;2;0;0;0;2;1;-5,937378;-35,26483;SPRF-RN;DEL01-RN;UOP01-DEL01-RN;;;
662503;20/01/2025;segunda-feira;12:10:00;AL;423;100;DELMIRO GOUVEIA;Chuva;Colis�o frontal;Com V�timas Feridas;Pleno dia;Crescente;Chuva;Simples;Reta;N�o;5;0;4;0;1;0;4;2;-9,3903726;-38,1574192;SPRF-BA;DEL07-BA;UOP01-DEL07-BA;;;
662505;02/02/2025;domingo;03:40:00;PB;230;157,3;CAMPINA GRANDE;Animais na Pista;Atropelamento de Animal;Com V�timas Feridas;Plena Noite;Decrescente;Nublado;Simples;"Reta;Declive";Sim;1;0;1;0;0;0;1;1;-7,264;-35,9199;SPRF-PB;DEL02-PB;UOP01-DEL02-PB;;;
662507;14/02/2025;sexta-feira;17:10:00;PE;428;184,2;PETROLINA;Acessar a via sem observar a presen�a dos outros ve�culos;Colis�o lateral mesmo sentido;Com V�timas Feridas;Pleno dia;Decrescente;C�u Claro;Dupla;Reta;N�o;2;0;0;1;1;0;1;2;-9,3456632;-40,4727632;SPRF-PE;DEL06-PE;UOP01-DEL06-PE;;;
662509;20/02/2025;quinta-feira;08:30:00;RJ;101;399;ITAGUAI;Aus�ncia de rea��o do condutor;Colis�o traseira;Com V�timas Feridas;Pleno dia;Crescente;C�u Claro;Dupla;Reta;Sim;3;0;1;0;2;0;1;3;-22,85921896;-43,75891497;SPRF-RJ;DEL03-RJ;UOP01-DEL03-RJ;;;
662514;20/02/2025;quinta-feira;08:01:00;ES;101;41;CONCEICAO DA BARRA;Demais falhas mec�nicas ou el�tricas;Tombamento;Sem V�timas;Pleno dia;Crescente;C�u Claro;Simples;"Reta;Aclive";N�o;2;0;0;0;1;1;0;1;-18,50841392;-39,91590574;SPRF-ES;DEL04-ES;UOP02-DEL04-ES;;;
662517;20/02/2025;quinta-feira;09:20:00;PB;101;28;RIO TINTO;Rea��o tardia ou ineficiente do condutor;Sa�da de leito carro��vel;Com V�timas Feridas;Pleno dia;Decrescente;C�u Claro;Dupla;"Em Obras;Reta";N�o;2;0;1;0;1;0;1;1;-6,73315199;-35,12593202;SPRF-PB;DEL01-PB;UOP03-DEL01-PB;;;
662522;23/01/2025;quinta-feira;17:40:00;PR;376;600;CURITIBA;Rea��o tardia ou ineficiente do condutor;Queda de ocupante de ve�culo;Com V�timas Feridas;Pleno dia;Crescente;Nublado;Dupla;Reta;Sim;1;0;1;0;0;0;1;1;-25,53195602;-49,32205901;SPRF-PR;DEL01-PR;UOP06-DEL01-PR;;;
662523;20/02/2025;quinta-feira;08:35:00;RO;364;161;PIMENTA BUENO;Convers�o proibida;Colis�o transversal;Com V�timas Feridas;Pleno dia;Crescente;Sol;Simples;"Declive;Curva;Interse��o de Vias";N�o;3;0;2;0;1;0;2;2;-11,91064703;-60,96644505;SPRF-RO;DEL02-RO;UOP02-DEL02-RO;;;
662526;20/02/2025;quinta-feira;07:40:00;ES;101;269;SERRA;Aus�ncia de rea��o do condutor;Colis�o lateral mesmo sentido;Com V�timas Feridas;Pleno dia;Crescente;Sol;Dupla;Reta;Sim;3;0;1;0;0;2;1;3;-20,21740496;-40,26990578;SPRF-ES;DEL02-ES;UOP01-DEL02-ES;;;
662528;20/02/2025;quinta-feira;09:15:00;PB;230;10;CABEDELO;Demais falhas mec�nicas ou el�tricas;Queda de ocupante de ve�culo;Com V�timas Feridas;Pleno dia;Decrescente;C�u Claro;Dupla;"Reta;Em Obras";Sim;1;0;1;0;0;0;1;1;-7,0514;-34,8499;SPRF-PB;DEL01-PB;UOP01-DEL01-PB;;;
662529;20/02/2025;quinta-feira;08:00:00;SC;470;55,7;BLUMENAU;Retorno proibido;Colis�o transversal;Com V�timas Feridas;Pleno dia;Crescente;C�u Claro;Simples;"Em Obras;Reta";N�o;2;0;1;0;1;0;1;2;-26,875601;-49,117992;SPRF-SC;DEL04-SC;UOP01-DEL04-SC;;;
662530;20/02/2025;quinta-feira;09:30:00;ES;101;267;SERRA;Rea��o tardia ou ineficiente do condutor;Colis�o com objeto;Com V�timas Feridas;Pleno dia;Decrescente;C�u Claro;Dupla;Reta;Sim;1;0;1;0;0;0;1;1;-20,19930999;-40,26884609;SPRF-ES;DEL02-ES;UOP01-DEL02-ES;;;
662532;20/02/2025;quinta-feira;10:00:00;DF;40;6;BRASILIA;Manobra de mudan�a de faixa;Colis�o lateral mesmo sentido;Com V�timas Feridas;Pleno dia;Decrescente;C�u Claro;Dupla;Reta;Sim;2;0;1;0;1;0;1;2;-16,029741;-47,978867;SPRF-DF;DEL01-DF;UOP01-DEL01-DF;;;
662533;16/01/2025;quinta-feira;02:00:00;PA;230;6;ALTAMIRA;Ingest�o de �lcool pelo condutor;Sa�da de leito carro��vel;Com V�timas Feridas;Plena Noite;Decrescente;Nublado;Simples;Reta;Sim;2;0;2;0;0;0;2;1;-3,203721;-52,206787;SPRF-PA;DEL04-PA;UOP01-DEL04-PA;;;
662536;20/02/2025;quinta-feira;10:50:00;PB;230;22,5;JOAO PESSOA;Aus�ncia de rea��o do condutor;Colis�o traseira;Com V�timas Feridas;Pleno dia;Decrescente;Sol;Dupla;Reta;Sim;3;0;2;0;1;0;2;2;-7,15313607;-34,85464811;SPRF-PB;DEL01-PB;UOP01-DEL01-PB;;;
662537;20/02/2025;quinta-feira;10:30:00;PE;407;128,7;PETROLINA;Desrespeitar a prefer�ncia no cruzamento;Colis�o transversal;Com V�timas Feridas;Pleno dia;Crescente;C�u Claro;Dupla;Interse��o de Vias;Sim;2;0;0;1;1;0;1;2;-9,39958299;-40,50459298;SPRF-PE;DEL06-PE;UOP01-DEL06-PE;;;
662538;04/01/2025;s�bado;17:10:00;PR;280;293;FLOR DA SERRA DO SUL;Desrespeitar a prefer�ncia no cruzamento;Colis�o transversal;Com V�timas Feridas;Pleno dia;Decrescente;Sol;Simples;Interse��o de Vias;N�o;6;0;1;0;5;0;1;2;-26,25026574;-53,33540044;SPRF-PR;DEL02-PR;UOP01-DEL02-PR;;;
662540;20/02/2025;quinta-feira;07:00:00;PI;407;424,7;PICOS;Animais na Pista;Queda de ocupante de ve�culo;Com V�timas Feridas;Pleno dia;Crescente;Nublado;Simples;Reta;Sim;2;0;1;1;0;0;2;1;-7,08690699;-41,42819598;SPRF-PI;DEL04-PI;UOP01-DEL04-PI;;;
662541;20/02/2025;quinta-feira;12:15:00;PR;277;68;SAO JOSE DOS PINHAIS;Avarias e/ou desgaste excessivo no pneu;Queda de ocupante de ve�culo;Com V�timas Feridas;Pleno dia;Crescente;C�u Claro;Dupla;Reta;N�o;2;0;2;0;0;0;2;1;-25,52624045;-49,0987587;SPRF-PR;DEL01-PR;UOP01-DEL01-PR;;;
662546;16/02/2025;domingo;23:25:00;SP;101;51,9;UBATUBA;Aus�ncia de rea��o do condutor;Colis�o lateral sentido oposto;Com V�timas Feridas;Plena Noite;Crescente;Nublado;Simples;Reta;N�o;2;0;1;0;0;1;1;2;-23,45627795;-45,07111896;SPRF-SP;DEL06-SP;UOP01-DEL06-SP;;;
662548;20/02/2025;quinta-feira;12:00:00;SP;116;51;LORENA;Demais falhas mec�nicas ou el�tricas;Queda de ocupante de ve�culo;Com V�timas Feridas;Pleno dia;Decrescente;C�u Claro;Simples;Curva;Sim;1;0;0;1;0;0;1;1;-22,74157511;-45,09206392;SPRF-SP;DEL08-SP;UOP02-DEL08-SP;;;
662549;20/02/2025;quinta-feira;12:25:00;PR;376;592;CURITIBA;Trafegar com motocicleta (ou similar) entre as faixas;Colis�o traseira;Com V�timas Feridas;Pleno dia;Decrescente;Nublado;Dupla;Reta;N�o;2;0;1;0;1;0;1;2;-25,46833525;-49,35524543;SPRF-PR;DEL03-PR;UOP03-DEL03-PR;;;
662550;20/02/2025;quinta-feira;10:40:00;PA;316;18;BENEVIDES;Condutor deixou de manter dist�ncia do ve�culo da frente;Colis�o traseira;Com V�timas Feridas;Pleno dia;Crescente;Sol;Dupla;Reta;Sim;2;0;1;0;1;0;1;2;-1,36485638;-48,29643999;SPRF-PA;DEL01-PA;UOP01-DEL01-PA;;;
662551;09/02/2025;domingo;16:25:00;RS;158;470;ROSARIO DO SUL;Condutor deixou de manter dist�ncia do ve�culo da frente;Colis�o traseira;Sem V�timas;Pleno dia;Decrescente;C�u Claro;Simples;Reta;Sim;4;0;0;0;4;0;0;2;-30,26806191;-54,9740301;SPRF-RS;DEL11-RS;UOP02-DEL11-RS;;;
662553;20/02/2025;quinta-feira;13:50:00;RJ;101;515;ANGRA DOS REIS;Aus�ncia de rea��o do condutor;Queda de ocupante de ve�culo;Com V�timas Feridas;Pleno dia;Decrescente;C�u Claro;Simples;Curva;N�o;1;0;1;0;0;0;1;1;-22,98288597;-44,43920603;SPRF-RJ;DEL03-RJ;UOP03-DEL03-RJ;;;
662554;20/02/2025;quinta-feira;05:45:00;MT;158;623,7;AGUA BOA;Animais na Pista;Atropelamento de Animal;Com V�timas Feridas;Amanhecer;Decrescente;C�u Claro;Simples;Reta;N�o;1;0;1;0;0;0;1;1;-14,40807984;-52,21939087;SPRF-MT;DEL07-MT;UOP02-DEL07-MT;;;
662555;04/02/2025;ter�a-feira;13:30:00;MT;70;272;PRIMAVERA DO LESTE;Aus�ncia de rea��o do condutor;Colis�o traseira;Com V�timas Feridas;Pleno dia;Decrescente;Nublado;Simples;"Declive;Interse��o de Vias;Reta";N�o;2;0;1;0;1;0;1;2;-15,53126415;-54,2164135;SPRF-MT;DEL05-MT;UOP01-DEL05-MT;;;
662556;20/02/2025;quinta-feira;14:15:00;RS;116;477,3;TURUCU;Aus�ncia de rea��o do condutor;Colis�o com objeto;Com V�timas Feridas;Pleno dia;Decrescente;Sol;Simples;Reta;N�o;1;0;1;0;0;0;1;1;-31,38161704;-52,12712598;SPRF-RS;DEL07-RS;UOP01-DEL07-RS;;;
662557;20/02/2025;quinta-feira;14:20:00;ES;101;155;LINHARES;Rea��o tardia ou ineficiente do condutor;Colis�o traseira;Com V�timas Feridas;Pleno dia;Crescente;C�u Claro;Simples;Reta;N�o;4;0;1;0;3;0;1;2;-19,43842387;-40,08913618;SPRF-ES;DEL04-ES;UOP01-DEL04-ES;;;
662561;20/02/2025;quinta-feira;14:14:00;PE;428;187;PETROLINA;Desrespeitar a prefer�ncia no cruzamento;Colis�o transversal;Sem V�timas;Pleno dia;Decrescente;C�u Claro;M�ltipla;Rotat�ria;Sim;2;0;0;0;2;0;0;2;-9,3749816;-40,48882484;SPRF-PE;DEL06-PE;UOP01-DEL06-PE;;;