id;data_inversa;dia_semana;horario;uf;br;km;municipio;causa_acidente;tipo_acidente;classificacao_acidente;fase_dia;sentido_via;condicao_metereologica;tipo_pista;tracado_via;uso_solo;pessoas;mortos;feridos_leves;feridos_graves;ilesos;ignorados;feridos;veiculos;latitude;longitude;regional;delegacia;uop;;;
662562;20/02/2025;quinta-feira;14:20:00;RS;471;174,9;RIO PARDO;Condutor deixou de manter dist�ncia do ve�culo da frente;Colis�o lateral mesmo sentido;Com V�timas Feridas;Pleno dia;Crescente;Sol;Dupla;Reta;N�o;2;0;1;0;1;0;1;2;-30,022757;-52,373554;SPRF-RS;DEL02-RS;UOP03-DEL02-RS;;;
662564;20/02/2025;quinta-feira;12:45:00;MT;163;800;VERA;Chuva;Sa�da de leito carro��vel;Com V�timas Feridas;Pleno dia;Decrescente;Chuva;Simples;"Reta;Declive";N�o;5;0;3;0;2;0;3;1;-12,1700275;-55,519638;SPRF-MT;DEL06-MT;UOP02-DEL06-MT;;;
662566;20/02/2025;quinta-feira;15:10:00;BA;324;513;FEIRA DE SANTANA;Transitar na contram�o;Colis�o frontal;Com V�timas Feridas;Pleno dia;Decrescente;C�u Claro;Simples;Rotat�ria;Sim;3;0;2;0;1;0;2;2;-12,23272512;-38,9484877;SPRF-BA;DEL02-BA;UOP01-DEL02-BA;;;
662568;20/02/2025;quinta-feira;14:30:00;RN;101;84;NATAL;Aus�ncia de rea��o do condutor;Colis�o traseira;Sem V�timas;Pleno dia;Decrescente;C�u Claro;Dupla;Reta;Sim;2;0;0;0;2;0;0;2;-5,774416;-35,257049;SPRF-RN;DEL02-RN;UOP01-DEL02-RN;;;
662569;20/02/2025;quinta-feira;13:30:00;MS;60;387,8;SIDROLANDIA;Acumulo de �gua sobre o pavimento;Sa�da de leito carro��vel;Sem V�timas;Pleno dia;Crescente;Chuva;Simples;"Declive;Reta";N�o;1;0;0;0;1;0;0;1;-20,69472307;-54,76838483;SPRF-MS;DEL01-MS;UOP04-DEL01-MS;;;
662570;20/02/2025;quinta-feira;08:00:00;SC;101;201,6;SAO JOSE;Manobra de mudan�a de faixa;Colis�o lateral mesmo sentido;Com V�timas Feridas;Pleno dia;Crescente;C�u Claro;M�ltipla;Reta;Sim;2;0;1;0;1;0;1;2;-27,54836599;-48,61977975;SPRF-SC;DEL01-SC;UOP01-DEL01-SC;;;
662574;20/02/2025;quinta-feira;15:35:00;SC;101;199;SAO JOSE;Condutor deixou de manter dist�ncia do ve�culo da frente;Colis�o traseira;Com V�timas Feridas;Pleno dia;Crescente;Garoa/Chuvisco;Dupla;"Aclive;Reta";N�o;2;0;1;0;1;0;1;2;-27,53413705;-48,63003205;SPRF-SC;DEL01-SC;UOP01-DEL01-SC;;;
662576;20/02/2025;quinta-feira;15:50:00;MG;146;466;BOTELHOS;Ultrapassagem Indevida;Colis�o frontal;Com V�timas Feridas;Pleno dia;Crescente;C�u Claro;Simples;Curva;N�o;4;0;1;2;0;1;3;3;-21,693448;-46,424977;SPRF-MG;DEL09-MG;UOP01-DEL09-MG;;;
662577;12/01/2025;domingo;03:30:00;PE;104;83;AGRESTINA;Transitar na contram�o;Sa�da de leito carro��vel;Com V�timas Feridas;Amanhecer;Decrescente;C�u Claro;Simples;Reta;N�o;3;0;1;0;2;0;1;2;-8,422589;-35,963135;SPRF-PE;DEL02-PE;UOP01-DEL02-PE;;;
662578;20/02/2025;quinta-feira;13:00:00;MT;70;534;VARZEA GRANDE;Aus�ncia de rea��o do condutor;Sa�da de leito carro��vel;Com V�timas Feridas;Pleno dia;Decrescente;C�u Claro;Simples;Reta;N�o;1;0;0;1;0;0;1;1;-15,67663575;-56,25788167;SPRF-MT;DEL01-MT;UOP02-DEL01-MT;;;
662579;20/02/2025;quinta-feira;15:15:00;BA;324;586;CANDEIAS;Aus�ncia de rea��o do condutor;Sa�da de leito carro��vel;Com V�timas Feridas;Pleno dia;Crescente;C�u Claro;Dupla;Reta;Sim;1;0;1;0;0;0;1;1;-12,63012705;-38,47968619;SPRF-BA;DEL01-BA;UOP01-DEL01-BA;;;
662581;20/02/2025;quinta-feira;14:20:00;SC;282;54;AGUAS MORNAS;Velocidade Incompat�vel;Sa�da de leito carro��vel;Com V�timas Feridas;Pleno dia;Decrescente;Chuva;Simples;"Curva;Declive";N�o;2;0;1;1;0;0;2;1;-27,685799;-48,974514;SPRF-SC;DEL01-SC;UOP03-DEL01-SC;;;
662583;20/02/2025;quinta-feira;16:40:00;PB;101;40,9;MAMANGUAPE;Entrada inopinada do pedestre;Atropelamento de Pedestre;Com V�timas Feridas;Pleno dia;Crescente;C�u Claro;Dupla;Reta;Sim;5;0;0;1;4;0;1;2;-6,838737;-35,13633;SPRF-PB;DEL01-PB;UOP03-DEL01-PB;;;
662587;20/02/2025;quinta-feira;16:30:00;CE;116;35,4;HORIZONTE;Acostamento em desn�vel;Queda de ocupante de ve�culo;Com V�timas Feridas;Pleno dia;Decrescente;Nublado;Dupla;"Em Obras;Reta";Sim;2;0;2;0;0;0;2;1;-4,060979;-38,503708;SPRF-CE;DEL01-CE;UOP02-DEL01-CE;;;
662588;20/02/2025;quinta-feira;16:58:00;RJ;101;59;CAMPOS DOS GOYTACAZES;Acesso irregular;Colis�o transversal;Com V�timas Feridas;Pleno dia;Crescente;Sol;Simples;Reta;Sim;2;0;1;0;1;0;1;2;-21,71366497;-41,30861915;SPRF-RJ;DEL08-RJ;UOP01-DEL08-RJ;;;
662589;20/02/2025;quinta-feira;16:00:00;RJ;116;187;NOVA IGUACU;Condutor deixou de manter dist�ncia do ve�culo da frente;Colis�o traseira;Com V�timas Feridas;Pleno dia;Decrescente;C�u Claro;Dupla;Reta;N�o;5;0;1;0;3;1;1;5;-22,73883756;-43,47245197;SPRF-RJ;DEL06-RJ;UOP01-DEL06-RJ;;;
662591;20/02/2025;quinta-feira;17:15:00;MG;381;494;BETIM;Aus�ncia de rea��o do condutor;Colis�o traseira;Com V�timas Feridas;Pleno dia;Decrescente;C�u Claro;Dupla;"Reta;Aclive";N�o;4;0;0;1;2;1;1;4;-19,96743674;-44,17959273;SPRF-MG;DEL01-MG;UOP03-DEL01-MG;;;
662592;20/02/2025;quinta-feira;17:40:00;BA;116;425;FEIRA DE SANTANA;Animais na Pista;Atropelamento de Animal;Com V�timas Feridas;Anoitecer;Crescente;Ignorado;Dupla;Reta;Sim;2;0;2;0;0;0;2;1;-12,24762422;-38,98741191;SPRF-BA;DEL02-BA;UOP01-DEL02-BA;;;
662593;20/02/2025;quinta-feira;15:30:00;PR;277;27;MORRETES;Aus�ncia de rea��o do condutor;Tombamento;Com V�timas Feridas;Pleno dia;Crescente;Chuva;Dupla;Curva;N�o;2;0;2;0;0;0;2;1;-25,52935033;-48,72534598;SPRF-PR;DEL01-PR;UOP05-DEL01-PR;;;
662594;20/02/2025;quinta-feira;16:30:00;RN;101;94;NATAL;Manobra de mudan�a de faixa;Colis�o lateral mesmo sentido;Com V�timas Feridas;Pleno dia;Decrescente;C�u Claro;M�ltipla;Reta;Sim;3;0;2;0;1;0;2;2;-5,83176615;-35,21191342;SPRF-RN;DEL01-RN;UOP01-DEL01-RN;;;
662597;20/02/2025;quinta-feira;18:00:00;SP;381;39;ATIBAIA;Rea��o tardia ou ineficiente do condutor;Colis�o com objeto;Com V�timas Feridas;Anoitecer;Crescente;C�u Claro;Dupla;Reta;Sim;1;0;0;1;0;0;1;1;-23,1215761;-46,57471572;SPRF-SP;DEL03-SP;UOP01-DEL03-SP;;;
662599;20/02/2025;quinta-feira;17:40:00;PR;373;222,5;IMBITUVA;Acessar a via sem observar a presen�a dos outros ve�culos;Colis�o transversal;Com V�timas Feridas;Pleno dia;Decrescente;Sol;Simples;"Interse��o de Vias;Declive";N�o;2;0;1;0;1;0;1;2;-25,18082863;-50,5963984;SPRF-PR;DEL03-PR;UOP01-DEL03-PR;;;
662600;20/02/2025;quinta-feira;17:40:00;PR;116;148;MANDIRITUBA;Rea��o tardia ou ineficiente do condutor;Colis�o traseira;Sem V�timas;Pleno dia;Crescente;Nublado;Simples;Reta;N�o;2;0;0;0;2;0;0;2;-25,80213893;-49,32898343;SPRF-PR;DEL01-PR;UOP03-DEL01-PR;;;
662602;20/02/2025;quinta-feira;17:30:00;PE;316;64;OURICURI;Aus�ncia de rea��o do condutor;Sa�da de leito carro��vel;Com V�timas Feridas;Anoitecer;Decrescente;C�u Claro;Simples;Reta;N�o;1;0;0;1;0;0;1;1;-7,78543662;-40,22695512;SPRF-PE;DEL05-PE;UOP02-DEL05-PE;;;
662603;20/02/2025;quinta-feira;18:30:00;CE;304;49,9;ARACATI;Entrada inopinada do pedestre;Atropelamento de Pedestre;Com V�timas Fatais;Anoitecer;Crescente;C�u Claro;Dupla;Curva;N�o;2;1;1;0;0;0;1;2;-4,5759725;-37,7317098;SPRF-CE;DEL03-CE;UOP02-DEL03-CE;;;
662604;20/02/2025;quinta-feira;17:00:00;RJ;116;233;PIRAI;Acumulo de �leo sobre o pavimento;Capotamento;Com V�timas Feridas;Anoitecer;Decrescente;C�u Claro;M�ltipla;"Curva;Declive";N�o;2;0;2;0;0;0;2;1;-22,66620289;-43,83873224;SPRF-RJ;DEL07-RJ;UOP01-DEL07-RJ;;;
662605;20/02/2025;quinta-feira;17:40:00;PR;369;207,9;APUCARANA;Pedestre cruzava a pista fora da faixa;Atropelamento de Pedestre;Com V�timas Feridas;Pleno dia;Decrescente;Sol;Simples;Reta;Sim;2;0;0;2;0;0;2;2;-23,56385744;-51,49388552;SPRF-PR;DEL07-PR;UOP03-DEL07-PR;;;
662607;20/02/2025;quinta-feira;19:00:00;SP;101;15;UBATUBA;Convers�o proibida;Colis�o lateral mesmo sentido;Com V�timas Feridas;Plena Noite;Crescente;Garoa/Chuvisco;Simples;Interse��o de Vias;N�o;2;0;1;0;1;0;1;2;-23,33509719;-44,88011527;SPRF-SP;DEL06-SP;UOP01-DEL06-SP;;;
662609;20/02/2025;quinta-feira;20:15:00;PB;101;54,8;SANTA RITA;Aus�ncia de rea��o do condutor;Colis�o com objeto;Com V�timas Feridas;Plena Noite;Crescente;C�u Claro;Dupla;Reta;N�o;1;0;1;0;0;0;1;1;-6,95396379;-35,09058058;SPRF-PB;DEL01-PB;UOP03-DEL01-PB;;;
662611;20/02/2025;quinta-feira;19:07:00;RO;364;605;ITAPUA DO OESTE;Transitar na contram�o;Colis�o frontal;Com V�timas Feridas;Plena Noite;Crescente;C�u Claro;Simples;Reta;Sim;2;0;1;0;1;0;1;2;-9,18603983;-63,19487383;SPRF-RO;DEL01-RO;UOP04-DEL01-RO;;;
662612;20/02/2025;quinta-feira;19:50:00;ES;262;172,7;IBATIBA;Ilumina��o deficiente;Atropelamento de Pedestre;Com V�timas Feridas;Plena Noite;Crescente;Garoa/Chuvisco;Simples;Reta;N�o;2;0;0;1;0;1;1;2;-20,26658734;-41,60261276;SPRF-ES;DEL01-ES;UOP02-DEL01-ES;;;
662613;20/02/2025;quinta-feira;20:30:00;GO;153;421;ANAPOLIS;Velocidade Incompat�vel;Sa�da de leito carro��vel;Com V�timas Feridas;Plena Noite;Crescente;C�u Claro;Dupla;Aclive;N�o;1;0;0;1;0;0;1;1;-16,185572;-49,038864;SPRF-GO;DEL02-GO;UOP01-DEL02-GO;;;
662614;20/02/2025;quinta-feira;20:25:00;RJ;101;484;ANGRA DOS REIS;Aus�ncia de rea��o do condutor;Colis�o traseira;Com V�timas Feridas;Plena Noite;Decrescente;C�u Claro;Simples;"Aclive;Reta";Sim;2;0;1;0;1;0;1;2;-22,99096308;-44,30429882;SPRF-RJ;DEL03-RJ;UOP03-DEL03-RJ;;;
662616;20/02/2025;quinta-feira;20:00:00;RJ;101;326;RIO DE JANEIRO;Aus�ncia de rea��o do condutor;Queda de ocupante de ve�culo;Com V�timas Feridas;Plena Noite;Crescente;C�u Claro;M�ltipla;Reta;N�o;2;0;2;0;0;0;2;1;-22,87206203;-43,146105;SPRF-RJ;DEL02-RJ;UOP01-DEL02-RJ;;;
662617;20/02/2025;quinta-feira;19:23:00;PR;153;109,6;IBAITI;Pedestre cruzava a pista fora da faixa;Atropelamento de Pedestre;Com V�timas Feridas;Plena Noite;Decrescente;C�u Claro;Simples;Reta;Sim;3;0;0;1;2;0;1;2;-23,84682092;-50,19305065;SPRF-PR;DEL07-PR;UOP04-DEL07-PR;;;
662620;20/02/2025;quinta-feira;22:00:00;RN;427;97,4;CAICO;Ilumina��o deficiente;Queda de ocupante de ve�culo;Com V�timas Feridas;Plena Noite;Decrescente;C�u Claro;Simples;"Curva;Interse��o de Vias";N�o;2;0;2;0;0;0;2;1;-6,45672278;-37,05499649;SPRF-RN;DEL03-RN;UOP01-DEL03-RN;;;
662622;20/02/2025;quinta-feira;10:30:00;PB;230;27,7;JOAO PESSOA;Velocidade Incompat�vel;Tombamento;Com V�timas Feridas;Pleno dia;Crescente;C�u Claro;Simples;Curva;N�o;1;0;1;0;0;0;1;1;-7,16522213;-34,89490986;SPRF-PB;DEL01-PB;UOP01-DEL01-PB;;;
662625;20/02/2025;quinta-feira;17:20:00;RJ;40;123;DUQUE DE CAXIAS;Entrada inopinada do pedestre;Atropelamento de Pedestre;Com V�timas Feridas;Pleno dia;Decrescente;C�u Claro;Dupla;Curva;N�o;2;0;1;1;0;0;2;2;-22,80605282;-43,2891798;SPRF-RJ;DEL01-RJ;UOP02-DEL01-RJ;;;
662627;20/02/2025;quinta-feira;22:00:00;MG;116;409;GOVERNADOR VALADARES;Acessar a via sem observar a presen�a dos outros ve�culos;Colis�o transversal;Com V�timas Feridas;Plena Noite;Decrescente;C�u Claro;Dupla;Retorno Regulamentado;Sim;3;0;1;1;1;0;2;2;-18,84936788;-41,97891368;SPRF-MG;DEL06-MG;UOP01-DEL06-MG;;;
662628;20/02/2025;quinta-feira;22:45:00;ES;262;14;VIANA;Acumulo de areia ou detritos sobre o pavimento;Queda de ocupante de ve�culo;Com V�timas Feridas;Plena Noite;Crescente;C�u Claro;Simples;Reta;N�o;2;0;2;0;0;0;2;1;-20,37037726;-40,46264648;SPRF-ES;DEL01-ES;UOP01-DEL01-ES;;;
662630;20/02/2025;quinta-feira;21:50:00;GO;414;429,8;ABADIANIA;Transitar na contram�o;Colis�o frontal;Com V�timas Fatais;Plena Noite;Crescente;C�u Claro;Simples;Reta;N�o;4;1;0;3;0;0;3;2;-16,197245;-48,90861;SPRF-GO;DEL02-GO;UOP01-DEL02-GO;;;
662632;20/02/2025;quinta-feira;22:40:00;RS;290;107;ELDORADO DO SUL;Aus�ncia de rea��o do condutor;Colis�o com objeto;Com V�timas Feridas;Plena Noite;Crescente;C�u Claro;Dupla;Declive;Sim;2;0;0;2;0;0;2;1;-30,001852;-51,304264;SPRF-RS;DEL02-RS;UOP01-DEL02-RS;;;
662633;20/02/2025;quinta-feira;23:00:00;RN;110;26,6;AREIA BRANCA;Demais falhas mec�nicas ou el�tricas;Inc�ndio;Sem V�timas;Plena Noite;Decrescente;C�u Claro;Simples;Reta;N�o;1;0;0;0;1;0;0;1;-5,08935544;-37,14496494;SPRF-RN;DEL04-RN;UOP01-DEL04-RN;;;
662636;20/02/2025;quinta-feira;23:35:00;RJ;101;318;NITEROI;Condutor Dormindo;Queda de ocupante de ve�culo;Com V�timas Feridas;Plena Noite;Decrescente;C�u Claro;Dupla;Reta;Sim;1;0;1;0;0;0;1;1;-22,84562994;-43,09841211;SPRF-RJ;DEL02-RJ;UOP02-DEL02-RJ;;;
662637;21/02/2025;sexta-feira;00:01:00;SC;101;212,6;PALHOCA;Velocidade Incompat�vel;Sa�da de leito carro��vel;Com V�timas Feridas;Plena Noite;Crescente;C�u Claro;Dupla;Reta;Sim;2;0;2;0;0;0;2;1;-27,62996929;-48,65903871;SPRF-SC;DEL01-SC;UOP02-DEL01-SC;;;
662638;20/02/2025;quinta-feira;21:25:00;MG;262;6,9;MARTINS SOARES;Velocidade Incompat�vel;Sa�da de leito carro��vel;Com V�timas Fatais;Plena Noite;Crescente;C�u Claro;Simples;"Curva;Aclive";N�o;3;1;0;1;0;1;1;2;-20,25265863;-41,80892091;SPRF-MG;DEL06-MG;UOP03-DEL06-MG;;;
662641;21/02/2025;sexta-feira;03:30:00;ES;101;15;PEDRO CANARIO;Aus�ncia de rea��o do condutor;Tombamento;Com V�timas Feridas;Plena Noite;Decrescente;C�u Claro;Simples;"Declive;Reta";N�o;1;0;1;0;0;0;1;1;-18,29002497;-39,95475507;SPRF-ES;DEL04-ES;UOP02-DEL04-ES;;;
662646;21/02/2025;sexta-feira;03:00:00;MG;153;1,9;ARAPORA;Condutor Dormindo;Sa�da de leito carro��vel;Com V�timas Feridas;Plena Noite;Crescente;C�u Claro;Dupla;Reta;Sim;1;0;1;0;0;0;1;1;-18,42413279;-49,19437408;SPRF-MG;DEL15-MG;UOP03-DEL15-MG;;;
662647;21/02/2025;sexta-feira;05:30:00;DF;20;9;BRASILIA;Condutor Dormindo;Sa�da de leito carro��vel;Sem V�timas;Amanhecer;Crescente;C�u Claro;Simples;Reta;Sim;1;0;0;0;1;0;0;1;-15,652663;-47,778803;SPRF-DF;DEL02-DF;UOP01-DEL02-DF;;;
662649;21/02/2025;sexta-feira;06:30:00;PR;376;155,6;MANDAGUACU;Trafegar com motocicleta (ou similar) entre as faixas;Colis�o lateral mesmo sentido;Com V�timas Feridas;Pleno dia;Crescente;C�u Claro;Dupla;Reta;N�o;6;0;0;1;5;0;1;2;-23,33851773;-52,09845693;SPRF-PR;DEL09-PR;UOP02-DEL09-PR;;;
662651;21/02/2025;sexta-feira;06:40:00;SP;116;127;CACAPAVA;Avarias e/ou desgaste excessivo no pneu;Queda de ocupante de ve�culo;Com V�timas Feridas;Pleno dia;Crescente;Nublado;Dupla;Reta;Sim;1;0;1;0;0;0;1;1;-23,10991026;-45,70246044;SPRF-SP;DEL02-SP;UOP02-DEL02-SP;;;
662655;21/02/2025;sexta-feira;07:00:00;RJ;116;319;ITATIAIA;Objeto est�tico sobre o leito carro��vel;Colis�o com objeto;Com V�timas Feridas;Pleno dia;Decrescente;C�u Claro;Dupla;Reta;N�o;2;0;1;0;1;0;1;1;-22,47568333;-44,52592667;SPRF-RJ;DEL07-RJ;UOP02-DEL07-RJ;;;
662656;21/02/2025;sexta-feira;12:15:00;SP;381;61;MAIRIPORA;Entrada inopinada do pedestre;Atropelamento de Pedestre;Com V�timas Feridas;Pleno dia;Decrescente;C�u Claro;Dupla;Reta;N�o;2;0;1;0;1;0;1;2;-23,29190908;-46,57682776;SPRF-SP;DEL03-SP;UOP01-DEL03-SP;;;
662657;21/02/2025;sexta-feira;00:20:00;AL;316;199,5;MARIBONDO;Demais falhas mec�nicas ou el�tricas;Inc�ndio;Com V�timas Feridas;Plena Noite;Crescente;C�u Claro;Simples;Reta;N�o;1;0;1;0;0;0;1;1;-9,5823;-36,32929;SPRF-AL;DEL03-AL;UOP01-DEL03-AL;;;
662658;21/02/2025;sexta-feira;08:35:00;CE;116;5;FORTALEZA;Manobra de mudan�a de faixa;Colis�o traseira;Com V�timas Feridas;Pleno dia;Decrescente;Nublado;M�ltipla;Reta;Sim;3;0;1;0;2;0;1;2;-3,79467116;-38,50772734;SPRF-CE;DEL01-CE;UOP02-DEL01-CE;;;
662661;21/02/2025;sexta-feira;07:20:00;RO;364;694;PORTO VELHO;Pedestre cruzava a pista fora da faixa;Atropelamento de Pedestre;Com V�timas Feridas;Pleno dia;Decrescente;Nublado;Simples;"Aclive;Desvio Tempor�rio;Ponte;Curva";N�o;2;0;2;0;0;0;2;2;-8,80041439;-63,71966779;SPRF-RO;DEL01-RO;UOP01-DEL01-RO;;;
662663;21/02/2025;sexta-feira;08:10:00;MG;381;363;BETIM;Aus�ncia de rea��o do condutor;Colis�o traseira;Com V�timas Feridas;Pleno dia;Crescente;C�u Claro;Dupla;Reta;Sim;3;0;2;0;1;0;2;2;-19,95594825;-44,097209;SPRF-MG;DEL03-MG;UOP01-DEL03-MG;;;
662665;21/02/2025;sexta-feira;07:15:00;PB;230;394;SAO BENTINHO;Mal s�bito do condutor;Sa�da de leito carro��vel;Com V�timas Feridas;Pleno dia;Crescente;C�u Claro;Simples;Reta;N�o;1;0;1;0;0;0;1;1;-6,865531;-37,736478;SPRF-PB;DEL03-PB;UOP02-DEL03-PB;;;
662667;21/02/2025;sexta-feira;07:30:00;AL;104;88,5;RIO LARGO;Acessar a via sem observar a presen�a dos outros ve�culos;Colis�o transversal;Com V�timas Feridas;Pleno dia;Crescente;C�u Claro;Dupla;Reta;Sim;4;0;0;2;1;1;2;3;-9,48439175;-35,81785977;SPRF-AL;DEL01-AL;UOP01-DEL01-AL;;;
662668;21/02/2025;sexta-feira;07:00:00;RS;116;116;SAO MARCOS;Acessar a via sem observar a presen�a dos outros ve�culos;Colis�o transversal;Com V�timas Feridas;Pleno dia;Crescente;C�u Claro;Simples;Reta;Sim;2;0;1;0;1;0;1;2;-28,97609141;-51,06640231;SPRF-RS;DEL05-RS;UOP01-DEL05-RS;;;
662669;21/02/2025;sexta-feira;07:40:00;RO;364;351;JI-PARANA;Aus�ncia de rea��o do condutor;Tombamento;Com V�timas Feridas;Pleno dia;Decrescente;C�u Claro;Simples;Reta;N�o;2;0;2;0;0;0;2;1;-10,84031861;-62,00639574;SPRF-RO;DEL02-RO;UOP01-DEL02-RO;;;
662670;21/02/2025;sexta-feira;07:20:00;MT;364;576;DIAMANTINO;Acumulo de �gua sobre o pavimento;Sa�da de leito carro��vel;Com V�timas Feridas;Pleno dia;Decrescente;Chuva;Dupla;"Reta;Declive";N�o;3;0;1;0;2;0;1;1;-14,61174;-56,253642;SPRF-MT;DEL01-MT;UOP01-DEL01-MT;;;
662672;21/02/2025;sexta-feira;08:50:00;MA;316;0,3;TIMON;Condutor deixou de manter dist�ncia do ve�culo da frente;Colis�o traseira;Com V�timas Feridas;Pleno dia;Crescente;Nublado;Simples;Ponte;N�o;2;0;1;0;1;0;1;2;-5,13069677;-42,81344175;SPRF-MA;DEL02-MA;UOP02-DEL02-MA;;;
662675;21/02/2025;sexta-feira;09:20:00;RS;290;96;PORTO ALEGRE;Manobra de mudan�a de faixa;Colis�o traseira;Com V�timas Feridas;Pleno dia;Crescente;C�u Claro;Dupla;Reta;Sim;2;0;1;0;1;0;1;2;-29,992107;-51,204525;SPRF-RS;DEL01-RS;UOP01-DEL01-RS;;;
662677;21/02/2025;sexta-feira;09:00:00;PR;277;70;SAO JOSE DOS PINHAIS;Rea��o tardia ou ineficiente do condutor;Queda de ocupante de ve�culo;Com V�timas Feridas;Pleno dia;Decrescente;Sol;Dupla;Reta;N�o;2;0;1;0;1;0;1;1;-25,51327038;-49,12454009;SPRF-PR;DEL01-PR;UOP01-DEL01-PR;;;
662678;21/02/2025;sexta-feira;07:30:00;MT;163;836;SINOP;Pista Escorregadia;Queda de ocupante de ve�culo;Com V�timas Feridas;Pleno dia;Crescente;C�u Claro;Dupla;Reta;Sim;1;0;1;0;0;0;1;1;-11,84935;-55,49344;SPRF-MT;DEL06-MT;UOP02-DEL06-MT;;;
662682;21/02/2025;sexta-feira;10:00:00;SC;101;204,9;SAO JOSE;Rea��o tardia ou ineficiente do condutor;Colis�o lateral mesmo sentido;Com V�timas Feridas;Pleno dia;Crescente;C�u Claro;M�ltipla;Reta;N�o;2;0;1;0;1;0;1;2;-27,57413014;-48,61363083;SPRF-SC;DEL01-SC;UOP01-DEL01-SC;;;
662684;21/02/2025;sexta-feira;09:50:00;MG;116;530,9;CARATINGA;Aus�ncia de rea��o do condutor;Colis�o traseira;Com V�timas Feridas;Pleno dia;Crescente;C�u Claro;Simples;Reta;Sim;2;0;1;0;1;0;1;2;-19,8188367;-42,1370453;SPRF-MG;DEL06-MG;UOP02-DEL06-MG;;;
662686;21/02/2025;sexta-feira;08:35:00;RS;290;77;PORTO ALEGRE;Condutor deixou de manter dist�ncia do ve�culo da frente;Colis�o lateral mesmo sentido;Com V�timas Feridas;Pleno dia;Decrescente;C�u Claro;Simples;Reta;Sim;3;0;2;0;1;0;2;3;-29,96762145;-51,13176953;SPRF-RS;DEL01-RS;UOP01-DEL01-RS;;;
662688;21/02/2025;sexta-feira;10:00:00;MG;40;569;NOVA LIMA;Acesso irregular;Colis�o lateral mesmo sentido;Com V�timas Feridas;Pleno dia;Decrescente;C�u Claro;Simples;Reta;Sim;4;0;1;0;1;2;1;4;-20,08175849;-43,97922515;SPRF-MG;DEL01-MG;UOP02-DEL01-MG;;;
662689;21/02/2025;sexta-feira;09:30:00;DF;60;10;BRASILIA;Problema na suspens�o;Colis�o lateral mesmo sentido;Com V�timas Feridas;Pleno dia;Crescente;C�u Claro;Dupla;Reta;Sim;2;0;0;1;1;0;1;2;-15,909338;-48,150072;SPRF-DF;DEL03-DF;UOP01-DEL03-DF;;;
662690;21/02/2025;sexta-feira;10:05:00;PR;476;117;COLOMBO;Acesso irregular;Colis�o transversal;Com V�timas Feridas;Pleno dia;Crescente;Nublado;Dupla;Reta;Sim;2;0;1;0;1;0;1;2;-25,348;-49,172;SPRF-PR;DEL01-PR;UOP01-DEL01-PR;;;
662691;21/02/2025;sexta-feira;10:40:00;RJ;116;174;SAO JOAO DE MERITI;Rea��o tardia ou ineficiente do condutor;Colis�o traseira;Com V�timas Feridas;Pleno dia;Crescente;C�u Claro;Dupla;Reta;N�o;2;0;1;0;1;0;1;2;-22,79580631;-43,36140633;SPRF-RJ;DEL06-RJ;UOP01-DEL06-RJ;;;
662694;21/02/2025;sexta-feira;04:00:00;SC;282;480;VARGEAO;Aus�ncia de rea��o do condutor;Colis�o com objeto;Com V�timas Feridas;Plena Noite;Crescente;C�u Claro;Simples;Rotat�ria;N�o;1;0;1;0;0;0;1;1;-26,87325706;-52,15371799;SPRF-SC;DEL07-SC;UOP01-DEL07-SC;;;
662698;21/02/2025;sexta-feira;09:05:00;SC;101;401,5;MARACAJA;Rea��o tardia ou ineficiente do condutor;Engavetamento;Com V�timas Feridas;Pleno dia;Crescente;Sol;M�ltipla;Reta;N�o;7;0;1;1;5;0;2;4;-28,87462929;-49,45480585;SPRF-SC;DEL02-SC;UOP02-DEL02-SC;;;
662699;21/02/2025;sexta-feira;11:30:00;AP;210;3;MACAPA;Rea��o tardia ou ineficiente do condutor;Sa�da de leito carro��vel;Com V�timas Feridas;Pleno dia;Decrescente;Chuva;Simples;Reta;Sim;1;0;1;0;0;0;1;1;0,0874592;-51,0910964;SPRF-AP;DEL01-AP;UOP01-DEL01-AP;;;
662700;21/02/2025;sexta-feira;11:50:00;SC;101;38,1;JOINVILLE;Rea��o tardia ou ineficiente do condutor;Engavetamento;Com V�timas Feridas;Pleno dia;Crescente;Nublado;Dupla;Reta;Sim;4;0;1;0;3;0;1;3;-26,29171682;-48,88487399;SPRF-SC;DEL03-SC;UOP01-DEL03-SC;;;
662701;21/02/2025;sexta-feira;11:50:00;SP;116;160;JACAREI;Rea��o tardia ou ineficiente do condutor;Queda de ocupante de ve�culo;Com V�timas Feridas;Pleno dia;Decrescente;C�u Claro;Dupla;Reta;Sim;1;0;1;0;0;0;1;1;-23,27113918;-45,96376598;SPRF-SP;DEL02-SP;UOP01-DEL02-SP;;;
662703;21/02/2025;sexta-feira;08:30:00;RO;364;418;JARU;Velocidade Incompat�vel;Tombamento;Com V�timas Feridas;Pleno dia;Decrescente;C�u Claro;Simples;Curva;N�o;1;0;1;0;0;0;1;1;-10,48517052;-62,43963718;SPRF-RO;DEL03-RO;UOP02-DEL03-RO;;;