id;data_inversa;dia_semana;horario;uf;br;km;municipio;causa_acidente;tipo_acidente;classificacao_acidente;fase_dia;sentido_via;condicao_metereologica;tipo_pista;tracado_via;uso_solo;pessoas;mortos;feridos_leves;feridos_graves;ilesos;ignorados;feridos;veiculos;latitude;longitude;regional;delegacia;uop;;;
662705;21/02/2025;sexta-feira;09:20:00;SC;101;116,4;ITAJAI;Aus�ncia de rea��o do condutor;Colis�o lateral mesmo sentido;Com V�timas Feridas;Pleno dia;Crescente;Sol;Dupla;Reta;N�o;2;0;1;0;1;0;1;2;-26,88702303;-48,72280955;SPRF-SC;DEL04-SC;UOP04-DEL04-SC;;;
662706;21/02/2025;sexta-feira;12:19:00;PI;135;351;BOM JESUS;Aus�ncia de rea��o do condutor;Colis�o frontal;Com V�timas Feridas;Pleno dia;Crescente;C�u Claro;Dupla;"Em Obras;Desvio Tempor�rio;Reta";Sim;2;0;0;1;1;0;1;2;-9,07516401;-44,35121298;SPRF-PI;DEL03-PI;UOP02-DEL03-PI;;;
662708;12/01/2025;domingo;11:00:00;RJ;101;504;ANGRA DOS REIS;Velocidade Incompat�vel;Colis�o traseira;Com V�timas Feridas;Pleno dia;Decrescente;Nublado;Simples;Reta;N�o;2;0;1;0;1;0;1;2;-22,93155828;-44,38812093;SPRF-RJ;DEL03-RJ;UOP03-DEL03-RJ;;;
662709;21/02/2025;sexta-feira;13:03:00;PE;104;74,5;CARUARU;Transitar na contram�o;Colis�o lateral sentido oposto;Com V�timas Fatais;Pleno dia;Crescente;Nublado;Simples;Curva;N�o;6;1;5;0;0;0;5;3;-8,353712;-35,98644;SPRF-PE;DEL02-PE;UOP01-DEL02-PE;;;
662710;21/02/2025;sexta-feira;13:06:00;ES;101;286,8;CARIACICA;Rea��o tardia ou ineficiente do condutor;Queda de ocupante de ve�culo;Com V�timas Feridas;Pleno dia;Decrescente;C�u Claro;Dupla;Reta;Sim;1;0;0;1;0;0;1;1;-20,2649997;-40,38474977;SPRF-ES;DEL01-ES;UOP01-DEL01-ES;;;
662712;21/02/2025;sexta-feira;11:45:00;RS;472;548;URUGUAIANA;Demais falhas mec�nicas ou el�tricas;Inc�ndio;Sem V�timas;Pleno dia;Decrescente;C�u Claro;Simples;Reta;N�o;1;0;0;0;1;0;0;1;-29,6138271;-56,86909676;SPRF-RS;DEL13-RS;UOP01-DEL13-RS;;;
662713;21/02/2025;sexta-feira;13:30:00;SC;101;192,7;BIGUACU;Manobra de mudan�a de faixa;Colis�o traseira;Com V�timas Feridas;Pleno dia;Decrescente;C�u Claro;M�ltipla;Reta;N�o;2;0;1;0;1;0;1;2;-27,48848092;-48,6538285;SPRF-SC;DEL01-SC;UOP01-DEL01-SC;;;
662714;21/02/2025;sexta-feira;13:45:00;ES;101;327;GUARAPARI;Aus�ncia de rea��o do condutor;Colis�o com objeto;Com V�timas Feridas;Pleno dia;Decrescente;C�u Claro;Dupla;Reta;N�o;1;0;1;0;0;0;1;1;-20,53282676;-40,48427582;SPRF-ES;DEL03-ES;UOP01-DEL03-ES;;;
662715;21/02/2025;sexta-feira;07:10:00;BA;116;263;TUCANO;Acesso irregular;Colis�o transversal;Com V�timas Feridas;Pleno dia;Decrescente;C�u Claro;Simples;"Aclive;Reta";Sim;2;0;0;1;1;0;1;2;-10,97502657;-38,79304218;SPRF-BA;DEL07-BA;UOP02-DEL07-BA;;;
662716;09/02/2025;domingo;20:00:00;GO;80;153;VILA PROPICIO;Rea��o tardia ou ineficiente do condutor;Sa�da de leito carro��vel;Sem V�timas;Plena Noite;Crescente;Garoa/Chuvisco;Simples;Reta;N�o;2;0;0;0;2;0;0;1;-15,208875;-48,697312;SPRF-GO;DEL07-GO;UOP02-DEL07-GO;;;
662718;21/02/2025;sexta-feira;11:20:00;RO;364;11;VILHENA;Desrespeitar a prefer�ncia no cruzamento;Colis�o transversal;Com V�timas Feridas;Pleno dia;Crescente;C�u Claro;Dupla;Rotat�ria;Sim;2;0;1;0;1;0;1;2;-12,73200757;-60,17509461;SPRF-RO;DEL04-RO;UOP01-DEL04-RO;;;
662719;20/01/2025;segunda-feira;12:00:00;AP;210;1;MACAPA;Manobra de mudan�a de faixa;Colis�o transversal;Com V�timas Feridas;Pleno dia;Crescente;C�u Claro;Dupla;"Retorno Regulamentado;Reta";N�o;2;0;1;1;0;0;2;2;0,07816717;-51,06998693;SPRF-AP;DEL01-AP;UOP01-DEL01-AP;;;
662720;10/02/2025;segunda-feira;05:06:00;SC;282;413;CATANDUVAS;Transitar na contram�o;Colis�o frontal;Com V�timas Fatais;Amanhecer;Decrescente;C�u Claro;Simples;Reta;N�o;2;1;0;1;0;0;1;2;-27,056145;-51,687874;SPRF-SC;DEL07-SC;UOP05-DEL07-SC;;;
662724;21/02/2025;sexta-feira;14:15:00;RJ;101;471;ANGRA DOS REIS;Condutor deixou de manter dist�ncia do ve�culo da frente;Colis�o traseira;Com V�timas Feridas;Pleno dia;Crescente;Sol;Simples;Reta;N�o;2;0;1;0;0;1;1;2;-22,993331;-44,231542;SPRF-RJ;DEL03-RJ;UOP03-DEL03-RJ;;;
662726;21/02/2025;sexta-feira;15:00:00;SC;280;169;MAFRA;Acessar a via sem observar a presen�a dos outros ve�culos;Colis�o transversal;Com V�timas Feridas;Pleno dia;Crescente;C�u Claro;Simples;"Reta;Declive";Sim;3;0;1;0;2;0;1;2;-26,15184298;-49,81305778;SPRF-SC;DEL06-SC;UOP01-DEL06-SC;;;
662727;21/02/2025;sexta-feira;14:45:00;RS;471;661;SANTA VITORIA DO PALMAR;Velocidade Incompat�vel;Sa�da de leito carro��vel;Com V�timas Feridas;Pleno dia;Crescente;C�u Claro;Simples;Reta;Sim;1;0;1;0;0;0;1;1;-33,54397003;-53,35716248;SPRF-RS;DEL07-RS;UOP04-DEL07-RS;;;
662731;05/01/2025;domingo;06:15:00;PE;232;410;SERRA TALHADA;Acessar a via sem observar a presen�a dos outros ve�culos;Tombamento;Com V�timas Feridas;Pleno dia;Decrescente;C�u Claro;Simples;"Interse��o de Vias;Reta";Sim;1;0;0;1;0;0;1;1;-7,98219005;-38,2959277;SPRF-PE;DEL04-PE;UOP01-DEL04-PE;;;
662733;21/02/2025;sexta-feira;15:28:00;RN;101;109;PARNAMIRIM;Acesso irregular;Colis�o com objeto;Com V�timas Feridas;Pleno dia;Crescente;C�u Claro;M�ltipla;"Interse��o de Vias;Reta";Sim;1;0;0;1;0;0;1;1;-5,9298305;-35,2641168;SPRF-RN;DEL01-RN;UOP01-DEL01-RN;;;
662734;21/02/2025;sexta-feira;15:00:00;SC;101;215;PALHOCA;Rea��o tardia ou ineficiente do condutor;Colis�o traseira;Com V�timas Feridas;Pleno dia;Crescente;Nublado;M�ltipla;Reta;Sim;2;0;1;0;1;0;1;2;-27,6573298;-48,67812395;SPRF-SC;DEL01-SC;UOP02-DEL01-SC;;;
662735;21/02/2025;sexta-feira;15:00:00;MG;262;46;MANHUACU;Ingest�o de �lcool pelo condutor;Colis�o com objeto;Com V�timas Feridas;Pleno dia;Crescente;C�u Claro;Simples;Curva;N�o;1;0;1;0;0;0;1;1;-20,257168;-42,109853;SPRF-MG;DEL06-MG;UOP03-DEL06-MG;;;
662740;21/02/2025;sexta-feira;14:15:00;MA;222;364;SANTA INES;Pista Escorregadia;Queda de ocupante de ve�culo;Com V�timas Feridas;Pleno dia;Crescente;Nublado;Simples;Reta;N�o;1;0;1;0;0;0;1;1;-3,686711;-45,398558;SPRF-MA;DEL02-MA;UOP01-DEL02-MA;;;
662741;21/02/2025;sexta-feira;16:30:00;BA;324;614;SALVADOR;Condutor deixou de manter dist�ncia do ve�culo da frente;Colis�o traseira;Sem V�timas;Pleno dia;Crescente;C�u Claro;M�ltipla;Reta;Sim;2;0;0;0;2;0;0;2;-12,871618;-38,4271764;SPRF-BA;DEL01-BA;UOP01-DEL01-BA;;;
662743;21/02/2025;sexta-feira;12:50:00;RJ;40;112;DUQUE DE CAXIAS;Avarias e/ou desgaste excessivo no pneu;Queda de ocupante de ve�culo;Com V�timas Feridas;Pleno dia;Crescente;Sol;Dupla;Reta;Sim;2;0;1;0;1;0;1;1;-22,69923096;-43,28994808;SPRF-RJ;DEL01-RJ;UOP02-DEL01-RJ;;;
662745;21/02/2025;sexta-feira;16:20:00;PR;376;201,7;MANDAGUARI;Animais na Pista;Queda de ocupante de ve�culo;Com V�timas Feridas;Pleno dia;Decrescente;Nublado;Dupla;Reta;N�o;1;0;1;0;0;0;1;1;-23,50715;-51,732133;SPRF-PR;DEL09-PR;UOP01-DEL09-PR;;;
662746;21/02/2025;sexta-feira;17:00:00;RJ;101;570;PARATY;Pista Escorregadia;Tombamento;Com V�timas Fatais;Pleno dia;Decrescente;Chuva;Simples;Curva;N�o;2;1;1;0;0;0;1;1;-23,18544735;-44,71831072;SPRF-RJ;DEL03-RJ;UOP04-DEL03-RJ;;;
662747;21/02/2025;sexta-feira;14:51:00;SC;101;274,1;IMBITUBA;Condutor deixou de manter dist�ncia do ve�culo da frente;Colis�o traseira;Com V�timas Feridas;Pleno dia;Crescente;Nublado;Dupla;Reta;Sim;4;0;4;0;0;0;4;2;-28,141483;-48,692129;SPRF-SC;DEL02-SC;UOP03-DEL02-SC;;;
662749;21/02/2025;sexta-feira;14:34:00;BA;101;766;ITABELA;Acessar a via sem observar a presen�a dos outros ve�culos;Colis�o transversal;Com V�timas Feridas;Pleno dia;Crescente;C�u Claro;Simples;"Curva;Declive";N�o;4;0;2;0;2;0;2;2;-16,717442;-39,449455;SPRF-BA;DEL09-BA;UOP01-DEL09-BA;;;
662751;21/02/2025;sexta-feira;17:10:00;SP;459;30;LORENA;Aus�ncia de rea��o do condutor;Colis�o traseira;Com V�timas Feridas;Pleno dia;Decrescente;Sol;Simples;Rotat�ria;Sim;2;0;1;0;1;0;1;2;-22,73316324;-45,0984478;SPRF-SP;DEL08-SP;UOP02-DEL08-SP;;;
662752;21/02/2025;sexta-feira;16:30:00;SC;101;127,7;ITAJAI;Aus�ncia de rea��o do condutor;Colis�o traseira;Com V�timas Feridas;Pleno dia;Crescente;Sol;Dupla;Reta;N�o;2;0;1;0;1;0;1;2;-26,96984834;-48,68363857;SPRF-SC;DEL04-SC;UOP04-DEL04-SC;;;
662753;21/02/2025;sexta-feira;14:30:00;PR;277;583;CASCAVEL;Ultrapassagem Indevida;Atropelamento de Pedestre;Com V�timas Feridas;Pleno dia;Crescente;C�u Claro;Simples;"Aclive;Interse��o de Vias;Reta";N�o;3;0;0;1;2;0;1;3;-24,97118269;-53,39455431;SPRF-PR;DEL04-PR;UOP01-DEL04-PR;;;
662755;21/02/2025;sexta-feira;13:30:00;AP;210;105;PORTO GRANDE;Aus�ncia de rea��o do condutor;Colis�o transversal;Com V�timas Feridas;Pleno dia;Crescente;C�u Claro;Simples;Reta;Sim;3;0;0;1;1;1;1;2;0,70313;-51,40613;SPRF-AP;DEL01-AP;UOP01-DEL01-AP;;;
662757;21/02/2025;sexta-feira;17:20:00;SP;116;116;CACAPAVA;Trafegar com motocicleta (ou similar) entre as faixas;Colis�o lateral mesmo sentido;Com V�timas Feridas;Pleno dia;Decrescente;Sol;Dupla;Reta;N�o;3;0;1;0;2;0;1;3;-23,07480963;-45,65125986;SPRF-SP;DEL02-SP;UOP02-DEL02-SP;;;
662759;21/02/2025;sexta-feira;17:00:00;SC;101;54,6;JOINVILLE;Avarias e/ou desgaste excessivo no pneu;Tombamento;Com V�timas Feridas;Pleno dia;Decrescente;Nublado;Dupla;"Aclive;Reta";N�o;1;0;1;0;0;0;1;1;-26,42371488;-48,82912159;SPRF-SC;DEL03-SC;UOP01-DEL03-SC;;;
662761;21/02/2025;sexta-feira;17:10:00;RN;0;0;MACAIBA;Ultrapassagem Indevida;Colis�o transversal;Com V�timas Feridas;Pleno dia;N�o Informado;C�u Claro;Simples;Curva;Sim;3;0;2;0;1;0;2;2;-5,859162;-35,347695;SPRF-RN;DEL01-RN;UOP02-DEL01-RN;;;
662764;21/02/2025;sexta-feira;18:15:00;BA;101;508;ITABUNA;Acessar a via sem observar a presen�a dos outros ve�culos;Colis�o transversal;Com V�timas Feridas;Anoitecer;Crescente;C�u Claro;Simples;Reta;N�o;3;0;2;0;1;0;2;2;-14,8174181;-39,29517746;SPRF-BA;DEL05-BA;UOP01-DEL05-BA;;;
662765;21/02/2025;sexta-feira;18:00:00;ES;101;279,2;SERRA;Demais falhas mec�nicas ou el�tricas;Colis�o lateral mesmo sentido;Com V�timas Feridas;Anoitecer;Decrescente;C�u Claro;Dupla;Reta;N�o;2;0;1;0;1;0;1;2;-20,21834819;-40,33939362;SPRF-ES;DEL02-ES;UOP01-DEL02-ES;;;
662769;21/02/2025;sexta-feira;16:55:00;PR;373;256,9;PRUDENTOPOLIS;Transitar na contram�o;Colis�o frontal;Com V�timas Feridas;Pleno dia;Crescente;Nublado;Simples;"Interse��o de Vias;Declive;Reta";N�o;3;0;0;3;0;0;3;2;-25,1931185;-50,9191517;SPRF-PR;DEL08-PR;UOP01-DEL08-PR;;;
662770;21/02/2025;sexta-feira;18:00:00;PE;232;194;SANHARO;Ingest�o de �lcool pelo condutor;Colis�o lateral sentido oposto;Com V�timas Feridas;Plena Noite;Crescente;C�u Claro;Dupla;Reta;N�o;2;0;1;0;1;0;1;2;-8,362658;-36,556365;SPRF-PE;DEL03-PE;UOP02-DEL03-PE;;;
662771;21/02/2025;sexta-feira;15:17:00;RN;405;177;JOSE DA PENHA;Acesso irregular;Colis�o com objeto;Com V�timas Feridas;Pleno dia;Crescente;Sol;Simples;"Aclive;Reta";N�o;3;0;1;0;2;0;1;3;-6,326997;-38,289852;SPRF-RN;DEL04-RN;UOP02-DEL04-RN;;;
662772;21/02/2025;sexta-feira;17:35:00;RJ;101;312,1;SAO GONCALO;Rea��o tardia ou ineficiente do condutor;Colis�o traseira;Com V�timas Feridas;Pleno dia;Decrescente;C�u Claro;Dupla;Reta;Sim;2;0;1;0;1;0;1;2;-22,7934208;-43,0309376;SPRF-RJ;DEL02-RJ;UOP02-DEL02-RJ;;;
662773;21/02/2025;sexta-feira;16:40:00;BA;101;251;CONCEICAO DO ALMEIDA;Acessar a via sem observar a presen�a dos outros ve�culos;Colis�o lateral mesmo sentido;Com V�timas Feridas;Pleno dia;Decrescente;C�u Claro;Simples;Reta;N�o;2;0;1;0;1;0;1;2;-12,89242;-39,23038;SPRF-BA;DEL01-BA;UOP02-DEL01-BA;;;
662774;21/02/2025;sexta-feira;18:10:00;RS;470;337,8;TRIUNFO;Acessar a via sem observar a presen�a dos outros ve�culos;Colis�o transversal;Com V�timas Feridas;Pleno dia;Decrescente;C�u Claro;Simples;Reta;Sim;2;0;1;0;1;0;1;2;-29,923551;-51,714754;SPRF-RS;DEL04-RS;UOP02-DEL04-RS;;;
662778;21/02/2025;sexta-feira;16:30:00;SP;101;48;UBATUBA;Acessar a via sem observar a presen�a dos outros ve�culos;Colis�o transversal;Com V�timas Feridas;Pleno dia;Decrescente;Chuva;Simples;Reta;Sim;2;0;1;0;0;1;1;2;-23,44049029;-45,08707523;SPRF-SP;DEL06-SP;UOP01-DEL06-SP;;;
662781;21/02/2025;sexta-feira;18:40:00;SP;116;144;SAO JOSE DOS CAMPOS;Trafegar com motocicleta (ou similar) entre as faixas;Colis�o traseira;Com V�timas Feridas;Plena Noite;Decrescente;Nublado;Dupla;Reta;N�o;2;0;1;0;1;0;1;2;-23,18087654;-45,84276265;SPRF-SP;DEL02-SP;UOP01-DEL02-SP;;;
662782;21/02/2025;sexta-feira;19:00:00;RN;101;115;SAO JOSE DE MIPIBU;Aus�ncia de rea��o do condutor;Queda de ocupante de ve�culo;Com V�timas Fatais;Plena Noite;Decrescente;C�u Claro;Dupla;Curva;N�o;1;1;0;0;0;0;0;1;-6,014386;-35,25391;SPRF-RN;DEL01-RN;UOP01-DEL01-RN;;;
662783;21/02/2025;sexta-feira;16:30:00;SP;116;515;BARRA DO TURVO;Rea��o tardia ou ineficiente do condutor;Queda de ocupante de ve�culo;Com V�timas Feridas;Anoitecer;Decrescente;Garoa/Chuvisco;Simples;"Curva;Aclive";N�o;1;0;1;0;0;0;1;1;-24,9288191;-48,2715751;SPRF-SP;DEL05-SP;UOP02-DEL05-SP;;;
662784;21/02/2025;sexta-feira;16:15:00;SC;101;333,7;TUBARAO;Desrespeitar a prefer�ncia no cruzamento;Colis�o transversal;Com V�timas Feridas;Pleno dia;Crescente;C�u Claro;M�ltipla;Interse��o de Vias;Sim;2;0;0;1;1;0;1;2;-28,47020032;-49,01618958;SPRF-SC;DEL02-SC;UOP01-DEL02-SC;;;
662785;21/02/2025;sexta-feira;19:30:00;ES;101;161;LINHARES;Transitar na contram�o;Colis�o frontal;Com V�timas Fatais;Plena Noite;Decrescente;C�u Claro;Simples;Reta;N�o;3;2;1;0;0;0;1;2;-19,48456249;-40,12082267;SPRF-ES;DEL04-ES;UOP01-DEL04-ES;;;
662786;21/02/2025;sexta-feira;19:25:00;RS;470;334,5;TRIUNFO;Ultrapassagem Indevida;Colis�o frontal;Com V�timas Fatais;Plena Noite;Decrescente;Ignorado;Simples;Reta;N�o;6;1;1;1;2;1;2;4;-29,887999;-51,709422;SPRF-RS;DEL04-RS;UOP02-DEL04-RS;;;
662787;21/02/2025;sexta-feira;17:40:00;ES;262;168;IBATIBA;Ingest�o de �lcool pelo condutor;Sa�da de leito carro��vel;Sem V�timas;Pleno dia;Crescente;Nublado;Simples;Curva;N�o;2;0;0;0;1;1;0;2;-20,2650207;-41,5737016;SPRF-ES;DEL01-ES;UOP02-DEL01-ES;;;
662789;21/02/2025;sexta-feira;17:35:00;SC;101;311;LAGUNA;Condutor deixou de manter dist�ncia do ve�culo da frente;Colis�o traseira;Com V�timas Feridas;Pleno dia;Decrescente;C�u Claro;Dupla;Rotat�ria;N�o;2;0;1;0;1;0;1;2;-28,44035961;-48,81271183;SPRF-SC;DEL02-SC;UOP01-DEL02-SC;;;
662791;21/02/2025;sexta-feira;19:00:00;SP;116;283;ITAPECERICA DA SERRA;Aus�ncia de rea��o do condutor;Colis�o lateral mesmo sentido;Com V�timas Feridas;Plena Noite;Decrescente;C�u Claro;Dupla;Reta;Sim;3;0;1;0;2;0;1;2;-23,700244;-46,868917;SPRF-SP;DEL04-SP;UOP01-DEL04-SP;;;
662792;21/02/2025;sexta-feira;19:15:00;GO;153;436;ANAPOLIS;Rea��o tardia ou ineficiente do condutor;Colis�o traseira;Com V�timas Feridas;Plena Noite;Decrescente;C�u Claro;Dupla;Reta;N�o;3;0;2;0;1;0;2;2;-16,31723388;-48,92165445;SPRF-GO;DEL02-GO;UOP01-DEL02-GO;;;
662794;21/02/2025;sexta-feira;18:55:00;BA;110;365,3;CATU;Velocidade Incompat�vel;Colis�o transversal;Com V�timas Feridas;Plena Noite;Crescente;C�u Claro;Simples;"Interse��o de Vias;Reta";Sim;2;0;0;1;1;0;1;2;-12,355783;-38,391728;SPRF-BA;DEL01-BA;UOP04-DEL01-BA;;;
662795;21/02/2025;sexta-feira;15:40:00;MG;381;588;CARMOPOLIS DE MINAS;Acumulo de areia ou detritos sobre o pavimento;Queda de ocupante de ve�culo;Com V�timas Feridas;Pleno dia;Crescente;C�u Claro;Simples;"Rotat�ria;Retorno Regulamentado;Declive;Viaduto;Curva";Sim;1;0;1;0;0;0;1;1;-20,538334;-44,639885;SPRF-MG;DEL04-MG;UOP01-DEL04-MG;;;
662797;08/01/2025;quarta-feira;19:50:00;AL;101;205,2;SAO SEBASTIAO;Ingest�o de �lcool pelo condutor;Colis�o transversal;Com V�timas Feridas;Plena Noite;Decrescente;C�u Claro;Simples;Desvio Tempor�rio;Sim;4;0;0;1;3;0;1;2;-9,98580388;-36,567173;SPRF-AL;DEL02-AL;UOP02-DEL02-AL;;;
662798;21/02/2025;sexta-feira;19:10:00;PE;232;236;PESQUEIRA;Demais falhas mec�nicas ou el�tricas;Inc�ndio;Sem V�timas;Plena Noite;Crescente;Vento;Dupla;"Aclive;Reta";N�o;1;0;0;0;0;1;0;1;-8,41296;-36,927447;SPRF-PE;DEL04-PE;UOP02-DEL04-PE;;;
662799;21/02/2025;sexta-feira;22:05:00;SC;101;120,5;ITAJAI;Aus�ncia de rea��o do condutor;Tombamento;Com V�timas Feridas;Plena Noite;Decrescente;Nublado;Dupla;Reta;N�o;2;0;1;0;1;0;1;1;-26,91010212;-48,71303558;SPRF-SC;DEL04-SC;UOP04-DEL04-SC;;;
662800;21/02/2025;sexta-feira;21:30:00;SC;470;52,6;BLUMENAU;Acessar a via sem observar a presen�a dos outros ve�culos;Colis�o transversal;Com V�timas Feridas;Plena Noite;Crescente;C�u Claro;Simples;Retorno Regulamentado;N�o;2;0;0;2;0;0;2;2;-26,86494;-49,09922784;SPRF-SC;DEL04-SC;UOP01-DEL04-SC;;;
662801;21/02/2025;sexta-feira;21:20:00;DF;40;5,7;BRASILIA;Trafegar com motocicleta (ou similar) entre as faixas;Colis�o lateral mesmo sentido;Com V�timas Feridas;Plena Noite;Decrescente;C�u Claro;Dupla;Reta;Sim;2;0;1;0;1;0;1;2;-16,038473;-47,979837;SPRF-DF;DEL01-DF;UOP01-DEL01-DF;;;
662802;21/02/2025;sexta-feira;20:30:00;CE;222;185;SOBRAL;Demais falhas mec�nicas ou el�tricas;Colis�o com objeto;Com V�timas Feridas;Pleno dia;Crescente;C�u Claro;Simples;Reta;N�o;3;0;3;0;0;0;3;1;-3,79213038;-40,12979507;SPRF-CE;DEL04-CE;UOP01-DEL04-CE;;;
662803;21/02/2025;sexta-feira;21:30:00;SP;101;51;UBATUBA;Convers�o proibida;Colis�o traseira;Com V�timas Feridas;Plena Noite;Crescente;Nublado;Simples;Reta;Sim;3;0;0;1;2;0;1;3;-23,45990456;-45,06738966;SPRF-SP;DEL06-SP;UOP01-DEL06-SP;;;
662804;21/02/2025;sexta-feira;21:55:00;SC;101;121,9;ITAJAI;Aus�ncia de rea��o do condutor;Tombamento;Com V�timas Feridas;Plena Noite;Decrescente;Nublado;Dupla;Reta;N�o;1;0;1;0;0;0;1;1;-26,94767779;-48,68475437;SPRF-SC;DEL04-SC;UOP04-DEL04-SC;;;
662805;21/02/2025;sexta-feira;20:45:00;PR;153;68,4;GUAPIRAMA;Acessar a via sem observar a presen�a dos outros ve�culos;Colis�o transversal;Com V�timas Feridas;Plena Noite;Crescente;C�u Claro;Simples;Reta;N�o;3;0;0;1;1;1;1;3;-23,5107195;-50,1126576;SPRF-PR;DEL07-PR;UOP04-DEL07-PR;;;
662806;24/01/2025;sexta-feira;08:37:00;PI;343;329,6;TERESINA;Aus�ncia de rea��o do condutor;Colis�o traseira;Com V�timas Feridas;Pleno dia;Decrescente;C�u Claro;Simples;Curva;N�o;2;0;1;0;1;0;1;2;-5,064808;-42,641769;SPRF-PI;DEL01-PI;UOP01-DEL01-PI;;;
662807;21/02/2025;sexta-feira;22:20:00;SP;101;50;UBATUBA;Transitar na contram�o;Colis�o frontal;Com V�timas Feridas;Plena Noite;Crescente;C�u Claro;Simples;Reta;Sim;2;0;1;0;1;0;1;2;-23,45681414;-45,07053673;SPRF-SP;DEL06-SP;UOP01-DEL06-SP;;;
662808;21/02/2025;sexta-feira;22:05:00;RS;116;530,8;CAPAO DO LEAO;Ilumina��o deficiente;Colis�o transversal;Com V�timas Feridas;Plena Noite;Crescente;C�u Claro;Simples;"Interse��o de Vias;Reta";Sim;2;0;1;0;1;0;1;2;-31,764218;-52,443382;SPRF-RS;DEL07-RS;UOP01-DEL07-RS;;;
662809;21/02/2025;sexta-feira;22:35:00;MG;381;350;JOAO MONLEVADE;Velocidade Incompat�vel;Queda de ocupante de ve�culo;Com V�timas Feridas;Plena Noite;Decrescente;C�u Claro;Simples;Curva;N�o;2;0;2;0;0;0;2;1;-19,86174537;-43,12408447;SPRF-MG;DEL03-MG;UOP01-DEL03-MG;;;
662810;21/02/2025;sexta-feira;22:20:00;RS;471;176;RIO PARDO;Acessar a via sem observar a presen�a dos outros ve�culos;Colis�o transversal;Com V�timas Feridas;Plena Noite;Decrescente;C�u Claro;Simples;Reta;Sim;3;0;1;0;2;0;1;2;-29,96975073;-52,37388611;SPRF-RS;DEL02-RS;UOP03-DEL02-RS;;;
662811;21/02/2025;sexta-feira;16:50:00;MT;174;6;PONTES E LACERDA;Acessar a via sem observar a presen�a dos outros ve�culos;Colis�o transversal;Com V�timas Feridas;Pleno dia;Crescente;C�u Claro;Dupla;"Interse��o de Vias;Reta";Sim;2;0;0;1;1;0;1;2;-15,22659446;-59,34941769;SPRF-MT;DEL03-MT;UOP01-DEL03-MT;;;
662813;21/02/2025;sexta-feira;18:30:00;RJ;116;76,3;TERESOPOLIS;Ingest�o de �lcool pelo condutor;Colis�o frontal;Sem V�timas;Anoitecer;Crescente;C�u Claro;Simples;Curva;Sim;2;0;0;0;2;0;0;2;-22,36069286;-42,9475522;SPRF-RJ;DEL04-RJ;UOP01-DEL04-RJ;;;
662814;21/02/2025;sexta-feira;21:45:00;ES;262;56;MARECHAL FLORIANO;Desrespeitar a prefer�ncia no cruzamento;Colis�o transversal;Sem V�timas;Plena Noite;Decrescente;C�u Claro;Simples;Retorno Regulamentado;Sim;6;0;0;0;5;1;0;2;-20,413305;-40,758813;SPRF-ES;DEL01-ES;UOP01-DEL01-ES;;;
662815;21/02/2025;sexta-feira;18:30:00;MT;163;634;NOVA MUTUM;Falta de acostamento;Capotamento;Com V�timas Feridas;Plena Noite;Decrescente;C�u Claro;Simples;Reta;N�o;1;0;0;1;0;0;1;1;-13,68829687;-56,03868484;SPRF-MT;DEL01-MT;UOP01-DEL01-MT;;;
662816;21/02/2025;sexta-feira;22:00:00;GO;60;53;ABADIANIA;Ingest�o de �lcool pelo condutor;Sa�da de leito carro��vel;Com V�timas Feridas;Plena Noite;Crescente;C�u Claro;Dupla;Curva;N�o;1;0;1;0;0;0;1;1;-16,18759503;-48,66266772;SPRF-GO;DEL02-GO;UOP01-DEL02-GO;;;
662817;21/02/2025;sexta-feira;22:20:00;MS;463;100;PONTA PORA;Transitar na contram�o;Colis�o frontal;Com V�timas Fatais;Plena Noite;Crescente;C�u Claro;Simples;Curva;N�o;2;1;0;1;0;0;1;2;-22,62156;-55,617058;SPRF-MS;DEL04-MS;UOP03-DEL04-MS;;;
662818;21/02/2025;sexta-feira;19:30:00;CE;116;484,6;MILAGRES;Pedestre andava na pista;Atropelamento de Pedestre;Com V�timas Feridas;Plena Noite;Crescente;C�u Claro;Simples;Reta;Sim;2;0;0;2;0;0;2;2;-7,339307;-38,936673;SPRF-CE;DEL05-CE;UOP03-DEL05-CE;;;
662823;21/02/2025;sexta-feira;17:55:00;PA;163;610;TRAIRAO;Aus�ncia de rea��o do condutor;Queda de ocupante de ve�culo;Com V�timas Feridas;Anoitecer;Crescente;Nublado;Simples;Reta;N�o;1;0;1;0;0;0;1;1;-4,73282531;-56,04136705;SPRF-PA;DEL05-PA;UOP03-DEL05-PA;;;
662824;21/02/2025;sexta-feira;23:00:00;CE;116;37;AQUIRAZ;Animais na Pista;Atropelamento de Animal;Com V�timas Feridas;Plena Noite;Crescente;C�u Claro;Dupla;Reta;N�o;2;0;1;0;1;0;1;1;-4,0489227;-38,5068648;SPRF-CE;DEL01-CE;UOP02-DEL01-CE;;;
662826;21/02/2025;sexta-feira;23:50:00;PR;163;275;QUATRO PONTES;Condutor Dormindo;Sa�da de leito carro��vel;Com V�timas Feridas;Plena Noite;Decrescente;Garoa/Chuvisco;Dupla;Declive;N�o;2;0;1;0;0;1;1;2;-24,57557233;-53,99443924;SPRF-PR;DEL06-PR;UOP02-DEL06-PR;;;