id;data_inversa;dia_semana;horario;uf;br;km;municipio;causa_acidente;tipo_acidente;classificacao_acidente;fase_dia;sentido_via;condicao_metereologica;tipo_pista;tracado_via;uso_solo;pessoas;mortos;feridos_leves;feridos_graves;ilesos;ignorados;feridos;veiculos;latitude;longitude;regional;delegacia;uop;;;
662827;21/02/2025;sexta-feira;23:00:00;ES;101;179,7;ARACRUZ;Transitar na contram�o;Colis�o frontal;Com V�timas Fatais;Plena Noite;Crescente;C�u Claro;Dupla;Reta;N�o;2;2;0;0;0;0;0;2;-19,6221091;-40,2194505;SPRF-ES;DEL04-ES;UOP01-DEL04-ES;;;
662828;21/02/2025;sexta-feira;22:22:00;PI;343;304,6;ALTOS;Rea��o tardia ou ineficiente do condutor;Atropelamento de Pedestre;Com V�timas Feridas;Plena Noite;Decrescente;Garoa/Chuvisco;Simples;Reta;Sim;2;0;0;1;1;0;1;2;-5,03251;-42,44124;SPRF-PI;DEL01-PI;UOP01-DEL01-PI;;;
662831;22/02/2025;s�bado;01:40:00;PR;376;490,2;PONTA GROSSA;Ingest�o de �lcool pelo condutor;Sa�da de leito carro��vel;Sem V�timas;Plena Noite;Crescente;Nublado;Dupla;"Curva;Declive";Sim;1;0;0;0;0;1;0;1;-25,10361099;-50,19527816;SPRF-PR;DEL03-PR;UOP04-DEL03-PR;;;
662832;22/02/2025;s�bado;03:15:00;RS;472;577;URUGUAIANA;Ingest�o de �lcool pelo condutor;Colis�o com objeto;Com V�timas Feridas;Plena Noite;Decrescente;C�u Claro;Simples;Rotat�ria;N�o;2;0;1;0;1;0;1;1;-29,78020336;-57,06330585;SPRF-RS;DEL13-RS;UOP01-DEL13-RS;;;
662833;22/02/2025;s�bado;01:50:00;PE;101;42;IGARASSU;Manobra de mudan�a de faixa;Colis�o lateral mesmo sentido;Com V�timas Feridas;Plena Noite;Decrescente;C�u Claro;M�ltipla;"Aclive;Reta";Sim;3;0;1;0;1;1;1;2;-7,844329;-34,910497;SPRF-PE;DEL01-PE;UOP02-DEL01-PE;;;
662835;22/02/2025;s�bado;02:05:00;PE;101;42;IGARASSU;Rea��o tardia ou ineficiente do condutor;Colis�o traseira;Com V�timas Feridas;Plena Noite;Decrescente;C�u Claro;M�ltipla;Aclive;Sim;3;0;0;2;1;0;2;2;-7,84397471;-34,91062403;SPRF-PE;DEL01-PE;UOP02-DEL01-PE;;;
662836;22/02/2025;s�bado;02:45:00;GO;50;157;CAMPO ALEGRE DE GOIAS;Aus�ncia de rea��o do condutor;Colis�o traseira;Com V�timas Fatais;Plena Noite;Decrescente;C�u Claro;Dupla;Reta;N�o;2;1;0;0;0;1;0;2;-17,2287097;-47,759093;SPRF-GO;DEL06-GO;UOP01-DEL06-GO;;;
662837;22/02/2025;s�bado;02:40:00;SC;470;133,9;RIO DO SUL;Transitar na contram�o;Colis�o frontal;Com V�timas Fatais;Plena Noite;Decrescente;Nublado;Simples;Reta;Sim;2;1;1;0;0;0;1;2;-27,17404915;-49,58817065;SPRF-SC;DEL04-SC;UOP02-DEL04-SC;;;
662838;22/02/2025;s�bado;03:00:00;SC;470;58,9;BLUMENAU;Ingest�o de �lcool pelo condutor;Colis�o frontal;Com V�timas Feridas;Plena Noite;Crescente;Ignorado;Simples;"Em Obras;Aclive;Reta";Sim;4;0;0;2;2;0;2;2;-26,88279433;-49,15496707;SPRF-SC;DEL04-SC;UOP01-DEL04-SC;;;
662839;22/02/2025;s�bado;04:40:00;PR;277;730;FOZ DO IGUACU;Aus�ncia de rea��o do condutor;Colis�o traseira;Sem V�timas;Plena Noite;Decrescente;Nublado;Simples;Curva;Sim;2;0;0;0;2;0;0;2;-25,50964993;-54,59796309;SPRF-PR;DEL05-PR;UOP03-DEL05-PR;;;
662840;22/02/2025;s�bado;03:30:00;GO;153;431,8;ANAPOLIS;Aus�ncia de rea��o do condutor;Colis�o com objeto;Com V�timas Fatais;Plena Noite;Decrescente;C�u Claro;Dupla;Reta;Sim;1;1;0;0;0;0;0;1;-16,2770738;-48,9652557;SPRF-GO;DEL02-GO;UOP01-DEL02-GO;;;
662843;22/02/2025;s�bado;04:10:00;PR;469;2;FOZ DO IGUACU;Ingest�o de �lcool pelo condutor;Sa�da de leito carro��vel;Sem V�timas;Plena Noite;Decrescente;C�u Claro;Simples;Curva;N�o;1;0;0;0;0;1;0;1;-25,58667212;-54,56299782;SPRF-PR;DEL05-PR;UOP04-DEL05-PR;;;
662844;22/02/2025;s�bado;04:50:00;RS;116;265;CANOAS;Entrada inopinada do pedestre;Atropelamento de Pedestre;Com V�timas Fatais;Plena Noite;Decrescente;C�u Claro;Simples;Reta;Sim;2;1;0;0;1;0;0;2;-29,92204106;-51,17787838;SPRF-RS;DEL01-RS;UOP01-DEL01-RS;;;
662845;22/02/2025;s�bado;02:17:00;SC;282;513,7;XAXIM;Acessar a via sem observar a presen�a dos outros ve�culos;Colis�o transversal;Com V�timas Feridas;Plena Noite;Decrescente;C�u Claro;Simples;Reta;N�o;6;0;0;1;5;0;1;3;-26,915385;-52,484887;SPRF-SC;DEL07-SC;UOP01-DEL07-SC;;;
662847;22/02/2025;s�bado;02:30:00;RS;471;611,9;SANTA VITORIA DO PALMAR;Animais na Pista;Atropelamento de Animal;Com V�timas Feridas;Plena Noite;Decrescente;C�u Claro;Simples;Reta;N�o;1;0;0;1;0;0;1;1;-33,45808347;-53,26638793;SPRF-RS;DEL07-RS;UOP04-DEL07-RS;;;
662848;22/02/2025;s�bado;05:30:00;RS;116;261;CANOAS;Acostamento em desn�vel;Colis�o com objeto;Com V�timas Feridas;Plena Noite;Decrescente;C�u Claro;Dupla;Reta;Sim;1;0;1;0;0;0;1;1;-29,8946232;-51,1756295;SPRF-RS;DEL01-RS;UOP01-DEL01-RS;;;
662849;22/02/2025;s�bado;04:50:00;RS;293;524,2;PELOTAS;Condutor Dormindo;Tombamento;Com V�timas Feridas;Plena Noite;Crescente;C�u Claro;Dupla;Reta;Sim;1;0;1;0;0;0;1;1;-31,74784863;-52,41108298;SPRF-RS;DEL13-RS;UOP01-DEL13-RS;;;
662850;22/02/2025;s�bado;05:25:00;RS;116;239;NOVO HAMBURGO;Rea��o tardia ou ineficiente do condutor;Colis�o traseira;Com V�timas Feridas;Plena Noite;Decrescente;C�u Claro;Dupla;Reta;Sim;2;0;1;0;1;0;1;2;-29,68089434;-51,14221573;SPRF-RS;DEL01-RS;UOP02-DEL01-RS;;;
662852;22/02/2025;s�bado;04:00:00;MG;40;505;ESMERALDAS;Condutor Dormindo;Sa�da de leito carro��vel;Com V�timas Feridas;Plena Noite;Crescente;C�u Claro;Dupla;Reta;N�o;1;0;1;0;0;0;1;1;-19,738035;-44,14955;SPRF-MG;DEL02-MG;UOP01-DEL02-MG;;;
662853;22/02/2025;s�bado;05:00:00;RJ;356;158;CAMPOS DOS GOYTACAZES;Demais falhas mec�nicas ou el�tricas;Inc�ndio;Sem V�timas;Amanhecer;Decrescente;C�u Claro;Simples;Reta;Sim;1;0;0;0;0;1;0;1;-21,7366666;-41,1997024;SPRF-RJ;DEL08-RJ;UOP02-DEL08-RJ;;;
662854;22/02/2025;s�bado;04:35:00;MG;381;421;CAETE;Velocidade Incompat�vel;Colis�o com objeto;Com V�timas Feridas;Plena Noite;Crescente;C�u Claro;Dupla;"Rotat�ria;Declive";N�o;4;0;4;0;0;0;4;1;-19,761688;-43,640524;SPRF-MG;DEL01-MG;UOP01-DEL01-MG;;;
662856;22/02/2025;s�bado;05:50:00;RS;470;216;BENTO GONCALVES;Velocidade Incompat�vel;Sa�da de leito carro��vel;Sem V�timas;Amanhecer;Decrescente;C�u Claro;Dupla;Reta;Sim;1;0;0;0;0;1;0;1;-29,16662585;-51,52572602;SPRF-RS;DEL06-RS;UOP01-DEL06-RS;;;
662857;22/02/2025;s�bado;05:23:00;SC;470;2;ITAJAI;Acessar a via sem observar a presen�a dos outros ve�culos;Colis�o transversal;Com V�timas Feridas;Amanhecer;Decrescente;Nublado;Dupla;"Interse��o de Vias;Em Obras;Viaduto;Reta";N�o;2;0;1;0;0;1;1;2;-26,8896967;-48,6775899;SPRF-SC;DEL04-SC;UOP04-DEL04-SC;;;
662858;22/02/2025;s�bado;06:30:00;PE;101;70;RECIFE;Demais falhas mec�nicas ou el�tricas;Colis�o com objeto;Com V�timas Feridas;Pleno dia;Crescente;C�u Claro;Simples;Curva;N�o;1;0;1;0;0;0;1;1;-8,06962;-34,94297;SPRF-PE;DEL01-PE;UOP01-DEL01-PE;;;
662859;22/02/2025;s�bado;02:00:00;PR;277;267;PRUDENTOPOLIS;Rea��o tardia ou ineficiente do condutor;Sa�da de leito carro��vel;Sem V�timas;Plena Noite;Decrescente;C�u Claro;Simples;Curva;N�o;1;0;0;0;1;0;0;1;-25,40234446;-50,79872131;SPRF-PR;DEL08-PR;UOP02-DEL08-PR;;;
662860;22/02/2025;s�bado;04:10:00;SC;116;67,6;MONTE CASTELO;Aus�ncia de rea��o do condutor;Colis�o com objeto;Com V�timas Feridas;Plena Noite;Decrescente;C�u Claro;Simples;"Declive;Reta";Sim;2;0;1;0;1;0;1;1;-26,448962;-50,228042;SPRF-SC;DEL06-SC;UOP02-DEL06-SC;;;
662862;22/02/2025;s�bado;05:22:00;MT;163;751;SORRISO;Ingest�o de �lcool pelo condutor;Tombamento;Com V�timas Feridas;Pleno dia;Decrescente;C�u Claro;Dupla;Reta;Sim;1;0;1;0;0;0;1;1;-12,56415576;-55,72215915;SPRF-MT;DEL06-MT;UOP01-DEL06-MT;;;
662864;22/02/2025;s�bado;02:10:00;GO;364;55;CACHOEIRA ALTA;Aus�ncia de rea��o do condutor;Sa�da de leito carro��vel;Sem V�timas;Plena Noite;Crescente;Chuva;Simples;"Reta;Declive";N�o;1;0;0;0;0;1;0;1;-18,76464;-50,92837;SPRF-GO;DEL05-GO;UOP02-DEL05-GO;;;
662865;22/02/2025;s�bado;05:30:00;PR;277;129;CAMPO LARGO;Demais falhas mec�nicas ou el�tricas;Inc�ndio;Sem V�timas;Plena Noite;Decrescente;C�u Claro;Dupla;Rotat�ria;Sim;1;0;0;0;0;1;0;1;-25,44578294;-49,56579566;SPRF-PR;DEL03-PR;UOP03-DEL03-PR;;;
662866;22/02/2025;s�bado;06:50:00;SP;116;402;MIRACATU;Demais falhas mec�nicas ou el�tricas;Inc�ndio;Sem V�timas;Pleno dia;Crescente;Nublado;Dupla;Reta;N�o;5;0;0;0;5;0;0;1;-24,3155;-47,523;SPRF-SP;DEL04-SP;UOP02-DEL04-SP;;;
662867;22/02/2025;s�bado;06:30:00;RS;290;72,3;GRAVATAI;Rea��o tardia ou ineficiente do condutor;Colis�o traseira;Sem V�timas;Pleno dia;Crescente;C�u Claro;Dupla;Reta;N�o;3;0;0;0;3;0;0;2;-29,952907;-50,97936;SPRF-RS;DEL03-RS;UOP01-DEL03-RS;;;
662868;22/02/2025;s�bado;07:00:00;DF;70;3,2;BRASILIA;Manobra de mudan�a de faixa;Colis�o lateral mesmo sentido;Com V�timas Feridas;Pleno dia;Decrescente;C�u Claro;Dupla;"Reta;Retorno Regulamentado";Sim;4;0;1;0;2;1;1;3;-15,802153;-48,083573;SPRF-DF;DEL03-DF;UOP02-DEL03-DF;;;
662869;21/02/2025;sexta-feira;21:00:00;MG;50;182;UBERABA;Aus�ncia de rea��o do condutor;Colis�o traseira;Com V�timas Feridas;Plena Noite;Crescente;C�u Claro;Dupla;Reta;Sim;3;0;2;0;0;1;2;2;-19,80934616;-47,90107727;SPRF-MG;DEL13-MG;UOP01-DEL13-MG;;;
662870;06/02/2025;quinta-feira;16:50:00;SP;153;51;SAO JOSE DO RIO PRETO;Transitar na contram�o;Colis�o lateral sentido oposto;Com V�timas Feridas;Pleno dia;Decrescente;Nublado;Simples;Reta;Sim;4;0;1;0;3;0;1;2;-20,71801801;-49,33874223;SPRF-SP;DEL09-SP;UOP01-DEL09-SP;;;
662871;22/02/2025;s�bado;07:35:00;CE;222;4,7;CAUCAIA;Manobra de mudan�a de faixa;Colis�o traseira;Com V�timas Feridas;Pleno dia;Decrescente;C�u Claro;M�ltipla;Reta;Sim;2;0;1;0;1;0;1;2;-3,74241921;-38,61080003;SPRF-CE;DEL01-CE;UOP01-DEL01-CE;;;
662872;22/02/2025;s�bado;04:30:00;RJ;40;51,3;AREAL;Velocidade Incompat�vel;Tombamento;Com V�timas Feridas;Amanhecer;Crescente;C�u Claro;Dupla;"Curva;Viaduto";Sim;1;0;0;1;0;0;1;1;-22,2825032;-43,1192847;SPRF-RJ;DEL05-RJ;UOP02-DEL05-RJ;;;
662873;22/02/2025;s�bado;07:35:00;MG;262;378,5;MATEUS LEME;Aus�ncia de rea��o do condutor;Sa�da de leito carro��vel;Com V�timas Feridas;Pleno dia;Decrescente;C�u Claro;Dupla;Reta;N�o;3;0;2;0;1;0;2;1;-19,9229272;-44,46625328;SPRF-MG;DEL01-MG;UOP03-DEL01-MG;;;
662876;22/02/2025;s�bado;04:15:00;SC;470;66,3;INDAIAL;Acessar a via sem observar a presen�a dos outros ve�culos;Colis�o frontal;Com V�timas Feridas;Plena Noite;Decrescente;Nublado;Simples;"Em Obras;Rotat�ria";Sim;2;0;0;1;1;0;1;2;-26,87004465;-49,22544827;SPRF-SC;DEL04-SC;UOP01-DEL04-SC;;;
662877;22/02/2025;s�bado;08:00:00;SP;381;26;ATIBAIA;Rea��o tardia ou ineficiente do condutor;Queda de ocupante de ve�culo;Com V�timas Feridas;Pleno dia;Crescente;Sol;Dupla;Reta;Sim;2;0;2;0;0;0;2;1;-23,1907722;-46,584931;SPRF-SP;DEL03-SP;UOP02-DEL03-SP;;;
662878;22/02/2025;s�bado;07:40:00;RJ;116;204;SEROPEDICA;Acesso irregular;Colis�o transversal;Com V�timas Feridas;Pleno dia;Decrescente;C�u Claro;Dupla;Reta;N�o;7;0;1;1;5;0;2;4;-22,71887359;-43,69915009;SPRF-RJ;DEL06-RJ;UOP02-DEL06-RJ;;;
662879;22/02/2025;s�bado;08:40:00;BA;101;919,9;NOVA VICOSA;Demais falhas mec�nicas ou el�tricas;Colis�o frontal;Com V�timas Feridas;Pleno dia;Crescente;C�u Claro;Simples;Reta;N�o;2;0;1;0;1;0;1;2;-17,886102;-39,815346;SPRF-BA;DEL09-BA;UOP02-DEL09-BA;;;
662881;22/02/2025;s�bado;07:30:00;SE;235;54,4;ITABAIANA;Acessar a via sem observar a presen�a dos outros ve�culos;Colis�o traseira;Com V�timas Feridas;Pleno dia;Crescente;C�u Claro;Simples;Reta;Sim;2;0;1;0;1;0;1;2;-10,67117993;-37,44483411;SPRF-SE;DEL01-SE;UOP02-DEL01-SE;;;
662882;22/02/2025;s�bado;09:05:00;ES;101;266,7;SERRA;Manobra de mudan�a de faixa;Tombamento;Com V�timas Feridas;Pleno dia;Decrescente;C�u Claro;Dupla;Reta;Sim;1;0;0;1;0;0;1;1;-20,19446565;-40,26849747;SPRF-ES;DEL02-ES;UOP01-DEL02-ES;;;
662883;17/01/2025;sexta-feira;19:45:00;PR;272;367,9;CAMPO MOURAO;Manobra de mudan�a de faixa;Colis�o transversal;Com V�timas Feridas;Anoitecer;Decrescente;Nublado;Dupla;Reta;Sim;2;0;0;1;0;1;1;2;-24,05281967;-52,40680754;SPRF-PR;DEL09-PR;UOP03-DEL09-PR;;;
662884;22/02/2025;s�bado;09:30:00;SP;381;6;VARGEM;Rea��o tardia ou ineficiente do condutor;Colis�o lateral mesmo sentido;Com V�timas Feridas;Pleno dia;Crescente;C�u Claro;Dupla;"Aclive;Reta";N�o;2;0;1;0;1;0;1;2;-22,90028;-46,4202483;SPRF-SP;DEL03-SP;UOP02-DEL03-SP;;;
662886;22/02/2025;s�bado;09:30:00;RJ;101;327;RIO DE JANEIRO;Aus�ncia de rea��o do condutor;Colis�o traseira;Com V�timas Feridas;Pleno dia;Crescente;C�u Claro;Dupla;"Reta;Ponte";Sim;3;0;1;1;1;0;2;2;-22,870587;-43,160749;SPRF-RJ;DEL02-RJ;UOP01-DEL02-RJ;;;
662887;22/02/2025;s�bado;08:40:00;SC;101;349,5;TUBARAO;Condutor deixou de manter dist�ncia do ve�culo da frente;Colis�o com objeto;Com V�timas Feridas;Pleno dia;Crescente;C�u Claro;Dupla;Curva;N�o;2;0;1;1;0;0;2;1;-28,497413;-49,044625;SPRF-SC;DEL02-SC;UOP01-DEL02-SC;;;
662888;22/02/2025;s�bado;09:20:00;SP;116;219;GUARULHOS;Rea��o tardia ou ineficiente do condutor;Queda de ocupante de ve�culo;Com V�timas Feridas;Pleno dia;Decrescente;C�u Claro;M�ltipla;Reta;Sim;1;0;1;0;0;0;1;1;-23,46379922;-46,495097;SPRF-SP;DEL01-SP;UOP01-DEL01-SP;;;
662889;22/02/2025;s�bado;08:30:00;SC;470;96,8;APIUNA;Retorno proibido;Colis�o transversal;Com V�timas Feridas;Pleno dia;Decrescente;C�u Claro;Simples;Reta;N�o;2;0;0;1;1;0;1;2;-27,0269981;-49,3789091;SPRF-SC;DEL04-SC;UOP01-DEL04-SC;;;
662890;22/02/2025;s�bado;04:00:00;PR;376;160,7;MARINGA;Aus�ncia de rea��o do condutor;Colis�o com objeto;Sem V�timas;Plena Noite;Decrescente;Nublado;Dupla;"Interse��o de Vias;Reta";Sim;1;0;0;0;0;1;0;1;-23,367785;-52,06693;SPRF-PR;DEL09-PR;UOP02-DEL09-PR;;;
662893;22/02/2025;s�bado;09:00:00;PE;101;45;IGARASSU;Acessar a via sem observar a presen�a dos outros ve�culos;Colis�o traseira;Com V�timas Feridas;Pleno dia;Decrescente;C�u Claro;Dupla;Reta;Sim;3;0;1;0;2;0;1;3;-7,86702;-34,90677;SPRF-PE;DEL01-PE;UOP02-DEL01-PE;;;
662894;22/02/2025;s�bado;09:45:00;AL;104;88,2;RIO LARGO;Transitar no Acostamento;Colis�o transversal;Com V�timas Feridas;Pleno dia;Decrescente;Sol;Dupla;Reta;Sim;2;0;1;0;1;0;1;2;-9,481602;-35,818797;SPRF-AL;DEL01-AL;UOP01-DEL01-AL;;;
662895;22/02/2025;s�bado;10:26:00;ES;101;154;LINHARES;Demais falhas mec�nicas ou el�tricas;Tombamento;Com V�timas Feridas;Pleno dia;Decrescente;Sol;Simples;Reta;N�o;2;0;2;0;0;0;2;1;-19,4264286;-40,08086085;SPRF-ES;DEL04-ES;UOP01-DEL04-ES;;;
662896;22/02/2025;s�bado;08:45:00;RJ;101;389;RIO DE JANEIRO;Acesso irregular;Colis�o traseira;Com V�timas Feridas;Pleno dia;Decrescente;Sol;M�ltipla;Reta;Sim;3;0;2;0;1;0;2;2;-22,894222;-43,675029;SPRF-RJ;DEL03-RJ;UOP01-DEL03-RJ;;;
662897;22/02/2025;s�bado;06:00:00;PR;487;108,3;CRUZEIRO DO OESTE;Ingest�o de �lcool pelo condutor;Colis�o frontal;Com V�timas Feridas;Amanhecer;Decrescente;Nublado;Simples;Reta;N�o;5;0;0;1;4;0;1;3;-23,80100732;-53,02503526;SPRF-PR;DEL09-PR;UOP03-DEL09-PR;;;
662898;22/02/2025;s�bado;09:25:00;SC;470;58;BLUMENAU;Acessar a via sem observar a presen�a dos outros ve�culos;Colis�o transversal;Com V�timas Feridas;Pleno dia;Decrescente;Nublado;Simples;"Em Obras;Reta";Sim;2;0;1;0;1;0;1;2;-26,88427494;-49,14866924;SPRF-SC;DEL04-SC;UOP01-DEL04-SC;;;
662899;22/02/2025;s�bado;10:20:00;SC;101;216,5;SANTO AMARO DA IMPERATRIZ;Acumulo de areia ou detritos sobre o pavimento;Tombamento;Com V�timas Feridas;Pleno dia;Crescente;C�u Claro;Dupla;Retorno Regulamentado;Sim;1;0;1;0;0;0;1;1;-27,663913;-48,675197;SPRF-SC;DEL01-SC;UOP02-DEL01-SC;;;
662902;22/02/2025;s�bado;03:50:00;SC;280;271;IRINEOPOLIS;Aus�ncia de rea��o do condutor;Capotamento;Com V�timas Feridas;Plena Noite;Crescente;Nublado;Simples;Declive;N�o;2;0;2;0;0;0;2;1;-26,27286742;-50,74756622;SPRF-SC;DEL06-SC;UOP04-DEL06-SC;;;
662904;22/02/2025;s�bado;10:45:00;PR;376;350;ORTIGUEIRA;Rea��o tardia ou ineficiente do condutor;Colis�o com objeto;Com V�timas Feridas;Pleno dia;Decrescente;C�u Claro;Dupla;"Aclive;Reta";Sim;1;0;1;0;0;0;1;1;-24,2094838;-50,9430493;SPRF-PR;DEL07-PR;UOP02-DEL07-PR;;;
662906;22/02/2025;s�bado;09:00:00;RJ;493;100;SEROPEDICA;Demais falhas mec�nicas ou el�tricas;Tombamento;Com V�timas Fatais;Pleno dia;Crescente;C�u Claro;Dupla;Reta;N�o;2;1;1;0;0;0;1;1;-22,76351884;-43,73622894;SPRF-RJ;DEL01-RJ;UOP03-DEL01-RJ;;;
662907;22/02/2025;s�bado;11:15:00;MG;40;596,7;OURO PRETO;Demais falhas mec�nicas ou el�tricas;Tombamento;Com V�timas Feridas;Pleno dia;Decrescente;Sol;Simples;"Aclive;Reta";N�o;2;0;2;0;0;0;2;1;-20,4175055;-43,88794656;SPRF-MG;DEL05-MG;UOP02-DEL05-MG;;;
662908;22/02/2025;s�bado;10:45:00;SC;470;40,6;GASPAR;Aus�ncia de rea��o do condutor;Sa�da de leito carro��vel;Com V�timas Feridas;Pleno dia;Crescente;C�u Claro;Dupla;Reta;N�o;1;0;1;0;0;0;1;1;-26,8843862;-48,994872;SPRF-SC;DEL04-SC;UOP01-DEL04-SC;;;
662909;22/02/2025;s�bado;10:15:00;MT;163;831;SINOP;Manobra de mudan�a de faixa;Colis�o traseira;Com V�timas Feridas;Pleno dia;Decrescente;C�u Claro;Simples;Reta;Sim;2;0;0;1;1;0;1;2;-11,8887061;-55,50243616;SPRF-MT;DEL06-MT;UOP02-DEL06-MT;;;
662910;22/02/2025;s�bado;10:46:00;BA;101;714,2;EUNAPOLIS;Acessar a via sem observar a presen�a dos outros ve�culos;Colis�o transversal;Com V�timas Feridas;Pleno dia;Decrescente;C�u Claro;Simples;Reta;N�o;2;0;1;0;0;1;1;2;-16,346345;-39,580308;SPRF-BA;DEL09-BA;UOP01-DEL09-BA;;;
662911;22/02/2025;s�bado;08:45:00;PA;10;355;SANTA MARIA DO PARA;Acessar a via sem observar a presen�a dos outros ve�culos;Colis�o transversal;Com V�timas Feridas;Pleno dia;Decrescente;C�u Claro;Simples;"Interse��o de Vias;Reta";Sim;3;0;0;2;1;0;2;2;-1,34305216;-47,57899761;SPRF-PA;DEL01-PA;UOP02-DEL01-PA;;;
662912;22/02/2025;s�bado;11:30:00;SC;101;218,5;PALHOCA;Demais falhas mec�nicas ou el�tricas;Tombamento;Com V�timas Feridas;Pleno dia;Decrescente;C�u Claro;Dupla;Reta;N�o;2;0;2;0;0;0;2;1;-27,679993;-48,670409;SPRF-SC;DEL01-SC;UOP02-DEL01-SC;;;
662913;22/02/2025;s�bado;11:00:00;SC;101;77,1;ARAQUARI;Velocidade Incompat�vel;Colis�o traseira;Com V�timas Feridas;Pleno dia;Decrescente;Nublado;Dupla;Reta;N�o;2;0;0;1;1;0;1;2;-26,57177161;-48,7220639;SPRF-SC;DEL03-SC;UOP02-DEL03-SC;;;
662919;22/02/2025;s�bado;12:25:00;SC;101;378,5;ICARA;Ultrapassagem Indevida;Colis�o lateral mesmo sentido;Com V�timas Feridas;Pleno dia;Crescente;C�u Claro;M�ltipla;"Interse��o de Vias;Curva";Sim;2;0;2;0;0;0;2;2;-28,75076137;-49,27038789;SPRF-SC;DEL02-SC;UOP02-DEL02-SC;;;
662920;22/02/2025;s�bado;13:15:00;MG;381;896;CAMBUI;Avarias e/ou desgaste excessivo no pneu;Sa�da de leito carro��vel;Com V�timas Feridas;Pleno dia;Crescente;Nublado;Dupla;Curva;N�o;1;0;1;0;0;0;1;1;-22,59735305;-46,05706215;SPRF-MG;DEL16-MG;UOP01-DEL16-MG;;;
662921;02/02/2025;domingo;14:00:00;PR;277;468,1;LARANJEIRAS DO SUL;Trafegar com motocicleta (ou similar) entre as faixas;Colis�o frontal;Com V�timas Feridas;Pleno dia;Crescente;C�u Claro;Simples;Reta;N�o;2;0;0;1;1;0;1;2;-25,34211314;-52,49655008;SPRF-PR;DEL04-PR;UOP02-DEL04-PR;;;
662922;22/02/2025;s�bado;13:16:00;CE;116;35;AQUIRAZ;Acumulo de areia ou detritos sobre o pavimento;Queda de ocupante de ve�culo;Com V�timas Feridas;Pleno dia;Decrescente;C�u Claro;Dupla;"Em Obras;Reta";Sim;2;0;2;0;0;0;2;1;-4,0505002;-38,50605011;SPRF-CE;DEL01-CE;UOP02-DEL01-CE;;;
662923;22/02/2025;s�bado;13:15:00;GO;153;439,9;ANAPOLIS;Ingest�o de �lcool pelo condutor;Colis�o lateral mesmo sentido;Com V�timas Feridas;Pleno dia;Decrescente;C�u Claro;Simples;Curva;Sim;2;0;1;0;1;0;1;2;-16,287323;-48,943282;SPRF-GO;DEL02-GO;UOP01-DEL02-GO;;;
662924;22/02/2025;s�bado;13:20:00;PB;101;58;SANTA RITA;Demais falhas mec�nicas ou el�tricas;Inc�ndio;Sem V�timas;Pleno dia;Decrescente;C�u Claro;Dupla;Reta;N�o;1;0;0;0;1;0;0;1;-6,981938;-35,075374;SPRF-PB;DEL01-PB;UOP03-DEL01-PB;;;
662926;21/02/2025;sexta-feira;19:50:00;GO;40;55,7;LUZIANIA;Aus�ncia de rea��o do condutor;Sa�da de leito carro��vel;Com V�timas Fatais;Plena Noite;Decrescente;C�u Claro;Dupla;"Declive;Curva";N�o;1;1;0;0;0;0;0;1;-16,49222583;-47,81338692;SPRF-DF;DEL01-DF;UOP02-DEL01-DF;;;
662927;22/02/2025;s�bado;13:35:00;RJ;101;330,3;RIO DE JANEIRO;Demais falhas mec�nicas ou el�tricas;Tombamento;Com V�timas Feridas;Pleno dia;Crescente;C�u Claro;M�ltipla;Reta;Sim;1;0;1;0;0;0;1;1;-22,86889965;-43,18056107;SPRF-RJ;DEL02-RJ;UOP01-DEL02-RJ;;;
662930;22/02/2025;s�bado;14:00:00;GO;60;97;ANAPOLIS;Manobra de mudan�a de faixa;Colis�o lateral mesmo sentido;Com V�timas Feridas;Pleno dia;Crescente;C�u Claro;Dupla;Reta;Sim;2;0;1;0;1;0;1;2;-16,376;-48,947;SPRF-GO;DEL02-GO;UOP01-DEL02-GO;;;
662931;22/02/2025;s�bado;13:50:00;MG;262;822;UBERABA;Acumulo de areia ou detritos sobre o pavimento;Sa�da de leito carro��vel;Com V�timas Feridas;Pleno dia;Crescente;Sol;Dupla;Reta;N�o;1;0;1;0;0;0;1;1;-19,76379569;-48,0991745;SPRF-MG;DEL13-MG;UOP01-DEL13-MG;;;
662932;22/02/2025;s�bado;13:59:00;PB;101;88,3;JOAO PESSOA;Acumulo de areia ou detritos sobre o pavimento;Colis�o com objeto;Com V�timas Feridas;Pleno dia;Decrescente;Sol;Simples;"Curva;Viaduto";N�o;2;0;1;1;0;0;2;1;-7,16444814;-34,89549637;SPRF-PB;DEL01-PB;UOP01-DEL01-PB;;;
662937;22/02/2025;s�bado;13:30:00;PR;153;358;UNIAO DA VITORIA;Acessar a via sem observar a presen�a dos outros ve�culos;Colis�o lateral sentido oposto;Com V�timas Feridas;Pleno dia;Decrescente;C�u Claro;Simples;Interse��o de Vias;Sim;3;0;1;0;2;0;1;2;-26,1979789;-51,0543251;SPRF-PR;DEL08-PR;UOP02-DEL08-PR;;;
662939;22/02/2025;s�bado;14:50:00;DF;70;16,2;BRASILIA;Ingest�o de �lcool pelo condutor;Colis�o lateral mesmo sentido;Sem V�timas;Pleno dia;Crescente;C�u Claro;Dupla;Rotat�ria;N�o;2;0;0;0;2;0;0;2;-15,795886;-48,195446;SPRF-DF;DEL03-DF;UOP02-DEL03-DF;;;
662940;22/02/2025;s�bado;08:50:00;RJ;101;446;MANGARATIBA;Ultrapassagem Indevida;Colis�o lateral mesmo sentido;Com V�timas Feridas;Pleno dia;Crescente;Sol;Simples;Aclive;N�o;3;0;1;0;2;0;1;2;-22,9988;-44,0981;SPRF-RJ;DEL03-RJ;UOP02-DEL03-RJ;;;
662941;22/02/2025;s�bado;10:45:00;MT;163;919;ITAUBA;Ingest�o de �lcool pelo condutor;Sa�da de leito carro��vel;Sem V�timas;Pleno dia;Crescente;Nublado;Simples;Reta;N�o;1;0;0;0;1;0;0;1;-11,055755;-55,2724991;SPRF-MT;DEL06-MT;UOP02-DEL06-MT;;;