id;data_inversa;dia_semana;horario;uf;br;km;municipio;causa_acidente;tipo_acidente;classificacao_acidente;fase_dia;sentido_via;condicao_metereologica;tipo_pista;tracado_via;uso_solo;pessoas;mortos;feridos_leves;feridos_graves;ilesos;ignorados;feridos;veiculos;latitude;longitude;regional;delegacia;uop;;;
662942;22/02/2025;s�bado;14:05:00;PR;116;146;MANDIRITUBA;Acessar a via sem observar a presen�a dos outros ve�culos;Colis�o transversal;Com V�timas Feridas;Pleno dia;Crescente;C�u Claro;Simples;"Aclive;Reta";N�o;4;0;1;3;0;0;4;2;-25,81324935;-49,32893515;SPRF-PR;DEL01-PR;UOP03-DEL01-PR;;;
662944;22/02/2025;s�bado;15:25:00;BA;324;619;SALVADOR;Condutor deixou de manter dist�ncia do ve�culo da frente;Colis�o traseira;Com V�timas Feridas;Pleno dia;Crescente;C�u Claro;Dupla;Reta;N�o;2;0;0;1;1;0;1;1;-12,9078063;-38,4572641;SPRF-BA;DEL01-BA;UOP01-DEL01-BA;;;
662945;22/02/2025;s�bado;15:20:00;RJ;101;432;MANGARATIBA;Rea��o tardia ou ineficiente do condutor;Queda de ocupante de ve�culo;Com V�timas Feridas;Pleno dia;Decrescente;C�u Claro;Simples;"Declive;Curva";Sim;2;0;1;1;0;0;2;1;-22,9337;-44,0325;SPRF-RJ;DEL03-RJ;UOP02-DEL03-RJ;;;
662946;22/02/2025;s�bado;12:15:00;RJ;40;108;DUQUE DE CAXIAS;Rea��o tardia ou ineficiente do condutor;Colis�o lateral mesmo sentido;Com V�timas Fatais;Pleno dia;Decrescente;Sol;M�ltipla;Curva;Sim;2;1;0;0;1;0;0;2;-22,673216;-43,285119;SPRF-RJ;DEL01-RJ;UOP02-DEL01-RJ;;;
662948;22/02/2025;s�bado;16:00:00;MG;381;450,3;SABARA;Velocidade Incompat�vel;Colis�o com objeto;Com V�timas Feridas;Pleno dia;Decrescente;C�u Claro;Simples;Curva;N�o;1;0;0;1;0;0;1;1;-19,82783722;-43,83918285;SPRF-MG;DEL01-MG;UOP01-DEL01-MG;;;
662951;22/02/2025;s�bado;16:02:00;PB;230;20;JOAO PESSOA;Rea��o tardia ou ineficiente do condutor;Tombamento;Com V�timas Feridas;Pleno dia;Crescente;C�u Claro;Dupla;Reta;Sim;2;0;2;0;0;0;2;1;-7,15698589;-34,83816147;SPRF-PB;DEL01-PB;UOP01-DEL01-PB;;;
662953;22/02/2025;s�bado;15:55:00;PR;476;120;COLOMBO;Acessar a via sem observar a presen�a dos outros ve�culos;Colis�o transversal;Com V�timas Feridas;Pleno dia;Decrescente;C�u Claro;M�ltipla;Interse��o de Vias;Sim;2;0;1;0;1;0;1;2;-25,37373162;-49,19294715;SPRF-PR;DEL01-PR;UOP01-DEL01-PR;;;
662954;22/02/2025;s�bado;15:20:00;ES;101;142,6;LINHARES;Rea��o tardia ou ineficiente do condutor;Colis�o com objeto;Com V�timas Feridas;Pleno dia;Crescente;C�u Claro;Dupla;"Retorno Regulamentado;Reta";Sim;1;0;1;0;0;0;1;1;-19,33859829;-40,06563466;SPRF-ES;DEL04-ES;UOP01-DEL04-ES;;;
662955;22/02/2025;s�bado;15:49:00;PB;101;65,8;SANTA RITA;Avarias e/ou desgaste excessivo no pneu;Queda de ocupante de ve�culo;Com V�timas Feridas;Pleno dia;Crescente;C�u Claro;Dupla;Reta;N�o;2;0;1;1;0;0;2;1;-7,046698;-35,045518;SPRF-PB;DEL01-PB;UOP03-DEL01-PB;;;
662956;22/02/2025;s�bado;16:35:00;SP;153;335,2;SALTO GRANDE;Rea��o tardia ou ineficiente do condutor;Sa�da de leito carro��vel;Com V�timas Feridas;Pleno dia;Crescente;C�u Claro;Simples;"Aclive;Reta";N�o;3;0;2;0;0;1;2;2;-22,90622221;-49,88960266;SPRF-SP;DEL07-SP;UOP03-DEL07-SP;;;
662958;22/02/2025;s�bado;15:00:00;RJ;101;385;RIO DE JANEIRO;Manobra de mudan�a de faixa;Colis�o lateral mesmo sentido;Com V�timas Feridas;Pleno dia;Decrescente;C�u Claro;M�ltipla;Reta;Sim;3;0;2;0;1;0;2;2;-22,88150927;-43,63310337;SPRF-RJ;DEL03-RJ;UOP01-DEL03-RJ;;;
662959;22/02/2025;s�bado;17:00:00;PE;232;58;POMBOS;Aus�ncia de rea��o do condutor;Colis�o com objeto;Com V�timas Feridas;Pleno dia;Crescente;C�u Claro;Dupla;"Aclive;Reta";Sim;3;0;2;0;1;0;2;2;-8,14500022;-35,39114714;SPRF-PE;DEL02-PE;UOP02-DEL02PE;;;
662962;22/02/2025;s�bado;16:58:00;PE;428;172;PETROLINA;Ingest�o de �lcool pelo condutor;Colis�o traseira;Com V�timas Feridas;Pleno dia;Crescente;C�u Claro;Simples;"Viaduto;Reta";N�o;5;0;2;0;3;0;2;2;-9,261777;-40,4256859;SPRF-PE;DEL06-PE;UOP01-DEL06-PE;;;
662963;22/02/2025;s�bado;17:10:00;SC;470;55,5;BLUMENAU;Acessar a via sem observar a presen�a dos outros ve�culos;Colis�o lateral mesmo sentido;Com V�timas Feridas;Pleno dia;Crescente;C�u Claro;Simples;"Em Obras;Reta;Desvio Tempor�rio";Sim;2;0;1;0;1;0;1;2;-26,87638265;-49,12335992;SPRF-SC;DEL04-SC;UOP01-DEL04-SC;;;
662964;22/02/2025;s�bado;16:30:00;SC;101;399,9;MARACAJA;Demais falhas mec�nicas ou el�tricas;Tombamento;Com V�timas Feridas;Pleno dia;Crescente;C�u Claro;M�ltipla;Aclive;Sim;2;0;1;1;0;0;2;1;-28,8656596;-49,44795012;SPRF-SC;DEL02-SC;UOP02-DEL02-SC;;;
662965;22/02/2025;s�bado;11:30:00;MS;163;100,5;ITAQUIRAI;Pista esburacada;Colis�o traseira;Com V�timas Feridas;Pleno dia;Decrescente;C�u Claro;Simples;Reta;N�o;2;0;1;0;1;0;1;2;-23,29159866;-54,22430992;SPRF-MS;DEL09-MS;UOP01-DEL09-MS;;;
662966;22/02/2025;s�bado;17:30:00;GO;40;4,8;VALPARAISO DE GOIAS;Acessar a via sem observar a presen�a dos outros ve�culos;Colis�o transversal;Com V�timas Feridas;Pleno dia;Crescente;Sol;M�ltipla;Retorno Regulamentado;Sim;2;0;1;0;1;0;1;2;-16,093446;-47,98216;SPRF-DF;DEL01-DF;UOP01-DEL01-DF;;;
662967;22/02/2025;s�bado;15:00:00;BA;407;135;SENHOR DO BONFIM;Ingest�o de �lcool pelo condutor;Colis�o transversal;Com V�timas Feridas;Pleno dia;Crescente;C�u Claro;Simples;Curva;N�o;2;0;0;1;1;0;1;2;-10,48346;-40,1663;SPRF-BA;DEL04-BA;UOP01-DEL04-BA;;;
662968;22/02/2025;s�bado;09:00:00;BA;367;71;EUNAPOLIS;Velocidade Incompat�vel;Colis�o traseira;Com V�timas Feridas;Pleno dia;Decrescente;Sol;Simples;Curva;N�o;3;0;1;0;2;0;1;3;-16,392795;-39,468384;SPRF-BA;DEL09-BA;UOP03-DEL09-BA;;;
662969;22/02/2025;s�bado;17:00:00;ES;262;34;DOMINGOS MARTINS;Convers�o proibida;Colis�o transversal;Com V�timas Feridas;Pleno dia;Crescente;C�u Claro;Simples;Curva;N�o;3;0;2;0;1;0;2;2;-20,3639;-40,6598;SPRF-ES;DEL01-ES;UOP01-DEL01-ES;;;
662970;22/02/2025;s�bado;17:00:00;CE;116;113;BEBERIBE;Manobra de mudan�a de faixa;Colis�o transversal;Com V�timas Feridas;Anoitecer;Crescente;C�u Claro;Simples;Reta;N�o;3;0;1;0;2;0;1;2;-4,59029;-38,214291;SPRF-CE;DEL03-CE;UOP01-DEL03-CE;;;
662973;22/02/2025;s�bado;16:45:00;GO;60;185;GUAPO;Rea��o tardia ou ineficiente do condutor;Sa�da de leito carro��vel;Com V�timas Feridas;Pleno dia;Decrescente;C�u Claro;Dupla;Aclive;N�o;2;0;1;1;0;0;2;1;-16,805725;-49,523651;SPRF-GO;DEL01-GO;UOP02-DEL01-GO;;;
662975;01/01/2025;quarta-feira;18:00:00;SC;280;143,9;MAFRA;Transitar na contram�o;Colis�o frontal;Com V�timas Feridas;Anoitecer;Decrescente;Garoa/Chuvisco;Simples;Curva;N�o;7;0;4;1;2;0;5;3;-26,24541406;-49,63661103;SPRF-SC;DEL06-SC;UOP03-DEL06-SC;;;
662976;22/02/2025;s�bado;15:50:00;PR;153;5;IBAITI;Aus�ncia de rea��o do condutor;Tombamento;Com V�timas Feridas;Pleno dia;Crescente;C�u Claro;Simples;Reta;N�o;1;0;0;1;0;0;1;1;-23,84659193;-50,19258499;SPRF-PR;DEL07-PR;UOP04-DEL07-PR;;;
662978;22/02/2025;s�bado;11:00:00;BA;324;597;SIMOES FILHO;Aus�ncia de rea��o do condutor;Tombamento;Com V�timas Feridas;Pleno dia;Decrescente;C�u Claro;M�ltipla;Reta;N�o;1;0;1;0;0;0;1;1;-12,735398;-38,440668;SPRF-BA;DEL01-BA;UOP01-DEL01-BA;;;
662979;22/02/2025;s�bado;18:55:00;PR;158;532;PATO BRANCO;Ingest�o de �lcool pelo condutor;Colis�o traseira;Com V�timas Feridas;Anoitecer;Decrescente;Nublado;Simples;Declive;Sim;3;0;1;0;2;0;1;2;-26,20996551;-52,68042505;SPRF-PR;DEL02-PR;UOP01-DEL02-PR;;;
662980;22/02/2025;s�bado;19:05:00;SE;101;87;NOSSA SENHORA DO SOCORRO;Ingest�o de �lcool pelo condutor;Colis�o lateral mesmo sentido;Com V�timas Feridas;Plena Noite;Crescente;C�u Claro;Dupla;"Aclive;Reta;Em Obras";N�o;4;0;1;0;3;0;1;3;-10,8669722;-37,1349194;SPRF-SE;DEL01-SE;UOP01-DEL01-SE;;;
662981;22/02/2025;s�bado;18:30:00;MG;40;379;FELIXLANDIA;Condutor Dormindo;Colis�o transversal;Com V�timas Feridas;Pleno dia;Crescente;C�u Claro;Simples;Reta;N�o;4;0;1;0;3;0;1;3;-18,8305909;-44,77787018;SPRF-MG;DEL02-MG;UOP01-DEL02-MG;;;
662982;22/02/2025;s�bado;18:30:00;MG;116;528;CARATINGA;Aus�ncia de rea��o do condutor;Tombamento;Com V�timas Feridas;Plena Noite;Decrescente;C�u Claro;Simples;Curva;Sim;1;0;1;0;0;0;1;1;-19,7763888;-42,1350378;SPRF-MG;DEL06-MG;UOP02-DEL06-MG;;;
662983;22/02/2025;s�bado;18:20:00;SC;101;84,5;BARRA VELHA;Aus�ncia de rea��o do condutor;Colis�o com objeto;Com V�timas Feridas;Plena Noite;Decrescente;Nublado;M�ltipla;Reta;N�o;2;0;1;0;1;0;1;1;-26,62216725;-48,71623278;SPRF-SC;DEL03-SC;UOP02-DEL03-SC;;;
662986;22/02/2025;s�bado;18:50:00;SP;116;139,8;SAO JOSE DOS CAMPOS;Demais falhas mec�nicas ou el�tricas;Tombamento;Com V�timas Feridas;Anoitecer;Crescente;C�u Claro;Dupla;Reta;Sim;2;0;1;0;1;0;1;1;-23,16215199;-45,80558538;SPRF-SP;DEL02-SP;UOP01-DEL02-SP;;;
662987;22/02/2025;s�bado;15:22:00;MA;10;316;ACAILANDIA;Transitar na contram�o;Colis�o frontal;Com V�timas Fatais;Pleno dia;Decrescente;C�u Claro;Simples;"Reta;Declive";N�o;3;2;0;0;1;0;0;2;-4,974727;-47,517072;SPRF-MA;DEL04-MA;UOP03-DEL04-MA;;;
662990;22/02/2025;s�bado;10:50:00;BA;110;107;ALAGOINHAS;Condutor deixou de manter dist�ncia do ve�culo da frente;Colis�o transversal;Com V�timas Feridas;Pleno dia;Crescente;C�u Claro;Simples;"Interse��o de Vias;Rotat�ria";Sim;3;0;2;0;1;0;2;2;-12,10091972;-38,37229706;SPRF-BA;DEL07-BA;UOP02-DEL07-BA;;;
662991;22/02/2025;s�bado;19:30:00;PR;369;148;LONDRINA;Desrespeitar a prefer�ncia no cruzamento;Colis�o transversal;Com V�timas Feridas;Plena Noite;Crescente;C�u Claro;Dupla;"Interse��o de Vias;Reta";Sim;2;0;0;1;1;0;1;2;-23,293;-51,143;SPRF-PR;DEL07-PR;UOP01-DEL07-PR;;;
662992;22/02/2025;s�bado;18:00:00;BA;110;344;ALAGOINHAS;Condutor deixou de manter dist�ncia do ve�culo da frente;Colis�o traseira;Com V�timas Feridas;Plena Noite;Crescente;Nublado;Simples;"Reta;Aclive";N�o;4;0;2;0;2;0;2;2;-12,10092122;-38,37229712;SPRF-BA;DEL01-BA;UOP04-DEL01-BA;;;
662993;22/02/2025;s�bado;19:00:00;PB;230;372,9;CONDADO;Ingest�o de �lcool pelo condutor;Sa�da de leito carro��vel;Sem V�timas;Plena Noite;Crescente;C�u Claro;Simples;Reta;N�o;1;0;0;0;0;1;0;1;-6,906968;-37,574453;SPRF-PB;DEL03-PB;UOP02-DEL03-PB;;;
662994;22/02/2025;s�bado;17:25:00;RS;470;3;BARRACAO;Velocidade Incompat�vel;Sa�da de leito carro��vel;Com V�timas Feridas;Pleno dia;Crescente;C�u Claro;Simples;Curva;N�o;1;0;1;0;0;0;1;1;-27,619628;-51,487331;SPRF-RS;DEL08-RS;UOP05-DEL08-RS;;;
662995;22/02/2025;s�bado;20:19:00;SP;116;56,2;LORENA;Condutor deixou de manter dist�ncia do ve�culo da frente;Colis�o traseira;Com V�timas Feridas;Plena Noite;Crescente;C�u Claro;Dupla;Reta;N�o;2;0;1;0;1;0;1;2;-22,76983351;-45,13138109;SPRF-SP;DEL08-SP;UOP02-DEL08-SP;;;
662996;22/02/2025;s�bado;19:25:00;MS;163;690;RIO VERDE DE MATO GROSSO;Ingest�o de �lcool pelo condutor;Colis�o traseira;Com V�timas Feridas;Plena Noite;Crescente;C�u Claro;Simples;Reta;N�o;3;0;0;2;0;1;2;2;-18,86249996;-54,82497454;SPRF-MS;DEL06-MS;UOP01-DEL06-MS;;;
662997;22/02/2025;s�bado;19:44:00;ES;101;253;SERRA;Acessar a via sem observar a presen�a dos outros ve�culos;Colis�o frontal;Sem V�timas;Plena Noite;Crescente;Ignorado;Simples;Reta;N�o;2;0;0;0;2;0;0;2;-20,10449153;-40,33268452;SPRF-ES;DEL02-ES;UOP01-DEL02-ES;;;
662999;22/02/2025;s�bado;20:20:00;BA;116;444,8;ANTONIO CARDOSO;Ingest�o de �lcool pelo condutor;Colis�o com objeto;Com V�timas Fatais;Plena Noite;Decrescente;C�u Claro;Dupla;Declive;N�o;1;1;0;0;0;0;0;1;-12,37138;-39,1161;SPRF-BA;DEL02-BA;UOP01-DEL02-BA;;;
663000;22/02/2025;s�bado;20:12:00;ES;101;261,2;SERRA;Retorno proibido;Colis�o transversal;Com V�timas Feridas;Plena Noite;Decrescente;C�u Claro;Dupla;Reta;Sim;2;0;0;1;1;0;1;2;-20,15022357;-40,27900749;SPRF-ES;DEL02-ES;UOP01-DEL02-ES;;;
663001;22/02/2025;s�bado;20:30:00;RN;101;82;SAO GONCALO DO AMARANTE;Ingest�o de �lcool pelo condutor;Colis�o com objeto;Com V�timas Feridas;Plena Noite;Crescente;C�u Claro;Dupla;Reta;Sim;2;0;2;0;0;0;2;1;-5,77628647;-35,25452614;SPRF-RN;DEL02-RN;UOP01-DEL02-RN;;;
663002;22/02/2025;s�bado;19:52:00;RJ;40;104;DUQUE DE CAXIAS;Convers�o proibida;Colis�o transversal;Com V�timas Feridas;Plena Noite;Decrescente;C�u Claro;M�ltipla;Reta;Sim;3;0;1;0;2;0;1;3;-22,62350504;-43,2868964;SPRF-RJ;DEL01-RJ;UOP02-DEL01-RJ;;;
663004;22/02/2025;s�bado;19:35:00;PE;104;67,5;CARUARU;Condutor deixou de manter dist�ncia do ve�culo da frente;Colis�o traseira;Com V�timas Feridas;Plena Noite;Crescente;C�u Claro;Simples;Reta;Sim;2;0;1;0;0;1;1;2;-8,29488;-35,98725;SPRF-PE;DEL02-PE;UOP01-DEL02-PE;;;
663005;22/02/2025;s�bado;19:40:00;ES;101;296;CARIACICA;Rea��o tardia ou ineficiente do condutor;Colis�o traseira;Sem V�timas;Plena Noite;Decrescente;Nublado;M�ltipla;Reta;Sim;4;0;0;0;4;0;0;4;-20,34374309;-40,40738298;SPRF-ES;DEL01-ES;UOP01-DEL01-ES;;;
663006;22/02/2025;s�bado;20:03:00;PB;101;86,7;JOAO PESSOA;Entrada inopinada do pedestre;Atropelamento de Pedestre;Com V�timas Feridas;Plena Noite;Decrescente;Nublado;Dupla;Reta;Sim;2;0;1;0;1;0;1;2;-7,15875998;-34,90625739;SPRF-PB;DEL01-PB;UOP01-DEL01-PB;;;
663007;22/02/2025;s�bado;20:36:00;ES;101;256;SERRA;Velocidade Incompat�vel;Colis�o transversal;Com V�timas Feridas;Plena Noite;Decrescente;C�u Claro;Simples;"Declive;Reta";Sim;2;0;0;1;1;0;1;2;-20,12205432;-40,30606227;SPRF-ES;DEL02-ES;UOP01-DEL02-ES;;;
663008;22/02/2025;s�bado;16:10:00;RO;421;37;MONTE NEGRO;Rea��o tardia ou ineficiente do condutor;Colis�o traseira;Com V�timas Feridas;Pleno dia;Crescente;C�u Claro;Simples;Reta;N�o;3;0;0;1;2;0;1;3;-10,17629;-63,225252;SPRF-RO;DEL03-RO;UOP01-DEL03-RO;;;
663009;22/02/2025;s�bado;19:55:00;GO;50;261,9;CATALAO;Demais falhas mec�nicas ou el�tricas;Inc�ndio;Sem V�timas;Plena Noite;Crescente;C�u Claro;Dupla;Reta;N�o;1;0;0;0;1;0;0;1;-18,043254;-47,859307;SPRF-GO;DEL06-GO;UOP01-DEL06-GO;;;
663010;22/02/2025;s�bado;19:09:00;RJ;465;5;SEROPEDICA;Aus�ncia de rea��o do condutor;Queda de ocupante de ve�culo;Com V�timas Feridas;Plena Noite;Crescente;C�u Claro;Simples;Reta;Sim;1;0;1;0;0;0;1;1;-22,7147776;-43,7256192;SPRF-RJ;DEL06-RJ;UOP02-DEL06-RJ;;;
663013;22/02/2025;s�bado;21:15:00;BA;418;86;NOVA VICOSA;Acessar a via sem observar a presen�a dos outros ve�culos;Colis�o transversal;Com V�timas Feridas;Plena Noite;Crescente;C�u Claro;Simples;Reta;Sim;2;0;0;1;1;0;1;2;-17,8855;-39,84016;SPRF-BA;DEL09-BA;UOP02-DEL09-BA;;;
663014;22/02/2025;s�bado;21:05:00;RN;101;107;PARNAMIRIM;Transitar na contram�o;Colis�o frontal;Com V�timas Feridas;Plena Noite;Crescente;C�u Claro;Dupla;Reta;Sim;3;0;1;0;2;0;1;2;-5,920124;-35,264806;SPRF-RN;DEL01-RN;UOP01-DEL01-RN;;;
663015;22/02/2025;s�bado;18:30:00;RR;432;174,9;CANTA;Convers�o proibida;Colis�o transversal;Com V�timas Feridas;Anoitecer;Crescente;C�u Claro;Simples;Reta;N�o;2;0;1;0;1;0;1;2;2,495216;-60,635908;SPRF-RR;DEL01-RR;UOP01-DEL01-RR;;;
663016;22/02/2025;s�bado;20:43:00;PE;101;54;PAULISTA;Entrada inopinada do pedestre;Atropelamento de Pedestre;Com V�timas Fatais;Plena Noite;Crescente;C�u Claro;Dupla;Reta;N�o;2;1;0;0;1;0;0;2;-7,937512;-34,903445;SPRF-PE;DEL01-PE;UOP02-DEL01-PE;;;
663017;22/02/2025;s�bado;16:30:00;RO;435;33;VILHENA;Rea��o tardia ou ineficiente do condutor;Colis�o com objeto;Com V�timas Feridas;Pleno dia;Crescente;C�u Claro;Simples;Reta;N�o;1;0;1;0;0;0;1;1;-12,8421287;-60,3777534;SPRF-RO;DEL04-RO;UOP02-DEL04-RO;;;
663018;22/02/2025;s�bado;20:10:00;MT;158;560,6;AGUA BOA;Transitar na contram�o;Colis�o frontal;Com V�timas Feridas;Plena Noite;Crescente;C�u Claro;Simples;Reta;N�o;2;0;1;0;0;1;1;2;-13,93873221;-52,10746765;SPRF-MT;DEL07-MT;UOP02-DEL07-MT;;;
663021;22/02/2025;s�bado;21:20:00;RN;406;0,9;MACAU;Ingest�o de �lcool pelo condutor;Sa�da de leito carro��vel;Com V�timas Feridas;Plena Noite;Decrescente;C�u Claro;Simples;Curva;N�o;1;0;1;0;0;0;1;1;-5,12148603;-36,62656403;SPRF-RN;DEL02-RN;UOP01-DEL02-RN;;;
663022;22/02/2025;s�bado;20:30:00;RJ;116;144;DUQUE DE CAXIAS;Avarias e/ou desgaste excessivo no pneu;Tombamento;Com V�timas Feridas;Plena Noite;Crescente;C�u Claro;Dupla;Reta;Sim;2;0;2;0;0;0;2;1;-22,65697184;-43,24578571;SPRF-RJ;DEL01-RJ;UOP02-DEL01-RJ;;;
663023;22/02/2025;s�bado;22:20:00;BA;116;428,9;FEIRA DE SANTANA;Transitar no Acostamento;Atropelamento de Pedestre;Com V�timas Fatais;Plena Noite;Crescente;C�u Claro;Dupla;Curva;N�o;2;1;0;0;0;1;0;2;-12,28766276;-39,00327444;SPRF-BA;DEL02-BA;UOP01-DEL02-BA;;;
663024;22/02/2025;s�bado;22:10:00;CE;116;34;AQUIRAZ;Acumulo de areia ou detritos sobre o pavimento;Tombamento;Com V�timas Feridas;Plena Noite;Decrescente;C�u Claro;Dupla;"Reta;Em Obras";N�o;1;0;1;0;0;0;1;1;-4,03200586;-38,51057064;SPRF-CE;DEL01-CE;UOP02-DEL01-CE;;;
663026;22/02/2025;s�bado;21:27:00;SC;470;36,3;GASPAR;Ingest�o de �lcool pelo condutor;Colis�o frontal;Com V�timas Feridas;Plena Noite;Crescente;C�u Claro;Simples;Reta;N�o;2;0;1;0;1;0;1;2;-26,9142144;-48,9719117;SPRF-SC;DEL04-SC;UOP01-DEL04-SC;;;
663027;22/02/2025;s�bado;22:15:00;PB;101;85;BAYEUX;Demais falhas mec�nicas ou el�tricas;Tombamento;Com V�timas Feridas;Plena Noite;Crescente;C�u Claro;Dupla;Reta;Sim;2;0;2;0;0;0;2;1;-7,148652;-34,912924;SPRF-PB;DEL01-PB;UOP01-DEL01-PB;;;
663028;22/02/2025;s�bado;18:42:00;MA;135;39;BACABEIRA;Aus�ncia de rea��o do condutor;Sa�da de leito carro��vel;Sem V�timas;Anoitecer;Decrescente;Chuva;Dupla;Reta;N�o;1;0;0;0;0;1;0;1;-2,88651;-44,37505;SPRF-MA;DEL01-MA;UOP01-DEL01-MA;;;
663029;22/02/2025;s�bado;21:30:00;MG;381;294;ANTONIO DIAS;Ilumina��o deficiente;Colis�o transversal;Com V�timas Feridas;Plena Noite;Decrescente;C�u Claro;Simples;Reta;N�o;2;0;0;2;0;0;2;2;-19,63633273;-42,83023238;SPRF-MG;DEL03-MG;UOP02-DEL03-MG;;;
663032;22/02/2025;s�bado;21:45:00;PR;476;89,5;BOCAIUVA DO SUL;Ingest�o de �lcool pelo condutor;Sa�da de leito carro��vel;Com V�timas Feridas;Plena Noite;Decrescente;C�u Claro;Simples;Curva;N�o;4;0;3;0;1;0;3;1;-25,18467344;-49,12020993;SPRF-PR;DEL01-PR;UOP01-DEL01-PR;;;
663033;22/02/2025;s�bado;22:05:00;PR;277;591,4;CASCAVEL;Ingest�o de �lcool pelo condutor;Colis�o frontal;Sem V�timas;Plena Noite;Decrescente;C�u Claro;Simples;Reta;Sim;2;0;0;0;2;0;0;2;-24,98627;-53,46842;SPRF-PR;DEL04-PR;UOP01-DEL04-PR;;;
663034;22/02/2025;s�bado;22:25:00;SP;116;277;EMBU DAS ARTES;Rea��o tardia ou ineficiente do condutor;Queda de ocupante de ve�culo;Com V�timas Feridas;Plena Noite;Decrescente;Nublado;Dupla;Reta;Sim;2;0;2;0;0;0;2;1;-23,62810073;-46,81744916;SPRF-SP;DEL04-SP;UOP01-DEL04-SP;;;
663035;29/01/2025;quarta-feira;11:20:00;RJ;116;199;QUEIMADOS;Avarias e/ou desgaste excessivo no pneu;Queda de ocupante de ve�culo;Com V�timas Feridas;Pleno dia;Crescente;C�u Claro;Dupla;Reta;N�o;2;0;2;0;0;0;2;1;-22,72898648;-43,58452101;SPRF-RJ;DEL06-RJ;UOP02-DEL06-RJ;;;
663036;22/02/2025;s�bado;22:55:00;MG;262;481,3;CONTAGEM;Aus�ncia de rea��o do condutor;Queda de ocupante de ve�culo;Com V�timas Feridas;Plena Noite;Decrescente;C�u Claro;Dupla;Declive;N�o;1;0;1;0;0;0;1;1;-19,95907902;-44,06325459;SPRF-MG;DEL08-MG;UOP03-DEL08-MG;;;
663037;22/02/2025;s�bado;21:50:00;MG;116;701,1;MURIAE;Desrespeitar a prefer�ncia no cruzamento;Colis�o transversal;Com V�timas Feridas;Plena Noite;Crescente;C�u Claro;Simples;"Curva;Interse��o de Vias";Sim;3;0;1;1;1;0;2;2;-21,11510919;-42,37997532;SPRF-MG;DEL07-MG;UOP02-DEL07-MG;;;
663038;22/02/2025;s�bado;18:50:00;RJ;116;320;ITATIAIA;Rea��o tardia ou ineficiente do condutor;Sa�da de leito carro��vel;Com V�timas Feridas;Anoitecer;Decrescente;C�u Claro;Dupla;Reta;Sim;1;0;1;0;0;0;1;1;-22,480512;-44,533936;SPRF-RJ;DEL07-RJ;UOP02-DEL07-RJ;;;
663039;22/02/2025;s�bado;22:30:00;SC;282;519;XAXIM;Aus�ncia de rea��o do condutor;Colis�o traseira;Sem V�timas;Plena Noite;Decrescente;C�u Claro;Simples;"Reta;Declive";N�o;6;0;0;0;6;0;0;2;-26,947913;-52,51815;SPRF-SC;DEL07-SC;UOP01-DEL07-SC;;;
663040;22/02/2025;s�bado;22:30:00;SC;101;203,1;SAO JOSE;Desrespeitar a prefer�ncia no cruzamento;Colis�o transversal;Com V�timas Feridas;Plena Noite;Crescente;Chuva;M�ltipla;"Interse��o de Vias;Viaduto";Sim;2;0;2;0;0;0;2;2;-27,56367793;-48,61577607;SPRF-SC;DEL01-SC;UOP01-DEL01-SC;;;
663041;22/02/2025;s�bado;23:35:00;RS;116;152,5;CAXIAS DO SUL;Ingest�o de �lcool pelo condutor;Sa�da de leito carro��vel;Com V�timas Feridas;Plena Noite;Decrescente;C�u Claro;Simples;Curva;Sim;1;0;1;0;0;0;1;1;-29,1847339;-51,1743708;SPRF-RS;DEL05-RS;UOP01-DEL05-RS;;;
663044;22/02/2025;s�bado;22:25:00;RJ;116;121;DUQUE DE CAXIAS;Rea��o tardia ou ineficiente do condutor;Queda de ocupante de ve�culo;Com V�timas Feridas;Plena Noite;Crescente;C�u Claro;Simples;"Curva;Aclive;Viaduto";Sim;1;0;1;0;0;0;1;1;-22,785505;-43,286081;SPRF-RJ;DEL04-RJ;UOP02-DEL04-RJ;;;
663046;23/02/2025;domingo;00:00:00;BA;116;427;FEIRA DE SANTANA;Ingest�o de �lcool pelo condutor;Queda de ocupante de ve�culo;Com V�timas Feridas;Plena Noite;Decrescente;C�u Claro;Simples;Rotat�ria;N�o;1;0;1;0;0;0;1;1;-12,26975819;-38,98899078;SPRF-BA;DEL02-BA;UOP01-DEL02-BA;;;
663047;22/02/2025;s�bado;23:55:00;RS;287;328;SANTA MARIA;Falta de elemento de conten��o que evite a sa�da do leito carro��vel;Sa�da de leito carro��vel;Sem V�timas;Plena Noite;Decrescente;C�u Claro;Simples;Reta;Sim;1;0;0;0;0;1;0;1;-29,7081653;-53,82610493;SPRF-RS;DEL09-RS;UOP01-DEL09-RS;;;
663048;22/02/2025;s�bado;23:00:00;SP;116;107;TAUBATE;Rea��o tardia ou ineficiente do condutor;Colis�o com objeto;Sem V�timas;Plena Noite;Crescente;Nublado;Dupla;Reta;Sim;1;0;0;0;1;0;0;1;-23,01554105;-45,52682877;SPRF-SP;DEL02-SP;UOP02-DEL02-SP;;;
663050;22/02/2025;s�bado;23:15:00;RJ;101;56;CAMPOS DOS GOYTACAZES;Aus�ncia de rea��o do condutor;Colis�o traseira;Com V�timas Feridas;Plena Noite;Crescente;C�u Claro;Simples;Reta;N�o;2;0;0;1;0;1;1;2;-21,696609;-41,310219;SPRF-RJ;DEL08-RJ;UOP01-DEL08-RJ;;;