id;data_inversa;dia_semana;horario;uf;br;km;municipio;causa_acidente;tipo_acidente;classificacao_acidente;fase_dia;sentido_via;condicao_metereologica;tipo_pista;tracado_via;uso_solo;pessoas;mortos;feridos_leves;feridos_graves;ilesos;ignorados;feridos;veiculos;latitude;longitude;regional;delegacia;uop;;;
663051;22/02/2025;s�bado;20:30:00;PI;222;72,7;PIRIPIRI;Afundamento ou ondula��o no pavimento;Tombamento;Com V�timas Feridas;Plena Noite;Decrescente;C�u Claro;Dupla;Reta;N�o;2;0;2;0;0;0;2;1;-4,257202;-41,750947;SPRF-PI;DEL02-PI;UOP01-DEL02-PI;;;
663052;23/02/2025;domingo;00:22:00;MG;381;884,1;ESTIVA;Aus�ncia de rea��o do condutor;Sa�da de leito carro��vel;Com V�timas Feridas;Plena Noite;Crescente;C�u Claro;Dupla;Curva;N�o;1;0;1;0;0;0;1;1;-22,49638084;-46,01383209;SPRF-MG;DEL16-MG;UOP01-DEL16-MG;;;
663053;22/02/2025;s�bado;21:40:00;PR;373;225;IMBITUVA;Ingest�o de �lcool pelo condutor;Queda de ocupante de ve�culo;Sem V�timas;Plena Noite;Decrescente;C�u Claro;Simples;Reta;N�o;1;0;0;0;1;0;0;1;-25,18525306;-50,70392132;SPRF-PR;DEL03-PR;UOP01-DEL03-PR;;;
663055;22/02/2025;s�bado;23:15:00;BA;415;51;ITABUNA;Acesso irregular;Colis�o frontal;Com V�timas Fatais;Plena Noite;Crescente;Garoa/Chuvisco;Simples;Reta;Sim;2;1;0;1;0;0;1;2;-14,83823268;-39,32677721;SPRF-BA;DEL05-BA;UOP01-DEL05-BA;;;
663056;23/02/2025;domingo;00:54:00;PB;101;27,8;JOAO PESSOA;Aus�ncia de rea��o do condutor;Tombamento;Com V�timas Feridas;Plena Noite;Decrescente;Garoa/Chuvisco;Dupla;"Declive;Reta";Sim;1;0;0;1;0;0;1;1;-7,16561;-34,8955;SPRF-PB;DEL01-PB;UOP03-DEL01-PB;;;
663057;23/02/2025;domingo;00:10:00;SP;116;144,5;SAO JOSE DOS CAMPOS;Rea��o tardia ou ineficiente do condutor;Colis�o com objeto;Sem V�timas;Plena Noite;Decrescente;C�u Claro;Dupla;Reta;Sim;1;0;0;0;0;1;0;1;-23,18314493;-45,84691823;SPRF-SP;DEL02-SP;UOP01-DEL02-SP;;;
663058;23/02/2025;domingo;01:00:00;DF;40;2,7;BRASILIA;Velocidade Incompat�vel;Colis�o com objeto;Com V�timas Feridas;Plena Noite;Crescente;C�u Claro;Dupla;"Viaduto;Curva;Aclive";Sim;2;0;0;1;0;1;1;2;-16,000706;-47,984744;SPRF-DF;DEL01-DF;UOP01-DEL01-DF;;;
663059;23/02/2025;domingo;01:05:00;SP;116;225;GUARULHOS;Acessar a via sem observar a presen�a dos outros ve�culos;Colis�o lateral mesmo sentido;Sem V�timas;Plena Noite;Decrescente;C�u Claro;M�ltipla;Reta;Sim;2;0;0;0;1;1;0;2;-23,48998806;-46,54702842;SPRF-SP;DEL01-SP;UOP01-DEL01-SP;;;
663060;23/02/2025;domingo;01:30:00;ES;101;262,3;SERRA;Manobra de mudan�a de faixa;Tombamento;Com V�timas Feridas;Plena Noite;Crescente;C�u Claro;Dupla;Reta;Sim;1;0;0;1;0;0;1;1;-20,17287558;-40,26772499;SPRF-ES;DEL02-ES;UOP01-DEL02-ES;;;
663065;23/02/2025;domingo;00:45:00;PB;104;119;CAMPINA GRANDE;Animais na Pista;Atropelamento de Animal;Com V�timas Feridas;Plena Noite;Crescente;C�u Claro;Simples;"Reta;Aclive";Sim;1;0;0;1;0;0;1;1;-7,19738723;-35,87712765;SPRF-PB;DEL02-PB;UOP04-DEL02-PB;;;
663068;23/02/2025;domingo;02:00:00;BA;324;620,2;SALVADOR;Aus�ncia de rea��o do condutor;Sa�da de leito carro��vel;Sem V�timas;Plena Noite;Decrescente;C�u Claro;Dupla;Reta;N�o;1;0;0;0;0;1;0;1;-12,91076023;-38,45855355;SPRF-BA;DEL01-BA;UOP01-DEL01-BA;;;
663070;23/02/2025;domingo;02:00:00;RJ;116;186;RIO DE JANEIRO;Aus�ncia de rea��o do condutor;Engavetamento;Com V�timas Feridas;Plena Noite;Crescente;C�u Claro;Dupla;Reta;Sim;4;0;2;0;2;0;2;3;-22,804467;-43,3451877;SPRF-RJ;DEL06-RJ;UOP01-DEL06-RJ;;;
663072;22/02/2025;s�bado;23:50:00;SC;101;93,5;BARRA VELHA;Manobra de mudan�a de faixa;Colis�o lateral mesmo sentido;Com V�timas Feridas;Plena Noite;Crescente;Nublado;Dupla;Reta;N�o;3;0;2;0;1;0;2;2;-26,69531821;-48,69827271;SPRF-SC;DEL03-SC;UOP02-DEL03-SC;;;
663073;23/02/2025;domingo;01:15:00;SC;280;46,5;GUARAMIRIM;Ingest�o de �lcool pelo condutor;Colis�o com objeto;Com V�timas Feridas;Plena Noite;Crescente;Nublado;Dupla;"Em Obras;Aclive;Desvio Tempor�rio;Reta";N�o;1;0;1;0;0;0;1;1;-26,453177;-48,912785;SPRF-SC;DEL03-SC;UOP03-DEL03-SC;;;
663074;23/02/2025;domingo;02:15:00;GO;153;417,7;ANAPOLIS;Ingest�o de �lcool pelo condutor;Colis�o com objeto;Sem V�timas;Plena Noite;Crescente;C�u Claro;Dupla;"Aclive;Reta";N�o;1;0;0;0;1;0;0;1;-16,17903;-49,04307;SPRF-GO;DEL02-GO;UOP01-DEL02-GO;;;
663075;23/02/2025;domingo;02:00:00;RS;290;178;BUTIA;Ilumina��o deficiente;Colis�o traseira;Com V�timas Feridas;Plena Noite;Crescente;Nublado;Simples;Reta;Sim;3;0;0;1;2;0;1;2;-30,12849992;-51,95331573;SPRF-RS;DEL02-RS;UOP03-DEL02-RS;;;
663076;23/02/2025;domingo;00:30:00;BA;135;68;FORMOSA DO RIO PRETO;Rea��o tardia ou ineficiente do condutor;Colis�o com objeto;Com V�timas Fatais;Plena Noite;Decrescente;C�u Claro;Simples;Reta;N�o;1;1;0;0;0;0;0;1;-11,306865;-44,98616;SPRF-BA;DEL10-BA;UOP01-DEL10-BA;;;
663077;23/02/2025;domingo;01:50:00;SP;116;447;REGISTRO;Ingest�o de �lcool pelo condutor;Colis�o traseira;Com V�timas Feridas;Plena Noite;Crescente;C�u Claro;Dupla;Reta;Sim;3;0;2;1;0;0;3;2;-24,51643662;-47,85241127;SPRF-SP;DEL05-SP;UOP01-DEL05-SP;;;
663078;23/02/2025;domingo;03:00:00;PR;116;115;CURITIBA;Entrada inopinada do pedestre;Atropelamento de Pedestre;Com V�timas Feridas;Plena Noite;Decrescente;C�u Claro;M�ltipla;Reta;Sim;2;0;0;1;1;0;1;2;-25,54501639;-49,30099726;SPRF-PR;DEL01-PR;UOP03-DEL01-PR;;;
663080;23/02/2025;domingo;01:20:00;MG;365;389;PATOS DE MINAS;Transitar na contram�o;Colis�o frontal;Com V�timas Fatais;Plena Noite;Crescente;C�u Claro;Simples;Reta;N�o;3;2;1;0;0;0;1;2;-18,63772608;-46,32636309;SPRF-MG;DEL10-MG;UOP01-DEL10-MG;;;
663081;23/02/2025;domingo;03:24:00;MG;116;528;CARATINGA;Aus�ncia de rea��o do condutor;Colis�o com objeto;Com V�timas Feridas;Plena Noite;Decrescente;C�u Claro;Simples;Reta;Sim;2;0;1;0;1;0;1;1;-19,7885952;-42,1429248;SPRF-MG;DEL06-MG;UOP02-DEL06-MG;;;
663083;22/02/2025;s�bado;18:16:00;CE;116;144;RUSSAS;Aus�ncia de rea��o do condutor;Colis�o traseira;Com V�timas Feridas;Plena Noite;Decrescente;Nublado;Simples;Reta;N�o;4;0;0;1;3;0;1;2;-4,793531;-38,058637;SPRF-CE;DEL03-CE;UOP01-DEL03-CE;;;
663084;23/02/2025;domingo;04:00:00;PI;316;24,4;DEMERVAL LOBAO;Transitar na contram�o;Colis�o frontal;Com V�timas Fatais;Plena Noite;Decrescente;Nublado;M�ltipla;Reta;Sim;4;1;0;0;3;0;0;2;-5,30286238;-42,70753384;SPRF-PI;DEL01-PI;UOP02-DEL01-PI;;;
663085;23/02/2025;domingo;04:15:00;SP;381;62;MAIRIPORA;Pedestre andava na pista;Atropelamento de Pedestre;Com V�timas Fatais;Plena Noite;Decrescente;C�u Claro;Dupla;"Aclive;Reta";N�o;2;1;0;0;1;0;0;2;-23,28457026;-46,58944139;SPRF-SP;DEL03-SP;UOP01-DEL03-SP;;;
663087;23/02/2025;domingo;04:45:00;MG;381;484;BETIM;Ingest�o de �lcool pelo condutor;Colis�o lateral mesmo sentido;Com V�timas Feridas;Amanhecer;Crescente;C�u Claro;Dupla;"Aclive;Reta";Sim;1;0;1;0;0;0;1;1;-19,95646909;-44,09468794;SPRF-MG;DEL01-MG;UOP03-DEL01-MG;;;
663088;20/01/2025;segunda-feira;05:10:00;SC;101;206,2;SAO JOSE;Velocidade Incompat�vel;Capotamento;Com V�timas Feridas;Amanhecer;Crescente;C�u Claro;M�ltipla;Reta;Sim;2;0;2;0;0;0;2;1;-27,59193546;-48,61824557;SPRF-SC;DEL01-SC;UOP01-DEL01-SC;;;
663089;23/02/2025;domingo;04:00:00;RJ;40;57;PETROPOLIS;Ingest�o de �lcool pelo condutor;Colis�o com objeto;Com V�timas Feridas;Plena Noite;Decrescente;C�u Claro;Dupla;Reta;N�o;2;0;2;0;0;0;2;1;-22,36279633;-43,12694907;SPRF-RJ;DEL05-RJ;UOP02-DEL05-RJ;;;
663090;23/02/2025;domingo;04:15:00;MG;381;932;ITAPEVA;Velocidade Incompat�vel;Colis�o com objeto;Com V�timas Feridas;Amanhecer;Decrescente;Nublado;Dupla;"Aclive;Reta";N�o;1;0;1;0;0;0;1;1;-22,78550009;-46,24144793;SPRF-MG;DEL16-MG;UOP03-DEL16-MG;;;
663091;23/02/2025;domingo;04:55:00;PR;369;430,5;UBIRATA;Aus�ncia de rea��o do condutor;Colis�o com objeto;Com V�timas Feridas;Plena Noite;Decrescente;C�u Claro;Simples;"Aclive;Reta";N�o;1;0;1;0;0;0;1;1;-24,55491075;-52,96933651;SPRF-PR;DEL04-PR;UOP03-DEL04-PR;;;
663092;23/02/2025;domingo;02:20:00;PR;163;126,5;REALEZA;Velocidade Incompat�vel;Colis�o com objeto;Com V�timas Feridas;Plena Noite;Crescente;C�u Claro;Simples;"Reta;Declive";N�o;1;0;0;1;0;0;1;1;-25,579383;-53,563517;SPRF-PR;DEL02-PR;UOP02-DEL02-PR;;;
663094;23/02/2025;domingo;05:30:00;BA;324;525;FEIRA DE SANTANA;Aus�ncia de rea��o do condutor;Sa�da de leito carro��vel;Sem V�timas;Pleno dia;Crescente;C�u Claro;Dupla;Reta;Sim;1;0;0;0;0;1;0;1;-12,30209254;-38,89682248;SPRF-BA;DEL01-BA;UOP03-DEL01-BA;;;
663095;23/02/2025;domingo;05:45:00;SP;153;70;SAO JOSE DO RIO PRETO;Animais na Pista;Atropelamento de Animal;Com V�timas Feridas;Amanhecer;Decrescente;C�u Claro;Dupla;Reta;Sim;1;0;1;0;0;0;1;1;-20,86149865;-49,40890789;SPRF-SP;DEL09-SP;UOP01-DEL09-SP;;;
663096;23/02/2025;domingo;03:00:00;MT;163;252,2;JUSCIMEIRA;Rea��o tardia ou ineficiente do condutor;Tombamento;Com V�timas Feridas;Plena Noite;Decrescente;C�u Claro;Dupla;Reta;N�o;1;0;1;0;0;0;1;1;-16,104096;-54,86334;SPRF-MT;DEL05-MT;UOP02-DEL05-MT;;;
663097;23/02/2025;domingo;05:40:00;BA;101;715;EUNAPOLIS;Transitar na contram�o;Colis�o lateral sentido oposto;Com V�timas Feridas;Pleno dia;Crescente;C�u Claro;Simples;"Declive;Reta";Sim;4;0;1;0;3;0;1;2;-16,360233;-39,580002;SPRF-BA;DEL09-BA;UOP01-DEL09-BA;;;
663098;23/02/2025;domingo;03:30:00;BA;367;25;PORTO SEGURO;Rea��o tardia ou ineficiente do condutor;Colis�o com objeto;Com V�timas Feridas;Plena Noite;Crescente;C�u Claro;Simples;Reta;Sim;1;0;1;0;0;0;1;1;-16,43597664;-39,09417456;SPRF-BA;DEL09-BA;UOP03-DEL09-BA;;;
663099;23/02/2025;domingo;05:20:00;PI;316;6;TERESINA;Transitar na contram�o;Colis�o frontal;Com V�timas Feridas;Amanhecer;Decrescente;C�u Claro;Dupla;Reta;Sim;2;0;1;0;0;1;1;2;-5,147427;-42,774083;SPRF-PI;DEL01-PI;UOP02-DEL01-PI;;;
663100;23/02/2025;domingo;05:20:00;RJ;101;541,9;PARATY;Condutor Dormindo;Colis�o com objeto;Com V�timas Feridas;Amanhecer;Decrescente;C�u Claro;Dupla;Curva;N�o;2;0;1;1;0;0;2;1;-23,04350808;-44,59259927;SPRF-RJ;DEL03-RJ;UOP04-DEL03-RJ;;;
663102;23/02/2025;domingo;06:40:00;RN;304;102,8;PARNAMIRIM;Demais falhas mec�nicas ou el�tricas;Queda de ocupante de ve�culo;Com V�timas Feridas;Pleno dia;Decrescente;C�u Claro;Dupla;Reta;Sim;2;0;2;0;0;0;2;1;-5,889963;-35,245783;SPRF-RN;DEL04-RN;UOP01-DEL04-RN;;;
663103;23/02/2025;domingo;04:20:00;PE;424;90,4;GARANHUNS;Ingest�o de �lcool pelo condutor;Colis�o com objeto;Sem V�timas;Amanhecer;Crescente;C�u Claro;Simples;"Curva;Aclive";Sim;1;0;0;0;0;1;0;1;-8,89995389;-36,50268674;SPRF-PE;DEL03-PE;UOP01-DEL03-PE;;;
663104;23/02/2025;domingo;03:30:00;BA;324;548;AMELIA RODRIGUES;Ingest�o de �lcool pelo condutor;Colis�o com objeto;Sem V�timas;Plena Noite;Decrescente;C�u Claro;Dupla;Aclive;N�o;1;0;0;0;1;0;0;1;-12,43043454;-38,73320455;SPRF-BA;DEL01-BA;UOP03-DEL01-BA;;;
663105;23/02/2025;domingo;05:35:00;SP;116;167;JACAREI;Aus�ncia de rea��o do condutor;Tombamento;Com V�timas Feridas;Amanhecer;Crescente;C�u Claro;Simples;Retorno Regulamentado;Sim;1;0;1;0;0;0;1;1;-23,30093992;-46,02324665;SPRF-SP;DEL02-SP;UOP01-DEL02-SP;;;
663106;22/02/2025;s�bado;23:40:00;MG;116;487,3;INHAPIM;Velocidade Incompat�vel;Sa�da de leito carro��vel;Com V�timas Feridas;Plena Noite;Decrescente;C�u Claro;Simples;Curva;N�o;2;0;0;2;0;0;2;1;-19,454478;-42,129828;SPRF-MG;DEL06-MG;UOP02-DEL06-MG;;;
663107;23/02/2025;domingo;04:30:00;MA;230;405,6;BALSAS;Rea��o tardia ou ineficiente do condutor;Queda de ocupante de ve�culo;Com V�timas Fatais;Plena Noite;Crescente;Nublado;Simples;Reta;Sim;1;1;0;0;0;0;0;1;-7,51967;-46,054127;SPRF-MA;DEL05-MA;UOP01-DEL05-MA;;;
663108;23/02/2025;domingo;05:00:00;MS;163;622;SAO GABRIEL DO OESTE;Condutor Dormindo;Sa�da de leito carro��vel;Sem V�timas;Amanhecer;Crescente;C�u Claro;Dupla;Reta;N�o;1;0;0;0;1;0;0;1;-19,33988816;-54,6020937;SPRF-MS;DEL06-MS;UOP02-DEL06-MS;;;
663109;22/02/2025;s�bado;18:20:00;MA;222;267;BELA VISTA DO MARANHAO;Ingest�o de �lcool pelo condutor;Colis�o traseira;Sem V�timas;Plena Noite;Crescente;Garoa/Chuvisco;Simples;Reta;N�o;2;0;0;0;2;0;0;2;-3,6978282;-45,320519;SPRF-MA;DEL01-MA;UOP02-DEL01-MA;;;
663110;23/02/2025;domingo;05:50:00;PB;104;118,5;CAMPINA GRANDE;Manobra de mudan�a de faixa;Colis�o lateral mesmo sentido;Com V�timas Feridas;Amanhecer;Crescente;C�u Claro;Simples;"Reta;Viaduto";N�o;4;0;1;0;2;1;1;3;-7,195301;-35,874288;SPRF-PB;DEL02-PB;UOP04-DEL02-PB;;;
663112;22/02/2025;s�bado;18:40:00;RJ;356;78;SAO JOAO DA BARRA;Velocidade Incompat�vel;Capotamento;Com V�timas Feridas;Plena Noite;Decrescente;C�u Claro;Dupla;Curva;N�o;1;0;1;0;0;0;1;1;-21,71766128;-41,16965532;SPRF-RJ;DEL08-RJ;UOP03-DEL08-RJ;;;
663113;22/02/2025;s�bado;21:10:00;RO;364;340,7;JI-PARANA;Aus�ncia de rea��o do condutor;Colis�o traseira;Com V�timas Feridas;Plena Noite;Decrescente;C�u Claro;Dupla;"Interse��o de Vias;Reta";Sim;2;0;1;0;1;0;1;2;-10,89252971;-61,93063617;SPRF-RO;DEL02-RO;UOP01-DEL02-RO;;;
663114;23/02/2025;domingo;02:40:00;RJ;356;162;SAO JOAO DA BARRA;Ultrapassagem Indevida;Colis�o frontal;Com V�timas Feridas;Plena Noite;Crescente;C�u Claro;Simples;Reta;N�o;5;0;3;0;2;0;3;2;-21,715516;-41,166397;SPRF-RJ;DEL08-RJ;UOP02-DEL08-RJ;;;
663116;23/02/2025;domingo;01:43:00;MG;381;531,3;ITATIAIUCU;Condutor Dormindo;Sa�da de leito carro��vel;Com V�timas Feridas;Plena Noite;Decrescente;C�u Claro;Dupla;"Curva;Declive";N�o;4;0;1;0;3;0;1;1;-20,163851;-44,360418;SPRF-MG;DEL04-MG;UOP03-DEL04-MG;;;
663117;23/02/2025;domingo;06:00:00;AP;210;9;MACAPA;Aus�ncia de rea��o do condutor;Sa�da de leito carro��vel;Sem V�timas;Pleno dia;Decrescente;C�u Claro;Simples;Curva;Sim;1;0;0;0;1;0;0;1;0,11366323;-51,12801813;SPRF-AP;DEL01-AP;UOP01-DEL01-AP;;;
663118;22/02/2025;s�bado;22:17:00;RJ;465;15;NOVA IGUACU;Aus�ncia de rea��o do condutor;Queda de ocupante de ve�culo;Com V�timas Feridas;Plena Noite;Decrescente;C�u Claro;Simples;Reta;N�o;1;0;1;0;0;0;1;1;-22,85118366;-43,60301971;SPRF-RJ;DEL06-RJ;UOP02-DEL06-RJ;;;
663119;22/02/2025;s�bado;21:40:00;MG;262;58,5;MANHUACU;Rea��o tardia ou ineficiente do condutor;Sa�da de leito carro��vel;Com V�timas Feridas;Plena Noite;Decrescente;Chuva;Simples;Curva;N�o;3;0;1;0;2;0;1;1;-20,2774183;-42,2002696;SPRF-MG;DEL06-MG;UOP03-DEL06-MG;;;
663122;23/02/2025;domingo;05:22:00;RJ;101;333;RIO DE JANEIRO;Condutor deixou de manter dist�ncia do ve�culo da frente;Colis�o lateral mesmo sentido;Sem V�timas;Amanhecer;Crescente;C�u Claro;Dupla;"Ponte;Reta";N�o;2;0;0;0;2;0;0;2;-22,87219258;-43,20505953;SPRF-RJ;DEL02-RJ;UOP01-DEL02-RJ;;;
663123;23/02/2025;domingo;05:40:00;RJ;393;105;CARMO;Aus�ncia de rea��o do condutor;Queda de ocupante de ve�culo;Com V�timas Feridas;Amanhecer;Crescente;Ignorado;Simples;Reta;N�o;1;0;1;0;0;0;1;1;-21,87522918;-42,66733646;SPRF-RJ;DEL05-RJ;UOP01-DEL05-RJ;;;
663124;23/02/2025;domingo;06:00:00;RO;364;342;JI-PARANA;Acessar a via sem observar a presen�a dos outros ve�culos;Colis�o lateral mesmo sentido;Com V�timas Feridas;Pleno dia;Decrescente;C�u Claro;Dupla;"Reta;Ponte";N�o;2;0;1;0;1;0;1;2;-10,8396544;-62,0101632;SPRF-RO;DEL02-RO;UOP01-DEL02-RO;;;
663125;23/02/2025;domingo;07:15:00;PB;230;25,7;JOAO PESSOA;Condutor deixou de manter dist�ncia do ve�culo da frente;Colis�o traseira;Com V�timas Feridas;Pleno dia;Crescente;C�u Claro;Dupla;Reta;Sim;2;0;1;0;0;1;1;2;-7,169276;-34,877649;SPRF-PB;DEL01-PB;UOP01-DEL01-PB;;;
663126;23/02/2025;domingo;08:10:00;BA;324;624;SALVADOR;Aus�ncia de rea��o do condutor;Colis�o traseira;Com V�timas Feridas;Pleno dia;Crescente;Nublado;M�ltipla;Curva;Sim;3;0;1;0;2;0;1;2;-12,950714;-38,470963;SPRF-BA;DEL01-BA;UOP01-DEL01-BA;;;
663129;23/02/2025;domingo;08:10:00;PB;230;52,4;CRUZ DO ESPIRITO SANTO;Manobra de mudan�a de faixa;Colis�o traseira;Com V�timas Feridas;Pleno dia;Crescente;C�u Claro;Dupla;Reta;N�o;2;0;1;0;0;1;1;2;-7,198867;-35,074075;SPRF-PB;DEL01-PB;UOP02-DEL01-PB;;;
663131;22/02/2025;s�bado;09:05:00;SP;116;153,6;SAO JOSE DOS CAMPOS;Suic�dio (presumido);Sinistro pessoal de tr�nsito;Com V�timas Feridas;Pleno dia;Crescente;C�u Claro;Dupla;Reta;Sim;1;0;0;1;0;0;1;1;-23,2346764;-45,91643035;SPRF-SP;DEL02-SP;UOP01-DEL02-SP;;;
663133;15/01/2025;quarta-feira;06:30:00;SC;470;136,8;RIO DO SUL;Convers�o proibida;Colis�o transversal;Com V�timas Feridas;Pleno dia;Crescente;C�u Claro;Simples;Reta;Sim;3;0;1;1;1;0;2;2;-27,188492;-49,61232;SPRF-SC;DEL04-SC;UOP02-DEL04-SC;;;
663134;23/02/2025;domingo;09:35:00;RS;293;68;PELOTAS;Acumulo de areia ou detritos sobre o pavimento;Tombamento;Com V�timas Feridas;Pleno dia;Crescente;C�u Claro;Simples;Curva;Sim;1;0;1;0;0;0;1;1;-31,745208;-52,403711;SPRF-RS;DEL07-RS;UOP01-DEL07-RS;;;
663135;23/02/2025;domingo;09:20:00;PE;232;19;MORENO;Aus�ncia de rea��o do condutor;Tombamento;Com V�timas Feridas;Pleno dia;Decrescente;C�u Claro;Dupla;Reta;N�o;1;0;1;0;0;0;1;1;-8,098072;-35,065778;SPRF-PE;DEL01-PE;UOP01-DEL01-PE;;;
663136;23/02/2025;domingo;09:15:00;PR;376;86,9;PARANAVAI;Acessar a via sem observar a presen�a dos outros ve�culos;Colis�o transversal;Com V�timas Feridas;Pleno dia;Decrescente;C�u Claro;Simples;"Rotat�ria;Reta";N�o;4;0;1;0;3;0;1;2;-22,983379;-52,601987;SPRF-PR;DEL09-PR;UOP02-DEL09-PR;;;
663137;23/02/2025;domingo;10:00:00;RJ;116;181;NOVA IGUACU;Aus�ncia de rea��o do condutor;Tombamento;Com V�timas Feridas;Pleno dia;Decrescente;Sol;M�ltipla;Reta;N�o;2;0;1;0;1;0;1;1;-22,7584273;-43,4283775;SPRF-RJ;DEL06-RJ;UOP01-DEL06-RJ;;;
663138;23/02/2025;domingo;09:25:00;RS;101;41,6;TERRA DE AREIA;Rea��o tardia ou ineficiente do condutor;Colis�o com objeto;Com V�timas Feridas;Pleno dia;Crescente;C�u Claro;Dupla;Curva;N�o;3;0;3;0;0;0;3;1;-29,552631;-50,03429;SPRF-RS;DEL03-RS;UOP02-DEL03-RS;;;
663139;23/02/2025;domingo;10:20:00;SC;101;73;ARAQUARI;Avarias e/ou desgaste excessivo no pneu;Queda de ocupante de ve�culo;Com V�timas Feridas;Pleno dia;Decrescente;C�u Claro;Dupla;Reta;N�o;2;0;2;0;0;0;2;1;-26,5358525;-48,7130785;SPRF-SC;DEL03-SC;UOP02-DEL03-SC;;;
663141;23/02/2025;domingo;10:15:00;RJ;356;1,6;ITAPERUNA;Acessar a via sem observar a presen�a dos outros ve�culos;Colis�o transversal;Com V�timas Feridas;Pleno dia;Decrescente;C�u Claro;Simples;Reta;N�o;2;0;2;0;0;0;2;2;-21,14663257;-42,16827393;SPRF-RJ;DEL08-RJ;UOP03-DEL08-RJ;;;
663142;21/02/2025;sexta-feira;07:15:00;AC;0;0;RIO BRANCO;Aus�ncia de rea��o do condutor;Colis�o traseira;Sem V�timas;Pleno dia;N�o Informado;C�u Claro;Dupla;Reta;Sim;3;0;0;0;3;0;0;2;-9,989286;-67,807764;SPRF-AC;DEL01-AC;UOP01-DEL01-AC;;;
663143;23/02/2025;domingo;07:40:00;MG;381;938;EXTREMA;Ingest�o de �lcool pelo condutor;Colis�o lateral mesmo sentido;Com V�timas Feridas;Pleno dia;Crescente;C�u Claro;Dupla;Curva;N�o;7;0;4;0;3;0;4;2;-22,8175941;-46,2949098;SPRF-MG;DEL16-MG;UOP03-DEL16-MG;;;
663144;23/02/2025;domingo;10:35:00;RS;158;548,1;SANTANA DO LIVRAMENTO;Velocidade Incompat�vel;Sa�da de leito carro��vel;Sem V�timas;Pleno dia;Decrescente;C�u Claro;Simples;"Curva;Aclive";N�o;2;0;0;0;2;0;0;1;-30,828157;-55,351852;SPRF-RS;DEL11-RS;UOP01-DEL11-RS;;;
663147;23/02/2025;domingo;06:30:00;MS;158;178,5;APARECIDA DO TABOADO;Ingest�o de �lcool pelo condutor;Sa�da de leito carro��vel;Com V�timas Feridas;Amanhecer;Decrescente;C�u Claro;Simples;Reta;N�o;1;0;1;0;0;0;1;1;-20,243521;-51,349162;SPRF-MS;DEL08-MS;UOP01-DEL08-MS;;;
663149;23/02/2025;domingo;10:45:00;RJ;116;81;TERESOPOLIS;Aus�ncia de rea��o do condutor;Atropelamento de Pedestre;Com V�timas Feridas;Pleno dia;Crescente;C�u Claro;Simples;Curva;Sim;2;0;2;0;0;0;2;2;-22,395771;-42,953608;SPRF-RJ;DEL04-RJ;UOP01-DEL04-RJ;;;
663150;23/02/2025;domingo;11:00:00;PR;277;35,5;MORRETES;Rea��o tardia ou ineficiente do condutor;Colis�o traseira;Sem V�timas;Pleno dia;Crescente;Sol;Dupla;"Reta;Declive";N�o;3;0;0;0;2;1;0;2;-25,573694;-48,831306;SPRF-PR;DEL01-PR;UOP05-DEL01-PR;;;
663152;23/02/2025;domingo;11:45:00;GO;153;600;MORRINHOS;Aus�ncia de rea��o do condutor;Colis�o traseira;Com V�timas Feridas;Pleno dia;Decrescente;Sol;Dupla;Reta;N�o;2;0;1;0;0;1;1;2;-17,540777;-49,210581;SPRF-GO;DEL03-GO;UOP01-DEL03-GO;;;
663153;23/02/2025;domingo;11:30:00;SP;116;210;GUARULHOS;Manobra de mudan�a de faixa;Tombamento;Com V�timas Feridas;Pleno dia;Decrescente;C�u Claro;M�ltipla;"Retorno Regulamentado;Interse��o de Vias";Sim;2;0;2;0;0;0;2;1;-23,42764031;-46,40775204;SPRF-SP;DEL01-SP;UOP01-DEL01-SP;;;
663155;23/02/2025;domingo;11:20:00;SC;282;652,3;SAO MIGUEL DO OESTE;Desrespeitar a prefer�ncia no cruzamento;Colis�o transversal;Com V�timas Feridas;Pleno dia;Decrescente;C�u Claro;Simples;Interse��o de Vias;N�o;3;0;1;0;2;0;1;2;-26,70408811;-53,52890968;SPRF-SC;DEL07-SC;UOP03-DEL07-SC;;;
663156;23/02/2025;domingo;11:00:00;RJ;101;278;TANGUA;Rea��o tardia ou ineficiente do condutor;Colis�o traseira;Com V�timas Feridas;Pleno dia;Crescente;Sol;Dupla;Reta;N�o;2;0;1;0;1;0;1;2;-22,73959;-42,76262;SPRF-RJ;DEL02-RJ;UOP03-DEL02-RJ;;;
663157;23/02/2025;domingo;09:45:00;BA;367;37;PORTO SEGURO;Animais na Pista;Atropelamento de Animal;Com V�timas Feridas;Pleno dia;Decrescente;C�u Claro;Simples;Curva;N�o;2;0;2;0;0;0;2;1;-16,396807;-39,182407;SPRF-BA;DEL09-BA;UOP03-DEL09-BA;;;
663160;23/02/2025;domingo;11:55:00;SC;470;89,8;RODEIO;Afundamento ou ondula��o no pavimento;Sa�da de leito carro��vel;Com V�timas Feridas;Pleno dia;Crescente;C�u Claro;Simples;Curva;N�o;2;0;1;0;1;0;1;1;-26,9511894;-49,3264928;SPRF-SC;DEL04-SC;UOP01-DEL04-SC;;;
663162;23/02/2025;domingo;12:00:00;MS;267;24,1;BATAGUASSU;Avarias e/ou desgaste excessivo no pneu;Tombamento;Com V�timas Feridas;Pleno dia;Crescente;C�u Claro;Simples;Reta;N�o;2;0;2;0;0;0;2;1;-21,726584;-52,368801;SPRF-MS;DEL02-MS;UOP04-DEL02-MS;;;