id;data_inversa;dia_semana;horario;uf;br;km;municipio;causa_acidente;tipo_acidente;classificacao_acidente;fase_dia;sentido_via;condicao_metereologica;tipo_pista;tracado_via;uso_solo;pessoas;mortos;feridos_leves;feridos_graves;ilesos;ignorados;feridos;veiculos;latitude;longitude;regional;delegacia;uop;;;
663164;23/02/2025;domingo;13:50:00;ES;101;270,5;SERRA;Rea��o tardia ou ineficiente do condutor;Colis�o transversal;Com V�timas Feridas;Pleno dia;Decrescente;C�u Claro;Dupla;Interse��o de Vias;Sim;3;0;2;0;1;0;2;2;-20,230717;-40,273077;SPRF-ES;DEL02-ES;UOP01-DEL02-ES;;;
663165;23/02/2025;domingo;13:00:00;AL;101;54;FLEXEIRAS;Demais falhas mec�nicas ou el�tricas;Inc�ndio;Sem V�timas;Pleno dia;Crescente;C�u Claro;Dupla;Reta;N�o;1;0;0;0;0;1;0;1;-9,25993;-35,777099;SPRF-AL;DEL01-AL;UOP02-DEL01-AL;;;
663166;23/02/2025;domingo;00:15:00;BA;324;615;SALVADOR;Ingest�o de �lcool pelo condutor;Colis�o lateral mesmo sentido;Com V�timas Feridas;Plena Noite;Crescente;Chuva;Dupla;Reta;Sim;3;0;2;0;0;1;2;2;-12,87207225;-38,42780018;SPRF-BA;DEL01-BA;UOP01-DEL01-BA;;;
663167;23/02/2025;domingo;11:45:00;MG;116;505,3;INHAPIM;Velocidade Incompat�vel;Colis�o frontal;Com V�timas Feridas;Pleno dia;Crescente;Chuva;Simples;Curva;N�o;3;0;2;0;1;0;2;2;-19,60911794;-42,11451173;SPRF-MG;DEL06-MG;UOP02-DEL06-MG;;;
663169;23/02/2025;domingo;11:45:00;PA;222;111;RONDON DO PARA;Desrespeitar a prefer�ncia no cruzamento;Colis�o transversal;Sem V�timas;Pleno dia;Decrescente;C�u Claro;Simples;"Interse��o de Vias;Reta";N�o;1;0;0;0;1;0;0;1;-4,8516;-48,2134;SPRF-PA;DEL02-PA;UOP02-DEL02-PA;;;
663170;23/02/2025;domingo;10:50:00;CE;403;146,9;SOBRAL;Ingest�o de �lcool pelo condutor;Colis�o frontal;Com V�timas Feridas;Pleno dia;Decrescente;C�u Claro;Simples;Reta;N�o;4;0;0;2;2;0;2;3;-3,7142406;-40,3343727;SPRF-CE;DEL04-CE;UOP01-DEL04-CE;;;
663171;23/02/2025;domingo;14:20:00;RS;386;310,5;POUSO NOVO;Condutor Dormindo;Sa�da de leito carro��vel;Com V�timas Feridas;Pleno dia;Decrescente;Sol;Simples;"Curva;Ponte";N�o;1;0;0;1;0;0;1;1;-29,22795799;-52,16723263;SPRF-RS;DEL04-RS;UOP01-DEL04-RS;;;
663173;23/02/2025;domingo;15:00:00;PB;101;90;JOAO PESSOA;Aus�ncia de rea��o do condutor;Atropelamento de Pedestre;Com V�timas Feridas;Pleno dia;Decrescente;C�u Claro;Dupla;Reta;Sim;3;0;2;0;0;1;2;2;-7,18076;-34,900398;SPRF-PB;DEL01-PB;UOP01-DEL01-PB;;;
663174;23/02/2025;domingo;15:45:00;AL;316;242;ATALAIA;Rea��o tardia ou ineficiente do condutor;Colis�o transversal;Com V�timas Feridas;Pleno dia;Decrescente;C�u Claro;Simples;"Interse��o de Vias;Rotat�ria;Declive";Sim;2;0;1;0;1;0;1;2;-9,50740722;-36,02118194;SPRF-AL;DEL01-AL;UOP01-DEL01-AL;;;
663175;23/02/2025;domingo;15:25:00;BA;324;619,2;SALVADOR;Demais falhas mec�nicas ou el�tricas;Tombamento;Com V�timas Feridas;Pleno dia;Crescente;C�u Claro;Dupla;Reta;Sim;2;0;1;0;1;0;1;1;-12,907466;-38,457324;SPRF-BA;DEL01-BA;UOP01-DEL01-BA;;;
663177;23/02/2025;domingo;14:10:00;MG;50;36;ARAGUARI;Rea��o tardia ou ineficiente do condutor;Sa�da de leito carro��vel;Com V�timas Feridas;Pleno dia;Crescente;C�u Claro;Dupla;Reta;Sim;1;0;1;0;0;0;1;1;-18,65795561;-48,15307617;SPRF-MG;DEL15-MG;UOP02-DEL15-MG;;;
663178;23/02/2025;domingo;15:45:00;RJ;116;85;TERESOPOLIS;Velocidade Incompat�vel;Queda de ocupante de ve�culo;Com V�timas Feridas;Pleno dia;Decrescente;Chuva;Simples;Curva;Sim;1;0;1;0;0;0;1;1;-22,425536;-42,95337037;SPRF-RJ;DEL04-RJ;UOP01-DEL04-RJ;;;
663179;23/02/2025;domingo;15:07:00;PR;369;150;LONDRINA;Condutor desrespeitou a ilumina��o vermelha do sem�foro;Colis�o transversal;Com V�timas Feridas;Pleno dia;Decrescente;C�u Claro;Dupla;Interse��o de Vias;N�o;2;0;0;1;1;0;1;2;-23,293;-51,161;SPRF-PR;DEL07-PR;UOP01-DEL07-PR;;;
663180;23/02/2025;domingo;15:20:00;RJ;101;316;SAO GONCALO;Condutor deixou de manter dist�ncia do ve�culo da frente;Colis�o lateral mesmo sentido;Com V�timas Feridas;Pleno dia;Decrescente;C�u Claro;Dupla;Reta;Sim;3;0;1;0;2;0;1;2;-22,7934208;-43,0309376;SPRF-RJ;DEL02-RJ;UOP02-DEL02-RJ;;;
663181;23/02/2025;domingo;15:20:00;MG;40;145;JOAO PINHEIRO;Ingest�o de �lcool pelo condutor;Sa�da de leito carro��vel;Com V�timas Feridas;Pleno dia;Decrescente;C�u Claro;Simples;Curva;N�o;2;0;2;0;0;0;2;1;-17,7564912;-46,1561498;SPRF-MG;DEL14-MG;UOP01-DEL14-MG;;;
663184;23/02/2025;domingo;15:45:00;SC;101;124,8;ITAJAI;Trafegar com motocicleta (ou similar) entre as faixas;Colis�o lateral mesmo sentido;Com V�timas Feridas;Pleno dia;Decrescente;C�u Claro;Dupla;Reta;Sim;2;0;1;0;1;0;1;2;-26,947222;-48,684698;SPRF-SC;DEL04-SC;UOP04-DEL04-SC;;;
663185;23/02/2025;domingo;15:45:00;MG;40;515;RIBEIRAO DAS NEVES;Manobra de mudan�a de faixa;Colis�o lateral mesmo sentido;Com V�timas Feridas;Pleno dia;Crescente;C�u Claro;Dupla;Reta;N�o;3;0;2;0;1;0;2;2;-19,7990796;-44,1053009;SPRF-MG;DEL01-MG;UOP02-DEL01-MG;;;
663187;23/02/2025;domingo;15:10:00;PR;376;6;MARINGA;Rea��o tardia ou ineficiente do condutor;Sa�da de leito carro��vel;Com V�timas Feridas;Pleno dia;Crescente;C�u Claro;Dupla;Reta;Sim;1;0;1;0;0;0;1;1;-23,377927;-51,944468;SPRF-PR;DEL09-PR;UOP01-DEL09-PR;;;
663188;23/02/2025;domingo;16:20:00;SC;280;24,7;ARAQUARI;Acessar a via sem observar a presen�a dos outros ve�culos;Colis�o transversal;Com V�timas Feridas;Pleno dia;Crescente;C�u Claro;Simples;Reta;Sim;3;0;1;0;2;0;1;3;-26,382707;-48,72598;SPRF-SC;DEL03-SC;UOP03-DEL03-SC;;;
663189;23/02/2025;domingo;16:05:00;RJ;116;211;SEROPEDICA;Demais falhas mec�nicas ou el�tricas;Inc�ndio;Sem V�timas;Pleno dia;Crescente;Sol;Dupla;Reta;N�o;2;0;0;0;2;0;0;1;-22,717645;-43,7064433;SPRF-RJ;DEL06-RJ;UOP02-DEL06-RJ;;;
663190;23/02/2025;domingo;16:40:00;SC;101;225;PALHOCA;Aus�ncia de rea��o do condutor;Queda de ocupante de ve�culo;Com V�timas Feridas;Pleno dia;Crescente;C�u Claro;Dupla;Reta;N�o;2;0;2;0;0;0;2;1;-27,74566255;-48,63658904;SPRF-SC;DEL01-SC;UOP02-DEL01-SC;;;
663191;23/02/2025;domingo;13:00:00;RJ;101;471;ANGRA DOS REIS;Condutor deixou de manter dist�ncia do ve�culo da frente;Colis�o traseira;Com V�timas Feridas;Pleno dia;Decrescente;C�u Claro;Simples;Reta;N�o;2;0;1;0;1;0;1;2;-23,0091691;-44,2692103;SPRF-RJ;DEL03-RJ;UOP03-DEL03-RJ;;;
663192;23/02/2025;domingo;15:50:00;MG;381;531;ITATIAIUCU;Avarias e/ou desgaste excessivo no pneu;Queda de ocupante de ve�culo;Com V�timas Feridas;Pleno dia;Decrescente;C�u Claro;Dupla;Curva;N�o;1;0;1;0;0;0;1;1;-20,16467413;-44,3643415;SPRF-MG;DEL04-MG;UOP03-DEL04-MG;;;
663193;23/02/2025;domingo;17:05:00;RS;116;521;PELOTAS;Desrespeitar a prefer�ncia no cruzamento;Colis�o transversal;Com V�timas Feridas;Pleno dia;Decrescente;C�u Claro;Simples;Interse��o de Vias;Sim;3;0;1;0;2;0;1;2;-31,707431;-52,367583;SPRF-RS;DEL07-RS;UOP01-DEL07-RS;;;
663194;23/02/2025;domingo;15:25:00;SC;470;244,5;CURITIBANOS;Demais falhas mec�nicas ou el�tricas;Queda de ocupante de ve�culo;Com V�timas Feridas;Pleno dia;Crescente;Nublado;Simples;Reta;N�o;2;0;0;2;0;0;2;1;-27,315017;-50,532997;SPRF-SC;DEL05-SC;UOP03-DEL05-SC;;;
663195;23/02/2025;domingo;15:00:00;RJ;101;282;ITABORAI;Trafegar com motocicleta (ou similar) entre as faixas;Colis�o lateral mesmo sentido;Com V�timas Feridas;Pleno dia;Crescente;Chuva;Dupla;Reta;N�o;2;0;1;0;1;0;1;2;-22,73692343;-42,79964447;SPRF-RJ;DEL02-RJ;UOP02-DEL02-RJ;;;
663196;23/02/2025;domingo;16:50:00;RJ;101;520;ANGRA DOS REIS;Aus�ncia de rea��o do condutor;Colis�o traseira;Com V�timas Feridas;Pleno dia;Decrescente;Nublado;Simples;Reta;N�o;3;0;1;0;2;0;1;2;-23,00441;-44,4529;SPRF-RJ;DEL03-RJ;UOP03-DEL03-RJ;;;
663197;23/02/2025;domingo;16:07:00;PE;101;136;ESCADA;Acessar a via sem observar a presen�a dos outros ve�culos;Colis�o lateral mesmo sentido;Sem V�timas;Anoitecer;Crescente;C�u Claro;Dupla;Reta;N�o;2;0;0;0;2;0;0;2;-8,41357869;-35,30340672;SPRF-PE;DEL01-PE;UOP03-DEL01-PE;;;
663198;23/02/2025;domingo;17:15:00;GO;60;97;ANAPOLIS;Condutor deixou de manter dist�ncia do ve�culo da frente;Colis�o traseira;Sem V�timas;Pleno dia;Decrescente;C�u Claro;Dupla;Reta;Sim;2;0;0;0;2;0;0;2;-16,37713276;-48,94804001;SPRF-GO;DEL02-GO;UOP01-DEL02-GO;;;
663199;23/02/2025;domingo;17:20:00;PR;163;238,1;TOLEDO;Ingest�o de �lcool pelo condutor;Sa�da de leito carro��vel;Com V�timas Feridas;Pleno dia;Crescente;Sol;Dupla;Retorno Regulamentado;N�o;1;0;1;0;0;0;1;1;-24,73792193;-53,69536972;SPRF-PR;DEL04-PR;UOP01-DEL04-PR;;;
663200;23/02/2025;domingo;17:35:00;SE;101;58;ROSARIO DO CATETE;Acessar a via sem observar a presen�a dos outros ve�culos;Colis�o transversal;Com V�timas Feridas;Anoitecer;Crescente;C�u Claro;Simples;"Interse��o de Vias;Reta";N�o;6;0;2;0;4;0;2;2;-10,65963794;-37,02864647;SPRF-SE;DEL02-SE;UOP02-DEL02-SE;;;
663201;23/02/2025;domingo;18:00:00;RS;101;20,8;TRES CACHOEIRAS;Avarias e/ou desgaste excessivo no pneu;Tombamento;Com V�timas Feridas;Pleno dia;Decrescente;Nublado;Dupla;Curva;Sim;2;0;2;0;0;0;2;1;-29,436083;-49,894368;SPRF-RS;DEL03-RS;UOP02-DEL03-RS;;;
663202;23/02/2025;domingo;16:55:00;RO;364;712;PORTO VELHO;Condutor deixou de manter dist�ncia do ve�culo da frente;Colis�o traseira;Sem V�timas;Pleno dia;Crescente;C�u Claro;Dupla;Reta;Sim;2;0;0;0;2;0;0;2;-8,77321791;-63,87987077;SPRF-RO;DEL01-RO;UOP01-DEL01-RO;;;
663203;23/02/2025;domingo;17:14:00;AL;316;267,4;SATUBA;Condutor Dormindo;Colis�o frontal;Com V�timas Feridas;Anoitecer;Crescente;C�u Claro;Simples;Curva;N�o;3;0;3;0;0;0;3;2;-9,58684648;-35,84355384;SPRF-AL;DEL02-AL;UOP01-DEL02-AL;;;
663204;23/02/2025;domingo;16:50:00;PR;369;159;MAMBORE;Rea��o tardia ou ineficiente do condutor;Colis�o traseira;Com V�timas Feridas;Pleno dia;Decrescente;C�u Claro;Simples;Reta;N�o;5;0;1;0;4;0;1;2;-24,18896;-52,49805;SPRF-PR;DEL07-PR;UOP01-DEL07-PR;;;
663206;23/02/2025;domingo;17:00:00;PI;343;588;FLORIANO;Aus�ncia de rea��o do condutor;Colis�o traseira;Com V�timas Feridas;Pleno dia;Crescente;C�u Claro;Simples;Reta;Sim;2;0;1;0;1;0;1;2;-6,776408;-43,006958;SPRF-PI;DEL03-PI;UOP01-DEL03-PI;;;
663207;23/02/2025;domingo;18:30:00;PR;277;33;MORRETES;Condutor deixou de manter dist�ncia do ve�culo da frente;Colis�o traseira;Com V�timas Feridas;Anoitecer;Crescente;C�u Claro;Dupla;"Curva;Aclive";N�o;2;0;1;0;1;0;1;2;-25,56819698;-48,81241679;SPRF-PR;DEL01-PR;UOP05-DEL01-PR;;;
663208;23/02/2025;domingo;17:00:00;MT;163;572;NOVA MUTUM;Rea��o tardia ou ineficiente do condutor;Sa�da de leito carro��vel;Com V�timas Feridas;Pleno dia;Decrescente;Sol;Simples;Curva;N�o;4;0;3;0;1;0;3;1;-14,05519031;-56,09775119;SPRF-MT;DEL01-MT;UOP01-DEL01-MT;;;
663210;23/02/2025;domingo;16:40:00;SC;282;25;SANTO AMARO DA IMPERATRIZ;Frear bruscamente;Queda de ocupante de ve�culo;Com V�timas Feridas;Pleno dia;Decrescente;C�u Claro;Simples;Viaduto;N�o;2;0;1;0;1;0;1;2;-27,678422;-48,753423;SPRF-SC;DEL01-SC;UOP03-DEL01-SC;;;
663211;23/02/2025;domingo;18:20:00;MG;381;922;ITAPEVA;Demais falhas mec�nicas ou el�tricas;Inc�ndio;Sem V�timas;Pleno dia;Crescente;C�u Claro;Dupla;"Curva;Declive";N�o;2;0;0;0;2;0;0;1;-22,7682049;-46,2187321;SPRF-MG;DEL16-MG;UOP03-DEL16-MG;;;
663212;23/02/2025;domingo;18:30:00;ES;101;15;PEDRO CANARIO;Acessar a via sem observar a presen�a dos outros ve�culos;Colis�o transversal;Com V�timas Feridas;Plena Noite;Crescente;C�u Claro;Simples;Interse��o de Vias;N�o;3;0;2;0;0;1;2;2;-18,28999388;-39,95452881;SPRF-ES;DEL04-ES;UOP02-DEL04-ES;;;
663213;23/02/2025;domingo;17:50:00;PR;277;40,2;MORRETES;Trafegar com motocicleta (ou similar) entre as faixas;Colis�o lateral mesmo sentido;Com V�timas Feridas;Anoitecer;Crescente;Ignorado;Dupla;Reta;N�o;5;0;2;0;3;0;2;4;-25,5803228;-48,8714133;SPRF-PR;DEL01-PR;UOP05-DEL01-PR;;;
663214;23/02/2025;domingo;18:30:00;PR;376;596;CURITIBA;Manobra de mudan�a de faixa;Colis�o lateral mesmo sentido;Com V�timas Feridas;Anoitecer;Crescente;Sol;Dupla;Reta;Sim;3;0;2;0;1;0;2;2;-25,474689;-49,352011;SPRF-PR;DEL01-PR;UOP06-DEL01-PR;;;
663215;23/02/2025;domingo;18:20:00;AL;104;74;MESSIAS;Animais na Pista;Atropelamento de Animal;Com V�timas Feridas;Plena Noite;Decrescente;C�u Claro;Simples;"Aclive;Reta";N�o;2;0;1;0;1;0;1;2;-9,36825972;-35,83488107;SPRF-AL;DEL01-AL;UOP02-DEL01-AL;;;
663220;23/02/2025;domingo;18:35:00;RS;287;262;SANTA MARIA;Aus�ncia de rea��o do condutor;Colis�o traseira;Sem V�timas;Pleno dia;Decrescente;Sol;Simples;"Reta;Aclive";N�o;2;0;0;0;2;0;0;2;-29,674237;-53,977344;SPRF-RS;DEL09-RS;UOP01-DEL09-RS;;;
663221;23/02/2025;domingo;17:30:00;GO;414;383,3;CORUMBA DE GOIAS;Velocidade Incompat�vel;Colis�o transversal;Com V�timas Fatais;Pleno dia;Decrescente;C�u Claro;Simples;"Aclive;Curva";N�o;7;1;0;3;3;0;3;2;-15,84866;-48,765935;SPRF-GO;DEL02-GO;UOP01-DEL02-GO;;;
663222;23/02/2025;domingo;19:15:00;PR;376;600;CURITIBA;Entrada inopinada do pedestre;Atropelamento de Pedestre;Com V�timas Feridas;Plena Noite;Decrescente;C�u Claro;Dupla;Reta;Sim;3;0;2;0;0;1;2;2;-25,5066909;-49,3404752;SPRF-PR;DEL01-PR;UOP06-DEL01-PR;;;
663223;23/02/2025;domingo;18:35:00;SP;153;66,5;SAO JOSE DO RIO PRETO;Avarias e/ou desgaste excessivo no pneu;Tombamento;Com V�timas Feridas;Anoitecer;Decrescente;C�u Claro;Dupla;Curva;Sim;2;0;0;1;1;0;1;1;-20,84693;-49,37611;SPRF-SP;DEL09-SP;UOP01-DEL09-SP;;;
663224;23/02/2025;domingo;17:15:00;RO;364;422;JARU;Acessar a via sem observar a presen�a dos outros ve�culos;Colis�o transversal;Com V�timas Feridas;Pleno dia;Crescente;C�u Claro;M�ltipla;"Reta;Declive;Retorno Regulamentado;Em Obras";Sim;4;0;2;0;2;0;2;2;-10,45971703;-62,45585918;SPRF-RO;DEL03-RO;UOP02-DEL03-RO;;;
663226;23/02/2025;domingo;17:46:00;PB;230;239,7;JUAZEIRINHO;Ultrapassagem Indevida;Colis�o frontal;Com V�timas Feridas;Plena Noite;Crescente;C�u Claro;Simples;Reta;Sim;2;0;0;1;1;0;1;2;-7,06964533;-36,58629656;SPRF-PB;DEL02-PB;UOP02-DEL02-PB;;;
663227;01/01/2025;quarta-feira;13:00:00;BA;367;82;EUNAPOLIS;Rea��o tardia ou ineficiente do condutor;Sa�da de leito carro��vel;Com V�timas Feridas;Pleno dia;Decrescente;Nublado;Simples;Reta;Sim;5;0;4;0;1;0;4;1;-16,37205962;-39,56163401;SPRF-BA;DEL09-BA;UOP03-DEL09-BA;;;
663228;23/02/2025;domingo;19:40:00;GO;50;96,3;CRISTALINA;Ingest�o de �lcool pelo condutor;Colis�o traseira;Sem V�timas;Plena Noite;Decrescente;C�u Claro;Dupla;"Aclive;Reta";Sim;2;0;0;0;2;0;0;2;-16,75671563;-47,60730743;SPRF-DF;DEL01-DF;UOP02-DEL01-DF;;;
663229;23/02/2025;domingo;19:10:00;PE;232;414;SERRA TALHADA;Animais na Pista;Atropelamento de Animal;Com V�timas Feridas;Plena Noite;Decrescente;C�u Claro;Simples;Reta;N�o;2;0;2;0;0;0;2;1;-7,9887582;-38,2556632;SPRF-PE;DEL04-PE;UOP01-DEL04-PE;;;
663230;23/02/2025;domingo;18:10:00;RS;116;255;ESTEIO;Condutor deixou de manter dist�ncia do ve�culo da frente;Colis�o traseira;Com V�timas Feridas;Pleno dia;Crescente;C�u Claro;Dupla;"Em Obras;Reta";Sim;3;0;1;0;2;0;1;2;-29,83979009;-51,17627763;SPRF-RS;DEL01-RS;UOP02-DEL01-RS;;;
663231;23/02/2025;domingo;19:50:00;ES;101;208;JOAO NEIVA;Acessar a via sem observar a presen�a dos outros ve�culos;Atropelamento de Pedestre;Com V�timas Feridas;Plena Noite;Decrescente;Nublado;Simples;Curva;N�o;2;0;1;0;0;1;1;2;-19,7799385;-40,3717994;SPRF-ES;DEL02-ES;UOP01-DEL02-ES;;;
663232;23/02/2025;domingo;19:00:00;AP;210;118;PORTO GRANDE;Aus�ncia de rea��o do condutor;Colis�o frontal;Com V�timas Feridas;Plena Noite;Crescente;Nublado;Simples;"Aclive;Curva";N�o;5;0;1;0;4;0;1;2;0,678172;-51,511127;SPRF-AP;DEL01-AP;UOP01-DEL01-AP;;;
663233;23/02/2025;domingo;18:35:00;RN;304;42,3;MOSSORO;Rea��o tardia ou ineficiente do condutor;Sa�da de leito carro��vel;Com V�timas Feridas;Plena Noite;Crescente;C�u Claro;Dupla;Reta;N�o;2;0;2;0;0;0;2;1;-5,21466;-37,36976;SPRF-RN;DEL04-RN;UOP01-DEL04-RN;;;
663234;23/02/2025;domingo;19:25:00;RS;116;38,2;VACARIA;Acessar a via sem observar a presen�a dos outros ve�culos;Colis�o transversal;Com V�timas Feridas;Anoitecer;Decrescente;C�u Claro;Simples;Reta;Sim;3;0;3;0;0;0;3;2;-28,50409114;-50,92351913;SPRF-RS;DEL05-RS;UOP03-DEL05-RS;;;
663235;23/02/2025;domingo;18:38:00;RJ;116;141;DUQUE DE CAXIAS;Rea��o tardia ou ineficiente do condutor;Engavetamento;Com V�timas Feridas;Plena Noite;Crescente;C�u Claro;Dupla;"Reta;Ponte";Sim;5;0;1;0;3;1;1;5;-22,64724486;-43,22083001;SPRF-RJ;DEL01-RJ;UOP02-DEL01-RJ;;;
663236;23/02/2025;domingo;17:50:00;RJ;101;294;ITABORAI;Rea��o tardia ou ineficiente do condutor;Colis�o lateral mesmo sentido;Com V�timas Feridas;Pleno dia;Crescente;Nublado;Dupla;Reta;N�o;4;0;2;0;2;0;2;3;-22,75835294;-42,89524291;SPRF-RJ;DEL02-RJ;UOP02-DEL02-RJ;;;
663239;23/02/2025;domingo;20:30:00;RJ;116;82;TERESOPOLIS;Aus�ncia de rea��o do condutor;Atropelamento de Pedestre;Com V�timas Feridas;Plena Noite;Crescente;C�u Claro;Simples;Reta;Sim;2;0;1;0;0;1;1;2;-22,401007;-42,953804;SPRF-RJ;DEL04-RJ;UOP01-DEL04-RJ;;;
663240;23/02/2025;domingo;19:30:00;PE;428;187,9;PETROLINA;Acessar a via sem observar a presen�a dos outros ve�culos;Colis�o traseira;Com V�timas Feridas;Plena Noite;Decrescente;C�u Claro;Dupla;Rotat�ria;Sim;4;0;2;0;2;0;2;2;-9,37497101;-40,48769832;SPRF-PE;DEL06-PE;UOP01-DEL06-PE;;;
663241;23/02/2025;domingo;18:52:00;PE;104;103;CUPIRA;Aus�ncia de rea��o do condutor;Colis�o com objeto;Com V�timas Fatais;Plena Noite;Crescente;C�u Claro;Simples;Reta;N�o;1;1;0;0;0;0;0;1;-8,59405727;-35,95587809;SPRF-PE;DEL02-PE;NPF/DEL02-PE;;;
663243;23/02/2025;domingo;20:40:00;RS;386;349,1;LAJEADO;Pedestre cruzava a pista fora da faixa;Atropelamento de Pedestre;Com V�timas Feridas;Plena Noite;Crescente;C�u Claro;Dupla;Desvio Tempor�rio;N�o;4;0;1;0;2;1;1;2;-29,46691069;-51,95473194;SPRF-RS;DEL04-RS;UOP01-DEL04-RS;;;
663244;23/02/2025;domingo;20:35:00;SP;381;88,5;GUARULHOS;Manobra de mudan�a de faixa;Colis�o lateral mesmo sentido;Com V�timas Feridas;Plena Noite;Decrescente;C�u Claro;M�ltipla;Reta;Sim;4;0;3;0;1;0;3;2;-23,48153624;-46,56010788;SPRF-SP;DEL03-SP;UOP01-DEL03-SP;;;
663246;23/02/2025;domingo;20:00:00;BA;324;626;SALVADOR;Aus�ncia de rea��o do condutor;Colis�o com objeto;Com V�timas Feridas;Plena Noite;Decrescente;Garoa/Chuvisco;M�ltipla;"Curva;Interse��o de Vias";Sim;3;0;2;0;1;0;2;1;-12,964966;-38,477392;SPRF-BA;DEL01-BA;UOP01-DEL01-BA;;;
663247;23/02/2025;domingo;17:45:00;RJ;101;323;NITEROI;Chuva;Colis�o traseira;Com V�timas Feridas;Pleno dia;Crescente;Chuva;Dupla;"Reta;Ponte";N�o;3;0;2;0;1;0;2;2;-22,87771353;-43,11582997;SPRF-RJ;DEL02-RJ;UOP01-DEL02-RJ;;;
663248;23/02/2025;domingo;18:30:00;MT;163;823;SINOP;Animais na Pista;Atropelamento de Animal;Com V�timas Feridas;Plena Noite;Crescente;C�u Claro;Dupla;Reta;N�o;2;0;2;0;0;0;2;1;-11,92414543;-55,51139139;SPRF-MT;DEL06-MT;UOP02-DEL06-MT;;;
663249;23/02/2025;domingo;15:40:00;MG;365;765;ITUIUTABA;Demais falhas mec�nicas ou el�tricas;Inc�ndio;Sem V�timas;Pleno dia;Decrescente;C�u Claro;Simples;Reta;N�o;1;0;0;0;1;0;0;1;-18,962447;-49,592127;SPRF-MG;DEL15-MG;UOP03-DEL15-MG;;;
663251;23/02/2025;domingo;21:30:00;RS;392;299;SAO SEPE;Velocidade Incompat�vel;Colis�o lateral mesmo sentido;Sem V�timas;Plena Noite;Decrescente;C�u Claro;Simples;Reta;N�o;2;0;0;0;2;0;0;2;-30,15622284;-53,5896349;SPRF-RS;DEL09-RS;UOP01-DEL09-RS;;;
663252;23/02/2025;domingo;21:30:00;SC;101;199,9;SAO JOSE;Rea��o tardia ou ineficiente do condutor;Colis�o com objeto;Com V�timas Feridas;Plena Noite;Crescente;C�u Claro;Dupla;Reta;Sim;1;0;0;1;0;0;1;1;-27,53964;-48,62339;SPRF-SC;DEL01-SC;UOP01-DEL01-SC;;;
663255;23/02/2025;domingo;21:45:00;SP;116;158;JACAREI;Aus�ncia de rea��o do condutor;Colis�o com objeto;Com V�timas Feridas;Plena Noite;Crescente;Nublado;Dupla;Reta;N�o;1;0;1;0;0;0;1;1;-23,262165;-45,95443726;SPRF-SP;DEL02-SP;UOP01-DEL02-SP;;;
663256;23/02/2025;domingo;21:50:00;RS;386;350,5;ESTRELA;Ingest�o de �lcool pelo condutor;Sa�da de leito carro��vel;Com V�timas Feridas;Plena Noite;Decrescente;C�u Claro;Dupla;"Em Obras;Desvio Tempor�rio";N�o;2;0;1;0;0;1;1;1;-29,47237762;-51,9530046;SPRF-RS;DEL04-RS;UOP01-DEL04-RS;;;
663257;23/02/2025;domingo;21:05:00;RJ;101;399;ITAGUAI;Velocidade Incompat�vel;Colis�o com objeto;Com V�timas Fatais;Plena Noite;Crescente;Nublado;Dupla;Reta;Sim;1;1;0;0;0;0;0;1;-22,858053;-43,760252;SPRF-RJ;DEL03-RJ;UOP01-DEL03-RJ;;;
663258;23/02/2025;domingo;21:35:00;MG;116;412;GOVERNADOR VALADARES;Condutor deixou de manter dist�ncia do ve�culo da frente;Colis�o traseira;Com V�timas Feridas;Plena Noite;Crescente;Nublado;Simples;Retorno Regulamentado;Sim;3;0;2;0;1;0;2;2;-18,87714665;-41,96332097;SPRF-MG;DEL06-MG;UOP01-DEL06-MG;;;
663259;23/02/2025;domingo;19:00:00;RN;226;134;CAMPO REDONDO;Rea��o tardia ou ineficiente do condutor;Colis�o com objeto;Com V�timas Feridas;Plena Noite;Crescente;Garoa/Chuvisco;Simples;"Curva;Declive";N�o;2;0;2;0;0;0;2;1;-6,212958;-36,178913;SPRF-RN;DEL03-RN;UOP02-DEL03-RN;;;
663260;23/02/2025;domingo;18:10:00;BA;242;231;ITABERABA;Animais na Pista;Atropelamento de Animal;Com V�timas Feridas;Plena Noite;Decrescente;C�u Claro;Simples;Reta;Sim;1;0;1;0;0;0;1;1;-12,511706;-40,324247;SPRF-BA;DEL06-BA;UOP02-DEL06-BA;;;
663261;23/02/2025;domingo;21:45:00;MG;381;938;EXTREMA;Acesso irregular;Colis�o transversal;Com V�timas Feridas;Plena Noite;Decrescente;Nublado;Dupla;Curva;N�o;4;0;3;0;1;0;3;2;-22,81616307;-46,29230332;SPRF-MG;DEL16-MG;UOP03-DEL16-MG;;;
663264;23/02/2025;domingo;22:15:00;PR;369;150;LONDRINA;Acessar a via sem observar a presen�a dos outros ve�culos;Atropelamento de Pedestre;Com V�timas Feridas;Plena Noite;Crescente;C�u Claro;Dupla;Reta;Sim;2;0;0;1;1;0;1;2;-23,29279305;-51,15739167;SPRF-PR;DEL07-PR;UOP01-DEL07-PR;;;
663265;23/02/2025;domingo;21:10:00;RS;472;655,5;BARRA DO QUARAI;Rea��o tardia ou ineficiente do condutor;Colis�o frontal;Sem V�timas;Plena Noite;Decrescente;C�u Claro;Simples;"Em Obras;Reta";Sim;2;0;0;0;1;1;0;2;-30,20739;-57,548339;SPRF-RS;DEL13-RS;UOP01-DEL13-RS;;;