id;data_inversa;dia_semana;horario;uf;br;km;municipio;causa_acidente;tipo_acidente;classificacao_acidente;fase_dia;sentido_via;condicao_metereologica;tipo_pista;tracado_via;uso_solo;pessoas;mortos;feridos_leves;feridos_graves;ilesos;ignorados;feridos;veiculos;latitude;longitude;regional;delegacia;uop;;;
663266;23/02/2025;domingo;20:35:00;MG;40;824,9;SIMAO PEREIRA;Velocidade Incompat�vel;Tombamento;Com V�timas Feridas;Plena Noite;Crescente;Nublado;Dupla;Curva;N�o;1;0;0;1;0;0;1;1;-21,989063;-43,284543;SPRF-MG;DEL05-MG;UOP01-DEL05-MG;;;
663267;23/02/2025;domingo;23:15:00;RJ;116;185;NOVA IGUACU;Aus�ncia de rea��o do condutor;Capotamento;Com V�timas Feridas;Plena Noite;Decrescente;C�u Claro;Dupla;Curva;Sim;1;0;0;1;0;0;1;1;-22,7441505;-43,50560935;SPRF-RJ;DEL06-RJ;UOP01-DEL06-RJ;;;
663268;23/02/2025;domingo;20:30:00;RJ;393;239;VASSOURAS;Transitar no Acostamento;Colis�o frontal;Com V�timas Feridas;Plena Noite;Crescente;C�u Claro;Simples;"Aclive;Reta";N�o;2;0;0;1;0;1;1;2;-22,42828071;-43,70667458;SPRF-RJ;DEL05-RJ;UOP04-DEL05-RJ;;;
663269;23/02/2025;domingo;17:45:00;PI;316;317;PICOS;Manobra de mudan�a de faixa;Colis�o lateral mesmo sentido;Com V�timas Feridas;Anoitecer;Crescente;C�u Claro;Dupla;"Curva;Aclive";Sim;3;0;1;0;2;0;1;2;-7,0835988;-41,4132719;SPRF-PI;DEL04-PI;UOP01-DEL04-PI;;;
663271;23/02/2025;domingo;17:25:00;PA;316;76;SAO FRANCISCO DO PARA;Acessar a via sem observar a presen�a dos outros ve�culos;Colis�o transversal;Com V�timas Feridas;Anoitecer;Crescente;C�u Claro;Simples;Curva;N�o;2;0;1;0;1;0;1;2;-1,30383214;-47,799241;SPRF-PA;DEL01-PA;UOP01-DEL01-PA;;;
663272;23/02/2025;domingo;18:40:00;BA;324;368;SAO JOSE DO JACUIPE;Pedestre cruzava a pista fora da faixa;Atropelamento de Pedestre;Com V�timas Fatais;Plena Noite;Crescente;Nublado;Simples;Reta;Sim;2;1;0;0;1;0;0;2;-11,42730856;-39,88498879;SPRF-BA;DEL04-BA;UOP02-DEL04-BA;;;
663273;23/02/2025;domingo;21:00:00;SC;280;4,4;SAO FRANCISCO DO SUL;Transitar na contram�o;Colis�o lateral sentido oposto;Sem V�timas;Plena Noite;Crescente;C�u Claro;Simples;Reta;Sim;2;0;0;0;2;0;0;2;-26,256653;-48,6221;SPRF-SC;DEL03-SC;UOP03-DEL03-SC;;;
663274;23/02/2025;domingo;21:20:00;MT;163;747;SORRISO;Ingest�o de �lcool pelo condutor;Sa�da de leito carro��vel;Com V�timas Feridas;Plena Noite;Decrescente;C�u Claro;Dupla;"Aclive;Reta";Sim;1;0;0;1;0;0;1;1;-12,58401886;-55,73546004;SPRF-MT;DEL06-MT;UOP01-DEL06-MT;;;
663278;23/02/2025;domingo;20:00:00;RS;285;598;SANTO ANTONIO DAS MISSOES;Ingest�o de �lcool pelo condutor;Colis�o traseira;Com V�timas Feridas;Anoitecer;Crescente;C�u Claro;Simples;Reta;N�o;4;0;1;1;2;0;2;2;-28,48888;-55,24626;SPRF-RS;DEL12-RS;UOP01-DEL12-RS;;;
663279;24/02/2025;segunda-feira;00:50:00;CE;116;19;EUSEBIO;Ingest�o de �lcool pelo condutor;Colis�o frontal;Sem V�timas;Pleno dia;Crescente;Nublado;Dupla;Reta;Sim;2;0;0;0;2;0;0;2;-3,91461652;-38,50668311;SPRF-CE;DEL01-CE;UOP02-DEL01-CE;;;
663280;23/02/2025;domingo;22:50:00;GO;60;100;ANAPOLIS;Rea��o tardia ou ineficiente do condutor;Tombamento;Com V�timas Feridas;Plena Noite;Crescente;C�u Claro;Dupla;Reta;Sim;2;0;0;1;0;1;1;2;-16,39871543;-48,96787877;SPRF-GO;DEL02-GO;UOP01-DEL02-GO;;;
663281;24/02/2025;segunda-feira;00:10:00;PI;343;12;PARNAIBA;Transitar na contram�o;Colis�o frontal;Com V�timas Feridas;Plena Noite;Crescente;C�u Claro;Simples;Reta;Sim;2;0;1;0;1;0;1;2;-2,91087496;-41,75382972;SPRF-PI;DEL05-PI;UOP01-DEL05-PI;;;
663282;24/02/2025;segunda-feira;00:13:00;PE;232;39;VITORIA DE SANTO ANTAO;Acesso irregular;Colis�o frontal;Sem V�timas;Plena Noite;Crescente;C�u Claro;Dupla;Reta;N�o;3;0;0;0;3;0;0;2;-8,11771;-35,22929;SPRF-PE;DEL01-PE;UOP01-DEL01-PE;;;
663283;24/02/2025;segunda-feira;01:10:00;RJ;393;280,6;BARRA DO PIRAI;Pedestre andava na pista;Atropelamento de Pedestre;Com V�timas Fatais;Plena Noite;Decrescente;C�u Claro;Simples;Reta;Sim;2;1;0;0;0;1;0;2;-22,47433146;-44,05262995;SPRF-RJ;DEL05-RJ;UOP04-DEL05-RJ;;;
663288;24/02/2025;segunda-feira;01:55:00;RJ;101;275;TANGUA;Animais na Pista;Atropelamento de Animal;Com V�timas Feridas;Plena Noite;Decrescente;C�u Claro;Dupla;Reta;Sim;8;0;7;0;1;0;7;1;-22,736891;-42,731751;SPRF-RJ;DEL02-RJ;UOP03-DEL02-RJ;;;
663289;24/02/2025;segunda-feira;00:20:00;MG;262;438,1;NOVA SERRANA;Ingest�o de �lcool pelo condutor;Colis�o com objeto;Sem V�timas;Plena Noite;Decrescente;C�u Claro;Dupla;Reta;Sim;1;0;0;0;0;1;0;1;-19,87831333;-44,94062662;SPRF-MG;DEL08-MG;UOP03-DEL08-MG;;;
663290;24/02/2025;segunda-feira;03:50:00;SP;116;226;GUARULHOS;Manobra de mudan�a de faixa;Tombamento;Com V�timas Feridas;Amanhecer;Decrescente;C�u Claro;M�ltipla;Reta;N�o;1;0;1;0;0;0;1;1;-23,49422252;-46,55580796;SPRF-SP;DEL01-SP;UOP01-DEL01-SP;;;
663292;24/02/2025;segunda-feira;03:00:00;PR;277;596,6;CASCAVEL;Velocidade Incompat�vel;Colis�o com objeto;Com V�timas Feridas;Plena Noite;Crescente;C�u Claro;Dupla;Interse��o de Vias;Sim;1;0;1;0;0;0;1;1;-24,992708;-53,512319;SPRF-PR;DEL04-PR;UOP01-DEL04-PR;;;
663296;24/02/2025;segunda-feira;00:35:00;MG;365;810,4;GURINHATA;Condutor Dormindo;Sa�da de leito carro��vel;Sem V�timas;Plena Noite;Decrescente;Nublado;Simples;Reta;N�o;1;0;0;0;0;1;0;1;-18,90747404;-49,90419388;SPRF-MG;DEL15-MG;UOP03-DEL15-MG;;;
663297;24/02/2025;segunda-feira;04:30:00;RN;101;79,9;SAO GONCALO DO AMARANTE;Animais na Pista;Atropelamento de Animal;Com V�timas Feridas;Amanhecer;Crescente;Nublado;Dupla;Reta;Sim;2;0;2;0;0;0;2;1;-5,757199;-35,288476;SPRF-RN;DEL02-RN;UOP01-DEL02-RN;;;
663298;24/02/2025;segunda-feira;00:20:00;BA;415;22;ILHEUS;Chuva;Sa�da de leito carro��vel;Com V�timas Feridas;Plena Noite;Crescente;Chuva;Dupla;Curva;N�o;1;0;1;0;0;0;1;1;-14,79894;-39,162084;SPRF-BA;DEL05-BA;UOP01-DEL05-BA;;;
663301;24/02/2025;segunda-feira;02:30:00;SP;116;48,2;CANAS;Transitar no Acostamento;Colis�o com objeto;Sem V�timas;Plena Noite;Crescente;C�u Claro;Dupla;Reta;N�o;1;0;0;0;0;1;0;1;-22,725468;-45,069792;SPRF-SP;DEL08-SP;UOP02-DEL08-SP;;;
663304;24/02/2025;segunda-feira;05:20:00;SP;116;283,7;ITAPECERICA DA SERRA;Afundamento ou ondula��o no pavimento;Queda de ocupante de ve�culo;Com V�timas Feridas;Amanhecer;Decrescente;C�u Claro;Dupla;Reta;Sim;1;0;1;0;0;0;1;1;-23,7002955;-46,8690853;SPRF-SP;DEL04-SP;UOP01-DEL04-SP;;;
663305;24/02/2025;segunda-feira;01:00:00;MG;262;421,1;BOM DESPACHO;Rea��o tardia ou ineficiente do condutor;Sa�da de leito carro��vel;Com V�timas Feridas;Plena Noite;Crescente;Vento;Dupla;Reta;N�o;2;0;1;0;0;1;1;2;-19,7853184;-45,2395008;SPRF-MG;DEL08-MG;UOP03-DEL08-MG;;;
663306;24/02/2025;segunda-feira;05:10:00;MS;163;39;ELDORADO;Aus�ncia de rea��o do condutor;Colis�o traseira;Com V�timas Feridas;Amanhecer;Crescente;C�u Claro;Simples;"Interse��o de Vias;Reta";Sim;5;0;2;0;3;0;2;2;-23,792567;-54,284095;SPRF-MS;DEL09-MS;UOP02-DEL09-MS;;;
663309;24/02/2025;segunda-feira;06:45:00;SP;116;336;JUQUITIBA;Aus�ncia de rea��o do condutor;Colis�o lateral mesmo sentido;Com V�timas Feridas;Pleno dia;Crescente;C�u Claro;Dupla;Reta;Sim;2;0;1;0;1;0;1;2;-23,92907528;-47,07204628;SPRF-SP;DEL04-SP;UOP03-DEL04-SP;;;
663310;23/02/2025;domingo;23:05:00;SC;470;81;RODEIO;Transitar na contram�o;Colis�o transversal;Com V�timas Feridas;Plena Noite;Crescente;Ignorado;Simples;Curva;N�o;2;0;0;1;0;1;1;2;-26,95056;-49,32593;SPRF-SC;DEL04-SC;UOP01-DEL04-SC;;;
663311;24/02/2025;segunda-feira;06:54:00;SC;101;212;PALHOCA;Trafegar com motocicleta (ou similar) entre as faixas;Colis�o traseira;Com V�timas Feridas;Pleno dia;Decrescente;C�u Claro;Dupla;Reta;Sim;2;0;0;1;1;0;1;2;-27,62748348;-48,65655899;SPRF-SC;DEL01-SC;UOP02-DEL01-SC;;;
663312;24/02/2025;segunda-feira;00:25:00;RJ;116;147;DUQUE DE CAXIAS;Acesso irregular;Colis�o frontal;Com V�timas Feridas;Plena Noite;Decrescente;C�u Claro;Simples;Reta;N�o;3;0;1;0;2;0;1;2;-22,67167606;-43,27847033;SPRF-RJ;DEL01-RJ;UOP02-DEL01-RJ;;;
663313;24/02/2025;segunda-feira;06:40:00;RS;101;71,1;OSORIO;Rea��o tardia ou ineficiente do condutor;Sa�da de leito carro��vel;Com V�timas Feridas;Pleno dia;Crescente;C�u Claro;Dupla;Reta;Sim;3;0;2;0;1;0;2;1;-29,756988;-50,215873;SPRF-RS;DEL03-RS;UOP01-DEL03-RS;;;
663314;24/02/2025;segunda-feira;07:00:00;BA;324;612;SALVADOR;Aus�ncia de rea��o do condutor;Queda de ocupante de ve�culo;Com V�timas Feridas;Pleno dia;Decrescente;C�u Claro;M�ltipla;Reta;Sim;2;0;2;0;0;0;2;1;-12,862619;-38,423245;SPRF-BA;DEL01-BA;UOP01-DEL01-BA;;;
663319;24/02/2025;segunda-feira;07:20:00;MG;365;628,4;UBERLANDIA;Demais falhas mec�nicas ou el�tricas;Inc�ndio;Sem V�timas;Pleno dia;Decrescente;C�u Claro;Dupla;Reta;Sim;1;0;0;0;1;0;0;1;-18,901249;-48,35795939;SPRF-MG;DEL15-MG;UOP01-DEL15-MG;;;
663320;24/02/2025;segunda-feira;07:20:00;PR;277;74;SAO JOSE DOS PINHAIS;Manobra de mudan�a de faixa;Colis�o traseira;Com V�timas Feridas;Pleno dia;Crescente;C�u Claro;Dupla;"Aclive;Reta";Sim;4;0;1;0;3;0;1;2;-25,49526147;-49,16336104;SPRF-PR;DEL01-PR;UOP07-DEL01-PR;;;
663321;24/02/2025;segunda-feira;06:00:00;MS;163;257;DOURADOS;Pista Escorregadia;Tombamento;Com V�timas Feridas;Pleno dia;Crescente;C�u Claro;Dupla;Reta;Sim;2;0;1;1;0;0;2;1;-22,234541;-54,7439497;SPRF-MS;DEL04-MS;UOP01-DEL04-MS;;;
663322;24/02/2025;segunda-feira;07:35:00;BA;20;171;BARREIRAS;Animais na Pista;Atropelamento de Animal;Com V�timas Feridas;Pleno dia;Decrescente;C�u Claro;Simples;Declive;Sim;1;0;1;0;0;0;1;1;-12,1167924;-44,9936291;SPRF-BA;DEL10-BA;UOP01-DEL10-BA;;;
663324;24/02/2025;segunda-feira;07:20:00;SP;101;50;UBATUBA;Convers�o proibida;Colis�o transversal;Com V�timas Feridas;Pleno dia;Decrescente;C�u Claro;Simples;Reta;Sim;2;0;1;0;1;0;1;2;-23,45324932;-45,07427573;SPRF-SP;DEL06-SP;UOP01-DEL06-SP;;;
663325;24/02/2025;segunda-feira;07:30:00;SP;101;38;UBATUBA;Acessar a via sem observar a presen�a dos outros ve�culos;Colis�o transversal;Com V�timas Feridas;Pleno dia;Decrescente;C�u Claro;Simples;Curva;N�o;2;0;1;0;1;0;1;2;-23,3916414;-45,1241597;SPRF-SP;DEL06-SP;UOP01-DEL06-SP;;;
663328;24/02/2025;segunda-feira;07:15:00;SC;280;12,3;MAFRA;Acesso irregular;Colis�o transversal;Com V�timas Feridas;Pleno dia;Decrescente;C�u Claro;Simples;Interse��o de Vias;N�o;3;0;1;0;2;0;1;2;-26,17974211;-49,87106323;SPRF-SC;DEL03-SC;UOP03-DEL03-SC;;;
663329;24/02/2025;segunda-feira;03:00:00;MA;222;529,8;BURITICUPU;Transitar na contram�o;Queda de ocupante de ve�culo;Com V�timas Fatais;Plena Noite;Decrescente;Nublado;Simples;Reta;N�o;2;1;0;0;0;1;0;2;-4,30546;-46,476725;SPRF-MA;DEL04-MA;UOP03-DEL04-MA;;;
663330;24/02/2025;segunda-feira;08:15:00;SP;116;146;SAO JOSE DOS CAMPOS;Aus�ncia de rea��o do condutor;Tombamento;Com V�timas Feridas;Pleno dia;Crescente;Sol;Dupla;Declive;Sim;1;0;1;0;0;0;1;1;-23,19149374;-45,8631134;SPRF-SP;DEL02-SP;UOP01-DEL02-SP;;;
663331;24/02/2025;segunda-feira;08:00:00;SP;116;116,4;TAUBATE;Trafegar com motocicleta (ou similar) entre as faixas;Colis�o traseira;Com V�timas Feridas;Pleno dia;Decrescente;Sol;Dupla;Reta;N�o;2;0;1;0;1;0;1;2;-23,05376319;-45,6088049;SPRF-SP;DEL02-SP;UOP02-DEL02-SP;;;
663332;24/02/2025;segunda-feira;07:00:00;PR;277;724;FOZ DO IGUACU;Acessar a via sem observar a presen�a dos outros ve�culos;Colis�o transversal;Com V�timas Feridas;Pleno dia;Crescente;C�u Claro;Dupla;"Retorno Regulamentado;Reta";Sim;2;0;2;0;0;0;2;2;-25,49643422;-54,52416211;SPRF-PR;DEL05-PR;UOP03-DEL05-PR;;;
663333;24/02/2025;segunda-feira;07:20:00;ES;101;275,1;SERRA;Demais falhas mec�nicas ou el�tricas;Queda de ocupante de ve�culo;Com V�timas Feridas;Pleno dia;Decrescente;Nublado;Dupla;Reta;N�o;2;0;1;0;1;0;1;1;-20,207886;-40,3059966;SPRF-ES;DEL02-ES;UOP01-DEL02-ES;;;
663334;24/02/2025;segunda-feira;08:30:00;PE;101;64;RECIFE;Condutor deixou de manter dist�ncia do ve�culo da frente;Queda de ocupante de ve�culo;Com V�timas Feridas;Pleno dia;Crescente;Sol;Dupla;Reta;Sim;3;0;2;0;1;0;2;2;-8,019402;-34,942422;SPRF-PE;DEL01-PE;UOP01-DEL01-PE;;;
663335;24/02/2025;segunda-feira;08:25:00;GO;153;511;APARECIDA DE GOIANIA;Aus�ncia de rea��o do condutor;Colis�o traseira;Com V�timas Feridas;Amanhecer;Crescente;Chuva;Dupla;Reta;N�o;3;0;2;0;1;0;2;2;-16,79863438;-49,23853766;SPRF-GO;DEL01-GO;UOP03-DEL01-GO;;;
663336;24/02/2025;segunda-feira;08:00:00;ES;101;297;VIANA;Chuva;Queda de ocupante de ve�culo;Com V�timas Feridas;Pleno dia;Decrescente;C�u Claro;Dupla;Reta;N�o;1;0;1;0;0;0;1;1;-20,35066256;-40,4129076;SPRF-ES;DEL01-ES;UOP01-DEL01-ES;;;
663337;23/02/2025;domingo;13:00:00;SP;116;141;SAO JOSE DOS CAMPOS;Condutor deixou de manter dist�ncia do ve�culo da frente;Engavetamento;Com V�timas Feridas;Pleno dia;Crescente;C�u Claro;M�ltipla;Reta;Sim;3;0;1;0;2;0;1;3;-23,16701431;-45,81528425;SPRF-SP;DEL02-SP;UOP01-DEL02-SP;;;
663338;24/02/2025;segunda-feira;06:00:00;MT;70;668;CACERES;Animais na Pista;Atropelamento de Animal;Com V�timas Feridas;Amanhecer;Decrescente;C�u Claro;Simples;Reta;N�o;3;0;1;0;2;0;1;1;-16,11171809;-57,30165482;SPRF-MT;DEL03-MT;UOP02-DEL03-MT;;;
663341;24/02/2025;segunda-feira;07:30:00;MG;381;488,9;BETIM;Aus�ncia de rea��o do condutor;Engavetamento;Com V�timas Feridas;Amanhecer;Crescente;C�u Claro;Dupla;Reta;Sim;4;0;1;0;3;0;1;4;-19,95579241;-44,13085699;SPRF-MG;DEL01-MG;UOP03-DEL01-MG;;;
663342;24/02/2025;segunda-feira;07:19:00;GO;60;93;ANAPOLIS;Aus�ncia de rea��o do condutor;Colis�o traseira;Com V�timas Feridas;Pleno dia;Crescente;C�u Claro;Dupla;Curva;Sim;2;0;1;0;1;0;1;2;-16,35386;-48,927634;SPRF-GO;DEL02-GO;UOP01-DEL02-GO;;;
663344;24/02/2025;segunda-feira;08:55:00;RN;101;129,7;NISIA FLORESTA;Acessar a via sem observar a presen�a dos outros ve�culos;Colis�o transversal;Com V�timas Feridas;Pleno dia;Crescente;C�u Claro;Dupla;Retorno Regulamentado;N�o;6;0;1;0;5;0;1;2;-6,116157;-35,232187;SPRF-RN;DEL01-RN;UOP01-DEL01-RN;;;
663349;24/02/2025;segunda-feira;08:35:00;AL;316;156,8;PALMEIRA DOS INDIOS;Aus�ncia de rea��o do condutor;Colis�o com objeto;Com V�timas Feridas;Pleno dia;Decrescente;C�u Claro;Simples;Reta;Sim;3;0;2;0;1;0;2;2;-9,4332327;-36,6156817;SPRF-AL;DEL03-AL;UOP01-DEL03-AL;;;
663350;24/02/2025;segunda-feira;07:55:00;PA;230;121;MARABA;Condutor deixou de manter dist�ncia do ve�culo da frente;Engavetamento;Com V�timas Feridas;Pleno dia;Decrescente;Nublado;Dupla;Ponte;Sim;5;0;1;0;3;1;1;4;-5,3567;-49,1224;SPRF-PA;DEL03-PA;UOP01-DEL03-PA;;;
663351;24/02/2025;segunda-feira;09:00:00;GO;153;492;GOIANIA;Rea��o tardia ou ineficiente do condutor;Colis�o traseira;Com V�timas Feridas;Pleno dia;Decrescente;C�u Claro;Dupla;"Aclive;Reta";N�o;2;0;1;0;1;0;1;2;-16,6854;-49,243;SPRF-GO;DEL01-GO;UOP01-DEL01-GO;;;
663355;24/02/2025;segunda-feira;08:55:00;SC;101;80;BARRA VELHA;Manobra de mudan�a de faixa;Colis�o lateral mesmo sentido;Com V�timas Feridas;Pleno dia;Decrescente;Sol;Dupla;Curva;N�o;3;0;2;0;1;0;2;2;-26,6174464;-48,726016;SPRF-SC;DEL03-SC;UOP02-DEL03-SC;;;
663356;24/02/2025;segunda-feira;02:00:00;RJ;40;97;PETROPOLIS;Condutor Dormindo;Capotamento;Com V�timas Feridas;Plena Noite;Decrescente;C�u Claro;Dupla;Curva;N�o;2;0;1;0;1;0;1;1;-22,5181696;-43,220992;SPRF-RJ;DEL01-RJ;UOP01-DEL01-RJ;;;
663357;24/02/2025;segunda-feira;05:00:00;RN;101;139;ARES;Ingest�o de �lcool pelo condutor;Sa�da de leito carro��vel;Sem V�timas;Amanhecer;Decrescente;C�u Claro;Dupla;Reta;N�o;1;0;0;0;1;0;0;1;-6,19546476;-35,21352053;SPRF-RN;DEL01-RN;UOP01-DEL01-RN;;;
663359;24/02/2025;segunda-feira;06:45:00;MG;40;512,1;RIBEIRAO DAS NEVES;Aus�ncia de rea��o do condutor;Colis�o traseira;Com V�timas Feridas;Pleno dia;Crescente;Nublado;Dupla;"Aclive;Reta";N�o;3;0;0;1;2;0;1;2;-19,790898;-44,112408;SPRF-MG;DEL01-MG;UOP02-DEL01-MG;;;
663362;24/02/2025;segunda-feira;08:00:00;PI;343;125;SAO JOSE DO DIVINO;Condutor Dormindo;Colis�o com objeto;Com V�timas Feridas;Pleno dia;Decrescente;C�u Claro;Simples;Reta;N�o;1;0;1;0;0;0;1;1;-3,78862175;-41,68709945;SPRF-PI;DEL02-PI;UOP01-DEL02-PI;;;
663364;24/02/2025;segunda-feira;08:00:00;PR;369;160,1;CAMBE;Velocidade Incompat�vel;Colis�o traseira;Com V�timas Feridas;Pleno dia;Decrescente;C�u Claro;Simples;"Curva;Aclive;Viaduto";Sim;3;0;1;0;1;1;1;2;-23,28244307;-51,25472367;SPRF-PR;DEL07-PR;UOP01-DEL07-PR;;;
663365;24/02/2025;segunda-feira;05:40:00;RJ;393;247;BARRA DO PIRAI;Ultrapassagem Indevida;Colis�o frontal;Com V�timas Feridas;Amanhecer;Decrescente;C�u Claro;Simples;Reta;N�o;5;0;4;1;0;0;5;2;-22,478848;-44,007424;SPRF-RJ;DEL05-RJ;UOP04-DEL05-RJ;;;
663366;24/02/2025;segunda-feira;07:00:00;MT;163;835;SINOP;Ilumina��o deficiente;Eventos at�picos;Com V�timas Feridas;Pleno dia;Decrescente;C�u Claro;Simples;Reta;Sim;1;0;1;0;0;0;1;1;-11,85706119;-55,494182;SPRF-MT;DEL06-MT;UOP02-DEL06-MT;;;
663367;24/02/2025;segunda-feira;09:18:00;PE;232;79,5;GRAVATA;Rea��o tardia ou ineficiente do condutor;Colis�o transversal;Com V�timas Feridas;Pleno dia;Decrescente;C�u Claro;Simples;Reta;Sim;2;0;1;0;1;0;1;2;-8,195595;-35,564962;SPRF-PE;DEL02-PE;UOP02-DEL02PE;;;
663369;24/02/2025;segunda-feira;10:00:00;GO;50;276,9;CATALAO;Rea��o tardia ou ineficiente do condutor;Colis�o transversal;Com V�timas Feridas;Pleno dia;Crescente;Nublado;Simples;"Curva;Em Obras";Sim;3;0;1;2;0;0;3;2;-18,1896;-47,8596;SPRF-GO;DEL06-GO;UOP01-DEL06-GO;;;
663371;24/02/2025;segunda-feira;10:33:00;PE;101;82,2;JABOATAO DOS GUARARAPES;Condutor deixou de manter dist�ncia do ve�culo da frente;Colis�o lateral mesmo sentido;Com V�timas Feridas;Pleno dia;Decrescente;C�u Claro;Dupla;"Curva;Aclive;Viaduto";Sim;3;0;2;0;1;0;2;2;-8,17062;-34,93758;SPRF-PE;DEL01-PE;UOP01-DEL01-PE;;;
663375;11/02/2025;ter�a-feira;19:10:00;CE;304;55;ARACATI;Acessar a via sem observar a presen�a dos outros ve�culos;Colis�o traseira;Com V�timas Feridas;Plena Noite;Decrescente;C�u Claro;Simples;Reta;Sim;3;0;2;0;1;0;2;2;-4,58046268;-37,71961988;SPRF-CE;DEL03-CE;UOP02-DEL03-CE;;;
663376;24/02/2025;segunda-feira;11:30:00;SC;101;331,6;TUBARAO;Mal s�bito do condutor;Colis�o traseira;Com V�timas Feridas;Pleno dia;Crescente;Sol;Dupla;Rotat�ria;Sim;5;0;2;0;3;0;2;3;-28,46548101;-48,99563313;SPRF-SC;DEL02-SC;UOP01-DEL02-SC;;;
663377;24/02/2025;segunda-feira;10:50:00;MT;364;322,5;SANTO ANTONIO DO LEVERGER;Rea��o tardia ou ineficiente do condutor;Sa�da de leito carro��vel;Com V�timas Feridas;Pleno dia;Crescente;C�u Claro;Dupla;"Reta;Declive";N�o;2;0;1;1;0;0;2;1;-15,81122112;-55,37690901;SPRF-MT;DEL05-MT;UOP02-DEL05-MT;;;
663378;24/02/2025;segunda-feira;09:30:00;MT;70;327;DOM AQUINO;Animais na Pista;Tombamento;Com V�timas Feridas;Pleno dia;Decrescente;Sol;Simples;Reta;N�o;1;0;1;0;0;0;1;1;-15,50894392;-54,68832493;SPRF-MT;DEL05-MT;UOP01-DEL05-MT;;;
663379;24/02/2025;segunda-feira;11:10:00;MG;381;486;BETIM;Aus�ncia de rea��o do condutor;Tombamento;Com V�timas Feridas;Pleno dia;Crescente;C�u Claro;Dupla;Reta;Sim;1;0;1;0;0;0;1;1;-19,9889027;-44,2010774;SPRF-MG;DEL01-MG;UOP03-DEL01-MG;;;
663381;24/02/2025;segunda-feira;11:30:00;RN;304;36,5;MOSSORO;Aus�ncia de rea��o do condutor;Colis�o com objeto;Com V�timas Feridas;Pleno dia;Decrescente;C�u Claro;Dupla;Reta;Sim;2;0;1;0;1;0;1;2;-5,17171627;-37,35884741;SPRF-RN;DEL04-RN;UOP02-DEL04-RN;;;
663383;24/02/2025;segunda-feira;07:58:00;SP;116;116,4;TAUBATE;Trafegar com motocicleta (ou similar) entre as faixas;Colis�o traseira;Com V�timas Feridas;Pleno dia;Crescente;Sol;Dupla;"Aclive;Reta";N�o;3;0;1;0;2;0;1;2;-23,05376319;-45,6088049;SPRF-SP;DEL02-SP;UOP02-DEL02-SP;;;
663384;24/02/2025;segunda-feira;07:20:00;PR;369;178;ROLANDIA;Acessar a via sem observar a presen�a dos outros ve�culos;Colis�o transversal;Com V�timas Feridas;Pleno dia;Decrescente;C�u Claro;Simples;Reta;N�o;2;0;2;0;0;0;2;2;-23,34662579;-51,38636112;SPRF-PR;DEL07-PR;UOP01-DEL07-PR;;;
663385;24/02/2025;segunda-feira;12:00:00;MG;40;484;SETE LAGOAS;Restri��o de visibilidade em curvas verticais;Colis�o frontal;Com V�timas Feridas;Pleno dia;Decrescente;C�u Claro;Simples;"Aclive;Reta";N�o;2;0;0;1;1;0;1;2;-19,57774;-44,22896;SPRF-MG;DEL02-MG;UOP01-DEL02-MG;;;
663386;24/02/2025;segunda-feira;11:30:00;MT;163;747;SORRISO;Demais falhas mec�nicas ou el�tricas;Colis�o transversal;Com V�timas Feridas;Pleno dia;Decrescente;C�u Claro;Dupla;"Interse��o de Vias;Rotat�ria;Retorno Regulamentado;Curva";Sim;2;0;1;0;1;0;1;2;-12,59276552;-55,74250318;SPRF-MT;DEL06-MT;UOP01-DEL06-MT;;;
663387;24/02/2025;segunda-feira;10:00:00;BA;110;292;ALAGOINHAS;Desrespeitar a prefer�ncia no cruzamento;Colis�o transversal;Com V�timas Feridas;Pleno dia;Crescente;C�u Claro;Simples;Rotat�ria;Sim;2;0;1;0;1;0;1;2;-12,10091972;-38,37229706;SPRF-BA;DEL01-BA;UOP04-DEL01-BA;;;
663388;24/02/2025;segunda-feira;09:00:00;RJ;101;485;ANGRA DOS REIS;Aus�ncia de rea��o do condutor;Atropelamento de Pedestre;Com V�timas Feridas;Pleno dia;Crescente;C�u Claro;Simples;Reta;Sim;3;0;0;1;2;0;1;2;-22,98325644;-44,29596305;SPRF-RJ;DEL03-RJ;UOP03-DEL03-RJ;;;
663390;24/02/2025;segunda-feira;09:40:00;RJ;101;508;ANGRA DOS REIS;Avarias e/ou desgaste excessivo no pneu;Queda de ocupante de ve�culo;Com V�timas Feridas;Pleno dia;Crescente;Sol;Simples;Reta;Sim;2;0;2;0;0;0;2;1;-22,93586735;-44,4080472;SPRF-RJ;DEL03-RJ;UOP03-DEL03-RJ;;;
663391;24/02/2025;segunda-feira;12:45:00;ES;101;174,5;ARACRUZ;Desrespeitar a prefer�ncia no cruzamento;Colis�o transversal;Com V�timas Feridas;Pleno dia;Decrescente;C�u Claro;Simples;Interse��o de Vias;Sim;2;0;1;0;1;0;1;2;-19,59774971;-40,2005589;SPRF-ES;DEL04-ES;UOP01-DEL04-ES;;;
663393;24/02/2025;segunda-feira;13:00:00;SC;101;203;SAO JOSE;Manobra de mudan�a de faixa;Colis�o lateral mesmo sentido;Com V�timas Feridas;Pleno dia;Crescente;Sol;M�ltipla;Reta;Sim;1;0;1;0;0;0;1;1;-27,56844183;-48,61392197;SPRF-SC;DEL01-SC;UOP01-DEL01-SC;;;