id;data_inversa;dia_semana;horario;uf;br;km;municipio;causa_acidente;tipo_acidente;classificacao_acidente;fase_dia;sentido_via;condicao_metereologica;tipo_pista;tracado_via;uso_solo;pessoas;mortos;feridos_leves;feridos_graves;ilesos;ignorados;feridos;veiculos;latitude;longitude;regional;delegacia;uop;;;
663394;11/01/2025;s�bado;13:15:00;MG;381;316;NOVA ERA;Transitar na contram�o;Colis�o frontal;Com V�timas Feridas;Pleno dia;Decrescente;C�u Claro;Simples;"Aclive;Curva";N�o;3;0;1;1;1;0;2;2;-19,6718273;-42,97216415;SPRF-MG;DEL03-MG;UOP02-DEL03-MG;;;
663396;15/01/2025;quarta-feira;07:55:00;MG;381;262;CORONEL FABRICIANO;Transitar no Acostamento;Queda de ocupante de ve�culo;Com V�timas Feridas;Pleno dia;Decrescente;Garoa/Chuvisco;Simples;"Aclive;Reta";N�o;3;0;2;0;1;0;2;3;-19,52666689;-42,63632096;SPRF-MG;DEL03-MG;UOP02-DEL03-MG;;;
663400;24/02/2025;segunda-feira;12:29:00;RO;319;63;PORTO VELHO;Acessar a via sem observar a presen�a dos outros ve�culos;Colis�o transversal;Com V�timas Feridas;Pleno dia;Decrescente;Nublado;M�ltipla;Retorno Regulamentado;Sim;2;0;0;1;1;0;1;2;-8,75419459;-63,88694644;SPRF-RO;DEL01-RO;UOP01-DEL01-RO;;;
663401;24/02/2025;segunda-feira;13:00:00;CE;116;16,9;FORTALEZA;Condutor deixou de manter dist�ncia do ve�culo da frente;Engavetamento;Sem V�timas;Pleno dia;Decrescente;Nublado;Dupla;Reta;Sim;12;0;0;0;12;0;0;2;-3,88138155;-38,50056457;SPRF-CE;DEL01-CE;UOP02-DEL01-CE;;;
663402;24/02/2025;segunda-feira;13:30:00;SC;101;202;SAO JOSE;Rea��o tardia ou ineficiente do condutor;Colis�o traseira;Sem V�timas;Pleno dia;Crescente;C�u Claro;Dupla;Reta;Sim;4;0;0;0;4;0;0;4;-27,5574254;-48,61872911;SPRF-SC;DEL01-SC;UOP01-DEL01-SC;;;
663403;24/02/2025;segunda-feira;13:45:00;RS;116;263;CANOAS;Acessar a via sem observar a presen�a dos outros ve�culos;Colis�o lateral mesmo sentido;Com V�timas Feridas;Pleno dia;Decrescente;C�u Claro;M�ltipla;Interse��o de Vias;Sim;2;0;1;0;1;0;1;2;-29,90383516;-51,17601919;SPRF-RS;DEL01-RS;UOP01-DEL01-RS;;;
663405;24/02/2025;segunda-feira;12:40:00;CE;222;3;CAUCAIA;Animais na Pista;Queda de ocupante de ve�culo;Com V�timas Feridas;Pleno dia;Crescente;C�u Claro;M�ltipla;Reta;Sim;1;0;1;0;0;0;1;1;-3,76832;-38,6629632;SPRF-CE;DEL01-CE;UOP01-DEL01-CE;;;
663406;24/02/2025;segunda-feira;13:50:00;SC;101;338,8;TUBARAO;Aus�ncia de rea��o do condutor;Engavetamento;Com V�timas Feridas;Pleno dia;Decrescente;Sol;M�ltipla;"Reta;Ponte";Sim;5;0;4;0;1;0;4;4;-28,50223802;-49,04724419;SPRF-SC;DEL02-SC;UOP01-DEL02-SC;;;
663407;24/02/2025;segunda-feira;13:15:00;ES;101;290;CARIACICA;Aus�ncia de rea��o do condutor;Colis�o com objeto;Com V�timas Feridas;Pleno dia;Crescente;C�u Claro;M�ltipla;Reta;N�o;1;0;0;1;0;0;1;1;-20,31934019;-40,39518356;SPRF-ES;DEL01-ES;UOP01-DEL01-ES;;;
663410;24/02/2025;segunda-feira;14:00:00;MG;153;25;CENTRALINA;Velocidade Incompat�vel;Sa�da de leito carro��vel;Com V�timas Feridas;Pleno dia;Decrescente;Chuva;Dupla;Reta;N�o;1;0;1;0;0;0;1;1;-18,61501328;-49,1916275;SPRF-MG;DEL15-MG;UOP03-DEL15-MG;;;
663411;24/02/2025;segunda-feira;13:20:00;PI;316;312;PICOS;Aus�ncia de rea��o do condutor;Tombamento;Com V�timas Feridas;Pleno dia;Crescente;C�u Claro;M�ltipla;Reta;Sim;2;0;1;0;0;1;1;2;-7,08092534;-41,4582602;SPRF-PI;DEL04-PI;UOP01-DEL04-PI;;;
663412;24/02/2025;segunda-feira;15:15:00;SP;116;229;SAO PAULO;Objeto est�tico sobre o leito carro��vel;Colis�o com objeto;Com V�timas Feridas;Pleno dia;Crescente;C�u Claro;M�ltipla;"Em Obras;Reta";Sim;1;0;1;0;0;0;1;1;-23,5144192;-46,5781967;SPRF-SP;DEL01-SP;UOP01-DEL01-SP;;;
663413;24/02/2025;segunda-feira;14:10:00;PR;369;24,7;CAMBARA;Rea��o tardia ou ineficiente do condutor;Sa�da de leito carro��vel;Com V�timas Feridas;Pleno dia;Decrescente;C�u Claro;Simples;Declive;N�o;2;0;1;1;0;0;2;1;-23,03843;-50,12493;SPRF-PR;DEL07-PR;UOP05-DEL07-PR;;;
663414;17/02/2025;segunda-feira;00:40:00;SP;116;149,4;SAO JOSE DOS CAMPOS;Velocidade Incompat�vel;Colis�o traseira;Com V�timas Feridas;Plena Noite;Decrescente;C�u Claro;M�ltipla;Reta;Sim;2;0;0;1;1;0;1;2;-23,20700047;-45,88626861;SPRF-SP;DEL02-SP;UOP01-DEL02-SP;;;
663415;24/02/2025;segunda-feira;15:00:00;PE;423;91,5;GARANHUNS;Condutor usando celular;Capotamento;Com V�timas Feridas;Pleno dia;Decrescente;C�u Claro;Simples;"Curva;Declive";N�o;1;0;1;0;0;0;1;1;-8,85856;-36,464603;SPRF-PE;DEL03-PE;UOP01-DEL03-PE;;;
663420;24/02/2025;segunda-feira;14:50:00;PR;277;116;CAMPO LARGO;Rea��o tardia ou ineficiente do condutor;Queda de ocupante de ve�culo;Com V�timas Feridas;Pleno dia;Crescente;C�u Claro;Dupla;Curva;N�o;1;0;0;1;0;0;1;1;-25,44258;-49,45031;SPRF-PR;DEL03-PR;UOP03-DEL03-PR;;;
663423;24/02/2025;segunda-feira;15:15:00;PB;230;23,2;JOAO PESSOA;Condutor deixou de manter dist�ncia do ve�culo da frente;Colis�o traseira;Com V�timas Feridas;Pleno dia;Decrescente;Sol;Dupla;Reta;Sim;3;0;1;1;1;0;2;2;-7,1692384;-34,87854481;SPRF-PB;DEL01-PB;UOP01-DEL01-PB;;;
663425;24/02/2025;segunda-feira;14:50:00;BA;101;489;ITAJUIPE;Acessar a via sem observar a presen�a dos outros ve�culos;Colis�o transversal;Com V�timas Feridas;Pleno dia;Crescente;Ignorado;Simples;Curva;N�o;2;0;0;1;1;0;1;2;-14,683862;-39,363513;SPRF-BA;DEL05-BA;UOP01-DEL05-BA;;;
663426;24/02/2025;segunda-feira;10:40:00;SE;101;42;JAPARATUBA;Rea��o tardia ou ineficiente do condutor;Queda de ocupante de ve�culo;Com V�timas Feridas;Pleno dia;Crescente;C�u Claro;Dupla;Reta;N�o;1;0;1;0;0;0;1;1;-10,57045592;-36,96443439;SPRF-SE;DEL02-SE;UOP02-DEL02-SE;;;
663428;24/02/2025;segunda-feira;14:30:00;BA;324;537;AMELIA RODRIGUES;Chuva;Queda de ocupante de ve�culo;Com V�timas Feridas;Pleno dia;Decrescente;Chuva;Dupla;Curva;Sim;2;0;1;0;1;0;1;2;-12,37961319;-38,79973389;SPRF-BA;DEL01-BA;UOP03-DEL01-BA;;;
663429;24/02/2025;segunda-feira;11:15:00;SC;470;142,4;RIO DO SUL;Aus�ncia de rea��o do condutor;Sa�da de leito carro��vel;Com V�timas Feridas;Pleno dia;Decrescente;C�u Claro;Simples;Curva;Sim;1;0;1;0;0;0;1;1;-27,21583862;-49,65365303;SPRF-SC;DEL04-SC;UOP02-DEL04-SC;;;
663430;24/02/2025;segunda-feira;16:00:00;SC;101;197,8;BIGUACU;Objeto est�tico sobre o leito carro��vel;Colis�o com objeto;Com V�timas Feridas;Pleno dia;Crescente;C�u Claro;Dupla;Reta;Sim;2;0;1;0;1;0;1;1;-27,524237;-48,636442;SPRF-SC;DEL01-SC;UOP01-DEL01-SC;;;
663432;24/02/2025;segunda-feira;14:21:00;PA;230;118;MARABA;Acessar a via sem observar a presen�a dos outros ve�culos;Colis�o transversal;Com V�timas Feridas;Pleno dia;Decrescente;Nublado;Dupla;Reta;Sim;2;0;1;0;1;0;1;2;-5,35134222;-49,09948826;SPRF-PA;DEL03-PA;UOP01-DEL03-PA;;;
663434;24/02/2025;segunda-feira;16:00:00;RS;116;501,9;PELOTAS;Aus�ncia de rea��o do condutor;Sa�da de leito carro��vel;Com V�timas Feridas;Pleno dia;Crescente;C�u Claro;Simples;Reta;N�o;1;0;1;0;0;0;1;1;-31,63781019;-52,33200073;SPRF-RS;DEL07-RS;UOP01-DEL07-RS;;;
663435;24/02/2025;segunda-feira;16:00:00;SP;381;83;SAO PAULO;Objeto est�tico sobre o leito carro��vel;Colis�o lateral mesmo sentido;Com V�timas Feridas;Pleno dia;Decrescente;C�u Claro;M�ltipla;Reta;Sim;3;0;1;0;2;0;1;3;-23,44622;-46,56881;SPRF-SP;DEL03-SP;UOP01-DEL03-SP;;;
663436;24/02/2025;segunda-feira;13:00:00;ES;262;177,8;IRUPI;Acessar a via sem observar a presen�a dos outros ve�culos;Colis�o transversal;Com V�timas Feridas;Pleno dia;Crescente;C�u Claro;Simples;Curva;N�o;2;0;1;0;1;0;1;2;-20,27339069;-41,60718537;SPRF-ES;DEL01-ES;UOP02-DEL01-ES;;;
663439;24/02/2025;segunda-feira;14:40:00;PE;423;41;CACHOEIRINHA;Acessar a via sem observar a presen�a dos outros ve�culos;Colis�o transversal;Com V�timas Feridas;Pleno dia;Crescente;C�u Claro;Simples;Curva;N�o;3;0;3;0;0;0;3;2;-8,501938;-36,247223;SPRF-PE;DEL03-PE;UOP01-DEL03-PE;;;
663440;22/02/2025;s�bado;19:50:00;MG;381;549;RIO MANSO;Acumulo de areia ou detritos sobre o pavimento;Colis�o com objeto;Sem V�timas;Plena Noite;Crescente;C�u Claro;Simples;Reta;N�o;3;0;0;0;3;0;0;2;-20,28004991;-44,39723968;SPRF-MG;DEL04-MG;UOP03-DEL04-MG;;;
663442;24/02/2025;segunda-feira;16:00:00;RJ;101;507;ANGRA DOS REIS;Transitar na contram�o;Colis�o frontal;Com V�timas Feridas;Pleno dia;Decrescente;Sol;Simples;Reta;Sim;2;0;0;1;1;0;1;2;-22,9363436;-44,40866679;SPRF-RJ;DEL03-RJ;UOP03-DEL03-RJ;;;
663443;24/02/2025;segunda-feira;16:30:00;MG;381;503,6;BETIM;Mal s�bito do condutor;Colis�o com objeto;Com V�timas Feridas;Pleno dia;Crescente;C�u Claro;Dupla;Reta;Sim;1;0;0;1;0;0;1;1;-20,0309988;-44,23704677;SPRF-MG;DEL01-MG;UOP03-DEL01-MG;;;
663444;24/02/2025;segunda-feira;16:00:00;PA;316;146;PEIXE-BOI;Aus�ncia de rea��o do condutor;Colis�o traseira;Com V�timas Feridas;Pleno dia;Decrescente;Sol;Simples;Reta;N�o;3;0;1;1;0;1;2;2;-1,231285;-47,216423;SPRF-PA;DEL01-PA;UOP03-DEL01-PA;;;
663445;24/02/2025;segunda-feira;16:45:00;RN;406;170;SAO GONCALO DO AMARANTE;Acessar a via sem observar a presen�a dos outros ve�culos;Capotamento;Com V�timas Feridas;Pleno dia;Crescente;C�u Claro;Dupla;"Retorno Regulamentado;Reta;Interse��o de Vias;Declive";Sim;5;0;4;0;0;1;4;2;-5,75867751;-35,30040264;SPRF-RN;DEL02-RN;UOP01-DEL02-RN;;;
663446;24/02/2025;segunda-feira;14:00:00;SC;282;462;PONTE SERRADA;Rea��o tardia ou ineficiente do condutor;Sa�da de leito carro��vel;Sem V�timas;Pleno dia;Crescente;C�u Claro;Dupla;Rotat�ria;Sim;1;0;0;0;0;1;0;1;-26,85590932;-52,03176178;SPRF-SC;DEL07-SC;UOP04-DEL07-SC;;;
663449;24/02/2025;segunda-feira;16:40:00;SC;101;334;TUBARAO;Desrespeitar a prefer�ncia no cruzamento;Colis�o transversal;Com V�timas Feridas;Pleno dia;Decrescente;C�u Claro;Dupla;Interse��o de Vias;Sim;6;0;1;0;5;0;1;2;-28,4707662;-49,01846409;SPRF-SC;DEL02-SC;UOP01-DEL02-SC;;;
663450;24/02/2025;segunda-feira;17:00:00;PI;343;13;PARNAIBA;Condutor desrespeitou a ilumina��o vermelha do sem�foro;Colis�o transversal;Com V�timas Feridas;Pleno dia;Crescente;C�u Claro;Dupla;Interse��o de Vias;Sim;2;0;1;0;1;0;1;2;-2,91706017;-41,7537412;SPRF-PI;DEL05-PI;UOP01-DEL05-PI;;;
663453;24/02/2025;segunda-feira;17:05:00;SP;116;311;SAO LOURENCO DA SERRA;Demais falhas mec�nicas ou el�tricas;Tombamento;Com V�timas Feridas;Pleno dia;Crescente;C�u Claro;Dupla;Reta;N�o;2;0;1;0;1;0;1;1;-23,87566146;-46,96690863;SPRF-SP;DEL04-SP;UOP01-DEL04-SP;;;
663454;20/01/2025;segunda-feira;14:00:00;RJ;101;283;ITABORAI;Rea��o tardia ou ineficiente do condutor;Colis�o traseira;Com V�timas Feridas;Pleno dia;Crescente;C�u Claro;Dupla;Reta;N�o;6;0;1;0;5;0;1;3;-22,73591014;-42,80592689;SPRF-RJ;DEL02-RJ;UOP02-DEL02-RJ;;;
663456;24/02/2025;segunda-feira;17:50:00;RS;290;144,7;ELDORADO DO SUL;Acessar a via sem observar a presen�a dos outros ve�culos;Colis�o lateral mesmo sentido;Com V�timas Feridas;Pleno dia;Decrescente;Sol;Simples;"Reta;Interse��o de Vias";N�o;2;0;1;0;1;0;1;2;-30,10071027;-51,65726852;SPRF-RS;DEL02-RS;UOP01-DEL02-RS;;;
663457;24/02/2025;segunda-feira;15:00:00;SC;101;447;SANTA ROSA DO SUL;Aus�ncia de rea��o do condutor;Sa�da de leito carro��vel;Com V�timas Feridas;Pleno dia;Crescente;C�u Claro;M�ltipla;Reta;Sim;3;0;1;1;1;0;2;1;-29,16398998;-49,74283218;SPRF-SC;DEL02-SC;UOP02-DEL02-SC;;;
663458;24/02/2025;segunda-feira;17:50:00;GO;40;3;VALPARAISO DE GOIAS;Rea��o tardia ou ineficiente do condutor;Sa�da de leito carro��vel;Com V�timas Feridas;Anoitecer;Decrescente;C�u Claro;Dupla;Reta;Sim;1;0;1;0;0;0;1;1;-16,081724;-47,98647;SPRF-DF;DEL01-DF;UOP01-DEL01-DF;;;
663459;24/02/2025;segunda-feira;17:50:00;MG;381;495,3;BETIM;Condutor deixou de manter dist�ncia do ve�culo da frente;Colis�o traseira;Com V�timas Feridas;Anoitecer;Decrescente;C�u Claro;Dupla;"Curva;Declive";N�o;2;0;1;0;1;0;1;2;-19,97018187;-44,18210416;SPRF-MG;DEL01-MG;UOP03-DEL01-MG;;;
663460;24/02/2025;segunda-feira;17:00:00;RJ;493;110;DUQUE DE CAXIAS;Aus�ncia de rea��o do condutor;Queda de ocupante de ve�culo;Com V�timas Feridas;Pleno dia;Decrescente;C�u Claro;Dupla;Reta;Sim;1;0;1;0;0;0;1;1;-22,671713;-43,2779505;SPRF-RJ;DEL01-RJ;UOP03-DEL01-RJ;;;
663461;24/02/2025;segunda-feira;18:10:00;DF;60;3;BRASILIA;Trafegar com motocicleta (ou similar) entre as faixas;Colis�o lateral mesmo sentido;Com V�timas Feridas;Anoitecer;Crescente;Nublado;Dupla;Reta;Sim;2;0;1;0;1;0;1;2;-15,889831;-48,085951;SPRF-DF;DEL03-DF;UOP01-DEL03-DF;;;
663464;24/02/2025;segunda-feira;17:40:00;RJ;465;14;SEROPEDICA;Ultrapassagem Indevida;Colis�o lateral mesmo sentido;Com V�timas Feridas;Pleno dia;Decrescente;C�u Claro;Simples;Reta;Sim;2;0;0;1;1;0;1;2;-22,80681;-43,6362;SPRF-RJ;DEL06-RJ;UOP02-DEL06-RJ;;;
663465;08/02/2025;s�bado;15:20:00;PR;376;188;MARIALVA;Condutor deixou de manter dist�ncia do ve�culo da frente;Colis�o com objeto;Com V�timas Feridas;Pleno dia;Decrescente;C�u Claro;Dupla;Reta;Sim;1;0;1;0;0;0;1;1;-23,45355633;-51,85016602;SPRF-PR;DEL09-PR;UOP01-DEL09-PR;;;
663466;24/02/2025;segunda-feira;18:05:00;SP;116;146;SAO JOSE DOS CAMPOS;Aus�ncia de rea��o do condutor;Engavetamento;Com V�timas Feridas;Pleno dia;Crescente;C�u Claro;Dupla;"Reta;Aclive";Sim;3;0;1;1;1;0;2;3;-23,18411492;-45,84955996;SPRF-SP;DEL02-SP;UOP01-DEL02-SP;;;
663467;24/02/2025;segunda-feira;18:00:00;PI;343;36;PARNAIBA;Acessar a via sem observar a presen�a dos outros ve�culos;Colis�o frontal;Com V�timas Feridas;Anoitecer;Decrescente;C�u Claro;Simples;Reta;Sim;3;0;0;1;2;0;1;2;-3,11274836;-41,78031921;SPRF-PI;DEL05-PI;UOP01-DEL05-PI;;;
663468;24/02/2025;segunda-feira;17:00:00;MA;230;404;BALSAS;Acessar a via sem observar a presen�a dos outros ve�culos;Colis�o transversal;Com V�timas Feridas;Pleno dia;Decrescente;C�u Claro;Simples;Reta;Sim;2;0;2;0;0;0;2;2;-7,52389115;-46,04206285;SPRF-MA;DEL05-MA;UOP01-DEL05-MA;;;
663469;24/02/2025;segunda-feira;17:00:00;SC;101;376,7;ICARA;Demais falhas mec�nicas ou el�tricas;Tombamento;Com V�timas Feridas;Pleno dia;Crescente;C�u Claro;M�ltipla;Curva;Sim;1;0;1;0;0;0;1;1;-28,72463918;-49,23804045;SPRF-SC;DEL02-SC;UOP01-DEL02-SC;;;
663470;24/02/2025;segunda-feira;18:10:00;SC;280;3;SAO FRANCISCO DO SUL;Acessar a via sem observar a presen�a dos outros ve�culos;Colis�o transversal;Com V�timas Feridas;Anoitecer;Crescente;C�u Claro;Simples;"Rotat�ria;Interse��o de Vias";Sim;3;0;2;0;1;0;2;2;-26,25171436;-48,61785471;SPRF-SC;DEL03-SC;UOP03-DEL03-SC;;;
663471;24/02/2025;segunda-feira;10:00:00;PI;230;302;FLORIANO;Acessar a via sem observar a presen�a dos outros ve�culos;Colis�o transversal;Com V�timas Feridas;Pleno dia;Crescente;Chuva;Simples;Curva;N�o;2;0;2;0;0;0;2;2;-6,809661;-42,9532;SPRF-PI;DEL03-PI;UOP01-DEL03-PI;;;
663472;24/02/2025;segunda-feira;18:10:00;CE;116;22,5;AQUIRAZ;Avarias e/ou desgaste excessivo no pneu;Tombamento;Com V�timas Feridas;Plena Noite;Crescente;Nublado;M�ltipla;Reta;Sim;2;0;2;0;0;0;2;1;-3,94658918;-38,51098537;SPRF-CE;DEL01-CE;UOP02-DEL01-CE;;;
663474;24/02/2025;segunda-feira;17:20:00;MG;267;123;JUIZ DE FORA;Acessar a via sem observar a presen�a dos outros ve�culos;Colis�o lateral mesmo sentido;Com V�timas Feridas;Pleno dia;Decrescente;Nublado;Simples;"Interse��o de Vias;Reta";N�o;2;0;1;0;1;0;1;2;-21,71122413;-43,49030256;SPRF-MG;DEL05-MG;UOP01-DEL05-MG;;;
663475;24/02/2025;segunda-feira;18:35:00;PE;232;515;SALGUEIRO;Animais na Pista;Atropelamento de Animal;Com V�timas Feridas;Pleno dia;Crescente;C�u Claro;Simples;Reta;N�o;2;0;1;1;0;0;2;1;-8,066963;-39,184298;SPRF-PE;DEL05-PE;UOP01-DEL05-PE;;;
663477;24/02/2025;segunda-feira;18:40:00;MG;381;894;CAMBUI;Aus�ncia de rea��o do condutor;Sa�da de leito carro��vel;Com V�timas Feridas;Anoitecer;Crescente;C�u Claro;Dupla;"Reta;Aclive";N�o;2;0;1;0;1;0;1;1;-22,58118;-46,04597;SPRF-MG;DEL16-MG;UOP01-DEL16-MG;;;
663478;24/02/2025;segunda-feira;18:32:00;RN;101;102;SAO JOSE DE MIPIBU;Aus�ncia de rea��o do condutor;Colis�o com objeto;Com V�timas Feridas;Plena Noite;Decrescente;C�u Claro;M�ltipla;Reta;N�o;3;0;1;0;1;1;1;3;-6,018491;-35,252473;SPRF-RN;DEL01-RN;UOP01-DEL01-RN;;;
663480;24/02/2025;segunda-feira;19:00:00;SC;101;208,2;SAO JOSE;Rea��o tardia ou ineficiente do condutor;Colis�o traseira;Com V�timas Feridas;Plena Noite;Decrescente;C�u Claro;M�ltipla;"Reta;Declive";Sim;2;0;0;1;1;0;1;2;-27,60491023;-48,633185;SPRF-SC;DEL01-SC;UOP01-DEL01-SC;;;
663485;01/02/2025;s�bado;17:30:00;PE;232;383;CALUMBI;Rea��o tardia ou ineficiente do condutor;Colis�o transversal;Com V�timas Feridas;Pleno dia;Crescente;C�u Claro;Simples;Reta;N�o;2;0;0;1;1;0;1;2;-8,03850174;-38,08422661;SPRF-PE;DEL04-PE;UOP01-DEL04-PE;;;
663486;17/02/2025;segunda-feira;05:30:00;MG;40;702,6;BARBACENA;Rea��o tardia ou ineficiente do condutor;Colis�o traseira;Sem V�timas;Amanhecer;Crescente;C�u Claro;Dupla;Reta;N�o;2;0;0;0;2;0;0;2;-21,220512;-43,734247;SPRF-MG;DEL05-MG;UOP02-DEL05-MG;;;
663487;24/02/2025;segunda-feira;19:30:00;SC;282;210,2;SAO JOSE;Rea��o tardia ou ineficiente do condutor;Colis�o traseira;Sem V�timas;Plena Noite;Decrescente;C�u Claro;M�ltipla;Reta;Sim;2;0;0;0;2;0;0;2;-27,615942;-48,644925;SPRF-SC;DEL05-SC;UOP01-DEL05-SC;;;
663491;24/02/2025;segunda-feira;19:30:00;RJ;101;508;ANGRA DOS REIS;Convers�o proibida;Colis�o transversal;Com V�timas Feridas;Plena Noite;Crescente;C�u Claro;Simples;Reta;N�o;4;0;1;0;2;1;1;3;-22,94416683;-44,42742348;SPRF-RJ;DEL03-RJ;UOP03-DEL03-RJ;;;
663492;24/02/2025;segunda-feira;20:00:00;SC;101;320,1;PESCARIA BRAVA;Convers�o proibida;Colis�o transversal;Com V�timas Feridas;Plena Noite;Decrescente;C�u Claro;Simples;Reta;Sim;2;0;1;0;1;0;1;2;-28,42469047;-48,89753401;SPRF-SC;DEL02-SC;UOP01-DEL02-SC;;;
663494;24/02/2025;segunda-feira;19:37:00;SC;280;4;SAO FRANCISCO DO SUL;Condutor deixou de manter dist�ncia do ve�culo da frente;Colis�o traseira;Com V�timas Feridas;Plena Noite;Decrescente;C�u Claro;Simples;Reta;N�o;3;0;1;0;2;0;1;2;-26,25708872;-48,62205505;SPRF-SC;DEL03-SC;UOP03-DEL03-SC;;;
663495;24/02/2025;segunda-feira;19:50:00;SC;101;206,6;SAO JOSE;Rea��o tardia ou ineficiente do condutor;Colis�o traseira;Com V�timas Feridas;Plena Noite;Decrescente;C�u Claro;M�ltipla;"Reta;Declive";Sim;2;0;1;0;1;0;1;2;-27,597782;-48,620298;SPRF-SC;DEL01-SC;UOP01-DEL01-SC;;;
663498;24/02/2025;segunda-feira;18:10:00;PR;373;193;PONTA GROSSA;Condutor deixou de manter dist�ncia do ve�culo da frente;Engavetamento;Com V�timas Feridas;Anoitecer;Decrescente;C�u Claro;Simples;Aclive;N�o;6;0;1;0;5;0;1;3;-25,07076;-50,359408;SPRF-PR;DEL03-PR;UOP01-DEL03-PR;;;
663500;24/02/2025;segunda-feira;18:40:00;PR;116;102,9;SAO JOSE DOS PINHAIS;Demais falhas mec�nicas ou el�tricas;Inc�ndio;Sem V�timas;Anoitecer;Decrescente;C�u Claro;Dupla;Reta;N�o;1;0;0;0;1;0;0;1;-25,569979;-49,187011;SPRF-PR;DEL01-PR;UOP07-DEL01-PR;;;
663502;24/02/2025;segunda-feira;15:50:00;MG;116;404,9;GOVERNADOR VALADARES;Demais Fen�menos da natureza;Colis�o com objeto;Com V�timas Feridas;Pleno dia;Decrescente;Chuva;Simples;Curva;N�o;5;0;1;0;4;0;1;1;-18,80753647;-41,98476792;SPRF-MG;DEL06-MG;UOP01-DEL06-MG;;;
663503;24/02/2025;segunda-feira;13:10:00;PA;163;524;ITAITUBA;Rea��o tardia ou ineficiente do condutor;Sa�da de leito carro��vel;Sem V�timas;Pleno dia;Crescente;Chuva;Simples;"Curva;Declive";N�o;5;0;0;0;1;4;0;1;-4,81026481;-56,12557983;SPRF-PA;DEL05-PA;UOP03-DEL05-PA;;;
663506;24/02/2025;segunda-feira;20:15:00;RS;293;105;PINHEIRO MACHADO;Sinaliza��o mal posicionada;Colis�o com objeto;Com V�timas Feridas;Plena Noite;Crescente;Ignorado;Simples;Reta;N�o;1;0;0;1;0;0;1;1;-31,57828864;-53,36369634;SPRF-RS;DEL11-RS;UOP03-DEL11-RS;;;
663507;30/01/2025;quinta-feira;16:00:00;PE;407;128;PETROLINA;Acessar a via sem observar a presen�a dos outros ve�culos;Sa�da de leito carro��vel;Com V�timas Feridas;Pleno dia;Decrescente;C�u Claro;M�ltipla;Reta;Sim;1;0;1;0;0;0;1;1;-9,39920045;-40,50481081;SPRF-PE;DEL06-PE;UOP01-DEL06-PE;;;
663508;24/02/2025;segunda-feira;20:30:00;MG;50;42;ARAGUARI;Velocidade Incompat�vel;Tombamento;Com V�timas Feridas;Plena Noite;Decrescente;C�u Claro;Dupla;Reta;N�o;1;0;1;0;0;0;1;1;-18,6757971;-48,1703639;SPRF-MG;DEL15-MG;UOP02-DEL15-MG;;;
663509;24/02/2025;segunda-feira;11:05:00;RS;386;435,2;NOVA SANTA RITA;Desrespeitar a prefer�ncia no cruzamento;Colis�o transversal;Com V�timas Feridas;Pleno dia;Decrescente;C�u Claro;Dupla;Rotat�ria;N�o;4;0;3;0;1;0;3;2;-29,84780952;-51,27100468;SPRF-RS;DEL04-RS;UOP02-DEL04-RS;;;
663511;24/02/2025;segunda-feira;18:55:00;PI;316;10;TERESINA;Aus�ncia de rea��o do condutor;Queda de ocupante de ve�culo;Com V�timas Feridas;Amanhecer;Decrescente;C�u Claro;M�ltipla;Reta;Sim;1;0;0;1;0;0;1;1;-5,2678834;-42,7275407;SPRF-PI;DEL01-PI;UOP02-DEL01-PI;;;
663512;24/02/2025;segunda-feira;21:30:00;SC;470;53,9;BLUMENAU;Aus�ncia de rea��o do condutor;Colis�o com objeto;Com V�timas Feridas;Plena Noite;Decrescente;C�u Claro;Simples;"Em Obras;Reta";N�o;1;0;1;0;0;0;1;1;-26,87120952;-49,11093056;SPRF-SC;DEL04-SC;UOP01-DEL04-SC;;;
663513;24/02/2025;segunda-feira;16:40:00;RJ;393;155;TRES RIOS;Problema na suspens�o;Queda de ocupante de ve�culo;Com V�timas Feridas;Pleno dia;Decrescente;C�u Claro;Simples;Curva;N�o;1;0;0;1;0;0;1;1;-22,10240539;-43,07539165;SPRF-RJ;DEL05-RJ;UOP01-DEL05-RJ;;;
663514;24/02/2025;segunda-feira;21:20:00;PR;277;75,5;SAO JOSE DOS PINHAIS;Condutor deixou de manter dist�ncia do ve�culo da frente;Colis�o traseira;Com V�timas Feridas;Plena Noite;Crescente;Nublado;Dupla;Reta;N�o;2;0;1;0;1;0;1;2;-25,4923889;-49,17051315;SPRF-PR;DEL01-PR;UOP07-DEL01-PR;;;
663515;24/02/2025;segunda-feira;17:50:00;SP;153;321;RIBEIRAO DO SUL;Acessar a via sem observar a presen�a dos outros ve�culos;Colis�o transversal;Com V�timas Feridas;Pleno dia;Decrescente;C�u Claro;Simples;Reta;N�o;2;0;0;1;1;0;1;2;-22,77421742;-49,88953292;SPRF-SP;DEL07-SP;UOP03-DEL07-SP;;;