id;data_inversa;dia_semana;horario;uf;br;km;municipio;causa_acidente;tipo_acidente;classificacao_acidente;fase_dia;sentido_via;condicao_metereologica;tipo_pista;tracado_via;uso_solo;pessoas;mortos;feridos_leves;feridos_graves;ilesos;ignorados;feridos;veiculos;latitude;longitude;regional;delegacia;uop;;;
663654;12/01/2025;domingo;17:30:00;MT;174;393;NOVA LACERDA;Aus�ncia de rea��o do condutor;Colis�o traseira;Com V�timas Feridas;Anoitecer;Crescente;Chuva;Simples;"Aclive;Reta";N�o;2;0;1;0;1;0;1;2;-14,44382499;-59,59962877;SPRF-MT;DEL04-MT;UOP02-DEL04-MT;;;
663658;25/02/2025;ter�a-feira;12:30:00;RN;405;188;MAJOR SALES;Ingest�o de �lcool pelo condutor;Colis�o traseira;Com V�timas Feridas;Pleno dia;Crescente;C�u Claro;Simples;Reta;Sim;3;0;2;1;0;0;3;2;-6,410977;-38,323807;SPRF-RN;DEL04-RN;UOP02-DEL04-RN;;;
663660;25/02/2025;ter�a-feira;16:50:00;RS;101;86,7;OSORIO;Transitar na contram�o;Colis�o frontal;Com V�timas Feridas;Pleno dia;Decrescente;C�u Claro;M�ltipla;Reta;Sim;2;0;0;1;1;0;1;2;-29,88128;-50,263261;SPRF-RS;DEL03-RS;UOP01-DEL03-RS;;;
663662;25/02/2025;ter�a-feira;17:40:00;GO;40;2,5;VALPARAISO DE GOIAS;Acessar a via sem observar a presen�a dos outros ve�culos;Colis�o transversal;Com V�timas Feridas;Anoitecer;Crescente;Nublado;Dupla;Retorno Regulamentado;Sim;2;0;1;0;1;0;1;2;-16,07438277;-47,98541665;SPRF-DF;DEL01-DF;UOP01-DEL01-DF;;;
663666;25/02/2025;ter�a-feira;14:40:00;MA;135;34,5;BACABEIRA;Demais falhas mec�nicas ou el�tricas;Capotamento;Com V�timas Fatais;Pleno dia;Crescente;Sol;Dupla;Reta;N�o;2;1;0;1;0;0;1;1;-2,847169;-44,374811;SPRF-MA;DEL01-MA;UOP01-DEL01-MA;;;
663668;25/02/2025;ter�a-feira;18:43:00;SP;116;202;ARUJA;Rea��o tardia ou ineficiente do condutor;Colis�o lateral mesmo sentido;Com V�timas Feridas;Plena Noite;Decrescente;C�u Claro;Dupla;Reta;N�o;2;0;1;0;0;1;1;2;-23,41054136;-46,34631872;SPRF-SP;DEL01-SP;UOP01-DEL01-SP;;;
663669;25/02/2025;ter�a-feira;18:00:00;RS;116;249;SAO LEOPOLDO;Aus�ncia de rea��o do condutor;Colis�o traseira;Com V�timas Feridas;Pleno dia;Crescente;C�u Claro;Dupla;Reta;Sim;2;0;1;0;1;0;1;2;-29,7798912;-51,157021;SPRF-RS;DEL01-RS;UOP02-DEL01-RS;;;
663671;25/02/2025;ter�a-feira;18:50:00;SC;101;120,9;ITAJAI;Acessar a via sem observar a presen�a dos outros ve�culos;Colis�o lateral mesmo sentido;Com V�timas Feridas;Plena Noite;Crescente;C�u Claro;Dupla;Reta;Sim;2;0;1;0;0;1;1;2;-26,9206559;-48,7076909;SPRF-SC;DEL04-SC;UOP04-DEL04-SC;;;
663672;25/02/2025;ter�a-feira;18:40:00;PA;10;19,5;DOM ELISEU;Transitar na contram�o;Colis�o lateral sentido oposto;Com V�timas Feridas;Plena Noite;Crescente;Nublado;Simples;Reta;Sim;2;0;1;0;0;1;1;2;-4,277305;-47,559178;SPRF-PA;DEL02-PA;UOP02-DEL02-PA;;;
663673;25/02/2025;ter�a-feira;18:30:00;SC;282;2,9;FLORIANOPOLIS;Rea��o tardia ou ineficiente do condutor;Colis�o traseira;Com V�timas Feridas;Plena Noite;Crescente;C�u Claro;M�ltipla;Curva;Sim;3;0;1;0;2;0;1;3;-27,6010259;-48,59874666;SPRF-SC;DEL01-SC;UOP01-DEL01-SC;;;
663674;25/02/2025;ter�a-feira;18:50:00;MG;365;701,4;MONTE ALEGRE DE MINAS;Acumulo de �gua sobre o pavimento;Sa�da de leito carro��vel;Com V�timas Feridas;Plena Noite;Crescente;Chuva;Dupla;"Declive;Reta";N�o;1;0;1;0;0;0;1;1;-18,867985;-49,066581;SPRF-MG;DEL15-MG;UOP03-DEL15-MG;;;
663675;25/02/2025;ter�a-feira;19:10:00;SP;116;202;ARUJA;Trafegar com motocicleta (ou similar) entre as faixas;Colis�o lateral mesmo sentido;Com V�timas Feridas;Plena Noite;Decrescente;Vento;M�ltipla;"Declive;Reta";N�o;5;0;1;0;3;1;1;4;-23,41060843;-46,34667546;SPRF-SP;DEL01-SP;UOP01-DEL01-SP;;;
663676;25/02/2025;ter�a-feira;16:35:00;BA;101;352;WENCESLAU GUIMARAES;Chuva;Colis�o frontal;Com V�timas Fatais;Pleno dia;Decrescente;Chuva;Simples;Curva;N�o;2;1;1;0;0;0;1;2;-13,626;-39,495;SPRF-BA;DEL05-BA;UOP03-DEL05-BA;;;
663677;25/02/2025;ter�a-feira;16:40:00;MG;262;444;NOVA SERRANA;Acessar a via sem observar a presen�a dos outros ve�culos;Colis�o lateral mesmo sentido;Com V�timas Feridas;Pleno dia;Crescente;C�u Claro;Dupla;Reta;Sim;2;0;0;1;1;0;1;2;-19,86601912;-44,99200344;SPRF-MG;DEL08-MG;UOP03-DEL08-MG;;;
663678;25/02/2025;ter�a-feira;18:20:00;RJ;116;171;RIO DE JANEIRO;Aus�ncia de rea��o do condutor;Colis�o com objeto;Com V�timas Feridas;Anoitecer;Crescente;C�u Claro;M�ltipla;Reta;Sim;2;0;0;1;0;1;1;2;-22,8084839;-43,33872557;SPRF-RJ;DEL06-RJ;UOP01-DEL06-RJ;;;
663679;25/02/2025;ter�a-feira;18:00:00;RS;392;137;CANGUCU;Desrespeitar a prefer�ncia no cruzamento;Colis�o transversal;Com V�timas Feridas;Anoitecer;Crescente;Nublado;Simples;"Interse��o de Vias;Reta";N�o;2;0;1;0;1;0;1;2;-31,27687;-52,79171;SPRF-RS;DEL07-RS;UOP01-DEL07-RS;;;
663681;25/02/2025;ter�a-feira;19:15:00;SP;116;113;TAUBATE;Avarias e/ou desgaste excessivo no pneu;Tombamento;Com V�timas Feridas;Plena Noite;Decrescente;C�u Claro;Dupla;Reta;Sim;2;0;2;0;0;0;2;1;-23,04703801;-45,59150219;SPRF-SP;DEL02-SP;UOP02-DEL02-SP;;;
663682;25/02/2025;ter�a-feira;19:15:00;TO;10;457;PALMAS;Pedestre - Ingest�o de �lcool/ subst�ncias psicoativas;Atropelamento de Pedestre;Com V�timas Feridas;Plena Noite;Crescente;Garoa/Chuvisco;M�ltipla;"Reta;Ponte";Sim;2;0;2;0;0;0;2;2;-10,28932;-48,29737;SPRF-TO;DEL01-TO;UOP03-DEL01-TO;;;
663684;25/02/2025;ter�a-feira;16:50:00;PB;412;144;MONTEIRO;Rea��o tardia ou ineficiente do condutor;Colis�o traseira;Com V�timas Feridas;Pleno dia;Decrescente;Ignorado;Simples;Reta;Sim;2;0;0;2;0;0;2;2;-7,891974;-37,111462;SPRF-PB;DEL02-PB;UOP02-DEL02-PB;;;
663688;25/02/2025;ter�a-feira;17:45:00;MG;40;632,1;CONSELHEIRO LAFAIETE;Acessar a via sem observar a presen�a dos outros ve�culos;Colis�o traseira;Com V�timas Feridas;Pleno dia;Crescente;Nublado;Dupla;Retorno Regulamentado;Sim;2;0;1;0;1;0;1;2;-20,677496;-43,794394;SPRF-MG;DEL05-MG;UOP02-DEL05-MG;;;
663691;25/02/2025;ter�a-feira;19:32:00;BA;367;23;PORTO SEGURO;Acessar a via sem observar a presen�a dos outros ve�culos;Colis�o frontal;Com V�timas Feridas;Plena Noite;Crescente;C�u Claro;Simples;Reta;Sim;2;0;1;0;1;0;1;2;-16,4377;-39,082;SPRF-BA;DEL09-BA;UOP03-DEL09-BA;;;
663692;25/02/2025;ter�a-feira;16:30:00;BA;324;543;AMELIA RODRIGUES;Pedestre andava na pista;Atropelamento de Pedestre;Com V�timas Feridas;Pleno dia;Crescente;C�u Claro;Dupla;Reta;Sim;2;0;0;1;1;0;1;2;-12,3961398;-38,7689038;SPRF-BA;DEL01-BA;UOP03-DEL01-BA;;;
663693;25/02/2025;ter�a-feira;19:00:00;MT;364;206;RONDONOPOLIS;Aus�ncia de rea��o do condutor;Colis�o com objeto;Sem V�timas;Plena Noite;Crescente;C�u Claro;Dupla;"Interse��o de Vias;Retorno Regulamentado";Sim;2;0;0;0;2;0;0;1;-16,448853;-54,665739;SPRF-MT;DEL02-MT;UOP01-DEL02-MT;;;
663694;25/02/2025;ter�a-feira;17:35:00;TO;153;496,9;PARAISO DO TOCANTINS;Acessar a via sem observar a presen�a dos outros ve�culos;Colis�o transversal;Com V�timas Feridas;Pleno dia;Crescente;Nublado;Simples;"Interse��o de Vias;T�nel;Reta;Declive";Sim;2;0;1;1;0;0;2;2;-10,173896;-48,880894;SPRF-TO;DEL01-TO;UOP01-DEL01-TO;;;
663695;25/02/2025;ter�a-feira;17:30:00;SP;116;169;SAO JOSE DOS CAMPOS;Avarias e/ou desgaste excessivo no pneu;Tombamento;Com V�timas Feridas;Pleno dia;Crescente;C�u Claro;Dupla;Declive;N�o;1;0;1;0;0;0;1;1;-23,2423424;-45,924352;SPRF-SP;DEL02-SP;UOP01-DEL02-SP;;;
663696;25/02/2025;ter�a-feira;17:10:00;SC;282;22,2;SANTO AMARO DA IMPERATRIZ;Rea��o tardia ou ineficiente do condutor;Tombamento;Com V�timas Feridas;Pleno dia;Crescente;Sol;Simples;Reta;Sim;1;0;1;0;0;0;1;1;-27,68897114;-48,73041609;SPRF-SC;DEL01-SC;UOP02-DEL01-SC;;;
663697;25/02/2025;ter�a-feira;19:20:00;MG;146;439,5;CABO VERDE;Acessar a via sem observar a presen�a dos outros ve�culos;Colis�o transversal;Com V�timas Feridas;Plena Noite;Crescente;C�u Claro;Simples;"Interse��o de Vias;Reta;Declive";Sim;3;0;2;0;0;1;2;3;-21,47222958;-46,40265584;SPRF-MG;DEL09-MG;UOP01-DEL09-MG;;;
663698;25/02/2025;ter�a-feira;19:45:00;PB;230;6;CABEDELO;Velocidade Incompat�vel;Colis�o traseira;Com V�timas Feridas;Plena Noite;Decrescente;C�u Claro;Dupla;"Em Obras;Reta";Sim;2;0;1;0;0;1;1;2;-7,0242302;-34,8378828;SPRF-PB;DEL01-PB;UOP01-DEL01-PB;;;
663699;25/02/2025;ter�a-feira;19:40:00;CE;222;1,2;FORTALEZA;Trafegar com motocicleta (ou similar) entre as faixas;Queda de ocupante de ve�culo;Com V�timas Feridas;Plena Noite;Crescente;Nublado;M�ltipla;Reta;Sim;2;0;0;2;0;0;2;2;-3,73776643;-38,5786969;SPRF-CE;DEL01-CE;UOP01-DEL01-CE;;;
663700;25/02/2025;ter�a-feira;19:00:00;MG;116;524,4;CARATINGA;Desrespeitar a prefer�ncia no cruzamento;Colis�o transversal;Com V�timas Feridas;Anoitecer;Decrescente;C�u Claro;Simples;Retorno Regulamentado;Sim;2;0;1;0;1;0;1;2;-19,78221128;-42,13291168;SPRF-MG;DEL06-MG;UOP02-DEL06-MG;;;
663701;25/02/2025;ter�a-feira;19:50:00;MG;381;510;IGARAPE;Acessar a via sem observar a presen�a dos outros ve�culos;Colis�o transversal;Com V�timas Feridas;Pleno dia;Decrescente;C�u Claro;Simples;Reta;Sim;2;0;0;1;1;0;1;2;-20,06349479;-44,29189682;SPRF-MG;DEL01-MG;UOP03-DEL01-MG;;;
663702;25/02/2025;ter�a-feira;15:10:00;MG;381;195,4;PERIQUITO;Rea��o tardia ou ineficiente do condutor;Sa�da de leito carro��vel;Com V�timas Feridas;Pleno dia;Crescente;Sol;Simples;Reta;N�o;2;0;2;0;0;0;2;1;-19,114313;-42,206958;SPRF-MG;DEL06-MG;UOP01-DEL06-MG;;;
663703;25/02/2025;ter�a-feira;21:00:00;SP;116;166;JACAREI;Demais falhas mec�nicas ou el�tricas;Inc�ndio;Sem V�timas;Plena Noite;Crescente;C�u Claro;M�ltipla;Reta;Sim;2;0;0;0;2;0;0;1;-23,29922089;-46,01256609;SPRF-SP;DEL02-SP;UOP01-DEL02-SP;;;
663704;25/02/2025;ter�a-feira;21:08:00;RN;101;78,8;NATAL;Acessar a via sem observar a presen�a dos outros ve�culos;Colis�o transversal;Com V�timas Feridas;Plena Noite;Decrescente;C�u Claro;Dupla;Reta;N�o;2;0;0;2;0;0;2;1;-5,7458051;-35,2893048;SPRF-RN;DEL02-RN;UOP01-DEL02-RN;;;
663705;25/02/2025;ter�a-feira;21:15:00;SC;470;53,2;BLUMENAU;Aus�ncia de sinaliza��o;Colis�o com objeto;Com V�timas Feridas;Plena Noite;Decrescente;Ignorado;Dupla;"Em Obras;Curva";Sim;1;0;0;1;0;0;1;1;-26,8682479;-49,10381198;SPRF-SC;DEL04-SC;UOP01-DEL04-SC;;;
663707;25/02/2025;ter�a-feira;17:44:00;SC;280;28;ARAQUARI;Transitar no Acostamento;Colis�o transversal;Com V�timas Feridas;Pleno dia;Crescente;Sol;Simples;Reta;Sim;3;0;2;0;1;0;2;2;-26,4041716;-48,7453123;SPRF-SC;DEL03-SC;UOP03-DEL03-SC;;;
663711;25/02/2025;ter�a-feira;21:00:00;PB;104;131,6;QUEIMADAS;Acessar a via sem observar a presen�a dos outros ve�culos;Colis�o transversal;Com V�timas Feridas;Plena Noite;Crescente;C�u Claro;Simples;Reta;Sim;2;0;2;0;0;0;2;2;-7,289778;-35,890323;SPRF-PB;DEL02-PB;UOP03-DEL02-PB;;;
663712;25/02/2025;ter�a-feira;22:10:00;SC;282;74;RANCHO QUEIMADO;Demais falhas mec�nicas ou el�tricas;Inc�ndio;Sem V�timas;Plena Noite;Crescente;Nevoeiro/Neblina;Simples;Curva;N�o;1;0;0;0;1;0;0;1;-27,687104;-49,034993;SPRF-SC;DEL01-SC;UOP03-DEL01-SC;;;
663713;25/02/2025;ter�a-feira;20:57:00;SC;101;196,1;BIGUACU;Rea��o tardia ou ineficiente do condutor;Atropelamento de Pedestre;Com V�timas Feridas;Plena Noite;Decrescente;C�u Claro;Dupla;Reta;Sim;2;0;1;0;0;1;1;2;-27,511358;-48,64232;SPRF-SC;DEL01-SC;UOP01-DEL01-SC;;;
663714;25/02/2025;ter�a-feira;22:50:00;RJ;116;137;MAGE;Aus�ncia de rea��o do condutor;Tombamento;Com V�timas Feridas;Plena Noite;Decrescente;C�u Claro;Dupla;Reta;N�o;1;0;1;0;0;0;1;1;-22,64633361;-43,20270538;SPRF-RJ;DEL04-RJ;UOP02-DEL04-RJ;;;
663715;25/02/2025;ter�a-feira;17:00:00;PR;158;336,5;PALMITAL;Aus�ncia de rea��o do condutor;Sa�da de leito carro��vel;Com V�timas Fatais;Pleno dia;Crescente;C�u Claro;Simples;Reta;N�o;3;1;2;0;0;0;2;1;-24,897;-52,2595;SPRF-PR;DEL04-PR;UOP02-DEL04-PR;;;
663716;25/02/2025;ter�a-feira;18:40:00;RJ;493;3;ITABORAI;Rea��o tardia ou ineficiente do condutor;Colis�o lateral mesmo sentido;Com V�timas Feridas;Plena Noite;Crescente;C�u Claro;Dupla;Reta;Sim;2;0;1;0;1;0;1;2;-22,72587347;-42,95103145;SPRF-RJ;DEL02-RJ;UOP02-DEL02-RJ;;;
663717;25/02/2025;ter�a-feira;21:00:00;PE;232;509;SALGUEIRO;Acesso irregular;Colis�o transversal;Com V�timas Feridas;Plena Noite;Crescente;C�u Claro;Simples;Reta;Sim;2;0;0;1;1;0;1;2;-8,06685418;-39,13396287;SPRF-PE;DEL05-PE;UOP01-DEL05-PE;;;
663720;26/02/2025;quarta-feira;00:00:00;RS;392;61;PELOTAS;Condutor Dormindo;Sa�da de leito carro��vel;Com V�timas Feridas;Plena Noite;Decrescente;C�u Claro;Dupla;Curva;Sim;2;0;0;1;1;0;1;1;-31,7856031;-52,3548317;SPRF-RS;DEL07-RS;UOP01-DEL07-RS;;;
663722;26/02/2025;quarta-feira;01:00:00;GO;60;164,2;GOIANIA;Rea��o tardia ou ineficiente do condutor;Colis�o com objeto;Com V�timas Feridas;Plena Noite;Crescente;C�u Claro;Dupla;"Aclive;Viaduto";Sim;1;0;0;1;0;0;1;1;-16,71153552;-49,35576439;SPRF-GO;DEL01-GO;UOP02-DEL01-GO;;;
663728;26/02/2025;quarta-feira;03:09:00;PE;232;9;JABOATAO DOS GUARARAPES;Condutor deixou de manter dist�ncia do ve�culo da frente;Colis�o traseira;Com V�timas Feridas;Plena Noite;Decrescente;C�u Claro;Dupla;Viaduto;N�o;2;0;1;0;0;1;1;2;-8,07833;-34,98015;SPRF-PE;DEL01-PE;UOP01-DEL01-PE;;;
663732;14/02/2025;sexta-feira;08:15:00;BA;101;35,1;ESPLANADA;Desvio tempor�rio;Colis�o lateral mesmo sentido;Com V�timas Feridas;Pleno dia;Crescente;C�u Claro;Simples;Desvio Tempor�rio;N�o;2;0;1;0;1;0;1;2;-11,77389;-37,9456;SPRF-SE;DEL02-SE;UOP03-DEL02-SE;;;
663733;26/02/2025;quarta-feira;05:00:00;RJ;101;386;RIO DE JANEIRO;Animais na Pista;Atropelamento de Animal;Com V�timas Feridas;Amanhecer;Crescente;C�u Claro;Dupla;Reta;Sim;1;0;1;0;0;0;1;1;-22,88408;-43,645273;SPRF-RJ;DEL03-RJ;UOP01-DEL03-RJ;;;
663734;25/02/2025;ter�a-feira;19:30:00;MA;10;109;ESTREITO;Transitar na contram�o;Colis�o frontal;Com V�timas Fatais;Plena Noite;Decrescente;Chuva;Simples;Reta;N�o;7;2;1;0;4;0;1;2;-6,71630125;-47,4615424;SPRF-MA;DEL04-MA;UOP02-DEL04-MA;;;
663736;26/02/2025;quarta-feira;06:40:00;RS;116;225;DOIS IRMAOS;Acesso irregular;Colis�o traseira;Com V�timas Feridas;Pleno dia;Crescente;C�u Claro;Simples;"Interse��o de Vias;Aclive;Reta";Sim;2;0;1;0;1;0;1;2;-29,59810001;-51,110522;SPRF-RS;DEL01-RS;UOP02-DEL01-RS;;;
663737;25/02/2025;ter�a-feira;22:15:00;RJ;116;148;DUQUE DE CAXIAS;Acumulo de �leo sobre o pavimento;Tombamento;Com V�timas Feridas;Plena Noite;Crescente;C�u Claro;Dupla;"Curva;Declive";Sim;1;0;1;0;0;0;1;1;-22,67146165;-43,28677654;SPRF-RJ;DEL01-RJ;UOP02-DEL01-RJ;;;
663738;26/02/2025;quarta-feira;07:00:00;SP;153;61;SAO JOSE DO RIO PRETO;Frear bruscamente;Colis�o traseira;Com V�timas Feridas;Pleno dia;Crescente;C�u Claro;Dupla;"Interse��o de Vias;Reta;Declive";Sim;1;0;1;0;0;0;1;1;-20,83235;-49,36322;SPRF-SP;DEL09-SP;UOP01-DEL09-SP;;;
663743;26/02/2025;quarta-feira;07:00:00;RN;304;301;MACAIBA;Manobra de mudan�a de faixa;Colis�o lateral mesmo sentido;Com V�timas Feridas;Pleno dia;Crescente;C�u Claro;Dupla;Reta;N�o;2;0;1;0;1;0;1;2;-5,8769425;-35,3045122;SPRF-RN;DEL01-RN;UOP02-DEL01-RN;;;
663745;26/02/2025;quarta-feira;06:15:00;RS;386;42,5;FREDERICO WESTPHALEN;Transitar na contram�o;Colis�o lateral sentido oposto;Com V�timas Feridas;Pleno dia;Crescente;Sol;Simples;Reta;N�o;3;0;2;1;0;0;3;2;-27,42585033;-53,42181444;SPRF-RS;DEL08-RS;UOP02-DEL08-RS;;;
663747;22/01/2025;quarta-feira;15:00:00;AP;156;766;OIAPOQUE;Acessar a via sem observar a presen�a dos outros ve�culos;Colis�o transversal;Sem V�timas;Pleno dia;Decrescente;Chuva;Simples;Reta;N�o;7;0;0;0;7;0;0;2;3,41390805;-51,73082785;SPRF-AP;DEL01-AP;UOP03-DEL01-AP;;;
663748;23/02/2025;domingo;01:00:00;RJ;101;409;ITAGUAI;Ingest�o de �lcool pelo condutor;Atropelamento de Pedestre;Com V�timas Fatais;Plena Noite;Decrescente;C�u Claro;Dupla;Reta;Sim;3;1;0;0;2;0;0;2;-22,89641272;-43,85416567;SPRF-RJ;DEL03-RJ;UOP01-DEL03-RJ;;;
663749;26/02/2025;quarta-feira;07:00:00;PR;153;109,1;IBAITI;Rea��o tardia ou ineficiente do condutor;Colis�o transversal;Com V�timas Feridas;Pleno dia;Crescente;C�u Claro;Simples;Reta;Sim;2;0;1;0;1;0;1;2;-23,84776;-50,19211;SPRF-PR;DEL07-PR;UOP04-DEL07-PR;;;
663750;26/02/2025;quarta-feira;06:10:00;PR;153;460;UNIAO DA VITORIA;Velocidade Incompat�vel;Sa�da de leito carro��vel;Com V�timas Feridas;Amanhecer;Decrescente;Nublado;Simples;Curva;N�o;1;0;0;1;0;0;1;1;-26,22676932;-51,13664894;SPRF-PR;DEL02-PR;UOP03-DEL02-PR;;;
663751;26/02/2025;quarta-feira;07:30:00;RJ;101;310,7;SAO GONCALO;Manobra de mudan�a de faixa;Colis�o lateral mesmo sentido;Com V�timas Feridas;Pleno dia;Crescente;C�u Claro;Dupla;Reta;Sim;2;0;1;0;1;0;1;2;-22,79859973;-43,04891212;SPRF-RJ;DEL02-RJ;UOP02-DEL02-RJ;;;
663754;26/02/2025;quarta-feira;07:30:00;MG;381;485;BETIM;Frear bruscamente;Queda de ocupante de ve�culo;Com V�timas Feridas;Pleno dia;Decrescente;C�u Claro;Dupla;"Reta;Declive";N�o;1;0;1;0;0;0;1;1;-19,9965181;-44,2090461;SPRF-MG;DEL01-MG;UOP03-DEL01-MG;;;
663755;26/02/2025;quarta-feira;07:35:00;SC;280;26,8;ARAQUARI;Condutor deixou de manter dist�ncia do ve�culo da frente;Colis�o lateral mesmo sentido;Com V�timas Feridas;Pleno dia;Crescente;C�u Claro;Simples;Reta;N�o;3;0;2;0;1;0;2;2;-26,396508;-48,740423;SPRF-SC;DEL03-SC;UOP03-DEL03-SC;;;
663757;26/02/2025;quarta-feira;06:55:00;MS;163;482;CAMPO GRANDE;Problema na suspens�o;Sa�da de leito carro��vel;Com V�timas Feridas;Pleno dia;Decrescente;Nublado;Simples;Reta;Sim;1;0;1;0;0;0;1;1;-20,46094553;-54,55164766;SPRF-MS;DEL01-MS;UOP02-DEL01-MS;;;
663758;26/02/2025;quarta-feira;03:55:00;RJ;40;92;PETROPOLIS;Demais falhas na via;Sa�da de leito carro��vel;Com V�timas Feridas;Plena Noite;Decrescente;C�u Claro;Simples;"Curva;Declive";N�o;3;0;2;0;1;0;2;1;-22,5367715;-43,2146488;SPRF-RJ;DEL01-RJ;UOP01-DEL01-RJ;;;
663759;23/02/2025;domingo;03:50:00;BA;420;258;MUTUIPE;Rea��o tardia ou ineficiente do condutor;Sa�da de leito carro��vel;Sem V�timas;Plena Noite;Decrescente;C�u Claro;Simples;Curva;N�o;1;0;0;0;0;1;0;1;-13,23321969;-39,52222109;SPRF-BA;DEL01-BA;UOP02-DEL01-BA;;;
663760;26/02/2025;quarta-feira;08:00:00;PR;277;79,8;CURITIBA;Trafegar com motocicleta (ou similar) entre as faixas;Colis�o traseira;Com V�timas Feridas;Pleno dia;Crescente;Sol;Dupla;Curva;Sim;2;0;1;0;1;0;1;2;-25,475405;-49,207743;SPRF-PR;DEL01-PR;UOP03-DEL01-PR;;;
663761;26/02/2025;quarta-feira;08:45:00;SC;101;273,1;IMBITUBA;Manobra de mudan�a de faixa;Colis�o traseira;Com V�timas Feridas;Pleno dia;Crescente;C�u Claro;Dupla;Reta;N�o;2;0;1;0;1;0;1;2;-28,13373562;-48,69227126;SPRF-SC;DEL02-SC;UOP03-DEL02-SC;;;
663762;12/02/2025;quarta-feira;08:50:00;PR;158;519;PATO BRANCO;Condutor deixou de manter dist�ncia do ve�culo da frente;Colis�o traseira;Com V�timas Feridas;Pleno dia;Decrescente;C�u Claro;Simples;Reta;N�o;4;0;2;0;2;0;2;3;-26,10060199;-52,64367598;SPRF-PR;DEL02-PR;UOP01-DEL02-PR;;;
663763;26/02/2025;quarta-feira;07:50:00;MG;146;431,5;PATOS DE MINAS;Acessar a via sem observar a presen�a dos outros ve�culos;Colis�o transversal;Com V�timas Feridas;Amanhecer;Decrescente;C�u Claro;Simples;Interse��o de Vias;N�o;3;0;2;0;1;0;2;2;-18,75902689;-46,66377854;SPRF-MG;DEL09-MG;UOP01-DEL09-MG;;;
663764;26/02/2025;quarta-feira;01:20:00;RJ;116;169;RIO DE JANEIRO;Manobra de mudan�a de faixa;Queda de ocupante de ve�culo;Com V�timas Feridas;Plena Noite;Decrescente;C�u Claro;M�ltipla;Curva;N�o;1;0;1;0;0;0;1;1;-22,817494;-43,322473;SPRF-RJ;DEL06-RJ;UOP01-DEL06-RJ;;;
663765;26/02/2025;quarta-feira;08:50:00;ES;101;335;GUARAPARI;Acumulo de �leo sobre o pavimento;Tombamento;Com V�timas Feridas;Pleno dia;Decrescente;Sol;Simples;"Aclive;Viaduto;Curva";N�o;1;0;1;0;0;0;1;1;-20,52434115;-40,47863781;SPRF-ES;DEL03-ES;UOP01-DEL03-ES;;;
663766;26/02/2025;quarta-feira;08:28:00;DF;20;4;BRASILIA;Condutor deixou de manter dist�ncia do ve�culo da frente;Colis�o traseira;Sem V�timas;Pleno dia;Decrescente;C�u Claro;Dupla;Reta;Sim;2;0;0;0;2;0;0;2;-15,671468;-47,817765;SPRF-DF;DEL02-DF;UOP01-DEL02-DF;;;
663767;26/02/2025;quarta-feira;07:50:00;RS;470;175;VERANOPOLIS;Acessar a via sem observar a presen�a dos outros ve�culos;Colis�o transversal;Com V�timas Feridas;Pleno dia;Decrescente;C�u Claro;Simples;Reta;Sim;2;0;1;0;1;0;1;2;-28,92678668;-51,54156446;SPRF-RS;DEL06-RS;UOP02-DEL06-RS;;;
663768;26/02/2025;quarta-feira;08:20:00;MG;40;778,2;JUIZ DE FORA;Pedestre cruzava a pista fora da faixa;Atropelamento de Pedestre;Com V�timas Feridas;Pleno dia;Decrescente;Sol;Dupla;Reta;N�o;2;0;1;0;1;0;1;2;-21,68540391;-43,45148832;SPRF-MG;DEL05-MG;UOP01-DEL05-MG;;;
663769;26/02/2025;quarta-feira;08:55:00;SC;101;200,6;SAO JOSE;Convers�o proibida;Colis�o lateral mesmo sentido;Com V�timas Feridas;Pleno dia;Decrescente;Sol;M�ltipla;"Reta;Interse��o de Vias";Sim;2;0;0;1;1;0;1;2;-27,54524212;-48,61963034;SPRF-SC;DEL01-SC;UOP01-DEL01-SC;;;
663770;26/02/2025;quarta-feira;08:20:00;RJ;493;108;SEROPEDICA;Avarias e/ou desgaste excessivo no pneu;Sa�da de leito carro��vel;Com V�timas Feridas;Pleno dia;Crescente;C�u Claro;Dupla;Reta;N�o;1;0;0;1;0;0;1;1;-22,791624;-43,780505;SPRF-RJ;DEL01-RJ;UOP03-DEL01-RJ;;;
663771;26/02/2025;quarta-feira;08:00:00;AM;230;614;HUMAITA;Condutor desrespeitou a ilumina��o vermelha do sem�foro;Colis�o transversal;Com V�timas Feridas;Pleno dia;Crescente;Nublado;Simples;Reta;Sim;2;0;1;0;1;0;1;2;-7,51089644;-63,02993774;SPRF-AM;DEL02-AM;UOP01-DEL02-AM;;;
663772;26/02/2025;quarta-feira;09:10:00;SP;116;227;SAO PAULO;Ultrapassagem Indevida;Colis�o transversal;Com V�timas Feridas;Pleno dia;Crescente;C�u Claro;M�ltipla;Interse��o de Vias;Sim;2;0;0;1;1;0;1;2;-23,50518;-46,568724;SPRF-SP;DEL01-SP;UOP01-DEL01-SP;;;
663773;26/02/2025;quarta-feira;08:03:00;MG;365;626,7;UBERLANDIA;Rea��o tardia ou ineficiente do condutor;Colis�o traseira;Com V�timas Feridas;Pleno dia;Decrescente;C�u Claro;Dupla;Interse��o de Vias;Sim;2;0;1;0;1;0;1;2;-18,90585092;-48,32034;SPRF-MG;DEL15-MG;UOP01-DEL15-MG;;;