id;data_inversa;dia_semana;horario;uf;br;km;municipio;causa_acidente;tipo_acidente;classificacao_acidente;fase_dia;sentido_via;condicao_metereologica;tipo_pista;tracado_via;uso_solo;pessoas;mortos;feridos_leves;feridos_graves;ilesos;ignorados;feridos;veiculos;latitude;longitude;regional;delegacia;uop;;;
663778;26/02/2025;quarta-feira;08:20:00;PE;101;63;RECIFE;Transitar no Acostamento;Atropelamento de Pedestre;Com V�timas Feridas;Pleno dia;Decrescente;C�u Claro;Dupla;Reta;N�o;2;0;0;1;1;0;1;2;-8,014843;-34,939434;SPRF-PE;DEL01-PE;UOP01-DEL01-PE;;;
663781;26/02/2025;quarta-feira;08:00:00;PR;376;594,5;CURITIBA;Rea��o tardia ou ineficiente do condutor;Colis�o com objeto;Com V�timas Feridas;Pleno dia;Decrescente;C�u Claro;Dupla;Reta;Sim;1;0;1;0;0;0;1;1;-25,45546864;-49,3609339;SPRF-PR;DEL03-PR;UOP03-DEL03-PR;;;
663783;26/02/2025;quarta-feira;06:50:00;MT;163;752;SORRISO;Rea��o tardia ou ineficiente do condutor;Colis�o traseira;Com V�timas Feridas;Pleno dia;Decrescente;Chuva;Dupla;"Aclive;Viaduto";Sim;3;0;1;0;2;0;1;2;-12,55891997;-55,71849346;SPRF-MT;DEL06-MT;UOP01-DEL06-MT;;;
663787;26/02/2025;quarta-feira;10:10:00;SP;116;75,3;APARECIDA;Aus�ncia de rea��o do condutor;Colis�o com objeto;Com V�timas Feridas;Pleno dia;Crescente;C�u Claro;Dupla;"Em Obras;Reta";Sim;1;0;0;1;0;0;1;1;-22,8753033;-45,26496;SPRF-SP;DEL08-SP;UOP01-DEL08-SP;;;
663789;26/02/2025;quarta-feira;11:00:00;SP;116;209,8;GUARULHOS;Manobra de mudan�a de faixa;Colis�o lateral mesmo sentido;Com V�timas Feridas;Pleno dia;Decrescente;C�u Claro;M�ltipla;"Reta;Interse��o de Vias";Sim;2;0;2;0;0;0;2;2;-23,4298757;-46,4135405;SPRF-SP;DEL01-SP;UOP01-DEL01-SP;;;
663790;26/02/2025;quarta-feira;09:30:00;ES;262;0,9;CARIACICA;Aus�ncia de rea��o do condutor;Colis�o com objeto;Com V�timas Feridas;Pleno dia;Crescente;C�u Claro;Dupla;Reta;N�o;1;0;0;1;0;0;1;1;-20,33023865;-40,35482168;SPRF-ES;DEL01-ES;UOP01-DEL01-ES;;;
663791;24/02/2025;segunda-feira;15:00:00;BA;101;475;URUCUCA;Aus�ncia de rea��o do condutor;Engavetamento;Sem V�timas;Pleno dia;Crescente;C�u Claro;Simples;Reta;N�o;3;0;0;0;3;0;0;3;-14,57606937;-39,3366623;SPRF-BA;DEL05-BA;UOP01-DEL05-BA;;;
663792;26/02/2025;quarta-feira;06:57:00;RS;116;642;ARROIO GRANDE;Animais na Pista;Capotamento;Com V�timas Feridas;Pleno dia;Crescente;C�u Claro;Simples;"Ponte;Reta";N�o;1;0;1;0;0;0;1;1;-32,2409117;-53,0889048;SPRF-RS;DEL07-RS;UOP03-DEL07-RS;;;
663794;26/02/2025;quarta-feira;11:00:00;PE;101;53;ABREU E LIMA;Rea��o tardia ou ineficiente do condutor;Colis�o traseira;Com V�timas Feridas;Pleno dia;Decrescente;C�u Claro;Dupla;Reta;Sim;2;0;1;0;0;1;1;2;-7,92461355;-34,93757486;SPRF-PE;DEL01-PE;UOP02-DEL01-PE;;;
663797;26/02/2025;quarta-feira;10:35:00;RJ;465;5;SEROPEDICA;Ultrapassagem Indevida;Colis�o transversal;Com V�timas Feridas;Pleno dia;Crescente;C�u Claro;Simples;Reta;Sim;2;0;1;0;1;0;1;2;-22,74450286;-43,70229363;SPRF-RJ;DEL06-RJ;UOP02-DEL06-RJ;;;
663798;26/02/2025;quarta-feira;08:45:00;PI;343;148;PIRACURUCA;Transitar na contram�o;Sa�da de leito carro��vel;Com V�timas Feridas;Pleno dia;Crescente;C�u Claro;Simples;Curva;N�o;1;0;0;1;0;0;1;1;-3,97180599;-41,75311089;SPRF-PI;DEL02-PI;UOP01-DEL02-PI;;;
663799;26/02/2025;quarta-feira;10:50:00;MA;10;255;IMPERATRIZ;Condutor deixou de manter dist�ncia do ve�culo da frente;Colis�o traseira;Sem V�timas;Pleno dia;Decrescente;C�u Claro;Simples;Reta;Sim;2;0;0;0;2;0;0;2;-5,508045;-47,47183;SPRF-MA;DEL04-MA;UOP01-DEL04-MA;;;
663800;26/02/2025;quarta-feira;12:00:00;GO;153;547,5;HIDROLANDIA;Rea��o tardia ou ineficiente do condutor;Sa�da de leito carro��vel;Com V�timas Feridas;Pleno dia;Decrescente;Nublado;Dupla;Reta;N�o;3;0;3;0;0;0;3;1;-17,04365529;-49,22424316;SPRF-GO;DEL01-GO;UOP03-DEL01-GO;;;
663801;26/02/2025;quarta-feira;10:40:00;PR;153;31,2;SANTO ANTONIO DA PLATINA;Condutor deixou de manter dist�ncia do ve�culo da frente;Colis�o traseira;Sem V�timas;Pleno dia;Crescente;C�u Claro;Simples;Reta;N�o;2;0;0;0;2;0;0;2;-23,22496524;-50,02451241;SPRF-PR;DEL07-PR;UOP04-DEL07-PR;;;
663803;26/02/2025;quarta-feira;12:15:00;SC;282;16;PALHOCA;Condutor deixou de manter dist�ncia do ve�culo da frente;Colis�o traseira;Com V�timas Feridas;Pleno dia;Decrescente;C�u Claro;Simples;Reta;N�o;4;0;2;0;1;1;2;3;-27,656002;-48,680635;SPRF-SC;DEL01-SC;UOP02-DEL01-SC;;;
663807;26/02/2025;quarta-feira;10:50:00;MG;116;702;MURIAE;Desrespeitar a prefer�ncia no cruzamento;Colis�o transversal;Com V�timas Feridas;Pleno dia;Crescente;C�u Claro;Simples;Interse��o de Vias;N�o;3;0;3;0;0;0;3;2;-21,124699;-42,381339;SPRF-MG;DEL07-MG;UOP02-DEL07-MG;;;
663808;26/02/2025;quarta-feira;13:15:00;CE;116;16;EUSEBIO;Manobra de mudan�a de faixa;Colis�o lateral mesmo sentido;Com V�timas Feridas;Pleno dia;Decrescente;Nublado;Dupla;Reta;N�o;2;0;1;0;1;0;1;2;-3,908778;-38,505771;SPRF-CE;DEL01-CE;UOP02-DEL01-CE;;;
663811;26/02/2025;quarta-feira;10:00:00;RJ;101;282;ITABORAI;Aus�ncia de rea��o do condutor;Tombamento;Com V�timas Feridas;Pleno dia;Decrescente;C�u Claro;Dupla;Reta;Sim;1;0;1;0;0;0;1;1;-22,75110011;-42,81737753;SPRF-RJ;DEL02-RJ;UOP02-DEL02-RJ;;;
663814;26/02/2025;quarta-feira;12:25:00;MG;40;25,8;PARACATU;Demais falhas mec�nicas ou el�tricas;Inc�ndio;Sem V�timas;Pleno dia;Crescente;C�u Claro;Simples;Reta;N�o;1;0;0;0;1;0;0;1;-17,138281;-46,968779;SPRF-MG;DEL14-MG;UOP01-DEL14-MG;;;
663817;26/02/2025;quarta-feira;13:45:00;RS;290;266;PORTO ALEGRE;Velocidade Incompat�vel;Engavetamento;Sem V�timas;Pleno dia;Decrescente;C�u Claro;M�ltipla;Reta;Sim;4;0;0;0;4;0;0;3;-29,9699852;-51,1711746;SPRF-RS;DEL02-RS;UOP03-DEL02-RS;;;
663819;26/02/2025;quarta-feira;13:00:00;SC;101;109,6;PENHA;Acumulo de areia ou detritos sobre o pavimento;Tombamento;Com V�timas Feridas;Pleno dia;Crescente;Sol;Dupla;Reta;Sim;1;0;1;0;0;0;1;1;-26,83454182;-48,70204389;SPRF-SC;DEL03-SC;UOP02-DEL03-SC;;;
663821;26/02/2025;quarta-feira;11:00:00;MG;251;334,7;SALINAS;Condutor usando celular;Sa�da de leito carro��vel;Com V�timas Feridas;Pleno dia;Decrescente;Sol;Simples;Curva;N�o;1;0;1;0;0;0;1;1;-16,17642271;-42,33194514;SPRF-MG;DEL12-MG;UOP02-DEL12-MG;;;
663824;26/02/2025;quarta-feira;14:27:00;DF;70;14;BRASILIA;Aus�ncia de rea��o do condutor;Colis�o lateral mesmo sentido;Sem V�timas;Pleno dia;Decrescente;C�u Claro;Dupla;Reta;N�o;2;0;0;0;2;0;0;2;-15,79918031;-48,18194437;SPRF-DF;DEL03-DF;UOP02-DEL03-DF;;;
663825;26/02/2025;quarta-feira;14:40:00;ES;101;214,2;IBIRACU;Acessar a via sem observar a presen�a dos outros ve�culos;Atropelamento de Pedestre;Com V�timas Feridas;Pleno dia;Crescente;Sol;Simples;Reta;Sim;2;0;1;0;1;0;1;2;-19,82720243;-40,36880851;SPRF-ES;DEL02-ES;UOP01-DEL02-ES;;;
663826;09/02/2025;domingo;11:25:00;PB;230;157,4;CAMPINA GRANDE;Acessar a via sem observar a presen�a dos outros ve�culos;Colis�o transversal;Com V�timas Feridas;Pleno dia;Crescente;C�u Claro;Simples;Interse��o de Vias;Sim;2;0;0;1;1;0;1;2;-7,264;-35,9199;SPRF-PB;DEL02-PB;UOP01-DEL02-PB;;;
663827;26/02/2025;quarta-feira;14:30:00;SC;101;151;ITAPEMA;Condutor deixou de manter dist�ncia do ve�culo da frente;Colis�o lateral mesmo sentido;Com V�timas Feridas;Pleno dia;Decrescente;Sol;Dupla;Reta;Sim;2;0;0;1;1;0;1;2;-27,13081841;-48,60964179;SPRF-SC;DEL04-SC;UOP03-DEL04-SC;;;
663829;26/02/2025;quarta-feira;15:00:00;MG;146;432,4;CABO VERDE;Acessar a via sem observar a presen�a dos outros ve�culos;Colis�o transversal;Com V�timas Feridas;Pleno dia;Decrescente;C�u Claro;Simples;Interse��o de Vias;Sim;2;0;1;1;0;0;2;2;-21,42008;-46,428987;SPRF-MG;DEL09-MG;UOP01-DEL09-MG;;;
663830;26/02/2025;quarta-feira;14:15:00;RJ;393;284,5;VOLTA REDONDA;Rea��o tardia ou ineficiente do condutor;Colis�o traseira;Com V�timas Feridas;Pleno dia;Decrescente;Sol;Dupla;Reta;Sim;4;0;1;1;2;0;2;2;-22,4965383;-44,07096;SPRF-RJ;DEL05-RJ;UOP04-DEL05-RJ;;;
663831;26/02/2025;quarta-feira;14:09:00;DF;60;3,8;BRASILIA;Rea��o tardia ou ineficiente do condutor;Colis�o traseira;Com V�timas Feridas;Pleno dia;Crescente;C�u Claro;Dupla;Reta;Sim;2;0;1;0;1;0;1;2;-15,892053;-48,093324;SPRF-DF;DEL03-DF;UOP01-DEL03-DF;;;
663832;26/02/2025;quarta-feira;15:00:00;MG;262;456;BELO HORIZONTE;Velocidade Incompat�vel;Colis�o traseira;Com V�timas Feridas;Pleno dia;Decrescente;C�u Claro;Dupla;Reta;N�o;2;0;0;1;1;0;1;2;-19,85699367;-43,90024781;SPRF-MG;DEL08-MG;UOP03-DEL08-MG;;;
663834;26/02/2025;quarta-feira;13:30:00;BA;116;824,9;VITORIA DA CONQUISTA;Manobra de mudan�a de faixa;Colis�o transversal;Com V�timas Feridas;Pleno dia;Crescente;Nublado;Dupla;"Reta;Retorno Regulamentado";Sim;2;0;1;0;1;0;1;2;-14,8698457;-40,8513273;SPRF-BA;DEL08-BA;UOP01-DEL08-BA;;;
663835;26/02/2025;quarta-feira;13:40:00;MS;262;354,8;CAMPO GRANDE;Aus�ncia de rea��o do condutor;Tombamento;Com V�timas Feridas;Pleno dia;Crescente;Nublado;Simples;Reta;Sim;1;0;0;1;0;0;1;1;-20,55084487;-54,67169571;SPRF-MS;DEL01-MS;UOP03-DEL01-MS;;;
663836;26/02/2025;quarta-feira;14:40:00;RJ;116;231,7;PIRAI;Rea��o tardia ou ineficiente do condutor;Queda de ocupante de ve�culo;Com V�timas Feridas;Pleno dia;Decrescente;Sol;Simples;"Curva;Declive";N�o;1;0;1;0;0;0;1;1;-22,6734812;-43,83463383;SPRF-RJ;DEL07-RJ;UOP01-DEL07-RJ;;;
663837;26/02/2025;quarta-feira;15:10:00;PR;116;3;QUATRO BARRAS;Aus�ncia de rea��o do condutor;Colis�o traseira;Com V�timas Feridas;Pleno dia;Decrescente;Nublado;Dupla;"Em Obras;Reta;Declive";N�o;2;0;1;0;1;0;1;2;-25,356869;-49,068777;SPRF-PR;DEL01-PR;UOP02-DEL01-PR;;;
663838;24/01/2025;sexta-feira;07:00:00;CE;116;5;FORTALEZA;Condutor deixou de manter dist�ncia do ve�culo da frente;Colis�o traseira;Sem V�timas;Pleno dia;Decrescente;Nublado;M�ltipla;Reta;Sim;4;0;0;0;4;0;0;4;-3,77866493;-38,51490171;SPRF-CE;DEL01-CE;UOP02-DEL01-CE;;;
663839;26/02/2025;quarta-feira;15:05:00;SC;101;45;JOINVILLE;Rea��o tardia ou ineficiente do condutor;Colis�o lateral mesmo sentido;Com V�timas Feridas;Pleno dia;Decrescente;C�u Claro;Dupla;Reta;Sim;3;0;1;0;2;0;1;2;-26,35029241;-48,85774302;SPRF-SC;DEL03-SC;UOP01-DEL03-SC;;;
663841;26/02/2025;quarta-feira;10:15:00;MA;135;10,9;SAO LUIS;Acessar a via sem observar a presen�a dos outros ve�culos;Colis�o lateral mesmo sentido;Com V�timas Feridas;Pleno dia;Decrescente;Chuva;Dupla;"Reta;Retorno Regulamentado";Sim;2;0;1;0;1;0;1;2;-2,66472656;-44,28661823;SPRF-MA;DEL01-MA;UOP01-DEL01-MA;;;
663843;26/02/2025;quarta-feira;16:10:00;PB;230;168;CAMPINA GRANDE;Condutor deixou de manter dist�ncia do ve�culo da frente;Colis�o traseira;Com V�timas Feridas;Pleno dia;Crescente;C�u Claro;Simples;Reta;N�o;4;0;1;0;3;0;1;4;-7,185912;-35,973255;SPRF-PB;DEL02-PB;UOP02-DEL02-PB;;;
663847;24/01/2025;sexta-feira;07:30:00;BA;367;6;ITAGIMIRIM;Rea��o tardia ou ineficiente do condutor;Sa�da de leito carro��vel;Com V�timas Feridas;Pleno dia;Decrescente;Chuva;Simples;Reta;N�o;3;0;2;1;0;0;3;1;-16,083094;-39,66682434;SPRF-BA;DEL09-BA;UOP03-DEL09-BA;;;
663848;26/02/2025;quarta-feira;16:00:00;GO;153;517;HIDROLANDIA;Rea��o tardia ou ineficiente do condutor;Sa�da de leito carro��vel;Sem V�timas;Pleno dia;Decrescente;C�u Claro;M�ltipla;Reta;N�o;1;0;0;0;1;0;0;1;-16,88010569;-49,25370106;SPRF-GO;DEL01-GO;UOP03-DEL01-GO;;;
663849;26/02/2025;quarta-feira;16:35:00;RN;101;99;PARNAMIRIM;Demais falhas mec�nicas ou el�tricas;Tombamento;Com V�timas Feridas;Pleno dia;Decrescente;C�u Claro;Dupla;Viaduto;Sim;2;0;1;0;1;0;1;1;-5,874628;-35,221363;SPRF-RN;DEL01-RN;UOP01-DEL01-RN;;;
663851;26/02/2025;quarta-feira;15:40:00;RS;386;264,7;FONTOURA XAVIER;Condutor deixou de manter dist�ncia do ve�culo da frente;Colis�o traseira;Sem V�timas;Pleno dia;Decrescente;Chuva;Simples;Reta;N�o;8;0;0;0;8;0;0;3;-28,9248;-52,38093;SPRF-RS;DEL04-RS;UOP03-DEL04-RS;;;
663852;26/02/2025;quarta-feira;16:29:00;SC;101;154;PORTO BELO;Aus�ncia de rea��o do condutor;Colis�o traseira;Com V�timas Feridas;Pleno dia;Decrescente;C�u Claro;Dupla;Reta;Sim;2;0;0;1;1;0;1;2;-27,15756004;-48,61070395;SPRF-SC;DEL04-SC;UOP03-DEL04-SC;;;
663854;26/02/2025;quarta-feira;16:20:00;ES;101;236,9;FUNDAO;Ultrapassagem Indevida;Colis�o lateral sentido oposto;Com V�timas Feridas;Pleno dia;Decrescente;C�u Claro;Simples;Reta;N�o;3;0;1;0;2;0;1;2;-20,01252593;-40,40576443;SPRF-ES;DEL02-ES;UOP01-DEL02-ES;;;
663855;26/02/2025;quarta-feira;16:40:00;RS;116;265;CANOAS;Condutor deixou de manter dist�ncia do ve�culo da frente;Colis�o traseira;Com V�timas Feridas;Pleno dia;Decrescente;C�u Claro;Dupla;"Declive;Reta";Sim;2;0;1;0;1;0;1;2;-29,9237013;-51,1777044;SPRF-RS;DEL01-RS;UOP01-DEL01-RS;;;
663856;26/02/2025;quarta-feira;17:05:00;RS;116;268;CANOAS;Condutor deixou de manter dist�ncia do ve�culo da frente;Colis�o traseira;Com V�timas Feridas;Pleno dia;Decrescente;C�u Claro;Dupla;Reta;Sim;2;0;1;0;1;0;1;2;-29,95612439;-51,17706299;SPRF-RS;DEL01-RS;UOP01-DEL01-RS;;;
663857;26/02/2025;quarta-feira;16:20:00;PR;277;73;SAO JOSE DOS PINHAIS;Velocidade Incompat�vel;Sa�da de leito carro��vel;Com V�timas Feridas;Pleno dia;Crescente;C�u Claro;Dupla;Reta;Sim;2;0;2;0;0;0;2;1;-25,499885;-49,153849;SPRF-PR;DEL01-PR;UOP07-DEL01-PR;;;
663858;26/02/2025;quarta-feira;11:00:00;AM;174;933;MANAUS;Restri��o de visibilidade em curvas horizontais;Sa�da de leito carro��vel;Com V�timas Feridas;Pleno dia;Decrescente;C�u Claro;Simples;Curva;N�o;1;0;1;0;0;0;1;1;-2,57326299;-60,02609253;SPRF-AM;DEL01-AM;UOP01-DEL01-AM;;;
663859;26/02/2025;quarta-feira;17:30:00;ES;101;288,9;CARIACICA;Desrespeitar a prefer�ncia no cruzamento;Colis�o transversal;Com V�timas Feridas;Pleno dia;Decrescente;C�u Claro;Dupla;"Reta;Retorno Regulamentado";Sim;2;0;0;1;1;0;1;2;-20,27905829;-40,39274454;SPRF-ES;DEL01-ES;UOP01-DEL01-ES;;;
663861;26/02/2025;quarta-feira;16:30:00;CE;116;51;PACAJUS;Avarias e/ou desgaste excessivo no pneu;Queda de ocupante de ve�culo;Com V�timas Feridas;Pleno dia;Crescente;C�u Claro;M�ltipla;Reta;Sim;2;0;0;2;0;0;2;1;-4,182112;-38,491083;SPRF-CE;DEL01-CE;UOP02-DEL01-CE;;;
663863;26/02/2025;quarta-feira;16:36:00;PI;343;167;BRASILEIRA;Avarias e/ou desgaste excessivo no pneu;Queda de ocupante de ve�culo;Com V�timas Feridas;Pleno dia;Decrescente;C�u Claro;Simples;Reta;N�o;2;0;2;0;0;0;2;1;-4,139;-41,782;SPRF-PI;DEL02-PI;UOP01-DEL02-PI;;;
663864;26/02/2025;quarta-feira;17:30:00;PR;376;252;CALIFORNIA;Aus�ncia de rea��o do condutor;Colis�o traseira;Com V�timas Feridas;Pleno dia;Crescente;C�u Claro;Simples;Reta;Sim;3;0;1;0;1;1;1;2;-23,6533218;-51,3748984;SPRF-PR;DEL07-PR;UOP03-DEL07-PR;;;
663865;26/02/2025;quarta-feira;18:00:00;PR;476;148;ARAUCARIA;Rea��o tardia ou ineficiente do condutor;Colis�o traseira;Com V�timas Feridas;Anoitecer;Crescente;C�u Claro;M�ltipla;Reta;Sim;2;0;1;0;1;0;1;2;-25,55782243;-49,36263442;SPRF-PR;DEL01-PR;UOP06-DEL01-PR;;;
663866;26/02/2025;quarta-feira;17:45:00;RS;386;269;CANOAS;Ingest�o de �lcool pelo condutor;Colis�o com objeto;Sem V�timas;Anoitecer;Decrescente;Garoa/Chuvisco;M�ltipla;Reta;Sim;1;0;0;0;1;0;0;1;-29,9609717;-51,1759394;SPRF-RS;DEL04-RS;UOP03-DEL04-RS;;;
663869;26/02/2025;quarta-feira;17:52:00;SC;280;33;ARAQUARI;Aus�ncia de rea��o do condutor;Colis�o transversal;Com V�timas Feridas;Pleno dia;Decrescente;C�u Claro;Simples;Retorno Regulamentado;N�o;2;0;0;1;1;0;1;2;-26,425246;-48,786582;SPRF-SC;DEL03-SC;UOP03-DEL03-SC;;;
663870;26/02/2025;quarta-feira;17:50:00;SC;470;137;RIO DO SUL;Condutor deixou de manter dist�ncia do ve�culo da frente;Colis�o traseira;Com V�timas Feridas;Pleno dia;Crescente;Sol;Simples;Reta;Sim;3;0;0;1;2;0;1;3;-27,1882192;-49,6114674;SPRF-SC;DEL04-SC;UOP02-DEL04-SC;;;
663872;26/02/2025;quarta-feira;17:15:00;RJ;40;104;DUQUE DE CAXIAS;Acessar a via sem observar a presen�a dos outros ve�culos;Colis�o traseira;Com V�timas Feridas;Pleno dia;Crescente;C�u Claro;Dupla;Reta;Sim;2;0;1;0;1;0;1;2;-22,63137395;-43,28555902;SPRF-RJ;DEL01-RJ;UOP02-DEL01-RJ;;;
663874;26/02/2025;quarta-feira;18:10:00;MG;40;531,8;BELO HORIZONTE;Manobra de mudan�a de faixa;Colis�o lateral mesmo sentido;Com V�timas Feridas;Anoitecer;Crescente;C�u Claro;Dupla;"Declive;Reta";Sim;6;0;0;1;5;0;1;2;-19,92372561;-44,01700789;SPRF-MG;DEL01-MG;UOP02-DEL01-MG;;;
663875;26/02/2025;quarta-feira;18:10:00;SC;470;66;INDAIAL;Aus�ncia de rea��o do condutor;Colis�o traseira;Com V�timas Feridas;Pleno dia;Crescente;C�u Claro;Simples;Reta;Sim;3;0;2;0;1;0;2;2;-26,87036299;-49,22173262;SPRF-SC;DEL04-SC;UOP01-DEL04-SC;;;
663876;26/02/2025;quarta-feira;15:00:00;MG;381;483,5;BETIM;Rea��o tardia ou ineficiente do condutor;Colis�o traseira;Sem V�timas;Pleno dia;Decrescente;C�u Claro;Dupla;"Reta;Aclive";N�o;2;0;0;0;2;0;0;2;-19,95969161;-44,08515152;SPRF-MG;DEL01-MG;UOP03-DEL01-MG;;;
663877;26/02/2025;quarta-feira;17:40:00;SC;282;1,6;FLORIANOPOLIS;Condutor deixou de manter dist�ncia do ve�culo da frente;Colis�o traseira;Com V�timas Feridas;Pleno dia;Crescente;C�u Claro;Simples;Reta;Sim;2;0;1;0;1;0;1;2;-27,5939328;-48,5556224;SPRF-SC;DEL01-SC;UOP01-DEL01-SC;;;
663878;26/02/2025;quarta-feira;16:00:00;GO;60;199;GUAPO;Chuva;Sa�da de leito carro��vel;Com V�timas Feridas;Pleno dia;Crescente;Chuva;Dupla;Curva;N�o;1;0;1;0;0;0;1;1;-16,922558;-49,663225;SPRF-GO;DEL01-GO;UOP02-DEL01-GO;;;
663880;26/02/2025;quarta-feira;18:15:00;PR;369;153,8;LONDRINA;Condutor desrespeitou a ilumina��o vermelha do sem�foro;Colis�o transversal;Com V�timas Feridas;Pleno dia;Crescente;C�u Claro;Dupla;"Retorno Regulamentado;Reta";Sim;2;0;1;0;1;0;1;2;-23,297885;-51,196387;SPRF-PR;DEL07-PR;UOP01-DEL07-PR;;;
663881;26/02/2025;quarta-feira;18:33:00;SP;116;89,7;PINDAMONHANGABA;Avarias e/ou desgaste excessivo no pneu;Tombamento;Com V�timas Feridas;Anoitecer;Decrescente;C�u Claro;Dupla;Reta;N�o;1;0;1;0;0;0;1;1;-22,941845;-45,38365245;SPRF-SP;DEL08-SP;UOP01-DEL08-SP;;;
663882;26/02/2025;quarta-feira;10:30:00;RJ;101;306;SAO GONCALO;Rea��o tardia ou ineficiente do condutor;Queda de ocupante de ve�culo;Com V�timas Feridas;Pleno dia;Crescente;C�u Claro;Dupla;Reta;N�o;1;0;1;0;0;0;1;1;-22,7934208;-43,0309376;SPRF-RJ;DEL02-RJ;UOP02-DEL02-RJ;;;
663884;26/02/2025;quarta-feira;15:30:00;RJ;40;125;RIO DE JANEIRO;Rea��o tardia ou ineficiente do condutor;Tombamento;Com V�timas Feridas;Pleno dia;Crescente;C�u Claro;Dupla;Reta;Sim;1;0;1;0;0;0;1;1;-22,81487448;-43,2883215;SPRF-RJ;DEL01-RJ;UOP02-DEL01-RJ;;;
663885;26/02/2025;quarta-feira;19:10:00;CE;222;52,4;SAO GONCALO DO AMARANTE;Ingest�o de �lcool pelo condutor;Colis�o lateral sentido oposto;Com V�timas Feridas;Plena Noite;Decrescente;Nublado;Simples;Reta;N�o;2;0;1;0;1;0;1;2;-3,668753;-39,01562;SPRF-CE;DEL01-CE;UOP03-DEL01-CE;;;
663886;26/02/2025;quarta-feira;18:30:00;MG;40;601,5;CONGONHAS;Condutor deixou de manter dist�ncia do ve�culo da frente;Colis�o traseira;Com V�timas Feridas;Anoitecer;Crescente;C�u Claro;Simples;"Declive;Reta";N�o;6;0;2;0;4;0;2;2;-20,43740262;-43,8457346;SPRF-MG;DEL05-MG;UOP02-DEL05-MG;;;
663887;26/02/2025;quarta-feira;14:00:00;MG;40;643,9;CONGONHAS;Aus�ncia de rea��o do condutor;Sa�da de leito carro��vel;Com V�timas Feridas;Pleno dia;Crescente;C�u Claro;Simples;"Reta;Declive";N�o;2;0;2;0;0;0;2;1;-20,4768188;-43,8424607;SPRF-MG;DEL05-MG;UOP02-DEL05-MG;;;
663890;26/02/2025;quarta-feira;15:40:00;RJ;101;61;CAMPOS DOS GOYTACAZES;Retorno proibido;Colis�o transversal;Sem V�timas;Pleno dia;Crescente;C�u Claro;Simples;Reta;Sim;2;0;0;0;2;0;0;2;-21,728274;-41,322374;SPRF-RJ;DEL08-RJ;UOP01-DEL08-RJ;;;
663891;26/02/2025;quarta-feira;19:33:00;GO;153;498;GOIANIA;Pedestre andava na pista;Atropelamento de Pedestre;Com V�timas Feridas;Plena Noite;Crescente;C�u Claro;Dupla;Reta;Sim;2;0;0;1;1;0;1;2;-16,68997246;-49,23285484;SPRF-GO;DEL01-GO;UOP01-DEL01-GO;;;
663892;26/02/2025;quarta-feira;16:52:00;MT;158;1,8;BARRA DO GARCAS;Rea��o tardia ou ineficiente do condutor;Colis�o traseira;Com V�timas Feridas;Pleno dia;Crescente;Sol;Simples;"Aclive;Reta";Sim;2;0;1;0;1;0;1;2;-15,88622028;-52,2699666;SPRF-MT;DEL07-MT;UOP02-DEL07-MT;;;
663893;26/02/2025;quarta-feira;17:51:00;MG;40;773;JUIZ DE FORA;Convers�o proibida;Colis�o traseira;Com V�timas Feridas;Pleno dia;Crescente;C�u Claro;Simples;Interse��o de Vias;Sim;3;0;2;1;0;0;3;2;-21,64522262;-43,43642235;SPRF-MG;DEL05-MG;UOP01-DEL05-MG;;;
663895;26/02/2025;quarta-feira;20:00:00;SP;116;131,9;CACAPAVA;Acessar a via sem observar a presen�a dos outros ve�culos;Atropelamento de Pedestre;Com V�timas Feridas;Plena Noite;Crescente;C�u Claro;M�ltipla;Reta;Sim;2;0;2;0;0;0;2;2;-23,12457649;-45,73106718;SPRF-SP;DEL02-SP;UOP02-DEL02-SP;;;
663896;26/02/2025;quarta-feira;18:05:00;MT;70;5;BARRA DO GARCAS;Desrespeitar a prefer�ncia no cruzamento;Colis�o transversal;Com V�timas Feridas;Pleno dia;Crescente;C�u Claro;Dupla;Declive;Sim;2;0;1;0;1;0;1;2;-15,87823122;-52,29904912;SPRF-MT;DEL07-MT;UOP01-DEL07-MT;;;
663897;23/02/2025;domingo;08:30:00;PA;316;257;VISEU;Animais na Pista;Eventos at�picos;Sem V�timas;Pleno dia;Crescente;C�u Claro;Simples;Reta;N�o;2;0;0;0;2;0;0;1;-1,72100889;-46,62614118;SPRF-PA;DEL01-PA;UOP04-DEL01-PA;;;
663899;26/02/2025;quarta-feira;17:55:00;SP;116;144;SAO JOSE DOS CAMPOS;Aus�ncia de rea��o do condutor;Colis�o lateral mesmo sentido;Com V�timas Feridas;Pleno dia;Crescente;C�u Claro;Dupla;Reta;Sim;2;0;1;0;0;1;1;2;-23,18096977;-45,84301829;SPRF-SP;DEL02-SP;UOP01-DEL02-SP;;;
663901;26/02/2025;quarta-feira;20:00:00;SC;101;318,5;PESCARIA BRAVA;Aus�ncia de rea��o do condutor;Tombamento;Com V�timas Feridas;Plena Noite;Decrescente;C�u Claro;M�ltipla;Reta;N�o;1;0;1;0;0;0;1;1;-28,42726012;-48,88486862;SPRF-SC;DEL02-SC;UOP01-DEL02-SC;;;