id;data_inversa;dia_semana;horario;uf;br;km;municipio;causa_acidente;tipo_acidente;classificacao_acidente;fase_dia;sentido_via;condicao_metereologica;tipo_pista;tracado_via;uso_solo;pessoas;mortos;feridos_leves;feridos_graves;ilesos;ignorados;feridos;veiculos;latitude;longitude;regional;delegacia;uop;;;
664045;27/02/2025;quinta-feira;14:15:00;BA;110;391;SAO SEBASTIAO DO PASSE;Rea��o tardia ou ineficiente do condutor;Sa�da de leito carro��vel;Com V�timas Feridas;Pleno dia;Decrescente;Ignorado;Simples;"Reta;Declive";N�o;2;0;2;0;0;0;2;1;-12,482304;-38,483346;SPRF-BA;DEL01-BA;UOP01-DEL01-BA;;;
664048;27/02/2025;quinta-feira;16:30:00;RJ;116;110,3;GUAPIMIRIM;Ultrapassagem Indevida;Colis�o lateral mesmo sentido;Com V�timas Feridas;Pleno dia;Crescente;C�u Claro;Simples;Reta;Sim;2;0;1;0;1;0;1;2;-22,55287004;-42,99048901;SPRF-RJ;DEL04-RJ;UOP02-DEL04-RJ;;;
664049;27/02/2025;quinta-feira;17:00:00;MG;262;444,8;NOVA SERRANA;Acessar a via sem observar a presen�a dos outros ve�culos;Colis�o lateral mesmo sentido;Com V�timas Feridas;Pleno dia;Decrescente;Sol;Dupla;Reta;Sim;3;0;1;0;1;1;1;3;-19,86655958;-44,99122739;SPRF-MG;DEL08-MG;UOP03-DEL08-MG;;;
664051;27/02/2025;quinta-feira;17:40:00;SC;101;142;ITAPEMA;Rea��o tardia ou ineficiente do condutor;Colis�o traseira;Com V�timas Feridas;Anoitecer;Crescente;C�u Claro;Dupla;Curva;N�o;2;0;0;1;1;0;1;2;-27,0659597;-48,5955547;SPRF-SC;DEL04-SC;UOP03-DEL04-SC;;;
664053;27/02/2025;quinta-feira;17:35:00;SP;381;70;MAIRIPORA;Rea��o tardia ou ineficiente do condutor;Tombamento;Com V�timas Feridas;Pleno dia;Decrescente;Garoa/Chuvisco;Dupla;Curva;N�o;3;0;2;0;1;0;2;2;-23,350038;-46,560015;SPRF-SP;DEL03-SP;UOP01-DEL03-SP;;;
664054;27/02/2025;quinta-feira;16:15:00;RJ;40;59;PETROPOLIS;Aus�ncia de rea��o do condutor;Capotamento;Com V�timas Feridas;Pleno dia;Crescente;C�u Claro;Dupla;Reta;N�o;3;0;3;0;0;0;3;1;-22,2855168;-43,1259648;SPRF-RJ;DEL05-RJ;UOP02-DEL05-RJ;;;
664055;27/02/2025;quinta-feira;17:05:00;RJ;40;123;RIO DE JANEIRO;Condutor deixou de manter dist�ncia do ve�culo da frente;Colis�o traseira;Com V�timas Feridas;Pleno dia;Decrescente;C�u Claro;M�ltipla;Reta;Sim;2;0;1;0;1;0;1;2;-22,81424128;-43,28674992;SPRF-RJ;DEL01-RJ;UOP02-DEL01-RJ;;;
664056;27/02/2025;quinta-feira;16:20:00;SP;116;394;MIRACATU;Aus�ncia de rea��o do condutor;Colis�o traseira;Sem V�timas;Pleno dia;Crescente;C�u Claro;Simples;"Retorno Regulamentado;Rotat�ria";Sim;2;0;0;0;2;0;0;2;-24,28799211;-47,46000594;SPRF-SP;DEL04-SP;UOP02-DEL04-SP;;;
664057;27/02/2025;quinta-feira;18:00:00;RS;116;257;ESTEIO;Condutor deixou de manter dist�ncia do ve�culo da frente;Colis�o traseira;Com V�timas Feridas;Pleno dia;Crescente;Nublado;Simples;Reta;Sim;2;0;1;0;1;0;1;2;-29,86282514;-51,18127498;SPRF-RS;DEL01-RS;UOP02-DEL01-RS;;;
664058;27/02/2025;quinta-feira;17:27:00;RN;405;154;PAU DOS FERROS;Aus�ncia de rea��o do condutor;Colis�o traseira;Com V�timas Feridas;Pleno dia;Crescente;C�u Claro;Simples;Reta;N�o;2;0;0;1;1;0;1;2;-6,14791026;-38,20554972;SPRF-RN;DEL04-RN;UOP02-DEL04-RN;;;
664061;27/02/2025;quinta-feira;18:30:00;DF;20;4,4;BRASILIA;Velocidade Incompat�vel;Colis�o traseira;Com V�timas Feridas;Anoitecer;Crescente;C�u Claro;Dupla;"Reta;Declive";Sim;3;0;1;0;2;0;1;2;-15,6;-47,8;SPRF-DF;DEL02-DF;UOP01-DEL02-DF;;;
664062;27/02/2025;quinta-feira;17:45:00;SP;116;155;SAO JOSE DOS CAMPOS;Aus�ncia de rea��o do condutor;Colis�o traseira;Com V�timas Feridas;Pleno dia;Decrescente;C�u Claro;Dupla;Declive;N�o;1;0;0;1;0;0;1;1;-23,24476146;-45,9269017;SPRF-SP;DEL02-SP;UOP01-DEL02-SP;;;
664063;27/02/2025;quinta-feira;16:30:00;RS;285;303;PASSO FUNDO;Rea��o tardia ou ineficiente do condutor;Sa�da de leito carro��vel;Com V�timas Feridas;Pleno dia;Decrescente;Garoa/Chuvisco;Simples;Reta;Sim;2;0;1;0;1;0;1;1;-28,2360312;-52,3778833;SPRF-RS;DEL08-RS;UOP03-DEL08-RS;;;
664064;27/02/2025;quinta-feira;17:10:00;RJ;101;229;SILVA JARDIM;Rea��o tardia ou ineficiente do condutor;Capotamento;Com V�timas Feridas;Pleno dia;Decrescente;C�u Claro;Dupla;Reta;N�o;3;0;3;0;0;0;3;1;-22,56151;-42,35875;SPRF-RJ;DEL02-RJ;UOP03-DEL02-RJ;;;
664065;27/02/2025;quinta-feira;18:30:00;TO;10;459;PALMAS;Avarias e/ou desgaste excessivo no pneu;Tombamento;Com V�timas Feridas;Anoitecer;Decrescente;C�u Claro;Dupla;"Aclive;Curva";Sim;2;0;0;1;1;0;1;1;-10,273192;-48,30508;SPRF-TO;DEL01-TO;UOP03-DEL01-TO;;;
664069;27/02/2025;quinta-feira;17:30:00;RS;392;352;SANTA MARIA;Acessar a via sem observar a presen�a dos outros ve�culos;Colis�o transversal;Sem V�timas;Pleno dia;Crescente;Chuva;Dupla;"Em Obras;Interse��o de Vias";Sim;2;0;0;0;2;0;0;2;-29,7175657;-53,8082764;SPRF-RS;DEL09-RS;UOP01-DEL09-RS;;;
664070;06/02/2025;quinta-feira;07:10:00;PR;0;0;LONDRINA;Sem�foro com defeito;Colis�o lateral sentido oposto;Sem V�timas;Pleno dia;N�o Informado;C�u Claro;Simples;"Interse��o de Vias;Em Obras";Sim;4;0;0;0;1;3;0;3;-23,29642;-51,198939;SPRF-PR;DEL07-PR;N/A;;;
664072;27/02/2025;quinta-feira;17:50:00;SP;153;45,7;SAO JOSE DO RIO PRETO;Rea��o tardia ou ineficiente do condutor;Colis�o frontal;Com V�timas Fatais;Anoitecer;Crescente;C�u Claro;Simples;Reta;N�o;2;1;1;0;0;0;1;2;-20,66827;-49,340629;SPRF-SP;DEL09-SP;UOP01-DEL09-SP;;;
664073;27/02/2025;quinta-feira;17:25:00;RJ;40;119;DUQUE DE CAXIAS;Aus�ncia de rea��o do condutor;Colis�o com objeto;Com V�timas Feridas;Pleno dia;Decrescente;C�u Claro;M�ltipla;Reta;N�o;1;0;0;1;0;0;1;1;-22,766753;-43,286478;SPRF-RJ;DEL01-RJ;UOP02-DEL01-RJ;;;
664074;27/02/2025;quinta-feira;18:30:00;RJ;116;172;SAO JOAO DE MERITI;Rea��o tardia ou ineficiente do condutor;Colis�o transversal;Com V�timas Feridas;Anoitecer;Crescente;C�u Claro;M�ltipla;Reta;Sim;2;0;1;0;1;0;1;2;-22,80207509;-43,35026979;SPRF-RJ;DEL06-RJ;UOP01-DEL06-RJ;;;
664075;27/02/2025;quinta-feira;18:15:00;MS;163;457;CAMPO GRANDE;Acessar a via sem observar a presen�a dos outros ve�culos;Colis�o transversal;Com V�timas Feridas;Anoitecer;Crescente;C�u Claro;Simples;Reta;N�o;2;0;1;0;0;1;1;2;-20,6478627;-54,56546545;SPRF-MS;DEL01-MS;UOP01-DEL01-MS;;;
664076;27/02/2025;quinta-feira;11:03:00;BA;367;23;PORTO SEGURO;Frear bruscamente;Colis�o traseira;Com V�timas Feridas;Pleno dia;Crescente;Sol;Simples;Reta;Sim;2;0;1;0;1;0;1;2;-16,436058;-39,07612;SPRF-BA;DEL09-BA;UOP03-DEL09-BA;;;
664078;27/02/2025;quinta-feira;19:20:00;PE;428;187,9;PETROLINA;Aus�ncia de rea��o do condutor;Colis�o traseira;Com V�timas Feridas;Plena Noite;Decrescente;C�u Claro;Dupla;Reta;Sim;3;0;2;0;1;0;2;2;-9,37353137;-40,4870224;SPRF-PE;DEL06-PE;UOP01-DEL06-PE;;;
664079;27/02/2025;quinta-feira;17:20:00;RS;101;4,2;TORRES;Velocidade Incompat�vel;Sa�da de leito carro��vel;Sem V�timas;Pleno dia;Decrescente;Nublado;Dupla;"Interse��o de Vias;Reta";N�o;1;0;0;0;0;1;0;1;-29,29333361;-49,785193;SPRF-RS;DEL03-RS;UOP02-DEL03-RS;;;
664080;27/02/2025;quinta-feira;19:00:00;SC;470;50;BLUMENAU;Ingest�o de �lcool pelo condutor;Colis�o traseira;Sem V�timas;Plena Noite;Crescente;C�u Claro;M�ltipla;Reta;N�o;2;0;0;0;2;0;0;2;-26,86279;-49,08938;SPRF-SC;DEL04-SC;UOP01-DEL04-SC;;;
664081;27/02/2025;quinta-feira;18:00:00;RS;116;267;CANOAS;Estacionar ou parar em local proibido;Engavetamento;Sem V�timas;Pleno dia;Decrescente;Nublado;Dupla;Reta;Sim;4;0;0;0;4;0;0;3;-29,95422808;-51,17619395;SPRF-RS;DEL01-RS;UOP01-DEL01-RS;;;
664083;27/02/2025;quinta-feira;07:10:00;BA;116;817;VITORIA DA CONQUISTA;Acessar a via sem observar a presen�a dos outros ve�culos;Colis�o transversal;Com V�timas Feridas;Pleno dia;Decrescente;Sol;Simples;Reta;Sim;2;0;1;0;1;0;1;2;-14,82089709;-40,81344724;SPRF-BA;DEL08-BA;UOP01-DEL08-BA;;;
664085;27/02/2025;quinta-feira;17:35:00;RJ;101;518;ANGRA DOS REIS;Manobra de mudan�a de faixa;Tombamento;Com V�timas Feridas;Pleno dia;Crescente;C�u Claro;Simples;Curva;N�o;2;0;2;0;0;0;2;1;-23,00099072;-44,44044694;SPRF-RJ;DEL03-RJ;UOP03-DEL03-RJ;;;
664086;27/02/2025;quinta-feira;18:01:00;AC;364;137;RIO BRANCO;Rea��o tardia ou ineficiente do condutor;Colis�o traseira;Com V�timas Feridas;Plena Noite;Decrescente;C�u Claro;Dupla;Reta;Sim;2;0;2;0;0;0;2;2;-9,96582121;-67,85443783;SPRF-AC;DEL01-AC;UOP01-DEL01-AC;;;
664092;27/02/2025;quinta-feira;20:50:00;PR;376;180,4;MARINGA;Aus�ncia de rea��o do condutor;Colis�o com objeto;Com V�timas Feridas;Plena Noite;Decrescente;C�u Claro;M�ltipla;Declive;Sim;1;0;1;0;0;0;1;1;-23,42391292;-51,90123796;SPRF-PR;DEL09-PR;UOP01-DEL09-PR;;;
664093;27/02/2025;quinta-feira;21:00:00;MG;40;445;PARAOPEBA;Pedestre andava na pista;Atropelamento de Pedestre;Com V�timas Feridas;Plena Noite;Crescente;C�u Claro;Dupla;"Aclive;Curva";Sim;2;0;1;0;1;0;1;2;-19,287983;-44,39287;SPRF-MG;DEL02-MG;UOP01-DEL02-MG;;;
664094;27/02/2025;quinta-feira;19:35:00;PR;153;12,2;JACAREZINHO;Afundamento ou ondula��o no pavimento;Queda de ocupante de ve�culo;Com V�timas Feridas;Plena Noite;Crescente;C�u Claro;Simples;Reta;N�o;1;0;1;0;0;0;1;1;-23,123094;-49,94431973;SPRF-PR;DEL07-PR;UOP04-DEL07-PR;;;
664096;27/02/2025;quinta-feira;18:05:00;PR;153;337,6;IRATI;Acessar a via sem observar a presen�a dos outros ve�culos;Colis�o transversal;Com V�timas Feridas;Pleno dia;Crescente;C�u Claro;Simples;Reta;Sim;3;0;0;1;2;0;1;3;-25,5111368;-50,65305816;SPRF-PR;DEL08-PR;UOP02-DEL08-PR;;;
664097;27/02/2025;quinta-feira;19:00:00;MS;163;80;ITAQUIRAI;Demais falhas mec�nicas ou el�tricas;Tombamento;Com V�timas Feridas;Plena Noite;Crescente;C�u Claro;Simples;Reta;N�o;2;0;2;0;0;0;2;1;-23,34460521;-54,21632767;SPRF-MS;DEL09-MS;UOP01-DEL09-MS;;;
664099;27/02/2025;quinta-feira;21:15:00;BA;116;827,8;VITORIA DA CONQUISTA;Aus�ncia de rea��o do condutor;Queda de ocupante de ve�culo;Com V�timas Fatais;Plena Noite;Decrescente;Nublado;Simples;Reta;Sim;1;1;0;0;0;0;0;1;-14,892246;-40,862901;SPRF-BA;DEL08-BA;UOP01-DEL08-BA;;;
664100;27/02/2025;quinta-feira;17:40:00;SC;282;419;VARGEM BONITA;Condutor deixou de manter dist�ncia do ve�culo da frente;Colis�o traseira;Sem V�timas;Pleno dia;Decrescente;Chuva;Simples;"Curva;Aclive";N�o;2;0;0;0;2;0;0;2;-27,02452385;-51,73204422;SPRF-SC;DEL07-SC;UOP05-DEL07-SC;;;
664101;27/02/2025;quinta-feira;20:00:00;PR;376;476;PONTA GROSSA;Demais falhas mec�nicas ou el�tricas;Inc�ndio;Sem V�timas;Plena Noite;Crescente;Ignorado;Dupla;Reta;N�o;1;0;0;0;1;0;0;1;-25,04029601;-50,29160367;SPRF-PR;DEL03-PR;UOP01-DEL03-PR;;;
664103;27/02/2025;quinta-feira;19:12:00;RJ;40;115;DUQUE DE CAXIAS;Manobra de mudan�a de faixa;Colis�o lateral mesmo sentido;Sem V�timas;Plena Noite;Decrescente;C�u Claro;Dupla;Reta;N�o;2;0;0;0;2;0;0;2;-22,6744855;-43,2853586;SPRF-RJ;DEL01-RJ;UOP02-DEL01-RJ;;;
664104;27/02/2025;quinta-feira;20:10:00;RS;470;160;NOVA PRATA;Pedestre andava na pista;Atropelamento de Pedestre;Com V�timas Fatais;Plena Noite;Decrescente;Nublado;Simples;Reta;Sim;4;1;0;0;3;0;0;3;-28,811844;-51,600185;SPRF-RS;DEL06-RS;UOP02-DEL06-RS;;;
664105;27/02/2025;quinta-feira;20:00:00;RJ;101;484;ANGRA DOS REIS;Acessar a via sem observar a presen�a dos outros ve�culos;Colis�o lateral mesmo sentido;Com V�timas Feridas;Plena Noite;Crescente;C�u Claro;Simples;Reta;N�o;3;0;1;0;2;0;1;2;-22,986752;-44,2433536;SPRF-RJ;DEL03-RJ;UOP03-DEL03-RJ;;;
664106;27/02/2025;quinta-feira;09:30:00;MG;262;30;REDUTO;Rea��o tardia ou ineficiente do condutor;Colis�o traseira;Com V�timas Feridas;Pleno dia;Crescente;C�u Claro;Simples;Aclive;N�o;3;0;2;0;1;0;2;2;-20,25382289;-41,98940277;SPRF-MG;DEL06-MG;UOP03-DEL06-MG;;;
664108;27/02/2025;quinta-feira;22:00:00;MG;381;451;SANTA LUZIA;Acessar a via sem observar a presen�a dos outros ve�culos;Atropelamento de Pedestre;Com V�timas Feridas;Plena Noite;Decrescente;C�u Claro;Simples;Reta;N�o;3;0;1;0;1;1;1;2;-19,82291187;-43,84368896;SPRF-MG;DEL01-MG;UOP01-DEL01-MG;;;
664111;27/02/2025;quinta-feira;20:18:00;RS;116;429;ELDORADO DO SUL;Acessar a via sem observar a presen�a dos outros ve�culos;Colis�o transversal;Com V�timas Feridas;Plena Noite;Crescente;Nublado;Simples;Reta;N�o;3;0;2;0;1;0;2;2;-30,0362771;-51,3276683;SPRF-RS;DEL02-RS;UOP02-DEL02-RS;;;
664112;27/02/2025;quinta-feira;21:56:00;SC;101;38,7;JOINVILLE;Desrespeitar a prefer�ncia no cruzamento;Colis�o transversal;Com V�timas Feridas;Plena Noite;Decrescente;Nublado;Simples;Interse��o de Vias;Sim;2;0;1;0;1;0;1;2;-26,2963071;-48,8842591;SPRF-SC;DEL03-SC;UOP01-DEL03-SC;;;
664114;27/02/2025;quinta-feira;22:15:00;BA;101;926;NOVA VICOSA;Acessar a via sem observar a presen�a dos outros ve�culos;Colis�o transversal;Com V�timas Feridas;Plena Noite;Crescente;C�u Claro;Simples;"Aclive;Reta";N�o;2;0;1;0;1;0;1;2;-17,931545;-39,840219;SPRF-BA;DEL09-BA;UOP02-DEL09-BA;;;
664115;27/02/2025;quinta-feira;22:20:00;SC;101;215,5;PALHOCA;Rea��o tardia ou ineficiente do condutor;Tombamento;Com V�timas Feridas;Plena Noite;Crescente;Nublado;M�ltipla;Reta;Sim;1;0;1;0;0;0;1;1;-27,65493449;-48,67846111;SPRF-SC;DEL01-SC;UOP02-DEL01-SC;;;
664118;27/02/2025;quinta-feira;21:10:00;SP;116;457,5;REGISTRO;Condutor Dormindo;Sa�da de leito carro��vel;Com V�timas Feridas;Plena Noite;Crescente;C�u Claro;Dupla;"Reta;Ponte";N�o;2;0;2;0;0;0;2;1;-24,59338283;-47,87875056;SPRF-SP;DEL05-SP;UOP01-DEL05-SP;;;
664119;27/02/2025;quinta-feira;18:00:00;PR;163;77;PLANALTO;Acessar a via sem observar a presen�a dos outros ve�culos;Colis�o transversal;Com V�timas Feridas;Pleno dia;Decrescente;C�u Claro;Simples;"Interse��o de Vias;Reta";N�o;4;0;1;1;2;0;2;2;-25,738944;-53,80168;SPRF-PR;DEL02-PR;UOP02-DEL02-PR;;;
664120;27/02/2025;quinta-feira;21:15:00;SC;101;65;ARAQUARI;Aus�ncia de rea��o do condutor;Colis�o traseira;Com V�timas Feridas;Plena Noite;Decrescente;C�u Claro;Dupla;Reta;Sim;4;0;1;1;2;0;2;3;-26,47556703;-48,74086618;SPRF-SC;DEL03-SC;UOP02-DEL03-SC;;;
664121;27/02/2025;quinta-feira;18:45:00;SC;101;139;BALNEARIO CAMBORIU;Pista Escorregadia;Tombamento;Com V�timas Feridas;Anoitecer;Crescente;C�u Claro;M�ltipla;Aclive;N�o;1;0;1;0;0;0;1;1;-27,03474023;-48,60085487;SPRF-SC;DEL04-SC;UOP03-DEL04-SC;;;
664122;27/02/2025;quinta-feira;22:18:00;GO;70;7;AGUAS LINDAS DE GOIAS;Aus�ncia de sinaliza��o;Colis�o traseira;Com V�timas Feridas;Plena Noite;Crescente;C�u Claro;Dupla;Reta;Sim;3;0;2;0;1;0;2;3;-15,73864961;-48,27281183;SPRF-DF;DEL03-DF;UOP02-DEL03-DF;;;
664123;27/02/2025;quinta-feira;23:00:00;SC;470;1,9;NAVEGANTES;Ingest�o de �lcool pelo condutor;Tombamento;Com V�timas Feridas;Plena Noite;Decrescente;C�u Claro;M�ltipla;"Em Obras;Reta";Sim;1;0;1;0;0;0;1;1;-26,87122253;-48,67250204;SPRF-SC;DEL04-SC;UOP04-DEL04-SC;;;
664126;28/02/2025;sexta-feira;00:30:00;MG;365;676;MONTE ALEGRE DE MINAS;Ingest�o de �lcool pelo condutor;Colis�o lateral mesmo sentido;Sem V�timas;Plena Noite;Crescente;C�u Claro;Dupla;Reta;N�o;1;0;0;0;1;0;0;1;-18,85216;-48,78532;SPRF-MG;DEL15-MG;UOP01-DEL15-MG;;;
664127;28/02/2025;sexta-feira;01:14:00;PE;101;149,2;GAMELEIRA;Aus�ncia de rea��o do condutor;Capotamento;Com V�timas Feridas;Plena Noite;Decrescente;C�u Claro;Dupla;Reta;N�o;1;0;0;1;0;0;1;1;-8,59135929;-35,44916332;SPRF-PE;DEL01-PE;UOP03-DEL01-PE;;;
664128;27/02/2025;quinta-feira;21:15:00;RS;290;412;SAO GABRIEL;Ingest�o de �lcool pelo condutor;Colis�o frontal;Com V�timas Feridas;Plena Noite;Decrescente;C�u Claro;Simples;Reta;N�o;5;0;4;0;0;1;4;3;-30,35776768;-54,27452087;SPRF-RS;DEL11-RS;UOP02-DEL11-RS;;;
664129;27/02/2025;quinta-feira;22:50:00;PI;135;502;MONTE ALEGRE DO PIAUI;Transitar na contram�o;Colis�o frontal;Com V�timas Fatais;Plena Noite;Crescente;C�u Claro;Simples;Reta;N�o;3;1;0;0;2;0;0;2;-9,745863;-45,291208;SPRF-PI;DEL03-PI;UOP02-DEL03-PI;;;
664130;28/02/2025;sexta-feira;02:05:00;TO;153;414,7;MIRANORTE;Rea��o tardia ou ineficiente do condutor;Colis�o com objeto;Com V�timas Feridas;Plena Noite;Crescente;Ignorado;Dupla;Curva;Sim;1;0;0;1;0;0;1;1;-9,535832;-48,594057;SPRF-TO;DEL01-TO;UOP01-DEL01-TO;;;
664131;27/02/2025;quinta-feira;20:00:00;RO;364;713;PORTO VELHO;Rea��o tardia ou ineficiente do condutor;Queda de ocupante de ve�culo;Com V�timas Feridas;Plena Noite;Crescente;C�u Claro;Dupla;Reta;Sim;2;0;1;0;1;0;1;2;-8,7716062;-63,88352931;SPRF-RO;DEL01-RO;UOP01-DEL01-RO;;;
664132;27/02/2025;quinta-feira;23:15:00;PR;277;679;MEDIANEIRA;Aus�ncia de rea��o do condutor;Sa�da de leito carro��vel;Com V�timas Feridas;Plena Noite;Crescente;Ignorado;Dupla;Reta;N�o;2;0;0;2;0;0;2;1;-25,3204897;-54,1615831;SPRF-PR;DEL05-PR;UOP01-DEL05-PR;;;
664134;28/02/2025;sexta-feira;03:20:00;PB;230;87;GURINHEM;Aus�ncia de rea��o do condutor;Tombamento;Sem V�timas;Plena Noite;Decrescente;Chuva;Dupla;Reta;N�o;1;0;0;0;0;1;0;1;-7,17114068;-35,38394272;SPRF-PB;DEL01-PB;UOP02-DEL01-PB;;;
664135;28/02/2025;sexta-feira;04:35:00;RS;290;156;RIO PARDO;Aus�ncia de rea��o do condutor;Colis�o transversal;Sem V�timas;Plena Noite;Crescente;C�u Claro;Dupla;"Retorno Regulamentado;Rotat�ria;Interse��o de Vias";Sim;2;0;0;0;2;0;0;2;-29,98669925;-52,36869764;SPRF-RS;DEL02-RS;UOP01-DEL02-RS;;;
664137;27/02/2025;quinta-feira;22:00:00;BA;324;571;SAO SEBASTIAO DO PASSE;Rea��o tardia ou ineficiente do condutor;Capotamento;Com V�timas Feridas;Plena Noite;Decrescente;Chuva;Dupla;Reta;N�o;4;0;2;0;2;0;2;1;-12,5608026;-38,5610996;SPRF-BA;DEL01-BA;UOP01-DEL01-BA;;;
664138;27/02/2025;quinta-feira;12:30:00;BA;101;448;AURELINO LEAL;Ultrapassagem Indevida;Sa�da de leito carro��vel;Sem V�timas;Pleno dia;Crescente;Chuva;Simples;"Declive;Curva";N�o;2;0;0;0;1;1;0;2;-14,33658427;-39,31566239;SPRF-BA;DEL05-BA;UOP01-DEL05-BA;;;
664139;28/02/2025;sexta-feira;05:19:00;SC;282;206;SAO JOSE;Ingest�o de �lcool pelo condutor;Colis�o com objeto;Sem V�timas;Amanhecer;Decrescente;C�u Claro;M�ltipla;Reta;N�o;1;0;0;0;0;1;0;1;-27,58923034;-48,61719489;SPRF-SC;DEL05-SC;UOP01-DEL05-SC;;;
664141;28/02/2025;sexta-feira;05:40:00;SP;116;281;EMBU DAS ARTES;Trafegar com motocicleta (ou similar) entre as faixas;Colis�o traseira;Com V�timas Feridas;Amanhecer;Decrescente;C�u Claro;Dupla;Reta;Sim;2;0;1;0;1;0;1;2;-23,67061435;-46,85601036;SPRF-SP;DEL04-SP;UOP01-DEL04-SP;;;
664143;28/02/2025;sexta-feira;05:45:00;SC;101;374;ICARA;Ingest�o de �lcool pelo condutor;Sa�da de leito carro��vel;Sem V�timas;Amanhecer;Decrescente;C�u Claro;Dupla;Reta;N�o;1;0;0;0;1;0;0;1;-28,74733188;-49,2611289;SPRF-SC;DEL02-SC;UOP01-DEL02-SC;;;
664146;28/02/2025;sexta-feira;06:30:00;CE;116;17;EUSEBIO;Aus�ncia de rea��o do condutor;Colis�o traseira;Sem V�timas;Pleno dia;Decrescente;Chuva;Dupla;Reta;N�o;2;0;0;0;2;0;0;2;-3,901425;-38,504112;SPRF-CE;DEL01-CE;UOP02-DEL01-CE;;;
664148;28/02/2025;sexta-feira;06:50:00;DF;70;6;BRASILIA;Trafegar com motocicleta (ou similar) entre as faixas;Queda de ocupante de ve�culo;Com V�timas Feridas;Pleno dia;Decrescente;C�u Claro;Dupla;Reta;Sim;1;0;1;0;0;0;1;1;-15,7952609;-48,1991689;SPRF-DF;DEL03-DF;UOP02-DEL03-DF;;;
664149;28/02/2025;sexta-feira;06:50:00;PR;116;17;COLOMBO;Rea��o tardia ou ineficiente do condutor;Queda de ocupante de ve�culo;Com V�timas Feridas;Amanhecer;Decrescente;C�u Claro;Dupla;Reta;Sim;2;0;2;0;0;0;2;1;-25,38900285;-49,18750226;SPRF-PR;DEL01-PR;UOP02-DEL01-PR;;;
664152;28/02/2025;sexta-feira;07:00:00;ES;101;445;MIMOSO DO SUL;Acessar a via sem observar a presen�a dos outros ve�culos;Colis�o transversal;Com V�timas Feridas;Pleno dia;Crescente;C�u Claro;Simples;Reta;N�o;2;0;1;1;0;0;2;2;-21,115537;-41,266551;SPRF-ES;DEL03-ES;UOP02-DEL03-ES;;;
664154;28/02/2025;sexta-feira;07:30:00;RJ;116;82;TERESOPOLIS;Acessar a via sem observar a presen�a dos outros ve�culos;Colis�o transversal;Com V�timas Feridas;Pleno dia;Crescente;C�u Claro;Simples;Retorno Regulamentado;Sim;2;0;1;0;1;0;1;2;-22,399012;-42,955102;SPRF-RJ;DEL04-RJ;UOP01-DEL04-RJ;;;
664156;28/02/2025;sexta-feira;07:50:00;DF;40;4,2;BRASILIA;Trafegar com motocicleta (ou similar) entre as faixas;Colis�o lateral mesmo sentido;Com V�timas Feridas;Pleno dia;Decrescente;C�u Claro;Dupla;"Reta;Declive";Sim;3;0;0;1;2;0;1;2;-16,012673;-47,98237;SPRF-DF;DEL01-DF;UOP01-DEL01-DF;;;
664158;28/02/2025;sexta-feira;07:26:00;DF;20;4;BRASILIA;Trafegar com motocicleta (ou similar) entre as faixas;Colis�o lateral mesmo sentido;Com V�timas Feridas;Pleno dia;Decrescente;C�u Claro;M�ltipla;"Aclive;Reta";Sim;3;0;1;0;2;0;1;3;-15,6742588;-47,8229147;SPRF-DF;DEL02-DF;UOP01-DEL02-DF;;;
664159;28/02/2025;sexta-feira;07:30:00;RJ;116;181;NOVA IGUACU;Aus�ncia de rea��o do condutor;Tombamento;Com V�timas Feridas;Pleno dia;Decrescente;Sol;M�ltipla;Reta;N�o;1;0;1;0;0;0;1;1;-22,7625673;-43,4214164;SPRF-RJ;DEL06-RJ;UOP01-DEL06-RJ;;;
664160;28/02/2025;sexta-feira;07:23:00;RN;101;101;PARNAMIRIM;Avarias e/ou desgaste excessivo no pneu;Tombamento;Com V�timas Feridas;Pleno dia;Decrescente;C�u Claro;Dupla;Reta;Sim;1;0;1;0;0;0;1;1;-5,887317;-35,233346;SPRF-RN;DEL01-RN;UOP01-DEL01-RN;;;
664161;28/02/2025;sexta-feira;06:49:00;PE;101;56;RECIFE;Aus�ncia de rea��o do condutor;Sa�da de leito carro��vel;Com V�timas Fatais;Pleno dia;Crescente;C�u Claro;M�ltipla;Reta;Sim;1;1;0;0;0;0;0;1;-7,96221;-34,913332;SPRF-PE;DEL01-PE;UOP02-DEL01-PE;;;
664162;28/02/2025;sexta-feira;08:00:00;SC;101;199;SAO JOSE;Acessar a via sem observar a presen�a dos outros ve�culos;Colis�o transversal;Com V�timas Feridas;Pleno dia;Crescente;C�u Claro;M�ltipla;Reta;N�o;3;0;1;1;1;0;2;2;-27,53345617;-48,63103509;SPRF-SC;DEL01-SC;UOP01-DEL01-SC;;;
664163;28/02/2025;sexta-feira;07:44:00;SC;470;167,9;POUSO REDONDO;Velocidade Incompat�vel;Tombamento;Com V�timas Feridas;Pleno dia;Decrescente;C�u Claro;Simples;Reta;N�o;1;0;1;0;0;0;1;1;-27,252385;-49,95424;SPRF-SC;DEL04-SC;UOP02-DEL04-SC;;;