id;data_inversa;dia_semana;horario;uf;br;km;municipio;causa_acidente;tipo_acidente;classificacao_acidente;fase_dia;sentido_via;condicao_metereologica;tipo_pista;tracado_via;uso_solo;pessoas;mortos;feridos_leves;feridos_graves;ilesos;ignorados;feridos;veiculos;latitude;longitude;regional;delegacia;uop;;;
664165;28/02/2025;sexta-feira;07:40:00;TO;10;465;PALMAS;Avarias e/ou desgaste excessivo no pneu;Tombamento;Com V�timas Feridas;Pleno dia;Decrescente;C�u Claro;Dupla;Reta;Sim;2;0;2;0;0;0;2;1;-10,23647;-48,303543;SPRF-TO;DEL01-TO;UOP03-DEL01-TO;;;
664166;28/02/2025;sexta-feira;08:50:00;MG;381;488;BETIM;Trafegar com motocicleta (ou similar) entre as faixas;Colis�o traseira;Com V�timas Feridas;Pleno dia;Decrescente;C�u Claro;Dupla;Reta;Sim;2;0;0;1;1;0;1;2;-19,95694663;-44,1257447;SPRF-MG;DEL01-MG;UOP03-DEL01-MG;;;
664168;28/02/2025;sexta-feira;07:30:00;SP;381;89;ATIBAIA;Aus�ncia de rea��o do condutor;Colis�o traseira;Com V�timas Feridas;Pleno dia;Crescente;C�u Claro;Simples;Reta;Sim;2;0;1;0;1;0;1;2;-23,1907397;-46,5849561;SPRF-SP;DEL03-SP;UOP01-DEL03-SP;;;
664170;28/02/2025;sexta-feira;07:40:00;PR;476;146;CURITIBA;Trafegar com motocicleta (ou similar) entre as faixas;Colis�o traseira;Com V�timas Feridas;Pleno dia;Decrescente;C�u Claro;Dupla;Reta;Sim;2;0;0;1;1;0;1;2;-25,55146752;-49,33082879;SPRF-PR;DEL01-PR;UOP06-DEL01-PR;;;
664173;27/02/2025;quinta-feira;14:17:00;PE;232;4,6;RECIFE;Condutor deixou de manter dist�ncia do ve�culo da frente;Colis�o traseira;Com V�timas Feridas;Pleno dia;Crescente;Nublado;Dupla;Reta;Sim;2;0;0;1;1;0;1;2;-8,0661;-34,94057;SPRF-PE;DEL01-PE;UOP01-DEL01-PE;;;
664174;28/02/2025;sexta-feira;08:00:00;PR;277;83,5;CURITIBA;Manobra de mudan�a de faixa;Colis�o traseira;Com V�timas Feridas;Pleno dia;Crescente;C�u Claro;Dupla;"Reta;Viaduto";Sim;2;0;1;0;1;0;1;2;-25,446084;-49,23158;SPRF-PR;DEL01-PR;UOP03-DEL01-PR;;;
664175;28/02/2025;sexta-feira;06:00:00;MS;262;296,7;CAMPO GRANDE;Entrada inopinada do pedestre;Atropelamento de Pedestre;Com V�timas Fatais;Amanhecer;Decrescente;C�u Claro;Simples;Reta;N�o;2;1;0;0;0;1;0;2;-20,5;-54,26;SPRF-MS;DEL01-MS;UOP05-DEL01-MS;;;
664176;28/02/2025;sexta-feira;07:30:00;PR;116;79;PIRAQUARA;Rea��o tardia ou ineficiente do condutor;Sa�da de leito carro��vel;Com V�timas Feridas;Pleno dia;Crescente;C�u Claro;Dupla;Reta;N�o;1;0;0;1;0;0;1;1;-25,46063472;-49,08554077;SPRF-PR;DEL01-PR;UOP02-DEL01-PR;;;
664178;28/02/2025;sexta-feira;08:40:00;SC;101;143;ITAPEMA;Aus�ncia de rea��o do condutor;Colis�o traseira;Com V�timas Feridas;Pleno dia;Crescente;C�u Claro;Dupla;Reta;N�o;4;0;1;0;3;0;1;2;-27,076714;-48,597706;SPRF-SC;DEL04-SC;UOP03-DEL04-SC;;;
664179;28/02/2025;sexta-feira;09:30:00;RJ;116;182;NOVA IGUACU;Aus�ncia de rea��o do condutor;Colis�o lateral mesmo sentido;Com V�timas Feridas;Pleno dia;Crescente;C�u Claro;Dupla;Reta;Sim;2;0;1;0;1;0;1;2;-22,7552512;-43,4336219;SPRF-RJ;DEL06-RJ;UOP01-DEL06-RJ;;;
664180;28/02/2025;sexta-feira;09:10:00;PR;153;17,9;JACAREZINHO;Manobra de mudan�a de faixa;Colis�o lateral mesmo sentido;Com V�timas Feridas;Pleno dia;Crescente;C�u Claro;Simples;"Declive;Reta";N�o;5;0;2;0;3;0;2;2;-23,14577;-49,951;SPRF-PR;DEL07-PR;UOP04-DEL07-PR;;;
664181;28/02/2025;sexta-feira;09:30:00;ES;101;2;SERRA;Chuva;Sa�da de leito carro��vel;Sem V�timas;Pleno dia;Crescente;Garoa/Chuvisco;Dupla;Reta;N�o;2;0;0;0;2;0;0;1;-20,0488573;-40,3866917;SPRF-ES;DEL04-ES;UOP02-DEL04-ES;;;
664182;28/02/2025;sexta-feira;08:10:00;RJ;40;120;DUQUE DE CAXIAS;Rea��o tardia ou ineficiente do condutor;Colis�o traseira;Com V�timas Feridas;Pleno dia;Decrescente;C�u Claro;Simples;"Aclive;Viaduto";Sim;4;0;1;0;2;1;1;2;-22,78203388;-43,28533827;SPRF-RJ;DEL01-RJ;UOP02-DEL01-RJ;;;
664183;28/02/2025;sexta-feira;10:00:00;PB;230;12,9;CABEDELO;Rea��o tardia ou ineficiente do condutor;Tombamento;Com V�timas Feridas;Pleno dia;Decrescente;C�u Claro;Dupla;Reta;Sim;2;0;2;0;0;0;2;1;-7,08252;-34,84887;SPRF-PB;DEL01-PB;UOP01-DEL01-PB;;;
664188;18/02/2025;ter�a-feira;22:47:00;BA;110;62;JEREMOABO;Demais falhas mec�nicas ou el�tricas;Inc�ndio;Sem V�timas;Plena Noite;Decrescente;C�u Claro;Simples;"Aclive;Reta";N�o;1;0;0;0;1;0;0;1;-9,953586;-38,302682;SPRF-BA;DEL07-BA;UOP01-DEL07-BA;;;
664189;28/02/2025;sexta-feira;10:00:00;MG;40;681,7;RESSAQUINHA;Transitar na contram�o;Colis�o frontal;Com V�timas Feridas;Pleno dia;Decrescente;Sol;Simples;Reta;N�o;3;0;0;1;2;0;1;2;-21,062064;-43,762112;SPRF-MG;DEL05-MG;UOP02-DEL05-MG;;;
664190;28/02/2025;sexta-feira;10:45:00;PE;104;47,3;CARUARU;Avarias e/ou desgaste excessivo no pneu;Tombamento;Com V�timas Feridas;Pleno dia;Crescente;C�u Claro;Dupla;"Reta;Declive";N�o;1;0;0;1;0;0;1;1;-8,11648817;-35,9491539;SPRF-PE;DEL02-PE;UOP01-DEL02-PE;;;
664192;09/02/2025;domingo;01:05:00;RJ;101;52;CAMPOS DOS GOYTACAZES;Aus�ncia de rea��o do condutor;Engavetamento;Com V�timas Feridas;Plena Noite;Decrescente;C�u Claro;Simples;Reta;N�o;4;0;1;0;3;0;1;3;-21,65160802;-41,31128624;SPRF-RJ;DEL08-RJ;UOP01-DEL08-RJ;;;
664193;28/02/2025;sexta-feira;10:50:00;PI;343;15,2;PARNAIBA;Demais falhas mec�nicas ou el�tricas;Tombamento;Com V�timas Feridas;Pleno dia;Decrescente;Nublado;Simples;Reta;Sim;2;0;2;0;0;0;2;1;-2,9186835;-41,7543261;SPRF-PI;DEL05-PI;UOP01-DEL05-PI;;;
664195;28/02/2025;sexta-feira;07:30:00;MA;135;49;BACABEIRA;Rea��o tardia ou ineficiente do condutor;Colis�o lateral mesmo sentido;Com V�timas Feridas;Pleno dia;Decrescente;C�u Claro;Dupla;Reta;N�o;3;0;1;0;2;0;1;3;-2,95333;-44,32467;SPRF-MA;DEL01-MA;UOP01-DEL01-MA;;;
664197;28/02/2025;sexta-feira;11:30:00;RS;116;268;CANOAS;Aus�ncia de rea��o do condutor;Colis�o lateral mesmo sentido;Com V�timas Feridas;Pleno dia;Crescente;C�u Claro;M�ltipla;Reta;Sim;2;0;1;0;1;0;1;2;-29,95612439;-51,17706299;SPRF-RS;DEL01-RS;UOP01-DEL01-RS;;;
664198;28/02/2025;sexta-feira;11:30:00;SC;282;20,4;PALHOCA;Manobra de mudan�a de faixa;Colis�o lateral mesmo sentido;Com V�timas Feridas;Pleno dia;Crescente;C�u Claro;Simples;"Declive;Reta;Retorno Regulamentado";Sim;2;0;1;0;1;0;1;2;-27,68663387;-48,71321797;SPRF-SC;DEL01-SC;UOP02-DEL01-SC;;;
664200;11/02/2025;ter�a-feira;16:40:00;MG;40;481;SETE LAGOAS;Rea��o tardia ou ineficiente do condutor;Sa�da de leito carro��vel;Com V�timas Feridas;Pleno dia;Crescente;C�u Claro;Dupla;Reta;N�o;1;0;1;0;0;0;1;1;-19,5511262;-44,24459038;SPRF-MG;DEL02-MG;UOP01-DEL02-MG;;;
664201;28/02/2025;sexta-feira;11:50:00;RJ;101;74;CAMPOS DOS GOYTACAZES;Mal s�bito do condutor;Colis�o lateral mesmo sentido;Com V�timas Feridas;Pleno dia;Crescente;C�u Claro;Simples;Reta;Sim;2;0;0;1;0;1;1;2;-21,815468;-41,397042;SPRF-RJ;DEL08-RJ;UOP02-DEL08-RJ;;;
664203;28/02/2025;sexta-feira;12:15:00;PI;343;264;CAMPO MAIOR;Acessar a via sem observar a presen�a dos outros ve�culos;Colis�o transversal;Com V�timas Feridas;Pleno dia;Crescente;C�u Claro;Simples;Reta;Sim;2;0;1;0;1;0;1;2;-4,83014355;-42,16380358;SPRF-PI;DEL01-PI;UOP03-DEL01-PI;;;
664204;28/02/2025;sexta-feira;10:30:00;RJ;101;387;ITAGUAI;Condutor Dormindo;Colis�o traseira;Com V�timas Feridas;Pleno dia;Crescente;C�u Claro;M�ltipla;Reta;Sim;2;0;1;0;1;0;1;2;-22,8589277;-43,7591199;SPRF-RJ;DEL03-RJ;UOP01-DEL03-RJ;;;
664206;28/02/2025;sexta-feira;10:20:00;PE;232;126;CARUARU;Condutor Dormindo;Capotamento;Com V�timas Feridas;Pleno dia;Decrescente;C�u Claro;Dupla;"Curva;Aclive";N�o;1;0;1;0;0;0;1;1;-8,303977;-35,927016;SPRF-PE;DEL02-PE;UOP01-DEL02-PE;;;
664209;28/02/2025;sexta-feira;11:15:00;MG;356;265,7;MURIAE;Condutor deixou de manter dist�ncia do ve�culo da frente;Colis�o traseira;Com V�timas Feridas;Pleno dia;Crescente;C�u Claro;Simples;Reta;Sim;2;0;1;0;1;0;1;2;-21,13062153;-42,35229492;SPRF-MG;DEL07-MG;UOP02-DEL07-MG;;;
664210;28/02/2025;sexta-feira;12:35:00;SC;282;5,1;SAO JOSE;Trafegar com motocicleta (ou similar) entre as faixas;Colis�o lateral mesmo sentido;Com V�timas Feridas;Pleno dia;Decrescente;C�u Claro;M�ltipla;"Reta;Declive";Sim;2;0;1;0;1;0;1;2;-27,58821377;-48,61338615;SPRF-SC;DEL01-SC;UOP01-DEL01-SC;;;
664213;28/02/2025;sexta-feira;09:25:00;SC;101;285;IMBITUBA;Manobra de mudan�a de faixa;Colis�o lateral mesmo sentido;Sem V�timas;Pleno dia;Crescente;C�u Claro;Dupla;Reta;N�o;3;0;0;0;3;0;0;2;-28,241101;-48,700177;SPRF-SC;DEL02-SC;UOP03-DEL02-SC;;;
664214;28/02/2025;sexta-feira;10:45:00;SP;116;143;SAO JOSE DOS CAMPOS;Rea��o tardia ou ineficiente do condutor;Tombamento;Com V�timas Feridas;Pleno dia;Crescente;C�u Claro;Dupla;Reta;Sim;1;0;0;1;0;0;1;1;-23,2423424;-45,924352;SPRF-SP;DEL02-SP;UOP01-DEL02-SP;;;
664217;28/02/2025;sexta-feira;13:00:00;MG;262;128;RIO CASCA;Velocidade Incompat�vel;Sa�da de leito carro��vel;Com V�timas Feridas;Pleno dia;Crescente;C�u Claro;Simples;Curva;N�o;1;0;1;0;0;0;1;1;-20,17522002;-42,69668627;SPRF-MG;DEL03-MG;UOP03-DEL03-MG;;;
664218;28/02/2025;sexta-feira;13:15:00;MG;116;550;SANTA BARBARA DO LESTE;Acessar a via sem observar a presen�a dos outros ve�culos;Colis�o transversal;Com V�timas Feridas;Pleno dia;Decrescente;C�u Claro;Simples;Reta;Sim;2;0;2;0;0;0;2;2;-19,97617752;-42,13855935;SPRF-MG;DEL06-MG;UOP02-DEL06-MG;;;
664219;28/02/2025;sexta-feira;13:00:00;SP;116;227;GUARULHOS;Demais falhas mec�nicas ou el�tricas;Inc�ndio;Sem V�timas;Pleno dia;Decrescente;C�u Claro;M�ltipla;"Reta;Em Obras";Sim;1;0;0;0;1;0;0;1;-23,499645;-46,558833;SPRF-SP;DEL01-SP;UOP01-DEL01-SP;;;
664220;28/02/2025;sexta-feira;13:00:00;SP;101;47;UBATUBA;Acessar a via sem observar a presen�a dos outros ve�culos;Colis�o lateral mesmo sentido;Com V�timas Feridas;Pleno dia;Crescente;C�u Claro;Simples;Reta;Sim;3;0;1;0;2;0;1;2;-23,4259882;-45,0779644;SPRF-SP;DEL06-SP;UOP01-DEL06-SP;;;
664223;28/02/2025;sexta-feira;14:00:00;RS;290;251,9;CACHOEIRA DO SUL;Acessar a via sem observar a presen�a dos outros ve�culos;Colis�o transversal;Com V�timas Feridas;Pleno dia;Crescente;C�u Claro;Simples;Declive;N�o;4;0;3;0;1;0;3;2;-30,23962755;-52,7290535;SPRF-RS;DEL02-RS;UOP03-DEL02-RS;;;
664225;28/02/2025;sexta-feira;13:00:00;RJ;116;85;TERESOPOLIS;Condutor deixou de manter dist�ncia do ve�culo da frente;Colis�o traseira;Com V�timas Feridas;Pleno dia;Crescente;C�u Claro;Simples;Reta;N�o;1;0;1;0;0;0;1;1;-22,45224004;-42,95346782;SPRF-RJ;DEL04-RJ;UOP01-DEL04-RJ;;;
664228;28/02/2025;sexta-feira;13:40:00;RJ;101;49;CAMPOS DOS GOYTACAZES;Ultrapassagem Indevida;Colis�o frontal;Com V�timas Feridas;Pleno dia;Crescente;C�u Claro;Simples;Reta;Sim;2;0;1;0;0;1;1;2;-21,6284072;-41,3137325;SPRF-RJ;DEL08-RJ;UOP01-DEL08-RJ;;;
664229;21/02/2025;sexta-feira;17:20:00;MS;262;370,9;TERENOS;Condutor Dormindo;Sa�da de leito carro��vel;Com V�timas Feridas;Pleno dia;Decrescente;Nublado;Simples;Reta;N�o;2;0;1;0;1;0;1;1;-20,482857;-54,787006;SPRF-MS;DEL01-MS;UOP03-DEL01-MS;;;
664231;28/02/2025;sexta-feira;13:35:00;PR;476;145;CURITIBA;Condutor deixou de manter dist�ncia do ve�culo da frente;Colis�o traseira;Com V�timas Feridas;Pleno dia;Decrescente;Sol;Dupla;Reta;Sim;2;0;1;0;1;0;1;2;-25,54892375;-49,32416618;SPRF-PR;DEL01-PR;UOP06-DEL01-PR;;;
664232;28/02/2025;sexta-feira;13:20:00;MT;70;526;VARZEA GRANDE;Acessar a via sem observar a presen�a dos outros ve�culos;Colis�o transversal;Com V�timas Feridas;Pleno dia;Crescente;Chuva;Simples;Interse��o de Vias;N�o;3;0;1;0;2;0;1;2;-15,6531347;-56,2004797;SPRF-MT;DEL01-MT;UOP02-DEL01-MT;;;
664234;28/02/2025;sexta-feira;14:20:00;ES;101;98;JAGUARE;Demais falhas mec�nicas ou el�tricas;Inc�ndio;Sem V�timas;Pleno dia;Decrescente;C�u Claro;Simples;Reta;N�o;2;0;0;0;2;0;0;1;-18,96084406;-39,98508453;SPRF-ES;DEL04-ES;UOP02-DEL04-ES;;;
664236;28/02/2025;sexta-feira;14:35:00;PR;369;194,3;ARAPONGAS;Acessar a via sem observar a presen�a dos outros ve�culos;Colis�o transversal;Com V�timas Feridas;Pleno dia;Crescente;C�u Claro;Dupla;"Reta;Retorno Regulamentado";N�o;3;0;1;0;2;0;1;2;-23,49095773;-51,42348289;SPRF-PR;DEL07-PR;UOP03-DEL07-PR;;;
664237;28/02/2025;sexta-feira;13:53:00;PB;101;122,9;PEDRAS DE FOGO;Rea��o tardia ou ineficiente do condutor;Colis�o traseira;Com V�timas Feridas;Pleno dia;Crescente;Chuva;Dupla;"Curva;Declive";N�o;4;0;3;0;1;0;3;2;-7,49455803;-34,98390198;SPRF-PB;DEL01-PB;UOP01-DEL01-PB;;;
664238;28/02/2025;sexta-feira;10:50:00;RS;386;408;TRIUNFO;Condutor deixou de manter dist�ncia do ve�culo da frente;Colis�o traseira;Sem V�timas;Pleno dia;Crescente;C�u Claro;Simples;Reta;N�o;1;0;0;0;1;0;0;1;-29,80652573;-51,50842845;SPRF-RS;DEL04-RS;UOP02-DEL04-RS;;;
664240;28/02/2025;sexta-feira;14:00:00;PR;376;488;PONTA GROSSA;Acessar a via sem observar a presen�a dos outros ve�culos;Colis�o lateral mesmo sentido;Com V�timas Feridas;Pleno dia;Crescente;C�u Claro;Dupla;Declive;Sim;2;0;1;0;1;0;1;2;-25,08556378;-50,19201014;SPRF-PR;DEL03-PR;UOP04-DEL03-PR;;;
664241;28/02/2025;sexta-feira;14:50:00;AL;316;268;SATUBA;Acessar a via sem observar a presen�a dos outros ve�culos;Colis�o transversal;Sem V�timas;Pleno dia;Decrescente;C�u Claro;Simples;Curva;N�o;2;0;0;0;2;0;0;2;-9,579802;-35,835937;SPRF-AL;DEL02-AL;UOP01-DEL02-AL;;;
664243;28/02/2025;sexta-feira;14:50:00;ES;101;269;SERRA;Trafegar com motocicleta (ou similar) entre as faixas;Colis�o lateral mesmo sentido;Com V�timas Feridas;Pleno dia;Decrescente;C�u Claro;Dupla;Reta;Sim;2;0;1;0;1;0;1;2;-20,0488766;-40,3867382;SPRF-ES;DEL02-ES;UOP01-DEL02-ES;;;
664245;28/02/2025;sexta-feira;15:00:00;SP;381;26;BRAGANCA PAULISTA;Manobra de mudan�a de faixa;Colis�o traseira;Com V�timas Feridas;Pleno dia;Decrescente;C�u Claro;Dupla;Reta;Sim;2;0;1;0;1;0;1;2;-23,022012;-46,531216;SPRF-SP;DEL03-SP;UOP02-DEL03-SP;;;
664246;28/02/2025;sexta-feira;12:50:00;RO;364;199;PIMENTA BUENO;Desrespeitar a prefer�ncia no cruzamento;Colis�o transversal;Com V�timas Feridas;Pleno dia;Decrescente;Sol;Simples;"Interse��o de Vias;Reta";Sim;3;0;2;0;1;0;2;2;-11,655808;-61,192413;SPRF-RO;DEL02-RO;UOP02-DEL02-RO;;;
664247;28/02/2025;sexta-feira;15:10:00;SC;101;215,5;PALHOCA;Aus�ncia de rea��o do condutor;Colis�o lateral mesmo sentido;Com V�timas Feridas;Pleno dia;Crescente;C�u Claro;Dupla;Reta;Sim;3;0;2;0;1;0;2;2;-27,653957;-48,678052;SPRF-SC;DEL01-SC;UOP02-DEL01-SC;;;
664248;28/02/2025;sexta-feira;15:00:00;RS;386;289,3;SAO JOSE DO HERVAL;Rea��o tardia ou ineficiente do condutor;Sa�da de leito carro��vel;Com V�timas Feridas;Pleno dia;Decrescente;Chuva;Dupla;Reta;N�o;4;0;2;0;2;0;2;1;-29,09395;-52,251277;SPRF-RS;DEL04-RS;UOP03-DEL04-RS;;;
664249;28/02/2025;sexta-feira;15:15:00;SC;101;207;SAO JOSE;Manobra de mudan�a de faixa;Colis�o lateral mesmo sentido;Com V�timas Feridas;Pleno dia;Decrescente;C�u Claro;M�ltipla;Reta;Sim;3;0;1;1;0;1;2;2;-27,60213831;-48,6283797;SPRF-SC;DEL01-SC;UOP01-DEL01-SC;;;
664250;28/02/2025;sexta-feira;15:20:00;RJ;116;70;RIO DE JANEIRO;Condutor deixou de manter dist�ncia do ve�culo da frente;Colis�o traseira;Com V�timas Feridas;Pleno dia;Crescente;Sol;Dupla;Reta;Sim;4;0;1;0;3;0;1;2;-22,8057574;-43,3422593;SPRF-RJ;DEL04-RJ;UOP01-DEL04-RJ;;;
664251;28/02/2025;sexta-feira;14:00:00;MT;163;587;DIAMANTINO;Rea��o tardia ou ineficiente do condutor;Colis�o traseira;Com V�timas Feridas;Pleno dia;Decrescente;Garoa/Chuvisco;Dupla;Curva;N�o;6;0;1;0;5;0;1;2;-14,31560694;-56,13500842;SPRF-MT;DEL01-MT;UOP01-DEL01-MT;;;
664254;28/02/2025;sexta-feira;12:40:00;MG;356;280;EUGENOPOLIS;Pedestre andava na pista;Atropelamento de Pedestre;Com V�timas Fatais;Pleno dia;Decrescente;Sol;Simples;Reta;N�o;3;1;0;0;1;1;0;2;-21,12630279;-42,24862402;SPRF-MG;DEL07-MG;UOP02-DEL07-MG;;;
664256;08/02/2025;s�bado;21:50:00;MG;50;174,2;UBERABA;Condutor deixou de manter dist�ncia do ve�culo da frente;Colis�o traseira;Com V�timas Feridas;Plena Noite;Crescente;Nublado;Dupla;Reta;Sim;2;0;1;0;0;1;1;2;-19,34165402;-48,09547304;SPRF-MG;DEL13-MG;UOP01-DEL13-MG;;;
664257;28/02/2025;sexta-feira;07:30:00;RJ;493;20;MAGE;Convers�o proibida;Colis�o frontal;Com V�timas Feridas;Pleno dia;Decrescente;Sol;Simples;Reta;N�o;3;0;1;1;1;0;2;2;-22,66360994;-43,04108988;SPRF-RJ;DEL04-RJ;UOP02-DEL04-RJ;;;
664259;28/02/2025;sexta-feira;16:00:00;SP;153;50,8;SAO JOSE DO RIO PRETO;Convers�o proibida;Colis�o transversal;Sem V�timas;Pleno dia;Decrescente;C�u Claro;Simples;Reta;Sim;2;0;0;0;2;0;0;2;-20,71627613;-49,3389076;SPRF-SP;DEL09-SP;UOP01-DEL09-SP;;;
664260;28/02/2025;sexta-feira;15:15:00;SP;116;516;CAJATI;Condutor Dormindo;Sa�da de leito carro��vel;Com V�timas Feridas;Pleno dia;Crescente;Sol;Simples;Curva;N�o;3;0;2;0;1;0;2;1;-24,8728684;-48,21683143;SPRF-SP;DEL05-SP;UOP02-DEL05-SP;;;
664261;28/02/2025;sexta-feira;14:50:00;PB;230;176,9;POCINHOS;Aus�ncia de rea��o do condutor;Engavetamento;Com V�timas Feridas;Pleno dia;Decrescente;C�u Claro;Simples;Reta;N�o;3;0;1;0;2;0;1;3;-7,16983;-36,038353;SPRF-PB;DEL02-PB;UOP02-DEL02-PB;;;
664262;28/02/2025;sexta-feira;12:00:00;BA;101;898,1;CARAVELAS;Rea��o tardia ou ineficiente do condutor;Capotamento;Com V�timas Feridas;Pleno dia;Decrescente;C�u Claro;Simples;Reta;N�o;3;0;3;0;0;0;3;1;-17,716335;-39,767542;SPRF-BA;DEL09-BA;UOP02-DEL09-BA;;;
664263;28/02/2025;sexta-feira;14:00:00;PB;230;176;CAMPINA GRANDE;Aus�ncia de rea��o do condutor;Colis�o com objeto;Com V�timas Feridas;Pleno dia;Crescente;C�u Claro;Simples;"Reta;Ponte";N�o;2;0;2;0;0;0;2;1;-7,17369972;-36,03264213;SPRF-PB;DEL02-PB;UOP02-DEL02-PB;;;
664264;28/02/2025;sexta-feira;16:00:00;PR;376;125,1;ALTO PARANA;Condutor deixou de manter dist�ncia do ve�culo da frente;Colis�o traseira;Com V�timas Feridas;Pleno dia;Crescente;C�u Claro;Dupla;"Aclive;Reta";N�o;5;0;2;0;3;0;2;2;-23,14151334;-52,28529811;SPRF-PR;DEL09-PR;UOP02-DEL09-PR;;;
664266;22/02/2025;s�bado;20:00:00;DF;80;2;BRASILIA;Acessar a via sem observar a presen�a dos outros ve�culos;Colis�o lateral mesmo sentido;Com V�timas Feridas;Plena Noite;Crescente;C�u Claro;Dupla;Reta;N�o;2;0;1;0;1;0;1;2;-15,733353;-48,084915;SPRF-DF;DEL03-DF;UOP02-DEL03-DF;;;
664267;28/02/2025;sexta-feira;15:00:00;SC;101;133;BALNEARIO CAMBORIU;Rea��o tardia ou ineficiente do condutor;Colis�o traseira;Com V�timas Feridas;Pleno dia;Decrescente;Sol;M�ltipla;Reta;Sim;2;0;1;0;1;0;1;2;-26,99765919;-48,65086734;SPRF-SC;DEL04-SC;UOP03-DEL04-SC;;;
664268;28/02/2025;sexta-feira;16:00:00;RS;158;567;SANTANA DO LIVRAMENTO;Desrespeitar a prefer�ncia no cruzamento;Colis�o transversal;Com V�timas Feridas;Pleno dia;Decrescente;Nublado;Simples;Rotat�ria;Sim;2;0;1;0;1;0;1;2;-30,89021956;-55,50724268;SPRF-RS;DEL11-RS;UOP01-DEL11-RS;;;
664269;28/02/2025;sexta-feira;14:15:00;MS;262;451,7;DOIS IRMAOS DO BURITI;Avarias e/ou desgaste excessivo no pneu;Tombamento;Com V�timas Feridas;Pleno dia;Crescente;C�u Claro;Simples;"Aclive;Reta";N�o;2;0;1;1;0;0;2;1;-20,550815;-55,474021;SPRF-MS;DEL03-MS;UOP01-DEL03-MS;;;
664270;27/01/2025;segunda-feira;12:41:00;RJ;101;295;ITABORAI;Rea��o tardia ou ineficiente do condutor;Queda de ocupante de ve�culo;Com V�timas Feridas;Pleno dia;Decrescente;C�u Claro;Dupla;Reta;Sim;2;0;1;0;0;1;1;2;-22,762946;-42,90873581;SPRF-RJ;DEL02-RJ;UOP02-DEL02-RJ;;;
664275;28/02/2025;sexta-feira;17:05:00;SC;101;108,2;PENHA;Afundamento ou ondula��o no pavimento;Tombamento;Com V�timas Feridas;Pleno dia;Decrescente;C�u Claro;Dupla;Reta;Sim;1;0;1;0;0;0;1;1;-26,82834;-48,69214;SPRF-SC;DEL03-SC;UOP02-DEL03-SC;;;
664277;28/02/2025;sexta-feira;16:50:00;RJ;101;330;RIO DE JANEIRO;Aus�ncia de rea��o do condutor;Colis�o traseira;Com V�timas Feridas;Pleno dia;Decrescente;C�u Claro;M�ltipla;Reta;N�o;2;0;0;1;1;0;1;2;-22,86777494;-43,19734877;SPRF-RJ;DEL02-RJ;UOP01-DEL02-RJ;;;
664279;28/02/2025;sexta-feira;17:10:00;RS;116;146,1;CAXIAS DO SUL;Acessar a via sem observar a presen�a dos outros ve�culos;Atropelamento de Pedestre;Com V�timas Feridas;Pleno dia;Decrescente;Nublado;Dupla;Reta;Sim;4;0;1;0;2;1;1;2;-29,14375622;-51,13787055;SPRF-RS;DEL05-RS;UOP01-DEL05-RS;;;
664280;28/02/2025;sexta-feira;16:45:00;SC;282;25,8;SANTO AMARO DA IMPERATRIZ;Convers�o proibida;Colis�o transversal;Com V�timas Feridas;Pleno dia;Decrescente;C�u Claro;Simples;Curva;Sim;2;0;0;1;1;0;1;2;-27,68059827;-48,7877512;SPRF-SC;DEL01-SC;UOP03-DEL01-SC;;;
664281;28/02/2025;sexta-feira;16:30:00;AL;316;264,5;SATUBA;Condutor Dormindo;Colis�o frontal;Com V�timas Feridas;Pleno dia;Decrescente;C�u Claro;Simples;"Reta;Declive";N�o;3;0;3;0;0;0;3;2;-9,58746299;-35,86304426;SPRF-AL;DEL02-AL;UOP01-DEL02-AL;;;
664282;28/02/2025;sexta-feira;13:00:00;SC;101;379,2;ICARA;Aus�ncia de rea��o do condutor;Colis�o com objeto;Com V�timas Feridas;Pleno dia;Decrescente;C�u Claro;M�ltipla;"Reta;Declive";N�o;1;0;1;0;0;0;1;1;-28,75507917;-49,27747428;SPRF-SC;DEL02-SC;UOP02-DEL02-SC;;;
664283;28/02/2025;sexta-feira;12:05:00;SC;280;213,5;TRES BARRAS;Transitar na contram�o;Colis�o frontal;Com V�timas Fatais;Pleno dia;Decrescente;C�u Claro;Simples;"Aclive;Reta";N�o;2;1;1;0;0;0;1;2;-26,18207;-50,202133;SPRF-SC;DEL06-SC;UOP04-DEL06-SC;;;
664286;28/02/2025;sexta-feira;16:50:00;RS;285;570,4;SAO LUIZ GONZAGA;Pedestre cruzava a pista fora da faixa;Atropelamento de Pedestre;Com V�timas Feridas;Pleno dia;Decrescente;C�u Claro;Simples;Reta;Sim;2;0;0;1;1;0;1;2;-28,41251595;-54,97992743;SPRF-RS;DEL12-RS;UOP01-DEL12-RS;;;
664287;24/02/2025;segunda-feira;07:45:00;RJ;101;310;SAO GONCALO;Condutor deixou de manter dist�ncia do ve�culo da frente;Engavetamento;Com V�timas Feridas;Pleno dia;Crescente;C�u Claro;Simples;Reta;Sim;4;0;1;0;3;0;1;4;-22,80117967;-43,05464321;SPRF-RJ;DEL02-RJ;UOP02-DEL02-RJ;;;
664288;28/02/2025;sexta-feira;17:24:00;PE;101;65,4;RECIFE;Trafegar com motocicleta (ou similar) entre as faixas;Colis�o lateral mesmo sentido;Com V�timas Feridas;Plena Noite;Decrescente;Chuva;Dupla;Reta;Sim;2;0;1;0;1;0;1;2;-8,028644;-34,942912;SPRF-PE;DEL01-PE;UOP01-DEL01-PE;;;