id;data_inversa;dia_semana;horario;uf;br;km;municipio;causa_acidente;tipo_acidente;classificacao_acidente;fase_dia;sentido_via;condicao_metereologica;tipo_pista;tracado_via;uso_solo;pessoas;mortos;feridos_leves;feridos_graves;ilesos;ignorados;feridos;veiculos;latitude;longitude;regional;delegacia;uop;;;
664290;28/02/2025;sexta-feira;17:20:00;SP;116;170;JACAREI;Avarias e/ou desgaste excessivo no pneu;Tombamento;Com V�timas Feridas;Pleno dia;Decrescente;Sol;Dupla;Reta;N�o;2;0;2;0;0;0;2;1;-23,30754344;-46,05118275;SPRF-SP;DEL02-SP;UOP01-DEL02-SP;;;
664291;28/02/2025;sexta-feira;17:15:00;ES;262;95;DOMINGOS MARTINS;Desrespeitar a prefer�ncia no cruzamento;Colis�o transversal;Com V�timas Feridas;Amanhecer;Crescente;C�u Claro;Simples;Interse��o de Vias;N�o;2;0;0;1;0;1;1;2;-20,3648847;-41,06233206;SPRF-ES;DEL01-ES;UOP02-DEL01-ES;;;
664292;28/02/2025;sexta-feira;17:15:00;PR;376;538,6;PALMEIRA;Rea��o tardia ou ineficiente do condutor;Colis�o com objeto;Com V�timas Feridas;Pleno dia;Decrescente;C�u Claro;Dupla;Reta;N�o;1;0;1;0;0;0;1;1;-25,34697796;-49,84334889;SPRF-PR;DEL03-PR;UOP03-DEL03-PR;;;
664294;28/02/2025;sexta-feira;18:35:00;ES;101;146,4;LINHARES;Condutor deixou de manter dist�ncia do ve�culo da frente;Engavetamento;Com V�timas Feridas;Plena Noite;Crescente;C�u Claro;M�ltipla;Reta;Sim;3;0;1;0;2;0;1;3;-19,37434984;-40,0659067;SPRF-ES;DEL04-ES;UOP01-DEL04-ES;;;
664295;28/02/2025;sexta-feira;16:55:00;PE;428;72;SANTA MARIA DA BOA VISTA;Rea��o tardia ou ineficiente do condutor;Capotamento;Com V�timas Feridas;Pleno dia;Crescente;C�u Claro;Simples;"Reta;Declive";N�o;2;0;2;0;0;0;2;1;-8,8024754;-39,8252888;SPRF-PE;DEL06-PE;UOP03-DEL06-PE;;;
664297;28/02/2025;sexta-feira;18:05:00;PB;230;3,7;CABEDELO;Rea��o tardia ou ineficiente do condutor;Sa�da de leito carro��vel;Sem V�timas;Plena Noite;Crescente;C�u Claro;M�ltipla;"Interse��o de Vias;Viaduto;Em Obras";Sim;1;0;0;0;0;1;0;1;-7,00511085;-34,82922077;SPRF-PB;DEL01-PB;UOP01-DEL01-PB;;;
664298;28/02/2025;sexta-feira;19:00:00;ES;101;204,8;JOAO NEIVA;Acessar a via sem observar a presen�a dos outros ve�culos;Colis�o transversal;Com V�timas Feridas;Plena Noite;Crescente;C�u Claro;Simples;"Interse��o de Vias;Reta";Sim;3;0;1;0;2;0;1;2;-19,7577139;-40,36937714;SPRF-ES;DEL02-ES;UOP01-DEL02-ES;;;
664300;28/02/2025;sexta-feira;18:40:00;ES;101;167,7;LINHARES;Defici�ncia do Sistema de Ilumina��o/Sinaliza��o;Colis�o transversal;Com V�timas Feridas;Plena Noite;Crescente;C�u Claro;Simples;Reta;N�o;3;0;2;0;1;0;2;2;-19,4222632;-40,0779548;SPRF-ES;DEL04-ES;UOP01-DEL04-ES;;;
664304;28/02/2025;sexta-feira;18:00:00;SC;101;99,5;BALNEARIO PICARRAS;Avarias e/ou desgaste excessivo no pneu;Tombamento;Com V�timas Feridas;Pleno dia;Crescente;C�u Claro;Dupla;Reta;N�o;2;0;2;0;0;0;2;1;-26,75472027;-48,68976116;SPRF-SC;DEL03-SC;UOP02-DEL03-SC;;;
664305;28/02/2025;sexta-feira;18:40:00;DF;60;0,3;BRASILIA;Manobra de mudan�a de faixa;Colis�o lateral mesmo sentido;Com V�timas Feridas;Plena Noite;Crescente;C�u Claro;Dupla;Reta;Sim;2;0;1;0;1;0;1;2;-15,883133;-48,06323;SPRF-DF;DEL03-DF;UOP01-DEL03-DF;;;
664308;15/01/2025;quarta-feira;16:55:00;MT;158;554,9;AGUA BOA;Manobra de mudan�a de faixa;Colis�o lateral sentido oposto;Com V�timas Feridas;Pleno dia;Crescente;Nublado;Simples;Reta;N�o;2;0;1;0;1;0;1;2;-13,94446602;-52,10520498;SPRF-MT;DEL07-MT;UOP02-DEL07-MT;;;
664309;28/02/2025;sexta-feira;19:25:00;PE;101;67,5;RECIFE;Pista Escorregadia;Tombamento;Com V�timas Feridas;Plena Noite;Crescente;Garoa/Chuvisco;Simples;Reta;Sim;2;0;1;0;1;0;1;1;-8,04638;-34,9451;SPRF-PE;DEL01-PE;UOP01-DEL01-PE;;;
664311;28/02/2025;sexta-feira;18:05:00;MS;60;426;SIDROLANDIA;Desrespeitar a prefer�ncia no cruzamento;Colis�o transversal;Com V�timas Feridas;Plena Noite;Decrescente;C�u Claro;Dupla;"Reta;Interse��o de Vias";Sim;2;0;0;1;1;0;1;2;-20,93791358;-54,96282935;SPRF-MS;DEL01-MS;UOP04-DEL01-MS;;;
664313;28/02/2025;sexta-feira;19:00:00;PE;428;186;PETROLINA;Frear bruscamente;Colis�o lateral mesmo sentido;Sem V�timas;Plena Noite;Crescente;C�u Claro;Dupla;Reta;Sim;4;0;0;0;3;1;0;4;-9,3551829;-40,4782292;SPRF-PE;DEL06-PE;UOP01-DEL06-PE;;;
664314;28/02/2025;sexta-feira;19:45:00;RS;470;218,6;BENTO GONCALVES;Rea��o tardia ou ineficiente do condutor;Colis�o frontal;Com V�timas Feridas;Plena Noite;Decrescente;Garoa/Chuvisco;Simples;"Curva;Declive";N�o;3;0;0;1;2;0;1;2;-29,18507474;-51,52137929;SPRF-RS;DEL06-RS;UOP01-DEL06-RS;;;
664315;28/02/2025;sexta-feira;15:48:00;MT;163;690;LUCAS DO RIO VERDE;Convers�o proibida;Colis�o transversal;Com V�timas Feridas;Pleno dia;Crescente;C�u Claro;Simples;Reta;Sim;2;0;1;0;1;0;1;2;-13,05677473;-55,91407873;SPRF-MT;DEL06-MT;UOP01-DEL06-MT;;;
664316;28/02/2025;sexta-feira;19:00:00;DF;80;22;BRASILIA;Ultrapassagem Indevida;Colis�o transversal;Com V�timas Feridas;Plena Noite;Crescente;C�u Claro;Simples;Reta;N�o;2;0;1;0;1;0;1;2;-15,719034;-48,196686;SPRF-DF;DEL03-DF;UOP02-DEL03-DF;;;
664317;28/02/2025;sexta-feira;20:24:00;PB;101;83,7;BAYEUX;Condutor deixou de manter dist�ncia do ve�culo da frente;Engavetamento;Sem V�timas;Plena Noite;Crescente;C�u Claro;Dupla;Reta;N�o;3;0;0;0;3;0;0;3;-7,137;-34,926;SPRF-PB;DEL01-PB;UOP01-DEL01-PB;;;
664318;28/02/2025;sexta-feira;20:00:00;TO;230;144;ARAGUATINS;Desrespeitar a prefer�ncia no cruzamento;Colis�o transversal;Com V�timas Feridas;Plena Noite;Crescente;C�u Claro;Simples;Reta;Sim;1;0;0;1;0;0;1;1;-5,71587439;-48,16123724;SPRF-TO;DEL02-TO;UOP03-DEL02-TO;;;
664319;28/02/2025;sexta-feira;14:30:00;MS;60;352,2;CAMPO GRANDE;Chuva;Sa�da de leito carro��vel;Com V�timas Feridas;Pleno dia;Crescente;Chuva;Simples;Declive;N�o;5;0;2;0;3;0;2;1;-20,449694;-54,747356;SPRF-MS;DEL01-MS;UOP03-DEL01-MS;;;
664320;28/02/2025;sexta-feira;19:00:00;MG;40;429,8;PARAOPEBA;Manobra de mudan�a de faixa;Colis�o lateral mesmo sentido;Com V�timas Feridas;Plena Noite;Decrescente;C�u Claro;Dupla;"Aclive;Reta";N�o;4;0;1;1;2;0;2;3;-19,19196209;-44,48695156;SPRF-MG;DEL02-MG;UOP01-DEL02-MG;;;
664322;28/02/2025;sexta-feira;19:00:00;SP;101;27;UBATUBA;Velocidade Incompat�vel;Colis�o com objeto;Com V�timas Feridas;Plena Noite;Crescente;C�u Claro;Simples;Reta;N�o;1;0;0;1;0;0;1;1;-23,3865216;-44,97408;SPRF-SP;DEL06-SP;UOP01-DEL06-SP;;;
664323;28/02/2025;sexta-feira;20:15:00;SP;381;53;MAIRIPORA;Rea��o tardia ou ineficiente do condutor;Colis�o lateral mesmo sentido;Com V�timas Feridas;Plena Noite;Decrescente;C�u Claro;Dupla;"Declive;Curva";N�o;3;0;2;0;1;0;2;2;-23,25196815;-46,59451742;SPRF-SP;DEL03-SP;UOP01-DEL03-SP;;;
664324;28/02/2025;sexta-feira;20:30:00;MG;262;367;JUATUBA;Ingest�o de �lcool pelo condutor;Colis�o traseira;Sem V�timas;Plena Noite;Decrescente;C�u Claro;Dupla;Reta;Sim;3;0;0;0;3;0;0;3;-19,9705134;-44,33127165;SPRF-MG;DEL01-MG;UOP03-DEL01-MG;;;
664325;28/02/2025;sexta-feira;10:35:00;SP;0;0;ITAPECERICA DA SERRA;Demais falhas mec�nicas ou el�tricas;Colis�o traseira;Sem V�timas;Pleno dia;N�o Informado;C�u Claro;M�ltipla;"Interse��o de Vias;Reta";Sim;5;0;0;0;4;1;0;3;-23,7003096;-46,86892364;SPRF-SP;DEL04-SP;UOP01-DEL04-SP;;;
664326;28/02/2025;sexta-feira;18:15:00;RS;392;3,8;RIO GRANDE;Rea��o tardia ou ineficiente do condutor;Colis�o transversal;Com V�timas Feridas;Pleno dia;Crescente;C�u Claro;Simples;Reta;Sim;3;0;0;1;1;1;1;3;-32,14449248;-52,10879803;SPRF-RS;DEL07-RS;UOP02-DEL07-RS;;;
664327;28/02/2025;sexta-feira;18:26:00;MG;40;645,7;CRISTIANO OTONI;Acesso irregular;Colis�o transversal;Com V�timas Feridas;Anoitecer;Crescente;C�u Claro;Simples;Reta;N�o;4;0;4;0;0;0;4;3;-20,7935283;-43,81032;SPRF-MG;DEL05-MG;UOP02-DEL05-MG;;;
664329;28/02/2025;sexta-feira;16:30:00;RJ;116;147;DUQUE DE CAXIAS;Trafegar com motocicleta (ou similar) entre as faixas;Queda de ocupante de ve�culo;Com V�timas Feridas;Pleno dia;Decrescente;C�u Claro;Dupla;Reta;N�o;3;0;0;1;2;0;1;3;-22,67091632;-43,27621348;SPRF-RJ;DEL01-RJ;UOP02-DEL01-RJ;;;
664330;28/02/2025;sexta-feira;21:00:00;PR;116;134;FAZENDA RIO GRANDE;Aus�ncia de rea��o do condutor;Atropelamento de Pedestre;Com V�timas Feridas;Plena Noite;Crescente;C�u Claro;Dupla;Reta;N�o;2;0;2;0;0;0;2;2;-25,71096667;-49,32009602;SPRF-PR;DEL01-PR;UOP03-DEL01-PR;;;
664331;28/02/2025;sexta-feira;19:45:00;MG;381;327;NOVA ERA;Rea��o tardia ou ineficiente do condutor;Colis�o transversal;Com V�timas Fatais;Plena Noite;Decrescente;Garoa/Chuvisco;Simples;"Declive;Reta";N�o;2;1;1;0;0;0;1;2;-19,756879;-43,027194;SPRF-MG;DEL03-MG;UOP02-DEL03-MG;;;
664333;28/02/2025;sexta-feira;20:30:00;MG;40;617,4;CONGONHAS;Rea��o tardia ou ineficiente do condutor;Engavetamento;Sem V�timas;Plena Noite;Crescente;C�u Claro;Simples;Reta;N�o;6;0;0;0;4;2;0;3;-20,561186;-43,812465;SPRF-MG;DEL05-MG;UOP02-DEL05-MG;;;
664335;28/02/2025;sexta-feira;18:55:00;MG;116;566;MANHUACU;Rea��o tardia ou ineficiente do condutor;Colis�o transversal;Com V�timas Feridas;Plena Noite;Crescente;C�u Claro;Simples;Reta;N�o;2;0;1;0;1;0;1;2;-20,11477703;-42,18057638;SPRF-MG;DEL06-MG;UOP03-DEL06-MG;;;
664336;28/02/2025;sexta-feira;19:09:00;AC;317;288;EPITACIOLANDIA;Rea��o tardia ou ineficiente do condutor;Colis�o traseira;Com V�timas Feridas;Plena Noite;Decrescente;C�u Claro;Simples;Reta;N�o;2;0;1;0;1;0;1;2;-11,0375187;-68,7157971;SPRF-AC;DEL01-AC;UOP02-DEL01-AC;;;
664338;28/02/2025;sexta-feira;20:30:00;RN;101;76,5;SAO GONCALO DO AMARANTE;Acessar a via sem observar a presen�a dos outros ve�culos;Colis�o lateral mesmo sentido;Com V�timas Feridas;Plena Noite;Crescente;Chuva;Dupla;Aclive;N�o;2;0;1;0;1;0;1;2;-5,7280002;-35,288064;SPRF-RN;DEL02-RN;UOP01-DEL02-RN;;;
664340;28/02/2025;sexta-feira;21:00:00;BA;101;475;URUCUCA;Transitar na contram�o;Colis�o frontal;Com V�timas Fatais;Plena Noite;Crescente;C�u Claro;Simples;"Aclive;Reta";N�o;2;1;0;0;0;1;0;2;-14,570165;-39,335355;SPRF-BA;DEL05-BA;UOP01-DEL05-BA;;;
664343;28/02/2025;sexta-feira;19:30:00;SC;470;251,1;CURITIBANOS;Demais falhas na via;Queda de ocupante de ve�culo;Com V�timas Fatais;Plena Noite;Crescente;C�u Claro;Simples;Curva;N�o;3;1;0;1;0;1;1;2;-27,3125219;-50,5987834;SPRF-SC;DEL05-SC;UOP03-DEL05-SC;;;
664344;28/02/2025;sexta-feira;19:20:00;MT;163;833;SINOP;Rea��o tardia ou ineficiente do condutor;Queda de ocupante de ve�culo;Com V�timas Feridas;Plena Noite;Decrescente;Garoa/Chuvisco;Dupla;Rotat�ria;Sim;2;0;2;0;0;0;2;1;-12,004832;-55,51713;SPRF-MT;DEL06-MT;UOP02-DEL06-MT;;;
664345;28/02/2025;sexta-feira;21:40:00;CE;222;2;FORTALEZA;Rea��o tardia ou ineficiente do condutor;Colis�o traseira;Com V�timas Feridas;Plena Noite;Crescente;C�u Claro;M�ltipla;Reta;Sim;3;0;2;0;0;1;2;2;-3,74;-38,595;SPRF-CE;DEL01-CE;UOP01-DEL01-CE;;;
664346;28/02/2025;sexta-feira;15:20:00;MT;70;280;PRIMAVERA DO LESTE;Acessar a via sem observar a presen�a dos outros ve�culos;Colis�o transversal;Com V�timas Feridas;Pleno dia;Crescente;Chuva;Simples;Reta;Sim;2;0;1;0;1;0;1;2;-15,566343;-54,303906;SPRF-MT;DEL05-MT;UOP01-DEL05-MT;;;
664347;28/02/2025;sexta-feira;21:00:00;SC;282;446;PONTE SERRADA;Manobra de mudan�a de faixa;Colis�o lateral mesmo sentido;Sem V�timas;Plena Noite;Crescente;C�u Claro;Dupla;Curva;N�o;6;0;0;0;6;0;0;2;-26,913;-51,90526;SPRF-SC;DEL07-SC;UOP04-DEL07-SC;;;
664348;28/02/2025;sexta-feira;21:55:00;PR;476;242;LAPA;Ingest�o de �lcool pelo condutor;Colis�o frontal;Com V�timas Feridas;Plena Noite;Crescente;Nublado;Simples;Reta;N�o;6;0;6;0;0;0;6;2;-25,8578227;-50,081967;SPRF-PR;DEL02-PR;UOP03-DEL02-PR;;;
664351;28/02/2025;sexta-feira;21:20:00;RJ;116;112;DUQUE DE CAXIAS;Aus�ncia de rea��o do condutor;Colis�o traseira;Com V�timas Feridas;Plena Noite;Decrescente;C�u Claro;Dupla;Reta;Sim;2;0;1;0;1;0;1;2;-22,70337842;-43,29007586;SPRF-RJ;DEL04-RJ;UOP02-DEL04-RJ;;;
664352;28/02/2025;sexta-feira;21:17:00;GO;153;199;URUACU;Pedestre - Ingest�o de �lcool/ subst�ncias psicoativas;Atropelamento de Pedestre;Com V�timas Feridas;Plena Noite;Decrescente;C�u Claro;Simples;Reta;Sim;2;0;0;1;1;0;1;2;-14,52330894;-49,1580534;SPRF-GO;DEL07-GO;UOP02-DEL07-GO;;;
664354;28/02/2025;sexta-feira;21:00:00;MG;40;686;RESSAQUINHA;Falta de acostamento;Atropelamento de Pedestre;Com V�timas Feridas;Plena Noite;Decrescente;C�u Claro;Simples;Reta;N�o;2;0;0;1;1;0;1;2;-21,0893;-43,7718;SPRF-MG;DEL05-MG;UOP02-DEL05-MG;;;
664357;28/02/2025;sexta-feira;21:15:00;PR;277;289;PRUDENTOPOLIS;Aus�ncia de rea��o do condutor;Sa�da de leito carro��vel;Sem V�timas;Plena Noite;Crescente;C�u Claro;Simples;Aclive;N�o;1;0;0;0;1;0;0;1;-25,316696;-51,004219;SPRF-PR;DEL08-PR;UOP02-DEL08-PR;;;
664358;28/02/2025;sexta-feira;23:30:00;PR;277;653,4;MATELANDIA;Transitar na contram�o;Colis�o lateral sentido oposto;Com V�timas Feridas;Plena Noite;Crescente;C�u Claro;Simples;Reta;N�o;2;0;0;1;1;0;1;2;-25,216788;-53,951423;SPRF-PR;DEL05-PR;UOP02-DEL05-PR;;;
664359;28/02/2025;sexta-feira;20:30:00;MT;163;543;DIAMANTINO;Acessar a via sem observar a presen�a dos outros ve�culos;Colis�o transversal;Com V�timas Feridas;Plena Noite;Crescente;Nublado;Simples;"Em Obras;Reta";N�o;2;0;0;1;1;0;1;2;-14,266631;-56,150164;SPRF-MT;DEL01-MT;UOP01-DEL01-MT;;;
664360;28/02/2025;sexta-feira;23:05:00;PE;408;84,2;SAO LOURENCO DA MATA;Objeto est�tico sobre o leito carro��vel;Colis�o frontal;Com V�timas Fatais;Plena Noite;Decrescente;Chuva;Dupla;Reta;N�o;1;1;0;0;0;0;0;1;-7,99969;-35,06344;SPRF-PE;DEL01-PE;UOP01-DEL01-PE;;;
664361;28/02/2025;sexta-feira;23:00:00;RS;116;110,1;ELDORADO DO SUL;Velocidade Incompat�vel;Capotamento;Com V�timas Feridas;Plena Noite;Crescente;C�u Claro;Dupla;Reta;N�o;2;0;0;2;0;0;2;1;-30,036283;-51,3276648;SPRF-RS;DEL05-RS;UOP01-DEL05-RS;;;
664362;28/02/2025;sexta-feira;23:40:00;MG;365;640;UBERLANDIA;Rea��o tardia ou ineficiente do condutor;Colis�o traseira;Com V�timas Feridas;Plena Noite;Crescente;C�u Claro;Dupla;Declive;N�o;3;0;2;0;1;0;2;3;-18,88902297;-48,4420681;SPRF-MG;DEL15-MG;UOP01-DEL15-MG;;;
664363;28/02/2025;sexta-feira;22:13:00;RJ;493;62;JAPERI;Animais na Pista;Atropelamento de Animal;Com V�timas Feridas;Plena Noite;Decrescente;C�u Claro;Dupla;Reta;N�o;2;0;2;0;0;0;2;1;-22,6656256;-43,6338688;SPRF-RJ;DEL01-RJ;UOP03-DEL01-RJ;;;
664364;28/02/2025;sexta-feira;23:40:00;RJ;40;54;PETROPOLIS;Ingest�o de �lcool pelo condutor;Colis�o com objeto;Com V�timas Feridas;Plena Noite;Crescente;C�u Claro;Dupla;"Reta;Declive";N�o;1;0;1;0;0;0;1;1;-22,35315186;-43,12161684;SPRF-RJ;DEL05-RJ;UOP02-DEL05-RJ;;;
664365;28/02/2025;sexta-feira;23:00:00;RJ;493;52;DUQUE DE CAXIAS;Animais na Pista;Atropelamento de Animal;Com V�timas Feridas;Plena Noite;Decrescente;Nublado;Dupla;Reta;N�o;1;0;1;0;0;0;1;1;-22,668367;-43,31521165;SPRF-RJ;DEL01-RJ;UOP03-DEL01-RJ;;;
664366;01/03/2025;s�bado;00:15:00;SC;470;53,2;BLUMENAU;Aus�ncia de sinaliza��o;Sa�da de leito carro��vel;Sem V�timas;Plena Noite;Decrescente;Nublado;M�ltipla;Reta;Sim;1;0;0;0;1;0;0;1;-26,86833;-49,10434;SPRF-SC;DEL04-SC;UOP01-DEL04-SC;;;
664367;01/03/2025;s�bado;00:05:00;SP;116;490;CAJATI;Aus�ncia de rea��o do condutor;Colis�o traseira;Com V�timas Feridas;Plena Noite;Crescente;C�u Claro;Dupla;Reta;N�o;4;0;1;0;3;0;1;2;-24,74184249;-48,12835693;SPRF-SP;DEL05-SP;UOP01-DEL05-SP;;;
664368;28/02/2025;sexta-feira;23:20:00;SC;116;140,5;SANTA CECILIA;Rea��o tardia ou ineficiente do condutor;Colis�o com objeto;Com V�timas Feridas;Plena Noite;Decrescente;Nublado;Simples;"Curva;Declive";N�o;3;0;3;0;0;0;3;1;-26,9752878;-50,39947852;SPRF-SC;DEL06-SC;UOP02-DEL06-SC;;;
664369;01/03/2025;s�bado;01:10:00;PR;277;10;PARANAGUA;Aus�ncia de rea��o do condutor;Tombamento;Com V�timas Feridas;Plena Noite;Decrescente;C�u Claro;Dupla;Reta;N�o;1;0;0;1;0;0;1;1;-25,56728526;-48,62030089;SPRF-PR;DEL01-PR;UOP05-DEL01-PR;;;
664370;28/02/2025;sexta-feira;19:00:00;PR;373;422;FOZ DO JORDAO;Aus�ncia de rea��o do condutor;Sa�da de leito carro��vel;Sem V�timas;Plena Noite;Decrescente;C�u Claro;Simples;Curva;N�o;1;0;0;0;1;0;0;1;-25,708831;-52,176708;SPRF-PR;DEL08-PR;UOP01-DEL08-PR;;;
664374;28/02/2025;sexta-feira;16:00:00;SC;101;57;ARAQUARI;Rea��o tardia ou ineficiente do condutor;Colis�o traseira;Com V�timas Feridas;Pleno dia;Crescente;Sol;Dupla;Reta;N�o;3;0;2;0;1;0;2;2;-26,43618535;-48,81268501;SPRF-SC;DEL03-SC;UOP01-DEL03-SC;;;
664377;01/03/2025;s�bado;01:47:00;SC;282;208,6;SAO JOSE;Manobra de mudan�a de faixa;Colis�o traseira;Com V�timas Feridas;Plena Noite;Crescente;C�u Claro;M�ltipla;"Aclive;Reta";N�o;3;0;1;0;2;0;1;2;-27,60466734;-48,63364756;SPRF-SC;DEL05-SC;UOP01-DEL05-SC;;;
664378;01/03/2025;s�bado;00:10:00;MG;381;154,9;GOVERNADOR VALADARES;Entrada inopinada do pedestre;Atropelamento de Pedestre;Com V�timas Fatais;Plena Noite;Crescente;Nublado;Simples;Reta;Sim;3;1;0;0;1;1;0;2;-18,85750909;-41,98448105;SPRF-MG;DEL06-MG;UOP01-DEL06-MG;;;
664379;01/03/2025;s�bado;00:30:00;BA;407;8;JUAZEIRO;Ingest�o de �lcool pelo condutor;Colis�o traseira;Sem V�timas;Plena Noite;Decrescente;C�u Claro;Simples;Reta;N�o;2;0;0;0;1;1;0;2;-9,478097;-40,475862;SPRF-PE;DEL06-PE;UOP01-DEL06-PE;;;
664380;28/02/2025;sexta-feira;22:30:00;MG;116;399;GOVERNADOR VALADARES;Demais falhas mec�nicas ou el�tricas;Queda de ocupante de ve�culo;Com V�timas Feridas;Plena Noite;Crescente;C�u Claro;Simples;Reta;N�o;2;0;1;0;1;0;1;2;-18,71552031;-41,98768616;SPRF-MG;DEL06-MG;UOP01-DEL06-MG;;;
664381;01/03/2025;s�bado;00:40:00;MG;116;573,4;MANHUACU;Rea��o tardia ou ineficiente do condutor;Colis�o traseira;Com V�timas Fatais;Plena Noite;Decrescente;C�u Claro;Simples;"Reta;Aclive";N�o;2;1;0;0;0;1;0;2;-20,20233047;-42,18403819;SPRF-MG;DEL06-MG;UOP03-DEL06-MG;;;
664383;01/03/2025;s�bado;00:30:00;GO;20;229,9;POSSE;Ingest�o de �lcool pelo condutor;Colis�o transversal;Com V�timas Feridas;Plena Noite;Decrescente;C�u Claro;Simples;Reta;N�o;4;0;1;0;3;0;1;2;-14,113257;-46,30865;SPRF-DF;DEL02-DF;UOP03-DEL02-DF;;;
664384;01/03/2025;s�bado;00:32:00;MG;116;511,6;UBAPORANGA;Ingest�o de �lcool pelo condutor;Colis�o frontal;Com V�timas Fatais;Plena Noite;Crescente;C�u Claro;Simples;Curva;N�o;4;1;0;0;1;2;0;3;-19,660397;-42,116757;SPRF-MG;DEL06-MG;UOP02-DEL06-MG;;;
664386;01/03/2025;s�bado;02:40:00;MG;153;33;CENTRALINA;Afundamento ou ondula��o no pavimento;Queda de ocupante de ve�culo;Com V�timas Feridas;Plena Noite;Crescente;C�u Claro;Dupla;Reta;N�o;1;0;1;0;0;0;1;1;-18,73550178;-49,10345256;SPRF-MG;DEL15-MG;UOP03-DEL15-MG;;;
664387;01/03/2025;s�bado;01:50:00;MS;163;267;DOURADOS;Ingest�o de �lcool pelo condutor;Sa�da de leito carro��vel;Sem V�timas;Plena Noite;Decrescente;C�u Claro;Dupla;Rotat�ria;Sim;1;0;0;0;1;0;0;1;-22,21287449;-54,71571207;SPRF-MS;DEL04-MS;UOP01-DEL04-MS;;;
664388;01/03/2025;s�bado;02:30:00;GO;153;507;APARECIDA DE GOIANIA;Ingest�o de �lcool pelo condutor;Sa�da de leito carro��vel;Sem V�timas;Plena Noite;Decrescente;Ignorado;Dupla;Reta;Sim;1;0;0;0;1;0;0;1;-16,78531339;-49,23750401;SPRF-GO;DEL01-GO;UOP03-DEL01-GO;;;
664389;01/03/2025;s�bado;01:29:00;PR;277;73;SAO JOSE DOS PINHAIS;Velocidade Incompat�vel;Sa�da de leito carro��vel;Com V�timas Fatais;Plena Noite;Decrescente;C�u Claro;Dupla;Reta;N�o;7;1;0;6;0;0;6;1;-25,500222;-49,153653;SPRF-PR;DEL01-PR;UOP07-DEL01-PR;;;
664390;01/03/2025;s�bado;03:20:00;PR;277;73,4;SAO JOSE DOS PINHAIS;Ingest�o de �lcool pelo condutor;Colis�o traseira;Sem V�timas;Plena Noite;Decrescente;C�u Claro;Dupla;Reta;Sim;2;0;0;0;2;0;0;2;-25,500092;-49,153807;SPRF-PR;DEL01-PR;UOP07-DEL01-PR;;;
664391;01/03/2025;s�bado;02:20:00;RS;116;325,5;BARRA DO RIBEIRO;Objeto est�tico sobre o leito carro��vel;Sa�da de leito carro��vel;Com V�timas Feridas;Plena Noite;Crescente;Nublado;Dupla;Reta;N�o;5;0;3;2;0;0;5;1;-30,33242083;-51,42408555;SPRF-RS;DEL02-RS;UOP01-DEL02-RS;;;
664392;01/03/2025;s�bado;04:00:00;SP;101;49;UBATUBA;Velocidade Incompat�vel;Colis�o traseira;Com V�timas Feridas;Plena Noite;Crescente;C�u Claro;Simples;Reta;Sim;3;0;0;2;0;1;2;2;-23,44386084;-45,08412968;SPRF-SP;DEL06-SP;UOP01-DEL06-SP;;;
664395;01/03/2025;s�bado;04:10:00;PB;101;85,6;JOAO PESSOA;Condutor Dormindo;Sa�da de leito carro��vel;Com V�timas Feridas;Plena Noite;Decrescente;Chuva;M�ltipla;Reta;Sim;2;0;1;1;0;0;2;1;-7,1443577;-34,91792026;SPRF-PB;DEL01-PB;UOP01-DEL01-PB;;;
664396;01/03/2025;s�bado;04:30:00;RS;116;233;NOVO HAMBURGO;Aus�ncia de rea��o do condutor;Colis�o com objeto;Sem V�timas;Plena Noite;Decrescente;C�u Claro;Simples;Reta;Sim;1;0;0;0;0;1;0;1;-29,64446648;-51,14311966;SPRF-RS;DEL01-RS;UOP02-DEL01-RS;;;
664397;01/03/2025;s�bado;03:45:00;MS;163;777;COXIM;Ingest�o de �lcool pelo condutor;Sa�da de leito carro��vel;Sem V�timas;Amanhecer;Decrescente;C�u Claro;Dupla;Reta;N�o;1;0;0;0;1;0;0;1;-18,12227;-54,70013;SPRF-MS;DEL06-MS;UOP01-DEL06-MS;;;
664398;28/02/2025;sexta-feira;07:30:00;RJ;493;6;ITABORAI;Aus�ncia de rea��o do condutor;Colis�o lateral mesmo sentido;Com V�timas Feridas;Amanhecer;Crescente;Sol;Simples;Reta;Sim;2;0;1;0;1;0;1;2;-22,76545789;-42,92495728;SPRF-RJ;DEL02-RJ;UOP02-DEL02-RJ;;;
664401;01/03/2025;s�bado;04:30:00;SP;116;73,8;APARECIDA;Pedestre andava na pista;Atropelamento de Pedestre;Com V�timas Fatais;Plena Noite;Crescente;C�u Claro;Dupla;Reta;N�o;2;1;0;0;0;1;0;2;-22,8721816;-45,24860859;SPRF-SP;DEL08-SP;UOP01-DEL08-SP;;;
664402;01/03/2025;s�bado;04:35:00;PE;104;62,2;CARUARU;Rea��o tardia ou ineficiente do condutor;Capotamento;Com V�timas Feridas;Amanhecer;Crescente;C�u Claro;M�ltipla;Reta;Sim;5;0;4;1;0;0;5;1;-8,25765835;-35,97568631;SPRF-PE;DEL02-PE;UOP01-DEL02-PE;;;
664403;01/03/2025;s�bado;05:00:00;PR;277;714;SANTA TEREZINHA DE ITAIPU;Aus�ncia de rea��o do condutor;Colis�o com objeto;Sem V�timas;Plena Noite;Decrescente;C�u Claro;Dupla;Reta;N�o;1;0;0;0;1;0;0;1;-25,46457721;-54,44769502;SPRF-PR;DEL05-PR;UOP01-DEL05-PR;;;