id;data_inversa;dia_semana;horario;uf;br;km;municipio;causa_acidente;tipo_acidente;classificacao_acidente;fase_dia;sentido_via;condicao_metereologica;tipo_pista;tracado_via;uso_solo;pessoas;mortos;feridos_leves;feridos_graves;ilesos;ignorados;feridos;veiculos;latitude;longitude;regional;delegacia;uop;;;
664404;01/03/2025;s�bado;04:15:00;PR;116;38;CAMPINA GRANDE DO SUL;Rea��o tardia ou ineficiente do condutor;Capotamento;Com V�timas Feridas;Plena Noite;Crescente;Nevoeiro/Neblina;Dupla;Curva;N�o;2;0;1;0;1;0;1;1;-25,14802509;-48,85922071;SPRF-PR;DEL01-PR;UOP02-DEL01-PR;;;
664406;01/03/2025;s�bado;04:55:00;RS;116;62,8;CAMPESTRE DA SERRA;Transitar na contram�o;Colis�o transversal;Com V�timas Feridas;Plena Noite;Decrescente;C�u Claro;Simples;"Reta;Aclive";N�o;3;0;2;0;1;0;2;2;-28,662377;-51,05876;SPRF-RS;DEL05-RS;UOP03-DEL05-RS;;;
664408;01/03/2025;s�bado;05:00:00;RS;116;226,8;DOIS IRMAOS;Ingest�o de �lcool pelo condutor;Colis�o com objeto;Com V�timas Feridas;Plena Noite;Crescente;C�u Claro;Simples;Curva;N�o;2;0;1;0;1;0;1;1;-29,59939426;-51,11384869;SPRF-RS;DEL01-RS;UOP02-DEL01-RS;;;
664409;01/03/2025;s�bado;04:45:00;PR;277;467,5;LARANJEIRAS DO SUL;Pedestre andava na pista;Atropelamento de Pedestre;Com V�timas Fatais;Plena Noite;Crescente;C�u Claro;Simples;Curva;N�o;3;1;0;0;2;0;0;2;-25,3296137;-52,50868857;SPRF-PR;DEL04-PR;UOP02-DEL04-PR;;;
664411;01/03/2025;s�bado;04:40:00;MG;40;526;CONTAGEM;Condutor Dormindo;Colis�o com objeto;Com V�timas Feridas;Amanhecer;Decrescente;C�u Claro;Dupla;Reta;Sim;2;0;0;1;0;1;1;2;-19,89516203;-44,04976845;SPRF-MG;DEL01-MG;UOP02-DEL01-MG;;;
664412;01/03/2025;s�bado;04:30:00;PR;116;71;CAMPINA GRANDE DO SUL;Rea��o tardia ou ineficiente do condutor;Colis�o com objeto;Com V�timas Feridas;Plena Noite;Crescente;Nevoeiro/Neblina;Dupla;"Curva;Interse��o de Vias";N�o;1;0;1;0;0;0;1;1;-25,34465098;-49,04383242;SPRF-PR;DEL01-PR;UOP02-DEL01-PR;;;
664413;01/03/2025;s�bado;06:00:00;ES;101;249,7;SERRA;Aus�ncia de rea��o do condutor;Colis�o frontal;Com V�timas Feridas;Amanhecer;Crescente;Nublado;Simples;Reta;Sim;5;0;0;2;3;0;2;3;-20,0783513;-40,3514725;SPRF-ES;DEL02-ES;UOP01-DEL02-ES;;;
664417;01/03/2025;s�bado;06:00:00;ES;262;79,1;DOMINGOS MARTINS;Aus�ncia de rea��o do condutor;Colis�o lateral sentido oposto;Com V�timas Feridas;Pleno dia;Decrescente;C�u Claro;Simples;Curva;N�o;8;0;7;1;0;0;8;2;-20,409564;-40,928933;SPRF-ES;DEL01-ES;UOP02-DEL01-ES;;;
664418;01/03/2025;s�bado;05:31:00;PR;376;174,9;MARINGA;Ingest�o de �lcool pelo condutor;Queda de ocupante de ve�culo;Com V�timas Feridas;Amanhecer;Crescente;C�u Claro;M�ltipla;"Reta;Declive";N�o;2;0;1;0;1;0;1;1;-23,4150069;-51,95130652;SPRF-PR;DEL09-PR;UOP01-DEL09-PR;;;
664419;01/03/2025;s�bado;05:50:00;RS;101;13;DOM PEDRO DE ALCANTARA;Aus�ncia de rea��o do condutor;Colis�o com objeto;Com V�timas Feridas;Amanhecer;Decrescente;C�u Claro;Simples;Reta;N�o;3;0;2;0;1;0;2;1;-29,39741987;-49,8484211;SPRF-RS;DEL03-RS;UOP02-DEL03-RS;;;
664421;01/03/2025;s�bado;06:40:00;BA;324;613,8;SALVADOR;Acumulo de areia ou detritos sobre o pavimento;Queda de ocupante de ve�culo;Com V�timas Feridas;Pleno dia;Decrescente;Chuva;M�ltipla;Reta;Sim;1;0;1;0;0;0;1;1;-12,8709777;-38,4263464;SPRF-BA;DEL01-BA;UOP01-DEL01-BA;;;
664422;01/03/2025;s�bado;06:00:00;SP;116;225;GUARULHOS;Aus�ncia de rea��o do condutor;Tombamento;Com V�timas Feridas;Pleno dia;Decrescente;C�u Claro;M�ltipla;"Reta;Declive;Em Obras";Sim;1;0;1;0;0;0;1;1;-23,49056589;-46,54796529;SPRF-SP;DEL01-SP;UOP01-DEL01-SP;;;
664426;01/03/2025;s�bado;05:30:00;SP;116;225;GUARULHOS;Condutor deixou de manter dist�ncia do ve�culo da frente;Colis�o traseira;Sem V�timas;Amanhecer;Decrescente;C�u Claro;M�ltipla;Reta;Sim;4;0;0;0;3;1;0;2;-23,490398;-46,547801;SPRF-SP;DEL01-SP;UOP01-DEL01-SP;;;
664429;01/03/2025;s�bado;07:00:00;AL;104;42;BRANQUINHA;Condutor deixou de manter dist�ncia do ve�culo da frente;Colis�o traseira;Com V�timas Feridas;Pleno dia;Crescente;Sol;Simples;Reta;N�o;5;0;2;0;3;0;2;3;-9,20684282;-36,03200197;SPRF-AL;DEL01-AL;UOP02-DEL01-AL;;;
664430;01/03/2025;s�bado;01:30:00;MG;364;18;FRUTAL;Transitar na contram�o;Colis�o lateral sentido oposto;Sem V�timas;Plena Noite;Crescente;Nublado;Simples;Reta;N�o;5;0;0;0;5;0;0;2;-20,05675169;-48,82035613;SPRF-MG;DEL13-MG;UOP02-DEL13-MG;;;
664431;01/03/2025;s�bado;06:50:00;MG;116;522,1;CARATINGA;Velocidade Incompat�vel;Tombamento;Com V�timas Feridas;Pleno dia;Decrescente;Chuva;Simples;"Curva;Retorno Regulamentado";Sim;3;0;1;1;1;0;2;2;-19,748692;-42,132862;SPRF-MG;DEL06-MG;UOP02-DEL06-MG;;;
664432;01/03/2025;s�bado;06:10:00;GO;60;198,2;GUAPO;Velocidade Incompat�vel;Colis�o traseira;Com V�timas Feridas;Pleno dia;Crescente;C�u Claro;Dupla;"Reta;Declive";N�o;2;0;0;1;0;1;1;2;-16,87007402;-49,61028266;SPRF-GO;DEL01-GO;UOP02-DEL01-GO;;;
664433;01/03/2025;s�bado;01:40:00;BA;367;33;PORTO SEGURO;Ingest�o de �lcool pelo condutor;Sa�da de leito carro��vel;Com V�timas Feridas;Plena Noite;Crescente;C�u Claro;Simples;Curva;Sim;1;0;1;0;0;0;1;1;-16,41124719;-39,16739887;SPRF-BA;DEL09-BA;UOP03-DEL09-BA;;;
664435;01/03/2025;s�bado;07:55:00;CE;222;21;CAUCAIA;Desrespeitar a prefer�ncia no cruzamento;Colis�o transversal;Com V�timas Feridas;Pleno dia;Crescente;Chuva;Simples;"Em Obras;Reta";N�o;2;0;0;1;1;0;1;2;-3,7365625;-38,74423027;SPRF-CE;DEL01-CE;UOP01-DEL01-CE;;;
664437;01/03/2025;s�bado;07:50:00;SP;116;302;SAO LOURENCO DA SERRA;Condutor deixou de manter dist�ncia do ve�culo da frente;Engavetamento;Com V�timas Feridas;Pleno dia;Crescente;C�u Claro;Dupla;"Declive;Curva";N�o;6;0;1;0;4;1;1;3;-23,82837786;-46,92672729;SPRF-SP;DEL04-SP;UOP01-DEL04-SP;;;
664438;01/03/2025;s�bado;08:00:00;MG;365;47,5;CLARO DOS POCOES;Aus�ncia de rea��o do condutor;Colis�o frontal;Com V�timas Feridas;Pleno dia;Crescente;C�u Claro;Simples;Curva;N�o;5;0;1;0;4;0;1;2;-16,91579;-44,2117;SPRF-MG;DEL12-MG;UOP01-DEL12-MG;;;
664439;01/03/2025;s�bado;07:30:00;CE;20;310,3;CANINDE;Condutor deixou de manter dist�ncia do ve�culo da frente;Colis�o traseira;Com V�timas Feridas;Pleno dia;Decrescente;Nublado;Simples;"Declive;Reta";Sim;4;0;1;0;3;0;1;3;-4,331749;-39,285946;SPRF-CE;DEL02-CE;UOP01-DEL02-CE;;;
664441;01/03/2025;s�bado;05:20:00;PR;369;15;CAMBARA;Animais na Pista;Atropelamento de Animal;Com V�timas Feridas;Amanhecer;Decrescente;C�u Claro;Simples;"Reta;Declive";N�o;1;0;1;0;0;0;1;1;-23,02126462;-50,02894878;SPRF-PR;DEL07-PR;UOP05-DEL07-PR;;;
664442;01/03/2025;s�bado;04:00:00;MG;116;556,6;MANHUACU;Condutor Dormindo;Sa�da de leito carro��vel;Com V�timas Feridas;Plena Noite;Decrescente;Nublado;Simples;Curva;N�o;3;0;1;0;2;0;1;1;-20,013633;-42,16396;SPRF-MG;DEL06-MG;UOP03-DEL06-MG;;;
664445;01/03/2025;s�bado;05:50:00;RJ;116;192;NOVA IGUACU;Manobra de mudan�a de faixa;Colis�o traseira;Com V�timas Feridas;Pleno dia;Decrescente;C�u Claro;Dupla;Reta;Sim;4;0;2;0;2;0;2;2;-22,74288014;-43,51708174;SPRF-RJ;DEL06-RJ;UOP01-DEL06-RJ;;;
664447;01/03/2025;s�bado;04:40:00;PB;412;77;SERRA BRANCA;Condutor Dormindo;Sa�da de leito carro��vel;Com V�timas Feridas;Pleno dia;Decrescente;C�u Claro;Simples;Curva;N�o;1;0;1;0;0;0;1;1;-7,49164;-36,674842;SPRF-PB;DEL02-PB;UOP02-DEL02-PB;;;
664450;01/03/2025;s�bado;08:40:00;PR;277;720,2;FOZ DO IGUACU;Acessar a via sem observar a presen�a dos outros ve�culos;Colis�o transversal;Com V�timas Feridas;Pleno dia;Crescente;C�u Claro;Dupla;"Reta;Retorno Regulamentado";Sim;2;0;1;0;1;0;1;2;-25,493079;-54,517159;SPRF-PR;DEL05-PR;UOP03-DEL05-PR;;;
664452;01/03/2025;s�bado;08:05:00;RN;406;122;JOAO CAMARA;Condutor Dormindo;Colis�o com objeto;Com V�timas Feridas;Pleno dia;Crescente;Chuva;Simples;Reta;N�o;1;0;1;0;0;0;1;1;-5,55926504;-35,74745178;SPRF-RN;DEL02-RN;UOP01-DEL02-RN;;;
664454;01/03/2025;s�bado;08:40:00;PI;316;2;TERESINA;Manobra de mudan�a de faixa;Colis�o lateral mesmo sentido;Com V�timas Feridas;Pleno dia;Crescente;C�u Claro;M�ltipla;"Rotat�ria;Viaduto";Sim;4;0;1;1;2;0;2;2;-5,12505929;-42,79970527;SPRF-PI;DEL01-PI;UOP02-DEL01-PI;;;
664455;01/03/2025;s�bado;08:00:00;RS;290;653;URUGUAIANA;Acessar a via sem observar a presen�a dos outros ve�culos;Atropelamento de Pedestre;Com V�timas Feridas;Pleno dia;Crescente;Nublado;Simples;Reta;N�o;5;0;1;0;4;0;1;2;-30,01440897;-56,43745422;SPRF-RS;DEL13-RS;UOP01-DEL13-RS;;;
664456;01/03/2025;s�bado;08:50:00;PR;277;51;SAO JOSE DOS PINHAIS;Aus�ncia de rea��o do condutor;Queda de ocupante de ve�culo;Com V�timas Feridas;Pleno dia;Decrescente;C�u Claro;Dupla;"Reta;Declive";N�o;2;0;0;1;1;0;1;2;-25,5861399;-48,95516396;SPRF-PR;DEL01-PR;UOP05-DEL01-PR;;;
664457;01/03/2025;s�bado;08:00:00;SP;116;101,9;PINDAMONHANGABA;Rea��o tardia ou ineficiente do condutor;Colis�o traseira;Sem V�timas;Pleno dia;Decrescente;Sol;M�ltipla;"Reta;Aclive";N�o;2;0;0;0;2;0;0;2;-22,993707;-45,487201;SPRF-SP;DEL08-SP;UOP01-DEL08-SP;;;
664458;01/03/2025;s�bado;08:45:00;PR;373;227,8;IMBITUVA;Ultrapassagem Indevida;Colis�o lateral sentido oposto;Com V�timas Feridas;Pleno dia;Decrescente;C�u Claro;Simples;"Curva;Declive";N�o;4;0;0;2;2;0;2;2;-25,17645;-50,646314;SPRF-PR;DEL03-PR;UOP01-DEL03-PR;;;
664459;01/03/2025;s�bado;08:15:00;SC;101;230,9;PALHOCA;Demais falhas mec�nicas ou el�tricas;Inc�ndio;Sem V�timas;Pleno dia;Crescente;C�u Claro;Dupla;Reta;N�o;1;0;0;0;1;0;0;1;-27,78724335;-48,63589525;SPRF-SC;DEL01-SC;UOP02-DEL01-SC;;;
664460;01/03/2025;s�bado;07:20:00;RJ;101;272;TANGUA;Trafegar com motocicleta (ou similar) entre as faixas;Colis�o lateral mesmo sentido;Com V�timas Feridas;Pleno dia;Decrescente;C�u Claro;Dupla;Reta;N�o;4;0;2;0;2;0;2;2;-22,730365;-42,705382;SPRF-RJ;DEL02-RJ;UOP03-DEL02-RJ;;;
664461;01/03/2025;s�bado;08:11:00;RJ;101;296;ITABORAI;Trafegar com motocicleta (ou similar) entre as faixas;Tombamento;Com V�timas Fatais;Pleno dia;Decrescente;C�u Claro;Dupla;Reta;N�o;5;2;0;2;1;0;2;2;-22,767239;-42,914225;SPRF-RJ;DEL02-RJ;UOP02-DEL02-RJ;;;
664462;01/03/2025;s�bado;07:30:00;MA;226;310;BARRA DO CORDA;Curva acentuada;Sa�da de leito carro��vel;Com V�timas Fatais;Pleno dia;Decrescente;Nublado;Simples;"Curva;Declive";N�o;1;1;0;0;0;0;0;1;-5,44610086;-45,30355454;SPRF-MA;DEL06-MA;UOP01-DEL06-MA;;;
664463;17/02/2025;segunda-feira;07:00:00;PR;116;9;CAMPINA GRANDE DO SUL;Aus�ncia de rea��o do condutor;Colis�o lateral mesmo sentido;Com V�timas Feridas;Pleno dia;Crescente;Nublado;Dupla;"Declive;Reta";Sim;1;0;1;0;0;0;1;1;-25,08319454;-48,63391824;SPRF-PR;DEL01-PR;UOP02-DEL01-PR;;;
664464;01/03/2025;s�bado;09:45:00;RS;392;296,9;SAO SEPE;Desrespeitar a prefer�ncia no cruzamento;Colis�o transversal;Com V�timas Feridas;Pleno dia;Decrescente;Sol;Simples;"Interse��o de Vias;Declive;Reta";Sim;2;0;1;0;1;0;1;2;-30,164446;-53,583602;SPRF-RS;DEL09-RS;UOP01-DEL09-RS;;;
664466;01/03/2025;s�bado;08:40:00;PR;369;352,3;CAMPO MOURAO;Aus�ncia de rea��o do condutor;Colis�o traseira;Com V�timas Feridas;Pleno dia;Decrescente;C�u Claro;Simples;Aclive;N�o;5;0;1;0;4;0;1;2;-24,141462;-52,449713;SPRF-PR;DEL09-PR;UOP03-DEL09-PR;;;
664467;01/03/2025;s�bado;07:30:00;PB;101;124,1;CAAPORA;Rea��o tardia ou ineficiente do condutor;Sa�da de leito carro��vel;Sem V�timas;Pleno dia;Crescente;C�u Claro;Dupla;"Aclive;Curva";N�o;1;0;0;0;1;0;0;1;-7,469375;-34,977018;SPRF-PB;DEL01-PB;UOP01-DEL01-PB;;;
664468;01/03/2025;s�bado;09:45:00;MG;381;489;BETIM;Aus�ncia de rea��o do condutor;Colis�o traseira;Com V�timas Feridas;Pleno dia;Crescente;C�u Claro;Dupla;"Aclive;Reta";N�o;2;0;0;1;1;0;1;2;-19,9874946;-44,2004845;SPRF-MG;DEL01-MG;UOP03-DEL01-MG;;;
664469;01/03/2025;s�bado;08:40:00;RJ;101;159;MACAE;Condutor deixou de manter dist�ncia do ve�culo da frente;Colis�o frontal;Com V�timas Feridas;Pleno dia;Decrescente;Garoa/Chuvisco;Simples;"Reta;Ponte";N�o;7;0;5;0;2;0;5;3;-22,29536578;-41,880009;SPRF-RJ;DEL08-RJ;UOP04-DEL08-RJ;;;
664472;01/03/2025;s�bado;10:15:00;MG;40;469,5;SETE LAGOAS;Condutor deixou de manter dist�ncia do ve�culo da frente;Colis�o traseira;Com V�timas Feridas;Pleno dia;Decrescente;Nublado;Dupla;Reta;N�o;5;0;1;0;4;0;1;2;-19,4669319;-44,3130008;SPRF-MG;DEL02-MG;UOP01-DEL02-MG;;;
664473;01/03/2025;s�bado;07:45:00;SC;282;169;BOCAINA DO SUL;Aus�ncia de rea��o do condutor;Sa�da de leito carro��vel;Sem V�timas;Pleno dia;Crescente;C�u Claro;Simples;Curva;N�o;3;0;0;0;0;3;0;1;-27,74135288;-49,84282494;SPRF-SC;DEL05-SC;UOP01-DEL05-SC;;;
664474;01/03/2025;s�bado;10:35:00;SC;101;126;ITAJAI;Manobra de mudan�a de faixa;Colis�o transversal;Com V�timas Feridas;Pleno dia;Crescente;C�u Claro;Dupla;Reta;Sim;3;0;1;0;2;0;1;2;-26,962732;-48,682703;SPRF-SC;DEL04-SC;UOP04-DEL04-SC;;;
664475;01/03/2025;s�bado;10:20:00;RN;304;252;SANTA MARIA;Avarias e/ou desgaste excessivo no pneu;Tombamento;Com V�timas Feridas;Pleno dia;Decrescente;Nublado;Simples;Reta;N�o;2;0;2;0;0;0;2;1;-5,83360221;-35,73624015;SPRF-RN;DEL01-RN;UOP02-DEL01-RN;;;
664476;01/03/2025;s�bado;08:30:00;RJ;101;505;ANGRA DOS REIS;Rea��o tardia ou ineficiente do condutor;Colis�o traseira;Sem V�timas;Pleno dia;Crescente;C�u Claro;Simples;Reta;N�o;3;0;0;0;3;0;0;3;-22,935549;-44,396127;SPRF-RJ;DEL03-RJ;UOP03-DEL03-RJ;;;
664477;01/03/2025;s�bado;10:00:00;BA;101;160,8;CONCEICAO DO JACUIPE;Retorno proibido;Colis�o transversal;Com V�timas Feridas;Pleno dia;Decrescente;C�u Claro;Dupla;Reta;N�o;2;0;1;0;1;0;1;2;-12,33896492;-38,75900746;SPRF-BA;DEL01-BA;UOP03-DEL01-BA;;;
664478;01/03/2025;s�bado;10:45:00;SC;101;212;PALHOCA;Acumulo de areia ou detritos sobre o pavimento;Tombamento;Com V�timas Feridas;Pleno dia;Crescente;C�u Claro;Dupla;Reta;Sim;2;0;2;0;0;0;2;1;-27,87792833;-48,72389317;SPRF-SC;DEL01-SC;UOP02-DEL01-SC;;;
664479;01/03/2025;s�bado;10:50:00;GO;153;188;URUACU;Desrespeitar a prefer�ncia no cruzamento;Colis�o transversal;Com V�timas Fatais;Pleno dia;Crescente;C�u Claro;Simples;Reta;N�o;3;1;1;1;0;0;2;2;-14,43119;-49,15713;SPRF-GO;DEL07-GO;UOP02-DEL07-GO;;;
664481;01/03/2025;s�bado;09:00:00;RJ;116;81,5;TERESOPOLIS;Condutor deixou de manter dist�ncia do ve�culo da frente;Engavetamento;Sem V�timas;Pleno dia;Decrescente;Nublado;Simples;Reta;Sim;3;0;0;0;3;0;0;3;-22,396883;-42,954552;SPRF-RJ;DEL04-RJ;UOP01-DEL04-RJ;;;
664482;01/03/2025;s�bado;11:05:00;PB;101;101,3;ALHANDRA;Velocidade Incompat�vel;Colis�o traseira;Com V�timas Feridas;Pleno dia;Decrescente;C�u Claro;Dupla;Reta;N�o;2;0;1;0;1;0;1;2;-7,28019965;-34,93890915;SPRF-PB;DEL01-PB;UOP01-DEL01-PB;;;
664483;01/03/2025;s�bado;11:00:00;MG;381;503;BETIM;Animais na Pista;Tombamento;Com V�timas Feridas;Pleno dia;Decrescente;C�u Claro;Simples;Reta;N�o;1;0;1;0;0;0;1;1;-19,9965405;-44,2090518;SPRF-MG;DEL01-MG;UOP03-DEL01-MG;;;
664484;01/03/2025;s�bado;11:10:00;RN;101;141,2;ARES;Acumulo de �gua sobre o pavimento;Sa�da de leito carro��vel;Com V�timas Feridas;Pleno dia;Decrescente;Chuva;Dupla;"Declive;Reta";N�o;1;0;1;0;0;0;1;1;-6,2254437;-35,2157055;SPRF-RN;DEL01-RN;UOP01-DEL01-RN;;;
664485;01/03/2025;s�bado;11:05:00;SC;101;311;LAGUNA;Desrespeitar a prefer�ncia no cruzamento;Colis�o transversal;Com V�timas Feridas;Pleno dia;Decrescente;C�u Claro;Simples;"Retorno Regulamentado;Interse��o de Vias;Viaduto;Rotat�ria;Declive";Sim;5;0;1;0;4;0;1;2;-28,440319;-48,81266;SPRF-SC;DEL02-SC;UOP01-DEL02-SC;;;
664486;01/03/2025;s�bado;11:40:00;RJ;101;471,9;ANGRA DOS REIS;Condutor Dormindo;Capotamento;Com V�timas Feridas;Pleno dia;Crescente;C�u Claro;Simples;Curva;N�o;7;0;3;0;4;0;3;1;-22,98813;-44,23297;SPRF-RJ;DEL03-RJ;UOP03-DEL03-RJ;;;
664488;01/03/2025;s�bado;09:50:00;RJ;393;207,1;VASSOURAS;Condutor Dormindo;Sa�da de leito carro��vel;Com V�timas Feridas;Pleno dia;Crescente;C�u Claro;Simples;Reta;N�o;3;0;2;0;1;0;2;1;-22,2656753;-43,45216545;SPRF-RJ;DEL05-RJ;UOP03-DEL05-RJ;;;
664489;01/03/2025;s�bado;11:35:00;RS;116;38;VACARIA;Acessar a via sem observar a presen�a dos outros ve�culos;Colis�o transversal;Sem V�timas;Pleno dia;Crescente;C�u Claro;Simples;"Interse��o de Vias;Reta";Sim;2;0;0;0;2;0;0;2;-28,51067756;-50,93103497;SPRF-RS;DEL05-RS;UOP03-DEL05-RS;;;
664490;01/03/2025;s�bado;11:15:00;MG;262;50,5;MANHUACU;Acesso irregular;Colis�o lateral mesmo sentido;Com V�timas Feridas;Pleno dia;Crescente;C�u Claro;Simples;Reta;N�o;2;0;1;0;1;0;1;2;-20,247697;-42,144172;SPRF-MG;DEL06-MG;UOP03-DEL06-MG;;;
664491;01/03/2025;s�bado;11:50:00;SC;101;221;PALHOCA;Acessar a via sem observar a presen�a dos outros ve�culos;Colis�o lateral mesmo sentido;Com V�timas Feridas;Pleno dia;Decrescente;C�u Claro;Dupla;"Interse��o de Vias;Viaduto";Sim;2;0;1;0;1;0;1;2;-27,70617965;-48,65731537;SPRF-SC;DEL01-SC;UOP02-DEL01-SC;;;
664492;01/03/2025;s�bado;10:20:00;RS;386;34,1;FREDERICO WESTPHALEN;Condutor deixou de manter dist�ncia do ve�culo da frente;Colis�o traseira;Sem V�timas;Pleno dia;Crescente;C�u Claro;Simples;"Reta;Rotat�ria";Sim;3;0;0;0;3;0;0;2;-27,36173688;-53,39008504;SPRF-RS;DEL08-RS;UOP02-DEL08-RS;;;
664494;01/03/2025;s�bado;08:40:00;MS;60;499,9;MARACAJU;Aus�ncia de rea��o do condutor;Sa�da de leito carro��vel;Com V�timas Feridas;Pleno dia;Crescente;C�u Claro;Simples;Reta;N�o;2;0;1;0;1;0;1;1;-21,218708;-55,534489;SPRF-MS;DEL01-MS;UOP04-DEL01-MS;;;
664496;01/03/2025;s�bado;11:00:00;SP;381;41;ATIBAIA;Manobra de mudan�a de faixa;Colis�o lateral mesmo sentido;Com V�timas Feridas;Pleno dia;Decrescente;C�u Claro;Dupla;Reta;N�o;3;0;1;0;2;0;1;2;-23,1964672;-46,5829888;SPRF-SP;DEL03-SP;UOP01-DEL03-SP;;;
664497;01/03/2025;s�bado;12:15:00;SP;381;33;ATIBAIA;Condutor deixou de manter dist�ncia do ve�culo da frente;Engavetamento;Com V�timas Feridas;Pleno dia;Decrescente;C�u Claro;Dupla;Reta;Sim;4;0;1;0;3;0;1;3;-23,07691941;-46,56733811;SPRF-SP;DEL03-SP;UOP02-DEL03-SP;;;
664498;26/02/2025;quarta-feira;01:13:00;RS;0;0;SANTA MARIA;Rea��o tardia ou ineficiente do condutor;Colis�o frontal;Sem V�timas;Plena Noite;N�o Informado;C�u Claro;Simples;Reta;Sim;5;0;0;0;5;0;0;2;-29,69554398;-53,82684218;SPRF-RS;DEL09-RS;UOP01-DEL09-RS;;;
664499;01/03/2025;s�bado;12:30:00;MG;40;467,3;SETE LAGOAS;Trafegar com motocicleta (ou similar) entre as faixas;Colis�o lateral mesmo sentido;Com V�timas Feridas;Pleno dia;Decrescente;C�u Claro;Dupla;Reta;Sim;3;0;1;0;2;0;1;3;-19,450868;-44,31591;SPRF-MG;DEL02-MG;UOP01-DEL02-MG;;;
664500;01/03/2025;s�bado;09:30:00;MT;163;834;SINOP;Aus�ncia de rea��o do condutor;Colis�o traseira;Com V�timas Feridas;Pleno dia;Crescente;C�u Claro;Simples;"Reta;Retorno Regulamentado";Sim;3;0;2;0;1;0;2;2;-11,87197542;-55,498007;SPRF-MT;DEL06-MT;UOP02-DEL06-MT;;;
664501;01/03/2025;s�bado;12:05:00;MG;40;577,2;ITABIRITO;Rea��o tardia ou ineficiente do condutor;Sa�da de leito carro��vel;Com V�timas Feridas;Pleno dia;Decrescente;Nublado;Simples;Curva;N�o;4;0;4;0;0;0;4;1;-20,27693145;-43,94728661;SPRF-MG;DEL01-MG;UOP02-DEL01-MG;;;
664503;01/03/2025;s�bado;13:00:00;SC;101;228,8;PALHOCA;Convers�o proibida;Colis�o lateral mesmo sentido;Com V�timas Feridas;Pleno dia;Decrescente;C�u Claro;M�ltipla;"Reta;Declive";Sim;2;0;1;0;1;0;1;2;-27,7634513;-48,63045037;SPRF-SC;DEL01-SC;UOP02-DEL01-SC;;;
664504;01/03/2025;s�bado;13:30:00;RS;116;245;SAO LEOPOLDO;Acessar a via sem observar a presen�a dos outros ve�culos;Colis�o transversal;Com V�timas Feridas;Pleno dia;Crescente;C�u Claro;Simples;"Interse��o de Vias;Rotat�ria";Sim;2;0;1;0;1;0;1;2;-29,7440302;-51,1515285;SPRF-RS;DEL01-RS;UOP02-DEL01-RS;;;
664506;01/03/2025;s�bado;11:50:00;GO;153;657,5;GOIATUBA;Condutor Dormindo;Sa�da de leito carro��vel;Com V�timas Feridas;Pleno dia;Crescente;C�u Claro;Dupla;"Aclive;Reta";N�o;5;0;4;0;1;0;4;1;-18,024272;-49,264365;SPRF-GO;DEL03-GO;UOP01-DEL03-GO;;;
664507;01/03/2025;s�bado;10:45:00;SC;101;131,6;CAMBORIU;Manobra de mudan�a de faixa;Colis�o lateral mesmo sentido;Com V�timas Feridas;Pleno dia;Crescente;C�u Claro;Dupla;Reta;Sim;2;0;0;1;0;1;1;2;-26,9943;-48,65938;SPRF-SC;DEL04-SC;UOP03-DEL04-SC;;;
664509;01/03/2025;s�bado;13:00:00;GO;153;435,9;ANAPOLIS;Rea��o tardia ou ineficiente do condutor;Colis�o traseira;Com V�timas Feridas;Pleno dia;Crescente;C�u Claro;Dupla;Reta;Sim;3;0;1;0;2;0;1;2;-16,29750443;-48,92942213;SPRF-GO;DEL02-GO;UOP01-DEL02-GO;;;
664510;01/03/2025;s�bado;11:10:00;RJ;101;418;MANGARATIBA;Ultrapassagem Indevida;Colis�o lateral mesmo sentido;Com V�timas Feridas;Pleno dia;Crescente;C�u Claro;Simples;Reta;N�o;2;0;0;1;0;1;1;2;-22,91768783;-43,91292572;SPRF-RJ;DEL03-RJ;UOP02-DEL03-RJ;;;
664512;01/03/2025;s�bado;12:30:00;PR;277;328;GUARAPUAVA;Rea��o tardia ou ineficiente do condutor;Sa�da de leito carro��vel;Sem V�timas;Pleno dia;Decrescente;C�u Claro;Simples;Curva;N�o;1;0;0;0;1;0;0;1;-25,3646197;-51,3494704;SPRF-PR;DEL08-PR;UOP01-DEL08-PR;;;
664513;01/03/2025;s�bado;14:10:00;RJ;101;468;ANGRA DOS REIS;Acessar a via sem observar a presen�a dos outros ve�culos;Colis�o transversal;Com V�timas Feridas;Pleno dia;Crescente;C�u Claro;Simples;Reta;N�o;3;0;1;0;2;0;1;2;-23,007033;-44,222264;SPRF-RJ;DEL03-RJ;UOP03-DEL03-RJ;;;
664514;01/03/2025;s�bado;13:00:00;RJ;40;118;DUQUE DE CAXIAS;Acumulo de �leo sobre o pavimento;Queda de ocupante de ve�culo;Com V�timas Feridas;Pleno dia;Crescente;Sol;Simples;"Viaduto;Curva";N�o;2;0;1;0;1;0;1;1;-22,7645131;-43,28717908;SPRF-RJ;DEL01-RJ;UOP02-DEL01-RJ;;;
664515;01/03/2025;s�bado;14:00:00;SP;116;286;ITAPECERICA DA SERRA;Rea��o tardia ou ineficiente do condutor;Capotamento;Com V�timas Feridas;Pleno dia;Crescente;C�u Claro;Dupla;Reta;N�o;5;0;2;0;3;0;2;1;-23,68973208;-46,86257666;SPRF-SP;DEL04-SP;UOP01-DEL04-SP;;;
664516;01/03/2025;s�bado;13:10:00;RJ;101;443;MANGARATIBA;Velocidade Incompat�vel;Colis�o com objeto;Com V�timas Feridas;Pleno dia;Crescente;C�u Claro;Simples;Curva;N�o;2;0;1;0;1;0;1;1;-22,98165851;-44,08560158;SPRF-RJ;DEL03-RJ;UOP02-DEL03-RJ;;;