id;data_inversa;dia_semana;horario;uf;br;km;municipio;causa_acidente;tipo_acidente;classificacao_acidente;fase_dia;sentido_via;condicao_metereologica;tipo_pista;tracado_via;uso_solo;pessoas;mortos;feridos_leves;feridos_graves;ilesos;ignorados;feridos;veiculos;latitude;longitude;regional;delegacia;uop;;;
664625;02/03/2025;domingo;00:00:00;MG;381;502;BETIM;Velocidade Incompat�vel;Atropelamento de Pedestre;Com V�timas Feridas;Plena Noite;Crescente;C�u Claro;Dupla;"Interse��o de Vias;Reta";N�o;2;0;0;1;0;1;1;2;-19,9770742;-44,2004845;SPRF-MG;DEL01-MG;UOP03-DEL01-MG;;;
664626;01/03/2025;s�bado;23:40:00;PR;153;306;IMBITUVA;Ingest�o de �lcool pelo condutor;Sa�da de leito carro��vel;Com V�timas Feridas;Plena Noite;Crescente;C�u Claro;Simples;Curva;N�o;1;0;1;0;0;0;1;1;-25,24345381;-50,6205368;SPRF-PR;DEL08-PR;UOP02-DEL08-PR;;;
664627;01/03/2025;s�bado;23:40:00;SE;101;87;NOSSA SENHORA DO SOCORRO;Condutor deixou de manter dist�ncia do ve�culo da frente;Colis�o traseira;Sem V�timas;Plena Noite;Crescente;Chuva;Dupla;Reta;N�o;2;0;0;0;2;0;0;2;-10,861784;-37,135384;SPRF-SE;DEL01-SE;UOP01-DEL01-SE;;;
664628;01/03/2025;s�bado;22:00:00;MG;262;905;CAMPO FLORIDO;Ingest�o de �lcool pelo condutor;Colis�o com objeto;Sem V�timas;Plena Noite;Crescente;C�u Claro;Dupla;Curva;N�o;6;0;0;0;0;6;0;2;-19,6508206;-48,80386591;SPRF-MG;DEL13-MG;UOP02-DEL13-MG;;;
664629;01/03/2025;s�bado;21:50:00;RJ;101;399;ITAGUAI;Frear bruscamente;Engavetamento;Com V�timas Feridas;Plena Noite;Crescente;C�u Claro;Dupla;Reta;N�o;8;0;1;0;6;1;1;3;-22,85913241;-43,75899553;SPRF-RJ;DEL03-RJ;UOP01-DEL03-RJ;;;
664630;02/03/2025;domingo;00:20:00;PR;277;348;GUARAPUAVA;Rea��o tardia ou ineficiente do condutor;Sa�da de leito carro��vel;Com V�timas Feridas;Plena Noite;Decrescente;C�u Claro;Dupla;Reta;Sim;1;0;0;1;0;0;1;1;-25,38957942;-51,51845688;SPRF-PR;DEL08-PR;UOP01-DEL08-PR;;;
664632;02/03/2025;domingo;01:15:00;MG;381;914,9;CAMANDUCAIA;Aus�ncia de rea��o do condutor;Sa�da de leito carro��vel;Com V�timas Fatais;Plena Noite;Crescente;C�u Claro;Dupla;Curva;N�o;1;1;0;0;0;0;0;1;-22,72714871;-46,13396931;SPRF-MG;DEL16-MG;UOP03-DEL16-MG;;;
664634;01/03/2025;s�bado;23:50:00;SC;470;178,3;POUSO REDONDO;Aus�ncia de rea��o do condutor;Colis�o traseira;Com V�timas Fatais;Plena Noite;Crescente;Nublado;Simples;Reta;Sim;3;1;0;1;0;1;1;2;-27,2479722;-49,9725;SPRF-SC;DEL04-SC;UOP02-DEL04-SC;;;
664635;02/03/2025;domingo;00:30:00;RJ;101;386;ITAGUAI;Ingest�o de �lcool pelo condutor;Colis�o traseira;Sem V�timas;Plena Noite;Crescente;C�u Claro;Dupla;Reta;Sim;5;0;0;0;4;1;0;2;-22,85450558;-43,76455307;SPRF-RJ;DEL03-RJ;UOP01-DEL03-RJ;;;
664636;02/03/2025;domingo;01:40:00;RS;116;248;SAO LEOPOLDO;Ingest�o de �lcool pelo condutor;Colis�o com objeto;Sem V�timas;Plena Noite;Crescente;C�u Claro;Dupla;"Aclive;Viaduto;Reta";N�o;1;0;0;0;1;0;0;1;-29,7708966;-51,1531556;SPRF-RS;DEL01-RS;UOP02-DEL01-RS;;;
664637;02/03/2025;domingo;01:10:00;PI;343;14;PARNAIBA;Ingest�o de �lcool pelo condutor;Sa�da de leito carro��vel;Com V�timas Feridas;Plena Noite;Crescente;C�u Claro;Dupla;Rotat�ria;Sim;2;0;1;0;1;0;1;1;-2,92888086;-41,75391739;SPRF-PI;DEL05-PI;UOP01-DEL05-PI;;;
664640;02/03/2025;domingo;00:30:00;BA;324;364;CAPIM GROSSO;Demais falhas mec�nicas ou el�tricas;Inc�ndio;Sem V�timas;Plena Noite;Decrescente;Nublado;Simples;Reta;N�o;22;0;0;0;22;0;0;1;-11,40868;-39,9333;SPRF-BA;DEL04-BA;UOP02-DEL04-BA;;;
664641;02/03/2025;domingo;02:00:00;RS;285;522,5;VITORIA DAS MISSOES;Ingest�o de �lcool pelo condutor;Colis�o com objeto;Sem V�timas;Plena Noite;Crescente;C�u Claro;Simples;Interse��o de Vias;N�o;1;0;0;0;1;0;0;1;-28,398486;-54,500107;SPRF-RS;DEL10-RS;UOP01-DEL10-RS;;;
664642;02/03/2025;domingo;01:20:00;PB;101;17,1;MAMANGUAPE;Transitar na contram�o;Colis�o frontal;Com V�timas Feridas;Plena Noite;Decrescente;Nublado;Dupla;Aclive;N�o;2;0;0;1;1;0;1;2;-6,64031051;-35,12294769;SPRF-PB;DEL01-PB;UOP03-DEL01-PB;;;
664643;02/03/2025;domingo;02:00:00;SC;470;2,6;NAVEGANTES;Aus�ncia de rea��o do condutor;Colis�o transversal;Com V�timas Feridas;Plena Noite;Crescente;C�u Claro;Dupla;Reta;N�o;2;0;0;1;1;0;1;2;-26,88009573;-48,66565704;SPRF-SC;DEL04-SC;UOP04-DEL04-SC;;;
664645;02/03/2025;domingo;01:30:00;CE;116;472;MILAGRES;Condutor deixou de manter dist�ncia do ve�culo da frente;Colis�o traseira;Com V�timas Feridas;Plena Noite;Decrescente;Nublado;Simples;Curva;N�o;4;0;1;0;2;1;1;2;-7,284111;-38,86216;SPRF-CE;DEL05-CE;UOP03-DEL05-CE;;;
664646;02/03/2025;domingo;02:30:00;RS;290;138;ELDORADO DO SUL;Demais falhas mec�nicas ou el�tricas;Inc�ndio;Sem V�timas;Plena Noite;Decrescente;C�u Claro;Simples;Reta;N�o;1;0;0;0;0;1;0;1;-30,0770921;-51,5967689;SPRF-RS;DEL02-RS;UOP01-DEL02-RS;;;
664647;02/03/2025;domingo;02:00:00;PR;487;167,5;CAMPO MOURAO;Ingest�o de �lcool pelo condutor;Queda de ocupante de ve�culo;Com V�timas Feridas;Plena Noite;Crescente;C�u Claro;Simples;Reta;N�o;2;0;0;1;1;0;1;1;-24,00123;-52,28569;SPRF-PR;DEL09-PR;UOP03-DEL09-PR;;;
664649;02/03/2025;domingo;03:05:00;RS;290;40;SANTO ANTONIO DA PATRULHA;Condutor Dormindo;Sa�da de leito carro��vel;Com V�timas Feridas;Plena Noite;Crescente;C�u Claro;Dupla;Reta;N�o;2;0;1;0;1;0;1;1;-29,88626153;-50,64477324;SPRF-RS;DEL03-RS;UOP01-DEL03-RS;;;
664651;02/03/2025;domingo;02:40:00;PR;277;721;FOZ DO IGUACU;Condutor Dormindo;Colis�o transversal;Com V�timas Feridas;Plena Noite;Decrescente;C�u Claro;Dupla;Rotat�ria;Sim;2;0;1;0;1;0;1;2;-25,49328287;-54,51730966;SPRF-PR;DEL05-PR;UOP03-DEL05-PR;;;
664652;02/03/2025;domingo;04:00:00;MG;381;880,3;ESTIVA;Condutor Dormindo;Sa�da de leito carro��vel;Com V�timas Feridas;Amanhecer;Decrescente;C�u Claro;Dupla;Reta;N�o;5;0;4;0;1;0;4;1;-22,45943;-46,009983;SPRF-MG;DEL16-MG;UOP01-DEL16-MG;;;
664653;02/03/2025;domingo;03:05:00;PR;369;79,3;SANTA MARIANA;Aus�ncia de rea��o do condutor;Colis�o traseira;Com V�timas Feridas;Plena Noite;Decrescente;C�u Claro;Simples;Reta;N�o;4;0;2;1;0;1;3;2;-23,145922;-50,569811;SPRF-PR;DEL07-PR;UOP05-DEL07-PR;;;
664654;02/03/2025;domingo;04:00:00;PR;376;150,5;PRESIDENTE CASTELO BRANCO;Aus�ncia de rea��o do condutor;Sa�da de leito carro��vel;Com V�timas Feridas;Plena Noite;Crescente;C�u Claro;Dupla;Reta;N�o;1;0;0;1;0;0;1;1;-23,29676231;-52,11862564;SPRF-PR;DEL09-PR;UOP02-DEL09-PR;;;
664655;02/03/2025;domingo;04:45:00;PR;369;51,5;BANDEIRANTES;Velocidade Incompat�vel;Sa�da de leito carro��vel;Com V�timas Feridas;Plena Noite;Decrescente;C�u Claro;Simples;Reta;N�o;3;0;3;0;0;0;3;1;-23,11355142;-50,33134103;SPRF-PR;DEL07-PR;UOP05-DEL07-PR;;;
664656;02/03/2025;domingo;03:40:00;MG;40;670,9;CARANDAI;Aus�ncia de rea��o do condutor;Tombamento;Com V�timas Feridas;Plena Noite;Crescente;C�u Claro;Simples;Reta;N�o;2;0;2;0;0;0;2;1;-20,981222;-43,781464;SPRF-MG;DEL05-MG;UOP02-DEL05-MG;;;
664657;02/03/2025;domingo;04:20:00;RJ;101;574;PARATY;Animais na Pista;Atropelamento de Animal;Com V�timas Feridas;Amanhecer;Decrescente;C�u Claro;Simples;Reta;N�o;3;0;1;0;2;0;1;1;-23,21624292;-44,73518349;SPRF-RJ;DEL03-RJ;UOP04-DEL03-RJ;;;
664658;02/03/2025;domingo;02:25:00;PE;101;3,4;ITAPISSUMA;Rea��o tardia ou ineficiente do condutor;Sa�da de leito carro��vel;Com V�timas Feridas;Plena Noite;Crescente;Chuva;Dupla;"Curva;Declive";N�o;2;0;1;1;0;0;2;1;-7,7324198;-34,9414519;SPRF-PE;DEL01-PE;UOP02-DEL01-PE;;;
664660;02/03/2025;domingo;04:00:00;PR;277;175;PALMEIRA;Rea��o tardia ou ineficiente do condutor;Tombamento;Com V�timas Feridas;Plena Noite;Crescente;Nublado;Simples;"Aclive;Curva";N�o;2;0;1;1;0;0;2;1;-25,43447402;-49,98500884;SPRF-PR;DEL08-PR;UOP02-DEL08-PR;;;
664662;02/03/2025;domingo;00:15:00;MG;381;716,9;CARMO DA CACHOEIRA;Aus�ncia de rea��o do condutor;Colis�o com objeto;Sem V�timas;Plena Noite;Decrescente;Ignorado;Dupla;Curva;N�o;1;0;0;0;0;1;0;1;-21,40709171;-45,21188671;SPRF-MG;DEL04-MG;UOP02-DEL04-MG;;;
664664;02/03/2025;domingo;05:20:00;RJ;101;403;ITAGUAI;Rea��o tardia ou ineficiente do condutor;Colis�o lateral sentido oposto;Com V�timas Feridas;Amanhecer;Crescente;C�u Claro;M�ltipla;Reta;Sim;2;0;0;1;0;1;1;2;-22,84989404;-43,78068924;SPRF-RJ;DEL03-RJ;UOP01-DEL03-RJ;;;
664665;01/03/2025;s�bado;22:25:00;RJ;465;5;SEROPEDICA;Entrada inopinada do pedestre;Atropelamento de Pedestre;Com V�timas Feridas;Plena Noite;Crescente;C�u Claro;Simples;Reta;N�o;2;0;2;0;0;0;2;2;-22,72045701;-43,72541428;SPRF-RJ;DEL06-RJ;UOP02-DEL06-RJ;;;
664667;02/03/2025;domingo;06:20:00;SP;116;223;GUARULHOS;Rea��o tardia ou ineficiente do condutor;Colis�o com objeto;Sem V�timas;Pleno dia;Decrescente;Sol;Simples;Reta;Sim;4;0;0;0;4;0;0;1;-23,48001019;-46,5311712;SPRF-SP;DEL01-SP;UOP01-DEL01-SP;;;
664668;02/03/2025;domingo;06:15:00;RS;116;254;SAPUCAIA DO SUL;Acumulo de areia ou detritos sobre o pavimento;Tombamento;Com V�timas Feridas;Amanhecer;Crescente;C�u Claro;Dupla;Reta;Sim;1;0;0;1;0;0;1;1;-29,83043434;-51,17367268;SPRF-RS;DEL01-RS;UOP02-DEL01-RS;;;
664669;02/03/2025;domingo;06:00:00;MG;116;753;LEOPOLDINA;Condutor Dormindo;Sa�da de leito carro��vel;Com V�timas Feridas;Pleno dia;Crescente;C�u Claro;Simples;Reta;N�o;2;0;1;0;0;1;1;1;-21,478342;-42,573395;SPRF-MG;DEL07-MG;UOP01-DEL07-MG;;;
664670;02/03/2025;domingo;05:00:00;PR;277;422,7;CANTAGALO;Rea��o tardia ou ineficiente do condutor;Colis�o com objeto;Sem V�timas;Plena Noite;Decrescente;C�u Claro;Simples;Reta;Sim;1;0;0;0;0;1;0;1;-25,379024;-52,135547;SPRF-PR;DEL04-PR;UOP02-DEL04-PR;;;
664671;02/03/2025;domingo;06:00:00;SP;116;291;ITAPECERICA DA SERRA;Aus�ncia de rea��o do condutor;Sa�da de leito carro��vel;Com V�timas Feridas;Pleno dia;Crescente;C�u Claro;Dupla;Reta;Sim;1;0;1;0;0;0;1;1;-23,7002484;-46,8689183;SPRF-SP;DEL04-SP;UOP01-DEL04-SP;;;
664672;02/03/2025;domingo;06:45:00;PA;316;151;CAPANEMA;Ingest�o de �lcool pelo condutor;Tombamento;Com V�timas Feridas;Amanhecer;Decrescente;C�u Claro;Simples;Reta;Sim;3;0;3;0;0;0;3;1;-1,211037;-47,18363;SPRF-PA;DEL01-PA;UOP03-DEL01-PA;;;
664673;01/03/2025;s�bado;19:05:00;MT;163;373;SANTO ANTONIO DO LEVERGER;Entrada inopinada do pedestre;Atropelamento de Pedestre;Com V�timas Feridas;Anoitecer;Decrescente;Garoa/Chuvisco;Dupla;Reta;N�o;2;0;1;0;1;0;1;2;-15,70354472;-55,76071267;SPRF-MT;DEL01-MT;UOP02-DEL01-MT;;;
664675;01/03/2025;s�bado;23:00:00;MG;116;566;MANHUACU;Rea��o tardia ou ineficiente do condutor;Sa�da de leito carro��vel;Sem V�timas;Plena Noite;Decrescente;C�u Claro;Simples;Reta;N�o;2;0;0;0;2;0;0;1;-20,2503096;-42,1424011;SPRF-MG;DEL06-MG;UOP03-DEL06-MG;;;
664676;01/03/2025;s�bado;21:45:00;RR;432;69;CANTA;Aus�ncia de sinaliza��o;Colis�o lateral mesmo sentido;Com V�timas Feridas;Plena Noite;Decrescente;C�u Claro;Simples;Reta;N�o;4;0;2;0;2;0;2;2;1,750203;-60,508408;SPRF-RR;DEL01-RR;UOP01-DEL01-RR;;;
664677;02/03/2025;domingo;06:05:00;MS;262;757,7;LADARIO;Rea��o tardia ou ineficiente do condutor;Colis�o com objeto;Sem V�timas;Amanhecer;Crescente;Sol;Simples;Retorno Regulamentado;N�o;4;0;0;0;4;0;0;1;-19,16278264;-57,63501763;SPRF-MS;DEL03-MS;UOP03-DEL03-MS;;;
664678;02/03/2025;domingo;04:00:00;SC;470;51,8;BLUMENAU;Transitar na contram�o;Colis�o lateral sentido oposto;Com V�timas Feridas;Plena Noite;Decrescente;C�u Claro;Simples;"Em Obras;Interse��o de Vias";N�o;2;0;0;1;1;0;1;2;-26,87350206;-49,11410093;SPRF-SC;DEL04-SC;UOP01-DEL04-SC;;;
664680;02/03/2025;domingo;03:30:00;PI;343;251,3;CAMPO MAIOR;Aus�ncia de rea��o do condutor;Colis�o frontal;Com V�timas Feridas;Plena Noite;Crescente;Nublado;Simples;Reta;N�o;2;0;1;0;1;0;1;2;-4,849664;-42,1888;SPRF-PI;DEL01-PI;UOP03-DEL01-PI;;;
664681;02/03/2025;domingo;07:40:00;SC;282;1,5;FLORIANOPOLIS;Manobra de mudan�a de faixa;Colis�o lateral mesmo sentido;Com V�timas Feridas;Pleno dia;Crescente;Sol;Dupla;"Reta;Declive";Sim;2;0;1;0;1;0;1;2;-27,59886953;-48,57468188;SPRF-SC;DEL01-SC;UOP01-DEL01-SC;;;
664682;02/03/2025;domingo;07:30:00;SP;116;117;TAUBATE;Manobra de mudan�a de faixa;Colis�o lateral mesmo sentido;Com V�timas Feridas;Pleno dia;Decrescente;C�u Claro;Dupla;Interse��o de Vias;N�o;2;0;1;0;0;1;1;2;-23,05762986;-45,61665427;SPRF-SP;DEL02-SP;UOP02-DEL02-SP;;;
664683;02/03/2025;domingo;02:00:00;BA;324;536,9;AMELIA RODRIGUES;Demais falhas mec�nicas ou el�tricas;Inc�ndio;Sem V�timas;Plena Noite;Decrescente;Nublado;Dupla;Reta;N�o;1;0;0;0;1;0;0;1;-12,37668356;-38,8039856;SPRF-BA;DEL01-BA;UOP03-DEL01-BA;;;
664684;02/03/2025;domingo;05:00:00;PA;230;119;MARABA;Ingest�o de �lcool pelo condutor;Colis�o traseira;Com V�timas Feridas;Plena Noite;Crescente;C�u Claro;Dupla;Reta;Sim;3;0;0;2;1;0;2;2;-5,35035946;-49,11231995;SPRF-PA;DEL03-PA;UOP01-DEL03-PA;;;
664685;02/03/2025;domingo;06:00:00;MS;163;46;ELDORADO;Aus�ncia de rea��o do condutor;Sa�da de leito carro��vel;Com V�timas Feridas;Pleno dia;Decrescente;C�u Claro;Simples;Declive;N�o;1;0;0;1;0;0;1;1;-23,734675;-54,275022;SPRF-MS;DEL09-MS;UOP02-DEL09-MS;;;
664686;02/03/2025;domingo;08:00:00;PE;101;49,8;ABREU E LIMA;Acessar a via sem observar a presen�a dos outros ve�culos;Tombamento;Com V�timas Feridas;Pleno dia;Crescente;C�u Claro;M�ltipla;"Reta;Interse��o de Vias";Sim;1;0;1;0;0;0;1;1;-7,908795;-34,902021;SPRF-PE;DEL01-PE;UOP02-DEL01-PE;;;
664688;02/03/2025;domingo;05:45:00;SC;282;213,9;PALHOCA;Ingest�o de �lcool pelo condutor;Colis�o traseira;Com V�timas Feridas;Amanhecer;Crescente;C�u Claro;M�ltipla;Reta;Sim;3;0;3;0;0;0;3;2;-27,63708081;-48,6653738;SPRF-SC;DEL05-SC;UOP01-DEL05-SC;;;
664689;02/03/2025;domingo;07:45:00;SP;116;104;TAUBATE;Condutor deixou de manter dist�ncia do ve�culo da frente;Colis�o traseira;Com V�timas Feridas;Pleno dia;Decrescente;C�u Claro;Dupla;Reta;N�o;3;0;2;0;1;0;2;2;-23,00297971;-45,50537109;SPRF-SP;DEL02-SP;UOP02-DEL02-SP;;;
664691;02/03/2025;domingo;03:25:00;RJ;493;19;MAGE;Rea��o tardia ou ineficiente do condutor;Colis�o com objeto;Com V�timas Feridas;Plena Noite;Crescente;C�u Claro;Simples;"Interse��o de Vias;Retorno Regulamentado";Sim;1;0;1;0;0;0;1;1;-22,66368451;-43,03382277;SPRF-RJ;DEL04-RJ;UOP02-DEL04-RJ;;;
664693;02/03/2025;domingo;05:30:00;MT;163;535;DIAMANTINO;Frear bruscamente;Sa�da de leito carro��vel;Com V�timas Feridas;Amanhecer;Crescente;Chuva;Simples;"Desvio Tempor�rio;Em Obras";N�o;2;0;1;0;1;0;1;1;-14,23851124;-56,11893654;SPRF-MT;DEL01-MT;UOP01-DEL01-MT;;;
664695;02/03/2025;domingo;08:20:00;PE;101;163;AGUA PRETA;Rea��o tardia ou ineficiente do condutor;Sa�da de leito carro��vel;Sem V�timas;Pleno dia;Decrescente;C�u Claro;Dupla;Reta;N�o;4;0;0;0;4;0;0;1;-8,5539;-35,4518;SPRF-PE;DEL01-PE;UOP03-DEL01-PE;;;
664698;02/03/2025;domingo;08:50:00;RS;116;158,8;CAXIAS DO SUL;Aus�ncia de rea��o do condutor;Colis�o com objeto;Com V�timas Feridas;Pleno dia;Decrescente;C�u Claro;Simples;Reta;Sim;1;0;0;1;0;0;1;1;-29,223511;-51,161906;SPRF-RS;DEL05-RS;UOP01-DEL05-RS;;;
664699;18/02/2025;ter�a-feira;16:30:00;MG;40;518;RIBEIRAO DAS NEVES;Rea��o tardia ou ineficiente do condutor;Colis�o traseira;Sem V�timas;Pleno dia;Decrescente;C�u Claro;Dupla;Reta;Sim;2;0;0;0;1;1;0;2;-19,8321242;-44,08208533;SPRF-MG;DEL01-MG;UOP02-DEL01-MG;;;
664701;02/03/2025;domingo;08:00:00;PR;373;329;GUARAPUAVA;Aus�ncia de rea��o do condutor;Sa�da de leito carro��vel;Com V�timas Feridas;Pleno dia;Crescente;C�u Claro;Simples;Reta;N�o;2;0;0;2;0;0;2;1;-25,36389;-51,34954;SPRF-PR;DEL08-PR;UOP01-DEL08-PR;;;
664702;02/03/2025;domingo;08:50:00;PR;277;627,1;CEU AZUL;Demais falhas mec�nicas ou el�tricas;Tombamento;Com V�timas Fatais;Pleno dia;Crescente;C�u Claro;Simples;Curva;N�o;2;1;1;0;0;0;1;1;-25,111996;-53,768367;SPRF-PR;DEL05-PR;UOP02-DEL05-PR;;;
664703;02/03/2025;domingo;06:30:00;MG;262;406,2;PARA DE MINAS;Velocidade Incompat�vel;Tombamento;Com V�timas Feridas;Amanhecer;Decrescente;Ignorado;Dupla;"Declive;Reta";N�o;2;0;2;0;0;0;2;1;-19,88815793;-44,61975575;SPRF-MG;DEL01-MG;UOP03-DEL01-MG;;;
664705;02/03/2025;domingo;07:35:00;MS;163;267,8;DOURADOS;Ingest�o de �lcool pelo condutor;Tombamento;Com V�timas Feridas;Pleno dia;Crescente;C�u Claro;Dupla;Reta;Sim;2;0;1;0;0;1;1;2;-22,19590858;-54,69337463;SPRF-MS;DEL04-MS;UOP01-DEL04-MS;;;
664706;02/03/2025;domingo;09:30:00;MG;365;655;MONTE ALEGRE DE MINAS;Aus�ncia de rea��o do condutor;Sa�da de leito carro��vel;Com V�timas Feridas;Pleno dia;Crescente;C�u Claro;Dupla;Reta;N�o;1;0;1;0;0;0;1;1;-18,874962;-48,601275;SPRF-MG;DEL15-MG;UOP01-DEL15-MG;;;
664707;02/03/2025;domingo;05:50:00;PE;232;251,7;ARCOVERDE;Suic�dio (presumido);Atropelamento de Pedestre;Com V�timas Fatais;Amanhecer;Crescente;C�u Claro;Simples;Reta;Sim;5;1;0;0;0;4;0;2;-8,427662;-37,058187;SPRF-PE;DEL04-PE;UOP02-DEL04-PE;;;
664709;02/03/2025;domingo;10:00:00;RS;116;235;NOVO HAMBURGO;Condutor Dormindo;Colis�o com objeto;Sem V�timas;Pleno dia;Crescente;C�u Claro;Dupla;Reta;Sim;4;0;0;0;4;0;0;1;-29,68897548;-51,14250541;SPRF-RS;DEL01-RS;UOP02-DEL01-RS;;;
664710;02/03/2025;domingo;09:40:00;ES;101;149;LINHARES;Condutor desrespeitou a ilumina��o vermelha do sem�foro;Colis�o transversal;Com V�timas Feridas;Pleno dia;Decrescente;C�u Claro;Simples;Reta;N�o;7;0;6;0;1;0;6;3;-19,399695;-40,062272;SPRF-ES;DEL04-ES;UOP01-DEL04-ES;;;
664711;02/03/2025;domingo;10:45:00;PR;376;95,6;PARANAVAI;Rea��o tardia ou ineficiente do condutor;Colis�o lateral mesmo sentido;Com V�timas Feridas;Pleno dia;Decrescente;Sol;Simples;Reta;N�o;3;0;1;0;2;0;1;2;-23,015152;-52,52672;SPRF-PR;DEL09-PR;UOP02-DEL09-PR;;;
664713;02/03/2025;domingo;11:15:00;RS;290;53,2;GLORINHA;Avarias e/ou desgaste excessivo no pneu;Tombamento;Com V�timas Feridas;Pleno dia;Decrescente;C�u Claro;Dupla;Reta;N�o;2;0;1;0;1;0;1;1;-29,91271;-50,79359;SPRF-RS;DEL03-RS;UOP01-DEL03-RS;;;
664714;02/03/2025;domingo;08:45:00;RJ;101;422;MANGARATIBA;Rea��o tardia ou ineficiente do condutor;Colis�o traseira;Com V�timas Feridas;Pleno dia;Crescente;Sol;Simples;Reta;Sim;2;0;1;0;1;0;1;2;-22,91584475;-43,93798256;SPRF-RJ;DEL03-RJ;UOP02-DEL03-RJ;;;
664715;02/03/2025;domingo;10:45:00;MG;40;251;SAO GONCALO DO ABAETE;Acesso irregular;Colis�o transversal;Com V�timas Feridas;Pleno dia;Decrescente;C�u Claro;Simples;Curva;N�o;9;0;1;0;8;0;1;2;-18,11926052;-45,43018341;SPRF-MG;DEL14-MG;UOP02-DEL14-MG;;;
664716;02/03/2025;domingo;08:20:00;RO;364;443,5;JARU;Aus�ncia de rea��o do condutor;Sa�da de leito carro��vel;Com V�timas Feridas;Amanhecer;Crescente;C�u Claro;Simples;Reta;N�o;1;0;0;1;0;0;1;1;-10,3972864;-62,521344;SPRF-RO;DEL03-RO;UOP02-DEL03-RO;;;
664718;02/03/2025;domingo;11:30:00;SC;101;223;PALHOCA;Aus�ncia de rea��o do condutor;Colis�o traseira;Com V�timas Feridas;Pleno dia;Crescente;C�u Claro;M�ltipla;Reta;Sim;2;0;0;1;1;0;1;2;-27,715795;-48,649062;SPRF-SC;DEL01-SC;UOP02-DEL01-SC;;;
664719;02/03/2025;domingo;10:20:00;PI;343;432,6;LAGOINHA DO PIAUI;Aus�ncia de rea��o do condutor;Sa�da de leito carro��vel;Com V�timas Feridas;Pleno dia;Crescente;Sol;Simples;"Reta;Aclive";N�o;1;0;0;1;0;0;1;1;-5,789364;-42,619568;SPRF-PI;DEL01-PI;UOP02-DEL01-PI;;;
664720;02/03/2025;domingo;11:15:00;PR;277;156,7;PORTO AMAZONAS;Aus�ncia de rea��o do condutor;Sa�da de leito carro��vel;Com V�timas Feridas;Pleno dia;Decrescente;C�u Claro;Simples;Reta;N�o;2;0;2;0;0;0;2;1;-25,473208;-49,818393;SPRF-PR;DEL03-PR;UOP03-DEL03-PR;;;
664722;02/03/2025;domingo;10:00:00;GO;70;54;COCALZINHO DE GOIAS;Demais falhas mec�nicas ou el�tricas;Capotamento;Com V�timas Fatais;Pleno dia;Crescente;C�u Claro;Simples;Reta;N�o;1;1;0;0;0;0;0;1;-15,74944;-48,655865;SPRF-DF;DEL03-DF;UOP02-DEL03-DF;;;
664723;02/03/2025;domingo;11:30:00;RJ;101;321,1;NITEROI;Demais falhas mec�nicas ou el�tricas;Inc�ndio;Sem V�timas;Pleno dia;Crescente;C�u Claro;Simples;Reta;Sim;1;0;0;0;1;0;0;1;-22,87925927;-43,11318398;SPRF-RJ;DEL02-RJ;UOP01-DEL02-RJ;;;
664724;02/03/2025;domingo;10:15:00;RJ;116;209;SEROPEDICA;Aus�ncia de rea��o do condutor;Colis�o com objeto;Com V�timas Feridas;Pleno dia;Decrescente;Sol;Dupla;Reta;N�o;1;0;1;0;0;0;1;1;-22,72299043;-43,67168427;SPRF-RJ;DEL06-RJ;UOP02-DEL06-RJ;;;
664725;02/03/2025;domingo;11:40:00;SC;101;216,8;PALHOCA;Rea��o tardia ou ineficiente do condutor;Colis�o lateral mesmo sentido;Sem V�timas;Pleno dia;Crescente;C�u Claro;Dupla;Reta;Sim;3;0;0;0;3;0;0;2;-27,667;-48,6744;SPRF-SC;DEL01-SC;UOP02-DEL01-SC;;;
664726;02/03/2025;domingo;11:50:00;BA;101;184;SAO GONCALO DOS CAMPOS;Acessar a via sem observar a presen�a dos outros ve�culos;Colis�o transversal;Com V�timas Fatais;Pleno dia;Crescente;C�u Claro;Simples;Aclive;N�o;2;1;0;0;1;0;0;2;-12,45646;-38,92946;SPRF-BA;DEL01-BA;UOP03-DEL01-BA;;;
664727;02/03/2025;domingo;11:35:00;ES;101;350;ANCHIETA;Velocidade Incompat�vel;Tombamento;Com V�timas Feridas;Pleno dia;Crescente;Nublado;Dupla;Curva;N�o;2;0;1;1;0;0;2;1;-20,659855;-40,648462;SPRF-ES;DEL03-ES;UOP01-DEL03-ES;;;
664728;02/03/2025;domingo;10:56:00;MT;163;521;VARZEA GRANDE;Ingest�o de �lcool pelo condutor;Colis�o traseira;Sem V�timas;Pleno dia;Decrescente;C�u Claro;Simples;Rotat�ria;Sim;3;0;0;0;2;1;0;3;-15,66766816;-56,18179679;SPRF-MT;DEL01-MT;UOP01-DEL01-MT;;;
664731;02/03/2025;domingo;10:40:00;MG;40;507,2;RIBEIRAO DAS NEVES;Condutor deixou de manter dist�ncia do ve�culo da frente;Colis�o traseira;Com V�timas Feridas;Pleno dia;Decrescente;C�u Claro;Dupla;Reta;Sim;2;0;1;0;1;0;1;2;-19,756017;-44,140097;SPRF-MG;DEL02-MG;UOP01-DEL02-MG;;;
664732;13/01/2025;segunda-feira;20:15:00;SE;235;22,6;LARANJEIRAS;Desrespeitar a prefer�ncia no cruzamento;Tombamento;Com V�timas Fatais;Plena Noite;Decrescente;C�u Claro;Simples;"Interse��o de Vias;Reta";N�o;3;1;0;1;1;0;1;2;-10,820575;-37,239608;SPRF-SE;DEL01-SE;UOP02-DEL01-SE;;;