id;data_inversa;dia_semana;horario;uf;br;km;municipio;causa_acidente;tipo_acidente;classificacao_acidente;fase_dia;sentido_via;condicao_metereologica;tipo_pista;tracado_via;uso_solo;pessoas;mortos;feridos_leves;feridos_graves;ilesos;ignorados;feridos;veiculos;latitude;longitude;regional;delegacia;uop;;;
664734;02/03/2025;domingo;11:30:00;MG;365;463,2;PATROCINIO;Acumulo de �leo sobre o pavimento;Colis�o traseira;Com V�timas Feridas;Pleno dia;Crescente;C�u Claro;Simples;Reta;N�o;3;0;0;1;2;0;1;2;-18,88088964;-46,91909001;SPRF-MG;DEL10-MG;UOP01-DEL10-MG;;;
664735;02/03/2025;domingo;08:00:00;RJ;101;417;MANGARATIBA;Retorno proibido;Colis�o transversal;Com V�timas Feridas;Pleno dia;Crescente;C�u Claro;Dupla;"Aclive;Reta";Sim;4;0;2;0;2;0;2;2;-22,9169;-43,9088;SPRF-RJ;DEL03-RJ;UOP02-DEL03-RJ;;;
664737;02/03/2025;domingo;10:00:00;RR;401;136;BONFIM;Velocidade Incompat�vel;Sa�da de leito carro��vel;Com V�timas Feridas;Pleno dia;Decrescente;C�u Claro;Simples;Reta;N�o;4;0;1;1;2;0;2;1;3,436779;-59,936544;SPRF-RR;DEL01-RR;UOP01-DEL01-RR;;;
664738;02/03/2025;domingo;12:43:00;MG;381;486;BETIM;Transtornos Mentais (exceto suicidio);Colis�o traseira;Com V�timas Feridas;Pleno dia;Crescente;C�u Claro;M�ltipla;Reta;Sim;5;0;2;0;3;0;2;2;-19,95545052;-44,11426771;SPRF-MG;DEL01-MG;UOP03-DEL01-MG;;;
664740;02/03/2025;domingo;11:45:00;RJ;465;20;NOVA IGUACU;Aus�ncia de rea��o do condutor;Colis�o traseira;Com V�timas Feridas;Pleno dia;Decrescente;Sol;Simples;Reta;Sim;3;0;2;0;1;0;2;2;-22,84750572;-43,6046505;SPRF-RJ;DEL06-RJ;UOP02-DEL06-RJ;;;
664741;02/03/2025;domingo;13:25:00;SP;381;79,3;SAO PAULO;Rea��o tardia ou ineficiente do condutor;Colis�o lateral mesmo sentido;Com V�timas Feridas;Pleno dia;Decrescente;Sol;Dupla;Reta;Sim;2;0;2;0;0;0;2;2;-23,40874051;-46,58069015;SPRF-SP;DEL03-SP;UOP01-DEL03-SP;;;
664742;02/03/2025;domingo;13:50:00;MG;50;91,5;UBERLANDIA;Ingest�o de �lcool pelo condutor;Sa�da de leito carro��vel;Com V�timas Feridas;Pleno dia;Crescente;Nublado;Dupla;Reta;N�o;4;0;2;0;2;0;2;1;-19,102131;-48,180851;SPRF-MG;DEL15-MG;UOP01-DEL15-MG;;;
664743;02/03/2025;domingo;13:40:00;DF;60;6;BRASILIA;Condutor usando celular;Sa�da de leito carro��vel;Com V�timas Feridas;Pleno dia;Decrescente;C�u Claro;Dupla;"Reta;Aclive";Sim;1;0;1;0;0;0;1;1;-15,898336;-48,112323;SPRF-DF;DEL03-DF;UOP01-DEL03-DF;;;
664745;02/03/2025;domingo;13:20:00;RJ;101;417;MANGARATIBA;Rea��o tardia ou ineficiente do condutor;Colis�o frontal;Com V�timas Feridas;Pleno dia;Decrescente;C�u Claro;Simples;Curva;N�o;2;0;1;0;1;0;1;2;-22,916497;-43,911635;SPRF-RJ;DEL03-RJ;UOP02-DEL03-RJ;;;
664747;02/03/2025;domingo;14:00:00;SE;101;21,4;MALHADA DOS BOIS;Chuva;Sa�da de leito carro��vel;Com V�timas Feridas;Pleno dia;Crescente;Chuva;Dupla;Curva;N�o;5;0;1;0;4;0;1;1;-10,37417722;-36,91354752;SPRF-SE;DEL02-SE;UOP02-DEL02-SE;;;
664748;02/03/2025;domingo;14:35:00;RS;448;18;CANOAS;Velocidade Incompat�vel;Colis�o traseira;Com V�timas Feridas;Pleno dia;Crescente;C�u Claro;M�ltipla;Reta;N�o;4;0;2;0;2;0;2;2;-29,95601027;-51,20257309;SPRF-RS;DEL01-RS;UOP01-DEL01-RS;;;
664750;02/03/2025;domingo;12:45:00;PR;373;476;CORONEL VIVIDA;Acessar a via sem observar a presen�a dos outros ve�culos;Colis�o transversal;Com V�timas Feridas;Pleno dia;Decrescente;C�u Claro;Simples;Reta;N�o;2;0;1;0;1;0;1;2;-25,984315;-52,543838;SPRF-PR;DEL02-PR;UOP01-DEL02-PR;;;
664751;02/03/2025;domingo;14:15:00;MG;50;8,8;ARAGUARI;Demais falhas mec�nicas ou el�tricas;Sa�da de leito carro��vel;Com V�timas Feridas;Pleno dia;Crescente;Sol;Dupla;"Aclive;Reta";N�o;1;0;1;0;0;0;1;1;-18,49789403;-48,04344851;SPRF-MG;DEL15-MG;UOP02-DEL15-MG;;;
664752;02/03/2025;domingo;12:30:00;BA;101;431,7;MARAU;Velocidade Incompat�vel;Sa�da de leito carro��vel;Com V�timas Feridas;Pleno dia;Crescente;Sol;Simples;Curva;N�o;2;0;1;1;0;0;2;1;-14,198557;-39,31402;SPRF-BA;DEL05-BA;UOP01-DEL05-BA;;;
664753;02/03/2025;domingo;14:00:00;RJ;101;420;MANGARATIBA;Rea��o tardia ou ineficiente do condutor;Colis�o traseira;Com V�timas Feridas;Pleno dia;Decrescente;Sol;Dupla;Reta;N�o;3;0;2;0;1;0;2;3;-22,91669757;-43,93230915;SPRF-RJ;DEL03-RJ;UOP02-DEL03-RJ;;;
664755;02/03/2025;domingo;11:45:00;RJ;40;109;DUQUE DE CAXIAS;Pista Escorregadia;Queda de ocupante de ve�culo;Com V�timas Feridas;Pleno dia;Decrescente;C�u Claro;M�ltipla;"Curva;Retorno Regulamentado";Sim;1;0;1;0;0;0;1;1;-22,6744799;-43,2853564;SPRF-RJ;DEL01-RJ;UOP02-DEL01-RJ;;;
664757;02/03/2025;domingo;14:45:00;PB;230;158,1;CAMPINA GRANDE;Acessar a via sem observar a presen�a dos outros ve�culos;Colis�o transversal;Com V�timas Fatais;Pleno dia;Crescente;Sol;Simples;Reta;Sim;2;1;0;0;1;0;0;2;-7,257007;-35,9279;SPRF-PB;DEL02-PB;UOP01-DEL02-PB;;;
664759;02/03/2025;domingo;14:00:00;AM;174;914;MANAUS;Convers�o proibida;Colis�o traseira;Sem V�timas;Pleno dia;Crescente;C�u Claro;Simples;"Declive;Reta";N�o;2;0;0;0;2;0;0;2;-2,714157;-60,047985;SPRF-AM;DEL01-AM;UOP01-DEL01-AM;;;
664760;02/03/2025;domingo;15:30:00;PR;376;622;SAO JOSE DOS PINHAIS;Aus�ncia de rea��o do condutor;Sa�da de leito carro��vel;Com V�timas Feridas;Pleno dia;Crescente;C�u Claro;Dupla;Reta;N�o;2;0;2;0;0;0;2;1;-25,63073845;-49,16351259;SPRF-PR;DEL01-PR;UOP04-DEL01-PR;;;
664761;02/03/2025;domingo;12:26:00;RJ;116;137;MAGE;Rea��o tardia ou ineficiente do condutor;Tombamento;Com V�timas Feridas;Pleno dia;Crescente;Sol;M�ltipla;Reta;N�o;1;0;1;0;0;0;1;1;-22,64876231;-43,18193316;SPRF-RJ;DEL04-RJ;UOP02-DEL04-RJ;;;
664762;18/02/2025;ter�a-feira;15:40:00;SP;116;111;TAUBATE;Rea��o tardia ou ineficiente do condutor;Colis�o lateral mesmo sentido;Com V�timas Feridas;Pleno dia;Decrescente;Sol;Dupla;Reta;Sim;2;0;1;0;1;0;1;2;-23,03887149;-45,56097419;SPRF-SP;DEL02-SP;UOP02-DEL02-SP;;;
664765;02/03/2025;domingo;16:00:00;PR;116;152;MANDIRITUBA;Acessar a via sem observar a presen�a dos outros ve�culos;Colis�o transversal;Com V�timas Feridas;Pleno dia;Crescente;C�u Claro;Simples;Reta;Sim;4;0;2;0;2;0;2;2;-25,86239458;-49,36187804;SPRF-PR;DEL01-PR;UOP03-DEL01-PR;;;
664766;02/03/2025;domingo;04:25:00;MG;262;449,4;NOVA SERRANA;Aus�ncia de rea��o do condutor;Colis�o traseira;Com V�timas Feridas;Plena Noite;Crescente;C�u Claro;Simples;Reta;N�o;2;0;0;1;1;0;1;2;-19,851614;-45,0265882;SPRF-MG;DEL08-MG;UOP03-DEL08-MG;;;
664767;02/03/2025;domingo;16:00:00;RS;285;523,7;VITORIA DAS MISSOES;Manobra de mudan�a de faixa;Sa�da de leito carro��vel;Com V�timas Feridas;Pleno dia;Crescente;C�u Claro;Simples;Reta;N�o;2;0;2;0;0;0;2;1;-28,401726;-54,511664;SPRF-RS;DEL10-RS;UOP01-DEL10-RS;;;
664768;02/03/2025;domingo;10:00:00;SC;282;473;VARGEAO;Velocidade Incompat�vel;Tombamento;Com V�timas Feridas;Pleno dia;Crescente;C�u Claro;Simples;Reta;N�o;1;0;1;0;0;0;1;1;-26,87170284;-52,14557648;SPRF-SC;DEL07-SC;UOP01-DEL07-SC;;;
664769;02/03/2025;domingo;15:30:00;MG;40;560,3;NOVA LIMA;Aus�ncia de rea��o do condutor;Colis�o traseira;Com V�timas Feridas;Pleno dia;Decrescente;C�u Claro;Dupla;Reta;N�o;5;0;1;0;4;0;1;2;-20,127832;-43,964912;SPRF-MG;DEL01-MG;UOP02-DEL01-MG;;;
664770;02/03/2025;domingo;15:10:00;PE;101;188,7;PALMARES;Rea��o tardia ou ineficiente do condutor;Sa�da de leito carro��vel;Com V�timas Feridas;Pleno dia;Decrescente;Nublado;Dupla;Curva;Sim;2;0;2;0;0;0;2;1;-8,6907;-35,600855;SPRF-PE;DEL01-PE;UOP03-DEL01-PE;;;
664771;02/03/2025;domingo;15:15:00;RS;285;100;VACARIA;Convers�o proibida;Colis�o transversal;Com V�timas Feridas;Pleno dia;Decrescente;C�u Claro;Simples;Reta;N�o;6;0;2;0;4;0;2;2;-28,51319335;-50,88459676;SPRF-RS;DEL05-RS;UOP03-DEL05-RS;;;
664772;02/03/2025;domingo;16:10:00;MG;116;506,9;UBAPORANGA;Ingest�o de �lcool pelo condutor;Colis�o traseira;Sem V�timas;Pleno dia;Crescente;C�u Claro;Simples;Reta;Sim;2;0;0;0;1;1;0;2;-19,6213;-42,107633;SPRF-MG;DEL06-MG;UOP02-DEL06-MG;;;
664773;02/03/2025;domingo;15:40:00;RN;110;98;UPANEMA;Acessar a via sem observar a presen�a dos outros ve�culos;Colis�o transversal;Com V�timas Feridas;Pleno dia;Decrescente;C�u Claro;Simples;Reta;Sim;2;0;1;0;1;0;1;2;-5,634087;-37,263745;SPRF-RN;DEL04-RN;UOP01-DEL04-RN;;;
664774;02/03/2025;domingo;16:40:00;SC;101;134;BALNEARIO CAMBORIU;Ingest�o de �lcool pelo condutor;Sa�da de leito carro��vel;Com V�timas Feridas;Pleno dia;Decrescente;Sol;M�ltipla;Retorno Regulamentado;Sim;1;0;0;1;0;0;1;1;-27,003657;-48,630365;SPRF-SC;DEL04-SC;UOP03-DEL04-SC;;;
664776;02/03/2025;domingo;16:45:00;PI;343;33;PARNAIBA;Acessar a via sem observar a presen�a dos outros ve�culos;Colis�o transversal;Com V�timas Feridas;Pleno dia;Crescente;C�u Claro;Simples;Reta;Sim;2;0;1;0;1;0;1;2;-2,93149042;-41,75068617;SPRF-PI;DEL05-PI;UOP01-DEL05-PI;;;
664777;27/02/2025;quinta-feira;07:09:00;AC;364;121;RIO BRANCO;Desrespeitar a prefer�ncia no cruzamento;Colis�o transversal;Com V�timas Feridas;Pleno dia;Crescente;C�u Claro;Dupla;Rotat�ria;N�o;2;0;1;0;0;1;1;2;-10,0132745;-67,71379;SPRF-AC;DEL01-AC;UOP01-DEL01-AC;;;
664778;02/03/2025;domingo;14:55:00;GO;153;443;ANAPOLIS;Manobra de mudan�a de faixa;Colis�o lateral mesmo sentido;Sem V�timas;Pleno dia;Crescente;C�u Claro;Dupla;Rotat�ria;Sim;2;0;0;0;2;0;0;2;-16,35414016;-48,9300549;SPRF-GO;DEL02-GO;UOP01-DEL02-GO;;;
664779;02/03/2025;domingo;11:00:00;RJ;40;75;PETROPOLIS;Velocidade Incompat�vel;Tombamento;Com V�timas Feridas;Pleno dia;Crescente;C�u Claro;Simples;Curva;Sim;1;0;1;0;0;0;1;1;-22,472602;-43,23764;SPRF-RJ;DEL01-RJ;UOP01-DEL01-RJ;;;
664780;02/03/2025;domingo;15:39:00;MT;163;754;SORRISO;Rea��o tardia ou ineficiente do condutor;Sa�da de leito carro��vel;Com V�timas Feridas;Pleno dia;Crescente;C�u Claro;Dupla;Reta;Sim;1;0;1;0;0;0;1;1;-12,52410827;-55,70156336;SPRF-MT;DEL06-MT;UOP01-DEL06-MT;;;
664782;02/03/2025;domingo;16:50:00;RS;290;60;GRAVATAI;Condutor deixou de manter dist�ncia do ve�culo da frente;Engavetamento;Com V�timas Feridas;Pleno dia;Crescente;Sol;Dupla;Reta;N�o;5;0;2;0;3;0;2;4;-29,94065911;-50,8964771;SPRF-RS;DEL03-RS;UOP01-DEL03-RS;;;
664784;22/02/2025;s�bado;22:33:00;RJ;116;178;RIO DE JANEIRO;Acessar a via sem observar a presen�a dos outros ve�culos;Colis�o lateral mesmo sentido;Com V�timas Feridas;Plena Noite;Crescente;C�u Claro;Simples;Reta;N�o;2;0;1;0;1;0;1;2;-22,8044669;-43,3451884;SPRF-RJ;DEL06-RJ;UOP01-DEL06-RJ;;;
664785;02/03/2025;domingo;16:10:00;RJ;116;169;RIO DE JANEIRO;Rea��o tardia ou ineficiente do condutor;Queda de ocupante de ve�culo;Com V�timas Feridas;Pleno dia;Crescente;C�u Claro;M�ltipla;Reta;Sim;1;0;1;0;0;0;1;1;-22,81723263;-43,32238019;SPRF-RJ;DEL06-RJ;UOP01-DEL06-RJ;;;
664786;02/03/2025;domingo;17:30:00;GO;70;26;COCALZINHO DE GOIAS;Convers�o proibida;Colis�o transversal;Com V�timas Feridas;Pleno dia;Decrescente;C�u Claro;Simples;"Curva;Declive";N�o;2;0;1;0;1;0;1;2;-15,74424704;-48,41348648;SPRF-DF;DEL03-DF;UOP02-DEL03-DF;;;
664787;02/03/2025;domingo;17:50:00;SP;116;194;SANTA ISABEL;Transitar na contram�o;Colis�o frontal;Com V�timas Feridas;Anoitecer;Decrescente;C�u Claro;Simples;Reta;N�o;5;0;1;0;3;1;1;2;-23,383896;-46,264111;SPRF-SP;DEL01-SP;UOP01-DEL01-SP;;;
664788;02/03/2025;domingo;17:43:00;PE;232;252;ARCOVERDE;Rea��o tardia ou ineficiente do condutor;Colis�o traseira;Com V�timas Feridas;Pleno dia;Decrescente;C�u Claro;Simples;Reta;Sim;3;0;3;0;0;0;3;2;-8,429595;-37,067338;SPRF-PE;DEL04-PE;UOP02-DEL04-PE;;;
664789;02/03/2025;domingo;14:00:00;MT;174;429;NOVA LACERDA;Transitar na contram�o;Colis�o frontal;Com V�timas Fatais;Pleno dia;Crescente;C�u Claro;Simples;Reta;N�o;3;1;1;1;0;0;2;2;-14,29061586;-59,67938662;SPRF-MT;DEL04-MT;UOP02-DEL04-MT;;;
664790;02/03/2025;domingo;17:15:00;RJ;116;109;DUQUE DE CAXIAS;Ingest�o de �lcool pelo condutor;Colis�o lateral mesmo sentido;Sem V�timas;Pleno dia;Crescente;C�u Claro;M�ltipla;Reta;Sim;4;0;0;0;4;0;0;2;-22,678375;-43,286523;SPRF-RJ;DEL04-RJ;UOP01-DEL04-RJ;;;
664791;02/03/2025;domingo;17:15:00;RJ;101;441;MANGARATIBA;Rea��o tardia ou ineficiente do condutor;Queda de ocupante de ve�culo;Com V�timas Feridas;Pleno dia;Decrescente;C�u Claro;Simples;"Declive;Curva";Sim;1;0;1;0;0;0;1;1;-22,96038701;-44,09728311;SPRF-RJ;DEL03-RJ;UOP02-DEL03-RJ;;;
664792;02/03/2025;domingo;17:00:00;GO;70;341;SANTA FE DE GOIAS;Aus�ncia de rea��o do condutor;Sa�da de leito carro��vel;Sem V�timas;Anoitecer;Crescente;Nublado;Simples;"Curva;Aclive";N�o;1;0;0;0;0;1;0;1;-15,88444539;-51,07284307;SPRF-GO;DEL04-GO;UOP02-DEL04-GO;;;
664793;02/03/2025;domingo;16:00:00;PR;277;690;CURITIBA;Ingest�o de �lcool pelo condutor;Colis�o traseira;Com V�timas Feridas;Pleno dia;Decrescente;C�u Claro;Dupla;Retorno Regulamentado;N�o;4;0;2;0;2;0;2;2;-25,4509056;-49,250304;SPRF-PR;DEL05-PR;UOP01-DEL05-PR;;;
664794;02/03/2025;domingo;17:45:00;RS;290;29;SANTO ANTONIO DA PATRULHA;Avarias e/ou desgaste excessivo no pneu;Tombamento;Com V�timas Feridas;Pleno dia;Crescente;C�u Claro;M�ltipla;Reta;N�o;2;0;2;0;0;0;2;1;-29,883247;-50,544327;SPRF-RS;DEL03-RS;UOP01-DEL03-RS;;;
664795;02/03/2025;domingo;08:20:00;RJ;101;289;ITABORAI;Demais falhas mec�nicas ou el�tricas;Queda de ocupante de ve�culo;Com V�timas Feridas;Pleno dia;Decrescente;C�u Claro;Dupla;Reta;N�o;2;0;1;0;1;0;1;1;-22,76130826;-42,87677633;SPRF-RJ;DEL02-RJ;UOP02-DEL02-RJ;;;
664797;02/03/2025;domingo;18:16:00;SP;381;84;SAO PAULO;Rea��o tardia ou ineficiente do condutor;Colis�o com objeto;Com V�timas Feridas;Anoitecer;Decrescente;C�u Claro;Dupla;Reta;N�o;5;0;5;0;0;0;5;1;-23,44451081;-46,56839674;SPRF-SP;DEL03-SP;UOP01-DEL03-SP;;;
664798;02/03/2025;domingo;18:20:00;PE;101;77;RECIFE;Entrada inopinada do pedestre;Atropelamento de Pedestre;Com V�timas Feridas;Plena Noite;Decrescente;Nublado;Dupla;Reta;Sim;2;0;1;1;0;0;2;2;-8,131358;-34,94521;SPRF-PE;DEL01-PE;UOP01-DEL01-PE;;;
664799;02/03/2025;domingo;17:45:00;SC;101;278,8;IMBITUBA;Demais falhas mec�nicas ou el�tricas;Inc�ndio;Sem V�timas;Pleno dia;Decrescente;C�u Claro;M�ltipla;Reta;N�o;1;0;0;0;1;0;0;1;-28,18358582;-48,69577825;SPRF-SC;DEL02-SC;UOP03-DEL02-SC;;;
664800;02/03/2025;domingo;18:10:00;PR;376;221,4;CAMBIRA;Aus�ncia de rea��o do condutor;Sa�da de leito carro��vel;Com V�timas Feridas;Pleno dia;Crescente;C�u Claro;Dupla;Curva;N�o;1;0;1;0;0;0;1;1;-23,60206;-51,60092;SPRF-PR;DEL09-PR;UOP01-DEL09-PR;;;
664801;02/03/2025;domingo;18:00:00;SC;101;5,7;ARARANGUA;Acessar a via sem observar a presen�a dos outros ve�culos;Colis�o transversal;Com V�timas Feridas;Pleno dia;Crescente;C�u Claro;M�ltipla;Rotat�ria;Sim;4;0;2;0;2;0;2;2;-28,9629987;-49,51931834;SPRF-SC;DEL03-SC;UOP01-DEL03-SC;;;
664802;02/03/2025;domingo;18:00:00;RJ;101;308;SAO GONCALO;Rea��o tardia ou ineficiente do condutor;Queda de ocupante de ve�culo;Com V�timas Feridas;Pleno dia;Decrescente;C�u Claro;Dupla;Reta;Sim;2;0;2;0;0;0;2;1;-22,79339622;-43,02564127;SPRF-RJ;DEL02-RJ;UOP02-DEL02-RJ;;;
664803;02/03/2025;domingo;16:35:00;RJ;101;334;RIO DE JANEIRO;Aus�ncia de rea��o do condutor;Colis�o lateral mesmo sentido;Com V�timas Feridas;Pleno dia;Crescente;C�u Claro;Dupla;Curva;N�o;3;0;1;0;2;0;1;2;-22,9035;-43,2096;SPRF-RJ;DEL02-RJ;UOP01-DEL02-RJ;;;
664804;02/03/2025;domingo;18:07:00;DF;251;59;BRASILIA;Demais falhas mec�nicas ou el�tricas;Capotamento;Com V�timas Feridas;Anoitecer;Crescente;C�u Claro;Simples;Reta;Sim;2;0;2;0;0;0;2;1;-15,975208;-47,981687;SPRF-DF;DEL01-DF;UOP01-DEL01-DF;;;
664805;02/03/2025;domingo;18:15:00;SP;153;120;UBARANA;Aus�ncia de rea��o do condutor;Colis�o com objeto;Com V�timas Feridas;Amanhecer;Crescente;Nublado;Simples;Interse��o de Vias;Sim;1;0;0;1;0;0;1;1;-21,17025911;-49,71519578;SPRF-SP;DEL09-SP;UOP01-DEL09-SP;;;
664806;02/03/2025;domingo;18:29:00;RJ;116;194;QUEIMADOS;Condutor deixou de manter dist�ncia do ve�culo da frente;Colis�o traseira;Com V�timas Feridas;Plena Noite;Decrescente;C�u Claro;Dupla;Reta;N�o;3;0;1;2;0;0;3;2;-22,73595185;-43,54755163;SPRF-RJ;DEL06-RJ;UOP01-DEL06-RJ;;;
664807;02/03/2025;domingo;19:00:00;ES;101;169;LINHARES;Acessar a via sem observar a presen�a dos outros ve�culos;Colis�o transversal;Com V�timas Feridas;Plena Noite;Crescente;C�u Claro;Simples;Reta;N�o;3;0;1;1;1;0;2;2;-19,54683;-40,166321;SPRF-ES;DEL04-ES;UOP01-DEL04-ES;;;
664808;02/03/2025;domingo;18:50:00;SP;116;166,8;JACAREI;Aus�ncia de rea��o do condutor;Tombamento;Com V�timas Feridas;Plena Noite;Crescente;C�u Claro;M�ltipla;Reta;Sim;2;0;0;2;0;0;2;1;-23,30120151;-46,02166414;SPRF-SP;DEL02-SP;UOP01-DEL02-SP;;;
664809;02/03/2025;domingo;18:25:00;MG;40;511;RIBEIRAO DAS NEVES;Ingest�o de �lcool pelo condutor;Sa�da de leito carro��vel;Sem V�timas;Anoitecer;Decrescente;C�u Claro;Dupla;"Curva;Retorno Regulamentado;Aclive";N�o;1;0;0;0;0;1;0;1;-19,78335314;-44,1157043;SPRF-MG;DEL01-MG;UOP02-DEL01-MG;;;
664810;02/03/2025;domingo;15:30:00;SC;282;365,8;ERVAL VELHO;Velocidade Incompat�vel;Sa�da de leito carro��vel;Com V�timas Fatais;Pleno dia;Decrescente;C�u Claro;Dupla;"Curva;Aclive";N�o;3;1;2;0;0;0;2;1;-27,295372;-51,40843;SPRF-SC;DEL07-SC;UOP05-DEL07-SC;;;
664813;02/03/2025;domingo;17:30:00;MG;267;21;ARGIRITA;Velocidade Incompat�vel;Sa�da de leito carro��vel;Com V�timas Feridas;Anoitecer;Crescente;C�u Claro;Simples;Curva;N�o;4;0;2;2;0;0;4;1;-21,589308;-42,756467;SPRF-MG;DEL07-MG;UOP01-DEL07-MG;;;
664815;02/03/2025;domingo;18:00:00;RO;364;223;PIMENTA BUENO;Ultrapassagem Indevida;Tombamento;Com V�timas Feridas;Plena Noite;Decrescente;Nublado;Simples;Reta;N�o;1;0;1;0;0;0;1;1;-11,5247;-61,339955;SPRF-RO;DEL02-RO;UOP02-DEL02-RO;;;
664818;02/03/2025;domingo;19:05:00;SP;101;35;UBATUBA;Trafegar com motocicleta (ou similar) entre as faixas;Colis�o transversal;Com V�timas Feridas;Plena Noite;Crescente;C�u Claro;Simples;Interse��o de Vias;Sim;3;0;1;0;2;0;1;2;-23,39310986;-45,00976508;SPRF-SP;DEL06-SP;UOP01-DEL06-SP;;;
664819;02/03/2025;domingo;19:10:00;PR;369;482,4;CORBELIA;Ingest�o de �lcool pelo condutor;Colis�o traseira;Com V�timas Feridas;Plena Noite;Decrescente;C�u Claro;Simples;Reta;N�o;3;0;0;1;0;2;1;3;-24,777504;-53,291961;SPRF-PR;DEL04-PR;UOP03-DEL04-PR;;;
664820;02/03/2025;domingo;19:30:00;RS;448;21,3;CANOAS;Pedestre - Ingest�o de �lcool/ subst�ncias psicoativas;Atropelamento de Pedestre;Com V�timas Feridas;Plena Noite;Crescente;C�u Claro;Dupla;"Aclive;Ponte;Reta";Sim;2;0;0;1;1;0;1;2;-29,96969736;-51,20075353;SPRF-RS;DEL01-RS;UOP01-DEL01-RS;;;
664821;02/03/2025;domingo;19:40:00;MG;116;628,5;ORIZANIA;Transitar na contram�o;Colis�o lateral sentido oposto;Com V�timas Fatais;Plena Noite;Decrescente;Nublado;Simples;Curva;N�o;3;1;0;2;0;0;2;2;-20,57806596;-42,20758807;SPRF-MG;DEL07-MG;UOP02-DEL07-MG;;;
664822;02/03/2025;domingo;18:20:00;SC;280;91;CORUPA;Avarias e/ou desgaste excessivo no pneu;Capotamento;Com V�timas Feridas;Plena Noite;Crescente;C�u Claro;Simples;"Curva;Aclive";N�o;2;0;1;0;1;0;1;1;-26,3972602;-49,29615855;SPRF-SC;DEL06-SC;UOP03-DEL06-SC;;;
664823;02/03/2025;domingo;17:20:00;MS;163;108,3;ITAQUIRAI;Ingest�o de �lcool pelo condutor;Capotamento;Com V�timas Feridas;Pleno dia;Crescente;Sol;Dupla;Reta;N�o;2;0;1;1;0;0;2;1;-23,21082163;-54,20920372;SPRF-MS;DEL09-MS;UOP01-DEL09-MS;;;
664824;02/03/2025;domingo;19:45:00;PR;376;634;SAO JOSE DOS PINHAIS;Ingest�o de �lcool pelo condutor;Sa�da de leito carro��vel;Com V�timas Feridas;Plena Noite;Crescente;C�u Claro;Simples;Declive;N�o;1;0;1;0;0;0;1;1;-25,744833;-49,130337;SPRF-PR;DEL01-PR;UOP04-DEL01-PR;;;
664825;02/03/2025;domingo;19:40:00;BA;324;533;AMELIA RODRIGUES;Condutor deixou de manter dist�ncia do ve�culo da frente;Colis�o traseira;Com V�timas Feridas;Plena Noite;Decrescente;Nublado;Dupla;Reta;Sim;2;0;1;0;1;0;1;2;-12,38673996;-38,79052353;SPRF-BA;DEL01-BA;UOP03-DEL01-BA;;;
664826;02/03/2025;domingo;20:05:00;PR;277;72,5;SAO JOSE DOS PINHAIS;Velocidade Incompat�vel;Colis�o traseira;Com V�timas Feridas;Plena Noite;Crescente;C�u Claro;Dupla;"Reta;Declive";Sim;2;0;0;1;1;0;1;2;-25,5028054;-49,1473214;SPRF-PR;DEL01-PR;UOP07-DEL01-PR;;;
664827;02/03/2025;domingo;19:44:00;TO;10;464;PALMAS;Velocidade Incompat�vel;Queda de ocupante de ve�culo;Com V�timas Feridas;Plena Noite;Crescente;Nublado;M�ltipla;Reta;Sim;1;0;1;0;0;0;1;1;-10,232727;-48,311916;SPRF-TO;DEL01-TO;UOP03-DEL01-TO;;;
664828;05/01/2025;domingo;20:30:00;ES;101;258,8;SERRA;Pista Escorregadia;Capotamento;Com V�timas Feridas;Pleno dia;Crescente;Chuva;Dupla;Reta;Sim;1;0;1;0;0;0;1;1;-20,13847031;-40,29231548;SPRF-ES;DEL02-ES;UOP01-DEL02-ES;;;
664829;02/03/2025;domingo;19:35:00;RS;290;589;ALEGRETE;Avarias e/ou desgaste excessivo no pneu;Tombamento;Com V�timas Feridas;Plena Noite;Crescente;C�u Claro;Simples;Reta;N�o;2;0;2;0;0;0;2;1;-29,813007;-55,864948;SPRF-RS;DEL13-RS;UOP02-DEL13-RS;;;
664830;02/03/2025;domingo;19:15:00;MS;60;545,3;NIOAQUE;Pedestre - Ingest�o de �lcool/ subst�ncias psicoativas;Atropelamento de Pedestre;Com V�timas Feridas;Plena Noite;Decrescente;C�u Claro;Simples;Reta;N�o;4;0;0;1;3;0;1;2;-21,177087;-55,870491;SPRF-MS;DEL05-MS;UOP01-DEL05-MS;;;
664831;02/03/2025;domingo;20:30:00;PR;277;6;PARANAGUA;Velocidade Incompat�vel;Capotamento;Com V�timas Feridas;Plena Noite;Decrescente;C�u Claro;Dupla;Reta;N�o;1;0;1;0;0;0;1;1;-25,560196;-48,57967;SPRF-PR;DEL01-PR;UOP05-DEL01-PR;;;
664833;02/03/2025;domingo;17:25:00;MA;316;609,4;TIMON;Transitar na contram�o;Colis�o lateral sentido oposto;Com V�timas Feridas;Pleno dia;Decrescente;C�u Claro;Simples;"Reta;Declive";N�o;3;0;1;2;0;0;3;2;-5,0667164;-42,88230311;SPRF-MA;DEL03-MA;UOP02-DEL03-MA;;;
664834;02/03/2025;domingo;20:00:00;RS;470;172,8;VERANOPOLIS;Rea��o tardia ou ineficiente do condutor;Colis�o frontal;Com V�timas Fatais;Plena Noite;Decrescente;C�u Claro;Simples;Reta;N�o;5;1;0;1;3;0;1;3;-28,9022125;-51,5511326;SPRF-RS;DEL06-RS;UOP02-DEL06-RS;;;