id;data_inversa;dia_semana;horario;uf;br;km;municipio;causa_acidente;tipo_acidente;classificacao_acidente;fase_dia;sentido_via;condicao_metereologica;tipo_pista;tracado_via;uso_solo;pessoas;mortos;feridos_leves;feridos_graves;ilesos;ignorados;feridos;veiculos;latitude;longitude;regional;delegacia;uop;;;
665267;05/03/2025;quarta-feira;08:00:00;MG;354;728,9;POUSO ALTO;Aus�ncia de rea��o do condutor;Colis�o frontal;Com V�timas Feridas;Pleno dia;Crescente;C�u Claro;Simples;Curva;N�o;3;0;1;0;2;0;1;2;-22,15171815;-44,96398687;SPRF-MG;DEL17-MG;UOP01-DEL17-MG;;;
665268;05/03/2025;quarta-feira;08:00:00;RJ;101;419;MANGARATIBA;Rea��o tardia ou ineficiente do condutor;Colis�o traseira;Com V�timas Feridas;Pleno dia;Decrescente;C�u Claro;Simples;"Aclive;Reta";Sim;3;0;1;0;2;0;1;2;-22,919012;-43,921252;SPRF-RJ;DEL03-RJ;UOP02-DEL03-RJ;;;
665270;05/03/2025;quarta-feira;05:00:00;RO;364;743;PORTO VELHO;Rea��o tardia ou ineficiente do condutor;Colis�o traseira;Com V�timas Fatais;Amanhecer;Crescente;Nublado;Simples;Reta;N�o;2;1;0;0;1;0;0;2;-9,002658;-64,00659;SPRF-RO;DEL01-RO;UOP02-DEL01-RO;;;
665271;05/03/2025;quarta-feira;08:20:00;GO;153;435,7;ANAPOLIS;Avarias e/ou desgaste excessivo no pneu;Tombamento;Com V�timas Feridas;Pleno dia;Decrescente;C�u Claro;Dupla;"Reta;Aclive";Sim;1;0;1;0;0;0;1;1;-16,2890511;-48,9373662;SPRF-GO;DEL02-GO;UOP01-DEL02-GO;;;
665272;05/03/2025;quarta-feira;07:55:00;BA;116;426;FEIRA DE SANTANA;Manobra de mudan�a de faixa;Colis�o transversal;Com V�timas Feridas;Pleno dia;Crescente;C�u Claro;Dupla;Interse��o de Vias;Sim;5;0;2;0;3;0;2;2;-12,26699177;-38,98944855;SPRF-BA;DEL02-BA;UOP01-DEL02-BA;;;
665273;05/03/2025;quarta-feira;08:45:00;PB;230;25;JOAO PESSOA;Rea��o tardia ou ineficiente do condutor;Colis�o lateral mesmo sentido;Com V�timas Feridas;Pleno dia;Decrescente;C�u Claro;Simples;"Desvio Tempor�rio;Em Obras";Sim;3;0;2;0;1;0;2;2;-7,170906;-34,868415;SPRF-PB;DEL01-PB;UOP01-DEL01-PB;;;
665274;05/03/2025;quarta-feira;07:25:00;MG;365;566,5;INDIANOPOLIS;Manobra de mudan�a de faixa;Colis�o lateral sentido oposto;Com V�timas Feridas;Pleno dia;Crescente;C�u Claro;Simples;Reta;N�o;5;0;3;0;1;1;3;3;-18,917613;-47,814549;SPRF-MG;DEL15-MG;UOP02-DEL15-MG;;;
665276;05/03/2025;quarta-feira;07:00:00;PR;277;3;CURITIBA;Manobra de mudan�a de faixa;Colis�o traseira;Com V�timas Feridas;Pleno dia;Crescente;C�u Claro;Dupla;Reta;Sim;4;0;3;0;1;0;3;2;-25,43008774;-49,32043481;SPRF-PR;DEL01-PR;UOP06-DEL01-PR;;;
665277;05/03/2025;quarta-feira;08:40:00;MG;50;81;UBERLANDIA;Ingest�o de �lcool pelo condutor;Sa�da de leito carro��vel;Com V�timas Feridas;Pleno dia;Decrescente;Nublado;Dupla;Retorno Regulamentado;N�o;1;0;1;0;0;0;1;1;-18,962903;-48,2180533;SPRF-MG;DEL15-MG;UOP01-DEL15-MG;;;
665278;05/03/2025;quarta-feira;08:30:00;SP;153;73,1;SAO JOSE DO RIO PRETO;Manobra de mudan�a de faixa;Colis�o lateral mesmo sentido;Com V�timas Feridas;Pleno dia;Crescente;C�u Claro;Dupla;Reta;N�o;3;0;2;0;1;0;2;2;-20,88129222;-49,42363322;SPRF-SP;DEL09-SP;UOP01-DEL09-SP;;;
665281;05/03/2025;quarta-feira;08:40:00;PI;316;319;PICOS;Aus�ncia de rea��o do condutor;Colis�o traseira;Com V�timas Feridas;Pleno dia;Crescente;C�u Claro;Simples;Reta;Sim;2;0;1;0;1;0;1;2;-7,090202;-41,394872;SPRF-PI;DEL04-PI;UOP01-DEL04-PI;;;
665282;02/03/2025;domingo;06:20:00;SC;282;509,1;XANXERE;Velocidade Incompat�vel;Capotamento;Sem V�timas;Pleno dia;Decrescente;C�u Claro;Simples;Curva;N�o;1;0;0;0;1;0;0;1;-26,887818;-52,452633;SPRF-SC;DEL07-SC;UOP01-DEL07-SC;;;
665284;05/03/2025;quarta-feira;09:30:00;MG;116;523,4;CARATINGA;Aus�ncia de rea��o do condutor;Tombamento;Com V�timas Feridas;Pleno dia;Decrescente;C�u Claro;Simples;Curva;Sim;2;0;2;0;0;0;2;1;-19,7582901;-42,132513;SPRF-MG;DEL06-MG;UOP02-DEL06-MG;;;
665285;05/03/2025;quarta-feira;10:00:00;MG;40;518;CONTAGEM;Acessar a via sem observar a presen�a dos outros ve�culos;Colis�o lateral sentido oposto;Com V�timas Feridas;Pleno dia;Crescente;Sol;Dupla;Reta;Sim;2;0;1;0;1;0;1;2;-19,9491584;-44,0270848;SPRF-MG;DEL01-MG;UOP02-DEL01-MG;;;
665287;05/03/2025;quarta-feira;09:10:00;MS;163;77;ITAQUIRAI;Transitar na contram�o;Colis�o transversal;Com V�timas Feridas;Pleno dia;Decrescente;C�u Claro;Simples;Interse��o de Vias;Sim;2;0;1;0;1;0;1;2;-23,48399553;-54,18573439;SPRF-MS;DEL09-MS;UOP01-DEL09-MS;;;
665289;05/03/2025;quarta-feira;09:45:00;PE;101;66,9;RECIFE;Aus�ncia de rea��o do condutor;Colis�o traseira;Com V�timas Feridas;Pleno dia;Decrescente;C�u Claro;Simples;Reta;Sim;3;0;1;0;0;2;1;3;-8,043376;-34,89983082;SPRF-PE;DEL01-PE;UOP01-DEL01-PE;;;
665290;05/03/2025;quarta-feira;07:15:00;RO;364;378;OURO PRETO DO OESTE;Rea��o tardia ou ineficiente do condutor;Colis�o traseira;Com V�timas Feridas;Pleno dia;Crescente;C�u Claro;Simples;Curva;N�o;4;0;1;0;3;0;1;2;-10,742258;-62,209613;SPRF-RO;DEL02-RO;UOP01-DEL02-RO;;;
665291;05/03/2025;quarta-feira;07:30:00;SC;480;128,6;CHAPECO;Condutor deixou de manter dist�ncia do ve�culo da frente;Colis�o traseira;Com V�timas Feridas;Pleno dia;Decrescente;C�u Claro;M�ltipla;Reta;Sim;3;0;2;0;1;0;2;2;-27,042866;-52,6359209;SPRF-SC;DEL07-SC;UOP01-DEL07-SC;;;
665292;05/03/2025;quarta-feira;10:50:00;ES;262;105,4;VENDA NOVA DO IMIGRANTE;Rea��o tardia ou ineficiente do condutor;Colis�o traseira;Com V�timas Feridas;Pleno dia;Crescente;C�u Claro;Simples;"Reta;Declive";Sim;2;0;2;0;0;0;2;2;-20,32507871;-41,14126408;SPRF-ES;DEL01-ES;UOP02-DEL01-ES;;;
665293;27/02/2025;quinta-feira;16:00:00;RS;290;365;VILA NOVA DO SUL;Transitar no Acostamento;Colis�o transversal;Sem V�timas;Pleno dia;Decrescente;C�u Claro;Simples;Reta;N�o;3;0;0;0;3;0;0;2;-30,368086;-53,810441;SPRF-RS;DEL09-RS;UOP02-DEL09-RS;;;
665295;05/03/2025;quarta-feira;10:30:00;MG;262;38;MANHUACU;Acesso irregular;Colis�o transversal;Com V�timas Feridas;Pleno dia;Decrescente;Nublado;Simples;Reta;N�o;2;0;1;0;1;0;1;2;-20,272027;-42,046772;SPRF-MG;DEL06-MG;UOP03-DEL06-MG;;;
665297;05/03/2025;quarta-feira;09:00:00;GO;60;92,3;ANAPOLIS;Demais falhas mec�nicas ou el�tricas;Sa�da de leito carro��vel;Com V�timas Feridas;Pleno dia;Decrescente;C�u Claro;Dupla;"Declive;Retorno Regulamentado";Sim;1;0;1;0;0;0;1;1;-16,35264389;-48,91573016;SPRF-GO;DEL02-GO;UOP01-DEL02-GO;;;
665299;05/03/2025;quarta-feira;10:20:00;RJ;101;276;TANGUA;Manobra de mudan�a de faixa;Colis�o traseira;Sem V�timas;Pleno dia;Crescente;C�u Claro;Dupla;Reta;Sim;4;0;0;0;4;0;0;2;-22,73796393;-42,73871802;SPRF-RJ;DEL02-RJ;UOP03-DEL02-RJ;;;
665300;05/03/2025;quarta-feira;08:30:00;AC;364;149;RIO BRANCO;Rea��o tardia ou ineficiente do condutor;Sa�da de leito carro��vel;Com V�timas Feridas;Pleno dia;Crescente;C�u Claro;Dupla;Reta;N�o;1;0;0;1;0;0;1;1;-9,99424;-67,7838848;SPRF-AC;DEL01-AC;UOP01-DEL01-AC;;;
665303;01/03/2025;s�bado;04:10:00;ES;259;79;COLATINA;Rea��o tardia ou ineficiente do condutor;Sa�da de leito carro��vel;Sem V�timas;Plena Noite;Crescente;C�u Claro;Simples;Reta;N�o;1;0;0;0;0;1;0;1;-19,5207746;-40,829522;SPRF-ES;DEL02-ES;UOP01-DEL02-ES;;;
665304;05/03/2025;quarta-feira;11:30:00;BA;324;577;SAO SEBASTIAO DO PASSE;Demais falhas mec�nicas ou el�tricas;Colis�o traseira;Sem V�timas;Pleno dia;Crescente;C�u Claro;Dupla;Reta;N�o;3;0;0;0;3;0;0;2;-12,59177;-38,51931;SPRF-BA;DEL01-BA;UOP01-DEL01-BA;;;
665305;05/03/2025;quarta-feira;10:45:00;SC;101;141,6;BALNEARIO CAMBORIU;Trafegar com motocicleta (ou similar) entre as faixas;Colis�o lateral mesmo sentido;Com V�timas Feridas;Pleno dia;Decrescente;C�u Claro;Dupla;Reta;Sim;3;0;1;0;2;0;1;3;-27,051043;-48,597552;SPRF-SC;DEL04-SC;UOP03-DEL04-SC;;;
665306;05/03/2025;quarta-feira;11:38:00;PB;101;81;BAYEUX;Trafegar com motocicleta (ou similar) entre as faixas;Colis�o traseira;Com V�timas Feridas;Pleno dia;Crescente;C�u Claro;Dupla;Reta;Sim;3;0;2;0;1;0;2;2;-7,1279076;-34,93930674;SPRF-PB;DEL01-PB;UOP01-DEL01-PB;;;
665307;05/03/2025;quarta-feira;11:00:00;SC;101;349,1;JAGUARUNA;Aus�ncia de rea��o do condutor;Colis�o com objeto;Com V�timas Feridas;Pleno dia;Crescente;C�u Claro;Dupla;Curva;N�o;2;0;1;0;1;0;1;1;-28,59083192;-49,04495694;SPRF-SC;DEL02-SC;UOP01-DEL02-SC;;;
665309;05/03/2025;quarta-feira;12:04:00;PI;343;0,4;TERESINA;Aus�ncia de rea��o do condutor;Colis�o traseira;Com V�timas Feridas;Pleno dia;Crescente;C�u Claro;Dupla;"Interse��o de Vias;Declive";Sim;3;0;1;1;1;0;2;2;-5,07906;-42,75324;SPRF-PI;DEL01-PI;UOP01-DEL01-PI;;;
665310;05/03/2025;quarta-feira;10:55:00;MG;262;831,6;UBERABA;Rea��o tardia ou ineficiente do condutor;Sa�da de leito carro��vel;Com V�timas Feridas;Pleno dia;Crescente;C�u Claro;Dupla;Reta;N�o;1;0;1;0;0;0;1;1;-19,748458;-48,17533;SPRF-MG;DEL13-MG;UOP01-DEL13-MG;;;
665311;05/03/2025;quarta-feira;09:30:00;MG;50;69;UBERLANDIA;Desrespeitar a prefer�ncia no cruzamento;Colis�o lateral mesmo sentido;Com V�timas Feridas;Pleno dia;Decrescente;Sol;Dupla;Reta;Sim;2;0;1;0;0;1;1;2;-18,88711202;-48,26156616;SPRF-MG;DEL15-MG;UOP01-DEL15-MG;;;
665312;05/03/2025;quarta-feira;12:00:00;CE;116;37;HORIZONTE;Retorno proibido;Colis�o transversal;Com V�timas Feridas;Pleno dia;Decrescente;C�u Claro;Dupla;Reta;Sim;2;0;2;0;0;0;2;2;-4,0779917;-38,4992289;SPRF-CE;DEL01-CE;UOP02-DEL01-CE;;;
665313;05/03/2025;quarta-feira;12:40:00;DF;20;1,2;BRASILIA;Condutor deixou de manter dist�ncia do ve�culo da frente;Colis�o traseira;Com V�timas Feridas;Pleno dia;Decrescente;C�u Claro;Simples;"Reta;Interse��o de Vias";Sim;3;0;1;0;2;0;1;2;-15,6;-47,82;SPRF-DF;DEL02-DF;UOP01-DEL02-DF;;;
665314;05/03/2025;quarta-feira;10:30:00;RJ;116;264;VOLTA REDONDA;Aus�ncia de rea��o do condutor;Colis�o com objeto;Com V�timas Feridas;Pleno dia;Crescente;Sol;Dupla;Curva;N�o;1;0;1;0;0;0;1;1;-22,59240523;-44,07621503;SPRF-RJ;DEL07-RJ;UOP02-DEL07-RJ;;;
665315;05/03/2025;quarta-feira;11:15:00;AC;0;0;RIO BRANCO;Acessar a via sem observar a presen�a dos outros ve�culos;Colis�o transversal;Com V�timas Feridas;Pleno dia;N�o Informado;Nublado;Dupla;Rotat�ria;Sim;3;0;3;0;0;0;3;2;-10,01206873;-67,79850718;SPRF-AC;DEL01-AC;UOP01-DEL01-AC;;;
665316;05/03/2025;quarta-feira;12:50:00;SC;280;128;RIO NEGRINHO;Acessar a via sem observar a presen�a dos outros ve�culos;Colis�o transversal;Com V�timas Feridas;Pleno dia;Decrescente;C�u Claro;Simples;Interse��o de Vias;Sim;2;0;1;0;1;0;1;2;-26,242473;-49,511811;SPRF-SC;DEL06-SC;UOP03-DEL06-SC;;;
665317;05/03/2025;quarta-feira;03:30:00;RJ;393;283;VOLTA REDONDA;Aus�ncia de rea��o do condutor;Sa�da de leito carro��vel;Com V�timas Feridas;Plena Noite;Decrescente;C�u Claro;Simples;"Interse��o de Vias;Reta";Sim;3;0;2;0;0;1;2;2;-22,4916765;-44,06122193;SPRF-RJ;DEL05-RJ;UOP04-DEL05-RJ;;;
665318;05/03/2025;quarta-feira;13:15:00;RJ;101;420;MANGARATIBA;Rea��o tardia ou ineficiente do condutor;Colis�o transversal;Com V�timas Feridas;Pleno dia;Decrescente;C�u Claro;Dupla;Reta;N�o;3;0;2;0;1;0;2;2;-22,91616147;-43,93306732;SPRF-RJ;DEL03-RJ;UOP02-DEL03-RJ;;;
665319;05/03/2025;quarta-feira;13:24:00;RS;290;7,3;OSORIO;Condutor usando celular;Sa�da de leito carro��vel;Com V�timas Feridas;Pleno dia;Crescente;C�u Claro;Dupla;Reta;N�o;1;0;1;0;0;0;1;1;-29,89686155;-50,34213156;SPRF-RS;DEL03-RS;UOP01-DEL03-RS;;;
665324;05/03/2025;quarta-feira;12:45:00;RO;364;198;PIMENTA BUENO;Condutor deixou de manter dist�ncia do ve�culo da frente;Colis�o traseira;Sem V�timas;Pleno dia;Crescente;Nublado;Simples;Reta;Sim;2;0;0;0;2;0;0;2;-11,66528095;-61,19148195;SPRF-RO;DEL02-RO;UOP02-DEL02-RO;;;
665325;05/03/2025;quarta-feira;13:50:00;ES;101;15;PEDRO CANARIO;Acessar a via sem observar a presen�a dos outros ve�culos;Colis�o transversal;Com V�timas Feridas;Pleno dia;Crescente;C�u Claro;M�ltipla;Reta;Sim;2;0;1;0;1;0;1;2;-18,290445;-39,955321;SPRF-ES;DEL04-ES;UOP02-DEL04-ES;;;
665327;05/03/2025;quarta-feira;14:30:00;RS;116;223;DOIS IRMAOS;Condutor deixou de manter dist�ncia do ve�culo da frente;Colis�o traseira;Com V�timas Feridas;Pleno dia;Crescente;C�u Claro;Simples;Reta;N�o;2;0;1;0;1;0;1;2;-29,5860594;-51,0988917;SPRF-RS;DEL01-RS;UOP02-DEL01-RS;;;
665330;05/03/2025;quarta-feira;14:00:00;MS;262;135,5;AGUA CLARA;Aus�ncia de rea��o do condutor;Colis�o traseira;Com V�timas Feridas;Pleno dia;Crescente;Sol;Simples;Reta;N�o;2;0;0;1;0;1;1;2;-20,471686;-52,814666;SPRF-MS;DEL07-MS;UOP02-DEL07-MS;;;
665331;05/03/2025;quarta-feira;12:02:00;PR;277;642;CEU AZUL;Condutor deixou de manter dist�ncia do ve�culo da frente;Colis�o traseira;Com V�timas Feridas;Pleno dia;Crescente;C�u Claro;Simples;Reta;N�o;2;0;1;0;1;0;1;2;-25,180354;-53,874997;SPRF-PR;DEL05-PR;UOP02-DEL05-PR;;;
665333;05/03/2025;quarta-feira;13:15:00;SP;381;81,8;SAO PAULO;Condutor deixou de manter dist�ncia do ve�culo da frente;Colis�o lateral mesmo sentido;Com V�timas Feridas;Pleno dia;Crescente;C�u Claro;Dupla;"Reta;Em Obras";Sim;3;0;1;0;1;1;1;2;-23,42929246;-46,57105029;SPRF-SP;DEL03-SP;UOP01-DEL03-SP;;;
665334;05/03/2025;quarta-feira;09:40:00;MG;262;467,7;BOM DESPACHO;Transitar na contram�o;Colis�o frontal;Com V�timas Fatais;Pleno dia;Crescente;C�u Claro;Simples;Reta;N�o;7;2;2;3;0;0;5;2;-19,78867238;-45,1991272;SPRF-MG;DEL08-MG;UOP03-DEL08-MG;;;
665336;05/03/2025;quarta-feira;09:50:00;BA;418;16;ALCOBACA;Chuva;Sa�da de leito carro��vel;Com V�timas Feridas;Pleno dia;Decrescente;Chuva;Simples;Reta;N�o;1;0;1;0;0;0;1;1;-17,619183;-39,269268;SPRF-BA;DEL09-BA;UOP02-DEL09-BA;;;
665337;05/03/2025;quarta-feira;15:05:00;SC;470;0,7;NAVEGANTES;Aus�ncia de rea��o do condutor;Colis�o lateral mesmo sentido;Com V�timas Feridas;Pleno dia;Decrescente;Sol;Dupla;Reta;Sim;2;0;0;1;1;0;1;2;-26,89366705;-48,66007805;SPRF-SC;DEL04-SC;UOP04-DEL04-SC;;;
665339;17/02/2025;segunda-feira;08:20:00;SC;101;218,4;PALHOCA;Transitar na contram�o;Colis�o frontal;Com V�timas Feridas;Pleno dia;Decrescente;Nublado;M�ltipla;Reta;Sim;2;0;1;0;1;0;1;2;-27,6758601;-48,67052525;SPRF-SC;DEL01-SC;UOP02-DEL01-SC;;;
665341;05/03/2025;quarta-feira;14:40:00;SP;153;218,6;MARILIA;Desvio tempor�rio;Sa�da de leito carro��vel;Com V�timas Feridas;Pleno dia;Decrescente;C�u Claro;Simples;Curva;N�o;1;0;1;0;0;0;1;1;-21,9810103;-49,91630137;SPRF-SP;DEL07-SP;UOP02-DEL07-SP;;;
665342;05/03/2025;quarta-feira;13:05:00;RJ;101;433;MANGARATIBA;Rea��o tardia ou ineficiente do condutor;Colis�o traseira;Com V�timas Feridas;Pleno dia;Decrescente;C�u Claro;Dupla;Curva;Sim;2;0;1;0;1;0;1;2;-22,93838996;-44,03828216;SPRF-RJ;DEL03-RJ;UOP02-DEL03-RJ;;;
665343;05/03/2025;quarta-feira;15:30:00;BA;324;605;SIMOES FILHO;Pedestre andava na pista;Atropelamento de Pedestre;Com V�timas Feridas;Pleno dia;Decrescente;Sol;M�ltipla;Reta;Sim;3;0;2;0;0;1;2;2;-12,79681968;-38,40459824;SPRF-BA;DEL01-BA;UOP01-DEL01-BA;;;
665344;09/02/2025;domingo;21:28:00;PB;101;38;MAMANGUAPE;Animais na Pista;Atropelamento de Animal;Com V�timas Feridas;Plena Noite;Crescente;C�u Claro;Dupla;Reta;Sim;1;0;0;1;0;0;1;1;-6,82073498;-35,13858694;SPRF-PB;DEL01-PB;UOP03-DEL01-PB;;;
665345;05/03/2025;quarta-feira;15:40:00;SC;101;119,8;ITAJAI;Aus�ncia de rea��o do condutor;Colis�o traseira;Com V�timas Feridas;Pleno dia;Crescente;Sol;Dupla;Reta;N�o;2;0;0;1;1;0;1;2;-26,91079334;-48,71282101;SPRF-SC;DEL04-SC;UOP04-DEL04-SC;;;
665346;05/03/2025;quarta-feira;15:50:00;PR;376;3,7;MANDAGUARI;Rea��o tardia ou ineficiente do condutor;Colis�o traseira;Com V�timas Feridas;Pleno dia;Decrescente;Nublado;Simples;Reta;Sim;2;0;1;0;1;0;1;2;-23,51728066;-51,68528259;SPRF-PR;DEL09-PR;UOP01-DEL09-PR;;;
665348;05/03/2025;quarta-feira;15:40:00;MG;40;553;NOVA LIMA;Rea��o tardia ou ineficiente do condutor;Colis�o traseira;Sem V�timas;Pleno dia;Decrescente;C�u Claro;Dupla;"Reta;Aclive";Sim;3;0;0;0;3;0;0;2;-20,065076;-43,97971;SPRF-MG;DEL01-MG;UOP02-DEL01-MG;;;
665349;05/03/2025;quarta-feira;16:20:00;MG;40;702,8;BARBACENA;Rea��o tardia ou ineficiente do condutor;Colis�o traseira;Com V�timas Feridas;Pleno dia;Crescente;C�u Claro;Dupla;Reta;Sim;6;0;2;1;3;0;3;2;-21,21583782;-43,74732575;SPRF-MG;DEL05-MG;UOP02-DEL05-MG;;;
665352;05/03/2025;quarta-feira;16:50:00;PB;101;83;BAYEUX;Rea��o tardia ou ineficiente do condutor;Engavetamento;Com V�timas Feridas;Pleno dia;Decrescente;C�u Claro;Dupla;Reta;Sim;3;0;1;0;2;0;1;3;-7,138758;-34,923892;SPRF-PB;DEL01-PB;UOP01-DEL01-PB;;;
665353;05/03/2025;quarta-feira;16:40:00;SC;282;4;SAO JOSE;Manobra de mudan�a de faixa;Colis�o lateral mesmo sentido;Com V�timas Feridas;Pleno dia;Crescente;C�u Claro;M�ltipla;"Reta;Declive";Sim;3;0;2;0;0;1;2;2;-27,59101799;-48,60713124;SPRF-SC;DEL01-SC;UOP01-DEL01-SC;;;
665354;05/03/2025;quarta-feira;16:40:00;GO;60;71,5;ABADIANIA;Ingest�o de �lcool pelo condutor;Colis�o transversal;Sem V�timas;Pleno dia;Crescente;C�u Claro;Dupla;"Curva;Retorno Regulamentado";N�o;2;0;0;0;2;0;0;2;-16,2510001;-48,7608563;SPRF-GO;DEL02-GO;UOP01-DEL02-GO;;;
665355;05/03/2025;quarta-feira;16:30:00;SP;116;103,5;TAUBATE;Trafegar com motocicleta (ou similar) entre as faixas;Colis�o lateral mesmo sentido;Com V�timas Feridas;Pleno dia;Crescente;C�u Claro;Dupla;Reta;N�o;2;0;1;0;1;0;1;2;-23,00004566;-45,49979579;SPRF-SP;DEL02-SP;UOP02-DEL02-SP;;;
665357;05/03/2025;quarta-feira;17:15:00;RS;116;243;SAO LEOPOLDO;Aus�ncia de rea��o do condutor;Colis�o com objeto;Com V�timas Fatais;Pleno dia;Decrescente;C�u Claro;M�ltipla;Em Obras;Sim;1;1;0;0;0;0;0;1;-29,7333821;-51,1499119;SPRF-RS;DEL01-RS;UOP02-DEL01-RS;;;
665359;05/03/2025;quarta-feira;14:30:00;MG;116;229,5;TEOFILO OTONI;Condutor Dormindo;Sa�da de leito carro��vel;Com V�timas Feridas;Pleno dia;Crescente;Nublado;Simples;Curva;N�o;4;0;4;0;0;0;4;1;-17,482674;-41,4932;SPRF-MG;DEL11-MG;UOP01-DEL11-MG;;;
665360;05/03/2025;quarta-feira;18:00:00;RS;116;243,9;SAO LEOPOLDO;Rea��o tardia ou ineficiente do condutor;Colis�o lateral mesmo sentido;Com V�timas Feridas;Pleno dia;Decrescente;C�u Claro;Dupla;Reta;Sim;2;0;0;1;1;0;1;2;-29,73714122;-51,14997268;SPRF-RS;DEL01-RS;UOP02-DEL01-RS;;;
665361;03/02/2025;segunda-feira;17:15:00;BA;235;350;JUAZEIRO;Aus�ncia de rea��o do condutor;Colis�o lateral mesmo sentido;Com V�timas Feridas;Pleno dia;Crescente;C�u Claro;Dupla;Reta;Sim;3;0;2;0;1;0;2;2;-9,42503135;-40,50388907;SPRF-PE;DEL06-PE;UOP01-DEL06-PE;;;
665362;05/03/2025;quarta-feira;14:45:00;PR;277;42,8;MORRETES;Demais falhas mec�nicas ou el�tricas;Inc�ndio;Sem V�timas;Pleno dia;Crescente;Nublado;Dupla;"Reta;Aclive";N�o;4;0;0;0;0;4;0;1;-25,591474;-48,878921;SPRF-PR;DEL01-PR;UOP05-DEL01-PR;;;
665364;05/03/2025;quarta-feira;17:00:00;RJ;101;472;ANGRA DOS REIS;Rea��o tardia ou ineficiente do condutor;Tombamento;Com V�timas Feridas;Pleno dia;Crescente;C�u Claro;Simples;Reta;N�o;1;0;1;0;0;0;1;1;-22,987948;-44,236243;SPRF-RJ;DEL03-RJ;UOP03-DEL03-RJ;;;
665365;05/03/2025;quarta-feira;17:45:00;PE;232;9;JABOATAO DOS GUARARAPES;Frear bruscamente;Colis�o lateral mesmo sentido;Com V�timas Feridas;Plena Noite;Crescente;C�u Claro;M�ltipla;Reta;Sim;3;0;2;0;1;0;2;2;-8,07933;-34,9839;SPRF-PE;DEL01-PE;UOP01-DEL01-PE;;;
665367;05/03/2025;quarta-feira;18:35:00;MG;251;449,2;GRAO MOGOL;Velocidade Incompat�vel;Colis�o frontal;Com V�timas Feridas;Plena Noite;Crescente;Chuva;Simples;"Aclive;Curva";N�o;2;0;2;0;0;0;2;2;-16,42676698;-43,28355789;SPRF-MG;DEL12-MG;UOP01-DEL12-MG;;;
665369;05/03/2025;quarta-feira;18:15:00;RS;290;34,9;SANTO ANTONIO DA PATRULHA;Rea��o tardia ou ineficiente do condutor;Colis�o com objeto;Com V�timas Feridas;Pleno dia;Crescente;C�u Claro;Dupla;Reta;N�o;6;0;4;0;2;0;4;1;-29,885278;-50,607222;SPRF-RS;DEL03-RS;UOP01-DEL03-RS;;;
665373;05/03/2025;quarta-feira;19:00:00;PB;230;151,2;CAMPINA GRANDE;Animais na Pista;Atropelamento de Animal;Com V�timas Feridas;Plena Noite;Crescente;C�u Claro;Simples;"Reta;Aclive";Sim;2;0;1;0;0;1;1;2;-7,261482;-35,879991;SPRF-PB;DEL02-PB;UOP01-DEL02-PB;;;
665374;05/03/2025;quarta-feira;18:55:00;MG;116;414,7;GOVERNADOR VALADARES;Acessar a via sem observar a presen�a dos outros ve�culos;Colis�o transversal;Com V�timas Feridas;Plena Noite;Crescente;C�u Claro;Simples;Interse��o de Vias;N�o;3;0;2;0;1;0;2;2;-18,88743737;-41,94594307;SPRF-MG;DEL06-MG;UOP01-DEL06-MG;;;
665375;05/03/2025;quarta-feira;19:05:00;PR;116;211;RIO NEGRO;Aus�ncia de rea��o do condutor;Colis�o transversal;Com V�timas Feridas;Plena Noite;Decrescente;C�u Claro;Simples;"Retorno Regulamentado;Interse��o de Vias";N�o;3;0;1;0;2;0;1;2;-26,10400497;-49,78094312;SPRF-SC;DEL06-SC;UOP01-DEL06-SC;;;
665376;05/03/2025;quarta-feira;15:40:00;PR;277;720;FOZ DO IGUACU;Avarias e/ou desgaste excessivo no pneu;Sa�da de leito carro��vel;Com V�timas Feridas;Pleno dia;Decrescente;C�u Claro;Dupla;Reta;Sim;2;0;2;0;0;0;2;1;-25,5096495;-54,5957471;SPRF-PR;DEL05-PR;UOP03-DEL05-PR;;;
665378;05/03/2025;quarta-feira;17:15:00;RJ;40;116;DUQUE DE CAXIAS;Avarias e/ou desgaste excessivo no pneu;Queda de ocupante de ve�culo;Com V�timas Feridas;Anoitecer;Decrescente;C�u Claro;M�ltipla;Reta;Sim;2;0;2;0;0;0;2;1;-22,73375472;-43,28840895;SPRF-RJ;DEL01-RJ;UOP02-DEL01-RJ;;;
665379;05/03/2025;quarta-feira;19:25:00;CE;222;1,6;FORTALEZA;Manobra de mudan�a de faixa;Colis�o lateral mesmo sentido;Com V�timas Feridas;Plena Noite;Crescente;Garoa/Chuvisco;Dupla;Reta;Sim;2;0;0;1;1;0;1;2;-3,7384033;-38,5832042;SPRF-CE;DEL01-CE;UOP01-DEL01-CE;;;
665380;05/03/2025;quarta-feira;19:20:00;MG;40;646;CRISTIANO OTONI;Condutor deixou de manter dist�ncia do ve�culo da frente;Tombamento;Com V�timas Feridas;Plena Noite;Crescente;C�u Claro;Simples;Reta;N�o;1;0;1;0;0;0;1;1;-20,7814781;-43,81170273;SPRF-MG;DEL05-MG;UOP02-DEL05-MG;;;
665381;05/03/2025;quarta-feira;12:40:00;RJ;101;205;CASIMIRO DE ABREU;Demais falhas mec�nicas ou el�tricas;Inc�ndio;Sem V�timas;Pleno dia;Crescente;C�u Claro;Dupla;Reta;Sim;1;0;0;0;1;0;0;1;-22,47571099;-42,19199538;SPRF-RJ;DEL08-RJ;UOP04-DEL08-RJ;;;