id;data_inversa;dia_semana;horario;uf;br;km;municipio;causa_acidente;tipo_acidente;classificacao_acidente;fase_dia;sentido_via;condicao_metereologica;tipo_pista;tracado_via;uso_solo;pessoas;mortos;feridos_leves;feridos_graves;ilesos;ignorados;feridos;veiculos;latitude;longitude;regional;delegacia;uop;;;
665610;06/03/2025;quinta-feira;18:30:00;RJ;40;115;DUQUE DE CAXIAS;Rea��o tardia ou ineficiente do condutor;Tombamento;Com V�timas Feridas;Plena Noite;Decrescente;C�u Claro;M�ltipla;Reta;N�o;1;0;1;0;0;0;1;1;-22,73864438;-43,28814691;SPRF-RJ;DEL01-RJ;UOP02-DEL01-RJ;;;
665611;06/03/2025;quinta-feira;20:30:00;MG;267;26;ARGIRITA;Ultrapassagem Indevida;Colis�o frontal;Com V�timas Feridas;Plena Noite;Crescente;C�u Claro;Simples;Reta;N�o;7;0;0;7;0;0;7;2;-21,61894874;-42,81525901;SPRF-MG;DEL07-MG;UOP01-DEL07-MG;;;
665612;06/03/2025;quinta-feira;14:30:00;RJ;101;472;ANGRA DOS REIS;Acessar a via sem observar a presen�a dos outros ve�culos;Colis�o transversal;Com V�timas Feridas;Pleno dia;Crescente;C�u Claro;Simples;Reta;N�o;2;0;0;1;1;0;1;2;-22,98906656;-44,23304057;SPRF-RJ;DEL03-RJ;UOP03-DEL03-RJ;;;
665614;06/03/2025;quinta-feira;19:20:00;PR;373;249;GUAMIRANGA;Velocidade Incompat�vel;Sa�da de leito carro��vel;Com V�timas Feridas;Plena Noite;Crescente;C�u Claro;Simples;Reta;N�o;2;0;2;0;0;0;2;1;-25,19057343;-50,83030701;SPRF-PR;DEL03-PR;UOP01-DEL03-PR;;;
665615;07/03/2025;sexta-feira;00:05:00;RS;158;322;SANTA MARIA;Desrespeitar a prefer�ncia no cruzamento;Colis�o transversal;Com V�timas Feridas;Plena Noite;Crescente;C�u Claro;Dupla;Rotat�ria;Sim;2;0;1;0;1;0;1;2;-29,69542923;-53,77583921;SPRF-RS;DEL09-RS;UOP01-DEL09-RS;;;
665616;07/03/2025;sexta-feira;00:00:00;MG;50;174,5;UBERABA;Rea��o tardia ou ineficiente do condutor;Tombamento;Com V�timas Feridas;Plena Noite;Crescente;Nublado;Simples;Reta;N�o;1;0;1;0;0;0;1;1;-19,77677855;-47,97244272;SPRF-MG;DEL13-MG;UOP01-DEL13-MG;;;
665617;06/03/2025;quinta-feira;18:30:00;RJ;40;104;DUQUE DE CAXIAS;Desrespeitar a prefer�ncia no cruzamento;Colis�o transversal;Com V�timas Feridas;Anoitecer;Decrescente;Nublado;Simples;Interse��o de Vias;Sim;3;0;2;0;0;1;2;2;-22,63231868;-43,28480244;SPRF-RJ;DEL01-RJ;UOP02-DEL01-RJ;;;
665618;07/03/2025;sexta-feira;00:00:00;PR;476;147;CURITIBA;Mal s�bito do condutor;Sa�da de leito carro��vel;Com V�timas Fatais;Plena Noite;Crescente;Nublado;Dupla;Reta;Sim;1;1;0;0;0;0;0;1;-25,55532989;-49,34150051;SPRF-PR;DEL01-PR;UOP06-DEL01-PR;;;
665619;06/03/2025;quinta-feira;22:30:00;SC;101;281,1;IMBITUBA;Avarias e/ou desgaste excessivo no pneu;Queda de ocupante de ve�culo;Com V�timas Feridas;Plena Noite;Crescente;Nublado;M�ltipla;Reta;Sim;2;0;0;2;0;0;2;1;-28,19580849;-48,6974144;SPRF-SC;DEL02-SC;UOP03-DEL02-SC;;;
665621;07/03/2025;sexta-feira;00:28:00;GO;70;319;JUSSARA;Aus�ncia de rea��o do condutor;Sa�da de leito carro��vel;Sem V�timas;Plena Noite;Crescente;C�u Claro;Dupla;"Retorno Regulamentado;Declive;Reta";Sim;1;0;0;0;0;1;0;1;-15,87824348;-50,88004589;SPRF-GO;DEL04-GO;UOP02-DEL04-GO;;;
665623;06/03/2025;quinta-feira;18:40:00;PA;10;322;SAO MIGUEL DO GUAMA;Transitar na contram�o;Colis�o frontal;Com V�timas Feridas;Plena Noite;Crescente;Garoa/Chuvisco;Simples;Reta;Sim;3;0;0;2;1;0;2;2;-1,61820078;-47,48000747;SPRF-PA;DEL01-PA;UOP02-DEL01-PA;;;
665625;07/03/2025;sexta-feira;04:00:00;TO;10;456;PALMAS;Aus�ncia de rea��o do condutor;Sa�da de leito carro��vel;Com V�timas Feridas;Amanhecer;Crescente;C�u Claro;M�ltipla;"Declive;Curva";N�o;1;0;1;0;0;0;1;1;-10,28029191;-48,29876304;SPRF-TO;DEL01-TO;UOP03-DEL01-TO;;;
665630;07/03/2025;sexta-feira;00:06:00;SC;470;320;CAMPOS NOVOS;Pedestre andava na pista;Atropelamento de Pedestre;Com V�timas Feridas;Plena Noite;Crescente;C�u Claro;Simples;"Reta;Declive";N�o;2;0;0;1;1;0;1;2;-27,41250438;-51,23215372;SPRF-SC;DEL07-SC;UOP06-DEL07-SC;;;
665634;07/03/2025;sexta-feira;05:10:00;SC;101;340;TUBARAO;Rea��o tardia ou ineficiente do condutor;Sa�da de leito carro��vel;Com V�timas Feridas;Plena Noite;Crescente;C�u Claro;M�ltipla;Reta;N�o;1;0;0;1;0;0;1;1;-28,52180974;-49,05514061;SPRF-SC;DEL02-SC;UOP01-DEL02-SC;;;
665635;07/03/2025;sexta-feira;03:30:00;MT;163;577,1;NOVA MUTUM;Rea��o tardia ou ineficiente do condutor;Sa�da de leito carro��vel;Com V�timas Feridas;Plena Noite;Crescente;C�u Claro;Dupla;"Reta;Declive";N�o;1;0;1;0;0;0;1;1;-14,00712932;-56,09858401;SPRF-MT;DEL01-MT;UOP01-DEL01-MT;;;
665636;07/03/2025;sexta-feira;06:09:00;ES;101;424;ATILIO VIVACQUA;Condutor Dormindo;Colis�o com objeto;Com V�timas Feridas;Amanhecer;Decrescente;C�u Claro;Simples;Reta;N�o;3;0;3;0;0;0;3;1;-21,0095633;-41,1452918;SPRF-ES;DEL03-ES;UOP02-DEL03-ES;;;
665638;07/03/2025;sexta-feira;06:50:00;PE;407;122,1;PETROLINA;Convers�o proibida;Colis�o transversal;Com V�timas Feridas;Pleno dia;Crescente;Sol;Dupla;Reta;Sim;4;0;2;0;2;0;2;2;-9,357691;-40,548198;SPRF-PE;DEL06-PE;UOP01-DEL06-PE;;;
665639;07/03/2025;sexta-feira;05:55:00;PB;101;122,8;CAAPORA;Rea��o tardia ou ineficiente do condutor;Sa�da de leito carro��vel;Com V�timas Feridas;Pleno dia;Crescente;Garoa/Chuvisco;Dupla;Declive;N�o;1;0;1;0;0;0;1;1;-7,457947;-34,980948;SPRF-PB;DEL01-PB;UOP01-DEL01-PB;;;
665640;06/03/2025;quinta-feira;21:41:00;MT;364;364,7;SANTO ANTONIO DO LEVERGER;Demais falhas mec�nicas ou el�tricas;Inc�ndio;Sem V�timas;Plena Noite;Crescente;Nublado;Dupla;Reta;N�o;1;0;0;0;1;0;0;1;-15,72161221;-55,67931892;SPRF-MT;DEL01-MT;UOP02-DEL01-MT;;;
665644;07/03/2025;sexta-feira;06:40:00;MG;40;524,4;CONTAGEM;Pedestre cruzava a pista fora da faixa;Engavetamento;Com V�timas Feridas;Pleno dia;Crescente;C�u Claro;Dupla;"Aclive;Reta";Sim;4;0;1;1;1;1;2;3;-19,877074;-44,0523882;SPRF-MG;DEL01-MG;UOP02-DEL01-MG;;;
665645;07/03/2025;sexta-feira;07:10:00;MG;365;621,9;UBERLANDIA;Manobra de mudan�a de faixa;Colis�o lateral mesmo sentido;Com V�timas Feridas;Pleno dia;Decrescente;C�u Claro;Dupla;Reta;Sim;3;0;2;0;1;0;2;2;-18,89989187;-48,27386141;SPRF-MG;DEL15-MG;UOP01-DEL15-MG;;;
665646;07/03/2025;sexta-feira;07:35:00;RS;470;209;BENTO GONCALVES;Acessar a via sem observar a presen�a dos outros ve�culos;Colis�o lateral mesmo sentido;Sem V�timas;Pleno dia;Decrescente;C�u Claro;Simples;Reta;Sim;2;0;0;0;2;0;0;2;-29,122964;-51,544067;SPRF-RS;DEL06-RS;UOP01-DEL06-RS;;;
665648;07/03/2025;sexta-feira;08:00:00;SC;101;200;SAO JOSE;Rea��o tardia ou ineficiente do condutor;Queda de ocupante de ve�culo;Com V�timas Feridas;Pleno dia;Crescente;Nublado;M�ltipla;Reta;Sim;1;0;1;0;0;0;1;1;-27,5430032;-48,62124503;SPRF-SC;DEL01-SC;UOP01-DEL01-SC;;;
665649;07/03/2025;sexta-feira;07:25:00;GO;60;171,8;GOIANIA;Rea��o tardia ou ineficiente do condutor;Capotamento;Com V�timas Feridas;Pleno dia;Crescente;C�u Claro;Dupla;Reta;N�o;1;0;1;0;0;0;1;1;-16,7381228;-49,2030851;SPRF-GO;DEL01-GO;UOP02-DEL01-GO;;;
665651;07/03/2025;sexta-feira;08:00:00;TO;153;334;GUARAI;Aus�ncia de rea��o do condutor;Colis�o traseira;Com V�timas Feridas;Pleno dia;Crescente;C�u Claro;Dupla;Reta;Sim;2;0;1;0;1;0;1;2;-8,85382237;-48,50916266;SPRF-TO;DEL02-TO;UOP02-DEL02-TO;;;
665652;07/03/2025;sexta-feira;08:05:00;MG;365;621;UBERLANDIA;Desvio tempor�rio;Colis�o traseira;Com V�timas Feridas;Amanhecer;Crescente;C�u Claro;Dupla;Curva;Sim;2;0;1;0;1;0;1;2;-18,89498534;-48,27148698;SPRF-MG;DEL15-MG;UOP01-DEL15-MG;;;
665653;07/03/2025;sexta-feira;07:35:00;DF;20;26;BRASILIA;Animais na Pista;Colis�o traseira;Com V�timas Feridas;Pleno dia;Decrescente;C�u Claro;Dupla;Reta;Sim;2;0;1;0;1;0;1;2;-15,658386;-47,791534;SPRF-DF;DEL02-DF;UOP01-DEL02-DF;;;
665654;07/03/2025;sexta-feira;08:00:00;RJ;116;128;MAGE;Rea��o tardia ou ineficiente do condutor;Colis�o com objeto;Sem V�timas;Pleno dia;Crescente;C�u Claro;Dupla;Reta;N�o;1;0;0;0;0;1;0;1;-22,66154167;-43,09352875;SPRF-RJ;DEL04-RJ;UOP02-DEL04-RJ;;;
665655;07/03/2025;sexta-feira;07:50:00;PB;230;16,6;JOAO PESSOA;Rea��o tardia ou ineficiente do condutor;Colis�o traseira;Com V�timas Feridas;Pleno dia;Decrescente;Nublado;Dupla;Reta;Sim;2;0;1;0;1;0;1;2;-7,112752;-34,842343;SPRF-PB;DEL01-PB;UOP01-DEL01-PB;;;
665657;04/03/2025;ter�a-feira;16:00:00;GO;414;437;ANAPOLIS;Ingest�o de �lcool pelo condutor;Colis�o com objeto;Com V�timas Feridas;Pleno dia;Crescente;C�u Claro;Simples;Curva;Sim;1;0;1;0;0;0;1;1;-16,25628131;-48,9367497;SPRF-GO;DEL02-GO;UOP01-DEL02-GO;;;
665660;07/03/2025;sexta-feira;08:35:00;RS;290;95,9;PORTO ALEGRE;Trafegar com motocicleta (ou similar) entre as faixas;Colis�o lateral mesmo sentido;Com V�timas Feridas;Pleno dia;Crescente;C�u Claro;M�ltipla;Reta;Sim;4;0;1;0;3;0;1;4;-29,98907165;-51,20385289;SPRF-RS;DEL01-RS;UOP01-DEL01-RS;;;
665662;07/03/2025;sexta-feira;08:15:00;SP;116;499;CAJATI;Rea��o tardia ou ineficiente do condutor;Sa�da de leito carro��vel;Com V�timas Feridas;Pleno dia;Crescente;Chuva;Simples;Curva;N�o;2;0;1;0;1;0;1;1;-24,784674;-48,181658;SPRF-SP;DEL05-SP;UOP02-DEL05-SP;;;
665665;07/03/2025;sexta-feira;08:25:00;RJ;465;0;SEROPEDICA;Retorno proibido;Colis�o transversal;Com V�timas Feridas;Pleno dia;Decrescente;C�u Claro;M�ltipla;Reta;Sim;2;0;1;0;1;0;1;2;-22,71611995;-43,72921991;SPRF-RJ;DEL06-RJ;UOP02-DEL06-RJ;;;
665666;07/03/2025;sexta-feira;09:00:00;SP;116;227;GUARULHOS;Condutor deixou de manter dist�ncia do ve�culo da frente;Colis�o traseira;Com V�timas Feridas;Pleno dia;Crescente;Sol;M�ltipla;Reta;Sim;2;0;1;0;1;0;1;2;-23,49505097;-46,55490875;SPRF-SP;DEL01-SP;UOP01-DEL01-SP;;;
665667;07/03/2025;sexta-feira;08:30:00;RJ;116;70;TERESOPOLIS;Acessar a via sem observar a presen�a dos outros ve�culos;Colis�o transversal;Com V�timas Feridas;Pleno dia;Decrescente;C�u Claro;Simples;Reta;Sim;2;0;1;0;1;0;1;2;-22,31594691;-42,93776751;SPRF-RJ;DEL04-RJ;UOP01-DEL04-RJ;;;
665669;07/03/2025;sexta-feira;08:03:00;PE;232;41;VITORIA DE SANTO ANTAO;Aus�ncia de rea��o do condutor;Sa�da de leito carro��vel;Com V�timas Feridas;Pleno dia;Crescente;C�u Claro;Dupla;Reta;N�o;1;0;0;1;0;0;1;1;-8,115061;-35,250778;SPRF-PE;DEL01-PE;UOP01-DEL01-PE;;;
665671;07/03/2025;sexta-feira;08:30:00;GO;153;520;HIDROLANDIA;Desrespeitar a prefer�ncia no cruzamento;Colis�o transversal;Com V�timas Feridas;Pleno dia;Crescente;C�u Claro;Dupla;Interse��o de Vias;Sim;2;0;1;0;1;0;1;2;-16,87851766;-49,25282121;SPRF-GO;DEL01-GO;UOP03-DEL01-GO;;;
665675;07/03/2025;sexta-feira;09:00:00;PB;230;14;CABEDELO;Rea��o tardia ou ineficiente do condutor;Colis�o lateral mesmo sentido;Com V�timas Feridas;Pleno dia;Crescente;C�u Claro;Dupla;Reta;Sim;2;0;1;0;1;0;1;2;-7,0907688;-34,84844685;SPRF-PB;DEL01-PB;UOP01-DEL01-PB;;;
665677;07/03/2025;sexta-feira;08:00:00;RJ;116;148;DUQUE DE CAXIAS;Rea��o tardia ou ineficiente do condutor;Colis�o traseira;Com V�timas Feridas;Pleno dia;Crescente;C�u Claro;M�ltipla;Reta;Sim;3;0;1;0;2;0;1;2;-22,671667;-43,284398;SPRF-RJ;DEL01-RJ;UOP02-DEL01-RJ;;;
665678;07/03/2025;sexta-feira;09:15:00;RS;116;267;CANOAS;Acessar a via sem observar a presen�a dos outros ve�culos;Colis�o lateral mesmo sentido;Com V�timas Feridas;Pleno dia;Decrescente;C�u Claro;M�ltipla;Reta;Sim;2;0;1;0;1;0;1;2;-29,94177102;-51,17671967;SPRF-RS;DEL01-RS;UOP01-DEL01-RS;;;
665679;07/03/2025;sexta-feira;06:30:00;MG;381;455;BELO HORIZONTE;Aus�ncia de rea��o do condutor;Colis�o traseira;Com V�timas Feridas;Pleno dia;Crescente;C�u Claro;Simples;Reta;Sim;2;0;1;0;1;0;1;2;-19,84025544;-43,875938;SPRF-MG;DEL01-MG;UOP01-DEL01-MG;;;
665680;07/03/2025;sexta-feira;08:09:00;PR;376;671;GUARATUBA;Chuva;Colis�o com objeto;Sem V�timas;Pleno dia;Crescente;Chuva;Dupla;Curva;N�o;2;0;0;0;2;0;0;1;-25,892198;-48,93234;SPRF-PR;DEL01-PR;UOP04-DEL01-PR;;;
665682;07/03/2025;sexta-feira;09:00:00;RS;158;308;ITAARA;Restri��o de visibilidade em curvas verticais;Colis�o transversal;Com V�timas Feridas;Pleno dia;Crescente;C�u Claro;Simples;Reta;Sim;2;0;2;0;0;0;2;2;-29,58149843;-53,76681089;SPRF-RS;DEL09-RS;UOP01-DEL09-RS;;;
665683;07/03/2025;sexta-feira;09:10:00;SP;116;100;PINDAMONHANGABA;Demais falhas mec�nicas ou el�tricas;Queda de ocupante de ve�culo;Com V�timas Feridas;Pleno dia;Crescente;Sol;Dupla;Reta;Sim;1;0;1;0;0;0;1;1;-22,986821;-45,473605;SPRF-SP;DEL08-SP;UOP01-DEL08-SP;;;
665684;20/02/2025;quinta-feira;07:15:00;GO;40;23;LUZIANIA;Acessar a via sem observar a presen�a dos outros ve�culos;Colis�o transversal;Com V�timas Feridas;Pleno dia;Crescente;C�u Claro;Dupla;Reta;Sim;4;0;2;1;1;0;3;2;-16,236391;-47,912182;SPRF-DF;DEL01-DF;UOP01-DEL01-DF;;;
665685;07/03/2025;sexta-feira;09:45:00;BA;324;1,5;FEIRA DE SANTANA;Demais falhas mec�nicas ou el�tricas;Queda de ocupante de ve�culo;Com V�timas Feridas;Pleno dia;Crescente;C�u Claro;Dupla;Reta;N�o;2;0;2;0;0;0;2;1;-12,28202119;-38,94520397;SPRF-BA;DEL02-BA;UOP01-DEL02-BA;;;
665686;07/03/2025;sexta-feira;08:29:00;RS;116;529;CAPAO DO LEAO;Rea��o tardia ou ineficiente do condutor;Colis�o traseira;Com V�timas Feridas;Pleno dia;Decrescente;C�u Claro;Dupla;Rotat�ria;Sim;1;0;1;0;0;0;1;1;-31,75692653;-52,43481946;SPRF-RS;DEL07-RS;UOP01-DEL07-RS;;;
665688;07/03/2025;sexta-feira;08:30:00;RJ;40;77;PETROPOLIS;Chuva;Capotamento;Com V�timas Feridas;Pleno dia;Crescente;Chuva;Dupla;Curva;N�o;1;0;1;0;0;0;1;1;-22,5351799;-43,2134389;SPRF-RJ;DEL01-RJ;UOP01-DEL01-RJ;;;
665689;06/03/2025;quinta-feira;19:30:00;PA;10;114;PARAGOMINAS;Animais na Pista;Atropelamento de Animal;Com V�timas Feridas;Anoitecer;Crescente;Garoa/Chuvisco;Simples;"Reta;Ponte";N�o;3;0;2;1;0;0;3;1;-3,449505;-47,462659;SPRF-PA;DEL02-PA;UOP01-DEL02-PA;;;
665691;07/03/2025;sexta-feira;09:40:00;BA;418;87,5;NOVA VICOSA;Acessar a via sem observar a presen�a dos outros ve�culos;Colis�o transversal;Com V�timas Feridas;Pleno dia;Crescente;C�u Claro;Simples;Reta;Sim;4;0;1;2;1;0;3;3;-17,884667;-39,844653;SPRF-BA;DEL09-BA;UOP02-DEL09-BA;;;
665692;07/03/2025;sexta-feira;08:45:00;BA;407;1,8;JUAZEIRO;Aus�ncia de rea��o do condutor;Colis�o traseira;Com V�timas Feridas;Pleno dia;Decrescente;C�u Claro;Simples;Reta;Sim;3;0;1;0;0;2;1;2;-9,42344937;-40,50653815;SPRF-PE;DEL06-PE;UOP01-DEL06-PE;;;
665693;07/03/2025;sexta-feira;06:00:00;PE;316;304;FLORESTA;Condutor deixou de manter dist�ncia do ve�culo da frente;Colis�o traseira;Com V�timas Feridas;Pleno dia;Decrescente;C�u Claro;Simples;Reta;N�o;3;0;0;1;2;0;1;2;-8,6006072;-38,5585312;SPRF-PE;DEL04-PE;UOP03-DEL04-PE;;;
665694;07/03/2025;sexta-feira;10:20:00;MG;381;482;BETIM;Demais falhas mec�nicas ou el�tricas;Tombamento;Com V�timas Feridas;Pleno dia;Crescente;C�u Claro;M�ltipla;Reta;Sim;1;0;0;1;0;0;1;1;-19,9589001;-44,0703136;SPRF-MG;DEL01-MG;UOP03-DEL01-MG;;;
665695;19/02/2025;quarta-feira;18:50:00;MG;381;485;BETIM;Aus�ncia de rea��o do condutor;Colis�o lateral mesmo sentido;Com V�timas Feridas;Anoitecer;Crescente;C�u Claro;M�ltipla;Reta;N�o;2;0;0;1;1;0;1;2;-19,95692326;-44,09399612;SPRF-MG;DEL01-MG;UOP03-DEL01-MG;;;
665696;07/03/2025;sexta-feira;09:31:00;SP;381;7;VARGEM;Rea��o tardia ou ineficiente do condutor;Colis�o traseira;Sem V�timas;Pleno dia;Crescente;C�u Claro;Dupla;"Aclive;Reta";N�o;4;0;0;0;4;0;0;2;-22,90615211;-46,42309796;SPRF-SP;DEL03-SP;UOP02-DEL03-SP;;;
665697;07/03/2025;sexta-feira;09:40:00;MG;153;176,3;COMENDADOR GOMES;Demais falhas mec�nicas ou el�tricas;Tombamento;Com V�timas Feridas;Pleno dia;Decrescente;C�u Claro;Simples;Reta;N�o;2;0;1;1;0;0;2;1;-19,765263;-48,965548;SPRF-MG;DEL13-MG;UOP02-DEL13-MG;;;
665698;07/03/2025;sexta-feira;10:30:00;MG;365;3,1;MONTES CLAROS;Demais falhas mec�nicas ou el�tricas;Inc�ndio;Sem V�timas;Pleno dia;Crescente;C�u Claro;Simples;Reta;N�o;1;0;0;0;1;0;0;1;-16,6536926;-43,7179563;SPRF-MG;DEL12-MG;UOP01-DEL12-MG;;;
665699;07/03/2025;sexta-feira;10:15:00;SC;101;152;ITAPEMA;Acessar a via sem observar a presen�a dos outros ve�culos;Colis�o transversal;Com V�timas Feridas;Pleno dia;Crescente;Garoa/Chuvisco;Simples;Reta;Sim;2;0;1;0;1;0;1;2;-27,09849656;-48,61904025;SPRF-SC;DEL04-SC;UOP03-DEL04-SC;;;
665700;20/02/2025;quinta-feira;08:35:00;CE;116;7;FORTALEZA;Demais falhas mec�nicas ou el�tricas;Colis�o traseira;Com V�timas Feridas;Pleno dia;Decrescente;Chuva;Dupla;Reta;N�o;5;0;2;0;3;0;2;4;-3,81073099;-38,50074867;SPRF-CE;DEL01-CE;UOP02-DEL01-CE;;;
665702;07/03/2025;sexta-feira;08:00:00;PR;116;100;SAO JOSE DOS PINHAIS;Rea��o tardia ou ineficiente do condutor;Colis�o lateral mesmo sentido;Com V�timas Feridas;Pleno dia;Decrescente;C�u Claro;Simples;Reta;Sim;2;0;1;0;1;0;1;2;-25,56381359;-49,153862;SPRF-PR;DEL01-PR;UOP07-DEL01-PR;;;
665703;19/02/2025;quarta-feira;17:45:00;DF;70;15;BRASILIA;Manobra de mudan�a de faixa;Tombamento;Sem V�timas;Pleno dia;Crescente;C�u Claro;Dupla;Reta;Sim;2;0;0;0;2;0;0;2;-15,79833446;-48,17950007;SPRF-DF;DEL03-DF;UOP02-DEL03-DF;;;
665704;01/03/2025;s�bado;21:40:00;PB;230;163,8;CAMPINA GRANDE;Ingest�o de �lcool pelo condutor;Tombamento;Com V�timas Feridas;Plena Noite;Crescente;Nublado;Simples;"Em Obras;Reta;Aclive";N�o;1;0;1;0;0;0;1;1;-7,219318;-35,944345;SPRF-PB;DEL02-PB;UOP01-DEL02-PB;;;
665705;07/03/2025;sexta-feira;10:00:00;MT;364;250;JUSCIMEIRA;Rea��o tardia ou ineficiente do condutor;Colis�o traseira;Com V�timas Feridas;Pleno dia;Decrescente;C�u Claro;Dupla;Reta;Sim;5;0;1;1;3;0;2;2;-16,11870506;-54,85583603;SPRF-MT;DEL02-MT;UOP01-DEL02-MT;;;
665706;07/03/2025;sexta-feira;10:55:00;SE;101;149,3;ESTANCIA;Retorno proibido;Colis�o transversal;Com V�timas Feridas;Pleno dia;Decrescente;Sol;Simples;"Reta;Declive";N�o;2;0;1;0;1;0;1;2;-11,24396701;-37,43290901;SPRF-SE;DEL02-SE;UOP01-DEL02-SE;;;
665707;07/03/2025;sexta-feira;11:35:00;GO;153;616,2;MORRINHOS;Aus�ncia de rea��o do condutor;Sa�da de leito carro��vel;Com V�timas Fatais;Pleno dia;Crescente;C�u Claro;Dupla;Reta;N�o;1;1;0;0;0;0;0;1;-17,67262483;-49,16385162;SPRF-GO;DEL03-GO;UOP01-DEL03-GO;;;
665710;07/03/2025;sexta-feira;10:00:00;AL;101;131;SAO MIGUEL DOS CAMPOS;Condutor deixou de manter dist�ncia do ve�culo da frente;Colis�o traseira;Com V�timas Feridas;Pleno dia;Decrescente;Nublado;Simples;"Aclive;Curva";N�o;3;0;1;0;2;0;1;2;-9,76917048;-36,07605089;SPRF-AL;DEL02-AL;UOP01-DEL02-AL;;;
665711;07/03/2025;sexta-feira;11:45:00;RS;153;47,7;ERECHIM;Acessar a via sem observar a presen�a dos outros ve�culos;Colis�o transversal;Com V�timas Feridas;Pleno dia;Decrescente;C�u Claro;Simples;"Reta;Declive";Sim;2;0;1;0;0;1;1;2;-27,64575637;-52,25052595;SPRF-RS;DEL08-RS;UOP04-DEL08-RS;;;
665712;07/03/2025;sexta-feira;10:40:00;SP;381;86;ATIBAIA;Transitar na contram�o;Colis�o frontal;Com V�timas Feridas;Pleno dia;Decrescente;C�u Claro;Simples;Curva;Sim;2;0;1;0;1;0;1;2;-23,1964672;-46,5829888;SPRF-SP;DEL03-SP;UOP01-DEL03-SP;;;
665713;20/02/2025;quinta-feira;21:00:00;SC;101;326,7;CAPIVARI DE BAIXO;Rea��o tardia ou ineficiente do condutor;Tombamento;Com V�timas Feridas;Plena Noite;Decrescente;Ignorado;M�ltipla;"Reta;Aclive";N�o;1;0;1;0;0;0;1;1;-28,43659773;-48,95983988;SPRF-SC;DEL02-SC;UOP01-DEL02-SC;;;
665714;07/03/2025;sexta-feira;12:20:00;MG;116;715,7;MURIAE;Velocidade Incompat�vel;Sa�da de leito carro��vel;Com V�timas Feridas;Pleno dia;Crescente;Chuva;Simples;Curva;N�o;1;0;1;0;0;0;1;1;-21,213;-42,39;SPRF-MG;DEL07-MG;UOP02-DEL07-MG;;;
665715;07/03/2025;sexta-feira;11:30:00;RJ;101;310;SAO GONCALO;Aus�ncia de rea��o do condutor;Colis�o traseira;Com V�timas Feridas;Pleno dia;Crescente;C�u Claro;Dupla;Reta;Sim;2;0;1;0;1;0;1;2;-22,79767014;-43,04904938;SPRF-RJ;DEL02-RJ;UOP02-DEL02-RJ;;;
665716;07/03/2025;sexta-feira;11:05:00;RJ;101;0,5;NITEROI;Rea��o tardia ou ineficiente do condutor;Colis�o com objeto;Com V�timas Feridas;Pleno dia;Decrescente;C�u Claro;Simples;"Curva;Viaduto";N�o;1;0;1;0;0;0;1;1;-22,88373607;-43,11577667;SPRF-RJ;DEL02-RJ;UOP01-DEL02-RJ;;;
665717;07/03/2025;sexta-feira;11:30:00;PR;476;1;ADRIANOPOLIS;Ultrapassagem Indevida;Colis�o lateral mesmo sentido;Com V�timas Feridas;Pleno dia;Crescente;C�u Claro;Simples;Reta;N�o;2;0;1;0;1;0;1;2;-24,65645322;-48,99737038;SPRF-PR;DEL01-PR;UOP01-DEL01-PR;;;
665718;07/03/2025;sexta-feira;12:30:00;SC;101;212,9;PALHOCA;Manobra de mudan�a de faixa;Colis�o lateral mesmo sentido;Com V�timas Feridas;Pleno dia;Crescente;C�u Claro;M�ltipla;"Interse��o de Vias;Reta";Sim;2;0;1;0;1;0;1;2;-27,63621;-48,66423;SPRF-SC;DEL01-SC;UOP02-DEL01-SC;;;
665719;07/03/2025;sexta-feira;11:32:00;PA;230;115;MARABA;Manobra de mudan�a de faixa;Colis�o lateral mesmo sentido;Com V�timas Fatais;Pleno dia;Decrescente;C�u Claro;Dupla;Reta;Sim;4;1;1;0;2;0;1;3;-5,36074721;-49,0809614;SPRF-PA;DEL03-PA;UOP01-DEL03-PA;;;
665720;07/03/2025;sexta-feira;12:15:00;MG;40;707,8;BARBACENA;Avarias e/ou desgaste excessivo no pneu;Colis�o com objeto;Com V�timas Feridas;Pleno dia;Decrescente;Chuva;Dupla;Curva;N�o;2;0;1;0;1;0;1;1;-21,23752;-43,70566;SPRF-MG;DEL05-MG;UOP02-DEL05-MG;;;
665722;07/03/2025;sexta-feira;12:20:00;RS;285;111;VACARIA;Rea��o tardia ou ineficiente do condutor;Sa�da de leito carro��vel;Sem V�timas;Pleno dia;Crescente;C�u Claro;Simples;"Declive;Curva";N�o;1;0;0;0;1;0;0;1;-28,5109597;-50,8498523;SPRF-RS;DEL05-RS;UOP03-DEL05-RS;;;
665723;07/03/2025;sexta-feira;13:05:00;SC;101;196,6;BIGUACU;Rea��o tardia ou ineficiente do condutor;Colis�o com objeto;Sem V�timas;Pleno dia;Decrescente;C�u Claro;M�ltipla;"Declive;Curva";Sim;1;0;0;0;1;0;0;1;-27,51392192;-48,64014387;SPRF-SC;DEL01-SC;UOP01-DEL01-SC;;;
665724;07/03/2025;sexta-feira;10:00:00;ES;101;66;SAO MATEUS;Acessar a via sem observar a presen�a dos outros ve�culos;Colis�o lateral mesmo sentido;Com V�timas Feridas;Pleno dia;Crescente;C�u Claro;Dupla;Reta;Sim;2;0;1;0;1;0;1;2;-18,7153374;-39,87708807;SPRF-ES;DEL04-ES;UOP02-DEL04-ES;;;