id;data_inversa;dia_semana;horario;uf;br;km;municipio;causa_acidente;tipo_acidente;classificacao_acidente;fase_dia;sentido_via;condicao_metereologica;tipo_pista;tracado_via;uso_solo;pessoas;mortos;feridos_leves;feridos_graves;ilesos;ignorados;feridos;veiculos;latitude;longitude;regional;delegacia;uop;;;
666100;09/03/2025;domingo;07:15:00;SC;101;266,1;PAULO LOPES;Condutor deixou de manter dist�ncia do ve�culo da frente;Colis�o traseira;Com V�timas Feridas;Pleno dia;Crescente;C�u Claro;Dupla;Reta;N�o;3;0;2;0;1;0;2;2;-28,0771183;-48,7125309;SPRF-SC;DEL02-SC;UOP03-DEL02-SC;;;
666101;09/03/2025;domingo;07:45:00;RJ;356;26;ITAPERUNA;Acessar a via sem observar a presen�a dos outros ve�culos;Colis�o transversal;Com V�timas Feridas;Pleno dia;Crescente;Sol;Simples;Interse��o de Vias;N�o;6;0;5;0;1;0;5;2;-21,17932974;-41,95386887;SPRF-RJ;DEL08-RJ;UOP03-DEL08-RJ;;;
666103;09/03/2025;domingo;07:00:00;RS;290;352,6;SAO SEPE;Aus�ncia de rea��o do condutor;Sa�da de leito carro��vel;Com V�timas Feridas;Pleno dia;Decrescente;Chuva;Simples;Reta;N�o;2;0;1;0;1;0;1;1;-30,374925;-53,705734;SPRF-RS;DEL09-RS;UOP02-DEL09-RS;;;
666105;09/03/2025;domingo;07:40:00;MS;262;318,5;CAMPO GRANDE;Rea��o tardia ou ineficiente do condutor;Colis�o traseira;Com V�timas Feridas;Pleno dia;Decrescente;C�u Claro;Simples;Reta;Sim;6;0;1;0;5;0;1;2;-20,47625;-54,463093;SPRF-MS;DEL01-MS;UOP01-DEL01-MS;;;
666106;09/03/2025;domingo;07:50:00;PI;343;209;CAPITAO DE CAMPOS;Aus�ncia de rea��o do condutor;Derramamento de carga;Com V�timas Feridas;Pleno dia;Crescente;C�u Claro;Simples;Reta;N�o;4;0;2;0;2;0;2;1;-4,44225904;-41,91696167;SPRF-PI;DEL02-PI;UOP01-DEL02-PI;;;
666108;09/03/2025;domingo;07:40:00;MG;262;56,1;MANHUACU;Acessar a via sem observar a presen�a dos outros ve�culos;Colis�o transversal;Com V�timas Feridas;Pleno dia;Decrescente;C�u Claro;Simples;"Declive;Reta";N�o;2;0;1;0;1;0;1;2;-20,2662667;-42,182119;SPRF-MG;DEL06-MG;UOP03-DEL06-MG;;;
666112;15/01/2025;quarta-feira;17:30:00;BA;110;47;JEREMOABO;Acumulo de �gua sobre o pavimento;Sa�da de leito carro��vel;Com V�timas Feridas;Anoitecer;Crescente;Chuva;Simples;"Declive;Reta";N�o;1;0;1;0;0;0;1;1;-9,86821804;-38,26834278;SPRF-BA;DEL07-BA;UOP01-DEL07-BA;;;
666114;09/03/2025;domingo;08:20:00;RS;287;402,5;SANTIAGO;Desrespeitar a prefer�ncia no cruzamento;Colis�o transversal;Com V�timas Feridas;Pleno dia;Decrescente;Chuva;Simples;Interse��o de Vias;N�o;2;0;1;0;1;0;1;2;-29,14835111;-54,88697197;SPRF-RS;DEL12-RS;UOP02-DEL12-RS;;;
666115;09/03/2025;domingo;10:20:00;RS;290;86;PORTO ALEGRE;Acumulo de �gua sobre o pavimento;Capotamento;Com V�timas Feridas;Pleno dia;Decrescente;Chuva;M�ltipla;Reta;N�o;2;0;2;0;0;0;2;1;-29,96812554;-51,12070149;SPRF-RS;DEL01-RS;UOP01-DEL01-RS;;;
666116;05/03/2025;quarta-feira;19:00:00;SC;282;595,6;CUNHA PORA;Ingest�o de �lcool pelo condutor;Sa�da de leito carro��vel;Sem V�timas;Plena Noite;Crescente;Chuva;Simples;Curva;N�o;2;0;0;0;1;1;0;2;-26,81313452;-53,1666968;SPRF-SC;DEL07-SC;UOP02-DEL07-SC;;;
666117;09/03/2025;domingo;07:30:00;SC;470;5,6;NAVEGANTES;Rea��o tardia ou ineficiente do condutor;Sa�da de leito carro��vel;Com V�timas Fatais;Pleno dia;Crescente;C�u Claro;Dupla;Reta;Sim;2;1;0;1;0;0;1;1;-26,85389;-48,70584;SPRF-SC;DEL04-SC;UOP04-DEL04-SC;;;
666118;09/03/2025;domingo;10:05:00;SC;101;40,4;JOINVILLE;Velocidade Incompat�vel;Engavetamento;Sem V�timas;Pleno dia;Decrescente;C�u Claro;Dupla;Reta;Sim;3;0;0;0;3;0;0;3;-26,3215226;-48,8701777;SPRF-SC;DEL03-SC;UOP01-DEL03-SC;;;
666119;09/03/2025;domingo;09:30:00;SC;282;129,6;BOM RETIRO;Aus�ncia de rea��o do condutor;Sa�da de leito carro��vel;Com V�timas Feridas;Pleno dia;Crescente;C�u Claro;Simples;Reta;N�o;3;0;1;0;2;0;1;1;-27,80770199;-49,53303164;SPRF-SC;DEL05-SC;UOP01-DEL05-SC;;;
666120;09/03/2025;domingo;10:00:00;PR;153;44,5;SANTO ANTONIO DA PLATINA;Ingest�o de �lcool pelo condutor;Colis�o lateral sentido oposto;Com V�timas Feridas;Pleno dia;Crescente;C�u Claro;Simples;Reta;N�o;2;0;1;0;1;0;1;2;-23,31715011;-50,06888822;SPRF-PR;DEL07-PR;UOP04-DEL07-PR;;;
666121;09/03/2025;domingo;09:30:00;GO;414;387,8;CORUMBA DE GOIAS;Velocidade Incompat�vel;Sa�da de leito carro��vel;Com V�timas Feridas;Pleno dia;Crescente;C�u Claro;Simples;Curva;N�o;1;0;1;0;0;0;1;1;-15,873382;-48,784583;SPRF-GO;DEL02-GO;UOP01-DEL02-GO;;;
666123;09/03/2025;domingo;10:40:00;RS;290;235,5;RIO PARDO;Problema com o freio;Inc�ndio;Sem V�timas;Pleno dia;Decrescente;Chuva;Simples;Reta;N�o;1;0;0;0;1;0;0;1;-30,2150062;-52,56528854;SPRF-RS;DEL02-RS;UOP03-DEL02-RS;;;
666128;09/03/2025;domingo;10:45:00;ES;101;288,2;CARIACICA;Rea��o tardia ou ineficiente do condutor;Tombamento;Com V�timas Feridas;Pleno dia;Decrescente;C�u Claro;Dupla;Reta;Sim;2;0;2;0;0;0;2;1;-20,27436921;-40,39206851;SPRF-ES;DEL01-ES;UOP01-DEL01-ES;;;
666129;09/03/2025;domingo;10:25:00;RS;116;165;CAXIAS DO SUL;Acumulo de �leo sobre o pavimento;Colis�o com objeto;Com V�timas Feridas;Pleno dia;Crescente;Garoa/Chuvisco;Simples;"Declive;Curva";N�o;1;0;1;0;0;0;1;1;-29,2367599;-51,1573961;SPRF-RS;DEL05-RS;UOP02-DEL05-RS;;;
666130;09/03/2025;domingo;10:30:00;RJ;40;116;DUQUE DE CAXIAS;Demais falhas mec�nicas ou el�tricas;Tombamento;Com V�timas Feridas;Pleno dia;Decrescente;C�u Claro;M�ltipla;Reta;N�o;2;0;1;0;1;0;1;1;-22,73913991;-43,28887939;SPRF-RJ;DEL01-RJ;UOP02-DEL01-RJ;;;
666131;09/03/2025;domingo;10:00:00;MS;163;485;CAMPO GRANDE;Condutor deixou de manter dist�ncia do ve�culo da frente;Colis�o traseira;Com V�timas Feridas;Pleno dia;Crescente;C�u Claro;Simples;"Aclive;Reta";N�o;5;0;1;0;3;1;1;3;-20,43728;-54,543021;SPRF-MS;DEL01-MS;UOP02-DEL01-MS;;;
666132;09/03/2025;domingo;11:20:00;RJ;40;105;DUQUE DE CAXIAS;Acessar a via sem observar a presen�a dos outros ve�culos;Colis�o transversal;Com V�timas Feridas;Pleno dia;Decrescente;Sol;M�ltipla;Reta;Sim;2;0;1;0;1;0;1;2;-22,64447209;-43,28391194;SPRF-RJ;DEL01-RJ;UOP02-DEL01-RJ;;;
666133;09/03/2025;domingo;11:40:00;MG;356;273,7;MURIAE;Aus�ncia de rea��o do condutor;Sa�da de leito carro��vel;Com V�timas Feridas;Pleno dia;Decrescente;C�u Claro;Simples;Reta;N�o;5;0;2;0;3;0;2;1;-21,13778294;-42,31145427;SPRF-MG;DEL07-MG;UOP02-DEL07-MG;;;
666134;17/02/2025;segunda-feira;19:00:00;SP;381;90;GUARULHOS;Acessar a via sem observar a presen�a dos outros ve�culos;Colis�o lateral mesmo sentido;Com V�timas Feridas;Plena Noite;Decrescente;C�u Claro;Simples;"Reta;Interse��o de Vias";Sim;1;0;1;0;0;0;1;1;-23,49876727;-46,55932015;SPRF-SP;DEL03-SP;UOP01-DEL03-SP;;;
666137;09/03/2025;domingo;11:30:00;MG;381;764,8;CAMPANHA;Aus�ncia de rea��o do condutor;Tombamento;Com V�timas Feridas;Pleno dia;Decrescente;C�u Claro;Dupla;Reta;N�o;1;0;1;0;0;0;1;1;-21,731725;-45,38278;SPRF-MG;DEL16-MG;UOP02-DEL16-MG;;;
666138;09/03/2025;domingo;13:10:00;BA;116;815,5;VITORIA DA CONQUISTA;Transitar no Acostamento;Atropelamento de Pedestre;Com V�timas Feridas;Pleno dia;Crescente;C�u Claro;Simples;Reta;Sim;3;0;2;1;0;0;3;2;-14,8124524;-40,7974735;SPRF-BA;DEL08-BA;UOP01-DEL08-BA;;;
666140;09/03/2025;domingo;09:15:00;RJ;101;320;NITEROI;Acessar a via sem observar a presen�a dos outros ve�culos;Colis�o transversal;Com V�timas Feridas;Pleno dia;Decrescente;Sol;Simples;Reta;Sim;3;0;2;0;1;0;2;2;-22,86775293;-43,11035156;SPRF-RJ;DEL02-RJ;UOP01-DEL02-RJ;;;
666141;09/03/2025;domingo;13:40:00;SC;470;138,7;RIO DO SUL;Transitar na contram�o;Colis�o frontal;Com V�timas Feridas;Pleno dia;Crescente;Sol;Simples;Reta;Sim;2;0;0;1;1;0;1;2;-27,19767078;-49,6283083;SPRF-SC;DEL04-SC;UOP02-DEL04-SC;;;
666142;09/03/2025;domingo;13:30:00;SP;116;283;EMBU DAS ARTES;Aus�ncia de rea��o do condutor;Colis�o lateral mesmo sentido;Sem V�timas;Pleno dia;Decrescente;C�u Claro;Dupla;Reta;Sim;2;0;0;0;2;0;0;2;-23,6721154;-46,85607791;SPRF-SP;DEL04-SP;UOP01-DEL04-SP;;;
666145;09/03/2025;domingo;13:30:00;RN;110;43;MOSSORO;Acessar a via sem observar a presen�a dos outros ve�culos;Colis�o lateral mesmo sentido;Com V�timas Feridas;Pleno dia;Decrescente;Chuva;Simples;Reta;Sim;2;0;1;0;1;0;1;2;-5,302762;-37,280897;SPRF-RN;DEL04-RN;UOP01-DEL04-RN;;;
666146;09/03/2025;domingo;14:00:00;RS;448;0;SAPUCAIA DO SUL;Rea��o tardia ou ineficiente do condutor;Sa�da de leito carro��vel;Com V�timas Feridas;Pleno dia;Decrescente;Chuva;Dupla;Reta;N�o;2;0;1;0;1;0;1;1;-29,82730575;-51,1727449;SPRF-RS;DEL01-RS;UOP02-DEL01-RS;;;
666147;09/03/2025;domingo;11:00:00;MG;40;688,9;ALFREDO VASCONCELOS;Rea��o tardia ou ineficiente do condutor;Colis�o transversal;Com V�timas Feridas;Pleno dia;Crescente;C�u Claro;Simples;Reta;N�o;4;0;3;0;1;0;3;2;-21,1123759;-43,7608042;SPRF-MG;DEL05-MG;UOP02-DEL05-MG;;;
666148;09/03/2025;domingo;11:40:00;MG;40;513;RIBEIRAO DAS NEVES;Manobra de mudan�a de faixa;Colis�o lateral mesmo sentido;Sem V�timas;Pleno dia;Decrescente;C�u Claro;Dupla;Curva;N�o;2;0;0;0;1;1;0;2;-19,79674288;-44,10865718;SPRF-MG;DEL01-MG;UOP02-DEL01-MG;;;
666149;09/03/2025;domingo;12:30:00;RS;158;166,9;PEJUCARA;Acumulo de �gua sobre o pavimento;Sa�da de leito carro��vel;Sem V�timas;Pleno dia;Decrescente;Chuva;Simples;Curva;N�o;1;0;0;0;1;0;0;1;-28,40890622;-53,54239583;SPRF-RS;DEL10-RS;UOP02-DEL10-RS;;;
666151;09/03/2025;domingo;13:15:00;RS;116;52,3;VACARIA;Acumulo de �gua sobre o pavimento;Tombamento;Com V�timas Feridas;Pleno dia;Crescente;Chuva;Simples;"Declive;Curva";N�o;2;0;2;0;0;0;2;1;-28,583862;-51,027513;SPRF-RS;DEL05-RS;UOP03-DEL05-RS;;;
666152;09/03/2025;domingo;15:08:00;SP;116;99;PINDAMONHANGABA;Rea��o tardia ou ineficiente do condutor;Colis�o traseira;Com V�timas Feridas;Pleno dia;Crescente;C�u Claro;Dupla;Reta;Sim;3;0;1;0;2;0;1;2;-22,985301;-45,47052336;SPRF-SP;DEL08-SP;UOP01-DEL08-SP;;;
666154;09/03/2025;domingo;14:00:00;MG;116;177,2;PADRE PARAISO;Convers�o proibida;Colis�o traseira;Com V�timas Feridas;Pleno dia;Decrescente;Sol;Simples;Reta;Sim;5;0;0;1;4;0;1;2;-17,067016;-41,476752;SPRF-MG;DEL11-MG;UOP02-DEL11-MG;;;
666158;09/03/2025;domingo;15:45:00;SC;101;107,9;PENHA;Ingest�o de �lcool pelo condutor;Colis�o traseira;Sem V�timas;Pleno dia;Crescente;C�u Claro;Dupla;Reta;N�o;5;0;0;0;5;0;0;2;-26,82035076;-48,68405342;SPRF-SC;DEL03-SC;UOP02-DEL03-SC;;;
666161;09/03/2025;domingo;09:00:00;ES;262;80;DOMINGOS MARTINS;Rea��o tardia ou ineficiente do condutor;Tombamento;Com V�timas Feridas;Pleno dia;Decrescente;C�u Claro;Simples;"Declive;Reta";N�o;1;0;1;0;0;0;1;1;-20,409002;-40,935514;SPRF-ES;DEL01-ES;UOP02-DEL01-ES;;;
666163;09/03/2025;domingo;16:00:00;SC;101;38;JOINVILLE;Mal s�bito do condutor;Sa�da de leito carro��vel;Com V�timas Feridas;Pleno dia;Decrescente;Nublado;Simples;Reta;Sim;2;0;1;0;1;0;1;1;-26,2987192;-48,8833862;SPRF-SC;DEL03-SC;UOP01-DEL03-SC;;;
666165;09/03/2025;domingo;14:45:00;ES;101;270;SERRA;Desrespeitar a prefer�ncia no cruzamento;Colis�o transversal;Com V�timas Feridas;Pleno dia;Decrescente;C�u Claro;Dupla;Interse��o de Vias;Sim;2;0;0;1;1;0;1;2;-20,22207531;-40,27021162;SPRF-ES;DEL02-ES;UOP01-DEL02-ES;;;
666166;09/03/2025;domingo;16:30:00;SP;116;108;TAUBATE;Rea��o tardia ou ineficiente do condutor;Colis�o traseira;Com V�timas Feridas;Pleno dia;Crescente;C�u Claro;Dupla;Reta;Sim;3;0;1;1;1;0;2;2;-23,0187889;-45,53117394;SPRF-SP;DEL02-SP;UOP02-DEL02-SP;;;
666169;09/03/2025;domingo;16:20:00;RS;285;230,2;CASEIROS;Chuva;Sa�da de leito carro��vel;Com V�timas Feridas;Pleno dia;Crescente;Chuva;Simples;Reta;N�o;5;0;0;2;3;0;2;1;-28,246517;-51,78800583;SPRF-RS;DEL08-RS;UOP05-DEL08-RS;;;
666170;09/03/2025;domingo;16:30:00;SC;101;223;PALHOCA;Trafegar com motocicleta (ou similar) entre as faixas;Colis�o traseira;Com V�timas Feridas;Pleno dia;Decrescente;C�u Claro;Dupla;Reta;N�o;4;0;2;0;1;1;2;3;-27,72122887;-48,64518274;SPRF-SC;DEL01-SC;UOP02-DEL01-SC;;;
666173;09/03/2025;domingo;16:18:00;MG;116;704,1;MURIAE;Acessar a via sem observar a presen�a dos outros ve�culos;Colis�o transversal;Com V�timas Feridas;Pleno dia;Crescente;Sol;Simples;"Interse��o de Vias;Curva";Sim;3;0;0;1;1;1;1;3;-21,06912762;-42,3852256;SPRF-MG;DEL07-MG;UOP02-DEL07-MG;;;
666174;09/03/2025;domingo;15:10:00;MS;163;575,3;BANDEIRANTES;Acessar a via sem observar a presen�a dos outros ve�culos;Colis�o transversal;Com V�timas Feridas;Pleno dia;Decrescente;Nublado;Simples;"Reta;Interse��o de Vias;Rotat�ria";N�o;5;0;1;0;4;0;1;2;-19,67779786;-54,34970856;SPRF-MS;DEL06-MS;UOP02-DEL06-MS;;;
666175;09/03/2025;domingo;17:15:00;ES;101;265,5;SERRA;Manobra de mudan�a de faixa;Colis�o lateral mesmo sentido;Com V�timas Feridas;Anoitecer;Decrescente;C�u Claro;Dupla;Reta;Sim;4;0;1;0;1;2;1;3;-20,188112;-40,268147;SPRF-ES;DEL02-ES;UOP01-DEL02-ES;;;
666176;09/03/2025;domingo;17:30:00;SP;101;35;UBATUBA;Condutor deixou de manter dist�ncia do ve�culo da frente;Engavetamento;Com V�timas Feridas;Pleno dia;Crescente;C�u Claro;Simples;Reta;N�o;8;0;2;0;6;0;2;6;-23,3939666;-45,0116225;SPRF-SP;DEL06-SP;UOP01-DEL06-SP;;;
666177;09/03/2025;domingo;14:45:00;MT;163;769;SORRISO;Rea��o tardia ou ineficiente do condutor;Sa�da de leito carro��vel;Com V�timas Feridas;Pleno dia;Crescente;Sol;Simples;"Reta;Declive";N�o;1;0;1;0;0;0;1;1;-12,4193006;-55,6368285;SPRF-MT;DEL06-MT;UOP01-DEL06-MT;;;
666178;09/03/2025;domingo;17:20:00;BA;116;818,8;VITORIA DA CONQUISTA;Desrespeitar a prefer�ncia no cruzamento;Colis�o transversal;Com V�timas Feridas;Anoitecer;Decrescente;C�u Claro;Simples;"Interse��o de Vias;Declive;Curva";N�o;5;0;2;0;3;0;2;2;-14,82928018;-40,82951736;SPRF-BA;DEL08-BA;UOP01-DEL08-BA;;;
666179;09/03/2025;domingo;15:40:00;SC;101;367;ICARA;Avarias e/ou desgaste excessivo no pneu;Sa�da de leito carro��vel;Com V�timas Feridas;Pleno dia;Decrescente;Chuva;Dupla;Curva;N�o;3;0;2;0;1;0;2;1;-28,6972885;-49,17772293;SPRF-SC;DEL02-SC;UOP01-DEL02-SC;;;
666180;09/03/2025;domingo;17:50:00;MA;222;673;ACAILANDIA;Ingest�o de �lcool pelo condutor;Colis�o com objeto;Com V�timas Feridas;Anoitecer;Decrescente;Nublado;Simples;Reta;Sim;1;0;1;0;0;0;1;1;-4,9263679;-47,4392448;SPRF-MA;DEL04-MA;UOP03-DEL04-MA;;;
666182;09/03/2025;domingo;18:00:00;SC;282;16,5;PALHOCA;Acessar a via sem observar a presen�a dos outros ve�culos;Colis�o transversal;Com V�timas Feridas;Anoitecer;Decrescente;Chuva;Simples;Reta;Sim;2;0;1;0;1;0;1;2;-27,66278614;-48,68543029;SPRF-SC;DEL01-SC;UOP02-DEL01-SC;;;
666183;09/03/2025;domingo;18:20:00;MG;381;804;SAO GONCALO DO SAPUCAI;Manobra de mudan�a de faixa;Colis�o traseira;Com V�timas Feridas;Anoitecer;Decrescente;C�u Claro;Dupla;"Declive;Reta";N�o;2;0;1;0;1;0;1;2;-21,964598;-45,628912;SPRF-MG;DEL16-MG;UOP02-DEL16-MG;;;
666184;09/03/2025;domingo;17:45:00;MG;116;114,7;ITAOBIM;Entrada inopinada do pedestre;Atropelamento de Pedestre;Com V�timas Feridas;Anoitecer;Decrescente;C�u Claro;Simples;Reta;Sim;4;0;0;1;3;0;1;2;-16,5542551;-41,50141239;SPRF-MG;DEL11-MG;UOP02-DEL11-MG;;;
666186;09/03/2025;domingo;17:40:00;SC;470;96,9;APIUNA;Rea��o tardia ou ineficiente do condutor;Colis�o traseira;Com V�timas Feridas;Pleno dia;Decrescente;Chuva;Simples;Reta;N�o;4;0;2;0;2;0;2;2;-27,02741014;-49,37981129;SPRF-SC;DEL04-SC;UOP01-DEL04-SC;;;
666187;09/03/2025;domingo;15:20:00;RJ;116;142;DUQUE DE CAXIAS;Transitar no Acostamento;Colis�o traseira;Sem V�timas;Pleno dia;Crescente;C�u Claro;Dupla;Reta;N�o;2;0;0;0;2;0;0;2;-22,65735;-43,247485;SPRF-RJ;DEL01-RJ;UOP02-DEL01-RJ;;;
666188;09/03/2025;domingo;14:35:00;MG;262;29;REDUTO;Condutor Dormindo;Colis�o com objeto;Com V�timas Feridas;Pleno dia;Crescente;C�u Claro;Simples;Curva;Sim;3;0;1;2;0;0;3;1;-20,247314;-41,982584;SPRF-MG;DEL06-MG;UOP03-DEL06-MG;;;
666189;09/03/2025;domingo;17:40:00;MG;381;491,2;BETIM;Trafegar com motocicleta (ou similar) entre as faixas;Colis�o lateral mesmo sentido;Com V�timas Fatais;Anoitecer;Decrescente;C�u Claro;Dupla;Reta;N�o;4;1;1;0;2;0;1;3;-19,95995731;-44,15542603;SPRF-MG;DEL01-MG;UOP03-DEL01-MG;;;
666190;09/03/2025;domingo;17:55:00;RJ;465;3;SEROPEDICA;Convers�o proibida;Colis�o transversal;Com V�timas Feridas;Anoitecer;Decrescente;C�u Claro;Simples;Reta;N�o;1;0;1;0;0;0;1;1;-22,72825135;-43,71801808;SPRF-RJ;DEL06-RJ;UOP02-DEL06-RJ;;;
666191;09/03/2025;domingo;18:00:00;SC;101;121,3;ITAJAI;Aus�ncia de rea��o do condutor;Colis�o transversal;Com V�timas Feridas;Anoitecer;Decrescente;Chuva;Dupla;Reta;N�o;2;0;0;2;0;0;2;2;-26,93200317;-48,70327497;SPRF-SC;DEL04-SC;UOP04-DEL04-SC;;;
666192;09/03/2025;domingo;16:35:00;GO;153;702;ITUMBIARA;Velocidade Incompat�vel;Capotamento;Com V�timas Feridas;Pleno dia;Decrescente;Sol;Dupla;"Reta;Interse��o de Vias";Sim;1;0;0;1;0;0;1;1;-18,404018;-49,201347;SPRF-GO;DEL03-GO;UOP02-DEL03-GO;;;
666193;09/03/2025;domingo;17:50:00;RJ;116;223;PARACAMBI;Chuva;Tombamento;Com V�timas Feridas;Anoitecer;Crescente;Chuva;Dupla;Reta;N�o;1;0;1;0;0;0;1;1;-22,71015;-43,7220239;SPRF-RJ;DEL06-RJ;UOP02-DEL06-RJ;;;
666195;09/03/2025;domingo;18:50:00;RS;386;307,8;POUSO NOVO;Rea��o tardia ou ineficiente do condutor;Colis�o traseira;Sem V�timas;Anoitecer;Crescente;Chuva;Simples;Reta;N�o;2;0;0;0;2;0;0;2;-29,21011941;-52,17743866;SPRF-RS;DEL04-RS;UOP01-DEL04-RS;;;
666196;09/03/2025;domingo;16:00:00;RJ;101;316;SAO GONCALO;Rea��o tardia ou ineficiente do condutor;Colis�o traseira;Com V�timas Feridas;Pleno dia;Crescente;C�u Claro;Dupla;Reta;Sim;2;0;1;0;1;0;1;2;-22,82988802;-43,09300137;SPRF-RJ;DEL02-RJ;UOP02-DEL02-RJ;;;
666197;09/03/2025;domingo;17:35:00;PR;163;229,1;CASCAVEL;Avarias e/ou desgaste excessivo no pneu;Sa�da de leito carro��vel;Com V�timas Feridas;Pleno dia;Crescente;Sol;Dupla;Reta;N�o;1;0;1;0;0;0;1;1;-24,8202431;-53,6560367;SPRF-PR;DEL04-PR;UOP01-DEL04-PR;;;
666198;09/03/2025;domingo;18:20:00;MG;40;431,2;PARAOPEBA;Rea��o tardia ou ineficiente do condutor;Sa�da de leito carro��vel;Com V�timas Feridas;Plena Noite;Decrescente;C�u Claro;Dupla;"Reta;Declive";N�o;4;0;2;2;0;0;4;1;-19,200775;-44,475395;SPRF-MG;DEL02-MG;UOP01-DEL02-MG;;;
666199;09/03/2025;domingo;18:30:00;MG;381;438,2;SANTA LUZIA;Afundamento ou ondula��o no pavimento;Queda de ocupante de ve�culo;Com V�timas Feridas;Plena Noite;Crescente;C�u Claro;Simples;Reta;N�o;1;0;0;1;0;0;1;1;-19,8142117;-43,8565655;SPRF-MG;DEL01-MG;UOP01-DEL01-MG;;;
666200;07/01/2025;ter�a-feira;19:00:00;RR;174;175;BOA VISTA;Aus�ncia de rea��o do condutor;Colis�o traseira;Com V�timas Feridas;Plena Noite;Crescente;C�u Claro;Simples;Reta;N�o;3;0;1;2;0;0;3;2;2,67008405;-60,87112427;SPRF-RR;DEL01-RR;UOP01-DEL01-RR;;;
666202;09/03/2025;domingo;16:00:00;PR;272;366,4;CAMPO MOURAO;Condutor desrespeitou a ilumina��o vermelha do sem�foro;Colis�o transversal;Com V�timas Feridas;Pleno dia;Decrescente;C�u Claro;Dupla;Rotat�ria;Sim;2;0;0;1;1;0;1;2;-24,047038;-52,393826;SPRF-PR;DEL09-PR;UOP03-DEL09-PR;;;
666204;09/03/2025;domingo;14:30:00;RS;285;575;SAO BORJA;Aus�ncia de rea��o do condutor;Colis�o lateral sentido oposto;Com V�timas Feridas;Pleno dia;Decrescente;C�u Claro;Simples;Reta;N�o;3;0;1;0;2;0;1;2;-28,58865987;-55,97147942;SPRF-RS;DEL12-RS;UOP01-DEL12-RS;;;
666205;09/03/2025;domingo;19:15:00;RS;290;68,3;GRAVATAI;Aus�ncia de rea��o do condutor;Colis�o traseira;Com V�timas Feridas;Pleno dia;Crescente;Nublado;M�ltipla;Reta;N�o;4;0;2;0;2;0;2;2;-29,94445692;-50,94402194;SPRF-RS;DEL03-RS;UOP01-DEL03-RS;;;
666206;09/03/2025;domingo;17:00:00;SC;101;404,5;ARARANGUA;Condutor deixou de manter dist�ncia do ve�culo da frente;Engavetamento;Com V�timas Feridas;Pleno dia;Crescente;Nublado;M�ltipla;Reta;N�o;7;0;3;0;4;0;3;3;-28,89772392;-49,47323447;SPRF-SC;DEL02-SC;UOP02-DEL02-SC;;;
666207;09/03/2025;domingo;18:00:00;GO;153;518;HIDROLANDIA;Aus�ncia de rea��o do condutor;Sa�da de leito carro��vel;Sem V�timas;Anoitecer;Decrescente;C�u Claro;Dupla;"Reta;Declive";Sim;2;0;0;0;2;0;0;1;-16,857681;-49,24842;SPRF-GO;DEL01-GO;UOP03-DEL01-GO;;;
666208;09/03/2025;domingo;17:55:00;PI;343;592;FLORIANO;Acessar a via sem observar a presen�a dos outros ve�culos;Colis�o transversal;Com V�timas Feridas;Plena Noite;Decrescente;C�u Claro;Dupla;"Interse��o de Vias;Rotat�ria;Reta";Sim;2;0;1;0;1;0;1;2;-6,779243;-43,028411;SPRF-PI;DEL03-PI;UOP01-DEL03-PI;;;
666209;09/03/2025;domingo;19:00:00;RJ;495;1;TERESOPOLIS;Transitar na contram�o;Colis�o frontal;Com V�timas Feridas;Plena Noite;Crescente;Chuva;Simples;"Em Obras;Reta;Desvio Tempor�rio";Sim;6;0;2;0;4;0;2;2;-22,401892;-42,970963;SPRF-RJ;DEL04-RJ;UOP01-DEL04-RJ;;;
666210;09/03/2025;domingo;18:06:00;RN;405;86;APODI;Ultrapassagem Indevida;Colis�o frontal;Com V�timas Fatais;Plena Noite;Crescente;Chuva;Simples;Reta;N�o;3;1;0;0;2;0;0;3;-5,73876575;-37,83359528;SPRF-RN;DEL04-RN;UOP02-DEL04-RN;;;
666211;09/03/2025;domingo;19:00:00;SC;101;208,3;SAO JOSE;Aus�ncia de rea��o do condutor;Engavetamento;Sem V�timas;Plena Noite;Crescente;Chuva;Dupla;Reta;Sim;3;0;0;0;3;0;0;3;-27,605099;-48,63429;SPRF-SC;DEL01-SC;UOP01-DEL01-SC;;;
666213;09/03/2025;domingo;18:15:00;PR;153;2,2;IMBITUVA;Participar de racha;Sa�da de leito carro��vel;Com V�timas Fatais;Pleno dia;Decrescente;Nublado;Simples;"Reta;Declive";Sim;2;1;0;1;0;0;1;1;-25,20027732;-50,59805679;SPRF-PR;DEL03-PR;UOP01-DEL03-PR;;;
666214;09/03/2025;domingo;17:30:00;RJ;393;172;TRES RIOS;Condutor deixou de manter dist�ncia do ve�culo da frente;Colis�o traseira;Com V�timas Feridas;Pleno dia;Crescente;C�u Claro;Simples;Reta;N�o;2;0;1;0;1;0;1;2;-22,13227811;-43,18564653;SPRF-RJ;DEL05-RJ;UOP03-DEL05-RJ;;;
666215;09/03/2025;domingo;15:30:00;PR;158;338;PALMITAL;Velocidade Incompat�vel;Sa�da de leito carro��vel;Com V�timas Feridas;Pleno dia;Decrescente;C�u Claro;Simples;Curva;N�o;2;0;1;0;1;0;1;1;-24,90512166;-52,27355003;SPRF-PR;DEL04-PR;UOP02-DEL04-PR;;;