id;data_inversa;dia_semana;horario;uf;br;km;municipio;causa_acidente;tipo_acidente;classificacao_acidente;fase_dia;sentido_via;condicao_metereologica;tipo_pista;tracado_via;uso_solo;pessoas;mortos;feridos_leves;feridos_graves;ilesos;ignorados;feridos;veiculos;latitude;longitude;regional;delegacia;uop;;;
666571;11/03/2025;ter�a-feira;14:40:00;MG;267;28,2;ARGIRITA;Condutor Dormindo;Sa�da de leito carro��vel;Com V�timas Feridas;Pleno dia;Crescente;Nublado;Simples;"Curva;Aclive";N�o;1;0;1;0;0;0;1;1;-21,640642;-42,836065;SPRF-MG;DEL07-MG;UOP01-DEL07-MG;;;
666572;11/03/2025;ter�a-feira;14:00:00;SP;116;146;SAO JOSE DOS CAMPOS;Rea��o tardia ou ineficiente do condutor;Colis�o traseira;Com V�timas Feridas;Pleno dia;Decrescente;C�u Claro;Dupla;Aclive;N�o;4;0;1;1;2;0;2;4;-23,19122919;-45,86327591;SPRF-SP;DEL02-SP;UOP01-DEL02-SP;;;
666573;02/03/2025;domingo;20:00:00;MS;163;249;DOURADOS;Aus�ncia de rea��o do condutor;Colis�o traseira;Com V�timas Feridas;Plena Noite;Crescente;C�u Claro;Simples;Reta;N�o;7;0;1;5;0;1;6;3;-22,30541865;-54,82059598;SPRF-MS;DEL04-MS;UOP02-DEL04-MS;;;
666576;11/03/2025;ter�a-feira;11:23:00;MS;419;256,9;ANASTACIO;Rea��o tardia ou ineficiente do condutor;Colis�o traseira;Sem V�timas;Pleno dia;Crescente;C�u Claro;Simples;Reta;N�o;3;0;0;0;2;1;0;3;-20,51112317;-55,62892914;SPRF-MS;DEL03-MS;UOP01-DEL03-MS;;;
666578;11/03/2025;ter�a-feira;15:00:00;SP;116;86;PINDAMONHANGABA;Demais falhas mec�nicas ou el�tricas;Inc�ndio;Sem V�timas;Pleno dia;Crescente;Nublado;Dupla;Reta;N�o;2;0;0;0;2;0;0;1;-22,9247257;-45,351299;SPRF-SP;DEL08-SP;UOP01-DEL08-SP;;;
666580;11/03/2025;ter�a-feira;14:03:00;RS;116;329;BARRA DO RIBEIRO;Condutor Dormindo;Sa�da de leito carro��vel;Com V�timas Feridas;Pleno dia;Crescente;Sol;Dupla;Reta;N�o;2;0;1;0;1;0;1;1;-30,39521211;-51,43982431;SPRF-RS;DEL02-RS;UOP02-DEL02-RS;;;
666581;01/03/2025;s�bado;21:45:00;RS;285;6;SAO BORJA;Desrespeitar a prefer�ncia no cruzamento;Colis�o transversal;Com V�timas Feridas;Plena Noite;Decrescente;C�u Claro;Simples;Rotat�ria;Sim;9;0;3;0;6;0;3;2;-28,632453;-55,99874568;SPRF-RS;DEL12-RS;UOP01-DEL12-RS;;;
666585;11/03/2025;ter�a-feira;15:00:00;PE;424;86;GARANHUNS;Acessar a via sem observar a presen�a dos outros ve�culos;Colis�o transversal;Com V�timas Feridas;Pleno dia;Crescente;C�u Claro;Simples;Reta;N�o;3;0;0;3;0;0;3;2;-8,8714778;-36,5076646;SPRF-PE;DEL03-PE;UOP01-DEL03-PE;;;
666586;11/03/2025;ter�a-feira;15:00:00;GO;153;491;GOIANIA;Ultrapassagem Indevida;Colis�o transversal;Com V�timas Feridas;Pleno dia;Decrescente;C�u Claro;Simples;Reta;Sim;2;0;0;1;1;0;1;2;-16,62683146;-49,20538723;SPRF-GO;DEL01-GO;UOP01-DEL01-GO;;;
666587;11/03/2025;ter�a-feira;14:40:00;MG;116;501,5;INHAPIM;Demais falhas mec�nicas ou el�tricas;Queda de ocupante de ve�culo;Com V�timas Feridas;Pleno dia;Decrescente;C�u Claro;Simples;Reta;N�o;2;0;1;1;0;0;2;1;-19,575757;-42,116845;SPRF-MG;DEL06-MG;UOP02-DEL06-MG;;;
666589;11/03/2025;ter�a-feira;12:45:00;MG;40;552;NOVA LIMA;Entrada inopinada do pedestre;Atropelamento de Pedestre;Com V�timas Feridas;Pleno dia;Decrescente;C�u Claro;M�ltipla;Reta;Sim;2;0;1;0;1;0;1;2;-20,082;-43,979;SPRF-MG;DEL01-MG;UOP02-DEL01-MG;;;
666591;11/03/2025;ter�a-feira;10:20:00;RJ;116;145;DUQUE DE CAXIAS;Demais falhas mec�nicas ou el�tricas;Inc�ndio;Sem V�timas;Pleno dia;Crescente;C�u Claro;Dupla;Reta;Sim;1;0;0;0;1;0;0;1;-22,6721792;-43,2832512;SPRF-RJ;DEL01-RJ;UOP02-DEL01-RJ;;;
666592;11/03/2025;ter�a-feira;16:02:00;MG;381;878;ESTIVA;Chuva;Capotamento;Com V�timas Feridas;Pleno dia;Decrescente;Chuva;Dupla;Curva;N�o;1;0;1;0;0;0;1;1;-22,43805556;-45,98444444;SPRF-MG;DEL16-MG;UOP01-DEL16-MG;;;
666594;11/03/2025;ter�a-feira;15:20:00;BA;324;532;FEIRA DE SANTANA;Condutor deixou de manter dist�ncia do ve�culo da frente;Colis�o traseira;Sem V�timas;Pleno dia;Decrescente;C�u Claro;Dupla;Reta;N�o;4;0;0;0;3;1;0;3;-12,347089;-38,837375;SPRF-BA;DEL01-BA;UOP03-DEL01-BA;;;
666595;11/03/2025;ter�a-feira;16:00:00;RN;406;167;SAO GONCALO DO AMARANTE;Avarias e/ou desgaste excessivo no pneu;Queda de ocupante de ve�culo;Com V�timas Feridas;Pleno dia;Crescente;Nublado;Simples;Reta;N�o;2;0;1;0;1;0;1;1;-5,7487677;-35,3264867;SPRF-RN;DEL02-RN;UOP01-DEL02-RN;;;
666596;11/03/2025;ter�a-feira;16:00:00;PB;101;88;JOAO PESSOA;Avarias e/ou desgaste excessivo no pneu;Sa�da de leito carro��vel;Com V�timas Feridas;Pleno dia;Decrescente;C�u Claro;Simples;"Interse��o de Vias;Viaduto;Curva";Sim;1;0;1;0;0;0;1;1;-7,16685503;-34,8962998;SPRF-PB;DEL01-PB;UOP01-DEL01-PB;;;
666597;11/03/2025;ter�a-feira;16:30:00;MA;316;610;TIMON;Mal s�bito do condutor;Colis�o com objeto;Com V�timas Feridas;Pleno dia;Crescente;Nublado;Simples;Rotat�ria;Sim;1;0;0;1;0;0;1;1;-5,07114119;-42,87376744;SPRF-MA;DEL03-MA;UOP02-DEL03-MA;;;
666598;11/03/2025;ter�a-feira;16:00:00;RJ;101;515;ANGRA DOS REIS;Mal s�bito do condutor;Colis�o frontal;Com V�timas Feridas;Pleno dia;Crescente;Nublado;Simples;Curva;N�o;4;0;3;1;0;0;4;2;-22,98324854;-44,43938559;SPRF-RJ;DEL03-RJ;UOP03-DEL03-RJ;;;
666601;08/03/2025;s�bado;06:45:00;RJ;101;498;ANGRA DOS REIS;Velocidade Incompat�vel;Tombamento;Com V�timas Feridas;Pleno dia;Crescente;C�u Claro;Simples;Reta;N�o;1;0;1;0;0;0;1;1;-22,92447697;-44,3228817;SPRF-RJ;DEL03-RJ;UOP03-DEL03-RJ;;;
666602;11/03/2025;ter�a-feira;12:30:00;RS;290;57,8;GLORINHA;Pista esburacada;Tombamento;Com V�timas Feridas;Pleno dia;Crescente;C�u Claro;Dupla;"Reta;Declive";N�o;1;0;1;0;0;0;1;1;-29,920478;-50,836284;SPRF-RS;DEL03-RS;UOP01-DEL03-RS;;;
666603;11/03/2025;ter�a-feira;16:00:00;RS;470;255;SALVADOR DO SUL;Pedestre andava na pista;Atropelamento de Pedestre;Com V�timas Feridas;Pleno dia;Crescente;C�u Claro;Simples;Curva;N�o;2;0;1;0;1;0;1;2;-29,44083513;-51,50789553;SPRF-RS;DEL06-RS;UOP01-DEL06-RS;;;
666605;11/03/2025;ter�a-feira;15:30:00;RJ;116;250;PIRAI;Demais falhas mec�nicas ou el�tricas;Inc�ndio;Sem V�timas;Pleno dia;Crescente;Chuva;Dupla;"Curva;Declive";N�o;1;0;0;0;1;0;0;1;-22,57946152;-43,98857117;SPRF-RJ;DEL07-RJ;UOP01-DEL07-RJ;;;
666607;11/03/2025;ter�a-feira;15:30:00;BA;101;32,5;ESPLANADA;Velocidade Incompat�vel;Sa�da de leito carro��vel;Com V�timas Feridas;Pleno dia;Decrescente;C�u Claro;M�ltipla;"Reta;Retorno Regulamentado";N�o;5;0;2;0;3;0;2;1;-11,75525606;-37,94254304;SPRF-SE;DEL02-SE;UOP03-DEL02-SE;;;
666608;11/03/2025;ter�a-feira;17:15:00;SP;116;73;APARECIDA;Acumulo de �gua sobre o pavimento;Colis�o com objeto;Com V�timas Feridas;Pleno dia;Decrescente;Chuva;Dupla;"Reta;Aclive";N�o;2;0;1;0;1;0;1;1;-22,866375;-45,2417852;SPRF-SP;DEL08-SP;UOP01-DEL08-SP;;;
666610;11/03/2025;ter�a-feira;14:20:00;PR;487;119,6;TUNEIRAS DO OESTE;Aus�ncia de rea��o do condutor;Sa�da de leito carro��vel;Com V�timas Feridas;Pleno dia;Decrescente;Chuva;Simples;"Curva;Declive";N�o;1;0;1;0;0;0;1;1;-23,84803887;-52,92903716;SPRF-PR;DEL09-PR;UOP03-DEL09-PR;;;
666611;11/03/2025;ter�a-feira;09:30:00;PR;277;137;CAMPO LARGO;Demais falhas mec�nicas ou el�tricas;Inc�ndio;Sem V�timas;Pleno dia;Crescente;C�u Claro;Dupla;"Aclive;Reta";N�o;1;0;0;0;1;0;0;1;-25,45656254;-49,63415578;SPRF-PR;DEL03-PR;UOP03-DEL03-PR;;;
666612;11/03/2025;ter�a-feira;17:00:00;PR;163;249;QUATRO PONTES;Ingest�o de subst�ncias psicoativas pelo condutor;Sa�da de leito carro��vel;Com V�timas Feridas;Pleno dia;Crescente;Chuva;Dupla;Reta;Sim;1;0;1;0;0;0;1;1;-24,60696489;-53,97183895;SPRF-PR;DEL06-PR;UOP02-DEL06-PR;;;
666614;11/03/2025;ter�a-feira;17:00:00;RS;158;326;SANTA MARIA;Acessar a via sem observar a presen�a dos outros ve�culos;Colis�o transversal;Com V�timas Feridas;Pleno dia;Decrescente;C�u Claro;Dupla;"Em Obras;Reta;Viaduto";Sim;3;0;1;1;1;0;2;2;-29,71216202;-53,80564928;SPRF-RS;DEL09-RS;UOP01-DEL09-RS;;;
666615;11/03/2025;ter�a-feira;14:35:00;AL;101;3;NOVO LINO;Rea��o tardia ou ineficiente do condutor;Queda de ocupante de ve�culo;Com V�timas Feridas;Pleno dia;Crescente;Nublado;Dupla;Reta;N�o;1;0;1;0;0;0;1;1;-8,91368682;-35,63388303;SPRF-AL;DEL01-AL;UOP02-DEL01-AL;;;
666617;11/03/2025;ter�a-feira;17:20:00;RJ;101;505;ANGRA DOS REIS;Convers�o proibida;Colis�o frontal;Com V�timas Feridas;Anoitecer;Decrescente;C�u Claro;Simples;Reta;Sim;2;0;1;0;1;0;1;2;-22,9900288;-44,2400768;SPRF-RJ;DEL03-RJ;UOP03-DEL03-RJ;;;
666619;11/03/2025;ter�a-feira;18:03:00;SC;470;138;RIO DO SUL;Trafegar com motocicleta (ou similar) entre as faixas;Colis�o transversal;Com V�timas Feridas;Pleno dia;Crescente;Nublado;Simples;"Interse��o de Vias;Retorno Regulamentado";Sim;2;0;1;0;1;0;1;2;-27,20465411;-49,63881612;SPRF-SC;DEL04-SC;UOP02-DEL04-SC;;;
666621;11/03/2025;ter�a-feira;17:00:00;MG;153;211,2;FRUTAL;Afundamento ou ondula��o no pavimento;Tombamento;Com V�timas Feridas;Pleno dia;Decrescente;C�u Claro;Simples;Reta;N�o;1;0;1;0;0;0;1;1;-20,032025;-49,048119;SPRF-MG;DEL13-MG;UOP02-DEL13-MG;;;
666622;11/03/2025;ter�a-feira;17:30:00;MG;365;431,5;PATOS DE MINAS;Manobra de mudan�a de faixa;Colis�o transversal;Com V�timas Feridas;Pleno dia;Crescente;Sol;Simples;"Interse��o de Vias;Reta";N�o;2;0;1;0;1;0;1;2;-18,759079;-46,663891;SPRF-MG;DEL10-MG;UOP01-DEL10-MG;;;
666623;11/03/2025;ter�a-feira;18:00:00;PE;423;96;GARANHUNS;Acessar a via sem observar a presen�a dos outros ve�culos;Colis�o transversal;Com V�timas Feridas;Plena Noite;Crescente;C�u Claro;Simples;Aclive;Sim;2;0;0;1;1;0;1;2;-8,880658;-36,4926114;SPRF-PE;DEL03-PE;UOP01-DEL03-PE;;;
666624;11/03/2025;ter�a-feira;18:06:00;RN;101;81,7;SAO GONCALO DO AMARANTE;Transitar na contram�o;Colis�o transversal;Com V�timas Feridas;Anoitecer;Decrescente;Chuva;Dupla;Interse��o de Vias;Sim;3;0;1;0;2;0;1;2;-5,767172;-35,2776557;SPRF-RN;DEL02-RN;UOP01-DEL02-RN;;;
666627;11/03/2025;ter�a-feira;18:30:00;RN;406;169;SAO GONCALO DO AMARANTE;Rea��o tardia ou ineficiente do condutor;Colis�o traseira;Com V�timas Feridas;Plena Noite;Decrescente;Chuva;Dupla;Interse��o de Vias;N�o;2;0;0;1;1;0;1;2;-5,757767;-35,300963;SPRF-RN;DEL02-RN;UOP01-DEL02-RN;;;
666628;11/03/2025;ter�a-feira;16:30:00;AM;319;46;CANUTAMA;Demais falhas na via;Sa�da de leito carro��vel;Com V�timas Feridas;Pleno dia;Crescente;C�u Claro;Simples;Reta;N�o;1;0;0;1;0;0;1;1;-8,363787;-63,956103;SPRF-AM;DEL01-AM;UOP04-DEL01-AM;;;
666629;11/03/2025;ter�a-feira;18:45:00;GO;414;438;ANAPOLIS;Desrespeitar a prefer�ncia no cruzamento;Colis�o transversal;Com V�timas Feridas;Plena Noite;Decrescente;C�u Claro;Simples;"Rotat�ria;Reta";Sim;2;0;0;1;1;0;1;2;-16,253521;-48,935853;SPRF-GO;DEL02-GO;UOP01-DEL02-GO;;;
666630;11/03/2025;ter�a-feira;18:45:00;MG;40;749;SANTOS DUMONT;Aus�ncia de rea��o do condutor;Capotamento;Com V�timas Feridas;Plena Noite;Crescente;Nublado;Simples;"Declive;Curva";N�o;1;0;1;0;0;0;1;1;-21,48611507;-43,53502035;SPRF-MG;DEL05-MG;UOP01-DEL05-MG;;;
666631;11/03/2025;ter�a-feira;18:00:00;SC;280;170,1;MAFRA;Pista Escorregadia;Tombamento;Com V�timas Feridas;Amanhecer;Crescente;Chuva;Simples;"Reta;Aclive";Sim;1;0;1;0;0;0;1;1;-26,14102626;-49,8124795;SPRF-SC;DEL06-SC;UOP01-DEL06-SC;;;
666632;11/03/2025;ter�a-feira;17:20:00;MT;364;271,8;JACIARA;Rea��o tardia ou ineficiente do condutor;Colis�o traseira;Com V�timas Feridas;Anoitecer;Decrescente;C�u Claro;Dupla;"Reta;Declive";Sim;2;0;1;0;1;0;1;2;-15,969447;-54,959177;SPRF-MT;DEL05-MT;UOP02-DEL05-MT;;;
666633;11/03/2025;ter�a-feira;17:20:00;RS;470;227;GARIBALDI;Rea��o tardia ou ineficiente do condutor;Colis�o traseira;Com V�timas Feridas;Pleno dia;Crescente;C�u Claro;Simples;"Reta;Declive";Sim;2;0;1;0;1;0;1;2;-29,26086557;-51,50746286;SPRF-RS;DEL06-RS;UOP01-DEL06-RS;;;
666636;11/03/2025;ter�a-feira;19:35:00;SP;381;28;ATIBAIA;Chuva;Colis�o com objeto;Com V�timas Feridas;Plena Noite;Crescente;Chuva;Dupla;Reta;Sim;1;0;1;0;0;0;1;1;-23,03560332;-46,55029535;SPRF-SP;DEL03-SP;UOP02-DEL03-SP;;;
666637;11/03/2025;ter�a-feira;19:00:00;PR;369;505,7;CASCAVEL;Transitar na contram�o;Colis�o frontal;Sem V�timas;Plena Noite;Decrescente;Chuva;Simples;"Aclive;Reta";Sim;2;0;0;0;2;0;0;2;-24,94141976;-53,39795753;SPRF-PR;DEL04-PR;UOP01-DEL04-PR;;;
666638;11/03/2025;ter�a-feira;19:00:00;PA;230;115;MARABA;Rea��o tardia ou ineficiente do condutor;Queda de ocupante de ve�culo;Com V�timas Feridas;Plena Noite;Decrescente;Nublado;Dupla;Rotat�ria;Sim;2;0;1;0;1;0;1;1;-5,5448238;-49,0752985;SPRF-PA;DEL03-PA;UOP01-DEL03-PA;;;
666639;11/03/2025;ter�a-feira;18:57:00;ES;101;270;SERRA;Rea��o tardia ou ineficiente do condutor;Colis�o lateral mesmo sentido;Com V�timas Feridas;Plena Noite;Decrescente;C�u Claro;M�ltipla;Reta;Sim;2;0;1;0;1;0;1;2;-20,230644;-40,273011;SPRF-ES;DEL02-ES;UOP01-DEL02-ES;;;
666640;11/03/2025;ter�a-feira;19:17:00;TO;226;2;AGUIARNOPOLIS;Suic�dio (presumido);Atropelamento de Pedestre;Com V�timas Fatais;Plena Noite;Crescente;Chuva;Simples;Declive;Sim;4;1;0;0;1;2;0;2;-6,563672;-47,47571;SPRF-TO;DEL02-TO;UOP03-DEL02-TO;;;
666641;11/03/2025;ter�a-feira;16:15:00;RS;386;136;SARANDI;Desrespeitar a prefer�ncia no cruzamento;Colis�o frontal;Com V�timas Feridas;Pleno dia;Decrescente;Nublado;Simples;Reta;Sim;2;0;1;0;1;0;1;2;-27,965652;-52,908312;SPRF-RS;DEL08-RS;UOP01-DEL08-RS;;;
666642;11/03/2025;ter�a-feira;19:10:00;MG;40;547,1;NOVA LIMA;Manobra de mudan�a de faixa;Colis�o lateral mesmo sentido;Com V�timas Feridas;Plena Noite;Decrescente;Nublado;Dupla;Curva;N�o;2;0;1;0;1;0;1;2;-20,02484695;-43,96930218;SPRF-MG;DEL01-MG;UOP02-DEL01-MG;;;
666644;11/03/2025;ter�a-feira;20:00:00;SC;101;186,5;BIGUACU;Manobra de mudan�a de faixa;Colis�o traseira;Com V�timas Feridas;Plena Noite;Crescente;C�u Claro;Dupla;Reta;Sim;3;0;1;0;2;0;1;2;-27,43546992;-48,6258316;SPRF-SC;DEL01-SC;UOP01-DEL01-SC;;;
666646;11/03/2025;ter�a-feira;15:30:00;PR;277;336,8;GUARAPUAVA;Aus�ncia de rea��o do condutor;Sa�da de leito carro��vel;Com V�timas Feridas;Pleno dia;Crescente;Chuva;Dupla;Curva;N�o;4;0;4;0;0;0;4;1;-25,33948185;-51,41713019;SPRF-PR;DEL08-PR;UOP01-DEL08-PR;;;
666647;11/03/2025;ter�a-feira;19:15:00;MG;116;515,6;UBAPORANGA;Suic�dio (presumido);Colis�o traseira;Com V�timas Feridas;Plena Noite;Decrescente;C�u Claro;Simples;Reta;N�o;3;0;0;1;2;0;1;3;-19,695964;-42,117194;SPRF-MG;DEL06-MG;UOP02-DEL06-MG;;;
666648;11/03/2025;ter�a-feira;19:20:00;RS;116;150,3;CAXIAS DO SUL;Manobra de mudan�a de faixa;Colis�o lateral mesmo sentido;Com V�timas Feridas;Plena Noite;Decrescente;C�u Claro;Dupla;Reta;Sim;3;0;1;0;2;0;1;3;-29,17196912;-51,16025627;SPRF-RS;DEL05-RS;UOP01-DEL05-RS;;;
666649;11/03/2025;ter�a-feira;14:30:00;PR;277;5;PARANAGUA;Manobra de mudan�a de faixa;Colis�o lateral mesmo sentido;Com V�timas Feridas;Pleno dia;Crescente;C�u Claro;Dupla;Reta;Sim;3;0;2;0;1;0;2;2;-25,52955735;-48,52847692;SPRF-PR;DEL01-PR;UOP05-DEL01-PR;;;
666650;11/03/2025;ter�a-feira;20:00:00;PR;476;198;LAPA;Acessar a via sem observar a presen�a dos outros ve�culos;Colis�o transversal;Com V�timas Feridas;Plena Noite;Crescente;Chuva;Simples;"Reta;Declive";N�o;2;0;2;0;0;0;2;2;-25,76783;-49,740885;SPRF-PR;DEL01-PR;UOP06-DEL01-PR;;;
666651;11/03/2025;ter�a-feira;20:30:00;RJ;40;52,5;PETROPOLIS;Acesso irregular;Colis�o transversal;Com V�timas Feridas;Plena Noite;Decrescente;C�u Claro;Dupla;Reta;N�o;5;0;0;1;4;0;1;2;-22,2855168;-43,1259648;SPRF-RJ;DEL05-RJ;UOP02-DEL05-RJ;;;
666652;11/03/2025;ter�a-feira;17:35:00;SC;480;124,5;CHAPECO;Ingest�o de �lcool pelo condutor;Colis�o com objeto;Sem V�timas;Pleno dia;Decrescente;Nublado;Dupla;Reta;Sim;1;0;0;0;1;0;0;1;-27,01099463;-52,63998159;SPRF-SC;DEL07-SC;UOP01-DEL07-SC;;;
666653;11/03/2025;ter�a-feira;20:35:00;GO;40;62,7;CRISTALINA;Chuva;Sa�da de leito carro��vel;Com V�timas Feridas;Plena Noite;Decrescente;Chuva;Simples;"Declive;Curva";N�o;1;0;1;0;0;0;1;1;-16,54503;-47,78841;SPRF-DF;DEL01-DF;UOP02-DEL01-DF;;;
666655;11/03/2025;ter�a-feira;21:45:00;SC;116;209,9;PONTE ALTA;Chuva;Sa�da de leito carro��vel;Sem V�timas;Plena Noite;Crescente;Chuva;Simples;Reta;N�o;1;0;0;0;1;0;0;1;-27,502784;-50,365795;SPRF-SC;DEL05-SC;UOP03-DEL05-SC;;;
666656;11/03/2025;ter�a-feira;22:30:00;SC;101;200,9;SAO JOSE;Acesso irregular;Colis�o transversal;Com V�timas Feridas;Plena Noite;Crescente;Ignorado;M�ltipla;Declive;Sim;3;0;1;0;2;0;1;2;-27,53918327;-48,62342466;SPRF-SC;DEL01-SC;UOP01-DEL01-SC;;;
666657;11/03/2025;ter�a-feira;23:00:00;PB;230;26;JOAO PESSOA;Manobra de mudan�a de faixa;Colis�o traseira;Com V�timas Feridas;Plena Noite;Decrescente;C�u Claro;Dupla;Reta;Sim;2;0;1;0;1;0;1;2;-7,1692331;-34,8795932;SPRF-PB;DEL01-PB;UOP01-DEL01-PB;;;
666658;11/03/2025;ter�a-feira;20:50:00;BA;235;350,8;JUAZEIRO;Convers�o proibida;Colis�o transversal;Com V�timas Feridas;Plena Noite;Crescente;C�u Claro;Simples;Reta;Sim;2;0;1;0;1;0;1;2;-9,428942;-40,504222;SPRF-PE;DEL06-PE;UOP01-DEL06-PE;;;
666659;11/03/2025;ter�a-feira;22:50:00;GO;70;6;AGUAS LINDAS DE GOIAS;Acesso irregular;Colis�o transversal;Com V�timas Feridas;Plena Noite;Crescente;C�u Claro;Dupla;Reta;Sim;2;0;2;0;0;0;2;2;-15,75285852;-48,25891798;SPRF-DF;DEL03-DF;UOP02-DEL03-DF;;;
666660;11/03/2025;ter�a-feira;22:40:00;ES;101;273,4;SERRA;Transitar na contram�o;Colis�o frontal;Com V�timas Feridas;Plena Noite;Decrescente;C�u Claro;M�ltipla;"Reta;Declive";N�o;2;0;0;1;0;1;1;2;-20,21683;-40,29342;SPRF-ES;DEL02-ES;UOP01-DEL02-ES;;;
666661;12/03/2025;quarta-feira;00:10:00;SP;116;455;REGISTRO;Aus�ncia de rea��o do condutor;Atropelamento de Pedestre;Com V�timas Feridas;Plena Noite;Crescente;C�u Claro;Dupla;Reta;N�o;2;0;0;1;0;1;1;2;-24,57715877;-47,88439608;SPRF-SP;DEL05-SP;UOP01-DEL05-SP;;;
666662;11/03/2025;ter�a-feira;20:17:00;AC;364;20;ACRELANDIA;Rea��o tardia ou ineficiente do condutor;Colis�o traseira;Com V�timas Fatais;Plena Noite;Decrescente;C�u Claro;Simples;"Declive;Reta";N�o;2;1;0;0;0;1;0;2;-9,8969335;-66,94138527;SPRF-AC;DEL01-AC;UOP03-DEL01-AC;;;
666663;11/03/2025;ter�a-feira;22:30:00;GO;60;83,2;ANAPOLIS;Acumulo de �gua sobre o pavimento;Sa�da de leito carro��vel;Com V�timas Fatais;Plena Noite;Decrescente;Chuva;Dupla;"Declive;Curva";N�o;1;1;0;0;0;0;0;1;-16,314673;-48,842404;SPRF-GO;DEL02-GO;UOP01-DEL02-GO;;;
666664;12/03/2025;quarta-feira;01:40:00;PR;369;197,7;APUCARANA;Mal s�bito do condutor;Colis�o com objeto;Com V�timas Feridas;Plena Noite;Crescente;C�u Claro;Dupla;Curva;Sim;1;0;1;0;0;0;1;1;-23,519366;-51,429892;SPRF-PR;DEL07-PR;UOP03-DEL07-PR;;;
666665;11/03/2025;ter�a-feira;23:26:00;RO;319;51;PORTO VELHO;Ilumina��o deficiente;Colis�o frontal;Com V�timas Feridas;Plena Noite;Decrescente;C�u Claro;Simples;Reta;N�o;2;0;2;0;0;0;2;2;-8,67664747;-63,99511993;SPRF-RO;DEL01-RO;UOP01-DEL01-RO;;;
666667;12/03/2025;quarta-feira;03:00:00;GO;414;323,9;COCALZINHO DE GOIAS;Rea��o tardia ou ineficiente do condutor;Sa�da de leito carro��vel;Com V�timas Feridas;Plena Noite;Decrescente;Chuva;Simples;Reta;N�o;5;0;4;0;1;0;4;1;-15,414041;-48,625805;SPRF-GO;DEL02-GO;UOP01-DEL02-GO;;;
666669;12/03/2025;quarta-feira;04:35:00;SC;101;101;TIJUCAS;Condutor deixou de manter dist�ncia do ve�culo da frente;Colis�o traseira;Com V�timas Feridas;Plena Noite;Decrescente;C�u Claro;Dupla;Reta;N�o;3;0;1;0;2;0;1;3;-27,30084454;-48,63126576;SPRF-SC;DEL03-SC;UOP02-DEL03-SC;;;
666673;11/03/2025;ter�a-feira;22:40:00;SC;101;213,9;PALHOCA;Pedestre cruzava a pista fora da faixa;Atropelamento de Pedestre;Com V�timas Feridas;Plena Noite;Decrescente;Garoa/Chuvisco;M�ltipla;"Reta;Interse��o de Vias";Sim;3;0;0;1;0;2;1;2;-27,64367;-48,67023;SPRF-SC;DEL01-SC;UOP02-DEL01-SC;;;
666674;12/03/2025;quarta-feira;05:30:00;TO;230;2;AGUIARNOPOLIS;Animais na Pista;Atropelamento de Animal;Com V�timas Feridas;Amanhecer;Crescente;Nublado;Simples;Reta;N�o;6;0;4;0;2;0;4;1;-6,54774;-47,482217;SPRF-TO;DEL02-TO;UOP03-DEL02-TO;;;
666677;12/03/2025;quarta-feira;05:40:00;MG;40;517;RIBEIRAO DAS NEVES;Transitar no Acostamento;Colis�o transversal;Com V�timas Feridas;Amanhecer;Crescente;C�u Claro;Dupla;"Reta;Retorno Regulamentado";Sim;3;0;1;0;2;0;1;2;-19,82958327;-44,08357501;SPRF-MG;DEL01-MG;UOP02-DEL01-MG;;;
666678;11/03/2025;ter�a-feira;20:30:00;BA;116;915,8;ENCRUZILHADA;Rea��o tardia ou ineficiente do condutor;Sa�da de leito carro��vel;Com V�timas Feridas;Plena Noite;Decrescente;C�u Claro;Simples;Reta;N�o;2;0;2;0;0;0;2;1;-15,561488;-41,265305;SPRF-BA;DEL08-BA;UOP03-DEL08-BA;;;
666679;12/03/2025;quarta-feira;06:30:00;MG;381;483,1;BETIM;Demais falhas mec�nicas ou el�tricas;Tombamento;Com V�timas Feridas;Pleno dia;Decrescente;C�u Claro;Dupla;Declive;Sim;2;0;2;0;0;0;2;1;-19,9597093;-44,08237338;SPRF-MG;DEL01-MG;UOP03-DEL01-MG;;;
666681;12/03/2025;quarta-feira;05:40:00;GO;60;455;JATAI;Aus�ncia de rea��o do condutor;Colis�o traseira;Com V�timas Feridas;Amanhecer;Decrescente;Ignorado;Dupla;Reta;N�o;2;0;1;0;1;0;1;2;-17,866632;-51,579115;SPRF-GO;DEL05-GO;UOP01-DEL05-GO;;;
666682;12/03/2025;quarta-feira;01:20:00;SP;381;27;ATIBAIA;Aus�ncia de rea��o do condutor;Sa�da de leito carro��vel;Sem V�timas;Plena Noite;Decrescente;Chuva;Dupla;Reta;Sim;1;0;0;0;0;1;0;1;-23,04491445;-46,561596;SPRF-SP;DEL03-SP;UOP02-DEL03-SP;;;
666685;12/03/2025;quarta-feira;04:30:00;SP;381;85;SAO PAULO;Acessar a via sem observar a presen�a dos outros ve�culos;Atropelamento de Pedestre;Com V�timas Feridas;Plena Noite;Crescente;C�u Claro;Dupla;Reta;Sim;2;0;1;0;0;1;1;2;-23,46666137;-46,57158136;SPRF-SP;DEL03-SP;UOP01-DEL03-SP;;;
666686;12/03/2025;quarta-feira;06:50:00;BA;116;818;VITORIA DA CONQUISTA;Desrespeitar a prefer�ncia no cruzamento;Colis�o transversal;Com V�timas Fatais;Pleno dia;Decrescente;C�u Claro;Simples;"Reta;Interse��o de Vias";N�o;2;1;0;0;1;0;0;2;-14,823411;-40,818285;SPRF-BA;DEL08-BA;UOP01-DEL08-BA;;;