id;data_inversa;dia_semana;horario;uf;br;km;municipio;causa_acidente;tipo_acidente;classificacao_acidente;fase_dia;sentido_via;condicao_metereologica;tipo_pista;tracado_via;uso_solo;pessoas;mortos;feridos_leves;feridos_graves;ilesos;ignorados;feridos;veiculos;latitude;longitude;regional;delegacia;uop;;;
666687;12/03/2025;quarta-feira;07:14:00;ES;447;14;VILA VELHA;Falta de acostamento;Colis�o lateral mesmo sentido;Com V�timas Fatais;Pleno dia;Decrescente;C�u Claro;Dupla;Reta;Sim;2;1;0;0;1;0;0;2;-20,3520306;-40,33355713;SPRF-ES;DEL01-ES;UOP01-DEL01-ES;;;
666690;12/03/2025;quarta-feira;07:18:00;CE;116;17;EUSEBIO;Aus�ncia de rea��o do condutor;Colis�o traseira;Com V�timas Feridas;Pleno dia;Decrescente;C�u Claro;Dupla;"Aclive;Reta";Sim;2;0;1;0;1;0;1;2;-3,901253;-38,504148;SPRF-CE;DEL01-CE;UOP02-DEL01-CE;;;
666691;12/03/2025;quarta-feira;07:29:00;PE;101;65;RECIFE;Rea��o tardia ou ineficiente do condutor;Colis�o traseira;Com V�timas Feridas;Pleno dia;Crescente;C�u Claro;Dupla;Reta;Sim;2;0;1;0;1;0;1;2;-8,02870896;-34,94312167;SPRF-PE;DEL01-PE;UOP01-DEL01-PE;;;
666693;12/03/2025;quarta-feira;07:17:00;DF;70;8;BRASILIA;Manobra de mudan�a de faixa;Colis�o lateral mesmo sentido;Com V�timas Feridas;Pleno dia;Decrescente;C�u Claro;M�ltipla;Reta;Sim;2;0;1;0;1;0;1;2;-15,78439695;-48,12317491;SPRF-DF;DEL03-DF;UOP02-DEL03-DF;;;
666694;12/03/2025;quarta-feira;07:19:00;PB;101;82,9;BAYEUX;Acessar a via sem observar a presen�a dos outros ve�culos;Colis�o lateral mesmo sentido;Com V�timas Feridas;Pleno dia;Crescente;Sol;Dupla;Viaduto;Sim;3;0;2;0;0;1;2;2;-7,13143;-34,932808;SPRF-PB;DEL01-PB;UOP01-DEL01-PB;;;
666697;12/03/2025;quarta-feira;05:30:00;GO;20;97;VILA BOA;Ultrapassagem Indevida;Colis�o frontal;Sem V�timas;Amanhecer;Decrescente;C�u Claro;Simples;Reta;N�o;6;0;0;0;6;0;0;2;-14,966912;-47,009011;SPRF-DF;DEL02-DF;UOP02-DEL02-DF;;;
666698;12/03/2025;quarta-feira;07:50:00;SC;101;210,8;SAO JOSE;Trafegar com motocicleta (ou similar) entre as faixas;Colis�o traseira;Com V�timas Feridas;Pleno dia;Decrescente;Sol;M�ltipla;Reta;Sim;2;0;1;0;1;0;1;2;-27,62235;-48,65121;SPRF-SC;DEL01-SC;UOP01-DEL01-SC;;;
666699;12/03/2025;quarta-feira;07:25:00;PE;232;492;VERDEJANTE;Demais falhas mec�nicas ou el�tricas;Capotamento;Com V�timas Feridas;Pleno dia;Decrescente;C�u Claro;Simples;Reta;N�o;1;0;0;1;0;0;1;1;-8,01697813;-39,02372396;SPRF-PE;DEL05-PE;UOP01-DEL05-PE;;;
666703;12/03/2025;quarta-feira;06:10:00;BA;324;586,8;CANDEIAS;Aus�ncia de rea��o do condutor;Sa�da de leito carro��vel;Com V�timas Feridas;Pleno dia;Decrescente;C�u Claro;Dupla;Reta;N�o;2;0;2;0;0;0;2;1;-12,6594177;-38,4714091;SPRF-BA;DEL01-BA;UOP01-DEL01-BA;;;
666704;12/03/2025;quarta-feira;07:00:00;SC;470;105;APIUNA;Aus�ncia de rea��o do condutor;Sa�da de leito carro��vel;Com V�timas Feridas;Pleno dia;Decrescente;C�u Claro;Simples;Curva;N�o;3;0;3;0;0;0;3;1;-27,07414076;-49,38793704;SPRF-SC;DEL04-SC;UOP02-DEL04-SC;;;
666705;12/03/2025;quarta-feira;06:50:00;PB;230;504,9;CAJAZEIRAS;Aus�ncia de rea��o do condutor;Colis�o traseira;Com V�timas Feridas;Pleno dia;Decrescente;C�u Claro;Simples;Reta;Sim;2;0;1;0;1;0;1;2;-6,902047;-38,562227;SPRF-PB;DEL03-PB;UOP03-DEL03-PB;;;
666706;12/03/2025;quarta-feira;08:00:00;PR;158;536,8;PATO BRANCO;Transitar na contram�o;Colis�o frontal;Com V�timas Feridas;Pleno dia;Decrescente;C�u Claro;Simples;Reta;Sim;3;0;1;0;2;0;1;2;-26,24558;-52,70089833;SPRF-PR;DEL02-PR;UOP01-DEL02-PR;;;
666707;12/03/2025;quarta-feira;08:10:00;RJ;101;306;SAO GONCALO;Manobra de mudan�a de faixa;Colis�o lateral mesmo sentido;Com V�timas Feridas;Pleno dia;Crescente;Nublado;Dupla;Reta;N�o;2;0;1;0;1;0;1;2;-22,7934208;-43,0309376;SPRF-RJ;DEL02-RJ;UOP02-DEL02-RJ;;;
666708;12/03/2025;quarta-feira;06:45:00;RS;290;127;ELDORADO DO SUL;Transitar na contram�o;Colis�o frontal;Com V�timas Fatais;Pleno dia;Crescente;C�u Claro;Simples;Reta;N�o;3;1;1;0;1;0;1;2;-30,05676;-51,485988;SPRF-RS;DEL02-RS;UOP01-DEL02-RS;;;
666710;12/03/2025;quarta-feira;06:40:00;PR;376;100;PARANAVAI;Ultrapassagem Indevida;Colis�o lateral sentido oposto;Com V�timas Fatais;Pleno dia;Crescente;Sol;Simples;"Reta;Aclive";N�o;2;1;0;0;1;0;0;2;-23,033194;-52,480379;SPRF-PR;DEL09-PR;UOP02-DEL09-PR;;;
666711;12/03/2025;quarta-feira;08:30:00;SC;101;122;ITAJAI;Acessar a via sem observar a presen�a dos outros ve�culos;Colis�o lateral mesmo sentido;Com V�timas Feridas;Pleno dia;Crescente;C�u Claro;Dupla;"Reta;Interse��o de Vias";Sim;2;0;1;0;1;0;1;2;-26,93780023;-48,69884491;SPRF-SC;DEL04-SC;UOP04-DEL04-SC;;;
666713;12/03/2025;quarta-feira;06:00:00;AL;316;82;SANTANA DO IPANEMA;Rea��o tardia ou ineficiente do condutor;Colis�o traseira;Com V�timas Feridas;Pleno dia;Crescente;Sol;Simples;Aclive;Sim;2;0;0;1;1;0;1;2;-9,366682;-37,257226;SPRF-AL;DEL03-AL;UOP02-DEL03-AL;;;
666716;12/03/2025;quarta-feira;08:30:00;SE;235;55;ITABAIANA;Acesso irregular;Colis�o transversal;Com V�timas Feridas;Pleno dia;Decrescente;C�u Claro;Simples;Reta;N�o;4;0;2;1;1;0;3;2;-10,67051455;-37,44509763;SPRF-SE;DEL01-SE;UOP02-DEL01-SE;;;
666719;12/03/2025;quarta-feira;09:30:00;DF;70;6;BRASILIA;Acumulo de �leo sobre o pavimento;Queda de ocupante de ve�culo;Com V�timas Feridas;Pleno dia;Decrescente;C�u Claro;Dupla;Reta;Sim;1;0;1;0;0;0;1;1;-15,78946046;-48,11054522;SPRF-DF;DEL03-DF;UOP02-DEL03-DF;;;
666720;12/02/2025;quarta-feira;17:20:00;ES;101;142;LINHARES;Manobra de mudan�a de faixa;Colis�o lateral mesmo sentido;Com V�timas Feridas;Pleno dia;Crescente;C�u Claro;M�ltipla;Reta;Sim;2;0;0;1;1;0;1;2;-19,33458987;-40,06755477;SPRF-ES;DEL04-ES;UOP01-DEL04-ES;;;
666721;12/03/2025;quarta-feira;06:50:00;PR;153;335;IRATI;Acessar a via sem observar a presen�a dos outros ve�culos;Colis�o frontal;Com V�timas Feridas;Amanhecer;Decrescente;C�u Claro;Simples;"Reta;Interse��o de Vias;Declive";Sim;2;0;0;1;1;0;1;2;-25,49479591;-50,64724799;SPRF-PR;DEL08-PR;UOP02-DEL08-PR;;;
666724;21/02/2025;sexta-feira;18:00:00;DF;20;24;BRASILIA;Manobra de mudan�a de faixa;Colis�o lateral mesmo sentido;Com V�timas Feridas;Anoitecer;Crescente;C�u Claro;Dupla;"Curva;Aclive";N�o;1;0;0;1;0;0;1;1;-15,594957;-47,656666;SPRF-DF;DEL02-DF;UOP01-DEL02-DF;;;
666726;12/03/2025;quarta-feira;07:20:00;RS;470;153,3;NOVA PRATA;Acessar a via sem observar a presen�a dos outros ve�culos;Tombamento;Com V�timas Feridas;Pleno dia;Crescente;Nublado;Simples;"Reta;Aclive";N�o;2;0;1;0;1;0;1;2;-28,76327644;-51,62527084;SPRF-RS;DEL06-RS;UOP02-DEL06-RS;;;
666728;12/03/2025;quarta-feira;10:00:00;SP;116;221;GUARULHOS;Trafegar com motocicleta (ou similar) entre as faixas;Colis�o lateral mesmo sentido;Com V�timas Feridas;Pleno dia;Crescente;C�u Claro;M�ltipla;"Em Obras;Reta";Sim;2;0;1;0;0;1;1;2;-23,46942854;-46,51358891;SPRF-SP;DEL01-SP;UOP01-DEL01-SP;;;
666731;12/03/2025;quarta-feira;10:00:00;PR;369;187;ARAPONGAS;Aus�ncia de rea��o do condutor;Tombamento;Com V�timas Feridas;Pleno dia;Crescente;C�u Claro;Simples;"Reta;Rotat�ria";Sim;1;0;1;0;0;0;1;1;-23,41755758;-51,42664254;SPRF-PR;DEL07-PR;UOP03-DEL07-PR;;;
666735;20/02/2025;quinta-feira;15:56:00;PR;116;211,2;RIO NEGRO;Condutor deixou de manter dist�ncia do ve�culo da frente;Colis�o traseira;Sem V�timas;Pleno dia;Decrescente;Sol;Simples;Interse��o de Vias;Sim;3;0;0;0;3;0;0;2;-26,099529;-49,780484;SPRF-SC;DEL06-SC;UOP01-DEL06-SC;;;
666736;12/03/2025;quarta-feira;09:07:00;RO;364;426;JARU;Aus�ncia de rea��o do condutor;Queda de ocupante de ve�culo;Com V�timas Feridas;Pleno dia;Decrescente;Sol;Dupla;Reta;Sim;1;0;1;0;0;0;1;1;-10,429732;-62,484137;SPRF-RO;DEL03-RO;UOP02-DEL03-RO;;;
666740;12/03/2025;quarta-feira;11:35:00;CE;116;501;BREJO SANTO;Convers�o proibida;Colis�o traseira;Com V�timas Feridas;Pleno dia;Crescente;Sol;Simples;"Declive;Reta";Sim;4;0;0;2;2;0;2;3;-7,47959126;-38,9815414;SPRF-CE;DEL05-CE;UOP03-DEL05-CE;;;
666743;12/03/2025;quarta-feira;10:30:00;RS;293;139;CANDIOTA;Animais na Pista;Capotamento;Sem V�timas;Pleno dia;Crescente;C�u Claro;Simples;"Reta;Declive";N�o;2;0;0;0;2;0;0;1;-31,45581;-53,674352;SPRF-RS;DEL11-RS;UOP03-DEL11-RS;;;
666744;12/03/2025;quarta-feira;12:10:00;SC;101;117;ITAJAI;Velocidade Incompat�vel;Colis�o frontal;Com V�timas Feridas;Pleno dia;Decrescente;C�u Claro;M�ltipla;Reta;Sim;2;0;0;1;1;0;1;2;-26,8894638;-48,72108912;SPRF-SC;DEL04-SC;UOP04-DEL04-SC;;;
666746;12/03/2025;quarta-feira;11:25:00;RJ;116;184;NOVA IGUACU;Demais falhas mec�nicas ou el�tricas;Inc�ndio;Sem V�timas;Pleno dia;Decrescente;C�u Claro;Dupla;Reta;Sim;1;0;0;0;1;0;0;1;-22,7531421;-43,4366839;SPRF-RJ;DEL06-RJ;UOP01-DEL06-RJ;;;
666747;12/03/2025;quarta-feira;11:15:00;MT;163;690;LUCAS DO RIO VERDE;Acessar a via sem observar a presen�a dos outros ve�culos;Colis�o transversal;Com V�timas Feridas;Pleno dia;Decrescente;C�u Claro;Simples;Reta;Sim;2;0;1;0;1;0;1;2;-13,05658017;-55,91396213;SPRF-MT;DEL06-MT;UOP01-DEL06-MT;;;
666748;12/03/2025;quarta-feira;08:30:00;PI;316;309;PICOS;Condutor deixou de manter dist�ncia do ve�culo da frente;Colis�o traseira;Com V�timas Feridas;Pleno dia;Decrescente;C�u Claro;Simples;"Declive;Reta";Sim;2;0;0;1;1;0;1;2;-7,07755485;-41,48222923;SPRF-PI;DEL04-PI;UOP01-DEL04-PI;;;
666749;12/03/2025;quarta-feira;11:15:00;GO;364;120;APARECIDA DO RIO DOCE;Carga excessiva e/ou mal acondicionada;Capotamento;Sem V�timas;Pleno dia;Decrescente;C�u Claro;Simples;Reta;N�o;1;0;0;0;1;0;0;1;-18,28068;-51,19629;SPRF-GO;DEL05-GO;UOP02-DEL05-GO;;;
666750;12/03/2025;quarta-feira;12:41:00;ES;101;297;CARIACICA;Aus�ncia de rea��o do condutor;Tombamento;Com V�timas Feridas;Pleno dia;Crescente;C�u Claro;Dupla;Reta;Sim;1;0;1;0;0;0;1;1;-20,348363;-40,411917;SPRF-ES;DEL01-ES;UOP01-DEL01-ES;;;
666751;12/03/2025;quarta-feira;09:15:00;PI;343;341,1;TERESINA;Carga excessiva e/ou mal acondicionada;Colis�o com objeto;Com V�timas Feridas;Pleno dia;Crescente;C�u Claro;Dupla;"Aclive;Reta";Sim;1;0;0;1;0;0;1;1;-5,07754166;-42,74574833;SPRF-PI;DEL01-PI;UOP01-DEL01-PI;;;
666754;12/03/2025;quarta-feira;12:45:00;MG;381;480;CONTAGEM;Aus�ncia de rea��o do condutor;Atropelamento de Pedestre;Com V�timas Fatais;Pleno dia;Crescente;C�u Claro;Dupla;"Reta;Declive";Sim;2;1;0;0;1;0;0;2;-19,96140945;-44,05208588;SPRF-MG;DEL01-MG;UOP03-DEL01-MG;;;
666755;12/03/2025;quarta-feira;13:15:00;GO;60;89;ANAPOLIS;Acessar a via sem observar a presen�a dos outros ve�culos;Colis�o transversal;Sem V�timas;Pleno dia;Crescente;Sol;Dupla;"Reta;Retorno Regulamentado";Sim;3;0;0;0;3;0;0;2;-16,33400222;-48,89257431;SPRF-GO;DEL02-GO;UOP01-DEL02-GO;;;
666756;12/03/2025;quarta-feira;12:20:00;RJ;116;141;MAGE;Transtornos Mentais (exceto suicidio);Colis�o com objeto;Com V�timas Feridas;Pleno dia;Crescente;C�u Claro;Dupla;Reta;N�o;1;0;1;0;0;0;1;1;-22,64684354;-43,1919729;SPRF-RJ;DEL01-RJ;UOP02-DEL01-RJ;;;
666758;12/03/2025;quarta-feira;13:00:00;SC;101;199;SAO JOSE;Manobra de mudan�a de faixa;Colis�o transversal;Com V�timas Feridas;Pleno dia;Crescente;C�u Claro;Simples;Reta;Sim;4;0;1;0;3;0;1;3;-27,5326698;-48,6314275;SPRF-SC;DEL01-SC;UOP01-DEL01-SC;;;
666759;12/02/2025;quarta-feira;06:30:00;MG;40;521,5;CONTAGEM;Trafegar com motocicleta (ou similar) entre as faixas;Tombamento;Com V�timas Feridas;Pleno dia;Crescente;C�u Claro;Dupla;Curva;N�o;1;0;1;0;0;0;1;1;-19,86053;-44,0712;SPRF-MG;DEL01-MG;UOP02-DEL01-MG;;;
666760;12/03/2025;quarta-feira;11:40:00;ES;262;34;DOMINGOS MARTINS;Condutor deixou de manter dist�ncia do ve�culo da frente;Colis�o traseira;Com V�timas Feridas;Pleno dia;Crescente;Sol;Simples;Curva;N�o;2;0;1;0;0;1;1;2;-20,3728647;-40,5922998;SPRF-ES;DEL01-ES;UOP01-DEL01-ES;;;
666762;12/03/2025;quarta-feira;13:10:00;SC;282;18,4;PALHOCA;Acessar a via sem observar a presen�a dos outros ve�culos;Colis�o transversal;Com V�timas Feridas;Pleno dia;Decrescente;Nublado;Simples;Interse��o de Vias;Sim;2;0;2;0;0;0;2;2;-27,675778;-48,698245;SPRF-SC;DEL01-SC;UOP02-DEL01-SC;;;
666763;04/03/2025;ter�a-feira;16:30:00;AM;230;605;HUMAITA;Pista Escorregadia;Sa�da de leito carro��vel;Sem V�timas;Pleno dia;Crescente;Nublado;Simples;Reta;N�o;3;0;0;0;3;0;0;1;-7,4876548;-62,9667201;SPRF-AM;DEL02-AM;UOP01-DEL02-AM;;;
666764;12/03/2025;quarta-feira;13:30:00;SP;116;230;SAO PAULO;Demais falhas mec�nicas ou el�tricas;Inc�ndio;Sem V�timas;Pleno dia;Decrescente;C�u Claro;M�ltipla;Reta;Sim;1;0;0;0;1;0;0;1;-23,5185989;-46,58148224;SPRF-SP;DEL01-SP;UOP01-DEL01-SP;;;
666766;21/02/2025;sexta-feira;21:15:00;RJ;0;0;RIO DE JANEIRO;Rea��o tardia ou ineficiente do condutor;Colis�o traseira;Sem V�timas;Plena Noite;N�o Informado;C�u Claro;Simples;Declive;Sim;7;0;0;0;7;0;0;2;-22,806135;-43,355273;SPRF-RJ;N/A;N/A;;;
666768;12/03/2025;quarta-feira;14:30:00;DF;70;11;BRASILIA;Chuva;Tombamento;Com V�timas Feridas;Pleno dia;Decrescente;Chuva;Dupla;Reta;Sim;1;0;1;0;0;0;1;1;-15,789945;-48,148889;SPRF-DF;DEL03-DF;UOP02-DEL03-DF;;;
666770;12/03/2025;quarta-feira;13:20:00;RJ;356;26;ITAPERUNA;Acessar a via sem observar a presen�a dos outros ve�culos;Colis�o transversal;Com V�timas Feridas;Pleno dia;Decrescente;Sol;Simples;"Interse��o de Vias;Reta;Rotat�ria";N�o;3;0;1;0;2;0;1;2;-21,18007505;-41,95432484;SPRF-RJ;DEL08-RJ;UOP03-DEL08-RJ;;;
666771;12/03/2025;quarta-feira;14:00:00;DF;20;15,5;BRASILIA;Velocidade Incompat�vel;Tombamento;Com V�timas Feridas;Pleno dia;Crescente;Chuva;Dupla;"Reta;Declive";N�o;1;0;1;0;0;0;1;1;-15,6288548;-47,730253;SPRF-DF;DEL02-DF;UOP01-DEL02-DF;;;
666775;12/03/2025;quarta-feira;11:40:00;PR;277;271;IRATI;Aus�ncia de rea��o do condutor;Tombamento;Com V�timas Feridas;Pleno dia;Decrescente;C�u Claro;Simples;Reta;N�o;1;0;1;0;0;0;1;1;-25,36903;-50,9042957;SPRF-PR;DEL08-PR;UOP02-DEL08-PR;;;
666776;12/03/2025;quarta-feira;15:23:00;PE;232;54,1;POMBOS;Estacionar ou parar em local proibido;Colis�o traseira;Com V�timas Feridas;Pleno dia;Crescente;Sol;Dupla;Curva;N�o;2;0;1;0;1;0;1;2;-8,13014868;-35,35947377;SPRF-PE;DEL02-PE;UOP02-DEL02PE;;;
666778;12/03/2025;quarta-feira;10:00:00;MS;158;14;CASSILANDIA;Rea��o tardia ou ineficiente do condutor;Colis�o traseira;Com V�timas Feridas;Pleno dia;Crescente;C�u Claro;Simples;Reta;N�o;2;0;1;0;1;0;1;2;-19,160467;-51,643406;SPRF-MS;DEL08-MS;UOP01-DEL08-MS;;;
666779;12/03/2025;quarta-feira;13:20:00;MG;262;810,8;UBERABA;Rea��o tardia ou ineficiente do condutor;Colis�o lateral mesmo sentido;Com V�timas Feridas;Pleno dia;Decrescente;Sol;Dupla;Reta;Sim;2;0;1;0;1;0;1;2;-19,76942963;-47,98124313;SPRF-MG;DEL13-MG;UOP01-DEL13-MG;;;
666780;26/02/2025;quarta-feira;11:00:00;MS;267;590;CARACOL;Aus�ncia de rea��o do condutor;Sa�da de leito carro��vel;Sem V�timas;Pleno dia;Crescente;Chuva;Simples;"Curva;Declive";N�o;1;0;0;0;0;1;0;1;-21,732919;-57,024824;SPRF-MS;DEL05-MS;UOP01-DEL05-MS;;;
666782;12/03/2025;quarta-feira;15:35:00;PR;469;12,9;FOZ DO IGUACU;Condutor deixou de manter dist�ncia do ve�culo da frente;Colis�o traseira;Com V�timas Feridas;Pleno dia;Crescente;C�u Claro;Simples;Reta;Sim;3;0;1;0;2;0;1;2;-25,57756071;-54,54262191;SPRF-PR;DEL05-PR;UOP04-DEL05-PR;;;
666785;12/03/2025;quarta-feira;14:00:00;PR;476;350;UNIAO DA VITORIA;Velocidade Incompat�vel;Colis�o traseira;Com V�timas Feridas;Pleno dia;Crescente;C�u Claro;Simples;Reta;N�o;6;0;1;0;5;0;1;6;-26,19826532;-50,99475861;SPRF-PR;DEL02-PR;UOP03-DEL02-PR;;;
666787;24/02/2025;segunda-feira;13:19:00;MG;116;701,8;MURIAE;Acessar a via sem observar a presen�a dos outros ve�culos;Colis�o transversal;Com V�timas Feridas;Pleno dia;Decrescente;Nublado;Simples;Interse��o de Vias;Sim;3;0;2;0;1;0;2;2;-21,11981764;-42,38004154;SPRF-MG;DEL07-MG;UOP02-DEL07-MG;;;
666788;12/03/2025;quarta-feira;15:50:00;PI;343;345;TERESINA;Acessar a via sem observar a presen�a dos outros ve�culos;Colis�o transversal;Com V�timas Feridas;Pleno dia;Decrescente;C�u Claro;Simples;Reta;Sim;2;0;1;0;0;1;1;2;-5,106375;-42,7675364;SPRF-PI;DEL01-PI;UOP01-DEL01-PI;;;
666789;12/03/2025;quarta-feira;16:30:00;SC;101;201,5;SAO JOSE;Rea��o tardia ou ineficiente do condutor;Queda de ocupante de ve�culo;Com V�timas Feridas;Pleno dia;Decrescente;C�u Claro;M�ltipla;Reta;Sim;1;0;1;0;0;0;1;1;-27,55373319;-48,61911351;SPRF-SC;DEL01-SC;UOP01-DEL01-SC;;;
666791;12/03/2025;quarta-feira;13:30:00;PA;222;38,3;DOM ELISEU;Acessar a via sem observar a presen�a dos outros ve�culos;Colis�o traseira;Com V�timas Feridas;Pleno dia;Decrescente;Sol;Simples;Reta;N�o;2;0;1;0;1;0;1;2;-4,32319;-47,734011;SPRF-PA;DEL02-PA;UOP02-DEL02-PA;;;
666795;12/03/2025;quarta-feira;15:43:00;MT;174;16;COMODORO;Condutor deixou de manter dist�ncia do ve�culo da frente;Colis�o traseira;Com V�timas Feridas;Pleno dia;Crescente;C�u Claro;Simples;Reta;Sim;2;0;1;0;1;0;1;2;-12,8330066;-60,0746113;SPRF-MT;DEL03-MT;UOP01-DEL03-MT;;;
666796;22/02/2025;s�bado;05:30:00;RS;116;265;CANOAS;Demais falhas mec�nicas ou el�tricas;Eventos at�picos;Sem V�timas;Plena Noite;Decrescente;C�u Claro;Dupla;Reta;Sim;2;0;0;0;2;0;0;1;-29,92197876;-51,17779684;SPRF-RS;DEL01-RS;UOP01-DEL01-RS;;;
666802;12/03/2025;quarta-feira;16:40:00;PR;277;722;FOZ DO IGUACU;Demais falhas mec�nicas ou el�tricas;Tombamento;Com V�timas Feridas;Pleno dia;Decrescente;C�u Claro;Dupla;Reta;Sim;1;0;1;0;0;0;1;1;-25,50384004;-54,54062819;SPRF-PR;DEL05-PR;UOP03-DEL05-PR;;;
666804;12/03/2025;quarta-feira;16:50:00;BA;407;100;JAGUARARI;Demais falhas mec�nicas ou el�tricas;Inc�ndio;Sem V�timas;Pleno dia;Decrescente;C�u Claro;Simples;Declive;N�o;1;0;0;0;1;0;0;1;-10,23774;-40,20258;SPRF-BA;DEL04-BA;UOP01-DEL04-BA;;;
666805;12/03/2025;quarta-feira;17:40:00;SC;101;87;BARRA VELHA;Acessar a via sem observar a presen�a dos outros ve�culos;Colis�o transversal;Com V�timas Feridas;Anoitecer;Crescente;Chuva;Simples;Interse��o de Vias;Sim;2;0;1;0;1;0;1;2;-26,64405881;-48,68855054;SPRF-SC;DEL03-SC;UOP02-DEL03-SC;;;
666806;12/03/2025;quarta-feira;16:20:00;CE;20;253,7;MADALENA;Entrada inopinada do pedestre;Atropelamento de Pedestre;Com V�timas Fatais;Pleno dia;Crescente;Nublado;Simples;Reta;Sim;3;1;0;0;2;0;0;2;-4,761398;-39,484418;SPRF-CE;DEL02-CE;UOP01-DEL02-CE;;;
666811;12/03/2025;quarta-feira;16:50:00;ES;101;422,6;ATILIO VIVACQUA;Aus�ncia de rea��o do condutor;Sa�da de leito carro��vel;Com V�timas Feridas;Pleno dia;Decrescente;C�u Claro;Simples;Curva;N�o;1;0;0;1;0;0;1;1;-20,98623007;-41,118398;SPRF-ES;DEL03-ES;UOP02-DEL03-ES;;;
666812;12/03/2025;quarta-feira;16:50:00;MG;116;274;TEOFILO OTONI;Ingest�o de �lcool pelo condutor;Colis�o lateral mesmo sentido;Com V�timas Feridas;Pleno dia;Crescente;C�u Claro;Dupla;Reta;Sim;2;0;1;0;0;1;1;2;-17,83983457;-41,51327664;SPRF-MG;DEL11-MG;UOP01-DEL11-MG;;;
666814;12/03/2025;quarta-feira;16:15:00;MG;267;31,4;ARGIRITA;Demais falhas na via;Sa�da de leito carro��vel;Com V�timas Feridas;Pleno dia;Decrescente;C�u Claro;Simples;Reta;N�o;1;0;1;0;0;0;1;1;-21,64081106;-42,83499196;SPRF-MG;DEL07-MG;UOP01-DEL07-MG;;;
666815;12/03/2025;quarta-feira;18:15:00;RS;386;49,1;SEBERI;Rea��o tardia ou ineficiente do condutor;Colis�o transversal;Com V�timas Feridas;Anoitecer;Crescente;Nublado;Simples;Reta;Sim;2;0;1;0;1;0;1;2;-27,47977;-53,39628;SPRF-RS;DEL08-RS;UOP02-DEL08-RS;;;
666816;12/03/2025;quarta-feira;18:00:00;CE;116;12,7;FORTALEZA;Rea��o tardia ou ineficiente do condutor;Tombamento;Com V�timas Feridas;Pleno dia;Crescente;C�u Claro;Dupla;Reta;Sim;2;0;2;0;0;0;2;1;-3,858992;-38,49687;SPRF-CE;DEL01-CE;UOP02-DEL01-CE;;;
666817;24/01/2025;sexta-feira;11:30:00;MT;163;818;SINOP;Acumulo de areia ou detritos sobre o pavimento;Colis�o com objeto;Sem V�timas;Pleno dia;Crescente;C�u Claro;Simples;Reta;N�o;1;0;0;0;1;0;0;1;-12,0055793;-55,5172044;SPRF-MT;DEL06-MT;UOP02-DEL06-MT;;;
666818;12/03/2025;quarta-feira;17:10:00;SC;280;58;GUARAMIRIM;Acumulo de �gua sobre o pavimento;Queda de ocupante de ve�culo;Com V�timas Feridas;Pleno dia;Crescente;Chuva;Dupla;Rotat�ria;Sim;1;0;1;0;0;0;1;1;-26,47404439;-49,02009303;SPRF-SC;DEL03-SC;UOP03-DEL03-SC;;;
666820;22/02/2025;s�bado;02:15:00;SC;116;249,9;LAGES;Rea��o tardia ou ineficiente do condutor;Colis�o traseira;Sem V�timas;Plena Noite;Crescente;C�u Claro;Simples;Reta;N�o;3;0;0;0;3;0;0;2;-27,835384;-50,38069;SPRF-SC;DEL05-SC;UOP02-DEL05-SC;;;
666822;12/03/2025;quarta-feira;18:00:00;RN;101;93,8;NATAL;Manobra de mudan�a de faixa;Colis�o lateral mesmo sentido;Com V�timas Feridas;Anoitecer;Crescente;C�u Claro;M�ltipla;Interse��o de Vias;Sim;2;0;1;0;1;0;1;2;-5,82581;-35,211188;SPRF-RN;DEL01-RN;UOP01-DEL01-RN;;;
666824;12/03/2025;quarta-feira;17:00:00;RJ;116;302;PORTO REAL;Avarias e/ou desgaste excessivo no pneu;Tombamento;Com V�timas Feridas;Pleno dia;Crescente;Nublado;Dupla;Reta;N�o;2;0;1;1;0;0;2;1;-22,4524734;-44,3586459;SPRF-RJ;DEL07-RJ;UOP02-DEL07-RJ;;;
666826;12/03/2025;quarta-feira;18:30:00;PB;230;507;CAJAZEIRAS;Acessar a via sem observar a presen�a dos outros ve�culos;Colis�o frontal;Com V�timas Feridas;Pleno dia;Decrescente;Nublado;Simples;Aclive;Sim;3;0;0;2;1;0;2;2;-6,894;-38,5792;SPRF-PB;DEL03-PB;UOP03-DEL03-PB;;;
666828;12/03/2025;quarta-feira;18:10:00;MT;70;498;CUIABA;Acesso irregular;Colis�o transversal;Com V�timas Feridas;Plena Noite;Crescente;C�u Claro;Simples;Reta;N�o;3;0;1;0;2;0;1;3;-15,613952;-56,098816;SPRF-MT;DEL01-MT;UOP02-DEL01-MT;;;
666830;12/03/2025;quarta-feira;18:20:00;BA;116;25;VITORIA DA CONQUISTA;Acessar a via sem observar a presen�a dos outros ve�culos;Colis�o transversal;Com V�timas Feridas;Plena Noite;Crescente;C�u Claro;Simples;Interse��o de Vias;N�o;3;0;0;3;0;0;3;2;-14,85268512;-40,80079432;SPRF-BA;DEL08-BA;UOP01-DEL08-BA;;;
666831;12/03/2025;quarta-feira;19:00:00;SC;101;118;ITAJAI;Aus�ncia de rea��o do condutor;Colis�o lateral mesmo sentido;Com V�timas Feridas;Plena Noite;Crescente;C�u Claro;Dupla;Reta;Sim;2;0;1;0;1;0;1;2;-26,89111941;-48,7194407;SPRF-SC;DEL04-SC;UOP04-DEL04-SC;;;