id;data_inversa;dia_semana;horario;uf;br;km;municipio;causa_acidente;tipo_acidente;classificacao_acidente;fase_dia;sentido_via;condicao_metereologica;tipo_pista;tracado_via;uso_solo;pessoas;mortos;feridos_leves;feridos_graves;ilesos;ignorados;feridos;veiculos;latitude;longitude;regional;delegacia;uop;;;
666833;12/03/2025;quarta-feira;17:25:00;SC;101;376,1;ICARA;Aus�ncia de rea��o do condutor;Capotamento;Com V�timas Feridas;Pleno dia;Decrescente;Nublado;Dupla;Reta;N�o;1;0;1;0;0;0;1;1;-28,73791555;-49,24844004;SPRF-SC;DEL02-SC;UOP01-DEL02-SC;;;
666834;12/03/2025;quarta-feira;19:00:00;PE;428;187;PETROLINA;Acessar a via sem observar a presen�a dos outros ve�culos;Colis�o traseira;Com V�timas Feridas;Plena Noite;Decrescente;C�u Claro;Dupla;"Em Obras;Reta";Sim;2;0;0;1;1;0;1;2;-9,364493;-40,482626;SPRF-PE;DEL06-PE;UOP01-DEL06-PE;;;
666835;12/03/2025;quarta-feira;19:00:00;RN;304;33;MOSSORO;Animais na Pista;Atropelamento de Animal;Com V�timas Feridas;Plena Noite;Decrescente;C�u Claro;Dupla;Reta;Sim;4;0;1;0;0;3;1;2;-5,151579;-37,348367;SPRF-RN;DEL04-RN;UOP02-DEL04-RN;;;
666837;12/03/2025;quarta-feira;19:35:00;SC;282;20,4;PALHOCA;Acessar a via sem observar a presen�a dos outros ve�culos;Colis�o transversal;Sem V�timas;Plena Noite;Crescente;Chuva;Simples;"Interse��o de Vias;Declive;Reta";N�o;2;0;0;0;2;0;0;2;-27,68711928;-48,71372223;SPRF-SC;DEL01-SC;UOP02-DEL01-SC;;;
666838;12/03/2025;quarta-feira;18:50:00;SP;116;216;GUARULHOS;Rea��o tardia ou ineficiente do condutor;Queda de ocupante de ve�culo;Sem V�timas;Plena Noite;Crescente;Chuva;M�ltipla;Declive;N�o;1;0;0;0;0;1;0;1;-23,4240141;-46,3979628;SPRF-SP;DEL01-SP;UOP01-DEL01-SP;;;
666841;12/03/2025;quarta-feira;19:20:00;RS;285;122;VACARIA;Transitar na contram�o;Colis�o com objeto;Com V�timas Feridas;Plena Noite;Crescente;Nublado;Simples;Rotat�ria;Sim;2;0;1;0;1;0;1;2;-28,50604279;-50,94344258;SPRF-RS;DEL05-RS;UOP03-DEL05-RS;;;
666842;12/03/2025;quarta-feira;15:40:00;GO;60;413;RIO VERDE;Retorno proibido;Colis�o transversal;Com V�timas Feridas;Pleno dia;Decrescente;Nublado;Dupla;Reta;N�o;3;0;0;1;2;0;1;2;-17,819037;-51,187942;SPRF-GO;DEL04-GO;UOP02-DEL04-GO;;;
666843;12/03/2025;quarta-feira;20:50:00;SP;116;220;GUARULHOS;Objeto est�tico sobre o leito carro��vel;Colis�o com objeto;Com V�timas Feridas;Plena Noite;Decrescente;Nublado;M�ltipla;"Reta;Em Obras";Sim;1;0;1;0;0;0;1;1;-23,464603;-46,498173;SPRF-SP;DEL01-SP;UOP01-DEL01-SP;;;
666844;12/03/2025;quarta-feira;18:20:00;BA;116;20;VITORIA DA CONQUISTA;Animais na Pista;Atropelamento de Animal;Com V�timas Feridas;Plena Noite;Decrescente;C�u Claro;Simples;Reta;Sim;1;0;1;0;0;0;1;1;-14,8903;-40,8169;SPRF-BA;DEL08-BA;UOP01-DEL08-BA;;;
666846;12/03/2025;quarta-feira;21:15:00;SP;116;220;GUARULHOS;Objeto est�tico sobre o leito carro��vel;Queda de ocupante de ve�culo;Com V�timas Feridas;Plena Noite;Decrescente;C�u Claro;M�ltipla;Reta;Sim;2;0;1;0;1;0;1;1;-23,46672454;-46,50470973;SPRF-SP;DEL01-SP;UOP01-DEL01-SP;;;
666847;12/03/2025;quarta-feira;20:55:00;RJ;101;208;CASIMIRO DE ABREU;Demais falhas mec�nicas ou el�tricas;Queda de ocupante de ve�culo;Com V�timas Feridas;Plena Noite;Crescente;C�u Claro;Dupla;Reta;N�o;2;0;2;0;0;0;2;1;-22,4821248;-42,1691392;SPRF-RJ;DEL08-RJ;UOP04-DEL08-RJ;;;
666850;12/03/2025;quarta-feira;22:00:00;PE;232;78,7;GRAVATA;Objeto est�tico sobre o leito carro��vel;Colis�o com objeto;Sem V�timas;Plena Noite;Crescente;C�u Claro;Dupla;"Declive;Reta";Sim;1;0;0;0;1;0;0;1;-8,19442;-35,558569;SPRF-PE;DEL02-PE;UOP02-DEL02PE;;;
666851;12/03/2025;quarta-feira;17:20:00;SC;470;32,9;GASPAR;Ultrapassagem Indevida;Colis�o lateral mesmo sentido;Com V�timas Feridas;Pleno dia;Crescente;Chuva;Dupla;Interse��o de Vias;Sim;2;0;1;0;1;0;1;2;-26,905012;-48,938711;SPRF-SC;DEL04-SC;UOP01-DEL04-SC;;;
666853;12/03/2025;quarta-feira;22:20:00;MG;365;828;SANTA VITORIA;Animais na Pista;Atropelamento de Animal;Com V�timas Feridas;Plena Noite;Crescente;C�u Claro;Simples;Reta;N�o;1;0;1;0;0;0;1;1;-18,91495946;-50,23275375;SPRF-MG;DEL15-MG;UOP03-DEL15-MG;;;
666854;12/03/2025;quarta-feira;21:30:00;SE;101;96,4;SAO CRISTOVAO;Acessar a via sem observar a presen�a dos outros ve�culos;Colis�o transversal;Com V�timas Fatais;Plena Noite;Crescente;C�u Claro;Dupla;Reta;N�o;2;1;0;0;1;0;0;2;-10,9245479;-37,17734814;SPRF-SE;DEL02-SE;UOP01-DEL02-SE;;;
666855;12/03/2025;quarta-feira;22:30:00;SP;116;221;GUARULHOS;Rea��o tardia ou ineficiente do condutor;Engavetamento;Com V�timas Feridas;Plena Noite;Decrescente;Chuva;M�ltipla;Reta;Sim;4;0;2;0;0;2;2;3;-23,47071796;-46,5158205;SPRF-SP;DEL01-SP;UOP01-DEL01-SP;;;
666856;12/03/2025;quarta-feira;20:00:00;MT;364;360;SANTO ANTONIO DO LEVERGER;Acumulo de �gua sobre o pavimento;Sa�da de leito carro��vel;Sem V�timas;Plena Noite;Crescente;Chuva;Dupla;"Reta;Retorno Regulamentado";N�o;1;0;0;0;1;0;0;1;-15,77202207;-55,65394387;SPRF-MT;DEL01-MT;UOP02-DEL01-MT;;;
666858;12/03/2025;quarta-feira;22:05:00;PE;232;78,7;GRAVATA;Objeto est�tico sobre o leito carro��vel;Colis�o com objeto;Com V�timas Feridas;Plena Noite;Crescente;C�u Claro;Dupla;"Declive;Reta";Sim;2;0;2;0;0;0;2;1;-8,19442;-35,558569;SPRF-PE;DEL02-PE;UOP02-DEL02PE;;;
666860;12/03/2025;quarta-feira;23:00:00;CE;116;9;FORTALEZA;Condutor deixou de manter dist�ncia do ve�culo da frente;Colis�o traseira;Com V�timas Feridas;Plena Noite;Crescente;C�u Claro;Dupla;Reta;Sim;2;0;0;1;1;0;1;2;-3,81716516;-38,50117492;SPRF-CE;DEL01-CE;UOP02-DEL01-CE;;;
666861;12/03/2025;quarta-feira;22:30:00;RO;364;695;PORTO VELHO;Ultrapassagem Indevida;Colis�o frontal;Com V�timas Feridas;Plena Noite;Crescente;Garoa/Chuvisco;Dupla;"Declive;Reta";N�o;3;0;1;0;2;0;1;2;-8,80077007;-63,72688293;SPRF-RO;DEL01-RO;UOP01-DEL01-RO;;;
666863;12/03/2025;quarta-feira;23:40:00;PE;101;53;PAULISTA;Aus�ncia de rea��o do condutor;Queda de ocupante de ve�culo;Com V�timas Feridas;Plena Noite;Crescente;C�u Claro;Dupla;Reta;Sim;1;0;1;0;0;0;1;1;-7,9339635;-34,9025119;SPRF-PE;DEL01-PE;UOP02-DEL01-PE;;;
666864;12/03/2025;quarta-feira;23:40:00;SC;101;88,3;BARRA VELHA;Aus�ncia de rea��o do condutor;Sa�da de leito carro��vel;Sem V�timas;Plena Noite;Crescente;Nublado;Dupla;Reta;Sim;1;0;0;0;1;0;0;1;-26,65280858;-48,68701994;SPRF-SC;DEL03-SC;UOP02-DEL03-SC;;;
666866;13/03/2025;quinta-feira;01:10:00;SC;101;142,5;ITAPEMA;Acumulo de �gua sobre o pavimento;Colis�o com objeto;Com V�timas Feridas;Plena Noite;Crescente;Chuva;Dupla;"Declive;Reta";N�o;1;0;1;0;0;0;1;1;-27,0851653;-48,60686118;SPRF-SC;DEL04-SC;UOP03-DEL04-SC;;;
666867;13/03/2025;quinta-feira;00:10:00;PR;376;88;PARANAVAI;Chuva;Capotamento;Com V�timas Fatais;Plena Noite;Crescente;Chuva;Simples;Reta;N�o;5;1;3;1;0;0;4;1;-22,999074;-52,569313;SPRF-PR;DEL09-PR;UOP02-DEL09-PR;;;
666868;13/03/2025;quinta-feira;00:50:00;DF;20;4,6;BRASILIA;Condutor Dormindo;Sa�da de leito carro��vel;Com V�timas Feridas;Plena Noite;Decrescente;C�u Claro;M�ltipla;Reta;Sim;1;0;1;0;0;0;1;1;-15,68246047;-47,84024477;SPRF-DF;DEL02-DF;UOP01-DEL02-DF;;;
666871;12/03/2025;quarta-feira;23:35:00;PE;232;216,7;PESQUEIRA;Ingest�o de �lcool pelo condutor;Capotamento;Com V�timas Feridas;Plena Noite;Decrescente;C�u Claro;Simples;Aclive;N�o;1;0;0;1;0;0;1;1;-8,391172;-36,753828;SPRF-PE;DEL03-PE;UOP02-DEL03-PE;;;
666874;13/03/2025;quinta-feira;03:30:00;SP;101;45;UBATUBA;Aus�ncia de rea��o do condutor;Tombamento;Com V�timas Feridas;Plena Noite;Crescente;C�u Claro;Simples;Reta;N�o;1;0;1;0;0;0;1;1;-23,41747067;-45,06761983;SPRF-SP;DEL06-SP;UOP01-DEL06-SP;;;
666876;13/03/2025;quinta-feira;05:07:00;PE;232;5;RECIFE;Acessar a via sem observar a presen�a dos outros ve�culos;Colis�o transversal;Com V�timas Fatais;Amanhecer;Decrescente;Nublado;M�ltipla;"Interse��o de Vias;Curva";N�o;2;1;0;0;1;0;0;2;-8,069067;-34,947416;SPRF-PE;DEL01-PE;UOP01-DEL01-PE;;;
666880;13/03/2025;quinta-feira;06:00:00;MG;262;434;NOVA SERRANA;Aus�ncia de rea��o do condutor;Tombamento;Com V�timas Feridas;Pleno dia;Crescente;C�u Claro;Dupla;Reta;N�o;2;0;2;0;0;0;2;1;-19,88265179;-44,9048996;SPRF-MG;DEL08-MG;UOP03-DEL08-MG;;;
666881;13/03/2025;quinta-feira;06:20:00;CE;116;17;EUSEBIO;Manobra de mudan�a de faixa;Tombamento;Com V�timas Feridas;Pleno dia;Decrescente;Chuva;Dupla;"Reta;Aclive";Sim;3;0;2;0;0;1;2;2;-3,8961316;-38,5027778;SPRF-CE;DEL01-CE;UOP02-DEL01-CE;;;
666882;13/03/2025;quinta-feira;05:15:00;TO;153;133;WANDERLANDIA;Condutor Dormindo;Sa�da de leito carro��vel;Sem V�timas;Amanhecer;Decrescente;C�u Claro;Simples;Reta;N�o;1;0;0;0;1;0;0;1;-7,11575462;-48,18830432;SPRF-TO;DEL02-TO;UOP01-DEL02-TO;;;
666884;13/03/2025;quinta-feira;06:30:00;PB;230;156;CAMPINA GRANDE;Manobra de mudan�a de faixa;Colis�o transversal;Com V�timas Feridas;Pleno dia;Crescente;C�u Claro;Simples;Reta;Sim;2;0;1;0;1;0;1;2;-7,2720205;-35,9105461;SPRF-PB;DEL02-PB;UOP01-DEL02-PB;;;
666887;13/03/2025;quinta-feira;07:18:00;TO;153;140;ARAGUAINA;Demais falhas mec�nicas ou el�tricas;Tombamento;Com V�timas Feridas;Pleno dia;Crescente;C�u Claro;Dupla;Reta;Sim;2;0;2;0;0;0;2;1;-7,3596928;-48,3196928;SPRF-TO;DEL02-TO;UOP01-DEL02-TO;;;
666888;13/03/2025;quinta-feira;07:20:00;ES;101;407,8;ITAPEMIRIM;Velocidade Incompat�vel;Sa�da de leito carro��vel;Com V�timas Feridas;Pleno dia;Crescente;C�u Claro;Simples;Curva;N�o;1;0;1;0;0;0;1;1;-20,88981252;-41,03637988;SPRF-ES;DEL03-ES;UOP02-DEL03-ES;;;
666889;13/03/2025;quinta-feira;05:00:00;BA;110;231;OLINDINA;Velocidade Incompat�vel;Sa�da de leito carro��vel;Com V�timas Fatais;Amanhecer;Crescente;C�u Claro;Simples;"Declive;Curva";N�o;1;1;0;0;0;0;0;1;-11,306033;-38,399951;SPRF-BA;DEL07-BA;UOP02-DEL07-BA;;;
666890;13/03/2025;quinta-feira;07:00:00;MA;230;394;BALSAS;Rea��o tardia ou ineficiente do condutor;Sa�da de leito carro��vel;Com V�timas Feridas;Pleno dia;Decrescente;C�u Claro;Simples;Aclive;N�o;2;0;1;1;0;0;2;1;-7,443992;-46,007511;SPRF-MA;DEL05-MA;UOP01-DEL05-MA;;;
666891;13/03/2025;quinta-feira;01:15:00;MG;365;704;MONTE ALEGRE DE MINAS;Ingest�o de �lcool pelo condutor;Colis�o com objeto;Sem V�timas;Plena Noite;Decrescente;C�u Claro;Dupla;Reta;N�o;1;0;0;0;1;0;0;1;-18,88149833;-49,03753996;SPRF-MG;DEL15-MG;UOP03-DEL15-MG;;;
666892;13/03/2025;quinta-feira;07:00:00;PR;376;182;MARINGA;Acessar a via sem observar a presen�a dos outros ve�culos;Colis�o transversal;Com V�timas Feridas;Pleno dia;Decrescente;C�u Claro;Dupla;"Interse��o de Vias;Rotat�ria";Sim;2;0;0;1;1;0;1;2;-23,43169047;-51,8867991;SPRF-PR;DEL09-PR;UOP01-DEL09-PR;;;
666894;13/03/2025;quinta-feira;07:20:00;PR;116;44;CAMPINA GRANDE DO SUL;Rea��o tardia ou ineficiente do condutor;Sa�da de leito carro��vel;Com V�timas Feridas;Pleno dia;Crescente;Chuva;Dupla;Curva;N�o;2;0;1;0;1;0;1;1;-25,20104314;-48,89602477;SPRF-PR;DEL01-PR;UOP02-DEL01-PR;;;
666895;13/03/2025;quinta-feira;07:15:00;SP;116;150;SAO JOSE DOS CAMPOS;Trafegar com motocicleta (ou similar) entre as faixas;Colis�o lateral mesmo sentido;Com V�timas Feridas;Pleno dia;Crescente;C�u Claro;M�ltipla;Declive;Sim;3;0;2;0;1;0;2;2;-23,20272056;-45,88200504;SPRF-SP;DEL02-SP;UOP01-DEL02-SP;;;
666899;12/03/2025;quarta-feira;21:30:00;MT;70;285;PRIMAVERA DO LESTE;Rea��o tardia ou ineficiente do condutor;Sa�da de leito carro��vel;Com V�timas Feridas;Plena Noite;Decrescente;C�u Claro;Dupla;Rotat�ria;Sim;1;0;1;0;0;0;1;1;-15,57432352;-54,32910296;SPRF-MT;DEL05-MT;UOP01-DEL05-MT;;;
666900;13/03/2025;quinta-feira;06:30:00;PR;153;477;GENERAL CARNEIRO;Ingest�o de �lcool pelo condutor;Sa�da de leito carro��vel;Com V�timas Feridas;Pleno dia;Decrescente;C�u Claro;Simples;Curva;N�o;2;0;2;0;0;0;2;1;-26,42015987;-51,29962921;SPRF-PR;DEL02-PR;UOP03-DEL02-PR;;;
666904;13/03/2025;quinta-feira;06:40:00;RJ;356;65;ITALVA;Acessar a via sem observar a presen�a dos outros ve�culos;Colis�o transversal;Com V�timas Feridas;Pleno dia;Crescente;C�u Claro;Simples;Interse��o de Vias;Sim;2;0;1;0;1;0;1;2;-21,42185057;-41,69054031;SPRF-RJ;DEL08-RJ;UOP03-DEL08-RJ;;;
666905;11/03/2025;ter�a-feira;13:40:00;MS;267;30,1;BATAGUASSU;Condutor deixou de manter dist�ncia do ve�culo da frente;Colis�o traseira;Sem V�timas;Pleno dia;Decrescente;C�u Claro;Dupla;Reta;Sim;2;0;0;0;2;0;0;2;-21,72021475;-52,4283886;SPRF-MS;DEL02-MS;UOP04-DEL02-MS;;;
666906;13/03/2025;quinta-feira;08:00:00;SP;116;227;SAO PAULO;Trafegar com motocicleta (ou similar) entre as faixas;Colis�o lateral mesmo sentido;Com V�timas Feridas;Pleno dia;Crescente;C�u Claro;M�ltipla;Reta;N�o;2;0;2;0;0;0;2;2;-23,50182027;-46,56502604;SPRF-SP;DEL01-SP;UOP01-DEL01-SP;;;
666908;13/03/2025;quinta-feira;08:20:00;MG;381;494;BETIM;Objeto est�tico sobre o leito carro��vel;Colis�o com objeto;Com V�timas Feridas;Pleno dia;Crescente;C�u Claro;Dupla;Reta;N�o;2;0;1;0;1;0;1;1;-19,96754058;-44,177742;SPRF-MG;DEL01-MG;UOP03-DEL01-MG;;;
666909;13/03/2025;quinta-feira;08:00:00;PR;277;38;MORRETES;Chuva;Sa�da de leito carro��vel;Com V�timas Feridas;Pleno dia;Crescente;Chuva;Dupla;Curva;N�o;2;0;1;0;1;0;1;1;-25,57424479;-48,85409094;SPRF-PR;DEL01-PR;UOP05-DEL01-PR;;;
666911;13/03/2025;quinta-feira;09:00:00;MG;381;486;BETIM;Rea��o tardia ou ineficiente do condutor;Colis�o traseira;Com V�timas Feridas;Pleno dia;Crescente;C�u Claro;Dupla;Curva;Sim;2;0;1;0;1;0;1;2;-19,96026488;-44,11577225;SPRF-MG;DEL01-MG;UOP03-DEL01-MG;;;
666912;13/03/2025;quinta-feira;08:45:00;BA;101;875;TEIXEIRA DE FREITAS;Ultrapassagem Indevida;Colis�o transversal;Com V�timas Feridas;Pleno dia;Decrescente;C�u Claro;Simples;Reta;Sim;3;0;1;0;2;0;1;3;-17,529297;-39,709775;SPRF-BA;DEL09-BA;UOP02-DEL09-BA;;;
666913;13/03/2025;quinta-feira;06:40:00;RN;101;97;NATAL;Aus�ncia de rea��o do condutor;Colis�o traseira;Com V�timas Feridas;Pleno dia;Decrescente;C�u Claro;Dupla;Reta;Sim;2;0;1;0;1;0;1;2;-5,8511348;-35,20970869;SPRF-RN;DEL01-RN;UOP01-DEL01-RN;;;
666917;13/03/2025;quinta-feira;09:00:00;RN;101;97;NATAL;Condutor deixou de manter dist�ncia do ve�culo da frente;Engavetamento;Com V�timas Feridas;Pleno dia;Decrescente;Nublado;M�ltipla;"Aclive;Viaduto";Sim;5;0;1;0;4;0;1;3;-5,85972393;-35,2138263;SPRF-RN;DEL01-RN;UOP01-DEL01-RN;;;
666918;13/03/2025;quinta-feira;09:00:00;SC;101;207,1;SAO JOSE;Demais falhas mec�nicas ou el�tricas;Tombamento;Com V�timas Feridas;Pleno dia;Decrescente;C�u Claro;M�ltipla;"Declive;Curva";N�o;2;0;2;0;0;0;2;1;-27,60230336;-48,62865664;SPRF-SC;DEL01-SC;UOP01-DEL01-SC;;;
666920;13/03/2025;quinta-feira;09:00:00;BA;324;514;FEIRA DE SANTANA;Manobra de mudan�a de faixa;Colis�o frontal;Com V�timas Feridas;Pleno dia;Crescente;C�u Claro;Dupla;Reta;Sim;3;0;1;0;2;0;1;2;-12,23346695;-38,94665306;SPRF-BA;DEL02-BA;UOP01-DEL02-BA;;;
666922;13/03/2025;quinta-feira;09:30:00;PR;116;18;CURITIBA;Condutor deixou de manter dist�ncia do ve�culo da frente;Colis�o traseira;Com V�timas Feridas;Pleno dia;Crescente;Nublado;Dupla;Reta;Sim;2;0;1;0;1;0;1;2;-25,38877899;-49,20128083;SPRF-PR;DEL01-PR;UOP02-DEL01-PR;;;
666925;13/03/2025;quinta-feira;07:30:00;AC;364;136;RIO BRANCO;Rea��o tardia ou ineficiente do condutor;Colis�o traseira;Com V�timas Feridas;Pleno dia;Decrescente;C�u Claro;Dupla;Reta;Sim;2;0;1;0;1;0;1;2;-9,97587749;-67,84984589;SPRF-AC;DEL01-AC;UOP01-DEL01-AC;;;
666926;13/03/2025;quinta-feira;09:40:00;SP;116;134;CACAPAVA;Aus�ncia de rea��o do condutor;Queda de ocupante de ve�culo;Com V�timas Feridas;Pleno dia;Decrescente;Sol;Dupla;Reta;N�o;1;0;1;0;0;0;1;1;-23,13714868;-45,75505257;SPRF-SP;DEL02-SP;UOP02-DEL02-SP;;;
666927;13/03/2025;quinta-feira;10:40:00;SC;282;2,9;FLORIANOPOLIS;Trafegar com motocicleta (ou similar) entre as faixas;Colis�o traseira;Com V�timas Feridas;Pleno dia;Crescente;C�u Claro;M�ltipla;Reta;Sim;2;0;1;0;1;0;1;2;-27,602134;-48,59609127;SPRF-SC;DEL01-SC;UOP01-DEL01-SC;;;
666929;13/03/2025;quinta-feira;10:30:00;GO;153;510,3;APARECIDA DE GOIANIA;Condutor deixou de manter dist�ncia do ve�culo da frente;Colis�o traseira;Com V�timas Feridas;Pleno dia;Crescente;Sol;Dupla;Reta;Sim;3;0;2;0;1;0;2;2;-16,79087031;-49,2378366;SPRF-GO;DEL01-GO;UOP03-DEL01-GO;;;
666931;13/03/2025;quinta-feira;09:50:00;MS;163;486;CAMPO GRANDE;Transitar na contram�o;Colis�o transversal;Sem V�timas;Pleno dia;Decrescente;C�u Claro;Simples;"Interse��o de Vias;Reta";Sim;5;0;0;0;5;0;0;2;-20,42810322;-54,54491789;SPRF-MS;DEL01-MS;UOP02-DEL01-MS;;;
666932;13/03/2025;quinta-feira;08:40:00;AC;364;135;RIO BRANCO;Acessar a via sem observar a presen�a dos outros ve�culos;Colis�o lateral mesmo sentido;Sem V�timas;Pleno dia;Decrescente;C�u Claro;Dupla;Rotat�ria;Sim;4;0;0;0;4;0;0;2;-9,9867431;-67,8454565;SPRF-AC;DEL01-AC;UOP01-DEL01-AC;;;
666933;13/03/2025;quinta-feira;10:05:00;MT;163;819;SINOP;Convers�o proibida;Colis�o transversal;Com V�timas Feridas;Pleno dia;Decrescente;C�u Claro;Simples;Reta;Sim;2;0;2;0;0;0;2;2;-12,00163809;-55,5171454;SPRF-MT;DEL06-MT;UOP02-DEL06-MT;;;
666934;13/03/2025;quinta-feira;07:15:00;MT;174;276;PONTES E LACERDA;Rea��o tardia ou ineficiente do condutor;Queda de ocupante de ve�culo;Com V�timas Feridas;Pleno dia;Decrescente;C�u Claro;Simples;Reta;N�o;2;0;2;0;0;0;2;1;-15,3192183;-59,2361134;SPRF-MT;DEL04-MT;UOP01-DEL04-MT;;;
666937;13/03/2025;quinta-feira;11:35:00;ES;262;30,5;VIANA;Manobra de mudan�a de faixa;Colis�o lateral mesmo sentido;Com V�timas Feridas;Pleno dia;Crescente;C�u Claro;Dupla;Curva;N�o;3;0;1;0;2;0;1;3;-20,37925261;-40,53523242;SPRF-ES;DEL01-ES;UOP01-DEL01-ES;;;
666938;13/03/2025;quinta-feira;07:30:00;SP;116;446;REGISTRO;Transitar na contram�o;Colis�o frontal;Com V�timas Feridas;Pleno dia;Crescente;C�u Claro;Dupla;Reta;Sim;2;0;1;0;1;0;1;2;-24,4678656;-47,8216192;SPRF-SP;DEL05-SP;UOP01-DEL05-SP;;;
666939;13/03/2025;quinta-feira;08:00:00;GO;70;474;ARAGARCAS;Manobra de mudan�a de faixa;Colis�o lateral mesmo sentido;Com V�timas Feridas;Pleno dia;Decrescente;C�u Claro;Dupla;"Interse��o de Vias;Reta";Sim;2;0;1;0;1;0;1;2;-15,8969704;-52,23546219;SPRF-GO;DEL04-GO;UOP02-DEL04-GO;;;
666940;13/03/2025;quinta-feira;08:04:00;CE;403;6,8;ACARAU;Aus�ncia de rea��o do condutor;Atropelamento de Pedestre;Com V�timas Fatais;Pleno dia;Decrescente;C�u Claro;Simples;Reta;Sim;2;1;0;0;1;0;0;2;-2,945463;-40,122237;SPRF-CE;DEL01-CE;UOP03-DEL01-CE;;;
666943;13/03/2025;quinta-feira;12:15:00;PR;272;367,3;CAMPO MOURAO;Rea��o tardia ou ineficiente do condutor;Colis�o transversal;Com V�timas Feridas;Pleno dia;Crescente;C�u Claro;Dupla;"Reta;Interse��o de Vias";Sim;2;0;1;0;1;0;1;2;-24,050673;-52,402044;SPRF-PR;DEL09-PR;UOP03-DEL09-PR;;;
666945;13/03/2025;quinta-feira;09:15:00;MA;10;255;IMPERATRIZ;Acessar a via sem observar a presen�a dos outros ve�culos;Colis�o transversal;Com V�timas Feridas;Pleno dia;Decrescente;C�u Claro;Simples;Reta;Sim;2;0;1;0;1;0;1;2;-5,50649924;-47,47157688;SPRF-MA;DEL04-MA;UOP01-DEL04-MA;;;
666948;13/03/2025;quinta-feira;13:00:00;SC;101;329;CAPIVARI DE BAIXO;Objeto est�tico sobre o leito carro��vel;Tombamento;Com V�timas Feridas;Pleno dia;Crescente;C�u Claro;M�ltipla;Reta;N�o;1;0;1;0;0;0;1;1;-28,44536;-48,967353;SPRF-SC;DEL02-SC;UOP01-DEL02-SC;;;
666949;13/03/2025;quinta-feira;13:12:00;PR;369;435,2;UBIRATA;Rea��o tardia ou ineficiente do condutor;Sa�da de leito carro��vel;Com V�timas Feridas;Pleno dia;Decrescente;Nublado;Simples;"Aclive;Curva";N�o;3;0;3;0;0;0;3;1;-24,55076772;-53,01436007;SPRF-PR;DEL04-PR;UOP03-DEL04-PR;;;
666951;13/03/2025;quinta-feira;12:55:00;BA;324;593,8;CANDEIAS;Avarias e/ou desgaste excessivo no pneu;Queda de ocupante de ve�culo;Com V�timas Feridas;Pleno dia;Decrescente;C�u Claro;Dupla;Curva;Sim;2;0;1;0;1;0;1;1;-12,714007;-38,453302;SPRF-BA;DEL01-BA;UOP01-DEL01-BA;;;
666952;13/03/2025;quinta-feira;12:15:00;SC;116;260,9;CAPAO ALTO;Demais falhas mec�nicas ou el�tricas;Sa�da de leito carro��vel;Com V�timas Feridas;Pleno dia;Decrescente;C�u Claro;Simples;Curva;N�o;2;0;2;0;0;0;2;1;-27,90993024;-50,44654727;SPRF-SC;DEL05-SC;UOP02-DEL05-SC;;;
666953;13/03/2025;quinta-feira;12:15:00;MG;116;276,6;TEOFILO OTONI;Acessar a via sem observar a presen�a dos outros ve�culos;Colis�o traseira;Com V�timas Feridas;Pleno dia;Decrescente;C�u Claro;M�ltipla;Reta;Sim;3;0;1;1;1;0;2;2;-17,8720254;-41,5199555;SPRF-MG;DEL11-MG;UOP01-DEL11-MG;;;
666954;13/03/2025;quinta-feira;12:22:00;MS;163;20;MUNDO NOVO;Acessar a via sem observar a presen�a dos outros ve�culos;Colis�o transversal;Com V�timas Feridas;Pleno dia;Decrescente;Nublado;Simples;"Reta;Aclive;Interse��o de Vias";Sim;5;0;1;0;4;0;1;2;-23,921421;-54,286741;SPRF-MS;DEL09-MS;UOP02-DEL09-MS;;;
666955;12/03/2025;quarta-feira;17:00:00;RJ;101;295;ITABORAI;Trafegar com motocicleta (ou similar) entre as faixas;Queda de ocupante de ve�culo;Com V�timas Feridas;Plena Noite;Decrescente;Garoa/Chuvisco;Dupla;Reta;Sim;2;0;1;0;1;0;1;2;-22,76550194;-42,90472085;SPRF-RJ;DEL02-RJ;UOP02-DEL02-RJ;;;
666957;13/03/2025;quinta-feira;13:40:00;SP;116;229;SAO PAULO;Trafegar com motocicleta (ou similar) entre as faixas;Colis�o lateral mesmo sentido;Com V�timas Feridas;Pleno dia;Crescente;C�u Claro;M�ltipla;"Em Obras;Reta";Sim;4;0;2;0;2;0;2;2;-23,50962509;-46,57354593;SPRF-SP;DEL01-SP;UOP01-DEL01-SP;;;
666958;13/03/2025;quinta-feira;13:05:00;CE;116;41;HORIZONTE;Acessar a via sem observar a presen�a dos outros ve�culos;Colis�o lateral mesmo sentido;Com V�timas Feridas;Pleno dia;Crescente;Chuva;Dupla;"Curva;Retorno Regulamentado";Sim;2;0;1;0;0;1;1;2;-4,111475;-38,492205;SPRF-CE;DEL01-CE;UOP02-DEL01-CE;;;
666961;13/03/2025;quinta-feira;13:40:00;GO;60;385;RIO VERDE;Frear bruscamente;Colis�o com objeto;Com V�timas Feridas;Pleno dia;Decrescente;Nublado;Dupla;"Em Obras;Reta";Sim;4;0;1;0;3;0;1;3;-17,825066;-50,962086;SPRF-GO;DEL04-GO;UOP02-DEL04-GO;;;