id;data_inversa;dia_semana;horario;uf;br;km;municipio;causa_acidente;tipo_acidente;classificacao_acidente;fase_dia;sentido_via;condicao_metereologica;tipo_pista;tracado_via;uso_solo;pessoas;mortos;feridos_leves;feridos_graves;ilesos;ignorados;feridos;veiculos;latitude;longitude;regional;delegacia;uop;;;
666963;13/03/2025;quinta-feira;12:40:00;PE;116;21;SALGUEIRO;Ultrapassagem Indevida;Colis�o frontal;Com V�timas Feridas;Pleno dia;Decrescente;C�u Claro;Simples;Reta;N�o;6;0;3;2;0;1;5;2;-8,02626185;-39,14401889;SPRF-PE;DEL05-PE;UOP01-DEL05-PE;;;
666968;13/03/2025;quinta-feira;14:20:00;MG;381;500;BETIM;Velocidade Incompat�vel;Sa�da de leito carro��vel;Com V�timas Feridas;Pleno dia;Decrescente;C�u Claro;Dupla;"Aclive;Reta";N�o;3;0;1;2;0;0;3;1;-19,9966228;-44,2091983;SPRF-MG;DEL01-MG;UOP03-DEL01-MG;;;
666970;13/03/2025;quinta-feira;14:30:00;PR;376;178;MARINGA;Acessar a via sem observar a presen�a dos outros ve�culos;Colis�o transversal;Com V�timas Feridas;Pleno dia;Decrescente;C�u Claro;Dupla;"Retorno Regulamentado;Reta";Sim;2;0;1;0;1;0;1;2;-23,418783;-51,914339;SPRF-PR;DEL09-PR;UOP01-DEL09-PR;;;
666972;13/03/2025;quinta-feira;14:22:00;PB;230;23;JOAO PESSOA;Aus�ncia de rea��o do condutor;Colis�o traseira;Com V�timas Feridas;Pleno dia;Decrescente;C�u Claro;Dupla;Reta;Sim;2;0;1;0;1;0;1;2;-7,15808422;-34,85833906;SPRF-PB;DEL01-PB;UOP01-DEL01-PB;;;
666974;13/03/2025;quinta-feira;14:15:00;MG;381;935,8;EXTREMA;Condutor deixou de manter dist�ncia do ve�culo da frente;Queda de ocupante de ve�culo;Com V�timas Feridas;Pleno dia;Crescente;Chuva;Dupla;"Reta;Declive";N�o;1;0;1;0;0;0;1;1;-22,80322027;-46,2731545;SPRF-MG;DEL16-MG;UOP03-DEL16-MG;;;
666975;13/03/2025;quinta-feira;14:50:00;GO;40;2,9;VALPARAISO DE GOIAS;Acessar a via sem observar a presen�a dos outros ve�culos;Tombamento;Com V�timas Feridas;Pleno dia;Decrescente;Chuva;Dupla;Reta;Sim;2;0;2;0;0;0;2;1;-16,1279512;-47,9843124;SPRF-DF;DEL01-DF;UOP01-DEL01-DF;;;
666977;08/02/2025;s�bado;16:50:00;MG;251;376;GRAO MOGOL;Ultrapassagem Indevida;Sa�da de leito carro��vel;Com V�timas Feridas;Pleno dia;Crescente;Ignorado;Simples;Reta;N�o;1;0;1;0;0;0;1;1;-16,29689;-42,70542;SPRF-MG;DEL12-MG;UOP01-DEL12-MG;;;
666978;13/03/2025;quinta-feira;14:15:00;MG;116;525,9;CARATINGA;Desrespeitar a prefer�ncia no cruzamento;Colis�o transversal;Com V�timas Feridas;Pleno dia;Decrescente;C�u Claro;Dupla;Reta;Sim;2;0;1;0;1;0;1;2;-19,779461;-42,132919;SPRF-MG;DEL06-MG;UOP02-DEL06-MG;;;
666980;13/03/2025;quinta-feira;15:30:00;PB;230;15,3;JOAO PESSOA;Aus�ncia de rea��o do condutor;Colis�o lateral mesmo sentido;Com V�timas Feridas;Pleno dia;Crescente;C�u Claro;Dupla;"Reta;Aclive";N�o;2;0;0;1;1;0;1;2;-7,101363;-34,847642;SPRF-PB;DEL01-PB;UOP01-DEL01-PB;;;
666981;13/03/2025;quinta-feira;14:15:00;MS;262;621,8;MIRANDA;Rea��o tardia ou ineficiente do condutor;Sa�da de leito carro��vel;Com V�timas Feridas;Pleno dia;Crescente;Nublado;Simples;Reta;N�o;2;0;2;0;0;0;2;1;-19,9457251;-56,84780386;SPRF-MS;DEL03-MS;UOP02-DEL03-MS;;;
666982;13/03/2025;quinta-feira;16:10:00;RS;116;265;CANOAS;Manobra de mudan�a de faixa;Colis�o traseira;Com V�timas Feridas;Pleno dia;Crescente;Sol;Simples;Reta;Sim;2;0;1;0;1;0;1;2;-29,92537838;-51,1780249;SPRF-RS;DEL01-RS;UOP01-DEL01-RS;;;
666984;13/03/2025;quinta-feira;16:15:00;CE;116;4;FORTALEZA;Condutor deixou de manter dist�ncia do ve�culo da frente;Colis�o traseira;Sem V�timas;Pleno dia;Decrescente;C�u Claro;Dupla;Reta;Sim;3;0;0;0;3;0;0;3;-3,7809513;-38,5134616;SPRF-CE;DEL01-CE;UOP02-DEL01-CE;;;
666985;13/03/2025;quinta-feira;16:38:00;MG;40;470,8;SETE LAGOAS;Acumulo de areia ou detritos sobre o pavimento;Tombamento;Com V�timas Feridas;Pleno dia;Crescente;C�u Claro;Dupla;"Aclive;Reta";N�o;1;0;1;0;0;0;1;1;-19,47442;-44,29195;SPRF-MG;DEL02-MG;UOP01-DEL02-MG;;;
666986;13/03/2025;quinta-feira;16:55:00;RN;101;95;NATAL;Manobra de mudan�a de faixa;Colis�o traseira;Com V�timas Feridas;Pleno dia;Decrescente;C�u Claro;M�ltipla;Reta;Sim;3;0;2;0;0;1;2;2;-5,84223729;-35,20991629;SPRF-RN;DEL01-RN;UOP01-DEL01-RN;;;
666987;13/03/2025;quinta-feira;16:30:00;MG;381;929,9;ITAPEVA;Velocidade Incompat�vel;Capotamento;Com V�timas Feridas;Pleno dia;Crescente;Chuva;Dupla;Curva;N�o;2;0;1;0;1;0;1;1;-22,77496475;-46,23890859;SPRF-MG;DEL16-MG;UOP03-DEL16-MG;;;
666988;13/03/2025;quinta-feira;15:00:00;RJ;40;105;DUQUE DE CAXIAS;Ultrapassagem Indevida;Colis�o frontal;Com V�timas Feridas;Pleno dia;Decrescente;C�u Claro;Simples;Reta;Sim;3;0;2;0;1;0;2;2;-22,64243146;-43,28335125;SPRF-RJ;DEL01-RJ;UOP02-DEL01-RJ;;;
666989;13/03/2025;quinta-feira;15:10:00;PE;428;174;PETROLINA;Ultrapassagem Indevida;Colis�o lateral mesmo sentido;Com V�timas Feridas;Pleno dia;Decrescente;C�u Claro;Simples;Reta;N�o;1;0;1;0;0;0;1;1;-9,2553;-40,426667;SPRF-PE;DEL06-PE;UOP01-DEL06-PE;;;
666991;13/03/2025;quinta-feira;16:50:00;PE;232;127;CARUARU;Transitar na contram�o;Colis�o frontal;Com V�timas Feridas;Pleno dia;Decrescente;C�u Claro;Dupla;Reta;N�o;4;0;1;0;3;0;1;2;-8,305797;-35,96678;SPRF-PE;DEL02-PE;UOP01-DEL02-PE;;;
666993;13/03/2025;quinta-feira;13:10:00;RO;364;695;PORTO VELHO;Desvio tempor�rio;Colis�o transversal;Com V�timas Feridas;Pleno dia;Crescente;Nublado;Dupla;"Em Obras;Reta;Desvio Tempor�rio";Sim;2;0;1;0;1;0;1;2;-8,800495;-63,724356;SPRF-RO;DEL01-RO;UOP01-DEL01-RO;;;
666994;13/03/2025;quinta-feira;17:00:00;SC;101;120,1;ITAJAI;Aus�ncia de rea��o do condutor;Colis�o lateral mesmo sentido;Com V�timas Feridas;Pleno dia;Decrescente;Nublado;Dupla;Reta;N�o;2;0;1;0;1;0;1;2;-26,91614836;-48,71046066;SPRF-SC;DEL04-SC;UOP04-DEL04-SC;;;
666995;13/03/2025;quinta-feira;16:30:00;MG;40;798,6;JUIZ DE FORA;Chuva;Sa�da de leito carro��vel;Com V�timas Feridas;Pleno dia;Crescente;Chuva;Dupla;Declive;N�o;3;0;3;0;0;0;3;1;-21,81752058;-43,37882996;SPRF-MG;DEL05-MG;UOP01-DEL05-MG;;;
666996;13/03/2025;quinta-feira;17:40:00;ES;101;211,2;SERRA;Desrespeitar a prefer�ncia no cruzamento;Colis�o frontal;Com V�timas Feridas;Anoitecer;Crescente;Nublado;Simples;Reta;Sim;2;0;0;1;1;0;1;2;-20,0488509;-40,3866993;SPRF-ES;DEL02-ES;UOP01-DEL02-ES;;;
666997;13/03/2025;quinta-feira;17:15:00;PR;376;170,8;MARINGA;Manobra de mudan�a de faixa;Colis�o lateral mesmo sentido;Com V�timas Feridas;Pleno dia;Crescente;Nublado;Dupla;"Reta;Rotat�ria";Sim;2;0;1;0;1;0;1;2;-23,410117;-51,987687;SPRF-PR;DEL09-PR;UOP01-DEL09-PR;;;
666999;13/03/2025;quinta-feira;14:15:00;SC;101;138,3;BALNEARIO CAMBORIU;Rea��o tardia ou ineficiente do condutor;Colis�o traseira;Com V�timas Feridas;Pleno dia;Crescente;Nublado;M�ltipla;Reta;Sim;5;0;3;0;2;0;3;2;-27,02489925;-48,60711948;SPRF-SC;DEL04-SC;UOP03-DEL04-SC;;;
667000;13/03/2025;quinta-feira;17:50:00;MG;459;88,3;CONGONHAL;Convers�o proibida;Colis�o transversal;Com V�timas Feridas;Pleno dia;Decrescente;Nublado;Simples;Reta;Sim;3;0;0;1;1;1;1;3;-22,15028966;-46,03628218;SPRF-MG;DEL09-MG;UOP01-DEL09-MG;;;
667001;13/03/2025;quinta-feira;15:30:00;MA;222;276;ARARI;Rea��o tardia ou ineficiente do condutor;Colis�o lateral sentido oposto;Com V�timas Feridas;Pleno dia;Crescente;Nublado;Simples;Reta;N�o;5;0;0;1;4;0;1;5;-3,487103;-44,766578;SPRF-MA;DEL01-MA;UOP02-DEL01-MA;;;
667003;13/03/2025;quinta-feira;15:53:00;MS;163;79;ITAQUIRAI;Animais na Pista;Atropelamento de Animal;Com V�timas Feridas;Pleno dia;Crescente;C�u Claro;Simples;Curva;N�o;1;0;1;0;0;0;1;1;-23,463;-54,193;SPRF-MS;DEL09-MS;UOP01-DEL09-MS;;;
667004;13/03/2025;quinta-feira;18:15:00;SC;280;128;RIO NEGRINHO;Rea��o tardia ou ineficiente do condutor;Colis�o traseira;Sem V�timas;Pleno dia;Crescente;C�u Claro;Simples;Reta;Sim;3;0;0;0;3;0;0;3;-26,243471;-49,514205;SPRF-SC;DEL06-SC;UOP03-DEL06-SC;;;
667006;13/03/2025;quinta-feira;17:10:00;MA;226;305;BARRA DO CORDA;Ultrapassagem Indevida;Colis�o frontal;Com V�timas Feridas;Pleno dia;Crescente;C�u Claro;Simples;Reta;N�o;2;0;0;2;0;0;2;2;-5,5083008;-45,252608;SPRF-MA;DEL06-MA;UOP01-DEL06-MA;;;
667008;13/03/2025;quinta-feira;18:20:00;SC;101;118,4;ITAJAI;Aus�ncia de rea��o do condutor;Colis�o lateral mesmo sentido;Com V�timas Feridas;Anoitecer;Crescente;Nublado;Dupla;Reta;N�o;2;0;1;0;1;0;1;2;-26,89747285;-48,71938705;SPRF-SC;DEL04-SC;UOP04-DEL04-SC;;;
667014;13/03/2025;quinta-feira;16:40:00;AC;364;136;RIO BRANCO;Entrada inopinada do pedestre;Atropelamento de Pedestre;Com V�timas Feridas;Pleno dia;Crescente;C�u Claro;Dupla;"Reta;Rotat�ria";Sim;3;0;1;0;1;1;1;2;-9,97785366;-67,84906983;SPRF-AC;DEL01-AC;UOP01-DEL01-AC;;;
667016;13/03/2025;quinta-feira;18:36:00;BA;324;516,8;FEIRA DE SANTANA;Convers�o proibida;Colis�o lateral sentido oposto;Com V�timas Feridas;Plena Noite;Decrescente;C�u Claro;Dupla;"Interse��o de Vias;Reta";Sim;6;0;0;1;5;0;1;2;-12,24897985;-38,93375516;SPRF-BA;DEL02-BA;UOP01-DEL02-BA;;;
667017;13/03/2025;quinta-feira;18:15:00;BA;116;17,2;VITORIA DA CONQUISTA;Transitar na contram�o;Colis�o lateral sentido oposto;Com V�timas Feridas;Anoitecer;Crescente;C�u Claro;Simples;"Interse��o de Vias;Curva";Sim;2;0;1;0;0;1;1;2;-14,90180151;-40,84004624;SPRF-BA;DEL08-BA;UOP01-DEL08-BA;;;
667021;13/03/2025;quinta-feira;19:00:00;SP;116;284,5;ITAPECERICA DA SERRA;Afundamento ou ondula��o no pavimento;Queda de ocupante de ve�culo;Com V�timas Feridas;Plena Noite;Crescente;C�u Claro;Simples;"Retorno Regulamentado;Viaduto;Reta";N�o;1;0;1;0;0;0;1;1;-23,68354813;-46,85813587;SPRF-SP;DEL04-SP;UOP01-DEL04-SP;;;
667022;13/03/2025;quinta-feira;14:15:00;BA;116;674;JEQUIE;Rea��o tardia ou ineficiente do condutor;Queda de ocupante de ve�culo;Com V�timas Feridas;Pleno dia;Crescente;C�u Claro;Simples;Reta;Sim;1;0;1;0;0;0;1;1;-13,86479392;-40,11302939;SPRF-BA;DEL03-BA;UOP01-DEL03-BA;;;
667023;13/03/2025;quinta-feira;17:00:00;SC;101;5,6;ARARANGUA;Desrespeitar a prefer�ncia no cruzamento;Colis�o transversal;Com V�timas Feridas;Pleno dia;Decrescente;C�u Claro;Simples;Rotat�ria;Sim;2;0;1;0;1;0;1;2;-28,96320522;-49,51928616;SPRF-SC;DEL02-SC;UOP02-DEL02-SC;;;
667024;13/03/2025;quinta-feira;19:20:00;SC;101;116,4;ITAJAI;Aus�ncia de rea��o do condutor;Sa�da de leito carro��vel;Com V�timas Feridas;Plena Noite;Crescente;Nublado;Dupla;Reta;N�o;1;0;1;0;0;0;1;1;-26,88558378;-48,72359276;SPRF-SC;DEL04-SC;UOP04-DEL04-SC;;;
667025;13/03/2025;quinta-feira;19:05:00;PR;116;126;FAZENDA RIO GRANDE;Rea��o tardia ou ineficiente do condutor;Colis�o traseira;Com V�timas Feridas;Anoitecer;Decrescente;Chuva;Dupla;Reta;Sim;2;0;1;0;1;0;1;2;-25,637315;-49,313088;SPRF-PR;DEL01-PR;UOP03-DEL01-PR;;;
667026;13/03/2025;quinta-feira;19:35:00;SC;101;122,9;ITAJAI;Aus�ncia de rea��o do condutor;Colis�o lateral mesmo sentido;Com V�timas Feridas;Plena Noite;Crescente;Nublado;Dupla;Reta;N�o;3;0;2;0;1;0;2;2;-26,93512925;-48,70037556;SPRF-SC;DEL04-SC;UOP04-DEL04-SC;;;
667027;13/03/2025;quinta-feira;19:41:00;ES;101;266;SERRA;Entrada inopinada do pedestre;Atropelamento de Pedestre;Com V�timas Feridas;Plena Noite;Crescente;C�u Claro;Dupla;Reta;Sim;3;0;1;0;2;0;1;3;-20,1969;-40,2684;SPRF-ES;DEL02-ES;UOP01-DEL02-ES;;;
667028;13/03/2025;quinta-feira;18:40:00;MT;364;208;RONDONOPOLIS;Acesso irregular;Colis�o com objeto;Sem V�timas;Anoitecer;Decrescente;C�u Claro;Dupla;"Reta;Retorno Regulamentado";N�o;3;0;0;0;2;1;0;1;-16,436543;-54,682068;SPRF-MT;DEL02-MT;UOP01-DEL02-MT;;;
667030;13/03/2025;quinta-feira;19:54:00;SP;116;58,8;GUARATINGUETA;Aus�ncia de rea��o do condutor;Colis�o traseira;Com V�timas Feridas;Plena Noite;Crescente;Nublado;Dupla;"Aclive;Reta";N�o;2;0;1;0;1;0;1;2;-22,78317963;-45,15062029;SPRF-SP;DEL08-SP;UOP01-DEL08-SP;;;
667031;13/03/2025;quinta-feira;20:00:00;SP;381;30;ATIBAIA;Aus�ncia de rea��o do condutor;Tombamento;Com V�timas Feridas;Plena Noite;Crescente;C�u Claro;Dupla;Reta;N�o;1;0;0;1;0;0;1;1;-23,05331307;-46,56834126;SPRF-SP;DEL03-SP;UOP02-DEL03-SP;;;
667032;13/03/2025;quinta-feira;17:30:00;SC;101;40,2;JOINVILLE;Rea��o tardia ou ineficiente do condutor;Colis�o traseira;Com V�timas Feridas;Pleno dia;Crescente;Chuva;Dupla;Reta;N�o;4;0;1;0;3;0;1;2;-26,3118624;-48,87573838;SPRF-SC;DEL03-SC;UOP01-DEL03-SC;;;
667034;13/03/2025;quinta-feira;20:00:00;RS;116;154,1;CAXIAS DO SUL;Acesso irregular;Colis�o lateral sentido oposto;Com V�timas Feridas;Plena Noite;Decrescente;C�u Claro;Simples;"Reta;Rotat�ria";Sim;3;0;1;0;2;0;1;3;-29,19224173;-51,1800974;SPRF-RS;DEL05-RS;UOP01-DEL05-RS;;;
667036;13/03/2025;quinta-feira;19:55:00;DF;20;9,9;BRASILIA;Rea��o tardia ou ineficiente do condutor;Engavetamento;Com V�timas Feridas;Plena Noite;Crescente;C�u Claro;Dupla;Reta;N�o;6;0;4;0;2;0;4;3;-15,6502715;-47,7763723;SPRF-DF;DEL02-DF;UOP01-DEL02-DF;;;
667037;13/03/2025;quinta-feira;17:30:00;RJ;116;276;BARRA MANSA;Acumulo de �gua sobre o pavimento;Colis�o com objeto;Com V�timas Feridas;Anoitecer;Decrescente;Chuva;Dupla;Reta;N�o;1;0;1;0;0;0;1;1;-22,56282666;-44,16932691;SPRF-RJ;DEL07-RJ;UOP02-DEL07-RJ;;;
667039;13/03/2025;quinta-feira;18:10:00;RO;364;425;JARU;Desrespeitar a prefer�ncia no cruzamento;Colis�o transversal;Com V�timas Feridas;Anoitecer;Decrescente;Chuva;M�ltipla;Interse��o de Vias;Sim;2;0;1;0;1;0;1;2;-10,4357558;-62,47424841;SPRF-RO;DEL03-RO;UOP02-DEL03-RO;;;
667042;13/03/2025;quinta-feira;17:25:00;SC;282;19,3;PALHOCA;Rea��o tardia ou ineficiente do condutor;Sa�da de leito carro��vel;Com V�timas Feridas;Pleno dia;Decrescente;Nublado;Simples;Reta;Sim;2;0;2;0;0;0;2;1;-27,67906089;-48,70232821;SPRF-SC;DEL01-SC;UOP02-DEL01-SC;;;
667044;13/03/2025;quinta-feira;20:05:00;SC;280;234;CANOINHAS;Convers�o proibida;Colis�o frontal;Sem V�timas;Plena Noite;Crescente;C�u Claro;Simples;"Declive;Reta";Sim;4;0;0;0;4;0;0;2;-26,191273;-50,401953;SPRF-SC;DEL06-SC;UOP04-DEL06-SC;;;
667046;13/03/2025;quinta-feira;16:30:00;MG;116;581;MANHUACU;Acessar a via sem observar a presen�a dos outros ve�culos;Colis�o transversal;Com V�timas Feridas;Pleno dia;Decrescente;C�u Claro;Simples;Reta;N�o;2;0;0;1;1;0;1;2;-20,1996009;-42,18162418;SPRF-MG;DEL06-MG;UOP03-DEL06-MG;;;
667047;13/03/2025;quinta-feira;19:15:00;ES;101;293,9;CARIACICA;Condutor deixou de manter dist�ncia do ve�culo da frente;Colis�o lateral mesmo sentido;Com V�timas Feridas;Pleno dia;Crescente;C�u Claro;Dupla;"Reta;Viaduto";Sim;3;0;2;0;1;0;2;2;-20,322713;-40,39506245;SPRF-ES;DEL01-ES;UOP01-DEL01-ES;;;
667049;13/03/2025;quinta-feira;13:15:00;RJ;116;82,3;TERESOPOLIS;Convers�o proibida;Colis�o transversal;Com V�timas Feridas;Pleno dia;Decrescente;C�u Claro;Simples;"Reta;Declive";Sim;4;0;2;0;2;0;2;3;-22,404121;-42,952532;SPRF-RJ;DEL04-RJ;UOP01-DEL04-RJ;;;
667050;13/03/2025;quinta-feira;20:30:00;BA;324;621;SALVADOR;Aus�ncia de rea��o do condutor;Colis�o traseira;Com V�timas Feridas;Plena Noite;Decrescente;C�u Claro;M�ltipla;Reta;Sim;4;0;1;1;2;0;2;2;-12,927664;-38,468104;SPRF-BA;DEL01-BA;UOP01-DEL01-BA;;;
667052;13/03/2025;quinta-feira;19:35:00;SC;470;71,7;INDAIAL;Ingest�o de �lcool pelo condutor;Sa�da de leito carro��vel;Com V�timas Feridas;Plena Noite;Crescente;C�u Claro;Dupla;Reta;Sim;1;0;0;1;0;0;1;1;-26,90068247;-49,2679506;SPRF-SC;DEL04-SC;UOP01-DEL04-SC;;;
667053;13/03/2025;quinta-feira;21:50:00;MG;262;27;REDUTO;Rea��o tardia ou ineficiente do condutor;Tombamento;Com V�timas Feridas;Plena Noite;Decrescente;C�u Claro;Simples;Curva;N�o;1;0;1;0;0;0;1;1;-20,241077;-41,96459;SPRF-MG;DEL06-MG;UOP03-DEL06-MG;;;
667057;13/03/2025;quinta-feira;21:30:00;PB;101;84;BAYEUX;Aus�ncia de rea��o do condutor;Sa�da de leito carro��vel;Com V�timas Feridas;Plena Noite;Decrescente;C�u Claro;Dupla;Reta;Sim;1;0;1;0;0;0;1;1;-7,1405398;-34,92168423;SPRF-PB;DEL01-PB;UOP01-DEL01-PB;;;
667059;13/03/2025;quinta-feira;21:12:00;PI;343;339,9;TERESINA;Aus�ncia de rea��o do condutor;Sa�da de leito carro��vel;Sem V�timas;Plena Noite;Crescente;C�u Claro;Dupla;Reta;Sim;1;0;0;0;1;0;0;1;-5,073546;-42,736191;SPRF-PI;DEL01-PI;UOP01-DEL01-PI;;;
667060;13/03/2025;quinta-feira;21:00:00;BA;101;162;CONCEICAO DO JACUIPE;Aus�ncia de rea��o do condutor;Colis�o traseira;Com V�timas Feridas;Plena Noite;Decrescente;C�u Claro;Dupla;Reta;N�o;2;0;1;0;0;1;1;2;-12,35541614;-38,7859004;SPRF-BA;DEL01-BA;UOP03-DEL01-BA;;;
667061;13/03/2025;quinta-feira;17:30:00;GO;70;475;ARAGARCAS;Manobra de mudan�a de faixa;Colis�o lateral mesmo sentido;Com V�timas Feridas;Anoitecer;Crescente;C�u Claro;Dupla;Reta;Sim;2;0;1;0;1;0;1;2;-15,89534882;-52,24023383;SPRF-GO;DEL04-GO;UOP02-DEL04-GO;;;
667062;13/03/2025;quinta-feira;19:15:00;RJ;40;100;DUQUE DE CAXIAS;Demais falhas na via;Tombamento;Com V�timas Feridas;Plena Noite;Crescente;Garoa/Chuvisco;Dupla;Reta;Sim;1;0;1;0;0;0;1;1;-22,60166457;-43,28345949;SPRF-RJ;DEL01-RJ;UOP01-DEL01-RJ;;;
667063;13/03/2025;quinta-feira;21:05:00;RS;386;98,8;SAO JOSE DAS MISSOES;Acessar a via sem observar a presen�a dos outros ve�culos;Colis�o transversal;Com V�timas Feridas;Plena Noite;Decrescente;C�u Claro;Simples;Curva;N�o;3;0;2;0;1;0;2;2;-27,754066;-53,133573;SPRF-RS;DEL08-RS;UOP01-DEL08-RS;;;
667067;13/03/2025;quinta-feira;19:00:00;PA;10;334;SAO MIGUEL DO GUAMA;Acessar a via sem observar a presen�a dos outros ve�culos;Colis�o transversal;Com V�timas Feridas;Plena Noite;Crescente;Chuva;Simples;Reta;N�o;2;0;1;0;1;0;1;2;-1,512308;-47,522019;SPRF-PA;DEL01-PA;UOP02-DEL01-PA;;;
667068;13/03/2025;quinta-feira;22:30:00;BA;116;7,5;VITORIA DA CONQUISTA;Aus�ncia de rea��o do condutor;Colis�o traseira;Sem V�timas;Pleno dia;Crescente;C�u Claro;Simples;Reta;Sim;2;0;0;0;2;0;0;2;-14,8408;-40,8883;SPRF-BA;DEL08-BA;UOP01-DEL08-BA;;;
667069;13/03/2025;quinta-feira;16:35:00;MG;116;620;ORIZANIA;Aus�ncia de rea��o do condutor;Sa�da de leito carro��vel;Com V�timas Feridas;Pleno dia;Decrescente;C�u Claro;Simples;Reta;N�o;1;0;0;1;0;0;1;1;-20,5063;-42,19286;SPRF-MG;DEL07-MG;UOP02-DEL07-MG;;;
667070;13/03/2025;quinta-feira;21:20:00;RN;304;161;ANGICOS;Animais na Pista;Atropelamento de Animal;Sem V�timas;Plena Noite;Crescente;C�u Claro;Simples;Reta;N�o;1;0;0;0;1;0;0;1;-5,682;-36,506;SPRF-RN;DEL01-RN;UOP03-DEL01-RN;;;
667071;13/03/2025;quinta-feira;22:00:00;SC;282;157;BOM RETIRO;Aus�ncia de rea��o do condutor;Sa�da de leito carro��vel;Sem V�timas;Plena Noite;Decrescente;C�u Claro;Simples;Reta;N�o;2;0;0;0;2;0;0;1;-27,74104;-49,73055;SPRF-SC;DEL05-SC;UOP01-DEL05-SC;;;
667072;13/03/2025;quinta-feira;23:20:00;PA;10;307;IRITUIA;Aus�ncia de rea��o do condutor;Colis�o traseira;Com V�timas Fatais;Plena Noite;Crescente;Chuva;Simples;"Reta;Declive";N�o;2;1;0;0;1;0;0;2;-1,650591;-47,490147;SPRF-PA;DEL02-PA;UOP01-DEL02-PA;;;
667073;14/03/2025;sexta-feira;00:00:00;SC;101;217;PALHOCA;Aus�ncia de rea��o do condutor;Colis�o lateral mesmo sentido;Com V�timas Feridas;Plena Noite;Crescente;C�u Claro;M�ltipla;Reta;N�o;2;0;1;0;0;1;1;2;-27,66968145;-48,67342288;SPRF-SC;DEL01-SC;UOP02-DEL01-SC;;;
667075;14/03/2025;sexta-feira;01:10:00;GO;40;0;VALPARAISO DE GOIAS;Velocidade Incompat�vel;Colis�o transversal;Com V�timas Feridas;Plena Noite;Crescente;Nublado;Dupla;"Reta;Declive";Sim;3;0;1;0;2;0;1;2;-16,04909228;-47,98660755;SPRF-DF;DEL01-DF;UOP01-DEL01-DF;;;
667077;13/03/2025;quinta-feira;23:00:00;MS;262;184;RIBAS DO RIO PARDO;Transitar na contram�o;Capotamento;Com V�timas Feridas;Plena Noite;Decrescente;Nublado;Simples;Reta;N�o;2;0;1;0;1;0;1;1;-20,426876;-53,245572;SPRF-MS;DEL07-MS;UOP02-DEL07-MS;;;
667078;14/03/2025;sexta-feira;01:15:00;RJ;116;317,8;ITATIAIA;Chuva;Queda de ocupante de ve�culo;Com V�timas Feridas;Plena Noite;Decrescente;C�u Claro;Simples;Reta;N�o;2;0;2;0;0;0;2;1;-22,46907194;-44,51220945;SPRF-RJ;DEL07-RJ;UOP02-DEL07-RJ;;;
667080;14/03/2025;sexta-feira;02:20:00;PR;277;1,5;PARANAGUA;Ingest�o de �lcool pelo condutor;Sa�da de leito carro��vel;Sem V�timas;Plena Noite;Crescente;Nublado;Dupla;Rotat�ria;Sim;2;0;0;0;0;2;0;1;-25,551369;-48,552492;SPRF-PR;DEL01-PR;UOP05-DEL01-PR;;;
667081;13/03/2025;quinta-feira;23:40:00;BA;101;24,8;ESPLANADA;Aus�ncia de sinaliza��o;Colis�o com objeto;Com V�timas Feridas;Plena Noite;Decrescente;C�u Claro;Simples;"Curva;Desvio Tempor�rio";N�o;3;0;2;0;1;0;2;1;-11,69253539;-37,90234739;SPRF-SE;DEL02-SE;UOP03-DEL02-SE;;;
667082;14/03/2025;sexta-feira;03:00:00;SP;116;362;MIRACATU;Rea��o tardia ou ineficiente do condutor;Sa�da de leito carro��vel;Com V�timas Feridas;Plena Noite;Crescente;Chuva;Dupla;"Curva;Declive";N�o;1;0;1;0;0;0;1;1;-24,14488433;-47,27398968;SPRF-SP;DEL04-SP;UOP03-DEL04-SP;;;
667083;14/03/2025;sexta-feira;03:40:00;SC;101;383;ICARA;Rea��o tardia ou ineficiente do condutor;Colis�o com objeto;Com V�timas Feridas;Plena Noite;Crescente;Nublado;Dupla;Reta;Sim;1;0;1;0;0;0;1;1;-28,7631;-49,291382;SPRF-SC;DEL02-SC;UOP02-DEL02-SC;;;
667085;13/03/2025;quinta-feira;20:30:00;SC;101;327,2;CAPIVARI DE BAIXO;Aus�ncia de rea��o do condutor;Colis�o traseira;Com V�timas Feridas;Plena Noite;Crescente;Nublado;M�ltipla;Reta;N�o;2;0;1;0;0;1;1;2;-28,434102;-48,957566;SPRF-SC;DEL02-SC;UOP01-DEL02-SC;;;
667087;14/03/2025;sexta-feira;05:45:00;RS;116;265;CANOAS;Ingest�o de �lcool pelo condutor;Colis�o com objeto;Sem V�timas;Amanhecer;Crescente;C�u Claro;M�ltipla;Retorno Regulamentado;Sim;1;0;0;0;1;0;0;1;-29,9255715;-51,17806216;SPRF-RS;DEL01-RS;UOP01-DEL01-RS;;;
667090;14/03/2025;sexta-feira;05:40:00;RJ;101;329;RIO DE JANEIRO;Aus�ncia de rea��o do condutor;Colis�o traseira;Com V�timas Feridas;Amanhecer;Crescente;Nublado;Dupla;"Reta;Ponte";Sim;2;0;1;0;1;0;1;2;-22,8677037;-43,19649613;SPRF-RJ;DEL02-RJ;UOP01-DEL02-RJ;;;