id;data_inversa;dia_semana;horario;uf;br;km;municipio;causa_acidente;tipo_acidente;classificacao_acidente;fase_dia;sentido_via;condicao_metereologica;tipo_pista;tracado_via;uso_solo;pessoas;mortos;feridos_leves;feridos_graves;ilesos;ignorados;feridos;veiculos;latitude;longitude;regional;delegacia;uop;;;
667093;13/03/2025;quinta-feira;16:31:00;RJ;116;186;NOVA IGUACU;Aus�ncia de rea��o do condutor;Queda de ocupante de ve�culo;Com V�timas Feridas;Pleno dia;Crescente;Nublado;M�ltipla;Reta;Sim;1;0;1;0;0;0;1;1;-22,740077;-43,458112;SPRF-RJ;DEL06-RJ;UOP01-DEL06-RJ;;;
667095;13/03/2025;quinta-feira;20:20:00;MG;381;504;BETIM;Acessar a via sem observar a presen�a dos outros ve�culos;Colis�o transversal;Sem V�timas;Plena Noite;Crescente;C�u Claro;Simples;Reta;N�o;2;0;0;0;2;0;0;2;-20,03109656;-44,23748016;SPRF-MG;DEL01-MG;UOP03-DEL01-MG;;;
667097;14/03/2025;sexta-feira;07:00:00;PR;277;81,1;CURITIBA;Manobra de mudan�a de faixa;Colis�o traseira;Sem V�timas;Amanhecer;Crescente;Nublado;Dupla;Reta;N�o;2;0;0;0;2;0;0;2;-25,46989177;-49,2124486;SPRF-PR;DEL01-PR;UOP03-DEL01-PR;;;
667099;14/03/2025;sexta-feira;07:00:00;RS;116;152,2;CAXIAS DO SUL;Transitar no Acostamento;Colis�o lateral mesmo sentido;Com V�timas Feridas;Pleno dia;Decrescente;C�u Claro;Dupla;Reta;Sim;2;0;1;0;1;0;1;2;-29,1841984;-51,1707231;SPRF-RS;DEL05-RS;UOP01-DEL05-RS;;;
667100;14/03/2025;sexta-feira;06:20:00;RJ;40;106;DUQUE DE CAXIAS;Rea��o tardia ou ineficiente do condutor;Colis�o lateral mesmo sentido;Com V�timas Feridas;Pleno dia;Crescente;C�u Claro;M�ltipla;Reta;Sim;2;0;1;0;1;0;1;2;-22,653228;-43,28384343;SPRF-RJ;DEL01-RJ;UOP02-DEL01-RJ;;;
667102;13/03/2025;quinta-feira;18:10:00;RJ;40;104;DUQUE DE CAXIAS;Chuva;Queda de ocupante de ve�culo;Com V�timas Feridas;Plena Noite;Decrescente;Chuva;M�ltipla;Reta;N�o;1;0;1;0;0;0;1;1;-22,62924063;-43,28544059;SPRF-RJ;DEL01-RJ;UOP02-DEL01-RJ;;;
667103;14/03/2025;sexta-feira;07:10:00;RS;116;150,2;CAXIAS DO SUL;Condutor desrespeitou a ilumina��o vermelha do sem�foro;Colis�o transversal;Com V�timas Feridas;Pleno dia;Crescente;C�u Claro;Dupla;"Interse��o de Vias;Reta";Sim;3;0;1;0;2;0;1;2;-29,17116;-51,15976;SPRF-RS;DEL05-RS;UOP01-DEL05-RS;;;
667104;14/03/2025;sexta-feira;06:40:00;SP;116;145;SAO JOSE DOS CAMPOS;Rea��o tardia ou ineficiente do condutor;Colis�o lateral mesmo sentido;Com V�timas Feridas;Pleno dia;Crescente;C�u Claro;M�ltipla;Reta;Sim;2;0;1;0;1;0;1;2;-23,1863782;-45,8569546;SPRF-SP;DEL02-SP;UOP01-DEL02-SP;;;
667105;14/03/2025;sexta-feira;06:50:00;SC;101;125;ITAJAI;Acessar a via sem observar a presen�a dos outros ve�culos;Atropelamento de Pedestre;Com V�timas Feridas;Pleno dia;Decrescente;C�u Claro;Dupla;"Curva;Retorno Regulamentado";N�o;3;0;0;1;2;0;1;2;-26,952367;-48,6794962;SPRF-SC;DEL04-SC;UOP04-DEL04-SC;;;
667107;14/03/2025;sexta-feira;07:05:00;ES;101;233;FUNDAO;Manobra de mudan�a de faixa;Tombamento;Com V�timas Feridas;Pleno dia;Decrescente;C�u Claro;Simples;Reta;N�o;1;0;1;0;0;0;1;1;-19,95006878;-40,40934324;SPRF-ES;DEL02-ES;UOP01-DEL02-ES;;;
667108;14/03/2025;sexta-feira;01:18:00;MT;163;623;NOVA MUTUM;Animais na Pista;Atropelamento de Animal;Com V�timas Feridas;Plena Noite;Crescente;C�u Claro;Simples;Reta;N�o;2;0;2;0;0;0;2;1;-13,601437;-56,031762;SPRF-MT;DEL01-MT;UOP01-DEL01-MT;;;
667110;14/03/2025;sexta-feira;06:00:00;SC;280;117;SAO BENTO DO SUL;Acessar a via sem observar a presen�a dos outros ve�culos;Colis�o transversal;Com V�timas Feridas;Pleno dia;Crescente;C�u Claro;Simples;"Reta;Declive";N�o;2;0;1;0;1;0;1;2;-26,382731;-49,45247189;SPRF-SC;DEL06-SC;UOP03-DEL06-SC;;;
667111;14/03/2025;sexta-feira;07:20:00;ES;101;279,3;SERRA;Condutor deixou de manter dist�ncia do ve�culo da frente;Colis�o traseira;Com V�timas Feridas;Pleno dia;Decrescente;C�u Claro;M�ltipla;Reta;N�o;3;0;2;0;1;0;2;2;-20,21823157;-40,3393887;SPRF-ES;DEL02-ES;UOP01-DEL02-ES;;;
667113;14/03/2025;sexta-feira;07:00:00;MG;116;412;GOVERNADOR VALADARES;Demais falhas mec�nicas ou el�tricas;Tombamento;Com V�timas Feridas;Pleno dia;Crescente;C�u Claro;Dupla;Reta;Sim;2;0;2;0;0;0;2;1;-18,87128665;-41,96914315;SPRF-MG;DEL06-MG;UOP01-DEL06-MG;;;
667114;14/03/2025;sexta-feira;08:10:00;RS;116;231;IVOTI;Condutor deixou de manter dist�ncia do ve�culo da frente;Colis�o traseira;Com V�timas Feridas;Pleno dia;Crescente;C�u Claro;Simples;"Retorno Regulamentado;Reta";N�o;2;0;1;0;1;0;1;2;-29,62482116;-51,1357677;SPRF-RS;DEL01-RS;UOP02-DEL01-RS;;;
667115;14/03/2025;sexta-feira;05:30:00;SC;282;166;BOCAINA DO SUL;Velocidade Incompat�vel;Sa�da de leito carro��vel;Com V�timas Feridas;Amanhecer;Crescente;Nublado;Simples;Curva;N�o;4;0;4;0;0;0;4;1;-27,74644242;-49,80986595;SPRF-SC;DEL05-SC;UOP01-DEL05-SC;;;
667116;14/03/2025;sexta-feira;07:15:00;PR;369;182,2;ARAPONGAS;Convers�o proibida;Colis�o traseira;Com V�timas Feridas;Pleno dia;Crescente;C�u Claro;Dupla;Reta;Sim;3;0;2;0;1;0;2;2;-23,384562;-51,419131;SPRF-PR;DEL07-PR;UOP03-DEL07-PR;;;
667117;14/03/2025;sexta-feira;08:20:00;RS;386;435;NOVA SANTA RITA;Acessar a via sem observar a presen�a dos outros ve�culos;Colis�o transversal;Com V�timas Feridas;Pleno dia;Crescente;Sol;Dupla;Reta;N�o;2;0;1;0;1;0;1;2;-29,84795938;-51,27135392;SPRF-RS;DEL04-RS;UOP02-DEL04-RS;;;
667118;14/03/2025;sexta-feira;08:03:00;PE;101;63;RECIFE;Condutor deixou de manter dist�ncia do ve�culo da frente;Colis�o lateral mesmo sentido;Com V�timas Feridas;Pleno dia;Decrescente;Garoa/Chuvisco;Dupla;Reta;Sim;5;0;2;0;3;0;2;2;-8,00776916;-34,93783236;SPRF-PE;DEL01-PE;UOP01-DEL01-PE;;;
667121;14/03/2025;sexta-feira;07:40:00;DF;70;16;BRASILIA;Aus�ncia de rea��o do condutor;Queda de ocupante de ve�culo;Com V�timas Feridas;Pleno dia;Crescente;Sol;Dupla;Reta;N�o;1;0;1;0;0;0;1;1;-15,794656;-48,1994;SPRF-DF;DEL03-DF;UOP02-DEL03-DF;;;
667122;13/03/2025;quinta-feira;11:10:00;AC;317;37;PORTO ACRE;Rea��o tardia ou ineficiente do condutor;Colis�o com objeto;Sem V�timas;Pleno dia;Decrescente;Chuva;Simples;Curva;N�o;1;0;0;0;1;0;0;1;-9,870856;-67,441397;SPRF-AC;DEL01-AC;UOP01-DEL01-AC;;;
667125;14/02/2025;sexta-feira;16:45:00;MG;381;486;BETIM;Carga excessiva e/ou mal acondicionada;Eventos at�picos;Com V�timas Feridas;Pleno dia;Decrescente;Ignorado;M�ltipla;Reta;N�o;3;0;1;0;2;0;1;2;-19,95591175;-44,11046505;SPRF-MG;DEL01-MG;UOP03-DEL01-MG;;;
667126;14/03/2025;sexta-feira;08:30:00;RS;153;50,7;ERECHIM;Desrespeitar a prefer�ncia no cruzamento;Colis�o transversal;Com V�timas Feridas;Pleno dia;Decrescente;Sol;Simples;"Rotat�ria;Declive";Sim;2;0;1;0;1;0;1;2;-27,65665687;-52,27650046;SPRF-RS;DEL08-RS;UOP04-DEL08-RS;;;
667128;14/03/2025;sexta-feira;07:20:00;PR;369;150,5;LONDRINA;Velocidade Incompat�vel;Colis�o traseira;Com V�timas Feridas;Pleno dia;Decrescente;C�u Claro;Dupla;Reta;Sim;2;0;1;0;1;0;1;2;-23,293;-51,167;SPRF-PR;DEL07-PR;UOP01-DEL07-PR;;;
667130;14/03/2025;sexta-feira;08:20:00;DF;70;18;BRASILIA;Condutor deixou de manter dist�ncia do ve�culo da frente;Queda de ocupante de ve�culo;Com V�timas Feridas;Pleno dia;Decrescente;C�u Claro;Dupla;Reta;Sim;2;0;1;0;0;1;1;2;-15,7895877;-48,217433;SPRF-DF;DEL03-DF;UOP02-DEL03-DF;;;
667132;06/02/2025;quinta-feira;14:41:00;SC;470;66;INDAIAL;Retorno proibido;Colis�o transversal;Com V�timas Feridas;Pleno dia;Decrescente;C�u Claro;Simples;Reta;N�o;3;0;1;0;2;0;1;2;-26,870407;-49,221844;SPRF-SC;DEL04-SC;UOP01-DEL04-SC;;;
667133;12/03/2025;quarta-feira;16:00:00;BA;101;648;BELMONTE;Velocidade Incompat�vel;Sa�da de leito carro��vel;Com V�timas Feridas;Pleno dia;Crescente;Sol;Simples;Curva;N�o;1;0;1;0;0;0;1;1;-15,83272943;-39,53019905;SPRF-BA;DEL05-BA;UOP02-DEL05-BA;;;
667134;08/03/2025;s�bado;19:50:00;GO;40;7,6;VALPARAISO DE GOIAS;Pedestre andava na pista;Atropelamento de Pedestre;Com V�timas Feridas;Plena Noite;Crescente;C�u Claro;Dupla;Reta;Sim;2;0;0;1;0;1;1;2;-16,115641;-47,967995;SPRF-DF;DEL01-DF;UOP01-DEL01-DF;;;
667136;14/03/2025;sexta-feira;09:20:00;DF;40;3,4;BRASILIA;Avarias e/ou desgaste excessivo no pneu;Tombamento;Com V�timas Feridas;Pleno dia;Decrescente;Sol;Dupla;Reta;Sim;2;0;1;0;1;0;1;1;-16,007807;-47,983027;SPRF-DF;DEL01-DF;UOP01-DEL01-DF;;;
667138;02/02/2025;domingo;21:10:00;BA;324;523;FEIRA DE SANTANA;Aus�ncia de rea��o do condutor;Queda de ocupante de ve�culo;Com V�timas Feridas;Plena Noite;Crescente;Ignorado;Dupla;Reta;Sim;2;0;1;0;0;1;1;2;-12,3059624;-38,8899643;SPRF-BA;DEL01-BA;UOP03-DEL01-BA;;;
667140;18/02/2025;ter�a-feira;13:08:00;MS;163;607,1;SAO GABRIEL DO OESTE;Acumulo de �gua sobre o pavimento;Sa�da de leito carro��vel;Com V�timas Feridas;Pleno dia;Crescente;Chuva;Dupla;Reta;N�o;3;0;3;0;0;0;3;1;-19,45404567;-54,5177677;SPRF-MS;DEL06-MS;UOP02-DEL06-MS;;;
667141;14/03/2025;sexta-feira;09:46:00;RS;290;45,9;GLORINHA;Demais falhas mec�nicas ou el�tricas;Inc�ndio;Sem V�timas;Pleno dia;Crescente;C�u Claro;M�ltipla;Reta;N�o;1;0;0;0;1;0;0;1;-29,89137;-50,717772;SPRF-RS;DEL03-RS;UOP01-DEL03-RS;;;
667142;14/03/2025;sexta-feira;09:00:00;RJ;465;3;SEROPEDICA;Convers�o proibida;Colis�o traseira;Com V�timas Feridas;Pleno dia;Crescente;C�u Claro;Simples;Reta;N�o;3;0;1;1;1;0;2;2;-22,7147776;-43,7256192;SPRF-RJ;DEL06-RJ;UOP02-DEL06-RJ;;;
667145;14/03/2025;sexta-feira;09:10:00;MG;381;681;PERDOES;Demais falhas mec�nicas ou el�tricas;Sa�da de leito carro��vel;Com V�timas Feridas;Pleno dia;Decrescente;Sol;Dupla;Reta;N�o;1;0;1;0;0;0;1;1;-21,138283;-45,103921;SPRF-MG;DEL04-MG;UOP02-DEL04-MG;;;
667146;14/03/2025;sexta-feira;09:56:00;ES;101;285;CARIACICA;Pedestre cruzava a pista fora da faixa;Atropelamento de Pedestre;Com V�timas Feridas;Pleno dia;Decrescente;C�u Claro;M�ltipla;"Aclive;Reta";Sim;2;0;1;1;0;0;2;2;-20,31527463;-40,395509;SPRF-ES;DEL01-ES;UOP01-DEL01-ES;;;
667147;14/03/2025;sexta-feira;10:00:00;DF;70;18;BRASILIA;Manobra de mudan�a de faixa;Colis�o traseira;Com V�timas Feridas;Pleno dia;Decrescente;C�u Claro;Dupla;Reta;N�o;2;0;1;0;1;0;1;2;-15,789931;-48,216248;SPRF-DF;DEL03-DF;UOP02-DEL03-DF;;;
667149;14/03/2025;sexta-feira;10:00:00;RJ;116;181;NOVA IGUACU;Rea��o tardia ou ineficiente do condutor;Colis�o lateral mesmo sentido;Com V�timas Feridas;Pleno dia;Crescente;C�u Claro;M�ltipla;Reta;Sim;3;0;1;0;2;0;1;2;-22,75951654;-43,4269684;SPRF-RJ;DEL06-RJ;UOP01-DEL06-RJ;;;
667152;14/03/2025;sexta-feira;10:40:00;PE;101;71;RECIFE;Acostamento em desn�vel;Queda de ocupante de ve�culo;Com V�timas Feridas;Pleno dia;Crescente;Nublado;Dupla;Reta;Sim;2;0;1;0;1;0;1;1;-8,07911;-34,943013;SPRF-PE;DEL01-PE;UOP01-DEL01-PE;;;
667153;14/03/2025;sexta-feira;09:50:00;RJ;493;25;MAGE;Transitar na contram�o;Colis�o frontal;Com V�timas Feridas;Pleno dia;Decrescente;C�u Claro;Simples;Reta;N�o;2;0;0;1;1;0;1;2;-22,65788;-43,07965;SPRF-RJ;DEL04-RJ;UOP02-DEL04-RJ;;;
667154;14/03/2025;sexta-feira;10:20:00;RN;110;47;MOSSORO;Condutor usando celular;Colis�o traseira;Com V�timas Feridas;Pleno dia;Crescente;Sol;Simples;Reta;Sim;2;0;0;1;1;0;1;2;-5,20691919;-37,33035391;SPRF-RN;DEL04-RN;UOP01-DEL04-RN;;;
667155;14/03/2025;sexta-feira;09:40:00;RS;386;382;TABAI;Demais falhas mec�nicas ou el�tricas;Queda de ocupante de ve�culo;Com V�timas Feridas;Pleno dia;Decrescente;C�u Claro;Simples;Reta;N�o;2;0;1;0;1;0;1;1;-29,663;-51,74;SPRF-RS;DEL04-RS;UOP01-DEL04-RS;;;
667157;14/03/2025;sexta-feira;10:40:00;ES;101;290,5;CARIACICA;Acessar a via sem observar a presen�a dos outros ve�culos;Colis�o transversal;Com V�timas Feridas;Pleno dia;Crescente;C�u Claro;Dupla;Reta;Sim;3;0;0;2;1;0;2;2;-20,29389209;-40,39285994;SPRF-ES;DEL01-ES;UOP01-DEL01-ES;;;
667158;02/03/2025;domingo;01:30:00;PR;163;256;TOLEDO;Demais falhas mec�nicas ou el�tricas;Sa�da de leito carro��vel;Com V�timas Feridas;Plena Noite;Crescente;C�u Claro;Dupla;Reta;N�o;2;0;1;0;1;0;1;1;-24,654376;-53,829471;SPRF-PR;DEL06-PR;UOP02-DEL06-PR;;;
667159;14/03/2025;sexta-feira;11:50:00;SC;101;335;TUBARAO;Acessar a via sem observar a presen�a dos outros ve�culos;Colis�o transversal;Com V�timas Feridas;Pleno dia;Decrescente;C�u Claro;Dupla;"Rotat�ria;Interse��o de Vias;Viaduto";Sim;2;0;1;0;1;0;1;2;-28,47067189;-49,01853919;SPRF-SC;DEL02-SC;UOP01-DEL02-SC;;;
667164;14/03/2025;sexta-feira;09:20:00;MG;262;442,7;NOVA SERRANA;Aus�ncia de rea��o do condutor;Colis�o traseira;Com V�timas Feridas;Pleno dia;Crescente;Sol;M�ltipla;"Reta;Aclive";Sim;2;0;0;1;1;0;1;2;-19,8713995;-44,97060176;SPRF-MG;DEL08-MG;UOP03-DEL08-MG;;;
667165;14/03/2025;sexta-feira;10:30:00;MG;40;618,9;CONGONHAS;Condutor deixou de manter dist�ncia do ve�culo da frente;Colis�o frontal;Com V�timas Feridas;Pleno dia;Crescente;C�u Claro;Simples;Reta;N�o;3;0;2;0;1;0;2;2;-20,4768156;-43,84244;SPRF-MG;DEL05-MG;UOP02-DEL05-MG;;;
667166;14/03/2025;sexta-feira;12:00:00;RS;386;305,1;POUSO NOVO;Manobra de mudan�a de faixa;Colis�o lateral mesmo sentido;Com V�timas Feridas;Pleno dia;Decrescente;Sol;Simples;Reta;N�o;2;0;1;0;1;0;1;2;-29,190087;-52,187897;SPRF-RS;DEL04-RS;UOP01-DEL04-RS;;;
667167;14/03/2025;sexta-feira;11:45:00;MG;116;414,5;GOVERNADOR VALADARES;Acesso irregular;Colis�o transversal;Com V�timas Feridas;Pleno dia;Crescente;C�u Claro;Simples;Interse��o de Vias;N�o;2;0;1;0;1;0;1;2;-18,88503186;-41,94699497;SPRF-MG;DEL06-MG;UOP01-DEL06-MG;;;
667168;14/03/2025;sexta-feira;10:09:00;MA;135;9,9;SAO LUIS;Manobra de mudan�a de faixa;Colis�o traseira;Sem V�timas;Pleno dia;Crescente;C�u Claro;Dupla;Curva;Sim;2;0;0;0;2;0;0;2;-2,655373;-44,28632;SPRF-MA;DEL01-MA;UOP01-DEL01-MA;;;
667169;14/03/2025;sexta-feira;12:15:00;MG;50;50,6;ARAGUARI;Acumulo de areia ou detritos sobre o pavimento;Sa�da de leito carro��vel;Com V�timas Feridas;Pleno dia;Crescente;Sol;Dupla;"Reta;Retorno Regulamentado";N�o;2;0;1;0;1;0;1;1;-18,74508348;-48,23176841;SPRF-MG;DEL15-MG;UOP02-DEL15-MG;;;
667173;14/03/2025;sexta-feira;11:25:00;RS;285;294;PASSO FUNDO;Acessar a via sem observar a presen�a dos outros ve�culos;Colis�o transversal;Com V�timas Feridas;Pleno dia;Decrescente;C�u Claro;Simples;Interse��o de Vias;Sim;3;0;1;0;2;0;1;2;-28,23456563;-52,38490574;SPRF-RS;DEL08-RS;UOP03-DEL08-RS;;;
667175;14/03/2025;sexta-feira;12:41:00;PB;230;65;SAO MIGUEL DE TAIPU;Rea��o tardia ou ineficiente do condutor;Sa�da de leito carro��vel;Com V�timas Feridas;Pleno dia;Crescente;Chuva;Dupla;Curva;N�o;1;0;1;0;0;0;1;1;-7,18755;-35,18885;SPRF-PB;DEL01-PB;UOP02-DEL01-PB;;;
667177;14/03/2025;sexta-feira;12:50:00;MG;262;459;NOVA SERRANA;Transitar na contram�o;Colis�o lateral sentido oposto;Com V�timas Feridas;Pleno dia;Decrescente;C�u Claro;Simples;Curva;N�o;3;0;1;0;2;0;1;2;-19,817015;-45,088641;SPRF-MG;DEL08-MG;UOP03-DEL08-MG;;;
667179;14/03/2025;sexta-feira;13:25:00;SP;153;61,8;SAO JOSE DO RIO PRETO;Condutor deixou de manter dist�ncia do ve�culo da frente;Colis�o traseira;Com V�timas Feridas;Pleno dia;Crescente;C�u Claro;Dupla;"Declive;Reta";Sim;3;0;1;1;1;0;2;2;-20,80872975;-49,35645277;SPRF-SP;DEL09-SP;UOP01-DEL09-SP;;;
667180;14/03/2025;sexta-feira;13:00:00;PE;101;67;RECIFE;Trafegar com motocicleta (ou similar) entre as faixas;Colis�o lateral mesmo sentido;Com V�timas Feridas;Pleno dia;Crescente;C�u Claro;Dupla;Reta;Sim;3;0;1;0;2;0;1;3;-8,04399;-34,94351;SPRF-PE;DEL01-PE;UOP01-DEL01-PE;;;
667182;14/03/2025;sexta-feira;13:30:00;MG;364;31,6;FRUTAL;Rea��o tardia ou ineficiente do condutor;Colis�o transversal;Com V�timas Feridas;Pleno dia;Decrescente;C�u Claro;Simples;Reta;Sim;4;0;0;1;3;0;1;2;-20,010111;-48,928145;SPRF-MG;DEL13-MG;UOP02-DEL13-MG;;;
667184;14/03/2025;sexta-feira;10:30:00;RO;429;162,1;SAO MIGUEL DO GUAPORE;Transitar na contram�o;Colis�o transversal;Com V�timas Feridas;Pleno dia;Decrescente;Chuva;Dupla;Interse��o de Vias;Sim;2;0;0;1;1;0;1;2;-11,70199656;-62,72094727;SPRF-RO;DEL02-RO;UOP03-DEL02-RO;;;
667185;28/02/2025;sexta-feira;01:15:00;BA;20;251;CORRENTINA;Ingest�o de �lcool pelo condutor;Colis�o lateral sentido oposto;Sem V�timas;Plena Noite;Crescente;C�u Claro;Simples;"Curva;Declive";N�o;4;0;0;0;4;0;0;2;-13,96674776;-46,19278908;SPRF-BA;DEL10-BA;UOP01-DEL10-BA;;;
667187;30/01/2025;quinta-feira;13:50:00;MT;163;729;SORRISO;Acostamento em desn�vel;Sa�da de leito carro��vel;Sem V�timas;Pleno dia;Crescente;Nublado;Simples;Reta;N�o;6;0;0;0;6;0;0;1;-12,69049987;-55,80368042;SPRF-MT;DEL06-MT;UOP01-DEL06-MT;;;
667188;14/03/2025;sexta-feira;14:04:00;PB;101;89,8;JOAO PESSOA;Manobra de mudan�a de faixa;Colis�o transversal;Sem V�timas;Pleno dia;Crescente;C�u Claro;M�ltipla;"Reta;Retorno Regulamentado";Sim;3;0;0;0;3;0;0;2;-7,181348;-34,900812;SPRF-PB;DEL01-PB;UOP01-DEL01-PB;;;
667189;14/03/2025;sexta-feira;13:30:00;SC;282;343;CAMPOS NOVOS;Aus�ncia de rea��o do condutor;Colis�o transversal;Com V�timas Feridas;Pleno dia;Crescente;Sol;Simples;Reta;Sim;2;0;1;1;0;0;2;2;-27,38930112;-51,2267893;SPRF-SC;DEL07-SC;UOP06-DEL07-SC;;;
667190;05/03/2025;quarta-feira;14:00:00;RS;470;221;GARIBALDI;Aus�ncia de rea��o do condutor;Tombamento;Com V�timas Feridas;Pleno dia;Decrescente;C�u Claro;Simples;Retorno Regulamentado;Sim;1;0;1;0;0;0;1;1;-29,20877208;-51,51785736;SPRF-RS;DEL06-RS;UOP01-DEL06-RS;;;
667191;14/03/2025;sexta-feira;14:22:00;RJ;116;175;SAO JOAO DE MERITI;Aus�ncia de rea��o do condutor;Queda de ocupante de ve�culo;Com V�timas Feridas;Pleno dia;Decrescente;C�u Claro;Dupla;Reta;N�o;1;0;1;0;0;0;1;1;-22,78930696;-43,3733331;SPRF-RJ;DEL06-RJ;UOP01-DEL06-RJ;;;
667193;14/03/2025;sexta-feira;13:58:00;MG;40;450;CAETANOPOLIS;Pista esburacada;Tombamento;Com V�timas Fatais;Pleno dia;Crescente;C�u Claro;Dupla;Reta;Sim;4;1;0;0;0;3;0;2;-19,348275;-44,353469;SPRF-MG;DEL02-MG;UOP01-DEL02-MG;;;
667194;14/03/2025;sexta-feira;12:40:00;BA;367;29,3;PORTO SEGURO;Acessar a via sem observar a presen�a dos outros ve�culos;Colis�o transversal;Sem V�timas;Pleno dia;Crescente;C�u Claro;Simples;Interse��o de Vias;N�o;2;0;0;0;2;0;0;2;-16,415367;-39,119087;SPRF-BA;DEL09-BA;UOP03-DEL09-BA;;;
667195;14/03/2025;sexta-feira;14:20:00;MG;40;751,7;SANTOS DUMONT;Acumulo de �gua sobre o pavimento;Sa�da de leito carro��vel;Com V�timas Feridas;Pleno dia;Decrescente;Chuva;Simples;"Declive;Curva";N�o;2;0;1;0;1;0;1;1;-21,503054;-43,532484;SPRF-MG;DEL05-MG;UOP01-DEL05-MG;;;
667196;14/03/2025;sexta-feira;14:00:00;CE;222;88,5;UMIRIM;Convers�o proibida;Colis�o transversal;Com V�timas Feridas;Pleno dia;Crescente;C�u Claro;Simples;"Reta;Declive";N�o;2;0;0;1;1;0;1;2;-3,676951;-39,333647;SPRF-CE;DEL04-CE;UOP03-DEL04-CE;;;
667199;07/03/2025;sexta-feira;22:10:00;ES;259;30,8;COLATINA;Velocidade Incompat�vel;Colis�o traseira;Com V�timas Feridas;Plena Noite;Crescente;C�u Claro;Simples;Reta;N�o;2;0;1;0;1;0;1;2;-19,58667;-40,50897;SPRF-ES;DEL02-ES;UOP01-DEL02-ES;;;
667202;14/03/2025;sexta-feira;15:00:00;SC;101;124;ITAJAI;Condutor deixou de manter dist�ncia do ve�culo da frente;Engavetamento;Com V�timas Feridas;Pleno dia;Crescente;C�u Claro;Dupla;Reta;Sim;4;0;1;0;3;0;1;3;-26,93965578;-48,6974144;SPRF-SC;DEL04-SC;UOP04-DEL04-SC;;;
667203;14/03/2025;sexta-feira;15:30:00;MG;381;862,6;POUSO ALEGRE;Aus�ncia de rea��o do condutor;Sa�da de leito carro��vel;Com V�timas Feridas;Pleno dia;Crescente;C�u Claro;Dupla;"Reta;Declive";N�o;3;0;3;0;0;0;3;1;-22,3378913;-45,9239709;SPRF-MG;DEL16-MG;UOP01-DEL16-MG;;;
667204;14/03/2025;sexta-feira;14:40:00;BA;116;15;VITORIA DA CONQUISTA;Acessar a via sem observar a presen�a dos outros ve�culos;Colis�o lateral mesmo sentido;Com V�timas Feridas;Pleno dia;Crescente;C�u Claro;Simples;Reta;Sim;2;0;1;0;1;0;1;2;-14,89885886;-40,85632604;SPRF-BA;DEL08-BA;UOP01-DEL08-BA;;;
667205;14/03/2025;sexta-feira;15:13:00;ES;101;278,2;SERRA;Manobra de mudan�a de faixa;Tombamento;Com V�timas Feridas;Pleno dia;Crescente;C�u Claro;Simples;Interse��o de Vias;Sim;1;0;0;1;0;0;1;1;-20,054016;-40,3800064;SPRF-ES;DEL02-ES;UOP01-DEL02-ES;;;
667207;14/03/2025;sexta-feira;14:40:00;MG;381;924,5;CAMANDUCAIA;Aus�ncia de rea��o do condutor;Colis�o lateral mesmo sentido;Sem V�timas;Pleno dia;Decrescente;Chuva;Dupla;Curva;N�o;4;0;0;0;4;0;0;2;-22,77518486;-46,18705403;SPRF-MG;DEL16-MG;UOP03-DEL16-MG;;;
667208;14/03/2025;sexta-feira;15:10:00;PB;230;13,4;CABEDELO;Pedestre andava na pista;Atropelamento de Pedestre;Com V�timas Feridas;Pleno dia;Decrescente;C�u Claro;Dupla;Reta;Sim;3;0;1;2;0;0;3;2;-7,085505;-34,84864;SPRF-PB;DEL01-PB;UOP01-DEL01-PB;;;
667210;14/03/2025;sexta-feira;15:00:00;SP;381;38,8;ATIBAIA;Manobra de mudan�a de faixa;Colis�o lateral mesmo sentido;Com V�timas Feridas;Pleno dia;Crescente;C�u Claro;Dupla;"Aclive;Reta";Sim;2;0;2;0;0;0;2;2;-23,10350581;-46,56863093;SPRF-SP;DEL03-SP;UOP01-DEL03-SP;;;
667211;14/03/2025;sexta-feira;16:00:00;PE;428;185;PETROLINA;Ingest�o de �lcool pelo condutor;Colis�o traseira;Com V�timas Feridas;Pleno dia;Crescente;C�u Claro;Dupla;Reta;Sim;2;0;0;1;1;0;1;2;-9,358127;-40,479635;SPRF-PE;DEL06-PE;UOP01-DEL06-PE;;;
667213;14/03/2025;sexta-feira;15:00:00;SP;381;37,3;ATIBAIA;Rea��o tardia ou ineficiente do condutor;Colis�o traseira;Com V�timas Feridas;Pleno dia;Crescente;C�u Claro;Dupla;Reta;Sim;2;0;1;0;1;0;1;2;-23,1964672;-46,5829888;SPRF-SP;DEL03-SP;UOP01-DEL03-SP;;;
667215;14/03/2025;sexta-feira;10:30:00;PI;343;15,3;PARNAIBA;Aus�ncia de rea��o do condutor;Colis�o traseira;Com V�timas Feridas;Pleno dia;Decrescente;Nublado;Simples;Reta;Sim;2;0;0;1;1;0;1;2;-2,93991691;-41,75549984;SPRF-PI;DEL05-PI;UOP01-DEL05-PI;;;
667216;14/03/2025;sexta-feira;15:55:00;PR;376;282;MAUA DA SERRA;Aus�ncia de rea��o do condutor;Sa�da de leito carro��vel;Com V�timas Feridas;Pleno dia;Crescente;C�u Claro;Dupla;Reta;N�o;1;0;1;0;0;0;1;1;-23,83591503;-51,26255035;SPRF-PR;DEL07-PR;UOP02-DEL07-PR;;;
667217;14/03/2025;sexta-feira;16:15:00;SC;282;17,5;PALHOCA;Convers�o proibida;Colis�o transversal;Com V�timas Feridas;Pleno dia;Decrescente;C�u Claro;Simples;"Reta;Retorno Regulamentado";Sim;2;0;1;0;1;0;1;2;-27,66943248;-48,69128639;SPRF-SC;DEL01-SC;UOP02-DEL01-SC;;;