id;data_inversa;dia_semana;horario;uf;br;km;municipio;causa_acidente;tipo_acidente;classificacao_acidente;fase_dia;sentido_via;condicao_metereologica;tipo_pista;tracado_via;uso_solo;pessoas;mortos;feridos_leves;feridos_graves;ilesos;ignorados;feridos;veiculos;latitude;longitude;regional;delegacia;uop;;;
667218;14/03/2025;sexta-feira;16:35:00;RJ;101;319;NITEROI;Rea��o tardia ou ineficiente do condutor;Tombamento;Com V�timas Feridas;Pleno dia;Decrescente;C�u Claro;Simples;Reta;Sim;1;0;1;0;0;0;1;1;-22,86004194;-43,10623169;SPRF-RJ;DEL02-RJ;UOP02-DEL02-RJ;;;
667219;14/03/2025;sexta-feira;14:00:00;BA;101;764;ITABELA;Acessar a via sem observar a presen�a dos outros ve�culos;Colis�o transversal;Com V�timas Feridas;Pleno dia;Decrescente;C�u Claro;Simples;Reta;N�o;4;0;0;1;3;0;1;2;-16,69773712;-39,47143078;SPRF-BA;DEL09-BA;UOP01-DEL09-BA;;;
667221;14/03/2025;sexta-feira;15:02:00;RN;304;45,5;MOSSORO;Aus�ncia de rea��o do condutor;Tombamento;Com V�timas Feridas;Pleno dia;Decrescente;Nublado;Dupla;Reta;Sim;1;0;1;0;0;0;1;1;-5,22558112;-37,3436546;SPRF-RN;DEL04-RN;UOP01-DEL04-RN;;;
667222;14/03/2025;sexta-feira;16:40:00;MG;50;62,8;UBERLANDIA;Velocidade Incompat�vel;Sa�da de leito carro��vel;Com V�timas Feridas;Pleno dia;Decrescente;Chuva;Dupla;"Declive;Curva";N�o;2;0;1;0;1;0;1;1;-18,8223346;-48,2491502;SPRF-MG;DEL15-MG;UOP02-DEL15-MG;;;
667223;14/03/2025;sexta-feira;11:30:00;MA;230;555,8;CAROLINA;Suic�dio (presumido);Atropelamento de Pedestre;Com V�timas Fatais;Pleno dia;Crescente;C�u Claro;Simples;Reta;N�o;2;1;0;0;0;1;0;2;-7,376397;-47,312078;SPRF-MA;DEL05-MA;UOP01-DEL05-MA;;;
667224;26/02/2025;quarta-feira;12:15:00;SC;0;0;SAO JOSE;Demais falhas mec�nicas ou el�tricas;Colis�o com objeto;Sem V�timas;Pleno dia;N�o Informado;C�u Claro;Simples;Reta;Sim;2;0;0;0;2;0;0;1;-27,57443116;-48,61287653;SPRF-SC;DEL01-SC;UOP01-DEL01-SC;;;
667225;14/03/2025;sexta-feira;17:15:00;RS;116;244;SAO LEOPOLDO;Retorno proibido;Colis�o traseira;Com V�timas Feridas;Pleno dia;Decrescente;C�u Claro;Simples;Reta;Sim;3;0;2;0;1;0;2;2;-29,74152862;-51,15028946;SPRF-RS;DEL01-RS;UOP02-DEL01-RS;;;
667228;14/03/2025;sexta-feira;17:10:00;PR;369;428,4;UBIRATA;Ingest�o de �lcool pelo condutor;Colis�o traseira;Sem V�timas;Pleno dia;Crescente;Nublado;Simples;Curva;N�o;3;0;0;0;3;0;0;2;-24,55201;-52,95105;SPRF-PR;DEL04-PR;UOP03-DEL04-PR;;;
667230;14/03/2025;sexta-feira;17:35:00;PR;369;149,6;LONDRINA;Trafegar com motocicleta (ou similar) entre as faixas;Tombamento;Com V�timas Feridas;Pleno dia;Crescente;Nublado;Dupla;Reta;Sim;2;0;0;1;0;1;1;2;-23,29279654;-51,15840554;SPRF-PR;DEL07-PR;UOP01-DEL07-PR;;;
667231;14/03/2025;sexta-feira;13:40:00;PE;101;57,5;RECIFE;Acesso irregular;Queda de ocupante de ve�culo;Com V�timas Feridas;Pleno dia;Crescente;Chuva;Dupla;Reta;Sim;2;0;2;0;0;0;2;1;-7,970364;-34,920507;SPRF-PE;DEL01-PE;UOP02-DEL01-PE;;;
667232;14/03/2025;sexta-feira;15:40:00;GO;153;535;HIDROLANDIA;Mal s�bito do condutor;Sa�da de leito carro��vel;Com V�timas Feridas;Pleno dia;Decrescente;C�u Claro;Dupla;"Reta;Aclive";N�o;2;0;1;0;1;0;1;1;-17,00202;-49,222281;SPRF-GO;DEL01-GO;UOP03-DEL01-GO;;;
667233;14/03/2025;sexta-feira;16:03:00;PA;316;111;SANTA MARIA DO PARA;Convers�o proibida;Colis�o transversal;Com V�timas Feridas;Pleno dia;Decrescente;C�u Claro;Simples;Interse��o de Vias;N�o;2;0;1;0;1;0;1;2;-1,31650832;-47,51089446;SPRF-PA;DEL01-PA;UOP02-DEL01-PA;;;
667234;14/03/2025;sexta-feira;16:25:00;RS;116;624,4;ARROIO GRANDE;Aus�ncia de rea��o do condutor;Sa�da de leito carro��vel;Com V�timas Fatais;Pleno dia;Decrescente;C�u Claro;Simples;"Reta;Declive";N�o;2;1;0;0;0;1;0;2;-32,338727;-53,157026;SPRF-RS;DEL07-RS;UOP03-DEL07-RS;;;
667235;14/03/2025;sexta-feira;18:00:00;MG;40;426,3;PARAOPEBA;Entrada inopinada do pedestre;Atropelamento de Pedestre;Com V�timas Fatais;Anoitecer;Decrescente;C�u Claro;Dupla;"Reta;Declive";N�o;2;1;0;0;1;0;0;2;-19,16741176;-44,51742064;SPRF-MG;DEL02-MG;UOP01-DEL02-MG;;;
667236;14/03/2025;sexta-feira;17:10:00;PR;277;607;SANTA TEREZA DO OESTE;Condutor deixou de manter dist�ncia do ve�culo da frente;Colis�o traseira;Com V�timas Feridas;Pleno dia;Crescente;C�u Claro;Simples;Reta;Sim;4;0;1;1;0;2;2;3;-25,03832705;-53,59714508;SPRF-PR;DEL05-PR;UOP02-DEL05-PR;;;
667237;14/03/2025;sexta-feira;17:30:00;MG;365;168;BURITIZEIRO;Acessar a via sem observar a presen�a dos outros ve�culos;Colis�o transversal;Com V�timas Feridas;Anoitecer;Decrescente;Sol;Simples;Reta;Sim;2;0;1;0;1;0;1;2;-17,3623327;-44,9614657;SPRF-MG;DEL10-MG;UOP02-DEL010-MG;;;
667238;14/03/2025;sexta-feira;18:15:00;SC;470;57;BLUMENAU;Acessar a via sem observar a presen�a dos outros ve�culos;Colis�o transversal;Com V�timas Feridas;Anoitecer;Crescente;Nublado;Dupla;"Em Obras;Interse��o de Vias;Reta";Sim;2;0;1;0;1;0;1;2;-26,8837038;-49,14549;SPRF-SC;DEL04-SC;UOP01-DEL04-SC;;;
667239;14/03/2025;sexta-feira;18:10:00;SC;101;357;SANGAO;Manobra de mudan�a de faixa;Capotamento;Com V�timas Feridas;Pleno dia;Decrescente;C�u Claro;Dupla;Reta;Sim;2;0;2;0;0;0;2;1;-28,65489704;-49,1077047;SPRF-SC;DEL02-SC;UOP01-DEL02-SC;;;
667240;14/03/2025;sexta-feira;17:30:00;MG;40;697,8;BARBACENA;Manobra de mudan�a de faixa;Colis�o lateral mesmo sentido;Com V�timas Feridas;Pleno dia;Crescente;Chuva;Simples;"Aclive;Curva";N�o;4;0;1;0;2;1;1;2;-21,18563274;-43,75263272;SPRF-MG;DEL05-MG;UOP02-DEL05-MG;;;
667243;14/03/2025;sexta-feira;18:00:00;PR;116;18;CURITIBA;Acessar a via sem observar a presen�a dos outros ve�culos;Colis�o transversal;Com V�timas Feridas;Anoitecer;Crescente;Nublado;M�ltipla;Reta;Sim;2;0;1;0;1;0;1;2;-25,3888502;-49,2025047;SPRF-PR;DEL01-PR;UOP02-DEL01-PR;;;
667244;14/03/2025;sexta-feira;17:30:00;SC;101;102,8;BALNEARIO PICARRAS;Manobra de mudan�a de faixa;Colis�o lateral mesmo sentido;Com V�timas Feridas;Pleno dia;Crescente;Nublado;Dupla;"Aclive;Reta";Sim;2;0;1;0;0;1;1;2;-26,78112831;-48,68396932;SPRF-SC;DEL03-SC;UOP02-DEL03-SC;;;
667245;14/03/2025;sexta-feira;16:20:00;SE;235;18,3;LARANJEIRAS;Avarias e/ou desgaste excessivo no pneu;Colis�o com objeto;Com V�timas Feridas;Pleno dia;Crescente;C�u Claro;Simples;Reta;N�o;1;0;1;0;0;0;1;1;-10,83294573;-37,2243619;SPRF-SE;DEL01-SE;UOP02-DEL01-SE;;;
667246;14/03/2025;sexta-feira;18:10:00;RS;158;304;ITAARA;Aus�ncia de rea��o do condutor;Tombamento;Com V�timas Feridas;Pleno dia;Decrescente;C�u Claro;Simples;Reta;N�o;2;0;2;0;0;0;2;1;-29,551359;-53,759554;SPRF-RS;DEL09-RS;UOP01-DEL09-RS;;;
667248;14/03/2025;sexta-feira;17:30:00;BA;242;411;SEABRA;Acessar a via sem observar a presen�a dos outros ve�culos;Colis�o transversal;Com V�timas Feridas;Pleno dia;Crescente;C�u Claro;Simples;Reta;N�o;2;0;0;1;1;0;1;2;-12,443;-41,754;SPRF-BA;DEL06-BA;UOP01-DEL06-BA;;;
667250;14/03/2025;sexta-feira;19:00:00;SP;153;71,8;SAO JOSE DO RIO PRETO;Ingest�o de �lcool pelo condutor;Colis�o transversal;Com V�timas Feridas;Plena Noite;Crescente;Nublado;Dupla;Reta;Sim;2;0;0;2;0;0;2;2;-20,87075644;-49,41604793;SPRF-SP;DEL09-SP;UOP01-DEL09-SP;;;
667257;14/03/2025;sexta-feira;16:20:00;RS;287;340;SAO VICENTE DO SUL;Aus�ncia de rea��o do condutor;Sa�da de leito carro��vel;Com V�timas Feridas;Pleno dia;Crescente;C�u Claro;Simples;Reta;N�o;2;0;2;0;0;0;2;1;-29,63129345;-54,67972755;SPRF-RS;DEL12-RS;UOP02-DEL12-RS;;;
667258;14/03/2025;sexta-feira;18:30:00;MT;163;826,5;SINOP;Retorno proibido;Colis�o lateral sentido oposto;Com V�timas Feridas;Pleno dia;Crescente;C�u Claro;Dupla;Reta;Sim;6;0;0;1;5;0;1;2;-11,93547804;-55,51461339;SPRF-MT;DEL06-MT;UOP02-DEL06-MT;;;
667259;14/03/2025;sexta-feira;16:50:00;PI;316;101;BARRO DURO;Transitar na contram�o;Colis�o frontal;Com V�timas Feridas;Anoitecer;Crescente;C�u Claro;Simples;Reta;N�o;5;0;1;1;3;0;2;2;-5,838151;-42,4782249;SPRF-PI;DEL04-PI;UOP02-DEL04-PI;;;
667260;14/03/2025;sexta-feira;19:34:00;ES;101;269;SERRA;Acessar a via sem observar a presen�a dos outros ve�culos;Colis�o transversal;Com V�timas Feridas;Plena Noite;Crescente;Nublado;M�ltipla;"Reta;Interse��o de Vias";Sim;2;0;1;0;1;0;1;2;-20,20620719;-40,26934736;SPRF-ES;DEL02-ES;UOP01-DEL02-ES;;;
667263;14/03/2025;sexta-feira;18:40:00;PI;316;6,2;TERESINA;Entrada inopinada do pedestre;Atropelamento de Pedestre;Com V�timas Feridas;Plena Noite;Crescente;C�u Claro;M�ltipla;Reta;Sim;3;0;0;3;0;0;3;2;-5,14936951;-42,77384698;SPRF-PI;DEL01-PI;UOP02-DEL01-PI;;;
667264;14/03/2025;sexta-feira;18:11:00;MG;381;636;SANTO ANTONIO DO AMPARO;Rea��o tardia ou ineficiente do condutor;Capotamento;Com V�timas Feridas;Anoitecer;Decrescente;Chuva;Dupla;Curva;N�o;2;0;1;0;1;0;1;1;-20,86506768;-44,84095573;SPRF-MG;DEL04-MG;UOP01-DEL04-MG;;;
667265;14/03/2025;sexta-feira;18:40:00;SC;101;2,8;ARARANGUA;Desrespeitar a prefer�ncia no cruzamento;Colis�o transversal;Com V�timas Feridas;Anoitecer;Decrescente;Nublado;Simples;"Reta;Interse��o de Vias";Sim;2;0;1;0;1;0;1;2;-28,94316854;-49,50131007;SPRF-SC;DEL03-SC;UOP01-DEL03-SC;;;
667266;14/03/2025;sexta-feira;20:10:00;SP;116;168,1;JACAREI;Animais na Pista;Atropelamento de Animal;Com V�timas Feridas;Plena Noite;Crescente;C�u Claro;Dupla;"Reta;Declive";Sim;8;0;5;0;3;0;5;4;-23,30490555;-46,03371967;SPRF-SP;DEL02-SP;UOP01-DEL02-SP;;;
667267;14/03/2025;sexta-feira;19:05:00;SC;470;231,1;SAO CRISTOVAO DO SUL;Velocidade Incompat�vel;Sa�da de leito carro��vel;Com V�timas Feridas;Plena Noite;Decrescente;C�u Claro;Simples;Reta;N�o;2;0;1;0;1;0;1;1;-27,30398065;-50,40302927;SPRF-SC;DEL05-SC;UOP03-DEL05-SC;;;
667269;14/03/2025;sexta-feira;20:10:00;RS;386;348,9;LAJEADO;Aus�ncia de rea��o do condutor;Colis�o traseira;Com V�timas Feridas;Plena Noite;Decrescente;Ignorado;Dupla;"Reta;Em Obras";Sim;2;0;1;0;1;0;1;2;-29,46372377;-51,95526654;SPRF-RS;DEL04-RS;UOP01-DEL04-RS;;;
667271;14/03/2025;sexta-feira;20:57:00;ES;101;262;SERRA;Rea��o tardia ou ineficiente do condutor;Tombamento;Com V�timas Feridas;Plena Noite;Crescente;C�u Claro;Simples;Reta;N�o;1;0;1;0;0;0;1;1;-20,15744099;-40,27716398;SPRF-ES;DEL02-ES;UOP01-DEL02-ES;;;
667272;14/03/2025;sexta-feira;20:40:00;MG;262;880,1;CAMPO FLORIDO;Rea��o tardia ou ineficiente do condutor;Colis�o traseira;Sem V�timas;Plena Noite;Crescente;C�u Claro;Simples;"Reta;Aclive";N�o;3;0;0;0;3;0;0;2;-19,76175611;-48,60802;SPRF-MG;DEL13-MG;UOP02-DEL13-MG;;;
667274;14/03/2025;sexta-feira;19:10:00;RO;364;425;JARU;Acessar a via sem observar a presen�a dos outros ve�culos;Colis�o traseira;Com V�timas Feridas;Plena Noite;Decrescente;Nublado;Simples;Aclive;Sim;2;0;2;0;0;0;2;2;-10,43519081;-62,47572714;SPRF-RO;DEL03-RO;UOP02-DEL03-RO;;;
667276;14/03/2025;sexta-feira;18:15:00;SC;101;48;JOINVILLE;Avarias e/ou desgaste excessivo no pneu;Queda de ocupante de ve�culo;Com V�timas Feridas;Anoitecer;Crescente;C�u Claro;Dupla;Reta;N�o;1;0;1;0;0;0;1;1;-26,378128;-48,852472;SPRF-SC;DEL03-SC;UOP01-DEL03-SC;;;
667278;14/03/2025;sexta-feira;16:00:00;SC;101;3,7;ARARANGUA;Acessar a via sem observar a presen�a dos outros ve�culos;Colis�o transversal;Com V�timas Feridas;Pleno dia;Crescente;C�u Claro;M�ltipla;Interse��o de Vias;Sim;2;0;0;1;1;0;1;2;-28,94949417;-49,50660819;SPRF-SC;DEL02-SC;UOP02-DEL02-SC;;;
667279;14/03/2025;sexta-feira;19:20:00;RJ;116;78;TERESOPOLIS;Transitar na contram�o;Colis�o frontal;Com V�timas Feridas;Plena Noite;Decrescente;C�u Claro;Simples;Reta;N�o;2;0;0;2;0;0;2;2;-22,3641629;-42,95329;SPRF-RJ;DEL04-RJ;UOP01-DEL04-RJ;;;
667280;14/03/2025;sexta-feira;19:30:00;RO;364;138,3;PIMENTA BUENO;Falta de elemento de conten��o que evite a sa�da do leito carro��vel;Sa�da de leito carro��vel;Com V�timas Feridas;Plena Noite;Crescente;C�u Claro;Simples;"Reta;Declive";N�o;2;0;2;0;0;0;2;1;-12,01727;-60,831095;SPRF-RO;DEL02-RO;UOP02-DEL02-RO;;;
667281;14/03/2025;sexta-feira;20:40:00;PR;116;125;FAZENDA RIO GRANDE;Trafegar com motocicleta (ou similar) entre as faixas;Colis�o traseira;Com V�timas Feridas;Plena Noite;Crescente;Nublado;Dupla;Reta;Sim;2;0;0;1;1;0;1;2;-25,63803373;-49,31318153;SPRF-PR;DEL01-PR;UOP03-DEL01-PR;;;
667282;14/03/2025;sexta-feira;17:25:00;RJ;40;85;PETROPOLIS;Rea��o tardia ou ineficiente do condutor;Tombamento;Com V�timas Feridas;Pleno dia;Decrescente;C�u Claro;Dupla;"Aclive;Curva";N�o;1;0;1;0;0;0;1;1;-22,54603378;-43,22566337;SPRF-RJ;DEL01-RJ;UOP01-DEL01-RJ;;;
667283;14/03/2025;sexta-feira;21:45:00;SP;116;500;BARRA DO TURVO;Rea��o tardia ou ineficiente do condutor;Capotamento;Com V�timas Feridas;Plena Noite;Crescente;Chuva;M�ltipla;Curva;N�o;2;0;1;0;1;0;1;1;-24,9288173;-48,2715893;SPRF-SP;DEL05-SP;UOP02-DEL05-SP;;;
667284;14/03/2025;sexta-feira;20:30:00;MG;116;525,9;CARATINGA;Acessar a via sem observar a presen�a dos outros ve�culos;Colis�o transversal;Com V�timas Feridas;Plena Noite;Decrescente;Nublado;Dupla;Interse��o de Vias;Sim;3;0;2;0;1;0;2;2;-19,76833785;-42,13105238;SPRF-MG;DEL06-MG;UOP02-DEL06-MG;;;
667286;14/03/2025;sexta-feira;17:50:00;RJ;493;18,8;MAGE;Convers�o proibida;Colis�o frontal;Com V�timas Feridas;Anoitecer;Decrescente;C�u Claro;Simples;Reta;Sim;2;0;1;0;1;0;1;2;-22,66566024;-43,03001404;SPRF-RJ;DEL04-RJ;UOP02-DEL04-RJ;;;
667288;14/03/2025;sexta-feira;22:05:00;RN;101;108;PARNAMIRIM;Convers�o proibida;Colis�o transversal;Com V�timas Feridas;Plena Noite;Crescente;C�u Claro;Dupla;Reta;Sim;2;0;0;1;1;0;1;2;-5,92771698;-35,26488304;SPRF-RN;DEL01-RN;UOP01-DEL01-RN;;;
667289;14/03/2025;sexta-feira;19:00:00;PE;104;65;CARUARU;Aus�ncia de rea��o do condutor;Colis�o traseira;Com V�timas Feridas;Plena Noite;Crescente;C�u Claro;Dupla;Reta;Sim;2;0;1;0;1;0;1;2;-8,2104215;-35,9719725;SPRF-PE;DEL02-PE;UOP01-DEL02-PE;;;
667290;14/03/2025;sexta-feira;22:05:00;SP;116;189;SANTA ISABEL;Rea��o tardia ou ineficiente do condutor;Queda de ocupante de ve�culo;Com V�timas Feridas;Plena Noite;Crescente;C�u Claro;Dupla;Reta;N�o;1;0;1;0;0;0;1;1;-23,3628915;-46,2225552;SPRF-SP;DEL01-SP;UOP01-DEL01-SP;;;
667291;14/03/2025;sexta-feira;22:00:00;MG;116;585,3;MANHUACU;Transitar no Acostamento;Atropelamento de Pedestre;Com V�timas Feridas;Plena Noite;Crescente;C�u Claro;Simples;Reta;Sim;2;0;2;0;0;0;2;2;-20,23761772;-42,16415282;SPRF-MG;DEL06-MG;UOP03-DEL06-MG;;;
667292;14/03/2025;sexta-feira;21:55:00;SC;101;206,2;SAO JOSE;Condutor deixou de manter dist�ncia do ve�culo da frente;Colis�o traseira;Com V�timas Feridas;Plena Noite;Decrescente;Nublado;M�ltipla;Reta;Sim;3;0;1;1;1;0;2;2;-27,58901252;-48,61724854;SPRF-SC;DEL01-SC;UOP01-DEL01-SC;;;
667293;14/03/2025;sexta-feira;22:45:00;SP;381;37,5;ATIBAIA;Aus�ncia de rea��o do condutor;Capotamento;Com V�timas Feridas;Plena Noite;Decrescente;C�u Claro;Dupla;Reta;Sim;2;0;2;0;0;0;2;1;-23,10593499;-46,56881869;SPRF-SP;DEL03-SP;UOP01-DEL03-SP;;;
667295;14/03/2025;sexta-feira;22:50:00;SC;101;329;TUBARAO;Aus�ncia de rea��o do condutor;Colis�o com objeto;Com V�timas Feridas;Plena Noite;Crescente;C�u Claro;M�ltipla;"Curva;Desvio Tempor�rio";N�o;1;0;1;0;0;0;1;1;-28,45440591;-48,97901231;SPRF-SC;DEL02-SC;UOP01-DEL02-SC;;;
667296;14/03/2025;sexta-feira;20:30:00;SC;163;117,9;DIONISIO CERQUEIRA;Rea��o tardia ou ineficiente do condutor;Sa�da de leito carro��vel;Com V�timas Feridas;Plena Noite;Crescente;Nublado;Simples;"Aclive;Reta";N�o;2;0;0;2;0;0;2;1;-26,34626789;-53,54624748;SPRF-SC;DEL07-SC;UOP03-DEL07-SC;;;
667297;14/03/2025;sexta-feira;21:30:00;CE;20;83,2;TAUA;Ingest�o de �lcool pelo condutor;Colis�o frontal;Com V�timas Fatais;Plena Noite;Crescente;C�u Claro;Simples;Reta;Sim;2;1;0;0;1;0;0;2;-6,0067214;-40,2859736;SPRF-CE;DEL02-CE;UOP02-DEL02-CE;;;
667299;14/03/2025;sexta-feira;23:00:00;RJ;101;300;SAO GONCALO;Rea��o tardia ou ineficiente do condutor;Colis�o traseira;Com V�timas Feridas;Plena Noite;Crescente;C�u Claro;Dupla;Reta;Sim;3;0;1;0;2;0;1;2;-22,77529234;-42,94544935;SPRF-RJ;DEL02-RJ;UOP02-DEL02-RJ;;;
667300;14/03/2025;sexta-feira;21:28:00;PE;232;57;POMBOS;Pedestre cruzava a pista fora da faixa;Atropelamento de Pedestre;Sem V�timas;Plena Noite;Decrescente;Nublado;Dupla;Curva;N�o;2;0;0;0;1;1;0;2;-8,14113;-35,38214;SPRF-PE;DEL02-PE;UOP02-DEL02PE;;;
667301;14/03/2025;sexta-feira;23:00:00;PI;316;312;PICOS;Transitar na contram�o;Colis�o frontal;Com V�timas Feridas;Plena Noite;Decrescente;C�u Claro;Dupla;Reta;N�o;2;0;0;1;1;0;1;2;-7,07938614;-41,44939899;SPRF-PI;DEL04-PI;UOP01-DEL04-PI;;;
667302;14/03/2025;sexta-feira;22:22:00;SC;101;29,1;JOINVILLE;Rea��o tardia ou ineficiente do condutor;Colis�o traseira;Sem V�timas;Plena Noite;Decrescente;Nublado;Dupla;Reta;N�o;4;0;0;0;4;0;0;4;-26,22064956;-48,91611636;SPRF-SC;DEL03-SC;UOP01-DEL03-SC;;;
667303;14/03/2025;sexta-feira;23:40:00;PB;230;184;BOA VISTA;Aus�ncia de rea��o do condutor;Sa�da de leito carro��vel;Com V�timas Feridas;Plena Noite;Crescente;Chuva;Simples;Reta;N�o;1;0;1;0;0;0;1;1;-7,152992;-36,109658;SPRF-PB;DEL02-PB;UOP02-DEL02-PB;;;
667304;14/03/2025;sexta-feira;23:39:00;RS;116;151,7;CAXIAS DO SUL;Rea��o tardia ou ineficiente do condutor;Colis�o com objeto;Sem V�timas;Plena Noite;Crescente;C�u Claro;Dupla;Interse��o de Vias;Sim;2;0;0;0;2;0;0;1;-29,1499603;-51,1449365;SPRF-RS;DEL05-RS;UOP01-DEL05-RS;;;
667305;14/03/2025;sexta-feira;22:30:00;SC;116;1;MAFRA;Pista Escorregadia;Queda de ocupante de ve�culo;Com V�timas Feridas;Plena Noite;Decrescente;Ignorado;Simples;Rotat�ria;Sim;1;0;1;0;0;0;1;1;-26,1184039;-49,78766799;SPRF-SC;DEL06-SC;UOP01-DEL06-SC;;;
667308;15/03/2025;s�bado;00:03:00;PB;230;10;CABEDELO;Desvio tempor�rio;Sa�da de leito carro��vel;Com V�timas Feridas;Plena Noite;Crescente;C�u Claro;Dupla;"Desvio Tempor�rio;Em Obras";Sim;1;0;1;0;0;0;1;1;-7,06085038;-34,85052824;SPRF-PB;DEL01-PB;UOP01-DEL01-PB;;;
667309;15/03/2025;s�bado;00:00:00;RO;364;241;CACOAL;Ingest�o de �lcool pelo condutor;Sa�da de leito carro��vel;Com V�timas Feridas;Plena Noite;Crescente;C�u Claro;Simples;"Reta;Declive";N�o;1;0;1;0;0;0;1;1;-11,440498;-61,478703;SPRF-RO;DEL02-RO;UOP02-DEL02-RO;;;
667310;14/03/2025;sexta-feira;22:45:00;BA;116;450,5;ANTONIO CARDOSO;Transitar na contram�o;Tombamento;Sem V�timas;Plena Noite;Crescente;C�u Claro;Dupla;Reta;N�o;2;0;0;0;0;2;0;1;-12,3958;-39,16;SPRF-BA;DEL02-BA;UOP01-DEL02-BA;;;
667311;15/03/2025;s�bado;00:40:00;PR;158;527,4;PATO BRANCO;Transitar na contram�o;Colis�o frontal;Com V�timas Fatais;Plena Noite;Decrescente;C�u Claro;Simples;Reta;N�o;6;2;4;0;0;0;4;2;-26,175477;-52,663212;SPRF-PR;DEL02-PR;UOP01-DEL02-PR;;;
667312;15/03/2025;s�bado;00:40:00;RS;116;250;SAO LEOPOLDO;Ingest�o de �lcool pelo condutor;Colis�o com objeto;Com V�timas Feridas;Plena Noite;Crescente;C�u Claro;M�ltipla;Reta;N�o;1;0;1;0;0;0;1;1;-29,79231858;-51,16437642;SPRF-RS;DEL01-RS;UOP02-DEL01-RS;;;
667313;15/03/2025;s�bado;00:30:00;PI;343;348,8;TERESINA;Manobra de mudan�a de faixa;Colis�o frontal;Com V�timas Feridas;Plena Noite;Crescente;C�u Claro;Dupla;Reta;Sim;2;0;0;1;1;0;1;2;-5,12079202;-42,79087778;SPRF-PI;DEL01-PI;UOP01-DEL01-PI;;;
667314;15/03/2025;s�bado;01:00:00;PR;116;107;SAO JOSE DOS PINHAIS;Rea��o tardia ou ineficiente do condutor;Capotamento;Com V�timas Feridas;Plena Noite;Decrescente;Nublado;Dupla;Reta;N�o;1;0;1;0;0;0;1;1;-25,568516;-49,231505;SPRF-PR;DEL01-PR;UOP03-DEL01-PR;;;
667315;14/03/2025;sexta-feira;23:30:00;MT;163;1063;GUARANTA DO NORTE;Convers�o proibida;Colis�o frontal;Com V�timas Feridas;Plena Noite;Decrescente;C�u Claro;Simples;"Reta;Aclive;Interse��o de Vias";Sim;2;0;0;1;1;0;1;2;-9,96516276;-54,90516186;SPRF-MT;DEL06-MT;UOP03-DEL06-MT;;;
667320;15/03/2025;s�bado;02:40:00;SC;470;44,5;GASPAR;Ingest�o de �lcool pelo condutor;Sa�da de leito carro��vel;Com V�timas Feridas;Plena Noite;Crescente;C�u Claro;Dupla;Reta;N�o;1;0;1;0;0;0;1;1;-26,86945379;-49,02526617;SPRF-SC;DEL04-SC;UOP01-DEL04-SC;;;
667321;15/03/2025;s�bado;02:30:00;PR;376;3;SAO JOSE DOS PINHAIS;Velocidade Incompat�vel;Colis�o traseira;Sem V�timas;Plena Noite;Crescente;Garoa/Chuvisco;Dupla;Reta;Sim;2;0;0;0;2;0;0;2;-25,54162545;-49,19102853;SPRF-PR;DEL01-PR;UOP04-DEL01-PR;;;
667322;15/03/2025;s�bado;01:40:00;RS;290;72,9;GRAVATAI;Aus�ncia de rea��o do condutor;Queda de ocupante de ve�culo;Com V�timas Feridas;Plena Noite;Crescente;C�u Claro;M�ltipla;Reta;N�o;1;0;1;0;0;0;1;1;-29,95286;-50,985949;SPRF-RS;DEL03-RS;UOP01-DEL03-RS;;;
667323;15/03/2025;s�bado;02:40:00;RJ;116;307,4;RESENDE;Aus�ncia de rea��o do condutor;Sa�da de leito carro��vel;Com V�timas Feridas;Plena Noite;Decrescente;C�u Claro;Simples;Reta;N�o;1;0;0;1;0;0;1;1;-22,45704281;-44,41291809;SPRF-RJ;DEL07-RJ;UOP02-DEL07-RJ;;;
667324;15/03/2025;s�bado;04:21:00;SP;116;4;GUARULHOS;Rea��o tardia ou ineficiente do condutor;Colis�o com objeto;Sem V�timas;Plena Noite;Crescente;Nublado;Dupla;"Declive;Curva";Sim;3;0;0;0;3;0;0;1;-23,4215213;-46,4779508;SPRF-SP;DEL01-SP;UOP01-DEL01-SP;;;
667325;15/03/2025;s�bado;01:00:00;RJ;393;249;BARRA DO PIRAI;Velocidade Incompat�vel;Colis�o com objeto;Sem V�timas;Plena Noite;Decrescente;C�u Claro;Simples;Curva;N�o;1;0;0;0;0;1;0;1;-22,4410726;-43,7878222;SPRF-RJ;DEL05-RJ;UOP04-DEL05-RJ;;;
667327;15/03/2025;s�bado;04:35:00;DF;20;22;BRASILIA;Velocidade Incompat�vel;Sa�da de leito carro��vel;Com V�timas Feridas;Plena Noite;Crescente;Chuva;Dupla;Reta;Sim;2;0;1;0;1;0;1;1;-15,59569305;-47,65079116;SPRF-DF;DEL02-DF;UOP01-DEL02-DF;;;
667328;15/03/2025;s�bado;03:35:00;MG;116;760;LEOPOLDINA;Rea��o tardia ou ineficiente do condutor;Sa�da de leito carro��vel;Com V�timas Feridas;Amanhecer;Crescente;Chuva;Simples;Reta;N�o;1;0;0;1;0;0;1;1;-21,52702255;-42,62094498;SPRF-MG;DEL07-MG;UOP01-DEL07-MG;;;