id;data_inversa;dia_semana;horario;uf;br;km;municipio;causa_acidente;tipo_acidente;classificacao_acidente;fase_dia;sentido_via;condicao_metereologica;tipo_pista;tracado_via;uso_solo;pessoas;mortos;feridos_leves;feridos_graves;ilesos;ignorados;feridos;veiculos;latitude;longitude;regional;delegacia;uop;;;
667332;15/03/2025;s�bado;05:10:00;SC;282;572;PINHALZINHO;Velocidade Incompat�vel;Sa�da de leito carro��vel;Com V�timas Feridas;Amanhecer;Crescente;C�u Claro;Simples;Curva;N�o;1;0;1;0;0;0;1;1;-26,87761485;-52,95156013;SPRF-SC;DEL07-SC;UOP02-DEL07-SC;;;
667333;15/03/2025;s�bado;04:30:00;SP;116;60,1;GUARATINGUETA;Aus�ncia de rea��o do condutor;Colis�o traseira;Com V�timas Fatais;Plena Noite;Crescente;Nublado;Dupla;Reta;N�o;4;1;1;0;2;0;1;4;-22,8162;-45,1935;SPRF-SP;DEL08-SP;UOP01-DEL08-SP;;;
667334;15/03/2025;s�bado;05:40:00;PR;277;671,5;MEDIANEIRA;Acessar a via sem observar a presen�a dos outros ve�culos;Colis�o lateral mesmo sentido;Com V�timas Feridas;Amanhecer;Crescente;C�u Claro;Dupla;Reta;Sim;3;0;0;1;1;1;1;2;-25,28670594;-54,09388281;SPRF-PR;DEL05-PR;UOP02-DEL05-PR;;;
667335;15/03/2025;s�bado;05:55:00;PR;277;632;CEU AZUL;Rea��o tardia ou ineficiente do condutor;Colis�o com objeto;Com V�timas Feridas;Amanhecer;Decrescente;Nublado;Simples;"Reta;Retorno Regulamentado";Sim;2;0;1;0;1;0;1;1;-25,12473208;-53,81657124;SPRF-PR;DEL05-PR;UOP02-DEL05-PR;;;
667336;15/03/2025;s�bado;02:30:00;MG;356;270;MURIAE;Ingest�o de �lcool pelo condutor;Tombamento;Com V�timas Feridas;Plena Noite;Decrescente;Nublado;Simples;Curva;N�o;1;0;1;0;0;0;1;1;-21,12608434;-42,32848428;SPRF-MG;DEL07-MG;UOP02-DEL07-MG;;;
667338;15/03/2025;s�bado;07:00:00;SC;101;350,6;JAGUARUNA;Aus�ncia de rea��o do condutor;Sa�da de leito carro��vel;Com V�timas Feridas;Pleno dia;Decrescente;C�u Claro;Dupla;Reta;N�o;1;0;1;0;0;0;1;1;-28,602796;-49,054046;SPRF-SC;DEL02-SC;UOP01-DEL02-SC;;;
667340;15/03/2025;s�bado;06:50:00;PR;476;149;ARAUCARIA;Rea��o tardia ou ineficiente do condutor;Colis�o traseira;Sem V�timas;Pleno dia;Decrescente;C�u Claro;Dupla;Reta;N�o;2;0;0;0;1;1;0;2;-25,55180434;-49,37098414;SPRF-PR;DEL01-PR;UOP06-DEL01-PR;;;
667342;15/03/2025;s�bado;05:40:00;SP;116;546;BARRA DO TURVO;Chuva;Capotamento;Com V�timas Feridas;Amanhecer;Crescente;Garoa/Chuvisco;Dupla;Curva;N�o;3;0;1;0;2;0;1;1;-24,94709199;-48,42676163;SPRF-SP;DEL05-SP;UOP02-DEL05-SP;;;
667344;15/03/2025;s�bado;02:50:00;MT;70;514,3;VARZEA GRANDE;Aus�ncia de rea��o do condutor;Colis�o transversal;Com V�timas Feridas;Plena Noite;Crescente;Nublado;Simples;Reta;Sim;2;0;0;1;0;1;1;2;-15,70603306;-56,13478415;SPRF-MT;DEL01-MT;UOP02-DEL01-MT;;;
667345;15/03/2025;s�bado;00:17:00;MG;116;502,3;INHAPIM;Velocidade Incompat�vel;Colis�o com objeto;Com V�timas Feridas;Plena Noite;Decrescente;C�u Claro;Simples;Curva;N�o;2;0;2;0;0;0;2;1;-19,58152;-42,114513;SPRF-MG;DEL06-MG;UOP02-DEL06-MG;;;
667346;15/03/2025;s�bado;05:20:00;MA;316;260,9;SANTA INES;Ingest�o de �lcool pelo condutor;Colis�o frontal;Com V�timas Feridas;Amanhecer;Crescente;Nublado;Simples;Rotat�ria;Sim;2;0;0;1;1;0;1;2;-3,67517199;-45,39001465;SPRF-MA;DEL02-MA;UOP01-DEL02-MA;;;
667347;15/03/2025;s�bado;06:30:00;SP;116;58,7;GUARATINGUETA;Acessar a via sem observar a presen�a dos outros ve�culos;Colis�o lateral mesmo sentido;Com V�timas Feridas;Pleno dia;Crescente;Nublado;Dupla;Reta;N�o;2;0;1;0;1;0;1;2;-22,78339276;-45,15058994;SPRF-SP;DEL08-SP;UOP01-DEL08-SP;;;
667348;15/03/2025;s�bado;05:30:00;MG;116;569,1;MANHUACU;Aus�ncia de rea��o do condutor;Sa�da de leito carro��vel;Sem V�timas;Pleno dia;Crescente;C�u Claro;Simples;Reta;N�o;1;0;0;0;1;0;0;1;-20,250624;-42,1429248;SPRF-MG;DEL06-MG;UOP03-DEL06-MG;;;
667350;15/03/2025;s�bado;07:25:00;MA;135;13;SAO LUIS;Acessar a via sem observar a presen�a dos outros ve�culos;Colis�o transversal;Com V�timas Feridas;Pleno dia;Decrescente;C�u Claro;Dupla;"Reta;Retorno Regulamentado";Sim;2;0;2;0;0;0;2;2;-2,67915972;-44,29460973;SPRF-MA;DEL01-MA;UOP01-DEL01-MA;;;
667351;15/03/2025;s�bado;07:50:00;SC;101;220;PALHOCA;Avarias e/ou desgaste excessivo no pneu;Tombamento;Com V�timas Feridas;Pleno dia;Crescente;C�u Claro;Dupla;Reta;Sim;2;0;2;0;0;0;2;1;-27,694213;-48,662945;SPRF-SC;DEL01-SC;UOP02-DEL01-SC;;;
667352;15/03/2025;s�bado;08:05:00;MG;381;444,9;SANTA LUZIA;Transitar na contram�o;Colis�o lateral sentido oposto;Com V�timas Feridas;Pleno dia;Crescente;C�u Claro;Simples;Reta;N�o;2;0;0;1;1;0;1;2;-19,81587;-43,81192;SPRF-MG;DEL01-MG;UOP01-DEL01-MG;;;
667359;11/03/2025;ter�a-feira;20:10:00;PR;373;185;PONTA GROSSA;Aus�ncia de rea��o do condutor;Sa�da de leito carro��vel;Com V�timas Feridas;Plena Noite;Decrescente;Chuva;Simples;Curva;N�o;1;0;1;0;0;0;1;1;-25,04688088;-50,28871536;SPRF-PR;DEL03-PR;UOP01-DEL03-PR;;;
667362;15/03/2025;s�bado;08:30:00;RJ;101;422,1;MANGARATIBA;Velocidade Incompat�vel;Atropelamento de Pedestre;Com V�timas Feridas;Pleno dia;Decrescente;Nublado;Simples;Reta;Sim;2;0;0;2;0;0;2;2;-22,9183154;-43,9478571;SPRF-RJ;DEL03-RJ;UOP02-DEL03-RJ;;;
667364;27/02/2025;quinta-feira;22:06:00;SC;101;46,1;JOINVILLE;Aus�ncia de rea��o do condutor;Tombamento;Com V�timas Feridas;Plena Noite;Decrescente;Nublado;Simples;Reta;Sim;1;0;1;0;0;0;1;1;-26,363135;-48,859033;SPRF-SC;DEL03-SC;UOP01-DEL03-SC;;;
667366;15/03/2025;s�bado;08:45:00;GO;153;439,9;ANAPOLIS;Objeto est�tico sobre o leito carro��vel;Colis�o com objeto;Com V�timas Feridas;Pleno dia;Decrescente;C�u Claro;Dupla;"Reta;Interse��o de Vias;Declive";Sim;1;0;0;1;0;0;1;1;-16,32774074;-48,92094324;SPRF-GO;DEL02-GO;UOP01-DEL02-GO;;;
667367;15/03/2025;s�bado;09:15:00;RS;386;342;LAJEADO;Rea��o tardia ou ineficiente do condutor;Tombamento;Com V�timas Feridas;Pleno dia;Crescente;Nublado;Dupla;"Curva;Desvio Tempor�rio;Em Obras;Aclive";Sim;1;0;1;0;0;0;1;1;-29,4317871;-52,01221582;SPRF-RS;DEL04-RS;UOP01-DEL04-RS;;;
667368;15/03/2025;s�bado;09:07:00;SC;282;17,5;PALHOCA;Convers�o proibida;Colis�o frontal;Com V�timas Feridas;Pleno dia;Decrescente;Nublado;Simples;Reta;Sim;3;0;0;1;2;0;1;3;-27,6698;-48,6917;SPRF-SC;DEL01-SC;UOP02-DEL01-SC;;;
667370;15/03/2025;s�bado;09:00:00;PE;101;157;GAMELEIRA;Aus�ncia de rea��o do condutor;Colis�o traseira;Com V�timas Feridas;Pleno dia;Crescente;Garoa/Chuvisco;Dupla;Reta;N�o;3;0;2;0;0;1;2;2;-8,543843;-35,390694;SPRF-PE;DEL01-PE;UOP03-DEL01-PE;;;
667372;15/03/2025;s�bado;09:00:00;SC;282;38,5;AGUAS MORNAS;Convers�o proibida;Colis�o traseira;Com V�timas Feridas;Pleno dia;Crescente;Nublado;Simples;"Declive;Curva";N�o;7;0;2;0;5;0;2;2;-27,7132757;-48,8587318;SPRF-SC;DEL01-SC;UOP03-DEL01-SC;;;
667373;15/03/2025;s�bado;09:45:00;SC;280;50;GUARAMIRIM;Convers�o proibida;Colis�o transversal;Com V�timas Feridas;Pleno dia;Crescente;C�u Claro;Simples;"Aclive;Em Obras;Reta";N�o;2;0;1;0;1;0;1;2;-26,45765393;-48,93427491;SPRF-SC;DEL03-SC;UOP03-DEL03-SC;;;
667374;15/03/2025;s�bado;09:00:00;PR;277;34;MORRETES;Manobra de mudan�a de faixa;Colis�o lateral mesmo sentido;Com V�timas Feridas;Pleno dia;Decrescente;Nublado;Dupla;Reta;Sim;5;0;2;0;3;0;2;2;-25,572103;-48,83249;SPRF-PR;DEL01-PR;UOP05-DEL01-PR;;;
667375;15/03/2025;s�bado;09:00:00;BA;407;6;JUAZEIRO;Ultrapassagem Indevida;Colis�o transversal;Com V�timas Feridas;Pleno dia;Decrescente;C�u Claro;Dupla;Retorno Regulamentado;Sim;2;0;0;1;1;0;1;2;-9,46531734;-40,4825592;SPRF-PE;DEL06-PE;UOP01-DEL06-PE;;;
667376;15/03/2025;s�bado;09:20:00;RS;290;24,5;SANTO ANTONIO DA PATRULHA;Manobra de mudan�a de faixa;Colis�o lateral mesmo sentido;Sem V�timas;Pleno dia;Crescente;C�u Claro;Dupla;Reta;N�o;3;0;0;0;3;0;0;2;-29,881748;-50,495006;SPRF-RS;DEL03-RS;UOP01-DEL03-RS;;;
667380;15/03/2025;s�bado;07:20:00;MG;146;443,2;CABO VERDE;Velocidade Incompat�vel;Sa�da de leito carro��vel;Com V�timas Fatais;Pleno dia;Decrescente;C�u Claro;Simples;Reta;N�o;1;1;0;0;0;0;0;1;-21,501193;-46,392332;SPRF-MG;DEL09-MG;UOP01-DEL09-MG;;;
667382;15/03/2025;s�bado;07:05:00;RS;290;720;URUGUAIANA;Ingest�o de �lcool pelo condutor;Tombamento;Com V�timas Feridas;Amanhecer;Crescente;C�u Claro;Simples;Aclive;Sim;1;0;1;0;0;0;1;1;-29,77203883;-57,05369174;SPRF-RS;DEL13-RS;UOP01-DEL13-RS;;;
667387;15/03/2025;s�bado;11:00:00;ES;101;426;ATILIO VIVACQUA;Velocidade Incompat�vel;Sa�da de leito carro��vel;Com V�timas Feridas;Pleno dia;Crescente;C�u Claro;Simples;"Rotat�ria;Curva";N�o;1;0;1;0;0;0;1;1;-21,01072177;-41,14598628;SPRF-ES;DEL03-ES;UOP02-DEL03-ES;;;
667388;15/03/2025;s�bado;09:45:00;MG;262;801,6;UBERABA;Rea��o tardia ou ineficiente do condutor;Tombamento;Com V�timas Feridas;Pleno dia;Crescente;C�u Claro;Dupla;Reta;Sim;1;0;1;0;0;0;1;1;-19,77046;-47,950447;SPRF-MG;DEL13-MG;UOP01-DEL13-MG;;;
667389;15/03/2025;s�bado;10:00:00;PR;0;0;PAICANDU;Desrespeitar a prefer�ncia no cruzamento;Colis�o transversal;Sem V�timas;Pleno dia;N�o Informado;C�u Claro;Simples;Interse��o de Vias;Sim;2;0;0;0;2;0;0;2;-23,463733;-52,030777;SPRF-PR;DEL09-PR;UOP01-DEL09-PR;;;
667390;15/03/2025;s�bado;11:30:00;SP;153;69;SAO JOSE DO RIO PRETO;Manobra de mudan�a de faixa;Colis�o lateral mesmo sentido;Com V�timas Feridas;Pleno dia;Crescente;C�u Claro;Dupla;Reta;Sim;3;0;2;0;1;0;2;2;-20,850723;-49,397098;SPRF-SP;DEL09-SP;UOP01-DEL09-SP;;;
667391;15/03/2025;s�bado;11:00:00;PB;230;81,6;CALDAS BRANDAO;Ingest�o de �lcool pelo condutor;Sa�da de leito carro��vel;Com V�timas Feridas;Pleno dia;Decrescente;Nublado;Dupla;Reta;N�o;1;0;0;1;0;0;1;1;-7,174267;-35,332977;SPRF-PB;DEL01-PB;UOP02-DEL01-PB;;;
667394;15/03/2025;s�bado;12:20:00;RS;116;292;ELDORADO DO SUL;Rea��o tardia ou ineficiente do condutor;Tombamento;Com V�timas Feridas;Pleno dia;Crescente;Sol;Dupla;Reta;Sim;2;0;2;0;0;0;2;1;-30,0362893;-51,3277109;SPRF-RS;DEL02-RS;UOP01-DEL02-RS;;;
667395;15/03/2025;s�bado;12:00:00;PB;104;111;LAGOA SECA;Ingest�o de �lcool pelo condutor;Colis�o traseira;Sem V�timas;Pleno dia;Crescente;C�u Claro;Simples;Reta;N�o;2;0;0;0;1;1;0;2;-7,13779433;-35,86082697;SPRF-PB;DEL02-PB;UOP04-DEL02-PB;;;
667396;15/03/2025;s�bado;12:40:00;GO;40;3;VALPARAISO DE GOIAS;Rea��o tardia ou ineficiente do condutor;Colis�o traseira;Sem V�timas;Pleno dia;Decrescente;C�u Claro;Dupla;Reta;Sim;3;0;0;0;3;0;0;2;-16,07608;-47,98567;SPRF-DF;DEL01-DF;UOP01-DEL01-DF;;;
667400;15/03/2025;s�bado;09:10:00;MG;262;486,4;BOM DESPACHO;Transitar na contram�o;Colis�o transversal;Com V�timas Fatais;Pleno dia;Decrescente;C�u Claro;Simples;Reta;N�o;3;1;1;0;0;1;1;3;-19,804824;-45,23414612;SPRF-MG;DEL08-MG;UOP03-DEL08-MG;;;
667403;15/03/2025;s�bado;11:40:00;SC;282;52,8;PALHOCA;Ultrapassagem Indevida;Colis�o frontal;Com V�timas Feridas;Pleno dia;Decrescente;Nublado;Simples;Curva;N�o;2;0;2;0;0;0;2;2;-27,67362793;-48,69498968;SPRF-SC;DEL01-SC;UOP03-DEL01-SC;;;
667404;25/02/2025;ter�a-feira;17:40:00;RS;153;46,2;ERECHIM;Convers�o proibida;Colis�o transversal;Com V�timas Feridas;Pleno dia;Crescente;C�u Claro;Simples;"Declive;Reta";Sim;3;0;1;0;2;0;1;2;-27,63702188;-52,23968983;SPRF-RS;DEL08-RS;UOP04-DEL08-RS;;;
667405;15/03/2025;s�bado;11:30:00;MA;10;257;IMPERATRIZ;Acessar a via sem observar a presen�a dos outros ve�culos;Colis�o transversal;Com V�timas Feridas;Pleno dia;Decrescente;C�u Claro;Simples;Reta;Sim;2;0;1;0;1;0;1;2;-5,48743905;-47,472049;SPRF-MA;DEL04-MA;UOP01-DEL04-MA;;;
667406;15/03/2025;s�bado;13:30:00;PR;277;454,9;LARANJEIRAS DO SUL;Ultrapassagem Indevida;Colis�o lateral mesmo sentido;Com V�timas Feridas;Pleno dia;Crescente;Nublado;Simples;Curva;N�o;4;0;2;0;2;0;2;2;-25,384357;-52,420773;SPRF-PR;DEL04-PR;UOP02-DEL04-PR;;;
667407;15/03/2025;s�bado;14:10:00;SP;153;62,9;SAO JOSE DO RIO PRETO;Rea��o tardia ou ineficiente do condutor;Colis�o lateral mesmo sentido;Com V�timas Feridas;Pleno dia;Crescente;C�u Claro;Dupla;"Reta;Aclive";Sim;4;0;1;0;3;0;1;2;-20,8186315;-49,3572479;SPRF-SP;DEL09-SP;UOP01-DEL09-SP;;;
667408;15/03/2025;s�bado;05:00:00;MS;60;71;PARAISO DAS AGUAS;Rea��o tardia ou ineficiente do condutor;Sa�da de leito carro��vel;Com V�timas Feridas;Amanhecer;Crescente;Ignorado;Simples;Reta;N�o;2;0;2;0;0;0;2;1;-19,11049758;-53,04160595;SPRF-MS;DEL06-MS;UOP02-DEL06-MS;;;
667409;15/03/2025;s�bado;13:35:00;BA;116;421;FEIRA DE SANTANA;Entrada inopinada do pedestre;Atropelamento de Pedestre;Com V�timas Fatais;Pleno dia;Decrescente;C�u Claro;Dupla;Reta;Sim;2;1;0;0;1;0;0;2;-12,224822;-38,965198;SPRF-BA;DEL02-BA;UOP01-DEL02-BA;;;
667411;15/03/2025;s�bado;14:35:00;PE;101;46;IGARASSU;Aus�ncia de rea��o do condutor;Colis�o traseira;Com V�timas Feridas;Pleno dia;Decrescente;Nublado;M�ltipla;Reta;Sim;3;0;1;1;1;0;2;2;-7,881095;-34,904827;SPRF-PE;DEL01-PE;UOP02-DEL01-PE;;;
667412;15/03/2025;s�bado;12:20:00;MS;163;832;SONORA;Transitar na contram�o;Colis�o frontal;Com V�timas Feridas;Pleno dia;Crescente;C�u Claro;Simples;Reta;N�o;4;0;2;2;0;0;4;2;-17,59278419;-54,74525928;SPRF-MS;DEL06-MS;UOP01-DEL06-MS;;;
667414;15/03/2025;s�bado;15:30:00;PR;376;617;SAO JOSE DOS PINHAIS;Aus�ncia de rea��o do condutor;Queda de ocupante de ve�culo;Com V�timas Feridas;Pleno dia;Decrescente;Nublado;Dupla;Curva;N�o;1;0;1;0;0;0;1;1;-25,5889084;-49,171702;SPRF-PR;DEL01-PR;UOP04-DEL01-PR;;;
667415;19/02/2025;quarta-feira;12:55:00;RJ;40;110;DUQUE DE CAXIAS;Demais falhas mec�nicas ou el�tricas;Colis�o com objeto;Com V�timas Feridas;Pleno dia;Decrescente;C�u Claro;Dupla;Reta;Sim;1;0;0;1;0;0;1;1;-22,68347951;-43,28518867;SPRF-RJ;DEL01-RJ;UOP02-DEL01-RJ;;;
667416;15/03/2025;s�bado;15:45:00;RN;427;27,4;ACARI;Rea��o tardia ou ineficiente do condutor;Colis�o traseira;Sem V�timas;Pleno dia;Crescente;C�u Claro;Simples;Reta;Sim;4;0;0;0;4;0;0;2;-6,43382701;-36,63962245;SPRF-RN;DEL03-RN;UOP01-DEL03-RN;;;
667417;15/03/2025;s�bado;15:40:00;SP;116;279;EMBU DAS ARTES;Manobra de mudan�a de faixa;Colis�o lateral mesmo sentido;Com V�timas Feridas;Pleno dia;Crescente;C�u Claro;Dupla;"Aclive;Reta";Sim;2;0;1;0;1;0;1;2;-23,64187381;-46,83806382;SPRF-SP;DEL04-SP;UOP01-DEL04-SP;;;
667418;15/03/2025;s�bado;16:15:00;SP;116;224;GUARULHOS;Aus�ncia de rea��o do condutor;Colis�o traseira;Com V�timas Feridas;Pleno dia;Decrescente;C�u Claro;M�ltipla;Reta;Sim;3;0;1;0;0;2;1;2;-23,48259047;-46,53529848;SPRF-SP;DEL01-SP;UOP01-DEL01-SP;;;
667419;15/03/2025;s�bado;16:00:00;MG;40;567,2;NOVA LIMA;Velocidade Incompat�vel;Sa�da de leito carro��vel;Com V�timas Feridas;Pleno dia;Decrescente;Nublado;Simples;Reta;N�o;6;0;0;5;0;1;5;2;-20,19266401;-43,97211289;SPRF-MG;DEL01-MG;UOP02-DEL01-MG;;;
667420;15/03/2025;s�bado;16:00:00;MG;381;896,6;CAMBUI;Velocidade Incompat�vel;Colis�o com objeto;Sem V�timas;Pleno dia;Crescente;Chuva;Dupla;Curva;N�o;1;0;0;0;1;0;0;1;-22,59491627;-46,05631076;SPRF-MG;DEL16-MG;UOP01-DEL16-MG;;;
667421;15/03/2025;s�bado;11:45:00;RS;116;225;DOIS IRMAOS;Acessar a via sem observar a presen�a dos outros ve�culos;Colis�o transversal;Com V�timas Feridas;Pleno dia;Decrescente;Nublado;Simples;"Aclive;Reta";Sim;3;0;2;0;1;0;2;2;-29,597907;-51,110335;SPRF-RS;DEL01-RS;UOP02-DEL01-RS;;;
667422;15/03/2025;s�bado;14:15:00;RS;290;395;SANTA MARGARIDA DO SUL;Rea��o tardia ou ineficiente do condutor;Colis�o traseira;Com V�timas Feridas;Pleno dia;Decrescente;Sol;Simples;"Reta;Em Obras";N�o;7;0;3;0;4;0;3;2;-30,34534123;-54,11190726;SPRF-RS;DEL09-RS;UOP02-DEL09-RS;;;
667423;15/03/2025;s�bado;15:15:00;SC;470;98,4;APIUNA;Rea��o tardia ou ineficiente do condutor;Colis�o traseira;Com V�timas Feridas;Pleno dia;Crescente;Nublado;Simples;Reta;Sim;2;0;1;0;1;0;1;2;-27,03661762;-49,39163262;SPRF-SC;DEL04-SC;UOP02-DEL04-SC;;;
667425;15/03/2025;s�bado;14:55:00;PI;316;2,8;TERESINA;Transitar na contram�o;Colis�o frontal;Com V�timas Feridas;Pleno dia;Decrescente;Sol;M�ltipla;Reta;Sim;2;0;1;0;0;1;1;2;-5,12982108;-42,79221414;SPRF-PI;DEL01-PI;UOP02-DEL01-PI;;;
667427;15/03/2025;s�bado;14:30:00;BA;242;442;SEABRA;Acessar a via sem observar a presen�a dos outros ve�culos;Colis�o transversal;Com V�timas Feridas;Pleno dia;Crescente;Sol;Simples;Reta;N�o;4;0;1;0;3;0;1;2;-12,392414;-41,917777;SPRF-BA;DEL06-BA;UOP01-DEL06-BA;;;
667429;15/03/2025;s�bado;16:30:00;DF;70;5;BRASILIA;Acessar a via sem observar a presen�a dos outros ve�culos;Colis�o traseira;Com V�timas Feridas;Pleno dia;Decrescente;C�u Claro;M�ltipla;Reta;Sim;2;0;0;1;1;0;1;2;-15,79307023;-48,10103774;SPRF-DF;DEL03-DF;UOP02-DEL03-DF;;;
667431;15/03/2025;s�bado;14:30:00;RS;386;307,3;POUSO NOVO;Transitar na contram�o;Colis�o frontal;Com V�timas Fatais;Pleno dia;Crescente;Sol;Simples;"Declive;Curva";N�o;3;2;0;0;0;1;0;3;-29,20808963;-52,18187548;SPRF-RS;DEL04-RS;UOP01-DEL04-RS;;;
667432;15/03/2025;s�bado;15:20:00;BA;135;188;BARREIRAS;Ultrapassagem Indevida;Colis�o frontal;Com V�timas Feridas;Pleno dia;Crescente;C�u Claro;Simples;"Interse��o de Vias;Curva";Sim;8;0;1;0;4;3;1;3;-12,22461625;-45,02115604;SPRF-BA;DEL10-BA;UOP01-DEL10-BA;;;
667433;15/03/2025;s�bado;17:20:00;SP;116;222;SAO PAULO;Manobra de mudan�a de faixa;Colis�o traseira;Com V�timas Feridas;Anoitecer;Decrescente;C�u Claro;M�ltipla;Reta;N�o;2;0;1;0;1;0;1;2;-23,4956451;-46,4931597;SPRF-SP;DEL01-SP;UOP01-DEL01-SP;;;
667434;15/03/2025;s�bado;16:37:00;GO;60;9;SANTO ANTONIO DO DESCOBERTO;Aus�ncia de rea��o do condutor;Capotamento;Sem V�timas;Pleno dia;Decrescente;C�u Claro;Dupla;Declive;N�o;1;0;0;0;1;0;0;1;-16,111906;-48,304919;SPRF-DF;DEL03-DF;UOP01-DEL03-DF;;;
667435;15/03/2025;s�bado;12:30:00;ES;262;166;IBATIBA;Acessar a via sem observar a presen�a dos outros ve�culos;Colis�o transversal;Com V�timas Feridas;Pleno dia;Decrescente;C�u Claro;Simples;"Interse��o de Vias;Curva";N�o;3;0;2;0;0;1;2;2;-20,251577;-41,563633;SPRF-ES;DEL01-ES;UOP02-DEL01-ES;;;
667436;15/03/2025;s�bado;17:10:00;PR;376;2;SAO JOSE DOS PINHAIS;Aus�ncia de rea��o do condutor;Colis�o traseira;Com V�timas Feridas;Anoitecer;Crescente;C�u Claro;Dupla;"Reta;Interse��o de Vias";Sim;2;0;1;0;1;0;1;2;-25,541797;-49,1909538;SPRF-PR;DEL01-PR;UOP04-DEL01-PR;;;
667437;15/03/2025;s�bado;18:00:00;MG;365;755;ITUIUTABA;Acessar a via sem observar a presen�a dos outros ve�culos;Colis�o lateral mesmo sentido;Com V�timas Feridas;Anoitecer;Crescente;C�u Claro;Dupla;"Reta;Retorno Regulamentado";Sim;4;0;1;0;3;0;1;2;-18,96535833;-49,50911891;SPRF-MG;DEL15-MG;UOP03-DEL15-MG;;;
667438;15/03/2025;s�bado;17:00:00;MA;316;273;BELA VISTA DO MARANHAO;Demais falhas mec�nicas ou el�tricas;Colis�o traseira;Com V�timas Feridas;Pleno dia;Decrescente;Nublado;Simples;"Reta;Declive";N�o;2;0;0;1;1;0;1;2;-3,73038778;-45,26856422;SPRF-MA;DEL02-MA;UOP01-DEL02-MA;;;
667439;15/03/2025;s�bado;15:40:00;MG;50;188,7;UBERABA;Ingest�o de �lcool pelo condutor;Tombamento;Com V�timas Feridas;Pleno dia;Crescente;C�u Claro;Simples;Curva;N�o;2;0;1;0;0;1;1;2;-19,844007;-47,878354;SPRF-MG;DEL13-MG;UOP01-DEL13-MG;;;
667440;15/03/2025;s�bado;16:00:00;SC;282;604,3;MARAVILHA;Aus�ncia de rea��o do condutor;Colis�o lateral mesmo sentido;Com V�timas Feridas;Pleno dia;Decrescente;C�u Claro;Simples;Reta;Sim;2;0;1;0;1;0;1;2;-26,79138;-53,19479;SPRF-SC;DEL07-SC;UOP02-DEL07-SC;;;
667443;15/03/2025;s�bado;17:00:00;MS;163;265;DOURADOS;Aus�ncia de rea��o do condutor;Engavetamento;Sem V�timas;Pleno dia;Decrescente;C�u Claro;Dupla;"Rotat�ria;Reta";Sim;3;0;0;0;2;1;0;3;-22,22276159;-54,73082364;SPRF-MS;DEL04-MS;UOP01-DEL04-MS;;;
667444;15/03/2025;s�bado;18:20:00;PR;376;3,6;JANDAIA DO SUL;Rea��o tardia ou ineficiente do condutor;Colis�o lateral mesmo sentido;Com V�timas Feridas;Pleno dia;Crescente;C�u Claro;Dupla;"Reta;Declive";N�o;2;0;0;2;0;0;2;2;-23,58975779;-51,62212495;SPRF-PR;DEL09-PR;UOP01-DEL09-PR;;;
667445;15/03/2025;s�bado;17:40:00;RJ;116;297;PORTO REAL;Acumulo de �gua sobre o pavimento;Colis�o com objeto;Com V�timas Feridas;Anoitecer;Crescente;Chuva;Dupla;Curva;Sim;1;0;1;0;0;0;1;1;-22,449903;-44,311087;SPRF-RJ;DEL07-RJ;UOP02-DEL07-RJ;;;
667447;15/03/2025;s�bado;18:30:00;RJ;101;476;ANGRA DOS REIS;Rea��o tardia ou ineficiente do condutor;Atropelamento de Pedestre;Com V�timas Feridas;Plena Noite;Crescente;C�u Claro;Simples;Reta;Sim;2;0;0;1;1;0;1;2;-22,9900288;-44,2400768;SPRF-RJ;DEL03-RJ;UOP03-DEL03-RJ;;;
667448;15/03/2025;s�bado;18:40:00;MA;222;666;ACAILANDIA;Aus�ncia de sinaliza��o;Colis�o lateral mesmo sentido;Com V�timas Feridas;Anoitecer;Decrescente;C�u Claro;Simples;Declive;Sim;2;0;1;1;0;0;2;2;-4,921777;-47,432658;SPRF-MA;DEL04-MA;UOP03-DEL04-MA;;;
667449;15/03/2025;s�bado;10:30:00;BA;101;332;PRESIDENTE TANCREDO NEVES;Velocidade Incompat�vel;Sa�da de leito carro��vel;Com V�timas Feridas;Pleno dia;Decrescente;C�u Claro;Simples;Curva;N�o;1;0;0;1;0;0;1;1;-13,4744382;-39,41825867;SPRF-BA;DEL05-BA;UOP03-DEL05-BA;;;
667450;15/03/2025;s�bado;18:40:00;RS;392;659;CERRO LARGO;Acessar a via sem observar a presen�a dos outros ve�culos;Colis�o traseira;Com V�timas Feridas;Pleno dia;Decrescente;C�u Claro;Simples;"Interse��o de Vias;Curva";Sim;2;0;0;1;1;0;1;2;-28,1217;-54,7071;SPRF-RS;DEL10-RS;UOP01-DEL10-RS;;;
667451;15/03/2025;s�bado;17:00:00;MT;70;1;BARRA DO GARCAS;Rea��o tardia ou ineficiente do condutor;Colis�o lateral mesmo sentido;Com V�timas Feridas;Pleno dia;Crescente;C�u Claro;Simples;"Reta;Aclive";Sim;4;0;2;0;2;0;2;3;-15,88987787;-52,26439297;SPRF-MT;DEL07-MT;UOP01-DEL07-MT;;;
667452;15/03/2025;s�bado;19:00:00;ES;101;66,4;SAO MATEUS;Condutor deixou de manter dist�ncia do ve�culo da frente;Colis�o traseira;Com V�timas Feridas;Anoitecer;Decrescente;C�u Claro;Dupla;Reta;Sim;3;0;2;0;0;1;2;2;-18,6489283;-39,8736035;SPRF-ES;DEL04-ES;UOP02-DEL04-ES;;;
667453;15/03/2025;s�bado;19:20:00;MG;116;276;TEOFILO OTONI;Trafegar com motocicleta (ou similar) entre as faixas;Colis�o lateral mesmo sentido;Com V�timas Feridas;Plena Noite;Decrescente;C�u Claro;Simples;Curva;Sim;3;0;1;0;0;2;1;3;-17,86288372;-41,5147143;SPRF-MG;DEL11-MG;UOP01-DEL11-MG;;;