id;data_inversa;dia_semana;horario;uf;br;km;municipio;causa_acidente;tipo_acidente;classificacao_acidente;fase_dia;sentido_via;condicao_metereologica;tipo_pista;tracado_via;uso_solo;pessoas;mortos;feridos_leves;feridos_graves;ilesos;ignorados;feridos;veiculos;latitude;longitude;regional;delegacia;uop;;;
667454;15/03/2025;s�bado;17:25:00;RJ;40;120;DUQUE DE CAXIAS;Manobra de mudan�a de faixa;Colis�o traseira;Com V�timas Feridas;Pleno dia;Decrescente;C�u Claro;Dupla;Reta;Sim;4;0;1;0;3;0;1;2;-22,6721792;-43,2832512;SPRF-RJ;DEL01-RJ;UOP02-DEL01-RJ;;;
667455;15/03/2025;s�bado;19:30:00;ES;262;116,4;CONCEICAO DO CASTELO;Transitar na contram�o;Colis�o lateral sentido oposto;Com V�timas Feridas;Plena Noite;Crescente;Chuva;Simples;"Declive;Reta";N�o;2;0;1;0;1;0;1;2;-20,314928;-41,23386;SPRF-ES;DEL01-ES;UOP02-DEL01-ES;;;
667457;15/03/2025;s�bado;19:20:00;RS;116;145,9;CAXIAS DO SUL;Rea��o tardia ou ineficiente do condutor;Colis�o traseira;Sem V�timas;Plena Noite;Crescente;C�u Claro;Dupla;"Declive;Curva";Sim;2;0;0;0;2;0;0;2;-29,14125425;-51,13534927;SPRF-RS;DEL05-RS;UOP01-DEL05-RS;;;
667458;15/03/2025;s�bado;18:45:00;MG;50;180;UBERABA;Ingest�o de �lcool pelo condutor;Colis�o com objeto;Com V�timas Feridas;Plena Noite;Crescente;C�u Claro;Dupla;"Curva;Viaduto";Sim;1;0;1;0;0;0;1;1;-19,778931;-47,921564;SPRF-MG;DEL13-MG;UOP01-DEL13-MG;;;
667459;15/03/2025;s�bado;19:15:00;PR;469;14;FOZ DO IGUACU;Ingest�o de �lcool pelo condutor;Sa�da de leito carro��vel;Sem V�timas;Plena Noite;Decrescente;C�u Claro;Simples;"Reta;Em Obras";Sim;2;0;0;0;2;0;0;1;-25,5786;-54,5402;SPRF-PR;DEL05-PR;UOP04-DEL05-PR;;;
667460;15/03/2025;s�bado;18:10:00;CE;116;7;FORTALEZA;Aus�ncia de rea��o do condutor;Colis�o traseira;Com V�timas Fatais;Plena Noite;Decrescente;C�u Claro;M�ltipla;Reta;Sim;5;1;0;0;3;1;0;3;-3,80489481;-38,50265724;SPRF-CE;DEL01-CE;UOP02-DEL01-CE;;;
667463;15/03/2025;s�bado;18:30:00;CE;230;51,9;LAVRAS DA MANGABEIRA;Transitar no Acostamento;Colis�o traseira;Com V�timas Feridas;Plena Noite;Decrescente;Nublado;Simples;Reta;N�o;2;0;0;1;1;0;1;2;-6,76817616;-39,01669979;SPRF-CE;DEL05-CE;UOP01-DEL05-CE;;;
667466;15/03/2025;s�bado;19:20:00;SC;470;175,7;POUSO REDONDO;Ingest�o de �lcool pelo condutor;Colis�o transversal;Com V�timas Feridas;Plena Noite;Decrescente;Nublado;Simples;"Curva;Declive";Sim;2;0;2;0;0;0;2;2;-27,25523261;-49,94631261;SPRF-SC;DEL04-SC;UOP02-DEL04-SC;;;
667467;15/03/2025;s�bado;19:18:00;PR;376;185,9;SARANDI;Condutor deixou de manter dist�ncia do ve�culo da frente;Colis�o traseira;Com V�timas Feridas;Plena Noite;Crescente;C�u Claro;M�ltipla;Reta;N�o;3;0;0;2;1;0;2;3;-23,4504743;-51,8550761;SPRF-PR;DEL09-PR;UOP01-DEL09-PR;;;
667468;15/03/2025;s�bado;19:40:00;SC;116;209,1;PONTE ALTA;Ingest�o de �lcool pelo condutor;Colis�o traseira;Sem V�timas;Plena Noite;Crescente;C�u Claro;Simples;Reta;N�o;2;0;0;0;2;0;0;2;-27,46603958;-50,38563967;SPRF-SC;DEL05-SC;UOP03-DEL05-SC;;;
667470;15/03/2025;s�bado;19:00:00;MA;222;673;ACAILANDIA;Ingest�o de �lcool pelo condutor;Engavetamento;Sem V�timas;Plena Noite;Crescente;C�u Claro;Simples;"Declive;Reta";Sim;4;0;0;0;3;1;0;3;-4,94927054;-47,47997515;SPRF-MA;DEL04-MA;UOP03-DEL04-MA;;;
667471;15/03/2025;s�bado;19:40:00;RS;290;721;URUGUAIANA;Desrespeitar a prefer�ncia no cruzamento;Colis�o com objeto;Sem V�timas;Plena Noite;Crescente;C�u Claro;Dupla;Curva;Sim;3;0;0;0;2;1;0;3;-29,75983232;-57,05946922;SPRF-RS;DEL13-RS;UOP01-DEL13-RS;;;
667472;15/03/2025;s�bado;19:40:00;RJ;393;257;BARRA DO PIRAI;Ingest�o de �lcool pelo condutor;Sa�da de leito carro��vel;Com V�timas Feridas;Plena Noite;Crescente;Nublado;Simples;Reta;Sim;1;0;1;0;0;0;1;1;-22,45989836;-43,84763718;SPRF-RJ;DEL05-RJ;UOP04-DEL05-RJ;;;
667473;15/03/2025;s�bado;16:30:00;MG;153;233,3;FRONTEIRA;Demais falhas mec�nicas ou el�tricas;Sa�da de leito carro��vel;Com V�timas Feridas;Pleno dia;Crescente;C�u Claro;Simples;"Reta;Aclive";N�o;4;0;4;0;0;0;4;1;-20,210484;-49,137362;SPRF-MG;DEL13-MG;UOP02-DEL13-MG;;;
667474;15/03/2025;s�bado;18:55:00;RO;174;14;VILHENA;Desrespeitar a prefer�ncia no cruzamento;Colis�o transversal;Com V�timas Feridas;Plena Noite;Crescente;C�u Claro;Dupla;Reta;Sim;4;0;2;0;2;0;2;2;-12,73102491;-60,12942696;SPRF-RO;DEL04-RO;UOP01-DEL04-RO;;;
667475;15/03/2025;s�bado;20:20:00;TO;242;453,2;FORMOSO DO ARAGUAIA;Transitar na contram�o;Colis�o frontal;Com V�timas Feridas;Plena Noite;Decrescente;C�u Claro;Dupla;Reta;Sim;2;0;2;0;0;0;2;2;-11,81091908;-49,53094478;SPRF-TO;DEL01-TO;UOP02-DEL01-TO;;;
667476;15/03/2025;s�bado;19:40:00;SP;116;118;TAUBATE;Avarias e/ou desgaste excessivo no pneu;Colis�o com objeto;Com V�timas Feridas;Plena Noite;Crescente;Chuva;Dupla;Reta;N�o;1;0;1;0;0;0;1;1;-23,06266296;-45,62665044;SPRF-SP;DEL02-SP;UOP02-DEL02-SP;;;
667477;15/03/2025;s�bado;19:01:00;PR;476;98;BOCAIUVA DO SUL;Ingest�o de �lcool pelo condutor;Colis�o lateral sentido oposto;Sem V�timas;Plena Noite;Decrescente;Garoa/Chuvisco;Simples;Curva;N�o;2;0;0;0;2;0;0;2;-25,23839899;-49,12542388;SPRF-PR;DEL01-PR;UOP01-DEL01-PR;;;
667478;15/03/2025;s�bado;19:00:00;MA;226;305;BARRA DO CORDA;Aus�ncia de rea��o do condutor;Colis�o traseira;Com V�timas Feridas;Plena Noite;Crescente;C�u Claro;Simples;Reta;Sim;1;0;1;0;0;0;1;1;-5,46683473;-45,28434724;SPRF-MA;DEL06-MA;UOP01-DEL06-MA;;;
667479;15/03/2025;s�bado;21:00:00;RN;226;175,3;CURRAIS NOVOS;Ingest�o de �lcool pelo condutor;Queda de ocupante de ve�culo;Com V�timas Feridas;Plena Noite;Decrescente;C�u Claro;Simples;"Reta;Interse��o de Vias";Sim;2;0;2;0;0;0;2;1;-6,2569807;-36,5120819;SPRF-RN;DEL03-RN;UOP02-DEL03-RN;;;
667481;15/03/2025;s�bado;20:00:00;RS;470;224;BENTO GONCALVES;Aus�ncia de rea��o do condutor;Colis�o com objeto;Com V�timas Feridas;Plena Noite;Crescente;C�u Claro;Dupla;Reta;Sim;1;0;1;0;0;0;1;1;-29,17662695;-51,52089587;SPRF-RS;DEL06-RS;UOP01-DEL06-RS;;;
667483;15/03/2025;s�bado;21:00:00;RS;116;491,8;PELOTAS;Ingest�o de �lcool pelo condutor;Sa�da de leito carro��vel;Sem V�timas;Plena Noite;Crescente;Nublado;Simples;"Em Obras;Reta;Desvio Tempor�rio";N�o;4;0;0;0;4;0;0;1;-31,48713776;-52,21304746;SPRF-RS;DEL07-RS;UOP01-DEL07-RS;;;
667484;15/03/2025;s�bado;19:35:00;MG;116;683,2;MURIAE;Aus�ncia de rea��o do condutor;Colis�o frontal;Com V�timas Feridas;Plena Noite;Crescente;C�u Claro;Simples;Curva;N�o;4;0;2;0;2;0;2;2;-20,971;-42,355;SPRF-MG;DEL07-MG;UOP02-DEL07-MG;;;
667485;15/03/2025;s�bado;20:30:00;RS;290;574;ALEGRETE;Rea��o tardia ou ineficiente do condutor;Capotamento;Sem V�timas;Plena Noite;Crescente;C�u Claro;Simples;Interse��o de Vias;N�o;1;0;0;0;0;1;0;1;-29,82178241;-55,72078759;SPRF-RS;DEL13-RS;UOP02-DEL13-RS;;;
667487;15/03/2025;s�bado;19:30:00;RJ;116;82;TERESOPOLIS;Manobra de mudan�a de faixa;Atropelamento de Pedestre;Com V�timas Feridas;Plena Noite;Crescente;Chuva;Simples;Reta;Sim;2;0;1;0;1;0;1;2;-22,40385725;-42,95275569;SPRF-RJ;DEL04-RJ;UOP01-DEL04-RJ;;;
667488;15/03/2025;s�bado;19:50:00;PR;369;48;BANDEIRANTES;Velocidade Incompat�vel;Colis�o transversal;Com V�timas Fatais;Plena Noite;Decrescente;Nublado;Simples;Reta;N�o;3;1;2;0;0;0;2;2;-23,104037;-50,311311;SPRF-PR;DEL07-PR;UOP05-DEL07-PR;;;
667490;15/03/2025;s�bado;20:30:00;SC;282;75;RANCHO QUEIMADO;Afundamento ou ondula��o no pavimento;Capotamento;Com V�timas Feridas;Plena Noite;Decrescente;C�u Claro;Simples;Reta;N�o;1;0;1;0;0;0;1;1;-27,689269;-49,140563;SPRF-SC;DEL01-SC;UOP03-DEL01-SC;;;
667491;15/03/2025;s�bado;20:50:00;MG;381;673,2;PERDOES;Aus�ncia de rea��o do condutor;Sa�da de leito carro��vel;Com V�timas Feridas;Plena Noite;Crescente;Nublado;Dupla;"Retorno Regulamentado;Declive;Curva";N�o;1;0;1;0;0;0;1;1;-21,07829899;-45,05879195;SPRF-MG;DEL04-MG;UOP02-DEL04-MG;;;
667492;15/03/2025;s�bado;19:00:00;SC;470;34;GASPAR;Ingest�o de �lcool pelo condutor;Colis�o traseira;Sem V�timas;Plena Noite;Crescente;C�u Claro;Dupla;Em Obras;Sim;2;0;0;0;2;0;0;2;-26,910468;-48,94954;SPRF-SC;DEL04-SC;UOP01-DEL04-SC;;;
667494;15/03/2025;s�bado;20:00:00;SP;116;546;BARRA DO TURVO;Rea��o tardia ou ineficiente do condutor;Colis�o com objeto;Com V�timas Feridas;Plena Noite;Crescente;Chuva;M�ltipla;"Declive;Curva";N�o;3;0;3;0;0;0;3;1;-24,94696385;-48,42903307;SPRF-SP;DEL05-SP;UOP02-DEL05-SP;;;
667495;15/03/2025;s�bado;21:45:00;MG;262;103,4;ABRE CAMPO;Animais na Pista;Atropelamento de Animal;Com V�timas Feridas;Plena Noite;Decrescente;C�u Claro;Simples;Curva;N�o;1;0;0;1;0;0;1;1;-20,29088;-42,542503;SPRF-MG;DEL03-MG;UOP03-DEL03-MG;;;
667497;15/03/2025;s�bado;21:25:00;ES;101;146,6;LINHARES;Convers�o proibida;Colis�o transversal;Com V�timas Feridas;Plena Noite;Crescente;C�u Claro;Simples;Interse��o de Vias;Sim;3;0;2;0;1;0;2;2;-19,39827778;-40,06336212;SPRF-ES;DEL04-ES;UOP01-DEL04-ES;;;
667498;15/03/2025;s�bado;21:16:00;MG;262;810;UBERABA;Demais falhas mec�nicas ou el�tricas;Colis�o traseira;Com V�timas Feridas;Plena Noite;Decrescente;C�u Claro;Dupla;Reta;Sim;2;0;1;0;1;0;1;2;-19,7695186;-47,9787143;SPRF-MG;DEL13-MG;UOP01-DEL13-MG;;;
667500;15/03/2025;s�bado;21:50:00;PI;343;336;TERESINA;Rea��o tardia ou ineficiente do condutor;Colis�o traseira;Com V�timas Feridas;Plena Noite;Decrescente;Chuva;Dupla;"Declive;Reta";N�o;2;0;1;1;0;0;2;1;-5,2995487;-42,7099873;SPRF-PI;DEL01-PI;UOP01-DEL01-PI;;;
667501;15/03/2025;s�bado;21:47:00;PA;230;123;MARABA;Desrespeitar a prefer�ncia no cruzamento;Colis�o transversal;Com V�timas Feridas;Plena Noite;Decrescente;C�u Claro;Dupla;Reta;Sim;6;0;0;1;4;1;1;3;-5,371207;-49,132435;SPRF-PA;DEL03-PA;UOP01-DEL03-PA;;;
667503;15/03/2025;s�bado;20:00:00;SC;282;578,1;PINHALZINHO;Desrespeitar a prefer�ncia no cruzamento;Colis�o transversal;Com V�timas Feridas;Plena Noite;Decrescente;C�u Claro;Simples;"Interse��o de Vias;Rotat�ria";Sim;2;0;1;0;1;0;1;2;-26,8528378;-52,9803352;SPRF-SC;DEL07-SC;UOP02-DEL07-SC;;;
667504;15/03/2025;s�bado;20:50:00;RS;386;356,4;ESTRELA;Rea��o tardia ou ineficiente do condutor;Sa�da de leito carro��vel;Com V�timas Feridas;Plena Noite;Crescente;Nublado;Dupla;"Reta;Retorno Regulamentado";N�o;1;0;1;0;0;0;1;1;-29,52686634;-51,93230744;SPRF-RS;DEL04-RS;UOP01-DEL04-RS;;;
667505;15/03/2025;s�bado;22:30:00;MG;40;522;CONTAGEM;Demais falhas mec�nicas ou el�tricas;Inc�ndio;Sem V�timas;Plena Noite;Decrescente;C�u Claro;Dupla;Reta;N�o;1;0;0;0;1;0;0;1;-19,86636787;-44,06429406;SPRF-MG;DEL01-MG;UOP02-DEL01-MG;;;
667508;15/03/2025;s�bado;22:05:00;PI;316;40;LAGOA DO PIAUI;Animais na Pista;Atropelamento de Animal;Com V�timas Feridas;Plena Noite;Decrescente;Chuva;Simples;Reta;Sim;1;0;0;1;0;0;1;1;-5,41190768;-42,64467593;SPRF-PI;DEL01-PI;UOP02-DEL01-PI;;;
667509;15/03/2025;s�bado;21:30:00;GO;40;113,5;CRISTALINA;Condutor Dormindo;Sa�da de leito carro��vel;Com V�timas Feridas;Plena Noite;Decrescente;C�u Claro;Dupla;Reta;N�o;3;0;1;0;2;0;1;1;-16,84893944;-47,46845127;SPRF-DF;DEL01-DF;UOP02-DEL01-DF;;;
667510;15/03/2025;s�bado;20:00:00;TO;226;70;WANDERLANDIA;Desrespeitar a prefer�ncia no cruzamento;Colis�o transversal;Com V�timas Feridas;Plena Noite;Crescente;Garoa/Chuvisco;Simples;"Interse��o de Vias;Reta";Sim;5;0;1;0;4;0;1;2;-6,84926808;-47,96403408;SPRF-TO;DEL02-TO;UOP03-DEL02-TO;;;
667511;15/03/2025;s�bado;23:08:00;RN;101;104;PARNAMIRIM;Ingest�o de �lcool pelo condutor;Colis�o traseira;Sem V�timas;Plena Noite;Decrescente;C�u Claro;Dupla;Reta;Sim;3;0;0;0;3;0;0;3;-5,9013556;-35,2591362;SPRF-RN;DEL01-RN;UOP01-DEL01-RN;;;
667513;16/03/2025;domingo;00:01:00;RJ;101;312;SAO GONCALO;Ingest�o de �lcool pelo condutor;Colis�o lateral mesmo sentido;Sem V�timas;Plena Noite;Decrescente;Garoa/Chuvisco;Dupla;Reta;Sim;2;0;0;0;2;0;0;2;-22,80667095;-43,06468964;SPRF-RJ;DEL02-RJ;UOP02-DEL02-RJ;;;
667514;15/03/2025;s�bado;23:30:00;PB;101;83;BAYEUX;Rea��o tardia ou ineficiente do condutor;Colis�o traseira;Com V�timas Feridas;Plena Noite;Crescente;C�u Claro;Dupla;Reta;Sim;2;0;0;1;0;1;1;2;-7,13547246;-34,92784258;SPRF-PB;DEL01-PB;UOP01-DEL01-PB;;;
667515;15/03/2025;s�bado;23:26:00;ES;101;300,2;VIANA;Condutor Dormindo;Capotamento;Com V�timas Feridas;Plena Noite;Decrescente;C�u Claro;Dupla;Reta;Sim;1;0;1;0;0;0;1;1;-20,359502;-40,433562;SPRF-ES;DEL01-ES;UOP01-DEL01-ES;;;
667516;15/03/2025;s�bado;21:30:00;MG;50;174;UBERABA;Entrada inopinada do pedestre;Atropelamento de Pedestre;Com V�timas Feridas;Plena Noite;Decrescente;C�u Claro;Dupla;Curva;Sim;2;0;1;0;0;1;1;2;-19,777459;-47,971021;SPRF-MG;DEL13-MG;UOP01-DEL13-MG;;;
667517;16/03/2025;domingo;00:10:00;PR;277;3;PARANAGUA;Condutor deixou de manter dist�ncia do ve�culo da frente;Colis�o traseira;Com V�timas Feridas;Plena Noite;Crescente;C�u Claro;Dupla;Reta;Sim;2;0;1;0;1;0;1;2;-25,54377205;-48,54067499;SPRF-PR;DEL01-PR;UOP05-DEL01-PR;;;
667518;15/03/2025;s�bado;21:59:00;MG;262;761;SACRAMENTO;Aus�ncia de rea��o do condutor;Colis�o com objeto;Sem V�timas;Plena Noite;Crescente;C�u Claro;Simples;Reta;N�o;1;0;0;0;1;0;0;1;-19,657459;-47,567252;SPRF-MG;DEL13-MG;UOP01-DEL13-MG;;;
667520;16/03/2025;domingo;00:30:00;RS;290;26,4;SANTO ANTONIO DA PATRULHA;Condutor Dormindo;Colis�o traseira;Com V�timas Feridas;Plena Noite;Crescente;Nublado;Dupla;Reta;N�o;2;0;0;1;1;0;1;2;-29,88059553;-50,51764727;SPRF-RS;DEL03-RS;UOP01-DEL03-RS;;;
667521;15/03/2025;s�bado;22:10:00;PE;104;135;QUIPAPA;Velocidade Incompat�vel;Queda de ocupante de ve�culo;Com V�timas Fatais;Plena Noite;Crescente;Garoa/Chuvisco;Simples;"Curva;Declive";N�o;1;1;0;0;0;0;0;1;-8,8174;-36,013104;SPRF-PE;DEL02-PE;NPF/DEL02-PE;;;
667522;16/03/2025;domingo;00:10:00;PE;101;47;ITAPISSUMA;Aus�ncia de rea��o do condutor;Sa�da de leito carro��vel;Com V�timas Feridas;Plena Noite;Crescente;Garoa/Chuvisco;Dupla;"Reta;Ponte";N�o;1;0;0;1;0;0;1;1;-7,7323781;-34,9414593;SPRF-PE;DEL01-PE;UOP02-DEL01-PE;;;
667523;15/03/2025;s�bado;23:30:00;BA;415;58;ITABUNA;Velocidade Incompat�vel;Sa�da de leito carro��vel;Sem V�timas;Plena Noite;Crescente;Nublado;Simples;Curva;N�o;1;0;0;0;0;1;0;1;-14,84912;-39,385047;SPRF-BA;DEL05-BA;UOP01-DEL05-BA;;;
667525;16/03/2025;domingo;02:50:00;GO;153;508;APARECIDA DE GOIANIA;Estacionar ou parar em local proibido;Colis�o frontal;Com V�timas Feridas;Plena Noite;Crescente;Nublado;Dupla;Declive;Sim;7;0;4;0;2;1;4;4;-16,7729214;-49,2381286;SPRF-GO;DEL01-GO;UOP03-DEL01-GO;;;
667526;16/03/2025;domingo;01:30:00;RJ;356;66;ITAPERUNA;Aus�ncia de rea��o do condutor;Colis�o traseira;Com V�timas Fatais;Plena Noite;Decrescente;Nublado;Simples;Reta;N�o;4;1;0;2;1;0;2;3;-21,3706372;-41,7044823;SPRF-RJ;DEL08-RJ;UOP03-DEL08-RJ;;;
667527;16/03/2025;domingo;01:30:00;BA;367;77,9;EUNAPOLIS;Velocidade Incompat�vel;Sa�da de leito carro��vel;Com V�timas Fatais;Plena Noite;Decrescente;C�u Claro;Simples;Curva;N�o;2;1;0;1;0;0;1;1;-16,365654;-39,525807;SPRF-BA;DEL09-BA;UOP03-DEL09-BA;;;
667528;16/03/2025;domingo;02:30:00;RJ;465;12;SEROPEDICA;Aus�ncia de rea��o do condutor;Sa�da de leito carro��vel;Sem V�timas;Plena Noite;Decrescente;Garoa/Chuvisco;Simples;Reta;N�o;1;0;0;0;0;1;0;1;-22,783821;-43,657479;SPRF-RJ;DEL06-RJ;UOP02-DEL06-RJ;;;
667529;16/03/2025;domingo;02:32:00;MG;381;703,9;LAVRAS;Aus�ncia de rea��o do condutor;Capotamento;Sem V�timas;Plena Noite;Crescente;C�u Claro;Dupla;Curva;N�o;1;0;0;0;1;0;0;1;-21,31072572;-45,16256332;SPRF-MG;DEL04-MG;UOP02-DEL04-MG;;;
667530;16/03/2025;domingo;02:30:00;SP;116;477;JACUPIRANGA;Suic�dio (presumido);Eventos at�picos;Com V�timas Fatais;Plena Noite;Decrescente;C�u Claro;Dupla;Reta;Sim;3;2;0;0;0;1;0;2;-24,70186635;-48,00778627;SPRF-SP;DEL05-SP;UOP01-DEL05-SP;;;
667531;16/03/2025;domingo;01:45:00;MG;381;399;PARA DE MINAS;Condutor Dormindo;Colis�o com objeto;Com V�timas Feridas;Plena Noite;Crescente;C�u Claro;Dupla;Reta;N�o;1;0;1;0;0;0;1;1;-19,88589;-44,60069;SPRF-MG;DEL01-MG;UOP01-DEL01-MG;;;
667532;16/03/2025;domingo;01:00:00;MG;50;79,9;UBERLANDIA;Rea��o tardia ou ineficiente do condutor;Colis�o com objeto;Com V�timas Feridas;Plena Noite;Crescente;C�u Claro;Dupla;Reta;Sim;1;0;1;0;0;0;1;1;-18,963108;-48,215755;SPRF-MG;DEL15-MG;UOP01-DEL15-MG;;;
667533;16/03/2025;domingo;03:00:00;SC;101;223;PALHOCA;Aus�ncia de sinaliza��o;Colis�o transversal;Com V�timas Feridas;Plena Noite;Crescente;C�u Claro;Dupla;Reta;N�o;7;0;2;0;3;2;2;5;-27,717;-48,648;SPRF-SC;DEL01-SC;UOP02-DEL01-SC;;;
667534;16/03/2025;domingo;01:45:00;GO;153;438;ANAPOLIS;Rea��o tardia ou ineficiente do condutor;Sa�da de leito carro��vel;Sem V�timas;Plena Noite;Decrescente;C�u Claro;Dupla;Retorno Regulamentado;Sim;1;0;0;0;0;1;0;1;-16,2518;-48,9945;SPRF-GO;DEL02-GO;UOP01-DEL02-GO;;;
667537;16/03/2025;domingo;03:01:00;PB;230;23,3;JOAO PESSOA;Chuva;Sa�da de leito carro��vel;Sem V�timas;Plena Noite;Decrescente;Chuva;Simples;Reta;Sim;1;0;0;0;0;1;0;1;-7,16079669;-34,85985303;SPRF-PB;DEL01-PB;UOP01-DEL01-PB;;;
667538;16/03/2025;domingo;03:10:00;SP;116;279;EMBU DAS ARTES;Suic�dio (presumido);Atropelamento de Pedestre;Com V�timas Feridas;Plena Noite;Decrescente;C�u Claro;Dupla;Declive;Sim;2;0;0;1;1;0;1;2;-23,63991013;-46,83549921;SPRF-SP;DEL04-SP;UOP01-DEL04-SP;;;
667539;16/03/2025;domingo;02:30:00;MS;463;110;PONTA PORA;Rea��o tardia ou ineficiente do condutor;Tombamento;Com V�timas Feridas;Plena Noite;Decrescente;C�u Claro;Dupla;Curva;Sim;1;0;0;1;0;0;1;1;-22,575891;-55,693072;SPRF-MS;DEL04-MS;UOP03-DEL04-MS;;;
667540;16/03/2025;domingo;05:00:00;PB;230;21,6;JOAO PESSOA;Ingest�o de �lcool pelo condutor;Queda de ocupante de ve�culo;Com V�timas Feridas;Amanhecer;Crescente;C�u Claro;Dupla;Reta;Sim;2;0;2;0;0;0;2;1;-7,15191894;-34,85367926;SPRF-PB;DEL01-PB;UOP01-DEL01-PB;;;
667541;16/03/2025;domingo;03:35:00;RS;386;176,4;CARAZINHO;Aus�ncia de rea��o do condutor;Sa�da de leito carro��vel;Com V�timas Feridas;Plena Noite;Crescente;C�u Claro;Simples;Reta;N�o;1;0;1;0;0;0;1;1;-28,277325;-52,767035;SPRF-RS;DEL08-RS;UOP01-DEL08-RS;;;
667543;16/03/2025;domingo;05:10:00;MG;40;503,5;ESMERALDAS;Velocidade Incompat�vel;Sa�da de leito carro��vel;Sem V�timas;Amanhecer;Decrescente;C�u Claro;Dupla;"Reta;Declive";N�o;2;0;0;0;1;1;0;2;-19,7248227;-44,152489;SPRF-MG;DEL02-MG;UOP01-DEL02-MG;;;
667545;16/03/2025;domingo;05:20:00;MG;40;749,5;SANTOS DUMONT;Velocidade Incompat�vel;Colis�o com objeto;Com V�timas Feridas;Amanhecer;Crescente;Garoa/Chuvisco;Simples;Curva;N�o;1;0;1;0;0;0;1;1;-21,4858664;-43,5351518;SPRF-MG;DEL05-MG;UOP01-DEL05-MG;;;
667548;16/03/2025;domingo;05:00:00;SC;101;372,4;ICARA;Aus�ncia de rea��o do condutor;Sa�da de leito carro��vel;Sem V�timas;Amanhecer;Crescente;C�u Claro;Simples;Interse��o de Vias;Sim;3;0;0;0;3;0;0;1;-28,715303;-49,228388;SPRF-SC;DEL02-SC;UOP01-DEL02-SC;;;
667549;16/03/2025;domingo;05:00:00;PR;369;60,8;BANDEIRANTES;Ingest�o de �lcool pelo condutor;Sa�da de leito carro��vel;Com V�timas Feridas;Amanhecer;Crescente;C�u Claro;Simples;Rotat�ria;N�o;4;0;4;0;0;0;4;1;-23,135501;-50,402854;SPRF-PR;DEL07-PR;UOP05-DEL07-PR;;;
667550;15/03/2025;s�bado;23:30:00;MS;376;85,6;DEODAPOLIS;Pedestre andava na pista;Atropelamento de Pedestre;Com V�timas Feridas;Plena Noite;Crescente;C�u Claro;Simples;Reta;N�o;3;0;0;1;2;0;1;2;-22,2694063;-54,1866681;SPRF-MS;DEL04-MS;UOP04-DEL04-MS;;;
667551;16/03/2025;domingo;02:00:00;SC;282;457,4;PONTE SERRADA;Transitar na contram�o;Colis�o frontal;Com V�timas Feridas;Plena Noite;Decrescente;C�u Claro;Simples;Reta;N�o;5;0;5;0;0;0;5;2;-26,88866979;-51,99401021;SPRF-SC;DEL07-SC;UOP04-DEL07-SC;;;
667552;16/03/2025;domingo;06:30:00;ES;101;243;SERRA;Ultrapassagem Indevida;Colis�o lateral mesmo sentido;Com V�timas Feridas;Pleno dia;Decrescente;C�u Claro;Simples;Reta;N�o;2;0;1;0;0;1;1;2;-20,0488468;-40,3867006;SPRF-ES;DEL02-ES;UOP01-DEL02-ES;;;
667553;16/03/2025;domingo;05:30:00;RJ;101;475;ANGRA DOS REIS;Ingest�o de �lcool pelo condutor;Sa�da de leito carro��vel;Com V�timas Feridas;Amanhecer;Crescente;C�u Claro;Simples;Curva;N�o;1;0;1;0;0;0;1;1;-23,00395858;-44,26179972;SPRF-RJ;DEL03-RJ;UOP03-DEL03-RJ;;;
667554;16/03/2025;domingo;06:45:00;PR;277;75;SAO JOSE DOS PINHAIS;Velocidade Incompat�vel;Tombamento;Com V�timas Feridas;Pleno dia;Decrescente;Nublado;Dupla;Reta;Sim;1;0;0;1;0;0;1;1;-25,4893;-49,1778;SPRF-PR;DEL01-PR;UOP07-DEL01-PR;;;
667555;15/03/2025;s�bado;19:50:00;PA;308;155;CAPANEMA;Rea��o tardia ou ineficiente do condutor;Capotamento;Com V�timas Feridas;Plena Noite;Decrescente;Chuva;Simples;Reta;N�o;1;0;1;0;0;0;1;1;-1,211381;-47,144838;SPRF-PA;DEL01-PA;UOP03-DEL01-PA;;;
667556;16/03/2025;domingo;07:10:00;PR;116;121;SAO JOSE DOS PINHAIS;Velocidade Incompat�vel;Tombamento;Com V�timas Feridas;Amanhecer;Crescente;C�u Claro;Dupla;Reta;Sim;2;0;2;0;0;0;2;1;-25,56812653;-49,17665594;SPRF-PR;DEL01-PR;UOP03-DEL01-PR;;;
667557;15/03/2025;s�bado;20:10:00;PR;153;492;GENERAL CARNEIRO;Trafegar com motocicleta (ou similar) entre as faixas;Colis�o com objeto;Com V�timas Feridas;Plena Noite;Crescente;Nevoeiro/Neblina;Simples;"Rotat�ria;Viaduto;Curva";Sim;2;0;0;2;0;0;2;1;-26,42982238;-51,3148522;SPRF-PR;DEL02-PR;UOP03-DEL02-PR;;;
667559;16/03/2025;domingo;06:40:00;BA;101;262;SANTO ANTONIO DE JESUS;Animais na Pista;Atropelamento de Animal;Sem V�timas;Pleno dia;Crescente;C�u Claro;Dupla;"Reta;Declive";N�o;1;0;0;0;1;0;0;1;-12,96725627;-39,27299023;SPRF-BA;DEL01-BA;UOP02-DEL01-BA;;;
667560;16/03/2025;domingo;07:00:00;PR;376;603;CURITIBA;Transitar na contram�o;Colis�o frontal;Com V�timas Feridas;Pleno dia;Crescente;C�u Claro;Dupla;Reta;Sim;2;0;1;0;1;0;1;2;-25,53187016;-49,32296448;SPRF-PR;DEL01-PR;UOP06-DEL01-PR;;;