id;data_inversa;dia_semana;horario;uf;br;km;municipio;causa_acidente;tipo_acidente;classificacao_acidente;fase_dia;sentido_via;condicao_metereologica;tipo_pista;tracado_via;uso_solo;pessoas;mortos;feridos_leves;feridos_graves;ilesos;ignorados;feridos;veiculos;latitude;longitude;regional;delegacia;uop;;;
667561;16/03/2025;domingo;06:20:00;MT;70;283;PRIMAVERA DO LESTE;Ingest�o de �lcool pelo condutor;Colis�o transversal;Com V�timas Feridas;Amanhecer;Crescente;C�u Claro;Simples;Reta;Sim;2;0;2;0;0;0;2;2;-15,57379656;-54,32274902;SPRF-MT;DEL05-MT;UOP01-DEL05-MT;;;
667563;15/03/2025;s�bado;21:00:00;MT;163;583,5;NOVA MUTUM;Ingest�o de �lcool pelo condutor;Sa�da de leito carro��vel;Sem V�timas;Plena Noite;Decrescente;C�u Claro;Dupla;Reta;N�o;1;0;0;0;1;0;0;1;-13,954075;-56,097208;SPRF-MT;DEL01-MT;UOP01-DEL01-MT;;;
667564;16/03/2025;domingo;03:35:00;PA;163;618,9;TRAIRAO;Rea��o tardia ou ineficiente do condutor;Tombamento;Com V�timas Feridas;Plena Noite;Decrescente;C�u Claro;Simples;"Declive;Curva";N�o;1;0;0;1;0;0;1;1;-4,729914;-56,039575;SPRF-PA;DEL05-PA;UOP03-DEL05-PA;;;
667565;16/03/2025;domingo;07:10:00;RN;427;110,8;CAICO;Ingest�o de �lcool pelo condutor;Sa�da de leito carro��vel;Com V�timas Feridas;Pleno dia;Crescente;C�u Claro;Simples;Declive;N�o;1;0;0;1;0;0;1;1;-6,44990039;-37,13202892;SPRF-RN;DEL03-RN;UOP01-DEL03-RN;;;
667568;16/03/2025;domingo;07:50:00;PA;230;117;MARABA;Condutor desrespeitou a ilumina��o vermelha do sem�foro;Colis�o transversal;Com V�timas Feridas;Pleno dia;Crescente;C�u Claro;Dupla;Interse��o de Vias;Sim;3;0;0;1;2;0;1;2;-5,3502309;-49,102096;SPRF-PA;DEL03-PA;UOP01-DEL03-PA;;;
667569;16/03/2025;domingo;09:10:00;RJ;116;176;SAO JOAO DE MERITI;Aus�ncia de rea��o do condutor;Tombamento;Com V�timas Feridas;Pleno dia;Decrescente;C�u Claro;Dupla;Reta;N�o;2;0;1;0;1;0;1;1;-22,7855405;-43,3788412;SPRF-RJ;DEL06-RJ;UOP01-DEL06-RJ;;;
667570;16/03/2025;domingo;07:25:00;DF;60;4;BRASILIA;Ingest�o de �lcool pelo condutor;Sa�da de leito carro��vel;Sem V�timas;Pleno dia;Crescente;C�u Claro;M�ltipla;Reta;Sim;1;0;0;0;1;0;0;1;-15,89503257;-48,10217857;SPRF-DF;DEL03-DF;UOP01-DEL03-DF;;;
667571;16/03/2025;domingo;07:50:00;RS;116;351;SENTINELA DO SUL;Aus�ncia de rea��o do condutor;Sa�da de leito carro��vel;Com V�timas Feridas;Pleno dia;Crescente;C�u Claro;Dupla;"Reta;Ponte";N�o;1;0;1;0;0;0;1;1;-30,54274758;-51,50974274;SPRF-RS;DEL02-RS;UOP02-DEL02-RS;;;
667572;16/03/2025;domingo;08:30:00;SP;116;108,4;TAUBATE;Acessar a via sem observar a presen�a dos outros ve�culos;Colis�o traseira;Com V�timas Feridas;Pleno dia;Decrescente;Chuva;Dupla;Reta;Sim;11;0;2;0;9;0;2;4;-23,02584008;-45,54110885;SPRF-SP;DEL02-SP;UOP02-DEL02-SP;;;
667574;16/03/2025;domingo;09:00:00;GO;60;50;ABADIANIA;Velocidade Incompat�vel;Queda de ocupante de ve�culo;Com V�timas Feridas;Pleno dia;Crescente;C�u Claro;Dupla;Curva;N�o;2;0;1;1;0;0;2;1;-16,16327;-48,63006;SPRF-GO;DEL02-GO;UOP01-DEL02-GO;;;
667575;07/03/2025;sexta-feira;09:14:00;SC;480;125;CHAPECO;Aus�ncia de rea��o do condutor;Capotamento;Com V�timas Fatais;Pleno dia;Crescente;C�u Claro;M�ltipla;Reta;N�o;1;1;0;0;0;0;0;1;-27,012042;-52,6394;SPRF-SC;DEL07-SC;UOP01-DEL07-SC;;;
667576;16/03/2025;domingo;09:30:00;AP;156;340;FERREIRA GOMES;Demais falhas mec�nicas ou el�tricas;Inc�ndio;Sem V�timas;Pleno dia;Decrescente;Nublado;Simples;Reta;N�o;1;0;0;0;0;1;0;1;0,753236;-51,319539;SPRF-AP;DEL01-AP;UOP01-DEL01-AP;;;
667578;16/03/2025;domingo;09:56:00;ES;101;308;VIANA;Avarias e/ou desgaste excessivo no pneu;Queda de ocupante de ve�culo;Com V�timas Feridas;Pleno dia;Crescente;C�u Claro;Dupla;Reta;N�o;2;0;1;1;0;0;2;1;-20,414173;-40,459802;SPRF-ES;DEL01-ES;UOP01-DEL01-ES;;;
667579;16/03/2025;domingo;10:15:00;SP;101;32,2;UBATUBA;Condutor deixou de manter dist�ncia do ve�culo da frente;Colis�o traseira;Com V�timas Feridas;Pleno dia;Crescente;Chuva;Simples;Reta;Sim;2;0;0;1;1;0;1;2;-23,388407;-44,981079;SPRF-SP;DEL06-SP;UOP01-DEL06-SP;;;
667580;14/03/2025;sexta-feira;21:00:00;MT;70;14;BARRA DO GARCAS;Rea��o tardia ou ineficiente do condutor;Sa�da de leito carro��vel;Com V�timas Feridas;Plena Noite;Crescente;C�u Claro;Simples;Reta;N�o;2;0;1;0;1;0;1;1;-15,8793728;-52,3108352;SPRF-MT;DEL07-MT;UOP01-DEL07-MT;;;
667581;16/03/2025;domingo;10:35:00;PB;230;72;SOBRADO;Acumulo de �gua sobre o pavimento;Sa�da de leito carro��vel;Com V�timas Feridas;Pleno dia;Decrescente;Chuva;Dupla;Reta;N�o;3;0;2;0;1;0;2;1;-7,190732;-35,24426;SPRF-PB;DEL01-PB;UOP02-DEL01-PB;;;
667582;16/03/2025;domingo;09:50:00;GO;364;121,8;APARECIDA DO RIO DOCE;Rea��o tardia ou ineficiente do condutor;Sa�da de leito carro��vel;Com V�timas Feridas;Pleno dia;Decrescente;C�u Claro;Simples;Reta;N�o;1;0;1;0;0;0;1;1;-18,267563;-51,218126;SPRF-GO;DEL05-GO;UOP02-DEL05-GO;;;
667583;23/02/2025;domingo;16:45:00;SP;153;293;OCAUCU;Rea��o tardia ou ineficiente do condutor;Colis�o traseira;Com V�timas Feridas;Pleno dia;Decrescente;C�u Claro;Simples;Reta;N�o;2;0;2;0;0;0;2;2;-22,47829943;-49,88857269;SPRF-SP;DEL07-SP;UOP02-DEL07-SP;;;
667584;16/03/2025;domingo;05:20:00;BA;242;347;LENCOIS;Transitar na contram�o;Colis�o frontal;Com V�timas Fatais;Plena Noite;Crescente;C�u Claro;Simples;Reta;Sim;3;1;0;0;2;0;0;3;-12,49784131;-41,29576139;SPRF-BA;DEL06-BA;UOP02-DEL06-BA;;;
667586;16/03/2025;domingo;10:15:00;GO;364;204;JATAI;Transitar na contram�o;Colis�o frontal;Com V�timas Fatais;Pleno dia;Crescente;C�u Claro;Simples;Reta;N�o;7;2;4;0;0;1;4;3;-17,908073;-51,789746;SPRF-GO;DEL05-GO;UOP01-DEL05-GO;;;
667587;16/03/2025;domingo;09:25:00;PA;316;62;CASTANHAL;Aus�ncia de rea��o do condutor;Colis�o transversal;Com V�timas Feridas;Pleno dia;Decrescente;C�u Claro;Dupla;"Reta;Interse��o de Vias";Sim;2;0;0;1;1;0;1;2;-1,296548;-47,928528;SPRF-PA;DEL01-PA;UOP01-DEL01-PA;;;
667588;16/03/2025;domingo;08:00:00;BA;101;60;ENTRE RIOS;Rea��o tardia ou ineficiente do condutor;Queda de ocupante de ve�culo;Com V�timas Feridas;Pleno dia;Decrescente;C�u Claro;Simples;Reta;N�o;2;0;1;0;1;0;1;1;-11,94358579;-38,06069613;SPRF-BA;DEL01-BA;UOP04-DEL01-BA;;;
667590;16/03/2025;domingo;09:00:00;MG;50;171;UBERABA;Aus�ncia de rea��o do condutor;Tombamento;Com V�timas Feridas;Pleno dia;Crescente;C�u Claro;Simples;Curva;Sim;1;0;1;0;0;0;1;1;-19,75092626;-47,98233211;SPRF-MG;DEL13-MG;UOP01-DEL13-MG;;;
667591;16/03/2025;domingo;01:20:00;PE;428;186;PETROLINA;Ingest�o de �lcool pelo condutor;Colis�o com objeto;Com V�timas Feridas;Plena Noite;Decrescente;C�u Claro;Dupla;Reta;Sim;2;0;1;1;0;0;2;1;-9,3610931;-40,48101425;SPRF-PE;DEL06-PE;UOP01-DEL06-PE;;;
667594;16/03/2025;domingo;10:06:00;RJ;40;80;DUQUE DE CAXIAS;Manobra de mudan�a de faixa;Colis�o lateral mesmo sentido;Com V�timas Feridas;Pleno dia;Decrescente;C�u Claro;Dupla;Reta;N�o;3;0;1;0;2;0;1;2;-22,52334447;-43,22763735;SPRF-RJ;DEL01-RJ;UOP01-DEL01-RJ;;;
667596;16/03/2025;domingo;11:00:00;MG;381;494;BETIM;Aus�ncia de rea��o do condutor;Colis�o traseira;Com V�timas Feridas;Pleno dia;Decrescente;C�u Claro;Dupla;Reta;Sim;3;0;1;0;2;0;1;3;-19,96828869;-44,18034704;SPRF-MG;DEL01-MG;UOP03-DEL01-MG;;;
667597;16/03/2025;domingo;11:32:00;RN;304;303,4;PARNAMIRIM;Avarias e/ou desgaste excessivo no pneu;Colis�o com objeto;Sem V�timas;Pleno dia;Decrescente;Chuva;Dupla;Reta;N�o;1;0;0;0;0;1;0;1;-5,883713;-35,285295;SPRF-RN;DEL01-RN;UOP02-DEL01-RN;;;
667598;16/03/2025;domingo;10:50:00;RN;101;95;NATAL;Manobra de mudan�a de faixa;Colis�o lateral mesmo sentido;Com V�timas Feridas;Pleno dia;Crescente;Chuva;M�ltipla;Reta;N�o;2;0;1;0;1;0;1;2;-5,83110949;-35,21192729;SPRF-RN;DEL01-RN;UOP01-DEL01-RN;;;
667600;16/03/2025;domingo;10:20:00;PI;135;311;CRISTINO CASTRO;Ingest�o de �lcool pelo condutor;Colis�o frontal;Com V�timas Feridas;Pleno dia;Crescente;C�u Claro;Simples;Reta;N�o;1;0;0;1;0;0;1;1;-8,781263;-44,19477;SPRF-PI;DEL03-PI;UOP02-DEL03-PI;;;
667601;16/03/2025;domingo;11:40:00;MG;40;696,9;BARBACENA;Aus�ncia de rea��o do condutor;Colis�o com objeto;Com V�timas Feridas;Pleno dia;Crescente;Chuva;Dupla;Curva;N�o;2;0;0;1;1;0;1;1;-21,18276363;-43,75456721;SPRF-MG;DEL05-MG;UOP02-DEL05-MG;;;
667603;16/03/2025;domingo;11:15:00;SP;101;45,7;UBATUBA;Ultrapassagem Indevida;Tombamento;Com V�timas Feridas;Pleno dia;Decrescente;Chuva;Simples;Reta;Sim;1;0;0;1;0;0;1;1;-23,42258297;-45,07280219;SPRF-SP;DEL06-SP;UOP01-DEL06-SP;;;
667605;16/03/2025;domingo;12:00:00;PR;277;79;CURITIBA;Rea��o tardia ou ineficiente do condutor;Colis�o traseira;Com V�timas Feridas;Pleno dia;Crescente;C�u Claro;Dupla;Reta;Sim;2;0;1;0;1;0;1;2;-25,47678769;-49,2064333;SPRF-PR;DEL01-PR;UOP07-DEL01-PR;;;
667606;16/03/2025;domingo;12:46:00;CE;116;2;FORTALEZA;Condutor deixou de manter dist�ncia do ve�culo da frente;Colis�o traseira;Com V�timas Feridas;Pleno dia;Crescente;C�u Claro;Dupla;Reta;Sim;3;0;1;0;2;0;1;2;-3,7766881;-38,5156766;SPRF-CE;DEL01-CE;UOP02-DEL01-CE;;;
667607;16/03/2025;domingo;12:15:00;MG;153;66,1;MONTE ALEGRE DE MINAS;Velocidade Incompat�vel;Colis�o traseira;Com V�timas Feridas;Pleno dia;Crescente;C�u Claro;Simples;Aclive;N�o;4;0;1;0;3;0;1;2;-18,95685129;-49,02906418;SPRF-MG;DEL15-MG;UOP03-DEL15-MG;;;
667608;16/03/2025;domingo;12:00:00;MG;40;656;CRISTIANO OTONI;Rea��o tardia ou ineficiente do condutor;Colis�o traseira;Com V�timas Feridas;Pleno dia;Crescente;Nublado;Simples;Curva;N�o;2;0;1;0;1;0;1;2;-20,876164;-43,801355;SPRF-MG;DEL05-MG;UOP02-DEL05-MG;;;
667611;16/03/2025;domingo;13:00:00;SC;116;0,6;MAFRA;Ultrapassagem Indevida;Colis�o traseira;Com V�timas Feridas;Pleno dia;Crescente;C�u Claro;Dupla;"Reta;Aclive";Sim;3;0;1;0;2;0;1;2;-26,113512;-49,78623;SPRF-SC;DEL06-SC;UOP01-DEL06-SC;;;
667613;16/03/2025;domingo;11:00:00;PR;376;415,7;TIBAGI;Rea��o tardia ou ineficiente do condutor;Tombamento;Sem V�timas;Pleno dia;Crescente;Sol;Dupla;Curva;N�o;1;0;0;0;1;0;0;1;-24,65317455;-50,61540658;SPRF-PR;DEL03-PR;UOP02-DEL03-PR;;;
667614;16/03/2025;domingo;12:50:00;RJ;465;20;NOVA IGUACU;Trafegar com motocicleta (ou similar) entre as faixas;Colis�o transversal;Com V�timas Feridas;Pleno dia;Decrescente;Nublado;Simples;Reta;Sim;2;0;1;0;1;0;1;2;-22,84844947;-43,60383326;SPRF-RJ;DEL06-RJ;UOP02-DEL06-RJ;;;
667615;16/03/2025;domingo;10:50:00;PI;230;298;FLORIANO;Acumulo de areia ou detritos sobre o pavimento;Tombamento;Com V�timas Feridas;Pleno dia;Crescente;Sol;Simples;Rotat�ria;N�o;2;0;0;1;1;0;1;1;-6,81460546;-42,94062853;SPRF-PI;DEL03-PI;UOP01-DEL03-PI;;;
667616;16/03/2025;domingo;13:13:00;PB;101;25,7;RIO TINTO;Velocidade Incompat�vel;Colis�o com objeto;Com V�timas Feridas;Pleno dia;Crescente;Chuva;Dupla;Reta;N�o;1;0;1;0;0;0;1;1;-6,71936852;-35,11929631;SPRF-PB;DEL01-PB;UOP03-DEL01-PB;;;
667617;16/03/2025;domingo;08:25:00;SC;282;407;CATANDUVAS;Ingest�o de �lcool pelo condutor;Sa�da de leito carro��vel;Com V�timas Feridas;Pleno dia;Crescente;C�u Claro;Simples;"Declive;Curva";Sim;1;0;1;0;0;0;1;1;-27,085418;-51,661765;SPRF-SC;DEL07-SC;UOP05-DEL07-SC;;;
667618;16/03/2025;domingo;12:00:00;MG;40;476;SETE LAGOAS;Demais falhas mec�nicas ou el�tricas;Tombamento;Com V�timas Feridas;Pleno dia;Decrescente;C�u Claro;Dupla;Reta;Sim;1;0;1;0;0;0;1;1;-19,516976;-44,268137;SPRF-MG;DEL02-MG;UOP01-DEL02-MG;;;
667619;16/03/2025;domingo;00:30:00;RS;290;92;PORTO ALEGRE;Aus�ncia de rea��o do condutor;Colis�o com objeto;Com V�timas Fatais;Plena Noite;Crescente;C�u Claro;Dupla;"Viaduto;Curva;Aclive";N�o;1;1;0;0;0;0;0;1;-29,96951817;-51,1768775;SPRF-RS;DEL01-RS;UOP01-DEL01-RS;;;
667620;18/01/2025;s�bado;00:30:00;BA;101;44;ESPLANADA;Condutor Dormindo;Colis�o frontal;Com V�timas Feridas;Plena Noite;Crescente;C�u Claro;Simples;Curva;N�o;6;0;5;0;1;0;5;2;-11,88149901;-38,009833;SPRF-SE;DEL02-SE;UOP03-DEL02-SE;;;
667622;16/03/2025;domingo;14:00:00;GO;60;92;ANAPOLIS;Retorno proibido;Colis�o traseira;Com V�timas Feridas;Pleno dia;Crescente;C�u Claro;Dupla;Reta;Sim;3;0;2;0;1;0;2;2;-16,352429;-48,91624;SPRF-GO;DEL02-GO;UOP01-DEL02-GO;;;
667623;16/03/2025;domingo;14:30:00;RS;116;512,5;PELOTAS;Condutor deixou de manter dist�ncia do ve�culo da frente;Colis�o traseira;Com V�timas Feridas;Pleno dia;Crescente;C�u Claro;Dupla;Reta;N�o;3;0;2;0;1;0;2;2;-31,63842895;-52,33422864;SPRF-RS;DEL07-RS;UOP01-DEL07-RS;;;
667624;16/03/2025;domingo;14:40:00;SC;282;57;RANCHO QUEIMADO;Condutor Dormindo;Sa�da de leito carro��vel;Com V�timas Feridas;Pleno dia;Crescente;Nublado;Simples;"Aclive;Curva";Sim;2;0;1;1;0;0;2;1;-27,68150353;-49,00577892;SPRF-SC;DEL01-SC;UOP03-DEL01-SC;;;
667625;16/03/2025;domingo;15:00:00;PB;101;93;JOAO PESSOA;Acumulo de �gua sobre o pavimento;Sa�da de leito carro��vel;Com V�timas Feridas;Pleno dia;Decrescente;Chuva;Dupla;Reta;N�o;1;0;1;0;0;0;1;1;-7,206647;-34,908938;SPRF-PB;DEL01-PB;UOP01-DEL01-PB;;;
667626;16/03/2025;domingo;15:15:00;RS;285;293;PASSO FUNDO;Desrespeitar a prefer�ncia no cruzamento;Colis�o transversal;Com V�timas Feridas;Pleno dia;Crescente;C�u Claro;Dupla;"Reta;Interse��o de Vias";Sim;4;0;1;2;1;0;3;2;-28,23696565;-52,37405593;SPRF-RS;DEL08-RS;UOP03-DEL08-RS;;;
667628;16/03/2025;domingo;15:00:00;PB;230;123,1;RIACHAO DO BACAMARTE;Avarias e/ou desgaste excessivo no pneu;Sa�da de leito carro��vel;Com V�timas Feridas;Pleno dia;Crescente;Chuva;Dupla;"Declive;Curva";Sim;3;0;1;1;1;0;2;1;-7,247528;-35,673177;SPRF-PB;DEL02-PB;UOP01-DEL02-PB;;;
667629;16/03/2025;domingo;12:30:00;MG;381;369;SAO GONCALO DO RIO ABAIXO;Velocidade Incompat�vel;Sa�da de leito carro��vel;Com V�timas Feridas;Pleno dia;Crescente;Nublado;Simples;Curva;N�o;4;0;4;0;0;0;4;1;-19,848796;-43,253789;SPRF-MG;DEL03-MG;UOP01-DEL03-MG;;;
667630;16/03/2025;domingo;08:50:00;RS;448;10;CANOAS;Aus�ncia de rea��o do condutor;Sa�da de leito carro��vel;Sem V�timas;Pleno dia;Decrescente;C�u Claro;Simples;Curva;N�o;1;0;0;0;1;0;0;1;-29,88466825;-51,23564243;SPRF-RS;DEL01-RS;UOP01-DEL01-RS;;;
667631;16/03/2025;domingo;13:35:00;GO;70;31;COCALZINHO DE GOIAS;Avarias e/ou desgaste excessivo no pneu;Colis�o com objeto;Com V�timas Feridas;Pleno dia;Crescente;C�u Claro;Simples;Reta;N�o;3;0;1;0;2;0;1;1;-15,772211;-48,463426;SPRF-DF;DEL03-DF;UOP02-DEL03-DF;;;
667632;16/03/2025;domingo;14:55:00;RJ;40;31;AREAL;Velocidade Incompat�vel;Sa�da de leito carro��vel;Com V�timas Feridas;Pleno dia;Crescente;Chuva;Dupla;Curva;N�o;1;0;1;0;0;0;1;1;-22,19900365;-43,15880588;SPRF-RJ;DEL05-RJ;UOP02-DEL05-RJ;;;
667634;16/03/2025;domingo;15:14:00;PE;232;20;MORENO;Rea��o tardia ou ineficiente do condutor;Sa�da de leito carro��vel;Com V�timas Feridas;Pleno dia;Decrescente;Sol;Dupla;Reta;Sim;3;0;2;1;0;0;3;1;-8,095888;-35,07295;SPRF-PE;DEL01-PE;UOP01-DEL01-PE;;;
667635;16/03/2025;domingo;05:00:00;SP;116;509;CAJATI;Aus�ncia de rea��o do condutor;Sa�da de leito carro��vel;Sem V�timas;Amanhecer;Crescente;Garoa/Chuvisco;M�ltipla;"Curva;Aclive";N�o;1;0;0;0;0;1;0;1;-24,79285139;-48,17183018;SPRF-SP;DEL05-SP;UOP02-DEL05-SP;;;
667636;16/03/2025;domingo;15:40:00;MG;381;3;BETIM;Rea��o tardia ou ineficiente do condutor;Tombamento;Com V�timas Feridas;Pleno dia;Crescente;C�u Claro;Dupla;Reta;Sim;2;0;1;1;0;0;2;1;-19,9864445;-44,1703874;SPRF-MG;DEL01-MG;UOP03-DEL01-MG;;;
667637;16/03/2025;domingo;14:15:00;RJ;116;131;MAGE;Demais falhas mec�nicas ou el�tricas;Queda de ocupante de ve�culo;Com V�timas Feridas;Pleno dia;Decrescente;C�u Claro;Dupla;Viaduto;Sim;2;0;1;0;1;0;1;1;-22,65659132;-43,12760353;SPRF-RJ;DEL04-RJ;UOP02-DEL04-RJ;;;
667638;16/03/2025;domingo;15:30:00;SP;116;421;JUQUIA;Aus�ncia de rea��o do condutor;Colis�o traseira;Com V�timas Feridas;Pleno dia;Decrescente;Nublado;Dupla;Reta;N�o;7;0;1;0;6;0;1;2;-24,34951401;-47,65229333;SPRF-SP;DEL05-SP;UOP01-DEL05-SP;;;
667639;16/03/2025;domingo;13:00:00;ES;262;166;IBATIBA;Desrespeitar a prefer�ncia no cruzamento;Colis�o transversal;Com V�timas Feridas;Pleno dia;Decrescente;C�u Claro;Simples;Interse��o de Vias;N�o;2;0;1;0;0;1;1;2;-20,251859;-41,563811;SPRF-ES;DEL01-ES;UOP02-DEL01-ES;;;
667640;16/03/2025;domingo;13:20:00;MA;135;181,2;SAO MATEUS DO MARANHAO;Rea��o tardia ou ineficiente do condutor;Colis�o transversal;Com V�timas Feridas;Pleno dia;Crescente;Chuva;Simples;Reta;Sim;3;0;0;2;1;0;2;2;-4,030993;-44,465472;SPRF-MA;DEL03-MA;UOP01-DEL03-MA;;;
667641;16/03/2025;domingo;15:00:00;RS;392;47;RIO GRANDE;Retorno proibido;Colis�o traseira;Sem V�timas;Pleno dia;Decrescente;C�u Claro;Dupla;Reta;N�o;4;0;0;0;3;1;0;2;-31,89029807;-52,31901348;SPRF-RS;DEL07-RS;UOP02-DEL07-RS;;;
667642;16/03/2025;domingo;16:00:00;SP;116;230,5;SAO PAULO;Manobra de mudan�a de faixa;Colis�o lateral mesmo sentido;Com V�timas Feridas;Pleno dia;Crescente;C�u Claro;M�ltipla;Interse��o de Vias;Sim;2;0;1;0;1;0;1;2;-23,52101884;-46,58462477;SPRF-SP;DEL01-SP;UOP01-DEL01-SP;;;
667643;16/03/2025;domingo;15:54:00;ES;262;19;VIANA;Rea��o tardia ou ineficiente do condutor;Colis�o lateral mesmo sentido;Com V�timas Feridas;Pleno dia;Crescente;C�u Claro;Simples;Reta;N�o;3;0;1;1;1;0;2;2;-20,387477;-40,494995;SPRF-ES;DEL01-ES;UOP01-DEL01-ES;;;
667644;16/03/2025;domingo;16:13:00;ES;262;40;DOMINGOS MARTINS;Chuva;Colis�o frontal;Com V�timas Feridas;Pleno dia;Crescente;Chuva;Simples;Curva;N�o;3;0;3;0;0;0;3;2;-20,38370745;-40,63549876;SPRF-ES;DEL01-ES;UOP01-DEL01-ES;;;
667648;16/03/2025;domingo;15:05:00;BA;330;790;JEQUIE;Acessar a via sem observar a presen�a dos outros ve�culos;Colis�o traseira;Com V�timas Feridas;Pleno dia;Decrescente;C�u Claro;Simples;Reta;N�o;2;0;1;0;1;0;1;2;-13,873816;-40,040711;SPRF-BA;DEL03-BA;UOP01-DEL03-BA;;;
667649;16/03/2025;domingo;16:14:00;GO;40;11;LUZIANIA;Transitar na contram�o;Colis�o transversal;Com V�timas Feridas;Pleno dia;Crescente;C�u Claro;Dupla;"Retorno Regulamentado;Reta";Sim;2;0;0;1;1;0;1;2;-16,13746718;-47,95237061;SPRF-DF;DEL01-DF;UOP01-DEL01-DF;;;
667650;16/03/2025;domingo;15:00:00;GO;40;126,3;CRISTALINA;Avarias e/ou desgaste excessivo no pneu;Sa�da de leito carro��vel;Com V�timas Feridas;Pleno dia;Crescente;C�u Claro;Dupla;Reta;N�o;3;0;1;2;0;0;3;1;-16,882682;-47,370094;SPRF-DF;DEL01-DF;UOP02-DEL01-DF;;;
667653;16/03/2025;domingo;16:45:00;PE;232;28,2;MORENO;Manobra de mudan�a de faixa;Tombamento;Com V�timas Feridas;Pleno dia;Decrescente;C�u Claro;Dupla;Reta;Sim;3;0;2;0;0;1;2;2;-8,11173;-35,14066;SPRF-PE;DEL01-PE;UOP01-DEL01-PE;;;
667655;16/03/2025;domingo;08:25:00;MT;163;885;CLAUDIA;Rea��o tardia ou ineficiente do condutor;Queda de ocupante de ve�culo;Com V�timas Feridas;Pleno dia;Crescente;Nublado;Simples;"Declive;Reta";N�o;1;0;1;0;0;0;1;1;-11,44380833;-55,35673833;SPRF-MT;DEL06-MT;UOP02-DEL06-MT;;;
667657;16/03/2025;domingo;13:30:00;RJ;40;77;PETROPOLIS;Pista Escorregadia;Colis�o com objeto;Com V�timas Feridas;Pleno dia;Crescente;Chuva;Simples;Curva;N�o;3;0;2;0;1;0;2;1;-22,528462;-43,2227818;SPRF-RJ;DEL01-RJ;UOP01-DEL01-RJ;;;
667658;16/03/2025;domingo;16:50:00;MG;381;261;CORONEL FABRICIANO;Mal s�bito do condutor;Capotamento;Com V�timas Feridas;Pleno dia;Decrescente;C�u Claro;Simples;Reta;N�o;2;0;2;0;0;0;2;1;-19,525659;-42,580438;SPRF-MG;DEL03-MG;UOP02-DEL03-MG;;;
667659;16/03/2025;domingo;13:05:00;RN;427;59,8;JARDIM DO SERIDO;Rea��o tardia ou ineficiente do condutor;Capotamento;Com V�timas Feridas;Pleno dia;Crescente;Chuva;Simples;Curva;N�o;3;0;1;0;2;0;1;1;-6,58667394;-36,8099278;SPRF-RN;DEL03-RN;UOP01-DEL03-RN;;;
667660;16/03/2025;domingo;17:00:00;BA;242;760;CRISTOPOLIS;Ultrapassagem Indevida;Colis�o lateral sentido oposto;Com V�timas Feridas;Anoitecer;Crescente;C�u Claro;Simples;Reta;N�o;2;0;2;0;0;0;2;2;-12,20884003;-44,46509332;SPRF-BA;DEL10-BA;UOP01-DEL10-BA;;;
667662;16/03/2025;domingo;17:30:00;AP;210;8;MACAPA;Velocidade Incompat�vel;Sa�da de leito carro��vel;Com V�timas Feridas;Pleno dia;Decrescente;C�u Claro;Dupla;Rotat�ria;Sim;1;0;1;0;0;0;1;1;0,104637;-51,126324;SPRF-AP;DEL01-AP;UOP01-DEL01-AP;;;
667664;16/03/2025;domingo;15:30:00;GO;60;236,8;INDIARA;Velocidade Incompat�vel;Sa�da de leito carro��vel;Com V�timas Feridas;Pleno dia;Crescente;Nublado;Dupla;"Retorno Regulamentado;Reta;Aclive";N�o;3;0;2;1;0;0;3;1;-17,09073194;-49,85637546;SPRF-GO;DEL01-GO;UOP02-DEL01-GO;;;
667665;16/03/2025;domingo;17:45:00;GO;153;594,2;PIRACANJUBA;Aus�ncia de rea��o do condutor;Sa�da de leito carro��vel;Com V�timas Feridas;Anoitecer;Crescente;Nublado;Dupla;Reta;N�o;1;0;1;0;0;0;1;1;-17,471108;-49,216722;SPRF-GO;DEL03-GO;UOP01-DEL03-GO;;;
667666;16/03/2025;domingo;17:45:00;GO;364;180;JATAI;Chuva;Tombamento;Com V�timas Feridas;Anoitecer;Crescente;Chuva;Simples;"Reta;Ponte";N�o;2;0;2;0;0;0;2;1;-17,96004125;-51,61934316;SPRF-GO;DEL05-GO;UOP01-DEL05-GO;;;
667667;16/03/2025;domingo;11:36:00;AC;317;18;SENADOR GUIOMARD;Rea��o tardia ou ineficiente do condutor;Colis�o lateral mesmo sentido;Com V�timas Fatais;Pleno dia;Decrescente;Nublado;Simples;"Em Obras;Reta";N�o;2;1;0;0;1;0;0;2;-9,744783;-67,347249;SPRF-AC;DEL01-AC;UOP01-DEL01-AC;;;
667668;16/03/2025;domingo;16:50:00;RJ;101;425;MANGARATIBA;Pista Escorregadia;Colis�o com objeto;Com V�timas Feridas;Anoitecer;Crescente;Chuva;Simples;Curva;N�o;5;0;2;0;3;0;2;1;-22,93424692;-43,98706913;SPRF-RJ;DEL03-RJ;UOP02-DEL03-RJ;;;
667669;16/03/2025;domingo;18:25:00;SC;101;90;BARRA VELHA;Rea��o tardia ou ineficiente do condutor;Colis�o traseira;Com V�timas Feridas;Anoitecer;Crescente;C�u Claro;Dupla;Reta;Sim;3;0;1;0;2;0;1;2;-26,66900372;-48,68977547;SPRF-SC;DEL03-SC;UOP02-DEL03-SC;;;
667670;16/03/2025;domingo;16:50:00;MS;163;258;DOURADOS;Aus�ncia de rea��o do condutor;Colis�o traseira;Sem V�timas;Pleno dia;Crescente;C�u Claro;Dupla;Reta;Sim;2;0;0;0;2;0;0;2;-22,2589542;-54,80257273;SPRF-MS;DEL04-MS;UOP01-DEL04-MS;;;