id;data_inversa;dia_semana;horario;uf;br;km;municipio;causa_acidente;tipo_acidente;classificacao_acidente;fase_dia;sentido_via;condicao_metereologica;tipo_pista;tracado_via;uso_solo;pessoas;mortos;feridos_leves;feridos_graves;ilesos;ignorados;feridos;veiculos;latitude;longitude;regional;delegacia;uop;;;
667671;16/03/2025;domingo;16:00:00;BA;20;20;CORRENTINA;Rea��o tardia ou ineficiente do condutor;Sa�da de leito carro��vel;Com V�timas Feridas;Pleno dia;Crescente;C�u Claro;Simples;Reta;N�o;1;0;0;1;0;0;1;1;-13,772;-46,160556;SPRF-BA;DEL10-BA;UOP02-DEL10-BA;;;
667672;16/03/2025;domingo;17:20:00;BA;110;371;CATU;Ingest�o de �lcool pelo condutor;Colis�o traseira;Com V�timas Feridas;Anoitecer;Crescente;C�u Claro;Simples;Reta;N�o;3;0;1;0;2;0;1;2;-12,35298484;-38,38025121;SPRF-BA;DEL01-BA;UOP04-DEL01-BA;;;
667674;16/03/2025;domingo;18:35:00;MG;116;280,2;TEOFILO OTONI;Aus�ncia de rea��o do condutor;Colis�o lateral sentido oposto;Sem V�timas;Plena Noite;Crescente;Nublado;Simples;Curva;N�o;5;0;0;0;5;0;0;2;-17,885637;-41,522385;SPRF-MG;DEL11-MG;UOP01-DEL11-MG;;;
667675;16/03/2025;domingo;18:10:00;ES;101;147;LINHARES;Desrespeitar a prefer�ncia no cruzamento;Colis�o transversal;Com V�timas Feridas;Plena Noite;Decrescente;C�u Claro;Simples;"Reta;Retorno Regulamentado";Sim;4;0;0;3;1;0;3;2;-19,37889628;-40,0665915;SPRF-ES;DEL04-ES;UOP01-DEL04-ES;;;
667676;16/03/2025;domingo;15:20:00;RO;364;20;VILHENA;Acesso irregular;Colis�o traseira;Com V�timas Feridas;Pleno dia;Decrescente;Nublado;Simples;Reta;N�o;6;0;0;2;3;1;2;3;-12,72589639;-60,19326401;SPRF-RO;DEL04-RO;UOP01-DEL04-RO;;;
667677;16/03/2025;domingo;16:30:00;MG;365;145;PIRAPORA;Ingest�o de �lcool pelo condutor;Colis�o lateral mesmo sentido;Com V�timas Feridas;Plena Noite;Crescente;C�u Claro;Simples;Reta;N�o;2;0;0;1;1;0;1;2;-17,22007918;-44,82145215;SPRF-MG;DEL10-MG;UOP02-DEL010-MG;;;
667678;16/03/2025;domingo;18:39:00;CE;116;13,9;FORTALEZA;Pedestre - Ingest�o de �lcool/ subst�ncias psicoativas;Atropelamento de Pedestre;Com V�timas Feridas;Plena Noite;Decrescente;C�u Claro;M�ltipla;Reta;Sim;2;0;0;1;1;0;1;2;-3,86913583;-38,49788547;SPRF-CE;DEL01-CE;UOP02-DEL01-CE;;;
667679;16/03/2025;domingo;19:00:00;MG;116;620,8;ORIZANIA;Acessar a via sem observar a presen�a dos outros ve�culos;Colis�o transversal;Com V�timas Feridas;Plena Noite;Crescente;C�u Claro;Simples;"Interse��o de Vias;Reta";N�o;2;0;1;0;1;0;1;2;-20,51231;-42,19434;SPRF-MG;DEL07-MG;UOP02-DEL07-MG;;;
667680;16/03/2025;domingo;19:19:00;GO;40;8;LUZIANIA;Ingest�o de �lcool pelo condutor;Queda de ocupante de ve�culo;Sem V�timas;Plena Noite;Crescente;Ignorado;Dupla;Reta;Sim;1;0;0;0;1;0;0;1;-16,263105;-47,972352;SPRF-DF;DEL01-DF;UOP01-DEL01-DF;;;
667681;16/03/2025;domingo;17:55:00;RN;304;259;SAO PEDRO;Aus�ncia de rea��o do condutor;Colis�o com objeto;Sem V�timas;Plena Noite;Decrescente;Chuva;Dupla;Reta;N�o;1;0;0;0;1;0;0;1;-5,846243;-35,673732;SPRF-RN;DEL01-RN;UOP02-DEL01-RN;;;
667682;16/03/2025;domingo;17:10:00;SP;116;230;SAO PAULO;Aus�ncia de rea��o do condutor;Colis�o com objeto;Com V�timas Feridas;Anoitecer;Crescente;Nublado;M�ltipla;Reta;Sim;1;0;1;0;0;0;1;1;-23,51473267;-46,57826358;SPRF-SP;DEL01-SP;UOP01-DEL01-SP;;;
667683;16/03/2025;domingo;18:20:00;PE;101;48;ABREU E LIMA;Manobra de mudan�a de faixa;Colis�o traseira;Com V�timas Feridas;Plena Noite;Decrescente;Garoa/Chuvisco;M�ltipla;Reta;Sim;5;0;4;0;0;1;4;2;-7,90218265;-34,90149379;SPRF-PE;DEL01-PE;UOP02-DEL01-PE;;;
667684;16/03/2025;domingo;18:27:00;MS;163;483;CAMPO GRANDE;Aus�ncia de rea��o do condutor;Tombamento;Com V�timas Feridas;Plena Noite;Crescente;C�u Claro;Simples;Reta;Sim;2;0;2;0;0;0;2;1;-20,455677;-54,54477;SPRF-MS;DEL01-MS;UOP02-DEL01-MS;;;
667685;16/03/2025;domingo;18:50:00;PI;343;320;ALTOS;Condutor deixou de manter dist�ncia do ve�culo da frente;Colis�o traseira;Sem V�timas;Plena Noite;Decrescente;Chuva;Simples;Curva;N�o;2;0;0;0;1;1;0;2;-5,04910512;-42,57000446;SPRF-PI;DEL01-PI;UOP01-DEL01-PI;;;
667687;16/03/2025;domingo;18:20:00;RJ;116;320,3;ITATIAIA;Rea��o tardia ou ineficiente do condutor;Colis�o lateral mesmo sentido;Com V�timas Feridas;Plena Noite;Decrescente;Chuva;Dupla;Reta;N�o;6;0;6;0;0;0;6;2;-22,48077959;-44,53507126;SPRF-RJ;DEL07-RJ;UOP02-DEL07-RJ;;;
667688;16/03/2025;domingo;19:30:00;MG;365;363;PRESIDENTE OLEGARIO;Avarias e/ou desgaste excessivo no pneu;Queda de ocupante de ve�culo;Com V�timas Feridas;Plena Noite;Decrescente;Nublado;Simples;Curva;N�o;1;0;0;1;0;0;1;1;-18,51075;-46,13403;SPRF-MG;DEL10-MG;UOP01-DEL10-MG;;;
667689;16/03/2025;domingo;19:00:00;SC;280;54,7;GUARAMIRIM;Manobra de mudan�a de faixa;Colis�o lateral mesmo sentido;Com V�timas Feridas;Plena Noite;Crescente;C�u Claro;Dupla;Reta;Sim;3;0;2;0;0;1;2;2;-26,4666357;-48,9680207;SPRF-SC;DEL03-SC;UOP03-DEL03-SC;;;
667690;16/03/2025;domingo;19:30:00;PR;163;281;MARECHAL CANDIDO RONDON;Ingest�o de �lcool pelo condutor;Colis�o com objeto;Com V�timas Feridas;Plena Noite;Crescente;C�u Claro;Simples;Reta;N�o;1;0;1;0;0;0;1;1;-24,5549315;-54,0392362;SPRF-PR;DEL06-PR;UOP02-DEL06-PR;;;
667691;16/03/2025;domingo;19:40:00;ES;101;157,2;LINHARES;Rea��o tardia ou ineficiente do condutor;Colis�o transversal;Com V�timas Feridas;Plena Noite;Crescente;C�u Claro;Simples;"Interse��o de Vias;Reta";N�o;3;0;1;0;2;0;1;2;-19,42227;-40,0778959;SPRF-ES;DEL04-ES;UOP01-DEL04-ES;;;
667692;12/03/2025;quarta-feira;07:40:00;PR;0;0;LONDRINA;Acesso irregular;Colis�o transversal;Com V�timas Feridas;Pleno dia;N�o Informado;C�u Claro;Dupla;Interse��o de Vias;Sim;4;0;0;2;2;0;2;2;-23,31461182;-51,16558313;SPRF-PR;DEL07-PR;N/A;;;
667693;16/03/2025;domingo;19:30:00;SC;101;223,8;PALHOCA;Demais falhas mec�nicas ou el�tricas;Inc�ndio;Sem V�timas;Plena Noite;Decrescente;Nublado;M�ltipla;Reta;Sim;1;0;0;0;1;0;0;1;-27,721738;-48,644805;SPRF-SC;DEL01-SC;UOP02-DEL01-SC;;;
667694;16/03/2025;domingo;19:25:00;RS;290;475;ROSARIO DO SUL;Velocidade Incompat�vel;Sa�da de leito carro��vel;Sem V�timas;Plena Noite;Crescente;C�u Claro;Simples;Interse��o de Vias;Sim;1;0;0;0;1;0;0;1;-30,2392707;-54,87070084;SPRF-RS;DEL11-RS;UOP02-DEL11-RS;;;
667696;16/03/2025;domingo;20:00:00;PE;101;45;IGARASSU;Aus�ncia de rea��o do condutor;Colis�o traseira;Sem V�timas;Plena Noite;Crescente;C�u Claro;M�ltipla;Reta;Sim;2;0;0;0;1;1;0;2;-7,869537;-34,906919;SPRF-PE;DEL01-PE;UOP02-DEL01-PE;;;
667697;16/03/2025;domingo;18:30:00;SC;470;53;BLUMENAU;Acessar a via sem observar a presen�a dos outros ve�culos;Colis�o frontal;Com V�timas Feridas;Anoitecer;Crescente;Nublado;Simples;Curva;N�o;4;0;1;0;3;0;1;2;-26,868666;-49,104846;SPRF-SC;DEL04-SC;UOP01-DEL04-SC;;;
667698;16/03/2025;domingo;20:15:00;SP;381;57;MAIRIPORA;Ingest�o de �lcool pelo condutor;Colis�o traseira;Com V�timas Feridas;Plena Noite;Decrescente;C�u Claro;Dupla;Reta;N�o;1;0;1;0;0;0;1;1;-23,2717392;-46,58524323;SPRF-SP;DEL03-SP;UOP01-DEL03-SP;;;
667700;02/02/2025;domingo;07:45:00;PE;232;4,9;RECIFE;Rea��o tardia ou ineficiente do condutor;Colis�o lateral mesmo sentido;Com V�timas Feridas;Pleno dia;Decrescente;C�u Claro;Dupla;"Viaduto;Reta";Sim;3;0;1;0;2;0;1;2;-8,06715;-34,94311;SPRF-PE;DEL01-PE;UOP01-DEL01-PE;;;
667701;16/03/2025;domingo;20:30:00;GO;414;408;ABADIANIA;Ingest�o de �lcool pelo condutor;Colis�o traseira;Com V�timas Feridas;Plena Noite;Crescente;Garoa/Chuvisco;Simples;"Reta;Declive";N�o;2;0;1;1;0;0;2;2;-16,027013;-48,846525;SPRF-GO;DEL02-GO;UOP01-DEL02-GO;;;
667703;16/03/2025;domingo;20:15:00;RS;290;634;URUGUAIANA;Rea��o tardia ou ineficiente do condutor;Sa�da de leito carro��vel;Com V�timas Feridas;Plena Noite;Crescente;C�u Claro;Simples;Reta;N�o;5;0;3;0;2;0;3;1;-30,02246896;-56,25771001;SPRF-RS;DEL13-RS;UOP02-DEL13-RS;;;
667704;16/03/2025;domingo;21:00:00;RN;110;48,3;MOSSORO;Ingest�o de �lcool pelo condutor;Colis�o traseira;Sem V�timas;Plena Noite;Crescente;Nublado;Dupla;"Rotat�ria;Reta";Sim;2;0;0;0;2;0;0;2;-5,21165433;-37,33237647;SPRF-RN;DEL04-RN;UOP01-DEL04-RN;;;
667705;16/03/2025;domingo;21:40:00;GO;153;506;APARECIDA DE GOIANIA;Aus�ncia de rea��o do condutor;Queda de ocupante de ve�culo;Com V�timas Feridas;Plena Noite;Decrescente;Nublado;Dupla;Reta;Sim;1;0;1;0;0;0;1;1;-16,74883968;-49,24085325;SPRF-GO;DEL01-GO;UOP01-DEL01-GO;;;
667709;16/03/2025;domingo;16:30:00;MG;40;237;SAO GONCALO DO ABAETE;Acessar a via sem observar a presen�a dos outros ve�culos;Colis�o transversal;Com V�timas Feridas;Pleno dia;Decrescente;C�u Claro;Simples;Reta;N�o;3;0;1;0;2;0;1;2;-18,04084437;-45,52534282;SPRF-MG;DEL14-MG;UOP02-DEL14-MG;;;
667710;16/03/2025;domingo;21:00:00;MS;163;496;CAMPO GRANDE;Rea��o tardia ou ineficiente do condutor;Tombamento;Com V�timas Feridas;Plena Noite;Crescente;C�u Claro;Simples;"Declive;Reta";N�o;2;0;1;1;0;0;2;1;-20,3585257;-54,5245126;SPRF-MS;DEL01-MS;UOP02-DEL01-MS;;;
667712;16/03/2025;domingo;21:50:00;SP;101;50,4;UBATUBA;Rea��o tardia ou ineficiente do condutor;Colis�o lateral sentido oposto;Com V�timas Feridas;Plena Noite;Decrescente;Nublado;Simples;Reta;Sim;2;0;0;1;1;0;1;2;-23,4508634;-45,0768432;SPRF-SP;DEL06-SP;UOP01-DEL06-SP;;;
667714;16/03/2025;domingo;16:30:00;RJ;101;304;SAO GONCALO;Rea��o tardia ou ineficiente do condutor;Engavetamento;Com V�timas Feridas;Pleno dia;Decrescente;Sol;Dupla;Reta;Sim;4;0;1;0;3;0;1;3;-22,7934208;-43,0276608;SPRF-RJ;DEL02-RJ;UOP02-DEL02-RJ;;;
667715;16/03/2025;domingo;18:45:00;PR;277;256;IRATI;Ingest�o de �lcool pelo condutor;Colis�o com objeto;Sem V�timas;Plena Noite;Decrescente;C�u Claro;Simples;Reta;N�o;1;0;0;0;1;0;0;1;-25,42741995;-50,74308828;SPRF-PR;DEL08-PR;UOP02-DEL08-PR;;;
667716;16/03/2025;domingo;21:15:00;SE;101;18,3;SAO FRANCISCO;Acessar a via sem observar a presen�a dos outros ve�culos;Colis�o traseira;Com V�timas Fatais;Plena Noite;Decrescente;C�u Claro;Dupla;"Reta;Interse��o de Vias";N�o;2;1;0;0;1;0;0;2;-10,3492036;-36,89988595;SPRF-SE;DEL02-SE;UOP02-DEL02-SE;;;
667717;16/03/2025;domingo;19:23:00;MT;163;750;SORRISO;Acessar a via sem observar a presen�a dos outros ve�culos;Colis�o transversal;Com V�timas Fatais;Plena Noite;Decrescente;C�u Claro;Dupla;Reta;Sim;3;1;0;0;2;0;0;2;-12,57172706;-55,72690487;SPRF-MT;DEL06-MT;UOP01-DEL06-MT;;;
667718;16/03/2025;domingo;21:50:00;RJ;101;129;CONCEICAO DE MACABU;Chuva;Queda de ocupante de ve�culo;Com V�timas Feridas;Plena Noite;Decrescente;Chuva;Dupla;Curva;N�o;1;0;1;0;0;0;1;1;-22,07511137;-41,68750405;SPRF-RJ;DEL08-RJ;UOP04-DEL08-RJ;;;
667719;16/03/2025;domingo;22:55:00;PA;230;128;MARABA;Ingest�o de �lcool pelo condutor;Colis�o frontal;Sem V�timas;Plena Noite;Decrescente;Chuva;Simples;Reta;Sim;4;0;0;0;4;0;0;2;-5,5448232;-49,0753015;SPRF-PA;DEL03-PA;UOP01-DEL03-PA;;;
667721;16/03/2025;domingo;20:00:00;RO;319;56;PORTO VELHO;Rea��o tardia ou ineficiente do condutor;Queda de ocupante de ve�culo;Sem V�timas;Plena Noite;Crescente;Garoa/Chuvisco;Simples;Reta;N�o;1;0;0;0;0;1;0;1;-8,8002867;-63,7617604;SPRF-RO;DEL01-RO;UOP01-DEL01-RO;;;
667723;16/03/2025;domingo;21:00:00;SC;280;181,3;MAFRA;Transitar na contram�o;Colis�o frontal;Com V�timas Feridas;Plena Noite;Crescente;C�u Claro;Simples;"Reta;Declive";N�o;3;0;1;1;1;0;2;2;-26,173139;-49,900056;SPRF-SC;DEL06-SC;UOP01-DEL06-SC;;;
667724;16/03/2025;domingo;22:35:00;RJ;101;318;SAO GONCALO;Condutor Dormindo;Colis�o com objeto;Sem V�timas;Plena Noite;Crescente;C�u Claro;Dupla;Reta;Sim;1;0;0;0;1;0;0;1;-22,84465821;-43,09815288;SPRF-RJ;DEL02-RJ;UOP02-DEL02-RJ;;;
667725;16/03/2025;domingo;21:29:00;RR;432;205;CANTA;Defici�ncia do Sistema de Ilumina��o/Sinaliza��o;Colis�o traseira;Com V�timas Feridas;Plena Noite;Crescente;Ignorado;Simples;Reta;N�o;5;0;3;0;2;0;3;2;2,71260912;-60,60882568;SPRF-RR;DEL01-RR;UOP01-DEL01-RR;;;
667726;16/03/2025;domingo;18:00:00;SC;470;327,2;CAMPOS NOVOS;Velocidade Incompat�vel;Colis�o com objeto;Sem V�timas;Pleno dia;Decrescente;C�u Claro;Simples;Reta;N�o;1;0;0;0;0;1;0;1;-27,46669;-51,27177;SPRF-SC;DEL07-SC;UOP06-DEL07-SC;;;
667728;16/03/2025;domingo;22:30:00;RS;116;264;CANOAS;Ingest�o de �lcool pelo condutor;Colis�o lateral mesmo sentido;Com V�timas Feridas;Plena Noite;Crescente;C�u Claro;M�ltipla;Reta;Sim;4;0;0;2;1;1;2;3;-29,9217621;-51,17791349;SPRF-RS;DEL01-RS;UOP01-DEL01-RS;;;
667730;16/03/2025;domingo;18:00:00;PI;407;538;JACOBINA DO PIAUI;Manobra de mudan�a de faixa;Colis�o frontal;Com V�timas Feridas;Plena Noite;Decrescente;C�u Claro;Simples;Reta;N�o;2;0;0;1;0;1;1;2;-7,860688;-41,207317;SPRF-PI;DEL04-PI;UOP01-DEL04-PI;;;
667731;16/03/2025;domingo;23:20:00;MG;40;685,6;RESSAQUINHA;Aus�ncia de rea��o do condutor;Colis�o com objeto;Com V�timas Feridas;Plena Noite;Crescente;C�u Claro;Simples;Curva;N�o;2;0;0;2;0;0;2;1;-21,086916;-43,771552;SPRF-MG;DEL05-MG;UOP02-DEL05-MG;;;
667732;16/03/2025;domingo;23:45:00;ES;101;164,3;LINHARES;Ingest�o de �lcool pelo condutor;Tombamento;Com V�timas Feridas;Plena Noite;Decrescente;Chuva;Simples;Reta;N�o;1;0;1;0;0;0;1;1;-19,5060674;-40,13463378;SPRF-ES;DEL04-ES;UOP01-DEL04-ES;;;
667733;16/03/2025;domingo;21:30:00;RS;101;13;DOM PEDRO DE ALCANTARA;Ingest�o de �lcool pelo condutor;Capotamento;Com V�timas Feridas;Plena Noite;Crescente;C�u Claro;Simples;Interse��o de Vias;Sim;2;0;1;0;0;1;1;2;-29,39250305;-49,84353948;SPRF-RS;DEL03-RS;UOP02-DEL03-RS;;;
667734;17/03/2025;segunda-feira;00:03:00;RS;116;262;CANOAS;Rea��o tardia ou ineficiente do condutor;Capotamento;Sem V�timas;Plena Noite;Crescente;C�u Claro;Dupla;Reta;Sim;2;0;0;0;2;0;0;1;-29,89279646;-51,17705042;SPRF-RS;DEL01-RS;UOP01-DEL01-RS;;;
667735;17/03/2025;segunda-feira;00:10:00;SE;235;4,8;NOSSA SENHORA DO SOCORRO;Aus�ncia de rea��o do condutor;Queda de ocupante de ve�culo;Com V�timas Feridas;Plena Noite;Decrescente;C�u Claro;Dupla;"Reta;Aclive";Sim;1;0;1;0;0;0;1;1;-10,90607953;-37,12118972;SPRF-SE;DEL01-SE;UOP01-DEL01-SE;;;
667737;16/03/2025;domingo;23:20:00;SP;116;2;QUELUZ;Chuva;Queda de ocupante de ve�culo;Com V�timas Feridas;Plena Noite;Crescente;Chuva;Dupla;Reta;N�o;1;0;1;0;0;0;1;1;-22,5411072;-44,7643648;SPRF-SP;DEL08-SP;UOP02-DEL08-SP;;;
667739;17/03/2025;segunda-feira;00:44:00;SP;116;362,4;MIRACATU;Demais falhas mec�nicas ou el�tricas;Inc�ndio;Sem V�timas;Plena Noite;Decrescente;Nublado;Dupla;Curva;N�o;1;0;0;0;1;0;0;1;-24,14363835;-47,28529358;SPRF-SP;DEL04-SP;UOP03-DEL04-SP;;;
667740;16/03/2025;domingo;18:40:00;AM;174;1002;PRESIDENTE FIGUEIREDO;Pista esburacada;Queda de ocupante de ve�culo;Com V�timas Feridas;Plena Noite;Crescente;Nublado;Simples;Declive;N�o;2;0;2;0;0;0;2;1;-1,90826413;-60,06088257;SPRF-AM;DEL01-AM;UOP02-DEL01-AM;;;
667741;16/03/2025;domingo;23:10:00;RJ;40;122;DUQUE DE CAXIAS;Rea��o tardia ou ineficiente do condutor;Colis�o traseira;Com V�timas Feridas;Plena Noite;Crescente;Nublado;M�ltipla;Reta;Sim;6;0;4;2;0;0;6;2;-22,79241613;-43,28701907;SPRF-RJ;DEL01-RJ;UOP02-DEL01-RJ;;;
667743;17/03/2025;segunda-feira;00:45:00;AL;104;33;UNIAO DOS PALMARES;Animais na Pista;Atropelamento de Animal;Com V�timas Feridas;Plena Noite;Crescente;Nublado;Simples;Reta;Sim;2;0;0;2;0;0;2;1;-9,14743986;-36,01454431;SPRF-AL;DEL01-AL;UOP02-DEL01-AL;;;
667745;17/03/2025;segunda-feira;00:05:00;MT;364;243;JUSCIMEIRA;Animais na Pista;Atropelamento de Animal;Com V�timas Feridas;Plena Noite;Decrescente;C�u Claro;Dupla;Reta;N�o;1;0;1;0;0;0;1;1;-16,14841925;-54,81129862;SPRF-MT;DEL02-MT;UOP01-DEL02-MT;;;
667746;16/03/2025;domingo;23:40:00;PE;408;51;TRACUNHAEM;Condutor deixou de manter dist�ncia do ve�culo da frente;Colis�o traseira;Com V�timas Feridas;Plena Noite;Decrescente;C�u Claro;Simples;Reta;Sim;3;0;1;0;1;1;1;2;-7,80074;-35,24463;SPRF-PE;DEL01-PE;UOP02-DEL01-PE;;;
667747;16/03/2025;domingo;23:35:00;RO;364;711;PORTO VELHO;Ingest�o de �lcool pelo condutor;Sa�da de leito carro��vel;Sem V�timas;Plena Noite;Crescente;C�u Claro;M�ltipla;Reta;Sim;1;0;0;0;1;0;0;1;-8,78205004;-63,86480204;SPRF-RO;DEL01-RO;UOP01-DEL01-RO;;;
667751;17/03/2025;segunda-feira;03:00:00;RS;116;240;SAO LEOPOLDO;Ingest�o de �lcool pelo condutor;Colis�o com objeto;Sem V�timas;Plena Noite;Decrescente;C�u Claro;Simples;Reta;Sim;1;0;0;0;0;1;0;1;-29,7365398;-51,1504323;SPRF-RS;DEL01-RS;UOP02-DEL01-RS;;;
667752;17/03/2025;segunda-feira;03:15:00;BA;101;171;FEIRA DE SANTANA;Condutor deixou de manter dist�ncia do ve�culo da frente;Colis�o traseira;Sem V�timas;Plena Noite;Decrescente;C�u Claro;Simples;Reta;Sim;2;0;0;0;2;0;0;2;-12,35862715;-38,86227599;SPRF-BA;DEL01-BA;UOP03-DEL01-BA;;;
667754;24/02/2025;segunda-feira;17:45:00;GO;364;273;JATAI;Condutor deixou de manter dist�ncia do ve�culo da frente;Colis�o traseira;Com V�timas Feridas;Pleno dia;Decrescente;C�u Claro;Dupla;"Declive;Reta";Sim;5;0;0;1;4;0;1;3;-17,913538;-51,720959;SPRF-GO;DEL05-GO;UOP01-DEL05-GO;;;
667755;17/03/2025;segunda-feira;03:05:00;SC;116;260,2;CAPAO ALTO;Velocidade Incompat�vel;Sa�da de leito carro��vel;Sem V�timas;Plena Noite;Decrescente;C�u Claro;Simples;Curva;N�o;2;0;0;0;0;2;0;2;-28,05819595;-50,56921005;SPRF-SC;DEL05-SC;UOP02-DEL05-SC;;;
667756;17/03/2025;segunda-feira;04:30:00;RN;406;150;CEARA-MIRIM;Pedestre andava na pista;Atropelamento de Pedestre;Com V�timas Feridas;Plena Noite;Crescente;Chuva;Simples;"Reta;Declive";Sim;4;0;0;2;0;2;2;2;-5,650298;-35,428733;SPRF-RN;DEL02-RN;UOP01-DEL02-RN;;;
667757;17/03/2025;segunda-feira;05:00:00;SC;101;269,9;IMBITUBA;Condutor Dormindo;Sa�da de leito carro��vel;Com V�timas Feridas;Plena Noite;Crescente;Nublado;M�ltipla;Reta;N�o;1;0;1;0;0;0;1;1;-28,10230721;-48,70376587;SPRF-SC;DEL02-SC;UOP03-DEL02-SC;;;
667758;17/03/2025;segunda-feira;05:15:00;PB;101;41,9;MAMANGUAPE;Velocidade Incompat�vel;Colis�o com objeto;Com V�timas Feridas;Pleno dia;Decrescente;Nublado;Dupla;"Curva;Declive";N�o;1;0;1;0;0;0;1;1;-6,855844;-35,134389;SPRF-PB;DEL01-PB;UOP03-DEL01-PB;;;
667759;17/03/2025;segunda-feira;04:29:00;PB;230;90;GURINHEM;Acumulo de �gua sobre o pavimento;Sa�da de leito carro��vel;Sem V�timas;Amanhecer;Decrescente;Chuva;Dupla;Reta;N�o;4;0;0;0;4;0;0;1;-7,174;-35,402;SPRF-PB;DEL01-PB;UOP02-DEL01-PB;;;
667760;17/03/2025;segunda-feira;04:30:00;RJ;116;208;SEROPEDICA;Condutor Dormindo;Colis�o com objeto;Com V�timas Feridas;Plena Noite;Crescente;Nublado;Dupla;Reta;Sim;2;0;1;0;1;0;1;1;-22,71652912;-43,71420658;SPRF-RJ;DEL06-RJ;UOP02-DEL06-RJ;;;
667761;17/03/2025;segunda-feira;05:00:00;CE;116;190,3;LIMOEIRO DO NORTE;Acessar a via sem observar a presen�a dos outros ve�culos;Colis�o frontal;Com V�timas Fatais;Amanhecer;Crescente;C�u Claro;Simples;Curva;N�o;2;1;0;0;1;0;0;2;-5,12314667;-38,15008694;SPRF-CE;DEL03-CE;UOP01-DEL03-CE;;;
667763;17/03/2025;segunda-feira;05:50:00;SP;381;49;ATIBAIA;Rea��o tardia ou ineficiente do condutor;Colis�o com objeto;Sem V�timas;Pleno dia;Decrescente;C�u Claro;Dupla;Aclive;Sim;1;0;0;0;1;0;0;1;-23,20846963;-46,59180931;SPRF-SP;DEL03-SP;UOP01-DEL03-SP;;;
667764;17/03/2025;segunda-feira;05:25:00;SC;280;47;GUARAMIRIM;Acesso irregular;Inc�ndio;Sem V�timas;Amanhecer;Crescente;C�u Claro;Simples;"Reta;Interse��o de Vias";N�o;1;0;0;0;1;0;0;1;-26,45299445;-48,9095664;SPRF-SC;DEL03-SC;UOP03-DEL03-SC;;;
667766;16/03/2025;domingo;20:50:00;PA;230;128;MARABA;Aus�ncia de rea��o do condutor;Colis�o com objeto;Com V�timas Fatais;Plena Noite;Decrescente;Chuva;Simples;Reta;N�o;1;1;0;0;0;0;0;1;-5,35938458;-49,20864105;SPRF-PA;DEL03-PA;UOP01-DEL03-PA;;;
667767;17/03/2025;segunda-feira;04:50:00;RJ;40;106;DUQUE DE CAXIAS;Aus�ncia de rea��o do condutor;Colis�o lateral mesmo sentido;Com V�timas Feridas;Amanhecer;Crescente;Nublado;Dupla;Reta;Sim;2;0;0;1;0;1;1;2;-22,65357066;-43,28384478;SPRF-RJ;DEL01-RJ;UOP02-DEL01-RJ;;;
667768;16/03/2025;domingo;15:25:00;SC;282;304,8;VARGEM;Condutor usando celular;Sa�da de leito carro��vel;Sem V�timas;Pleno dia;Decrescente;C�u Claro;Simples;Curva;N�o;1;0;0;0;1;0;0;1;-27,49997;-50,94668;SPRF-SC;DEL07-SC;UOP06-DEL07-SC;;;
667769;16/03/2025;domingo;18:50:00;BA;20;175;LUIS EDUARDO MAGALHAES;Ultrapassagem Indevida;Colis�o lateral sentido oposto;Com V�timas Feridas;Plena Noite;Crescente;C�u Claro;Simples;Reta;N�o;2;0;1;0;1;0;1;2;-12,31628043;-45,85193201;SPRF-BA;DEL10-BA;UOP01-DEL10-BA;;;
667770;13/03/2025;quinta-feira;21:20:00;PE;232;46;VITORIA DE SANTO ANTAO;Condutor Dormindo;Sa�da de leito carro��vel;Com V�timas Feridas;Plena Noite;Decrescente;C�u Claro;Dupla;"Declive;Curva";N�o;1;0;1;0;0;0;1;1;-8,14397483;-35,31491339;SPRF-PE;DEL01-PE;UOP01-DEL01-PE;;;
667771;17/03/2025;segunda-feira;06:05:00;MS;262;354;CAMPO GRANDE;Acessar a via sem observar a presen�a dos outros ve�culos;Colis�o transversal;Com V�timas Feridas;Pleno dia;Crescente;C�u Claro;Simples;Reta;Sim;2;0;0;1;1;0;1;2;-20,546124;-54,68411;SPRF-MS;DEL01-MS;UOP03-DEL01-MS;;;
667773;17/03/2025;segunda-feira;07:30:00;SP;153;62,1;SAO JOSE DO RIO PRETO;Objeto est�tico sobre o leito carro��vel;Colis�o com objeto;Com V�timas Feridas;Pleno dia;Decrescente;C�u Claro;Dupla;"Aclive;Reta";Sim;2;0;1;1;0;0;2;2;-20,81880414;-49,35753615;SPRF-SP;DEL09-SP;UOP01-DEL09-SP;;;
667774;17/03/2025;segunda-feira;07:15:00;PE;428;185;PETROLINA;Acessar a via sem observar a presen�a dos outros ve�culos;Colis�o transversal;Com V�timas Feridas;Pleno dia;Decrescente;C�u Claro;Dupla;Reta;Sim;2;0;1;0;1;0;1;2;-9,35770557;-40,47908306;SPRF-PE;DEL06-PE;UOP01-DEL06-PE;;;
667778;17/03/2025;segunda-feira;07:14:00;TO;153;497,7;PARAISO DO TOCANTINS;Aus�ncia de rea��o do condutor;Colis�o frontal;Com V�timas Feridas;Pleno dia;Crescente;C�u Claro;Simples;"Reta;Interse��o de Vias";Sim;2;0;1;0;1;0;1;2;-10,181411;-48,880591;SPRF-TO;DEL01-TO;UOP01-DEL01-TO;;;