id;data_inversa;dia_semana;horario;uf;br;km;municipio;causa_acidente;tipo_acidente;classificacao_acidente;fase_dia;sentido_via;condicao_metereologica;tipo_pista;tracado_via;uso_solo;pessoas;mortos;feridos_leves;feridos_graves;ilesos;ignorados;feridos;veiculos;latitude;longitude;regional;delegacia;uop;;;
667779;17/03/2025;segunda-feira;07:45:00;DF;20;7,2;BRASILIA;Rea��o tardia ou ineficiente do condutor;Colis�o lateral mesmo sentido;Com V�timas Feridas;Pleno dia;Decrescente;C�u Claro;Dupla;"Reta;Declive";Sim;2;0;1;0;1;0;1;2;-15,661215;-47,798248;SPRF-DF;DEL02-DF;UOP01-DEL02-DF;;;
667780;17/03/2025;segunda-feira;05:00:00;MS;158;152,4;APARECIDA DO TABOADO;Aus�ncia de rea��o do condutor;Colis�o lateral mesmo sentido;Com V�timas Feridas;Amanhecer;Crescente;C�u Claro;Simples;Reta;N�o;2;0;1;0;1;0;1;2;-20,114698;-51,177269;SPRF-MS;DEL08-MS;UOP01-DEL08-MS;;;
667781;17/03/2025;segunda-feira;07:30:00;ES;101;141,1;LINHARES;Aus�ncia de rea��o do condutor;Colis�o traseira;Com V�timas Feridas;Pleno dia;Crescente;Garoa/Chuvisco;Dupla;Reta;Sim;2;0;1;0;1;0;1;2;-19,4222605;-40,0779499;SPRF-ES;DEL04-ES;UOP01-DEL04-ES;;;
667783;17/03/2025;segunda-feira;07:45:00;PB;230;26,6;JOAO PESSOA;Aus�ncia de rea��o do condutor;Tombamento;Com V�timas Feridas;Pleno dia;Decrescente;C�u Claro;Dupla;Reta;Sim;2;0;1;1;0;0;2;1;-7,16854759;-34,88386508;SPRF-PB;DEL01-PB;UOP01-DEL01-PB;;;
667784;17/03/2025;segunda-feira;07:55:00;GO;153;494,7;GOIANIA;Condutor deixou de manter dist�ncia do ve�culo da frente;Engavetamento;Com V�timas Feridas;Pleno dia;Crescente;Nublado;M�ltipla;Aclive;Sim;3;0;1;0;2;0;1;3;-16,66267999;-49,22266603;SPRF-GO;DEL01-GO;UOP01-DEL01-GO;;;
667785;17/03/2025;segunda-feira;01:50:00;MG;381;521,1;BRUMADINHO;Pista Escorregadia;Tombamento;Com V�timas Feridas;Plena Noite;Crescente;Nublado;Dupla;"Declive;Curva";N�o;1;0;1;0;0;0;1;1;-20,120475;-44,302486;SPRF-MG;DEL04-MG;UOP03-DEL04-MG;;;
667786;17/03/2025;segunda-feira;07:40:00;SC;101;312;LAGUNA;Aus�ncia de rea��o do condutor;Colis�o traseira;Com V�timas Feridas;Pleno dia;Decrescente;C�u Claro;Dupla;"Ponte;Reta;Declive";N�o;4;0;2;0;2;0;2;2;-28,44014778;-48,82646084;SPRF-SC;DEL02-SC;UOP01-DEL02-SC;;;
667787;17/03/2025;segunda-feira;07:50:00;RJ;40;94;PETROPOLIS;Pista Escorregadia;Sa�da de leito carro��vel;Sem V�timas;Pleno dia;Crescente;Chuva;Simples;Curva;N�o;1;0;0;0;1;0;0;1;-22,5285884;-43,2225795;SPRF-RJ;DEL01-RJ;UOP01-DEL01-RJ;;;
667788;17/03/2025;segunda-feira;07:50:00;MG;40;661,2;CARANDAI;Velocidade Incompat�vel;Sa�da de leito carro��vel;Com V�timas Feridas;Pleno dia;Crescente;Garoa/Chuvisco;Simples;Curva;N�o;1;0;0;1;0;0;1;1;-20,910225;-43,828928;SPRF-MG;DEL05-MG;UOP02-DEL05-MG;;;
667789;17/03/2025;segunda-feira;08:10:00;GO;153;506,5;APARECIDA DE GOIANIA;Trafegar com motocicleta (ou similar) entre as faixas;Tombamento;Com V�timas Feridas;Pleno dia;Decrescente;C�u Claro;Dupla;"Aclive;Reta";Sim;1;0;0;1;0;0;1;1;-16,758656;-49,2404;SPRF-GO;DEL01-GO;UOP01-DEL01-GO;;;
667790;17/03/2025;segunda-feira;07:40:00;ES;101;307;VIANA;Velocidade Incompat�vel;Colis�o lateral mesmo sentido;Com V�timas Feridas;Pleno dia;Decrescente;Chuva;Dupla;Reta;N�o;2;0;0;1;1;0;1;2;-20,39960543;-40,4561125;SPRF-ES;DEL01-ES;UOP01-DEL01-ES;;;
667791;17/03/2025;segunda-feira;08:00:00;RJ;465;21;NOVA IGUACU;Trafegar com motocicleta (ou similar) entre as faixas;Colis�o frontal;Com V�timas Feridas;Pleno dia;Crescente;Ignorado;Simples;Reta;Sim;2;0;1;0;1;0;1;2;-22,85375868;-43,60199863;SPRF-RJ;DEL06-RJ;UOP02-DEL06-RJ;;;
667792;17/03/2025;segunda-feira;07:55:00;RS;471;176;RIO PARDO;Aus�ncia de rea��o do condutor;Colis�o traseira;Com V�timas Feridas;Pleno dia;Decrescente;C�u Claro;Simples;"Reta;Em Obras";N�o;2;0;1;0;1;0;1;2;-29,99991958;-52,36800134;SPRF-RS;DEL02-RS;UOP03-DEL02-RS;;;
667793;17/03/2025;segunda-feira;06:50:00;SC;101;128;CAMBORIU;Avarias e/ou desgaste excessivo no pneu;Tombamento;Com V�timas Feridas;Pleno dia;Decrescente;C�u Claro;Dupla;Reta;N�o;1;0;0;1;0;0;1;1;-26,97571762;-48,68245656;SPRF-SC;DEL04-SC;UOP04-DEL04-SC;;;
667794;17/03/2025;segunda-feira;08:45:00;PR;116;103;SAO JOSE DOS PINHAIS;Condutor deixou de manter dist�ncia do ve�culo da frente;Colis�o traseira;Com V�timas Feridas;Pleno dia;Crescente;C�u Claro;Dupla;Reta;N�o;2;0;1;0;1;0;1;2;-25,57100891;-49,19411475;SPRF-PR;DEL01-PR;UOP07-DEL01-PR;;;
667795;17/03/2025;segunda-feira;07:20:00;RJ;40;94;PETROPOLIS;Pista Escorregadia;Sa�da de leito carro��vel;Com V�timas Feridas;Pleno dia;Crescente;Chuva;Simples;Curva;N�o;1;0;1;0;0;0;1;1;-22,55159805;-43,24655011;SPRF-RJ;DEL01-RJ;UOP01-DEL01-RJ;;;
667796;17/03/2025;segunda-feira;08:10:00;RJ;40;52;PETROPOLIS;Velocidade Incompat�vel;Colis�o com objeto;Com V�timas Feridas;Pleno dia;Crescente;Chuva;Dupla;Curva;Sim;1;0;0;1;0;0;1;1;-22,34638073;-43,1312795;SPRF-RJ;DEL05-RJ;UOP02-DEL05-RJ;;;
667797;17/03/2025;segunda-feira;08:30:00;PB;230;142;MASSARANDUBA;Aus�ncia de rea��o do condutor;Sa�da de leito carro��vel;Com V�timas Feridas;Pleno dia;Crescente;Nublado;Dupla;"Reta;Aclive";N�o;2;0;2;0;0;0;2;1;-7,25551932;-35,82330108;SPRF-PB;DEL02-PB;UOP01-DEL02-PB;;;
667798;17/03/2025;segunda-feira;08:08:00;AL;316;86;SANTANA DO IPANEMA;Acessar a via sem observar a presen�a dos outros ve�culos;Colis�o lateral mesmo sentido;Com V�timas Feridas;Pleno dia;Decrescente;C�u Claro;Simples;"Reta;Declive";Sim;2;0;1;0;1;0;1;2;-9,3739545;-37,233185;SPRF-AL;DEL03-AL;UOP02-DEL03-AL;;;
667800;17/03/2025;segunda-feira;08:40:00;SC;101;203,2;SAO JOSE;Rea��o tardia ou ineficiente do condutor;Queda de ocupante de ve�culo;Com V�timas Feridas;Pleno dia;Crescente;C�u Claro;M�ltipla;Declive;Sim;1;0;1;0;0;0;1;1;-27,567402;-48,614265;SPRF-SC;DEL01-SC;UOP01-DEL01-SC;;;
667801;17/03/2025;segunda-feira;07:40:00;MS;163;490;CAMPO GRANDE;Aus�ncia de rea��o do condutor;Tombamento;Com V�timas Feridas;Pleno dia;Crescente;C�u Claro;Dupla;Curva;Sim;2;0;2;0;0;0;2;1;-20,3923264;-54,5554886;SPRF-MS;DEL01-MS;UOP02-DEL01-MS;;;
667802;17/03/2025;segunda-feira;08:10:00;RJ;40;101;PETROPOLIS;Pista Escorregadia;Colis�o com objeto;Com V�timas Feridas;Pleno dia;Decrescente;Garoa/Chuvisco;Simples;Reta;N�o;1;0;1;0;0;0;1;1;-22,5285884;-43,2225795;SPRF-RJ;DEL01-RJ;UOP01-DEL01-RJ;;;
667803;17/03/2025;segunda-feira;08:00:00;MA;135;28;BACABEIRA;Rea��o tardia ou ineficiente do condutor;Capotamento;Com V�timas Feridas;Pleno dia;Crescente;Ignorado;Dupla;Reta;N�o;1;0;0;1;0;0;1;1;-2,77922298;-44,37412262;SPRF-MA;DEL01-MA;UOP01-DEL01-MA;;;
667804;17/03/2025;segunda-feira;07:30:00;GO;153;204;URUACU;Acessar a via sem observar a presen�a dos outros ve�culos;Colis�o transversal;Sem V�timas;Pleno dia;Crescente;C�u Claro;Simples;"Reta;Declive";Sim;4;0;0;0;4;0;0;2;-14,4695417;-49,156168;SPRF-GO;DEL07-GO;UOP02-DEL07-GO;;;
667810;17/03/2025;segunda-feira;07:20:00;MG;40;738,5;JUIZ DE FORA;Chuva;Colis�o com objeto;Com V�timas Feridas;Pleno dia;Crescente;Chuva;Dupla;Curva;N�o;2;0;2;0;0;0;2;1;-21,6006656;-43,4569216;SPRF-MG;DEL05-MG;UOP01-DEL05-MG;;;
667811;17/03/2025;segunda-feira;09:30:00;ES;101;196,8;ARACRUZ;Demais falhas mec�nicas ou el�tricas;Sa�da de leito carro��vel;Com V�timas Feridas;Pleno dia;Crescente;Nublado;Simples;Reta;N�o;2;0;2;0;0;0;2;1;-19,70761857;-40,33350005;SPRF-ES;DEL04-ES;UOP01-DEL04-ES;;;
667812;17/03/2025;segunda-feira;07:51:00;MG;459;88,4;CONGONHAL;Acessar a via sem observar a presen�a dos outros ve�culos;Colis�o transversal;Com V�timas Feridas;Pleno dia;Crescente;C�u Claro;Simples;"Interse��o de Vias;Reta";Sim;4;0;1;1;0;2;2;3;-22,15048;-46,036418;SPRF-MG;DEL09-MG;UOP01-DEL09-MG;;;
667814;09/03/2025;domingo;15:00:00;DF;70;10;BRASILIA;Aus�ncia de rea��o do condutor;Colis�o lateral mesmo sentido;Com V�timas Feridas;Pleno dia;Crescente;C�u Claro;Dupla;Reta;Sim;3;0;1;0;2;0;1;2;-15,78683;-48,139643;SPRF-DF;DEL03-DF;UOP02-DEL03-DF;;;
667815;17/03/2025;segunda-feira;10:15:00;MG;381;204,5;NAQUE;Demais falhas mec�nicas ou el�tricas;Sa�da de leito carro��vel;Com V�timas Feridas;Pleno dia;Decrescente;C�u Claro;Simples;Reta;N�o;1;0;1;0;0;0;1;1;-19,16916715;-42,24689484;SPRF-MG;DEL06-MG;UOP01-DEL06-MG;;;
667817;17/03/2025;segunda-feira;10:10:00;PE;232;9;RECIFE;Condutor deixou de manter dist�ncia do ve�culo da frente;Colis�o traseira;Com V�timas Feridas;Pleno dia;Decrescente;Nublado;M�ltipla;"Aclive;Reta";Sim;3;0;1;0;2;0;1;3;-8,07776512;-34,97807622;SPRF-PE;DEL01-PE;UOP01-DEL01-PE;;;
667818;17/03/2025;segunda-feira;08:10:00;MG;381;698,8;LAVRAS;Velocidade Incompat�vel;Sa�da de leito carro��vel;Com V�timas Feridas;Pleno dia;Crescente;Chuva;Dupla;"Curva;Declive";N�o;2;0;1;0;1;0;1;1;-21,2713248;-45,1361254;SPRF-MG;DEL04-MG;UOP02-DEL04-MG;;;
667820;17/03/2025;segunda-feira;10:00:00;MG;381;500;BETIM;Aus�ncia de rea��o do condutor;Colis�o traseira;Com V�timas Feridas;Pleno dia;Decrescente;C�u Claro;Dupla;Reta;N�o;2;0;1;0;1;0;1;2;-20,00606545;-44,21446681;SPRF-MG;DEL01-MG;UOP03-DEL01-MG;;;
667821;17/03/2025;segunda-feira;08:30:00;PE;101;167;AGUA PRETA;Condutor Dormindo;Sa�da de leito carro��vel;Com V�timas Feridas;Pleno dia;Crescente;Nublado;Dupla;Curva;N�o;1;0;1;0;0;0;1;1;-8,569677;-35,477092;SPRF-PE;DEL01-PE;UOP03-DEL01-PE;;;
667823;17/03/2025;segunda-feira;08:41:00;AC;364;136;RIO BRANCO;Entrada inopinada do pedestre;Atropelamento de Pedestre;Com V�timas Feridas;Pleno dia;Crescente;C�u Claro;Dupla;Reta;Sim;2;0;1;0;1;0;1;2;-9,97193923;-67,85155024;SPRF-AC;DEL01-AC;UOP01-DEL01-AC;;;
667825;17/03/2025;segunda-feira;10:30:00;ES;101;256,2;SERRA;Manobra de mudan�a de faixa;Colis�o lateral mesmo sentido;Com V�timas Feridas;Pleno dia;Decrescente;Nublado;M�ltipla;Reta;Sim;2;0;1;0;0;1;1;2;-20,122913;-40,305058;SPRF-ES;DEL02-ES;UOP01-DEL02-ES;;;
667826;16/03/2025;domingo;06:51:00;PR;376;628;SAO JOSE DOS PINHAIS;Aus�ncia de rea��o do condutor;Sa�da de leito carro��vel;Sem V�timas;Pleno dia;Decrescente;Nublado;Dupla;Reta;Sim;1;0;0;0;1;0;0;1;-25,6853099;-49,1472052;SPRF-PR;DEL01-PR;UOP04-DEL01-PR;;;
667827;17/03/2025;segunda-feira;10:30:00;GO;60;62;ABADIANIA;Pedestre - Ingest�o de �lcool/ subst�ncias psicoativas;Atropelamento de Pedestre;Com V�timas Feridas;Pleno dia;Decrescente;C�u Claro;Dupla;Curva;Sim;2;0;2;0;0;0;2;2;-16,189;-48,716;SPRF-GO;DEL02-GO;UOP01-DEL02-GO;;;
667828;17/03/2025;segunda-feira;06:50:00;MG;153;196,8;FRUTAL;Acessar a via sem observar a presen�a dos outros ve�culos;Colis�o transversal;Com V�timas Fatais;Pleno dia;Decrescente;Nublado;Simples;"Reta;Retorno Regulamentado";N�o;5;3;0;2;0;0;2;2;-19,94466972;-48,96379471;SPRF-MG;DEL13-MG;UOP02-DEL13-MG;;;
667832;17/03/2025;segunda-feira;11:20:00;MG;364;31;FRUTAL;Acumulo de �leo sobre o pavimento;Tombamento;Com V�timas Feridas;Pleno dia;Crescente;C�u Claro;Simples;Reta;Sim;2;0;1;1;0;0;2;1;-20,013564;-48,9193;SPRF-MG;DEL13-MG;UOP02-DEL13-MG;;;
667833;17/03/2025;segunda-feira;12:00:00;RS;290;1;URUGUAIANA;Transitar na contram�o;Colis�o frontal;Com V�timas Feridas;Pleno dia;Crescente;C�u Claro;Dupla;"Aclive;Curva";N�o;2;0;1;0;1;0;1;2;-29,77328403;-57,0529182;SPRF-RS;DEL13-RS;UOP01-DEL13-RS;;;
667836;31/01/2025;sexta-feira;23:30:00;MT;174;388;NOVA LACERDA;Aus�ncia de rea��o do condutor;Sa�da de leito carro��vel;Com V�timas Feridas;Plena Noite;Crescente;Ignorado;Simples;Reta;N�o;2;0;1;1;0;0;2;1;-14,47249032;-59,59320978;SPRF-MT;DEL04-MT;UOP02-DEL04-MT;;;
667837;17/03/2025;segunda-feira;10:30:00;SC;101;134,8;BALNEARIO CAMBORIU;Rea��o tardia ou ineficiente do condutor;Colis�o traseira;Com V�timas Feridas;Pleno dia;Decrescente;Sol;M�ltipla;Reta;Sim;3;0;1;0;2;0;1;3;-27,00442722;-48,62826169;SPRF-SC;DEL04-SC;UOP03-DEL04-SC;;;
667840;17/03/2025;segunda-feira;08:10:00;MG;116;528,5;CARATINGA;Acessar a via sem observar a presen�a dos outros ve�culos;Colis�o transversal;Com V�timas Feridas;Pleno dia;Crescente;C�u Claro;Dupla;Rotat�ria;Sim;2;0;1;0;1;0;1;2;-19,791993;-42,137405;SPRF-MG;DEL06-MG;UOP02-DEL06-MG;;;
667841;17/03/2025;segunda-feira;05:30:00;MT;158;497;RIBEIRAO CASCALHEIRA;Animais na Pista;Atropelamento de Animal;Com V�timas Feridas;Amanhecer;Decrescente;Ignorado;Simples;Reta;N�o;1;0;1;0;0;0;1;1;-13,22624303;-51,93031311;SPRF-MT;DEL07-MT;UOP02-DEL07-MT;;;
667842;17/03/2025;segunda-feira;07:50:00;PR;369;152;LONDRINA;Entrada inopinada do pedestre;Atropelamento de Pedestre;Com V�timas Feridas;Pleno dia;Decrescente;C�u Claro;Dupla;"Declive;Reta";Sim;2;0;1;1;0;0;2;2;-23,29437464;-51,1880579;SPRF-PR;DEL07-PR;UOP01-DEL07-PR;;;
667843;16/03/2025;domingo;20:30:00;PB;230;448,8;APARECIDA;Aus�ncia de rea��o do condutor;Sa�da de leito carro��vel;Sem V�timas;Plena Noite;Crescente;Ignorado;Simples;Reta;N�o;1;0;0;0;0;1;0;1;-6,786233;-38,11073;SPRF-PB;DEL03-PB;UOP03-DEL03-PB;;;
667846;17/03/2025;segunda-feira;13:10:00;GO;60;191;GUAPO;Aus�ncia de rea��o do condutor;Sa�da de leito carro��vel;Com V�timas Feridas;Pleno dia;Crescente;C�u Claro;Dupla;"Declive;Reta";Sim;2;0;1;0;1;0;1;1;-16,8405398;-49,50317144;SPRF-GO;DEL01-GO;UOP02-DEL01-GO;;;
667847;17/03/2025;segunda-feira;13:20:00;MG;50;174,2;UBERABA;Velocidade Incompat�vel;Sa�da de leito carro��vel;Com V�timas Feridas;Pleno dia;Decrescente;C�u Claro;Dupla;Viaduto;N�o;1;0;1;0;0;0;1;1;-19,77190777;-47,97306776;SPRF-MG;DEL13-MG;UOP01-DEL13-MG;;;
667849;17/03/2025;segunda-feira;13:00:00;RN;101;95;NATAL;Rea��o tardia ou ineficiente do condutor;Tombamento;Com V�timas Feridas;Pleno dia;Crescente;C�u Claro;Dupla;Curva;Sim;1;0;1;0;0;0;1;1;-5,84548627;-35,20856917;SPRF-RN;DEL01-RN;UOP01-DEL01-RN;;;
667850;17/03/2025;segunda-feira;11:00:00;RJ;393;221;VASSOURAS;Chuva;Sa�da de leito carro��vel;Com V�timas Feridas;Pleno dia;Crescente;Chuva;Simples;Curva;N�o;1;0;1;0;0;0;1;1;-22,34563029;-43,55564117;SPRF-RJ;DEL05-RJ;UOP03-DEL05-RJ;;;
667855;17/03/2025;segunda-feira;13:25:00;SC;101;153;PORTO BELO;Trafegar com motocicleta (ou similar) entre as faixas;Tombamento;Com V�timas Feridas;Pleno dia;Decrescente;C�u Claro;Dupla;Retorno Regulamentado;Sim;2;0;1;0;1;0;1;2;-27,14415709;-48,61021256;SPRF-SC;DEL04-SC;UOP03-DEL04-SC;;;
667856;17/03/2025;segunda-feira;09:40:00;BA;324;516,2;FEIRA DE SANTANA;Acessar a via sem observar a presen�a dos outros ve�culos;Tombamento;Com V�timas Feridas;Pleno dia;Decrescente;Nublado;Simples;Interse��o de Vias;Sim;2;0;1;0;0;1;1;2;-12,24526255;-38,93546641;SPRF-BA;DEL02-BA;UOP01-DEL02-BA;;;
667857;17/03/2025;segunda-feira;14:20:00;ES;101;219,2;IBIRACU;Chuva;Colis�o com objeto;Com V�timas Feridas;Pleno dia;Decrescente;Chuva;Dupla;Curva;N�o;2;0;1;0;1;0;1;1;-19,865772;-40,386034;SPRF-ES;DEL02-ES;UOP01-DEL02-ES;;;
667858;17/03/2025;segunda-feira;11:00:00;MT;364;25,2;ALTO ARAGUAIA;Condutor Dormindo;Colis�o com objeto;Com V�timas Feridas;Pleno dia;Crescente;C�u Claro;Simples;"Reta;Ponte";N�o;3;0;0;3;0;0;3;1;-17,18576818;-53,37648913;SPRF-MT;DEL02-MT;UOP02-DEL02-MT;;;
667859;17/03/2025;segunda-feira;10:35:00;PE;407;128;PETROLINA;Desrespeitar a prefer�ncia no cruzamento;Colis�o transversal;Com V�timas Feridas;Pleno dia;Decrescente;C�u Claro;Dupla;Rotat�ria;Sim;4;0;1;0;3;0;1;2;-9,39878186;-40,50485909;SPRF-PE;DEL06-PE;UOP01-DEL06-PE;;;
667860;17/03/2025;segunda-feira;13:30:00;CE;20;404;CAUCAIA;Modifica��o proibida;Colis�o transversal;Com V�timas Feridas;Pleno dia;Decrescente;C�u Claro;Simples;Reta;N�o;2;0;1;0;1;0;1;2;-3,77280065;-38,67534041;SPRF-CE;DEL01-CE;UOP01-DEL01-CE;;;
667863;09/03/2025;domingo;16:00:00;PR;116;19,1;CURITIBA;Rea��o tardia ou ineficiente do condutor;Colis�o traseira;Com V�timas Feridas;Pleno dia;Crescente;Nublado;M�ltipla;"Viaduto;Interse��o de Vias";Sim;5;0;1;1;2;1;2;4;-25,389;-49,208;SPRF-PR;DEL01-PR;UOP02-DEL01-PR;;;
667864;17/03/2025;segunda-feira;14:00:00;PR;158;528;PATO BRANCO;Condutor usando celular;Colis�o lateral mesmo sentido;Com V�timas Feridas;Pleno dia;Crescente;C�u Claro;Simples;Curva;N�o;6;0;3;1;2;0;4;4;-26,10090255;-52,64353629;SPRF-PR;DEL02-PR;UOP01-DEL02-PR;;;
667865;17/03/2025;segunda-feira;14:50:00;SC;101;243;PALHOCA;Rea��o tardia ou ineficiente do condutor;Colis�o traseira;Com V�timas Feridas;Pleno dia;Decrescente;Sol;Dupla;Reta;Sim;3;0;1;0;2;0;1;2;-27,88532019;-48,64756638;SPRF-SC;DEL01-SC;UOP02-DEL01-SC;;;
667866;17/03/2025;segunda-feira;13:45:00;MS;158;97,1;PARANAIBA;Acessar a via sem observar a presen�a dos outros ve�culos;Colis�o transversal;Com V�timas Feridas;Pleno dia;Crescente;C�u Claro;Dupla;Rotat�ria;Sim;2;0;0;1;1;0;1;2;-19,695112;-51,180249;SPRF-MS;DEL08-MS;UOP01-DEL08-MS;;;
667867;17/03/2025;segunda-feira;13:50:00;SP;116;374;MIRACATU;Condutor Dormindo;Colis�o com objeto;Com V�timas Feridas;Pleno dia;Crescente;C�u Claro;Dupla;Reta;Sim;4;0;3;0;1;0;3;1;-24,18053099;-47,3519399;SPRF-SP;DEL04-SP;UOP02-DEL04-SP;;;
667869;17/03/2025;segunda-feira;08:57:00;MT;163;975;TERRA NOVA DO NORTE;Rea��o tardia ou ineficiente do condutor;Sa�da de leito carro��vel;Com V�timas Feridas;Pleno dia;Crescente;C�u Claro;Simples;Curva;N�o;2;0;2;0;0;0;2;1;-10,6912422;-55,127216;SPRF-MT;DEL06-MT;UOP03-DEL06-MT;;;
667871;17/03/2025;segunda-feira;14:30:00;BA;324;516,8;FEIRA DE SANTANA;Convers�o proibida;Colis�o lateral mesmo sentido;Com V�timas Feridas;Pleno dia;Crescente;C�u Claro;Dupla;"Interse��o de Vias;Reta";Sim;3;0;1;0;2;0;1;2;-12,249068;-38,933723;SPRF-BA;DEL02-BA;UOP01-DEL02-BA;;;
667873;17/03/2025;segunda-feira;15:45:00;DF;40;5;BRASILIA;Condutor deixou de manter dist�ncia do ve�culo da frente;Colis�o traseira;Com V�timas Feridas;Pleno dia;Crescente;C�u Claro;Dupla;Reta;Sim;2;0;1;0;1;0;1;2;-16,017457;-47,981298;SPRF-DF;DEL01-DF;UOP01-DEL01-DF;;;
667875;17/03/2025;segunda-feira;11:00:00;CE;116;178,9;RUSSAS;Acessar a via sem observar a presen�a dos outros ve�culos;Colis�o transversal;Com V�timas Fatais;Pleno dia;Decrescente;C�u Claro;Simples;Interse��o de Vias;N�o;4;2;0;0;2;0;0;2;-5,042216;-38,091011;SPRF-CE;DEL03-CE;UOP01-DEL03-CE;;;
667878;12/03/2025;quarta-feira;07:30:00;RJ;116;171;RIO DE JANEIRO;Aus�ncia de rea��o do condutor;Colis�o traseira;Com V�timas Feridas;Pleno dia;Decrescente;C�u Claro;M�ltipla;Reta;Sim;2;0;1;0;1;0;1;2;-22,80527953;-43,34534861;SPRF-RJ;DEL06-RJ;UOP01-DEL06-RJ;;;
667880;09/03/2025;domingo;14:20:00;RJ;101;84;CAMPOS DOS GOYTACAZES;Transitar no Acostamento;Atropelamento de Pedestre;Com V�timas Feridas;Pleno dia;Decrescente;C�u Claro;Simples;Reta;Sim;2;0;1;0;1;0;1;2;-21,83612531;-41,43197536;SPRF-RJ;DEL08-RJ;UOP02-DEL08-RJ;;;
667882;17/03/2025;segunda-feira;16:20:00;MG;251;478,1;FRANCISCO SA;Acessar a via sem observar a presen�a dos outros ve�culos;Colis�o transversal;Com V�timas Feridas;Pleno dia;Crescente;C�u Claro;Simples;Rotat�ria;Sim;6;0;6;0;0;0;6;2;-16,47025869;-43,47548795;SPRF-MG;DEL12-MG;UOP01-DEL12-MG;;;
667883;12/03/2025;quarta-feira;02:00:00;MS;163;477;CAMPO GRANDE;Acessar a via sem observar a presen�a dos outros ve�culos;Colis�o transversal;Com V�timas Feridas;Plena Noite;Crescente;Chuva;Simples;Reta;Sim;3;0;1;1;1;0;2;2;-20,49733027;-54,55907995;SPRF-MS;DEL01-MS;UOP01-DEL01-MS;;;
667884;17/03/2025;segunda-feira;16:25:00;GO;60;95;ANAPOLIS;Condutor deixou de manter dist�ncia do ve�culo da frente;Colis�o traseira;Com V�timas Feridas;Pleno dia;Decrescente;C�u Claro;Dupla;Reta;Sim;3;0;0;1;1;1;1;3;-16,3737791;-48,94462109;SPRF-GO;DEL02-GO;UOP01-DEL02-GO;;;
667887;17/03/2025;segunda-feira;16:45:00;RS;290;96;PORTO ALEGRE;Condutor deixou de manter dist�ncia do ve�culo da frente;Colis�o lateral mesmo sentido;Com V�timas Feridas;Pleno dia;Crescente;C�u Claro;M�ltipla;Reta;N�o;3;0;2;0;1;0;2;2;-29,99159899;-51,20465555;SPRF-RS;DEL01-RS;UOP01-DEL01-RS;;;
667888;17/03/2025;segunda-feira;15:50:00;MG;262;902,9;CAMPO FLORIDO;Acumulo de �gua sobre o pavimento;Sa�da de leito carro��vel;Com V�timas Feridas;Pleno dia;Crescente;Chuva;Dupla;Reta;N�o;2;0;2;0;0;0;2;1;-19,671711;-48,773725;SPRF-MG;DEL13-MG;UOP02-DEL13-MG;;;
667890;17/03/2025;segunda-feira;15:00:00;PI;407;465;JAICOS;Animais na Pista;Atropelamento de Animal;Com V�timas Feridas;Pleno dia;Decrescente;Chuva;Simples;Reta;N�o;3;0;1;2;0;0;3;1;-7,33209;-41,152747;SPRF-PI;DEL04-PI;UOP01-DEL04-PI;;;
667891;17/03/2025;segunda-feira;17:20:00;SP;116;223;ARUJA;Rea��o tardia ou ineficiente do condutor;Colis�o traseira;Com V�timas Feridas;Pleno dia;Decrescente;C�u Claro;Dupla;Reta;Sim;2;0;1;0;1;0;1;2;-23,40809408;-46,33859597;SPRF-SP;DEL01-SP;UOP01-DEL01-SP;;;
667893;17/03/2025;segunda-feira;07:50:00;MG;381;332;NOVA ERA;Condutor Dormindo;Sa�da de leito carro��vel;Com V�timas Feridas;Pleno dia;Crescente;Nublado;Simples;Curva;N�o;1;0;1;0;0;0;1;1;-19,774327;-43,045478;SPRF-MG;DEL03-MG;UOP01-DEL03-MG;;;
667894;17/03/2025;segunda-feira;17:20:00;SP;116;553;BARRA DO TURVO;Rea��o tardia ou ineficiente do condutor;Sa�da de leito carro��vel;Sem V�timas;Pleno dia;Decrescente;Garoa/Chuvisco;Dupla;"Aclive;Curva";N�o;2;0;0;0;2;0;0;1;-24,9761773;-48,5027504;SPRF-SP;DEL05-SP;UOP02-DEL05-SP;;;
667897;17/03/2025;segunda-feira;17:11:00;SP;488;2,4;APARECIDA;Manobra de mudan�a de faixa;Colis�o transversal;Com V�timas Feridas;Anoitecer;Crescente;Nublado;Dupla;Reta;Sim;3;0;2;0;1;0;2;3;-22,85273176;-45,23932564;SPRF-SP;DEL08-SP;UOP01-DEL08-SP;;;
667898;17/03/2025;segunda-feira;17:00:00;PR;116;105;SAO JOSE DOS PINHAIS;Condutor deixou de manter dist�ncia do ve�culo da frente;Colis�o traseira;Com V�timas Feridas;Pleno dia;Crescente;C�u Claro;Dupla;Reta;N�o;2;0;1;0;1;0;1;2;-25,57060486;-49,2140382;SPRF-PR;DEL01-PR;UOP07-DEL01-PR;;;
667901;17/03/2025;segunda-feira;17:20:00;SC;101;147,2;ITAPEMA;Rea��o tardia ou ineficiente do condutor;Colis�o traseira;Com V�timas Feridas;Pleno dia;Decrescente;Sol;M�ltipla;Reta;Sim;2;0;1;0;1;0;1;2;-27,09361631;-48,61741483;SPRF-SC;DEL04-SC;UOP03-DEL04-SC;;;