id;data_inversa;dia_semana;horario;uf;br;km;municipio;causa_acidente;tipo_acidente;classificacao_acidente;fase_dia;sentido_via;condicao_metereologica;tipo_pista;tracado_via;uso_solo;pessoas;mortos;feridos_leves;feridos_graves;ilesos;ignorados;feridos;veiculos;latitude;longitude;regional;delegacia;uop;;;
667903;17/03/2025;segunda-feira;15:00:00;RJ;393;114;SAPUCAIA;Velocidade Incompat�vel;Sa�da de leito carro��vel;Com V�timas Feridas;Pleno dia;Decrescente;Garoa/Chuvisco;Simples;Curva;N�o;1;0;1;0;0;0;1;1;-21,92250396;-42,76917458;SPRF-RJ;DEL05-RJ;UOP01-DEL05-RJ;;;
667904;17/03/2025;segunda-feira;18:05:00;RS;290;308,5;CACHOEIRA DO SUL;Aus�ncia de rea��o do condutor;Colis�o traseira;Com V�timas Feridas;Pleno dia;Crescente;C�u Claro;Simples;Reta;N�o;4;0;1;0;3;0;1;2;-30,3372429;-53,288271;SPRF-RS;DEL09-RS;UOP02-DEL09-RS;;;
667905;09/03/2025;domingo;15:30:00;MS;163;468;CAMPO GRANDE;Aus�ncia de rea��o do condutor;Tombamento;Com V�timas Feridas;Pleno dia;Decrescente;C�u Claro;Simples;Curva;N�o;3;0;0;2;0;1;2;2;-20,57114216;-54,56483245;SPRF-MS;DEL01-MS;UOP01-DEL01-MS;;;
667906;17/03/2025;segunda-feira;17:52:00;PR;369;146,9;LONDRINA;Aus�ncia de rea��o do condutor;Colis�o traseira;Com V�timas Feridas;Pleno dia;Crescente;C�u Claro;Dupla;Reta;Sim;5;0;2;0;3;0;2;3;-23,29313549;-51,13040144;SPRF-PR;DEL07-PR;UOP01-DEL07-PR;;;
667907;17/03/2025;segunda-feira;18:30:00;MG;365;614;UBERLANDIA;Ultrapassagem Indevida;Colis�o lateral mesmo sentido;Com V�timas Feridas;Anoitecer;Decrescente;C�u Claro;Simples;Interse��o de Vias;Sim;2;0;1;0;1;0;1;2;-18,91094529;-48,22216988;SPRF-MG;DEL15-MG;UOP01-DEL15-MG;;;
667908;11/03/2025;ter�a-feira;10:20:00;PR;277;592;CASCAVEL;Acessar a via sem observar a presen�a dos outros ve�culos;Queda de ocupante de ve�culo;Com V�timas Feridas;Pleno dia;Crescente;C�u Claro;Simples;Reta;Sim;2;0;1;0;1;0;1;2;-24,9833094;-53,4732676;SPRF-PR;DEL04-PR;UOP01-DEL04-PR;;;
667910;17/03/2025;segunda-feira;16:38:00;RO;435;125;CEREJEIRAS;Acessar a via sem observar a presen�a dos outros ve�culos;Colis�o transversal;Com V�timas Feridas;Pleno dia;Crescente;C�u Claro;Dupla;Reta;Sim;2;0;1;0;1;0;1;2;-13,18891354;-60,82526799;SPRF-RO;DEL04-RO;UOP02-DEL04-RO;;;
667913;25/02/2025;ter�a-feira;16:40:00;BA;110;341;ALAGOINHAS;Retorno proibido;Queda de ocupante de ve�culo;Com V�timas Feridas;Pleno dia;Crescente;C�u Claro;Simples;Reta;Sim;2;0;1;0;0;1;1;2;-12,16208714;-38,4162122;SPRF-BA;DEL01-BA;UOP04-DEL01-BA;;;
667914;17/03/2025;segunda-feira;18:02:00;RO;364;712;PORTO VELHO;Objeto est�tico sobre o leito carro��vel;Colis�o com objeto;Com V�timas Feridas;Pleno dia;Crescente;Nublado;Dupla;"Viaduto;Aclive";Sim;1;0;1;0;0;0;1;1;-8,77635067;-63,87452245;SPRF-RO;DEL01-RO;UOP01-DEL01-RO;;;
667915;17/03/2025;segunda-feira;18:56:00;MG;381;359,1;JOAO MONLEVADE;Retorno proibido;Colis�o traseira;Com V�timas Feridas;Anoitecer;Crescente;Nublado;Simples;Reta;N�o;2;0;1;0;1;0;1;2;-19,839;-43,189;SPRF-MG;DEL03-MG;UOP01-DEL03-MG;;;
667916;17/03/2025;segunda-feira;18:15:00;RO;319;64;PORTO VELHO;Condutor deixou de manter dist�ncia do ve�culo da frente;Colis�o traseira;Com V�timas Feridas;Anoitecer;Crescente;C�u Claro;Dupla;"Aclive;Viaduto";Sim;4;0;1;0;3;0;1;2;-8,76968699;-63,88379753;SPRF-RO;DEL01-RO;UOP01-DEL01-RO;;;
667918;17/03/2025;segunda-feira;17:40:00;MG;381;519;BRUMADINHO;Chuva;Tombamento;Com V�timas Feridas;Pleno dia;Decrescente;Chuva;Dupla;Curva;N�o;1;0;0;1;0;0;1;1;-20,12758045;-44,3027687;SPRF-MG;DEL01-MG;UOP03-DEL01-MG;;;
667919;17/03/2025;segunda-feira;10:30:00;SP;101;36;UBATUBA;Aus�ncia de rea��o do condutor;Queda de ocupante de ve�culo;Com V�timas Feridas;Pleno dia;Crescente;Nublado;Simples;Reta;N�o;1;0;1;0;0;0;1;1;-23,395607;-45,014942;SPRF-SP;DEL06-SP;UOP01-DEL06-SP;;;
667921;28/02/2025;sexta-feira;18:35:00;PR;277;65,4;SAO JOSE DOS PINHAIS;Condutor deixou de manter dist�ncia do ve�culo da frente;Colis�o traseira;Com V�timas Fatais;Anoitecer;Decrescente;C�u Claro;Dupla;Reta;N�o;3;1;0;0;2;0;0;3;-25,529862;-49,08726;SPRF-PR;DEL01-PR;UOP01-DEL01-PR;;;
667923;17/03/2025;segunda-feira;17:05:00;MG;116;504;INHAPIM;Aus�ncia de rea��o do condutor;Colis�o traseira;Sem V�timas;Pleno dia;Decrescente;C�u Claro;Simples;Reta;N�o;2;0;0;0;2;0;0;2;-19,57531789;-42,1270752;SPRF-MG;DEL06-MG;UOP02-DEL06-MG;;;
667924;17/03/2025;segunda-feira;19:00:00;RJ;101;53;CAMPOS DOS GOYTACAZES;Transitar no Acostamento;Tombamento;Com V�timas Feridas;Plena Noite;Crescente;Nublado;Simples;Reta;Sim;1;0;1;0;0;0;1;1;-21,68568731;-41,31101423;SPRF-RJ;DEL08-RJ;UOP01-DEL08-RJ;;;
667925;17/03/2025;segunda-feira;20:10:00;DF;20;30;BRASILIA;Aus�ncia de rea��o do condutor;Sa�da de leito carro��vel;Com V�timas Feridas;Plena Noite;Crescente;C�u Claro;Dupla;"Declive;Reta";N�o;1;0;1;0;0;0;1;1;-15,5944214;-47,6036339;SPRF-DF;DEL02-DF;UOP01-DEL02-DF;;;
667926;17/03/2025;segunda-feira;17:50:00;PR;376;180;MARINGA;Avarias e/ou desgaste excessivo no pneu;Queda de ocupante de ve�culo;Com V�timas Feridas;Pleno dia;Crescente;C�u Claro;M�ltipla;Reta;Sim;1;0;0;1;0;0;1;1;-23,42225;-51,90477;SPRF-PR;DEL09-PR;UOP01-DEL09-PR;;;
667927;17/03/2025;segunda-feira;20:35:00;MG;354;702,5;CAXAMBU;Desrespeitar a prefer�ncia no cruzamento;Colis�o transversal;Com V�timas Feridas;Plena Noite;Decrescente;C�u Claro;Simples;Rotat�ria;Sim;2;0;1;0;1;0;1;2;-21,97091556;-44,92342919;SPRF-MG;DEL17-MG;UOP01-DEL17-MG;;;
667928;17/03/2025;segunda-feira;18:30:00;RO;435;88;COLORADO DO OESTE;Retorno proibido;Colis�o frontal;Com V�timas Feridas;Pleno dia;Decrescente;C�u Claro;Simples;Reta;Sim;2;0;1;0;1;0;1;2;-13,12873678;-60,54375406;SPRF-RO;DEL04-RO;UOP02-DEL04-RO;;;
667931;17/03/2025;segunda-feira;19:30:00;MS;163;493;CAMPO GRANDE;Acessar a via sem observar a presen�a dos outros ve�culos;Colis�o transversal;Com V�timas Fatais;Plena Noite;Crescente;Nublado;Dupla;"Reta;Declive";Sim;3;1;0;0;2;0;0;2;-20,38609142;-54,54596931;SPRF-MS;DEL01-MS;UOP02-DEL01-MS;;;
667932;17/03/2025;segunda-feira;19:55:00;BA;116;348;SERRINHA;Defici�ncia do Sistema de Ilumina��o/Sinaliza��o;Colis�o traseira;Com V�timas Fatais;Plena Noite;Crescente;C�u Claro;Simples;Aclive;N�o;3;1;0;0;1;1;0;3;-11,5806065;-38,98704529;SPRF-BA;DEL02-BA;UOP01-DEL02-BA;;;
667934;17/03/2025;segunda-feira;20:05:00;SP;153;173;GUAICARA;Animais na Pista;Tombamento;Com V�timas Feridas;Plena Noite;Crescente;C�u Claro;Simples;Reta;N�o;1;0;0;1;0;0;1;1;-21,632089;-49,787793;SPRF-SP;DEL07-SP;UOP01-DEL07-SP;;;
667935;17/03/2025;segunda-feira;19:25:00;RO;364;498;ARIQUEMES;Animais na Pista;Atropelamento de Animal;Com V�timas Feridas;Plena Noite;Decrescente;Nublado;Simples;Reta;N�o;2;0;2;0;0;0;2;1;-10,044851;-62,97572;SPRF-RO;DEL03-RO;UOP01-DEL03-RO;;;
667937;17/03/2025;segunda-feira;20:50:00;BA;116;10;VITORIA DA CONQUISTA;Entrada inopinada do pedestre;Atropelamento de Pedestre;Com V�timas Feridas;Plena Noite;Crescente;C�u Claro;Simples;Curva;N�o;2;0;2;0;0;0;2;2;-14,86566;-40,87209;SPRF-BA;DEL08-BA;UOP01-DEL08-BA;;;
667940;17/03/2025;segunda-feira;21:40:00;RN;101;94;NATAL;Aus�ncia de rea��o do condutor;Colis�o traseira;Com V�timas Feridas;Plena Noite;Decrescente;C�u Claro;M�ltipla;Reta;Sim;2;0;1;0;1;0;1;2;-5,83892127;-35,21080303;SPRF-RN;DEL01-RN;UOP01-DEL01-RN;;;
667941;17/03/2025;segunda-feira;19:25:00;RS;386;437,8;NOVA SANTA RITA;Demais falhas mec�nicas ou el�tricas;Inc�ndio;Sem V�timas;Plena Noite;Crescente;C�u Claro;Simples;Reta;Sim;1;0;0;0;1;0;0;1;-29,86066911;-51,25729322;SPRF-RS;DEL04-RS;UOP02-DEL04-RS;;;
667942;13/03/2025;quinta-feira;18:30:00;PR;376;377;IMBAU;Acesso irregular;Colis�o com objeto;Com V�timas Feridas;Plena Noite;Crescente;C�u Claro;Simples;"Reta;Desvio Tempor�rio";N�o;1;0;1;0;0;0;1;1;-24,38208509;-50,79024553;SPRF-PR;DEL03-PR;UOP02-DEL03-PR;;;
667943;17/03/2025;segunda-feira;22:10:00;SC;282;5,2;SAO JOSE;Rea��o tardia ou ineficiente do condutor;Colis�o traseira;Com V�timas Feridas;Plena Noite;Decrescente;C�u Claro;M�ltipla;Reta;Sim;7;0;1;0;6;0;1;3;-27,58778587;-48,61384749;SPRF-SC;DEL01-SC;UOP01-DEL01-SC;;;
667946;17/03/2025;segunda-feira;19:15:00;MG;262;34,5;MANHUACU;Desrespeitar a prefer�ncia no cruzamento;Colis�o transversal;Com V�timas Feridas;Plena Noite;Crescente;C�u Claro;Simples;"Rotat�ria;Interse��o de Vias;Curva";Sim;3;0;2;0;0;1;2;2;-20,25607859;-42,02874418;SPRF-MG;DEL06-MG;UOP03-DEL06-MG;;;
667948;17/03/2025;segunda-feira;21:46:00;MA;135;23;SAO LUIS;Condutor deixou de manter dist�ncia do ve�culo da frente;Colis�o traseira;Com V�timas Feridas;Plena Noite;Crescente;Nublado;Dupla;Reta;Sim;2;0;0;1;1;0;1;2;-2,5570769;-44,31215286;SPRF-MA;DEL01-MA;UOP01-DEL01-MA;;;
667949;17/03/2025;segunda-feira;22:10:00;RS;158;329;SANTA MARIA;Ingest�o de �lcool pelo condutor;Colis�o com objeto;Com V�timas Feridas;Plena Noite;Crescente;C�u Claro;Dupla;Viaduto;Sim;1;0;0;1;0;0;1;1;-29,70124041;-53,83957386;SPRF-RS;DEL09-RS;UOP01-DEL09-RS;;;
667950;17/03/2025;segunda-feira;21:09:00;RO;429;157;SERINGUEIRAS;Aus�ncia de rea��o do condutor;Atropelamento de Pedestre;Com V�timas Feridas;Plena Noite;Crescente;Nublado;M�ltipla;Reta;Sim;2;0;2;0;0;0;2;2;-11,76283971;-63,03691149;SPRF-RO;DEL02-RO;UOP03-DEL02-RO;;;
667952;17/03/2025;segunda-feira;22:30:00;RS;448;5,6;ESTEIO;Demais falhas mec�nicas ou el�tricas;Inc�ndio;Sem V�timas;Plena Noite;Decrescente;C�u Claro;Dupla;Reta;N�o;2;0;0;0;2;0;0;1;-29,84838668;-51,21774088;SPRF-RS;DEL01-RS;UOP02-DEL01-RS;;;
667953;17/03/2025;segunda-feira;22:30:00;RS;116;142;CAXIAS DO SUL;Condutor desrespeitou a ilumina��o vermelha do sem�foro;Colis�o transversal;Com V�timas Feridas;Plena Noite;Decrescente;C�u Claro;Simples;Interse��o de Vias;Sim;6;0;2;0;3;1;2;3;-29,11878062;-51,11674547;SPRF-RS;DEL05-RS;UOP01-DEL05-RS;;;
667954;18/03/2025;ter�a-feira;00:10:00;AL;316;261,6;SATUBA;Avarias e/ou desgaste excessivo no pneu;Capotamento;Com V�timas Feridas;Plena Noite;Crescente;C�u Claro;Simples;Reta;N�o;3;0;2;0;1;0;2;1;-9,58857709;-35,88536024;SPRF-AL;DEL02-AL;UOP01-DEL02-AL;;;
667956;18/03/2025;ter�a-feira;00:50:00;RS;472;568;URUGUAIANA;Aus�ncia de rea��o do condutor;Colis�o com objeto;Com V�timas Feridas;Plena Noite;Decrescente;C�u Claro;Simples;"Declive;Reta;Ponte";N�o;1;0;0;1;0;0;1;1;-29,7528692;-56,99377364;SPRF-RS;DEL13-RS;UOP01-DEL13-RS;;;
667957;13/03/2025;quinta-feira;20:33:00;PE;232;7;RECIFE;Manobra de mudan�a de faixa;Colis�o traseira;Com V�timas Feridas;Plena Noite;Crescente;C�u Claro;M�ltipla;Reta;Sim;3;0;3;0;0;0;3;2;-8,07185903;-34,95681167;SPRF-PE;DEL01-PE;UOP01-DEL01-PE;;;
667958;18/03/2025;ter�a-feira;01:15:00;MS;267;244;NOVA ALVORADA DO SUL;Condutor Dormindo;Capotamento;Sem V�timas;Plena Noite;Decrescente;Nublado;Simples;Reta;N�o;1;0;0;0;0;1;0;1;-21,4821;-54,3329;SPRF-MS;DEL02-MS;UOP01-DEL02-MS;;;
667959;18/03/2025;ter�a-feira;02:40:00;MG;40;615;CONGONHAS;Aus�ncia de rea��o do condutor;Colis�o com objeto;Com V�timas Feridas;Plena Noite;Decrescente;C�u Claro;Simples;Curva;N�o;1;0;1;0;0;0;1;1;-20,54548488;-43,82044649;SPRF-MG;DEL05-MG;UOP02-DEL05-MG;;;
667961;18/03/2025;ter�a-feira;04:00:00;PR;277;235,7;IRATI;Condutor Dormindo;Sa�da de leito carro��vel;Com V�timas Feridas;Amanhecer;Decrescente;C�u Claro;Simples;Curva;N�o;2;0;1;0;1;0;1;1;-25,46249458;-50,5970192;SPRF-PR;DEL08-PR;UOP02-DEL08-PR;;;
667962;14/03/2025;sexta-feira;08:00:00;RJ;101;316;SAO GONCALO;Rea��o tardia ou ineficiente do condutor;Colis�o traseira;Com V�timas Feridas;Pleno dia;Crescente;C�u Claro;Dupla;Reta;Sim;2;0;1;0;1;0;1;2;-22,8314131;-43,09365565;SPRF-RJ;DEL02-RJ;UOP02-DEL02-RJ;;;
667963;18/03/2025;ter�a-feira;06:00:00;SC;101;203;SAO JOSE;Rea��o tardia ou ineficiente do condutor;Eventos at�picos;Sem V�timas;Pleno dia;Decrescente;C�u Claro;Dupla;Reta;Sim;1;0;0;0;0;1;0;1;-27,56923;-48,61371;SPRF-SC;DEL01-SC;UOP01-DEL01-SC;;;
667964;18/03/2025;ter�a-feira;06:10:00;GO;60;100,4;ANAPOLIS;Aus�ncia de rea��o do condutor;Queda de ocupante de ve�culo;Com V�timas Feridas;Amanhecer;Decrescente;C�u Claro;Dupla;Reta;Sim;1;0;1;0;0;0;1;1;-16,4022;-48,9745;SPRF-GO;DEL02-GO;UOP01-DEL02-GO;;;
667966;18/03/2025;ter�a-feira;05:50:00;DF;251;33;BRASILIA;Convers�o proibida;Colis�o traseira;Com V�timas Feridas;Amanhecer;Decrescente;Sol;Simples;Reta;Sim;2;0;0;1;1;0;1;2;-15,9394449;-47,7616475;SPRF-DF;DEL01-DF;UOP01-DEL01-DF;;;
667967;18/03/2025;ter�a-feira;05:30:00;MG;381;488;BETIM;Aus�ncia de rea��o do condutor;Colis�o com objeto;Com V�timas Feridas;Amanhecer;Decrescente;C�u Claro;Dupla;"Reta;Aclive";N�o;1;0;1;0;0;0;1;1;-19,9571424;-44,11929846;SPRF-MG;DEL01-MG;UOP03-DEL01-MG;;;
667975;18/03/2025;ter�a-feira;07:35:00;SE;235;5;NOSSA SENHORA DO SOCORRO;Condutor deixou de manter dist�ncia do ve�culo da frente;Colis�o lateral mesmo sentido;Com V�timas Feridas;Pleno dia;Decrescente;C�u Claro;Dupla;Reta;N�o;3;0;0;1;2;0;1;3;-10,906255;-37,12004;SPRF-SE;DEL01-SE;UOP01-DEL01-SE;;;
667976;18/03/2025;ter�a-feira;07:15:00;MG;40;780,9;JUIZ DE FORA;Demais falhas mec�nicas ou el�tricas;Queda de ocupante de ve�culo;Com V�timas Feridas;Pleno dia;Crescente;Nublado;Dupla;"Interse��o de Vias;Reta;Retorno Regulamentado";N�o;1;0;1;0;0;0;1;1;-21,70577833;-43,45131397;SPRF-MG;DEL05-MG;UOP01-DEL05-MG;;;
667977;18/03/2025;ter�a-feira;07:30:00;PR;277;726,8;FOZ DO IGUACU;Aus�ncia de rea��o do condutor;Colis�o lateral mesmo sentido;Com V�timas Feridas;Pleno dia;Decrescente;C�u Claro;Dupla;Reta;Sim;2;0;1;0;1;0;1;2;-25,510325;-54,562617;SPRF-PR;DEL05-PR;UOP03-DEL05-PR;;;
667978;18/03/2025;ter�a-feira;06:50:00;SP;116;206;GUARULHOS;Demais falhas mec�nicas ou el�tricas;Tombamento;Com V�timas Feridas;Pleno dia;Decrescente;Nublado;M�ltipla;Reta;Sim;2;0;1;0;1;0;1;1;-23,4175599;-46,37623835;SPRF-SP;DEL01-SP;UOP01-DEL01-SP;;;
667979;18/03/2025;ter�a-feira;07:20:00;SP;116;283;ITAPECERICA DA SERRA;Aus�ncia de rea��o do condutor;Queda de ocupante de ve�culo;Com V�timas Feridas;Pleno dia;Decrescente;C�u Claro;Dupla;Reta;Sim;1;0;1;0;0;0;1;1;-23,7002551;-46,8689757;SPRF-SP;DEL04-SP;UOP01-DEL04-SP;;;
667980;18/03/2025;ter�a-feira;07:00:00;PR;376;183,9;SARANDI;Rea��o tardia ou ineficiente do condutor;Tombamento;Com V�timas Feridas;Pleno dia;Decrescente;Chuva;Dupla;"Reta;Declive";Sim;1;0;1;0;0;0;1;1;-23,4410425;-51,8725562;SPRF-PR;DEL09-PR;UOP01-DEL09-PR;;;
667981;18/03/2025;ter�a-feira;08:00:00;SP;116;147;SAO JOSE DOS CAMPOS;Aus�ncia de rea��o do condutor;Tombamento;Com V�timas Feridas;Pleno dia;Crescente;Nublado;M�ltipla;Reta;N�o;2;0;1;0;0;1;1;2;-23,1936008;-45,869323;SPRF-SP;DEL02-SP;UOP01-DEL02-SP;;;
667982;02/02/2025;domingo;15:30:00;AL;104;40,4;UNIAO DOS PALMARES;Mal s�bito do condutor;Sa�da de leito carro��vel;Com V�timas Fatais;Pleno dia;Crescente;C�u Claro;Simples;Reta;N�o;1;1;0;0;0;0;0;1;-9,19644007;-36,03112528;SPRF-AL;DEL01-AL;UOP02-DEL01-AL;;;
667984;18/03/2025;ter�a-feira;07:45:00;RS;153;20,3;SEVERIANO DE ALMEIDA;Aus�ncia de rea��o do condutor;Colis�o traseira;Sem V�timas;Pleno dia;Crescente;C�u Claro;Simples;Reta;N�o;2;0;0;0;2;0;0;2;-27,47022;-52,10648;SPRF-RS;DEL08-RS;UOP04-DEL08-RS;;;
667985;18/03/2025;ter�a-feira;07:50:00;PI;135;351;BOM JESUS;Aus�ncia de rea��o do condutor;Colis�o transversal;Com V�timas Feridas;Pleno dia;Crescente;Nublado;Dupla;Reta;Sim;2;0;0;1;1;0;1;2;-9,07531998;-44,3555273;SPRF-PI;DEL03-PI;UOP02-DEL03-PI;;;
667987;18/03/2025;ter�a-feira;08:15:00;ES;101;289;CARIACICA;Acessar a via sem observar a presen�a dos outros ve�culos;Colis�o lateral mesmo sentido;Com V�timas Feridas;Pleno dia;Decrescente;C�u Claro;Dupla;"Reta;Declive";Sim;3;0;1;0;2;0;1;2;-20,28651204;-40,39260864;SPRF-ES;DEL01-ES;UOP01-DEL01-ES;;;
667988;18/03/2025;ter�a-feira;07:30:00;GO;153;436,9;ANAPOLIS;Trafegar com motocicleta (ou similar) entre as faixas;Tombamento;Com V�timas Feridas;Pleno dia;Crescente;C�u Claro;Dupla;Em Obras;Sim;2;0;0;1;0;1;1;1;-16,283987;-48,951763;SPRF-GO;DEL02-GO;UOP01-DEL02-GO;;;
667989;18/03/2025;ter�a-feira;06:50:00;ES;101;94;DOMINGOS MARTINS;Acessar a via sem observar a presen�a dos outros ve�culos;Colis�o transversal;Com V�timas Feridas;Pleno dia;Crescente;Sol;Simples;Reta;N�o;2;0;1;0;0;1;1;2;-20,3737218;-41,05874968;SPRF-ES;DEL04-ES;UOP02-DEL04-ES;;;
667990;18/03/2025;ter�a-feira;08:00:00;RN;101;97;NATAL;Aus�ncia de rea��o do condutor;Tombamento;Com V�timas Feridas;Pleno dia;Decrescente;C�u Claro;M�ltipla;Viaduto;Sim;1;0;1;0;0;0;1;1;-5,8561297;-35,212271;SPRF-RN;DEL01-RN;UOP01-DEL01-RN;;;
667991;18/03/2025;ter�a-feira;08:00:00;SP;381;30;ATIBAIA;Rea��o tardia ou ineficiente do condutor;Colis�o traseira;Com V�timas Feridas;Pleno dia;Crescente;C�u Claro;Dupla;Reta;Sim;4;0;0;1;1;2;1;3;-23,04616383;-46,56265313;SPRF-SP;DEL03-SP;UOP02-DEL03-SP;;;
667992;18/03/2025;ter�a-feira;08:15:00;MG;116;701,1;MURIAE;Convers�o proibida;Colis�o lateral mesmo sentido;Com V�timas Feridas;Pleno dia;Decrescente;C�u Claro;Simples;"Interse��o de Vias;Curva";Sim;2;0;1;0;1;0;1;2;-21,11547403;-42,3797304;SPRF-MG;DEL07-MG;UOP02-DEL07-MG;;;
667993;18/03/2025;ter�a-feira;08:55:00;AL;101;74,9;MESSIAS;Rea��o tardia ou ineficiente do condutor;Atropelamento de Pedestre;Com V�timas Feridas;Pleno dia;Decrescente;C�u Claro;Dupla;Reta;Sim;2;0;1;0;1;0;1;2;-9,405716;-35,840106;SPRF-AL;DEL01-AL;UOP01-DEL01-AL;;;
667994;18/03/2025;ter�a-feira;08:20:00;RS;287;249;SANTA MARIA;Acessar a via sem observar a presen�a dos outros ve�culos;Colis�o transversal;Sem V�timas;Pleno dia;Crescente;C�u Claro;Dupla;"Rotat�ria;Interse��o de Vias";Sim;2;0;0;0;2;0;0;2;-29,69470738;-53,85832787;SPRF-RS;DEL09-RS;UOP01-DEL09-RS;;;
667997;18/03/2025;ter�a-feira;09:30:00;MG;381;477;CONTAGEM;Aus�ncia de rea��o do condutor;Colis�o traseira;Com V�timas Feridas;Pleno dia;Crescente;C�u Claro;M�ltipla;"Declive;Reta";Sim;2;0;1;0;0;1;1;2;-19,959816;-44,034686;SPRF-MG;DEL01-MG;UOP03-DEL01-MG;;;
668001;18/03/2025;ter�a-feira;09:35:00;RS;116;260;CANOAS;Aus�ncia de rea��o do condutor;Colis�o traseira;Com V�timas Feridas;Pleno dia;Decrescente;C�u Claro;M�ltipla;Reta;N�o;2;0;1;0;1;0;1;2;-29,8724378;-51,1784036;SPRF-RS;DEL01-RS;UOP01-DEL01-RS;;;
668003;18/03/2025;ter�a-feira;09:59:00;RS;116;247,9;SAO LEOPOLDO;Rea��o tardia ou ineficiente do condutor;Colis�o lateral mesmo sentido;Com V�timas Feridas;Pleno dia;Decrescente;C�u Claro;Simples;Interse��o de Vias;Sim;4;0;2;0;1;1;2;3;-29,7365311;-51,1504326;SPRF-RS;DEL01-RS;UOP02-DEL01-RS;;;
668007;18/03/2025;ter�a-feira;09:00:00;GO;50;210,5;CAMPO ALEGRE DE GOIAS;Demais falhas mec�nicas ou el�tricas;Tombamento;Com V�timas Feridas;Pleno dia;Decrescente;C�u Claro;Dupla;Reta;N�o;1;0;1;0;0;0;1;1;-17,77296338;-47,75006247;SPRF-GO;DEL06-GO;UOP01-DEL06-GO;;;
668008;18/03/2025;ter�a-feira;09:32:00;PE;101;58;RECIFE;Rea��o tardia ou ineficiente do condutor;Colis�o traseira;Sem V�timas;Pleno dia;Crescente;C�u Claro;Dupla;Reta;N�o;3;0;0;0;2;1;0;2;-7,96346213;-34,91513486;SPRF-PE;DEL01-PE;UOP02-DEL01-PE;;;
668012;18/03/2025;ter�a-feira;09:00:00;SP;101;24;UBATUBA;Transitar na contram�o;Colis�o frontal;Com V�timas Fatais;Pleno dia;Crescente;C�u Claro;Dupla;"Declive;Curva";N�o;2;1;0;0;1;0;0;2;-23,352966;-44,948219;SPRF-SP;DEL06-SP;UOP01-DEL06-SP;;;
668014;18/03/2025;ter�a-feira;08:05:00;BA;415;23;ILHEUS;Velocidade Incompat�vel;Sa�da de leito carro��vel;Com V�timas Feridas;Pleno dia;Crescente;Nublado;Dupla;Curva;N�o;1;0;1;0;0;0;1;1;-14,799273;-39,165733;SPRF-BA;DEL05-BA;UOP01-DEL05-BA;;;
668016;18/03/2025;ter�a-feira;06:38:00;RO;435;122;CEREJEIRAS;Desrespeitar a prefer�ncia no cruzamento;Colis�o transversal;Com V�timas Feridas;Pleno dia;Crescente;C�u Claro;Dupla;Reta;Sim;2;0;1;0;1;0;1;2;-13,18898611;-60,80655215;SPRF-RO;DEL04-RO;UOP02-DEL04-RO;;;
668017;18/03/2025;ter�a-feira;08:50:00;SC;101;189,9;BIGUACU;Rea��o tardia ou ineficiente do condutor;Colis�o com objeto;Com V�timas Feridas;Pleno dia;Crescente;C�u Claro;Dupla;Curva;N�o;1;0;0;1;0;0;1;1;-27,465148;-48,642114;SPRF-SC;DEL01-SC;UOP01-DEL01-SC;;;
668018;18/03/2025;ter�a-feira;11:25:00;SC;280;46,6;GUARAMIRIM;Acessar a via sem observar a presen�a dos outros ve�culos;Colis�o transversal;Com V�timas Feridas;Pleno dia;Crescente;C�u Claro;Simples;"Reta;Em Obras";N�o;2;0;1;1;0;0;2;2;-26,45314994;-48,91017795;SPRF-SC;DEL03-SC;UOP03-DEL03-SC;;;
668019;18/03/2025;ter�a-feira;11:30:00;RJ;101;322;NITEROI;Rea��o tardia ou ineficiente do condutor;Colis�o lateral mesmo sentido;Com V�timas Feridas;Pleno dia;Decrescente;C�u Claro;Dupla;Reta;Sim;2;0;1;0;1;0;1;2;-22,87997097;-43,11447144;SPRF-RJ;DEL02-RJ;UOP01-DEL02-RJ;;;
668020;18/03/2025;ter�a-feira;09:20:00;MG;116;414,5;GOVERNADOR VALADARES;Mal s�bito do condutor;Colis�o com objeto;Com V�timas Feridas;Pleno dia;Decrescente;Nublado;Simples;Curva;Sim;1;0;1;0;0;0;1;1;-18,884974;-41,946946;SPRF-MG;DEL06-MG;UOP01-DEL06-MG;;;
668022;18/03/2025;ter�a-feira;12:10:00;RS;392;15,9;RIO GRANDE;Aus�ncia de rea��o do condutor;Colis�o lateral mesmo sentido;Com V�timas Feridas;Pleno dia;Crescente;C�u Claro;Dupla;Reta;N�o;2;0;1;0;1;0;1;2;-32,09823507;-52,16547847;SPRF-RS;DEL07-RS;UOP02-DEL07-RS;;;
668023;18/03/2025;ter�a-feira;12:00:00;RS;116;244,5;SAO LEOPOLDO;Acessar a via sem observar a presen�a dos outros ve�culos;Colis�o lateral mesmo sentido;Com V�timas Feridas;Pleno dia;Crescente;C�u Claro;M�ltipla;"Rotat�ria;Interse��o de Vias";Sim;2;0;1;0;1;0;1;2;-29,74444274;-51,15124052;SPRF-RS;DEL01-RS;UOP02-DEL01-RS;;;
668024;18/03/2025;ter�a-feira;12:00:00;ES;101;268;SERRA;Acessar a via sem observar a presen�a dos outros ve�culos;Colis�o transversal;Com V�timas Feridas;Pleno dia;Decrescente;C�u Claro;Dupla;Curva;Sim;2;0;1;0;1;0;1;2;-20,21617179;-40,26969007;SPRF-ES;DEL02-ES;UOP01-DEL02-ES;;;