id;data_inversa;dia_semana;horario;uf;br;km;municipio;causa_acidente;tipo_acidente;classificacao_acidente;fase_dia;sentido_via;condicao_metereologica;tipo_pista;tracado_via;uso_solo;pessoas;mortos;feridos_leves;feridos_graves;ilesos;ignorados;feridos;veiculos;latitude;longitude;regional;delegacia;uop;;;
668025;18/03/2025;ter�a-feira;11:27:00;MA;135;8;SAO LUIS;Aus�ncia de rea��o do condutor;Colis�o traseira;Com V�timas Feridas;Pleno dia;Crescente;Sol;Dupla;Reta;Sim;4;0;2;0;2;0;2;2;-2,65927617;-44,28586476;SPRF-MA;DEL01-MA;UOP01-DEL01-MA;;;
668026;14/03/2025;sexta-feira;20:00:00;RJ;40;119;DUQUE DE CAXIAS;Rea��o tardia ou ineficiente do condutor;Queda de ocupante de ve�culo;Com V�timas Feridas;Plena Noite;Crescente;C�u Claro;M�ltipla;Reta;Sim;2;0;0;1;0;1;1;1;-22,767895;-43,2866227;SPRF-RJ;DEL01-RJ;UOP02-DEL01-RJ;;;
668027;18/03/2025;ter�a-feira;12:30:00;PR;376;4;APUCARANA;Manobra de mudan�a de faixa;Colis�o traseira;Com V�timas Feridas;Pleno dia;Crescente;Sol;Dupla;Interse��o de Vias;Sim;2;0;1;0;1;0;1;2;-23,55671407;-51,44268567;SPRF-PR;DEL07-PR;UOP03-DEL07-PR;;;
668028;18/03/2025;ter�a-feira;11:00:00;MT;163;803;SINOP;Acessar a via sem observar a presen�a dos outros ve�culos;Colis�o transversal;Com V�timas Feridas;Pleno dia;Crescente;Nublado;Simples;Reta;N�o;2;0;1;0;1;0;1;2;-12,12415233;-55,51582575;SPRF-MT;DEL06-MT;UOP02-DEL06-MT;;;
668029;18/03/2025;ter�a-feira;13:00:00;SC;282;5;SAO JOSE;Condutor deixou de manter dist�ncia do ve�culo da frente;Colis�o traseira;Com V�timas Feridas;Pleno dia;Decrescente;C�u Claro;Dupla;Reta;Sim;2;0;1;0;1;0;1;2;-27,588225;-48,613643;SPRF-SC;DEL01-SC;UOP01-DEL01-SC;;;
668030;09/02/2025;domingo;21:40:00;PB;230;502;CAJAZEIRAS;Animais na Pista;Tombamento;Com V�timas Feridas;Plena Noite;Crescente;C�u Claro;Simples;"Reta;Aclive";Sim;1;0;1;0;0;0;1;1;-6,90121;-38,558;SPRF-PB;DEL03-PB;UOP03-DEL03-PB;;;
668031;18/03/2025;ter�a-feira;10:05:00;SC;101;277,1;IMBITUBA;Condutor deixou de manter dist�ncia do ve�culo da frente;Colis�o traseira;Com V�timas Feridas;Pleno dia;Decrescente;C�u Claro;Dupla;"Reta;Em Obras";Sim;3;0;1;0;2;0;1;2;-28,16679866;-48,69402224;SPRF-SC;DEL02-SC;UOP03-DEL02-SC;;;
668032;18/03/2025;ter�a-feira;08:05:00;PR;376;167,8;MARINGA;Condutor deixou de manter dist�ncia do ve�culo da frente;Colis�o traseira;Com V�timas Feridas;Pleno dia;Crescente;Chuva;Dupla;"Retorno Regulamentado;Reta";N�o;2;0;1;0;1;0;1;2;-23,39313;-52,010087;SPRF-PR;DEL09-PR;UOP01-DEL09-PR;;;
668035;18/02/2025;ter�a-feira;12:07:00;PB;101;90;JOAO PESSOA;Aus�ncia de rea��o do condutor;Colis�o lateral mesmo sentido;Com V�timas Feridas;Pleno dia;Decrescente;Sol;Dupla;"Em Obras;Reta;Rotat�ria";N�o;3;0;1;0;2;0;1;3;-7,181041;-34,900447;SPRF-PB;DEL01-PB;UOP01-DEL01-PB;;;
668037;18/03/2025;ter�a-feira;12:40:00;ES;259;53,4;COLATINA;Velocidade Incompat�vel;Sa�da de leito carro��vel;Com V�timas Feridas;Pleno dia;Decrescente;Sol;Simples;"Reta;Declive";N�o;1;0;1;0;0;0;1;1;-19,50246825;-40,62262984;SPRF-ES;DEL02-ES;UOP01-DEL02-ES;;;
668041;18/03/2025;ter�a-feira;12:15:00;BA;101;440;UBAITABA;Acessar a via sem observar a presen�a dos outros ve�culos;Colis�o transversal;Com V�timas Feridas;Pleno dia;Crescente;Nublado;Simples;Interse��o de Vias;N�o;5;0;3;0;2;0;3;3;-14,2666608;-39,326275;SPRF-BA;DEL05-BA;UOP01-DEL05-BA;;;
668043;18/03/2025;ter�a-feira;11:25:00;AP;210;0;MACAPA;Rea��o tardia ou ineficiente do condutor;Tombamento;Com V�timas Feridas;Pleno dia;Decrescente;C�u Claro;Dupla;Reta;Sim;1;0;1;0;0;0;1;1;0,07751096;-51,06409371;SPRF-AP;DEL01-AP;UOP01-DEL01-AP;;;
668044;18/03/2025;ter�a-feira;13:00:00;SC;280;153;MAFRA;Rea��o tardia ou ineficiente do condutor;Colis�o traseira;Com V�timas Feridas;Pleno dia;Decrescente;Garoa/Chuvisco;Simples;"Aclive;Reta";N�o;2;0;1;0;1;0;1;2;-26,2193377;-49,7136984;SPRF-SC;DEL06-SC;UOP03-DEL06-SC;;;
668045;18/03/2025;ter�a-feira;11:30:00;PE;101;81,7;JABOATAO DOS GUARARAPES;Condutor deixou de manter dist�ncia do ve�culo da frente;Queda de ocupante de ve�culo;Com V�timas Feridas;Pleno dia;Decrescente;Nublado;Dupla;Reta;Sim;1;0;1;0;0;0;1;1;-8,166406;-34,938209;SPRF-PE;DEL01-PE;UOP01-DEL01-PE;;;
668046;18/03/2025;ter�a-feira;13:00:00;PR;277;237;FERNANDES PINHEIRO;Velocidade Incompat�vel;Sa�da de leito carro��vel;Com V�timas Feridas;Pleno dia;Crescente;Garoa/Chuvisco;Simples;"Reta;Declive";N�o;4;0;4;0;0;0;4;1;-25,464;-50,547;SPRF-PR;DEL08-PR;UOP02-DEL08-PR;;;
668047;18/03/2025;ter�a-feira;13:50:00;MG;40;505;RIBEIRAO DAS NEVES;Aus�ncia de rea��o do condutor;Sa�da de leito carro��vel;Com V�timas Feridas;Pleno dia;Decrescente;C�u Claro;Dupla;Reta;Sim;2;0;1;0;1;0;1;1;-19,7379588;-44,1496432;SPRF-MG;DEL02-MG;UOP01-DEL02-MG;;;
668049;18/03/2025;ter�a-feira;11:30:00;MG;262;803;UBERABA;Avarias e/ou desgaste excessivo no pneu;Tombamento;Com V�timas Feridas;Pleno dia;Crescente;Nublado;Dupla;"Interse��o de Vias;Reta";N�o;1;0;1;0;0;0;1;1;-19,776893;-47,921613;SPRF-MG;DEL13-MG;UOP01-DEL13-MG;;;
668050;18/03/2025;ter�a-feira;13:30:00;TO;153;233;COLINAS DO TOCANTINS;Aus�ncia de rea��o do condutor;Colis�o traseira;Com V�timas Feridas;Pleno dia;Decrescente;C�u Claro;Simples;Reta;N�o;5;0;3;0;1;1;3;3;-7,9842252;-48,46436262;SPRF-TO;DEL02-TO;UOP01-DEL02-TO;;;
668052;18/03/2025;ter�a-feira;15:10:00;PB;230;369;CONDADO;Ultrapassagem Indevida;Colis�o lateral mesmo sentido;Com V�timas Feridas;Pleno dia;Decrescente;C�u Claro;Simples;Reta;N�o;2;0;1;0;1;0;1;2;-6,908713;-37,556037;SPRF-PB;DEL03-PB;UOP02-DEL03-PB;;;
668054;18/03/2025;ter�a-feira;14:30:00;SP;116;146;SAO JOSE DOS CAMPOS;Condutor deixou de manter dist�ncia do ve�culo da frente;Colis�o traseira;Com V�timas Feridas;Pleno dia;Decrescente;C�u Claro;M�ltipla;Declive;Sim;2;0;1;0;0;1;1;2;-23,10144;-45,71136;SPRF-SP;DEL02-SP;UOP01-DEL02-SP;;;
668055;18/03/2025;ter�a-feira;16:00:00;SP;116;227;SAO PAULO;Trafegar com motocicleta (ou similar) entre as faixas;Colis�o traseira;Com V�timas Feridas;Pleno dia;Decrescente;Chuva;M�ltipla;Interse��o de Vias;Sim;2;0;1;0;1;0;1;2;-23,50162795;-46,56365091;SPRF-SP;DEL01-SP;UOP01-DEL01-SP;;;
668056;18/03/2025;ter�a-feira;15:15:00;MG;267;212,2;BOM JARDIM DE MINAS;Condutor Dormindo;Sa�da de leito carro��vel;Com V�timas Feridas;Pleno dia;Crescente;Nublado;Simples;"Curva;Declive";N�o;3;0;3;0;0;0;3;1;-21,94794163;-44,18465137;SPRF-MG;DEL05-MG;UOP01-DEL05-MG;;;
668058;18/03/2025;ter�a-feira;11:00:00;PE;232;4,4;RECIFE;Rea��o tardia ou ineficiente do condutor;Sa�da de leito carro��vel;Sem V�timas;Pleno dia;Decrescente;C�u Claro;Dupla;Curva;Sim;2;0;0;0;2;0;0;1;-8,06629378;-34,94005322;SPRF-PE;DEL01-PE;UOP01-DEL01-PE;;;
668061;18/03/2025;ter�a-feira;15:50:00;PI;343;591,7;FLORIANO;Manobra de mudan�a de faixa;Colis�o lateral mesmo sentido;Com V�timas Feridas;Pleno dia;Crescente;Sol;Dupla;Reta;Sim;2;0;1;0;1;0;1;2;-6,778833;-43,029212;SPRF-PI;DEL03-PI;UOP01-DEL03-PI;;;
668063;18/03/2025;ter�a-feira;16:00:00;BA;116;421;FEIRA DE SANTANA;Acumulo de �leo sobre o pavimento;Tombamento;Com V�timas Feridas;Pleno dia;Crescente;Nublado;M�ltipla;Reta;Sim;3;0;1;0;1;1;1;2;-12,2190761;-38,96577001;SPRF-BA;DEL02-BA;UOP01-DEL02-BA;;;
668066;18/03/2025;ter�a-feira;16:07:00;CE;116;7;FORTALEZA;Manobra de mudan�a de faixa;Colis�o lateral mesmo sentido;Com V�timas Feridas;Pleno dia;Crescente;C�u Claro;M�ltipla;Reta;N�o;2;0;1;0;1;0;1;2;-3,81300162;-38,50084925;SPRF-CE;DEL01-CE;UOP02-DEL01-CE;;;
668067;18/03/2025;ter�a-feira;16:30:00;SC;282;3,5;FLORIANOPOLIS;Mal s�bito do condutor;Colis�o traseira;Com V�timas Feridas;Pleno dia;Decrescente;Nublado;M�ltipla;Reta;Sim;2;0;2;0;0;0;2;2;-27,60254521;-48,59799296;SPRF-SC;DEL01-SC;UOP01-DEL01-SC;;;
668068;18/03/2025;ter�a-feira;15:45:00;GO;153;172;CAMPINORTE;Convers�o proibida;Queda de ocupante de ve�culo;Com V�timas Feridas;Pleno dia;Decrescente;C�u Claro;Simples;Reta;Sim;1;0;1;0;0;0;1;1;-14,28530301;-49,1496563;SPRF-GO;DEL07-GO;UOP02-DEL07-GO;;;
668069;04/03/2025;ter�a-feira;17:20:00;MS;60;417,9;SIDROLANDIA;Acessar a via sem observar a presen�a dos outros ve�culos;Sa�da de leito carro��vel;Com V�timas Feridas;Anoitecer;Crescente;Sol;Simples;Reta;Sim;3;0;1;1;1;0;2;2;-20,899237;-54,905193;SPRF-MS;DEL01-MS;UOP04-DEL01-MS;;;
668072;18/03/2025;ter�a-feira;17:30:00;PE;101;69;RECIFE;Condutor deixou de manter dist�ncia do ve�culo da frente;Queda de ocupante de ve�culo;Com V�timas Feridas;Pleno dia;Crescente;C�u Claro;Dupla;Reta;N�o;2;0;1;0;0;1;1;2;-8,0639933;-34,9447167;SPRF-PE;DEL01-PE;UOP01-DEL01-PE;;;
668073;18/03/2025;ter�a-feira;16:50:00;SC;101;120;ITAJAI;Acessar a via sem observar a presen�a dos outros ve�culos;Colis�o transversal;Com V�timas Feridas;Pleno dia;Decrescente;Chuva;Dupla;Reta;Sim;2;0;1;0;1;0;1;2;-26,91372141;-48,71121168;SPRF-SC;DEL04-SC;UOP04-DEL04-SC;;;
668074;18/03/2025;ter�a-feira;16:17:00;MG;381;478;CONTAGEM;Manobra de mudan�a de faixa;Colis�o lateral mesmo sentido;Sem V�timas;Pleno dia;Decrescente;Nublado;M�ltipla;"Aclive;Reta";Sim;2;0;0;0;2;0;0;2;-19,96177753;-44,03874725;SPRF-MG;DEL01-MG;UOP03-DEL01-MG;;;
668075;18/03/2025;ter�a-feira;12:15:00;SC;280;23,8;ARAQUARI;Acessar a via sem observar a presen�a dos outros ve�culos;Colis�o transversal;Com V�timas Feridas;Pleno dia;Decrescente;Nublado;Simples;"Em Obras;Interse��o de Vias;Reta";Sim;2;0;0;1;1;0;1;2;-26,376607;-48,71871114;SPRF-SC;DEL03-SC;UOP03-DEL03-SC;;;
668076;18/03/2025;ter�a-feira;17:15:00;RS;392;21,6;RIO GRANDE;Demais falhas mec�nicas ou el�tricas;Inc�ndio;Sem V�timas;Pleno dia;Crescente;C�u Claro;Dupla;Reta;Sim;2;0;0;0;2;0;0;1;-32,089175;-52,214178;SPRF-RS;DEL07-RS;UOP02-DEL07-RS;;;
668079;18/03/2025;ter�a-feira;16:10:00;MA;226;6,6;TIMON;Acesso irregular;Colis�o transversal;Com V�timas Feridas;Pleno dia;Crescente;C�u Claro;Simples;Reta;N�o;4;0;1;0;3;0;1;2;-5,13420283;-42,87110802;SPRF-MA;DEL03-MA;UOP02-DEL03-MA;;;
668080;18/03/2025;ter�a-feira;18:00:00;ES;101;126;SOORETAMA;Transitar na contram�o;Colis�o com objeto;Com V�timas Feridas;Anoitecer;Crescente;C�u Claro;Simples;"Aclive;Reta";N�o;2;0;1;0;0;1;1;2;-19,19870499;-40,09587049;SPRF-ES;DEL04-ES;UOP01-DEL04-ES;;;
668084;18/03/2025;ter�a-feira;18:30:00;GO;153;504;APARECIDA DE GOIANIA;Acessar a via sem observar a presen�a dos outros ve�culos;Colis�o transversal;Com V�timas Feridas;Plena Noite;Decrescente;C�u Claro;Dupla;Aclive;Sim;2;0;1;0;1;0;1;2;-16,739217;-49,242236;SPRF-GO;DEL01-GO;UOP01-DEL01-GO;;;
668085;02/03/2025;domingo;10:00:00;MG;40;634,3;CONSELHEIRO LAFAIETE;Acessar a via sem observar a presen�a dos outros ve�culos;Colis�o transversal;Com V�timas Feridas;Pleno dia;Decrescente;Sol;Simples;Curva;N�o;2;0;0;1;1;0;1;2;-20,69519981;-43,79006445;SPRF-MG;DEL05-MG;UOP02-DEL05-MG;;;
668087;18/03/2025;ter�a-feira;18:00:00;PR;476;180,8;CONTENDA;Velocidade Incompat�vel;Sa�da de leito carro��vel;Com V�timas Feridas;Anoitecer;Crescente;Chuva;Simples;Curva;N�o;1;0;1;0;0;0;1;1;-25,711032;-49,606053;SPRF-PR;DEL01-PR;UOP06-DEL01-PR;;;
668088;18/03/2025;ter�a-feira;17:40:00;SC;101;180;BIGUACU;Condutor deixou de manter dist�ncia do ve�culo da frente;Colis�o traseira;Com V�timas Feridas;Anoitecer;Decrescente;Chuva;Dupla;Reta;Sim;2;0;1;0;1;0;1;2;-27,384415;-48,631072;SPRF-SC;DEL01-SC;UOP01-DEL01-SC;;;
668090;18/03/2025;ter�a-feira;17:32:00;MT;364;204;RONDONOPOLIS;Acumulo de �leo sobre o pavimento;Tombamento;Com V�timas Feridas;Pleno dia;Crescente;Nublado;Dupla;Curva;Sim;1;0;1;0;0;0;1;1;-16,463642;-54,658808;SPRF-MT;DEL02-MT;UOP01-DEL02-MT;;;
668094;18/03/2025;ter�a-feira;18:45:00;PR;476;148;ARAUCARIA;Manobra de mudan�a de faixa;Colis�o lateral mesmo sentido;Com V�timas Feridas;Anoitecer;Decrescente;Garoa/Chuvisco;Dupla;"Reta;Declive";N�o;2;0;1;0;1;0;1;2;-25,55719243;-49,34911619;SPRF-PR;DEL01-PR;UOP06-DEL01-PR;;;
668096;18/03/2025;ter�a-feira;09:50:00;SE;235;5,7;NOSSA SENHORA DO SOCORRO;Condutor deixou de manter dist�ncia do ve�culo da frente;Colis�o traseira;Com V�timas Feridas;Pleno dia;Decrescente;C�u Claro;Dupla;Reta;N�o;2;0;1;0;1;0;1;2;-10,90458931;-37,12624133;SPRF-SE;DEL01-SE;UOP01-DEL01-SE;;;
668099;18/03/2025;ter�a-feira;18:10:00;PI;135;352;BOM JESUS;Rea��o tardia ou ineficiente do condutor;Colis�o traseira;Com V�timas Feridas;Anoitecer;Crescente;C�u Claro;Dupla;Reta;Sim;2;0;1;0;1;0;1;2;-9,076725;-44,359502;SPRF-PI;DEL03-PI;UOP02-DEL03-PI;;;
668103;18/03/2025;ter�a-feira;18:15:00;MG;381;479,5;BETIM;Aus�ncia de rea��o do condutor;Tombamento;Com V�timas Feridas;Anoitecer;Decrescente;Chuva;Dupla;"Reta;Declive";Sim;1;0;1;0;0;0;1;1;-19,97018187;-44,18210416;SPRF-MG;DEL01-MG;UOP03-DEL01-MG;;;
668105;18/03/2025;ter�a-feira;19:20:00;SC;101;148;ITAPEMA;Chuva;Tombamento;Com V�timas Feridas;Plena Noite;Crescente;Nublado;M�ltipla;Reta;Sim;2;0;1;0;1;0;1;1;-27,10414155;-48,61663163;SPRF-SC;DEL04-SC;UOP03-DEL04-SC;;;
668107;18/03/2025;ter�a-feira;18:48:00;MG;40;544,6;NOVA LIMA;Condutor deixou de manter dist�ncia do ve�culo da frente;Colis�o traseira;Com V�timas Feridas;Plena Noite;Decrescente;Chuva;Dupla;"Curva;Aclive";Sim;4;0;2;0;2;0;2;2;-20,006803;-43,964133;SPRF-MG;DEL01-MG;UOP02-DEL01-MG;;;
668108;18/03/2025;ter�a-feira;19:40:00;GO;60;38;GOIANIA;Aus�ncia de rea��o do condutor;Queda de ocupante de ve�culo;Com V�timas Feridas;Plena Noite;Decrescente;C�u Claro;Dupla;Reta;Sim;1;0;0;1;0;0;1;1;-16,74829;-49,34152;SPRF-GO;DEL01-GO;UOP02-DEL01-GO;;;
668109;18/03/2025;ter�a-feira;18:30:00;RS;471;157;SANTA CRUZ DO SUL;Demais falhas mec�nicas ou el�tricas;Inc�ndio;Sem V�timas;Pleno dia;Crescente;C�u Claro;Simples;Reta;N�o;1;0;0;0;1;0;0;1;-29,835725;-52,397572;SPRF-RS;DEL02-RS;UOP03-DEL02-RS;;;
668110;18/03/2025;ter�a-feira;19:30:00;CE;116;2,6;FORTALEZA;Manobra de mudan�a de faixa;Colis�o lateral mesmo sentido;Com V�timas Feridas;Plena Noite;Crescente;C�u Claro;M�ltipla;Reta;Sim;2;0;1;0;1;0;1;2;-3,739762;-38,593227;SPRF-CE;DEL01-CE;UOP02-DEL01-CE;;;
668111;18/03/2025;ter�a-feira;19:10:00;MS;463;0,3;DOURADOS;Acessar a via sem observar a presen�a dos outros ve�culos;Colis�o transversal;Com V�timas Feridas;Plena Noite;Decrescente;C�u Claro;Simples;Reta;Sim;2;0;1;0;1;0;1;2;-22,25907785;-54,8061114;SPRF-MS;DEL04-MS;UOP01-DEL04-MS;;;
668112;18/03/2025;ter�a-feira;18:30:00;RS;116;150;CAXIAS DO SUL;Condutor desrespeitou a ilumina��o vermelha do sem�foro;Colis�o transversal;Sem V�timas;Pleno dia;Crescente;C�u Claro;M�ltipla;Interse��o de Vias;Sim;2;0;0;0;2;0;0;2;-29,17035071;-51,15935856;SPRF-RS;DEL05-RS;UOP01-DEL05-RS;;;
668113;18/03/2025;ter�a-feira;18:20:00;MG;381;154;GOVERNADOR VALADARES;Acessar a via sem observar a presen�a dos outros ve�culos;Colis�o frontal;Com V�timas Feridas;Plena Noite;Crescente;C�u Claro;Simples;Reta;Sim;2;0;0;1;1;0;1;2;-18,84683747;-41,98150635;SPRF-MG;DEL06-MG;UOP01-DEL06-MG;;;
668117;18/03/2025;ter�a-feira;19:30:00;RJ;493;0;ITABORAI;Rea��o tardia ou ineficiente do condutor;Colis�o lateral sentido oposto;Com V�timas Feridas;Plena Noite;Crescente;C�u Claro;Simples;Reta;Sim;2;0;0;1;1;0;1;2;-22,76813746;-42,92243293;SPRF-RJ;DEL02-RJ;UOP02-DEL02-RJ;;;
668118;18/03/2025;ter�a-feira;18:00:00;MG;40;274;TRES MARIAS;Rea��o tardia ou ineficiente do condutor;Colis�o traseira;Sem V�timas;Anoitecer;Crescente;C�u Claro;Simples;Reta;N�o;2;0;0;0;2;0;0;2;-18,19451157;-45,24255568;SPRF-MG;DEL14-MG;UOP02-DEL14-MG;;;
668119;18/03/2025;ter�a-feira;19:05:00;RS;290;59;GRAVATAI;Aus�ncia de rea��o do condutor;Colis�o traseira;Com V�timas Feridas;Plena Noite;Decrescente;C�u Claro;M�ltipla;Reta;N�o;3;0;2;0;1;0;2;2;-29,92506732;-50,85847909;SPRF-RS;DEL03-RS;UOP01-DEL03-RS;;;
668120;18/03/2025;ter�a-feira;19:10:00;RO;364;244,4;CACOAL;Rea��o tardia ou ineficiente do condutor;Colis�o traseira;Com V�timas Fatais;Plena Noite;Crescente;Nublado;Simples;Reta;N�o;3;1;0;1;0;1;1;3;-11,43997;-61,510027;SPRF-RO;DEL02-RO;UOP02-DEL02-RO;;;
668121;18/03/2025;ter�a-feira;18:50:00;MA;316;259;SANTA INES;Aus�ncia de rea��o do condutor;Colis�o transversal;Com V�timas Feridas;Plena Noite;Crescente;C�u Claro;M�ltipla;"Interse��o de Vias;Reta";Sim;2;0;0;1;1;0;1;2;-3,66521464;-45,38314819;SPRF-MA;DEL02-MA;UOP01-DEL02-MA;;;
668122;04/03/2025;ter�a-feira;17:30:00;RN;101;81;NATAL;Ingest�o de �lcool pelo condutor;Colis�o lateral mesmo sentido;Com V�timas Feridas;Pleno dia;Decrescente;C�u Claro;Dupla;Reta;Sim;2;0;1;0;1;0;1;2;-5,76665567;-35,27780192;SPRF-RN;DEL02-RN;UOP01-DEL02-RN;;;
668123;18/03/2025;ter�a-feira;19:25:00;AL;424;96;MARECHAL DEODORO;Demais falhas mec�nicas ou el�tricas;Inc�ndio;Sem V�timas;Plena Noite;Crescente;C�u Claro;Simples;Reta;N�o;1;0;0;0;1;0;0;1;-9,66276902;-35,8495608;SPRF-AL;DEL02-AL;UOP01-DEL02-AL;;;
668124;18/03/2025;ter�a-feira;20:00:00;PE;232;125;CARUARU;Entrada inopinada do pedestre;Atropelamento de Pedestre;Com V�timas Fatais;Plena Noite;Crescente;C�u Claro;Dupla;Reta;N�o;4;1;0;0;3;0;0;2;-8,308548;-35,946931;SPRF-PE;DEL02-PE;UOP01-DEL02-PE;;;
668125;18/03/2025;ter�a-feira;18:55:00;PI;343;297,6;ALTOS;Animais na Pista;Atropelamento de Animal;Com V�timas Feridas;Plena Noite;Crescente;Chuva;Dupla;Reta;N�o;3;0;2;0;1;0;2;1;-4,99068858;-42,39370225;SPRF-PI;DEL01-PI;UOP03-DEL01-PI;;;
668127;18/03/2025;ter�a-feira;20:00:00;GO;153;498;GOIANIA;Aus�ncia de rea��o do condutor;Colis�o traseira;Com V�timas Feridas;Plena Noite;Crescente;Nublado;Dupla;Reta;Sim;2;0;1;0;0;1;1;2;-16,69034;-49,232826;SPRF-GO;DEL01-GO;UOP01-DEL01-GO;;;
668128;18/03/2025;ter�a-feira;18:10:00;MS;158;63,3;PARANAIBA;Avarias e/ou desgaste excessivo no pneu;Tombamento;Com V�timas Feridas;Plena Noite;Crescente;C�u Claro;Simples;Reta;N�o;1;0;0;1;0;0;1;1;-19,451479;-51,349354;SPRF-MS;DEL08-MS;UOP01-DEL08-MS;;;
668129;18/03/2025;ter�a-feira;21:05:00;RS;386;391;TRIUNFO;Pedestre andava na pista;Atropelamento de Pedestre;Com V�timas Feridas;Plena Noite;Crescente;C�u Claro;Simples;Reta;N�o;3;0;0;1;2;0;1;2;-29,7035701;-51,6572902;SPRF-RS;DEL04-RS;UOP02-DEL04-RS;;;
668131;18/03/2025;ter�a-feira;21:30:00;CE;116;35,7;AQUIRAZ;Acessar a via sem observar a presen�a dos outros ve�culos;Colis�o traseira;Com V�timas Fatais;Plena Noite;Crescente;C�u Claro;Dupla;Reta;N�o;3;1;0;1;1;0;1;3;-4,05943209;-38,5044122;SPRF-CE;DEL01-CE;UOP02-DEL01-CE;;;
668132;18/03/2025;ter�a-feira;20:00:00;RJ;40;115;DUQUE DE CAXIAS;Rea��o tardia ou ineficiente do condutor;Colis�o lateral mesmo sentido;Com V�timas Feridas;Pleno dia;Decrescente;C�u Claro;M�ltipla;Reta;N�o;2;0;2;0;0;0;2;2;-22,7347318;-43,28843418;SPRF-RJ;DEL01-RJ;UOP02-DEL01-RJ;;;
668133;18/03/2025;ter�a-feira;20:25:00;RJ;465;13;SEROPEDICA;Rea��o tardia ou ineficiente do condutor;Colis�o transversal;Com V�timas Feridas;Plena Noite;Crescente;Garoa/Chuvisco;Simples;Reta;Sim;2;0;0;1;1;0;1;2;-22,80253638;-43,64229262;SPRF-RJ;DEL06-RJ;UOP02-DEL06-RJ;;;
668134;18/03/2025;ter�a-feira;20:00:00;SP;116;53;LORENA;Aus�ncia de rea��o do condutor;Colis�o transversal;Com V�timas Feridas;Plena Noite;Decrescente;Chuva;Dupla;Retorno Regulamentado;Sim;2;0;1;0;1;0;1;2;-22,7526106;-45,1060275;SPRF-SP;DEL08-SP;UOP02-DEL08-SP;;;
668135;18/03/2025;ter�a-feira;15:45:00;RJ;393;234;VASSOURAS;Rea��o tardia ou ineficiente do condutor;Colis�o com objeto;Com V�timas Feridas;Pleno dia;Decrescente;C�u Claro;Simples;Interse��o de Vias;Sim;2;0;1;0;1;0;1;1;-22,40076515;-43,66383177;SPRF-RJ;DEL05-RJ;UOP03-DEL05-RJ;;;
668136;18/03/2025;ter�a-feira;18:30:00;RO;421;57,4;MONTE NEGRO;Transitar na contram�o;Colis�o frontal;Com V�timas Feridas;Anoitecer;Crescente;Garoa/Chuvisco;Simples;Reta;N�o;2;0;0;2;0;0;2;2;-10,31973253;-63,33360672;SPRF-RO;DEL03-RO;UOP01-DEL03-RO;;;
668137;18/03/2025;ter�a-feira;21:20:00;PR;376;137,3;NOVA ESPERANCA;Desvio tempor�rio;Colis�o frontal;Com V�timas Feridas;Plena Noite;Crescente;C�u Claro;Simples;"Desvio Tempor�rio;Reta";N�o;4;0;1;3;0;0;4;2;-23,2088826;-52,1934118;SPRF-PR;DEL09-PR;UOP02-DEL09-PR;;;
668138;18/03/2025;ter�a-feira;20:58:00;SC;280;22,8;ARAQUARI;Acessar a via sem observar a presen�a dos outros ve�culos;Atropelamento de Pedestre;Com V�timas Feridas;Plena Noite;Crescente;Nublado;Simples;"Interse��o de Vias;Rotat�ria;Curva";Sim;2;0;1;0;1;0;1;2;-26,372027;-48,712476;SPRF-SC;DEL03-SC;UOP03-DEL03-SC;;;
668139;18/03/2025;ter�a-feira;20:20:00;PR;376;432;TIBAGI;Chuva;Queda de ocupante de ve�culo;Com V�timas Feridas;Plena Noite;Crescente;Chuva;Dupla;Reta;N�o;1;0;0;1;0;0;1;1;-24,755072;-50,5347;SPRF-PR;DEL03-PR;UOP02-DEL03-PR;;;
668143;18/03/2025;ter�a-feira;23:50:00;SP;116;53;LORENA;Aus�ncia de rea��o do condutor;Colis�o frontal;Com V�timas Feridas;Plena Noite;Crescente;Chuva;Dupla;Rotat�ria;Sim;2;0;1;1;0;0;2;2;-22,74610576;-45,09922028;SPRF-SP;DEL08-SP;UOP02-DEL08-SP;;;
668144;18/03/2025;ter�a-feira;21:00:00;PI;343;647;JERUMENHA;Animais na Pista;Atropelamento de Animal;Com V�timas Feridas;Plena Noite;Crescente;C�u Claro;Simples;Reta;N�o;1;0;1;0;0;0;1;1;-7,047165;-43,429423;SPRF-PI;DEL03-PI;UOP01-DEL03-PI;;;
668149;19/03/2025;quarta-feira;01:30:00;DF;70;17;BRASILIA;Ingest�o de �lcool pelo condutor;Colis�o traseira;Com V�timas Feridas;Plena Noite;Crescente;C�u Claro;Dupla;Reta;Sim;3;0;1;0;2;0;1;2;-15,7921927;-48,20722103;SPRF-DF;DEL03-DF;UOP02-DEL03-DF;;;
668152;19/03/2025;quarta-feira;02:58:00;RS;116;248;SAO LEOPOLDO;Velocidade Incompat�vel;Sa�da de leito carro��vel;Com V�timas Fatais;Plena Noite;Decrescente;C�u Claro;Simples;"Curva;Interse��o de Vias";Sim;3;2;0;0;0;1;0;2;-29,77755181;-51,1551708;SPRF-RS;DEL01-RS;UOP02-DEL01-RS;;;
668155;19/03/2025;quarta-feira;00:40:00;RJ;40;24;TRES RIOS;Pista Escorregadia;Queda de ocupante de ve�culo;Com V�timas Fatais;Plena Noite;Decrescente;Chuva;Dupla;Reta;N�o;1;1;0;0;0;0;0;1;-22,15270232;-43,15730095;SPRF-RJ;DEL05-RJ;UOP02-DEL05-RJ;;;