id;data_inversa;dia_semana;horario;uf;br;km;municipio;causa_acidente;tipo_acidente;classificacao_acidente;fase_dia;sentido_via;condicao_metereologica;tipo_pista;tracado_via;uso_solo;pessoas;mortos;feridos_leves;feridos_graves;ilesos;ignorados;feridos;veiculos;latitude;longitude;regional;delegacia;uop;;;
668157;19/03/2025;quarta-feira;05:32:00;SP;381;65;MAIRIPORA;Condutor deixou de manter dist�ncia do ve�culo da frente;Colis�o traseira;Com V�timas Feridas;Amanhecer;Decrescente;C�u Claro;Dupla;Reta;N�o;4;0;1;0;3;0;1;1;-23,31448819;-46,5822869;SPRF-SP;DEL03-SP;UOP01-DEL03-SP;;;
668160;19/03/2025;quarta-feira;06:19:00;SC;282;215,5;LAGES;Acessar a via sem observar a presen�a dos outros ve�culos;Colis�o transversal;Com V�timas Feridas;Amanhecer;Decrescente;C�u Claro;Simples;Rotat�ria;Sim;2;0;1;0;1;0;1;2;-27,79468212;-50,28462475;SPRF-SC;DEL05-SC;UOP01-DEL05-SC;;;
668161;19/03/2025;quarta-feira;05:50:00;GO;414;432,9;ANAPOLIS;Defici�ncia do Sistema de Ilumina��o/Sinaliza��o;Colis�o traseira;Com V�timas Fatais;Amanhecer;Crescente;C�u Claro;Simples;Reta;N�o;3;1;0;0;0;2;0;3;-16,2214967;-48,9228567;SPRF-GO;DEL02-GO;UOP01-DEL02-GO;;;
668162;18/03/2025;ter�a-feira;18:20:00;MG;40;43,1;PARACATU;Convers�o proibida;Colis�o transversal;Com V�timas Feridas;Plena Noite;Decrescente;Nublado;Simples;Reta;Sim;3;0;2;0;0;1;2;2;-17,227;-46,86;SPRF-MG;DEL14-MG;UOP01-DEL14-MG;;;
668163;19/03/2025;quarta-feira;04:00:00;SP;153;65,3;SAO JOSE DO RIO PRETO;Aus�ncia de rea��o do condutor;Sa�da de leito carro��vel;Sem V�timas;Plena Noite;Crescente;Nublado;Dupla;Reta;N�o;1;0;0;0;0;1;0;1;-20,83936351;-49,36856643;SPRF-SP;DEL09-SP;UOP01-DEL09-SP;;;
668165;19/03/2025;quarta-feira;07:00:00;SC;101;134;BALNEARIO CAMBORIU;Acessar a via sem observar a presen�a dos outros ve�culos;Colis�o transversal;Com V�timas Feridas;Pleno dia;Decrescente;C�u Claro;Simples;"Interse��o de Vias;Reta";Sim;3;0;1;0;1;1;1;2;-27,00295;-48,63443;SPRF-SC;DEL04-SC;UOP03-DEL04-SC;;;
668166;19/03/2025;quarta-feira;07:10:00;SC;101;132,6;BALNEARIO CAMBORIU;Condutor deixou de manter dist�ncia do ve�culo da frente;Colis�o lateral mesmo sentido;Com V�timas Feridas;Pleno dia;Crescente;Sol;Dupla;"Interse��o de Vias;Reta";Sim;3;0;2;0;1;0;2;2;-26,9988;-48,64902;SPRF-SC;DEL04-SC;UOP03-DEL04-SC;;;
668168;19/03/2025;quarta-feira;06:40:00;RJ;116;184;NOVA IGUACU;Manobra de mudan�a de faixa;Colis�o traseira;Com V�timas Feridas;Pleno dia;Decrescente;C�u Claro;M�ltipla;Reta;N�o;2;0;1;0;1;0;1;2;-22,74890045;-43,44287574;SPRF-RJ;DEL06-RJ;UOP01-DEL06-RJ;;;
668169;19/03/2025;quarta-feira;01:00:00;PR;277;230;TEIXEIRA SOARES;Aus�ncia de rea��o do condutor;Capotamento;Sem V�timas;Plena Noite;Crescente;Nublado;Simples;Curva;N�o;1;0;0;0;1;0;0;1;-25,386;-50,468;SPRF-PR;DEL08-PR;UOP02-DEL08-PR;;;
668170;19/03/2025;quarta-feira;06:49:00;PB;230;20;JOAO PESSOA;Condutor deixou de manter dist�ncia do ve�culo da frente;Colis�o traseira;Com V�timas Feridas;Pleno dia;Decrescente;Nublado;Dupla;Reta;N�o;3;0;2;0;1;0;2;2;-7,138218;-34,852963;SPRF-PB;DEL01-PB;UOP01-DEL01-PB;;;
668171;19/03/2025;quarta-feira;00:20:00;PR;277;216,8;TEIXEIRA SOARES;Manobra de mudan�a de faixa;Colis�o lateral mesmo sentido;Sem V�timas;Pleno dia;Decrescente;C�u Claro;Simples;Reta;N�o;1;0;0;0;0;1;0;1;-25,468;-50,479;SPRF-PR;DEL08-PR;UOP02-DEL08-PR;;;
668174;19/03/2025;quarta-feira;07:20:00;PR;376;182,2;SARANDI;Trafegar com motocicleta (ou similar) entre as faixas;Colis�o lateral mesmo sentido;Com V�timas Feridas;Pleno dia;Crescente;C�u Claro;Dupla;Reta;Sim;2;0;1;0;1;0;1;2;-23,433674;-51,884078;SPRF-PR;DEL09-PR;UOP01-DEL09-PR;;;
668175;19/03/2025;quarta-feira;07:40:00;RJ;116;174;SAO JOAO DE MERITI;Trafegar com motocicleta (ou similar) entre as faixas;Colis�o lateral mesmo sentido;Com V�timas Feridas;Pleno dia;Decrescente;C�u Claro;M�ltipla;Reta;Sim;2;0;1;0;1;0;1;2;-22,77990542;-43,3931154;SPRF-RJ;DEL06-RJ;UOP01-DEL06-RJ;;;
668176;19/03/2025;quarta-feira;05:30:00;MT;70;281;PRIMAVERA DO LESTE;Acessar a via sem observar a presen�a dos outros ve�culos;Colis�o transversal;Com V�timas Feridas;Amanhecer;Decrescente;C�u Claro;Simples;Rotat�ria;Sim;2;0;1;0;1;0;1;2;-15,56258416;-54,29615971;SPRF-MT;DEL05-MT;UOP01-DEL05-MT;;;
668177;12/02/2025;quarta-feira;19:20:00;DF;20;24,6;BRASILIA;Manobra de mudan�a de faixa;Sa�da de leito carro��vel;Com V�timas Feridas;Plena Noite;Crescente;C�u Claro;Dupla;Curva;Sim;1;0;1;0;0;0;1;1;-15,594831;-47,658615;SPRF-DF;DEL02-DF;UOP01-DEL02-DF;;;
668179;19/03/2025;quarta-feira;08:10:00;RS;116;262;CANOAS;Condutor deixou de manter dist�ncia do ve�culo da frente;Colis�o traseira;Com V�timas Feridas;Pleno dia;Crescente;C�u Claro;Dupla;Reta;Sim;2;0;1;0;1;0;1;2;-29,89447013;-51,17637634;SPRF-RS;DEL01-RS;UOP01-DEL01-RS;;;
668180;19/03/2025;quarta-feira;07:35:00;PI;343;311,4;TERESINA;Transitar no Acostamento;Atropelamento de Pedestre;Com V�timas Feridas;Pleno dia;Crescente;C�u Claro;Simples;Reta;N�o;3;0;0;1;0;2;1;2;-5,0593792;-42,68032;SPRF-PI;DEL01-PI;UOP01-DEL01-PI;;;
668181;19/03/2025;quarta-feira;07:37:00;SC;280;26;ARAQUARI;Acessar a via sem observar a presen�a dos outros ve�culos;Colis�o transversal;Com V�timas Feridas;Pleno dia;Crescente;C�u Claro;Simples;Reta;Sim;2;0;1;0;1;0;1;2;-26,39009605;-48,73449141;SPRF-SC;DEL03-SC;UOP03-DEL03-SC;;;
668182;19/03/2025;quarta-feira;07:30:00;RS;392;67;PELOTAS;Desrespeitar a prefer�ncia no cruzamento;Colis�o transversal;Com V�timas Feridas;Pleno dia;Decrescente;C�u Claro;Simples;Interse��o de Vias;Sim;4;0;2;0;2;0;2;2;-31,75634222;-52,40040779;SPRF-RS;DEL07-RS;UOP01-DEL07-RS;;;
668183;19/03/2025;quarta-feira;08:00:00;GO;153;496;GOIANIA;Condutor deixou de manter dist�ncia do ve�culo da frente;Colis�o traseira;Com V�timas Feridas;Pleno dia;Decrescente;C�u Claro;Dupla;Reta;Sim;2;0;0;1;1;0;1;2;-16,613376;-49,1618304;SPRF-GO;DEL01-GO;UOP01-DEL01-GO;;;
668184;19/03/2025;quarta-feira;07:10:00;RJ;116;136;DUQUE DE CAXIAS;Ultrapassagem Indevida;Colis�o lateral mesmo sentido;Com V�timas Feridas;Pleno dia;Crescente;C�u Claro;Dupla;Reta;Sim;3;0;1;0;1;1;1;2;-22,64720511;-43,22145081;SPRF-RJ;DEL04-RJ;UOP02-DEL04-RJ;;;
668187;19/03/2025;quarta-feira;07:40:00;PE;101;65;RECIFE;Condutor deixou de manter dist�ncia do ve�culo da frente;Colis�o traseira;Com V�timas Feridas;Pleno dia;Crescente;C�u Claro;Dupla;Reta;Sim;3;0;2;0;1;0;2;2;-8,02770024;-34,94286351;SPRF-PE;DEL01-PE;UOP01-DEL01-PE;;;
668188;19/03/2025;quarta-feira;07:10:00;MS;163;475,7;CAMPO GRANDE;Acessar a via sem observar a presen�a dos outros ve�culos;Colis�o transversal;Com V�timas Feridas;Pleno dia;Decrescente;C�u Claro;Simples;"Interse��o de Vias;Reta";Sim;3;0;3;0;0;0;3;2;-20,51406;-54,56254;SPRF-MS;DEL01-MS;UOP01-DEL01-MS;;;
668191;19/03/2025;quarta-feira;08:40:00;RJ;101;472;ANGRA DOS REIS;Aus�ncia de rea��o do condutor;Colis�o traseira;Com V�timas Feridas;Pleno dia;Crescente;C�u Claro;Simples;Reta;Sim;2;0;0;1;1;0;1;2;-22,9900288;-44,2400768;SPRF-RJ;DEL03-RJ;UOP03-DEL03-RJ;;;
668196;19/03/2025;quarta-feira;09:00:00;PE;407;127;PETROLINA;Acessar a via sem observar a presen�a dos outros ve�culos;Colis�o frontal;Sem V�timas;Pleno dia;Crescente;C�u Claro;Simples;"Em Obras;Reta";Sim;2;0;0;0;2;0;0;2;-9,3925232;-40,516133;SPRF-PE;DEL06-PE;UOP01-DEL06-PE;;;
668198;14/03/2025;sexta-feira;18:22:00;RN;101;112;SAO JOSE DE MIPIBU;Avarias e/ou desgaste excessivo no pneu;Tombamento;Com V�timas Feridas;Plena Noite;Decrescente;C�u Claro;Dupla;"Declive;Reta";N�o;3;0;1;1;0;1;2;2;-5,963065;-35,264763;SPRF-RN;DEL01-RN;UOP01-DEL01-RN;;;
668199;19/03/2025;quarta-feira;07:00:00;PB;230;474;SOUSA;Condutor Dormindo;Sa�da de leito carro��vel;Sem V�timas;Amanhecer;Crescente;Nublado;Simples;Reta;N�o;1;0;0;0;0;1;0;1;-6,81835243;-38,31052958;SPRF-PB;DEL03-PB;UOP03-DEL03-PB;;;
668200;19/03/2025;quarta-feira;09:10:00;PR;277;25,1;MORRETES;Demais falhas mec�nicas ou el�tricas;Colis�o com objeto;Com V�timas Feridas;Pleno dia;Decrescente;Sol;Dupla;"Reta;Declive";N�o;2;0;1;0;1;0;1;1;-25,533392;-48,756398;SPRF-PR;DEL01-PR;UOP05-DEL01-PR;;;
668202;19/03/2025;quarta-feira;06:30:00;RJ;40;7;COMENDADOR LEVY GASPARIAN;Aus�ncia de rea��o do condutor;Queda de ocupante de ve�culo;Com V�timas Feridas;Pleno dia;Decrescente;Garoa/Chuvisco;Dupla;Curva;N�o;1;0;1;0;0;0;1;1;-22,04447959;-43,21939811;SPRF-RJ;DEL05-RJ;UOP02-DEL05-RJ;;;
668203;19/03/2025;quarta-feira;08:54:00;GO;40;2;VALPARAISO DE GOIAS;Frear bruscamente;Engavetamento;Sem V�timas;Pleno dia;Crescente;C�u Claro;Dupla;Reta;Sim;3;0;0;0;3;0;0;3;-16,067717;-47,984357;SPRF-DF;DEL01-DF;UOP01-DEL01-DF;;;
668206;19/03/2025;quarta-feira;06:40:00;RJ;393;257,9;BARRA DO PIRAI;Velocidade Incompat�vel;Colis�o lateral sentido oposto;Sem V�timas;Amanhecer;Decrescente;Nublado;Simples;Curva;N�o;7;0;0;0;7;0;0;2;-22,4656093;-43,85673523;SPRF-RJ;DEL05-RJ;UOP04-DEL05-RJ;;;
668207;19/03/2025;quarta-feira;06:45:00;MG;40;695,3;ALFREDO VASCONCELOS;Acumulo de �leo sobre o pavimento;Colis�o com objeto;Com V�timas Feridas;Pleno dia;Decrescente;Chuva;Simples;Curva;Sim;1;0;1;0;0;0;1;1;-21,1654425;-43,75776753;SPRF-MG;DEL05-MG;UOP02-DEL05-MG;;;
668209;18/03/2025;ter�a-feira;04:30:00;SC;282;236;SAO JOSE DO CERRITO;Condutor Dormindo;Sa�da de leito carro��vel;Com V�timas Feridas;Plena Noite;Decrescente;Ignorado;Simples;"Declive;Reta";N�o;1;0;1;0;0;0;1;1;-27,77818973;-50,49822807;SPRF-SC;DEL05-SC;UOP02-DEL05-SC;;;
668210;19/03/2025;quarta-feira;08:00:00;MA;135;12;SAO LUIS;Avarias e/ou desgaste excessivo no pneu;Queda de ocupante de ve�culo;Com V�timas Feridas;Pleno dia;Decrescente;C�u Claro;Dupla;Reta;Sim;1;0;1;0;0;0;1;1;-2,67539;-44,293133;SPRF-MA;DEL01-MA;UOP01-DEL01-MA;;;
668211;19/03/2025;quarta-feira;08:21:00;MT;163;829;SINOP;Retorno proibido;Colis�o transversal;Com V�timas Fatais;Pleno dia;Decrescente;C�u Claro;Simples;Reta;Sim;5;1;1;0;3;0;1;5;-11,90655;-55,50705;SPRF-MT;DEL06-MT;UOP02-DEL06-MT;;;
668212;19/03/2025;quarta-feira;08:00:00;PR;373;178;PONTA GROSSA;Rea��o tardia ou ineficiente do condutor;Sa�da de leito carro��vel;Com V�timas Feridas;Pleno dia;Crescente;C�u Claro;Simples;Curva;N�o;2;0;1;0;1;0;1;1;-25,05063491;-50,23403292;SPRF-PR;DEL03-PR;UOP01-DEL03-PR;;;
668213;19/03/2025;quarta-feira;07:00:00;MG;40;695,3;ALFREDO VASCONCELOS;Acumulo de �leo sobre o pavimento;Sa�da de leito carro��vel;Com V�timas Feridas;Pleno dia;Decrescente;Chuva;Simples;"Declive;Curva";N�o;1;0;1;0;0;0;1;1;-21,16582561;-43,75744812;SPRF-MG;DEL05-MG;UOP02-DEL05-MG;;;
668215;19/03/2025;quarta-feira;10:35:00;RS;290;4;OSORIO;Rea��o tardia ou ineficiente do condutor;Colis�o lateral mesmo sentido;Com V�timas Feridas;Pleno dia;Crescente;C�u Claro;Dupla;"Reta;Desvio Tempor�rio";N�o;2;0;1;0;1;0;1;2;-29,89801866;-50,31705022;SPRF-RS;DEL03-RS;UOP01-DEL03-RS;;;
668216;19/03/2025;quarta-feira;10:25:00;SP;153;61;SAO JOSE DO RIO PRETO;Ingest�o de �lcool pelo condutor;Colis�o com objeto;Com V�timas Feridas;Pleno dia;Decrescente;C�u Claro;Dupla;Reta;Sim;1;0;1;0;0;0;1;1;-20,81935673;-49,35719075;SPRF-SP;DEL09-SP;UOP01-DEL09-SP;;;
668217;19/03/2025;quarta-feira;07:45:00;RS;116;256;ESTEIO;Rea��o tardia ou ineficiente do condutor;Colis�o lateral mesmo sentido;Com V�timas Feridas;Pleno dia;Crescente;C�u Claro;M�ltipla;"Reta;Em Obras";Sim;3;0;1;0;2;0;1;2;-29,84397289;-51,17722988;SPRF-RS;DEL01-RS;UOP02-DEL01-RS;;;
668218;19/03/2025;quarta-feira;07:50:00;MS;163;483;CAMPO GRANDE;Acessar a via sem observar a presen�a dos outros ve�culos;Colis�o lateral mesmo sentido;Com V�timas Feridas;Pleno dia;Decrescente;C�u Claro;Simples;Reta;Sim;2;0;1;0;1;0;1;2;-20,455669;-54,54477;SPRF-MS;DEL01-MS;UOP02-DEL01-MS;;;
668220;19/03/2025;quarta-feira;09:30:00;BA;116;389,1;SANTA BARBARA;Aus�ncia de rea��o do condutor;Colis�o lateral mesmo sentido;Com V�timas Feridas;Pleno dia;Decrescente;Sol;Dupla;Reta;Sim;4;0;1;0;2;1;1;3;-11,952826;-38,976542;SPRF-BA;DEL02-BA;UOP01-DEL02-BA;;;
668222;19/03/2025;quarta-feira;10:35:00;BA;101;741;ITABELA;Rea��o tardia ou ineficiente do condutor;Colis�o traseira;Com V�timas Feridas;Pleno dia;Crescente;C�u Claro;Simples;"Declive;Curva";N�o;5;0;1;0;4;0;1;3;-16,5513483;-39,5718883;SPRF-BA;DEL09-BA;UOP01-DEL09-BA;;;
668223;19/03/2025;quarta-feira;10:40:00;SP;116;488,7;CAJATI;Acessar a via sem observar a presen�a dos outros ve�culos;Colis�o transversal;Com V�timas Feridas;Pleno dia;Decrescente;C�u Claro;Dupla;"Rotat�ria;Retorno Regulamentado;Viaduto";Sim;2;0;1;0;1;0;1;2;-24,7314817;-48,1094806;SPRF-SP;DEL05-SP;UOP01-DEL05-SP;;;
668224;19/03/2025;quarta-feira;10:30:00;PR;277;711;SANTA TEREZINHA DE ITAIPU;Rea��o tardia ou ineficiente do condutor;Colis�o traseira;Com V�timas Feridas;Pleno dia;Crescente;C�u Claro;Dupla;Reta;Sim;2;0;0;1;1;0;1;2;-25,45970478;-54,43536758;SPRF-PR;DEL05-PR;UOP01-DEL05-PR;;;
668226;19/03/2025;quarta-feira;06:50:00;RJ;393;281;VOLTA REDONDA;Acesso irregular;Colis�o lateral sentido oposto;Com V�timas Feridas;Pleno dia;Decrescente;Nublado;Simples;Reta;Sim;2;0;1;0;1;0;1;2;-22,4734201;-44,0593802;SPRF-RJ;DEL05-RJ;UOP04-DEL05-RJ;;;
668227;19/03/2025;quarta-feira;11:15:00;SC;101;328,9;TUBARAO;Manobra de mudan�a de faixa;Colis�o lateral mesmo sentido;Com V�timas Feridas;Pleno dia;Crescente;C�u Claro;M�ltipla;"Reta;Em Obras;Desvio Tempor�rio";Sim;3;0;1;0;2;0;1;2;-28,450973;-48,973202;SPRF-SC;DEL02-SC;UOP01-DEL02-SC;;;
668229;19/03/2025;quarta-feira;10:30:00;RJ;116;311;RESENDE;Avarias e/ou desgaste excessivo no pneu;Tombamento;Com V�timas Feridas;Pleno dia;Crescente;Nublado;Dupla;Reta;Sim;1;0;1;0;0;0;1;1;-22,46117647;-44,44761146;SPRF-RJ;DEL07-RJ;UOP02-DEL07-RJ;;;
668232;19/03/2025;quarta-feira;10:26:00;MT;364;435;VARZEA GRANDE;Aus�ncia de rea��o do condutor;Colis�o traseira;Com V�timas Feridas;Pleno dia;Crescente;Sol;Simples;Reta;Sim;3;0;2;0;1;0;2;2;-15,63949;-56,202536;SPRF-MT;DEL01-MT;UOP02-DEL01-MT;;;
668233;19/03/2025;quarta-feira;12:00:00;PR;277;724,9;FOZ DO IGUACU;Entrada inopinada do pedestre;Atropelamento de Pedestre;Com V�timas Feridas;Pleno dia;Crescente;Sol;Dupla;Reta;Sim;2;0;0;1;1;0;1;2;-25,51070536;-54,55138922;SPRF-PR;DEL05-PR;UOP03-DEL05-PR;;;
668234;19/03/2025;quarta-feira;12:20:00;ES;101;352,7;ANCHIETA;Chuva;Tombamento;Com V�timas Feridas;Pleno dia;Decrescente;Chuva;Dupla;Curva;N�o;1;0;0;1;0;0;1;1;-20,65980756;-40,6487985;SPRF-ES;DEL03-ES;UOP01-DEL03-ES;;;
668238;19/03/2025;quarta-feira;12:50:00;SC;101;211;PALHOCA;Rea��o tardia ou ineficiente do condutor;Colis�o traseira;Com V�timas Feridas;Pleno dia;Decrescente;C�u Claro;M�ltipla;Reta;Sim;2;0;1;0;0;1;1;2;-27,62858;-48,65723;SPRF-SC;DEL01-SC;UOP02-DEL01-SC;;;
668239;19/03/2025;quarta-feira;13:05:00;SP;116;223;GUARULHOS;Condutor deixou de manter dist�ncia do ve�culo da frente;Colis�o lateral mesmo sentido;Com V�timas Feridas;Pleno dia;Decrescente;C�u Claro;M�ltipla;Reta;Sim;2;0;1;0;1;0;1;2;-23,48340065;-46,53636932;SPRF-SP;DEL01-SP;UOP01-DEL01-SP;;;
668240;19/03/2025;quarta-feira;12:31:00;RJ;101;558,7;PARATY;Animais na Pista;Colis�o transversal;Com V�timas Fatais;Pleno dia;Crescente;Nublado;Simples;Curva;N�o;3;1;0;0;2;0;0;2;-23,10178766;-44,70740318;SPRF-RJ;DEL03-RJ;UOP04-DEL03-RJ;;;
668241;19/03/2025;quarta-feira;13:14:00;PR;277;10;PARANAGUA;Objeto est�tico sobre o leito carro��vel;Colis�o com objeto;Sem V�timas;Pleno dia;Decrescente;C�u Claro;Simples;"Retorno Regulamentado;Interse��o de Vias;Curva";N�o;1;0;0;0;1;0;0;1;-25,568266;-48,61639;SPRF-PR;DEL01-PR;UOP05-DEL01-PR;;;
668242;19/03/2025;quarta-feira;12:30:00;PI;343;332,4;TERESINA;Avarias e/ou desgaste excessivo no pneu;Queda de ocupante de ve�culo;Com V�timas Feridas;Pleno dia;Decrescente;C�u Claro;M�ltipla;Reta;N�o;2;0;0;2;0;0;2;1;-5,05638774;-42,68135782;SPRF-PI;DEL01-PI;UOP01-DEL01-PI;;;
668243;07/03/2025;sexta-feira;08:15:00;PR;116;14,1;COLOMBO;Condutor deixou de manter dist�ncia do ve�culo da frente;Colis�o traseira;Com V�timas Feridas;Pleno dia;Crescente;Nublado;Dupla;Reta;Sim;3;0;1;0;2;0;1;3;-25,380723;-49,162053;SPRF-PR;DEL01-PR;UOP02-DEL01-PR;;;
668244;03/03/2025;segunda-feira;18:10:00;ES;262;34;VIANA;Pista Escorregadia;Sa�da de leito carro��vel;Com V�timas Feridas;Plena Noite;Crescente;Chuva;Simples;Curva;N�o;3;0;1;0;2;0;1;3;-20,3827789;-40,4596498;SPRF-ES;DEL01-ES;UOP01-DEL01-ES;;;
668245;15/03/2025;s�bado;19:40:00;RJ;116;82,9;TERESOPOLIS;Velocidade Incompat�vel;Colis�o lateral sentido oposto;Com V�timas Feridas;Plena Noite;Crescente;Chuva;Simples;"Declive;Reta";Sim;3;0;1;0;2;0;1;3;-22,407113;-42,95136;SPRF-RJ;DEL04-RJ;UOP01-DEL04-RJ;;;
668247;19/03/2025;quarta-feira;09:35:00;RS;116;258;ESTEIO;Acumulo de areia ou detritos sobre o pavimento;Tombamento;Com V�timas Feridas;Pleno dia;Decrescente;C�u Claro;Dupla;Reta;Sim;1;0;1;0;0;0;1;1;-29,834805;-51,174748;SPRF-RS;DEL01-RS;UOP02-DEL01-RS;;;
668249;19/03/2025;quarta-feira;13:55:00;SP;116;169,9;JACAREI;Aus�ncia de rea��o do condutor;Colis�o com objeto;Com V�timas Feridas;Pleno dia;Decrescente;Nublado;Dupla;Reta;N�o;1;0;0;1;0;0;1;1;-23,30788533;-46,05030745;SPRF-SP;DEL02-SP;UOP01-DEL02-SP;;;
668250;19/03/2025;quarta-feira;13:15:00;SC;101;330,4;TUBARAO;Condutor deixou de manter dist�ncia do ve�culo da frente;Colis�o traseira;Com V�timas Feridas;Pleno dia;Crescente;C�u Claro;M�ltipla;Reta;N�o;2;0;1;0;1;0;1;2;-28,457615;-48,98545;SPRF-SC;DEL02-SC;UOP01-DEL02-SC;;;
668251;24/02/2025;segunda-feira;08:30:00;BA;324;516;FEIRA DE SANTANA;Acessar a via sem observar a presen�a dos outros ve�culos;Colis�o frontal;Com V�timas Feridas;Pleno dia;Decrescente;C�u Claro;Simples;Reta;Sim;3;0;0;2;1;0;2;2;-12,25402814;-38,93125534;SPRF-BA;DEL02-BA;UOP01-DEL02-BA;;;
668253;19/03/2025;quarta-feira;13:15:00;SP;116;60;GUARATINGUETA;Avarias e/ou desgaste excessivo no pneu;Queda de ocupante de ve�culo;Com V�timas Feridas;Pleno dia;Decrescente;Nublado;Dupla;Reta;Sim;1;0;1;0;0;0;1;1;-22,79492712;-45,16580391;SPRF-SP;DEL08-SP;UOP01-DEL08-SP;;;
668257;19/03/2025;quarta-feira;15:52:00;GO;153;508,4;APARECIDA DE GOIANIA;Demais falhas mec�nicas ou el�tricas;Tombamento;Com V�timas Feridas;Pleno dia;Decrescente;C�u Claro;Dupla;Reta;Sim;3;0;2;0;0;1;2;2;-16,77344822;-49,23770785;SPRF-GO;DEL01-GO;UOP03-DEL01-GO;;;
668258;19/03/2025;quarta-feira;15:25:00;PB;104;89;REMIGIO;Convers�o proibida;Colis�o transversal;Com V�timas Feridas;Pleno dia;Crescente;C�u Claro;Simples;Reta;Sim;2;0;0;1;1;0;1;2;-6,97211653;-35,8042812;SPRF-PB;DEL02-PB;UOP04-DEL02-PB;;;
668259;23/02/2025;domingo;10:00:00;MG;381;520,6;IGARAPE;Velocidade Incompat�vel;Tombamento;Com V�timas Feridas;Pleno dia;Crescente;C�u Claro;Dupla;"Aclive;Curva";N�o;1;0;1;0;0;0;1;1;-20,114539;-44,305585;SPRF-MG;DEL01-MG;UOP03-DEL01-MG;;;
668260;19/03/2025;quarta-feira;13:30:00;PR;476;118;COLOMBO;Acessar a via sem observar a presen�a dos outros ve�culos;Atropelamento de Pedestre;Com V�timas Feridas;Pleno dia;Crescente;C�u Claro;Dupla;Reta;Sim;3;0;1;0;2;0;1;2;-25,35658631;-49,18085936;SPRF-PR;DEL01-PR;UOP01-DEL01-PR;;;
668262;19/03/2025;quarta-feira;13:30:00;CE;222;211;SOBRAL;Manobra de mudan�a de faixa;Sa�da de leito carro��vel;Com V�timas Feridas;Pleno dia;Decrescente;C�u Claro;Simples;Reta;N�o;1;0;1;0;0;0;1;1;-3,7257216;-40,337408;SPRF-CE;DEL04-CE;UOP01-DEL04-CE;;;
668264;19/03/2025;quarta-feira;14:50:00;PI;343;334;TERESINA;Avarias e/ou desgaste excessivo no pneu;Sa�da de leito carro��vel;Com V�timas Feridas;Pleno dia;Decrescente;Nublado;Dupla;Reta;Sim;2;0;1;0;1;0;1;1;-5,06085025;-42,69472718;SPRF-PI;DEL01-PI;UOP01-DEL01-PI;;;
668265;19/03/2025;quarta-feira;15:45:00;MG;381;812,2;CAREACU;Velocidade Incompat�vel;Sa�da de leito carro��vel;Com V�timas Feridas;Pleno dia;Crescente;Nublado;Dupla;"Curva;Declive";N�o;2;0;2;0;0;0;2;1;-22,00782062;-45,67788005;SPRF-MG;DEL16-MG;UOP02-DEL16-MG;;;
668267;19/03/2025;quarta-feira;15:48:00;RN;101;131;NISIA FLORESTA;Demais falhas mec�nicas ou el�tricas;Queda de ocupante de ve�culo;Com V�timas Feridas;Pleno dia;Crescente;C�u Claro;Dupla;Reta;N�o;2;0;2;0;0;0;2;1;-6,132231;-35,228559;SPRF-RN;DEL01-RN;UOP01-DEL01-RN;;;
668268;19/03/2025;quarta-feira;15:50:00;GO;153;580;PROFESSOR JAMIL;Velocidade Incompat�vel;Sa�da de leito carro��vel;Com V�timas Feridas;Pleno dia;Crescente;Chuva;Dupla;Curva;N�o;3;0;2;0;1;0;2;1;-17,37427;-49,2398805;SPRF-GO;DEL03-GO;UOP01-DEL03-GO;;;
668269;14/01/2025;ter�a-feira;15:00:00;MA;226;53;LAJEADO NOVO;Pista esburacada;Queda de ocupante de ve�culo;Com V�timas Feridas;Pleno dia;Crescente;Chuva;Simples;Reta;N�o;1;0;1;0;0;0;1;1;-6,19177232;-47,03544474;SPRF-MA;DEL03-MA;UOP02-DEL03-MA;;;
668271;19/03/2025;quarta-feira;16:15:00;RJ;101;169;MACAE;Pista Escorregadia;Colis�o transversal;Com V�timas Feridas;Pleno dia;Crescente;Chuva;Simples;Curva;N�o;2;0;1;0;1;0;1;2;-22,35468887;-41,9279767;SPRF-RJ;DEL08-RJ;UOP04-DEL08-RJ;;;
668272;19/03/2025;quarta-feira;15:47:00;MT;163;833;SINOP;Aus�ncia de rea��o do condutor;Colis�o traseira;Sem V�timas;Pleno dia;Crescente;C�u Claro;Simples;Reta;Sim;2;0;0;0;2;0;0;2;-11,87217624;-55,49759381;SPRF-MT;DEL06-MT;UOP02-DEL06-MT;;;
668273;19/03/2025;quarta-feira;14:45:00;ES;101;393,2;RIO NOVO DO SUL;Acumulo de �gua sobre o pavimento;Sa�da de leito carro��vel;Sem V�timas;Pleno dia;Crescente;Chuva;Simples;"Reta;Aclive";N�o;1;0;0;0;1;0;0;1;-20,8656931;-40,9136218;SPRF-ES;DEL03-ES;UOP02-DEL03-ES;;;
668275;19/03/2025;quarta-feira;14:00:00;SC;116;84;MONTE CASTELO;Aus�ncia de rea��o do condutor;Colis�o frontal;Com V�timas Feridas;Pleno dia;Decrescente;Sol;Simples;Reta;N�o;2;0;1;0;1;0;1;2;-26,79298974;-50,32246541;SPRF-SC;DEL06-SC;UOP02-DEL06-SC;;;