id;data_inversa;dia_semana;horario;uf;br;km;municipio;causa_acidente;tipo_acidente;classificacao_acidente;fase_dia;sentido_via;condicao_metereologica;tipo_pista;tracado_via;uso_solo;pessoas;mortos;feridos_leves;feridos_graves;ilesos;ignorados;feridos;veiculos;latitude;longitude;regional;delegacia;uop;;;
668277;19/03/2025;quarta-feira;15:15:00;RJ;40;106;DUQUE DE CAXIAS;Condutor deixou de manter dist�ncia do ve�culo da frente;Colis�o lateral mesmo sentido;Com V�timas Feridas;Pleno dia;Decrescente;Chuva;Dupla;Reta;Sim;2;0;1;0;1;0;1;2;-22,6488684;-43,28407288;SPRF-RJ;DEL01-RJ;UOP02-DEL01-RJ;;;
668278;19/03/2025;quarta-feira;16:52:00;MG;381;454,2;SABARA;Aus�ncia de rea��o do condutor;Colis�o traseira;Com V�timas Feridas;Pleno dia;Decrescente;Nublado;Simples;Reta;N�o;2;0;0;1;1;0;1;2;-19,8276191;-43,8380177;SPRF-MG;DEL01-MG;UOP01-DEL01-MG;;;
668279;19/03/2025;quarta-feira;16:45:00;RN;405;3,1;MOSSORO;Acesso irregular;Colis�o transversal;Com V�timas Feridas;Pleno dia;Crescente;C�u Claro;Simples;Reta;Sim;2;0;1;0;1;0;1;2;-5,19385879;-37,3803556;SPRF-RN;DEL04-RN;UOP02-DEL04-RN;;;
668281;19/03/2025;quarta-feira;17:00:00;RJ;116;183;NOVA IGUACU;Trafegar com motocicleta (ou similar) entre as faixas;Colis�o traseira;Sem V�timas;Pleno dia;Crescente;Nublado;Dupla;Reta;Sim;2;0;0;0;2;0;0;2;-22,7379471;-43,49292928;SPRF-RJ;DEL06-RJ;UOP01-DEL06-RJ;;;
668285;19/03/2025;quarta-feira;15:24:00;MS;163;126,9;NAVIRAI;Aus�ncia de rea��o do condutor;Colis�o com objeto;Sem V�timas;Pleno dia;Crescente;C�u Claro;Dupla;Interse��o de Vias;N�o;3;0;0;0;3;0;0;1;-23,055905;-54,235039;SPRF-MS;DEL09-MS;UOP01-DEL09-MS;;;
668288;19/03/2025;quarta-feira;15:10:00;SC;280;10;SAO FRANCISCO DO SUL;Acessar a via sem observar a presen�a dos outros ve�culos;Colis�o transversal;Com V�timas Feridas;Pleno dia;Crescente;Sol;Simples;Reta;N�o;2;0;1;0;1;0;1;2;-26,294568;-48,643188;SPRF-SC;DEL03-SC;UOP03-DEL03-SC;;;
668291;19/03/2025;quarta-feira;15:15:00;GO;60;87,5;ANAPOLIS;Rea��o tardia ou ineficiente do condutor;Sa�da de leito carro��vel;Com V�timas Fatais;Pleno dia;Decrescente;C�u Claro;Dupla;"Reta;Declive";N�o;4;1;0;3;0;0;3;1;-16,32635074;-48,87917429;SPRF-GO;DEL02-GO;UOP01-DEL02-GO;;;
668297;19/03/2025;quarta-feira;17:07:00;RS;392;57;RIO GRANDE;Manobra de mudan�a de faixa;Colis�o com objeto;Sem V�timas;Pleno dia;Crescente;C�u Claro;Dupla;Reta;N�o;1;0;0;0;1;0;0;1;-31,8009333;-52,3326617;SPRF-RS;DEL07-RS;UOP02-DEL07-RS;;;
668299;19/03/2025;quarta-feira;17:20:00;PR;376;435;TIBAGI;Retorno proibido;Colis�o frontal;Com V�timas Feridas;Pleno dia;Decrescente;C�u Claro;Simples;Reta;N�o;3;0;3;0;0;0;3;2;-24,7741334;-50,5192856;SPRF-PR;DEL03-PR;UOP02-DEL03-PR;;;
668300;19/03/2025;quarta-feira;18:00:00;PR;376;601;CURITIBA;Manobra de mudan�a de faixa;Colis�o lateral mesmo sentido;Com V�timas Feridas;Anoitecer;Crescente;Nublado;Dupla;Reta;Sim;3;0;1;1;1;0;2;2;-25,5165482;-49,3364282;SPRF-PR;DEL01-PR;UOP06-DEL01-PR;;;
668301;19/03/2025;quarta-feira;18:40:00;PR;116;119;CURITIBA;Rea��o tardia ou ineficiente do condutor;Colis�o traseira;Sem V�timas;Plena Noite;Crescente;C�u Claro;Dupla;Curva;Sim;3;0;0;0;3;0;0;2;-25,574402;-49,311662;SPRF-PR;DEL01-PR;UOP03-DEL01-PR;;;
668302;19/03/2025;quarta-feira;19:00:00;MA;316;546,8;CAXIAS;Acessar a via sem observar a presen�a dos outros ve�culos;Colis�o traseira;Com V�timas Feridas;Plena Noite;Crescente;C�u Claro;Simples;Reta;N�o;3;0;2;0;1;0;2;2;-4,878168;-43,390043;SPRF-MA;DEL03-MA;UOP02-DEL03-MA;;;
668304;19/03/2025;quarta-feira;19:00:00;MG;40;798,6;JUIZ DE FORA;Aus�ncia de rea��o do condutor;Colis�o com objeto;Com V�timas Feridas;Plena Noite;Decrescente;Chuva;Dupla;Reta;N�o;2;0;1;0;1;0;1;1;-21,81791354;-43,38049829;SPRF-MG;DEL05-MG;UOP01-DEL05-MG;;;
668307;19/03/2025;quarta-feira;19:20:00;RN;304;29,3;MOSSORO;Objeto est�tico sobre o leito carro��vel;Colis�o traseira;Com V�timas Feridas;Plena Noite;Crescente;C�u Claro;Simples;Reta;N�o;2;0;0;1;0;1;1;2;-5,08190087;-37,33356949;SPRF-RN;DEL04-RN;UOP02-DEL04-RN;;;
668308;19/03/2025;quarta-feira;19:45:00;RS;158;326;SANTA MARIA;Ilumina��o deficiente;Colis�o transversal;Com V�timas Feridas;Plena Noite;Crescente;C�u Claro;M�ltipla;"Em Obras;Interse��o de Vias;Rotat�ria";Sim;2;0;1;0;1;0;1;2;-29,714738;-53,810628;SPRF-RS;DEL09-RS;UOP01-DEL09-RS;;;
668312;19/03/2025;quarta-feira;20:00:00;RJ;101;274;TANGUA;Rea��o tardia ou ineficiente do condutor;Colis�o frontal;Sem V�timas;Plena Noite;Decrescente;Chuva;Simples;Reta;N�o;2;0;0;0;1;1;0;2;-22,736137;-42,725242;SPRF-RJ;DEL02-RJ;UOP03-DEL02-RJ;;;
668313;19/03/2025;quarta-feira;20:00:00;PR;369;505,7;CASCAVEL;Aus�ncia de rea��o do condutor;Colis�o frontal;Com V�timas Feridas;Plena Noite;Decrescente;C�u Claro;Simples;"Reta;Aclive";Sim;3;0;1;0;1;1;1;2;-24,94621039;-53,3982281;SPRF-PR;DEL04-PR;UOP01-DEL04-PR;;;
668314;19/03/2025;quarta-feira;20:45:00;TO;153;410;MIRANORTE;Rea��o tardia ou ineficiente do condutor;Tombamento;Com V�timas Feridas;Plena Noite;Crescente;C�u Claro;Dupla;Curva;Sim;1;0;1;0;0;0;1;1;-9,55259288;-48,60136986;SPRF-TO;DEL02-TO;UOP02-DEL02-TO;;;
668316;19/03/2025;quarta-feira;19:30:00;MG;40;43;PARACATU;Acesso irregular;Colis�o frontal;Com V�timas Feridas;Plena Noite;Crescente;C�u Claro;Simples;Interse��o de Vias;Sim;2;0;0;1;1;0;1;2;-17,22769366;-46,85916966;SPRF-MG;DEL14-MG;UOP01-DEL14-MG;;;
668317;19/03/2025;quarta-feira;20:40:00;MA;135;23;SAO LUIS;Acessar a via sem observar a presen�a dos outros ve�culos;Colis�o transversal;Com V�timas Feridas;Plena Noite;Decrescente;C�u Claro;Dupla;Rotat�ria;Sim;3;0;2;0;1;0;2;2;-2,55187858;-44,30763602;SPRF-MA;DEL01-MA;UOP01-DEL01-MA;;;
668319;19/03/2025;quarta-feira;20:45:00;DF;70;3,2;BRASILIA;Rea��o tardia ou ineficiente do condutor;Colis�o traseira;Com V�timas Feridas;Plena Noite;Decrescente;Nublado;Dupla;Curva;Sim;2;0;1;0;1;0;1;2;-15,80229281;-48,0836839;SPRF-DF;DEL03-DF;UOP02-DEL03-DF;;;
668320;19/03/2025;quarta-feira;20:40:00;RJ;116;183;NOVA IGUACU;Demais falhas mec�nicas ou el�tricas;Inc�ndio;Sem V�timas;Plena Noite;Crescente;Chuva;Dupla;Reta;Sim;1;0;0;0;1;0;0;1;-22,7520535;-43,4379455;SPRF-RJ;DEL06-RJ;UOP01-DEL06-RJ;;;
668322;19/03/2025;quarta-feira;18:40:00;PI;230;263,1;NAZARE DO PIAUI;Aus�ncia de rea��o do condutor;Atropelamento de Pedestre;Com V�timas Fatais;Anoitecer;Decrescente;C�u Claro;Simples;Reta;N�o;2;1;0;0;0;1;0;2;-6,982738;-42,654478;SPRF-PI;DEL03-PI;UOP01-DEL03-PI;;;
668323;19/03/2025;quarta-feira;20:40:00;RS;290;99;PORTO ALEGRE;Aus�ncia de rea��o do condutor;Colis�o com objeto;Sem V�timas;Plena Noite;Decrescente;C�u Claro;Dupla;Reta;N�o;1;0;0;0;1;0;0;1;-29,99054047;-51,23098302;SPRF-RS;DEL01-RS;UOP01-DEL01-RS;;;
668325;19/03/2025;quarta-feira;22:00:00;SP;116;222;GUARULHOS;Avarias e/ou desgaste excessivo no pneu;Queda de ocupante de ve�culo;Com V�timas Feridas;Plena Noite;Decrescente;Nublado;Dupla;Reta;Sim;2;0;2;0;0;0;2;1;-23,47447973;-46,52269894;SPRF-SP;DEL01-SP;UOP01-DEL01-SP;;;
668326;19/03/2025;quarta-feira;19:00:00;RJ;465;18;NOVA IGUACU;Aus�ncia de rea��o do condutor;Colis�o lateral sentido oposto;Com V�timas Feridas;Plena Noite;Crescente;Chuva;Simples;Reta;Sim;3;0;1;0;0;2;1;2;-22,83595713;-43,61239672;SPRF-RJ;DEL06-RJ;UOP02-DEL06-RJ;;;
668328;19/03/2025;quarta-feira;22:15:00;PR;116;0,6;QUATRO BARRAS;Rea��o tardia ou ineficiente do condutor;Colis�o com objeto;Com V�timas Feridas;Plena Noite;Crescente;Nublado;Dupla;Reta;Sim;1;0;1;0;0;0;1;1;-25,34773259;-49,04910187;SPRF-PR;DEL01-PR;UOP02-DEL01-PR;;;
668330;19/03/2025;quarta-feira;20:00:00;RJ;465;5;SEROPEDICA;Aus�ncia de rea��o do condutor;Colis�o transversal;Com V�timas Feridas;Plena Noite;Decrescente;C�u Claro;Simples;Interse��o de Vias;Sim;2;0;1;0;1;0;1;2;-22,747673;-43,699196;SPRF-RJ;DEL06-RJ;UOP02-DEL06-RJ;;;
668333;19/03/2025;quarta-feira;23:00:00;RJ;101;312;SAO GONCALO;Aus�ncia de rea��o do condutor;Tombamento;Com V�timas Feridas;Plena Noite;Decrescente;Chuva;Dupla;Curva;N�o;1;0;1;0;0;0;1;1;-22,80584492;-43,06231511;SPRF-RJ;DEL02-RJ;UOP02-DEL02-RJ;;;
668334;19/03/2025;quarta-feira;23:25:00;MG;40;792,9;JUIZ DE FORA;Rea��o tardia ou ineficiente do condutor;Colis�o com objeto;Com V�timas Feridas;Pleno dia;Decrescente;Garoa/Chuvisco;Dupla;Curva;N�o;2;0;2;0;0;0;2;1;-21,79066495;-43,41479301;SPRF-MG;DEL05-MG;UOP01-DEL05-MG;;;
668335;19/03/2025;quarta-feira;21:50:00;AL;101;190,4;JUNQUEIRO;Rea��o tardia ou ineficiente do condutor;Colis�o lateral mesmo sentido;Com V�timas Feridas;Plena Noite;Decrescente;C�u Claro;Simples;Reta;Sim;3;0;1;1;1;0;2;2;-9,92041814;-36,47275329;SPRF-AL;DEL02-AL;UOP02-DEL02-AL;;;
668338;19/03/2025;quarta-feira;23:10:00;PR;376;598;CURITIBA;Aus�ncia de rea��o do condutor;Colis�o lateral mesmo sentido;Com V�timas Feridas;Plena Noite;Crescente;C�u Claro;Dupla;"Reta;Declive";N�o;2;0;0;1;1;0;1;2;-25,4509056;-49,2470272;SPRF-PR;DEL01-PR;UOP06-DEL01-PR;;;
668340;20/03/2025;quinta-feira;00:50:00;RJ;116;170;DUQUE DE CAXIAS;Aus�ncia de rea��o do condutor;Capotamento;Com V�timas Feridas;Plena Noite;Crescente;Chuva;Dupla;Reta;Sim;3;0;1;0;2;0;1;2;-22,81667435;-43,3237052;SPRF-RJ;DEL06-RJ;UOP01-DEL06-RJ;;;
668341;19/03/2025;quarta-feira;23:10:00;MG;50;180,8;UBERABA;Acesso irregular;Colis�o transversal;Com V�timas Fatais;Plena Noite;Decrescente;C�u Claro;Dupla;Reta;Sim;2;1;0;0;0;1;0;2;-19,78394;-47,91781;SPRF-MG;DEL13-MG;UOP01-DEL13-MG;;;
668342;19/03/2025;quarta-feira;20:45:00;BA;324;587;CANDEIAS;Rea��o tardia ou ineficiente do condutor;Colis�o com objeto;Sem V�timas;Plena Noite;Crescente;C�u Claro;Dupla;Reta;N�o;1;0;0;0;1;0;0;1;-12,667472;-38,47034454;SPRF-BA;DEL01-BA;UOP01-DEL01-BA;;;
668344;19/03/2025;quarta-feira;22:50:00;MT;70;497;CUIABA;Rea��o tardia ou ineficiente do condutor;Queda de ocupante de ve�culo;Com V�timas Feridas;Plena Noite;Crescente;Nublado;Dupla;Interse��o de Vias;N�o;1;0;1;0;0;0;1;1;-15,663313;-56,006322;SPRF-MT;DEL01-MT;UOP02-DEL01-MT;;;
668345;20/03/2025;quinta-feira;01:16:00;PE;232;464,6;MIRANDIBA;Animais na Pista;Atropelamento de Animal;Sem V�timas;Plena Noite;Crescente;C�u Claro;Simples;Reta;N�o;4;0;0;0;4;0;0;1;-8,0249;-38,7585;SPRF-PE;DEL05-PE;UOP01-DEL05-PE;;;
668346;20/03/2025;quinta-feira;01:35:00;MG;364;0,8;PLANURA;Ingest�o de �lcool pelo condutor;Colis�o frontal;Com V�timas Feridas;Plena Noite;Decrescente;C�u Claro;Simples;"Reta;Ponte";N�o;1;0;0;1;0;0;1;1;-20,160369;-48,6892;SPRF-MG;DEL13-MG;UOP02-DEL13-MG;;;
668348;20/03/2025;quinta-feira;03:00:00;RJ;116;183;NOVA IGUACU;Pedestre andava na pista;Atropelamento de Pedestre;Com V�timas Feridas;Plena Noite;Decrescente;Chuva;M�ltipla;Reta;N�o;2;0;1;0;0;1;1;2;-22,7546926;-43,4349879;SPRF-RJ;DEL06-RJ;UOP01-DEL06-RJ;;;
668350;20/03/2025;quinta-feira;01:30:00;MG;365;577,7;INDIANOPOLIS;Entrada inopinada do pedestre;Atropelamento de Pedestre;Com V�timas Fatais;Plena Noite;Crescente;C�u Claro;Simples;Reta;N�o;3;1;0;0;2;0;0;2;-18,89222955;-47,91924714;SPRF-MG;DEL15-MG;UOP02-DEL15-MG;;;
668351;20/03/2025;quinta-feira;03:40:00;RS;116;246;SAO LEOPOLDO;Acessar a via sem observar a presen�a dos outros ve�culos;Colis�o traseira;Com V�timas Feridas;Plena Noite;Decrescente;C�u Claro;Dupla;Reta;Sim;2;0;1;0;1;0;1;2;-29,76339357;-51,15305603;SPRF-RS;DEL01-RS;UOP02-DEL01-RS;;;
668354;20/03/2025;quinta-feira;04:00:00;ES;447;14;CARIACICA;Velocidade Incompat�vel;Capotamento;Sem V�timas;Plena Noite;Crescente;Garoa/Chuvisco;Simples;Reta;Sim;1;0;0;0;0;1;0;1;-20,34802;-40,331815;SPRF-ES;DEL01-ES;UOP01-DEL01-ES;;;
668356;20/03/2025;quinta-feira;05:09:00;MG;365;750;ITUIUTABA;Afundamento ou ondula��o no pavimento;Queda de ocupante de ve�culo;Com V�timas Feridas;Amanhecer;Crescente;C�u Claro;Dupla;Declive;Sim;1;0;1;0;0;0;1;1;-18,950103;-49,4645009;SPRF-MG;DEL15-MG;UOP03-DEL15-MG;;;
668357;20/03/2025;quinta-feira;05:50:00;GO;60;99,5;ANAPOLIS;Manobra de mudan�a de faixa;Colis�o transversal;Com V�timas Feridas;Amanhecer;Crescente;C�u Claro;Dupla;Reta;Sim;4;0;0;1;3;0;1;2;-16,391371;-48,958384;SPRF-GO;DEL02-GO;UOP01-DEL02-GO;;;
668358;20/03/2025;quinta-feira;05:20:00;PB;230;12;CABEDELO;Condutor deixou de manter dist�ncia do ve�culo da frente;Colis�o traseira;Com V�timas Feridas;Amanhecer;Decrescente;C�u Claro;Dupla;"Reta;Em Obras";Sim;2;0;0;1;0;1;1;2;-7,0727028;-34,8492945;SPRF-PB;DEL01-PB;UOP01-DEL01-PB;;;
668359;20/03/2025;quinta-feira;06:15:00;DF;40;3;BRASILIA;Condutor deixou de manter dist�ncia do ve�culo da frente;Colis�o lateral mesmo sentido;Com V�timas Feridas;Pleno dia;Decrescente;C�u Claro;Dupla;Reta;Sim;2;0;1;0;1;0;1;2;-16,02691599;-47,97921538;SPRF-DF;DEL01-DF;UOP01-DEL01-DF;;;
668360;20/03/2025;quinta-feira;06:30:00;SP;153;57;SAO JOSE DO RIO PRETO;Acessar a via sem observar a presen�a dos outros ve�culos;Colis�o lateral mesmo sentido;Com V�timas Feridas;Pleno dia;Crescente;C�u Claro;Dupla;Reta;N�o;2;0;1;0;1;0;1;2;-20,77478221;-49,35197344;SPRF-SP;DEL09-SP;UOP01-DEL09-SP;;;
668361;20/03/2025;quinta-feira;06:45:00;RJ;101;470;ANGRA DOS REIS;Aus�ncia de sinaliza��o;Sa�da de leito carro��vel;Com V�timas Feridas;Pleno dia;Crescente;Chuva;Simples;Reta;N�o;1;0;1;0;0;0;1;1;-22,9900288;-44,2400768;SPRF-RJ;DEL03-RJ;UOP03-DEL03-RJ;;;
668364;20/03/2025;quinta-feira;06:20:00;GO;60;99,3;ANAPOLIS;Rea��o tardia ou ineficiente do condutor;Colis�o traseira;Com V�timas Feridas;Amanhecer;Crescente;C�u Claro;Dupla;Reta;Sim;1;0;1;0;0;0;1;1;-16,389392;-48,957147;SPRF-GO;DEL02-GO;UOP01-DEL02-GO;;;
668365;20/03/2025;quinta-feira;06:40:00;PE;232;4,3;RECIFE;Condutor deixou de manter dist�ncia do ve�culo da frente;Colis�o traseira;Com V�timas Feridas;Pleno dia;Decrescente;C�u Claro;Dupla;Reta;Sim;2;0;1;0;1;0;1;2;-8,065631;-34,939477;SPRF-PE;DEL01-PE;UOP01-DEL01-PE;;;
668366;27/01/2025;segunda-feira;02:00:00;BA;30;725,6;BOA NOVA;Velocidade Incompat�vel;Capotamento;Com V�timas Feridas;Plena Noite;Crescente;Ignorado;Simples;Curva;N�o;1;0;0;1;0;0;1;1;-14,38225573;-40,19270897;SPRF-BA;DEL05-BA;UOP01-DEL05-BA;;;
668367;20/03/2025;quinta-feira;07:00:00;BA;324;622;SALVADOR;Aus�ncia de rea��o do condutor;Queda de ocupante de ve�culo;Com V�timas Feridas;Pleno dia;Crescente;C�u Claro;M�ltipla;Reta;Sim;1;0;1;0;0;0;1;1;-12,9331314;-38,4721491;SPRF-BA;DEL01-BA;UOP01-DEL01-BA;;;
668368;20/03/2025;quinta-feira;07:10:00;RN;101;110;SAO JOSE DE MIPIBU;Demais falhas mec�nicas ou el�tricas;Tombamento;Com V�timas Feridas;Pleno dia;Decrescente;C�u Claro;Dupla;Reta;N�o;1;0;1;0;0;0;1;1;-5,98675895;-35,26447487;SPRF-RN;DEL01-RN;UOP01-DEL01-RN;;;
668369;20/03/2025;quinta-feira;04:06:00;MT;163;759;SORRISO;Ingest�o de �lcool pelo condutor;Sa�da de leito carro��vel;Com V�timas Feridas;Plena Noite;Crescente;C�u Claro;Simples;Reta;N�o;2;0;2;0;0;0;2;1;-12,496192;-55,686068;SPRF-MT;DEL06-MT;UOP01-DEL06-MT;;;
668370;20/03/2025;quinta-feira;07:15:00;RN;101;97,8;NATAL;Rea��o tardia ou ineficiente do condutor;Colis�o traseira;Com V�timas Feridas;Pleno dia;Decrescente;C�u Claro;M�ltipla;Aclive;Sim;4;0;1;0;3;0;1;3;-5,859337;-35,213535;SPRF-RN;DEL01-RN;UOP01-DEL01-RN;;;
668371;20/03/2025;quinta-feira;07:10:00;GO;153;521,5;HIDROLANDIA;Entrada inopinada do pedestre;Atropelamento de Pedestre;Com V�timas Fatais;Pleno dia;Crescente;C�u Claro;Dupla;Reta;Sim;2;1;0;0;1;0;0;2;-16,881789;-49,253;SPRF-GO;DEL01-GO;UOP03-DEL01-GO;;;
668372;20/03/2025;quinta-feira;06:55:00;PB;230;22,8;JOAO PESSOA;Condutor deixou de manter dist�ncia do ve�culo da frente;Colis�o traseira;Com V�timas Feridas;Pleno dia;Crescente;C�u Claro;Dupla;Reta;Sim;3;0;1;0;0;2;1;2;-7,157147;-34,857678;SPRF-PB;DEL01-PB;UOP01-DEL01-PB;;;
668374;20/03/2025;quinta-feira;07:30:00;RS;116;251;SAPUCAIA DO SUL;Trafegar com motocicleta (ou similar) entre as faixas;Queda de ocupante de ve�culo;Com V�timas Feridas;Pleno dia;Crescente;C�u Claro;M�ltipla;Reta;Sim;3;0;1;0;1;1;1;3;-29,79771047;-51,16525618;SPRF-RS;DEL01-RS;UOP02-DEL01-RS;;;
668377;20/03/2025;quinta-feira;07:40:00;SC;101;117;ITAJAI;Acessar a via sem observar a presen�a dos outros ve�culos;Colis�o traseira;Com V�timas Feridas;Pleno dia;Decrescente;C�u Claro;Dupla;Reta;Sim;2;0;1;0;1;0;1;2;-26,88504151;-48,72619629;SPRF-SC;DEL04-SC;UOP04-DEL04-SC;;;
668378;18/03/2025;ter�a-feira;07:20:00;BA;116;11,9;VITORIA DA CONQUISTA;Aus�ncia de rea��o do condutor;Colis�o traseira;Com V�timas Feridas;Pleno dia;Crescente;Sol;Simples;Reta;N�o;2;0;1;0;0;1;1;2;-14,87649;-40,87127;SPRF-BA;DEL08-BA;UOP01-DEL08-BA;;;
668379;20/03/2025;quinta-feira;08:00:00;SP;116;147,8;SAO JOSE DOS CAMPOS;Trafegar com motocicleta (ou similar) entre as faixas;Colis�o traseira;Com V�timas Feridas;Pleno dia;Decrescente;Nublado;M�ltipla;Reta;Sim;3;0;2;0;1;0;2;2;-23,19642089;-45,87425664;SPRF-SP;DEL02-SP;UOP01-DEL02-SP;;;
668380;20/03/2025;quinta-feira;05:35:00;MS;267;384,5;MARACAJU;Animais na Pista;Sa�da de leito carro��vel;Com V�timas Feridas;Amanhecer;Crescente;C�u Claro;Simples;Reta;N�o;2;0;2;0;0;0;2;1;-21,634172;-55,338131;SPRF-MS;DEL05-MS;UOP01-DEL05-MS;;;
668382;20/03/2025;quinta-feira;08:40:00;SC;101;206;SAO JOSE;Trafegar com motocicleta (ou similar) entre as faixas;Colis�o lateral mesmo sentido;Com V�timas Feridas;Pleno dia;Crescente;C�u Claro;Dupla;Reta;Sim;3;0;2;0;1;0;2;2;-27,591241;-48,618186;SPRF-SC;DEL01-SC;UOP01-DEL01-SC;;;
668383;20/03/2025;quinta-feira;07:00:00;SC;101;328,6;CAPIVARI DE BAIXO;Aus�ncia de rea��o do condutor;Colis�o com objeto;Com V�timas Feridas;Pleno dia;Crescente;Sol;Dupla;Desvio Tempor�rio;Sim;1;0;1;0;0;0;1;1;-28,44960881;-48,97108186;SPRF-SC;DEL02-SC;UOP01-DEL02-SC;;;
668384;20/03/2025;quinta-feira;08:35:00;RS;386;435,3;NOVA SANTA RITA;Acessar a via sem observar a presen�a dos outros ve�culos;Colis�o transversal;Com V�timas Feridas;Pleno dia;Decrescente;C�u Claro;Dupla;"Interse��o de Vias;Rotat�ria";Sim;2;0;1;0;1;0;1;2;-29,84770812;-51,27104636;SPRF-RS;DEL04-RS;UOP02-DEL04-RS;;;
668385;20/03/2025;quinta-feira;08:50:00;PE;101;170,1;AGUA PRETA;Demais falhas mec�nicas ou el�tricas;Queda de ocupante de ve�culo;Com V�timas Feridas;Pleno dia;Crescente;C�u Claro;Dupla;"Curva;Declive";N�o;1;0;1;0;0;0;1;1;-8,58639;-35,50141;SPRF-PE;DEL01-PE;UOP03-DEL01-PE;;;
668386;19/03/2025;quarta-feira;22:30:00;BA;110;139;CICERO DANTAS;Rea��o tardia ou ineficiente do condutor;Sa�da de leito carro��vel;Sem V�timas;Plena Noite;Decrescente;C�u Claro;Simples;Reta;N�o;1;0;0;0;1;0;0;1;-10,60135524;-38,39265059;SPRF-BA;DEL07-BA;UOP02-DEL07-BA;;;
668387;20/03/2025;quinta-feira;08:00:00;MG;40;773;JUIZ DE FORA;Rea��o tardia ou ineficiente do condutor;Tombamento;Com V�timas Feridas;Pleno dia;Decrescente;C�u Claro;Dupla;"Viaduto;Curva";N�o;1;0;1;0;0;0;1;1;-21,64470982;-43,43543768;SPRF-MG;DEL05-MG;UOP01-DEL05-MG;;;
668389;20/03/2025;quinta-feira;08:45:00;MG;40;527,8;CONTAGEM;Manobra de mudan�a de faixa;Colis�o lateral mesmo sentido;Com V�timas Feridas;Pleno dia;Crescente;C�u Claro;M�ltipla;"Reta;Aclive";Sim;3;0;1;0;2;0;1;3;-19,9088839;-44,04459469;SPRF-MG;DEL01-MG;UOP02-DEL01-MG;;;
668391;20/03/2025;quinta-feira;08:50:00;BA;324;624;SALVADOR;Manobra de mudan�a de faixa;Colis�o traseira;Com V�timas Feridas;Pleno dia;Crescente;Nublado;Dupla;Reta;Sim;2;0;1;0;1;0;1;2;-12,9462444;-38,4700115;SPRF-BA;DEL01-BA;UOP01-DEL01-BA;;;
668392;20/03/2025;quinta-feira;08:00:00;ES;101;299;VIANA;Rea��o tardia ou ineficiente do condutor;Capotamento;Sem V�timas;Pleno dia;Crescente;Nublado;Dupla;Reta;Sim;1;0;0;0;0;1;0;1;-20,35724567;-40,42843759;SPRF-ES;DEL01-ES;UOP01-DEL01-ES;;;
668393;20/03/2025;quinta-feira;08:01:00;PR;277;472,9;NOVA LARANJEIRAS;Acessar a via sem observar a presen�a dos outros ve�culos;Colis�o transversal;Com V�timas Feridas;Pleno dia;Decrescente;Sol;Simples;Curva;N�o;2;0;1;0;1;0;1;2;-25,28667758;-52,67415405;SPRF-PR;DEL04-PR;UOP02-DEL04-PR;;;
668395;20/03/2025;quinta-feira;10:00:00;PR;116;210,8;RIO NEGRO;Desrespeitar a prefer�ncia no cruzamento;Colis�o transversal;Com V�timas Feridas;Pleno dia;Decrescente;C�u Claro;Simples;Reta;Sim;2;0;1;0;1;0;1;2;-26,09928077;-49,78072576;SPRF-SC;DEL06-SC;UOP01-DEL06-SC;;;
668398;20/03/2025;quinta-feira;09:57:00;PR;116;104;SAO JOSE DOS PINHAIS;Aus�ncia de rea��o do condutor;Tombamento;Com V�timas Feridas;Pleno dia;Crescente;Nublado;Dupla;Reta;N�o;1;0;1;0;0;0;1;1;-25,571117;-49,195572;SPRF-PR;DEL01-PR;UOP07-DEL01-PR;;;
668399;12/03/2025;quarta-feira;08:00:00;BA;324;518;FEIRA DE SANTANA;Rea��o tardia ou ineficiente do condutor;Queda de ocupante de ve�culo;Com V�timas Feridas;Pleno dia;Decrescente;Ignorado;Simples;Reta;Sim;1;0;1;0;0;0;1;1;-12,27453655;-38,93526078;SPRF-BA;DEL02-BA;UOP01-DEL02-BA;;;
668402;20/03/2025;quinta-feira;10:40:00;RN;101;98;NATAL;Aus�ncia de rea��o do condutor;Colis�o traseira;Com V�timas Feridas;Pleno dia;Crescente;C�u Claro;M�ltipla;Interse��o de Vias;Sim;2;0;1;0;1;0;1;2;-5,8648279;-35,2166311;SPRF-RN;DEL01-RN;UOP01-DEL01-RN;;;
668404;20/03/2025;quinta-feira;10:30:00;RN;406;4,5;MACAU;Acessar a via sem observar a presen�a dos outros ve�culos;Colis�o transversal;Com V�timas Fatais;Pleno dia;Crescente;C�u Claro;Simples;"Interse��o de Vias;Curva";N�o;2;1;0;0;1;0;0;2;-5,1489623;-36,6054477;SPRF-RN;DEL02-RN;UOP01-DEL02-RN;;;
668405;20/03/2025;quinta-feira;09:00:00;MA;226;304;BARRA DO CORDA;Acostamento em desn�vel;Capotamento;Com V�timas Feridas;Pleno dia;Decrescente;C�u Claro;Simples;Curva;Sim;4;0;4;0;0;0;4;1;-5,482753;-45,275383;SPRF-MA;DEL06-MA;UOP01-DEL06-MA;;;
668407;20/03/2025;quinta-feira;11:00:00;SE;235;52;ITABAIANA;Pista Escorregadia;Queda de ocupante de ve�culo;Com V�timas Feridas;Pleno dia;Decrescente;C�u Claro;Simples;Curva;Sim;1;0;1;0;0;0;1;1;-10,705723;-37,4274304;SPRF-SE;DEL01-SE;UOP02-DEL01-SE;;;