id;data_inversa;dia_semana;horario;uf;br;km;municipio;causa_acidente;tipo_acidente;classificacao_acidente;fase_dia;sentido_via;condicao_metereologica;tipo_pista;tracado_via;uso_solo;pessoas;mortos;feridos_leves;feridos_graves;ilesos;ignorados;feridos;veiculos;latitude;longitude;regional;delegacia;uop;;;
668409;08/01/2025;quarta-feira;15:35:00;ES;101;7,1;SERRA;Acumulo de �gua sobre o pavimento;Colis�o com objeto;Com V�timas Feridas;Pleno dia;Crescente;Chuva;Dupla;Reta;N�o;2;0;1;1;0;0;2;1;-20,129093;-40,308125;SPRF-ES;DEL02-ES;UOP01-DEL02-ES;;;
668410;16/02/2025;domingo;13:50:00;RJ;40;62;PETROPOLIS;Retorno proibido;Colis�o transversal;Com V�timas Feridas;Pleno dia;Crescente;C�u Claro;Simples;"Reta;Aclive";Sim;2;0;1;0;1;0;1;2;-22,40542358;-43,14664526;SPRF-RJ;DEL05-RJ;UOP02-DEL05-RJ;;;
668413;20/03/2025;quinta-feira;10:10:00;BA;101;679,9;ITAGIMIRIM;Velocidade Incompat�vel;Colis�o transversal;Com V�timas Feridas;Pleno dia;Crescente;C�u Claro;Simples;Interse��o de Vias;N�o;3;0;1;1;1;0;2;3;-16,08012608;-39,62048527;SPRF-BA;DEL09-BA;UOP03-DEL09-BA;;;
668414;20/03/2025;quinta-feira;11:35:00;SC;280;26;GUARAMIRIM;Trafegar com motocicleta (ou similar) entre as faixas;Colis�o transversal;Com V�timas Feridas;Pleno dia;Crescente;C�u Claro;Simples;Reta;Sim;2;0;1;0;1;0;1;2;-26,476544;-48,9947136;SPRF-SC;DEL03-SC;UOP03-DEL03-SC;;;
668415;20/03/2025;quinta-feira;11:30:00;RJ;101;262;RIO BONITO;Acumulo de �gua sobre o pavimento;Capotamento;Com V�timas Feridas;Pleno dia;Crescente;Nublado;Dupla;Curva;Sim;2;0;1;0;1;0;1;1;-22,71336867;-42,61838841;SPRF-RJ;DEL02-RJ;UOP03-DEL02-RJ;;;
668417;20/03/2025;quinta-feira;10:20:00;RJ;101;521;ANGRA DOS REIS;Acumulo de �gua sobre o pavimento;Tombamento;Com V�timas Feridas;Pleno dia;Decrescente;Chuva;Simples;Rotat�ria;Sim;1;0;1;0;0;0;1;1;-23,00297402;-44,45503234;SPRF-RJ;DEL03-RJ;UOP03-DEL03-RJ;;;
668418;20/03/2025;quinta-feira;09:30:00;MG;381;925;ITAPEVA;Velocidade Incompat�vel;Queda de ocupante de ve�culo;Com V�timas Feridas;Pleno dia;Crescente;C�u Claro;Dupla;"Curva;Declive";N�o;1;0;1;0;0;0;1;1;-22,770279;-46,204627;SPRF-MG;DEL16-MG;UOP03-DEL16-MG;;;
668419;20/03/2025;quinta-feira;12:38:00;TO;153;144;ARAGUAINA;Acessar a via sem observar a presen�a dos outros ve�culos;Colis�o lateral mesmo sentido;Com V�timas Feridas;Pleno dia;Crescente;C�u Claro;Dupla;Rotat�ria;Sim;2;0;0;1;1;0;1;2;-7,323351;-48,307015;SPRF-TO;DEL02-TO;UOP01-DEL02-TO;;;
668420;20/03/2025;quinta-feira;10:15:00;MG;153;223;FRUTAL;Aus�ncia de rea��o do condutor;Sa�da de leito carro��vel;Com V�timas Feridas;Pleno dia;Crescente;C�u Claro;Simples;Reta;N�o;1;0;1;0;0;0;1;1;-20,03732388;-49,04948451;SPRF-MG;DEL13-MG;UOP02-DEL13-MG;;;
668421;20/03/2025;quinta-feira;12:00:00;MS;262;305,5;CAMPO GRANDE;Ingest�o de �lcool pelo condutor;Colis�o com objeto;Com V�timas Fatais;Pleno dia;Crescente;C�u Claro;Simples;Curva;N�o;1;1;0;0;0;0;0;1;-20,48058676;-54,33933914;SPRF-MS;DEL01-MS;UOP01-DEL01-MS;;;
668423;16/02/2025;domingo;23:32:00;PA;163;311;NOVO PROGRESSO;Rea��o tardia ou ineficiente do condutor;Queda de ocupante de ve�culo;Sem V�timas;Plena Noite;Decrescente;Ignorado;Dupla;Reta;Sim;1;0;0;0;0;1;0;1;-7,0420774;-55,41388035;SPRF-PA;DEL05-PA;UOP03-DEL05-PA;;;
668425;20/03/2025;quinta-feira;11:00:00;TO;153;351;FORTALEZA DO TABOCAO;Ultrapassagem Indevida;Colis�o lateral mesmo sentido;Sem V�timas;Pleno dia;Crescente;Nublado;Simples;Reta;N�o;2;0;0;0;2;0;0;2;-9,00108845;-48,50109141;SPRF-TO;DEL02-TO;UOP02-DEL02-TO;;;
668426;20/03/2025;quinta-feira;13:40:00;MG;381;381;SAO GONCALO DO RIO ABAIXO;Convers�o proibida;Colis�o transversal;Com V�timas Feridas;Pleno dia;Decrescente;C�u Claro;Simples;Reta;Sim;2;0;0;1;1;0;1;2;-19,83381204;-43,35123539;SPRF-MG;DEL01-MG;UOP01-DEL01-MG;;;
668427;20/03/2025;quinta-feira;13:10:00;SC;101;214,1;PALHOCA;Rea��o tardia ou ineficiente do condutor;Colis�o traseira;Com V�timas Feridas;Pleno dia;Decrescente;Sol;M�ltipla;Reta;Sim;3;0;2;0;1;0;2;2;-27,64588423;-48,67125213;SPRF-SC;DEL01-SC;UOP02-DEL01-SC;;;
668430;20/03/2025;quinta-feira;13:02:00;MS;163;618,6;SAO GABRIEL DO OESTE;Aus�ncia de rea��o do condutor;Colis�o traseira;Com V�timas Feridas;Pleno dia;Crescente;C�u Claro;Simples;Reta;Sim;2;0;0;1;1;0;1;2;-19,36902343;-54,58393514;SPRF-MS;DEL06-MS;UOP02-DEL06-MS;;;
668431;20/03/2025;quinta-feira;08:10:00;SC;280;4,5;SAO FRANCISCO DO SUL;Convers�o proibida;Colis�o lateral mesmo sentido;Com V�timas Feridas;Pleno dia;Crescente;C�u Claro;Simples;Reta;Sim;2;0;1;0;1;0;1;2;-26,25665;-48,62213;SPRF-SC;DEL03-SC;UOP03-DEL03-SC;;;
668432;20/03/2025;quinta-feira;11:30:00;BA;324;440;RIACHAO DO JACUIPE;Demais falhas na via;Sa�da de leito carro��vel;Com V�timas Fatais;Pleno dia;Decrescente;Nublado;Simples;Reta;N�o;1;1;0;0;0;0;0;1;-11,85575919;-39,33174133;SPRF-BA;DEL04-BA;UOP02-DEL04-BA;;;
668433;20/03/2025;quinta-feira;14:00:00;SC;280;52;GUARAMIRIM;Acesso irregular;Colis�o transversal;Com V�timas Feridas;Pleno dia;Crescente;C�u Claro;Dupla;Reta;N�o;2;0;2;0;0;0;2;2;-26,46818;-48,95915;SPRF-SC;DEL03-SC;UOP03-DEL03-SC;;;
668434;20/03/2025;quinta-feira;13:45:00;MG;262;366;JUATUBA;Condutor deixou de manter dist�ncia do ve�culo da frente;Colis�o traseira;Com V�timas Feridas;Pleno dia;Decrescente;C�u Claro;Dupla;Curva;N�o;4;0;2;0;2;0;2;2;-19,97290511;-44,31172371;SPRF-MG;DEL01-MG;UOP03-DEL01-MG;;;
668435;20/03/2025;quinta-feira;14:25:00;RS;386;342,4;LAJEADO;Aus�ncia de rea��o do condutor;Colis�o traseira;Sem V�timas;Pleno dia;Crescente;Sol;Simples;Reta;Sim;2;0;0;0;2;0;0;2;-29,43312;-52,00861;SPRF-RS;DEL04-RS;UOP01-DEL04-RS;;;
668436;20/03/2025;quinta-feira;14:00:00;RS;116;514;PELOTAS;Aus�ncia de rea��o do condutor;Colis�o transversal;Com V�timas Feridas;Pleno dia;Decrescente;C�u Claro;Simples;Reta;N�o;4;0;2;0;1;1;2;3;-31,6519932;-52,33644247;SPRF-RS;DEL07-RS;UOP01-DEL07-RS;;;
668437;07/02/2025;sexta-feira;18:30:00;GO;70;2;AGUAS LINDAS DE GOIAS;Pedestre cruzava a pista fora da faixa;Atropelamento de Pedestre;Com V�timas Feridas;Anoitecer;Crescente;Nublado;Dupla;Reta;Sim;2;0;1;0;1;0;1;2;-15,76126732;-48,23982954;SPRF-DF;DEL03-DF;UOP02-DEL03-DF;;;
668438;12/03/2025;quarta-feira;12:49:00;SC;470;54,5;BLUMENAU;Acessar a via sem observar a presen�a dos outros ve�culos;Colis�o transversal;Com V�timas Feridas;Pleno dia;Crescente;Nublado;Simples;Interse��o de Vias;Sim;2;0;1;0;1;0;1;2;-26,873162;-49,114189;SPRF-SC;DEL04-SC;UOP01-DEL04-SC;;;
668439;13/03/2025;quinta-feira;19:40:00;SC;101;145;ITAPEMA;Ingest�o de �lcool pelo condutor;Engavetamento;Sem V�timas;Plena Noite;Decrescente;Nublado;Dupla;Reta;Sim;3;0;0;0;3;0;0;3;-27,08067947;-48,60064459;SPRF-SC;DEL04-SC;UOP03-DEL04-SC;;;
668440;20/03/2025;quinta-feira;10:01:00;MT;70;739;CACERES;Aus�ncia de rea��o do condutor;Sa�da de leito carro��vel;Com V�timas Feridas;Pleno dia;Crescente;Sol;Simples;Ponte;N�o;1;0;1;0;0;0;1;1;-16,05202;-57,7178;SPRF-MT;DEL03-MT;UOP01-DEL03-MT;;;
668442;20/03/2025;quinta-feira;13:30:00;PE;232;102;BEZERROS;Acessar a via sem observar a presen�a dos outros ve�culos;Colis�o frontal;Com V�timas Feridas;Pleno dia;Crescente;C�u Claro;Simples;"Aclive;Viaduto;Interse��o de Vias";Sim;3;0;0;2;1;0;2;2;-8,248355;-35,758572;SPRF-PE;DEL02-PE;UOP02-DEL02PE;;;
668443;20/03/2025;quinta-feira;13:20:00;PR;163;111,8;CAPANEMA;Rea��o tardia ou ineficiente do condutor;Colis�o frontal;Com V�timas Fatais;Pleno dia;Decrescente;C�u Claro;Simples;"Curva;Declive";N�o;2;1;0;0;1;0;0;2;-25,62640678;-53,66179336;SPRF-PR;DEL02-PR;UOP02-DEL02-PR;;;
668444;20/03/2025;quinta-feira;15:20:00;MG;381;357;JOAO MONLEVADE;Rea��o tardia ou ineficiente do condutor;Colis�o transversal;Com V�timas Feridas;Pleno dia;Decrescente;C�u Claro;Simples;"Reta;Interse��o de Vias";Sim;2;0;1;0;1;0;1;2;-19,839728;-43,179557;SPRF-MG;DEL03-MG;UOP01-DEL03-MG;;;
668445;20/03/2025;quinta-feira;14:40:00;TO;153;502,4;PARAISO DO TOCANTINS;Pista esburacada;Sa�da de leito carro��vel;Com V�timas Feridas;Pleno dia;Crescente;Nublado;Simples;Reta;N�o;2;0;2;0;0;0;2;1;-10,22228544;-48,87541294;SPRF-TO;DEL01-TO;UOP01-DEL01-TO;;;
668447;20/03/2025;quinta-feira;15:05:00;RS;116;318;BARRA DO RIBEIRO;Trafegar com motocicleta (ou similar) entre as faixas;Colis�o traseira;Com V�timas Feridas;Pleno dia;Crescente;C�u Claro;Dupla;"Retorno Regulamentado;Reta;Em Obras";N�o;2;0;1;0;1;0;1;2;-30,274165;-51,409812;SPRF-RS;DEL02-RS;UOP01-DEL02-RS;;;
668453;20/03/2025;quinta-feira;12:55:00;AC;364;127;RIO BRANCO;Retorno proibido;Colis�o transversal;Com V�timas Feridas;Pleno dia;Decrescente;C�u Claro;Simples;Reta;N�o;2;0;1;0;1;0;1;2;-10,022417;-67,8166583;SPRF-AC;DEL01-AC;UOP01-DEL01-AC;;;
668455;20/03/2025;quinta-feira;15:40:00;SC;282;5,9;SAO JOSE;Condutor deixou de manter dist�ncia do ve�culo da frente;Colis�o lateral mesmo sentido;Com V�timas Feridas;Pleno dia;Crescente;C�u Claro;Simples;Curva;Sim;2;0;1;0;1;0;1;2;-27,58472;-48,61649;SPRF-SC;DEL01-SC;UOP01-DEL01-SC;;;
668460;20/03/2025;quinta-feira;16:00:00;SP;116;206;GUARULHOS;Velocidade Incompat�vel;Colis�o lateral mesmo sentido;Com V�timas Feridas;Pleno dia;Decrescente;Sol;Dupla;Reta;Sim;3;0;1;0;2;0;1;3;-23,42022113;-46,38611197;SPRF-SP;DEL01-SP;UOP01-DEL01-SP;;;
668461;20/03/2025;quinta-feira;14:00:00;MG;365;148;PIRAPORA;Demais falhas mec�nicas ou el�tricas;Inc�ndio;Sem V�timas;Pleno dia;Decrescente;C�u Claro;Simples;Reta;N�o;2;0;0;0;2;0;0;1;-17,27836286;-44,86916465;SPRF-MG;DEL10-MG;UOP02-DEL010-MG;;;
668462;20/03/2025;quinta-feira;12:10:00;BA;101;894;CARAVELAS;Demais falhas mec�nicas ou el�tricas;Inc�ndio;Sem V�timas;Pleno dia;Decrescente;C�u Claro;Simples;Reta;N�o;1;0;0;0;1;0;0;1;-17,68318149;-39,77405311;SPRF-BA;DEL09-BA;UOP02-DEL09-BA;;;
668465;20/03/2025;quinta-feira;15:45:00;MG;262;791,1;UBERABA;Mal s�bito do condutor;Sa�da de leito carro��vel;Com V�timas Fatais;Pleno dia;Decrescente;C�u Claro;Simples;Curva;N�o;1;1;0;0;0;0;0;1;-19,76347259;-47,80220032;SPRF-MG;DEL13-MG;UOP01-DEL13-MG;;;
668468;20/03/2025;quinta-feira;16:40:00;RS;285;122;VACARIA;Desrespeitar a prefer�ncia no cruzamento;Colis�o transversal;Com V�timas Feridas;Pleno dia;Crescente;C�u Claro;Simples;Rotat�ria;Sim;5;0;2;0;3;0;2;2;-28,50586792;-50,94308669;SPRF-RS;DEL05-RS;UOP03-DEL05-RS;;;
668472;20/03/2025;quinta-feira;15:20:00;RJ;40;101;DUQUE DE CAXIAS;Pista Escorregadia;Queda de ocupante de ve�culo;Com V�timas Feridas;Pleno dia;Crescente;Chuva;Simples;Curva;Sim;1;0;1;0;0;0;1;1;-22,60540183;-43,28961533;SPRF-RJ;DEL01-RJ;UOP01-DEL01-RJ;;;
668473;09/03/2025;domingo;07:50:00;SP;101;30,1;UBATUBA;Condutor deixou de manter dist�ncia do ve�culo da frente;Colis�o traseira;Com V�timas Feridas;Pleno dia;Decrescente;Nublado;Simples;"Reta;Em Obras;Declive";Sim;2;0;1;0;1;0;1;2;-23,38107095;-44,96716607;SPRF-SP;DEL06-SP;UOP01-DEL06-SP;;;
668476;20/03/2025;quinta-feira;17:30:00;SC;101;91,3;BARRA VELHA;Acessar a via sem observar a presen�a dos outros ve�culos;Colis�o transversal;Com V�timas Feridas;Pleno dia;Decrescente;C�u Claro;M�ltipla;"Reta;Viaduto;Interse��o de Vias";Sim;3;0;2;0;1;0;2;2;-26,68007143;-48,69255239;SPRF-SC;DEL03-SC;UOP02-DEL03-SC;;;
668477;20/03/2025;quinta-feira;17:20:00;PE;101;60;RECIFE;Aus�ncia de rea��o do condutor;Queda de ocupante de ve�culo;Com V�timas Feridas;Anoitecer;Decrescente;C�u Claro;Dupla;Reta;N�o;1;0;0;1;0;0;1;1;-7,9880218;-34,9325688;SPRF-PE;DEL01-PE;UOP02-DEL01-PE;;;
668481;20/03/2025;quinta-feira;16:40:00;PE;101;60;RECIFE;Condutor deixou de manter dist�ncia do ve�culo da frente;Colis�o traseira;Sem V�timas;Anoitecer;Decrescente;C�u Claro;Dupla;Reta;Sim;2;0;0;0;2;0;0;2;-7,99315643;-34,93720941;SPRF-PE;DEL01-PE;UOP02-DEL01-PE;;;
668483;20/03/2025;quinta-feira;16:30:00;CE;222;221;SOBRAL;Defici�ncia do Sistema de Ilumina��o/Sinaliza��o;Colis�o com objeto;Sem V�timas;Pleno dia;Decrescente;C�u Claro;Simples;Reta;Sim;2;0;0;0;2;0;0;1;-3,719202;-40,33222491;SPRF-CE;DEL04-CE;UOP01-DEL04-CE;;;
668484;20/03/2025;quinta-feira;17:30:00;GO;153;509;APARECIDA DE GOIANIA;Condutor deixou de manter dist�ncia do ve�culo da frente;Colis�o traseira;Com V�timas Feridas;Pleno dia;Decrescente;C�u Claro;M�ltipla;Reta;Sim;2;0;1;0;1;0;1;2;-16,7822415;-49,2370886;SPRF-GO;DEL01-GO;UOP03-DEL01-GO;;;
668485;20/03/2025;quinta-feira;17:15:00;PR;376;2;SAO JOSE DOS PINHAIS;Aus�ncia de rea��o do condutor;Colis�o traseira;Com V�timas Feridas;Pleno dia;Crescente;Sol;Dupla;Reta;Sim;2;0;0;1;1;0;1;2;-25,5495316;-49,18829972;SPRF-PR;DEL01-PR;UOP04-DEL01-PR;;;
668486;20/03/2025;quinta-feira;17:40:00;PR;277;598;CASCAVEL;Animais na Pista;Queda de ocupante de ve�culo;Com V�timas Feridas;Pleno dia;Crescente;Sol;Simples;Reta;Sim;1;0;1;0;0;0;1;1;-24,9972581;-53,5176597;SPRF-PR;DEL04-PR;UOP01-DEL04-PR;;;
668489;20/03/2025;quinta-feira;15:50:00;MG;262;664,5;IBIA;Chuva;Sa�da de leito carro��vel;Com V�timas Feridas;Pleno dia;Crescente;Chuva;Simples;Reta;N�o;1;0;0;1;0;0;1;1;-19,553724;-46,769787;SPRF-MG;DEL08-MG;UOP01-DEL08-MG;;;
668491;20/03/2025;quinta-feira;10:05:00;PR;272;568;GUAIRA;Desrespeitar a prefer�ncia no cruzamento;Colis�o transversal;Sem V�timas;Pleno dia;Crescente;C�u Claro;Simples;Rotat�ria;N�o;2;0;0;0;2;0;0;2;-24,10592297;-54,23926806;SPRF-PR;DEL06-PR;UOP01-DEL06-PR;;;
668494;20/03/2025;quinta-feira;11:50:00;BA;242;835,2;BARREIRAS;Rea��o tardia ou ineficiente do condutor;Sa�da de leito carro��vel;Com V�timas Feridas;Pleno dia;Decrescente;Chuva;Simples;"Reta;Declive";N�o;1;0;1;0;0;0;1;1;-12,11183734;-45,17028809;SPRF-BA;DEL10-BA;UOP01-DEL10-BA;;;
668495;20/03/2025;quinta-feira;17:20:00;MS;376;93,6;IVINHEMA;Rea��o tardia ou ineficiente do condutor;Colis�o com objeto;Com V�timas Feridas;Pleno dia;Decrescente;C�u Claro;Simples;Reta;N�o;1;0;1;0;0;0;1;1;-22,309819;-54,055131;SPRF-MS;DEL04-MS;UOP04-DEL04-MS;;;
668496;20/03/2025;quinta-feira;14:30:00;MA;226;283,7;BARRA DO CORDA;Velocidade Incompat�vel;Sa�da de leito carro��vel;Com V�timas Feridas;Pleno dia;Crescente;Nublado;Simples;Reta;N�o;2;0;2;0;0;0;2;1;-5,453883;-45,124052;SPRF-MA;DEL06-MA;UOP01-DEL06-MA;;;
668497;20/03/2025;quinta-feira;18:20:00;PR;116;54;CAMPINA GRANDE DO SUL;Afundamento ou ondula��o no pavimento;Tombamento;Com V�timas Feridas;Anoitecer;Decrescente;C�u Claro;Dupla;"Reta;Aclive";N�o;1;0;1;0;0;0;1;1;-25,27686543;-48,92400557;SPRF-PR;DEL01-PR;UOP02-DEL01-PR;;;
668498;20/03/2025;quinta-feira;17:45:00;SC;470;65,6;INDAIAL;Pista esburacada;Tombamento;Com V�timas Feridas;Pleno dia;Crescente;C�u Claro;M�ltipla;Reta;N�o;1;0;1;0;0;0;1;1;-26,869879;-49,223983;SPRF-SC;DEL04-SC;UOP01-DEL04-SC;;;
668499;20/03/2025;quinta-feira;18:50:00;RJ;356;149;CAMPOS DOS GOYTACAZES;Acessar a via sem observar a presen�a dos outros ve�culos;Colis�o transversal;Com V�timas Feridas;Plena Noite;Crescente;C�u Claro;Simples;Reta;N�o;2;0;0;1;1;0;1;2;-21,765991;-41,274094;SPRF-RJ;DEL08-RJ;UOP02-DEL08-RJ;;;
668501;23/01/2025;quinta-feira;22:20:00;RJ;116;202;QUEIMADOS;Acesso irregular;Colis�o lateral mesmo sentido;Com V�timas Feridas;Plena Noite;Crescente;Nublado;Dupla;Reta;N�o;3;0;0;1;2;0;1;2;-22,72996588;-43,61317403;SPRF-RJ;DEL06-RJ;UOP02-DEL06-RJ;;;
668503;20/03/2025;quinta-feira;18:30:00;MG;262;422,9;IGARATINGA;Desrespeitar a prefer�ncia no cruzamento;Colis�o traseira;Com V�timas Feridas;Anoitecer;Crescente;C�u Claro;Dupla;Retorno Regulamentado;Sim;3;0;0;2;1;0;2;2;-19,88898774;-44,79771852;SPRF-MG;DEL08-MG;UOP03-DEL08-MG;;;
668505;20/03/2025;quinta-feira;16:53:00;MG;381;670;PERDOES;Demais falhas mec�nicas ou el�tricas;Tombamento;Com V�timas Feridas;Pleno dia;Crescente;Nublado;Dupla;"Reta;Aclive";N�o;2;0;2;0;0;0;2;1;-21,056;-45,043;SPRF-MG;DEL04-MG;UOP02-DEL04-MG;;;
668506;20/03/2025;quinta-feira;19:15:00;SP;116;112;TAUBATE;Avarias e/ou desgaste excessivo no pneu;Queda de ocupante de ve�culo;Com V�timas Feridas;Plena Noite;Crescente;C�u Claro;Dupla;Reta;Sim;2;0;2;0;0;0;2;1;-23,0380895;-45,5657526;SPRF-SP;DEL02-SP;UOP02-DEL02-SP;;;
668507;20/03/2025;quinta-feira;19:40:00;MG;40;519,5;CONTAGEM;Objeto est�tico sobre o leito carro��vel;Colis�o com objeto;Com V�timas Fatais;Plena Noite;Decrescente;Nublado;Dupla;"Reta;Aclive";N�o;5;1;0;0;2;2;0;4;-19,84404542;-44,07429457;SPRF-MG;DEL01-MG;UOP02-DEL01-MG;;;
668508;20/03/2025;quinta-feira;18:55:00;PE;232;508;SALGUEIRO;Acessar a via sem observar a presen�a dos outros ve�culos;Colis�o transversal;Com V�timas Feridas;Plena Noite;Crescente;C�u Claro;Simples;Reta;N�o;3;0;2;0;1;0;2;2;-8,06267142;-39,12334442;SPRF-PE;DEL05-PE;UOP01-DEL05-PE;;;
668509;20/03/2025;quinta-feira;17:20:00;SC;282;3;FLORIANOPOLIS;Aus�ncia de rea��o do condutor;Colis�o lateral mesmo sentido;Com V�timas Feridas;Pleno dia;Crescente;C�u Claro;Dupla;Reta;N�o;2;0;1;0;1;0;1;2;-27,60176751;-48,59740907;SPRF-SC;DEL01-SC;UOP01-DEL01-SC;;;
668511;20/03/2025;quinta-feira;19:25:00;GO;70;6,4;AGUAS LINDAS DE GOIAS;Estacionar ou parar em local proibido;Colis�o traseira;Com V�timas Feridas;Plena Noite;Crescente;C�u Claro;Dupla;Reta;Sim;2;0;1;0;1;0;1;2;-15,74967775;-48,2619904;SPRF-DF;DEL03-DF;UOP02-DEL03-DF;;;
668512;20/03/2025;quinta-feira;18:40:00;MT;163;708;SORRISO;Aus�ncia de rea��o do condutor;Tombamento;Com V�timas Feridas;Plena Noite;Decrescente;C�u Claro;Simples;Reta;N�o;1;0;1;0;0;0;1;1;-12,9066;-55,8504;SPRF-MT;DEL06-MT;UOP01-DEL06-MT;;;
668513;20/03/2025;quinta-feira;20:10:00;SC;101;111;NAVEGANTES;Entrada inopinada do pedestre;Atropelamento de Pedestre;Com V�timas Feridas;Plena Noite;Crescente;C�u Claro;Dupla;Reta;Sim;2;0;1;0;1;0;1;2;-26,84442886;-48,71709645;SPRF-SC;DEL04-SC;UOP04-DEL04-SC;;;
668514;20/03/2025;quinta-feira;20:00:00;SC;282;15,8;PALHOCA;Convers�o proibida;Colis�o transversal;Com V�timas Feridas;Plena Noite;Decrescente;Nublado;Simples;Reta;Sim;2;0;0;1;1;0;1;2;-27,6574;-48,6806;SPRF-SC;DEL01-SC;UOP02-DEL01-SC;;;
668516;20/03/2025;quinta-feira;18:30:00;PR;116;94;SAO JOSE DOS PINHAIS;Aus�ncia de rea��o do condutor;Capotamento;Com V�timas Feridas;Plena Noite;Crescente;Nublado;Dupla;"Reta;Declive";N�o;1;0;1;0;0;0;1;1;-25,50041813;-49,16646436;SPRF-PR;DEL01-PR;UOP07-DEL01-PR;;;
668517;20/03/2025;quinta-feira;17:40:00;RO;364;341,9;JI-PARANA;Animais na Pista;Atropelamento de Animal;Com V�timas Feridas;Pleno dia;Crescente;C�u Claro;Dupla;Reta;Sim;1;0;0;1;0;0;1;1;-10,8268984;-62,0141774;SPRF-RO;DEL02-RO;UOP01-DEL02-RO;;;
668518;20/03/2025;quinta-feira;19:00:00;MG;116;706,3;MURIAE;Velocidade Incompat�vel;Capotamento;Com V�timas Feridas;Plena Noite;Decrescente;Chuva;Simples;Curva;N�o;2;0;1;0;1;0;1;1;-21,15335669;-42,38197088;SPRF-MG;DEL07-MG;UOP02-DEL07-MG;;;
668519;20/03/2025;quinta-feira;17:10:00;RJ;101;321;NITEROI;Avarias e/ou desgaste excessivo no pneu;Queda de ocupante de ve�culo;Com V�timas Feridas;Pleno dia;Decrescente;Nublado;M�ltipla;Reta;N�o;2;0;1;0;1;0;1;1;-22,87397391;-43,11007261;SPRF-RJ;DEL02-RJ;UOP01-DEL02-RJ;;;
668520;20/03/2025;quinta-feira;19:50:00;RS;158;329;SANTA MARIA;Acessar a via sem observar a presen�a dos outros ve�culos;Colis�o transversal;Com V�timas Feridas;Plena Noite;Decrescente;C�u Claro;Dupla;"Reta;Interse��o de Vias";Sim;3;0;0;1;2;0;1;2;-29,70167565;-53,83861715;SPRF-RS;DEL09-RS;UOP01-DEL09-RS;;;
668522;20/03/2025;quinta-feira;21:05:00;SC;101;205;SAO JOSE;Rea��o tardia ou ineficiente do condutor;Colis�o lateral mesmo sentido;Com V�timas Feridas;Plena Noite;Decrescente;C�u Claro;M�ltipla;Reta;Sim;2;0;1;0;1;0;1;2;-27,583799;-48,615332;SPRF-SC;DEL01-SC;UOP01-DEL01-SC;;;
668523;20/03/2025;quinta-feira;20:00:00;RS;468;1,5;PALMEIRA DAS MISSOES;Animais na Pista;Atropelamento de Animal;Com V�timas Feridas;Plena Noite;Decrescente;C�u Claro;Simples;Reta;N�o;2;0;0;2;0;0;2;2;-27,87292082;-53,31085682;SPRF-RS;DEL08-RS;UOP01-DEL08-RS;;;
668524;20/03/2025;quinta-feira;19:00:00;GO;60;452;JATAI;Rea��o tardia ou ineficiente do condutor;Sa�da de leito carro��vel;Com V�timas Feridas;Plena Noite;Crescente;C�u Claro;Dupla;"Reta;Declive";N�o;1;0;0;1;0;0;1;1;-17,854301;-51,54006;SPRF-GO;DEL05-GO;UOP01-DEL05-GO;;;
668525;20/03/2025;quinta-feira;21:10:00;RS;116;261,8;CANOAS;Aus�ncia de rea��o do condutor;Tombamento;Com V�timas Feridas;Plena Noite;Decrescente;C�u Claro;M�ltipla;Curva;Sim;1;0;1;0;0;0;1;1;-29,89535012;-51,17626905;SPRF-RS;DEL01-RS;UOP01-DEL01-RS;;;
668527;20/03/2025;quinta-feira;18:40:00;MG;116;803,6;ALEM PARAIBA;Animais na Pista;Queda de ocupante de ve�culo;Com V�timas Feridas;Plena Noite;Decrescente;Nublado;Simples;Reta;N�o;2;0;2;0;0;0;2;1;-21,79296527;-42,71468282;SPRF-MG;DEL07-MG;UOP01-DEL07-MG;;;
668528;20/03/2025;quinta-feira;21:00:00;RJ;116;182;NOVA IGUACU;Aus�ncia de rea��o do condutor;Colis�o traseira;Com V�timas Feridas;Plena Noite;Crescente;C�u Claro;Dupla;Reta;N�o;2;0;1;0;1;0;1;2;-22,75652868;-43,43138516;SPRF-RJ;DEL06-RJ;UOP01-DEL06-RJ;;;
668529;20/03/2025;quinta-feira;19:30:00;RS;287;402;SANTIAGO;Transitar na contram�o;Colis�o frontal;Com V�timas Feridas;Plena Noite;Decrescente;C�u Claro;Simples;Interse��o de Vias;Sim;4;0;4;0;0;0;4;2;-29,14952408;-54,88638188;SPRF-RS;DEL12-RS;UOP02-DEL12-RS;;;
668530;20/03/2025;quinta-feira;21:27:00;ES;101;142;LINHARES;Rea��o tardia ou ineficiente do condutor;Sa�da de leito carro��vel;Com V�timas Feridas;Plena Noite;Crescente;C�u Claro;Dupla;Reta;Sim;1;0;1;0;0;0;1;1;-19,33462659;-40,0678736;SPRF-ES;DEL04-ES;UOP01-DEL04-ES;;;
668531;20/03/2025;quinta-feira;21:16:00;PR;277;594,5;CASCAVEL;Condutor deixou de manter dist�ncia do ve�culo da frente;Colis�o traseira;Com V�timas Feridas;Plena Noite;Crescente;C�u Claro;Simples;Curva;N�o;4;0;3;0;1;0;3;2;-24,9794733;-53,4963745;SPRF-PR;DEL04-PR;UOP01-DEL04-PR;;;