id;data_inversa;dia_semana;horario;uf;br;km;municipio;causa_acidente;tipo_acidente;classificacao_acidente;fase_dia;sentido_via;condicao_metereologica;tipo_pista;tracado_via;uso_solo;pessoas;mortos;feridos_leves;feridos_graves;ilesos;ignorados;feridos;veiculos;latitude;longitude;regional;delegacia;uop;;;
668532;20/03/2025;quinta-feira;21:35:00;BA;407;112;JAGUARARI;Animais na Pista;Atropelamento de Animal;Sem V�timas;Plena Noite;Decrescente;C�u Claro;Simples;Aclive;N�o;2;0;0;0;1;1;0;2;-10,335357;-40,167738;SPRF-BA;DEL04-BA;UOP01-DEL04-BA;;;
668533;20/03/2025;quinta-feira;21:20:00;RJ;40;118;DUQUE DE CAXIAS;Demais falhas mec�nicas ou el�tricas;Inc�ndio;Sem V�timas;Plena Noite;Crescente;C�u Claro;Dupla;Reta;Sim;1;0;0;0;1;0;0;1;-22,7540555;-43,2874206;SPRF-RJ;DEL01-RJ;UOP02-DEL01-RJ;;;
668535;20/03/2025;quinta-feira;19:40:00;SC;101;450,8;SAO JOAO DO SUL;Transitar na contram�o;Colis�o frontal;Com V�timas Feridas;Plena Noite;Decrescente;C�u Claro;M�ltipla;Reta;Sim;3;0;0;1;2;0;1;2;-29,18431342;-49,75508451;SPRF-SC;DEL02-SC;UOP02-DEL02-SC;;;
668536;12/02/2025;quarta-feira;23:40:00;DF;60;6;BRASILIA;Rea��o tardia ou ineficiente do condutor;Sa�da de leito carro��vel;Com V�timas Feridas;Plena Noite;Crescente;C�u Claro;Dupla;Reta;Sim;1;0;1;0;0;0;1;1;-15,90037874;-48,12123649;SPRF-DF;DEL03-DF;UOP01-DEL03-DF;;;
668539;20/03/2025;quinta-feira;22:00:00;PR;376;621,1;SAO JOSE DOS PINHAIS;Velocidade Incompat�vel;Sa�da de leito carro��vel;Com V�timas Feridas;Plena Noite;Decrescente;Vento;Dupla;"Reta;Aclive";N�o;1;0;1;0;0;0;1;1;-25,62259099;-49,16684205;SPRF-PR;DEL01-PR;UOP04-DEL01-PR;;;
668540;20/03/2025;quinta-feira;20:30:00;RS;471;190;PANTANO GRANDE;Ingest�o de �lcool pelo condutor;Colis�o traseira;Sem V�timas;Plena Noite;Decrescente;C�u Claro;Simples;Reta;N�o;4;0;0;0;4;0;0;2;-30,14097063;-52,37148285;SPRF-RS;DEL02-RS;UOP03-DEL02-RS;;;
668542;20/03/2025;quinta-feira;22:30:00;MT;174;4;PONTES E LACERDA;Ingest�o de �lcool pelo condutor;Colis�o lateral mesmo sentido;Sem V�timas;Plena Noite;Decrescente;C�u Claro;Simples;Reta;Sim;2;0;0;0;2;0;0;2;-15,23682541;-59,34062004;SPRF-MT;DEL04-MT;UOP01-DEL04-MT;;;
668544;21/03/2025;sexta-feira;00:50:00;RN;304;238,8;RIACHUELO;Aus�ncia de rea��o do condutor;Colis�o traseira;Com V�timas Fatais;Plena Noite;Decrescente;C�u Claro;Simples;Reta;N�o;3;1;0;0;2;0;0;2;-5,792193;-35,843442;SPRF-RN;DEL01-RN;UOP02-DEL01-RN;;;
668545;21/03/2025;sexta-feira;01:15:00;BA;324;620,2;SALVADOR;Suic�dio (presumido);Eventos at�picos;Com V�timas Fatais;Plena Noite;Decrescente;C�u Claro;M�ltipla;Reta;Sim;2;1;0;0;1;0;0;2;-12,916;-38,461;SPRF-BA;DEL01-BA;UOP01-DEL01-BA;;;
668550;21/03/2025;sexta-feira;03:35:00;BA;101;812;ITAMARAJU;Aus�ncia de rea��o do condutor;Colis�o com objeto;Com V�timas Fatais;Plena Noite;Decrescente;C�u Claro;Simples;Ponte;Sim;2;1;0;1;0;0;1;1;-17,0459765;-39,5469532;SPRF-BA;DEL09-BA;UOP01-DEL09-BA;;;
668553;21/03/2025;sexta-feira;02:42:00;MG;50;178,6;UBERABA;Aus�ncia de rea��o do condutor;Colis�o com objeto;Com V�timas Feridas;Plena Noite;Decrescente;C�u Claro;Dupla;Reta;Sim;1;0;1;0;0;0;1;1;-19,77884843;-47,93770183;SPRF-MG;DEL13-MG;UOP01-DEL13-MG;;;
668555;21/03/2025;sexta-feira;04:10:00;RS;386;347;LAJEADO;Aus�ncia de rea��o do condutor;Colis�o com objeto;Com V�timas Feridas;Plena Noite;Decrescente;C�u Claro;Dupla;"Desvio Tempor�rio;Reta;Em Obras";Sim;3;0;2;0;1;0;2;1;-29,45213062;-51,96509415;SPRF-RS;DEL04-RS;UOP01-DEL04-RS;;;
668557;21/03/2025;sexta-feira;05:30:00;SP;116;153,4;SAO JOSE DOS CAMPOS;Aus�ncia de rea��o do condutor;Colis�o com objeto;Com V�timas Feridas;Amanhecer;Decrescente;C�u Claro;M�ltipla;Reta;Sim;1;0;0;1;0;0;1;1;-23,2333787;-45,9145488;SPRF-SP;DEL02-SP;UOP01-DEL02-SP;;;
668558;21/03/2025;sexta-feira;06:15:00;GO;60;179;ABADIA DE GOIAS;Avarias e/ou desgaste excessivo no pneu;Tombamento;Com V�timas Feridas;Pleno dia;Decrescente;C�u Claro;Dupla;Curva;N�o;2;0;2;0;0;0;2;1;-16,769946;-49,483129;SPRF-GO;DEL01-GO;UOP02-DEL01-GO;;;
668559;21/03/2025;sexta-feira;05:15:00;SC;101;34,6;JOINVILLE;Acessar a via sem observar a presen�a dos outros ve�culos;Colis�o transversal;Com V�timas Fatais;Amanhecer;Crescente;C�u Claro;Dupla;"Curva;Aclive";N�o;2;1;0;0;1;0;0;2;-26,26611363;-48,89815092;SPRF-SC;DEL03-SC;UOP01-DEL03-SC;;;
668560;21/03/2025;sexta-feira;06:00:00;DF;70;18;BRASILIA;Pedestre cruzava a pista fora da faixa;Atropelamento de Pedestre;Com V�timas Feridas;Pleno dia;Decrescente;C�u Claro;Dupla;Reta;Sim;3;0;0;1;2;0;1;3;-15,7895487;-48,21722388;SPRF-DF;DEL03-DF;UOP02-DEL03-DF;;;
668562;21/03/2025;sexta-feira;07:00:00;BA;324;513;FEIRA DE SANTANA;Pista Escorregadia;Tombamento;Com V�timas Feridas;Pleno dia;Crescente;C�u Claro;Simples;Reta;Sim;1;0;1;0;0;0;1;1;-12,23281272;-38,94919395;SPRF-BA;DEL02-BA;UOP01-DEL02-BA;;;
668564;21/03/2025;sexta-feira;04:10:00;RS;470;162,3;NOVA PRATA;Velocidade Incompat�vel;Sa�da de leito carro��vel;Com V�timas Fatais;Plena Noite;Decrescente;C�u Claro;Simples;Reta;Sim;1;1;0;0;0;0;0;1;-28,825308;-51,58345;SPRF-RS;DEL06-RS;UOP02-DEL06-RS;;;
668568;21/03/2025;sexta-feira;06:20:00;MG;40;524;CONTAGEM;Pedestre cruzava a pista fora da faixa;Atropelamento de Pedestre;Com V�timas Feridas;Pleno dia;Crescente;Sol;Dupla;Reta;Sim;3;0;2;0;1;0;2;2;-19,87387387;-44,0467024;SPRF-MG;DEL01-MG;UOP02-DEL01-MG;;;
668569;21/03/2025;sexta-feira;06:35:00;BA;407;109,9;SENHOR DO BONFIM;Demais falhas mec�nicas ou el�tricas;Inc�ndio;Sem V�timas;Pleno dia;Decrescente;C�u Claro;Simples;"Aclive;Reta";N�o;1;0;0;0;1;0;0;1;-10,3849224;-40,1746751;SPRF-BA;DEL04-BA;UOP01-DEL04-BA;;;
668571;21/03/2025;sexta-feira;07:30:00;RS;290;107;ELDORADO DO SUL;Transitar no Acostamento;Sa�da de leito carro��vel;Com V�timas Feridas;Pleno dia;Decrescente;Sol;Dupla;Reta;N�o;1;0;1;0;0;0;1;1;-30,00193914;-51,3041427;SPRF-RS;DEL02-RS;UOP01-DEL02-RS;;;
668572;21/03/2025;sexta-feira;07:00:00;SC;280;127;RIO NEGRINHO;Desrespeitar a prefer�ncia no cruzamento;Colis�o transversal;Com V�timas Feridas;Pleno dia;Decrescente;C�u Claro;Simples;"Reta;Declive";Sim;3;0;1;0;2;0;1;2;-26,239983;-49,506403;SPRF-SC;DEL06-SC;UOP03-DEL06-SC;;;
668575;21/03/2025;sexta-feira;07:00:00;RS;158;312;ITAARA;Rea��o tardia ou ineficiente do condutor;Queda de ocupante de ve�culo;Com V�timas Feridas;Pleno dia;Crescente;C�u Claro;Simples;Reta;Sim;1;0;0;1;0;0;1;1;-29,633442;-53,767552;SPRF-RS;DEL09-RS;UOP01-DEL09-RS;;;
668577;01/03/2025;s�bado;14:00:00;MG;381;658,3;SANTO ANTONIO DO AMPARO;Rea��o tardia ou ineficiente do condutor;Colis�o traseira;Com V�timas Feridas;Pleno dia;Decrescente;Nublado;M�ltipla;Reta;N�o;6;0;2;0;4;0;2;2;-20,99157318;-44,95674133;SPRF-MG;DEL04-MG;UOP02-DEL04-MG;;;
668578;21/03/2025;sexta-feira;07:30:00;PR;369;148;LONDRINA;Rea��o tardia ou ineficiente do condutor;Colis�o traseira;Com V�timas Feridas;Pleno dia;Decrescente;C�u Claro;Dupla;Reta;Sim;2;0;1;0;1;0;1;2;-23,29307765;-51,14466582;SPRF-PR;DEL07-PR;UOP01-DEL07-PR;;;
668580;21/03/2025;sexta-feira;07:15:00;RJ;116;82;TERESOPOLIS;Acessar a via sem observar a presen�a dos outros ve�culos;Colis�o frontal;Com V�timas Feridas;Pleno dia;Crescente;C�u Claro;Simples;"Reta;Aclive";N�o;2;0;1;0;1;0;1;2;-22,40380022;-42,95290858;SPRF-RJ;DEL04-RJ;UOP01-DEL04-RJ;;;
668582;21/03/2025;sexta-feira;06:40:00;RO;364;695;PORTO VELHO;Condutor deixou de manter dist�ncia do ve�culo da frente;Colis�o traseira;Com V�timas Feridas;Amanhecer;Crescente;C�u Claro;Dupla;Reta;Sim;2;0;1;0;1;0;1;2;-8,80045001;-63,73339869;SPRF-RO;DEL01-RO;UOP01-DEL01-RO;;;
668584;20/03/2025;quinta-feira;21:50:00;MG;116;407;GOVERNADOR VALADARES;Pista Escorregadia;Colis�o traseira;Com V�timas Feridas;Plena Noite;Decrescente;Garoa/Chuvisco;Simples;Reta;N�o;2;0;0;1;0;1;1;2;-18,81401778;-41,98390961;SPRF-MG;DEL06-MG;UOP01-DEL06-MG;;;
668585;21/03/2025;sexta-feira;07:55:00;SC;470;58,6;BLUMENAU;Transitar no Acostamento;Colis�o transversal;Com V�timas Feridas;Pleno dia;Decrescente;C�u Claro;Simples;"Curva;Declive;Em Obras";N�o;2;0;1;0;1;0;1;2;-26,88369819;-49,15201128;SPRF-SC;DEL04-SC;UOP01-DEL04-SC;;;
668587;21/03/2025;sexta-feira;08:00:00;PR;476;151;ARAUCARIA;Manobra de mudan�a de faixa;Colis�o lateral mesmo sentido;Com V�timas Feridas;Pleno dia;Decrescente;C�u Claro;Dupla;Reta;Sim;3;0;1;0;2;0;1;2;-25,56223507;-49,37532295;SPRF-PR;DEL01-PR;UOP06-DEL01-PR;;;
668588;21/03/2025;sexta-feira;07:20:00;BA;116;817,8;VITORIA DA CONQUISTA;Desrespeitar a prefer�ncia no cruzamento;Colis�o transversal;Com V�timas Feridas;Amanhecer;Crescente;C�u Claro;Simples;"Retorno Regulamentado;Interse��o de Vias";Sim;2;0;2;0;0;0;2;2;-14,82317082;-40,81787839;SPRF-BA;DEL08-BA;UOP01-DEL08-BA;;;
668589;21/03/2025;sexta-feira;07:45:00;PB;230;45,4;SANTA RITA;Demais falhas mec�nicas ou el�tricas;Sa�da de leito carro��vel;Com V�timas Feridas;Amanhecer;Decrescente;C�u Claro;Dupla;Reta;N�o;2;0;2;0;0;0;2;1;-7,158855;-35,018078;SPRF-PB;DEL01-PB;UOP02-DEL01-PB;;;
668590;21/03/2025;sexta-feira;07:40:00;PR;116;111;CURITIBA;Trafegar com motocicleta (ou similar) entre as faixas;Colis�o lateral mesmo sentido;Com V�timas Feridas;Pleno dia;Decrescente;Sol;Dupla;Reta;N�o;3;0;1;0;2;0;1;3;-25,556448;-49,271395;SPRF-PR;DEL01-PR;UOP03-DEL01-PR;;;
668592;21/03/2025;sexta-feira;08:35:00;SP;153;64;SAO JOSE DO RIO PRETO;Manobra de mudan�a de faixa;Colis�o lateral mesmo sentido;Com V�timas Feridas;Pleno dia;Crescente;C�u Claro;Dupla;"Reta;Viaduto";Sim;2;0;1;0;1;0;1;2;-20,831198;-49,361953;SPRF-SP;DEL09-SP;UOP01-DEL09-SP;;;
668593;21/03/2025;sexta-feira;07:40:00;AL;316;263;SATUBA;Acessar a via sem observar a presen�a dos outros ve�culos;Colis�o transversal;Com V�timas Feridas;Pleno dia;Crescente;C�u Claro;Simples;Reta;N�o;2;0;0;1;1;0;1;2;-9,587;-35,875;SPRF-AL;DEL02-AL;UOP01-DEL02-AL;;;
668594;21/03/2025;sexta-feira;08:40:00;SC;101;134;BALNEARIO CAMBORIU;Rea��o tardia ou ineficiente do condutor;Tombamento;Com V�timas Feridas;Pleno dia;Crescente;C�u Claro;Simples;Reta;Sim;1;0;1;0;0;0;1;1;-27,00369378;-48,63214997;SPRF-SC;DEL04-SC;UOP03-DEL04-SC;;;
668595;24/01/2025;sexta-feira;23:40:00;PE;232;84,5;GRAVATA;Condutor deixou de manter dist�ncia do ve�culo da frente;Colis�o traseira;Com V�timas Feridas;Plena Noite;Crescente;Chuva;Dupla;"Reta;Declive";N�o;4;0;1;1;2;0;2;2;-8,2059894;-35,60359683;SPRF-PE;DEL02-PE;UOP02-DEL02PE;;;
668598;21/03/2025;sexta-feira;08:15:00;SE;101;151,1;ESTANCIA;Acessar a via sem observar a presen�a dos outros ve�culos;Colis�o transversal;Com V�timas Feridas;Pleno dia;Decrescente;C�u Claro;Simples;Reta;Sim;2;0;1;0;1;0;1;2;-11,268532;-37,442716;SPRF-SE;DEL02-SE;UOP01-DEL02-SE;;;
668599;21/03/2025;sexta-feira;08:55:00;GO;60;389;RIO VERDE;Acumulo de �leo sobre o pavimento;Tombamento;Com V�timas Feridas;Pleno dia;Decrescente;C�u Claro;Dupla;Reta;Sim;2;0;1;0;1;0;1;1;-17,82515332;-50,96095204;SPRF-GO;DEL04-GO;UOP02-DEL04-GO;;;
668601;21/03/2025;sexta-feira;08:00:00;PR;376;221;CAMBIRA;Pedestre andava na pista;Atropelamento de Pedestre;Com V�timas Fatais;Pleno dia;Crescente;C�u Claro;Dupla;"Reta;Aclive";N�o;2;1;0;0;0;1;0;2;-23,602354;-51,597236;SPRF-PR;DEL09-PR;UOP01-DEL09-PR;;;
668602;21/03/2025;sexta-feira;08:30:00;GO;40;20,7;LUZIANIA;�rea urbana sem a presen�a de local apropriado para a travessia de pedestres;Atropelamento de Pedestre;Com V�timas Feridas;Pleno dia;Crescente;C�u Claro;Dupla;Reta;Sim;2;0;2;0;0;0;2;2;-16,22254;-47,914997;SPRF-DF;DEL01-DF;UOP01-DEL01-DF;;;
668603;20/03/2025;quinta-feira;02:30:00;BA;324;420;RIACHAO DO JACUIPE;Falta de acostamento;Colis�o transversal;Com V�timas Feridas;Plena Noite;Crescente;C�u Claro;Simples;Reta;N�o;3;0;1;0;2;0;1;2;-11,71006913;-39,52019656;SPRF-BA;DEL04-BA;UOP02-DEL04-BA;;;
668604;21/03/2025;sexta-feira;09:00:00;PR;476;126;CURITIBA;Condutor deixou de manter dist�ncia do ve�culo da frente;Colis�o traseira;Com V�timas Feridas;Pleno dia;Crescente;C�u Claro;Dupla;"Reta;Aclive";Sim;4;0;1;0;1;2;1;4;-25,42842599;-49,22862941;SPRF-PR;DEL01-PR;UOP01-DEL01-PR;;;
668606;21/03/2025;sexta-feira;09:20:00;GO;60;112;GOIANAPOLIS;Rea��o tardia ou ineficiente do condutor;Queda de ocupante de ve�culo;Com V�timas Feridas;Pleno dia;Crescente;C�u Claro;Dupla;"Declive;Reta";N�o;1;0;0;1;0;0;1;1;-16,45172597;-49,05017853;SPRF-GO;DEL01-GO;UOP01-DEL01-GO;;;
668607;21/03/2025;sexta-feira;09:20:00;PE;428;190,5;PETROLINA;Condutor deixou de manter dist�ncia do ve�culo da frente;Colis�o traseira;Com V�timas Feridas;Pleno dia;Crescente;C�u Claro;Dupla;Reta;Sim;2;0;0;1;1;0;1;2;-9,376833;-40,497927;SPRF-PE;DEL06-PE;UOP01-DEL06-PE;;;
668609;21/03/2025;sexta-feira;09:35:00;PR;369;178;ARAPONGAS;Condutor deixou de manter dist�ncia do ve�culo da frente;Colis�o traseira;Com V�timas Feridas;Pleno dia;Crescente;C�u Claro;Simples;Reta;Sim;2;0;1;0;1;0;1;2;-23,360948;-51,399555;SPRF-PR;DEL07-PR;UOP01-DEL07-PR;;;
668612;21/03/2025;sexta-feira;09:15:00;RO;364;426,9;JARU;Acessar a via sem observar a presen�a dos outros ve�culos;Colis�o transversal;Com V�timas Feridas;Pleno dia;Crescente;C�u Claro;Simples;"Reta;Rotat�ria";Sim;2;0;1;0;1;0;1;2;-10,42660818;-62,4885851;SPRF-RO;DEL03-RO;UOP02-DEL03-RO;;;
668617;21/03/2025;sexta-feira;11:35:00;RJ;116;320;ITATIAIA;Demais falhas mec�nicas ou el�tricas;Colis�o traseira;Com V�timas Feridas;Pleno dia;Crescente;C�u Claro;Dupla;Reta;Sim;2;0;2;0;0;0;2;2;-22,48849034;-44,55183506;SPRF-RJ;DEL07-RJ;UOP02-DEL07-RJ;;;
668618;21/03/2025;sexta-feira;11:20:00;SC;101;116,9;ITAJAI;�rea urbana sem a presen�a de local apropriado para a travessia de pedestres;Colis�o lateral mesmo sentido;Com V�timas Feridas;Pleno dia;Crescente;Sol;Dupla;Reta;N�o;3;0;0;1;2;0;1;3;-26,88825654;-48,72241259;SPRF-SC;DEL04-SC;UOP04-DEL04-SC;;;
668619;17/02/2025;segunda-feira;07:05:00;RN;406;147;CEARA-MIRIM;Afundamento ou ondula��o no pavimento;Colis�o lateral mesmo sentido;Com V�timas Feridas;Pleno dia;Crescente;C�u Claro;Simples;Reta;N�o;2;0;1;1;0;0;2;2;-5,64619702;-35,459121;SPRF-RN;DEL02-RN;UOP01-DEL02-RN;;;
668620;21/03/2025;sexta-feira;10:36:00;PE;104;20;TAQUARITINGA DO NORTE;Acesso irregular;Colis�o frontal;Com V�timas Feridas;Pleno dia;Crescente;C�u Claro;Dupla;Curva;N�o;3;0;1;2;0;0;3;2;-7,97389773;-36,108284;SPRF-PE;DEL02-PE;UOP01-DEL02-PE;;;
668621;21/03/2025;sexta-feira;11:36:00;SC;470;50,1;BLUMENAU;Aus�ncia de rea��o do condutor;Tombamento;Com V�timas Feridas;Pleno dia;Decrescente;Sol;Dupla;Reta;N�o;2;0;1;0;0;1;1;2;-26,85982542;-49,07626033;SPRF-SC;DEL04-SC;UOP01-DEL04-SC;;;
668622;21/03/2025;sexta-feira;10:30:00;ES;101;347,6;GUARAPARI;Pedestre andava na pista;Atropelamento de Pedestre;Com V�timas Feridas;Pleno dia;Crescente;Nublado;Dupla;Reta;N�o;4;0;1;0;0;3;1;2;-20,65219;-40,62928;SPRF-ES;DEL03-ES;UOP01-DEL03-ES;;;
668624;21/03/2025;sexta-feira;09:30:00;MG;262;449,8;NOVA SERRANA;Transitar no Acostamento;Colis�o transversal;Com V�timas Feridas;Pleno dia;Crescente;Nublado;Simples;"Reta;Interse��o de Vias";N�o;2;0;1;1;0;0;2;2;-19,85130123;-45,02705812;SPRF-MG;DEL08-MG;UOP03-DEL08-MG;;;
668627;21/03/2025;sexta-feira;09:30:00;BA;101;649;ITAPEBI;Velocidade Incompat�vel;Colis�o lateral sentido oposto;Com V�timas Feridas;Pleno dia;Crescente;Sol;Simples;Curva;N�o;2;0;1;0;1;0;1;2;-15,93134869;-39,56274033;SPRF-BA;DEL05-BA;UOP02-DEL05-BA;;;
668629;21/03/2025;sexta-feira;13:40:00;MG;40;606,8;CONGONHAS;Entrada inopinada do pedestre;Atropelamento de Pedestre;Com V�timas Feridas;Pleno dia;Crescente;Nublado;Simples;"Retorno Regulamentado;Reta";Sim;2;0;1;0;1;0;1;2;-20,4762212;-43,84263631;SPRF-MG;DEL05-MG;UOP02-DEL05-MG;;;
668630;21/03/2025;sexta-feira;13:10:00;PE;101;71;RECIFE;Transitar no Acostamento;Colis�o traseira;Com V�timas Feridas;Pleno dia;Crescente;C�u Claro;Dupla;Curva;N�o;3;0;1;0;1;1;1;3;-8,08432;-34,94448;SPRF-PE;DEL01-PE;UOP01-DEL01-PE;;;
668633;21/03/2025;sexta-feira;13:10:00;MG;381;557;ITAGUARA;Acessar a via sem observar a presen�a dos outros ve�culos;Atropelamento de Pedestre;Com V�timas Feridas;Pleno dia;Decrescente;Garoa/Chuvisco;Dupla;"Aclive;Reta";N�o;4;0;1;1;1;1;2;2;-20,35666147;-44,45847066;SPRF-MG;DEL04-MG;UOP03-DEL04-MG;;;
668634;25/02/2025;ter�a-feira;21:50:00;SC;280;125;RIO NEGRINHO;Acesso irregular;Colis�o transversal;Com V�timas Feridas;Plena Noite;Decrescente;C�u Claro;Simples;Reta;Sim;2;0;1;0;0;1;1;2;-26,23912555;-49,5026328;SPRF-SC;DEL06-SC;UOP03-DEL06-SC;;;
668636;21/03/2025;sexta-feira;11:30:00;SC;282;26,7;SANTO AMARO DA IMPERATRIZ;Acessar a via sem observar a presen�a dos outros ve�culos;Colis�o transversal;Sem V�timas;Pleno dia;Crescente;C�u Claro;Simples;Reta;N�o;2;0;0;0;2;0;0;2;-27,70144162;-48,80066687;SPRF-SC;DEL01-SC;UOP03-DEL01-SC;;;
668637;21/03/2025;sexta-feira;09:50:00;MT;364;269;JACIARA;Desrespeitar a prefer�ncia no cruzamento;Colis�o transversal;Com V�timas Feridas;Pleno dia;Crescente;C�u Claro;Dupla;Reta;N�o;2;0;1;0;1;0;1;2;-15,97645061;-54,94194031;SPRF-MT;DEL02-MT;UOP01-DEL02-MT;;;
668638;21/03/2025;sexta-feira;11:30:00;BA;101;906;IBIRAPUA;Rea��o tardia ou ineficiente do condutor;Sa�da de leito carro��vel;Com V�timas Feridas;Pleno dia;Decrescente;Chuva;Simples;Curva;N�o;1;0;1;0;0;0;1;1;-17,75072261;-39,76275355;SPRF-BA;DEL09-BA;UOP02-DEL09-BA;;;
668639;21/03/2025;sexta-feira;14:45:00;PE;101;50,3;ABREU E LIMA;Aus�ncia de sinaliza��o;Colis�o traseira;Com V�timas Feridas;Pleno dia;Decrescente;C�u Claro;M�ltipla;Reta;Sim;2;0;1;0;1;0;1;2;-7,91241959;-34,90018845;SPRF-PE;DEL01-PE;UOP02-DEL01-PE;;;
668641;21/03/2025;sexta-feira;14:20:00;PE;232;65,6;GRAVATA;Demais falhas mec�nicas ou el�tricas;Tombamento;Com V�timas Feridas;Pleno dia;Crescente;C�u Claro;Dupla;"Curva;Aclive";N�o;2;0;2;0;0;0;2;1;-8,167443;-35,453125;SPRF-PE;DEL02-PE;UOP02-DEL02PE;;;
668642;21/03/2025;sexta-feira;12:25:00;MG;381;851;POUSO ALEGRE;Manobra de mudan�a de faixa;Colis�o lateral mesmo sentido;Sem V�timas;Pleno dia;Crescente;Sol;Dupla;Reta;N�o;2;0;0;0;2;0;0;2;-22,3973956;-45,9599581;SPRF-MG;DEL16-MG;UOP01-DEL16-MG;;;
668643;21/03/2025;sexta-feira;14:45:00;RS;116;376;CAMAQUA;Aus�ncia de rea��o do condutor;Sa�da de leito carro��vel;Com V�timas Feridas;Pleno dia;Decrescente;C�u Claro;Dupla;Reta;N�o;1;0;1;0;0;0;1;1;-30,7605773;-51,6437512;SPRF-RS;DEL02-RS;UOP02-DEL02-RS;;;
668645;21/03/2025;sexta-feira;13:30:00;PB;101;83;BAYEUX;Rea��o tardia ou ineficiente do condutor;Colis�o traseira;Sem V�timas;Pleno dia;Crescente;C�u Claro;Dupla;Reta;Sim;3;0;0;0;3;0;0;2;-7,13479;-34,928513;SPRF-PB;DEL01-PB;UOP01-DEL01-PB;;;
668646;21/03/2025;sexta-feira;15:20:00;SC;101;210;SAO JOSE;Objeto est�tico sobre o leito carro��vel;Colis�o traseira;Com V�timas Feridas;Pleno dia;Crescente;C�u Claro;M�ltipla;Reta;Sim;2;0;1;0;0;1;1;2;-27,617583;-48,647212;SPRF-SC;DEL01-SC;UOP01-DEL01-SC;;;
668648;21/03/2025;sexta-feira;14:10:00;SP;381;84;SAO PAULO;Aus�ncia de rea��o do condutor;Queda de ocupante de ve�culo;Com V�timas Feridas;Pleno dia;Crescente;C�u Claro;Dupla;Reta;Sim;1;0;0;1;0;0;1;1;-23,44943674;-46,56989694;SPRF-SP;DEL03-SP;UOP01-DEL03-SP;;;
668649;21/03/2025;sexta-feira;15:35:00;RS;392;150;CANGUCU;Velocidade Incompat�vel;Capotamento;Sem V�timas;Pleno dia;Crescente;C�u Claro;Simples;Curva;N�o;1;0;0;0;1;0;0;1;-31,17609105;-52,84337997;SPRF-RS;DEL07-RS;UOP01-DEL07-RS;;;
668650;21/03/2025;sexta-feira;15:30:00;CE;116;42;HORIZONTE;Convers�o proibida;Colis�o transversal;Com V�timas Feridas;Pleno dia;Decrescente;C�u Claro;Dupla;Reta;Sim;3;0;1;1;1;0;2;2;-4,1107073;-38,4919471;SPRF-CE;DEL01-CE;UOP02-DEL01-CE;;;
668653;21/03/2025;sexta-feira;16:00:00;RJ;101;472;ANGRA DOS REIS;Aus�ncia de rea��o do condutor;Colis�o traseira;Com V�timas Feridas;Pleno dia;Crescente;C�u Claro;Simples;Reta;N�o;2;0;1;0;1;0;1;2;-22,98794;-44,23648;SPRF-RJ;DEL03-RJ;UOP03-DEL03-RJ;;;
668655;21/03/2025;sexta-feira;13:50:00;SC;101;142,9;ITAPEMA;Manobra de mudan�a de faixa;Colis�o lateral mesmo sentido;Com V�timas Feridas;Pleno dia;Crescente;Sol;M�ltipla;Reta;Sim;1;0;1;0;0;0;1;1;-27,06184924;-48,59630799;SPRF-SC;DEL04-SC;UOP03-DEL04-SC;;;
668656;21/03/2025;sexta-feira;16:40:00;CE;116;476;MILAGRES;Acessar a via sem observar a presen�a dos outros ve�culos;Colis�o transversal;Com V�timas Feridas;Pleno dia;Crescente;C�u Claro;Simples;Reta;Sim;2;0;0;1;1;0;1;2;-7,302217;-38,893729;SPRF-CE;DEL05-CE;UOP03-DEL05-CE;;;
668657;21/03/2025;sexta-feira;16:10:00;RN;101;96;NATAL;Manobra de mudan�a de faixa;Colis�o lateral mesmo sentido;Com V�timas Feridas;Pleno dia;Crescente;C�u Claro;M�ltipla;"Reta;Interse��o de Vias";Sim;2;0;1;0;1;0;1;2;-5,850057;-35,209527;SPRF-RN;DEL01-RN;UOP01-DEL01-RN;;;
668659;21/03/2025;sexta-feira;16:40:00;PB;230;18;JOAO PESSOA;Condutor deixou de manter dist�ncia do ve�culo da frente;Colis�o traseira;Com V�timas Feridas;Pleno dia;Crescente;C�u Claro;Dupla;Reta;Sim;3;0;2;0;0;1;2;2;-7,12203423;-34,84526396;SPRF-PB;DEL01-PB;UOP01-DEL01-PB;;;
668661;21/03/2025;sexta-feira;17:05:00;PE;101;50,7;ABREU E LIMA;Rea��o tardia ou ineficiente do condutor;Colis�o traseira;Sem V�timas;Pleno dia;Decrescente;C�u Claro;M�ltipla;Reta;Sim;2;0;0;0;2;0;0;2;-7,91516859;-34,89831805;SPRF-PE;DEL01-PE;UOP02-DEL01-PE;;;
668662;20/01/2025;segunda-feira;11:51:00;SP;116;140,8;SAO JOSE DOS CAMPOS;Condutor deixou de manter dist�ncia do ve�culo da frente;Engavetamento;Com V�timas Feridas;Pleno dia;Crescente;C�u Claro;Dupla;"Declive;Reta";Sim;4;0;1;0;3;0;1;3;-23,16577714;-45,81246193;SPRF-SP;DEL02-SP;UOP01-DEL02-SP;;;