id;data_inversa;dia_semana;horario;uf;br;km;municipio;causa_acidente;tipo_acidente;classificacao_acidente;fase_dia;sentido_via;condicao_metereologica;tipo_pista;tracado_via;uso_solo;pessoas;mortos;feridos_leves;feridos_graves;ilesos;ignorados;feridos;veiculos;latitude;longitude;regional;delegacia;uop;;;
668663;21/03/2025;sexta-feira;16:53:00;PE;407;118,6;PETROLINA;Acessar a via sem observar a presen�a dos outros ve�culos;Colis�o lateral mesmo sentido;Com V�timas Feridas;Pleno dia;Crescente;Sol;Simples;"Interse��o de Vias;Reta";N�o;2;0;1;0;1;0;1;2;-9,32848;-40,565332;SPRF-PE;DEL06-PE;UOP01-DEL06-PE;;;
668664;21/03/2025;sexta-feira;16:30:00;PR;277;75;SAO JOSE DOS PINHAIS;Acesso irregular;Queda de ocupante de ve�culo;Com V�timas Feridas;Pleno dia;Crescente;C�u Claro;Dupla;Reta;N�o;2;0;1;0;0;1;1;2;-25,48893458;-49,17823054;SPRF-PR;DEL01-PR;UOP07-DEL01-PR;;;
668666;21/03/2025;sexta-feira;17:30:00;MG;50;174,9;UBERABA;Acessar a via sem observar a presen�a dos outros ve�culos;Atropelamento de Pedestre;Com V�timas Feridas;Pleno dia;Crescente;C�u Claro;Dupla;Curva;Sim;2;0;0;1;0;1;1;2;-19,7777064;-47,9709273;SPRF-MG;DEL13-MG;UOP01-DEL13-MG;;;
668667;21/03/2025;sexta-feira;15:40:00;BA;116;824;VITORIA DA CONQUISTA;Ingest�o de �lcool pelo condutor;Atropelamento de Pedestre;Com V�timas Feridas;Pleno dia;Crescente;C�u Claro;Dupla;Reta;Sim;4;0;1;0;2;1;1;3;-14,863795;-40,85031;SPRF-BA;DEL08-BA;UOP01-DEL08-BA;;;
668668;21/03/2025;sexta-feira;16:20:00;PE;408;59;TRACUNHAEM;Transitar na contram�o;Colis�o frontal;Com V�timas Feridas;Anoitecer;Decrescente;C�u Claro;Simples;Curva;Sim;8;0;6;1;1;0;7;2;-7,80994;-35,24291;SPRF-PE;DEL01-PE;UOP01-DEL01-PE;;;
668670;21/03/2025;sexta-feira;16:30:00;MG;40;142;PARACATU;Acessar a via sem observar a presen�a dos outros ve�culos;Colis�o transversal;Com V�timas Feridas;Pleno dia;Decrescente;C�u Claro;Simples;Reta;Sim;2;0;1;0;1;0;1;2;-17,2414719;-46,8237249;SPRF-MG;DEL14-MG;UOP01-DEL14-MG;;;
668671;21/03/2025;sexta-feira;17:45:00;RS;290;94;PORTO ALEGRE;Aus�ncia de rea��o do condutor;Colis�o com objeto;Com V�timas Feridas;Pleno dia;Crescente;C�u Claro;M�ltipla;Reta;Sim;1;0;1;0;0;0;1;1;-29,98398288;-51,2024045;SPRF-RS;DEL01-RS;UOP01-DEL01-RS;;;
668672;21/03/2025;sexta-feira;16:35:00;SC;470;135,2;RIO DO SUL;Convers�o proibida;Colis�o transversal;Com V�timas Feridas;Pleno dia;Decrescente;C�u Claro;Simples;Reta;Sim;2;0;0;1;1;0;1;2;-27,172225;-49,5810922;SPRF-SC;DEL04-SC;UOP02-DEL04-SC;;;
668673;21/03/2025;sexta-feira;16:00:00;MG;381;527;BRUMADINHO;Pista Escorregadia;Sa�da de leito carro��vel;Com V�timas Feridas;Pleno dia;Crescente;Chuva;Dupla;"Curva;Declive";N�o;3;0;3;0;0;0;3;1;-20,15844073;-44,3296815;SPRF-MG;DEL04-MG;UOP03-DEL04-MG;;;
668675;21/03/2025;sexta-feira;17:00:00;MA;135;191;BACABAL;Rea��o tardia ou ineficiente do condutor;Sa�da de leito carro��vel;Com V�timas Feridas;Pleno dia;Crescente;Chuva;Simples;Reta;N�o;2;0;2;0;0;0;2;1;-4,116534;-44,47173;SPRF-MA;DEL03-MA;UOP01-DEL03-MA;;;
668680;21/03/2025;sexta-feira;17:35:00;PE;101;190,9;PALMARES;Condutor Dormindo;Sa�da de leito carro��vel;Com V�timas Feridas;Plena Noite;Decrescente;C�u Claro;Dupla;Reta;N�o;3;0;1;1;1;0;2;1;-8,712485;-35,609345;SPRF-PE;DEL01-PE;UOP03-DEL01-PE;;;
668681;21/03/2025;sexta-feira;18:00:00;GO;153;500;GOIANIA;Condutor deixou de manter dist�ncia do ve�culo da frente;Colis�o traseira;Com V�timas Feridas;Pleno dia;Decrescente;C�u Claro;M�ltipla;Reta;Sim;2;0;1;0;1;0;1;2;-16,70493049;-49,23078775;SPRF-GO;DEL01-GO;UOP01-DEL01-GO;;;
668682;21/03/2025;sexta-feira;17:35:00;SC;101;144;ITAPEMA;Rea��o tardia ou ineficiente do condutor;Engavetamento;Com V�timas Feridas;Pleno dia;Decrescente;C�u Claro;Dupla;Reta;Sim;3;0;1;0;2;0;1;3;-27,06683833;-48,5955897;SPRF-SC;DEL04-SC;UOP03-DEL04-SC;;;
668683;21/03/2025;sexta-feira;16:40:00;MG;40;517,3;RIBEIRAO DAS NEVES;Rea��o tardia ou ineficiente do condutor;Colis�o lateral mesmo sentido;Com V�timas Feridas;Pleno dia;Decrescente;Nublado;Dupla;Reta;Sim;3;0;1;0;1;1;1;3;-19,8274299;-44,0843649;SPRF-MG;DEL01-MG;UOP02-DEL01-MG;;;
668684;21/03/2025;sexta-feira;18:00:00;RJ;393;133;SAPUCAIA;Pedestre cruzava a pista fora da faixa;Atropelamento de Pedestre;Com V�timas Feridas;Plena Noite;Crescente;C�u Claro;Dupla;Reta;Sim;2;0;1;0;1;0;1;2;-21,9989;-42,923843;SPRF-RJ;DEL05-RJ;UOP01-DEL05-RJ;;;
668687;21/03/2025;sexta-feira;18:00:00;GO;40;96;CRISTALINA;Pista Escorregadia;Queda de ocupante de ve�culo;Com V�timas Feridas;Anoitecer;Crescente;C�u Claro;Simples;Reta;Sim;1;0;1;0;0;0;1;1;-16,75883106;-47,60066986;SPRF-DF;DEL01-DF;UOP02-DEL01-DF;;;
668688;21/03/2025;sexta-feira;18:05:00;PA;230;121;MARABA;Condutor deixou de manter dist�ncia do ve�culo da frente;Colis�o traseira;Sem V�timas;Pleno dia;Crescente;Nublado;Dupla;Reta;Sim;2;0;0;0;2;0;0;2;-5,36181109;-49,12417169;SPRF-PA;DEL03-PA;UOP01-DEL03-PA;;;
668689;21/03/2025;sexta-feira;14:30:00;PA;10;137;PARAGOMINAS;Condutor deixou de manter dist�ncia do ve�culo da frente;Colis�o lateral mesmo sentido;Sem V�timas;Pleno dia;Decrescente;C�u Claro;Simples;Reta;N�o;2;0;0;0;2;0;0;2;-3,242141;-47,476098;SPRF-PA;DEL02-PA;UOP01-DEL02-PA;;;
668690;21/03/2025;sexta-feira;18:20:00;PA;316;52;SANTA IZABEL DO PARA;Rea��o tardia ou ineficiente do condutor;Sa�da de leito carro��vel;Com V�timas Feridas;Anoitecer;Decrescente;Garoa/Chuvisco;Dupla;Reta;N�o;5;0;1;0;3;1;1;2;-1,30859;-48,01884;SPRF-PA;DEL01-PA;UOP01-DEL01-PA;;;
668691;21/03/2025;sexta-feira;16:35:00;BA;101;901;CARAVELAS;Rea��o tardia ou ineficiente do condutor;Sa�da de leito carro��vel;Com V�timas Feridas;Pleno dia;Decrescente;C�u Claro;Simples;Curva;N�o;2;0;1;1;0;0;2;1;-17,745263;-39,765687;SPRF-BA;DEL09-BA;UOP02-DEL09-BA;;;
668693;21/03/2025;sexta-feira;18:20:00;MS;267;481,1;JARDIM;Acessar a via sem observar a presen�a dos outros ve�culos;Colis�o transversal;Com V�timas Feridas;Plena Noite;Decrescente;C�u Claro;Dupla;Reta;Sim;2;0;0;1;1;0;1;2;-21,4811586;-56,1407995;SPRF-MS;DEL05-MS;UOP01-DEL05-MS;;;
668695;21/03/2025;sexta-feira;19:00:00;MG;116;524,8;CARATINGA;Rea��o tardia ou ineficiente do condutor;Colis�o transversal;Com V�timas Feridas;Plena Noite;Decrescente;C�u Claro;Simples;Curva;Sim;3;0;0;1;2;0;1;2;-19,7685148;-42,1314818;SPRF-MG;DEL06-MG;UOP02-DEL06-MG;;;
668696;21/03/2025;sexta-feira;18:56:00;PB;230;98,5;GURINHEM;Aus�ncia de rea��o do condutor;Sa�da de leito carro��vel;Com V�timas Feridas;Plena Noite;Decrescente;Nublado;Dupla;Reta;N�o;1;0;1;0;0;0;1;1;-7,20002257;-35,49373627;SPRF-PB;DEL01-PB;UOP02-DEL01-PB;;;
668697;21/03/2025;sexta-feira;19:40:00;BA;324;545;AMELIA RODRIGUES;Acesso irregular;Colis�o lateral mesmo sentido;Com V�timas Feridas;Plena Noite;Crescente;C�u Claro;Dupla;Reta;Sim;2;0;0;1;1;0;1;2;-12,419037;-38,748652;SPRF-BA;DEL01-BA;UOP03-DEL01-BA;;;
668698;21/03/2025;sexta-feira;19:10:00;RS;468;105,7;TRES PASSOS;Retorno proibido;Colis�o transversal;Com V�timas Feridas;Plena Noite;Crescente;C�u Claro;Simples;"Reta;Interse��o de Vias";Sim;2;0;0;1;1;0;1;2;-27,435875;-53,950739;SPRF-RS;DEL08-RS;UOP02-DEL08-RS;;;
668699;21/03/2025;sexta-feira;19:45:00;SC;101;120,1;ITAJAI;Aus�ncia de rea��o do condutor;Tombamento;Com V�timas Feridas;Plena Noite;Crescente;Nublado;Dupla;Reta;N�o;1;0;0;1;0;0;1;1;-26,90132158;-48,71724129;SPRF-SC;DEL04-SC;UOP04-DEL04-SC;;;
668701;21/03/2025;sexta-feira;20:00:00;SC;116;246,1;LAGES;Acesso irregular;Colis�o transversal;Com V�timas Feridas;Plena Noite;Decrescente;C�u Claro;Simples;"Declive;Reta";Sim;3;0;2;0;1;0;2;2;-27,804129;-50,365029;SPRF-SC;DEL05-SC;UOP02-DEL05-SC;;;
668702;21/03/2025;sexta-feira;20:00:00;SC;101;215,5;PALHOCA;Aus�ncia de rea��o do condutor;Colis�o frontal;Com V�timas Feridas;Plena Noite;Crescente;Nublado;Dupla;Reta;Sim;3;0;1;0;2;0;1;2;-27,66129068;-48,67680028;SPRF-SC;DEL01-SC;UOP02-DEL01-SC;;;
668703;21/03/2025;sexta-feira;16:25:00;SC;470;110,7;APIUNA;Convers�o proibida;Colis�o transversal;Com V�timas Feridas;Pleno dia;Decrescente;C�u Claro;Simples;Curva;Sim;3;0;3;0;0;0;3;2;-27,096835;-49,457958;SPRF-SC;DEL04-SC;UOP02-DEL04-SC;;;
668704;21/03/2025;sexta-feira;18:40:00;PA;230;124;MARABA;Acessar a via sem observar a presen�a dos outros ve�culos;Colis�o frontal;Com V�timas Feridas;Plena Noite;Decrescente;Nublado;Simples;Reta;Sim;3;0;1;1;1;0;2;2;-5,3530411;-49,0944795;SPRF-PA;DEL03-PA;UOP01-DEL03-PA;;;
668706;21/03/2025;sexta-feira;19:40:00;RJ;101;486;ANGRA DOS REIS;Entrada inopinada do pedestre;Atropelamento de Pedestre;Com V�timas Feridas;Plena Noite;Crescente;C�u Claro;Simples;Reta;Sim;4;0;3;0;1;0;3;2;-22,983251;-44,296031;SPRF-RJ;DEL03-RJ;UOP03-DEL03-RJ;;;
668707;21/03/2025;sexta-feira;19:40:00;MG;116;275;TEOFILO OTONI;Velocidade Incompat�vel;Atropelamento de Pedestre;Com V�timas Feridas;Plena Noite;Crescente;C�u Claro;Simples;Reta;Sim;2;0;1;0;0;1;1;2;-17,8409023;-41,51362181;SPRF-MG;DEL11-MG;UOP01-DEL11-MG;;;
668708;21/03/2025;sexta-feira;19:05:00;SC;470;123,4;IBIRAMA;Retorno proibido;Colis�o transversal;Com V�timas Feridas;Plena Noite;Decrescente;C�u Claro;Simples;Reta;Sim;2;0;0;1;1;0;1;2;-27,110816;-49,526372;SPRF-SC;DEL04-SC;UOP02-DEL04-SC;;;
668712;21/03/2025;sexta-feira;19:50:00;MG;381;646;SANTO ANTONIO DO AMPARO;Velocidade Incompat�vel;Sa�da de leito carro��vel;Sem V�timas;Plena Noite;Crescente;C�u Claro;Dupla;Curva;N�o;3;0;0;0;3;0;0;1;-20,95419583;-44,88704681;SPRF-MG;DEL04-MG;UOP02-DEL04-MG;;;
668714;19/03/2025;quarta-feira;07:50:00;GO;153;496;GOIANIA;Manobra de mudan�a de faixa;Colis�o transversal;Com V�timas Feridas;Pleno dia;Decrescente;C�u Claro;Dupla;Aclive;Sim;2;0;1;0;1;0;1;2;-16,67073785;-49,2274909;SPRF-GO;DEL01-GO;UOP01-DEL01-GO;;;
668716;21/03/2025;sexta-feira;21:00:00;MG;116;277;TEOFILO OTONI;Acessar a via sem observar a presen�a dos outros ve�culos;Colis�o transversal;Com V�timas Feridas;Plena Noite;Crescente;Nublado;Dupla;"Interse��o de Vias;Reta";Sim;2;0;1;0;0;1;1;2;-17,86023889;-41,51521856;SPRF-MG;DEL11-MG;UOP01-DEL11-MG;;;
668717;21/03/2025;sexta-feira;19:30:00;MG;116;109;ITAOBIM;Rea��o tardia ou ineficiente do condutor;Sa�da de leito carro��vel;Com V�timas Feridas;Plena Noite;Crescente;C�u Claro;Simples;Curva;N�o;4;0;3;0;1;0;3;1;-16,505013;-41,509781;SPRF-MG;DEL11-MG;UOP02-DEL11-MG;;;
668719;21/03/2025;sexta-feira;21:40:00;SP;116;229;SAO PAULO;Rea��o tardia ou ineficiente do condutor;Colis�o traseira;Com V�timas Feridas;Plena Noite;Decrescente;C�u Claro;M�ltipla;"Em Obras;Reta";Sim;3;0;1;0;2;0;1;3;-23,50936106;-46,57259818;SPRF-SP;DEL01-SP;UOP01-DEL01-SP;;;
668720;21/03/2025;sexta-feira;20:30:00;MT;163;831;SINOP;Rea��o tardia ou ineficiente do condutor;Colis�o transversal;Com V�timas Feridas;Plena Noite;Decrescente;C�u Claro;Dupla;"Interse��o de Vias;Rotat�ria";Sim;2;0;2;0;0;0;2;2;-11,89208666;-55,50312281;SPRF-MT;DEL06-MT;UOP02-DEL06-MT;;;
668721;21/03/2025;sexta-feira;17:30:00;MS;163;429;CAMPO GRANDE;Condutor Dormindo;Sa�da de leito carro��vel;Com V�timas Feridas;Plena Noite;Crescente;C�u Claro;Simples;Reta;N�o;2;0;0;2;0;0;2;1;-20,90769321;-54,50030342;SPRF-MS;DEL01-MS;UOP01-DEL01-MS;;;
668722;21/03/2025;sexta-feira;18:00:00;MG;50;146,2;UBERABA;Velocidade Incompat�vel;Sa�da de leito carro��vel;Com V�timas Feridas;Plena Noite;Crescente;Chuva;Dupla;Reta;N�o;1;0;1;0;0;0;1;1;-19,529266;-48,038074;SPRF-MG;DEL13-MG;UOP01-DEL13-MG;;;
668725;21/03/2025;sexta-feira;22:10:00;BA;116;831;VITORIA DA CONQUISTA;Transitar no Acostamento;Atropelamento de Pedestre;Com V�timas Feridas;Plena Noite;Crescente;C�u Claro;Simples;"Reta;Declive";N�o;4;0;0;1;0;3;1;3;-14,91326019;-40,87654524;SPRF-BA;DEL08-BA;UOP01-DEL08-BA;;;
668726;21/03/2025;sexta-feira;22:00:00;SC;101;425;SOMBRIO;Acessar a via sem observar a presen�a dos outros ve�culos;Colis�o transversal;Com V�timas Feridas;Plena Noite;Crescente;Ignorado;Simples;Interse��o de Vias;N�o;2;0;1;0;1;0;1;2;-29,027;-49,6;SPRF-SC;DEL02-SC;UOP02-DEL02-SC;;;
668727;21/03/2025;sexta-feira;22:12:00;SP;116;145,4;SAO JOSE DOS CAMPOS;Avarias e/ou desgaste excessivo no pneu;Tombamento;Com V�timas Feridas;Plena Noite;Decrescente;C�u Claro;M�ltipla;Reta;N�o;2;0;2;0;0;0;2;1;-23,18649814;-45,85359508;SPRF-SP;DEL02-SP;UOP01-DEL02-SP;;;
668728;21/03/2025;sexta-feira;21:40:00;MG;40;396,2;CURVELO;Convers�o proibida;Colis�o transversal;Com V�timas Feridas;Plena Noite;Decrescente;C�u Claro;Simples;"Interse��o de Vias;Reta";N�o;2;0;0;1;1;0;1;2;-19,00140562;-44,65942383;SPRF-MG;DEL02-MG;UOP01-DEL02-MG;;;
668729;21/03/2025;sexta-feira;18:30:00;MG;262;744,5;PERDIZES;Chuva;Sa�da de leito carro��vel;Com V�timas Feridas;Plena Noite;Crescente;Chuva;Simples;Reta;N�o;1;0;1;0;0;0;1;1;-19,61274869;-47,40546137;SPRF-MG;DEL08-MG;UOP01-DEL08-MG;;;
668733;21/03/2025;sexta-feira;19:45:00;MG;116;541;SANTA BARBARA DO LESTE;Acessar a via sem observar a presen�a dos outros ve�culos;Colis�o lateral mesmo sentido;Com V�timas Feridas;Plena Noite;Crescente;C�u Claro;Simples;Reta;N�o;2;0;0;1;1;0;1;2;-19,91900485;-42,13107537;SPRF-MG;DEL06-MG;UOP02-DEL06-MG;;;
668734;21/03/2025;sexta-feira;23:00:00;GO;70;7;AGUAS LINDAS DE GOIAS;Ingest�o de �lcool pelo condutor;Colis�o traseira;Sem V�timas;Plena Noite;Crescente;C�u Claro;M�ltipla;Reta;Sim;6;0;0;0;6;0;0;2;-15,74425;-48,26839;SPRF-DF;DEL03-DF;UOP02-DEL03-DF;;;
668736;21/03/2025;sexta-feira;20:30:00;RJ;493;55;DUQUE DE CAXIAS;Demais falhas mec�nicas ou el�tricas;Inc�ndio;Sem V�timas;Plena Noite;Crescente;C�u Claro;Dupla;Reta;N�o;1;0;0;0;1;0;0;1;-22,66090562;-43,35895705;SPRF-RJ;DEL01-RJ;UOP03-DEL01-RJ;;;
668737;21/03/2025;sexta-feira;23:10:00;MG;50;69,7;UBERLANDIA;Ingest�o de �lcool pelo condutor;Colis�o com objeto;Com V�timas Feridas;Plena Noite;Crescente;Nublado;Dupla;Reta;Sim;1;0;1;0;0;0;1;1;-18,8887205;-48,25953305;SPRF-MG;DEL15-MG;UOP01-DEL15-MG;;;
668738;21/03/2025;sexta-feira;12:22:00;RO;364;544;ALTO PARAISO;Acessar a via sem observar a presen�a dos outros ve�culos;Colis�o lateral mesmo sentido;Sem V�timas;Pleno dia;Crescente;C�u Claro;Simples;Reta;N�o;3;0;0;0;1;2;0;3;-9,60343489;-63,07264589;SPRF-RO;DEL03-RO;UOP01-DEL03-RO;;;
668739;21/03/2025;sexta-feira;22:00:00;SC;101;383,5;ICARA;Acumulo de areia ou detritos sobre o pavimento;Tombamento;Com V�timas Feridas;Plena Noite;Crescente;C�u Claro;M�ltipla;"Interse��o de Vias;Curva";N�o;1;0;1;0;0;0;1;1;-28,77497054;-49,31701005;SPRF-SC;DEL02-SC;UOP02-DEL02-SC;;;
668740;21/03/2025;sexta-feira;21:00:00;RJ;40;7;COMENDADOR LEVY GASPARIAN;Aus�ncia de rea��o do condutor;Sa�da de leito carro��vel;Com V�timas Feridas;Plena Noite;Crescente;Ignorado;Simples;Curva;N�o;1;0;1;0;0;0;1;1;-22,03462493;-43,22354967;SPRF-RJ;DEL01-RJ;UOP01-DEL01-RJ;;;
668741;21/03/2025;sexta-feira;22:01:00;PE;116;25,9;SALGUEIRO;Condutor deixou de manter dist�ncia do ve�culo da frente;Colis�o traseira;Com V�timas Feridas;Plena Noite;Decrescente;Nublado;Simples;Declive;N�o;3;0;0;2;1;0;2;2;-8,069698;-39,134138;SPRF-PE;DEL05-PE;UOP01-DEL05-PE;;;
668742;21/03/2025;sexta-feira;18:50:00;PE;316;308;FLORESTA;Rea��o tardia ou ineficiente do condutor;Eventos at�picos;Com V�timas Feridas;Plena Noite;Crescente;Nublado;Simples;"Reta;Declive";N�o;3;0;1;0;1;1;1;3;-8,69182619;-38,53407287;SPRF-PE;DEL04-PE;UOP03-DEL04-PE;;;
668743;21/03/2025;sexta-feira;22:20:00;RJ;116;118;MAGE;Rea��o tardia ou ineficiente do condutor;Queda de ocupante de ve�culo;Com V�timas Feridas;Plena Noite;Decrescente;C�u Claro;Dupla;Reta;N�o;2;0;1;1;0;0;2;1;-22,60755334;-43,02875876;SPRF-RJ;DEL04-RJ;UOP02-DEL04-RJ;;;
668744;21/03/2025;sexta-feira;22:35:00;PA;230;7,5;ALTAMIRA;Condutor desrespeitou a ilumina��o vermelha do sem�foro;Colis�o transversal;Com V�timas Feridas;Plena Noite;Crescente;Nublado;Simples;"Reta;Interse��o de Vias";Sim;2;0;1;1;0;0;2;2;-3,1917628;-52,21642386;SPRF-PA;DEL04-PA;UOP01-DEL04-PA;;;
668745;21/03/2025;sexta-feira;17:40:00;PR;277;724;FOZ DO IGUACU;Condutor deixou de manter dist�ncia do ve�culo da frente;Colis�o traseira;Com V�timas Feridas;Pleno dia;Crescente;C�u Claro;Dupla;Reta;Sim;3;0;1;1;1;0;2;2;-25,507631;-54,545485;SPRF-PR;DEL05-PR;UOP03-DEL05-PR;;;
668747;21/03/2025;sexta-feira;20:15:00;RJ;116;174;SAO JOAO DE MERITI;Aus�ncia de rea��o do condutor;Queda de ocupante de ve�culo;Com V�timas Feridas;Plena Noite;Crescente;C�u Claro;Dupla;Reta;N�o;2;0;2;0;0;0;2;1;-22,79264121;-43,36921692;SPRF-RJ;DEL06-RJ;UOP01-DEL06-RJ;;;
668749;21/03/2025;sexta-feira;23:40:00;GO;60;83;ANAPOLIS;Chuva;Sa�da de leito carro��vel;Sem V�timas;Plena Noite;Decrescente;Chuva;Dupla;Reta;N�o;4;0;0;0;4;0;0;1;-16,39639215;-48,96287537;SPRF-GO;DEL02-GO;UOP01-DEL02-GO;;;
668751;22/03/2025;s�bado;01:10:00;ES;101;262,3;SERRA;Aus�ncia de rea��o do condutor;Colis�o com objeto;Com V�timas Feridas;Plena Noite;Decrescente;C�u Claro;Dupla;Reta;Sim;1;0;1;0;0;0;1;1;-20,16097054;-40,27558647;SPRF-ES;DEL02-ES;UOP01-DEL02-ES;;;
668753;22/03/2025;s�bado;01:00:00;PE;423;86;GARANHUNS;Aus�ncia de rea��o do condutor;Sa�da de leito carro��vel;Com V�timas Fatais;Pleno dia;Decrescente;C�u Claro;Simples;"Reta;Declive";N�o;2;1;1;0;0;0;1;1;-8,8676232;-36,5090009;SPRF-PE;DEL03-PE;UOP01-DEL03-PE;;;
668754;22/03/2025;s�bado;02:20:00;RS;392;113;CANGUCU;Demais falhas mec�nicas ou el�tricas;Colis�o com objeto;Sem V�timas;Plena Noite;Crescente;C�u Claro;Simples;Reta;N�o;2;0;0;0;1;1;0;1;-31,44061952;-52,64884155;SPRF-RS;DEL07-RS;UOP01-DEL07-RS;;;
668755;22/03/2025;s�bado;02:15:00;MG;365;627;UBERLANDIA;Transitar na contram�o;Colis�o frontal;Com V�timas Feridas;Plena Noite;Crescente;C�u Claro;Dupla;Retorno Regulamentado;Sim;6;0;0;1;3;2;1;3;-18,905985;-48,337541;SPRF-MG;DEL15-MG;UOP01-DEL15-MG;;;
668756;22/03/2025;s�bado;01:00:00;MT;163;704;SORRISO;Animais na Pista;Atropelamento de Animal;Com V�timas Feridas;Plena Noite;Crescente;C�u Claro;Simples;Reta;N�o;2;0;1;0;1;0;1;1;-12,942233;-55,864242;SPRF-MT;DEL06-MT;UOP01-DEL06-MT;;;
668757;22/03/2025;s�bado;01:35:00;BA;407;87,7;JAGUARARI;Condutor Dormindo;Sa�da de leito carro��vel;Com V�timas Feridas;Plena Noite;Crescente;C�u Claro;Simples;Reta;N�o;1;0;1;0;0;0;1;1;-10,12979;-40,23151;SPRF-BA;DEL04-BA;UOP01-DEL04-BA;;;
668758;21/02/2025;sexta-feira;06:40:00;ES;262;169,7;IBATIBA;Desrespeitar a prefer�ncia no cruzamento;Colis�o transversal;Com V�timas Feridas;Pleno dia;Crescente;Nublado;Simples;Curva;N�o;2;0;1;0;1;0;1;2;-20,26402594;-41,58095414;SPRF-ES;DEL01-ES;UOP02-DEL01-ES;;;
668761;22/03/2025;s�bado;01:50:00;GO;153;115,7;ESTRELA DO NORTE;Ingest�o de �lcool pelo condutor;Sa�da de leito carro��vel;Sem V�timas;Plena Noite;Decrescente;Nublado;Simples;Reta;N�o;1;0;0;0;1;0;0;1;-13,79171;-49,03483;SPRF-GO;DEL07-GO;UOP01-DEL07-GO;;;
668762;22/03/2025;s�bado;03:00:00;MS;163;472;CAMPO GRANDE;Animais na Pista;Atropelamento de Animal;Sem V�timas;Plena Noite;Crescente;C�u Claro;Simples;Reta;N�o;2;0;0;0;2;0;0;1;-20,54675873;-54,55915935;SPRF-MS;DEL01-MS;UOP01-DEL01-MS;;;
668763;22/03/2025;s�bado;00:30:00;SC;282;633,9;DESCANSO;Ingest�o de �lcool pelo condutor;Colis�o lateral sentido oposto;Sem V�timas;Plena Noite;Crescente;C�u Claro;Simples;Curva;N�o;2;0;0;0;2;0;0;2;-26,8264452;-53,42054844;SPRF-SC;DEL07-SC;UOP03-DEL07-SC;;;
668764;21/03/2025;sexta-feira;18:30:00;RS;386;375;SAO MARCOS;Rea��o tardia ou ineficiente do condutor;Colis�o traseira;Com V�timas Feridas;Plena Noite;Crescente;C�u Claro;Simples;Reta;N�o;2;0;1;0;1;0;1;2;-29;-51;SPRF-RS;DEL04-RS;UOP01-DEL04-RS;;;
668766;22/03/2025;s�bado;04:40:00;MG;50;51;ARAGUARI;Ingest�o de �lcool pelo condutor;Capotamento;Com V�timas Feridas;Plena Noite;Decrescente;C�u Claro;Dupla;"Reta;Retorno Regulamentado";N�o;2;0;1;0;0;1;1;1;-18,74519398;-48,23170597;SPRF-MG;DEL15-MG;UOP02-DEL15-MG;;;
668768;22/03/2025;s�bado;04:00:00;RJ;101;270;RIO BONITO;Aus�ncia de rea��o do condutor;Colis�o com objeto;Com V�timas Feridas;Plena Noite;Decrescente;C�u Claro;Dupla;Curva;Sim;3;0;1;0;2;0;1;1;-22,719515;-42,68911;SPRF-RJ;DEL02-RJ;UOP03-DEL02-RJ;;;
668769;22/03/2025;s�bado;04:30:00;ES;259;78,8;COLATINA;Aus�ncia de rea��o do condutor;Sa�da de leito carro��vel;Com V�timas Feridas;Amanhecer;Crescente;C�u Claro;Simples;Reta;N�o;2;0;2;0;0;0;2;1;-19,52323773;-40,82458466;SPRF-ES;DEL02-ES;UOP01-DEL02-ES;;;
668770;22/03/2025;s�bado;04:45:00;RJ;101;494;ANGRA DOS REIS;Rea��o tardia ou ineficiente do condutor;Colis�o frontal;Com V�timas Fatais;Plena Noite;Crescente;C�u Claro;Simples;Curva;N�o;2;1;1;0;0;0;1;2;-22,93398;-44,32237;SPRF-RJ;DEL03-RJ;UOP03-DEL03-RJ;;;
668771;22/03/2025;s�bado;05:15:00;PR;116;11;COLOMBO;Entrada inopinada do pedestre;Atropelamento de Pedestre;Com V�timas Feridas;Amanhecer;Decrescente;Nublado;Dupla;"Reta;Aclive";Sim;2;0;0;1;1;0;1;2;-25,372415;-49,138144;SPRF-PR;DEL01-PR;UOP02-DEL01-PR;;;
668772;22/03/2025;s�bado;05:20:00;MG;40;627,5;CONSELHEIRO LAFAIETE;Aus�ncia de rea��o do condutor;Atropelamento de Pedestre;Com V�timas Feridas;Amanhecer;Decrescente;Nublado;Simples;Reta;N�o;4;0;1;0;3;0;1;2;-20,71673705;-43,79678523;SPRF-MG;DEL05-MG;UOP02-DEL05-MG;;;
668773;21/03/2025;sexta-feira;22:30:00;MG;262;433,5;NOVA SERRANA;Velocidade Incompat�vel;Capotamento;Com V�timas Feridas;Plena Noite;Crescente;Chuva;Dupla;Reta;N�o;5;0;5;0;0;0;5;1;-19,88368762;-44,89738227;SPRF-MG;DEL08-MG;UOP03-DEL08-MG;;;
668774;22/03/2025;s�bado;06:00:00;ES;101;245,6;SERRA;Manobra de mudan�a de faixa;Tombamento;Com V�timas Feridas;Amanhecer;Crescente;C�u Claro;Simples;Reta;Sim;1;0;0;1;0;0;1;1;-20,0488473;-40,3867012;SPRF-ES;DEL02-ES;UOP01-DEL02-ES;;;
668778;22/03/2025;s�bado;05:48:00;PE;104;67;CARUARU;Animais na Pista;Atropelamento de Animal;Com V�timas Feridas;Amanhecer;Decrescente;C�u Claro;Dupla;"Reta;Declive";Sim;1;0;0;1;0;0;1;1;-8,293893;-35,986387;SPRF-PE;DEL02-PE;UOP01-DEL02-PE;;;