id;data_inversa;dia_semana;horario;uf;br;km;municipio;causa_acidente;tipo_acidente;classificacao_acidente;fase_dia;sentido_via;condicao_metereologica;tipo_pista;tracado_via;uso_solo;pessoas;mortos;feridos_leves;feridos_graves;ilesos;ignorados;feridos;veiculos;latitude;longitude;regional;delegacia;uop;;;
668781;22/03/2025;s�bado;06:30:00;MG;40;471,4;SETE LAGOAS;Pista Escorregadia;Tombamento;Com V�timas Feridas;Amanhecer;Crescente;C�u Claro;M�ltipla;Viaduto;Sim;1;0;1;0;0;0;1;1;-19,477659;-44,288238;SPRF-MG;DEL02-MG;UOP01-DEL02-MG;;;
668783;22/03/2025;s�bado;05:54:00;TO;153;146;ARAGUAINA;Aus�ncia de rea��o do condutor;Colis�o traseira;Com V�timas Feridas;Pleno dia;Decrescente;C�u Claro;Dupla;Reta;N�o;3;0;2;0;1;0;2;3;-7,21202226;-48,24342853;SPRF-TO;DEL02-TO;UOP01-DEL02-TO;;;
668784;22/03/2025;s�bado;06:15:00;PB;230;157,4;CAMPINA GRANDE;Acessar a via sem observar a presen�a dos outros ve�culos;Colis�o transversal;Com V�timas Feridas;Pleno dia;Crescente;Nevoeiro/Neblina;Simples;"Reta;Interse��o de Vias";Sim;2;0;1;0;1;0;1;2;-7,2630039;-35,92115756;SPRF-PB;DEL02-PB;UOP01-DEL02-PB;;;
668785;22/03/2025;s�bado;05:40:00;BA;324;621;SIMOES FILHO;Acessar a via sem observar a presen�a dos outros ve�culos;Atropelamento de Pedestre;Com V�timas Feridas;Pleno dia;Crescente;Nublado;M�ltipla;Reta;Sim;2;0;0;1;1;0;1;2;-12,7930752;-38,4045436;SPRF-BA;DEL01-BA;UOP01-DEL01-BA;;;
668786;22/03/2025;s�bado;06:20:00;SC;282;501,4;XANXERE;Acessar a via sem observar a presen�a dos outros ve�culos;Colis�o transversal;Com V�timas Feridas;Pleno dia;Crescente;C�u Claro;Dupla;Interse��o de Vias;Sim;2;0;0;2;0;0;2;2;-26,8823853;-52,3814583;SPRF-SC;DEL07-SC;UOP01-DEL07-SC;;;
668788;22/03/2025;s�bado;06:49:00;TO;153;144;ARAGUAINA;Ingest�o de �lcool pelo condutor;Colis�o traseira;Com V�timas Fatais;Pleno dia;Crescente;C�u Claro;Dupla;Reta;Sim;4;1;0;0;3;0;0;2;-7,20074638;-48,23852062;SPRF-TO;DEL02-TO;UOP01-DEL02-TO;;;
668790;22/03/2025;s�bado;03:30:00;SC;280;216;TRES BARRAS;Aus�ncia de rea��o do condutor;Colis�o traseira;Com V�timas Feridas;Plena Noite;Decrescente;Nublado;Simples;Reta;N�o;2;0;1;0;1;0;1;2;-26,17977887;-50,22724831;SPRF-SC;DEL06-SC;UOP04-DEL06-SC;;;
668791;22/03/2025;s�bado;06:30:00;MG;116;286;TEOFILO OTONI;Manobra de mudan�a de faixa;Colis�o lateral mesmo sentido;Sem V�timas;Pleno dia;Decrescente;C�u Claro;Dupla;Curva;N�o;19;0;0;0;19;0;0;3;-17,935582;-41,528064;SPRF-MG;DEL11-MG;UOP01-DEL11-MG;;;
668792;22/03/2025;s�bado;07:00:00;MG;356;265;PATROCINIO DO MURIAE;Transitar na contram�o;Colis�o lateral sentido oposto;Sem V�timas;Pleno dia;Crescente;C�u Claro;Simples;Reta;N�o;2;0;0;0;2;0;0;2;-21,13644;-42,29956;SPRF-MG;DEL07-MG;UOP02-DEL07-MG;;;
668793;22/03/2025;s�bado;08:05:00;RJ;101;108;CAMPOS DOS GOYTACAZES;Demais falhas mec�nicas ou el�tricas;Tombamento;Com V�timas Feridas;Pleno dia;Decrescente;Nublado;Dupla;Reta;N�o;2;0;1;0;1;0;1;1;-21,91670032;-41,61607536;SPRF-RJ;DEL08-RJ;UOP02-DEL08-RJ;;;
668794;22/03/2025;s�bado;04:30:00;BA;407;40,1;JUAZEIRO;Entrada inopinada do pedestre;Atropelamento de Pedestre;Com V�timas Fatais;Amanhecer;Decrescente;C�u Claro;Simples;Reta;N�o;3;1;0;0;0;2;0;2;-9,73058;-40,35382;SPRF-BA;DEL04-BA;UOP01-DEL04-BA;;;
668795;22/03/2025;s�bado;07:55:00;GO;40;2;VALPARAISO DE GOIAS;Condutor deixou de manter dist�ncia do ve�culo da frente;Engavetamento;Sem V�timas;Pleno dia;Crescente;Nublado;Dupla;Reta;Sim;3;0;0;0;3;0;0;3;-16,06824;-47,98441;SPRF-DF;DEL01-DF;UOP01-DEL01-DF;;;
668797;22/03/2025;s�bado;07:20:00;RJ;116;109;GUAPIMIRIM;Pedestre cruzava a pista fora da faixa;Atropelamento de Pedestre;Com V�timas Feridas;Pleno dia;Decrescente;C�u Claro;Dupla;Curva;N�o;2;0;1;0;1;0;1;2;-22,54204969;-42,9857254;SPRF-RJ;DEL04-RJ;UOP01-DEL04-RJ;;;
668798;22/03/2025;s�bado;07:50:00;RS;116;140;CAXIAS DO SUL;Aus�ncia de rea��o do condutor;Colis�o lateral mesmo sentido;Sem V�timas;Pleno dia;Crescente;C�u Claro;Simples;Reta;N�o;2;0;0;0;1;1;0;2;-29,11100745;-51,11003811;SPRF-RS;DEL05-RS;UOP01-DEL05-RS;;;
668799;22/03/2025;s�bado;06:40:00;SC;282;625;IRACEMINHA;Ingest�o de �lcool pelo condutor;Colis�o frontal;Sem V�timas;Amanhecer;Decrescente;C�u Claro;Simples;"Declive;Curva";N�o;2;0;0;0;2;0;0;2;-26,81830507;-53,36390756;SPRF-SC;DEL07-SC;UOP02-DEL07-SC;;;
668803;22/03/2025;s�bado;08:11:00;BA;324;354;CAPIM GROSSO;Pista Escorregadia;Queda de ocupante de ve�culo;Com V�timas Feridas;Pleno dia;Decrescente;Nublado;Simples;Rotat�ria;Sim;1;0;1;0;0;0;1;1;-11,37700988;-40,01732951;SPRF-BA;DEL04-BA;UOP02-DEL04-BA;;;
668805;22/03/2025;s�bado;08:30:00;RS;470;247;BARAO;Rea��o tardia ou ineficiente do condutor;Sa�da de leito carro��vel;Com V�timas Feridas;Pleno dia;Decrescente;C�u Claro;Simples;Curva;N�o;1;0;1;0;0;0;1;1;-29,3928417;-51,4929866;SPRF-RS;DEL06-RS;UOP01-DEL06-RS;;;
668806;22/03/2025;s�bado;08:50:00;SC;101;226,6;PALHOCA;Velocidade Incompat�vel;Sa�da de leito carro��vel;Com V�timas Feridas;Pleno dia;Decrescente;Sol;Dupla;Reta;N�o;3;0;0;1;2;0;1;1;-27,7488524;-48,63555193;SPRF-SC;DEL01-SC;UOP02-DEL01-SC;;;
668808;22/03/2025;s�bado;08:09:00;PE;101;146,5;RIBEIRAO;Rea��o tardia ou ineficiente do condutor;Colis�o traseira;Com V�timas Feridas;Pleno dia;Crescente;C�u Claro;Dupla;"Reta;Aclive";N�o;6;0;5;1;0;0;6;2;-8,48374791;-35,37217855;SPRF-PE;DEL01-PE;UOP03-DEL01-PE;;;
668811;22/03/2025;s�bado;09:37:00;PB;101;96;CONDE;Aus�ncia de rea��o do condutor;Atropelamento de Pedestre;Com V�timas Feridas;Pleno dia;Decrescente;C�u Claro;Dupla;Reta;Sim;3;0;0;1;1;1;1;2;-7,233168;-34,922317;SPRF-PB;DEL01-PB;UOP01-DEL01-PB;;;
668812;22/03/2025;s�bado;09:30:00;RS;386;435;MONTENEGRO;Acessar a via sem observar a presen�a dos outros ve�culos;Colis�o transversal;Com V�timas Feridas;Pleno dia;Crescente;C�u Claro;Dupla;"Reta;Rotat�ria";Sim;2;0;1;0;1;0;1;2;-29,8221568;-51,3736704;SPRF-RS;DEL04-RS;UOP02-DEL04-RS;;;
668813;22/03/2025;s�bado;09:00:00;PR;153;349;REBOUCAS;Falta de elemento de conten��o que evite a sa�da do leito carro��vel;Sa�da de leito carro��vel;Sem V�timas;Pleno dia;Crescente;C�u Claro;Simples;Reta;N�o;1;0;0;0;0;1;0;1;-25,607;-50,696;SPRF-PR;DEL08-PR;UOP02-DEL08-PR;;;
668815;22/03/2025;s�bado;09:15:00;PI;316;53;MONSENHOR GIL;Aus�ncia de rea��o do condutor;Capotamento;Com V�timas Feridas;Pleno dia;Crescente;Sol;Simples;Reta;N�o;3;0;1;0;2;0;1;1;-5,52404;-42,6388;SPRF-PI;DEL01-PI;UOP02-DEL01-PI;;;
668816;22/03/2025;s�bado;09:15:00;SP;101;44;UBATUBA;Retorno proibido;Colis�o transversal;Com V�timas Feridas;Pleno dia;Crescente;C�u Claro;Simples;Reta;Sim;4;0;1;0;3;0;1;2;-23,419205;-45,06863;SPRF-SP;DEL06-SP;UOP01-DEL06-SP;;;
668817;22/03/2025;s�bado;10:35:00;AL;101;139;SAO MIGUEL DOS CAMPOS;Rea��o tardia ou ineficiente do condutor;Colis�o transversal;Com V�timas Feridas;Pleno dia;Crescente;C�u Claro;Simples;Reta;N�o;2;0;1;0;1;0;1;2;-9,8071205;-36,1157345;SPRF-AL;DEL02-AL;UOP01-DEL02-AL;;;
668818;02/03/2025;domingo;20:56:00;PI;343;343;TERESINA;Acessar a via sem observar a presen�a dos outros ve�culos;Colis�o traseira;Com V�timas Feridas;Plena Noite;Crescente;C�u Claro;Dupla;Rotat�ria;N�o;5;0;2;0;1;2;2;4;-5,07819504;-42,74975538;SPRF-PI;DEL01-PI;UOP01-DEL01-PI;;;
668820;22/03/2025;s�bado;10:45:00;PR;153;335;IRATI;Convers�o proibida;Colis�o lateral mesmo sentido;Sem V�timas;Pleno dia;Crescente;Sol;Simples;Reta;Sim;3;0;0;0;3;0;0;2;-25,497;-50,648;SPRF-PR;DEL08-PR;UOP02-DEL08-PR;;;
668822;22/03/2025;s�bado;11:30:00;RJ;101;308;SAO GONCALO;Demais falhas mec�nicas ou el�tricas;Tombamento;Com V�timas Feridas;Pleno dia;Crescente;C�u Claro;Dupla;Reta;Sim;2;0;2;0;0;0;2;1;-22,7934208;-43,0309376;SPRF-RJ;DEL02-RJ;UOP02-DEL02-RJ;;;
668825;22/03/2025;s�bado;08:50:00;RJ;116;82;TERESOPOLIS;Acessar a via sem observar a presen�a dos outros ve�culos;Colis�o transversal;Com V�timas Feridas;Pleno dia;Crescente;C�u Claro;Simples;Reta;Sim;2;0;1;1;0;0;2;2;-22,406925;-42,951261;SPRF-RJ;DEL04-RJ;UOP01-DEL04-RJ;;;
668826;22/03/2025;s�bado;11:30:00;DF;60;19,2;BRASILIA;Rea��o tardia ou ineficiente do condutor;Tombamento;Com V�timas Feridas;Pleno dia;Crescente;C�u Claro;Dupla;Declive;N�o;1;0;1;0;0;0;1;1;-15,975203;-48,193148;SPRF-DF;DEL03-DF;UOP01-DEL03-DF;;;
668828;22/03/2025;s�bado;11:30:00;PI;343;52;BURITI DOS LOPES;Acessar a via sem observar a presen�a dos outros ve�culos;Colis�o transversal;Com V�timas Feridas;Pleno dia;Decrescente;Sol;Simples;"Reta;Interse��o de Vias";N�o;2;0;1;0;1;0;1;2;-3,20004188;-41,83708906;SPRF-PI;DEL05-PI;UOP01-DEL05-PI;;;
668829;22/03/2025;s�bado;12:05:00;PI;343;2,7;TERESINA;Condutor deixou de manter dist�ncia do ve�culo da frente;Colis�o traseira;Com V�timas Feridas;Pleno dia;Crescente;C�u Claro;Dupla;Interse��o de Vias;Sim;2;0;1;0;1;0;1;2;-5,08114568;-42,77426954;SPRF-PI;DEL01-PI;UOP01-DEL01-PI;;;
668830;22/03/2025;s�bado;12:10:00;RS;290;75;GRAVATAI;Animais na Pista;Colis�o com objeto;Com V�timas Feridas;Pleno dia;Crescente;C�u Claro;M�ltipla;Reta;N�o;1;0;1;0;0;0;1;1;-29,9550388;-51,0036875;SPRF-RS;DEL01-RS;UOP01-DEL01-RS;;;
668831;22/03/2025;s�bado;07:50:00;RS;287;337,7;SAO VICENTE DO SUL;Rea��o tardia ou ineficiente do condutor;Sa�da de leito carro��vel;Com V�timas Feridas;Pleno dia;Decrescente;Nublado;Simples;Curva;N�o;1;0;1;0;0;0;1;1;-29,615913;-54,683978;SPRF-RS;DEL12-RS;UOP02-DEL12-RS;;;
668832;22/03/2025;s�bado;12:40:00;RS;116;268;CANOAS;Acessar a via sem observar a presen�a dos outros ve�culos;Queda de ocupante de ve�culo;Com V�timas Feridas;Pleno dia;Decrescente;C�u Claro;Dupla;Reta;Sim;2;0;2;0;0;0;2;2;-29,93999951;-51,17701823;SPRF-RS;DEL01-RS;UOP01-DEL01-RS;;;
668834;22/03/2025;s�bado;12:30:00;GO;80;140;BARRO ALTO;Velocidade Incompat�vel;Sa�da de leito carro��vel;Com V�timas Feridas;Pleno dia;Decrescente;Chuva;Dupla;Interse��o de Vias;Sim;1;0;0;1;0;0;1;1;-14,96465804;-48,93123195;SPRF-GO;DEL07-GO;UOP02-DEL07-GO;;;
668835;22/03/2025;s�bado;10:50:00;RJ;40;123;DUQUE DE CAXIAS;Rea��o tardia ou ineficiente do condutor;Colis�o lateral mesmo sentido;Com V�timas Feridas;Pleno dia;Crescente;C�u Claro;M�ltipla;Reta;Sim;3;0;2;0;1;0;2;2;-22,80509998;-43,28985529;SPRF-RJ;DEL01-RJ;UOP02-DEL01-RJ;;;
668836;22/03/2025;s�bado;12:25:00;PR;277;610,9;SANTA TEREZA DO OESTE;Desrespeitar a prefer�ncia no cruzamento;Colis�o transversal;Com V�timas Feridas;Pleno dia;Crescente;C�u Claro;Simples;"Reta;Interse��o de Vias";Sim;5;0;1;1;3;0;2;2;-25,051657;-53,631517;SPRF-PR;DEL05-PR;UOP02-DEL05-PR;;;
668837;22/03/2025;s�bado;11:50:00;RJ;493;18;GUAPIMIRIM;Acessar a via sem observar a presen�a dos outros ve�culos;Colis�o transversal;Com V�timas Feridas;Pleno dia;Crescente;C�u Claro;Simples;Reta;Sim;2;0;1;0;1;0;1;2;-22,66732758;-43,02654935;SPRF-RJ;DEL04-RJ;UOP02-DEL04-RJ;;;
668838;22/03/2025;s�bado;12:05:00;SC;101;146;ITAPEMA;Rea��o tardia ou ineficiente do condutor;Colis�o transversal;Com V�timas Feridas;Pleno dia;Crescente;C�u Claro;M�ltipla;Reta;Sim;2;0;2;0;0;0;2;2;-27,09014906;-48,61552656;SPRF-SC;DEL04-SC;UOP03-DEL04-SC;;;
668839;22/03/2025;s�bado;07:50:00;GO;153;18;PORANGATU;Demais falhas mec�nicas ou el�tricas;Sa�da de leito carro��vel;Sem V�timas;Pleno dia;Decrescente;C�u Claro;Simples;Reta;N�o;2;0;0;0;2;0;0;1;-13,4152192;-49,1454464;SPRF-GO;DEL07-GO;UOP01-DEL07-GO;;;
668840;22/03/2025;s�bado;12:00:00;DF;70;0,7;BRASILIA;Aus�ncia de rea��o do condutor;Colis�o traseira;Com V�timas Feridas;Pleno dia;Crescente;Nublado;Dupla;Reta;Sim;2;0;1;0;1;0;1;2;-15,794189;-48,060844;SPRF-DF;DEL03-DF;UOP02-DEL03-DF;;;
668841;22/03/2025;s�bado;13:10:00;PR;376;201;MARIALVA;Demais falhas mec�nicas ou el�tricas;Colis�o com objeto;Sem V�timas;Pleno dia;Crescente;C�u Claro;Dupla;Declive;N�o;2;0;0;0;1;1;0;2;-23,5071556;-51,7334612;SPRF-PR;DEL09-PR;UOP01-DEL09-PR;;;
668843;22/03/2025;s�bado;11:40:00;PR;373;400;CANDOI;Desrespeitar a prefer�ncia no cruzamento;Colis�o transversal;Com V�timas Feridas;Pleno dia;Decrescente;C�u Claro;Simples;Interse��o de Vias;Sim;4;0;1;0;3;0;1;2;-25,567;-52,050417;SPRF-PR;DEL08-PR;UOP01-DEL08-PR;;;
668844;22/03/2025;s�bado;13:50:00;GO;153;651;GOIATUBA;Velocidade Incompat�vel;Sa�da de leito carro��vel;Com V�timas Feridas;Pleno dia;Crescente;Nublado;Dupla;Reta;N�o;2;0;2;0;0;0;2;1;-17,966348;-49,253306;SPRF-GO;DEL03-GO;UOP01-DEL03-GO;;;
668845;13/03/2025;quinta-feira;05:10:00;BA;101;267;SANTO ANTONIO DE JESUS;Animais na Pista;Atropelamento de Animal;Com V�timas Feridas;Amanhecer;Crescente;C�u Claro;Simples;Curva;N�o;3;0;1;0;2;0;1;2;-13,00652303;-39,29423332;SPRF-BA;DEL01-BA;UOP02-DEL01-BA;;;
668846;22/03/2025;s�bado;14:06:00;PE;101;72;RECIFE;Animais na Pista;Atropelamento de Animal;Com V�timas Feridas;Pleno dia;Decrescente;C�u Claro;Dupla;Reta;Sim;2;0;1;1;0;0;2;1;-8,09063;-34,946661;SPRF-PE;DEL01-PE;UOP01-DEL01-PE;;;
668848;22/03/2025;s�bado;14:10:00;RN;304;304,1;PARNAMIRIM;Ingest�o de �lcool pelo condutor;Colis�o com objeto;Com V�timas Feridas;Pleno dia;Decrescente;Sol;Dupla;"Reta;Retorno Regulamentado";Sim;1;0;0;1;0;0;1;1;-5,8854716;-35,27865259;SPRF-RN;DEL01-RN;UOP02-DEL01-RN;;;
668849;22/03/2025;s�bado;14:15:00;RS;392;347;SANTA MARIA;Aus�ncia de rea��o do condutor;Colis�o transversal;Com V�timas Feridas;Pleno dia;Crescente;C�u Claro;Simples;"Reta;Interse��o de Vias";Sim;4;0;1;0;3;0;1;2;-29,76407935;-53,78525376;SPRF-RS;DEL09-RS;UOP01-DEL09-RS;;;
668850;22/03/2025;s�bado;10:30:00;MG;116;695,5;MURIAE;Rea��o tardia ou ineficiente do condutor;Capotamento;Com V�timas Feridas;Pleno dia;Crescente;C�u Claro;Simples;Reta;N�o;5;0;5;0;0;0;5;1;-21,0687489;-42,36775182;SPRF-MG;DEL07-MG;UOP02-DEL07-MG;;;
668851;22/03/2025;s�bado;12:45:00;GO;60;385;RIO VERDE;Ingest�o de �lcool pelo condutor;Colis�o traseira;Com V�timas Feridas;Pleno dia;Decrescente;C�u Claro;Simples;"Interse��o de Vias;Viaduto";Sim;3;0;1;0;2;0;1;2;-17,81360577;-50,93076294;SPRF-GO;DEL04-GO;UOP02-DEL04-GO;;;
668852;22/03/2025;s�bado;14:40:00;SC;470;80;RODEIO;Rea��o tardia ou ineficiente do condutor;Sa�da de leito carro��vel;Com V�timas Feridas;Pleno dia;Crescente;C�u Claro;Simples;Curva;N�o;1;0;1;0;0;0;1;1;-26,9481536;-49,31828141;SPRF-SC;DEL04-SC;UOP01-DEL04-SC;;;
668853;22/03/2025;s�bado;15:20:00;RN;101;104;PARNAMIRIM;Ingest�o de �lcool pelo condutor;Colis�o traseira;Com V�timas Feridas;Pleno dia;Crescente;C�u Claro;Simples;Reta;Sim;2;0;1;0;1;0;1;2;-5,8908728;-35,2561628;SPRF-RN;DEL01-RN;UOP01-DEL01-RN;;;
668854;22/03/2025;s�bado;14:15:00;PR;373;426;FOZ DO JORDAO;Manobra de mudan�a de faixa;Colis�o lateral mesmo sentido;Com V�timas Feridas;Pleno dia;Crescente;C�u Claro;Simples;Reta;N�o;3;0;1;0;2;0;1;2;-25,7269;-52,21571;SPRF-PR;DEL08-PR;UOP01-DEL08-PR;;;
668855;22/03/2025;s�bado;15:10:00;SC;282;0,6;FLORIANOPOLIS;Condutor deixou de manter dist�ncia do ve�culo da frente;Engavetamento;Com V�timas Feridas;Pleno dia;Decrescente;C�u Claro;M�ltipla;"Reta;Declive";N�o;5;0;1;0;4;0;1;4;-27,600335;-48,577247;SPRF-SC;DEL01-SC;UOP01-DEL01-SC;;;
668857;22/03/2025;s�bado;15:20:00;SP;116;118;TAUBATE;Rea��o tardia ou ineficiente do condutor;Tombamento;Com V�timas Feridas;Pleno dia;Decrescente;Sol;Dupla;Reta;Sim;2;0;1;0;1;0;1;1;-23,06536013;-45,63212156;SPRF-SP;DEL02-SP;UOP02-DEL02-SP;;;
668858;22/03/2025;s�bado;14:45:00;PR;476;147;CURITIBA;Demais falhas mec�nicas ou el�tricas;Tombamento;Com V�timas Feridas;Pleno dia;Decrescente;Sol;Dupla;Reta;N�o;2;0;1;0;1;0;1;1;-25,554909;-49,33996439;SPRF-PR;DEL01-PR;UOP06-DEL01-PR;;;
668861;22/03/2025;s�bado;15:05:00;MG;40;519;RIBEIRAO DAS NEVES;Aus�ncia de rea��o do condutor;Colis�o traseira;Com V�timas Feridas;Pleno dia;Crescente;Nublado;Dupla;"Reta;Aclive";Sim;2;0;1;0;1;0;1;2;-19,83982701;-44,07682657;SPRF-MG;DEL01-MG;UOP02-DEL01-MG;;;
668862;22/03/2025;s�bado;15:00:00;SC;101;138;BALNEARIO CAMBORIU;Rea��o tardia ou ineficiente do condutor;Tombamento;Com V�timas Feridas;Pleno dia;Decrescente;C�u Claro;Dupla;Curva;Sim;1;0;1;0;0;0;1;1;-27,02880981;-48,60515529;SPRF-SC;DEL04-SC;UOP03-DEL04-SC;;;
668864;22/03/2025;s�bado;12:39:00;RJ;40;62;PETROPOLIS;Acessar a via sem observar a presen�a dos outros ve�culos;Colis�o transversal;Com V�timas Feridas;Pleno dia;Crescente;C�u Claro;Simples;"Interse��o de Vias;Rotat�ria";Sim;2;0;1;0;1;0;1;2;-22,40877158;-43,1495207;SPRF-RJ;DEL05-RJ;UOP02-DEL05-RJ;;;
668865;22/03/2025;s�bado;15:25:00;SC;101;2,3;FLORIANOPOLIS;Condutor deixou de manter dist�ncia do ve�culo da frente;Colis�o traseira;Com V�timas Feridas;Pleno dia;Decrescente;C�u Claro;M�ltipla;Reta;Sim;2;0;0;1;1;0;1;2;-27,60428749;-48,58835042;SPRF-SC;DEL03-SC;UOP01-DEL03-SC;;;
668866;22/03/2025;s�bado;15:00:00;DF;70;4;BRASILIA;Manobra de mudan�a de faixa;Capotamento;Com V�timas Feridas;Pleno dia;Crescente;C�u Claro;Dupla;Reta;Sim;2;0;2;0;0;0;2;1;-15,79630479;-48,09213147;SPRF-DF;DEL03-DF;UOP02-DEL03-DF;;;
668868;22/03/2025;s�bado;15:41:00;RS;470;159;NOVA PRATA;Ingest�o de �lcool pelo condutor;Colis�o frontal;Sem V�timas;Pleno dia;Decrescente;C�u Claro;Simples;"Rotat�ria;Declive";N�o;2;0;0;0;2;0;0;2;-28,80171548;-51,60964228;SPRF-RS;DEL06-RS;UOP02-DEL06-RS;;;
668869;22/03/2025;s�bado;16:20:00;PE;101;67,2;RECIFE;Acessar a via sem observar a presen�a dos outros ve�culos;Colis�o lateral mesmo sentido;Com V�timas Feridas;Pleno dia;Crescente;C�u Claro;Dupla;Reta;Sim;2;0;0;1;1;0;1;2;-8,044366;-34,944223;SPRF-PE;DEL01-PE;UOP01-DEL01-PE;;;
668870;22/03/2025;s�bado;16:10:00;MG;381;601,2;CARMOPOLIS DE MINAS;Rea��o tardia ou ineficiente do condutor;Sa�da de leito carro��vel;Com V�timas Feridas;Pleno dia;Crescente;Sol;Dupla;"Aclive;Curva";N�o;2;0;1;0;1;0;1;1;-20,60758846;-44,72910851;SPRF-MG;DEL04-MG;UOP01-DEL04-MG;;;
668872;22/03/2025;s�bado;16:30:00;RN;101;75,6;SAO GONCALO DO AMARANTE;Condutor deixou de manter dist�ncia do ve�culo da frente;Colis�o traseira;Com V�timas Feridas;Pleno dia;Crescente;C�u Claro;Dupla;Reta;N�o;2;0;1;0;0;1;1;2;-5,724093;-35,280762;SPRF-RN;DEL02-RN;UOP01-DEL02-RN;;;
668873;22/03/2025;s�bado;16:30:00;MG;50;21;UBERLANDIA;Problema na suspens�o;Colis�o com objeto;Com V�timas Feridas;Pleno dia;Crescente;C�u Claro;Dupla;"Reta;Declive";Sim;1;0;1;0;0;0;1;1;-18,93782699;-48,21512908;SPRF-MG;DEL15-MG;UOP01-DEL15-MG;;;
668875;22/03/2025;s�bado;15:00:00;SC;282;0,2;FLORIANOPOLIS;Velocidade Incompat�vel;Colis�o com objeto;Com V�timas Feridas;Pleno dia;Crescente;C�u Claro;M�ltipla;Curva;N�o;1;0;0;1;0;0;1;1;-27,599449;-48,574515;SPRF-SC;DEL01-SC;UOP01-DEL01-SC;;;
668876;22/03/2025;s�bado;17:40:00;SC;101;204;SAO JOSE;Trafegar com motocicleta (ou similar) entre as faixas;Colis�o lateral mesmo sentido;Com V�timas Feridas;Anoitecer;Crescente;C�u Claro;M�ltipla;Reta;Sim;3;0;1;0;2;0;1;2;-27,579654;-48,614153;SPRF-SC;DEL01-SC;UOP01-DEL01-SC;;;
668877;22/03/2025;s�bado;15:30:00;BA;324;543;AMELIA RODRIGUES;Pedestre cruzava a pista fora da faixa;Atropelamento de Pedestre;Com V�timas Feridas;Pleno dia;Decrescente;Nublado;Dupla;Reta;Sim;2;0;1;0;1;0;1;2;-12,403135;-38,754799;SPRF-BA;DEL01-BA;UOP03-DEL01-BA;;;
668879;22/03/2025;s�bado;16:30:00;MG;262;456,9;NOVA SERRANA;Rea��o tardia ou ineficiente do condutor;Sa�da de leito carro��vel;Com V�timas Feridas;Pleno dia;Decrescente;Chuva;Simples;Curva;N�o;3;0;0;3;0;0;3;1;-19,821456;-45,084388;SPRF-MG;DEL08-MG;UOP03-DEL08-MG;;;
668881;22/03/2025;s�bado;16:40:00;AM;174;947;MANAUS;Mal s�bito do condutor;Sa�da de leito carro��vel;Com V�timas Feridas;Pleno dia;Decrescente;C�u Claro;Simples;"Reta;Aclive";N�o;4;0;4;0;0;0;4;1;-2,420768;-60,03105;SPRF-AM;DEL01-AM;UOP01-DEL01-AM;;;
668882;01/03/2025;s�bado;22:22:00;GO;60;44,4;ALEXANIA;Entrada inopinada do pedestre;Atropelamento de Pedestre;Com V�timas Feridas;Plena Noite;Crescente;C�u Claro;Dupla;Reta;Sim;2;0;0;1;1;0;1;2;-16,127886;-48,5957807;SPRF-GO;DEL02-GO;UOP01-DEL02-GO;;;
668884;22/03/2025;s�bado;18:10:00;PB;104;141,9;QUEIMADAS;Rea��o tardia ou ineficiente do condutor;Tombamento;Com V�timas Feridas;Plena Noite;Crescente;Ignorado;Simples;Reta;Sim;2;0;1;1;0;0;2;1;-7,379723;-35,896932;SPRF-PB;DEL02-PB;UOP03-DEL02-PB;;;
668885;22/03/2025;s�bado;18:45:00;RS;116;1;PORTO ALEGRE;Manobra de mudan�a de faixa;Colis�o traseira;Com V�timas Feridas;Plena Noite;Crescente;C�u Claro;Simples;Reta;Sim;2;0;1;0;1;0;1;2;-29,9856055;-51,18152618;SPRF-RS;DEL01-RS;UOP01-DEL01-RS;;;
668887;22/03/2025;s�bado;11:20:00;RJ;40;99;DUQUE DE CAXIAS;Trafegar com motocicleta (ou similar) entre as faixas;Colis�o lateral mesmo sentido;Com V�timas Feridas;Pleno dia;Decrescente;C�u Claro;Dupla;Curva;Sim;2;0;1;0;1;0;1;2;-22,59199168;-43,27619422;SPRF-RJ;DEL01-RJ;UOP01-DEL01-RJ;;;
668889;22/03/2025;s�bado;16:00:00;PE;407;101,5;PETROLINA;Condutor deixou de manter dist�ncia do ve�culo da frente;Colis�o traseira;Com V�timas Feridas;Pleno dia;Crescente;C�u Claro;Simples;Reta;N�o;3;0;1;1;1;0;2;2;-9,195743;-40,633772;SPRF-PE;DEL06-PE;UOP01-DEL06-PE;;;
668890;22/03/2025;s�bado;19:10:00;SC;101;200;SAO JOSE;Condutor deixou de manter dist�ncia do ve�culo da frente;Colis�o traseira;Com V�timas Feridas;Plena Noite;Crescente;C�u Claro;Dupla;Reta;Sim;2;0;1;0;1;0;1;2;-27,540549;-48,622708;SPRF-SC;DEL01-SC;UOP01-DEL01-SC;;;
668891;22/03/2025;s�bado;19:10:00;RN;101;82;NATAL;Aus�ncia de rea��o do condutor;Atropelamento de Pedestre;Com V�timas Feridas;Plena Noite;Decrescente;C�u Claro;Dupla;Reta;Sim;2;0;1;1;0;0;2;2;-5,76620128;-35,27901823;SPRF-RN;DEL02-RN;UOP01-DEL02-RN;;;
668892;22/03/2025;s�bado;18:40:00;MS;262;486;ANASTACIO;Velocidade Incompat�vel;Tombamento;Com V�timas Feridas;Plena Noite;Crescente;C�u Claro;Simples;Reta;N�o;2;0;2;0;0;0;2;1;-20,50007928;-55,77800632;SPRF-MS;DEL03-MS;UOP01-DEL03-MS;;;