id;data_inversa;dia_semana;horario;uf;br;km;municipio;causa_acidente;tipo_acidente;classificacao_acidente;fase_dia;sentido_via;condicao_metereologica;tipo_pista;tracado_via;uso_solo;pessoas;mortos;feridos_leves;feridos_graves;ilesos;ignorados;feridos;veiculos;latitude;longitude;regional;delegacia;uop;;;
668893;22/03/2025;s�bado;03:40:00;RJ;101;576;PARATY;Ingest�o de �lcool pelo condutor;Sa�da de leito carro��vel;Sem V�timas;Plena Noite;Decrescente;Nublado;Simples;Reta;N�o;1;0;0;0;1;0;0;1;-23,2273048;-44,7279073;SPRF-RJ;DEL03-RJ;UOP04-DEL03-RJ;;;
668894;22/03/2025;s�bado;19:30:00;RS;392;117;CANGUCU;Manobra de mudan�a de faixa;Colis�o lateral mesmo sentido;Sem V�timas;Plena Noite;Decrescente;C�u Claro;Simples;Reta;Sim;2;0;0;0;2;0;0;2;-31,414232;-52,6748298;SPRF-RS;DEL07-RS;UOP01-DEL07-RS;;;
668895;22/03/2025;s�bado;19:20:00;PR;277;121;CAMPO LARGO;Acessar a via sem observar a presen�a dos outros ve�culos;Colis�o transversal;Com V�timas Feridas;Plena Noite;Crescente;C�u Claro;Dupla;Retorno Regulamentado;Sim;2;0;0;1;1;0;1;2;-25,446311;-49,487344;SPRF-PR;DEL03-PR;UOP03-DEL03-PR;;;
668898;22/03/2025;s�bado;18:30:00;SP;153;61,3;SAO JOSE DO RIO PRETO;Ingest�o de �lcool pelo condutor;Colis�o traseira;Sem V�timas;Plena Noite;Decrescente;C�u Claro;Dupla;"Aclive;Reta";Sim;2;0;0;0;2;0;0;2;-20,806408;-49,355918;SPRF-SP;DEL09-SP;UOP01-DEL09-SP;;;
668899;22/03/2025;s�bado;19:20:00;PE;104;93;AGRESTINA;Velocidade Incompat�vel;Sa�da de leito carro��vel;Com V�timas Fatais;Plena Noite;Crescente;C�u Claro;Simples;Reta;N�o;1;1;0;0;0;0;0;1;-8,51555;-35,94152;SPRF-PE;DEL02-PE;NPF/DEL02-PE;;;
668900;22/03/2025;s�bado;17:00:00;MS;163;42;ELDORADO;Ingest�o de �lcool pelo condutor;Sa�da de leito carro��vel;Com V�timas Feridas;Pleno dia;Crescente;C�u Claro;Simples;"Reta;Declive";Sim;1;0;1;0;0;0;1;1;-23,7714602;-54,2760196;SPRF-MS;DEL09-MS;UOP02-DEL09-MS;;;
668901;22/03/2025;s�bado;19:30:00;GO;50;240,6;CATALAO;Aus�ncia de rea��o do condutor;Sa�da de leito carro��vel;Com V�timas Feridas;Plena Noite;Decrescente;C�u Claro;Dupla;Reta;N�o;2;0;2;0;0;0;2;1;-17,88871;-47,792399;SPRF-GO;DEL06-GO;UOP01-DEL06-GO;;;
668902;22/03/2025;s�bado;17:20:00;MG;381;665;PERDOES;Condutor deixou de manter dist�ncia do ve�culo da frente;Colis�o traseira;Com V�timas Feridas;Anoitecer;Decrescente;Nublado;Dupla;Reta;N�o;6;0;1;0;5;0;1;2;-21,05493912;-45,03103599;SPRF-MG;DEL04-MG;UOP02-DEL04-MG;;;
668903;22/03/2025;s�bado;17:15:00;MG;365;611,9;UBERLANDIA;Ultrapassagem Indevida;Colis�o lateral mesmo sentido;Com V�timas Feridas;Pleno dia;Crescente;Sol;Simples;Reta;Sim;2;0;0;1;0;1;1;2;-18,92486439;-48,19865799;SPRF-MG;DEL15-MG;UOP01-DEL15-MG;;;
668904;22/03/2025;s�bado;20:20:00;SP;116;225;GUARULHOS;Rea��o tardia ou ineficiente do condutor;Tombamento;Com V�timas Feridas;Plena Noite;Decrescente;C�u Claro;M�ltipla;"Em Obras;Desvio Tempor�rio;Reta;Declive";Sim;1;0;1;0;0;0;1;1;-23,4869;-46,542044;SPRF-SP;DEL01-SP;UOP01-DEL01-SP;;;
668905;22/03/2025;s�bado;20:15:00;RJ;116;177;MESQUITA;Acessar a via sem observar a presen�a dos outros ve�culos;Colis�o traseira;Sem V�timas;Plena Noite;Decrescente;C�u Claro;M�ltipla;Reta;N�o;2;0;0;0;2;0;0;2;-22,77607717;-43,39990675;SPRF-RJ;DEL06-RJ;UOP01-DEL06-RJ;;;
668906;22/03/2025;s�bado;18:30:00;BA;420;341;JAGUAQUARA;Ingest�o de �lcool pelo condutor;Colis�o transversal;Com V�timas Feridas;Anoitecer;Crescente;C�u Claro;Simples;Curva;Sim;2;0;0;1;1;0;1;2;-13,526252;-39,97047;SPRF-BA;DEL03-BA;UOP01-DEL03-BA;;;
668907;22/03/2025;s�bado;20:05:00;RN;226;2,8;MACAIBA;Defici�ncia do Sistema de Ilumina��o/Sinaliza��o;Colis�o traseira;Com V�timas Feridas;Plena Noite;Decrescente;C�u Claro;Simples;Reta;Sim;3;0;2;0;1;0;2;2;-5,867592;-35,3709583;SPRF-RN;DEL01-RN;UOP02-DEL01-RN;;;
668908;22/03/2025;s�bado;19:00:00;SC;101;331,7;TUBARAO;Aus�ncia de rea��o do condutor;Colis�o traseira;Com V�timas Feridas;Plena Noite;Crescente;C�u Claro;M�ltipla;Reta;Sim;3;0;1;0;2;0;1;2;-28,46530018;-48,99438674;SPRF-SC;DEL02-SC;UOP01-DEL02-SC;;;
668909;22/03/2025;s�bado;17:45:00;RS;386;115,9;SARANDI;Transitar na contram�o;Colis�o frontal;Com V�timas Fatais;Pleno dia;Decrescente;C�u Claro;Simples;Curva;N�o;6;1;2;3;0;0;5;2;-27,83274712;-53,02084565;SPRF-RS;DEL08-RS;UOP01-DEL08-RS;;;
668911;22/03/2025;s�bado;20:00:00;MG;381;570,5;ITAGUARA;Demais falhas mec�nicas ou el�tricas;Sa�da de leito carro��vel;Com V�timas Feridas;Plena Noite;Crescente;Chuva;Dupla;Reta;N�o;1;0;1;0;0;0;1;1;-20,42179;-44,536709;SPRF-MG;DEL04-MG;UOP03-DEL04-MG;;;
668912;22/03/2025;s�bado;20:00:00;BA;110;172;RIBEIRA DO POMBAL;Transitar no Acostamento;Colis�o transversal;Com V�timas Feridas;Plena Noite;Crescente;C�u Claro;Simples;Reta;Sim;2;0;0;1;1;0;1;2;-10,823386;-38,531609;SPRF-BA;DEL07-BA;UOP02-DEL07-BA;;;
668913;22/03/2025;s�bado;20:15:00;PR;376;591,4;CURITIBA;Velocidade Incompat�vel;Sa�da de leito carro��vel;Com V�timas Feridas;Plena Noite;Decrescente;C�u Claro;Dupla;"Interse��o de Vias;Curva;Declive";N�o;3;0;2;0;1;0;2;1;-25,429585;-49,3659;SPRF-PR;DEL03-PR;UOP03-DEL03-PR;;;
668916;22/03/2025;s�bado;19:50:00;PR;369;188,3;ARAPONGAS;Ingest�o de �lcool pelo condutor;Sa�da de leito carro��vel;Sem V�timas;Anoitecer;Crescente;Chuva;Dupla;Reta;N�o;3;0;0;0;3;0;0;1;-23,4390866;-51,42232769;SPRF-PR;DEL07-PR;UOP03-DEL07-PR;;;
668918;22/03/2025;s�bado;20:10:00;SP;116;444;REGISTRO;Demais falhas na via;Tombamento;Com V�timas Feridas;Plena Noite;Decrescente;Nublado;Dupla;Reta;Sim;2;0;2;0;0;0;2;1;-24,477696;-47,8281728;SPRF-SP;DEL05-SP;UOP01-DEL05-SP;;;
668919;22/03/2025;s�bado;20:30:00;MG;381;821,4;CAREACU;Velocidade Incompat�vel;Sa�da de leito carro��vel;Com V�timas Feridas;Plena Noite;Decrescente;C�u Claro;Dupla;Reta;N�o;2;0;2;0;0;0;2;1;-22,07893215;-45,70122948;SPRF-MG;DEL16-MG;UOP02-DEL16-MG;;;
668920;22/03/2025;s�bado;20:00:00;PA;316;42;SANTA IZABEL DO PARA;Transitar no Acostamento;Colis�o transversal;Com V�timas Feridas;Plena Noite;Crescente;C�u Claro;Dupla;Reta;Sim;2;0;1;1;0;0;2;2;-1,275973;-48,096307;SPRF-PA;DEL01-PA;UOP01-DEL01-PA;;;
668921;22/03/2025;s�bado;20:45:00;SC;101;333;TUBARAO;Ingest�o de �lcool pelo condutor;Colis�o com objeto;Com V�timas Feridas;Plena Noite;Crescente;C�u Claro;Dupla;Reta;Sim;4;0;2;0;2;0;2;1;-28,4687;-49,013;SPRF-SC;DEL02-SC;UOP01-DEL02-SC;;;
668922;22/03/2025;s�bado;20:50:00;BA;101;872,5;TEIXEIRA DE FREITAS;Ingest�o de �lcool pelo condutor;Colis�o transversal;Sem V�timas;Plena Noite;Crescente;C�u Claro;Simples;Reta;N�o;2;0;0;0;2;0;0;2;-17,505328;-39,703655;SPRF-BA;DEL09-BA;UOP02-DEL09-BA;;;
668923;22/03/2025;s�bado;20:33:00;MT;163;1037;MATUPA;Rea��o tardia ou ineficiente do condutor;Colis�o traseira;Com V�timas Feridas;Plena Noite;Crescente;Ignorado;Simples;"Reta;Declive";N�o;2;0;2;0;0;0;2;2;-10,192;-54,951;SPRF-MT;DEL06-MT;UOP03-DEL06-MT;;;
668924;22/03/2025;s�bado;21:00:00;DF;0;0;BRASILIA;Transtornos Mentais (exceto suicidio);Colis�o transversal;Sem V�timas;Plena Noite;N�o Informado;C�u Claro;Dupla;Reta;Sim;5;0;0;0;5;0;0;2;-15,82019345;-47,94973033;SPRF-DF;DEL01-DF;UOP01-DEL01-DF;;;
668927;22/03/2025;s�bado;22:00:00;PR;116;132;FAZENDA RIO GRANDE;Aus�ncia de rea��o do condutor;Colis�o lateral mesmo sentido;Com V�timas Feridas;Plena Noite;Crescente;Garoa/Chuvisco;Dupla;Reta;Sim;3;0;2;0;1;0;2;2;-25,68887232;-49,31659698;SPRF-PR;DEL01-PR;UOP03-DEL01-PR;;;
668929;22/03/2025;s�bado;19:45:00;MG;40;351;FELIXLANDIA;Chuva;Colis�o frontal;Com V�timas Fatais;Plena Noite;Crescente;Chuva;Simples;Reta;N�o;2;1;0;0;0;1;0;2;-18,72746985;-44,92652893;SPRF-MG;DEL02-MG;UOP01-DEL02-MG;;;
668931;22/03/2025;s�bado;18:40:00;MG;40;136;JOAO PINHEIRO;Acessar a via sem observar a presen�a dos outros ve�culos;Colis�o transversal;Com V�timas Feridas;Plena Noite;Decrescente;C�u Claro;Simples;"Reta;Declive";N�o;4;0;2;1;1;0;3;2;-17,71520879;-46,25337774;SPRF-MG;DEL14-MG;UOP01-DEL14-MG;;;
668934;22/03/2025;s�bado;19:30:00;MT;163;827;SINOP;Demais falhas na via;Queda de ocupante de ve�culo;Com V�timas Feridas;Plena Noite;Decrescente;C�u Claro;Dupla;"Em Obras;Reta";Sim;1;0;0;1;0;0;1;1;-11,91549701;-55,50872038;SPRF-MT;DEL06-MT;UOP02-DEL06-MT;;;
668935;22/03/2025;s�bado;17:15:00;MG;146;440;CABO VERDE;Pedestre cruzava a pista fora da faixa;Atropelamento de Pedestre;Com V�timas Feridas;Plena Noite;Crescente;C�u Claro;Simples;Reta;N�o;5;0;0;1;4;0;1;2;-21,47755106;-46,40049934;SPRF-MG;DEL09-MG;UOP01-DEL09-MG;;;
668937;22/03/2025;s�bado;21:30:00;PR;376;4,7;MANDAGUARI;Velocidade Incompat�vel;Colis�o traseira;Com V�timas Feridas;Plena Noite;Decrescente;C�u Claro;Simples;Reta;Sim;3;0;0;1;2;0;1;3;-23,51908906;-51,68071643;SPRF-PR;DEL09-PR;UOP01-DEL09-PR;;;
668938;22/03/2025;s�bado;21:30:00;MT;364;558;NOBRES;Ilumina��o deficiente;Colis�o com objeto;Com V�timas Feridas;Plena Noite;Crescente;C�u Claro;Dupla;Reta;N�o;2;0;2;0;0;0;2;1;-14,75688971;-56,34102195;SPRF-MT;DEL01-MT;UOP01-DEL01-MT;;;
668939;22/03/2025;s�bado;21:05:00;RO;425;80;NOVA MAMORE;Acessar a via sem observar a presen�a dos outros ve�culos;Colis�o transversal;Com V�timas Feridas;Plena Noite;Decrescente;C�u Claro;Dupla;"Reta;Interse��o de Vias";Sim;2;0;0;1;1;0;1;2;-10,41046002;-65,33035928;SPRF-RO;DEL01-RO;UOP03-DEL01-RO;;;
668940;22/03/2025;s�bado;23:08:00;SP;116;227;SAO PAULO;Aus�ncia de rea��o do condutor;Colis�o com objeto;Com V�timas Feridas;Plena Noite;Decrescente;C�u Claro;M�ltipla;Reta;Sim;1;0;0;1;0;0;1;1;-23,50219273;-46,56503193;SPRF-SP;DEL01-SP;UOP01-DEL01-SP;;;
668942;22/03/2025;s�bado;23:00:00;RJ;0;0;CAMPOS DOS GOYTACAZES;Aus�ncia de rea��o do condutor;Colis�o traseira;Com V�timas Feridas;Plena Noite;N�o Informado;C�u Claro;Simples;Reta;Sim;3;0;1;0;2;0;1;2;-21,840279;-41,42916;SPRF-RJ;DEL08-RJ;UOP02-DEL08-RJ;;;
668944;22/03/2025;s�bado;22:40:00;PR;376;200,1;MANDAGUARI;Pista esburacada;Queda de ocupante de ve�culo;Com V�timas Feridas;Plena Noite;Decrescente;C�u Claro;Dupla;Declive;N�o;2;0;1;0;1;0;1;1;-23,50392;-51,74702;SPRF-PR;DEL09-PR;UOP01-DEL09-PR;;;
668945;22/03/2025;s�bado;21:30:00;PR;272;388;FAROL;Condutor Dormindo;Colis�o lateral sentido oposto;Com V�timas Fatais;Plena Noite;Crescente;C�u Claro;Simples;"Reta;Aclive";N�o;5;1;0;3;1;0;3;3;-24,08927;-52,68534;SPRF-PR;DEL09-PR;UOP03-DEL09-PR;;;
668946;23/03/2025;domingo;00:15:00;GO;70;8,6;AGUAS LINDAS DE GOIAS;Rea��o tardia ou ineficiente do condutor;Colis�o traseira;Sem V�timas;Plena Noite;Crescente;Nublado;Dupla;Reta;Sim;4;0;0;0;4;0;0;2;-15,735065;-48,279795;SPRF-DF;DEL03-DF;UOP02-DEL03-DF;;;
668947;22/03/2025;s�bado;23:51:00;RS;290;10;OSORIO;Condutor Dormindo;Colis�o com objeto;Com V�timas Feridas;Plena Noite;Decrescente;C�u Claro;Dupla;Curva;N�o;4;0;1;0;3;0;1;1;-29,89102698;-50,37945631;SPRF-RS;DEL03-RS;UOP01-DEL03-RS;;;
668948;23/03/2025;domingo;00:30:00;SP;116;219;GUARULHOS;Sinaliza��o mal posicionada;Tombamento;Com V�timas Feridas;Plena Noite;Decrescente;Nublado;M�ltipla;"Reta;Em Obras";N�o;1;0;1;0;0;0;1;1;-23,464463;-46,497262;SPRF-SP;DEL01-SP;UOP01-DEL01-SP;;;
668949;22/03/2025;s�bado;21:40:00;AL;316;101,2;DOIS RIACHOS;Transitar na contram�o;Colis�o frontal;Com V�timas Fatais;Plena Noite;Decrescente;C�u Claro;Simples;Reta;N�o;2;1;0;0;0;1;0;2;-9,388794;-37,106207;SPRF-AL;DEL03-AL;UOP01-DEL03-AL;;;
668951;23/03/2025;domingo;00:00:00;PA;230;642,2;ALTAMIRA;Aus�ncia de rea��o do condutor;Colis�o transversal;Com V�timas Feridas;Plena Noite;Decrescente;Chuva;Simples;Reta;N�o;3;0;2;0;0;1;2;2;-3,21632885;-52,24210468;SPRF-PA;DEL04-PA;UOP01-DEL04-PA;;;
668952;23/03/2025;domingo;00:15:00;MG;116;279;TEOFILO OTONI;Rea��o tardia ou ineficiente do condutor;Sa�da de leito carro��vel;Com V�timas Feridas;Plena Noite;Decrescente;C�u Claro;Simples;"Curva;Declive";Sim;4;0;1;2;1;0;3;1;-17,88176;-41,523342;SPRF-MG;DEL11-MG;UOP01-DEL11-MG;;;
668953;23/03/2025;domingo;00:55:00;AL;101;70;MESSIAS;Aus�ncia de rea��o do condutor;Colis�o com objeto;Com V�timas Feridas;Plena Noite;Crescente;C�u Claro;Dupla;Curva;Sim;2;0;1;1;0;0;2;1;-9,390352;-35,83538;SPRF-AL;DEL01-AL;UOP02-DEL01-AL;;;
668954;23/03/2025;domingo;00:20:00;MT;163;688;LUCAS DO RIO VERDE;Rea��o tardia ou ineficiente do condutor;Queda de ocupante de ve�culo;Com V�timas Feridas;Plena Noite;Decrescente;C�u Claro;Simples;Reta;N�o;1;0;1;0;0;0;1;1;-13,073697;-55,931362;SPRF-MT;DEL06-MT;UOP01-DEL06-MT;;;
668955;23/03/2025;domingo;01:40:00;SE;235;36,8;AREIA BRANCA;Aus�ncia de rea��o do condutor;Queda de ocupante de ve�culo;Com V�timas Feridas;Plena Noite;Crescente;Chuva;Simples;Reta;N�o;1;0;0;1;0;0;1;1;-10,76894002;-37,3339122;SPRF-SE;DEL01-SE;UOP02-DEL01-SE;;;
668956;22/03/2025;s�bado;22:50:00;SC;101;415,7;ARARANGUA;Acessar a via sem observar a presen�a dos outros ve�culos;Colis�o transversal;Com V�timas Feridas;Plena Noite;Decrescente;C�u Claro;Simples;Reta;Sim;2;0;1;1;0;0;2;2;-28,96910429;-49,52506069;SPRF-SC;DEL02-SC;UOP02-DEL02-SC;;;
668957;22/03/2025;s�bado;23:40:00;SC;101;433;SOMBRIO;Velocidade Incompat�vel;Colis�o lateral sentido oposto;Com V�timas Feridas;Plena Noite;Decrescente;C�u Claro;Dupla;Reta;Sim;2;0;1;1;0;0;2;2;-29,10262642;-49,63536479;SPRF-SC;DEL02-SC;UOP02-DEL02-SC;;;
668958;23/03/2025;domingo;01:35:00;CE;222;30;CAUCAIA;Aus�ncia de rea��o do condutor;Queda de ocupante de ve�culo;Sem V�timas;Plena Noite;Crescente;C�u Claro;Dupla;Reta;N�o;1;0;0;0;0;1;0;1;-3,7228021;-38,7832457;SPRF-CE;DEL01-CE;UOP01-DEL01-CE;;;
668959;23/03/2025;domingo;01:10:00;MS;376;24,1;FATIMA DO SUL;Condutor Dormindo;Colis�o com objeto;Com V�timas Feridas;Plena Noite;Crescente;C�u Claro;Simples;Reta;N�o;1;0;1;0;0;0;1;1;-22,36297;-54,542672;SPRF-MS;DEL04-MS;UOP01-DEL04-MS;;;
668961;23/03/2025;domingo;02:20:00;GO;414;387;CORUMBA DE GOIAS;Ingest�o de �lcool pelo condutor;Colis�o frontal;Com V�timas Fatais;Plena Noite;Crescente;C�u Claro;Simples;"Curva;Declive";N�o;4;1;1;1;1;0;2;2;-15,874;-48,785;SPRF-GO;DEL02-GO;UOP01-DEL02-GO;;;
668964;23/03/2025;domingo;01:30:00;AL;101;174,9;TEOTONIO VILELA;Transitar na contram�o;Colis�o frontal;Com V�timas Feridas;Plena Noite;Decrescente;C�u Claro;Simples;Reta;Sim;3;0;1;1;1;0;2;2;-9,90730346;-36,35066986;SPRF-AL;DEL02-AL;UOP02-DEL02-AL;;;
668965;23/03/2025;domingo;01:00:00;AP;156;799;OIAPOQUE;Ultrapassagem Indevida;Colis�o frontal;Com V�timas Feridas;Plena Noite;Crescente;Nublado;Simples;Reta;Sim;3;0;0;3;0;0;3;2;3,83774023;-51,81523898;SPRF-AP;DEL01-AP;UOP03-DEL01-AP;;;
668966;23/03/2025;domingo;00:45:00;BA;101;356,5;WENCESLAU GUIMARAES;Velocidade Incompat�vel;Colis�o frontal;Com V�timas Feridas;Plena Noite;Crescente;Nublado;Simples;Curva;N�o;6;0;4;2;0;0;6;2;-13,665095;-39,478433;SPRF-BA;DEL05-BA;UOP03-DEL05-BA;;;
668967;22/03/2025;s�bado;20:35:00;MA;135;9,8;SAO LUIS;Rea��o tardia ou ineficiente do condutor;Sa�da de leito carro��vel;Com V�timas Fatais;Plena Noite;Crescente;C�u Claro;Dupla;Curva;Sim;1;1;0;0;0;0;0;1;-2,654454;-44,285913;SPRF-MA;DEL01-MA;UOP01-DEL01-MA;;;
668968;23/03/2025;domingo;02:00:00;RJ;101;304;SAO GONCALO;Defici�ncia do Sistema de Ilumina��o/Sinaliza��o;Colis�o traseira;Com V�timas Feridas;Plena Noite;Decrescente;C�u Claro;Dupla;Reta;Sim;2;0;1;0;1;0;1;2;-22,78481812;-42,98580797;SPRF-RJ;DEL02-RJ;UOP02-DEL02-RJ;;;
668970;23/03/2025;domingo;02:00:00;RJ;493;6;ITABORAI;Transitar na contram�o;Colis�o frontal;Com V�timas Feridas;Plena Noite;Crescente;C�u Claro;Simples;Reta;Sim;2;0;1;0;1;0;1;2;-22,72623907;-42,95107023;SPRF-RJ;DEL02-RJ;UOP02-DEL02-RJ;;;
668971;23/03/2025;domingo;01:30:00;PR;376;126,5;ALTO PARANA;Ingest�o de �lcool pelo condutor;Capotamento;Com V�timas Feridas;Plena Noite;Crescente;C�u Claro;Dupla;Reta;N�o;1;0;1;0;0;0;1;1;-23,152545;-52,2706683;SPRF-PR;DEL09-PR;UOP02-DEL09-PR;;;
668973;23/03/2025;domingo;02:50:00;RS;290;76;GRAVATAI;Condutor Dormindo;Sa�da de leito carro��vel;Com V�timas Feridas;Plena Noite;Crescente;C�u Claro;M�ltipla;Reta;N�o;3;0;1;2;0;0;3;1;-29,9557493;-51,0232991;SPRF-RS;DEL01-RS;UOP01-DEL01-RS;;;
668974;22/03/2025;s�bado;23:00:00;GO;153;521;HIDROLANDIA;Acesso irregular;Colis�o frontal;Com V�timas Feridas;Plena Noite;Decrescente;C�u Claro;Dupla;"Curva;Aclive";N�o;2;0;1;1;0;0;2;2;-16,91691002;-49,25308228;SPRF-GO;DEL01-GO;UOP03-DEL01-GO;;;
668976;23/03/2025;domingo;02:02:00;PR;376;182;MARINGA;Velocidade Incompat�vel;Sa�da de leito carro��vel;Com V�timas Fatais;Plena Noite;Crescente;C�u Claro;Dupla;Rotat�ria;Sim;3;1;0;1;0;1;1;2;-23,43240099;-51,8874753;SPRF-PR;DEL09-PR;UOP01-DEL09-PR;;;
668978;23/03/2025;domingo;01:30:00;MG;50;8,8;ARAGUARI;Ingest�o de �lcool pelo condutor;Sa�da de leito carro��vel;Sem V�timas;Plena Noite;Crescente;C�u Claro;Dupla;"Reta;Aclive";N�o;1;0;0;0;1;0;0;1;-18,50361421;-48,04146677;SPRF-MG;DEL15-MG;UOP02-DEL15-MG;;;
668979;22/03/2025;s�bado;14:00:00;GO;153;278;NOVA GLORIA;Chuva;Capotamento;Com V�timas Feridas;Pleno dia;Crescente;Chuva;Simples;Reta;N�o;1;0;1;0;0;0;1;1;-15,17112419;-49,54256237;SPRF-GO;DEL07-GO;UOP02-DEL07-GO;;;
668980;23/03/2025;domingo;04:00:00;SP;116;279;EMBU DAS ARTES;Rea��o tardia ou ineficiente do condutor;Colis�o traseira;Com V�timas Feridas;Plena Noite;Crescente;C�u Claro;Dupla;Reta;Sim;3;0;0;1;0;2;1;2;-23,63976724;-46,83611819;SPRF-SP;DEL04-SP;UOP01-DEL04-SP;;;
668983;22/03/2025;s�bado;20:30:00;BA;324;556;AMELIA RODRIGUES;Velocidade Incompat�vel;Colis�o traseira;Com V�timas Feridas;Plena Noite;Decrescente;Nublado;Dupla;"Reta;Aclive";N�o;2;0;1;0;1;0;1;2;-12,47092764;-38,68237853;SPRF-BA;DEL01-BA;UOP03-DEL01-BA;;;
668984;23/03/2025;domingo;04:00:00;DF;251;58;BRASILIA;Rea��o tardia ou ineficiente do condutor;Sa�da de leito carro��vel;Sem V�timas;Plena Noite;Decrescente;C�u Claro;Simples;Reta;N�o;1;0;0;0;1;0;0;1;-15,976912;-47,962765;SPRF-DF;DEL01-DF;UOP01-DEL01-DF;;;
668985;23/03/2025;domingo;03:50:00;BA;116;11,4;VITORIA DA CONQUISTA;Ingest�o de �lcool pelo condutor;Tombamento;Com V�timas Feridas;Plena Noite;Decrescente;C�u Claro;Simples;Reta;Sim;1;0;1;0;0;0;1;1;-14,871256;-40,871536;SPRF-BA;DEL08-BA;UOP01-DEL08-BA;;;
668986;23/03/2025;domingo;04:10:00;MG;381;523,2;BRUMADINHO;Pista Escorregadia;Queda de ocupante de ve�culo;Com V�timas Feridas;Plena Noite;Crescente;Garoa/Chuvisco;Dupla;"Curva;Declive";N�o;1;0;0;1;0;0;1;1;-20,13377039;-44,31030259;SPRF-MG;DEL04-MG;UOP03-DEL04-MG;;;
668987;23/03/2025;domingo;03:30:00;SC;470;317;CAMPOS NOVOS;Participar de racha;Capotamento;Com V�timas Feridas;Plena Noite;Decrescente;Nublado;Simples;Rotat�ria;N�o;3;0;0;2;0;1;2;1;-27,40859941;-51,2153309;SPRF-SC;DEL07-SC;UOP06-DEL07-SC;;;
668988;23/03/2025;domingo;05:15:00;RN;101;78;SAO GONCALO DO AMARANTE;Ingest�o de �lcool pelo condutor;Colis�o com objeto;Com V�timas Feridas;Amanhecer;Crescente;C�u Claro;Dupla;Reta;Sim;2;0;1;0;1;0;1;1;-5,74665;-35,289752;SPRF-RN;DEL02-RN;UOP01-DEL02-RN;;;
668989;22/03/2025;s�bado;23:00:00;PI;407;425;PICOS;Aus�ncia de rea��o do condutor;Colis�o traseira;Com V�timas Feridas;Plena Noite;Crescente;C�u Claro;Simples;Reta;Sim;2;0;0;1;1;0;1;2;-7,113035;-41,41056;SPRF-PI;DEL04-PI;UOP01-DEL04-PI;;;
668992;23/03/2025;domingo;05:50:00;GO;153;560;PROFESSOR JAMIL;Condutor deixou de manter dist�ncia do ve�culo da frente;Colis�o traseira;Com V�timas Feridas;Amanhecer;Crescente;C�u Claro;Dupla;Reta;N�o;4;0;4;0;0;0;4;2;-17,210376;-49,218981;SPRF-GO;DEL03-GO;UOP01-DEL03-GO;;;
668993;23/03/2025;domingo;06:15:00;PR;277;715;SANTA TEREZINHA DE ITAIPU;Ingest�o de �lcool pelo condutor;Sa�da de leito carro��vel;Sem V�timas;Amanhecer;Decrescente;C�u Claro;Dupla;Reta;N�o;1;0;0;0;1;0;0;1;-25,47567;-54,475069;SPRF-PR;DEL05-PR;UOP01-DEL05-PR;;;
668994;23/03/2025;domingo;05:30:00;PR;116;47;CAMPINA GRANDE DO SUL;Rea��o tardia ou ineficiente do condutor;Queda de ocupante de ve�culo;Sem V�timas;Pleno dia;Decrescente;C�u Claro;Dupla;Reta;N�o;1;0;0;0;1;0;0;1;-25,23997432;-48,90457565;SPRF-PR;DEL01-PR;UOP02-DEL01-PR;;;
668996;23/03/2025;domingo;05:35:00;RO;364;708;PORTO VELHO;Acessar a via sem observar a presen�a dos outros ve�culos;Colis�o transversal;Sem V�timas;Pleno dia;Crescente;Ignorado;Dupla;"Retorno Regulamentado;Reta";Sim;3;0;0;0;3;0;0;2;-8,80119343;-63,83200854;SPRF-RO;DEL01-RO;UOP01-DEL01-RO;;;
668997;22/03/2025;s�bado;20:30:00;MG;381;418;CAETE;Condutor Dormindo;Capotamento;Com V�timas Feridas;Plena Noite;Crescente;Nublado;Dupla;Curva;N�o;3;0;3;0;0;0;3;1;-19,74709273;-43,61944892;SPRF-MG;DEL01-MG;UOP01-DEL01-MG;;;
668998;23/03/2025;domingo;06:20:00;SP;101;49,9;UBATUBA;Convers�o proibida;Colis�o transversal;Sem V�timas;Pleno dia;Crescente;C�u Claro;Simples;Reta;Sim;2;0;0;0;2;0;0;2;-23,44889631;-45,07882476;SPRF-SP;DEL06-SP;UOP01-DEL06-SP;;;
668999;23/03/2025;domingo;06:20:00;PR;116;105,9;SAO JOSE DOS PINHAIS;Rea��o tardia ou ineficiente do condutor;Colis�o traseira;Com V�timas Feridas;Amanhecer;Crescente;Nublado;Dupla;Reta;Sim;3;0;1;0;1;1;1;2;-25,571041;-49,214915;SPRF-PR;DEL01-PR;UOP03-DEL01-PR;;;
669001;30/01/2025;quinta-feira;11:20:00;PI;316;309;PICOS;Acessar a via sem observar a presen�a dos outros ve�culos;Colis�o transversal;Com V�timas Feridas;Pleno dia;Decrescente;Nublado;Simples;Reta;Sim;2;0;0;1;1;0;1;2;-7,07778744;-41,48370094;SPRF-PI;DEL04-PI;UOP01-DEL04-PI;;;
669002;23/03/2025;domingo;06:50:00;PR;153;343;IRATI;Falta de elemento de conten��o que evite a sa�da do leito carro��vel;Sa�da de leito carro��vel;Sem V�timas;Amanhecer;Decrescente;Nevoeiro/Neblina;Simples;"Curva;Declive";N�o;1;0;0;0;0;1;0;1;-25,56;-50,678;SPRF-PR;DEL08-PR;UOP02-DEL08-PR;;;
669003;23/03/2025;domingo;04:00:00;SC;280;131;RIO NEGRINHO;Condutor Dormindo;Sa�da de leito carro��vel;Sem V�timas;Plena Noite;Crescente;C�u Claro;Simples;Curva;N�o;1;0;0;0;0;1;0;1;-26,26166606;-49,54832395;SPRF-SC;DEL06-SC;UOP03-DEL06-SC;;;