id;data_inversa;dia_semana;horario;uf;br;km;municipio;causa_acidente;tipo_acidente;classificacao_acidente;fase_dia;sentido_via;condicao_metereologica;tipo_pista;tracado_via;uso_solo;pessoas;mortos;feridos_leves;feridos_graves;ilesos;ignorados;feridos;veiculos;latitude;longitude;regional;delegacia;uop;;;
669004;23/03/2025;domingo;07:20:00;ES;101;139;LINHARES;Aus�ncia de rea��o do condutor;Colis�o transversal;Com V�timas Feridas;Pleno dia;Crescente;C�u Claro;Simples;Reta;N�o;2;0;1;0;0;1;1;2;-19,3216636;-40,07410879;SPRF-ES;DEL04-ES;UOP01-DEL04-ES;;;
669005;23/03/2025;domingo;02:30:00;MG;262;409;IGARATINGA;Rea��o tardia ou ineficiente do condutor;Tombamento;Com V�timas Feridas;Plena Noite;Crescente;C�u Claro;Dupla;Curva;N�o;1;0;1;0;0;0;1;1;-19,9050709;-44,65631867;SPRF-MG;DEL08-MG;UOP03-DEL08-MG;;;
669006;23/03/2025;domingo;03:00:00;SC;470;51;BLUMENAU;Ingest�o de �lcool pelo condutor;Colis�o com objeto;Com V�timas Feridas;Plena Noite;Crescente;C�u Claro;Simples;Reta;N�o;2;0;1;0;1;0;1;1;-26,86240009;-49,09502506;SPRF-SC;DEL04-SC;UOP01-DEL04-SC;;;
669008;23/03/2025;domingo;06:30:00;PA;316;82;SAO FRANCISCO DO PARA;Manobra de mudan�a de faixa;Colis�o lateral sentido oposto;Com V�timas Fatais;Amanhecer;Crescente;Nevoeiro/Neblina;Simples;Reta;N�o;2;2;0;0;0;0;0;2;-1,307878;-47,757875;SPRF-PA;DEL01-PA;UOP02-DEL01-PA;;;
669009;23/03/2025;domingo;06:00:00;MG;365;627,5;UBERLANDIA;Rea��o tardia ou ineficiente do condutor;Inc�ndio;Sem V�timas;Plena Noite;Decrescente;C�u Claro;M�ltipla;"Reta;Aclive";Sim;1;0;0;0;0;1;0;1;-18,90288811;-48,34642773;SPRF-MG;DEL15-MG;UOP01-DEL15-MG;;;
669011;23/03/2025;domingo;05:30:00;BA;324;377;SAO JOSE DO JACUIPE;Ingest�o de �lcool pelo condutor;Colis�o traseira;Com V�timas Fatais;Pleno dia;Decrescente;C�u Claro;Simples;Reta;N�o;3;2;0;0;0;1;0;2;-11,47031;-39,78892;SPRF-BA;DEL04-BA;UOP02-DEL04-BA;;;
669012;22/03/2025;s�bado;15:40:00;RO;435;107;COLORADO DO OESTE;Demais falhas na via;Sa�da de leito carro��vel;Com V�timas Feridas;Pleno dia;Decrescente;Nublado;Simples;Curva;N�o;1;0;0;1;0;0;1;1;-13,19382194;-60,68984985;SPRF-RO;DEL04-RO;UOP02-DEL04-RO;;;
669013;23/03/2025;domingo;07:20:00;ES;101;29,7;CONCEICAO DA BARRA;Ultrapassagem Indevida;Colis�o frontal;Com V�timas Fatais;Pleno dia;Crescente;Nublado;M�ltipla;Reta;N�o;5;1;0;2;2;0;2;3;-18,4155742;-39,9367839;SPRF-ES;DEL04-ES;UOP02-DEL04-ES;;;
669014;23/03/2025;domingo;05:00:00;MS;262;465,8;ANASTACIO;Aus�ncia de rea��o do condutor;Capotamento;Sem V�timas;Amanhecer;Decrescente;Chuva;Simples;Reta;N�o;1;0;0;0;0;1;0;1;-20,527082;-55,589288;SPRF-MS;DEL03-MS;UOP01-DEL03-MS;;;
669015;23/03/2025;domingo;07:45:00;MG;40;545,8;NOVA LIMA;Aus�ncia de rea��o do condutor;Colis�o traseira;Com V�timas Feridas;Pleno dia;Crescente;Nublado;Dupla;Reta;Sim;4;0;2;0;2;0;2;3;-20,01408092;-43,96887302;SPRF-MG;DEL01-MG;UOP02-DEL01-MG;;;
669016;23/03/2025;domingo;07:00:00;SP;116;290;ITAPECERICA DA SERRA;Demais falhas mec�nicas ou el�tricas;Inc�ndio;Sem V�timas;Pleno dia;Crescente;C�u Claro;Dupla;Reta;Sim;1;0;0;0;1;0;0;1;-23,72251152;-46,89059794;SPRF-SP;DEL04-SP;UOP01-DEL04-SP;;;
669017;23/03/2025;domingo;08:00:00;SC;101;143,4;ITAPEMA;Demais falhas mec�nicas ou el�tricas;Tombamento;Com V�timas Feridas;Pleno dia;Crescente;Sol;Dupla;Reta;Sim;2;0;2;0;0;0;2;1;-27,06597;-48,59555;SPRF-SC;DEL04-SC;UOP03-DEL04-SC;;;
669018;23/03/2025;domingo;00:10:00;RJ;40;121;DUQUE DE CAXIAS;Rea��o tardia ou ineficiente do condutor;Capotamento;Com V�timas Feridas;Plena Noite;Crescente;Chuva;M�ltipla;Reta;Sim;4;0;3;0;1;0;3;1;-22,78266475;-43,28528062;SPRF-RJ;DEL01-RJ;UOP02-DEL01-RJ;;;
669019;23/03/2025;domingo;08:20:00;PR;369;501,1;CASCAVEL;Condutor Dormindo;Sa�da de leito carro��vel;Com V�timas Feridas;Pleno dia;Crescente;Nublado;Simples;Curva;N�o;1;0;1;0;0;0;1;1;-24,909109;-53,379575;SPRF-PR;DEL04-PR;UOP01-DEL04-PR;;;
669020;23/03/2025;domingo;08:10:00;PB;230;84;CALDAS BRANDAO;Desrespeitar a prefer�ncia no cruzamento;Tombamento;Com V�timas Feridas;Pleno dia;Decrescente;Sol;Simples;Reta;Sim;3;0;2;0;1;0;2;2;-7,168017;-35,351716;SPRF-PB;DEL01-PB;UOP02-DEL01-PB;;;
669021;22/03/2025;s�bado;23:00:00;PB;230;230;JUAZEIRINHO;Rea��o tardia ou ineficiente do condutor;Sa�da de leito carro��vel;Com V�timas Fatais;Plena Noite;Decrescente;C�u Claro;Simples;Reta;N�o;2;1;1;0;0;0;1;1;-7,03444;-36,491047;SPRF-PB;DEL02-PB;UOP02-DEL02-PB;;;
669022;23/03/2025;domingo;08:30:00;BA;101;909;IBIRAPUA;Acessar a via sem observar a presen�a dos outros ve�culos;Queda de ocupante de ve�culo;Com V�timas Feridas;Pleno dia;Crescente;C�u Claro;Simples;"Interse��o de Vias;Reta;Declive";N�o;2;0;0;1;0;1;1;2;-17,788059;-39,778912;SPRF-BA;DEL09-BA;UOP02-DEL09-BA;;;
669028;23/03/2025;domingo;06:50:00;SP;153;195,3;GETULINA;Velocidade Incompat�vel;Sa�da de leito carro��vel;Com V�timas Feridas;Pleno dia;Decrescente;C�u Claro;Simples;"Rotat�ria;Curva;Interse��o de Vias";N�o;2;0;0;2;0;0;2;1;-21,77652241;-49,89291603;SPRF-SP;DEL07-SP;UOP01-DEL07-SP;;;
669030;23/03/2025;domingo;03:11:00;SC;101;302;LAGUNA;Aus�ncia de rea��o do condutor;Sa�da de leito carro��vel;Sem V�timas;Plena Noite;Decrescente;Ignorado;Dupla;"Interse��o de Vias;Reta";N�o;1;0;0;0;1;0;0;1;-28,40891655;-48,79165649;SPRF-SC;DEL02-SC;UOP03-DEL02-SC;;;
669031;23/03/2025;domingo;09:00:00;PE;423;116,5;PARANATAMA;Acessar a via sem observar a presen�a dos outros ve�culos;Colis�o transversal;Com V�timas Feridas;Pleno dia;Crescente;C�u Claro;Simples;Reta;N�o;2;0;1;0;1;0;1;2;-8,905587;-36,665303;SPRF-PE;DEL03-PE;UOP01-DEL03-PE;;;
669032;23/03/2025;domingo;09:30:00;ES;101;74,5;SAO MATEUS;Avarias e/ou desgaste excessivo no pneu;Sa�da de leito carro��vel;Com V�timas Feridas;Pleno dia;Crescente;C�u Claro;Simples;Reta;N�o;2;0;2;0;0;0;2;1;-18,782602;-39,877577;SPRF-ES;DEL04-ES;UOP02-DEL04-ES;;;
669033;23/03/2025;domingo;09:30:00;PR;153;493,5;PORTO VITORIA;Manobra de mudan�a de faixa;Colis�o lateral mesmo sentido;Com V�timas Feridas;Pleno dia;Decrescente;Sol;Simples;Reta;Sim;2;0;1;0;1;0;1;2;-26,31311264;-51,21826172;SPRF-PR;DEL02-PR;UOP03-DEL02-PR;;;
669035;23/03/2025;domingo;10:15:00;PE;104;67;CARUARU;Rea��o tardia ou ineficiente do condutor;Sa�da de leito carro��vel;Sem V�timas;Pleno dia;Crescente;C�u Claro;Dupla;"Curva;Rotat�ria";Sim;1;0;0;0;0;1;0;1;-8,298548;-35,988588;SPRF-PE;DEL02-PE;UOP01-DEL02-PE;;;
669037;23/03/2025;domingo;10:30:00;TO;153;676,9;GURUPI;Convers�o proibida;Colis�o transversal;Com V�timas Feridas;Pleno dia;Crescente;Nublado;Simples;Reta;Sim;5;0;2;0;3;0;2;2;-11,761983;-49,097671;SPRF-TO;DEL01-TO;UOP02-DEL01-TO;;;
669038;23/03/2025;domingo;10:30:00;RS;116;206,4;PICADA CAFE;Rea��o tardia ou ineficiente do condutor;Colis�o traseira;Com V�timas Feridas;Pleno dia;Crescente;C�u Claro;Simples;Reta;N�o;5;0;4;0;0;1;4;4;-29,500647;-51,131271;SPRF-RS;DEL05-RS;UOP02-DEL05-RS;;;
669041;23/03/2025;domingo;10:30:00;PR;277;333;GUARAPUAVA;Demais falhas mec�nicas ou el�tricas;Tombamento;Com V�timas Feridas;Pleno dia;Decrescente;C�u Claro;Dupla;Curva;N�o;2;0;2;0;0;0;2;1;-25,3459875;-51,3844874;SPRF-PR;DEL08-PR;UOP01-DEL08-PR;;;
669042;23/03/2025;domingo;10:45:00;MG;262;380,1;JUATUBA;Velocidade Incompat�vel;Colis�o com objeto;Com V�timas Feridas;Pleno dia;Crescente;C�u Claro;Dupla;"Curva;Declive";N�o;1;0;1;0;0;0;1;1;-19,93526;-44,43401;SPRF-MG;DEL01-MG;UOP03-DEL01-MG;;;
669043;23/03/2025;domingo;11:10:00;SP;381;37;ATIBAIA;Mal s�bito do condutor;Sa�da de leito carro��vel;Com V�timas Fatais;Pleno dia;Decrescente;C�u Claro;M�ltipla;Reta;Sim;4;1;3;0;0;0;3;1;-23,10439396;-46,56829465;SPRF-SP;DEL03-SP;UOP01-DEL03-SP;;;
669044;23/03/2025;domingo;10:45:00;RS;285;194,9;LAGOA VERMELHA;Demais falhas mec�nicas ou el�tricas;Eventos at�picos;Com V�timas Feridas;Pleno dia;Crescente;C�u Claro;Simples;Curva;N�o;5;0;2;0;3;0;2;1;-28,25674098;-51,49046637;SPRF-RS;DEL08-RS;UOP05-DEL08-RS;;;
669045;23/03/2025;domingo;10:30:00;BA;324;534;SANTO AMARO;Aus�ncia de rea��o do condutor;Sa�da de leito carro��vel;Com V�timas Feridas;Pleno dia;Decrescente;Chuva;Dupla;Declive;Sim;2;0;2;0;0;0;2;1;-12,37140977;-38,81034136;SPRF-BA;DEL01-BA;UOP03-DEL01-BA;;;
669046;23/03/2025;domingo;11:35:00;RN;406;168;SAO GONCALO DO AMARANTE;Desrespeitar a prefer�ncia no cruzamento;Colis�o transversal;Sem V�timas;Pleno dia;Decrescente;C�u Claro;Dupla;Reta;Sim;3;0;0;0;3;0;0;3;-5,75642274;-35,3054924;SPRF-RN;DEL02-RN;UOP01-DEL02-RN;;;
669048;23/03/2025;domingo;11:30:00;MG;40;449,8;CAETANOPOLIS;Demais falhas na via;Queda de ocupante de ve�culo;Com V�timas Feridas;Pleno dia;Crescente;C�u Claro;Dupla;Reta;N�o;1;0;1;0;0;0;1;1;-19,315308;-44,368863;SPRF-MG;DEL02-MG;UOP01-DEL02-MG;;;
669049;23/03/2025;domingo;11:30:00;SP;116;108,3;TAUBATE;Aus�ncia de rea��o do condutor;Colis�o traseira;Com V�timas Feridas;Pleno dia;Crescente;C�u Claro;Dupla;Reta;Sim;3;0;2;0;1;0;2;2;-23,02563273;-45,5410552;SPRF-SP;DEL02-SP;UOP02-DEL02-SP;;;
669050;09/02/2025;domingo;19:00:00;GO;414;437,3;ANAPOLIS;Acessar a via sem observar a presen�a dos outros ve�culos;Colis�o transversal;Com V�timas Feridas;Plena Noite;Decrescente;C�u Claro;Simples;Reta;N�o;3;0;0;1;1;1;1;2;-16,26365299;-48,93824303;SPRF-GO;DEL02-GO;UOP01-DEL02-GO;;;
669051;23/03/2025;domingo;09:00:00;GO;20;49;FORMOSA;Rea��o tardia ou ineficiente do condutor;Sa�da de leito carro��vel;Com V�timas Feridas;Pleno dia;Decrescente;C�u Claro;Simples;"Reta;Declive";N�o;1;0;0;1;0;0;1;1;-15,33435;-47,126152;SPRF-DF;DEL02-DF;UOP02-DEL02-DF;;;
669052;23/03/2025;domingo;05:30:00;MS;60;28;CHAPADAO DO SUL;Aus�ncia de rea��o do condutor;Colis�o com objeto;Com V�timas Feridas;Amanhecer;Crescente;C�u Claro;Simples;Curva;N�o;2;0;0;2;0;0;2;1;-18,902301;-52,717173;SPRF-MS;DEL08-MS;UOP01-DEL08-MS;;;
669053;23/03/2025;domingo;10:25:00;PR;116;62,5;QUATRO BARRAS;Acessar a via sem observar a presen�a dos outros ve�culos;Colis�o traseira;Com V�timas Feridas;Pleno dia;Crescente;Nublado;Dupla;"Retorno Regulamentado;Reta";N�o;3;0;0;1;1;1;1;3;-25,307064;-48,977891;SPRF-PR;DEL01-PR;UOP02-DEL01-PR;;;
669054;23/03/2025;domingo;11:50:00;MG;262;382;MATEUS LEME;Aus�ncia de rea��o do condutor;Sa�da de leito carro��vel;Com V�timas Feridas;Pleno dia;Decrescente;Nublado;Dupla;Curva;N�o;1;0;0;1;0;0;1;1;-19,93817357;-44,44570541;SPRF-MG;DEL01-MG;UOP03-DEL01-MG;;;
669055;09/02/2025;domingo;11:00:00;GO;153;433;ANAPOLIS;Rea��o tardia ou ineficiente do condutor;Colis�o com objeto;Com V�timas Feridas;Pleno dia;Decrescente;C�u Claro;Dupla;Aclive;N�o;2;0;0;2;0;0;2;1;-16,270597;-48,975418;SPRF-GO;DEL02-GO;UOP01-DEL02-GO;;;
669058;23/03/2025;domingo;13:15:00;MG;50;155;UBERABA;Rea��o tardia ou ineficiente do condutor;Sa�da de leito carro��vel;Sem V�timas;Pleno dia;Crescente;Chuva;Dupla;"Reta;Declive";N�o;5;0;0;0;5;0;0;1;-19,36297613;-48,07994843;SPRF-MG;DEL13-MG;UOP01-DEL13-MG;;;
669059;23/03/2025;domingo;12:00:00;PR;376;359,1;ORTIGUEIRA;Transitar na contram�o;Colis�o frontal;Com V�timas Feridas;Pleno dia;Crescente;C�u Claro;Simples;Curva;N�o;8;0;5;0;2;1;5;4;-24,26810252;-50,89366078;SPRF-PR;DEL07-PR;UOP02-DEL07-PR;;;
669060;23/03/2025;domingo;13:30:00;MG;262;380,7;JUATUBA;Velocidade Incompat�vel;Tombamento;Com V�timas Feridas;Pleno dia;Decrescente;Nublado;Dupla;"Curva;Declive";N�o;1;0;0;1;0;0;1;1;-19,93624;-44,43762;SPRF-MG;DEL01-MG;UOP03-DEL01-MG;;;
669062;23/03/2025;domingo;12:30:00;BA;101;747,7;ITABELA;Chuva;Tombamento;Com V�timas Feridas;Pleno dia;Decrescente;Chuva;Simples;"Curva;Declive";N�o;3;0;0;1;0;2;1;3;-16,594545;-39,551017;SPRF-BA;DEL09-BA;UOP01-DEL09-BA;;;
669063;23/03/2025;domingo;12:10:00;PR;116;94;SAO JOSE DOS PINHAIS;Avarias e/ou desgaste excessivo no pneu;Tombamento;Com V�timas Feridas;Pleno dia;Crescente;C�u Claro;Dupla;Reta;N�o;2;0;1;0;1;0;1;1;-25,5206955;-49,13529407;SPRF-PR;DEL01-PR;UOP07-DEL01-PR;;;
669064;23/03/2025;domingo;11:00:00;PI;343;304;ALTOS;Acessar a via sem observar a presen�a dos outros ve�culos;Colis�o transversal;Sem V�timas;Pleno dia;Decrescente;C�u Claro;Simples;Reta;Sim;2;0;0;0;2;0;0;2;-5,02432971;-42,43282557;SPRF-PI;DEL01-PI;UOP03-DEL01-PI;;;
669065;23/03/2025;domingo;07:00:00;RO;364;706;PORTO VELHO;Aus�ncia de rea��o do condutor;Colis�o com objeto;Sem V�timas;Amanhecer;Crescente;C�u Claro;Simples;Reta;N�o;1;0;0;0;0;1;0;1;-8,80078527;-63,83170903;SPRF-RO;DEL01-RO;UOP01-DEL01-RO;;;
669069;23/03/2025;domingo;11:40:00;PE;232;61,8;POMBOS;Rea��o tardia ou ineficiente do condutor;Queda de ocupante de ve�culo;Com V�timas Feridas;Pleno dia;Decrescente;C�u Claro;Dupla;Reta;N�o;1;0;0;1;0;0;1;1;-8,155868;-35,421595;SPRF-PE;DEL02-PE;UOP02-DEL02PE;;;
669071;23/03/2025;domingo;12:35:00;SP;101;41;UBATUBA;Rea��o tardia ou ineficiente do condutor;Colis�o com objeto;Com V�timas Feridas;Pleno dia;Decrescente;C�u Claro;Simples;"Desvio Tempor�rio;Reta;Em Obras";N�o;2;0;2;0;0;0;2;2;-23,41402852;-45,04781842;SPRF-SP;DEL06-SP;UOP01-DEL06-SP;;;
669072;23/03/2025;domingo;14:20:00;MA;316;548,5;CAXIAS;Acessar a via sem observar a presen�a dos outros ve�culos;Colis�o transversal;Com V�timas Feridas;Pleno dia;Crescente;C�u Claro;Simples;Reta;Sim;3;0;0;2;1;0;2;2;-4,8603366;-43,42801128;SPRF-MA;DEL03-MA;UOP02-DEL03-MA;;;
669073;23/03/2025;domingo;12:24:00;RS;290;117;ELDORADO DO SUL;Rea��o tardia ou ineficiente do condutor;Colis�o traseira;Com V�timas Feridas;Pleno dia;Crescente;C�u Claro;Simples;Reta;N�o;3;0;1;0;2;0;1;2;-30,05275107;-51,42528534;SPRF-RS;DEL02-RS;UOP01-DEL02-RS;;;
669074;23/03/2025;domingo;13:10:00;BA;116;582;NOVA ITARANA;Falta de elemento de conten��o que evite a sa�da do leito carro��vel;Sa�da de leito carro��vel;Com V�timas Feridas;Pleno dia;Crescente;C�u Claro;Simples;"Curva;Declive";N�o;1;0;1;0;0;0;1;1;-13,113437;-39,989951;SPRF-BA;DEL03-BA;UOP02-DEL03-BA;;;
669078;23/03/2025;domingo;14:20:00;MG;381;285;JAGUARACU;Demais falhas mec�nicas ou el�tricas;Queda de ocupante de ve�culo;Com V�timas Feridas;Pleno dia;Crescente;C�u Claro;Simples;Reta;N�o;2;0;1;0;1;0;1;1;-19,60081193;-42,75382551;SPRF-MG;DEL03-MG;UOP02-DEL03-MG;;;
669080;23/03/2025;domingo;14:20:00;MG;146;474,2;BANDEIRA DO SUL;Acessar a via sem observar a presen�a dos outros ve�culos;Colis�o transversal;Com V�timas Feridas;Pleno dia;Crescente;Nublado;Simples;"Rotat�ria;Declive;Interse��o de Vias";N�o;3;0;2;0;1;0;2;2;-21,7454063;-46,4041948;SPRF-MG;DEL09-MG;UOP01-DEL09-MG;;;
669081;23/03/2025;domingo;14:40:00;RJ;40;82;PETROPOLIS;Acessar a via sem observar a presen�a dos outros ve�culos;Colis�o lateral mesmo sentido;Com V�timas Feridas;Pleno dia;Crescente;C�u Claro;Simples;"Curva;Declive";Sim;2;0;1;0;1;0;1;2;-22,5214464;-43,220992;SPRF-RJ;DEL01-RJ;UOP01-DEL01-RJ;;;
669082;23/03/2025;domingo;14:54:00;PE;232;78;GRAVATA;Condutor Dormindo;Sa�da de leito carro��vel;Com V�timas Feridas;Pleno dia;Crescente;C�u Claro;Dupla;Reta;N�o;1;0;1;0;0;0;1;1;-8,19605023;-35,5315876;SPRF-PE;DEL02-PE;UOP02-DEL02PE;;;
669084;23/03/2025;domingo;12:30:00;RJ;116;140;MAGE;Frear bruscamente;Colis�o traseira;Com V�timas Feridas;Pleno dia;Decrescente;C�u Claro;Dupla;Reta;Sim;2;0;1;0;1;0;1;2;-22,64653164;-43,20635319;SPRF-RJ;DEL01-RJ;UOP02-DEL01-RJ;;;
669085;25/02/2025;ter�a-feira;08:20:00;PA;230;120;MARABA;Manobra de mudan�a de faixa;Colis�o traseira;Com V�timas Feridas;Pleno dia;Crescente;Nublado;Dupla;"Reta;Ponte";Sim;3;0;0;1;1;1;1;3;-5,35038;-49,1143;SPRF-PA;DEL03-PA;UOP01-DEL03-PA;;;
669086;23/03/2025;domingo;14:00:00;ES;101;155,7;LINHARES;Aus�ncia de rea��o do condutor;Tombamento;Com V�timas Feridas;Pleno dia;Crescente;C�u Claro;Simples;Reta;N�o;2;0;1;0;1;0;1;2;-19,416364;-40,06790042;SPRF-ES;DEL04-ES;UOP01-DEL04-ES;;;
669087;23/03/2025;domingo;15:00:00;MG;116;451,8;ENGENHEIRO CALDAS;Aus�ncia de rea��o do condutor;Sa�da de leito carro��vel;Com V�timas Feridas;Pleno dia;Crescente;C�u Claro;Simples;Reta;N�o;1;0;0;1;0;0;1;1;-19,167858;-42,030485;SPRF-MG;DEL06-MG;UOP02-DEL06-MG;;;
669089;23/03/2025;domingo;11:15:00;SC;101;163;TIJUCAS;Velocidade Incompat�vel;Sa�da de leito carro��vel;Com V�timas Feridas;Pleno dia;Decrescente;C�u Claro;Dupla;Curva;Sim;1;0;1;0;0;0;1;1;-27,23195849;-48,62975031;SPRF-SC;DEL04-SC;UOP03-DEL04-SC;;;
669091;23/03/2025;domingo;15:00:00;GO;153;534;HIDROLANDIA;Ingest�o de �lcool pelo condutor;Colis�o traseira;Sem V�timas;Pleno dia;Decrescente;C�u Claro;Dupla;Reta;N�o;2;0;0;0;2;0;0;2;-16,9218333;-49,2525961;SPRF-GO;DEL01-GO;UOP03-DEL01-GO;;;
669092;23/03/2025;domingo;14:50:00;SP;116;172;JACAREI;Entrada inopinada do pedestre;Atropelamento de Pedestre;Com V�timas Feridas;Pleno dia;Crescente;Sol;Dupla;"Curva;Aclive";N�o;3;0;1;0;0;2;1;2;-23,31336451;-46,06567752;SPRF-SP;DEL02-SP;UOP01-DEL02-SP;;;
669093;23/03/2025;domingo;09:20:00;PR;153;30;SANTO ANTONIO DA PLATINA;Ingest�o de �lcool pelo condutor;Sa�da de leito carro��vel;Sem V�timas;Pleno dia;Crescente;C�u Claro;Dupla;Reta;N�o;1;0;0;0;1;0;0;1;-23,2240448;-50,0228712;SPRF-PR;DEL07-PR;UOP04-DEL07-PR;;;
669094;23/03/2025;domingo;15:15:00;SC;282;5,4;SAO JOSE;Entrada inopinada do pedestre;Atropelamento de Pedestre;Com V�timas Feridas;Pleno dia;Decrescente;C�u Claro;M�ltipla;Curva;Sim;2;0;1;0;1;0;1;2;-27,587656;-48,615004;SPRF-SC;DEL01-SC;UOP01-DEL01-SC;;;
669095;23/03/2025;domingo;16:20:00;SC;280;12;SAO FRANCISCO DO SUL;Acessar a via sem observar a presen�a dos outros ve�culos;Colis�o frontal;Com V�timas Feridas;Pleno dia;Crescente;Nublado;Simples;Reta;N�o;3;0;1;1;1;0;2;2;-26,312552;-48,644213;SPRF-SC;DEL03-SC;UOP03-DEL03-SC;;;
669096;23/03/2025;domingo;15:30:00;PE;232;76;GRAVATA;Aus�ncia de rea��o do condutor;Colis�o traseira;Com V�timas Feridas;Pleno dia;Crescente;C�u Claro;Simples;"Declive;Reta";N�o;4;0;1;0;3;0;1;3;-8,19577894;-35,53263718;SPRF-PE;DEL02-PE;UOP02-DEL02PE;;;
669097;23/03/2025;domingo;10:35:00;PE;316;366;PETROLANDIA;Transitar na contram�o;Colis�o frontal;Com V�timas Feridas;Pleno dia;Crescente;C�u Claro;Simples;"Interse��o de Vias;Reta";N�o;5;0;2;1;2;0;3;2;-8,9554495;-38,22306633;SPRF-PE;DEL04-PE;UOP03-DEL04-PE;;;
669098;23/03/2025;domingo;15:15:00;RJ;40;123;DUQUE DE CAXIAS;Acumulo de �leo sobre o pavimento;Tombamento;Com V�timas Feridas;Pleno dia;Decrescente;C�u Claro;Simples;Viaduto;Sim;1;0;1;0;0;0;1;1;-22,6689024;-43,2799744;SPRF-RJ;DEL01-RJ;UOP02-DEL01-RJ;;;
669099;23/03/2025;domingo;16:10:00;GO;70;3;AGUAS LINDAS DE GOIAS;Ingest�o de �lcool pelo condutor;Colis�o lateral mesmo sentido;Sem V�timas;Pleno dia;Decrescente;Chuva;Dupla;Reta;Sim;3;0;0;0;3;0;0;2;-15,75989032;-48,246755;SPRF-DF;DEL03-DF;UOP02-DEL03-DF;;;
669100;23/03/2025;domingo;16:00:00;SP;116;97,3;PINDAMONHANGABA;Aus�ncia de rea��o do condutor;Colis�o traseira;Com V�timas Feridas;Pleno dia;Decrescente;Chuva;Dupla;Declive;N�o;3;0;1;0;2;0;1;2;-22,97119588;-45,44116974;SPRF-SP;DEL08-SP;UOP01-DEL08-SP;;;
669101;23/03/2025;domingo;12:27:00;MT;364;289,7;JACIARA;Aus�ncia de rea��o do condutor;Sa�da de leito carro��vel;Sem V�timas;Pleno dia;Decrescente;Chuva;Dupla;Curva;N�o;1;0;0;0;1;0;0;1;-15,90349;-55,0939;SPRF-MT;DEL05-MT;UOP02-DEL05-MT;;;
669103;23/03/2025;domingo;16:20:00;SP;381;69;MAIRIPORA;Mal s�bito do condutor;Atropelamento de Pedestre;Com V�timas Feridas;Pleno dia;Decrescente;Chuva;M�ltipla;Aclive;N�o;4;0;2;0;2;0;2;4;-23,34942697;-46,56117439;SPRF-SP;DEL03-SP;UOP01-DEL03-SP;;;
669104;17/03/2025;segunda-feira;17:30:00;SC;101;176;BIGUACU;Condutor deixou de manter dist�ncia do ve�culo da frente;Colis�o traseira;Com V�timas Feridas;Pleno dia;Crescente;C�u Claro;M�ltipla;Curva;N�o;2;0;1;0;1;0;1;2;-27,34719044;-48,63321073;SPRF-SC;DEL01-SC;UOP01-DEL01-SC;;;
669105;23/03/2025;domingo;16:35:00;SC;101;255,9;PAULO LOPES;Aus�ncia de rea��o do condutor;Colis�o com objeto;Com V�timas Feridas;Pleno dia;Crescente;Chuva;Dupla;Reta;N�o;1;0;1;0;0;0;1;1;-27,99165406;-48,6841321;SPRF-SC;DEL02-SC;UOP03-DEL02-SC;;;
669107;23/03/2025;domingo;17:50:00;SP;116;146;SAO JOSE DOS CAMPOS;Aus�ncia de rea��o do condutor;Colis�o lateral mesmo sentido;Com V�timas Feridas;Pleno dia;Decrescente;Chuva;Dupla;Reta;Sim;2;0;1;0;1;0;1;2;-23,19433393;-45,86551666;SPRF-SP;DEL02-SP;UOP01-DEL02-SP;;;
669110;23/03/2025;domingo;17:40:00;PR;163;226,7;CASCAVEL;Ingest�o de �lcool pelo condutor;Colis�o traseira;Sem V�timas;Pleno dia;Decrescente;Garoa/Chuvisco;Dupla;Reta;Sim;2;0;0;0;2;0;0;2;-24,827223;-53,64547;SPRF-PR;DEL04-PR;UOP01-DEL04-PR;;;
669111;23/03/2025;domingo;17:20:00;MT;163;838;SINOP;Rea��o tardia ou ineficiente do condutor;Colis�o lateral mesmo sentido;Com V�timas Feridas;Pleno dia;Crescente;Nublado;Simples;Reta;Sim;3;0;0;1;2;0;1;2;-11,834663;-55,488507;SPRF-MT;DEL06-MT;UOP02-DEL06-MT;;;
669112;23/03/2025;domingo;18:30:00;PI;343;21,2;PARNAIBA;Ingest�o de �lcool pelo condutor;Colis�o lateral sentido oposto;Com V�timas Feridas;Plena Noite;Crescente;C�u Claro;Simples;Reta;N�o;8;0;7;0;1;0;7;3;-2,992102;-41,764462;SPRF-PI;DEL05-PI;UOP01-DEL05-PI;;;
669113;23/03/2025;domingo;18:55:00;SC;101;150;ITAPEMA;Trafegar com motocicleta (ou similar) entre as faixas;Colis�o traseira;Com V�timas Feridas;Plena Noite;Decrescente;C�u Claro;M�ltipla;Reta;Sim;2;0;1;0;1;0;1;2;-27,11779692;-48,60922429;SPRF-SC;DEL04-SC;UOP03-DEL04-SC;;;
669114;23/03/2025;domingo;18:06:00;PE;408;83;PAUDALHO;Acesso irregular;Colis�o transversal;Sem V�timas;Plena Noite;Crescente;C�u Claro;Dupla;Reta;Sim;2;0;0;0;2;0;0;1;-7,939565;-35,125798;SPRF-PE;DEL01-PE;UOP01-DEL01-PE;;;
669115;23/03/2025;domingo;18:05:00;RS;470;246;BARAO;Rea��o tardia ou ineficiente do condutor;Tombamento;Com V�timas Feridas;Anoitecer;Decrescente;C�u Claro;Simples;Curva;N�o;1;0;1;0;0;0;1;1;-29,38574448;-51,49162509;SPRF-RS;DEL06-RS;UOP01-DEL06-RS;;;