id;data_inversa;dia_semana;horario;uf;br;km;municipio;causa_acidente;tipo_acidente;classificacao_acidente;fase_dia;sentido_via;condicao_metereologica;tipo_pista;tracado_via;uso_solo;pessoas;mortos;feridos_leves;feridos_graves;ilesos;ignorados;feridos;veiculos;latitude;longitude;regional;delegacia;uop;;;
669117;23/03/2025;domingo;17:35:00;RJ;101;495;ANGRA DOS REIS;Demais falhas mec�nicas ou el�tricas;Tombamento;Com V�timas Feridas;Pleno dia;Decrescente;Nublado;Simples;Curva;N�o;2;0;2;0;0;0;2;1;-22,93261118;-44,32231843;SPRF-RJ;DEL03-RJ;UOP03-DEL03-RJ;;;
669119;23/03/2025;domingo;16:34:00;CE;222;0;FORTALEZA;Ultrapassagem Indevida;Tombamento;Com V�timas Feridas;Pleno dia;Crescente;Sol;M�ltipla;Reta;Sim;1;0;0;1;0;0;1;1;-3,73696933;-38,57278347;SPRF-CE;DEL01-CE;UOP01-DEL01-CE;;;
669120;23/03/2025;domingo;16:00:00;SC;470;64;INDAIAL;Acessar a via sem observar a presen�a dos outros ve�culos;Colis�o lateral mesmo sentido;Com V�timas Feridas;Pleno dia;Crescente;C�u Claro;Simples;"Reta;Aclive";N�o;4;0;2;0;2;0;2;2;-26,87196124;-49,19439554;SPRF-SC;DEL04-SC;UOP01-DEL04-SC;;;
669121;23/03/2025;domingo;18:00:00;PE;101;57;RECIFE;Aus�ncia de rea��o do condutor;Colis�o lateral mesmo sentido;Com V�timas Feridas;Plena Noite;Crescente;C�u Claro;Dupla;Interse��o de Vias;N�o;2;0;1;0;1;0;1;2;-7,962357;-34,914808;SPRF-PE;DEL01-PE;UOP02-DEL01-PE;;;
669122;23/03/2025;domingo;19:00:00;RJ;101;329;RIO DE JANEIRO;Rea��o tardia ou ineficiente do condutor;Colis�o traseira;Com V�timas Feridas;Plena Noite;Decrescente;Nublado;Dupla;"Ponte;Reta";N�o;2;0;1;0;1;0;1;2;-22,86868524;-43,18673515;SPRF-RJ;DEL02-RJ;UOP01-DEL02-RJ;;;
669124;23/03/2025;domingo;20:00:00;ES;101;257,6;SERRA;Rea��o tardia ou ineficiente do condutor;Colis�o transversal;Com V�timas Feridas;Plena Noite;Crescente;C�u Claro;Dupla;"Curva;Interse��o de Vias";Sim;3;0;1;2;0;0;3;2;-20,12843;-40,299102;SPRF-ES;DEL02-ES;UOP01-DEL02-ES;;;
669125;23/03/2025;domingo;18:50:00;SC;282;603;MARAVILHA;Ingest�o de �lcool pelo condutor;Colis�o lateral mesmo sentido;Sem V�timas;Plena Noite;Decrescente;C�u Claro;Simples;"Reta;Aclive";Sim;3;0;0;0;2;1;0;3;-26,800488;-53,19066841;SPRF-SC;DEL07-SC;UOP02-DEL07-SC;;;
669126;23/03/2025;domingo;19:30:00;CE;116;11;FORTALEZA;Acessar a via sem observar a presen�a dos outros ve�culos;Atropelamento de Pedestre;Com V�timas Fatais;Plena Noite;Crescente;C�u Claro;M�ltipla;Reta;N�o;2;1;0;0;1;0;0;2;-3,84852379;-38,4964711;SPRF-CE;DEL01-CE;UOP02-DEL01-CE;;;
669128;23/03/2025;domingo;20:10:00;BA;116;579,4;NOVA ITARANA;Ingest�o de �lcool pelo condutor;Colis�o traseira;Com V�timas Fatais;Plena Noite;Decrescente;Ignorado;Simples;Reta;N�o;2;1;0;0;0;1;0;2;-13,1075;-39,9771;SPRF-BA;DEL03-BA;UOP02-DEL03-BA;;;
669129;23/03/2025;domingo;20:30:00;SC;101;148;ITAPEMA;Trafegar com motocicleta (ou similar) entre as faixas;Colis�o lateral mesmo sentido;Com V�timas Feridas;Plena Noite;Decrescente;C�u Claro;Dupla;Reta;Sim;3;0;1;0;2;0;1;3;-27,10244915;-48,61739069;SPRF-SC;DEL04-SC;UOP03-DEL04-SC;;;
669130;23/03/2025;domingo;16:30:00;MG;381;792;SAO GONCALO DO SAPUCAI;Rea��o tardia ou ineficiente do condutor;Sa�da de leito carro��vel;Com V�timas Feridas;Pleno dia;Crescente;Chuva;Dupla;Curva;N�o;3;0;2;0;1;0;2;1;-21,8962348;-45,5508865;SPRF-MG;DEL16-MG;UOP02-DEL16-MG;;;
669131;23/03/2025;domingo;19:00:00;PE;423;62,8;LAJEDO;Pedestre andava na pista;Atropelamento de Pedestre;Com V�timas Fatais;Plena Noite;Crescente;C�u Claro;Simples;Reta;N�o;2;1;0;0;0;1;0;2;-8,661712;-36,345527;SPRF-PE;DEL03-PE;UOP01-DEL03-PE;;;
669133;23/03/2025;domingo;19:00:00;GO;153;381,3;SAO FRANCISCO DE GOIAS;Ingest�o de �lcool pelo condutor;Sa�da de leito carro��vel;Sem V�timas;Plena Noite;Crescente;Chuva;Simples;"Declive;Curva";N�o;3;0;0;0;3;0;0;1;-15,929429;-49,2089396;SPRF-GO;DEL02-GO;UOP02-DEL02-GO;;;
669134;23/03/2025;domingo;20:10:00;AP;210;2;MACAPA;Acessar a via sem observar a presen�a dos outros ve�culos;Colis�o transversal;Com V�timas Feridas;Plena Noite;Crescente;C�u Claro;Dupla;Reta;Sim;2;0;1;0;1;0;1;2;0,07763685;-51,0636416;SPRF-AP;DEL01-AP;UOP01-DEL01-AP;;;
669136;23/03/2025;domingo;19:10:00;MT;364;185;PEDRA PRETA;Pedestre cruzava a pista fora da faixa;Atropelamento de Pedestre;Com V�timas Feridas;Plena Noite;Crescente;Nublado;Simples;"Reta;Declive";N�o;2;0;0;2;0;0;2;2;-16,58753509;-54,51682791;SPRF-MT;DEL02-MT;UOP01-DEL02-MT;;;
669137;23/03/2025;domingo;20:15:00;CE;222;2;FORTALEZA;Aus�ncia de rea��o do condutor;Colis�o lateral mesmo sentido;Com V�timas Feridas;Plena Noite;Crescente;C�u Claro;M�ltipla;Reta;N�o;2;0;0;1;1;0;1;2;-3,73755716;-38,5763203;SPRF-CE;DEL01-CE;UOP01-DEL01-CE;;;
669139;23/03/2025;domingo;20:55:00;SP;116;159,9;JACAREI;Manobra de mudan�a de faixa;Colis�o lateral mesmo sentido;Com V�timas Feridas;Plena Noite;Crescente;Chuva;Dupla;Reta;N�o;7;0;2;0;5;0;2;3;-23,26921633;-45,96534144;SPRF-SP;DEL02-SP;UOP01-DEL02-SP;;;
669140;23/03/2025;domingo;18:50:00;PR;277;213,3;PALMEIRA;Ingest�o de �lcool pelo condutor;Colis�o com objeto;Sem V�timas;Anoitecer;Decrescente;C�u Claro;Simples;Curva;N�o;1;0;0;0;1;0;0;1;-25,459666;-50,332977;SPRF-PR;DEL08-PR;UOP02-DEL08-PR;;;
669141;23/03/2025;domingo;20:45:00;PR;376;601,9;CURITIBA;Pedestre cruzava a pista fora da faixa;Atropelamento de Pedestre;Com V�timas Fatais;Plena Noite;Decrescente;C�u Claro;Dupla;Reta;Sim;4;1;0;0;2;1;0;2;-25,520227;-49,334458;SPRF-PR;DEL01-PR;UOP06-DEL01-PR;;;
669142;23/03/2025;domingo;20:50:00;RS;290;100;PORTO ALEGRE;Aus�ncia de rea��o do condutor;Colis�o com objeto;Com V�timas Feridas;Plena Noite;Crescente;C�u Claro;Dupla;Ponte;N�o;2;0;1;0;0;1;1;2;-29,98855543;-51,23585701;SPRF-RS;DEL01-RS;UOP01-DEL01-RS;;;
669143;23/03/2025;domingo;21:00:00;GO;40;99;CRISTALINA;Animais na Pista;Atropelamento de Animal;Com V�timas Feridas;Plena Noite;Crescente;Nublado;Simples;Reta;N�o;3;0;2;0;1;0;2;2;-16,777;-47,58576;SPRF-DF;DEL01-DF;UOP02-DEL01-DF;;;
669144;23/03/2025;domingo;20:48:00;SC;101;426,5;SOMBRIO;Transitar na contram�o;Colis�o transversal;Com V�timas Feridas;Plena Noite;Decrescente;Nublado;M�ltipla;Reta;Sim;2;0;1;0;1;0;1;2;-29,04522311;-49,61583137;SPRF-SC;DEL02-SC;UOP02-DEL02-SC;;;
669145;23/03/2025;domingo;16:30:00;BA;410;8;TUCANO;Rea��o tardia ou ineficiente do condutor;Sa�da de leito carro��vel;Com V�timas Feridas;Anoitecer;Crescente;C�u Claro;Simples;Reta;N�o;3;0;2;1;0;0;3;1;-10,853039;-38,591475;SPRF-BA;DEL07-BA;UOP02-DEL07-BA;;;
669147;23/03/2025;domingo;10:45:00;RJ;493;112;ITAGUAI;Condutor Dormindo;Colis�o com objeto;Sem V�timas;Pleno dia;Decrescente;C�u Claro;Simples;Reta;Sim;1;0;0;0;1;0;0;1;-22,820225;-43,80471;SPRF-RJ;DEL03-RJ;UOP01-DEL03-RJ;;;
669149;23/03/2025;domingo;21:15:00;RJ;116;182;BELFORD ROXO;Rea��o tardia ou ineficiente do condutor;Colis�o traseira;Com V�timas Feridas;Plena Noite;Crescente;Nublado;M�ltipla;Reta;Sim;3;0;1;0;2;0;1;2;-22,77724615;-43,39735463;SPRF-RJ;DEL06-RJ;UOP01-DEL06-RJ;;;
669150;23/03/2025;domingo;17:30:00;RO;364;422,9;JARU;Convers�o proibida;Colis�o lateral mesmo sentido;Com V�timas Feridas;Pleno dia;Decrescente;C�u Claro;M�ltipla;Aclive;Sim;3;0;2;0;1;0;2;2;-10,45046406;-62,46206045;SPRF-RO;DEL03-RO;UOP02-DEL03-RO;;;
669151;23/03/2025;domingo;17:40:00;PR;153;2;IMBITUVA;Ultrapassagem Indevida;Colis�o frontal;Sem V�timas;Anoitecer;Crescente;C�u Claro;Simples;Reta;Sim;2;0;0;0;2;0;0;2;-25,2013395;-50,5979898;SPRF-PR;DEL07-PR;UOP04-DEL07-PR;;;
669152;23/03/2025;domingo;21:30:00;ES;101;257;SERRA;Ingest�o de �lcool pelo condutor;Sa�da de leito carro��vel;Sem V�timas;Plena Noite;Decrescente;C�u Claro;Dupla;"Reta;Aclive";N�o;1;0;0;0;1;0;0;1;-20,129535;-40,297318;SPRF-ES;DEL02-ES;UOP01-DEL02-ES;;;
669154;23/03/2025;domingo;20:13:00;MA;316;263;SANTA INES;Ingest�o de �lcool pelo condutor;Colis�o frontal;Com V�timas Feridas;Plena Noite;Crescente;Nublado;Simples;Curva;Sim;3;0;0;3;0;0;3;2;-3,676;-45,3846;SPRF-MA;DEL02-MA;UOP01-DEL02-MA;;;
669155;23/03/2025;domingo;18:40:00;MG;381;944;EXTREMA;Velocidade Incompat�vel;Sa�da de leito carro��vel;Com V�timas Feridas;Plena Noite;Decrescente;Nublado;Dupla;Reta;N�o;1;0;1;0;0;0;1;1;-22,8453958;-46,33153734;SPRF-MG;DEL16-MG;UOP03-DEL16-MG;;;
669157;23/03/2025;domingo;19:15:00;RS;386;109,8;SARANDI;Condutor deixou de manter dist�ncia do ve�culo da frente;Colis�o traseira;Sem V�timas;Plena Noite;Decrescente;C�u Claro;Simples;Reta;N�o;12;0;0;0;12;0;0;3;-27,798496;-53,053582;SPRF-RS;DEL08-RS;UOP01-DEL08-RS;;;
669159;23/03/2025;domingo;21:30:00;RJ;116;213;SEROPEDICA;Chuva;Colis�o lateral mesmo sentido;Com V�timas Feridas;Plena Noite;Crescente;C�u Claro;Dupla;Reta;Sim;2;0;1;0;1;0;1;2;-22,7115008;-43,7223424;SPRF-RJ;DEL06-RJ;UOP02-DEL06-RJ;;;
669160;23/03/2025;domingo;22:00:00;PE;232;86;GRAVATA;Pedestre - Ingest�o de �lcool/ subst�ncias psicoativas;Atropelamento de Pedestre;Com V�timas Fatais;Plena Noite;Decrescente;C�u Claro;Dupla;Reta;N�o;2;1;0;0;0;1;0;2;-8,2157228;-35,6412891;SPRF-PE;DEL02-PE;UOP02-DEL02PE;;;
669162;23/03/2025;domingo;21:30:00;RJ;116;324;ITATIAIA;Ingest�o de �lcool pelo condutor;Colis�o traseira;Sem V�timas;Plena Noite;Crescente;Chuva;M�ltipla;Reta;Sim;2;0;0;0;2;0;0;2;-22,46797868;-44,51030403;SPRF-RJ;DEL07-RJ;UOP02-DEL07-RJ;;;
669163;23/03/2025;domingo;21:00:00;RJ;116;205;QUEIMADOS;Demais falhas mec�nicas ou el�tricas;Tombamento;Com V�timas Feridas;Plena Noite;Crescente;Chuva;Dupla;"Reta;Declive";N�o;2;0;2;0;0;0;2;1;-22,726177;-43,634382;SPRF-RJ;DEL06-RJ;UOP02-DEL06-RJ;;;
669164;23/03/2025;domingo;18:00:00;RS;116;201,6;PICADA CAFE;Velocidade Incompat�vel;Sa�da de leito carro��vel;Com V�timas Feridas;Anoitecer;Crescente;C�u Claro;Simples;Curva;N�o;1;0;0;1;0;0;1;1;-29,48430001;-51,14450801;SPRF-RS;DEL05-RS;UOP02-DEL05-RS;;;
669165;23/03/2025;domingo;22:50:00;MG;267;20,5;ARGIRITA;Aus�ncia de rea��o do condutor;Sa�da de leito carro��vel;Com V�timas Feridas;Plena Noite;Crescente;Nublado;Simples;Curva;N�o;2;0;1;0;1;0;1;1;-21,59455446;-42,79586792;SPRF-MG;DEL07-MG;UOP01-DEL07-MG;;;
669169;23/03/2025;domingo;21:10:00;RS;101;23,8;TRES CACHOEIRAS;Rea��o tardia ou ineficiente do condutor;Sa�da de leito carro��vel;Com V�timas Feridas;Plena Noite;Crescente;C�u Claro;Dupla;Reta;Sim;5;0;4;0;1;0;4;1;-29,452138;-49,919932;SPRF-RS;DEL03-RS;UOP02-DEL03-RS;;;
669170;23/03/2025;domingo;21:30:00;RS;285;110,9;VACARIA;Velocidade Incompat�vel;Sa�da de leito carro��vel;Com V�timas Feridas;Plena Noite;Decrescente;C�u Claro;Simples;"Curva;Aclive";N�o;2;0;2;0;0;0;2;1;-28,51123757;-50,84730148;SPRF-RS;DEL05-RS;UOP03-DEL05-RS;;;
669171;23/03/2025;domingo;22:50:00;PR;376;600;CURITIBA;Aus�ncia de rea��o do condutor;Colis�o traseira;Com V�timas Feridas;Plena Noite;Decrescente;Nublado;Dupla;"Reta;Declive";Sim;5;0;2;0;3;0;2;2;-25,525394;-49,330415;SPRF-PR;DEL01-PR;UOP06-DEL01-PR;;;
669172;23/03/2025;domingo;21:30:00;MG;381;652;PERDOES;Velocidade Incompat�vel;Capotamento;Sem V�timas;Plena Noite;Decrescente;Nublado;Dupla;"Curva;Aclive";N�o;1;0;0;0;1;0;0;1;-21,119831;-45,09552;SPRF-MG;DEL04-MG;UOP02-DEL04-MG;;;
669173;23/03/2025;domingo;23:34:00;PE;232;5;RECIFE;Pista esburacada;Queda de ocupante de ve�culo;Com V�timas Feridas;Plena Noite;Decrescente;C�u Claro;Dupla;Curva;Sim;1;0;0;1;0;0;1;1;-8,06923621;-34,94793694;SPRF-PE;DEL01-PE;UOP01-DEL01-PE;;;
669174;23/03/2025;domingo;17:41:00;RO;364;343,1;JI-PARANA;Aus�ncia de rea��o do condutor;Colis�o lateral mesmo sentido;Com V�timas Feridas;Anoitecer;Decrescente;C�u Claro;M�ltipla;Interse��o de Vias;Sim;2;0;0;1;1;0;1;2;-10,877633;-61,947143;SPRF-RO;DEL02-RO;UOP01-DEL02-RO;;;
669175;23/03/2025;domingo;23:00:00;RJ;101;307;SAO GONCALO;Ingest�o de �lcool pelo condutor;Capotamento;Com V�timas Fatais;Plena Noite;Decrescente;Garoa/Chuvisco;Dupla;Reta;N�o;6;2;3;0;1;0;3;2;-22,791026;-43,014102;SPRF-RJ;DEL02-RJ;UOP02-DEL02-RJ;;;
669177;23/03/2025;domingo;20:45:00;PA;163;674;ITAITUBA;Pedestre andava na pista;Atropelamento de Pedestre;Com V�timas Fatais;Anoitecer;Decrescente;C�u Claro;Simples;Reta;N�o;2;1;0;0;0;1;0;2;-4,35044;-55,785437;SPRF-PA;DEL05-PA;UOP02-DEL05-PA;;;
669178;23/03/2025;domingo;23:45:00;DF;20;9;BRASILIA;Velocidade Incompat�vel;Sa�da de leito carro��vel;Sem V�timas;Plena Noite;Crescente;Nublado;Dupla;Reta;Sim;1;0;0;0;0;1;0;1;-15,65170383;-47,77714849;SPRF-DF;DEL02-DF;UOP01-DEL02-DF;;;
669180;23/03/2025;domingo;21:00:00;PI;343;476;ANGICAL DO PIAUI;Acessar a via sem observar a presen�a dos outros ve�culos;Colis�o transversal;Com V�timas Feridas;Plena Noite;Crescente;C�u Claro;Simples;Reta;N�o;2;0;0;1;1;0;1;2;-6,133385;-42,719003;SPRF-PI;DEL01-PI;UOP02-DEL01-PI;;;
669181;23/03/2025;domingo;23:30:00;PB;230;218,5;SOLEDADE;Acessar a via sem observar a presen�a dos outros ve�culos;Colis�o frontal;Com V�timas Fatais;Plena Noite;Crescente;C�u Claro;Simples;Aclive;N�o;2;1;0;0;1;0;0;2;-7,05016;-36,38191;SPRF-PB;DEL02-PB;UOP02-DEL02-PB;;;
669184;23/03/2025;domingo;23:52:00;RO;364;640;CANDEIAS DO JAMARI;Aus�ncia de rea��o do condutor;Capotamento;Sem V�timas;Plena Noite;Crescente;C�u Claro;Simples;Reta;N�o;1;0;0;0;0;1;0;1;-9,012901;-63,421381;SPRF-RO;DEL01-RO;UOP04-DEL01-RO;;;
669185;24/03/2025;segunda-feira;00:10:00;MA;10;239,8;IMPERATRIZ;Rea��o tardia ou ineficiente do condutor;Colis�o traseira;Com V�timas Feridas;Plena Noite;Crescente;C�u Claro;Simples;Reta;N�o;3;0;1;1;0;1;2;2;-5,624282;-47,410058;SPRF-MA;DEL04-MA;UOP01-DEL04-MA;;;
669187;24/03/2025;segunda-feira;02:30:00;RJ;101;505;ANGRA DOS REIS;Animais na Pista;Atropelamento de Animal;Com V�timas Fatais;Plena Noite;Crescente;C�u Claro;Simples;Reta;Sim;3;1;1;0;1;0;1;2;-22,93278754;-44,39248935;SPRF-RJ;DEL03-RJ;UOP03-DEL03-RJ;;;
669188;24/03/2025;segunda-feira;03:10:00;GO;40;2;VALPARAISO DE GOIAS;Condutor Dormindo;Colis�o traseira;Com V�timas Feridas;Plena Noite;Crescente;C�u Claro;Dupla;Reta;Sim;2;0;1;0;1;0;1;2;-16,05620652;-47,98253059;SPRF-DF;DEL01-DF;UOP01-DEL01-DF;;;
669190;24/03/2025;segunda-feira;03:30:00;RJ;101;329;RIO DE JANEIRO;Demais falhas mec�nicas ou el�tricas;Colis�o traseira;Com V�timas Feridas;Plena Noite;Decrescente;Nublado;Dupla;"Reta;Ponte";N�o;3;0;2;0;1;0;2;2;-22,86857452;-43,18779755;SPRF-RJ;DEL02-RJ;UOP01-DEL02-RJ;;;
669192;24/03/2025;segunda-feira;02:00:00;RS;101;65,5;MAQUINE;Pedestre andava na pista;Atropelamento de Pedestre;Com V�timas Fatais;Plena Noite;Decrescente;C�u Claro;Dupla;Reta;N�o;2;1;0;0;0;1;0;2;-29,713573;-50,18794;SPRF-RS;DEL03-RS;UOP02-DEL03-RS;;;
669194;24/03/2025;segunda-feira;05:25:00;RN;101;158,9;CANGUARETAMA;Animais na Pista;Atropelamento de Animal;Com V�timas Feridas;Amanhecer;Decrescente;C�u Claro;M�ltipla;Reta;Sim;1;0;1;0;0;0;1;1;-6,3596156;-35,1595615;SPRF-RN;DEL01-RN;UOP01-DEL01-RN;;;
669196;23/03/2025;domingo;17:30:00;MA;135;357;PRESIDENTE DUTRA;Transitar na contram�o;Colis�o frontal;Com V�timas Fatais;Plena Noite;Crescente;C�u Claro;Simples;Curva;N�o;4;2;1;1;0;0;2;2;-5,444959;-44,46854;SPRF-MA;DEL06-MA;UOP01-DEL06-MA;;;
669199;24/03/2025;segunda-feira;06:52:00;PB;230;27;JOAO PESSOA;Rea��o tardia ou ineficiente do condutor;Colis�o traseira;Com V�timas Feridas;Pleno dia;Decrescente;C�u Claro;Dupla;"Reta;Aclive";Sim;2;0;1;0;0;1;1;2;-7,1675506;-34,8864877;SPRF-PB;DEL01-PB;UOP01-DEL01-PB;;;
669200;24/03/2025;segunda-feira;06:11:00;PE;423;38;SAO CAITANO;Aus�ncia de rea��o do condutor;Colis�o traseira;Com V�timas Feridas;Amanhecer;Decrescente;Sol;Dupla;Reta;N�o;3;0;1;0;2;0;1;2;-8,32978461;-36,12281724;SPRF-PE;DEL03-PE;UOP02-DEL03-PE;;;
669201;24/03/2025;segunda-feira;04:30:00;MT;364;562;NOBRES;Animais na Pista;Atropelamento de Animal;Sem V�timas;Plena Noite;Decrescente;Nublado;Dupla;Reta;Sim;1;0;0;0;1;0;0;1;-14,70147776;-56,31947503;SPRF-MT;DEL01-MT;UOP01-DEL01-MT;;;
669202;23/03/2025;domingo;22:15:00;SC;282;441,4;IRANI;Velocidade Incompat�vel;Sa�da de leito carro��vel;Com V�timas Feridas;Plena Noite;Decrescente;C�u Claro;Simples;Reta;N�o;1;0;1;0;0;0;1;1;-26,934878;-51,870912;SPRF-SC;DEL07-SC;UOP04-DEL07-SC;;;
669203;24/03/2025;segunda-feira;06:57:00;CE;116;17,5;EUSEBIO;Condutor deixou de manter dist�ncia do ve�culo da frente;Engavetamento;Sem V�timas;Pleno dia;Decrescente;C�u Claro;M�ltipla;Reta;Sim;3;0;0;0;3;0;0;3;-3,901327;-38,504165;SPRF-CE;DEL01-CE;UOP02-DEL01-CE;;;
669205;23/03/2025;domingo;22:00:00;SC;470;54;BLUMENAU;Condutor usando celular;Colis�o frontal;Com V�timas Feridas;Plena Noite;Crescente;C�u Claro;Simples;Reta;Sim;2;0;1;0;1;0;1;2;-26,88250202;-49,14013445;SPRF-SC;DEL04-SC;UOP01-DEL04-SC;;;
669207;24/03/2025;segunda-feira;06:25:00;SC;101;268;IMBITUBA;Rea��o tardia ou ineficiente do condutor;Tombamento;Com V�timas Feridas;Amanhecer;Decrescente;C�u Claro;Dupla;"Reta;Ponte";N�o;1;0;1;0;0;0;1;1;-28,0955;-48,707639;SPRF-SC;DEL02-SC;UOP03-DEL02-SC;;;
669208;23/03/2025;domingo;21:00:00;PA;316;176;SANTA LUZIA DO PARA;Demais falhas mec�nicas ou el�tricas;Inc�ndio;Sem V�timas;Plena Noite;Crescente;C�u Claro;Simples;Reta;N�o;1;0;0;0;0;1;0;1;-1,385513;-47,024258;SPRF-PA;DEL01-PA;UOP03-DEL01-PA;;;
669209;24/03/2025;segunda-feira;06:40:00;MG;381;785;SAO GONCALO DO SAPUCAI;Rea��o tardia ou ineficiente do condutor;Colis�o com objeto;Sem V�timas;Amanhecer;Crescente;C�u Claro;Simples;"Retorno Regulamentado;Aclive;Curva";N�o;1;0;0;0;1;0;0;1;-21,84160119;-45,51746678;SPRF-MG;DEL16-MG;UOP02-DEL16-MG;;;
669210;24/03/2025;segunda-feira;06:00:00;MG;381;646;SANTO ANTONIO DO AMPARO;Rea��o tardia ou ineficiente do condutor;Colis�o com objeto;Com V�timas Feridas;Pleno dia;Crescente;Nublado;Dupla;Curva;N�o;1;0;1;0;0;0;1;1;-20,94587;-44,88163;SPRF-MG;DEL04-MG;UOP02-DEL04-MG;;;
669212;24/03/2025;segunda-feira;07:02:00;PE;101;66;RECIFE;Manobra de mudan�a de faixa;Colis�o lateral mesmo sentido;Com V�timas Feridas;Pleno dia;Crescente;Sol;Dupla;Viaduto;Sim;4;0;1;1;1;1;2;3;-8,03952;-34,94216;SPRF-PE;DEL01-PE;UOP01-DEL01-PE;;;
669213;24/03/2025;segunda-feira;07:15:00;PB;230;57;CRUZ DO ESPIRITO SANTO;Aus�ncia de rea��o do condutor;Sa�da de leito carro��vel;Com V�timas Feridas;Pleno dia;Decrescente;C�u Claro;Dupla;Reta;N�o;1;0;0;1;0;0;1;1;-7,203395;-35,119385;SPRF-PB;DEL01-PB;UOP02-DEL01-PB;;;
669214;24/03/2025;segunda-feira;07:15:00;GO;40;3,9;VALPARAISO DE GOIAS;Trafegar com motocicleta (ou similar) entre as faixas;Colis�o traseira;Com V�timas Feridas;Pleno dia;Decrescente;C�u Claro;Dupla;Reta;Sim;3;0;2;0;1;0;2;2;-16,084312;-47,986664;SPRF-DF;DEL01-DF;UOP01-DEL01-DF;;;
669215;24/03/2025;segunda-feira;08:00:00;ES;101;260,9;SERRA;Condutor deixou de manter dist�ncia do ve�culo da frente;Colis�o traseira;Com V�timas Feridas;Pleno dia;Crescente;C�u Claro;Dupla;Reta;N�o;2;0;1;0;1;0;1;2;-20,048852;-40,3867003;SPRF-ES;DEL02-ES;UOP01-DEL02-ES;;;
669216;24/03/2025;segunda-feira;07:20:00;PE;428;186;PETROLINA;Acessar a via sem observar a presen�a dos outros ve�culos;Colis�o transversal;Com V�timas Feridas;Pleno dia;Decrescente;C�u Claro;M�ltipla;"Reta;Retorno Regulamentado";Sim;2;0;2;0;0;0;2;2;-9,35926916;-40,48002183;SPRF-PE;DEL06-PE;UOP01-DEL06-PE;;;
669217;24/03/2025;segunda-feira;07:30:00;PR;277;334,3;GUARAPUAVA;Rea��o tardia ou ineficiente do condutor;Colis�o com objeto;Com V�timas Feridas;Pleno dia;Decrescente;Nevoeiro/Neblina;Dupla;"Curva;Declive";N�o;2;0;2;0;0;0;2;1;-25,34515079;-51,39254093;SPRF-PR;DEL08-PR;UOP01-DEL08-PR;;;
669220;24/03/2025;segunda-feira;07:50:00;SC;282;19,3;PALHOCA;Trafegar com motocicleta (ou similar) entre as faixas;Colis�o traseira;Com V�timas Feridas;Pleno dia;Crescente;C�u Claro;Simples;Reta;Sim;2;0;2;0;0;0;2;2;-27,680015;-48,704106;SPRF-SC;DEL01-SC;UOP02-DEL01-SC;;;
669221;24/03/2025;segunda-feira;07:40:00;SP;116;276;EMBU DAS ARTES;Manobra de mudan�a de faixa;Colis�o lateral mesmo sentido;Com V�timas Feridas;Pleno dia;Decrescente;C�u Claro;Dupla;Reta;Sim;2;0;1;0;1;0;1;2;-23,62593629;-46,81702948;SPRF-SP;DEL04-SP;UOP01-DEL04-SP;;;
669222;20/03/2025;quinta-feira;08:45:00;PR;277;4,8;CURITIBA;Aus�ncia de rea��o do condutor;Colis�o traseira;Com V�timas Feridas;Pleno dia;Crescente;C�u Claro;Dupla;Reta;N�o;2;0;1;0;1;0;1;2;-25,4300159;-49,3196141;SPRF-PR;DEL01-PR;UOP06-DEL01-PR;;;
669223;24/03/2025;segunda-feira;07:10:00;SP;381;89;GUARULHOS;Condutor deixou de manter dist�ncia do ve�culo da frente;Colis�o traseira;Com V�timas Feridas;Pleno dia;Crescente;C�u Claro;M�ltipla;Reta;Sim;1;0;1;0;0;0;1;1;-23,493586;-46,559456;SPRF-SP;DEL03-SP;UOP01-DEL03-SP;;;
669224;24/03/2025;segunda-feira;08:30:00;RJ;116;173;SAO JOAO DE MERITI;Transitar no Acostamento;Colis�o lateral mesmo sentido;Sem V�timas;Pleno dia;Decrescente;C�u Claro;M�ltipla;Reta;Sim;3;0;0;0;3;0;0;3;-22,79801992;-43,35791468;SPRF-RJ;DEL06-RJ;UOP01-DEL06-RJ;;;
669225;24/03/2025;segunda-feira;08:00:00;RS;116;244;SAO LEOPOLDO;Aus�ncia de rea��o do condutor;Colis�o lateral mesmo sentido;Com V�timas Feridas;Pleno dia;Crescente;C�u Claro;M�ltipla;Reta;Sim;3;0;2;0;1;0;2;2;-29,72506701;-51,14882469;SPRF-RS;DEL01-RS;UOP02-DEL01-RS;;;
669226;24/03/2025;segunda-feira;08:29:00;PE;101;70,1;RECIFE;Transitar na contram�o;Colis�o lateral sentido oposto;Com V�timas Feridas;Pleno dia;Decrescente;C�u Claro;Simples;Viaduto;Sim;5;0;4;0;0;1;4;2;-8,068311;-34,940553;SPRF-PE;DEL01-PE;UOP01-DEL01-PE;;;
669227;24/03/2025;segunda-feira;05:37:00;RJ;40;97;DUQUE DE CAXIAS;Chuva;Capotamento;Com V�timas Feridas;Pleno dia;Decrescente;Chuva;Dupla;Curva;Sim;2;0;1;0;1;0;1;1;-22,58743154;-43,27347916;SPRF-RJ;DEL01-RJ;UOP01-DEL01-RJ;;;