id;data_inversa;dia_semana;horario;uf;br;km;municipio;causa_acidente;tipo_acidente;classificacao_acidente;fase_dia;sentido_via;condicao_metereologica;tipo_pista;tracado_via;uso_solo;pessoas;mortos;feridos_leves;feridos_graves;ilesos;ignorados;feridos;veiculos;latitude;longitude;regional;delegacia;uop;;;
669228;22/03/2025;s�bado;19:10:00;PE;408;98,3;SAO LOURENCO DA MATA;Rea��o tardia ou ineficiente do condutor;Engavetamento;Sem V�timas;Plena Noite;Decrescente;C�u Claro;Dupla;Reta;N�o;3;0;0;0;3;0;0;3;-8,038382;-35,029728;SPRF-PE;DEL01-PE;UOP01-DEL01-PE;;;
669229;24/03/2025;segunda-feira;08:11:00;PR;376;4,7;APUCARANA;Rea��o tardia ou ineficiente do condutor;Colis�o lateral mesmo sentido;Com V�timas Feridas;Pleno dia;Decrescente;C�u Claro;Simples;"Declive;Curva";Sim;2;0;0;1;1;0;1;2;-23,551251;-51,449255;SPRF-PR;DEL07-PR;UOP03-DEL07-PR;;;
669230;24/03/2025;segunda-feira;07:50:00;MG;40;637;CONSELHEIRO LAFAIETE;Velocidade Incompat�vel;Sa�da de leito carro��vel;Com V�timas Feridas;Pleno dia;Decrescente;Garoa/Chuvisco;Simples;"Declive;Reta";N�o;2;0;1;0;1;0;1;1;-20,72337;-43,80026;SPRF-MG;DEL05-MG;UOP02-DEL05-MG;;;
669231;24/03/2025;segunda-feira;08:32:00;CE;116;4;FORTALEZA;Aus�ncia de rea��o do condutor;Colis�o traseira;Com V�timas Feridas;Pleno dia;Crescente;C�u Claro;Dupla;Reta;Sim;2;0;1;0;1;0;1;2;-3,7713521;-38,5169125;SPRF-CE;DEL01-CE;UOP02-DEL01-CE;;;
669232;24/03/2025;segunda-feira;08:15:00;SC;101;149,8;ITAPEMA;Acessar a via sem observar a presen�a dos outros ve�culos;Colis�o lateral mesmo sentido;Com V�timas Feridas;Pleno dia;Decrescente;C�u Claro;M�ltipla;Reta;Sim;2;0;1;0;1;0;1;2;-27,12002113;-48,60949427;SPRF-SC;DEL04-SC;UOP03-DEL04-SC;;;
669233;24/03/2025;segunda-feira;08:40:00;PR;277;71,9;SAO JOSE DOS PINHAIS;Condutor deixou de manter dist�ncia do ve�culo da frente;Colis�o traseira;Sem V�timas;Pleno dia;Decrescente;C�u Claro;Dupla;Reta;Sim;2;0;0;0;2;0;0;2;-25,505684;-49,141307;SPRF-PR;DEL01-PR;UOP07-DEL01-PR;;;
669236;24/03/2025;segunda-feira;06:45:00;RN;304;306,2;PARNAMIRIM;Pedestre cruzava a pista fora da faixa;Atropelamento de Pedestre;Com V�timas Feridas;Pleno dia;Crescente;C�u Claro;M�ltipla;Reta;Sim;4;0;2;0;0;2;2;3;-5,891242;-35,260048;SPRF-RN;DEL01-RN;UOP02-DEL01-RN;;;
669238;24/03/2025;segunda-feira;07:00:00;PR;476;148;ARAUCARIA;Condutor deixou de manter dist�ncia do ve�culo da frente;Colis�o traseira;Com V�timas Feridas;Pleno dia;Decrescente;C�u Claro;Dupla;Reta;N�o;2;0;1;0;1;0;1;2;-25,55768934;-49,35210139;SPRF-PR;DEL01-PR;UOP06-DEL01-PR;;;
669241;24/03/2025;segunda-feira;08:30:00;GO;153;308;RIALMA;Acessar a via sem observar a presen�a dos outros ve�culos;Colis�o lateral mesmo sentido;Sem V�timas;Pleno dia;Crescente;Nublado;Simples;"Reta;Aclive";N�o;5;0;0;0;5;0;0;2;-15,37600259;-49,55618844;SPRF-GO;DEL02-GO;UOP02-DEL02-GO;;;
669242;24/03/2025;segunda-feira;09:15:00;GO;60;32;ALEXANIA;Transitar na contram�o;Colis�o transversal;Com V�timas Feridas;Pleno dia;Decrescente;C�u Claro;Dupla;Reta;Sim;2;0;1;0;1;0;1;2;-16,089701;-48,501515;SPRF-DF;DEL03-DF;UOP01-DEL03-DF;;;
669243;24/03/2025;segunda-feira;07:20:00;SC;158;110;CUNHA PORA;Velocidade Incompat�vel;Colis�o transversal;Com V�timas Feridas;Pleno dia;Decrescente;C�u Claro;Simples;"Interse��o de Vias;Rotat�ria";N�o;2;0;1;0;0;1;1;2;-26,88774783;-53,17716694;SPRF-SC;DEL07-SC;UOP02-DEL07-SC;;;
669244;17/03/2025;segunda-feira;09:30:00;PR;163;230;CASCAVEL;Avarias e/ou desgaste excessivo no pneu;Sa�da de leito carro��vel;Com V�timas Feridas;Pleno dia;Crescente;C�u Claro;Dupla;Curva;N�o;1;0;1;0;0;0;1;1;-24,8052173;-53,672085;SPRF-PR;DEL04-PR;UOP01-DEL04-PR;;;
669245;24/03/2025;segunda-feira;08:22:00;PI;135;364;BOM JESUS;Aus�ncia de rea��o do condutor;Sa�da de leito carro��vel;Com V�timas Feridas;Pleno dia;Crescente;C�u Claro;Simples;"Curva;Declive";N�o;1;0;1;0;0;0;1;1;-9,08108108;-44,35778331;SPRF-PI;DEL03-PI;UOP02-DEL03-PI;;;
669246;24/03/2025;segunda-feira;09:20:00;MG;40;735;SANTOS DUMONT;Chuva;Colis�o lateral sentido oposto;Com V�timas Feridas;Pleno dia;Decrescente;Chuva;Simples;Curva;N�o;2;0;1;0;1;0;1;2;-21,3917822;-43,5673943;SPRF-MG;DEL05-MG;UOP01-DEL05-MG;;;
669247;24/03/2025;segunda-feira;10:25:00;MG;116;524;CARATINGA;Acessar a via sem observar a presen�a dos outros ve�culos;Colis�o transversal;Sem V�timas;Pleno dia;Decrescente;Sol;Simples;Curva;N�o;2;0;0;0;1;1;0;2;-19,76027;-42,13399;SPRF-MG;DEL06-MG;UOP02-DEL06-MG;;;
669248;16/03/2025;domingo;07:38:00;MS;267;342,7;RIO BRILHANTE;Acessar a via sem observar a presen�a dos outros ve�culos;Colis�o transversal;Com V�timas Feridas;Pleno dia;Crescente;Sol;Simples;Reta;N�o;6;0;4;0;2;0;4;2;-21,610805;-54,958428;SPRF-MS;DEL02-MS;UOP02-DEL02-MS;;;
669251;24/03/2025;segunda-feira;10:50:00;PE;408;96,7;JABOATAO DOS GUARARAPES;Condutor usando celular;Colis�o com objeto;Com V�timas Feridas;Pleno dia;Crescente;Sol;Dupla;Reta;Sim;1;0;0;1;0;0;1;1;-8,06982;-34,99163;SPRF-PE;DEL01-PE;UOP01-DEL01-PE;;;
669252;23/03/2025;domingo;11:00:00;MA;10;255;IMPERATRIZ;Acessar a via sem observar a presen�a dos outros ve�culos;Colis�o transversal;Com V�timas Feridas;Pleno dia;Crescente;C�u Claro;Simples;Reta;Sim;2;0;1;0;1;0;1;2;-5,48687192;-47,4719806;SPRF-MA;DEL04-MA;UOP01-DEL04-MA;;;
669256;24/03/2025;segunda-feira;10:40:00;SC;101;360;SANGAO;Animais na Pista;Atropelamento de Animal;Com V�timas Feridas;Pleno dia;Decrescente;C�u Claro;M�ltipla;Reta;N�o;2;0;2;0;0;0;2;1;-28,68663118;-49,15416241;SPRF-SC;DEL02-SC;UOP01-DEL02-SC;;;
669258;24/03/2025;segunda-feira;08:00:00;MG;40;654,6;CRISTIANO OTONI;Acumulo de �gua sobre o pavimento;Sa�da de leito carro��vel;Com V�timas Feridas;Pleno dia;Decrescente;Chuva;Dupla;Curva;N�o;1;0;1;0;0;0;1;1;-20,86631;-43,796853;SPRF-MG;DEL05-MG;UOP02-DEL05-MG;;;
669259;24/03/2025;segunda-feira;10:45:00;PR;277;729;FOZ DO IGUACU;Acesso irregular;Colis�o transversal;Com V�timas Feridas;Pleno dia;Decrescente;C�u Claro;Dupla;"Viaduto;Reta";Sim;2;0;0;1;1;0;1;2;-25,50736187;-54,58462531;SPRF-PR;DEL05-PR;UOP03-DEL05-PR;;;
669260;24/03/2025;segunda-feira;10:30:00;MG;381;430;SABARA;Velocidade Incompat�vel;Sa�da de leito carro��vel;Com V�timas Feridas;Pleno dia;Crescente;Chuva;Simples;"Curva;Declive";N�o;1;0;0;1;0;0;1;1;-19,78692;-43,70144;SPRF-MG;DEL01-MG;UOP01-DEL01-MG;;;
669262;08/03/2025;s�bado;15:05:00;PB;230;7;CABEDELO;Aus�ncia de rea��o do condutor;Colis�o traseira;Com V�timas Feridas;Pleno dia;Crescente;C�u Claro;Simples;Reta;Sim;2;0;1;0;1;0;1;2;-7,02935764;-34,84011769;SPRF-PB;DEL01-PB;UOP01-DEL01-PB;;;
669265;24/03/2025;segunda-feira;09:46:00;MT;364;336,5;SANTO ANTONIO DO LEVERGER;Demais falhas mec�nicas ou el�tricas;Inc�ndio;Sem V�timas;Pleno dia;Decrescente;Nublado;Dupla;Reta;N�o;1;0;0;0;1;0;0;1;-15,83561357;-55,47671408;SPRF-MT;DEL05-MT;UOP02-DEL05-MT;;;
669266;24/03/2025;segunda-feira;10:40:00;PR;277;729;FOZ DO IGUACU;Ingest�o de �lcool pelo condutor;Colis�o com objeto;Com V�timas Feridas;Pleno dia;Decrescente;Sol;Dupla;"Reta;Viaduto";Sim;2;0;0;1;1;0;1;2;-25,50737892;-54,58458208;SPRF-PR;DEL05-PR;UOP03-DEL05-PR;;;
669267;24/03/2025;segunda-feira;11:45:00;RS;116;242,8;SAO LEOPOLDO;Manobra de mudan�a de faixa;Colis�o lateral mesmo sentido;Com V�timas Feridas;Pleno dia;Decrescente;C�u Claro;M�ltipla;Reta;Sim;2;0;1;0;1;0;1;2;-29,73123152;-51,14922702;SPRF-RS;DEL01-RS;UOP02-DEL01-RS;;;
669270;24/03/2025;segunda-feira;11:00:00;BA;101;586;CAMACAN;Acesso irregular;Colis�o transversal;Com V�timas Feridas;Pleno dia;Decrescente;Garoa/Chuvisco;Simples;Reta;N�o;3;0;2;0;1;0;2;2;-15,5418;-39,4553;SPRF-BA;DEL05-BA;UOP02-DEL05-BA;;;
669271;21/03/2025;sexta-feira;01:00:00;RJ;356;57;ITAPERUNA;Animais na Pista;Atropelamento de Animal;Com V�timas Feridas;Plena Noite;Crescente;Nublado;Simples;Reta;N�o;1;0;1;0;0;0;1;1;-21,29143178;-41,71199061;SPRF-RJ;DEL08-RJ;UOP03-DEL08-RJ;;;
669274;24/03/2025;segunda-feira;12:04:00;MS;376;49,1;JATEI;Ingest�o de �lcool pelo condutor;Sa�da de leito carro��vel;Com V�timas Feridas;Pleno dia;Decrescente;C�u Claro;Simples;Reta;N�o;1;0;1;0;0;0;1;1;-22,454486;-54,322243;SPRF-MS;DEL04-MS;UOP01-DEL04-MS;;;
669275;16/03/2025;domingo;15:25:00;BA;101;283;LAJE;Aus�ncia de rea��o do condutor;Sa�da de leito carro��vel;Com V�timas Feridas;Pleno dia;Decrescente;C�u Claro;Simples;Curva;N�o;2;0;1;0;1;0;1;1;-13,13831539;-39,29397091;SPRF-BA;DEL01-BA;UOP02-DEL01-BA;;;
669276;24/03/2025;segunda-feira;11:00:00;BA;20;184;LUIS EDUARDO MAGALHAES;Mal s�bito do condutor;Colis�o frontal;Com V�timas Feridas;Pleno dia;Crescente;Nublado;Simples;Reta;Sim;4;0;2;0;2;0;2;2;-12,33583074;-45,8556235;SPRF-BA;DEL10-BA;UOP01-DEL10-BA;;;
669277;24/03/2025;segunda-feira;13:20:00;PB;230;16;JOAO PESSOA;Rea��o tardia ou ineficiente do condutor;Colis�o traseira;Com V�timas Feridas;Pleno dia;Decrescente;Sol;Dupla;"Aclive;Reta";Sim;3;0;2;0;1;0;2;2;-7,106997;-34,84376;SPRF-PB;DEL01-PB;UOP01-DEL01-PB;;;
669279;24/03/2025;segunda-feira;13:00:00;SP;488;3,5;APARECIDA;Mal s�bito do condutor;Colis�o traseira;Com V�timas Feridas;Pleno dia;Decrescente;C�u Claro;Dupla;Reta;N�o;3;0;1;0;0;2;1;3;-22,86683171;-45,25576808;SPRF-SP;DEL08-SP;UOP01-DEL08-SP;;;
669280;24/03/2025;segunda-feira;13:30:00;SC;282;16,1;PALHOCA;Aus�ncia de rea��o do condutor;Colis�o traseira;Com V�timas Feridas;Pleno dia;Crescente;C�u Claro;Simples;Reta;Sim;2;0;0;1;1;0;1;2;-27,659585;-48,682758;SPRF-SC;DEL01-SC;UOP02-DEL01-SC;;;
669281;24/03/2025;segunda-feira;12:15:00;RJ;40;52,2;PETROPOLIS;Velocidade Incompat�vel;Colis�o com objeto;Com V�timas Feridas;Pleno dia;Decrescente;C�u Claro;Dupla;Curva;N�o;5;0;2;0;3;0;2;1;-22,2824916;-43,1192882;SPRF-RJ;DEL05-RJ;UOP02-DEL05-RJ;;;
669282;07/03/2025;sexta-feira;09:30:00;MG;116;95;MEDINA;Aus�ncia de rea��o do condutor;Queda de ocupante de ve�culo;Com V�timas Feridas;Pleno dia;Decrescente;C�u Claro;Simples;Curva;N�o;1;0;0;1;0;0;1;1;-16,39353293;-41,47322739;SPRF-MG;DEL11-MG;UOP02-DEL11-MG;;;
669283;24/03/2025;segunda-feira;13:00:00;MG;381;495,2;BETIM;Ingest�o de subst�ncias psicoativas pelo condutor;Colis�o com objeto;Sem V�timas;Pleno dia;Decrescente;Chuva;Dupla;Curva;Sim;1;0;0;0;0;1;0;1;-19,97430672;-44,1856277;SPRF-MG;DEL01-MG;UOP03-DEL01-MG;;;
669284;24/03/2025;segunda-feira;12:30:00;MT;163;645;LUCAS DO RIO VERDE;Rea��o tardia ou ineficiente do condutor;Sa�da de leito carro��vel;Com V�timas Feridas;Pleno dia;Decrescente;C�u Claro;Simples;Reta;N�o;3;0;1;0;1;1;1;2;-13,416947;-56,081177;SPRF-MT;DEL06-MT;UOP01-DEL06-MT;;;
669286;24/03/2025;segunda-feira;10:00:00;RJ;101;384;RIO DE JANEIRO;Condutor deixou de manter dist�ncia do ve�culo da frente;Colis�o traseira;Com V�timas Feridas;Pleno dia;Crescente;Nublado;Dupla;Reta;Sim;4;0;2;0;2;0;2;2;-22,87998889;-43,62717368;SPRF-RJ;DEL03-RJ;UOP01-DEL03-RJ;;;
669287;24/03/2025;segunda-feira;12:20:00;PR;163;212,4;CASCAVEL;Velocidade Incompat�vel;Tombamento;Com V�timas Feridas;Pleno dia;Crescente;C�u Claro;Dupla;Reta;N�o;1;0;0;1;0;0;1;1;-24,9838886;-53,373189;SPRF-PR;DEL04-PR;UOP01-DEL04-PR;;;
669289;24/03/2025;segunda-feira;08:30:00;SC;101;17;GARUVA;Demais falhas mec�nicas ou el�tricas;Tombamento;Com V�timas Feridas;Pleno dia;Decrescente;Sol;Dupla;Reta;N�o;2;0;2;0;0;0;2;1;-26,12264849;-48,88348058;SPRF-SC;DEL03-SC;UOP01-DEL03-SC;;;
669290;24/03/2025;segunda-feira;14:20:00;RS;285;303;PASSO FUNDO;Condutor deixou de manter dist�ncia do ve�culo da frente;Colis�o traseira;Com V�timas Feridas;Pleno dia;Crescente;Nublado;Simples;"Reta;Interse��o de Vias";N�o;2;0;1;0;1;0;1;2;-28,22261641;-52,46926362;SPRF-RS;DEL08-RS;UOP03-DEL08-RS;;;
669292;24/03/2025;segunda-feira;12:40:00;ES;101;281;CARIACICA;Acessar a via sem observar a presen�a dos outros ve�culos;Colis�o frontal;Com V�timas Feridas;Pleno dia;Crescente;C�u Claro;Simples;"Reta;Interse��o de Vias";Sim;2;0;1;0;1;0;1;2;-20,227768;-40,366113;SPRF-ES;DEL02-ES;UOP01-DEL02-ES;;;
669293;24/03/2025;segunda-feira;13:00:00;RJ;393;171;PARAIBA DO SUL;Transitar na contram�o;Colis�o frontal;Com V�timas Fatais;Pleno dia;Decrescente;C�u Claro;Simples;Reta;N�o;3;1;0;0;2;0;0;2;-22,1433827;-43,2875605;SPRF-RJ;DEL05-RJ;UOP03-DEL05-RJ;;;
669294;24/03/2025;segunda-feira;14:30:00;SP;381;36;ATIBAIA;Avarias e/ou desgaste excessivo no pneu;Queda de ocupante de ve�culo;Com V�timas Feridas;Pleno dia;Decrescente;C�u Claro;Dupla;"Reta;Interse��o de Vias;Aclive";N�o;2;0;2;0;0;0;2;1;-23,10065366;-46,56902919;SPRF-SP;DEL03-SP;UOP01-DEL03-SP;;;
669296;24/03/2025;segunda-feira;10:45:00;MG;262;440;NOVA SERRANA;Chuva;Colis�o traseira;Com V�timas Feridas;Pleno dia;Crescente;Chuva;Dupla;Reta;Sim;2;0;0;1;1;0;1;2;-19,88607114;-44,89407411;SPRF-MG;DEL08-MG;UOP03-DEL08-MG;;;
669297;24/03/2025;segunda-feira;14:33:00;RN;406;167;MACAU;Aus�ncia de rea��o do condutor;Tombamento;Com V�timas Feridas;Pleno dia;Crescente;C�u Claro;Dupla;Reta;N�o;1;0;1;0;0;0;1;1;-5,148697;-36,604816;SPRF-RN;DEL02-RN;UOP01-DEL02-RN;;;
669299;24/03/2025;segunda-feira;12:30:00;MG;40;697,4;BARBACENA;Acumulo de �gua sobre o pavimento;Colis�o frontal;Com V�timas Feridas;Pleno dia;Crescente;Chuva;Simples;Curva;N�o;2;0;1;0;0;1;1;2;-21,1834895;-43,7532179;SPRF-MG;DEL05-MG;UOP02-DEL05-MG;;;
669300;24/03/2025;segunda-feira;12:50:00;AP;210;42;MACAPA;Pista Escorregadia;Sa�da de leito carro��vel;Com V�timas Feridas;Pleno dia;Crescente;Ignorado;Simples;Curva;N�o;1;0;1;0;0;0;1;1;0,35904173;-51,0739875;SPRF-AP;DEL01-AP;UOP01-DEL01-AP;;;
669301;24/03/2025;segunda-feira;15:10:00;TO;153;140;ARAGUAINA;Acessar a via sem observar a presen�a dos outros ve�culos;Colis�o transversal;Com V�timas Feridas;Pleno dia;Crescente;C�u Claro;M�ltipla;Retorno Regulamentado;Sim;2;0;1;0;1;0;1;2;-7,17317336;-48,21652651;SPRF-TO;DEL02-TO;UOP01-DEL02-TO;;;
669302;24/03/2025;segunda-feira;13:21:00;MT;70;2,3;BARRA DO GARCAS;Ultrapassagem Indevida;Colis�o lateral mesmo sentido;Com V�timas Feridas;Pleno dia;Decrescente;Nublado;Simples;"Reta;Declive";Sim;1;0;1;0;0;0;1;1;-15,8494801;-52,2975092;SPRF-MT;DEL07-MT;UOP01-DEL07-MT;;;
669304;24/03/2025;segunda-feira;13:15:00;AL;316;269,8;MACEIO;Acessar a via sem observar a presen�a dos outros ve�culos;Colis�o frontal;Sem V�timas;Pleno dia;Decrescente;C�u Claro;Simples;"Interse��o de Vias;Curva";Sim;2;0;0;0;1;1;0;2;-9,5680981;-35,80786;SPRF-AL;DEL02-AL;UOP01-DEL02-AL;;;
669305;24/03/2025;segunda-feira;15:30:00;TO;153;765;ALVORADA;Aus�ncia de rea��o do condutor;Sa�da de leito carro��vel;Com V�timas Feridas;Pleno dia;Decrescente;C�u Claro;Simples;Reta;N�o;2;0;2;0;0;0;2;1;-12,25466733;-49,15815353;SPRF-TO;DEL01-TO;UOP02-DEL01-TO;;;
669306;24/03/2025;segunda-feira;10:45:00;RO;174;13;VILHENA;Condutor desrespeitou a ilumina��o vermelha do sem�foro;Colis�o transversal;Com V�timas Feridas;Pleno dia;Decrescente;Nublado;Dupla;Interse��o de Vias;Sim;3;0;2;0;1;0;2;2;-12,73407964;-60,14881611;SPRF-RO;DEL04-RO;UOP01-DEL04-RO;;;
669308;24/03/2025;segunda-feira;12:58:00;MG;381;568,4;ITAGUARA;Velocidade Incompat�vel;Sa�da de leito carro��vel;Com V�timas Feridas;Pleno dia;Crescente;Nublado;Dupla;Curva;N�o;2;0;2;0;0;0;2;1;-20,40719475;-44,52448726;SPRF-MG;DEL04-MG;UOP03-DEL04-MG;;;
669309;24/03/2025;segunda-feira;13:40:00;RO;364;11;VILHENA;Desrespeitar a prefer�ncia no cruzamento;Colis�o lateral sentido oposto;Com V�timas Feridas;Pleno dia;Decrescente;Nublado;Dupla;Reta;Sim;2;0;1;0;1;0;1;2;-12,7533056;-60,2570752;SPRF-RO;DEL04-RO;UOP01-DEL04-RO;;;
669311;24/03/2025;segunda-feira;14:30:00;SC;280;28;ARAQUARI;Transitar no Acostamento;Colis�o transversal;Com V�timas Feridas;Pleno dia;Crescente;C�u Claro;Simples;Reta;Sim;2;0;1;0;1;0;1;2;-26,43345695;-48,73260498;SPRF-SC;DEL03-SC;UOP03-DEL03-SC;;;
669313;02/03/2025;domingo;17:45:00;PR;277;517,9;GUARANIACU;Acessar a via sem observar a presen�a dos outros ve�culos;Colis�o transversal;Com V�timas Fatais;Pleno dia;Crescente;C�u Claro;Simples;Reta;Sim;5;1;1;3;0;0;4;2;-25,11000517;-52,85260677;SPRF-PR;DEL04-PR;UOP04-DEL04-PR;;;
669315;24/03/2025;segunda-feira;16:20:00;CE;116;10;FORTALEZA;Manobra de mudan�a de faixa;Colis�o lateral mesmo sentido;Com V�timas Feridas;Pleno dia;Decrescente;C�u Claro;M�ltipla;Reta;N�o;2;0;1;0;1;0;1;2;-3,8399187;-38,5006297;SPRF-CE;DEL01-CE;UOP02-DEL01-CE;;;
669316;24/03/2025;segunda-feira;15:10:00;PI;316;6,8;TERESINA;Rea��o tardia ou ineficiente do condutor;Colis�o traseira;Com V�timas Feridas;Pleno dia;Crescente;Sol;M�ltipla;Interse��o de Vias;Sim;2;0;1;0;1;0;1;2;-5,15395;-42,77255;SPRF-PI;DEL01-PI;UOP02-DEL01-PI;;;
669317;24/03/2025;segunda-feira;16:20:00;MG;381;429;SABARA;Rea��o tardia ou ineficiente do condutor;Sa�da de leito carro��vel;Com V�timas Feridas;Pleno dia;Crescente;Garoa/Chuvisco;Simples;Curva;N�o;2;0;1;0;0;1;1;2;-19,78777295;-43,69101394;SPRF-MG;DEL01-MG;UOP01-DEL01-MG;;;
669319;24/03/2025;segunda-feira;16:50:00;SP;381;32;ATIBAIA;Objeto est�tico sobre o leito carro��vel;Colis�o com objeto;Com V�timas Feridas;Pleno dia;Decrescente;C�u Claro;Dupla;Reta;Sim;1;0;1;0;0;0;1;1;-23,055109;-46,569973;SPRF-SP;DEL03-SP;UOP02-DEL03-SP;;;
669320;24/03/2025;segunda-feira;11:30:00;MT;163;834;SINOP;Aus�ncia de rea��o do condutor;Queda de ocupante de ve�culo;Com V�timas Feridas;Pleno dia;Crescente;C�u Claro;Simples;Curva;N�o;2;0;2;0;0;0;2;1;-11,893977;-55,50351;SPRF-MT;DEL06-MT;UOP02-DEL06-MT;;;
669321;24/03/2025;segunda-feira;14:00:00;SC;282;228,5;LAGES;Acessar a via sem observar a presen�a dos outros ve�culos;Colis�o frontal;Com V�timas Feridas;Pleno dia;Crescente;C�u Claro;Simples;"Curva;Declive;Interse��o de Vias";N�o;5;0;5;0;0;0;5;2;-27,790088;-50,40955;SPRF-SC;DEL05-SC;UOP02-DEL05-SC;;;
669322;24/03/2025;segunda-feira;17:20:00;RS;290;92;PORTO ALEGRE;Rea��o tardia ou ineficiente do condutor;Colis�o traseira;Com V�timas Feridas;Pleno dia;Decrescente;C�u Claro;M�ltipla;Reta;Sim;2;0;1;0;1;0;1;2;-29,96969496;-51,17650509;SPRF-RS;DEL01-RS;UOP01-DEL01-RS;;;
669323;24/03/2025;segunda-feira;07:45:00;SC;282;472,5;VARGEAO;Acessar a via sem observar a presen�a dos outros ve�culos;Colis�o transversal;Com V�timas Feridas;Pleno dia;Crescente;C�u Claro;Simples;"Reta;Interse��o de Vias";N�o;2;0;0;1;1;0;1;2;-26,863052;-52,126753;SPRF-SC;DEL07-SC;UOP01-DEL07-SC;;;
669324;24/03/2025;segunda-feira;16:20:00;PR;277;14,1;PARANAGUA;Rea��o tardia ou ineficiente do condutor;Sa�da de leito carro��vel;Com V�timas Feridas;Pleno dia;Decrescente;C�u Claro;Dupla;Reta;N�o;2;0;2;0;0;0;2;1;-25,55434035;-48,6611791;SPRF-PR;DEL01-PR;UOP05-DEL01-PR;;;
669325;24/03/2025;segunda-feira;17:50:00;RN;101;73;EXTREMOZ;Velocidade Incompat�vel;Queda de ocupante de ve�culo;Com V�timas Feridas;Plena Noite;Crescente;C�u Claro;Simples;Reta;N�o;1;0;1;0;0;0;1;1;-5,66921205;-35,2565155;SPRF-RN;DEL02-RN;UOP01-DEL02-RN;;;
669327;24/03/2025;segunda-feira;17:00:00;RS;287;528;SAO BORJA;Aus�ncia de rea��o do condutor;Colis�o traseira;Com V�timas Feridas;Pleno dia;Decrescente;C�u Claro;Simples;Reta;N�o;3;0;0;1;1;1;1;3;-28,69082912;-55,91753298;SPRF-RS;DEL12-RS;UOP01-DEL12-RS;;;
669330;24/03/2025;segunda-feira;17:00:00;BA;235;350;JUAZEIRO;Rea��o tardia ou ineficiente do condutor;Colis�o traseira;Sem V�timas;Anoitecer;Decrescente;C�u Claro;Dupla;Reta;N�o;2;0;0;0;2;0;0;2;-9,429662;-40,504115;SPRF-PE;DEL06-PE;UOP01-DEL06-PE;;;
669332;24/03/2025;segunda-feira;14:50:00;RJ;465;21;NOVA IGUACU;Trafegar com motocicleta (ou similar) entre as faixas;Colis�o transversal;Com V�timas Feridas;Pleno dia;Decrescente;C�u Claro;Simples;Reta;Sim;2;0;1;0;1;0;1;2;-22,84934285;-43,603184;SPRF-RJ;DEL06-RJ;UOP02-DEL06-RJ;;;
669334;24/03/2025;segunda-feira;16:32:00;SP;116;360,5;MIRACATU;Aus�ncia de rea��o do condutor;Sa�da de leito carro��vel;Com V�timas Feridas;Pleno dia;Decrescente;Nublado;Dupla;"Curva;Aclive";N�o;1;0;1;0;0;0;1;1;-24,116;-47,27;SPRF-SP;DEL04-SP;UOP03-DEL04-SP;;;
669335;24/03/2025;segunda-feira;17:40:00;SC;470;138;RIO DO SUL;Trafegar com motocicleta (ou similar) entre as faixas;Colis�o transversal;Com V�timas Feridas;Pleno dia;Decrescente;C�u Claro;Simples;"Reta;Interse��o de Vias";Sim;2;0;1;0;1;0;1;2;-27,1967535;-49,62757766;SPRF-SC;DEL04-SC;UOP02-DEL04-SC;;;
669336;24/03/2025;segunda-feira;17:30:00;RJ;493;19,7;MAGE;Aus�ncia de rea��o do condutor;Colis�o transversal;Com V�timas Feridas;Anoitecer;Crescente;Nublado;Simples;"Rotat�ria;Desvio Tempor�rio;Reta;Em Obras";N�o;2;0;1;0;1;0;1;2;-22,66358566;-43,03435737;SPRF-RJ;DEL04-RJ;UOP02-DEL04-RJ;;;
669337;24/03/2025;segunda-feira;16:30:00;PR;476;192;LAPA;Demais falhas mec�nicas ou el�tricas;Inc�ndio;Sem V�timas;Pleno dia;Decrescente;C�u Claro;Simples;"Reta;Aclive";N�o;1;0;0;0;1;0;0;1;-25,77600354;-49,8222819;SPRF-PR;DEL01-PR;UOP06-DEL01-PR;;;
669338;24/03/2025;segunda-feira;17:20:00;SC;282;3;FLORIANOPOLIS;Trafegar com motocicleta (ou similar) entre as faixas;Tombamento;Com V�timas Feridas;Anoitecer;Crescente;Nublado;Dupla;Reta;Sim;2;0;0;1;0;1;1;2;-27,60314182;-48,59060884;SPRF-SC;DEL01-SC;UOP01-DEL01-SC;;;
669339;24/03/2025;segunda-feira;07:20:00;SC;280;31;ARAQUARI;Aus�ncia de rea��o do condutor;Queda de ocupante de ve�culo;Com V�timas Feridas;Pleno dia;Decrescente;C�u Claro;Simples;"Reta;Interse��o de Vias";N�o;1;0;0;1;0;0;1;1;-26,41647024;-48,77137899;SPRF-SC;DEL03-SC;UOP03-DEL03-SC;;;
669340;24/03/2025;segunda-feira;17:30:00;ES;101;141;LINHARES;Aus�ncia de rea��o do condutor;Colis�o traseira;Com V�timas Feridas;Plena Noite;Crescente;C�u Claro;Dupla;Reta;Sim;2;0;1;0;1;0;1;2;-19,33557995;-40,06709576;SPRF-ES;DEL04-ES;UOP01-DEL04-ES;;;
669341;24/03/2025;segunda-feira;17:58:00;PE;101;70;RECIFE;Rea��o tardia ou ineficiente do condutor;Tombamento;Com V�timas Feridas;Plena Noite;Decrescente;C�u Claro;Dupla;Reta;Sim;2;0;2;0;0;0;2;1;-8,070148;-34,939816;SPRF-PE;DEL01-PE;UOP01-DEL01-PE;;;