id;data_inversa;dia_semana;horario;uf;br;km;municipio;causa_acidente;tipo_acidente;classificacao_acidente;fase_dia;sentido_via;condicao_metereologica;tipo_pista;tracado_via;uso_solo;pessoas;mortos;feridos_leves;feridos_graves;ilesos;ignorados;feridos;veiculos;latitude;longitude;regional;delegacia;uop;;;
669342;24/03/2025;segunda-feira;15:00:00;MT;70;673;CACERES;Velocidade Incompat�vel;Sa�da de leito carro��vel;Sem V�timas;Pleno dia;Decrescente;Ignorado;Simples;Curva;N�o;1;0;0;0;0;1;0;1;-16,139725;-57,330661;SPRF-MT;DEL03-MT;UOP02-DEL03-MT;;;
669343;24/03/2025;segunda-feira;17:55:00;DF;40;1;BRASILIA;Acumulo de �gua sobre o pavimento;Tombamento;Com V�timas Feridas;Anoitecer;Crescente;Chuva;Dupla;Reta;Sim;1;0;1;0;0;0;1;1;-15,985917;-47,987758;SPRF-DF;DEL01-DF;UOP01-DEL01-DF;;;
669346;24/03/2025;segunda-feira;17:50:00;PE;101;61,8;RECIFE;Avarias e/ou desgaste excessivo no pneu;Queda de ocupante de ve�culo;Com V�timas Feridas;Anoitecer;Crescente;C�u Claro;Dupla;Reta;Sim;2;0;0;1;1;0;1;1;-7,99708;-34,93953;SPRF-PE;DEL01-PE;UOP02-DEL01-PE;;;
669348;24/03/2025;segunda-feira;18:13:00;CE;116;16;FORTALEZA;Pedestre cruzava a pista fora da faixa;Atropelamento de Pedestre;Com V�timas Feridas;Plena Noite;Decrescente;Nublado;Dupla;Reta;Sim;3;0;1;1;1;0;2;2;-3,886508;-38,501423;SPRF-CE;DEL01-CE;UOP02-DEL01-CE;;;
669349;24/03/2025;segunda-feira;17:50:00;PR;277;596,5;CASCAVEL;Condutor deixou de manter dist�ncia do ve�culo da frente;Colis�o traseira;Com V�timas Feridas;Pleno dia;Decrescente;C�u Claro;Simples;Reta;Sim;2;0;0;1;1;0;1;2;-24,991895;-53,51075;SPRF-PR;DEL04-PR;UOP01-DEL04-PR;;;
669350;24/03/2025;segunda-feira;17:57:00;RN;101;101,1;PARNAMIRIM;Manobra de mudan�a de faixa;Colis�o traseira;Com V�timas Feridas;Pleno dia;Decrescente;C�u Claro;Dupla;"Curva;T�nel";Sim;2;0;1;0;1;0;1;2;-5,887287;-35,232698;SPRF-RN;DEL01-RN;UOP01-DEL01-RN;;;
669352;24/03/2025;segunda-feira;17:00:00;RJ;40;84;PETROPOLIS;Pista Escorregadia;Capotamento;Com V�timas Feridas;Anoitecer;Crescente;Chuva;Simples;Curva;N�o;3;0;1;0;2;0;1;1;-22,51055487;-43,23063937;SPRF-RJ;DEL01-RJ;UOP01-DEL01-RJ;;;
669353;24/03/2025;segunda-feira;18:20:00;ES;101;289;CARIACICA;Condutor deixou de manter dist�ncia do ve�culo da frente;Colis�o lateral mesmo sentido;Com V�timas Feridas;Plena Noite;Crescente;C�u Claro;Dupla;Reta;N�o;2;0;0;1;1;0;1;2;-20,28570697;-40,39260864;SPRF-ES;DEL01-ES;UOP01-DEL01-ES;;;
669355;24/03/2025;segunda-feira;18:42:00;SE;101;92;NOSSA SENHORA DO SOCORRO;Condutor deixou de manter dist�ncia do ve�culo da frente;Colis�o traseira;Sem V�timas;Plena Noite;Crescente;C�u Claro;Dupla;Reta;Sim;4;0;0;0;4;0;0;2;-10,9007392;-37,13928223;SPRF-SE;DEL01-SE;UOP01-DEL01-SE;;;
669356;24/03/2025;segunda-feira;19:00:00;SC;101;218,8;PALHOCA;Manobra de mudan�a de faixa;Queda de ocupante de ve�culo;Com V�timas Feridas;Plena Noite;Crescente;C�u Claro;Dupla;Reta;Sim;1;0;1;0;0;0;1;1;-27,68269;-48,667858;SPRF-SC;DEL01-SC;UOP02-DEL01-SC;;;
669357;24/03/2025;segunda-feira;18:30:00;RJ;0;0;RIO DE JANEIRO;Acumulo de areia ou detritos sobre o pavimento;Colis�o frontal;Sem V�timas;Plena Noite;N�o Informado;Chuva;Simples;"Rotat�ria;Aclive;Curva";Sim;3;0;0;0;3;0;0;1;-22,80886;-43,341883;SPRF-RJ;N/A;N/A;;;
669358;24/03/2025;segunda-feira;17:14:00;PR;163;26,7;SANTO ANTONIO DO SUDOESTE;Desrespeitar a prefer�ncia no cruzamento;Colis�o transversal;Com V�timas Feridas;Pleno dia;Crescente;C�u Claro;Simples;Rotat�ria;N�o;4;0;2;0;2;0;2;2;-26,119194;-53,679631;SPRF-PR;DEL02-PR;UOP02-DEL02-PR;;;
669359;24/03/2025;segunda-feira;17:15:00;BA;116;632;JAGUAQUARA;Acessar a via sem observar a presen�a dos outros ve�culos;Colis�o transversal;Sem V�timas;Plena Noite;Crescente;C�u Claro;Simples;Reta;Sim;2;0;0;0;1;1;0;2;-13,51788426;-40,0584132;SPRF-BA;DEL03-BA;UOP01-DEL03-BA;;;
669362;24/03/2025;segunda-feira;18:50:00;SE;235;12;NOSSA SENHORA DO SOCORRO;Rea��o tardia ou ineficiente do condutor;Colis�o lateral mesmo sentido;Com V�timas Feridas;Plena Noite;Crescente;Ignorado;M�ltipla;"Declive;Curva";N�o;3;0;3;0;0;0;3;2;-10,88412794;-37,13116754;SPRF-SE;DEL01-SE;UOP01-DEL01-SE;;;
669364;06/03/2025;quinta-feira;08:40:00;MG;459;48,6;SANTA RITA DE CALDAS;Mal s�bito do condutor;Sa�da de leito carro��vel;Com V�timas Fatais;Pleno dia;Decrescente;C�u Claro;Simples;Reta;N�o;4;1;0;0;0;3;0;2;-22,032092;-46,30057;SPRF-MG;DEL09-MG;UOP01-DEL09-MG;;;
669365;24/03/2025;segunda-feira;19:55:00;SC;101;117;ITAJAI;Aus�ncia de rea��o do condutor;Colis�o lateral mesmo sentido;Com V�timas Feridas;Plena Noite;Decrescente;C�u Claro;Dupla;"Rotat�ria;Reta";Sim;2;0;1;0;1;0;1;2;-26,88903979;-48,72573853;SPRF-SC;DEL04-SC;UOP04-DEL04-SC;;;
669366;24/03/2025;segunda-feira;11:00:00;SC;282;6;SAO JOSE;Demais falhas mec�nicas ou el�tricas;Queda de ocupante de ve�culo;Com V�timas Feridas;Pleno dia;Decrescente;C�u Claro;Dupla;Curva;N�o;1;0;1;0;0;0;1;1;-27,58668713;-48,61639911;SPRF-SC;DEL01-SC;UOP01-DEL01-SC;;;
669367;24/03/2025;segunda-feira;20:10:00;RN;304;283,7;MACAIBA;Entrada inopinada do pedestre;Atropelamento de Pedestre;Com V�timas Fatais;Plena Noite;Decrescente;C�u Claro;Dupla;"Retorno Regulamentado;Reta";N�o;5;1;0;0;4;0;0;2;-5,880495;-35,459942;SPRF-RN;DEL01-RN;UOP02-DEL01-RN;;;
669368;24/03/2025;segunda-feira;18:40:00;RO;364;710;PORTO VELHO;Condutor deixou de manter dist�ncia do ve�culo da frente;Colis�o traseira;Com V�timas Feridas;Anoitecer;Crescente;C�u Claro;Dupla;Reta;Sim;3;0;1;0;2;0;1;2;-8,7842203;-63,8606252;SPRF-RO;DEL01-RO;UOP01-DEL01-RO;;;
669370;24/03/2025;segunda-feira;17:00:00;PR;376;659,6;TIJUCAS DO SUL;Demais falhas mec�nicas ou el�tricas;Inc�ndio;Sem V�timas;Pleno dia;Decrescente;C�u Claro;Simples;"Reta;Aclive";N�o;3;0;0;0;3;0;0;1;-25,850642;-48,994354;SPRF-PR;DEL01-PR;UOP04-DEL01-PR;;;
669371;24/03/2025;segunda-feira;18:30:00;PR;153;103,7;IBAITI;Rea��o tardia ou ineficiente do condutor;Colis�o traseira;Com V�timas Feridas;Anoitecer;Crescente;C�u Claro;Simples;Reta;N�o;2;0;0;1;1;0;1;2;-23,80194;-50,17938;SPRF-PR;DEL07-PR;UOP04-DEL07-PR;;;
669372;24/03/2025;segunda-feira;20:30:00;RJ;101;65;CAMPOS DOS GOYTACAZES;Acessar a via sem observar a presen�a dos outros ve�culos;Colis�o transversal;Com V�timas Feridas;Plena Noite;Decrescente;Chuva;Simples;Reta;Sim;2;0;2;0;0;0;2;2;-21,753784;-41,344082;SPRF-RJ;DEL08-RJ;UOP02-DEL08-RJ;;;
669373;24/03/2025;segunda-feira;20:38:00;ES;101;314;VILA VELHA;Rea��o tardia ou ineficiente do condutor;Queda de ocupante de ve�culo;Com V�timas Feridas;Plena Noite;Decrescente;Ignorado;Dupla;Reta;N�o;1;0;1;0;0;0;1;1;-20,46473;-40,46539;SPRF-ES;DEL01-ES;UOP01-DEL01-ES;;;
669375;24/03/2025;segunda-feira;16:00:00;MG;354;730,7;POUSO ALTO;Transitar na contram�o;Colis�o transversal;Com V�timas Feridas;Pleno dia;Crescente;Nublado;Simples;"Declive;Curva";N�o;5;0;1;0;4;0;1;2;-22,164734;-44,962977;SPRF-MG;DEL17-MG;UOP01-DEL17-MG;;;
669376;24/03/2025;segunda-feira;19:10:00;RJ;493;53;DUQUE DE CAXIAS;Rea��o tardia ou ineficiente do condutor;Capotamento;Com V�timas Feridas;Plena Noite;Crescente;Chuva;Dupla;Reta;N�o;3;0;1;0;2;0;1;2;-22,66560084;-43,32645178;SPRF-RJ;DEL01-RJ;UOP03-DEL01-RJ;;;
669378;24/03/2025;segunda-feira;20:15:00;RS;116;329;BARRA DO RIBEIRO;Ingest�o de �lcool pelo condutor;Sa�da de leito carro��vel;Sem V�timas;Plena Noite;Decrescente;C�u Claro;Dupla;"Rotat�ria;Retorno Regulamentado";N�o;1;0;0;0;1;0;0;1;-30,39083545;-51,43426147;SPRF-RS;DEL02-RS;UOP02-DEL02-RS;;;
669379;24/03/2025;segunda-feira;17:55:00;SC;101;296;IMBITUBA;Rea��o tardia ou ineficiente do condutor;Colis�o com objeto;Com V�timas Feridas;Anoitecer;Decrescente;C�u Claro;Dupla;Reta;N�o;1;0;1;0;0;0;1;1;-28,32961;-48,732133;SPRF-SC;DEL02-SC;UOP03-DEL02-SC;;;
669380;24/03/2025;segunda-feira;19:15:00;RO;364;425,4;JARU;Acessar a via sem observar a presen�a dos outros ve�culos;Colis�o transversal;Com V�timas Feridas;Anoitecer;Decrescente;Chuva;Simples;Interse��o de Vias;N�o;2;0;1;0;1;0;1;2;-10,4360186;-62,47443784;SPRF-RO;DEL03-RO;UOP02-DEL03-RO;;;
669383;24/03/2025;segunda-feira;19:50:00;MT;70;295;PRIMAVERA DO LESTE;Demais falhas mec�nicas ou el�tricas;Tombamento;Com V�timas Feridas;Plena Noite;Crescente;Nublado;Simples;Reta;N�o;1;0;1;0;0;0;1;1;-15,57971862;-54,41905975;SPRF-MT;DEL05-MT;UOP01-DEL05-MT;;;
669384;24/03/2025;segunda-feira;18:00:00;MG;153;237;FRONTEIRA;Aus�ncia de rea��o do condutor;Sa�da de leito carro��vel;Com V�timas Feridas;Pleno dia;Decrescente;C�u Claro;Simples;Em Obras;N�o;1;0;0;1;0;0;1;1;-20,23828106;-49,15987015;SPRF-MG;DEL13-MG;UOP02-DEL13-MG;;;
669385;20/03/2025;quinta-feira;16:50:00;RJ;116;131;MAGE;Acumulo de areia ou detritos sobre o pavimento;Queda de ocupante de ve�culo;Com V�timas Feridas;Pleno dia;Decrescente;C�u Claro;Simples;Viaduto;Sim;2;0;2;0;0;0;2;1;-22,6623488;-43,0866432;SPRF-RJ;DEL04-RJ;UOP02-DEL04-RJ;;;
669387;24/03/2025;segunda-feira;18:40:00;MT;163;1066;GUARANTA DO NORTE;Acessar a via sem observar a presen�a dos outros ve�culos;Colis�o frontal;Com V�timas Feridas;Plena Noite;Crescente;Nublado;Simples;Reta;N�o;2;0;2;0;0;0;2;2;-9,93638762;-54,9041748;SPRF-MT;DEL06-MT;UOP03-DEL06-MT;;;
669389;24/03/2025;segunda-feira;20:20:00;MG;262;802,8;UBERABA;Velocidade Incompat�vel;Colis�o com objeto;Com V�timas Feridas;Plena Noite;Decrescente;C�u Claro;Dupla;Interse��o de Vias;Sim;1;0;0;1;0;0;1;1;-19,772753;-47,914353;SPRF-MG;DEL13-MG;UOP01-DEL13-MG;;;
669391;24/03/2025;segunda-feira;12:45:00;RO;425;78;NOVA MAMORE;Acumulo de �gua sobre o pavimento;Sa�da de leito carro��vel;Com V�timas Feridas;Pleno dia;Crescente;Chuva;Simples;Reta;N�o;3;0;1;0;2;0;1;1;-10,39227645;-65,32479191;SPRF-RO;DEL01-RO;UOP03-DEL01-RO;;;
669393;24/03/2025;segunda-feira;22:20:00;SC;101;88,2;BARRA VELHA;Pedestre cruzava a pista fora da faixa;Atropelamento de Pedestre;Com V�timas Fatais;Plena Noite;Crescente;Nublado;M�ltipla;Reta;Sim;2;1;0;0;0;1;0;2;-26,65149;-48,68719;SPRF-SC;DEL03-SC;UOP02-DEL03-SC;;;
669395;25/03/2025;ter�a-feira;00:01:00;RS;392;257,1;CACAPAVA DO SUL;Avarias e/ou desgaste excessivo no pneu;Tombamento;Com V�timas Feridas;Plena Noite;Crescente;C�u Claro;Simples;"Reta;Aclive";N�o;2;0;2;0;0;0;2;1;-30,5012994;-53,47595137;SPRF-RS;DEL09-RS;UOP02-DEL09-RS;;;
669399;25/03/2025;ter�a-feira;00:25:00;PR;116;130;FAZENDA RIO GRANDE;Demais falhas mec�nicas ou el�tricas;Tombamento;Com V�timas Feridas;Plena Noite;Crescente;C�u Claro;Dupla;Reta;N�o;2;0;2;0;0;0;2;1;-25,67884046;-49,31609089;SPRF-PR;DEL01-PR;UOP03-DEL01-PR;;;
669400;24/03/2025;segunda-feira;22:45:00;PR;376;3;SAO JOSE DOS PINHAIS;Condutor deixou de manter dist�ncia do ve�culo da frente;Colis�o traseira;Com V�timas Feridas;Plena Noite;Crescente;Ignorado;Dupla;Reta;Sim;3;0;1;0;2;0;1;2;-25,54688765;-49,18911327;SPRF-PR;DEL01-PR;UOP04-DEL01-PR;;;
669402;25/03/2025;ter�a-feira;00:45:00;RJ;116;319;ITATIAIA;Ingest�o de �lcool pelo condutor;Sa�da de leito carro��vel;Sem V�timas;Plena Noite;Crescente;C�u Claro;Dupla;Reta;N�o;1;0;0;0;1;0;0;1;-22,47300355;-44,52247359;SPRF-RJ;DEL07-RJ;UOP02-DEL07-RJ;;;
669403;25/03/2025;ter�a-feira;02:10:00;BA;324;525;FEIRA DE SANTANA;Condutor deixou de manter dist�ncia do ve�culo da frente;Colis�o traseira;Com V�timas Feridas;Plena Noite;Crescente;C�u Claro;Dupla;Reta;Sim;2;0;1;0;0;1;1;2;-12,30885;-38,887368;SPRF-BA;DEL01-BA;UOP03-DEL01-BA;;;
669405;25/03/2025;ter�a-feira;02:00:00;SP;116;420;JUQUIA;Aus�ncia de rea��o do condutor;Sa�da de leito carro��vel;Com V�timas Fatais;Plena Noite;Crescente;C�u Claro;Dupla;Reta;N�o;2;1;0;1;0;0;1;1;-24,3564887;-47,681749;SPRF-SP;DEL05-SP;UOP01-DEL05-SP;;;
669407;25/03/2025;ter�a-feira;01:40:00;AP;210;90;PORTO GRANDE;Transitar na contram�o;Colis�o frontal;Com V�timas Fatais;Plena Noite;Decrescente;C�u Claro;Simples;Reta;N�o;9;5;0;4;0;0;4;2;0,63684702;-51,30493105;SPRF-AP;DEL01-AP;UOP01-DEL01-AP;;;
669408;25/03/2025;ter�a-feira;04:00:00;SC;280;58;GUARAMIRIM;Demais falhas mec�nicas ou el�tricas;Colis�o com objeto;Com V�timas Feridas;Plena Noite;Decrescente;Garoa/Chuvisco;Dupla;Rotat�ria;Sim;1;0;1;0;0;0;1;1;-26,474324;-49,020004;SPRF-SC;DEL03-SC;UOP03-DEL03-SC;;;
669409;25/03/2025;ter�a-feira;04:25:00;SC;280;57;GUARAMIRIM;Rea��o tardia ou ineficiente do condutor;Queda de ocupante de ve�culo;Com V�timas Feridas;Plena Noite;Crescente;Garoa/Chuvisco;Simples;"Viaduto;Reta";Sim;2;0;2;0;0;0;2;2;-26,47731308;-49,01455142;SPRF-SC;DEL03-SC;UOP03-DEL03-SC;;;
669410;25/03/2025;ter�a-feira;05:20:00;RS;386;400,5;TRIUNFO;Velocidade Incompat�vel;Sa�da de leito carro��vel;Com V�timas Feridas;Amanhecer;Crescente;C�u Claro;Simples;Curva;N�o;1;0;1;0;0;0;1;1;-29,77892215;-51,55754305;SPRF-RS;DEL04-RS;UOP02-DEL04-RS;;;
669412;25/03/2025;ter�a-feira;05:45:00;MG;40;555,9;NOVA LIMA;Rea��o tardia ou ineficiente do condutor;Colis�o lateral mesmo sentido;Com V�timas Feridas;Pleno dia;Crescente;C�u Claro;Dupla;Reta;N�o;2;0;1;0;1;0;1;2;-20,09505484;-43,97577238;SPRF-MG;DEL01-MG;UOP02-DEL01-MG;;;
669413;24/03/2025;segunda-feira;19:40:00;GO;40;46;LUZIANIA;Defici�ncia do Sistema de Ilumina��o/Sinaliza��o;Colis�o traseira;Com V�timas Feridas;Plena Noite;Crescente;Garoa/Chuvisco;Simples;"Reta;Aclive";N�o;3;0;2;0;1;0;2;2;-16,4114;-47,823456;SPRF-DF;DEL01-DF;UOP02-DEL01-DF;;;
669415;25/03/2025;ter�a-feira;05:45:00;PR;476;154;ARAUCARIA;Rea��o tardia ou ineficiente do condutor;Colis�o traseira;Com V�timas Feridas;Plena Noite;Decrescente;Garoa/Chuvisco;Dupla;Reta;Sim;2;0;1;0;1;0;1;2;-25,58261222;-49,39928228;SPRF-PR;DEL01-PR;UOP06-DEL01-PR;;;
669416;25/03/2025;ter�a-feira;06:00:00;MG;40;521,6;CONTAGEM;Manobra de mudan�a de faixa;Colis�o lateral mesmo sentido;Com V�timas Feridas;Pleno dia;Crescente;Nublado;Dupla;Reta;N�o;3;0;1;0;2;0;1;2;-19,8609388;-44,069802;SPRF-MG;DEL01-MG;UOP02-DEL01-MG;;;
669417;25/03/2025;ter�a-feira;07:00:00;RJ;101;473;ANGRA DOS REIS;Animais na Pista;Colis�o lateral mesmo sentido;Com V�timas Feridas;Pleno dia;Decrescente;C�u Claro;Simples;Reta;Sim;2;0;1;0;1;0;1;2;-22,9895616;-44,2418114;SPRF-RJ;DEL03-RJ;UOP03-DEL03-RJ;;;
669418;25/03/2025;ter�a-feira;07:00:00;PE;407;123,3;PETROLINA;Convers�o proibida;Colis�o transversal;Com V�timas Feridas;Pleno dia;Decrescente;C�u Claro;Dupla;Reta;Sim;2;0;1;1;0;0;2;2;-9,379298;-40,5165352;SPRF-PE;DEL06-PE;UOP01-DEL06-PE;;;
669419;25/03/2025;ter�a-feira;07:05:00;SC;280;132,7;RIO NEGRINHO;Pista Escorregadia;Tombamento;Com V�timas Feridas;Pleno dia;Decrescente;C�u Claro;Simples;"Rotat�ria;Interse��o de Vias";Sim;2;0;1;0;1;0;1;1;-26,26836494;-49,55400467;SPRF-SC;DEL06-SC;UOP03-DEL06-SC;;;
669421;25/03/2025;ter�a-feira;05:30:00;MS;267;80,1;BATAGUASSU;Avarias e/ou desgaste excessivo no pneu;Sa�da de leito carro��vel;Com V�timas Feridas;Amanhecer;Decrescente;C�u Claro;Simples;Reta;N�o;1;0;1;0;0;0;1;1;-21,878096;-52,861708;SPRF-MS;DEL02-MS;UOP04-DEL02-MS;;;
669422;25/03/2025;ter�a-feira;07:35:00;SP;116;223;GUARULHOS;Rea��o tardia ou ineficiente do condutor;Colis�o traseira;Com V�timas Feridas;Pleno dia;Crescente;C�u Claro;M�ltipla;Reta;Sim;3;0;2;0;0;1;2;2;-23,47759785;-46,52855563;SPRF-SP;DEL01-SP;UOP01-DEL01-SP;;;
669423;25/03/2025;ter�a-feira;07:30:00;ES;262;119;CONCEICAO DO CASTELO;Rea��o tardia ou ineficiente do condutor;Colis�o traseira;Sem V�timas;Pleno dia;Crescente;Nublado;Simples;Reta;N�o;2;0;0;0;2;0;0;2;-20,3088403;-41,23399448;SPRF-ES;DEL01-ES;UOP02-DEL01-ES;;;
669424;25/03/2025;ter�a-feira;07:40:00;PR;116;125;FAZENDA RIO GRANDE;Trafegar com motocicleta (ou similar) entre as faixas;Colis�o lateral mesmo sentido;Com V�timas Feridas;Amanhecer;Decrescente;C�u Claro;Dupla;Reta;Sim;3;0;1;0;2;0;1;2;-25,65067416;-49,31221224;SPRF-PR;DEL01-PR;UOP03-DEL01-PR;;;
669425;25/03/2025;ter�a-feira;07:45:00;MG;50;174;UBERABA;Rea��o tardia ou ineficiente do condutor;Tombamento;Com V�timas Feridas;Pleno dia;Decrescente;C�u Claro;Simples;"Curva;Retorno Regulamentado";N�o;1;0;1;0;0;0;1;1;-19,7142145;-47,9911305;SPRF-MG;DEL13-MG;UOP01-DEL13-MG;;;
669426;25/03/2025;ter�a-feira;06:50:00;SC;101;107;PENHA;Avarias e/ou desgaste excessivo no pneu;Tombamento;Com V�timas Feridas;Amanhecer;Crescente;Nublado;Dupla;Reta;Sim;1;0;1;0;0;0;1;1;-26,82315781;-48,68623233;SPRF-SC;DEL03-SC;UOP02-DEL03-SC;;;
669427;25/03/2025;ter�a-feira;07:30:00;RJ;101;296;ITABORAI;Aus�ncia de rea��o do condutor;Colis�o lateral mesmo sentido;Com V�timas Fatais;Pleno dia;Decrescente;C�u Claro;Simples;Reta;N�o;5;2;0;2;1;0;2;2;-22,76729798;-42,9127264;SPRF-RJ;DEL02-RJ;UOP02-DEL02-RJ;;;
669430;25/03/2025;ter�a-feira;06:20:00;MG;50;108,9;UBERABA;Condutor Dormindo;Sa�da de leito carro��vel;Com V�timas Feridas;Amanhecer;Decrescente;C�u Claro;Dupla;"Aclive;Reta";N�o;2;0;1;0;1;0;1;1;-19,21468;-48,147387;SPRF-MG;DEL13-MG;UOP01-DEL13-MG;;;
669431;25/03/2025;ter�a-feira;08:00:00;ES;101;269,6;SERRA;Acessar a via sem observar a presen�a dos outros ve�culos;Atropelamento de Pedestre;Com V�timas Feridas;Pleno dia;Decrescente;Sol;M�ltipla;Reta;Sim;2;0;1;0;1;0;1;2;-20,223273;-40,270356;SPRF-ES;DEL02-ES;UOP01-DEL02-ES;;;
669432;25/03/2025;ter�a-feira;08:00:00;SC;282;510,3;MARAVILHA;Condutor usando celular;Colis�o com objeto;Com V�timas Feridas;Pleno dia;Crescente;Sol;Simples;Curva;N�o;1;0;1;0;0;0;1;1;-26,7664681;-53,2142669;SPRF-SC;DEL07-SC;UOP01-DEL07-SC;;;
669433;25/03/2025;ter�a-feira;06:30:00;MT;163;823;SINOP;Manobra de mudan�a de faixa;Colis�o lateral mesmo sentido;Com V�timas Feridas;Pleno dia;Crescente;C�u Claro;Simples;Retorno Regulamentado;Sim;2;0;1;0;1;0;1;2;-11,960913;-55,516994;SPRF-MT;DEL06-MT;UOP02-DEL06-MT;;;
669434;25/03/2025;ter�a-feira;08:20:00;SP;116;223,9;SAO PAULO;Trafegar com motocicleta (ou similar) entre as faixas;Colis�o lateral mesmo sentido;Com V�timas Feridas;Pleno dia;Crescente;Sol;M�ltipla;"Desvio Tempor�rio;Em Obras";Sim;3;0;3;0;0;0;3;2;-23,4829664;-46,5370178;SPRF-SP;DEL01-SP;UOP01-DEL01-SP;;;
669435;25/03/2025;ter�a-feira;08:10:00;SC;470;49;BLUMENAU;Ultrapassagem Indevida;Colis�o transversal;Com V�timas Feridas;Pleno dia;Decrescente;Sol;Simples;Reta;N�o;2;0;1;0;1;0;1;2;-26,8632084;-49,04928619;SPRF-SC;DEL04-SC;UOP01-DEL04-SC;;;
669437;25/03/2025;ter�a-feira;07:10:00;MA;135;7;SAO LUIS;Desrespeitar a prefer�ncia no cruzamento;Colis�o transversal;Com V�timas Feridas;Pleno dia;Crescente;C�u Claro;Dupla;"Rotat�ria;Reta;Declive";Sim;2;0;1;0;1;0;1;2;-2,640317;-44,271883;SPRF-MA;DEL01-MA;UOP01-DEL01-MA;;;
669438;25/03/2025;ter�a-feira;08:20:00;TO;153;138;ARAGUAINA;Rea��o tardia ou ineficiente do condutor;Colis�o frontal;Com V�timas Feridas;Pleno dia;Decrescente;C�u Claro;M�ltipla;"Interse��o de Vias;Rotat�ria;Curva";Sim;2;0;1;0;1;0;1;2;-7,16206798;-48,21693;SPRF-TO;DEL02-TO;UOP01-DEL02-TO;;;
669439;25/03/2025;ter�a-feira;08:00:00;BA;324;622;SALVADOR;Trafegar com motocicleta (ou similar) entre as faixas;Colis�o traseira;Com V�timas Feridas;Pleno dia;Crescente;Sol;Dupla;Reta;N�o;2;0;1;0;1;0;1;2;-12,932978;-38,471644;SPRF-BA;DEL01-BA;UOP01-DEL01-BA;;;
669440;25/03/2025;ter�a-feira;08:55:00;SC;101;133,8;BALNEARIO CAMBORIU;Desrespeitar a prefer�ncia no cruzamento;Colis�o transversal;Com V�timas Feridas;Pleno dia;Crescente;Sol;Simples;"Rotat�ria;Interse��o de Vias";Sim;2;0;1;0;1;0;1;2;-27,00221;-48,63821;SPRF-SC;DEL04-SC;UOP03-DEL04-SC;;;
669441;25/03/2025;ter�a-feira;07:35:00;MG;50;67;UBERLANDIA;Aus�ncia de rea��o do condutor;Colis�o traseira;Com V�timas Feridas;Pleno dia;Crescente;C�u Claro;Dupla;Reta;Sim;2;0;1;0;1;0;1;2;-18,873485;-48,258002;SPRF-MG;DEL15-MG;UOP02-DEL15-MG;;;
669442;25/03/2025;ter�a-feira;08:20:00;PB;230;1;CABEDELO;Acessar a via sem observar a presen�a dos outros ve�culos;Colis�o lateral mesmo sentido;Com V�timas Feridas;Pleno dia;Decrescente;C�u Claro;Simples;Reta;Sim;3;0;1;0;1;1;1;3;-6,98326647;-34,82943557;SPRF-PB;DEL01-PB;UOP01-DEL01-PB;;;
669443;24/03/2025;segunda-feira;20:40:00;RJ;116;187;NOVA IGUACU;Demais falhas mec�nicas ou el�tricas;Queda de ocupante de ve�culo;Com V�timas Feridas;Plena Noite;Crescente;C�u Claro;Dupla;Reta;N�o;1;0;1;0;0;0;1;1;-22,73867392;-43,47416271;SPRF-RJ;DEL06-RJ;UOP01-DEL06-RJ;;;
669444;25/03/2025;ter�a-feira;07:50:00;PR;277;3,6;CURITIBA;Manobra de mudan�a de faixa;Colis�o lateral mesmo sentido;Com V�timas Feridas;Amanhecer;Crescente;C�u Claro;Dupla;Reta;Sim;2;0;1;0;1;0;1;2;-25,43083864;-49,33120782;SPRF-PR;DEL01-PR;UOP06-DEL01-PR;;;
669445;22/03/2025;s�bado;04:38:00;PR;376;158;MANDAGUACU;Rea��o tardia ou ineficiente do condutor;Sa�da de leito carro��vel;Com V�timas Feridas;Plena Noite;Crescente;C�u Claro;Dupla;Curva;N�o;1;0;1;0;0;0;1;1;-23,36577729;-52,08319902;SPRF-PR;DEL09-PR;UOP02-DEL09-PR;;;
669446;25/03/2025;ter�a-feira;08:15:00;SC;101;326,8;CAPIVARI DE BAIXO;Condutor deixou de manter dist�ncia do ve�culo da frente;Colis�o traseira;Com V�timas Feridas;Pleno dia;Decrescente;Nublado;M�ltipla;Aclive;Sim;2;0;0;1;1;0;1;2;-28,435343;-48,958764;SPRF-SC;DEL02-SC;UOP01-DEL02-SC;;;
669447;25/03/2025;ter�a-feira;08:30:00;PR;376;2,9;APUCARANA;Acessar a via sem observar a presen�a dos outros ve�culos;Colis�o transversal;Com V�timas Feridas;Pleno dia;Crescente;C�u Claro;Simples;Reta;Sim;2;0;1;0;1;0;1;2;-23,56;-51,43;SPRF-PR;DEL07-PR;UOP03-DEL07-PR;;;
669448;25/03/2025;ter�a-feira;08:00:00;GO;60;190,7;GUAPO;Avarias e/ou desgaste excessivo no pneu;Tombamento;Com V�timas Feridas;Pleno dia;Crescente;Nublado;Dupla;"Reta;Declive";N�o;2;0;2;0;0;0;2;1;-16,84602446;-49,55520445;SPRF-GO;DEL01-GO;UOP02-DEL01-GO;;;