id;data_inversa;dia_semana;horario;uf;br;km;municipio;causa_acidente;tipo_acidente;classificacao_acidente;fase_dia;sentido_via;condicao_metereologica;tipo_pista;tracado_via;uso_solo;pessoas;mortos;feridos_leves;feridos_graves;ilesos;ignorados;feridos;veiculos;latitude;longitude;regional;delegacia;uop;;;
669449;25/03/2025;ter�a-feira;09:15:00;ES;262;43,8;MARECHAL FLORIANO;Acessar a via sem observar a presen�a dos outros ve�culos;Colis�o transversal;Com V�timas Feridas;Pleno dia;Decrescente;Sol;Simples;Reta;N�o;2;0;1;0;1;0;1;2;-20,38780657;-40,66830754;SPRF-ES;DEL01-ES;UOP01-DEL01-ES;;;
669450;25/03/2025;ter�a-feira;07:50:00;PI;343;14,5;PARNAIBA;Condutor deixou de manter dist�ncia do ve�culo da frente;Colis�o transversal;Com V�timas Feridas;Pleno dia;Crescente;Sol;Dupla;"Interse��o de Vias;Reta";Sim;2;0;1;1;0;0;2;2;-2,933031;-41,754469;SPRF-PI;DEL05-PI;UOP01-DEL05-PI;;;
669451;25/03/2025;ter�a-feira;08:25:00;PR;116;16,8;COLOMBO;Rea��o tardia ou ineficiente do condutor;Engavetamento;Com V�timas Feridas;Pleno dia;Decrescente;Sol;Dupla;"Aclive;Reta";Sim;4;0;1;0;2;1;1;3;-25,38865;-49,184355;SPRF-PR;DEL01-PR;UOP02-DEL01-PR;;;
669452;25/03/2025;ter�a-feira;09:15:00;DF;20;24;BRASILIA;Aus�ncia de rea��o do condutor;Sa�da de leito carro��vel;Sem V�timas;Pleno dia;Crescente;C�u Claro;Dupla;Reta;N�o;1;0;0;0;1;0;0;1;-15,601964;-47,681053;SPRF-DF;DEL02-DF;UOP01-DEL02-DF;;;
669454;25/03/2025;ter�a-feira;09:20:00;BA;324;617,9;SALVADOR;Manobra de mudan�a de faixa;Colis�o traseira;Com V�timas Feridas;Pleno dia;Crescente;C�u Claro;M�ltipla;Reta;Sim;2;0;1;0;1;0;1;2;-12,899488;-38,451197;SPRF-BA;DEL01-BA;UOP01-DEL01-BA;;;
669455;25/03/2025;ter�a-feira;09:14:00;PB;230;27;JOAO PESSOA;Condutor deixou de manter dist�ncia do ve�culo da frente;Colis�o traseira;Com V�timas Feridas;Pleno dia;Crescente;C�u Claro;Dupla;Reta;Sim;2;0;1;0;1;0;1;2;-7,15311101;-34,90827441;SPRF-PB;DEL01-PB;UOP01-DEL01-PB;;;
669456;25/03/2025;ter�a-feira;08:10:00;SC;480;128,1;CHAPECO;Condutor deixou de manter dist�ncia do ve�culo da frente;Colis�o traseira;Com V�timas Feridas;Pleno dia;Crescente;C�u Claro;Dupla;"Curva;Declive";Sim;2;0;1;0;1;0;1;2;-27,04542389;-52,63612032;SPRF-SC;DEL07-SC;UOP01-DEL07-SC;;;
669461;05/03/2025;quarta-feira;06:00:00;RJ;101;327;NITEROI;Condutor deixou de manter dist�ncia do ve�culo da frente;Colis�o traseira;Com V�timas Feridas;Pleno dia;Decrescente;Sol;M�ltipla;Reta;N�o;3;0;1;0;1;1;1;3;-22,87016499;-43,16356659;SPRF-RJ;DEL02-RJ;UOP01-DEL02-RJ;;;
669462;25/03/2025;ter�a-feira;05:30:00;PR;476;162;CONTENDA;Aus�ncia de rea��o do condutor;Sa�da de leito carro��vel;Com V�timas Feridas;Amanhecer;Decrescente;Chuva;Simples;"Reta;Aclive";N�o;1;0;1;0;0;0;1;1;-25,65320263;-49,48010445;SPRF-PR;DEL01-PR;UOP06-DEL01-PR;;;
669464;25/03/2025;ter�a-feira;09:00:00;SE;235;41,7;ITABAIANA;Aus�ncia de rea��o do condutor;Colis�o transversal;Sem V�timas;Pleno dia;Crescente;C�u Claro;Simples;Reta;N�o;2;0;0;0;2;0;0;2;-10,7674702;-37,38031626;SPRF-SE;DEL01-SE;UOP02-DEL01-SE;;;
669466;25/03/2025;ter�a-feira;10:25:00;SC;470;58;BLUMENAU;Ultrapassagem Indevida;Colis�o transversal;Com V�timas Feridas;Pleno dia;Crescente;C�u Claro;Simples;"Em Obras;Reta;Desvio Tempor�rio";Sim;2;0;0;1;1;0;1;2;-26,88368428;-49,14559007;SPRF-SC;DEL04-SC;UOP01-DEL04-SC;;;
669467;25/03/2025;ter�a-feira;09:46:00;RO;364;712;PORTO VELHO;Manobra de mudan�a de faixa;Colis�o lateral mesmo sentido;Sem V�timas;Pleno dia;Crescente;Nublado;Dupla;"Reta;Viaduto;Retorno Regulamentado";Sim;2;0;0;0;2;0;0;2;-8,77751943;-63,87204623;SPRF-RO;DEL01-RO;UOP01-DEL01-RO;;;
669469;25/03/2025;ter�a-feira;11:20:00;SC;101;131;CAMBORIU;Rea��o tardia ou ineficiente do condutor;Tombamento;Com V�timas Feridas;Pleno dia;Decrescente;C�u Claro;Dupla;Reta;N�o;1;0;1;0;0;0;1;1;-26,98655;-48,66717;SPRF-SC;DEL04-SC;UOP03-DEL04-SC;;;
669470;25/03/2025;ter�a-feira;11:30:00;BA;324;613;SALVADOR;Demais falhas mec�nicas ou el�tricas;Queda de ocupante de ve�culo;Com V�timas Feridas;Pleno dia;Crescente;C�u Claro;Dupla;Reta;Sim;2;0;1;0;1;0;1;1;-12,862619;-38,423245;SPRF-BA;DEL01-BA;UOP01-DEL01-BA;;;
669471;25/03/2025;ter�a-feira;11:00:00;SC;101;206,2;SAO JOSE;Aus�ncia de rea��o do condutor;Colis�o traseira;Com V�timas Feridas;Pleno dia;Decrescente;C�u Claro;M�ltipla;Reta;Sim;2;0;1;0;1;0;1;2;-27,59377548;-48,6186396;SPRF-SC;DEL01-SC;UOP01-DEL01-SC;;;
669473;25/03/2025;ter�a-feira;04:00:00;BA;110;390;SAO SEBASTIAO DO PASSE;Animais na Pista;Atropelamento de Animal;Com V�timas Fatais;Amanhecer;Crescente;Nevoeiro/Neblina;Simples;Reta;N�o;3;1;2;0;0;0;2;2;-12,49892865;-38,4923172;SPRF-BA;DEL01-BA;UOP01-DEL01-BA;;;
669474;25/03/2025;ter�a-feira;11:45:00;SC;101;131,3;CAMBORIU;Trafegar com motocicleta (ou similar) entre as faixas;Tombamento;Com V�timas Feridas;Pleno dia;Crescente;Sol;Dupla;Reta;N�o;1;0;1;0;0;0;1;1;-26,98655;-48,66717;SPRF-SC;DEL04-SC;UOP03-DEL04-SC;;;
669475;25/03/2025;ter�a-feira;11:40:00;PE;101;126,8;ESCADA;Condutor deixou de manter dist�ncia do ve�culo da frente;Colis�o traseira;Com V�timas Feridas;Pleno dia;Decrescente;C�u Claro;Dupla;Reta;Sim;2;0;0;1;1;0;1;2;-8,373897;-35,235465;SPRF-PE;DEL01-PE;UOP03-DEL01-PE;;;
669476;25/03/2025;ter�a-feira;11:50:00;MG;40;529;BELO HORIZONTE;Aus�ncia de rea��o do condutor;Queda de ocupante de ve�culo;Com V�timas Feridas;Pleno dia;Decrescente;C�u Claro;Dupla;Curva;Sim;2;0;1;0;1;0;1;2;-19,94527379;-44,01603699;SPRF-MG;DEL01-MG;UOP02-DEL01-MG;;;
669477;09/02/2025;domingo;19:00:00;ES;101;71,8;SAO MATEUS;Aus�ncia de rea��o do condutor;Colis�o traseira;Com V�timas Feridas;Plena Noite;Decrescente;Nublado;Simples;Reta;N�o;4;0;0;1;3;0;1;2;-18,753513;-39,862598;SPRF-ES;DEL04-ES;UOP02-DEL04-ES;;;
669478;25/03/2025;ter�a-feira;12:40:00;RS;386;392;TRIUNFO;Retorno proibido;Colis�o lateral mesmo sentido;Com V�timas Feridas;Pleno dia;Crescente;Nublado;Simples;Curva;N�o;4;0;1;0;2;1;1;3;-29,70925381;-51,65027976;SPRF-RS;DEL04-RS;UOP02-DEL04-RS;;;
669481;30/01/2025;quinta-feira;16:40:00;MG;116;606,2;SAO JOAO DO MANHUACU;Aus�ncia de rea��o do condutor;Tombamento;Com V�timas Feridas;Pleno dia;Crescente;C�u Claro;Simples;"Reta;Rotat�ria";N�o;1;0;0;1;0;0;1;1;-20,378722;-42,14721389;SPRF-MG;DEL06-MG;UOP03-DEL06-MG;;;
669482;25/03/2025;ter�a-feira;11:20:00;PI;343;347;TERESINA;Condutor deixou de manter dist�ncia do ve�culo da frente;Colis�o traseira;Com V�timas Feridas;Pleno dia;Crescente;Sol;Dupla;Reta;Sim;2;0;1;0;1;0;1;2;-5,117882;-42,784928;SPRF-PI;DEL01-PI;UOP01-DEL01-PI;;;
669484;25/03/2025;ter�a-feira;13:00:00;TO;153;482,9;PARAISO DO TOCANTINS;Manobra de mudan�a de faixa;Colis�o com objeto;Com V�timas Feridas;Pleno dia;Decrescente;Garoa/Chuvisco;Simples;Reta;N�o;3;0;2;0;1;0;2;1;-10,069452;-48,849827;SPRF-TO;DEL01-TO;UOP01-DEL01-TO;;;
669486;25/03/2025;ter�a-feira;12:20:00;SC;280;30,9;ARAQUARI;Transitar no Acostamento;Colis�o transversal;Com V�timas Feridas;Pleno dia;Decrescente;Sol;Simples;Interse��o de Vias;Sim;2;0;1;0;1;0;1;2;-26,4164261;-48,771312;SPRF-SC;DEL03-SC;UOP03-DEL03-SC;;;
669487;25/03/2025;ter�a-feira;13:15:00;PR;369;147,8;LONDRINA;Aus�ncia de rea��o do condutor;Queda de ocupante de ve�culo;Com V�timas Feridas;Pleno dia;Crescente;C�u Claro;Dupla;Reta;Sim;1;0;1;0;0;0;1;1;-23,29295811;-51,14187056;SPRF-PR;DEL07-PR;UOP01-DEL07-PR;;;
669488;25/03/2025;ter�a-feira;08:00:00;SC;101;219,9;PALHOCA;Demais falhas mec�nicas ou el�tricas;Queda de ocupante de ve�culo;Com V�timas Feridas;Pleno dia;Decrescente;C�u Claro;M�ltipla;Reta;N�o;1;0;1;0;0;0;1;1;-27,67777483;-48,6697107;SPRF-SC;DEL01-SC;UOP02-DEL01-SC;;;
669490;25/03/2025;ter�a-feira;11:00:00;RJ;101;329;NITEROI;Condutor deixou de manter dist�ncia do ve�culo da frente;Colis�o traseira;Com V�timas Feridas;Pleno dia;Crescente;C�u Claro;Dupla;Reta;N�o;3;0;1;0;2;0;1;2;-22,8786176;-43,106304;SPRF-RJ;DEL02-RJ;UOP01-DEL02-RJ;;;
669492;25/03/2025;ter�a-feira;13:25:00;SC;101;415,6;ARARANGUA;Condutor deixou de manter dist�ncia do ve�culo da frente;Colis�o traseira;Com V�timas Feridas;Pleno dia;Crescente;C�u Claro;M�ltipla;"Interse��o de Vias;Reta";Sim;2;0;1;0;1;0;1;2;-28,96906678;-49,5256787;SPRF-SC;DEL02-SC;UOP02-DEL02-SC;;;
669494;25/03/2025;ter�a-feira;11:50:00;PR;469;0;FOZ DO IGUACU;Demais falhas mec�nicas ou el�tricas;Sa�da de leito carro��vel;Com V�timas Feridas;Pleno dia;Crescente;Nublado;Simples;"Em Obras;Curva;Desvio Tempor�rio";Sim;2;0;1;0;1;0;1;1;-25,57659826;-54,55384612;SPRF-PR;DEL05-PR;UOP04-DEL05-PR;;;
669498;25/03/2025;ter�a-feira;14:47:00;MG;354;753,7;ITAMONTE;Ultrapassagem Indevida;Colis�o transversal;Com V�timas Feridas;Pleno dia;Crescente;Sol;Simples;Reta;Sim;2;0;2;0;0;0;2;2;-22,28219685;-44,87036347;SPRF-MG;DEL17-MG;UOP01-DEL17-MG;;;
669501;15/02/2025;s�bado;17:00:00;MG;251;336;RUBELITA;Rea��o tardia ou ineficiente do condutor;Tombamento;Com V�timas Feridas;Anoitecer;Decrescente;C�u Claro;Simples;Reta;N�o;1;0;1;0;0;0;1;1;-16,256612;-42,4318676;SPRF-MG;DEL12-MG;UOP02-DEL12-MG;;;
669502;25/03/2025;ter�a-feira;14:15:00;DF;70;4;BRASILIA;Aus�ncia de rea��o do condutor;Queda de ocupante de ve�culo;Sem V�timas;Pleno dia;Decrescente;Nublado;Dupla;Curva;Sim;2;0;0;0;0;2;0;1;-15,796875;-48,091908;SPRF-DF;DEL03-DF;UOP02-DEL03-DF;;;
669503;25/03/2025;ter�a-feira;12:55:00;TO;153;647;GURUPI;Acumulo de �gua sobre o pavimento;Sa�da de leito carro��vel;Com V�timas Feridas;Pleno dia;Crescente;Nublado;Simples;"Reta;Declive";N�o;3;0;2;0;1;0;2;1;-11,6019224;-49,04102088;SPRF-TO;DEL01-TO;UOP02-DEL01-TO;;;
669505;25/03/2025;ter�a-feira;14:10:00;SC;101;157,7;PORTO BELO;Manobra de mudan�a de faixa;Colis�o transversal;Com V�timas Feridas;Pleno dia;Decrescente;C�u Claro;Dupla;"Reta;Retorno Regulamentado";N�o;3;0;1;1;1;0;2;2;-27,18918;-48,61233;SPRF-SC;DEL04-SC;UOP03-DEL04-SC;;;
669507;25/03/2025;ter�a-feira;15:10:00;PB;101;89;JOAO PESSOA;Objeto est�tico sobre o leito carro��vel;Tombamento;Com V�timas Feridas;Pleno dia;Decrescente;C�u Claro;Dupla;Reta;Sim;1;0;1;0;0;0;1;1;-7,1747855;-34,89862561;SPRF-PB;DEL01-PB;UOP01-DEL01-PB;;;
669509;25/03/2025;ter�a-feira;15:00:00;PR;116;53,9;CAMPINA GRANDE DO SUL;Rea��o tardia ou ineficiente do condutor;Queda de ocupante de ve�culo;Com V�timas Feridas;Pleno dia;Decrescente;Nublado;Dupla;Reta;N�o;1;0;1;0;0;0;1;1;-25,2674064;-48,9171527;SPRF-PR;DEL01-PR;UOP02-DEL01-PR;;;
669511;25/03/2025;ter�a-feira;15:30:00;RJ;116;173;SAO JOAO DE MERITI;Aus�ncia de rea��o do condutor;Colis�o traseira;Com V�timas Feridas;Pleno dia;Decrescente;C�u Claro;Dupla;Reta;Sim;3;0;2;0;1;0;2;2;-22,79822954;-43,35768342;SPRF-RJ;DEL06-RJ;UOP01-DEL06-RJ;;;
669512;21/03/2025;sexta-feira;20:35:00;SC;101;209,6;SAO JOSE;Manobra de mudan�a de faixa;Colis�o lateral mesmo sentido;Com V�timas Feridas;Plena Noite;Crescente;Nublado;M�ltipla;Reta;N�o;2;0;1;0;1;0;1;2;-27,614682;-48,644035;SPRF-SC;DEL01-SC;UOP01-DEL01-SC;;;
669513;25/03/2025;ter�a-feira;15:42:00;SC;280;58;GUARAMIRIM;Acessar a via sem observar a presen�a dos outros ve�culos;Colis�o transversal;Com V�timas Feridas;Pleno dia;Decrescente;C�u Claro;Simples;Rotat�ria;Sim;2;0;1;0;1;0;1;2;-26,4752503;-48,988098;SPRF-SC;DEL03-SC;UOP03-DEL03-SC;;;
669519;09/02/2025;domingo;03:00:00;RJ;101;540;PARATY;Condutor Dormindo;Sa�da de leito carro��vel;Com V�timas Fatais;Plena Noite;Decrescente;C�u Claro;Simples;Curva;N�o;1;1;0;0;0;0;0;1;-23,054666;-44,59037997;SPRF-RJ;DEL03-RJ;UOP04-DEL03-RJ;;;
669520;25/03/2025;ter�a-feira;15:10:00;GO;60;25;ALEXANIA;Condutor Dormindo;Sa�da de leito carro��vel;Com V�timas Feridas;Pleno dia;Decrescente;Nublado;Dupla;Curva;N�o;1;0;1;0;0;0;1;1;-16,109493;-48,447658;SPRF-DF;DEL03-DF;UOP01-DEL03-DF;;;
669522;25/03/2025;ter�a-feira;18:00:00;ES;101;286,5;CARIACICA;Rea��o tardia ou ineficiente do condutor;Tombamento;Com V�timas Feridas;Anoitecer;Crescente;C�u Claro;Dupla;Reta;Sim;2;0;2;0;0;0;2;1;-20,25546261;-40,37550319;SPRF-ES;DEL01-ES;UOP01-DEL01-ES;;;
669523;25/03/2025;ter�a-feira;17:21:00;BA;101;808;ITAMARAJU;Acessar a via sem observar a presen�a dos outros ve�culos;Colis�o transversal;Com V�timas Feridas;Pleno dia;Crescente;C�u Claro;Simples;"Rotat�ria;Curva";Sim;2;0;2;0;0;0;2;2;-17,02640079;-39,54019932;SPRF-BA;DEL09-BA;UOP01-DEL09-BA;;;
669524;25/03/2025;ter�a-feira;13:30:00;MG;381;921,8;CAMANDUCAIA;Curva acentuada;Queda de ocupante de ve�culo;Com V�timas Feridas;Pleno dia;Crescente;C�u Claro;Dupla;Curva;N�o;1;0;1;0;0;0;1;1;-22,76588922;-46,17723924;SPRF-MG;DEL16-MG;UOP03-DEL16-MG;;;
669525;25/03/2025;ter�a-feira;17:30:00;SP;381;76;SAO PAULO;Chuva;Capotamento;Com V�timas Feridas;Pleno dia;Crescente;Chuva;Simples;"Curva;Declive";N�o;3;0;2;1;0;0;3;1;-23,38894453;-46,56938732;SPRF-SP;DEL03-SP;UOP01-DEL03-SP;;;
669526;25/03/2025;ter�a-feira;16:10:00;SC;163;94;GUARACIABA;Velocidade Incompat�vel;Sa�da de leito carro��vel;Com V�timas Feridas;Pleno dia;Crescente;Chuva;Simples;Curva;N�o;1;0;1;0;0;0;1;1;-26,53229571;-53,52158004;SPRF-SC;DEL07-SC;UOP03-DEL07-SC;;;
669529;25/03/2025;ter�a-feira;16:40:00;RJ;116;196;QUEIMADOS;Mal s�bito do condutor;Colis�o com objeto;Com V�timas Feridas;Pleno dia;Decrescente;C�u Claro;Dupla;Reta;N�o;1;0;1;0;0;0;1;1;-22,73185705;-43,60748291;SPRF-RJ;DEL06-RJ;UOP01-DEL06-RJ;;;
669530;25/03/2025;ter�a-feira;17:30:00;RN;101;103,5;PARNAMIRIM;Trafegar com motocicleta (ou similar) entre as faixas;Colis�o traseira;Com V�timas Feridas;Anoitecer;Crescente;C�u Claro;Dupla;Reta;Sim;3;0;1;0;2;0;1;2;-5,89084004;-35,25225163;SPRF-RN;DEL01-RN;UOP01-DEL01-RN;;;
669531;25/03/2025;ter�a-feira;17:00:00;RS;285;118,4;VACARIA;Velocidade Incompat�vel;Sa�da de leito carro��vel;Sem V�timas;Pleno dia;Crescente;C�u Claro;Simples;Reta;Sim;1;0;0;0;0;1;0;1;-28,5072;-50,915097;SPRF-RS;DEL05-RS;UOP03-DEL05-RS;;;
669532;25/03/2025;ter�a-feira;17:35:00;RJ;101;576;PARATY;Acessar a via sem observar a presen�a dos outros ve�culos;Colis�o transversal;Com V�timas Feridas;Pleno dia;Crescente;C�u Claro;Simples;Reta;Sim;3;0;0;1;2;0;1;2;-23,22766669;-44,72727651;SPRF-RJ;DEL03-RJ;UOP04-DEL03-RJ;;;
669533;25/03/2025;ter�a-feira;17:40:00;MG;262;803,6;UBERABA;Condutor deixou de manter dist�ncia do ve�culo da frente;Colis�o traseira;Com V�timas Feridas;Pleno dia;Crescente;C�u Claro;Dupla;"Interse��o de Vias;Reta";Sim;2;0;1;0;1;0;1;2;-19,7743915;-47,91756565;SPRF-MG;DEL13-MG;UOP01-DEL13-MG;;;
669534;25/03/2025;ter�a-feira;17:30:00;RJ;101;316;SAO GONCALO;Aus�ncia de rea��o do condutor;Colis�o traseira;Sem V�timas;Anoitecer;Decrescente;C�u Claro;Dupla;Reta;Sim;3;0;0;0;3;0;0;2;-22,82434824;-43,08771372;SPRF-RJ;DEL02-RJ;UOP02-DEL02-RJ;;;
669535;25/03/2025;ter�a-feira;17:50:00;SP;116;153;SAO JOSE DOS CAMPOS;Acesso irregular;Colis�o traseira;Com V�timas Feridas;Pleno dia;Decrescente;C�u Claro;Dupla;"Reta;Interse��o de Vias";Sim;2;0;1;0;0;1;1;2;-23,2494417;-45,9354111;SPRF-SP;DEL02-SP;UOP01-DEL02-SP;;;
669536;25/03/2025;ter�a-feira;17:10:00;PR;376;615;SAO JOSE DOS PINHAIS;Condutor deixou de manter dist�ncia do ve�culo da frente;Tombamento;Com V�timas Feridas;Pleno dia;Crescente;C�u Claro;Dupla;Curva;N�o;1;0;1;0;0;0;1;1;-25,58422389;-49,17634964;SPRF-PR;DEL01-PR;UOP04-DEL01-PR;;;
669537;25/03/2025;ter�a-feira;17:35:00;RJ;393;281;BARRA DO PIRAI;Frear bruscamente;Queda de ocupante de ve�culo;Com V�timas Feridas;Anoitecer;Decrescente;C�u Claro;Simples;Reta;N�o;1;0;1;0;0;0;1;1;-22,48053805;-44,03135039;SPRF-RJ;DEL05-RJ;UOP04-DEL05-RJ;;;
669539;25/03/2025;ter�a-feira;17:00:00;ES;101;264;SERRA;Rea��o tardia ou ineficiente do condutor;Colis�o traseira;Com V�timas Feridas;Anoitecer;Decrescente;C�u Claro;Dupla;Reta;N�o;3;0;1;0;2;0;1;2;-20,176899;-40,265692;SPRF-ES;DEL02-ES;UOP01-DEL02-ES;;;
669540;25/03/2025;ter�a-feira;17:40:00;GO;40;8;VALPARAISO DE GOIAS;Aus�ncia de rea��o do condutor;Colis�o lateral mesmo sentido;Com V�timas Feridas;Anoitecer;Crescente;C�u Claro;Dupla;Reta;Sim;2;0;1;0;1;0;1;2;-16,1204957;-47,96492636;SPRF-DF;DEL01-DF;UOP01-DEL01-DF;;;
669542;25/03/2025;ter�a-feira;17:30:00;PR;163;316;TERRA ROXA;Chuva;Colis�o traseira;Com V�timas Feridas;Anoitecer;Decrescente;Chuva;Simples;Curva;N�o;4;0;0;1;3;0;1;2;-24,34043063;-54,15191388;SPRF-PR;DEL06-PR;UOP02-DEL06-PR;;;
669543;25/03/2025;ter�a-feira;17:30:00;MG;40;545;NOVA LIMA;Rea��o tardia ou ineficiente do condutor;Colis�o traseira;Sem V�timas;Pleno dia;Decrescente;C�u Claro;Dupla;"Reta;Viaduto";N�o;2;0;0;0;2;0;0;2;-20,011936;-43,966995;SPRF-MG;DEL01-MG;UOP02-DEL01-MG;;;
669544;25/03/2025;ter�a-feira;18:20:00;PI;343;341;TERESINA;Aus�ncia de rea��o do condutor;Colis�o lateral mesmo sentido;Com V�timas Feridas;Anoitecer;Decrescente;C�u Claro;Dupla;Declive;Sim;3;0;2;0;1;0;2;2;-5,07824;-42,74816;SPRF-PI;DEL01-PI;UOP01-DEL01-PI;;;
669545;25/03/2025;ter�a-feira;17:15:00;PR;376;17;MARINGA;Rea��o tardia ou ineficiente do condutor;Tombamento;Com V�timas Feridas;Pleno dia;Decrescente;Sol;Dupla;"Curva;Viaduto;Aclive";Sim;1;0;1;0;0;0;1;1;-23,43134989;-51,88723499;SPRF-PR;DEL09-PR;UOP01-DEL09-PR;;;
669546;25/03/2025;ter�a-feira;18:14:00;PB;230;16;JOAO PESSOA;Rea��o tardia ou ineficiente do condutor;Colis�o lateral mesmo sentido;Com V�timas Feridas;Plena Noite;Decrescente;C�u Claro;Dupla;"Reta;Aclive";Sim;5;0;2;0;2;1;2;3;-7,109705;-34,843627;SPRF-PB;DEL01-PB;UOP01-DEL01-PB;;;
669547;25/03/2025;ter�a-feira;18:12:00;PE;232;9;JABOATAO DOS GUARARAPES;Rea��o tardia ou ineficiente do condutor;Colis�o com objeto;Com V�timas Feridas;Plena Noite;Crescente;C�u Claro;Dupla;Reta;Sim;2;0;1;1;0;0;2;1;-8,07792;-34,98446;SPRF-PE;DEL01-PE;UOP01-DEL01-PE;;;
669548;25/03/2025;ter�a-feira;18:30:00;RS;386;435,6;NOVA SANTA RITA;Acessar a via sem observar a presen�a dos outros ve�culos;Colis�o transversal;Com V�timas Feridas;Anoitecer;Crescente;Nublado;Dupla;Rotat�ria;Sim;3;0;2;0;1;0;2;2;-29,84820457;-51,27066672;SPRF-RS;DEL04-RS;UOP02-DEL04-RS;;;
669549;25/03/2025;ter�a-feira;08:15:00;AL;316;251,5;PILAR;Acessar a via sem observar a presen�a dos outros ve�culos;Colis�o transversal;Com V�timas Feridas;Pleno dia;Crescente;C�u Claro;Simples;Reta;N�o;2;0;1;0;1;0;1;2;-9,56875884;-35,96795082;SPRF-AL;DEL02-AL;UOP01-DEL02-AL;;;
669552;25/03/2025;ter�a-feira;13:24:00;RO;364;340,7;JI-PARANA;Desrespeitar a prefer�ncia no cruzamento;Colis�o transversal;Com V�timas Feridas;Pleno dia;Decrescente;C�u Claro;Dupla;Interse��o de Vias;Sim;3;0;2;1;0;0;3;3;-10,89264802;-61,93083286;SPRF-RO;DEL02-RO;UOP01-DEL02-RO;;;
669553;25/03/2025;ter�a-feira;17:45:00;GO;70;7;AGUAS LINDAS DE GOIAS;Condutor deixou de manter dist�ncia do ve�culo da frente;Capotamento;Com V�timas Feridas;Anoitecer;Decrescente;Chuva;Dupla;Reta;Sim;1;0;1;0;0;0;1;1;-15,739562;-48,271679;SPRF-DF;DEL03-DF;UOP02-DEL03-DF;;;
669558;25/03/2025;ter�a-feira;18:40:00;BA;116;425;FEIRA DE SANTANA;Transitar na contram�o;Colis�o frontal;Com V�timas Feridas;Plena Noite;Decrescente;C�u Claro;Dupla;"Reta;Declive";Sim;3;0;2;1;0;0;3;2;-12,246473;-38,987005;SPRF-BA;DEL02-BA;UOP01-DEL02-BA;;;
669560;25/03/2025;ter�a-feira;19:05:00;DF;20;10;BRASILIA;Manobra de mudan�a de faixa;Colis�o lateral mesmo sentido;Com V�timas Feridas;Plena Noite;Decrescente;Nublado;Dupla;"Declive;Em Obras;Reta";Sim;2;0;1;0;1;0;1;2;-15,6484511;-47,7696279;SPRF-DF;DEL02-DF;UOP01-DEL02-DF;;;
669561;17/03/2025;segunda-feira;20:00:00;MG;381;477;CONTAGEM;Manobra de mudan�a de faixa;Colis�o lateral mesmo sentido;Com V�timas Feridas;Plena Noite;Crescente;Chuva;Dupla;Reta;Sim;3;0;1;0;2;0;1;3;-19,96252376;-44,03348744;SPRF-MG;DEL01-MG;UOP03-DEL01-MG;;;
669562;25/03/2025;ter�a-feira;19:50:00;TO;153;283;BRASILANDIA DO TOCANTINS;Transitar na contram�o;Colis�o lateral sentido oposto;Sem V�timas;Plena Noite;Crescente;C�u Claro;Simples;Declive;Sim;3;0;0;0;2;1;0;2;-8,39146422;-48,4865664;SPRF-TO;DEL02-TO;UOP02-DEL02-TO;;;
669563;25/03/2025;ter�a-feira;20:30:00;MG;0;0;BETIM;Demais falhas mec�nicas ou el�tricas;Inc�ndio;Sem V�timas;Plena Noite;N�o Informado;C�u Claro;Dupla;Reta;N�o;1;0;0;0;1;0;0;1;-20,03154819;-44,23758241;SPRF-MG;DEL01-MG;UOP03-DEL01-MG;;;
669564;25/03/2025;ter�a-feira;20:00:00;PR;376;621;SAO JOSE DOS PINHAIS;Acessar a via sem observar a presen�a dos outros ve�culos;Colis�o transversal;Com V�timas Feridas;Plena Noite;Crescente;C�u Claro;Simples;Reta;Sim;2;0;1;0;0;1;1;2;-25,61141724;-49,17157346;SPRF-PR;DEL01-PR;UOP04-DEL01-PR;;;
669565;25/03/2025;ter�a-feira;19:20:00;SC;101;130,6;ITAJAI;Aus�ncia de rea��o do condutor;Colis�o traseira;Com V�timas Feridas;Plena Noite;Decrescente;Nublado;Dupla;Curva;N�o;2;0;1;0;1;0;1;2;-26,94638905;-48,68757069;SPRF-SC;DEL04-SC;UOP03-DEL04-SC;;;
669566;25/03/2025;ter�a-feira;19:45:00;MG;381;941,2;EXTREMA;Transtornos Mentais (exceto suicidio);Atropelamento de Pedestre;Com V�timas Fatais;Plena Noite;Decrescente;C�u Claro;Dupla;Reta;Sim;2;1;0;0;1;0;0;2;-22,83103616;-46,31456316;SPRF-MG;DEL16-MG;UOP03-DEL16-MG;;;
669568;25/03/2025;ter�a-feira;08:00:00;MT;163;829;SINOP;Demais falhas na via;Queda de ocupante de ve�culo;Sem V�timas;Pleno dia;Crescente;C�u Claro;Simples;Reta;Sim;1;0;0;0;0;1;0;1;-11,91078256;-55,50841825;SPRF-MT;DEL06-MT;UOP02-DEL06-MT;;;
669569;25/03/2025;ter�a-feira;07:05:00;MS;163;265;DOURADOS;Desrespeitar a prefer�ncia no cruzamento;Colis�o lateral mesmo sentido;Com V�timas Feridas;Pleno dia;Crescente;C�u Claro;Dupla;Rotat�ria;Sim;2;0;0;1;1;0;1;2;-22,22371055;-54,73094702;SPRF-MS;DEL04-MS;UOP01-DEL04-MS;;;
669570;25/03/2025;ter�a-feira;20:51:00;PI;343;16;PARNAIBA;Entrada inopinada do pedestre;Atropelamento de Pedestre;Sem V�timas;Plena Noite;Decrescente;C�u Claro;Simples;Reta;Sim;2;0;0;0;1;1;0;2;-2,94780893;-41,75688744;SPRF-PI;DEL05-PI;UOP01-DEL05-PI;;;