id;data_inversa;dia_semana;horario;uf;br;km;municipio;causa_acidente;tipo_acidente;classificacao_acidente;fase_dia;sentido_via;condicao_metereologica;tipo_pista;tracado_via;uso_solo;pessoas;mortos;feridos_leves;feridos_graves;ilesos;ignorados;feridos;veiculos;latitude;longitude;regional;delegacia;uop;;;
669571;25/03/2025;ter�a-feira;20:50:00;PR;376;398;TIBAGI;Pedestre andava na pista;Atropelamento de Pedestre;Com V�timas Feridas;Plena Noite;Crescente;Garoa/Chuvisco;Dupla;"Reta;Aclive";N�o;3;0;1;0;2;0;1;2;-24,591825;-50,674429;SPRF-PR;DEL03-PR;UOP02-DEL03-PR;;;
669572;08/03/2025;s�bado;19:14:00;PR;376;176;MARINGA;Rea��o tardia ou ineficiente do condutor;Colis�o traseira;Com V�timas Feridas;Plena Noite;Decrescente;C�u Claro;M�ltipla;Reta;Sim;2;0;1;0;1;0;1;2;-23,41282199;-51,93224246;SPRF-PR;DEL09-PR;UOP01-DEL09-PR;;;
669573;25/03/2025;ter�a-feira;20:05:00;PR;376;212;MANDAGUARI;Ingest�o de �lcool pelo condutor;Colis�o com objeto;Sem V�timas;Plena Noite;Decrescente;C�u Claro;Dupla;"Declive;Curva";N�o;1;0;0;0;1;0;0;1;-23,559267;-51,663378;SPRF-PR;DEL09-PR;UOP01-DEL09-PR;;;
669574;25/03/2025;ter�a-feira;17:50:00;RJ;393;134;SAPUCAIA;Falta de acostamento;Atropelamento de Pedestre;Com V�timas Feridas;Anoitecer;Decrescente;C�u Claro;Simples;Reta;Sim;2;0;1;0;1;0;1;2;-21,99772897;-42,92118073;SPRF-RJ;DEL05-RJ;UOP01-DEL05-RJ;;;
669575;25/03/2025;ter�a-feira;19:00:00;RJ;101;320;NITEROI;Rea��o tardia ou ineficiente do condutor;Colis�o lateral mesmo sentido;Com V�timas Feridas;Plena Noite;Decrescente;C�u Claro;M�ltipla;Reta;N�o;2;0;1;0;1;0;1;2;-22,87490991;-43,12065125;SPRF-RJ;DEL02-RJ;UOP01-DEL02-RJ;;;
669577;25/03/2025;ter�a-feira;21:00:00;RS;116;252;SAPUCAIA DO SUL;Acessar a via sem observar a presen�a dos outros ve�culos;Tombamento;Com V�timas Feridas;Pleno dia;Decrescente;C�u Claro;Dupla;"Interse��o de Vias;Reta";Sim;2;0;1;0;1;0;1;2;-29,8137577;-51,1684667;SPRF-RS;DEL01-RS;UOP02-DEL01-RS;;;
669578;25/03/2025;ter�a-feira;21:00:00;SP;116;22;LAVRINHAS;Acumulo de areia ou detritos sobre o pavimento;Colis�o com objeto;Com V�timas Feridas;Plena Noite;Decrescente;Nublado;Dupla;Curva;N�o;2;0;1;0;1;0;1;1;-22,57922596;-44,87719011;SPRF-SP;DEL08-SP;UOP02-DEL08-SP;;;
669579;25/03/2025;ter�a-feira;21:40:00;SP;381;37,8;ATIBAIA;Entrada inopinada do pedestre;Atropelamento de Pedestre;Com V�timas Fatais;Plena Noite;Crescente;Nublado;Dupla;Reta;Sim;2;1;0;0;1;0;0;2;-23,1124787;-46,5715004;SPRF-SP;DEL03-SP;UOP01-DEL03-SP;;;
669581;25/03/2025;ter�a-feira;22:00:00;ES;101;306,5;VIANA;Demais falhas mec�nicas ou el�tricas;Inc�ndio;Sem V�timas;Plena Noite;Decrescente;Nublado;Dupla;Reta;N�o;1;0;0;0;1;0;0;1;-20,39658675;-40,45781541;SPRF-ES;DEL01-ES;UOP01-DEL01-ES;;;
669582;25/03/2025;ter�a-feira;22:15:00;SC;101;192,4;BIGUACU;Avarias e/ou desgaste excessivo no pneu;Queda de ocupante de ve�culo;Com V�timas Feridas;Plena Noite;Decrescente;Chuva;Dupla;Reta;Sim;1;0;1;0;0;0;1;1;-27,48719946;-48,64947058;SPRF-SC;DEL01-SC;UOP01-DEL01-SC;;;
669585;25/03/2025;ter�a-feira;22:00:00;PR;376;160;MANDAGUACU;Chuva;Sa�da de leito carro��vel;Com V�timas Feridas;Plena Noite;Decrescente;Chuva;Dupla;Curva;Sim;2;0;2;0;0;0;2;1;-23,35556596;-52,09044367;SPRF-PR;DEL09-PR;UOP02-DEL09-PR;;;
669586;25/03/2025;ter�a-feira;21:00:00;RS;472;582;URUGUAIANA;Manobra de mudan�a de faixa;Sa�da de leito carro��vel;Sem V�timas;Plena Noite;Decrescente;Nublado;Simples;Reta;N�o;1;0;0;0;1;0;0;1;-29,8076161;-57,09395841;SPRF-RS;DEL13-RS;UOP01-DEL13-RS;;;
669587;25/03/2025;ter�a-feira;23:30:00;RJ;116;186;NOVA IGUACU;Aus�ncia de rea��o do condutor;Colis�o com objeto;Com V�timas Feridas;Plena Noite;Crescente;C�u Claro;Dupla;Curva;Sim;2;0;2;0;0;0;2;1;-22,741548;-43,453689;SPRF-RJ;DEL06-RJ;UOP01-DEL06-RJ;;;
669590;26/03/2025;quarta-feira;00:30:00;ES;101;270,4;SERRA;Acesso irregular;Colis�o frontal;Sem V�timas;Plena Noite;Crescente;C�u Claro;M�ltipla;Interse��o de Vias;Sim;2;0;0;0;2;0;0;2;-20,04885;-40,3866983;SPRF-ES;DEL02-ES;UOP01-DEL02-ES;;;
669593;25/03/2025;ter�a-feira;15:00:00;MA;402;132;BARREIRINHAS;Rea��o tardia ou ineficiente do condutor;Colis�o com objeto;Sem V�timas;Pleno dia;Crescente;C�u Claro;Simples;Reta;N�o;1;0;0;0;0;1;0;1;-2,84145588;-42,96561337;SPRF-MA;DEL01-MA;UOP01-DEL01-MA;;;
669594;25/03/2025;ter�a-feira;23:55:00;SP;116;90,7;PINDAMONHANGABA;Objeto est�tico sobre o leito carro��vel;Colis�o com objeto;Com V�timas Feridas;Plena Noite;Decrescente;C�u Claro;Dupla;Reta;N�o;1;0;1;0;0;0;1;1;-22,94768407;-45,39533615;SPRF-SP;DEL08-SP;UOP01-DEL08-SP;;;
669595;26/03/2025;quarta-feira;00:40:00;PE;101;69;RECIFE;Pedestre cruzava a pista fora da faixa;Atropelamento de Pedestre;Com V�timas Feridas;Plena Noite;Decrescente;C�u Claro;Dupla;Interse��o de Vias;Sim;2;0;0;1;0;1;1;2;-8,0606;-34,9456;SPRF-PE;DEL01-PE;UOP01-DEL01-PE;;;
669596;25/03/2025;ter�a-feira;22:30:00;RN;110;60;MOSSORO;Demais falhas mec�nicas ou el�tricas;Inc�ndio;Sem V�timas;Pleno dia;Crescente;C�u Claro;Simples;Reta;N�o;1;0;0;0;1;0;0;1;-5,31572;-37,33018;SPRF-RN;DEL04-RN;UOP01-DEL04-RN;;;
669599;26/03/2025;quarta-feira;00:20:00;PI;343;591;FLORIANO;Condutor deixou de manter dist�ncia do ve�culo da frente;Colis�o traseira;Com V�timas Feridas;Plena Noite;Decrescente;C�u Claro;Dupla;Reta;Sim;2;0;0;1;1;0;1;2;-6,7930387;-42,9837991;SPRF-PI;DEL03-PI;UOP01-DEL03-PI;;;
669600;25/03/2025;ter�a-feira;18:45:00;MT;70;525;VARZEA GRANDE;Acessar a via sem observar a presen�a dos outros ve�culos;Colis�o transversal;Com V�timas Feridas;Plena Noite;Decrescente;C�u Claro;Simples;"Reta;Interse��o de Vias";Sim;3;0;0;2;1;0;2;2;-15,65232724;-56,20147347;SPRF-MT;DEL01-MT;UOP02-DEL01-MT;;;
669601;25/03/2025;ter�a-feira;21:20:00;PR;376;501,3;PONTA GROSSA;Rea��o tardia ou ineficiente do condutor;Sa�da de leito carro��vel;Com V�timas Feridas;Plena Noite;Decrescente;Chuva;Dupla;Reta;Sim;3;0;1;0;2;0;1;1;-25,16374591;-50,1189959;SPRF-PR;DEL03-PR;UOP04-DEL03-PR;;;
669602;26/03/2025;quarta-feira;05:05:00;PR;376;176,1;MARINGA;Ingest�o de �lcool pelo condutor;Colis�o traseira;Com V�timas Feridas;Plena Noite;Decrescente;C�u Claro;M�ltipla;Reta;Sim;4;0;0;1;1;2;1;3;-23,41111425;-51,93941116;SPRF-PR;DEL09-PR;UOP01-DEL09-PR;;;
669603;26/03/2025;quarta-feira;06:00:00;CE;116;159;RUSSAS;Ingest�o de �lcool pelo condutor;Colis�o lateral sentido oposto;Com V�timas Feridas;Amanhecer;Crescente;C�u Claro;Simples;Retorno Regulamentado;N�o;3;0;2;0;1;0;2;2;-4,91661797;-37,9973799;SPRF-CE;DEL03-CE;UOP01-DEL03-CE;;;
669604;25/03/2025;ter�a-feira;23:30:00;MG;381;480;CONTAGEM;Aus�ncia de rea��o do condutor;Colis�o com objeto;Com V�timas Feridas;Plena Noite;Decrescente;Chuva;Dupla;Reta;N�o;1;0;1;0;0;0;1;1;-19,96113623;-44,05178178;SPRF-MG;DEL01-MG;UOP03-DEL01-MG;;;
669605;26/03/2025;quarta-feira;06:35:00;SC;101;200,9;SAO JOSE;Trafegar com motocicleta (ou similar) entre as faixas;Colis�o traseira;Com V�timas Feridas;Pleno dia;Crescente;Sol;M�ltipla;Reta;Sim;2;0;1;0;1;0;1;2;-27,54841069;-48,61979127;SPRF-SC;DEL01-SC;UOP01-DEL01-SC;;;
669606;26/03/2025;quarta-feira;05:50:00;MG;381;500;BETIM;Condutor deixou de manter dist�ncia do ve�culo da frente;Colis�o lateral mesmo sentido;Com V�timas Feridas;Amanhecer;Decrescente;C�u Claro;Dupla;Reta;N�o;2;0;0;1;1;0;1;2;-19,9965409;-44,2090415;SPRF-MG;DEL01-MG;UOP03-DEL01-MG;;;
669609;26/03/2025;quarta-feira;07:00:00;ES;262;30;DOMINGOS MARTINS;Velocidade Incompat�vel;Tombamento;Com V�timas Feridas;Pleno dia;Crescente;Nublado;Dupla;Curva;N�o;1;0;0;1;0;0;1;1;-20,373901;-40,564398;SPRF-ES;DEL01-ES;UOP01-DEL01-ES;;;
669610;25/03/2025;ter�a-feira;23:00:00;BA;101;470;URUCUCA;Objeto est�tico sobre o leito carro��vel;Colis�o com objeto;Com V�timas Feridas;Plena Noite;Decrescente;Nublado;Simples;Reta;N�o;1;0;1;0;0;0;1;1;-14,53216;-39,335994;SPRF-BA;DEL05-BA;UOP01-DEL05-BA;;;
669611;26/03/2025;quarta-feira;05:00:00;MG;381;855,6;POUSO ALEGRE;Aus�ncia de rea��o do condutor;Colis�o traseira;Com V�timas Feridas;Pleno dia;Crescente;Sol;Dupla;Reta;N�o;3;0;2;0;0;1;2;2;-22,2843574;-45,8961838;SPRF-MG;DEL16-MG;UOP01-DEL16-MG;;;
669612;25/03/2025;ter�a-feira;20:05:00;MG;365;406,5;PATOS DE MINAS;Rea��o tardia ou ineficiente do condutor;Sa�da de leito carro��vel;Com V�timas Feridas;Plena Noite;Crescente;C�u Claro;Simples;"Reta;Declive";Sim;1;0;1;0;0;0;1;1;-18,634514;-46,480361;SPRF-MG;DEL10-MG;UOP01-DEL10-MG;;;
669613;26/03/2025;quarta-feira;07:05:00;SC;101;161;TIJUCAS;Manobra de mudan�a de faixa;Colis�o lateral mesmo sentido;Com V�timas Feridas;Pleno dia;Decrescente;Nublado;Dupla;Reta;Sim;2;0;1;0;1;0;1;2;-27,213;-48,622;SPRF-SC;DEL04-SC;UOP03-DEL04-SC;;;
669614;26/03/2025;quarta-feira;06:30:00;DF;70;10;BRASILIA;Rea��o tardia ou ineficiente do condutor;Colis�o lateral mesmo sentido;Com V�timas Feridas;Pleno dia;Decrescente;C�u Claro;Dupla;Reta;N�o;3;0;1;0;2;0;1;2;-15,788936;-48,145604;SPRF-DF;DEL03-DF;UOP02-DEL03-DF;;;
669615;26/03/2025;quarta-feira;06:50:00;BA;116;832;VITORIA DA CONQUISTA;Desrespeitar a prefer�ncia no cruzamento;Tombamento;Com V�timas Feridas;Pleno dia;Crescente;C�u Claro;Simples;Reta;N�o;2;0;2;0;0;0;2;2;-14,929152;-40,886272;SPRF-BA;DEL08-BA;UOP01-DEL08-BA;;;
669617;25/03/2025;ter�a-feira;14:00:00;GO;153;435,7;ANAPOLIS;Avarias e/ou desgaste excessivo no pneu;Tombamento;Com V�timas Feridas;Pleno dia;Decrescente;Nublado;Dupla;"Reta;Aclive";Sim;1;0;1;0;0;0;1;1;-16,28982846;-48,93647313;SPRF-GO;DEL02-GO;UOP01-DEL02-GO;;;
669618;26/03/2025;quarta-feira;05:50:00;PE;408;73,2;PAUDALHO;Rea��o tardia ou ineficiente do condutor;Colis�o traseira;Sem V�timas;Pleno dia;Crescente;Sol;Dupla;"Curva;Viaduto";N�o;2;0;0;0;1;1;0;2;-7,93335;-35,13149;SPRF-PE;DEL01-PE;UOP01-DEL01-PE;;;
669619;25/03/2025;ter�a-feira;18:00:00;RS;116;352;ELDORADO DO SUL;Condutor Dormindo;Colis�o traseira;Com V�timas Feridas;Pleno dia;Crescente;C�u Claro;Dupla;Reta;N�o;2;0;1;0;1;0;1;2;-30,0362871;-51,3276937;SPRF-RS;DEL02-RS;UOP02-DEL02-RS;;;
669620;22/01/2025;quarta-feira;10:20:00;RJ;465;20;RIO DE JANEIRO;Retorno proibido;Colis�o frontal;Com V�timas Feridas;Pleno dia;Decrescente;C�u Claro;Simples;Reta;N�o;2;0;1;0;1;0;1;2;-22,863579;-43,601479;SPRF-RJ;DEL06-RJ;UOP02-DEL06-RJ;;;
669621;26/03/2025;quarta-feira;07:10:00;RS;448;9;CANOAS;Rea��o tardia ou ineficiente do condutor;Colis�o com objeto;Com V�timas Feridas;Pleno dia;Crescente;C�u Claro;Dupla;Reta;N�o;2;0;1;0;1;0;1;1;-29,87332238;-51,23107195;SPRF-RS;DEL01-RS;UOP02-DEL01-RS;;;
669622;09/03/2025;domingo;19:30:00;GO;40;13;LUZIANIA;Aus�ncia de rea��o do condutor;Colis�o traseira;Sem V�timas;Plena Noite;Crescente;C�u Claro;Dupla;Reta;N�o;3;0;0;0;3;0;0;3;-16,14960047;-47,94129074;SPRF-DF;DEL01-DF;UOP01-DEL01-DF;;;
669623;26/03/2025;quarta-feira;07:30:00;MG;381;753,1;TRES CORACOES;�rea urbana sem a presen�a de local apropriado para a travessia de pedestres;Atropelamento de Pedestre;Com V�timas Feridas;Amanhecer;Crescente;Sol;Dupla;Curva;N�o;3;0;0;1;1;1;1;2;-21,66497;-45,309871;SPRF-MG;DEL16-MG;UOP02-DEL16-MG;;;
669624;26/03/2025;quarta-feira;07:55:00;RS;471;161;RIO PARDO;Acessar a via sem observar a presen�a dos outros ve�culos;Colis�o transversal;Com V�timas Feridas;Pleno dia;Decrescente;C�u Claro;Simples;Reta;N�o;3;0;1;1;1;0;2;2;-29,865547;-52,390632;SPRF-RS;DEL02-RS;UOP03-DEL02-RS;;;
669625;25/03/2025;ter�a-feira;15:07:00;BA;410;2;RIBEIRA DO POMBAL;Velocidade Incompat�vel;Tombamento;Com V�timas Feridas;Pleno dia;Crescente;C�u Claro;Simples;Reta;Sim;1;0;0;1;0;0;1;1;-10,824594;-38,544895;SPRF-BA;DEL07-BA;UOP02-DEL07-BA;;;
669626;26/03/2025;quarta-feira;07:30:00;RJ;101;301,5;SAO GONCALO;Demais falhas mec�nicas ou el�tricas;Queda de ocupante de ve�culo;Com V�timas Feridas;Pleno dia;Crescente;C�u Claro;Dupla;Reta;Sim;2;0;1;0;1;0;1;1;-22,7802767;-42,9629398;SPRF-RJ;DEL02-RJ;UOP02-DEL02-RJ;;;
669627;26/03/2025;quarta-feira;07:30:00;SP;116;225;GUARULHOS;Trafegar com motocicleta (ou similar) entre as faixas;Colis�o traseira;Com V�timas Feridas;Pleno dia;Crescente;Nublado;M�ltipla;Reta;Sim;3;0;1;0;2;0;1;2;-23,47993685;-46,53899575;SPRF-SP;DEL01-SP;UOP01-DEL01-SP;;;
669628;26/03/2025;quarta-feira;07:59:00;RN;304;302;PARNAMIRIM;Aus�ncia de rea��o do condutor;Colis�o traseira;Com V�timas Feridas;Pleno dia;Crescente;C�u Claro;M�ltipla;Reta;N�o;2;0;1;0;1;0;1;2;-5,88621;-35,27748;SPRF-RN;DEL01-RN;UOP02-DEL01-RN;;;
669629;26/03/2025;quarta-feira;07:45:00;SC;470;67,5;INDAIAL;Desrespeitar a prefer�ncia no cruzamento;Colis�o transversal;Com V�timas Feridas;Pleno dia;Crescente;Nublado;Simples;Interse��o de Vias;N�o;2;0;1;0;1;0;1;2;-26,871755;-49,23079467;SPRF-SC;DEL04-SC;UOP01-DEL04-SC;;;
669630;26/03/2025;quarta-feira;07:55:00;PR;369;154,5;LONDRINA;Manobra de mudan�a de faixa;Colis�o lateral mesmo sentido;Com V�timas Feridas;Pleno dia;Decrescente;C�u Claro;Dupla;Reta;Sim;2;0;1;0;1;0;1;2;-23,29569129;-51,20842673;SPRF-PR;DEL07-PR;UOP01-DEL07-PR;;;
669631;26/03/2025;quarta-feira;07:20:00;MG;116;702,5;MURIAE;Desrespeitar a prefer�ncia no cruzamento;Colis�o transversal;Com V�timas Feridas;Pleno dia;Decrescente;C�u Claro;Simples;Interse��o de Vias;Sim;2;0;1;0;1;0;1;2;-21,1464428;-42,3813274;SPRF-MG;DEL07-MG;UOP02-DEL07-MG;;;
669632;26/03/2025;quarta-feira;07:50:00;RS;116;146,5;CAXIAS DO SUL;Trafegar com motocicleta (ou similar) entre as faixas;Atropelamento de Pedestre;Com V�timas Feridas;Pleno dia;Crescente;C�u Claro;Dupla;Reta;Sim;3;0;2;0;1;0;2;2;-29,14605865;-51,14029527;SPRF-RS;DEL05-RS;UOP01-DEL05-RS;;;
669633;26/03/2025;quarta-feira;07:45:00;MG;40;520,7;CONTAGEM;Trafegar com motocicleta (ou similar) entre as faixas;Colis�o lateral mesmo sentido;Com V�timas Feridas;Pleno dia;Crescente;C�u Claro;Dupla;"Retorno Regulamentado;Reta";N�o;11;0;1;1;9;0;2;4;-19,85351578;-44,07259053;SPRF-MG;DEL01-MG;UOP02-DEL01-MG;;;
669638;25/03/2025;ter�a-feira;21:00:00;PR;376;286;MAUA DA SERRA;Rea��o tardia ou ineficiente do condutor;Sa�da de leito carro��vel;Com V�timas Feridas;Plena Noite;Decrescente;Chuva;Dupla;"Declive;Reta";N�o;1;0;1;0;0;0;1;1;-23,86359774;-51,26090653;SPRF-PR;DEL07-PR;UOP02-DEL07-PR;;;
669641;26/03/2025;quarta-feira;08:20:00;PR;277;82,9;CURITIBA;Rea��o tardia ou ineficiente do condutor;Colis�o lateral mesmo sentido;Com V�timas Feridas;Pleno dia;Crescente;Nublado;Dupla;Reta;Sim;3;0;2;0;1;0;2;3;-25,45112624;-49,22748679;SPRF-PR;DEL01-PR;UOP03-DEL01-PR;;;
669642;26/03/2025;quarta-feira;08:10:00;SP;116;446;REGISTRO;Pista Escorregadia;Tombamento;Com V�timas Feridas;Pleno dia;Decrescente;Garoa/Chuvisco;Simples;"Rotat�ria;Curva";Sim;2;0;1;1;0;0;2;2;-24,477696;-47,8281728;SPRF-SP;DEL05-SP;UOP01-DEL05-SP;;;
669643;26/03/2025;quarta-feira;08:10:00;RJ;116;186;NOVA IGUACU;Manobra de mudan�a de faixa;Colis�o lateral mesmo sentido;Com V�timas Feridas;Pleno dia;Decrescente;C�u Claro;M�ltipla;Reta;Sim;3;0;1;0;2;0;1;3;-22,742624;-43,518062;SPRF-RJ;DEL06-RJ;UOP01-DEL06-RJ;;;
669644;26/03/2025;quarta-feira;07:50:00;PR;277;83;CURITIBA;Trafegar com motocicleta (ou similar) entre as faixas;Colis�o traseira;Com V�timas Feridas;Amanhecer;Crescente;Garoa/Chuvisco;M�ltipla;Reta;Sim;2;0;1;0;1;0;1;2;-25,44892273;-49,22928572;SPRF-PR;DEL01-PR;UOP03-DEL01-PR;;;
669645;26/03/2025;quarta-feira;08:50:00;SP;116;211;GUARULHOS;Aus�ncia de rea��o do condutor;Tombamento;Com V�timas Feridas;Pleno dia;Crescente;Nublado;M�ltipla;Reta;Sim;1;0;0;1;0;0;1;1;-23,4341968;-46,424607;SPRF-SP;DEL01-SP;UOP01-DEL01-SP;;;
669646;26/03/2025;quarta-feira;08:10:00;PR;277;11;PARANAGUA;Retorno proibido;Colis�o transversal;Com V�timas Feridas;Pleno dia;Crescente;C�u Claro;Dupla;Reta;N�o;2;0;0;1;1;0;1;2;-25,56613354;-48,62440282;SPRF-PR;DEL01-PR;UOP05-DEL01-PR;;;
669647;26/03/2025;quarta-feira;07:30:00;GO;70;11,8;AGUAS LINDAS DE GOIAS;Aus�ncia de rea��o do condutor;Queda de ocupante de ve�culo;Com V�timas Fatais;Pleno dia;Decrescente;C�u Claro;Dupla;"Curva;Aclive";Sim;1;1;0;0;0;0;0;1;-15,74069;-48,311478;SPRF-DF;DEL03-DF;UOP02-DEL03-DF;;;
669651;26/03/2025;quarta-feira;09:00:00;SP;116;169;JACAREI;Rea��o tardia ou ineficiente do condutor;Capotamento;Com V�timas Feridas;Pleno dia;Decrescente;C�u Claro;Dupla;Reta;N�o;2;0;1;0;1;0;1;1;-23,29028308;-45,9959559;SPRF-SP;DEL02-SP;UOP01-DEL02-SP;;;
669652;26/03/2025;quarta-feira;04:00:00;PB;230;156;CAMPINA GRANDE;Aus�ncia de rea��o do condutor;Sa�da de leito carro��vel;Sem V�timas;Amanhecer;Crescente;C�u Claro;Simples;"Reta;Em Obras;Interse��o de Vias";Sim;1;0;0;0;0;1;0;1;-7,267738;-35,915422;SPRF-PB;DEL02-PB;UOP01-DEL02-PB;;;
669653;26/03/2025;quarta-feira;07:40:00;RO;364;535,6;ALTO PARAISO;Condutor deixou de manter dist�ncia do ve�culo da frente;Colis�o traseira;Sem V�timas;Pleno dia;Crescente;Chuva;Simples;Reta;N�o;7;0;0;0;7;0;0;2;-9,752817;-63,101997;SPRF-RO;DEL03-RO;UOP01-DEL03-RO;;;
669655;07/03/2025;sexta-feira;06:50:00;SC;280;28;ARAQUARI;Acessar a via sem observar a presen�a dos outros ve�culos;Colis�o transversal;Com V�timas Feridas;Pleno dia;Crescente;C�u Claro;Simples;Reta;Sim;2;0;1;0;1;0;1;2;-26,39627996;-48,73973966;SPRF-SC;DEL03-SC;UOP03-DEL03-SC;;;
669656;26/03/2025;quarta-feira;08:25:00;BA;330;795;JEQUIE;Rea��o tardia ou ineficiente do condutor;Sa�da de leito carro��vel;Com V�timas Feridas;Pleno dia;Crescente;C�u Claro;Simples;Reta;N�o;2;0;2;0;0;0;2;1;-13,913075;-40,013063;SPRF-BA;DEL03-BA;UOP01-DEL03-BA;;;
669657;25/03/2025;ter�a-feira;17:39:00;PE;316;25;ARARIPINA;Fuma�a;Eventos at�picos;Sem V�timas;Plena Noite;Crescente;C�u Claro;Simples;Curva;Sim;2;0;0;0;2;0;0;1;-7,585932;-40,498347;SPRF-PE;DEL05-PE;UOP02-DEL05-PE;;;
669658;26/03/2025;quarta-feira;09:26:00;GO;153;612;MORRINHOS;Chuva;Sa�da de leito carro��vel;Com V�timas Feridas;Pleno dia;Decrescente;Chuva;Dupla;Reta;N�o;1;0;1;0;0;0;1;1;-17,642116;-49,173785;SPRF-GO;DEL03-GO;UOP01-DEL03-GO;;;
669662;26/03/2025;quarta-feira;10:15:00;RS;285;472,3;CORONEL BARROS;Aus�ncia de rea��o do condutor;Colis�o traseira;Com V�timas Feridas;Pleno dia;Crescente;C�u Claro;Simples;"Reta;Declive";N�o;3;0;0;1;2;0;1;2;-28,3840553;-54,02955271;SPRF-RS;DEL10-RS;UOP01-DEL10-RS;;;
669664;26/03/2025;quarta-feira;09:30:00;RJ;101;297;ITABORAI;Transitar na cal�ada;Colis�o lateral mesmo sentido;Com V�timas Feridas;Pleno dia;Crescente;C�u Claro;Simples;Reta;Sim;3;0;1;0;2;0;1;2;-22,77084054;-42,92835506;SPRF-RJ;DEL02-RJ;UOP02-DEL02-RJ;;;
669665;26/03/2025;quarta-feira;09:40:00;PR;277;721;FOZ DO IGUACU;Manobra de mudan�a de faixa;Colis�o traseira;Com V�timas Feridas;Pleno dia;Crescente;C�u Claro;Dupla;Reta;Sim;3;0;1;0;2;0;1;2;-25,5096622;-54,5956527;SPRF-PR;DEL05-PR;UOP03-DEL05-PR;;;
669666;26/03/2025;quarta-feira;10:00:00;PR;116;40;CAMPINA GRANDE DO SUL;Rea��o tardia ou ineficiente do condutor;Sa�da de leito carro��vel;Com V�timas Feridas;Pleno dia;Decrescente;C�u Claro;Dupla;Reta;N�o;2;0;1;0;1;0;1;1;-25,28768269;-48,93098652;SPRF-PR;DEL01-PR;UOP02-DEL01-PR;;;
669667;26/03/2025;quarta-feira;00:10:00;PE;0;0;OURICURI;Demais falhas na via;Tombamento;Sem V�timas;Plena Noite;N�o Informado;C�u Claro;Simples;Reta;Sim;2;0;0;0;2;0;0;2;-7,88240423;-40,08315849;SPRF-PE;DEL05-PE;UOP02-DEL05-PE;;;
669668;26/03/2025;quarta-feira;11:10:00;PE;232;58;POMBOS;Pedestre cruzava a pista fora da faixa;Atropelamento de Pedestre;Com V�timas Feridas;Pleno dia;Decrescente;C�u Claro;Dupla;Reta;Sim;2;0;0;1;1;0;1;2;-8,145842;-35,392587;SPRF-PE;DEL02-PE;UOP02-DEL02PE;;;
669673;26/03/2025;quarta-feira;11:30:00;SP;116;513;BARRA DO TURVO;Rea��o tardia ou ineficiente do condutor;Capotamento;Com V�timas Feridas;Pleno dia;Crescente;Chuva;M�ltipla;Curva;N�o;2;0;1;0;1;0;1;1;-24,9288213;-48,2715915;SPRF-SP;DEL05-SP;UOP02-DEL05-SP;;;
669674;26/03/2025;quarta-feira;11:00:00;MS;163;475,7;CAMPO GRANDE;Acessar a via sem observar a presen�a dos outros ve�culos;Colis�o transversal;Com V�timas Feridas;Pleno dia;Crescente;C�u Claro;Simples;"Reta;Interse��o de Vias";Sim;3;0;1;0;2;0;1;2;-20,51380064;-54,56223423;SPRF-MS;DEL01-MS;UOP01-DEL01-MS;;;
669677;26/03/2025;quarta-feira;11:00:00;GO;60;5;SANTO ANTONIO DO DESCOBERTO;Acumulo de �gua sobre o pavimento;Sa�da de leito carro��vel;Com V�timas Feridas;Pleno dia;Decrescente;Chuva;Dupla;Reta;N�o;3;0;2;0;1;0;2;2;-16,09103171;-48,27740192;SPRF-DF;DEL03-DF;UOP01-DEL03-DF;;;
669678;26/03/2025;quarta-feira;10:45:00;SC;282;674,6;PARAISO;Aus�ncia de rea��o do condutor;Sa�da de leito carro��vel;Com V�timas Feridas;Pleno dia;Decrescente;Sol;Simples;"Declive;Curva";N�o;1;0;0;1;0;0;1;1;-26,61350771;-53,68310452;SPRF-SC;DEL07-SC;UOP03-DEL07-SC;;;
669679;26/03/2025;quarta-feira;12:10:00;SC;101;145;ITAPEMA;Condutor deixou de manter dist�ncia do ve�culo da frente;Engavetamento;Com V�timas Feridas;Pleno dia;Decrescente;C�u Claro;Dupla;Curva;Sim;3;0;1;0;2;0;1;3;-27,07931159;-48,59986413;SPRF-SC;DEL04-SC;UOP03-DEL04-SC;;;
669681;26/03/2025;quarta-feira;11:40:00;PR;116;42;CAMPINA GRANDE DO SUL;Velocidade Incompat�vel;Sa�da de leito carro��vel;Com V�timas Feridas;Pleno dia;Crescente;Garoa/Chuvisco;Simples;Curva;N�o;2;0;1;0;1;0;1;1;-25,176951;-48,878069;SPRF-PR;DEL01-PR;UOP02-DEL01-PR;;;
669683;28/02/2025;sexta-feira;19:00:00;RS;386;11;IRAI;Acumulo de areia ou detritos sobre o pavimento;Colis�o traseira;Sem V�timas;Anoitecer;Crescente;C�u Claro;Simples;"Reta;Retorno Regulamentado";N�o;2;0;0;0;2;0;0;2;-27,2241655;-53,31480296;SPRF-RS;DEL08-RS;UOP02-DEL08-RS;;;
669686;26/03/2025;quarta-feira;12:25:00;SC;101;420,9;ARARANGUA;Acessar a via sem observar a presen�a dos outros ve�culos;Tombamento;Com V�timas Feridas;Pleno dia;Decrescente;Nublado;Simples;"Reta;Interse��o de Vias";Sim;2;0;1;0;1;0;1;2;-29,00488679;-49,56291631;SPRF-SC;DEL02-SC;UOP02-DEL02-SC;;;