id;data_inversa;dia_semana;horario;uf;br;km;municipio;causa_acidente;tipo_acidente;classificacao_acidente;fase_dia;sentido_via;condicao_metereologica;tipo_pista;tracado_via;uso_solo;pessoas;mortos;feridos_leves;feridos_graves;ilesos;ignorados;feridos;veiculos;latitude;longitude;regional;delegacia;uop;;;
669687;26/03/2025;quarta-feira;12:35:00;GO;153;423,3;ANAPOLIS;Avarias e/ou desgaste excessivo no pneu;Sa�da de leito carro��vel;Sem V�timas;Pleno dia;Decrescente;Chuva;Dupla;Declive;N�o;1;0;0;0;1;0;0;1;-16,218636;-49,014598;SPRF-GO;DEL02-GO;UOP01-DEL02-GO;;;
669688;26/03/2025;quarta-feira;13:15:00;RS;285;460,3;IJUI;Desrespeitar a prefer�ncia no cruzamento;Colis�o transversal;Com V�timas Feridas;Pleno dia;Crescente;Sol;Simples;Interse��o de Vias;Sim;2;0;2;0;0;0;2;2;-28,41850819;-53,91589696;SPRF-RS;DEL10-RS;UOP01-DEL10-RS;;;
669689;26/03/2025;quarta-feira;13:20:00;PE;232;253;ARCOVERDE;Rea��o tardia ou ineficiente do condutor;Colis�o transversal;Com V�timas Feridas;Pleno dia;Decrescente;C�u Claro;Dupla;Interse��o de Vias;N�o;2;0;2;0;0;0;2;2;-8,43068126;-37,06345618;SPRF-PE;DEL04-PE;UOP02-DEL04-PE;;;
669691;26/03/2025;quarta-feira;13:20:00;PB;101;28,7;RIO TINTO;Velocidade Incompat�vel;Engavetamento;Sem V�timas;Pleno dia;Decrescente;C�u Claro;Dupla;"Em Obras;Reta";N�o;4;0;0;0;4;0;0;4;-6,738491;-35,129886;SPRF-PB;DEL01-PB;UOP03-DEL01-PB;;;
669693;26/03/2025;quarta-feira;08:45:00;SC;163;86;GUARACIABA;Ultrapassagem Indevida;Colis�o lateral mesmo sentido;Com V�timas Feridas;Pleno dia;Decrescente;C�u Claro;Simples;"Em Obras;Reta;Declive";N�o;4;0;1;0;1;2;1;3;-26,60183278;-53,51642534;SPRF-SC;DEL07-SC;UOP03-DEL07-SC;;;
669696;12/03/2025;quarta-feira;06:30:00;TO;153;6;XAMBIOA;Transitar no Acostamento;Atropelamento de Pedestre;Com V�timas Feridas;Amanhecer;Crescente;Sol;Simples;Reta;N�o;3;0;2;0;0;1;2;2;-6,4116899;-48,54266479;SPRF-TO;DEL02-TO;UOP01-DEL02-TO;;;
669697;26/03/2025;quarta-feira;09:30:00;RO;364;10;VILHENA;Acessar a via sem observar a presen�a dos outros ve�culos;Colis�o transversal;Com V�timas Feridas;Pleno dia;Decrescente;Nublado;Simples;Reta;Sim;2;0;1;0;1;0;1;2;-12,74727614;-60,11161147;SPRF-RO;DEL04-RO;UOP01-DEL04-RO;;;
669698;26/03/2025;quarta-feira;09:20:00;MG;365;549;ROMARIA;Acumulo de �leo sobre o pavimento;Sa�da de leito carro��vel;Com V�timas Feridas;Pleno dia;Decrescente;Chuva;Simples;Reta;N�o;2;0;1;0;1;0;1;1;-18,93026072;-47,65796693;SPRF-MG;DEL10-MG;UOP01-DEL10-MG;;;
669699;04/02/2025;ter�a-feira;14:05:00;MG;381;488;BETIM;Aus�ncia de rea��o do condutor;Colis�o com objeto;Com V�timas Feridas;Pleno dia;Decrescente;C�u Claro;Dupla;Curva;N�o;1;0;1;0;0;0;1;1;-19,95727485;-44,11939859;SPRF-MG;DEL01-MG;UOP03-DEL01-MG;;;
669701;26/03/2025;quarta-feira;12:20:00;BA;116;384;SANTA BARBARA;Ultrapassagem Indevida;Colis�o frontal;Com V�timas Feridas;Pleno dia;Decrescente;Sol;Simples;"Declive;Reta";N�o;2;0;1;0;1;0;1;2;-11,89164;-38,98112;SPRF-BA;DEL02-BA;UOP01-DEL02-BA;;;
669702;26/03/2025;quarta-feira;13:25:00;PE;232;48;VITORIA DE SANTO ANTAO;Rea��o tardia ou ineficiente do condutor;Colis�o traseira;Sem V�timas;Pleno dia;Crescente;C�u Claro;Dupla;Viaduto;Sim;2;0;0;0;2;0;0;2;-8,143576;-35,310154;SPRF-PE;DEL01-PE;UOP01-DEL01-PE;;;
669705;26/03/2025;quarta-feira;12:50:00;MG;40;103,1;LAGOA GRANDE;Objeto est�tico sobre o leito carro��vel;Colis�o com objeto;Com V�timas Feridas;Pleno dia;Decrescente;Chuva;Simples;Reta;N�o;1;0;1;0;0;0;1;1;-17,581769;-46,489328;SPRF-MG;DEL14-MG;UOP01-DEL14-MG;;;
669706;26/03/2025;quarta-feira;14:30:00;PB;230;41;SANTA RITA;Condutor usando celular;Colis�o com objeto;Com V�timas Fatais;Pleno dia;Decrescente;C�u Claro;Dupla;Curva;Sim;1;1;0;0;0;0;0;1;-7,142046;-34,994225;SPRF-PB;DEL01-PB;UOP02-DEL01-PB;;;
669707;26/03/2025;quarta-feira;14:35:00;SC;101;205;SAO JOSE;Condutor deixou de manter dist�ncia do ve�culo da frente;Colis�o traseira;Com V�timas Feridas;Pleno dia;Decrescente;Nublado;M�ltipla;Reta;Sim;3;0;2;0;1;0;2;2;-27,58334152;-48,61517385;SPRF-SC;DEL01-SC;UOP01-DEL01-SC;;;
669708;19/03/2025;quarta-feira;06:25:00;PR;376;606;CURITIBA;Manobra de mudan�a de faixa;Colis�o lateral mesmo sentido;Com V�timas Feridas;Amanhecer;Decrescente;C�u Claro;M�ltipla;Reta;N�o;2;0;1;0;0;1;1;2;-25,54383381;-49,30542111;SPRF-PR;DEL01-PR;UOP06-DEL01-PR;;;
669711;26/03/2025;quarta-feira;13:20:00;MT;70;732;CACERES;Acesso irregular;Colis�o transversal;Com V�timas Feridas;Pleno dia;Crescente;Sol;Simples;Reta;Sim;2;0;1;0;1;0;1;2;-16,08994;-57,69059;SPRF-MT;DEL03-MT;UOP01-DEL03-MT;;;
669713;26/03/2025;quarta-feira;08:06:00;RJ;101;318;SAO GONCALO;Acessar a via sem observar a presen�a dos outros ve�culos;Colis�o lateral mesmo sentido;Com V�timas Feridas;Pleno dia;Crescente;C�u Claro;Dupla;Reta;Sim;2;0;1;0;1;0;1;2;-22,84399487;-43,0969288;SPRF-RJ;DEL02-RJ;UOP02-DEL02-RJ;;;
669714;26/03/2025;quarta-feira;15:15:00;MG;40;740,5;SANTOS DUMONT;Transitar na contram�o;Colis�o frontal;Com V�timas Feridas;Pleno dia;Decrescente;Nublado;Simples;"Aclive;Curva";Sim;2;0;0;2;0;0;2;2;-21,433084;-43,552238;SPRF-MG;DEL05-MG;UOP01-DEL05-MG;;;
669715;26/03/2025;quarta-feira;15:00:00;MA;10;236;GOVERNADOR EDISON LOBAO;Acessar a via sem observar a presen�a dos outros ve�culos;Colis�o transversal;Com V�timas Feridas;Pleno dia;Crescente;C�u Claro;Simples;Reta;Sim;2;0;0;1;1;0;1;2;-5,64912;-47,393415;SPRF-MA;DEL04-MA;UOP01-DEL04-MA;;;
669717;26/03/2025;quarta-feira;10:00:00;RJ;101;510;ANGRA DOS REIS;Condutor deixou de manter dist�ncia do ve�culo da frente;Colis�o traseira;Com V�timas Feridas;Pleno dia;Crescente;C�u Claro;Simples;Reta;N�o;4;0;1;0;3;0;1;3;-22,94743757;-44,43279004;SPRF-RJ;DEL03-RJ;UOP03-DEL03-RJ;;;
669718;26/03/2025;quarta-feira;16:15:00;RJ;116;181;SAO JOAO DE MERITI;Acessar a via sem observar a presen�a dos outros ve�culos;Colis�o lateral mesmo sentido;Com V�timas Feridas;Pleno dia;Crescente;C�u Claro;Simples;Reta;N�o;4;0;2;0;2;0;2;3;-22,8032512;-43,3422336;SPRF-RJ;DEL06-RJ;UOP01-DEL06-RJ;;;
669720;09/01/2025;quinta-feira;20:20:00;RS;116;266;CANOAS;Velocidade Incompat�vel;Colis�o lateral mesmo sentido;Sem V�timas;Plena Noite;Crescente;C�u Claro;Dupla;Reta;N�o;2;0;0;0;2;0;0;2;-29,93242399;-51,17742077;SPRF-RS;DEL01-RS;UOP01-DEL01-RS;;;
669724;26/03/2025;quarta-feira;15:30:00;SP;101;32,9;UBATUBA;Convers�o proibida;Colis�o transversal;Com V�timas Feridas;Pleno dia;Crescente;Nublado;Simples;Curva;N�o;3;0;0;1;2;0;1;2;-23,38990956;-44,98695189;SPRF-SP;DEL06-SP;UOP01-DEL06-SP;;;
669725;26/03/2025;quarta-feira;16:30:00;CE;20;203;BOA VIAGEM;Manobra de mudan�a de faixa;Capotamento;Com V�timas Feridas;Pleno dia;Decrescente;C�u Claro;Simples;Reta;Sim;1;0;0;1;0;0;1;1;-5,1257679;-39,7360384;SPRF-CE;DEL02-CE;UOP02-DEL02-CE;;;
669728;26/03/2025;quarta-feira;15:00:00;AL;101;39;FLEXEIRAS;Condutor Dormindo;Sa�da de leito carro��vel;Com V�timas Feridas;Pleno dia;Decrescente;C�u Claro;Dupla;Curva;N�o;3;0;3;0;0;0;3;1;-9,157111;-35,767818;SPRF-AL;DEL01-AL;UOP02-DEL01-AL;;;
669729;26/03/2025;quarta-feira;16:00:00;PE;232;40,9;VITORIA DE SANTO ANTAO;Rea��o tardia ou ineficiente do condutor;Colis�o traseira;Sem V�timas;Pleno dia;Crescente;C�u Claro;Dupla;"Reta;Aclive";N�o;3;0;0;0;1;2;0;2;-8,113981;-35,242506;SPRF-PE;DEL01-PE;UOP01-DEL01-PE;;;
669730;26/03/2025;quarta-feira;16:50:00;SC;101;120;ITAJAI;Acumulo de �leo sobre o pavimento;Tombamento;Com V�timas Feridas;Anoitecer;Crescente;Nublado;Simples;"Curva;Declive";N�o;1;0;0;1;0;0;1;1;-26,91948181;-48,71075923;SPRF-SC;DEL04-SC;UOP04-DEL04-SC;;;
669731;26/03/2025;quarta-feira;16:00:00;GO;60;338;SANTO ANTONIO DA BARRA;Animais na Pista;Capotamento;Com V�timas Feridas;Pleno dia;Decrescente;C�u Claro;Dupla;Reta;Sim;1;0;1;0;0;0;1;1;-17,557035;-50,617932;SPRF-GO;DEL04-GO;UOP02-DEL04-GO;;;
669733;26/03/2025;quarta-feira;16:57:00;RJ;101;325;RIO DE JANEIRO;Aus�ncia de rea��o do condutor;Colis�o traseira;Com V�timas Feridas;Amanhecer;Crescente;C�u Claro;Dupla;"Reta;Ponte";Sim;3;0;1;0;2;0;1;3;-22,872385;-43,141333;SPRF-RJ;DEL02-RJ;UOP01-DEL02-RJ;;;
669735;26/03/2025;quarta-feira;16:30:00;MS;262;325,7;CAMPO GRANDE;Pedestre andava na pista;Tombamento;Com V�timas Feridas;Pleno dia;Crescente;Garoa/Chuvisco;Dupla;Reta;Sim;1;0;1;0;0;0;1;1;-20,46817367;-54,53648502;SPRF-MS;DEL01-MS;UOP01-DEL01-MS;;;
669736;26/03/2025;quarta-feira;16:20:00;RJ;116;182;NOVA IGUACU;Condutor deixou de manter dist�ncia do ve�culo da frente;Colis�o traseira;Com V�timas Feridas;Pleno dia;Crescente;C�u Claro;Dupla;Reta;N�o;2;0;1;0;1;0;1;2;-22,75656284;-43,43131173;SPRF-RJ;DEL06-RJ;UOP01-DEL06-RJ;;;
669737;26/03/2025;quarta-feira;16:40:00;PR;277;708;SANTA TEREZINHA DE ITAIPU;Aus�ncia de rea��o do condutor;Sa�da de leito carro��vel;Sem V�timas;Pleno dia;Crescente;C�u Claro;Dupla;Reta;Sim;1;0;0;0;1;0;0;1;-25,444457;-54,399113;SPRF-PR;DEL05-PR;UOP01-DEL05-PR;;;
669739;26/03/2025;quarta-feira;17:20:00;RJ;40;110;DUQUE DE CAXIAS;Acumulo de areia ou detritos sobre o pavimento;Tombamento;Com V�timas Feridas;Pleno dia;Decrescente;Nublado;M�ltipla;Reta;Sim;1;0;1;0;0;0;1;1;-22,68221376;-43,28527141;SPRF-RJ;DEL01-RJ;UOP02-DEL01-RJ;;;
669740;26/03/2025;quarta-feira;17:20:00;SC;282;17,9;PALHOCA;Velocidade Incompat�vel;Colis�o lateral sentido oposto;Com V�timas Fatais;Pleno dia;Decrescente;Nublado;Simples;Reta;Sim;4;1;0;1;2;0;1;3;-27,67242;-48,692851;SPRF-SC;DEL01-SC;UOP02-DEL01-SC;;;
669742;26/03/2025;quarta-feira;18:00:00;RS;116;232,5;NOVO HAMBURGO;Acessar a via sem observar a presen�a dos outros ve�culos;Colis�o transversal;Com V�timas Feridas;Anoitecer;Decrescente;C�u Claro;Simples;"Aclive;Curva;Interse��o de Vias";Sim;4;0;1;0;3;0;1;2;-29,63748039;-51,1420263;SPRF-RS;DEL01-RS;UOP02-DEL01-RS;;;
669743;26/03/2025;quarta-feira;18:30:00;PB;230;23;JOAO PESSOA;Aus�ncia de rea��o do condutor;Colis�o traseira;Com V�timas Feridas;Anoitecer;Decrescente;C�u Claro;Dupla;Reta;N�o;3;0;0;2;1;0;2;2;-7,16;-34,859;SPRF-PB;DEL01-PB;UOP01-DEL01-PB;;;
669744;26/03/2025;quarta-feira;18:20:00;MG;262;442,3;NOVA SERRANA;Velocidade Incompat�vel;Colis�o traseira;Com V�timas Feridas;Pleno dia;Decrescente;C�u Claro;Dupla;"Reta;Aclive";N�o;2;0;1;0;1;0;1;2;-19,87263;-44,967103;SPRF-MG;DEL08-MG;UOP03-DEL08-MG;;;
669745;26/03/2025;quarta-feira;18:00:00;RJ;101;308;SAO GONCALO;Rea��o tardia ou ineficiente do condutor;Engavetamento;Com V�timas Feridas;Anoitecer;Crescente;C�u Claro;Dupla;Reta;Sim;5;0;1;0;4;0;1;3;-22,79423814;-43,03095633;SPRF-RJ;DEL02-RJ;UOP02-DEL02-RJ;;;
669746;26/03/2025;quarta-feira;16:20:00;BA;235;350;JUAZEIRO;Acessar a via sem observar a presen�a dos outros ve�culos;Colis�o transversal;Com V�timas Feridas;Pleno dia;Crescente;C�u Claro;Dupla;Reta;Sim;2;0;0;1;1;0;1;2;-9,43385334;-40,50161362;SPRF-PE;DEL06-PE;UOP01-DEL06-PE;;;
669747;26/03/2025;quarta-feira;18:45:00;RS;290;1,4;PORTO ALEGRE;Avarias e/ou desgaste excessivo no pneu;Tombamento;Com V�timas Feridas;Plena Noite;Crescente;C�u Claro;Dupla;Reta;N�o;2;0;1;1;0;0;2;1;-29,99028059;-51,22605103;SPRF-RS;DEL01-RS;UOP01-DEL01-RS;;;
669751;26/03/2025;quarta-feira;15:20:00;MS;163;3;MUNDO NOVO;Condutor usando celular;Engavetamento;Com V�timas Feridas;Pleno dia;Decrescente;C�u Claro;Simples;Reta;N�o;3;0;1;0;2;0;1;3;-24,026824;-54,2888912;SPRF-MS;DEL09-MS;UOP02-DEL09-MS;;;
669754;26/03/2025;quarta-feira;15:40:00;MA;316;434;PERITORO;Transitar na contram�o;Colis�o frontal;Com V�timas Fatais;Pleno dia;Decrescente;Sol;Dupla;Curva;Sim;3;1;0;0;2;0;0;3;-4,409883;-44,2576774;SPRF-MA;DEL03-MA;UOP01-DEL03-MA;;;
669755;26/03/2025;quarta-feira;18:00:00;MS;163;483;CAMPO GRANDE;Animais na Pista;Queda de ocupante de ve�culo;Com V�timas Feridas;Plena Noite;Crescente;C�u Claro;Simples;Reta;Sim;2;0;1;0;1;0;1;1;-20,42380214;-54,54663635;SPRF-MS;DEL01-MS;UOP02-DEL01-MS;;;
669756;26/03/2025;quarta-feira;14:00:00;SC;470;2;NAVEGANTES;Acessar a via sem observar a presen�a dos outros ve�culos;Colis�o lateral mesmo sentido;Com V�timas Feridas;Pleno dia;Crescente;Nublado;M�ltipla;Interse��o de Vias;N�o;2;0;1;0;1;0;1;2;-26,87052479;-48,67246985;SPRF-SC;DEL04-SC;UOP04-DEL04-SC;;;
669757;26/03/2025;quarta-feira;14:00:00;PI;316;314;PICOS;Acessar a via sem observar a presen�a dos outros ve�culos;Colis�o transversal;Com V�timas Feridas;Pleno dia;Crescente;C�u Claro;Dupla;Reta;Sim;2;0;1;0;1;0;1;2;-7,07839281;-41,4387005;SPRF-PI;DEL04-PI;UOP01-DEL04-PI;;;
669759;26/03/2025;quarta-feira;19:20:00;ES;262;152;IBATIBA;Ultrapassagem Indevida;Colis�o frontal;Com V�timas Feridas;Plena Noite;Crescente;Nublado;Simples;Reta;N�o;2;0;0;1;1;0;1;2;-20,21835445;-41,45132446;SPRF-ES;DEL01-ES;UOP02-DEL01-ES;;;
669760;26/03/2025;quarta-feira;18:40:00;PB;230;24;JOAO PESSOA;Condutor deixou de manter dist�ncia do ve�culo da frente;Colis�o lateral mesmo sentido;Com V�timas Feridas;Plena Noite;Crescente;C�u Claro;Dupla;Reta;Sim;3;0;2;0;0;1;2;2;-7,15185286;-34,8535607;SPRF-PB;DEL01-PB;UOP01-DEL01-PB;;;
669762;26/03/2025;quarta-feira;19:59:00;RJ;101;331;RIO DE JANEIRO;Aus�ncia de rea��o do condutor;Colis�o traseira;Com V�timas Feridas;Plena Noite;Crescente;C�u Claro;Dupla;Reta;Sim;2;0;1;0;1;0;1;2;-22,868375;-43,200073;SPRF-RJ;DEL02-RJ;UOP01-DEL02-RJ;;;
669763;26/03/2025;quarta-feira;19:30:00;PR;277;128,5;CAMPO LARGO;Pedestre cruzava a pista fora da faixa;Atropelamento de Pedestre;Com V�timas Fatais;Plena Noite;Decrescente;C�u Claro;Dupla;Reta;Sim;3;1;0;0;2;0;0;2;-25,439543;-49,55356;SPRF-PR;DEL03-PR;UOP03-DEL03-PR;;;
669764;26/03/2025;quarta-feira;18:55:00;MG;116;606;SAO JOAO DO MANHUACU;Acessar a via sem observar a presen�a dos outros ve�culos;Atropelamento de Pedestre;Com V�timas Feridas;Plena Noite;Crescente;C�u Claro;Simples;Reta;N�o;2;0;0;1;1;0;1;2;-20,397269;-42,14898;SPRF-MG;DEL06-MG;UOP03-DEL06-MG;;;
669767;26/03/2025;quarta-feira;20:30:00;MG;40;524,6;CONTAGEM;Avarias e/ou desgaste excessivo no pneu;Tombamento;Com V�timas Feridas;Plena Noite;Crescente;Nublado;Dupla;Reta;Sim;1;0;1;0;0;0;1;1;-19,86994343;-44,0582203;SPRF-MG;DEL01-MG;UOP02-DEL01-MG;;;
669769;26/03/2025;quarta-feira;20:50:00;RS;470;227;GARIBALDI;Rea��o tardia ou ineficiente do condutor;Queda de ocupante de ve�culo;Com V�timas Feridas;Plena Noite;Decrescente;C�u Claro;Dupla;"Aclive;Curva";N�o;1;0;1;0;0;0;1;1;-29,26029652;-51,5079366;SPRF-RS;DEL06-RS;UOP01-DEL06-RS;;;
669770;26/03/2025;quarta-feira;19:40:00;PB;104;130;CAMPINA GRANDE;Sinaliza��o mal posicionada;Sa�da de leito carro��vel;Com V�timas Feridas;Plena Noite;Decrescente;C�u Claro;Simples;Desvio Tempor�rio;Sim;1;0;1;0;0;0;1;1;-7,27943;-35,88891;SPRF-PB;DEL02-PB;UOP01-DEL02-PB;;;
669772;26/03/2025;quarta-feira;20:20:00;SC;101;358,3;JAGUARUNA;Aus�ncia de rea��o do condutor;Sa�da de leito carro��vel;Com V�timas Feridas;Plena Noite;Decrescente;C�u Claro;Dupla;Reta;N�o;3;0;2;0;1;0;2;1;-28,59769228;-49,04879881;SPRF-SC;DEL02-SC;UOP01-DEL02-SC;;;
669774;26/03/2025;quarta-feira;19:00:00;SC;280;230;CANOINHAS;Condutor usando celular;Capotamento;Com V�timas Feridas;Plena Noite;Crescente;Nublado;Simples;"Aclive;Reta";Sim;1;0;1;0;0;0;1;1;-26,18687645;-50,35696045;SPRF-SC;DEL06-SC;UOP04-DEL06-SC;;;
669775;26/03/2025;quarta-feira;19:15:00;BA;116;10,1;VITORIA DA CONQUISTA;Acessar a via sem observar a presen�a dos outros ve�culos;Colis�o transversal;Com V�timas Feridas;Pleno dia;Decrescente;C�u Claro;Simples;Declive;Sim;2;0;0;2;0;0;2;2;-14,855955;-40,879091;SPRF-BA;DEL08-BA;UOP01-DEL08-BA;;;
669776;26/03/2025;quarta-feira;22:12:00;GO;364;87;CACHOEIRA ALTA;Animais na Pista;Atropelamento de Animal;Com V�timas Feridas;Plena Noite;Crescente;Chuva;Simples;"Reta;Aclive";N�o;2;0;1;0;1;0;1;1;-18,51953566;-51,06384985;SPRF-GO;DEL05-GO;UOP02-DEL05-GO;;;
669779;26/03/2025;quarta-feira;22:10:00;DF;80;23;BRASILIA;Pedestre andava na pista;Atropelamento de Pedestre;Com V�timas Fatais;Plena Noite;Decrescente;C�u Claro;Simples;Reta;N�o;2;1;0;0;0;1;0;2;-15,64478039;-48,20145702;SPRF-DF;DEL03-DF;UOP02-DEL03-DF;;;
669780;26/03/2025;quarta-feira;21:40:00;RJ;116;288;BARRA MANSA;Far�is desregulados;Colis�o com objeto;Com V�timas Feridas;Plena Noite;Crescente;Nublado;Dupla;Curva;N�o;1;0;1;0;0;0;1;1;-22,4876341;-44,24693629;SPRF-RJ;DEL07-RJ;UOP02-DEL07-RJ;;;
669782;26/03/2025;quarta-feira;23:19:00;SP;116;218,9;GUARULHOS;Rea��o tardia ou ineficiente do condutor;Tombamento;Com V�timas Feridas;Plena Noite;Decrescente;Nublado;M�ltipla;"Desvio Tempor�rio;Retorno Regulamentado;Reta;Em Obras;Interse��o de Vias";Sim;2;0;1;0;1;0;1;1;-23,463466;-46,494656;SPRF-SP;DEL01-SP;UOP01-DEL01-SP;;;
669784;26/03/2025;quarta-feira;21:45:00;RS;285;128;VACARIA;Transitar na contram�o;Colis�o frontal;Com V�timas Feridas;Plena Noite;Crescente;C�u Claro;Simples;Reta;N�o;3;0;1;0;2;0;1;2;-28,4712892;-50,96855342;SPRF-RS;DEL05-RS;UOP03-DEL05-RS;;;
669786;26/03/2025;quarta-feira;23:00:00;GO;153;700,2;ITUMBIARA;Acesso irregular;Atropelamento de Pedestre;Sem V�timas;Plena Noite;Crescente;Nublado;Simples;Reta;N�o;1;0;0;0;1;0;0;1;-18,3271424;-49,2437504;SPRF-GO;DEL03-GO;UOP02-DEL03-GO;;;
669788;27/03/2025;quinta-feira;00:45:00;PR;376;184,5;SARANDI;Aus�ncia de rea��o do condutor;Sa�da de leito carro��vel;Sem V�timas;Plena Noite;Crescente;C�u Claro;Dupla;Reta;Sim;1;0;0;0;0;1;0;1;-23,443868;-51,866767;SPRF-PR;DEL09-PR;UOP01-DEL09-PR;;;
669789;26/03/2025;quarta-feira;23:00:00;MS;463;19,6;DOURADOS;Ingest�o de �lcool pelo condutor;Colis�o frontal;Com V�timas Feridas;Plena Noite;Decrescente;C�u Claro;Simples;Reta;N�o;2;0;1;0;1;0;1;2;-22,256862;-54,982158;SPRF-MS;DEL04-MS;UOP03-DEL04-MS;;;
669790;26/03/2025;quarta-feira;22:20:00;BA;116;16,6;VITORIA DA CONQUISTA;Desrespeitar a prefer�ncia no cruzamento;Colis�o transversal;Com V�timas Feridas;Plena Noite;Decrescente;C�u Claro;Simples;Interse��o de Vias;Sim;3;0;2;0;1;0;2;2;-14,902488;-40,844283;SPRF-BA;DEL08-BA;UOP01-DEL08-BA;;;
669794;27/03/2025;quinta-feira;00:55:00;SP;381;82;SAO PAULO;Condutor Dormindo;Capotamento;Com V�timas Feridas;Plena Noite;Decrescente;C�u Claro;Dupla;Reta;Sim;1;0;0;1;0;0;1;1;-23,43480559;-46,56823933;SPRF-SP;DEL03-SP;UOP01-DEL03-SP;;;
669798;27/03/2025;quinta-feira;02:30:00;MG;381;893,9;CAMBUI;Aus�ncia de rea��o do condutor;Sa�da de leito carro��vel;Com V�timas Feridas;Plena Noite;Crescente;C�u Claro;Dupla;Reta;N�o;1;0;1;0;0;0;1;1;-22,57405249;-46,042521;SPRF-MG;DEL16-MG;UOP01-DEL16-MG;;;
669799;27/03/2025;quinta-feira;03:05:00;SP;381;14;BRAGANCA PAULISTA;Condutor deixou de manter dist�ncia do ve�culo da frente;Colis�o lateral mesmo sentido;Com V�timas Feridas;Plena Noite;Decrescente;C�u Claro;Dupla;Declive;N�o;2;0;1;0;1;0;1;2;-22,95080604;-46,47937775;SPRF-SP;DEL03-SP;UOP02-DEL03-SP;;;
669801;26/03/2025;quarta-feira;15:10:00;GO;80;109;VILA PROPICIO;Chuva;Capotamento;Com V�timas Feridas;Pleno dia;Crescente;Chuva;Simples;Reta;N�o;1;0;1;0;0;0;1;1;-15,09864287;-48,85894775;SPRF-GO;DEL07-GO;UOP02-DEL07-GO;;;
669802;27/03/2025;quinta-feira;05:00:00;RJ;101;385;RIO DE JANEIRO;Animais na Pista;Atropelamento de Animal;Com V�timas Feridas;Amanhecer;Decrescente;C�u Claro;M�ltipla;Reta;Sim;4;0;3;0;1;0;3;1;-22,86146554;-43,75665665;SPRF-RJ;DEL03-RJ;UOP01-DEL03-RJ;;;
669804;27/03/2025;quinta-feira;07:00:00;SP;116;113;TAUBATE;Rea��o tardia ou ineficiente do condutor;Colis�o traseira;Com V�timas Feridas;Pleno dia;Decrescente;C�u Claro;Dupla;Reta;Sim;2;0;1;0;1;0;1;2;-23,04199603;-45,5720543;SPRF-SP;DEL02-SP;UOP02-DEL02-SP;;;
669806;26/03/2025;quarta-feira;20:35:00;RO;364;340,5;JI-PARANA;Manobra de mudan�a de faixa;Colis�o lateral mesmo sentido;Com V�timas Feridas;Plena Noite;Decrescente;C�u Claro;Dupla;Reta;Sim;3;0;1;0;1;1;1;3;-10,89328015;-61,9306612;SPRF-RO;DEL02-RO;UOP01-DEL02-RO;;;
669807;27/03/2025;quinta-feira;06:45:00;MG;262;810;UBERABA;Aus�ncia de rea��o do condutor;Colis�o transversal;Com V�timas Feridas;Pleno dia;Decrescente;C�u Claro;Dupla;Reta;Sim;2;0;1;0;1;0;1;2;-19,770745;-47,972951;SPRF-MG;DEL13-MG;UOP01-DEL13-MG;;;
669808;27/03/2025;quinta-feira;07:15:00;PB;101;102;ALHANDRA;Aus�ncia de rea��o do condutor;Sa�da de leito carro��vel;Com V�timas Fatais;Pleno dia;Crescente;Chuva;Dupla;Curva;N�o;3;1;1;1;0;0;2;1;-7,34426789;-34,9474901;SPRF-PB;DEL01-PB;UOP01-DEL01-PB;;;
669809;27/03/2025;quinta-feira;08:00:00;GO;153;429;ANAPOLIS;Animais na Pista;Atropelamento de Animal;Com V�timas Feridas;Pleno dia;Crescente;Nevoeiro/Neblina;Dupla;Reta;N�o;1;0;0;1;0;0;1;1;-16,2804366;-48,9597391;SPRF-GO;DEL02-GO;UOP01-DEL02-GO;;;
669810;27/03/2025;quinta-feira;07:05:00;PI;316;2,5;TERESINA;Acessar a via sem observar a presen�a dos outros ve�culos;Colis�o transversal;Com V�timas Feridas;Pleno dia;Decrescente;C�u Claro;M�ltipla;Reta;Sim;2;0;0;2;0;0;2;2;-5,267901;-42,727558;SPRF-PI;DEL01-PI;UOP02-DEL01-PI;;;
669811;27/03/2025;quinta-feira;08:00:00;RS;386;351,9;ESTRELA;Trafegar com motocicleta (ou similar) entre as faixas;Colis�o lateral mesmo sentido;Com V�timas Feridas;Pleno dia;Decrescente;Sol;Dupla;Reta;N�o;2;0;1;0;1;0;1;2;-29,4922666;-51,95144707;SPRF-RS;DEL04-RS;UOP01-DEL04-RS;;;
669813;27/03/2025;quinta-feira;07:25:00;DF;70;6;BRASILIA;Aus�ncia de rea��o do condutor;Colis�o traseira;Com V�timas Feridas;Pleno dia;Decrescente;C�u Claro;Dupla;"Reta;Declive";Sim;2;0;1;0;1;0;1;2;-15,789442;-48,110275;SPRF-DF;DEL03-DF;UOP02-DEL03-DF;;;
669814;27/03/2025;quinta-feira;08:00:00;SC;101;139;BALNEARIO CAMBORIU;Rea��o tardia ou ineficiente do condutor;Colis�o traseira;Com V�timas Feridas;Pleno dia;Decrescente;C�u Claro;M�ltipla;Reta;Sim;3;0;1;0;2;0;1;2;-27,03222705;-48,60511112;SPRF-SC;DEL04-SC;UOP03-DEL04-SC;;;