id;data_inversa;dia_semana;horario;uf;br;km;municipio;causa_acidente;tipo_acidente;classificacao_acidente;fase_dia;sentido_via;condicao_metereologica;tipo_pista;tracado_via;uso_solo;pessoas;mortos;feridos_leves;feridos_graves;ilesos;ignorados;feridos;veiculos;latitude;longitude;regional;delegacia;uop;;;
669815;27/03/2025;quinta-feira;07:30:00;PB;101;91;JOAO PESSOA;Pista Escorregadia;Tombamento;Com V�timas Feridas;Pleno dia;Decrescente;Chuva;Dupla;Reta;Sim;1;0;1;0;0;0;1;1;-7,19192124;-34,90404725;SPRF-PB;DEL01-PB;UOP01-DEL01-PB;;;
669817;17/03/2025;segunda-feira;14:35:00;AL;104;33;UNIAO DOS PALMARES;Ingest�o de �lcool pelo condutor;Colis�o transversal;Com V�timas Feridas;Pleno dia;Decrescente;Nublado;Simples;Reta;Sim;3;0;0;1;2;0;1;3;-9,150326;-36,013469;SPRF-AL;DEL01-AL;UOP02-DEL01-AL;;;
669818;27/03/2025;quinta-feira;07:45:00;RJ;116;313;RESENDE;Objeto est�tico sobre o leito carro��vel;Colis�o com objeto;Com V�timas Feridas;Pleno dia;Crescente;C�u Claro;Dupla;Reta;N�o;1;0;1;0;0;0;1;1;-22,46001982;-44,46346875;SPRF-RJ;DEL07-RJ;UOP02-DEL07-RJ;;;
669819;27/03/2025;quinta-feira;08:20:00;RS;285;198;LAGOA VERMELHA;Acessar a via sem observar a presen�a dos outros ve�culos;Colis�o transversal;Com V�timas Feridas;Pleno dia;Decrescente;C�u Claro;Simples;Reta;Sim;2;0;1;0;1;0;1;2;-28,207382;-51,515223;SPRF-RS;DEL08-RS;UOP05-DEL08-RS;;;
669820;27/03/2025;quinta-feira;09:15:00;RN;101;95;NATAL;Condutor deixou de manter dist�ncia do ve�culo da frente;Colis�o traseira;Com V�timas Feridas;Pleno dia;Decrescente;C�u Claro;M�ltipla;Reta;Sim;3;0;1;0;2;0;1;3;-5,84252132;-35,20959377;SPRF-RN;DEL01-RN;UOP01-DEL01-RN;;;
669821;27/03/2025;quinta-feira;08:00:00;TO;153;145,1;ARAGUAINA;Acessar a via sem observar a presen�a dos outros ve�culos;Colis�o transversal;Com V�timas Feridas;Pleno dia;Crescente;C�u Claro;M�ltipla;"Interse��o de Vias;Reta;Declive";Sim;2;0;1;0;1;0;1;2;-7,205993;-48,24111;SPRF-TO;DEL02-TO;UOP01-DEL02-TO;;;
669824;27/03/2025;quinta-feira;09:22:00;RN;101;84,6;NATAL;Rea��o tardia ou ineficiente do condutor;Colis�o traseira;Com V�timas Feridas;Pleno dia;Decrescente;C�u Claro;Dupla;Reta;Sim;2;0;1;0;1;0;1;2;-5,77475;-35,256203;SPRF-RN;DEL02-RN;UOP01-DEL02-RN;;;
669825;27/03/2025;quinta-feira;08:40:00;RJ;495;28;PETROPOLIS;Retorno proibido;Colis�o lateral sentido oposto;Com V�timas Feridas;Pleno dia;Crescente;C�u Claro;Simples;Curva;N�o;2;0;1;0;1;0;1;2;-22,396742;-43,1111246;SPRF-RJ;DEL05-RJ;UOP02-DEL05-RJ;;;
669826;27/03/2025;quinta-feira;07:30:00;SC;101;151;ITAPEMA;Manobra de mudan�a de faixa;Colis�o lateral mesmo sentido;Com V�timas Feridas;Pleno dia;Decrescente;Sol;M�ltipla;Reta;Sim;1;0;1;0;0;0;1;1;-27,12693265;-48,60930061;SPRF-SC;DEL04-SC;UOP03-DEL04-SC;;;
669830;27/03/2025;quinta-feira;09:30:00;SP;116;277;EMBU DAS ARTES;Trafegar com motocicleta (ou similar) entre as faixas;Tombamento;Com V�timas Feridas;Pleno dia;Decrescente;Sol;Dupla;Reta;Sim;1;0;1;0;0;0;1;1;-23,62240896;-46,8139565;SPRF-SP;DEL04-SP;UOP01-DEL04-SP;;;
669832;27/03/2025;quinta-feira;09:20:00;RS;116;236;NOVO HAMBURGO;Condutor deixou de manter dist�ncia do ve�culo da frente;Colis�o traseira;Com V�timas Feridas;Pleno dia;Decrescente;C�u Claro;Simples;"Reta;Interse��o de Vias;Rotat�ria";N�o;3;0;1;0;2;0;1;2;-29,6712359;-51,1429895;SPRF-RS;DEL01-RS;UOP02-DEL01-RS;;;
669833;26/02/2025;quarta-feira;06:50:00;PE;407;124;PETROLINA;Transitar na contram�o;Queda de ocupante de ve�culo;Com V�timas Feridas;Pleno dia;Decrescente;Ignorado;Dupla;Em Obras;Sim;3;0;0;1;1;1;1;2;-9,37526423;-40,53780346;SPRF-PE;DEL06-PE;UOP01-DEL06-PE;;;
669835;27/03/2025;quinta-feira;08:02:00;PE;407;128;PETROLINA;Pedestre cruzava a pista fora da faixa;Atropelamento de Pedestre;Com V�timas Feridas;Pleno dia;Crescente;C�u Claro;Dupla;Curva;N�o;2;0;1;0;1;0;1;2;-9,39475481;-40,50893068;SPRF-PE;DEL06-PE;UOP01-DEL06-PE;;;
669836;27/03/2025;quinta-feira;11:00:00;SP;381;79;SAO PAULO;Entrada inopinada do pedestre;Queda de ocupante de ve�culo;Com V�timas Feridas;Pleno dia;Crescente;C�u Claro;Dupla;"Declive;Curva";Sim;2;0;0;1;0;1;1;2;-23,404693;-46,578208;SPRF-SP;DEL03-SP;UOP01-DEL03-SP;;;
669838;27/03/2025;quinta-feira;10:00:00;ES;259;53,2;COLATINA;Demais falhas mec�nicas ou el�tricas;Inc�ndio;Sem V�timas;Pleno dia;Crescente;C�u Claro;Dupla;"Aclive;Reta";N�o;1;0;0;0;1;0;0;1;-19,497598;-40,632983;SPRF-ES;DEL02-ES;UOP01-DEL02-ES;;;
669840;27/03/2025;quinta-feira;03:00:00;MG;365;345;VARJAO DE MINAS;Rea��o tardia ou ineficiente do condutor;Sa�da de leito carro��vel;Com V�timas Feridas;Plena Noite;Crescente;Nublado;Simples;Reta;N�o;1;0;1;0;0;0;1;1;-18,388423;-46,040088;SPRF-MG;DEL10-MG;UOP01-DEL10-MG;;;
669844;27/03/2025;quinta-feira;11:00:00;AL;316;268,3;SATUBA;Acessar a via sem observar a presen�a dos outros ve�culos;Colis�o transversal;Com V�timas Feridas;Pleno dia;Crescente;C�u Claro;Simples;"Interse��o de Vias;Curva";N�o;2;0;0;1;1;0;1;2;-9,57974229;-35,83585532;SPRF-AL;DEL02-AL;UOP01-DEL02-AL;;;
669845;27/03/2025;quinta-feira;11:40:00;AL;316;268,3;SATUBA;Condutor deixou de manter dist�ncia do ve�culo da frente;Colis�o traseira;Com V�timas Feridas;Pleno dia;Decrescente;C�u Claro;Simples;Curva;Sim;2;0;1;0;1;0;1;2;-9,5788992;-35,83494008;SPRF-AL;DEL02-AL;UOP01-DEL02-AL;;;
669847;27/03/2025;quinta-feira;11:30:00;MG;381;513,1;IGARAPE;Velocidade Incompat�vel;Colis�o traseira;Com V�timas Feridas;Pleno dia;Decrescente;C�u Claro;Dupla;Reta;Sim;4;0;3;0;1;0;3;2;-20,0773382;-44,304188;SPRF-MG;DEL01-MG;UOP03-DEL01-MG;;;
669848;27/03/2025;quinta-feira;10:30:00;MT;70;512;VARZEA GRANDE;Convers�o proibida;Colis�o traseira;Com V�timas Feridas;Pleno dia;Crescente;C�u Claro;Simples;Reta;N�o;2;0;0;1;1;0;1;2;-15,701948;-56,11703;SPRF-MT;DEL01-MT;UOP02-DEL01-MT;;;
669849;27/03/2025;quinta-feira;11:40:00;SP;153;67,7;SAO JOSE DO RIO PRETO;Demais falhas mec�nicas ou el�tricas;Tombamento;Com V�timas Feridas;Pleno dia;Decrescente;C�u Claro;Dupla;Reta;Sim;2;0;2;0;0;0;2;1;-20,8549628;-49,4047432;SPRF-SP;DEL09-SP;UOP01-DEL09-SP;;;
669850;27/03/2025;quinta-feira;11:05:00;GO;414;440;ANAPOLIS;Rea��o tardia ou ineficiente do condutor;Tombamento;Com V�timas Feridas;Pleno dia;Crescente;C�u Claro;Simples;"Aclive;Reta";Sim;1;0;0;1;0;0;1;1;-16,28310961;-48,94293308;SPRF-GO;DEL02-GO;UOP01-DEL02-GO;;;
669851;23/03/2025;domingo;13:20:00;PE;232;20;MORENO;Rea��o tardia ou ineficiente do condutor;Queda de ocupante de ve�culo;Com V�timas Feridas;Pleno dia;Decrescente;C�u Claro;Dupla;Reta;N�o;1;0;0;1;0;0;1;1;-8,0983262;-35,0652121;SPRF-PE;DEL01-PE;UOP01-DEL01-PE;;;
669853;27/03/2025;quinta-feira;11:05:00;MG;365;628;UBERLANDIA;Rea��o tardia ou ineficiente do condutor;Sa�da de leito carro��vel;Sem V�timas;Pleno dia;Decrescente;C�u Claro;Dupla;Aclive;Sim;1;0;0;0;1;0;0;1;-18,90230764;-48,3520005;SPRF-MG;DEL15-MG;UOP01-DEL15-MG;;;
669854;27/03/2025;quinta-feira;10:40:00;SC;101;443,9;SANTA ROSA DO SUL;Ingest�o de subst�ncias psicoativas pelo condutor;Tombamento;Com V�timas Feridas;Pleno dia;Decrescente;C�u Claro;Simples;"Interse��o de Vias;Reta";Sim;1;0;0;1;0;0;1;1;-29,13697595;-49,71201712;SPRF-SC;DEL02-SC;UOP02-DEL02-SC;;;
669857;27/03/2025;quinta-feira;12:00:00;PR;373;199;IPIRANGA;Acessar a via sem observar a presen�a dos outros ve�culos;Colis�o transversal;Com V�timas Feridas;Pleno dia;Crescente;Sol;Simples;Interse��o de Vias;N�o;2;0;1;0;1;0;1;2;-25,08602826;-50,41049734;SPRF-PR;DEL03-PR;UOP01-DEL03-PR;;;
669860;15/02/2025;s�bado;22:00:00;AM;174;1037;PRESIDENTE FIGUEIREDO;Rea��o tardia ou ineficiente do condutor;Colis�o traseira;Sem V�timas;Plena Noite;Crescente;Nevoeiro/Neblina;Simples;Reta;N�o;7;0;0;0;6;1;0;3;-1,68512475;-60,16156357;SPRF-AM;DEL01-AM;UOP02-DEL01-AM;;;
669861;27/03/2025;quinta-feira;12:50:00;RS;116;517;PELOTAS;Desrespeitar a prefer�ncia no cruzamento;Colis�o transversal;Com V�timas Feridas;Pleno dia;Decrescente;Nublado;Simples;Interse��o de Vias;Sim;2;0;1;0;1;0;1;2;-31,67423022;-52,34192162;SPRF-RS;DEL07-RS;UOP01-DEL07-RS;;;
669863;27/03/2025;quinta-feira;11:30:00;MG;116;544;SANTA BARBARA DO LESTE;Rea��o tardia ou ineficiente do condutor;Sa�da de leito carro��vel;Com V�timas Feridas;Pleno dia;Decrescente;Nublado;Simples;Reta;N�o;1;0;1;0;0;0;1;1;-19,926484;-42,130996;SPRF-MG;DEL06-MG;UOP02-DEL06-MG;;;
669864;27/03/2025;quinta-feira;11:00:00;RO;364;16;VILHENA;Aus�ncia de rea��o do condutor;Colis�o lateral mesmo sentido;Com V�timas Feridas;Pleno dia;Decrescente;C�u Claro;Dupla;Interse��o de Vias;Sim;2;0;1;0;1;0;1;2;-12,73507433;-60,1545846;SPRF-RO;DEL04-RO;UOP01-DEL04-RO;;;
669867;27/03/2025;quinta-feira;13:20:00;BA;324;525;FEIRA DE SANTANA;Trafegar com motocicleta (ou similar) entre as faixas;Tombamento;Com V�timas Feridas;Pleno dia;Decrescente;C�u Claro;Dupla;Reta;N�o;1;0;1;0;0;0;1;1;-12,3112609;-38,8832575;SPRF-BA;DEL01-BA;UOP03-DEL01-BA;;;
669869;27/03/2025;quinta-feira;12:44:00;GO;364;179;JATAI;Rea��o tardia ou ineficiente do condutor;Sa�da de leito carro��vel;Com V�timas Feridas;Pleno dia;Crescente;C�u Claro;Simples;Curva;N�o;1;0;1;0;0;0;1;1;-17,97195687;-51,61042213;SPRF-GO;DEL05-GO;UOP01-DEL05-GO;;;
669871;27/03/2025;quinta-feira;07:11:00;MT;163;1055;GUARANTA DO NORTE;Ultrapassagem Indevida;Capotamento;Com V�timas Feridas;Pleno dia;Crescente;Chuva;Simples;Reta;N�o;2;0;1;0;0;1;1;2;-10,044;-54,91;SPRF-MT;DEL06-MT;UOP03-DEL06-MT;;;
669872;27/03/2025;quinta-feira;12:30:00;MG;381;162,2;GOVERNADOR VALADARES;Velocidade Incompat�vel;Colis�o frontal;Com V�timas Feridas;Pleno dia;Crescente;Nublado;Simples;Curva;N�o;2;0;2;0;0;0;2;2;-18,8884594;-41,9493979;SPRF-MG;DEL06-MG;UOP01-DEL06-MG;;;
669874;27/03/2025;quinta-feira;12:30:00;RJ;493;48;DUQUE DE CAXIAS;Mal s�bito do condutor;Atropelamento de Pedestre;Com V�timas Feridas;Pleno dia;Decrescente;C�u Claro;M�ltipla;Reta;N�o;4;0;2;0;2;0;2;2;-22,67072907;-43,29638958;SPRF-RJ;DEL01-RJ;UOP02-DEL01-RJ;;;
669876;27/03/2025;quinta-feira;13:00:00;RJ;101;74;CAMPOS DOS GOYTACAZES;Transitar no Acostamento;Colis�o traseira;Com V�timas Feridas;Pleno dia;Crescente;Sol;Simples;Reta;Sim;2;0;1;0;1;0;1;2;-21,8358818;-41,4205992;SPRF-RJ;DEL08-RJ;UOP02-DEL08-RJ;;;
669878;27/03/2025;quinta-feira;06:50:00;MA;316;7;BOA VISTA DO GURUPI;Rea��o tardia ou ineficiente do condutor;Colis�o traseira;Com V�timas Fatais;Amanhecer;Decrescente;Nevoeiro/Neblina;Simples;Reta;N�o;2;1;0;0;1;0;0;2;-1,78823009;-46,29659108;SPRF-MA;DEL02-MA;UOP02-DEL02-MA;;;
669880;27/03/2025;quinta-feira;14:20:00;PE;101;69,1;RECIFE;Aus�ncia de rea��o do condutor;Colis�o traseira;Com V�timas Feridas;Pleno dia;Crescente;C�u Claro;M�ltipla;Reta;Sim;2;0;1;0;1;0;1;2;-8,06025;-34,94594;SPRF-PE;DEL01-PE;UOP01-DEL01-PE;;;
669882;27/03/2025;quinta-feira;14:50:00;SC;470;147,6;AGRONOMICA;Rea��o tardia ou ineficiente do condutor;Colis�o traseira;Com V�timas Feridas;Pleno dia;Decrescente;Sol;Simples;Curva;N�o;2;0;1;0;1;0;1;2;-27,2467659;-49,6945478;SPRF-SC;DEL04-SC;UOP02-DEL04-SC;;;
669885;27/03/2025;quinta-feira;09:00:00;MT;70;515;VARZEA GRANDE;Acessar a via sem observar a presen�a dos outros ve�culos;Colis�o transversal;Com V�timas Feridas;Pleno dia;Decrescente;Sol;Simples;Reta;Sim;3;0;0;1;2;0;1;2;-15,705335;-56,14534;SPRF-MT;DEL01-MT;UOP02-DEL01-MT;;;
669886;27/03/2025;quinta-feira;15:10:00;RN;101;95;NATAL;Manobra de mudan�a de faixa;Colis�o transversal;Com V�timas Feridas;Pleno dia;Decrescente;C�u Claro;Dupla;Reta;Sim;2;0;1;0;1;0;1;2;-5,843724;-35,2089816;SPRF-RN;DEL01-RN;UOP01-DEL01-RN;;;
669887;27/03/2025;quinta-feira;15:00:00;RS;101;18;TRES CACHOEIRAS;Demais falhas mec�nicas ou el�tricas;Inc�ndio;Sem V�timas;Pleno dia;Decrescente;Nublado;M�ltipla;Curva;Sim;1;0;0;0;1;0;0;1;-29,42195557;-49,86694336;SPRF-RS;DEL03-RS;UOP02-DEL03-RS;;;
669889;24/03/2025;segunda-feira;00:50:00;MG;262;436,5;NOVA SERRANA;Condutor Dormindo;Sa�da de leito carro��vel;Com V�timas Feridas;Plena Noite;Decrescente;Nublado;Dupla;Curva;N�o;3;0;2;0;1;0;2;1;-19,87987826;-44,91748329;SPRF-MG;DEL08-MG;UOP03-DEL08-MG;;;
669890;27/03/2025;quinta-feira;14:00:00;MG;50;72;UBERLANDIA;Acesso irregular;Eventos at�picos;Com V�timas Feridas;Pleno dia;Decrescente;Nublado;Dupla;"Reta;Aclive";Sim;1;0;1;0;0;0;1;1;-18,90380987;-48,23388577;SPRF-MG;DEL15-MG;UOP01-DEL15-MG;;;
669891;27/03/2025;quinta-feira;16:00:00;MG;381;483;BETIM;Aus�ncia de rea��o do condutor;Sa�da de leito carro��vel;Com V�timas Feridas;Pleno dia;Crescente;C�u Claro;Simples;"Reta;Declive";Sim;1;0;0;1;0;0;1;1;-19,95824296;-44,08043146;SPRF-MG;DEL01-MG;UOP03-DEL01-MG;;;
669892;27/03/2025;quinta-feira;14:00:00;SC;101;185;BIGUACU;Acessar a via sem observar a presen�a dos outros ve�culos;Atropelamento de Pedestre;Com V�timas Feridas;Pleno dia;Crescente;C�u Claro;Dupla;Reta;Sim;2;0;1;0;0;1;1;2;-27,423;-48,635;SPRF-SC;DEL01-SC;UOP01-DEL01-SC;;;
669893;27/03/2025;quinta-feira;17:00:00;MG;381;488,7;BETIM;Rea��o tardia ou ineficiente do condutor;Colis�o traseira;Com V�timas Feridas;Anoitecer;Decrescente;C�u Claro;M�ltipla;Reta;Sim;3;0;2;0;1;0;2;2;-19,955983;-44,129221;SPRF-MG;DEL01-MG;UOP03-DEL01-MG;;;
669894;27/03/2025;quinta-feira;16:40:00;RN;101;81;SAO GONCALO DO AMARANTE;Convers�o proibida;Colis�o lateral mesmo sentido;Com V�timas Feridas;Pleno dia;Decrescente;C�u Claro;Dupla;Rotat�ria;Sim;2;0;1;0;1;0;1;2;-5,76330363;-35,2872169;SPRF-RN;DEL02-RN;UOP01-DEL02-RN;;;
669897;27/03/2025;quinta-feira;16:50:00;SC;101;200,3;SAO JOSE;Rea��o tardia ou ineficiente do condutor;Colis�o traseira;Com V�timas Feridas;Anoitecer;Crescente;Nublado;Simples;"Declive;Reta";Sim;2;0;1;0;1;0;1;2;-27,54209;-48,62168;SPRF-SC;DEL01-SC;UOP01-DEL01-SC;;;
669898;27/03/2025;quinta-feira;14:47:00;SC;101;395,1;MARACAJA;Velocidade Incompat�vel;Capotamento;Com V�timas Feridas;Pleno dia;Crescente;C�u Claro;Dupla;Reta;N�o;2;0;2;0;0;0;2;1;-28,82745564;-49,40852165;SPRF-SC;DEL02-SC;UOP02-DEL02-SC;;;
669901;27/03/2025;quinta-feira;15:50:00;MS;262;513,9;AQUIDAUANA;Ultrapassagem Indevida;Sa�da de leito carro��vel;Com V�timas Feridas;Pleno dia;Decrescente;C�u Claro;Simples;Reta;N�o;3;0;0;1;0;2;1;2;-20,439082;-56,024778;SPRF-MS;DEL03-MS;UOP01-DEL03-MS;;;
669902;27/03/2025;quinta-feira;16:20:00;SP;459;21;LORENA;Retorno proibido;Colis�o frontal;Com V�timas Feridas;Pleno dia;Crescente;C�u Claro;Simples;Curva;N�o;2;0;0;1;1;0;1;2;-22,654876;-45,143623;SPRF-SP;DEL08-SP;UOP02-DEL08-SP;;;
669903;27/03/2025;quinta-feira;16:30:00;SC;101;118;ITAJAI;Manobra de mudan�a de faixa;Colis�o lateral mesmo sentido;Com V�timas Feridas;Pleno dia;Crescente;C�u Claro;M�ltipla;Reta;Sim;2;0;1;0;0;1;1;2;-26,89335506;-48,7200706;SPRF-SC;DEL04-SC;UOP04-DEL04-SC;;;
669904;27/03/2025;quinta-feira;17:30:00;RN;101;97;NATAL;Trafegar com motocicleta (ou similar) entre as faixas;Queda de ocupante de ve�culo;Com V�timas Feridas;Plena Noite;Crescente;C�u Claro;M�ltipla;Reta;Sim;1;0;1;0;0;0;1;1;-5,85498737;-35,21175027;SPRF-RN;DEL01-RN;UOP01-DEL01-RN;;;
669906;27/03/2025;quinta-feira;18:00:00;GO;414;402;CORUMBA DE GOIAS;Objeto est�tico sobre o leito carro��vel;Capotamento;Com V�timas Feridas;Anoitecer;Crescente;C�u Claro;Simples;Reta;N�o;3;0;1;0;1;1;1;1;-15,9870803;-48,8307494;SPRF-GO;DEL02-GO;UOP01-DEL02-GO;;;
669907;27/03/2025;quinta-feira;17:15:00;BA;101;719,3;EUNAPOLIS;Velocidade Incompat�vel;Colis�o traseira;Com V�timas Feridas;Pleno dia;Decrescente;C�u Claro;Simples;"Declive;Reta";Sim;2;0;1;0;1;0;1;2;-16,38162069;-39,58379388;SPRF-BA;DEL09-BA;UOP01-DEL09-BA;;;
669910;27/03/2025;quinta-feira;18:00:00;SP;116;216;GUARULHOS;Aus�ncia de rea��o do condutor;Colis�o traseira;Com V�timas Feridas;Plena Noite;Crescente;Nublado;M�ltipla;Reta;Sim;2;0;1;0;1;0;1;2;-23,45505776;-46,47491455;SPRF-SP;DEL01-SP;UOP01-DEL01-SP;;;
669911;27/03/2025;quinta-feira;17:00:00;RS;153;50,8;ERECHIM;Acessar a via sem observar a presen�a dos outros ve�culos;Colis�o transversal;Com V�timas Feridas;Anoitecer;Crescente;Chuva;Simples;"Rotat�ria;Reta;Aclive;Interse��o de Vias;Retorno Regulamentado";Sim;2;0;1;0;1;0;1;2;-27,65632857;-52,27647364;SPRF-RS;DEL08-RS;UOP04-DEL08-RS;;;
669915;27/03/2025;quinta-feira;18:30:00;SC;101;217,8;PALHOCA;Pedestre - Ingest�o de �lcool/ subst�ncias psicoativas;Colis�o transversal;Com V�timas Feridas;Plena Noite;Crescente;C�u Claro;Dupla;Reta;Sim;2;0;0;1;1;0;1;2;-27,67504697;-48,67107735;SPRF-SC;DEL01-SC;UOP02-DEL01-SC;;;
669918;27/03/2025;quinta-feira;17:40:00;CE;116;15;FORTALEZA;Aus�ncia de rea��o do condutor;Colis�o traseira;Com V�timas Feridas;Anoitecer;Decrescente;C�u Claro;Dupla;Reta;Sim;2;0;0;1;0;1;1;2;-3,88585644;-38,5014296;SPRF-CE;DEL01-CE;UOP02-DEL01-CE;;;
669919;27/03/2025;quinta-feira;18:35:00;PB;230;23;JOAO PESSOA;Entrada inopinada do pedestre;Atropelamento de Pedestre;Com V�timas Feridas;Plena Noite;Crescente;C�u Claro;Dupla;Reta;Sim;2;0;1;1;0;0;2;2;-7,163322;-34,861678;SPRF-PB;DEL01-PB;UOP01-DEL01-PB;;;
669920;27/03/2025;quinta-feira;18:25:00;PR;373;173;PONTA GROSSA;Manobra de mudan�a de faixa;Colis�o traseira;Com V�timas Feridas;Plena Noite;Crescente;Ignorado;M�ltipla;Curva;Sim;2;0;1;0;1;0;1;2;-25,08127677;-50,20559693;SPRF-PR;DEL03-PR;UOP01-DEL03-PR;;;
669921;27/03/2025;quinta-feira;18:45:00;PA;230;2;ALTAMIRA;Rea��o tardia ou ineficiente do condutor;Colis�o lateral mesmo sentido;Com V�timas Feridas;Anoitecer;Decrescente;C�u Claro;Simples;Rotat�ria;Sim;2;0;1;0;1;0;1;2;-3,1815912;-52,1857329;SPRF-PA;DEL04-PA;UOP01-DEL04-PA;;;
669922;27/03/2025;quinta-feira;17:45:00;MT;364;209;RONDONOPOLIS;Condutor deixou de manter dist�ncia do ve�culo da frente;Colis�o traseira;Sem V�timas;Anoitecer;Crescente;C�u Claro;Dupla;Interse��o de Vias;N�o;2;0;0;0;2;0;0;2;-16,42752336;-54,69577789;SPRF-MT;DEL02-MT;UOP01-DEL02-MT;;;
669923;27/03/2025;quinta-feira;19:00:00;PI;343;343,6;TERESINA;Condutor deixou de manter dist�ncia do ve�culo da frente;Colis�o traseira;Com V�timas Feridas;Plena Noite;Crescente;C�u Claro;Simples;"Reta;Aclive";Sim;2;0;1;0;1;0;1;2;-5,05664;-42,684138;SPRF-PI;DEL01-PI;UOP01-DEL01-PI;;;
669925;27/03/2025;quinta-feira;19:30:00;RJ;101;484;ANGRA DOS REIS;Acessar a via sem observar a presen�a dos outros ve�culos;Colis�o frontal;Com V�timas Feridas;Plena Noite;Decrescente;C�u Claro;Simples;Curva;N�o;2;0;1;0;1;0;1;2;-22,989563;-44,2417945;SPRF-RJ;DEL03-RJ;UOP03-DEL03-RJ;;;
669926;27/03/2025;quinta-feira;19:00:00;SC;101;362;SANGAO;Transitar na contram�o;Colis�o traseira;Com V�timas Feridas;Plena Noite;Decrescente;C�u Claro;Simples;"Reta;Declive";N�o;4;0;1;0;3;0;1;2;-28,677177;-49,133264;SPRF-SC;DEL02-SC;UOP01-DEL02-SC;;;
669927;27/03/2025;quinta-feira;18:50:00;RJ;101;487;ANGRA DOS REIS;Aus�ncia de rea��o do condutor;Colis�o traseira;Sem V�timas;Anoitecer;Crescente;C�u Claro;Simples;Reta;Sim;2;0;0;0;2;0;0;2;-22,96621012;-44,29930941;SPRF-RJ;DEL03-RJ;UOP03-DEL03-RJ;;;
669928;27/03/2025;quinta-feira;18:50:00;ES;101;143,9;LINHARES;Rea��o tardia ou ineficiente do condutor;Colis�o transversal;Com V�timas Feridas;Plena Noite;Decrescente;C�u Claro;Simples;Reta;Sim;3;0;3;0;0;0;3;2;-19,34719172;-40,06360352;SPRF-ES;DEL04-ES;UOP01-DEL04-ES;;;
669929;27/03/2025;quinta-feira;18:40:00;MT;163;1063;GUARANTA DO NORTE;Convers�o proibida;Colis�o transversal;Com V�timas Feridas;Plena Noite;Crescente;C�u Claro;Simples;Reta;N�o;2;0;1;1;0;0;2;2;-9,96821;-54,905253;SPRF-MT;DEL06-MT;UOP03-DEL06-MT;;;
669930;27/03/2025;quinta-feira;19:40:00;SC;101;119;ITAJAI;Avarias e/ou desgaste excessivo no pneu;Tombamento;Com V�timas Feridas;Plena Noite;Decrescente;C�u Claro;M�ltipla;Reta;Sim;2;0;2;0;0;0;2;1;-26,90144748;-48,71635567;SPRF-SC;DEL04-SC;UOP04-DEL04-SC;;;
669934;27/03/2025;quinta-feira;19:15:00;PR;116;16,8;COLOMBO;Rea��o tardia ou ineficiente do condutor;Sa�da de leito carro��vel;Com V�timas Feridas;Plena Noite;Crescente;Nublado;Dupla;"Reta;Aclive";Sim;1;0;1;0;0;0;1;1;-25,3880142;-49,18131525;SPRF-PR;DEL01-PR;UOP02-DEL01-PR;;;
669935;27/03/2025;quinta-feira;19:25:00;SC;101;151;ITAPEMA;Rea��o tardia ou ineficiente do condutor;Colis�o traseira;Com V�timas Feridas;Plena Noite;Crescente;C�u Claro;M�ltipla;Reta;Sim;2;0;0;1;1;0;1;2;-27,12151844;-48,6093328;SPRF-SC;DEL04-SC;UOP03-DEL04-SC;;;
669936;27/03/2025;quinta-feira;18:40:00;SP;153;75;BADY BASSITT;Condutor deixou de manter dist�ncia do ve�culo da frente;Colis�o traseira;Com V�timas Feridas;Anoitecer;Crescente;C�u Claro;Dupla;Reta;N�o;2;0;1;0;1;0;1;2;-20,89770638;-49,43976402;SPRF-SP;DEL09-SP;UOP01-DEL09-SP;;;
669937;27/03/2025;quinta-feira;18:27:00;PE;104;131,8;QUIPAPA;Transitar na contram�o;Colis�o lateral sentido oposto;Com V�timas Feridas;Plena Noite;Crescente;C�u Claro;Simples;Curva;N�o;2;0;1;0;1;0;1;2;-8,79127009;-36,01593018;SPRF-PE;DEL02-PE;NPF/DEL02-PE;;;
669939;27/03/2025;quinta-feira;18:05:00;GO;153;580;PIRACANJUBA;Chuva;Sa�da de leito carro��vel;Com V�timas Feridas;Anoitecer;Crescente;Chuva;Dupla;Reta;N�o;1;0;1;0;0;0;1;1;-17,377393;-49,238018;SPRF-GO;DEL03-GO;UOP01-DEL03-GO;;;
669940;27/03/2025;quinta-feira;19:10:00;PR;376;2;SAO JOSE DOS PINHAIS;Pedestre cruzava a pista fora da faixa;Atropelamento de Pedestre;Com V�timas Feridas;Plena Noite;Decrescente;Nublado;Dupla;Reta;Sim;2;0;0;1;1;0;1;2;-25,54911421;-49,18866444;SPRF-PR;DEL01-PR;UOP04-DEL01-PR;;;
669942;27/03/2025;quinta-feira;19:30:00;MG;116;414;GOVERNADOR VALADARES;Acessar a via sem observar a presen�a dos outros ve�culos;Colis�o transversal;Com V�timas Feridas;Plena Noite;Crescente;Nublado;Simples;Retorno Regulamentado;Sim;3;0;2;0;1;0;2;2;-18,88446522;-41,9480494;SPRF-MG;DEL06-MG;UOP01-DEL06-MG;;;