id;data_inversa;dia_semana;horario;uf;br;km;municipio;causa_acidente;tipo_acidente;classificacao_acidente;fase_dia;sentido_via;condicao_metereologica;tipo_pista;tracado_via;uso_solo;pessoas;mortos;feridos_leves;feridos_graves;ilesos;ignorados;feridos;veiculos;latitude;longitude;regional;delegacia;uop;;;
669944;27/03/2025;quinta-feira;18:00:00;RS;116;475,9;SAO LOURENCO DO SUL;Rea��o tardia ou ineficiente do condutor;Sa�da de leito carro��vel;Sem V�timas;Plena Noite;Decrescente;Nublado;Simples;Reta;N�o;1;0;0;0;1;0;0;1;-31,379897;-52,118322;SPRF-RS;DEL07-RS;UOP01-DEL07-RS;;;
669945;27/03/2025;quinta-feira;20:30:00;RS;290;91;PORTO ALEGRE;Chuva;Tombamento;Com V�timas Feridas;Plena Noite;Decrescente;Chuva;M�ltipla;Curva;N�o;1;0;1;0;0;0;1;1;-29,9732323;-51,17653418;SPRF-RS;DEL01-RS;UOP01-DEL01-RS;;;
669947;27/03/2025;quinta-feira;20:10:00;RJ;116;99;GUAPIMIRIM;Rea��o tardia ou ineficiente do condutor;Colis�o frontal;Com V�timas Feridas;Plena Noite;Crescente;C�u Claro;Simples;"Declive;Curva";N�o;2;0;1;0;1;0;1;2;-22,55890442;-42,99457261;SPRF-RJ;DEL04-RJ;UOP01-DEL04-RJ;;;
669949;27/03/2025;quinta-feira;20:05:00;PB;101;55;SANTA RITA;Velocidade Incompat�vel;Colis�o com objeto;Com V�timas Feridas;Plena Noite;Crescente;C�u Claro;Dupla;Curva;N�o;1;0;0;1;0;0;1;1;-6,9874611;-35,07270455;SPRF-PB;DEL01-PB;UOP03-DEL01-PB;;;
669950;27/03/2025;quinta-feira;19:20:00;SC;470;142;RIO DO SUL;Acessar a via sem observar a presen�a dos outros ve�culos;Colis�o transversal;Com V�timas Feridas;Plena Noite;Crescente;Nublado;Simples;"Reta;Aclive";Sim;2;0;0;1;1;0;1;2;-27,210369;-49,652012;SPRF-SC;DEL04-SC;UOP02-DEL04-SC;;;
669951;27/03/2025;quinta-feira;21:00:00;RS;116;242;SAO LEOPOLDO;Avarias e/ou desgaste excessivo no pneu;Tombamento;Com V�timas Feridas;Plena Noite;Crescente;Nublado;M�ltipla;"Reta;Em Obras";Sim;1;0;1;0;0;0;1;1;-29,7272798;-51,1494655;SPRF-RS;DEL01-RS;UOP02-DEL01-RS;;;
669953;27/03/2025;quinta-feira;21:00:00;PE;104;87,6;AGRESTINA;Ultrapassagem Indevida;Colis�o lateral mesmo sentido;Com V�timas Feridas;Plena Noite;Crescente;C�u Claro;Simples;Reta;Sim;2;0;0;1;1;0;1;2;-8,458968;-35,941798;SPRF-PE;DEL02-PE;UOP01-DEL02-PE;;;
669954;27/03/2025;quinta-feira;19:30:00;MT;174;286;PONTES E LACERDA;Ilumina��o deficiente;Colis�o traseira;Com V�timas Feridas;Plena Noite;Decrescente;Chuva;Simples;"Reta;Aclive";N�o;5;0;2;0;3;0;2;2;-15,2609692;-59,3034972;SPRF-MT;DEL04-MT;UOP01-DEL04-MT;;;
669955;27/03/2025;quinta-feira;20:20:00;BA;101;808,3;ITAMARAJU;Pedestre andava na pista;Atropelamento de Pedestre;Com V�timas Feridas;Plena Noite;Crescente;C�u Claro;Simples;Rotat�ria;Sim;2;0;1;0;1;0;1;2;-17,026468;-39,540172;SPRF-BA;DEL09-BA;UOP01-DEL09-BA;;;
669959;27/03/2025;quinta-feira;22:10:00;AL;104;86,6;RIO LARGO;Afundamento ou ondula��o no pavimento;Queda de ocupante de ve�culo;Com V�timas Feridas;Plena Noite;Crescente;C�u Claro;Dupla;Reta;Sim;1;0;1;0;0;0;1;1;-9,46814;-35,82465;SPRF-AL;DEL01-AL;UOP01-DEL01-AL;;;
669960;27/03/2025;quinta-feira;21:50:00;PA;163;982;SANTAREM;Acessar a via sem observar a presen�a dos outros ve�culos;Atropelamento de Pedestre;Com V�timas Feridas;Plena Noite;Crescente;Garoa/Chuvisco;Simples;Reta;Sim;3;0;2;1;0;0;3;2;-2,62447086;-54,73714828;SPRF-PA;DEL05-PA;UOP01-DEL05-PA;;;
669961;27/03/2025;quinta-feira;19:40:00;RO;364;562;ALTO PARAISO;Afundamento ou ondula��o no pavimento;Colis�o com objeto;Com V�timas Feridas;Plena Noite;Crescente;C�u Claro;Simples;"Reta;Em Obras";N�o;1;0;0;1;0;0;1;1;-9,542662;-63,076393;SPRF-RO;DEL01-RO;UOP04-DEL01-RO;;;
669963;27/03/2025;quinta-feira;16:20:00;BA;101;214;MURITIBA;Acessar a via sem observar a presen�a dos outros ve�culos;Colis�o transversal;Com V�timas Feridas;Pleno dia;Decrescente;C�u Claro;Simples;Reta;N�o;2;0;0;1;1;0;1;2;-12,63018;-39,092497;SPRF-BA;DEL01-BA;UOP02-DEL01-BA;;;
669966;27/03/2025;quinta-feira;23:00:00;RS;116;269;PORTO ALEGRE;Aus�ncia de rea��o do condutor;Colis�o lateral mesmo sentido;Sem V�timas;Plena Noite;Crescente;Ignorado;M�ltipla;Reta;N�o;2;0;0;0;2;0;0;2;-29,9699883;-51,1711885;SPRF-RS;DEL01-RS;UOP01-DEL01-RS;;;
669969;27/03/2025;quinta-feira;23:07:00;DF;80;15;BRASILIA;Rea��o tardia ou ineficiente do condutor;Sa�da de leito carro��vel;Sem V�timas;Plena Noite;Crescente;C�u Claro;Simples;"Reta;Aclive";Sim;1;0;0;0;1;0;0;1;-15,70257737;-48,20145652;SPRF-DF;DEL03-DF;UOP02-DEL03-DF;;;
669970;27/03/2025;quinta-feira;22:40:00;SC;101;134,5;BALNEARIO CAMBORIU;Rea��o tardia ou ineficiente do condutor;Colis�o traseira;Com V�timas Feridas;Plena Noite;Crescente;C�u Claro;M�ltipla;Reta;Sim;2;0;1;0;1;0;1;2;-27,0034101;-48,63319373;SPRF-SC;DEL04-SC;UOP03-DEL04-SC;;;
669971;27/03/2025;quinta-feira;20:30:00;SC;101;137;BALNEARIO CAMBORIU;Acessar a via sem observar a presen�a dos outros ve�culos;Tombamento;Com V�timas Feridas;Plena Noite;Decrescente;C�u Claro;M�ltipla;"Interse��o de Vias;Reta";N�o;1;0;1;0;0;0;1;1;-27,01659528;-48,6114102;SPRF-SC;DEL04-SC;UOP03-DEL04-SC;;;
669972;23/03/2025;domingo;06:30:00;MS;163;277;DOURADOS;Aus�ncia de rea��o do condutor;Sa�da de leito carro��vel;Sem V�timas;Pleno dia;Decrescente;C�u Claro;Dupla;Reta;N�o;1;0;0;0;1;0;0;1;-22,15421;-54,639972;SPRF-MS;DEL04-MS;UOP01-DEL04-MS;;;
669974;27/03/2025;quinta-feira;19:22:00;GO;153;47,5;PORANGATU;Afundamento ou ondula��o no pavimento;Tombamento;Com V�timas Feridas;Plena Noite;Decrescente;C�u Claro;Simples;Reta;N�o;1;0;1;0;0;0;1;1;-13,23488;-49,1439;SPRF-GO;DEL07-GO;UOP01-DEL07-GO;;;
669976;27/03/2025;quinta-feira;18:11:00;RO;364;345;JI-PARANA;Manobra de mudan�a de faixa;Queda de ocupante de ve�culo;Com V�timas Feridas;Anoitecer;Crescente;C�u Claro;Dupla;Reta;Sim;2;0;1;0;1;0;1;2;-10,877633;-61,947143;SPRF-RO;DEL02-RO;UOP01-DEL02-RO;;;
669977;28/03/2025;sexta-feira;00:00:00;MG;381;482,9;BETIM;Rea��o tardia ou ineficiente do condutor;Tombamento;Com V�timas Feridas;Plena Noite;Crescente;C�u Claro;M�ltipla;"Curva;Declive";Sim;2;0;1;0;1;0;1;1;-19,95785975;-44,0795517;SPRF-MG;DEL01-MG;UOP03-DEL01-MG;;;
669981;28/03/2025;sexta-feira;01:00:00;GO;60;163;GOIANIA;Velocidade Incompat�vel;Colis�o com objeto;Com V�timas Feridas;Plena Noite;Crescente;C�u Claro;Dupla;Reta;Sim;1;0;0;1;0;0;1;1;-16,70794135;-49,34966326;SPRF-GO;DEL01-GO;UOP02-DEL01-GO;;;
669982;28/03/2025;sexta-feira;00:10:00;SC;101;88,2;BARRA VELHA;Velocidade Incompat�vel;Sa�da de leito carro��vel;Com V�timas Fatais;Plena Noite;Decrescente;C�u Claro;M�ltipla;"Interse��o de Vias;Reta;Viaduto";Sim;2;1;1;0;0;0;1;1;-26,6508699;-48,6867639;SPRF-SC;DEL03-SC;UOP02-DEL03-SC;;;
669984;28/03/2025;sexta-feira;01:30:00;RJ;116;190;NOVA IGUACU;Ingest�o de �lcool pelo condutor;Queda de ocupante de ve�culo;Com V�timas Feridas;Plena Noite;Crescente;C�u Claro;Dupla;Reta;Sim;1;0;0;1;0;0;1;1;-22,74098484;-43,50009615;SPRF-RJ;DEL06-RJ;UOP01-DEL06-RJ;;;
669987;28/03/2025;sexta-feira;02:30:00;MG;40;493,7;ESMERALDAS;Aus�ncia de rea��o do condutor;Sa�da de leito carro��vel;Sem V�timas;Plena Noite;Decrescente;C�u Claro;Dupla;"Reta;Declive";N�o;1;0;0;0;1;0;0;1;-19,630364;-44,2089417;SPRF-MG;DEL02-MG;UOP01-DEL02-MG;;;
669990;28/03/2025;sexta-feira;02:30:00;PI;343;349;TERESINA;Aus�ncia de rea��o do condutor;Capotamento;Com V�timas Feridas;Plena Noite;Decrescente;C�u Claro;Dupla;Curva;Sim;3;0;2;0;0;1;2;1;-5,0566455;-42,6841488;SPRF-PI;DEL01-PI;UOP01-DEL01-PI;;;
669996;28/03/2025;sexta-feira;03:21:00;GO;60;391;RIO VERDE;Aus�ncia de rea��o do condutor;Sa�da de leito carro��vel;Sem V�timas;Plena Noite;Crescente;C�u Claro;Dupla;"Reta;Aclive";N�o;1;0;0;0;1;0;0;1;-17,8058657;-50,9328417;SPRF-GO;DEL04-GO;UOP02-DEL04-GO;;;
669999;27/03/2025;quinta-feira;16:35:00;BA;101;434;MARAU;Avarias e/ou desgaste excessivo no pneu;Colis�o traseira;Com V�timas Feridas;Pleno dia;Decrescente;C�u Claro;Simples;Reta;N�o;3;0;1;0;2;0;1;2;-14,25074042;-39,32144165;SPRF-BA;DEL05-BA;UOP01-DEL05-BA;;;
670000;28/03/2025;sexta-feira;04:40:00;SC;101;122;ITAJAI;Ingest�o de �lcool pelo condutor;Sa�da de leito carro��vel;Sem V�timas;Plena Noite;Decrescente;Nublado;M�ltipla;Reta;Sim;2;0;0;0;2;0;0;1;-26,92833659;-48,70513678;SPRF-SC;DEL04-SC;UOP04-DEL04-SC;;;
670001;28/03/2025;sexta-feira;04:40:00;BA;324;530;FEIRA DE SANTANA;Condutor Dormindo;Sa�da de leito carro��vel;Com V�timas Feridas;Amanhecer;Crescente;C�u Claro;Dupla;Retorno Regulamentado;N�o;1;0;1;0;0;0;1;1;-12,339523;-38,84673;SPRF-BA;DEL01-BA;UOP03-DEL01-BA;;;
670002;28/03/2025;sexta-feira;08:00:00;SP;116;218;GUARULHOS;Aus�ncia de rea��o do condutor;Capotamento;Com V�timas Feridas;Pleno dia;Decrescente;C�u Claro;M�ltipla;Reta;Sim;2;0;1;0;1;0;1;2;-23,4602195;-46,48549134;SPRF-SP;DEL01-SP;UOP01-DEL01-SP;;;
670003;28/03/2025;sexta-feira;04:00:00;RJ;101;497;ANGRA DOS REIS;Aus�ncia de rea��o do condutor;Colis�o com objeto;Sem V�timas;Plena Noite;Decrescente;C�u Claro;Simples;Reta;N�o;1;0;0;0;1;0;0;1;-22,91371;-44,33612;SPRF-RJ;DEL03-RJ;UOP03-DEL03-RJ;;;
670008;28/03/2025;sexta-feira;07:05:00;SP;101;46;UBATUBA;Condutor deixou de manter dist�ncia do ve�culo da frente;Colis�o traseira;Com V�timas Feridas;Pleno dia;Decrescente;C�u Claro;Simples;Reta;Sim;3;0;1;0;0;2;1;3;-23,4342751;-45,0841521;SPRF-SP;DEL06-SP;UOP01-DEL06-SP;;;
670010;28/03/2025;sexta-feira;06:45:00;PR;376;437;TIBAGI;Chuva;Colis�o com objeto;Com V�timas Feridas;Amanhecer;Decrescente;Garoa/Chuvisco;Dupla;Curva;N�o;1;0;1;0;0;0;1;1;-24,7905689;-50,5017143;SPRF-PR;DEL03-PR;UOP02-DEL03-PR;;;
670013;27/03/2025;quinta-feira;21:30:00;PR;376;474;PONTA GROSSA;Demais falhas mec�nicas ou el�tricas;Inc�ndio;Sem V�timas;Plena Noite;Crescente;C�u Claro;Dupla;Reta;N�o;1;0;0;0;1;0;0;1;-25,03563091;-50,29908426;SPRF-PR;DEL03-PR;UOP01-DEL03-PR;;;
670014;27/03/2025;quinta-feira;22:36:00;PR;277;654;MATELANDIA;Chuva;Sa�da de leito carro��vel;Com V�timas Fatais;Plena Noite;Crescente;Chuva;Simples;Reta;N�o;1;1;0;0;0;0;0;1;-25,21849962;-53,95088768;SPRF-PR;DEL05-PR;UOP02-DEL05-PR;;;
670016;28/03/2025;sexta-feira;06:50:00;RJ;116;171;RIO DE JANEIRO;Trafegar com motocicleta (ou similar) entre as faixas;Colis�o lateral mesmo sentido;Com V�timas Feridas;Pleno dia;Decrescente;C�u Claro;Dupla;Reta;N�o;2;0;1;0;1;0;1;2;-22,8090555;-43,339129;SPRF-RJ;DEL06-RJ;UOP01-DEL06-RJ;;;
670017;28/03/2025;sexta-feira;07:00:00;RN;101;124;SAO JOSE DE MIPIBU;Rea��o tardia ou ineficiente do condutor;Colis�o traseira;Com V�timas Feridas;Pleno dia;Crescente;C�u Claro;Dupla;Interse��o de Vias;N�o;2;0;1;0;1;0;1;2;-6,069912;-35,238552;SPRF-RN;DEL01-RN;UOP01-DEL01-RN;;;
670022;28/03/2025;sexta-feira;06:40:00;BA;101;261;SANTO ANTONIO DE JESUS;Transitar na contram�o;Colis�o frontal;Com V�timas Feridas;Pleno dia;Crescente;Sol;Simples;Reta;Sim;2;0;0;2;0;0;2;2;-12,96328975;-39,27169991;SPRF-BA;DEL01-BA;UOP02-DEL01-BA;;;
670023;27/03/2025;quinta-feira;19:00:00;RO;364;751;PORTO VELHO;Avarias e/ou desgaste excessivo no pneu;Tombamento;Com V�timas Feridas;Plena Noite;Crescente;Nublado;Simples;Reta;N�o;2;0;2;0;0;0;2;1;-8,91974557;-63,96865323;SPRF-RO;DEL01-RO;UOP02-DEL01-RO;;;
670025;28/03/2025;sexta-feira;07:00:00;PR;116;120;CURITIBA;Condutor deixou de manter dist�ncia do ve�culo da frente;Colis�o traseira;Com V�timas Feridas;Pleno dia;Decrescente;C�u Claro;Dupla;Reta;Sim;3;0;1;0;1;1;1;3;-25,57115847;-49,31079973;SPRF-PR;DEL01-PR;UOP03-DEL01-PR;;;
670026;28/03/2025;sexta-feira;06:30:00;RJ;116;189;NOVA IGUACU;Demais falhas mec�nicas ou el�tricas;Inc�ndio;Sem V�timas;Pleno dia;Decrescente;C�u Claro;Dupla;Reta;Sim;1;0;0;0;1;0;0;1;-22,7390803;-43,4945619;SPRF-RJ;DEL06-RJ;UOP01-DEL06-RJ;;;
670029;28/03/2025;sexta-feira;06:55:00;MG;116;528,1;CARATINGA;Ingest�o de �lcool pelo condutor;Queda de ocupante de ve�culo;Com V�timas Feridas;Pleno dia;Decrescente;C�u Claro;Dupla;"Reta;Declive";N�o;2;0;2;0;0;0;2;1;-19,7885952;-42,1429248;SPRF-MG;DEL06-MG;UOP02-DEL06-MG;;;
670030;28/03/2025;sexta-feira;08:00:00;SP;116;209;GUARULHOS;Condutor deixou de manter dist�ncia do ve�culo da frente;Colis�o traseira;Com V�timas Feridas;Pleno dia;Crescente;C�u Claro;M�ltipla;Reta;Sim;2;0;1;0;1;0;1;2;-23,42567018;-46,40344441;SPRF-SP;DEL01-SP;UOP01-DEL01-SP;;;
670031;28/03/2025;sexta-feira;07:00:00;RN;101;94;NATAL;Rea��o tardia ou ineficiente do condutor;Colis�o lateral mesmo sentido;Com V�timas Feridas;Pleno dia;Crescente;C�u Claro;Simples;Curva;Sim;2;0;1;0;1;0;1;2;-5,82695538;-35,21013732;SPRF-RN;DEL01-RN;UOP01-DEL01-RN;;;
670032;28/03/2025;sexta-feira;06:20:00;MS;262;361;CAMPO GRANDE;Aus�ncia de rea��o do condutor;Sa�da de leito carro��vel;Com V�timas Feridas;Pleno dia;Decrescente;Nublado;Simples;Reta;N�o;1;0;1;0;0;0;1;1;-20,52976112;-54,70586172;SPRF-MS;DEL01-MS;UOP03-DEL01-MS;;;
670033;28/03/2025;sexta-feira;07:45:00;PR;369;136;IBIPORA;Acessar a via sem observar a presen�a dos outros ve�culos;Colis�o transversal;Com V�timas Feridas;Pleno dia;Decrescente;C�u Claro;Simples;Curva;N�o;2;0;0;1;1;0;1;2;-23,26606279;-51,03769356;SPRF-PR;DEL07-PR;UOP01-DEL07-PR;;;
670034;28/03/2025;sexta-feira;08:00:00;RJ;116;130;MAGE;Objeto est�tico sobre o leito carro��vel;Colis�o lateral mesmo sentido;Com V�timas Feridas;Pleno dia;Decrescente;C�u Claro;Dupla;Reta;N�o;2;0;2;0;0;0;2;2;-22,6506;-43,169708;SPRF-RJ;DEL04-RJ;UOP02-DEL04-RJ;;;
670035;28/03/2025;sexta-feira;07:59:00;PE;428;188;PETROLINA;Condutor deixou de manter dist�ncia do ve�culo da frente;Colis�o traseira;Com V�timas Feridas;Pleno dia;Crescente;C�u Claro;Dupla;Reta;Sim;2;0;1;1;0;0;2;1;-9,37216752;-40,48688391;SPRF-PE;DEL06-PE;UOP01-DEL06-PE;;;
670037;28/03/2025;sexta-feira;08:10:00;TO;153;137;ARAGUAINA;Acesso irregular;Colis�o traseira;Com V�timas Feridas;Pleno dia;Decrescente;Nublado;Dupla;"Reta;Retorno Regulamentado";Sim;2;0;0;1;1;0;1;2;-7,13700433;-48,20084095;SPRF-TO;DEL02-TO;UOP01-DEL02-TO;;;
670038;24/03/2025;segunda-feira;16:10:00;MS;463;1;DOURADOS;Acessar a via sem observar a presen�a dos outros ve�culos;Colis�o lateral mesmo sentido;Sem V�timas;Pleno dia;Decrescente;Sol;Simples;"Interse��o de Vias;Reta";Sim;2;0;0;0;2;0;0;2;-22,25912002;-54,81787916;SPRF-MS;DEL04-MS;UOP01-DEL04-MS;;;
670039;28/03/2025;sexta-feira;06:40:00;ES;262;0,8;CARIACICA;Condutor deixou de manter dist�ncia do ve�culo da frente;Colis�o traseira;Com V�timas Feridas;Pleno dia;Decrescente;Sol;Dupla;"Reta;Ponte;Interse��o de Vias";Sim;2;0;1;0;1;0;1;2;-20,3300629;-40,354654;SPRF-ES;DEL01-ES;UOP01-DEL01-ES;;;
670041;28/03/2025;sexta-feira;08:50:00;SC;101;92,8;BARRA VELHA;Rea��o tardia ou ineficiente do condutor;Colis�o traseira;Sem V�timas;Pleno dia;Crescente;C�u Claro;Dupla;Reta;N�o;2;0;0;0;2;0;0;2;-26,61000269;-48,72236199;SPRF-SC;DEL03-SC;UOP02-DEL03-SC;;;
670042;28/03/2025;sexta-feira;07:00:00;RJ;40;102;DUQUE DE CAXIAS;Acessar a via sem observar a presen�a dos outros ve�culos;Colis�o traseira;Com V�timas Feridas;Pleno dia;Crescente;C�u Claro;M�ltipla;Reta;N�o;2;0;1;0;1;0;1;2;-22,60577053;-43,28544617;SPRF-RJ;DEL01-RJ;UOP02-DEL01-RJ;;;
670043;28/03/2025;sexta-feira;08:05:00;RJ;116;136;MAGE;Aus�ncia de rea��o do condutor;Capotamento;Com V�timas Feridas;Pleno dia;Decrescente;C�u Claro;Dupla;Reta;N�o;1;0;1;0;0;0;1;1;-22,66423459;-43,11404228;SPRF-RJ;DEL04-RJ;UOP02-DEL04-RJ;;;
670046;27/03/2025;quinta-feira;21:30:00;RJ;40;117;DUQUE DE CAXIAS;Demais falhas mec�nicas ou el�tricas;Inc�ndio;Sem V�timas;Plena Noite;Decrescente;C�u Claro;Dupla;Reta;Sim;1;0;0;0;1;0;0;1;-22,75318999;-43,28724861;SPRF-RJ;DEL01-RJ;UOP02-DEL01-RJ;;;
670047;28/03/2025;sexta-feira;08:30:00;PR;116;115;CURITIBA;Rea��o tardia ou ineficiente do condutor;Colis�o traseira;Com V�timas Feridas;Pleno dia;Decrescente;C�u Claro;Dupla;Reta;Sim;2;0;1;0;1;0;1;2;-25,55826237;-49,30646712;SPRF-PR;DEL01-PR;UOP03-DEL01-PR;;;
670049;28/03/2025;sexta-feira;08:40:00;PR;376;171;MARINGA;Manobra de mudan�a de faixa;Colis�o lateral mesmo sentido;Com V�timas Feridas;Pleno dia;Crescente;C�u Claro;M�ltipla;Reta;Sim;3;0;1;0;2;0;1;3;-23,41562961;-51,98030211;SPRF-PR;DEL09-PR;UOP01-DEL09-PR;;;
670051;28/03/2025;sexta-feira;08:40:00;ES;101;300;VIANA;Acumulo de areia ou detritos sobre o pavimento;Tombamento;Com V�timas Feridas;Pleno dia;Decrescente;C�u Claro;M�ltipla;Viaduto;Sim;2;0;1;0;1;0;1;1;-20,36888318;-40,44385845;SPRF-ES;DEL01-ES;UOP01-DEL01-ES;;;
670052;28/03/2025;sexta-feira;09:00:00;PI;343;33,4;PARNAIBA;Acessar a via sem observar a presen�a dos outros ve�culos;Colis�o transversal;Com V�timas Feridas;Pleno dia;Crescente;Sol;Simples;Interse��o de Vias;N�o;2;0;1;0;1;0;1;2;-3,10033302;-41,78016543;SPRF-PI;DEL05-PI;UOP01-DEL05-PI;;;
670054;28/03/2025;sexta-feira;05:03:00;PR;369;151;LONDRINA;Mal s�bito do condutor;Colis�o com objeto;Sem V�timas;Plena Noite;Decrescente;C�u Claro;Dupla;Reta;Sim;1;0;0;0;0;1;0;1;-23,29273146;-51,18039781;SPRF-PR;DEL07-PR;UOP01-DEL07-PR;;;
670055;28/03/2025;sexta-feira;08:48:00;ES;259;12,5;JOAO NEIVA;Ultrapassagem Indevida;Colis�o frontal;Com V�timas Feridas;Pleno dia;Decrescente;Sol;Simples;"Declive;Reta";N�o;5;0;1;4;0;0;5;2;-19,64721;-40,41098833;SPRF-ES;DEL02-ES;UOP01-DEL02-ES;;;
670056;28/03/2025;sexta-feira;09:30:00;SC;101;331,8;TUBARAO;Acessar a via sem observar a presen�a dos outros ve�culos;Colis�o transversal;Com V�timas Feridas;Pleno dia;Crescente;C�u Claro;M�ltipla;"Interse��o de Vias;Rotat�ria";Sim;2;0;0;1;1;0;1;2;-28,4659246;-48,99537027;SPRF-SC;DEL02-SC;UOP01-DEL02-SC;;;
670057;28/03/2025;sexta-feira;09:30:00;RN;304;36;NATAL;Avarias e/ou desgaste excessivo no pneu;Tombamento;Com V�timas Feridas;Pleno dia;Crescente;C�u Claro;Dupla;Reta;N�o;2;0;2;0;0;0;2;1;-5,8097664;-35,2354304;SPRF-RN;DEL04-RN;UOP02-DEL04-RN;;;
670060;28/03/2025;sexta-feira;08:15:00;SP;116;108,5;TAUBATE;Trafegar com motocicleta (ou similar) entre as faixas;Colis�o traseira;Com V�timas Feridas;Pleno dia;Crescente;Sol;Dupla;Reta;Sim;3;0;2;0;0;1;2;2;-23,02665256;-45,54247074;SPRF-SP;DEL02-SP;UOP02-DEL02-SP;;;
670062;28/03/2025;sexta-feira;07:30:00;SC;153;99,5;CONCORDIA;Condutor deixou de manter dist�ncia do ve�culo da frente;Colis�o traseira;Com V�timas Feridas;Pleno dia;Crescente;Sol;Simples;Reta;Sim;2;0;1;0;1;0;1;2;-27,24452009;-51,95195666;SPRF-SC;DEL07-SC;UOP04-DEL07-SC;;;
670063;28/03/2025;sexta-feira;10:41:00;RN;226;110;SANTA CRUZ;Convers�o proibida;Colis�o transversal;Com V�timas Feridas;Pleno dia;Crescente;C�u Claro;Simples;Reta;Sim;3;0;2;0;1;0;2;2;-6,23373594;-36,01387024;SPRF-RN;DEL03-RN;UOP02-DEL03-RN;;;
670064;28/03/2025;sexta-feira;09:20:00;SP;101;50,3;UBATUBA;Acessar a via sem observar a presen�a dos outros ve�culos;Colis�o lateral mesmo sentido;Com V�timas Feridas;Pleno dia;Crescente;C�u Claro;Simples;Reta;Sim;3;0;1;0;1;1;1;2;-23,45179238;-45,07593416;SPRF-SP;DEL06-SP;UOP01-DEL06-SP;;;
670065;28/03/2025;sexta-feira;08:30:00;SC;470;68;INDAIAL;Condutor usando celular;Colis�o lateral sentido oposto;Com V�timas Feridas;Pleno dia;Decrescente;C�u Claro;M�ltipla;Viaduto;Sim;2;0;1;0;1;0;1;2;-26,884028;-49,247336;SPRF-SC;DEL04-SC;UOP01-DEL04-SC;;;
670066;28/03/2025;sexta-feira;11:10:00;RS;290;107;ELDORADO DO SUL;Aus�ncia de rea��o do condutor;Sa�da de leito carro��vel;Com V�timas Feridas;Pleno dia;Crescente;C�u Claro;Dupla;Em Obras;Sim;1;0;1;0;0;0;1;1;-30,003164;-51,309332;SPRF-RS;DEL02-RS;UOP01-DEL02-RS;;;
670067;20/03/2025;quinta-feira;13:50:00;PR;277;603,2;SANTA TEREZA DO OESTE;Manobra de mudan�a de faixa;Colis�o lateral sentido oposto;Com V�timas Feridas;Pleno dia;Crescente;C�u Claro;Simples;"Reta;Aclive";N�o;3;0;1;0;2;0;1;2;-25,0284;-53,5627;SPRF-PR;DEL05-PR;UOP02-DEL05-PR;;;
670068;28/03/2025;sexta-feira;10:50:00;RJ;116;196;RIO DE JANEIRO;Ultrapassagem Indevida;Colis�o traseira;Com V�timas Feridas;Pleno dia;Decrescente;C�u Claro;Simples;Reta;N�o;2;0;1;0;1;0;1;2;-22,8044539;-43,345174;SPRF-RJ;DEL06-RJ;UOP01-DEL06-RJ;;;
670069;28/03/2025;sexta-feira;07:30:00;SC;101;43,8;JOINVILLE;Aus�ncia de rea��o do condutor;Colis�o traseira;Com V�timas Feridas;Pleno dia;Crescente;Nublado;Simples;"Reta;Interse��o de Vias;Viaduto";Sim;4;0;1;0;3;0;1;3;-26,33320552;-48,8610273;SPRF-SC;DEL03-SC;UOP01-DEL03-SC;;;
670070;28/03/2025;sexta-feira;08:55:00;SC;280;34;AGUAS MORNAS;Condutor Dormindo;Queda de ocupante de ve�culo;Com V�timas Feridas;Pleno dia;Crescente;C�u Claro;Simples;Reta;Sim;1;0;1;0;0;0;1;1;-27,70563629;-48,83814722;SPRF-SC;DEL03-SC;UOP03-DEL03-SC;;;
670071;28/03/2025;sexta-feira;11:07:00;SP;381;58;MAIRIPORA;Rea��o tardia ou ineficiente do condutor;Colis�o traseira;Sem V�timas;Pleno dia;Crescente;Sol;Dupla;Reta;Sim;2;0;0;0;2;0;0;2;-23,280346;-46,586563;SPRF-SP;DEL03-SP;UOP01-DEL03-SP;;;
670072;28/03/2025;sexta-feira;11:15:00;MG;153;226,6;FRONTEIRA;Rea��o tardia ou ineficiente do condutor;Tombamento;Com V�timas Feridas;Pleno dia;Crescente;C�u Claro;Simples;Reta;N�o;3;0;2;0;0;1;2;1;-20,156251;-49,112006;SPRF-MG;DEL13-MG;UOP02-DEL13-MG;;;
670073;28/03/2025;sexta-feira;11:45:00;SC;101;207;SAO JOSE;Condutor deixou de manter dist�ncia do ve�culo da frente;Colis�o traseira;Com V�timas Feridas;Pleno dia;Crescente;C�u Claro;M�ltipla;Reta;Sim;8;0;2;0;5;1;2;4;-27,602335;-48,62981;SPRF-SC;DEL01-SC;UOP01-DEL01-SC;;;
670074;28/03/2025;sexta-feira;10:30:00;RO;364;12;VILHENA;Acessar a via sem observar a presen�a dos outros ve�culos;Colis�o frontal;Com V�timas Feridas;Pleno dia;Decrescente;C�u Claro;M�ltipla;Reta;Sim;2;0;0;1;1;0;1;2;-12,74494515;-60,11999506;SPRF-RO;DEL04-RO;UOP01-DEL04-RO;;;
670075;28/03/2025;sexta-feira;11:35:00;MA;10;245,8;IMPERATRIZ;Retorno proibido;Colis�o transversal;Com V�timas Feridas;Pleno dia;Decrescente;C�u Claro;M�ltipla;"Reta;Declive";Sim;2;0;0;1;1;0;1;2;-5,57586541;-47,44253445;SPRF-MA;DEL04-MA;UOP01-DEL04-MA;;;