id;data_inversa;dia_semana;horario;uf;br;km;municipio;causa_acidente;tipo_acidente;classificacao_acidente;fase_dia;sentido_via;condicao_metereologica;tipo_pista;tracado_via;uso_solo;pessoas;mortos;feridos_leves;feridos_graves;ilesos;ignorados;feridos;veiculos;latitude;longitude;regional;delegacia;uop;;;
670077;28/03/2025;sexta-feira;11:10:00;PE;232;190;SANHARO;Velocidade Incompat�vel;Sa�da de leito carro��vel;Com V�timas Feridas;Pleno dia;Crescente;C�u Claro;Simples;Reta;N�o;2;0;1;1;0;0;2;1;-8,356563;-36,52031;SPRF-PE;DEL03-PE;UOP02-DEL03-PE;;;
670079;28/03/2025;sexta-feira;09:20:00;MG;116;178,9;PADRE PARAISO;Rea��o tardia ou ineficiente do condutor;Colis�o lateral mesmo sentido;Com V�timas Feridas;Pleno dia;Crescente;Nublado;Dupla;Reta;Sim;2;0;1;0;1;0;1;2;-17,075404;-41,486527;SPRF-MG;DEL11-MG;UOP02-DEL11-MG;;;
670080;28/03/2025;sexta-feira;12:25:00;RJ;493;0;SAO GONCALO;Convers�o proibida;Colis�o transversal;Sem V�timas;Pleno dia;Crescente;Sol;Simples;Reta;Sim;2;0;0;0;2;0;0;2;-22,7863533;-42,9818147;SPRF-RJ;DEL02-RJ;UOP02-DEL02-RJ;;;
670082;28/03/2025;sexta-feira;12:40:00;PE;232;4;RECIFE;Condutor deixou de manter dist�ncia do ve�culo da frente;Colis�o traseira;Com V�timas Feridas;Pleno dia;Decrescente;Sol;Dupla;"Reta;Viaduto;Declive";Sim;2;0;1;0;1;0;1;2;-8,06653;-34,941373;SPRF-PE;DEL01-PE;UOP01-DEL01-PE;;;
670083;28/03/2025;sexta-feira;12:00:00;PI;343;338,6;TERESINA;Ingest�o de �lcool pelo condutor;Colis�o lateral mesmo sentido;Com V�timas Fatais;Pleno dia;Crescente;C�u Claro;Dupla;Reta;Sim;3;1;1;0;1;0;1;2;-5,065145;-42,728245;SPRF-PI;DEL01-PI;UOP01-DEL01-PI;;;
670084;28/03/2025;sexta-feira;11:40:00;PR;369;182;ARAPONGAS;Acesso irregular;Colis�o transversal;Com V�timas Feridas;Pleno dia;Decrescente;C�u Claro;Simples;Reta;Sim;2;0;1;0;1;0;1;2;-23,38694822;-51,42036525;SPRF-PR;DEL07-PR;UOP03-DEL07-PR;;;
670086;28/03/2025;sexta-feira;13:20:00;BA;101;262;SANTO ANTONIO DE JESUS;Ultrapassagem Indevida;Colis�o transversal;Com V�timas Feridas;Pleno dia;Decrescente;C�u Claro;Simples;"Retorno Regulamentado;Aclive;Em Obras";N�o;4;0;1;2;1;0;3;2;-12,9753856;-39,2756048;SPRF-BA;DEL01-BA;UOP02-DEL01-BA;;;
670090;28/03/2025;sexta-feira;12:05:00;PI;343;592,2;FLORIANO;Acessar a via sem observar a presen�a dos outros ve�culos;Colis�o transversal;Com V�timas Feridas;Pleno dia;Decrescente;Chuva;Dupla;"Retorno Regulamentado;Reta;Interse��o de Vias";Sim;2;0;1;0;1;0;1;2;-6,778081;-43,031199;SPRF-PI;DEL03-PI;UOP01-DEL03-PI;;;
670091;14/02/2025;sexta-feira;14:25:00;MG;267;157,6;LIMA DUARTE;Avarias e/ou desgaste excessivo no pneu;Colis�o lateral sentido oposto;Com V�timas Feridas;Pleno dia;Decrescente;Sol;Simples;"Curva;Declive";N�o;4;0;2;0;2;0;2;2;-21,83885727;-43,77999692;SPRF-MG;DEL05-MG;UOP01-DEL05-MG;;;
670092;28/03/2025;sexta-feira;13:10:00;AP;210;3;MACAPA;Desrespeitar a prefer�ncia no cruzamento;Colis�o frontal;Com V�timas Feridas;Pleno dia;Decrescente;C�u Claro;Simples;Reta;Sim;2;0;1;0;1;0;1;2;0,087621;-51,092157;SPRF-AP;DEL01-AP;UOP01-DEL01-AP;;;
670094;28/03/2025;sexta-feira;12:35:00;RS;287;342,1;SAO VICENTE DO SUL;Transtornos Mentais (exceto suicidio);Queda de ocupante de ve�culo;Com V�timas Feridas;Pleno dia;Crescente;Nublado;Simples;Curva;N�o;2;0;0;1;1;0;1;1;-29,58372;-54,68393;SPRF-RS;DEL12-RS;UOP02-DEL12-RS;;;
670095;28/03/2025;sexta-feira;11:40:00;ES;101;295,6;CARIACICA;Rea��o tardia ou ineficiente do condutor;Queda de ocupante de ve�culo;Com V�timas Feridas;Pleno dia;Crescente;C�u Claro;M�ltipla;Reta;Sim;1;0;1;0;0;0;1;1;-20,33628185;-40,40247029;SPRF-ES;DEL01-ES;UOP01-DEL01-ES;;;
670097;28/03/2025;sexta-feira;07:12:00;SE;235;61;ITABAIANA;Aus�ncia de rea��o do condutor;Colis�o traseira;Com V�timas Feridas;Pleno dia;Crescente;C�u Claro;Simples;Reta;N�o;3;0;2;0;0;1;2;2;-10,62711945;-37,46320724;SPRF-SE;DEL01-SE;UOP02-DEL01-SE;;;
670098;27/03/2025;quinta-feira;21:00:00;MT;70;185;NOVO SAO JOAQUIM;Animais na Pista;Atropelamento de Animal;Com V�timas Feridas;Plena Noite;Crescente;Nublado;Simples;Reta;N�o;1;0;1;0;0;0;1;1;-15;-53;SPRF-MT;DEL05-MT;UOP01-DEL05-MT;;;
670099;28/03/2025;sexta-feira;12:30:00;SE;101;152,6;ESTANCIA;Desrespeitar a prefer�ncia no cruzamento;Colis�o transversal;Sem V�timas;Pleno dia;Decrescente;C�u Claro;Simples;Reta;Sim;2;0;0;0;2;0;0;2;-11,27403399;-37,44790227;SPRF-SE;DEL02-SE;UOP01-DEL02-SE;;;
670100;28/03/2025;sexta-feira;12:05:00;PR;163;37,8;SANTO ANTONIO DO SUDOESTE;Velocidade Incompat�vel;Sa�da de leito carro��vel;Com V�timas Feridas;Pleno dia;Decrescente;C�u Claro;Simples;Reta;Sim;1;0;1;0;0;0;1;1;-26,045552;-53,727095;SPRF-PR;DEL02-PR;UOP02-DEL02-PR;;;
670101;28/03/2025;sexta-feira;13:15:00;RJ;393;285,5;VOLTA REDONDA;Condutor deixou de manter dist�ncia do ve�culo da frente;Colis�o traseira;Com V�timas Feridas;Pleno dia;Decrescente;C�u Claro;Simples;Curva;N�o;2;0;1;0;1;0;1;2;-22,505805;-44,073033;SPRF-RJ;DEL05-RJ;UOP04-DEL05-RJ;;;
670102;28/03/2025;sexta-feira;14:20:00;SP;153;63,8;SAO JOSE DO RIO PRETO;Manobra de mudan�a de faixa;Colis�o lateral mesmo sentido;Com V�timas Feridas;Pleno dia;Crescente;C�u Claro;Dupla;Curva;Sim;2;0;1;0;1;0;1;2;-20,8549661;-49,4047584;SPRF-SP;DEL09-SP;UOP01-DEL09-SP;;;
670103;28/03/2025;sexta-feira;13:10:00;MT;70;581;POCONE;Avarias e/ou desgaste excessivo no pneu;Sa�da de leito carro��vel;Com V�timas Feridas;Pleno dia;Crescente;C�u Claro;Simples;Reta;N�o;3;0;1;0;2;0;1;1;-15,8500619;-56,8050954;SPRF-MT;DEL03-MT;UOP02-DEL03-MT;;;
670104;26/02/2025;quarta-feira;23:16:00;PR;153;9;JACAREZINHO;Aus�ncia de rea��o do condutor;Tombamento;Com V�timas Feridas;Plena Noite;Crescente;C�u Claro;Simples;"Reta;Interse��o de Vias";N�o;1;0;1;0;0;0;1;1;-23,09224354;-49,93805224;SPRF-PR;DEL07-PR;UOP04-DEL07-PR;;;
670106;28/03/2025;sexta-feira;13:30:00;ES;101;292,8;CARIACICA;Acesso irregular;Colis�o lateral mesmo sentido;Com V�timas Feridas;Pleno dia;Crescente;Sol;M�ltipla;Reta;Sim;3;0;2;0;1;0;2;2;-20,311744;-40,395167;SPRF-ES;DEL01-ES;UOP01-DEL01-ES;;;
670107;28/03/2025;sexta-feira;12:14:00;MT;364;200,3;RONDONOPOLIS;Aus�ncia de rea��o do condutor;Queda de ocupante de ve�culo;Com V�timas Feridas;Pleno dia;Decrescente;Sol;Dupla;Curva;Sim;1;0;1;0;0;0;1;1;-16,49171649;-54,6454848;SPRF-MT;DEL02-MT;UOP01-DEL02-MT;;;
670108;28/03/2025;sexta-feira;15:15:00;PR;369;60,4;BANDEIRANTES;Acostamento em desn�vel;Queda de ocupante de ve�culo;Com V�timas Feridas;Pleno dia;Crescente;C�u Claro;Simples;Reta;N�o;1;0;1;0;0;0;1;1;-23,1345046;-50,40143788;SPRF-PR;DEL07-PR;UOP05-DEL07-PR;;;
670109;28/03/2025;sexta-feira;15:40:00;MG;40;632,1;CONSELHEIRO LAFAIETE;Desrespeitar a prefer�ncia no cruzamento;Colis�o transversal;Com V�timas Feridas;Pleno dia;Decrescente;Sol;Dupla;"Aclive;Reta;Rotat�ria";N�o;3;0;2;1;0;0;3;2;-20,67788;-43,79428;SPRF-MG;DEL05-MG;UOP02-DEL05-MG;;;
670110;28/03/2025;sexta-feira;15:50:00;RJ;101;68;CAMPOS DOS GOYTACAZES;Retorno proibido;Colis�o transversal;Com V�timas Feridas;Pleno dia;Decrescente;C�u Claro;Simples;Reta;Sim;2;0;1;0;1;0;1;2;-21,77194;-41,35689;SPRF-RJ;DEL08-RJ;UOP02-DEL08-RJ;;;
670111;28/03/2025;sexta-feira;15:00:00;SC;470;147;LAURENTINO;Trafegar com motocicleta (ou similar) entre as faixas;Colis�o transversal;Com V�timas Feridas;Pleno dia;Crescente;Nublado;Simples;Interse��o de Vias;Sim;3;0;1;0;2;0;1;2;-27,24274926;-49,68892515;SPRF-SC;DEL04-SC;UOP02-DEL04-SC;;;
670114;28/03/2025;sexta-feira;15:25:00;MG;116;528,7;CARATINGA;Acessar a via sem observar a presen�a dos outros ve�culos;Colis�o transversal;Com V�timas Feridas;Pleno dia;Decrescente;C�u Claro;Simples;"Curva;Rotat�ria";Sim;2;0;1;0;1;0;1;2;-19,80687513;-42,13781549;SPRF-MG;DEL06-MG;UOP02-DEL06-MG;;;
670115;28/03/2025;sexta-feira;16:00:00;SP;381;37;BRAGANCA PAULISTA;Aus�ncia de rea��o do condutor;Colis�o traseira;Sem V�timas;Pleno dia;Decrescente;C�u Claro;Dupla;Reta;N�o;2;0;0;0;2;0;0;2;-23,0277681;-46,5305541;SPRF-SP;DEL03-SP;UOP01-DEL03-SP;;;
670116;28/03/2025;sexta-feira;16:30:00;PB;230;12;CABEDELO;Aus�ncia de rea��o do condutor;Colis�o traseira;Com V�timas Feridas;Pleno dia;Decrescente;C�u Claro;Simples;"Reta;Em Obras";Sim;2;0;1;0;0;1;1;2;-7,07353134;-34,84941121;SPRF-PB;DEL01-PB;UOP01-DEL01-PB;;;
670118;28/03/2025;sexta-feira;14:00:00;MG;50;17;ARAGUARI;Curva acentuada;Tombamento;Com V�timas Feridas;Pleno dia;Crescente;C�u Claro;Dupla;Curva;N�o;1;0;1;0;0;0;1;1;-18,565289;-48,056964;SPRF-MG;DEL15-MG;UOP02-DEL15-MG;;;
670119;28/03/2025;sexta-feira;16:30:00;SE;101;102,7;SAO CRISTOVAO;Manobra de mudan�a de faixa;Colis�o com objeto;Com V�timas Feridas;Pleno dia;Crescente;C�u Claro;Dupla;"Curva;Aclive";N�o;7;0;4;2;1;0;6;1;-10,95103021;-37,21592903;SPRF-SE;DEL02-SE;UOP01-DEL02-SE;;;
670122;28/03/2025;sexta-feira;14:50:00;PR;277;230;TEIXEIRA SOARES;Frear bruscamente;Colis�o traseira;Sem V�timas;Pleno dia;Crescente;C�u Claro;Simples;Reta;N�o;4;0;0;0;4;0;0;4;-25,468889;-50,474142;SPRF-PR;DEL08-PR;UOP02-DEL08-PR;;;
670123;28/03/2025;sexta-feira;10:45:00;GO;153;645;MORRINHOS;Rea��o tardia ou ineficiente do condutor;Sa�da de leito carro��vel;Com V�timas Feridas;Pleno dia;Crescente;Sol;Dupla;Reta;N�o;2;0;1;1;0;0;2;1;-17,6261383;-49,178014;SPRF-GO;DEL03-GO;UOP01-DEL03-GO;;;
670126;28/03/2025;sexta-feira;17:20:00;MG;40;551;NOVA LIMA;Velocidade Incompat�vel;Colis�o lateral mesmo sentido;Com V�timas Feridas;Pleno dia;Decrescente;C�u Claro;Dupla;Reta;Sim;2;0;1;0;1;0;1;2;-20,09009009;-43,97288568;SPRF-MG;DEL01-MG;UOP02-DEL01-MG;;;
670127;28/03/2025;sexta-feira;17:40:00;ES;101;283;CARIACICA;Rea��o tardia ou ineficiente do condutor;Tombamento;Com V�timas Feridas;Anoitecer;Crescente;C�u Claro;M�ltipla;Reta;Sim;2;0;1;1;0;0;2;1;-20,242584;-40,369826;SPRF-ES;DEL01-ES;UOP01-DEL01-ES;;;
670128;28/03/2025;sexta-feira;17:15:00;SC;470;60,6;BLUMENAU;Demais falhas mec�nicas ou el�tricas;Colis�o lateral sentido oposto;Com V�timas Feridas;Pleno dia;Crescente;C�u Claro;Simples;Reta;N�o;2;0;0;1;1;0;1;2;-26,87973;-49,17094;SPRF-SC;DEL04-SC;UOP01-DEL04-SC;;;
670130;28/03/2025;sexta-feira;17:00:00;SP;116;144;SAO JOSE DOS CAMPOS;Manobra de mudan�a de faixa;Colis�o lateral mesmo sentido;Com V�timas Feridas;Pleno dia;Decrescente;Nublado;M�ltipla;Reta;Sim;2;0;1;0;1;0;1;2;-23,18150649;-45,84365917;SPRF-SP;DEL02-SP;UOP01-DEL02-SP;;;
670131;28/03/2025;sexta-feira;15:00:00;MG;262;631,4;IBIA;Acessar a via sem observar a presen�a dos outros ve�culos;Colis�o transversal;Com V�timas Feridas;Pleno dia;Decrescente;Sol;Simples;Reta;N�o;3;0;1;0;2;0;1;2;-19,5786473;-46,72559196;SPRF-MG;DEL08-MG;UOP01-DEL08-MG;;;
670132;28/03/2025;sexta-feira;17:35:00;MG;381;510;IGARAPE;Ultrapassagem Indevida;Colis�o lateral mesmo sentido;Com V�timas Feridas;Anoitecer;Crescente;C�u Claro;Simples;Reta;N�o;2;0;0;1;0;1;1;2;-20,05762896;-44,28823644;SPRF-MG;DEL01-MG;UOP03-DEL01-MG;;;
670133;28/03/2025;sexta-feira;15:45:00;MS;163;513;JARAGUARI;Rea��o tardia ou ineficiente do condutor;Sa�da de leito carro��vel;Sem V�timas;Pleno dia;Crescente;C�u Claro;Dupla;Reta;N�o;1;0;0;0;1;0;0;1;-20,2108575;-54,4702105;SPRF-MS;DEL01-MS;UOP02-DEL01-MS;;;
670134;28/03/2025;sexta-feira;17:30:00;RJ;101;269;RIO BONITO;Manobra de mudan�a de faixa;Colis�o traseira;Com V�timas Feridas;Anoitecer;Crescente;C�u Claro;Dupla;Retorno Regulamentado;Sim;2;0;1;0;1;0;1;2;-22,72077369;-42,69012451;SPRF-RJ;DEL02-RJ;UOP03-DEL02-RJ;;;
670135;28/03/2025;sexta-feira;16:30:00;RJ;465;21;NOVA IGUACU;Trafegar com motocicleta (ou similar) entre as faixas;Colis�o transversal;Com V�timas Feridas;Pleno dia;Decrescente;Ignorado;Simples;Reta;Sim;3;0;2;0;1;0;2;2;-22,8538971;-43,60195572;SPRF-RJ;DEL06-RJ;UOP02-DEL06-RJ;;;
670136;28/03/2025;sexta-feira;17:10:00;RJ;116;180;NOVA IGUACU;Aus�ncia de rea��o do condutor;Colis�o lateral mesmo sentido;Com V�timas Feridas;Pleno dia;Crescente;C�u Claro;Dupla;Reta;N�o;2;0;0;1;1;0;1;2;-22,76537503;-43,41529325;SPRF-RJ;DEL06-RJ;UOP01-DEL06-RJ;;;
670137;28/03/2025;sexta-feira;17:22:00;CE;222;1,4;FORTALEZA;Condutor deixou de manter dist�ncia do ve�culo da frente;Colis�o traseira;Sem V�timas;Anoitecer;Crescente;C�u Claro;M�ltipla;Reta;Sim;2;0;0;0;2;0;0;2;-3,738337;-38,58239;SPRF-CE;DEL01-CE;UOP01-DEL01-CE;;;
670140;28/03/2025;sexta-feira;17:00:00;PR;277;82;CURITIBA;Velocidade Incompat�vel;Colis�o traseira;Com V�timas Feridas;Pleno dia;Decrescente;Nublado;Dupla;Reta;Sim;4;0;1;0;3;0;1;2;-25,45815486;-49,22218323;SPRF-PR;DEL01-PR;UOP03-DEL01-PR;;;
670141;28/03/2025;sexta-feira;17:40:00;SP;116;286,9;ITAPECERICA DA SERRA;Transitar no Acostamento;Atropelamento de Pedestre;Com V�timas Feridas;Anoitecer;Crescente;Garoa/Chuvisco;Dupla;Reta;Sim;2;0;1;0;1;0;1;2;-23,7002467;-46,8689224;SPRF-SP;DEL04-SP;UOP01-DEL04-SP;;;
670142;28/03/2025;sexta-feira;18:00:00;SC;282;2,9;FLORIANOPOLIS;Condutor deixou de manter dist�ncia do ve�culo da frente;Colis�o traseira;Com V�timas Feridas;Plena Noite;Crescente;C�u Claro;M�ltipla;Reta;Sim;2;0;1;0;1;0;1;2;-27,60114;-48,598677;SPRF-SC;DEL01-SC;UOP01-DEL01-SC;;;
670143;28/03/2025;sexta-feira;17:35:00;RN;304;66,1;MOSSORO;Aus�ncia de rea��o do condutor;Sa�da de leito carro��vel;Com V�timas Feridas;Anoitecer;Crescente;Chuva;Simples;Reta;N�o;1;0;0;1;0;0;1;1;-5,3715;-37,24301;SPRF-RN;DEL04-RN;UOP01-DEL04-RN;;;
670144;28/03/2025;sexta-feira;17:10:00;MT;70;521;VARZEA GRANDE;Acesso irregular;Colis�o lateral mesmo sentido;Com V�timas Feridas;Pleno dia;Decrescente;Sol;Simples;Reta;Sim;2;0;2;0;0;0;2;2;-15,67794301;-56,17541218;SPRF-MT;DEL01-MT;UOP02-DEL01-MT;;;
670145;28/03/2025;sexta-feira;16:55:00;BA;116;11,2;VITORIA DA CONQUISTA;Desrespeitar a prefer�ncia no cruzamento;Colis�o transversal;Com V�timas Feridas;Pleno dia;Crescente;C�u Claro;Simples;"Reta;Interse��o de Vias";Sim;2;0;1;0;1;0;1;2;-14,87304066;-40,87137222;SPRF-BA;DEL08-BA;UOP01-DEL08-BA;;;
670146;28/03/2025;sexta-feira;18:10:00;BA;101;527;BUERAREMA;Aus�ncia de rea��o do condutor;Atropelamento de Pedestre;Com V�timas Feridas;Anoitecer;Crescente;C�u Claro;Simples;Reta;N�o;2;0;1;0;1;0;1;2;-14,962748;-39,311501;SPRF-BA;DEL05-BA;UOP01-DEL05-BA;;;
670147;28/03/2025;sexta-feira;18:15:00;MG;40;524,5;CONTAGEM;Condutor deixou de manter dist�ncia do ve�culo da frente;Colis�o traseira;Com V�timas Feridas;Anoitecer;Crescente;C�u Claro;Dupla;"Curva;Interse��o de Vias";Sim;2;0;1;0;1;0;1;2;-19,87931;-44,051033;SPRF-MG;DEL01-MG;UOP02-DEL01-MG;;;
670149;28/03/2025;sexta-feira;19:05:00;RN;101;82;NATAL;Pedestre cruzava a pista fora da faixa;Atropelamento de Pedestre;Com V�timas Feridas;Plena Noite;Crescente;C�u Claro;Dupla;Reta;Sim;2;0;2;0;0;0;2;2;-5,768391;-35,273346;SPRF-RN;DEL02-RN;UOP01-DEL02-RN;;;
670151;28/03/2025;sexta-feira;18:20:00;ES;262;104,7;VENDA NOVA DO IMIGRANTE;Rea��o tardia ou ineficiente do condutor;Colis�o traseira;Com V�timas Feridas;Plena Noite;Crescente;C�u Claro;Simples;Reta;Sim;2;0;1;0;1;0;1;2;-20,325957;-41,136038;SPRF-ES;DEL01-ES;UOP02-DEL01-ES;;;
670152;28/03/2025;sexta-feira;18:30:00;DF;60;1,7;BRASILIA;Manobra de mudan�a de faixa;Colis�o lateral mesmo sentido;Com V�timas Feridas;Plena Noite;Crescente;Nublado;Dupla;Reta;Sim;4;0;2;0;2;0;2;2;-15,886237;-48,074223;SPRF-DF;DEL03-DF;UOP01-DEL03-DF;;;
670153;28/03/2025;sexta-feira;18:30:00;SC;280;29,5;ARAQUARI;Aus�ncia de rea��o do condutor;Colis�o transversal;Com V�timas Feridas;Anoitecer;Crescente;C�u Claro;Simples;Reta;Sim;4;0;0;2;2;0;2;2;-26,40993623;-48,75157356;SPRF-SC;DEL03-SC;UOP03-DEL03-SC;;;
670154;28/03/2025;sexta-feira;19:35:00;SP;116;5;GUARULHOS;Pedestre cruzava a pista fora da faixa;Atropelamento de Pedestre;Com V�timas Feridas;Plena Noite;Decrescente;Nublado;M�ltipla;Reta;N�o;2;0;1;0;1;0;1;2;-23,42147589;-46,47856772;SPRF-SP;DEL01-SP;UOP01-DEL01-SP;;;
670157;28/03/2025;sexta-feira;18:46:00;SE;235;4,2;NOSSA SENHORA DO SOCORRO;Ingest�o de �lcool pelo condutor;Colis�o traseira;Sem V�timas;Plena Noite;Crescente;C�u Claro;Dupla;Reta;Sim;3;0;0;0;3;0;0;3;-10,90616957;-37,11318785;SPRF-SE;DEL01-SE;UOP01-DEL01-SE;;;
670159;28/03/2025;sexta-feira;18:20:00;SC;116;5;MAFRA;Rea��o tardia ou ineficiente do condutor;Colis�o traseira;Com V�timas Feridas;Plena Noite;Crescente;Nublado;Simples;Reta;Sim;4;0;1;0;2;1;1;3;-26,15766689;-49,8387748;SPRF-SC;DEL06-SC;UOP01-DEL06-SC;;;
670161;28/03/2025;sexta-feira;19:05:00;CE;222;70;SAO GONCALO DO AMARANTE;Transitar na contram�o;Colis�o frontal;Com V�timas Fatais;Plena Noite;Decrescente;C�u Claro;Simples;"Reta;Declive";N�o;2;1;0;0;1;0;0;2;-3,670533;-39,175052;SPRF-CE;DEL01-CE;UOP03-DEL01-CE;;;
670162;28/03/2025;sexta-feira;20:00:00;MG;262;35,5;MANHUACU;Acessar a via sem observar a presen�a dos outros ve�culos;Colis�o transversal;Com V�timas Feridas;Plena Noite;Crescente;C�u Claro;Simples;Declive;N�o;2;0;1;0;1;0;1;2;-20,26015268;-42,03596346;SPRF-MG;DEL06-MG;UOP03-DEL06-MG;;;
670164;28/03/2025;sexta-feira;09:30:00;RS;116;513,9;PELOTAS;Manobra de mudan�a de faixa;Colis�o lateral mesmo sentido;Com V�timas Feridas;Pleno dia;Crescente;C�u Claro;Simples;Reta;N�o;2;0;1;0;1;0;1;2;-31,65442667;-52,33753497;SPRF-RS;DEL07-RS;UOP01-DEL07-RS;;;
670166;28/03/2025;sexta-feira;19:40:00;SP;153;61,5;SAO JOSE DO RIO PRETO;Trafegar com motocicleta (ou similar) entre as faixas;Tombamento;Com V�timas Feridas;Pleno dia;Decrescente;C�u Claro;Dupla;"Reta;Declive";Sim;2;0;2;0;0;0;2;1;-20,809905;-49,356345;SPRF-SP;DEL09-SP;UOP01-DEL09-SP;;;
670170;28/03/2025;sexta-feira;17:50:00;RJ;101;482;ANGRA DOS REIS;Acessar a via sem observar a presen�a dos outros ve�culos;Colis�o lateral mesmo sentido;Com V�timas Feridas;Plena Noite;Crescente;C�u Claro;Dupla;Rotat�ria;Sim;6;0;1;0;5;0;1;2;-23,00011572;-44,30099487;SPRF-RJ;DEL03-RJ;UOP03-DEL03-RJ;;;
670172;28/03/2025;sexta-feira;19:45:00;RJ;493;15;GUAPIMIRIM;Aus�ncia de rea��o do condutor;Colis�o lateral sentido oposto;Com V�timas Feridas;Plena Noite;Decrescente;C�u Claro;Simples;Reta;N�o;2;0;1;0;1;0;1;2;-22,66369919;-42,99574272;SPRF-RJ;DEL04-RJ;UOP02-DEL04-RJ;;;
670173;28/03/2025;sexta-feira;20:27:00;PE;232;507;SALGUEIRO;Acessar a via sem observar a presen�a dos outros ve�culos;Colis�o frontal;Com V�timas Feridas;Plena Noite;Crescente;C�u Claro;Simples;Reta;Sim;2;0;1;0;1;0;1;2;-8,061002;-39,114799;SPRF-PE;DEL05-PE;UOP01-DEL05-PE;;;
670174;28/03/2025;sexta-feira;20:30:00;PI;343;340;TERESINA;Acessar a via sem observar a presen�a dos outros ve�culos;Colis�o transversal;Com V�timas Feridas;Plena Noite;Crescente;C�u Claro;Dupla;Curva;N�o;2;0;1;0;1;0;1;2;-5,07493669;-42,73758765;SPRF-PI;DEL01-PI;UOP01-DEL01-PI;;;
670175;28/03/2025;sexta-feira;20:10:00;RS;290;51;GLORINHA;Rea��o tardia ou ineficiente do condutor;Colis�o traseira;Sem V�timas;Plena Noite;Crescente;Nublado;Dupla;Reta;N�o;3;0;0;0;3;0;0;2;-29,910178;-50,768425;SPRF-RS;DEL03-RS;UOP01-DEL03-RS;;;
670177;28/03/2025;sexta-feira;20:00:00;PR;376;204;MANDAGUARI;Rea��o tardia ou ineficiente do condutor;Sa�da de leito carro��vel;Com V�timas Feridas;Plena Noite;Decrescente;C�u Claro;Dupla;"Declive;Reta";N�o;2;0;1;1;0;0;2;1;-23,5339108;-51,7138267;SPRF-PR;DEL09-PR;UOP01-DEL09-PR;;;
670178;28/03/2025;sexta-feira;20:50:00;BA;324;543;AMELIA RODRIGUES;Acesso irregular;Colis�o lateral mesmo sentido;Com V�timas Feridas;Plena Noite;Decrescente;C�u Claro;Dupla;Reta;N�o;2;0;0;1;1;0;1;2;-12,41504594;-38,75185203;SPRF-BA;DEL01-BA;UOP03-DEL01-BA;;;
670179;28/03/2025;sexta-feira;21:20:00;ES;101;241;SERRA;Transitar na contram�o;Colis�o frontal;Com V�timas Feridas;Plena Noite;Crescente;C�u Claro;Simples;Reta;N�o;2;0;0;1;1;0;1;2;-20,02616333;-40,39835;SPRF-ES;DEL02-ES;UOP01-DEL02-ES;;;
670180;28/03/2025;sexta-feira;21:05:00;RJ;116;178;SAO JOAO DE MERITI;Rea��o tardia ou ineficiente do condutor;Colis�o lateral mesmo sentido;Com V�timas Feridas;Plena Noite;Crescente;C�u Claro;Dupla;Reta;Sim;4;0;1;0;3;0;1;2;-22,77804123;-43,39636087;SPRF-RJ;DEL06-RJ;UOP01-DEL06-RJ;;;
670181;28/03/2025;sexta-feira;20:20:00;PI;316;3;TERESINA;Retorno proibido;Colis�o transversal;Com V�timas Feridas;Plena Noite;Crescente;C�u Claro;M�ltipla;"Interse��o de Vias;Reta";Sim;2;0;0;1;1;0;1;2;-5,13574158;-42,78921481;SPRF-PI;DEL01-PI;UOP02-DEL01-PI;;;
670183;28/03/2025;sexta-feira;17:20:00;RS;116;210;MORRO REUTER;Acesso irregular;Colis�o transversal;Com V�timas Feridas;Pleno dia;Crescente;C�u Claro;Simples;Curva;N�o;2;0;0;1;1;0;1;2;-29,51242666;-51,09973842;SPRF-RS;DEL05-RS;UOP02-DEL05-RS;;;
670184;28/03/2025;sexta-feira;20:30:00;PR;277;651;MATELANDIA;Condutor deixou de manter dist�ncia do ve�culo da frente;Colis�o traseira;Com V�timas Feridas;Plena Noite;Decrescente;C�u Claro;Simples;Reta;Sim;3;0;2;0;1;0;2;2;-25,19728091;-53,94331802;SPRF-PR;DEL05-PR;UOP02-DEL05-PR;;;
670185;28/03/2025;sexta-feira;18:30:00;PA;316;66;CASTANHAL;Entrada inopinada do pedestre;Atropelamento de Pedestre;Sem V�timas;Anoitecer;Decrescente;C�u Claro;Dupla;Reta;Sim;3;0;0;0;3;0;0;2;-1,295019;-47,899224;SPRF-PA;DEL01-PA;UOP01-DEL01-PA;;;
670187;28/03/2025;sexta-feira;19:10:00;MT;174;286;PONTES E LACERDA;Frear bruscamente;Colis�o traseira;Com V�timas Feridas;Plena Noite;Decrescente;C�u Claro;Simples;Reta;N�o;7;0;1;0;6;0;1;2;-15,26856;-59,2973;SPRF-MT;DEL04-MT;UOP01-DEL04-MT;;;
670188;28/03/2025;sexta-feira;20:50:00;RJ;493;13;GUAPIMIRIM;Condutor Dormindo;Queda de ocupante de ve�culo;Com V�timas Feridas;Plena Noite;Decrescente;C�u Claro;Simples;Reta;Sim;1;0;1;0;0;0;1;1;-22,68015342;-42,96804428;SPRF-RJ;DEL04-RJ;UOP02-DEL04-RJ;;;
670191;28/03/2025;sexta-feira;22:10:00;SC;282;5;SAO JOSE;Pedestre cruzava a pista fora da faixa;Atropelamento de Pedestre;Com V�timas Feridas;Plena Noite;Decrescente;C�u Claro;Dupla;"Curva;Interse��o de Vias";Sim;2;0;0;1;1;0;1;2;-27,58422425;-48,61663163;SPRF-SC;DEL01-SC;UOP01-DEL01-SC;;;