id;data_inversa;dia_semana;horario;uf;br;km;municipio;causa_acidente;tipo_acidente;classificacao_acidente;fase_dia;sentido_via;condicao_metereologica;tipo_pista;tracado_via;uso_solo;pessoas;mortos;feridos_leves;feridos_graves;ilesos;ignorados;feridos;veiculos;latitude;longitude;regional;delegacia;uop;;;
670192;28/03/2025;sexta-feira;19:55:00;MS;163;802;SONORA;Ultrapassagem Indevida;Sa�da de leito carro��vel;Sem V�timas;Plena Noite;Decrescente;Nublado;Simples;"Reta;Aclive";N�o;1;0;0;0;1;0;0;1;-17,88787;-54,69156;SPRF-MS;DEL06-MS;UOP01-DEL06-MS;;;
670193;28/03/2025;sexta-feira;22:10:00;GO;153;408,1;PIRENOPOLIS;Avarias e/ou desgaste excessivo no pneu;Tombamento;Com V�timas Feridas;Plena Noite;Decrescente;Chuva;Simples;Declive;N�o;2;0;2;0;0;0;2;1;-16,097591;-49,032757;SPRF-GO;DEL02-GO;UOP02-DEL02-GO;;;
670194;28/03/2025;sexta-feira;19:20:00;MS;163;119,6;NAVIRAI;Rea��o tardia ou ineficiente do condutor;Sa�da de leito carro��vel;Com V�timas Feridas;Plena Noite;Decrescente;C�u Claro;Simples;Curva;N�o;2;0;1;0;0;1;1;1;-23,11760525;-54,21595573;SPRF-MS;DEL09-MS;UOP01-DEL09-MS;;;
670195;28/03/2025;sexta-feira;20:13:00;MT;163;92;RONDONOPOLIS;Animais na Pista;Capotamento;Com V�timas Feridas;Plena Noite;Decrescente;C�u Claro;Dupla;Reta;N�o;3;0;3;0;0;0;3;1;-16,71906;-54,65006;SPRF-MT;DEL02-MT;UOP03-DEL02-MT;;;
670196;28/03/2025;sexta-feira;20:30:00;RJ;101;175;MACAE;Transitar no Acostamento;Colis�o traseira;Com V�timas Feridas;Plena Noite;Crescente;C�u Claro;Simples;Curva;N�o;5;0;1;0;4;0;1;2;-22,36675421;-41,93762172;SPRF-RJ;DEL08-RJ;UOP04-DEL08-RJ;;;
670197;28/03/2025;sexta-feira;22:05:00;SP;116;279;ITAPECERICA DA SERRA;Condutor Dormindo;Queda de ocupante de ve�culo;Com V�timas Feridas;Plena Noite;Crescente;C�u Claro;Dupla;Reta;N�o;1;0;1;0;0;0;1;1;-23,7002484;-46,8689288;SPRF-SP;DEL04-SP;UOP01-DEL04-SP;;;
670198;28/03/2025;sexta-feira;20:00:00;MG;381;159,9;GOVERNADOR VALADARES;Aus�ncia de rea��o do condutor;Colis�o com objeto;Com V�timas Feridas;Plena Noite;Decrescente;C�u Claro;Simples;"Declive;Curva";N�o;1;0;1;0;0;0;1;1;-18,8922388;-42,0048759;SPRF-MG;DEL06-MG;UOP01-DEL06-MG;;;
670200;28/03/2025;sexta-feira;22:40:00;RS;293;13,1;CAPAO DO LEAO;Aus�ncia de rea��o do condutor;Colis�o transversal;Com V�timas Feridas;Plena Noite;Crescente;C�u Claro;Simples;"Reta;Interse��o de Vias";Sim;2;0;0;1;1;0;1;2;-31,75603946;-52,44322993;SPRF-RS;DEL07-RS;UOP01-DEL07-RS;;;
670201;28/03/2025;sexta-feira;22:15:00;PB;101;93;CONDE;Aus�ncia de rea��o do condutor;Colis�o com objeto;Com V�timas Feridas;Plena Noite;Decrescente;C�u Claro;Dupla;Declive;Sim;1;0;1;0;0;0;1;1;-7,218265;-34,912787;SPRF-PB;DEL01-PB;UOP01-DEL01-PB;;;
670202;28/03/2025;sexta-feira;21:55:00;SP;381;16;BRAGANCA PAULISTA;Ingest�o de �lcool pelo condutor;Colis�o com objeto;Com V�timas Feridas;Plena Noite;Decrescente;C�u Claro;Dupla;"Reta;Declive";N�o;1;0;1;0;0;0;1;1;-22,96914684;-46,48550294;SPRF-SP;DEL03-SP;UOP02-DEL03-SP;;;
670203;28/03/2025;sexta-feira;19:00:00;MT;163;1041;MATUPA;Ultrapassagem Indevida;Colis�o traseira;Com V�timas Feridas;Plena Noite;Crescente;C�u Claro;Simples;Reta;N�o;2;0;1;0;1;0;1;2;-10,1480188;-54,9299072;SPRF-MT;DEL06-MT;UOP03-DEL06-MT;;;
670204;28/03/2025;sexta-feira;21:30:00;AP;210;74;PORTO GRANDE;Avarias e/ou desgaste excessivo no pneu;Eventos at�picos;Com V�timas Feridas;Plena Noite;Decrescente;Garoa/Chuvisco;Simples;Reta;N�o;2;0;0;2;0;0;2;1;0,58167;-51,181825;SPRF-AP;DEL01-AP;UOP01-DEL01-AP;;;
670205;28/03/2025;sexta-feira;22:15:00;RS;470;230,8;CARLOS BARBOSA;Velocidade Incompat�vel;Tombamento;Com V�timas Feridas;Plena Noite;Decrescente;C�u Claro;M�ltipla;"Curva;Aclive";Sim;2;0;1;1;0;0;2;1;-29,28449;-51,491772;SPRF-RS;DEL06-RS;UOP01-DEL06-RS;;;
670206;28/03/2025;sexta-feira;22:50:00;RJ;116;177;RIO DE JANEIRO;Condutor deixou de manter dist�ncia do ve�culo da frente;Colis�o traseira;Com V�timas Feridas;Plena Noite;Crescente;C�u Claro;Dupla;Reta;N�o;3;0;1;0;2;0;1;2;-22,80371874;-43,34587097;SPRF-RJ;DEL06-RJ;UOP01-DEL06-RJ;;;
670209;28/03/2025;sexta-feira;22:00:00;PR;476;278;SAO MATEUS DO SUL;Condutor deixou de manter dist�ncia do ve�culo da frente;Queda de ocupante de ve�culo;Com V�timas Feridas;Plena Noite;Decrescente;Garoa/Chuvisco;Simples;Reta;Sim;1;0;1;0;0;0;1;1;-25,87249861;-50,39381012;SPRF-PR;DEL02-PR;UOP03-DEL02-PR;;;
670210;28/03/2025;sexta-feira;22:00:00;PI;343;39;BURITI DOS LOPES;Rea��o tardia ou ineficiente do condutor;Colis�o lateral mesmo sentido;Com V�timas Feridas;Plena Noite;Crescente;Chuva;Simples;"Reta;Declive";N�o;2;0;0;1;1;0;1;2;-3,16150212;-41,81943655;SPRF-PI;DEL05-PI;UOP01-DEL05-PI;;;
670212;28/03/2025;sexta-feira;22:30:00;MT;158;650;NOVA XAVANTINA;Aus�ncia de rea��o do condutor;Queda de ocupante de ve�culo;Com V�timas Feridas;Plena Noite;Crescente;C�u Claro;Simples;Reta;N�o;1;0;0;1;0;0;1;1;-14,61314;-52,358175;SPRF-MT;DEL07-MT;UOP01-DEL07-MT;;;
670213;28/03/2025;sexta-feira;23:50:00;MG;381;485;BETIM;Manobra de mudan�a de faixa;Colis�o lateral mesmo sentido;Com V�timas Feridas;Plena Noite;Crescente;C�u Claro;Dupla;Curva;Sim;2;0;0;1;0;1;1;2;-19,95620037;-44,09494573;SPRF-MG;DEL01-MG;UOP03-DEL01-MG;;;
670214;28/03/2025;sexta-feira;23:25:00;MG;365;629,5;UBERLANDIA;Velocidade Incompat�vel;Colis�o traseira;Com V�timas Feridas;Plena Noite;Decrescente;C�u Claro;Dupla;"Reta;Declive";N�o;4;0;2;0;2;0;2;2;-18,90026743;-48,3648634;SPRF-MG;DEL15-MG;UOP01-DEL15-MG;;;
670216;28/03/2025;sexta-feira;23:55:00;MG;381;485;BETIM;Avarias e/ou desgaste excessivo no pneu;Tombamento;Com V�timas Feridas;Pleno dia;Crescente;C�u Claro;Dupla;Reta;Sim;4;0;2;0;2;0;2;3;-19,9559665;-44,0952806;SPRF-MG;DEL01-MG;UOP03-DEL01-MG;;;
670219;29/03/2025;s�bado;00:10:00;PR;153;333,8;IRATI;Aus�ncia de rea��o do condutor;Colis�o frontal;Com V�timas Feridas;Plena Noite;Decrescente;Nublado;Simples;Reta;Sim;2;0;0;1;1;0;1;2;-25,47990473;-50,64031893;SPRF-PR;DEL08-PR;UOP02-DEL08-PR;;;
670220;29/03/2025;s�bado;00:30:00;PR;369;134;IBIPORA;Convers�o proibida;Colis�o transversal;Com V�timas Feridas;Plena Noite;Crescente;C�u Claro;Simples;"Retorno Regulamentado;Reta;Interse��o de Vias";Sim;2;0;1;0;1;0;1;2;-23,2643832;-51,0346694;SPRF-PR;DEL07-PR;UOP01-DEL07-PR;;;
670221;29/03/2025;s�bado;00:50:00;PB;230;147,1;CAMPINA GRANDE;Ingest�o de �lcool pelo condutor;Sa�da de leito carro��vel;Sem V�timas;Plena Noite;Crescente;Nublado;Dupla;"Reta;Aclive";N�o;1;0;0;0;0;1;0;1;-7,2400301;-35,8622306;SPRF-PB;DEL02-PB;UOP01-DEL02-PB;;;
670222;28/03/2025;sexta-feira;23:11:00;RJ;493;49;DUQUE DE CAXIAS;Aus�ncia de rea��o do condutor;Colis�o traseira;Com V�timas Fatais;Plena Noite;Decrescente;C�u Claro;Dupla;Reta;N�o;2;1;0;0;0;1;0;2;-22,6701032;-43,2919511;SPRF-RJ;DEL01-RJ;UOP03-DEL01-RJ;;;
670223;29/03/2025;s�bado;00:15:00;MS;163;462,9;CAMPO GRANDE;Entrada inopinada do pedestre;Atropelamento de Pedestre;Com V�timas Feridas;Plena Noite;Decrescente;C�u Claro;Simples;Reta;N�o;2;0;1;0;1;0;1;2;-20,614327;-54,575555;SPRF-MS;DEL01-MS;UOP01-DEL01-MS;;;
670224;29/03/2025;s�bado;00:45:00;RO;425;128;GUAJARA-MIRIM;Ingest�o de �lcool pelo condutor;Colis�o transversal;Com V�timas Feridas;Plena Noite;Crescente;C�u Claro;Dupla;"Reta;Interse��o de Vias";Sim;2;0;1;0;1;0;1;2;-10,78557727;-65,33936262;SPRF-RO;DEL01-RO;UOP03-DEL01-RO;;;
670226;29/03/2025;s�bado;01:20:00;PE;232;9;RECIFE;Velocidade Incompat�vel;Queda de ocupante de ve�culo;Com V�timas Feridas;Plena Noite;Crescente;Nublado;M�ltipla;Reta;Sim;2;0;0;2;0;0;2;1;-8,076847;-34,97369;SPRF-PE;DEL01-PE;UOP01-DEL01-PE;;;
670227;28/03/2025;sexta-feira;22:55:00;SC;282;94;ALFREDO WAGNER;Velocidade Incompat�vel;Sa�da de leito carro��vel;Com V�timas Feridas;Plena Noite;Crescente;C�u Claro;Simples;Curva;N�o;1;0;1;0;0;0;1;1;-27,7107845;-49,26771641;SPRF-SC;DEL01-SC;UOP03-DEL01-SC;;;
670229;29/03/2025;s�bado;03:00:00;PR;376;631,3;SAO JOSE DOS PINHAIS;Aus�ncia de rea��o do condutor;Colis�o com objeto;Com V�timas Feridas;Plena Noite;Crescente;Nublado;Dupla;Reta;Sim;3;0;1;0;1;1;1;2;-25,71312198;-49,13964511;SPRF-PR;DEL01-PR;UOP04-DEL01-PR;;;
670231;29/03/2025;s�bado;02:00:00;GO;364;119,6;APARECIDA DO RIO DOCE;Ingest�o de �lcool pelo condutor;Sa�da de leito carro��vel;Sem V�timas;Plena Noite;Decrescente;C�u Claro;Simples;Reta;N�o;1;0;0;0;1;0;0;1;-18,28289;-51,192595;SPRF-GO;DEL05-GO;UOP02-DEL05-GO;;;
670232;29/03/2025;s�bado;02:30:00;PR;376;405;TIBAGI;Rea��o tardia ou ineficiente do condutor;Colis�o com objeto;Com V�timas Feridas;Plena Noite;Decrescente;C�u Claro;Dupla;"Curva;Declive";N�o;2;0;0;2;0;0;2;1;-24,59072838;-50,67628015;SPRF-PR;DEL03-PR;UOP02-DEL03-PR;;;
670233;29/03/2025;s�bado;02:50:00;RS;116;336;BARRA DO RIBEIRO;Aus�ncia de rea��o do condutor;Sa�da de leito carro��vel;Com V�timas Feridas;Plena Noite;Crescente;Nublado;Dupla;Reta;N�o;1;0;1;0;0;0;1;1;-30,42693815;-51,47022466;SPRF-RS;DEL02-RS;UOP02-DEL02-RS;;;
670234;29/03/2025;s�bado;04:35:00;MG;40;517,6;RIBEIRAO DAS NEVES;Aus�ncia de rea��o do condutor;Colis�o traseira;Com V�timas Feridas;Plena Noite;Crescente;C�u Claro;Dupla;Reta;N�o;2;0;1;0;1;0;1;2;-19,8291176;-44,08351;SPRF-MG;DEL01-MG;UOP02-DEL01-MG;;;
670235;29/03/2025;s�bado;04:15:00;RJ;116;82;TERESOPOLIS;Aus�ncia de rea��o do condutor;Colis�o frontal;Com V�timas Fatais;Plena Noite;Crescente;C�u Claro;Simples;Reta;Sim;2;1;0;1;0;0;1;2;-22,406536;-42,951346;SPRF-RJ;DEL04-RJ;UOP01-DEL04-RJ;;;
670239;29/03/2025;s�bado;04:30:00;RJ;116;175;SAO JOAO DE MERITI;Suic�dio (presumido);Atropelamento de Pedestre;Com V�timas Fatais;Plena Noite;Crescente;C�u Claro;Dupla;Reta;N�o;2;1;0;0;0;1;0;2;-22,79728807;-43,35869528;SPRF-RJ;DEL06-RJ;UOP01-DEL06-RJ;;;
670240;29/03/2025;s�bado;04:50:00;CE;116;26,3;ITAITINGA;Manobra de mudan�a de faixa;Colis�o lateral mesmo sentido;Com V�timas Feridas;Plena Noite;Crescente;Chuva;Dupla;Reta;Sim;2;0;0;2;0;0;2;2;-3,97994028;-38,51424694;SPRF-CE;DEL01-CE;UOP02-DEL01-CE;;;
670242;29/03/2025;s�bado;05:00:00;PR;376;167,8;MARINGA;Rea��o tardia ou ineficiente do condutor;Colis�o com objeto;Com V�timas Feridas;Amanhecer;Decrescente;C�u Claro;Dupla;Aclive;N�o;2;0;1;0;1;0;1;1;-23,38800858;-52,01968063;SPRF-PR;DEL09-PR;UOP01-DEL09-PR;;;
670244;28/03/2025;sexta-feira;18:20:00;RS;158;326;SANTA MARIA;Aus�ncia de rea��o do condutor;Tombamento;Com V�timas Feridas;Anoitecer;Decrescente;C�u Claro;Simples;Rotat�ria;Sim;2;0;2;0;0;0;2;1;-29,71489646;-53,81046116;SPRF-RS;DEL09-RS;UOP01-DEL09-RS;;;
670245;29/03/2025;s�bado;06:10:00;PR;277;6,5;PARANAGUA;Rea��o tardia ou ineficiente do condutor;Colis�o com objeto;Com V�timas Feridas;Amanhecer;Crescente;Nublado;Simples;"Curva;Interse��o de Vias;Viaduto;Declive";N�o;1;0;1;0;0;0;1;1;-25,56071067;-48,58148932;SPRF-PR;DEL01-PR;UOP05-DEL01-PR;;;
670247;29/03/2025;s�bado;05:50:00;PE;232;29;MORENO;Acessar a via sem observar a presen�a dos outros ve�culos;Colis�o transversal;Com V�timas Fatais;Amanhecer;Crescente;C�u Claro;Dupla;Reta;N�o;2;1;0;0;1;0;0;2;-8,11078;-35,148892;SPRF-PE;DEL01-PE;UOP01-DEL01-PE;;;
670248;28/03/2025;sexta-feira;21:30:00;PA;316;111;SANTA MARIA DO PARA;Acessar a via sem observar a presen�a dos outros ve�culos;Colis�o transversal;Com V�timas Feridas;Plena Noite;Crescente;Garoa/Chuvisco;Simples;"Interse��o de Vias;Curva";N�o;2;0;1;0;1;0;1;2;-1,316564;-47,510822;SPRF-PA;DEL01-PA;UOP02-DEL01-PA;;;
670249;17/03/2025;segunda-feira;14:15:00;PI;343;557;AMARANTE;Chuva;Sa�da de leito carro��vel;Com V�timas Feridas;Pleno dia;Crescente;Chuva;Simples;Curva;N�o;1;0;1;0;0;0;1;1;-6,645775;-42,876538;SPRF-PI;DEL03-PI;UOP01-DEL03-PI;;;
670252;29/03/2025;s�bado;07:00:00;SC;101;200;SAO JOSE;Aus�ncia de rea��o do condutor;Queda de ocupante de ve�culo;Com V�timas Feridas;Pleno dia;Crescente;C�u Claro;Dupla;Reta;N�o;2;0;1;0;1;0;1;2;-27,54262268;-48,62087304;SPRF-SC;DEL01-SC;UOP01-DEL01-SC;;;
670253;28/03/2025;sexta-feira;23:00:00;PR;376;499;PONTA GROSSA;Aus�ncia de rea��o do condutor;Capotamento;Sem V�timas;Plena Noite;Decrescente;Ignorado;Dupla;Reta;Sim;1;0;0;0;0;1;0;1;-25,1542261;-50,1356011;SPRF-PR;DEL03-PR;UOP04-DEL03-PR;;;
670254;29/03/2025;s�bado;06:00:00;CE;20;321,4;CARIDADE;Pista esburacada;Sa�da de leito carro��vel;Com V�timas Feridas;Pleno dia;Decrescente;Nublado;Simples;Reta;N�o;4;0;1;0;3;0;1;1;-4,262505;-39,217147;SPRF-CE;DEL02-CE;UOP01-DEL02-CE;;;
670256;29/03/2025;s�bado;07:00:00;MG;381;5;BETIM;Rea��o tardia ou ineficiente do condutor;Colis�o com objeto;Sem V�timas;Pleno dia;Decrescente;C�u Claro;Dupla;Reta;Sim;1;0;0;0;1;0;0;1;-19,9886798;-44,1872639;SPRF-MG;DEL01-MG;UOP03-DEL01-MG;;;
670257;29/03/2025;s�bado;07:18:00;GO;40;1;VALPARAISO DE GOIAS;Manobra de mudan�a de faixa;Colis�o lateral mesmo sentido;Com V�timas Feridas;Pleno dia;Decrescente;C�u Claro;Dupla;Reta;Sim;2;0;1;0;1;0;1;2;-16,060408;-47,983052;SPRF-DF;DEL01-DF;UOP01-DEL01-DF;;;
670260;29/03/2025;s�bado;06:30:00;GO;40;1;VALPARAISO DE GOIAS;Rea��o tardia ou ineficiente do condutor;Sa�da de leito carro��vel;Com V�timas Feridas;Pleno dia;Crescente;C�u Claro;Dupla;Reta;Sim;1;0;1;0;0;0;1;1;-16,06034;-47,983115;SPRF-DF;DEL01-DF;UOP01-DEL01-DF;;;
670261;18/03/2025;ter�a-feira;04:40:00;MS;158;299;TRES LAGOAS;Animais na Pista;Sa�da de leito carro��vel;Sem V�timas;Amanhecer;Crescente;Nublado;Simples;Retorno Regulamentado;N�o;1;0;0;0;0;1;0;1;-20,95704129;-51,83927894;SPRF-MS;DEL07-MS;UOP01-DEL07-MS;;;
670262;29/03/2025;s�bado;07:30:00;PR;369;120;JATAIZINHO;Velocidade Incompat�vel;Colis�o lateral mesmo sentido;Com V�timas Feridas;Pleno dia;Decrescente;C�u Claro;Dupla;Reta;N�o;2;0;1;0;1;0;1;2;-23,28452249;-50,89852983;SPRF-PR;DEL07-PR;UOP05-DEL07-PR;;;
670263;29/03/2025;s�bado;07:25:00;MG;381;536;ITATIAIUCU;Rea��o tardia ou ineficiente do condutor;Sa�da de leito carro��vel;Com V�timas Feridas;Pleno dia;Decrescente;C�u Claro;Dupla;"Curva;Declive";N�o;1;0;1;0;0;0;1;1;-20,19665666;-44,38451732;SPRF-MG;DEL04-MG;UOP03-DEL04-MG;;;
670265;29/03/2025;s�bado;08:10:00;PE;101;42;IGARASSU;Acesso irregular;Colis�o lateral mesmo sentido;Sem V�timas;Pleno dia;Decrescente;C�u Claro;Simples;Reta;Sim;2;0;0;0;2;0;0;2;-7,844329;-34,910497;SPRF-PE;DEL01-PE;UOP02-DEL01-PE;;;
670266;29/03/2025;s�bado;07:50:00;ES;259;60,9;COLATINA;Condutor deixou de manter dist�ncia do ve�culo da frente;Tombamento;Com V�timas Feridas;Pleno dia;Decrescente;C�u Claro;Dupla;Curva;Sim;3;0;1;0;1;1;1;2;-19,533361;-40,684874;SPRF-ES;DEL02-ES;UOP01-DEL02-ES;;;
670267;29/03/2025;s�bado;07:58:00;MS;163;682,1;RIO VERDE DE MATO GROSSO;Acessar a via sem observar a presen�a dos outros ve�culos;Colis�o transversal;Com V�timas Feridas;Pleno dia;Crescente;Sol;Simples;"Interse��o de Vias;Reta;Declive";Sim;2;0;1;0;0;1;1;2;-18,9009442;-54,8422759;SPRF-MS;DEL06-MS;UOP02-DEL06-MS;;;
670268;29/03/2025;s�bado;07:50:00;BA;116;826,6;VITORIA DA CONQUISTA;Manobra de mudan�a de faixa;Colis�o lateral mesmo sentido;Com V�timas Feridas;Pleno dia;Crescente;C�u Claro;Dupla;Reta;Sim;4;0;1;0;1;2;1;3;-14,88238101;-40,85736977;SPRF-BA;DEL08-BA;UOP01-DEL08-BA;;;
670270;29/03/2025;s�bado;08:23:00;MG;40;551;NOVA LIMA;Frear bruscamente;Colis�o traseira;Com V�timas Feridas;Pleno dia;Crescente;C�u Claro;Dupla;Reta;Sim;3;0;1;0;2;0;1;2;-20,052458;-43,969467;SPRF-MG;DEL01-MG;UOP02-DEL01-MG;;;
670272;29/03/2025;s�bado;07:40:00;RJ;40;109;DUQUE DE CAXIAS;Transitar no Acostamento;Colis�o transversal;Com V�timas Feridas;Pleno dia;Crescente;C�u Claro;Dupla;Reta;Sim;2;0;1;0;1;0;1;2;-22,67834531;-43,28637593;SPRF-RJ;DEL01-RJ;UOP02-DEL01-RJ;;;
670273;29/03/2025;s�bado;08:05:00;SC;101;249;PAULO LOPES;Condutor Dormindo;Sa�da de leito carro��vel;Sem V�timas;Pleno dia;Crescente;C�u Claro;Dupla;Curva;N�o;1;0;0;0;1;0;0;1;-28,077128;-48,7125133;SPRF-SC;DEL02-SC;UOP03-DEL02-SC;;;
670274;29/03/2025;s�bado;09:15:00;BA;418;90;NOVA VICOSA;Ultrapassagem Indevida;Sa�da de leito carro��vel;Com V�timas Feridas;Pleno dia;Crescente;Nublado;Simples;Reta;N�o;2;0;1;0;1;0;1;1;-17,889185;-39,88676;SPRF-BA;DEL09-BA;UOP02-DEL09-BA;;;
670275;29/03/2025;s�bado;09:15:00;RS;470;210,2;BENTO GONCALVES;Rea��o tardia ou ineficiente do condutor;Colis�o traseira;Com V�timas Feridas;Pleno dia;Crescente;C�u Claro;Simples;"Declive;Reta;Em Obras";N�o;4;0;1;0;3;0;1;2;-29,12672599;-51,5420723;SPRF-RS;DEL06-RS;UOP01-DEL06-RS;;;
670276;29/03/2025;s�bado;08:00:00;RO;319;63;PORTO VELHO;Trafegar com motocicleta (ou similar) entre as faixas;Colis�o lateral mesmo sentido;Com V�timas Feridas;Pleno dia;Decrescente;C�u Claro;Dupla;"Interse��o de Vias;Reta";Sim;2;0;1;0;1;0;1;2;-8,76302799;-63,8848632;SPRF-RO;DEL01-RO;UOP01-DEL01-RO;;;
670277;29/03/2025;s�bado;09:00:00;SC;280;54,9;GUARAMIRIM;Avarias e/ou desgaste excessivo no pneu;Sa�da de leito carro��vel;Com V�timas Feridas;Pleno dia;Decrescente;C�u Claro;Dupla;Reta;Sim;3;0;3;0;0;0;3;1;-26,476695;-48,99538452;SPRF-SC;DEL03-SC;UOP03-DEL03-SC;;;
670278;29/03/2025;s�bado;09:30:00;PR;277;594;CASCAVEL;Acessar a via sem observar a presen�a dos outros ve�culos;Colis�o transversal;Com V�timas Feridas;Pleno dia;Crescente;Nublado;Simples;Interse��o de Vias;Sim;2;0;1;0;1;0;1;2;-24,98161754;-53,50039458;SPRF-PR;DEL04-PR;UOP01-DEL04-PR;;;
670279;29/03/2025;s�bado;09:05:00;SP;153;8,2;ICEM;Condutor usando celular;Colis�o lateral sentido oposto;Com V�timas Feridas;Pleno dia;Crescente;C�u Claro;Simples;Reta;N�o;4;0;1;0;3;0;1;2;-20,375252;-49,228097;SPRF-SP;DEL09-SP;UOP01-DEL09-SP;;;
670280;29/03/2025;s�bado;04:45:00;RS;116;248;SAO LEOPOLDO;Ingest�o de �lcool pelo condutor;Colis�o com objeto;Sem V�timas;Plena Noite;Decrescente;C�u Claro;Dupla;"Curva;Em Obras";Sim;2;0;0;0;1;1;0;2;-29,77828644;-51,15582672;SPRF-RS;DEL01-RS;UOP02-DEL01-RS;;;
670282;29/03/2025;s�bado;10:30:00;RJ;101;428;MANGARATIBA;Desrespeitar a prefer�ncia no cruzamento;Colis�o frontal;Com V�timas Feridas;Pleno dia;Decrescente;C�u Claro;Simples;"Reta;Retorno Regulamentado";N�o;4;0;3;0;1;0;3;2;-22,93691668;-44,00273907;SPRF-RJ;DEL03-RJ;UOP02-DEL03-RJ;;;
670283;24/03/2025;segunda-feira;10:20:00;BA;367;42;SANTA CRUZ CABRALIA;Condutor deixou de manter dist�ncia do ve�culo da frente;Colis�o traseira;Com V�timas Feridas;Pleno dia;Crescente;Nublado;Simples;Reta;N�o;2;0;1;0;1;0;1;2;-16,37716;-39,3248;SPRF-BA;DEL09-BA;UOP03-DEL09-BA;;;
670284;29/03/2025;s�bado;10:00:00;SP;116;146;SAO JOSE DOS CAMPOS;Estacionar ou parar em local proibido;Colis�o traseira;Com V�timas Feridas;Pleno dia;Crescente;Sol;M�ltipla;Reta;N�o;3;0;1;0;2;0;1;3;-23,19304402;-45,8670761;SPRF-SP;DEL02-SP;UOP01-DEL02-SP;;;
670285;28/03/2025;sexta-feira;21:15:00;AM;0;0;HUMAITA;Aus�ncia de rea��o do condutor;Colis�o com objeto;Sem V�timas;Plena Noite;N�o Informado;Garoa/Chuvisco;Simples;"Reta;Interse��o de Vias";Sim;3;0;0;0;3;0;0;2;-7,56212016;-63,05328369;SPRF-AM;DEL02-AM;UOP01-DEL02-AM;;;
670286;29/03/2025;s�bado;11:15:00;PR;369;153,8;LONDRINA;Manobra de mudan�a de faixa;Queda de ocupante de ve�culo;Com V�timas Feridas;Pleno dia;Crescente;C�u Claro;Dupla;Reta;Sim;3;0;2;0;1;0;2;2;-23,29821578;-51,19486213;SPRF-PR;DEL07-PR;UOP01-DEL07-PR;;;
670288;29/03/2025;s�bado;09:20:00;MT;364;207,9;RONDONOPOLIS;Mal s�bito do condutor;Colis�o transversal;Com V�timas Feridas;Pleno dia;Decrescente;C�u Claro;Dupla;Retorno Regulamentado;Sim;6;0;2;0;4;0;2;2;-16,43677463;-54,68194842;SPRF-MT;DEL02-MT;UOP01-DEL02-MT;;;
670290;29/03/2025;s�bado;09:10:00;SC;101;135;BALNEARIO CAMBORIU;Acessar a via sem observar a presen�a dos outros ve�culos;Colis�o transversal;Com V�timas Feridas;Pleno dia;Crescente;Sol;M�ltipla;Reta;Sim;2;0;0;1;1;0;1;2;-27,0054438;-48,626477;SPRF-SC;DEL04-SC;UOP03-DEL04-SC;;;
670291;29/03/2025;s�bado;10:50:00;MS;163;479,5;CAMPO GRANDE;Avarias e/ou desgaste excessivo no pneu;Tombamento;Com V�timas Feridas;Pleno dia;Crescente;C�u Claro;Simples;Reta;Sim;2;0;0;2;0;0;2;1;-20,4830959;-54,55941562;SPRF-MS;DEL01-MS;UOP01-DEL01-MS;;;
670292;29/03/2025;s�bado;11:05:00;DF;20;17,5;BRASILIA;Aus�ncia de rea��o do condutor;Sa�da de leito carro��vel;Com V�timas Feridas;Pleno dia;Decrescente;C�u Claro;Dupla;"Reta;Aclive";Sim;1;0;1;0;0;0;1;1;-15,61809442;-47,71051348;SPRF-DF;DEL02-DF;UOP01-DEL02-DF;;;
670293;29/03/2025;s�bado;11:00:00;PB;361;5;PATOS;Aus�ncia de rea��o do condutor;Colis�o traseira;Com V�timas Feridas;Pleno dia;Decrescente;C�u Claro;Simples;Reta;Sim;2;0;1;0;1;0;1;2;-7,03427242;-37,30203867;SPRF-PB;DEL03-PB;UOP01-DEL03-PB;;;
670295;29/03/2025;s�bado;11:50:00;RS;285;448,1;IJUI;Rea��o tardia ou ineficiente do condutor;Sa�da de leito carro��vel;Com V�timas Feridas;Pleno dia;Crescente;Sol;Simples;"Curva;Declive";N�o;1;0;1;0;0;0;1;1;-28,4158852;-53,9252713;SPRF-RS;DEL10-RS;UOP01-DEL10-RS;;;
670296;29/03/2025;s�bado;09:15:00;SC;101;134,8;BALNEARIO CAMBORIU;Velocidade Incompat�vel;Colis�o com objeto;Sem V�timas;Pleno dia;Decrescente;C�u Claro;Dupla;Reta;Sim;2;0;0;0;2;0;0;2;-27,0043;-48,62814;SPRF-SC;DEL04-SC;UOP03-DEL04-SC;;;
670297;29/03/2025;s�bado;10:15:00;MA;10;300;CIDELANDIA;Velocidade Incompat�vel;Sa�da de leito carro��vel;Sem V�timas;Pleno dia;Decrescente;C�u Claro;Simples;Reta;Sim;1;0;0;0;1;0;0;1;-5,10551614;-47,55214655;SPRF-MA;DEL04-MA;UOP03-DEL04-MA;;;
670298;29/03/2025;s�bado;12:25:00;TO;153;656,3;DUERE;Ultrapassagem Indevida;Colis�o transversal;Com V�timas Feridas;Pleno dia;Decrescente;C�u Claro;Simples;Reta;N�o;4;0;1;0;3;0;1;2;-11,5883762;-49,0351682;SPRF-TO;DEL01-TO;UOP02-DEL01-TO;;;