id;data_inversa;dia_semana;horario;uf;br;km;municipio;causa_acidente;tipo_acidente;classificacao_acidente;fase_dia;sentido_via;condicao_metereologica;tipo_pista;tracado_via;uso_solo;pessoas;mortos;feridos_leves;feridos_graves;ilesos;ignorados;feridos;veiculos;latitude;longitude;regional;delegacia;uop;;;
670300;22/03/2025;s�bado;18:28:00;MA;230;91,9;SAO JOAO DOS PATOS;Pedestre andava na pista;Atropelamento de Pedestre;Com V�timas Feridas;Anoitecer;Decrescente;C�u Claro;Simples;Reta;Sim;5;0;1;0;4;0;1;2;-6,496736;-43,687004;SPRF-PI;DEL03-PI;UOP01-DEL03-PI;;;
670302;29/03/2025;s�bado;12:20:00;RJ;40;115;DUQUE DE CAXIAS;Rea��o tardia ou ineficiente do condutor;Queda de ocupante de ve�culo;Com V�timas Feridas;Pleno dia;Decrescente;C�u Claro;M�ltipla;Reta;N�o;3;0;2;0;1;0;2;2;-22,73148886;-43,28876441;SPRF-RJ;DEL01-RJ;UOP02-DEL01-RJ;;;
670303;29/03/2025;s�bado;12:30:00;PE;101;91;CABO DE SANTO AGOSTINHO;Acumulo de areia ou detritos sobre o pavimento;Colis�o com objeto;Com V�timas Feridas;Pleno dia;Crescente;C�u Claro;Dupla;Reta;N�o;2;0;2;0;0;0;2;1;-8,227665;-34,994855;SPRF-PE;DEL01-PE;UOP01-DEL01-PE;;;
670304;29/03/2025;s�bado;13:00:00;RN;406;162,7;SAO GONCALO DO AMARANTE;Acessar a via sem observar a presen�a dos outros ve�culos;Colis�o transversal;Com V�timas Feridas;Pleno dia;Decrescente;C�u Claro;Dupla;Reta;N�o;2;0;0;1;1;0;1;2;-5,73188951;-35,35817677;SPRF-RN;DEL02-RN;UOP01-DEL02-RN;;;
670307;29/03/2025;s�bado;12:00:00;SC;116;246;LAGES;Acessar a via sem observar a presen�a dos outros ve�culos;Colis�o transversal;Com V�timas Feridas;Pleno dia;Crescente;C�u Claro;Simples;Rotat�ria;N�o;2;0;1;0;1;0;1;2;-27,79975263;-50,36385819;SPRF-SC;DEL05-SC;UOP02-DEL05-SC;;;
670309;29/03/2025;s�bado;11:00:00;MA;10;321;ACAILANDIA;Condutor deixou de manter dist�ncia do ve�culo da frente;Colis�o traseira;Com V�timas Feridas;Pleno dia;Crescente;C�u Claro;Simples;Reta;Sim;2;0;0;1;1;0;1;2;-4,93963173;-47,50299092;SPRF-MA;DEL04-MA;UOP03-DEL04-MA;;;
670311;29/03/2025;s�bado;13:20:00;ES;259;8,5;JOAO NEIVA;Rea��o tardia ou ineficiente do condutor;Tombamento;Com V�timas Feridas;Pleno dia;Crescente;C�u Claro;Simples;Reta;N�o;1;0;0;1;0;0;1;1;-19,67734105;-40,39954744;SPRF-ES;DEL02-ES;UOP01-DEL02-ES;;;
670313;29/03/2025;s�bado;12:45:00;RS;285;454,6;IJUI;Acessar a via sem observar a presen�a dos outros ve�culos;Colis�o transversal;Com V�timas Fatais;Pleno dia;Crescente;Sol;Simples;"Reta;Em Obras;Interse��o de Vias";Sim;5;1;1;2;0;1;3;3;-28,381685;-53,881245;SPRF-RS;DEL10-RS;UOP01-DEL10-RS;;;
670314;29/03/2025;s�bado;12:47:00;DF;70;3;BRASILIA;Aus�ncia de rea��o do condutor;Colis�o traseira;Com V�timas Feridas;Pleno dia;Crescente;C�u Claro;Dupla;Reta;Sim;3;0;0;2;1;0;2;2;-15,80191;-48,083918;SPRF-DF;DEL03-DF;UOP02-DEL03-DF;;;
670316;29/03/2025;s�bado;12:25:00;PR;369;247;BOM SUCESSO;Acumulo de �gua sobre o pavimento;Colis�o frontal;Com V�timas Fatais;Pleno dia;Decrescente;Chuva;Simples;"Declive;Curva";N�o;3;1;0;1;1;0;1;2;-23,705216;-51,739742;SPRF-PR;DEL09-PR;UOP01-DEL09-PR;;;
670317;29/03/2025;s�bado;12:30:00;PE;232;142,4;SAO CAITANO;Ingest�o de �lcool pelo condutor;Sa�da de leito carro��vel;Com V�timas Feridas;Pleno dia;Crescente;C�u Claro;Dupla;"Reta;Aclive";N�o;1;0;0;1;0;0;1;1;-8,322915;-36,099833;SPRF-PE;DEL03-PE;UOP02-DEL03-PE;;;
670318;29/03/2025;s�bado;11:50:00;MA;135;16,2;SAO LUIS;Entrada inopinada do pedestre;Atropelamento de Pedestre;Com V�timas Feridas;Pleno dia;Crescente;C�u Claro;Dupla;Reta;N�o;3;0;0;1;2;0;1;2;-2,70532166;-44,31258202;SPRF-MA;DEL01-MA;UOP01-DEL01-MA;;;
670319;29/03/2025;s�bado;13:48:00;SC;282;0,1;FLORIANOPOLIS;Manobra de mudan�a de faixa;Colis�o lateral mesmo sentido;Com V�timas Feridas;Pleno dia;Decrescente;Nublado;M�ltipla;Reta;N�o;3;0;2;0;0;1;2;2;-27,598168;-48,571497;SPRF-SC;DEL01-SC;UOP01-DEL01-SC;;;
670320;06/03/2025;quinta-feira;07:00:00;BA;420;233;LAJE;Demais falhas mec�nicas ou el�tricas;Sa�da de leito carro��vel;Com V�timas Feridas;Pleno dia;Crescente;C�u Claro;Simples;Reta;N�o;1;0;1;0;0;0;1;1;-13,1699854;-39,3491173;SPRF-BA;DEL01-BA;UOP02-DEL01-BA;;;
670321;29/03/2025;s�bado;14:00:00;MG;50;176;UBERABA;Ingest�o de �lcool pelo condutor;Colis�o traseira;Com V�timas Feridas;Pleno dia;Crescente;Chuva;Dupla;Reta;N�o;3;0;2;0;1;0;2;2;-19,779531;-47,965733;SPRF-MG;DEL13-MG;UOP01-DEL13-MG;;;
670323;29/03/2025;s�bado;14:30:00;CE;116;10;FORTALEZA;Manobra de mudan�a de faixa;Colis�o lateral mesmo sentido;Com V�timas Feridas;Pleno dia;Crescente;Nublado;M�ltipla;Reta;Sim;3;0;2;0;0;1;2;2;-3,8372464;-38,502295;SPRF-CE;DEL01-CE;UOP02-DEL01-CE;;;
670324;29/03/2025;s�bado;14:30:00;RJ;493;24;MAGE;Aus�ncia de rea��o do condutor;Queda de ocupante de ve�culo;Com V�timas Feridas;Pleno dia;Crescente;Sol;Simples;Reta;N�o;1;0;1;0;0;0;1;1;-22,65748239;-43,07314396;SPRF-RJ;DEL04-RJ;UOP02-DEL04-RJ;;;
670325;29/03/2025;s�bado;12:20:00;PR;369;208,8;APUCARANA;Rea��o tardia ou ineficiente do condutor;Sa�da de leito carro��vel;Com V�timas Feridas;Pleno dia;Crescente;Nublado;Simples;"Reta;Interse��o de Vias";Sim;1;0;1;0;0;0;1;1;-23,565372;-51,504341;SPRF-PR;DEL07-PR;UOP03-DEL07-PR;;;
670326;29/03/2025;s�bado;14:05:00;PR;376;179,8;MARINGA;Rea��o tardia ou ineficiente do condutor;Colis�o traseira;Com V�timas Feridas;Pleno dia;Decrescente;Chuva;Dupla;Reta;Sim;2;0;0;1;1;0;1;2;-23,42596952;-51,89741481;SPRF-PR;DEL09-PR;UOP01-DEL09-PR;;;
670327;29/03/2025;s�bado;15:05:00;RS;290;58;GLORINHA;Aus�ncia de rea��o do condutor;Sa�da de leito carro��vel;Com V�timas Fatais;Pleno dia;Decrescente;Nublado;Dupla;Reta;N�o;4;1;3;0;0;0;3;1;-29,920962;-50,838635;SPRF-RS;DEL03-RS;UOP01-DEL03-RS;;;
670328;29/03/2025;s�bado;12:13:00;PR;277;61;SAO JOSE DOS PINHAIS;Velocidade Incompat�vel;Queda de ocupante de ve�culo;Com V�timas Feridas;Pleno dia;Crescente;C�u Claro;Dupla;Reta;N�o;2;0;1;0;0;1;1;2;-25,5490089;-49,04382521;SPRF-PR;DEL01-PR;UOP01-DEL01-PR;;;
670330;29/03/2025;s�bado;15:30:00;SC;470;57,4;BLUMENAU;Aus�ncia de rea��o do condutor;Colis�o traseira;Com V�timas Feridas;Pleno dia;Crescente;C�u Claro;Dupla;Interse��o de Vias;N�o;3;0;1;0;2;0;1;2;-26,88263599;-49,14205844;SPRF-SC;DEL04-SC;UOP01-DEL04-SC;;;
670331;29/03/2025;s�bado;15:20:00;DF;70;12,2;BRASILIA;Condutor deixou de manter dist�ncia do ve�culo da frente;Colis�o traseira;Com V�timas Feridas;Pleno dia;Decrescente;C�u Claro;Dupla;Reta;Sim;3;0;1;0;2;0;1;2;-15,794205;-48,163559;SPRF-DF;DEL03-DF;UOP02-DEL03-DF;;;
670332;29/03/2025;s�bado;15:43:00;ES;101;281,9;SERRA;Demais falhas mec�nicas ou el�tricas;Tombamento;Com V�timas Feridas;Pleno dia;Crescente;Sol;Dupla;Reta;N�o;2;0;2;0;0;0;2;1;-20,226233;-40,363418;SPRF-ES;DEL02-ES;UOP01-DEL02-ES;;;
670334;29/03/2025;s�bado;13:30:00;SC;282;79,2;GUARACIABA;Convers�o proibida;Colis�o traseira;Com V�timas Feridas;Pleno dia;Crescente;C�u Claro;Simples;Aclive;N�o;2;0;1;0;1;0;1;2;-26,65290527;-53,5179019;SPRF-SC;DEL01-SC;UOP03-DEL01-SC;;;
670336;29/03/2025;s�bado;10:20:00;PE;408;98;CAMARAGIBE;Demais falhas mec�nicas ou el�tricas;Inc�ndio;Sem V�timas;Pleno dia;Decrescente;C�u Claro;Dupla;Curva;N�o;1;0;0;0;0;1;0;1;-8,03359;-35,00353;SPRF-PE;DEL01-PE;UOP01-DEL01-PE;;;
670337;29/03/2025;s�bado;15:15:00;GO;60;167,2;GOIANIA;Ultrapassagem Indevida;Colis�o com objeto;Com V�timas Fatais;Pleno dia;Decrescente;C�u Claro;Dupla;"Reta;Aclive";Sim;2;1;0;0;1;0;0;2;-16,727823;-49,383237;SPRF-GO;DEL01-GO;UOP02-DEL01-GO;;;
670339;29/03/2025;s�bado;15:56:00;PB;101;84;BAYEUX;Acessar a via sem observar a presen�a dos outros ve�culos;Colis�o com objeto;Com V�timas Feridas;Pleno dia;Crescente;C�u Claro;Dupla;Reta;Sim;3;0;1;0;2;0;1;2;-7,144;-34,918;SPRF-PB;DEL01-PB;UOP01-DEL01-PB;;;
670341;29/03/2025;s�bado;11:20:00;PR;277;601,9;CASCAVEL;Manobra de mudan�a de faixa;Capotamento;Com V�timas Feridas;Pleno dia;Decrescente;C�u Claro;Dupla;Reta;N�o;1;0;1;0;0;0;1;1;-25,02822813;-53,55838926;SPRF-PR;DEL04-PR;UOP01-DEL04-PR;;;
670342;29/03/2025;s�bado;16:00:00;BA;116;829,8;VITORIA DA CONQUISTA;Ingest�o de �lcool pelo condutor;Capotamento;Com V�timas Feridas;Pleno dia;Crescente;C�u Claro;Simples;"Reta;Aclive";Sim;2;0;1;0;1;0;1;1;-14,907702;-40,872903;SPRF-BA;DEL08-BA;UOP01-DEL08-BA;;;
670343;29/03/2025;s�bado;15:38:00;PE;101;129,1;ESCADA;Manobra de mudan�a de faixa;Colis�o traseira;Com V�timas Feridas;Pleno dia;Crescente;C�u Claro;Dupla;"Reta;Retorno Regulamentado";N�o;2;0;1;0;1;0;1;2;-8,387961;-35,252821;SPRF-PE;DEL01-PE;UOP03-DEL01-PE;;;
670345;29/03/2025;s�bado;16:00:00;RS;471;174;RIO PARDO;Acessar a via sem observar a presen�a dos outros ve�culos;Colis�o transversal;Com V�timas Feridas;Pleno dia;Crescente;C�u Claro;Dupla;Rotat�ria;Sim;3;0;2;0;1;0;2;2;-29,9816509;-52,36971075;SPRF-RS;DEL02-RS;UOP03-DEL02-RS;;;
670346;29/03/2025;s�bado;16:10:00;RS;116;242;SAPUCAIA DO SUL;Pedestre andava na pista;Atropelamento de Pedestre;Com V�timas Fatais;Pleno dia;Crescente;C�u Claro;Dupla;"Reta;Declive";Sim;6;1;0;0;3;2;0;2;-29,80060778;-51,16569822;SPRF-RS;DEL01-RS;UOP02-DEL01-RS;;;
670347;29/03/2025;s�bado;16:39:00;PI;343;3,4;TERESINA;Desrespeitar a prefer�ncia no cruzamento;Colis�o transversal;Com V�timas Feridas;Pleno dia;Crescente;C�u Claro;Dupla;Reta;Sim;2;0;0;1;1;0;1;2;-5,08091058;-42,78012749;SPRF-PI;DEL01-PI;UOP01-DEL01-PI;;;
670350;29/03/2025;s�bado;16:10:00;MS;262;326;CAMPO GRANDE;Aus�ncia de rea��o do condutor;Tombamento;Com V�timas Feridas;Pleno dia;Crescente;C�u Claro;Dupla;Reta;Sim;1;0;0;1;0;0;1;1;-20,46671919;-54,543605;SPRF-MS;DEL01-MS;UOP01-DEL01-MS;;;
670351;29/03/2025;s�bado;15:50:00;RS;285;289,5;PASSO FUNDO;Ultrapassagem Indevida;Colis�o lateral sentido oposto;Com V�timas Feridas;Pleno dia;Decrescente;Nublado;Simples;Reta;N�o;2;0;0;1;0;1;1;2;-28,23797273;-52,3470211;SPRF-RS;DEL08-RS;UOP03-DEL08-RS;;;
670355;29/03/2025;s�bado;17:00:00;SP;381;36;ATIBAIA;Manobra de mudan�a de faixa;Colis�o lateral mesmo sentido;Sem V�timas;Pleno dia;Crescente;C�u Claro;Dupla;Reta;N�o;2;0;0;0;2;0;0;2;-23,10384843;-46,5688844;SPRF-SP;DEL03-SP;UOP01-DEL03-SP;;;
670356;29/03/2025;s�bado;16:40:00;AL;101;196,2;SAO SEBASTIAO;Aus�ncia de rea��o do condutor;Sa�da de leito carro��vel;Sem V�timas;Pleno dia;Crescente;C�u Claro;Dupla;Reta;N�o;1;0;0;0;0;1;0;1;-9,932719;-36,507447;SPRF-AL;DEL02-AL;UOP02-DEL02-AL;;;
670360;29/03/2025;s�bado;16:30:00;SC;470;231;SAO CRISTOVAO DO SUL;Acumulo de �gua sobre o pavimento;Sa�da de leito carro��vel;Com V�timas Feridas;Anoitecer;Decrescente;Chuva;Simples;Reta;N�o;1;0;1;0;0;0;1;1;-27,30351;-50,40448;SPRF-SC;DEL05-SC;UOP03-DEL05-SC;;;
670361;29/03/2025;s�bado;17:05:00;PR;277;15;PARANAGUA;Demais falhas mec�nicas ou el�tricas;Inc�ndio;Sem V�timas;Anoitecer;Crescente;Nublado;Dupla;Reta;N�o;2;0;0;0;2;0;0;1;-25,552458;-48,663545;SPRF-PR;DEL01-PR;UOP05-DEL01-PR;;;
670362;29/03/2025;s�bado;16:00:00;MS;158;98,1;PARANAIBA;Ingest�o de �lcool pelo condutor;Tombamento;Com V�timas Feridas;Pleno dia;Decrescente;C�u Claro;Dupla;Reta;Sim;1;0;1;0;0;0;1;1;-19,69580322;-51,17905486;SPRF-MS;DEL08-MS;UOP01-DEL08-MS;;;
670363;29/03/2025;s�bado;17:10:00;RJ;465;8;SEROPEDICA;Aus�ncia de rea��o do condutor;Queda de ocupante de ve�culo;Com V�timas Feridas;Anoitecer;Decrescente;C�u Claro;Simples;Reta;Sim;1;0;1;0;0;0;1;1;-22,78389353;-43,6579366;SPRF-RJ;DEL06-RJ;UOP02-DEL06-RJ;;;
670365;29/03/2025;s�bado;17:00:00;SP;116;293;ITAPECERICA DA SERRA;Aus�ncia de rea��o do condutor;Colis�o lateral mesmo sentido;Com V�timas Feridas;Pleno dia;Crescente;C�u Claro;Dupla;Reta;N�o;3;0;2;0;0;1;2;2;-23,74687944;-46,90034878;SPRF-SP;DEL04-SP;UOP01-DEL04-SP;;;
670366;29/03/2025;s�bado;15:50:00;MG;146;474,5;BANDEIRA DO SUL;Condutor deixou de manter dist�ncia do ve�culo da frente;Engavetamento;Com V�timas Feridas;Pleno dia;Decrescente;Nublado;Simples;"Reta;Ponte;Aclive";N�o;6;0;4;0;2;0;4;3;-21,74860824;-46,40546679;SPRF-MG;DEL09-MG;UOP01-DEL09-MG;;;
670367;29/03/2025;s�bado;18:40:00;SP;101;46;UBATUBA;Trafegar com motocicleta (ou similar) entre as faixas;Colis�o lateral sentido oposto;Com V�timas Feridas;Plena Noite;Decrescente;C�u Claro;Simples;Reta;Sim;3;0;1;0;1;1;1;2;-23,42456464;-45,07563105;SPRF-SP;DEL06-SP;UOP01-DEL06-SP;;;
670368;29/03/2025;s�bado;18:40:00;SE;235;6;NOSSA SENHORA DO SOCORRO;Rea��o tardia ou ineficiente do condutor;Colis�o com objeto;Com V�timas Feridas;Plena Noite;Decrescente;C�u Claro;M�ltipla;"Reta;Viaduto";Sim;1;0;0;1;0;0;1;1;-10,90286155;-37,13241393;SPRF-SE;DEL01-SE;UOP01-DEL01-SE;;;
670372;29/03/2025;s�bado;19:05:00;BA;101;876;TEIXEIRA DE FREITAS;Rea��o tardia ou ineficiente do condutor;Queda de ocupante de ve�culo;Com V�timas Feridas;Plena Noite;Decrescente;C�u Claro;Simples;Reta;Sim;2;0;2;0;0;0;2;1;-17,53716869;-39,7136879;SPRF-BA;DEL09-BA;UOP02-DEL09-BA;;;
670375;29/03/2025;s�bado;18:00:00;PB;230;470;SOUSA;Deixar de acionar o farol da motocicleta (ou similar);Colis�o frontal;Com V�timas Feridas;Plena Noite;Crescente;C�u Claro;Simples;Reta;N�o;3;0;0;1;1;1;1;3;-6,79430988;-38,29174161;SPRF-PB;DEL03-PB;UOP03-DEL03-PB;;;
670376;29/03/2025;s�bado;18:55:00;MG;381;452;SABARA;Pedestre cruzava a pista fora da faixa;Atropelamento de Pedestre;Com V�timas Feridas;Plena Noite;Decrescente;C�u Claro;Simples;Curva;N�o;2;0;1;0;0;1;1;2;-19,834;-43,85915;SPRF-MG;DEL01-MG;UOP01-DEL01-MG;;;
670377;29/03/2025;s�bado;18:40:00;MG;381;799;SAO GONCALO DO SAPUCAI;Aus�ncia de rea��o do condutor;Sa�da de leito carro��vel;Com V�timas Feridas;Plena Noite;Crescente;C�u Claro;Dupla;Curva;N�o;1;0;1;0;0;0;1;1;-21,921108;-45,610827;SPRF-MG;DEL16-MG;UOP02-DEL16-MG;;;
670378;29/03/2025;s�bado;18:45:00;PR;376;330,5;ORTIGUEIRA;Acessar a via sem observar a presen�a dos outros ve�culos;Colis�o transversal;Com V�timas Feridas;Plena Noite;Crescente;C�u Claro;Dupla;Retorno Regulamentado;Sim;2;0;0;1;1;0;1;2;-24,09199;-51,04769;SPRF-PR;DEL07-PR;UOP02-DEL07-PR;;;
670379;29/03/2025;s�bado;18:50:00;GO;153;514;APARECIDA DE GOIANIA;Desrespeitar a prefer�ncia no cruzamento;Colis�o transversal;Com V�timas Feridas;Anoitecer;Decrescente;C�u Claro;M�ltipla;"Reta;Aclive";Sim;4;0;2;0;2;0;2;2;-16,8291891;-49,24278259;SPRF-GO;DEL01-GO;UOP03-DEL01-GO;;;
670380;29/03/2025;s�bado;19:35:00;ES;101;288,9;CARIACICA;Rea��o tardia ou ineficiente do condutor;Colis�o traseira;Com V�timas Feridas;Plena Noite;Decrescente;C�u Claro;Dupla;Reta;Sim;3;0;0;2;1;0;2;2;-20,278582;-40,392597;SPRF-ES;DEL01-ES;UOP01-DEL01-ES;;;
670382;29/03/2025;s�bado;19:40:00;CE;116;523;JATI;Pista esburacada;Colis�o traseira;Com V�timas Feridas;Plena Noite;Crescente;C�u Claro;Simples;Reta;N�o;3;0;2;0;0;1;2;2;-7,660847;-39,018127;SPRF-CE;DEL05-CE;UOP03-DEL05-CE;;;
670384;29/03/2025;s�bado;19:30:00;SC;101;122,8;ITAJAI;Ingest�o de �lcool pelo condutor;Colis�o lateral mesmo sentido;Com V�timas Feridas;Anoitecer;Crescente;Sol;Dupla;Reta;N�o;3;0;1;0;2;0;1;3;-26,93619723;-48,69942069;SPRF-SC;DEL04-SC;UOP04-DEL04-SC;;;
670387;29/03/2025;s�bado;17:50:00;TO;153;146;ARAGUAINA;Aus�ncia de rea��o do condutor;Colis�o traseira;Com V�timas Feridas;Anoitecer;Crescente;Nublado;Dupla;Reta;Sim;2;0;1;1;0;0;2;2;-7,21659;-48,246008;SPRF-TO;DEL02-TO;UOP01-DEL02-TO;;;
670388;29/03/2025;s�bado;20:20:00;CE;116;28,7;AQUIRAZ;Condutor deixou de manter dist�ncia do ve�culo da frente;Colis�o traseira;Com V�timas Feridas;Plena Noite;Decrescente;C�u Claro;M�ltipla;Reta;N�o;2;0;0;1;1;0;1;2;-3,99366613;-38,51601007;SPRF-CE;DEL01-CE;UOP02-DEL01-CE;;;
670389;29/03/2025;s�bado;18:15:00;RJ;101;294;ITABORAI;Aus�ncia de rea��o do condutor;Queda de ocupante de ve�culo;Com V�timas Feridas;Plena Noite;Crescente;C�u Claro;Simples;Reta;N�o;1;0;1;0;0;0;1;1;-22,766809;-42,907718;SPRF-RJ;DEL02-RJ;UOP02-DEL02-RJ;;;
670390;29/03/2025;s�bado;19:45:00;PE;101;80;JABOATAO DOS GUARARAPES;Acessar a via sem observar a presen�a dos outros ve�culos;Colis�o lateral mesmo sentido;Com V�timas Feridas;Plena Noite;Decrescente;C�u Claro;Simples;Interse��o de Vias;Sim;3;0;2;0;1;0;2;2;-8,16803566;-34,93776798;SPRF-PE;DEL01-PE;UOP01-DEL01-PE;;;
670391;29/03/2025;s�bado;20:20:00;SP;116;293;ITAPECERICA DA SERRA;Aus�ncia de rea��o do condutor;Sa�da de leito carro��vel;Com V�timas Feridas;Plena Noite;Decrescente;C�u Claro;Dupla;Reta;Sim;2;0;2;0;0;0;2;1;-23,700243;-46,8689267;SPRF-SP;DEL04-SP;UOP01-DEL04-SP;;;
670395;29/03/2025;s�bado;19:00:00;SC;282;342,9;CAMPOS NOVOS;Rea��o tardia ou ineficiente do condutor;Colis�o transversal;Com V�timas Feridas;Anoitecer;Decrescente;Chuva;Simples;Reta;Sim;3;0;2;0;1;0;2;2;-27,390094;-51,224369;SPRF-SC;DEL07-SC;UOP06-DEL07-SC;;;
670396;29/03/2025;s�bado;18:23:00;PE;232;341,3;CUSTODIA;Transitar no Acostamento;Atropelamento de Pedestre;Com V�timas Feridas;Plena Noite;Decrescente;Nublado;Simples;Reta;N�o;2;0;1;1;0;0;2;2;-8,087967;-37,707643;SPRF-PE;DEL04-PE;UOP02-DEL04-PE;;;
670398;29/03/2025;s�bado;18:45:00;SC;101;86;BARRA VELHA;Ingest�o de �lcool pelo condutor;Colis�o transversal;Com V�timas Feridas;Plena Noite;Crescente;C�u Claro;Simples;"Viaduto;Interse��o de Vias";Sim;2;0;0;1;0;1;1;2;-26,64501731;-48,68809808;SPRF-SC;DEL03-SC;UOP02-DEL03-SC;;;
670399;29/03/2025;s�bado;19:45:00;PR;467;107,8;CASCAVEL;Rea��o tardia ou ineficiente do condutor;Colis�o traseira;Com V�timas Feridas;Plena Noite;Decrescente;Nublado;Dupla;Reta;N�o;3;0;1;1;0;1;2;2;-24,9210257;-53,4740513;SPRF-PR;DEL04-PR;UOP01-DEL04-PR;;;
670400;29/03/2025;s�bado;19:00:00;PR;369;179;ROLANDIA;Pista Escorregadia;Colis�o traseira;Com V�timas Feridas;Anoitecer;Decrescente;Chuva;M�ltipla;"Curva;Aclive";Sim;2;0;0;1;1;0;1;2;-23,35786293;-51,39556462;SPRF-PR;DEL07-PR;UOP03-DEL07-PR;;;
670401;29/03/2025;s�bado;20:30:00;PR;277;30,5;MORRETES;Ingest�o de �lcool pelo condutor;Colis�o lateral mesmo sentido;Sem V�timas;Plena Noite;Decrescente;Nublado;M�ltipla;Reta;Sim;6;0;0;0;6;0;0;3;-25,5529925;-48,80017519;SPRF-PR;DEL01-PR;UOP05-DEL01-PR;;;
670402;29/03/2025;s�bado;21:00:00;RJ;116;187;NOVA IGUACU;Aus�ncia de rea��o do condutor;Colis�o traseira;Com V�timas Feridas;Plena Noite;Decrescente;C�u Claro;M�ltipla;Reta;Sim;5;0;3;0;2;0;3;2;-22,741374;-43,522085;SPRF-RJ;DEL06-RJ;UOP01-DEL06-RJ;;;
670403;29/03/2025;s�bado;21:20:00;SE;101;93;NOSSA SENHORA DO SOCORRO;Acessar a via sem observar a presen�a dos outros ve�culos;Atropelamento de Pedestre;Com V�timas Feridas;Plena Noite;Crescente;C�u Claro;Dupla;Reta;Sim;2;0;0;1;0;1;1;2;-10,904863;-37,148991;SPRF-SE;DEL01-SE;UOP01-DEL01-SE;;;
670405;29/03/2025;s�bado;17:30:00;MT;70;524;VARZEA GRANDE;Desrespeitar a prefer�ncia no cruzamento;Colis�o transversal;Com V�timas Feridas;Anoitecer;Crescente;C�u Claro;M�ltipla;Rotat�ria;N�o;2;0;0;1;1;0;1;2;-15,64969282;-56,19626999;SPRF-MT;DEL01-MT;UOP02-DEL01-MT;;;
670406;29/03/2025;s�bado;19:21:00;SC;280;244;BELA VISTA DO TOLDO;Acessar a via sem observar a presen�a dos outros ve�culos;Colis�o transversal;Com V�timas Feridas;Plena Noite;Decrescente;C�u Claro;Simples;Reta;N�o;2;0;2;0;0;0;2;2;-26,23537026;-50,4825747;SPRF-SC;DEL06-SC;UOP04-DEL06-SC;;;
670408;29/03/2025;s�bado;20:10:00;RJ;465;21;SEROPEDICA;Convers�o proibida;Colis�o transversal;Com V�timas Feridas;Plena Noite;Decrescente;C�u Claro;Simples;Reta;N�o;2;0;1;0;1;0;1;2;-22,77293681;-43,66885185;SPRF-RJ;DEL06-RJ;UOP02-DEL06-RJ;;;
670410;29/03/2025;s�bado;20:40:00;PB;230;41,6;SANTA RITA;Pedestre andava na pista;Atropelamento de Pedestre;Com V�timas Fatais;Plena Noite;Crescente;C�u Claro;M�ltipla;Reta;N�o;3;1;1;0;1;0;1;2;-7,142739;-34,995026;SPRF-PB;DEL01-PB;UOP02-DEL01-PB;;;
670411;29/03/2025;s�bado;19:30:00;RJ;101;62,1;CAMPOS DOS GOYTACAZES;Ingest�o de �lcool pelo condutor;Colis�o com objeto;Com V�timas Feridas;Plena Noite;Crescente;C�u Claro;Simples;"Declive;Interse��o de Vias";Sim;2;0;2;0;0;0;2;1;-21,735742;-41,325904;SPRF-RJ;DEL08-RJ;UOP01-DEL08-RJ;;;
670412;29/03/2025;s�bado;20:40:00;RR;174;474;BOA VISTA;Ingest�o de �lcool pelo condutor;Colis�o traseira;Sem V�timas;Plena Noite;Crescente;C�u Claro;Simples;Reta;N�o;4;0;0;0;4;0;0;2;2,59463275;-60,87730408;SPRF-RR;DEL01-RR;UOP01-DEL01-RR;;;
670413;29/03/2025;s�bado;21:40:00;PE;101;51;PAULISTA;Entrada inopinada do pedestre;Atropelamento de Pedestre;Sem V�timas;Plena Noite;Decrescente;C�u Claro;M�ltipla;Reta;Sim;2;0;0;0;1;1;0;2;-7,921008;-34,893782;SPRF-PE;DEL01-PE;UOP02-DEL01-PE;;;
670415;29/03/2025;s�bado;21:40:00;RJ;101;274,5;TANGUA;Aus�ncia de rea��o do condutor;Colis�o frontal;Com V�timas Feridas;Plena Noite;Crescente;C�u Claro;Simples;Reta;Sim;2;0;1;0;1;0;1;2;-22,735548;-42,724458;SPRF-RJ;DEL02-RJ;UOP03-DEL02-RJ;;;
670416;29/03/2025;s�bado;22:20:00;SP;116;208;GUARULHOS;Aus�ncia de rea��o do condutor;Colis�o com objeto;Com V�timas Feridas;Plena Noite;Decrescente;C�u Claro;Dupla;Reta;N�o;2;0;1;0;1;0;1;1;-23,42407766;-46,39943409;SPRF-SP;DEL01-SP;UOP01-DEL01-SP;;;
670417;29/03/2025;s�bado;21:10:00;SC;282;6,2;SAO FRANCISCO DO SUL;Ingest�o de �lcool pelo condutor;Colis�o transversal;Com V�timas Feridas;Plena Noite;Decrescente;Ignorado;Simples;Reta;N�o;2;0;1;1;0;0;2;2;-26,25564159;-48,64219523;SPRF-SC;DEL01-SC;UOP01-DEL01-SC;;;
670418;29/03/2025;s�bado;20:40:00;ES;262;73,6;DOMINGOS MARTINS;Velocidade Incompat�vel;Colis�o lateral sentido oposto;Sem V�timas;Plena Noite;Crescente;Nublado;Simples;Curva;N�o;2;0;0;0;2;0;0;2;-20,41003037;-40,88822722;SPRF-ES;DEL01-ES;UOP02-DEL01-ES;;;
670419;29/03/2025;s�bado;19:30:00;SP;101;47;UBATUBA;Ingest�o de �lcool pelo condutor;Colis�o traseira;Com V�timas Feridas;Plena Noite;Decrescente;C�u Claro;Simples;Reta;Sim;3;0;2;0;1;0;2;2;-23,43298401;-45,08508855;SPRF-SP;DEL06-SP;UOP01-DEL06-SP;;;
670420;29/03/2025;s�bado;22:15:00;SP;116;225;GUARULHOS;Mal s�bito do condutor;Queda de ocupante de ve�culo;Com V�timas Feridas;Pleno dia;Decrescente;C�u Claro;Dupla;Reta;N�o;1;0;1;0;0;0;1;1;-23,4240097;-46,3979542;SPRF-SP;DEL01-SP;UOP01-DEL01-SP;;;