id;data_inversa;dia_semana;horario;uf;br;km;municipio;causa_acidente;tipo_acidente;classificacao_acidente;fase_dia;sentido_via;condicao_metereologica;tipo_pista;tracado_via;uso_solo;pessoas;mortos;feridos_leves;feridos_graves;ilesos;ignorados;feridos;veiculos;latitude;longitude;regional;delegacia;uop;;;
670421;29/03/2025;s�bado;20:15:00;RS;290;417,8;SAO GABRIEL;Acessar a via sem observar a presen�a dos outros ve�culos;Atropelamento de Pedestre;Com V�timas Feridas;Plena Noite;Decrescente;C�u Claro;Simples;Reta;Sim;2;0;1;0;1;0;1;2;-30,35642949;-54,32426864;SPRF-RS;DEL11-RS;UOP02-DEL11-RS;;;
670424;29/03/2025;s�bado;22:50:00;MG;365;751,3;ITUIUTABA;Ingest�o de �lcool pelo condutor;Colis�o com objeto;Sem V�timas;Pleno dia;Decrescente;C�u Claro;Simples;Reta;N�o;1;0;0;0;0;1;0;1;-18,96322471;-49,47577;SPRF-MG;DEL15-MG;UOP03-DEL15-MG;;;
670425;29/03/2025;s�bado;21:10:00;AP;156;800;OIAPOQUE;Acessar a via sem observar a presen�a dos outros ve�culos;Colis�o transversal;Com V�timas Feridas;Plena Noite;Decrescente;Chuva;Simples;Reta;Sim;3;0;1;1;1;0;2;2;3,83906669;-51,81848645;SPRF-AP;DEL01-AP;UOP03-DEL01-AP;;;
670426;29/03/2025;s�bado;22:25:00;RJ;116;185;NOVA IGUACU;Aus�ncia de rea��o do condutor;Colis�o lateral mesmo sentido;Com V�timas Feridas;Plena Noite;Crescente;C�u Claro;Dupla;Reta;Sim;2;0;1;0;1;0;1;2;-22,75038009;-43,44054222;SPRF-RJ;DEL06-RJ;UOP01-DEL06-RJ;;;
670427;29/03/2025;s�bado;21:30:00;MT;163;593,5;NOVA MUTUM;Ingest�o de �lcool pelo condutor;Sa�da de leito carro��vel;Com V�timas Feridas;Plena Noite;Decrescente;Nublado;Dupla;Reta;Sim;1;0;0;1;0;0;1;1;-13,857785;-56,085698;SPRF-MT;DEL01-MT;UOP01-DEL01-MT;;;
670428;29/03/2025;s�bado;22:00:00;MG;381;804;CAREACU;Aus�ncia de rea��o do condutor;Queda de ocupante de ve�culo;Com V�timas Feridas;Plena Noite;Decrescente;C�u Claro;Dupla;"Declive;Reta";N�o;1;0;1;0;0;0;1;1;-21,989647;-45,665247;SPRF-MG;DEL16-MG;UOP02-DEL16-MG;;;
670429;29/03/2025;s�bado;22:55:00;PB;230;20,7;JOAO PESSOA;Pista Escorregadia;Tombamento;Com V�timas Feridas;Plena Noite;Crescente;Garoa/Chuvisco;Dupla;Reta;Sim;2;0;2;0;0;0;2;1;-7,14012462;-34,85226274;SPRF-PB;DEL01-PB;UOP01-DEL01-PB;;;
670431;29/03/2025;s�bado;21:40:00;SC;101;71;BARRA VELHA;Rea��o tardia ou ineficiente do condutor;Queda de ocupante de ve�culo;Com V�timas Feridas;Plena Noite;Decrescente;Nublado;M�ltipla;Viaduto;N�o;2;0;2;0;0;0;2;1;-26,6103894;-48,7224839;SPRF-SC;DEL03-SC;UOP02-DEL03-SC;;;
670432;29/03/2025;s�bado;23:10:00;PB;104;139;QUEIMADAS;Transitar no Acostamento;Colis�o lateral mesmo sentido;Com V�timas Fatais;Plena Noite;Crescente;C�u Claro;Simples;Reta;Sim;3;1;0;0;0;2;0;3;-7,368982;-35,89995;SPRF-PB;DEL02-PB;UOP03-DEL02-PB;;;
670433;29/03/2025;s�bado;23:25:00;RN;304;108,4;ACU;Acessar a via sem observar a presen�a dos outros ve�culos;Colis�o lateral mesmo sentido;Com V�timas Feridas;Plena Noite;Crescente;C�u Claro;Simples;Reta;Sim;5;0;2;0;3;0;2;2;-5,58779329;-36,94972515;SPRF-RN;DEL04-RN;UOP01-DEL04-RN;;;
670436;30/03/2025;domingo;00:00:00;SC;282;3;FLORIANOPOLIS;Aus�ncia de rea��o do condutor;Colis�o com objeto;Sem V�timas;Plena Noite;Decrescente;C�u Claro;M�ltipla;Reta;N�o;1;0;0;0;1;0;0;1;-27,59713281;-48,60085487;SPRF-SC;DEL01-SC;UOP01-DEL01-SC;;;
670437;29/03/2025;s�bado;22:30:00;GO;50;278,7;CATALAO;Rea��o tardia ou ineficiente do condutor;Sa�da de leito carro��vel;Sem V�timas;Plena Noite;Crescente;C�u Claro;Simples;"Em Obras;Reta;Rotat�ria";N�o;2;0;0;0;2;0;0;1;-18,17257612;-47,92627746;SPRF-GO;DEL06-GO;UOP01-DEL06-GO;;;
670438;29/03/2025;s�bado;21:10:00;PE;232;88;GRAVATA;Transitar na contram�o;Colis�o frontal;Com V�timas Feridas;Plena Noite;Decrescente;Nublado;Dupla;"Em Obras;Desvio Tempor�rio;Aclive";N�o;3;0;0;2;0;1;2;2;-8,21476091;-35,63355446;SPRF-PE;DEL02-PE;UOP02-DEL02PE;;;
670439;30/03/2025;domingo;00:10:00;MG;40;467;SETE LAGOAS;Avarias e/ou desgaste excessivo no pneu;Queda de ocupante de ve�culo;Com V�timas Feridas;Plena Noite;Decrescente;C�u Claro;Dupla;Reta;N�o;2;0;2;0;0;0;2;1;-19,44686021;-44,32069838;SPRF-MG;DEL02-MG;UOP01-DEL02-MG;;;
670440;29/03/2025;s�bado;23:45:00;PR;116;67;QUATRO BARRAS;Desrespeitar a prefer�ncia no cruzamento;Colis�o transversal;Sem V�timas;Plena Noite;Decrescente;Nublado;Dupla;"Viaduto;Rotat�ria";N�o;2;0;0;0;2;0;0;2;-25,313391;-49,01579745;SPRF-PR;DEL01-PR;UOP02-DEL01-PR;;;
670441;29/03/2025;s�bado;22:10:00;MT;163;843;SINOP;Condutor deixou de manter dist�ncia do ve�culo da frente;Colis�o traseira;Sem V�timas;Plena Noite;Decrescente;C�u Claro;Simples;Reta;Sim;5;0;0;0;5;0;0;2;-11,78218078;-55,47464311;SPRF-MT;DEL06-MT;UOP02-DEL06-MT;;;
670442;30/03/2025;domingo;00:18:00;DF;20;12;BRASILIA;Condutor Dormindo;Colis�o com objeto;Com V�timas Feridas;Anoitecer;Crescente;C�u Claro;Dupla;Reta;Sim;3;0;2;0;1;0;2;1;-15,63968642;-47,75099202;SPRF-DF;DEL02-DF;UOP01-DEL02-DF;;;
670443;29/03/2025;s�bado;23:40:00;SC;101;8,8;GARUVA;Rea��o tardia ou ineficiente do condutor;Colis�o com objeto;Sem V�timas;Plena Noite;Decrescente;C�u Claro;Dupla;Reta;N�o;1;0;0;0;0;1;0;1;-26,05770816;-48,85929108;SPRF-SC;DEL03-SC;UOP01-DEL03-SC;;;
670446;29/03/2025;s�bado;23:50:00;MT;364;206;RONDONOPOLIS;Aus�ncia de rea��o do condutor;Sa�da de leito carro��vel;Com V�timas Feridas;Plena Noite;Crescente;C�u Claro;Dupla;"Interse��o de Vias;Retorno Regulamentado";Sim;1;0;1;0;0;0;1;1;-16,44879447;-54,66571277;SPRF-MT;DEL02-MT;UOP01-DEL02-MT;;;
670447;29/03/2025;s�bado;23:50:00;RJ;101;200;CASIMIRO DE ABREU;Ingest�o de �lcool pelo condutor;Atropelamento de Animal;Com V�timas Feridas;Plena Noite;Decrescente;C�u Claro;Dupla;"Reta;Desvio Tempor�rio";N�o;2;0;1;0;1;0;1;2;-22,48066864;-42,14850782;SPRF-RJ;DEL08-RJ;UOP04-DEL08-RJ;;;
670448;30/03/2025;domingo;00:10:00;MG;381;156;GOVERNADOR VALADARES;Animais na Pista;Atropelamento de Animal;Com V�timas Feridas;Plena Noite;Crescente;C�u Claro;Simples;Reta;N�o;1;0;0;1;0;0;1;1;-18,85953361;-41,98529899;SPRF-MG;DEL06-MG;UOP01-DEL06-MG;;;
670450;30/03/2025;domingo;01:30:00;BA;324;619,9;SALVADOR;Acumulo de �gua sobre o pavimento;Tombamento;Com V�timas Feridas;Plena Noite;Decrescente;Chuva;M�ltipla;Reta;Sim;2;0;2;0;0;0;2;1;-12,913694;-38,460011;SPRF-BA;DEL01-BA;UOP01-DEL01-BA;;;
670453;30/03/2025;domingo;01:40:00;MG;116;506,9;UBAPORANGA;Aus�ncia de rea��o do condutor;Colis�o traseira;Com V�timas Feridas;Plena Noite;Decrescente;Nublado;Simples;Reta;N�o;3;0;1;0;2;0;1;2;-19,7640123;-42,1320571;SPRF-MG;DEL06-MG;UOP02-DEL06-MG;;;
670454;30/03/2025;domingo;02:51:00;GO;40;9;LUZIANIA;Rea��o tardia ou ineficiente do condutor;Colis�o com objeto;Com V�timas Feridas;Plena Noite;Decrescente;C�u Claro;Dupla;Curva;Sim;1;0;1;0;0;0;1;1;-16,126685;-47,960678;SPRF-DF;DEL01-DF;UOP01-DEL01-DF;;;
670456;30/03/2025;domingo;01:30:00;SC;101;315;LAGUNA;Pedestre andava na pista;Atropelamento de Pedestre;Com V�timas Feridas;Plena Noite;Crescente;Nublado;Simples;Curva;N�o;3;0;0;1;2;0;1;2;-28,42921;-48,84942;SPRF-SC;DEL02-SC;UOP01-DEL02-SC;;;
670458;30/03/2025;domingo;02:15:00;SP;116;148;SAO JOSE DOS CAMPOS;Entrada inopinada do pedestre;Atropelamento de Pedestre;Com V�timas Fatais;Plena Noite;Decrescente;Nublado;Dupla;Reta;N�o;2;1;0;0;1;0;0;2;-23,19798917;-45,87577159;SPRF-SP;DEL02-SP;UOP01-DEL02-SP;;;
670459;30/03/2025;domingo;02:10:00;RJ;393;285;VOLTA REDONDA;Ingest�o de �lcool pelo condutor;Sa�da de leito carro��vel;Com V�timas Feridas;Plena Noite;Decrescente;C�u Claro;Simples;Reta;Sim;1;0;1;0;0;0;1;1;-22,50327971;-44,07264233;SPRF-RJ;DEL05-RJ;UOP04-DEL05-RJ;;;
670460;30/03/2025;domingo;02:00:00;RJ;101;583;PARATY;Objeto est�tico sobre o leito carro��vel;Colis�o com objeto;Com V�timas Feridas;Plena Noite;Decrescente;Nublado;Simples;Reta;N�o;1;0;1;0;0;0;1;1;-23,2629131;-44,68621411;SPRF-RJ;DEL03-RJ;UOP04-DEL03-RJ;;;
670461;30/03/2025;domingo;01:50:00;RS;468;37,2;CORONEL BICACO;Condutor Dormindo;Sa�da de leito carro��vel;Com V�timas Feridas;Plena Noite;Crescente;C�u Claro;Simples;Reta;N�o;3;0;2;0;1;0;2;1;-27,777594;-53,58994;SPRF-RS;DEL08-RS;UOP01-DEL08-RS;;;
670462;30/03/2025;domingo;03:39:00;PR;277;703;SAO MIGUEL DO IGUACU;Condutor deixou de manter dist�ncia do ve�culo da frente;Colis�o traseira;Com V�timas Feridas;Plena Noite;Crescente;C�u Claro;Simples;"Reta;Em Obras";N�o;2;0;1;0;1;0;1;2;-25,42835014;-54,36574414;SPRF-PR;DEL05-PR;UOP01-DEL05-PR;;;
670463;30/03/2025;domingo;04:00:00;RJ;101;214,1;CASIMIRO DE ABREU;Rea��o tardia ou ineficiente do condutor;Colis�o com objeto;Com V�timas Feridas;Plena Noite;Crescente;C�u Claro;Dupla;Reta;N�o;4;0;0;1;3;0;1;3;-22,496714;-42,266206;SPRF-RJ;DEL08-RJ;UOP04-DEL08-RJ;;;
670464;30/03/2025;domingo;03:30:00;SP;116;65,6;GUARATINGUETA;Aus�ncia de rea��o do condutor;Queda de ocupante de ve�culo;Com V�timas Feridas;Plena Noite;Crescente;C�u Claro;Dupla;"Aclive;Reta";Sim;1;0;0;1;0;0;1;1;-22,82298806;-45,19208724;SPRF-SP;DEL08-SP;UOP01-DEL08-SP;;;
670465;30/03/2025;domingo;04:30:00;SC;101;116;ITAJAI;Transitar na contram�o;Colis�o frontal;Com V�timas Feridas;Plena Noite;Crescente;Chuva;M�ltipla;Reta;Sim;3;0;1;1;1;0;2;2;-26,88627276;-48,72270226;SPRF-SC;DEL04-SC;UOP04-DEL04-SC;;;
670466;30/03/2025;domingo;03:00:00;BA;116;442;ANTONIO CARDOSO;Ingest�o de �lcool pelo condutor;Sa�da de leito carro��vel;Sem V�timas;Plena Noite;Decrescente;C�u Claro;Dupla;Reta;N�o;1;0;0;0;0;1;0;1;-12,356322;-39,097277;SPRF-BA;DEL02-BA;UOP01-DEL02-BA;;;
670468;30/03/2025;domingo;04:05:00;MG;381;404,9;BOM JESUS DO AMPARO;Animais na Pista;Tombamento;Com V�timas Feridas;Plena Noite;Decrescente;Nublado;Dupla;Curva;N�o;1;0;0;1;0;0;1;1;-19,74936726;-43,5226745;SPRF-MG;DEL01-MG;UOP01-DEL01-MG;;;
670469;30/03/2025;domingo;04:50:00;MG;116;721,6;MURIAE;Rea��o tardia ou ineficiente do condutor;Colis�o com objeto;Com V�timas Feridas;Amanhecer;Decrescente;C�u Claro;Simples;Curva;Sim;1;0;1;0;0;0;1;1;-21,260103;-42,402569;SPRF-MG;DEL07-MG;UOP02-DEL07-MG;;;
670470;30/03/2025;domingo;04:45:00;RJ;116;174;SAO JOAO DE MERITI;Rea��o tardia ou ineficiente do condutor;Colis�o traseira;Com V�timas Feridas;Amanhecer;Decrescente;C�u Claro;M�ltipla;Reta;Sim;4;0;2;0;2;0;2;2;-22,79697157;-43,36028315;SPRF-RJ;DEL06-RJ;UOP01-DEL06-RJ;;;
670471;30/03/2025;domingo;04:50:00;RJ;40;97;DUQUE DE CAXIAS;Velocidade Incompat�vel;Colis�o lateral mesmo sentido;Com V�timas Feridas;Amanhecer;Crescente;Nublado;Dupla;"Curva;Declive";N�o;2;0;1;0;0;1;1;2;-22,572071;-43,280302;SPRF-RJ;DEL01-RJ;UOP01-DEL01-RJ;;;
670472;30/03/2025;domingo;05:30:00;SC;470;9;NAVEGANTES;Transitar na contram�o;Colis�o frontal;Com V�timas Feridas;Amanhecer;Crescente;Chuva;Dupla;Reta;N�o;3;0;0;1;2;0;1;3;-26,83316428;-48,73095274;SPRF-SC;DEL04-SC;UOP04-DEL04-SC;;;
670473;30/03/2025;domingo;05:48:00;RN;101;85;SAO GONCALO DO AMARANTE;Demais falhas mec�nicas ou el�tricas;Queda de ocupante de ve�culo;Com V�timas Feridas;Amanhecer;Crescente;Nublado;Dupla;"Reta;Em Obras;Declive;Desvio Tempor�rio;Ponte";Sim;1;0;0;1;0;0;1;1;-5,7787631;-35,24895406;SPRF-RN;DEL02-RN;UOP01-DEL02-RN;;;
670474;30/03/2025;domingo;05:50:00;RS;116;296;GUAIBA;Aus�ncia de rea��o do condutor;Sa�da de leito carro��vel;Sem V�timas;Amanhecer;Decrescente;Nublado;Simples;Reta;Sim;1;0;0;0;1;0;0;1;-30,08908351;-51,34207702;SPRF-RS;DEL02-RS;UOP01-DEL02-RS;;;
670476;30/03/2025;domingo;05:30:00;RS;153;400;CACHOEIRA DO SUL;Rea��o tardia ou ineficiente do condutor;Colis�o traseira;Com V�timas Feridas;Plena Noite;Crescente;C�u Claro;Dupla;"Reta;Aclive";N�o;3;0;0;2;1;0;2;2;-29,97960145;-52,93024459;SPRF-RS;DEL02-RS;UOP03-DEL02-RS;;;
670478;30/03/2025;domingo;05:50:00;PR;369;33,9;CAMBARA;Rea��o tardia ou ineficiente do condutor;Sa�da de leito carro��vel;Sem V�timas;Amanhecer;Decrescente;C�u Claro;Simples;"Aclive;Curva";N�o;3;0;0;0;3;0;0;1;-23,03114682;-50,20655209;SPRF-PR;DEL07-PR;UOP05-DEL07-PR;;;
670479;30/03/2025;domingo;05:05:00;SP;116;462;PARIQUERA-ACU;Aus�ncia de rea��o do condutor;Capotamento;Sem V�timas;Pleno dia;Crescente;Nublado;Dupla;Reta;N�o;1;0;0;0;0;1;0;1;-24,7102;-47,884;SPRF-SP;DEL05-SP;UOP01-DEL05-SP;;;
670480;30/03/2025;domingo;06:15:00;SP;116;288;ITAPECERICA DA SERRA;Aus�ncia de rea��o do condutor;Colis�o lateral sentido oposto;Sem V�timas;Amanhecer;Crescente;C�u Claro;Dupla;Viaduto;Sim;3;0;0;0;3;0;0;3;-23,7002584;-46,8689523;SPRF-SP;DEL04-SP;UOP01-DEL04-SP;;;
670481;29/03/2025;s�bado;12:00:00;MG;262;771;CAMPO FLORIDO;Ingest�o de �lcool pelo condutor;Tombamento;Com V�timas Feridas;Pleno dia;Crescente;C�u Claro;Simples;Reta;N�o;1;0;1;0;0;0;1;1;-19,77542683;-48,56437683;SPRF-MG;DEL13-MG;UOP01-DEL13-MG;;;
670482;30/03/2025;domingo;04:25:00;RJ;393;283,2;VOLTA REDONDA;Ultrapassagem Indevida;Colis�o frontal;Com V�timas Fatais;Plena Noite;Crescente;C�u Claro;Simples;Curva;N�o;2;1;0;0;0;1;0;2;-22,49767844;-44,06212438;SPRF-RJ;DEL05-RJ;UOP04-DEL05-RJ;;;
670483;30/03/2025;domingo;07:30:00;MG;40;510;RIBEIRAO DAS NEVES;Frear bruscamente;Colis�o com objeto;Com V�timas Feridas;Pleno dia;Decrescente;C�u Claro;Dupla;Reta;Sim;2;0;2;0;0;0;2;1;-19,774918;-44,123037;SPRF-MG;DEL01-MG;UOP02-DEL01-MG;;;
670484;29/03/2025;s�bado;10:00:00;SP;101;45;UBATUBA;Carga excessiva e/ou mal acondicionada;Queda de ocupante de ve�culo;Com V�timas Feridas;Pleno dia;Decrescente;C�u Claro;Simples;Reta;Sim;1;0;1;0;0;0;1;1;-23,42110178;-45,0710839;SPRF-SP;DEL06-SP;UOP01-DEL06-SP;;;
670485;29/03/2025;s�bado;19:30:00;MT;70;709;CACERES;Chuva;Capotamento;Com V�timas Feridas;Plena Noite;Crescente;Chuva;Simples;Curva;N�o;3;0;2;0;1;0;2;1;-16,21527897;-57,57346201;SPRF-MT;DEL03-MT;UOP01-DEL03-MT;;;
670486;30/03/2025;domingo;07:20:00;DF;20;9;BRASILIA;Ingest�o de �lcool pelo condutor;Colis�o lateral mesmo sentido;Sem V�timas;Pleno dia;Crescente;C�u Claro;M�ltipla;Reta;Sim;2;0;0;0;2;0;0;2;-15,5821947;-47,5357633;SPRF-DF;DEL02-DF;UOP01-DEL02-DF;;;
670487;30/03/2025;domingo;07:30:00;PB;104;112,6;LAGOA SECA;Acessar a via sem observar a presen�a dos outros ve�culos;Colis�o transversal;Com V�timas Feridas;Pleno dia;Crescente;C�u Claro;Simples;"Curva;Interse��o de Vias;Declive";Sim;3;0;1;1;0;1;2;2;-7,14836;-35,854133;SPRF-PB;DEL02-PB;UOP04-DEL02-PB;;;
670488;30/03/2025;domingo;04:00:00;PE;316;25;ARARIPINA;Ingest�o de �lcool pelo condutor;Sa�da de leito carro��vel;Com V�timas Feridas;Plena Noite;Decrescente;Nublado;Simples;Curva;Sim;1;0;1;0;0;0;1;1;-7,5865832;-40,4972226;SPRF-PE;DEL05-PE;UOP02-DEL05-PE;;;
670489;30/03/2025;domingo;06:20:00;RJ;116;129;MAGE;Avarias e/ou desgaste excessivo no pneu;Queda de ocupante de ve�culo;Com V�timas Feridas;Pleno dia;Decrescente;C�u Claro;Dupla;Curva;Sim;1;0;1;0;0;0;1;1;-22,66280894;-43,11618805;SPRF-RJ;DEL04-RJ;UOP02-DEL04-RJ;;;
670490;30/03/2025;domingo;04:45:00;RO;364;295;PRESIDENTE MEDICI;Objeto est�tico sobre o leito carro��vel;Sa�da de leito carro��vel;Com V�timas Feridas;Amanhecer;Decrescente;Ignorado;Simples;Curva;N�o;2;0;1;0;1;0;1;1;-11,366347;-61,842313;SPRF-RO;DEL02-RO;UOP01-DEL02-RO;;;
670491;30/03/2025;domingo;08:30:00;MT;158;743;BARRA DO GARCAS;Condutor Dormindo;Tombamento;Com V�timas Feridas;Pleno dia;Crescente;C�u Claro;Simples;"Reta;Ponte";N�o;1;0;1;0;0;0;1;1;-15,436448;-52,201939;SPRF-MT;DEL07-MT;UOP01-DEL07-MT;;;
670492;30/03/2025;domingo;08:20:00;MG;381;879,3;ESTIVA;Mal s�bito do condutor;Sa�da de leito carro��vel;Com V�timas Feridas;Pleno dia;Decrescente;C�u Claro;Dupla;"Declive;Reta";N�o;1;0;1;0;0;0;1;1;-22,45476724;-46,00550115;SPRF-MG;DEL16-MG;UOP01-DEL16-MG;;;
670493;30/03/2025;domingo;08:10:00;RJ;116;103,4;GUAPIMIRIM;Rea��o tardia ou ineficiente do condutor;Queda de ocupante de ve�culo;Com V�timas Feridas;Pleno dia;Decrescente;C�u Claro;Dupla;"Aclive;Curva";N�o;2;0;2;0;0;0;2;1;-22,49582773;-43,00229931;SPRF-RJ;DEL04-RJ;UOP01-DEL04-RJ;;;
670494;30/03/2025;domingo;09:20:00;SP;116;65;GUARATINGUETA;Rea��o tardia ou ineficiente do condutor;Colis�o traseira;Com V�timas Feridas;Pleno dia;Crescente;C�u Claro;Dupla;"Aclive;Curva";N�o;3;0;1;1;0;1;2;2;-22,821223;-45,1989046;SPRF-SP;DEL08-SP;UOP01-DEL08-SP;;;
670495;27/03/2025;quinta-feira;06:00:00;BA;242;393;SEABRA;Rea��o tardia ou ineficiente do condutor;Sa�da de leito carro��vel;Com V�timas Feridas;Pleno dia;Decrescente;C�u Claro;Simples;Reta;N�o;1;0;1;0;0;0;1;1;-12,4594924;-41,64939881;SPRF-BA;DEL06-BA;UOP01-DEL06-BA;;;
670496;30/03/2025;domingo;09:30:00;PE;101;69;RECIFE;Trafegar com motocicleta (ou similar) entre as faixas;Colis�o lateral mesmo sentido;Com V�timas Feridas;Pleno dia;Crescente;C�u Claro;Dupla;Reta;N�o;3;0;1;0;2;0;1;2;-8,064097;-34,944808;SPRF-PE;DEL01-PE;UOP01-DEL01-PE;;;
670497;30/03/2025;domingo;08:30:00;SP;116;386;MIRACATU;Velocidade Incompat�vel;Queda de ocupante de ve�culo;Com V�timas Feridas;Pleno dia;Crescente;C�u Claro;Dupla;Reta;N�o;1;0;1;0;0;0;1;1;-24,2675248;-47,393243;SPRF-SP;DEL04-SP;UOP02-DEL04-SP;;;
670498;30/03/2025;domingo;09:30:00;SC;101;200,4;SAO JOSE;Condutor Dormindo;Sa�da de leito carro��vel;Com V�timas Feridas;Pleno dia;Decrescente;C�u Claro;Dupla;Reta;Sim;1;0;1;0;0;0;1;1;-27,543491;-48,62034;SPRF-SC;DEL01-SC;UOP01-DEL01-SC;;;
670499;30/03/2025;domingo;05:00:00;RJ;40;75;PETROPOLIS;Ingest�o de �lcool pelo condutor;Colis�o com objeto;Com V�timas Feridas;Amanhecer;Decrescente;C�u Claro;Dupla;"Declive;Curva";N�o;6;0;3;0;3;0;3;1;-22,5284412;-43,222853;SPRF-RJ;DEL01-RJ;UOP01-DEL01-RJ;;;
670501;30/03/2025;domingo;10:20:00;RJ;101;104;CAMPOS DOS GOYTACAZES;Aus�ncia de rea��o do condutor;Queda de ocupante de ve�culo;Com V�timas Feridas;Pleno dia;Crescente;C�u Claro;Dupla;Reta;N�o;2;0;2;0;0;0;2;1;-21,856256;-41,4154752;SPRF-RJ;DEL08-RJ;UOP02-DEL08-RJ;;;
670502;30/03/2025;domingo;09:00:00;BA;101;283,8;LAJE;Ultrapassagem Indevida;Queda de ocupante de ve�culo;Com V�timas Feridas;Pleno dia;Crescente;C�u Claro;Simples;Reta;N�o;2;0;0;2;0;0;2;1;-13,139184;-39,294589;SPRF-BA;DEL01-BA;UOP02-DEL01-BA;;;
670504;30/03/2025;domingo;10:50:00;MG;262;387;JUATUBA;Velocidade Incompat�vel;Tombamento;Com V�timas Feridas;Pleno dia;Crescente;Nublado;Dupla;"Curva;Aclive";N�o;2;0;0;1;1;0;1;1;-19,9319;-44,4261;SPRF-MG;DEL01-MG;UOP03-DEL01-MG;;;
670505;10/02/2025;segunda-feira;12:00:00;BA;116;734,9;BOA NOVA;Acessar a via sem observar a presen�a dos outros ve�culos;Colis�o transversal;Com V�timas Feridas;Pleno dia;Crescente;Ignorado;Simples;Reta;N�o;2;0;0;1;0;1;1;2;-14,35105189;-40,33409541;SPRF-BA;DEL08-BA;UOP02-DEL08-BA;;;
670506;30/03/2025;domingo;06:25:00;RR;401;12;BOA VISTA;Ingest�o de �lcool pelo condutor;Colis�o com objeto;Sem V�timas;Pleno dia;Decrescente;C�u Claro;Dupla;"Reta;Desvio Tempor�rio";Sim;1;0;0;0;1;0;0;1;2,79981937;-60,67804813;SPRF-RR;DEL01-RR;UOP01-DEL01-RR;;;
670507;30/03/2025;domingo;09:30:00;RS;116;98;SAO MARCOS;Aus�ncia de rea��o do condutor;Tombamento;Com V�timas Feridas;Pleno dia;Decrescente;C�u Claro;Simples;Reta;N�o;2;0;1;0;0;1;1;2;-28,88527527;-51,14593863;SPRF-RS;DEL05-RS;UOP01-DEL05-RS;;;
670508;30/03/2025;domingo;11:00:00;ES;262;53;MARECHAL FLORIANO;Rea��o tardia ou ineficiente do condutor;Colis�o lateral sentido oposto;Sem V�timas;Pleno dia;Crescente;C�u Claro;Simples;Curva;N�o;2;0;0;0;2;0;0;2;-20,40720983;-40,73587239;SPRF-ES;DEL01-ES;UOP01-DEL01-ES;;;
670512;30/03/2025;domingo;11:00:00;RS;116;38,1;VACARIA;Acessar a via sem observar a presen�a dos outros ve�culos;Colis�o transversal;Com V�timas Feridas;Pleno dia;Decrescente;C�u Claro;Simples;"Interse��o de Vias;Reta";Sim;3;0;1;0;1;1;1;3;-28,50737038;-50,92685916;SPRF-RS;DEL05-RS;UOP03-DEL05-RS;;;
670513;30/03/2025;domingo;10:45:00;RO;319;70;PORTO VELHO;Condutor deixou de manter dist�ncia do ve�culo da frente;Colis�o traseira;Com V�timas Feridas;Pleno dia;Crescente;C�u Claro;Simples;Reta;N�o;3;0;2;0;1;0;2;2;-8,7351;-63,963378;SPRF-RO;DEL01-RO;UOP01-DEL01-RO;;;
670516;30/03/2025;domingo;11:40:00;RJ;116;192;NOVA IGUACU;Rea��o tardia ou ineficiente do condutor;Colis�o com objeto;Com V�timas Fatais;Pleno dia;Decrescente;C�u Claro;Dupla;Reta;Sim;2;1;0;0;0;1;0;2;-22,74333978;-43,51556713;SPRF-RJ;DEL06-RJ;UOP01-DEL06-RJ;;;
670518;30/03/2025;domingo;11:50:00;MS;463;1,6;DOURADOS;Acessar a via sem observar a presen�a dos outros ve�culos;Colis�o transversal;Com V�timas Feridas;Pleno dia;Decrescente;Nublado;Simples;Reta;Sim;3;0;2;1;0;0;3;2;-22,25920888;-54,81830831;SPRF-MS;DEL04-MS;UOP01-DEL04-MS;;;
670519;30/03/2025;domingo;06:38:00;PE;232;91,5;SAIRE;Pedestre cruzava a pista fora da faixa;Atropelamento de Pedestre;Com V�timas Fatais;Pleno dia;Decrescente;Sol;Dupla;Reta;N�o;2;1;0;0;1;0;0;2;-8,21921014;-35,67160964;SPRF-PE;DEL02-PE;UOP02-DEL02PE;;;
670522;30/03/2025;domingo;13:01:00;RS;116;240;NOVO HAMBURGO;Aus�ncia de rea��o do condutor;Colis�o traseira;Com V�timas Feridas;Pleno dia;Crescente;C�u Claro;M�ltipla;Reta;N�o;3;0;1;0;2;0;1;2;-29,70049357;-51,14606294;SPRF-RS;DEL01-RS;UOP02-DEL01-RS;;;
670523;30/03/2025;domingo;13:30:00;SC;101;28;JOINVILLE;Manobra de mudan�a de faixa;Colis�o traseira;Com V�timas Feridas;Pleno dia;Decrescente;C�u Claro;Dupla;Reta;N�o;3;0;2;0;1;0;2;2;-26,1903068;-48,9121576;SPRF-SC;DEL03-SC;UOP01-DEL03-SC;;;
670524;30/03/2025;domingo;12:50:00;BA;110;146;CICERO DANTAS;Ingest�o de �lcool pelo condutor;Queda de ocupante de ve�culo;Com V�timas Feridas;Pleno dia;Decrescente;Sol;Simples;"Reta;Declive";N�o;1;0;1;0;0;0;1;1;-10,633903;-38,400389;SPRF-BA;DEL07-BA;UOP02-DEL07-BA;;;
670525;30/03/2025;domingo;13:30:00;GO;60;119,4;TEREZOPOLIS DE GOIAS;Ingest�o de �lcool pelo condutor;Colis�o com objeto;Com V�timas Feridas;Pleno dia;Crescente;Sol;Dupla;"Reta;Declive";N�o;3;0;3;0;0;0;3;1;-16,49667;-49,105494;SPRF-GO;DEL01-GO;UOP01-DEL01-GO;;;