id;data_inversa;dia_semana;horario;uf;br;km;municipio;causa_acidente;tipo_acidente;classificacao_acidente;fase_dia;sentido_via;condicao_metereologica;tipo_pista;tracado_via;uso_solo;pessoas;mortos;feridos_leves;feridos_graves;ilesos;ignorados;feridos;veiculos;latitude;longitude;regional;delegacia;uop;;;
670526;30/03/2025;domingo;12:45:00;MT;364;213;RONDONOPOLIS;Avarias e/ou desgaste excessivo no pneu;Capotamento;Com V�timas Feridas;Pleno dia;Decrescente;Chuva;Dupla;"Declive;Curva";N�o;4;0;2;0;2;0;2;1;-16,40677;-54,71548;SPRF-MT;DEL02-MT;UOP01-DEL02-MT;;;
670528;30/03/2025;domingo;12:08:00;SC;282;539,7;CHAPECO;Velocidade Incompat�vel;Capotamento;Com V�timas Feridas;Pleno dia;Decrescente;C�u Claro;Simples;Curva;N�o;3;0;2;0;1;0;2;2;-26,9917639;-52,68753238;SPRF-SC;DEL07-SC;UOP01-DEL07-SC;;;
670529;30/03/2025;domingo;14:10:00;PI;316;380;ALEGRETE DO PIAUI;Ingest�o de �lcool pelo condutor;Tombamento;Com V�timas Feridas;Pleno dia;Decrescente;C�u Claro;Simples;Declive;N�o;1;0;1;0;0;0;1;1;-7,23057838;-40,87155077;SPRF-PI;DEL04-PI;UOP03-DEL04-PI;;;
670530;30/03/2025;domingo;14:05:00;MA;230;412;BALSAS;Condutor deixou de manter dist�ncia do ve�culo da frente;Colis�o traseira;Com V�timas Feridas;Pleno dia;Crescente;C�u Claro;Simples;Reta;N�o;3;0;3;0;0;0;3;2;-7,50024;-46,120188;SPRF-MA;DEL05-MA;UOP01-DEL05-MA;;;
670531;30/03/2025;domingo;15:30:00;RS;116;491,9;PELOTAS;Velocidade Incompat�vel;Sa�da de leito carro��vel;Com V�timas Feridas;Pleno dia;Crescente;C�u Claro;Simples;"Desvio Tempor�rio;Em Obras";N�o;1;0;1;0;0;0;1;1;-31,487503;-52,21357;SPRF-RS;DEL07-RS;UOP01-DEL07-RS;;;
670534;30/03/2025;domingo;15:30:00;RS;116;231;IVOTI;Manobra de mudan�a de faixa;Colis�o lateral mesmo sentido;Com V�timas Feridas;Pleno dia;Crescente;C�u Claro;Simples;"Reta;Rotat�ria;Aclive";N�o;5;0;0;3;0;2;3;3;-29,62483701;-51,13564986;SPRF-RS;DEL01-RS;UOP02-DEL01-RS;;;
670535;30/03/2025;domingo;15:00:00;RS;290;303;CACHOEIRA DO SUL;Pista esburacada;Queda de ocupante de ve�culo;Com V�timas Feridas;Pleno dia;Decrescente;C�u Claro;Simples;Reta;N�o;1;0;1;0;0;0;1;1;-30,324009;-53,241707;SPRF-RS;DEL09-RS;UOP02-DEL09-RS;;;
670536;30/03/2025;domingo;15:29:00;MG;381;942;EXTREMA;Aus�ncia de rea��o do condutor;Colis�o com objeto;Com V�timas Feridas;Pleno dia;Decrescente;Chuva;Dupla;Curva;N�o;1;0;1;0;0;0;1;1;-22,83536386;-46,32471085;SPRF-MG;DEL16-MG;UOP03-DEL16-MG;;;
670537;26/03/2025;quarta-feira;00:20:00;PR;376;155,1;MANDAGUACU;Condutor Dormindo;Sa�da de leito carro��vel;Com V�timas Feridas;Plena Noite;Decrescente;Chuva;Dupla;Curva;N�o;2;0;1;0;1;0;1;1;-23,34128061;-52,0901835;SPRF-PR;DEL09-PR;UOP02-DEL09-PR;;;
670538;30/03/2025;domingo;16:00:00;PR;116;134;FAZENDA RIO GRANDE;Aus�ncia de rea��o do condutor;Colis�o lateral mesmo sentido;Sem V�timas;Pleno dia;Crescente;C�u Claro;Dupla;Reta;N�o;2;0;0;0;2;0;0;2;-25,7199969;-49,31769803;SPRF-PR;DEL01-PR;UOP03-DEL01-PR;;;
670539;30/03/2025;domingo;16:00:00;MG;381;450,5;SABARA;Rea��o tardia ou ineficiente do condutor;Colis�o traseira;Com V�timas Feridas;Pleno dia;Crescente;C�u Claro;Simples;Reta;N�o;2;0;1;0;1;0;1;2;-19,8276176;-43,8380154;SPRF-MG;DEL01-MG;UOP01-DEL01-MG;;;
670540;30/03/2025;domingo;15:00:00;RS;116;492;PELOTAS;Aus�ncia de rea��o do condutor;Sa�da de leito carro��vel;Sem V�timas;Pleno dia;Crescente;C�u Claro;Simples;"Reta;Aclive";N�o;1;0;0;0;1;0;0;1;-31,74307729;-52,39966642;SPRF-RS;DEL07-RS;UOP01-DEL07-RS;;;
670541;30/03/2025;domingo;15:00:00;TO;242;465;FORMOSO DO ARAGUAIA;Demais falhas mec�nicas ou el�tricas;Queda de ocupante de ve�culo;Com V�timas Feridas;Pleno dia;Decrescente;Garoa/Chuvisco;Simples;Reta;N�o;1;0;1;0;0;0;1;1;-11,79993085;-49,62500565;SPRF-TO;DEL01-TO;UOP02-DEL01-TO;;;
670542;30/03/2025;domingo;15:20:00;CE;402;286,2;TURURU;Acessar a via sem observar a presen�a dos outros ve�culos;Colis�o frontal;Com V�timas Feridas;Pleno dia;Decrescente;C�u Claro;Simples;Reta;Sim;3;0;1;1;1;0;2;2;-3,596573;-39,437345;SPRF-CE;DEL01-CE;UOP03-DEL01-CE;;;
670543;30/03/2025;domingo;16:15:00;SP;153;61,9;SAO JOSE DO RIO PRETO;Condutor deixou de manter dist�ncia do ve�culo da frente;Colis�o traseira;Sem V�timas;Pleno dia;Crescente;Chuva;Dupla;Reta;Sim;2;0;0;0;2;0;0;2;-20,80514669;-49,35592786;SPRF-SP;DEL09-SP;UOP01-DEL09-SP;;;
670544;30/03/2025;domingo;16:10:00;SC;101;234;PALHOCA;Condutor deixou de manter dist�ncia do ve�culo da frente;Colis�o traseira;Sem V�timas;Pleno dia;Decrescente;Nublado;M�ltipla;Reta;Sim;2;0;0;0;2;0;0;2;-27,802506;-48,637766;SPRF-SC;DEL01-SC;UOP02-DEL01-SC;;;
670546;30/03/2025;domingo;16:30:00;SC;470;55;BLUMENAU;Condutor deixou de manter dist�ncia do ve�culo da frente;Colis�o traseira;Sem V�timas;Pleno dia;Crescente;C�u Claro;Simples;"Aclive;Curva";Sim;2;0;0;0;2;0;0;2;-26,876368;-49,1201686;SPRF-SC;DEL04-SC;UOP01-DEL04-SC;;;
670548;30/03/2025;domingo;16:25:00;PE;407;129;PETROLINA;Ingest�o de �lcool pelo condutor;Colis�o traseira;Sem V�timas;Pleno dia;Crescente;C�u Claro;Dupla;Reta;Sim;2;0;0;0;2;0;0;2;-9,406006;-40,5044;SPRF-PE;DEL06-PE;UOP01-DEL06-PE;;;
670549;30/03/2025;domingo;16:40:00;RJ;101;545;PARATY;Acesso irregular;Colis�o transversal;Com V�timas Feridas;Pleno dia;Crescente;Nublado;Simples;Curva;N�o;7;0;1;0;6;0;1;2;-23,04266442;-44,61705565;SPRF-RJ;DEL03-RJ;UOP04-DEL03-RJ;;;
670550;30/03/2025;domingo;17:10:00;PB;101;40,4;MAMANGUAPE;Entrada inopinada do pedestre;Atropelamento de Pedestre;Com V�timas Fatais;Anoitecer;Crescente;C�u Claro;M�ltipla;"Reta;Declive";Sim;2;1;0;0;0;1;0;2;-6,84212;-35,13622;SPRF-PB;DEL01-PB;UOP03-DEL01-PB;;;
670551;30/03/2025;domingo;15:20:00;MT;364;350;CAMPO VERDE;Demais Fen�menos da natureza;Eventos at�picos;Com V�timas Feridas;Pleno dia;Decrescente;Chuva;Dupla;Reta;N�o;1;0;1;0;0;0;1;1;-15,81594806;-55,34600168;SPRF-MT;DEL05-MT;UOP02-DEL05-MT;;;
670552;30/03/2025;domingo;12:54:00;RO;364;3,5;JI-PARANA;Rea��o tardia ou ineficiente do condutor;Tombamento;Com V�timas Feridas;Pleno dia;Crescente;Chuva;Simples;Rotat�ria;N�o;1;0;1;0;0;0;1;1;-10,91488194;-61,95753157;SPRF-RO;DEL02-RO;UOP01-DEL02-RO;;;
670553;30/03/2025;domingo;16:40:00;MG;40;581,9;NOVA LIMA;Acessar a via sem observar a presen�a dos outros ve�culos;Colis�o transversal;Com V�timas Feridas;Pleno dia;Decrescente;Chuva;Simples;Curva;N�o;3;0;0;1;2;0;1;2;-20,0819136;-43,9793674;SPRF-MG;DEL01-MG;UOP02-DEL01-MG;;;
670554;30/03/2025;domingo;16:40:00;MG;40;574,7;ITABIRITO;Acessar a via sem observar a presen�a dos outros ve�culos;Colis�o transversal;Com V�timas Feridas;Pleno dia;Crescente;Nublado;Simples;"Reta;Retorno Regulamentado";N�o;6;0;2;0;2;2;2;3;-20,24701582;-43,96545409;SPRF-MG;DEL01-MG;UOP02-DEL01-MG;;;
670555;30/03/2025;domingo;17:00:00;PR;369;149,3;LONDRINA;Condutor desrespeitou a ilumina��o vermelha do sem�foro;Colis�o transversal;Com V�timas Feridas;Pleno dia;Decrescente;C�u Claro;Dupla;Interse��o de Vias;Sim;3;0;1;0;2;0;1;2;-23,2931;-51,15373;SPRF-PR;DEL07-PR;UOP01-DEL07-PR;;;
670557;30/03/2025;domingo;16:50:00;RN;101;71;EXTREMOZ;Ingest�o de �lcool pelo condutor;Colis�o traseira;Sem V�timas;Anoitecer;Decrescente;C�u Claro;M�ltipla;Reta;N�o;3;0;0;0;3;0;0;3;-5,69089803;-35,26291424;SPRF-RN;DEL02-RN;UOP01-DEL02-RN;;;
670558;30/03/2025;domingo;16:45:00;MG;116;253;TEOFILO OTONI;Aus�ncia de rea��o do condutor;Colis�o traseira;Sem V�timas;Pleno dia;Crescente;C�u Claro;Simples;Curva;N�o;3;0;0;0;3;0;0;2;-17,666907;-41,494132;SPRF-MG;DEL11-MG;UOP01-DEL11-MG;;;
670559;30/03/2025;domingo;18:00:00;MG;381;944;EXTREMA;Chuva;Sa�da de leito carro��vel;Com V�timas Feridas;Plena Noite;Decrescente;Chuva;Dupla;Curva;Sim;2;0;1;0;1;0;1;1;-22,84865261;-46,33483887;SPRF-MG;DEL16-MG;UOP03-DEL16-MG;;;
670560;30/03/2025;domingo;16:30:00;SC;101;32;JOINVILLE;Mal s�bito do condutor;Queda de ocupante de ve�culo;Com V�timas Feridas;Pleno dia;Crescente;C�u Claro;Dupla;Reta;N�o;2;0;2;0;0;0;2;1;-26,246806;-48,908672;SPRF-SC;DEL03-SC;UOP01-DEL03-SC;;;
670561;30/03/2025;domingo;18:15:00;ES;101;212,9;IBIRACU;Acessar a via sem observar a presen�a dos outros ve�culos;Colis�o transversal;Com V�timas Feridas;Plena Noite;Crescente;C�u Claro;Simples;Reta;Sim;3;0;2;0;0;1;2;2;-19,8193927;-40,36785007;SPRF-ES;DEL02-ES;UOP01-DEL02-ES;;;
670562;30/03/2025;domingo;18:10:00;GO;60;407;RIO VERDE;Velocidade Incompat�vel;Colis�o com objeto;Com V�timas Feridas;Anoitecer;Decrescente;C�u Claro;Dupla;Aclive;N�o;2;0;0;1;1;0;1;1;-17,81738;-51,133855;SPRF-GO;DEL04-GO;UOP02-DEL04-GO;;;
670563;30/03/2025;domingo;16:50:00;MG;262;67,5;MATIPO;Acessar a via sem observar a presen�a dos outros ve�culos;Colis�o transversal;Com V�timas Feridas;Anoitecer;Crescente;C�u Claro;Simples;Interse��o de Vias;N�o;2;0;1;0;1;0;1;2;-20,306456;-42,2752874;SPRF-MG;DEL06-MG;UOP03-DEL06-MG;;;
670565;30/03/2025;domingo;16:50:00;PE;232;77;GRAVATA;Acessar a via sem observar a presen�a dos outros ve�culos;Colis�o transversal;Com V�timas Feridas;Anoitecer;Decrescente;C�u Claro;Simples;Rotat�ria;Sim;2;0;1;0;1;0;1;2;-8,19531651;-35,56192506;SPRF-PE;DEL02-PE;UOP02-DEL02PE;;;
670566;30/03/2025;domingo;18:30:00;RN;101;72;EXTREMOZ;Estacionar ou parar em local proibido;Colis�o traseira;Com V�timas Feridas;Plena Noite;Crescente;C�u Claro;Simples;Reta;N�o;7;0;1;0;6;0;1;2;-5,698278;-35,263115;SPRF-RN;DEL02-RN;UOP01-DEL02-RN;;;
670567;30/03/2025;domingo;17:20:00;PA;316;52,4;CASTANHAL;Aus�ncia de rea��o do condutor;Tombamento;Com V�timas Feridas;Anoitecer;Crescente;Nublado;Dupla;Reta;N�o;2;0;2;0;0;0;2;1;-1,30677;-48,02006;SPRF-PA;DEL01-PA;UOP01-DEL01-PA;;;
670568;30/03/2025;domingo;18:21:00;MG;381;647,4;SANTO ANTONIO DO AMPARO;Chuva;Sa�da de leito carro��vel;Com V�timas Feridas;Anoitecer;Crescente;Chuva;Dupla;Reta;N�o;2;0;2;0;0;0;2;1;-20,95176926;-44,89171721;SPRF-MG;DEL04-MG;UOP02-DEL04-MG;;;
670571;30/03/2025;domingo;18:40:00;ES;101;166,1;LINHARES;Acessar a via sem observar a presen�a dos outros ve�culos;Colis�o transversal;Com V�timas Fatais;Plena Noite;Crescente;C�u Claro;Simples;Reta;N�o;2;1;1;0;0;0;1;2;-19,521247;-40,1461374;SPRF-ES;DEL04-ES;UOP01-DEL04-ES;;;
670572;30/03/2025;domingo;18:28:00;MG;40;546,9;NOVA LIMA;Rea��o tardia ou ineficiente do condutor;Colis�o com objeto;Com V�timas Feridas;Plena Noite;Decrescente;C�u Claro;Dupla;"Declive;Curva";N�o;3;0;1;1;1;0;2;2;-20,0353414;-43,9679624;SPRF-MG;DEL01-MG;UOP02-DEL01-MG;;;
670574;30/03/2025;domingo;19:00:00;SC;280;131;RIO NEGRINHO;Ingest�o de �lcool pelo condutor;Colis�o transversal;Sem V�timas;Anoitecer;Crescente;C�u Claro;Dupla;"Reta;Aclive";N�o;2;0;0;0;2;0;0;2;-26,26165671;-49,54845907;SPRF-SC;DEL06-SC;UOP03-DEL06-SC;;;
670575;30/03/2025;domingo;18:50:00;SC;282;49;AGUAS MORNAS;Trafegar com motocicleta (ou similar) entre as faixas;Colis�o lateral sentido oposto;Com V�timas Feridas;Plena Noite;Decrescente;Nublado;Simples;"Reta;Aclive";N�o;5;0;3;1;1;0;4;2;-27,7121;-48,9449;SPRF-SC;DEL01-SC;UOP03-DEL01-SC;;;
670577;30/03/2025;domingo;18:40:00;SP;116;127;CACAPAVA;Demais falhas mec�nicas ou el�tricas;Tombamento;Com V�timas Feridas;Plena Noite;Crescente;Nublado;Dupla;Reta;Sim;3;0;2;0;1;0;2;2;-23,1070604;-45,6996648;SPRF-SP;DEL02-SP;UOP02-DEL02-SP;;;
670578;30/03/2025;domingo;18:00:00;ES;393;8,2;CACHOEIRO DE ITAPEMIRIM;Rea��o tardia ou ineficiente do condutor;Tombamento;Com V�timas Feridas;Plena Noite;Decrescente;C�u Claro;Simples;Declive;N�o;1;0;0;1;0;0;1;1;-20,82919554;-41,20606408;SPRF-ES;DEL03-ES;UOP02-DEL03-ES;;;
670580;30/03/2025;domingo;17:40:00;GO;153;409;PIRENOPOLIS;Condutor deixou de manter dist�ncia do ve�culo da frente;Colis�o traseira;Sem V�timas;Pleno dia;Crescente;C�u Claro;Simples;"Reta;Aclive";N�o;2;0;0;0;1;1;0;2;-16,12705104;-49,04499834;SPRF-GO;DEL02-GO;UOP02-DEL02-GO;;;
670582;30/03/2025;domingo;18:45:00;BA;367;29,8;PORTO SEGURO;Rea��o tardia ou ineficiente do condutor;Colis�o com objeto;Sem V�timas;Plena Noite;Decrescente;C�u Claro;Simples;"Rotat�ria;Reta";N�o;1;0;0;0;1;0;0;1;-16,4137739;-39,1244828;SPRF-BA;DEL09-BA;UOP03-DEL09-BA;;;
670586;30/03/2025;domingo;18:30:00;PR;369;202;APUCARANA;Rea��o tardia ou ineficiente do condutor;Colis�o traseira;Sem V�timas;Anoitecer;Decrescente;C�u Claro;Simples;Reta;N�o;2;0;0;0;2;0;0;2;-23,54126236;-51,45642924;SPRF-PR;DEL07-PR;UOP03-DEL07-PR;;;
670587;30/03/2025;domingo;19:20:00;SC;280;8;SAO FRANCISCO DO SUL;Acessar a via sem observar a presen�a dos outros ve�culos;Colis�o traseira;Com V�timas Feridas;Plena Noite;Crescente;C�u Claro;Simples;Reta;Sim;3;0;2;0;1;0;2;2;-26,264427;-48,636375;SPRF-SC;DEL03-SC;UOP03-DEL03-SC;;;
670588;30/03/2025;domingo;19:50:00;SC;101;41;JOINVILLE;Aus�ncia de rea��o do condutor;Colis�o traseira;Com V�timas Feridas;Plena Noite;Decrescente;C�u Claro;Dupla;"Curva;Interse��o de Vias";N�o;2;0;1;0;1;0;1;2;-26,1903051;-48,9121475;SPRF-SC;DEL03-SC;UOP01-DEL03-SC;;;
670590;30/03/2025;domingo;18:40:00;MS;163;258;DOURADOS;Acessar a via sem observar a presen�a dos outros ve�culos;Colis�o lateral sentido oposto;Com V�timas Feridas;Plena Noite;Crescente;Ignorado;Dupla;Reta;N�o;2;0;2;0;0;0;2;2;-22,25894877;-54,80272109;SPRF-MS;DEL04-MS;UOP01-DEL04-MS;;;
670591;30/03/2025;domingo;19:40:00;SP;381;72;SAO PAULO;Ingest�o de �lcool pelo condutor;Colis�o com objeto;Com V�timas Feridas;Plena Noite;Crescente;C�u Claro;Dupla;Reta;N�o;2;0;1;0;1;0;1;1;-23,35020751;-46,558263;SPRF-SP;DEL03-SP;UOP01-DEL03-SP;;;
670592;30/03/2025;domingo;19:25:00;PB;230;12;CABEDELO;Pedestre - Ingest�o de �lcool/ subst�ncias psicoativas;Atropelamento de Pedestre;Com V�timas Fatais;Plena Noite;Crescente;C�u Claro;Dupla;"Em Obras;Reta";Sim;3;1;0;0;0;2;0;2;-7,075007;-34,84936;SPRF-PB;DEL01-PB;UOP01-DEL01-PB;;;
670593;30/03/2025;domingo;20:00:00;RJ;101;303;SAO GONCALO;Transitar na contram�o;Colis�o frontal;Com V�timas Feridas;Plena Noite;Decrescente;C�u Claro;Dupla;"Retorno Regulamentado;Curva";Sim;3;0;2;0;1;0;2;2;-22,78216713;-42,97537259;SPRF-RJ;DEL02-RJ;UOP02-DEL02-RJ;;;
670594;30/03/2025;domingo;19:40:00;ES;101;415,7;ITAPEMIRIM;Transitar no Acostamento;Atropelamento de Pedestre;Com V�timas Feridas;Plena Noite;Crescente;C�u Claro;Simples;Reta;N�o;2;0;1;0;0;1;1;2;-20,93871975;-41,08269626;SPRF-ES;DEL03-ES;UOP02-DEL03-ES;;;
670595;30/03/2025;domingo;20:30:00;PR;376;631,5;SAO JOSE DOS PINHAIS;Pedestre cruzava a pista fora da faixa;Atropelamento de Pedestre;Com V�timas Fatais;Plena Noite;Decrescente;Nublado;Dupla;Reta;Sim;4;1;0;0;3;0;0;2;-25,715015;-49,13853;SPRF-PR;DEL01-PR;UOP04-DEL01-PR;;;
670597;30/03/2025;domingo;19:00:00;RJ;116;288;BARRA MANSA;Demais falhas mec�nicas ou el�tricas;Queda de ocupante de ve�culo;Com V�timas Feridas;Plena Noite;Crescente;Nublado;Dupla;Reta;N�o;2;0;2;0;0;0;2;1;-22,45445359;-44,29431975;SPRF-RJ;DEL07-RJ;UOP02-DEL07-RJ;;;
670598;30/03/2025;domingo;19:10:00;RJ;101;415;MANGARATIBA;Ingest�o de �lcool pelo condutor;Colis�o traseira;Com V�timas Feridas;Plena Noite;Crescente;C�u Claro;Dupla;Retorno Regulamentado;N�o;4;0;2;0;2;0;2;2;-22,9408768;-43,9943168;SPRF-RJ;DEL03-RJ;UOP01-DEL03-RJ;;;
670599;30/03/2025;domingo;19:33:00;CE;20;239;MADALENA;Acessar a via sem observar a presen�a dos outros ve�culos;Colis�o transversal;Com V�timas Feridas;Plena Noite;Decrescente;C�u Claro;Simples;Reta;Sim;2;0;1;0;1;0;1;2;-4,8496;-39,57707;SPRF-CE;DEL02-CE;UOP02-DEL02-CE;;;
670600;30/03/2025;domingo;20:45:00;PR;277;112;CAMPO LARGO;Ingest�o de �lcool pelo condutor;Colis�o com objeto;Com V�timas Feridas;Plena Noite;Decrescente;C�u Claro;Dupla;"Reta;Declive";Sim;1;0;1;0;0;0;1;1;-25,4337721;-49,40767696;SPRF-PR;DEL03-PR;UOP03-DEL03-PR;;;
670601;30/03/2025;domingo;21:00:00;ES;101;280,6;SERRA;Condutor Dormindo;Capotamento;Com V�timas Feridas;Plena Noite;Crescente;C�u Claro;Dupla;Reta;N�o;3;0;3;0;0;0;3;1;-20,21838846;-40,34145355;SPRF-ES;DEL02-ES;UOP01-DEL02-ES;;;
670604;30/03/2025;domingo;19:20:00;PR;277;601,4;CASCAVEL;Demais falhas mec�nicas ou el�tricas;Queda de ocupante de ve�culo;Com V�timas Feridas;Plena Noite;Crescente;C�u Claro;Dupla;Reta;N�o;2;0;2;0;0;0;2;1;-25,0179;-53,543788;SPRF-PR;DEL04-PR;UOP01-DEL04-PR;;;
670605;30/03/2025;domingo;17:50:00;PR;163;229,4;CASCAVEL;Velocidade Incompat�vel;Sa�da de leito carro��vel;Com V�timas Fatais;Pleno dia;Crescente;C�u Claro;Dupla;Reta;N�o;4;1;0;2;0;1;2;2;-24,81544603;-53,66130352;SPRF-PR;DEL04-PR;UOP01-DEL04-PR;;;
670606;30/03/2025;domingo;20:00:00;GO;50;249;CATALAO;Rea��o tardia ou ineficiente do condutor;Sa�da de leito carro��vel;Sem V�timas;Plena Noite;Crescente;C�u Claro;Dupla;Reta;N�o;1;0;0;0;0;1;0;1;-17,966581;-47,796155;SPRF-GO;DEL06-GO;UOP01-DEL06-GO;;;
670607;30/03/2025;domingo;19:00:00;SP;153;112;JOSE BONIFACIO;Aus�ncia de rea��o do condutor;Colis�o lateral mesmo sentido;Sem V�timas;Plena Noite;Crescente;Nublado;Simples;Declive;N�o;2;0;0;0;2;0;0;2;-21,10480404;-49,68274492;SPRF-SP;DEL09-SP;UOP01-DEL09-SP;;;
670610;30/03/2025;domingo;19:45:00;RS;158;565;SANTANA DO LIVRAMENTO;Ilumina��o deficiente;Colis�o traseira;Com V�timas Feridas;Plena Noite;Crescente;C�u Claro;Simples;"Ponte;Reta";Sim;2;0;0;1;0;1;1;2;-30,87180383;-55,50944209;SPRF-RS;DEL11-RS;UOP01-DEL11-RS;;;
670611;30/03/2025;domingo;15:30:00;PB;405;0,2;UIRAUNA;Ingest�o de subst�ncias psicoativas pelo condutor;Sa�da de leito carro��vel;Com V�timas Fatais;Pleno dia;Decrescente;C�u Claro;Simples;"Curva;Aclive";Sim;1;1;0;0;0;0;0;1;-6,457485;-38,375212;SPRF-PB;DEL03-PB;UOP03-DEL03-PB;;;
670612;30/03/2025;domingo;21:29:00;CE;116;6;FORTALEZA;Rea��o tardia ou ineficiente do condutor;Colis�o traseira;Com V�timas Feridas;Plena Noite;Crescente;C�u Claro;M�ltipla;Reta;Sim;2;0;2;0;0;0;2;2;-3,80402929;-38,50353956;SPRF-CE;DEL01-CE;UOP02-DEL01-CE;;;
670613;30/03/2025;domingo;17:40:00;RJ;116;22;SAPUCAIA;Ingest�o de �lcool pelo condutor;Colis�o com objeto;Sem V�timas;Anoitecer;Decrescente;Nublado;Simples;Reta;N�o;1;0;0;0;1;0;0;1;-22,017838;-42,770921;SPRF-RJ;DEL05-RJ;UOP01-DEL05-RJ;;;
670614;30/03/2025;domingo;19:30:00;BA;101;561;ARATACA;Aus�ncia de rea��o do condutor;Colis�o frontal;Com V�timas Feridas;Plena Noite;Crescente;C�u Claro;Simples;Curva;N�o;3;0;3;0;0;0;3;2;-15,23819832;-39,44738973;SPRF-BA;DEL05-BA;UOP02-DEL05-BA;;;
670617;30/03/2025;domingo;19:30:00;PR;376;287,2;MAUA DA SERRA;Rea��o tardia ou ineficiente do condutor;Colis�o com objeto;Com V�timas Feridas;Plena Noite;Crescente;Nublado;Dupla;"Reta;Retorno Regulamentado";N�o;2;0;1;1;0;0;2;2;-23,876324;-51,252328;SPRF-PR;DEL07-PR;UOP02-DEL07-PR;;;
670618;30/03/2025;domingo;19:40:00;MG;365;344;VARJAO DE MINAS;Rea��o tardia ou ineficiente do condutor;Colis�o frontal;Com V�timas Feridas;Plena Noite;Decrescente;C�u Claro;Simples;Reta;Sim;14;0;1;0;13;0;1;2;-18,38544296;-46,03647344;SPRF-MG;DEL10-MG;UOP01-DEL10-MG;;;
670619;30/03/2025;domingo;19:45:00;MG;381;815;CAREACU;Velocidade Incompat�vel;Sa�da de leito carro��vel;Com V�timas Feridas;Plena Noite;Decrescente;Nublado;Dupla;"Curva;Aclive";N�o;1;0;1;0;0;0;1;1;-22,08771284;-45,70503017;SPRF-MG;DEL16-MG;UOP02-DEL16-MG;;;
670620;30/03/2025;domingo;20:45:00;SP;153;66;SAO JOSE DO RIO PRETO;Aus�ncia de rea��o do condutor;Colis�o com objeto;Sem V�timas;Plena Noite;Decrescente;C�u Claro;Dupla;Curva;N�o;1;0;0;0;0;1;0;1;-20,84946857;-49,37678576;SPRF-SP;DEL09-SP;UOP01-DEL09-SP;;;
670623;30/03/2025;domingo;22:35:00;PR;277;13;PARANAGUA;Aus�ncia de rea��o do condutor;Capotamento;Com V�timas Feridas;Plena Noite;Crescente;C�u Claro;Dupla;Reta;N�o;1;0;0;1;0;0;1;1;-25,561367;-48,644905;SPRF-PR;DEL01-PR;UOP05-DEL01-PR;;;
670624;30/03/2025;domingo;21:30:00;MT;163;1072;GUARANTA DO NORTE;Ingest�o de �lcool pelo condutor;Sa�da de leito carro��vel;Sem V�timas;Plena Noite;Decrescente;C�u Claro;Simples;Curva;N�o;1;0;0;0;1;0;0;1;-9,88505166;-54,90108288;SPRF-MT;DEL06-MT;UOP03-DEL06-MT;;;
670627;30/03/2025;domingo;20:30:00;MG;50;178;UBERABA;Rea��o tardia ou ineficiente do condutor;Colis�o traseira;Sem V�timas;Plena Noite;Crescente;C�u Claro;Dupla;"Viaduto;Interse��o de Vias";Sim;3;0;0;0;3;0;0;2;-19,77990944;-47,94477582;SPRF-MG;DEL13-MG;UOP01-DEL13-MG;;;
670629;30/03/2025;domingo;23:15:00;RS;116;147,3;CAXIAS DO SUL;Condutor desrespeitou a ilumina��o vermelha do sem�foro;Colis�o transversal;Com V�timas Feridas;Plena Noite;Decrescente;C�u Claro;Dupla;"Retorno Regulamentado;Reta";Sim;3;0;1;0;2;0;1;2;-29,15081202;-51,14609957;SPRF-RS;DEL05-RS;UOP01-DEL05-RS;;;
670630;30/03/2025;domingo;21:15:00;PE;104;43;CARUARU;Animais na Pista;Atropelamento de Animal;Com V�timas Feridas;Plena Noite;Decrescente;C�u Claro;Dupla;Reta;N�o;4;0;1;0;3;0;1;1;-8,11587;-36,00493;SPRF-PE;DEL02-PE;UOP01-DEL02-PE;;;
670631;30/03/2025;domingo;23:15:00;PB;230;20;JOAO PESSOA;Pedestre - Ingest�o de �lcool/ subst�ncias psicoativas;Atropelamento de Pedestre;Com V�timas Feridas;Plena Noite;Decrescente;C�u Claro;Dupla;Reta;Sim;2;0;0;1;0;1;1;2;-7,136503;-34,85403;SPRF-PB;DEL01-PB;UOP01-DEL01-PB;;;
670633;30/03/2025;domingo;19:05:00;RJ;40;124;RIO DE JANEIRO;Rea��o tardia ou ineficiente do condutor;Tombamento;Com V�timas Feridas;Plena Noite;Crescente;C�u Claro;Dupla;Reta;Sim;1;0;1;0;0;0;1;1;-22,81281746;-43,28784943;SPRF-RJ;DEL01-RJ;UOP02-DEL01-RJ;;;
670634;22/02/2025;s�bado;22:15:00;MA;10;251;IMPERATRIZ;Desrespeitar a prefer�ncia no cruzamento;Colis�o transversal;Com V�timas Feridas;Plena Noite;Decrescente;C�u Claro;Simples;Interse��o de Vias;Sim;2;0;1;0;0;1;1;2;-5,54306239;-47,46462699;SPRF-MA;DEL04-MA;UOP01-DEL04-MA;;;