id;data_inversa;dia_semana;horario;uf;br;km;municipio;causa_acidente;tipo_acidente;classificacao_acidente;fase_dia;sentido_via;condicao_metereologica;tipo_pista;tracado_via;uso_solo;pessoas;mortos;feridos_leves;feridos_graves;ilesos;ignorados;feridos;veiculos;latitude;longitude;regional;delegacia;uop;;;
670635;30/03/2025;domingo;22:00:00;MT;364;1;ALTO ARAGUAIA;Acessar a via sem observar a presen�a dos outros ve�culos;Colis�o transversal;Com V�timas Feridas;Plena Noite;Decrescente;Nublado;Dupla;Reta;Sim;2;0;2;0;0;0;2;2;-17,3136375;-53,21698755;SPRF-MT;DEL02-MT;UOP02-DEL02-MT;;;
670636;30/03/2025;domingo;22:50:00;RS;287;398;SANTIAGO;Acostamento em desn�vel;Tombamento;Com V�timas Feridas;Plena Noite;Crescente;C�u Claro;Simples;"Reta;Interse��o de Vias;Declive";Sim;1;0;1;0;0;0;1;1;-29,17384924;-54,8540136;SPRF-RS;DEL12-RS;UOP02-DEL12-RS;;;
670637;30/03/2025;domingo;19:50:00;MT;163;603;NOVA MUTUM;Convers�o proibida;Colis�o lateral mesmo sentido;Com V�timas Feridas;Plena Noite;Crescente;Nublado;Simples;"Reta;Em Obras;Desvio Tempor�rio";N�o;7;0;0;1;2;4;1;2;-13,71740786;-56,04190708;SPRF-MT;DEL01-MT;UOP01-DEL01-MT;;;
670638;30/03/2025;domingo;21:55:00;PR;376;470,5;PONTA GROSSA;Ingest�o de �lcool pelo condutor;Sa�da de leito carro��vel;Com V�timas Feridas;Plena Noite;Crescente;C�u Claro;Dupla;Curva;N�o;1;0;1;0;0;0;1;1;-25,01102859;-50,34793854;SPRF-PR;DEL03-PR;UOP01-DEL03-PR;;;
670639;30/03/2025;domingo;21:00:00;MT;163;718;SORRISO;Aus�ncia de rea��o do condutor;Sa�da de leito carro��vel;Com V�timas Feridas;Plena Noite;Crescente;C�u Claro;Simples;Reta;N�o;1;0;1;0;0;0;1;1;-12,825252;-55,82587;SPRF-MT;DEL06-MT;UOP01-DEL06-MT;;;
670640;30/03/2025;domingo;22:50:00;SP;116;163;JACAREI;Ingest�o de �lcool pelo condutor;Sa�da de leito carro��vel;Sem V�timas;Plena Noite;Crescente;C�u Claro;Simples;Curva;N�o;1;0;0;0;1;0;0;1;-23,2931317;-45,9561071;SPRF-SP;DEL02-SP;UOP01-DEL02-SP;;;
670641;30/03/2025;domingo;23:00:00;PE;101;61;RECIFE;Rea��o tardia ou ineficiente do condutor;Colis�o traseira;Sem V�timas;Plena Noite;Crescente;C�u Claro;Dupla;Aclive;N�o;2;0;0;0;1;1;0;2;-7,9882578;-34,9332453;SPRF-PE;DEL01-PE;UOP02-DEL01-PE;;;
670643;30/03/2025;domingo;22:10:00;GO;60;47,6;ABADIANIA;Rea��o tardia ou ineficiente do condutor;Tombamento;Com V�timas Feridas;Plena Noite;Crescente;C�u Claro;Dupla;Curva;N�o;2;0;1;1;0;0;2;1;-16,15040917;-48,61075759;SPRF-GO;DEL02-GO;UOP01-DEL02-GO;;;
670645;30/03/2025;domingo;23:30:00;RJ;101;394;ITAGUAI;Aus�ncia de rea��o do condutor;Capotamento;Com V�timas Feridas;Plena Noite;Decrescente;C�u Claro;Dupla;"Reta;Ponte";N�o;2;0;2;0;0;0;2;1;-22,858918;-43,7591195;SPRF-RJ;DEL03-RJ;UOP01-DEL03-RJ;;;
670646;31/03/2025;segunda-feira;00:10:00;RS;290;86;PORTO ALEGRE;Ingest�o de �lcool pelo condutor;Colis�o traseira;Com V�timas Feridas;Plena Noite;Decrescente;C�u Claro;M�ltipla;Reta;N�o;3;0;0;2;0;1;2;3;-29,96757584;-51,1356926;SPRF-RS;DEL01-RS;UOP01-DEL01-RS;;;
670650;31/03/2025;segunda-feira;00:21:00;RO;364;780;PORTO VELHO;Animais na Pista;Atropelamento de Animal;Com V�timas Feridas;Plena Noite;Crescente;Nublado;Simples;"Reta;Declive";N�o;2;0;2;0;0;0;2;1;-9,190493;-64,252188;SPRF-RO;DEL01-RO;UOP02-DEL01-RO;;;
670651;30/03/2025;domingo;20:00:00;BA;101;691;EUNAPOLIS;Acessar a via sem observar a presen�a dos outros ve�culos;Colis�o transversal;Com V�timas Fatais;Plena Noite;Decrescente;C�u Claro;Simples;"Reta;Declive";N�o;5;1;1;0;3;0;1;2;-16,175737;-39,59747;SPRF-BA;DEL09-BA;UOP03-DEL09-BA;;;
670652;31/03/2025;segunda-feira;01:50:00;PR;277;584,4;CASCAVEL;Condutor Dormindo;Colis�o com objeto;Sem V�timas;Plena Noite;Crescente;Nublado;M�ltipla;"Curva;Interse��o de Vias";N�o;2;0;0;0;2;0;0;1;-24,964622;-53,406963;SPRF-PR;DEL04-PR;UOP01-DEL04-PR;;;
670653;31/03/2025;segunda-feira;01:10:00;PR;476;118,2;COLOMBO;Rea��o tardia ou ineficiente do condutor;Sa�da de leito carro��vel;Sem V�timas;Plena Noite;Crescente;Nublado;M�ltipla;Interse��o de Vias;Sim;1;0;0;0;0;1;0;1;-25,35669303;-49,18101484;SPRF-PR;DEL01-PR;UOP01-DEL01-PR;;;
670656;31/03/2025;segunda-feira;02:10:00;PE;104;73;CARUARU;Rea��o tardia ou ineficiente do condutor;Sa�da de leito carro��vel;Com V�timas Feridas;Plena Noite;Decrescente;C�u Claro;Simples;"Reta;Aclive";N�o;2;0;0;2;0;0;2;1;-8,34824791;-35,98452687;SPRF-PE;DEL02-PE;UOP01-DEL02-PE;;;
670657;30/03/2025;domingo;20:02:00;RS;116;519;PELOTAS;Condutor deixou de manter dist�ncia do ve�culo da frente;Colis�o traseira;Com V�timas Feridas;Plena Noite;Crescente;C�u Claro;Simples;Reta;N�o;2;0;1;0;0;1;1;2;-31,612666;-52,3052606;SPRF-RS;DEL07-RS;UOP01-DEL07-RS;;;
670659;31/03/2025;segunda-feira;05:00:00;SP;116;466;JACUPIRANGA;Aus�ncia de rea��o do condutor;Sa�da de leito carro��vel;Com V�timas Feridas;Plena Noite;Crescente;C�u Claro;Dupla;Reta;N�o;4;0;1;0;3;0;1;1;-24,69007181;-47,97935486;SPRF-SP;DEL05-SP;UOP01-DEL05-SP;;;
670660;31/03/2025;segunda-feira;04:15:00;RJ;116;306;RESENDE;Condutor Dormindo;Colis�o traseira;Sem V�timas;Plena Noite;Crescente;C�u Claro;Dupla;Reta;Sim;2;0;0;0;2;0;0;2;-22,4557879;-44,3965801;SPRF-RJ;DEL07-RJ;UOP02-DEL07-RJ;;;
670661;31/03/2025;segunda-feira;05:00:00;GO;60;52;ALEXANIA;Aus�ncia de rea��o do condutor;Sa�da de leito carro��vel;Sem V�timas;Amanhecer;Crescente;C�u Claro;Dupla;"Curva;Declive";N�o;1;0;0;0;1;0;0;1;-16,1;-48,38;SPRF-GO;DEL02-GO;UOP01-DEL02-GO;;;
670663;31/03/2025;segunda-feira;05:50:00;PB;230;41,5;SANTA RITA;Demais falhas mec�nicas ou el�tricas;Sa�da de leito carro��vel;Com V�timas Feridas;Amanhecer;Decrescente;C�u Claro;Dupla;Reta;N�o;2;0;0;2;0;0;2;1;-7,142562;-34,995177;SPRF-PB;DEL01-PB;UOP02-DEL01-PB;;;
670664;31/03/2025;segunda-feira;06:15:00;SC;101;121;ITAJAI;Condutor deixou de manter dist�ncia do ve�culo da frente;Colis�o lateral mesmo sentido;Com V�timas Feridas;Amanhecer;Decrescente;Nevoeiro/Neblina;M�ltipla;Reta;Sim;2;0;1;0;1;0;1;2;-26,9252201;-48,70666265;SPRF-SC;DEL04-SC;UOP04-DEL04-SC;;;
670665;31/03/2025;segunda-feira;05:10:00;RS;290;80;GRAVATAI;Aus�ncia de rea��o do condutor;Colis�o com objeto;Sem V�timas;Plena Noite;Decrescente;C�u Claro;Simples;"Curva;Rotat�ria";Sim;1;0;0;0;0;1;0;1;-29,9541206;-51,06105208;SPRF-RS;DEL01-RS;UOP01-DEL01-RS;;;
670666;30/03/2025;domingo;19:20:00;PA;163;983;SANTAREM;Acessar a via sem observar a presen�a dos outros ve�culos;Colis�o transversal;Sem V�timas;Pleno dia;Crescente;C�u Claro;Simples;Reta;Sim;2;0;0;0;2;0;0;2;-2,6197943;-54,73281384;SPRF-PA;DEL05-PA;UOP01-DEL05-PA;;;
670669;31/03/2025;segunda-feira;07:05:00;SC;101;207,7;SAO JOSE;Rea��o tardia ou ineficiente do condutor;Colis�o traseira;Com V�timas Feridas;Pleno dia;Decrescente;C�u Claro;M�ltipla;Reta;Sim;2;0;1;0;1;0;1;2;-27,601557;-48,6256348;SPRF-SC;DEL01-SC;UOP01-DEL01-SC;;;
670671;31/03/2025;segunda-feira;06:45:00;RS;116;253;SAPUCAIA DO SUL;Condutor usando celular;Colis�o com objeto;Sem V�timas;Pleno dia;Crescente;C�u Claro;M�ltipla;"Reta;Em Obras";Sim;1;0;0;0;1;0;0;1;-29,81201206;-51,16847276;SPRF-RS;DEL01-RS;UOP02-DEL01-RS;;;
670672;30/03/2025;domingo;19:30:00;BA;235;45;JEREMOABO;Aus�ncia de rea��o do condutor;Sa�da de leito carro��vel;Com V�timas Fatais;Plena Noite;Crescente;Ignorado;Simples;Curva;N�o;1;1;0;0;0;0;0;1;-10,09098044;-38,18058014;SPRF-SE;DEL01-SE;UOP02-DEL01-SE;;;
670673;31/03/2025;segunda-feira;05:30:00;SP;116;282;EMBU DAS ARTES;Rea��o tardia ou ineficiente do condutor;Tombamento;Com V�timas Feridas;Amanhecer;Decrescente;C�u Claro;Dupla;Reta;Sim;1;0;1;0;0;0;1;1;-23,66181648;-46,85260963;SPRF-SP;DEL04-SP;UOP01-DEL04-SP;;;
670674;31/03/2025;segunda-feira;07:15:00;SC;101;206,9;SAO JOSE;Avarias e/ou desgaste excessivo no pneu;Tombamento;Com V�timas Feridas;Pleno dia;Decrescente;C�u Claro;M�ltipla;"Reta;Declive";Sim;1;0;1;0;0;0;1;1;-27,602;-48,627;SPRF-SC;DEL01-SC;UOP01-DEL01-SC;;;
670675;31/03/2025;segunda-feira;07:00:00;MG;40;524,9;CONTAGEM;Trafegar com motocicleta (ou similar) entre as faixas;Colis�o lateral mesmo sentido;Com V�timas Feridas;Pleno dia;Crescente;C�u Claro;Dupla;Reta;Sim;3;0;1;0;2;0;1;3;-19,881855;-44,050633;SPRF-MG;DEL01-MG;UOP02-DEL01-MG;;;
670677;31/03/2025;segunda-feira;07:00:00;RS;472;176,4;SANTA ROSA;Mal s�bito do condutor;Colis�o frontal;Com V�timas Fatais;Amanhecer;Crescente;Nublado;Simples;Reta;Sim;3;1;1;1;0;0;2;2;-27,8543;-54,5275;SPRF-RS;DEL10-RS;UOP01-DEL10-RS;;;
670678;31/03/2025;segunda-feira;07:10:00;AL;101;199;SAO SEBASTIAO;Aus�ncia de rea��o do condutor;Sa�da de leito carro��vel;Com V�timas Fatais;Pleno dia;Crescente;C�u Claro;Dupla;Curva;N�o;1;1;0;0;0;0;0;1;-9,939269;-36,534229;SPRF-AL;DEL02-AL;UOP02-DEL02-AL;;;
670679;31/03/2025;segunda-feira;06:00:00;RN;226;15;MACAIBA;Manobra de mudan�a de faixa;Colis�o frontal;Com V�timas Feridas;Pleno dia;Crescente;C�u Claro;Simples;Reta;Sim;2;0;1;0;1;0;1;2;-5,8623516;-35,3430506;SPRF-RN;DEL01-RN;UOP02-DEL01-RN;;;
670681;31/03/2025;segunda-feira;00:20:00;RJ;101;190;CASIMIRO DE ABREU;Rea��o tardia ou ineficiente do condutor;Colis�o com objeto;Com V�timas Feridas;Plena Noite;Decrescente;C�u Claro;Dupla;Rotat�ria;Sim;1;0;1;0;0;0;1;1;-22,478848;-42,1658624;SPRF-RJ;DEL08-RJ;UOP04-DEL08-RJ;;;
670682;31/03/2025;segunda-feira;07:10:00;RS;116;245;SAO LEOPOLDO;Condutor deixou de manter dist�ncia do ve�culo da frente;Colis�o traseira;Com V�timas Feridas;Pleno dia;Decrescente;C�u Claro;Dupla;"Reta;Ponte";N�o;2;0;1;0;1;0;1;2;-29,7589344;-51,15195263;SPRF-RS;DEL01-RS;UOP02-DEL01-RS;;;
670683;31/03/2025;segunda-feira;06:10:00;SP;381;86;SAO PAULO;Aus�ncia de rea��o do condutor;Colis�o traseira;Com V�timas Feridas;Pleno dia;Crescente;C�u Claro;Dupla;Curva;Sim;2;0;1;0;1;0;1;2;-23,46783524;-46,57091514;SPRF-SP;DEL03-SP;UOP01-DEL03-SP;;;
670686;31/03/2025;segunda-feira;08:00:00;PB;101;88;JOAO PESSOA;Rea��o tardia ou ineficiente do condutor;Colis�o traseira;Sem V�timas;Pleno dia;Decrescente;C�u Claro;Dupla;Reta;Sim;2;0;0;0;2;0;0;2;-7,16525828;-34,89648577;SPRF-PB;DEL01-PB;UOP01-DEL01-PB;;;
670687;31/03/2025;segunda-feira;08:00:00;MG;381;701;RIBEIRAO VERMELHO;Acesso irregular;Colis�o com objeto;Com V�timas Feridas;Pleno dia;Crescente;Chuva;Dupla;"Aclive;Curva";N�o;2;0;1;0;0;1;1;1;-21,16510498;-45,12448181;SPRF-MG;DEL04-MG;UOP02-DEL04-MG;;;
670688;31/03/2025;segunda-feira;08:20:00;PB;230;17,8;JOAO PESSOA;Aus�ncia de rea��o do condutor;Colis�o traseira;Com V�timas Feridas;Pleno dia;Crescente;C�u Claro;Dupla;Reta;Sim;2;0;1;0;1;0;1;2;-7,12144115;-34,84523892;SPRF-PB;DEL01-PB;UOP01-DEL01-PB;;;
670689;31/03/2025;segunda-feira;07:45:00;PR;376;182,5;SARANDI;Condutor deixou de manter dist�ncia do ve�culo da frente;Colis�o traseira;Com V�timas Feridas;Pleno dia;Decrescente;C�u Claro;M�ltipla;Reta;Sim;3;0;2;0;1;0;2;3;-23,437728;-51,8767535;SPRF-PR;DEL09-PR;UOP01-DEL09-PR;;;
670691;31/03/2025;segunda-feira;07:50:00;GO;60;389;RIO VERDE;Demais falhas mec�nicas ou el�tricas;Tombamento;Com V�timas Feridas;Pleno dia;Crescente;C�u Claro;Dupla;Reta;Sim;2;0;2;0;0;0;2;1;-17,825062;-50,962017;SPRF-GO;DEL04-GO;UOP02-DEL04-GO;;;
670694;31/03/2025;segunda-feira;08:55:00;ES;101;260,7;SERRA;Condutor deixou de manter dist�ncia do ve�culo da frente;Colis�o traseira;Com V�timas Feridas;Pleno dia;Crescente;C�u Claro;Dupla;Curva;Sim;2;0;1;0;1;0;1;2;-20,1465779;-40,2821566;SPRF-ES;DEL02-ES;UOP01-DEL02-ES;;;
670696;31/03/2025;segunda-feira;08:45:00;CE;116;2;FORTALEZA;Aus�ncia de rea��o do condutor;Colis�o traseira;Com V�timas Feridas;Pleno dia;Decrescente;C�u Claro;M�ltipla;Reta;Sim;3;0;2;0;1;0;2;2;-3,77259624;-38,51615667;SPRF-CE;DEL01-CE;UOP02-DEL01-CE;;;
670698;31/03/2025;segunda-feira;08:45:00;GO;153;505;GOIANIA;Condutor deixou de manter dist�ncia do ve�culo da frente;Colis�o traseira;Com V�timas Feridas;Pleno dia;Crescente;C�u Claro;Dupla;Reta;Sim;3;0;1;0;1;1;1;2;-16,5871616;-49,152;SPRF-GO;DEL01-GO;UOP01-DEL01-GO;;;
670699;31/03/2025;segunda-feira;08:25:00;GO;40;7;VALPARAISO DE GOIAS;Trafegar com motocicleta (ou similar) entre as faixas;Colis�o lateral mesmo sentido;Com V�timas Feridas;Pleno dia;Crescente;C�u Claro;Simples;Reta;Sim;2;0;1;0;1;0;1;2;-16,11215379;-47,96979424;SPRF-DF;DEL01-DF;UOP01-DEL01-DF;;;
670700;31/03/2025;segunda-feira;08:56:00;PE;101;44;IGARASSU;Retorno proibido;Colis�o transversal;Com V�timas Feridas;Pleno dia;Decrescente;C�u Claro;M�ltipla;Declive;Sim;3;0;1;1;1;0;2;2;-7,85789193;-34,90824038;SPRF-PE;DEL01-PE;UOP02-DEL01-PE;;;
670701;31/03/2025;segunda-feira;07:50:00;PR;153;1;IMBITUVA;Aus�ncia de rea��o do condutor;Colis�o frontal;Com V�timas Feridas;Pleno dia;Crescente;Ignorado;Simples;Curva;N�o;3;0;1;0;2;0;1;2;-25,20494115;-50,60302734;SPRF-PR;DEL03-PR;UOP01-DEL03-PR;;;
670703;31/03/2025;segunda-feira;08:50:00;MG;381;635;OLIVEIRA;Velocidade Incompat�vel;Colis�o com objeto;Com V�timas Feridas;Pleno dia;Decrescente;Chuva;Dupla;"Curva;Declive";N�o;1;0;1;0;0;0;1;1;-20,83250212;-44,80190277;SPRF-MG;DEL04-MG;UOP01-DEL04-MG;;;
670704;31/03/2025;segunda-feira;08:25:00;MG;381;649,1;SANTO ANTONIO DO AMPARO;Velocidade Incompat�vel;Colis�o com objeto;Com V�timas Feridas;Pleno dia;Decrescente;Chuva;Dupla;Reta;N�o;2;0;1;0;1;0;1;1;-20,95780485;-44,90126602;SPRF-MG;DEL04-MG;UOP02-DEL04-MG;;;
670705;31/03/2025;segunda-feira;07:40:00;MG;381;380,9;SAO GONCALO DO RIO ABAIXO;Aus�ncia de rea��o do condutor;Colis�o com objeto;Com V�timas Feridas;Pleno dia;Crescente;C�u Claro;Simples;Reta;Sim;2;0;0;1;1;0;1;2;-19,83659;-43,34508;SPRF-MG;DEL01-MG;UOP01-DEL01-MG;;;
670708;31/03/2025;segunda-feira;09:35:00;GO;60;170,8;GOIANIA;Avarias e/ou desgaste excessivo no pneu;Tombamento;Com V�timas Feridas;Pleno dia;Decrescente;Sol;Dupla;Reta;N�o;2;0;2;0;0;0;2;1;-16,74340016;-49,41375732;SPRF-GO;DEL01-GO;UOP02-DEL01-GO;;;
670712;31/03/2025;segunda-feira;07:51:00;MT;163;834;SINOP;Aus�ncia de rea��o do condutor;Colis�o traseira;Sem V�timas;Pleno dia;Crescente;Nublado;Dupla;Reta;Sim;2;0;0;0;2;0;0;2;-11,86735091;-55,4970932;SPRF-MT;DEL06-MT;UOP02-DEL06-MT;;;
670714;31/03/2025;segunda-feira;10:00:00;PR;116;105;SAO JOSE DOS PINHAIS;Velocidade Incompat�vel;Colis�o traseira;Com V�timas Feridas;Pleno dia;Crescente;C�u Claro;Dupla;Reta;N�o;3;0;1;0;2;0;1;3;-25,57131853;-49,20837882;SPRF-PR;DEL01-PR;UOP07-DEL01-PR;;;
670715;31/03/2025;segunda-feira;09:46:00;MT;70;2;BARRA DO GARCAS;Condutor deixou de manter dist�ncia do ve�culo da frente;Colis�o traseira;Com V�timas Feridas;Pleno dia;Crescente;Sol;Dupla;Reta;Sim;3;0;1;0;2;0;1;2;-15,89164596;-52,296134;SPRF-MT;DEL07-MT;UOP01-DEL07-MT;;;
670716;31/03/2025;segunda-feira;10:05:00;PR;277;721,5;FOZ DO IGUACU;Acessar a via sem observar a presen�a dos outros ve�culos;Colis�o transversal;Com V�timas Feridas;Pleno dia;Crescente;C�u Claro;Dupla;"Reta;Rotat�ria";Sim;3;0;0;1;2;0;1;2;-25,493801;-54,516628;SPRF-PR;DEL05-PR;UOP03-DEL05-PR;;;
670717;31/03/2025;segunda-feira;07:30:00;PE;232;54,3;GRAVATA;Rea��o tardia ou ineficiente do condutor;Sa�da de leito carro��vel;Com V�timas Feridas;Pleno dia;Decrescente;C�u Claro;Dupla;Reta;N�o;1;0;0;1;0;0;1;1;-8,1861796;-35,4991423;SPRF-PE;DEL02-PE;UOP02-DEL02PE;;;
670718;31/03/2025;segunda-feira;10:30:00;PR;369;198,7;APUCARANA;Acessar a via sem observar a presen�a dos outros ve�culos;Colis�o traseira;Com V�timas Feridas;Pleno dia;Crescente;C�u Claro;Dupla;"Retorno Regulamentado;Reta";Sim;2;0;1;0;1;0;1;2;-23,522139;-51,441719;SPRF-PR;DEL07-PR;UOP03-DEL07-PR;;;
670719;31/03/2025;segunda-feira;09:20:00;GO;60;108,1;GOIANAPOLIS;Manobra de mudan�a de faixa;Colis�o traseira;Com V�timas Feridas;Pleno dia;Crescente;C�u Claro;M�ltipla;Reta;N�o;2;0;0;1;1;0;1;2;-16,43978969;-49,01945114;SPRF-GO;DEL01-GO;UOP01-DEL01-GO;;;
670721;31/03/2025;segunda-feira;09:44:00;MS;158;4;CASSILANDIA;Ingest�o de �lcool pelo condutor;Tombamento;Com V�timas Feridas;Pleno dia;Crescente;C�u Claro;Simples;Reta;Sim;1;0;1;0;0;0;1;1;-19,125273;-51,718079;SPRF-MS;DEL08-MS;UOP01-DEL08-MS;;;
670722;31/03/2025;segunda-feira;10:05:00;PR;277;117,8;CAMPO LARGO;Rea��o tardia ou ineficiente do condutor;Colis�o traseira;Com V�timas Feridas;Pleno dia;Crescente;C�u Claro;Dupla;"Declive;Reta";Sim;4;0;2;0;2;0;2;3;-25,44324267;-49,45955688;SPRF-PR;DEL03-PR;UOP03-DEL03-PR;;;
670726;31/03/2025;segunda-feira;08:25:00;GO;153;105;SANTA TEREZA DE GOIAS;Aus�ncia de rea��o do condutor;Sa�da de leito carro��vel;Com V�timas Feridas;Pleno dia;Decrescente;C�u Claro;Simples;Reta;N�o;1;0;1;0;0;0;1;1;-13,696098;-49,02238;SPRF-GO;DEL07-GO;UOP01-DEL07-GO;;;
670729;31/03/2025;segunda-feira;11:30:00;ES;101;260,7;SERRA;Rea��o tardia ou ineficiente do condutor;Tombamento;Com V�timas Feridas;Pleno dia;Crescente;C�u Claro;Simples;Curva;N�o;1;0;1;0;0;0;1;1;-20,148073;-40,280028;SPRF-ES;DEL02-ES;UOP01-DEL02-ES;;;
670730;31/03/2025;segunda-feira;12:00:00;SP;381;39;ATIBAIA;Chuva;Tombamento;Com V�timas Feridas;Pleno dia;Crescente;Chuva;Dupla;Reta;Sim;1;0;1;0;0;0;1;1;-23,11741947;-46,57322288;SPRF-SP;DEL03-SP;UOP01-DEL03-SP;;;
670731;31/03/2025;segunda-feira;11:38:00;GO;414;437;ANAPOLIS;Animais na Pista;Atropelamento de Animal;Com V�timas Feridas;Pleno dia;Crescente;C�u Claro;Simples;Reta;Sim;1;0;1;0;0;0;1;1;-16,261347;-48,937728;SPRF-GO;DEL02-GO;UOP01-DEL02-GO;;;
670732;31/03/2025;segunda-feira;12:00:00;RN;101;95;NATAL;Condutor deixou de manter dist�ncia do ve�culo da frente;Colis�o traseira;Com V�timas Feridas;Pleno dia;Decrescente;C�u Claro;Dupla;Reta;Sim;2;0;1;0;1;0;1;2;-5,8456996;-35,2083945;SPRF-RN;DEL01-RN;UOP01-DEL01-RN;;;
670733;31/03/2025;segunda-feira;11:20:00;BA;116;25;VITORIA DA CONQUISTA;Aus�ncia de rea��o do condutor;Colis�o traseira;Com V�timas Feridas;Pleno dia;Decrescente;Sol;Simples;Interse��o de Vias;N�o;3;0;1;0;2;0;1;2;-14,8601;-40,7991;SPRF-BA;DEL08-BA;UOP01-DEL08-BA;;;
670736;31/03/2025;segunda-feira;12:20:00;MG;381;876,6;ESTIVA;Velocidade Incompat�vel;Sa�da de leito carro��vel;Com V�timas Feridas;Pleno dia;Decrescente;Chuva;Dupla;Curva;N�o;2;0;1;0;1;0;1;1;-22,43955057;-45,98490056;SPRF-MG;DEL16-MG;UOP01-DEL16-MG;;;
670737;31/03/2025;segunda-feira;10:30:00;RJ;101;296;ITABORAI;Demais falhas mec�nicas ou el�tricas;Queda de ocupante de ve�culo;Com V�timas Feridas;Pleno dia;Decrescente;C�u Claro;Dupla;Reta;Sim;2;0;1;0;1;0;1;1;-22,76608205;-42,91462442;SPRF-RJ;DEL02-RJ;UOP02-DEL02-RJ;;;
670738;31/03/2025;segunda-feira;12:30:00;CE;222;85,6;UMIRIM;Transitar na contram�o;Colis�o frontal;Com V�timas Fatais;Pleno dia;Crescente;C�u Claro;Dupla;"Reta;Aclive";N�o;4;1;0;0;3;0;0;2;-3,672388;-39,307025;SPRF-CE;DEL04-CE;UOP03-DEL04-CE;;;
670741;31/03/2025;segunda-feira;13:00:00;PB;101;81,4;BAYEUX;Desrespeitar a prefer�ncia no cruzamento;Colis�o transversal;Com V�timas Feridas;Pleno dia;Crescente;Nublado;Dupla;Reta;Sim;3;0;1;0;2;0;1;2;-7,127441;-34,940057;SPRF-PB;DEL01-PB;UOP01-DEL01-PB;;;
670743;23/02/2025;domingo;21:10:00;RS;290;19,9;SANTO ANTONIO DA PATRULHA;Ingest�o de �lcool pelo condutor;Colis�o traseira;Sem V�timas;Plena Noite;Crescente;C�u Claro;Dupla;Reta;N�o;3;0;0;0;3;0;0;2;-29,88704755;-50,45351397;SPRF-RS;DEL03-RS;UOP01-DEL03-RS;;;
670746;31/03/2025;segunda-feira;09:00:00;SC;101;154;ITAPEMA;Acessar a via sem observar a presen�a dos outros ve�culos;Atropelamento de Pedestre;Com V�timas Feridas;Pleno dia;Decrescente;C�u Claro;Simples;Reta;N�o;2;0;1;0;0;1;1;2;-27,06624293;-48,59578925;SPRF-SC;DEL04-SC;UOP03-DEL04-SC;;;
670747;31/03/2025;segunda-feira;13:35:00;AL;104;22;UNIAO DOS PALMARES;Avarias e/ou desgaste excessivo no pneu;Sa�da de leito carro��vel;Com V�timas Feridas;Pleno dia;Decrescente;C�u Claro;Simples;Curva;N�o;2;0;1;1;0;0;2;1;-9,07599281;-36,03687286;SPRF-AL;DEL01-AL;UOP02-DEL01-AL;;;
670748;31/03/2025;segunda-feira;11:42:00;BA;101;282;LAJE;Transitar na contram�o;Sa�da de leito carro��vel;Com V�timas Feridas;Pleno dia;Crescente;C�u Claro;Simples;"Reta;Declive";N�o;2;0;0;1;1;0;1;1;-13,12801;-39,292113;SPRF-BA;DEL01-BA;UOP02-DEL01-BA;;;
670750;31/03/2025;segunda-feira;12:30:00;PE;101;51,8;PAULISTA;Condutor deixou de manter dist�ncia do ve�culo da frente;Colis�o lateral mesmo sentido;Com V�timas Feridas;Pleno dia;Decrescente;C�u Claro;M�ltipla;Reta;N�o;2;0;1;0;1;0;1;2;-7,92459429;-34,89292145;SPRF-PE;DEL01-PE;UOP02-DEL01-PE;;;
670751;31/03/2025;segunda-feira;12:15:00;MG;50;154;UBERABA;Velocidade Incompat�vel;Sa�da de leito carro��vel;Com V�timas Feridas;Pleno dia;Crescente;Nublado;Dupla;"Curva;Declive";N�o;3;0;1;0;2;0;1;1;-19,59976082;-48,02524854;SPRF-MG;DEL13-MG;UOP01-DEL13-MG;;;
670752;31/03/2025;segunda-feira;12:50:00;MG;50;133;UBERABA;Acumulo de �gua sobre o pavimento;Sa�da de leito carro��vel;Com V�timas Feridas;Pleno dia;Crescente;Chuva;Dupla;Reta;N�o;1;0;1;0;0;0;1;1;-19,42295;-48,07026;SPRF-MG;DEL13-MG;UOP01-DEL13-MG;;;
670753;31/03/2025;segunda-feira;13:05:00;MG;50;131;UBERABA;Chuva;Sa�da de leito carro��vel;Com V�timas Feridas;Pleno dia;Crescente;Chuva;Dupla;"Reta;Aclive";N�o;1;0;1;0;0;0;1;1;-19,39862;-48,0773;SPRF-MG;DEL13-MG;UOP01-DEL13-MG;;;
670755;31/03/2025;segunda-feira;14:25:00;PB;230;26,2;JOAO PESSOA;Rea��o tardia ou ineficiente do condutor;Colis�o traseira;Com V�timas Feridas;Pleno dia;Crescente;Chuva;Dupla;Reta;Sim;2;0;1;0;0;1;1;2;-7,16910953;-34,88036489;SPRF-PB;DEL01-PB;UOP01-DEL01-PB;;;
670757;31/03/2025;segunda-feira;14:15:00;PE;101;68;RECIFE;Aus�ncia de rea��o do condutor;Colis�o lateral mesmo sentido;Com V�timas Feridas;Pleno dia;Decrescente;C�u Claro;Dupla;"Reta;Viaduto";Sim;3;0;1;0;2;0;1;3;-8,05169396;-34,94605845;SPRF-PE;DEL01-PE;UOP01-DEL01-PE;;;
670758;31/03/2025;segunda-feira;14:07:00;PI;230;300;FLORIANO;Aus�ncia de rea��o do condutor;Sa�da de leito carro��vel;Com V�timas Feridas;Pleno dia;Crescente;C�u Claro;Simples;Rotat�ria;N�o;1;0;1;0;0;0;1;1;-6,8147961;-42,94068575;SPRF-PI;DEL03-PI;UOP01-DEL03-PI;;;