id;data_inversa;dia_semana;horario;uf;br;km;municipio;causa_acidente;tipo_acidente;classificacao_acidente;fase_dia;sentido_via;condicao_metereologica;tipo_pista;tracado_via;uso_solo;pessoas;mortos;feridos_leves;feridos_graves;ilesos;ignorados;feridos;veiculos;latitude;longitude;regional;delegacia;uop;;;
670759;31/03/2025;segunda-feira;14:45:00;SE;101;115;ITAPORANGA DAJUDA;Acumulo de �gua sobre o pavimento;Colis�o com objeto;Com V�timas Feridas;Pleno dia;Decrescente;Chuva;Dupla;"Curva;Declive";Sim;2;0;1;0;0;1;1;2;-11,005503;-37,309058;SPRF-SE;DEL02-SE;UOP01-DEL02-SE;;;
670760;31/03/2025;segunda-feira;10:00:00;MA;316;196;ZE DOCA;Acessar a via sem observar a presen�a dos outros ve�culos;Colis�o frontal;Com V�timas Feridas;Pleno dia;Crescente;C�u Claro;Simples;Reta;Sim;2;0;0;1;1;0;1;2;-3,25707;-45,65;SPRF-MA;DEL02-MA;UOP01-DEL02-MA;;;
670761;31/03/2025;segunda-feira;12:35:00;MG;381;876,7;ESTIVA;Objeto est�tico sobre o leito carro��vel;Sa�da de leito carro��vel;Com V�timas Feridas;Pleno dia;Decrescente;Chuva;Dupla;Curva;N�o;1;0;1;0;0;0;1;1;-22,4422357;-45,990455;SPRF-MG;DEL16-MG;UOP01-DEL16-MG;;;
670763;31/03/2025;segunda-feira;15:30:00;RJ;116;73;TERESOPOLIS;Aus�ncia de rea��o do condutor;Tombamento;Com V�timas Feridas;Pleno dia;Crescente;Nublado;Simples;"Reta;Declive";Sim;1;0;1;0;0;0;1;1;-22,343296;-42,939552;SPRF-RJ;DEL04-RJ;UOP01-DEL04-RJ;;;
670766;31/03/2025;segunda-feira;15:10:00;BA;242;841;BARREIRAS;Aus�ncia de rea��o do condutor;Sa�da de leito carro��vel;Com V�timas Feridas;Pleno dia;Decrescente;C�u Claro;M�ltipla;Declive;N�o;1;0;1;0;0;0;1;1;-12,1141;-45,16785;SPRF-BA;DEL10-BA;UOP01-DEL10-BA;;;
670767;31/03/2025;segunda-feira;16:00:00;CE;0;0;FORTALEZA;Aus�ncia de rea��o do condutor;Engavetamento;Sem V�timas;Pleno dia;N�o Informado;C�u Claro;Dupla;Reta;Sim;3;0;0;0;3;0;0;3;-3,7978082;-38,50143425;SPRF-CE;DEL01-CE;UOP02-DEL01-CE;;;
670768;31/03/2025;segunda-feira;15:00:00;BA;101;933;MUCURI;Ingest�o de �lcool pelo condutor;Colis�o frontal;Sem V�timas;Pleno dia;Decrescente;C�u Claro;Simples;Reta;Sim;2;0;0;0;2;0;0;2;-17,998135;-39,860714;SPRF-BA;DEL09-BA;UOP02-DEL09-BA;;;
670772;31/03/2025;segunda-feira;15:50:00;CE;222;4;CAUCAIA;Manobra de mudan�a de faixa;Colis�o traseira;Com V�timas Feridas;Pleno dia;Decrescente;C�u Claro;M�ltipla;Reta;N�o;2;0;0;1;1;0;1;2;-3,74182985;-38,60415459;SPRF-CE;DEL01-CE;UOP01-DEL01-CE;;;
670775;31/03/2025;segunda-feira;16:55:00;RN;101;97,6;NATAL;Acumulo de areia ou detritos sobre o pavimento;Queda de ocupante de ve�culo;Com V�timas Feridas;Pleno dia;Crescente;C�u Claro;M�ltipla;"Reta;Declive";Sim;1;0;1;0;0;0;1;1;-5,86044118;-35,214293;SPRF-RN;DEL01-RN;UOP01-DEL01-RN;;;
670776;31/03/2025;segunda-feira;15:30:00;RS;290;93;PORTO ALEGRE;Demais falhas mec�nicas ou el�tricas;Tombamento;Com V�timas Feridas;Pleno dia;Crescente;Nublado;Dupla;Reta;N�o;2;0;2;0;0;0;2;1;-29,97119484;-51,19335842;SPRF-RS;DEL01-RS;UOP01-DEL01-RS;;;
670780;31/03/2025;segunda-feira;15:55:00;AP;156;792;OIAPOQUE;Falta de elemento de conten��o que evite a sa�da do leito carro��vel;Sa�da de leito carro��vel;Sem V�timas;Pleno dia;Decrescente;Nublado;Simples;Reta;N�o;1;0;0;0;0;1;0;1;3,7768474;-51,7906767;SPRF-AP;DEL01-AP;UOP03-DEL01-AP;;;
670781;31/03/2025;segunda-feira;16:45:00;RS;116;343;SENTINELA DO SUL;Chuva;Sa�da de leito carro��vel;Com V�timas Feridas;Pleno dia;Crescente;Chuva;Dupla;Curva;N�o;1;0;1;0;0;0;1;1;-30,57172796;-51,52410436;SPRF-RS;DEL02-RS;UOP02-DEL02-RS;;;
670783;31/03/2025;segunda-feira;14:00:00;MG;262;698;ARAXA;Aus�ncia de rea��o do condutor;Sa�da de leito carro��vel;Com V�timas Feridas;Pleno dia;Decrescente;Chuva;Simples;Curva;N�o;2;0;0;1;0;1;1;2;-19,5529246;-46,878656;SPRF-MG;DEL08-MG;UOP01-DEL08-MG;;;
670784;31/03/2025;segunda-feira;15:45:00;MT;70;734;CACERES;Acesso irregular;Colis�o frontal;Com V�timas Feridas;Pleno dia;Crescente;C�u Claro;Simples;Interse��o de Vias;Sim;3;0;2;0;1;0;2;2;-16,085742;-57,69684;SPRF-MT;DEL03-MT;UOP01-DEL03-MT;;;
670785;31/03/2025;segunda-feira;17:20:00;RS;116;255;ESTEIO;Objeto est�tico sobre o leito carro��vel;Colis�o traseira;Com V�timas Feridas;Anoitecer;Decrescente;Chuva;Dupla;Reta;Sim;4;0;1;0;3;0;1;2;-29,8361934;-51,1750471;SPRF-RS;DEL01-RS;UOP02-DEL01-RS;;;
670786;31/03/2025;segunda-feira;15:05:00;AC;364;126;RIO BRANCO;Rea��o tardia ou ineficiente do condutor;Colis�o traseira;Com V�timas Feridas;Pleno dia;Decrescente;C�u Claro;Simples;Curva;Sim;2;0;0;1;1;0;1;2;-10,01335515;-67,809484;SPRF-AC;DEL01-AC;UOP01-DEL01-AC;;;
670787;31/03/2025;segunda-feira;17:40:00;SC;101;125,4;ITAJAI;Rea��o tardia ou ineficiente do condutor;Colis�o lateral mesmo sentido;Com V�timas Feridas;Anoitecer;Decrescente;C�u Claro;Simples;Curva;Sim;2;0;1;0;1;0;1;2;-26,94869874;-48,68282318;SPRF-SC;DEL04-SC;UOP04-DEL04-SC;;;
670789;31/03/2025;segunda-feira;17:31:00;GO;153;537,3;HIDROLANDIA;Acessar a via sem observar a presen�a dos outros ve�culos;Colis�o traseira;Com V�timas Feridas;Pleno dia;Decrescente;Nublado;Dupla;Retorno Regulamentado;N�o;2;0;1;0;1;0;1;2;-17,05976935;-49,22634602;SPRF-GO;DEL01-GO;UOP03-DEL01-GO;;;
670790;31/03/2025;segunda-feira;17:00:00;SC;101;100;BALNEARIO PICARRAS;Acessar a via sem observar a presen�a dos outros ve�culos;Colis�o transversal;Com V�timas Feridas;Pleno dia;Crescente;Sol;M�ltipla;Reta;Sim;2;0;1;0;1;0;1;2;-26,75726985;-48,6884129;SPRF-SC;DEL03-SC;UOP02-DEL03-SC;;;
670791;31/03/2025;segunda-feira;17:10:00;RS;392;4,1;RIO GRANDE;Rea��o tardia ou ineficiente do condutor;Colis�o traseira;Com V�timas Feridas;Pleno dia;Decrescente;Nublado;Simples;Reta;Sim;4;0;2;0;2;0;2;4;-32,07188366;-52,09746838;SPRF-RS;DEL07-RS;UOP02-DEL07-RS;;;
670792;31/03/2025;segunda-feira;15:30:00;RN;226;8;NATAL;Acessar a via sem observar a presen�a dos outros ve�culos;Colis�o traseira;Com V�timas Feridas;Pleno dia;Decrescente;C�u Claro;Simples;Curva;Sim;3;0;1;0;2;0;1;2;-5,835728;-35,279977;SPRF-RN;DEL01-RN;UOP02-DEL01-RN;;;
670794;31/03/2025;segunda-feira;16:20:00;BA;324;617;SALVADOR;Condutor deixou de manter dist�ncia do ve�culo da frente;Colis�o lateral mesmo sentido;Com V�timas Feridas;Pleno dia;Decrescente;C�u Claro;Dupla;Reta;Sim;6;0;1;0;5;0;1;5;-12,897803;-38,44954;SPRF-BA;DEL01-BA;UOP01-DEL01-BA;;;
670795;31/03/2025;segunda-feira;18:05:00;RJ;116;185;NOVA IGUACU;Condutor deixou de manter dist�ncia do ve�culo da frente;Colis�o traseira;Sem V�timas;Plena Noite;Decrescente;C�u Claro;Dupla;Reta;Sim;2;0;0;0;2;0;0;2;-22,74001515;-43,46043164;SPRF-RJ;DEL06-RJ;UOP01-DEL06-RJ;;;
670796;31/03/2025;segunda-feira;16:40:00;MS;163;477;CAMPO GRANDE;Acessar a via sem observar a presen�a dos outros ve�culos;Colis�o transversal;Com V�timas Feridas;Pleno dia;Crescente;C�u Claro;Simples;Reta;Sim;3;0;2;0;1;0;2;2;-20,49066;-54,55894;SPRF-MS;DEL01-MS;UOP01-DEL01-MS;;;
670797;31/03/2025;segunda-feira;15:25:00;RJ;101;250;SILVA JARDIM;Demais falhas mec�nicas ou el�tricas;Inc�ndio;Sem V�timas;Pleno dia;Decrescente;C�u Claro;Dupla;Reta;N�o;1;0;0;0;0;1;0;1;-22,67928229;-42,52361298;SPRF-RJ;DEL02-RJ;UOP03-DEL02-RJ;;;
670798;31/03/2025;segunda-feira;16:30:00;RJ;116;232;PIRAI;Aus�ncia de rea��o do condutor;Tombamento;Com V�timas Feridas;Pleno dia;Decrescente;Nublado;Dupla;"Declive;Curva";N�o;1;0;1;0;0;0;1;1;-22,66996136;-43,83820469;SPRF-RJ;DEL07-RJ;UOP01-DEL07-RJ;;;
670799;31/03/2025;segunda-feira;17:15:00;BA;324;622;SALVADOR;Trafegar com motocicleta (ou similar) entre as faixas;Colis�o lateral mesmo sentido;Com V�timas Feridas;Anoitecer;Decrescente;C�u Claro;Dupla;Reta;Sim;3;0;1;0;2;0;1;3;-12,930995;-38,470444;SPRF-BA;DEL01-BA;UOP01-DEL01-BA;;;
670800;31/03/2025;segunda-feira;16:30:00;MG;381;797,9;SAO GONCALO DO SAPUCAI;Demais falhas mec�nicas ou el�tricas;Inc�ndio;Sem V�timas;Pleno dia;Decrescente;Nublado;Dupla;Reta;N�o;1;0;0;0;1;0;0;1;-21,91946328;-45,59918404;SPRF-MG;DEL16-MG;UOP02-DEL16-MG;;;
670802;31/03/2025;segunda-feira;18:10:00;CE;20;402;CAUCAIA;Animais na Pista;Atropelamento de Animal;Sem V�timas;Pleno dia;Crescente;C�u Claro;Simples;Reta;N�o;2;0;0;0;2;0;0;1;-3,78359525;-38,69397012;SPRF-CE;DEL01-CE;UOP01-DEL01-CE;;;
670804;31/03/2025;segunda-feira;16:40:00;MG;40;350,1;FELIXLANDIA;Sinaliza��o mal posicionada;Colis�o traseira;Sem V�timas;Pleno dia;Decrescente;C�u Claro;Simples;Curva;N�o;2;0;0;0;2;0;0;2;-18,7259254;-44,93888855;SPRF-MG;DEL02-MG;UOP01-DEL02-MG;;;
670805;31/03/2025;segunda-feira;16:00:00;PR;373;246;GUAMIRANGA;Condutor deixou de manter dist�ncia do ve�culo da frente;Colis�o traseira;Com V�timas Feridas;Pleno dia;Decrescente;C�u Claro;Simples;Reta;Sim;2;0;1;0;1;0;1;2;-25,187601;-50,811233;SPRF-PR;DEL03-PR;UOP01-DEL03-PR;;;
670806;31/03/2025;segunda-feira;18:20:00;DF;70;16;BRASILIA;Aus�ncia de rea��o do condutor;Colis�o traseira;Sem V�timas;Anoitecer;Decrescente;Ignorado;Dupla;Rotat�ria;N�o;4;0;0;0;3;1;0;3;-15,79595437;-48,19668991;SPRF-DF;DEL03-DF;UOP02-DEL03-DF;;;
670807;31/03/2025;segunda-feira;19:00:00;GO;414;440;ANAPOLIS;Ingest�o de �lcool pelo condutor;Tombamento;Com V�timas Feridas;Plena Noite;Crescente;C�u Claro;M�ltipla;Interse��o de Vias;Sim;1;0;1;0;0;0;1;1;-16,28464408;-48,94349098;SPRF-GO;DEL02-GO;UOP01-DEL02-GO;;;
670808;31/03/2025;segunda-feira;16:10:00;RO;319;63;PORTO VELHO;Acessar a via sem observar a presen�a dos outros ve�culos;Colis�o transversal;Com V�timas Feridas;Pleno dia;Crescente;C�u Claro;Dupla;Reta;Sim;3;0;0;1;0;2;1;3;-8,75448139;-63,88710553;SPRF-RO;DEL01-RO;UOP01-DEL01-RO;;;
670809;11/02/2025;ter�a-feira;19:30:00;RJ;465;14;SEROPEDICA;Transitar na contram�o;Colis�o transversal;Com V�timas Feridas;Plena Noite;Crescente;C�u Claro;Simples;Reta;Sim;2;0;1;0;1;0;1;2;-22,804979;-43,638828;SPRF-RJ;DEL06-RJ;UOP02-DEL06-RJ;;;
670811;15/02/2025;s�bado;19:13:00;PE;232;8;RECIFE;Manobra de mudan�a de faixa;Colis�o lateral mesmo sentido;Com V�timas Feridas;Pleno dia;Decrescente;C�u Claro;M�ltipla;Reta;Sim;3;0;1;1;1;0;2;2;-8,07583727;-34,97015791;SPRF-PE;DEL01-PE;UOP01-DEL01-PE;;;
670812;31/03/2025;segunda-feira;18:55:00;MG;365;794;GURINHATA;Acostamento em desn�vel;Capotamento;Com V�timas Feridas;Plena Noite;Crescente;C�u Claro;Simples;Reta;N�o;1;0;1;0;0;0;1;1;-18,91667979;-49,87792969;SPRF-MG;DEL15-MG;UOP03-DEL15-MG;;;
670814;31/03/2025;segunda-feira;19:48:00;PR;369;73,8;SANTA MARIANA;Desrespeitar a prefer�ncia no cruzamento;Colis�o transversal;Com V�timas Feridas;Plena Noite;Crescente;C�u Claro;Simples;"Reta;Interse��o de Vias";Sim;4;0;1;0;3;0;1;2;-23,15198569;-50,52420795;SPRF-PR;DEL07-PR;UOP05-DEL07-PR;;;
670817;31/03/2025;segunda-feira;19:30:00;MG;40;532;BELO HORIZONTE;Pedestre andava na pista;Atropelamento de Pedestre;Com V�timas Feridas;Plena Noite;Decrescente;Chuva;Dupla;"Aclive;Reta";Sim;2;0;1;0;0;1;1;2;-19,924387;-44,014743;SPRF-MG;DEL01-MG;UOP02-DEL01-MG;;;
670818;31/03/2025;segunda-feira;20:20:00;RN;101;83,8;NATAL;Entrada inopinada do pedestre;Atropelamento de Pedestre;Com V�timas Feridas;Plena Noite;Decrescente;C�u Claro;Dupla;Reta;Sim;3;0;1;0;2;0;1;2;-5,7719542;-35,2634939;SPRF-RN;DEL02-RN;UOP01-DEL02-RN;;;
670819;31/03/2025;segunda-feira;19:15:00;MS;262;473;ANASTACIO;Carga excessiva e/ou mal acondicionada;Colis�o com objeto;Sem V�timas;Plena Noite;Decrescente;Nublado;Simples;"Reta;Aclive";N�o;4;0;0;0;2;2;0;2;-20,502048;-55,635484;SPRF-MS;DEL03-MS;UOP01-DEL03-MS;;;
670821;31/03/2025;segunda-feira;18:15:00;RJ;40;120;DUQUE DE CAXIAS;Trafegar com motocicleta (ou similar) entre as faixas;Colis�o lateral mesmo sentido;Com V�timas Feridas;Plena Noite;Crescente;C�u Claro;Dupla;Reta;Sim;4;0;2;0;2;0;2;3;-22,77610237;-43,28611135;SPRF-RJ;DEL01-RJ;UOP02-DEL01-RJ;;;
670824;31/03/2025;segunda-feira;17:45:00;RJ;116;142;DUQUE DE CAXIAS;Manobra de mudan�a de faixa;Colis�o lateral mesmo sentido;Com V�timas Feridas;Anoitecer;Decrescente;C�u Claro;Dupla;Reta;Sim;2;0;0;1;1;0;1;2;-22,6689024;-43,2799744;SPRF-RJ;DEL01-RJ;UOP02-DEL01-RJ;;;
670825;31/03/2025;segunda-feira;18:50:00;RS;116;241;NOVO HAMBURGO;Chuva;Sa�da de leito carro��vel;Com V�timas Feridas;Plena Noite;Crescente;Chuva;M�ltipla;"Reta;Em Obras;Declive";Sim;1;0;1;0;0;0;1;1;-29,70725248;-51,14718675;SPRF-RS;DEL01-RS;UOP02-DEL01-RS;;;
670826;31/03/2025;segunda-feira;20:00:00;RJ;101;320;SAO GONCALO;Pedestre - Ingest�o de �lcool/ subst�ncias psicoativas;Atropelamento de Pedestre;Com V�timas Feridas;Plena Noite;Decrescente;C�u Claro;Dupla;Reta;Sim;2;0;1;0;1;0;1;2;-22,84927681;-43,09974837;SPRF-RJ;DEL02-RJ;UOP01-DEL02-RJ;;;
670828;31/03/2025;segunda-feira;20:20:00;PB;230;20,9;JOAO PESSOA;Manobra de mudan�a de faixa;Colis�o lateral mesmo sentido;Com V�timas Feridas;Plena Noite;Crescente;C�u Claro;Dupla;Reta;Sim;2;0;1;0;0;1;1;2;-7,14491269;-34,85118382;SPRF-PB;DEL01-PB;UOP01-DEL01-PB;;;
670829;26/02/2025;quarta-feira;21:50:00;SC;101;331,6;TUBARAO;Acessar a via sem observar a presen�a dos outros ve�culos;Tombamento;Com V�timas Feridas;Plena Noite;Decrescente;C�u Claro;M�ltipla;Rotat�ria;Sim;2;0;1;0;1;0;1;2;-28,46600049;-48,99545962;SPRF-SC;DEL02-SC;UOP01-DEL02-SC;;;
670833;31/03/2025;segunda-feira;21:30:00;SP;381;68,3;MAIRIPORA;Rea��o tardia ou ineficiente do condutor;Colis�o com objeto;Com V�timas Feridas;Plena Noite;Decrescente;Garoa/Chuvisco;Dupla;"Curva;Declive";N�o;2;0;1;0;1;0;1;2;-23,345937;-46,566873;SPRF-SP;DEL03-SP;UOP01-DEL03-SP;;;
670834;31/03/2025;segunda-feira;22:30:00;ES;101;140,5;LINHARES;Condutor desrespeitou a ilumina��o vermelha do sem�foro;Colis�o transversal;Com V�timas Feridas;Plena Noite;Crescente;C�u Claro;Simples;Interse��o de Vias;Sim;2;0;1;0;1;0;1;2;-19,36275143;-40,06493014;SPRF-ES;DEL04-ES;UOP01-DEL04-ES;;;
670836;31/03/2025;segunda-feira;18:30:00;BA;101;860;TEIXEIRA DE FREITAS;Condutor deixou de manter dist�ncia do ve�culo da frente;Colis�o traseira;Com V�timas Fatais;Anoitecer;Crescente;C�u Claro;Simples;Reta;N�o;3;1;0;0;2;0;0;2;-17,4000326;-39,67111588;SPRF-BA;DEL09-BA;UOP02-DEL09-BA;;;
670837;31/03/2025;segunda-feira;17:10:00;PR;153;392;MALLET;Acessar a via sem observar a presen�a dos outros ve�culos;Colis�o lateral mesmo sentido;Com V�timas Feridas;Pleno dia;Crescente;Nublado;Simples;"Reta;Interse��o de Vias";Sim;2;0;0;1;1;0;1;2;-25,8976178;-50,83415681;SPRF-PR;DEL08-PR;UOP02-DEL08-PR;;;
670838;31/03/2025;segunda-feira;19:10:00;MS;163;254;DOURADOS;Demais falhas mec�nicas ou el�tricas;Inc�ndio;Sem V�timas;Plena Noite;Decrescente;C�u Claro;Dupla;Rotat�ria;Sim;1;0;0;0;1;0;0;1;-22,25874025;-54,80367595;SPRF-MS;DEL04-MS;UOP01-DEL04-MS;;;
670843;31/03/2025;segunda-feira;23:00:00;RO;364;657;CANDEIAS DO JAMARI;Animais na Pista;Atropelamento de Animal;Com V�timas Feridas;Plena Noite;Decrescente;C�u Claro;Simples;Reta;N�o;3;0;1;0;2;0;1;1;-8,85966707;-63,44487549;SPRF-RO;DEL01-RO;UOP01-DEL01-RO;;;
670845;01/04/2025;ter�a-feira;04:40:00;ES;101;159,1;LINHARES;Acessar a via sem observar a presen�a dos outros ve�culos;Colis�o transversal;Com V�timas Feridas;Amanhecer;Crescente;C�u Claro;Simples;Interse��o de Vias;N�o;2;0;1;0;1;0;1;2;-19,47016756;-40,11122162;SPRF-ES;DEL04-ES;UOP01-DEL04-ES;;;
670849;31/03/2025;segunda-feira;16:00:00;BA;101;895,8;CARAVELAS;Aus�ncia de rea��o do condutor;Capotamento;Com V�timas Feridas;Pleno dia;Decrescente;C�u Claro;Simples;"Reta;Declive";N�o;1;0;1;0;0;0;1;1;-17,692706;-39,774468;SPRF-BA;DEL09-BA;UOP02-DEL09-BA;;;
670854;01/04/2025;ter�a-feira;05:45:00;RS;471;609;SANTA VITORIA DO PALMAR;Animais na Pista;Atropelamento de Animal;Sem V�timas;Amanhecer;Decrescente;Nublado;Simples;Reta;N�o;2;0;0;0;2;0;0;1;-33,1768344;-53,00492513;SPRF-RS;DEL07-RS;UOP04-DEL07-RS;;;
670855;01/04/2025;ter�a-feira;05:50:00;PR;116;115;CURITIBA;Acessar a via sem observar a presen�a dos outros ve�culos;Colis�o lateral mesmo sentido;Com V�timas Feridas;Amanhecer;Decrescente;Nublado;M�ltipla;Reta;Sim;4;0;1;0;3;0;1;2;-25,551371;-49,304657;SPRF-PR;DEL01-PR;UOP03-DEL01-PR;;;
670856;31/03/2025;segunda-feira;23:50:00;SP;381;79;SAO PAULO;Rea��o tardia ou ineficiente do condutor;Tombamento;Com V�timas Feridas;Plena Noite;Crescente;Garoa/Chuvisco;Dupla;Reta;Sim;1;0;1;0;0;0;1;1;-23,406899;-46,580416;SPRF-SP;DEL03-SP;UOP01-DEL03-SP;;;
670857;01/04/2025;ter�a-feira;07:20:00;SC;101;205;SAO JOSE;Manobra de mudan�a de faixa;Colis�o lateral mesmo sentido;Com V�timas Feridas;Pleno dia;Crescente;C�u Claro;M�ltipla;Reta;Sim;3;0;1;0;2;0;1;3;-27,58079654;-48,61445904;SPRF-SC;DEL01-SC;UOP01-DEL01-SC;;;
670858;01/04/2025;ter�a-feira;07:30:00;PE;101;65,7;RECIFE;Aus�ncia de rea��o do condutor;Colis�o traseira;Com V�timas Feridas;Pleno dia;Crescente;Nublado;M�ltipla;Reta;Sim;3;0;1;1;1;0;2;2;-8,03299;-34,94184;SPRF-PE;DEL01-PE;UOP01-DEL01-PE;;;
670859;01/04/2025;ter�a-feira;07:20:00;PI;343;330,8;TERESINA;Demais falhas mec�nicas ou el�tricas;Tombamento;Com V�timas Feridas;Pleno dia;Crescente;Sol;Simples;Reta;N�o;2;0;2;0;0;0;2;1;-5,059576;-42,660422;SPRF-PI;DEL01-PI;UOP01-DEL01-PI;;;
670860;01/04/2025;ter�a-feira;07:40:00;RS;386;306,8;POUSO NOVO;Velocidade Incompat�vel;Colis�o frontal;Com V�timas Feridas;Pleno dia;Decrescente;Chuva;Simples;"Curva;Aclive";N�o;2;0;2;0;0;0;2;2;-29,20334;-52,18362;SPRF-RS;DEL04-RS;UOP01-DEL04-RS;;;
670862;01/04/2025;ter�a-feira;07:17:00;SC;101;174;GOVERNADOR CELSO RAMOS;Rea��o tardia ou ineficiente do condutor;Colis�o traseira;Com V�timas Feridas;Pleno dia;Crescente;C�u Claro;M�ltipla;Reta;N�o;2;0;1;0;1;0;1;2;-27,34272151;-48,62950134;SPRF-SC;DEL01-SC;UOP01-DEL01-SC;;;
670864;01/04/2025;ter�a-feira;07:25:00;PE;408;93;SAO LOURENCO DA MATA;Demais falhas mec�nicas ou el�tricas;Tombamento;Com V�timas Feridas;Pleno dia;Decrescente;Nublado;M�ltipla;Reta;N�o;2;0;1;1;0;0;2;1;-8,046724;-35,008916;SPRF-PE;DEL01-PE;UOP01-DEL01-PE;;;
670866;01/04/2025;ter�a-feira;08:04:00;RN;304;87,4;MOSSORO;Animais na Pista;Sa�da de leito carro��vel;Com V�timas Feridas;Pleno dia;Decrescente;C�u Claro;Simples;Reta;N�o;1;0;1;0;0;0;1;1;-5,3028188;-37,2810996;SPRF-RN;DEL04-RN;UOP01-DEL04-RN;;;
670867;01/04/2025;ter�a-feira;07:50:00;BA;324;598,8;SIMOES FILHO;Rea��o tardia ou ineficiente do condutor;Queda de ocupante de ve�culo;Com V�timas Feridas;Pleno dia;Crescente;C�u Claro;M�ltipla;Reta;N�o;1;0;1;0;0;0;1;1;-12,74786484;-38,43371119;SPRF-BA;DEL01-BA;UOP01-DEL01-BA;;;
670869;01/04/2025;ter�a-feira;07:40:00;PR;277;74,6;SAO JOSE DOS PINHAIS;Condutor deixou de manter dist�ncia do ve�culo da frente;Colis�o traseira;Com V�timas Feridas;Pleno dia;Crescente;C�u Claro;M�ltipla;"Viaduto;Reta";Sim;2;0;1;0;1;0;1;2;-25,495101;-49,164718;SPRF-PR;DEL01-PR;UOP07-DEL01-PR;;;
670870;31/03/2025;segunda-feira;17:50:00;RJ;101;575;PARATY;Acessar a via sem observar a presen�a dos outros ve�culos;Colis�o transversal;Com V�timas Fatais;Pleno dia;Crescente;C�u Claro;Simples;Reta;N�o;2;1;1;0;0;0;1;2;-23,22403846;-44,73253499;SPRF-RJ;DEL03-RJ;UOP04-DEL03-RJ;;;
670871;01/04/2025;ter�a-feira;07:35:00;PE;101;70,4;RECIFE;Aus�ncia de rea��o do condutor;Engavetamento;Com V�timas Feridas;Pleno dia;Decrescente;C�u Claro;Dupla;Reta;Sim;4;0;1;0;2;1;1;4;-8,07135;-34,94243;SPRF-PE;DEL01-PE;UOP01-DEL01-PE;;;
670872;01/04/2025;ter�a-feira;07:30:00;PR;272;367,8;CAMPO MOURAO;Desrespeitar a prefer�ncia no cruzamento;Colis�o transversal;Com V�timas Feridas;Pleno dia;Crescente;C�u Claro;Dupla;Reta;Sim;2;0;1;0;1;0;1;2;-24,0528858;-52,40680033;SPRF-PR;DEL09-PR;UOP03-DEL09-PR;;;
670874;01/04/2025;ter�a-feira;08:40:00;PR;277;137,6;CAMPO LARGO;Demais falhas mec�nicas ou el�tricas;Inc�ndio;Sem V�timas;Pleno dia;Crescente;C�u Claro;Simples;"Reta;Viaduto";N�o;2;0;0;0;2;0;0;1;-25,459769;-49,644371;SPRF-PR;DEL03-PR;UOP03-DEL03-PR;;;
670875;01/04/2025;ter�a-feira;08:00:00;PR;376;595;CURITIBA;Trafegar com motocicleta (ou similar) entre as faixas;Queda de ocupante de ve�culo;Com V�timas Feridas;Pleno dia;Crescente;Sol;Dupla;Reta;Sim;1;0;1;0;0;0;1;1;-25,462793;-49,357862;SPRF-PR;DEL01-PR;UOP06-DEL01-PR;;;
670876;01/04/2025;ter�a-feira;08:10:00;PR;376;598,5;CURITIBA;Trafegar com motocicleta (ou similar) entre as faixas;Colis�o traseira;Com V�timas Feridas;Pleno dia;Decrescente;Nublado;Dupla;Reta;Sim;2;0;1;0;1;0;1;2;-25,46454451;-49,35743764;SPRF-PR;DEL01-PR;UOP06-DEL01-PR;;;
670877;01/04/2025;ter�a-feira;08:42:00;PR;277;585,4;CASCAVEL;Aus�ncia de rea��o do condutor;Colis�o traseira;Com V�timas Feridas;Pleno dia;Decrescente;C�u Claro;Simples;"Reta;Aclive";Sim;2;0;2;0;0;0;2;2;-24,963802;-53,414991;SPRF-PR;DEL04-PR;UOP01-DEL04-PR;;;
670879;28/03/2025;sexta-feira;22:05:00;SC;282;480;FAXINAL DOS GUEDES;Aus�ncia de sinaliza��o;Colis�o com objeto;Com V�timas Feridas;Plena Noite;Crescente;Garoa/Chuvisco;Simples;"Interse��o de Vias;Rotat�ria";N�o;1;0;0;1;0;0;1;1;-26,87817655;-52,18815738;SPRF-SC;DEL07-SC;UOP01-DEL07-SC;;;
670880;12/03/2025;quarta-feira;07:10:00;RJ;101;393;ITAGUAI;Rea��o tardia ou ineficiente do condutor;Colis�o traseira;Com V�timas Feridas;Pleno dia;Crescente;C�u Claro;Dupla;Reta;N�o;2;0;1;0;0;1;1;2;-22,87617519;-43,74000549;SPRF-RJ;DEL03-RJ;UOP01-DEL03-RJ;;;
670882;01/04/2025;ter�a-feira;06:40:00;MG;116;616,2;ORIZANIA;Convers�o proibida;Colis�o transversal;Com V�timas Feridas;Pleno dia;Decrescente;C�u Claro;Simples;Reta;Sim;2;0;1;0;0;1;1;2;-20,47508439;-42,18048334;SPRF-MG;DEL07-MG;UOP02-DEL07-MG;;;
670883;01/04/2025;ter�a-feira;09:40:00;PB;230;9,8;CABEDELO;Acostamento em desn�vel;Tombamento;Com V�timas Feridas;Pleno dia;Decrescente;Sol;Dupla;Reta;Sim;2;0;2;0;0;0;2;1;-7,058369;-34,8510058;SPRF-PB;DEL01-PB;UOP01-DEL01-PB;;;