id;data_inversa;dia_semana;horario;uf;br;km;municipio;causa_acidente;tipo_acidente;classificacao_acidente;fase_dia;sentido_via;condicao_metereologica;tipo_pista;tracado_via;uso_solo;pessoas;mortos;feridos_leves;feridos_graves;ilesos;ignorados;feridos;veiculos;latitude;longitude;regional;delegacia;uop;;;
670884;01/04/2025;ter�a-feira;09:00:00;RS;386;259,2;FONTOURA XAVIER;Objeto est�tico sobre o leito carro��vel;Colis�o com objeto;Com V�timas Feridas;Pleno dia;Decrescente;Nublado;Simples;Reta;N�o;1;0;1;0;0;0;1;1;-28,88977294;-52,41609335;SPRF-RS;DEL04-RS;UOP03-DEL04-RS;;;
670886;28/03/2025;sexta-feira;20:20:00;BA;116;632;JAGUAQUARA;Pedestre cruzava a pista fora da faixa;Atropelamento de Pedestre;Com V�timas Feridas;Plena Noite;Crescente;C�u Claro;Simples;Reta;N�o;2;0;1;0;0;1;1;2;-13,51651911;-40,05809641;SPRF-BA;DEL03-BA;UOP01-DEL03-BA;;;
670887;01/04/2025;ter�a-feira;08:05:00;RO;364;341;JI-PARANA;Retorno proibido;Colis�o transversal;Com V�timas Feridas;Pleno dia;Decrescente;C�u Claro;Simples;Reta;Sim;2;0;2;0;0;0;2;2;-10,88602109;-61,93453431;SPRF-RO;DEL02-RO;UOP01-DEL02-RO;;;
670888;01/04/2025;ter�a-feira;09:50:00;AL;316;156,3;PALMEIRA DOS INDIOS;Acesso irregular;Colis�o lateral mesmo sentido;Com V�timas Feridas;Pleno dia;Crescente;Nublado;Simples;Curva;Sim;3;0;3;0;0;0;3;2;-9,4222013;-36,622357;SPRF-AL;DEL03-AL;UOP01-DEL03-AL;;;
670889;30/03/2025;domingo;14:30:00;MT;364;376;SANTO ANTONIO DO LEVERGER;Avarias e/ou desgaste excessivo no pneu;Sa�da de leito carro��vel;Com V�timas Feridas;Pleno dia;Decrescente;Nublado;Dupla;Curva;N�o;1;0;1;0;0;0;1;1;-15,70428543;-55,73430777;SPRF-MT;DEL01-MT;UOP02-DEL01-MT;;;
670893;01/04/2025;ter�a-feira;11:30:00;PE;104;67;CARUARU;Aus�ncia de rea��o do condutor;Colis�o traseira;Com V�timas Feridas;Pleno dia;Decrescente;C�u Claro;Dupla;Reta;Sim;2;0;1;0;1;0;1;2;-8,302386;-35,988715;SPRF-PE;DEL02-PE;UOP01-DEL02-PE;;;
670894;01/04/2025;ter�a-feira;11:30:00;SC;101;151;ITAPEMA;Condutor deixou de manter dist�ncia do ve�culo da frente;Colis�o traseira;Com V�timas Feridas;Pleno dia;Crescente;C�u Claro;Dupla;Reta;Sim;3;0;1;0;2;0;1;2;-27,12708316;-48,60980272;SPRF-SC;DEL04-SC;UOP03-DEL04-SC;;;
670896;01/04/2025;ter�a-feira;08:30:00;SP;116;54;LORENA;Demais falhas na via;Colis�o com objeto;Sem V�timas;Pleno dia;Decrescente;C�u Claro;Dupla;Reta;Sim;2;0;0;0;2;0;0;1;-22,76098617;-45,12084961;SPRF-SP;DEL08-SP;UOP02-DEL08-SP;;;
670898;01/04/2025;ter�a-feira;11:20:00;CE;222;225,2;SOBRAL;Condutor deixou de manter dist�ncia do ve�culo da frente;Colis�o traseira;Com V�timas Feridas;Pleno dia;Crescente;C�u Claro;Simples;Reta;Sim;2;0;1;0;0;1;1;2;-3,70786402;-40,35386497;SPRF-CE;DEL04-CE;UOP01-DEL04-CE;;;
670900;01/04/2025;ter�a-feira;12:30:00;SP;381;78;SAO PAULO;Pedestre cruzava a pista fora da faixa;Atropelamento de Pedestre;Com V�timas Feridas;Pleno dia;Crescente;C�u Claro;Dupla;"Declive;Curva";N�o;2;0;0;1;1;0;1;2;-23,40432952;-46,57659877;SPRF-SP;DEL03-SP;UOP01-DEL03-SP;;;
670901;01/04/2025;ter�a-feira;12:00:00;SC;101;25,3;JOINVILLE;Acessar a via sem observar a presen�a dos outros ve�culos;Colis�o transversal;Com V�timas Feridas;Pleno dia;Decrescente;Nublado;Simples;Rotat�ria;Sim;4;0;2;0;2;0;2;3;-26,18175198;-48,90932622;SPRF-SC;DEL03-SC;UOP01-DEL03-SC;;;
670902;01/04/2025;ter�a-feira;13:00:00;SP;381;38;ATIBAIA;Manobra de mudan�a de faixa;Colis�o lateral mesmo sentido;Com V�timas Feridas;Pleno dia;Decrescente;C�u Claro;M�ltipla;Reta;N�o;2;0;1;0;1;0;1;2;-23,15930069;-46,57344818;SPRF-SP;DEL03-SP;UOP01-DEL03-SP;;;
670903;01/04/2025;ter�a-feira;09:00:00;SC;280;92;RIO NEGRINHO;Aus�ncia de rea��o do condutor;Queda de ocupante de ve�culo;Com V�timas Feridas;Pleno dia;Crescente;C�u Claro;Simples;Reta;N�o;1;0;1;0;0;0;1;1;-26,26165671;-49,54845907;SPRF-SC;DEL06-SC;UOP03-DEL06-SC;;;
670906;01/04/2025;ter�a-feira;12:20:00;PR;158;404,6;LARANJEIRAS DO SUL;Rea��o tardia ou ineficiente do condutor;Sa�da de leito carro��vel;Com V�timas Feridas;Pleno dia;Crescente;Garoa/Chuvisco;Simples;Curva;Sim;2;0;2;0;0;0;2;1;-25,36957001;-52,3913151;SPRF-PR;DEL04-PR;UOP02-DEL04-PR;;;
670907;01/04/2025;ter�a-feira;13:30:00;RJ;116;183;RIO DE JANEIRO;Aus�ncia de rea��o do condutor;Colis�o traseira;Com V�timas Feridas;Pleno dia;Crescente;C�u Claro;Dupla;Reta;Sim;3;0;2;0;1;0;2;2;-22,8044277;-43,3451216;SPRF-RJ;DEL06-RJ;UOP01-DEL06-RJ;;;
670908;01/04/2025;ter�a-feira;13:30:00;SC;101;188,1;BIGUACU;Demais falhas mec�nicas ou el�tricas;Tombamento;Com V�timas Feridas;Pleno dia;Crescente;C�u Claro;Dupla;Reta;Sim;1;0;1;0;0;0;1;1;-27,45250376;-48,63429666;SPRF-SC;DEL01-SC;UOP01-DEL01-SC;;;
670910;01/04/2025;ter�a-feira;13:00:00;MG;146;482,2;POCOS DE CALDAS;Demais falhas mec�nicas ou el�tricas;Capotamento;Com V�timas Feridas;Pleno dia;Crescente;C�u Claro;Simples;Reta;N�o;1;0;1;0;0;0;1;1;-21,794397;-46,444042;SPRF-MG;DEL09-MG;UOP01-DEL09-MG;;;
670912;01/04/2025;ter�a-feira;13:35:00;SC;280;57,1;GUARAMIRIM;Acessar a via sem observar a presen�a dos outros ve�culos;Colis�o traseira;Com V�timas Feridas;Pleno dia;Decrescente;C�u Claro;Simples;Reta;N�o;2;0;1;0;1;0;1;2;-26,476127;-49,016299;SPRF-SC;DEL03-SC;UOP03-DEL03-SC;;;
670915;01/04/2025;ter�a-feira;13:45:00;SC;101;199,9;SAO JOSE;Rea��o tardia ou ineficiente do condutor;Colis�o traseira;Com V�timas Feridas;Pleno dia;Crescente;C�u Claro;M�ltipla;Reta;Sim;2;0;1;0;1;0;1;2;-27,538544;-48,624746;SPRF-SC;DEL01-SC;UOP01-DEL01-SC;;;
670916;01/04/2025;ter�a-feira;09:10:00;RJ;40;5;COMENDADOR LEVY GASPARIAN;Demais falhas mec�nicas ou el�tricas;Inc�ndio;Sem V�timas;Pleno dia;Decrescente;C�u Claro;Dupla;Reta;N�o;3;0;0;0;3;0;0;1;-22,0145198;-43,23540688;SPRF-RJ;DEL05-RJ;UOP02-DEL05-RJ;;;
670917;01/04/2025;ter�a-feira;13:40:00;SP;381;85;SAO PAULO;Rea��o tardia ou ineficiente do condutor;Colis�o com objeto;Com V�timas Feridas;Pleno dia;Decrescente;C�u Claro;M�ltipla;Reta;Sim;1;0;1;0;0;0;1;1;-23,45607742;-46,57112765;SPRF-SP;DEL03-SP;UOP01-DEL03-SP;;;
670918;01/04/2025;ter�a-feira;14:10:00;AL;316;152,5;PALMEIRA DOS INDIOS;Desrespeitar a prefer�ncia no cruzamento;Colis�o transversal;Com V�timas Feridas;Pleno dia;Crescente;Nublado;Simples;Interse��o de Vias;N�o;2;0;1;0;1;0;1;2;-9,429067;-36,653348;SPRF-AL;DEL03-AL;UOP01-DEL03-AL;;;
670919;01/04/2025;ter�a-feira;14:00:00;PE;232;406,1;SERRA TALHADA;Objeto est�tico sobre o leito carro��vel;Colis�o com objeto;Com V�timas Feridas;Pleno dia;Crescente;Sol;Simples;Aclive;N�o;1;0;1;0;0;0;1;1;-7,9874422;-38,2612563;SPRF-PE;DEL04-PE;UOP01-DEL04-PE;;;
670922;01/04/2025;ter�a-feira;15:15:00;SP;116;201;ARUJA;Aus�ncia de rea��o do condutor;Colis�o com objeto;Com V�timas Feridas;Pleno dia;Decrescente;C�u Claro;Dupla;"Retorno Regulamentado;Curva;Interse��o de Vias;Declive";N�o;1;0;1;0;0;0;1;1;-23,403833;-46,328558;SPRF-SP;DEL01-SP;UOP01-DEL01-SP;;;
670923;01/04/2025;ter�a-feira;07:50:00;SC;101;118,4;ITAJAI;Rea��o tardia ou ineficiente do condutor;Tombamento;Com V�timas Feridas;Pleno dia;Crescente;C�u Claro;M�ltipla;Reta;Sim;1;0;1;0;0;0;1;1;-26,89343549;-48,72022605;SPRF-SC;DEL04-SC;UOP04-DEL04-SC;;;
670924;01/04/2025;ter�a-feira;15:25:00;MG;40;477;SETE LAGOAS;Rea��o tardia ou ineficiente do condutor;Colis�o lateral sentido oposto;Com V�timas Feridas;Pleno dia;Crescente;C�u Claro;Simples;"Interse��o de Vias;Reta";N�o;2;0;1;0;1;0;1;2;-19,51766;-44,26606;SPRF-MG;DEL02-MG;UOP01-DEL02-MG;;;
670925;01/04/2025;ter�a-feira;08:30:00;RJ;101;384;ITAGUAI;Acessar a via sem observar a presen�a dos outros ve�culos;Atropelamento de Pedestre;Com V�timas Feridas;Pleno dia;Decrescente;C�u Claro;M�ltipla;Reta;N�o;2;0;2;0;0;0;2;2;-22,8589042;-43,759113;SPRF-RJ;DEL03-RJ;UOP01-DEL03-RJ;;;
670926;01/04/2025;ter�a-feira;14:44:00;ES;101;288,4;CARIACICA;Aus�ncia de rea��o do condutor;Sa�da de leito carro��vel;Com V�timas Feridas;Pleno dia;Crescente;Sol;Dupla;Reta;Sim;2;0;2;0;0;0;2;1;-20,274991;-40,392349;SPRF-ES;DEL01-ES;UOP01-DEL01-ES;;;
670928;31/03/2025;segunda-feira;20:00:00;PR;158;530,5;PATO BRANCO;Rea��o tardia ou ineficiente do condutor;Sa�da de leito carro��vel;Sem V�timas;Plena Noite;Decrescente;C�u Claro;Simples;Reta;Sim;1;0;0;0;0;1;0;1;-26,200283;-52,676092;SPRF-PR;DEL02-PR;UOP01-DEL02-PR;;;
670933;01/04/2025;ter�a-feira;12:15:00;RS;101;15,2;DOM PEDRO DE ALCANTARA;Aus�ncia de rea��o do condutor;Sa�da de leito carro��vel;Com V�timas Feridas;Pleno dia;Crescente;Chuva;Dupla;Curva;N�o;1;0;1;0;0;0;1;1;-29,4028711;-49,85675901;SPRF-RS;DEL03-RS;UOP02-DEL03-RS;;;
670937;01/04/2025;ter�a-feira;15:10:00;RN;101;79;SAO GONCALO DO AMARANTE;Rea��o tardia ou ineficiente do condutor;Colis�o lateral mesmo sentido;Com V�timas Feridas;Pleno dia;Crescente;C�u Claro;Dupla;Reta;Sim;2;0;0;1;0;1;1;2;-5,75352324;-35,28891754;SPRF-RN;DEL02-RN;UOP01-DEL02-RN;;;
670941;01/04/2025;ter�a-feira;16:50:00;MG;40;517;RIBEIRAO DAS NEVES;Desrespeitar a prefer�ncia no cruzamento;Colis�o transversal;Com V�timas Feridas;Pleno dia;Crescente;C�u Claro;Dupla;Retorno Regulamentado;Sim;2;0;1;0;1;0;1;2;-19,83800426;-44,07817726;SPRF-MG;DEL01-MG;UOP02-DEL01-MG;;;
670943;01/04/2025;ter�a-feira;16:50:00;CE;116;20;EUSEBIO;Aus�ncia de rea��o do condutor;Colis�o lateral mesmo sentido;Com V�timas Feridas;Pleno dia;Decrescente;C�u Claro;Dupla;Reta;N�o;2;0;1;0;1;0;1;2;-3,9235883;-38,5065073;SPRF-CE;DEL01-CE;UOP02-DEL01-CE;;;
670944;01/04/2025;ter�a-feira;16:30:00;SP;116;216;GUARULHOS;Rea��o tardia ou ineficiente do condutor;Colis�o com objeto;Com V�timas Feridas;Pleno dia;Crescente;Nublado;M�ltipla;"Reta;Declive";N�o;3;0;0;1;1;1;1;3;-23,45199137;-46,46681964;SPRF-SP;DEL01-SP;UOP01-DEL01-SP;;;
670945;08/03/2025;s�bado;08:35:00;SP;101;36;UBATUBA;Aus�ncia de rea��o do condutor;Colis�o lateral mesmo sentido;Com V�timas Feridas;Pleno dia;Decrescente;C�u Claro;Simples;Reta;N�o;2;0;2;0;0;0;2;2;-23,39551788;-45,01373291;SPRF-SP;DEL06-SP;UOP01-DEL06-SP;;;
670949;01/04/2025;ter�a-feira;17:00:00;RS;116;250;SAO LEOPOLDO;Transitar na contram�o;Colis�o frontal;Com V�timas Feridas;Pleno dia;Crescente;Nublado;Dupla;"Viaduto;Curva";Sim;2;0;1;0;1;0;1;2;-29,78748721;-51,16493432;SPRF-RS;DEL01-RS;UOP02-DEL01-RS;;;
670950;01/04/2025;ter�a-feira;14:40:00;PR;376;519,8;PONTA GROSSA;Avarias e/ou desgaste excessivo no pneu;Sa�da de leito carro��vel;Com V�timas Feridas;Pleno dia;Decrescente;Chuva;Dupla;"Reta;Declive";N�o;3;0;0;1;2;0;1;1;-25,25960065;-49,98041153;SPRF-PR;DEL03-PR;UOP04-DEL03-PR;;;
670951;01/04/2025;ter�a-feira;17:25:00;CE;222;241,8;SOBRAL;Manobra de mudan�a de faixa;Colis�o transversal;Com V�timas Feridas;Pleno dia;Decrescente;C�u Claro;Simples;Reta;N�o;2;0;1;0;1;0;1;2;-3,74116023;-40,49568946;SPRF-CE;DEL04-CE;UOP01-DEL04-CE;;;
670953;01/04/2025;ter�a-feira;17:40:00;GO;40;4;VALPARAISO DE GOIAS;Manobra de mudan�a de faixa;Colis�o lateral mesmo sentido;Com V�timas Feridas;Pleno dia;Crescente;C�u Claro;Dupla;Reta;Sim;4;0;1;0;3;0;1;3;-16,091;-47,984;SPRF-DF;DEL01-DF;UOP01-DEL01-DF;;;
670956;01/04/2025;ter�a-feira;16:46:00;RO;319;58,3;PORTO VELHO;Ultrapassagem Indevida;Colis�o lateral mesmo sentido;Com V�timas Feridas;Pleno dia;Crescente;C�u Claro;Dupla;Interse��o de Vias;Sim;2;0;1;0;1;0;1;2;-8,74331803;-63,91289413;SPRF-RO;DEL01-RO;UOP01-DEL01-RO;;;
670957;01/04/2025;ter�a-feira;16:50:00;PR;153;330;IRATI;Acessar a via sem observar a presen�a dos outros ve�culos;Colis�o lateral mesmo sentido;Com V�timas Feridas;Pleno dia;Decrescente;Nublado;Dupla;Reta;Sim;2;0;0;1;1;0;1;2;-25,456543;-50,620301;SPRF-PR;DEL08-PR;UOP02-DEL08-PR;;;
670958;01/04/2025;ter�a-feira;09:15:00;AC;364;274;SENA MADUREIRA;Aus�ncia de rea��o do condutor;Colis�o traseira;Com V�timas Feridas;Pleno dia;Decrescente;Nublado;Simples;"Reta;Declive";Sim;3;0;1;0;2;0;1;2;-9,0785658;-68,6754682;SPRF-AC;DEL01-AC;UOP01-DEL01-AC;;;
670959;01/04/2025;ter�a-feira;17:45:00;MS;163;486,6;CAMPO GRANDE;Acessar a via sem observar a presen�a dos outros ve�culos;Colis�o transversal;Com V�timas Feridas;Pleno dia;Crescente;C�u Claro;Simples;Reta;Sim;2;0;1;0;1;0;1;2;-20,428014;-54,544783;SPRF-MS;DEL01-MS;UOP02-DEL01-MS;;;
670960;01/04/2025;ter�a-feira;18:45:00;SC;282;16,4;PALHOCA;Acesso irregular;Colis�o transversal;Com V�timas Feridas;Anoitecer;Crescente;C�u Claro;Simples;Reta;N�o;3;0;2;0;1;0;2;2;-27,68094387;-48,70479584;SPRF-SC;DEL01-SC;UOP02-DEL01-SC;;;
670961;01/04/2025;ter�a-feira;17:30:00;MS;163;265;DOURADOS;Condutor deixou de manter dist�ncia do ve�culo da frente;Colis�o traseira;Com V�timas Feridas;Anoitecer;Crescente;C�u Claro;Dupla;Reta;Sim;2;0;1;0;1;0;1;2;-22,21890346;-54,72336173;SPRF-MS;DEL04-MS;UOP01-DEL04-MS;;;
670962;01/04/2025;ter�a-feira;18:00:00;RN;110;46,5;MOSSORO;Acessar a via sem observar a presen�a dos outros ve�culos;Colis�o transversal;Com V�timas Feridas;Plena Noite;Crescente;C�u Claro;Simples;Rotat�ria;Sim;2;0;1;0;1;0;1;2;-5,2011128;-37,3238926;SPRF-RN;DEL04-RN;UOP01-DEL04-RN;;;
670965;01/04/2025;ter�a-feira;19:00:00;MG;459;58;IPUIUNA;Acessar a via sem observar a presen�a dos outros ve�culos;Colis�o transversal;Com V�timas Feridas;Plena Noite;Decrescente;C�u Claro;Simples;"Reta;Interse��o de Vias";N�o;4;0;0;1;1;2;1;3;-22,084345;-46,233574;SPRF-MG;DEL09-MG;UOP01-DEL09-MG;;;
670966;01/04/2025;ter�a-feira;15:40:00;MG;50;56;UBERLANDIA;Velocidade Incompat�vel;Sa�da de leito carro��vel;Com V�timas Feridas;Pleno dia;Crescente;Sol;Dupla;"Reta;Aclive";N�o;1;0;1;0;0;0;1;1;-18,79711801;-48,23547363;SPRF-MG;DEL15-MG;UOP02-DEL15-MG;;;
670969;01/04/2025;ter�a-feira;18:40:00;MG;381;429,2;SABARA;Rea��o tardia ou ineficiente do condutor;Capotamento;Com V�timas Feridas;Plena Noite;Crescente;C�u Claro;Simples;Curva;N�o;1;0;1;0;0;0;1;1;-19,78738018;-43,6899662;SPRF-MG;DEL01-MG;UOP01-DEL01-MG;;;
670970;01/04/2025;ter�a-feira;18:36:00;ES;101;292,5;CARIACICA;Desrespeitar a prefer�ncia no cruzamento;Colis�o transversal;Com V�timas Feridas;Plena Noite;Crescente;Nublado;Dupla;"Reta;Retorno Regulamentado";Sim;2;0;1;0;1;0;1;2;-20,30610061;-40,39505151;SPRF-ES;DEL01-ES;UOP01-DEL01-ES;;;
670971;01/04/2025;ter�a-feira;18:20:00;MG;262;39,1;MANHUACU;Convers�o proibida;Colis�o transversal;Com V�timas Feridas;Plena Noite;Crescente;C�u Claro;Simples;Curva;Sim;2;0;1;0;1;0;1;2;-20,2758479;-42,05409944;SPRF-MG;DEL06-MG;UOP03-DEL06-MG;;;
670972;01/04/2025;ter�a-feira;19:50:00;SP;116;450;REGISTRO;Manobra de mudan�a de faixa;Colis�o lateral mesmo sentido;Com V�timas Feridas;Plena Noite;Crescente;C�u Claro;Dupla;Reta;N�o;2;0;1;0;1;0;1;2;-24,524066;-47,854752;SPRF-SP;DEL05-SP;UOP01-DEL05-SP;;;
670973;01/04/2025;ter�a-feira;19:35:00;PB;101;88,8;JOAO PESSOA;Velocidade Incompat�vel;Tombamento;Com V�timas Feridas;Plena Noite;Crescente;Chuva;Dupla;Interse��o de Vias;Sim;1;0;1;0;0;0;1;1;-7,16911288;-34,89703417;SPRF-PB;DEL01-PB;UOP01-DEL01-PB;;;
670976;01/04/2025;ter�a-feira;18:15:00;PE;101;24,5;GOIANA;Acumulo de �gua sobre o pavimento;Sa�da de leito carro��vel;Com V�timas Feridas;Anoitecer;Decrescente;Chuva;Dupla;Aclive;N�o;3;0;3;0;0;0;3;1;-7,65842468;-34,93987083;SPRF-PE;DEL01-PE;UOP02-DEL01-PE;;;
670981;01/04/2025;ter�a-feira;20:30:00;MG;262;166,7;SAO DOMINGOS DO PRATA;Rea��o tardia ou ineficiente do condutor;Queda de ocupante de ve�culo;Com V�timas Feridas;Plena Noite;Decrescente;Nublado;Simples;Curva;N�o;1;0;0;1;0;0;1;1;-19,95810283;-42,8930163;SPRF-MG;DEL03-MG;UOP03-DEL03-MG;;;
670985;01/04/2025;ter�a-feira;18:30:00;SC;470;105;APIUNA;Transitar no Acostamento;Colis�o transversal;Com V�timas Feridas;Anoitecer;Decrescente;Nublado;Simples;Reta;Sim;3;0;1;1;1;0;2;2;-27,07317425;-49,42301095;SPRF-SC;DEL04-SC;UOP02-DEL04-SC;;;
670986;01/04/2025;ter�a-feira;21:48:00;ES;262;87,9;DOMINGOS MARTINS;Ultrapassagem Indevida;Colis�o frontal;Com V�timas Fatais;Plena Noite;Crescente;C�u Claro;Simples;Reta;N�o;4;1;2;1;0;0;3;2;-20,391672;-41,009276;SPRF-ES;DEL01-ES;UOP02-DEL01-ES;;;
670990;01/04/2025;ter�a-feira;22:20:00;MG;381;519;IGARAPE;Avarias e/ou desgaste excessivo no pneu;Queda de ocupante de ve�culo;Com V�timas Feridas;Plena Noite;Decrescente;C�u Claro;Dupla;"Reta;Declive";N�o;2;0;2;0;0;0;2;1;-20,109417;-44,317202;SPRF-MG;DEL01-MG;UOP03-DEL01-MG;;;
670991;01/04/2025;ter�a-feira;18:30:00;PR;369;98;CORNELIO PROCOPIO;Velocidade Incompat�vel;Sa�da de leito carro��vel;Sem V�timas;Anoitecer;Decrescente;C�u Claro;Dupla;Reta;N�o;1;0;0;0;1;0;0;1;-23,24331033;-50,70908457;SPRF-PR;DEL07-PR;UOP05-DEL07-PR;;;
670992;01/04/2025;ter�a-feira;10:40:00;RS;116;659;JAGUARAO;Ultrapassagem Indevida;Colis�o transversal;Com V�timas Feridas;Pleno dia;Crescente;C�u Claro;Simples;Reta;Sim;2;0;1;0;1;0;1;2;-32,56238279;-53,38312451;SPRF-RS;DEL07-RS;UOP03-DEL07-RS;;;
670993;01/04/2025;ter�a-feira;21:45:00;RJ;356;187;SAO JOAO DA BARRA;Aus�ncia de rea��o do condutor;Colis�o frontal;Com V�timas Feridas;Plena Noite;Crescente;C�u Claro;Simples;"Reta;Interse��o de Vias";Sim;3;0;1;1;1;0;2;2;-21,627543;-41,023301;SPRF-RJ;DEL08-RJ;UOP02-DEL08-RJ;;;
670994;01/04/2025;ter�a-feira;22:30:00;PR;277;153;BALSA NOVA;Aus�ncia de rea��o do condutor;Derramamento de carga;Com V�timas Feridas;Pleno dia;Crescente;Nublado;Dupla;Curva;N�o;1;0;0;1;0;0;1;1;-25,46427692;-49,75836754;SPRF-PR;DEL03-PR;UOP03-DEL03-PR;;;
670995;01/04/2025;ter�a-feira;23:00:00;RJ;116;181;NOVA IGUACU;Demais falhas mec�nicas ou el�tricas;Queda de ocupante de ve�culo;Com V�timas Feridas;Plena Noite;Crescente;C�u Claro;Dupla;Reta;N�o;1;0;1;0;0;0;1;1;-22,7636765;-43,4180123;SPRF-RJ;DEL06-RJ;UOP01-DEL06-RJ;;;
670996;01/04/2025;ter�a-feira;18:20:00;MT;364;203;RONDONOPOLIS;Condutor deixou de manter dist�ncia do ve�culo da frente;Engavetamento;Com V�timas Feridas;Plena Noite;Crescente;Ignorado;Dupla;Aclive;Sim;5;0;1;0;3;1;1;4;-16,468753;-54,656533;SPRF-MT;DEL02-MT;UOP01-DEL02-MT;;;
670997;01/04/2025;ter�a-feira;23:15:00;GO;153;492;GOIANIA;Acessar a via sem observar a presen�a dos outros ve�culos;Atropelamento de Pedestre;Com V�timas Feridas;Plena Noite;Decrescente;C�u Claro;Dupla;Reta;Sim;2;0;1;0;1;0;1;2;-16,63332284;-49,20509219;SPRF-GO;DEL01-GO;UOP01-DEL01-GO;;;
670998;01/04/2025;ter�a-feira;22:00:00;PR;277;65,8;SAO JOSE DOS PINHAIS;Rea��o tardia ou ineficiente do condutor;Tombamento;Com V�timas Feridas;Plena Noite;Decrescente;Nublado;Dupla;Reta;N�o;1;0;1;0;0;0;1;1;-25,55401488;-49,03357029;SPRF-PR;DEL01-PR;UOP01-DEL01-PR;;;
670999;01/04/2025;ter�a-feira;21:51:00;PB;104;115;LAGOA SECA;Condutor deixou de manter dist�ncia do ve�culo da frente;Colis�o traseira;Com V�timas Feridas;Plena Noite;Decrescente;Nevoeiro/Neblina;Simples;Reta;N�o;3;0;1;0;2;0;1;2;-7,17221898;-35,85988998;SPRF-PB;DEL02-PB;UOP04-DEL02-PB;;;
671004;01/04/2025;ter�a-feira;23:30:00;PR;376;176;MARINGA;Rea��o tardia ou ineficiente do condutor;Colis�o traseira;Com V�timas Feridas;Plena Noite;Decrescente;C�u Claro;M�ltipla;Reta;Sim;2;0;1;0;1;0;1;2;-23,41082;-51,93592;SPRF-PR;DEL09-PR;UOP01-DEL09-PR;;;
671007;01/04/2025;ter�a-feira;21:35:00;BA;116;426;FEIRA DE SANTANA;Rea��o tardia ou ineficiente do condutor;Atropelamento de Pedestre;Com V�timas Feridas;Plena Noite;Decrescente;C�u Claro;Dupla;Reta;Sim;3;0;0;3;0;0;3;2;-12,25208411;-38,98873374;SPRF-BA;DEL02-BA;UOP01-DEL02-BA;;;
671008;02/04/2025;quarta-feira;01:40:00;RS;158;321;SANTA MARIA;Rea��o tardia ou ineficiente do condutor;Colis�o com objeto;Sem V�timas;Plena Noite;Crescente;C�u Claro;Dupla;Rotat�ria;Sim;1;0;0;0;0;1;0;1;-29,6950831;-53,7757248;SPRF-RS;DEL09-RS;UOP01-DEL09-RS;;;
671010;02/04/2025;quarta-feira;01:30:00;MG;262;448;NOVA SERRANA;Demais falhas mec�nicas ou el�tricas;Inc�ndio;Sem V�timas;Plena Noite;Crescente;C�u Claro;Simples;Reta;Sim;1;0;0;0;1;0;0;1;-19,85576209;-45,01701593;SPRF-MG;DEL08-MG;UOP03-DEL08-MG;;;
671014;02/04/2025;quarta-feira;03:00:00;SP;116;198;ARUJA;Condutor Dormindo;Colis�o com objeto;Com V�timas Feridas;Plena Noite;Crescente;Nublado;Dupla;Curva;N�o;3;0;2;0;1;0;2;1;-23,392905;-46,296382;SPRF-SP;DEL01-SP;UOP01-DEL01-SP;;;
671023;02/04/2025;quarta-feira;06:30:00;SC;280;57;GUARAMIRIM;Rea��o tardia ou ineficiente do condutor;Capotamento;Sem V�timas;Amanhecer;Decrescente;Sol;Dupla;Rotat�ria;Sim;1;0;0;0;1;0;0;1;-26,47465;-49,02017;SPRF-SC;DEL03-SC;UOP03-DEL03-SC;;;
671024;02/04/2025;quarta-feira;06:49:00;PB;101;81;BAYEUX;Demais falhas na via;Colis�o lateral mesmo sentido;Com V�timas Feridas;Pleno dia;Crescente;Sol;Dupla;Reta;Sim;2;0;2;0;0;0;2;2;-7,126406;-34,94264;SPRF-PB;DEL01-PB;UOP01-DEL01-PB;;;
671025;02/04/2025;quarta-feira;02:00:00;SC;101;124,1;ITAJAI;Demais falhas mec�nicas ou el�tricas;Queda de ocupante de ve�culo;Com V�timas Feridas;Anoitecer;Crescente;Ignorado;M�ltipla;Reta;N�o;2;0;2;0;0;0;2;1;-26,93966684;-48,69554758;SPRF-SC;DEL04-SC;UOP04-DEL04-SC;;;
671026;02/04/2025;quarta-feira;07:00:00;SC;101;213;PALHOCA;Aus�ncia de rea��o do condutor;Colis�o com objeto;Com V�timas Feridas;Pleno dia;Decrescente;C�u Claro;M�ltipla;"Reta;Interse��o de Vias;Declive";Sim;2;0;2;0;0;0;2;1;-27,636967;-48,664792;SPRF-SC;DEL01-SC;UOP02-DEL01-SC;;;
671027;02/04/2025;quarta-feira;06:25:00;ES;101;141,9;LINHARES;Rea��o tardia ou ineficiente do condutor;Atropelamento de Animal;Com V�timas Feridas;Pleno dia;Decrescente;C�u Claro;Dupla;Reta;N�o;1;0;1;0;0;0;1;1;-19,33477085;-40,06725485;SPRF-ES;DEL04-ES;UOP01-DEL04-ES;;;
671028;02/04/2025;quarta-feira;06:00:00;MG;381;700;LAVRAS;Acessar a via sem observar a presen�a dos outros ve�culos;Tombamento;Com V�timas Feridas;Pleno dia;Crescente;Nublado;Dupla;Reta;N�o;1;0;1;0;0;0;1;1;-21,280098;-45,140112;SPRF-MG;DEL04-MG;UOP02-DEL04-MG;;;