id;data_inversa;dia_semana;horario;uf;br;km;municipio;causa_acidente;tipo_acidente;classificacao_acidente;fase_dia;sentido_via;condicao_metereologica;tipo_pista;tracado_via;uso_solo;pessoas;mortos;feridos_leves;feridos_graves;ilesos;ignorados;feridos;veiculos;latitude;longitude;regional;delegacia;uop;;;
671029;02/04/2025;quarta-feira;07:15:00;GO;40;7,7;VALPARAISO DE GOIAS;Condutor deixou de manter dist�ncia do ve�culo da frente;Colis�o lateral mesmo sentido;Com V�timas Feridas;Pleno dia;Decrescente;C�u Claro;Dupla;Reta;Sim;2;0;1;0;1;0;1;2;-16,110326;-47,970907;SPRF-DF;DEL01-DF;UOP01-DEL01-DF;;;
671030;02/04/2025;quarta-feira;07:00:00;PR;116;122;CURITIBA;Trafegar com motocicleta (ou similar) entre as faixas;Colis�o lateral mesmo sentido;Com V�timas Feridas;Pleno dia;Decrescente;Nublado;Dupla;Reta;N�o;2;0;1;0;1;0;1;2;-25,608572;-49,319135;SPRF-PR;DEL01-PR;UOP03-DEL01-PR;;;
671033;02/04/2025;quarta-feira;04:30:00;PR;116;22;ANTONINA;Rea��o tardia ou ineficiente do condutor;Sa�da de leito carro��vel;Com V�timas Feridas;Plena Noite;Crescente;Garoa/Chuvisco;Dupla;Curva;N�o;2;0;0;2;0;0;2;1;-25,1111497;-48,75062205;SPRF-PR;DEL01-PR;UOP02-DEL01-PR;;;
671034;02/04/2025;quarta-feira;07:00:00;MG;40;617,1;CONGONHAS;Acesso irregular;Colis�o transversal;Com V�timas Feridas;Pleno dia;Decrescente;Nublado;Simples;Reta;N�o;2;0;1;0;1;0;1;2;-20,557494;-43,813938;SPRF-MG;DEL05-MG;UOP02-DEL05-MG;;;
671035;02/04/2025;quarta-feira;07:55:00;PB;230;168;PUXINANA;Acumulo de �gua sobre o pavimento;Sa�da de leito carro��vel;Com V�timas Feridas;Pleno dia;Crescente;Chuva;Simples;Reta;Sim;3;0;2;0;1;0;2;1;-7,18549;-35,97074;SPRF-PB;DEL02-PB;UOP02-DEL02-PB;;;
671036;02/04/2025;quarta-feira;07:20:00;RJ;101;312;SAO GONCALO;Rea��o tardia ou ineficiente do condutor;Colis�o traseira;Com V�timas Feridas;Pleno dia;Crescente;C�u Claro;Dupla;Reta;Sim;2;0;1;0;1;0;1;2;-22,80410353;-43,05972923;SPRF-RJ;DEL02-RJ;UOP02-DEL02-RJ;;;
671037;02/04/2025;quarta-feira;07:50:00;SP;116;217;GUARULHOS;Trafegar com motocicleta (ou similar) entre as faixas;Colis�o traseira;Com V�timas Feridas;Pleno dia;Crescente;Nublado;M�ltipla;Reta;Sim;2;0;0;1;1;0;1;2;-23,4445578;-46,5420985;SPRF-SP;DEL01-SP;UOP01-DEL01-SP;;;
671038;02/04/2025;quarta-feira;07:57:00;RJ;116;189;QUEIMADOS;Rea��o tardia ou ineficiente do condutor;Colis�o traseira;Com V�timas Feridas;Pleno dia;Decrescente;C�u Claro;Dupla;Reta;N�o;2;0;1;0;1;0;1;2;-22,73772941;-43,5363167;SPRF-RJ;DEL06-RJ;UOP01-DEL06-RJ;;;
671040;02/04/2025;quarta-feira;08:15:00;RS;392;352;SANTA MARIA;Acessar a via sem observar a presen�a dos outros ve�culos;Colis�o transversal;Com V�timas Feridas;Pleno dia;Crescente;Nublado;Dupla;"Reta;Interse��o de Vias";N�o;2;0;1;0;1;0;1;2;-29,72822035;-53,80324066;SPRF-RS;DEL09-RS;UOP01-DEL09-RS;;;
671041;02/04/2025;quarta-feira;07:58:00;TO;153;145;ARAGUAINA;Rea��o tardia ou ineficiente do condutor;Queda de ocupante de ve�culo;Com V�timas Feridas;Pleno dia;Crescente;Chuva;Dupla;Reta;Sim;1;0;1;0;0;0;1;1;-7,20591944;-48,24053764;SPRF-TO;DEL02-TO;UOP01-DEL02-TO;;;
671042;02/04/2025;quarta-feira;07:45:00;RN;101;108;PARNAMIRIM;Acessar a via sem observar a presen�a dos outros ve�culos;Atropelamento de Pedestre;Com V�timas Feridas;Pleno dia;Decrescente;C�u Claro;Dupla;Reta;Sim;2;0;1;0;1;0;1;2;-5,927933;-35,26466;SPRF-RN;DEL01-RN;UOP01-DEL01-RN;;;
671043;02/04/2025;quarta-feira;08:00:00;SC;101;203;SAO JOSE;Aus�ncia de rea��o do condutor;Colis�o traseira;Com V�timas Feridas;Pleno dia;Crescente;C�u Claro;M�ltipla;Reta;N�o;4;0;1;0;3;0;1;2;-27,56727306;-48,61404061;SPRF-SC;DEL01-SC;UOP01-DEL01-SC;;;
671044;02/04/2025;quarta-feira;07:15:00;GO;60;12;SANTO ANTONIO DO DESCOBERTO;Rea��o tardia ou ineficiente do condutor;Colis�o lateral mesmo sentido;Com V�timas Feridas;Pleno dia;Decrescente;C�u Claro;Dupla;Reta;N�o;3;0;1;0;2;0;1;3;-16,114528;-48,334647;SPRF-DF;DEL03-DF;UOP01-DEL03-DF;;;
671045;02/04/2025;quarta-feira;07:55:00;PE;232;10,9;JABOATAO DOS GUARARAPES;Velocidade Incompat�vel;Sa�da de leito carro��vel;Sem V�timas;Pleno dia;Crescente;C�u Claro;Simples;"Declive;Curva;Retorno Regulamentado";N�o;1;0;0;0;1;0;0;1;-8,07905143;-34,99073625;SPRF-PE;DEL01-PE;UOP01-DEL01-PE;;;
671050;02/04/2025;quarta-feira;08:20:00;PE;232;140,1;SAO CAITANO;Condutor deixou de manter dist�ncia do ve�culo da frente;Colis�o traseira;Com V�timas Feridas;Pleno dia;Decrescente;Chuva;Dupla;Reta;Sim;2;0;0;1;1;0;1;2;-8,32970683;-36,1229112;SPRF-PE;DEL03-PE;UOP02-DEL03-PE;;;
671053;02/04/2025;quarta-feira;08:00:00;PR;277;3,1;PARANAGUA;Rea��o tardia ou ineficiente do condutor;Queda de ocupante de ve�culo;Com V�timas Feridas;Pleno dia;Crescente;Chuva;Dupla;Reta;Sim;1;0;1;0;0;0;1;1;-25,54239;-48,538485;SPRF-PR;DEL01-PR;UOP05-DEL01-PR;;;
671054;02/04/2025;quarta-feira;08:45:00;RJ;40;112;DUQUE DE CAXIAS;Demais falhas mec�nicas ou el�tricas;Eventos at�picos;Com V�timas Feridas;Pleno dia;Crescente;C�u Claro;Dupla;Reta;Sim;1;0;1;0;0;0;1;1;-22,70253318;-43,29052506;SPRF-RJ;DEL01-RJ;UOP02-DEL01-RJ;;;
671056;02/04/2025;quarta-feira;09:25:00;PE;101;67;RECIFE;Rea��o tardia ou ineficiente do condutor;Colis�o lateral mesmo sentido;Com V�timas Feridas;Pleno dia;Crescente;Nublado;Dupla;Reta;Sim;3;0;1;1;1;0;2;2;-8,042967;-34,943468;SPRF-PE;DEL01-PE;UOP01-DEL01-PE;;;
671058;02/04/2025;quarta-feira;08:58:00;SC;470;66;INDAIAL;Acessar a via sem observar a presen�a dos outros ve�culos;Colis�o traseira;Com V�timas Feridas;Pleno dia;Decrescente;Nublado;Simples;Em Obras;Sim;2;0;1;0;1;0;1;2;-26,87041084;-49,2270112;SPRF-SC;DEL04-SC;UOP01-DEL04-SC;;;
671059;06/03/2025;quinta-feira;18:45:00;PE;232;17,1;JABOATAO DOS GUARARAPES;Demais falhas mec�nicas ou el�tricas;Tombamento;Com V�timas Feridas;Plena Noite;Crescente;Garoa/Chuvisco;Dupla;Reta;N�o;2;0;1;0;1;0;1;2;-8,09522;-35,04767;SPRF-PE;DEL01-PE;UOP01-DEL01-PE;;;
671060;02/03/2025;domingo;22:00:00;DF;70;1;BRASILIA;Condutor deixou de manter dist�ncia do ve�culo da frente;Colis�o traseira;Com V�timas Feridas;Plena Noite;Crescente;C�u Claro;Dupla;Interse��o de Vias;Sim;2;0;1;0;1;0;1;2;-15,7966;-48,06923;SPRF-DF;DEL03-DF;UOP02-DEL03-DF;;;
671061;14/03/2025;sexta-feira;09:00:00;RJ;493;97,8;SEROPEDICA;Objeto est�tico sobre o leito carro��vel;Colis�o com objeto;Com V�timas Feridas;Pleno dia;Crescente;C�u Claro;Dupla;Reta;N�o;1;0;1;0;0;0;1;1;-22,72291408;-43,71092742;SPRF-RJ;DEL01-RJ;UOP03-DEL01-RJ;;;
671063;02/04/2025;quarta-feira;10:11:00;PB;230;12;CABEDELO;Aus�ncia de rea��o do condutor;Engavetamento;Com V�timas Feridas;Pleno dia;Crescente;C�u Claro;Dupla;Reta;Sim;4;0;1;0;3;0;1;3;-7,075247;-34,849602;SPRF-PB;DEL01-PB;UOP01-DEL01-PB;;;
671066;02/04/2025;quarta-feira;10:30:00;SP;381;32;ATIBAIA;Acessar a via sem observar a presen�a dos outros ve�culos;Colis�o lateral mesmo sentido;Sem V�timas;Pleno dia;Crescente;C�u Claro;Simples;"Interse��o de Vias;Retorno Regulamentado";Sim;2;0;0;0;2;0;0;2;-23,0709713;-46,56722009;SPRF-SP;DEL03-SP;UOP02-DEL03-SP;;;
671067;07/03/2025;sexta-feira;14:20:00;MG;381;483;BETIM;Aus�ncia de rea��o do condutor;Engavetamento;Com V�timas Feridas;Pleno dia;Decrescente;C�u Claro;M�ltipla;"Curva;Aclive";Sim;4;0;1;0;3;0;1;3;-19,9583536;-44,0806065;SPRF-MG;DEL01-MG;UOP03-DEL01-MG;;;
671070;02/04/2025;quarta-feira;10:50:00;ES;101;270;SERRA;Acumulo de areia ou detritos sobre o pavimento;Queda de ocupante de ve�culo;Com V�timas Feridas;Pleno dia;Crescente;C�u Claro;Dupla;Curva;Sim;1;0;1;0;0;0;1;1;-20,0488586;-40,386697;SPRF-ES;DEL02-ES;UOP01-DEL02-ES;;;
671073;02/04/2025;quarta-feira;08:46:00;RN;427;94,3;CAICO;Condutor deixou de manter dist�ncia do ve�culo da frente;Colis�o traseira;Com V�timas Feridas;Pleno dia;Crescente;C�u Claro;Simples;Rotat�ria;Sim;2;0;1;0;1;0;1;2;-6,48199887;-37,0610261;SPRF-RN;DEL03-RN;UOP01-DEL03-RN;;;
671074;02/04/2025;quarta-feira;09:00:00;RJ;101;476;ANGRA DOS REIS;Desrespeitar a prefer�ncia no cruzamento;Colis�o transversal;Com V�timas Feridas;Pleno dia;Decrescente;C�u Claro;Simples;Retorno Regulamentado;N�o;3;0;1;1;1;0;2;2;-22,998903;-44,264484;SPRF-RJ;DEL03-RJ;UOP03-DEL03-RJ;;;
671075;02/04/2025;quarta-feira;10:00:00;SC;101;72;ARAQUARI;Entrada inopinada do pedestre;Atropelamento de Pedestre;Com V�timas Feridas;Pleno dia;Crescente;C�u Claro;Dupla;Reta;N�o;2;0;0;1;1;0;1;2;-26,52649347;-48,71578217;SPRF-SC;DEL03-SC;UOP02-DEL03-SC;;;
671078;02/04/2025;quarta-feira;11:30:00;CE;116;9,1;FORTALEZA;Entrada inopinada do pedestre;Atropelamento de Pedestre;Com V�timas Feridas;Pleno dia;Decrescente;Chuva;M�ltipla;Reta;Sim;4;0;0;1;1;2;1;4;-3,827958;-38,504737;SPRF-CE;DEL01-CE;UOP02-DEL01-CE;;;
671079;02/04/2025;quarta-feira;09:00:00;BA;110;344;ALAGOINHAS;Demais falhas mec�nicas ou el�tricas;Inc�ndio;Sem V�timas;Pleno dia;Decrescente;C�u Claro;Simples;Reta;N�o;1;0;0;0;1;0;0;1;-12,1194815;-38,3929303;SPRF-BA;DEL01-BA;UOP04-DEL01-BA;;;
671080;02/04/2025;quarta-feira;11:00:00;MG;381;929,7;ITAPEVA;Velocidade Incompat�vel;Queda de ocupante de ve�culo;Com V�timas Feridas;Pleno dia;Crescente;C�u Claro;Dupla;Curva;N�o;1;0;0;1;0;0;1;1;-22,77198713;-46,2375927;SPRF-MG;DEL16-MG;UOP03-DEL16-MG;;;
671081;02/04/2025;quarta-feira;12:10:00;SP;116;98,9;PINDAMONHANGABA;Acumulo de areia ou detritos sobre o pavimento;Tombamento;Com V�timas Feridas;Pleno dia;Decrescente;C�u Claro;Simples;Curva;N�o;1;0;1;0;0;0;1;1;-22,98179264;-45,46403504;SPRF-SP;DEL08-SP;UOP01-DEL08-SP;;;
671083;02/04/2025;quarta-feira;12:50:00;ES;101;254;SERRA;Aus�ncia de rea��o do condutor;Colis�o com objeto;Com V�timas Feridas;Pleno dia;Decrescente;C�u Claro;Simples;Reta;Sim;1;0;1;0;0;0;1;1;-20,112009;-40,325225;SPRF-ES;DEL02-ES;UOP01-DEL02-ES;;;
671087;02/04/2025;quarta-feira;12:52:00;RN;101;95;NATAL;Condutor deixou de manter dist�ncia do ve�culo da frente;Colis�o traseira;Com V�timas Feridas;Pleno dia;Decrescente;Nublado;Dupla;Reta;Sim;2;0;1;0;1;0;1;2;-5,84073997;-35,21024513;SPRF-RN;DEL01-RN;UOP01-DEL01-RN;;;
671088;02/04/2025;quarta-feira;12:50:00;RS;293;4,6;PELOTAS;Acessar a via sem observar a presen�a dos outros ve�culos;Colis�o transversal;Com V�timas Feridas;Pleno dia;Decrescente;Chuva;Simples;Interse��o de Vias;Sim;2;0;0;1;1;0;1;2;-31,730034;-52,379048;SPRF-RS;DEL07-RS;UOP01-DEL07-RS;;;
671091;02/04/2025;quarta-feira;13:11:00;SC;101;207,7;SAO JOSE;Aus�ncia de rea��o do condutor;Queda de ocupante de ve�culo;Com V�timas Feridas;Pleno dia;Crescente;C�u Claro;M�ltipla;Reta;N�o;1;0;1;0;0;0;1;1;-27,602043;-48,629502;SPRF-SC;DEL01-SC;UOP01-DEL01-SC;;;
671092;02/04/2025;quarta-feira;12:40:00;GO;414;301;VILA PROPICIO;Aus�ncia de rea��o do condutor;Sa�da de leito carro��vel;Com V�timas Feridas;Pleno dia;Crescente;C�u Claro;Simples;Reta;N�o;2;0;2;0;0;0;2;1;-15,22081;-48,6965;SPRF-GO;DEL02-GO;UOP01-DEL02-GO;;;
671093;02/04/2025;quarta-feira;13:30:00;PE;104;60;CARUARU;Chuva;Sa�da de leito carro��vel;Sem V�timas;Pleno dia;Decrescente;Chuva;Dupla;Reta;N�o;4;0;0;0;4;0;0;1;-8,242428;-35,975215;SPRF-PE;DEL02-PE;UOP01-DEL02-PE;;;
671094;02/04/2025;quarta-feira;11:45:00;RO;364;12;VILHENA;Condutor deixou de manter dist�ncia do ve�culo da frente;Colis�o traseira;Com V�timas Feridas;Pleno dia;Crescente;C�u Claro;Dupla;Rotat�ria;Sim;2;0;1;0;1;0;1;2;-12,74329669;-60,1231277;SPRF-RO;DEL04-RO;UOP01-DEL04-RO;;;
671095;02/04/2025;quarta-feira;13:20:00;SC;282;505,3;XANXERE;Acessar a via sem observar a presen�a dos outros ve�culos;Colis�o transversal;Com V�timas Feridas;Pleno dia;Crescente;Nublado;M�ltipla;Interse��o de Vias;Sim;39;0;1;0;38;0;1;2;-26,88549614;-52,41883087;SPRF-SC;DEL07-SC;UOP01-DEL07-SC;;;
671097;17/03/2025;segunda-feira;09:30:00;RJ;40;24;TRES RIOS;Chuva;Sa�da de leito carro��vel;Com V�timas Feridas;Pleno dia;Crescente;Chuva;Simples;Reta;N�o;2;0;1;1;0;0;2;1;-22,13907574;-43,15841675;SPRF-RJ;DEL05-RJ;UOP02-DEL05-RJ;;;
671098;02/04/2025;quarta-feira;09:20:00;RJ;116;102;GUAPIMIRIM;Rea��o tardia ou ineficiente do condutor;Sa�da de leito carro��vel;Com V�timas Feridas;Pleno dia;Crescente;C�u Claro;Simples;Reta;N�o;1;0;1;0;0;0;1;1;-22,49828401;-42,99864292;SPRF-RJ;DEL04-RJ;UOP01-DEL04-RJ;;;
671099;02/04/2025;quarta-feira;14:40:00;PB;101;88;JOAO PESSOA;Acessar a via sem observar a presen�a dos outros ve�culos;Colis�o lateral mesmo sentido;Com V�timas Feridas;Pleno dia;Decrescente;C�u Claro;Dupla;Curva;Sim;3;0;2;0;0;1;2;2;-7,166;-34,897;SPRF-PB;DEL01-PB;UOP01-DEL01-PB;;;
671100;02/04/2025;quarta-feira;15:00:00;MG;381;880,8;ESTIVA;Transitar no Acostamento;Tombamento;Com V�timas Feridas;Pleno dia;Crescente;Sol;Dupla;"Declive;Curva;Em Obras";N�o;2;0;1;0;0;1;1;2;-22,46491527;-46,00887537;SPRF-MG;DEL16-MG;UOP01-DEL16-MG;;;
671102;02/04/2025;quarta-feira;13:50:00;RO;364;695;PORTO VELHO;Aus�ncia de rea��o do condutor;Tombamento;Com V�timas Feridas;Pleno dia;Decrescente;Nublado;Dupla;Reta;N�o;1;0;1;0;0;0;1;1;-8,80063277;-63,72408982;SPRF-RO;DEL01-RO;UOP01-DEL01-RO;;;
671103;02/04/2025;quarta-feira;15:20:00;ES;101;266,5;SERRA;Aus�ncia de rea��o do condutor;Colis�o lateral sentido oposto;Com V�timas Feridas;Pleno dia;Decrescente;Sol;M�ltipla;Reta;Sim;2;0;0;1;1;0;1;2;-20,195745;-40,268515;SPRF-ES;DEL02-ES;UOP01-DEL02-ES;;;
671104;02/04/2025;quarta-feira;13:30:00;RO;364;11;VILHENA;Acessar a via sem observar a presen�a dos outros ve�culos;Colis�o transversal;Com V�timas Feridas;Pleno dia;Decrescente;Sol;Dupla;Reta;Sim;3;0;2;0;1;0;2;2;-12,74728715;-60,11162516;SPRF-RO;DEL04-RO;UOP01-DEL04-RO;;;
671105;02/04/2025;quarta-feira;15:35:00;RS;116;292;ELDORADO DO SUL;Avarias e/ou desgaste excessivo no pneu;Tombamento;Com V�timas Feridas;Pleno dia;Crescente;Garoa/Chuvisco;Dupla;Reta;N�o;2;0;2;0;0;0;2;1;-30,0347029;-51,3278489;SPRF-RS;DEL02-RS;UOP01-DEL02-RS;;;
671106;02/04/2025;quarta-feira;14:50:00;MG;50;204;DELTA;Acumulo de �gua sobre o pavimento;Sa�da de leito carro��vel;Com V�timas Feridas;Pleno dia;Crescente;Chuva;Dupla;"Reta;Declive";N�o;1;0;1;0;0;0;1;1;-19,9835493;-47,7919697;SPRF-MG;DEL13-MG;UOP01-DEL13-MG;;;
671112;02/04/2025;quarta-feira;14:12:00;PB;230;12;CABEDELO;Manobra de mudan�a de faixa;Queda de ocupante de ve�culo;Com V�timas Feridas;Pleno dia;Decrescente;Sol;Dupla;Reta;Sim;1;0;1;0;0;0;1;1;-7,0731752;-34,8494434;SPRF-PB;DEL01-PB;UOP01-DEL01-PB;;;
671113;02/04/2025;quarta-feira;14:23:00;RO;364;343;JI-PARANA;Rea��o tardia ou ineficiente do condutor;Colis�o lateral mesmo sentido;Com V�timas Feridas;Pleno dia;Crescente;C�u Claro;Dupla;Reta;Sim;2;0;0;1;1;0;1;2;-10,878013;-61,946115;SPRF-RO;DEL02-RO;UOP01-DEL02-RO;;;
671116;02/04/2025;quarta-feira;16:00:00;SP;116;228;SAO PAULO;Rea��o tardia ou ineficiente do condutor;Colis�o lateral mesmo sentido;Com V�timas Feridas;Pleno dia;Decrescente;C�u Claro;M�ltipla;"Em Obras;Reta";Sim;3;0;1;0;2;0;1;3;-23,50408134;-46,56717516;SPRF-SP;DEL01-SP;UOP01-DEL01-SP;;;
671117;02/04/2025;quarta-feira;16:00:00;RS;116;149,8;CAXIAS DO SUL;Trafegar com motocicleta (ou similar) entre as faixas;Atropelamento de Pedestre;Com V�timas Feridas;Pleno dia;Crescente;Chuva;Dupla;Reta;Sim;3;0;0;1;2;0;1;2;-29,1673789;-51,15861582;SPRF-RS;DEL05-RS;UOP01-DEL05-RS;;;
671118;02/04/2025;quarta-feira;12:00:00;ES;262;159,2;IBATIBA;Acessar a via sem observar a presen�a dos outros ve�culos;Colis�o transversal;Com V�timas Feridas;Pleno dia;Crescente;C�u Claro;Simples;Reta;Sim;2;0;1;0;1;0;1;2;-20,2347554;-41,5071772;SPRF-ES;DEL01-ES;UOP02-DEL01-ES;;;
671120;02/04/2025;quarta-feira;16:00:00;SP;101;49;UBATUBA;Acessar a via sem observar a presen�a dos outros ve�culos;Colis�o transversal;Com V�timas Feridas;Pleno dia;Decrescente;C�u Claro;Simples;"Desvio Tempor�rio;Reta";Sim;2;0;2;0;0;0;2;2;-23,44686868;-45,0810349;SPRF-SP;DEL06-SP;UOP01-DEL06-SP;;;
671122;02/04/2025;quarta-feira;13:26:00;RO;425;127;GUAJARA-MIRIM;Acessar a via sem observar a presen�a dos outros ve�culos;Colis�o traseira;Com V�timas Feridas;Pleno dia;Crescente;Nublado;Dupla;"Interse��o de Vias;Reta";Sim;2;0;1;0;0;1;1;2;-10,7759769;-65,3286862;SPRF-RO;DEL01-RO;UOP03-DEL01-RO;;;
671124;02/04/2025;quarta-feira;14:44:00;MG;116;634,5;DIVINO;Manobra de mudan�a de faixa;Colis�o frontal;Com V�timas Feridas;Pleno dia;Crescente;C�u Claro;Simples;Reta;N�o;2;0;0;1;1;0;1;2;-20,620559;-42,222222;SPRF-MG;DEL07-MG;UOP02-DEL07-MG;;;
671127;06/02/2025;quinta-feira;23:00:00;RJ;0;0;SAO GONCALO;Pista Escorregadia;Colis�o com objeto;Sem V�timas;Plena Noite;N�o Informado;Nublado;Simples;Curva;Sim;3;0;0;0;3;0;0;1;-22,78772975;-43,00754249;SPRF-RJ;N/A;N/A;;;
671128;02/04/2025;quarta-feira;14:25:00;BA;101;324;PRESIDENTE TANCREDO NEVES;Rea��o tardia ou ineficiente do condutor;Colis�o lateral mesmo sentido;Com V�timas Feridas;Pleno dia;Crescente;C�u Claro;Simples;Reta;N�o;3;0;1;0;2;0;1;2;-13,4675572;-39,39800262;SPRF-BA;DEL05-BA;UOP03-DEL05-BA;;;
671130;02/04/2025;quarta-feira;17:20:00;ES;101;63,8;SAO MATEUS;Transitar no Acostamento;Colis�o transversal;Com V�timas Feridas;Pleno dia;Crescente;C�u Claro;Simples;Declive;N�o;2;0;1;0;1;0;1;2;-18,69499277;-39,86432076;SPRF-ES;DEL04-ES;UOP02-DEL04-ES;;;
671131;02/04/2025;quarta-feira;16:30:00;MG;381;450,3;SABARA;Transitar no Acostamento;Colis�o lateral mesmo sentido;Sem V�timas;Pleno dia;Crescente;C�u Claro;Simples;Reta;Sim;2;0;0;0;2;0;0;2;-19,828365;-43,839927;SPRF-MG;DEL01-MG;UOP01-DEL01-MG;;;
671133;02/04/2025;quarta-feira;16:30:00;PR;277;703;SAO MIGUEL DO IGUACU;Rea��o tardia ou ineficiente do condutor;Colis�o traseira;Com V�timas Feridas;Pleno dia;Crescente;C�u Claro;Dupla;Aclive;N�o;2;0;1;0;1;0;1;2;-25,42529186;-54,36138153;SPRF-PR;DEL05-PR;UOP01-DEL05-PR;;;
671134;02/04/2025;quarta-feira;17:40:00;PR;476;157;ARAUCARIA;Rea��o tardia ou ineficiente do condutor;Colis�o transversal;Com V�timas Feridas;Anoitecer;Decrescente;Nublado;Simples;Rotat�ria;Sim;2;0;1;0;0;1;1;2;-25,60638826;-49,42093307;SPRF-PR;DEL01-PR;UOP06-DEL01-PR;;;
671136;02/04/2025;quarta-feira;15:30:00;MS;267;304;RIO BRILHANTE;Rea��o tardia ou ineficiente do condutor;Sa�da de leito carro��vel;Sem V�timas;Pleno dia;Crescente;Nublado;Simples;Reta;N�o;1;0;0;0;0;1;0;1;-21,71660661;-54,64136124;SPRF-MS;DEL02-MS;UOP02-DEL02-MS;;;
671138;02/04/2025;quarta-feira;14:30:00;RO;364;230,9;CACOAL;Demais falhas mec�nicas ou el�tricas;Colis�o lateral mesmo sentido;Com V�timas Feridas;Pleno dia;Decrescente;C�u Claro;Simples;Reta;N�o;3;0;3;0;0;0;3;2;-11,470767;-61,39919;SPRF-RO;DEL02-RO;UOP02-DEL02-RO;;;
671140;02/04/2025;quarta-feira;18:29:00;PB;101;82;BAYEUX;Trafegar com motocicleta (ou similar) entre as faixas;Colis�o transversal;Com V�timas Feridas;Plena Noite;Decrescente;C�u Claro;Dupla;"Aclive;Reta;Viaduto";Sim;2;0;1;0;1;0;1;2;-7,13304411;-34,93026853;SPRF-PB;DEL01-PB;UOP01-DEL01-PB;;;
671141;02/04/2025;quarta-feira;18:10:00;RS;290;50;GLORINHA;Acumulo de �gua sobre o pavimento;Sa�da de leito carro��vel;Com V�timas Feridas;Plena Noite;Decrescente;Chuva;Dupla;Reta;N�o;4;0;2;0;2;0;2;2;-29,906365;-50,75606;SPRF-RS;DEL03-RS;UOP01-DEL03-RS;;;
671142;02/04/2025;quarta-feira;18:30:00;PR;277;82;CURITIBA;Manobra de mudan�a de faixa;Colis�o traseira;Com V�timas Feridas;Anoitecer;Crescente;Garoa/Chuvisco;Dupla;Reta;Sim;2;0;1;0;1;0;1;2;-25,45739397;-49,22251398;SPRF-PR;DEL01-PR;UOP03-DEL01-PR;;;
671143;02/04/2025;quarta-feira;17:20:00;RS;158;287;JULIO DE CASTILHOS;Chuva;Sa�da de leito carro��vel;Com V�timas Feridas;Pleno dia;Crescente;Chuva;Simples;"Reta;Aclive";N�o;5;0;2;3;0;0;5;1;-29,446106;-53,682145;SPRF-RS;DEL09-RS;UOP01-DEL09-RS;;;
671144;02/04/2025;quarta-feira;18:57:00;PB;101;82;BAYEUX;Condutor deixou de manter dist�ncia do ve�culo da frente;Colis�o traseira;Com V�timas Feridas;Plena Noite;Decrescente;C�u Claro;Dupla;"Reta;Viaduto;Aclive";Sim;4;0;2;0;2;0;2;2;-7,132602;-34,930702;SPRF-PB;DEL01-PB;UOP01-DEL01-PB;;;
671146;02/04/2025;quarta-feira;18:20:00;MG;50;71;UBERLANDIA;Condutor deixou de manter dist�ncia do ve�culo da frente;Engavetamento;Com V�timas Feridas;Anoitecer;Crescente;C�u Claro;Dupla;Reta;Sim;6;0;2;0;3;1;2;6;-18,894537;-48,249715;SPRF-MG;DEL15-MG;UOP01-DEL15-MG;;;
671147;02/04/2025;quarta-feira;16:00:00;MG;40;529;CONTAGEM;Condutor deixou de manter dist�ncia do ve�culo da frente;Colis�o traseira;Com V�timas Feridas;Pleno dia;Decrescente;C�u Claro;Dupla;Reta;Sim;2;0;0;1;1;0;1;2;-19,92006;-44,03412;SPRF-MG;DEL01-MG;UOP02-DEL01-MG;;;
671148;02/04/2025;quarta-feira;18:20:00;RS;158;331;SANTA MARIA;Convers�o proibida;Queda de ocupante de ve�culo;Com V�timas Feridas;Plena Noite;Crescente;Chuva;Dupla;Aclive;Sim;2;0;1;0;1;0;1;2;-29,70465121;-53,84581804;SPRF-RS;DEL09-RS;UOP01-DEL09-RS;;;
671149;02/04/2025;quarta-feira;18:25:00;ES;101;295,1;CARIACICA;Entrada inopinada do pedestre;Atropelamento de Pedestre;Com V�timas Feridas;Plena Noite;Decrescente;C�u Claro;Dupla;Reta;Sim;2;0;0;1;1;0;1;2;-20,3334435;-40,4010046;SPRF-ES;DEL01-ES;UOP01-DEL01-ES;;;
671151;02/04/2025;quarta-feira;19:00:00;RJ;116;83,6;TERESOPOLIS;Pedestre cruzava a pista fora da faixa;Atropelamento de Pedestre;Com V�timas Feridas;Plena Noite;Crescente;Nublado;Simples;Rotat�ria;N�o;2;0;2;0;0;0;2;2;-22,41478;-42,95005;SPRF-RJ;DEL04-RJ;UOP01-DEL04-RJ;;;
671153;02/04/2025;quarta-feira;18:21:00;MT;70;8;BARRA DO GARCAS;Aus�ncia de rea��o do condutor;Atropelamento de Pedestre;Com V�timas Feridas;Plena Noite;Crescente;C�u Claro;Dupla;"Interse��o de Vias;Reta;Aclive";Sim;3;0;2;0;0;1;2;2;-15,87788229;-52,31363297;SPRF-MT;DEL07-MT;UOP01-DEL07-MT;;;
671154;02/04/2025;quarta-feira;19:20:00;ES;101;266,6;SERRA;Pedestre andava na pista;Queda de ocupante de ve�culo;Com V�timas Feridas;Plena Noite;Crescente;C�u Claro;M�ltipla;Reta;Sim;1;0;1;0;0;0;1;1;-20,048857;-40,3867007;SPRF-ES;DEL02-ES;UOP01-DEL02-ES;;;