id;data_inversa;dia_semana;horario;uf;br;km;municipio;causa_acidente;tipo_acidente;classificacao_acidente;fase_dia;sentido_via;condicao_metereologica;tipo_pista;tracado_via;uso_solo;pessoas;mortos;feridos_leves;feridos_graves;ilesos;ignorados;feridos;veiculos;latitude;longitude;regional;delegacia;uop;;;
671155;02/04/2025;quarta-feira;18:44:00;SC;282;221;LAGES;Acessar a via sem observar a presen�a dos outros ve�culos;Colis�o frontal;Com V�timas Feridas;Plena Noite;Crescente;Chuva;Simples;Reta;Sim;4;0;1;0;3;0;1;2;-27,79552153;-50,34116864;SPRF-SC;DEL05-SC;UOP01-DEL05-SC;;;
671156;02/04/2025;quarta-feira;18:20:00;MT;163;747;SORRISO;Manobra de mudan�a de faixa;Colis�o lateral mesmo sentido;Com V�timas Feridas;Plena Noite;Decrescente;Nublado;Dupla;Reta;Sim;2;0;1;0;1;0;1;2;-12,588662;-55,739463;SPRF-MT;DEL06-MT;UOP01-DEL06-MT;;;
671157;02/04/2025;quarta-feira;19:00:00;RN;101;80;SAO GONCALO DO AMARANTE;Transitar na contram�o;Colis�o frontal;Com V�timas Feridas;Plena Noite;Crescente;Chuva;Dupla;Reta;Sim;2;0;1;0;1;0;1;2;-5,762008;-35,28747037;SPRF-RN;DEL02-RN;UOP01-DEL02-RN;;;
671158;02/04/2025;quarta-feira;19:30:00;BA;101;912;NOVA VICOSA;Ultrapassagem Indevida;Colis�o frontal;Com V�timas Feridas;Plena Noite;Crescente;C�u Claro;Simples;Reta;N�o;2;0;0;2;0;0;2;2;-17,81766645;-39,79316711;SPRF-BA;DEL09-BA;UOP02-DEL09-BA;;;
671159;02/04/2025;quarta-feira;18:50:00;RJ;116;296,7;PORTO REAL;Aus�ncia de rea��o do condutor;Queda de ocupante de ve�culo;Com V�timas Feridas;Plena Noite;Crescente;C�u Claro;Simples;Reta;Sim;2;0;1;0;1;0;1;1;-22,45094388;-44,30862308;SPRF-RJ;DEL07-RJ;UOP02-DEL07-RJ;;;
671161;02/04/2025;quarta-feira;18:50:00;PR;476;119,3;COLOMBO;Rea��o tardia ou ineficiente do condutor;Colis�o transversal;Com V�timas Feridas;Anoitecer;Decrescente;Nublado;Dupla;"Interse��o de Vias;Aclive";Sim;2;0;1;0;1;0;1;2;-25,36422374;-49,18587375;SPRF-PR;DEL01-PR;UOP01-DEL01-PR;;;
671162;02/04/2025;quarta-feira;19:45:00;SP;116;228;SAO PAULO;Demais falhas mec�nicas ou el�tricas;Inc�ndio;Sem V�timas;Plena Noite;Decrescente;Vento;M�ltipla;"Reta;Aclive";Sim;1;0;0;0;0;1;0;1;-23,50516544;-46,56829834;SPRF-SP;DEL01-SP;UOP01-DEL01-SP;;;
671163;02/04/2025;quarta-feira;12:30:00;RJ;40;124;DUQUE DE CAXIAS;Rea��o tardia ou ineficiente do condutor;Tombamento;Com V�timas Feridas;Pleno dia;Crescente;C�u Claro;M�ltipla;Reta;Sim;1;0;1;0;0;0;1;1;-22,80514069;-43,28962272;SPRF-RJ;DEL01-RJ;UOP02-DEL01-RJ;;;
671165;02/04/2025;quarta-feira;20:20:00;SC;282;15,5;PALHOCA;Desrespeitar a prefer�ncia no cruzamento;Colis�o transversal;Com V�timas Feridas;Plena Noite;Crescente;Nublado;Simples;"Interse��o de Vias;Retorno Regulamentado;Reta;Rotat�ria";Sim;3;0;0;2;0;1;2;2;-27,65576982;-48,67919499;SPRF-SC;DEL01-SC;UOP02-DEL01-SC;;;
671168;02/04/2025;quarta-feira;17:30:00;MT;364;202;RONDONOPOLIS;Demais falhas na via;Tombamento;Com V�timas Feridas;Anoitecer;Crescente;C�u Claro;Dupla;Reta;Sim;1;0;0;1;0;0;1;1;-16,43110182;-54,69074251;SPRF-MT;DEL02-MT;UOP01-DEL02-MT;;;
671169;02/04/2025;quarta-feira;20:00:00;RJ;40;55;PETROPOLIS;Frear bruscamente;Colis�o traseira;Com V�timas Feridas;Plena Noite;Decrescente;Nublado;Simples;"Reta;Retorno Regulamentado";N�o;3;0;0;1;2;0;1;2;-22,36388774;-43,1275177;SPRF-RJ;DEL05-RJ;UOP02-DEL05-RJ;;;
671171;02/04/2025;quarta-feira;18:30:00;MT;163;821;SINOP;Convers�o proibida;Colis�o transversal;Com V�timas Feridas;Plena Noite;Decrescente;Nublado;Simples;Reta;Sim;7;0;1;0;6;0;1;2;-11,98628;-55,51765;SPRF-MT;DEL06-MT;UOP02-DEL06-MT;;;
671173;02/04/2025;quarta-feira;17:35:00;PR;376;180,5;MARINGA;Objeto est�tico sobre o leito carro��vel;Queda de ocupante de ve�culo;Com V�timas Feridas;Pleno dia;Decrescente;Chuva;Dupla;"Declive;Reta";N�o;1;0;1;0;0;0;1;1;-23,42375738;-51,90088177;SPRF-PR;DEL09-PR;UOP01-DEL09-PR;;;
671174;02/04/2025;quarta-feira;16:45:00;BA;101;194;SAO GONCALO DOS CAMPOS;Demais falhas mec�nicas ou el�tricas;Inc�ndio;Sem V�timas;Pleno dia;Crescente;C�u Claro;Simples;Reta;N�o;1;0;0;0;0;1;0;1;-12,47775345;-38,94387245;SPRF-BA;DEL01-BA;UOP03-DEL01-BA;;;
671175;02/04/2025;quarta-feira;20:30:00;SC;101;148,5;ITAPEMA;Rea��o tardia ou ineficiente do condutor;Colis�o lateral mesmo sentido;Com V�timas Feridas;Plena Noite;Decrescente;C�u Claro;Simples;Reta;Sim;2;0;0;1;1;0;1;2;-27,10394621;-48,61626148;SPRF-SC;DEL04-SC;UOP03-DEL04-SC;;;
671176;02/04/2025;quarta-feira;19:30:00;BA;324;550;AMELIA RODRIGUES;Condutor deixou de manter dist�ncia do ve�culo da frente;Colis�o traseira;Com V�timas Feridas;Plena Noite;Crescente;C�u Claro;Dupla;Reta;N�o;2;0;1;0;1;0;1;1;-12,45783629;-38,70092869;SPRF-BA;DEL01-BA;UOP03-DEL01-BA;;;
671179;02/04/2025;quarta-feira;13:40:00;RS;386;296;POUSO NOVO;Rea��o tardia ou ineficiente do condutor;Sa�da de leito carro��vel;Com V�timas Feridas;Pleno dia;Crescente;Chuva;Simples;Curva;N�o;1;0;1;0;0;0;1;1;-29,1532107;-52,22977638;SPRF-RS;DEL04-RS;UOP01-DEL04-RS;;;
671180;02/04/2025;quarta-feira;20:18:00;RJ;101;320;NITEROI;Condutor deixou de manter dist�ncia do ve�culo da frente;Colis�o traseira;Com V�timas Feridas;Plena Noite;Decrescente;C�u Claro;Dupla;Reta;N�o;2;0;0;1;1;0;1;2;-22,8691861;-43,1298855;SPRF-RJ;DEL02-RJ;UOP01-DEL02-RJ;;;
671181;02/04/2025;quarta-feira;21:51:00;TO;10;453;PALMAS;Avarias e/ou desgaste excessivo no pneu;Tombamento;Com V�timas Feridas;Plena Noite;Crescente;C�u Claro;Dupla;Reta;Sim;2;0;2;0;0;0;2;1;-10,32522123;-48,29761505;SPRF-TO;DEL01-TO;UOP03-DEL01-TO;;;
671182;02/04/2025;quarta-feira;19:45:00;SC;153;97,1;CONCORDIA;Acessar a via sem observar a presen�a dos outros ve�culos;Colis�o transversal;Com V�timas Feridas;Plena Noite;Crescente;Chuva;Simples;"Interse��o de Vias;Retorno Regulamentado;Curva";Sim;3;0;1;1;1;0;2;2;-27,22930143;-51,95273906;SPRF-SC;DEL07-SC;UOP04-DEL07-SC;;;
671183;02/04/2025;quarta-feira;21:40:00;SC;101;146;ITAPEMA;Velocidade Incompat�vel;Tombamento;Com V�timas Feridas;Plena Noite;Decrescente;Chuva;Simples;"Declive;Viaduto;Interse��o de Vias";Sim;2;0;1;0;1;0;1;1;-27,0659665;-48,5955414;SPRF-SC;DEL04-SC;UOP03-DEL04-SC;;;
671184;02/04/2025;quarta-feira;19:00:00;MT;364;266;JACIARA;Aus�ncia de rea��o do condutor;Colis�o traseira;Com V�timas Feridas;Plena Noite;Crescente;Nublado;Dupla;"Reta;Em Obras";N�o;2;0;0;1;0;1;1;2;-15,99557;-54,9199;SPRF-MT;DEL02-MT;UOP01-DEL02-MT;;;
671185;02/04/2025;quarta-feira;17:00:00;RN;304;31,5;MOSSORO;Condutor deixou de manter dist�ncia do ve�culo da frente;Eventos at�picos;Com V�timas Feridas;Pleno dia;Crescente;C�u Claro;Simples;Reta;N�o;3;0;2;0;0;1;2;2;-5,1312931;-37,3445793;SPRF-RN;DEL04-RN;UOP02-DEL04-RN;;;
671186;02/04/2025;quarta-feira;21:40:00;GO;414;402;CORUMBA DE GOIAS;Rea��o tardia ou ineficiente do condutor;Sa�da de leito carro��vel;Sem V�timas;Plena Noite;Crescente;C�u Claro;Simples;Aclive;N�o;1;0;0;0;1;0;0;1;-15,992;-48,836;SPRF-GO;DEL02-GO;UOP01-DEL02-GO;;;
671187;02/04/2025;quarta-feira;22:10:00;ES;101;267,9;SERRA;Acessar a via sem observar a presen�a dos outros ve�culos;Colis�o lateral mesmo sentido;Com V�timas Feridas;Plena Noite;Crescente;C�u Claro;M�ltipla;Reta;Sim;3;0;2;0;1;0;2;2;-20,20706;-40,269677;SPRF-ES;DEL02-ES;UOP01-DEL02-ES;;;
671189;02/04/2025;quarta-feira;21:30:00;GO;60;107;GOIANAPOLIS;Acesso irregular;Atropelamento de Pedestre;Com V�timas Feridas;Plena Noite;Crescente;C�u Claro;M�ltipla;Reta;N�o;2;0;0;2;0;0;2;2;-16,43865776;-49,01915073;SPRF-GO;DEL02-GO;UOP01-DEL02-GO;;;
671190;02/04/2025;quarta-feira;18:15:00;MT;70;681;CACERES;Rea��o tardia ou ineficiente do condutor;Colis�o com objeto;Com V�timas Feridas;Anoitecer;Crescente;C�u Claro;Simples;Reta;N�o;1;0;0;1;0;0;1;1;-16,1160798;-57,3046875;SPRF-MT;DEL03-MT;UOP02-DEL03-MT;;;
671191;02/04/2025;quarta-feira;21:30:00;RS;290;327,9;CACAPAVA DO SUL;Aus�ncia de rea��o do condutor;Colis�o com objeto;Sem V�timas;Plena Noite;Crescente;Garoa/Chuvisco;Simples;"Reta;Declive;Ponte";N�o;1;0;0;0;1;0;0;1;-30,360186;-53,471311;SPRF-RS;DEL09-RS;UOP02-DEL09-RS;;;
671193;02/04/2025;quarta-feira;17:30:00;MT;70;520;VARZEA GRANDE;Aus�ncia de rea��o do condutor;Colis�o transversal;Com V�timas Feridas;Pleno dia;Crescente;C�u Claro;Simples;Reta;N�o;2;0;0;1;1;0;1;2;-15,6756016;-56,17790222;SPRF-MT;DEL01-MT;UOP02-DEL01-MT;;;
671194;02/04/2025;quarta-feira;21:30:00;ES;101;385,8;RIO NOVO DO SUL;Condutor Dormindo;Sa�da de leito carro��vel;Com V�timas Feridas;Plena Noite;Decrescente;C�u Claro;Simples;Curva;N�o;1;0;1;0;0;0;1;1;-20,84093767;-40,87172706;SPRF-ES;DEL03-ES;UOP01-DEL03-ES;;;
671196;02/04/2025;quarta-feira;21:10:00;RJ;116;145;DUQUE DE CAXIAS;Aus�ncia de rea��o do condutor;Colis�o com objeto;Com V�timas Feridas;Plena Noite;Decrescente;C�u Claro;Dupla;Reta;Sim;1;0;1;0;0;0;1;1;-22,66573859;-43,26068122;SPRF-RJ;DEL01-RJ;UOP02-DEL01-RJ;;;
671197;02/04/2025;quarta-feira;19:45:00;RO;364;423,6;JARU;Acessar a via sem observar a presen�a dos outros ve�culos;Colis�o frontal;Com V�timas Feridas;Plena Noite;Decrescente;C�u Claro;Simples;"Desvio Tempor�rio;Em Obras;Reta";Sim;3;0;1;0;2;0;1;2;-10,44340176;-62,46657548;SPRF-RO;DEL03-RO;UOP02-DEL03-RO;;;
671198;02/04/2025;quarta-feira;15:20:00;RO;364;412;JARU;Chuva;Sa�da de leito carro��vel;Com V�timas Feridas;Pleno dia;Crescente;Nublado;Simples;"Declive;Curva";N�o;20;0;1;12;4;3;13;1;-10,51183897;-62,40742251;SPRF-RO;DEL03-RO;UOP02-DEL03-RO;;;
671199;02/04/2025;quarta-feira;11:15:00;MS;163;614,3;SAO GABRIEL DO OESTE;Desrespeitar a prefer�ncia no cruzamento;Colis�o transversal;Com V�timas Feridas;Pleno dia;Decrescente;C�u Claro;Simples;"Interse��o de Vias;Reta";Sim;2;0;1;0;1;0;1;2;-19,39941;-54,565299;SPRF-MS;DEL06-MS;UOP02-DEL06-MS;;;
671200;02/04/2025;quarta-feira;19:30:00;MS;163;144;NAVIRAI;Aus�ncia de rea��o do condutor;Colis�o traseira;Sem V�timas;Anoitecer;Decrescente;Garoa/Chuvisco;Simples;Reta;N�o;2;0;0;0;2;0;0;2;-22,997371;-54,387916;SPRF-MS;DEL09-MS;UOP01-DEL09-MS;;;
671204;02/04/2025;quarta-feira;21:30:00;RJ;101;588,5;PARATY;Condutor deixou de manter dist�ncia do ve�culo da frente;Colis�o traseira;Com V�timas Feridas;Plena Noite;Decrescente;Nublado;Simples;Reta;N�o;4;0;2;0;2;0;2;2;-23,29569129;-44,7001002;SPRF-RJ;DEL03-RJ;UOP04-DEL03-RJ;;;
671205;02/04/2025;quarta-feira;23:40:00;MS;163;266;DOURADOS;Rea��o tardia ou ineficiente do condutor;Eventos at�picos;Com V�timas Feridas;Plena Noite;Decrescente;Chuva;Dupla;Reta;N�o;2;0;1;0;0;1;1;2;-22,21935008;-54,72395559;SPRF-MS;DEL04-MS;UOP01-DEL04-MS;;;
671206;03/04/2025;quinta-feira;00:15:00;PE;232;165,8;TACAIMBO;Animais na Pista;Atropelamento de Animal;Com V�timas Feridas;Plena Noite;Crescente;C�u Claro;Simples;"Declive;Reta";N�o;1;0;0;1;0;0;1;1;-8,337615;-36,306003;SPRF-PE;DEL03-PE;UOP02-DEL03-PE;;;
671208;03/04/2025;quinta-feira;01:30:00;SP;381;68;MAIRIPORA;Velocidade Incompat�vel;Sa�da de leito carro��vel;Com V�timas Feridas;Plena Noite;Crescente;Nublado;Dupla;"Curva;Aclive";N�o;2;0;1;0;1;0;1;1;-23,3440085;-46,5732124;SPRF-SP;DEL03-SP;UOP01-DEL03-SP;;;
671210;03/04/2025;quinta-feira;02:20:00;PR;369;184,1;ARAPONGAS;Acessar a via sem observar a presen�a dos outros ve�culos;Colis�o traseira;Com V�timas Fatais;Plena Noite;Crescente;Nublado;Dupla;Reta;Sim;2;1;0;1;0;0;1;2;-23,39957234;-51,42680558;SPRF-PR;DEL07-PR;UOP03-DEL07-PR;;;
671212;02/04/2025;quarta-feira;19:35:00;PR;277;612;SANTA TEREZA DO OESTE;Acessar a via sem observar a presen�a dos outros ve�culos;Colis�o transversal;Com V�timas Feridas;Plena Noite;Decrescente;C�u Claro;Simples;Reta;Sim;3;0;1;1;1;0;2;2;-25,05316;-53,635234;SPRF-PR;DEL05-PR;UOP02-DEL05-PR;;;
671214;03/04/2025;quinta-feira;04:10:00;BA;116;808,5;VITORIA DA CONQUISTA;Entrada inopinada do pedestre;Atropelamento de Pedestre;Com V�timas Fatais;Plena Noite;Crescente;Nublado;Simples;Reta;N�o;2;1;0;0;1;0;0;2;-14,784398;-40,743672;SPRF-BA;DEL08-BA;UOP01-DEL08-BA;;;
671215;03/04/2025;quinta-feira;03:10:00;SP;116;158;JACAREI;Ingest�o de �lcool pelo condutor;Colis�o traseira;Com V�timas Feridas;Plena Noite;Crescente;Nublado;Dupla;Reta;N�o;2;0;2;0;0;0;2;2;-23,26216155;-45,95424776;SPRF-SP;DEL02-SP;UOP01-DEL02-SP;;;
671217;03/04/2025;quinta-feira;05:00:00;ES;101;140,1;LINHARES;Rea��o tardia ou ineficiente do condutor;Colis�o traseira;Com V�timas Feridas;Amanhecer;Decrescente;C�u Claro;M�ltipla;Reta;Sim;2;0;1;0;0;1;1;2;-19,31773102;-40,07555485;SPRF-ES;DEL04-ES;UOP01-DEL04-ES;;;
671219;02/04/2025;quarta-feira;15:30:00;RS;116;324;ELDORADO DO SUL;Aus�ncia de rea��o do condutor;Sa�da de leito carro��vel;Com V�timas Feridas;Pleno dia;Decrescente;Nublado;Dupla;Curva;Sim;2;0;0;2;0;0;2;1;-30,0229357;-51,3162306;SPRF-RS;DEL02-RS;UOP01-DEL02-RS;;;
671221;03/04/2025;quinta-feira;05:35:00;PE;104;61,4;CARUARU;Manobra de mudan�a de faixa;Colis�o transversal;Sem V�timas;Pleno dia;Decrescente;C�u Claro;Dupla;Reta;Sim;2;0;0;0;2;0;0;2;-8,244097;-35,975082;SPRF-PE;DEL02-PE;UOP01-DEL02-PE;;;
671222;03/04/2025;quinta-feira;05:50:00;SP;116;56,5;LORENA;Aus�ncia de rea��o do condutor;Tombamento;Com V�timas Feridas;Pleno dia;Decrescente;Nublado;Dupla;Reta;N�o;1;0;1;0;0;0;1;1;-22,7718729;-45,13419444;SPRF-SP;DEL08-SP;UOP02-DEL08-SP;;;
671224;03/04/2025;quinta-feira;06:40:00;SP;116;227;GUARULHOS;Trafegar com motocicleta (ou similar) entre as faixas;Colis�o lateral sentido oposto;Com V�timas Feridas;Pleno dia;Crescente;Garoa/Chuvisco;M�ltipla;"Reta;Em Obras";N�o;2;0;1;0;0;1;1;2;-23,49342669;-46,55305632;SPRF-SP;DEL01-SP;UOP01-DEL01-SP;;;
671225;03/04/2025;quinta-feira;06:40:00;PR;373;177;PONTA GROSSA;Aus�ncia de rea��o do condutor;Colis�o lateral mesmo sentido;Sem V�timas;Amanhecer;Crescente;C�u Claro;Dupla;Reta;Sim;2;0;0;0;2;0;0;2;-25,04809054;-50,235241;SPRF-PR;DEL03-PR;UOP01-DEL03-PR;;;
671230;03/04/2025;quinta-feira;07:00:00;GO;70;0;AGUAS LINDAS DE GOIAS;Aus�ncia de rea��o do condutor;Queda de ocupante de ve�culo;Com V�timas Feridas;Pleno dia;Decrescente;C�u Claro;Dupla;"Reta;Declive";Sim;1;0;0;1;0;0;1;1;-15,778645;-48,234065;SPRF-DF;DEL03-DF;UOP02-DEL03-DF;;;
671232;03/04/2025;quinta-feira;07:50:00;RS;116;268;PORTO ALEGRE;Condutor deixou de manter dist�ncia do ve�culo da frente;Colis�o transversal;Com V�timas Feridas;Pleno dia;Decrescente;C�u Claro;M�ltipla;Reta;Sim;3;0;2;0;1;0;2;3;-29,9699876;-51,1711866;SPRF-RS;DEL01-RS;UOP01-DEL01-RS;;;
671233;03/04/2025;quinta-feira;06:30:00;GO;20;8,5;FORMOSA;Acostamento em desn�vel;Sa�da de leito carro��vel;Sem V�timas;Amanhecer;Crescente;C�u Claro;Simples;"Reta;Em Obras";N�o;1;0;0;0;0;1;0;1;-15,552952;-47,279437;SPRF-DF;DEL02-DF;UOP02-DEL02-DF;;;
671235;03/04/2025;quinta-feira;06:20:00;GO;452;1,8;RIO VERDE;Aus�ncia de rea��o do condutor;Colis�o traseira;Com V�timas Fatais;Amanhecer;Decrescente;C�u Claro;Dupla;"Aclive;Reta";Sim;2;1;0;0;0;1;0;2;-17,795065;-50,88699;SPRF-GO;DEL04-GO;UOP01-DEL04-GO;;;
671237;03/04/2025;quinta-feira;07:42:00;CE;116;46;PACAJUS;Condutor deixou de manter dist�ncia do ve�culo da frente;Colis�o traseira;Com V�timas Feridas;Pleno dia;Decrescente;Sol;Dupla;Curva;N�o;2;0;1;0;1;0;1;2;-4,1472831;-38,4756775;SPRF-CE;DEL01-CE;UOP02-DEL01-CE;;;
671239;03/04/2025;quinta-feira;08:00:00;RS;287;247,5;SANTA MARIA;Rea��o tardia ou ineficiente do condutor;Colis�o traseira;Com V�timas Feridas;Pleno dia;Decrescente;Nublado;Dupla;Reta;Sim;2;0;1;0;1;0;1;1;-29,697444;-53,846583;SPRF-RS;DEL09-RS;UOP01-DEL09-RS;;;
671242;03/04/2025;quinta-feira;02:00:00;RJ;116;180;NOVA IGUACU;Pedestre andava na pista;Atropelamento de Pedestre;Com V�timas Feridas;Plena Noite;Decrescente;C�u Claro;M�ltipla;Reta;Sim;2;0;0;1;0;1;1;2;-22,76255;-43,421249;SPRF-RJ;DEL06-RJ;UOP01-DEL06-RJ;;;
671243;02/04/2025;quarta-feira;19:20:00;RJ;495;2;TERESOPOLIS;Condutor deixou de manter dist�ncia do ve�culo da frente;Colis�o traseira;Com V�timas Feridas;Plena Noite;Crescente;Nublado;Simples;Reta;Sim;3;0;2;0;1;0;2;2;-22,39356092;-42,98699141;SPRF-RJ;DEL04-RJ;UOP01-DEL04-RJ;;;
671244;03/04/2025;quinta-feira;07:30:00;SC;101;199,8;SAO JOSE;Condutor usando celular;Colis�o traseira;Com V�timas Feridas;Pleno dia;Crescente;Chuva;Dupla;Reta;Sim;2;0;1;0;1;0;1;2;-27,53929269;-48,6237427;SPRF-SC;DEL01-SC;UOP01-DEL01-SC;;;
671245;03/04/2025;quinta-feira;07:30:00;PR;376;604;CURITIBA;Trafegar com motocicleta (ou similar) entre as faixas;Colis�o traseira;Com V�timas Feridas;Pleno dia;Decrescente;C�u Claro;Dupla;Curva;Sim;2;0;1;0;1;0;1;2;-25,52881966;-49,32751525;SPRF-PR;DEL01-PR;UOP06-DEL01-PR;;;
671246;03/04/2025;quinta-feira;08:10:00;MG;381;879;ESTIVA;Velocidade Incompat�vel;Sa�da de leito carro��vel;Com V�timas Feridas;Pleno dia;Decrescente;Garoa/Chuvisco;Dupla;"Declive;Reta";N�o;2;0;1;0;1;0;1;1;-22,45458381;-46,00507736;SPRF-MG;DEL16-MG;UOP01-DEL16-MG;;;
671247;02/04/2025;quarta-feira;21:00:00;RJ;465;18;SEROPEDICA;Acessar a via sem observar a presen�a dos outros ve�culos;Atropelamento de Pedestre;Com V�timas Feridas;Plena Noite;Crescente;C�u Claro;Simples;Reta;Sim;2;0;1;0;0;1;1;2;-22,7147776;-43,7223424;SPRF-RJ;DEL06-RJ;UOP02-DEL06-RJ;;;
671249;03/04/2025;quinta-feira;07:30:00;RS;392;41,7;RIO GRANDE;Acessar a via sem observar a presen�a dos outros ve�culos;Colis�o transversal;Com V�timas Feridas;Pleno dia;Crescente;Nublado;Dupla;Reta;Sim;2;0;1;0;1;0;1;2;-31,946958;-52,309231;SPRF-RS;DEL07-RS;UOP02-DEL07-RS;;;
671250;03/04/2025;quinta-feira;08:47:00;PB;230;22,9;JOAO PESSOA;Manobra de mudan�a de faixa;Colis�o lateral mesmo sentido;Com V�timas Feridas;Pleno dia;Decrescente;C�u Claro;Dupla;Reta;Sim;2;0;1;0;1;0;1;2;-7,15848687;-34,85840678;SPRF-PB;DEL01-PB;UOP01-DEL01-PB;;;
671253;30/03/2025;domingo;20:00:00;PR;476;358;UNIAO DA VITORIA;Velocidade Incompat�vel;Colis�o frontal;Com V�timas Feridas;Plena Noite;Decrescente;Nublado;Simples;"Curva;Aclive;Viaduto";N�o;6;0;4;2;0;0;6;2;-26,20118126;-51,06022228;SPRF-PR;DEL02-PR;UOP03-DEL02-PR;;;
671257;03/04/2025;quinta-feira;01:40:00;BA;101;578;CAMACAN;Demais falhas mec�nicas ou el�tricas;Inc�ndio;Sem V�timas;Amanhecer;Crescente;Nublado;Simples;Reta;N�o;1;0;0;0;1;0;0;1;-15,341874;-39,500362;SPRF-BA;DEL05-BA;UOP02-DEL05-BA;;;
671258;03/04/2025;quinta-feira;06:50:00;BA;116;806;VITORIA DA CONQUISTA;Aus�ncia de rea��o do condutor;Tombamento;Com V�timas Feridas;Pleno dia;Crescente;C�u Claro;Simples;Reta;N�o;1;0;1;0;0;0;1;1;-14,772309;-40,720535;SPRF-BA;DEL08-BA;UOP01-DEL08-BA;;;
671260;03/04/2025;quinta-feira;07:55:00;PA;316;65;CASTANHAL;Acessar a via sem observar a presen�a dos outros ve�culos;Colis�o transversal;Com V�timas Feridas;Pleno dia;Decrescente;Sol;Dupla;Reta;Sim;3;0;2;1;0;0;3;2;-1,29603;-47,90927;SPRF-PA;DEL01-PA;UOP01-DEL01-PA;;;
671261;29/01/2025;quarta-feira;17:30:00;BA;420;293;SANTA INES;Demais falhas na via;Queda de ocupante de ve�culo;Com V�timas Feridas;Pleno dia;Crescente;Ignorado;Simples;Reta;N�o;1;0;1;0;0;0;1;1;-13,27341512;-39,80758667;SPRF-BA;DEL03-BA;UOP01-DEL03-BA;;;
671263;03/04/2025;quinta-feira;08:50:00;RJ;40;7;PETROPOLIS;Rea��o tardia ou ineficiente do condutor;Queda de ocupante de ve�culo;Com V�timas Feridas;Pleno dia;Decrescente;C�u Claro;Dupla;Curva;Sim;1;0;1;0;0;0;1;1;-22,2824918;-43,1192824;SPRF-RJ;DEL05-RJ;UOP02-DEL05-RJ;;;
671267;03/04/2025;quinta-feira;08:20:00;AC;364;125;RIO BRANCO;Aus�ncia de rea��o do condutor;Queda de ocupante de ve�culo;Com V�timas Feridas;Pleno dia;Crescente;C�u Claro;Dupla;Rotat�ria;N�o;1;0;1;0;0;0;1;1;-10,01158125;-67,7979457;SPRF-AC;DEL01-AC;UOP01-DEL01-AC;;;
671269;03/04/2025;quinta-feira;08:30:00;MS;158;331;BRASILANDIA;Rea��o tardia ou ineficiente do condutor;Sa�da de leito carro��vel;Com V�timas Fatais;Pleno dia;Crescente;C�u Claro;Simples;Reta;N�o;2;1;0;0;0;1;0;2;-21,19407512;-51,99670315;SPRF-MS;DEL07-MS;UOP01-DEL07-MS;;;
671270;10/03/2025;segunda-feira;15:30:00;SC;101;430,3;SOMBRIO;Manobra de mudan�a de faixa;Colis�o lateral mesmo sentido;Com V�timas Feridas;Pleno dia;Crescente;Nublado;M�ltipla;Reta;Sim;3;0;1;1;0;1;2;2;-29,065767;-49,6253;SPRF-SC;DEL02-SC;UOP02-DEL02-SC;;;
671271;03/04/2025;quinta-feira;09:00:00;PB;230;214;SOLEDADE;Condutor deixou de manter dist�ncia do ve�culo da frente;Colis�o traseira;Sem V�timas;Pleno dia;Crescente;Sol;Simples;Reta;Sim;2;0;0;0;2;0;0;2;-7,05981646;-36,35607719;SPRF-PB;DEL02-PB;UOP02-DEL02-PB;;;
671272;02/03/2025;domingo;19:10:00;RJ;116;169;RIO DE JANEIRO;Acessar a via sem observar a presen�a dos outros ve�culos;Capotamento;Com V�timas Feridas;Plena Noite;Decrescente;C�u Claro;Dupla;Reta;N�o;2;0;1;0;1;0;1;2;-22,804406;-43,3450849;SPRF-RJ;DEL06-RJ;UOP01-DEL06-RJ;;;
671274;03/04/2025;quinta-feira;11:00:00;SE;235;5;NOSSA SENHORA DO SOCORRO;Demais falhas mec�nicas ou el�tricas;Queda de ocupante de ve�culo;Com V�timas Feridas;Pleno dia;Crescente;C�u Claro;Dupla;Reta;N�o;2;0;2;0;0;0;2;1;-10,905113;-37,123157;SPRF-SE;DEL01-SE;UOP01-DEL01-SE;;;
671276;22/02/2025;s�bado;18:00:00;MG;365;623;UBERLANDIA;Objeto est�tico sobre o leito carro��vel;Colis�o com objeto;Com V�timas Feridas;Plena Noite;Crescente;C�u Claro;Dupla;Reta;N�o;2;0;2;0;0;0;2;1;-18,89949508;-48,27329619;SPRF-MG;DEL15-MG;UOP01-DEL15-MG;;;
671277;03/04/2025;quinta-feira;11:30:00;TO;153;146;ARAGUAINA;Avarias e/ou desgaste excessivo no pneu;Queda de ocupante de ve�culo;Com V�timas Feridas;Pleno dia;Crescente;C�u Claro;Dupla;Reta;Sim;2;0;2;0;0;0;2;1;-7,21738299;-48,2464385;SPRF-TO;DEL02-TO;UOP01-DEL02-TO;;;
671278;03/04/2025;quinta-feira;06:20:00;MA;316;72,5;GOVERNADOR NUNES FREIRE;Manobra de mudan�a de faixa;Colis�o frontal;Com V�timas Fatais;Amanhecer;Crescente;C�u Claro;Simples;Reta;N�o;2;1;0;0;1;0;0;2;-2,178192;-45,873805;SPRF-MA;DEL02-MA;UOP02-DEL02-MA;;;