id;data_inversa;dia_semana;horario;uf;br;km;municipio;causa_acidente;tipo_acidente;classificacao_acidente;fase_dia;sentido_via;condicao_metereologica;tipo_pista;tracado_via;uso_solo;pessoas;mortos;feridos_leves;feridos_graves;ilesos;ignorados;feridos;veiculos;latitude;longitude;regional;delegacia;uop;;;
671408;04/04/2025;sexta-feira;04:10:00;SC;101;148,4;ITAPEMA;Aus�ncia de rea��o do condutor;Colis�o traseira;Sem V�timas;Plena Noite;Crescente;C�u Claro;M�ltipla;Reta;N�o;3;0;0;0;2;1;0;3;-27,10335688;-48,61725279;SPRF-SC;DEL04-SC;UOP03-DEL04-SC;;;
671409;04/04/2025;sexta-feira;03:30:00;GO;60;379;RIO VERDE;Demais falhas mec�nicas ou el�tricas;Inc�ndio;Com V�timas Feridas;Plena Noite;Decrescente;Nublado;M�ltipla;"Aclive;Reta";Sim;3;0;1;0;2;0;1;1;-17,779333;-50,893383;SPRF-GO;DEL04-GO;UOP02-DEL04-GO;;;
671410;04/04/2025;sexta-feira;02:00:00;PR;277;383;CANDOI;Aus�ncia de rea��o do condutor;Colis�o frontal;Com V�timas Feridas;Plena Noite;Crescente;C�u Claro;Simples;Reta;N�o;45;0;0;2;43;0;2;2;-25,43386;-51,80727;SPRF-PR;DEL08-PR;UOP01-DEL08-PR;;;
671414;04/04/2025;sexta-feira;05:58:00;GO;40;2;VALPARAISO DE GOIAS;Condutor deixou de manter dist�ncia do ve�culo da frente;Colis�o traseira;Com V�timas Feridas;Amanhecer;Decrescente;C�u Claro;Dupla;Reta;Sim;3;0;1;1;1;0;2;2;-16,0673668;-47,984976;SPRF-DF;DEL01-DF;UOP01-DEL01-DF;;;
671417;04/04/2025;sexta-feira;06:00:00;RS;290;325;CACAPAVA DO SUL;Transitar na contram�o;Colis�o frontal;Com V�timas Feridas;Amanhecer;Crescente;C�u Claro;Simples;"Reta;Aclive";N�o;5;0;3;0;2;0;3;2;-30,36991535;-53,4342041;SPRF-RS;DEL09-RS;UOP02-DEL09-RS;;;
671418;04/04/2025;sexta-feira;05:15:00;SC;282;85;ALFREDO WAGNER;Demais falhas mec�nicas ou el�tricas;Sa�da de leito carro��vel;Com V�timas Feridas;Amanhecer;Crescente;Garoa/Chuvisco;Simples;"Declive;Curva";N�o;3;0;2;0;1;0;2;1;-27,66455269;-49,19620872;SPRF-SC;DEL01-SC;UOP03-DEL01-SC;;;
671420;04/04/2025;sexta-feira;06:30:00;MG;459;27,1;CALDAS;Velocidade Incompat�vel;Tombamento;Com V�timas Fatais;Pleno dia;Decrescente;Nublado;Simples;Curva;N�o;1;1;0;0;0;0;0;1;-21,88948998;-46,38851523;SPRF-MG;DEL09-MG;UOP01-DEL09-MG;;;
671422;04/04/2025;sexta-feira;06:21:00;PE;408;94;RECIFE;Chuva;Capotamento;Com V�timas Feridas;Pleno dia;Crescente;Garoa/Chuvisco;Dupla;"Reta;Declive";N�o;6;0;0;1;5;0;1;6;-8,05334;-35,00256;SPRF-PE;DEL01-PE;UOP01-DEL01-PE;;;
671423;04/04/2025;sexta-feira;07:10:00;SP;381;85;SAO PAULO;Rea��o tardia ou ineficiente do condutor;Engavetamento;Com V�timas Feridas;Pleno dia;Crescente;Chuva;Dupla;Reta;Sim;5;0;1;0;4;0;1;4;-23,45600262;-46,57173157;SPRF-SP;DEL03-SP;UOP01-DEL03-SP;;;
671425;03/04/2025;quinta-feira;18:30:00;MG;381;740,8;TRES CORACOES;Demais falhas mec�nicas ou el�tricas;Sa�da de leito carro��vel;Sem V�timas;Anoitecer;Crescente;C�u Claro;Dupla;Curva;N�o;1;0;0;0;1;0;0;1;-21,588092;-45,237759;SPRF-MG;DEL16-MG;UOP02-DEL16-MG;;;
671426;04/04/2025;sexta-feira;03:00:00;PR;373;249;GUAMIRANGA;Aus�ncia de rea��o do condutor;Sa�da de leito carro��vel;Com V�timas Feridas;Plena Noite;Crescente;C�u Claro;Simples;Reta;N�o;1;0;1;0;0;0;1;1;-25,189918;-50,84389;SPRF-PR;DEL03-PR;UOP01-DEL03-PR;;;
671429;04/04/2025;sexta-feira;06:50:00;RS;158;145,7;PANAMBI;Manobra de mudan�a de faixa;Colis�o lateral mesmo sentido;Com V�timas Feridas;Pleno dia;Crescente;C�u Claro;Dupla;Reta;N�o;4;0;3;0;1;0;3;2;-28,29712582;-53,48693848;SPRF-RS;DEL10-RS;UOP02-DEL10-RS;;;
671430;04/04/2025;sexta-feira;07:15:00;RS;116;256;ESTEIO;Acumulo de areia ou detritos sobre o pavimento;Colis�o com objeto;Com V�timas Feridas;Pleno dia;Decrescente;C�u Claro;Dupla;"Reta;Em Obras";Sim;1;0;1;0;0;0;1;1;-29,84669154;-51,17791685;SPRF-RS;DEL01-RS;UOP02-DEL01-RS;;;
671431;04/04/2025;sexta-feira;07:30:00;DF;251;60,9;BRASILIA;Aus�ncia de rea��o do condutor;Tombamento;Com V�timas Feridas;Pleno dia;Crescente;C�u Claro;Simples;Curva;Sim;1;0;0;1;0;0;1;1;-15,976526;-47,989127;SPRF-DF;DEL01-DF;UOP01-DEL01-DF;;;
671433;04/04/2025;sexta-feira;06:50:00;RJ;40;117;DUQUE DE CAXIAS;Demais falhas mec�nicas ou el�tricas;Queda de ocupante de ve�culo;Com V�timas Feridas;Pleno dia;Crescente;C�u Claro;M�ltipla;Reta;Sim;2;0;1;0;1;0;1;1;-22,746153;-43,288117;SPRF-RJ;DEL01-RJ;UOP02-DEL01-RJ;;;
671436;04/04/2025;sexta-feira;07:30:00;GO;153;506,9;APARECIDA DE GOIANIA;Aus�ncia de rea��o do condutor;Colis�o traseira;Com V�timas Feridas;Pleno dia;Crescente;C�u Claro;Simples;Reta;Sim;2;0;0;1;1;0;1;2;-16,75968276;-49,24050439;SPRF-GO;DEL01-GO;UOP01-DEL01-GO;;;
671437;04/04/2025;sexta-feira;07:20:00;MS;163;532;JARAGUARI;Manobra de mudan�a de faixa;Colis�o lateral mesmo sentido;Com V�timas Feridas;Pleno dia;Crescente;C�u Claro;Dupla;Reta;N�o;2;0;1;0;1;0;1;2;-20,07338275;-54,42720643;SPRF-MS;DEL01-MS;UOP02-DEL01-MS;;;
671438;04/04/2025;sexta-feira;07:15:00;BA;101;198,2;CACHOEIRA;Acessar a via sem observar a presen�a dos outros ve�culos;Atropelamento de Pedestre;Com V�timas Feridas;Pleno dia;Crescente;C�u Claro;Simples;Curva;N�o;2;0;0;1;0;1;1;2;-12,566961;-38,974485;SPRF-BA;DEL01-BA;UOP03-DEL01-BA;;;
671439;04/04/2025;sexta-feira;08:00:00;TO;235;163,2;PEDRO AFONSO;Rea��o tardia ou ineficiente do condutor;Colis�o traseira;Com V�timas Feridas;Pleno dia;Crescente;C�u Claro;Simples;Reta;N�o;3;0;2;1;0;0;3;2;-8,995252;-48,173308;SPRF-TO;DEL02-TO;UOP02-DEL02-TO;;;
671440;04/04/2025;sexta-feira;08:00:00;PR;376;240;APUCARANA;Velocidade Incompat�vel;Sa�da de leito carro��vel;Com V�timas Feridas;Pleno dia;Crescente;C�u Claro;Dupla;"Curva;Aclive";N�o;1;0;1;0;0;0;1;1;-23,58235322;-51,45323932;SPRF-PR;DEL07-PR;UOP03-DEL07-PR;;;
671441;04/04/2025;sexta-feira;06:35:00;RS;386;220,4;TIO HUGO;Acessar a via sem observar a presen�a dos outros ve�culos;Colis�o transversal;Com V�timas Feridas;Amanhecer;Crescente;Nublado;Simples;Reta;N�o;2;0;1;0;1;0;1;2;-28,62406239;-52,61321761;SPRF-RS;DEL04-RS;UOP03-DEL04-RS;;;
671442;04/04/2025;sexta-feira;07:20:00;AL;104;89,5;RIO LARGO;Demais falhas mec�nicas ou el�tricas;Tombamento;Com V�timas Feridas;Pleno dia;Crescente;C�u Claro;Dupla;Reta;Sim;2;0;0;2;0;0;2;1;-9,46648673;-35,82635701;SPRF-AL;DEL01-AL;UOP01-DEL01-AL;;;
671443;04/04/2025;sexta-feira;07:40:00;SC;101;196;BIGUACU;Acessar a via sem observar a presen�a dos outros ve�culos;Tombamento;Com V�timas Feridas;Pleno dia;Decrescente;C�u Claro;Dupla;Reta;Sim;2;0;1;0;0;1;1;2;-27,50881;-48,64522;SPRF-SC;DEL01-SC;UOP01-DEL01-SC;;;
671444;04/04/2025;sexta-feira;07:25:00;MG;262;376;JUATUBA;Acessar a via sem observar a presen�a dos outros ve�culos;Colis�o transversal;Com V�timas Feridas;Pleno dia;Decrescente;C�u Claro;Dupla;Interse��o de Vias;Sim;2;0;1;0;1;0;1;2;-19,93007;-44,4011;SPRF-MG;DEL01-MG;UOP03-DEL01-MG;;;
671445;04/04/2025;sexta-feira;08:10:00;AL;104;89;RIO LARGO;Velocidade Incompat�vel;Colis�o transversal;Com V�timas Feridas;Pleno dia;Crescente;C�u Claro;M�ltipla;Reta;N�o;4;0;3;0;1;0;3;2;-9,49502932;-35,81357175;SPRF-AL;DEL01-AL;UOP01-DEL01-AL;;;
671447;04/04/2025;sexta-feira;08:10:00;RJ;116;186;NOVA IGUACU;Acessar a via sem observar a presen�a dos outros ve�culos;Colis�o traseira;Com V�timas Feridas;Pleno dia;Decrescente;Chuva;Dupla;Reta;Sim;2;0;1;0;1;0;1;2;-22,73993599;-43,45958406;SPRF-RJ;DEL06-RJ;UOP01-DEL06-RJ;;;
671448;04/04/2025;sexta-feira;06:40:00;MG;356;269,2;MURIAE;Desrespeitar a prefer�ncia no cruzamento;Colis�o transversal;Com V�timas Feridas;Pleno dia;Crescente;C�u Claro;Simples;"Interse��o de Vias;Curva";Sim;2;0;1;0;0;1;1;2;-21,12595111;-42,32938886;SPRF-MG;DEL07-MG;UOP02-DEL07-MG;;;
671449;15/03/2025;s�bado;19:45:00;AL;104;37;UNIAO DOS PALMARES;Animais na Pista;Atropelamento de Animal;Com V�timas Feridas;Plena Noite;Decrescente;C�u Claro;Simples;Reta;N�o;3;0;1;0;2;0;1;1;-9,1763915;-36,03071451;SPRF-AL;DEL01-AL;UOP02-DEL01-AL;;;
671450;04/04/2025;sexta-feira;08:30:00;PE;101;92;CABO DE SANTO AGOSTINHO;Trafegar com motocicleta (ou similar) entre as faixas;Colis�o traseira;Com V�timas Feridas;Pleno dia;Decrescente;C�u Claro;Dupla;Reta;Sim;2;0;1;0;1;0;1;2;-8,23636241;-35,00228835;SPRF-PE;DEL01-PE;UOP01-DEL01-PE;;;
671451;04/04/2025;sexta-feira;09:00:00;PR;277;82;CURITIBA;Ultrapassagem Indevida;Colis�o lateral mesmo sentido;Com V�timas Feridas;Pleno dia;Crescente;C�u Claro;Dupla;Reta;Sim;2;0;1;0;1;0;1;2;-25,454228;-49,224952;SPRF-PR;DEL01-PR;UOP03-DEL01-PR;;;
671452;04/04/2025;sexta-feira;08:30:00;PE;408;93;JABOATAO DOS GUARARAPES;Condutor deixou de manter dist�ncia do ve�culo da frente;Colis�o traseira;Com V�timas Feridas;Pleno dia;Crescente;C�u Claro;Dupla;Reta;Sim;2;0;2;0;0;0;2;2;-8,06859943;-34,99085641;SPRF-PE;DEL01-PE;UOP01-DEL01-PE;;;
671453;04/04/2025;sexta-feira;09:00:00;SP;116;68;APARECIDA;Aus�ncia de rea��o do condutor;Colis�o traseira;Sem V�timas;Pleno dia;Crescente;Nublado;Dupla;Reta;Sim;2;0;0;0;2;0;0;2;-22,83264267;-45,21636057;SPRF-SP;DEL08-SP;UOP01-DEL08-SP;;;
671454;04/04/2025;sexta-feira;09:00:00;PE;101;92;CABO DE SANTO AGOSTINHO;Aus�ncia de rea��o do condutor;Colis�o lateral mesmo sentido;Com V�timas Feridas;Pleno dia;Decrescente;Nublado;Dupla;Reta;Sim;2;0;2;0;0;0;2;2;-8,23234;-34,99803;SPRF-PE;DEL01-PE;UOP01-DEL01-PE;;;
671457;16/02/2025;domingo;04:12:00;SE;235;53;ITABAIANA;Transitar no Acostamento;Colis�o frontal;Com V�timas Feridas;Plena Noite;Crescente;C�u Claro;Simples;Reta;Sim;2;0;0;1;0;1;1;2;-10,6747783;-37,44371295;SPRF-SE;DEL01-SE;UOP02-DEL01-SE;;;
671460;04/04/2025;sexta-feira;08:07:00;RO;364;12;VILHENA;Ultrapassagem Indevida;Colis�o lateral sentido oposto;Com V�timas Feridas;Pleno dia;Crescente;Nublado;Simples;Reta;Sim;3;0;1;1;1;0;2;2;-12,74252471;-60,1242578;SPRF-RO;DEL04-RO;UOP01-DEL04-RO;;;
671461;04/04/2025;sexta-feira;07:45:00;PR;153;336,6;IRATI;Acessar a via sem observar a presen�a dos outros ve�culos;Colis�o transversal;Com V�timas Feridas;Pleno dia;Decrescente;C�u Claro;Simples;Reta;N�o;2;0;1;0;1;0;1;2;-25,51106801;-50,65291459;SPRF-PR;DEL08-PR;UOP02-DEL08-PR;;;
671462;04/04/2025;sexta-feira;10:15:00;SC;282;0,6;FLORIANOPOLIS;Aus�ncia de rea��o do condutor;Colis�o traseira;Com V�timas Feridas;Pleno dia;Decrescente;Nublado;Dupla;Reta;Sim;4;0;0;1;3;0;1;4;-27,60089;-48,57723;SPRF-SC;DEL01-SC;UOP01-DEL01-SC;;;
671463;04/04/2025;sexta-feira;09:27:00;SP;381;88;ATIBAIA;Rea��o tardia ou ineficiente do condutor;Engavetamento;Com V�timas Feridas;Pleno dia;Decrescente;C�u Claro;Simples;Reta;Sim;4;0;1;0;3;0;1;4;-23,1964672;-46,5829888;SPRF-SP;DEL03-SP;UOP01-DEL03-SP;;;
671465;04/04/2025;sexta-feira;08:00:00;MG;116;265,2;TEOFILO OTONI;Condutor deixou de manter dist�ncia do ve�culo da frente;Colis�o lateral mesmo sentido;Com V�timas Feridas;Pleno dia;Crescente;C�u Claro;Simples;Aclive;N�o;3;0;0;1;2;0;1;2;-17,8720202;-41,5199613;SPRF-MG;DEL11-MG;UOP01-DEL11-MG;;;
671467;04/04/2025;sexta-feira;09:15:00;MS;163;164,7;JUTI;Suic�dio (presumido);Sa�da de leito carro��vel;Sem V�timas;Pleno dia;Crescente;C�u Claro;Simples;"Declive;Reta";N�o;1;0;0;0;1;0;0;1;-22,901042;-54,553782;SPRF-MS;DEL09-MS;UOP01-DEL09-MS;;;
671470;30/03/2025;domingo;19:45:00;SC;101;324;CAPIVARI DE BAIXO;Acessar a via sem observar a presen�a dos outros ve�culos;Colis�o transversal;Com V�timas Feridas;Plena Noite;Crescente;C�u Claro;Dupla;"Reta;Interse��o de Vias";Sim;2;0;1;0;0;1;1;2;-28,4247764;-48,9429889;SPRF-SC;DEL02-SC;UOP01-DEL02-SC;;;
671471;04/04/2025;sexta-feira;06:50:00;MA;135;21;SAO LUIS;Acessar a via sem observar a presen�a dos outros ve�culos;Colis�o transversal;Com V�timas Feridas;Pleno dia;Decrescente;C�u Claro;Dupla;Reta;Sim;2;0;1;0;1;0;1;2;-2,5561583;-44,311436;SPRF-MA;DEL01-MA;UOP01-DEL01-MA;;;
671474;04/04/2025;sexta-feira;10:54:00;PE;101;53,4;PAULISTA;Manobra de mudan�a de faixa;Colis�o lateral mesmo sentido;Com V�timas Feridas;Pleno dia;Crescente;C�u Claro;Dupla;Reta;N�o;2;0;0;1;1;0;1;2;-7,93917343;-34,9036932;SPRF-PE;DEL01-PE;UOP02-DEL01-PE;;;
671475;31/03/2025;segunda-feira;06:20:00;BA;415;25;ITABUNA;Velocidade Incompat�vel;Capotamento;Com V�timas Feridas;Pleno dia;Crescente;Garoa/Chuvisco;Dupla;Curva;N�o;2;0;1;0;1;0;1;1;-14,7911492;-39,2771439;SPRF-BA;DEL05-BA;UOP01-DEL05-BA;;;
671476;04/04/2025;sexta-feira;12:00:00;SP;116;220;GUARULHOS;Velocidade Incompat�vel;Colis�o traseira;Com V�timas Feridas;Pleno dia;Decrescente;C�u Claro;M�ltipla;Reta;N�o;2;0;1;0;1;0;1;2;-23,46504197;-46,49877364;SPRF-SP;DEL01-SP;UOP01-DEL01-SP;;;
671479;04/04/2025;sexta-feira;11:25:00;RS;293;16;CAPAO DO LEAO;Aus�ncia de rea��o do condutor;Colis�o traseira;Com V�timas Feridas;Pleno dia;Decrescente;C�u Claro;Simples;"Em Obras;Reta";Sim;4;0;2;0;2;0;2;2;-31,74703663;-52,48877048;SPRF-RS;DEL07-RS;UOP01-DEL07-RS;;;
671481;04/04/2025;sexta-feira;12:10:00;RJ;116;185;NOVA IGUACU;Manobra de mudan�a de faixa;Colis�o lateral mesmo sentido;Com V�timas Feridas;Pleno dia;Decrescente;C�u Claro;Dupla;Reta;N�o;2;0;1;0;0;1;1;2;-22,74103972;-43,45547676;SPRF-RJ;DEL06-RJ;UOP01-DEL06-RJ;;;
671482;04/04/2025;sexta-feira;12:00:00;SC;101;155;PORTO BELO;Rea��o tardia ou ineficiente do condutor;Colis�o traseira;Com V�timas Feridas;Pleno dia;Crescente;C�u Claro;Dupla;Reta;Sim;3;0;1;0;2;0;1;3;-27,16636114;-48,61301064;SPRF-SC;DEL04-SC;UOP03-DEL04-SC;;;
671483;04/04/2025;sexta-feira;11:00:00;RO;319;62;PORTO VELHO;Condutor desrespeitou a ilumina��o vermelha do sem�foro;Colis�o transversal;Com V�timas Feridas;Pleno dia;Decrescente;Nublado;Dupla;Reta;Sim;2;0;1;0;1;0;1;2;-8,75830936;-63,88587892;SPRF-RO;DEL01-RO;UOP01-DEL01-RO;;;
671486;04/04/2025;sexta-feira;11:40:00;RN;101;97,5;NATAL;Aus�ncia de sinaliza��o;Colis�o traseira;Com V�timas Feridas;Pleno dia;Decrescente;C�u Claro;Dupla;Reta;Sim;2;0;1;0;1;0;1;2;-5,8590317;-35,2134344;SPRF-RN;DEL01-RN;UOP01-DEL01-RN;;;
671487;04/04/2025;sexta-feira;08:47:00;RJ;393;237;VASSOURAS;Condutor deixou de manter dist�ncia do ve�culo da frente;Colis�o traseira;Com V�timas Feridas;Pleno dia;Crescente;Nublado;Simples;Reta;N�o;2;0;1;0;1;0;1;2;-22,42658195;-43,69303219;SPRF-RJ;DEL05-RJ;UOP03-DEL05-RJ;;;
671488;19/03/2025;quarta-feira;07:29:00;SC;101;205;SAO JOSE;Aus�ncia de rea��o do condutor;Tombamento;Com V�timas Feridas;Pleno dia;Decrescente;C�u Claro;M�ltipla;Reta;Sim;2;0;1;0;1;0;1;2;-27,593;-48,618;SPRF-SC;DEL01-SC;UOP01-DEL01-SC;;;
671489;04/04/2025;sexta-feira;12:00:00;GO;20;217,3;POSSE;Rea��o tardia ou ineficiente do condutor;Colis�o transversal;Com V�timas Fatais;Pleno dia;Crescente;C�u Claro;Simples;Reta;N�o;2;1;0;1;0;0;1;2;-14,22309;-46,33762;SPRF-DF;DEL02-DF;UOP03-DEL02-DF;;;
671490;04/04/2025;sexta-feira;12:50:00;MG;381;509;SAO JOAQUIM DE BICAS;Manobra de mudan�a de faixa;Colis�o lateral mesmo sentido;Com V�timas Feridas;Pleno dia;Crescente;C�u Claro;M�ltipla;Curva;Sim;2;0;1;0;1;0;1;2;-20,048335;-44,2750441;SPRF-MG;DEL01-MG;UOP03-DEL01-MG;;;
671496;04/04/2025;sexta-feira;07:00:00;MG;262;810;UBERABA;Pedestre cruzava a pista fora da faixa;Tombamento;Com V�timas Feridas;Amanhecer;Decrescente;C�u Claro;Dupla;Reta;Sim;2;0;1;1;0;0;2;1;-19,770789;-47,975375;SPRF-MG;DEL13-MG;UOP01-DEL13-MG;;;
671497;04/04/2025;sexta-feira;11:15:00;SC;101;4;ARARANGUA;Acessar a via sem observar a presen�a dos outros ve�culos;Colis�o frontal;Com V�timas Feridas;Pleno dia;Decrescente;C�u Claro;Simples;Reta;Sim;2;0;0;1;1;0;1;2;-28,95093995;-49,50753624;SPRF-SC;DEL02-SC;UOP02-DEL02-SC;;;
671499;04/04/2025;sexta-feira;13:05:00;MG;381;486;BETIM;Aus�ncia de rea��o do condutor;Colis�o com objeto;Com V�timas Feridas;Pleno dia;Decrescente;Nublado;M�ltipla;"Reta;Declive";Sim;1;0;1;0;0;0;1;1;-19,95627647;-44,1058588;SPRF-MG;DEL01-MG;UOP03-DEL01-MG;;;
671500;04/04/2025;sexta-feira;13:00:00;RJ;40;34;AREAL;Velocidade Incompat�vel;Sa�da de leito carro��vel;Com V�timas Feridas;Pleno dia;Decrescente;C�u Claro;Dupla;Curva;N�o;1;0;1;0;0;0;1;1;-22,2670625;-43,1109551;SPRF-RJ;DEL05-RJ;UOP02-DEL05-RJ;;;
671502;04/04/2025;sexta-feira;10:32:00;MT;364;498,8;JANGADA;Defici�ncia do Sistema de Ilumina��o/Sinaliza��o;Inc�ndio;Sem V�timas;Pleno dia;Crescente;C�u Claro;Simples;Reta;N�o;4;0;0;0;4;0;0;1;-15,18827124;-56,51659012;SPRF-MT;DEL01-MT;UOP01-DEL01-MT;;;
671503;04/04/2025;sexta-feira;13:20:00;PR;277;12;PARANAGUA;Trafegar com motocicleta (ou similar) entre as faixas;Colis�o transversal;Com V�timas Feridas;Pleno dia;Decrescente;Nublado;Dupla;Reta;N�o;5;0;1;0;4;0;1;2;-25,56285254;-48,63858635;SPRF-PR;DEL01-PR;UOP05-DEL01-PR;;;
671504;04/04/2025;sexta-feira;13:40:00;MG;262;424,8;IGARATINGA;Aus�ncia de rea��o do condutor;Capotamento;Com V�timas Feridas;Pleno dia;Decrescente;Sol;Dupla;Reta;N�o;2;0;1;0;0;1;1;2;-19,89427424;-44,80344772;SPRF-MG;DEL08-MG;UOP03-DEL08-MG;;;
671505;04/04/2025;sexta-feira;13:29:00;RN;405;3;MOSSORO;Acesso irregular;Colis�o transversal;Com V�timas Feridas;Pleno dia;Crescente;C�u Claro;Simples;Reta;Sim;2;0;0;1;1;0;1;2;-5,192917;-37,3758336;SPRF-RN;DEL04-RN;UOP02-DEL04-RN;;;
671506;04/04/2025;sexta-feira;13:20:00;RN;304;305;PARNAMIRIM;Acessar a via sem observar a presen�a dos outros ve�culos;Colis�o traseira;Com V�timas Feridas;Pleno dia;Decrescente;C�u Claro;Dupla;"Retorno Regulamentado;Aclive;Curva";Sim;2;0;1;0;1;0;1;2;-5,88574824;-35,2767121;SPRF-RN;DEL01-RN;UOP02-DEL01-RN;;;
671507;04/04/2025;sexta-feira;13:45:00;ES;101;267,1;SERRA;Aus�ncia de rea��o do condutor;Colis�o traseira;Com V�timas Feridas;Pleno dia;Crescente;C�u Claro;M�ltipla;Reta;Sim;2;0;1;0;0;1;1;2;-20,20097028;-40,26926994;SPRF-ES;DEL02-ES;UOP01-DEL02-ES;;;
671508;04/04/2025;sexta-feira;06:35:00;MG;365;752;ITUIUTABA;Animais na Pista;Atropelamento de Animal;Com V�timas Feridas;Amanhecer;Crescente;Nublado;Simples;Reta;Sim;1;0;1;0;0;0;1;1;-18,95822429;-49,47062753;SPRF-MG;DEL15-MG;UOP03-DEL15-MG;;;
671511;04/04/2025;sexta-feira;13:00:00;SP;381;84;SAO PAULO;Rea��o tardia ou ineficiente do condutor;Colis�o traseira;Com V�timas Feridas;Pleno dia;Decrescente;Garoa/Chuvisco;Dupla;Reta;N�o;2;0;0;1;1;0;1;2;-23,44789926;-46,56945169;SPRF-SP;DEL03-SP;UOP01-DEL03-SP;;;
671513;04/04/2025;sexta-feira;08:00:00;RO;435;128;CEREJEIRAS;Acessar a via sem observar a presen�a dos outros ve�culos;Colis�o lateral mesmo sentido;Com V�timas Feridas;Pleno dia;Crescente;Nublado;Simples;Reta;N�o;2;0;1;0;1;0;1;2;-13,18948523;-60,85796356;SPRF-RO;DEL04-RO;UOP02-DEL04-RO;;;
671514;04/04/2025;sexta-feira;14:00:00;PA;316;56;CASTANHAL;Sistema de drenagem ineficiente;Colis�o com objeto;Com V�timas Feridas;Pleno dia;Decrescente;Chuva;Dupla;"Declive;Curva";N�o;5;0;5;0;0;0;5;1;-1,30215401;-47,9878521;SPRF-PA;DEL01-PA;UOP01-DEL01-PA;;;
671518;31/03/2025;segunda-feira;13:30:00;GO;364;268;MINEIROS;Transitar na contram�o;Colis�o frontal;Com V�timas Feridas;Pleno dia;Crescente;Garoa/Chuvisco;Simples;"Declive;Curva";N�o;2;0;0;1;1;0;1;2;-17,67058044;-52,29567289;SPRF-GO;DEL05-GO;UOP01-DEL05-GO;;;
671520;04/04/2025;sexta-feira;11:05:00;PI;343;185;PIRIPIRI;Demais falhas na via;Tombamento;Com V�timas Feridas;Pleno dia;Decrescente;C�u Claro;Simples;Reta;Sim;3;0;1;0;0;2;1;3;-4,25142628;-41,69081692;SPRF-PI;DEL02-PI;UOP01-DEL02-PI;;;
671522;08/03/2025;s�bado;03:30:00;RS;293;42;CERRITO;Ingest�o de �lcool pelo condutor;Colis�o frontal;Com V�timas Feridas;Plena Noite;Crescente;C�u Claro;Simples;Reta;N�o;3;0;0;1;2;0;1;2;-31,741214;-52,749303;SPRF-RS;DEL07-RS;UOP01-DEL07-RS;;;
671523;04/04/2025;sexta-feira;14:55:00;SP;116;362;MIRACATU;Chuva;Sa�da de leito carro��vel;Sem V�timas;Pleno dia;Crescente;Chuva;Dupla;"Curva;Declive";N�o;2;0;0;0;2;0;0;1;-24,12310064;-47,27134109;SPRF-SP;DEL04-SP;UOP03-DEL04-SP;;;
671524;04/04/2025;sexta-feira;15:00:00;SC;470;64,1;INDAIAL;Objeto est�tico sobre o leito carro��vel;Tombamento;Com V�timas Feridas;Pleno dia;Crescente;C�u Claro;Dupla;"Curva;Aclive;Em Obras";N�o;1;0;1;0;0;0;1;1;-26,86962606;-49,20284986;SPRF-SC;DEL04-SC;UOP01-DEL04-SC;;;
671525;04/04/2025;sexta-feira;16:00:00;ES;101;221,4;IBIRACU;Rea��o tardia ou ineficiente do condutor;Engavetamento;Com V�timas Feridas;Pleno dia;Decrescente;C�u Claro;Simples;Reta;Sim;4;0;1;0;3;0;1;3;-19,867988;-40,404121;SPRF-ES;DEL02-ES;UOP01-DEL02-ES;;;
671526;04/04/2025;sexta-feira;15:50:00;RJ;116;80;TERESOPOLIS;Convers�o proibida;Colis�o transversal;Com V�timas Feridas;Pleno dia;Crescente;Chuva;Simples;Curva;Sim;2;0;1;0;0;1;1;2;-22,382079;-42,954949;SPRF-RJ;DEL04-RJ;UOP01-DEL04-RJ;;;
671527;04/04/2025;sexta-feira;16:00:00;ES;101;268,5;SERRA;Pedestre cruzava a pista fora da faixa;Atropelamento de Pedestre;Com V�timas Feridas;Pleno dia;Crescente;Sol;M�ltipla;Reta;Sim;2;0;2;0;0;0;2;2;-20,21476333;-40,26998833;SPRF-ES;DEL02-ES;UOP01-DEL02-ES;;;
671528;04/04/2025;sexta-feira;15:20:00;MG;40;771,9;JUIZ DE FORA;Transitar na contram�o;Colis�o lateral sentido oposto;Com V�timas Feridas;Pleno dia;Decrescente;Nublado;Simples;Curva;N�o;6;0;3;0;3;0;3;2;-21,63189901;-43,44406128;SPRF-MG;DEL05-MG;UOP01-DEL05-MG;;;
671530;04/04/2025;sexta-feira;15:25:00;SP;153;45,5;SAO JOSE DO RIO PRETO;Sinaliza��o mal posicionada;Colis�o traseira;Com V�timas Feridas;Pleno dia;Crescente;Chuva;Simples;"Reta;Em Obras";N�o;6;0;3;0;3;0;3;2;-20,669287;-49,340797;SPRF-SP;DEL09-SP;UOP01-DEL09-SP;;;
671531;04/04/2025;sexta-feira;16:00:00;SC;101;195,9;BIGUACU;Avarias e/ou desgaste excessivo no pneu;Tombamento;Com V�timas Feridas;Pleno dia;Crescente;C�u Claro;Dupla;Reta;Sim;2;0;2;0;0;0;2;1;-27,511;-48,644;SPRF-SC;DEL01-SC;UOP01-DEL01-SC;;;
671532;04/04/2025;sexta-feira;13:40:00;MT;174;1;PONTES E LACERDA;Desrespeitar a prefer�ncia no cruzamento;Colis�o frontal;Com V�timas Feridas;Pleno dia;Crescente;Chuva;Simples;Reta;Sim;3;0;1;0;2;0;1;2;-15,249055;-59,323757;SPRF-MT;DEL03-MT;UOP01-DEL03-MT;;;