id;data_inversa;dia_semana;horario;uf;br;km;municipio;causa_acidente;tipo_acidente;classificacao_acidente;fase_dia;sentido_via;condicao_metereologica;tipo_pista;tracado_via;uso_solo;pessoas;mortos;feridos_leves;feridos_graves;ilesos;ignorados;feridos;veiculos;latitude;longitude;regional;delegacia;uop;;;
671533;04/04/2025;sexta-feira;15:10:00;BA;116;9;VITORIA DA CONQUISTA;Demais falhas mec�nicas ou el�tricas;Inc�ndio;Sem V�timas;Pleno dia;Decrescente;C�u Claro;Simples;Reta;Sim;1;0;0;0;1;0;0;1;-14,8511;-40,8828;SPRF-BA;DEL08-BA;UOP01-DEL08-BA;;;
671534;04/04/2025;sexta-feira;15:30:00;SC;101;86,7;BARRA VELHA;Desrespeitar a prefer�ncia no cruzamento;Colis�o transversal;Com V�timas Feridas;Pleno dia;Decrescente;Nublado;M�ltipla;"Viaduto;Interse��o de Vias";Sim;2;0;0;1;1;0;1;2;-26,63894313;-48,69333744;SPRF-SC;DEL03-SC;UOP02-DEL03-SC;;;
671535;04/04/2025;sexta-feira;15:23:00;PE;316;351;PETROLANDIA;Aus�ncia de rea��o do condutor;Sa�da de leito carro��vel;Com V�timas Feridas;Pleno dia;Crescente;C�u Claro;Simples;Reta;N�o;1;0;0;1;0;0;1;1;-8,878355;-38,283535;SPRF-PE;DEL04-PE;UOP03-DEL04-PE;;;
671537;04/04/2025;sexta-feira;16:25:00;MG;262;363,5;JUATUBA;Aus�ncia de rea��o do condutor;Atropelamento de Pedestre;Com V�timas Feridas;Pleno dia;Crescente;C�u Claro;Dupla;"Reta;Declive";N�o;2;0;0;2;0;0;2;2;-19,970927;-44,295367;SPRF-MG;DEL01-MG;UOP03-DEL01-MG;;;
671539;04/04/2025;sexta-feira;15:30:00;MG;50;156;UBERABA;Acessar a via sem observar a presen�a dos outros ve�culos;Colis�o transversal;Com V�timas Feridas;Pleno dia;Decrescente;C�u Claro;Dupla;"Reta;Declive";N�o;4;0;4;0;0;0;4;2;-19,621961;-48,016841;SPRF-MG;DEL13-MG;UOP01-DEL13-MG;;;
671540;04/04/2025;sexta-feira;16:50:00;MG;262;445;NOVA SERRANA;Aus�ncia de rea��o do condutor;Colis�o traseira;Com V�timas Feridas;Pleno dia;Crescente;C�u Claro;Dupla;Reta;Sim;2;0;1;0;1;0;1;2;-19,864264;-44,99782;SPRF-MG;DEL08-MG;UOP03-DEL08-MG;;;
671541;04/04/2025;sexta-feira;16:20:00;SC;101;214,7;PALHOCA;Rea��o tardia ou ineficiente do condutor;Colis�o lateral mesmo sentido;Com V�timas Feridas;Pleno dia;Decrescente;Nublado;Simples;Interse��o de Vias;Sim;3;0;1;0;2;0;1;2;-27,64975;-48,6756;SPRF-SC;DEL01-SC;UOP02-DEL01-SC;;;
671542;04/04/2025;sexta-feira;17:15:00;SC;101;334;TUBARAO;Condutor deixou de manter dist�ncia do ve�culo da frente;Colis�o traseira;Com V�timas Feridas;Pleno dia;Crescente;C�u Claro;Simples;Reta;Sim;2;0;1;0;1;0;1;2;-28,469406;-49,016834;SPRF-SC;DEL02-SC;UOP01-DEL02-SC;;;
671546;04/04/2025;sexta-feira;16:45:00;MS;262;356;CAMPO GRANDE;Rea��o tardia ou ineficiente do condutor;Tombamento;Com V�timas Feridas;Anoitecer;Decrescente;Nublado;Simples;Reta;N�o;2;0;1;0;1;0;1;1;-20,546345;-54,683882;SPRF-MS;DEL01-MS;UOP03-DEL01-MS;;;
671548;04/04/2025;sexta-feira;17:30:00;MG;40;530;CONTAGEM;Manobra de mudan�a de faixa;Colis�o lateral mesmo sentido;Com V�timas Feridas;Anoitecer;Crescente;C�u Claro;Dupla;Curva;Sim;2;0;0;1;1;0;1;2;-19,919;-44,027;SPRF-MG;DEL01-MG;UOP02-DEL01-MG;;;
671549;04/04/2025;sexta-feira;17:10:00;RJ;101;570;PARATY;Pista Escorregadia;Colis�o frontal;Com V�timas Feridas;Pleno dia;Crescente;Chuva;Simples;Curva;N�o;4;0;3;0;1;0;3;2;-23,18557648;-44,71860409;SPRF-RJ;DEL03-RJ;UOP04-DEL03-RJ;;;
671551;04/04/2025;sexta-feira;17:30:00;SP;116;145,2;SAO JOSE DOS CAMPOS;Condutor deixou de manter dist�ncia do ve�culo da frente;Colis�o traseira;Com V�timas Feridas;Pleno dia;Decrescente;Nublado;M�ltipla;Reta;Sim;2;0;1;0;1;0;1;2;-23,19012293;-45,85687459;SPRF-SP;DEL02-SP;UOP01-DEL02-SP;;;
671552;04/04/2025;sexta-feira;17:50:00;GO;414;436;ANAPOLIS;Convers�o proibida;Colis�o lateral mesmo sentido;Com V�timas Feridas;Pleno dia;Decrescente;C�u Claro;Simples;Reta;Sim;3;0;1;0;2;0;1;2;-16,2553249;-48,9368482;SPRF-GO;DEL02-GO;UOP01-DEL02-GO;;;
671554;04/04/2025;sexta-feira;12:30:00;RJ;493;1;ITABORAI;Acessar a via sem observar a presen�a dos outros ve�culos;Colis�o transversal;Com V�timas Feridas;Pleno dia;Crescente;C�u Claro;Simples;Reta;Sim;2;0;1;0;1;0;1;2;-22,75730208;-42,93687299;SPRF-RJ;DEL02-RJ;UOP02-DEL02-RJ;;;
671555;04/04/2025;sexta-feira;17:30:00;MG;381;873;ESTIVA;Velocidade Incompat�vel;Sa�da de leito carro��vel;Sem V�timas;Pleno dia;Decrescente;Chuva;Dupla;Curva;N�o;1;0;0;0;1;0;0;1;-22,419752;-45,96462719;SPRF-MG;DEL16-MG;UOP01-DEL16-MG;;;
671556;04/04/2025;sexta-feira;18:00:00;BA;101;718,4;EUNAPOLIS;Ultrapassagem Indevida;Colis�o transversal;Com V�timas Feridas;Anoitecer;Crescente;C�u Claro;Simples;"Reta;Declive";Sim;3;0;3;0;0;0;3;2;-16,38186;-39,583917;SPRF-BA;DEL09-BA;UOP01-DEL09-BA;;;
671557;04/04/2025;sexta-feira;17:00:00;RS;153;52,7;ERECHIM;Ultrapassagem Indevida;Colis�o traseira;Com V�timas Feridas;Pleno dia;Decrescente;C�u Claro;Simples;"Reta;Aclive";N�o;3;0;2;0;1;0;2;2;-27,6688134;-52,29103442;SPRF-RS;DEL08-RS;UOP04-DEL08-RS;;;
671558;04/04/2025;sexta-feira;17:10:00;MT;364;201;RONDONOPOLIS;Animais na Pista;Atropelamento de Animal;Com V�timas Feridas;Anoitecer;Crescente;Nublado;Dupla;Reta;Sim;1;0;1;0;0;0;1;1;-16,41721523;-54,70614806;SPRF-MT;DEL02-MT;UOP01-DEL02-MT;;;
671559;04/04/2025;sexta-feira;17:30:00;MG;40;627;CONSELHEIRO LAFAIETE;Condutor deixou de manter dist�ncia do ve�culo da frente;Colis�o traseira;Com V�timas Feridas;Anoitecer;Crescente;Chuva;Simples;Reta;Sim;2;0;1;0;1;0;1;2;-20,64431;-43,8113;SPRF-MG;DEL05-MG;UOP02-DEL05-MG;;;
671560;04/04/2025;sexta-feira;17:30:00;RJ;101;429,4;MANGARATIBA;Demais falhas mec�nicas ou el�tricas;Inc�ndio;Sem V�timas;Anoitecer;Decrescente;Chuva;Simples;Reta;N�o;1;0;0;0;1;0;0;1;-22,93412835;-44,01801109;SPRF-RJ;DEL03-RJ;UOP02-DEL03-RJ;;;
671561;04/04/2025;sexta-feira;18:00:00;PR;369;198,7;APUCARANA;Velocidade Incompat�vel;Sa�da de leito carro��vel;Com V�timas Feridas;Anoitecer;Crescente;C�u Claro;Dupla;Curva;Sim;1;0;1;0;0;0;1;1;-23,518406;-51,428537;SPRF-PR;DEL07-PR;UOP03-DEL07-PR;;;
671562;04/04/2025;sexta-feira;18:45:00;MG;40;447;CAETANOPOLIS;Manobra de mudan�a de faixa;Colis�o lateral mesmo sentido;Com V�timas Feridas;Plena Noite;Decrescente;C�u Claro;Dupla;Reta;Sim;2;0;1;0;0;1;1;2;-19,2932626;-44,3834248;SPRF-MG;DEL02-MG;UOP01-DEL02-MG;;;
671563;04/04/2025;sexta-feira;18:30:00;SC;101;205;SAO JOSE;Rea��o tardia ou ineficiente do condutor;Colis�o lateral mesmo sentido;Com V�timas Feridas;Plena Noite;Crescente;Vento;M�ltipla;Reta;Sim;3;0;2;0;1;0;2;2;-27,58299234;-48,61518491;SPRF-SC;DEL01-SC;UOP01-DEL01-SC;;;
671564;04/04/2025;sexta-feira;18:45:00;SP;153;75,2;BADY BASSITT;Aus�ncia de rea��o do condutor;Engavetamento;Com V�timas Feridas;Plena Noite;Crescente;C�u Claro;Dupla;Reta;Sim;4;0;1;0;3;0;1;4;-20,89662388;-49,43770409;SPRF-SP;DEL09-SP;UOP01-DEL09-SP;;;
671565;04/04/2025;sexta-feira;14:00:00;RJ;101;221;CASIMIRO DE ABREU;Rea��o tardia ou ineficiente do condutor;Tombamento;Com V�timas Feridas;Pleno dia;Crescente;Nublado;Dupla;Reta;N�o;2;0;1;0;1;0;1;1;-22,48216084;-42,2361932;SPRF-RJ;DEL02-RJ;UOP03-DEL02-RJ;;;
671567;04/04/2025;sexta-feira;18:55:00;BA;101;502;ITABUNA;Rea��o tardia ou ineficiente do condutor;Colis�o traseira;Sem V�timas;Plena Noite;Crescente;C�u Claro;Simples;"Declive;Reta";N�o;6;0;0;0;6;0;0;2;-14,76785346;-39,29608405;SPRF-BA;DEL05-BA;UOP01-DEL05-BA;;;
671568;04/04/2025;sexta-feira;17:45:00;BA;101;713,8;EUNAPOLIS;Acessar a via sem observar a presen�a dos outros ve�culos;Colis�o transversal;Com V�timas Feridas;Pleno dia;Crescente;C�u Claro;Simples;Reta;Sim;2;0;1;0;1;0;1;2;-16,343933;-39,580522;SPRF-BA;DEL09-BA;UOP01-DEL09-BA;;;
671569;04/04/2025;sexta-feira;18:00:00;RJ;101;89;CAMPOS DOS GOYTACAZES;Aus�ncia de rea��o do condutor;Sa�da de leito carro��vel;Com V�timas Feridas;Plena Noite;Decrescente;Chuva;Dupla;Curva;N�o;1;0;1;0;0;0;1;1;-21,834636;-41,50249;SPRF-RJ;DEL08-RJ;UOP02-DEL08-RJ;;;
671570;04/04/2025;sexta-feira;19:15:00;MG;146;439,4;CABO VERDE;Acessar a via sem observar a presen�a dos outros ve�culos;Colis�o transversal;Com V�timas Feridas;Plena Noite;Crescente;Nublado;Simples;"Interse��o de Vias;Reta";Sim;2;0;0;1;1;0;1;2;-21,47229052;-46,40262242;SPRF-MG;DEL09-MG;UOP01-DEL09-MG;;;
671572;04/04/2025;sexta-feira;18:49:00;RN;304;299;MACAIBA;Manobra de mudan�a de faixa;Colis�o traseira;Com V�timas Feridas;Plena Noite;Decrescente;C�u Claro;Dupla;Reta;N�o;3;0;1;0;2;0;1;3;-5,87029;-35,324717;SPRF-RN;DEL01-RN;UOP02-DEL01-RN;;;
671573;04/04/2025;sexta-feira;14:50:00;RS;285;568;SAO LUIZ GONZAGA;Desrespeitar a prefer�ncia no cruzamento;Colis�o transversal;Com V�timas Feridas;Pleno dia;Crescente;C�u Claro;Simples;Interse��o de Vias;Sim;2;0;1;0;1;0;1;2;-28,41809649;-54,96423575;SPRF-RS;DEL12-RS;UOP01-DEL12-RS;;;
671574;04/04/2025;sexta-feira;14:48:00;RJ;101;321;NITEROI;Demais falhas mec�nicas ou el�tricas;Queda de ocupante de ve�culo;Com V�timas Feridas;Pleno dia;Decrescente;Nublado;Dupla;Reta;N�o;2;0;1;0;1;0;1;1;-22,8679;-43,11047;SPRF-RJ;DEL02-RJ;UOP01-DEL02-RJ;;;
671575;04/04/2025;sexta-feira;18:30:00;SC;470;91,6;ASCURRA;Aus�ncia de rea��o do condutor;Colis�o lateral mesmo sentido;Com V�timas Feridas;Anoitecer;Decrescente;C�u Claro;Simples;Reta;N�o;2;0;1;0;1;0;1;2;-26,98369688;-49,37217236;SPRF-SC;DEL04-SC;UOP01-DEL04-SC;;;
671576;04/04/2025;sexta-feira;19:30:00;PI;316;13;TERESINA;Rea��o tardia ou ineficiente do condutor;Tombamento;Com V�timas Feridas;Plena Noite;Crescente;C�u Claro;M�ltipla;Reta;N�o;1;0;0;1;0;0;1;1;-5,212783;-42,75456;SPRF-PI;DEL01-PI;UOP02-DEL01-PI;;;
671577;04/04/2025;sexta-feira;17:30:00;MT;163;832;SINOP;Manobra de mudan�a de faixa;Colis�o lateral mesmo sentido;Com V�timas Feridas;Anoitecer;Crescente;C�u Claro;Simples;Reta;Sim;2;0;1;0;1;0;1;2;-11,887873;-55,502204;SPRF-MT;DEL06-MT;UOP02-DEL06-MT;;;
671578;04/04/2025;sexta-feira;18:30:00;BA;116;420;FEIRA DE SANTANA;Acumulo de �leo sobre o pavimento;Queda de ocupante de ve�culo;Com V�timas Feridas;Plena Noite;Decrescente;C�u Claro;Dupla;Rotat�ria;Sim;1;0;1;0;0;0;1;1;-12,23062544;-38,96373723;SPRF-BA;DEL02-BA;UOP01-DEL02-BA;;;
671579;04/04/2025;sexta-feira;19:00:00;SC;101;137;ITAPEMA;Trafegar com motocicleta (ou similar) entre as faixas;Colis�o lateral mesmo sentido;Com V�timas Feridas;Pleno dia;Decrescente;C�u Claro;Dupla;Reta;N�o;2;0;1;0;1;0;1;2;-27,0659693;-48,5955459;SPRF-SC;DEL04-SC;UOP03-DEL04-SC;;;
671581;04/04/2025;sexta-feira;18:00:00;MA;316;611,7;TIMON;Estacionar ou parar em local proibido;Colis�o traseira;Com V�timas Feridas;Plena Noite;Crescente;Nublado;Simples;Reta;Sim;2;0;1;1;0;0;2;2;-5,073821;-42,863621;SPRF-MA;DEL03-MA;UOP02-DEL03-MA;;;
671582;04/04/2025;sexta-feira;19:10:00;RJ;101;415;MANGARATIBA;Chuva;Colis�o frontal;Com V�timas Feridas;Plena Noite;Crescente;Chuva;Dupla;Retorno Regulamentado;N�o;7;0;2;0;5;0;2;3;-22,9105224;-43,8931479;SPRF-RJ;DEL03-RJ;UOP01-DEL03-RJ;;;
671584;04/04/2025;sexta-feira;17:30:00;RJ;116;310;RESENDE;Ultrapassagem Indevida;Colis�o transversal;Com V�timas Feridas;Anoitecer;Decrescente;Nublado;Simples;Reta;Sim;2;0;0;1;1;0;1;2;-22,45960541;-44,43735654;SPRF-RJ;DEL07-RJ;UOP02-DEL07-RJ;;;
671585;04/04/2025;sexta-feira;19:45:00;RJ;116;169;RIO DE JANEIRO;Aus�ncia de sinaliza��o;Colis�o com objeto;Sem V�timas;Plena Noite;Crescente;Chuva;Dupla;Reta;Sim;1;0;0;0;1;0;0;1;-22,8176435;-43,32149506;SPRF-RJ;DEL06-RJ;UOP01-DEL06-RJ;;;
671586;04/04/2025;sexta-feira;12:40:00;BA;101;596,3;CAMACAN;Velocidade Incompat�vel;Capotamento;Sem V�timas;Pleno dia;Crescente;Garoa/Chuvisco;Simples;Curva;N�o;1;0;0;0;0;1;0;1;-15,475905;-39,43866;SPRF-BA;DEL05-BA;UOP02-DEL05-BA;;;
671587;04/04/2025;sexta-feira;18:55:00;MG;116;413,1;GOVERNADOR VALADARES;Aus�ncia de rea��o do condutor;Colis�o lateral sentido oposto;Com V�timas Feridas;Plena Noite;Crescente;Ignorado;Simples;"Reta;Declive";Sim;2;0;0;1;1;0;1;2;-18,88209171;-41,95733964;SPRF-MG;DEL06-MG;UOP01-DEL06-MG;;;
671588;04/04/2025;sexta-feira;18:34:00;RO;364;14;VILHENA;Rea��o tardia ou ineficiente do condutor;Colis�o lateral mesmo sentido;Com V�timas Feridas;Plena Noite;Crescente;Nublado;Dupla;Rotat�ria;Sim;2;0;1;0;1;0;1;2;-12,73906091;-60,13916016;SPRF-RO;DEL04-RO;UOP01-DEL04-RO;;;
671590;04/04/2025;sexta-feira;18:50:00;PR;476;167,7;CONTENDA;Aus�ncia de rea��o do condutor;Sa�da de leito carro��vel;Com V�timas Feridas;Plena Noite;Decrescente;Nublado;Simples;Reta;N�o;1;0;1;0;0;0;1;1;-25,661337;-49,490023;SPRF-PR;DEL01-PR;UOP06-DEL01-PR;;;
671591;04/04/2025;sexta-feira;18:00:00;RJ;101;319;SAO GONCALO;Aus�ncia de rea��o do condutor;Colis�o traseira;Com V�timas Feridas;Plena Noite;Decrescente;Chuva;Dupla;Reta;N�o;4;0;2;0;2;0;2;2;-22,7934208;-43,0309376;SPRF-RJ;DEL02-RJ;UOP02-DEL02-RJ;;;
671592;04/04/2025;sexta-feira;19:10:00;MG;381;588,7;CARMOPOLIS DE MINAS;Condutor deixou de manter dist�ncia do ve�culo da frente;Colis�o traseira;Com V�timas Feridas;Plena Noite;Decrescente;Nublado;Simples;Rotat�ria;Sim;2;0;1;0;1;0;1;2;-20,53845228;-44,63981643;SPRF-MG;DEL04-MG;UOP01-DEL04-MG;;;
671593;04/04/2025;sexta-feira;15:10:00;RO;364;342;JI-PARANA;Rea��o tardia ou ineficiente do condutor;Colis�o traseira;Com V�timas Feridas;Pleno dia;Decrescente;Nublado;M�ltipla;Reta;Sim;7;0;2;0;4;1;2;4;-10,877633;-61,947143;SPRF-RO;DEL02-RO;UOP01-DEL02-RO;;;
671595;04/04/2025;sexta-feira;20:00:00;SC;101;148;ITAPEMA;Velocidade Incompat�vel;Colis�o traseira;Com V�timas Feridas;Plena Noite;Decrescente;C�u Claro;M�ltipla;Reta;Sim;2;0;0;1;1;0;1;2;-27,09145071;-48,61641613;SPRF-SC;DEL04-SC;UOP03-DEL04-SC;;;
671596;04/04/2025;sexta-feira;19:30:00;SC;101;1;GARUVA;Chuva;Tombamento;Com V�timas Feridas;Plena Noite;Crescente;Chuva;M�ltipla;Reta;N�o;1;0;1;0;0;0;1;1;-25,992857;-48,881237;SPRF-SC;DEL03-SC;UOP01-DEL03-SC;;;
671597;04/04/2025;sexta-feira;20:15:00;SC;282;17,4;PALHOCA;Trafegar com motocicleta (ou similar) entre as faixas;Colis�o traseira;Com V�timas Feridas;Plena Noite;Crescente;Nublado;Simples;Reta;N�o;3;0;1;0;2;0;1;2;-27,6693;-48,69117;SPRF-SC;DEL01-SC;UOP02-DEL01-SC;;;
671598;04/04/2025;sexta-feira;18:10:00;MG;40;697,2;BARBACENA;Chuva;Colis�o com objeto;Com V�timas Feridas;Plena Noite;Crescente;Garoa/Chuvisco;Simples;Declive;Sim;1;0;1;0;0;0;1;1;-21,1828;-43,75391;SPRF-MG;DEL05-MG;UOP02-DEL05-MG;;;
671599;04/04/2025;sexta-feira;19:00:00;MG;40;695,3;ALFREDO VASCONCELOS;Pista Escorregadia;Tombamento;Com V�timas Feridas;Plena Noite;Decrescente;Nublado;Simples;Curva;N�o;1;0;0;1;0;0;1;1;-21,16642;-43,75687;SPRF-MG;DEL05-MG;UOP02-DEL05-MG;;;
671601;04/04/2025;sexta-feira;19:45:00;GO;153;509;APARECIDA DE GOIANIA;Condutor deixou de manter dist�ncia do ve�culo da frente;Engavetamento;Com V�timas Feridas;Pleno dia;Decrescente;Chuva;Dupla;Reta;N�o;4;0;1;0;3;0;1;3;-16,783052;-49,237222;SPRF-GO;DEL01-GO;UOP03-DEL01-GO;;;
671603;04/04/2025;sexta-feira;19:00:00;MG;365;140;MONTES CLAROS;Velocidade Incompat�vel;Colis�o com objeto;Com V�timas Feridas;Plena Noite;Crescente;C�u Claro;Simples;Curva;N�o;3;0;1;0;2;0;1;1;-16,6536985;-43,7179585;SPRF-MG;DEL12-MG;UOP01-DEL12-MG;;;
671605;04/04/2025;sexta-feira;18:03:00;RS;116;110;SAO MARCOS;Acessar a via sem observar a presen�a dos outros ve�culos;Colis�o transversal;Com V�timas Feridas;Anoitecer;Decrescente;Nublado;Simples;Reta;N�o;2;0;1;0;1;0;1;2;-28,9367731;-51,0953931;SPRF-RS;DEL05-RS;UOP01-DEL05-RS;;;
671606;04/04/2025;sexta-feira;20:25:00;BA;324;543;AMELIA RODRIGUES;Pedestre cruzava a pista fora da faixa;Atropelamento de Pedestre;Com V�timas Fatais;Plena Noite;Decrescente;C�u Claro;Dupla;Reta;Sim;2;1;0;0;1;0;0;2;-12,4082492;-38,7525429;SPRF-BA;DEL01-BA;UOP03-DEL01-BA;;;
671609;04/04/2025;sexta-feira;20:30:00;MS;267;482,9;JARDIM;Acessar a via sem observar a presen�a dos outros ve�culos;Colis�o transversal;Com V�timas Feridas;Plena Noite;Crescente;Nublado;Simples;Reta;Sim;2;0;1;0;1;0;1;2;-21,48134487;-56,14081264;SPRF-MS;DEL05-MS;UOP01-DEL05-MS;;;
671612;04/04/2025;sexta-feira;21:15:00;RS;116;523;PELOTAS;Rea��o tardia ou ineficiente do condutor;Tombamento;Com V�timas Feridas;Plena Noite;Decrescente;C�u Claro;Dupla;Viaduto;Sim;1;0;1;0;0;0;1;1;-31,72501394;-52,38372153;SPRF-RS;DEL07-RS;UOP01-DEL07-RS;;;
671613;04/04/2025;sexta-feira;21:15:00;PR;277;79;CURITIBA;Velocidade Incompat�vel;Colis�o traseira;Com V�timas Feridas;Plena Noite;Decrescente;C�u Claro;Dupla;Reta;Sim;3;0;1;1;1;0;2;2;-25,46202425;-49,21900037;SPRF-PR;DEL01-PR;UOP07-DEL01-PR;;;
671614;04/04/2025;sexta-feira;21:10:00;RJ;101;331;RIO DE JANEIRO;Demais falhas mec�nicas ou el�tricas;Inc�ndio;Sem V�timas;Plena Noite;Crescente;Chuva;Dupla;"Reta;Ponte";N�o;1;0;0;0;1;0;0;1;-22,870065;-43,2029361;SPRF-RJ;DEL02-RJ;UOP01-DEL02-RJ;;;
671615;04/04/2025;sexta-feira;20:00:00;MS;163;404;NOVA ALVORADA DO SUL;Animais na Pista;Tombamento;Com V�timas Feridas;Plena Noite;Crescente;C�u Claro;Simples;Reta;N�o;1;0;1;0;0;0;1;1;-21,13069409;-54,47997004;SPRF-MS;DEL02-MS;UOP01-DEL02-MS;;;
671616;04/04/2025;sexta-feira;21:15:00;RN;226;8;NATAL;Transitar na contram�o;Colis�o frontal;Com V�timas Feridas;Plena Noite;Decrescente;C�u Claro;Simples;Reta;Sim;3;0;2;0;1;0;2;2;-5,835495;-35,279947;SPRF-RN;DEL01-RN;UOP02-DEL01-RN;;;
671617;04/04/2025;sexta-feira;19:20:00;SP;116;564;BARRA DO TURVO;Rea��o tardia ou ineficiente do condutor;Tombamento;Sem V�timas;Plena Noite;Crescente;Garoa/Chuvisco;Dupla;"Curva;Aclive";N�o;3;0;0;0;3;0;0;1;-25,03565278;-48,53704957;SPRF-SP;DEL05-SP;UOP02-DEL05-SP;;;
671618;04/04/2025;sexta-feira;20:53:00;RJ;393;280;BARRA DO PIRAI;Ingest�o de �lcool pelo condutor;Colis�o traseira;Sem V�timas;Plena Noite;Crescente;Chuva;Simples;Reta;Sim;2;0;0;0;2;0;0;2;-22,4759093;-44,049953;SPRF-RJ;DEL05-RJ;UOP04-DEL05-RJ;;;
671621;04/04/2025;sexta-feira;21:00:00;MS;262;201;RIBAS DO RIO PARDO;Condutor Dormindo;Colis�o lateral sentido oposto;Com V�timas Feridas;Plena Noite;Decrescente;C�u Claro;Simples;Aclive;N�o;5;0;3;0;2;0;3;2;-20,463589;-53,391399;SPRF-MS;DEL01-MS;UOP05-DEL01-MS;;;
671622;04/04/2025;sexta-feira;20:30:00;PR;376;489,7;PONTA GROSSA;Rea��o tardia ou ineficiente do condutor;Queda de ocupante de ve�culo;Com V�timas Feridas;Plena Noite;Decrescente;Nublado;Dupla;"Aclive;Reta";N�o;1;0;1;0;0;0;1;1;-25,098018;-50,196889;SPRF-PR;DEL03-PR;UOP04-DEL03-PR;;;
671623;04/04/2025;sexta-feira;22:03:00;RS;386;438,1;NOVA SANTA RITA;Defici�ncia do Sistema de Ilumina��o/Sinaliza��o;Colis�o traseira;Com V�timas Fatais;Plena Noite;Crescente;C�u Claro;Dupla;"Declive;Curva";Sim;2;1;1;0;0;0;1;2;-29,86534314;-51,25165936;SPRF-RS;DEL04-RS;UOP02-DEL04-RS;;;
671624;04/04/2025;sexta-feira;22:30:00;ES;101;132,5;LINHARES;Transitar na contram�o;Colis�o lateral sentido oposto;Com V�timas Feridas;Plena Noite;Crescente;C�u Claro;Simples;Reta;N�o;2;0;0;1;1;0;1;2;-19,35188295;-40,0636685;SPRF-ES;DEL04-ES;UOP01-DEL04-ES;;;
671627;04/04/2025;sexta-feira;20:30:00;MA;10;253;IMPERATRIZ;Acesso irregular;Colis�o frontal;Com V�timas Feridas;Pleno dia;Decrescente;C�u Claro;Simples;Reta;N�o;3;0;0;3;0;0;3;2;-5,526778;-47,471437;SPRF-MA;DEL04-MA;UOP01-DEL04-MA;;;
671628;04/04/2025;sexta-feira;18:36:00;RO;364;425,8;JARU;Convers�o proibida;Colis�o lateral mesmo sentido;Com V�timas Feridas;Plena Noite;Decrescente;Nublado;Dupla;Reta;N�o;2;0;1;0;1;0;1;2;-10,43417309;-62,47703791;SPRF-RO;DEL03-RO;UOP02-DEL03-RO;;;
671629;04/04/2025;sexta-feira;22:30:00;MA;230;403;BALSAS;Convers�o proibida;Colis�o transversal;Sem V�timas;Plena Noite;Crescente;C�u Claro;Simples;Reta;Sim;2;0;0;0;2;0;0;2;-7,52010434;-46,03710148;SPRF-MA;DEL05-MA;UOP01-DEL05-MA;;;
671630;04/04/2025;sexta-feira;20:00:00;RO;364;427,2;JARU;Acessar a via sem observar a presen�a dos outros ve�culos;Colis�o transversal;Com V�timas Feridas;Plena Noite;Decrescente;Nublado;Simples;"Reta;Rotat�ria";Sim;3;0;0;2;1;0;2;2;-10,42692418;-62,48821735;SPRF-RO;DEL03-RO;UOP02-DEL03-RO;;;
671631;04/04/2025;sexta-feira;21:40:00;RJ;116;307;RESENDE;Pedestre cruzava a pista fora da faixa;Atropelamento de Pedestre;Com V�timas Fatais;Plena Noite;Crescente;Chuva;Dupla;Reta;N�o;3;1;0;0;2;0;0;2;-22,4557758;-44,4017983;SPRF-RJ;DEL07-RJ;UOP02-DEL07-RJ;;;
671632;04/04/2025;sexta-feira;22:45:00;RJ;493;52;DUQUE DE CAXIAS;Aus�ncia de rea��o do condutor;Tombamento;Com V�timas Feridas;Plena Noite;Decrescente;Chuva;Dupla;Reta;N�o;2;0;1;0;1;0;1;1;-22,6677161;-43,3268951;SPRF-RJ;DEL01-RJ;UOP03-DEL01-RJ;;;
671633;04/04/2025;sexta-feira;22:20:00;PE;428;192;PETROLINA;Ingest�o de �lcool pelo condutor;Colis�o traseira;Sem V�timas;Plena Noite;Decrescente;C�u Claro;Dupla;Reta;Sim;2;0;0;0;2;0;0;2;-9,385023;-40,52061;SPRF-PE;DEL06-PE;UOP01-DEL06-PE;;;
671635;04/04/2025;sexta-feira;20:30:00;SC;280;231,8;CANOINHAS;Desrespeitar a prefer�ncia no cruzamento;Colis�o frontal;Com V�timas Feridas;Plena Noite;Crescente;C�u Claro;Simples;"Interse��o de Vias;Reta";Sim;4;0;0;1;3;0;1;2;-26,190023;-50,378516;SPRF-SC;DEL06-SC;UOP04-DEL06-SC;;;
671636;04/04/2025;sexta-feira;23:15:00;RJ;101;319;NITEROI;Acumulo de �gua sobre o pavimento;Tombamento;Com V�timas Feridas;Plena Noite;Decrescente;Chuva;Dupla;Reta;Sim;2;0;2;0;0;0;2;1;-22,856385;-43,103143;SPRF-RJ;DEL02-RJ;UOP02-DEL02-RJ;;;
671637;04/04/2025;sexta-feira;23:45:00;SP;116;204;ARUJA;Condutor deixou de manter dist�ncia do ve�culo da frente;Colis�o lateral mesmo sentido;Com V�timas Feridas;Plena Noite;Decrescente;Nublado;M�ltipla;Reta;N�o;2;0;1;0;0;1;1;2;-23,41519519;-46,35812581;SPRF-SP;DEL01-SP;UOP01-DEL01-SP;;;
671639;04/04/2025;sexta-feira;19:45:00;MA;10;140;PORTO FRANCO;Aus�ncia de rea��o do condutor;Atropelamento de Pedestre;Com V�timas Fatais;Plena Noite;Decrescente;C�u Claro;Simples;Reta;N�o;2;1;0;0;0;1;0;2;-6,48616728;-47,26154307;SPRF-MA;DEL04-MA;UOP02-DEL04-MA;;;