id;data_inversa;dia_semana;horario;uf;br;km;municipio;causa_acidente;tipo_acidente;classificacao_acidente;fase_dia;sentido_via;condicao_metereologica;tipo_pista;tracado_via;uso_solo;pessoas;mortos;feridos_leves;feridos_graves;ilesos;ignorados;feridos;veiculos;latitude;longitude;regional;delegacia;uop;;;
671641;05/04/2025;s�bado;00:05:00;SP;153;64,4;SAO JOSE DO RIO PRETO;Demais falhas mec�nicas ou el�tricas;Tombamento;Com V�timas Feridas;Plena Noite;Crescente;C�u Claro;Dupla;Reta;Sim;3;0;1;0;2;0;1;2;-20,831706;-49,362655;SPRF-SP;DEL09-SP;UOP01-DEL09-SP;;;
671642;04/04/2025;sexta-feira;23:40:00;SC;282;75,1;RANCHO QUEIMADO;Velocidade Incompat�vel;Sa�da de leito carro��vel;Com V�timas Feridas;Plena Noite;Decrescente;Nublado;Simples;Curva;N�o;1;0;1;0;0;0;1;1;-27,691145;-49,129703;SPRF-SC;DEL01-SC;UOP03-DEL01-SC;;;
671645;04/04/2025;sexta-feira;22:45:00;RJ;116;2;SAPUCAIA;Transitar na contram�o;Colis�o frontal;Com V�timas Feridas;Plena Noite;Decrescente;Chuva;Simples;"Curva;Rotat�ria";Sim;4;0;2;0;2;0;2;2;-22,01300116;-42,95272921;SPRF-RJ;DEL05-RJ;UOP01-DEL05-RJ;;;
671647;05/04/2025;s�bado;00:20:00;PE;407;119;PETROLINA;Acesso irregular;Colis�o frontal;Com V�timas Feridas;Plena Noite;Decrescente;C�u Claro;Simples;Interse��o de Vias;N�o;2;0;0;2;0;0;2;2;-9,337102;-40,560177;SPRF-PE;DEL06-PE;UOP01-DEL06-PE;;;
671651;04/04/2025;sexta-feira;15:30:00;AC;317;56;SENADOR GUIOMARD;Velocidade Incompat�vel;Sa�da de leito carro��vel;Com V�timas Fatais;Pleno dia;Crescente;Chuva;Simples;Curva;N�o;2;1;0;1;0;0;1;1;-10,022187;-67,502785;SPRF-AC;DEL01-AC;UOP01-DEL01-AC;;;
671652;05/04/2025;s�bado;01:20:00;AL;104;90;RIO LARGO;Condutor deixou de manter dist�ncia do ve�culo da frente;Colis�o traseira;Com V�timas Feridas;Plena Noite;Crescente;C�u Claro;Dupla;Reta;N�o;2;0;1;0;1;0;1;2;-9,4770736;-35,82091916;SPRF-AL;DEL01-AL;UOP01-DEL01-AL;;;
671655;05/04/2025;s�bado;01:00:00;MG;381;450;SABARA;Velocidade Incompat�vel;Sa�da de leito carro��vel;Com V�timas Feridas;Plena Noite;Crescente;Chuva;Simples;Curva;N�o;1;0;0;1;0;0;1;1;-19,8276153;-43,8380129;SPRF-MG;DEL01-MG;UOP01-DEL01-MG;;;
671657;05/04/2025;s�bado;02:10:00;RS;116;249;SAO LEOPOLDO;Ingest�o de �lcool pelo condutor;Colis�o transversal;Com V�timas Feridas;Plena Noite;Decrescente;Nublado;M�ltipla;Curva;Sim;6;0;2;0;3;1;2;3;-29,7812748;-51,1593566;SPRF-RS;DEL01-RS;UOP02-DEL01-RS;;;
671659;05/04/2025;s�bado;02:00:00;PR;373;266;PRUDENTOPOLIS;Aus�ncia de rea��o do condutor;Sa�da de leito carro��vel;Com V�timas Feridas;Pleno dia;Decrescente;Nublado;Simples;Reta;N�o;2;0;1;0;0;1;1;2;-25,2239779;-51,0278172;SPRF-PR;DEL08-PR;UOP01-DEL08-PR;;;
671660;05/04/2025;s�bado;03:05:00;SC;101;320,1;PESCARIA BRAVA;Chuva;Tombamento;Com V�timas Feridas;Plena Noite;Decrescente;Garoa/Chuvisco;Dupla;Reta;N�o;1;0;1;0;0;0;1;1;-28,426453;-48,907361;SPRF-SC;DEL02-SC;UOP01-DEL02-SC;;;
671661;05/04/2025;s�bado;01:50:00;RJ;116;309;RESENDE;Condutor deixou de manter dist�ncia do ve�culo da frente;Colis�o traseira;Sem V�timas;Plena Noite;Crescente;Chuva;Dupla;Reta;Sim;4;0;0;0;4;0;0;2;-22,45824704;-44,4251042;SPRF-RJ;DEL07-RJ;UOP02-DEL07-RJ;;;
671662;05/04/2025;s�bado;03:00:00;GO;50;283;CATALAO;Acumulo de areia ou detritos sobre o pavimento;Queda de ocupante de ve�culo;Com V�timas Feridas;Plena Noite;Decrescente;C�u Claro;Dupla;"Rotat�ria;Em Obras";Sim;1;0;0;1;0;0;1;1;-18,1965;-47,9567;SPRF-GO;DEL06-GO;UOP01-DEL06-GO;;;
671663;05/04/2025;s�bado;03:00:00;PR;277;83;CURITIBA;Avarias e/ou desgaste excessivo no pneu;Colis�o com objeto;Com V�timas Fatais;Plena Noite;Crescente;Nublado;Simples;Reta;Sim;2;1;1;0;0;0;1;1;-25,46485;-49,2182;SPRF-PR;DEL01-PR;UOP03-DEL01-PR;;;
671665;05/04/2025;s�bado;04:00:00;SP;153;79;MIRASSOL;Ingest�o de �lcool pelo condutor;Sa�da de leito carro��vel;Sem V�timas;Amanhecer;Crescente;C�u Claro;Dupla;Reta;N�o;1;0;0;0;1;0;0;1;-20,92360378;-49,50576782;SPRF-SP;DEL09-SP;UOP01-DEL09-SP;;;
671666;05/04/2025;s�bado;03:30:00;SP;116;34;CACHOEIRA PAULISTA;Pista Escorregadia;Colis�o com objeto;Com V�timas Feridas;Plena Noite;Decrescente;Chuva;Dupla;"Declive;Curva";N�o;1;0;1;0;0;0;1;1;-22,65356;-44,958353;SPRF-SP;DEL08-SP;UOP02-DEL08-SP;;;
671667;05/04/2025;s�bado;04:35:00;SC;101;201,1;SAO JOSE;Rea��o tardia ou ineficiente do condutor;Sa�da de leito carro��vel;Sem V�timas;Plena Noite;Crescente;Nublado;M�ltipla;Reta;Sim;2;0;0;0;2;0;0;1;-27,54865;-48,619763;SPRF-SC;DEL01-SC;UOP01-DEL01-SC;;;
671668;05/04/2025;s�bado;04:00:00;MG;262;384,8;MATEUS LEME;Ingest�o de �lcool pelo condutor;Sa�da de leito carro��vel;Com V�timas Feridas;Plena Noite;Crescente;Nublado;Dupla;"Declive;Curva";N�o;1;0;1;0;0;0;1;1;-19,921913;-44,4670775;SPRF-MG;DEL01-MG;UOP03-DEL01-MG;;;
671670;05/04/2025;s�bado;03:25:00;MT;364;204;RONDONOPOLIS;Ingest�o de �lcool pelo condutor;Colis�o com objeto;Sem V�timas;Plena Noite;Decrescente;Nublado;Dupla;"Interse��o de Vias;Reta;Declive";Sim;1;0;0;0;1;0;0;1;-16,46462305;-54,65866501;SPRF-MT;DEL02-MT;UOP01-DEL02-MT;;;
671671;05/04/2025;s�bado;04:50:00;RS;470;226,6;GARIBALDI;Ingest�o de �lcool pelo condutor;Colis�o com objeto;Sem V�timas;Plena Noite;Decrescente;C�u Claro;Simples;Curva;N�o;1;0;0;0;0;1;0;1;-29,25436727;-51,51142901;SPRF-RS;DEL06-RS;UOP01-DEL06-RS;;;
671674;05/04/2025;s�bado;05:20:00;GO;153;514;APARECIDA DE GOIANIA;Aus�ncia de rea��o do condutor;Queda de ocupante de ve�culo;Com V�timas Feridas;Plena Noite;Decrescente;Nublado;Dupla;Reta;Sim;2;0;2;0;0;0;2;1;-16,820315;-49,240697;SPRF-GO;DEL01-GO;UOP03-DEL01-GO;;;
671675;05/04/2025;s�bado;05:30:00;RS;116;265;PORTO ALEGRE;Aus�ncia de rea��o do condutor;Colis�o lateral mesmo sentido;Sem V�timas;Plena Noite;Decrescente;Ignorado;M�ltipla;Reta;Sim;1;0;0;0;1;0;0;1;-29,9696128;-51,1705088;SPRF-RS;DEL01-RS;UOP01-DEL01-RS;;;
671677;05/04/2025;s�bado;04:20:00;GO;153;263;NOVA GLORIA;Rea��o tardia ou ineficiente do condutor;Queda de ocupante de ve�culo;Com V�timas Feridas;Plena Noite;Crescente;C�u Claro;Simples;Reta;N�o;1;0;1;0;0;0;1;1;-15,1643842;-49,53402808;SPRF-GO;DEL07-GO;UOP02-DEL07-GO;;;
671678;05/04/2025;s�bado;05:08:00;CE;222;89;UMIRIM;Acesso irregular;Colis�o lateral mesmo sentido;Com V�timas Feridas;Amanhecer;Crescente;Nublado;Dupla;Declive;N�o;4;0;1;0;3;0;1;2;-3,6706671;-39,3225471;SPRF-CE;DEL04-CE;UOP03-DEL04-CE;;;
671680;05/04/2025;s�bado;03:30:00;MT;364;205;RONDONOPOLIS;Aus�ncia de rea��o do condutor;Sa�da de leito carro��vel;Com V�timas Feridas;Plena Noite;Crescente;C�u Claro;Dupla;"Retorno Regulamentado;Reta";N�o;1;0;0;1;0;0;1;1;-16,448757;-54,665782;SPRF-MT;DEL02-MT;UOP01-DEL02-MT;;;
671681;05/04/2025;s�bado;02:15:00;SC;163;0,5;DIONISIO CERQUEIRA;Ingest�o de �lcool pelo condutor;Colis�o com objeto;Com V�timas Feridas;Plena Noite;Decrescente;C�u Claro;Simples;Reta;Sim;2;0;2;0;0;0;2;1;-26,26231235;-53,62130273;SPRF-SC;DEL07-SC;UOP03-DEL07-SC;;;
671682;04/04/2025;sexta-feira;20:00:00;SC;282;441,2;IRANI;Ultrapassagem Indevida;Sa�da de leito carro��vel;Com V�timas Feridas;Plena Noite;Crescente;C�u Claro;Simples;Reta;N�o;2;0;1;0;1;0;1;1;-26,936487;-51,869351;SPRF-SC;DEL07-SC;UOP04-DEL07-SC;;;
671683;05/04/2025;s�bado;06:10:00;GO;414;373,7;COCALZINHO DE GOIAS;Rea��o tardia ou ineficiente do condutor;Colis�o com objeto;Com V�timas Feridas;Amanhecer;Decrescente;Nublado;Dupla;"Declive;Retorno Regulamentado;Reta";Sim;1;0;0;1;0;0;1;1;-15,774695;-48,763585;SPRF-GO;DEL02-GO;UOP01-DEL02-GO;;;
671684;05/04/2025;s�bado;00:15:00;SC;101;292,5;IMBITUBA;Aus�ncia de rea��o do condutor;Sa�da de leito carro��vel;Com V�timas Feridas;Plena Noite;Decrescente;C�u Claro;Dupla;Curva;N�o;1;0;1;0;0;0;1;1;-28,30162238;-48,71925831;SPRF-SC;DEL02-SC;UOP03-DEL02-SC;;;
671686;05/04/2025;s�bado;06:20:00;PR;376;160;MANDAGUACU;Velocidade Incompat�vel;Sa�da de leito carro��vel;Com V�timas Feridas;Pleno dia;Crescente;C�u Claro;Dupla;"Reta;Aclive";N�o;1;0;1;0;0;0;1;1;-23,363021;-52,0852;SPRF-PR;DEL09-PR;UOP02-DEL09-PR;;;
671687;05/04/2025;s�bado;06:00:00;SC;101;89,3;BARRA VELHA;Velocidade Incompat�vel;Colis�o lateral mesmo sentido;Com V�timas Feridas;Amanhecer;Decrescente;C�u Claro;Dupla;Reta;Sim;2;0;1;0;1;0;1;2;-26,66271328;-48,68852019;SPRF-SC;DEL03-SC;UOP02-DEL03-SC;;;
671688;05/04/2025;s�bado;05:40:00;RJ;116;176;RIO DE JANEIRO;Acessar a via sem observar a presen�a dos outros ve�culos;Colis�o com objeto;Com V�timas Feridas;Amanhecer;Crescente;Chuva;Dupla;Interse��o de Vias;Sim;2;0;1;0;0;1;1;2;-22,8044663;-43,3450241;SPRF-RJ;DEL06-RJ;UOP01-DEL06-RJ;;;
671689;04/04/2025;sexta-feira;21:30:00;PA;230;285;NOVO REPARTIMENTO;Aus�ncia de rea��o do condutor;Sa�da de leito carro��vel;Com V�timas Fatais;Plena Noite;Decrescente;Garoa/Chuvisco;Simples;Curva;N�o;2;1;0;1;0;0;1;1;-4,39233;-49,942037;SPRF-PA;DEL03-PA;UOP01-DEL03-PA;;;
671692;04/04/2025;sexta-feira;23:30:00;SP;101;25;UBATUBA;Objeto est�tico sobre o leito carro��vel;Tombamento;Com V�timas Feridas;Pleno dia;Decrescente;Chuva;Simples;Curva;N�o;1;0;1;0;0;0;1;1;-23,36774806;-44,9492569;SPRF-SP;DEL06-SP;UOP01-DEL06-SP;;;
671693;05/04/2025;s�bado;07:15:00;RN;406;86,5;JOAO CAMARA;Condutor Dormindo;Sa�da de leito carro��vel;Com V�timas Feridas;Pleno dia;Crescente;Nublado;Simples;Reta;N�o;3;0;3;0;0;0;3;1;-5,460715;-35,937328;SPRF-RN;DEL02-RN;UOP01-DEL02-RN;;;
671694;05/04/2025;s�bado;07:35:00;ES;101;270,7;SERRA;Condutor deixou de manter dist�ncia do ve�culo da frente;Colis�o traseira;Com V�timas Feridas;Pleno dia;Crescente;Nublado;Dupla;Curva;Sim;2;0;0;1;1;0;1;2;-20,23250385;-40,2762961;SPRF-ES;DEL02-ES;UOP01-DEL02-ES;;;
671695;05/04/2025;s�bado;03:30:00;BA;101;356;WENCESLAU GUIMARAES;Acessar a via sem observar a presen�a dos outros ve�culos;Atropelamento de Pedestre;Com V�timas Fatais;Plena Noite;Decrescente;Ignorado;Simples;"Declive;Reta";N�o;2;1;0;0;0;1;0;2;-13,6476172;-39,4863774;SPRF-BA;DEL05-BA;UOP03-DEL05-BA;;;
671697;05/04/2025;s�bado;02:05:00;MG;262;581;CAMPOS ALTOS;Velocidade Incompat�vel;Queda de ocupante de ve�culo;Com V�timas Feridas;Plena Noite;Crescente;Nevoeiro/Neblina;Simples;Reta;N�o;1;0;0;1;0;0;1;1;-19,648917;-46,076567;SPRF-MG;DEL08-MG;UOP02-DEL08-MG;;;
671698;05/04/2025;s�bado;07:50:00;MG;381;497;BETIM;Aus�ncia de rea��o do condutor;Tombamento;Com V�timas Feridas;Pleno dia;Crescente;Chuva;Dupla;Curva;Sim;1;0;1;0;0;0;1;1;-19,98370866;-44,2026394;SPRF-MG;DEL01-MG;UOP03-DEL01-MG;;;
671699;05/04/2025;s�bado;06:15:00;PE;232;113;BEZERROS;Condutor Dormindo;Colis�o com objeto;Sem V�timas;Pleno dia;Decrescente;C�u Claro;Dupla;Reta;Sim;1;0;0;0;0;1;0;1;-8,299997;-35,851264;SPRF-PE;DEL02-PE;UOP02-DEL02PE;;;
671700;05/04/2025;s�bado;07:55:00;SC;101;149;ITAPEMA;Manobra de mudan�a de faixa;Colis�o traseira;Com V�timas Feridas;Pleno dia;Crescente;C�u Claro;M�ltipla;Reta;Sim;2;0;0;1;1;0;1;2;-27,11515807;-48,60957742;SPRF-SC;DEL04-SC;UOP03-DEL04-SC;;;
671701;08/03/2025;s�bado;20:00:00;RS;392;59;RIO GRANDE;Velocidade Incompat�vel;Atropelamento de Animal;Com V�timas Feridas;Plena Noite;Decrescente;Chuva;Dupla;Curva;N�o;1;0;1;0;0;0;1;1;-31,79584975;-52,34125569;SPRF-RS;DEL07-RS;UOP02-DEL07-RS;;;
671703;04/04/2025;sexta-feira;18:30:00;RJ;465;5;SEROPEDICA;Aus�ncia de rea��o do condutor;Colis�o transversal;Com V�timas Feridas;Plena Noite;Crescente;Chuva;Simples;Reta;Sim;3;0;2;0;1;0;2;2;-22,7147776;-43,7223424;SPRF-RJ;DEL06-RJ;UOP02-DEL06-RJ;;;
671704;05/04/2025;s�bado;08:55:00;PB;230;18;JOAO PESSOA;Velocidade Incompat�vel;Colis�o lateral mesmo sentido;Com V�timas Feridas;Pleno dia;Decrescente;C�u Claro;Dupla;Reta;Sim;3;0;0;1;2;0;1;3;-7,12136659;-34,84506601;SPRF-PB;DEL01-PB;UOP01-DEL01-PB;;;
671705;05/04/2025;s�bado;08:05:00;RJ;495;27;PETROPOLIS;Aus�ncia de sinaliza��o;Colis�o lateral sentido oposto;Com V�timas Feridas;Pleno dia;Crescente;C�u Claro;Dupla;Interse��o de Vias;N�o;2;0;1;0;1;0;1;2;-22,2789632;-43,1259648;SPRF-RJ;DEL05-RJ;UOP02-DEL05-RJ;;;
671708;05/04/2025;s�bado;06:30:00;MG;153;164,8;COMENDADOR GOMES;Velocidade Incompat�vel;Sa�da de leito carro��vel;Sem V�timas;Amanhecer;Crescente;C�u Claro;Simples;Reta;N�o;1;0;0;0;0;1;0;1;-19,66365;-48,982325;SPRF-MG;DEL13-MG;UOP02-DEL13-MG;;;
671709;05/04/2025;s�bado;08:00:00;SC;116;209;MAFRA;Ingest�o de �lcool pelo condutor;Colis�o com objeto;Com V�timas Feridas;Pleno dia;Crescente;C�u Claro;Dupla;Reta;Sim;2;0;1;0;1;0;1;1;-26,08647487;-49,77916002;SPRF-SC;DEL05-SC;UOP03-DEL05-SC;;;
671710;05/04/2025;s�bado;08:15:00;DF;60;3;BRASILIA;Acessar a via sem observar a presen�a dos outros ve�culos;Colis�o traseira;Com V�timas Feridas;Pleno dia;Decrescente;C�u Claro;Dupla;Reta;Sim;5;0;1;0;4;0;1;3;-15,8907;-48,0867;SPRF-DF;DEL03-DF;UOP01-DEL03-DF;;;
671711;05/04/2025;s�bado;09:20:00;CE;116;13,8;FORTALEZA;Rea��o tardia ou ineficiente do condutor;Colis�o com objeto;Com V�timas Feridas;Pleno dia;Decrescente;C�u Claro;M�ltipla;Reta;Sim;1;0;0;1;0;0;1;1;-3,868527;-38,497675;SPRF-CE;DEL01-CE;UOP02-DEL01-CE;;;
671712;05/04/2025;s�bado;09:20:00;MG;40;770,4;JUIZ DE FORA;Aus�ncia de rea��o do condutor;Capotamento;Com V�timas Feridas;Pleno dia;Decrescente;Garoa/Chuvisco;Simples;Curva;N�o;1;0;0;1;0;0;1;1;-21,6258228;-43,4510855;SPRF-MG;DEL05-MG;UOP01-DEL05-MG;;;
671713;05/04/2025;s�bado;09:30:00;PE;101;41;IGARASSU;Manobra de mudan�a de faixa;Sa�da de leito carro��vel;Com V�timas Feridas;Pleno dia;Decrescente;C�u Claro;Dupla;"Viaduto;Declive;Curva";Sim;1;0;1;0;0;0;1;1;-7,83178;-34,91362;SPRF-PE;DEL01-PE;UOP02-DEL01-PE;;;
671715;05/04/2025;s�bado;10:13:00;ES;101;297;CARIACICA;Acesso irregular;Colis�o lateral mesmo sentido;Com V�timas Feridas;Pleno dia;Decrescente;C�u Claro;Dupla;"Curva;Aclive;Interse��o de Vias";Sim;3;0;1;1;1;0;2;2;-20,345774;-40,410576;SPRF-ES;DEL01-ES;UOP01-DEL01-ES;;;
671716;05/04/2025;s�bado;09:45:00;RS;116;252;SAPUCAIA DO SUL;Manobra de mudan�a de faixa;Colis�o traseira;Com V�timas Feridas;Pleno dia;Crescente;C�u Claro;M�ltipla;Reta;Sim;4;0;2;0;2;0;2;2;-29,79722849;-51,1651551;SPRF-RS;DEL01-RS;UOP02-DEL01-RS;;;
671718;05/04/2025;s�bado;07:55:00;AC;364;123;RIO BRANCO;Aus�ncia de rea��o do condutor;Engavetamento;Com V�timas Feridas;Pleno dia;Crescente;Nublado;Dupla;Reta;Sim;8;0;2;1;5;0;3;4;-10,01152733;-67,78549433;SPRF-AC;DEL01-AC;UOP01-DEL01-AC;;;
671719;05/04/2025;s�bado;10:30:00;PR;376;296,9;MAUA DA SERRA;Demais falhas mec�nicas ou el�tricas;Sa�da de leito carro��vel;Com V�timas Feridas;Pleno dia;Decrescente;Nublado;Simples;"Declive;Interse��o de Vias";N�o;1;0;0;1;0;0;1;1;-23,908612;-51,194546;SPRF-PR;DEL07-PR;UOP02-DEL07-PR;;;
671720;05/04/2025;s�bado;10:24:00;SC;101;121;ITAJAI;Rea��o tardia ou ineficiente do condutor;Colis�o traseira;Com V�timas Feridas;Pleno dia;Decrescente;C�u Claro;M�ltipla;Reta;N�o;2;0;1;0;1;0;1;2;-26,92516928;-48,70651245;SPRF-SC;DEL04-SC;UOP04-DEL04-SC;;;
671721;05/04/2025;s�bado;10:40:00;RN;101;151,2;GOIANINHA;Rea��o tardia ou ineficiente do condutor;Tombamento;Com V�timas Feridas;Pleno dia;Crescente;Nublado;Dupla;Reta;N�o;1;0;1;0;0;0;1;1;-6,30363;-35,19132;SPRF-RN;DEL01-RN;UOP01-DEL01-RN;;;
671725;05/04/2025;s�bado;09:30:00;MG;381;567,4;ITAGUARA;Chuva;Sa�da de leito carro��vel;Com V�timas Feridas;Pleno dia;Decrescente;Nublado;Dupla;Curva;N�o;2;0;2;0;0;0;2;1;-20,40581714;-44,5192194;SPRF-MG;DEL04-MG;UOP03-DEL04-MG;;;
671727;05/04/2025;s�bado;08:55:00;MG;459;18;CALDAS;Velocidade Incompat�vel;Tombamento;Com V�timas Fatais;Pleno dia;Crescente;C�u Claro;Simples;Curva;N�o;1;1;0;0;0;0;0;1;-21,85048;-46,437825;SPRF-MG;DEL09-MG;UOP01-DEL09-MG;;;
671729;05/04/2025;s�bado;09:40:00;MG;40;741,4;SANTOS DUMONT;Rea��o tardia ou ineficiente do condutor;Tombamento;Com V�timas Feridas;Pleno dia;Decrescente;Garoa/Chuvisco;Simples;Curva;N�o;2;0;1;0;1;0;1;2;-21,4370235;-43,5558725;SPRF-MG;DEL05-MG;UOP01-DEL05-MG;;;
671730;05/04/2025;s�bado;07:45:00;GO;40;95,3;CRISTALINA;Retorno proibido;Colis�o lateral mesmo sentido;Com V�timas Feridas;Pleno dia;Crescente;Nublado;Simples;Interse��o de Vias;Sim;2;0;1;0;0;1;1;2;-16,752797;-47,605647;SPRF-DF;DEL01-DF;UOP02-DEL01-DF;;;
671731;05/04/2025;s�bado;00:15:00;PR;376;591;CURITIBA;Aus�ncia de rea��o do condutor;Sa�da de leito carro��vel;Sem V�timas;Plena Noite;Decrescente;Nublado;Simples;Curva;N�o;1;0;0;0;0;1;0;1;-25,43149311;-49,36494112;SPRF-PR;DEL03-PR;UOP03-DEL03-PR;;;
671732;05/04/2025;s�bado;11:20:00;SC;282;3;FLORIANOPOLIS;Rea��o tardia ou ineficiente do condutor;Engavetamento;Com V�timas Feridas;Pleno dia;Decrescente;C�u Claro;M�ltipla;Reta;Sim;5;0;5;0;0;0;5;3;-27,596927;-48,60082805;SPRF-SC;DEL01-SC;UOP01-DEL01-SC;;;
671734;05/04/2025;s�bado;11:40:00;RS;472;574;URUGUAIANA;Acessar a via sem observar a presen�a dos outros ve�culos;Colis�o transversal;Com V�timas Feridas;Pleno dia;Decrescente;C�u Claro;Simples;"Reta;Rotat�ria";Sim;3;0;2;0;0;1;2;3;-29,76361367;-57,05183029;SPRF-RS;DEL13-RS;UOP01-DEL13-RS;;;
671735;05/04/2025;s�bado;11:00:00;PB;230;170;CAMPINA GRANDE;Condutor deixou de manter dist�ncia do ve�culo da frente;Colis�o traseira;Com V�timas Feridas;Pleno dia;Decrescente;Sol;Simples;Reta;N�o;2;0;1;0;1;0;1;2;-7,179863;-36,000858;SPRF-PB;DEL02-PB;UOP02-DEL02-PB;;;
671736;05/04/2025;s�bado;12:17:00;RJ;101;399;ITAGUAI;Chuva;Colis�o com objeto;Sem V�timas;Pleno dia;Crescente;Chuva;M�ltipla;Reta;Sim;2;0;0;0;1;1;0;2;-22,8524032;-43,761664;SPRF-RJ;DEL03-RJ;UOP01-DEL03-RJ;;;
671737;05/04/2025;s�bado;12:30:00;MG;381;922,9;CAMANDUCAIA;Acessar a via sem observar a presen�a dos outros ve�culos;Colis�o transversal;Com V�timas Feridas;Pleno dia;Decrescente;Nublado;Dupla;"Retorno Regulamentado;Reta;Interse��o de Vias";N�o;5;0;1;0;4;0;1;2;-22,77166364;-46,18287201;SPRF-MG;DEL16-MG;UOP03-DEL16-MG;;;
671738;05/04/2025;s�bado;11:30:00;SC;116;247,9;LAGES;Acessar a via sem observar a presen�a dos outros ve�culos;Colis�o transversal;Com V�timas Feridas;Pleno dia;Crescente;C�u Claro;Simples;Reta;Sim;2;0;1;0;1;0;1;2;-27,817869;-50,372856;SPRF-SC;DEL05-SC;UOP02-DEL05-SC;;;
671739;05/04/2025;s�bado;12:45:00;SP;116;223;GUARULHOS;Trafegar com motocicleta (ou similar) entre as faixas;Colis�o lateral mesmo sentido;Com V�timas Feridas;Pleno dia;Crescente;Garoa/Chuvisco;M�ltipla;"Reta;Interse��o de Vias";Sim;2;0;1;0;1;0;1;2;-23,48019861;-46,53281498;SPRF-SP;DEL01-SP;UOP01-DEL01-SP;;;
671742;05/04/2025;s�bado;12:15:00;RS;285;516,2;VITORIA DAS MISSOES;Ultrapassagem Indevida;Colis�o lateral mesmo sentido;Com V�timas Feridas;Pleno dia;Decrescente;C�u Claro;Simples;"Reta;Em Obras";N�o;3;0;3;0;0;0;3;2;-28,398707;-54,435654;SPRF-RS;DEL10-RS;UOP01-DEL10-RS;;;
671743;05/04/2025;s�bado;12:00:00;RJ;40;31;AREAL;Acumulo de �gua sobre o pavimento;Sa�da de leito carro��vel;Com V�timas Feridas;Pleno dia;Crescente;Chuva;Dupla;Curva;N�o;3;0;2;0;1;0;2;1;-22,19547414;-43,15892862;SPRF-RJ;DEL05-RJ;UOP02-DEL05-RJ;;;
671744;05/04/2025;s�bado;10:00:00;RS;470;243;BARAO;Manobra de mudan�a de faixa;Colis�o lateral mesmo sentido;Com V�timas Feridas;Pleno dia;Crescente;C�u Claro;Simples;Reta;N�o;2;0;1;0;1;0;1;2;-29,36384988;-51,51738167;SPRF-RS;DEL06-RS;UOP01-DEL06-RS;;;
671745;05/04/2025;s�bado;11:20:00;SC;101;205;SAO JOSE;Rea��o tardia ou ineficiente do condutor;Engavetamento;Com V�timas Feridas;Pleno dia;Crescente;Nublado;M�ltipla;Reta;Sim;3;0;1;0;2;0;1;3;-27,58292336;-48,61516039;SPRF-SC;DEL01-SC;UOP01-DEL01-SC;;;
671749;05/04/2025;s�bado;13:00:00;RO;364;710;PORTO VELHO;Manobra de mudan�a de faixa;Colis�o transversal;Com V�timas Feridas;Pleno dia;Crescente;C�u Claro;Dupla;"Interse��o de Vias;Curva";Sim;3;0;1;0;2;0;1;2;-8,7846999;-63,8592509;SPRF-RO;DEL01-RO;UOP01-DEL01-RO;;;
671750;05/04/2025;s�bado;12:15:00;SC;280;82,3;CORUPA;Rea��o tardia ou ineficiente do condutor;Queda de ocupante de ve�culo;Com V�timas Feridas;Pleno dia;Crescente;C�u Claro;Simples;"Aclive;Rotat�ria;Interse��o de Vias";Sim;1;0;1;0;0;0;1;1;-26,43530151;-49,24551845;SPRF-SC;DEL06-SC;UOP03-DEL06-SC;;;
671752;05/04/2025;s�bado;10:50:00;MA;316;324,1;OLHO DAGUA DAS CUNHAS;Transitar na contram�o;Sa�da de leito carro��vel;Com V�timas Fatais;Pleno dia;Crescente;C�u Claro;Simples;Reta;N�o;4;1;0;3;0;0;3;1;-4,08475741;-45,0496;SPRF-MA;DEL02-MA;UOP01-DEL02-MA;;;
671753;05/04/2025;s�bado;14:10:00;MG;381;487;BETIM;Condutor deixou de manter dist�ncia do ve�culo da frente;Colis�o traseira;Com V�timas Feridas;Pleno dia;Decrescente;Chuva;Dupla;Curva;Sim;2;0;1;0;1;0;1;2;-19,95693691;-44,1190953;SPRF-MG;DEL01-MG;UOP03-DEL01-MG;;;
671756;05/04/2025;s�bado;15:00:00;PR;277;59;SAO JOSE DOS PINHAIS;Ingest�o de �lcool pelo condutor;Colis�o traseira;Sem V�timas;Pleno dia;Crescente;Nublado;Dupla;Reta;N�o;2;0;0;0;2;0;0;2;-25,55063553;-49,04393971;SPRF-PR;DEL01-PR;UOP01-DEL01-PR;;;
671757;05/04/2025;s�bado;13:40:00;MG;381;531,1;ITATIAIUCU;Chuva;Sa�da de leito carro��vel;Com V�timas Feridas;Pleno dia;Crescente;Nublado;Dupla;Curva;N�o;2;0;1;0;1;0;1;1;-20,16284485;-44,35858727;SPRF-MG;DEL04-MG;UOP03-DEL04-MG;;;
671758;05/04/2025;s�bado;10:10:00;MG;381;550,2;ITATIAIUCU;Acumulo de �gua sobre o pavimento;Sa�da de leito carro��vel;Com V�timas Feridas;Pleno dia;Crescente;Chuva;Dupla;Curva;N�o;1;0;1;0;0;0;1;1;-20,2211328;-44,4301312;SPRF-MG;DEL04-MG;UOP03-DEL04-MG;;;
671759;05/04/2025;s�bado;15:00:00;PR;369;149,1;LONDRINA;Manobra de mudan�a de faixa;Colis�o lateral mesmo sentido;Com V�timas Feridas;Pleno dia;Crescente;C�u Claro;M�ltipla;Reta;Sim;2;0;1;0;1;0;1;2;-23,2928432;-51,1530368;SPRF-PR;DEL07-PR;UOP01-DEL07-PR;;;
671762;05/04/2025;s�bado;13:20:00;BA;367;58;PORTO SEGURO;Ingest�o de �lcool pelo condutor;Engavetamento;Com V�timas Feridas;Pleno dia;Decrescente;Nublado;Simples;Reta;N�o;7;0;3;0;4;0;3;3;-16,38799;-39,34384;SPRF-BA;DEL09-BA;UOP03-DEL09-BA;;;