id;data_inversa;dia_semana;horario;uf;br;km;municipio;causa_acidente;tipo_acidente;classificacao_acidente;fase_dia;sentido_via;condicao_metereologica;tipo_pista;tracado_via;uso_solo;pessoas;mortos;feridos_leves;feridos_graves;ilesos;ignorados;feridos;veiculos;latitude;longitude;regional;delegacia;uop;;;
671983;06/04/2025;domingo;14:30:00;ES;262;87;DOMINGOS MARTINS;Chuva;Tombamento;Com V�timas Feridas;Pleno dia;Crescente;Chuva;Simples;Reta;N�o;1;0;1;0;0;0;1;1;-20,39614518;-40,99593094;SPRF-ES;DEL01-ES;UOP02-DEL01-ES;;;
671984;06/04/2025;domingo;16:26:00;PB;230;6;CABEDELO;Manobra de mudan�a de faixa;Colis�o lateral mesmo sentido;Sem V�timas;Pleno dia;Crescente;C�u Claro;M�ltipla;"Interse��o de Vias;Reta";Sim;2;0;0;0;2;0;0;2;-7,024967;-34,8381;SPRF-PB;DEL01-PB;UOP01-DEL01-PB;;;
671985;06/04/2025;domingo;15:50:00;AL;104;66;MURICI;Aus�ncia de rea��o do condutor;Tombamento;Com V�timas Feridas;Pleno dia;Crescente;C�u Claro;Simples;Reta;N�o;3;0;2;1;0;0;3;1;-9,342082;-35,887647;SPRF-AL;DEL01-AL;UOP02-DEL01-AL;;;
671986;06/04/2025;domingo;16:50:00;MG;40;606,3;CONGONHAS;Convers�o proibida;Colis�o transversal;Com V�timas Feridas;Pleno dia;Crescente;Nublado;Simples;"Reta;Aclive";N�o;4;0;2;1;1;0;3;2;-20,473156;-43,843947;SPRF-MG;DEL05-MG;UOP02-DEL05-MG;;;
671988;06/04/2025;domingo;17:13:00;ES;101;144,1;LINHARES;Manobra de mudan�a de faixa;Queda de ocupante de ve�culo;Com V�timas Feridas;Pleno dia;Decrescente;Nublado;M�ltipla;Reta;Sim;1;0;1;0;0;0;1;1;-19,35184157;-40,06355524;SPRF-ES;DEL04-ES;UOP01-DEL04-ES;;;
671989;06/04/2025;domingo;16:30:00;MG;459;68,3;SENADOR JOSE BENTO;Curva acentuada;Sa�da de leito carro��vel;Com V�timas Feridas;Pleno dia;Crescente;C�u Claro;Simples;"Declive;Curva";N�o;2;0;2;0;0;0;2;1;-22,131018;-46,182227;SPRF-MG;DEL09-MG;UOP01-DEL09-MG;;;
671990;06/04/2025;domingo;15:05:00;GO;153;561;PROFESSOR JAMIL;Falta de elemento de conten��o que evite a sa�da do leito carro��vel;Sa�da de leito carro��vel;Com V�timas Feridas;Pleno dia;Decrescente;Nublado;Dupla;Declive;N�o;1;0;0;1;0;0;1;1;-17,23262824;-49,23334122;SPRF-GO;DEL03-GO;UOP01-DEL03-GO;;;
671991;06/04/2025;domingo;17:10:00;PB;101;88;JOAO PESSOA;Manobra de mudan�a de faixa;Queda de ocupante de ve�culo;Com V�timas Feridas;Pleno dia;Decrescente;C�u Claro;Dupla;Reta;Sim;2;0;1;0;0;1;1;1;-7,1663739;-34,89655852;SPRF-PB;DEL01-PB;UOP01-DEL01-PB;;;
671992;06/04/2025;domingo;17:40:00;RJ;101;546;PARATY;Velocidade Incompat�vel;Colis�o com objeto;Com V�timas Fatais;Anoitecer;Crescente;Chuva;Simples;Curva;N�o;2;2;0;0;0;0;0;1;-23,04795075;-44,63168258;SPRF-RJ;DEL03-RJ;UOP04-DEL03-RJ;;;
671993;06/04/2025;domingo;17:20:00;MG;365;627;UBERLANDIA;Velocidade Incompat�vel;Sa�da de leito carro��vel;Com V�timas Feridas;Pleno dia;Crescente;Chuva;Dupla;"Declive;Reta";N�o;2;0;2;0;0;0;2;1;-18,902583;-48,348001;SPRF-MG;DEL15-MG;UOP01-DEL15-MG;;;
671994;06/04/2025;domingo;07:09:00;PR;163;14,7;BARRACAO;Ingest�o de �lcool pelo condutor;Sa�da de leito carro��vel;Com V�timas Feridas;Amanhecer;Decrescente;Nublado;Simples;Reta;N�o;1;0;1;0;0;0;1;1;-26,20984;-53,639555;SPRF-PR;DEL02-PR;UOP02-DEL02-PR;;;
671995;06/04/2025;domingo;17:21:00;MG;153;33;MONTE ALEGRE DE MINAS;Velocidade Incompat�vel;Colis�o com objeto;Com V�timas Feridas;Pleno dia;Crescente;C�u Claro;Dupla;Rotat�ria;N�o;2;0;2;0;0;0;2;1;-18,86807751;-49,06642773;SPRF-MG;DEL15-MG;UOP03-DEL15-MG;;;
671997;06/04/2025;domingo;17:55:00;SP;153;60,8;SAO JOSE DO RIO PRETO;Frear bruscamente;Tombamento;Com V�timas Feridas;Anoitecer;Crescente;Nublado;Dupla;Interse��o de Vias;N�o;1;0;1;0;0;0;1;1;-20,80131518;-49,35558457;SPRF-SP;DEL09-SP;UOP01-DEL09-SP;;;
672000;06/04/2025;domingo;17:00:00;RJ;40;70,3;PETROPOLIS;Chuva;Sa�da de leito carro��vel;Com V�timas Feridas;Plena Noite;Crescente;Chuva;Dupla;Curva;N�o;2;0;1;0;1;0;1;1;-22,2824889;-43,1192798;SPRF-RJ;DEL05-RJ;UOP02-DEL05-RJ;;;
672001;06/04/2025;domingo;18:30:00;ES;101;209,1;IBIRACU;Condutor deixou de manter dist�ncia do ve�culo da frente;Colis�o traseira;Com V�timas Feridas;Plena Noite;Decrescente;Chuva;Simples;Reta;N�o;4;0;3;0;1;0;3;2;-19,79174;-40,37139;SPRF-ES;DEL02-ES;UOP01-DEL02-ES;;;
672002;29/03/2025;s�bado;17:55:00;PR;116;126;FAZENDA RIO GRANDE;Condutor deixou de manter dist�ncia do ve�culo da frente;Colis�o traseira;Com V�timas Feridas;Anoitecer;Decrescente;Nublado;Dupla;Reta;Sim;4;0;0;2;2;0;2;3;-25,6424779;-49,3128379;SPRF-PR;DEL01-PR;UOP03-DEL01-PR;;;
672003;06/04/2025;domingo;18:25:00;PI;343;328,9;TERESINA;Rea��o tardia ou ineficiente do condutor;Colis�o lateral sentido oposto;Com V�timas Feridas;Plena Noite;Crescente;C�u Claro;Simples;Reta;N�o;2;0;0;1;1;0;1;2;-5,0566437;-42,6841547;SPRF-PI;DEL01-PI;UOP01-DEL01-PI;;;
672005;06/04/2025;domingo;16:30:00;RO;364;721;PORTO VELHO;Manobra de mudan�a de faixa;Colis�o traseira;Com V�timas Feridas;Pleno dia;Decrescente;C�u Claro;Dupla;"Aclive;Reta";N�o;4;0;3;0;1;0;3;2;-8,82451315;-63,93026764;SPRF-RO;DEL01-RO;UOP01-DEL01-RO;;;
672006;06/04/2025;domingo;18:15:00;MG;381;547,1;ITATIAIUCU;Pedestre andava na pista;Atropelamento de Pedestre;Com V�timas Fatais;Plena Noite;Decrescente;C�u Claro;Dupla;"Aclive;Reta";N�o;2;1;0;0;0;1;0;2;-20,2080256;-44,4203008;SPRF-MG;DEL04-MG;UOP03-DEL04-MG;;;
672007;06/04/2025;domingo;18:30:00;PR;277;721,2;FOZ DO IGUACU;Acessar a via sem observar a presen�a dos outros ve�culos;Colis�o transversal;Com V�timas Feridas;Pleno dia;Crescente;C�u Claro;Dupla;"Reta;Retorno Regulamentado";N�o;3;0;2;1;0;0;3;2;-25,49534742;-54,52188492;SPRF-PR;DEL05-PR;UOP03-DEL05-PR;;;
672011;06/04/2025;domingo;17:00:00;TO;153;401,8;MIRANORTE;Velocidade Incompat�vel;Sa�da de leito carro��vel;Com V�timas Feridas;Pleno dia;Decrescente;Garoa/Chuvisco;Simples;"Aclive;Reta";N�o;2;0;1;0;1;0;1;1;-9,42100885;-48,57192502;SPRF-TO;DEL02-TO;UOP02-DEL02-TO;;;
672014;06/04/2025;domingo;18:40:00;SC;101;127,8;CAMBORIU;Ingest�o de �lcool pelo condutor;Engavetamento;Sem V�timas;Anoitecer;Crescente;Nublado;Dupla;Reta;N�o;3;0;0;0;3;0;0;3;-26,97394439;-48,68299484;SPRF-SC;DEL04-SC;UOP04-DEL04-SC;;;
672015;06/04/2025;domingo;19:00:00;MA;316;549;CAXIAS;Manobra de mudan�a de faixa;Colis�o frontal;Com V�timas Fatais;Pleno dia;Decrescente;C�u Claro;Simples;Reta;N�o;2;1;1;0;0;0;1;2;-4,860473;-43,4282239;SPRF-MA;DEL03-MA;UOP02-DEL03-MA;;;
672017;06/04/2025;domingo;19:36:00;ES;101;18;SAO MATEUS;Aus�ncia de rea��o do condutor;Eventos at�picos;Com V�timas Feridas;Anoitecer;Crescente;C�u Claro;Dupla;Reta;N�o;1;0;1;0;0;0;1;1;-18,6489235;-39,8735974;SPRF-ES;DEL04-ES;UOP02-DEL04-ES;;;
672020;06/04/2025;domingo;19:30:00;SP;153;58,7;SAO JOSE DO RIO PRETO;Ingest�o de �lcool pelo condutor;Sa�da de leito carro��vel;Com V�timas Feridas;Plena Noite;Crescente;C�u Claro;Dupla;"Reta;Aclive";Sim;1;0;1;0;0;0;1;1;-20,784717;-49,353807;SPRF-SP;DEL09-SP;UOP01-DEL09-SP;;;
672022;06/04/2025;domingo;17:10:00;RJ;40;84;DUQUE DE CAXIAS;Velocidade Incompat�vel;Colis�o lateral mesmo sentido;Sem V�timas;Anoitecer;Crescente;Chuva;Dupla;"Declive;Curva";N�o;3;0;0;0;3;0;0;2;-22,521748;-43,237513;SPRF-RJ;DEL01-RJ;UOP01-DEL01-RJ;;;
672023;06/04/2025;domingo;19:50:00;RS;290;109;ELDORADO DO SUL;Avarias e/ou desgaste excessivo no pneu;Queda de ocupante de ve�culo;Com V�timas Feridas;Plena Noite;Crescente;C�u Claro;Dupla;Reta;Sim;2;0;2;0;0;0;2;1;-30,0362826;-51,3276924;SPRF-RS;DEL02-RS;UOP01-DEL02-RS;;;
672024;06/04/2025;domingo;14:30:00;MT;70;273;PRIMAVERA DO LESTE;Ingest�o de �lcool pelo condutor;Sa�da de leito carro��vel;Com V�timas Feridas;Pleno dia;Crescente;C�u Claro;Simples;Reta;N�o;1;0;1;0;0;0;1;1;-15,54447966;-54,23235118;SPRF-MT;DEL05-MT;UOP01-DEL05-MT;;;
672025;06/04/2025;domingo;16:00:00;SC;282;126;BOM RETIRO;Aus�ncia de rea��o do condutor;Colis�o com objeto;Com V�timas Feridas;Pleno dia;Crescente;Sol;Simples;Curva;N�o;1;0;0;1;0;0;1;1;-27,7999785;-49,4744352;SPRF-SC;DEL05-SC;UOP01-DEL05-SC;;;
672029;06/04/2025;domingo;18:27:00;RJ;101;489,1;ANGRA DOS REIS;Demais falhas mec�nicas ou el�tricas;Inc�ndio;Sem V�timas;Plena Noite;Decrescente;Chuva;Simples;Reta;Sim;1;0;0;0;1;0;0;1;-22,95619;-44,30336;SPRF-RJ;DEL03-RJ;UOP03-DEL03-RJ;;;
672030;06/04/2025;domingo;18:40:00;RO;319;62;PORTO VELHO;Desrespeitar a prefer�ncia no cruzamento;Colis�o transversal;Com V�timas Feridas;Plena Noite;Crescente;C�u Claro;Dupla;Interse��o de Vias;Sim;2;0;0;2;0;0;2;2;-8,75138506;-63,88773853;SPRF-RO;DEL01-RO;UOP01-DEL01-RO;;;
672031;06/04/2025;domingo;20:15:00;SC;101;46;JOINVILLE;Rea��o tardia ou ineficiente do condutor;Queda de ocupante de ve�culo;Com V�timas Feridas;Plena Noite;Decrescente;Nublado;Dupla;Reta;Sim;2;0;2;0;0;0;2;1;-26,36603343;-48,85894775;SPRF-SC;DEL03-SC;UOP01-DEL03-SC;;;
672033;06/04/2025;domingo;20:03:00;SC;101;149;ITAPEMA;Condutor usando celular;Colis�o traseira;Com V�timas Feridas;Plena Noite;Crescente;Nublado;Simples;Reta;Sim;2;0;1;0;1;0;1;2;-27,10794;-48,61354;SPRF-SC;DEL04-SC;UOP03-DEL04-SC;;;
672034;06/04/2025;domingo;18:00:00;MG;364;7,4;PLANURA;Ingest�o de �lcool pelo condutor;Colis�o lateral sentido oposto;Com V�timas Feridas;Anoitecer;Crescente;C�u Claro;Simples;Reta;N�o;2;0;2;0;0;0;2;2;-20,11586;-48,72654;SPRF-MG;DEL13-MG;UOP02-DEL13-MG;;;
672035;06/04/2025;domingo;19:50:00;PE;104;45;CARUARU;Avarias e/ou desgaste excessivo no pneu;Queda de ocupante de ve�culo;Com V�timas Feridas;Plena Noite;Crescente;Nublado;Dupla;Reta;N�o;2;0;2;0;0;0;2;1;-8,116016;-36,005429;SPRF-PE;DEL02-PE;UOP01-DEL02-PE;;;
672036;06/04/2025;domingo;18:50:00;MS;419;236,5;AQUIDAUANA;Rea��o tardia ou ineficiente do condutor;Colis�o traseira;Com V�timas Feridas;Plena Noite;Decrescente;C�u Claro;Simples;"Interse��o de Vias;Reta;Aclive";N�o;3;0;1;0;2;0;1;2;-20,454168;-55,784882;SPRF-MS;DEL03-MS;UOP01-DEL03-MS;;;
672037;06/04/2025;domingo;18:40:00;BA;407;8;JUAZEIRO;Acessar a via sem observar a presen�a dos outros ve�culos;Colis�o frontal;Com V�timas Feridas;Plena Noite;Decrescente;C�u Claro;Simples;"Interse��o de Vias;Reta";N�o;2;0;1;0;1;0;1;2;-9,472145;-40,47883;SPRF-PE;DEL06-PE;UOP01-DEL06-PE;;;
672038;06/04/2025;domingo;20:00:00;SC;101;116,1;ITAJAI;Aus�ncia de rea��o do condutor;Colis�o traseira;Com V�timas Feridas;Plena Noite;Crescente;Nublado;Dupla;Reta;Sim;2;0;1;0;1;0;1;2;-26,8808592;-48,7254303;SPRF-SC;DEL04-SC;UOP04-DEL04-SC;;;
672039;06/04/2025;domingo;17:15:00;PR;0;0;LONDRINA;Rea��o tardia ou ineficiente do condutor;Colis�o traseira;Sem V�timas;Pleno dia;N�o Informado;C�u Claro;Dupla;Reta;Sim;2;0;0;0;2;0;0;2;-23,2897174;-51,2219105;SPRF-PR;DEL07-PR;UOP01-DEL07-PR;;;
672040;06/04/2025;domingo;20:22:00;GO;60;20;ALEXANIA;Rea��o tardia ou ineficiente do condutor;Colis�o traseira;Com V�timas Feridas;Plena Noite;Decrescente;C�u Claro;Dupla;Reta;N�o;5;0;1;0;2;2;1;3;-16,119753;-48,401483;SPRF-DF;DEL03-DF;UOP01-DEL03-DF;;;
672042;06/04/2025;domingo;19:10:00;GO;452;170;ITUMBIARA;Defici�ncia do Sistema de Ilumina��o/Sinaliza��o;Colis�o lateral mesmo sentido;Com V�timas Feridas;Plena Noite;Crescente;C�u Claro;Simples;Declive;N�o;2;0;1;0;1;0;1;2;-18,33822281;-49,43513867;SPRF-GO;DEL03-GO;UOP02-DEL03-GO;;;
672043;06/04/2025;domingo;20:20:00;PR;277;345;GUARAPUAVA;Demais falhas na via;Colis�o lateral mesmo sentido;Com V�timas Feridas;Plena Noite;Decrescente;C�u Claro;Dupla;Reta;N�o;4;0;0;2;2;0;2;2;-25,3659666;-51,48559213;SPRF-PR;DEL08-PR;UOP01-DEL08-PR;;;
672044;06/04/2025;domingo;20:00:00;SC;101;199;SAO JOSE;Acessar a via sem observar a presen�a dos outros ve�culos;Queda de ocupante de ve�culo;Com V�timas Feridas;Pleno dia;Crescente;C�u Claro;M�ltipla;Reta;Sim;1;0;1;0;0;0;1;1;-27,532972;-48,631228;SPRF-SC;DEL01-SC;UOP01-DEL01-SC;;;
672045;06/04/2025;domingo;18:45:00;MT;174;125;MIRASSOL DOESTE;Acessar a via sem observar a presen�a dos outros ve�culos;Colis�o transversal;Com V�timas Feridas;Anoitecer;Crescente;Ignorado;Simples;Interse��o de Vias;N�o;4;0;1;0;3;0;1;2;-15,8180636;-58,08754628;SPRF-MT;DEL03-MT;UOP01-DEL03-MT;;;
672046;06/04/2025;domingo;21:30:00;RS;470;217;BENTO GONCALVES;Acessar a via sem observar a presen�a dos outros ve�culos;Colis�o transversal;Com V�timas Feridas;Plena Noite;Decrescente;C�u Claro;Dupla;Rotat�ria;Sim;3;0;1;0;2;0;1;2;-29,17506278;-51,52307684;SPRF-RS;DEL06-RS;UOP01-DEL06-RS;;;
672047;06/04/2025;domingo;20:15:00;BA;101;705,2;EUNAPOLIS;Transitar na contram�o;Colis�o frontal;Com V�timas Feridas;Plena Noite;Crescente;C�u Claro;Simples;Reta;N�o;7;0;4;1;2;0;5;2;-16,2834;-39,582363;SPRF-BA;DEL09-BA;UOP01-DEL09-BA;;;
672049;06/04/2025;domingo;19:15:00;PR;277;236,5;FERNANDES PINHEIRO;Aus�ncia de rea��o do condutor;Sa�da de leito carro��vel;Com V�timas Feridas;Plena Noite;Decrescente;C�u Claro;Simples;Curva;N�o;1;0;0;1;0;0;1;1;-25,466476;-50,53407;SPRF-PR;DEL08-PR;UOP02-DEL08-PR;;;
672051;06/04/2025;domingo;18:45:00;BA;101;187,3;CONCEICAO DA FEIRA;Aus�ncia de rea��o do condutor;Colis�o traseira;Com V�timas Fatais;Anoitecer;Decrescente;C�u Claro;Simples;Reta;N�o;4;1;0;1;1;1;1;3;-12,49112985;-38,95333864;SPRF-BA;DEL01-BA;UOP03-DEL01-BA;;;
672052;06/04/2025;domingo;21:40:00;PE;232;73;GRAVATA;Ingest�o de �lcool pelo condutor;Colis�o com objeto;Sem V�timas;Plena Noite;Decrescente;C�u Claro;Dupla;Reta;N�o;1;0;0;0;0;1;0;1;-8,1910893;-35,5113131;SPRF-PE;DEL02-PE;UOP02-DEL02PE;;;
672053;06/04/2025;domingo;19:28:00;PE;428;42;OROCO;Animais na Pista;Atropelamento de Animal;Com V�timas Feridas;Plena Noite;Decrescente;C�u Claro;Simples;Reta;N�o;1;0;1;0;0;0;1;1;-8,570372;-39,57781;SPRF-PE;DEL05-PE;UOP03-DEL05-PE;;;
672054;06/04/2025;domingo;20:50:00;RS;285;346,2;CARAZINHO;Aus�ncia de rea��o do condutor;Sa�da de leito carro��vel;Com V�timas Feridas;Plena Noite;Decrescente;C�u Claro;Simples;Curva;N�o;1;0;1;0;0;0;1;1;-28,33550533;-52,8438502;SPRF-RS;DEL08-RS;UOP03-DEL08-RS;;;
672055;06/04/2025;domingo;20:14:00;MT;163;1037;MATUPA;Condutor deixou de manter dist�ncia do ve�culo da frente;Colis�o traseira;Com V�timas Feridas;Plena Noite;Crescente;C�u Claro;Simples;Reta;N�o;3;0;0;2;0;1;2;2;-10,19063;-54,94978;SPRF-MT;DEL06-MT;UOP03-DEL06-MT;;;
672057;06/04/2025;domingo;09:10:00;MG;262;34,5;MANHUACU;Acessar a via sem observar a presen�a dos outros ve�culos;Colis�o transversal;Com V�timas Feridas;Pleno dia;Crescente;C�u Claro;Simples;Rotat�ria;Sim;2;0;1;0;1;0;1;2;-20,25610878;-42,02862617;SPRF-MG;DEL06-MG;UOP03-DEL06-MG;;;
672058;06/04/2025;domingo;21:25:00;MG;381;479,3;CONTAGEM;Pedestre andava na pista;Atropelamento de Pedestre;Com V�timas Feridas;Plena Noite;Crescente;C�u Claro;Dupla;"Aclive;Reta";N�o;2;0;1;0;1;0;1;2;-19,96399101;-44,04830933;SPRF-MG;DEL01-MG;UOP03-DEL01-MG;;;
672060;06/04/2025;domingo;22:20:00;AL;104;81;RIO LARGO;Condutor Dormindo;Sa�da de leito carro��vel;Com V�timas Feridas;Plena Noite;Crescente;C�u Claro;M�ltipla;Reta;N�o;1;0;0;1;0;0;1;1;-9,44489679;-35,8341282;SPRF-AL;DEL01-AL;UOP01-DEL01-AL;;;
672061;06/04/2025;domingo;17:20:00;BA;101;170;FEIRA DE SANTANA;Acessar a via sem observar a presen�a dos outros ve�culos;Colis�o transversal;Com V�timas Feridas;Anoitecer;Crescente;C�u Claro;Simples;Reta;Sim;2;0;1;0;1;0;1;2;-12,35500228;-38,85958672;SPRF-BA;DEL01-BA;UOP03-DEL01-BA;;;
672062;06/04/2025;domingo;19:00:00;SC;470;8;NAVEGANTES;Aus�ncia de rea��o do condutor;Sa�da de leito carro��vel;Com V�timas Feridas;Plena Noite;Crescente;Nublado;Dupla;Reta;N�o;1;0;0;1;0;0;1;1;-26,83505804;-48,72106075;SPRF-SC;DEL04-SC;UOP04-DEL04-SC;;;
672063;06/04/2025;domingo;19:00:00;RS;287;357;JAGUARI;Afundamento ou ondula��o no pavimento;Tombamento;Com V�timas Feridas;Plena Noite;Crescente;C�u Claro;Simples;Reta;N�o;1;0;1;0;0;0;1;1;-29,4739757;-54,69303131;SPRF-RS;DEL12-RS;UOP02-DEL12-RS;;;
672065;06/04/2025;domingo;21:20:00;PA;163;969;BELTERRA;Acessar a via sem observar a presen�a dos outros ve�culos;Colis�o transversal;Com V�timas Feridas;Plena Noite;Decrescente;C�u Claro;Simples;Reta;N�o;2;0;0;2;0;0;2;2;-2,66185322;-54,83684063;SPRF-PA;DEL05-PA;UOP01-DEL05-PA;;;
672066;06/04/2025;domingo;23:30:00;PB;230;149,2;CAMPINA GRANDE;Ingest�o de �lcool pelo condutor;Sa�da de leito carro��vel;Com V�timas Feridas;Plena Noite;Decrescente;C�u Claro;Dupla;Reta;Sim;1;0;1;0;0;0;1;1;-7,25420698;-35,83056515;SPRF-PB;DEL02-PB;UOP01-DEL02-PB;;;
672067;06/04/2025;domingo;19:50:00;PA;230;7;ALTAMIRA;Condutor Dormindo;Colis�o com objeto;Com V�timas Feridas;Plena Noite;Crescente;Ignorado;Simples;Reta;Sim;2;0;2;0;0;0;2;1;-3,19256792;-52,22472662;SPRF-PA;DEL03-PA;UOP01-DEL03-PA;;;
672068;06/04/2025;domingo;23:00:00;MT;163;593;NOVA MUTUM;Rea��o tardia ou ineficiente do condutor;Sa�da de leito carro��vel;Com V�timas Feridas;Plena Noite;Decrescente;Nevoeiro/Neblina;Dupla;Curva;N�o;4;0;0;2;1;1;2;1;-13,85859149;-56,08578081;SPRF-MT;DEL01-MT;UOP01-DEL01-MT;;;
672071;06/04/2025;domingo;22:20:00;AP;156;796;OIAPOQUE;Convers�o proibida;Colis�o transversal;Sem V�timas;Plena Noite;Crescente;Garoa/Chuvisco;Simples;"Aclive;Reta";N�o;2;0;0;0;1;1;0;2;3,8288275;-51,7970398;SPRF-AP;DEL01-AP;UOP03-DEL01-AP;;;
672072;06/04/2025;domingo;23:15:00;MG;381;553;ITATIAIUCU;Animais na Pista;Atropelamento de Animal;Com V�timas Feridas;Plena Noite;Crescente;C�u Claro;Dupla;Reta;N�o;2;0;2;0;0;0;2;1;-20,2080256;-44,4203008;SPRF-MG;DEL04-MG;UOP03-DEL04-MG;;;
672075;07/04/2025;segunda-feira;00:00:00;RJ;116;182;NOVA IGUACU;Aus�ncia de rea��o do condutor;Colis�o lateral mesmo sentido;Com V�timas Feridas;Plena Noite;Crescente;Garoa/Chuvisco;Dupla;Reta;Sim;4;0;2;0;2;0;2;3;-22,746515;-43,445923;SPRF-RJ;DEL06-RJ;UOP01-DEL06-RJ;;;
672076;07/04/2025;segunda-feira;01:00:00;MG;40;510;NOVA LIMA;Velocidade Incompat�vel;Sa�da de leito carro��vel;Com V�timas Feridas;Plena Noite;Decrescente;C�u Claro;Dupla;"Reta;Declive";N�o;4;0;2;1;1;0;3;2;-20,08179728;-43,97908189;SPRF-MG;DEL01-MG;UOP02-DEL01-MG;;;
672077;07/04/2025;segunda-feira;00:40:00;MT;163;839;SINOP;Acessar a via sem observar a presen�a dos outros ve�culos;Queda de ocupante de ve�culo;Com V�timas Feridas;Plena Noite;Crescente;C�u Claro;Simples;Reta;Sim;1;0;0;1;0;0;1;1;-11,80619485;-55,48130035;SPRF-MT;DEL06-MT;UOP02-DEL06-MT;;;
672078;06/04/2025;domingo;00:40:00;MG;40;430,2;PARAOPEBA;Aus�ncia de rea��o do condutor;Sa�da de leito carro��vel;Com V�timas Feridas;Plena Noite;Crescente;C�u Claro;Dupla;"Reta;Aclive";N�o;1;0;1;0;0;0;1;1;-19,19519;-44,48288;SPRF-MG;DEL02-MG;UOP01-DEL02-MG;;;
672080;07/04/2025;segunda-feira;01:00:00;BA;101;436,6;MARAU;Condutor Dormindo;Sa�da de leito carro��vel;Com V�timas Fatais;Plena Noite;Decrescente;C�u Claro;Simples;Reta;N�o;2;1;0;0;1;0;0;1;-14,24524985;-39,32006836;SPRF-BA;DEL05-BA;UOP01-DEL05-BA;;;
672083;07/04/2025;segunda-feira;01:40:00;PR;277;124;CAMPO LARGO;Rea��o tardia ou ineficiente do condutor;Sa�da de leito carro��vel;Sem V�timas;Plena Noite;Decrescente;Chuva;Dupla;Curva;N�o;1;0;0;0;1;0;0;1;-25,4371;-49,5142;SPRF-PR;DEL03-PR;UOP03-DEL03-PR;;;
672084;07/04/2025;segunda-feira;03:45:00;RS;116;237;NOVO HAMBURGO;Aus�ncia de rea��o do condutor;Colis�o traseira;Com V�timas Feridas;Plena Noite;Decrescente;C�u Claro;Dupla;Reta;Sim;2;0;2;0;0;0;2;2;-29,6817883;-51,1424453;SPRF-RS;DEL01-RS;UOP02-DEL01-RS;;;
672086;07/04/2025;segunda-feira;04:20:00;PR;476;118;COLOMBO;Rea��o tardia ou ineficiente do condutor;Colis�o traseira;Sem V�timas;Plena Noite;Crescente;C�u Claro;Dupla;Curva;N�o;3;0;0;0;3;0;0;2;-25,35951431;-49,18169076;SPRF-PR;DEL01-PR;UOP01-DEL01-PR;;;
672087;07/04/2025;segunda-feira;03:40:00;SC;101;257,4;PAULO LOPES;Ingest�o de �lcool pelo condutor;Sa�da de leito carro��vel;Com V�timas Feridas;Plena Noite;Decrescente;Chuva;Dupla;Reta;N�o;1;0;1;0;0;0;1;1;-27,9995824;-48,68919242;SPRF-SC;DEL02-SC;UOP03-DEL02-SC;;;
672088;07/04/2025;segunda-feira;03:30:00;PR;376;618;SAO JOSE DOS PINHAIS;Avarias e/ou desgaste excessivo no pneu;Sa�da de leito carro��vel;Com V�timas Feridas;Amanhecer;Crescente;Garoa/Chuvisco;M�ltipla;"Reta;Declive";Sim;1;0;1;0;0;0;1;1;-25,6002558;-49,1725283;SPRF-PR;DEL01-PR;UOP04-DEL01-PR;;;
672089;07/04/2025;segunda-feira;03:00:00;RO;435;30;VILHENA;Aus�ncia de rea��o do condutor;Queda de ocupante de ve�culo;Sem V�timas;Pleno dia;Decrescente;Nublado;Simples;Reta;N�o;1;0;0;0;1;0;0;1;-12,8350462;-60,37395359;SPRF-RO;DEL04-RO;UOP02-DEL04-RO;;;
672090;07/04/2025;segunda-feira;01:40:00;MS;163;680,4;RIO VERDE DE MATO GROSSO;Aus�ncia de rea��o do condutor;Tombamento;Com V�timas Feridas;Plena Noite;Crescente;Nublado;Simples;"Reta;Retorno Regulamentado";Sim;1;0;0;1;0;0;1;1;-18,915728;-54,838534;SPRF-MS;DEL06-MS;UOP02-DEL06-MS;;;
672091;07/04/2025;segunda-feira;02:40:00;RJ;101;413;ITAGUAI;Aus�ncia de rea��o do condutor;Colis�o traseira;Com V�timas Feridas;Plena Noite;Crescente;Nublado;Dupla;Reta;Sim;3;0;2;0;1;0;2;2;-22,9040348;-43,87518882;SPRF-RJ;DEL03-RJ;UOP01-DEL03-RJ;;;
672092;07/04/2025;segunda-feira;05:45:00;DF;20;10;BRASILIA;Manobra de mudan�a de faixa;Colis�o lateral mesmo sentido;Sem V�timas;Amanhecer;Decrescente;C�u Claro;Dupla;Em Obras;Sim;2;0;0;0;2;0;0;2;-15,649148;-47,772018;SPRF-DF;DEL02-DF;UOP01-DEL02-DF;;;
672093;07/04/2025;segunda-feira;06:00:00;BA;242;823;BARREIRAS;Velocidade Incompat�vel;Colis�o traseira;Com V�timas Feridas;Amanhecer;Decrescente;C�u Claro;Simples;Reta;Sim;5;0;0;1;4;0;1;2;-12,126868;-45,024853;SPRF-BA;DEL10-BA;UOP01-DEL10-BA;;;
672094;07/04/2025;segunda-feira;05:40:00;RJ;493;21;MAGE;Aus�ncia de rea��o do condutor;Colis�o frontal;Com V�timas Feridas;Amanhecer;Decrescente;C�u Claro;Simples;Reta;Sim;2;0;1;0;1;0;1;2;-22,65956155;-43,05387497;SPRF-RJ;DEL04-RJ;UOP02-DEL04-RJ;;;