id;data_inversa;dia_semana;horario;uf;br;km;municipio;causa_acidente;tipo_acidente;classificacao_acidente;fase_dia;sentido_via;condicao_metereologica;tipo_pista;tracado_via;uso_solo;pessoas;mortos;feridos_leves;feridos_graves;ilesos;ignorados;feridos;veiculos;latitude;longitude;regional;delegacia;uop;;;
672344;08/04/2025;ter�a-feira;08:00:00;RJ;116;144;DUQUE DE CAXIAS;Rea��o tardia ou ineficiente do condutor;Colis�o traseira;Com V�timas Feridas;Pleno dia;Decrescente;C�u Claro;Dupla;Reta;Sim;4;0;1;0;2;1;1;3;-22,66862662;-43,26846477;SPRF-RJ;DEL01-RJ;UOP02-DEL01-RJ;;;
672346;08/04/2025;ter�a-feira;07:40:00;MG;116;699,1;MURIAE;Acessar a via sem observar a presen�a dos outros ve�culos;Colis�o transversal;Com V�timas Feridas;Pleno dia;Decrescente;C�u Claro;Simples;"Interse��o de Vias;Reta";N�o;5;0;4;0;0;1;4;3;-21,09886453;-42,37625241;SPRF-MG;DEL07-MG;UOP02-DEL07-MG;;;
672347;08/04/2025;ter�a-feira;09:10:00;MG;40;517;RIBEIRAO DAS NEVES;Acessar a via sem observar a presen�a dos outros ve�culos;Colis�o transversal;Com V�timas Feridas;Pleno dia;Crescente;C�u Claro;Dupla;Retorno Regulamentado;Sim;2;0;1;0;1;0;1;2;-19,82955299;-44,08344626;SPRF-MG;DEL01-MG;UOP02-DEL01-MG;;;
672349;28/03/2025;sexta-feira;07:00:00;RS;470;179;VERANOPOLIS;Velocidade Incompat�vel;Engavetamento;Com V�timas Feridas;Pleno dia;Crescente;C�u Claro;Simples;Reta;Sim;4;0;0;1;3;0;1;4;-28,94926885;-51,55557448;SPRF-RS;DEL06-RS;UOP02-DEL06-RS;;;
672350;08/04/2025;ter�a-feira;09:50:00;RS;448;22;PORTO ALEGRE;Acumulo de �leo sobre o pavimento;Colis�o com objeto;Com V�timas Feridas;Pleno dia;Crescente;Chuva;Dupla;"Declive;Curva";Sim;1;0;1;0;0;0;1;1;-29,97545832;-51,19957209;SPRF-RS;DEL01-RS;UOP01-DEL01-RS;;;
672351;08/04/2025;ter�a-feira;10:05:00;BA;110;342;ALAGOINHAS;Trafegar com motocicleta (ou similar) entre as faixas;Colis�o traseira;Com V�timas Feridas;Pleno dia;Crescente;C�u Claro;Simples;Reta;N�o;3;0;1;0;2;0;1;2;-12,16464;-38,41301;SPRF-BA;DEL01-BA;UOP04-DEL01-BA;;;
672353;08/04/2025;ter�a-feira;10:44:00;PR;376;75,7;GUAIRACA;Desrespeitar a prefer�ncia no cruzamento;Colis�o transversal;Com V�timas Feridas;Pleno dia;Decrescente;C�u Claro;Simples;"Reta;Interse��o de Vias";N�o;4;0;2;0;2;0;2;2;-22,95410577;-52,70154476;SPRF-PR;DEL09-PR;UOP02-DEL09-PR;;;
672356;06/04/2025;domingo;17:30:00;PA;230;3;ALTAMIRA;Aus�ncia de rea��o do condutor;Colis�o traseira;Com V�timas Feridas;Pleno dia;Crescente;Sol;Simples;Reta;Sim;3;0;0;1;1;1;1;2;-3,18766285;-52,20300671;SPRF-PA;DEL03-PA;UOP01-DEL03-PA;;;
672358;23/03/2025;domingo;10:30:00;SP;101;45;UBATUBA;Convers�o proibida;Colis�o transversal;Com V�timas Feridas;Pleno dia;Crescente;C�u Claro;Simples;Reta;N�o;2;0;1;0;1;0;1;2;-23,41954182;-45,06905079;SPRF-SP;DEL06-SP;UOP01-DEL06-SP;;;
672359;08/04/2025;ter�a-feira;11:57:00;PE;101;177;AGUA PRETA;Demais falhas mec�nicas ou el�tricas;Inc�ndio;Com V�timas Feridas;Pleno dia;Decrescente;Sol;Dupla;Reta;N�o;1;0;1;0;0;0;1;1;-8,5730799;-35,4809826;SPRF-PE;DEL01-PE;UOP03-DEL01-PE;;;
672360;08/04/2025;ter�a-feira;10:55:00;RS;158;95,1;PALMEIRA DAS MISSOES;Acessar a via sem observar a presen�a dos outros ve�culos;Colis�o transversal;Com V�timas Feridas;Pleno dia;Decrescente;Chuva;Simples;Reta;N�o;2;0;1;0;1;0;1;2;-27,85818635;-53,32490748;SPRF-RS;DEL08-RS;UOP02-DEL08-RS;;;
672362;08/04/2025;ter�a-feira;11:00:00;RJ;465;21;NOVA IGUACU;Aus�ncia de rea��o do condutor;Colis�o transversal;Com V�timas Feridas;Pleno dia;Decrescente;C�u Claro;Simples;Reta;Sim;2;0;0;1;1;0;1;2;-22,848631;-43,603726;SPRF-RJ;DEL06-RJ;UOP02-DEL06-RJ;;;
672365;05/04/2025;s�bado;15:45:00;RS;285;292,7;PASSO FUNDO;Desrespeitar a prefer�ncia no cruzamento;Atropelamento de Pedestre;Com V�timas Feridas;Pleno dia;Decrescente;Sol;Simples;Rotat�ria;N�o;2;0;0;1;1;0;1;2;-28,2375656;-52,3709877;SPRF-RS;DEL08-RS;UOP03-DEL08-RS;;;
672367;08/04/2025;ter�a-feira;08:50:00;MG;365;495,3;PATROCINIO;Aus�ncia de rea��o do condutor;Queda de ocupante de ve�culo;Com V�timas Feridas;Pleno dia;Decrescente;C�u Claro;Simples;"Declive;Curva;Em Obras";N�o;1;0;0;1;0;0;1;1;-18,913675;-47,190736;SPRF-MG;DEL10-MG;UOP01-DEL10-MG;;;
672370;08/04/2025;ter�a-feira;09:30:00;RJ;101;66,7;CAMPOS DOS GOYTACAZES;Acessar a via sem observar a presen�a dos outros ve�culos;Colis�o lateral mesmo sentido;Com V�timas Feridas;Pleno dia;Decrescente;C�u Claro;Simples;Curva;Sim;2;0;1;0;1;0;1;2;-21,76597457;-41,34530783;SPRF-RJ;DEL08-RJ;UOP02-DEL08-RJ;;;
672371;08/04/2025;ter�a-feira;13:00:00;GO;414;438;ANAPOLIS;Avarias e/ou desgaste excessivo no pneu;Queda de ocupante de ve�culo;Com V�timas Feridas;Pleno dia;Crescente;C�u Claro;Simples;Reta;Sim;2;0;2;0;0;0;2;1;-16,268029;-48,939358;SPRF-GO;DEL02-GO;UOP01-DEL02-GO;;;
672374;08/04/2025;ter�a-feira;12:00:00;RJ;101;594,2;PARATY;Curva acentuada;Colis�o traseira;Com V�timas Feridas;Pleno dia;Decrescente;C�u Claro;Simples;"Declive;Curva";N�o;3;0;1;0;2;0;1;2;-23,34;-44,74;SPRF-RJ;DEL03-RJ;UOP04-DEL03-RJ;;;
672376;08/04/2025;ter�a-feira;11:50:00;SP;116;113,8;TAUBATE;Demais falhas mec�nicas ou el�tricas;Tombamento;Com V�timas Feridas;Pleno dia;Crescente;Sol;Dupla;Reta;Sim;1;0;1;0;0;0;1;1;-23,04614096;-45,58888167;SPRF-SP;DEL02-SP;UOP02-DEL02-SP;;;
672377;08/04/2025;ter�a-feira;13:30:00;MG;40;793,2;JUIZ DE FORA;Avarias e/ou desgaste excessivo no pneu;Colis�o com objeto;Com V�timas Feridas;Pleno dia;Crescente;C�u Claro;Dupla;Reta;N�o;1;0;1;0;0;0;1;1;-21,79213935;-43,41507196;SPRF-MG;DEL05-MG;UOP01-DEL05-MG;;;
672378;08/04/2025;ter�a-feira;12:27:00;MS;163;14;MUNDO NOVO;Aus�ncia de rea��o do condutor;Sa�da de leito carro��vel;Sem V�timas;Pleno dia;Crescente;Chuva;Simples;"Curva;Declive";N�o;1;0;0;0;0;1;0;1;-23,95066524;-54,3081665;SPRF-MS;DEL09-MS;UOP02-DEL09-MS;;;
672379;30/03/2025;domingo;10:45:00;MS;163;487;CAMPO GRANDE;Aus�ncia de rea��o do condutor;Colis�o frontal;Com V�timas Feridas;Pleno dia;Decrescente;C�u Claro;Simples;"Reta;Aclive";N�o;4;0;2;0;2;0;2;2;-20,4304998;-54,5443978;SPRF-MS;DEL01-MS;UOP02-DEL01-MS;;;
672380;08/04/2025;ter�a-feira;13:45:00;MA;10;259;IMPERATRIZ;Transitar no Acostamento;Colis�o transversal;Com V�timas Feridas;Pleno dia;Crescente;C�u Claro;Simples;Reta;Sim;2;0;1;1;0;0;2;2;-5,473117;-47,472138;SPRF-MA;DEL04-MA;UOP01-DEL04-MA;;;
672381;08/04/2025;ter�a-feira;14:22:00;PB;101;12;MAMANGUAPE;Rea��o tardia ou ineficiente do condutor;Queda de ocupante de ve�culo;Com V�timas Feridas;Pleno dia;Decrescente;C�u Claro;Dupla;Reta;N�o;2;0;1;0;0;1;1;1;-6,601404;-35,142668;SPRF-PB;DEL01-PB;UOP03-DEL01-PB;;;
672382;08/04/2025;ter�a-feira;10:00:00;BA;324;515;FEIRA DE SANTANA;Aus�ncia de rea��o do condutor;Colis�o traseira;Com V�timas Feridas;Pleno dia;Crescente;C�u Claro;Simples;Reta;Sim;4;0;3;0;1;0;3;3;-12,23725188;-38,94174993;SPRF-BA;DEL02-BA;UOP01-DEL02-BA;;;
672383;08/04/2025;ter�a-feira;14:30:00;PR;277;586;CASCAVEL;Desrespeitar a prefer�ncia no cruzamento;Colis�o traseira;Com V�timas Feridas;Pleno dia;Decrescente;Chuva;Simples;"Reta;Interse��o de Vias";Sim;6;0;2;0;3;1;2;3;-24,967146;-53,42466;SPRF-PR;DEL04-PR;UOP01-DEL04-PR;;;
672384;08/04/2025;ter�a-feira;14:55:00;RS;386;426;MONTENEGRO;Condutor deixou de manter dist�ncia do ve�culo da frente;Colis�o traseira;Sem V�timas;Pleno dia;Decrescente;C�u Claro;Simples;Reta;N�o;2;0;0;0;2;0;0;2;-29,81964759;-51,36127587;SPRF-RS;DEL04-RS;UOP02-DEL04-RS;;;
672385;08/04/2025;ter�a-feira;15:00:00;RJ;495;3;TERESOPOLIS;Condutor deixou de manter dist�ncia do ve�culo da frente;Colis�o traseira;Com V�timas Feridas;Pleno dia;Decrescente;C�u Claro;Simples;Curva;Sim;3;0;1;0;1;1;1;3;-22,392836;-42,987816;SPRF-RJ;DEL04-RJ;UOP01-DEL04-RJ;;;
672386;08/04/2025;ter�a-feira;12:00:00;PR;476;239,5;LAPA;Rea��o tardia ou ineficiente do condutor;Capotamento;Com V�timas Feridas;Pleno dia;Crescente;Nublado;Simples;Curva;N�o;1;0;1;0;0;0;1;1;-25,85627406;-49,96301472;SPRF-PR;DEL02-PR;UOP03-DEL02-PR;;;
672390;08/04/2025;ter�a-feira;13:35:00;SC;470;140,1;RIO DO SUL;Acessar a via sem observar a presen�a dos outros ve�culos;Colis�o transversal;Com V�timas Feridas;Pleno dia;Decrescente;Chuva;Simples;Reta;Sim;3;0;1;0;2;0;1;2;-27,20473089;-49,63883573;SPRF-SC;DEL04-SC;UOP02-DEL04-SC;;;
672392;08/04/2025;ter�a-feira;15:45:00;MG;381;499,5;BETIM;Aus�ncia de rea��o do condutor;Colis�o lateral mesmo sentido;Com V�timas Feridas;Pleno dia;Decrescente;Sol;Dupla;Reta;Sim;2;0;0;1;1;0;1;2;-19,99994496;-44,21097994;SPRF-MG;DEL01-MG;UOP03-DEL01-MG;;;
672394;08/04/2025;ter�a-feira;16:15:00;SP;153;59,2;SAO JOSE DO RIO PRETO;Rea��o tardia ou ineficiente do condutor;Sa�da de leito carro��vel;Com V�timas Feridas;Pleno dia;Decrescente;Sol;Dupla;Declive;Sim;2;0;1;0;0;1;1;2;-20,789206;-49,354179;SPRF-SP;DEL09-SP;UOP01-DEL09-SP;;;
672395;08/04/2025;ter�a-feira;14:00:00;PI;343;162;BRASILEIRA;Animais na Pista;Tombamento;Com V�timas Feridas;Pleno dia;Crescente;C�u Claro;Simples;Reta;N�o;1;0;0;1;0;0;1;1;-4,10911757;-41,78535432;SPRF-PI;DEL02-PI;UOP01-DEL02-PI;;;
672397;08/04/2025;ter�a-feira;16:00:00;BA;101;864;TEIXEIRA DE FREITAS;Ultrapassagem Indevida;Sa�da de leito carro��vel;Com V�timas Feridas;Pleno dia;Crescente;Nublado;Simples;"Reta;Aclive";N�o;5;0;4;0;1;0;4;1;-17,441983;-39,69209;SPRF-BA;DEL09-BA;UOP02-DEL09-BA;;;
672399;08/04/2025;ter�a-feira;13:30:00;MG;50;72;UBERLANDIA;Acessar a via sem observar a presen�a dos outros ve�culos;Colis�o transversal;Com V�timas Feridas;Pleno dia;Crescente;C�u Claro;Dupla;Interse��o de Vias;Sim;2;0;1;0;1;0;1;2;-18,896;-48,247;SPRF-MG;DEL15-MG;UOP01-DEL15-MG;;;
672400;08/04/2025;ter�a-feira;15:00:00;MG;50;53;ARAGUARI;Avarias e/ou desgaste excessivo no pneu;Queda de ocupante de ve�culo;Com V�timas Feridas;Pleno dia;Crescente;C�u Claro;Dupla;Reta;N�o;2;0;1;0;1;0;1;1;-18,6948035;-48,1896249;SPRF-MG;DEL15-MG;UOP02-DEL15-MG;;;
672402;08/04/2025;ter�a-feira;17:10:00;ES;101;287;CARIACICA;Acessar a via sem observar a presen�a dos outros ve�culos;Colis�o transversal;Com V�timas Feridas;Anoitecer;Crescente;C�u Claro;Dupla;Reta;Sim;2;0;1;0;1;0;1;2;-20,25231936;-40,37333965;SPRF-ES;DEL01-ES;UOP01-DEL01-ES;;;
672404;08/04/2025;ter�a-feira;17:10:00;BA;101;445;AURELINO LEAL;Frear bruscamente;Colis�o traseira;Sem V�timas;Pleno dia;Crescente;C�u Claro;Simples;"Ponte;Reta";Sim;3;0;0;0;3;0;0;2;-14,31617829;-39,31429625;SPRF-BA;DEL05-BA;UOP01-DEL05-BA;;;
672405;08/04/2025;ter�a-feira;16:40:00;PE;104;65,1;CARUARU;Rea��o tardia ou ineficiente do condutor;Colis�o com objeto;Com V�timas Feridas;Pleno dia;Decrescente;C�u Claro;Dupla;"Viaduto;Reta";Sim;2;0;1;1;0;0;2;1;-8,27664698;-35,98182857;SPRF-PE;DEL02-PE;UOP01-DEL02-PE;;;
672408;08/04/2025;ter�a-feira;17:30:00;PB;230;147,8;CAMPINA GRANDE;Aus�ncia de rea��o do condutor;Colis�o traseira;Sem V�timas;Anoitecer;Crescente;C�u Claro;Simples;Rotat�ria;Sim;2;0;0;0;2;0;0;2;-7,23638182;-35,86722851;SPRF-PB;DEL02-PB;UOP01-DEL02-PB;;;
672413;08/04/2025;ter�a-feira;17:50:00;ES;101;215,8;IBIRACU;Rea��o tardia ou ineficiente do condutor;Tombamento;Com V�timas Feridas;Anoitecer;Crescente;Nublado;Simples;Reta;N�o;1;0;1;0;0;0;1;1;-19,83920833;-40,38316333;SPRF-ES;DEL02-ES;UOP01-DEL02-ES;;;
672414;08/04/2025;ter�a-feira;16:00:00;SC;101;71;ARAQUARI;Chuva;Tombamento;Com V�timas Feridas;Pleno dia;Decrescente;Chuva;M�ltipla;Curva;N�o;1;0;1;0;0;0;1;1;-26,52369042;-48,71606112;SPRF-SC;DEL03-SC;UOP02-DEL03-SC;;;
672416;08/04/2025;ter�a-feira;18:40:00;RN;101;121,2;SAO JOSE DE MIPIBU;Aus�ncia de sinaliza��o;Colis�o traseira;Com V�timas Feridas;Plena Noite;Crescente;C�u Claro;Dupla;Reta;N�o;2;0;1;0;0;1;1;2;-6,041498;-35,246821;SPRF-RN;DEL01-RN;UOP01-DEL01-RN;;;
672417;08/04/2025;ter�a-feira;18:40:00;RJ;116;83;TERESOPOLIS;Ultrapassagem Indevida;Colis�o lateral sentido oposto;Com V�timas Feridas;Plena Noite;Decrescente;C�u Claro;Simples;"Reta;Aclive";Sim;4;0;1;0;1;2;1;4;-22,405758;-42,951673;SPRF-RJ;DEL04-RJ;UOP01-DEL04-RJ;;;
672418;08/04/2025;ter�a-feira;18:30:00;SC;101;208;SAO JOSE;Rea��o tardia ou ineficiente do condutor;Queda de ocupante de ve�culo;Com V�timas Feridas;Plena Noite;Crescente;Chuva;Simples;Reta;Sim;1;0;1;0;0;0;1;1;-27,6044;-48,63343;SPRF-SC;DEL01-SC;UOP01-DEL01-SC;;;
672423;08/04/2025;ter�a-feira;16:35:00;GO;50;265;CATALAO;Aus�ncia de rea��o do condutor;Sa�da de leito carro��vel;Com V�timas Feridas;Pleno dia;Decrescente;C�u Claro;Dupla;"Reta;Declive";N�o;1;0;1;0;0;0;1;1;-18,08491431;-47,86957741;SPRF-GO;DEL06-GO;UOP01-DEL06-GO;;;
672424;08/04/2025;ter�a-feira;18:05:00;BA;101;884;TEIXEIRA DE FREITAS;Transitar na contram�o;Colis�o frontal;Com V�timas Feridas;Anoitecer;Crescente;Chuva;Simples;Curva;N�o;2;0;1;0;1;0;1;2;-17,60158497;-39,74868536;SPRF-BA;DEL09-BA;UOP02-DEL09-BA;;;
672428;08/04/2025;ter�a-feira;17:45:00;MG;116;521,9;CARATINGA;Acessar a via sem observar a presen�a dos outros ve�culos;Colis�o lateral mesmo sentido;Com V�timas Feridas;Anoitecer;Decrescente;Nublado;Simples;Reta;Sim;2;0;0;1;1;0;1;2;-19,7341039;-42,13264957;SPRF-MG;DEL06-MG;UOP02-DEL06-MG;;;
672430;08/04/2025;ter�a-feira;18:05:00;MG;40;669,9;CARANDAI;Convers�o proibida;Colis�o transversal;Com V�timas Fatais;Plena Noite;Decrescente;C�u Claro;Simples;Reta;Sim;4;1;0;1;1;1;1;3;-20,97154;-43,78458;SPRF-MG;DEL05-MG;UOP02-DEL05-MG;;;
672431;08/04/2025;ter�a-feira;19:25:00;PR;467;108,8;CASCAVEL;Desrespeitar a prefer�ncia no cruzamento;Colis�o transversal;Com V�timas Feridas;Plena Noite;Decrescente;Garoa/Chuvisco;Dupla;"Declive;Retorno Regulamentado;Reta";Sim;2;0;1;0;1;0;1;2;-24,92473801;-53,46588414;SPRF-PR;DEL04-PR;UOP01-DEL04-PR;;;
672436;08/04/2025;ter�a-feira;17:30:00;PI;316;311;PICOS;Aus�ncia de rea��o do condutor;Atropelamento de Pedestre;Com V�timas Feridas;Anoitecer;Crescente;C�u Claro;Simples;Reta;Sim;2;0;1;0;1;0;1;2;-7,076331;-41,46596;SPRF-PI;DEL04-PI;UOP01-DEL04-PI;;;
672437;08/04/2025;ter�a-feira;20:30:00;PB;230;23,6;JOAO PESSOA;Rea��o tardia ou ineficiente do condutor;Tombamento;Com V�timas Feridas;Plena Noite;Decrescente;C�u Claro;Dupla;Reta;Sim;3;0;2;0;0;1;2;2;-7,16255797;-34,86095902;SPRF-PB;DEL01-PB;UOP01-DEL01-PB;;;
672438;08/04/2025;ter�a-feira;19:00:00;PR;369;7,1;JACAREZINHO;Pista esburacada;Queda de ocupante de ve�culo;Com V�timas Feridas;Plena Noite;Crescente;C�u Claro;Simples;"Reta;Declive";N�o;2;0;2;0;0;0;2;1;-23,00145143;-49,96590614;SPRF-PR;DEL07-PR;UOP05-DEL07-PR;;;
672439;08/04/2025;ter�a-feira;17:40:00;MG;153;243,1;FRONTEIRA;Transitar na contram�o;Colis�o lateral sentido oposto;Com V�timas Feridas;Pleno dia;Decrescente;C�u Claro;Simples;Reta;Sim;5;0;1;0;4;0;1;3;-20,277583;-49,1904;SPRF-MG;DEL13-MG;UOP02-DEL13-MG;;;
672440;08/04/2025;ter�a-feira;16:00:00;MG;364;22,8;FRUTAL;Rea��o tardia ou ineficiente do condutor;Colis�o com objeto;Com V�timas Feridas;Pleno dia;Crescente;C�u Claro;Simples;"Reta;Ponte";N�o;3;0;1;0;2;0;1;2;-20,04308101;-48,85145903;SPRF-MG;DEL13-MG;UOP02-DEL13-MG;;;
672445;08/04/2025;ter�a-feira;21:30:00;MT;364;239;JUSCIMEIRA;Aus�ncia de rea��o do condutor;Queda de ocupante de ve�culo;Com V�timas Feridas;Plena Noite;Decrescente;C�u Claro;Dupla;Reta;N�o;1;0;1;0;0;0;1;1;-16,07778484;-54,87636566;SPRF-MT;DEL02-MT;UOP01-DEL02-MT;;;
672447;08/04/2025;ter�a-feira;22:05:00;RS;386;368,6;FAZENDA VILANOVA;Ingest�o de �lcool pelo condutor;Sa�da de leito carro��vel;Sem V�timas;Plena Noite;Crescente;Nublado;Dupla;Reta;N�o;1;0;0;0;1;0;0;1;-29,58713382;-51,83244467;SPRF-RS;DEL04-RS;UOP01-DEL04-RS;;;
672448;08/04/2025;ter�a-feira;19:15:00;RJ;101;409;ITAGUAI;�rea urbana sem a presen�a de local apropriado para a travessia de pedestres;Atropelamento de Pedestre;Com V�timas Fatais;Plena Noite;Crescente;C�u Claro;Dupla;Reta;Sim;2;1;0;0;1;0;0;2;-22,890425;-43,840851;SPRF-RJ;DEL03-RJ;UOP01-DEL03-RJ;;;
672450;08/04/2025;ter�a-feira;22:00:00;DF;20;1,4;BRASILIA;Ingest�o de �lcool pelo condutor;Tombamento;Sem V�timas;Plena Noite;Decrescente;C�u Claro;Dupla;Reta;N�o;1;0;0;0;1;0;0;1;-15,68440205;-47,84625315;SPRF-DF;DEL02-DF;UOP01-DEL02-DF;;;
672451;08/04/2025;ter�a-feira;21:54:00;RS;285;575;SAO LUIZ GONZAGA;Ingest�o de �lcool pelo condutor;Sa�da de leito carro��vel;Sem V�timas;Plena Noite;Decrescente;C�u Claro;Simples;Reta;N�o;4;0;0;0;4;0;0;1;-28,4191833;-55,03742695;SPRF-RS;DEL12-RS;UOP01-DEL12-RS;;;
672452;08/04/2025;ter�a-feira;23:20:00;CE;222;4;CAUCAIA;Aus�ncia de rea��o do condutor;Atropelamento de Pedestre;Com V�timas Feridas;Plena Noite;Decrescente;C�u Claro;Simples;Reta;Sim;3;0;2;1;0;0;3;2;-3,74249847;-38,60893428;SPRF-CE;DEL01-CE;UOP01-DEL01-CE;;;
672456;08/04/2025;ter�a-feira;22:24:00;MG;381;946,5;EXTREMA;Velocidade Incompat�vel;Sa�da de leito carro��vel;Com V�timas Feridas;Plena Noite;Crescente;Nublado;Dupla;Interse��o de Vias;Sim;1;0;1;0;0;0;1;1;-22,86130786;-46,34431954;SPRF-MG;DEL16-MG;UOP03-DEL16-MG;;;
672457;09/04/2025;quarta-feira;00:50:00;SP;153;68,2;SAO JOSE DO RIO PRETO;Aus�ncia de rea��o do condutor;Sa�da de leito carro��vel;Com V�timas Feridas;Plena Noite;Crescente;C�u Claro;Dupla;Reta;Sim;2;0;2;0;0;0;2;1;-20,8506607;-49,39424157;SPRF-SP;DEL09-SP;UOP01-DEL09-SP;;;
672459;08/04/2025;ter�a-feira;22:00:00;MT;364;154;PEDRA PRETA;Ingest�o de �lcool pelo condutor;Sa�da de leito carro��vel;Sem V�timas;Plena Noite;Crescente;Nublado;Simples;Reta;N�o;1;0;0;0;1;0;0;1;-16,69199546;-54,28700858;SPRF-MT;DEL02-MT;UOP01-DEL02-MT;;;
672460;09/04/2025;quarta-feira;01:50:00;PR;163;278,8;MARECHAL CANDIDO RONDON;Rea��o tardia ou ineficiente do condutor;Colis�o com objeto;Com V�timas Feridas;Plena Noite;Crescente;Ignorado;Dupla;Reta;Sim;4;0;0;1;0;3;1;2;-24,56845932;-54,02000958;SPRF-PR;DEL06-PR;UOP02-DEL06-PR;;;
672461;08/04/2025;ter�a-feira;21:50:00;RO;435;90;COLORADO DO OESTE;Demais falhas na via;Queda de ocupante de ve�culo;Com V�timas Feridas;Plena Noite;Decrescente;Nublado;Simples;Reta;N�o;1;0;1;0;0;0;1;1;-13,18746764;-60,54485152;SPRF-RO;DEL04-RO;UOP02-DEL04-RO;;;
672463;09/04/2025;quarta-feira;02:10:00;PR;376;183,5;SARANDI;Aus�ncia de rea��o do condutor;Colis�o com objeto;Com V�timas Feridas;Plena Noite;Decrescente;C�u Claro;Dupla;"Reta;Em Obras";Sim;2;0;1;0;0;1;1;1;-23,434;-51,883;SPRF-PR;DEL09-PR;UOP01-DEL09-PR;;;
672466;09/04/2025;quarta-feira;04:10:00;MG;381;744,9;TRES CORACOES;Rea��o tardia ou ineficiente do condutor;Sa�da de leito carro��vel;Com V�timas Feridas;Plena Noite;Crescente;Ignorado;Dupla;Reta;Sim;2;0;1;0;0;1;1;2;-21,61889;-45,25181;SPRF-MG;DEL16-MG;UOP02-DEL16-MG;;;
672467;09/04/2025;quarta-feira;05:35:00;SC;280;26,7;ARAQUARI;Rea��o tardia ou ineficiente do condutor;Atropelamento de Pedestre;Com V�timas Fatais;Amanhecer;Crescente;Nublado;Simples;"Reta;Em Obras";Sim;2;1;0;1;0;0;1;2;-26,394703;-48,738756;SPRF-SC;DEL03-SC;UOP03-DEL03-SC;;;
672468;09/04/2025;quarta-feira;04:55:00;PR;376;156,6;MANDAGUACU;Animais na Pista;Colis�o com objeto;Com V�timas Feridas;Plena Noite;Crescente;Nevoeiro/Neblina;Dupla;"Curva;Declive";N�o;1;0;1;0;0;0;1;1;-23,3473301;-52,090162;SPRF-PR;DEL09-PR;UOP02-DEL09-PR;;;
672469;09/04/2025;quarta-feira;06:30:00;SP;116;202;ARUJA;Aus�ncia de rea��o do condutor;Colis�o transversal;Com V�timas Feridas;Pleno dia;Decrescente;C�u Claro;M�ltipla;Curva;N�o;2;0;1;0;1;0;1;2;-23,40951268;-46,34198237;SPRF-SP;DEL01-SP;UOP01-DEL01-SP;;;
672472;09/04/2025;quarta-feira;06:30:00;ES;259;63,2;COLATINA;Rea��o tardia ou ineficiente do condutor;Colis�o transversal;Com V�timas Feridas;Pleno dia;Crescente;C�u Claro;Simples;Reta;Sim;3;0;1;1;1;0;2;2;-19,522715;-40,707203;SPRF-ES;DEL02-ES;UOP01-DEL02-ES;;;
672474;09/04/2025;quarta-feira;04:40:00;MS;60;436;SIDROLANDIA;Animais na Pista;Atropelamento de Animal;Com V�timas Feridas;Amanhecer;Crescente;C�u Claro;Simples;Reta;N�o;3;0;1;0;2;0;1;1;-20,983283;-55,00962;SPRF-MS;DEL01-MS;UOP04-DEL01-MS;;;
672475;09/04/2025;quarta-feira;07:00:00;DF;20;7;BRASILIA;Velocidade Incompat�vel;Engavetamento;Com V�timas Feridas;Amanhecer;Decrescente;C�u Claro;Dupla;Reta;Sim;3;0;1;0;2;0;1;2;-15,660349;-47,796515;SPRF-DF;DEL02-DF;UOP01-DEL02-DF;;;
672477;09/04/2025;quarta-feira;06:30:00;SP;116;281;EMBU DAS ARTES;Trafegar com motocicleta (ou similar) entre as faixas;Colis�o lateral mesmo sentido;Com V�timas Feridas;Pleno dia;Decrescente;C�u Claro;Dupla;"Reta;Declive";Sim;2;0;1;0;1;0;1;2;-23,67125408;-46,85668945;SPRF-SP;DEL04-SP;UOP01-DEL04-SP;;;
672479;08/04/2025;ter�a-feira;20:25:00;RJ;40;123;DUQUE DE CAXIAS;Retorno proibido;Colis�o traseira;Com V�timas Feridas;Plena Noite;Crescente;C�u Claro;Dupla;Reta;Sim;3;0;1;0;2;0;1;2;-22,8051864;-43,2897681;SPRF-RJ;DEL01-RJ;UOP02-DEL01-RJ;;;
672480;08/04/2025;ter�a-feira;23:30:00;SC;158;124;PALMITOS;Demais falhas mec�nicas ou el�tricas;Inc�ndio;Sem V�timas;Plena Noite;Crescente;Nublado;Simples;Reta;N�o;1;0;0;0;0;1;0;1;-27,1272935;-53,2120194;SPRF-SC;DEL07-SC;UOP02-DEL07-SC;;;
672481;09/04/2025;quarta-feira;07:12:00;PE;101;37;ITAPISSUMA;Condutor deixou de manter dist�ncia do ve�culo da frente;Colis�o traseira;Com V�timas Feridas;Pleno dia;Crescente;C�u Claro;Dupla;Reta;N�o;2;0;0;1;1;0;1;2;-7,799;-34,92;SPRF-PE;DEL01-PE;UOP02-DEL01-PE;;;
672482;09/04/2025;quarta-feira;07:30:00;RS;116;224;DOIS IRMAOS;Acessar a via sem observar a presen�a dos outros ve�culos;Colis�o transversal;Com V�timas Feridas;Pleno dia;Decrescente;Nublado;Dupla;Reta;Sim;2;0;1;0;1;0;1;2;-29,58924067;-51,10686986;SPRF-RS;DEL01-RS;UOP02-DEL01-RS;;;
672483;09/04/2025;quarta-feira;07:00:00;DF;70;0;BRASILIA;Rea��o tardia ou ineficiente do condutor;Colis�o traseira;Com V�timas Feridas;Pleno dia;Crescente;C�u Claro;Dupla;Reta;Sim;2;0;1;0;1;0;1;2;-15,79277894;-48,05656719;SPRF-DF;DEL03-DF;UOP02-DEL03-DF;;;