id;data_inversa;dia_semana;horario;uf;br;km;municipio;causa_acidente;tipo_acidente;classificacao_acidente;fase_dia;sentido_via;condicao_metereologica;tipo_pista;tracado_via;uso_solo;pessoas;mortos;feridos_leves;feridos_graves;ilesos;ignorados;feridos;veiculos;latitude;longitude;regional;delegacia;uop;;;
672852;11/04/2025;sexta-feira;00:20:00;SC;101;0;ARARANGUA;Falta de elemento de conten��o que evite a sa�da do leito carro��vel;Sa�da de leito carro��vel;Sem V�timas;Plena Noite;Crescente;Chuva;Simples;Reta;N�o;1;0;0;0;0;1;0;1;-28,9290911;-49,4826755;SPRF-SC;DEL02-SC;UOP02-DEL02-SC;;;
672853;11/04/2025;sexta-feira;01:55:00;PR;277;4,4;PARANAGUA;Ingest�o de �lcool pelo condutor;Tombamento;Com V�timas Feridas;Plena Noite;Decrescente;Nublado;Dupla;Reta;Sim;1;0;1;0;0;0;1;1;-25,534865;-48,53048;SPRF-PR;DEL01-PR;UOP05-DEL01-PR;;;
672855;11/04/2025;sexta-feira;03:20:00;SC;101;130,5;BALNEARIO CAMBORIU;Aus�ncia de rea��o do condutor;Colis�o com objeto;Com V�timas Fatais;Plena Noite;Decrescente;Chuva;M�ltipla;Reta;Sim;1;1;0;0;0;0;0;1;-26,98732;-48,66558;SPRF-SC;DEL04-SC;UOP03-DEL04-SC;;;
672856;11/04/2025;sexta-feira;02:40:00;PR;277;2,5;CURITIBA;Rea��o tardia ou ineficiente do condutor;Colis�o traseira;Com V�timas Fatais;Plena Noite;Decrescente;Nublado;Dupla;Reta;Sim;4;1;0;1;0;2;1;3;-25,43030573;-49,3405419;SPRF-PR;DEL01-PR;UOP06-DEL01-PR;;;
672858;11/04/2025;sexta-feira;04:20:00;ES;262;20;VIANA;Rea��o tardia ou ineficiente do condutor;Colis�o com objeto;Sem V�timas;Plena Noite;Crescente;Nublado;Simples;"Reta;Ponte";N�o;2;0;0;0;2;0;0;1;-20,381129;-40,504147;SPRF-ES;DEL01-ES;UOP01-DEL01-ES;;;
672859;11/04/2025;sexta-feira;03:50:00;MG;40;420,4;CURVELO;Transitar na contram�o;Colis�o frontal;Com V�timas Fatais;Plena Noite;Crescente;Nevoeiro/Neblina;Simples;"Reta;Declive";N�o;5;3;0;1;1;0;1;2;-19,155432;-44,561397;SPRF-MG;DEL02-MG;UOP01-DEL02-MG;;;
672860;11/04/2025;sexta-feira;04:30:00;PI;135;271;ALVORADA DO GURGUEIA;Transitar na contram�o;Colis�o frontal;Com V�timas Fatais;Plena Noite;Crescente;Nublado;Simples;"Aclive;Reta";N�o;45;1;0;4;40;0;4;2;-8,539576;-43,939158;SPRF-PI;DEL03-PI;UOP02-DEL03-PI;;;
672862;11/04/2025;sexta-feira;04:30:00;MS;163;488,2;CAMPO GRANDE;Pedestre andava na pista;Atropelamento de Pedestre;Com V�timas Fatais;Plena Noite;Crescente;C�u Claro;Simples;Reta;Sim;2;1;0;0;1;0;0;2;-20,41376;-54,549046;SPRF-MS;DEL01-MS;UOP02-DEL01-MS;;;
672863;11/04/2025;sexta-feira;05:05:00;RS;386;432,6;NOVA SANTA RITA;Animais na Pista;Atropelamento de Animal;Com V�timas Feridas;Plena Noite;Decrescente;C�u Claro;Simples;Declive;Sim;3;0;2;1;0;0;3;1;-29,83959839;-51,29808962;SPRF-RS;DEL04-RS;UOP02-DEL04-RS;;;
672864;11/04/2025;sexta-feira;05:45:00;RS;116;297;GUAIBA;Ingest�o de �lcool pelo condutor;Colis�o traseira;Sem V�timas;Amanhecer;Crescente;C�u Claro;Dupla;Reta;N�o;2;0;0;0;2;0;0;2;-30,1082;-51,344;SPRF-RS;DEL02-RS;UOP01-DEL02-RS;;;
672867;11/04/2025;sexta-feira;06:30:00;RS;116;432,9;CRISTAL;Condutor Dormindo;Sa�da de leito carro��vel;Com V�timas Fatais;Amanhecer;Decrescente;Chuva;Dupla;Reta;N�o;4;2;0;2;0;0;2;1;-31,04670238;-52,04003152;SPRF-RS;DEL02-RS;UOP02-DEL02-RS;;;
672868;11/04/2025;sexta-feira;06:50:00;PB;230;23,5;JOAO PESSOA;Trafegar com motocicleta (ou similar) entre as faixas;Colis�o lateral mesmo sentido;Com V�timas Feridas;Pleno dia;Decrescente;Sol;Dupla;"Em Obras;Reta;Desvio Tempor�rio";Sim;3;0;2;0;1;0;2;2;-7,16784645;-34,86400671;SPRF-PB;DEL01-PB;UOP01-DEL01-PB;;;
672870;11/04/2025;sexta-feira;05:45:00;SC;101;257,5;PAULO LOPES;Aus�ncia de rea��o do condutor;Colis�o com objeto;Com V�timas Feridas;Amanhecer;Decrescente;Chuva;Dupla;Reta;N�o;5;0;5;0;0;0;5;1;-28,0771265;-48,7124993;SPRF-SC;DEL02-SC;UOP03-DEL02-SC;;;
672874;11/04/2025;sexta-feira;06:40:00;CE;116;16,3;EUSEBIO;Rea��o tardia ou ineficiente do condutor;Colis�o traseira;Com V�timas Feridas;Pleno dia;Crescente;Nublado;Dupla;Reta;Sim;2;0;1;0;1;0;1;2;-3,89005678;-38,50199277;SPRF-CE;DEL01-CE;UOP02-DEL01-CE;;;
672875;11/04/2025;sexta-feira;06:25:00;DF;80;15;BRASILIA;Convers�o proibida;Colis�o transversal;Com V�timas Fatais;Pleno dia;Decrescente;Sol;Simples;"Aclive;Interse��o de Vias;Reta";N�o;2;1;0;1;0;0;1;2;-15,7136408;-48,1982343;SPRF-DF;DEL03-DF;UOP02-DEL03-DF;;;
672876;11/04/2025;sexta-feira;07:14:00;PE;101;69;RECIFE;Acessar a via sem observar a presen�a dos outros ve�culos;Colis�o transversal;Com V�timas Feridas;Pleno dia;Crescente;C�u Claro;M�ltipla;Reta;N�o;2;0;0;1;1;0;1;2;-8,0639674;-34,94440913;SPRF-PE;DEL01-PE;UOP01-DEL01-PE;;;
672878;11/04/2025;sexta-feira;06:25:00;PR;376;174,3;MARINGA;Condutor desrespeitou a ilumina��o vermelha do sem�foro;Colis�o transversal;Com V�timas Feridas;Pleno dia;Decrescente;C�u Claro;Dupla;Reta;Sim;2;0;1;0;1;0;1;2;-23,41654353;-51,95656473;SPRF-PR;DEL09-PR;UOP01-DEL09-PR;;;
672880;11/04/2025;sexta-feira;07:10:00;PR;153;41,9;SANTO ANTONIO DA PLATINA;Rea��o tardia ou ineficiente do condutor;Colis�o transversal;Com V�timas Feridas;Pleno dia;Crescente;C�u Claro;Simples;Reta;Sim;2;0;1;0;1;0;1;2;-23,29728581;-50,0683843;SPRF-PR;DEL07-PR;UOP04-DEL07-PR;;;
672881;11/04/2025;sexta-feira;07:20:00;PR;163;267;TOLEDO;Ultrapassagem Indevida;Colis�o transversal;Com V�timas Feridas;Pleno dia;Decrescente;C�u Claro;Simples;Reta;N�o;3;0;0;1;2;0;1;2;-24,65488094;-53,82926881;SPRF-PR;DEL06-PR;UOP02-DEL06-PR;;;
672882;11/04/2025;sexta-feira;07:03:00;RN;304;32;MOSSORO;Acessar a via sem observar a presen�a dos outros ve�culos;Colis�o transversal;Com V�timas Feridas;Pleno dia;Crescente;C�u Claro;Simples;Reta;Sim;3;0;2;1;0;0;3;2;-5,13621064;-37,34526515;SPRF-RN;DEL04-RN;UOP02-DEL04-RN;;;
672883;11/04/2025;sexta-feira;07:40:00;PR;376;3;SAO JOSE DOS PINHAIS;Condutor deixou de manter dist�ncia do ve�culo da frente;Colis�o lateral mesmo sentido;Com V�timas Feridas;Pleno dia;Crescente;C�u Claro;Dupla;Reta;Sim;2;0;1;0;1;0;1;2;-25,54047571;-49,19168568;SPRF-PR;DEL01-PR;UOP04-DEL01-PR;;;
672886;11/04/2025;sexta-feira;07:35:00;PR;369;158,7;CAMBE;Condutor deixou de manter dist�ncia do ve�culo da frente;Colis�o traseira;Sem V�timas;Pleno dia;Crescente;Sol;Dupla;"Aclive;Reta";Sim;3;0;0;0;2;1;0;3;-23,284431;-51,242069;SPRF-PR;DEL07-PR;UOP01-DEL07-PR;;;
672887;11/04/2025;sexta-feira;07:40:00;BA;324;524;SALVADOR;Aus�ncia de rea��o do condutor;Colis�o traseira;Com V�timas Feridas;Pleno dia;Crescente;C�u Claro;Dupla;Reta;Sim;5;0;2;0;3;0;2;2;-12,957005;-38,471938;SPRF-BA;DEL01-BA;UOP03-DEL01-BA;;;
672888;11/04/2025;sexta-feira;04:00:00;MS;267;80,5;BATAGUASSU;Condutor Dormindo;Sa�da de leito carro��vel;Sem V�timas;Plena Noite;Decrescente;C�u Claro;Simples;Reta;N�o;1;0;0;0;0;1;0;1;-21,878748;-52,86482;SPRF-MS;DEL02-MS;UOP04-DEL02-MS;;;
672889;11/04/2025;sexta-feira;07:45:00;DF;40;5;BRASILIA;Aus�ncia de rea��o do condutor;Colis�o traseira;Com V�timas Feridas;Pleno dia;Crescente;C�u Claro;Dupla;Reta;Sim;2;0;1;0;1;0;1;2;-16,024109;-47,97967549;SPRF-DF;DEL01-DF;UOP01-DEL01-DF;;;
672890;11/04/2025;sexta-feira;07:10:00;SC;282;336;CAMPOS NOVOS;Acessar a via sem observar a presen�a dos outros ve�culos;Colis�o transversal;Com V�timas Feridas;Pleno dia;Decrescente;Sol;Simples;Interse��o de Vias;Sim;2;0;0;1;1;0;1;2;-27,39373069;-51,19228536;SPRF-SC;DEL07-SC;UOP06-DEL07-SC;;;
672891;11/04/2025;sexta-feira;06:50:00;MG;153;43,4;CANAPOLIS;Rea��o tardia ou ineficiente do condutor;Sa�da de leito carro��vel;Com V�timas Feridas;Pleno dia;Decrescente;C�u Claro;Dupla;Reta;N�o;1;0;1;0;0;0;1;1;-18,7656;-49,074;SPRF-MG;DEL15-MG;UOP03-DEL15-MG;;;
672893;10/04/2025;quinta-feira;23:04:00;RJ;40;116;DUQUE DE CAXIAS;Rea��o tardia ou ineficiente do condutor;Colis�o traseira;Com V�timas Feridas;Plena Noite;Decrescente;C�u Claro;M�ltipla;Reta;Sim;2;0;1;1;0;0;2;2;-22,74062;-43,287993;SPRF-RJ;DEL01-RJ;UOP02-DEL01-RJ;;;
672894;11/04/2025;sexta-feira;08:15:00;PR;376;174,6;MARINGA;Rea��o tardia ou ineficiente do condutor;Colis�o traseira;Com V�timas Feridas;Pleno dia;Crescente;C�u Claro;Dupla;"Interse��o de Vias;Reta";Sim;4;0;1;0;3;0;1;3;-23,41591763;-51,95427415;SPRF-PR;DEL09-PR;UOP01-DEL09-PR;;;
672895;11/04/2025;sexta-feira;08:30:00;PR;369;194;ARAPONGAS;Manobra de mudan�a de faixa;Colis�o traseira;Com V�timas Feridas;Pleno dia;Decrescente;Nublado;Dupla;Reta;N�o;2;0;1;0;1;0;1;2;-23,49417434;-51,4231788;SPRF-PR;DEL07-PR;UOP03-DEL07-PR;;;
672899;11/04/2025;sexta-feira;07:12:00;MT;70;3;BARRA DO GARCAS;Condutor deixou de manter dist�ncia do ve�culo da frente;Colis�o traseira;Com V�timas Feridas;Pleno dia;Decrescente;C�u Claro;Dupla;Declive;N�o;2;0;2;0;0;0;2;2;-15,880781;-52,279112;SPRF-MT;DEL07-MT;UOP01-DEL07-MT;;;
672900;11/04/2025;sexta-feira;09:05:00;PB;230;27;JOAO PESSOA;Velocidade Incompat�vel;Tombamento;Com V�timas Feridas;Pleno dia;Decrescente;Sol;Simples;Curva;Sim;2;0;2;0;0;0;2;1;-7,165363;-34,89444788;SPRF-PB;DEL01-PB;UOP01-DEL01-PB;;;
672901;08/04/2025;ter�a-feira;07:00:00;RO;364;11;VILHENA;Manobra de mudan�a de faixa;Colis�o transversal;Com V�timas Feridas;Pleno dia;Decrescente;C�u Claro;Simples;Reta;Sim;2;0;1;0;1;0;1;2;-12,74498606;-60,11997454;SPRF-RO;DEL04-RO;UOP01-DEL04-RO;;;
672903;11/04/2025;sexta-feira;08:00:00;RJ;101;294;SAO GONCALO;Rea��o tardia ou ineficiente do condutor;Colis�o traseira;Com V�timas Feridas;Pleno dia;Crescente;C�u Claro;Dupla;Reta;Sim;2;0;1;0;1;0;1;2;-22,81697667;-43,07814871;SPRF-RJ;DEL02-RJ;UOP02-DEL02-RJ;;;
672904;11/04/2025;sexta-feira;08:30:00;PA;230;118;MARABA;Aus�ncia de rea��o do condutor;Colis�o traseira;Com V�timas Feridas;Pleno dia;Crescente;Nublado;Simples;Reta;Sim;2;0;1;0;1;0;1;2;-5,35458956;-49,0923214;SPRF-PA;DEL03-PA;UOP01-DEL03-PA;;;
672905;11/04/2025;sexta-feira;09:18:00;RS;386;51,5;SEBERI;Animais na Pista;Engavetamento;Sem V�timas;Pleno dia;Decrescente;C�u Claro;Simples;Rotat�ria;Sim;5;0;0;0;5;0;0;3;-27,49804806;-53,38930422;SPRF-RS;DEL08-RS;UOP02-DEL08-RS;;;
672906;11/04/2025;sexta-feira;09:30:00;ES;101;271;SERRA;Aus�ncia de rea��o do condutor;Queda de ocupante de ve�culo;Com V�timas Feridas;Pleno dia;Crescente;C�u Claro;Dupla;Reta;N�o;1;0;1;0;0;0;1;1;-20,23030821;-40,28102875;SPRF-ES;DEL02-ES;UOP01-DEL02-ES;;;
672907;11/04/2025;sexta-feira;06:38:00;CE;222;52,2;SAO GONCALO DO AMARANTE;Avarias e/ou desgaste excessivo no pneu;Sa�da de leito carro��vel;Com V�timas Feridas;Pleno dia;Decrescente;Chuva;Simples;"Reta;Declive";N�o;1;0;1;0;0;0;1;1;-3,668686;-39,012054;SPRF-CE;DEL01-CE;UOP03-DEL01-CE;;;
672908;11/04/2025;sexta-feira;09:15:00;PB;230;11,3;CABEDELO;Condutor deixou de manter dist�ncia do ve�culo da frente;Colis�o traseira;Com V�timas Feridas;Pleno dia;Crescente;Sol;Dupla;"Em Obras;Reta";Sim;2;0;1;0;1;0;1;2;-7,066817;-34,8501737;SPRF-PB;DEL01-PB;UOP01-DEL01-PB;;;
672909;11/04/2025;sexta-feira;07:29:00;SC;282;72;RANCHO QUEIMADO;Velocidade Incompat�vel;Colis�o frontal;Com V�timas Feridas;Pleno dia;Crescente;Chuva;Dupla;"Curva;Aclive";N�o;4;0;1;1;2;0;2;2;-27,683296;-49,10591;SPRF-SC;DEL01-SC;UOP03-DEL01-SC;;;
672912;11/02/2025;ter�a-feira;07:00:00;SP;116;153;SAO JOSE DOS CAMPOS;Rea��o tardia ou ineficiente do condutor;Colis�o lateral mesmo sentido;Com V�timas Feridas;Pleno dia;Decrescente;C�u Claro;Dupla;Reta;Sim;2;0;1;0;1;0;1;2;-23,23262274;-45,91372624;SPRF-SP;DEL02-SP;UOP01-DEL02-SP;;;
672913;11/04/2025;sexta-feira;09:00:00;PR;369;144;LONDRINA;Acessar a via sem observar a presen�a dos outros ve�culos;Colis�o transversal;Com V�timas Feridas;Pleno dia;Decrescente;C�u Claro;Dupla;"Reta;Declive";Sim;3;0;1;0;2;0;1;3;-23,29346022;-51,10519756;SPRF-PR;DEL07-PR;UOP01-DEL07-PR;;;
672914;08/02/2025;s�bado;12:00:00;SP;116;161;JACAREI;Aus�ncia de rea��o do condutor;Colis�o traseira;Com V�timas Feridas;Pleno dia;Crescente;Sol;Dupla;Reta;N�o;2;0;1;0;1;0;1;2;-23,27617003;-45,97592098;SPRF-SP;DEL02-SP;UOP01-DEL02-SP;;;
672915;11/04/2025;sexta-feira;10:10:00;SP;116;287;ITAPECERICA DA SERRA;Rea��o tardia ou ineficiente do condutor;Colis�o lateral mesmo sentido;Sem V�timas;Pleno dia;Crescente;C�u Claro;Dupla;Reta;N�o;2;0;0;0;1;1;0;2;-23,7002609;-46,8689525;SPRF-SP;DEL04-SP;UOP01-DEL04-SP;;;
672916;11/04/2025;sexta-feira;10:25:00;RS;448;15;CANOAS;Avarias e/ou desgaste excessivo no pneu;Colis�o com objeto;Com V�timas Feridas;Pleno dia;Crescente;C�u Claro;Simples;Curva;N�o;1;0;1;0;0;0;1;1;-29,9119812;-51,2211408;SPRF-RS;DEL01-RS;UOP01-DEL01-RS;;;
672918;11/04/2025;sexta-feira;10:00:00;MG;365;626;UBERLANDIA;Demais falhas na via;Colis�o com objeto;Com V�timas Feridas;Pleno dia;Decrescente;C�u Claro;Dupla;Reta;N�o;1;0;1;0;0;0;1;1;-18,90657346;-48,33407785;SPRF-MG;DEL15-MG;UOP01-DEL15-MG;;;
672919;11/04/2025;sexta-feira;06:50:00;GO;452;135,5;ITUMBIARA;Acessar a via sem observar a presen�a dos outros ve�culos;Colis�o transversal;Com V�timas Feridas;Amanhecer;Decrescente;C�u Claro;Dupla;"Retorno Regulamentado;Reta";Sim;2;0;1;1;0;0;2;2;-18,226725;-49,735645;SPRF-GO;DEL03-GO;UOP02-DEL03-GO;;;
672921;11/04/2025;sexta-feira;00:12:00;RO;364;708;PORTO VELHO;Rea��o tardia ou ineficiente do condutor;Tombamento;Com V�timas Feridas;Plena Noite;Crescente;C�u Claro;Dupla;Reta;Sim;1;0;1;0;0;0;1;1;-8,79235379;-63,84644263;SPRF-RO;DEL01-RO;UOP01-DEL01-RO;;;
672922;07/04/2025;segunda-feira;18:34:00;PR;277;84;CURITIBA;Trafegar com motocicleta (ou similar) entre as faixas;Colis�o lateral mesmo sentido;Com V�timas Feridas;Plena Noite;Crescente;Nublado;Dupla;"Reta;Viaduto";Sim;2;0;1;0;1;0;1;2;-25,44372708;-49,23503453;SPRF-PR;DEL01-PR;UOP03-DEL01-PR;;;
672925;11/04/2025;sexta-feira;09:50:00;CE;20;384;CAUCAIA;Afundamento ou ondula��o no pavimento;Sa�da de leito carro��vel;Sem V�timas;Pleno dia;Decrescente;C�u Claro;Simples;Reta;N�o;1;0;0;0;1;0;0;1;-3,87196178;-38,80714417;SPRF-CE;DEL01-CE;UOP01-DEL01-CE;;;
672927;11/04/2025;sexta-feira;11:20:00;ES;101;298;VIANA;Rea��o tardia ou ineficiente do condutor;Colis�o lateral mesmo sentido;Com V�timas Feridas;Pleno dia;Crescente;C�u Claro;Dupla;Reta;N�o;2;0;1;0;0;1;1;2;-20,357507;-40,426507;SPRF-ES;DEL01-ES;UOP01-DEL01-ES;;;
672928;05/04/2025;s�bado;10:15:00;MA;135;24;SAO LUIS;Acessar a via sem observar a presen�a dos outros ve�culos;Colis�o traseira;Com V�timas Feridas;Pleno dia;Decrescente;C�u Claro;Dupla;"Retorno Regulamentado;Reta";Sim;2;0;1;0;1;0;1;2;-2,55121405;-44,30698156;SPRF-MA;DEL01-MA;UOP01-DEL01-MA;;;
672930;11/04/2025;sexta-feira;11:36:00;RS;116;241,3;SAO LEOPOLDO;Transitar no Acostamento;Colis�o traseira;Com V�timas Feridas;Pleno dia;Decrescente;C�u Claro;M�ltipla;Reta;N�o;3;0;0;1;1;1;1;3;-29,716182;-51,14814;SPRF-RS;DEL01-RS;UOP02-DEL01-RS;;;
672932;11/04/2025;sexta-feira;10:00:00;MG;116;526,1;CARATINGA;Aus�ncia de rea��o do condutor;Colis�o traseira;Com V�timas Feridas;Pleno dia;Decrescente;C�u Claro;Simples;Reta;Sim;3;0;2;0;1;0;2;2;-19,763975;-42,1320691;SPRF-MG;DEL06-MG;UOP02-DEL06-MG;;;
672936;11/04/2025;sexta-feira;11:30:00;MG;50;18;UBERLANDIA;Rea��o tardia ou ineficiente do condutor;Colis�o com objeto;Com V�timas Feridas;Pleno dia;Decrescente;C�u Claro;Dupla;Reta;Sim;2;0;2;0;0;0;2;1;-18,927721;-48,191387;SPRF-MG;DEL15-MG;UOP01-DEL15-MG;;;
672938;11/04/2025;sexta-feira;12:40:00;SP;381;87;SAO PAULO;Condutor deixou de manter dist�ncia do ve�culo da frente;Colis�o lateral mesmo sentido;Com V�timas Feridas;Pleno dia;Decrescente;C�u Claro;M�ltipla;Reta;Sim;3;0;1;0;1;1;1;3;-23,47364519;-46,56217647;SPRF-SP;DEL03-SP;UOP01-DEL03-SP;;;
672941;11/04/2025;sexta-feira;13:00:00;RS;116;265;CANOAS;Condutor desrespeitou a ilumina��o vermelha do sem�foro;Colis�o transversal;Sem V�timas;Pleno dia;Crescente;C�u Claro;M�ltipla;"Interse��o de Vias;Retorno Regulamentado;Viaduto";Sim;2;0;0;0;2;0;0;2;-29,92612421;-51,17809262;SPRF-RS;DEL01-RS;UOP01-DEL01-RS;;;
672945;11/04/2025;sexta-feira;12:26:00;CE;116;4;FORTALEZA;Condutor deixou de manter dist�ncia do ve�culo da frente;Colis�o traseira;Com V�timas Feridas;Pleno dia;Crescente;Sol;M�ltipla;Reta;Sim;2;0;1;0;1;0;1;2;-3,7882936;-38,5108009;SPRF-CE;DEL01-CE;UOP02-DEL01-CE;;;
672946;11/04/2025;sexta-feira;13:50:00;SP;381;48;ATIBAIA;Condutor Dormindo;Capotamento;Com V�timas Feridas;Pleno dia;Crescente;C�u Claro;Dupla;Reta;Sim;1;0;1;0;0;0;1;1;-23,19994954;-46,5883791;SPRF-SP;DEL03-SP;UOP01-DEL03-SP;;;
672948;11/04/2025;sexta-feira;14:00:00;RS;116;520,8;PELOTAS;Acessar a via sem observar a presen�a dos outros ve�culos;Colis�o transversal;Com V�timas Feridas;Pleno dia;Crescente;Nublado;Dupla;"Interse��o de Vias;Viaduto";Sim;2;0;0;1;1;0;1;2;-31,706657;-52,367627;SPRF-RS;DEL07-RS;UOP01-DEL07-RS;;;
672950;11/04/2025;sexta-feira;13:30:00;AL;316;140;ESTRELA DE ALAGOAS;Acessar a via sem observar a presen�a dos outros ve�culos;Colis�o transversal;Com V�timas Feridas;Pleno dia;Decrescente;C�u Claro;Simples;Reta;Sim;2;0;0;1;1;0;1;2;-9,391833;-36,750788;SPRF-AL;DEL03-AL;UOP01-DEL03-AL;;;
672951;11/04/2025;sexta-feira;14:30:00;SP;381;51;ATIBAIA;Avarias e/ou desgaste excessivo no pneu;Queda de ocupante de ve�culo;Com V�timas Feridas;Pleno dia;Decrescente;C�u Claro;Dupla;Reta;N�o;1;0;1;0;0;0;1;1;-23,22841152;-46,59885406;SPRF-SP;DEL03-SP;UOP01-DEL03-SP;;;
672952;11/04/2025;sexta-feira;14:50:00;MG;116;765;LEOPOLDINA;Aus�ncia de rea��o do condutor;Colis�o transversal;Com V�timas Feridas;Pleno dia;Crescente;C�u Claro;Simples;"Reta;Rotat�ria";N�o;2;0;1;0;1;0;1;2;-21,5197389;-42,6491103;SPRF-MG;DEL07-MG;UOP01-DEL07-MG;;;
672953;11/04/2025;sexta-feira;14:03:00;SC;470;233;RIO DO SUL;Acessar a via sem observar a presen�a dos outros ve�culos;Colis�o lateral mesmo sentido;Com V�timas Feridas;Pleno dia;Decrescente;Nublado;Simples;Reta;N�o;4;0;3;0;1;0;3;2;-27,17151547;-49,57932472;SPRF-SC;DEL05-SC;UOP03-DEL05-SC;;;
672954;11/04/2025;sexta-feira;11:45:00;RO;364;425;JARU;Condutor deixou de manter dist�ncia do ve�culo da frente;Colis�o traseira;Sem V�timas;Pleno dia;Decrescente;C�u Claro;Dupla;Reta;Sim;2;0;0;0;2;0;0;2;-10,43624117;-62,47366905;SPRF-RO;DEL03-RO;UOP02-DEL03-RO;;;
672956;11/04/2025;sexta-feira;14:30:00;DF;60;22,8;BRASILIA;Manobra de mudan�a de faixa;Colis�o lateral mesmo sentido;Com V�timas Feridas;Pleno dia;Decrescente;C�u Claro;Dupla;"Aclive;Curva";N�o;3;0;1;0;2;0;1;2;-15,987965;-48,223168;SPRF-DF;DEL03-DF;UOP01-DEL03-DF;;;
672957;11/04/2025;sexta-feira;13:45:00;SC;101;24,6;JOINVILLE;Acessar a via sem observar a presen�a dos outros ve�culos;Colis�o transversal;Com V�timas Feridas;Pleno dia;Decrescente;Garoa/Chuvisco;Simples;"Interse��o de Vias;Reta";Sim;2;0;0;1;1;0;1;2;-26,17892807;-48,90862042;SPRF-SC;DEL03-SC;UOP01-DEL03-SC;;;
672958;11/04/2025;sexta-feira;15:11:00;TO;153;677;GURUPI;Ultrapassagem Indevida;Colis�o transversal;Com V�timas Feridas;Pleno dia;Crescente;C�u Claro;Simples;Reta;Sim;4;0;2;0;2;0;2;2;-11,7006518;-49,07318115;SPRF-TO;DEL01-TO;UOP02-DEL01-TO;;;
672961;11/04/2025;sexta-feira;14:30:00;PR;277;267;IRATI;Trafegar com motocicleta (ou similar) entre as faixas;Colis�o lateral mesmo sentido;Com V�timas Feridas;Pleno dia;Decrescente;C�u Claro;Simples;Reta;N�o;3;0;1;0;2;0;1;2;-25,39;-50,822;SPRF-PR;DEL08-PR;UOP02-DEL08-PR;;;
672962;11/04/2025;sexta-feira;14:45:00;RJ;40;111;DUQUE DE CAXIAS;Manobra de mudan�a de faixa;Colis�o traseira;Com V�timas Feridas;Pleno dia;Decrescente;Nublado;M�ltipla;Reta;Sim;3;0;2;0;1;0;2;2;-22,693201;-43,28768;SPRF-RJ;DEL01-RJ;UOP02-DEL01-RJ;;;
672963;04/04/2025;sexta-feira;04:30:00;PR;116;13;COLOMBO;Velocidade Incompat�vel;Capotamento;Sem V�timas;Plena Noite;Decrescente;Garoa/Chuvisco;Dupla;Reta;N�o;1;0;0;0;0;1;0;1;-25,3781473;-49,15530258;SPRF-PR;DEL01-PR;UOP02-DEL01-PR;;;
672967;11/04/2025;sexta-feira;16:15:00;DF;40;0,2;BRASILIA;Condutor deixou de manter dist�ncia do ve�culo da frente;Colis�o traseira;Com V�timas Feridas;Pleno dia;Crescente;C�u Claro;Dupla;Reta;N�o;3;0;1;0;2;0;1;2;-15,98032407;-47,98930876;SPRF-DF;DEL01-DF;UOP01-DEL01-DF;;;
672971;11/04/2025;sexta-feira;15:45:00;RJ;116;137;MAGE;Aus�ncia de rea��o do condutor;Queda de ocupante de ve�culo;Com V�timas Feridas;Pleno dia;Decrescente;C�u Claro;Dupla;Reta;Sim;1;0;1;0;0;0;1;1;-22,6593968;-43,0910076;SPRF-RJ;DEL04-RJ;UOP02-DEL04-RJ;;;
672972;11/04/2025;sexta-feira;16:40:00;CE;304;50;ARACATI;Desrespeitar a prefer�ncia no cruzamento;Colis�o transversal;Com V�timas Feridas;Pleno dia;Crescente;C�u Claro;Simples;"Interse��o de Vias;Curva";Sim;2;0;2;0;0;0;2;2;-4,57810846;-37,75084683;SPRF-CE;DEL03-CE;UOP02-DEL03-CE;;;
672973;11/04/2025;sexta-feira;15:40:00;GO;40;90;CRISTALINA;Ingest�o de �lcool pelo condutor;Colis�o traseira;Com V�timas Feridas;Pleno dia;Decrescente;C�u Claro;Simples;"Em Obras;Reta";N�o;2;0;2;0;0;0;2;2;-16,72708053;-47,63596773;SPRF-DF;DEL01-DF;UOP02-DEL01-DF;;;
672974;11/04/2025;sexta-feira;16:44:00;MG;40;552;NOVA LIMA;Condutor deixou de manter dist�ncia do ve�culo da frente;Colis�o traseira;Com V�timas Feridas;Pleno dia;Decrescente;C�u Claro;Dupla;"Reta;Declive";Sim;6;0;1;1;3;1;2;5;-20,06287406;-43,97841096;SPRF-MG;DEL01-MG;UOP02-DEL01-MG;;;
672976;11/04/2025;sexta-feira;17:05:00;ES;101;267,7;SERRA;Manobra de mudan�a de faixa;Colis�o lateral mesmo sentido;Com V�timas Feridas;Pleno dia;Decrescente;C�u Claro;Dupla;Reta;Sim;2;0;1;0;1;0;1;2;-20,19848;-40,26808;SPRF-ES;DEL02-ES;UOP01-DEL02-ES;;;
672978;11/04/2025;sexta-feira;16:50:00;DF;70;6;BRASILIA;Aus�ncia de rea��o do condutor;Colis�o traseira;Com V�timas Feridas;Pleno dia;Crescente;C�u Claro;Dupla;Reta;N�o;2;0;1;0;1;0;1;2;-15,7919268;-48,1051915;SPRF-DF;DEL03-DF;UOP02-DEL03-DF;;;
672979;11/04/2025;sexta-feira;16:45:00;BA;324;514;FEIRA DE SANTANA;Acesso irregular;Colis�o transversal;Com V�timas Feridas;Pleno dia;Crescente;C�u Claro;Simples;Reta;N�o;2;0;1;0;1;0;1;2;-12,23382;-38,946648;SPRF-BA;DEL02-BA;UOP01-DEL02-BA;;;