id;data_inversa;dia_semana;horario;uf;br;km;municipio;causa_acidente;tipo_acidente;classificacao_acidente;fase_dia;sentido_via;condicao_metereologica;tipo_pista;tracado_via;uso_solo;pessoas;mortos;feridos_leves;feridos_graves;ilesos;ignorados;feridos;veiculos;latitude;longitude;regional;delegacia;uop;;;
672980;11/04/2025;sexta-feira;16:00:00;SC;282;62,5;RANCHO QUEIMADO;Aus�ncia de rea��o do condutor;Colis�o lateral mesmo sentido;Com V�timas Feridas;Pleno dia;Decrescente;Nublado;Simples;"Declive;Reta";N�o;5;0;2;1;2;0;3;2;-27,6911628;-49,03957844;SPRF-SC;DEL01-SC;UOP03-DEL01-SC;;;
672981;11/04/2025;sexta-feira;17:10:00;PR;376;4,5;APUCARANA;Convers�o proibida;Colis�o transversal;Com V�timas Feridas;Pleno dia;Crescente;C�u Claro;Simples;Reta;Sim;4;0;1;0;3;0;1;2;-23,553653;-51,446203;SPRF-PR;DEL07-PR;UOP03-DEL07-PR;;;
672982;11/04/2025;sexta-feira;16:00:00;MA;226;276;BARRA DO CORDA;Velocidade Incompat�vel;Sa�da de leito carro��vel;Sem V�timas;Pleno dia;Crescente;Chuva;Simples;Reta;N�o;1;0;0;0;0;1;0;1;-5,436605;-45,065138;SPRF-MA;DEL06-MA;UOP01-DEL06-MA;;;
672983;11/04/2025;sexta-feira;17:45:00;SP;116;156;SAO JOSE DOS CAMPOS;Rea��o tardia ou ineficiente do condutor;Colis�o lateral mesmo sentido;Com V�timas Feridas;Anoitecer;Crescente;C�u Claro;Dupla;Reta;Sim;2;0;1;0;1;0;1;2;-23,25108195;-45,93605474;SPRF-SP;DEL02-SP;UOP01-DEL02-SP;;;
672984;11/04/2025;sexta-feira;15:22:00;MT;163;829,5;SINOP;Afundamento ou ondula��o no pavimento;Queda de ocupante de ve�culo;Com V�timas Feridas;Pleno dia;Decrescente;C�u Claro;Dupla;Reta;Sim;1;0;1;0;0;0;1;1;-11,90553401;-55,5068028;SPRF-MT;DEL06-MT;UOP02-DEL06-MT;;;
672985;11/04/2025;sexta-feira;17:36:00;RS;116;236;NOVO HAMBURGO;Condutor deixou de manter dist�ncia do ve�culo da frente;Colis�o traseira;Com V�timas Feridas;Pleno dia;Decrescente;C�u Claro;Dupla;Reta;Sim;5;0;0;1;3;1;1;3;-29,67448539;-51,14259308;SPRF-RS;DEL01-RS;UOP02-DEL01-RS;;;
672987;11/04/2025;sexta-feira;13:50:00;RJ;116;28,3;SAPUCAIA;Rea��o tardia ou ineficiente do condutor;Tombamento;Com V�timas Feridas;Pleno dia;Crescente;Nublado;Simples;Curva;N�o;1;0;1;0;0;0;1;1;-22,0575;-42,7951389;SPRF-RJ;DEL05-RJ;UOP01-DEL05-RJ;;;
672988;11/04/2025;sexta-feira;17:30:00;SC;282;54,5;AGUAS MORNAS;Chuva;Sa�da de leito carro��vel;Sem V�timas;Plena Noite;Decrescente;Chuva;Simples;"Declive;Curva";N�o;1;0;0;0;0;1;0;1;-27,68829063;-48,9792038;SPRF-SC;DEL01-SC;UOP03-DEL01-SC;;;
672989;11/04/2025;sexta-feira;15:00:00;RS;386;159,5;ALMIRANTE TAMANDARE DO SUL;Rea��o tardia ou ineficiente do condutor;Sa�da de leito carro��vel;Com V�timas Feridas;Pleno dia;Decrescente;C�u Claro;Simples;Reta;N�o;1;0;0;1;0;0;1;1;-28,15244045;-52,84726918;SPRF-RS;DEL08-RS;UOP01-DEL08-RS;;;
672990;11/04/2025;sexta-feira;16:00:00;RJ;116;6,8;SAPUCAIA;Rea��o tardia ou ineficiente do condutor;Sa�da de leito carro��vel;Com V�timas Feridas;Pleno dia;Decrescente;Nublado;Simples;"Curva;Ponte";N�o;1;0;1;0;0;0;1;1;-21,9153611;-42,6956389;SPRF-RJ;DEL05-RJ;UOP01-DEL05-RJ;;;
672992;11/04/2025;sexta-feira;18:00:00;PR;158;530,9;PATO BRANCO;Convers�o proibida;Tombamento;Com V�timas Feridas;Pleno dia;Decrescente;C�u Claro;Simples;"Interse��o de Vias;Reta";Sim;3;0;1;0;2;0;1;2;-26,20190851;-52,67770344;SPRF-PR;DEL02-PR;UOP01-DEL02-PR;;;
672993;11/04/2025;sexta-feira;16:25:00;RJ;40;114;DUQUE DE CAXIAS;Rea��o tardia ou ineficiente do condutor;Tombamento;Com V�timas Feridas;Pleno dia;Crescente;Nublado;Dupla;"Curva;Retorno Regulamentado";N�o;1;0;1;0;0;0;1;1;-22,71729016;-43,29097152;SPRF-RJ;DEL01-RJ;UOP02-DEL01-RJ;;;
672994;11/04/2025;sexta-feira;17:00:00;BA;367;29;PORTO SEGURO;Acessar a via sem observar a presen�a dos outros ve�culos;Colis�o transversal;Com V�timas Feridas;Pleno dia;Crescente;C�u Claro;Simples;Curva;N�o;2;0;1;0;1;0;1;2;-16,415355;-39,119012;SPRF-BA;DEL09-BA;UOP03-DEL09-BA;;;
672995;11/04/2025;sexta-feira;11:26:00;MA;316;497,9;CODO;Acessar a via sem observar a presen�a dos outros ve�culos;Colis�o transversal;Com V�timas Feridas;Pleno dia;Decrescente;C�u Claro;Simples;Declive;N�o;4;0;0;1;2;1;1;2;-4,701947;-43,781127;SPRF-MA;DEL03-MA;UOP02-DEL03-MA;;;
672998;11/04/2025;sexta-feira;17:15:00;RS;287;401;SANTIAGO;Desrespeitar a prefer�ncia no cruzamento;Colis�o transversal;Com V�timas Feridas;Pleno dia;Crescente;C�u Claro;Simples;"Declive;Reta;Interse��o de Vias";Sim;2;0;1;0;1;0;1;2;-29,1617335;-54,87883691;SPRF-RS;DEL12-RS;UOP02-DEL12-RS;;;
672999;11/04/2025;sexta-feira;18:15:00;GO;60;172,7;ABADIA DE GOIAS;Manobra de mudan�a de faixa;Colis�o lateral mesmo sentido;Com V�timas Feridas;Pleno dia;Crescente;C�u Claro;Dupla;"Aclive;Retorno Regulamentado;Reta";N�o;2;0;1;0;1;0;1;2;-16,74868838;-49,42624837;SPRF-GO;DEL01-GO;UOP02-DEL01-GO;;;
673000;11/04/2025;sexta-feira;15:30:00;MG;381;753;TRES CORACOES;Ultrapassagem Indevida;Queda de ocupante de ve�culo;Com V�timas Feridas;Pleno dia;Crescente;C�u Claro;Dupla;Reta;N�o;1;0;1;0;0;0;1;1;-21,67856574;-45,34113742;SPRF-MG;DEL16-MG;UOP02-DEL16-MG;;;
673001;11/04/2025;sexta-feira;17:50:00;PI;316;47,1;TERESINA;Avarias e/ou desgaste excessivo no pneu;Tombamento;Com V�timas Feridas;Pleno dia;Crescente;Nublado;Simples;Reta;N�o;2;0;2;0;0;0;2;1;-5,2679226;-42,7275612;SPRF-PI;DEL01-PI;UOP02-DEL01-PI;;;
673002;11/04/2025;sexta-feira;18:45:00;SC;101;332;TUBARAO;Transitar no Acostamento;Colis�o transversal;Com V�timas Feridas;Plena Noite;Decrescente;C�u Claro;Dupla;Interse��o de Vias;Sim;2;0;0;1;1;0;1;2;-28,46818627;-49,00152141;SPRF-SC;DEL02-SC;UOP01-DEL02-SC;;;
673003;11/04/2025;sexta-feira;18:50:00;RS;116;530,1;CAPAO DO LEAO;Desrespeitar a prefer�ncia no cruzamento;Colis�o transversal;Com V�timas Feridas;Plena Noite;Decrescente;C�u Claro;Simples;Rotat�ria;Sim;5;0;1;0;4;0;1;2;-31,760068;-52,438137;SPRF-RS;DEL07-RS;UOP01-DEL07-RS;;;
673005;11/04/2025;sexta-feira;18:45:00;PR;277;721;FOZ DO IGUACU;Acessar a via sem observar a presen�a dos outros ve�culos;Colis�o transversal;Com V�timas Feridas;Pleno dia;Crescente;C�u Claro;Dupla;"Reta;Retorno Regulamentado";Sim;2;0;1;0;1;0;1;2;-25,49379796;-54,51828003;SPRF-PR;DEL05-PR;UOP03-DEL05-PR;;;
673006;11/04/2025;sexta-feira;18:10:00;MG;116;524,7;CARATINGA;Pedestre cruzava a pista fora da faixa;Atropelamento de Pedestre;Com V�timas Feridas;Plena Noite;Decrescente;Nublado;Simples;Reta;Sim;2;0;1;0;1;0;1;2;-19,769736;-42,13195;SPRF-MG;DEL06-MG;UOP02-DEL06-MG;;;
673007;11/04/2025;sexta-feira;17:30:00;PB;230;140,8;CAMPINA GRANDE;Carga excessiva e/ou mal acondicionada;Colis�o com objeto;Com V�timas Feridas;Plena Noite;Decrescente;Nublado;Dupla;"Curva;Retorno Regulamentado";N�o;1;0;1;0;0;0;1;1;-7,260378;-35,808137;SPRF-PB;DEL02-PB;UOP01-DEL02-PB;;;
673008;11/04/2025;sexta-feira;19:00:00;PE;101;86,5;JABOATAO DOS GUARARAPES;Manobra de mudan�a de faixa;Colis�o lateral mesmo sentido;Com V�timas Feridas;Plena Noite;Crescente;C�u Claro;Dupla;Interse��o de Vias;N�o;3;0;1;0;1;1;1;2;-8,186825;-34,972184;SPRF-PE;DEL01-PE;UOP01-DEL01-PE;;;
673009;11/04/2025;sexta-feira;14:00:00;PA;222;113;RONDON DO PARA;Transitar na contram�o;Colis�o frontal;Com V�timas Feridas;Pleno dia;Crescente;C�u Claro;Simples;"Reta;Aclive";N�o;4;0;0;2;2;0;2;2;-4,806363;-48,135643;SPRF-PA;DEL02-PA;UOP02-DEL02-PA;;;
673011;11/04/2025;sexta-feira;17:20:00;RR;174;524;BOA VISTA;Condutor Dormindo;Sa�da de leito carro��vel;Com V�timas Feridas;Anoitecer;Decrescente;C�u Claro;Simples;Reta;N�o;1;0;1;0;0;0;1;1;2,98385;-60,751358;SPRF-RR;DEL01-RR;UOP01-DEL01-RR;;;
673012;11/04/2025;sexta-feira;19:40:00;SP;381;37,3;ATIBAIA;Rea��o tardia ou ineficiente do condutor;Colis�o traseira;Com V�timas Feridas;Plena Noite;Decrescente;Nublado;Dupla;Reta;Sim;3;0;1;0;2;0;1;2;-23,10762183;-46,56943456;SPRF-SP;DEL03-SP;UOP01-DEL03-SP;;;
673013;11/04/2025;sexta-feira;19:45:00;RJ;40;114;DUQUE DE CAXIAS;Rea��o tardia ou ineficiente do condutor;Colis�o traseira;Com V�timas Feridas;Plena Noite;Decrescente;C�u Claro;M�ltipla;Reta;N�o;2;0;1;0;1;0;1;2;-22,72057662;-43,28947742;SPRF-RJ;DEL01-RJ;UOP02-DEL01-RJ;;;
673015;11/04/2025;sexta-feira;20:30:00;RJ;101;321;NITEROI;Pedestre andava na pista;Atropelamento de Pedestre;Com V�timas Feridas;Plena Noite;Decrescente;C�u Claro;Dupla;Reta;Sim;2;0;1;0;1;0;1;2;-22,87409392;-43,11004579;SPRF-RJ;DEL02-RJ;UOP01-DEL02-RJ;;;
673016;11/04/2025;sexta-feira;19:15:00;SC;116;220;CORREIA PINTO;Acessar a via sem observar a presen�a dos outros ve�culos;Colis�o transversal;Com V�timas Feridas;Plena Noite;Decrescente;C�u Claro;Simples;Reta;Sim;3;0;3;0;0;0;3;2;-27,586336;-50,364808;SPRF-SC;DEL05-SC;UOP03-DEL05-SC;;;
673019;11/04/2025;sexta-feira;19:00:00;PA;10;16,5;DOM ELISEU;Acessar a via sem observar a presen�a dos outros ve�culos;Colis�o lateral sentido oposto;Com V�timas Feridas;Plena Noite;Decrescente;Nublado;Simples;Reta;Sim;3;0;0;2;0;1;2;2;-4,302702;-47,5557;SPRF-PA;DEL02-PA;UOP02-DEL02-PA;;;
673020;11/04/2025;sexta-feira;20:10:00;RS;290;152;ARROIO DOS RATOS;Rea��o tardia ou ineficiente do condutor;Colis�o transversal;Com V�timas Feridas;Plena Noite;Crescente;Nublado;Simples;Reta;N�o;2;0;1;1;0;0;2;2;-30,103862;-51,732205;SPRF-RS;DEL02-RS;UOP01-DEL02-RS;;;
673023;11/04/2025;sexta-feira;20:20:00;MG;50;18,9;UBERLANDIA;Aus�ncia de rea��o do condutor;Colis�o com objeto;Com V�timas Feridas;Plena Noite;Decrescente;C�u Claro;Dupla;Reta;Sim;1;0;1;0;0;0;1;1;-18,931601;-48,196842;SPRF-MG;DEL15-MG;UOP01-DEL15-MG;;;
673024;11/04/2025;sexta-feira;19:20:00;SP;153;298,9;CAMPOS NOVOS PAULISTA;Frear bruscamente;Tombamento;Com V�timas Feridas;Plena Noite;Decrescente;C�u Claro;Simples;Reta;N�o;3;0;1;0;0;2;1;2;-22,57625899;-49,88956419;SPRF-SP;DEL07-SP;UOP03-DEL07-SP;;;
673027;11/04/2025;sexta-feira;20:00:00;DF;20;8;BRASILIA;Manobra de mudan�a de faixa;Colis�o lateral mesmo sentido;Com V�timas Feridas;Plena Noite;Crescente;Nublado;M�ltipla;Reta;Sim;3;0;1;0;2;0;1;2;-15,65676025;-47,78798338;SPRF-DF;DEL02-DF;UOP01-DEL02-DF;;;
673028;11/04/2025;sexta-feira;20:30:00;PB;230;17;JOAO PESSOA;Ingest�o de �lcool pelo condutor;Colis�o lateral mesmo sentido;Com V�timas Feridas;Plena Noite;Decrescente;C�u Claro;Dupla;Reta;Sim;2;0;0;1;1;0;1;2;-7,11342;-34,842206;SPRF-PB;DEL01-PB;UOP01-DEL01-PB;;;
673029;11/04/2025;sexta-feira;19:40:00;SC;163;71,4;SAO MIGUEL DO OESTE;Acessar a via sem observar a presen�a dos outros ve�culos;Colis�o transversal;Com V�timas Feridas;Plena Noite;Decrescente;C�u Claro;Dupla;"Reta;Interse��o de Vias";Sim;3;0;1;0;2;0;1;2;-26,72548851;-53,51333141;SPRF-SC;DEL07-SC;UOP03-DEL07-SC;;;
673030;11/04/2025;sexta-feira;20:30:00;ES;393;1;CACHOEIRO DE ITAPEMIRIM;Rea��o tardia ou ineficiente do condutor;Colis�o transversal;Com V�timas Feridas;Plena Noite;Crescente;C�u Claro;Simples;Reta;Sim;2;0;1;0;1;0;1;2;-20,83681886;-41,15815938;SPRF-ES;DEL03-ES;UOP02-DEL03-ES;;;
673031;11/04/2025;sexta-feira;20:30:00;RJ;116;233,6;PIRAI;Objeto est�tico sobre o leito carro��vel;Tombamento;Com V�timas Feridas;Plena Noite;Crescente;Nublado;Dupla;Curva;N�o;1;0;1;0;0;0;1;1;-22,6301521;-43,9108903;SPRF-RJ;DEL07-RJ;UOP01-DEL07-RJ;;;
673032;11/04/2025;sexta-feira;19:05:00;RJ;493;53;DUQUE DE CAXIAS;Demais falhas mec�nicas ou el�tricas;Inc�ndio;Sem V�timas;Plena Noite;Decrescente;C�u Claro;Dupla;Reta;N�o;1;0;0;0;1;0;0;1;-22,665656;-43,335331;SPRF-RJ;DEL01-RJ;UOP03-DEL01-RJ;;;
673033;11/04/2025;sexta-feira;17:30:00;MG;365;773,3;ITUIUTABA;Animais na Pista;Atropelamento de Animal;Com V�timas Feridas;Anoitecer;Crescente;C�u Claro;Simples;"Aclive;Reta";N�o;5;0;5;0;0;0;5;1;-18,95920742;-49,66697395;SPRF-MG;DEL15-MG;UOP03-DEL15-MG;;;
673034;11/04/2025;sexta-feira;20:58:00;ES;101;143;LINHARES;Velocidade Incompat�vel;Colis�o transversal;Com V�timas Fatais;Plena Noite;Decrescente;C�u Claro;M�ltipla;Reta;N�o;2;1;0;0;0;1;0;2;-19,34286302;-40,06369686;SPRF-ES;DEL04-ES;UOP01-DEL04-ES;;;
673035;11/04/2025;sexta-feira;21:00:00;RJ;101;328;RIO DE JANEIRO;Manobra de mudan�a de faixa;Colis�o lateral mesmo sentido;Com V�timas Feridas;Plena Noite;Decrescente;C�u Claro;Simples;"Ponte;Reta";Sim;3;0;2;0;0;1;2;2;-22,87079766;-43,16082001;SPRF-RJ;DEL02-RJ;UOP01-DEL02-RJ;;;
673037;11/04/2025;sexta-feira;21:00:00;PE;408;76,9;PAUDALHO;Velocidade Incompat�vel;Colis�o com objeto;Com V�timas Fatais;Plena Noite;Crescente;Nublado;Dupla;"Declive;Curva";N�o;2;1;0;0;0;1;0;1;-7,95324201;-35,10387182;SPRF-PE;DEL01-PE;UOP01-DEL01-PE;;;
673038;11/04/2025;sexta-feira;21:45:00;BA;101;506;ITABUNA;Velocidade Incompat�vel;Sa�da de leito carro��vel;Sem V�timas;Plena Noite;Crescente;C�u Claro;Simples;Reta;N�o;1;0;0;0;0;1;0;1;-14,802678;-39,293112;SPRF-BA;DEL05-BA;UOP01-DEL05-BA;;;
673039;11/04/2025;sexta-feira;21:50:00;MG;459;97,8;POUSO ALEGRE;Pedestre andava na pista;Atropelamento de Pedestre;Com V�timas Fatais;Plena Noite;Crescente;C�u Claro;Simples;"Declive;Reta";N�o;3;1;0;0;1;1;0;3;-22,197184;-45,97557;SPRF-MG;DEL09-MG;UOP01-DEL09-MG;;;
673041;11/04/2025;sexta-feira;21:10:00;SP;101;51;UBATUBA;Ingest�o de �lcool pelo condutor;Queda de ocupante de ve�culo;Com V�timas Feridas;Plena Noite;Decrescente;C�u Claro;Simples;Reta;Sim;4;0;1;0;0;3;1;2;-23,45740467;-45,06998956;SPRF-SP;DEL06-SP;UOP01-DEL06-SP;;;
673046;11/04/2025;sexta-feira;21:18:00;MT;163;838;SINOP;Demais falhas na via;Queda de ocupante de ve�culo;Com V�timas Feridas;Plena Noite;Crescente;C�u Claro;Simples;Reta;N�o;2;0;2;0;0;0;2;1;-11,83771965;-55,48908949;SPRF-MT;DEL06-MT;UOP02-DEL06-MT;;;
673048;11/04/2025;sexta-feira;20:00:00;RJ;101;458;ANGRA DOS REIS;Acessar a via sem observar a presen�a dos outros ve�culos;Colis�o lateral mesmo sentido;Com V�timas Feridas;Plena Noite;Crescente;C�u Claro;Simples;Curva;N�o;2;0;1;0;1;0;1;2;-22,9895673;-44,2417473;SPRF-RJ;DEL03-RJ;UOP03-DEL03-RJ;;;
673050;02/02/2025;domingo;21:00:00;RS;290;91,6;PORTO ALEGRE;Ingest�o de �lcool pelo condutor;Colis�o com objeto;Com V�timas Feridas;Anoitecer;Crescente;C�u Claro;M�ltipla;Reta;Sim;2;0;1;0;1;0;1;1;-29,969055;-51,167439;SPRF-RS;DEL01-RS;UOP01-DEL01-RS;;;
673051;11/04/2025;sexta-feira;21:30:00;SC;280;58,6;GUARAMIRIM;Acessar a via sem observar a presen�a dos outros ve�culos;Colis�o lateral mesmo sentido;Com V�timas Feridas;Plena Noite;Crescente;C�u Claro;Dupla;Reta;N�o;2;0;1;0;1;0;1;2;-26,47582;-49,03155;SPRF-SC;DEL03-SC;UOP03-DEL03-SC;;;
673052;11/04/2025;sexta-feira;22:40:00;SP;116;57;GUARATINGUETA;Aus�ncia de rea��o do condutor;Colis�o traseira;Com V�timas Feridas;Plena Noite;Decrescente;C�u Claro;Dupla;Reta;N�o;3;0;2;0;1;0;2;2;-22,7751951;-45,1379179;SPRF-SP;DEL08-SP;UOP01-DEL08-SP;;;
673053;11/04/2025;sexta-feira;21:55:00;PR;376;474;PONTA GROSSA;Ingest�o de �lcool pelo condutor;Sa�da de leito carro��vel;Sem V�timas;Plena Noite;Decrescente;C�u Claro;Dupla;"Aclive;Reta";N�o;1;0;0;0;1;0;0;1;-25,036846;-50,297112;SPRF-PR;DEL03-PR;UOP01-DEL03-PR;;;
673054;11/04/2025;sexta-feira;21:40:00;PR;277;603,2;SANTA TEREZA DO OESTE;Rea��o tardia ou ineficiente do condutor;Sa�da de leito carro��vel;Com V�timas Feridas;Plena Noite;Crescente;C�u Claro;Simples;"Aclive;Reta";N�o;1;0;1;0;0;0;1;1;-25,02837276;-53,56452942;SPRF-PR;DEL05-PR;UOP02-DEL05-PR;;;
673055;11/04/2025;sexta-feira;21:10:00;RJ;116;197;SEROPEDICA;Velocidade Incompat�vel;Colis�o traseira;Sem V�timas;Plena Noite;Decrescente;C�u Claro;M�ltipla;Reta;Sim;2;0;0;0;2;0;0;2;-22,7268301;-43,7190298;SPRF-RJ;DEL06-RJ;UOP02-DEL06-RJ;;;
673058;11/04/2025;sexta-feira;21:45:00;RS;153;41,9;ERECHIM;Velocidade Incompat�vel;Tombamento;Com V�timas Feridas;Plena Noite;Crescente;C�u Claro;Simples;"Desvio Tempor�rio;Aclive;Curva;Em Obras";N�o;2;0;1;0;1;0;1;1;-27,60440633;-52,23643899;SPRF-RS;DEL08-RS;UOP04-DEL08-RS;;;
673059;11/04/2025;sexta-feira;21:50:00;GO;70;7;AGUAS LINDAS DE GOIAS;Pedestre cruzava a pista fora da faixa;Atropelamento de Pedestre;Com V�timas Feridas;Plena Noite;Crescente;Chuva;Dupla;Reta;Sim;2;0;1;0;1;0;1;2;-15,74046004;-48,27100631;SPRF-DF;DEL03-DF;UOP02-DEL03-DF;;;
673062;11/04/2025;sexta-feira;22:30:00;PR;277;123,3;CAMPO LARGO;Aus�ncia de rea��o do condutor;Colis�o traseira;Com V�timas Fatais;Plena Noite;Crescente;C�u Claro;Dupla;Reta;N�o;4;1;0;1;1;1;1;3;-25,43847;-49,512583;SPRF-PR;DEL03-PR;UOP03-DEL03-PR;;;
673063;11/04/2025;sexta-feira;23:00:00;RS;392;644;GUARANI DAS MISSOES;Condutor deixou de manter dist�ncia do ve�culo da frente;Colis�o traseira;Com V�timas Feridas;Plena Noite;Crescente;C�u Claro;Simples;Reta;N�o;2;0;1;0;1;0;1;2;-28,149279;-54,568928;SPRF-RS;DEL10-RS;UOP01-DEL10-RS;;;
673064;11/04/2025;sexta-feira;22:45:00;PB;101;85;BAYEUX;Aus�ncia de rea��o do condutor;Tombamento;Com V�timas Feridas;Plena Noite;Crescente;C�u Claro;Dupla;Reta;Sim;1;0;1;0;0;0;1;1;-7,14289248;-34,91971012;SPRF-PB;DEL01-PB;UOP01-DEL01-PB;;;
673066;11/04/2025;sexta-feira;21:40:00;RO;364;425;JARU;Ingest�o de �lcool pelo condutor;Colis�o com objeto;Com V�timas Feridas;Plena Noite;Decrescente;Chuva;Dupla;"Retorno Regulamentado;Reta;Declive";Sim;4;0;1;0;3;0;1;1;-10,4334556;-62,47851849;SPRF-RO;DEL03-RO;UOP02-DEL03-RO;;;
673068;11/04/2025;sexta-feira;22:30:00;SC;163;69,4;SAO MIGUEL DO OESTE;Acessar a via sem observar a presen�a dos outros ve�culos;Colis�o transversal;Com V�timas Feridas;Plena Noite;Decrescente;C�u Claro;Dupla;"Reta;Declive;Interse��o de Vias";Sim;2;0;1;0;1;0;1;2;-26,73676678;-53,50354671;SPRF-SC;DEL07-SC;UOP03-DEL07-SC;;;
673069;11/04/2025;sexta-feira;20:15:00;PR;158;354,9;MARQUINHO;Velocidade Incompat�vel;Sa�da de leito carro��vel;Com V�timas Feridas;Plena Noite;Crescente;C�u Claro;Simples;Curva;N�o;1;0;1;0;0;0;1;1;-25,0150343;-52,27702618;SPRF-PR;DEL04-PR;UOP02-DEL04-PR;;;
673071;12/04/2025;s�bado;00:30:00;RJ;116;173;RIO DE JANEIRO;Aus�ncia de rea��o do condutor;Engavetamento;Com V�timas Feridas;Plena Noite;Crescente;C�u Claro;M�ltipla;Reta;N�o;4;0;2;0;2;0;2;4;-22,806528;-43,3455104;SPRF-RJ;DEL06-RJ;UOP01-DEL06-RJ;;;
673072;12/04/2025;s�bado;00:45:00;ES;101;395;RIO NOVO DO SUL;Pedestre andava na pista;Atropelamento de Pedestre;Com V�timas Feridas;Plena Noite;Crescente;Nublado;Simples;Curva;N�o;2;0;1;0;0;1;1;2;-20,865157;-40,917123;SPRF-ES;DEL03-ES;UOP02-DEL03-ES;;;
673073;11/04/2025;sexta-feira;21:30:00;SC;101;117,5;ITAJAI;Rea��o tardia ou ineficiente do condutor;Colis�o lateral mesmo sentido;Sem V�timas;Plena Noite;Decrescente;Nublado;M�ltipla;Reta;Sim;1;0;0;0;1;0;0;1;-26,891829;-48,72053;SPRF-SC;DEL04-SC;UOP04-DEL04-SC;;;
673074;12/04/2025;s�bado;01:07:00;MA;230;407,4;BALSAS;Ingest�o de �lcool pelo condutor;Colis�o frontal;Com V�timas Feridas;Plena Noite;Decrescente;C�u Claro;Simples;Reta;N�o;3;0;1;0;1;1;1;3;-7,5190807;-46,0691182;SPRF-MA;DEL05-MA;UOP01-DEL05-MA;;;
673075;12/04/2025;s�bado;01:03:00;SC;101;197,4;BIGUACU;Ingest�o de �lcool pelo condutor;Colis�o transversal;Com V�timas Feridas;Plena Noite;Decrescente;C�u Claro;Dupla;Reta;Sim;2;0;1;0;1;0;1;2;-27,522269;-48,636947;SPRF-SC;DEL01-SC;UOP01-DEL01-SC;;;
673077;11/04/2025;sexta-feira;22:55:00;SC;280;18,6;BALNEARIO BARRA DO SUL;Ingest�o de �lcool pelo condutor;Sa�da de leito carro��vel;Com V�timas Feridas;Plena Noite;Decrescente;Garoa/Chuvisco;Simples;"Em Obras;Reta";N�o;1;0;1;0;0;0;1;1;-26,368242;-48,668407;SPRF-SC;DEL03-SC;UOP03-DEL03-SC;;;
673078;12/04/2025;s�bado;01:00:00;SC;101;114,9;ITAJAI;Condutor deixou de manter dist�ncia do ve�culo da frente;Colis�o traseira;Com V�timas Feridas;Plena Noite;Decrescente;Nevoeiro/Neblina;M�ltipla;"Reta;Interse��o de Vias";Sim;2;0;0;1;0;1;1;2;-26,87068261;-48,72941386;SPRF-SC;DEL04-SC;UOP04-DEL04-SC;;;
673079;12/04/2025;s�bado;00:03:00;PI;343;310,3;ALTOS;Animais na Pista;Atropelamento de Animal;Sem V�timas;Plena Noite;Decrescente;Garoa/Chuvisco;Simples;Reta;N�o;2;0;0;0;2;0;0;1;-5,040228;-42,487153;SPRF-PI;DEL01-PI;UOP01-DEL01-PI;;;
673081;12/04/2025;s�bado;02:15:00;RS;290;86;PORTO ALEGRE;Ingest�o de �lcool pelo condutor;Colis�o com objeto;Com V�timas Feridas;Plena Noite;Crescente;C�u Claro;Dupla;Reta;Sim;3;0;1;0;2;0;1;1;-29,96794762;-51,12067223;SPRF-RS;DEL01-RS;UOP01-DEL01-RS;;;
673082;11/04/2025;sexta-feira;23:53:00;PA;163;640;TRAIRAO;Animais na Pista;Atropelamento de Animal;Com V�timas Feridas;Plena Noite;Crescente;C�u Claro;Simples;"Ponte;Reta";N�o;3;0;1;0;2;0;1;1;-4,586595;-55,931927;SPRF-PA;DEL05-PA;UOP02-DEL05-PA;;;
673083;12/04/2025;s�bado;03:20:00;PE;101;129,9;ESCADA;Rea��o tardia ou ineficiente do condutor;Colis�o traseira;Com V�timas Feridas;Plena Noite;Decrescente;C�u Claro;Dupla;Reta;N�o;2;0;2;0;0;0;2;2;-8,3916344;-35,2553836;SPRF-PE;DEL01-PE;UOP03-DEL01-PE;;;
673084;12/04/2025;s�bado;01:50:00;SP;116;523;BARRA DO TURVO;Demais falhas mec�nicas ou el�tricas;Inc�ndio;Sem V�timas;Plena Noite;Crescente;Nublado;Dupla;Reta;N�o;71;0;0;0;71;0;0;1;-24,92069047;-48,25950623;SPRF-SP;DEL05-SP;UOP02-DEL05-SP;;;
673085;12/04/2025;s�bado;02:00:00;PR;369;184,8;ARAPONGAS;Aus�ncia de rea��o do condutor;Sa�da de leito carro��vel;Com V�timas Fatais;Plena Noite;Decrescente;Nublado;Simples;"Reta;Interse��o de Vias";Sim;2;1;0;1;0;0;1;1;-23,407353;-51,428102;SPRF-PR;DEL07-PR;UOP03-DEL07-PR;;;
673086;12/04/2025;s�bado;02:35:00;PI;316;2,4;TERESINA;Ingest�o de �lcool pelo condutor;Colis�o traseira;Sem V�timas;Plena Noite;Crescente;Chuva;Dupla;"Interse��o de Vias;Rotat�ria";Sim;2;0;0;0;2;0;0;2;-5,12333774;-42,79516745;SPRF-PI;DEL01-PI;UOP02-DEL01-PI;;;
673087;12/04/2025;s�bado;01:00:00;MT;163;820;SINOP;Ingest�o de �lcool pelo condutor;Queda de ocupante de ve�culo;Com V�timas Feridas;Plena Noite;Decrescente;C�u Claro;Simples;Reta;Sim;1;0;1;0;0;0;1;1;-11,99365179;-55,51747799;SPRF-MT;DEL06-MT;UOP02-DEL06-MT;;;