id;data_inversa;dia_semana;horario;uf;br;km;municipio;causa_acidente;tipo_acidente;classificacao_acidente;fase_dia;sentido_via;condicao_metereologica;tipo_pista;tracado_via;uso_solo;pessoas;mortos;feridos_leves;feridos_graves;ilesos;ignorados;feridos;veiculos;latitude;longitude;regional;delegacia;uop;;;
673088;12/04/2025;s�bado;03:20:00;SC;470;122,7;IBIRAMA;Velocidade Incompat�vel;Sa�da de leito carro��vel;Com V�timas Feridas;Plena Noite;Decrescente;C�u Claro;Simples;Curva;N�o;1;0;1;0;0;0;1;1;-27,106;-49,523;SPRF-SC;DEL04-SC;UOP02-DEL04-SC;;;
673089;12/04/2025;s�bado;04:10:00;RN;304;51,8;MOSSORO;Aus�ncia de rea��o do condutor;Tombamento;Com V�timas Feridas;Plena Noite;Decrescente;Nublado;Simples;Reta;N�o;1;0;0;1;0;0;1;1;-5,2577181;-37,30578465;SPRF-RN;DEL04-RN;UOP01-DEL04-RN;;;
673094;12/04/2025;s�bado;03:30:00;SP;116;278,7;EMBU DAS ARTES;Aus�ncia de rea��o do condutor;Colis�o com objeto;Com V�timas Fatais;Plena Noite;Decrescente;C�u Claro;Dupla;Reta;Sim;1;1;0;0;0;0;0;1;-23,63688323;-46,83298738;SPRF-SP;DEL04-SP;UOP01-DEL04-SP;;;
673095;11/04/2025;sexta-feira;19:50:00;RN;110;35,5;MOSSORO;Avarias e/ou desgaste excessivo no pneu;Tombamento;Com V�timas Feridas;Plena Noite;Decrescente;Nublado;Simples;Reta;N�o;2;0;2;0;0;0;2;1;-5,168779;-37,23185;SPRF-RN;DEL04-RN;UOP01-DEL04-RN;;;
673096;12/04/2025;s�bado;04:15:00;SC;470;57,5;BLUMENAU;Aus�ncia de rea��o do condutor;Colis�o com objeto;Com V�timas Feridas;Plena Noite;Decrescente;Nublado;Simples;Rotat�ria;Sim;1;0;1;0;0;0;1;1;-26,88297351;-49,14171696;SPRF-SC;DEL04-SC;UOP01-DEL04-SC;;;
673097;12/04/2025;s�bado;02:55:00;SC;470;72;INDAIAL;Defici�ncia do Sistema de Ilumina��o/Sinaliza��o;Sa�da de leito carro��vel;Com V�timas Feridas;Pleno dia;Crescente;Garoa/Chuvisco;Dupla;Reta;Sim;4;0;2;0;2;0;2;1;-26,9013156;-49,26799536;SPRF-SC;DEL04-SC;UOP01-DEL04-SC;;;
673098;12/04/2025;s�bado;02:50:00;MS;262;239;RIBAS DO RIO PARDO;Aus�ncia de rea��o do condutor;Colis�o traseira;Sem V�timas;Plena Noite;Decrescente;C�u Claro;Simples;Reta;N�o;4;0;0;0;4;0;0;2;-20,45573398;-53,7417661;SPRF-MS;DEL01-MS;UOP05-DEL01-MS;;;
673099;12/04/2025;s�bado;03:30:00;PR;369;202;APUCARANA;Acessar a via sem observar a presen�a dos outros ve�culos;Colis�o transversal;Com V�timas Feridas;Plena Noite;Crescente;C�u Claro;Simples;Interse��o de Vias;N�o;3;0;2;0;0;1;2;2;-23,5444069;-51,4538483;SPRF-PR;DEL07-PR;UOP03-DEL07-PR;;;
673100;11/04/2025;sexta-feira;09:15:00;RJ;101;297;ITABORAI;Condutor deixou de manter dist�ncia do ve�culo da frente;Colis�o traseira;Com V�timas Feridas;Pleno dia;Crescente;C�u Claro;Dupla;Retorno Regulamentado;Sim;2;0;1;0;1;0;1;2;-22,77145107;-42,92400576;SPRF-RJ;DEL02-RJ;UOP02-DEL02-RJ;;;
673101;11/04/2025;sexta-feira;23:00:00;PI;230;194;OEIRAS;Aus�ncia de rea��o do condutor;Colis�o frontal;Sem V�timas;Plena Noite;Crescente;C�u Claro;Simples;Reta;N�o;2;0;0;0;2;0;0;2;-6,996295;-42,107865;SPRF-PI;DEL04-PI;UOP01-DEL04-PI;;;
673102;12/04/2025;s�bado;05:30:00;GO;40;96;CRISTALINA;Objeto est�tico sobre o leito carro��vel;Colis�o traseira;Sem V�timas;Amanhecer;Crescente;C�u Claro;M�ltipla;"Aclive;Reta";N�o;2;0;0;0;1;1;0;2;-16,763;-47,597;SPRF-DF;DEL01-DF;UOP02-DEL01-DF;;;
673103;12/04/2025;s�bado;05:40:00;RS;116;143,1;CAXIAS DO SUL;Convers�o proibida;Colis�o lateral mesmo sentido;Com V�timas Feridas;Amanhecer;Crescente;C�u Claro;Dupla;"Interse��o de Vias;Reta";Sim;3;0;0;1;0;2;1;3;-29,12135225;-51,12240179;SPRF-RS;DEL05-RS;UOP01-DEL05-RS;;;
673105;12/04/2025;s�bado;06:20:00;PR;467;108,8;CASCAVEL;Desrespeitar a prefer�ncia no cruzamento;Colis�o transversal;Com V�timas Feridas;Pleno dia;Crescente;C�u Claro;Dupla;Reta;Sim;3;0;2;0;1;0;2;2;-24,925083;-53,465722;SPRF-PR;DEL04-PR;UOP01-DEL04-PR;;;
673106;12/04/2025;s�bado;07:05:00;SC;101;216,2;PALHOCA;Aus�ncia de rea��o do condutor;Sa�da de leito carro��vel;Com V�timas Feridas;Amanhecer;Crescente;Nublado;M�ltipla;Reta;Sim;1;0;0;1;0;0;1;1;-27,66096;-48,67605;SPRF-SC;DEL01-SC;UOP02-DEL01-SC;;;
673110;12/04/2025;s�bado;05:40:00;SP;116;22;QUELUZ;Condutor Dormindo;Colis�o com objeto;Com V�timas Feridas;Amanhecer;Decrescente;C�u Claro;M�ltipla;Curva;N�o;1;0;1;0;0;0;1;1;-22,54807432;-44,7857666;SPRF-SP;DEL08-SP;UOP02-DEL08-SP;;;
673111;12/04/2025;s�bado;06:30:00;SP;116;389,9;MIRACATU;Aus�ncia de rea��o do condutor;Sa�da de leito carro��vel;Com V�timas Feridas;Pleno dia;Decrescente;C�u Claro;Dupla;Reta;N�o;1;0;1;0;0;0;1;1;-24,27717402;-47,41726858;SPRF-SP;DEL04-SP;UOP02-DEL04-SP;;;
673112;12/04/2025;s�bado;05:50:00;RS;471;151;SANTA CRUZ DO SUL;Desrespeitar a prefer�ncia no cruzamento;Colis�o transversal;Com V�timas Feridas;Amanhecer;Decrescente;C�u Claro;Simples;"Rotat�ria;Interse��o de Vias";N�o;2;0;0;1;1;0;1;2;-29,7776844;-52,415893;SPRF-RS;DEL02-RS;UOP03-DEL02-RS;;;
673114;12/04/2025;s�bado;07:00:00;SP;116;131;CACAPAVA;Demais falhas mec�nicas ou el�tricas;Inc�ndio;Sem V�timas;Pleno dia;Decrescente;Sol;Dupla;Reta;Sim;1;0;0;0;1;0;0;1;-23,13018713;-45,74176303;SPRF-SP;DEL02-SP;UOP02-DEL02-SP;;;
673115;12/04/2025;s�bado;06:45:00;DF;70;11,9;BRASILIA;Condutor deixou de manter dist�ncia do ve�culo da frente;Colis�o traseira;Sem V�timas;Pleno dia;Decrescente;C�u Claro;M�ltipla;Reta;Sim;2;0;0;0;2;0;0;2;-15,7952587;-48,1990984;SPRF-DF;DEL03-DF;UOP02-DEL03-DF;;;
673117;12/04/2025;s�bado;07:25:00;RN;101;82;SAO GONCALO DO AMARANTE;Acesso irregular;Colis�o transversal;Com V�timas Feridas;Pleno dia;Crescente;C�u Claro;Dupla;Reta;Sim;3;0;1;2;0;0;3;2;-5,76950401;-35,27078726;SPRF-RN;DEL02-RN;UOP01-DEL02-RN;;;
673118;12/04/2025;s�bado;07:20:00;RS;290;94;PORTO ALEGRE;Manobra de mudan�a de faixa;Colis�o lateral mesmo sentido;Com V�timas Feridas;Pleno dia;Crescente;C�u Claro;Dupla;Reta;Sim;3;0;1;0;2;0;1;2;-29,97242236;-51,19673783;SPRF-RS;DEL01-RS;UOP01-DEL01-RS;;;
673121;12/04/2025;s�bado;08:05:00;SE;101;59,5;ROSARIO DO CATETE;Chuva;Sa�da de leito carro��vel;Com V�timas Feridas;Pleno dia;Crescente;Chuva;Simples;"Curva;Aclive";N�o;3;0;2;0;1;0;2;1;-10,664455;-37,029715;SPRF-SE;DEL02-SE;UOP02-DEL02-SE;;;
673122;12/04/2025;s�bado;08:00:00;PB;230;18;JOAO PESSOA;Demais falhas mec�nicas ou el�tricas;Inc�ndio;Sem V�timas;Pleno dia;Decrescente;C�u Claro;Dupla;Reta;Sim;1;0;0;0;1;0;0;1;-7,12524483;-34,84513521;SPRF-PB;DEL01-PB;UOP01-DEL01-PB;;;
673123;11/04/2025;sexta-feira;13:30:00;RJ;493;19;MAGE;Convers�o proibida;Colis�o transversal;Com V�timas Feridas;Pleno dia;Decrescente;C�u Claro;Simples;Reta;Sim;3;0;0;1;0;2;1;2;-22,66442757;-43,03183117;SPRF-RJ;DEL04-RJ;UOP02-DEL04-RJ;;;
673125;12/04/2025;s�bado;08:00:00;CE;116;0;FORTALEZA;Manobra de mudan�a de faixa;Colis�o lateral mesmo sentido;Com V�timas Feridas;Pleno dia;Decrescente;C�u Claro;M�ltipla;Reta;Sim;2;0;0;1;1;0;1;2;-3,75588667;-38,52251887;SPRF-CE;DEL01-CE;UOP02-DEL01-CE;;;
673126;12/04/2025;s�bado;06:00:00;RO;364;631;ITAPUA DO OESTE;Demais falhas na via;Eventos at�picos;Com V�timas Feridas;Amanhecer;Decrescente;C�u Claro;Simples;"Curva;Retorno Regulamentado";Sim;1;0;1;0;0;0;1;1;-9,08225522;-63,37814089;SPRF-RO;DEL01-RO;UOP04-DEL01-RO;;;
673127;12/04/2025;s�bado;07:20:00;SC;282;623,9;IRACEMINHA;Velocidade Incompat�vel;Sa�da de leito carro��vel;Com V�timas Feridas;Pleno dia;Decrescente;Nublado;Simples;Curva;N�o;1;0;0;1;0;0;1;1;-26,798029;-53,342306;SPRF-SC;DEL07-SC;UOP02-DEL07-SC;;;
673128;12/04/2025;s�bado;08:00:00;PE;101;65;RECIFE;Ingest�o de �lcool pelo condutor;Tombamento;Com V�timas Feridas;Pleno dia;Crescente;C�u Claro;Dupla;Reta;N�o;2;0;2;0;0;0;2;1;-8,03748455;-34,94147158;SPRF-PE;DEL01-PE;UOP01-DEL01-PE;;;
673129;12/04/2025;s�bado;06:20:00;RS;290;383,4;SANTA MARGARIDA DO SUL;Aus�ncia de rea��o do condutor;Sa�da de leito carro��vel;Com V�timas Feridas;Amanhecer;Decrescente;C�u Claro;Simples;Curva;N�o;1;0;1;0;0;0;1;1;-30,35013898;-54,02586937;SPRF-RS;DEL09-RS;UOP02-DEL09-RS;;;
673132;12/04/2025;s�bado;01:10:00;PE;232;4,5;RECIFE;Rea��o tardia ou ineficiente do condutor;Sa�da de leito carro��vel;Sem V�timas;Plena Noite;Decrescente;Ignorado;Dupla;Curva;Sim;1;0;0;0;0;1;0;1;-8,067834;-34,940887;SPRF-PE;DEL01-PE;UOP01-DEL01-PE;;;
673133;12/04/2025;s�bado;06:15:00;PR;277;596;CASCAVEL;Transitar na contram�o;Colis�o lateral sentido oposto;Com V�timas Feridas;Amanhecer;Crescente;C�u Claro;Simples;Reta;Sim;3;0;1;1;0;1;2;2;-24,98675288;-53,50649178;SPRF-PR;DEL04-PR;UOP01-DEL04-PR;;;
673134;12/04/2025;s�bado;08:30:00;RS;116;143,7;CAXIAS DO SUL;Rea��o tardia ou ineficiente do condutor;Colis�o lateral mesmo sentido;Com V�timas Feridas;Pleno dia;Decrescente;C�u Claro;Dupla;Curva;Sim;4;0;0;1;3;0;1;3;-29,12564556;-51,12740809;SPRF-RS;DEL05-RS;UOP01-DEL05-RS;;;
673135;12/04/2025;s�bado;04:45:00;SP;116;93,7;PINDAMONHANGABA;Avarias e/ou desgaste excessivo no pneu;Inc�ndio;Sem V�timas;Amanhecer;Decrescente;C�u Claro;Dupla;Reta;N�o;1;0;0;0;0;1;0;1;-22,959;-45,418;SPRF-SP;DEL08-SP;UOP01-DEL08-SP;;;
673137;12/04/2025;s�bado;09:10:00;BA;324;622;SALVADOR;Avarias e/ou desgaste excessivo no pneu;Tombamento;Com V�timas Feridas;Pleno dia;Crescente;Nublado;Dupla;Reta;Sim;2;0;2;0;0;0;2;1;-12,934103;-38,472035;SPRF-BA;DEL01-BA;UOP01-DEL01-BA;;;
673138;15/03/2025;s�bado;13:45:00;SP;116;219;GUARULHOS;Condutor deixou de manter dist�ncia do ve�culo da frente;Colis�o traseira;Com V�timas Feridas;Pleno dia;Crescente;C�u Claro;M�ltipla;Reta;Sim;2;0;1;0;1;0;1;2;-23,4628276;-46,49367744;SPRF-SP;DEL01-SP;UOP01-DEL01-SP;;;
673139;12/04/2025;s�bado;09:45:00;PB;230;18,1;CABEDELO;Rea��o tardia ou ineficiente do condutor;Colis�o traseira;Com V�timas Feridas;Pleno dia;Decrescente;C�u Claro;Dupla;Reta;Sim;3;0;1;0;2;0;1;2;-7,0842025;-34,84781;SPRF-PB;DEL01-PB;UOP01-DEL01-PB;;;
673140;12/04/2025;s�bado;06:40:00;BA;324;582;CANDEIAS;Rea��o tardia ou ineficiente do condutor;Sa�da de leito carro��vel;Com V�timas Feridas;Pleno dia;Crescente;C�u Claro;Dupla;Reta;N�o;1;0;1;0;0;0;1;1;-12,622061;-38,482164;SPRF-BA;DEL01-BA;UOP01-DEL01-BA;;;
673141;12/04/2025;s�bado;09:43:00;PE;101;42,9;IGARASSU;Entrada inopinada do pedestre;Atropelamento de Pedestre;Com V�timas Feridas;Pleno dia;Decrescente;Nublado;M�ltipla;"Declive;Reta";N�o;3;0;0;1;2;0;1;3;-7,848036;-34,9097;SPRF-PE;DEL01-PE;UOP02-DEL01-PE;;;
673142;12/04/2025;s�bado;09:50:00;SC;101;184;BIGUACU;Animais na Pista;Colis�o traseira;Sem V�timas;Pleno dia;Decrescente;C�u Claro;M�ltipla;Reta;N�o;2;0;0;0;2;0;0;2;-27,42308639;-48,62492728;SPRF-SC;DEL01-SC;UOP01-DEL01-SC;;;
673144;12/04/2025;s�bado;09:35:00;SP;116;154,5;SAO JOSE DOS CAMPOS;Rea��o tardia ou ineficiente do condutor;Colis�o traseira;Com V�timas Feridas;Pleno dia;Crescente;C�u Claro;M�ltipla;"Em Obras;Desvio Tempor�rio;Declive;Reta";Sim;2;0;1;0;1;0;1;2;-23,2494219;-45,9354408;SPRF-SP;DEL02-SP;UOP01-DEL02-SP;;;
673146;12/04/2025;s�bado;10:00:00;PR;277;77;SAO JOSE DOS PINHAIS;Rea��o tardia ou ineficiente do condutor;Queda de ocupante de ve�culo;Com V�timas Feridas;Pleno dia;Crescente;C�u Claro;Dupla;Reta;N�o;1;0;1;0;0;0;1;1;-25,48845982;-49,17936374;SPRF-PR;DEL01-PR;UOP07-DEL01-PR;;;
673147;12/04/2025;s�bado;10:20:00;PB;230;19;JOAO PESSOA;Rea��o tardia ou ineficiente do condutor;Colis�o traseira;Com V�timas Feridas;Pleno dia;Decrescente;Sol;Dupla;Reta;Sim;2;0;1;0;1;0;1;2;-7,13123543;-34,85230085;SPRF-PB;DEL01-PB;UOP01-DEL01-PB;;;
673148;12/04/2025;s�bado;09:00:00;MG;40;505,5;RIBEIRAO DAS NEVES;Condutor deixou de manter dist�ncia do ve�culo da frente;Colis�o traseira;Sem V�timas;Pleno dia;Decrescente;C�u Claro;Dupla;"Reta;Aclive";Sim;5;0;0;0;5;0;0;2;-19,7463174;-44,1477317;SPRF-MG;DEL02-MG;UOP01-DEL02-MG;;;
673149;12/04/2025;s�bado;09:10:00;MT;70;3;BARRA DO GARCAS;Acessar a via sem observar a presen�a dos outros ve�culos;Colis�o transversal;Com V�timas Feridas;Pleno dia;Decrescente;Sol;Simples;Reta;Sim;2;0;1;0;1;0;1;2;-15,893;-52,2599;SPRF-MT;DEL07-MT;UOP01-DEL07-MT;;;
673150;12/04/2025;s�bado;09:45:00;MG;40;550;NOVA LIMA;Aus�ncia de rea��o do condutor;Atropelamento de Pedestre;Com V�timas Feridas;Pleno dia;Decrescente;C�u Claro;Dupla;Reta;Sim;2;0;0;1;0;1;1;2;-20,049788;-43,965808;SPRF-MG;DEL01-MG;UOP02-DEL01-MG;;;
673152;12/04/2025;s�bado;10:39:00;ES;101;145,6;LINHARES;Aus�ncia de rea��o do condutor;Tombamento;Com V�timas Feridas;Pleno dia;Crescente;C�u Claro;Dupla;Reta;Sim;1;0;1;0;0;0;1;1;-19,40572083;-40,06166077;SPRF-ES;DEL04-ES;UOP01-DEL04-ES;;;
673153;12/04/2025;s�bado;08:10:00;PA;230;605;VITORIA DO XINGU;Ultrapassagem Indevida;Colis�o frontal;Com V�timas Feridas;Pleno dia;Crescente;C�u Claro;Simples;"Reta;Aclive";N�o;3;0;1;0;2;0;1;2;-3,168;-52,00969;SPRF-PA;DEL04-PA;UOP01-DEL04-PA;;;
673154;12/04/2025;s�bado;09:40:00;MT;163;833;SINOP;Retorno proibido;Colis�o lateral mesmo sentido;Com V�timas Feridas;Pleno dia;Crescente;C�u Claro;Simples;Em Obras;Sim;2;0;1;0;1;0;1;2;-11,87896313;-55,49993634;SPRF-MT;DEL06-MT;UOP02-DEL06-MT;;;
673155;12/04/2025;s�bado;11:10:00;SE;101;199;CRISTINAPOLIS;Aus�ncia de rea��o do condutor;Queda de ocupante de ve�culo;Com V�timas Feridas;Pleno dia;Decrescente;Chuva;Simples;"Interse��o de Vias;Reta";Sim;1;0;1;0;0;0;1;1;-11,4814204;-37,765108;SPRF-SE;DEL02-SE;UOP03-DEL02-SE;;;
673156;12/04/2025;s�bado;08:45:00;SP;116;117,4;TAUBATE;Aus�ncia de rea��o do condutor;Colis�o traseira;Com V�timas Feridas;Pleno dia;Decrescente;C�u Claro;Dupla;Reta;Sim;3;0;3;0;0;0;3;2;-23,0582298;-45,6176951;SPRF-SP;DEL02-SP;UOP02-DEL02-SP;;;
673157;12/04/2025;s�bado;10:50:00;SC;101;213,9;PALHOCA;Frear bruscamente;Colis�o traseira;Com V�timas Feridas;Pleno dia;Decrescente;Nublado;Dupla;"Interse��o de Vias;Reta";Sim;6;0;1;1;4;0;2;5;-27,63676005;-48,66476119;SPRF-SC;DEL01-SC;UOP02-DEL01-SC;;;
673158;12/04/2025;s�bado;10:45:00;SP;116;228;SAO PAULO;Trafegar com motocicleta (ou similar) entre as faixas;Colis�o traseira;Com V�timas Feridas;Pleno dia;Crescente;Nublado;M�ltipla;Reta;Sim;5;0;1;0;4;0;1;2;-23,50505866;-46,5690903;SPRF-SP;DEL01-SP;UOP01-DEL01-SP;;;
673159;12/04/2025;s�bado;09:50:00;RJ;40;119;DUQUE DE CAXIAS;Trafegar com motocicleta (ou similar) entre as faixas;Colis�o lateral mesmo sentido;Com V�timas Feridas;Pleno dia;Decrescente;C�u Claro;Dupla;Reta;Sim;2;0;0;1;1;0;1;2;-22,76469584;-43,28664415;SPRF-RJ;DEL01-RJ;UOP02-DEL01-RJ;;;
673160;12/04/2025;s�bado;10:45:00;GO;60;386;RIO VERDE;Rea��o tardia ou ineficiente do condutor;Sa�da de leito carro��vel;Com V�timas Feridas;Pleno dia;Decrescente;Sol;Dupla;Reta;Sim;7;0;1;0;6;0;1;2;-17,816488;-50,937067;SPRF-GO;DEL04-GO;UOP02-DEL04-GO;;;
673161;12/04/2025;s�bado;11:10:00;SP;381;84;SAO PAULO;Frear bruscamente;Colis�o traseira;Com V�timas Feridas;Pleno dia;Crescente;C�u Claro;Dupla;Reta;Sim;2;0;1;0;1;0;1;2;-23,448355;-46,56955;SPRF-SP;DEL03-SP;UOP01-DEL03-SP;;;
673164;04/04/2025;sexta-feira;22:00:00;BA;101;207;GOVERNADOR MANGABEIRA;Animais na Pista;Atropelamento de Animal;Com V�timas Feridas;Plena Noite;Crescente;C�u Claro;Simples;Reta;N�o;1;0;1;0;0;0;1;1;-12,59737772;-39,02841568;SPRF-BA;DEL01-BA;UOP02-DEL01-BA;;;
673165;12/04/2025;s�bado;12:00:00;ES;101;149;LINHARES;Transitar na contram�o;Colis�o transversal;Com V�timas Feridas;Pleno dia;Decrescente;C�u Claro;Dupla;Interse��o de Vias;Sim;2;0;1;1;0;0;2;2;-19,39710134;-40,06365485;SPRF-ES;DEL04-ES;UOP01-DEL04-ES;;;
673167;12/04/2025;s�bado;12:00:00;CE;116;3;FORTALEZA;Demais falhas mec�nicas ou el�tricas;Colis�o lateral mesmo sentido;Com V�timas Feridas;Pleno dia;Crescente;Sol;M�ltipla;Reta;Sim;2;0;1;0;0;1;1;2;-3,78182642;-38,51398945;SPRF-CE;DEL01-CE;UOP02-DEL01-CE;;;
673168;12/04/2025;s�bado;11:30:00;SE;235;55;ITABAIANA;Acostamento em desn�vel;Tombamento;Com V�timas Feridas;Pleno dia;Crescente;Chuva;Simples;"Interse��o de Vias;Reta";Sim;1;0;1;0;0;0;1;1;-10,66941919;-37,44537408;SPRF-SE;DEL01-SE;UOP02-DEL01-SE;;;
673169;12/04/2025;s�bado;11:50:00;PB;230;14;CABEDELO;Manobra de mudan�a de faixa;Colis�o traseira;Com V�timas Feridas;Pleno dia;Crescente;C�u Claro;Dupla;Reta;Sim;2;0;1;0;1;0;1;2;-7,09344;-34,848038;SPRF-PB;DEL01-PB;UOP01-DEL01-PB;;;
673171;12/04/2025;s�bado;11:35:00;PR;277;303;PRUDENTOPOLIS;Acesso irregular;Colis�o transversal;Sem V�timas;Pleno dia;Crescente;C�u Claro;Simples;Reta;N�o;3;0;0;0;3;0;0;2;-25,31242906;-51,17251104;SPRF-PR;DEL08-PR;UOP01-DEL08-PR;;;
673172;12/04/2025;s�bado;09:50:00;MG;40;523;CONTAGEM;Manobra de mudan�a de faixa;Queda de ocupante de ve�culo;Com V�timas Feridas;Pleno dia;Crescente;C�u Claro;Dupla;Reta;Sim;1;0;1;0;0;0;1;1;-19,87270342;-44,05580878;SPRF-MG;DEL01-MG;UOP02-DEL01-MG;;;
673174;16/03/2025;domingo;13:05:00;ES;259;82;COLATINA;Aus�ncia de rea��o do condutor;Colis�o lateral mesmo sentido;Com V�timas Feridas;Pleno dia;Crescente;Ignorado;Simples;Reta;N�o;3;0;1;0;0;2;1;3;-19,51063749;-40,85212469;SPRF-ES;DEL02-ES;UOP01-DEL02-ES;;;
673177;12/04/2025;s�bado;13:20:00;ES;262;36,9;DOMINGOS MARTINS;Aus�ncia de rea��o do condutor;Queda de ocupante de ve�culo;Com V�timas Feridas;Pleno dia;Decrescente;Chuva;Simples;Reta;Sim;1;0;1;0;0;0;1;1;-20,3819927;-40,6147423;SPRF-ES;DEL01-ES;UOP01-DEL01-ES;;;
673179;12/04/2025;s�bado;12:40:00;CE;20;325;CARIDADE;Desrespeitar a prefer�ncia no cruzamento;Colis�o transversal;Com V�timas Feridas;Pleno dia;Crescente;C�u Claro;Simples;"Interse��o de Vias;Reta";Sim;2;0;0;1;1;0;1;2;-4,228874;-39,198035;SPRF-CE;DEL02-CE;UOP01-DEL02-CE;;;
673180;12/04/2025;s�bado;13:47:00;PI;343;345;TERESINA;Acessar a via sem observar a presen�a dos outros ve�culos;Colis�o transversal;Com V�timas Feridas;Pleno dia;Decrescente;C�u Claro;Dupla;Interse��o de Vias;Sim;4;0;3;0;1;0;3;2;-5,10587773;-42,76795026;SPRF-PI;DEL01-PI;UOP01-DEL01-PI;;;
673183;12/04/2025;s�bado;14:05:00;DF;70;11,8;BRASILIA;Frear bruscamente;Queda de ocupante de ve�culo;Com V�timas Feridas;Pleno dia;Crescente;C�u Claro;Dupla;Reta;Sim;1;0;1;0;0;0;1;1;-15,79549266;-48,16933617;SPRF-DF;DEL03-DF;UOP02-DEL03-DF;;;
673184;12/04/2025;s�bado;12:00:00;RJ;116;83;TERESOPOLIS;Acessar a via sem observar a presen�a dos outros ve�culos;Colis�o transversal;Com V�timas Feridas;Pleno dia;Decrescente;C�u Claro;Simples;Curva;Sim;2;0;2;0;0;0;2;2;-22,409696;-42,95023;SPRF-RJ;DEL04-RJ;UOP01-DEL04-RJ;;;
673186;12/04/2025;s�bado;13:30:00;MS;262;385;TERENOS;Aus�ncia de rea��o do condutor;Colis�o traseira;Com V�timas Feridas;Pleno dia;Crescente;Nublado;Simples;Reta;N�o;3;0;2;0;1;0;2;2;-20,43351223;-54,87977559;SPRF-MS;DEL01-MS;UOP03-DEL01-MS;;;
673188;12/04/2025;s�bado;13:40:00;PI;222;73,6;PIRIPIRI;Rea��o tardia ou ineficiente do condutor;Colis�o lateral mesmo sentido;Sem V�timas;Pleno dia;Decrescente;Nublado;Simples;Rotat�ria;Sim;5;0;0;0;4;1;0;2;-4,2770982;-41,7737118;SPRF-PI;DEL02-PI;UOP01-DEL02-PI;;;
673190;12/04/2025;s�bado;10:45:00;SC;470;106,9;APIUNA;Transitar na contram�o;Colis�o frontal;Com V�timas Fatais;Pleno dia;Decrescente;Nublado;Simples;Reta;Sim;6;2;1;2;1;0;3;3;-27,078667;-49,434;SPRF-SC;DEL04-SC;UOP02-DEL04-SC;;;
673191;12/04/2025;s�bado;15:00:00;SC;280;46;GUARAMIRIM;Convers�o proibida;Colis�o traseira;Com V�timas Feridas;Pleno dia;Decrescente;C�u Claro;Simples;"Reta;Em Obras";Sim;3;0;1;0;2;0;1;2;-26,45307744;-48,90805179;SPRF-SC;DEL03-SC;UOP03-DEL03-SC;;;
673192;12/04/2025;s�bado;12:20:00;MG;116;458,2;ENGENHEIRO CALDAS;Rea��o tardia ou ineficiente do condutor;Colis�o traseira;Com V�timas Feridas;Pleno dia;Crescente;C�u Claro;Simples;"Reta;Declive";N�o;2;0;1;0;1;0;1;2;-19,23104019;-42,03612333;SPRF-MG;DEL06-MG;UOP02-DEL06-MG;;;
673194;12/04/2025;s�bado;14:50:00;PR;277;608,5;SANTA TEREZA DO OESTE;Chuva;Colis�o lateral mesmo sentido;Com V�timas Feridas;Pleno dia;Crescente;Chuva;Simples;Reta;Sim;2;0;1;0;1;0;1;2;-25,04508708;-53,60841924;SPRF-PR;DEL05-PR;UOP02-DEL05-PR;;;
673195;12/04/2025;s�bado;15:00:00;MG;116;138;PONTO DOS VOLANTES;Manobra de mudan�a de faixa;Colis�o frontal;Com V�timas Feridas;Pleno dia;Crescente;Nublado;Simples;Reta;Sim;4;0;0;1;2;1;1;4;-16,750853;-41,503805;SPRF-MG;DEL11-MG;UOP02-DEL11-MG;;;
673197;12/04/2025;s�bado;10:39:00;MT;163;621,6;NOVA MUTUM;Avarias e/ou desgaste excessivo no pneu;Queda de ocupante de ve�culo;Com V�timas Feridas;Pleno dia;Decrescente;C�u Claro;Simples;Reta;N�o;1;0;1;0;0;0;1;1;-13,63255777;-56,03439331;SPRF-MT;DEL01-MT;UOP01-DEL01-MT;;;
673198;12/04/2025;s�bado;13:30:00;MG;381;521,2;BRUMADINHO;Velocidade Incompat�vel;Colis�o com objeto;Com V�timas Feridas;Pleno dia;Crescente;C�u Claro;Dupla;"Declive;Curva";N�o;1;0;1;0;0;0;1;1;-20,1191;-44,302229;SPRF-MG;DEL04-MG;UOP03-DEL04-MG;;;
673199;12/04/2025;s�bado;14:55:00;CE;20;399;CAUCAIA;Condutor Dormindo;Colis�o frontal;Com V�timas Fatais;Pleno dia;Crescente;C�u Claro;Simples;Reta;N�o;3;1;0;0;2;0;0;3;-3,799543;-38,717273;SPRF-CE;DEL01-CE;UOP01-DEL01-CE;;;
673200;12/04/2025;s�bado;15:10:00;GO;414;439,7;ANAPOLIS;Convers�o proibida;Colis�o transversal;Com V�timas Feridas;Pleno dia;Crescente;C�u Claro;Simples;"Aclive;Reta";Sim;3;0;3;0;0;0;3;2;-16,27751183;-48,9416188;SPRF-GO;DEL02-GO;UOP01-DEL02-GO;;;
673202;12/04/2025;s�bado;14:20:00;PI;343;576;FLORIANO;Aus�ncia de rea��o do condutor;Sa�da de leito carro��vel;Com V�timas Feridas;Pleno dia;Crescente;Nublado;Simples;Reta;N�o;2;0;2;0;0;0;2;1;-6,787752;-42,922375;SPRF-PI;DEL03-PI;UOP01-DEL03-PI;;;
673203;12/04/2025;s�bado;15:00:00;PB;361;7,7;JOAO PESSOA;Rea��o tardia ou ineficiente do condutor;Tombamento;Com V�timas Feridas;Pleno dia;Crescente;C�u Claro;Simples;Curva;N�o;2;0;2;0;0;0;2;1;-7,1696384;-34,8749824;SPRF-PB;DEL03-PB;UOP01-DEL03-PB;;;