id;data_inversa;dia_semana;horario;uf;br;km;municipio;causa_acidente;tipo_acidente;classificacao_acidente;fase_dia;sentido_via;condicao_metereologica;tipo_pista;tracado_via;uso_solo;pessoas;mortos;feridos_leves;feridos_graves;ilesos;ignorados;feridos;veiculos;latitude;longitude;regional;delegacia;uop;;;
673204;12/04/2025;s�bado;16:20:00;MG;381;503,5;BETIM;Velocidade Incompat�vel;Colis�o com objeto;Com V�timas Feridas;Pleno dia;Decrescente;C�u Claro;Dupla;"Aclive;Reta";Sim;1;0;0;1;0;0;1;1;-20,0276602;-44,2336597;SPRF-MG;DEL01-MG;UOP03-DEL01-MG;;;
673205;12/04/2025;s�bado;16:00:00;RS;290;98;PORTO ALEGRE;Estacionar ou parar em local proibido;Colis�o lateral mesmo sentido;Com V�timas Feridas;Pleno dia;Crescente;Nublado;Dupla;Reta;N�o;2;0;1;0;0;1;1;2;-29,9934242;-51,22081149;SPRF-RS;DEL01-RS;UOP01-DEL01-RS;;;
673206;12/04/2025;s�bado;08:30:00;RO;429;38;ALVORADA DOESTE;Demais falhas na via;Colis�o lateral mesmo sentido;Com V�timas Feridas;Pleno dia;Decrescente;Sol;Simples;Reta;N�o;2;0;0;1;1;0;1;2;-11,262578;-62,221018;SPRF-RO;DEL02-RO;UOP03-DEL02-RO;;;
673207;12/04/2025;s�bado;15:55:00;BA;101;260;SANTO ANTONIO DE JESUS;Ingest�o de �lcool pelo condutor;Colis�o com objeto;Com V�timas Feridas;Pleno dia;Crescente;C�u Claro;M�ltipla;Reta;N�o;1;0;1;0;0;0;1;1;-12,965701;-39,272597;SPRF-BA;DEL01-BA;UOP02-DEL01-BA;;;
673208;12/04/2025;s�bado;16:00:00;MG;381;353;JOAO MONLEVADE;Condutor deixou de manter dist�ncia do ve�culo da frente;Colis�o lateral mesmo sentido;Com V�timas Feridas;Pleno dia;Decrescente;Sol;Simples;Reta;N�o;3;0;1;0;2;0;1;2;-19,8499651;-43,1510475;SPRF-MG;DEL03-MG;UOP01-DEL03-MG;;;
673209;12/04/2025;s�bado;15:32:00;BA;116;505;SANTA TERESINHA;Velocidade Incompat�vel;Colis�o frontal;Com V�timas Fatais;Pleno dia;Crescente;Nublado;Simples;Reta;Sim;2;1;0;1;0;0;1;2;-12,6373703;-39,6001977;SPRF-BA;DEL02-BA;UOP01-DEL02-BA;;;
673214;12/04/2025;s�bado;17:00:00;MG;381;449;SANTA LUZIA;Retorno proibido;Colis�o transversal;Com V�timas Feridas;Pleno dia;Decrescente;Sol;Simples;Curva;N�o;2;0;1;0;1;0;1;2;-19,822857;-43,826569;SPRF-MG;DEL01-MG;UOP01-DEL01-MG;;;
673215;12/04/2025;s�bado;16:30:00;MG;365;624;UBERLANDIA;Rea��o tardia ou ineficiente do condutor;Tombamento;Com V�timas Feridas;Pleno dia;Crescente;C�u Claro;Dupla;Reta;Sim;1;0;1;0;0;0;1;1;-18,906706;-48,297728;SPRF-MG;DEL15-MG;UOP01-DEL15-MG;;;
673217;12/04/2025;s�bado;16:20:00;MG;40;550,6;NOVA LIMA;Rea��o tardia ou ineficiente do condutor;Engavetamento;Com V�timas Feridas;Pleno dia;Crescente;Nublado;Dupla;Reta;N�o;6;0;3;0;3;0;3;4;-20,052539;-43,9692;SPRF-MG;DEL01-MG;UOP02-DEL01-MG;;;
673218;12/04/2025;s�bado;17:00:00;SP;101;46;UBATUBA;Acessar a via sem observar a presen�a dos outros ve�culos;Colis�o transversal;Com V�timas Feridas;Pleno dia;Decrescente;C�u Claro;Simples;Reta;Sim;3;0;0;1;2;0;1;2;-23,42661479;-45,07825429;SPRF-SP;DEL06-SP;UOP01-DEL06-SP;;;
673220;12/04/2025;s�bado;17:45:00;DF;70;18;BRASILIA;Animais na Pista;Atropelamento de Animal;Com V�timas Feridas;Anoitecer;Crescente;C�u Claro;M�ltipla;Reta;N�o;2;0;1;1;0;0;2;1;-15,79094071;-48,2139203;SPRF-DF;DEL03-DF;UOP02-DEL03-DF;;;
673221;12/04/2025;s�bado;17:30:00;SC;101;134;ITAPEMA;Demais falhas mec�nicas ou el�tricas;Tombamento;Com V�timas Feridas;Pleno dia;Crescente;C�u Claro;Dupla;Reta;Sim;2;0;1;1;0;0;2;1;-27,0660264;-48,5956032;SPRF-SC;DEL04-SC;UOP03-DEL04-SC;;;
673224;12/04/2025;s�bado;16:00:00;MT;70;580;POCONE;Avarias e/ou desgaste excessivo no pneu;Sa�da de leito carro��vel;Com V�timas Feridas;Pleno dia;Decrescente;C�u Claro;Simples;Reta;N�o;1;0;0;1;0;0;1;1;-15,785946;-56,636574;SPRF-MT;DEL03-MT;UOP02-DEL03-MT;;;
673227;12/04/2025;s�bado;17:45:00;MG;40;472,5;SETE LAGOAS;Demais falhas mec�nicas ou el�tricas;Tombamento;Com V�timas Feridas;Anoitecer;Crescente;C�u Claro;Dupla;Curva;N�o;1;0;0;1;0;0;1;1;-19,4815202;-44,2834509;SPRF-MG;DEL02-MG;UOP01-DEL02-MG;;;
673229;12/04/2025;s�bado;17:50:00;SP;116;279;EMBU DAS ARTES;Manobra de mudan�a de faixa;Colis�o traseira;Com V�timas Feridas;Anoitecer;Crescente;C�u Claro;Dupla;Reta;Sim;2;0;1;0;1;0;1;2;-23,64497049;-46,84065841;SPRF-SP;DEL04-SP;UOP01-DEL04-SP;;;
673230;12/04/2025;s�bado;18:30:00;RN;101;83,6;SAO GONCALO DO AMARANTE;Ingest�o de �lcool pelo condutor;Colis�o lateral mesmo sentido;Com V�timas Feridas;Plena Noite;Crescente;C�u Claro;Dupla;"Declive;Viaduto";Sim;2;0;0;2;0;0;2;2;-5,77084887;-35,26715088;SPRF-RN;DEL02-RN;UOP01-DEL02-RN;;;
673231;12/04/2025;s�bado;18:55:00;SP;381;79;SAO PAULO;Rea��o tardia ou ineficiente do condutor;Colis�o traseira;Com V�timas Feridas;Plena Noite;Decrescente;C�u Claro;M�ltipla;"Aclive;Reta";N�o;2;0;1;0;1;0;1;2;-23,40755355;-46,58040864;SPRF-SP;DEL03-SP;UOP01-DEL03-SP;;;
673233;12/04/2025;s�bado;18:55:00;SE;235;2,9;ARACAJU;Velocidade Incompat�vel;Queda de ocupante de ve�culo;Com V�timas Feridas;Plena Noite;Crescente;Nublado;Simples;"Declive;Reta";Sim;1;0;0;1;0;0;1;1;-10,90609583;-37,10207278;SPRF-SE;DEL01-SE;UOP01-DEL01-SE;;;
673235;12/04/2025;s�bado;17:30:00;SC;163;83;GUARACIABA;Ingest�o de �lcool pelo condutor;Sa�da de leito carro��vel;Com V�timas Feridas;Pleno dia;Crescente;C�u Claro;Simples;Declive;N�o;3;0;1;0;1;1;1;2;-26,61818856;-53,51873875;SPRF-SC;DEL07-SC;UOP03-DEL07-SC;;;
673236;12/04/2025;s�bado;18:45:00;RS;116;243;SAO LEOPOLDO;Velocidade Incompat�vel;Colis�o com objeto;Com V�timas Feridas;Plena Noite;Crescente;Nublado;M�ltipla;"Aclive;Reta;Viaduto";Sim;5;0;1;0;4;0;1;2;-29,729932;-51,149431;SPRF-RS;DEL01-RS;UOP02-DEL01-RS;;;
673237;12/04/2025;s�bado;18:25:00;RN;110;47,2;MOSSORO;Aus�ncia de rea��o do condutor;Atropelamento de Pedestre;Com V�timas Feridas;Plena Noite;Crescente;C�u Claro;Simples;"Interse��o de Vias;Reta";Sim;3;0;2;1;0;0;3;2;-5,20516;-37,328245;SPRF-RN;DEL04-RN;UOP01-DEL04-RN;;;
673239;12/04/2025;s�bado;18:40:00;RS;116;444;PORTO ALEGRE;Acesso irregular;Colis�o transversal;Com V�timas Feridas;Anoitecer;Decrescente;Ignorado;Dupla;Reta;N�o;3;0;2;0;1;0;2;3;-29,969984;-51,1711873;SPRF-RS;DEL02-RS;UOP02-DEL02-RS;;;
673242;12/04/2025;s�bado;17:15:00;BA;415;50;ITABUNA;Ultrapassagem Indevida;Colis�o traseira;Com V�timas Feridas;Anoitecer;Crescente;C�u Claro;Simples;Reta;Sim;3;0;3;0;0;0;3;2;-14,83461953;-39,32263836;SPRF-BA;DEL05-BA;UOP01-DEL05-BA;;;
673243;12/04/2025;s�bado;19:20:00;RS;392;278;SAO SEPE;Ultrapassagem Indevida;Colis�o frontal;Com V�timas Feridas;Plena Noite;Decrescente;C�u Claro;Simples;"Declive;Curva";N�o;5;0;1;3;1;0;4;2;-30,32805036;-53,52945149;SPRF-RS;DEL09-RS;UOP02-DEL09-RS;;;
673244;12/04/2025;s�bado;19:35:00;PR;277;590;CASCAVEL;Acessar a via sem observar a presen�a dos outros ve�culos;Colis�o transversal;Sem V�timas;Plena Noite;Decrescente;Chuva;M�ltipla;Reta;N�o;2;0;0;0;2;0;0;2;-24,9812484;-53,4559385;SPRF-PR;DEL04-PR;UOP01-DEL04-PR;;;
673245;12/04/2025;s�bado;18:55:00;SC;101;214,7;PALHOCA;Ultrapassagem Indevida;Colis�o lateral mesmo sentido;Com V�timas Feridas;Anoitecer;Crescente;Garoa/Chuvisco;M�ltipla;Reta;Sim;2;0;0;1;1;0;1;2;-27,6497;-48,67462;SPRF-SC;DEL01-SC;UOP02-DEL01-SC;;;
673246;12/04/2025;s�bado;19:00:00;DF;20;5,7;BRASILIA;Acessar a via sem observar a presen�a dos outros ve�culos;Colis�o lateral mesmo sentido;Sem V�timas;Plena Noite;Crescente;Nublado;Dupla;"Ponte;Reta;Declive";N�o;2;0;0;0;1;1;0;2;-15,6664983;-47,8095417;SPRF-DF;DEL02-DF;UOP01-DEL02-DF;;;
673249;12/04/2025;s�bado;17:20:00;RJ;40;52;PETROPOLIS;Velocidade Incompat�vel;Colis�o com objeto;Com V�timas Feridas;Pleno dia;Decrescente;Nublado;Dupla;"Curva;Declive";N�o;1;0;1;0;0;0;1;1;-22,34105563;-43,13383698;SPRF-RJ;DEL05-RJ;UOP02-DEL05-RJ;;;
673251;12/04/2025;s�bado;19:25:00;MG;40;612;CONGONHAS;Ingest�o de �lcool pelo condutor;Colis�o com objeto;Com V�timas Feridas;Plena Noite;Decrescente;C�u Claro;Simples;Viaduto;Sim;1;0;1;0;0;0;1;1;-20,51956382;-43,83284211;SPRF-MG;DEL05-MG;UOP02-DEL05-MG;;;
673252;12/04/2025;s�bado;19:20:00;PE;232;198;SANHARO;Ingest�o de �lcool pelo condutor;Colis�o traseira;Sem V�timas;Plena Noite;Crescente;Nublado;Simples;Reta;N�o;2;0;0;0;1;1;0;2;-8,369538;-36,590511;SPRF-PE;DEL03-PE;UOP02-DEL03-PE;;;
673254;12/04/2025;s�bado;19:30:00;RS;285;506,7;ENTRE-IJUIS;Ingest�o de �lcool pelo condutor;Sa�da de leito carro��vel;Com V�timas Feridas;Anoitecer;Decrescente;Chuva;Simples;Curva;N�o;1;0;1;0;0;0;1;1;-28,395324;-54,342876;SPRF-RS;DEL10-RS;UOP01-DEL10-RS;;;
673255;12/04/2025;s�bado;19:45:00;RS;293;14;PELOTAS;Acessar a via sem observar a presen�a dos outros ve�culos;Colis�o transversal;Com V�timas Feridas;Plena Noite;Crescente;C�u Claro;Simples;Reta;Sim;2;0;1;0;1;0;1;2;-31,75055827;-52,47040272;SPRF-RS;DEL07-RS;UOP01-DEL07-RS;;;
673257;12/04/2025;s�bado;19:00:00;MG;262;660,6;IBIA;Mal s�bito do condutor;Colis�o frontal;Com V�timas Feridas;Plena Noite;Crescente;C�u Claro;Simples;Curva;N�o;2;0;1;0;1;0;1;2;-19,57145;-46,74165;SPRF-MG;DEL08-MG;UOP01-DEL08-MG;;;
673258;12/04/2025;s�bado;20:15:00;SC;101;330,4;TUBARAO;Ingest�o de �lcool pelo condutor;Tombamento;Com V�timas Feridas;Plena Noite;Decrescente;C�u Claro;Simples;"Reta;Aclive";Sim;1;0;1;0;0;0;1;1;-28,46469655;-48,99357134;SPRF-SC;DEL02-SC;UOP01-DEL02-SC;;;
673259;12/04/2025;s�bado;20:00:00;RS;470;222,8;GARIBALDI;Ingest�o de �lcool pelo condutor;Sa�da de leito carro��vel;Com V�timas Feridas;Plena Noite;Decrescente;C�u Claro;Dupla;Reta;N�o;1;0;1;0;0;0;1;1;-29,22043768;-51,51656524;SPRF-RS;DEL06-RS;UOP01-DEL06-RS;;;
673261;12/04/2025;s�bado;17:40:00;SC;101;104,4;BALNEARIO PICARRAS;Ingest�o de �lcool pelo condutor;Colis�o lateral mesmo sentido;Com V�timas Feridas;Anoitecer;Decrescente;C�u Claro;Dupla;"Aclive;Reta;Viaduto";N�o;4;0;1;1;2;0;2;2;-26,79758317;-48,67946841;SPRF-SC;DEL03-SC;UOP02-DEL03-SC;;;
673262;12/04/2025;s�bado;20:20:00;PR;277;704;SAO MIGUEL DO IGUACU;Aus�ncia de rea��o do condutor;Sa�da de leito carro��vel;Sem V�timas;Pleno dia;Decrescente;C�u Claro;Dupla;"Reta;Aclive";N�o;2;0;0;0;2;0;0;1;-25,42832909;-54,36649734;SPRF-PR;DEL05-PR;UOP01-DEL05-PR;;;
673263;19/03/2025;quarta-feira;15:30:00;CE;116;8;FORTALEZA;Condutor deixou de manter dist�ncia do ve�culo da frente;Colis�o traseira;Com V�timas Feridas;Pleno dia;Decrescente;Sol;Dupla;Reta;Sim;2;0;1;0;0;1;1;2;-3,82370522;-38,50352883;SPRF-CE;DEL01-CE;UOP02-DEL01-CE;;;
673264;12/04/2025;s�bado;20:00:00;BA;116;359,7;SERRINHA;Desrespeitar a prefer�ncia no cruzamento;Colis�o transversal;Com V�timas Feridas;Plena Noite;Crescente;C�u Claro;Dupla;"Interse��o de Vias;Rotat�ria";Sim;3;0;2;0;1;0;2;2;-11,6672711;-39,00104992;SPRF-BA;DEL02-BA;UOP01-DEL02-BA;;;
673266;12/04/2025;s�bado;20:30:00;SC;101;133,7;BALNEARIO CAMBORIU;Desrespeitar a prefer�ncia no cruzamento;Colis�o transversal;Com V�timas Feridas;Plena Noite;Crescente;Nublado;M�ltipla;Interse��o de Vias;Sim;2;0;1;0;1;0;1;2;-27,00227641;-48,63799626;SPRF-SC;DEL04-SC;UOP03-DEL04-SC;;;
673267;12/04/2025;s�bado;17:40:00;RO;364;2;JI-PARANA;Rea��o tardia ou ineficiente do condutor;Colis�o traseira;Com V�timas Feridas;Pleno dia;Crescente;C�u Claro;Simples;Reta;N�o;3;0;0;1;2;0;1;3;-10,829824;-62,01344;SPRF-RO;DEL04-RO;UOP01-DEL04-RO;;;
673268;12/04/2025;s�bado;21:00:00;MG;40;506;RIBEIRAO DAS NEVES;Rea��o tardia ou ineficiente do condutor;Queda de ocupante de ve�culo;Com V�timas Feridas;Plena Noite;Decrescente;C�u Claro;Dupla;Reta;Sim;2;0;1;1;0;0;2;1;-19,75063895;-44,14470792;SPRF-MG;DEL02-MG;UOP01-DEL02-MG;;;
673269;12/04/2025;s�bado;19:20:00;PR;116;207;RIO NEGRO;Transitar na contram�o;Colis�o traseira;Com V�timas Feridas;Plena Noite;Crescente;Nublado;Simples;Reta;N�o;3;0;1;0;1;1;1;3;-26,078656;-49,767904;SPRF-SC;DEL06-SC;UOP01-DEL06-SC;;;
673271;12/04/2025;s�bado;20:55:00;RS;392;24,3;RIO GRANDE;Ingest�o de �lcool pelo condutor;Colis�o transversal;Sem V�timas;Plena Noite;Decrescente;Chuva;Dupla;"Reta;Retorno Regulamentado";N�o;3;0;0;0;1;2;0;3;-32,0841793;-52,2413592;SPRF-RS;DEL07-RS;UOP02-DEL07-RS;;;
673272;12/04/2025;s�bado;18:20:00;MT;364;404;CUIABA;Condutor deixou de manter dist�ncia do ve�culo da frente;Colis�o traseira;Com V�timas Feridas;Anoitecer;Crescente;C�u Claro;M�ltipla;Reta;Sim;7;0;1;0;6;0;1;2;-15,642723;-56,01743;SPRF-MT;DEL01-MT;UOP02-DEL01-MT;;;
673273;12/04/2025;s�bado;18:40:00;SC;282;465,7;PONTE SERRADA;Ultrapassagem Indevida;Colis�o frontal;Com V�timas Feridas;Plena Noite;Crescente;Nublado;Simples;Reta;N�o;4;0;1;3;0;0;4;3;-26,8566303;-52,0542345;SPRF-SC;DEL07-SC;UOP04-DEL07-SC;;;
673274;12/04/2025;s�bado;18:00:00;GO;20;102;VILA BOA;Chuva;Sa�da de leito carro��vel;Com V�timas Feridas;Plena Noite;Decrescente;Chuva;Simples;Reta;N�o;3;0;3;0;0;0;3;1;-14,936893;-46,981903;SPRF-DF;DEL02-DF;UOP02-DEL02-DF;;;
673275;12/04/2025;s�bado;18:50:00;SP;116;99,4;PINDAMONHANGABA;Aus�ncia de rea��o do condutor;Colis�o com objeto;Com V�timas Feridas;Plena Noite;Decrescente;C�u Claro;Dupla;Reta;N�o;1;0;1;0;0;0;1;1;-22,983943;-45,467265;SPRF-SP;DEL08-SP;UOP01-DEL08-SP;;;
673277;12/04/2025;s�bado;17:40:00;MG;40;131,1;JOAO PINHEIRO;Rea��o tardia ou ineficiente do condutor;Colis�o traseira;Com V�timas Feridas;Pleno dia;Decrescente;Chuva;Simples;Reta;N�o;2;0;1;0;1;0;1;2;-17,70879046;-46,27750397;SPRF-MG;DEL14-MG;UOP01-DEL14-MG;;;
673278;12/04/2025;s�bado;19:50:00;RJ;101;295;ITABORAI;Aus�ncia de rea��o do condutor;Colis�o traseira;Com V�timas Feridas;Plena Noite;Crescente;C�u Claro;Dupla;Reta;Sim;2;0;1;0;1;0;1;2;-22,76572051;-42,90561416;SPRF-RJ;DEL02-RJ;UOP02-DEL02-RJ;;;
673279;12/04/2025;s�bado;19:00:00;PB;230;69;SOBRADO;Animais na Pista;Atropelamento de Animal;Sem V�timas;Plena Noite;Crescente;C�u Claro;Dupla;"Declive;Reta";N�o;2;0;0;0;1;1;0;2;-7,188602;-35,214555;SPRF-PB;DEL01-PB;UOP02-DEL01-PB;;;
673282;12/04/2025;s�bado;21:30:00;MG;116;815;ALEM PARAIBA;Manobra de mudan�a de faixa;Colis�o lateral mesmo sentido;Com V�timas Feridas;Plena Noite;Decrescente;Nublado;Simples;"Declive;Curva";N�o;2;0;1;0;0;1;1;2;-21,86335312;-42,67010116;SPRF-MG;DEL07-MG;UOP01-DEL07-MG;;;
673284;12/04/2025;s�bado;22:10:00;BA;116;19,1;VITORIA DA CONQUISTA;Acessar a via sem observar a presen�a dos outros ve�culos;Queda de ocupante de ve�culo;Com V�timas Feridas;Plena Noite;Crescente;Nublado;Simples;Reta;N�o;2;0;0;1;0;1;1;2;-14,896183;-40,824213;SPRF-BA;DEL08-BA;UOP01-DEL08-BA;;;
673285;12/04/2025;s�bado;19:00:00;MT;70;390;CAMPO VERDE;Rea��o tardia ou ineficiente do condutor;Sa�da de leito carro��vel;Com V�timas Feridas;Plena Noite;Crescente;C�u Claro;Simples;"Retorno Regulamentado;Reta";N�o;2;0;0;2;0;0;2;1;-15,606572;-55,190028;SPRF-MT;DEL05-MT;UOP02-DEL05-MT;;;
673289;12/04/2025;s�bado;22:40:00;MG;381;0,5;BETIM;Rea��o tardia ou ineficiente do condutor;Colis�o transversal;Com V�timas Feridas;Plena Noite;Decrescente;C�u Claro;Dupla;"Aclive;Reta";Sim;2;0;0;1;1;0;1;2;-19,97173542;-44,16057587;SPRF-MG;DEL01-MG;UOP03-DEL01-MG;;;
673290;12/04/2025;s�bado;22:30:00;DF;80;12,8;BRASILIA;Retorno proibido;Colis�o transversal;Sem V�timas;Plena Noite;Decrescente;Nublado;Simples;"Declive;Curva";Sim;2;0;0;0;2;0;0;2;-15,73048;-48,190798;SPRF-DF;DEL03-DF;UOP02-DEL03-DF;;;
673291;12/04/2025;s�bado;22:45:00;RS;392;716,8;PORTO XAVIER;Ingest�o de �lcool pelo condutor;Colis�o lateral sentido oposto;Sem V�timas;Plena Noite;Crescente;Nublado;Simples;Curva;N�o;2;0;0;0;2;0;0;2;-27,936723;-55,137547;SPRF-RS;DEL10-RS;UOP01-DEL10-RS;;;
673293;12/04/2025;s�bado;22:50:00;BA;116;14,1;VITORIA DA CONQUISTA;Velocidade Incompat�vel;Queda de ocupante de ve�culo;Com V�timas Feridas;Plena Noite;Decrescente;C�u Claro;Simples;Reta;Sim;1;0;1;0;0;0;1;1;-14,893696;-40,864837;SPRF-BA;DEL08-BA;UOP01-DEL08-BA;;;
673294;12/04/2025;s�bado;18:35:00;RJ;465;21;NOVA IGUACU;Convers�o proibida;Colis�o transversal;Com V�timas Feridas;Plena Noite;Crescente;C�u Claro;Simples;Reta;Sim;4;0;3;0;1;0;3;3;-22,74578914;-43,47564697;SPRF-RJ;DEL06-RJ;UOP02-DEL06-RJ;;;
673297;12/04/2025;s�bado;21:02:00;MS;262;327;CAMPO GRANDE;Aus�ncia de rea��o do condutor;Sa�da de leito carro��vel;Sem V�timas;Plena Noite;Crescente;C�u Claro;Dupla;Curva;Sim;1;0;0;0;1;0;0;1;-20,465;-54,549;SPRF-MS;DEL01-MS;UOP01-DEL01-MS;;;
673298;12/04/2025;s�bado;22:25:00;SP;116;145,9;SAO JOSE DOS CAMPOS;Aus�ncia de rea��o do condutor;Capotamento;Com V�timas Fatais;Plena Noite;Decrescente;C�u Claro;Dupla;Aclive;Sim;3;1;1;1;0;0;2;1;-23,18941068;-45,85954059;SPRF-SP;DEL02-SP;UOP01-DEL02-SP;;;
673299;12/04/2025;s�bado;22:45:00;MG;40;522;CONTAGEM;Ingest�o de �lcool pelo condutor;Queda de ocupante de ve�culo;Com V�timas Feridas;Plena Noite;Decrescente;C�u Claro;Dupla;Curva;Sim;1;0;1;0;0;0;1;1;-19,86210864;-44,06959534;SPRF-MG;DEL01-MG;UOP02-DEL01-MG;;;
673300;12/04/2025;s�bado;18:00:00;MS;163;444;CAMPO GRANDE;Acumulo de �gua sobre o pavimento;Sa�da de leito carro��vel;Com V�timas Feridas;Plena Noite;Decrescente;Chuva;Simples;Reta;N�o;1;0;1;0;0;0;1;1;-20,787;-54,523;SPRF-MS;DEL01-MS;UOP01-DEL01-MS;;;
673302;12/04/2025;s�bado;22:50:00;SC;282;0,5;FLORIANOPOLIS;Rea��o tardia ou ineficiente do condutor;Sa�da de leito carro��vel;Sem V�timas;Plena Noite;Decrescente;Garoa/Chuvisco;Dupla;Curva;Sim;1;0;0;0;1;0;0;1;-27,59815969;-48,57120037;SPRF-SC;DEL01-SC;UOP01-DEL01-SC;;;
673303;12/04/2025;s�bado;20:40:00;GO;70;474;ARAGARCAS;Aus�ncia de rea��o do condutor;Colis�o traseira;Com V�timas Feridas;Plena Noite;Crescente;C�u Claro;Dupla;Reta;Sim;3;0;1;1;0;1;2;3;-15,895974;-52,249593;SPRF-GO;DEL04-GO;UOP02-DEL04-GO;;;
673304;12/04/2025;s�bado;21:20:00;PB;104;84,1;REMIGIO;Rea��o tardia ou ineficiente do condutor;Colis�o frontal;Com V�timas Feridas;Plena Noite;Crescente;C�u Claro;Simples;Reta;N�o;4;0;2;1;1;0;3;2;-6,949021;-35,818206;SPRF-PB;DEL02-PB;UOP04-DEL02-PB;;;
673305;12/04/2025;s�bado;23:30:00;MG;116;675;MURIAE;Aus�ncia de rea��o do condutor;Atropelamento de Animal;Com V�timas Feridas;Plena Noite;Crescente;C�u Claro;Simples;Reta;N�o;1;0;1;0;0;0;1;1;-21,02665288;-42,36345291;SPRF-MG;DEL07-MG;UOP02-DEL07-MG;;;
673306;12/04/2025;s�bado;22:50:00;MG;116;192;CARAI;Aus�ncia de rea��o do condutor;Sa�da de leito carro��vel;Com V�timas Feridas;Plena Noite;Decrescente;C�u Claro;Simples;Curva;N�o;2;0;0;2;0;0;2;1;-17,182074;-41,48803;SPRF-MG;DEL11-MG;UOP01-DEL11-MG;;;
673307;13/04/2025;domingo;00:15:00;RS;116;252;SAPUCAIA DO SUL;Velocidade Incompat�vel;Colis�o traseira;Com V�timas Feridas;Plena Noite;Crescente;C�u Claro;Dupla;Reta;Sim;6;0;0;1;5;0;1;2;-29,810104;-51,168045;SPRF-RS;DEL01-RS;UOP02-DEL01-RS;;;
673308;13/04/2025;domingo;00:30:00;MG;381;500,8;BETIM;Ingest�o de �lcool pelo condutor;Colis�o traseira;Com V�timas Feridas;Plena Noite;Crescente;C�u Claro;Dupla;Reta;Sim;2;0;1;0;1;0;1;2;-20,0082256;-44,2166068;SPRF-MG;DEL01-MG;UOP03-DEL01-MG;;;
673309;12/04/2025;s�bado;23:15:00;RJ;101;521;ANGRA DOS REIS;Rea��o tardia ou ineficiente do condutor;Tombamento;Com V�timas Feridas;Plena Noite;Crescente;C�u Claro;Simples;Reta;N�o;1;0;1;0;0;0;1;1;-23,01370828;-44,486063;SPRF-RJ;DEL03-RJ;UOP03-DEL03-RJ;;;
673310;13/04/2025;domingo;00:10:00;MG;262;36;MANHUACU;Ingest�o de �lcool pelo condutor;Colis�o traseira;Sem V�timas;Plena Noite;Decrescente;Nublado;Simples;Reta;Sim;2;0;0;0;2;0;0;2;-20,267556;-42,037445;SPRF-MG;DEL06-MG;UOP03-DEL06-MG;;;
673312;12/04/2025;s�bado;23:10:00;PI;343;592;FLORIANO;Ultrapassagem Indevida;Colis�o lateral sentido oposto;Com V�timas Feridas;Plena Noite;Decrescente;C�u Claro;Simples;"Reta;Interse��o de Vias";Sim;3;0;0;3;0;0;3;2;-6,778727;-43,034705;SPRF-PI;DEL03-PI;UOP01-DEL03-PI;;;
673313;12/04/2025;s�bado;23:20:00;PA;230;113;MARABA;Manobra de mudan�a de faixa;Colis�o traseira;Com V�timas Feridas;Plena Noite;Decrescente;Garoa/Chuvisco;Simples;Reta;Sim;2;0;1;0;1;0;1;2;-5,36245147;-49,0755415;SPRF-PA;DEL03-PA;UOP01-DEL03-PA;;;
673314;13/04/2025;domingo;01:25:00;SC;101;191;BIGUACU;Acumulo de �gua sobre o pavimento;Sa�da de leito carro��vel;Com V�timas Feridas;Plena Noite;Crescente;Chuva;M�ltipla;Curva;N�o;4;0;1;0;3;0;1;1;-27,47774915;-48,6419142;SPRF-SC;DEL01-SC;UOP01-DEL01-SC;;;
673316;12/04/2025;s�bado;22:30:00;RJ;116;95;GUAPIMIRIM;Ingest�o de subst�ncias psicoativas pelo condutor;Tombamento;Sem V�timas;Plena Noite;Decrescente;Nublado;Simples;"Reta;Aclive";N�o;1;0;0;0;1;0;0;1;-22,46536143;-42,99394369;SPRF-RJ;DEL04-RJ;UOP01-DEL04-RJ;;;
673318;13/04/2025;domingo;01:30:00;PR;277;586,4;CASCAVEL;Ingest�o de �lcool pelo condutor;Colis�o transversal;Com V�timas Feridas;Plena Noite;Crescente;C�u Claro;Simples;"Interse��o de Vias;Reta";N�o;3;0;1;1;1;0;2;2;-24,9669607;-53,4247747;SPRF-PR;DEL04-PR;UOP01-DEL04-PR;;;
673319;13/04/2025;domingo;01:40:00;PB;230;38;SANTA RITA;Aus�ncia de rea��o do condutor;Atropelamento de Pedestre;Com V�timas Feridas;Plena Noite;Crescente;C�u Claro;Dupla;Reta;Sim;2;0;1;0;0;1;1;2;-7,138114;-34,970745;SPRF-PB;DEL01-PB;UOP02-DEL01-PB;;;
673320;13/04/2025;domingo;02:00:00;GO;60;101,5;ANAPOLIS;Ingest�o de �lcool pelo condutor;Sa�da de leito carro��vel;Com V�timas Feridas;Plena Noite;Crescente;C�u Claro;Dupla;Interse��o de Vias;Sim;1;0;1;0;0;0;1;1;-16,40347525;-48,97848598;SPRF-GO;DEL02-GO;UOP01-DEL02-GO;;;
673322;13/04/2025;domingo;02:05:00;PE;232;4,5;RECIFE;Aus�ncia de rea��o do condutor;Tombamento;Sem V�timas;Plena Noite;Decrescente;C�u Claro;Dupla;"Declive;Viaduto";Sim;1;0;0;0;0;1;0;1;-8,06665;-34,941708;SPRF-PE;DEL01-PE;UOP01-DEL01-PE;;;
673323;13/04/2025;domingo;01:00:00;PA;316;121;SANTA MARIA DO PARA;Aus�ncia de rea��o do condutor;Colis�o traseira;Sem V�timas;Plena Noite;Crescente;C�u Claro;Simples;Reta;N�o;2;0;0;0;1;1;0;2;-1,3467648;-47,5758592;SPRF-PA;DEL01-PA;UOP02-DEL01-PA;;;