id;data_inversa;dia_semana;horario;uf;br;km;municipio;causa_acidente;tipo_acidente;classificacao_acidente;fase_dia;sentido_via;condicao_metereologica;tipo_pista;tracado_via;uso_solo;pessoas;mortos;feridos_leves;feridos_graves;ilesos;ignorados;feridos;veiculos;latitude;longitude;regional;delegacia;uop;;;
673440;13/04/2025;domingo;15:40:00;SC;101;213;PALHOCA;Manobra de mudan�a de faixa;Colis�o lateral mesmo sentido;Com V�timas Feridas;Pleno dia;Decrescente;Nublado;M�ltipla;Reta;Sim;3;0;1;0;2;0;1;2;-27,64311854;-48,66938883;SPRF-SC;DEL01-SC;UOP02-DEL01-SC;;;
673441;13/04/2025;domingo;14:45:00;PR;376;532;PALMEIRA;Avarias e/ou desgaste excessivo no pneu;Sa�da de leito carro��vel;Com V�timas Feridas;Pleno dia;Decrescente;Chuva;Dupla;Curva;N�o;2;0;0;2;0;0;2;1;-25,309;-49,886;SPRF-PR;DEL03-PR;UOP03-DEL03-PR;;;
673442;13/04/2025;domingo;14:00:00;SP;116;152,5;SAO JOSE DOS CAMPOS;Rea��o tardia ou ineficiente do condutor;Tombamento;Com V�timas Feridas;Pleno dia;Crescente;Sol;Dupla;Reta;N�o;1;0;1;0;0;0;1;1;-23,22963518;-45,91095686;SPRF-SP;DEL02-SP;UOP01-DEL02-SP;;;
673443;13/04/2025;domingo;14:20:00;RS;470;273;SAO JOSE DO SUL;Velocidade Incompat�vel;Sa�da de leito carro��vel;Com V�timas Fatais;Pleno dia;Decrescente;C�u Claro;Simples;Curva;N�o;1;1;0;0;0;0;0;1;-29,55049713;-51,48019368;SPRF-RS;DEL06-RS;UOP01-DEL06-RS;;;
673444;13/04/2025;domingo;15:30:00;SC;101;105;PENHA;Velocidade Incompat�vel;Capotamento;Com V�timas Feridas;Pleno dia;Crescente;Chuva;Dupla;"Viaduto;Curva";N�o;1;0;1;0;0;0;1;1;-26,804;-48,679;SPRF-SC;DEL03-SC;UOP02-DEL03-SC;;;
673445;13/04/2025;domingo;15:40:00;TO;153;707;CARIRI DO TOCANTINS;Condutor deixou de manter dist�ncia do ve�culo da frente;Colis�o traseira;Sem V�timas;Pleno dia;Decrescente;C�u Claro;Simples;Reta;N�o;3;0;0;0;3;0;0;2;-12,04437387;-49,19975138;SPRF-TO;DEL01-TO;UOP02-DEL01-TO;;;
673447;13/04/2025;domingo;15:00:00;PR;116;51;CAMPINA GRANDE DO SUL;Avarias e/ou desgaste excessivo no pneu;Sa�da de leito carro��vel;Com V�timas Feridas;Pleno dia;Crescente;Garoa/Chuvisco;Dupla;Curva;N�o;3;0;1;0;2;0;1;1;-25,249261;-48,908652;SPRF-PR;DEL01-PR;UOP02-DEL01-PR;;;
673448;13/04/2025;domingo;15:30:00;PB;230;56,6;CRUZ DO ESPIRITO SANTO;Rea��o tardia ou ineficiente do condutor;Colis�o com objeto;Com V�timas Feridas;Pleno dia;Crescente;C�u Claro;Dupla;Reta;N�o;4;0;2;0;2;0;2;1;-7,203357;-35,116253;SPRF-PB;DEL01-PB;UOP02-DEL01-PB;;;
673449;12/04/2025;s�bado;18:30:00;MG;365;467,4;PATROCINIO;Aus�ncia de rea��o do condutor;Sa�da de leito carro��vel;Com V�timas Feridas;Anoitecer;Decrescente;C�u Claro;Simples;Reta;N�o;2;0;2;0;0;0;2;1;-18,89264432;-46,93908691;SPRF-MG;DEL10-MG;UOP01-DEL10-MG;;;
673450;13/04/2025;domingo;16:10:00;GO;50;202,8;CAMPO ALEGRE DE GOIAS;Acessar a via sem observar a presen�a dos outros ve�culos;Colis�o transversal;Com V�timas Feridas;Pleno dia;Crescente;Nublado;Dupla;Reta;N�o;3;0;0;1;2;0;1;2;-17,58849645;-47,81061172;SPRF-GO;DEL06-GO;UOP01-DEL06-GO;;;
673451;13/04/2025;domingo;13:13:00;SC;470;155,2;TROMBUDO CENTRAL;Rea��o tardia ou ineficiente do condutor;Sa�da de leito carro��vel;Com V�timas Feridas;Pleno dia;Decrescente;Chuva;Simples;Curva;N�o;2;0;2;0;0;0;2;1;-27,278982;-49,7568163;SPRF-SC;DEL04-SC;UOP02-DEL04-SC;;;
673452;13/04/2025;domingo;15:25:00;SC;282;64,2;RANCHO QUEIMADO;Velocidade Incompat�vel;Sa�da de leito carro��vel;Com V�timas Feridas;Pleno dia;Decrescente;Chuva;Simples;Curva;N�o;5;0;5;0;0;0;5;1;-27,69683253;-49,05370647;SPRF-SC;DEL01-SC;UOP03-DEL01-SC;;;
673453;13/04/2025;domingo;16:10:00;RJ;116;189;NOVA IGUACU;Aus�ncia de rea��o do condutor;Queda de ocupante de ve�culo;Com V�timas Feridas;Pleno dia;Crescente;C�u Claro;Dupla;Curva;Sim;2;0;1;1;0;0;2;1;-22,73917408;-43,49628741;SPRF-RJ;DEL06-RJ;UOP01-DEL06-RJ;;;
673455;13/04/2025;domingo;13:30:00;RS;392;652,6;GUARANI DAS MISSOES;Aus�ncia de rea��o do condutor;Sa�da de leito carro��vel;Com V�timas Fatais;Pleno dia;Crescente;C�u Claro;Simples;Curva;N�o;1;1;0;0;0;0;0;1;-28,129539;-54,6487656;SPRF-RS;DEL10-RS;UOP01-DEL10-RS;;;
673456;13/04/2025;domingo;16:45:00;GO;20;22;FORMOSA;Acumulo de �leo sobre o pavimento;Queda de ocupante de ve�culo;Com V�timas Feridas;Pleno dia;Crescente;C�u Claro;Simples;"Interse��o de Vias;Curva";N�o;3;0;2;0;0;1;2;2;-15,54715081;-47,16422414;SPRF-DF;DEL02-DF;UOP02-DEL02-DF;;;
673457;13/04/2025;domingo;15:30:00;SC;101;191;BIGUACU;Rea��o tardia ou ineficiente do condutor;Sa�da de leito carro��vel;Sem V�timas;Pleno dia;Decrescente;Chuva;Dupla;Curva;Sim;1;0;0;0;0;1;0;1;-27,47674511;-48,64071786;SPRF-SC;DEL01-SC;UOP01-DEL01-SC;;;
673458;13/04/2025;domingo;16:24:00;PB;230;89;GURINHEM;Acesso irregular;Colis�o transversal;Com V�timas Feridas;Pleno dia;Crescente;Sol;Dupla;Reta;Sim;2;0;0;1;1;0;1;2;-7,17226377;-35,3896641;SPRF-PB;DEL01-PB;UOP02-DEL01-PB;;;
673459;13/04/2025;domingo;16:06:00;BA;330;799;JEQUIE;Aus�ncia de rea��o do condutor;Colis�o traseira;Com V�timas Feridas;Pleno dia;Decrescente;C�u Claro;Simples;Reta;N�o;3;0;2;0;1;0;2;2;-13,9442385;-39,97987676;SPRF-BA;DEL03-BA;UOP01-DEL03-BA;;;
673460;13/04/2025;domingo;16:00:00;GO;50;122,8;IPAMERI;Velocidade Incompat�vel;Sa�da de leito carro��vel;Com V�timas Feridas;Pleno dia;Decrescente;Chuva;Dupla;Curva;N�o;3;0;3;0;0;0;3;1;-17,03298703;-47,76391983;SPRF-GO;DEL06-GO;UOP01-DEL06-GO;;;
673461;13/04/2025;domingo;15:55:00;GO;452;0;RIO VERDE;Rea��o tardia ou ineficiente do condutor;Colis�o traseira;Sem V�timas;Pleno dia;Decrescente;C�u Claro;Dupla;Curva;Sim;10;0;0;0;10;0;0;2;-17,78743998;-50,9002912;SPRF-GO;DEL04-GO;UOP01-DEL04-GO;;;
673462;13/04/2025;domingo;16:55:00;SC;101;139;ITAPEMA;Rea��o tardia ou ineficiente do condutor;Colis�o com objeto;Com V�timas Feridas;Pleno dia;Crescente;Garoa/Chuvisco;M�ltipla;Curva;N�o;2;0;1;0;1;0;1;1;-27,0659606;-48,5955429;SPRF-SC;DEL04-SC;UOP03-DEL04-SC;;;
673463;13/04/2025;domingo;16:30:00;BA;420;340;JAGUAQUARA;Ingest�o de �lcool pelo condutor;Colis�o frontal;Com V�timas Feridas;Anoitecer;Crescente;C�u Claro;Simples;Curva;Sim;2;0;0;2;0;0;2;2;-13,51266354;-39,96311188;SPRF-BA;DEL03-BA;UOP01-DEL03-BA;;;
673464;13/04/2025;domingo;16:10:00;MS;163;482;CAMPO GRANDE;Aus�ncia de rea��o do condutor;Colis�o com objeto;Com V�timas Feridas;Pleno dia;Crescente;C�u Claro;Simples;"Declive;Curva";Sim;2;0;2;0;0;0;2;1;-20,46474;-54,5559;SPRF-MS;DEL01-MS;UOP02-DEL01-MS;;;
673466;13/04/2025;domingo;17:00:00;MG;40;515;RIBEIRAO DAS NEVES;Ingest�o de �lcool pelo condutor;Engavetamento;Sem V�timas;Pleno dia;Crescente;C�u Claro;Dupla;Reta;N�o;5;0;0;0;4;1;0;4;-19,8090079;-44,09493479;SPRF-MG;DEL01-MG;UOP02-DEL01-MG;;;
673467;13/04/2025;domingo;17:11:00;PI;316;19;TERESINA;Avarias e/ou desgaste excessivo no pneu;Sa�da de leito carro��vel;Com V�timas Feridas;Pleno dia;Decrescente;C�u Claro;Dupla;Reta;N�o;2;0;1;1;0;0;2;1;-5,267893;-42,7275505;SPRF-PI;DEL01-PI;UOP02-DEL01-PI;;;
673469;13/04/2025;domingo;16:00:00;MG;381;302,1;ANTONIO DIAS;Manobra de mudan�a de faixa;Colis�o transversal;Com V�timas Feridas;Pleno dia;Crescente;C�u Claro;Dupla;Curva;N�o;4;0;1;1;1;1;2;3;-19,630995;-42,873444;SPRF-MG;DEL03-MG;UOP02-DEL03-MG;;;
673470;12/02/2025;quarta-feira;09:10:00;ES;101;219;IBIRACU;Velocidade Incompat�vel;Colis�o com objeto;Com V�timas Feridas;Pleno dia;Crescente;C�u Claro;Dupla;Reta;N�o;2;0;1;1;0;0;2;1;-19,86460092;-40,38336629;SPRF-ES;DEL02-ES;UOP01-DEL02-ES;;;
673471;13/04/2025;domingo;11:55:00;SC;280;22;ARAQUARI;Condutor deixou de manter dist�ncia do ve�culo da frente;Colis�o lateral mesmo sentido;Com V�timas Feridas;Pleno dia;Crescente;C�u Claro;Simples;Reta;N�o;4;0;4;0;0;0;4;2;-26,370979;-48,702095;SPRF-SC;DEL03-SC;UOP03-DEL03-SC;;;
673473;13/04/2025;domingo;07:20:00;SC;470;60,7;BLUMENAU;Acessar a via sem observar a presen�a dos outros ve�culos;Tombamento;Com V�timas Feridas;Pleno dia;Crescente;Ignorado;Simples;Reta;Sim;2;0;1;0;1;0;1;2;-26,87964028;-49,17109372;SPRF-SC;DEL04-SC;UOP01-DEL04-SC;;;
673474;13/04/2025;domingo;17:10:00;SP;116;212;GUARULHOS;Condutor Dormindo;Colis�o lateral mesmo sentido;Com V�timas Feridas;Anoitecer;Crescente;Garoa/Chuvisco;M�ltipla;Reta;Sim;4;0;1;0;3;0;1;3;-23,43700391;-46,43127453;SPRF-SP;DEL01-SP;UOP01-DEL01-SP;;;
673475;13/04/2025;domingo;17:30:00;RN;427;66,5;JARDIM DO SERIDO;Condutor Dormindo;Colis�o com objeto;Com V�timas Feridas;Anoitecer;Decrescente;C�u Claro;Simples;Curva;N�o;1;0;1;0;0;0;1;1;-6,58770543;-36,81089401;SPRF-RN;DEL03-RN;UOP01-DEL03-RN;;;
673477;13/04/2025;domingo;17:10:00;SP;116;228;SAO PAULO;Manobra de mudan�a de faixa;Colis�o lateral mesmo sentido;Com V�timas Feridas;Anoitecer;Decrescente;Garoa/Chuvisco;M�ltipla;"Reta;Desvio Tempor�rio;Em Obras";Sim;3;0;2;0;1;0;2;2;-23,5059729;-46,5696908;SPRF-SP;DEL01-SP;UOP01-DEL01-SP;;;
673479;13/04/2025;domingo;17:30:00;RN;101;84,5;SAO GONCALO DO AMARANTE;Velocidade Incompat�vel;Colis�o com objeto;Sem V�timas;Anoitecer;Crescente;C�u Claro;Dupla;Reta;Sim;1;0;0;0;1;0;0;1;-5,77630444;-35,25305986;SPRF-RN;DEL02-RN;UOP01-DEL02-RN;;;
673480;13/04/2025;domingo;17:44:00;RN;101;103;PARNAMIRIM;Mal s�bito do condutor;Tombamento;Com V�timas Feridas;Plena Noite;Decrescente;C�u Claro;M�ltipla;Viaduto;Sim;1;0;1;0;0;0;1;1;-5,89325062;-35,25738871;SPRF-RN;DEL01-RN;UOP01-DEL01-RN;;;
673481;13/04/2025;domingo;18:25:00;RJ;116;170;RIO DE JANEIRO;Rea��o tardia ou ineficiente do condutor;Colis�o traseira;Com V�timas Feridas;Plena Noite;Decrescente;C�u Claro;Dupla;Reta;N�o;2;0;1;0;1;0;1;2;-22,81138795;-43,33353097;SPRF-RJ;DEL06-RJ;UOP01-DEL06-RJ;;;
673482;13/04/2025;domingo;15:30:00;MG;365;147;PIRAPORA;Convers�o proibida;Colis�o frontal;Com V�timas Fatais;Pleno dia;Crescente;C�u Claro;Simples;Reta;N�o;5;1;2;0;2;0;2;2;-17,22938326;-44,82417942;SPRF-MG;DEL10-MG;UOP02-DEL010-MG;;;
673483;13/04/2025;domingo;18:15:00;PE;101;48,3;ABREU E LIMA;Pedestre cruzava a pista fora da faixa;Atropelamento de Pedestre;Com V�timas Feridas;Anoitecer;Crescente;C�u Claro;M�ltipla;Reta;N�o;3;0;2;0;1;0;2;2;-7,894825;-34,903182;SPRF-PE;DEL01-PE;UOP02-DEL01-PE;;;
673484;13/04/2025;domingo;17:00:00;RJ;101;493;ANGRA DOS REIS;Manobra de mudan�a de faixa;Colis�o transversal;Com V�timas Feridas;Pleno dia;Crescente;C�u Claro;Simples;Reta;N�o;2;0;1;0;1;0;1;2;-22,9900288;-44,2400768;SPRF-RJ;DEL03-RJ;UOP03-DEL03-RJ;;;
673485;20/03/2025;quinta-feira;23:50:00;SP;153;60,8;SAO JOSE DO RIO PRETO;Rea��o tardia ou ineficiente do condutor;Colis�o com objeto;Com V�timas Feridas;Plena Noite;Decrescente;C�u Claro;Dupla;Reta;Sim;1;0;0;1;0;0;1;1;-20,80103731;-49,35536915;SPRF-SP;DEL09-SP;UOP01-DEL09-SP;;;
673487;13/04/2025;domingo;16:20:00;BA;418;81;NOVA VICOSA;Transitar na contram�o;Capotamento;Com V�timas Feridas;Pleno dia;Crescente;C�u Claro;Simples;Reta;N�o;2;0;2;0;0;0;2;1;-17,886182;-39,791053;SPRF-BA;DEL09-BA;UOP02-DEL09-BA;;;
673489;13/04/2025;domingo;18:35:00;RJ;116;178;MESQUITA;Aus�ncia de rea��o do condutor;Colis�o traseira;Com V�timas Feridas;Plena Noite;Crescente;C�u Claro;Dupla;Reta;N�o;3;0;0;1;2;0;1;2;-22,77285427;-43,40396762;SPRF-RJ;DEL06-RJ;UOP01-DEL06-RJ;;;
673490;13/04/2025;domingo;18:00:00;PB;230;40,5;SANTA RITA;Condutor deixou de manter dist�ncia do ve�culo da frente;Colis�o traseira;Com V�timas Feridas;Plena Noite;Crescente;C�u Claro;Dupla;"Aclive;Reta";N�o;2;0;1;0;0;1;1;2;-7,142985;-34,984867;SPRF-PB;DEL01-PB;UOP02-DEL01-PB;;;
673491;13/04/2025;domingo;16:00:00;PR;116;38,6;CAMPINA GRANDE DO SUL;Chuva;Sa�da de leito carro��vel;Sem V�timas;Pleno dia;Crescente;Chuva;Dupla;Curva;N�o;1;0;0;0;1;0;0;1;-25,14802509;-48,85922071;SPRF-PR;DEL01-PR;UOP02-DEL01-PR;;;
673492;13/04/2025;domingo;15:50:00;MG;116;383;GOVERNADOR VALADARES;Desrespeitar a prefer�ncia no cruzamento;Colis�o transversal;Com V�timas Feridas;Pleno dia;Decrescente;C�u Claro;Simples;Reta;N�o;3;0;0;1;0;2;1;2;-18,66155398;-41,97530508;SPRF-MG;DEL06-MG;UOP01-DEL06-MG;;;
673494;13/04/2025;domingo;18:15:00;PR;116;125;FAZENDA RIO GRANDE;Aus�ncia de rea��o do condutor;Colis�o traseira;Com V�timas Feridas;Plena Noite;Crescente;Garoa/Chuvisco;Dupla;Reta;Sim;3;0;3;0;0;0;3;2;-25,634235;-49,313398;SPRF-PR;DEL01-PR;UOP03-DEL01-PR;;;
673495;13/04/2025;domingo;18:45:00;SC;101;57,7;ARAQUARI;Chuva;Sa�da de leito carro��vel;Com V�timas Feridas;Plena Noite;Crescente;Chuva;Dupla;"Curva;Interse��o de Vias";N�o;4;0;4;0;0;0;4;1;-26,43905253;-48,80266244;SPRF-SC;DEL03-SC;UOP01-DEL03-SC;;;
673496;13/04/2025;domingo;19:30:00;TO;153;240;COLINAS DO TOCANTINS;Ingest�o de �lcool pelo condutor;Sinistro pessoal de tr�nsito;Com V�timas Feridas;Plena Noite;Crescente;C�u Claro;Simples;Reta;N�o;2;0;1;0;0;1;1;2;-8,05555114;-48,46685872;SPRF-TO;DEL02-TO;UOP01-DEL02-TO;;;
673498;13/04/2025;domingo;14:30:00;RJ;116;91;TERESOPOLIS;Demais falhas mec�nicas ou el�tricas;Inc�ndio;Sem V�timas;Pleno dia;Decrescente;Nublado;Simples;Reta;N�o;1;0;0;0;0;1;0;1;-22,37496012;-42,95167208;SPRF-RJ;DEL04-RJ;UOP01-DEL04-RJ;;;
673499;13/04/2025;domingo;19:55:00;RS;290;92;PORTO ALEGRE;Pedestre andava na pista;Atropelamento de Pedestre;Com V�timas Feridas;Plena Noite;Crescente;C�u Claro;M�ltipla;Reta;N�o;3;0;1;0;2;0;1;2;-29,97003142;-51,18121195;SPRF-RS;DEL01-RS;UOP01-DEL01-RS;;;
673500;13/04/2025;domingo;18:25:00;SC;101;192,3;BIGUACU;Rea��o tardia ou ineficiente do condutor;Colis�o lateral mesmo sentido;Com V�timas Feridas;Plena Noite;Decrescente;Garoa/Chuvisco;Dupla;Reta;Sim;2;0;1;0;1;0;1;2;-27,48722;-48,65021;SPRF-SC;DEL01-SC;UOP01-DEL01-SC;;;
673502;13/04/2025;domingo;19:55:00;BA;324;605;SIMOES FILHO;Acesso irregular;Atropelamento de Animal;Com V�timas Feridas;Plena Noite;Decrescente;C�u Claro;Dupla;Reta;N�o;3;0;2;1;0;0;3;2;-12,8128617;-38,4069209;SPRF-BA;DEL01-BA;UOP01-DEL01-BA;;;
673503;13/04/2025;domingo;19:11:00;PB;230;19;JOAO PESSOA;Aus�ncia de rea��o do condutor;Colis�o lateral mesmo sentido;Com V�timas Feridas;Pleno dia;Crescente;C�u Claro;Dupla;Reta;Sim;3;0;1;0;2;0;1;3;-7,130909;-34,85188;SPRF-PB;DEL01-PB;UOP01-DEL01-PB;;;
673504;13/04/2025;domingo;19:50:00;RJ;356;159;CAMPOS DOS GOYTACAZES;Aus�ncia de rea��o do condutor;Tombamento;Com V�timas Feridas;Plena Noite;Decrescente;C�u Claro;Simples;Reta;N�o;1;0;1;0;0;0;1;1;-21,736539;-41,199412;SPRF-RJ;DEL08-RJ;UOP02-DEL08-RJ;;;
673505;13/04/2025;domingo;17:20:00;MG;381;907;CAMBUI;Velocidade Incompat�vel;Colis�o com objeto;Com V�timas Feridas;Anoitecer;Crescente;Chuva;Dupla;Curva;N�o;1;0;1;0;0;0;1;1;-22,67483745;-46,09811783;SPRF-MG;DEL16-MG;UOP03-DEL16-MG;;;
673506;13/04/2025;domingo;17:20:00;RJ;101;309;SAO GONCALO;Trafegar com motocicleta (ou similar) entre as faixas;Colis�o traseira;Com V�timas Feridas;Anoitecer;Crescente;C�u Claro;Dupla;Reta;Sim;3;0;1;0;2;0;1;3;-22,7981865;-43,0109776;SPRF-RJ;DEL02-RJ;UOP02-DEL02-RJ;;;
673508;13/04/2025;domingo;18:30:00;MG;381;902;CAMBUI;Animais na Pista;Atropelamento de Animal;Com V�timas Feridas;Plena Noite;Decrescente;C�u Claro;Dupla;Curva;N�o;4;0;2;0;2;0;2;1;-22,638158;-46,079453;SPRF-MG;DEL16-MG;UOP03-DEL16-MG;;;
673509;13/04/2025;domingo;19:40:00;SC;470;15;ILHOTA;Acumulo de �gua sobre o pavimento;Sa�da de leito carro��vel;Sem V�timas;Plena Noite;Decrescente;Chuva;Dupla;Reta;N�o;2;0;0;0;1;1;0;2;-26,84003612;-48,78786519;SPRF-SC;DEL04-SC;UOP04-DEL04-SC;;;
673511;13/04/2025;domingo;19:24:00;MS;163;420,4;CAMPO GRANDE;Rea��o tardia ou ineficiente do condutor;Tombamento;Com V�timas Feridas;Plena Noite;Decrescente;Nublado;Dupla;Reta;Sim;1;0;1;0;0;0;1;1;-20,98777676;-54,50587749;SPRF-MS;DEL01-MS;UOP01-DEL01-MS;;;
673512;13/04/2025;domingo;20:10:00;MG;459;13,2;CALDAS;Chuva;Tombamento;Com V�timas Feridas;Plena Noite;Crescente;Chuva;Simples;"Declive;Curva";N�o;2;0;2;0;0;0;2;1;-21,817888;-46,460947;SPRF-MG;DEL09-MG;UOP01-DEL09-MG;;;
673514;13/04/2025;domingo;18:55:00;PR;277;670;MEDIANEIRA;Condutor deixou de manter dist�ncia do ve�culo da frente;Colis�o traseira;Com V�timas Feridas;Plena Noite;Decrescente;Nublado;Dupla;Reta;Sim;3;0;0;2;0;1;2;2;-25,28159441;-54,080454;SPRF-PR;DEL05-PR;UOP02-DEL05-PR;;;
673516;13/04/2025;domingo;18:05:00;MG;116;579,5;MANHUACU;Convers�o proibida;Colis�o transversal;Com V�timas Feridas;Anoitecer;Crescente;Nublado;Simples;Reta;N�o;2;0;0;1;1;0;1;2;-20,190833;-42,18452;SPRF-MG;DEL06-MG;UOP03-DEL06-MG;;;
673517;13/04/2025;domingo;21:15:00;SC;101;94,2;BARRA VELHA;Pedestre andava na pista;Atropelamento de Pedestre;Com V�timas Fatais;Plena Noite;Crescente;Garoa/Chuvisco;Dupla;Reta;N�o;3;1;1;0;1;0;1;2;-26,705956;-48,701174;SPRF-SC;DEL03-SC;UOP02-DEL03-SC;;;
673518;13/04/2025;domingo;18:15:00;MG;116;206;CARAI;Pedestre andava na pista;Atropelamento de Pedestre;Com V�timas Fatais;Plena Noite;Crescente;C�u Claro;Simples;Reta;Sim;2;1;0;1;0;0;1;2;-17,291024;-41,518289;SPRF-MG;DEL11-MG;UOP01-DEL11-MG;;;
673519;13/04/2025;domingo;20:45:00;SC;282;15,6;PALHOCA;Desrespeitar a prefer�ncia no cruzamento;Colis�o transversal;Com V�timas Feridas;Plena Noite;Crescente;Nublado;Simples;Rotat�ria;Sim;3;0;1;0;0;2;1;3;-27,655717;-48,679246;SPRF-SC;DEL01-SC;UOP02-DEL01-SC;;;
673520;13/04/2025;domingo;19:50:00;RO;174;16;VILHENA;Ultrapassagem Indevida;Colis�o lateral mesmo sentido;Com V�timas Feridas;Plena Noite;Crescente;C�u Claro;Simples;Reta;Sim;3;0;0;1;2;0;1;2;-12,71712216;-60,12684222;SPRF-RO;DEL04-RO;UOP01-DEL04-RO;;;
673522;13/04/2025;domingo;19:35:00;RR;432;209;CANTA;Rea��o tardia ou ineficiente do condutor;Sa�da de leito carro��vel;Com V�timas Feridas;Plena Noite;Crescente;C�u Claro;Simples;"Ponte;Reta";N�o;2;0;1;0;1;0;1;1;2,76717343;-60,60899243;SPRF-RR;DEL01-RR;UOP01-DEL01-RR;;;
673524;13/04/2025;domingo;17:00:00;MA;135;20;SAO LUIS;Rea��o tardia ou ineficiente do condutor;Colis�o traseira;Sem V�timas;Pleno dia;Decrescente;C�u Claro;Dupla;Reta;Sim;2;0;0;0;2;0;0;2;-2,565998;-44,324938;SPRF-MA;DEL01-MA;UOP01-DEL01-MA;;;
673525;13/04/2025;domingo;21:50:00;SP;116;216;GUARULHOS;Rea��o tardia ou ineficiente do condutor;Colis�o com objeto;Sem V�timas;Plena Noite;Crescente;Garoa/Chuvisco;M�ltipla;"Reta;Declive";N�o;1;0;0;0;0;1;0;1;-23,45380239;-46,47144729;SPRF-SP;DEL01-SP;UOP01-DEL01-SP;;;
673527;13/04/2025;domingo;18:55:00;SC;116;5,4;MAFRA;Acessar a via sem observar a presen�a dos outros ve�culos;Colis�o transversal;Sem V�timas;Plena Noite;Crescente;Nublado;Simples;Rotat�ria;Sim;2;0;0;0;2;0;0;2;-26,11613;-49,78526;SPRF-SC;DEL06-SC;UOP01-DEL06-SC;;;
673528;13/04/2025;domingo;21:55:00;RS;116;266;PORTO ALEGRE;Aus�ncia de rea��o do condutor;Sa�da de leito carro��vel;Sem V�timas;Plena Noite;Decrescente;C�u Claro;M�ltipla;Reta;N�o;2;0;0;0;2;0;0;1;-29,9696128;-51,1705088;SPRF-RS;DEL01-RS;UOP01-DEL01-RS;;;
673529;13/04/2025;domingo;22:07:00;ES;101;146,8;LINHARES;Convers�o proibida;Colis�o transversal;Com V�timas Feridas;Pleno dia;Decrescente;C�u Claro;Dupla;Interse��o de Vias;Sim;7;0;1;0;0;6;1;3;-19,3812525;-40,0666143;SPRF-ES;DEL04-ES;UOP01-DEL04-ES;;;
673530;13/04/2025;domingo;21:50:00;SP;116;218;GUARULHOS;Aus�ncia de rea��o do condutor;Colis�o lateral mesmo sentido;Sem V�timas;Plena Noite;Crescente;Garoa/Chuvisco;M�ltipla;"Reta;Em Obras";N�o;2;0;0;0;2;0;0;2;-23,459087;-46,481662;SPRF-SP;DEL01-SP;UOP01-DEL01-SP;;;
673531;13/04/2025;domingo;22:10:00;SP;116;2;GUARULHOS;Aus�ncia de rea��o do condutor;Atropelamento de Pedestre;Com V�timas Feridas;Plena Noite;Crescente;Nublado;Simples;Curva;Sim;2;0;1;0;1;0;1;2;-23,4493122;-46,4927318;SPRF-SP;DEL01-SP;UOP01-DEL01-SP;;;
673533;13/04/2025;domingo;21:00:00;RJ;101;331;RIO DE JANEIRO;Aus�ncia de rea��o do condutor;Colis�o traseira;Com V�timas Feridas;Plena Noite;Decrescente;C�u Claro;M�ltipla;"Reta;Ponte";Sim;3;0;1;1;1;0;2;2;-22,87067532;-43,20394993;SPRF-RJ;DEL02-RJ;UOP01-DEL02-RJ;;;
673535;13/04/2025;domingo;20:20:00;RJ;493;91;JAPERI;Animais na Pista;Atropelamento de Animal;Com V�timas Feridas;Plena Noite;Decrescente;Nublado;Dupla;Reta;N�o;1;0;1;0;0;0;1;1;-22,66540097;-43,63095023;SPRF-RJ;DEL01-RJ;UOP03-DEL01-RJ;;;
673536;13/04/2025;domingo;20:35:00;MA;135;15;SAO LUIS;Acumulo de areia ou detritos sobre o pavimento;Queda de ocupante de ve�culo;Com V�timas Feridas;Plena Noite;Decrescente;C�u Claro;Dupla;Curva;Sim;1;0;1;0;0;0;1;1;-2,568645;-44,35783;SPRF-MA;DEL01-MA;UOP01-DEL01-MA;;;
673537;13/04/2025;domingo;17:40:00;MA;10;296,2;SAO FRANCISCO DO BREJAO;Ultrapassagem Indevida;Colis�o lateral sentido oposto;Com V�timas Feridas;Anoitecer;Crescente;Chuva;Simples;Reta;N�o;6;0;3;0;3;0;3;2;-5,144222;-47,541951;SPRF-MA;DEL04-MA;UOP03-DEL04-MA;;;
673538;13/04/2025;domingo;21:40:00;RS;386;143,2;SARANDI;Ingest�o de �lcool pelo condutor;Colis�o traseira;Com V�timas Feridas;Plena Noite;Decrescente;Nublado;Simples;Reta;N�o;3;0;0;1;2;0;1;2;-28,0215;-52,885225;SPRF-RS;DEL08-RS;UOP01-DEL08-RS;;;
673539;13/04/2025;domingo;20:02:00;PR;153;490;GENERAL CARNEIRO;Aus�ncia de sinaliza��o;Colis�o frontal;Com V�timas Feridas;Plena Noite;Crescente;C�u Claro;Simples;"Interse��o de Vias;Reta";N�o;2;0;1;1;0;0;2;2;-26,42859562;-51,31295443;SPRF-PR;DEL02-PR;UOP03-DEL02-PR;;;
673540;13/04/2025;domingo;22:36:00;SP;116;344;MIRACATU;Demais falhas mec�nicas ou el�tricas;Inc�ndio;Sem V�timas;Plena Noite;Decrescente;Nublado;Dupla;"Reta;Aclive";N�o;2;0;0;0;2;0;0;1;-24,03200451;-47,18036868;SPRF-SP;DEL04-SP;UOP03-DEL04-SP;;;
673542;13/04/2025;domingo;22:45:00;RS;290;89;PORTO ALEGRE;Rea��o tardia ou ineficiente do condutor;Colis�o com objeto;Sem V�timas;Plena Noite;Decrescente;C�u Claro;M�ltipla;Reta;N�o;1;0;0;0;1;0;0;1;-29,96828222;-51,15725756;SPRF-RS;DEL01-RS;UOP01-DEL01-RS;;;