id;data_inversa;dia_semana;horario;uf;br;km;municipio;causa_acidente;tipo_acidente;classificacao_acidente;fase_dia;sentido_via;condicao_metereologica;tipo_pista;tracado_via;uso_solo;pessoas;mortos;feridos_leves;feridos_graves;ilesos;ignorados;feridos;veiculos;latitude;longitude;regional;delegacia;uop;;;
673636;14/04/2025;segunda-feira;10:50:00;MG;40;452,1;CAETANOPOLIS;Objeto est�tico sobre o leito carro��vel;Colis�o traseira;Com V�timas Feridas;Pleno dia;Crescente;Nublado;Dupla;"Declive;Reta";Sim;9;0;2;1;5;1;3;5;-19,334335;-44,360845;SPRF-MG;DEL02-MG;UOP01-DEL02-MG;;;
673637;26/03/2025;quarta-feira;14:40:00;GO;60;101,4;ANAPOLIS;Velocidade Incompat�vel;Colis�o traseira;Com V�timas Feridas;Pleno dia;Crescente;C�u Claro;Dupla;Reta;Sim;3;0;2;0;1;0;2;2;-16,40385293;-48,97934675;SPRF-GO;DEL02-GO;UOP01-DEL02-GO;;;
673638;14/03/2025;sexta-feira;01:15:00;GO;60;94,6;ANAPOLIS;Condutor Dormindo;Sa�da de leito carro��vel;Com V�timas Feridas;Plena Noite;Decrescente;C�u Claro;Dupla;"Reta;Aclive";Sim;1;0;1;0;0;0;1;1;-16,361846;-48,933241;SPRF-GO;DEL02-GO;UOP01-DEL02-GO;;;
673640;14/04/2025;segunda-feira;10:20:00;BA;116;495;RAFAEL JAMBEIRO;Acesso irregular;Colis�o transversal;Com V�timas Feridas;Pleno dia;Decrescente;C�u Claro;Simples;"Interse��o de Vias;Reta";Sim;2;0;1;0;1;0;1;2;-12,584495;-39,521722;SPRF-BA;DEL02-BA;UOP01-DEL02-BA;;;
673642;14/04/2025;segunda-feira;10:50:00;PE;101;32,9;ITAPISSUMA;Transitar no Acostamento;Colis�o traseira;Com V�timas Feridas;Pleno dia;Crescente;C�u Claro;Dupla;Reta;N�o;2;0;0;1;0;1;1;2;-7,76008229;-34,93602681;SPRF-PE;DEL01-PE;UOP02-DEL01-PE;;;
673643;14/04/2025;segunda-feira;08:00:00;PI;343;10;PARNAIBA;Acessar a via sem observar a presen�a dos outros ve�culos;Colis�o transversal;Com V�timas Feridas;Pleno dia;Decrescente;C�u Claro;Simples;Reta;Sim;2;0;1;0;1;0;1;2;-2,90189799;-41,74007893;SPRF-PI;DEL05-PI;UOP01-DEL05-PI;;;
673645;14/04/2025;segunda-feira;11:20:00;ES;101;145;LINHARES;Aus�ncia de rea��o do condutor;Tombamento;Com V�timas Feridas;Pleno dia;Decrescente;C�u Claro;M�ltipla;"Reta;Aclive";Sim;2;0;1;0;1;0;1;2;-19,36091731;-40,06446409;SPRF-ES;DEL04-ES;UOP01-DEL04-ES;;;
673646;14/04/2025;segunda-feira;11:10:00;BA;101;447;AURELINO LEAL;Velocidade Incompat�vel;Sa�da de leito carro��vel;Com V�timas Feridas;Pleno dia;Decrescente;C�u Claro;Simples;"Declive;Curva";N�o;1;0;1;0;0;0;1;1;-14,3353003;-39,31715012;SPRF-BA;DEL05-BA;UOP01-DEL05-BA;;;
673649;14/04/2025;segunda-feira;10:20:00;PB;230;43;SANTA RITA;Aus�ncia de rea��o do condutor;Sa�da de leito carro��vel;Com V�timas Feridas;Pleno dia;Decrescente;C�u Claro;Dupla;Reta;N�o;1;0;1;0;0;0;1;1;-7,1512316;-35,00721389;SPRF-PB;DEL01-PB;UOP02-DEL01-PB;;;
673650;14/04/2025;segunda-feira;12:05:00;PI;343;7;PARNAIBA;Pedestre andava na pista;Atropelamento de Pedestre;Com V�timas Feridas;Plena Noite;Crescente;Sol;Simples;"Reta;Interse��o de Vias";Sim;2;0;2;0;0;0;2;2;-2,898204;-41,715778;SPRF-PI;DEL05-PI;UOP01-DEL05-PI;;;
673651;14/04/2025;segunda-feira;07:40:00;AL;101;66,8;MESSIAS;Pedestre andava na pista;Atropelamento de Pedestre;Com V�timas Feridas;Pleno dia;Decrescente;Sol;Dupla;Curva;N�o;2;0;0;2;0;0;2;2;-9,341042;-35,830997;SPRF-AL;DEL01-AL;UOP02-DEL01-AL;;;
673653;14/04/2025;segunda-feira;11:50:00;PR;369;158;CAMBE;Condutor deixou de manter dist�ncia do ve�culo da frente;Colis�o traseira;Com V�timas Feridas;Pleno dia;Decrescente;C�u Claro;Dupla;"Interse��o de Vias;Reta;Declive";Sim;2;0;1;1;0;0;2;2;-23,285012;-51,240099;SPRF-PR;DEL07-PR;UOP01-DEL07-PR;;;
673655;01/03/2025;s�bado;11:10:00;PA;163;248;NOVO PROGRESSO;Rea��o tardia ou ineficiente do condutor;Tombamento;Com V�timas Feridas;Pleno dia;Crescente;C�u Claro;Simples;"Reta;Aclive";N�o;1;0;1;0;0;0;1;1;-7,4855412;-55,2720866;SPRF-PA;DEL05-PA;UOP03-DEL05-PA;;;
673657;14/04/2025;segunda-feira;11:50:00;MG;381;727,2;CARMO DA CACHOEIRA;Aus�ncia de rea��o do condutor;Colis�o com objeto;Com V�timas Feridas;Pleno dia;Decrescente;Nublado;Dupla;Reta;N�o;1;0;1;0;0;0;1;1;-21,48198981;-45,20287505;SPRF-MG;DEL04-MG;UOP02-DEL04-MG;;;
673658;14/04/2025;segunda-feira;11:00:00;MG;40;618,5;CONGONHAS;Condutor deixou de manter dist�ncia do ve�culo da frente;Colis�o traseira;Sem V�timas;Pleno dia;Decrescente;Chuva;Simples;Reta;N�o;2;0;0;0;2;0;0;2;-20,572486;-43,812311;SPRF-MG;DEL05-MG;UOP02-DEL05-MG;;;
673659;14/04/2025;segunda-feira;12:00:00;MG;40;697;BARBACENA;Rea��o tardia ou ineficiente do condutor;Sa�da de leito carro��vel;Com V�timas Feridas;Pleno dia;Crescente;Nublado;Dupla;Curva;N�o;2;0;2;0;0;0;2;1;-21,17988047;-43,7563097;SPRF-MG;DEL05-MG;UOP02-DEL05-MG;;;
673661;14/04/2025;segunda-feira;11:55:00;RS;158;333;SANTA MARIA;Rea��o tardia ou ineficiente do condutor;Colis�o traseira;Com V�timas Feridas;Pleno dia;Crescente;C�u Claro;Simples;"Interse��o de Vias;Rotat�ria";Sim;2;0;1;0;1;0;1;2;-29,706916;-53,852343;SPRF-RS;DEL09-RS;UOP01-DEL09-RS;;;
673662;14/04/2025;segunda-feira;13:15:00;PE;428;187;PETROLINA;Condutor deixou de manter dist�ncia do ve�culo da frente;Colis�o traseira;Com V�timas Feridas;Pleno dia;Crescente;C�u Claro;M�ltipla;"Interse��o de Vias;Rotat�ria";Sim;2;0;1;0;1;0;1;2;-9,37435;-40,488363;SPRF-PE;DEL06-PE;UOP01-DEL06-PE;;;
673663;14/04/2025;segunda-feira;11:15:00;MG;116;526,2;CARATINGA;Condutor deixou de manter dist�ncia do ve�culo da frente;Colis�o traseira;Com V�timas Feridas;Pleno dia;Crescente;Nublado;Simples;Reta;Sim;2;0;1;0;0;1;1;2;-19,78284;-42,133643;SPRF-MG;DEL06-MG;UOP02-DEL06-MG;;;
673665;10/04/2025;quinta-feira;05:00:00;RS;386;193,4;SANTO ANTONIO DO PLANALTO;Aus�ncia de rea��o do condutor;Sa�da de leito carro��vel;Com V�timas Feridas;Amanhecer;Decrescente;C�u Claro;Simples;Reta;N�o;1;0;1;0;0;0;1;1;-28,407308;-52,684844;SPRF-RS;DEL08-RS;UOP01-DEL08-RS;;;
673666;14/04/2025;segunda-feira;12:00:00;SE;235;5;NOSSA SENHORA DO SOCORRO;Ingest�o de �lcool pelo condutor;Colis�o com objeto;Sem V�timas;Pleno dia;Crescente;C�u Claro;Simples;Reta;N�o;1;0;0;0;1;0;0;1;-10,854413;-37,189228;SPRF-SE;DEL01-SE;UOP01-DEL01-SE;;;
673668;14/04/2025;segunda-feira;11:53:00;AC;364;131;RIO BRANCO;Condutor deixou de manter dist�ncia do ve�culo da frente;Colis�o traseira;Com V�timas Feridas;Pleno dia;Decrescente;C�u Claro;Simples;Reta;Sim;2;0;0;1;1;0;1;2;-10,0151101;-67,84099337;SPRF-AC;DEL01-AC;UOP01-DEL01-AC;;;
673671;14/04/2025;segunda-feira;08:00:00;PI;135;311,7;CRISTINO CASTRO;Demais falhas na via;Sa�da de leito carro��vel;Com V�timas Fatais;Pleno dia;Crescente;C�u Claro;Simples;"Declive;Reta";N�o;2;2;0;0;0;0;0;1;-8,78026;-44,192978;SPRF-PI;DEL03-PI;UOP02-DEL03-PI;;;
673673;14/04/2025;segunda-feira;13:30:00;PB;104;133;QUEIMADAS;Condutor deixou de manter dist�ncia do ve�culo da frente;Colis�o traseira;Com V�timas Feridas;Pleno dia;Decrescente;C�u Claro;Simples;Reta;N�o;2;0;1;0;1;0;1;2;-7,308345;-35,893533;SPRF-PB;DEL02-PB;UOP03-DEL02-PB;;;
673675;14/04/2025;segunda-feira;12:15:00;RS;285;513,2;VITORIA DAS MISSOES;Aus�ncia de rea��o do condutor;Colis�o traseira;Com V�timas Feridas;Pleno dia;Crescente;C�u Claro;Simples;"Em Obras;Reta";N�o;9;0;1;0;8;0;1;4;-28,403308;-54,405514;SPRF-RS;DEL10-RS;UOP01-DEL10-RS;;;
673676;14/04/2025;segunda-feira;14:40:00;ES;101;300,8;VIANA;Acumulo de areia ou detritos sobre o pavimento;Tombamento;Com V�timas Feridas;Pleno dia;Decrescente;Nublado;Dupla;Curva;Sim;1;0;1;0;0;0;1;1;-20,36291413;-40,4376483;SPRF-ES;DEL01-ES;UOP01-DEL01-ES;;;
673682;14/04/2025;segunda-feira;13:30:00;RJ;101;479;ANGRA DOS REIS;Pista esburacada;Tombamento;Com V�timas Feridas;Pleno dia;Decrescente;Nublado;Simples;Reta;N�o;2;0;2;0;0;0;2;1;-23,01050481;-44,27835703;SPRF-RJ;DEL03-RJ;UOP03-DEL03-RJ;;;
673683;14/04/2025;segunda-feira;14:11:00;PE;101;41,5;IGARASSU;Rea��o tardia ou ineficiente do condutor;Colis�o traseira;Com V�timas Feridas;Pleno dia;Crescente;C�u Claro;Dupla;"Interse��o de Vias;Reta";Sim;2;0;1;0;1;0;1;2;-7,83415383;-34,91330179;SPRF-PE;DEL01-PE;UOP02-DEL01-PE;;;
673684;14/04/2025;segunda-feira;14:40:00;SP;381;87;SAO PAULO;Aus�ncia de rea��o do condutor;Capotamento;Com V�timas Feridas;Pleno dia;Decrescente;Nublado;M�ltipla;Curva;Sim;1;0;1;0;0;0;1;1;-23,47261598;-46,56289637;SPRF-SP;DEL03-SP;UOP01-DEL03-SP;;;
673686;14/04/2025;segunda-feira;13:13:00;AC;364;124;RIO BRANCO;Rea��o tardia ou ineficiente do condutor;Colis�o traseira;Com V�timas Feridas;Pleno dia;Decrescente;C�u Claro;Dupla;Reta;N�o;2;0;1;0;1;0;1;2;-10,0117492;-67,7854836;SPRF-AC;DEL01-AC;UOP01-DEL01-AC;;;
673690;14/04/2025;segunda-feira;16:00:00;SC;101;118,9;ITAJAI;Acumulo de areia ou detritos sobre o pavimento;Tombamento;Com V�timas Feridas;Pleno dia;Decrescente;Nublado;Dupla;Reta;Sim;1;0;1;0;0;0;1;1;-26,9111862;-48,7119537;SPRF-SC;DEL04-SC;UOP04-DEL04-SC;;;
673691;14/04/2025;segunda-feira;14:10:00;RO;364;409;JARU;Objeto est�tico sobre o leito carro��vel;Colis�o com objeto;Com V�timas Feridas;Pleno dia;Crescente;C�u Claro;Simples;Reta;N�o;1;0;1;0;0;0;1;1;-10,52909398;-62,39633929;SPRF-RO;DEL03-RO;UOP02-DEL03-RO;;;
673692;14/04/2025;segunda-feira;15:30:00;RJ;116;308;RESENDE;Rea��o tardia ou ineficiente do condutor;Capotamento;Com V�timas Feridas;Pleno dia;Decrescente;C�u Claro;Dupla;Reta;N�o;1;0;1;0;0;0;1;1;-22,45668214;-44,40243199;SPRF-RJ;DEL07-RJ;UOP02-DEL07-RJ;;;
673693;14/04/2025;segunda-feira;16:00:00;MG;381;791;CAMPANHA;Velocidade Incompat�vel;Colis�o com objeto;Com V�timas Feridas;Pleno dia;Decrescente;C�u Claro;Dupla;Curva;N�o;1;0;1;0;0;0;1;1;-21,75041192;-45,38949966;SPRF-MG;DEL16-MG;UOP02-DEL16-MG;;;
673694;14/04/2025;segunda-feira;15:49:00;PB;230;20;JOAO PESSOA;Trafegar com motocicleta (ou similar) entre as faixas;Colis�o lateral mesmo sentido;Com V�timas Feridas;Pleno dia;Decrescente;C�u Claro;Dupla;Reta;Sim;2;0;1;0;1;0;1;2;-7,14157598;-34,85149618;SPRF-PB;DEL01-PB;UOP01-DEL01-PB;;;
673697;14/04/2025;segunda-feira;16:15:00;ES;101;254;SERRA;Aus�ncia de rea��o do condutor;Colis�o traseira;Com V�timas Feridas;Pleno dia;Decrescente;C�u Claro;Simples;"Em Obras;Reta";Sim;2;0;1;0;1;0;1;2;-20,11139198;-40,327034;SPRF-ES;DEL02-ES;UOP01-DEL02-ES;;;
673698;14/04/2025;segunda-feira;15:45:00;PR;369;172;ROLANDIA;Acessar a via sem observar a presen�a dos outros ve�culos;Colis�o transversal;Com V�timas Feridas;Pleno dia;Crescente;Sol;Simples;Interse��o de Vias;Sim;2;0;1;0;1;0;1;2;-23,30859071;-51,36771072;SPRF-PR;DEL07-PR;UOP01-DEL07-PR;;;
673699;14/04/2025;segunda-feira;13:20:00;PI;343;466;ANGICAL DO PIAUI;Aus�ncia de rea��o do condutor;Colis�o traseira;Com V�timas Feridas;Pleno dia;Crescente;Sol;Simples;Reta;N�o;2;0;0;1;0;1;1;2;-6,041342;-42,735873;SPRF-PI;DEL01-PI;UOP02-DEL01-PI;;;
673701;14/04/2025;segunda-feira;13:00:00;AP;156;426;TARTARUGALZINHO;Aus�ncia de rea��o do condutor;Sa�da de leito carro��vel;Com V�timas Feridas;Pleno dia;Crescente;Chuva;Simples;Curva;N�o;1;0;1;0;0;0;1;1;1,520393;-50,91764017;SPRF-AP;DEL01-AP;UOP02-DEL01-AP;;;
673703;14/04/2025;segunda-feira;16:40:00;SC;101;118,9;ITAJAI;Acumulo de areia ou detritos sobre o pavimento;Tombamento;Com V�timas Feridas;Pleno dia;Decrescente;Nublado;Dupla;Reta;N�o;1;0;1;0;0;0;1;1;-26,89717623;-48,71835709;SPRF-SC;DEL04-SC;UOP04-DEL04-SC;;;
673705;14/04/2025;segunda-feira;16:40:00;SC;101;118,9;ITAJAI;Acumulo de areia ou detritos sobre o pavimento;Tombamento;Com V�timas Feridas;Pleno dia;Decrescente;Nublado;Dupla;Reta;Sim;1;0;1;0;0;0;1;1;-26,9111862;-48,7119537;SPRF-SC;DEL04-SC;UOP04-DEL04-SC;;;
673708;14/04/2025;segunda-feira;16:40:00;CE;116;10,9;FORTALEZA;Aus�ncia de rea��o do condutor;Engavetamento;Com V�timas Feridas;Pleno dia;Crescente;C�u Claro;M�ltipla;Reta;Sim;4;0;1;0;3;0;1;4;-3,843446;-38,499081;SPRF-CE;DEL01-CE;UOP02-DEL01-CE;;;
673711;14/04/2025;segunda-feira;17:40:00;RN;110;46;MOSSORO;Condutor deixou de manter dist�ncia do ve�culo da frente;Colis�o lateral mesmo sentido;Com V�timas Feridas;Plena Noite;Crescente;C�u Claro;Simples;Reta;Sim;2;0;1;0;1;0;1;2;-5,3028719;-37,2810466;SPRF-RN;DEL04-RN;UOP01-DEL04-RN;;;
673715;14/04/2025;segunda-feira;17:45:00;CE;116;7,6;FORTALEZA;Condutor deixou de manter dist�ncia do ve�culo da frente;Colis�o traseira;Com V�timas Feridas;Anoitecer;Crescente;C�u Claro;M�ltipla;Reta;Sim;3;0;1;0;2;0;1;2;-3,815823;-38,501749;SPRF-CE;DEL01-CE;UOP02-DEL01-CE;;;
673717;14/04/2025;segunda-feira;17:45:00;PE;408;93;SAO LOURENCO DA MATA;Manobra de mudan�a de faixa;Colis�o lateral mesmo sentido;Com V�timas Feridas;Plena Noite;Crescente;C�u Claro;Dupla;"Reta;Interse��o de Vias";N�o;3;0;2;0;1;0;2;2;-8,043935;-35,014768;SPRF-PE;DEL01-PE;UOP01-DEL01-PE;;;
673718;14/04/2025;segunda-feira;18:17:00;PB;230;20;JOAO PESSOA;Manobra de mudan�a de faixa;Colis�o lateral mesmo sentido;Com V�timas Feridas;Plena Noite;Crescente;C�u Claro;Dupla;Reta;Sim;2;0;1;0;1;0;1;2;-7,13894;-34,85266;SPRF-PB;DEL01-PB;UOP01-DEL01-PB;;;
673719;14/04/2025;segunda-feira;17:50:00;BA;110;174;RIBEIRA DO POMBAL;Ingest�o de �lcool pelo condutor;Colis�o traseira;Com V�timas Feridas;Plena Noite;Crescente;C�u Claro;Simples;Reta;Sim;3;0;1;0;2;0;1;2;-10,83157781;-38,53201389;SPRF-BA;DEL07-BA;UOP02-DEL07-BA;;;
673724;14/04/2025;segunda-feira;19:00:00;RS;116;264;CANOAS;Condutor deixou de manter dist�ncia do ve�culo da frente;Colis�o traseira;Com V�timas Feridas;Plena Noite;Decrescente;Nublado;M�ltipla;Reta;N�o;2;0;1;0;1;0;1;2;-29,91785654;-51,17783546;SPRF-RS;DEL01-RS;UOP01-DEL01-RS;;;
673726;14/04/2025;segunda-feira;11:00:00;PE;316;240;BELEM DE SAO FRANCISCO;Acessar a via sem observar a presen�a dos outros ve�culos;Colis�o transversal;Com V�timas Feridas;Pleno dia;Crescente;C�u Claro;Simples;Reta;N�o;3;0;0;2;1;0;2;2;-8,63817;-39,048777;SPRF-PE;DEL05-PE;UOP03-DEL05-PE;;;
673727;14/04/2025;segunda-feira;18:30:00;MS;163;835;SONORA;Animais na Pista;Atropelamento de Animal;Com V�timas Feridas;Plena Noite;Crescente;C�u Claro;Simples;Reta;N�o;1;0;1;0;0;0;1;1;-17,95235386;-54,68098551;SPRF-MS;DEL06-MS;UOP01-DEL06-MS;;;
673728;14/04/2025;segunda-feira;18:11:00;BA;101;106;ALAGOINHAS;Convers�o proibida;Colis�o transversal;Com V�timas Feridas;Plena Noite;Crescente;C�u Claro;Simples;Reta;Sim;2;0;0;1;1;0;1;2;-12,05476559;-38,31035614;SPRF-BA;DEL01-BA;UOP04-DEL01-BA;;;
673729;14/04/2025;segunda-feira;17:30:00;PR;369;158,6;CAMBE;Transitar no Acostamento;Colis�o traseira;Com V�timas Feridas;Pleno dia;Crescente;C�u Claro;Dupla;"Em Obras;Reta";Sim;2;0;1;0;1;0;1;2;-23,284443;-51,242056;SPRF-PR;DEL07-PR;UOP01-DEL07-PR;;;
673732;14/04/2025;segunda-feira;19:00:00;SE;235;0,6;ARACAJU;Pedestre cruzava a pista fora da faixa;Atropelamento de Pedestre;Com V�timas Feridas;Plena Noite;Crescente;Nublado;M�ltipla;Reta;Sim;2;0;0;1;1;0;1;2;-10,90917;-37,08145;SPRF-SE;DEL01-SE;UOP01-DEL01-SE;;;
673735;14/04/2025;segunda-feira;19:30:00;PR;277;723;FOZ DO IGUACU;Aus�ncia de rea��o do condutor;Colis�o traseira;Com V�timas Feridas;Plena Noite;Decrescente;C�u Claro;Dupla;Reta;Sim;4;0;1;1;2;0;2;4;-25,49924474;-54,53088457;SPRF-PR;DEL05-PR;UOP03-DEL05-PR;;;
673736;14/04/2025;segunda-feira;19:50:00;SC;282;1;FLORIANOPOLIS;Manobra de mudan�a de faixa;Colis�o lateral mesmo sentido;Com V�timas Feridas;Plena Noite;Crescente;C�u Claro;Dupla;Reta;Sim;2;0;1;0;1;0;1;2;-27,603339;-48,586627;SPRF-SC;DEL01-SC;UOP01-DEL01-SC;;;
673738;14/04/2025;segunda-feira;19:45:00;SP;116;219;GUARULHOS;Rea��o tardia ou ineficiente do condutor;Colis�o traseira;Com V�timas Feridas;Plena Noite;Decrescente;Vento;M�ltipla;Reta;Sim;2;0;1;0;1;0;1;2;-23,42347276;-46,48765945;SPRF-SP;DEL01-SP;UOP01-DEL01-SP;;;
673739;14/04/2025;segunda-feira;17:10:00;RJ;40;82;PETROPOLIS;Acumulo de �leo sobre o pavimento;Tombamento;Com V�timas Feridas;Plena Noite;Decrescente;Nublado;Dupla;"Aclive;Interse��o de Vias;Curva";Sim;2;0;1;0;1;0;1;1;-22,53377981;-43,21962291;SPRF-RJ;DEL01-RJ;UOP01-DEL01-RJ;;;
673741;14/04/2025;segunda-feira;20:00:00;SP;381;59;MAIRIPORA;Objeto est�tico sobre o leito carro��vel;Queda de ocupante de ve�culo;Com V�timas Feridas;Plena Noite;Decrescente;C�u Claro;M�ltipla;Curva;Sim;1;0;1;0;0;0;1;1;-23,29537036;-46,57250977;SPRF-SP;DEL03-SP;UOP01-DEL03-SP;;;
673742;14/04/2025;segunda-feira;19:00:00;RJ;101;486;ANGRA DOS REIS;Pedestre - Ingest�o de �lcool/ subst�ncias psicoativas;Atropelamento de Pedestre;Com V�timas Feridas;Plena Noite;Decrescente;C�u Claro;Simples;Reta;Sim;2;0;1;0;1;0;1;2;-22,9900288;-44,2433536;SPRF-RJ;DEL03-RJ;UOP03-DEL03-RJ;;;
673743;14/04/2025;segunda-feira;19:45:00;MS;163;835;SONORA;Objeto est�tico sobre o leito carro��vel;Sa�da de leito carro��vel;Com V�timas Feridas;Plena Noite;Crescente;C�u Claro;Simples;Reta;N�o;1;0;1;0;0;0;1;1;-17,66895951;-54,74759012;SPRF-MS;DEL06-MS;UOP01-DEL06-MS;;;
673746;14/04/2025;segunda-feira;18:35:00;PR;116;125;FAZENDA RIO GRANDE;Trafegar com motocicleta (ou similar) entre as faixas;Queda de ocupante de ve�culo;Com V�timas Feridas;Plena Noite;Crescente;Nublado;Dupla;Reta;Sim;2;0;2;0;0;0;2;1;-25,63879877;-49,31309938;SPRF-PR;DEL01-PR;UOP03-DEL01-PR;;;
673747;14/04/2025;segunda-feira;19:00:00;RO;364;517;ARIQUEMES;Pista esburacada;Queda de ocupante de ve�culo;Com V�timas Feridas;Plena Noite;Crescente;Nublado;Simples;Reta;Sim;1;0;1;0;0;0;1;1;-9,90639933;-63,05577094;SPRF-RO;DEL03-RO;UOP01-DEL03-RO;;;
673748;14/04/2025;segunda-feira;20:25:00;RS;158;566,4;SANTANA DO LIVRAMENTO;Rea��o tardia ou ineficiente do condutor;Sa�da de leito carro��vel;Com V�timas Feridas;Plena Noite;Crescente;C�u Claro;Simples;"Rotat�ria;Reta";Sim;2;0;0;2;0;0;2;1;-30,88196975;-55,50907731;SPRF-RS;DEL11-RS;UOP01-DEL11-RS;;;
673749;14/04/2025;segunda-feira;21:55:00;PI;343;8;PARNAIBA;Acessar a via sem observar a presen�a dos outros ve�culos;Colis�o transversal;Com V�timas Feridas;Plena Noite;Crescente;C�u Claro;Simples;Reta;Sim;2;0;1;0;1;0;1;2;-2,89941098;-41,72358155;SPRF-PI;DEL05-PI;UOP01-DEL05-PI;;;
673750;14/04/2025;segunda-feira;20:00:00;PI;343;266,1;CAMPO MAIOR;Acessar a via sem observar a presen�a dos outros ve�culos;Colis�o transversal;Com V�timas Feridas;Plena Noite;Decrescente;C�u Claro;Simples;Reta;Sim;3;0;0;2;1;0;2;2;-4,84039477;-42,17432376;SPRF-PI;DEL01-PI;UOP03-DEL01-PI;;;
673753;14/04/2025;segunda-feira;21:30:00;SC;101;166;TIJUCAS;Rea��o tardia ou ineficiente do condutor;Colis�o traseira;Com V�timas Feridas;Plena Noite;Decrescente;C�u Claro;Dupla;Reta;Sim;2;0;1;0;1;0;1;2;-27,26135257;-48,63157857;SPRF-SC;DEL04-SC;UOP03-DEL04-SC;;;
673763;15/04/2025;ter�a-feira;00:30:00;RJ;493;18;GUAPIMIRIM;Acessar a via sem observar a presen�a dos outros ve�culos;Tombamento;Com V�timas Feridas;Plena Noite;Decrescente;Nublado;Simples;"Em Obras;Reta";Sim;3;0;0;2;0;1;2;2;-22,66777887;-43,0251646;SPRF-RJ;DEL04-RJ;UOP02-DEL04-RJ;;;
673767;15/04/2025;ter�a-feira;05:30:00;PI;343;328;TERESINA;Transitar na contram�o;Colis�o frontal;Com V�timas Fatais;Amanhecer;Decrescente;Ignorado;Simples;Reta;N�o;3;2;0;1;0;0;1;2;-5,064849;-42,641753;SPRF-PI;DEL01-PI;UOP01-DEL01-PI;;;
673768;14/04/2025;segunda-feira;21:00:00;MG;40;669,6;CARANDAI;Chuva;Sa�da de leito carro��vel;Com V�timas Feridas;Plena Noite;Decrescente;Chuva;Simples;Reta;N�o;1;0;1;0;0;0;1;1;-20,968106;-43,785863;SPRF-MG;DEL05-MG;UOP02-DEL05-MG;;;
673769;15/04/2025;ter�a-feira;05:15:00;GO;50;272;CATALAO;Animais na Pista;Atropelamento de Animal;Com V�timas Feridas;Pleno dia;Crescente;C�u Claro;Dupla;Reta;Sim;2;0;1;0;1;0;1;1;-18,124577;-47,900672;SPRF-GO;DEL06-GO;UOP01-DEL06-GO;;;
673770;15/04/2025;ter�a-feira;05:20:00;SP;116;215;GUARULHOS;Aus�ncia de rea��o do condutor;Tombamento;Com V�timas Feridas;Pleno dia;Crescente;Nublado;M�ltipla;Reta;Sim;1;0;1;0;0;0;1;1;-23,44928254;-46,46017103;SPRF-SP;DEL01-SP;UOP01-DEL01-SP;;;
673771;14/04/2025;segunda-feira;19:55:00;PE;407;118;PETROLINA;Aus�ncia de rea��o do condutor;Colis�o traseira;Sem V�timas;Plena Noite;Crescente;C�u Claro;Simples;Interse��o de Vias;N�o;2;0;0;0;2;0;0;2;-9,33014;-40,564498;SPRF-PE;DEL06-PE;UOP01-DEL06-PE;;;
673772;15/04/2025;ter�a-feira;06:45:00;PB;101;116,8;CAAPORA;Acumulo de areia ou detritos sobre o pavimento;Tombamento;Com V�timas Feridas;Pleno dia;Crescente;C�u Claro;Dupla;"Declive;Retorno Regulamentado";N�o;1;0;0;1;0;0;1;1;-7,4121233;-34,95634;SPRF-PB;DEL01-PB;UOP01-DEL01-PB;;;
673773;15/04/2025;ter�a-feira;06:45:00;SP;116;218;GUARULHOS;Manobra de mudan�a de faixa;Colis�o lateral mesmo sentido;Com V�timas Feridas;Pleno dia;Crescente;Nublado;M�ltipla;"Reta;Em Obras";Sim;3;0;1;0;2;0;1;2;-23,46236784;-46,493011;SPRF-SP;DEL01-SP;UOP01-DEL01-SP;;;
673774;15/04/2025;ter�a-feira;06:47:00;PR;277;5,1;PARANAGUA;Acessar a via sem observar a presen�a dos outros ve�culos;Colis�o lateral mesmo sentido;Com V�timas Feridas;Amanhecer;Decrescente;Sol;Dupla;"Aclive;Viaduto";Sim;2;0;1;0;0;1;1;2;-25,55728478;-48,56669242;SPRF-PR;DEL01-PR;UOP05-DEL01-PR;;;
673776;15/04/2025;ter�a-feira;07:15:00;RN;101;75;NATAL;Acessar a via sem observar a presen�a dos outros ve�culos;Colis�o transversal;Com V�timas Feridas;Pleno dia;Decrescente;C�u Claro;Simples;Curva;N�o;3;0;1;0;2;0;1;2;-5,722442;-35,277303;SPRF-RN;DEL02-RN;UOP01-DEL02-RN;;;
673777;15/04/2025;ter�a-feira;07:45:00;ES;101;142,9;LINHARES;Acessar a via sem observar a presen�a dos outros ve�culos;Colis�o transversal;Com V�timas Feridas;Pleno dia;Decrescente;C�u Claro;Dupla;Reta;Sim;2;0;2;0;0;0;2;2;-19,34291313;-40,06376982;SPRF-ES;DEL04-ES;UOP01-DEL04-ES;;;
673778;11/04/2025;sexta-feira;20:00:00;BA;110;57;JEREMOABO;Chuva;Sa�da de leito carro��vel;Com V�timas Feridas;Plena Noite;Decrescente;Chuva;Simples;Curva;N�o;1;0;1;0;0;0;1;1;-9,98913833;-38,31207275;SPRF-BA;DEL07-BA;UOP01-DEL07-BA;;;