id;data_inversa;dia_semana;horario;uf;br;km;municipio;causa_acidente;tipo_acidente;classificacao_acidente;fase_dia;sentido_via;condicao_metereologica;tipo_pista;tracado_via;uso_solo;pessoas;mortos;feridos_leves;feridos_graves;ilesos;ignorados;feridos;veiculos;latitude;longitude;regional;delegacia;uop;;;
673779;15/04/2025;ter�a-feira;06:30:00;MG;262;34,1;MANHUACU;Desrespeitar a prefer�ncia no cruzamento;Colis�o transversal;Com V�timas Feridas;Pleno dia;Crescente;C�u Claro;Simples;Reta;Sim;2;0;1;0;1;0;1;2;-20,257869;-42,025542;SPRF-MG;DEL06-MG;UOP03-DEL06-MG;;;
673783;14/04/2025;segunda-feira;19:50:00;GO;20;182;SIMOLANDIA;Aus�ncia de rea��o do condutor;Sa�da de leito carro��vel;Sem V�timas;Plena Noite;Decrescente;Garoa/Chuvisco;Dupla;Reta;Sim;1;0;0;0;1;0;0;1;-14,464;-46,481;SPRF-DF;DEL02-DF;UOP03-DEL02-DF;;;
673784;15/04/2025;ter�a-feira;07:40:00;MG;381;494;BETIM;Aus�ncia de rea��o do condutor;Colis�o traseira;Com V�timas Feridas;Pleno dia;Decrescente;C�u Claro;Dupla;Reta;N�o;2;0;1;0;1;0;1;2;-19,97478521;-44,18682396;SPRF-MG;DEL01-MG;UOP03-DEL01-MG;;;
673785;15/04/2025;ter�a-feira;07:40:00;DF;40;3;BRASILIA;Trafegar com motocicleta (ou similar) entre as faixas;Colis�o lateral mesmo sentido;Com V�timas Feridas;Pleno dia;Crescente;C�u Claro;Dupla;Reta;Sim;2;0;2;0;0;0;2;2;-16,007627;-47,983077;SPRF-DF;DEL01-DF;UOP01-DEL01-DF;;;
673786;15/04/2025;ter�a-feira;08:00:00;RJ;101;82;CAMPOS DOS GOYTACAZES;Animais na Pista;Atropelamento de Animal;Com V�timas Feridas;Pleno dia;Crescente;C�u Claro;Simples;Curva;Sim;1;0;1;0;0;0;1;1;-21,83696187;-41,42669678;SPRF-RJ;DEL08-RJ;UOP02-DEL08-RJ;;;
673787;15/04/2025;ter�a-feira;07:48:00;RN;101;96;NATAL;Manobra de mudan�a de faixa;Colis�o lateral mesmo sentido;Com V�timas Feridas;Pleno dia;Crescente;C�u Claro;Dupla;Reta;Sim;3;0;2;0;1;0;2;2;-5,85267;-35,21067;SPRF-RN;DEL01-RN;UOP01-DEL01-RN;;;
673788;15/04/2025;ter�a-feira;08:10:00;RS;290;2;PORTO ALEGRE;Rea��o tardia ou ineficiente do condutor;Colis�o com objeto;Com V�timas Feridas;Pleno dia;Crescente;C�u Claro;Dupla;"Reta;Declive";N�o;1;0;1;0;0;0;1;1;-29,99054914;-51,22641563;SPRF-RS;DEL01-RS;UOP01-DEL01-RS;;;
673789;15/04/2025;ter�a-feira;07:05:00;GO;60;174;ABADIA DE GOIAS;Rea��o tardia ou ineficiente do condutor;Sa�da de leito carro��vel;Com V�timas Feridas;Pleno dia;Decrescente;Nublado;Dupla;"Declive;Reta";N�o;2;0;0;2;0;0;2;1;-16,74537276;-49,42028046;SPRF-GO;DEL01-GO;UOP02-DEL01-GO;;;
673791;15/04/2025;ter�a-feira;07:05:00;MS;463;2;DOURADOS;Acessar a via sem observar a presen�a dos outros ve�culos;Colis�o transversal;Com V�timas Feridas;Pleno dia;Decrescente;C�u Claro;Simples;Reta;Sim;2;0;1;0;1;0;1;2;-22,25915728;-54,81790239;SPRF-MS;DEL04-MS;UOP01-DEL04-MS;;;
673792;15/04/2025;ter�a-feira;08:20:00;SC;101;205;SAO JOSE;Rea��o tardia ou ineficiente do condutor;Tombamento;Com V�timas Feridas;Pleno dia;Crescente;C�u Claro;Simples;Curva;Sim;1;0;1;0;0;0;1;1;-27,58708;-48,61702;SPRF-SC;DEL01-SC;UOP01-DEL01-SC;;;
673793;26/03/2025;quarta-feira;20:15:00;SC;101;134;BALNEARIO CAMBORIU;Acessar a via sem observar a presen�a dos outros ve�culos;Colis�o transversal;Com V�timas Feridas;Plena Noite;Crescente;Ignorado;Dupla;Reta;Sim;2;0;0;1;1;0;1;2;-27,00372508;-48,63217235;SPRF-SC;DEL04-SC;UOP03-DEL04-SC;;;
673797;15/04/2025;ter�a-feira;08:50:00;ES;101;296;CARIACICA;Convers�o proibida;Colis�o lateral mesmo sentido;Com V�timas Feridas;Pleno dia;Crescente;C�u Claro;Dupla;Curva;N�o;3;0;2;0;1;0;2;2;-20,34352039;-40,40486097;SPRF-ES;DEL01-ES;UOP01-DEL01-ES;;;
673799;15/04/2025;ter�a-feira;08:00:00;DF;20;6;BRASILIA;Manobra de mudan�a de faixa;Colis�o traseira;Com V�timas Feridas;Pleno dia;Decrescente;Chuva;Dupla;"Declive;Reta";Sim;2;0;1;0;1;0;1;2;-15,66343273;-47,80363798;SPRF-DF;DEL02-DF;UOP01-DEL02-DF;;;
673802;15/04/2025;ter�a-feira;07:47:00;CE;304;50;ARACATI;Aus�ncia de rea��o do condutor;Colis�o transversal;Com V�timas Feridas;Pleno dia;Crescente;C�u Claro;Simples;Curva;Sim;2;0;1;0;1;0;1;2;-4,57462235;-37,76472683;SPRF-CE;DEL03-CE;UOP02-DEL03-CE;;;
673806;15/04/2025;ter�a-feira;09:40:00;RS;386;349;LAJEADO;Acumulo de areia ou detritos sobre o pavimento;Tombamento;Com V�timas Feridas;Pleno dia;Crescente;C�u Claro;Dupla;"Viaduto;Interse��o de Vias;Ponte;Reta;Em Obras";N�o;1;0;1;0;0;0;1;1;-29,4670959;-51,95477301;SPRF-RS;DEL04-RS;UOP01-DEL04-RS;;;
673807;15/04/2025;ter�a-feira;09:25:00;MG;116;586,2;MANHUACU;Transitar na contram�o;Colis�o lateral mesmo sentido;Com V�timas Feridas;Pleno dia;Decrescente;C�u Claro;Simples;Reta;N�o;2;0;0;1;1;0;1;2;-20,2504843;-42,1473807;SPRF-MG;DEL06-MG;UOP03-DEL06-MG;;;
673808;15/04/2025;ter�a-feira;09:49:00;TO;153;506;PARAISO DO TOCANTINS;Demais falhas mec�nicas ou el�tricas;Inc�ndio;Sem V�timas;Pleno dia;Crescente;C�u Claro;Simples;Reta;N�o;3;0;0;0;3;0;0;1;-10,254206;-48,879;SPRF-TO;DEL01-TO;UOP01-DEL01-TO;;;
673809;15/04/2025;ter�a-feira;09:20:00;RJ;116;186;NOVA IGUACU;Manobra de mudan�a de faixa;Colis�o lateral mesmo sentido;Com V�timas Feridas;Pleno dia;Decrescente;C�u Claro;Dupla;Reta;Sim;2;0;1;0;0;1;1;2;-22,74052148;-43,4621568;SPRF-RJ;DEL06-RJ;UOP01-DEL06-RJ;;;
673811;15/04/2025;ter�a-feira;10:20:00;BA;324;619;SIMOES FILHO;Manobra de mudan�a de faixa;Colis�o traseira;Com V�timas Feridas;Pleno dia;Crescente;C�u Claro;M�ltipla;Reta;N�o;3;0;1;0;2;0;1;2;-12,7930941;-38,4045224;SPRF-BA;DEL01-BA;UOP01-DEL01-BA;;;
673813;15/04/2025;ter�a-feira;06:50:00;RJ;116;147;DUQUE DE CAXIAS;Frear bruscamente;Engavetamento;Com V�timas Feridas;Pleno dia;Crescente;C�u Claro;Dupla;Reta;Sim;15;0;4;0;9;2;4;12;-22,66891114;-43,27041479;SPRF-RJ;DEL01-RJ;UOP02-DEL01-RJ;;;
673814;15/04/2025;ter�a-feira;10:20:00;SP;116;78,6;ROSEIRA;Rea��o tardia ou ineficiente do condutor;Colis�o traseira;Com V�timas Feridas;Pleno dia;Decrescente;Sol;Dupla;Reta;N�o;4;0;1;0;3;0;1;4;-22,89185635;-45,29129678;SPRF-SP;DEL08-SP;UOP01-DEL08-SP;;;
673816;15/04/2025;ter�a-feira;00:00:00;PA;308;174;TRACUATEUA;Aus�ncia de rea��o do condutor;Eventos at�picos;Com V�timas Fatais;Plena Noite;Crescente;Ignorado;Simples;"Reta;Aclive";N�o;2;1;0;0;0;1;0;2;-1,158736;-46,983585;SPRF-PA;DEL01-PA;UOP03-DEL01-PA;;;
673817;15/04/2025;ter�a-feira;09:45:00;SE;101;59;ROSARIO DO CATETE;Acessar a via sem observar a presen�a dos outros ve�culos;Colis�o transversal;Sem V�timas;Pleno dia;Decrescente;C�u Claro;Simples;Interse��o de Vias;N�o;5;0;0;0;5;0;0;2;-10,65965902;-37,02864647;SPRF-SE;DEL02-SE;UOP02-DEL02-SE;;;
673818;15/04/2025;ter�a-feira;10:35:00;GO;153;505,1;APARECIDA DE GOIANIA;Condutor deixou de manter dist�ncia do ve�culo da frente;Colis�o traseira;Com V�timas Feridas;Pleno dia;Decrescente;C�u Claro;M�ltipla;Reta;Sim;2;0;1;0;1;0;1;2;-16,748777;-49,240947;SPRF-GO;DEL01-GO;UOP01-DEL01-GO;;;
673819;15/04/2025;ter�a-feira;08:45:00;PB;230;71,3;SOBRADO;Rea��o tardia ou ineficiente do condutor;Queda de ocupante de ve�culo;Com V�timas Feridas;Pleno dia;Decrescente;C�u Claro;Dupla;Reta;N�o;1;0;1;0;0;0;1;1;-7,190635;-35,245586;SPRF-PB;DEL01-PB;UOP02-DEL01-PB;;;
673820;15/04/2025;ter�a-feira;07:44:00;AC;364;127;RIO BRANCO;Retorno proibido;Colis�o transversal;Com V�timas Feridas;Pleno dia;Crescente;C�u Claro;Simples;Reta;Sim;3;0;1;0;1;1;1;2;-10,022832;-67,817122;SPRF-AC;DEL01-AC;UOP01-DEL01-AC;;;
673822;15/04/2025;ter�a-feira;10:45:00;RJ;101;302;SAO GONCALO;Rea��o tardia ou ineficiente do condutor;Colis�o com objeto;Com V�timas Feridas;Pleno dia;Decrescente;Nublado;Simples;Curva;Sim;1;0;1;0;0;0;1;1;-22,78339389;-42,97627988;SPRF-RJ;DEL02-RJ;UOP02-DEL02-RJ;;;
673823;15/04/2025;ter�a-feira;09:30:00;BA;324;0,3;SALVADOR;Aus�ncia de rea��o do condutor;Colis�o traseira;Com V�timas Feridas;Pleno dia;Crescente;C�u Claro;Dupla;Reta;Sim;5;0;2;0;3;0;2;2;-12,967073;-38,490085;SPRF-BA;DEL01-BA;UOP01-DEL01-BA;;;
673824;15/04/2025;ter�a-feira;10:30:00;SP;116;284;EMBU DAS ARTES;Trafegar com motocicleta (ou similar) entre as faixas;Colis�o lateral mesmo sentido;Com V�timas Feridas;Pleno dia;Decrescente;C�u Claro;Dupla;Reta;Sim;4;0;1;1;2;0;2;4;-23,67366453;-46,85636759;SPRF-SP;DEL04-SP;UOP01-DEL04-SP;;;
673825;15/04/2025;ter�a-feira;10:50:00;SC;101;211,4;PALHOCA;Acessar a via sem observar a presen�a dos outros ve�culos;Colis�o lateral mesmo sentido;Com V�timas Feridas;Pleno dia;Crescente;Sol;M�ltipla;Reta;Sim;2;0;1;0;1;0;1;2;-27,6249165;-48,65420753;SPRF-SC;DEL01-SC;UOP02-DEL01-SC;;;
673826;11/04/2025;sexta-feira;13:00:00;MG;262;567;CORREGO DANTA;Rea��o tardia ou ineficiente do condutor;Colis�o transversal;Com V�timas Feridas;Pleno dia;Crescente;C�u Claro;Simples;Interse��o de Vias;N�o;6;0;0;1;5;0;1;2;-19,736638;-46,014481;SPRF-MG;DEL08-MG;UOP02-DEL08-MG;;;
673828;15/04/2025;ter�a-feira;11:00:00;SC;101;155;PORTO BELO;Demais falhas mec�nicas ou el�tricas;Inc�ndio;Sem V�timas;Pleno dia;Crescente;Nublado;Dupla;Reta;Sim;1;0;0;0;1;0;0;1;-27,16799963;-48,61162478;SPRF-SC;DEL04-SC;UOP03-DEL04-SC;;;
673830;15/04/2025;ter�a-feira;09:09:00;RO;364;343,2;JI-PARANA;Frear bruscamente;Colis�o traseira;Sem V�timas;Pleno dia;Decrescente;C�u Claro;Dupla;Reta;Sim;4;0;0;0;2;2;0;3;-10,877759;-61,946862;SPRF-RO;DEL02-RO;UOP01-DEL02-RO;;;
673831;15/04/2025;ter�a-feira;11:40:00;PR;0;0;GUAIRA;Rea��o tardia ou ineficiente do condutor;Colis�o traseira;Sem V�timas;Pleno dia;N�o Informado;Garoa/Chuvisco;Simples;"Reta;Aclive";Sim;2;0;0;0;2;0;0;2;-24,08284228;-54,24425298;SPRF-PR;DEL06-PR;UOP01-DEL06-PR;;;
673832;15/04/2025;ter�a-feira;11:40:00;ES;101;141;LINHARES;Animais na Pista;Atropelamento de Animal;Com V�timas Feridas;Pleno dia;Decrescente;C�u Claro;M�ltipla;Reta;Sim;1;0;1;0;0;0;1;1;-19,326444;-40,071735;SPRF-ES;DEL04-ES;UOP01-DEL04-ES;;;
673835;15/04/2025;ter�a-feira;12:40:00;BA;324;557;SAO SEBASTIAO DO PASSE;Demais falhas mec�nicas ou el�tricas;Inc�ndio;Sem V�timas;Pleno dia;Decrescente;C�u Claro;Dupla;Reta;N�o;3;0;0;0;3;0;0;1;-12,4746919;-38,6773923;SPRF-BA;DEL01-BA;UOP03-DEL01-BA;;;
673836;12/04/2025;s�bado;01:30:00;SC;282;500,2;XANXERE;Acessar a via sem observar a presen�a dos outros ve�culos;Colis�o transversal;Com V�timas Feridas;Plena Noite;Crescente;Ignorado;Dupla;"Reta;Aclive";N�o;2;0;0;1;1;0;1;2;-26,881212;-52,371966;SPRF-SC;DEL07-SC;UOP01-DEL07-SC;;;
673837;26/02/2025;quarta-feira;07:00:00;PR;116;116,7;CURITIBA;Manobra de mudan�a de faixa;Colis�o traseira;Com V�timas Feridas;Pleno dia;Decrescente;C�u Claro;Dupla;Reta;Sim;2;0;1;0;1;0;1;2;-25,55764304;-49,3063693;SPRF-PR;DEL01-PR;UOP03-DEL01-PR;;;
673838;15/04/2025;ter�a-feira;12:30:00;PE;428;185,6;PETROLINA;Manobra de mudan�a de faixa;Colis�o lateral mesmo sentido;Com V�timas Feridas;Pleno dia;Decrescente;Sol;Dupla;"Retorno Regulamentado;Reta";Sim;2;0;0;2;0;0;2;2;-9,35685869;-40,47878265;SPRF-PE;DEL06-PE;UOP01-DEL06-PE;;;
673839;29/03/2025;s�bado;12:30:00;PR;376;254;CALIFORNIA;Aus�ncia de rea��o do condutor;Colis�o traseira;Com V�timas Feridas;Pleno dia;Crescente;C�u Claro;Dupla;Reta;N�o;3;0;2;0;1;0;2;2;-23,62509647;-51,38112176;SPRF-PR;DEL07-PR;UOP03-DEL07-PR;;;
673840;15/04/2025;ter�a-feira;13:35:00;PR;116;142;MANDIRITUBA;Rea��o tardia ou ineficiente do condutor;Colis�o lateral mesmo sentido;Com V�timas Feridas;Pleno dia;Crescente;Nublado;Dupla;"Rotat�ria;Interse��o de Vias";Sim;2;0;1;0;1;0;1;2;-25,77695095;-49,32436097;SPRF-PR;DEL01-PR;UOP03-DEL01-PR;;;
673841;15/04/2025;ter�a-feira;13:50:00;SC;101;148;ITAPEMA;Manobra de mudan�a de faixa;Colis�o lateral mesmo sentido;Com V�timas Feridas;Pleno dia;Crescente;Nublado;Dupla;Reta;Sim;2;0;1;0;1;0;1;2;-27,10793308;-48,61373836;SPRF-SC;DEL04-SC;UOP03-DEL04-SC;;;
673842;15/04/2025;ter�a-feira;13:15:00;AL;316;189,4;TANQUE DARCA;Manobra de mudan�a de faixa;Colis�o frontal;Com V�timas Feridas;Pleno dia;Crescente;C�u Claro;Simples;Reta;N�o;3;0;0;1;2;0;1;3;-9,57954982;-36,41357303;SPRF-AL;DEL03-AL;UOP01-DEL03-AL;;;
673843;15/04/2025;ter�a-feira;13:10:00;AL;101;82,7;RIO LARGO;Condutor Dormindo;Capotamento;Com V�timas Feridas;Pleno dia;Decrescente;C�u Claro;Dupla;Declive;N�o;1;0;1;0;0;0;1;1;-9,45123999;-35,87038279;SPRF-AL;DEL01-AL;UOP01-DEL01-AL;;;
673846;15/04/2025;ter�a-feira;13:00:00;MG;267;42,8;MARIPA DE MINAS;Velocidade Incompat�vel;Engavetamento;Com V�timas Feridas;Pleno dia;Crescente;C�u Claro;Simples;"Reta;Em Obras";N�o;4;0;2;0;2;0;2;3;-21,68417213;-42,920254;SPRF-MG;DEL07-MG;UOP01-DEL07-MG;;;
673849;15/04/2025;ter�a-feira;14:00:00;RJ;101;331;RIO DE JANEIRO;Aus�ncia de rea��o do condutor;Colis�o traseira;Com V�timas Feridas;Pleno dia;Crescente;C�u Claro;M�ltipla;Reta;Sim;2;0;1;0;1;0;1;2;-22,86921599;-43,19000244;SPRF-RJ;DEL02-RJ;UOP01-DEL02-RJ;;;
673851;08/03/2025;s�bado;19:25:00;PE;424;63;CAETES;Acessar a via sem observar a presen�a dos outros ve�culos;Colis�o frontal;Com V�timas Feridas;Plena Noite;Decrescente;C�u Claro;Simples;"Reta;Interse��o de Vias";N�o;2;0;1;1;0;0;2;2;-8,750557;-36,674987;SPRF-PE;DEL03-PE;UOP01-DEL03-PE;;;
673853;15/04/2025;ter�a-feira;14:00:00;PE;232;34,3;MORENO;Condutor deixou de manter dist�ncia do ve�culo da frente;Colis�o traseira;Com V�timas Feridas;Pleno dia;Crescente;Sol;Dupla;Aclive;Sim;2;0;1;0;1;0;1;2;-8,107953;-35,187;SPRF-PE;DEL01-PE;UOP01-DEL01-PE;;;
673856;15/04/2025;ter�a-feira;15:00:00;PR;376;175,8;MARINGA;Velocidade Incompat�vel;Tombamento;Com V�timas Feridas;Pleno dia;Decrescente;Chuva;M�ltipla;Reta;Sim;2;0;2;0;0;0;2;1;-23,41173898;-51,94194853;SPRF-PR;DEL09-PR;UOP01-DEL09-PR;;;
673857;15/04/2025;ter�a-feira;13:25:00;SC;282;501,3;XANXERE;Acessar a via sem observar a presen�a dos outros ve�culos;Colis�o transversal;Com V�timas Feridas;Pleno dia;Crescente;C�u Claro;Simples;"Interse��o de Vias;Rotat�ria";Sim;2;0;0;1;1;0;1;2;-26,88251158;-52,38144809;SPRF-SC;DEL07-SC;UOP01-DEL07-SC;;;
673858;15/04/2025;ter�a-feira;14:10:00;BA;116;826,8;VITORIA DA CONQUISTA;Acessar a via sem observar a presen�a dos outros ve�culos;Colis�o transversal;Com V�timas Feridas;Pleno dia;Crescente;Nublado;Dupla;Reta;Sim;3;0;2;0;1;0;2;2;-14,8826472;-40,8575052;SPRF-BA;DEL08-BA;UOP01-DEL08-BA;;;
673859;15/04/2025;ter�a-feira;13:20:00;MS;163;615,7;SAO GABRIEL DO OESTE;Desrespeitar a prefer�ncia no cruzamento;Colis�o transversal;Com V�timas Feridas;Pleno dia;Decrescente;C�u Claro;Simples;"Interse��o de Vias;Reta";Sim;2;0;1;0;1;0;1;2;-19,38923503;-54,57158625;SPRF-MS;DEL06-MS;UOP02-DEL06-MS;;;
673860;15/04/2025;ter�a-feira;15:10:00;RJ;116;173;SAO JOAO DE MERITI;Manobra de mudan�a de faixa;Colis�o traseira;Com V�timas Feridas;Pleno dia;Crescente;Nublado;M�ltipla;Reta;Sim;3;0;0;2;1;0;2;2;-22,79609763;-43,36047107;SPRF-RJ;DEL06-RJ;UOP01-DEL06-RJ;;;
673861;15/04/2025;ter�a-feira;15:20:00;RJ;116;172;SAO JOAO DE MERITI;Condutor deixou de manter dist�ncia do ve�culo da frente;Engavetamento;Com V�timas Feridas;Pleno dia;Decrescente;C�u Claro;M�ltipla;Reta;Sim;3;0;1;0;1;1;1;3;-22,7995198;-43,35544998;SPRF-RJ;DEL06-RJ;UOP01-DEL06-RJ;;;
673864;15/04/2025;ter�a-feira;15:10:00;AL;316;269;SATUBA;Acessar a via sem observar a presen�a dos outros ve�culos;Colis�o frontal;Com V�timas Feridas;Pleno dia;Crescente;C�u Claro;Simples;Reta;Sim;5;0;1;2;1;1;3;3;-9,57598202;-35,83188462;SPRF-AL;DEL02-AL;UOP01-DEL02-AL;;;
673865;15/04/2025;ter�a-feira;15:00:00;BA;367;84;EUNAPOLIS;Acessar a via sem observar a presen�a dos outros ve�culos;Colis�o lateral mesmo sentido;Com V�timas Feridas;Pleno dia;Decrescente;C�u Claro;Dupla;Reta;Sim;2;0;1;0;1;0;1;2;-16,37470204;-39,57954876;SPRF-BA;DEL09-BA;UOP03-DEL09-BA;;;
673867;15/04/2025;ter�a-feira;16:05:00;PB;230;147,2;CAMPINA GRANDE;Frear bruscamente;Tombamento;Com V�timas Feridas;Pleno dia;Decrescente;C�u Claro;Dupla;"Reta;Declive";Sim;2;0;2;0;0;0;2;1;-7,24096909;-35,86012602;SPRF-PB;DEL02-PB;UOP01-DEL02-PB;;;
673874;15/04/2025;ter�a-feira;16:30:00;TO;153;678;GURUPI;Demais falhas na via;Queda de ocupante de ve�culo;Com V�timas Feridas;Pleno dia;Crescente;Garoa/Chuvisco;Simples;Reta;N�o;1;0;1;0;0;0;1;1;-11,76977414;-49,10345547;SPRF-TO;DEL01-TO;UOP02-DEL01-TO;;;
673875;15/04/2025;ter�a-feira;16:10:00;PE;101;72,6;RECIFE;Rea��o tardia ou ineficiente do condutor;Colis�o traseira;Com V�timas Feridas;Pleno dia;Decrescente;C�u Claro;Dupla;"Interse��o de Vias;Reta";Sim;3;0;2;0;1;0;2;2;-8,09043;-34,94652;SPRF-PE;DEL01-PE;UOP01-DEL01-PE;;;
673876;15/04/2025;ter�a-feira;08:00:00;RJ;101;389;RIO DE JANEIRO;Manobra de mudan�a de faixa;Colis�o lateral mesmo sentido;Com V�timas Feridas;Pleno dia;Crescente;C�u Claro;Dupla;Reta;Sim;2;0;0;1;0;1;1;2;-22,89375403;-43,67604906;SPRF-RJ;DEL03-RJ;UOP01-DEL03-RJ;;;
673877;15/04/2025;ter�a-feira;16:20:00;SE;235;38,6;AREIA BRANCA;Aus�ncia de rea��o do condutor;Colis�o traseira;Com V�timas Feridas;Pleno dia;Crescente;C�u Claro;Simples;Reta;N�o;2;0;1;0;1;0;1;2;-10,77008887;-37,35302746;SPRF-SE;DEL01-SE;UOP02-DEL01-SE;;;
673878;15/04/2025;ter�a-feira;16:30:00;BA;324;607;SIMOES FILHO;Aus�ncia de rea��o do condutor;Engavetamento;Com V�timas Feridas;Pleno dia;Decrescente;C�u Claro;Dupla;Reta;Sim;3;0;1;0;2;0;1;3;-12,793132;-38,404819;SPRF-BA;DEL01-BA;UOP01-DEL01-BA;;;
673879;15/04/2025;ter�a-feira;16:45:00;RS;448;18;CANOAS;Demais falhas mec�nicas ou el�tricas;Queda de ocupante de ve�culo;Com V�timas Feridas;Pleno dia;Crescente;C�u Claro;M�ltipla;Curva;N�o;2;0;2;0;0;0;2;1;-29,9337844;-51,2090409;SPRF-RS;DEL01-RS;UOP01-DEL01-RS;;;
673880;15/04/2025;ter�a-feira;16:40:00;PA;230;117;MARABA;Condutor deixou de manter dist�ncia do ve�culo da frente;Colis�o traseira;Com V�timas Feridas;Pleno dia;Crescente;C�u Claro;Dupla;Reta;Sim;2;0;1;0;1;0;1;2;-5,35282702;-49,09603357;SPRF-PA;DEL03-PA;UOP01-DEL03-PA;;;
673881;15/04/2025;ter�a-feira;17:18:00;RN;101;81,5;SAO GONCALO DO AMARANTE;Condutor deixou de manter dist�ncia do ve�culo da frente;Colis�o traseira;Com V�timas Feridas;Pleno dia;Crescente;C�u Claro;Dupla;Reta;Sim;2;0;2;0;0;0;2;2;-5,766275;-35,27922;SPRF-RN;DEL02-RN;UOP01-DEL02-RN;;;
673884;15/04/2025;ter�a-feira;17:00:00;PR;116;153;MANDIRITUBA;Acessar a via sem observar a presen�a dos outros ve�culos;Queda de ocupante de ve�culo;Com V�timas Feridas;Pleno dia;Crescente;Nublado;Simples;Reta;Sim;2;0;1;0;0;1;1;2;-25,86221461;-49,36177947;SPRF-PR;DEL01-PR;UOP03-DEL01-PR;;;
673885;15/04/2025;ter�a-feira;17:20:00;PR;116;167;MANDIRITUBA;Acessar a via sem observar a presen�a dos outros ve�culos;Colis�o transversal;Com V�timas Feridas;Pleno dia;Crescente;C�u Claro;Dupla;Reta;N�o;2;0;0;1;1;0;1;2;-25,81675345;-49,33122374;SPRF-PR;DEL01-PR;UOP03-DEL01-PR;;;
673887;15/04/2025;ter�a-feira;17:08:00;RS;116;231,2;IVOTI;Acessar a via sem observar a presen�a dos outros ve�culos;Colis�o transversal;Com V�timas Feridas;Pleno dia;Decrescente;C�u Claro;Dupla;"Retorno Regulamentado;Reta";Sim;5;0;0;1;4;0;1;2;-29,62624048;-51,13723246;SPRF-RS;DEL01-RS;UOP02-DEL01-RS;;;
673888;14/04/2025;segunda-feira;15:00:00;RS;116;383;CAMAQUA;Condutor Dormindo;Sa�da de leito carro��vel;Sem V�timas;Pleno dia;Decrescente;C�u Claro;Dupla;Reta;N�o;1;0;0;0;0;1;0;1;-30,7864918;-51,6662681;SPRF-RS;DEL02-RS;UOP02-DEL02-RS;;;
673893;15/04/2025;ter�a-feira;17:40:00;RJ;101;333;RIO DE JANEIRO;Manobra de mudan�a de faixa;Colis�o traseira;Com V�timas Feridas;Anoitecer;Crescente;C�u Claro;Simples;"Reta;Ponte";Sim;2;0;1;0;1;0;1;2;-22,86953232;-43,20150375;SPRF-RJ;DEL02-RJ;UOP01-DEL02-RJ;;;
673894;15/04/2025;ter�a-feira;18:00:00;PR;116;108;CURITIBA;Trafegar com motocicleta (ou similar) entre as faixas;Colis�o traseira;Com V�timas Feridas;Plena Noite;Crescente;Garoa/Chuvisco;Dupla;Reta;N�o;3;0;1;0;2;0;1;3;-25,56495384;-49,2471955;SPRF-PR;DEL01-PR;UOP03-DEL01-PR;;;
673895;15/04/2025;ter�a-feira;18:15:00;SP;153;62;SAO JOSE DO RIO PRETO;Aus�ncia de rea��o do condutor;Colis�o traseira;Com V�timas Feridas;Plena Noite;Decrescente;C�u Claro;Dupla;"Declive;Reta";Sim;2;0;1;0;0;1;1;2;-20,81325404;-49,35675563;SPRF-SP;DEL09-SP;UOP01-DEL09-SP;;;
673896;15/04/2025;ter�a-feira;17:00:00;SP;116;282;EMBU DAS ARTES;Rea��o tardia ou ineficiente do condutor;Sa�da de leito carro��vel;Com V�timas Feridas;Pleno dia;Crescente;C�u Claro;Dupla;Reta;Sim;1;0;1;0;0;0;1;1;-23,66353929;-46,85370674;SPRF-SP;DEL04-SP;UOP01-DEL04-SP;;;
673898;15/04/2025;ter�a-feira;18:50:00;SC;101;180,4;GOVERNADOR CELSO RAMOS;Pedestre andava na pista;Atropelamento de Pedestre;Com V�timas Feridas;Plena Noite;Crescente;Nublado;Dupla;Reta;Sim;3;0;1;1;0;1;2;3;-27,38430038;-48,63115255;SPRF-SC;DEL01-SC;UOP01-DEL01-SC;;;
673900;15/04/2025;ter�a-feira;18:30:00;PR;153;42,3;SANTO ANTONIO DA PLATINA;Acessar a via sem observar a presen�a dos outros ve�culos;Colis�o transversal;Com V�timas Feridas;Plena Noite;Decrescente;Nublado;Simples;"Interse��o de Vias;Reta";Sim;2;0;1;0;1;0;1;2;-23,30151124;-50,07027984;SPRF-PR;DEL07-PR;UOP04-DEL07-PR;;;
673901;15/04/2025;ter�a-feira;19:05:00;SC;101;197,5;BIGUACU;Rea��o tardia ou ineficiente do condutor;Colis�o traseira;Com V�timas Feridas;Plena Noite;Decrescente;C�u Claro;Dupla;Reta;Sim;2;0;1;0;1;0;1;2;-27,523504;-48,636603;SPRF-SC;DEL01-SC;UOP01-DEL01-SC;;;
673902;15/04/2025;ter�a-feira;18:30:00;PR;277;83;CURITIBA;Trafegar com motocicleta (ou similar) entre as faixas;Colis�o lateral mesmo sentido;Com V�timas Feridas;Plena Noite;Crescente;Garoa/Chuvisco;Dupla;Reta;Sim;2;0;1;0;1;0;1;2;-25,44970215;-49,2286616;SPRF-PR;DEL01-PR;UOP07-DEL01-PR;;;
673903;18/02/2025;ter�a-feira;15:00:00;MG;50;70;UBERLANDIA;Rea��o tardia ou ineficiente do condutor;Colis�o traseira;Com V�timas Feridas;Pleno dia;Decrescente;C�u Claro;Dupla;Reta;Sim;3;0;1;0;0;2;1;3;-18,8911;-48,2554;SPRF-MG;DEL15-MG;UOP01-DEL15-MG;;;