id;data_inversa;dia_semana;horario;uf;br;km;municipio;causa_acidente;tipo_acidente;classificacao_acidente;fase_dia;sentido_via;condicao_metereologica;tipo_pista;tracado_via;uso_solo;pessoas;mortos;feridos_leves;feridos_graves;ilesos;ignorados;feridos;veiculos;latitude;longitude;regional;delegacia;uop;;;
673904;15/04/2025;ter�a-feira;19:15:00;DF;60;2,5;BRASILIA;Acessar a via sem observar a presen�a dos outros ve�culos;Colis�o lateral mesmo sentido;Com V�timas Feridas;Plena Noite;Crescente;Nublado;Dupla;"Retorno Regulamentado;Reta";N�o;2;0;1;0;1;0;1;2;-15,888167;-48,081058;SPRF-DF;DEL03-DF;UOP01-DEL03-DF;;;
673905;15/04/2025;ter�a-feira;14:40:00;MA;135;23;SAO LUIS;Trafegar com motocicleta (ou similar) entre as faixas;Colis�o traseira;Com V�timas Feridas;Pleno dia;Decrescente;C�u Claro;Dupla;Reta;Sim;2;0;1;0;1;0;1;2;-2,55041;-44,306242;SPRF-MA;DEL01-MA;UOP01-DEL01-MA;;;
673907;15/04/2025;ter�a-feira;16:00:00;PI;135;210,4;ELISEU MARTINS;Acessar a via sem observar a presen�a dos outros ve�culos;Colis�o transversal;Com V�timas Fatais;Pleno dia;Crescente;C�u Claro;Simples;"Aclive;Reta";N�o;6;1;0;0;5;0;0;2;-8,100258;-43,670178;SPRF-PI;DEL03-PI;UOP02-DEL03-PI;;;
673908;15/04/2025;ter�a-feira;15:44:00;RO;364;711;PORTO VELHO;Manobra de mudan�a de faixa;Colis�o lateral mesmo sentido;Com V�timas Feridas;Pleno dia;Decrescente;C�u Claro;Dupla;Reta;Sim;3;0;3;0;0;0;3;2;-8,78308465;-63,86367559;SPRF-RO;DEL01-RO;UOP01-DEL01-RO;;;
673909;15/04/2025;ter�a-feira;19:00:00;ES;101;66,7;SAO MATEUS;Acessar a via sem observar a presen�a dos outros ve�culos;Colis�o transversal;Com V�timas Feridas;Anoitecer;Decrescente;Nublado;Dupla;Reta;Sim;2;0;2;0;0;0;2;2;-18,70935945;-39,8658931;SPRF-ES;DEL04-ES;UOP02-DEL04-ES;;;
673911;15/04/2025;ter�a-feira;19:00:00;RO;364;236,5;CACOAL;Ingest�o de �lcool pelo condutor;Colis�o traseira;Com V�timas Feridas;Plena Noite;Decrescente;Nublado;Simples;"Aclive;Reta;Interse��o de Vias";Sim;2;0;1;0;1;0;1;2;-11,443848;-61,443802;SPRF-RO;DEL02-RO;UOP02-DEL02-RO;;;
673916;15/04/2025;ter�a-feira;19:30:00;MS;163;486;CAMPO GRANDE;Acessar a via sem observar a presen�a dos outros ve�culos;Colis�o transversal;Com V�timas Fatais;Plena Noite;Crescente;Nublado;Simples;"Reta;Declive";N�o;2;1;0;0;1;0;0;2;-20,4279685;-54,5448638;SPRF-MS;DEL01-MS;UOP02-DEL01-MS;;;
673917;15/04/2025;ter�a-feira;20:15:00;BA;324;517;FEIRA DE SANTANA;Manobra de mudan�a de faixa;Colis�o lateral mesmo sentido;Com V�timas Feridas;Plena Noite;Crescente;C�u Claro;Simples;Reta;Sim;3;0;1;0;1;1;1;2;-12,25302294;-38,93259352;SPRF-BA;DEL02-BA;UOP01-DEL02-BA;;;
673918;15/04/2025;ter�a-feira;19:15:00;SP;116;296;ITAPECERICA DA SERRA;Rea��o tardia ou ineficiente do condutor;Colis�o traseira;Com V�timas Feridas;Plena Noite;Crescente;Nublado;Dupla;Reta;Sim;1;0;1;0;0;0;1;1;-23,76457901;-46,90709352;SPRF-SP;DEL04-SP;UOP01-DEL04-SP;;;
673923;15/04/2025;ter�a-feira;13:10:00;GO;60;451;JATAI;Aus�ncia de rea��o do condutor;Sa�da de leito carro��vel;Sem V�timas;Pleno dia;Crescente;Nublado;Dupla;Curva;N�o;1;0;0;0;0;1;0;1;-17,86484483;-51,56681031;SPRF-GO;DEL05-GO;UOP01-DEL05-GO;;;
673926;15/04/2025;ter�a-feira;19:20:00;SP;116;217,5;GUARULHOS;Aus�ncia de rea��o do condutor;Colis�o com objeto;Sem V�timas;Plena Noite;Decrescente;Nublado;M�ltipla;"Aclive;Reta";Sim;1;0;0;0;0;1;0;1;-23,4571994;-46,4787981;SPRF-SP;DEL01-SP;UOP01-DEL01-SP;;;
673927;15/04/2025;ter�a-feira;19:45:00;RJ;493;96;SEROPEDICA;Rea��o tardia ou ineficiente do condutor;Sa�da de leito carro��vel;Com V�timas Feridas;Plena Noite;Crescente;Nublado;Dupla;Reta;N�o;1;0;1;0;0;0;1;1;-22,714951;-43,705129;SPRF-RJ;DEL01-RJ;UOP03-DEL01-RJ;;;
673928;15/04/2025;ter�a-feira;21:10:00;SC;101;148;ITAPEMA;Acumulo de �leo sobre o pavimento;Tombamento;Com V�timas Feridas;Plena Noite;Decrescente;Nublado;M�ltipla;Retorno Regulamentado;Sim;1;0;1;0;0;0;1;1;-27,10626699;-48,61450195;SPRF-SC;DEL04-SC;UOP03-DEL04-SC;;;
673929;15/04/2025;ter�a-feira;18:10:00;RJ;493;104;SEROPEDICA;Demais falhas na via;Tombamento;Com V�timas Feridas;Plena Noite;Crescente;Nublado;Dupla;"Em Obras;Reta";N�o;2;0;2;0;0;0;2;1;-22,779966;-43,750344;SPRF-RJ;DEL01-RJ;UOP03-DEL01-RJ;;;
673930;15/04/2025;ter�a-feira;18:17:00;AL;316;248,5;ATALAIA;Rea��o tardia ou ineficiente do condutor;Colis�o frontal;Com V�timas Feridas;Plena Noite;Crescente;C�u Claro;Simples;Reta;Sim;3;0;2;0;0;1;2;2;-9,544902;-35,983052;SPRF-AL;DEL01-AL;UOP01-DEL01-AL;;;
673931;15/04/2025;ter�a-feira;21:30:00;SC;280;30,7;ARAQUARI;Condutor deixou de manter dist�ncia do ve�culo da frente;Colis�o traseira;Com V�timas Feridas;Plena Noite;Crescente;Nublado;Simples;Reta;N�o;2;0;1;0;1;0;1;2;-26,415892;-48,769388;SPRF-SC;DEL03-SC;UOP03-DEL03-SC;;;
673932;15/04/2025;ter�a-feira;21:10:00;PB;104;112,9;LAGOA SECA;Convers�o proibida;Colis�o transversal;Sem V�timas;Plena Noite;Decrescente;Nublado;Simples;Reta;Sim;2;0;0;0;1;1;0;2;-7,150793;-35,853336;SPRF-PB;DEL02-PB;UOP04-DEL02-PB;;;
673933;15/04/2025;ter�a-feira;20:00:00;RJ;101;386;ITAGUAI;Condutor deixou de manter dist�ncia do ve�culo da frente;Colis�o lateral mesmo sentido;Com V�timas Feridas;Plena Noite;Decrescente;C�u Claro;Simples;Reta;Sim;1;0;1;0;0;0;1;1;-22,85568;-43,761664;SPRF-RJ;DEL03-RJ;UOP01-DEL03-RJ;;;
673935;15/04/2025;ter�a-feira;20:25:00;MT;364;404,8;CUIABA;Estacionar ou parar em local proibido;Colis�o traseira;Com V�timas Feridas;Plena Noite;Crescente;Nublado;M�ltipla;Reta;Sim;4;0;1;0;3;0;1;2;-15,6408667;-56,02160003;SPRF-MT;DEL01-MT;UOP02-DEL01-MT;;;
673937;15/04/2025;ter�a-feira;18:15:00;RJ;40;116;DUQUE DE CAXIAS;Aus�ncia de rea��o do condutor;Colis�o lateral mesmo sentido;Com V�timas Feridas;Plena Noite;Decrescente;C�u Claro;Dupla;Reta;Sim;3;0;2;0;1;0;2;2;-22,74125609;-43,28810382;SPRF-RJ;DEL01-RJ;UOP02-DEL01-RJ;;;
673939;03/02/2025;segunda-feira;06:20:00;ES;101;143,2;LINHARES;Manobra de mudan�a de faixa;Colis�o lateral mesmo sentido;Com V�timas Feridas;Pleno dia;Crescente;C�u Claro;Dupla;Reta;Sim;2;0;0;1;1;0;1;2;-19,34286596;-40,0638568;SPRF-ES;DEL04-ES;UOP01-DEL04-ES;;;
673940;15/04/2025;ter�a-feira;21:50:00;PR;369;375,1;MAMBORE;Ultrapassagem Indevida;Colis�o frontal;Com V�timas Fatais;Plena Noite;Decrescente;C�u Claro;Simples;"Reta;Declive";N�o;9;4;1;4;0;0;5;2;-24,28533901;-52,55401958;SPRF-PR;DEL04-PR;UOP03-DEL04-PR;;;
673943;15/04/2025;ter�a-feira;17:28:00;TO;235;163;PEDRO AFONSO;Aus�ncia de rea��o do condutor;Colis�o traseira;Com V�timas Feridas;Anoitecer;Crescente;Nublado;Simples;Reta;Sim;2;0;0;1;1;0;1;2;-8,99434401;-48,17581147;SPRF-TO;DEL02-TO;UOP02-DEL02-TO;;;
673945;15/04/2025;ter�a-feira;19:20:00;MA;226;71,6;MATOES;Demais falhas mec�nicas ou el�tricas;Inc�ndio;Sem V�timas;Plena Noite;Decrescente;C�u Claro;Simples;Reta;N�o;3;0;0;0;3;0;0;1;-5,21484893;-43,41974303;SPRF-MA;DEL03-MA;UOP02-DEL03-MA;;;
673946;15/04/2025;ter�a-feira;20:30:00;SC;280;99,3;CORUPA;Pista Escorregadia;Colis�o traseira;Com V�timas Feridas;Plena Noite;Crescente;Nublado;Simples;"Aclive;Reta";N�o;2;0;1;0;1;0;1;2;-26,39063951;-49,30355072;SPRF-SC;DEL06-SC;UOP03-DEL06-SC;;;
673947;15/04/2025;ter�a-feira;22:00:00;RJ;101;410;ITAGUAI;Aus�ncia de rea��o do condutor;Colis�o com objeto;Com V�timas Fatais;Plena Noite;Decrescente;C�u Claro;Dupla;Reta;N�o;1;1;0;0;0;0;0;1;-22,87490991;-43,81261826;SPRF-RJ;DEL03-RJ;UOP01-DEL03-RJ;;;
673948;15/04/2025;ter�a-feira;21:05:00;RJ;40;108;DUQUE DE CAXIAS;Demais falhas mec�nicas ou el�tricas;Colis�o traseira;Com V�timas Feridas;Plena Noite;Decrescente;Nublado;M�ltipla;Reta;Sim;4;0;1;0;3;0;1;3;-22,67076867;-43,28574657;SPRF-RJ;DEL01-RJ;UOP02-DEL01-RJ;;;
673949;15/04/2025;ter�a-feira;23:00:00;BA;324;543;AMELIA RODRIGUES;Aus�ncia de rea��o do condutor;Colis�o com objeto;Com V�timas Feridas;Plena Noite;Decrescente;C�u Claro;Dupla;Curva;Sim;2;0;1;0;1;0;1;1;-12,4019616;-38,7561216;SPRF-BA;DEL01-BA;UOP03-DEL01-BA;;;
673950;15/04/2025;ter�a-feira;20:30:00;RJ;101;586,7;ANGRA DOS REIS;Convers�o proibida;Colis�o lateral mesmo sentido;Com V�timas Feridas;Plena Noite;Decrescente;Nublado;Simples;Reta;Sim;5;0;2;0;3;0;2;2;-22,97313375;-44,29733885;SPRF-RJ;DEL03-RJ;UOP04-DEL03-RJ;;;
673953;15/04/2025;ter�a-feira;23:20:00;RS;386;435;NOVA SANTA RITA;Ingest�o de �lcool pelo condutor;Colis�o com objeto;Sem V�timas;Plena Noite;Crescente;C�u Claro;Dupla;Reta;Sim;1;0;0;0;1;0;0;1;-29,84651515;-51,27610087;SPRF-RS;DEL04-RS;UOP02-DEL04-RS;;;
673954;15/04/2025;ter�a-feira;23:50:00;MG;381;921;CAMANDUCAIA;Acumulo de �leo sobre o pavimento;Sa�da de leito carro��vel;Com V�timas Feridas;Plena Noite;Crescente;Chuva;Dupla;"Declive;Curva";N�o;1;0;1;0;0;0;1;1;-22,7630396;-46,1704496;SPRF-MG;DEL16-MG;UOP03-DEL16-MG;;;
673955;15/04/2025;ter�a-feira;22:10:00;PR;277;527,7;CAMPO BONITO;Velocidade Incompat�vel;Sa�da de leito carro��vel;Com V�timas Feridas;Plena Noite;Decrescente;Nublado;Simples;Reta;N�o;1;0;1;0;0;0;1;1;-25,09749;-52,94041;SPRF-PR;DEL04-PR;UOP04-DEL04-PR;;;
673957;16/04/2025;quarta-feira;00:21:00;PE;101;41;IGARASSU;Condutor Dormindo;Capotamento;Sem V�timas;Plena Noite;Crescente;C�u Claro;Simples;Reta;Sim;1;0;0;0;0;1;0;1;-7,833979;-34,9133506;SPRF-PE;DEL01-PE;UOP02-DEL01-PE;;;
673958;15/04/2025;ter�a-feira;23:40:00;PR;277;507,6;GUARANIACU;Condutor Dormindo;Sa�da de leito carro��vel;Sem V�timas;Plena Noite;Crescente;C�u Claro;Simples;Reta;N�o;1;0;0;0;0;1;0;1;-25,109161;-52,851528;SPRF-PR;DEL04-PR;UOP04-DEL04-PR;;;
673962;16/04/2025;quarta-feira;01:15:00;PR;487;177;CAMPO MOURAO;Ingest�o de �lcool pelo condutor;Colis�o lateral sentido oposto;Com V�timas Feridas;Plena Noite;Decrescente;Garoa/Chuvisco;Simples;"Aclive;Reta";N�o;2;0;1;0;1;0;1;2;-24,03854382;-52,41032124;SPRF-PR;DEL09-PR;UOP03-DEL09-PR;;;
673963;16/04/2025;quarta-feira;03:00:00;MG;40;615,2;CONGONHAS;Aus�ncia de rea��o do condutor;Queda de ocupante de ve�culo;Com V�timas Feridas;Plena Noite;Crescente;C�u Claro;Simples;"Reta;Declive";N�o;1;0;1;0;0;0;1;1;-20,4768258;-43,8424391;SPRF-MG;DEL05-MG;UOP02-DEL05-MG;;;
673966;16/04/2025;quarta-feira;04:45:00;BA;324;530;FEIRA DE SANTANA;Manobra de mudan�a de faixa;Sa�da de leito carro��vel;Com V�timas Feridas;Amanhecer;Crescente;C�u Claro;Dupla;Curva;Sim;2;0;1;0;1;0;1;1;-12,3393782;-38,846011;SPRF-BA;DEL01-BA;UOP03-DEL01-BA;;;
673969;16/04/2025;quarta-feira;04:30:00;AL;416;2,1;COLONIA LEOPOLDINA;Animais na Pista;Atropelamento de Animal;Com V�timas Feridas;Plena Noite;Decrescente;C�u Claro;Simples;"Aclive;Reta";N�o;1;0;1;0;0;0;1;1;-8,901184;-35,656575;SPRF-AL;DEL01-AL;UOP02-DEL01-AL;;;
673970;15/04/2025;ter�a-feira;08:30:00;MG;116;429;ALPERCATA;Demais falhas mec�nicas ou el�tricas;Tombamento;Com V�timas Feridas;Pleno dia;Crescente;C�u Claro;Simples;Reta;N�o;1;0;1;0;0;0;1;1;-18,9888514;-41,98595858;SPRF-MG;DEL06-MG;UOP01-DEL06-MG;;;
673971;15/04/2025;ter�a-feira;15:25:00;MG;262;49,9;MANHUACU;Aus�ncia de rea��o do condutor;Colis�o traseira;Com V�timas Feridas;Pleno dia;Decrescente;C�u Claro;Simples;Reta;N�o;5;0;2;0;3;0;2;2;-20,24285217;-42,13535061;SPRF-MG;DEL06-MG;UOP03-DEL06-MG;;;
673972;16/04/2025;quarta-feira;07:10:00;SC;0;0;FLORIANOPOLIS;Condutor deixou de manter dist�ncia do ve�culo da frente;Colis�o traseira;Sem V�timas;Pleno dia;N�o Informado;C�u Claro;Dupla;Reta;Sim;2;0;0;0;2;0;0;2;-27,44732;-48,42581;SPRF-SC;DEL01-SC;N/A;;;
673973;16/04/2025;quarta-feira;06:50:00;MG;381;517;IGARAPE;Aus�ncia de rea��o do condutor;Queda de ocupante de ve�culo;Com V�timas Feridas;Amanhecer;Crescente;Garoa/Chuvisco;Dupla;Reta;N�o;1;0;1;0;0;0;1;1;-20,09695339;-44,31621909;SPRF-MG;DEL01-MG;UOP03-DEL01-MG;;;
673974;16/04/2025;quarta-feira;07:15:00;PB;101;81;JOAO PESSOA;Aus�ncia de rea��o do condutor;Colis�o traseira;Com V�timas Feridas;Pleno dia;Crescente;C�u Claro;Dupla;Reta;Sim;1;0;0;1;0;0;1;1;-7,1628761;-34,8929648;SPRF-PB;DEL01-PB;UOP01-DEL01-PB;;;
673976;16/04/2025;quarta-feira;06:30:00;BA;116;630;JAGUAQUARA;Rea��o tardia ou ineficiente do condutor;Colis�o frontal;Com V�timas Feridas;Pleno dia;Crescente;C�u Claro;Simples;Reta;N�o;2;0;0;1;1;0;1;2;-13,5046665;-40,0527646;SPRF-BA;DEL03-BA;UOP01-DEL03-BA;;;
673977;16/04/2025;quarta-feira;06:30:00;MG;381;311;ANTONIO DIAS;Velocidade Incompat�vel;Colis�o com objeto;Com V�timas Feridas;Pleno dia;Decrescente;Nublado;Simples;"Curva;Declive";N�o;2;0;0;1;1;0;1;1;-19,64791252;-42,93490291;SPRF-MG;DEL03-MG;UOP02-DEL03-MG;;;
673978;09/04/2025;quarta-feira;10:25:00;RN;226;323;MESSIAS TARGINO;Acessar a via sem observar a presen�a dos outros ve�culos;Colis�o transversal;Com V�timas Feridas;Pleno dia;Crescente;C�u Claro;Simples;Reta;N�o;2;0;0;1;1;0;1;2;-6,066586;-37,499585;SPRF-RN;DEL04-RN;UOP01-DEL04-RN;;;
673979;16/04/2025;quarta-feira;07:30:00;SC;280;127,9;RIO NEGRINHO;Acesso irregular;Atropelamento de Pedestre;Com V�timas Feridas;Pleno dia;Crescente;C�u Claro;Simples;"Reta;Interse��o de Vias";Sim;2;0;1;0;1;0;1;2;-26,242859;-49,512417;SPRF-SC;DEL06-SC;UOP03-DEL06-SC;;;
673980;16/04/2025;quarta-feira;07:30:00;PR;277;241;TEIXEIRA SOARES;Condutor Dormindo;Colis�o com objeto;Com V�timas Feridas;Pleno dia;Decrescente;C�u Claro;Simples;Reta;N�o;1;0;1;0;0;0;1;1;-25,468;-50,479;SPRF-PR;DEL08-PR;UOP02-DEL08-PR;;;
673981;16/04/2025;quarta-feira;07:35:00;GO;60;391;RIO VERDE;Manobra de mudan�a de faixa;Colis�o transversal;Com V�timas Feridas;Pleno dia;Crescente;Nublado;Dupla;"Declive;Reta";Sim;2;0;0;1;1;0;1;2;-17,826387;-50,976378;SPRF-GO;DEL04-GO;UOP02-DEL04-GO;;;
673982;16/04/2025;quarta-feira;05:35:00;RJ;493;105;SEROPEDICA;Animais na Pista;Atropelamento de Animal;Com V�timas Feridas;Plena Noite;Crescente;Nublado;Dupla;"Em Obras;Reta";N�o;1;0;1;0;0;0;1;1;-22,80104835;-43,79030228;SPRF-RJ;DEL01-RJ;UOP03-DEL01-RJ;;;
673984;16/04/2025;quarta-feira;07:35:00;RN;101;84;NATAL;Condutor deixou de manter dist�ncia do ve�culo da frente;Colis�o transversal;Com V�timas Feridas;Pleno dia;Crescente;C�u Claro;Dupla;Reta;N�o;3;0;2;0;0;1;2;2;-5,77529109;-35,25503039;SPRF-RN;DEL02-RN;UOP01-DEL02-RN;;;
673987;16/04/2025;quarta-feira;08:00:00;RS;116;253;SAPUCAIA DO SUL;Aus�ncia de rea��o do condutor;Colis�o traseira;Com V�timas Feridas;Pleno dia;Crescente;C�u Claro;Dupla;"Reta;Viaduto";Sim;7;0;1;0;6;0;1;3;-29,81660245;-51,16973011;SPRF-RS;DEL01-RS;UOP02-DEL01-RS;;;
673988;16/04/2025;quarta-feira;07:30:00;BA;324;620;SALVADOR;Condutor deixou de manter dist�ncia do ve�culo da frente;Queda de ocupante de ve�culo;Com V�timas Feridas;Pleno dia;Crescente;C�u Claro;Dupla;Reta;Sim;2;0;2;0;0;0;2;1;-12,9037991;-38,4532817;SPRF-BA;DEL01-BA;UOP01-DEL01-BA;;;
673991;16/04/2025;quarta-feira;08:10:00;RS;392;352;SANTA MARIA;Acessar a via sem observar a presen�a dos outros ve�culos;Colis�o transversal;Com V�timas Feridas;Pleno dia;Decrescente;Nevoeiro/Neblina;Dupla;Interse��o de Vias;Sim;3;0;1;0;1;1;1;3;-29,71653642;-53,80966723;SPRF-RS;DEL09-RS;UOP01-DEL09-RS;;;
673992;16/04/2025;quarta-feira;08:00:00;PR;277;593,5;CASCAVEL;Condutor deixou de manter dist�ncia do ve�culo da frente;Engavetamento;Com V�timas Feridas;Pleno dia;Crescente;C�u Claro;Simples;"Reta;Aclive";Sim;8;0;4;0;4;0;4;4;-24,97965036;-53,48955497;SPRF-PR;DEL04-PR;UOP01-DEL04-PR;;;
673993;15/02/2025;s�bado;17:29:00;RJ;101;241;SILVA JARDIM;Avarias e/ou desgaste excessivo no pneu;Sa�da de leito carro��vel;Com V�timas Feridas;Pleno dia;Decrescente;C�u Claro;Dupla;Reta;N�o;3;0;0;3;0;0;3;1;-22,63298511;-42,44557897;SPRF-RJ;DEL02-RJ;UOP03-DEL02-RJ;;;
673998;16/04/2025;quarta-feira;08:30:00;PB;230;26;JOAO PESSOA;Avarias e/ou desgaste excessivo no pneu;Tombamento;Com V�timas Feridas;Pleno dia;Decrescente;C�u Claro;Dupla;Reta;Sim;2;0;1;0;1;0;1;1;-7,169108;-34,880497;SPRF-PB;DEL01-PB;UOP01-DEL01-PB;;;
673999;16/04/2025;quarta-feira;07:20:00;SC;280;128,3;RIO NEGRINHO;Acessar a via sem observar a presen�a dos outros ve�culos;Colis�o transversal;Com V�timas Feridas;Pleno dia;Decrescente;C�u Claro;Simples;"Reta;Interse��o de Vias";Sim;2;0;1;0;1;0;1;2;-26,24396819;-49,51543266;SPRF-SC;DEL06-SC;UOP03-DEL06-SC;;;
674001;16/04/2025;quarta-feira;08:30:00;PR;0;0;SANTA TEREZINHA DE ITAIPU;Avarias e/ou desgaste excessivo no pneu;Tombamento;Com V�timas Feridas;Pleno dia;N�o Informado;C�u Claro;Simples;Reta;Sim;1;0;0;1;0;0;1;1;-25,46090065;-54,43927104;SPRF-PR;DEL05-PR;UOP01-DEL05-PR;;;
674003;16/04/2025;quarta-feira;08:43:00;PE;101;65;RECIFE;Aus�ncia de rea��o do condutor;Colis�o traseira;Com V�timas Feridas;Pleno dia;Crescente;C�u Claro;Dupla;Reta;Sim;3;0;0;2;1;0;2;2;-8,025708;-34,943003;SPRF-PE;DEL01-PE;UOP01-DEL01-PE;;;
674004;08/04/2025;ter�a-feira;17:00:00;PR;277;5;CURITIBA;Manobra de mudan�a de faixa;Colis�o lateral mesmo sentido;Com V�timas Feridas;Pleno dia;Crescente;Nublado;Dupla;"Curva;Declive";Sim;2;0;1;0;1;0;1;2;-25,43011436;-49,3202644;SPRF-PR;DEL01-PR;UOP05-DEL01-PR;;;
674005;16/04/2025;quarta-feira;08:50:00;PE;101;41,8;IGARASSU;Rea��o tardia ou ineficiente do condutor;Colis�o transversal;Com V�timas Feridas;Pleno dia;Crescente;C�u Claro;M�ltipla;"Reta;Aclive";Sim;2;0;1;0;0;1;1;2;-7,83652;-34,912753;SPRF-PE;DEL01-PE;UOP02-DEL01-PE;;;
674006;16/04/2025;quarta-feira;07:57:00;PE;101;60;RECIFE;Rea��o tardia ou ineficiente do condutor;Colis�o lateral mesmo sentido;Com V�timas Feridas;Pleno dia;Crescente;C�u Claro;Dupla;"Reta;Retorno Regulamentado";Sim;2;0;2;0;0;0;2;2;-7,98635;-34,93302;SPRF-PE;DEL01-PE;UOP02-DEL01-PE;;;
674007;16/04/2025;quarta-feira;08:50:00;SP;381;89,4;GUARULHOS;Manobra de mudan�a de faixa;Colis�o lateral mesmo sentido;Com V�timas Feridas;Pleno dia;Crescente;C�u Claro;M�ltipla;Reta;Sim;2;0;1;0;1;0;1;2;-23,490891;-46,559397;SPRF-SP;DEL03-SP;UOP01-DEL03-SP;;;
674008;16/04/2025;quarta-feira;08:45:00;MG;262;123;RIO CASCA;Transitar na contram�o;Colis�o frontal;Com V�timas Feridas;Pleno dia;Decrescente;Chuva;Simples;"Declive;Curva";N�o;4;0;1;0;3;0;1;2;-20,208653;-42,669597;SPRF-MG;DEL03-MG;UOP03-DEL03-MG;;;
674009;16/04/2025;quarta-feira;07:40:00;SC;280;67;JARAGUA DO SUL;Transitar na contram�o;Colis�o transversal;Com V�timas Feridas;Pleno dia;Crescente;C�u Claro;Simples;Reta;N�o;2;0;1;0;1;0;1;2;-26,47541;-49,106947;SPRF-SC;DEL03-SC;UOP03-DEL03-SC;;;
674010;16/04/2025;quarta-feira;08:30:00;MG;381;483,7;BETIM;Rea��o tardia ou ineficiente do condutor;Tombamento;Com V�timas Feridas;Pleno dia;Crescente;Chuva;M�ltipla;Curva;Sim;1;0;1;0;0;0;1;1;-19,9595605;-44,0856319;SPRF-MG;DEL01-MG;UOP03-DEL01-MG;;;
674012;16/04/2025;quarta-feira;08:18:00;PR;277;584;CASCAVEL;Acessar a via sem observar a presen�a dos outros ve�culos;Colis�o traseira;Com V�timas Feridas;Pleno dia;Crescente;Nublado;Simples;Interse��o de Vias;Sim;2;0;1;0;1;0;1;2;-24,965027;-53,4048971;SPRF-PR;DEL04-PR;UOP01-DEL04-PR;;;
674013;16/04/2025;quarta-feira;09:20:00;RN;304;91,9;ACU;Acessar a via sem observar a presen�a dos outros ve�culos;Colis�o transversal;Com V�timas Feridas;Pleno dia;Decrescente;Sol;Simples;"Reta;Aclive";N�o;3;0;0;1;2;0;1;2;-5,53948;-37,08628;SPRF-RN;DEL04-RN;UOP01-DEL04-RN;;;
674016;16/04/2025;quarta-feira;09:15:00;SE;101;76,5;MARUIM;Entrada inopinada do pedestre;Atropelamento de Pedestre;Com V�timas Fatais;Pleno dia;Decrescente;Sol;Simples;Reta;N�o;3;1;0;0;1;1;0;2;-10,775452;-37,13103;SPRF-SE;DEL01-SE;UOP01-DEL01-SE;;;
674019;16/04/2025;quarta-feira;08:20:00;MG;40;464,4;SETE LAGOAS;Rea��o tardia ou ineficiente do condutor;Sa�da de leito carro��vel;Sem V�timas;Pleno dia;Crescente;Chuva;Dupla;"Aclive;Curva";N�o;1;0;0;0;1;0;0;1;-19,4407099;-44,3301059;SPRF-MG;DEL02-MG;UOP01-DEL02-MG;;;
675129;16/04/2025;quarta-feira;10:25:00;SC;101;118,1;ITAJAI;Rea��o tardia ou ineficiente do condutor;Colis�o traseira;Com V�timas Feridas;Pleno dia;Crescente;C�u Claro;Dupla;Reta;Sim;6;0;1;0;5;0;1;5;-26,89880281;-48,71827126;SPRF-SC;DEL04-SC;UOP04-DEL04-SC;;;
675130;16/04/2025;quarta-feira;13:40:00;RS;158;95,6;PALMEIRA DAS MISSOES;Transitar na contram�o;Colis�o frontal;Sem V�timas;Pleno dia;Decrescente;Sol;Simples;"Declive;Reta";N�o;2;0;0;0;2;0;0;2;-27,8621;-53,32925;SPRF-RS;DEL08-RS;UOP02-DEL08-RS;;;
675132;16/04/2025;quarta-feira;11:20:00;BA;101;795;ITAMARAJU;Aus�ncia de rea��o do condutor;Colis�o traseira;Com V�timas Feridas;Pleno dia;Decrescente;C�u Claro;Simples;Reta;N�o;2;0;0;1;1;0;1;2;-16,921187;-39,53838;SPRF-BA;DEL09-BA;UOP01-DEL09-BA;;;
675926;16/04/2025;quarta-feira;05:35:00;RJ;101;300;SAO GONCALO;Aus�ncia de rea��o do condutor;Colis�o lateral mesmo sentido;Com V�timas Feridas;Amanhecer;Crescente;Nublado;Dupla;Reta;N�o;2;0;1;0;1;0;1;2;-22,77599355;-42,94759512;SPRF-RJ;DEL02-RJ;UOP02-DEL02-RJ;;;
675928;16/04/2025;quarta-feira;15:50:00;RS;116;235;NOVO HAMBURGO;Rea��o tardia ou ineficiente do condutor;Colis�o traseira;Sem V�timas;Pleno dia;Decrescente;C�u Claro;Dupla;Reta;Sim;2;0;0;0;2;0;0;2;-29,6601272;-51,1439139;SPRF-RS;DEL01-RS;UOP02-DEL01-RS;;;
675930;16/04/2025;quarta-feira;11:15:00;MS;163;124,4;NAVIRAI;Aus�ncia de rea��o do condutor;Colis�o com objeto;Com V�timas Feridas;Pleno dia;Decrescente;Nublado;Simples;Rotat�ria;N�o;1;0;1;0;0;0;1;1;-23,078092;-54,228517;SPRF-MS;DEL09-MS;UOP01-DEL09-MS;;;
675931;16/04/2025;quarta-feira;13:40:00;PR;116;186;CAMPO DO TENENTE;Velocidade Incompat�vel;Tombamento;Com V�timas Feridas;Pleno dia;Crescente;C�u Claro;Simples;"Reta;Declive";N�o;1;0;1;0;0;0;1;1;-25,953818;-49,648546;SPRF-PR;DEL01-PR;UOP03-DEL01-PR;;;
675933;16/04/2025;quarta-feira;15:30:00;BA;324;534;CONCEICAO DO JACUIPE;Aus�ncia de rea��o do condutor;Engavetamento;Sem V�timas;Pleno dia;Decrescente;C�u Claro;Dupla;Reta;N�o;3;0;0;0;3;0;0;3;-12,3615214;-38,8206543;SPRF-BA;DEL01-BA;UOP03-DEL01-BA;;;