id;data_inversa;dia_semana;horario;uf;br;km;municipio;causa_acidente;tipo_acidente;classificacao_acidente;fase_dia;sentido_via;condicao_metereologica;tipo_pista;tracado_via;uso_solo;pessoas;mortos;feridos_leves;feridos_graves;ilesos;ignorados;feridos;veiculos;latitude;longitude;regional;delegacia;uop;;;
685408;17/04/2025;quinta-feira;14:10:00;BA;324;613;SALVADOR;Avarias e/ou desgaste excessivo no pneu;Queda de ocupante de ve�culo;Com V�timas Feridas;Pleno dia;Crescente;C�u Claro;Dupla;Reta;N�o;1;0;1;0;0;0;1;1;-12,8664067;-38,424625;SPRF-BA;DEL01-BA;UOP01-DEL01-BA;;;
685410;16/04/2025;quarta-feira;09:30:00;MG;262;369;JUATUBA;Acumulo de �gua sobre o pavimento;Colis�o com objeto;Com V�timas Feridas;Pleno dia;Decrescente;Chuva;Dupla;Curva;Sim;5;0;5;0;0;0;5;1;-19,95929678;-44,34144795;SPRF-MG;DEL01-MG;UOP03-DEL01-MG;;;
685411;16/04/2025;quarta-feira;11:20:00;MT;163;790;VERA;Avarias e/ou desgaste excessivo no pneu;Sa�da de leito carro��vel;Com V�timas Feridas;Pleno dia;Crescente;Chuva;Simples;"Reta;Declive";N�o;2;0;2;0;0;0;2;1;-12,26685548;-55,55562973;SPRF-MT;DEL06-MT;UOP02-DEL06-MT;;;
685412;16/04/2025;quarta-feira;18:45:00;MT;163;768;SORRISO;Condutor deixou de manter dist�ncia do ve�culo da frente;Colis�o traseira;Com V�timas Feridas;Plena Noite;Decrescente;Nublado;Simples;Reta;Sim;4;0;1;0;3;0;1;3;-12,42714595;-55,64301287;SPRF-MT;DEL06-MT;UOP01-DEL06-MT;;;
685414;17/04/2025;quinta-feira;10:30:00;SC;282;49,6;AGUAS MORNAS;Ultrapassagem Indevida;Colis�o lateral sentido oposto;Com V�timas Feridas;Pleno dia;Decrescente;C�u Claro;Simples;"Declive;Curva";N�o;8;0;2;0;6;0;2;4;-27,68499593;-48,97272974;SPRF-SC;DEL01-SC;UOP03-DEL01-SC;;;
685416;17/04/2025;quinta-feira;08:00:00;SP;381;74;SAO PAULO;Rea��o tardia ou ineficiente do condutor;Colis�o traseira;Com V�timas Feridas;Pleno dia;Decrescente;C�u Claro;Dupla;Curva;N�o;2;0;1;0;1;0;1;2;-23,37565064;-46,56077348;SPRF-SP;DEL03-SP;UOP01-DEL03-SP;;;
685417;09/01/2025;quinta-feira;00:30:00;RJ;101;272,9;TANGUA;Objeto est�tico sobre o leito carro��vel;Colis�o com objeto;Com V�timas Feridas;Plena Noite;Crescente;Garoa/Chuvisco;Dupla;"Reta;Em Obras";N�o;1;0;0;1;0;0;1;1;-22,72935968;-42,70112512;SPRF-RJ;DEL02-RJ;UOP03-DEL02-RJ;;;
685419;16/04/2025;quarta-feira;18:20:00;SC;101;445;SANTA ROSA DO SUL;Objeto est�tico sobre o leito carro��vel;Colis�o com objeto;Com V�timas Feridas;Plena Noite;Crescente;Nublado;M�ltipla;Reta;Sim;1;0;1;0;0;0;1;1;-29,14199454;-49,72028017;SPRF-SC;DEL02-SC;UOP02-DEL02-SC;;;
685420;17/04/2025;quinta-feira;15:13:00;PE;232;4,6;RECIFE;Condutor deixou de manter dist�ncia do ve�culo da frente;Colis�o traseira;Sem V�timas;Pleno dia;Decrescente;C�u Claro;Simples;Curva;Sim;2;0;0;0;0;2;0;2;-8,067768;-34,940687;SPRF-PE;DEL01-PE;UOP01-DEL01-PE;;;
685421;17/04/2025;quinta-feira;13:43:00;MT;163;733;SORRISO;Demais falhas mec�nicas ou el�tricas;Tombamento;Com V�timas Feridas;Pleno dia;Crescente;C�u Claro;Simples;Reta;N�o;1;0;1;0;0;0;1;1;-12,699251;-55,81244465;SPRF-MT;DEL06-MT;UOP01-DEL06-MT;;;
685422;16/04/2025;quarta-feira;11:20:00;SC;101;321,9;PESCARIA BRAVA;Rea��o tardia ou ineficiente do condutor;Colis�o traseira;Sem V�timas;Pleno dia;Decrescente;C�u Claro;M�ltipla;"Reta;Em Obras;Declive";N�o;4;0;0;0;4;0;0;2;-28,428638;-48,9147866;SPRF-SC;DEL02-SC;UOP01-DEL02-SC;;;
685424;16/04/2025;quarta-feira;12:30:00;PA;230;121;MARABA;Aus�ncia de rea��o do condutor;Colis�o traseira;Com V�timas Feridas;Pleno dia;Crescente;C�u Claro;Dupla;Reta;Sim;3;0;1;0;2;0;1;3;-5,36931588;-49,13000107;SPRF-PA;DEL03-PA;UOP01-DEL03-PA;;;
685425;17/04/2025;quinta-feira;15:20:00;PE;101;88,5;JABOATAO DOS GUARARAPES;Condutor deixou de manter dist�ncia do ve�culo da frente;Colis�o traseira;Com V�timas Feridas;Pleno dia;Crescente;C�u Claro;Dupla;Reta;Sim;4;0;1;0;3;0;1;4;-8,20175;-34,97925;SPRF-PE;DEL01-PE;UOP01-DEL01-PE;;;
685427;11/02/2025;ter�a-feira;16:00:00;SC;101;334;TUBARAO;Aus�ncia de sinaliza��o;Colis�o traseira;Com V�timas Feridas;Pleno dia;Decrescente;C�u Claro;M�ltipla;Reta;Sim;2;0;1;0;1;0;1;2;-28,46730446;-49,00604302;SPRF-SC;DEL02-SC;UOP01-DEL02-SC;;;
685429;17/04/2025;quinta-feira;13:51:00;MS;463;0,7;DOURADOS;Acessar a via sem observar a presen�a dos outros ve�culos;Colis�o transversal;Com V�timas Feridas;Pleno dia;Crescente;Nublado;Simples;"Reta;Interse��o de Vias";Sim;2;0;1;0;1;0;1;2;-22,25903;-54,81133;SPRF-MS;DEL04-MS;UOP01-DEL04-MS;;;
685430;17/04/2025;quinta-feira;14:30:00;PB;101;83;BAYEUX;Aus�ncia de rea��o do condutor;Engavetamento;Com V�timas Feridas;Pleno dia;Crescente;Sol;Dupla;Reta;Sim;6;0;2;0;4;0;2;4;-7,14432606;-34,9178648;SPRF-PB;DEL01-PB;UOP01-DEL01-PB;;;
685431;17/04/2025;quinta-feira;15:15:00;BA;418;87;NOVA VICOSA;Desrespeitar a prefer�ncia no cruzamento;Colis�o transversal;Com V�timas Feridas;Pleno dia;Decrescente;Chuva;Simples;Interse��o de Vias;Sim;2;0;1;0;1;0;1;2;-17,884471;-39,845248;SPRF-BA;DEL09-BA;UOP02-DEL09-BA;;;
685433;17/04/2025;quinta-feira;15:30:00;SP;116;218;GUARULHOS;Manobra de mudan�a de faixa;Colis�o traseira;Com V�timas Feridas;Pleno dia;Crescente;C�u Claro;M�ltipla;Reta;Sim;2;0;0;1;1;0;1;2;-23,45756215;-46,47965133;SPRF-SP;DEL01-SP;UOP01-DEL01-SP;;;
685435;17/04/2025;quinta-feira;13:30:00;MT;70;307;POXOREU;Ultrapassagem Indevida;Sa�da de leito carro��vel;Com V�timas Feridas;Pleno dia;Crescente;Sol;Simples;Reta;N�o;5;0;1;0;3;1;1;2;-15,57241;-54,539517;SPRF-MT;DEL05-MT;UOP01-DEL05-MT;;;
685436;16/04/2025;quarta-feira;19:00:00;PA;10;33;DOM ELISEU;Aus�ncia de rea��o do condutor;Colis�o frontal;Com V�timas Feridas;Plena Noite;Decrescente;Nublado;Simples;"Curva;Declive";N�o;3;0;2;0;1;0;2;2;-4,16143;-47,544842;SPRF-PA;DEL02-PA;UOP02-DEL02-PA;;;
685437;17/04/2025;quinta-feira;14:30:00;PR;277;45,6;MORRETES;Objeto est�tico sobre o leito carro��vel;Colis�o com objeto;Com V�timas Fatais;Pleno dia;Decrescente;Nublado;Dupla;"Declive;Curva";N�o;12;1;2;1;3;5;3;3;-25,59712929;-48,9037388;SPRF-PR;DEL01-PR;UOP05-DEL01-PR;;;
685438;17/04/2025;quinta-feira;15:20:00;SC;282;2,1;FLORIANOPOLIS;Condutor deixou de manter dist�ncia do ve�culo da frente;Colis�o traseira;Com V�timas Feridas;Pleno dia;Decrescente;C�u Claro;M�ltipla;Reta;Sim;2;0;1;0;1;0;1;2;-27,60305922;-48,59188557;SPRF-SC;DEL01-SC;UOP01-DEL01-SC;;;
685439;17/04/2025;quinta-feira;15:35:00;DF;40;1;BRASILIA;Condutor deixou de manter dist�ncia do ve�culo da frente;Colis�o traseira;Com V�timas Feridas;Pleno dia;Crescente;Nublado;Dupla;Reta;Sim;3;0;1;0;2;0;1;2;-15,98232975;-47,98845291;SPRF-DF;DEL01-DF;UOP01-DEL01-DF;;;
685441;16/04/2025;quarta-feira;11:40:00;MS;163;495,6;CAMPO GRANDE;Aus�ncia de rea��o do condutor;Sa�da de leito carro��vel;Com V�timas Feridas;Pleno dia;Decrescente;Nublado;Simples;Rotat�ria;N�o;2;0;2;0;0;0;2;1;-20,36395119;-54,52857021;SPRF-MS;DEL01-MS;UOP02-DEL01-MS;;;
685442;17/04/2025;quinta-feira;14:50:00;RJ;101;303;SAO GONCALO;Trafegar com motocicleta (ou similar) entre as faixas;Colis�o traseira;Com V�timas Feridas;Pleno dia;Decrescente;C�u Claro;Dupla;Reta;Sim;5;0;1;0;4;0;1;4;-22,78299985;-42,97767774;SPRF-RJ;DEL02-RJ;UOP02-DEL02-RJ;;;
685443;17/04/2025;quinta-feira;16:00:00;SP;116;230;SAO PAULO;Rea��o tardia ou ineficiente do condutor;Colis�o traseira;Com V�timas Feridas;Pleno dia;Crescente;C�u Claro;M�ltipla;Reta;Sim;3;0;2;0;1;0;2;2;-23,5174404;-46,5817252;SPRF-SP;DEL01-SP;UOP01-DEL01-SP;;;
685446;17/04/2025;quinta-feira;15:30:00;MG;381;847;POUSO ALEGRE;Aus�ncia de rea��o do condutor;Sa�da de leito carro��vel;Com V�timas Feridas;Pleno dia;Decrescente;C�u Claro;Dupla;Reta;N�o;5;0;0;1;4;0;1;2;-22,22177833;-45,87316932;SPRF-MG;DEL16-MG;UOP01-DEL16-MG;;;
685447;17/04/2025;quinta-feira;14:50:00;SC;101;109,7;PENHA;Rea��o tardia ou ineficiente do condutor;Colis�o traseira;Sem V�timas;Pleno dia;Decrescente;C�u Claro;Dupla;Reta;N�o;2;0;0;0;2;0;0;2;-26,82790047;-48,69166374;SPRF-SC;DEL03-SC;UOP02-DEL03-SC;;;
685448;17/04/2025;quinta-feira;15:40:00;BA;116;470;SANTO ESTEVAO;Condutor Dormindo;Colis�o traseira;Sem V�timas;Pleno dia;Decrescente;C�u Claro;Dupla;Reta;N�o;3;0;0;0;3;0;0;2;-12,48591;-39,32164;SPRF-BA;DEL02-BA;UOP01-DEL02-BA;;;
685449;17/04/2025;quinta-feira;15:15:00;RN;226;1;NATAL;Acessar a via sem observar a presen�a dos outros ve�culos;Colis�o transversal;Com V�timas Feridas;Pleno dia;Crescente;C�u Claro;Simples;Reta;Sim;2;0;0;1;1;0;1;2;-5,802417;-35,237618;SPRF-RN;DEL01-RN;UOP02-DEL01-RN;;;
685451;17/04/2025;quinta-feira;16:11:00;TO;153;139;ARAGUAINA;Acessar a via sem observar a presen�a dos outros ve�culos;Colis�o transversal;Com V�timas Feridas;Pleno dia;Decrescente;C�u Claro;M�ltipla;Reta;Sim;2;0;1;0;1;0;1;2;-7,16220292;-48,20555672;SPRF-TO;DEL02-TO;UOP01-DEL02-TO;;;
685452;17/04/2025;quinta-feira;16:30:00;RS;386;416;MONTENEGRO;Acessar a via sem observar a presen�a dos outros ve�culos;Atropelamento de Pedestre;Com V�timas Feridas;Pleno dia;Decrescente;C�u Claro;Dupla;Reta;N�o;2;0;2;0;0;0;2;2;-29,8090496;-51,3769472;SPRF-RS;DEL04-RS;UOP02-DEL04-RS;;;
685453;17/04/2025;quinta-feira;15:50:00;BA;101;207,7;GOVERNADOR MANGABEIRA;Acessar a via sem observar a presen�a dos outros ve�culos;Colis�o transversal;Com V�timas Feridas;Pleno dia;Decrescente;C�u Claro;Simples;Curva;Sim;5;0;2;0;3;0;2;2;-12,601312;-39,050147;SPRF-BA;DEL01-BA;UOP02-DEL01-BA;;;
685454;17/04/2025;quinta-feira;15:30:00;PI;343;18;PARNAIBA;Acessar a via sem observar a presen�a dos outros ve�culos;Colis�o transversal;Com V�timas Feridas;Pleno dia;Crescente;C�u Claro;Simples;Reta;Sim;3;0;2;0;0;1;2;2;-2,96773799;-41,76017046;SPRF-PI;DEL05-PI;UOP01-DEL05-PI;;;
685456;17/04/2025;quinta-feira;16:52:00;SE;235;2;NOSSA SENHORA DO SOCORRO;Pedestre andava na pista;Atropelamento de Pedestre;Com V�timas Feridas;Pleno dia;Crescente;C�u Claro;Simples;Declive;Sim;3;0;1;0;1;1;1;2;-10,9050534;-37,1230298;SPRF-SE;DEL01-SE;UOP01-DEL01-SE;;;
685457;17/04/2025;quinta-feira;16:40:00;PE;101;61;PAULISTA;Transitar no Acostamento;Colis�o lateral mesmo sentido;Com V�timas Feridas;Anoitecer;Decrescente;C�u Claro;Dupla;Reta;Sim;2;0;1;0;1;0;1;2;-7,92774567;-34,88780263;SPRF-PE;DEL01-PE;UOP02-DEL01-PE;;;
685459;16/04/2025;quarta-feira;16:30:00;RJ;101;387;RIO DE JANEIRO;Aus�ncia de rea��o do condutor;Colis�o traseira;Com V�timas Feridas;Pleno dia;Crescente;C�u Claro;Dupla;Reta;N�o;2;0;1;0;1;0;1;2;-22,9600664;-43,5874581;SPRF-RJ;DEL03-RJ;UOP01-DEL03-RJ;;;
685460;17/04/2025;quinta-feira;14:10:00;MT;163;576;NOVA MUTUM;Velocidade Incompat�vel;Colis�o traseira;Com V�timas Feridas;Pleno dia;Decrescente;C�u Claro;Dupla;Reta;N�o;10;0;5;0;5;0;5;2;-14,01801802;-56,10320841;SPRF-MT;DEL01-MT;UOP01-DEL01-MT;;;
685461;05/03/2025;quarta-feira;19:00:00;PA;230;115;MARABA;Acessar a via sem observar a presen�a dos outros ve�culos;Colis�o lateral mesmo sentido;Com V�timas Feridas;Plena Noite;Crescente;Nublado;Dupla;Reta;Sim;7;0;2;3;0;2;5;4;-5,5448241;-49,0752932;SPRF-PA;DEL03-PA;UOP01-DEL03-PA;;;
685464;17/04/2025;quinta-feira;15:40:00;MG;365;428;PATOS DE MINAS;Mal s�bito do condutor;Colis�o transversal;Com V�timas Feridas;Pleno dia;Decrescente;Chuva;Simples;"Reta;Declive";N�o;4;0;1;2;1;0;3;3;-18,7518;-46,6451;SPRF-MG;DEL10-MG;UOP01-DEL10-MG;;;
685465;17/04/2025;quinta-feira;07:50:00;SC;101;134,8;BALNEARIO CAMBORIU;Manobra de mudan�a de faixa;Colis�o lateral mesmo sentido;Com V�timas Feridas;Pleno dia;Decrescente;C�u Claro;M�ltipla;Reta;Sim;2;0;0;1;1;0;1;2;-27,00427998;-48,62806535;SPRF-SC;DEL04-SC;UOP03-DEL04-SC;;;
685466;17/04/2025;quinta-feira;14:45:00;MS;267;481,2;JARDIM;Acessar a via sem observar a presen�a dos outros ve�culos;Colis�o transversal;Com V�timas Feridas;Pleno dia;Crescente;C�u Claro;Simples;Reta;Sim;2;0;1;0;1;0;1;2;-21,48186;-56,14179;SPRF-MS;DEL05-MS;UOP01-DEL05-MS;;;
685467;17/04/2025;quinta-feira;17:20:00;PR;277;723;FOZ DO IGUACU;Entrada inopinada do pedestre;Engavetamento;Com V�timas Feridas;Pleno dia;Decrescente;C�u Claro;Dupla;Reta;Sim;4;0;1;0;2;1;1;4;-25,49912853;-54,53035885;SPRF-PR;DEL05-PR;UOP03-DEL05-PR;;;
685470;06/04/2025;domingo;14:30:00;SC;101;153;PORTO BELO;Desrespeitar a prefer�ncia no cruzamento;Colis�o traseira;Com V�timas Feridas;Pleno dia;Decrescente;C�u Claro;Dupla;"Reta;Retorno Regulamentado";N�o;3;0;1;0;2;0;1;2;-27,14411;-48,610279;SPRF-SC;DEL04-SC;UOP03-DEL04-SC;;;
685471;17/04/2025;quinta-feira;17:30:00;PB;230;27;JOAO PESSOA;Condutor deixou de manter dist�ncia do ve�culo da frente;Colis�o traseira;Com V�timas Feridas;Plena Noite;Crescente;C�u Claro;Dupla;Reta;N�o;2;0;0;1;1;0;1;2;-7,16498483;-34,89175782;SPRF-PB;DEL01-PB;UOP01-DEL01-PB;;;
685474;17/04/2025;quinta-feira;17:06:00;RO;364;709;PORTO VELHO;Aus�ncia de rea��o do condutor;Tombamento;Com V�timas Feridas;Pleno dia;Crescente;Sol;Simples;Reta;Sim;1;0;1;0;0;0;1;1;-8,78993413;-63,85046841;SPRF-RO;DEL01-RO;UOP01-DEL01-RO;;;
685475;17/04/2025;quinta-feira;17:45:00;SP;381;49;ATIBAIA;Aus�ncia de rea��o do condutor;Colis�o lateral mesmo sentido;Com V�timas Feridas;Pleno dia;Decrescente;Garoa/Chuvisco;Dupla;"Reta;Aclive";Sim;2;0;1;0;1;0;1;2;-23,1931904;-46,5829888;SPRF-SP;DEL03-SP;UOP01-DEL03-SP;;;
685476;17/04/2025;quinta-feira;17:45:00;RN;101;83;NATAL;Rea��o tardia ou ineficiente do condutor;Colis�o traseira;Com V�timas Feridas;Anoitecer;Decrescente;C�u Claro;Dupla;Reta;Sim;3;0;1;0;1;1;1;2;-5,8053;-35,208;SPRF-RN;DEL02-RN;UOP01-DEL02-RN;;;
685477;16/04/2025;quarta-feira;22:15:00;SC;101;228,9;PALHOCA;Carga excessiva e/ou mal acondicionada;Colis�o com objeto;Com V�timas Feridas;Plena Noite;Decrescente;C�u Claro;Dupla;Curva;N�o;2;0;0;1;0;1;1;2;-27,7668;-48,63096;SPRF-SC;DEL01-SC;UOP02-DEL01-SC;;;
685478;17/04/2025;quinta-feira;16:30:00;MG;262;481;BOM DESPACHO;Aus�ncia de rea��o do condutor;Tombamento;Com V�timas Feridas;Pleno dia;Crescente;C�u Claro;Simples;"Reta;Aclive";N�o;1;0;1;0;0;0;1;1;-19,78446596;-45,35213471;SPRF-MG;DEL08-MG;UOP03-DEL08-MG;;;
685479;17/04/2025;quinta-feira;17:25:00;GO;153;500,7;GOIANIA;Acessar a via sem observar a presen�a dos outros ve�culos;Colis�o lateral mesmo sentido;Com V�timas Feridas;Pleno dia;Crescente;C�u Claro;Dupla;Viaduto;Sim;4;0;1;0;2;1;1;3;-16,70981155;-49,23122764;SPRF-GO;DEL01-GO;UOP01-DEL01-GO;;;
685480;17/04/2025;quinta-feira;14:30:00;SC;116;62,3;PAPANDUVA;Rea��o tardia ou ineficiente do condutor;Colis�o com objeto;Com V�timas Feridas;Pleno dia;Decrescente;C�u Claro;Simples;Reta;N�o;1;0;1;0;0;0;1;1;-26,399407;-50,225809;SPRF-SC;DEL06-SC;UOP02-DEL06-SC;;;
685482;16/04/2025;quarta-feira;19:20:00;SP;116;202;ARUJA;Aus�ncia de rea��o do condutor;Colis�o traseira;Com V�timas Feridas;Plena Noite;Decrescente;Nublado;M�ltipla;Reta;N�o;3;0;1;0;2;0;1;3;-23,40935484;-46,34182529;SPRF-SP;DEL01-SP;UOP01-DEL01-SP;;;
685484;17/04/2025;quinta-feira;18:10:00;DF;60;3,1;BRASILIA;Aus�ncia de rea��o do condutor;Colis�o traseira;Com V�timas Feridas;Pleno dia;Crescente;C�u Claro;Dupla;Reta;Sim;4;0;1;0;3;0;1;2;-15,889785;-48,085508;SPRF-DF;DEL03-DF;UOP01-DEL03-DF;;;
685486;16/04/2025;quarta-feira;10:30:00;PI;343;347,6;TERESINA;Rea��o tardia ou ineficiente do condutor;Colis�o lateral mesmo sentido;Com V�timas Feridas;Pleno dia;Decrescente;C�u Claro;Dupla;Reta;Sim;2;0;1;0;1;0;1;2;-5,117633;-42,784065;SPRF-PI;DEL01-PI;UOP01-DEL01-PI;;;
685487;17/04/2025;quinta-feira;14:30:00;MT;70;211;GENERAL CARNEIRO;Acumulo de areia ou detritos sobre o pavimento;Eventos at�picos;Sem V�timas;Pleno dia;Decrescente;Chuva;Simples;Reta;N�o;4;0;0;0;4;0;0;1;-15,742358;-53,791904;SPRF-MT;DEL05-MT;UOP01-DEL05-MT;;;
685489;17/04/2025;quinta-feira;18:23:00;PB;101;89,9;JOAO PESSOA;Rea��o tardia ou ineficiente do condutor;Colis�o lateral mesmo sentido;Com V�timas Feridas;Plena Noite;Crescente;C�u Claro;Dupla;Retorno Regulamentado;Sim;2;0;1;1;0;0;2;1;-7,1811743;-34,9191121;SPRF-PB;DEL01-PB;UOP01-DEL01-PB;;;
685490;17/04/2025;quinta-feira;17:15:00;SC;101;207;SAO JOSE;Manobra de mudan�a de faixa;Colis�o traseira;Com V�timas Feridas;Plena Noite;Crescente;Nublado;M�ltipla;"Reta;Aclive";Sim;3;0;2;0;1;0;2;3;-27,60212739;-48,62869344;SPRF-SC;DEL01-SC;UOP01-DEL01-SC;;;
685491;17/04/2025;quinta-feira;07:55:00;SC;470;195;PONTE ALTA;Velocidade Incompat�vel;Sa�da de leito carro��vel;Com V�timas Feridas;Pleno dia;Decrescente;Nublado;Simples;Curva;N�o;1;0;1;0;0;0;1;1;-27,30265981;-50,08256078;SPRF-SC;DEL04-SC;UOP02-DEL04-SC;;;
685493;17/04/2025;quinta-feira;18:53:00;TO;10;457;PALMAS;Rea��o tardia ou ineficiente do condutor;Engavetamento;Sem V�timas;Plena Noite;Decrescente;Chuva;Dupla;"Curva;Declive";Sim;3;0;0;0;3;0;0;3;-10,28254095;-48,2977956;SPRF-TO;DEL01-TO;UOP03-DEL01-TO;;;
685495;16/04/2025;quarta-feira;17:55:00;RJ;101;324;NITEROI;Aus�ncia de rea��o do condutor;Colis�o traseira;Com V�timas Feridas;Anoitecer;Crescente;Nublado;Dupla;Reta;N�o;8;0;1;0;7;0;1;4;-22,873518;-43,129008;SPRF-RJ;DEL02-RJ;UOP01-DEL02-RJ;;;
685498;17/04/2025;quinta-feira;17:35:00;BA;101;509;ITABUNA;Ultrapassagem Indevida;Colis�o frontal;Com V�timas Fatais;Plena Noite;Crescente;C�u Claro;Simples;Reta;N�o;4;1;2;0;1;0;2;2;-14,825611;-39,291727;SPRF-BA;DEL05-BA;UOP01-DEL05-BA;;;
685499;06/04/2025;domingo;16:40:00;MA;135;83,6;ITAPECURU MIRIM;Transitar na contram�o;Colis�o traseira;Com V�timas Feridas;Pleno dia;Crescente;Nublado;Simples;Reta;N�o;3;0;1;1;1;0;2;2;-3,30779235;-44,42184448;SPRF-MA;DEL01-MA;UOP02-DEL01-MA;;;
685500;16/04/2025;quarta-feira;16:20:00;MG;40;606,6;CONGONHAS;Acessar a via sem observar a presen�a dos outros ve�culos;Colis�o transversal;Com V�timas Feridas;Pleno dia;Decrescente;Garoa/Chuvisco;Simples;"Declive;Reta";N�o;3;0;1;0;2;0;1;3;-20,47445759;-43,84331696;SPRF-MG;DEL05-MG;UOP02-DEL05-MG;;;
685501;17/04/2025;quinta-feira;19:15:00;RN;101;78;SAO GONCALO DO AMARANTE;Manobra de mudan�a de faixa;Colis�o lateral mesmo sentido;Com V�timas Feridas;Plena Noite;Crescente;C�u Claro;M�ltipla;"Reta;Retorno Regulamentado";N�o;3;0;1;0;2;0;1;2;-5,74516719;-35,28990984;SPRF-RN;DEL02-RN;UOP01-DEL02-RN;;;
685503;17/04/2025;quinta-feira;18:07:00;CE;20;204;BOA VIAGEM;�rea urbana sem a presen�a de local apropriado para a travessia de pedestres;Atropelamento de Pedestre;Com V�timas Feridas;Plena Noite;Crescente;C�u Claro;Simples;Interse��o de Vias;Sim;3;0;0;1;2;0;1;2;-5,1189861;-39,7290975;SPRF-CE;DEL02-CE;UOP02-DEL02-CE;;;
685505;17/04/2025;quinta-feira;18:40:00;MG;365;625,5;UBERLANDIA;Condutor deixou de manter dist�ncia do ve�culo da frente;Colis�o traseira;Com V�timas Feridas;Plena Noite;Crescente;C�u Claro;Dupla;Reta;Sim;2;0;1;0;1;0;1;2;-18,91012776;-48,30609972;SPRF-MG;DEL15-MG;UOP01-DEL15-MG;;;
685506;17/04/2025;quinta-feira;18:30:00;RJ;116;147;DUQUE DE CAXIAS;Rea��o tardia ou ineficiente do condutor;Colis�o traseira;Com V�timas Feridas;Plena Noite;Decrescente;C�u Claro;Dupla;Reta;Sim;3;0;1;0;2;0;1;2;-22,6716845;-43,2837254;SPRF-RJ;DEL01-RJ;UOP02-DEL01-RJ;;;
685507;16/04/2025;quarta-feira;23:10:00;MG;40;617,8;CONGONHAS;Ingest�o de �lcool pelo condutor;Tombamento;Com V�timas Feridas;Plena Noite;Crescente;Nublado;Simples;Reta;Sim;2;0;0;2;0;0;2;1;-20,5640906;-43,81171703;SPRF-MG;DEL05-MG;UOP02-DEL05-MG;;;
685508;17/04/2025;quinta-feira;18:50:00;BA;415;49;ITABUNA;Animais na Pista;Queda de ocupante de ve�culo;Com V�timas Feridas;Plena Noite;Crescente;C�u Claro;Simples;"Curva;Declive";Sim;1;0;1;0;0;0;1;1;-14,82186848;-39,30936098;SPRF-BA;DEL05-BA;UOP01-DEL05-BA;;;
685509;17/04/2025;quinta-feira;16:40:00;MS;163;227;CAARAPO;Rea��o tardia ou ineficiente do condutor;Sa�da de leito carro��vel;Com V�timas Feridas;Anoitecer;Crescente;Chuva;Simples;Curva;N�o;1;0;1;0;0;0;1;1;-22,481434;-54,865935;SPRF-MS;DEL04-MS;UOP02-DEL04-MS;;;
685511;17/04/2025;quinta-feira;18:47:00;ES;101;233;SERRA;Velocidade Incompat�vel;Colis�o traseira;Com V�timas Feridas;Plena Noite;Decrescente;Garoa/Chuvisco;Dupla;Reta;N�o;4;0;1;0;3;0;1;2;-20,0409088;-40,38656;SPRF-ES;DEL02-ES;UOP01-DEL02-ES;;;
685512;17/04/2025;quinta-feira;18:30:00;SC;280;119,3;SAO BENTO DO SUL;Acessar a via sem observar a presen�a dos outros ve�culos;Colis�o lateral mesmo sentido;Com V�timas Feridas;Plena Noite;Decrescente;C�u Claro;Simples;Reta;N�o;4;0;1;1;2;0;2;2;-26,264013;-49,43715;SPRF-SC;DEL06-SC;UOP03-DEL06-SC;;;
685513;17/04/2025;quinta-feira;18:02:00;SP;153;347;OURINHOS;Ingest�o de �lcool pelo condutor;Colis�o traseira;Sem V�timas;Anoitecer;Crescente;C�u Claro;Dupla;"Reta;Ponte";N�o;3;0;0;0;3;0;0;2;-22,99719689;-49,90528638;SPRF-SP;DEL07-SP;UOP03-DEL07-SP;;;
685514;17/04/2025;quinta-feira;18:20:00;PB;230;346,1;PATOS;Animais na Pista;Atropelamento de Animal;Com V�timas Feridas;Plena Noite;Crescente;C�u Claro;Simples;Reta;N�o;2;0;1;0;1;0;1;1;-6,957552;-37,370952;SPRF-PB;DEL03-PB;UOP01-DEL03-PB;;;
685517;17/04/2025;quinta-feira;18:30:00;BA;110;184;RIBEIRA DO POMBAL;Ultrapassagem Indevida;Atropelamento de Pedestre;Com V�timas Fatais;Plena Noite;Crescente;C�u Claro;Simples;"Reta;Declive";N�o;2;1;0;0;0;1;0;2;-10,920107;-38,520179;SPRF-BA;DEL07-BA;UOP02-DEL07-BA;;;
685518;17/04/2025;quinta-feira;18:15:00;RS;392;56,8;RIO GRANDE;Demais falhas mec�nicas ou el�tricas;Sa�da de leito carro��vel;Sem V�timas;Plena Noite;Crescente;C�u Claro;Dupla;Curva;N�o;2;0;0;0;2;0;0;1;-32,00189634;-52,28708746;SPRF-RS;DEL07-RS;UOP02-DEL07-RS;;;
685519;17/04/2025;quinta-feira;19:45:00;SC;470;139,8;RIO DO SUL;Desrespeitar a prefer�ncia no cruzamento;Colis�o transversal;Com V�timas Feridas;Plena Noite;Decrescente;Nublado;Simples;Rotat�ria;Sim;2;0;1;0;1;0;1;2;-27,20238875;-49,63371992;SPRF-SC;DEL04-SC;UOP02-DEL04-SC;;;