id;data_inversa;dia_semana;horario;uf;br;km;municipio;causa_acidente;tipo_acidente;classificacao_acidente;fase_dia;sentido_via;condicao_metereologica;tipo_pista;tracado_via;uso_solo;pessoas;mortos;feridos_leves;feridos_graves;ilesos;ignorados;feridos;veiculos;latitude;longitude;regional;delegacia;uop;;;
685520;17/04/2025;quinta-feira;19:00:00;PB;230;86;GURINHEM;Entrada inopinada do pedestre;Atropelamento de Pedestre;Com V�timas Fatais;Plena Noite;Decrescente;C�u Claro;Dupla;"Reta;Retorno Regulamentado";N�o;4;1;0;0;2;1;0;2;-7,169085;-35,37372;SPRF-PB;DEL01-PB;UOP02-DEL01-PB;;;
685521;17/04/2025;quinta-feira;18:22:00;RJ;116;145;DUQUE DE CAXIAS;Rea��o tardia ou ineficiente do condutor;Engavetamento;Sem V�timas;Plena Noite;Decrescente;C�u Claro;Dupla;Reta;Sim;4;0;0;0;4;0;0;3;-22,6721792;-43,2799744;SPRF-RJ;DEL01-RJ;UOP02-DEL01-RJ;;;
685524;17/04/2025;quinta-feira;19:25:00;SC;101;334,3;TUBARAO;Condutor deixou de manter dist�ncia do ve�culo da frente;Colis�o traseira;Com V�timas Feridas;Plena Noite;Decrescente;C�u Claro;M�ltipla;"Reta;Aclive";N�o;4;0;2;0;2;0;2;2;-28,471815;-49,021654;SPRF-SC;DEL02-SC;UOP01-DEL02-SC;;;
685525;17/04/2025;quinta-feira;16:27:00;AC;364;131;RIO BRANCO;Convers�o proibida;Colis�o transversal;Com V�timas Feridas;Pleno dia;Crescente;Nublado;Simples;"Ponte;Reta";Sim;2;0;0;1;1;0;1;2;-10,01172493;-67,84349978;SPRF-AC;DEL01-AC;UOP01-DEL01-AC;;;
685526;17/04/2025;quinta-feira;15:50:00;MT;364;435;VARZEA GRANDE;Acesso irregular;Colis�o transversal;Com V�timas Feridas;Pleno dia;Decrescente;C�u Claro;Dupla;Reta;Sim;2;0;1;0;1;0;1;2;-15,64296;-56,20055;SPRF-MT;DEL01-MT;UOP02-DEL01-MT;;;
685527;16/04/2025;quarta-feira;23:20:00;MG;381;429;SABARA;Pista Escorregadia;Sa�da de leito carro��vel;Com V�timas Feridas;Plena Noite;Crescente;Nublado;Simples;Curva;Sim;2;0;1;0;1;0;1;1;-19,790434;-43,68902206;SPRF-MG;DEL01-MG;UOP01-DEL01-MG;;;
685528;17/04/2025;quinta-feira;20:00:00;RS;468;91;TRES PASSOS;Acessar a via sem observar a presen�a dos outros ve�culos;Colis�o transversal;Com V�timas Feridas;Plena Noite;Crescente;Nublado;Simples;Reta;N�o;4;0;2;0;2;0;2;2;-27,4709933;-53,918396;SPRF-RS;DEL08-RS;UOP02-DEL08-RS;;;
685529;17/04/2025;quinta-feira;19:05:00;RS;386;389;TRIUNFO;Acessar a via sem observar a presen�a dos outros ve�culos;Colis�o transversal;Com V�timas Feridas;Plena Noite;Crescente;C�u Claro;Dupla;"Reta;Retorno Regulamentado";Sim;5;0;3;0;2;0;3;2;-29,70201216;-51,67314291;SPRF-RS;DEL04-RS;UOP02-DEL04-RS;;;
685530;17/04/2025;quinta-feira;19:30:00;RJ;493;107;SEROPEDICA;Rea��o tardia ou ineficiente do condutor;Atropelamento de Animal;Com V�timas Feridas;Plena Noite;Decrescente;C�u Claro;Dupla;Reta;N�o;1;0;1;0;0;0;1;1;-22,80069723;-43,78904164;SPRF-RJ;DEL01-RJ;UOP03-DEL01-RJ;;;
685531;17/04/2025;quinta-feira;20:00:00;SC;101;110;PENHA;Rea��o tardia ou ineficiente do condutor;Colis�o transversal;Com V�timas Feridas;Plena Noite;Crescente;C�u Claro;Dupla;Reta;Sim;3;0;1;0;2;0;1;3;-26,83472132;-48,70294897;SPRF-SC;DEL03-SC;UOP02-DEL03-SC;;;
685532;17/04/2025;quinta-feira;20:15:00;SP;116;224;GUARULHOS;Aus�ncia de rea��o do condutor;Colis�o traseira;Com V�timas Feridas;Plena Noite;Decrescente;Nublado;M�ltipla;Reta;Sim;3;0;1;0;2;0;1;2;-23,482757;-46,536171;SPRF-SP;DEL01-SP;UOP01-DEL01-SP;;;
685534;17/04/2025;quinta-feira;19:45:00;BA;116;8;VITORIA DA CONQUISTA;Defici�ncia do Sistema de Ilumina��o/Sinaliza��o;Colis�o transversal;Com V�timas Feridas;Plena Noite;Crescente;C�u Claro;Simples;Interse��o de Vias;N�o;3;0;2;0;1;0;2;2;-14,85094686;-40,88298261;SPRF-BA;DEL08-BA;UOP01-DEL08-BA;;;
685535;17/04/2025;quinta-feira;11:30:00;RJ;101;295;SAO GONCALO;Aus�ncia de rea��o do condutor;Colis�o traseira;Com V�timas Feridas;Pleno dia;Decrescente;Sol;Dupla;Reta;Sim;2;0;1;0;0;1;1;2;-22,7928849;-43,0248143;SPRF-RJ;DEL02-RJ;UOP02-DEL02-RJ;;;
685536;17/04/2025;quinta-feira;18:30:00;MA;135;8;SAO LUIS;Acessar a via sem observar a presen�a dos outros ve�culos;Colis�o transversal;Com V�timas Feridas;Plena Noite;Decrescente;C�u Claro;Dupla;Reta;Sim;3;0;1;2;0;0;3;2;-2,644995;-44,274685;SPRF-MA;DEL01-MA;UOP01-DEL01-MA;;;
685538;17/04/2025;quinta-feira;19:55:00;RS;290;580;ALEGRETE;Acessar a via sem observar a presen�a dos outros ve�culos;Colis�o transversal;Com V�timas Feridas;Plena Noite;Decrescente;C�u Claro;Simples;"Interse��o de Vias;Curva";N�o;2;0;0;1;1;0;1;2;-29,81063579;-55,82149029;SPRF-RS;DEL13-RS;UOP02-DEL13-RS;;;
685539;17/04/2025;quinta-feira;19:17:00;PR;277;77;CURITIBA;Rea��o tardia ou ineficiente do condutor;Tombamento;Com V�timas Feridas;Plena Noite;Crescente;Nublado;Dupla;Reta;Sim;1;0;1;0;0;0;1;1;-25,482297;-49,193305;SPRF-PR;DEL01-PR;UOP07-DEL01-PR;;;
685541;17/04/2025;quinta-feira;20:25:00;RS;285;120,6;VACARIA;Condutor deixou de manter dist�ncia do ve�culo da frente;Engavetamento;Com V�timas Feridas;Plena Noite;Decrescente;C�u Claro;Simples;Reta;Sim;5;0;1;0;4;0;1;3;-28,51040793;-50,93478441;SPRF-RS;DEL05-RS;UOP03-DEL05-RS;;;
685542;17/04/2025;quinta-feira;19:00:00;PR;376;149;PRESIDENTE CASTELO BRANCO;Rea��o tardia ou ineficiente do condutor;Sa�da de leito carro��vel;Com V�timas Feridas;Plena Noite;Decrescente;C�u Claro;Dupla;Reta;N�o;4;0;2;2;0;0;4;1;-23,294785;-52,120734;SPRF-PR;DEL09-PR;UOP02-DEL09-PR;;;
685543;16/04/2025;quarta-feira;07:15:00;MG;381;924,5;CAMANDUCAIA;Velocidade Incompat�vel;Colis�o com objeto;Com V�timas Feridas;Pleno dia;Decrescente;Chuva;Dupla;Curva;N�o;3;0;2;0;1;0;2;1;-22,77033951;-46,193397;SPRF-MG;DEL16-MG;UOP03-DEL16-MG;;;
685545;17/04/2025;quinta-feira;20:30:00;RS;158;565,8;SANTANA DO LIVRAMENTO;Acessar a via sem observar a presen�a dos outros ve�culos;Colis�o transversal;Com V�timas Feridas;Plena Noite;Crescente;C�u Claro;Simples;"Reta;Interse��o de Vias";Sim;3;0;0;2;1;0;2;2;-30,876664;-55,510685;SPRF-RS;DEL11-RS;UOP01-DEL11-RS;;;
685547;17/04/2025;quinta-feira;18:40:00;MG;40;525;CONTAGEM;Pedestre andava na pista;Atropelamento de Pedestre;Com V�timas Feridas;Anoitecer;Crescente;Nublado;Dupla;Reta;Sim;2;0;0;1;0;1;1;2;-19,88519;-44,05045;SPRF-MG;DEL01-MG;UOP02-DEL01-MG;;;
685548;17/04/2025;quinta-feira;14:20:00;BA;367;74;EUNAPOLIS;Condutor deixou de manter dist�ncia do ve�culo da frente;Colis�o traseira;Sem V�timas;Pleno dia;Crescente;Nublado;Simples;Reta;N�o;5;0;0;0;5;0;0;2;-16,38368;-39,49449;SPRF-BA;DEL09-BA;UOP03-DEL09-BA;;;
685549;17/04/2025;quinta-feira;19:44:00;MT;163;839;SINOP;Acessar a via sem observar a presen�a dos outros ve�culos;Colis�o transversal;Com V�timas Feridas;Plena Noite;Crescente;C�u Claro;Simples;"Reta;Interse��o de Vias";Sim;2;0;0;1;1;0;1;2;-11,82104885;-55,4847532;SPRF-MT;DEL06-MT;UOP02-DEL06-MT;;;
685550;17/04/2025;quinta-feira;21:10:00;SC;101;200,2;SAO JOSE;Mal s�bito do condutor;Colis�o com objeto;Com V�timas Feridas;Plena Noite;Crescente;C�u Claro;M�ltipla;"Reta;Aclive";N�o;2;0;1;1;0;0;2;1;-27,54110061;-48,62233216;SPRF-SC;DEL01-SC;UOP01-DEL01-SC;;;
685551;17/04/2025;quinta-feira;18:40:00;MT;163;840;SINOP;Ultrapassagem Indevida;Colis�o com objeto;Com V�timas Feridas;Plena Noite;Decrescente;C�u Claro;Simples;Reta;N�o;1;0;1;0;0;0;1;1;-11,819817;-55,484461;SPRF-MT;DEL06-MT;UOP02-DEL06-MT;;;
685552;17/04/2025;quinta-feira;20:30:00;PR;153;226,8;TIBAGI;Ultrapassagem Indevida;Colis�o frontal;Com V�timas Feridas;Plena Noite;Crescente;C�u Claro;Simples;Reta;N�o;4;0;4;0;0;0;4;2;-24,67538466;-50,45039523;SPRF-PR;DEL03-PR;UOP02-DEL03-PR;;;
685553;17/04/2025;quinta-feira;16:36:00;PI;230;28,5;FRONTEIRAS;Pista esburacada;Colis�o com objeto;Com V�timas Fatais;Pleno dia;Crescente;C�u Claro;Simples;Reta;N�o;6;3;1;2;0;0;3;1;-7,104587;-40,710892;SPRF-PI;DEL04-PI;UOP03-DEL04-PI;;;
685554;17/04/2025;quinta-feira;18:00:00;MG;262;461;ARAUJOS;Ultrapassagem Indevida;Sa�da de leito carro��vel;Com V�timas Feridas;Plena Noite;Decrescente;C�u Claro;Simples;Reta;N�o;2;0;1;0;1;0;1;1;-19,80912409;-45,11737347;SPRF-MG;DEL08-MG;UOP03-DEL08-MG;;;
685555;23/03/2025;domingo;02:00:00;AP;210;1,9;MACAPA;Rea��o tardia ou ineficiente do condutor;Capotamento;Sem V�timas;Plena Noite;Crescente;Nublado;Dupla;Reta;Sim;2;0;0;0;2;0;0;1;0,08489825;-51,08085047;SPRF-AP;DEL01-AP;UOP01-DEL01-AP;;;
685556;17/04/2025;quinta-feira;21:20:00;SC;101;208;SAO JOSE;Manobra de mudan�a de faixa;Colis�o lateral mesmo sentido;Com V�timas Feridas;Plena Noite;Decrescente;C�u Claro;M�ltipla;Reta;Sim;2;0;0;1;1;0;1;2;-27,604724;-48,63293578;SPRF-SC;DEL01-SC;UOP01-DEL01-SC;;;
685558;17/04/2025;quinta-feira;20:00:00;SC;101;10,2;GARUVA;Pedestre andava na pista;Atropelamento de Pedestre;Com V�timas Fatais;Plena Noite;Decrescente;Nublado;M�ltipla;Reta;N�o;3;1;0;0;0;2;0;2;-26,06485427;-48,86007244;SPRF-SC;DEL03-SC;UOP01-DEL03-SC;;;
685559;17/04/2025;quinta-feira;21:20:00;SE;235;52,5;ITABAIANA;Defici�ncia do Sistema de Ilumina��o/Sinaliza��o;Atropelamento de Pedestre;Com V�timas Feridas;Plena Noite;Crescente;C�u Claro;Simples;Reta;N�o;4;0;0;1;2;1;1;2;-10,68551106;-37,44032264;SPRF-SE;DEL01-SE;UOP02-DEL01-SE;;;
685560;17/04/2025;quinta-feira;21:00:00;RN;0;0;NATAL;Acumulo de areia ou detritos sobre o pavimento;Colis�o traseira;Sem V�timas;Plena Noite;N�o Informado;C�u Claro;Simples;Reta;Sim;2;0;0;0;2;0;0;2;-5,8608147;-35,207945;SPRF-RN;DEL01-RN;UOP01-DEL01-RN;;;
685561;17/04/2025;quinta-feira;21:10:00;PE;101;8,1;GOIANA;Animais na Pista;Atropelamento de Animal;Com V�timas Feridas;Plena Noite;Decrescente;C�u Claro;Dupla;Reta;Sim;1;0;1;0;0;0;1;1;-7,570485;-34,988975;SPRF-PE;DEL01-PE;UOP02-DEL01-PE;;;
685562;17/04/2025;quinta-feira;18:50:00;SC;101;208;SAO JOSE;Condutor deixou de manter dist�ncia do ve�culo da frente;Colis�o traseira;Com V�timas Feridas;Plena Noite;Decrescente;C�u Claro;M�ltipla;Reta;Sim;2;0;1;0;0;1;1;2;-27,604;-48,63333;SPRF-SC;DEL01-SC;UOP01-DEL01-SC;;;
685563;17/04/2025;quinta-feira;20:40:00;RS;285;118;VACARIA;Entrada inopinada do pedestre;Atropelamento de Pedestre;Com V�timas Feridas;Plena Noite;Crescente;Chuva;Simples;Reta;Sim;2;0;0;1;1;0;1;2;-28,50742871;-50,91304779;SPRF-RS;DEL05-RS;UOP03-DEL05-RS;;;
685564;17/04/2025;quinta-feira;19:30:00;SC;101;125;ITAJAI;Manobra de mudan�a de faixa;Colis�o traseira;Com V�timas Feridas;Plena Noite;Crescente;Nublado;M�ltipla;Curva;N�o;2;0;0;1;1;0;1;2;-26,9502376;-48,68056644;SPRF-SC;DEL04-SC;UOP04-DEL04-SC;;;
685565;17/04/2025;quinta-feira;22:00:00;SP;116;204;ARUJA;Manobra de mudan�a de faixa;Colis�o transversal;Sem V�timas;Plena Noite;Decrescente;Ignorado;Dupla;Reta;N�o;3;0;0;0;3;0;0;2;-23,41321463;-46,3605957;SPRF-SP;DEL01-SP;UOP01-DEL01-SP;;;
685566;17/04/2025;quinta-feira;21:15:00;PR;369;174,8;ROLANDIA;Ingest�o de �lcool pelo condutor;Sa�da de leito carro��vel;Com V�timas Feridas;Plena Noite;Crescente;Nublado;Dupla;Reta;Sim;1;0;1;0;0;0;1;1;-23,323;-51,385;SPRF-PR;DEL07-PR;UOP01-DEL07-PR;;;
685567;17/04/2025;quinta-feira;19:18:00;RO;364;424;JARU;Acessar a via sem observar a presen�a dos outros ve�culos;Colis�o transversal;Com V�timas Feridas;Plena Noite;Decrescente;C�u Claro;Dupla;Interse��o de Vias;N�o;3;0;1;0;2;0;1;2;-10,43850134;-62,47065537;SPRF-RO;DEL03-RO;UOP02-DEL03-RO;;;
685569;17/04/2025;quinta-feira;19:40:00;BA;420;267;JIQUIRICA;Aus�ncia de rea��o do condutor;Colis�o transversal;Com V�timas Feridas;Plena Noite;Decrescente;C�u Claro;Simples;Reta;Sim;2;0;1;0;1;0;1;2;-13,25197847;-39,56708662;SPRF-BA;DEL01-BA;UOP02-DEL01-BA;;;
685570;03/03/2025;segunda-feira;13:30:00;AL;424;92,9;PILAR;Acessar a via sem observar a presen�a dos outros ve�culos;Colis�o lateral mesmo sentido;Com V�timas Feridas;Pleno dia;Crescente;C�u Claro;Simples;Reta;N�o;4;0;3;0;1;0;3;2;-9,60214002;-35,8779037;SPRF-AL;DEL02-AL;UOP01-DEL02-AL;;;
685571;17/04/2025;quinta-feira;22:45:00;SP;381;51;ATIBAIA;Manobra de mudan�a de faixa;Colis�o frontal;Com V�timas Feridas;Plena Noite;Crescente;C�u Claro;Simples;Reta;N�o;3;0;2;0;1;0;2;2;-23,21973831;-46,59580097;SPRF-SP;DEL03-SP;UOP01-DEL03-SP;;;
685575;17/04/2025;quinta-feira;22:10:00;RJ;116;116;GUAPIMIRIM;Acessar a via sem observar a presen�a dos outros ve�culos;Colis�o traseira;Com V�timas Feridas;Plena Noite;Decrescente;C�u Claro;Dupla;Reta;Sim;2;0;1;0;1;0;1;2;-22,57865504;-43,01008152;SPRF-RJ;DEL04-RJ;UOP02-DEL04-RJ;;;
685576;17/04/2025;quinta-feira;23:00:00;ES;101;269,7;SERRA;Rea��o tardia ou ineficiente do condutor;Engavetamento;Com V�timas Feridas;Plena Noite;Decrescente;Nublado;Dupla;Reta;Sim;5;0;1;0;4;0;1;3;-20,224463;-40,270198;SPRF-ES;DEL02-ES;UOP01-DEL02-ES;;;
685577;17/04/2025;quinta-feira;20:30:00;MT;163;835;SINOP;Acostamento em desn�vel;Queda de ocupante de ve�culo;Com V�timas Feridas;Plena Noite;Decrescente;Nublado;Simples;Viaduto;Sim;2;0;2;0;0;0;2;1;-11,8573017;-55,49425006;SPRF-MT;DEL06-MT;UOP02-DEL06-MT;;;
685579;17/04/2025;quinta-feira;22:25:00;PB;230;15,2;JOAO PESSOA;Aus�ncia de rea��o do condutor;Colis�o lateral mesmo sentido;Com V�timas Feridas;Plena Noite;Crescente;C�u Claro;Dupla;"Aclive;Curva";Sim;3;0;2;0;0;1;2;2;-7,101739;-34,847534;SPRF-PB;DEL01-PB;UOP01-DEL01-PB;;;
685581;17/04/2025;quinta-feira;18:00:00;AM;174;919,7;MANAUS;Rea��o tardia ou ineficiente do condutor;Sa�da de leito carro��vel;Sem V�timas;Anoitecer;Decrescente;C�u Claro;Simples;Reta;N�o;1;0;0;0;1;0;0;1;-2,5546618;-60,3964505;SPRF-AM;DEL01-AM;UOP01-DEL01-AM;;;
685582;17/04/2025;quinta-feira;22:15:00;SC;101;6,7;BIGUACU;Animais na Pista;Atropelamento de Animal;Com V�timas Feridas;Plena Noite;Crescente;C�u Claro;Dupla;Reta;N�o;4;0;3;0;1;0;3;1;-27,38328862;-48,68717909;SPRF-SC;DEL01-SC;UOP01-DEL01-SC;;;
685583;17/04/2025;quinta-feira;21:00:00;MG;50;166;UBERABA;Acessar a via sem observar a presen�a dos outros ve�culos;Colis�o lateral mesmo sentido;Com V�timas Feridas;Anoitecer;Decrescente;C�u Claro;Dupla;"Viaduto;Reta";Sim;4;0;2;0;2;0;2;2;-19,7795488;-47,94432417;SPRF-MG;DEL13-MG;UOP01-DEL13-MG;;;
685585;17/04/2025;quinta-feira;22:45:00;SP;116;2;GUARULHOS;Rea��o tardia ou ineficiente do condutor;Colis�o traseira;Com V�timas Feridas;Plena Noite;Crescente;Nublado;Dupla;Aclive;Sim;2;0;1;0;0;1;1;2;-23,44991755;-46,48977089;SPRF-SP;DEL01-SP;UOP01-DEL01-SP;;;
685587;17/04/2025;quinta-feira;22:00:00;PB;230;157,4;CAMPINA GRANDE;Acessar a via sem observar a presen�a dos outros ve�culos;Colis�o transversal;Com V�timas Feridas;Plena Noite;Decrescente;C�u Claro;Simples;"Reta;Interse��o de Vias";Sim;2;0;1;0;1;0;1;2;-7,26283867;-35,92148131;SPRF-PB;DEL02-PB;UOP01-DEL02-PB;;;
685588;17/04/2025;quinta-feira;21:40:00;MS;163;484,3;CAMPO GRANDE;Acessar a via sem observar a presen�a dos outros ve�culos;Colis�o transversal;Com V�timas Feridas;Plena Noite;Crescente;Nublado;Simples;Reta;N�o;2;0;1;0;1;0;1;2;-20,447365;-54,540913;SPRF-MS;DEL01-MS;UOP02-DEL01-MS;;;
685589;17/04/2025;quinta-feira;22:50:00;PE;101;6;GOIANA;Animais na Pista;Atropelamento de Animal;Com V�timas Feridas;Plena Noite;Decrescente;C�u Claro;Dupla;Reta;N�o;1;0;1;0;0;0;1;1;-7,5419229;-34,9932013;SPRF-PE;DEL01-PE;UOP02-DEL01-PE;;;
685591;17/04/2025;quinta-feira;15:00:00;SP;116;139;SAO JOSE DOS CAMPOS;Rea��o tardia ou ineficiente do condutor;Colis�o lateral mesmo sentido;Com V�timas Feridas;Pleno dia;Decrescente;Sol;Dupla;Reta;Sim;2;0;1;0;0;1;1;2;-23,16243317;-45,8052206;SPRF-SP;DEL02-SP;UOP01-DEL02-SP;;;
685592;17/04/2025;quinta-feira;09:20:00;PB;230;156,5;CAMPINA GRANDE;Demais falhas mec�nicas ou el�tricas;Inc�ndio;Sem V�timas;Pleno dia;Decrescente;C�u Claro;Dupla;"Reta;Em Obras";N�o;1;0;0;0;1;0;0;1;-7,26745;-35,916277;SPRF-PB;DEL02-PB;UOP01-DEL02-PB;;;
685594;17/04/2025;quinta-feira;18:15:00;SP;116;107,3;TAUBATE;Rea��o tardia ou ineficiente do condutor;Colis�o traseira;Com V�timas Feridas;Plena Noite;Crescente;C�u Claro;Dupla;Reta;Sim;2;0;1;0;1;0;1;2;-23,01604703;-45,52755833;SPRF-SP;DEL02-SP;UOP02-DEL02-SP;;;
685595;17/04/2025;quinta-feira;23:20:00;MG;116;526;CARATINGA;Aus�ncia de rea��o do condutor;Atropelamento de Pedestre;Com V�timas Feridas;Pleno dia;Crescente;Garoa/Chuvisco;Dupla;Reta;Sim;3;0;0;1;0;2;1;2;-19,76734974;-42,13119507;SPRF-MG;DEL06-MG;UOP02-DEL06-MG;;;
685597;17/04/2025;quinta-feira;23:35:00;RS;290;50,8;GLORINHA;Rea��o tardia ou ineficiente do condutor;Sa�da de leito carro��vel;Com V�timas Feridas;Pleno dia;Crescente;Nublado;Dupla;Reta;N�o;2;0;1;0;1;0;1;1;-29,911401;-50,77631213;SPRF-RS;DEL03-RS;UOP01-DEL03-RS;;;
685599;17/04/2025;quinta-feira;23:00:00;PB;412;112;SUME;Ingest�o de �lcool pelo condutor;Queda de ocupante de ve�culo;Com V�timas Feridas;Plena Noite;Crescente;C�u Claro;Simples;Reta;N�o;1;0;0;1;0;0;1;1;-7,68535933;-36,89602822;SPRF-PB;DEL02-PB;UOP02-DEL02-PB;;;
685600;16/04/2025;quarta-feira;21:35:00;BA;324;616;SALVADOR;Aus�ncia de rea��o do condutor;Tombamento;Com V�timas Feridas;Plena Noite;Decrescente;C�u Claro;Dupla;Reta;N�o;1;0;1;0;0;0;1;1;-12,887039;-38,439362;SPRF-BA;DEL01-BA;UOP01-DEL01-BA;;;
685601;17/04/2025;quinta-feira;23:45:00;PB;230;241;JUAZEIRINHO;Ultrapassagem Indevida;Colis�o lateral mesmo sentido;Com V�timas Feridas;Plena Noite;Crescente;C�u Claro;Simples;Reta;Sim;2;0;0;1;1;0;1;2;-7,06910209;-36,58772942;SPRF-PB;DEL02-PB;UOP02-DEL02-PB;;;
685603;17/04/2025;quinta-feira;23:10:00;PR;376;2,8;SAO JOSE DOS PINHAIS;Pedestre andava na pista;Atropelamento de Pedestre;Com V�timas Fatais;Plena Noite;Crescente;Nublado;Dupla;Reta;Sim;4;1;0;0;3;0;0;2;-25,5449151;-49,1898321;SPRF-PR;DEL01-PR;UOP04-DEL01-PR;;;
685604;17/04/2025;quinta-feira;21:30:00;RS;285;150,1;MUITOS CAPOES;Aus�ncia de rea��o do condutor;Sa�da de leito carro��vel;Com V�timas Feridas;Plena Noite;Crescente;Nublado;Simples;Reta;N�o;1;0;1;0;0;0;1;1;-28,348825;-51,143509;SPRF-RS;DEL05-RS;UOP03-DEL05-RS;;;
685605;17/04/2025;quinta-feira;21:30:00;MT;0;0;RONDONOPOLIS;Rea��o tardia ou ineficiente do condutor;Colis�o traseira;Com V�timas Feridas;Plena Noite;N�o Informado;Nublado;Dupla;Reta;Sim;4;0;0;1;3;0;1;2;-16,417053;-54,7069434;SPRF-MT;DEL02-MT;UOP01-DEL02-MT;;;
685607;18/04/2025;sexta-feira;01:10:00;PR;376;490,1;PONTA GROSSA;Rea��o tardia ou ineficiente do condutor;Colis�o traseira;Com V�timas Feridas;Plena Noite;Crescente;C�u Claro;Dupla;Curva;Sim;2;0;1;0;1;0;1;2;-25,10194154;-50,19703746;SPRF-PR;DEL03-PR;UOP04-DEL03-PR;;;
685608;18/04/2025;sexta-feira;01:05:00;PR;277;309;GUARAPUAVA;Demais falhas mec�nicas ou el�tricas;Inc�ndio;Sem V�timas;Plena Noite;Crescente;Nublado;Simples;"Reta;Aclive";N�o;4;0;0;0;4;0;0;1;-25,31085074;-51,21317418;SPRF-PR;DEL08-PR;UOP01-DEL08-PR;;;
685609;18/04/2025;sexta-feira;01:10:00;MS;163;666,1;RIO VERDE DE MATO GROSSO;Aus�ncia de rea��o do condutor;Tombamento;Com V�timas Feridas;Amanhecer;Decrescente;Nublado;Simples;Reta;N�o;1;0;1;0;0;0;1;1;-19,033773;-54,8188;SPRF-MS;DEL06-MS;UOP02-DEL06-MS;;;
685610;18/04/2025;sexta-feira;00:30:00;GO;60;173,4;ABADIA DE GOIAS;Velocidade Incompat�vel;Sa�da de leito carro��vel;Com V�timas Fatais;Plena Noite;Decrescente;Nublado;Dupla;Reta;N�o;1;1;0;0;0;0;0;1;-16,75337652;-49,43357202;SPRF-GO;DEL01-GO;UOP02-DEL01-GO;;;
685611;17/04/2025;quinta-feira;22:50:00;MT;163;1061,6;GUARANTA DO NORTE;Transitar na contram�o;Colis�o frontal;Com V�timas Feridas;Plena Noite;Crescente;C�u Claro;Simples;Reta;N�o;3;0;1;1;1;0;2;2;-9,75703067;-54,89461779;SPRF-MT;DEL06-MT;UOP03-DEL06-MT;;;
685612;18/04/2025;sexta-feira;01:20:00;RS;116;231;ESTANCIA VELHA;Transitar na contram�o;Colis�o frontal;Com V�timas Fatais;Plena Noite;Decrescente;C�u Claro;Simples;"Aclive;Curva";N�o;5;1;1;0;1;2;1;3;-29,6285775;-51,14340839;SPRF-RS;DEL01-RS;UOP02-DEL01-RS;;;
685614;17/04/2025;quinta-feira;10:20:00;SC;101;356;SANGAO;Rea��o tardia ou ineficiente do condutor;Engavetamento;Com V�timas Feridas;Pleno dia;Decrescente;C�u Claro;M�ltipla;Reta;Sim;8;0;3;0;5;0;3;6;-28,64071782;-49,09887135;SPRF-SC;DEL02-SC;UOP01-DEL02-SC;;;
685615;18/04/2025;sexta-feira;01:50:00;PE;104;65;CARUARU;Condutor desrespeitou a ilumina��o vermelha do sem�foro;Colis�o transversal;Com V�timas Fatais;Plena Noite;Crescente;C�u Claro;Simples;"Declive;Interse��o de Vias;Retorno Regulamentado;Viaduto";Sim;4;1;0;0;3;0;0;2;-8,27581884;-35,98211104;SPRF-PE;DEL02-PE;UOP01-DEL02-PE;;;
685617;18/04/2025;sexta-feira;02:30:00;PR;277;729;FOZ DO IGUACU;Falta de elemento de conten��o que evite a sa�da do leito carro��vel;Sa�da de leito carro��vel;Com V�timas Feridas;Plena Noite;Crescente;C�u Claro;Simples;"Curva;Aclive;Retorno Regulamentado;Viaduto";Sim;1;0;0;1;0;0;1;1;-25,506965;-54,583566;SPRF-PR;DEL05-PR;UOP03-DEL05-PR;;;
685618;18/04/2025;sexta-feira;02:00:00;MG;381;478;CONTAGEM;Rea��o tardia ou ineficiente do condutor;Sa�da de leito carro��vel;Com V�timas Feridas;Plena Noite;Decrescente;C�u Claro;Dupla;Reta;Sim;1;0;1;0;0;0;1;1;-19,959555;-44,033455;SPRF-MG;DEL01-MG;UOP03-DEL01-MG;;;
685619;18/04/2025;sexta-feira;02:30:00;RJ;101;410;ITAGUAI;Condutor Dormindo;Colis�o com objeto;Com V�timas Feridas;Plena Noite;Decrescente;C�u Claro;Dupla;Reta;N�o;1;0;1;0;0;0;1;1;-22,85568;-43,761664;SPRF-RJ;DEL03-RJ;UOP01-DEL03-RJ;;;
685620;17/04/2025;quinta-feira;07:50:00;RS;290;108;ELDORADO DO SUL;Aus�ncia de rea��o do condutor;Colis�o transversal;Sem V�timas;Pleno dia;Decrescente;C�u Claro;Dupla;Reta;N�o;2;0;0;0;2;0;0;2;-30,0362829;-51,32769;SPRF-RS;DEL02-RS;UOP01-DEL02-RS;;;
685621;18/04/2025;sexta-feira;02:50:00;SP;116;144;SAO JOSE DOS CAMPOS;Condutor Dormindo;Tombamento;Com V�timas Feridas;Plena Noite;Decrescente;Nublado;M�ltipla;"Declive;Reta";Sim;4;0;1;0;3;0;1;1;-23,18377945;-45,84827581;SPRF-SP;DEL02-SP;UOP01-DEL02-SP;;;