id;data_inversa;dia_semana;horario;uf;br;km;municipio;causa_acidente;tipo_acidente;classificacao_acidente;fase_dia;sentido_via;condicao_metereologica;tipo_pista;tracado_via;uso_solo;pessoas;mortos;feridos_leves;feridos_graves;ilesos;ignorados;feridos;veiculos;latitude;longitude;regional;delegacia;uop;;;
685736;18/04/2025;sexta-feira;11:00:00;PR;376;664;GUARATUBA;Demais falhas mec�nicas ou el�tricas;Inc�ndio;Sem V�timas;Pleno dia;Decrescente;C�u Claro;Dupla;"Curva;Aclive";N�o;1;0;0;0;1;0;0;1;-25,85383748;-48,95171357;SPRF-PR;DEL01-PR;UOP04-DEL01-PR;;;
685737;16/04/2025;quarta-feira;10:10:00;RO;421;9;ARIQUEMES;Rea��o tardia ou ineficiente do condutor;Capotamento;Com V�timas Feridas;Pleno dia;Crescente;C�u Claro;Simples;"Reta;Declive";N�o;4;0;0;3;0;1;3;2;-9,97223198;-63,12744141;SPRF-RO;DEL03-RO;UOP01-DEL03-RO;;;
685738;18/04/2025;sexta-feira;12:05:00;PR;277;313,8;GUARAPUAVA;Acessar a via sem observar a presen�a dos outros ve�culos;Colis�o transversal;Com V�timas Feridas;Pleno dia;Crescente;C�u Claro;Simples;Reta;N�o;3;0;0;1;2;0;1;2;-25,35824207;-51,2385953;SPRF-PR;DEL08-PR;UOP01-DEL08-PR;;;
685739;18/04/2025;sexta-feira;13:00:00;RS;386;418,5;MONTENEGRO;Aus�ncia de rea��o do condutor;Colis�o frontal;Com V�timas Feridas;Pleno dia;Decrescente;C�u Claro;Simples;"Declive;Curva";N�o;5;0;2;1;2;0;3;2;-29,81835654;-51,43834233;SPRF-RS;DEL04-RS;UOP02-DEL04-RS;;;
685740;18/04/2025;sexta-feira;12:00:00;MG;262;164,3;SAO DOMINGOS DO PRATA;Convers�o proibida;Colis�o transversal;Com V�timas Feridas;Pleno dia;Decrescente;C�u Claro;Simples;Reta;N�o;6;0;1;0;5;0;1;2;-19,95415701;-42,87525147;SPRF-MG;DEL03-MG;UOP03-DEL03-MG;;;
685741;18/04/2025;sexta-feira;10:30:00;MT;158;631;NOVA NAZARE;Ingest�o de �lcool pelo condutor;Sa�da de leito carro��vel;Sem V�timas;Pleno dia;Crescente;C�u Claro;Simples;Reta;N�o;1;0;0;0;1;0;0;1;-14,538758;-52,324897;SPRF-MT;DEL07-MT;UOP02-DEL07-MT;;;
685742;18/04/2025;sexta-feira;12:29:00;DF;20;9;BRASILIA;Condutor desrespeitou a ilumina��o vermelha do sem�foro;Colis�o transversal;Com V�timas Feridas;Pleno dia;Decrescente;Chuva;Simples;Interse��o de Vias;Sim;2;0;1;0;0;1;1;2;-15,653586;-47,782807;SPRF-DF;DEL02-DF;UOP01-DEL02-DF;;;
685743;18/04/2025;sexta-feira;13:20:00;RS;470;200;BENTO GONCALVES;Rea��o tardia ou ineficiente do condutor;Sa�da de leito carro��vel;Com V�timas Feridas;Pleno dia;Crescente;C�u Claro;Simples;"Curva;Aclive";N�o;1;0;0;1;0;0;1;1;-29,0746486;-51,5858433;SPRF-RS;DEL06-RS;UOP02-DEL06-RS;;;
685745;18/04/2025;sexta-feira;13:43:00;MG;40;552;NOVA LIMA;Aus�ncia de rea��o do condutor;Engavetamento;Com V�timas Feridas;Pleno dia;Crescente;C�u Claro;Dupla;"Reta;Declive";Sim;7;0;1;0;6;0;1;4;-20,0819156;-43,9793694;SPRF-MG;DEL01-MG;UOP02-DEL01-MG;;;
685747;18/04/2025;sexta-feira;14:00:00;SC;101;65;ARAQUARI;Condutor deixou de manter dist�ncia do ve�culo da frente;Colis�o traseira;Com V�timas Feridas;Pleno dia;Crescente;Sol;M�ltipla;Reta;N�o;4;0;1;0;3;0;1;3;-26,46834486;-48,74711037;SPRF-SC;DEL03-SC;UOP02-DEL03-SC;;;
685748;18/04/2025;sexta-feira;13:20:00;PR;376;417;TIBAGI;Rea��o tardia ou ineficiente do condutor;Colis�o com objeto;Com V�timas Feridas;Pleno dia;Decrescente;Sol;Dupla;Reta;N�o;3;0;1;0;2;0;1;2;-24,66753237;-50,6037569;SPRF-PR;DEL03-PR;UOP02-DEL03-PR;;;
685749;18/04/2025;sexta-feira;10:30:00;RS;290;216,7;PANTANO GRANDE;Manobra de mudan�a de faixa;Colis�o com objeto;Com V�timas Feridas;Pleno dia;Crescente;Sol;Dupla;"Reta;Em Obras";N�o;7;0;3;0;3;1;3;3;-30,19309116;-52,38839149;SPRF-RS;DEL02-RS;UOP03-DEL02-RS;;;
685751;18/04/2025;sexta-feira;13:30:00;SC;101;221;PALHOCA;Desrespeitar a prefer�ncia no cruzamento;Colis�o transversal;Com V�timas Feridas;Pleno dia;Decrescente;C�u Claro;M�ltipla;Reta;Sim;2;0;1;0;1;0;1;2;-27,70616065;-48,65717942;SPRF-SC;DEL01-SC;UOP02-DEL01-SC;;;
685752;18/04/2025;sexta-feira;13:50:00;SC;101;222;PALHOCA;Condutor deixou de manter dist�ncia do ve�culo da frente;Colis�o traseira;Com V�timas Feridas;Pleno dia;Crescente;C�u Claro;Dupla;Reta;N�o;3;0;1;0;2;0;1;2;-27,71113786;-48,65265185;SPRF-SC;DEL01-SC;UOP02-DEL01-SC;;;
685753;18/04/2025;sexta-feira;14:00:00;MG;262;363;JUATUBA;Rea��o tardia ou ineficiente do condutor;Colis�o com objeto;Com V�timas Feridas;Pleno dia;Decrescente;Nublado;Dupla;Reta;Sim;2;0;1;0;1;0;1;1;-19,97101948;-44,28973657;SPRF-MG;DEL01-MG;UOP03-DEL01-MG;;;
685754;18/04/2025;sexta-feira;10:00:00;PE;407;92,8;PETROLINA;Condutor deixou de manter dist�ncia do ve�culo da frente;Colis�o traseira;Com V�timas Feridas;Pleno dia;Decrescente;C�u Claro;Simples;"Reta;Declive";N�o;2;0;1;0;1;0;1;2;-9,118198;-40,64189;SPRF-PE;DEL06-PE;UOP02-DEL06-PE;;;
685755;18/04/2025;sexta-feira;11:20:00;MS;267;233,3;NOVA ALVORADA DO SUL;Ultrapassagem Indevida;Colis�o frontal;Com V�timas Feridas;Pleno dia;Crescente;Chuva;Simples;Reta;N�o;4;0;3;1;0;0;4;2;-21,51303;-54,242938;SPRF-MS;DEL02-MS;UOP01-DEL02-MS;;;
685756;18/04/2025;sexta-feira;12:15:00;PE;101;89,5;JABOATAO DOS GUARARAPES;Aus�ncia de rea��o do condutor;Colis�o traseira;Com V�timas Feridas;Pleno dia;Crescente;C�u Claro;Dupla;"Reta;Aclive";N�o;3;0;0;2;0;1;2;2;-8,212187;-34,986235;SPRF-PE;DEL01-PE;UOP01-DEL01-PE;;;
685758;18/04/2025;sexta-feira;12:55:00;SC;116;0;MAFRA;Aus�ncia de rea��o do condutor;Colis�o traseira;Com V�timas Feridas;Pleno dia;Crescente;C�u Claro;Simples;Reta;Sim;3;0;1;0;2;0;1;2;-26,10928084;-49,78446007;SPRF-SC;DEL06-SC;UOP01-DEL06-SC;;;
685762;18/04/2025;sexta-feira;11:30:00;BA;110;384;SAO SEBASTIAO DO PASSE;Condutor Dormindo;Colis�o lateral sentido oposto;Com V�timas Feridas;Pleno dia;Crescente;C�u Claro;Simples;Reta;Sim;2;0;1;0;1;0;1;2;-12,51334124;-38,49643707;SPRF-BA;DEL01-BA;UOP01-DEL01-BA;;;
685763;18/04/2025;sexta-feira;12:20:00;SC;282;239,8;SAO JOSE DO CERRITO;Rea��o tardia ou ineficiente do condutor;Colis�o com objeto;Com V�timas Feridas;Pleno dia;Decrescente;C�u Claro;Simples;Reta;N�o;1;0;0;1;0;0;1;1;-27,77710759;-50,49784184;SPRF-SC;DEL05-SC;UOP02-DEL05-SC;;;
685764;18/04/2025;sexta-feira;15:00:00;BA;324;621;SALVADOR;Avarias e/ou desgaste excessivo no pneu;Queda de ocupante de ve�culo;Com V�timas Feridas;Pleno dia;Crescente;Sol;M�ltipla;Reta;N�o;2;0;2;0;0;0;2;1;-12,9221751;-38,4668061;SPRF-BA;DEL01-BA;UOP01-DEL01-BA;;;
685765;17/04/2025;quinta-feira;01:12:00;SP;116;353,8;MIRACATU;Rea��o tardia ou ineficiente do condutor;Colis�o com objeto;Com V�timas Feridas;Plena Noite;Crescente;Nublado;Dupla;Curva;N�o;1;0;1;0;0;0;1;1;-24,0688237;-47,24394235;SPRF-SP;DEL04-SP;UOP03-DEL04-SP;;;
685766;18/04/2025;sexta-feira;14:37:00;SC;101;118,4;ITAJAI;Demais falhas mec�nicas ou el�tricas;Inc�ndio;Sem V�timas;Pleno dia;Crescente;Nublado;Dupla;Reta;Sim;1;0;0;0;1;0;0;1;-26,8992963;-48,7178822;SPRF-SC;DEL04-SC;UOP04-DEL04-SC;;;
685769;18/04/2025;sexta-feira;10:20:00;SC;101;353;JAGUARUNA;Condutor Dormindo;Sa�da de leito carro��vel;Com V�timas Feridas;Pleno dia;Decrescente;C�u Claro;Dupla;Reta;Sim;2;0;2;0;0;0;2;1;-28,61887494;-49,07138944;SPRF-SC;DEL02-SC;UOP01-DEL02-SC;;;
685770;18/04/2025;sexta-feira;14:55:00;RS;472;577;URUGUAIANA;Desrespeitar a prefer�ncia no cruzamento;Colis�o transversal;Com V�timas Feridas;Pleno dia;Decrescente;C�u Claro;Simples;Rotat�ria;N�o;2;0;0;1;1;0;1;2;-29,77995799;-57,0630383;SPRF-RS;DEL13-RS;UOP01-DEL13-RS;;;
685771;18/04/2025;sexta-feira;15:15:00;RS;386;273,5;FONTOURA XAVIER;Demais falhas mec�nicas ou el�tricas;Inc�ndio;Sem V�timas;Pleno dia;Decrescente;Nublado;Simples;"Interse��o de Vias;Curva;Aclive";N�o;1;0;0;0;1;0;0;1;-29,00040855;-52,35354424;SPRF-RS;DEL04-RS;UOP03-DEL04-RS;;;
685772;18/04/2025;sexta-feira;13:10:00;GO;80;133;BARRO ALTO;Rea��o tardia ou ineficiente do condutor;Sa�da de leito carro��vel;Com V�timas Feridas;Pleno dia;Decrescente;Chuva;Simples;Reta;Sim;6;0;1;1;4;0;2;1;-14,97882821;-48,92971024;SPRF-GO;DEL07-GO;UOP02-DEL07-GO;;;
685773;18/04/2025;sexta-feira;15:45:00;RJ;116;176;SAO JOAO DE MERITI;Acessar a via sem observar a presen�a dos outros ve�culos;Colis�o traseira;Com V�timas Feridas;Pleno dia;Crescente;C�u Claro;M�ltipla;Reta;Sim;3;0;0;1;2;0;1;2;-22,78052661;-43,39390665;SPRF-RJ;DEL06-RJ;UOP01-DEL06-RJ;;;
685775;18/04/2025;sexta-feira;15:50:00;RS;116;157;CAXIAS DO SUL;Rea��o tardia ou ineficiente do condutor;Colis�o com objeto;Com V�timas Feridas;Pleno dia;Decrescente;C�u Claro;Simples;Curva;Sim;2;0;2;0;0;0;2;1;-29,21554205;-51,17511922;SPRF-RS;DEL05-RS;UOP01-DEL05-RS;;;
685776;18/04/2025;sexta-feira;14:10:00;SC;101;328;CAPIVARI DE BAIXO;Mal s�bito do condutor;Colis�o com objeto;Com V�timas Feridas;Pleno dia;Crescente;C�u Claro;M�ltipla;Reta;N�o;1;0;1;0;0;0;1;1;-28,44437237;-48,96622874;SPRF-SC;DEL02-SC;UOP01-DEL02-SC;;;
685777;18/04/2025;sexta-feira;11:30:00;PI;316;313;PICOS;Velocidade Incompat�vel;Colis�o transversal;Sem V�timas;Pleno dia;Crescente;C�u Claro;Dupla;Reta;Sim;2;0;0;0;2;0;0;2;-7,07922;-41,449593;SPRF-PI;DEL04-PI;UOP01-DEL04-PI;;;
685778;18/04/2025;sexta-feira;12:05:00;MG;381;215,3;BELO ORIENTE;Aus�ncia de rea��o do condutor;Colis�o traseira;Com V�timas Feridas;Pleno dia;Decrescente;C�u Claro;Simples;Ponte;N�o;3;0;1;1;1;0;2;2;-19,23188721;-42,32809521;SPRF-MG;DEL06-MG;UOP01-DEL06-MG;;;
685781;18/04/2025;sexta-feira;16:45:00;RJ;116;171;RIO DE JANEIRO;Aus�ncia de rea��o do condutor;Colis�o traseira;Com V�timas Feridas;Pleno dia;Decrescente;C�u Claro;Dupla;Reta;Sim;4;0;2;0;1;1;2;2;-22,81106607;-43,33407998;SPRF-RJ;DEL06-RJ;UOP01-DEL06-RJ;;;
685782;18/04/2025;sexta-feira;16:10:00;SC;101;351;JAGUARUNA;Aus�ncia de rea��o do condutor;Colis�o traseira;Com V�timas Feridas;Pleno dia;Crescente;C�u Claro;M�ltipla;Reta;N�o;2;0;0;1;1;0;1;2;-28,61532074;-49,06553015;SPRF-SC;DEL02-SC;UOP01-DEL02-SC;;;
685785;18/04/2025;sexta-feira;17:00:00;PE;104;67,6;CARUARU;Condutor Dormindo;Sa�da de leito carro��vel;Com V�timas Feridas;Anoitecer;Decrescente;C�u Claro;Dupla;"Reta;Declive";Sim;4;0;2;0;2;0;2;1;-8,30666312;-35,98944374;SPRF-PE;DEL02-PE;UOP01-DEL02-PE;;;
685787;06/04/2025;domingo;18:30:00;SC;101;16;BIGUACU;Velocidade Incompat�vel;Colis�o traseira;Com V�timas Feridas;Anoitecer;Crescente;C�u Claro;Dupla;Reta;N�o;6;0;0;1;2;3;1;3;-27,46078;-48,71935;SPRF-SC;DEL01-SC;UOP01-DEL01-SC;;;
685789;18/04/2025;sexta-feira;15:50:00;RJ;40;4;TRES RIOS;Aus�ncia de rea��o do condutor;Sa�da de leito carro��vel;Com V�timas Feridas;Pleno dia;Decrescente;C�u Claro;Dupla;Curva;N�o;2;0;2;0;0;0;2;1;-22,07432095;-43,19274187;SPRF-RJ;DEL05-RJ;UOP02-DEL05-RJ;;;
685791;18/04/2025;sexta-feira;17:30:00;PB;230;447;APARECIDA;Acessar a via sem observar a presen�a dos outros ve�culos;Colis�o transversal;Com V�timas Feridas;Anoitecer;Crescente;C�u Claro;Simples;Reta;N�o;2;0;1;1;0;0;2;2;-6,783895;-38,095246;SPRF-PB;DEL03-PB;UOP03-DEL03-PB;;;
685792;18/04/2025;sexta-feira;17:00:00;MG;40;276,5;TRES MARIAS;Ultrapassagem Indevida;Colis�o lateral sentido oposto;Com V�timas Feridas;Pleno dia;Crescente;Chuva;Simples;Aclive;Sim;2;0;1;0;0;1;1;2;-18,21110961;-45,22650719;SPRF-MG;DEL14-MG;UOP02-DEL14-MG;;;
685793;18/04/2025;sexta-feira;12:00:00;MG;381;335;NOVA ERA;Acumulo de �gua sobre o pavimento;Colis�o com objeto;Sem V�timas;Pleno dia;Decrescente;Garoa/Chuvisco;Simples;"Reta;Ponte";N�o;1;0;0;0;1;0;0;1;-19,774;-43,047;SPRF-MG;DEL03-MG;UOP01-DEL03-MG;;;
685796;18/04/2025;sexta-feira;18:28:00;SC;282;19;PALHOCA;Ultrapassagem Indevida;Colis�o lateral mesmo sentido;Com V�timas Feridas;Plena Noite;Decrescente;C�u Claro;Simples;"Reta;Viaduto";Sim;4;0;0;1;2;1;1;4;-27,67766;-48,70105;SPRF-SC;DEL01-SC;UOP02-DEL01-SC;;;
685798;18/04/2025;sexta-feira;18:35:00;BA;324;537,2;AMELIA RODRIGUES;Acessar a via sem observar a presen�a dos outros ve�culos;Colis�o traseira;Com V�timas Feridas;Anoitecer;Decrescente;C�u Claro;Dupla;"Retorno Regulamentado;Curva";N�o;5;0;3;0;2;0;3;2;-12,378069;-38,80117;SPRF-BA;DEL01-BA;UOP03-DEL01-BA;;;
685799;18/04/2025;sexta-feira;17:10:00;MA;226;309;BARRA DO CORDA;Velocidade Incompat�vel;Sa�da de leito carro��vel;Com V�timas Feridas;Anoitecer;Crescente;C�u Claro;Simples;"Curva;Declive";N�o;1;0;1;0;0;0;1;1;-5,44537359;-45,30372262;SPRF-MA;DEL06-MA;UOP01-DEL06-MA;;;
685801;18/04/2025;sexta-feira;18:06:00;DF;251;53,5;BRASILIA;Ultrapassagem Indevida;Colis�o frontal;Com V�timas Fatais;Anoitecer;Crescente;Nublado;Simples;Reta;N�o;3;1;0;1;1;0;1;2;-15,981578;-47,925568;SPRF-DF;DEL01-DF;UOP01-DEL01-DF;;;
685802;18/04/2025;sexta-feira;17:10:00;SC;282;374;ERVAL VELHO;Chuva;Colis�o lateral sentido oposto;Com V�timas Feridas;Pleno dia;Decrescente;Garoa/Chuvisco;Simples;Reta;N�o;3;0;2;0;1;0;2;2;-27,2697363;-51,44382477;SPRF-SC;DEL07-SC;UOP05-DEL07-SC;;;
685803;18/04/2025;sexta-feira;17:50:00;BA;116;5;VITORIA DA CONQUISTA;Retorno proibido;Colis�o transversal;Com V�timas Feridas;Anoitecer;Crescente;Nublado;Simples;Curva;N�o;2;0;1;0;1;0;1;2;-14,824896;-40,883048;SPRF-BA;DEL08-BA;UOP01-DEL08-BA;;;
685805;18/04/2025;sexta-feira;18:50:00;GO;70;11;AGUAS LINDAS DE GOIAS;Ingest�o de �lcool pelo condutor;Atropelamento de Pedestre;Com V�timas Feridas;Plena Noite;Decrescente;C�u Claro;Dupla;Reta;N�o;3;0;1;1;1;0;2;2;-15,740475;-48,308582;SPRF-DF;DEL03-DF;UOP02-DEL03-DF;;;
685806;31/03/2025;segunda-feira;07:10:00;SC;282;414;CATANDUVAS;Manobra de mudan�a de faixa;Colis�o transversal;Com V�timas Feridas;Pleno dia;Crescente;C�u Claro;Simples;Reta;Sim;2;0;1;0;1;0;1;2;-27,052143;-51,699425;SPRF-SC;DEL07-SC;UOP05-DEL07-SC;;;
685807;18/04/2025;sexta-feira;18:20:00;PE;232;17,9;JABOATAO DOS GUARARAPES;Rea��o tardia ou ineficiente do condutor;Colis�o traseira;Com V�timas Feridas;Plena Noite;Crescente;C�u Claro;Dupla;Reta;N�o;3;0;0;2;0;1;2;2;-8,0966;-35,05491;SPRF-PE;DEL01-PE;UOP01-DEL01-PE;;;
685808;14/04/2025;segunda-feira;06:10:00;SC;101;199,5;SAO JOSE;Condutor Dormindo;Sa�da de leito carro��vel;Sem V�timas;Amanhecer;Decrescente;Nublado;M�ltipla;Reta;Sim;1;0;0;0;1;0;0;1;-27,618202;-48,6474082;SPRF-SC;DEL01-SC;UOP01-DEL01-SC;;;
685809;18/04/2025;sexta-feira;15:00:00;SC;101;334;TUBARAO;Desrespeitar a prefer�ncia no cruzamento;Colis�o transversal;Com V�timas Feridas;Pleno dia;Decrescente;C�u Claro;Simples;"Viaduto;Retorno Regulamentado;Interse��o de Vias;Rotat�ria";Sim;6;0;1;0;5;0;1;2;-28,470706;-49,0185728;SPRF-SC;DEL02-SC;UOP01-DEL02-SC;;;
685811;18/04/2025;sexta-feira;19:45:00;ES;101;68;SAO MATEUS;Ingest�o de �lcool pelo condutor;Sa�da de leito carro��vel;Sem V�timas;Plena Noite;Crescente;Chuva;M�ltipla;"Retorno Regulamentado;Interse��o de Vias";Sim;1;0;0;0;0;1;0;1;-18,72490549;-39,85975698;SPRF-ES;DEL04-ES;UOP02-DEL04-ES;;;
685812;18/04/2025;sexta-feira;16:30:00;RO;364;54;VILHENA;Velocidade Incompat�vel;Capotamento;Sem V�timas;Pleno dia;Decrescente;C�u Claro;Simples;Curva;N�o;1;0;0;0;0;1;0;1;-12,5288187;-60,37355885;SPRF-RO;DEL04-RO;UOP01-DEL04-RO;;;
685814;18/04/2025;sexta-feira;19:00:00;PB;230;463;SOUSA;Acessar a via sem observar a presen�a dos outros ve�culos;Colis�o transversal;Sem V�timas;Plena Noite;Crescente;C�u Claro;Simples;Retorno Regulamentado;Sim;2;0;0;0;1;1;0;2;-6,778738;-38,243387;SPRF-PB;DEL03-PB;UOP03-DEL03-PB;;;
685816;17/04/2025;quinta-feira;05:50:00;GO;40;104,5;CRISTALINA;Rea��o tardia ou ineficiente do condutor;Queda de ocupante de ve�culo;Com V�timas Feridas;Amanhecer;Decrescente;Nevoeiro/Neblina;Dupla;"Reta;Aclive";N�o;1;0;1;0;0;0;1;1;-16,807963;-47,660302;SPRF-DF;DEL01-DF;UOP02-DEL01-DF;;;
685817;18/04/2025;sexta-feira;17:58:00;SP;153;140;PROMISSAO;Afundamento ou ondula��o no pavimento;Queda de ocupante de ve�culo;Com V�timas Feridas;Plena Noite;Decrescente;Garoa/Chuvisco;Simples;Reta;N�o;2;0;2;0;0;0;2;1;-21,3476416;-49,7928641;SPRF-SP;DEL07-SP;UOP01-DEL07-SP;;;
685818;18/04/2025;sexta-feira;19:40:00;SP;101;47;UBATUBA;Convers�o proibida;Colis�o transversal;Com V�timas Feridas;Plena Noite;Crescente;C�u Claro;Simples;Reta;Sim;3;0;2;0;1;0;2;2;-23,43499891;-45,08748448;SPRF-SP;DEL06-SP;UOP01-DEL06-SP;;;
685820;18/04/2025;sexta-feira;17:50:00;BA;116;646;JAGUAQUARA;Rea��o tardia ou ineficiente do condutor;Sa�da de leito carro��vel;Com V�timas Feridas;Anoitecer;Decrescente;C�u Claro;Simples;Reta;N�o;3;0;2;0;1;0;2;1;-13,625275;-40,092339;SPRF-BA;DEL03-BA;UOP01-DEL03-BA;;;
685822;18/04/2025;sexta-feira;19:55:00;MG;365;0,1;MONTES CLAROS;Ingest�o de �lcool pelo condutor;Queda de ocupante de ve�culo;Com V�timas Feridas;Plena Noite;Decrescente;Chuva;Simples;Reta;Sim;1;0;1;0;0;0;1;1;-16,76702751;-43,88360281;SPRF-MG;DEL12-MG;UOP01-DEL12-MG;;;
685823;18/04/2025;sexta-feira;10:20:00;PI;343;274;CAMPO MAIOR;Rea��o tardia ou ineficiente do condutor;Colis�o traseira;Sem V�timas;Pleno dia;Decrescente;C�u Claro;Simples;Reta;N�o;2;0;0;0;2;0;0;2;-4,85611931;-42,20043898;SPRF-PI;DEL01-PI;UOP03-DEL01-PI;;;
685826;18/04/2025;sexta-feira;19:00:00;RS;392;9,4;RIO GRANDE;Transitar na contram�o;Colis�o com objeto;Com V�timas Feridas;Plena Noite;Decrescente;C�u Claro;Dupla;Reta;N�o;1;0;1;0;0;0;1;1;-32,11352613;-52,11678213;SPRF-RS;DEL07-RS;UOP02-DEL07-RS;;;
685827;18/04/2025;sexta-feira;20:00:00;PE;408;98;JABOATAO DOS GUARARAPES;Manobra de mudan�a de faixa;Colis�o lateral mesmo sentido;Sem V�timas;Plena Noite;Crescente;C�u Claro;Dupla;Curva;N�o;2;0;0;0;2;0;0;2;-8,07922;-34,99157;SPRF-PE;DEL01-PE;UOP01-DEL01-PE;;;
685828;18/04/2025;sexta-feira;20:40:00;MG;459;96;POUSO ALEGRE;Animais na Pista;Tombamento;Com V�timas Feridas;Plena Noite;Decrescente;C�u Claro;Simples;"Reta;Declive";N�o;2;0;0;1;1;0;1;2;-22,185873;-45,984328;SPRF-MG;DEL09-MG;UOP01-DEL09-MG;;;
685829;18/04/2025;sexta-feira;21:00:00;SP;116;204;ARUJA;Manobra de mudan�a de faixa;Tombamento;Com V�timas Feridas;Plena Noite;Decrescente;Garoa/Chuvisco;Dupla;Reta;Sim;1;0;1;0;0;0;1;1;-23,41053568;-46,34294782;SPRF-SP;DEL01-SP;UOP01-DEL01-SP;;;
685831;18/04/2025;sexta-feira;19:45:00;MG;40;636,8;CONGONHAS;Aus�ncia de rea��o do condutor;Sa�da de leito carro��vel;Com V�timas Feridas;Plena Noite;Crescente;Garoa/Chuvisco;Simples;"Reta;Aclive";N�o;1;0;0;1;0;0;1;1;-20,476818;-43,8424358;SPRF-MG;DEL05-MG;UOP02-DEL05-MG;;;
685832;18/04/2025;sexta-feira;21:05:00;GO;50;281,4;CATALAO;Aus�ncia de rea��o do condutor;Colis�o traseira;Com V�timas Fatais;Plena Noite;Decrescente;C�u Claro;Dupla;"Reta;Em Obras";Sim;3;1;0;0;2;0;0;2;-18,18646495;-47,94708252;SPRF-GO;DEL06-GO;UOP01-DEL06-GO;;;
685833;18/04/2025;sexta-feira;20:50:00;PR;369;173;ROLANDIA;Desrespeitar a prefer�ncia no cruzamento;Colis�o transversal;Com V�timas Feridas;Plena Noite;Crescente;C�u Claro;Simples;"Reta;Interse��o de Vias";Sim;5;0;3;0;1;1;3;3;-23,312962;-51,372713;SPRF-PR;DEL07-PR;UOP01-DEL07-PR;;;
685835;18/04/2025;sexta-feira;21:15:00;MT;70;3;BARRA DO GARCAS;Rea��o tardia ou ineficiente do condutor;Colis�o frontal;Com V�timas Feridas;Plena Noite;Decrescente;C�u Claro;Simples;Reta;Sim;2;0;1;0;1;0;1;2;-15,88484813;-52,2722242;SPRF-MT;DEL07-MT;UOP01-DEL07-MT;;;
685836;18/04/2025;sexta-feira;20:05:00;SC;163;70,4;SAO MIGUEL DO OESTE;Velocidade Incompat�vel;Sa�da de leito carro��vel;Com V�timas Feridas;Plena Noite;Decrescente;C�u Claro;Dupla;"Curva;Interse��o de Vias";Sim;3;0;1;0;0;2;1;2;-26,73281379;-53,50990707;SPRF-SC;DEL07-SC;UOP03-DEL07-SC;;;
685837;18/04/2025;sexta-feira;22:20:00;SP;116;210;GUARULHOS;Velocidade Incompat�vel;Colis�o lateral mesmo sentido;Com V�timas Feridas;Plena Noite;Crescente;Chuva;M�ltipla;"Reta;Aclive";Sim;2;0;0;1;1;0;1;2;-23,42861298;-46,41206196;SPRF-SP;DEL01-SP;UOP01-DEL01-SP;;;
685838;18/04/2025;sexta-feira;21:20:00;SP;381;61;MAIRIPORA;Pista Escorregadia;Tombamento;Com V�timas Feridas;Plena Noite;Crescente;Garoa/Chuvisco;Dupla;"Declive;Curva";N�o;2;0;2;0;0;0;2;1;-23,28937107;-46,58114612;SPRF-SP;DEL03-SP;UOP01-DEL03-SP;;;
685839;18/04/2025;sexta-feira;15:45:00;SC;280;27;ARAQUARI;Rea��o tardia ou ineficiente do condutor;Colis�o com objeto;Com V�timas Feridas;Pleno dia;Crescente;C�u Claro;Simples;Reta;Sim;2;0;0;2;0;0;2;1;-26,40155152;-48,74343926;SPRF-SC;DEL03-SC;UOP03-DEL03-SC;;;
685840;18/04/2025;sexta-feira;19:55:00;CE;116;374;ICO;Animais na Pista;Atropelamento de Animal;Com V�timas Feridas;Pleno dia;Decrescente;C�u Claro;Simples;Reta;Sim;1;0;0;1;0;0;1;1;-6,400683;-38,839131;SPRF-CE;DEL05-CE;UOP01-DEL05-CE;;;
685841;18/04/2025;sexta-feira;21:00:00;RJ;101;56;CAMPOS DOS GOYTACAZES;Ingest�o de �lcool pelo condutor;Colis�o com objeto;Sem V�timas;Plena Noite;Decrescente;C�u Claro;Simples;Reta;Sim;1;0;0;0;1;0;0;1;-21,68879;-41,310582;SPRF-RJ;DEL08-RJ;UOP01-DEL08-RJ;;;
685843;18/04/2025;sexta-feira;22:05:00;PR;369;134,1;IBIPORA;Pedestre andava na pista;Atropelamento de Pedestre;Com V�timas Feridas;Plena Noite;Crescente;C�u Claro;Simples;"Reta;Declive";N�o;2;0;1;1;0;0;2;2;-23,261862;-51,025778;SPRF-PR;DEL07-PR;UOP01-DEL07-PR;;;
685844;18/04/2025;sexta-feira;22:15:00;CE;116;5,8;FORTALEZA;Aus�ncia de rea��o do condutor;Colis�o com objeto;Sem V�timas;Plena Noite;Decrescente;C�u Claro;M�ltipla;Reta;Sim;1;0;0;0;0;1;0;1;-3,799749;-38,505003;SPRF-CE;DEL01-CE;UOP02-DEL01-CE;;;
685845;18/04/2025;sexta-feira;19:30:00;AM;174;909;MANAUS;Rea��o tardia ou ineficiente do condutor;Tombamento;Com V�timas Feridas;Plena Noite;Decrescente;Nublado;Simples;Curva;N�o;2;0;0;2;0;0;2;1;-2,753473;-60,041247;SPRF-AM;DEL01-AM;UOP01-DEL01-AM;;;
685847;18/04/2025;sexta-feira;23:00:00;BA;324;620;SALVADOR;Rea��o tardia ou ineficiente do condutor;Colis�o com objeto;Sem V�timas;Plena Noite;Decrescente;C�u Claro;M�ltipla;Reta;Sim;1;0;0;0;0;1;0;1;-12,91276498;-38,45958922;SPRF-BA;DEL01-BA;UOP01-DEL01-BA;;;
685848;19/04/2025;s�bado;00:00:00;TO;153;497;PARAISO DO TOCANTINS;Aus�ncia de rea��o do condutor;Tombamento;Com V�timas Feridas;Plena Noite;Crescente;C�u Claro;Simples;Reta;Sim;1;0;0;1;0;0;1;1;-10,1936498;-48,8784169;SPRF-TO;DEL01-TO;UOP01-DEL01-TO;;;