id;data_inversa;dia_semana;horario;uf;br;km;municipio;causa_acidente;tipo_acidente;classificacao_acidente;fase_dia;sentido_via;condicao_metereologica;tipo_pista;tracado_via;uso_solo;pessoas;mortos;feridos_leves;feridos_graves;ilesos;ignorados;feridos;veiculos;latitude;longitude;regional;delegacia;uop;;;
685851;18/04/2025;sexta-feira;10:45:00;RJ;465;22;RIO DE JANEIRO;Rea��o tardia ou ineficiente do condutor;Colis�o traseira;Com V�timas Feridas;Plena Noite;Crescente;C�u Claro;Simples;Reta;N�o;3;0;1;0;1;1;1;2;-22,864998;-43,601063;SPRF-RJ;DEL03-RJ;UOP01-DEL03-RJ;;;
685852;18/04/2025;sexta-feira;20:15:00;RS;293;250;DOM PEDRITO;Acessar a via sem observar a presen�a dos outros ve�culos;Colis�o transversal;Com V�timas Feridas;Plena Noite;Decrescente;C�u Claro;Simples;"Reta;Interse��o de Vias";Sim;3;0;3;0;0;0;3;2;-30,97212683;-54,6535031;SPRF-RS;DEL11-RS;UOP01-DEL11-RS;;;
685853;18/04/2025;sexta-feira;22:45:00;PR;467;106,5;CASCAVEL;Velocidade Incompat�vel;Sa�da de leito carro��vel;Com V�timas Feridas;Plena Noite;Crescente;C�u Claro;Dupla;Reta;N�o;2;0;2;0;0;0;2;1;-24,916681;-53,485883;SPRF-PR;DEL04-PR;UOP01-DEL04-PR;;;
685854;18/04/2025;sexta-feira;18:00:00;RJ;465;21,5;NOVA IGUACU;Ultrapassagem Indevida;Colis�o transversal;Sem V�timas;Anoitecer;Crescente;Nublado;Simples;Reta;N�o;3;0;0;0;2;1;0;2;-22,85395889;-43,60190207;SPRF-RJ;DEL06-RJ;UOP02-DEL06-RJ;;;
685856;18/04/2025;sexta-feira;23:30:00;RJ;116;111;GUAPIMIRIM;Rea��o tardia ou ineficiente do condutor;Sa�da de leito carro��vel;Com V�timas Feridas;Plena Noite;Decrescente;Nublado;Dupla;Reta;Sim;2;0;2;0;0;0;2;1;-22,55978561;-42,99604829;SPRF-RJ;DEL04-RJ;UOP02-DEL04-RJ;;;
685857;18/04/2025;sexta-feira;23:30:00;RJ;40;105;DUQUE DE CAXIAS;Rea��o tardia ou ineficiente do condutor;Colis�o frontal;Com V�timas Feridas;Plena Noite;Crescente;C�u Claro;Simples;Reta;Sim;2;0;2;0;0;0;2;2;-22,64613473;-43,2838877;SPRF-RJ;DEL01-RJ;UOP02-DEL01-RJ;;;
685858;18/04/2025;sexta-feira;22:50:00;MT;163;1026;PEIXOTO DE AZEVEDO;Aus�ncia de rea��o do condutor;Tombamento;Com V�timas Feridas;Plena Noite;Decrescente;Nevoeiro/Neblina;Simples;Aclive;N�o;1;0;0;1;0;0;1;1;-10,271895;-55,01177833;SPRF-MT;DEL06-MT;UOP03-DEL06-MT;;;
685859;19/04/2025;s�bado;00:45:00;RO;364;429,2;JARU;Ingest�o de �lcool pelo condutor;Capotamento;Com V�timas Feridas;Plena Noite;Crescente;Nublado;Simples;"Aclive;Curva";N�o;1;0;1;0;0;0;1;1;-10,41473661;-62,50645742;SPRF-RO;DEL03-RO;UOP02-DEL03-RO;;;
685860;19/04/2025;s�bado;02:30:00;SC;101;210,5;SAO JOSE;Aus�ncia de rea��o do condutor;Tombamento;Com V�timas Feridas;Plena Noite;Crescente;C�u Claro;M�ltipla;Reta;N�o;2;0;2;0;0;0;2;1;-27,620225;-48,649196;SPRF-SC;DEL01-SC;UOP01-DEL01-SC;;;
685862;19/04/2025;s�bado;03:00:00;BA;116;456,9;SANTO ESTEVAO;Transitar na contram�o;Colis�o frontal;Com V�timas Feridas;Plena Noite;Decrescente;Nublado;Dupla;"Reta;Aclive";N�o;5;0;3;0;0;2;3;3;-12,42602252;-39,207182;SPRF-BA;DEL02-BA;UOP01-DEL02-BA;;;
685864;19/04/2025;s�bado;04:00:00;MG;40;519;CONTAGEM;Rea��o tardia ou ineficiente do condutor;Tombamento;Com V�timas Feridas;Plena Noite;Crescente;Chuva;Dupla;Reta;Sim;1;0;1;0;0;0;1;1;-19,8734945;-44,0552869;SPRF-MG;DEL01-MG;UOP02-DEL01-MG;;;
685865;19/04/2025;s�bado;03:10:00;RS;392;75;PELOTAS;Ingest�o de �lcool pelo condutor;Sa�da de leito carro��vel;Sem V�timas;Plena Noite;Decrescente;Nublado;Simples;Reta;N�o;1;0;0;0;1;0;0;1;-31,700125;-52,41641;SPRF-RS;DEL07-RS;UOP01-DEL07-RS;;;
685866;19/04/2025;s�bado;01:10:00;RJ;116;306;RESENDE;Rea��o tardia ou ineficiente do condutor;Colis�o com objeto;Sem V�timas;Plena Noite;Decrescente;Garoa/Chuvisco;Dupla;Reta;N�o;1;0;0;0;0;1;0;1;-22,45482818;-44,38671861;SPRF-RJ;DEL07-RJ;UOP02-DEL07-RJ;;;
685869;19/04/2025;s�bado;06:00:00;ES;101;439;MIMOSO DO SUL;Ultrapassagem Indevida;Colis�o frontal;Com V�timas Feridas;Amanhecer;Decrescente;C�u Claro;Simples;Reta;Sim;3;0;0;3;0;0;3;2;-21,08045577;-41,23653889;SPRF-ES;DEL03-ES;UOP02-DEL03-ES;;;
685870;19/04/2025;s�bado;06:00:00;PE;101;46;IGARASSU;Manobra de mudan�a de faixa;Colis�o lateral mesmo sentido;Com V�timas Feridas;Pleno dia;Crescente;C�u Claro;Dupla;Reta;Sim;3;0;2;0;1;0;2;2;-7,8767824;-34,9057689;SPRF-PE;DEL01-PE;UOP02-DEL01-PE;;;
685872;19/04/2025;s�bado;03:20:00;MG;381;495;BETIM;Velocidade Incompat�vel;Tombamento;Com V�timas Feridas;Plena Noite;Crescente;C�u Claro;Dupla;Reta;Sim;1;0;1;0;0;0;1;1;-19,96868509;-44,18106303;SPRF-MG;DEL01-MG;UOP03-DEL01-MG;;;
685873;19/04/2025;s�bado;05:47:00;SC;101;215;PALHOCA;Desrespeitar a prefer�ncia no cruzamento;Colis�o transversal;Com V�timas Feridas;Amanhecer;Crescente;C�u Claro;M�ltipla;Reta;N�o;2;0;1;0;0;1;1;2;-27,65266983;-48,67689902;SPRF-SC;DEL01-SC;UOP02-DEL01-SC;;;
685874;19/04/2025;s�bado;04:40:00;CE;20;329,8;CARIDADE;Transitar na contram�o;Colis�o transversal;Com V�timas Feridas;Amanhecer;Decrescente;Nublado;Simples;Reta;N�o;4;0;2;0;2;0;2;2;-4,200526;-39,182426;SPRF-CE;DEL02-CE;UOP01-DEL02-CE;;;
685875;19/04/2025;s�bado;02:40:00;RJ;116;202;QUEIMADOS;Aus�ncia de rea��o do condutor;Colis�o com objeto;Com V�timas Fatais;Plena Noite;Crescente;Nublado;Dupla;Curva;N�o;1;1;0;0;0;0;0;1;-22,73563521;-43,5534022;SPRF-RJ;DEL06-RJ;UOP02-DEL06-RJ;;;
685876;19/04/2025;s�bado;06:30:00;MG;40;526,6;CONTAGEM;Acumulo de areia ou detritos sobre o pavimento;Tombamento;Com V�timas Feridas;Amanhecer;Crescente;C�u Claro;Dupla;Reta;Sim;2;0;2;0;0;0;2;1;-19,90388685;-44,05001193;SPRF-MG;DEL01-MG;UOP02-DEL01-MG;;;
685877;16/04/2025;quarta-feira;22:00:00;SC;101;140;ITAPEMA;Acessar a via sem observar a presen�a dos outros ve�culos;Atropelamento de Pedestre;Com V�timas Feridas;Pleno dia;Decrescente;Garoa/Chuvisco;Dupla;Reta;Sim;2;0;1;0;1;0;1;2;-27,0659636;-48,5955525;SPRF-SC;DEL04-SC;UOP03-DEL04-SC;;;
685878;19/04/2025;s�bado;06:30:00;GO;414;422,4;ABADIANIA;Ultrapassagem Indevida;Colis�o frontal;Com V�timas Fatais;Pleno dia;Crescente;C�u Claro;Simples;Curva;N�o;8;1;5;2;0;0;7;2;-16,15761967;-48,88825583;SPRF-GO;DEL02-GO;UOP01-DEL02-GO;;;
685879;19/04/2025;s�bado;00:20:00;BA;242;605;IBOTIRAMA;Acessar a via sem observar a presen�a dos outros ve�culos;Colis�o transversal;Sem V�timas;Plena Noite;Crescente;C�u Claro;Simples;Reta;Sim;2;0;0;0;1;1;0;2;-12,17904623;-43,22234266;SPRF-BA;DEL06-BA;UOP03-DEL06-BA;;;
685880;19/04/2025;s�bado;02:21:00;RR;432;93,8;CANTA;Ingest�o de �lcool pelo condutor;Colis�o frontal;Com V�timas Fatais;Plena Noite;Decrescente;Chuva;Simples;Reta;N�o;5;2;2;0;1;0;2;2;1,941029;-60,62637;SPRF-RR;DEL01-RR;UOP01-DEL01-RR;;;
685883;19/04/2025;s�bado;00:10:00;SP;101;48,9;UBATUBA;Retorno proibido;Colis�o transversal;Com V�timas Feridas;Plena Noite;Decrescente;C�u Claro;Simples;Reta;Sim;2;0;1;0;0;1;1;2;-23,44354864;-45,08430569;SPRF-SP;DEL06-SP;UOP01-DEL06-SP;;;
685884;19/04/2025;s�bado;05:00:00;SC;101;194,7;BIGUACU;Condutor deixou de manter dist�ncia do ve�culo da frente;Colis�o com objeto;Com V�timas Feridas;Plena Noite;Decrescente;Nublado;M�ltipla;Reta;Sim;3;0;1;1;0;1;2;2;-27,5035098;-48,65156606;SPRF-SC;DEL01-SC;UOP01-DEL01-SC;;;
685886;19/04/2025;s�bado;07:50:00;SE;101;150,2;ESTANCIA;Retorno proibido;Colis�o lateral mesmo sentido;Com V�timas Feridas;Pleno dia;Crescente;C�u Claro;Simples;"Reta;Declive";Sim;2;0;1;0;1;0;1;2;-11,27715434;-37,44277954;SPRF-SE;DEL02-SE;UOP01-DEL02-SE;;;
685887;19/04/2025;s�bado;07:00:00;MA;226;300,3;BARRA DO CORDA;Rea��o tardia ou ineficiente do condutor;Atropelamento de Pedestre;Com V�timas Feridas;Pleno dia;Crescente;C�u Claro;Simples;Reta;Sim;2;0;0;1;1;0;1;2;-5,4985917;-45,231414;SPRF-MA;DEL06-MA;UOP01-DEL06-MA;;;
685888;19/04/2025;s�bado;07:30:00;BA;101;708;EUNAPOLIS;Manobra de mudan�a de faixa;Colis�o lateral mesmo sentido;Com V�timas Feridas;Pleno dia;Decrescente;C�u Claro;Simples;Reta;N�o;7;0;2;0;5;0;2;2;-16,28724184;-39,58485603;SPRF-BA;DEL09-BA;UOP01-DEL09-BA;;;
685889;19/04/2025;s�bado;07:40:00;GO;70;3;AGUAS LINDAS DE GOIAS;Manobra de mudan�a de faixa;Colis�o transversal;Com V�timas Feridas;Pleno dia;Crescente;C�u Claro;Dupla;"Reta;Aclive";Sim;3;0;2;0;1;0;2;2;-15,76103747;-48,23959826;SPRF-DF;DEL03-DF;UOP02-DEL03-DF;;;
685890;23/03/2025;domingo;11:00:00;PR;277;133,1;CAMPO LARGO;Rea��o tardia ou ineficiente do condutor;Colis�o lateral mesmo sentido;Com V�timas Feridas;Pleno dia;Crescente;Sol;Dupla;"Declive;Curva";N�o;3;0;0;1;1;1;1;3;-25,4473;-49,6028;SPRF-PR;DEL03-PR;UOP03-DEL03-PR;;;
685891;19/04/2025;s�bado;07:45:00;PA;316;114;SANTA MARIA DO PARA;Aus�ncia de rea��o do condutor;Sa�da de leito carro��vel;Com V�timas Feridas;Pleno dia;Decrescente;C�u Claro;Simples;"Reta;Declive";N�o;6;0;3;1;2;0;4;1;-1,31684868;-47,48797417;SPRF-PA;DEL01-PA;UOP02-DEL01-PA;;;
685893;19/04/2025;s�bado;08:20:00;MG;116;522;CARATINGA;Desrespeitar a prefer�ncia no cruzamento;Colis�o transversal;Com V�timas Feridas;Pleno dia;Crescente;Nublado;Simples;Interse��o de Vias;Sim;2;0;0;1;1;0;1;2;-19,7464999;-42,13269588;SPRF-MG;DEL06-MG;UOP02-DEL06-MG;;;
685895;19/04/2025;s�bado;09:10:00;PE;101;70,6;RECIFE;Acesso irregular;Colis�o lateral mesmo sentido;Com V�timas Feridas;Pleno dia;Crescente;Sol;Dupla;Reta;Sim;2;0;1;0;1;0;1;2;-8,072022;-34,942678;SPRF-PE;DEL01-PE;UOP01-DEL01-PE;;;
685896;19/04/2025;s�bado;09:10:00;CE;116;12;FORTALEZA;Acessar a via sem observar a presen�a dos outros ve�culos;Colis�o lateral mesmo sentido;Com V�timas Feridas;Pleno dia;Crescente;C�u Claro;M�ltipla;Interse��o de Vias;Sim;3;0;1;0;2;0;1;2;-3,850966;-38,495689;SPRF-CE;DEL01-CE;UOP02-DEL01-CE;;;
685897;19/04/2025;s�bado;09:00:00;MA;402;141;SANTO AMARO DO MARANHAO;Velocidade Incompat�vel;Sa�da de leito carro��vel;Com V�timas Feridas;Pleno dia;Decrescente;Sol;Simples;Reta;N�o;1;0;1;0;0;0;1;1;-2,8300351;-43,1894155;SPRF-MA;DEL01-MA;UOP01-DEL01-MA;;;
685898;11/04/2025;sexta-feira;17:43:00;BA;324;550,7;AMELIA RODRIGUES;Condutor deixou de manter dist�ncia do ve�culo da frente;Colis�o traseira;Sem V�timas;Anoitecer;Crescente;C�u Claro;Dupla;Reta;N�o;2;0;0;0;2;0;0;2;-12,43650222;-38,72713533;SPRF-BA;DEL01-BA;UOP03-DEL01-BA;;;
685901;19/04/2025;s�bado;09:00:00;PE;232;7,6;RECIFE;Manobra de mudan�a de faixa;Colis�o traseira;Com V�timas Feridas;Pleno dia;Decrescente;C�u Claro;Dupla;Reta;Sim;2;0;1;0;1;0;1;2;-8,07466;-34,96668;SPRF-PE;DEL01-PE;UOP01-DEL01-PE;;;
685902;19/04/2025;s�bado;09:00:00;RJ;101;62;CAMPOS DOS GOYTACAZES;Aus�ncia de rea��o do condutor;Colis�o traseira;Com V�timas Feridas;Pleno dia;Crescente;C�u Claro;Simples;Reta;Sim;2;0;1;0;1;0;1;2;-21,737121;-41,326361;SPRF-RJ;DEL08-RJ;UOP01-DEL08-RJ;;;
685903;19/04/2025;s�bado;09:00:00;PE;232;7;RECIFE;Condutor deixou de manter dist�ncia do ve�culo da frente;Colis�o traseira;Com V�timas Feridas;Pleno dia;Decrescente;C�u Claro;Dupla;Reta;Sim;2;0;1;0;1;0;1;2;-8,07466;-34,96668;SPRF-PE;DEL01-PE;UOP01-DEL01-PE;;;
685905;15/04/2025;ter�a-feira;16:38:00;MT;163;532;DIAMANTINO;Objeto est�tico sobre o leito carro��vel;Colis�o com objeto;Com V�timas Feridas;Anoitecer;Decrescente;Nublado;Simples;"Aclive;Em Obras;Desvio Tempor�rio";N�o;4;0;0;1;3;0;1;1;-14,39002925;-56,1181444;SPRF-MT;DEL01-MT;UOP01-DEL01-MT;;;
685906;19/04/2025;s�bado;09:35:00;SP;153;57;SAO JOSE DO RIO PRETO;Demais falhas mec�nicas ou el�tricas;Tombamento;Com V�timas Feridas;Pleno dia;Crescente;C�u Claro;Dupla;Reta;Sim;2;0;2;0;0;0;2;1;-20,77478221;-49,35197344;SPRF-SP;DEL09-SP;UOP01-DEL09-SP;;;
685907;16/04/2025;quarta-feira;06:40:00;RJ;40;36;AREAL;Acumulo de �leo sobre o pavimento;Sa�da de leito carro��vel;Com V�timas Feridas;Pleno dia;Crescente;Nublado;Dupla;"Reta;Declive";N�o;5;0;3;0;2;0;3;2;-22,2235882;-43,1263017;SPRF-RJ;DEL05-RJ;UOP02-DEL05-RJ;;;
685908;19/04/2025;s�bado;06:50:00;MG;381;887,4;CAMBUI;Velocidade Incompat�vel;Sa�da de leito carro��vel;Com V�timas Feridas;Pleno dia;Decrescente;Chuva;Dupla;Curva;N�o;1;0;1;0;0;0;1;1;-22,52012894;-46,02211475;SPRF-MG;DEL16-MG;UOP01-DEL16-MG;;;
685909;16/04/2025;quarta-feira;09:10:00;BA;116;775,6;PLANALTO;Acessar a via sem observar a presen�a dos outros ve�culos;Colis�o frontal;Com V�timas Fatais;Pleno dia;Crescente;C�u Claro;Simples;"Reta;Declive";N�o;4;1;0;0;2;1;0;3;-14,66004;-40,46111;SPRF-BA;DEL08-BA;UOP02-DEL08-BA;;;
685910;19/04/2025;s�bado;09:50:00;MG;381;850,4;POUSO ALEGRE;Velocidade Incompat�vel;Tombamento;Com V�timas Feridas;Pleno dia;Crescente;Nublado;Dupla;Reta;Sim;1;0;1;0;0;0;1;1;-22,2424817;-45,88277755;SPRF-MG;DEL16-MG;UOP01-DEL16-MG;;;
685911;19/04/2025;s�bado;10:00:00;RN;101;119;SAO JOSE DE MIPIBU;Animais na Pista;Atropelamento de Animal;Com V�timas Feridas;Pleno dia;Decrescente;C�u Claro;Dupla;Reta;N�o;1;0;1;0;0;0;1;1;-6,021782;-35,251702;SPRF-RN;DEL01-RN;UOP01-DEL01-RN;;;
685913;19/04/2025;s�bado;10:20:00;PB;230;22,5;JOAO PESSOA;Aus�ncia de rea��o do condutor;Engavetamento;Com V�timas Feridas;Pleno dia;Decrescente;Sol;Dupla;Reta;Sim;5;0;2;0;3;0;2;3;-7,15332776;-34,85481024;SPRF-PB;DEL01-PB;UOP01-DEL01-PB;;;
685915;19/04/2025;s�bado;08:50:00;SP;116;126;CACAPAVA;Rea��o tardia ou ineficiente do condutor;Engavetamento;Sem V�timas;Pleno dia;Decrescente;C�u Claro;Dupla;Reta;N�o;11;0;0;0;11;0;0;4;-23,10173338;-45,69041482;SPRF-SP;DEL02-SP;UOP02-DEL02-SP;;;
685916;19/04/2025;s�bado;08:50:00;ES;101;137,1;LINHARES;Acessar a via sem observar a presen�a dos outros ve�culos;Colis�o transversal;Com V�timas Feridas;Pleno dia;Decrescente;C�u Claro;Simples;Interse��o de Vias;N�o;6;0;3;0;3;0;3;2;-19,29402534;-40,08581573;SPRF-ES;DEL04-ES;UOP01-DEL04-ES;;;
685918;19/04/2025;s�bado;05:40:00;PI;230;18,3;FRONTEIRAS;Condutor deixou de manter dist�ncia do ve�culo da frente;Colis�o traseira;Com V�timas Feridas;Amanhecer;Decrescente;Sol;Simples;Reta;Sim;3;0;0;2;1;0;2;2;-7,09680438;-40,64872742;SPRF-PI;DEL04-PI;UOP03-DEL04-PI;;;
685922;19/04/2025;s�bado;09:50:00;RJ;101;68;CAMPOS DOS GOYTACAZES;Aus�ncia de rea��o do condutor;Colis�o traseira;Com V�timas Feridas;Pleno dia;Decrescente;C�u Claro;Simples;Reta;Sim;3;0;2;0;0;1;2;2;-21,77875866;-41,36944402;SPRF-RJ;DEL08-RJ;UOP02-DEL08-RJ;;;
685923;19/04/2025;s�bado;10:25:00;MG;381;846;SAO SEBASTIAO DA BELA VISTA;Animais na Pista;Queda de ocupante de ve�culo;Com V�timas Feridas;Pleno dia;Crescente;Nublado;Dupla;Reta;N�o;1;0;1;0;0;0;1;1;-22,21083067;-45,86637368;SPRF-MG;DEL16-MG;UOP01-DEL16-MG;;;
685924;01/01/2025;quarta-feira;15:31:00;PA;163;309;NOVO PROGRESSO;Convers�o proibida;Colis�o transversal;Com V�timas Feridas;Pleno dia;Crescente;C�u Claro;Simples;Reta;Sim;4;0;2;1;1;0;3;2;-7,05205438;-55,4103291;SPRF-PA;DEL05-PA;UOP03-DEL05-PA;;;
685925;19/04/2025;s�bado;11:05:00;PI;343;48;BURITI DOS LOPES;Acessar a via sem observar a presen�a dos outros ve�culos;Colis�o transversal;Com V�timas Feridas;Pleno dia;Crescente;C�u Claro;Simples;Curva;N�o;2;0;1;0;1;0;1;2;-3,17565508;-41,86937305;SPRF-PI;DEL05-PI;UOP01-DEL05-PI;;;
685926;19/04/2025;s�bado;10:40:00;PR;280;257,5;MARMELEIRO;Transitar na contram�o;Colis�o frontal;Com V�timas Feridas;Pleno dia;Decrescente;C�u Claro;Simples;"Reta;Declive";N�o;3;0;1;2;0;0;3;2;-26,162822;-53,044608;SPRF-PR;DEL02-PR;UOP01-DEL02-PR;;;
685927;17/04/2025;quinta-feira;06:40:00;SC;282;215;LAGES;Rea��o tardia ou ineficiente do condutor;Colis�o traseira;Com V�timas Feridas;Pleno dia;Crescente;C�u Claro;Simples;Rotat�ria;Sim;4;0;1;0;3;0;1;2;-27,79462052;-50,28455114;SPRF-SC;DEL05-SC;UOP01-DEL05-SC;;;
685928;19/04/2025;s�bado;11:20:00;PR;369;148;LONDRINA;Afundamento ou ondula��o no pavimento;Queda de ocupante de ve�culo;Com V�timas Feridas;Pleno dia;Decrescente;C�u Claro;Dupla;Reta;Sim;1;0;1;0;0;0;1;1;-23,2931739;-51,1492404;SPRF-PR;DEL07-PR;UOP01-DEL07-PR;;;
685929;19/04/2025;s�bado;11:20:00;MG;365;575,2;INDIANOPOLIS;Convers�o proibida;Colis�o transversal;Com V�timas Fatais;Pleno dia;Crescente;Sol;Simples;Reta;N�o;4;2;2;0;0;0;2;2;-18,90604749;-47,90274912;SPRF-MG;DEL15-MG;UOP02-DEL15-MG;;;
685931;19/04/2025;s�bado;11:30:00;DF;20;21;BRASILIA;Condutor deixou de manter dist�ncia do ve�culo da frente;Colis�o traseira;Com V�timas Feridas;Pleno dia;Decrescente;Sol;Dupla;Reta;Sim;2;0;1;0;1;0;1;2;-15,60014573;-47,67307163;SPRF-DF;DEL02-DF;UOP01-DEL02-DF;;;
685935;19/04/2025;s�bado;10:55:00;MG;381;493,2;BETIM;Avarias e/ou desgaste excessivo no pneu;Tombamento;Com V�timas Feridas;Pleno dia;Crescente;C�u Claro;Dupla;Reta;Sim;2;0;2;0;0;0;2;1;-19,96419269;-44,17164803;SPRF-MG;DEL01-MG;UOP03-DEL01-MG;;;
685936;19/04/2025;s�bado;11:25:00;PE;232;30,8;MORENO;Condutor Dormindo;Sa�da de leito carro��vel;Com V�timas Feridas;Pleno dia;Crescente;C�u Claro;Dupla;Reta;N�o;7;0;2;0;5;0;2;3;-8,10786;-35,157996;SPRF-PE;DEL01-PE;UOP01-DEL01-PE;;;
685937;16/04/2025;quarta-feira;19:40:00;SP;116;335,5;JUQUITIBA;Pedestre cruzava a pista fora da faixa;Atropelamento de Pedestre;Com V�timas Feridas;Plena Noite;Crescente;Nublado;Dupla;Reta;N�o;2;0;1;0;1;0;1;2;-23,97195;-47,136844;SPRF-SP;DEL04-SP;UOP03-DEL04-SP;;;
685938;19/04/2025;s�bado;12:08:00;SC;282;5,2;SAO JOSE;Acessar a via sem observar a presen�a dos outros ve�culos;Colis�o lateral mesmo sentido;Com V�timas Feridas;Pleno dia;Decrescente;Nublado;Dupla;"Reta;Declive";Sim;2;0;1;0;1;0;1;2;-27,5881;-48,6133;SPRF-SC;DEL01-SC;UOP01-DEL01-SC;;;
685940;19/04/2025;s�bado;11:35:00;RJ;356;32;ITAPERUNA;�rea urbana sem a presen�a de local apropriado para a travessia de pedestres;Atropelamento de Pedestre;Com V�timas Feridas;Pleno dia;Decrescente;Nublado;Dupla;Reta;Sim;2;0;1;0;1;0;1;2;-21,2005;-41,901734;SPRF-RJ;DEL08-RJ;UOP03-DEL08-RJ;;;
685942;19/04/2025;s�bado;12:05:00;RS;472;156,3;SANTA ROSA;Acessar a via sem observar a presen�a dos outros ve�culos;Colis�o transversal;Com V�timas Feridas;Pleno dia;Crescente;C�u Claro;Simples;Rotat�ria;Sim;2;0;1;0;1;0;1;2;-27,84148579;-54,43467021;SPRF-RS;DEL10-RS;UOP01-DEL10-RS;;;
685944;19/04/2025;s�bado;12:30:00;DF;20;18,2;BRASILIA;Rea��o tardia ou ineficiente do condutor;Queda de ocupante de ve�culo;Com V�timas Feridas;Pleno dia;Decrescente;Nublado;Dupla;Reta;Sim;3;0;1;1;1;0;2;2;-15,61532975;-47,70645496;SPRF-DF;DEL02-DF;UOP01-DEL02-DF;;;
685945;19/04/2025;s�bado;12:50:00;SC;101;219,4;PALHOCA;Rea��o tardia ou ineficiente do condutor;Colis�o traseira;Com V�timas Feridas;Pleno dia;Crescente;Nublado;Dupla;Reta;Sim;2;0;1;0;1;0;1;2;-27,68661056;-48,66621343;SPRF-SC;DEL01-SC;UOP02-DEL01-SC;;;
685946;19/04/2025;s�bado;13:20:00;SC;101;231,5;PALHOCA;Velocidade Incompat�vel;Sa�da de leito carro��vel;Com V�timas Feridas;Pleno dia;Crescente;Nublado;Dupla;Reta;N�o;1;0;0;1;0;0;1;1;-27,78654275;-48,63510132;SPRF-SC;DEL01-SC;UOP02-DEL01-SC;;;
685947;19/04/2025;s�bado;11:40:00;MS;163;394,2;NOVA ALVORADA DO SUL;Ingest�o de �lcool pelo condutor;Sa�da de leito carro��vel;Sem V�timas;Pleno dia;Crescente;Chuva;Simples;Reta;N�o;1;0;0;0;1;0;0;1;-21,217007;-54,459073;SPRF-MS;DEL02-MS;UOP01-DEL02-MS;;;
685948;19/04/2025;s�bado;09:10:00;RJ;393;106;SAPUCAIA;Acessar a via sem observar a presen�a dos outros ve�culos;Colis�o transversal;Com V�timas Feridas;Pleno dia;Crescente;C�u Claro;Simples;"Reta;Interse��o de Vias";Sim;3;0;2;0;1;0;2;2;-21,88764232;-42,69779898;SPRF-RJ;DEL05-RJ;UOP01-DEL05-RJ;;;
685949;19/04/2025;s�bado;12:25:00;PR;376;678;GUARATUBA;Rea��o tardia ou ineficiente do condutor;Sa�da de leito carro��vel;Com V�timas Feridas;Pleno dia;Crescente;Chuva;Dupla;Reta;N�o;2;0;1;0;1;0;1;1;-25,949178;-48,9047;SPRF-PR;DEL01-PR;UOP04-DEL01-PR;;;
685950;19/04/2025;s�bado;13:20:00;SC;101;213,3;PALHOCA;Desrespeitar a prefer�ncia no cruzamento;Colis�o transversal;Com V�timas Feridas;Pleno dia;Decrescente;C�u Claro;M�ltipla;"Viaduto;Interse��o de Vias";Sim;4;0;2;0;1;1;2;3;-27,63957167;-48,666645;SPRF-SC;DEL01-SC;UOP02-DEL01-SC;;;
685951;19/04/2025;s�bado;09:30:00;SC;282;343;CAMPOS NOVOS;Chuva;Atropelamento de Pedestre;Com V�timas Feridas;Pleno dia;Decrescente;Chuva;Simples;Rotat�ria;Sim;3;0;1;0;2;0;1;2;-27,38635;-51,235013;SPRF-SC;DEL07-SC;UOP06-DEL07-SC;;;
685952;19/04/2025;s�bado;12:15:00;BA;110;293;INHAMBUPE;Mal s�bito do condutor;Colis�o transversal;Com V�timas Feridas;Pleno dia;Decrescente;C�u Claro;Simples;"Reta;Declive";N�o;2;0;1;0;1;0;1;2;-11,804374;-38,351127;SPRF-BA;DEL01-BA;UOP04-DEL01-BA;;;
685954;19/04/2025;s�bado;13:15:00;RS;285;526,3;SAO MIGUEL DAS MISSOES;Velocidade Incompat�vel;Sa�da de leito carro��vel;Com V�timas Feridas;Pleno dia;Decrescente;C�u Claro;Simples;"Ponte;Curva";N�o;2;0;1;1;0;0;2;1;-28,40382054;-54,53780651;SPRF-RS;DEL10-RS;UOP01-DEL10-RS;;;
685955;19/04/2025;s�bado;11:40:00;PB;361;80;PIANCO;Condutor Dormindo;Sa�da de leito carro��vel;Com V�timas Feridas;Pleno dia;Decrescente;C�u Claro;Simples;Reta;N�o;1;0;0;1;0;0;1;1;-7,190262;-37,902075;SPRF-PB;DEL03-PB;UOP01-DEL03-PB;;;
685956;15/02/2025;s�bado;06:20:00;PE;407;129;PETROLINA;Condutor deixou de manter dist�ncia do ve�culo da frente;Tombamento;Com V�timas Feridas;Amanhecer;Crescente;C�u Claro;Dupla;Ponte;N�o;2;0;1;0;0;1;1;2;-9,40475346;-40,50448895;SPRF-PE;DEL06-PE;UOP01-DEL06-PE;;;
685957;19/04/2025;s�bado;11:50:00;MT;163;215,6;RONDONOPOLIS;Aus�ncia de rea��o do condutor;Colis�o com objeto;Com V�timas Feridas;Pleno dia;Decrescente;C�u Claro;Dupla;Retorno Regulamentado;N�o;1;0;0;1;0;0;1;1;-16,38108543;-54,71363068;SPRF-MT;DEL05-MT;UOP02-DEL05-MT;;;
685959;19/04/2025;s�bado;12:40:00;PE;232;243;ARCOVERDE;Manobra de mudan�a de faixa;Colis�o frontal;Com V�timas Fatais;Pleno dia;Decrescente;C�u Claro;Simples;Reta;N�o;7;1;3;2;0;1;5;3;-8,418235;-36,9933;SPRF-PE;DEL04-PE;UOP02-DEL04-PE;;;