id;data_inversa;dia_semana;horario;uf;br;km;municipio;causa_acidente;tipo_acidente;classificacao_acidente;fase_dia;sentido_via;condicao_metereologica;tipo_pista;tracado_via;uso_solo;pessoas;mortos;feridos_leves;feridos_graves;ilesos;ignorados;feridos;veiculos;latitude;longitude;regional;delegacia;uop;;;
685960;19/04/2025;s�bado;14:40:00;SP;381;60;MAIRIPORA;Velocidade Incompat�vel;Capotamento;Com V�timas Feridas;Pleno dia;Decrescente;Chuva;Dupla;Curva;N�o;2;0;1;0;1;0;1;1;-23,33500371;-46,57509845;SPRF-SP;DEL03-SP;UOP01-DEL03-SP;;;
685961;19/04/2025;s�bado;15:00:00;SC;101;121;ITAJAI;Condutor deixou de manter dist�ncia do ve�culo da frente;Colis�o traseira;Com V�timas Feridas;Pleno dia;Decrescente;Nublado;M�ltipla;Reta;Sim;2;0;1;0;1;0;1;2;-26,92116;-48,70838;SPRF-SC;DEL04-SC;UOP04-DEL04-SC;;;
685962;19/04/2025;s�bado;14:00:00;GO;452;20;RIO VERDE;Rea��o tardia ou ineficiente do condutor;Sa�da de leito carro��vel;Com V�timas Feridas;Pleno dia;Crescente;Nublado;Dupla;"Reta;Declive;Retorno Regulamentado";N�o;1;0;1;0;0;0;1;1;-17,873273;-50,727165;SPRF-GO;DEL04-GO;UOP01-DEL04-GO;;;
685963;19/04/2025;s�bado;15:00:00;DF;40;5;BRASILIA;Manobra de mudan�a de faixa;Colis�o lateral mesmo sentido;Com V�timas Feridas;Pleno dia;Crescente;C�u Claro;Dupla;Reta;Sim;2;0;1;0;0;1;1;2;-16,020609;-47,980503;SPRF-DF;DEL01-DF;UOP01-DEL01-DF;;;
685964;19/04/2025;s�bado;15:00:00;SC;101;318;PESCARIA BRAVA;Demais falhas mec�nicas ou el�tricas;Tombamento;Com V�timas Feridas;Pleno dia;Crescente;Garoa/Chuvisco;Dupla;Reta;Sim;2;0;1;1;0;0;2;1;-28,42864325;-48,87669917;SPRF-SC;DEL02-SC;UOP01-DEL02-SC;;;
685965;19/04/2025;s�bado;15:38:00;RN;101;83;SAO GONCALO DO AMARANTE;Condutor deixou de manter dist�ncia do ve�culo da frente;Colis�o transversal;Com V�timas Feridas;Pleno dia;Crescente;C�u Claro;Dupla;"Interse��o de Vias;Rotat�ria;Curva";Sim;3;0;1;1;1;0;2;2;-5,77102616;-35,26777441;SPRF-RN;DEL02-RN;UOP01-DEL02-RN;;;
685966;19/04/2025;s�bado;14:50:00;RS;116;397;CAMAQUA;Acessar a via sem observar a presen�a dos outros ve�culos;Colis�o transversal;Com V�timas Feridas;Pleno dia;Crescente;C�u Claro;Dupla;"Em Obras;Interse��o de Vias";Sim;3;0;1;0;2;0;1;2;-30,858943;-51,788448;SPRF-RS;DEL02-RS;UOP02-DEL02-RS;;;
685968;19/04/2025;s�bado;15:35:00;ES;262;57,1;MARECHAL FLORIANO;Aus�ncia de rea��o do condutor;Engavetamento;Sem V�timas;Pleno dia;Crescente;Nublado;Simples;Reta;N�o;3;0;0;0;3;0;0;3;-20,41728006;-40,76425552;SPRF-ES;DEL01-ES;UOP01-DEL01-ES;;;
685969;19/04/2025;s�bado;13:20:00;MG;365;683;MONTE ALEGRE DE MINAS;Demais falhas mec�nicas ou el�tricas;Sa�da de leito carro��vel;Com V�timas Feridas;Pleno dia;Decrescente;Chuva;Dupla;Reta;N�o;4;0;3;0;1;0;3;1;-18,85052965;-48,83539406;SPRF-MG;DEL15-MG;UOP01-DEL15-MG;;;
685970;19/04/2025;s�bado;15:00:00;PR;277;669,5;MEDIANEIRA;Aus�ncia de rea��o do condutor;Colis�o traseira;Com V�timas Feridas;Pleno dia;Decrescente;C�u Claro;Dupla;"Reta;Aclive";Sim;2;0;0;1;1;0;1;2;-25,27450352;-54,06857014;SPRF-PR;DEL05-PR;UOP02-DEL05-PR;;;
685972;19/04/2025;s�bado;14:10:00;MG;262;790;UBERABA;Rea��o tardia ou ineficiente do condutor;Sa�da de leito carro��vel;Com V�timas Feridas;Pleno dia;Decrescente;Nublado;Simples;Reta;N�o;4;0;2;0;1;1;2;2;-19,7456327;-47,9385299;SPRF-MG;DEL13-MG;UOP01-DEL13-MG;;;
685973;19/04/2025;s�bado;15:00:00;RJ;116;230;PIRAI;Rea��o tardia ou ineficiente do condutor;Queda de ocupante de ve�culo;Com V�timas Feridas;Pleno dia;Crescente;Nublado;Dupla;Curva;N�o;1;0;1;0;0;0;1;1;-22,65989954;-43,88873424;SPRF-RJ;DEL07-RJ;UOP01-DEL07-RJ;;;
685975;19/04/2025;s�bado;13:00:00;RO;364;20;VILHENA;Transitar na contram�o;Colis�o frontal;Com V�timas Feridas;Pleno dia;Crescente;Chuva;Simples;Reta;N�o;8;0;3;4;1;0;7;3;-12,72561914;-60,20039974;SPRF-RO;DEL04-RO;UOP01-DEL04-RO;;;
685976;19/04/2025;s�bado;15:34:00;DF;70;0,4;BRASILIA;Ingest�o de �lcool pelo condutor;Sa�da de leito carro��vel;Com V�timas Feridas;Pleno dia;Crescente;C�u Claro;M�ltipla;Aclive;N�o;1;0;1;0;0;0;1;1;-15,7952673;-48,1990934;SPRF-DF;DEL03-DF;UOP02-DEL03-DF;;;
685977;19/04/2025;s�bado;16:15:00;ES;101;352,6;ANCHIETA;Velocidade Incompat�vel;Tombamento;Com V�timas Fatais;Pleno dia;Decrescente;Nublado;Simples;Curva;N�o;3;1;0;1;0;1;1;3;-20,672678;-40,664446;SPRF-ES;DEL03-ES;UOP01-DEL03-ES;;;
685978;19/04/2025;s�bado;14:28:00;MS;158;90,8;PARANAIBA;Trafegar com motocicleta (ou similar) entre as faixas;Tombamento;Com V�timas Feridas;Pleno dia;Decrescente;Nublado;Simples;Reta;N�o;1;0;1;0;0;0;1;1;-19,68514663;-51,20846093;SPRF-MS;DEL08-MS;UOP01-DEL08-MS;;;
685979;19/04/2025;s�bado;15:41:00;PR;277;25;MORRETES;Manobra de mudan�a de faixa;Sa�da de leito carro��vel;Com V�timas Feridas;Pleno dia;Crescente;Chuva;Dupla;"Reta;Aclive";N�o;1;0;1;0;0;0;1;1;-25,5479826;-48,7867897;SPRF-PR;DEL01-PR;UOP05-DEL01-PR;;;
685981;19/04/2025;s�bado;16:05:00;MG;354;747,7;POUSO ALTO;Acumulo de areia ou detritos sobre o pavimento;Queda de ocupante de ve�culo;Com V�timas Feridas;Pleno dia;Decrescente;Chuva;Simples;Reta;N�o;2;0;1;1;0;0;2;1;-22,26285141;-44,91400838;SPRF-MG;DEL17-MG;UOP01-DEL17-MG;;;
685982;19/04/2025;s�bado;14:30:00;MG;381;428,7;SABARA;Pista Escorregadia;Colis�o transversal;Com V�timas Fatais;Pleno dia;Decrescente;Chuva;Simples;Curva;N�o;4;1;1;2;0;0;3;2;-19,78699001;-43,68943437;SPRF-MG;DEL01-MG;UOP01-DEL01-MG;;;
685983;19/04/2025;s�bado;16:20:00;SP;381;60;MAIRIPORA;Chuva;Sa�da de leito carro��vel;Com V�timas Feridas;Pleno dia;Crescente;Chuva;Dupla;"Declive;Curva";N�o;2;0;1;0;1;0;1;1;-23,28909067;-46,58295393;SPRF-SP;DEL03-SP;UOP01-DEL03-SP;;;
685984;19/04/2025;s�bado;16:10:00;SC;101;148;ITAPEMA;Rea��o tardia ou ineficiente do condutor;Tombamento;Com V�timas Feridas;Pleno dia;Decrescente;C�u Claro;Dupla;Reta;Sim;1;0;1;0;0;0;1;1;-27,11078424;-48,61175537;SPRF-SC;DEL04-SC;UOP03-DEL04-SC;;;
685985;19/04/2025;s�bado;11:10:00;MA;222;544;BOM JESUS DAS SELVAS;Curva acentuada;Sa�da de leito carro��vel;Com V�timas Feridas;Pleno dia;Decrescente;C�u Claro;Simples;Curva;N�o;1;0;0;1;0;0;1;1;-4,32039;-46,59292;SPRF-MA;DEL04-MA;UOP03-DEL04-MA;;;
685986;19/04/2025;s�bado;17:00:00;RS;158;150,9;PANAMBI;Ultrapassagem Indevida;Colis�o frontal;Com V�timas Feridas;Pleno dia;Decrescente;Sol;Simples;"Reta;Aclive";N�o;5;0;2;0;2;1;2;3;-28,28878;-53,485403;SPRF-RS;DEL10-RS;UOP02-DEL10-RS;;;
685987;19/04/2025;s�bado;15:30:00;SP;116;564;BARRA DO TURVO;Aus�ncia de rea��o do condutor;Colis�o com objeto;Com V�timas Feridas;Pleno dia;Decrescente;Garoa/Chuvisco;Dupla;Reta;N�o;4;0;1;0;3;0;1;1;-25,04123955;-48,53809789;SPRF-SP;DEL05-SP;UOP02-DEL05-SP;;;
685988;19/04/2025;s�bado;16:20:00;RJ;116;226,5;PARACAMBI;Rea��o tardia ou ineficiente do condutor;Tombamento;Com V�timas Feridas;Pleno dia;Decrescente;Nublado;Dupla;Curva;N�o;1;0;1;0;0;0;1;1;-22,6900609;-43,8003194;SPRF-RJ;DEL07-RJ;UOP01-DEL07-RJ;;;
685989;19/04/2025;s�bado;15:30:00;SC;280;95;CORUPA;Aus�ncia de rea��o do condutor;Colis�o frontal;Com V�timas Feridas;Pleno dia;Crescente;C�u Claro;Simples;"Curva;Declive";N�o;2;0;1;0;1;0;1;2;-26,38015809;-49,31870872;SPRF-SC;DEL06-SC;UOP03-DEL06-SC;;;
685990;19/04/2025;s�bado;17:30:00;SP;116;117;TAUBATE;Manobra de mudan�a de faixa;Sa�da de leito carro��vel;Com V�timas Feridas;Anoitecer;Crescente;Garoa/Chuvisco;Dupla;Reta;N�o;8;0;5;0;0;3;5;3;-23,05987612;-45,62147671;SPRF-SP;DEL02-SP;UOP02-DEL02-SP;;;
685991;19/04/2025;s�bado;17:20:00;MG;381;611,4;OLIVEIRA;Chuva;Sa�da de leito carro��vel;Com V�timas Feridas;Pleno dia;Decrescente;Chuva;Dupla;"Reta;Retorno Regulamentado";N�o;1;0;1;0;0;0;1;1;-20,69015417;-44,74352807;SPRF-MG;DEL04-MG;UOP01-DEL04-MG;;;
685992;19/04/2025;s�bado;16:20:00;PE;407;127;PETROLINA;Ingest�o de �lcool pelo condutor;Colis�o traseira;Sem V�timas;Pleno dia;Crescente;C�u Claro;Simples;Reta;Sim;2;0;0;0;2;0;0;2;-9,39283893;-40,5144453;SPRF-PE;DEL06-PE;UOP01-DEL06-PE;;;
685994;19/04/2025;s�bado;17:50:00;MG;116;772;LEOPOLDINA;Aus�ncia de rea��o do condutor;Colis�o transversal;Com V�timas Feridas;Anoitecer;Decrescente;C�u Claro;Simples;Rotat�ria;N�o;3;0;1;0;2;0;1;2;-21,56393225;-42,67830927;SPRF-MG;DEL07-MG;UOP01-DEL07-MG;;;
685997;19/04/2025;s�bado;17:52:00;RJ;116;170;RIO DE JANEIRO;Aus�ncia de rea��o do condutor;Queda de ocupante de ve�culo;Com V�timas Feridas;Anoitecer;Crescente;C�u Claro;M�ltipla;"Reta;Em Obras";Sim;2;0;0;1;1;0;1;1;-22,81148144;-43,33350766;SPRF-RJ;DEL06-RJ;UOP01-DEL06-RJ;;;
685999;19/04/2025;s�bado;17:25:00;BA;116;813,7;VITORIA DA CONQUISTA;Acessar a via sem observar a presen�a dos outros ve�culos;Colis�o transversal;Com V�timas Feridas;Pleno dia;Decrescente;Nublado;Simples;Reta;Sim;4;0;1;0;3;0;1;3;-14,805381;-40,783765;SPRF-BA;DEL08-BA;UOP01-DEL08-BA;;;
686000;19/04/2025;s�bado;18:25:00;SE;101;93;NOSSA SENHORA DO SOCORRO;Acessar a via sem observar a presen�a dos outros ve�culos;Colis�o traseira;Com V�timas Feridas;Plena Noite;Crescente;C�u Claro;Dupla;Reta;Sim;2;0;0;1;1;0;1;2;-10,90222944;-37,14536363;SPRF-SE;DEL01-SE;UOP01-DEL01-SE;;;
686002;19/04/2025;s�bado;18:25:00;RS;116;265;CANOAS;Condutor deixou de manter dist�ncia do ve�culo da frente;Engavetamento;Com V�timas Feridas;Plena Noite;Decrescente;C�u Claro;Dupla;Viaduto;N�o;6;0;1;0;5;0;1;4;-29,92625243;-51,17770303;SPRF-RS;DEL01-RS;UOP01-DEL01-RS;;;
686003;19/04/2025;s�bado;11:30:00;PE;101;69;RECIFE;Manobra de mudan�a de faixa;Colis�o lateral mesmo sentido;Com V�timas Feridas;Pleno dia;Decrescente;C�u Claro;Dupla;Reta;N�o;2;0;1;0;1;0;1;2;-8,060088;-34,945679;SPRF-PE;DEL01-PE;UOP01-DEL01-PE;;;
686005;19/04/2025;s�bado;18:50:00;RJ;101;157,4;CONCEICAO DE MACABU;Transitar na contram�o;Colis�o frontal;Com V�timas Fatais;Plena Noite;Crescente;Nublado;Simples;"Reta;Ponte";N�o;7;1;4;1;1;0;5;3;-22,267007;-41,859547;SPRF-RJ;DEL08-RJ;UOP04-DEL08-RJ;;;
686006;19/04/2025;s�bado;16:30:00;SC;101;21,1;JOINVILLE;Aus�ncia de rea��o do condutor;Capotamento;Com V�timas Feridas;Pleno dia;Crescente;Nublado;Dupla;Curva;N�o;2;0;2;0;0;0;2;1;-26,1903049;-48,91215;SPRF-SC;DEL03-SC;UOP01-DEL03-SC;;;
686009;08/03/2025;s�bado;05:38:00;GO;153;427,9;ANAPOLIS;Aus�ncia de rea��o do condutor;Colis�o traseira;Com V�timas Feridas;Amanhecer;Decrescente;C�u Claro;Dupla;Reta;Sim;7;0;0;2;5;0;2;2;-16,253782;-48,993178;SPRF-GO;DEL02-GO;UOP01-DEL02-GO;;;
686010;19/04/2025;s�bado;18:50:00;RS;392;352;SANTA MARIA;Acessar a via sem observar a presen�a dos outros ve�culos;Colis�o transversal;Com V�timas Feridas;Plena Noite;Crescente;C�u Claro;Dupla;"Em Obras;Interse��o de Vias;Desvio Tempor�rio";Sim;2;0;1;1;0;0;2;2;-29,71783669;-53,80859971;SPRF-RS;DEL09-RS;UOP01-DEL09-RS;;;
686011;19/04/2025;s�bado;18:00:00;PB;230;462;SOUSA;Acessar a via sem observar a presen�a dos outros ve�culos;Colis�o transversal;Com V�timas Feridas;Plena Noite;Crescente;C�u Claro;Simples;"Reta;Interse��o de Vias";Sim;2;0;1;0;1;0;1;2;-6,778587;-38,23427;SPRF-PB;DEL03-PB;UOP03-DEL03-PB;;;
686012;19/04/2025;s�bado;17:00:00;RJ;116;209;SEROPEDICA;Condutor Dormindo;Colis�o traseira;Com V�timas Feridas;Pleno dia;Decrescente;Nublado;Dupla;Reta;N�o;3;0;2;0;1;0;2;2;-22,70683905;-43,73931885;SPRF-RJ;DEL06-RJ;UOP02-DEL06-RJ;;;
686013;19/04/2025;s�bado;19:19:00;SC;116;0,8;MAFRA;Condutor deixou de manter dist�ncia do ve�culo da frente;Colis�o traseira;Com V�timas Feridas;Plena Noite;Crescente;Nublado;Simples;"Reta;Aclive";N�o;6;0;1;0;5;0;1;2;-26,11475283;-49,78628397;SPRF-SC;DEL06-SC;UOP01-DEL06-SC;;;
686014;16/04/2025;quarta-feira;18:00:00;BA;324;512,6;FEIRA DE SANTANA;Rea��o tardia ou ineficiente do condutor;Colis�o lateral mesmo sentido;Com V�timas Feridas;Plena Noite;Decrescente;C�u Claro;Dupla;"Rotat�ria;Interse��o de Vias";Sim;2;0;0;1;1;0;1;2;-12,230713;-38,963645;SPRF-BA;DEL02-BA;UOP01-DEL02-BA;;;
686015;19/04/2025;s�bado;19:20:00;TO;153;678;CARIRI DO TOCANTINS;Rea��o tardia ou ineficiente do condutor;Colis�o traseira;Com V�timas Feridas;Plena Noite;Crescente;C�u Claro;Simples;Reta;N�o;4;0;1;0;3;0;1;2;-11,78336044;-49,11434192;SPRF-TO;DEL01-TO;UOP02-DEL01-TO;;;
686016;19/04/2025;s�bado;19:30:00;BA;324;513;FEIRA DE SANTANA;Acessar a via sem observar a presen�a dos outros ve�culos;Colis�o transversal;Com V�timas Feridas;Plena Noite;Crescente;Nublado;Simples;Reta;Sim;2;0;1;0;1;0;1;2;-12,23271304;-38,94889321;SPRF-BA;DEL02-BA;UOP01-DEL02-BA;;;
686018;19/04/2025;s�bado;18:10:00;PB;230;356,1;PATOS;Ingest�o de �lcool pelo condutor;Colis�o transversal;Com V�timas Feridas;Plena Noite;Decrescente;C�u Claro;Simples;"Reta;Aclive";N�o;3;0;0;1;2;0;1;2;-6,926075;-37,427863;SPRF-PB;DEL03-PB;UOP02-DEL03-PB;;;
686021;19/04/2025;s�bado;18:50:00;BA;110;168;RIBEIRA DO POMBAL;Transitar na contram�o;Colis�o lateral sentido oposto;Com V�timas Feridas;Plena Noite;Decrescente;C�u Claro;Simples;Reta;N�o;1;0;0;1;0;0;1;1;-10,804803;-38,525865;SPRF-BA;DEL07-BA;UOP02-DEL07-BA;;;
686022;19/04/2025;s�bado;19:30:00;SC;101;154;PORTO BELO;Ingest�o de �lcool pelo condutor;Sa�da de leito carro��vel;Sem V�timas;Plena Noite;Decrescente;Garoa/Chuvisco;Dupla;Reta;Sim;1;0;0;0;1;0;0;1;-27,160836;-48,610934;SPRF-SC;DEL04-SC;UOP03-DEL04-SC;;;
686023;19/04/2025;s�bado;18:50:00;RS;290;167;BUTIA;Ultrapassagem Indevida;Colis�o frontal;Com V�timas Feridas;Anoitecer;Crescente;C�u Claro;Simples;Reta;N�o;5;0;0;4;1;0;4;2;-30,12508875;-51,90753901;SPRF-RS;DEL02-RS;UOP03-DEL02-RS;;;
686024;19/04/2025;s�bado;19:30:00;BA;110;168;RIBEIRA DO POMBAL;Ingest�o de �lcool pelo condutor;Colis�o traseira;Com V�timas Feridas;Plena Noite;Decrescente;C�u Claro;Simples;"Reta;Declive";N�o;5;0;2;0;3;0;2;2;-10,80605131;-38,52562521;SPRF-BA;DEL07-BA;UOP02-DEL07-BA;;;
686025;19/04/2025;s�bado;19:00:00;DF;70;14;BRASILIA;Acessar a via sem observar a presen�a dos outros ve�culos;Colis�o traseira;Sem V�timas;Plena Noite;Decrescente;Nublado;Dupla;Reta;Sim;4;0;0;0;4;0;0;2;-15,79923605;-48,18136688;SPRF-DF;DEL03-DF;UOP02-DEL03-DF;;;
686027;19/04/2025;s�bado;20:11:00;CE;116;12;FORTALEZA;Ilumina��o deficiente;Capotamento;Sem V�timas;Plena Noite;Decrescente;C�u Claro;M�ltipla;Reta;Sim;1;0;0;0;0;1;0;1;-3,85515;-38,49668;SPRF-CE;DEL01-CE;UOP02-DEL01-CE;;;
686028;17/04/2025;quinta-feira;04:45:00;ES;101;283;CARIACICA;Acumulo de �gua sobre o pavimento;Sa�da de leito carro��vel;Com V�timas Feridas;Plena Noite;Decrescente;Chuva;Dupla;Reta;N�o;1;0;1;0;0;0;1;1;-20,25235585;-40,37246794;SPRF-ES;DEL01-ES;UOP01-DEL01-ES;;;
686029;19/04/2025;s�bado;18:09:00;MT;163;856;SINOP;Aus�ncia de rea��o do condutor;Queda de ocupante de ve�culo;Com V�timas Feridas;Plena Noite;Decrescente;Nublado;Simples;Reta;N�o;2;0;1;0;0;1;1;2;-11,68787634;-55,45108795;SPRF-MT;DEL06-MT;UOP02-DEL06-MT;;;
686030;19/04/2025;s�bado;18:15:00;SC;470;138,6;RIO DO SUL;Acessar a via sem observar a presen�a dos outros ve�culos;Colis�o transversal;Com V�timas Feridas;Plena Noite;Crescente;Nublado;Simples;Reta;Sim;2;0;1;0;1;0;1;2;-27,19705501;-49,62787418;SPRF-SC;DEL04-SC;UOP02-DEL04-SC;;;
686032;16/04/2025;quarta-feira;10:50:00;BA;367;83;EUNAPOLIS;Transitar na contram�o;Colis�o transversal;Com V�timas Feridas;Pleno dia;Crescente;Nublado;Simples;Reta;Sim;3;0;0;2;0;1;2;2;-16,373737;-39,575917;SPRF-BA;DEL09-BA;UOP03-DEL09-BA;;;
686033;19/04/2025;s�bado;20:15:00;PR;277;0;PARANAGUA;Acessar a via sem observar a presen�a dos outros ve�culos;Colis�o frontal;Com V�timas Feridas;Plena Noite;Crescente;Garoa/Chuvisco;Simples;Reta;Sim;2;0;1;0;1;0;1;2;-25,55145951;-48,55191663;SPRF-PR;DEL01-PR;UOP05-DEL01-PR;;;
686034;19/04/2025;s�bado;14:30:00;SP;101;51;UBATUBA;Convers�o proibida;Colis�o transversal;Com V�timas Feridas;Pleno dia;Decrescente;C�u Claro;Simples;Reta;Sim;2;0;0;1;1;0;1;2;-23,45692241;-45,07046163;SPRF-SP;DEL06-SP;UOP01-DEL06-SP;;;
686035;19/04/2025;s�bado;15:00:00;RJ;101;61;CAMPOS DOS GOYTACAZES;Transitar no Acostamento;Colis�o lateral mesmo sentido;Com V�timas Feridas;Pleno dia;Crescente;Nublado;Simples;Reta;Sim;2;0;1;0;1;0;1;2;-21,731546;-41,323745;SPRF-RJ;DEL08-RJ;UOP01-DEL08-RJ;;;
686036;19/04/2025;s�bado;19:25:00;PR;272;560;GUAIRA;Ingest�o de �lcool pelo condutor;Colis�o lateral sentido oposto;Sem V�timas;Plena Noite;Crescente;C�u Claro;Simples;Reta;N�o;11;0;0;0;11;0;0;4;-24,08408572;-54,17171288;SPRF-PR;DEL06-PR;UOP01-DEL06-PR;;;
686037;19/04/2025;s�bado;20:20:00;ES;101;91;SAO MATEUS;Aus�ncia de rea��o do condutor;Colis�o lateral sentido oposto;Com V�timas Feridas;Plena Noite;Crescente;Nublado;Dupla;Reta;Sim;2;0;0;1;0;1;1;2;-18,6489133;-39,8735389;SPRF-ES;DEL04-ES;UOP02-DEL04-ES;;;
686039;19/04/2025;s�bado;17:35:00;GO;452;0;RIO VERDE;Acumulo de �gua sobre o pavimento;Tombamento;Com V�timas Feridas;Pleno dia;Decrescente;Nublado;Dupla;Retorno Regulamentado;Sim;1;0;1;0;0;0;1;1;-17,787542;-50,900232;SPRF-GO;DEL04-GO;UOP01-DEL04-GO;;;
686040;19/04/2025;s�bado;17:47:00;MS;158;108;PARANAIBA;Manobra de mudan�a de faixa;Capotamento;Com V�timas Feridas;Plena Noite;Crescente;C�u Claro;Simples;Reta;N�o;3;0;2;0;1;0;2;1;-19,765111;-51,122168;SPRF-MS;DEL08-MS;UOP01-DEL08-MS;;;
686043;19/04/2025;s�bado;20:15:00;RJ;101;423;MANGARATIBA;Ingest�o de �lcool pelo condutor;Colis�o com objeto;Sem V�timas;Plena Noite;Decrescente;Chuva;Simples;"Curva;Aclive";N�o;2;0;0;0;2;0;0;1;-22,924197;-43,959016;SPRF-RJ;DEL03-RJ;UOP02-DEL03-RJ;;;
686045;19/04/2025;s�bado;19:30:00;GO;60;138;GOIANIA;Velocidade Incompat�vel;Atropelamento de Pedestre;Com V�timas Feridas;Plena Noite;Crescente;C�u Claro;M�ltipla;"Retorno Regulamentado;Aclive;Reta";Sim;2;0;0;2;0;0;2;2;-16,60459283;-49,20393061;SPRF-GO;DEL01-GO;UOP01-DEL01-GO;;;
686046;19/04/2025;s�bado;19:20:00;BA;20;80,1;SAO DESIDERIO;Ultrapassagem Indevida;Colis�o frontal;Com V�timas Fatais;Plena Noite;Decrescente;Ignorado;Simples;Reta;N�o;4;2;1;1;0;0;2;2;-13,14735536;-46,02687836;SPRF-BA;DEL10-BA;UOP01-DEL10-BA;;;
686047;19/04/2025;s�bado;21:00:00;RJ;116;232;PIRAI;Rea��o tardia ou ineficiente do condutor;Tombamento;Com V�timas Feridas;Plena Noite;Decrescente;Chuva;Dupla;Curva;N�o;2;0;1;0;1;0;1;1;-22,66356137;-43,82236004;SPRF-RJ;DEL07-RJ;UOP01-DEL07-RJ;;;
686048;19/04/2025;s�bado;19:30:00;SC;101;277,6;IMBITUBA;Velocidade Incompat�vel;Colis�o traseira;Sem V�timas;Plena Noite;Decrescente;Garoa/Chuvisco;M�ltipla;"Reta;Desvio Tempor�rio";Sim;3;0;0;0;3;0;0;2;-28,1723;-48,6946;SPRF-SC;DEL02-SC;UOP03-DEL02-SC;;;
686049;19/04/2025;s�bado;21:40:00;MG;459;58,9;IPUIUNA;Animais na Pista;Sa�da de leito carro��vel;Com V�timas Feridas;Plena Noite;Crescente;Garoa/Chuvisco;Simples;Reta;N�o;2;0;1;0;1;0;1;1;-22,08743918;-46,22781056;SPRF-MG;DEL09-MG;UOP01-DEL09-MG;;;
686050;19/04/2025;s�bado;20:20:00;PR;476;115,5;COLOMBO;Aus�ncia de rea��o do condutor;Colis�o traseira;Com V�timas Feridas;Plena Noite;Crescente;C�u Claro;Dupla;Reta;Sim;2;0;1;0;1;0;1;2;-25,34933945;-49,1642797;SPRF-PR;DEL01-PR;UOP01-DEL01-PR;;;
686051;19/04/2025;s�bado;21:00:00;AL;104;83,8;RIO LARGO;Condutor Dormindo;Sa�da de leito carro��vel;Com V�timas Feridas;Plena Noite;Crescente;C�u Claro;Dupla;Reta;N�o;1;0;1;0;0;0;1;1;-9,443897;-35,834385;SPRF-AL;DEL01-AL;UOP01-DEL01-AL;;;
686052;19/04/2025;s�bado;20:45:00;MG;116;588;MANHUACU;Transitar na contram�o;Colis�o frontal;Com V�timas Feridas;Plena Noite;Crescente;Nublado;Simples;Reta;N�o;4;0;0;2;2;0;2;3;-20,250624;-42,1429248;SPRF-MG;DEL06-MG;UOP03-DEL06-MG;;;
686053;19/04/2025;s�bado;20:50:00;GO;70;305;ITAPIRAPUA;Animais na Pista;Sa�da de leito carro��vel;Com V�timas Feridas;Plena Noite;Crescente;Nublado;Simples;"Curva;Declive";N�o;2;0;2;0;0;0;2;1;-15,854858;-50,750609;SPRF-GO;DEL04-GO;UOP02-DEL04-GO;;;
686054;19/04/2025;s�bado;21:40:00;RS;287;402;SANTIAGO;Desrespeitar a prefer�ncia no cruzamento;Colis�o transversal;Com V�timas Feridas;Plena Noite;Decrescente;C�u Claro;Simples;Interse��o de Vias;N�o;3;0;1;0;2;0;1;2;-29,1483706;-54,8878099;SPRF-RS;DEL12-RS;UOP02-DEL12-RS;;;
686055;19/04/2025;s�bado;21:50:00;PR;476;117,5;COLOMBO;Ingest�o de �lcool pelo condutor;Colis�o transversal;Sem V�timas;Plena Noite;Decrescente;Nublado;Dupla;"Retorno Regulamentado;Interse��o de Vias";Sim;2;0;0;0;2;0;0;2;-25,350367;-49,177545;SPRF-PR;DEL01-PR;UOP01-DEL01-PR;;;
686056;19/04/2025;s�bado;20:00:00;RJ;116;311,2;RESENDE;Transitar na contram�o;Colis�o frontal;Com V�timas Fatais;Plena Noite;Decrescente;Chuva;Simples;Curva;Sim;2;1;1;0;0;0;1;2;-22,46093603;-44,44309831;SPRF-RJ;DEL07-RJ;UOP02-DEL07-RJ;;;
686057;19/04/2025;s�bado;22:35:00;MT;158;796;BARRA DO GARCAS;Manobra de mudan�a de faixa;Colis�o frontal;Com V�timas Feridas;Plena Noite;Decrescente;C�u Claro;Simples;Reta;Sim;4;0;2;0;2;0;2;2;-15,87653032;-52,31477372;SPRF-MT;DEL07-MT;UOP01-DEL07-MT;;;
686058;19/04/2025;s�bado;22:05:00;PE;232;7,7;RECIFE;Aus�ncia de rea��o do condutor;Colis�o com objeto;Com V�timas Feridas;Plena Noite;Crescente;C�u Claro;Dupla;Reta;Sim;1;0;0;1;0;0;1;1;-8,074954;-34,96745;SPRF-PE;DEL01-PE;UOP01-DEL01-PE;;;
686059;19/04/2025;s�bado;19:35:00;PR;277;426;CANTAGALO;Transitar na contram�o;Colis�o frontal;Com V�timas Feridas;Plena Noite;Crescente;C�u Claro;Simples;Reta;N�o;2;0;1;0;1;0;1;2;-25,38589588;-52,16692317;SPRF-PR;DEL04-PR;UOP02-DEL04-PR;;;
686060;19/04/2025;s�bado;22:30:00;SC;280;43;ARAQUARI;Aus�ncia de rea��o do condutor;Sa�da de leito carro��vel;Com V�timas Feridas;Plena Noite;Crescente;Nublado;Dupla;"Em Obras;Curva;Desvio Tempor�rio";Sim;3;0;2;1;0;0;3;1;-26,45077;-48,874648;SPRF-SC;DEL03-SC;UOP03-DEL03-SC;;;
686061;19/04/2025;s�bado;21:45:00;RJ;101;503;ANGRA DOS REIS;Acessar a via sem observar a presen�a dos outros ve�culos;Colis�o transversal;Com V�timas Feridas;Plena Noite;Crescente;Chuva;Simples;Reta;Sim;2;0;1;0;1;0;1;2;-22,93697447;-44,39864016;SPRF-RJ;DEL03-RJ;UOP03-DEL03-RJ;;;