id;data_inversa;dia_semana;horario;uf;br;km;municipio;causa_acidente;tipo_acidente;classificacao_acidente;fase_dia;sentido_via;condicao_metereologica;tipo_pista;tracado_via;uso_solo;pessoas;mortos;feridos_leves;feridos_graves;ilesos;ignorados;feridos;veiculos;latitude;longitude;regional;delegacia;uop;;;
686062;19/04/2025;s�bado;18:52:00;SC;101;277,6;IMBITUBA;Entrada inopinada do pedestre;Atropelamento de Pedestre;Com V�timas Fatais;Plena Noite;Decrescente;Garoa/Chuvisco;M�ltipla;Reta;Sim;4;1;0;0;2;1;0;3;-28,1727111;-48,6946669;SPRF-SC;DEL02-SC;UOP03-DEL02-SC;;;
686063;19/04/2025;s�bado;21:45:00;PB;361;7,2;PATOS;Ingest�o de �lcool pelo condutor;Colis�o frontal;Com V�timas Feridas;Pleno dia;Crescente;C�u Claro;Simples;Curva;N�o;3;0;1;2;0;0;3;2;-7,037865;-37,321512;SPRF-PB;DEL03-PB;UOP01-DEL03-PB;;;
686065;19/04/2025;s�bado;23:15:00;PR;277;723;FOZ DO IGUACU;Condutor deixou de manter dist�ncia do ve�culo da frente;Colis�o traseira;Com V�timas Feridas;Plena Noite;Crescente;Ignorado;Dupla;"Reta;Retorno Regulamentado";N�o;2;0;0;1;0;1;1;2;-25,49686781;-54,52497482;SPRF-PR;DEL05-PR;UOP03-DEL05-PR;;;
686066;19/04/2025;s�bado;23:55:00;BA;324;523;FEIRA DE SANTANA;Animais na Pista;Atropelamento de Animal;Sem V�timas;Plena Noite;Crescente;C�u Claro;Dupla;Reta;Sim;2;0;0;0;2;0;0;1;-12,2940493;-38,9071194;SPRF-BA;DEL01-BA;UOP03-DEL01-BA;;;
686067;19/04/2025;s�bado;22:45:00;PI;343;347,7;TERESINA;Condutor deixou de manter dist�ncia do ve�culo da frente;Colis�o lateral mesmo sentido;Com V�timas Feridas;Plena Noite;Decrescente;C�u Claro;Dupla;Reta;Sim;2;0;0;1;0;1;1;2;-5,11795;-42,784745;SPRF-PI;DEL01-PI;UOP01-DEL01-PI;;;
686068;19/04/2025;s�bado;23:57:00;BA;324;523;FEIRA DE SANTANA;Animais na Pista;Atropelamento de Animal;Com V�timas Feridas;Plena Noite;Crescente;C�u Claro;Dupla;Reta;Sim;2;0;1;0;1;0;1;1;-12,293636;-38,9065703;SPRF-BA;DEL01-BA;UOP03-DEL01-BA;;;
686069;20/04/2025;domingo;00:01:00;SP;381;68;MAIRIPORA;Chuva;Capotamento;Com V�timas Feridas;Plena Noite;Decrescente;Chuva;Simples;Declive;N�o;3;0;1;0;2;0;1;1;-23,34383896;-46,57297517;SPRF-SP;DEL03-SP;UOP01-DEL03-SP;;;
686070;19/04/2025;s�bado;23:50:00;PR;476;158,6;ARAUCARIA;Ultrapassagem Indevida;Colis�o lateral sentido oposto;Com V�timas Feridas;Plena Noite;Decrescente;Nublado;Simples;Reta;N�o;2;0;1;0;1;0;1;2;-25,613161;-49,423889;SPRF-PR;DEL01-PR;UOP06-DEL01-PR;;;
686071;20/04/2025;domingo;00:30:00;PR;116;131;FAZENDA RIO GRANDE;Rea��o tardia ou ineficiente do condutor;Colis�o traseira;Sem V�timas;Plena Noite;Decrescente;C�u Claro;Dupla;Reta;N�o;2;0;0;0;2;0;0;2;-25,65700097;-49,31213379;SPRF-PR;DEL01-PR;UOP03-DEL01-PR;;;
686072;19/04/2025;s�bado;22:45:00;MG;40;690,4;ALFREDO VASCONCELOS;Acumulo de �gua sobre o pavimento;Sa�da de leito carro��vel;Com V�timas Feridas;Plena Noite;Crescente;Chuva;Simples;Reta;N�o;1;0;1;0;0;0;1;1;-21,1283983;-43,7596583;SPRF-MG;DEL05-MG;UOP02-DEL05-MG;;;
686073;19/04/2025;s�bado;22:00:00;SC;101;289;IMBITUBA;Ingest�o de �lcool pelo condutor;Colis�o com objeto;Com V�timas Feridas;Plena Noite;Crescente;Nublado;M�ltipla;Interse��o de Vias;Sim;1;0;0;1;0;0;1;1;-28,27257;-48,70041478;SPRF-SC;DEL02-SC;UOP03-DEL02-SC;;;
686074;19/04/2025;s�bado;23:00:00;MS;376;7;DOURADOS;Aus�ncia de rea��o do condutor;Sa�da de leito carro��vel;Sem V�timas;Plena Noite;Crescente;Nublado;Simples;Reta;N�o;1;0;0;0;0;1;0;1;-22,26399821;-54,63191986;SPRF-MS;DEL04-MS;UOP01-DEL04-MS;;;
686075;20/04/2025;domingo;00:15:00;SC;470;118;IBIRAMA;Ingest�o de �lcool pelo condutor;Colis�o traseira;Com V�timas Feridas;Plena Noite;Decrescente;Garoa/Chuvisco;Simples;Reta;N�o;3;0;1;0;2;0;1;2;-27,080195;-49,518607;SPRF-SC;DEL04-SC;UOP02-DEL04-SC;;;
686076;20/04/2025;domingo;01:00:00;SC;101;386,9;ICARA;Animais na Pista;Colis�o com objeto;Com V�timas Feridas;Plena Noite;Crescente;Nublado;Simples;Reta;N�o;1;0;1;0;0;0;1;1;-28,78909249;-49,34540659;SPRF-SC;DEL02-SC;UOP02-DEL02-SC;;;
686077;20/04/2025;domingo;01:15:00;DF;80;20;BRASILIA;Acessar a via sem observar a presen�a dos outros ve�culos;Colis�o transversal;Com V�timas Feridas;Plena Noite;Decrescente;C�u Claro;Dupla;"Reta;Interse��o de Vias";Sim;2;0;1;0;1;0;1;2;-15,67765905;-48,20511293;SPRF-DF;DEL03-DF;UOP02-DEL03-DF;;;
686078;20/04/2025;domingo;01:50:00;MG;381;499;BETIM;Aus�ncia de rea��o do condutor;Sa�da de leito carro��vel;Com V�timas Feridas;Plena Noite;Crescente;Garoa/Chuvisco;Dupla;Reta;N�o;1;0;0;1;0;0;1;1;-19,99364465;-44,20719266;SPRF-MG;DEL01-MG;UOP03-DEL01-MG;;;
686079;20/04/2025;domingo;01:00:00;RJ;101;393;RIO DE JANEIRO;Ingest�o de �lcool pelo condutor;Queda de ocupante de ve�culo;Com V�timas Feridas;Plena Noite;Crescente;Nublado;Dupla;Reta;N�o;1;0;1;0;0;0;1;1;-22,88415642;-43,71757865;SPRF-RJ;DEL03-RJ;UOP01-DEL03-RJ;;;
686080;20/04/2025;domingo;01:15:00;RN;226;167,1;CURRAIS NOVOS;Condutor Dormindo;Sa�da de leito carro��vel;Com V�timas Feridas;Plena Noite;Decrescente;C�u Claro;Simples;"Declive;Curva";N�o;1;0;1;0;0;0;1;1;-6,23154408;-36,44993592;SPRF-RN;DEL03-RN;UOP02-DEL03-RN;;;
686081;20/04/2025;domingo;01:00:00;SC;280;274;IRINEOPOLIS;Sinaliza��o mal posicionada;Colis�o com objeto;Com V�timas Feridas;Plena Noite;Crescente;C�u Claro;Simples;"Em Obras;Rotat�ria";N�o;1;0;1;0;0;0;1;1;-26,28690311;-50,78124237;SPRF-SC;DEL06-SC;UOP04-DEL06-SC;;;
686083;20/04/2025;domingo;01:30:00;MA;316;441,8;PERITORO;Aus�ncia de rea��o do condutor;Sa�da de leito carro��vel;Com V�timas Feridas;Plena Noite;Decrescente;Ignorado;Simples;Curva;N�o;3;0;3;0;0;0;3;1;-4,3671985;-44,3465391;SPRF-MA;DEL03-MA;UOP01-DEL03-MA;;;
686084;20/04/2025;domingo;02:42:00;MS;163;209,4;CAARAPO;Pedestre andava na pista;Atropelamento de Pedestre;Com V�timas Fatais;Plena Noite;Crescente;Nevoeiro/Neblina;Simples;Reta;N�o;2;1;0;0;0;1;0;2;-22,628592;-54,819098;SPRF-MS;DEL04-MS;UOP02-DEL04-MS;;;
686085;20/04/2025;domingo;03:30:00;PR;277;0;PARANAGUA;Acessar a via sem observar a presen�a dos outros ve�culos;Colis�o transversal;Com V�timas Feridas;Plena Noite;Crescente;Nublado;Dupla;Reta;Sim;3;0;3;0;0;0;3;2;-25,5557617;-48,5622377;SPRF-PR;DEL01-PR;UOP05-DEL01-PR;;;
686086;20/04/2025;domingo;03:50:00;MG;381;886,2;ESTIVA;Ingest�o de �lcool pelo condutor;Colis�o com objeto;Com V�timas Feridas;Plena Noite;Crescente;Nublado;Dupla;Curva;N�o;2;0;1;0;0;1;1;1;-22,51071;-46,017978;SPRF-MG;DEL16-MG;UOP01-DEL16-MG;;;
686088;20/04/2025;domingo;04:55:00;SP;116;157;SAO JOSE DOS CAMPOS;Condutor deixou de manter dist�ncia do ve�culo da frente;Engavetamento;Com V�timas Feridas;Amanhecer;Crescente;Garoa/Chuvisco;M�ltipla;Reta;Sim;5;0;1;0;3;1;1;5;-23,2492627;-45,9355601;SPRF-SP;DEL02-SP;UOP01-DEL02-SP;;;
686089;20/04/2025;domingo;01:50:00;MG;116;494,8;INHAPIM;Chuva;Sa�da de leito carro��vel;Com V�timas Fatais;Plena Noite;Crescente;Chuva;Simples;Reta;N�o;1;1;0;0;0;0;0;1;-19,520094;-42,127561;SPRF-MG;DEL06-MG;UOP02-DEL06-MG;;;
686090;20/04/2025;domingo;03:50:00;SC;282;654,9;SAO MIGUEL DO OESTE;Acessar a via sem observar a presen�a dos outros ve�culos;Colis�o transversal;Sem V�timas;Plena Noite;Crescente;C�u Claro;Simples;Curva;N�o;2;0;0;0;1;1;0;2;-26,70162751;-53,52816577;SPRF-SC;DEL07-SC;UOP03-DEL07-SC;;;
686092;20/04/2025;domingo;04:00:00;MT;163;836;SINOP;Ingest�o de �lcool pelo condutor;Colis�o lateral mesmo sentido;Sem V�timas;Plena Noite;Crescente;C�u Claro;Simples;Reta;Sim;2;0;0;0;2;0;0;2;-11,846005;-55,491184;SPRF-MT;DEL06-MT;UOP02-DEL06-MT;;;
686093;19/04/2025;s�bado;23:00:00;MA;135;312,2;DOM PEDRO;Transitar na contram�o;Colis�o frontal;Com V�timas Fatais;Plena Noite;Crescente;C�u Claro;Simples;"Curva;Declive";N�o;3;1;2;0;0;0;2;2;-5,055037;-44,451633;SPRF-MA;DEL06-MA;UOP01-DEL06-MA;;;
686094;20/04/2025;domingo;04:00:00;PR;277;187;PALMEIRA;Ingest�o de �lcool pelo condutor;Sa�da de leito carro��vel;Sem V�timas;Amanhecer;Crescente;C�u Claro;Simples;Reta;N�o;1;0;0;0;1;0;0;1;-25,43521371;-50,05439758;SPRF-PR;DEL08-PR;UOP02-DEL08-PR;;;
686095;20/04/2025;domingo;05:40:00;RS;392;117;CANGUCU;Velocidade Incompat�vel;Sa�da de leito carro��vel;Sem V�timas;Amanhecer;Crescente;Ignorado;Simples;Rotat�ria;Sim;1;0;0;0;0;1;0;1;-31,413766;-52,675707;SPRF-RS;DEL07-RS;UOP01-DEL07-RS;;;
686096;17/04/2025;quinta-feira;05:30:00;BA;116;260;TUCANO;Aus�ncia de rea��o do condutor;Atropelamento de Animal;Com V�timas Feridas;Pleno dia;Decrescente;C�u Claro;Simples;Reta;N�o;4;0;4;0;0;0;4;1;-10,84383618;-38,8577199;SPRF-BA;DEL07-BA;UOP02-DEL07-BA;;;
686098;19/04/2025;s�bado;22:00:00;RS;158;159,1;PANAMBI;Ingest�o de �lcool pelo condutor;Sa�da de leito carro��vel;Sem V�timas;Plena Noite;Decrescente;C�u Claro;Simples;Reta;N�o;1;0;0;0;1;0;0;1;-28,35308311;-53,50310683;SPRF-RS;DEL10-RS;UOP02-DEL10-RS;;;
686099;20/04/2025;domingo;06:30:00;SC;101;154;PORTO BELO;Ingest�o de �lcool pelo condutor;Sa�da de leito carro��vel;Sem V�timas;Pleno dia;Crescente;C�u Claro;Dupla;Reta;N�o;1;0;0;0;1;0;0;1;-27,15222114;-48,61106586;SPRF-SC;DEL04-SC;UOP03-DEL04-SC;;;
686100;20/04/2025;domingo;06:00:00;PR;277;67,4;SAO JOSE DOS PINHAIS;Condutor Dormindo;Colis�o com objeto;Com V�timas Feridas;Amanhecer;Decrescente;Nublado;Dupla;Reta;Sim;1;0;1;0;0;0;1;1;-25,52270617;-49,10313422;SPRF-PR;DEL01-PR;UOP01-DEL01-PR;;;
686101;16/04/2025;quarta-feira;16:00:00;BA;324;620;SALVADOR;Condutor deixou de manter dist�ncia do ve�culo da frente;Colis�o traseira;Com V�timas Feridas;Pleno dia;Decrescente;C�u Claro;Dupla;Reta;N�o;6;0;2;0;4;0;2;4;-12,909258;-38,45786;SPRF-BA;DEL01-BA;UOP01-DEL01-BA;;;
686102;20/04/2025;domingo;06:00:00;SC;101;132;BALNEARIO CAMBORIU;Aus�ncia de rea��o do condutor;Sa�da de leito carro��vel;Com V�timas Feridas;Pleno dia;Crescente;Nublado;M�ltipla;Reta;Sim;1;0;1;0;0;0;1;1;-26,99907143;-48,64796209;SPRF-SC;DEL04-SC;UOP03-DEL04-SC;;;
686103;16/04/2025;quarta-feira;23:00:00;PI;343;329,5;TERESINA;Aus�ncia de rea��o do condutor;Tombamento;Com V�timas Feridas;Plena Noite;Decrescente;C�u Claro;Simples;Reta;N�o;1;0;1;0;0;0;1;1;-5,062557;-42,64594;SPRF-PI;DEL01-PI;UOP01-DEL01-PI;;;
686105;20/04/2025;domingo;01:00:00;BA;324;514;FEIRA DE SANTANA;Aus�ncia de rea��o do condutor;Colis�o traseira;Com V�timas Feridas;Plena Noite;Decrescente;Nublado;Simples;Reta;Sim;2;0;1;0;0;1;1;2;-12,23730846;-38,9416831;SPRF-BA;DEL02-BA;UOP01-DEL02-BA;;;
686106;19/04/2025;s�bado;22:10:00;RJ;101;229;SILVA JARDIM;Acumulo de �gua sobre o pavimento;Capotamento;Com V�timas Feridas;Plena Noite;Decrescente;Chuva;Dupla;Curva;N�o;3;0;2;0;1;0;2;1;-22,56582957;-42,36911774;SPRF-RJ;DEL02-RJ;UOP03-DEL02-RJ;;;
686109;20/04/2025;domingo;07:00:00;SC;101;34;SAO JOSE;Rea��o tardia ou ineficiente do condutor;Queda de ocupante de ve�culo;Com V�timas Feridas;Pleno dia;Crescente;C�u Claro;Dupla;Reta;N�o;1;0;1;0;0;0;1;1;-27,61077;-48,69465;SPRF-SC;DEL01-SC;UOP02-DEL01-SC;;;
686110;16/04/2025;quarta-feira;23:10:00;SC;101;214,4;PALHOCA;Rea��o tardia ou ineficiente do condutor;Tombamento;Com V�timas Feridas;Plena Noite;Crescente;C�u Claro;M�ltipla;Reta;Sim;1;0;0;1;0;0;1;1;-27,64777;-48,67291;SPRF-SC;DEL01-SC;UOP02-DEL01-SC;;;
686111;16/04/2025;quarta-feira;23:00:00;PR;277;584;CASCAVEL;Manobra de mudan�a de faixa;Colis�o lateral mesmo sentido;Com V�timas Feridas;Plena Noite;Decrescente;C�u Claro;Simples;Interse��o de Vias;N�o;2;0;2;0;0;0;2;2;-24,96436814;-53,40655066;SPRF-PR;DEL04-PR;UOP01-DEL04-PR;;;
686112;20/04/2025;domingo;07:00:00;MG;381;525;BRUMADINHO;Frear bruscamente;Colis�o traseira;Sem V�timas;Pleno dia;Crescente;C�u Claro;Dupla;"Reta;Declive";N�o;2;0;0;0;2;0;0;2;-20,1550293;-44,32665825;SPRF-MG;DEL04-MG;UOP03-DEL04-MG;;;
686113;20/04/2025;domingo;05:00:00;RS;386;347,8;LAJEADO;Aus�ncia de rea��o do condutor;Sa�da de leito carro��vel;Com V�timas Feridas;Plena Noite;Crescente;C�u Claro;Dupla;Reta;Sim;1;0;1;0;0;0;1;1;-29,45435917;-51,96077228;SPRF-RS;DEL04-RS;UOP01-DEL04-RS;;;
686114;16/04/2025;quarta-feira;12:10:00;SC;280;128,7;RIO NEGRINHO;Trafegar com motocicleta (ou similar) entre as faixas;Colis�o lateral mesmo sentido;Com V�timas Feridas;Pleno dia;Decrescente;C�u Claro;Simples;Reta;Sim;2;0;1;0;1;0;1;2;-26,245374;-49,520831;SPRF-SC;DEL06-SC;UOP03-DEL06-SC;;;
686115;20/04/2025;domingo;06:25:00;PR;277;513;GUARANIACU;Ingest�o de �lcool pelo condutor;Colis�o frontal;Com V�timas Feridas;Amanhecer;Decrescente;C�u Claro;Simples;Curva;N�o;6;0;1;1;3;1;2;2;-25,118539;-52,812704;SPRF-PR;DEL04-PR;UOP04-DEL04-PR;;;
686116;20/04/2025;domingo;07:55:00;SC;101;195,8;BIGUACU;Entrada inopinada do pedestre;Eventos at�picos;Com V�timas Feridas;Pleno dia;Decrescente;C�u Claro;Dupla;Reta;Sim;3;0;1;0;1;1;1;2;-27,51;-48,644;SPRF-SC;DEL01-SC;UOP01-DEL01-SC;;;
686118;16/04/2025;quarta-feira;09:30:00;MG;381;503,7;BETIM;Chuva;Colis�o com objeto;Com V�timas Feridas;Pleno dia;Decrescente;Chuva;Dupla;"Curva;Aclive";Sim;2;0;2;0;0;0;2;1;-20,0256013;-44,2313425;SPRF-MG;DEL01-MG;UOP03-DEL01-MG;;;
686119;16/04/2025;quarta-feira;18:12:00;PI;316;8;TERESINA;Entrada inopinada do pedestre;Atropelamento de Pedestre;Com V�timas Feridas;Plena Noite;Decrescente;C�u Claro;Dupla;Reta;Sim;2;0;2;0;0;0;2;2;-5,17660374;-42,76539087;SPRF-PI;DEL01-PI;UOP02-DEL01-PI;;;
686120;20/04/2025;domingo;07:00:00;ES;101;209,1;IBIRACU;Manobra de mudan�a de faixa;Colis�o lateral mesmo sentido;Com V�timas Feridas;Pleno dia;Decrescente;C�u Claro;Simples;Reta;N�o;2;0;1;0;1;0;1;2;-19,790156;-40,371425;SPRF-ES;DEL02-ES;UOP01-DEL02-ES;;;
686121;16/04/2025;quarta-feira;22:30:00;MG;381;493,5;BETIM;Velocidade Incompat�vel;Tombamento;Com V�timas Feridas;Plena Noite;Decrescente;Nublado;M�ltipla;"Reta;Declive";Sim;1;0;1;0;0;0;1;1;-19,9651032;-44,1743471;SPRF-MG;DEL01-MG;UOP03-DEL01-MG;;;
686122;20/04/2025;domingo;08:15:00;RJ;116;169;RIO DE JANEIRO;Mal s�bito do condutor;Colis�o com objeto;Com V�timas Feridas;Pleno dia;Crescente;C�u Claro;M�ltipla;Reta;N�o;1;0;1;0;0;0;1;1;-22,81512079;-43,32621206;SPRF-RJ;DEL06-RJ;UOP01-DEL06-RJ;;;
686126;16/04/2025;quarta-feira;14:00:00;MG;365;340;VARJAO DE MINAS;Chuva;Sa�da de leito carro��vel;Com V�timas Feridas;Pleno dia;Decrescente;Chuva;Simples;Reta;N�o;1;0;1;0;0;0;1;1;-18,351456;-46,018742;SPRF-MG;DEL10-MG;UOP01-DEL10-MG;;;
686127;16/04/2025;quarta-feira;14:30:00;PE;232;79;GRAVATA;Ingest�o de �lcool pelo condutor;Colis�o frontal;Com V�timas Feridas;Pleno dia;Crescente;Sol;Dupla;"Reta;Interse��o de Vias";Sim;2;0;1;0;1;0;1;2;-8,1955347;-35,56861097;SPRF-PE;DEL02-PE;UOP02-DEL02PE;;;
686128;20/04/2025;domingo;08:50:00;CE;222;4,8;CAUCAIA;Pista Escorregadia;Sa�da de leito carro��vel;Com V�timas Feridas;Amanhecer;Decrescente;Chuva;Dupla;"Reta;Declive";Sim;2;0;1;0;1;0;1;1;-3,74253059;-38,61089045;SPRF-CE;DEL01-CE;UOP01-DEL01-CE;;;
686129;20/04/2025;domingo;08:15:00;GO;153;609,9;MORRINHOS;Velocidade Incompat�vel;Queda de ocupante de ve�culo;Com V�timas Feridas;Pleno dia;Decrescente;C�u Claro;Dupla;Reta;Sim;1;0;1;0;0;0;1;1;-17,62713097;-49,17759418;SPRF-GO;DEL03-GO;UOP01-DEL03-GO;;;
686130;20/04/2025;domingo;07:10:00;PB;230;173,9;CAMPINA GRANDE;Aus�ncia de rea��o do condutor;Sa�da de leito carro��vel;Sem V�timas;Pleno dia;Crescente;C�u Claro;Simples;Reta;N�o;1;0;0;0;0;1;0;1;-7,178974;-36;SPRF-PB;DEL02-PB;UOP02-DEL02-PB;;;
686131;20/04/2025;domingo;08:20:00;GO;60;91;ANAPOLIS;Condutor deixou de manter dist�ncia do ve�culo da frente;Colis�o traseira;Com V�timas Feridas;Pleno dia;Decrescente;C�u Claro;Dupla;"Reta;Aclive";Sim;2;0;2;0;0;0;2;2;-16,348536;-48,908812;SPRF-GO;DEL02-GO;UOP01-DEL02-GO;;;
686132;20/04/2025;domingo;05:20:00;GO;153;507;APARECIDA DE GOIANIA;Condutor Dormindo;Queda de ocupante de ve�culo;Com V�timas Feridas;Amanhecer;Crescente;Nevoeiro/Neblina;Dupla;Reta;Sim;1;0;0;1;0;0;1;1;-16,767233;-49,239612;SPRF-GO;DEL01-GO;UOP03-DEL01-GO;;;
686133;20/04/2025;domingo;07:57:00;RJ;101;330;RIO DE JANEIRO;Aus�ncia de rea��o do condutor;Colis�o traseira;Com V�timas Feridas;Pleno dia;Decrescente;Nublado;Dupla;Reta;N�o;7;0;2;0;5;0;2;3;-22,867605;-43,197598;SPRF-RJ;DEL02-RJ;UOP01-DEL02-RJ;;;
686134;16/04/2025;quarta-feira;22:00:00;MG;116;764,9;LEOPOLDINA;Rea��o tardia ou ineficiente do condutor;Colis�o lateral sentido oposto;Com V�timas Feridas;Plena Noite;Decrescente;C�u Claro;Simples;"Curva;Interse��o de Vias";N�o;3;0;2;0;1;0;2;2;-21,53055225;-42,66796053;SPRF-MG;DEL07-MG;UOP01-DEL07-MG;;;
686136;20/04/2025;domingo;08:45:00;SP;153;83,6;MIRASSOL;Rea��o tardia ou ineficiente do condutor;Colis�o traseira;Com V�timas Feridas;Pleno dia;Crescente;C�u Claro;Dupla;Aclive;N�o;7;0;3;0;2;2;3;3;-20,926547;-49,50951;SPRF-SP;DEL09-SP;UOP01-DEL09-SP;;;
686139;16/04/2025;quarta-feira;13:30:00;MT;163;834;SINOP;Rea��o tardia ou ineficiente do condutor;Engavetamento;Com V�timas Feridas;Pleno dia;Crescente;C�u Claro;Dupla;Reta;Sim;4;0;1;0;3;0;1;3;-11,874;-55,499;SPRF-MT;DEL06-MT;UOP02-DEL06-MT;;;
686140;16/04/2025;quarta-feira;19:50:00;GO;70;6;AGUAS LINDAS DE GOIAS;Pedestre cruzava a pista fora da faixa;Atropelamento de Pedestre;Com V�timas Feridas;Plena Noite;Crescente;C�u Claro;Dupla;Reta;Sim;2;0;2;0;0;0;2;2;-15,7520794;-48,25983882;SPRF-DF;DEL03-DF;UOP02-DEL03-DF;;;
686141;16/04/2025;quarta-feira;17:50:00;MS;60;499;MARACAJU;Aus�ncia de rea��o do condutor;Sa�da de leito carro��vel;Com V�timas Feridas;Plena Noite;Crescente;Nublado;Simples;Curva;N�o;4;0;2;2;0;0;4;1;-21,20510271;-55,51055253;SPRF-MS;DEL01-MS;UOP04-DEL01-MS;;;
686142;20/04/2025;domingo;07:20:00;RJ;40;117;DUQUE DE CAXIAS;Demais falhas mec�nicas ou el�tricas;Queda de ocupante de ve�culo;Com V�timas Feridas;Pleno dia;Decrescente;Nublado;Dupla;Reta;Sim;2;0;2;0;0;0;2;1;-22,74603996;-43,28784578;SPRF-RJ;DEL01-RJ;UOP02-DEL01-RJ;;;
686145;16/04/2025;quarta-feira;19:40:00;PR;153;310,8;IMBITUVA;Transitar na contram�o;Colis�o frontal;Com V�timas Feridas;Plena Noite;Crescente;Nublado;Simples;Curva;N�o;2;0;2;0;0;0;2;2;-25,300911;-50,637117;SPRF-PR;DEL08-PR;UOP02-DEL08-PR;;;
686146;17/04/2025;quinta-feira;08:05:00;RJ;40;65;PETROPOLIS;Rea��o tardia ou ineficiente do condutor;Engavetamento;Com V�timas Feridas;Pleno dia;Decrescente;C�u Claro;Simples;Reta;N�o;3;0;1;0;2;0;1;3;-22,42748934;-43,16194469;SPRF-RJ;DEL05-RJ;UOP02-DEL05-RJ;;;
686148;20/04/2025;domingo;08:40:00;SC;116;16,9;MAFRA;Aus�ncia de rea��o do condutor;Queda de ocupante de ve�culo;Com V�timas Feridas;Pleno dia;Crescente;C�u Claro;Simples;Reta;N�o;1;0;1;0;0;0;1;1;-26,1161458;-49,7859293;SPRF-SC;DEL06-SC;UOP01-DEL06-SC;;;
686149;17/04/2025;quinta-feira;07:48:00;RJ;40;119;DUQUE DE CAXIAS;Manobra de mudan�a de faixa;Colis�o lateral mesmo sentido;Com V�timas Feridas;Pleno dia;Crescente;C�u Claro;M�ltipla;Reta;N�o;1;0;1;0;0;0;1;1;-22,6483575;-43,2839185;SPRF-RJ;DEL01-RJ;UOP02-DEL01-RJ;;;
686151;16/04/2025;quarta-feira;16:00:00;MG;381;737,7;TRES CORACOES;Velocidade Incompat�vel;Sa�da de leito carro��vel;Com V�timas Feridas;Pleno dia;Crescente;Chuva;Dupla;Curva;N�o;4;0;3;1;0;0;4;1;-21,56166053;-45,24345338;SPRF-MG;DEL16-MG;UOP02-DEL16-MG;;;
686154;20/04/2025;domingo;09:20:00;GO;153;356;JARAGUA;Desrespeitar a prefer�ncia no cruzamento;Colis�o transversal;Com V�timas Feridas;Pleno dia;Decrescente;C�u Claro;Dupla;"Reta;Interse��o de Vias";Sim;6;0;1;0;5;0;1;2;-15,73505089;-49,32350306;SPRF-GO;DEL02-GO;UOP02-DEL02-GO;;;
686155;16/04/2025;quarta-feira;19:20:00;SP;116;202;ARUJA;Trafegar com motocicleta (ou similar) entre as faixas;Tombamento;Com V�timas Feridas;Pleno dia;Decrescente;Nublado;Dupla;"Reta;Aclive";Sim;1;0;1;0;0;0;1;1;-23,40945279;-46,34128153;SPRF-SP;DEL01-SP;UOP01-DEL01-SP;;;
686156;20/04/2025;domingo;09:25:00;CE;116;5;FORTALEZA;Manobra de mudan�a de faixa;Colis�o traseira;Com V�timas Feridas;Pleno dia;Decrescente;C�u Claro;M�ltipla;Reta;Sim;2;0;1;0;0;1;1;2;-3,79895554;-38,50539203;SPRF-CE;DEL01-CE;UOP02-DEL01-CE;;;
686158;16/04/2025;quarta-feira;16:30:00;GO;40;1,5;VALPARAISO DE GOIAS;Pedestre cruzava a pista fora da faixa;Atropelamento de Pedestre;Com V�timas Feridas;Pleno dia;Crescente;C�u Claro;Dupla;Reta;Sim;2;0;1;0;1;0;1;2;-16,064582;-47,98388;SPRF-DF;DEL01-DF;UOP01-DEL01-DF;;;
686159;16/04/2025;quarta-feira;19:00:00;SC;101;146;ITAPEMA;Trafegar com motocicleta (ou similar) entre as faixas;Colis�o lateral mesmo sentido;Com V�timas Feridas;Plena Noite;Decrescente;C�u Claro;M�ltipla;Reta;Sim;2;0;1;0;1;0;1;2;-27,08859211;-48,61240799;SPRF-SC;DEL04-SC;UOP03-DEL04-SC;;;
686161;16/04/2025;quarta-feira;20:15:00;RS;158;270,9;JULIO DE CASTILHOS;Demais falhas mec�nicas ou el�tricas;Capotamento;Com V�timas Fatais;Plena Noite;Decrescente;C�u Claro;Simples;Reta;N�o;3;1;2;0;0;0;2;1;-29,29497003;-53,66872787;SPRF-RS;DEL09-RS;UOP01-DEL09-RS;;;
686162;20/04/2025;domingo;08:00:00;SP;101;52;UBATUBA;Acessar a via sem observar a presen�a dos outros ve�culos;Colis�o transversal;Com V�timas Feridas;Pleno dia;Decrescente;C�u Claro;Simples;Rotat�ria;Sim;2;0;1;0;1;0;1;2;-23,46265583;-45,06420135;SPRF-SP;DEL06-SP;UOP01-DEL06-SP;;;
686163;16/04/2025;quarta-feira;12:00:00;RJ;493;89;JAPERI;Rea��o tardia ou ineficiente do condutor;Sa�da de leito carro��vel;Com V�timas Feridas;Pleno dia;Decrescente;C�u Claro;Dupla;Reta;N�o;1;0;0;1;0;0;1;1;-22,6656256;-43,6338688;SPRF-RJ;DEL01-RJ;UOP03-DEL01-RJ;;;
686164;17/04/2025;quinta-feira;04:54:00;RJ;101;257,3;RIO BONITO;Animais na Pista;Atropelamento de Animal;Com V�timas Feridas;Plena Noite;Decrescente;C�u Claro;Dupla;Reta;N�o;5;0;1;1;3;0;2;4;-22,699041;-42,581682;SPRF-RJ;DEL02-RJ;UOP03-DEL02-RJ;;;