id;data_inversa;dia_semana;horario;uf;br;km;municipio;causa_acidente;tipo_acidente;classificacao_acidente;fase_dia;sentido_via;condicao_metereologica;tipo_pista;tracado_via;uso_solo;pessoas;mortos;feridos_leves;feridos_graves;ilesos;ignorados;feridos;veiculos;latitude;longitude;regional;delegacia;uop;;;
686166;20/04/2025;domingo;08:00:00;RJ;101;515;ANGRA DOS REIS;Rea��o tardia ou ineficiente do condutor;Colis�o com objeto;Com V�timas Feridas;Pleno dia;Decrescente;Nublado;Simples;Reta;N�o;4;0;3;0;1;0;3;1;-23,0101851;-44,45075467;SPRF-RJ;DEL03-RJ;UOP03-DEL03-RJ;;;
686168;20/04/2025;domingo;09:00:00;BA;101;220;CRUZ DAS ALMAS;Acessar a via sem observar a presen�a dos outros ve�culos;Colis�o transversal;Com V�timas Feridas;Pleno dia;Decrescente;C�u Claro;Simples;Rotat�ria;Sim;3;0;1;0;2;0;1;2;-12,6576228;-39,1247594;SPRF-BA;DEL01-BA;UOP02-DEL01-BA;;;
686169;20/04/2025;domingo;10:10:00;SC;101;208,1;SAO JOSE;Aus�ncia de rea��o do condutor;Colis�o traseira;Com V�timas Feridas;Pleno dia;Decrescente;C�u Claro;M�ltipla;Reta;Sim;4;0;2;0;2;0;2;2;-27,6041;-48,6327;SPRF-SC;DEL01-SC;UOP01-DEL01-SC;;;
686170;20/04/2025;domingo;07:20:00;MS;163;117;NAVIRAI;Velocidade Incompat�vel;Sa�da de leito carro��vel;Com V�timas Feridas;Amanhecer;Crescente;Nevoeiro/Neblina;Dupla;Retorno Regulamentado;N�o;1;0;1;0;0;0;1;1;-23,131429;-54,198829;SPRF-MS;DEL09-MS;UOP01-DEL09-MS;;;
686171;20/04/2025;domingo;07:00:00;GO;60;42;ALEXANIA;Rea��o tardia ou ineficiente do condutor;Sa�da de leito carro��vel;Sem V�timas;Pleno dia;Crescente;C�u Claro;Dupla;Curva;N�o;3;0;0;0;3;0;0;1;-16,110032;-48,584341;SPRF-DF;DEL03-DF;UOP01-DEL03-DF;;;
686172;20/04/2025;domingo;10:00:00;PB;101;94,5;CONDE;Acumulo de �gua sobre o pavimento;Colis�o traseira;Com V�timas Feridas;Pleno dia;Decrescente;Chuva;Dupla;"Curva;Declive";N�o;5;0;1;1;3;0;2;3;-7,224012;-34,914718;SPRF-PB;DEL01-PB;UOP01-DEL01-PB;;;
686173;20/04/2025;domingo;10:00:00;GO;414;439,5;ANAPOLIS;Convers�o proibida;Colis�o transversal;Com V�timas Feridas;Pleno dia;Crescente;Sol;Simples;Reta;Sim;2;0;1;0;1;0;1;2;-16,277693;-48,941616;SPRF-GO;DEL02-GO;UOP01-DEL02-GO;;;
686174;16/04/2025;quarta-feira;17:20:00;MG;116;15,3;PEDRA AZUL;Transitar na contram�o;Colis�o frontal;Com V�timas Feridas;Anoitecer;Crescente;C�u Claro;Simples;Reta;Sim;3;0;0;3;0;0;3;2;-15,80942;-41,37549;SPRF-BA;DEL08-BA;UOP03-DEL08-BA;;;
686176;20/04/2025;domingo;09:50:00;BA;324;534;CONCEICAO DO JACUIPE;Demais falhas mec�nicas ou el�tricas;Sa�da de leito carro��vel;Com V�timas Feridas;Pleno dia;Decrescente;C�u Claro;Dupla;Reta;N�o;1;0;1;0;0;0;1;1;-12,364955;-38,818858;SPRF-BA;DEL01-BA;UOP03-DEL01-BA;;;
686177;16/04/2025;quarta-feira;14:00:00;PE;101;66;RECIFE;Condutor deixou de manter dist�ncia do ve�culo da frente;Colis�o traseira;Com V�timas Feridas;Pleno dia;Decrescente;Sol;Dupla;Reta;Sim;3;0;0;1;2;0;1;3;-8,03691;-34,94141;SPRF-PE;DEL01-PE;UOP01-DEL01-PE;;;
686178;20/04/2025;domingo;11:20:00;CE;116;20;EUSEBIO;Acumulo de �gua sobre o pavimento;Colis�o lateral mesmo sentido;Com V�timas Feridas;Pleno dia;Crescente;Chuva;M�ltipla;Aclive;Sim;3;0;2;0;1;0;2;2;-3,92474811;-38,50781852;SPRF-CE;DEL01-CE;UOP02-DEL01-CE;;;
686179;16/04/2025;quarta-feira;15:30:00;RJ;493;18,6;MAGE;Rea��o tardia ou ineficiente do condutor;Colis�o traseira;Com V�timas Feridas;Pleno dia;Crescente;C�u Claro;Simples;Reta;Sim;2;0;0;1;1;0;1;2;-22,66240351;-43,04368968;SPRF-RJ;DEL04-RJ;UOP02-DEL04-RJ;;;
686180;20/04/2025;domingo;10:50:00;SC;101;119;ITAJAI;Rea��o tardia ou ineficiente do condutor;Colis�o traseira;Sem V�timas;Pleno dia;Decrescente;C�u Claro;M�ltipla;Reta;Sim;2;0;0;0;2;0;0;2;-26,90493054;-48,7151044;SPRF-SC;DEL04-SC;UOP04-DEL04-SC;;;
686182;20/04/2025;domingo;09:00:00;RO;364;33;VILHENA;Manobra de mudan�a de faixa;Colis�o lateral mesmo sentido;Com V�timas Feridas;Pleno dia;Crescente;Sol;Simples;Reta;N�o;5;0;2;0;3;0;2;2;-12,6783961;-60,29415563;SPRF-RO;DEL04-RO;UOP01-DEL04-RO;;;
686183;20/04/2025;domingo;09:14:00;MT;163;984;TERRA NOVA DO NORTE;Aus�ncia de rea��o do condutor;Sa�da de leito carro��vel;Com V�timas Feridas;Pleno dia;Crescente;C�u Claro;Simples;Reta;N�o;2;0;1;1;0;0;2;1;-10,623;-55,123;SPRF-MT;DEL06-MT;UOP03-DEL06-MT;;;
686184;20/04/2025;domingo;09:45:00;MS;163;523,6;JARAGUARI;Rea��o tardia ou ineficiente do condutor;Tombamento;Com V�timas Feridas;Pleno dia;Crescente;Nublado;Dupla;Reta;N�o;1;0;0;1;0;0;1;1;-20,1280483;-54,442167;SPRF-MS;DEL01-MS;UOP02-DEL01-MS;;;
686186;20/04/2025;domingo;10:30:00;TO;153;206,4;NOVA OLINDA;Manobra de mudan�a de faixa;Sa�da de leito carro��vel;Com V�timas Feridas;Pleno dia;Crescente;C�u Claro;Simples;Reta;N�o;4;0;1;0;3;0;1;1;-7,704434;-48,437898;SPRF-TO;DEL02-TO;UOP01-DEL02-TO;;;
686189;20/04/2025;domingo;11:40:00;MG;381;4;BETIM;Aus�ncia de rea��o do condutor;Colis�o traseira;Com V�timas Feridas;Pleno dia;Decrescente;C�u Claro;Dupla;Curva;Sim;3;0;2;0;0;1;2;2;-19,98662727;-44,17052854;SPRF-MG;DEL01-MG;UOP03-DEL01-MG;;;
686190;20/04/2025;domingo;11:20:00;SC;470;59,4;BLUMENAU;Ultrapassagem Indevida;Colis�o lateral sentido oposto;Com V�timas Feridas;Pleno dia;Decrescente;C�u Claro;Simples;"Reta;Em Obras";Sim;2;0;1;0;1;0;1;2;-26,8824594;-49,15802479;SPRF-SC;DEL04-SC;UOP01-DEL04-SC;;;
686192;20/04/2025;domingo;08:00:00;RS;116;134,1;CAXIAS DO SUL;Condutor Dormindo;Sa�da de leito carro��vel;Sem V�timas;Pleno dia;Decrescente;C�u Claro;Simples;Curva;N�o;2;0;0;0;2;0;0;1;-29,06498516;-51,0982275;SPRF-RS;DEL05-RS;UOP01-DEL05-RS;;;
686193;17/04/2025;quinta-feira;07:30:00;SP;116;116,9;TAUBATE;Condutor deixou de manter dist�ncia do ve�culo da frente;Engavetamento;Com V�timas Feridas;Pleno dia;Decrescente;Sol;Dupla;Reta;Sim;3;0;1;0;2;0;1;3;-23,05525258;-45,61045809;SPRF-SP;DEL02-SP;UOP02-DEL02-SP;;;
686194;16/04/2025;quarta-feira;14:15:00;DF;70;13;BRASILIA;Avarias e/ou desgaste excessivo no pneu;Sa�da de leito carro��vel;Com V�timas Feridas;Pleno dia;Crescente;C�u Claro;Dupla;Reta;N�o;1;0;1;0;0;0;1;1;-15,79395394;-48,16459006;SPRF-DF;DEL03-DF;UOP02-DEL03-DF;;;
686195;15/04/2025;ter�a-feira;16:30:00;MA;316;220,5;GOVERNADOR NEWTON BELLO;Demais falhas na via;Colis�o frontal;Com V�timas Fatais;Pleno dia;Decrescente;C�u Claro;Simples;Reta;N�o;2;1;0;1;0;0;1;2;-3,481606;-45,674383;SPRF-MA;DEL02-MA;UOP01-DEL02-MA;;;
686196;20/04/2025;domingo;13:00:00;SP;381;49,8;ATIBAIA;Rea��o tardia ou ineficiente do condutor;Queda de ocupante de ve�culo;Com V�timas Feridas;Pleno dia;Crescente;C�u Claro;M�ltipla;"Reta;Declive";N�o;2;0;0;1;0;1;1;2;-23,20856973;-46,59228802;SPRF-SP;DEL03-SP;UOP01-DEL03-SP;;;
686197;20/04/2025;domingo;07:54:00;PA;163;70;ALTAMIRA;Ingest�o de �lcool pelo condutor;Queda de ocupante de ve�culo;Com V�timas Feridas;Amanhecer;Crescente;Ignorado;Simples;Reta;N�o;1;0;1;0;0;0;1;1;-8,95195;-54,98304;SPRF-MT;DEL06-MT;UOP03-DEL06-MT;;;
686198;16/04/2025;quarta-feira;20:30:00;ES;259;53;COLATINA;Rea��o tardia ou ineficiente do condutor;Tombamento;Com V�timas Feridas;Plena Noite;Crescente;Nublado;M�ltipla;"Reta;Aclive";N�o;1;0;0;1;0;0;1;1;-19,4998405;-40,6293236;SPRF-ES;DEL02-ES;UOP01-DEL02-ES;;;
686199;20/04/2025;domingo;12:30:00;MG;381;500;BETIM;Manobra de mudan�a de faixa;Colis�o lateral mesmo sentido;Com V�timas Feridas;Pleno dia;Decrescente;C�u Claro;Dupla;Reta;Sim;3;0;2;0;1;0;2;2;-20,00279;-44,21214;SPRF-MG;DEL01-MG;UOP03-DEL01-MG;;;
686200;20/04/2025;domingo;13:00:00;ES;101;266,1;SERRA;Rea��o tardia ou ineficiente do condutor;Queda de ocupante de ve�culo;Com V�timas Feridas;Pleno dia;Crescente;C�u Claro;M�ltipla;Reta;Sim;1;0;1;0;0;0;1;1;-20,19214333;-40,26803;SPRF-ES;DEL02-ES;UOP01-DEL02-ES;;;
686202;20/04/2025;domingo;12:30:00;SP;101;36;UBATUBA;Acessar a via sem observar a presen�a dos outros ve�culos;Colis�o transversal;Com V�timas Feridas;Pleno dia;Crescente;Chuva;Simples;Reta;N�o;2;0;1;0;1;0;1;2;-23,39552234;-45,01477176;SPRF-SP;DEL06-SP;UOP01-DEL06-SP;;;
686203;16/04/2025;quarta-feira;22:40:00;ES;101;266;SERRA;Trafegar com motocicleta (ou similar) entre as faixas;Colis�o lateral mesmo sentido;Sem V�timas;Plena Noite;Crescente;Garoa/Chuvisco;Dupla;"Interse��o de Vias;Curva";Sim;2;0;0;0;2;0;0;2;-20,18744168;-40,26826713;SPRF-ES;DEL02-ES;UOP01-DEL02-ES;;;
686204;16/04/2025;quarta-feira;18:30:00;MS;163;542,7;BANDEIRANTES;Aus�ncia de rea��o do condutor;Sa�da de leito carro��vel;Sem V�timas;Plena Noite;Crescente;C�u Claro;Simples;Reta;N�o;1;0;0;0;1;0;0;1;-19,9654986;-54,3807602;SPRF-MS;DEL01-MS;UOP02-DEL01-MS;;;
686205;16/04/2025;quarta-feira;20:42:00;PA;230;1118;ITAITUBA;Rea��o tardia ou ineficiente do condutor;Capotamento;Com V�timas Feridas;Plena Noite;Crescente;Ignorado;Simples;"Declive;Curva";N�o;3;0;0;1;2;0;1;1;-4,39018029;-55,95907504;SPRF-PA;DEL05-PA;UOP02-DEL05-PA;;;
686206;20/04/2025;domingo;13:50:00;RJ;116;179;MESQUITA;Avarias e/ou desgaste excessivo no pneu;Queda de ocupante de ve�culo;Com V�timas Feridas;Pleno dia;Decrescente;C�u Claro;Dupla;Reta;Sim;2;0;1;0;0;1;1;1;-22,76736429;-43,41192657;SPRF-RJ;DEL06-RJ;UOP01-DEL06-RJ;;;
686207;20/04/2025;domingo;13:25:00;PR;116;23,8;ANTONINA;Pista Escorregadia;Queda de ocupante de ve�culo;Com V�timas Feridas;Pleno dia;Decrescente;Garoa/Chuvisco;Dupla;Curva;N�o;1;0;1;0;0;0;1;1;-25,1111152;-48,7539505;SPRF-PR;DEL01-PR;UOP02-DEL01-PR;;;
686208;20/04/2025;domingo;14:00:00;ES;101;270;SERRA;Aus�ncia de rea��o do condutor;Colis�o traseira;Com V�timas Feridas;Pleno dia;Crescente;C�u Claro;Dupla;Reta;Sim;2;0;0;1;1;0;1;2;-20,227855;-40,271222;SPRF-ES;DEL02-ES;UOP01-DEL02-ES;;;
686210;16/04/2025;quarta-feira;18:58:00;MG;365;813;SANTA VITORIA;Aus�ncia de rea��o do condutor;Colis�o traseira;Com V�timas Feridas;Plena Noite;Crescente;C�u Claro;Simples;Reta;N�o;3;0;1;0;2;0;1;2;-18,885582;-50,035648;SPRF-MG;DEL15-MG;UOP03-DEL15-MG;;;
686211;20/04/2025;domingo;14:12:00;SC;101;42;PALHOCA;Aus�ncia de rea��o do condutor;Sa�da de leito carro��vel;Com V�timas Feridas;Pleno dia;Crescente;C�u Claro;Dupla;Reta;N�o;2;0;0;2;0;0;2;1;-27,66395924;-48,71597344;SPRF-SC;DEL01-SC;UOP02-DEL01-SC;;;
686214;20/04/2025;domingo;12:01:00;SC;101;131;CAMBORIU;Condutor deixou de manter dist�ncia do ve�culo da frente;Colis�o lateral mesmo sentido;Com V�timas Feridas;Pleno dia;Crescente;C�u Claro;M�ltipla;Reta;Sim;1;0;1;0;0;0;1;1;-26,98670514;-48,66625458;SPRF-SC;DEL04-SC;UOP03-DEL04-SC;;;
686215;20/04/2025;domingo;13:45:00;MG;40;459;CAETANOPOLIS;Velocidade Incompat�vel;Engavetamento;Com V�timas Feridas;Pleno dia;Crescente;C�u Claro;Dupla;Reta;N�o;11;0;6;0;4;1;6;3;-19,390276;-44,335457;SPRF-MG;DEL02-MG;UOP01-DEL02-MG;;;
686216;20/04/2025;domingo;14:00:00;PR;376;8,1;MANDAGUARI;Aus�ncia de rea��o do condutor;Colis�o com objeto;Com V�timas Feridas;Pleno dia;Decrescente;C�u Claro;Simples;"Reta;Rotat�ria";N�o;2;0;1;1;0;0;2;1;-23,54950767;-51,6675961;SPRF-PR;DEL09-PR;UOP01-DEL09-PR;;;
686218;16/04/2025;quarta-feira;18:30:00;MG;381;5,1;BETIM;Animais na Pista;Atropelamento de Animal;Com V�timas Feridas;Plena Noite;Decrescente;C�u Claro;Dupla;Reta;Sim;1;0;0;1;0;0;1;1;-19,97883412;-44,1897583;SPRF-MG;DEL01-MG;UOP03-DEL01-MG;;;
686219;20/04/2025;domingo;14:55:00;GO;70;472;ARAGARCAS;Pedestre cruzava a pista fora da faixa;Atropelamento de Pedestre;Com V�timas Feridas;Pleno dia;Crescente;C�u Claro;Dupla;Reta;Sim;6;0;2;0;4;0;2;2;-15,8965749;-52,2430443;SPRF-GO;DEL04-GO;UOP02-DEL04-GO;;;
686220;20/04/2025;domingo;15:00:00;SP;381;75;MAIRIPORA;Aus�ncia de rea��o do condutor;Colis�o com objeto;Com V�timas Feridas;Pleno dia;Crescente;Garoa/Chuvisco;Dupla;Curva;Sim;2;0;1;0;1;0;1;1;-23,349706;-46,5562195;SPRF-SP;DEL03-SP;UOP01-DEL03-SP;;;
686221;20/04/2025;domingo;15:00:00;RJ;116;189;NOVA IGUACU;Condutor deixou de manter dist�ncia do ve�culo da frente;Colis�o traseira;Com V�timas Feridas;Pleno dia;Crescente;Sol;Dupla;Reta;N�o;2;0;1;0;1;0;1;2;-22,7374979;-43,4897023;SPRF-RJ;DEL06-RJ;UOP01-DEL06-RJ;;;
686222;20/04/2025;domingo;13:45:00;SP;116;509;CAJATI;Rea��o tardia ou ineficiente do condutor;Tombamento;Com V�timas Feridas;Pleno dia;Decrescente;Nublado;Simples;"Aclive;Curva";N�o;2;0;2;0;0;0;2;1;-24,832425;-48,21468;SPRF-SP;DEL05-SP;UOP02-DEL05-SP;;;
686223;20/04/2025;domingo;14:45:00;PE;428;188,4;PETROLINA;Rea��o tardia ou ineficiente do condutor;Colis�o traseira;Com V�timas Feridas;Pleno dia;Decrescente;C�u Claro;Simples;Interse��o de Vias;Sim;4;0;1;0;2;1;1;2;-9,376063;-40,492752;SPRF-PE;DEL06-PE;UOP01-DEL06-PE;;;
686224;16/04/2025;quarta-feira;10:00:00;RJ;101;404;ITAGUAI;Aus�ncia de rea��o do condutor;Colis�o traseira;Com V�timas Feridas;Pleno dia;Crescente;C�u Claro;Dupla;Reta;Sim;2;0;0;1;1;0;1;2;-22,86061194;-43,79258567;SPRF-RJ;DEL03-RJ;UOP01-DEL03-RJ;;;
686226;20/04/2025;domingo;14:00:00;RJ;40;64;PETROPOLIS;Chuva;Queda de ocupante de ve�culo;Com V�timas Feridas;Plena Noite;Decrescente;Chuva;Dupla;Reta;N�o;2;0;1;1;0;0;2;1;-22,4272146;-43,15876007;SPRF-RJ;DEL05-RJ;UOP02-DEL05-RJ;;;
686227;20/04/2025;domingo;15:35:00;MG;381;503,3;BETIM;Aus�ncia de rea��o do condutor;Colis�o com objeto;Sem V�timas;Pleno dia;Decrescente;C�u Claro;Dupla;"Curva;Declive";Sim;1;0;0;0;0;1;0;1;-19,9817905;-44,2021242;SPRF-MG;DEL01-MG;UOP03-DEL01-MG;;;
686228;20/04/2025;domingo;15:35:00;PR;163;258;TOLEDO;Ingest�o de �lcool pelo condutor;Sa�da de leito carro��vel;Com V�timas Feridas;Pleno dia;Crescente;C�u Claro;Dupla;"Reta;Declive";N�o;1;0;0;1;0;0;1;1;-24,63888867;-53,86104042;SPRF-PR;DEL06-PR;UOP02-DEL06-PR;;;
686230;20/04/2025;domingo;15:50:00;ES;101;146,5;LINHARES;Aus�ncia de rea��o do condutor;Colis�o traseira;Com V�timas Feridas;Pleno dia;Crescente;C�u Claro;Dupla;Reta;Sim;3;0;2;0;1;0;2;2;-19,3754976;-40,06621834;SPRF-ES;DEL04-ES;UOP01-DEL04-ES;;;
686231;16/04/2025;quarta-feira;19:15:00;RS;116;267,3;CANOAS;Condutor deixou de manter dist�ncia do ve�culo da frente;Colis�o traseira;Com V�timas Feridas;Plena Noite;Decrescente;C�u Claro;M�ltipla;Reta;Sim;4;0;1;0;2;1;1;3;-29,93930732;-51,17708445;SPRF-RS;DEL01-RS;UOP01-DEL01-RS;;;
686232;20/04/2025;domingo;14:00:00;MT;70;627,6;POCONE;Acumulo de �gua sobre o pavimento;Sa�da de leito carro��vel;Com V�timas Feridas;Pleno dia;Crescente;Chuva;Simples;Reta;N�o;4;0;4;0;0;0;4;1;-15,935222;-57,010018;SPRF-MT;DEL03-MT;UOP02-DEL03-MT;;;
686233;20/04/2025;domingo;15:50:00;PE;232;112,3;BEZERROS;Acumulo de �gua sobre o pavimento;Sa�da de leito carro��vel;Sem V�timas;Pleno dia;Crescente;Chuva;Dupla;"Declive;Retorno Regulamentado";Sim;4;0;0;0;4;0;0;1;-8,298151;-35,836942;SPRF-PE;DEL02-PE;UOP02-DEL02PE;;;
686234;20/04/2025;domingo;14:22:00;MG;262;449,8;NOVA SERRANA;Ingest�o de �lcool pelo condutor;Colis�o lateral sentido oposto;Sem V�timas;Pleno dia;Decrescente;C�u Claro;Simples;Reta;N�o;3;0;0;0;3;0;0;2;-19,864264;-44,99782;SPRF-MG;DEL08-MG;UOP03-DEL08-MG;;;
686235;20/04/2025;domingo;15:40:00;GO;414;411,2;ABADIANIA;Transtornos Mentais (exceto suicidio);Queda de ocupante de ve�culo;Com V�timas Feridas;Pleno dia;Crescente;C�u Claro;Simples;Reta;N�o;3;0;1;0;2;0;1;1;-16,060836;-48,854159;SPRF-GO;DEL02-GO;UOP01-DEL02-GO;;;
686236;20/04/2025;domingo;16:00:00;ES;101;127,6;SOORETAMA;Rea��o tardia ou ineficiente do condutor;Colis�o com objeto;Com V�timas Feridas;Pleno dia;Decrescente;C�u Claro;Dupla;Reta;Sim;1;0;1;0;0;0;1;1;-19,20921366;-40,09409985;SPRF-ES;DEL04-ES;UOP01-DEL04-ES;;;
686237;20/04/2025;domingo;16:00:00;SC;470;2;NAVEGANTES;Desrespeitar a prefer�ncia no cruzamento;Colis�o transversal;Com V�timas Feridas;Pleno dia;Decrescente;C�u Claro;Simples;Viaduto;Sim;3;0;2;0;1;0;2;2;-26,8690136;-48,6750031;SPRF-SC;DEL04-SC;UOP04-DEL04-SC;;;
686238;20/04/2025;domingo;14:30:00;PR;116;188;CAMPO DO TENENTE;Desrespeitar a prefer�ncia no cruzamento;Colis�o transversal;Com V�timas Feridas;Pleno dia;Crescente;C�u Claro;Simples;"Reta;Interse��o de Vias";N�o;7;0;2;0;5;0;2;2;-25,973059;-49,660773;SPRF-PR;DEL01-PR;UOP03-DEL01-PR;;;
686240;20/04/2025;domingo;14:10:00;ES;101;372,5;ICONHA;Acessar a via sem observar a presen�a dos outros ve�culos;Colis�o transversal;Com V�timas Feridas;Pleno dia;Decrescente;Nublado;Simples;Reta;N�o;4;0;1;0;3;0;1;2;-20,77557896;-40,77835827;SPRF-ES;DEL03-ES;UOP01-DEL03-ES;;;
686241;20/04/2025;domingo;15:50:00;MG;116;509,1;UBAPORANGA;Ingest�o de �lcool pelo condutor;Colis�o transversal;Com V�timas Feridas;Pleno dia;Decrescente;Nublado;Simples;Interse��o de Vias;N�o;2;0;1;0;1;0;1;2;-19,7639766;-42,1320732;SPRF-MG;DEL06-MG;UOP02-DEL06-MG;;;
686242;20/04/2025;domingo;14:20:00;CE;222;161;SOBRAL;Demais falhas mec�nicas ou el�tricas;Capotamento;Com V�timas Feridas;Pleno dia;Crescente;C�u Claro;Simples;Reta;N�o;4;0;2;1;1;0;3;1;-3,7189412;-40,332331;SPRF-CE;DEL04-CE;UOP03-DEL04-CE;;;
686245;20/04/2025;domingo;16:30:00;SC;101;194,6;BIGUACU;Entrada inopinada do pedestre;Atropelamento de Pedestre;Com V�timas Feridas;Pleno dia;Crescente;C�u Claro;M�ltipla;Reta;Sim;3;0;0;1;1;1;1;2;-27,502182;-48,652819;SPRF-SC;DEL01-SC;UOP01-DEL01-SC;;;
686246;16/04/2025;quarta-feira;08:40:00;SP;116;132,2;CACAPAVA;Aus�ncia de rea��o do condutor;Colis�o traseira;Com V�timas Feridas;Pleno dia;Decrescente;Nublado;Dupla;Reta;N�o;2;0;0;1;1;0;1;2;-23,12750443;-45,73685646;SPRF-SP;DEL02-SP;UOP02-DEL02-SP;;;
686248;16/04/2025;quarta-feira;13:40:00;SP;116;139,2;SAO JOSE DOS CAMPOS;Condutor deixou de manter dist�ncia do ve�culo da frente;Colis�o traseira;Com V�timas Feridas;Pleno dia;Decrescente;Nublado;Dupla;Reta;N�o;2;0;1;0;1;0;1;2;-23,16153216;-45,80400592;SPRF-SP;DEL02-SP;UOP01-DEL02-SP;;;
686250;20/04/2025;domingo;16:30:00;SP;116;209;GUARULHOS;Aus�ncia de rea��o do condutor;Colis�o traseira;Com V�timas Feridas;Pleno dia;Decrescente;Nublado;M�ltipla;"Aclive;Interse��o de Vias";Sim;3;0;1;0;2;0;1;2;-23,42624051;-46,40435278;SPRF-SP;DEL01-SP;UOP01-DEL01-SP;;;
686251;20/04/2025;domingo;15:18:00;MT;163;838;SINOP;Manobra de mudan�a de faixa;Colis�o lateral mesmo sentido;Sem V�timas;Pleno dia;Crescente;C�u Claro;Simples;Reta;Sim;4;0;0;0;4;0;0;2;-11,83458;-55,488303;SPRF-MT;DEL06-MT;UOP02-DEL06-MT;;;
686252;20/04/2025;domingo;16:27:00;RS;290;479;ROSARIO DO SUL;Frear bruscamente;Engavetamento;Com V�timas Feridas;Pleno dia;Crescente;C�u Claro;Simples;"Ponte;Reta";Sim;4;0;1;0;2;1;1;3;-30,2421868;-54,9177528;SPRF-RS;DEL11-RS;UOP02-DEL11-RS;;;
686253;20/04/2025;domingo;14:55:00;ES;101;213,6;IBIRACU;Manobra de mudan�a de faixa;Colis�o lateral mesmo sentido;Sem V�timas;Pleno dia;Crescente;Nublado;M�ltipla;"Retorno Regulamentado;Curva";Sim;2;0;0;0;1;1;0;2;-19,82874;-40,36889;SPRF-ES;DEL02-ES;UOP01-DEL02-ES;;;
686254;20/04/2025;domingo;17:25:00;PR;153;19,1;JACAREZINHO;Rea��o tardia ou ineficiente do condutor;Tombamento;Com V�timas Feridas;Pleno dia;Decrescente;C�u Claro;Simples;"Reta;Declive";N�o;1;0;1;0;0;0;1;1;-23,1540824;-49,95690465;SPRF-PR;DEL07-PR;UOP04-DEL07-PR;;;
686256;20/04/2025;domingo;17:05:00;PI;316;2,4;TERESINA;Manobra de mudan�a de faixa;Colis�o lateral mesmo sentido;Com V�timas Feridas;Pleno dia;Decrescente;Sol;Dupla;"Rotat�ria;Viaduto;Interse��o de Vias";Sim;2;0;1;0;1;0;1;2;-5,123142;-42,794937;SPRF-PI;DEL01-PI;UOP02-DEL01-PI;;;
686257;16/04/2025;quarta-feira;16:48:00;MT;70;5;BARRA DO GARCAS;Mal s�bito do condutor;Tombamento;Com V�timas Feridas;Pleno dia;Crescente;C�u Claro;Dupla;Rotat�ria;Sim;1;0;1;0;0;0;1;1;-15,87791325;-52,29934216;SPRF-MT;DEL07-MT;UOP01-DEL07-MT;;;
686258;20/04/2025;domingo;17:30:00;PR;369;88;CORNELIO PROCOPIO;Rea��o tardia ou ineficiente do condutor;Sa�da de leito carro��vel;Com V�timas Feridas;Pleno dia;Crescente;C�u Claro;Dupla;Curva;Sim;1;0;1;0;0;0;1;1;-23,18268587;-50,63729156;SPRF-PR;DEL07-PR;UOP05-DEL07-PR;;;
686259;20/04/2025;domingo;18:00:00;TO;153;145;ARAGUAINA;Condutor usando celular;Sa�da de leito carro��vel;Com V�timas Feridas;Pleno dia;Decrescente;C�u Claro;Dupla;Reta;Sim;3;0;3;0;0;0;3;1;-7,211574;-48,243208;SPRF-TO;DEL02-TO;UOP01-DEL02-TO;;;
686260;20/04/2025;domingo;17:50:00;SC;470;62,2;INDAIAL;Acessar a via sem observar a presen�a dos outros ve�culos;Colis�o transversal;Com V�timas Feridas;Anoitecer;Crescente;Ignorado;Simples;"Reta;Declive;Interse��o de Vias";N�o;5;0;0;1;4;0;1;3;-26,87443;-49,18574;SPRF-SC;DEL04-SC;UOP01-DEL04-SC;;;
686261;20/04/2025;domingo;14:57:00;RS;158;282;JULIO DE CASTILHOS;Acessar a via sem observar a presen�a dos outros ve�culos;Colis�o lateral mesmo sentido;Com V�timas Feridas;Pleno dia;Crescente;C�u Claro;Simples;Reta;N�o;7;0;5;0;2;0;5;2;-29,394024;-53,669133;SPRF-RS;DEL09-RS;UOP01-DEL09-RS;;;
686262;20/04/2025;domingo;18:00:00;PE;101;60;RECIFE;Aus�ncia de rea��o do condutor;Tombamento;Com V�timas Feridas;Plena Noite;Crescente;Chuva;Dupla;Reta;Sim;2;0;1;0;1;0;1;1;-7,9868092;-34,9323697;SPRF-PE;DEL01-PE;UOP02-DEL01-PE;;;
686263;20/04/2025;domingo;17:30:00;SP;116;288;ITAPECERICA DA SERRA;Rea��o tardia ou ineficiente do condutor;Queda de ocupante de ve�culo;Com V�timas Feridas;Plena Noite;Decrescente;C�u Claro;Dupla;Retorno Regulamentado;N�o;2;0;0;2;0;0;2;1;-23,70797575;-46,87472207;SPRF-SP;DEL04-SP;UOP01-DEL04-SP;;;
686265;20/04/2025;domingo;17:10:00;RS;392;285;SAO SEPE;Velocidade Incompat�vel;Sa�da de leito carro��vel;Com V�timas Feridas;Pleno dia;Crescente;C�u Claro;Simples;"Reta;Declive";N�o;3;0;3;0;0;0;3;1;-30,26116;-53,544498;SPRF-RS;DEL09-RS;UOP02-DEL09-RS;;;
686267;20/04/2025;domingo;18:07:00;RN;226;7,3;NATAL;Defici�ncia do Sistema de Ilumina��o/Sinaliza��o;Colis�o traseira;Com V�timas Feridas;Plena Noite;Decrescente;C�u Claro;Simples;Curva;Sim;4;0;1;0;3;0;1;2;-5,83138;-35,278713;SPRF-RN;DEL01-RN;UOP02-DEL01-RN;;;
686269;20/04/2025;domingo;18:02:00;GO;153;686,2;ITUMBIARA;Ingest�o de �lcool pelo condutor;Colis�o traseira;Sem V�timas;Anoitecer;Crescente;C�u Claro;M�ltipla;Reta;Sim;4;0;0;0;4;0;0;2;-18,29108491;-49,23860066;SPRF-GO;DEL03-GO;UOP02-DEL03-GO;;;