id;data_inversa;dia_semana;horario;uf;br;km;municipio;causa_acidente;tipo_acidente;classificacao_acidente;fase_dia;sentido_via;condicao_metereologica;tipo_pista;tracado_via;uso_solo;pessoas;mortos;feridos_leves;feridos_graves;ilesos;ignorados;feridos;veiculos;latitude;longitude;regional;delegacia;uop;;;
686367;21/04/2025;segunda-feira;04:20:00;MS;262;498;ANASTACIO;Condutor Dormindo;Colis�o traseira;Com V�timas Feridas;Plena Noite;Decrescente;C�u Claro;Simples;Reta;N�o;3;0;2;0;1;0;2;2;-20,501694;-55,888791;SPRF-MS;DEL03-MS;UOP01-DEL03-MS;;;
686369;21/04/2025;segunda-feira;06:45:00;MG;40;797,2;JUIZ DE FORA;Condutor Dormindo;Colis�o com objeto;Com V�timas Feridas;Amanhecer;Crescente;C�u Claro;Dupla;Curva;N�o;2;0;0;2;0;0;2;1;-21,81162393;-43,38925838;SPRF-MG;DEL05-MG;UOP01-DEL05-MG;;;
686371;21/04/2025;segunda-feira;06:00:00;PR;116;29;CAMPINA GRANDE DO SUL;Aus�ncia de rea��o do condutor;Sa�da de leito carro��vel;Com V�timas Feridas;Pleno dia;Decrescente;Garoa/Chuvisco;Dupla;"Curva;Declive";N�o;1;0;1;0;0;0;1;1;-25,1114245;-48,8118038;SPRF-PR;DEL01-PR;UOP02-DEL01-PR;;;
686372;21/04/2025;segunda-feira;06:00:00;SC;101;58;ARAQUARI;Aus�ncia de rea��o do condutor;Colis�o traseira;Com V�timas Feridas;Pleno dia;Decrescente;C�u Claro;Dupla;Reta;N�o;6;0;1;0;4;1;1;2;-26,44493532;-48,79569709;SPRF-SC;DEL03-SC;UOP02-DEL03-SC;;;
686374;20/04/2025;domingo;23:41:00;PR;116;42,1;CAMPINA GRANDE DO SUL;Aus�ncia de rea��o do condutor;Sa�da de leito carro��vel;Com V�timas Feridas;Plena Noite;Crescente;Garoa/Chuvisco;Dupla;Curva;N�o;1;0;1;0;0;0;1;1;-25,17697547;-48,87812907;SPRF-PR;DEL01-PR;UOP02-DEL01-PR;;;
686375;16/04/2025;quarta-feira;12:30:00;PR;277;120;CAMPO LARGO;Aus�ncia de rea��o do condutor;Colis�o traseira;Com V�timas Feridas;Pleno dia;Decrescente;C�u Claro;Dupla;Reta;Sim;3;0;0;1;2;0;1;2;-25,447305;-49,481028;SPRF-PR;DEL03-PR;UOP03-DEL03-PR;;;
686376;21/04/2025;segunda-feira;06:50:00;RS;290;412;SAO GABRIEL;Ingest�o de �lcool pelo condutor;Sa�da de leito carro��vel;Sem V�timas;Amanhecer;Decrescente;C�u Claro;Simples;Rotat�ria;N�o;2;0;0;0;2;0;0;1;-30,358813;-54,278752;SPRF-RS;DEL11-RS;UOP02-DEL11-RS;;;
686377;21/04/2025;segunda-feira;08:00:00;PI;402;7;BURITI DOS LOPES;Aus�ncia de rea��o do condutor;Sa�da de leito carro��vel;Com V�timas Feridas;Pleno dia;Decrescente;C�u Claro;Simples;Reta;N�o;2;0;1;0;1;0;1;1;-3,10543135;-41,87677324;SPRF-PI;DEL05-PI;UOP01-DEL05-PI;;;
686378;20/04/2025;domingo;16:30:00;MS;463;1;DOURADOS;Acessar a via sem observar a presen�a dos outros ve�culos;Eventos at�picos;Com V�timas Feridas;Pleno dia;Decrescente;C�u Claro;Simples;"Reta;Interse��o de Vias";Sim;3;0;1;0;0;2;1;2;-22,2591925;-54,81791496;SPRF-MS;DEL04-MS;UOP01-DEL04-MS;;;
686381;21/04/2025;segunda-feira;07:05:00;PR;277;309;GUARAPUAVA;Rea��o tardia ou ineficiente do condutor;Engavetamento;Com V�timas Feridas;Pleno dia;Decrescente;Garoa/Chuvisco;Simples;"Reta;Aclive";N�o;9;0;4;0;5;0;4;3;-25,311435;-51,213133;SPRF-PR;DEL08-PR;UOP01-DEL08-PR;;;
686382;21/04/2025;segunda-feira;08:00:00;PE;101;76;RECIFE;Acessar a via sem observar a presen�a dos outros ve�culos;Colis�o frontal;Com V�timas Feridas;Pleno dia;Crescente;Nublado;Dupla;Reta;N�o;5;0;2;0;2;1;2;4;-8,12162;-34,943231;SPRF-PE;DEL01-PE;UOP01-DEL01-PE;;;
686383;21/04/2025;segunda-feira;07:30:00;PR;376;172;MARINGA;Aus�ncia de rea��o do condutor;Colis�o lateral mesmo sentido;Com V�timas Feridas;Pleno dia;Crescente;C�u Claro;Dupla;"Reta;Em Obras;Declive;Desvio Tempor�rio";Sim;2;0;1;0;1;0;1;2;-23,41915183;-51,96925874;SPRF-PR;DEL09-PR;UOP01-DEL09-PR;;;
686384;21/04/2025;segunda-feira;06:45:00;SC;101;112,2;ITAJAI;Ingest�o de �lcool pelo condutor;Colis�o com objeto;Sem V�timas;Pleno dia;Crescente;C�u Claro;M�ltipla;Reta;Sim;1;0;0;0;1;0;0;1;-26,85060784;-48,72598529;SPRF-SC;DEL04-SC;UOP04-DEL04-SC;;;
686385;21/04/2025;segunda-feira;08:20:00;SC;101;207;SAO JOSE;Rea��o tardia ou ineficiente do condutor;Colis�o traseira;Com V�timas Feridas;Pleno dia;Crescente;C�u Claro;M�ltipla;Reta;Sim;2;0;1;0;0;1;1;2;-27,59842072;-48,62115199;SPRF-SC;DEL01-SC;UOP01-DEL01-SC;;;
686386;21/04/2025;segunda-feira;08:00:00;GO;50;131,2;IPAMERI;Demais falhas mec�nicas ou el�tricas;Queda de ocupante de ve�culo;Com V�timas Feridas;Pleno dia;Crescente;Nublado;Dupla;Reta;N�o;2;0;2;0;0;0;2;1;-16,97428537;-47,74549305;SPRF-GO;DEL06-GO;UOP01-DEL06-GO;;;
686387;20/04/2025;domingo;21:20:00;MG;381;360;JOAO MONLEVADE;Aus�ncia de rea��o do condutor;Colis�o transversal;Sem V�timas;Plena Noite;Decrescente;Nublado;Simples;Reta;Sim;2;0;0;0;1;1;0;2;-19,8415737;-43,1984976;SPRF-MG;DEL03-MG;UOP01-DEL03-MG;;;
686388;21/04/2025;segunda-feira;08:20:00;PB;101;90;JOAO PESSOA;Aus�ncia de rea��o do condutor;Colis�o traseira;Com V�timas Feridas;Pleno dia;Crescente;Sol;Dupla;"Reta;Retorno Regulamentado";Sim;2;0;1;0;0;1;1;2;-7,17773321;-34,89975438;SPRF-PB;DEL01-PB;UOP01-DEL01-PB;;;
686390;21/04/2025;segunda-feira;08:30:00;SP;101;50;UBATUBA;Acessar a via sem observar a presen�a dos outros ve�culos;Colis�o transversal;Com V�timas Feridas;Pleno dia;Decrescente;C�u Claro;Simples;Reta;Sim;2;0;1;0;1;0;1;2;-23,45104098;-45,07633495;SPRF-SP;DEL06-SP;UOP01-DEL06-SP;;;
686391;21/04/2025;segunda-feira;07:00:00;SC;470;65,5;INDAIAL;Convers�o proibida;Colis�o frontal;Com V�timas Fatais;Pleno dia;Crescente;C�u Claro;Simples;"Em Obras;Curva";Sim;3;1;1;0;1;0;1;2;-26,87091;-49,218013;SPRF-SC;DEL04-SC;UOP01-DEL04-SC;;;
686394;21/04/2025;segunda-feira;08:10:00;CE;304;53;BEBERIBE;Acessar a via sem observar a presen�a dos outros ve�culos;Colis�o transversal;Com V�timas Feridas;Pleno dia;Crescente;C�u Claro;Simples;"Interse��o de Vias;Reta";N�o;3;0;1;0;2;0;1;2;-4,2830292;-38,0286351;SPRF-CE;DEL03-CE;UOP02-DEL03-CE;;;
686395;21/04/2025;segunda-feira;06:45:00;SC;101;10;BIGUACU;Condutor Dormindo;Sa�da de leito carro��vel;Com V�timas Feridas;Pleno dia;Decrescente;Nublado;Dupla;Reta;N�o;1;0;1;0;0;0;1;1;-27,45175743;-48,71365232;SPRF-SC;DEL01-SC;UOP01-DEL01-SC;;;
686402;21/04/2025;segunda-feira;08:30:00;MT;70;46,3;BARRA DO GARCAS;Aus�ncia de rea��o do condutor;Sa�da de leito carro��vel;Com V�timas Feridas;Pleno dia;Decrescente;C�u Claro;Simples;Reta;N�o;4;0;1;0;3;0;1;1;-15,8158203;-52,30273999;SPRF-MT;DEL07-MT;UOP01-DEL07-MT;;;
686403;21/04/2025;segunda-feira;09:45:00;PE;232;252;ARCOVERDE;Acumulo de areia ou detritos sobre o pavimento;Tombamento;Com V�timas Feridas;Pleno dia;Crescente;C�u Claro;Simples;Rotat�ria;Sim;2;0;2;0;0;0;2;1;-8,43049603;-37,06233501;SPRF-PE;DEL04-PE;UOP02-DEL04-PE;;;
686404;21/04/2025;segunda-feira;08:20:00;SP;101;38;UBATUBA;Animais na Pista;Atropelamento de Animal;Com V�timas Feridas;Pleno dia;Decrescente;Chuva;Simples;Reta;N�o;1;0;1;0;0;0;1;1;-23,40339506;-45,01768112;SPRF-SP;DEL06-SP;UOP01-DEL06-SP;;;
686405;21/04/2025;segunda-feira;08:40:00;PR;373;176;PONTA GROSSA;Aus�ncia de rea��o do condutor;Colis�o traseira;Com V�timas Feridas;Pleno dia;Crescente;Nublado;Dupla;"Reta;Declive";Sim;3;0;1;0;1;1;1;3;-25,06230541;-50,21593094;SPRF-PR;DEL03-PR;UOP01-DEL03-PR;;;
686408;21/04/2025;segunda-feira;09:50:00;RJ;116;85;TERESOPOLIS;Acessar a via sem observar a presen�a dos outros ve�culos;Colis�o transversal;Com V�timas Feridas;Pleno dia;Decrescente;Chuva;Simples;Reta;N�o;2;0;1;0;1;0;1;2;-22,3444992;-42,9228032;SPRF-RJ;DEL04-RJ;UOP01-DEL04-RJ;;;
686411;21/04/2025;segunda-feira;09:40:00;SE;101;97,7;SAO CRISTOVAO;Acessar a via sem observar a presen�a dos outros ve�culos;Colis�o transversal;Com V�timas Feridas;Pleno dia;Crescente;C�u Claro;Dupla;"Reta;Aclive";N�o;2;0;1;1;0;0;2;2;-10,926412;-37,179942;SPRF-SE;DEL02-SE;UOP01-DEL02-SE;;;
686412;21/04/2025;segunda-feira;09:10:00;RO;364;580;ITAPUA DO OESTE;Afundamento ou ondula��o no pavimento;Tombamento;Com V�timas Feridas;Pleno dia;Crescente;C�u Claro;Simples;Reta;N�o;1;0;1;0;0;0;1;1;-9,1969848;-63,1796604;SPRF-RO;DEL01-RO;UOP04-DEL01-RO;;;
686413;21/04/2025;segunda-feira;10:00:00;PR;376;605;CURITIBA;Velocidade Incompat�vel;Colis�o transversal;Com V�timas Feridas;Pleno dia;Crescente;C�u Claro;Dupla;Reta;Sim;2;0;0;1;1;0;1;2;-25,54297388;-49,30889368;SPRF-PR;DEL01-PR;UOP06-DEL01-PR;;;
686414;21/04/2025;segunda-feira;10:35:00;PE;232;25,7;MORENO;Manobra de mudan�a de faixa;Queda de ocupante de ve�culo;Com V�timas Feridas;Pleno dia;Crescente;C�u Claro;Dupla;Reta;N�o;2;0;1;0;0;1;1;2;-8,113559;-35,114422;SPRF-PE;DEL01-PE;UOP01-DEL01-PE;;;
686415;21/04/2025;segunda-feira;09:44:00;CE;20;294,2;CANINDE;Ultrapassagem Indevida;Colis�o lateral mesmo sentido;Com V�timas Feridas;Pleno dia;Crescente;Nublado;Simples;Reta;Sim;3;0;2;0;0;1;2;2;-4,3332877;-39,2869896;SPRF-CE;DEL02-CE;UOP01-DEL02-CE;;;
686416;21/04/2025;segunda-feira;10:12:00;RJ;40;78;PETROPOLIS;Chuva;Sa�da de leito carro��vel;Com V�timas Feridas;Pleno dia;Crescente;Chuva;Simples;Curva;N�o;1;0;1;0;0;0;1;1;-22,470916;-43,23746681;SPRF-RJ;DEL01-RJ;UOP01-DEL01-RJ;;;
686418;21/04/2025;segunda-feira;10:50:00;SC;101;92;BARRA VELHA;Rea��o tardia ou ineficiente do condutor;Colis�o traseira;Sem V�timas;Pleno dia;Decrescente;Nublado;Dupla;Reta;N�o;3;0;0;0;2;1;0;3;-26,68690207;-48,69531155;SPRF-SC;DEL03-SC;UOP02-DEL03-SC;;;
686419;21/04/2025;segunda-feira;10:40:00;MG;267;292;BAEPENDI;Acessar a via sem observar a presen�a dos outros ve�culos;Colis�o transversal;Com V�timas Feridas;Pleno dia;Crescente;C�u Claro;Simples;Interse��o de Vias;N�o;2;0;1;0;1;0;1;2;-21,92330755;-44,81924837;SPRF-MG;DEL17-MG;UOP01-DEL17-MG;;;
686420;21/04/2025;segunda-feira;10:20:00;SP;116;144;SAO JOSE DOS CAMPOS;Rea��o tardia ou ineficiente do condutor;Queda de ocupante de ve�culo;Com V�timas Feridas;Pleno dia;Crescente;C�u Claro;Dupla;Reta;Sim;1;0;1;0;0;0;1;1;-23,18110116;-45,84371299;SPRF-SP;DEL02-SP;UOP01-DEL02-SP;;;
686421;21/04/2025;segunda-feira;10:00:00;MS;158;6,2;CASSILANDIA;Convers�o proibida;Colis�o transversal;Com V�timas Feridas;Pleno dia;Crescente;Nublado;Simples;Reta;N�o;7;0;3;0;4;0;3;2;-19,13211518;-51,70682388;SPRF-MS;DEL08-MS;UOP01-DEL08-MS;;;
686423;21/04/2025;segunda-feira;10:00:00;SC;101;3;GARUVA;Rea��o tardia ou ineficiente do condutor;Eventos at�picos;Com V�timas Feridas;Pleno dia;Decrescente;Nublado;Dupla;"Curva;Declive";N�o;1;0;1;0;0;0;1;1;-25,99854558;-48,87865931;SPRF-SC;DEL03-SC;UOP01-DEL03-SC;;;
686424;21/04/2025;segunda-feira;10:20:00;PR;376;300;MAUA DA SERRA;Velocidade Incompat�vel;Sa�da de leito carro��vel;Com V�timas Feridas;Pleno dia;Crescente;C�u Claro;Dupla;"Curva;Declive";N�o;1;0;0;1;0;0;1;1;-23,93672617;-51,16700822;SPRF-PR;DEL07-PR;UOP02-DEL07-PR;;;
686425;21/04/2025;segunda-feira;09:00:00;RS;116;128;SAO MARCOS;Rea��o tardia ou ineficiente do condutor;Sa�da de leito carro��vel;Com V�timas Feridas;Pleno dia;Decrescente;C�u Claro;Simples;"Curva;Aclive";N�o;1;0;0;1;0;0;1;1;-29,03365873;-51,09912872;SPRF-RS;DEL05-RS;UOP01-DEL05-RS;;;
686426;21/04/2025;segunda-feira;09:40:00;PR;116;25;CAMPINA GRANDE DO SUL;Pista Escorregadia;Sa�da de leito carro��vel;Com V�timas Feridas;Pleno dia;Decrescente;Garoa/Chuvisco;Dupla;Curva;N�o;7;0;1;0;6;0;1;1;-25,110525;-48,785032;SPRF-PR;DEL01-PR;UOP02-DEL01-PR;;;
686427;21/04/2025;segunda-feira;09:40:00;PR;116;20;ANTONINA;Chuva;Sa�da de leito carro��vel;Com V�timas Feridas;Pleno dia;Crescente;Chuva;Dupla;"Curva;Declive";N�o;4;0;1;0;3;0;1;1;-25,100928;-48,731672;SPRF-PR;DEL01-PR;UOP02-DEL01-PR;;;
686428;21/04/2025;segunda-feira;10:40:00;PB;230;290,8;SANTA LUZIA;Rea��o tardia ou ineficiente do condutor;Colis�o traseira;Com V�timas Feridas;Pleno dia;Decrescente;C�u Claro;Simples;"Reta;Declive";Sim;6;0;1;0;5;0;1;2;-6,872758;-36,92717;SPRF-PB;DEL03-PB;UOP01-DEL03-PB;;;
686429;21/04/2025;segunda-feira;11:00:00;DF;60;24;BRASILIA;Rea��o tardia ou ineficiente do condutor;Sa�da de leito carro��vel;Sem V�timas;Pleno dia;Crescente;C�u Claro;Dupla;Declive;Sim;2;0;0;0;2;0;0;1;-15,993037;-48,233592;SPRF-DF;DEL03-DF;UOP01-DEL03-DF;;;
686430;21/04/2025;segunda-feira;11:40:00;RJ;40;79;PETROPOLIS;Chuva;Capotamento;Com V�timas Feridas;Pleno dia;Decrescente;Chuva;Simples;Curva;N�o;2;0;2;0;0;0;2;1;-22,490575;-43,2199512;SPRF-RJ;DEL01-RJ;UOP01-DEL01-RJ;;;
686431;21/04/2025;segunda-feira;11:52:00;PR;277;0,5;PARANAGUA;Aus�ncia de rea��o do condutor;Colis�o traseira;Com V�timas Feridas;Pleno dia;Crescente;C�u Claro;Simples;Curva;Sim;2;0;1;0;1;0;1;2;-25,523628;-48,547541;SPRF-PR;DEL01-PR;UOP05-DEL01-PR;;;
686432;16/04/2025;quarta-feira;20:40:00;RJ;116;220;PARACAMBI;Entrada inopinada do pedestre;Atropelamento de Pedestre;Com V�timas Feridas;Plena Noite;Crescente;C�u Claro;Dupla;Reta;N�o;2;0;0;1;1;0;1;2;-22,69351483;-43,77560377;SPRF-RJ;DEL06-RJ;UOP02-DEL06-RJ;;;
686435;21/04/2025;segunda-feira;11:50:00;CE;222;20;CAUCAIA;Transitar na contram�o;Colis�o frontal;Com V�timas Feridas;Pleno dia;Crescente;Sol;Simples;Reta;N�o;2;0;0;1;1;0;1;2;-3,739557;-38,738678;SPRF-CE;DEL01-CE;UOP01-DEL01-CE;;;
686438;21/04/2025;segunda-feira;12:45:00;PA;316;23;BENEVIDES;Manobra de mudan�a de faixa;Colis�o lateral mesmo sentido;Com V�timas Feridas;Pleno dia;Decrescente;C�u Claro;Dupla;Reta;N�o;6;0;2;0;4;0;2;2;-1,34222627;-48,24703932;SPRF-PA;DEL01-PA;UOP01-DEL01-PA;;;
686439;21/04/2025;segunda-feira;12:10:00;PA;316;161;CAPANEMA;Aus�ncia de rea��o do condutor;Sa�da de leito carro��vel;Com V�timas Feridas;Pleno dia;Crescente;Chuva;Simples;Reta;N�o;5;0;0;1;4;0;1;1;-1,277093;-47,119917;SPRF-PA;DEL01-PA;UOP03-DEL01-PA;;;
686440;21/04/2025;segunda-feira;07:00:00;RS;290;550;ALEGRETE;Manobra de mudan�a de faixa;Capotamento;Com V�timas Feridas;Amanhecer;Crescente;Sol;Simples;Reta;N�o;3;0;0;1;0;2;1;2;-29,89890138;-55,57120062;SPRF-RS;DEL13-RS;UOP02-DEL13-RS;;;
686441;21/04/2025;segunda-feira;12:00:00;MT;163;798;VERA;Pista Escorregadia;Sa�da de leito carro��vel;Com V�timas Feridas;Pleno dia;Decrescente;Chuva;Simples;Curva;N�o;3;0;1;0;2;0;1;1;-12,19870145;-55,53598523;SPRF-MT;DEL06-MT;UOP02-DEL06-MT;;;
686442;21/04/2025;segunda-feira;10:40:00;MG;262;99,5;ABRE CAMPO;Aus�ncia de rea��o do condutor;Engavetamento;Sem V�timas;Pleno dia;Crescente;C�u Claro;Simples;Reta;N�o;14;0;0;0;14;0;0;3;-20,29153699;-42,50113171;SPRF-MG;DEL03-MG;UOP03-DEL03-MG;;;
686443;21/04/2025;segunda-feira;13:10:00;BA;101;860;TEIXEIRA DE FREITAS;Rea��o tardia ou ineficiente do condutor;Colis�o traseira;Com V�timas Feridas;Pleno dia;Crescente;C�u Claro;Simples;Reta;N�o;4;0;0;1;2;1;1;3;-17,392802;-39,666888;SPRF-BA;DEL09-BA;UOP02-DEL09-BA;;;
686445;21/04/2025;segunda-feira;13:10:00;PR;469;19,2;FOZ DO IGUACU;Avarias e/ou desgaste excessivo no pneu;Tombamento;Sem V�timas;Pleno dia;Crescente;C�u Claro;Simples;"Reta;Em Obras";Sim;2;0;0;0;2;0;0;1;-25,60359062;-54,49968159;SPRF-PR;DEL05-PR;UOP04-DEL05-PR;;;
686446;21/04/2025;segunda-feira;11:30:00;SC;101;336,1;TUBARAO;Rea��o tardia ou ineficiente do condutor;Colis�o traseira;Com V�timas Feridas;Pleno dia;Crescente;Sol;Dupla;Ponte;N�o;2;0;1;0;1;0;1;2;-28,48246463;-49,03514558;SPRF-SC;DEL02-SC;UOP01-DEL02-SC;;;
686447;21/04/2025;segunda-feira;11:50:00;CE;116;82;CASCAVEL;Ultrapassagem Indevida;Colis�o frontal;Com V�timas Fatais;Pleno dia;Crescente;Sol;Dupla;Reta;N�o;3;1;0;0;2;0;0;2;-4,413631;-38,411533;SPRF-CE;DEL01-CE;UOP04-DEL01-CE;;;
686448;21/04/2025;segunda-feira;13:23:00;PE;101;14,9;GOIANA;Aus�ncia de rea��o do condutor;Sa�da de leito carro��vel;Com V�timas Feridas;Pleno dia;Decrescente;C�u Claro;Dupla;Reta;N�o;5;0;1;4;0;0;5;1;-7,61947243;-34,97020216;SPRF-PE;DEL01-PE;UOP02-DEL01-PE;;;
686449;21/04/2025;segunda-feira;13:30:00;SC;101;275,9;IMBITUBA;Condutor deixou de manter dist�ncia do ve�culo da frente;Colis�o traseira;Com V�timas Feridas;Pleno dia;Crescente;C�u Claro;M�ltipla;"Reta;Aclive";N�o;7;0;1;0;6;0;1;2;-28,15718431;-48,69292974;SPRF-SC;DEL02-SC;UOP03-DEL02-SC;;;
686451;21/04/2025;segunda-feira;12:30:00;RJ;40;92;DUQUE DE CAXIAS;Chuva;Queda de ocupante de ve�culo;Com V�timas Feridas;Pleno dia;Crescente;Chuva;Simples;"Reta;Declive";N�o;2;0;1;0;1;0;1;1;-22,561065;-43,268705;SPRF-RJ;DEL01-RJ;UOP01-DEL01-RJ;;;
686452;21/04/2025;segunda-feira;13:56:00;AL;316;148,9;PALMEIRA DOS INDIOS;Acesso irregular;Colis�o transversal;Com V�timas Feridas;Pleno dia;Crescente;C�u Claro;Simples;"Reta;Interse��o de Vias";N�o;8;0;4;0;4;0;4;2;-9,411793;-36,681168;SPRF-AL;DEL03-AL;UOP01-DEL03-AL;;;
686453;21/04/2025;segunda-feira;13:40:00;BA;324;545;AMELIA RODRIGUES;Aus�ncia de rea��o do condutor;Engavetamento;Com V�timas Feridas;Pleno dia;Crescente;C�u Claro;Dupla;Reta;Sim;5;0;1;0;4;0;1;4;-12,42501154;-38,73877734;SPRF-BA;DEL01-BA;UOP03-DEL01-BA;;;
686456;21/04/2025;segunda-feira;11:40:00;MG;40;44,4;PARACATU;Aus�ncia de rea��o do condutor;Colis�o traseira;Com V�timas Feridas;Pleno dia;Decrescente;C�u Claro;Simples;Reta;Sim;2;0;0;1;0;1;1;2;-17,2414818;-46,8237399;SPRF-MG;DEL14-MG;UOP01-DEL14-MG;;;
686457;21/04/2025;segunda-feira;13:38:00;SC;280;11;SAO FRANCISCO DO SUL;Manobra de mudan�a de faixa;Colis�o transversal;Com V�timas Feridas;Pleno dia;Crescente;C�u Claro;Simples;Reta;N�o;2;0;1;0;1;0;1;2;-26,30187924;-48,63990784;SPRF-SC;DEL03-SC;UOP03-DEL03-SC;;;
686458;21/04/2025;segunda-feira;12:50:00;PR;277;310,1;GUARAPUAVA;Aus�ncia de rea��o do condutor;Colis�o traseira;Com V�timas Feridas;Pleno dia;Decrescente;C�u Claro;Simples;Declive;N�o;2;0;0;1;1;0;1;2;-25,315478;-51,21446;SPRF-PR;DEL08-PR;UOP01-DEL08-PR;;;
686459;18/04/2025;sexta-feira;07:30:00;RJ;356;87;CARDOSO MOREIRA;Aus�ncia de rea��o do condutor;Queda de ocupante de ve�culo;Com V�timas Feridas;Pleno dia;Crescente;C�u Claro;Simples;Reta;N�o;1;0;1;0;0;0;1;1;-21,49348439;-41,62960052;SPRF-RJ;DEL08-RJ;UOP03-DEL08-RJ;;;
686460;21/04/2025;segunda-feira;11:30:00;AP;210;103;PORTO GRANDE;Aus�ncia de rea��o do condutor;Queda de ocupante de ve�culo;Com V�timas Feridas;Pleno dia;Decrescente;C�u Claro;Simples;Reta;Sim;1;0;1;0;0;0;1;1;0,70385161;-51,40712477;SPRF-AP;DEL01-AP;UOP01-DEL01-AP;;;
686461;21/04/2025;segunda-feira;13:39:00;DF;20;4,7;BRASILIA;Aus�ncia de rea��o do condutor;Colis�o traseira;Com V�timas Feridas;Pleno dia;Decrescente;C�u Claro;Dupla;"Reta;Aclive";N�o;5;0;4;0;1;0;4;2;-15,6750409;-47,8237141;SPRF-DF;DEL02-DF;UOP01-DEL02-DF;;;
686462;21/04/2025;segunda-feira;13:00:00;RJ;101;455;MANGARATIBA;Rea��o tardia ou ineficiente do condutor;Colis�o traseira;Com V�timas Feridas;Pleno dia;Crescente;Chuva;Simples;Declive;N�o;2;0;1;0;1;0;1;2;-23,03064866;-44,16302204;SPRF-RJ;DEL03-RJ;UOP02-DEL03-RJ;;;
686467;21/04/2025;segunda-feira;14:10:00;MG;381;7;BETIM;Aus�ncia de rea��o do condutor;Tombamento;Com V�timas Feridas;Pleno dia;Decrescente;C�u Claro;Dupla;Reta;Sim;1;0;1;0;0;0;1;1;-19,98929929;-44,19497434;SPRF-MG;DEL01-MG;UOP03-DEL01-MG;;;
686468;21/04/2025;segunda-feira;13:10:00;RJ;40;75;PETROPOLIS;Condutor deixou de manter dist�ncia do ve�culo da frente;Colis�o traseira;Com V�timas Feridas;Pleno dia;Decrescente;Chuva;Simples;Curva;N�o;6;0;4;0;2;0;4;2;-22,47195451;-43,2377243;SPRF-RJ;DEL01-RJ;UOP01-DEL01-RJ;;;
686469;21/04/2025;segunda-feira;13:00:00;SC;280;185,7;FLORIANOPOLIS;Convers�o proibida;Colis�o transversal;Com V�timas Feridas;Pleno dia;Crescente;C�u Claro;Simples;Reta;N�o;4;0;2;0;2;0;2;2;-27,5972096;-48,5556224;SPRF-SC;DEL06-SC;UOP01-DEL06-SC;;;
686472;21/04/2025;segunda-feira;10:10:00;RO;435;85,1;COLORADO DO OESTE;Acessar a via sem observar a presen�a dos outros ve�culos;Colis�o lateral mesmo sentido;Com V�timas Feridas;Pleno dia;Crescente;C�u Claro;Simples;"Reta;Aclive";Sim;2;0;1;0;1;0;1;2;-13,12807636;-60,54385778;SPRF-RO;DEL04-RO;UOP02-DEL04-RO;;;
686473;21/04/2025;segunda-feira;15:05:00;PE;101;89;JABOATAO DOS GUARARAPES;Rea��o tardia ou ineficiente do condutor;Colis�o traseira;Com V�timas Feridas;Pleno dia;Decrescente;Nublado;Dupla;Reta;N�o;11;0;2;0;9;0;2;2;-8,212415;-34,986145;SPRF-PE;DEL01-PE;UOP01-DEL01-PE;;;
686475;21/04/2025;segunda-feira;14:12:00;MT;70;504;CUIABA;Aus�ncia de rea��o do condutor;Colis�o traseira;Sem V�timas;Pleno dia;Crescente;Sol;Simples;Rotat�ria;Sim;6;0;0;0;6;0;0;2;-15,70051302;-56,04192185;SPRF-MT;DEL01-MT;UOP02-DEL01-MT;;;
686476;21/04/2025;segunda-feira;14:30:00;PR;376;509,4;PONTA GROSSA;Aus�ncia de rea��o do condutor;Colis�o traseira;Com V�timas Feridas;Pleno dia;Crescente;C�u Claro;Dupla;Reta;N�o;4;0;1;0;3;0;1;2;-25,20958997;-50,06355632;SPRF-PR;DEL03-PR;UOP04-DEL03-PR;;;
686477;21/04/2025;segunda-feira;15:35:00;RS;392;91;PELOTAS;Rea��o tardia ou ineficiente do condutor;Sa�da de leito carro��vel;Com V�timas Feridas;Pleno dia;Decrescente;Sol;Simples;Reta;N�o;1;0;0;1;0;0;1;1;-31,6;-52,5;SPRF-RS;DEL07-RS;UOP01-DEL07-RS;;;
686478;21/04/2025;segunda-feira;14:50:00;SE;101;188;CRISTINAPOLIS;Demais falhas mec�nicas ou el�tricas;Inc�ndio;Sem V�timas;Pleno dia;Decrescente;Sol;Simples;Reta;N�o;1;0;0;0;1;0;0;1;-11,4814202;-37,765105;SPRF-SE;DEL02-SE;UOP03-DEL02-SE;;;
686479;21/04/2025;segunda-feira;15:30:00;RN;304;25,4;MOSSORO;Rea��o tardia ou ineficiente do condutor;Colis�o traseira;Com V�timas Feridas;Pleno dia;Crescente;C�u Claro;Simples;Reta;N�o;2;0;1;0;1;0;1;2;-5,07677482;-37,33256098;SPRF-RN;DEL04-RN;UOP02-DEL04-RN;;;
686480;21/04/2025;segunda-feira;12:30:00;MG;40;452,3;CAETANOPOLIS;Aus�ncia de rea��o do condutor;Colis�o traseira;Com V�timas Feridas;Pleno dia;Crescente;C�u Claro;Dupla;Reta;N�o;4;0;1;0;2;1;1;3;-19,3649244;-44,3386785;SPRF-MG;DEL02-MG;UOP01-DEL02-MG;;;
686483;21/04/2025;segunda-feira;15:40:00;MG;40;683,9;RESSAQUINHA;Demais falhas mec�nicas ou el�tricas;Colis�o com objeto;Sem V�timas;Pleno dia;Crescente;C�u Claro;Simples;"Declive;Curva";N�o;1;0;0;0;1;0;0;1;-21,0743219;-43,7657218;SPRF-MG;DEL05-MG;UOP02-DEL05-MG;;;