id;data_inversa;dia_semana;horario;uf;br;km;municipio;causa_acidente;tipo_acidente;classificacao_acidente;fase_dia;sentido_via;condicao_metereologica;tipo_pista;tracado_via;uso_solo;pessoas;mortos;feridos_leves;feridos_graves;ilesos;ignorados;feridos;veiculos;latitude;longitude;regional;delegacia;uop;;;
686485;21/04/2025;segunda-feira;14:05:00;GO;364;195;JATAI;Condutor Dormindo;Sa�da de leito carro��vel;Com V�timas Fatais;Pleno dia;Crescente;C�u Claro;Dupla;"Curva;Declive";Sim;5;1;0;4;0;0;4;1;-17,91853;-51,71588;SPRF-GO;DEL05-GO;UOP01-DEL05-GO;;;
686486;21/04/2025;segunda-feira;14:35:00;RS;470;237;CARLOS BARBOSA;Aus�ncia de rea��o do condutor;Capotamento;Com V�timas Feridas;Pleno dia;Decrescente;C�u Claro;Simples;"Declive;Curva";N�o;3;0;2;0;1;0;2;1;-29,35038437;-51,5132618;SPRF-RS;DEL06-RS;UOP01-DEL06-RS;;;
686489;21/04/2025;segunda-feira;14:00:00;PR;116;16;COLOMBO;Manobra de mudan�a de faixa;Tombamento;Com V�timas Feridas;Pleno dia;Crescente;Nublado;Dupla;Reta;Sim;2;0;1;0;0;1;1;2;-25,386778;-49,176067;SPRF-PR;DEL01-PR;UOP02-DEL01-PR;;;
686490;21/04/2025;segunda-feira;14:30:00;BA;101;892;CARAVELAS;Acessar a via sem observar a presen�a dos outros ve�culos;Colis�o lateral mesmo sentido;Com V�timas Feridas;Pleno dia;Decrescente;C�u Claro;Simples;Reta;N�o;9;0;0;5;4;0;5;3;-17,68269235;-39,77180244;SPRF-BA;DEL09-BA;UOP02-DEL09-BA;;;
686492;21/04/2025;segunda-feira;15:45:00;DF;80;4,5;BRASILIA;Rea��o tardia ou ineficiente do condutor;Colis�o transversal;Com V�timas Feridas;Pleno dia;Crescente;C�u Claro;Simples;"Reta;Interse��o de Vias";N�o;5;0;2;0;3;0;2;2;-15,72941382;-48,12260505;SPRF-DF;DEL03-DF;UOP02-DEL03-DF;;;
686494;21/04/2025;segunda-feira;16:15:00;GO;40;5;LUZIANIA;Aus�ncia de rea��o do condutor;Colis�o traseira;Com V�timas Feridas;Pleno dia;Crescente;C�u Claro;Dupla;Reta;N�o;2;0;1;0;1;0;1;2;-16,14343968;-47,94658607;SPRF-DF;DEL01-DF;UOP01-DEL01-DF;;;
686495;21/04/2025;segunda-feira;15:15:00;PR;163;296;MARECHAL CANDIDO RONDON;Acessar a via sem observar a presen�a dos outros ve�culos;Colis�o transversal;Sem V�timas;Pleno dia;Crescente;C�u Claro;Simples;Reta;N�o;3;0;0;0;3;0;0;2;-24,49728788;-54,12511647;SPRF-PR;DEL06-PR;UOP02-DEL06-PR;;;
686497;01/04/2025;ter�a-feira;16:50:00;RJ;101;61;CAMPOS DOS GOYTACAZES;Transitar no Acostamento;Colis�o transversal;Com V�timas Feridas;Anoitecer;Decrescente;C�u Claro;Simples;Interse��o de Vias;N�o;2;0;1;0;1;0;1;2;-21,72806317;-41,32214243;SPRF-RJ;DEL08-RJ;UOP01-DEL08-RJ;;;
686498;21/04/2025;segunda-feira;15:00:00;RJ;356;42;ITAPERUNA;Frear bruscamente;Colis�o traseira;Com V�timas Feridas;Pleno dia;Decrescente;C�u Claro;Simples;Reta;N�o;6;0;1;0;4;1;1;3;-21,2123088;-41,83760751;SPRF-RJ;DEL08-RJ;UOP03-DEL08-RJ;;;
686499;21/04/2025;segunda-feira;16:15:00;PR;116;126;FAZENDA RIO GRANDE;Trafegar com motocicleta (ou similar) entre as faixas;Colis�o lateral mesmo sentido;Com V�timas Feridas;Pleno dia;Decrescente;C�u Claro;Dupla;Reta;Sim;4;0;2;0;2;0;2;3;-25,64302995;-49,31281859;SPRF-PR;DEL01-PR;UOP03-DEL01-PR;;;
686500;21/04/2025;segunda-feira;16:20:00;GO;153;364;JARAGUA;Velocidade Incompat�vel;Colis�o traseira;Com V�timas Feridas;Pleno dia;Crescente;Sol;Simples;"Reta;Aclive";N�o;3;0;1;0;2;0;1;3;-15,804433;-49,297998;SPRF-GO;DEL02-GO;UOP02-DEL02-GO;;;
686501;21/04/2025;segunda-feira;16:00:00;PB;230;149,3;CAMPINA GRANDE;Condutor deixou de manter dist�ncia do ve�culo da frente;Colis�o traseira;Com V�timas Feridas;Pleno dia;Decrescente;Sol;Dupla;Reta;Sim;3;0;1;0;2;0;1;2;-7,24678139;-35,87146517;SPRF-PB;DEL02-PB;UOP01-DEL02-PB;;;
686502;21/04/2025;segunda-feira;16:45:00;PB;101;81;BAYEUX;Condutor deixou de manter dist�ncia do ve�culo da frente;Engavetamento;Com V�timas Feridas;Pleno dia;Crescente;C�u Claro;Dupla;Reta;N�o;8;0;1;0;7;0;1;4;-7,12908316;-34,9370079;SPRF-PB;DEL01-PB;UOP01-DEL01-PB;;;
686503;21/04/2025;segunda-feira;16:10:00;SC;101;252,7;PAULO LOPES;Estacionar ou parar em local proibido;Colis�o traseira;Sem V�timas;Pleno dia;Crescente;C�u Claro;M�ltipla;Reta;N�o;2;0;0;0;2;0;0;2;-27,9616412;-48,67955446;SPRF-SC;DEL02-SC;UOP03-DEL02-SC;;;
686504;21/04/2025;segunda-feira;09:20:00;MS;60;32,1;CHAPADAO DO SUL;Acessar a via sem observar a presen�a dos outros ve�culos;Colis�o transversal;Sem V�timas;Pleno dia;Decrescente;C�u Claro;Simples;"Reta;Interse��o de Vias";N�o;2;0;0;0;2;0;0;2;-18,95609361;-52,80519312;SPRF-MS;DEL08-MS;UOP01-DEL08-MS;;;
686505;19/03/2025;quarta-feira;22:50:00;SC;282;571,5;NOVA ERECHIM;Velocidade Incompat�vel;Sa�da de leito carro��vel;Com V�timas Feridas;Plena Noite;Decrescente;C�u Claro;Simples;Reta;N�o;1;0;0;1;0;0;1;1;-26,8880919;-52,9351241;SPRF-SC;DEL07-SC;UOP02-DEL07-SC;;;
686506;21/04/2025;segunda-feira;15:40:00;MS;163;275;DOURADOS;Rea��o tardia ou ineficiente do condutor;Sa�da de leito carro��vel;Com V�timas Feridas;Pleno dia;Crescente;C�u Claro;Dupla;Reta;N�o;2;0;2;0;0;0;2;1;-22,16201;-54,64997;SPRF-MS;DEL04-MS;UOP01-DEL04-MS;;;
686507;21/04/2025;segunda-feira;16:30:00;MG;40;633,1;CONSELHEIRO LAFAIETE;Mal s�bito do condutor;Engavetamento;Com V�timas Feridas;Pleno dia;Decrescente;Sol;Simples;Reta;Sim;7;0;4;0;3;0;4;4;-20,68533037;-43,79251432;SPRF-MG;DEL05-MG;UOP02-DEL05-MG;;;
686508;21/04/2025;segunda-feira;17:15:00;RN;304;219;CAICARA DO RIO DO VENTO;Condutor deixou de manter dist�ncia do ve�culo da frente;Colis�o traseira;Sem V�timas;Anoitecer;Decrescente;C�u Claro;Dupla;Reta;Sim;2;0;0;0;2;0;0;2;-5,75684689;-35,99177678;SPRF-RN;DEL01-RN;UOP03-DEL01-RN;;;
686509;21/04/2025;segunda-feira;16:39:00;PR;277;586,4;CASCAVEL;Acessar a via sem observar a presen�a dos outros ve�culos;Colis�o transversal;Com V�timas Feridas;Pleno dia;Crescente;Nublado;Simples;"Reta;Retorno Regulamentado";Sim;2;0;0;1;1;0;1;2;-24,96659259;-53,42420823;SPRF-PR;DEL04-PR;UOP01-DEL04-PR;;;
686510;21/04/2025;segunda-feira;17:00:00;PR;116;134;FAZENDA RIO GRANDE;Aus�ncia de rea��o do condutor;Sa�da de leito carro��vel;Com V�timas Feridas;Pleno dia;Crescente;Sol;Dupla;Reta;N�o;1;0;0;1;0;0;1;1;-25,68030398;-49,3157313;SPRF-PR;DEL01-PR;UOP03-DEL01-PR;;;
686512;21/04/2025;segunda-feira;14:40:00;MT;364;268,8;JACIARA;Acessar a via sem observar a presen�a dos outros ve�culos;Colis�o transversal;Sem V�timas;Pleno dia;Decrescente;Nublado;Dupla;Retorno Regulamentado;N�o;6;0;0;0;6;0;0;2;-15,97903;-54,933663;SPRF-MT;DEL02-MT;UOP01-DEL02-MT;;;
686514;21/04/2025;segunda-feira;15:00:00;PR;376;544;PALMEIRA;Manobra de mudan�a de faixa;Colis�o transversal;Com V�timas Feridas;Pleno dia;Crescente;C�u Claro;Dupla;"Aclive;Interse��o de Vias;Reta;Retorno Regulamentado";N�o;5;0;0;2;3;0;2;2;-25,38258617;-49,80708534;SPRF-PR;DEL03-PR;UOP03-DEL03-PR;;;
686515;21/04/2025;segunda-feira;17:30:00;BA;415;22;ILHEUS;Desrespeitar a prefer�ncia no cruzamento;Colis�o transversal;Com V�timas Feridas;Plena Noite;Decrescente;C�u Claro;Simples;"Reta;Rotat�ria;Retorno Regulamentado";N�o;2;0;1;0;1;0;1;2;-14,799842;-39,154634;SPRF-BA;DEL05-BA;UOP01-DEL05-BA;;;
686516;21/04/2025;segunda-feira;13:30:00;SC;470;172,4;POUSO REDONDO;Condutor deixou de manter dist�ncia do ve�culo da frente;Colis�o traseira;Com V�timas Feridas;Pleno dia;Decrescente;Nublado;Simples;"Aclive;Reta";Sim;3;0;1;0;2;0;1;2;-27,25993675;-49,92028177;SPRF-SC;DEL04-SC;UOP02-DEL04-SC;;;
686517;21/04/2025;segunda-feira;16:40:00;SC;470;134,7;RIO DO SUL;Rea��o tardia ou ineficiente do condutor;Engavetamento;Com V�timas Feridas;Pleno dia;Crescente;Nublado;Simples;Reta;Sim;7;0;3;0;4;0;3;4;-27,17972;-49,59801;SPRF-SC;DEL04-SC;UOP02-DEL04-SC;;;
686518;21/04/2025;segunda-feira;16:30:00;MG;365;835;SANTA VITORIA;Aus�ncia de rea��o do condutor;Colis�o traseira;Com V�timas Feridas;Pleno dia;Decrescente;C�u Claro;M�ltipla;Reta;N�o;3;0;1;0;2;0;1;2;-18,92429672;-50,25724232;SPRF-MG;DEL15-MG;UOP03-DEL15-MG;;;
686519;21/04/2025;segunda-feira;16:30:00;RJ;40;85;PETROPOLIS;Pista Escorregadia;Capotamento;Com V�timas Feridas;Pleno dia;Decrescente;Garoa/Chuvisco;Simples;Curva;N�o;1;0;1;0;0;0;1;1;-22,5285064;-43,222709;SPRF-RJ;DEL01-RJ;UOP01-DEL01-RJ;;;
686520;21/04/2025;segunda-feira;16:00:00;MG;40;686,6;RESSAQUINHA;Retorno proibido;Colis�o traseira;Com V�timas Feridas;Pleno dia;Crescente;C�u Claro;Simples;Reta;N�o;2;0;1;0;1;0;1;2;-21,0944566;-43,76972166;SPRF-MG;DEL05-MG;UOP02-DEL05-MG;;;
686521;21/04/2025;segunda-feira;16:20:00;SC;101;128,3;CAMBORIU;Demais falhas mec�nicas ou el�tricas;Tombamento;Com V�timas Feridas;Pleno dia;Crescente;C�u Claro;Dupla;Reta;N�o;2;0;2;0;0;0;2;1;-26,97531066;-48,682648;SPRF-SC;DEL04-SC;UOP03-DEL04-SC;;;
686523;21/04/2025;segunda-feira;17:45:00;RS;290;175;BUTIA;Rea��o tardia ou ineficiente do condutor;Colis�o traseira;Sem V�timas;Anoitecer;Decrescente;C�u Claro;Simples;"Retorno Regulamentado;Interse��o de Vias";Sim;5;0;0;0;5;0;0;2;-30,129993;-51,966108;SPRF-RS;DEL02-RS;UOP03-DEL02-RS;;;
686524;21/04/2025;segunda-feira;17:25:00;PI;343;263;CAMPO MAIOR;Acessar a via sem observar a presen�a dos outros ve�culos;Colis�o transversal;Com V�timas Feridas;Anoitecer;Decrescente;Nublado;Simples;Interse��o de Vias;Sim;3;0;1;0;2;0;1;3;-4,80545952;-42,185532;SPRF-PI;DEL01-PI;UOP03-DEL01-PI;;;
686526;21/04/2025;segunda-feira;18:00:00;RS;386;179,9;CARAZINHO;Aus�ncia de rea��o do condutor;Colis�o traseira;Com V�timas Feridas;Anoitecer;Crescente;C�u Claro;Simples;Reta;N�o;9;0;2;0;7;0;2;2;-28,298879;-52,747723;SPRF-RS;DEL08-RS;UOP01-DEL08-RS;;;
686527;21/04/2025;segunda-feira;18:26:00;SP;153;60,8;SAO JOSE DO RIO PRETO;Aus�ncia de rea��o do condutor;Colis�o traseira;Sem V�timas;Anoitecer;Crescente;C�u Claro;Simples;"Aclive;Curva";Sim;2;0;0;0;2;0;0;2;-20,80172485;-49,35565964;SPRF-SP;DEL09-SP;UOP01-DEL09-SP;;;
686530;19/04/2025;s�bado;20:30:00;SC;282;547,4;CHAPECO;Velocidade Incompat�vel;Colis�o com objeto;Com V�timas Feridas;Plena Noite;Crescente;C�u Claro;Simples;"Interse��o de Vias;Rotat�ria";N�o;7;0;6;0;1;0;6;3;-26,97451809;-52,74402022;SPRF-SC;DEL07-SC;UOP01-DEL07-SC;;;
686531;21/04/2025;segunda-feira;17:30:00;ES;262;146;IBATIBA;Acessar a via sem observar a presen�a dos outros ve�culos;Colis�o transversal;Com V�timas Feridas;Anoitecer;Decrescente;C�u Claro;Simples;"Reta;Declive";N�o;2;0;0;1;1;0;1;2;-20,22517894;-41,4166556;SPRF-ES;DEL01-ES;UOP02-DEL01-ES;;;
686532;21/04/2025;segunda-feira;17:40:00;PE;232;88,5;GRAVATA;Condutor deixou de manter dist�ncia do ve�culo da frente;Colis�o traseira;Com V�timas Feridas;Anoitecer;Decrescente;Nublado;Dupla;Reta;N�o;3;0;1;0;2;0;1;2;-8,21652843;-35,64733917;SPRF-PE;DEL02-PE;UOP02-DEL02PE;;;
686533;21/04/2025;segunda-feira;15:40:00;RJ;101;295;ITABORAI;Transtornos Mentais (exceto suicidio);Inc�ndio;Sem V�timas;Pleno dia;Decrescente;Garoa/Chuvisco;Dupla;Reta;Sim;2;0;0;0;1;1;0;2;-22,76531939;-42,90450811;SPRF-RJ;DEL02-RJ;UOP02-DEL02-RJ;;;
686534;21/04/2025;segunda-feira;18:20:00;GO;153;355;JARAGUA;Condutor deixou de manter dist�ncia do ve�culo da frente;Colis�o traseira;Com V�timas Feridas;Plena Noite;Crescente;C�u Claro;Simples;Reta;N�o;3;0;1;0;2;0;1;3;-15,72901466;-49,32594717;SPRF-GO;DEL02-GO;UOP02-DEL02-GO;;;
686535;21/04/2025;segunda-feira;17:10:00;MG;40;675,4;CARANDAI;Pedestre cruzava a pista fora da faixa;Atropelamento de Pedestre;Com V�timas Feridas;Pleno dia;Decrescente;C�u Claro;Simples;Reta;N�o;2;0;0;1;1;0;1;2;-21,017183;-43,7832149;SPRF-MG;DEL05-MG;UOP02-DEL05-MG;;;
686536;21/04/2025;segunda-feira;18:10:00;CE;222;2;FORTALEZA;Condutor desrespeitou a ilumina��o vermelha do sem�foro;Colis�o transversal;Com V�timas Feridas;Plena Noite;Crescente;C�u Claro;M�ltipla;Retorno Regulamentado;Sim;2;0;1;0;1;0;1;2;-3,7391475;-38,58758742;SPRF-CE;DEL01-CE;UOP01-DEL01-CE;;;
686537;21/04/2025;segunda-feira;18:09:00;RN;304;295;MACAIBA;Acessar a via sem observar a presen�a dos outros ve�culos;Colis�o lateral sentido oposto;Com V�timas Feridas;Plena Noite;Decrescente;C�u Claro;Simples;Reta;Sim;4;0;1;0;3;0;1;2;-5,86544935;-35,35374273;SPRF-RN;DEL01-RN;UOP02-DEL01-RN;;;
686538;21/04/2025;segunda-feira;17:45:00;MG;40;503;ESMERALDAS;Pedestre cruzava a pista fora da faixa;Atropelamento de Pedestre;Com V�timas Feridas;Anoitecer;Crescente;C�u Claro;Dupla;Reta;Sim;2;0;1;0;1;0;1;2;-19,727152;-44,15373;SPRF-MG;DEL02-MG;UOP01-DEL02-MG;;;
686539;21/04/2025;segunda-feira;17:00:00;PR;376;305,9;MAUA DA SERRA;Demais falhas na via;Sa�da de leito carro��vel;Com V�timas Feridas;Pleno dia;Decrescente;Sol;Dupla;Curva;N�o;4;0;4;0;0;0;4;1;-23,94051598;-51,12081527;SPRF-PR;DEL07-PR;UOP02-DEL07-PR;;;
686540;21/04/2025;segunda-feira;14:30:00;MA;316;368,9;BACABAL;Convers�o proibida;Colis�o traseira;Com V�timas Feridas;Pleno dia;Crescente;Sol;Simples;Reta;Sim;2;0;0;1;0;1;1;2;-4,2253;-44,8036;SPRF-MA;DEL03-MA;UOP01-DEL03-MA;;;
686541;21/04/2025;segunda-feira;18:20:00;RJ;393;241,7;VASSOURAS;Pedestre andava na pista;Atropelamento de Pedestre;Com V�timas Fatais;Plena Noite;Decrescente;Garoa/Chuvisco;Simples;Reta;N�o;3;1;0;0;2;0;0;2;-22,433913;-43,72612;SPRF-RJ;DEL05-RJ;UOP04-DEL05-RJ;;;
686542;21/04/2025;segunda-feira;18:30:00;PR;373;173,1;PONTA GROSSA;Rea��o tardia ou ineficiente do condutor;Colis�o com objeto;Com V�timas Feridas;Plena Noite;Crescente;C�u Claro;Dupla;Curva;Sim;2;0;0;1;0;1;1;2;-25,08027835;-50,20237857;SPRF-PR;DEL03-PR;UOP01-DEL03-PR;;;
686543;21/04/2025;segunda-feira;19:10:00;MG;381;510;SAO JOAQUIM DE BICAS;Pedestre andava na pista;Atropelamento de Pedestre;Com V�timas Feridas;Plena Noite;Crescente;C�u Claro;Dupla;Reta;N�o;2;0;0;1;1;0;1;2;-20,0513401;-44,28064043;SPRF-MG;DEL01-MG;UOP03-DEL01-MG;;;
686546;21/04/2025;segunda-feira;19:00:00;MG;381;492;BETIM;Manobra de mudan�a de faixa;Colis�o lateral mesmo sentido;Com V�timas Feridas;Plena Noite;Decrescente;C�u Claro;M�ltipla;Reta;Sim;5;0;1;1;3;0;2;2;-19,96201451;-44,16169167;SPRF-MG;DEL01-MG;UOP03-DEL01-MG;;;
686547;21/04/2025;segunda-feira;19:40:00;SC;101;98,5;BALNEARIO PICARRAS;Pedestre cruzava a pista fora da faixa;Atropelamento de Pedestre;Com V�timas Fatais;Plena Noite;Crescente;Nublado;Dupla;Reta;N�o;4;1;0;0;1;2;0;2;-26,74490113;-48,69744589;SPRF-SC;DEL03-SC;UOP02-DEL03-SC;;;
686548;21/04/2025;segunda-feira;19:15:00;PR;376;158;MANDAGUACU;Pedestre andava na pista;Atropelamento de Pedestre;Com V�timas Fatais;Plena Noite;Crescente;C�u Claro;Dupla;Curva;Sim;3;1;0;0;2;0;0;3;-23,35284941;-52,09149057;SPRF-PR;DEL09-PR;UOP02-DEL09-PR;;;
686549;21/04/2025;segunda-feira;17:55:00;AM;174;903;MANAUS;Pista Escorregadia;Tombamento;Com V�timas Feridas;Plena Noite;Decrescente;Chuva;Simples;"Reta;Declive";N�o;2;0;2;0;0;0;2;1;-2,81274;-60,03636;SPRF-AM;DEL01-AM;UOP01-DEL01-AM;;;
686550;21/04/2025;segunda-feira;18:10:00;MG;40;50,4;PARACATU;Acessar a via sem observar a presen�a dos outros ve�culos;Colis�o transversal;Com V�timas Feridas;Plena Noite;Crescente;C�u Claro;Simples;Interse��o de Vias;N�o;2;0;1;1;0;0;2;2;-17,241808;-46,795272;SPRF-MG;DEL14-MG;UOP01-DEL14-MG;;;
686551;21/04/2025;segunda-feira;18:53:00;RO;319;64;PORTO VELHO;Condutor deixou de manter dist�ncia do ve�culo da frente;Colis�o traseira;Com V�timas Feridas;Plena Noite;Crescente;Nublado;Dupla;Reta;Sim;2;0;1;0;1;0;1;2;-8,7660831;-63,8842532;SPRF-RO;DEL01-RO;UOP01-DEL01-RO;;;
686552;21/04/2025;segunda-feira;18:15:00;PR;158;532;PATO BRANCO;Transitar na contram�o;Colis�o transversal;Com V�timas Feridas;Anoitecer;Decrescente;C�u Claro;Simples;Interse��o de Vias;Sim;2;0;1;0;1;0;1;2;-26,22052008;-52,6815033;SPRF-PR;DEL02-PR;UOP01-DEL02-PR;;;
686553;21/04/2025;segunda-feira;19:20:00;SC;101;400,8;MARACAJA;Condutor deixou de manter dist�ncia do ve�culo da frente;Engavetamento;Com V�timas Feridas;Plena Noite;Crescente;C�u Claro;M�ltipla;Reta;N�o;9;0;1;0;8;0;1;3;-28,87072515;-49,45187503;SPRF-SC;DEL02-SC;UOP02-DEL02-SC;;;
686554;21/04/2025;segunda-feira;19:10:00;PE;428;16,1;CABROBO;Animais na Pista;Atropelamento de Animal;Com V�timas Feridas;Plena Noite;Decrescente;C�u Claro;Simples;"Reta;Declive";N�o;2;0;1;0;1;0;1;1;-8,498147;-39,361922;SPRF-PE;DEL05-PE;UOP03-DEL05-PE;;;
686556;21/04/2025;segunda-feira;19:20:00;PR;369;132;IBIPORA;Rea��o tardia ou ineficiente do condutor;Colis�o traseira;Com V�timas Fatais;Plena Noite;Crescente;C�u Claro;Dupla;"Reta;Aclive";N�o;8;1;0;0;7;0;0;3;-23,260212;-51,001333;SPRF-PR;DEL07-PR;UOP01-DEL07-PR;;;
686557;21/04/2025;segunda-feira;19:50:00;PR;116;152;MANDIRITUBA;Acesso irregular;Colis�o lateral mesmo sentido;Com V�timas Feridas;Plena Noite;Crescente;C�u Claro;Dupla;Rotat�ria;N�o;2;0;1;0;1;0;1;2;-25,862022;-49,361763;SPRF-PR;DEL01-PR;UOP03-DEL01-PR;;;
686558;21/04/2025;segunda-feira;16:15:00;SP;153;312,9;SAO PEDRO DO TURVO;Rea��o tardia ou ineficiente do condutor;Queda de ocupante de ve�culo;Com V�timas Feridas;Pleno dia;Decrescente;C�u Claro;Simples;Reta;N�o;2;0;2;0;0;0;2;1;-22,69131926;-49,89028931;SPRF-SP;DEL07-SP;UOP03-DEL07-SP;;;
686560;21/04/2025;segunda-feira;20:10:00;PB;230;26,5;JOAO PESSOA;Pedestre andava na pista;Atropelamento de Pedestre;Com V�timas Fatais;Plena Noite;Crescente;C�u Claro;Dupla;"Reta;Declive";Sim;2;1;0;0;0;1;0;2;-7,1686373;-34,8824224;SPRF-PB;DEL01-PB;UOP01-DEL01-PB;;;
686561;21/04/2025;segunda-feira;19:30:00;BA;324;565;SANTO AMARO;Rea��o tardia ou ineficiente do condutor;Tombamento;Com V�timas Feridas;Plena Noite;Decrescente;C�u Claro;Dupla;Curva;N�o;2;0;1;0;1;0;1;1;-12,53007615;-38,6018157;SPRF-BA;DEL01-BA;UOP01-DEL01-BA;;;
686562;21/04/2025;segunda-feira;19:20:00;ES;101;390,3;RIO NOVO DO SUL;Acessar a via sem observar a presen�a dos outros ve�culos;Colis�o transversal;Com V�timas Feridas;Plena Noite;Crescente;Chuva;Simples;Reta;N�o;3;0;1;0;2;0;1;2;-20,8626313;-40,8814921;SPRF-ES;DEL03-ES;UOP02-DEL03-ES;;;
686563;21/04/2025;segunda-feira;18:10:00;MT;364;311,8;JACIARA;Rea��o tardia ou ineficiente do condutor;Colis�o traseira;Sem V�timas;Anoitecer;Crescente;C�u Claro;Dupla;Reta;N�o;6;0;0;0;6;0;0;2;-15,820847;-55,211331;SPRF-MT;DEL05-MT;UOP02-DEL05-MT;;;
686565;21/04/2025;segunda-feira;20:30:00;SP;116;89;PINDAMONHANGABA;Trafegar com motocicleta (ou similar) entre as faixas;Colis�o lateral mesmo sentido;Com V�timas Feridas;Plena Noite;Crescente;Nublado;Dupla;Reta;Sim;2;0;1;0;1;0;1;2;-22,9360976;-45,37244967;SPRF-SP;DEL08-SP;UOP01-DEL08-SP;;;
686566;21/04/2025;segunda-feira;20:20:00;MG;40;613,8;CONGONHAS;Retorno proibido;Colis�o transversal;Com V�timas Feridas;Plena Noite;Crescente;Nublado;Simples;Curva;N�o;6;0;2;0;4;0;2;4;-20,53152166;-43,82295962;SPRF-MG;DEL05-MG;UOP02-DEL05-MG;;;
686567;21/04/2025;segunda-feira;19:40:00;RO;364;656;CANDEIAS DO JAMARI;Animais na Pista;Atropelamento de Animal;Sem V�timas;Plena Noite;Crescente;C�u Claro;Simples;Reta;N�o;3;0;0;0;3;0;0;1;-8,868921;-63,443059;SPRF-RO;DEL01-RO;UOP01-DEL01-RO;;;
686569;21/04/2025;segunda-feira;21:30:00;RN;110;48;MOSSORO;Acessar a via sem observar a presen�a dos outros ve�culos;Colis�o lateral mesmo sentido;Com V�timas Feridas;Plena Noite;Decrescente;C�u Claro;Simples;Reta;Sim;3;0;1;0;2;0;1;2;-5,21502036;-37,33038215;SPRF-RN;DEL04-RN;UOP01-DEL04-RN;;;
686571;21/04/2025;segunda-feira;18:45:00;MA;316;577,9;CAXIAS;Acessar a via sem observar a presen�a dos outros ve�culos;Atropelamento de Pedestre;Com V�timas Fatais;Plena Noite;Decrescente;C�u Claro;Simples;Reta;Sim;2;1;0;0;0;1;0;2;-4,950782;-43,137538;SPRF-MA;DEL03-MA;UOP02-DEL03-MA;;;
686572;21/04/2025;segunda-feira;21:10:00;BA;110;348;ALAGOINHAS;Entrada inopinada do pedestre;Atropelamento de Pedestre;Com V�timas Fatais;Plena Noite;Decrescente;C�u Claro;Simples;Reta;N�o;2;1;0;0;1;0;0;2;-12,2210967;-38,41334572;SPRF-BA;DEL01-BA;UOP04-DEL01-BA;;;
686573;21/04/2025;segunda-feira;19:10:00;PR;469;2;FOZ DO IGUACU;Acumulo de areia ou detritos sobre o pavimento;Tombamento;Com V�timas Feridas;Plena Noite;Decrescente;C�u Claro;Simples;Reta;Sim;1;0;1;0;0;0;1;1;-25,57635632;-54,55367446;SPRF-PR;DEL05-PR;UOP04-DEL05-PR;;;
686574;21/04/2025;segunda-feira;18:00:00;MG;381;948;EXTREMA;Manobra de mudan�a de faixa;Colis�o lateral mesmo sentido;Com V�timas Feridas;Anoitecer;Crescente;Nublado;Dupla;Reta;N�o;3;0;2;0;1;0;2;2;-22,86930496;-46,3563931;SPRF-MG;DEL16-MG;UOP03-DEL16-MG;;;
686575;21/04/2025;segunda-feira;20:50:00;PR;369;153;LONDRINA;Velocidade Incompat�vel;Colis�o com objeto;Com V�timas Feridas;Plena Noite;Decrescente;C�u Claro;Dupla;"Reta;Declive";Sim;2;0;2;0;0;0;2;1;-23,2955442;-51,1902595;SPRF-PR;DEL07-PR;UOP01-DEL07-PR;;;
686576;21/04/2025;segunda-feira;21:58:00;PR;277;40;MORRETES;Acessar a via sem observar a presen�a dos outros ve�culos;Atropelamento de Pedestre;Com V�timas Fatais;Plena Noite;Decrescente;Garoa/Chuvisco;Dupla;"Curva;Declive";N�o;3;1;0;0;2;0;0;3;-25,583088;-48,868191;SPRF-PR;DEL01-PR;UOP05-DEL01-PR;;;
686577;21/04/2025;segunda-feira;22:00:00;TO;153;685,1;CARIRI DO TOCANTINS;Demais falhas mec�nicas ou el�tricas;Tombamento;Com V�timas Feridas;Plena Noite;Crescente;C�u Claro;Simples;Reta;N�o;2;0;2;0;0;0;2;1;-11,827807;-49,13601;SPRF-TO;DEL01-TO;UOP02-DEL01-TO;;;
686579;21/04/2025;segunda-feira;18:00:00;MT;364;441,9;VARZEA GRANDE;Transitar na contram�o;Colis�o frontal;Com V�timas Fatais;Plena Noite;Decrescente;C�u Claro;Simples;Curva;N�o;2;1;0;1;0;0;1;2;-15,6155973;-56,2050676;SPRF-MT;DEL01-MT;UOP02-DEL01-MT;;;
686580;21/04/2025;segunda-feira;20:45:00;BA;116;420;FEIRA DE SANTANA;Entrada inopinada do pedestre;Colis�o com objeto;Com V�timas Feridas;Plena Noite;Crescente;C�u Claro;Dupla;Reta;Sim;2;0;2;0;0;0;2;2;-12,21022022;-38,96576464;SPRF-BA;DEL02-BA;UOP01-DEL02-BA;;;