id;data_inversa;dia_semana;horario;uf;br;km;municipio;causa_acidente;tipo_acidente;classificacao_acidente;fase_dia;sentido_via;condicao_metereologica;tipo_pista;tracado_via;uso_solo;pessoas;mortos;feridos_leves;feridos_graves;ilesos;ignorados;feridos;veiculos;latitude;longitude;regional;delegacia;uop;;;
686581;21/04/2025;segunda-feira;22:20:00;SP;381;30;ATIBAIA;Aus�ncia de rea��o do condutor;Colis�o traseira;Com V�timas Feridas;Plena Noite;Decrescente;Nublado;Dupla;Reta;N�o;2;0;1;0;1;0;1;2;-23,050304;-46,565735;SPRF-SP;DEL03-SP;UOP02-DEL03-SP;;;
686583;21/04/2025;segunda-feira;21:20:00;RJ;101;139;CARAPEBUS;Velocidade Incompat�vel;Sa�da de leito carro��vel;Sem V�timas;Plena Noite;Crescente;C�u Claro;Dupla;"Declive;Curva";N�o;1;0;0;0;1;0;0;1;-22,178046;-41,749235;SPRF-RJ;DEL08-RJ;UOP04-DEL08-RJ;;;
686585;21/04/2025;segunda-feira;22:50:00;SC;101;86;BARRA VELHA;Transitar na contram�o;Colis�o frontal;Com V�timas Feridas;Plena Noite;Crescente;C�u Claro;Dupla;"Interse��o de Vias;Rotat�ria";Sim;2;0;2;0;0;0;2;2;-26,63959959;-48,69390422;SPRF-SC;DEL03-SC;UOP02-DEL03-SC;;;
686587;21/04/2025;segunda-feira;21:00:00;MG;40;501,5;ESMERALDAS;Rea��o tardia ou ineficiente do condutor;Engavetamento;Sem V�timas;Plena Noite;Crescente;C�u Claro;Dupla;Reta;N�o;3;0;0;0;3;0;0;3;-19,698448;-44,176055;SPRF-MG;DEL02-MG;UOP01-DEL02-MG;;;
686588;21/04/2025;segunda-feira;21:40:00;PR;277;179,6;PALMEIRA;Transitar na contram�o;Colis�o lateral sentido oposto;Com V�timas Feridas;Plena Noite;Decrescente;Nublado;Simples;Reta;N�o;4;0;0;1;3;0;1;2;-25,4289527;-50,02885558;SPRF-PR;DEL08-PR;UOP02-DEL08-PR;;;
686591;21/04/2025;segunda-feira;23:20:00;SC;101;58;ARAQUARI;Rea��o tardia ou ineficiente do condutor;Colis�o lateral mesmo sentido;Com V�timas Feridas;Plena Noite;Decrescente;Nublado;Dupla;Curva;N�o;2;0;0;1;1;0;1;2;-26,438397;-48,80317032;SPRF-SC;DEL03-SC;UOP02-DEL03-SC;;;
686592;21/04/2025;segunda-feira;19:00:00;PE;232;511;SALGUEIRO;Pedestre andava na pista;Atropelamento de Pedestre;Com V�timas Feridas;Plena Noite;Crescente;C�u Claro;Simples;Reta;N�o;2;0;0;1;0;1;1;2;-8,07521275;-39,16066712;SPRF-PE;DEL05-PE;UOP01-DEL05-PE;;;
686594;21/04/2025;segunda-feira;22:00:00;MT;163;612;NOVA MUTUM;Aus�ncia de rea��o do condutor;Queda de ocupante de ve�culo;Com V�timas Feridas;Plena Noite;Crescente;Nublado;Simples;"Reta;Em Obras";N�o;1;0;1;0;0;0;1;1;-13,692319;-56,039864;SPRF-MT;DEL01-MT;UOP01-DEL01-MT;;;
686600;21/04/2025;segunda-feira;21:30:00;GO;80;101;VILA PROPICIO;Defici�ncia do Sistema de Ilumina��o/Sinaliza��o;Eventos at�picos;Sem V�timas;Plena Noite;Crescente;C�u Claro;Simples;Reta;N�o;2;0;0;0;0;2;0;2;-15,198857;-48,761431;SPRF-GO;DEL07-GO;UOP02-DEL07-GO;;;
686601;22/04/2025;ter�a-feira;00:15:00;MG;262;179;SAO DOMINGOS DO PRATA;Pista esburacada;Tombamento;Com V�timas Feridas;Plena Noite;Crescente;C�u Claro;Simples;Reta;N�o;1;0;1;0;0;0;1;1;-19,927991;-42,99305;SPRF-MG;DEL03-MG;UOP01-DEL03-MG;;;
686602;22/04/2025;ter�a-feira;00:30:00;RS;386;331,5;MARQUES DE SOUZA;Demais falhas mec�nicas ou el�tricas;Inc�ndio;Sem V�timas;Plena Noite;Crescente;C�u Claro;Simples;"Em Obras;Curva";N�o;1;0;0;0;1;0;0;1;-29,37356685;-52,06126124;SPRF-RS;DEL04-RS;UOP01-DEL04-RS;;;
686603;21/04/2025;segunda-feira;23:59:00;PR;469;19,3;FOZ DO IGUACU;Aus�ncia de rea��o do condutor;Tombamento;Com V�timas Feridas;Plena Noite;Decrescente;C�u Claro;Simples;"Em Obras;Rotat�ria";N�o;1;0;1;0;0;0;1;1;-25,60606747;-54,49727833;SPRF-PR;DEL05-PR;UOP04-DEL05-PR;;;
686605;22/04/2025;ter�a-feira;00:45:00;MG;381;332;NOVA ERA;Velocidade Incompat�vel;Sa�da de leito carro��vel;Com V�timas Feridas;Plena Noite;Crescente;C�u Claro;Simples;"Reta;Aclive";N�o;4;0;1;0;3;0;1;1;-19,774084;-43,045525;SPRF-MG;DEL03-MG;UOP01-DEL03-MG;;;
686606;21/04/2025;segunda-feira;18:00:00;BA;324;591;CANDEIAS;Condutor deixou de manter dist�ncia do ve�culo da frente;Colis�o traseira;Com V�timas Feridas;Plena Noite;Crescente;C�u Claro;Dupla;Reta;N�o;3;0;2;0;1;0;2;2;-12,701098;-38,464107;SPRF-BA;DEL01-BA;UOP01-DEL01-BA;;;
686607;21/04/2025;segunda-feira;21:00:00;PR;116;164;QUITANDINHA;Acessar a via sem observar a presen�a dos outros ve�culos;Colis�o transversal;Sem V�timas;Plena Noite;Decrescente;C�u Claro;Dupla;Reta;N�o;3;0;0;0;1;2;0;2;-25,87489;-49,473173;SPRF-PR;DEL01-PR;UOP03-DEL01-PR;;;
686609;22/04/2025;ter�a-feira;02:00:00;SC;101;79,9;ARAQUARI;Rea��o tardia ou ineficiente do condutor;Colis�o com objeto;Com V�timas Feridas;Plena Noite;Decrescente;Nublado;Dupla;Curva;N�o;2;0;1;1;0;0;2;1;-26,59490186;-48,72203523;SPRF-SC;DEL03-SC;UOP02-DEL03-SC;;;
686611;22/04/2025;ter�a-feira;02:50:00;PR;277;4,7;CURITIBA;Velocidade Incompat�vel;Tombamento;Com V�timas Fatais;Plena Noite;Decrescente;Nublado;Dupla;Curva;Sim;1;1;0;0;0;0;0;1;-25,42991815;-49,32032911;SPRF-PR;DEL01-PR;UOP06-DEL01-PR;;;
686613;22/04/2025;ter�a-feira;03:30:00;TO;153;335,5;GUARAI;Rea��o tardia ou ineficiente do condutor;Sa�da de leito carro��vel;Com V�timas Feridas;Plena Noite;Crescente;Chuva;Simples;Reta;Sim;5;0;1;0;4;0;1;1;-8,851427;-48,509223;SPRF-TO;DEL02-TO;UOP02-DEL02-TO;;;
686614;22/04/2025;ter�a-feira;05:00:00;SP;101;32,9;UBATUBA;Velocidade Incompat�vel;Colis�o com objeto;Com V�timas Feridas;Plena Noite;Decrescente;Nublado;Simples;Reta;N�o;4;0;2;0;2;0;2;1;-23,3865216;-44,97408;SPRF-SP;DEL06-SP;UOP01-DEL06-SP;;;
686615;22/04/2025;ter�a-feira;04:15:00;GO;364;68,1;CACHOEIRA ALTA;Ingest�o de �lcool pelo condutor;Colis�o com objeto;Sem V�timas;Plena Noite;Crescente;Nevoeiro/Neblina;Simples;Reta;N�o;1;0;0;0;1;0;0;1;-18,669965;-50,989072;SPRF-GO;DEL05-GO;UOP02-DEL05-GO;;;
686616;22/04/2025;ter�a-feira;04:20:00;MG;116;725;LARANJAL;Rea��o tardia ou ineficiente do condutor;Sa�da de leito carro��vel;Com V�timas Feridas;Plena Noite;Decrescente;C�u Claro;Simples;Curva;N�o;1;0;1;0;0;0;1;1;-21,285;-42,416;SPRF-MG;DEL07-MG;UOP02-DEL07-MG;;;
686617;22/04/2025;ter�a-feira;06:00:00;PI;343;30;PARNAIBA;Ultrapassagem Indevida;Colis�o lateral sentido oposto;Com V�timas Feridas;Pleno dia;Crescente;C�u Claro;Simples;Reta;N�o;7;0;4;0;3;0;4;2;-3,08635118;-41,78014755;SPRF-PI;DEL05-PI;UOP01-DEL05-PI;;;
686618;21/04/2025;segunda-feira;21:20:00;GO;153;156;CAMPINORTE;Rea��o tardia ou ineficiente do condutor;Queda de ocupante de ve�culo;Com V�timas Feridas;Plena Noite;Decrescente;C�u Claro;Simples;Reta;N�o;1;0;1;0;0;0;1;1;-14,04067289;-49,08966064;SPRF-GO;DEL07-GO;UOP02-DEL07-GO;;;
686619;22/04/2025;ter�a-feira;00:30:00;SC;101;132;CAMBORIU;Rea��o tardia ou ineficiente do condutor;Colis�o com objeto;Sem V�timas;Plena Noite;Decrescente;Nublado;M�ltipla;Reta;N�o;1;0;0;0;1;0;0;1;-26,9955768;-48,65758158;SPRF-SC;DEL04-SC;UOP03-DEL04-SC;;;
686620;22/04/2025;ter�a-feira;04:30:00;CE;116;4;FORTALEZA;Aus�ncia de rea��o do condutor;Colis�o com objeto;Sem V�timas;Amanhecer;Decrescente;C�u Claro;Simples;Viaduto;Sim;1;0;0;0;1;0;0;1;-3,7992914;-38,5045408;SPRF-CE;DEL01-CE;UOP02-DEL01-CE;;;
686621;22/04/2025;ter�a-feira;05:45:00;MG;40;669,9;CARANDAI;Acessar a via sem observar a presen�a dos outros ve�culos;Colis�o transversal;Com V�timas Feridas;Amanhecer;Decrescente;Nublado;Simples;Reta;N�o;2;0;0;1;1;0;1;2;-20,9717583;-43,7844916;SPRF-MG;DEL05-MG;UOP02-DEL05-MG;;;
686623;21/04/2025;segunda-feira;20:05:00;PR;116;194;CAMPO DO TENENTE;Demais falhas mec�nicas ou el�tricas;Tombamento;Com V�timas Feridas;Plena Noite;Decrescente;Nublado;Simples;Reta;N�o;2;0;1;0;1;0;1;1;-26,015791;-49,673024;SPRF-SC;DEL06-SC;UOP01-DEL06-SC;;;
686626;22/04/2025;ter�a-feira;06:10:00;PB;101;82;BAYEUX;Condutor deixou de manter dist�ncia do ve�culo da frente;Colis�o traseira;Com V�timas Feridas;Pleno dia;Crescente;Sol;Dupla;"Aclive;Reta;Viaduto";Sim;6;0;2;0;4;0;2;3;-7,13091251;-34,93350741;SPRF-PB;DEL01-PB;UOP01-DEL01-PB;;;
686627;22/04/2025;ter�a-feira;05:20:00;BA;324;575;SAO SEBASTIAO DO PASSE;Rea��o tardia ou ineficiente do condutor;Colis�o traseira;Com V�timas Feridas;Pleno dia;Crescente;Nublado;Dupla;Reta;N�o;2;0;1;0;1;0;1;2;-12,57936075;-38,53694916;SPRF-BA;DEL01-BA;UOP01-DEL01-BA;;;
686628;22/04/2025;ter�a-feira;07:00:00;MG;40;515,9;RIBEIRAO DAS NEVES;Trafegar com motocicleta (ou similar) entre as faixas;Colis�o lateral mesmo sentido;Com V�timas Feridas;Pleno dia;Crescente;C�u Claro;Dupla;"Reta;Interse��o de Vias;Declive";N�o;3;0;1;0;2;0;1;3;-19,81598;-44,090032;SPRF-MG;DEL01-MG;UOP02-DEL01-MG;;;
686629;22/04/2025;ter�a-feira;05:10:00;RS;293;378;SANTANA DO LIVRAMENTO;Ingest�o de �lcool pelo condutor;Sa�da de leito carro��vel;Com V�timas Feridas;Plena Noite;Crescente;Nublado;Simples;Reta;N�o;4;0;3;0;0;1;3;2;-30,62032616;-55,93366852;SPRF-RS;DEL11-RS;UOP01-DEL11-RS;;;
686630;22/04/2025;ter�a-feira;05:30:00;MG;262;39,2;MANHUACU;Acessar a via sem observar a presen�a dos outros ve�culos;Colis�o transversal;Com V�timas Feridas;Amanhecer;Decrescente;Nublado;Simples;Reta;Sim;2;0;1;0;1;0;1;2;-20,27514293;-42,05773114;SPRF-MG;DEL06-MG;UOP03-DEL06-MG;;;
686631;21/04/2025;segunda-feira;18:30:00;RN;226;127,3;LAJES PINTADAS;Ingest�o de �lcool pelo condutor;Sa�da de leito carro��vel;Com V�timas Fatais;Plena Noite;Decrescente;C�u Claro;Simples;Reta;Sim;1;1;0;0;0;0;0;1;-6,186;-36,135;SPRF-RN;DEL03-RN;UOP02-DEL03-RN;;;
686633;22/04/2025;ter�a-feira;07:30:00;DF;70;12;BRASILIA;Aus�ncia de rea��o do condutor;Colis�o traseira;Com V�timas Feridas;Pleno dia;Decrescente;C�u Claro;Dupla;Reta;N�o;3;0;1;0;2;0;1;3;-15,79177975;-48,15589663;SPRF-DF;DEL03-DF;UOP02-DEL03-DF;;;
686634;22/04/2025;ter�a-feira;06:50:00;PB;230;167;CAMPINA GRANDE;Condutor deixou de manter dist�ncia do ve�culo da frente;Colis�o traseira;Com V�timas Feridas;Pleno dia;Decrescente;C�u Claro;Simples;Reta;Sim;3;0;1;0;1;1;1;3;-7,195124;-35,961879;SPRF-PB;DEL02-PB;UOP02-DEL02-PB;;;
686635;22/04/2025;ter�a-feira;07:20:00;SC;101;207,9;SAO JOSE;Manobra de mudan�a de faixa;Tombamento;Com V�timas Feridas;Pleno dia;Decrescente;C�u Claro;M�ltipla;Curva;Sim;2;0;2;0;0;0;2;1;-27,60337431;-48,63188803;SPRF-SC;DEL01-SC;UOP01-DEL01-SC;;;
686636;22/04/2025;ter�a-feira;07:30:00;PR;369;183;ARAPONGAS;Manobra de mudan�a de faixa;Tombamento;Com V�timas Feridas;Pleno dia;Crescente;C�u Claro;Simples;Reta;Sim;1;0;1;0;0;0;1;1;-23,39047624;-51,42219543;SPRF-PR;DEL07-PR;UOP03-DEL07-PR;;;
686637;22/04/2025;ter�a-feira;07:55:00;PE;101;66;RECIFE;Aus�ncia de rea��o do condutor;Colis�o traseira;Sem V�timas;Pleno dia;Crescente;C�u Claro;Dupla;Curva;N�o;2;0;0;0;2;0;0;2;-8,03642649;-34,94146792;SPRF-PE;DEL01-PE;UOP01-DEL01-PE;;;
686638;22/04/2025;ter�a-feira;07:40:00;PE;407;128;PETROLINA;Aus�ncia de rea��o do condutor;Colis�o lateral mesmo sentido;Com V�timas Feridas;Pleno dia;Crescente;C�u Claro;Simples;Reta;Sim;2;0;1;0;1;0;1;2;-9,391704;-40,518075;SPRF-PE;DEL06-PE;UOP01-DEL06-PE;;;
686639;22/04/2025;ter�a-feira;07:10:00;PR;376;651,2;TIJUCAS DO SUL;Condutor Dormindo;Sa�da de leito carro��vel;Com V�timas Feridas;Pleno dia;Crescente;Nublado;Dupla;"Reta;Aclive";N�o;4;0;2;0;2;0;2;1;-25,84630169;-49,06902547;SPRF-PR;DEL01-PR;UOP04-DEL01-PR;;;
686640;22/04/2025;ter�a-feira;07:57:00;SP;116;485;CAJATI;Aus�ncia de rea��o do condutor;Colis�o lateral mesmo sentido;Com V�timas Feridas;Pleno dia;Decrescente;Nublado;Dupla;Reta;Sim;4;0;2;0;2;0;2;2;-24,72625118;-48,08853149;SPRF-SP;DEL05-SP;UOP01-DEL05-SP;;;
686642;22/04/2025;ter�a-feira;07:20:00;MG;116;415;GOVERNADOR VALADARES;Acessar a via sem observar a presen�a dos outros ve�culos;Colis�o transversal;Com V�timas Feridas;Pleno dia;Decrescente;C�u Claro;M�ltipla;Reta;Sim;3;0;2;0;1;0;2;2;-18,892256;-41,94704;SPRF-MG;DEL06-MG;UOP01-DEL06-MG;;;
686644;22/04/2025;ter�a-feira;08:20:00;CE;304;53;ARACATI;Animais na Pista;Tombamento;Com V�timas Feridas;Pleno dia;Crescente;Nublado;Dupla;Reta;N�o;1;0;1;0;0;0;1;1;-4,5760168;-37,7316739;SPRF-CE;DEL03-CE;UOP02-DEL03-CE;;;
686649;22/04/2025;ter�a-feira;06:40:00;GO;153;507,9;APARECIDA DE GOIANIA;Condutor deixou de manter dist�ncia do ve�culo da frente;Colis�o traseira;Com V�timas Feridas;Pleno dia;Decrescente;Sol;Dupla;Reta;Sim;3;0;1;1;1;0;2;2;-16,84850122;-49,24663424;SPRF-GO;DEL01-GO;UOP03-DEL01-GO;;;
686650;22/04/2025;ter�a-feira;07:30:00;SC;282;16;PALHOCA;Acesso irregular;Colis�o transversal;Com V�timas Feridas;Pleno dia;Decrescente;C�u Claro;Simples;Reta;Sim;2;0;0;1;1;0;1;2;-27,66280945;-48,68549315;SPRF-SC;DEL01-SC;UOP02-DEL01-SC;;;
686652;22/04/2025;ter�a-feira;08:00:00;AL;316;82;SANTANA DO IPANEMA;Acessar a via sem observar a presen�a dos outros ve�culos;Colis�o traseira;Com V�timas Feridas;Pleno dia;Crescente;C�u Claro;Simples;Reta;Sim;4;0;2;0;2;0;2;3;-9,362969;-37,266635;SPRF-AL;DEL03-AL;UOP02-DEL03-AL;;;
686653;22/04/2025;ter�a-feira;08:30:00;RN;405;1,3;MOSSORO;Rea��o tardia ou ineficiente do condutor;Engavetamento;Com V�timas Feridas;Pleno dia;Crescente;C�u Claro;Dupla;Reta;Sim;5;0;1;0;4;0;1;4;-5,191978;-37,364567;SPRF-RN;DEL04-RN;UOP02-DEL04-RN;;;
686655;22/04/2025;ter�a-feira;07:30:00;PI;316;11;TERESINA;Rea��o tardia ou ineficiente do condutor;Colis�o traseira;Com V�timas Feridas;Pleno dia;Decrescente;Nublado;M�ltipla;Reta;Sim;4;0;2;0;2;0;2;2;-5,19856008;-42,75859471;SPRF-PI;DEL01-PI;UOP02-DEL01-PI;;;
686656;22/04/2025;ter�a-feira;08:00:00;PB;230;147;CAMPINA GRANDE;Condutor deixou de manter dist�ncia do ve�culo da frente;Colis�o traseira;Com V�timas Feridas;Pleno dia;Crescente;Sol;Dupla;Reta;Sim;2;0;1;0;1;0;1;2;-7,23869143;-35,86423516;SPRF-PB;DEL02-PB;UOP01-DEL02-PB;;;
686658;22/04/2025;ter�a-feira;09:15:00;PB;230;14,6;CABEDELO;Trafegar com motocicleta (ou similar) entre as faixas;Colis�o lateral mesmo sentido;Com V�timas Feridas;Pleno dia;Crescente;C�u Claro;Dupla;"Aclive;Reta;Viaduto";Sim;2;0;1;0;1;0;1;2;-7,09782867;-34,84796517;SPRF-PB;DEL01-PB;UOP01-DEL01-PB;;;
686662;22/04/2025;ter�a-feira;08:15:00;SP;116;541;BARRA DO TURVO;Rea��o tardia ou ineficiente do condutor;Colis�o com objeto;Com V�timas Feridas;Pleno dia;Crescente;Chuva;Dupla;"Curva;Aclive";N�o;2;0;2;0;0;0;2;1;-24,96707388;-48,40988159;SPRF-SP;DEL05-SP;UOP02-DEL05-SP;;;
686663;22/04/2025;ter�a-feira;09:10:00;CE;116;6,5;FORTALEZA;Manobra de mudan�a de faixa;Queda de ocupante de ve�culo;Com V�timas Feridas;Pleno dia;Crescente;C�u Claro;M�ltipla;Reta;Sim;2;0;2;0;0;0;2;1;-3,80387941;-38,50343227;SPRF-CE;DEL01-CE;UOP02-DEL01-CE;;;
686664;24/03/2025;segunda-feira;00:05:00;AL;104;90;RIO LARGO;Condutor deixou de manter dist�ncia do ve�culo da frente;Colis�o traseira;Com V�timas Feridas;Plena Noite;Crescente;C�u Claro;Dupla;Reta;Sim;2;0;1;0;1;0;1;2;-9,45752834;-35,8291626;SPRF-AL;DEL01-AL;UOP01-DEL01-AL;;;
686665;22/04/2025;ter�a-feira;06:00:00;MG;356;283,2;PATROCINIO DO MURIAE;Aus�ncia de rea��o do condutor;Colis�o com objeto;Com V�timas Feridas;Amanhecer;Crescente;C�u Claro;Simples;Reta;N�o;1;0;1;0;0;0;1;1;-21,122139;-42,223028;SPRF-MG;DEL07-MG;UOP02-DEL07-MG;;;
686666;22/04/2025;ter�a-feira;09:42:00;RJ;101;268;RIO BONITO;Manobra de mudan�a de faixa;Colis�o lateral mesmo sentido;Com V�timas Feridas;Pleno dia;Crescente;C�u Claro;Dupla;Reta;Sim;3;0;1;0;2;0;1;2;-22,7149993;-42,6790622;SPRF-RJ;DEL02-RJ;UOP03-DEL02-RJ;;;
686667;22/04/2025;ter�a-feira;10:10:00;SP;116;68;APARECIDA;Demais falhas mec�nicas ou el�tricas;Inc�ndio;Sem V�timas;Pleno dia;Crescente;C�u Claro;Dupla;Reta;Sim;1;0;0;0;1;0;0;1;-22,8582296;-45,2332132;SPRF-SP;DEL08-SP;UOP01-DEL08-SP;;;
686668;22/04/2025;ter�a-feira;09:30:00;PB;104;131;QUEIMADAS;Entrada inopinada do pedestre;Atropelamento de Pedestre;Com V�timas Feridas;Pleno dia;Decrescente;C�u Claro;Simples;Reta;Sim;2;0;2;0;0;0;2;2;-7,291;-35,89;SPRF-PB;DEL02-PB;UOP03-DEL02-PB;;;
686669;22/04/2025;ter�a-feira;09:30:00;PR;376;602,5;CURITIBA;Manobra de mudan�a de faixa;Colis�o lateral mesmo sentido;Com V�timas Feridas;Pleno dia;Decrescente;Nublado;Dupla;Reta;N�o;2;0;1;0;1;0;1;2;-25,52829595;-49,32723396;SPRF-PR;DEL01-PR;UOP06-DEL01-PR;;;
686670;18/04/2025;sexta-feira;05:40:00;SC;101;337,8;TUBARAO;Aus�ncia de rea��o do condutor;Sa�da de leito carro��vel;Sem V�timas;Amanhecer;Crescente;Garoa/Chuvisco;M�ltipla;"Declive;Retorno Regulamentado";Sim;1;0;0;0;1;0;0;1;-28,49456;-49,04334167;SPRF-SC;DEL02-SC;UOP01-DEL02-SC;;;
686671;04/04/2025;sexta-feira;06:30:00;MA;222;363;ARARI;Acessar a via sem observar a presen�a dos outros ve�culos;Colis�o transversal;Sem V�timas;Pleno dia;Decrescente;C�u Claro;Simples;Reta;N�o;2;0;0;0;1;1;0;2;-3,49622276;-44,76355791;SPRF-MA;DEL02-MA;UOP01-DEL02-MA;;;
686672;22/04/2025;ter�a-feira;08:05:00;BA;324;572;SAO SEBASTIAO DO PASSE;Pista esburacada;Tombamento;Com V�timas Feridas;Pleno dia;Crescente;Nublado;Dupla;Reta;N�o;2;0;2;0;0;0;2;1;-12,56595714;-38,5541153;SPRF-BA;DEL01-BA;UOP01-DEL01-BA;;;
686673;22/04/2025;ter�a-feira;07:25:00;RS;386;345;LAJEADO;Manobra de mudan�a de faixa;Colis�o lateral mesmo sentido;Sem V�timas;Pleno dia;Crescente;Nevoeiro/Neblina;Dupla;"Reta;Em Obras";Sim;1;0;0;0;1;0;0;1;-29,4418522;-51,9876014;SPRF-RS;DEL04-RS;UOP01-DEL04-RS;;;
686676;18/04/2025;sexta-feira;18:30:00;BA;101;585;CAMACAN;Deixar de acionar o farol da motocicleta (ou similar);Colis�o traseira;Com V�timas Feridas;Plena Noite;Decrescente;Nublado;Simples;Reta;N�o;2;0;1;0;1;0;1;2;-15,39135066;-39,47811669;SPRF-BA;DEL05-BA;UOP02-DEL05-BA;;;
686679;22/04/2025;ter�a-feira;09:06:00;MT;364;397;CUIABA;Transitar na contram�o;Colis�o transversal;Com V�timas Feridas;Pleno dia;Decrescente;C�u Claro;Dupla;Reta;Sim;2;0;1;0;1;0;1;2;-15,66801939;-55,95683455;SPRF-MT;DEL01-MT;UOP02-DEL01-MT;;;
686680;22/04/2025;ter�a-feira;11:20:00;BA;116;457;SANTO ESTEVAO;Chuva;Sa�da de leito carro��vel;Com V�timas Feridas;Pleno dia;Decrescente;Chuva;Dupla;Reta;N�o;5;0;3;0;2;0;3;1;-12,4260252;-39,207182;SPRF-BA;DEL02-BA;UOP01-DEL02-BA;;;
686681;22/04/2025;ter�a-feira;11:40:00;ES;101;144,8;LINHARES;Condutor deixou de manter dist�ncia do ve�culo da frente;Colis�o traseira;Com V�timas Feridas;Pleno dia;Decrescente;Nublado;Simples;Reta;Sim;4;0;1;0;3;0;1;2;-19,37599832;-40,01356697;SPRF-ES;DEL04-ES;UOP01-DEL04-ES;;;
686682;22/04/2025;ter�a-feira;11:15:00;PR;116;16,6;CAMPINA GRANDE DO SUL;Pista Escorregadia;Colis�o com objeto;Sem V�timas;Pleno dia;Decrescente;Chuva;Dupla;"Curva;Aclive";N�o;2;0;0;0;2;0;0;1;-25,10429267;-48,71104002;SPRF-PR;DEL01-PR;UOP02-DEL01-PR;;;
686683;22/04/2025;ter�a-feira;12:05:00;BA;101;713;EUNAPOLIS;Transitar na contram�o;Colis�o transversal;Com V�timas Feridas;Pleno dia;Crescente;C�u Claro;Simples;Reta;N�o;2;0;2;0;0;0;2;2;-16,33656747;-39,58130144;SPRF-BA;DEL09-BA;UOP01-DEL09-BA;;;
686684;16/04/2025;quarta-feira;08:00:00;RJ;101;311;SAO GONCALO;Aus�ncia de rea��o do condutor;Colis�o lateral mesmo sentido;Com V�timas Feridas;Pleno dia;Crescente;Nublado;Dupla;Reta;Sim;3;0;1;1;1;0;2;2;-22,808402;-43,066762;SPRF-RJ;DEL02-RJ;UOP02-DEL02-RJ;;;
686685;22/04/2025;ter�a-feira;11:45:00;SC;470;44,8;GASPAR;Acessar a via sem observar a presen�a dos outros ve�culos;Colis�o transversal;Com V�timas Feridas;Pleno dia;Decrescente;C�u Claro;Dupla;Curva;N�o;2;0;1;0;1;0;1;2;-26,8648103;-49,0323204;SPRF-SC;DEL04-SC;UOP01-DEL04-SC;;;
686688;22/04/2025;ter�a-feira;11:05:00;PI;343;12,6;PARNAIBA;Acessar a via sem observar a presen�a dos outros ve�culos;Colis�o lateral mesmo sentido;Com V�timas Feridas;Pleno dia;Crescente;Nublado;Dupla;"Reta;Interse��o de Vias";Sim;2;0;1;0;0;1;1;2;-2,91581925;-41,75401121;SPRF-PI;DEL05-PI;UOP01-DEL05-PI;;;
686690;22/04/2025;ter�a-feira;10:30:00;BA;101;870;TEIXEIRA DE FREITAS;Ultrapassagem Indevida;Colis�o lateral mesmo sentido;Com V�timas Feridas;Pleno dia;Crescente;Nublado;Simples;"Reta;Declive";N�o;2;0;1;0;0;1;1;2;-17,48390001;-39,705057;SPRF-BA;DEL09-BA;UOP02-DEL09-BA;;;
686693;22/04/2025;ter�a-feira;11:55:00;BA;101;96;ALAGOINHAS;Avarias e/ou desgaste excessivo no pneu;Tombamento;Com V�timas Feridas;Pleno dia;Decrescente;Garoa/Chuvisco;Simples;Reta;N�o;2;0;2;0;0;0;2;1;-12,05840463;-38,31237566;SPRF-BA;DEL01-BA;UOP04-DEL01-BA;;;
686694;22/04/2025;ter�a-feira;11:15:00;PR;153;27,8;JACAREZINHO;Mal s�bito do condutor;Colis�o traseira;Com V�timas Feridas;Pleno dia;Decrescente;C�u Claro;Simples;Reta;N�o;1;0;1;0;0;0;1;1;-23,21617821;-49,99257481;SPRF-PR;DEL07-PR;UOP04-DEL07-PR;;;
686697;22/04/2025;ter�a-feira;11:15:00;MT;364;336;SANTO ANTONIO DO LEVERGER;Chuva;Sa�da de leito carro��vel;Com V�timas Feridas;Pleno dia;Decrescente;Chuva;Dupla;"Reta;Declive";N�o;3;0;2;0;1;0;2;1;-15,830328;-55,443334;SPRF-MT;DEL05-MT;UOP02-DEL05-MT;;;
686699;22/04/2025;ter�a-feira;12:10:00;MG;381;367;SAO GONCALO DO RIO ABAIXO;Pista Escorregadia;Capotamento;Com V�timas Feridas;Pleno dia;Decrescente;Garoa/Chuvisco;Simples;Curva;N�o;4;0;1;0;3;0;1;1;-19,858;-43,237;SPRF-MG;DEL03-MG;UOP01-DEL03-MG;;;
686701;22/04/2025;ter�a-feira;13:30:00;RN;101;83;SAO GONCALO DO AMARANTE;Condutor deixou de manter dist�ncia do ve�culo da frente;Colis�o traseira;Com V�timas Feridas;Pleno dia;Crescente;C�u Claro;Simples;Reta;N�o;3;0;2;0;1;0;2;2;-5,7487534;-35,3265869;SPRF-RN;DEL02-RN;UOP01-DEL02-RN;;;
686702;22/04/2025;ter�a-feira;12:30:00;PR;376;497;PONTA GROSSA;Rea��o tardia ou ineficiente do condutor;Capotamento;Com V�timas Feridas;Pleno dia;Crescente;C�u Claro;Dupla;Reta;Sim;6;0;0;1;5;0;1;3;-25,148206;-50,148158;SPRF-PR;DEL03-PR;UOP04-DEL03-PR;;;
686704;22/04/2025;ter�a-feira;13:45:00;ES;262;159;IBATIBA;Manobra de mudan�a de faixa;Colis�o transversal;Com V�timas Feridas;Pleno dia;Crescente;C�u Claro;M�ltipla;Reta;Sim;3;0;0;1;2;0;1;3;-20,22292986;-41,45413918;SPRF-ES;DEL01-ES;UOP02-DEL01-ES;;;