id;data_inversa;dia_semana;horario;uf;br;km;municipio;causa_acidente;tipo_acidente;classificacao_acidente;fase_dia;sentido_via;condicao_metereologica;tipo_pista;tracado_via;uso_solo;pessoas;mortos;feridos_leves;feridos_graves;ilesos;ignorados;feridos;veiculos;latitude;longitude;regional;delegacia;uop;;;
686705;22/04/2025;ter�a-feira;12:37:00;PI;316;10;TERESINA;Rea��o tardia ou ineficiente do condutor;Colis�o com objeto;Com V�timas Feridas;Pleno dia;Decrescente;Nublado;Dupla;"Reta;Interse��o de Vias";Sim;1;0;1;0;0;0;1;1;-5,183107;-42,763268;SPRF-PI;DEL01-PI;UOP02-DEL01-PI;;;
686706;22/04/2025;ter�a-feira;11:30:00;MG;381;640,2;SANTO ANTONIO DO AMPARO;Rea��o tardia ou ineficiente do condutor;Queda de ocupante de ve�culo;Com V�timas Feridas;Pleno dia;Crescente;Nublado;Dupla;Curva;N�o;2;0;0;2;0;0;2;1;-20,899698;-44,855547;SPRF-MG;DEL04-MG;UOP01-DEL04-MG;;;
686707;22/04/2025;ter�a-feira;11:10:00;PR;163;166,1;LINDOESTE;Rea��o tardia ou ineficiente do condutor;Colis�o transversal;Com V�timas Feridas;Pleno dia;Decrescente;C�u Claro;Simples;Reta;Sim;2;0;1;0;1;0;1;2;-25,26877751;-53,57216097;SPRF-PR;DEL05-PR;UOP05-DEL05-PR;;;
686709;27/03/2025;quinta-feira;17:00:00;SC;280;6;SAO FRANCISCO DO SUL;Convers�o proibida;Colis�o lateral mesmo sentido;Com V�timas Feridas;Pleno dia;Crescente;C�u Claro;Simples;Reta;N�o;1;0;1;0;0;0;1;1;-26,264427;-48,636375;SPRF-SC;DEL03-SC;UOP03-DEL03-SC;;;
686710;22/04/2025;ter�a-feira;11:50:00;PR;277;588,5;CASCAVEL;Transitar no Acostamento;Colis�o com objeto;Sem V�timas;Pleno dia;Decrescente;Sol;Simples;Reta;Sim;1;0;0;0;1;0;0;1;-24,97639126;-53,44329357;SPRF-PR;DEL04-PR;UOP01-DEL04-PR;;;
686711;22/04/2025;ter�a-feira;10:30:00;BA;324;526;FEIRA DE SANTANA;Manobra de mudan�a de faixa;Colis�o traseira;Com V�timas Feridas;Pleno dia;Decrescente;Chuva;Dupla;"Reta;Retorno Regulamentado";N�o;2;0;0;1;1;0;1;2;-12,31979998;-38,87200289;SPRF-BA;DEL01-BA;UOP03-DEL01-BA;;;
686712;22/04/2025;ter�a-feira;09:00:00;PA;230;1113;ITAITUBA;Aus�ncia de rea��o do condutor;Colis�o com objeto;Com V�timas Fatais;Pleno dia;Crescente;C�u Claro;Simples;"Curva;Declive";N�o;1;1;0;0;0;0;0;1;-4,39910166;-55,91867086;SPRF-PA;DEL05-PA;UOP02-DEL05-PA;;;
686713;22/04/2025;ter�a-feira;14:30:00;SC;282;48;AGUAS MORNAS;Acessar a via sem observar a presen�a dos outros ve�culos;Colis�o transversal;Com V�timas Feridas;Pleno dia;Crescente;C�u Claro;Simples;Curva;N�o;4;0;1;3;0;0;4;2;-27,70521835;-48,83265942;SPRF-SC;DEL01-SC;UOP03-DEL01-SC;;;
686714;22/04/2025;ter�a-feira;11:40:00;MG;116;275,7;TEOFILO OTONI;Convers�o proibida;Colis�o lateral mesmo sentido;Com V�timas Feridas;Pleno dia;Decrescente;C�u Claro;Simples;Reta;Sim;3;0;3;0;0;0;3;2;-17,8720305;-41,5199501;SPRF-MG;DEL11-MG;UOP01-DEL11-MG;;;
686715;22/04/2025;ter�a-feira;12:10:00;MT;163;533,1;DIAMANTINO;Rea��o tardia ou ineficiente do condutor;Sa�da de leito carro��vel;Com V�timas Feridas;Pleno dia;Crescente;Nublado;Simples;"Em Obras;Curva";N�o;1;0;1;0;0;0;1;1;-14,22445102;-56,08932495;SPRF-MT;DEL01-MT;UOP01-DEL01-MT;;;
686716;22/04/2025;ter�a-feira;10:30:00;PB;230;462;SOUSA;Acessar a via sem observar a presen�a dos outros ve�culos;Colis�o transversal;Com V�timas Feridas;Pleno dia;Crescente;C�u Claro;Simples;"Reta;Interse��o de Vias";Sim;2;0;1;0;1;0;1;2;-6,778587;-38,23427;SPRF-PB;DEL03-PB;UOP03-DEL03-PB;;;
686717;22/04/2025;ter�a-feira;14:00:00;BA;101;266;SANTO ANTONIO DE JESUS;Aus�ncia de rea��o do condutor;Queda de ocupante de ve�culo;Com V�timas Feridas;Pleno dia;Crescente;C�u Claro;Simples;Declive;N�o;1;0;1;0;0;0;1;1;-13,01815445;-39,29039848;SPRF-BA;DEL01-BA;UOP02-DEL01-BA;;;
686718;23/03/2025;domingo;12:50:00;AL;316;183,6;BELEM;Acessar a via sem observar a presen�a dos outros ve�culos;Colis�o transversal;Com V�timas Feridas;Pleno dia;Decrescente;C�u Claro;Simples;Reta;N�o;2;0;0;1;1;0;1;2;-9,59346122;-36,46075845;SPRF-AL;DEL03-AL;UOP01-DEL03-AL;;;
686724;22/04/2025;ter�a-feira;15:40:00;ES;101;296,1;CARIACICA;Aus�ncia de rea��o do condutor;Queda de ocupante de ve�culo;Com V�timas Feridas;Pleno dia;Decrescente;C�u Claro;Dupla;Curva;Sim;1;0;1;0;0;0;1;1;-20,34254661;-40,40159321;SPRF-ES;DEL01-ES;UOP01-DEL01-ES;;;
686725;22/04/2025;ter�a-feira;14:40:00;PR;277;725;FOZ DO IGUACU;Acessar a via sem observar a presen�a dos outros ve�culos;Colis�o transversal;Com V�timas Feridas;Pleno dia;Decrescente;C�u Claro;Dupla;Retorno Regulamentado;Sim;3;0;3;0;0;0;3;2;-25,51016361;-54,54821026;SPRF-PR;DEL05-PR;UOP03-DEL05-PR;;;
686727;22/04/2025;ter�a-feira;15:45:00;SC;101;344;TUBARAO;Manobra de mudan�a de faixa;Colis�o lateral mesmo sentido;Com V�timas Feridas;Pleno dia;Decrescente;C�u Claro;M�ltipla;Reta;N�o;2;0;0;1;1;0;1;2;-28,5527253;-49,0538672;SPRF-SC;DEL02-SC;UOP01-DEL02-SC;;;
686728;22/04/2025;ter�a-feira;15:50:00;RS;116;265;CANOAS;Condutor deixou de manter dist�ncia do ve�culo da frente;Colis�o traseira;Com V�timas Feridas;Pleno dia;Crescente;C�u Claro;M�ltipla;"Reta;Em Obras";Sim;2;0;1;0;1;0;1;2;-29,91925936;-51,17813612;SPRF-RS;DEL01-RS;UOP01-DEL01-RS;;;
686732;22/04/2025;ter�a-feira;15:15:00;SC;282;4,6;SAO JOSE;Chuva;Colis�o lateral mesmo sentido;Com V�timas Feridas;Pleno dia;Crescente;C�u Claro;M�ltipla;Reta;Sim;4;0;4;0;0;0;4;2;-27,589675;-48,609623;SPRF-SC;DEL01-SC;UOP01-DEL01-SC;;;
686737;22/04/2025;ter�a-feira;16:30:00;RS;287;249,2;SANTA MARIA;Desrespeitar a prefer�ncia no cruzamento;Colis�o transversal;Com V�timas Feridas;Pleno dia;Crescente;C�u Claro;Dupla;"Interse��o de Vias;Reta;Rotat�ria";Sim;2;0;1;0;1;0;1;2;-29,694803;-53,858455;SPRF-RS;DEL09-RS;UOP01-DEL09-RS;;;
686738;22/04/2025;ter�a-feira;15:55:00;RJ;40;48,4;PETROPOLIS;Velocidade Incompat�vel;Colis�o com objeto;Com V�timas Feridas;Pleno dia;Decrescente;Nublado;M�ltipla;Curva;N�o;1;0;0;1;0;0;1;1;-22,28251145;-43,11928962;SPRF-RJ;DEL05-RJ;UOP02-DEL05-RJ;;;
686739;22/04/2025;ter�a-feira;15:30:00;MS;376;103;IVINHEMA;Rea��o tardia ou ineficiente do condutor;Tombamento;Com V�timas Feridas;Pleno dia;Crescente;C�u Claro;Simples;Reta;N�o;2;0;2;0;0;0;2;1;-22,295719;-53,952814;SPRF-MS;DEL04-MS;UOP04-DEL04-MS;;;
686740;22/04/2025;ter�a-feira;16:55:00;RS;470;220,8;GARIBALDI;Desrespeitar a prefer�ncia no cruzamento;Colis�o transversal;Sem V�timas;Pleno dia;Crescente;C�u Claro;Simples;"Interse��o de Vias;Reta;Declive";N�o;4;0;0;0;4;0;0;2;-29,20318998;-51,51804006;SPRF-RS;DEL06-RS;UOP01-DEL06-RS;;;
686741;22/04/2025;ter�a-feira;15:30:00;RJ;40;105;DUQUE DE CAXIAS;Aus�ncia de rea��o do condutor;Colis�o com objeto;Com V�timas Feridas;Pleno dia;Decrescente;C�u Claro;Dupla;"Reta;Ponte";Sim;1;0;1;0;0;0;1;1;-22,6721792;-43,2799744;SPRF-RJ;DEL01-RJ;UOP02-DEL01-RJ;;;
686742;22/04/2025;ter�a-feira;17:35:00;TO;153;145;ARAGUAINA;Rea��o tardia ou ineficiente do condutor;Atropelamento de Animal;Com V�timas Feridas;Pleno dia;Decrescente;Nublado;Dupla;Reta;Sim;1;0;1;0;0;0;1;1;-7,216201;-48,245275;SPRF-TO;DEL02-TO;UOP01-DEL02-TO;;;
686745;22/04/2025;ter�a-feira;16:50:00;PR;277;113;CAMPO LARGO;Condutor deixou de manter dist�ncia do ve�culo da frente;Colis�o traseira;Com V�timas Feridas;Pleno dia;Crescente;Nublado;Dupla;"Reta;Aclive";N�o;2;0;1;0;1;0;1;2;-25,433;-49,418;SPRF-PR;DEL03-PR;UOP03-DEL03-PR;;;
686747;22/04/2025;ter�a-feira;17:09:00;ES;101;265;SERRA;Acumulo de areia ou detritos sobre o pavimento;Queda de ocupante de ve�culo;Sem V�timas;Anoitecer;Crescente;C�u Claro;Dupla;Curva;Sim;1;0;0;0;0;1;0;1;-20,1824;-40,2655;SPRF-ES;DEL02-ES;UOP01-DEL02-ES;;;
686748;22/04/2025;ter�a-feira;17:18:00;ES;101;269;SERRA;Aus�ncia de rea��o do condutor;Colis�o traseira;Com V�timas Feridas;Anoitecer;Crescente;Nublado;M�ltipla;Reta;Sim;2;0;1;0;1;0;1;2;-20,21701001;-40,2699101;SPRF-ES;DEL02-ES;UOP01-DEL02-ES;;;
686750;22/04/2025;ter�a-feira;11:59:00;SC;0;0;FLORIANOPOLIS;Manobra de mudan�a de faixa;Colis�o lateral mesmo sentido;Sem V�timas;Pleno dia;N�o Informado;C�u Claro;M�ltipla;Rotat�ria;Sim;3;0;0;0;3;0;0;2;-27,438749;-48,413547;UniPRF;N/A;N/A;;;
686752;22/04/2025;ter�a-feira;18:15:00;RS;116;264;CANOAS;Acesso irregular;Colis�o lateral mesmo sentido;Com V�timas Feridas;Anoitecer;Decrescente;C�u Claro;M�ltipla;Reta;Sim;2;0;1;0;0;1;1;2;-29,91349275;-51,17780966;SPRF-RS;DEL01-RS;UOP01-DEL01-RS;;;
686753;22/04/2025;ter�a-feira;18:00:00;SP;116;148;SAO JOSE DOS CAMPOS;Condutor deixou de manter dist�ncia do ve�culo da frente;Colis�o traseira;Com V�timas Feridas;Plena Noite;Decrescente;Nublado;M�ltipla;Reta;Sim;2;0;0;1;1;0;1;2;-23,20004542;-45,87862729;SPRF-SP;DEL02-SP;UOP01-DEL02-SP;;;
686755;22/04/2025;ter�a-feira;16:40:00;RO;364;345;JI-PARANA;Manobra de mudan�a de faixa;Colis�o lateral mesmo sentido;Sem V�timas;Plena Noite;Crescente;C�u Claro;Dupla;Curva;Sim;7;0;0;0;6;1;0;3;-10,868655;-61,960567;SPRF-RO;DEL02-RO;UOP01-DEL02-RO;;;
686756;22/04/2025;ter�a-feira;12:28:00;PR;487;159,9;ARARUNA;Acessar a via sem observar a presen�a dos outros ve�culos;Colis�o transversal;Com V�timas Feridas;Pleno dia;Decrescente;C�u Claro;Simples;Reta;Sim;3;0;2;0;1;0;2;2;-23,97293328;-52,55644725;SPRF-PR;DEL09-PR;UOP03-DEL09-PR;;;
686759;22/04/2025;ter�a-feira;18:10:00;SC;101;196,1;BIGUACU;Aus�ncia de rea��o do condutor;Atropelamento de Pedestre;Com V�timas Feridas;Plena Noite;Decrescente;C�u Claro;M�ltipla;"Reta;Interse��o de Vias";Sim;2;0;1;0;1;0;1;2;-27,51142;-48,6423;SPRF-SC;DEL01-SC;UOP01-DEL01-SC;;;
686760;22/04/2025;ter�a-feira;16:40:00;RJ;101;398;ITAGUAI;Avarias e/ou desgaste excessivo no pneu;Queda de ocupante de ve�culo;Com V�timas Feridas;Pleno dia;Decrescente;Nublado;Dupla;Reta;N�o;2;0;1;0;1;0;1;1;-22,865035;-43,752279;SPRF-RJ;DEL03-RJ;UOP01-DEL03-RJ;;;
686763;22/04/2025;ter�a-feira;17:55:00;MG;116;122,4;ITAOBIM;Desrespeitar a prefer�ncia no cruzamento;Colis�o frontal;Com V�timas Feridas;Anoitecer;Crescente;C�u Claro;Simples;Reta;N�o;3;0;0;1;2;0;1;2;-16,621875;-41,502088;SPRF-MG;DEL11-MG;UOP02-DEL11-MG;;;
686764;22/04/2025;ter�a-feira;17:58:00;PE;232;135,7;CARUARU;Acesso irregular;Colis�o transversal;Com V�timas Fatais;Plena Noite;Crescente;Nublado;Dupla;"Reta;Declive";N�o;4;1;0;1;1;1;1;3;-8,312918;-36,039798;SPRF-PE;DEL02-PE;UOP01-DEL02-PE;;;
686766;22/04/2025;ter�a-feira;18:58:00;SP;116;141,9;SAO JOSE DOS CAMPOS;Condutor deixou de manter dist�ncia do ve�culo da frente;Engavetamento;Com V�timas Feridas;Plena Noite;Decrescente;Nublado;Dupla;Reta;Sim;5;0;1;0;4;0;1;4;-23,17376923;-45,82823586;SPRF-SP;DEL02-SP;UOP01-DEL02-SP;;;
686767;22/04/2025;ter�a-feira;17:30:00;BA;324;617;SALVADOR;Avarias e/ou desgaste excessivo no pneu;Queda de ocupante de ve�culo;Com V�timas Feridas;Anoitecer;Decrescente;C�u Claro;M�ltipla;Reta;N�o;2;0;2;0;0;0;2;1;-12,8814119;-38,4332289;SPRF-BA;DEL01-BA;UOP01-DEL01-BA;;;
686768;22/04/2025;ter�a-feira;18:40:00;SP;116;444;REGISTRO;Aus�ncia de rea��o do condutor;Colis�o lateral mesmo sentido;Com V�timas Feridas;Plena Noite;Crescente;C�u Claro;M�ltipla;"Reta;Interse��o de Vias";Sim;4;0;1;0;3;0;1;2;-24,5018325;-47,84648895;SPRF-SP;DEL05-SP;UOP01-DEL05-SP;;;
686771;22/04/2025;ter�a-feira;17:05:00;CE;116;10,9;FORTALEZA;Transitar no Acostamento;Colis�o lateral mesmo sentido;Sem V�timas;Anoitecer;Crescente;C�u Claro;M�ltipla;Reta;Sim;3;0;0;0;1;2;0;2;-3,841583;-38,5000363;SPRF-CE;DEL01-CE;UOP02-DEL01-CE;;;
686772;22/04/2025;ter�a-feira;19:40:00;PB;230;28;JOAO PESSOA;Aus�ncia de rea��o do condutor;Colis�o lateral mesmo sentido;Com V�timas Feridas;Plena Noite;Decrescente;C�u Claro;Dupla;Reta;Sim;2;0;1;0;0;1;1;2;-7,166;-34,895;SPRF-PB;DEL01-PB;UOP01-DEL01-PB;;;
686773;22/04/2025;ter�a-feira;19:10:00;PI;343;1,7;TERESINA;Condutor deixou de manter dist�ncia do ve�culo da frente;Colis�o traseira;Com V�timas Feridas;Plena Noite;Decrescente;Nublado;Dupla;Reta;Sim;2;0;1;0;1;0;1;2;-5,081373;-42,764439;SPRF-PI;DEL01-PI;UOP01-DEL01-PI;;;
686774;22/04/2025;ter�a-feira;18:20:00;PR;476;92;BOCAIUVA DO SUL;Convers�o proibida;Colis�o frontal;Com V�timas Feridas;Anoitecer;Crescente;Nublado;Simples;Reta;Sim;2;0;1;0;1;0;1;2;-25,20574595;-49,11456998;SPRF-PR;DEL01-PR;UOP01-DEL01-PR;;;
686776;22/04/2025;ter�a-feira;19:00:00;RN;304;152,7;ANGICOS;Demais falhas mec�nicas ou el�tricas;Sa�da de leito carro��vel;Com V�timas Feridas;Plena Noite;Crescente;C�u Claro;Simples;Reta;N�o;1;0;0;1;0;0;1;1;-5,694183;-36,573687;SPRF-RN;DEL04-RN;UOP01-DEL04-RN;;;
686777;17/04/2025;quinta-feira;23:50:00;SC;116;140,6;SANTA CECILIA;Acessar a via sem observar a presen�a dos outros ve�culos;Colis�o transversal;Com V�timas Feridas;Plena Noite;Crescente;Nublado;Simples;"Reta;Interse��o de Vias;Aclive";Sim;2;0;0;1;1;0;1;2;-26,96822169;-50,40763351;SPRF-SC;DEL06-SC;UOP02-DEL06-SC;;;
686778;22/04/2025;ter�a-feira;18:50:00;SC;101;47;JOINVILLE;Rea��o tardia ou ineficiente do condutor;Colis�o traseira;Com V�timas Feridas;Plena Noite;Crescente;C�u Claro;M�ltipla;"Reta;Declive";N�o;2;0;1;0;1;0;1;2;-26,36085639;-48,85898916;SPRF-SC;DEL03-SC;UOP01-DEL03-SC;;;
686780;22/04/2025;ter�a-feira;19:30:00;GO;60;492;GOIANIA;Rea��o tardia ou ineficiente do condutor;Queda de ocupante de ve�culo;Com V�timas Feridas;Plena Noite;Crescente;C�u Claro;Dupla;Reta;Sim;1;0;1;0;0;0;1;1;-16,638673;-49,206029;SPRF-GO;DEL05-GO;UOP01-DEL05-GO;;;
686781;22/04/2025;ter�a-feira;20:00:00;SP;381;86;SAO PAULO;Pedestre cruzava a pista fora da faixa;Atropelamento de Pedestre;Com V�timas Fatais;Plena Noite;Decrescente;C�u Claro;M�ltipla;"Reta;Aclive";Sim;2;1;0;0;1;0;0;2;-23,46041188;-46,57207489;SPRF-SP;DEL03-SP;UOP01-DEL03-SP;;;
686784;22/04/2025;ter�a-feira;21:15:00;PR;376;143,9;PRESIDENTE CASTELO BRANCO;Rea��o tardia ou ineficiente do condutor;Sa�da de leito carro��vel;Com V�timas Feridas;Plena Noite;Crescente;C�u Claro;Dupla;Reta;N�o;2;0;1;1;0;0;2;1;-23,26199451;-52,16318099;SPRF-PR;DEL09-PR;UOP02-DEL09-PR;;;
686785;22/04/2025;ter�a-feira;21:00:00;PR;277;559;CASCAVEL;Ultrapassagem Indevida;Colis�o frontal;Com V�timas Feridas;Plena Noite;Decrescente;C�u Claro;Simples;Reta;N�o;7;0;5;1;1;0;6;2;-25,0814564;-53,1965347;SPRF-PR;DEL04-PR;UOP04-DEL04-PR;;;
686787;22/04/2025;ter�a-feira;22:10:00;PR;469;12,7;FOZ DO IGUACU;Pista esburacada;Tombamento;Com V�timas Feridas;Plena Noite;Decrescente;Nublado;Simples;"Em Obras;Curva";Sim;2;0;1;1;0;0;2;1;-25,5787846;-54,558155;SPRF-PR;DEL05-PR;UOP04-DEL05-PR;;;
686789;22/04/2025;ter�a-feira;22:15:00;PE;232;79;GRAVATA;Transitar na contram�o;Colis�o frontal;Com V�timas Fatais;Plena Noite;Crescente;C�u Claro;Simples;Reta;Sim;2;1;1;0;0;0;1;2;-8,19465911;-35,56125283;SPRF-PE;DEL02-PE;UOP02-DEL02PE;;;
686790;22/04/2025;ter�a-feira;22:20:00;SP;116;462;PARIQUERA-ACU;Pedestre cruzava a pista fora da faixa;Atropelamento de Pedestre;Com V�timas Fatais;Plena Noite;Crescente;Nublado;Simples;Reta;N�o;7;1;0;0;6;0;0;3;-24,6282541;-47,90163517;SPRF-SP;DEL05-SP;UOP01-DEL05-SP;;;
686791;22/04/2025;ter�a-feira;21:15:00;MS;262;140;AGUA CLARA;Animais na Pista;Atropelamento de Animal;Com V�timas Feridas;Plena Noite;Crescente;C�u Claro;Simples;Reta;N�o;1;0;1;0;0;0;1;1;-20,446017;-52,852986;SPRF-MS;DEL07-MS;UOP02-DEL07-MS;;;
686792;22/04/2025;ter�a-feira;17:30:00;PR;373;242;GUAMIRANGA;Condutor deixou de manter dist�ncia do ve�culo da frente;Colis�o traseira;Sem V�timas;Pleno dia;Decrescente;C�u Claro;Simples;Reta;N�o;2;0;0;0;2;0;0;2;-25,1894436;-50,80051169;SPRF-PR;DEL03-PR;UOP01-DEL03-PR;;;
686793;22/04/2025;ter�a-feira;16:10:00;PI;343;236,1;COCAL DE TELHA;Ultrapassagem Indevida;Colis�o frontal;Com V�timas Fatais;Pleno dia;Crescente;Chuva;Simples;Reta;N�o;3;1;1;0;1;0;1;2;-4,635517;-42,02721387;SPRF-PI;DEL01-PI;UOP03-DEL01-PI;;;
686795;22/04/2025;ter�a-feira;17:00:00;PE;104;28;TORITAMA;Ingest�o de �lcool pelo condutor;Colis�o traseira;Com V�timas Feridas;Anoitecer;Decrescente;C�u Claro;Simples;Reta;Sim;2;0;1;0;1;0;1;2;-8,00535;-36,07891;SPRF-PE;DEL02-PE;UOP01-DEL02-PE;;;
686796;22/04/2025;ter�a-feira;23:00:00;PB;230;23;JOAO PESSOA;Aus�ncia de rea��o do condutor;Tombamento;Com V�timas Feridas;Plena Noite;Crescente;C�u Claro;Dupla;Reta;Sim;2;0;2;0;0;0;2;1;-7,169;-34,865;SPRF-PB;DEL01-PB;UOP01-DEL01-PB;;;
686797;22/04/2025;ter�a-feira;22:00:00;RJ;101;386;RIO DE JANEIRO;Rea��o tardia ou ineficiente do condutor;Colis�o traseira;Com V�timas Feridas;Plena Noite;Crescente;Ignorado;Dupla;Reta;N�o;2;0;1;0;1;0;1;2;-22,88354;-43,643343;SPRF-RJ;DEL03-RJ;UOP01-DEL03-RJ;;;
686798;22/04/2025;ter�a-feira;23:50:00;PA;316;125;BONITO;Aus�ncia de sinaliza��o;Colis�o frontal;Com V�timas Feridas;Plena Noite;Crescente;C�u Claro;Simples;Reta;N�o;2;0;1;0;1;0;1;2;-1,28803847;-47,33459473;SPRF-PA;DEL01-PA;UOP02-DEL01-PA;;;
686799;22/04/2025;ter�a-feira;23:10:00;BA;110;323;ALAGOINHAS;Aus�ncia de rea��o do condutor;Atropelamento de Animal;Com V�timas Feridas;Plena Noite;Crescente;C�u Claro;Simples;Reta;N�o;3;0;2;0;0;1;2;2;-12,10109535;-38,36700439;SPRF-BA;DEL01-BA;UOP04-DEL01-BA;;;
686801;22/04/2025;ter�a-feira;22:30:00;MG;40;660,9;CARANDAI;Velocidade Incompat�vel;Colis�o frontal;Sem V�timas;Plena Noite;Crescente;Chuva;Simples;Curva;N�o;5;0;0;0;5;0;0;2;-20,909171;-43,829127;SPRF-MG;DEL05-MG;UOP02-DEL05-MG;;;
686802;23/04/2025;quarta-feira;01:45:00;RS;116;616,4;ARROIO GRANDE;Animais na Pista;Atropelamento de Animal;Com V�timas Feridas;Plena Noite;Crescente;C�u Claro;Simples;Reta;N�o;3;0;2;0;1;0;2;1;-32,26739425;-53,09280396;SPRF-RS;DEL07-RS;UOP03-DEL07-RS;;;
686803;22/04/2025;ter�a-feira;21:00:00;RO;364;85;VILHENA;Rea��o tardia ou ineficiente do condutor;Capotamento;Com V�timas Feridas;Plena Noite;Crescente;Nublado;Simples;Reta;N�o;3;0;3;0;0;0;3;1;-12,42318299;-60,5909586;SPRF-RO;DEL04-RO;UOP01-DEL04-RO;;;
686804;23/04/2025;quarta-feira;00:07:00;RS;386;230,4;SOLEDADE;Condutor Dormindo;Colis�o frontal;Com V�timas Fatais;Plena Noite;Decrescente;C�u Claro;Simples;Curva;N�o;3;1;0;2;0;0;2;2;-28,71083947;-52,57211208;SPRF-RS;DEL04-RS;UOP03-DEL04-RS;;;
686807;23/04/2025;quarta-feira;02:12:00;RJ;495;2;TERESOPOLIS;Acessar a via sem observar a presen�a dos outros ve�culos;Colis�o transversal;Com V�timas Feridas;Plena Noite;Decrescente;Nublado;Simples;Interse��o de Vias;Sim;2;0;1;0;1;0;1;2;-22,3934862;-42,9870797;SPRF-RJ;DEL04-RJ;UOP01-DEL04-RJ;;;
686811;23/04/2025;quarta-feira;05:40:00;MG;116;277,1;TEOFILO OTONI;Rea��o tardia ou ineficiente do condutor;Colis�o lateral mesmo sentido;Com V�timas Feridas;Amanhecer;Crescente;Nublado;Dupla;Reta;Sim;3;0;1;0;2;0;1;2;-17,861387;-41,515118;SPRF-MG;DEL11-MG;UOP01-DEL11-MG;;;
686812;23/04/2025;quarta-feira;06:00:00;DF;40;8;BRASILIA;Manobra de mudan�a de faixa;Colis�o lateral mesmo sentido;Com V�timas Feridas;Pleno dia;Decrescente;C�u Claro;Dupla;Reta;N�o;2;0;1;0;1;0;1;2;-16,04568;-47,980503;SPRF-DF;DEL01-DF;UOP01-DEL01-DF;;;
686814;23/04/2025;quarta-feira;06:40:00;GO;50;126;IPAMERI;Aus�ncia de rea��o do condutor;Queda de ocupante de ve�culo;Sem V�timas;Amanhecer;Decrescente;C�u Claro;Dupla;Reta;N�o;1;0;0;0;0;1;0;1;-16,9364;-47,7193;SPRF-GO;DEL06-GO;UOP01-DEL06-GO;;;
686816;23/04/2025;quarta-feira;06:20:00;SP;116;215;GUARULHOS;Rea��o tardia ou ineficiente do condutor;Tombamento;Com V�timas Feridas;Pleno dia;Decrescente;C�u Claro;M�ltipla;"Declive;Reta";Sim;1;0;1;0;0;0;1;1;-23,45111202;-46,463171;SPRF-SP;DEL01-SP;UOP01-DEL01-SP;;;
686817;20/04/2025;domingo;20:50:00;SC;101;144;ITAPEMA;Condutor deixou de manter dist�ncia do ve�culo da frente;Colis�o traseira;Sem V�timas;Plena Noite;Decrescente;C�u Claro;Dupla;"Reta;Aclive";N�o;2;0;0;0;2;0;0;2;-27,07624602;-48,59802246;SPRF-SC;DEL04-SC;UOP03-DEL04-SC;;;
686818;23/04/2025;quarta-feira;06:50:00;PB;230;22,7;JOAO PESSOA;Condutor deixou de manter dist�ncia do ve�culo da frente;Colis�o lateral mesmo sentido;Com V�timas Feridas;Pleno dia;Decrescente;Sol;Dupla;Reta;Sim;5;0;3;1;1;0;4;3;-7,156718;-34,857523;SPRF-PB;DEL01-PB;UOP01-DEL01-PB;;;
686819;11/04/2025;sexta-feira;15:40:00;MS;163;38;ELDORADO;Acessar a via sem observar a presen�a dos outros ve�culos;Colis�o transversal;Com V�timas Feridas;Pleno dia;Crescente;C�u Claro;Simples;"Interse��o de Vias;Reta";Sim;3;0;0;2;1;0;2;2;-23,79296301;-54,28441286;SPRF-MS;DEL09-MS;UOP02-DEL09-MS;;;
686820;23/04/2025;quarta-feira;06:15:00;SP;116;215;GUARULHOS;Aus�ncia de rea��o do condutor;Tombamento;Com V�timas Feridas;Pleno dia;Crescente;C�u Claro;M�ltipla;Reta;Sim;2;0;0;1;1;0;1;1;-23,44936692;-46,4602603;SPRF-SP;DEL01-SP;UOP01-DEL01-SP;;;
686821;23/04/2025;quarta-feira;07:05:00;BA;324;605;SIMOES FILHO;Estacionar ou parar em local proibido;Engavetamento;Com V�timas Feridas;Pleno dia;Decrescente;Chuva;Dupla;Reta;Sim;9;0;1;0;7;1;1;4;-12,796665;-38,403923;SPRF-BA;DEL01-BA;UOP01-DEL01-BA;;;
686822;23/04/2025;quarta-feira;07:10:00;DF;20;16,7;BRASILIA;Velocidade Incompat�vel;Colis�o traseira;Com V�timas Feridas;Amanhecer;Decrescente;C�u Claro;Dupla;"Reta;Declive";Sim;3;0;0;1;2;0;1;3;-15,62381521;-47,72011758;SPRF-DF;DEL02-DF;UOP01-DEL02-DF;;;
686823;23/04/2025;quarta-feira;07:10:00;SC;280;128,3;RIO NEGRINHO;Condutor deixou de manter dist�ncia do ve�culo da frente;Colis�o lateral mesmo sentido;Com V�timas Feridas;Pleno dia;Crescente;Nublado;Simples;Reta;Sim;3;0;1;1;1;0;2;2;-26,24419;-49,51609;SPRF-SC;DEL06-SC;UOP03-DEL06-SC;;;
686824;09/04/2025;quarta-feira;07:00:00;DF;20;13;BRASILIA;Rea��o tardia ou ineficiente do condutor;Colis�o lateral mesmo sentido;Com V�timas Feridas;Pleno dia;Decrescente;C�u Claro;M�ltipla;Reta;N�o;3;0;0;2;1;0;2;2;-15,64138644;-47,75585175;SPRF-DF;DEL02-DF;UOP01-DEL02-DF;;;
686825;13/04/2025;domingo;06:15:00;PI;230;306,9;FLORIANO;Aus�ncia de rea��o do condutor;Sa�da de leito carro��vel;Com V�timas Fatais;Pleno dia;Crescente;C�u Claro;Dupla;"Declive;Rotat�ria;Curva";Sim;1;1;0;0;0;0;0;1;-6,7868;-42,993175;SPRF-PI;DEL03-PI;UOP01-DEL03-PI;;;