id;data_inversa;dia_semana;horario;uf;br;km;municipio;causa_acidente;tipo_acidente;classificacao_acidente;fase_dia;sentido_via;condicao_metereologica;tipo_pista;tracado_via;uso_solo;pessoas;mortos;feridos_leves;feridos_graves;ilesos;ignorados;feridos;veiculos;latitude;longitude;regional;delegacia;uop;;;
686826;23/04/2025;quarta-feira;06:50:00;PR;116;124;FAZENDA RIO GRANDE;Manobra de mudan�a de faixa;Colis�o lateral mesmo sentido;Com V�timas Feridas;Pleno dia;Decrescente;C�u Claro;Dupla;Reta;Sim;2;0;1;0;1;0;1;2;-25,62636921;-49,31469846;SPRF-PR;DEL01-PR;UOP03-DEL01-PR;;;
686827;23/04/2025;quarta-feira;07:30:00;RJ;116;184;NOVA IGUACU;Trafegar com motocicleta (ou similar) entre as faixas;Colis�o traseira;Com V�timas Feridas;Amanhecer;Crescente;Sol;M�ltipla;Reta;Sim;3;0;1;0;2;0;1;2;-22,74895533;-43,44234467;SPRF-RJ;DEL06-RJ;UOP01-DEL06-RJ;;;
686828;23/04/2025;quarta-feira;05:20:00;RJ;116;190;NOVA IGUACU;Ilumina��o deficiente;Colis�o traseira;Com V�timas Feridas;Amanhecer;Decrescente;C�u Claro;Dupla;Reta;Sim;2;0;1;0;1;0;1;2;-22,73911471;-43,49475352;SPRF-RJ;DEL06-RJ;UOP01-DEL06-RJ;;;
686831;23/04/2025;quarta-feira;06:00:00;SC;101;265,5;PAULO LOPES;Condutor Dormindo;Sa�da de leito carro��vel;Com V�timas Feridas;Amanhecer;Crescente;C�u Claro;Dupla;Curva;N�o;2;0;2;0;0;0;2;1;-27,96984;-48,679763;SPRF-SC;DEL02-SC;UOP03-DEL02-SC;;;
686832;23/04/2025;quarta-feira;08:10:00;SP;116;229;SAO PAULO;Rea��o tardia ou ineficiente do condutor;Colis�o traseira;Com V�timas Feridas;Pleno dia;Crescente;Nublado;M�ltipla;"Reta;Declive;Em Obras";Sim;4;0;2;0;2;0;2;2;-23,50834633;-46,57213402;SPRF-SP;DEL01-SP;UOP01-DEL01-SP;;;
686833;23/04/2025;quarta-feira;08:01:00;SC;116;247,8;LAGES;Convers�o proibida;Colis�o transversal;Sem V�timas;Pleno dia;Crescente;Nublado;Simples;Reta;Sim;2;0;0;0;2;0;0;2;-27,81719143;-50,37238805;SPRF-SC;DEL05-SC;UOP02-DEL05-SC;;;
686834;23/04/2025;quarta-feira;07:54:00;SC;470;55,7;BLUMENAU;Rea��o tardia ou ineficiente do condutor;Colis�o transversal;Com V�timas Feridas;Pleno dia;Decrescente;C�u Claro;Simples;Reta;Sim;2;0;0;1;1;0;1;2;-26,8764133;-49,12476843;SPRF-SC;DEL04-SC;UOP01-DEL04-SC;;;
686835;23/04/2025;quarta-feira;07:20:00;RJ;101;407;ITAGUAI;Chuva;Queda de ocupante de ve�culo;Com V�timas Feridas;Pleno dia;Crescente;C�u Claro;Dupla;Interse��o de Vias;Sim;1;0;1;0;0;0;1;1;-22,87769207;-43,81856773;SPRF-RJ;DEL03-RJ;UOP01-DEL03-RJ;;;
686837;23/04/2025;quarta-feira;08:40:00;SC;101;131;BALNEARIO CAMBORIU;Condutor deixou de manter dist�ncia do ve�culo da frente;Colis�o traseira;Com V�timas Feridas;Pleno dia;Decrescente;C�u Claro;Dupla;Reta;Sim;2;0;1;0;1;0;1;2;-26,994118;-48,659316;SPRF-SC;DEL04-SC;UOP03-DEL04-SC;;;
686838;23/04/2025;quarta-feira;05:53:00;ES;101;32;SAO MATEUS;Mal s�bito do condutor;Sa�da de leito carro��vel;Com V�timas Feridas;Amanhecer;Decrescente;Nublado;Simples;Interse��o de Vias;N�o;1;0;1;0;0;0;1;1;-18,6489336;-39,8735425;SPRF-ES;DEL04-ES;UOP02-DEL04-ES;;;
686839;23/04/2025;quarta-feira;08:55:00;PB;230;17;JOAO PESSOA;Rea��o tardia ou ineficiente do condutor;Queda de ocupante de ve�culo;Com V�timas Feridas;Pleno dia;Crescente;C�u Claro;Dupla;Reta;N�o;1;0;1;0;0;0;1;1;-7,11814;-34,843902;SPRF-PB;DEL01-PB;UOP01-DEL01-PB;;;
686840;23/04/2025;quarta-feira;08:00:00;RJ;116;147;DUQUE DE CAXIAS;Suic�dio (presumido);Atropelamento de Pedestre;Com V�timas Feridas;Pleno dia;Crescente;C�u Claro;Dupla;Reta;Sim;3;0;1;0;2;0;1;3;-22,67050446;-43,27572584;SPRF-RJ;DEL01-RJ;UOP02-DEL01-RJ;;;
686841;23/04/2025;quarta-feira;09:20:00;ES;101;269,9;SERRA;Entrada inopinada do pedestre;Atropelamento de Pedestre;Com V�timas Feridas;Pleno dia;Crescente;C�u Claro;M�ltipla;Reta;Sim;2;0;0;1;1;0;1;2;-20,0488452;-40,38640393;SPRF-ES;DEL02-ES;UOP01-DEL02-ES;;;
686844;09/03/2025;domingo;21:15:00;MT;364;550;ROSARIO OESTE;Animais na Pista;Atropelamento de Animal;Com V�timas Feridas;Plena Noite;Crescente;C�u Claro;Dupla;Reta;N�o;1;0;1;0;0;0;1;1;-14,789983;-56,396246;SPRF-MT;DEL01-MT;UOP01-DEL01-MT;;;
686845;23/04/2025;quarta-feira;08:30:00;RJ;101;269;RIO BONITO;Rea��o tardia ou ineficiente do condutor;Colis�o traseira;Com V�timas Feridas;Pleno dia;Decrescente;C�u Claro;Dupla;Reta;Sim;4;0;1;0;3;0;1;2;-22,717776;-42,685011;SPRF-RJ;DEL02-RJ;UOP03-DEL02-RJ;;;
686846;23/04/2025;quarta-feira;08:20:00;PI;343;342;TERESINA;Aus�ncia de rea��o do condutor;Colis�o traseira;Com V�timas Feridas;Pleno dia;Decrescente;C�u Claro;Simples;Reta;N�o;2;0;1;0;1;0;1;2;-5,1143924;-42,775767;SPRF-PI;DEL01-PI;UOP01-DEL01-PI;;;
686847;23/04/2025;quarta-feira;09:55:00;PB;101;17;MAMANGUAPE;Aus�ncia de rea��o do condutor;Sa�da de leito carro��vel;Com V�timas Feridas;Pleno dia;Decrescente;C�u Claro;Dupla;"Reta;Aclive";Sim;2;0;0;2;0;0;2;1;-6,6417172;-35,1226233;SPRF-PB;DEL01-PB;UOP03-DEL01-PB;;;
686848;06/03/2025;quinta-feira;10:35:00;AL;424;92;SATUBA;Objeto est�tico sobre o leito carro��vel;Queda de ocupante de ve�culo;Com V�timas Feridas;Pleno dia;Crescente;C�u Claro;Simples;Reta;N�o;1;0;1;0;0;0;1;1;-9,59871908;-35,87841247;SPRF-AL;DEL02-AL;UOP01-DEL02-AL;;;
686849;12/02/2025;quarta-feira;00:30:00;GO;153;509;APARECIDA DE GOIANIA;Aus�ncia de rea��o do condutor;Tombamento;Com V�timas Feridas;Plena Noite;Decrescente;Nublado;Dupla;Reta;Sim;1;0;1;0;0;0;1;1;-16,7888;-49,2379;SPRF-GO;DEL01-GO;UOP03-DEL01-GO;;;
686850;17/04/2025;quinta-feira;23:30:00;MG;365;746;ITUIUTABA;Demais falhas mec�nicas ou el�tricas;Inc�ndio;Sem V�timas;Plena Noite;Crescente;C�u Claro;Simples;Reta;Sim;1;0;0;0;1;0;0;1;-18,94723881;-49,45886994;SPRF-MG;DEL15-MG;UOP03-DEL15-MG;;;
686851;23/04/2025;quarta-feira;08:15:00;MG;116;540,7;SANTA RITA DE MINAS;Rea��o tardia ou ineficiente do condutor;Sa�da de leito carro��vel;Com V�timas Feridas;Pleno dia;Crescente;Nublado;Simples;Reta;N�o;2;0;2;0;0;0;2;1;-19,897893;-42,133616;SPRF-MG;DEL06-MG;UOP02-DEL06-MG;;;
686852;23/04/2025;quarta-feira;09:50:00;RJ;116;9;SEROPEDICA;Rea��o tardia ou ineficiente do condutor;Colis�o traseira;Com V�timas Feridas;Pleno dia;Crescente;Nublado;Simples;Reta;N�o;2;0;1;0;1;0;1;2;-22,7146721;-43,721425;SPRF-RJ;DEL05-RJ;UOP01-DEL05-RJ;;;
686859;23/04/2025;quarta-feira;10:20:00;PR;376;178,3;MARINGA;Ingest�o de �lcool pelo condutor;Colis�o lateral mesmo sentido;Com V�timas Feridas;Pleno dia;Decrescente;C�u Claro;Dupla;Interse��o de Vias;Sim;3;0;2;0;1;0;2;2;-23,4173372;-51,9180836;SPRF-PR;DEL09-PR;UOP01-DEL09-PR;;;
686861;23/04/2025;quarta-feira;12:00:00;TO;153;704;CARIRI DO TOCANTINS;Condutor deixou de manter dist�ncia do ve�culo da frente;Colis�o traseira;Com V�timas Feridas;Pleno dia;Crescente;C�u Claro;Simples;"Declive;Curva";N�o;2;0;1;0;1;0;1;2;-11,96992238;-49,20311809;SPRF-TO;DEL01-TO;UOP02-DEL01-TO;;;
686862;23/04/2025;quarta-feira;06:45:00;BA;101;468;URUCUCA;Chuva;Sa�da de leito carro��vel;Com V�timas Feridas;Amanhecer;Crescente;Chuva;Simples;Curva;N�o;3;0;2;1;0;0;3;1;-14,508242;-39,33243;SPRF-BA;DEL05-BA;UOP01-DEL05-BA;;;
686863;23/04/2025;quarta-feira;11:45:00;SC;470;89,5;ASCURRA;Acessar a via sem observar a presen�a dos outros ve�culos;Colis�o transversal;Com V�timas Feridas;Pleno dia;Decrescente;C�u Claro;Simples;Reta;Sim;2;0;1;0;1;0;1;2;-26,96541939;-49,36892001;SPRF-SC;DEL04-SC;UOP01-DEL04-SC;;;
686870;31/03/2025;segunda-feira;07:50:00;RJ;40;107;DUQUE DE CAXIAS;Rea��o tardia ou ineficiente do condutor;Colis�o traseira;Com V�timas Feridas;Pleno dia;Crescente;C�u Claro;Dupla;Reta;Sim;5;0;3;0;0;2;3;3;-22,65920883;-43,28423239;SPRF-RJ;DEL01-RJ;UOP02-DEL01-RJ;;;
686872;23/04/2025;quarta-feira;08:00:00;MG;116;703,9;MURIAE;Acessar a via sem observar a presen�a dos outros ve�culos;Colis�o transversal;Com V�timas Feridas;Pleno dia;Crescente;Nublado;Simples;"Interse��o de Vias;Curva";Sim;2;0;1;0;1;0;1;2;-21,136966;-42,3866592;SPRF-MG;DEL07-MG;UOP02-DEL07-MG;;;
686873;23/04/2025;quarta-feira;12:45:00;PR;369;232;JANDAIA DO SUL;Rea��o tardia ou ineficiente do condutor;Colis�o traseira;Com V�timas Feridas;Pleno dia;Crescente;C�u Claro;Simples;"Reta;Aclive";N�o;3;0;1;0;2;0;1;3;-23,61311158;-51,6665656;SPRF-PR;DEL09-PR;UOP01-DEL09-PR;;;
686874;23/04/2025;quarta-feira;13:40:00;SC;101;208,1;SAO JOSE;Demais falhas mec�nicas ou el�tricas;Colis�o traseira;Com V�timas Feridas;Pleno dia;Crescente;C�u Claro;Dupla;"Reta;Aclive;Interse��o de Vias";Sim;2;0;1;0;1;0;1;2;-27,6039;-48,633;SPRF-SC;DEL01-SC;UOP01-DEL01-SC;;;
686879;28/02/2025;sexta-feira;11:30:00;MG;116;788,8;LEOPOLDINA;Demais falhas mec�nicas ou el�tricas;Inc�ndio;Sem V�timas;Pleno dia;Decrescente;C�u Claro;Simples;Reta;N�o;1;0;0;0;1;0;0;1;-21,6248777;-42,69630432;SPRF-MG;DEL07-MG;UOP01-DEL07-MG;;;
686881;23/04/2025;quarta-feira;13:30:00;PE;101;189;PALMARES;Acessar a via sem observar a presen�a dos outros ve�culos;Colis�o lateral mesmo sentido;Sem V�timas;Pleno dia;Crescente;C�u Claro;Dupla;Curva;N�o;2;0;0;0;2;0;0;2;-8,691728;-35,6086677;SPRF-PE;DEL01-PE;UOP03-DEL01-PE;;;
686882;23/04/2025;quarta-feira;14:00:00;MT;364;273;JACIARA;Acessar a via sem observar a presen�a dos outros ve�culos;Colis�o frontal;Com V�timas Feridas;Pleno dia;Decrescente;Nublado;Simples;Reta;Sim;2;0;0;1;1;0;1;2;-15,956213;-54,97473;SPRF-MT;DEL05-MT;UOP02-DEL05-MT;;;
686884;23/04/2025;quarta-feira;14:48:00;PE;101;68,5;RECIFE;Rea��o tardia ou ineficiente do condutor;Colis�o traseira;Com V�timas Feridas;Pleno dia;Decrescente;Nublado;M�ltipla;Reta;Sim;3;0;1;0;2;0;1;3;-8,055385;-34,946305;SPRF-PE;DEL01-PE;UOP01-DEL01-PE;;;
686886;19/04/2025;s�bado;17:00:00;RJ;101;576;PARATY;Acessar a via sem observar a presen�a dos outros ve�culos;Colis�o transversal;Com V�timas Feridas;Pleno dia;Decrescente;C�u Claro;Simples;Reta;Sim;2;0;1;0;1;0;1;2;-23,21036;-44,73017;SPRF-RJ;DEL03-RJ;UOP04-DEL03-RJ;;;
686888;23/04/2025;quarta-feira;13:40:00;PI;343;503,2;AMARANTE;Velocidade Incompat�vel;Colis�o com objeto;Com V�timas Feridas;Pleno dia;Crescente;Sol;Simples;Curva;N�o;3;0;1;0;2;0;1;1;-6,2561376;-42,84315741;SPRF-PI;DEL03-PI;UOP01-DEL03-PI;;;
686890;23/04/2025;quarta-feira;14:30:00;RJ;101;480;ANGRA DOS REIS;Condutor deixou de manter dist�ncia do ve�culo da frente;Colis�o traseira;Com V�timas Feridas;Pleno dia;Decrescente;Nublado;Simples;Reta;Sim;2;0;2;0;0;0;2;2;-23,01218754;-44,29105377;SPRF-RJ;DEL03-RJ;UOP03-DEL03-RJ;;;
686891;26/03/2025;quarta-feira;12:20:00;BA;101;262;SANTO ANTONIO DE JESUS;Acessar a via sem observar a presen�a dos outros ve�culos;Colis�o transversal;Com V�timas Feridas;Pleno dia;Crescente;Ignorado;Simples;Reta;Sim;1;0;1;0;0;0;1;1;-12,964487;-39,272055;SPRF-BA;DEL01-BA;UOP02-DEL01-BA;;;
686893;23/04/2025;quarta-feira;14:00:00;AL;316;83;SANTANA DO IPANEMA;�rea urbana sem a presen�a de local apropriado para a travessia de pedestres;Atropelamento de Pedestre;Com V�timas Feridas;Pleno dia;Crescente;C�u Claro;Simples;"Reta;Aclive";N�o;2;0;0;1;0;1;1;2;-9,36672;-37,25309;SPRF-AL;DEL03-AL;UOP02-DEL03-AL;;;
686894;23/04/2025;quarta-feira;13:50:00;SC;282;0,5;FLORIANOPOLIS;Condutor deixou de manter dist�ncia do ve�culo da frente;Colis�o traseira;Com V�timas Feridas;Pleno dia;Decrescente;C�u Claro;Simples;Reta;N�o;2;0;1;0;1;0;1;2;-27,59903265;-48,57411258;SPRF-SC;DEL01-SC;UOP01-DEL01-SC;;;
686896;23/04/2025;quarta-feira;14:44:00;PA;10;16,5;DOM ELISEU;Acessar a via sem observar a presen�a dos outros ve�culos;Colis�o transversal;Com V�timas Feridas;Pleno dia;Crescente;C�u Claro;Simples;Reta;Sim;3;0;0;2;1;0;2;2;-4,305803;-47,555443;SPRF-PA;DEL02-PA;UOP02-DEL02-PA;;;
686898;23/04/2025;quarta-feira;13:00:00;PI;135;328;SANTA LUZ;Aus�ncia de rea��o do condutor;Colis�o transversal;Com V�timas Fatais;Pleno dia;Decrescente;C�u Claro;Simples;Reta;Sim;2;1;0;0;0;1;0;2;-8,91227685;-44,24799132;SPRF-PI;DEL03-PI;UOP02-DEL03-PI;;;
686899;23/04/2025;quarta-feira;16:35:00;RS;116;247;SAO LEOPOLDO;Manobra de mudan�a de faixa;Colis�o lateral mesmo sentido;Com V�timas Feridas;Pleno dia;Decrescente;Nublado;M�ltipla;Reta;Sim;2;0;1;0;1;0;1;2;-29,76741602;-51,15358871;SPRF-RS;DEL01-RS;UOP02-DEL01-RS;;;
686900;23/04/2025;quarta-feira;15:30:00;MG;50;147;UBERABA;Aus�ncia de rea��o do condutor;Tombamento;Com V�timas Feridas;Pleno dia;Decrescente;Chuva;Dupla;Aclive;N�o;1;0;0;1;0;0;1;1;-19,564347;-48,033512;SPRF-MG;DEL13-MG;UOP01-DEL13-MG;;;
686902;23/04/2025;quarta-feira;16:11:00;PB;230;158,3;CAMPINA GRANDE;Avarias e/ou desgaste excessivo no pneu;Queda de ocupante de ve�culo;Com V�timas Feridas;Pleno dia;Decrescente;C�u Claro;Simples;"Reta;Em Obras";Sim;1;0;1;0;0;0;1;1;-7,255783;-35,929547;SPRF-PB;DEL02-PB;UOP01-DEL02-PB;;;
686903;23/04/2025;quarta-feira;16:50:00;BA;367;83,4;EUNAPOLIS;Aus�ncia de rea��o do condutor;Colis�o transversal;Com V�timas Feridas;Pleno dia;Decrescente;C�u Claro;Simples;"Interse��o de Vias;Reta;Declive";Sim;2;0;1;0;1;0;1;2;-16,37306677;-39,57266808;SPRF-BA;DEL09-BA;UOP03-DEL09-BA;;;
686904;23/04/2025;quarta-feira;16:50:00;PR;277;721;FOZ DO IGUACU;Manobra de mudan�a de faixa;Colis�o lateral mesmo sentido;Com V�timas Feridas;Pleno dia;Decrescente;C�u Claro;Dupla;"Reta;Retorno Regulamentado";Sim;2;0;1;0;1;0;1;2;-25,48777424;-54,50336695;SPRF-PR;DEL05-PR;UOP03-DEL05-PR;;;
686905;23/04/2025;quarta-feira;16:45:00;PB;104;133,2;QUEIMADAS;Condutor deixou de manter dist�ncia do ve�culo da frente;Colis�o lateral mesmo sentido;Com V�timas Feridas;Pleno dia;Decrescente;Nublado;Simples;Reta;Sim;3;0;1;0;2;0;1;2;-7,303333;-35,892587;SPRF-PB;DEL02-PB;UOP03-DEL02-PB;;;
686909;23/04/2025;quarta-feira;14:50:00;PR;153;519;GENERAL CARNEIRO;Pista Escorregadia;Queda de ocupante de ve�culo;Com V�timas Feridas;Pleno dia;Decrescente;C�u Claro;Simples;Curva;N�o;2;0;2;0;0;0;2;1;-26,5620633;-51,44328833;SPRF-PR;DEL02-PR;UOP03-DEL02-PR;;;
686911;23/04/2025;quarta-feira;17:00:00;PR;153;1;JACAREZINHO;Aus�ncia de rea��o do condutor;Tombamento;Com V�timas Feridas;Pleno dia;Decrescente;C�u Claro;Simples;Reta;N�o;1;0;0;1;0;0;1;1;-23,009351;-49,906467;SPRF-PR;DEL07-PR;UOP04-DEL07-PR;;;
686912;23/04/2025;quarta-feira;17:20:00;SC;116;246,1;LAGES;Convers�o proibida;Colis�o transversal;Com V�timas Feridas;Pleno dia;Crescente;C�u Claro;Simples;Reta;Sim;3;0;2;1;0;0;3;2;-27,757222;-50,333333;SPRF-SC;DEL05-SC;UOP02-DEL05-SC;;;
686913;23/04/2025;quarta-feira;17:00:00;MG;381;528;BRUMADINHO;Aus�ncia de rea��o do condutor;Queda de ocupante de ve�culo;Com V�timas Feridas;Pleno dia;Crescente;Nublado;Dupla;Curva;N�o;1;0;1;0;0;0;1;1;-20,15357089;-44,32629776;SPRF-MG;DEL04-MG;UOP03-DEL04-MG;;;
686915;23/04/2025;quarta-feira;16:20:00;PR;277;172;PALMEIRA;Acessar a via sem observar a presen�a dos outros ve�culos;Colis�o transversal;Com V�timas Feridas;Pleno dia;Decrescente;Nublado;Simples;"Retorno Regulamentado;Interse��o de Vias;Reta";N�o;2;0;2;0;0;0;2;2;-25,44490223;-49,95910406;SPRF-PR;DEL08-PR;UOP02-DEL08-PR;;;
686916;23/04/2025;quarta-feira;18:00:00;RS;116;246;SAO LEOPOLDO;Manobra de mudan�a de faixa;Colis�o lateral mesmo sentido;Com V�timas Feridas;Anoitecer;Crescente;C�u Claro;M�ltipla;"Reta;Em Obras";Sim;2;0;1;0;1;0;1;2;-29,7365736;-51,1504271;SPRF-RS;DEL01-RS;UOP02-DEL01-RS;;;
686917;23/04/2025;quarta-feira;16:40:00;RJ;101;492,8;ANGRA DOS REIS;Demais falhas mec�nicas ou el�tricas;Tombamento;Com V�timas Feridas;Anoitecer;Decrescente;Nublado;Simples;Curva;N�o;2;0;1;0;1;0;1;1;-22,94465787;-44,32905556;SPRF-RJ;DEL03-RJ;UOP03-DEL03-RJ;;;
686918;23/04/2025;quarta-feira;13:50:00;PA;163;976;SANTAREM;Aus�ncia de rea��o do condutor;Sa�da de leito carro��vel;Sem V�timas;Pleno dia;Decrescente;C�u Claro;Simples;Reta;N�o;1;0;0;0;0;1;0;1;-2,64157637;-54,77821782;SPRF-PA;DEL05-PA;UOP01-DEL05-PA;;;
686919;23/04/2025;quarta-feira;17:40:00;MG;50;163;UBERABA;Aus�ncia de rea��o do condutor;Colis�o lateral mesmo sentido;Com V�timas Feridas;Anoitecer;Decrescente;Chuva;Dupla;Declive;N�o;4;0;2;0;2;0;2;2;-19,655055;-48,004198;SPRF-MG;DEL13-MG;UOP01-DEL13-MG;;;
686920;23/04/2025;quarta-feira;18:20:00;SP;153;73,8;SAO JOSE DO RIO PRETO;Avarias e/ou desgaste excessivo no pneu;Tombamento;Com V�timas Feridas;Plena Noite;Crescente;C�u Claro;Dupla;Reta;N�o;2;0;1;0;1;0;1;1;-20,886275;-49,427466;SPRF-SP;DEL09-SP;UOP01-DEL09-SP;;;
686922;23/04/2025;quarta-feira;04:00:00;AM;319;365;BERURI;Pista Escorregadia;Sa�da de leito carro��vel;Sem V�timas;Plena Noite;Decrescente;Garoa/Chuvisco;Simples;"Reta;Declive";N�o;3;0;0;0;1;2;0;2;-5,322156;-62,010748;SPRF-AM;DEL01-AM;UOP04-DEL01-AM;;;
686923;23/04/2025;quarta-feira;18:30:00;MG;40;346,8;FELIXLANDIA;Demais falhas na via;Queda de ocupante de ve�culo;Com V�timas Feridas;Anoitecer;Decrescente;C�u Claro;Simples;Reta;N�o;2;0;2;0;0;0;2;1;-18,70578812;-44,95819382;SPRF-MG;DEL02-MG;UOP01-DEL02-MG;;;
686924;23/04/2025;quarta-feira;17:00:00;MG;50;157;UBERABA;Acumulo de �gua sobre o pavimento;Sa�da de leito carro��vel;Com V�timas Feridas;Pleno dia;Crescente;Chuva;Dupla;Reta;N�o;1;0;0;1;0;0;1;1;-19,759104;-47,8838784;SPRF-MG;DEL13-MG;UOP01-DEL13-MG;;;
686926;23/04/2025;quarta-feira;15:30:00;SC;470;7;NAVEGANTES;Rea��o tardia ou ineficiente do condutor;Tombamento;Com V�timas Feridas;Pleno dia;Crescente;C�u Claro;Simples;Interse��o de Vias;Sim;1;0;1;0;0;0;1;1;-26,84211704;-48,71534228;SPRF-SC;DEL04-SC;UOP04-DEL04-SC;;;
686927;23/04/2025;quarta-feira;18:45:00;ES;101;311,9;VILA VELHA;Acessar a via sem observar a presen�a dos outros ve�culos;Atropelamento de Pedestre;Com V�timas Fatais;Plena Noite;Crescente;C�u Claro;Dupla;Reta;N�o;2;1;0;0;1;0;0;2;-20,443068;-40,46019;SPRF-ES;DEL01-ES;UOP01-DEL01-ES;;;
686928;23/04/2025;quarta-feira;18:30:00;BA;101;505;ITABUNA;Pedestre cruzava a pista fora da faixa;Atropelamento de Pedestre;Com V�timas Feridas;Plena Noite;Crescente;Garoa/Chuvisco;Simples;Reta;Sim;2;0;1;0;1;0;1;2;-14,787353;-39,290456;SPRF-BA;DEL05-BA;UOP01-DEL05-BA;;;
686929;23/04/2025;quarta-feira;18:40:00;MG;381;3;BETIM;Transitar na contram�o;Colis�o frontal;Com V�timas Feridas;Plena Noite;Decrescente;C�u Claro;Dupla;Reta;N�o;2;0;1;0;1;0;1;2;-19,98346128;-44,16481443;SPRF-MG;DEL01-MG;UOP03-DEL01-MG;;;
686930;23/04/2025;quarta-feira;11:38:00;PE;232;509;SALGUEIRO;Condutor deixou de manter dist�ncia do ve�culo da frente;Colis�o traseira;Com V�timas Feridas;Pleno dia;Crescente;C�u Claro;Simples;Reta;N�o;3;0;2;0;1;0;2;2;-8,0655887;-39,1318262;SPRF-PE;DEL05-PE;UOP01-DEL05-PE;;;
686931;23/04/2025;quarta-feira;18:40:00;RS;392;51,8;RIO GRANDE;Rea��o tardia ou ineficiente do condutor;Tombamento;Com V�timas Feridas;Plena Noite;Crescente;C�u Claro;Dupla;Reta;N�o;1;0;1;0;0;0;1;1;-31,85797895;-52,32408017;SPRF-RS;DEL07-RS;UOP02-DEL07-RS;;;
686932;23/04/2025;quarta-feira;19:00:00;ES;101;263,1;SERRA;Demais falhas mec�nicas ou el�tricas;Eventos at�picos;Com V�timas Feridas;Plena Noite;Crescente;Nublado;Dupla;Reta;Sim;1;0;1;0;0;0;1;1;-20,12509291;-40,34179688;SPRF-ES;DEL02-ES;UOP01-DEL02-ES;;;
686933;23/04/2025;quarta-feira;18:48:00;CE;116;2;FORTALEZA;Trafegar com motocicleta (ou similar) entre as faixas;Colis�o traseira;Com V�timas Feridas;Plena Noite;Crescente;C�u Claro;M�ltipla;Reta;Sim;2;0;1;0;0;1;1;2;-3,7638436;-38,5180433;SPRF-CE;DEL01-CE;UOP02-DEL01-CE;;;
686934;23/04/2025;quarta-feira;18:10:00;MS;262;348,2;CAMPO GRANDE;Aus�ncia de rea��o do condutor;Tombamento;Com V�timas Feridas;Anoitecer;Crescente;Garoa/Chuvisco;Simples;Reta;N�o;1;0;1;0;0;0;1;1;-20,56338;-54,61498;SPRF-MS;DEL01-MS;UOP03-DEL01-MS;;;
686935;23/04/2025;quarta-feira;17:50:00;RJ;116;265;VOLTA REDONDA;Aus�ncia de rea��o do condutor;Colis�o com objeto;Com V�timas Feridas;Plena Noite;Decrescente;Nublado;Dupla;"Reta;Aclive";N�o;1;0;1;0;0;0;1;1;-22,58766568;-44,08693433;SPRF-RJ;DEL07-RJ;UOP02-DEL07-RJ;;;
686936;23/04/2025;quarta-feira;18:40:00;PE;232;12,3;JABOATAO DOS GUARARAPES;Manobra de mudan�a de faixa;Sa�da de leito carro��vel;Com V�timas Feridas;Plena Noite;Crescente;C�u Claro;Dupla;Reta;N�o;1;0;0;1;0;0;1;1;-8,086617;-35,006507;SPRF-PE;DEL01-PE;UOP01-DEL01-PE;;;
686937;23/04/2025;quarta-feira;18:40:00;SC;101;202,3;SAO JOSE;Condutor deixou de manter dist�ncia do ve�culo da frente;Colis�o lateral mesmo sentido;Com V�timas Feridas;Plena Noite;Decrescente;C�u Claro;Dupla;Reta;Sim;2;0;1;0;1;0;1;2;-27,55993;-48,617093;SPRF-SC;DEL01-SC;UOP01-DEL01-SC;;;
686938;23/04/2025;quarta-feira;17:30:00;CE;304;42;ARACATI;Manobra de mudan�a de faixa;Colis�o frontal;Com V�timas Fatais;Anoitecer;Crescente;C�u Claro;Simples;Reta;N�o;3;2;1;0;0;0;1;2;-4,61595077;-37,75425771;SPRF-CE;DEL03-CE;UOP02-DEL03-CE;;;
686939;23/04/2025;quarta-feira;17:30:00;SP;116;65,6;GUARATINGUETA;Aus�ncia de rea��o do condutor;Colis�o traseira;Com V�timas Feridas;Pleno dia;Decrescente;C�u Claro;Dupla;Curva;N�o;3;0;0;1;1;1;1;3;-22,8239549;-45,18987656;SPRF-SP;DEL08-SP;UOP01-DEL08-SP;;;
686941;23/04/2025;quarta-feira;18:30:00;PR;277;593,4;CASCAVEL;Condutor deixou de manter dist�ncia do ve�culo da frente;Engavetamento;Com V�timas Feridas;Plena Noite;Decrescente;Nublado;Simples;Reta;Sim;7;0;3;0;4;0;3;3;-24,98034;-53,48599;SPRF-PR;DEL04-PR;UOP01-DEL04-PR;;;
686943;23/04/2025;quarta-feira;18:25:00;AL;316;216,5;MARIBONDO;Transitar na contram�o;Colis�o frontal;Com V�timas Fatais;Plena Noite;Crescente;C�u Claro;Simples;Reta;N�o;3;1;0;1;1;0;1;2;-9,52389853;-36,23565674;SPRF-AL;DEL01-AL;UOP01-DEL01-AL;;;
686944;23/04/2025;quarta-feira;19:38:00;RS;158;331;SANTA MARIA;Acessar a via sem observar a presen�a dos outros ve�culos;Colis�o transversal;Com V�timas Feridas;Plena Noite;Crescente;C�u Claro;Simples;Rotat�ria;Sim;2;0;1;0;1;0;1;2;-29,70728845;-53,85223389;SPRF-RS;DEL09-RS;UOP01-DEL09-RS;;;