id;data_inversa;dia_semana;horario;uf;br;km;municipio;causa_acidente;tipo_acidente;classificacao_acidente;fase_dia;sentido_via;condicao_metereologica;tipo_pista;tracado_via;uso_solo;pessoas;mortos;feridos_leves;feridos_graves;ilesos;ignorados;feridos;veiculos;latitude;longitude;regional;delegacia;uop;;;
686946;23/04/2025;quarta-feira;20:00:00;RJ;116;184;NOVA IGUACU;Condutor deixou de manter dist�ncia do ve�culo da frente;Colis�o traseira;Com V�timas Feridas;Plena Noite;Crescente;C�u Claro;M�ltipla;Reta;Sim;5;0;2;0;3;0;2;3;-22,76098617;-43,42483521;SPRF-RJ;DEL06-RJ;UOP01-DEL06-RJ;;;
686947;23/04/2025;quarta-feira;19:50:00;RJ;116;172;SAO JOAO DE MERITI;Ultrapassagem Indevida;Tombamento;Com V�timas Feridas;Plena Noite;Crescente;C�u Claro;M�ltipla;Reta;Sim;2;0;1;1;0;0;2;1;-22,79856489;-43,35638221;SPRF-RJ;DEL06-RJ;UOP01-DEL06-RJ;;;
686948;23/04/2025;quarta-feira;18:50:00;RS;116;334;BARRA DO RIBEIRO;Aus�ncia de sinaliza��o;Sa�da de leito carro��vel;Com V�timas Feridas;Plena Noite;Crescente;C�u Claro;Dupla;"Reta;Retorno Regulamentado";N�o;4;0;1;0;3;0;1;1;-30,420832;-51,46523;SPRF-RS;DEL02-RS;UOP02-DEL02-RS;;;
686949;23/04/2025;quarta-feira;17:40:00;MG;116;607;SAO JOAO DO MANHUACU;Acessar a via sem observar a presen�a dos outros ve�culos;Colis�o transversal;Com V�timas Feridas;Anoitecer;Decrescente;C�u Claro;Simples;"Interse��o de Vias;Reta";Sim;2;0;1;0;1;0;1;2;-20,39688408;-42,14883327;SPRF-MG;DEL06-MG;UOP03-DEL06-MG;;;
686951;23/04/2025;quarta-feira;20:20:00;RS;116;233,3;NOVO HAMBURGO;Rea��o tardia ou ineficiente do condutor;Tombamento;Com V�timas Feridas;Plena Noite;Decrescente;Nublado;Simples;Reta;Sim;1;0;1;0;0;0;1;1;-29,64531844;-51,1433208;SPRF-RS;DEL01-RS;UOP02-DEL01-RS;;;
686952;23/04/2025;quarta-feira;19:50:00;RJ;393;142,2;SAPUCAIA;Rea��o tardia ou ineficiente do condutor;Colis�o traseira;Com V�timas Feridas;Plena Noite;Decrescente;Nublado;Simples;Reta;Sim;2;0;1;0;1;0;1;2;-22,0378611;-42,9894167;SPRF-RJ;DEL05-RJ;UOP01-DEL05-RJ;;;
686953;23/04/2025;quarta-feira;21:00:00;SC;101;40,4;JOINVILLE;Aus�ncia de rea��o do condutor;Queda de ocupante de ve�culo;Com V�timas Feridas;Plena Noite;Crescente;C�u Claro;Dupla;"Reta;Aclive";Sim;2;0;2;0;0;0;2;1;-26,30603419;-48,88083458;SPRF-SC;DEL03-SC;UOP01-DEL03-SC;;;
686955;23/04/2025;quarta-feira;20:02:00;SP;116;60,1;GUARATINGUETA;Condutor deixou de manter dist�ncia do ve�culo da frente;Colis�o traseira;Sem V�timas;Plena Noite;Crescente;C�u Claro;Dupla;Reta;N�o;2;0;0;0;1;1;0;2;-22,7907586;-45,16167283;SPRF-SP;DEL08-SP;UOP01-DEL08-SP;;;
686956;23/04/2025;quarta-feira;20:30:00;RJ;40;6;COMENDADOR LEVY GASPARIAN;Acessar a via sem observar a presen�a dos outros ve�culos;Colis�o lateral mesmo sentido;Com V�timas Feridas;Plena Noite;Decrescente;C�u Claro;Dupla;Reta;N�o;2;0;1;0;1;0;1;2;-22,02651103;-43,23121577;SPRF-RJ;DEL05-RJ;UOP02-DEL05-RJ;;;
686957;23/04/2025;quarta-feira;20:40:00;MG;381;487;BETIM;Aus�ncia de rea��o do condutor;Tombamento;Com V�timas Feridas;Plena Noite;Decrescente;C�u Claro;M�ltipla;Curva;Sim;1;0;1;0;0;0;1;1;-19,95781941;-44,12027836;SPRF-MG;DEL01-MG;UOP03-DEL01-MG;;;
686959;23/04/2025;quarta-feira;20:15:00;RJ;116;136;MAGE;Rea��o tardia ou ineficiente do condutor;Colis�o com objeto;Sem V�timas;Plena Noite;Crescente;Nublado;Dupla;Reta;N�o;2;0;0;0;1;1;0;2;-22,650068;-43,172039;SPRF-RJ;DEL04-RJ;UOP02-DEL04-RJ;;;
686960;23/04/2025;quarta-feira;20:05:00;BA;116;28,9;VITORIA DA CONQUISTA;Velocidade Incompat�vel;Capotamento;Com V�timas Feridas;Plena Noite;Decrescente;Chuva;Simples;"Reta;Aclive";N�o;1;0;1;0;0;0;1;1;-14,834973;-40,822612;SPRF-BA;DEL08-BA;UOP01-DEL08-BA;;;
686962;23/04/2025;quarta-feira;21:40:00;PI;316;27;DEMERVAL LOBAO;Animais na Pista;Atropelamento de Animal;Com V�timas Feridas;Plena Noite;Crescente;Nublado;M�ltipla;"Reta;Aclive";N�o;1;0;0;1;0;0;1;1;-5,318543;-42,700845;SPRF-PI;DEL01-PI;UOP02-DEL01-PI;;;
686963;23/04/2025;quarta-feira;21:40:00;RJ;40;51;PETROPOLIS;Rea��o tardia ou ineficiente do condutor;Colis�o com objeto;Com V�timas Feridas;Plena Noite;Decrescente;C�u Claro;Dupla;Reta;N�o;1;0;1;0;0;0;1;1;-22,28224;-43,1259648;SPRF-RJ;DEL05-RJ;UOP02-DEL05-RJ;;;
686964;23/04/2025;quarta-feira;23:20:00;AP;210;3;MACAPA;Aus�ncia de rea��o do condutor;Colis�o traseira;Com V�timas Feridas;Plena Noite;Decrescente;Garoa/Chuvisco;Dupla;Reta;Sim;2;0;0;1;1;0;1;2;0,08802;-51,094346;SPRF-AP;DEL01-AP;UOP01-DEL01-AP;;;
686966;23/04/2025;quarta-feira;23:45:00;PR;116;128;FAZENDA RIO GRANDE;Rea��o tardia ou ineficiente do condutor;Capotamento;Com V�timas Feridas;Plena Noite;Crescente;C�u Claro;Dupla;"Reta;Aclive";Sim;2;0;2;0;0;0;2;1;-25,66180645;-49,31331094;SPRF-PR;DEL01-PR;UOP03-DEL01-PR;;;
686968;24/04/2025;quinta-feira;00:45:00;SC;101;187,7;BIGUACU;Suic�dio (presumido);Sa�da de leito carro��vel;Com V�timas Feridas;Plena Noite;Crescente;Nublado;Dupla;Reta;N�o;1;0;0;1;0;0;1;1;-27,45108517;-48,63389969;SPRF-SC;DEL01-SC;UOP01-DEL01-SC;;;
686969;24/04/2025;quinta-feira;00:40:00;RS;392;11,6;RIO GRANDE;Animais na Pista;Atropelamento de Animal;Com V�timas Feridas;Plena Noite;Crescente;C�u Claro;Dupla;Reta;N�o;1;0;1;0;0;0;1;1;-32,1234357;-52,13579178;SPRF-RS;DEL07-RS;UOP02-DEL07-RS;;;
686971;24/04/2025;quinta-feira;01:08:00;GO;20;3;FORMOSA;Ingest�o de �lcool pelo condutor;Sa�da de leito carro��vel;Sem V�timas;Plena Noite;Crescente;C�u Claro;Simples;Reta;Sim;1;0;0;0;1;0;0;1;-15,564618;-47,317322;SPRF-DF;DEL02-DF;UOP02-DEL02-DF;;;
686972;24/04/2025;quinta-feira;01:00:00;RJ;493;83;JAPERI;Aus�ncia de rea��o do condutor;Colis�o com objeto;Com V�timas Feridas;Plena Noite;Crescente;C�u Claro;Dupla;Reta;N�o;1;0;0;1;0;0;1;1;-22,66312575;-43,57452393;SPRF-RJ;DEL01-RJ;UOP03-DEL01-RJ;;;
686973;23/04/2025;quarta-feira;21:10:00;RJ;40;120;DUQUE DE CAXIAS;Condutor deixou de manter dist�ncia do ve�culo da frente;Colis�o traseira;Com V�timas Feridas;Plena Noite;Crescente;C�u Claro;M�ltipla;Reta;Sim;4;0;2;0;2;0;2;2;-22,77844472;-43,28595628;SPRF-RJ;DEL01-RJ;UOP02-DEL01-RJ;;;
686975;24/04/2025;quinta-feira;02:00:00;MS;163;484,4;CAMPO GRANDE;Aus�ncia de rea��o do condutor;Tombamento;Com V�timas Feridas;Plena Noite;Decrescente;Nublado;Simples;Reta;Sim;1;0;1;0;0;0;1;1;-20,446845;-54,541153;SPRF-MS;DEL01-MS;UOP02-DEL01-MS;;;
686977;23/04/2025;quarta-feira;23:50:00;RJ;493;54;DUQUE DE CAXIAS;Animais na Pista;Sa�da de leito carro��vel;Com V�timas Fatais;Plena Noite;Crescente;C�u Claro;M�ltipla;Reta;Sim;6;1;4;0;1;0;4;1;-22,6656493;-43,32904816;SPRF-RJ;DEL01-RJ;UOP03-DEL01-RJ;;;
686979;24/04/2025;quinta-feira;02:00:00;RS;392;90;PELOTAS;Ingest�o de �lcool pelo condutor;Sa�da de leito carro��vel;Sem V�timas;Plena Noite;Decrescente;C�u Claro;Simples;"Curva;Aclive";N�o;1;0;0;0;1;0;0;1;-31,6039133;-52,5191667;SPRF-RS;DEL07-RS;UOP01-DEL07-RS;;;
686980;24/04/2025;quinta-feira;01:50:00;MS;262;503;ANASTACIO;Velocidade Incompat�vel;Colis�o com objeto;Sem V�timas;Plena Noite;Decrescente;C�u Claro;Simples;Reta;N�o;4;0;0;0;4;0;0;2;-20,492688;-55,937613;SPRF-MS;DEL03-MS;UOP01-DEL03-MS;;;
686985;24/04/2025;quinta-feira;03:30:00;MT;364;243;JUSCIMEIRA;Ingest�o de �lcool pelo condutor;Tombamento;Com V�timas Feridas;Plena Noite;Crescente;C�u Claro;Dupla;Reta;N�o;1;0;1;0;0;0;1;1;-16,152865;-54,804068;SPRF-MT;DEL02-MT;UOP01-DEL02-MT;;;
686987;24/04/2025;quinta-feira;06:00:00;SC;282;6;SAO JOSE;Ingest�o de �lcool pelo condutor;Colis�o com objeto;Com V�timas Feridas;Amanhecer;Crescente;C�u Claro;Simples;Curva;N�o;1;0;1;0;0;0;1;1;-27,5890363;-48,6127612;SPRF-SC;DEL01-SC;UOP01-DEL01-SC;;;
686988;24/04/2025;quinta-feira;02:20:00;PR;277;122,5;CAMPO LARGO;Ingest�o de �lcool pelo condutor;Colis�o com objeto;Sem V�timas;Plena Noite;Decrescente;Nublado;Dupla;Reta;N�o;1;0;0;0;0;1;0;1;-25,444245;-49,503395;SPRF-PR;DEL03-PR;UOP03-DEL03-PR;;;
686990;24/04/2025;quinta-feira;07:00:00;SC;101;132;BALNEARIO CAMBORIU;Acesso irregular;Colis�o transversal;Com V�timas Feridas;Pleno dia;Crescente;Nublado;M�ltipla;Interse��o de Vias;Sim;3;0;2;0;1;0;2;2;-26,99840917;-48,64840206;SPRF-SC;DEL04-SC;UOP03-DEL04-SC;;;
686991;24/04/2025;quinta-feira;06:50:00;SC;101;207,5;SAO JOSE;Acessar a via sem observar a presen�a dos outros ve�culos;Colis�o transversal;Com V�timas Feridas;Pleno dia;Crescente;C�u Claro;Dupla;"Interse��o de Vias;Reta;Declive";Sim;2;0;1;0;1;0;1;2;-27,6019;-48,62811;SPRF-SC;DEL01-SC;UOP01-DEL01-SC;;;
686993;24/04/2025;quinta-feira;06:40:00;SC;116;6,8;MAFRA;Condutor deixou de manter dist�ncia do ve�culo da frente;Colis�o traseira;Com V�timas Feridas;Pleno dia;Decrescente;C�u Claro;Simples;"Aclive;Reta";Sim;3;0;2;0;1;0;2;2;-26,150688;-49,829186;SPRF-SC;DEL06-SC;UOP01-DEL06-SC;;;
686994;24/04/2025;quinta-feira;07:30:00;SC;101;218,3;PALHOCA;Manobra de mudan�a de faixa;Colis�o lateral mesmo sentido;Com V�timas Feridas;Pleno dia;Decrescente;Nublado;Simples;Reta;Sim;3;0;1;0;0;2;1;3;-27,67843;-48,66885;SPRF-SC;DEL01-SC;UOP02-DEL01-SC;;;
686995;24/04/2025;quinta-feira;06:00:00;PR;277;598;CASCAVEL;Chuva;Atropelamento de Pedestre;Com V�timas Feridas;Amanhecer;Crescente;Chuva;Simples;Reta;N�o;2;0;1;0;0;1;1;2;-25,005;-53,526;SPRF-PR;DEL04-PR;UOP01-DEL04-PR;;;
686998;24/04/2025;quinta-feira;07:15:00;SC;101;132;BALNEARIO CAMBORIU;Acumulo de �leo sobre o pavimento;Queda de ocupante de ve�culo;Com V�timas Feridas;Pleno dia;Decrescente;Nublado;M�ltipla;"T�nel;Interse��o de Vias;Viaduto";Sim;1;0;1;0;0;0;1;1;-26,99904533;-48,64597885;SPRF-SC;DEL04-SC;UOP03-DEL04-SC;;;
687001;23/04/2025;quarta-feira;11:15:00;RS;153;630,5;BAGE;Fuma�a;Inc�ndio;Sem V�timas;Pleno dia;Crescente;C�u Claro;Simples;Reta;N�o;1;0;0;0;1;0;0;1;-31,34132224;-53,9988327;SPRF-RS;DEL11-RS;UOP03-DEL11-RS;;;
687002;24/04/2025;quinta-feira;07:40:00;SP;101;46;UBATUBA;Convers�o proibida;Atropelamento de Pedestre;Com V�timas Feridas;Pleno dia;Crescente;Sol;Simples;Reta;Sim;2;0;1;0;0;1;1;2;-23,4589672;-45,0679585;SPRF-SP;DEL06-SP;UOP01-DEL06-SP;;;
687005;24/04/2025;quinta-feira;07:35:00;BA;324;617;SALVADOR;Chuva;Tombamento;Com V�timas Feridas;Pleno dia;Crescente;Chuva;Dupla;Reta;Sim;2;0;2;0;0;0;2;1;-12,8944736;-38,4473255;SPRF-BA;DEL01-BA;UOP01-DEL01-BA;;;
687006;23/04/2025;quarta-feira;20:00:00;RJ;493;59;NOVA IGUACU;Pedestre andava na pista;Colis�o traseira;Com V�timas Fatais;Plena Noite;Decrescente;C�u Claro;Dupla;Reta;N�o;3;2;0;0;1;0;0;3;-22,675531;-43,391802;SPRF-RJ;DEL01-RJ;UOP03-DEL01-RJ;;;
687007;24/04/2025;quinta-feira;08:00:00;SP;116;123;PINDAMONHANGABA;Rea��o tardia ou ineficiente do condutor;Tombamento;Com V�timas Feridas;Pleno dia;Decrescente;C�u Claro;Dupla;Reta;N�o;1;0;0;1;0;0;1;1;-22,99803991;-45,49509421;SPRF-SP;DEL02-SP;UOP02-DEL02-SP;;;
687008;24/04/2025;quinta-feira;08:15:00;SP;116;211;GUARULHOS;Aus�ncia de rea��o do condutor;Colis�o traseira;Com V�timas Feridas;Pleno dia;Crescente;Nublado;M�ltipla;Reta;N�o;1;0;1;0;0;0;1;1;-23,46143954;-46,48885316;SPRF-SP;DEL01-SP;UOP01-DEL01-SP;;;
687009;24/04/2025;quinta-feira;05:00:00;MG;50;119;UBERABA;Pedestre andava na pista;Atropelamento de Pedestre;Com V�timas Feridas;Pleno dia;Crescente;C�u Claro;Dupla;Reta;N�o;2;0;0;1;0;1;1;2;-19,306711;-48,110982;SPRF-MG;DEL13-MG;UOP01-DEL13-MG;;;
687010;24/04/2025;quinta-feira;08:25:00;GO;153;516,3;APARECIDA DE GOIANIA;Avarias e/ou desgaste excessivo no pneu;Tombamento;Com V�timas Feridas;Pleno dia;Crescente;Nublado;Dupla;"Reta;Declive";Sim;5;0;2;0;0;3;2;2;-16,84672;-49,246507;SPRF-GO;DEL01-GO;UOP03-DEL01-GO;;;
687011;24/04/2025;quinta-feira;07:15:00;MG;381;753,1;TRES CORACOES;Manobra de mudan�a de faixa;Sa�da de leito carro��vel;Com V�timas Feridas;Pleno dia;Crescente;Nublado;Dupla;Curva;Sim;2;0;2;0;0;0;2;1;-21,66266611;-45,30765688;SPRF-MG;DEL16-MG;UOP02-DEL16-MG;;;
687013;24/04/2025;quinta-feira;08:00:00;RS;472;156,5;SANTA ROSA;Acessar a via sem observar a presen�a dos outros ve�culos;Colis�o transversal;Com V�timas Feridas;Pleno dia;Crescente;Nublado;Simples;Interse��o de Vias;Sim;3;0;1;0;2;0;1;2;-27,841403;-54,434827;SPRF-RS;DEL10-RS;UOP01-DEL10-RS;;;
687014;24/04/2025;quinta-feira;06:50:00;PR;0;0;MARINGA;Demais falhas mec�nicas ou el�tricas;Colis�o lateral mesmo sentido;Sem V�timas;Amanhecer;N�o Informado;Nublado;Dupla;Reta;Sim;3;0;0;0;3;0;0;2;-23,43922;-51,97943;SPRF-PR;DEL09-PR;UOP03-DEL09-PR;;;
687016;04/04/2025;sexta-feira;08:06:00;PI;343;15;PARNAIBA;Acessar a via sem observar a presen�a dos outros ve�culos;Colis�o lateral mesmo sentido;Com V�timas Feridas;Pleno dia;Decrescente;Sol;Simples;Rotat�ria;Sim;3;0;2;0;1;0;2;2;-2,94245619;-41,756117;SPRF-PI;DEL05-PI;UOP01-DEL05-PI;;;
687018;24/04/2025;quinta-feira;07:40:00;PR;277;213;PALMEIRA;Aus�ncia de rea��o do condutor;Sa�da de leito carro��vel;Com V�timas Feridas;Amanhecer;Decrescente;Chuva;Simples;Curva;N�o;1;0;1;0;0;0;1;1;-25,459941;-50,332175;SPRF-PR;DEL08-PR;UOP02-DEL08-PR;;;
687019;24/04/2025;quinta-feira;08:50:00;RS;471;658,5;SANTA VITORIA DO PALMAR;Demais falhas mec�nicas ou el�tricas;Sa�da de leito carro��vel;Com V�timas Feridas;Pleno dia;Decrescente;C�u Claro;Simples;Interse��o de Vias;Sim;4;0;3;0;1;0;3;1;-33,51439352;-53,33071589;SPRF-RS;DEL07-RS;UOP04-DEL07-RS;;;
687020;24/04/2025;quinta-feira;08:53:00;MG;50;55;ARAGUARI;Aus�ncia de rea��o do condutor;Colis�o com objeto;Com V�timas Feridas;Pleno dia;Crescente;Chuva;Dupla;Ponte;N�o;1;0;1;0;0;0;1;1;-18,772005;-48,243183;SPRF-MG;DEL15-MG;UOP02-DEL15-MG;;;
687021;16/04/2025;quarta-feira;08:40:00;RJ;40;3;COMENDADOR LEVY GASPARIAN;Pista Escorregadia;Tombamento;Com V�timas Feridas;Pleno dia;Crescente;Garoa/Chuvisco;Simples;Reta;N�o;3;0;1;0;2;0;1;1;-22,03054191;-43,22838016;SPRF-RJ;DEL05-RJ;UOP02-DEL05-RJ;;;
687022;24/04/2025;quinta-feira;09:17:00;PE;101;52;ABREU E LIMA;Acostamento em desn�vel;Tombamento;Com V�timas Feridas;Pleno dia;Crescente;Nublado;Dupla;"Reta;Interse��o de Vias";Sim;1;0;1;0;0;0;1;1;-7,925;-34,897;SPRF-PE;DEL01-PE;UOP02-DEL01-PE;;;
687023;24/04/2025;quinta-feira;09:15:00;TO;10;463;PALMAS;Aus�ncia de rea��o do condutor;Sa�da de leito carro��vel;Com V�timas Feridas;Pleno dia;Crescente;C�u Claro;Dupla;Reta;Sim;2;0;2;0;0;0;2;1;-10,23293505;-48,31132881;SPRF-TO;DEL01-TO;UOP03-DEL01-TO;;;
687027;24/04/2025;quinta-feira;06:30:00;GO;60;234;CEZARINA;Acumulo de �gua sobre o pavimento;Capotamento;Com V�timas Feridas;Pleno dia;Crescente;Chuva;Dupla;Reta;N�o;1;0;1;0;0;0;1;1;-17,07701215;-49,82437914;SPRF-GO;DEL01-GO;UOP02-DEL01-GO;;;
687029;08/04/2025;ter�a-feira;15:55:00;PB;230;16,4;JOAO PESSOA;Velocidade Incompat�vel;Colis�o lateral mesmo sentido;Com V�timas Feridas;Pleno dia;Decrescente;C�u Claro;Dupla;Reta;N�o;3;0;1;0;2;0;1;3;-7,11072043;-34,84277364;SPRF-PB;DEL01-PB;UOP01-DEL01-PB;;;
687030;16/04/2025;quarta-feira;15:25:00;ES;101;147,5;LINHARES;Pedestre cruzava a pista fora da faixa;Atropelamento de Pedestre;Com V�timas Feridas;Pleno dia;Crescente;C�u Claro;Dupla;Reta;N�o;2;0;1;0;1;0;1;2;-19,38642139;-40,06740924;SPRF-ES;DEL04-ES;UOP01-DEL04-ES;;;
687032;24/04/2025;quinta-feira;07:30:00;BA;110;340;ALAGOINHAS;Desrespeitar a prefer�ncia no cruzamento;Colis�o transversal;Com V�timas Feridas;Pleno dia;Crescente;Chuva;Simples;Interse��o de Vias;N�o;2;0;1;0;1;0;1;2;-12,163151;-38,415083;SPRF-BA;DEL01-BA;UOP04-DEL01-BA;;;
687033;24/04/2025;quinta-feira;10:30:00;SC;101;419;ARARANGUA;Ultrapassagem Indevida;Colis�o transversal;Com V�timas Feridas;Pleno dia;Decrescente;C�u Claro;Simples;"Reta;Interse��o de Vias";Sim;2;0;1;0;1;0;1;2;-28,9994486;-49,5560229;SPRF-SC;DEL02-SC;UOP02-DEL02-SC;;;
687034;24/04/2025;quinta-feira;09:20:00;BA;367;82;EUNAPOLIS;Condutor deixou de manter dist�ncia do ve�culo da frente;Eventos at�picos;Com V�timas Feridas;Pleno dia;Decrescente;Nublado;Simples;"Reta;Rotat�ria";Sim;2;0;0;1;0;1;1;2;-16,372243;-39,562283;SPRF-BA;DEL09-BA;UOP03-DEL09-BA;;;
687036;24/04/2025;quinta-feira;09:20:00;RJ;40;112,8;DUQUE DE CAXIAS;Demais falhas mec�nicas ou el�tricas;Tombamento;Com V�timas Feridas;Pleno dia;Crescente;C�u Claro;Dupla;Reta;Sim;2;0;2;0;0;0;2;1;-22,71206471;-43,29042435;SPRF-RJ;DEL01-RJ;UOP02-DEL01-RJ;;;
687037;24/04/2025;quinta-feira;07:05:00;GO;80;136,3;BARRO ALTO;Chuva;Capotamento;Com V�timas Feridas;Pleno dia;Decrescente;Chuva;Simples;Curva;N�o;4;0;3;1;0;0;4;1;-14,94942876;-48,93396378;SPRF-GO;DEL07-GO;UOP02-DEL07-GO;;;
687038;24/04/2025;quinta-feira;10:30:00;PR;376;437,5;TIBAGI;Velocidade Incompat�vel;Sa�da de leito carro��vel;Com V�timas Feridas;Pleno dia;Crescente;Chuva;Dupla;"Curva;Declive";N�o;1;0;1;0;0;0;1;1;-24,78951346;-50,50442036;SPRF-PR;DEL03-PR;UOP02-DEL03-PR;;;
687040;24/04/2025;quinta-feira;11:30:00;SP;116;471;JACUPIRANGA;Condutor deixou de manter dist�ncia do ve�culo da frente;Colis�o traseira;Com V�timas Feridas;Pleno dia;Decrescente;C�u Claro;Dupla;Reta;N�o;2;0;1;0;0;1;1;2;-24,66445336;-47,97309941;SPRF-SP;DEL05-SP;UOP01-DEL05-SP;;;
687045;24/04/2025;quinta-feira;08:00:00;MG;116;629,6;ORIZANIA;Demais falhas mec�nicas ou el�tricas;Queda de ocupante de ve�culo;Com V�timas Feridas;Pleno dia;Crescente;C�u Claro;Simples;"Reta;Aclive";N�o;1;0;0;1;0;0;1;1;-20,58823;-42,208368;SPRF-MG;DEL07-MG;UOP02-DEL07-MG;;;
687046;24/04/2025;quinta-feira;10:40:00;GO;452;2,5;RIO VERDE;Rea��o tardia ou ineficiente do condutor;Colis�o traseira;Com V�timas Feridas;Pleno dia;Decrescente;C�u Claro;Dupla;Reta;Sim;5;0;1;0;4;0;1;2;-17,79823;-50,881695;SPRF-GO;DEL04-GO;UOP01-DEL04-GO;;;
687047;24/04/2025;quinta-feira;12:50:00;MG;116;275;TEOFILO OTONI;Manobra de mudan�a de faixa;Colis�o lateral mesmo sentido;Com V�timas Feridas;Pleno dia;Crescente;Nublado;Simples;"Reta;Aclive";Sim;2;0;1;0;1;0;1;2;-17,843248;-41,514389;SPRF-MG;DEL11-MG;UOP01-DEL11-MG;;;
687049;24/04/2025;quinta-feira;11:20:00;PA;316;59;CASTANHAL;Aus�ncia de rea��o do condutor;Colis�o traseira;Com V�timas Feridas;Pleno dia;Decrescente;C�u Claro;Dupla;Reta;Sim;2;0;1;0;0;1;1;2;-1,2975787;-47,9550209;SPRF-PA;DEL01-PA;UOP01-DEL01-PA;;;
687051;24/04/2025;quinta-feira;11:20:00;MG;40;42,8;PARACATU;Condutor deixou de manter dist�ncia do ve�culo da frente;Colis�o traseira;Com V�timas Feridas;Pleno dia;Decrescente;C�u Claro;Simples;"Interse��o de Vias;Reta;Rotat�ria";Sim;3;0;1;0;2;0;1;3;-17,2188441;-46,8666753;SPRF-MG;DEL14-MG;UOP01-DEL14-MG;;;
687052;24/04/2025;quinta-feira;12:10:00;MT;174;0;PONTES E LACERDA;Acessar a via sem observar a presen�a dos outros ve�culos;Colis�o transversal;Com V�timas Feridas;Pleno dia;Decrescente;Nublado;Simples;Rotat�ria;Sim;2;0;1;0;1;0;1;2;-15,24379803;-59,31446671;SPRF-MT;DEL04-MT;UOP01-DEL04-MT;;;
687053;24/04/2025;quinta-feira;12:40:00;SC;280;82,3;CORUPA;Desrespeitar a prefer�ncia no cruzamento;Colis�o lateral mesmo sentido;Com V�timas Feridas;Pleno dia;Decrescente;C�u Claro;Simples;Rotat�ria;Sim;2;0;1;0;1;0;1;2;-26,435555;-49,245278;SPRF-SC;DEL06-SC;UOP03-DEL06-SC;;;
687056;24/04/2025;quinta-feira;12:10:00;RJ;40;119;DUQUE DE CAXIAS;Acumulo de �leo sobre o pavimento;Queda de ocupante de ve�culo;Com V�timas Feridas;Pleno dia;Crescente;C�u Claro;Dupla;Curva;N�o;1;0;1;0;0;0;1;1;-22,7196772;-43,2811485;SPRF-RJ;DEL01-RJ;UOP02-DEL01-RJ;;;
687057;24/04/2025;quinta-feira;14:00:00;RJ;40;105;DUQUE DE CAXIAS;Demais falhas mec�nicas ou el�tricas;Tombamento;Com V�timas Feridas;Pleno dia;Crescente;C�u Claro;M�ltipla;Reta;Sim;2;0;2;0;0;0;2;1;-22,644943;-43,283778;SPRF-RJ;DEL01-RJ;UOP02-DEL01-RJ;;;
687058;24/04/2025;quinta-feira;15:25:00;GO;60;253;INDIARA;Chuva;Capotamento;Com V�timas Feridas;Pleno dia;Decrescente;Chuva;Dupla;Reta;N�o;4;0;2;2;0;0;4;1;-17,140439;-49,99812;SPRF-GO;DEL01-GO;UOP02-DEL01-GO;;;
687059;24/01/2025;sexta-feira;14:00:00;BA;324;519;FEIRA DE SANTANA;Rea��o tardia ou ineficiente do condutor;Colis�o traseira;Sem V�timas;Pleno dia;Decrescente;C�u Claro;M�ltipla;Reta;Sim;4;0;0;0;4;0;0;3;-12,280201;-38,924789;SPRF-BA;DEL02-BA;UOP01-DEL02-BA;;;
687061;24/04/2025;quinta-feira;11:50:00;RJ;40;121;DUQUE DE CAXIAS;Acessar a via sem observar a presen�a dos outros ve�culos;Colis�o com objeto;Com V�timas Feridas;Pleno dia;Crescente;C�u Claro;Dupla;Reta;Sim;3;0;1;0;2;0;1;1;-22,7196772;-43,2811485;SPRF-RJ;DEL01-RJ;UOP02-DEL01-RJ;;;
687065;24/04/2025;quinta-feira;15:40:00;MG;459;69,3;SENADOR JOSE BENTO;Pista Escorregadia;Colis�o frontal;Com V�timas Feridas;Pleno dia;Crescente;Chuva;Simples;Curva;N�o;4;0;4;0;0;0;4;2;-22,1308389;-46,1741125;SPRF-MG;DEL09-MG;UOP01-DEL09-MG;;;
687066;17/04/2025;quinta-feira;00:02:00;RS;116;265;PORTO ALEGRE;Defici�ncia do Sistema de Ilumina��o/Sinaliza��o;Colis�o transversal;Com V�timas Feridas;Plena Noite;Crescente;Ignorado;Simples;Reta;Sim;2;0;1;0;1;0;1;2;-29,9699793;-51,1711897;SPRF-RS;DEL01-RS;UOP01-DEL01-RS;;;
687067;24/04/2025;quinta-feira;15:53:00;PR;116;26,1;CAMPINA GRANDE DO SUL;Acumulo de �gua sobre o pavimento;Sa�da de leito carro��vel;Com V�timas Feridas;Pleno dia;Crescente;Chuva;M�ltipla;Curva;N�o;2;0;1;0;1;0;1;1;-25,111638;-48,782683;SPRF-PR;DEL01-PR;UOP02-DEL01-PR;;;
687068;24/04/2025;quinta-feira;15:30:00;ES;101;265;SERRA;Pista esburacada;Tombamento;Com V�timas Feridas;Pleno dia;Crescente;Nublado;M�ltipla;Reta;Sim;2;0;1;1;0;0;2;1;-20,18240833;-40,26541;SPRF-ES;DEL02-ES;UOP01-DEL02-ES;;;
687069;08/02/2025;s�bado;23:00:00;RJ;465;11;SEROPEDICA;Animais na Pista;Atropelamento de Animal;Com V�timas Feridas;Plena Noite;Crescente;Ignorado;Simples;Reta;N�o;2;0;1;1;0;0;2;1;-22,77629279;-43,6640507;SPRF-RJ;DEL06-RJ;UOP02-DEL06-RJ;;;
687071;24/04/2025;quinta-feira;14:54:00;RO;364;714;PORTO VELHO;Aus�ncia de rea��o do condutor;Queda de ocupante de ve�culo;Com V�timas Feridas;Pleno dia;Decrescente;C�u Claro;Dupla;Curva;N�o;1;0;1;0;0;0;1;1;-8,8080384;-63,7599744;SPRF-RO;DEL01-RO;UOP01-DEL01-RO;;;