id;data_inversa;dia_semana;horario;uf;br;km;municipio;causa_acidente;tipo_acidente;classificacao_acidente;fase_dia;sentido_via;condicao_metereologica;tipo_pista;tracado_via;uso_solo;pessoas;mortos;feridos_leves;feridos_graves;ilesos;ignorados;feridos;veiculos;latitude;longitude;regional;delegacia;uop;;;
687073;24/04/2025;quinta-feira;14:30:00;PR;153;1;JACAREZINHO;Pista Escorregadia;Queda de ocupante de ve�culo;Com V�timas Feridas;Plena Noite;Crescente;Chuva;Simples;Reta;N�o;1;0;1;0;0;0;1;1;-23,009351;-49,906467;SPRF-PR;DEL07-PR;UOP04-DEL07-PR;;;
687075;24/04/2025;quinta-feira;16:30:00;PR;369;144;LONDRINA;Aus�ncia de rea��o do condutor;Colis�o traseira;Com V�timas Feridas;Pleno dia;Decrescente;Chuva;Dupla;Declive;N�o;2;0;1;0;1;0;1;2;-23,293297;-51,102612;SPRF-PR;DEL07-PR;UOP01-DEL07-PR;;;
687076;24/04/2025;quinta-feira;16:45:00;SC;101;201,3;SAO JOSE;Manobra de mudan�a de faixa;Colis�o lateral mesmo sentido;Com V�timas Feridas;Pleno dia;Crescente;C�u Claro;M�ltipla;Reta;Sim;2;0;1;0;1;0;1;2;-27,551395;-48,619962;SPRF-SC;DEL01-SC;UOP01-DEL01-SC;;;
687081;24/04/2025;quinta-feira;16:10:00;PB;230;121;RIACHAO DO BACAMARTE;Animais na Pista;Sa�da de leito carro��vel;Com V�timas Feridas;Pleno dia;Crescente;Chuva;Dupla;Reta;Sim;2;0;1;0;1;0;1;1;-7,24634502;-35,65612704;SPRF-PB;DEL02-PB;UOP01-DEL02-PB;;;
687083;24/04/2025;quinta-feira;16:15:00;RJ;101;586;PARATY;Convers�o proibida;Colis�o transversal;Com V�timas Feridas;Pleno dia;Crescente;Nublado;Simples;Reta;N�o;2;0;2;0;0;0;2;2;-23,27620014;-44,68948603;SPRF-RJ;DEL03-RJ;UOP04-DEL03-RJ;;;
687085;24/04/2025;quinta-feira;17:20:00;PA;316;55;CASTANHAL;Avarias e/ou desgaste excessivo no pneu;Tombamento;Com V�timas Feridas;Pleno dia;Crescente;C�u Claro;Dupla;Reta;N�o;2;0;2;0;0;0;2;1;-1,30716129;-48,02963054;SPRF-PA;DEL01-PA;UOP01-DEL01-PA;;;
687086;24/04/2025;quinta-feira;17:20:00;SC;101;100,8;BALNEARIO PICARRAS;Acessar a via sem observar a presen�a dos outros ve�culos;Colis�o transversal;Com V�timas Feridas;Anoitecer;Decrescente;Nublado;Simples;"Reta;Aclive";Sim;3;0;2;0;0;1;2;2;-26,76302206;-48,68623344;SPRF-SC;DEL03-SC;UOP02-DEL03-SC;;;
687087;08/03/2025;s�bado;09:00:00;AP;156;529;AMAPA;Rea��o tardia ou ineficiente do condutor;Tombamento;Com V�timas Feridas;Pleno dia;Decrescente;Nublado;Simples;Reta;N�o;3;0;3;0;0;0;3;1;2,07066055;-50,89702797;SPRF-AP;DEL01-AP;UOP02-DEL01-AP;;;
687088;24/04/2025;quinta-feira;07:40:00;SC;101;132;BALNEARIO CAMBORIU;Trafegar com motocicleta (ou similar) entre as faixas;Colis�o lateral mesmo sentido;Com V�timas Feridas;Pleno dia;Crescente;C�u Claro;M�ltipla;Reta;Sim;2;0;1;0;1;0;1;1;-26,99903577;-48,64802806;SPRF-SC;DEL04-SC;UOP03-DEL04-SC;;;
687089;24/04/2025;quinta-feira;18:00:00;RS;448;6;ESTEIO;Acessar a via sem observar a presen�a dos outros ve�culos;Colis�o lateral mesmo sentido;Com V�timas Feridas;Plena Noite;Decrescente;C�u Claro;Dupla;Reta;N�o;3;0;1;0;1;1;1;3;-29,84689626;-51,20860445;SPRF-RS;DEL01-RS;UOP02-DEL01-RS;;;
687090;24/04/2025;quinta-feira;18:20:00;BA;116;12,8;VITORIA DA CONQUISTA;Ingest�o de �lcool pelo condutor;Colis�o transversal;Com V�timas Feridas;Plena Noite;Crescente;Nublado;Simples;Reta;Sim;2;0;0;1;1;0;1;2;-14,883506;-40,870686;SPRF-BA;DEL08-BA;UOP01-DEL08-BA;;;
687092;24/04/2025;quinta-feira;17:30:00;CE;222;15;CAUCAIA;Aus�ncia de rea��o do condutor;Colis�o frontal;Com V�timas Feridas;Plena Noite;Crescente;C�u Claro;Simples;"Reta;Desvio Tempor�rio;Em Obras";N�o;3;0;1;0;2;0;1;2;-3,7426435;-38,73298645;SPRF-CE;DEL01-CE;UOP01-DEL01-CE;;;
687093;24/04/2025;quinta-feira;18:00:00;PR;369;150;LONDRINA;Rea��o tardia ou ineficiente do condutor;Colis�o traseira;Com V�timas Feridas;Plena Noite;Decrescente;Chuva;Dupla;Reta;Sim;3;0;1;0;2;0;1;2;-23,293232;-51,100335;SPRF-PR;DEL07-PR;UOP01-DEL07-PR;;;
687095;24/04/2025;quinta-feira;15:15:00;SC;280;154,1;MAFRA;Velocidade Incompat�vel;Colis�o frontal;Com V�timas Feridas;Pleno dia;Decrescente;Chuva;Simples;"Curva;Aclive";N�o;5;0;2;2;0;1;4;3;-26,213115;-49,719376;SPRF-SC;DEL06-SC;UOP03-DEL06-SC;;;
687096;24/04/2025;quinta-feira;19:00:00;MG;40;552;NOVA LIMA;Rea��o tardia ou ineficiente do condutor;Colis�o lateral sentido oposto;Com V�timas Feridas;Plena Noite;Crescente;C�u Claro;Dupla;"Reta;Aclive";Sim;2;0;0;1;1;0;1;2;-20,064;-43,979;SPRF-MG;DEL01-MG;UOP02-DEL01-MG;;;
687097;24/04/2025;quinta-feira;18:05:00;SC;163;70,1;SAO MIGUEL DO OESTE;Condutor deixou de manter dist�ncia do ve�culo da frente;Colis�o traseira;Com V�timas Feridas;Anoitecer;Crescente;Garoa/Chuvisco;Dupla;Declive;Sim;2;0;1;0;1;0;1;2;-26,73493765;-53,50630313;SPRF-SC;DEL07-SC;UOP03-DEL07-SC;;;
687098;24/04/2025;quinta-feira;18:00:00;SP;116;221;GUARULHOS;Trafegar com motocicleta (ou similar) entre as faixas;Colis�o traseira;Com V�timas Feridas;Plena Noite;Crescente;Garoa/Chuvisco;M�ltipla;"Reta;Em Obras";Sim;1;0;1;0;0;0;1;1;-23,46882893;-46,51053965;SPRF-SP;DEL01-SP;UOP01-DEL01-SP;;;
687100;24/04/2025;quinta-feira;10:40:00;RJ;101;229;SILVA JARDIM;Afundamento ou ondula��o no pavimento;Capotamento;Com V�timas Feridas;Pleno dia;Decrescente;C�u Claro;Dupla;Curva;N�o;2;0;2;0;0;0;2;1;-22,5660079;-42,37220764;SPRF-RJ;DEL02-RJ;UOP03-DEL02-RJ;;;
687101;24/04/2025;quinta-feira;18:50:00;RS;116;255;ESTEIO;Condutor deixou de manter dist�ncia do ve�culo da frente;Colis�o traseira;Com V�timas Feridas;Plena Noite;Decrescente;Nublado;Dupla;Reta;Sim;4;0;1;0;3;0;1;2;-29,835065;-51,174853;SPRF-RS;DEL01-RS;UOP02-DEL01-RS;;;
687102;24/04/2025;quinta-feira;18:00:00;PA;163;145;ALTAMIRA;Transitar na contram�o;Colis�o transversal;Com V�timas Fatais;Anoitecer;Crescente;C�u Claro;Simples;Reta;N�o;5;1;0;2;2;0;2;2;-8,4305;-55,111;SPRF-MT;DEL06-MT;UOP03-DEL06-MT;;;
687104;24/04/2025;quinta-feira;13:00:00;MA;226;75,6;MATOES;Acessar a via sem observar a presen�a dos outros ve�culos;Colis�o transversal;Com V�timas Feridas;Pleno dia;Decrescente;C�u Claro;Simples;"Interse��o de Vias;Reta";N�o;11;0;8;3;0;0;11;2;-5,22432995;-43,4501338;SPRF-MA;DEL03-MA;UOP02-DEL03-MA;;;
687106;24/04/2025;quinta-feira;19:30:00;SP;116;219;GUARULHOS;Aus�ncia de rea��o do condutor;Queda de ocupante de ve�culo;Com V�timas Feridas;Plena Noite;Crescente;Chuva;M�ltipla;Reta;Sim;1;0;1;0;0;0;1;1;-23,4621908;-46,49156295;SPRF-SP;DEL01-SP;UOP01-DEL01-SP;;;
687107;24/04/2025;quinta-feira;18:40:00;CE;116;18;EUSEBIO;Ingest�o de �lcool pelo condutor;Queda de ocupante de ve�culo;Com V�timas Feridas;Plena Noite;Crescente;C�u Claro;Dupla;Reta;Sim;1;0;1;0;0;0;1;1;-3,91248546;-38,50651614;SPRF-CE;DEL01-CE;UOP02-DEL01-CE;;;
687108;24/04/2025;quinta-feira;15:00:00;MG;146;467,1;BOTELHOS;Velocidade Incompat�vel;Sa�da de leito carro��vel;Com V�timas Feridas;Pleno dia;Decrescente;Chuva;Simples;"Reta;Declive";N�o;2;0;1;0;1;0;1;1;-21,69578;-46,42743;SPRF-MG;DEL09-MG;UOP01-DEL09-MG;;;
687109;24/04/2025;quinta-feira;18:40:00;PR;277;244;FERNANDES PINHEIRO;Pedestre andava na pista;Atropelamento de Pedestre;Com V�timas Feridas;Plena Noite;Crescente;Chuva;M�ltipla;"Reta;Aclive";N�o;2;0;0;1;1;0;1;2;-25,46446536;-50,56882231;SPRF-PR;DEL08-PR;UOP02-DEL08-PR;;;
687110;24/04/2025;quinta-feira;18:10:00;RJ;116;132;MAGE;Animais na Pista;Atropelamento de Animal;Com V�timas Feridas;Anoitecer;Decrescente;Nublado;Dupla;Reta;N�o;1;0;1;0;0;0;1;1;-22,64639;-43,206843;SPRF-RJ;DEL04-RJ;UOP02-DEL04-RJ;;;
687111;24/04/2025;quinta-feira;17:20:00;GO;153;375;SAO FRANCISCO DE GOIAS;Demais falhas mec�nicas ou el�tricas;Colis�o com objeto;Com V�timas Feridas;Pleno dia;Decrescente;C�u Claro;Simples;Reta;N�o;1;0;1;0;0;0;1;1;-15,87477513;-49,25069042;SPRF-GO;DEL02-GO;UOP02-DEL02-GO;;;
687112;24/04/2025;quinta-feira;20:15:00;PE;101;59;RECIFE;Rea��o tardia ou ineficiente do condutor;Tombamento;Com V�timas Feridas;Plena Noite;Decrescente;Chuva;Dupla;Curva;Sim;1;0;1;0;0;0;1;1;-7,981725;-34,931626;SPRF-PE;DEL01-PE;UOP02-DEL01-PE;;;
687114;24/04/2025;quinta-feira;18:30:00;RS;116;657;JAGUARAO;Acessar a via sem observar a presen�a dos outros ve�culos;Colis�o transversal;Com V�timas Feridas;Plena Noite;Decrescente;C�u Claro;Simples;"Interse��o de Vias;Reta";Sim;2;0;1;0;1;0;1;2;-32,55401746;-53,38541794;SPRF-RS;DEL07-RS;UOP03-DEL07-RS;;;
687116;24/04/2025;quinta-feira;19:00:00;RS;386;401;TRIUNFO;Curva acentuada;Colis�o com objeto;Com V�timas Feridas;Plena Noite;Crescente;C�u Claro;Dupla;Rotat�ria;N�o;1;0;1;0;0;0;1;1;-29,7585601;-51,59313161;SPRF-RS;DEL04-RS;UOP02-DEL04-RS;;;
687117;24/04/2025;quinta-feira;20:00:00;RJ;116;173;SAO JOAO DE MERITI;Rea��o tardia ou ineficiente do condutor;Colis�o traseira;Com V�timas Feridas;Plena Noite;Crescente;Nublado;M�ltipla;Reta;Sim;2;0;1;0;1;0;1;2;-22,79843539;-43,35603587;SPRF-RJ;DEL06-RJ;UOP01-DEL06-RJ;;;
687118;24/04/2025;quinta-feira;19:30:00;RJ;493;93;SEROPEDICA;Rea��o tardia ou ineficiente do condutor;Sa�da de leito carro��vel;Com V�timas Feridas;Plena Noite;Decrescente;Nublado;Dupla;"Reta;Ponte";N�o;1;0;1;0;0;0;1;1;-22,7104771;-43,7006219;SPRF-RJ;DEL01-RJ;UOP03-DEL01-RJ;;;
687119;24/04/2025;quinta-feira;16:10:00;MS;376;90;IVINHEMA;Rea��o tardia ou ineficiente do condutor;Sa�da de leito carro��vel;Com V�timas Feridas;Pleno dia;Crescente;Chuva;Simples;"Reta;Declive";N�o;4;0;4;0;0;0;4;1;-22,310661;-54,060562;SPRF-MS;DEL04-MS;UOP04-DEL04-MS;;;
687120;24/04/2025;quinta-feira;20:10:00;CE;116;13;FORTALEZA;Entrada inopinada do pedestre;Atropelamento de Pedestre;Com V�timas Fatais;Plena Noite;Decrescente;C�u Claro;M�ltipla;Reta;Sim;3;1;0;0;1;1;0;2;-3,85662316;-38,4960313;SPRF-CE;DEL01-CE;UOP02-DEL01-CE;;;
687121;24/04/2025;quinta-feira;18:55:00;RJ;393;286;VOLTA REDONDA;Transitar no Acostamento;Atropelamento de Pedestre;Com V�timas Feridas;Plena Noite;Crescente;C�u Claro;Simples;Reta;Sim;2;0;2;0;0;0;2;2;-22,50634349;-44,07729775;SPRF-RJ;DEL05-RJ;UOP04-DEL05-RJ;;;
687122;24/04/2025;quinta-feira;21:00:00;SP;116;228;SAO PAULO;Rea��o tardia ou ineficiente do condutor;Colis�o traseira;Com V�timas Feridas;Plena Noite;Decrescente;Chuva;M�ltipla;Declive;Sim;5;0;1;0;4;0;1;3;-23,5033954;-46,56631468;SPRF-SP;DEL01-SP;UOP01-DEL01-SP;;;
687123;24/04/2025;quinta-feira;21:00:00;BA;116;16,6;VITORIA DA CONQUISTA;Acessar a via sem observar a presen�a dos outros ve�culos;Colis�o transversal;Com V�timas Feridas;Plena Noite;Crescente;C�u Claro;Simples;Reta;N�o;3;0;2;0;1;0;2;2;-14,9025;-40,844794;SPRF-BA;DEL08-BA;UOP01-DEL08-BA;;;
687124;24/04/2025;quinta-feira;21:00:00;SP;153;66,4;SAO JOSE DO RIO PRETO;Condutor deixou de manter dist�ncia do ve�culo da frente;Colis�o traseira;Sem V�timas;Plena Noite;Decrescente;Garoa/Chuvisco;Dupla;Reta;Sim;2;0;0;0;2;0;0;2;-20,845218;-49,3729;SPRF-SP;DEL09-SP;UOP01-DEL09-SP;;;
687128;24/04/2025;quinta-feira;18:30:00;RO;429;156;SERINGUEIRAS;Rea��o tardia ou ineficiente do condutor;Colis�o com objeto;Com V�timas Feridas;Anoitecer;Crescente;Ignorado;Dupla;Reta;Sim;1;0;1;0;0;0;1;1;-11,762865;-63,026635;SPRF-RO;DEL02-RO;UOP03-DEL02-RO;;;
687129;24/04/2025;quinta-feira;19:20:00;CE;116;208,3;TABULEIRO DO NORTE;Chuva;Capotamento;Com V�timas Feridas;Plena Noite;Decrescente;Chuva;Simples;"Aclive;Curva";N�o;2;0;1;0;1;0;1;1;-5,245801;-38,188945;SPRF-CE;DEL03-CE;UOP01-DEL03-CE;;;
687130;24/04/2025;quinta-feira;21:30:00;RS;116;264;PORTO ALEGRE;Manobra de mudan�a de faixa;Colis�o lateral mesmo sentido;Com V�timas Feridas;Plena Noite;Crescente;Ignorado;M�ltipla;Reta;Sim;2;0;1;0;1;0;1;2;-29,9696128;-51,1705088;SPRF-RS;DEL01-RS;UOP01-DEL01-RS;;;
687131;24/04/2025;quinta-feira;21:00:00;SP;116;324;JUQUITIBA;Ingest�o de �lcool pelo condutor;Capotamento;Sem V�timas;Plena Noite;Crescente;Garoa/Chuvisco;Dupla;Reta;N�o;1;0;0;0;1;0;0;1;-23,94017976;-47,04662211;SPRF-SP;DEL04-SP;UOP03-DEL04-SP;;;
687132;24/04/2025;quinta-feira;22:05:00;SC;101;150;ITAPEMA;Velocidade Incompat�vel;Queda de ocupante de ve�culo;Com V�timas Feridas;Plena Noite;Crescente;Nublado;M�ltipla;"Interse��o de Vias;Reta";Sim;1;0;0;1;0;0;1;1;-27,1205335;-48,6094993;SPRF-SC;DEL04-SC;UOP03-DEL04-SC;;;
687134;24/04/2025;quinta-feira;19:50:00;PR;369;455,4;CORBELIA;Chuva;Colis�o frontal;Com V�timas Feridas;Plena Noite;Crescente;Garoa/Chuvisco;Simples;Reta;N�o;2;0;0;1;1;0;1;2;-24,58271955;-53,16387177;SPRF-PR;DEL04-PR;UOP03-DEL04-PR;;;
687135;24/04/2025;quinta-feira;20:59:00;RO;319;59;PORTO VELHO;Ingest�o de �lcool pelo condutor;Colis�o traseira;Com V�timas Feridas;Plena Noite;Crescente;C�u Claro;Dupla;Reta;Sim;2;0;1;0;1;0;1;2;-8,74350046;-63,91193088;SPRF-RO;DEL01-RO;UOP01-DEL01-RO;;;
687137;24/04/2025;quinta-feira;16:30:00;MT;364;491;CUIABA;Rea��o tardia ou ineficiente do condutor;Capotamento;Com V�timas Feridas;Anoitecer;Crescente;C�u Claro;Dupla;Curva;N�o;1;0;1;0;0;0;1;1;-15,692842;-55,902181;SPRF-MT;DEL01-MT;UOP01-DEL01-MT;;;
687138;24/04/2025;quinta-feira;21:35:00;SC;101;197,3;BIGUACU;Aus�ncia de rea��o do condutor;Colis�o com objeto;Com V�timas Feridas;Plena Noite;Crescente;Nublado;M�ltipla;Reta;Sim;4;0;2;0;2;0;2;1;-27,52062;-48,63761;SPRF-SC;DEL01-SC;UOP01-DEL01-SC;;;
687139;24/04/2025;quinta-feira;18:25:00;SC;101;303,8;LAGUNA;Rea��o tardia ou ineficiente do condutor;Colis�o lateral mesmo sentido;Com V�timas Feridas;Plena Noite;Crescente;C�u Claro;Simples;Reta;Sim;2;0;0;1;1;0;1;2;-28,38561877;-48,77199976;SPRF-SC;DEL02-SC;UOP03-DEL02-SC;;;
687140;24/04/2025;quinta-feira;22:30:00;RS;116;149,1;CAXIAS DO SUL;Condutor deixou de manter dist�ncia do ve�culo da frente;Colis�o traseira;Sem V�timas;Plena Noite;Decrescente;Nublado;Dupla;Reta;Sim;2;0;0;0;2;0;0;2;-29,16207269;-51,15676871;SPRF-RS;DEL05-RS;UOP01-DEL05-RS;;;
687141;24/04/2025;quinta-feira;21:50:00;RS;153;624;BAGE;Acessar a via sem observar a presen�a dos outros ve�culos;Colis�o transversal;Com V�timas Feridas;Plena Noite;Crescente;Nublado;Simples;"Reta;Interse��o de Vias";Sim;2;0;0;1;1;0;1;2;-31,33789509;-53,99370432;SPRF-RS;DEL11-RS;UOP03-DEL11-RS;;;
687143;16/04/2025;quarta-feira;18:45:00;SP;116;147;SAO JOSE DOS CAMPOS;Trafegar com motocicleta (ou similar) entre as faixas;Colis�o lateral mesmo sentido;Com V�timas Feridas;Plena Noite;Decrescente;C�u Claro;M�ltipla;Reta;Sim;3;0;1;0;2;0;1;3;-23,19734171;-45,87489367;SPRF-SP;DEL02-SP;UOP01-DEL02-SP;;;
687144;24/04/2025;quinta-feira;22:35:00;SC;101;139;BALNEARIO CAMBORIU;Velocidade Incompat�vel;Sa�da de leito carro��vel;Com V�timas Feridas;Plena Noite;Crescente;C�u Claro;M�ltipla;Curva;Sim;1;0;1;0;0;0;1;1;-27,02755783;-48,60614268;SPRF-SC;DEL04-SC;UOP03-DEL04-SC;;;
687146;24/04/2025;quinta-feira;17:40:00;PR;376;525,1;PONTA GROSSA;Velocidade Incompat�vel;Sa�da de leito carro��vel;Com V�timas Feridas;Pleno dia;Decrescente;Chuva;Dupla;"Curva;Declive";N�o;1;0;1;0;0;0;1;1;-25,26944347;-49,93655054;SPRF-PR;DEL03-PR;UOP04-DEL03-PR;;;
687148;24/04/2025;quinta-feira;20:00:00;SP;381;36;ATIBAIA;Chuva;Tombamento;Com V�timas Feridas;Plena Noite;Crescente;Chuva;Dupla;"Declive;Reta";N�o;1;0;1;0;0;0;1;1;-23,09669987;-46,57268107;SPRF-SP;DEL03-SP;UOP01-DEL03-SP;;;
687150;24/04/2025;quinta-feira;22:30:00;PE;407;99,9;PETROLINA;Animais na Pista;Atropelamento de Animal;Com V�timas Feridas;Plena Noite;Crescente;C�u Claro;Simples;"Reta;Ponte";N�o;3;0;1;0;2;0;1;1;-9,177025;-40,63472;SPRF-PE;DEL06-PE;UOP02-DEL06-PE;;;
687152;24/04/2025;quinta-feira;22:00:00;DF;70;7;BRASILIA;Acessar a via sem observar a presen�a dos outros ve�culos;Colis�o traseira;Com V�timas Feridas;Plena Noite;Crescente;Nublado;Dupla;Reta;Sim;3;0;1;0;2;0;1;2;-15,78400931;-48,12973609;SPRF-DF;DEL03-DF;UOP02-DEL03-DF;;;
687154;24/04/2025;quinta-feira;23:30:00;MS;163;344;RIO BRILHANTE;Animais na Pista;Atropelamento de Animal;Sem V�timas;Plena Noite;Decrescente;Chuva;Simples;Reta;N�o;1;0;0;0;1;0;0;1;-21,64181657;-54,42353217;SPRF-MS;DEL02-MS;UOP02-DEL02-MS;;;
687160;25/04/2025;sexta-feira;04:10:00;PR;376;237;APUCARANA;Velocidade Incompat�vel;Colis�o com objeto;Com V�timas Feridas;Plena Noite;Decrescente;Garoa/Chuvisco;Dupla;Declive;N�o;1;0;1;0;0;0;1;1;-23,585688;-51,476065;SPRF-PR;DEL07-PR;UOP03-DEL07-PR;;;
687162;25/04/2025;sexta-feira;03:40:00;MG;381;688;LAVRAS;Velocidade Incompat�vel;Capotamento;Com V�timas Feridas;Plena Noite;Decrescente;Chuva;Dupla;Curva;N�o;2;0;1;0;1;0;1;1;-21,1868658;-45,117068;SPRF-MG;DEL04-MG;UOP02-DEL04-MG;;;
687165;24/04/2025;quinta-feira;15:00:00;BA;330;876,3;MARAU;Condutor deixou de manter dist�ncia do ve�culo da frente;Colis�o traseira;Com V�timas Feridas;Pleno dia;Decrescente;Chuva;Simples;Reta;N�o;9;0;3;1;5;0;4;2;-14,229158;-39,439823;SPRF-BA;DEL05-BA;UOP01-DEL05-BA;;;
687168;25/04/2025;sexta-feira;05:30:00;ES;101;71;SAO MATEUS;Aus�ncia de rea��o do condutor;Capotamento;Com V�timas Feridas;Amanhecer;Crescente;C�u Claro;Simples;"Reta;Aclive";N�o;1;0;0;1;0;0;1;1;-18,75469863;-39,86251831;SPRF-ES;DEL04-ES;UOP02-DEL04-ES;;;
687170;25/04/2025;sexta-feira;05:10:00;SC;101;82,5;BARRA VELHA;Defici�ncia do Sistema de Ilumina��o/Sinaliza��o;Colis�o traseira;Com V�timas Feridas;Plena Noite;Decrescente;C�u Claro;Dupla;Reta;N�o;2;0;0;1;1;0;1;2;-26,61572946;-48,71954665;SPRF-SC;DEL03-SC;UOP02-DEL03-SC;;;
687171;13/04/2025;domingo;10:00:00;BA;324;583;SIMOES FILHO;Acumulo de �gua sobre o pavimento;Sa�da de leito carro��vel;Com V�timas Feridas;Pleno dia;Decrescente;Chuva;Dupla;Reta;N�o;2;0;1;0;1;0;1;1;-12,79822365;-38,40468401;SPRF-BA;DEL01-BA;UOP01-DEL01-BA;;;
687172;25/04/2025;sexta-feira;06:45:00;MG;40;693,9;ALFREDO VASCONCELOS;Rea��o tardia ou ineficiente do condutor;Colis�o traseira;Com V�timas Feridas;Pleno dia;Decrescente;Nublado;Simples;"Declive;Reta";N�o;11;0;1;0;10;0;1;2;-21,15458179;-43,76276046;SPRF-MG;DEL05-MG;UOP02-DEL05-MG;;;
687173;25/04/2025;sexta-feira;06:45:00;PR;277;5,8;PARANAGUA;Velocidade Incompat�vel;Sa�da de leito carro��vel;Com V�timas Feridas;Pleno dia;Decrescente;Nublado;Dupla;Reta;Sim;1;0;1;0;0;0;1;1;-25,559;-48,576;SPRF-PR;DEL01-PR;UOP05-DEL01-PR;;;
687174;25/04/2025;sexta-feira;06:10:00;ES;101;267,8;SERRA;Condutor desrespeitou a ilumina��o vermelha do sem�foro;Colis�o transversal;Com V�timas Feridas;Pleno dia;Crescente;Nublado;M�ltipla;"Reta;Interse��o de Vias";Sim;3;0;0;1;2;0;1;2;-20,20453;-40,26744;SPRF-ES;DEL02-ES;UOP01-DEL02-ES;;;
687176;25/04/2025;sexta-feira;06:30:00;MG;365;613;UBERLANDIA;Pedestre andava na pista;Atropelamento de Pedestre;Com V�timas Fatais;Amanhecer;Crescente;Chuva;Simples;Reta;N�o;2;1;0;0;0;1;0;2;-18,907136;-48,1624064;SPRF-MG;DEL15-MG;UOP01-DEL15-MG;;;
687177;25/04/2025;sexta-feira;07:00:00;SC;101;199,1;SAO JOSE;Rea��o tardia ou ineficiente do condutor;Colis�o traseira;Com V�timas Feridas;Pleno dia;Crescente;C�u Claro;M�ltipla;Reta;Sim;2;0;1;0;1;0;1;2;-27,535095;-48,629007;SPRF-SC;DEL01-SC;UOP01-DEL01-SC;;;
687178;25/04/2025;sexta-feira;07:30:00;MA;135;6;SAO LUIS;Condutor deixou de manter dist�ncia do ve�culo da frente;Colis�o traseira;Com V�timas Feridas;Pleno dia;Decrescente;C�u Claro;Dupla;Reta;Sim;6;0;1;1;4;0;2;2;-2,6348855;-44,267529;SPRF-MA;DEL01-MA;UOP01-DEL01-MA;;;
687179;25/04/2025;sexta-feira;07:45:00;SC;101;199,4;SAO JOSE;Rea��o tardia ou ineficiente do condutor;Queda de ocupante de ve�culo;Com V�timas Feridas;Pleno dia;Decrescente;C�u Claro;Simples;Reta;Sim;2;0;1;0;1;0;1;1;-27,53661;-48,62632;SPRF-SC;DEL01-SC;UOP01-DEL01-SC;;;
687180;25/04/2025;sexta-feira;07:20:00;DF;20;19,1;BRASILIA;Acessar a via sem observar a presen�a dos outros ve�culos;Colis�o lateral mesmo sentido;Com V�timas Feridas;Pleno dia;Decrescente;C�u Claro;Dupla;"Reta;Retorno Regulamentado";N�o;4;0;1;0;3;0;1;2;-15,61136083;-47,70054818;SPRF-DF;DEL02-DF;UOP01-DEL02-DF;;;
687182;25/04/2025;sexta-feira;06:45:00;MG;40;525;CONTAGEM;Condutor deixou de manter dist�ncia do ve�culo da frente;Colis�o traseira;Com V�timas Feridas;Pleno dia;Crescente;C�u Claro;Dupla;Reta;Sim;2;0;0;1;1;0;1;2;-19,885826;-44,050588;SPRF-MG;DEL01-MG;UOP02-DEL01-MG;;;
687185;25/04/2025;sexta-feira;07:55:00;DF;20;3,9;BRASILIA;Acessar a via sem observar a presen�a dos outros ve�culos;Colis�o lateral mesmo sentido;Com V�timas Feridas;Pleno dia;Decrescente;C�u Claro;Dupla;"Reta;Retorno Regulamentado;Interse��o de Vias";Sim;2;0;1;0;1;0;1;2;-15,6758837;-47,8243252;SPRF-DF;DEL02-DF;UOP01-DEL02-DF;;;
687187;25/04/2025;sexta-feira;07:40:00;MG;40;695,4;ALFREDO VASCONCELOS;Velocidade Incompat�vel;Colis�o transversal;Com V�timas Feridas;Pleno dia;Decrescente;C�u Claro;Simples;"Curva;Declive";N�o;2;0;0;2;0;0;2;2;-21,1655891;-43,7576337;SPRF-MG;DEL05-MG;UOP02-DEL05-MG;;;
687188;25/04/2025;sexta-feira;08:10:00;GO;153;509;APARECIDA DE GOIANIA;Acessar a via sem observar a presen�a dos outros ve�culos;Colis�o lateral mesmo sentido;Com V�timas Feridas;Pleno dia;Decrescente;Nublado;Dupla;Declive;Sim;3;0;2;0;1;0;2;3;-16,77994068;-49,23695901;SPRF-GO;DEL01-GO;UOP03-DEL01-GO;;;
687189;25/04/2025;sexta-feira;08:08:00;PE;232;37,7;VITORIA DE SANTO ANTAO;Condutor deixou de manter dist�ncia do ve�culo da frente;Colis�o traseira;Com V�timas Feridas;Pleno dia;Crescente;C�u Claro;Dupla;Reta;N�o;4;0;2;0;2;0;2;2;-8,115449;-35,220145;SPRF-PE;DEL01-PE;UOP01-DEL01-PE;;;
687192;25/04/2025;sexta-feira;00:50:00;MG;40;270;SAO GONCALO DO ABAETE;Ingest�o de �lcool pelo condutor;Sa�da de leito carro��vel;Sem V�timas;Plena Noite;Crescente;Nublado;Simples;Reta;N�o;1;0;0;0;1;0;0;1;-18,17745421;-45,27826309;SPRF-MG;DEL14-MG;UOP02-DEL14-MG;;;
687194;25/04/2025;sexta-feira;08:15:00;MG;381;929,7;ITAPEVA;Aus�ncia de rea��o do condutor;Capotamento;Com V�timas Feridas;Pleno dia;Crescente;Chuva;Dupla;Curva;N�o;3;0;1;0;2;0;1;1;-22,77147684;-46,23667359;SPRF-MG;DEL16-MG;UOP03-DEL16-MG;;;