id;data_inversa;dia_semana;horario;uf;br;km;municipio;causa_acidente;tipo_acidente;classificacao_acidente;fase_dia;sentido_via;condicao_metereologica;tipo_pista;tracado_via;uso_solo;pessoas;mortos;feridos_leves;feridos_graves;ilesos;ignorados;feridos;veiculos;latitude;longitude;regional;delegacia;uop;;;
687195;25/04/2025;sexta-feira;08:30:00;SE;101;160,1;SANTA LUZIA DO ITANHY;Avarias e/ou desgaste excessivo no pneu;Capotamento;Com V�timas Feridas;Pleno dia;Decrescente;C�u Claro;Simples;Reta;N�o;1;0;1;0;0;0;1;1;-11,30580348;-37,51096129;SPRF-SE;DEL02-SE;UOP01-DEL02-SE;;;
687198;25/04/2025;sexta-feira;09:15:00;RS;116;252;SAPUCAIA DO SUL;Rea��o tardia ou ineficiente do condutor;Colis�o traseira;Com V�timas Feridas;Pleno dia;Decrescente;Nublado;M�ltipla;"Reta;Viaduto";Sim;3;0;1;0;2;0;1;3;-29,81627354;-51,16965529;SPRF-RS;DEL01-RS;UOP02-DEL01-RS;;;
687199;25/04/2025;sexta-feira;09:10:00;BA;324;513;FEIRA DE SANTANA;Demais falhas mec�nicas ou el�tricas;Tombamento;Com V�timas Feridas;Pleno dia;Decrescente;Nublado;M�ltipla;Reta;Sim;1;0;1;0;0;0;1;1;-12,2316161;-38,95589602;SPRF-BA;DEL02-BA;UOP01-DEL02-BA;;;
687201;25/04/2025;sexta-feira;08:20:00;SC;101;119;ITAJAI;Rea��o tardia ou ineficiente do condutor;Engavetamento;Com V�timas Feridas;Pleno dia;Decrescente;C�u Claro;M�ltipla;Reta;Sim;3;0;1;0;2;0;1;3;-26,89935597;-48,71744983;SPRF-SC;DEL04-SC;UOP04-DEL04-SC;;;
687205;25/04/2025;sexta-feira;08:10:00;MT;163;984;TERRA NOVA DO NORTE;Condutor deixou de manter dist�ncia do ve�culo da frente;Colis�o traseira;Sem V�timas;Pleno dia;Decrescente;C�u Claro;Simples;Reta;N�o;4;0;0;0;4;0;0;2;-10,626;-55,126;SPRF-MT;DEL06-MT;UOP03-DEL06-MT;;;
687207;25/04/2025;sexta-feira;09:00:00;GO;153;596,8;MORRINHOS;Acumulo de �gua sobre o pavimento;Sa�da de leito carro��vel;Com V�timas Feridas;Pleno dia;Crescente;Chuva;Dupla;Curva;N�o;1;0;1;0;0;0;1;1;-17,6261413;-49,1780139;SPRF-GO;DEL03-GO;UOP01-DEL03-GO;;;
687208;25/04/2025;sexta-feira;10:00:00;PE;101;43;IGARASSU;Aus�ncia de rea��o do condutor;Tombamento;Com V�timas Feridas;Pleno dia;Crescente;C�u Claro;M�ltipla;Reta;Sim;2;0;1;0;1;0;1;1;-7,85719188;-34,90854164;SPRF-PE;DEL01-PE;UOP02-DEL01-PE;;;
687211;25/04/2025;sexta-feira;08:10:00;MG;381;903,5;CAMBUI;Velocidade Incompat�vel;Colis�o com objeto;Com V�timas Feridas;Pleno dia;Decrescente;Chuva;Dupla;"Curva;Declive";N�o;2;0;1;0;1;0;1;1;-22,64622469;-46,08765721;SPRF-MG;DEL16-MG;UOP03-DEL16-MG;;;
687212;25/04/2025;sexta-feira;10:40:00;RS;116;252;SAPUCAIA DO SUL;Aus�ncia de rea��o do condutor;Colis�o com objeto;Sem V�timas;Pleno dia;Crescente;C�u Claro;Simples;Reta;Sim;1;0;0;0;1;0;0;1;-29,81545128;-51,16940852;SPRF-RS;DEL01-RS;UOP02-DEL01-RS;;;
687213;25/04/2025;sexta-feira;10:30:00;PB;101;47,6;RIO TINTO;Rea��o tardia ou ineficiente do condutor;Sa�da de leito carro��vel;Com V�timas Feridas;Pleno dia;Decrescente;C�u Claro;Dupla;Reta;N�o;2;0;2;0;0;0;2;1;-6,902283;-35,119599;SPRF-PB;DEL01-PB;UOP03-DEL01-PB;;;
687215;25/04/2025;sexta-feira;07:45:00;MG;116;414,5;GOVERNADOR VALADARES;Acessar a via sem observar a presen�a dos outros ve�culos;Colis�o lateral mesmo sentido;Com V�timas Feridas;Pleno dia;Decrescente;Nublado;Simples;Reta;Sim;2;0;1;0;1;0;1;2;-18,88544722;-41,94653034;SPRF-MG;DEL06-MG;UOP01-DEL06-MG;;;
687217;25/04/2025;sexta-feira;08:30:00;RJ;40;47;PETROPOLIS;Condutor Dormindo;Colis�o com objeto;Com V�timas Feridas;Pleno dia;Crescente;Chuva;Dupla;Curva;N�o;1;0;1;0;0;0;1;1;-22,30434376;-43,13335419;SPRF-RJ;DEL05-RJ;UOP02-DEL05-RJ;;;
687218;22/04/2025;ter�a-feira;03:10:00;BA;116;777,8;PLANALTO;Velocidade Incompat�vel;Colis�o com objeto;Com V�timas Feridas;Plena Noite;Decrescente;Chuva;Simples;Reta;Sim;1;0;0;1;0;0;1;1;-14,67108;-40,47893;SPRF-BA;DEL08-BA;UOP02-DEL08-BA;;;
687219;25/04/2025;sexta-feira;11:15:00;SE;101;101,4;SAO CRISTOVAO;Avarias e/ou desgaste excessivo no pneu;Tombamento;Com V�timas Feridas;Pleno dia;Crescente;C�u Claro;Dupla;Reta;N�o;2;0;2;0;0;0;2;1;-10,9465558;-37,2066654;SPRF-SE;DEL02-SE;UOP01-DEL02-SE;;;
687220;25/04/2025;sexta-feira;09:20:00;SC;101;10;GARUVA;Aus�ncia de rea��o do condutor;Colis�o traseira;Com V�timas Feridas;Pleno dia;Decrescente;C�u Claro;Dupla;Reta;Sim;3;0;2;1;0;0;3;2;-26,06419364;-48,86016782;SPRF-SC;DEL03-SC;UOP01-DEL03-SC;;;
687221;25/04/2025;sexta-feira;11:19:00;SC;101;205,7;SAO JOSE;Rea��o tardia ou ineficiente do condutor;Colis�o traseira;Com V�timas Feridas;Pleno dia;Crescente;Sol;M�ltipla;Reta;Sim;2;0;1;0;1;0;1;2;-27,58993158;-48,61758532;SPRF-SC;DEL01-SC;UOP01-DEL01-SC;;;
687222;25/04/2025;sexta-feira;12:00:00;ES;101;268,8;SERRA;Acessar a via sem observar a presen�a dos outros ve�culos;Atropelamento de Pedestre;Com V�timas Feridas;Pleno dia;Crescente;C�u Claro;Dupla;Reta;N�o;2;0;0;1;1;0;1;2;-20,2147571;-40,27002007;SPRF-ES;DEL02-ES;UOP01-DEL02-ES;;;
687224;25/04/2025;sexta-feira;10:53:00;RO;319;63;PORTO VELHO;Rea��o tardia ou ineficiente do condutor;Colis�o lateral mesmo sentido;Com V�timas Feridas;Pleno dia;Decrescente;C�u Claro;Dupla;Interse��o de Vias;Sim;2;0;1;0;1;0;1;2;-8,75764111;-63,88599372;SPRF-RO;DEL01-RO;UOP01-DEL01-RO;;;
687225;25/04/2025;sexta-feira;12:20:00;PR;376;551,5;PALMEIRA;Condutor deixou de manter dist�ncia do ve�culo da frente;Colis�o traseira;Sem V�timas;Pleno dia;Crescente;C�u Claro;Dupla;Declive;N�o;3;0;0;0;3;0;0;2;-25,43480148;-49,7518429;SPRF-PR;DEL03-PR;UOP03-DEL03-PR;;;
687227;24/03/2025;segunda-feira;07:00:00;PR;376;182;MARINGA;Acessar a via sem observar a presen�a dos outros ve�culos;Colis�o transversal;Com V�timas Feridas;Pleno dia;Decrescente;C�u Claro;M�ltipla;Rotat�ria;Sim;3;0;1;0;2;0;1;3;-23,43130513;-51,88767521;SPRF-PR;DEL09-PR;UOP01-DEL09-PR;;;
687228;19/04/2025;s�bado;17:45:00;PA;155;333;MARABA;Transitar na contram�o;Colis�o lateral sentido oposto;Sem V�timas;Plena Noite;Decrescente;C�u Claro;Simples;Reta;N�o;5;0;0;0;4;1;0;3;-5,54464;-49,075142;SPRF-PA;DEL03-PA;UOP01-DEL03-PA;;;
687229;25/04/2025;sexta-feira;12:00:00;MG;381;516;IGARAPE;Rea��o tardia ou ineficiente do condutor;Colis�o com objeto;Sem V�timas;Pleno dia;Decrescente;C�u Claro;Dupla;Declive;Sim;1;0;0;0;1;0;0;1;-20,09954374;-44,31781769;SPRF-MG;DEL01-MG;UOP03-DEL01-MG;;;
687230;25/04/2025;sexta-feira;10:50:00;RJ;116;117;MAGE;Rea��o tardia ou ineficiente do condutor;Colis�o traseira;Com V�timas Feridas;Pleno dia;Decrescente;Nublado;Dupla;Reta;N�o;2;0;1;0;1;0;1;2;-22,59854002;-43,02439213;SPRF-RJ;DEL04-RJ;UOP02-DEL04-RJ;;;
687231;20/03/2025;quinta-feira;16:20:00;SC;470;0,1;NAVEGANTES;Acessar a via sem observar a presen�a dos outros ve�culos;Colis�o transversal;Com V�timas Feridas;Pleno dia;Crescente;C�u Claro;Dupla;"Reta;Interse��o de Vias;Retorno Regulamentado";Sim;2;0;1;0;1;0;1;2;-26,88156615;-48,66212726;SPRF-SC;DEL04-SC;UOP04-DEL04-SC;;;
687232;25/04/2025;sexta-feira;12:30:00;PR;163;296;MERCEDES;Demais falhas mec�nicas ou el�tricas;Capotamento;Com V�timas Feridas;Pleno dia;Crescente;C�u Claro;Simples;"Declive;Reta";N�o;2;0;1;0;1;0;1;1;-24,48960536;-54,12482008;SPRF-PR;DEL06-PR;UOP02-DEL06-PR;;;
687235;25/04/2025;sexta-feira;13:30:00;RS;116;1;PORTO ALEGRE;Acesso irregular;Colis�o traseira;Com V�timas Feridas;Pleno dia;Decrescente;C�u Claro;Dupla;Reta;Sim;5;0;1;0;2;2;1;4;-29,9699852;-51,1711903;SPRF-RS;DEL01-RS;UOP01-DEL01-RS;;;
687237;25/04/2025;sexta-feira;13:15:00;SP;101;51;UBATUBA;Convers�o proibida;Colis�o lateral mesmo sentido;Com V�timas Feridas;Pleno dia;Crescente;Nublado;Simples;Interse��o de Vias;Sim;2;0;1;0;1;0;1;2;-23,45696178;-45,07046197;SPRF-SP;DEL06-SP;UOP01-DEL06-SP;;;
687239;25/04/2025;sexta-feira;12:50:00;MA;135;48;BACABEIRA;Pista Escorregadia;Capotamento;Com V�timas Feridas;Pleno dia;Decrescente;Chuva;Dupla;Reta;Sim;1;0;1;0;0;0;1;1;-2,93588728;-44,3316021;SPRF-MA;DEL01-MA;UOP01-DEL01-MA;;;
687240;30/03/2025;domingo;21:20:00;PA;153;114;SAO GERALDO DO ARAGUAIA;Transitar na contram�o;Colis�o frontal;Com V�timas Fatais;Plena Noite;Crescente;C�u Claro;Simples;Reta;N�o;4;1;0;3;0;0;3;2;-6,33781984;-48,59321594;SPRF-PA;DEL03-PA;UOP01-DEL03-PA;;;
687242;25/04/2025;sexta-feira;11:40:00;SC;101;292;IMBITUBA;Aus�ncia de rea��o do condutor;Colis�o transversal;Com V�timas Feridas;Pleno dia;Decrescente;C�u Claro;Simples;Reta;Sim;2;0;1;0;1;0;1;2;-28,296412;-48,713885;SPRF-SC;DEL02-SC;UOP03-DEL02-SC;;;
687243;25/04/2025;sexta-feira;13:16:00;ES;262;36,5;DOMINGOS MARTINS;Aus�ncia de rea��o do condutor;Colis�o traseira;Com V�timas Feridas;Pleno dia;Crescente;C�u Claro;Simples;Curva;N�o;2;0;0;1;1;0;1;2;-20,381033;-40,6057;SPRF-ES;DEL01-ES;UOP01-DEL01-ES;;;
687244;25/04/2025;sexta-feira;10:25:00;BA;324;551;AMELIA RODRIGUES;Velocidade Incompat�vel;Colis�o traseira;Com V�timas Feridas;Pleno dia;Decrescente;C�u Claro;Dupla;Reta;N�o;3;0;1;0;2;0;1;2;-12,45170151;-38,70842242;SPRF-BA;DEL01-BA;UOP03-DEL01-BA;;;
687248;25/04/2025;sexta-feira;13:30:00;MG;40;628;CONSELHEIRO LAFAIETE;Acessar a via sem observar a presen�a dos outros ve�culos;Colis�o transversal;Com V�timas Feridas;Pleno dia;Crescente;C�u Claro;Simples;Reta;Sim;2;0;1;0;1;0;1;2;-20,6429783;-43,8119966;SPRF-MG;DEL05-MG;UOP02-DEL05-MG;;;
687251;21/04/2025;segunda-feira;17:30:00;SC;282;105;ALFREDO WAGNER;Acessar a via sem observar a presen�a dos outros ve�culos;Colis�o frontal;Com V�timas Feridas;Pleno dia;Decrescente;C�u Claro;Simples;Reta;N�o;3;0;0;1;2;0;1;3;-27,69688002;-49,3460354;SPRF-SC;DEL01-SC;UOP03-DEL01-SC;;;
687253;25/04/2025;sexta-feira;13:40:00;SC;280;7;SAO FRANCISCO DO SUL;Acessar a via sem observar a presen�a dos outros ve�culos;Colis�o lateral mesmo sentido;Com V�timas Feridas;Pleno dia;Decrescente;C�u Claro;Simples;"Reta;Interse��o de Vias";Sim;2;0;1;0;1;0;1;2;-26,26632529;-48,63462925;SPRF-SC;DEL03-SC;UOP03-DEL03-SC;;;
687257;19/04/2025;s�bado;10:00:00;PB;230;22,5;JOAO PESSOA;Aus�ncia de rea��o do condutor;Tombamento;Com V�timas Feridas;Pleno dia;Decrescente;Sol;Dupla;Reta;Sim;2;0;2;0;0;0;2;1;-7,153528;-34,8543219;SPRF-PB;DEL01-PB;UOP01-DEL01-PB;;;
687258;25/04/2025;sexta-feira;13:04:00;RJ;393;245;VASSOURAS;Animais na Pista;Colis�o traseira;Com V�timas Feridas;Pleno dia;Crescente;Nublado;Simples;Reta;N�o;3;0;1;0;2;0;1;2;-22,42487;-43,760575;SPRF-RJ;DEL05-RJ;UOP04-DEL05-RJ;;;
687262;25/04/2025;sexta-feira;14:30:00;MT;364;402;CUIABA;Aus�ncia de rea��o do condutor;Colis�o traseira;Com V�timas Feridas;Pleno dia;Decrescente;C�u Claro;Dupla;Reta;Sim;2;0;1;0;1;0;1;2;-15,64806728;-56,00473881;SPRF-MT;DEL01-MT;UOP02-DEL01-MT;;;
687265;25/04/2025;sexta-feira;15:30:00;MG;40;445;PARAOPEBA;Rea��o tardia ou ineficiente do condutor;Capotamento;Com V�timas Feridas;Pleno dia;Crescente;Nublado;Dupla;"Reta;Declive";N�o;1;0;1;0;0;0;1;1;-19,288803;-44,397043;SPRF-MG;DEL02-MG;UOP01-DEL02-MG;;;
687268;25/04/2025;sexta-feira;16:50:00;PE;104;60;CARUARU;Manobra de mudan�a de faixa;Colis�o lateral mesmo sentido;Com V�timas Feridas;Pleno dia;Crescente;C�u Claro;Dupla;Reta;Sim;3;0;2;0;1;0;2;2;-8,238469;-35,975581;SPRF-PE;DEL02-PE;UOP01-DEL02-PE;;;
687269;25/04/2025;sexta-feira;16:45:00;SC;101;117;ITAJAI;Frear bruscamente;Engavetamento;Com V�timas Feridas;Pleno dia;Crescente;C�u Claro;M�ltipla;"Aclive;Reta";Sim;4;0;1;0;3;0;1;3;-26,88681894;-48,72282219;SPRF-SC;DEL04-SC;UOP04-DEL04-SC;;;
687270;25/04/2025;sexta-feira;16:40:00;PB;230;16;JOAO PESSOA;Manobra de mudan�a de faixa;Colis�o traseira;Com V�timas Feridas;Pleno dia;Crescente;C�u Claro;Dupla;Reta;Sim;2;0;1;0;1;0;1;2;-7,10632119;-34,84410214;SPRF-PB;DEL01-PB;UOP01-DEL01-PB;;;
687271;25/04/2025;sexta-feira;17:10:00;SP;381;71;MAIRIPORA;Aus�ncia de rea��o do condutor;Colis�o com objeto;Sem V�timas;Anoitecer;Decrescente;Garoa/Chuvisco;Dupla;"Curva;Declive";N�o;3;0;0;0;3;0;0;1;-23,352514;-46,551448;SPRF-SP;DEL03-SP;UOP01-DEL03-SP;;;
687272;25/04/2025;sexta-feira;15:50:00;GO;50;265;CATALAO;Avarias e/ou desgaste excessivo no pneu;Colis�o com objeto;Sem V�timas;Pleno dia;Decrescente;Chuva;Dupla;Reta;N�o;2;0;0;0;2;0;0;1;-18,075034;-47,865076;SPRF-GO;DEL06-GO;UOP01-DEL06-GO;;;
687273;25/04/2025;sexta-feira;17:25:00;BA;116;414;FEIRA DE SANTANA;Aus�ncia de sinaliza��o;Atropelamento de Pedestre;Com V�timas Feridas;Plena Noite;Crescente;C�u Claro;Dupla;Reta;Sim;2;0;0;1;0;1;1;2;-12,169224;-38,9650136;SPRF-BA;DEL02-BA;UOP01-DEL02-BA;;;
687277;25/04/2025;sexta-feira;17:35:00;PE;423;95;GARANHUNS;Transitar no Acostamento;Colis�o transversal;Com V�timas Feridas;Plena Noite;Crescente;C�u Claro;Simples;Interse��o de Vias;Sim;2;0;1;0;1;0;1;2;-8,879149;-36,485264;SPRF-PE;DEL03-PE;UOP01-DEL03-PE;;;
687278;25/04/2025;sexta-feira;17:45:00;SC;101;162,8;TIJUCAS;Rea��o tardia ou ineficiente do condutor;Sa�da de leito carro��vel;Com V�timas Feridas;Anoitecer;Crescente;Nublado;M�ltipla;Curva;Sim;1;0;0;1;0;0;1;1;-27,23272;-48,6303;SPRF-SC;DEL04-SC;UOP03-DEL04-SC;;;
687279;25/04/2025;sexta-feira;17:45:00;MG;381;510;SAO JOAQUIM DE BICAS;Transitar na contram�o;Colis�o frontal;Com V�timas Feridas;Anoitecer;Decrescente;C�u Claro;Dupla;Reta;Sim;2;0;1;0;1;0;1;2;-20,05573543;-44,28507211;SPRF-MG;DEL01-MG;UOP03-DEL01-MG;;;
687281;25/04/2025;sexta-feira;17:45:00;RS;290;86,5;PORTO ALEGRE;Rea��o tardia ou ineficiente do condutor;Colis�o lateral mesmo sentido;Com V�timas Feridas;Anoitecer;Decrescente;C�u Claro;M�ltipla;Reta;N�o;3;0;1;0;2;0;1;2;-29,96785889;-51,12686126;SPRF-RS;DEL01-RS;UOP01-DEL01-RS;;;
687282;25/04/2025;sexta-feira;14:40:00;MG;365;242;BURITIZEIRO;Transitar na contram�o;Colis�o frontal;Com V�timas Feridas;Pleno dia;Crescente;Nublado;Simples;Curva;N�o;2;0;0;2;0;0;2;2;-17,78166;-45,41284;SPRF-MG;DEL10-MG;UOP02-DEL010-MG;;;
687283;25/04/2025;sexta-feira;18:10:00;TO;153;140;ARAGUAINA;Acessar a via sem observar a presen�a dos outros ve�culos;Colis�o transversal;Com V�timas Feridas;Anoitecer;Crescente;C�u Claro;M�ltipla;Retorno Regulamentado;Sim;3;0;2;0;1;0;2;2;-7,17307644;-48,21651161;SPRF-TO;DEL02-TO;UOP01-DEL02-TO;;;
687284;25/04/2025;sexta-feira;17:40:00;SP;381;33;ATIBAIA;Acumulo de �gua sobre o pavimento;Colis�o com objeto;Com V�timas Feridas;Anoitecer;Decrescente;Chuva;Dupla;Reta;N�o;1;0;1;0;0;0;1;1;-23,05239;-46,56718;SPRF-SP;DEL03-SP;UOP02-DEL03-SP;;;
687285;25/04/2025;sexta-feira;18:00:00;SC;101;216,5;PALHOCA;Acessar a via sem observar a presen�a dos outros ve�culos;Colis�o lateral mesmo sentido;Com V�timas Feridas;Plena Noite;Decrescente;C�u Claro;Simples;"Reta;Interse��o de Vias;Retorno Regulamentado";Sim;3;0;1;1;1;0;2;2;-27,66419;-48,67539;SPRF-SC;DEL01-SC;UOP02-DEL01-SC;;;
687286;25/04/2025;sexta-feira;17:45:00;SC;470;1,3;NAVEGANTES;Rea��o tardia ou ineficiente do condutor;Sa�da de leito carro��vel;Sem V�timas;Plena Noite;Decrescente;Ignorado;M�ltipla;Curva;Sim;1;0;0;0;1;0;0;1;-26,87532471;-48,6683592;SPRF-SC;DEL04-SC;UOP04-DEL04-SC;;;
687287;25/04/2025;sexta-feira;18:10:00;ES;101;298,5;VIANA;Aus�ncia de rea��o do condutor;Colis�o traseira;Com V�timas Feridas;Plena Noite;Crescente;Nublado;Simples;Reta;Sim;2;0;0;1;1;0;1;2;-20,356822;-40,41918;SPRF-ES;DEL01-ES;UOP01-DEL01-ES;;;
687288;25/04/2025;sexta-feira;16:10:00;PE;423;173,5;AGUAS BELAS;Aus�ncia de rea��o do condutor;Sa�da de leito carro��vel;Com V�timas Feridas;Pleno dia;Decrescente;C�u Claro;Simples;Declive;N�o;1;0;0;1;0;0;1;1;-9,129428;-37,086878;SPRF-AL;DEL03-AL;UOP02-DEL03-AL;;;
687289;25/04/2025;sexta-feira;18:40:00;PR;376;2,8;SAO JOSE DOS PINHAIS;Condutor deixou de manter dist�ncia do ve�culo da frente;Colis�o lateral mesmo sentido;Com V�timas Feridas;Plena Noite;Crescente;Nublado;Dupla;Reta;Sim;2;0;1;0;1;0;1;2;-25,54605125;-49,18952163;SPRF-PR;DEL01-PR;UOP04-DEL01-PR;;;
687290;25/04/2025;sexta-feira;18:00:00;RS;472;182,5;SANTO CRISTO;Condutor deixou de manter dist�ncia do ve�culo da frente;Colis�o traseira;Sem V�timas;Anoitecer;Crescente;Sol;Simples;Reta;N�o;2;0;0;0;2;0;0;2;-27,8399954;-54,5828558;SPRF-RS;DEL10-RS;UOP01-DEL10-RS;;;
687291;25/04/2025;sexta-feira;18:30:00;GO;60;65;ABADIANIA;Velocidade Incompat�vel;Colis�o transversal;Com V�timas Feridas;Plena Noite;Crescente;C�u Claro;Dupla;Reta;N�o;2;0;1;0;0;1;1;2;-16,21202597;-48,74478288;SPRF-GO;DEL02-GO;UOP01-DEL02-GO;;;
687292;25/04/2025;sexta-feira;18:40:00;SC;470;64;INDAIAL;Demais falhas mec�nicas ou el�tricas;Tombamento;Com V�timas Feridas;Plena Noite;Crescente;C�u Claro;Simples;Reta;N�o;2;0;1;0;1;0;1;1;-26,87014526;-49,20982361;SPRF-SC;DEL04-SC;UOP01-DEL04-SC;;;
687293;25/04/2025;sexta-feira;18:45:00;PR;116;116;CURITIBA;Aus�ncia de rea��o do condutor;Colis�o lateral mesmo sentido;Com V�timas Feridas;Pleno dia;Crescente;C�u Claro;Dupla;Reta;N�o;2;0;0;1;1;0;1;2;-25,55066412;-49,30489032;SPRF-PR;DEL01-PR;UOP03-DEL01-PR;;;
687294;25/04/2025;sexta-feira;17:20:00;RO;319;64;PORTO VELHO;Acessar a via sem observar a presen�a dos outros ve�culos;Colis�o transversal;Com V�timas Feridas;Pleno dia;Crescente;Nublado;M�ltipla;Interse��o de Vias;Sim;4;0;2;0;2;0;2;3;-8,76610302;-63,88456313;SPRF-RO;DEL01-RO;UOP01-DEL01-RO;;;
687295;25/04/2025;sexta-feira;19:00:00;RS;116;251;SAPUCAIA DO SUL;Condutor desrespeitou a ilumina��o vermelha do sem�foro;Colis�o transversal;Com V�timas Feridas;Plena Noite;Decrescente;C�u Claro;Dupla;Reta;Sim;3;0;2;0;1;0;2;2;-29,81636942;-51,16945736;SPRF-RS;DEL01-RS;UOP02-DEL01-RS;;;
687296;25/04/2025;sexta-feira;18:20:00;AP;156;65;PORTO GRANDE;Aus�ncia de rea��o do condutor;Capotamento;Com V�timas Feridas;Anoitecer;Decrescente;C�u Claro;Simples;Curva;N�o;5;0;4;0;1;0;4;1;0,532595;-51,126255;SPRF-AP;DEL01-AP;UOP01-DEL01-AP;;;
687298;25/04/2025;sexta-feira;18:20:00;SC;101;214;PALHOCA;Condutor deixou de manter dist�ncia do ve�culo da frente;Colis�o traseira;Sem V�timas;Plena Noite;Crescente;Nublado;Dupla;Reta;Sim;2;0;0;0;2;0;0;2;-27,63904874;-48,66631955;SPRF-SC;DEL01-SC;UOP02-DEL01-SC;;;
687300;25/04/2025;sexta-feira;19:15:00;TO;230;30,6;NAZARE;Suic�dio (presumido);Colis�o frontal;Com V�timas Fatais;Plena Noite;Decrescente;C�u Claro;Simples;"Aclive;Reta";N�o;5;2;0;0;3;0;0;2;-6,408265;-47,625027;SPRF-TO;DEL02-TO;UOP03-DEL02-TO;;;
687301;25/04/2025;sexta-feira;19:30:00;GO;153;501;GOIANIA;Condutor deixou de manter dist�ncia do ve�culo da frente;Colis�o traseira;Sem V�timas;Plena Noite;Crescente;Nublado;Dupla;Reta;N�o;2;0;0;0;2;0;0;2;-16,711137;-49,231912;SPRF-GO;DEL01-GO;UOP01-DEL01-GO;;;
687303;15/03/2025;s�bado;18:00:00;RJ;101;198;CASIMIRO DE ABREU;Rea��o tardia ou ineficiente do condutor;Sa�da de leito carro��vel;Com V�timas Feridas;Plena Noite;Crescente;Garoa/Chuvisco;Dupla;Curva;N�o;3;0;1;0;2;0;1;1;-22,490839;-42,133093;SPRF-RJ;DEL08-RJ;UOP04-DEL08-RJ;;;
687305;25/04/2025;sexta-feira;19:15:00;PR;277;4;CURITIBA;Velocidade Incompat�vel;Colis�o lateral mesmo sentido;Com V�timas Feridas;Plena Noite;Crescente;Nublado;Dupla;Curva;N�o;4;0;1;0;2;1;1;3;-25,43024493;-49,3209827;SPRF-PR;DEL01-PR;UOP06-DEL01-PR;;;
687306;25/04/2025;sexta-feira;19:30:00;ES;101;121;SOORETAMA;Ultrapassagem Indevida;Colis�o lateral sentido oposto;Com V�timas Feridas;Plena Noite;Crescente;C�u Claro;Simples;"Reta;Declive";N�o;3;0;0;2;1;0;2;2;-19,05603549;-40,03174371;SPRF-ES;DEL04-ES;UOP01-DEL04-ES;;;
687307;25/04/2025;sexta-feira;17:50:00;GO;40;92,8;CRISTALINA;Acessar a via sem observar a presen�a dos outros ve�culos;Colis�o transversal;Com V�timas Feridas;Anoitecer;Decrescente;C�u Claro;Simples;Interse��o de Vias;N�o;2;0;1;0;1;0;1;2;-16,73401979;-47,62159109;SPRF-DF;DEL01-DF;UOP02-DEL01-DF;;;
687309;25/04/2025;sexta-feira;18:30:00;CE;222;2,3;FORTALEZA;Rea��o tardia ou ineficiente do condutor;Colis�o traseira;Com V�timas Feridas;Plena Noite;Crescente;C�u Claro;Dupla;Reta;Sim;3;0;1;0;2;0;1;3;-3,73980642;-38,59269619;SPRF-CE;DEL01-CE;UOP01-DEL01-CE;;;
687310;25/04/2025;sexta-feira;19:20:00;PR;153;46,2;SANTO ANTONIO DA PLATINA;Condutor deixou de manter dist�ncia do ve�culo da frente;Colis�o traseira;Com V�timas Feridas;Plena Noite;Decrescente;C�u Claro;Simples;Reta;N�o;2;0;2;0;0;0;2;2;-23,33476907;-50,06684303;SPRF-PR;DEL07-PR;UOP04-DEL07-PR;;;
687311;25/04/2025;sexta-feira;14:30:00;MS;60;128,9;PARAISO DAS AGUAS;Aus�ncia de rea��o do condutor;Sa�da de leito carro��vel;Com V�timas Feridas;Pleno dia;Crescente;Nublado;Simples;Reta;N�o;4;0;3;1;0;0;4;1;-19,36182728;-53,55303884;SPRF-MS;DEL06-MS;UOP02-DEL06-MS;;;
687312;25/04/2025;sexta-feira;19:40:00;GO;60;163,1;GOIANIA;Acessar a via sem observar a presen�a dos outros ve�culos;Atropelamento de Pedestre;Com V�timas Feridas;Plena Noite;Crescente;C�u Claro;Dupla;Reta;Sim;3;0;1;1;1;0;2;3;-16,70842432;-49,35047865;SPRF-GO;DEL01-GO;UOP02-DEL01-GO;;;
687313;25/04/2025;sexta-feira;20:00:00;BA;324;517;FEIRA DE SANTANA;Ingest�o de �lcool pelo condutor;Tombamento;Com V�timas Feridas;Plena Noite;Crescente;C�u Claro;Simples;Reta;Sim;1;0;1;0;0;0;1;1;-12,27018933;-38,93497825;SPRF-BA;DEL02-BA;UOP01-DEL02-BA;;;
687315;25/04/2025;sexta-feira;19:50:00;RJ;116;179;MESQUITA;Aus�ncia de rea��o do condutor;Colis�o traseira;Com V�timas Feridas;Plena Noite;Crescente;Nublado;Dupla;Reta;Sim;6;0;1;0;5;0;1;3;-22,774988;-43,400881;SPRF-RJ;DEL06-RJ;UOP01-DEL06-RJ;;;
687316;25/04/2025;sexta-feira;20:15:00;ES;101;292;CARIACICA;Condutor deixou de manter dist�ncia do ve�culo da frente;Colis�o traseira;Com V�timas Feridas;Plena Noite;Decrescente;Chuva;Dupla;"Reta;Declive";Sim;2;0;2;0;0;0;2;1;-20,307885;-40,394741;SPRF-ES;DEL01-ES;UOP01-DEL01-ES;;;