id;data_inversa;dia_semana;horario;uf;br;km;municipio;causa_acidente;tipo_acidente;classificacao_acidente;fase_dia;sentido_via;condicao_metereologica;tipo_pista;tracado_via;uso_solo;pessoas;mortos;feridos_leves;feridos_graves;ilesos;ignorados;feridos;veiculos;latitude;longitude;regional;delegacia;uop;;;
687319;25/04/2025;sexta-feira;19:20:00;PE;101;117;IPOJUCA;Rea��o tardia ou ineficiente do condutor;Sa�da de leito carro��vel;Com V�timas Feridas;Plena Noite;Crescente;Nublado;Dupla;"Curva;Rotat�ria";N�o;5;0;4;1;0;0;5;1;-8,34947;-35,15283;SPRF-PE;DEL01-PE;UOP03-DEL01-PE;;;
687320;16/04/2025;quarta-feira;13:20:00;DF;70;2;BRASILIA;Condutor deixou de manter dist�ncia do ve�culo da frente;Colis�o traseira;Com V�timas Feridas;Pleno dia;Crescente;Nublado;Dupla;"Aclive;Curva";Sim;2;0;1;0;1;0;1;2;-15,7952729;-48,1990985;SPRF-DF;DEL03-DF;UOP02-DEL03-DF;;;
687321;16/04/2025;quarta-feira;16:15:00;DF;70;13;BRASILIA;Pista Escorregadia;Queda de ocupante de ve�culo;Com V�timas Feridas;Pleno dia;Crescente;Nublado;Dupla;Rotat�ria;N�o;1;0;1;0;0;0;1;1;-15,7952672;-48,1990949;SPRF-DF;DEL03-DF;UOP02-DEL03-DF;;;
687323;25/04/2025;sexta-feira;20:00:00;RJ;101;119;CAMPOS DOS GOYTACAZES;Chuva;Colis�o traseira;Com V�timas Feridas;Plena Noite;Crescente;Chuva;Dupla;Reta;N�o;3;0;0;2;0;1;2;2;-22,019734;-41,684891;SPRF-RJ;DEL08-RJ;UOP02-DEL08-RJ;;;
687324;25/04/2025;sexta-feira;20:00:00;SP;101;38,5;UBATUBA;Demais Fen�menos da natureza;Colis�o com objeto;Com V�timas Feridas;Plena Noite;Decrescente;Garoa/Chuvisco;Simples;Reta;N�o;1;0;1;0;0;0;1;1;-23,41135054;-45,01982689;SPRF-SP;DEL06-SP;UOP01-DEL06-SP;;;
687325;25/04/2025;sexta-feira;11:40:00;GO;80;66;PADRE BERNARDO;Acessar a via sem observar a presen�a dos outros ve�culos;Colis�o transversal;Com V�timas Fatais;Pleno dia;Crescente;C�u Claro;Simples;"Reta;Aclive";N�o;2;1;1;0;0;0;1;2;-15,19968;-48,450967;SPRF-DF;DEL03-DF;UOP02-DEL03-DF;;;
687326;25/04/2025;sexta-feira;21:10:00;PI;343;12,4;PARNAIBA;Condutor desrespeitou a ilumina��o vermelha do sem�foro;Colis�o transversal;Sem V�timas;Plena Noite;Decrescente;Garoa/Chuvisco;Dupla;"Reta;Interse��o de Vias";Sim;2;0;0;0;2;0;0;2;-2,91659899;-41,75398886;SPRF-PI;DEL05-PI;UOP01-DEL05-PI;;;
687328;25/04/2025;sexta-feira;21:30:00;PB;104;113;LAGOA SECA;Condutor deixou de manter dist�ncia do ve�culo da frente;Colis�o traseira;Com V�timas Feridas;Plena Noite;Decrescente;C�u Claro;Simples;"Reta;Interse��o de Vias";N�o;2;0;2;0;0;0;2;2;-7,1486383;-35,8542289;SPRF-PB;DEL02-PB;UOP04-DEL02-PB;;;
687330;25/04/2025;sexta-feira;21:10:00;ES;101;325;GUARAPARI;Chuva;Queda de ocupante de ve�culo;Com V�timas Feridas;Plena Noite;Crescente;Chuva;Dupla;Reta;N�o;2;0;2;0;0;0;2;1;-20,55633551;-40,48060656;SPRF-ES;DEL03-ES;UOP01-DEL03-ES;;;
687331;25/04/2025;sexta-feira;19:30:00;PR;376;3;SAO JOSE DOS PINHAIS;Rea��o tardia ou ineficiente do condutor;Colis�o traseira;Com V�timas Feridas;Plena Noite;Crescente;Nublado;Dupla;Reta;Sim;2;0;1;0;1;0;1;2;-25,53935736;-49,19178911;SPRF-PR;DEL01-PR;UOP04-DEL01-PR;;;
687333;25/04/2025;sexta-feira;20:19:00;PR;158;366,8;MARQUINHO;Entrada inopinada do pedestre;Atropelamento de Pedestre;Com V�timas Feridas;Plena Noite;Decrescente;Nublado;Simples;Reta;N�o;2;0;0;1;1;0;1;2;-25,11641;-52,26714;SPRF-PR;DEL04-PR;UOP02-DEL04-PR;;;
687334;25/04/2025;sexta-feira;18:30:00;RO;429;160;SERINGUEIRAS;Defici�ncia do Sistema de Ilumina��o/Sinaliza��o;Colis�o traseira;Com V�timas Feridas;Plena Noite;Crescente;Chuva;Simples;Reta;N�o;3;0;3;0;0;0;3;2;-11,782879;-63,08447;SPRF-RO;DEL02-RO;UOP03-DEL02-RO;;;
687337;25/04/2025;sexta-feira;20:40:00;GO;414;380;CORUMBA DE GOIAS;Ultrapassagem Indevida;Colis�o frontal;Com V�timas Fatais;Plena Noite;Crescente;Ignorado;Simples;Reta;N�o;7;2;0;4;0;1;4;3;-15,83947;-48,7723;SPRF-GO;DEL02-GO;UOP01-DEL02-GO;;;
687339;25/04/2025;sexta-feira;22:00:00;CE;116;4;FORTALEZA;Condutor deixou de manter dist�ncia do ve�culo da frente;Colis�o traseira;Com V�timas Feridas;Plena Noite;Crescente;C�u Claro;M�ltipla;Reta;Sim;2;0;1;0;1;0;1;2;-3,7887988;-38,51048901;SPRF-CE;DEL01-CE;UOP02-DEL01-CE;;;
687342;25/04/2025;sexta-feira;22:09:00;PE;101;65,6;RECIFE;Entrada inopinada do pedestre;Atropelamento de Pedestre;Com V�timas Fatais;Plena Noite;Decrescente;C�u Claro;M�ltipla;Reta;N�o;4;1;0;0;3;0;0;2;-8,0415;-34,942808;SPRF-PE;DEL01-PE;UOP01-DEL01-PE;;;
687343;25/04/2025;sexta-feira;21:39:00;PI;316;2;TERESINA;Ingest�o de �lcool pelo condutor;Colis�o com objeto;Sem V�timas;Plena Noite;Crescente;Chuva;M�ltipla;"Reta;Interse��o de Vias";Sim;1;0;0;0;0;1;0;1;-5,12619484;-42,79414628;SPRF-PI;DEL01-PI;UOP02-DEL01-PI;;;
687345;25/04/2025;sexta-feira;22:54:00;SC;101;217,3;PALHOCA;Demais falhas mec�nicas ou el�tricas;Inc�ndio;Sem V�timas;Plena Noite;Decrescente;C�u Claro;Simples;Reta;Sim;1;0;0;0;1;0;0;1;-27,67039;-48,67264;SPRF-SC;DEL01-SC;UOP02-DEL01-SC;;;
687346;25/04/2025;sexta-feira;20:10:00;SC;101;357,8;SANGAO;Ingest�o de �lcool pelo condutor;Colis�o traseira;Com V�timas Feridas;Plena Noite;Crescente;C�u Claro;Dupla;Reta;Sim;3;0;0;1;1;1;1;3;-28,6483022;-49,10427332;SPRF-SC;DEL02-SC;UOP01-DEL02-SC;;;
687347;25/04/2025;sexta-feira;22:00:00;SP;101;52;UBATUBA;Acessar a via sem observar a presen�a dos outros ve�culos;Colis�o lateral mesmo sentido;Com V�timas Feridas;Plena Noite;Decrescente;Garoa/Chuvisco;Simples;Interse��o de Vias;Sim;2;0;1;0;1;0;1;2;-23,46231936;-45,06488197;SPRF-SP;DEL06-SP;UOP01-DEL06-SP;;;
687348;25/04/2025;sexta-feira;22:00:00;SC;101;447,6;SANTA ROSA DO SUL;Aus�ncia de rea��o do condutor;Colis�o com objeto;Com V�timas Feridas;Plena Noite;Crescente;C�u Claro;Dupla;Reta;N�o;1;0;0;1;0;0;1;1;-29,1292718;-49,6855539;SPRF-SC;DEL02-SC;UOP02-DEL02-SC;;;
687349;25/04/2025;sexta-feira;20:40:00;BA;407;168;FILADELFIA;Rea��o tardia ou ineficiente do condutor;Queda de ocupante de ve�culo;Com V�timas Feridas;Plena Noite;Decrescente;C�u Claro;Simples;"Reta;Aclive";N�o;1;0;1;0;0;0;1;1;-10,83615;-40,11376;SPRF-BA;DEL04-BA;UOP01-DEL04-BA;;;
687350;25/04/2025;sexta-feira;23:30:00;RS;116;248;SAO LEOPOLDO;Aus�ncia de rea��o do condutor;Colis�o lateral mesmo sentido;Com V�timas Feridas;Plena Noite;Decrescente;C�u Claro;Simples;"Curva;Em Obras";Sim;2;0;1;0;1;0;1;2;-29,77761335;-51,15550987;SPRF-RS;DEL01-RS;UOP02-DEL01-RS;;;
687353;25/04/2025;sexta-feira;23:10:00;RS;290;214,2;PANTANO GRANDE;Velocidade Incompat�vel;Sa�da de leito carro��vel;Com V�timas Feridas;Plena Noite;Crescente;C�u Claro;Simples;"Em Obras;Interse��o de Vias";N�o;2;0;2;0;0;0;2;1;-30,1866089;-52,35835075;SPRF-RS;DEL02-RS;UOP03-DEL02-RS;;;
687356;25/04/2025;sexta-feira;22:25:00;PR;476;129;CURITIBA;Rea��o tardia ou ineficiente do condutor;Colis�o com objeto;Com V�timas Feridas;Plena Noite;Decrescente;Nublado;Simples;Reta;Sim;1;0;1;0;0;0;1;1;-25,45141247;-49,23728943;SPRF-PR;DEL01-PR;UOP01-DEL01-PR;;;
687358;25/04/2025;sexta-feira;22:07:00;MT;163;692;LUCAS DO RIO VERDE;Ingest�o de �lcool pelo condutor;Sa�da de leito carro��vel;Sem V�timas;Plena Noite;Crescente;Nublado;Simples;Curva;Sim;1;0;0;0;1;0;0;1;-13,04795517;-55,9054175;SPRF-MT;DEL06-MT;UOP01-DEL06-MT;;;
687360;26/04/2025;s�bado;00:30:00;PE;232;27;MORENO;Animais na Pista;Atropelamento de Animal;Com V�timas Feridas;Plena Noite;Decrescente;Nevoeiro/Neblina;Dupla;Reta;N�o;1;0;1;0;0;0;1;1;-8,113667;-35,131581;SPRF-PE;DEL01-PE;UOP01-DEL01-PE;;;
687361;26/04/2025;s�bado;00:30:00;SC;101;276;IMBITUBA;Aus�ncia de rea��o do condutor;Colis�o com objeto;Sem V�timas;Plena Noite;Crescente;Nublado;Simples;Reta;N�o;1;0;0;0;1;0;0;1;-28,164774;-48,693918;SPRF-SC;DEL02-SC;UOP03-DEL02-SC;;;
687362;25/04/2025;sexta-feira;23:10:00;MG;381;250,4;SANTANA DO PARAISO;Desrespeitar a prefer�ncia no cruzamento;Colis�o frontal;Com V�timas Feridas;Plena Noite;Decrescente;Nublado;Simples;"Reta;Retorno Regulamentado";Sim;2;0;1;0;1;0;1;2;-19,45387651;-42,52126336;SPRF-MG;DEL06-MG;UOP01-DEL06-MG;;;
687363;26/04/2025;s�bado;01:30:00;SC;101;130,1;BALNEARIO CAMBORIU;Aus�ncia de rea��o do condutor;Sa�da de leito carro��vel;Com V�timas Feridas;Plena Noite;Decrescente;Nublado;M�ltipla;Curva;Sim;1;0;1;0;0;0;1;1;-26,98633027;-48,66625786;SPRF-SC;DEL04-SC;UOP03-DEL04-SC;;;
687364;26/04/2025;s�bado;01:00:00;DF;60;5;BRASILIA;Ingest�o de �lcool pelo condutor;Colis�o com objeto;Sem V�timas;Plena Noite;Decrescente;C�u Claro;Dupla;"Reta;Retorno Regulamentado";Sim;2;0;0;0;2;0;0;1;-15,89657105;-48,10574293;SPRF-DF;DEL03-DF;UOP01-DEL03-DF;;;
687366;25/04/2025;sexta-feira;23:35:00;PI;316;2;TERESINA;Ingest�o de �lcool pelo condutor;Colis�o com objeto;Sem V�timas;Plena Noite;Decrescente;C�u Claro;M�ltipla;"Curva;Rotat�ria";Sim;1;0;0;0;1;0;0;1;-5,12330826;-42,7948544;SPRF-PI;DEL01-PI;UOP02-DEL01-PI;;;
687367;26/04/2025;s�bado;00:54:00;PE;408;89;SAO LOURENCO DA MATA;Animais na Pista;Atropelamento de Animal;Com V�timas Fatais;Plena Noite;Decrescente;C�u Claro;Dupla;Reta;Sim;2;1;0;0;0;1;0;2;-7,98835;-35,07639;SPRF-PE;DEL01-PE;UOP01-DEL01-PE;;;
687368;25/04/2025;sexta-feira;21:30:00;SP;116;446;REGISTRO;Pedestre andava na pista;Atropelamento de Pedestre;Com V�timas Feridas;Plena Noite;Decrescente;Chuva;Dupla;Reta;Sim;2;0;0;1;1;0;1;2;-24,50726485;-47,84865467;SPRF-SP;DEL05-SP;UOP01-DEL05-SP;;;
687369;26/04/2025;s�bado;02:35:00;PR;376;545,8;PALMEIRA;Entrada inopinada do pedestre;Atropelamento de Pedestre;Com V�timas Fatais;Plena Noite;Crescente;Nevoeiro/Neblina;Dupla;Reta;N�o;2;1;0;0;1;0;0;2;-25,396;-49,794;SPRF-PR;DEL03-PR;UOP03-DEL03-PR;;;
687371;26/04/2025;s�bado;03:15:00;SP;116;103;TAUBATE;Rea��o tardia ou ineficiente do condutor;Queda de ocupante de ve�culo;Com V�timas Feridas;Plena Noite;Crescente;C�u Claro;Dupla;Reta;N�o;1;0;1;0;0;0;1;1;-22,99976914;-45,49925264;SPRF-SP;DEL02-SP;UOP02-DEL02-SP;;;
687373;26/04/2025;s�bado;03:14:00;SP;116;66,6;GUARATINGUETA;Participar de racha;Colis�o lateral mesmo sentido;Com V�timas Feridas;Plena Noite;Crescente;Nublado;Dupla;Reta;N�o;4;0;0;2;0;2;2;3;-22,82987989;-45,21186018;SPRF-SP;DEL08-SP;UOP01-DEL08-SP;;;
687374;26/04/2025;s�bado;03:50:00;SC;101;105,6;PENHA;Ingest�o de �lcool pelo condutor;Colis�o com objeto;Com V�timas Fatais;Plena Noite;Decrescente;Nublado;Dupla;Reta;N�o;5;2;2;0;1;0;2;2;-26,80718467;-48,68059007;SPRF-SC;DEL03-SC;UOP02-DEL03-SC;;;
687375;26/04/2025;s�bado;04:05:00;MG;40;448;CAETANOPOLIS;Condutor Dormindo;Sa�da de leito carro��vel;Com V�timas Feridas;Plena Noite;Crescente;Chuva;Simples;Rotat�ria;N�o;4;0;3;1;0;0;4;1;-19,30138554;-44,37755495;SPRF-MG;DEL02-MG;UOP01-DEL02-MG;;;
687376;26/04/2025;s�bado;02:40:00;SP;116;325,4;ITAPECERICA DA SERRA;Aus�ncia de rea��o do condutor;Sa�da de leito carro��vel;Com V�timas Fatais;Plena Noite;Crescente;C�u Claro;Dupla;Reta;Sim;1;1;0;0;0;0;0;1;-23,7002697;-46,8689508;SPRF-SP;DEL04-SP;UOP03-DEL04-SP;;;
687378;26/04/2025;s�bado;04:00:00;RS;290;94;PORTO ALEGRE;Manobra de mudan�a de faixa;Sa�da de leito carro��vel;Com V�timas Feridas;Plena Noite;Decrescente;C�u Claro;M�ltipla;Reta;N�o;3;0;1;0;1;1;1;2;-29,97191586;-51,19496632;SPRF-RS;DEL01-RS;UOP01-DEL01-RS;;;
687379;26/04/2025;s�bado;03:20:00;PR;277;595,7;CASCAVEL;Transitar na contram�o;Colis�o lateral sentido oposto;Com V�timas Fatais;Plena Noite;Decrescente;Nublado;Dupla;Reta;Sim;29;1;0;1;27;0;1;3;-24,98673107;-53,50617852;SPRF-PR;DEL04-PR;UOP01-DEL04-PR;;;
687380;26/04/2025;s�bado;04:00:00;SC;282;0,3;FLORIANOPOLIS;Rea��o tardia ou ineficiente do condutor;Colis�o com objeto;Sem V�timas;Plena Noite;Crescente;C�u Claro;Dupla;"Reta;Aclive";Sim;1;0;0;0;0;1;0;1;-27,599373;-48,575407;SPRF-SC;DEL01-SC;UOP01-DEL01-SC;;;
687381;26/04/2025;s�bado;04:00:00;RS;386;242,2;SOLEDADE;Aus�ncia de rea��o do condutor;Sa�da de leito carro��vel;Sem V�timas;Plena Noite;Crescente;C�u Claro;Simples;"Reta;Em Obras";N�o;1;0;0;0;1;0;0;1;-28,80458705;-52,5079295;SPRF-RS;DEL04-RS;UOP03-DEL04-RS;;;
687382;26/04/2025;s�bado;05:20:00;ES;101;292,8;CARIACICA;Rea��o tardia ou ineficiente do condutor;Queda de ocupante de ve�culo;Com V�timas Feridas;Amanhecer;Decrescente;C�u Claro;M�ltipla;Reta;Sim;1;0;1;0;0;0;1;1;-20,32494571;-40,39555618;SPRF-ES;DEL01-ES;UOP01-DEL01-ES;;;
687383;26/04/2025;s�bado;05:00:00;RS;386;361,3;ESTRELA;Aus�ncia de rea��o do condutor;Tombamento;Com V�timas Feridas;Plena Noite;Decrescente;C�u Claro;Dupla;Curva;N�o;1;0;1;0;0;0;1;1;-29,55402;-51,89648;SPRF-RS;DEL04-RS;UOP01-DEL04-RS;;;
687384;26/04/2025;s�bado;05:25:00;RS;153;42,7;ERECHIM;Ingest�o de �lcool pelo condutor;Sa�da de leito carro��vel;Com V�timas Feridas;Plena Noite;Crescente;C�u Claro;Dupla;"Em Obras;Reta";N�o;1;0;1;0;0;0;1;1;-27,605935;-52,237998;SPRF-RS;DEL08-RS;UOP04-DEL08-RS;;;
687385;26/04/2025;s�bado;02:30:00;SP;116;208;GUARULHOS;Rea��o tardia ou ineficiente do condutor;Tombamento;Com V�timas Feridas;Plena Noite;Decrescente;Garoa/Chuvisco;M�ltipla;Reta;Sim;1;0;1;0;0;0;1;1;-23,42360819;-46,39830799;SPRF-SP;DEL01-SP;UOP01-DEL01-SP;;;
687386;25/04/2025;sexta-feira;21:00:00;SC;280;277,5;IRINEOPOLIS;Aus�ncia de rea��o do condutor;Sa�da de leito carro��vel;Com V�timas Feridas;Plena Noite;Decrescente;C�u Claro;Simples;Curva;N�o;2;0;1;1;0;0;2;1;-26,2962429;-50,84903955;SPRF-SC;DEL06-SC;UOP04-DEL06-SC;;;
687387;26/04/2025;s�bado;05:50:00;MG;40;624,6;CONGONHAS;Aus�ncia de rea��o do condutor;Sa�da de leito carro��vel;Com V�timas Feridas;Amanhecer;Decrescente;C�u Claro;Simples;Reta;N�o;4;0;4;0;0;0;4;1;-20,4768136;-43,8424334;SPRF-MG;DEL05-MG;UOP02-DEL05-MG;;;
687388;26/04/2025;s�bado;05:57:00;GO;40;71,3;CRISTALINA;Animais na Pista;Queda de ocupante de ve�culo;Com V�timas Feridas;Amanhecer;Decrescente;Nevoeiro/Neblina;Dupla;Reta;N�o;1;0;1;0;0;0;1;1;-16,612228;-47,760478;SPRF-DF;DEL01-DF;UOP02-DEL01-DF;;;
687390;26/04/2025;s�bado;04:30:00;SC;470;3;NAVEGANTES;Rea��o tardia ou ineficiente do condutor;Sa�da de leito carro��vel;Sem V�timas;Plena Noite;Crescente;Ignorado;M�ltipla;Reta;N�o;1;0;0;0;0;1;0;1;-26,85901185;-48,6876297;SPRF-SC;DEL04-SC;UOP04-DEL04-SC;;;
687391;26/04/2025;s�bado;06:50:00;SC;101;397;MARACAJA;Aus�ncia de rea��o do condutor;Colis�o com objeto;Sem V�timas;Amanhecer;Crescente;C�u Claro;M�ltipla;Reta;Sim;1;0;0;0;0;1;0;1;-28,87176293;-49,45298561;SPRF-SC;DEL02-SC;UOP02-DEL02-SC;;;
687393;26/04/2025;s�bado;06:00:00;MG;50;42,6;ARAGUARI;Ingest�o de �lcool pelo condutor;Sa�da de leito carro��vel;Com V�timas Feridas;Pleno dia;Crescente;Nevoeiro/Neblina;Dupla;Reta;N�o;1;0;1;0;0;0;1;1;-18,69589725;-48,18380356;SPRF-MG;DEL15-MG;UOP02-DEL15-MG;;;
687394;26/04/2025;s�bado;06:30:00;SC;282;1;FLORIANOPOLIS;Avarias e/ou desgaste excessivo no pneu;Queda de ocupante de ve�culo;Com V�timas Feridas;Pleno dia;Decrescente;Nublado;M�ltipla;"Reta;Declive";Sim;2;0;1;1;0;0;2;1;-27,6001849;-48,57621074;SPRF-SC;DEL01-SC;UOP01-DEL01-SC;;;
687395;26/04/2025;s�bado;07:20:00;RS;290;107;ELDORADO DO SUL;Rea��o tardia ou ineficiente do condutor;Colis�o traseira;Com V�timas Feridas;Amanhecer;Decrescente;Nevoeiro/Neblina;Dupla;Reta;N�o;3;0;0;1;2;0;1;2;-30,001852;-51,30358952;SPRF-RS;DEL02-RS;UOP01-DEL02-RS;;;
687397;25/04/2025;sexta-feira;22:25:00;AM;230;619,6;HUMAITA;Rea��o tardia ou ineficiente do condutor;Colis�o com objeto;Sem V�timas;Plena Noite;Decrescente;Nublado;Simples;Rotat�ria;N�o;2;0;0;0;1;1;0;1;-7,55058528;-63,07787988;SPRF-AM;DEL02-AM;UOP01-DEL02-AM;;;
687398;26/04/2025;s�bado;04:50:00;PI;316;185;VALENCA DO PIAUI;Rea��o tardia ou ineficiente do condutor;Colis�o com objeto;Sem V�timas;Amanhecer;Crescente;C�u Claro;Simples;Reta;N�o;1;0;0;0;0;1;0;1;-6,28272296;-41,94305416;SPRF-PI;DEL04-PI;UOP02-DEL04-PI;;;
687401;26/04/2025;s�bado;07:30:00;RJ;116;182;NOVA IGUACU;Aus�ncia de rea��o do condutor;Capotamento;Com V�timas Feridas;Pleno dia;Crescente;C�u Claro;Dupla;Reta;Sim;1;0;1;0;0;0;1;1;-22,7582259;-43,42884779;SPRF-RJ;DEL06-RJ;UOP01-DEL06-RJ;;;
687402;26/04/2025;s�bado;06:45:00;SC;101;49;JOINVILLE;Ingest�o de �lcool pelo condutor;Sa�da de leito carro��vel;Sem V�timas;Amanhecer;Decrescente;C�u Claro;M�ltipla;Curva;N�o;1;0;0;0;1;0;0;1;-26,38066134;-48,85143153;SPRF-SC;DEL03-SC;UOP01-DEL03-SC;;;
687404;26/04/2025;s�bado;08:15:00;SC;101;194;BIGUACU;Ingest�o de �lcool pelo condutor;Queda de ocupante de ve�culo;Com V�timas Feridas;Pleno dia;Decrescente;C�u Claro;Dupla;Reta;Sim;3;0;1;1;1;0;2;2;-27,50204607;-48,65273349;SPRF-SC;DEL01-SC;UOP01-DEL01-SC;;;
687405;26/04/2025;s�bado;07:28:00;SC;470;122;IBIRAMA;Velocidade Incompat�vel;Colis�o frontal;Com V�timas Feridas;Amanhecer;Crescente;Nublado;Simples;Curva;N�o;3;0;2;0;1;0;2;3;-27,10629422;-49,52162596;SPRF-SC;DEL04-SC;UOP02-DEL04-SC;;;
687406;26/04/2025;s�bado;08:20:00;PB;101;89,9;JOAO PESSOA;Acessar a via sem observar a presen�a dos outros ve�culos;Colis�o transversal;Com V�timas Feridas;Pleno dia;Crescente;C�u Claro;Dupla;"Retorno Regulamentado;Reta";Sim;4;0;1;0;3;0;1;2;-7,18123976;-34,90079552;SPRF-PB;DEL01-PB;UOP01-DEL01-PB;;;
687407;26/04/2025;s�bado;07:20:00;AL;316;179,8;BELEM;Demais falhas mec�nicas ou el�tricas;Inc�ndio;Sem V�timas;Pleno dia;Decrescente;C�u Claro;Simples;"Curva;Declive";N�o;1;0;0;0;1;0;0;1;-9,585523;-36,490477;SPRF-AL;DEL03-AL;UOP01-DEL03-AL;;;
687410;26/04/2025;s�bado;07:50:00;MG;381;452;SABARA;Convers�o proibida;Colis�o transversal;Com V�timas Feridas;Pleno dia;Decrescente;C�u Claro;Simples;Reta;Sim;2;0;0;1;1;0;1;2;-19,8345029;-43,85872928;SPRF-MG;DEL01-MG;UOP01-DEL01-MG;;;
687412;26/04/2025;s�bado;08:45:00;RJ;116;169;RIO DE JANEIRO;Aus�ncia de rea��o do condutor;Capotamento;Com V�timas Feridas;Pleno dia;Crescente;Nublado;Dupla;Reta;N�o;1;0;1;0;0;0;1;1;-22,806528;-43,3389568;SPRF-RJ;DEL06-RJ;UOP01-DEL06-RJ;;;
687414;26/04/2025;s�bado;08:10:00;PI;343;8,5;PARNAIBA;Acessar a via sem observar a presen�a dos outros ve�culos;Colis�o transversal;Com V�timas Feridas;Pleno dia;Decrescente;Sol;Simples;"Reta;Interse��o de Vias";Sim;2;0;0;1;1;0;1;2;-2,90014;-41,729075;SPRF-PI;DEL05-PI;UOP01-DEL05-PI;;;
687415;26/04/2025;s�bado;08:15:00;RJ;493;0,5;ITABORAI;Retorno proibido;Colis�o transversal;Com V�timas Feridas;Pleno dia;Decrescente;C�u Claro;Simples;Reta;Sim;3;0;2;0;1;0;2;2;-22,7687513;-42,92244371;SPRF-RJ;DEL02-RJ;UOP02-DEL02-RJ;;;
687416;05/03/2025;quarta-feira;11:00:00;PR;116;107;SAO JOSE DOS PINHAIS;Rea��o tardia ou ineficiente do condutor;Engavetamento;Com V�timas Feridas;Pleno dia;Decrescente;C�u Claro;Dupla;Reta;N�o;4;0;1;0;1;2;1;3;-25,5681539;-49,2329445;SPRF-PR;DEL01-PR;UOP03-DEL01-PR;;;
687418;26/04/2025;s�bado;07:45:00;MS;60;411;SIDROLANDIA;Aus�ncia de rea��o do condutor;Sa�da de leito carro��vel;Com V�timas Feridas;Pleno dia;Decrescente;C�u Claro;Simples;Reta;N�o;4;0;2;0;2;0;2;1;-20,890103;-54,848352;SPRF-MS;DEL01-MS;UOP04-DEL01-MS;;;
687420;22/04/2025;ter�a-feira;14:50:00;SC;470;57;BLUMENAU;Ultrapassagem Indevida;Colis�o transversal;Com V�timas Feridas;Pleno dia;Crescente;C�u Claro;Simples;"Interse��o de Vias;Desvio Tempor�rio;Em Obras;Reta";N�o;2;0;1;0;1;0;1;2;-26,87311566;-49,113767;SPRF-SC;DEL04-SC;UOP01-DEL04-SC;;;
687423;26/04/2025;s�bado;07:25:00;RJ;101;319;SAO GONCALO;Aus�ncia de rea��o do condutor;Tombamento;Com V�timas Feridas;Pleno dia;Decrescente;C�u Claro;Dupla;Reta;N�o;1;0;1;0;0;0;1;1;-22,85600833;-43,10284138;SPRF-RJ;DEL02-RJ;UOP02-DEL02-RJ;;;
687424;26/04/2025;s�bado;09:30:00;SC;282;17,3;PALHOCA;Acessar a via sem observar a presen�a dos outros ve�culos;Colis�o transversal;Com V�timas Feridas;Pleno dia;Decrescente;C�u Claro;Simples;"Reta;Interse��o de Vias";N�o;2;0;1;0;1;0;1;2;-27,66289067;-48,6856514;SPRF-SC;DEL01-SC;UOP02-DEL01-SC;;;
687425;26/04/2025;s�bado;09:00:00;MG;381;931,9;EXTREMA;Aus�ncia de rea��o do condutor;Colis�o traseira;Com V�timas Feridas;Pleno dia;Crescente;C�u Claro;Dupla;"Reta;Desvio Tempor�rio;Em Obras";Sim;3;0;3;0;0;0;3;2;-22,7895062;-46,24515331;SPRF-MG;DEL16-MG;UOP03-DEL16-MG;;;
687427;26/04/2025;s�bado;09:10:00;SC;101;137;BALNEARIO CAMBORIU;Acumulo de areia ou detritos sobre o pavimento;Tombamento;Com V�timas Feridas;Pleno dia;Crescente;C�u Claro;M�ltipla;Reta;Sim;1;0;1;0;0;0;1;1;-27,021987;-48,608999;SPRF-SC;DEL04-SC;UOP03-DEL04-SC;;;
687428;26/04/2025;s�bado;09:00:00;SC;470;1,3;NAVEGANTES;Desrespeitar a prefer�ncia no cruzamento;Colis�o frontal;Com V�timas Feridas;Pleno dia;Crescente;Nublado;Dupla;"Reta;Interse��o de Vias";N�o;2;0;0;1;1;0;1;2;-26,87725785;-48,66594169;SPRF-SC;DEL04-SC;UOP04-DEL04-SC;;;
687429;26/04/2025;s�bado;08:30:00;SP;116;123;CACAPAVA;Condutor deixou de manter dist�ncia do ve�culo da frente;Engavetamento;Com V�timas Feridas;Pleno dia;Decrescente;C�u Claro;Dupla;Reta;Sim;7;0;4;0;3;0;4;4;-23,09059214;-45,67398542;SPRF-SP;DEL02-SP;UOP02-DEL02-SP;;;
687430;26/04/2025;s�bado;09:20:00;MG;40;492;ESMERALDAS;Aus�ncia de rea��o do condutor;Tombamento;Com V�timas Feridas;Pleno dia;Decrescente;C�u Claro;Dupla;"Reta;Declive";N�o;1;0;1;0;0;0;1;1;-19,63828801;-44,2036736;SPRF-MG;DEL02-MG;UOP01-DEL02-MG;;;
687431;25/04/2025;sexta-feira;16:00:00;MG;40;313,9;TRES MARIAS;Rea��o tardia ou ineficiente do condutor;Sa�da de leito carro��vel;Com V�timas Feridas;Pleno dia;Crescente;Chuva;Simples;Curva;N�o;4;0;4;0;0;0;4;1;-18,46271288;-45,06081372;SPRF-MG;DEL14-MG;UOP02-DEL14-MG;;;
687433;26/04/2025;s�bado;10:20:00;PI;343;327,6;TERESINA;Acessar a via sem observar a presen�a dos outros ve�culos;Colis�o transversal;Com V�timas Feridas;Pleno dia;Crescente;Sol;Simples;Reta;N�o;2;0;0;1;1;0;1;2;-5,06655;-42,6295;SPRF-PI;DEL01-PI;UOP01-DEL01-PI;;;
687435;26/04/2025;s�bado;10:40:00;GO;40;21,1;LUZIANIA;Entrada inopinada do pedestre;Atropelamento de Pedestre;Com V�timas Feridas;Pleno dia;Crescente;C�u Claro;Dupla;Reta;Sim;2;0;0;1;1;0;1;2;-16,21;-47,91;SPRF-DF;DEL01-DF;UOP01-DEL01-DF;;;