id;data_inversa;dia_semana;horario;uf;br;km;municipio;causa_acidente;tipo_acidente;classificacao_acidente;fase_dia;sentido_via;condicao_metereologica;tipo_pista;tracado_via;uso_solo;pessoas;mortos;feridos_leves;feridos_graves;ilesos;ignorados;feridos;veiculos;latitude;longitude;regional;delegacia;uop;;;
687548;26/04/2025;s�bado;17:45:00;PB;230;480,3;MARIZOPOLIS;Aus�ncia de rea��o do condutor;Queda de ocupante de ve�culo;Com V�timas Feridas;Pleno dia;Crescente;C�u Claro;Simples;Reta;N�o;1;0;0;1;0;0;1;1;-6,84871416;-38,35932255;SPRF-PB;DEL03-PB;UOP03-DEL03-PB;;;
687549;26/04/2025;s�bado;22:20:00;BA;116;17;VITORIA DA CONQUISTA;Acessar a via sem observar a presen�a dos outros ve�culos;Colis�o lateral sentido oposto;Com V�timas Feridas;Plena Noite;Crescente;C�u Claro;Simples;Reta;Sim;2;0;1;0;1;0;1;2;-14,8966;-40,8306;SPRF-BA;DEL08-BA;UOP01-DEL08-BA;;;
687550;26/04/2025;s�bado;20:50:00;RJ;116;315;RESENDE;Demais falhas mec�nicas ou el�tricas;Queda de ocupante de ve�culo;Com V�timas Feridas;Plena Noite;Crescente;C�u Claro;Dupla;Reta;N�o;1;0;0;1;0;0;1;1;-22,46353217;-44,48531091;SPRF-RJ;DEL07-RJ;UOP02-DEL07-RJ;;;
687551;26/04/2025;s�bado;19:40:00;MT;163;775;SORRISO;Condutor deixou de manter dist�ncia do ve�culo da frente;Colis�o traseira;Com V�timas Feridas;Plena Noite;Decrescente;C�u Claro;Simples;Reta;N�o;3;0;3;0;0;0;3;2;-12,37555085;-55,60970306;SPRF-MT;DEL06-MT;UOP02-DEL06-MT;;;
687553;26/04/2025;s�bado;21:50:00;MT;163;825;SINOP;Rea��o tardia ou ineficiente do condutor;Sa�da de leito carro��vel;Com V�timas Feridas;Plena Noite;Decrescente;C�u Claro;Simples;Reta;Sim;2;0;2;0;0;0;2;1;-11,94280148;-55,51645658;SPRF-MT;DEL06-MT;UOP02-DEL06-MT;;;
687554;26/04/2025;s�bado;21:50:00;RS;471;174;RIO PARDO;Acumulo de areia ou detritos sobre o pavimento;Sa�da de leito carro��vel;Sem V�timas;Plena Noite;Crescente;C�u Claro;Simples;Curva;Sim;2;0;0;0;2;0;0;1;-29,98660403;-52,36867759;SPRF-RS;DEL02-RS;UOP03-DEL02-RS;;;
687555;26/04/2025;s�bado;20:27:00;RO;364;801;PORTO VELHO;Rea��o tardia ou ineficiente do condutor;Queda de ocupante de ve�culo;Sem V�timas;Plena Noite;Decrescente;Nublado;Simples;"Reta;Aclive";Sim;4;0;0;0;3;1;0;2;-9,25804451;-64,40506029;SPRF-RO;DEL01-RO;UOP02-DEL01-RO;;;
687556;26/04/2025;s�bado;22:40:00;RJ;101;403;ITAGUAI;Animais na Pista;Engavetamento;Com V�timas Feridas;Plena Noite;Decrescente;C�u Claro;Dupla;Reta;N�o;8;0;2;0;6;0;2;4;-22,863106;-43,795768;SPRF-RJ;DEL03-RJ;UOP01-DEL03-RJ;;;
687557;26/04/2025;s�bado;23:30:00;PB;104;116,7;LAGOA SECA;Rea��o tardia ou ineficiente do condutor;Tombamento;Com V�timas Feridas;Plena Noite;Decrescente;C�u Claro;Simples;Curva;N�o;4;0;2;0;2;0;2;2;-7,176419;-35,860921;SPRF-PB;DEL02-PB;UOP04-DEL02-PB;;;
687558;26/04/2025;s�bado;19:35:00;PR;116;152;MANDIRITUBA;Ingest�o de �lcool pelo condutor;Colis�o frontal;Com V�timas Feridas;Plena Noite;Crescente;C�u Claro;Simples;Reta;Sim;2;0;0;1;1;0;1;2;-25,86282566;-49,36210947;SPRF-PR;DEL01-PR;UOP03-DEL01-PR;;;
687559;26/04/2025;s�bado;19:04:00;RO;429;9;PRESIDENTE MEDICI;Pista esburacada;Queda de ocupante de ve�culo;Com V�timas Feridas;Plena Noite;Decrescente;Garoa/Chuvisco;Simples;Reta;N�o;2;0;1;0;1;0;1;2;-11,200155;-61,974615;SPRF-RO;DEL02-RO;UOP03-DEL02-RO;;;
687563;26/04/2025;s�bado;22:50:00;RR;174;470;BOA VISTA;Transitar no Acostamento;Colis�o traseira;Com V�timas Feridas;Plena Noite;Crescente;C�u Claro;Simples;Reta;N�o;2;0;1;0;1;0;1;2;2,61839;-60,87692;SPRF-RR;DEL01-RR;UOP01-DEL01-RR;;;
687564;27/04/2025;domingo;00:00:00;SP;116;294;ITAPECERICA DA SERRA;Rea��o tardia ou ineficiente do condutor;Queda de ocupante de ve�culo;Com V�timas Feridas;Plena Noite;Crescente;C�u Claro;Dupla;Reta;N�o;1;0;0;1;0;0;1;1;-23,75071542;-46,90129732;SPRF-SP;DEL04-SP;UOP01-DEL04-SP;;;
687565;26/04/2025;s�bado;23:28:00;PE;101;67,9;RECIFE;Avarias e/ou desgaste excessivo no pneu;Tombamento;Com V�timas Feridas;Plena Noite;Crescente;Nublado;Dupla;"Aclive;Viaduto;Reta";N�o;2;0;2;0;0;0;2;1;-8,0501;-34,94585;SPRF-PE;DEL01-PE;UOP01-DEL01-PE;;;
687566;26/04/2025;s�bado;20:10:00;RJ;101;314;SAO GONCALO;Condutor Dormindo;Colis�o com objeto;Com V�timas Feridas;Plena Noite;Decrescente;Nublado;Dupla;Reta;N�o;1;0;1;0;0;0;1;1;-22,81940995;-43,08091164;SPRF-RJ;DEL02-RJ;UOP02-DEL02-RJ;;;
687567;26/04/2025;s�bado;23:20:00;MA;135;16;SAO LUIS;Rea��o tardia ou ineficiente do condutor;Colis�o traseira;Com V�timas Feridas;Plena Noite;Decrescente;Nublado;Dupla;Reta;N�o;3;0;2;1;0;0;3;2;-2,6947022;-44,3044683;SPRF-MA;DEL01-MA;UOP01-DEL01-MA;;;
687569;26/04/2025;s�bado;23:30:00;PR;369;145;LONDRINA;Transitar na contram�o;Colis�o frontal;Com V�timas Feridas;Plena Noite;Crescente;C�u Claro;Dupla;Reta;Sim;2;0;0;1;1;0;1;2;-23,29346315;-51,10914795;SPRF-PR;DEL07-PR;UOP01-DEL07-PR;;;
687570;27/04/2025;domingo;00:15:00;RS;386;310;POUSO NOVO;Ingest�o de �lcool pelo condutor;Colis�o com objeto;Sem V�timas;Plena Noite;Crescente;Ignorado;Simples;"Ponte;Curva";N�o;1;0;0;0;0;1;0;1;-29,22799544;-52,16759054;SPRF-RS;DEL04-RS;UOP01-DEL04-RS;;;
687571;26/04/2025;s�bado;21:30:00;MG;267;81,8;JUIZ DE FORA;Velocidade Incompat�vel;Sa�da de leito carro��vel;Com V�timas Feridas;Plena Noite;Crescente;Nublado;Simples;Declive;N�o;1;0;1;0;0;0;1;1;-21,76205059;-43,25145721;SPRF-MG;DEL05-MG;UOP01-DEL05-MG;;;
687573;27/04/2025;domingo;01:05:00;PR;469;13;FOZ DO IGUACU;Ingest�o de �lcool pelo condutor;Tombamento;Sem V�timas;Plena Noite;Crescente;Nublado;Simples;Reta;Sim;1;0;0;0;1;0;0;1;-25,57809463;-54,54135641;SPRF-PR;DEL05-PR;UOP04-DEL05-PR;;;
687574;27/04/2025;domingo;00:30:00;RN;304;57,5;MOSSORO;Aus�ncia de rea��o do condutor;Sa�da de leito carro��vel;Com V�timas Feridas;Pleno dia;Decrescente;C�u Claro;Dupla;Reta;N�o;3;0;1;0;2;0;1;1;-5,30330305;-37,28055954;SPRF-RN;DEL04-RN;UOP01-DEL04-RN;;;
687575;27/04/2025;domingo;00:50:00;PR;153;320,4;IMBITUVA;Animais na Pista;Atropelamento de Animal;Sem V�timas;Plena Noite;Crescente;C�u Claro;Simples;Reta;N�o;5;0;0;0;5;0;0;1;-25,380742;-50,622417;SPRF-PR;DEL08-PR;UOP02-DEL08-PR;;;
687576;27/04/2025;domingo;00:40:00;AL;101;204,1;SAO SEBASTIAO;Ingest�o de �lcool pelo condutor;Queda de ocupante de ve�culo;Com V�timas Feridas;Plena Noite;Crescente;C�u Claro;Dupla;Aclive;N�o;2;0;0;1;1;0;1;1;-9,977502;-36,558574;SPRF-AL;DEL02-AL;UOP02-DEL02-AL;;;
687577;27/04/2025;domingo;01:00:00;SC;101;333,4;TUBARAO;Ingest�o de �lcool pelo condutor;Colis�o com objeto;Sem V�timas;Plena Noite;Crescente;C�u Claro;M�ltipla;Reta;N�o;1;0;0;0;1;0;0;1;-28,46718225;-49,00610447;SPRF-SC;DEL02-SC;UOP01-DEL02-SC;;;
687578;27/04/2025;domingo;01:30:00;RJ;101;514,4;ANGRA DOS REIS;Velocidade Incompat�vel;Colis�o com objeto;Com V�timas Feridas;Plena Noite;Decrescente;Nublado;Simples;Curva;N�o;1;0;1;0;0;0;1;1;-22,97999245;-44,43635767;SPRF-RJ;DEL03-RJ;UOP03-DEL03-RJ;;;
687579;27/04/2025;domingo;02:00:00;SP;116;224;GUARULHOS;Rea��o tardia ou ineficiente do condutor;Colis�o com objeto;Com V�timas Feridas;Plena Noite;Crescente;Nublado;M�ltipla;"Reta;Em Obras";Sim;1;0;1;0;0;0;1;1;-23,48615982;-46,54063511;SPRF-SP;DEL01-SP;UOP01-DEL01-SP;;;
687580;26/04/2025;s�bado;23:40:00;RO;364;810;PORTO VELHO;Pedestre - Ingest�o de �lcool/ subst�ncias psicoativas;Capotamento;Com V�timas Feridas;Plena Noite;Crescente;C�u Claro;Simples;Reta;N�o;4;0;2;0;2;0;2;1;-9,26884544;-64,47601318;SPRF-RO;DEL01-RO;UOP02-DEL01-RO;;;
687581;27/04/2025;domingo;02:35:00;PR;376;176;MARINGA;Velocidade Incompat�vel;Colis�o com objeto;Com V�timas Feridas;Plena Noite;Crescente;C�u Claro;Dupla;Reta;Sim;4;0;2;0;1;1;2;3;-23,411471;-51,940435;SPRF-PR;DEL09-PR;UOP01-DEL09-PR;;;
687583;27/04/2025;domingo;01:45:00;MG;262;38,9;MANHUACU;Ingest�o de �lcool pelo condutor;Colis�o traseira;Sem V�timas;Plena Noite;Decrescente;C�u Claro;Simples;Reta;N�o;2;0;0;0;2;0;0;2;-20,276137;-42,053775;SPRF-MG;DEL06-MG;UOP03-DEL06-MG;;;
687584;27/04/2025;domingo;02:00:00;MS;163;529,2;JARAGUARI;Aus�ncia de rea��o do condutor;Sa�da de leito carro��vel;Sem V�timas;Plena Noite;Crescente;Nublado;Simples;Reta;N�o;3;0;0;0;3;0;0;1;-20,0786677;-54,42944581;SPRF-MS;DEL01-MS;UOP02-DEL01-MS;;;
687585;27/04/2025;domingo;02:00:00;RS;290;580;ALEGRETE;Animais na Pista;Atropelamento de Animal;Com V�timas Feridas;Plena Noite;Crescente;Chuva;Simples;Reta;N�o;1;0;1;0;0;0;1;1;-29,8051122;-55,7803885;SPRF-RS;DEL13-RS;UOP02-DEL13-RS;;;
687586;27/04/2025;domingo;01:30:00;AL;104;89;RIO LARGO;Ingest�o de �lcool pelo condutor;Colis�o traseira;Com V�timas Fatais;Plena Noite;Crescente;C�u Claro;Dupla;"Reta;Retorno Regulamentado";N�o;2;1;1;0;0;0;1;2;-9,488685;-35,8161867;SPRF-AL;DEL01-AL;UOP01-DEL01-AL;;;
687587;27/04/2025;domingo;03:00:00;SP;116;182;GUARAREMA;Aus�ncia de rea��o do condutor;Colis�o traseira;Com V�timas Feridas;Plena Noite;Decrescente;C�u Claro;Dupla;Reta;Sim;3;0;2;0;1;0;2;2;-23,3223418;-46,11619541;SPRF-SP;DEL01-SP;UOP01-DEL01-SP;;;
687588;27/04/2025;domingo;02:30:00;ES;101;255;SERRA;Rea��o tardia ou ineficiente do condutor;Colis�o lateral mesmo sentido;Com V�timas Feridas;Plena Noite;Crescente;C�u Claro;Simples;Reta;Sim;2;0;2;0;0;0;2;2;-20,118736;-40,311946;SPRF-ES;DEL02-ES;UOP01-DEL02-ES;;;
687589;27/04/2025;domingo;00:35:00;MA;10;324;ACAILANDIA;Aus�ncia de rea��o do condutor;Colis�o frontal;Com V�timas Feridas;Plena Noite;Crescente;C�u Claro;Simples;"Reta;Aclive";Sim;3;0;1;0;1;1;1;3;-4,9281896;-47,50271559;SPRF-MA;DEL04-MA;UOP03-DEL04-MA;;;
687590;27/04/2025;domingo;02:50:00;RR;432;192,5;CANTA;Ultrapassagem Indevida;Sa�da de leito carro��vel;Com V�timas Feridas;Plena Noite;Decrescente;C�u Claro;Simples;Curva;Sim;3;0;0;1;1;1;1;2;2,62065;-60,5945;SPRF-RR;DEL01-RR;UOP01-DEL01-RR;;;
687591;27/04/2025;domingo;03:10:00;SC;470;51;BLUMENAU;Demais falhas mec�nicas ou el�tricas;Colis�o transversal;Com V�timas Feridas;Pleno dia;Decrescente;C�u Claro;Simples;"Curva;Viaduto";N�o;3;0;2;0;1;0;2;2;-26,86339982;-49,08234207;SPRF-SC;DEL04-SC;UOP01-DEL04-SC;;;
687592;27/04/2025;domingo;03:00:00;PR;376;232;APUCARANA;Ingest�o de �lcool pelo condutor;Colis�o traseira;Com V�timas Feridas;Plena Noite;Crescente;C�u Claro;Dupla;Reta;N�o;5;0;3;2;0;0;5;2;-23,56772407;-51,51703835;SPRF-PR;DEL07-PR;UOP03-DEL07-PR;;;
687594;27/04/2025;domingo;04:00:00;PR;277;71,6;SAO JOSE DOS PINHAIS;Aus�ncia de rea��o do condutor;Queda de ocupante de ve�culo;Com V�timas Feridas;Plena Noite;Decrescente;Nevoeiro/Neblina;Dupla;Reta;N�o;1;0;1;0;0;0;1;1;-25,50590697;-49,14090006;SPRF-PR;DEL01-PR;UOP07-DEL01-PR;;;
687595;27/04/2025;domingo;03:20:00;RR;432;195;CANTA;Rea��o tardia ou ineficiente do condutor;Queda de ocupante de ve�culo;Com V�timas Feridas;Plena Noite;Decrescente;C�u Claro;Simples;Reta;N�o;1;0;1;0;0;0;1;1;2,62790048;-60,59440613;SPRF-RR;DEL01-RR;UOP01-DEL01-RR;;;
687596;27/04/2025;domingo;03:45:00;MG;365;630;UBERLANDIA;Aus�ncia de rea��o do condutor;Colis�o com objeto;Sem V�timas;Plena Noite;Crescente;Nublado;Dupla;Reta;N�o;1;0;0;0;0;1;0;1;-18,88030044;-48,24920654;SPRF-MG;DEL15-MG;UOP01-DEL15-MG;;;
687597;27/04/2025;domingo;03:30:00;MG;262;355,8;BETIM;Velocidade Incompat�vel;Sa�da de leito carro��vel;Com V�timas Feridas;Plena Noite;Crescente;C�u Claro;Dupla;Reta;N�o;3;0;2;0;1;0;2;1;-19,979344;-44,22439;SPRF-MG;DEL01-MG;UOP03-DEL01-MG;;;
687598;27/04/2025;domingo;03:02:00;PE;232;261,1;ARCOVERDE;Ultrapassagem Indevida;Colis�o frontal;Com V�timas Feridas;Plena Noite;Crescente;C�u Claro;Simples;"Reta;Ponte";N�o;3;0;2;0;0;1;2;2;-8,409527;-37,138802;SPRF-PE;DEL04-PE;UOP02-DEL04-PE;;;
687599;27/04/2025;domingo;03:50:00;PR;116;122,8;CURITIBA;Rea��o tardia ou ineficiente do condutor;Sa�da de leito carro��vel;Sem V�timas;Plena Noite;Crescente;Nevoeiro/Neblina;Dupla;Retorno Regulamentado;N�o;1;0;0;0;0;1;0;1;-25,61003088;-49,31942844;SPRF-PR;DEL01-PR;UOP03-DEL01-PR;;;
687600;27/04/2025;domingo;05:45:00;GO;70;3;AGUAS LINDAS DE GOIAS;Ingest�o de �lcool pelo condutor;Colis�o traseira;Com V�timas Feridas;Pleno dia;Decrescente;Garoa/Chuvisco;M�ltipla;"Curva;Declive";Sim;2;0;1;0;1;0;1;2;-15,76196;-48,237248;SPRF-DF;DEL03-DF;UOP02-DEL03-DF;;;
687602;26/04/2025;s�bado;22:00:00;RJ;116;210;SEROPEDICA;Rea��o tardia ou ineficiente do condutor;Atropelamento de Pedestre;Com V�timas Feridas;Plena Noite;Decrescente;C�u Claro;Dupla;Reta;N�o;2;0;0;1;0;1;1;2;-22,70683905;-43,74000549;SPRF-RJ;DEL06-RJ;UOP02-DEL06-RJ;;;
687603;27/04/2025;domingo;06:15:00;SC;101;216;PALHOCA;Condutor Dormindo;Tombamento;Com V�timas Feridas;Amanhecer;Decrescente;C�u Claro;M�ltipla;"Reta;Aclive";Sim;2;0;0;2;0;0;2;1;-27,65200653;-48,67593376;SPRF-SC;DEL01-SC;UOP02-DEL01-SC;;;
687604;27/04/2025;domingo;04:20:00;RJ;465;14,9;SEROPEDICA;Aus�ncia de rea��o do condutor;Colis�o lateral mesmo sentido;Com V�timas Feridas;Plena Noite;Crescente;Nublado;Simples;Reta;Sim;3;0;2;0;0;1;2;2;-22,80994574;-43,63227591;SPRF-RJ;DEL06-RJ;UOP02-DEL06-RJ;;;
687605;27/04/2025;domingo;03:30:00;MG;40;667,8;CARANDAI;Neblina;Sa�da de leito carro��vel;Sem V�timas;Plena Noite;Decrescente;Nevoeiro/Neblina;Simples;Curva;N�o;1;0;0;0;1;0;0;1;-20,95573435;-43,79143308;SPRF-MG;DEL05-MG;UOP02-DEL05-MG;;;
687606;27/04/2025;domingo;06:50:00;MG;40;567;NOVA LIMA;Aus�ncia de rea��o do condutor;Tombamento;Com V�timas Feridas;Pleno dia;Crescente;C�u Claro;Simples;"Reta;Declive";N�o;1;0;1;0;0;0;1;1;-20,186909;-43,968199;SPRF-MG;DEL01-MG;UOP02-DEL01-MG;;;
687610;27/04/2025;domingo;06:40:00;GO;60;59;ABADIANIA;Condutor Dormindo;Sa�da de leito carro��vel;Com V�timas Feridas;Amanhecer;Crescente;C�u Claro;Dupla;Curva;Sim;1;0;1;0;0;0;1;1;-16,18466948;-48,6959815;SPRF-GO;DEL02-GO;UOP01-DEL02-GO;;;
687611;27/04/2025;domingo;03:05:00;SP;116;166;JACAREI;Animais na Pista;Atropelamento de Animal;Com V�timas Feridas;Plena Noite;Crescente;C�u Claro;Dupla;Reta;N�o;1;0;1;0;0;0;1;1;-23,30058518;-46,01743547;SPRF-SP;DEL02-SP;UOP01-DEL02-SP;;;
687613;27/04/2025;domingo;06:10:00;GO;60;168;GOIANIA;Aus�ncia de rea��o do condutor;Colis�o com objeto;Com V�timas Fatais;Pleno dia;Decrescente;C�u Claro;Simples;Reta;N�o;1;1;0;0;0;0;0;1;-16,732168;-49,396039;SPRF-GO;DEL01-GO;UOP02-DEL01-GO;;;
687614;27/04/2025;domingo;07:59:00;DF;40;0;BRASILIA;Rea��o tardia ou ineficiente do condutor;Tombamento;Com V�timas Feridas;Pleno dia;Decrescente;C�u Claro;Dupla;"Interse��o de Vias;Curva";Sim;1;0;1;0;0;0;1;1;-15,975953;-47,989592;SPRF-DF;DEL01-DF;UOP01-DEL01-DF;;;
687615;03/04/2025;quinta-feira;06:00:00;SC;101;393,3;CRICIUMA;Pedestre andava na pista;Atropelamento de Pedestre;Com V�timas Fatais;Amanhecer;Crescente;Chuva;Dupla;Reta;N�o;2;1;0;0;1;0;0;2;-28,8211139;-49,3997475;SPRF-SC;DEL02-SC;UOP02-DEL02-SC;;;
687617;27/04/2025;domingo;07:40:00;SC;101;145,3;ITAPEMA;Aus�ncia de rea��o do condutor;Colis�o com objeto;Com V�timas Feridas;Pleno dia;Decrescente;Nublado;Dupla;"Aclive;Reta";N�o;1;0;0;1;0;0;1;1;-27,08461507;-48,60562357;SPRF-SC;DEL04-SC;UOP03-DEL04-SC;;;
687618;26/04/2025;s�bado;13:30:00;BA;101;737;ITABELA;Demais falhas mec�nicas ou el�tricas;Inc�ndio;Sem V�timas;Pleno dia;Decrescente;C�u Claro;Simples;"Reta;Aclive";N�o;3;0;0;0;3;0;0;1;-16,52198;-39,569742;SPRF-BA;DEL09-BA;UOP01-DEL09-BA;;;
687620;27/04/2025;domingo;07:30:00;SP;116;223;GUARULHOS;Rea��o tardia ou ineficiente do condutor;Queda de ocupante de ve�culo;Com V�timas Feridas;Pleno dia;Decrescente;C�u Claro;M�ltipla;Reta;Sim;2;0;1;0;0;1;1;2;-23,48171884;-46,53408098;SPRF-SP;DEL01-SP;UOP01-DEL01-SP;;;
687621;27/04/2025;domingo;07:30:00;PE;423;118;PARANATAMA;Ultrapassagem Indevida;Colis�o frontal;Com V�timas Feridas;Pleno dia;Crescente;C�u Claro;Simples;Reta;N�o;2;0;0;1;0;1;1;2;-8,909573;-36,680498;SPRF-PE;DEL03-PE;UOP01-DEL03-PE;;;
687623;27/04/2025;domingo;08:10:00;SP;381;54;MAIRIPORA;Curva acentuada;Queda de ocupante de ve�culo;Com V�timas Feridas;Pleno dia;Decrescente;C�u Claro;Dupla;"Curva;Declive";Sim;1;0;1;0;0;0;1;1;-23,25002366;-46,59306979;SPRF-SP;DEL03-SP;UOP01-DEL03-SP;;;
687625;27/04/2025;domingo;08:45:00;PR;116;117,6;CURITIBA;Rea��o tardia ou ineficiente do condutor;Colis�o com objeto;Sem V�timas;Pleno dia;Crescente;Nevoeiro/Neblina;Dupla;Reta;Sim;1;0;0;0;0;1;0;1;-25,562028;-49,308343;SPRF-PR;DEL01-PR;UOP03-DEL01-PR;;;
687626;27/04/2025;domingo;09:45:00;PE;232;57;POMBOS;Rea��o tardia ou ineficiente do condutor;Tombamento;Com V�timas Feridas;Pleno dia;Crescente;C�u Claro;Dupla;"Aclive;Reta";N�o;2;0;2;0;0;0;2;1;-8,14177;-35,3833;SPRF-PE;DEL02-PE;UOP02-DEL02PE;;;
687629;27/04/2025;domingo;08:30:00;SP;153;335,8;SALTO GRANDE;Afundamento ou ondula��o no pavimento;Tombamento;Com V�timas Feridas;Pleno dia;Decrescente;Nublado;Simples;"Reta;Declive";N�o;1;0;1;0;0;0;1;1;-22,907042;-49,889495;SPRF-SP;DEL07-SP;UOP03-DEL07-SP;;;
687630;27/04/2025;domingo;08:15:00;SC;116;42;MAFRA;Ingest�o de �lcool pelo condutor;Colis�o com objeto;Sem V�timas;Pleno dia;Crescente;Nublado;Simples;Reta;N�o;1;0;0;0;1;0;0;1;-26,1058014;-49,8086592;SPRF-SC;DEL06-SC;UOP01-DEL06-SC;;;
687632;27/04/2025;domingo;09:30:00;RJ;40;22,4;TRES RIOS;Acumulo de �leo sobre o pavimento;Tombamento;Com V�timas Feridas;Pleno dia;Crescente;C�u Claro;Dupla;Curva;Sim;2;0;2;0;0;0;2;1;-22,127528;-43,155667;SPRF-RJ;DEL05-RJ;UOP02-DEL05-RJ;;;
687633;27/04/2025;domingo;10:35:00;DF;70;9;BRASILIA;Condutor deixou de manter dist�ncia do ve�culo da frente;Colis�o traseira;Com V�timas Fatais;Pleno dia;Crescente;C�u Claro;Dupla;Reta;Sim;6;1;0;1;2;2;1;4;-15,7875882;-48,14208537;SPRF-DF;DEL03-DF;UOP02-DEL03-DF;;;
687635;24/03/2025;segunda-feira;08:20:00;BA;101;261;SANTO ANTONIO DE JESUS;Retorno proibido;Colis�o transversal;Com V�timas Feridas;Pleno dia;Crescente;C�u Claro;Simples;Reta;Sim;2;0;1;0;1;0;1;2;-12,96761175;-39,27286148;SPRF-BA;DEL01-BA;UOP02-DEL01-BA;;;
687636;27/04/2025;domingo;08:00:00;RN;110;102;UPANEMA;Acessar a via sem observar a presen�a dos outros ve�culos;Colis�o transversal;Com V�timas Fatais;Pleno dia;Decrescente;C�u Claro;Simples;Reta;N�o;2;1;0;0;1;0;0;2;-5,67491462;-37,26434112;SPRF-RN;DEL04-RN;UOP01-DEL04-RN;;;
687637;27/04/2025;domingo;08:30:00;RJ;116;110;GUAPIMIRIM;Velocidade Incompat�vel;Colis�o com objeto;Com V�timas Feridas;Pleno dia;Decrescente;C�u Claro;Dupla;Curva;N�o;2;0;0;1;0;1;1;2;-22,5463969;-42,98813344;SPRF-RJ;DEL04-RJ;UOP02-DEL04-RJ;;;
687638;27/04/2025;domingo;09:35:00;MG;262;380;JUATUBA;Velocidade Incompat�vel;Colis�o com objeto;Com V�timas Feridas;Pleno dia;Crescente;C�u Claro;Dupla;Curva;N�o;1;0;1;0;0;0;1;1;-19,93502126;-44,43425272;SPRF-MG;DEL01-MG;UOP03-DEL01-MG;;;
687640;27/04/2025;domingo;06:50:00;RR;401;85;BONFIM;Condutor Dormindo;Sa�da de leito carro��vel;Com V�timas Feridas;Pleno dia;Crescente;C�u Claro;Simples;Reta;N�o;1;0;0;1;0;0;1;1;3,242581;-60,128502;SPRF-RR;DEL01-RR;UOP01-DEL01-RR;;;
687641;27/04/2025;domingo;08:40:00;MG;40;41,5;PARACATU;Acessar a via sem observar a presen�a dos outros ve�culos;Colis�o transversal;Com V�timas Feridas;Pleno dia;Decrescente;C�u Claro;Simples;"Reta;Rotat�ria";Sim;4;0;1;0;3;0;1;2;-17,215589;-46,868822;SPRF-MG;DEL14-MG;UOP01-DEL14-MG;;;
687642;27/04/2025;domingo;08:37:00;AC;364;121;RIO BRANCO;Aus�ncia de rea��o do condutor;Sa�da de leito carro��vel;Sem V�timas;Pleno dia;Decrescente;Nublado;Dupla;Reta;Sim;1;0;0;0;0;1;0;1;-10,05881842;-67,69429208;SPRF-AC;DEL01-AC;UOP01-DEL01-AC;;;
687643;22/02/2025;s�bado;22:40:00;ES;101;257,3;SERRA;Pedestre andava na pista;Atropelamento de Pedestre;Com V�timas Feridas;Plena Noite;Decrescente;Ignorado;Dupla;Rotat�ria;N�o;2;0;0;1;0;1;1;2;-20,12832782;-40,29915935;SPRF-ES;DEL02-ES;UOP01-DEL02-ES;;;
687645;27/04/2025;domingo;12:00:00;CE;116;26,5;AQUIRAZ;Transitar na contram�o;Colis�o frontal;Com V�timas Feridas;Pleno dia;Crescente;C�u Claro;Simples;"Curva;Viaduto";N�o;2;0;0;1;0;1;1;2;-3,979498;-38,513432;SPRF-CE;DEL01-CE;UOP02-DEL01-CE;;;
687646;27/04/2025;domingo;09:40:00;GO;70;78,9;COCALZINHO DE GOIAS;Velocidade Incompat�vel;Sa�da de leito carro��vel;Com V�timas Fatais;Pleno dia;Crescente;C�u Claro;Simples;"Declive;Reta";N�o;2;1;0;1;0;0;1;1;-15,780579;-48,84211206;SPRF-GO;DEL02-GO;UOP02-DEL02-GO;;;
687647;27/04/2025;domingo;10:45:00;MG;40;629;CONSELHEIRO LAFAIETE;Rea��o tardia ou ineficiente do condutor;Queda de ocupante de ve�culo;Com V�timas Feridas;Pleno dia;Crescente;C�u Claro;Simples;"Curva;Aclive";Sim;2;0;1;0;1;0;1;1;-20,65343901;-43,80883813;SPRF-MG;DEL05-MG;UOP02-DEL05-MG;;;
687648;27/04/2025;domingo;08:15:00;MG;40;116,5;LAGOA GRANDE;Rea��o tardia ou ineficiente do condutor;Sa�da de leito carro��vel;Com V�timas Feridas;Pleno dia;Decrescente;C�u Claro;Simples;Reta;N�o;3;0;2;0;1;0;2;1;-17,655302;-46,40173;SPRF-MG;DEL14-MG;UOP01-DEL14-MG;;;
687649;27/04/2025;domingo;12:20:00;RN;110;51;MOSSORO;Condutor deixou de manter dist�ncia do ve�culo da frente;Colis�o traseira;Sem V�timas;Pleno dia;Decrescente;C�u Claro;Simples;Reta;Sim;3;0;0;0;3;0;0;2;-5,30282;-37,281105;SPRF-RN;DEL04-RN;UOP01-DEL04-RN;;;
687652;27/04/2025;domingo;10:07:00;RS;386;157;ALMIRANTE TAMANDARE DO SUL;Afundamento ou ondula��o no pavimento;Sa�da de leito carro��vel;Com V�timas Feridas;Pleno dia;Decrescente;Nublado;Simples;Reta;N�o;3;0;1;0;2;0;1;1;-28,13407313;-52,84846544;SPRF-RS;DEL08-RS;UOP01-DEL08-RS;;;
687653;27/04/2025;domingo;11:50:00;RJ;493;81;JAPERI;Rea��o tardia ou ineficiente do condutor;Sa�da de leito carro��vel;Com V�timas Feridas;Pleno dia;Decrescente;C�u Claro;Dupla;Reta;N�o;1;0;1;0;0;0;1;1;-22,6648744;-43,58838266;SPRF-RJ;DEL01-RJ;UOP03-DEL01-RJ;;;
687654;20/04/2025;domingo;03:25:00;RJ;116;135;MAGE;Aus�ncia de rea��o do condutor;Colis�o com objeto;Sem V�timas;Plena Noite;Crescente;C�u Claro;Dupla;Curva;N�o;1;0;0;0;0;1;0;1;-22,64783329;-43,18034425;SPRF-RJ;DEL04-RJ;UOP02-DEL04-RJ;;;