id;data_inversa;dia_semana;horario;uf;br;km;municipio;causa_acidente;tipo_acidente;classificacao_acidente;fase_dia;sentido_via;condicao_metereologica;tipo_pista;tracado_via;uso_solo;pessoas;mortos;feridos_leves;feridos_graves;ilesos;ignorados;feridos;veiculos;latitude;longitude;regional;delegacia;uop;;;
687655;27/04/2025;domingo;09:55:00;RO;364;383;OURO PRETO DO OESTE;Condutor deixou de manter dist�ncia do ve�culo da frente;Colis�o traseira;Com V�timas Feridas;Pleno dia;Crescente;C�u Claro;Simples;"Reta;Aclive";N�o;2;0;1;0;1;0;1;2;-10,72283;-62,240512;SPRF-RO;DEL02-RO;UOP01-DEL02-RO;;;
687657;27/04/2025;domingo;08:00:00;MS;267;61,5;BATAGUASSU;Condutor Dormindo;Colis�o lateral sentido oposto;Com V�timas Feridas;Pleno dia;Crescente;Nublado;Simples;Declive;N�o;8;0;1;0;7;0;1;2;-21,843071;-52,687382;SPRF-MS;DEL02-MS;UOP04-DEL02-MS;;;
687658;27/04/2025;domingo;13:40:00;SC;101;51,1;JOINVILLE;Velocidade Incompat�vel;Colis�o com objeto;Com V�timas Feridas;Pleno dia;Crescente;Nublado;Dupla;Curva;N�o;2;0;2;0;0;0;2;1;-26,38928078;-48,8401448;SPRF-SC;DEL03-SC;UOP01-DEL03-SC;;;
687660;27/04/2025;domingo;12:30:00;MS;163;265,3;DOURADOS;Demais falhas mec�nicas ou el�tricas;Inc�ndio;Sem V�timas;Pleno dia;Decrescente;Nublado;Dupla;Reta;N�o;1;0;0;0;1;0;0;1;-22,221902;-54,728258;SPRF-MS;DEL04-MS;UOP01-DEL04-MS;;;
687661;27/04/2025;domingo;13:00:00;PB;101;83,4;BAYEUX;Condutor deixou de manter dist�ncia do ve�culo da frente;Colis�o traseira;Com V�timas Feridas;Pleno dia;Crescente;C�u Claro;Dupla;Reta;Sim;2;0;0;1;0;1;1;2;-7,1369227;-34,9255477;SPRF-PB;DEL01-PB;UOP01-DEL01-PB;;;
687663;27/04/2025;domingo;09:00:00;SC;282;633,7;DESCANSO;Velocidade Incompat�vel;Sa�da de leito carro��vel;Com V�timas Feridas;Pleno dia;Decrescente;Nublado;Simples;Curva;N�o;1;0;0;1;0;0;1;1;-26,82657233;-53,41997908;SPRF-SC;DEL07-SC;UOP03-DEL07-SC;;;
687664;27/04/2025;domingo;14:15:00;MG;50;25;ARAGUARI;Ingest�o de �lcool pelo condutor;Sa�da de leito carro��vel;Com V�timas Feridas;Pleno dia;Crescente;Chuva;Dupla;"Curva;Declive";N�o;4;0;3;1;0;0;4;1;-18,611944;-48,078894;SPRF-MG;DEL15-MG;UOP02-DEL15-MG;;;
687666;27/04/2025;domingo;13:30:00;MG;381;627,1;OLIVEIRA;Aus�ncia de rea��o do condutor;Sa�da de leito carro��vel;Com V�timas Feridas;Pleno dia;Decrescente;Chuva;Dupla;"Curva;Declive";N�o;4;0;2;0;2;0;2;1;-20,6733312;-44,7250432;SPRF-MG;DEL04-MG;UOP01-DEL04-MG;;;
687667;27/04/2025;domingo;14:00:00;SC;470;143,8;RIO DO SUL;Rea��o tardia ou ineficiente do condutor;Queda de ocupante de ve�culo;Com V�timas Feridas;Pleno dia;Crescente;Nublado;Simples;Declive;Sim;1;0;1;0;0;0;1;1;-27,224;-49,664;SPRF-SC;DEL04-SC;UOP02-DEL04-SC;;;
687668;27/04/2025;domingo;04:30:00;GO;364;43;CACHOEIRA ALTA;Aus�ncia de rea��o do condutor;Sa�da de leito carro��vel;Com V�timas Feridas;Plena Noite;Decrescente;Nublado;Simples;"Curva;Declive";N�o;1;0;1;0;0;0;1;1;-18,8512199;-50,8483111;SPRF-GO;DEL05-GO;UOP02-DEL05-GO;;;
687669;27/04/2025;domingo;14:30:00;MG;381;486;BETIM;Aus�ncia de rea��o do condutor;Queda de ocupante de ve�culo;Com V�timas Feridas;Pleno dia;Crescente;C�u Claro;Dupla;Reta;N�o;1;0;1;0;0;0;1;1;-19,95560537;-44,11241982;SPRF-MG;DEL01-MG;UOP03-DEL01-MG;;;
687670;27/04/2025;domingo;13:00:00;MG;40;513;NOVA LIMA;Chuva;Queda de ocupante de ve�culo;Com V�timas Feridas;Pleno dia;Crescente;Chuva;Dupla;Curva;Sim;2;0;1;0;1;0;1;1;-20,0819228;-43,9793703;SPRF-MG;DEL01-MG;UOP02-DEL01-MG;;;
687672;27/04/2025;domingo;08:20:00;AM;174;994;PRESIDENTE FIGUEIREDO;Acessar a via sem observar a presen�a dos outros ve�culos;Queda de ocupante de ve�culo;Com V�timas Feridas;Pleno dia;Crescente;C�u Claro;Simples;"Reta;Declive";N�o;3;0;2;0;0;1;2;2;-1,88141381;-60,07392883;SPRF-AM;DEL01-AM;UOP02-DEL01-AM;;;
687673;27/04/2025;domingo;12:08:00;AC;317;280;EPITACIOLANDIA;Rea��o tardia ou ineficiente do condutor;Colis�o com objeto;Com V�timas Feridas;Pleno dia;Decrescente;Chuva;Simples;"Curva;Declive";N�o;1;0;1;0;0;0;1;1;-10,97367188;-68,6372381;SPRF-AC;DEL01-AC;UOP02-DEL01-AC;;;
687674;19/04/2025;s�bado;08:40:00;MG;381;873;POUSO ALEGRE;Velocidade Incompat�vel;Colis�o com objeto;Com V�timas Feridas;Pleno dia;Decrescente;Chuva;Dupla;Curva;N�o;2;0;1;0;1;0;1;1;-22,420355;-45,96508;SPRF-MG;DEL16-MG;UOP01-DEL16-MG;;;
687675;27/04/2025;domingo;14:40:00;SC;101;223,5;PALHOCA;Ingest�o de �lcool pelo condutor;Colis�o traseira;Com V�timas Feridas;Pleno dia;Crescente;C�u Claro;Dupla;Declive;Sim;6;0;1;1;4;0;2;4;-27,721272;-48,645741;SPRF-SC;DEL01-SC;UOP02-DEL01-SC;;;
687676;27/04/2025;domingo;15:00:00;TO;153;338;GUARAI;Transitar na contram�o;Colis�o frontal;Sem V�timas;Pleno dia;Decrescente;C�u Claro;Simples;Reta;Sim;2;0;0;0;2;0;0;2;-8,86124299;-48,5083285;SPRF-TO;DEL02-TO;UOP02-DEL02-TO;;;
687677;27/04/2025;domingo;13:50:00;SP;116;301;SAO LOURENCO DA SERRA;Rea��o tardia ou ineficiente do condutor;Colis�o traseira;Com V�timas Feridas;Pleno dia;Decrescente;C�u Claro;Dupla;"Reta;Aclive";Sim;2;0;1;0;1;0;1;2;-23,808788;-46,923842;SPRF-SP;DEL04-SP;UOP01-DEL04-SP;;;
687678;27/04/2025;domingo;15:30:00;SE;101;88;NOSSA SENHORA DO SOCORRO;Acessar a via sem observar a presen�a dos outros ve�culos;Colis�o transversal;Com V�timas Feridas;Pleno dia;Crescente;C�u Claro;Dupla;"Reta;Em Obras;Desvio Tempor�rio;Interse��o de Vias";N�o;2;0;1;0;1;0;1;2;-10,87666946;-37,13415083;SPRF-SE;DEL01-SE;UOP01-DEL01-SE;;;
687679;27/04/2025;domingo;15:15:00;RJ;101;198;CASIMIRO DE ABREU;Condutor deixou de manter dist�ncia do ve�culo da frente;Colis�o transversal;Com V�timas Feridas;Pleno dia;Crescente;C�u Claro;Dupla;Curva;N�o;3;0;1;0;1;1;1;3;-22,48588269;-42,13671237;SPRF-RJ;DEL08-RJ;UOP04-DEL08-RJ;;;
687680;27/04/2025;domingo;15:20:00;PE;101;87,1;JABOATAO DOS GUARARAPES;Velocidade Incompat�vel;Sa�da de leito carro��vel;Com V�timas Fatais;Pleno dia;Decrescente;Sol;Dupla;Reta;N�o;2;1;0;0;0;1;0;1;-8,19214;-34,97492;SPRF-PE;DEL01-PE;UOP01-DEL01-PE;;;
687681;27/04/2025;domingo;15:40:00;SC;282;529;CORDILHEIRA ALTA;Acumulo de �gua sobre o pavimento;Sa�da de leito carro��vel;Sem V�timas;Pleno dia;Decrescente;Chuva;Simples;"Curva;Declive";N�o;1;0;0;0;1;0;0;1;-26,9839187;-52,6021028;SPRF-SC;DEL07-SC;UOP01-DEL07-SC;;;
687682;27/04/2025;domingo;16:00:00;GO;414;438,8;ANAPOLIS;Ingest�o de �lcool pelo condutor;Sa�da de leito carro��vel;Com V�timas Feridas;Pleno dia;Decrescente;Nublado;Simples;Reta;Sim;1;0;0;1;0;0;1;1;-16,2721515;-48,9399051;SPRF-GO;DEL02-GO;UOP01-DEL02-GO;;;
687683;27/04/2025;domingo;15:45:00;MG;116;277;TEOFILO OTONI;Aus�ncia de rea��o do condutor;Colis�o lateral mesmo sentido;Com V�timas Feridas;Pleno dia;Crescente;C�u Claro;Dupla;Reta;Sim;2;0;1;0;0;1;1;2;-17,86574624;-41,51639216;SPRF-MG;DEL11-MG;UOP01-DEL11-MG;;;
687684;27/04/2025;domingo;14:06:00;MS;163;375,3;NOVA ALVORADA DO SUL;Aus�ncia de rea��o do condutor;Sa�da de leito carro��vel;Com V�timas Feridas;Pleno dia;Crescente;Nublado;Simples;Reta;N�o;3;0;3;0;0;0;3;1;-21,4850931;-54,30344166;SPRF-MS;DEL02-MS;UOP01-DEL02-MS;;;
687686;27/04/2025;domingo;16:30:00;SP;116;192;SANTA ISABEL;Rea��o tardia ou ineficiente do condutor;Tombamento;Com V�timas Feridas;Pleno dia;Crescente;C�u Claro;Dupla;Reta;N�o;1;0;1;0;0;0;1;1;-23,379231;-46,256995;SPRF-SP;DEL01-SP;UOP01-DEL01-SP;;;
687687;27/04/2025;domingo;13:00:00;SP;116;151;SAO JOSE DOS CAMPOS;Acessar a via sem observar a presen�a dos outros ve�culos;Tombamento;Com V�timas Feridas;Pleno dia;Decrescente;C�u Claro;Simples;Reta;Sim;1;0;1;0;0;0;1;1;-23,22244567;-45,90272125;SPRF-SP;DEL02-SP;UOP01-DEL02-SP;;;
687689;27/04/2025;domingo;17:15:00;RS;293;1,6;PELOTAS;Acessar a via sem observar a presen�a dos outros ve�culos;Colis�o transversal;Com V�timas Feridas;Pleno dia;Decrescente;Nublado;Simples;"Reta;Interse��o de Vias";Sim;2;0;0;1;1;0;1;2;-31,748633;-52,36102;SPRF-RS;DEL11-RS;UOP03-DEL11-RS;;;
687690;27/04/2025;domingo;15:40:00;SE;101;152;ESTANCIA;Acessar a via sem observar a presen�a dos outros ve�culos;Colis�o transversal;Com V�timas Feridas;Pleno dia;Decrescente;C�u Claro;Simples;"Reta;Retorno Regulamentado";Sim;2;0;1;0;1;0;1;2;-11,27410304;-37,44790792;SPRF-SE;DEL02-SE;UOP01-DEL02-SE;;;
687691;27/04/2025;domingo;17:00:00;PR;369;189;ARAPONGAS;Demais falhas mec�nicas ou el�tricas;Inc�ndio;Sem V�timas;Pleno dia;Decrescente;C�u Claro;Dupla;"Reta;Aclive";N�o;5;0;0;0;5;0;0;1;-23,456393;-51,423255;SPRF-PR;DEL07-PR;UOP03-DEL07-PR;;;
687693;27/04/2025;domingo;17:25:00;SC;101;329;TUBARAO;Ingest�o de �lcool pelo condutor;Colis�o traseira;Com V�timas Feridas;Anoitecer;Crescente;C�u Claro;Dupla;Reta;N�o;4;0;0;2;2;0;2;2;-28,4565287;-48,98112237;SPRF-SC;DEL02-SC;UOP01-DEL02-SC;;;
687696;27/04/2025;domingo;15:40:00;BA;324;617;SALVADOR;Demais falhas mec�nicas ou el�tricas;Inc�ndio;Sem V�timas;Pleno dia;Crescente;C�u Claro;Dupla;Reta;N�o;1;0;0;0;1;0;0;1;-12,9039993;-38,4533608;SPRF-BA;DEL01-BA;UOP01-DEL01-BA;;;
687697;27/04/2025;domingo;18:00:00;BA;324;604;SIMOES FILHO;Ultrapassagem Indevida;Colis�o lateral mesmo sentido;Sem V�timas;Plena Noite;Decrescente;C�u Claro;Dupla;Reta;N�o;4;0;0;0;3;1;0;2;-12,7931275;-38,4045388;SPRF-BA;DEL01-BA;UOP01-DEL01-BA;;;
687698;27/04/2025;domingo;02:00:00;RJ;101;309;SAO GONCALO;Aus�ncia de rea��o do condutor;Colis�o com objeto;Com V�timas Feridas;Plena Noite;Decrescente;Nublado;Dupla;Reta;Sim;2;0;2;0;0;0;2;1;-22,79349408;-43,02628686;SPRF-RJ;DEL02-RJ;UOP02-DEL02-RJ;;;
687699;27/04/2025;domingo;17:55:00;SC;470;45,1;GASPAR;Acessar a via sem observar a presen�a dos outros ve�culos;Colis�o transversal;Com V�timas Feridas;Plena Noite;Crescente;Nublado;Simples;"Em Obras;Reta";N�o;3;0;3;0;0;0;3;2;-26,86612446;-49,03228694;SPRF-SC;DEL04-SC;UOP01-DEL04-SC;;;
687700;27/04/2025;domingo;18:10:00;SP;116;211;GUARULHOS;Manobra de mudan�a de faixa;Colis�o traseira;Com V�timas Feridas;Plena Noite;Crescente;Nublado;M�ltipla;"Reta;Declive";Sim;6;0;0;2;4;0;2;2;-23,4357272;-46,4279665;SPRF-SP;DEL01-SP;UOP01-DEL01-SP;;;
687701;27/04/2025;domingo;17:00:00;MA;135;5;SAO LUIS;Ingest�o de �lcool pelo condutor;Queda de ocupante de ve�culo;Com V�timas Feridas;Pleno dia;Crescente;Nublado;Dupla;Reta;Sim;1;0;0;1;0;0;1;1;-2,60925;-44,24954;SPRF-MA;DEL01-MA;UOP01-DEL01-MA;;;
687702;27/04/2025;domingo;17:35:00;MA;222;673;ACAILANDIA;Rea��o tardia ou ineficiente do condutor;Tombamento;Com V�timas Feridas;Anoitecer;Decrescente;C�u Claro;Simples;Reta;Sim;2;0;0;2;0;0;2;1;-4,95021;-47,48169;SPRF-MA;DEL04-MA;UOP03-DEL04-MA;;;
687703;27/04/2025;domingo;17:50:00;PR;376;170,8;MARINGA;Desrespeitar a prefer�ncia no cruzamento;Colis�o transversal;Com V�timas Feridas;Pleno dia;Crescente;C�u Claro;Dupla;Interse��o de Vias;Sim;3;0;0;1;1;1;1;3;-23,41020845;-51,98741198;SPRF-PR;DEL09-PR;UOP01-DEL09-PR;;;
687704;27/04/2025;domingo;16:40:00;SC;101;44,6;JOINVILLE;Aus�ncia de rea��o do condutor;Tombamento;Com V�timas Feridas;Pleno dia;Crescente;Nublado;Simples;"Declive;Reta";Sim;1;0;1;0;0;0;1;1;-26,34350326;-48,85827033;SPRF-SC;DEL03-SC;UOP01-DEL03-SC;;;
687705;27/04/2025;domingo;18:20:00;PR;476;196,4;LAPA;Desrespeitar a prefer�ncia no cruzamento;Colis�o transversal;Com V�timas Feridas;Plena Noite;Crescente;Nublado;Simples;"Aclive;Reta";Sim;2;0;1;0;1;0;1;2;-25,755968;-49,728824;SPRF-PR;DEL01-PR;UOP06-DEL01-PR;;;
687706;27/04/2025;domingo;17:25:00;MG;262;399;PARA DE MINAS;Rea��o tardia ou ineficiente do condutor;Colis�o traseira;Com V�timas Feridas;Anoitecer;Decrescente;C�u Claro;Dupla;Reta;Sim;4;0;3;0;1;0;3;2;-19,885689;-44,601674;SPRF-MG;DEL01-MG;UOP03-DEL01-MG;;;
687707;27/04/2025;domingo;18:30:00;CE;20;394;CAUCAIA;Aus�ncia de rea��o do condutor;Sa�da de leito carro��vel;Com V�timas Feridas;Plena Noite;Crescente;C�u Claro;Simples;Reta;N�o;1;0;1;0;0;0;1;1;-3,82214028;-38,74541178;SPRF-CE;DEL01-CE;UOP01-DEL01-CE;;;
687708;27/04/2025;domingo;17:05:00;SC;282;343;CAMPOS NOVOS;Ingest�o de �lcool pelo condutor;Sa�da de leito carro��vel;Com V�timas Feridas;Anoitecer;Decrescente;Chuva;Simples;Reta;Sim;1;0;1;0;0;0;1;1;-27,3895502;-51,2260015;SPRF-SC;DEL07-SC;UOP06-DEL07-SC;;;
687709;27/04/2025;domingo;18:10:00;MG;356;266,3;MURIAE;Desrespeitar a prefer�ncia no cruzamento;Colis�o transversal;Com V�timas Feridas;Plena Noite;Crescente;Nublado;Simples;Rotat�ria;Sim;2;0;0;1;1;0;1;2;-21,1463101;-42,38128;SPRF-MG;DEL07-MG;UOP02-DEL07-MG;;;
687710;27/04/2025;domingo;18:45:00;ES;101;66;SAO MATEUS;Manobra de mudan�a de faixa;Colis�o lateral mesmo sentido;Com V�timas Feridas;Plena Noite;Crescente;C�u Claro;Dupla;Reta;Sim;2;0;1;0;0;1;1;2;-18,71696785;-39,87288086;SPRF-ES;DEL04-ES;UOP02-DEL04-ES;;;
687711;27/04/2025;domingo;16:45:00;MG;262;526;LUZ;Aus�ncia de rea��o do condutor;Sa�da de leito carro��vel;Sem V�timas;Pleno dia;Decrescente;Chuva;Simples;"Declive;Reta";N�o;1;0;0;0;1;0;0;1;-19,78383511;-45,69870421;SPRF-MG;DEL08-MG;UOP03-DEL08-MG;;;
687712;27/04/2025;domingo;16:30:00;RJ;40;16;TRES RIOS;Demais falhas na via;Queda de ocupante de ve�culo;Com V�timas Feridas;Pleno dia;Crescente;C�u Claro;Dupla;Reta;Sim;2;0;2;0;0;0;2;1;-22,08514282;-43,1772995;SPRF-RJ;DEL05-RJ;UOP02-DEL05-RJ;;;
687713;27/04/2025;domingo;17:30:00;RJ;101;390;RIO DE JANEIRO;Demais falhas mec�nicas ou el�tricas;Colis�o com objeto;Com V�timas Feridas;Anoitecer;Decrescente;C�u Claro;Dupla;Curva;Sim;1;0;1;0;0;0;1;1;-22,89560227;-43,68281577;SPRF-RJ;DEL03-RJ;UOP01-DEL03-RJ;;;
687714;27/04/2025;domingo;19:15:00;TO;153;497;PARAISO DO TOCANTINS;Convers�o proibida;Colis�o transversal;Com V�timas Feridas;Plena Noite;Crescente;C�u Claro;Dupla;Interse��o de Vias;Sim;2;0;0;1;0;1;1;2;-10,18338168;-48,88057709;SPRF-TO;DEL01-TO;UOP01-DEL01-TO;;;
687716;27/04/2025;domingo;17:45:00;PE;408;70,6;PAUDALHO;Acessar a via sem observar a presen�a dos outros ve�culos;Colis�o transversal;Com V�timas Feridas;Anoitecer;Decrescente;C�u Claro;Dupla;Reta;N�o;6;0;0;1;5;0;1;2;-7,92438;-35,15354;SPRF-PE;DEL01-PE;UOP01-DEL01-PE;;;
687717;27/04/2025;domingo;18:00:00;AL;101;81,1;RIO LARGO;Ingest�o de �lcool pelo condutor;Capotamento;Com V�timas Feridas;Pleno dia;Decrescente;C�u Claro;Dupla;"Aclive;Curva";N�o;2;0;0;2;0;0;2;1;-9,44723753;-35,85558638;SPRF-AL;DEL01-AL;UOP01-DEL01-AL;;;
687718;27/04/2025;domingo;18:45:00;AL;101;130;SAO MIGUEL DOS CAMPOS;Aus�ncia de rea��o do condutor;Sa�da de leito carro��vel;Com V�timas Feridas;Plena Noite;Decrescente;C�u Claro;Simples;"Em Obras;Curva";N�o;1;0;1;0;0;0;1;1;-9,760175;-36,071108;SPRF-AL;DEL02-AL;UOP01-DEL02-AL;;;
687719;27/04/2025;domingo;18:50:00;PR;376;2,8;SAO JOSE DOS PINHAIS;Pedestre cruzava a pista fora da faixa;Atropelamento de Pedestre;Com V�timas Feridas;Plena Noite;Decrescente;Nublado;Dupla;Reta;Sim;3;0;1;0;2;0;1;2;-25,54398062;-49,1903615;SPRF-PR;DEL01-PR;UOP04-DEL01-PR;;;
687721;27/04/2025;domingo;17:45:00;RO;364;424;JARU;Convers�o proibida;Colis�o transversal;Com V�timas Feridas;Anoitecer;Decrescente;C�u Claro;Simples;Reta;N�o;4;0;1;0;3;0;1;2;-10,44316717;-62,46684194;SPRF-RO;DEL03-RO;UOP02-DEL03-RO;;;
687722;27/04/2025;domingo;16:20:00;PB;104;113,7;LAGOA SECA;Demais falhas mec�nicas ou el�tricas;Inc�ndio;Com V�timas Feridas;Pleno dia;Decrescente;C�u Claro;Simples;Curva;Sim;1;0;0;1;0;0;1;1;-7,1598;-35,85608;SPRF-PB;DEL02-PB;UOP04-DEL02-PB;;;
687723;27/04/2025;domingo;19:40:00;SP;116;219;GUARULHOS;Aus�ncia de rea��o do condutor;Colis�o traseira;Com V�timas Feridas;Plena Noite;Crescente;Nublado;M�ltipla;Reta;Sim;3;0;0;2;1;0;2;2;-23,4624424;-46,4928434;SPRF-SP;DEL01-SP;UOP01-DEL01-SP;;;
687724;27/04/2025;domingo;18:10:00;PI;343;4,8;TERESINA;Aus�ncia de rea��o do condutor;Colis�o com objeto;Com V�timas Feridas;Plena Noite;Decrescente;C�u Claro;M�ltipla;Ponte;Sim;3;0;3;0;0;0;3;1;-5,08364391;-42,79743254;SPRF-PI;DEL01-PI;UOP01-DEL01-PI;;;
687725;27/04/2025;domingo;19:30:00;SP;153;111;JOSE BONIFACIO;Aus�ncia de rea��o do condutor;Colis�o lateral mesmo sentido;Com V�timas Feridas;Plena Noite;Crescente;Nublado;Simples;"Reta;Declive";N�o;2;0;2;0;0;0;2;2;-21,0966259;-49,67870622;SPRF-SP;DEL09-SP;UOP01-DEL09-SP;;;
687726;27/04/2025;domingo;18:22:00;MG;365;700;MONTE ALEGRE DE MINAS;Rea��o tardia ou ineficiente do condutor;Colis�o com objeto;Sem V�timas;Anoitecer;Crescente;Nublado;Dupla;"Reta;Retorno Regulamentado";Sim;1;0;0;0;0;1;0;1;-18,87948832;-48,99114847;SPRF-MG;DEL15-MG;UOP03-DEL15-MG;;;
687727;27/04/2025;domingo;20:00:00;BA;116;413;FEIRA DE SANTANA;Ingest�o de �lcool pelo condutor;Colis�o lateral mesmo sentido;Com V�timas Feridas;Plena Noite;Crescente;C�u Claro;Dupla;"Reta;Retorno Regulamentado";N�o;2;0;0;1;1;0;1;2;-12,165053;-38,9650131;SPRF-BA;DEL02-BA;UOP01-DEL02-BA;;;
687728;27/04/2025;domingo;01:00:00;SC;280;30,1;ARAQUARI;Ingest�o de �lcool pelo condutor;Sa�da de leito carro��vel;Sem V�timas;Plena Noite;Decrescente;Ignorado;Simples;Reta;N�o;1;0;0;0;1;0;0;1;-26,44794451;-48,84565734;SPRF-SC;DEL03-SC;UOP03-DEL03-SC;;;
687729;27/04/2025;domingo;19:20:00;PR;277;128;CAMPO LARGO;Rea��o tardia ou ineficiente do condutor;Colis�o lateral mesmo sentido;Sem V�timas;Plena Noite;Crescente;Nublado;Dupla;Reta;N�o;5;0;0;0;5;0;0;2;-25,4416276;-49,56001282;SPRF-PR;DEL03-PR;UOP03-DEL03-PR;;;
687731;27/04/2025;domingo;19:35:00;PR;376;491;PONTA GROSSA;Animais na Pista;Atropelamento de Animal;Com V�timas Feridas;Plena Noite;Crescente;Ignorado;Dupla;"Curva;Aclive";N�o;2;0;2;0;0;0;2;1;-25,110595;-50,189642;SPRF-PR;DEL03-PR;UOP04-DEL03-PR;;;
687733;27/04/2025;domingo;18:30:00;PR;369;186;ARAPONGAS;Ultrapassagem Indevida;Colis�o lateral mesmo sentido;Sem V�timas;Plena Noite;Crescente;Nublado;Simples;Interse��o de Vias;N�o;2;0;0;0;2;0;0;2;-23,415457;-51,427188;SPRF-PR;DEL07-PR;UOP03-DEL07-PR;;;
687735;27/04/2025;domingo;18:45:00;MA;135;9;SAO LUIS;Acessar a via sem observar a presen�a dos outros ve�culos;Atropelamento de Pedestre;Sem V�timas;Plena Noite;Crescente;Chuva;Dupla;Reta;Sim;2;0;0;0;1;1;0;2;-2,651972;-44,283882;SPRF-MA;DEL01-MA;UOP01-DEL01-MA;;;
687738;27/04/2025;domingo;20:00:00;SP;381;81,7;SAO PAULO;Rea��o tardia ou ineficiente do condutor;Engavetamento;Sem V�timas;Plena Noite;Decrescente;Nublado;Dupla;Reta;Sim;3;0;0;0;3;0;0;3;-23,42925502;-46,57077909;SPRF-SP;DEL03-SP;UOP01-DEL03-SP;;;
687739;27/04/2025;domingo;20:00:00;PE;104;61;CARUARU;Manobra de mudan�a de faixa;Colis�o traseira;Com V�timas Feridas;Plena Noite;Crescente;C�u Claro;Dupla;Reta;N�o;2;0;0;1;1;0;1;2;-8,244408;-35,975327;SPRF-PE;DEL02-PE;UOP01-DEL02-PE;;;
687740;27/04/2025;domingo;17:50:00;MS;463;110;PONTA PORA;Transitar no Acostamento;Atropelamento de Pedestre;Com V�timas Fatais;Plena Noite;Decrescente;Chuva;Dupla;Curva;N�o;2;1;0;0;0;1;0;2;-22,579093;-55,691092;SPRF-MS;DEL04-MS;UOP03-DEL04-MS;;;
687741;27/04/2025;domingo;20:00:00;RO;364;518;ARIQUEMES;Pista esburacada;Queda de ocupante de ve�culo;Com V�timas Feridas;Plena Noite;Crescente;C�u Claro;Dupla;Reta;N�o;1;0;0;1;0;0;1;1;-9,891249;-63,056475;SPRF-RO;DEL03-RO;UOP01-DEL03-RO;;;
687742;27/04/2025;domingo;06:30:00;RJ;101;304;SAO GONCALO;Demais falhas mec�nicas ou el�tricas;Queda de ocupante de ve�culo;Com V�timas Feridas;Pleno dia;Decrescente;C�u Claro;Dupla;Reta;N�o;1;0;1;0;0;0;1;1;-22,78573708;-42,98398537;SPRF-RJ;DEL02-RJ;UOP02-DEL02-RJ;;;
687743;27/04/2025;domingo;20:45:00;BA;101;6;RIO REAL;Ingest�o de �lcool pelo condutor;Colis�o traseira;Com V�timas Fatais;Plena Noite;Decrescente;C�u Claro;Simples;Reta;N�o;2;1;0;0;0;1;0;2;-11,53817267;-37,84497142;SPRF-SE;DEL02-SE;UOP03-DEL02-SE;;;
687745;27/04/2025;domingo;18:00:00;PI;343;308,4;ALTOS;Transitar na contram�o;Colis�o frontal;Com V�timas Feridas;Anoitecer;Crescente;C�u Claro;Simples;Reta;Sim;4;0;0;2;2;0;2;3;-5,039502;-42,470902;SPRF-PI;DEL01-PI;UOP01-DEL01-PI;;;
687746;27/04/2025;domingo;20:44:00;MG;40;456;CAETANOPOLIS;Ingest�o de �lcool pelo condutor;Sa�da de leito carro��vel;Sem V�timas;Plena Noite;Crescente;C�u Claro;Dupla;Curva;N�o;1;0;0;0;0;1;0;1;-19,35678136;-44,34797645;SPRF-MG;DEL02-MG;UOP01-DEL02-MG;;;
687747;27/04/2025;domingo;21:35:00;RS;290;89;PORTO ALEGRE;Chuva;Tombamento;Com V�timas Feridas;Plena Noite;Crescente;Chuva;M�ltipla;Reta;N�o;1;0;1;0;0;0;1;1;-29,96723776;-51,13799796;SPRF-RS;DEL01-RS;UOP01-DEL01-RS;;;
687748;27/04/2025;domingo;21:25:00;PB;101;62;SANTA RITA;Rea��o tardia ou ineficiente do condutor;Queda de ocupante de ve�culo;Com V�timas Feridas;Plena Noite;Crescente;C�u Claro;Dupla;Reta;N�o;2;0;1;1;0;0;2;1;-7,017235;-35,061752;SPRF-PB;DEL01-PB;UOP03-DEL01-PB;;;
687749;27/04/2025;domingo;14:50:00;RJ;40;113;DUQUE DE CAXIAS;Rea��o tardia ou ineficiente do condutor;Engavetamento;Com V�timas Feridas;Pleno dia;Crescente;C�u Claro;M�ltipla;Reta;Sim;8;0;3;0;3;2;3;6;-22,70950531;-43,29041139;SPRF-RJ;DEL01-RJ;UOP02-DEL01-RJ;;;
687751;27/04/2025;domingo;21:50:00;PR;376;548;PALMEIRA;Rea��o tardia ou ineficiente do condutor;Sa�da de leito carro��vel;Com V�timas Feridas;Plena Noite;Crescente;Nublado;Dupla;Reta;N�o;4;0;4;0;0;0;4;1;-25,4199;-49,7681;SPRF-PR;DEL03-PR;UOP03-DEL03-PR;;;
687752;27/04/2025;domingo;18:40:00;SC;101;53;JOINVILLE;Aus�ncia de rea��o do condutor;Sa�da de leito carro��vel;Com V�timas Feridas;Anoitecer;Decrescente;C�u Claro;Dupla;Reta;N�o;2;0;2;0;0;0;2;1;-26,41877628;-48,83234024;SPRF-SC;DEL03-SC;UOP01-DEL03-SC;;;
687753;27/04/2025;domingo;19:00:00;MT;163;701;SORRISO;Ingest�o de �lcool pelo condutor;Colis�o com objeto;Com V�timas Feridas;Plena Noite;Decrescente;Chuva;Simples;Reta;N�o;5;0;1;1;3;0;2;2;-12,9632265;-55,87242666;SPRF-MT;DEL06-MT;UOP01-DEL06-MT;;;