id;data_inversa;dia_semana;horario;uf;br;km;municipio;causa_acidente;tipo_acidente;classificacao_acidente;fase_dia;sentido_via;condicao_metereologica;tipo_pista;tracado_via;uso_solo;pessoas;mortos;feridos_leves;feridos_graves;ilesos;ignorados;feridos;veiculos;latitude;longitude;regional;delegacia;uop;;;
687756;27/04/2025;domingo;21:40:00;PR;369;178,3;ROLANDIA;Ingest�o de �lcool pelo condutor;Colis�o com objeto;Sem V�timas;Plena Noite;Decrescente;Chuva;Dupla;Reta;Sim;2;0;0;0;0;2;0;1;-23,356702;-51,394331;SPRF-PR;DEL07-PR;UOP01-DEL07-PR;;;
687757;27/04/2025;domingo;21:50:00;PE;428;188;PETROLINA;Acessar a via sem observar a presen�a dos outros ve�culos;Colis�o transversal;Com V�timas Feridas;Plena Noite;Crescente;C�u Claro;Dupla;Reta;Sim;3;0;2;1;0;0;3;2;-9,376302;-40,49512;SPRF-PE;DEL06-PE;UOP01-DEL06-PE;;;
687759;27/04/2025;domingo;23:10:00;RJ;116;182;NOVA IGUACU;Ingest�o de �lcool pelo condutor;Colis�o traseira;Com V�timas Feridas;Plena Noite;Decrescente;Nublado;M�ltipla;Reta;Sim;4;0;2;0;2;0;2;2;-22,75553931;-43,43340252;SPRF-RJ;DEL06-RJ;UOP01-DEL06-RJ;;;
687760;27/04/2025;domingo;23:00:00;MG;50;175;UBERABA;Rea��o tardia ou ineficiente do condutor;Sa�da de leito carro��vel;Sem V�timas;Plena Noite;Decrescente;Nublado;Dupla;"Reta;Aclive";N�o;1;0;0;0;0;1;0;1;-19,7791799;-47,96667045;SPRF-MG;DEL13-MG;UOP01-DEL13-MG;;;
687763;27/04/2025;domingo;22:30:00;BA;116;12,9;VITORIA DA CONQUISTA;Convers�o proibida;Colis�o transversal;Com V�timas Feridas;Plena Noite;Decrescente;Nublado;Simples;Reta;Sim;2;0;1;0;1;0;1;2;-14,884434;-40,870698;SPRF-BA;DEL08-BA;UOP01-DEL08-BA;;;
687764;27/04/2025;domingo;22:40:00;PR;376;176;MARINGA;Condutor desrespeitou a ilumina��o vermelha do sem�foro;Colis�o transversal;Com V�timas Feridas;Plena Noite;Decrescente;Chuva;Dupla;"Curva;Interse��o de Vias";Sim;3;0;1;0;2;0;1;2;-23,41128172;-51,93644587;SPRF-PR;DEL09-PR;UOP01-DEL09-PR;;;
687765;27/04/2025;domingo;23:30:00;RS;448;22;PORTO ALEGRE;Velocidade Incompat�vel;Colis�o com objeto;Com V�timas Feridas;Plena Noite;Crescente;Nublado;Dupla;"Curva;Declive";Sim;2;0;1;0;1;0;1;1;-29,97585972;-51,19969667;SPRF-RS;DEL01-RS;UOP01-DEL01-RS;;;
687766;27/04/2025;domingo;23:30:00;PR;476;195,8;LAPA;Desrespeitar a prefer�ncia no cruzamento;Colis�o transversal;Com V�timas Feridas;Plena Noite;Decrescente;Garoa/Chuvisco;Simples;"Declive;Reta;Interse��o de Vias";Sim;2;0;2;0;0;0;2;2;-25,752046;-49,724119;SPRF-PR;DEL01-PR;UOP06-DEL01-PR;;;
687767;27/04/2025;domingo;23:40:00;CE;222;2,3;FORTALEZA;Pedestre cruzava a pista fora da faixa;Atropelamento de Pedestre;Com V�timas Feridas;Plena Noite;Crescente;Chuva;Dupla;Reta;Sim;3;0;1;0;2;0;1;2;-3,73939193;-38,59049483;SPRF-CE;DEL01-CE;UOP01-DEL01-CE;;;
687768;27/04/2025;domingo;23:30:00;RJ;101;305;SAO GONCALO;Rea��o tardia ou ineficiente do condutor;Colis�o traseira;Com V�timas Feridas;Plena Noite;Decrescente;C�u Claro;Dupla;Reta;Sim;2;0;1;0;1;0;1;2;-22,7888159;-43,0032698;SPRF-RJ;DEL02-RJ;UOP02-DEL02-RJ;;;
687770;27/04/2025;domingo;22:15:00;SP;153;68;SAO JOSE DO RIO PRETO;Aus�ncia de rea��o do condutor;Sa�da de leito carro��vel;Sem V�timas;Plena Noite;Decrescente;Nublado;Dupla;"Declive;Reta";Sim;2;0;0;0;1;1;0;1;-20,85084396;-49,39353274;SPRF-SP;DEL09-SP;UOP01-DEL09-SP;;;
687772;28/04/2025;segunda-feira;00:30:00;SC;101;244,1;PAULO LOPES;Chuva;Sa�da de leito carro��vel;Sem V�timas;Plena Noite;Crescente;Chuva;Dupla;Reta;N�o;1;0;0;0;0;1;0;1;-27,9515899;-48,67357627;SPRF-SC;DEL01-SC;UOP02-DEL01-SC;;;
687773;27/04/2025;domingo;20:00:00;MT;70;3;BARRA DO GARCAS;Rea��o tardia ou ineficiente do condutor;Queda de ocupante de ve�culo;Com V�timas Feridas;Plena Noite;Decrescente;Nublado;Dupla;"Reta;Declive";Sim;1;0;0;1;0;0;1;1;-15,88025577;-52,28037357;SPRF-MT;DEL07-MT;UOP01-DEL07-MT;;;
687774;27/04/2025;domingo;23:30:00;SC;282;506,8;XANXERE;Ingest�o de �lcool pelo condutor;Sa�da de leito carro��vel;Sem V�timas;Plena Noite;Crescente;Chuva;Dupla;Reta;Sim;1;0;0;0;1;0;0;1;-26,8860016;-52,4359809;SPRF-SC;DEL07-SC;UOP01-DEL07-SC;;;
687775;27/04/2025;domingo;18:30:00;MT;70;19;BARRA DO GARCAS;Rea��o tardia ou ineficiente do condutor;Sa�da de leito carro��vel;Com V�timas Feridas;Plena Noite;Crescente;Garoa/Chuvisco;Simples;Reta;N�o;1;0;1;0;0;0;1;1;-15,86706;-52,39715;SPRF-MT;DEL07-MT;UOP01-DEL07-MT;;;
687776;28/04/2025;segunda-feira;01:40:00;SC;101;192,9;BIGUACU;Ingest�o de �lcool pelo condutor;Sa�da de leito carro��vel;Sem V�timas;Plena Noite;Decrescente;C�u Claro;M�ltipla;Curva;N�o;1;0;0;0;1;0;0;1;-27,48842426;-48,65155667;SPRF-SC;DEL01-SC;UOP01-DEL01-SC;;;
687777;28/04/2025;segunda-feira;00:10:00;MS;163;248;DOURADOS;Aus�ncia de rea��o do condutor;Sa�da de leito carro��vel;Sem V�timas;Plena Noite;Decrescente;Nublado;Simples;Curva;N�o;1;0;0;0;1;0;0;1;-22,32329949;-54,81941096;SPRF-MS;DEL04-MS;UOP02-DEL04-MS;;;
687778;27/04/2025;domingo;22:45:00;PB;104;114;LAGOA SECA;Ingest�o de �lcool pelo condutor;Tombamento;Com V�timas Feridas;Plena Noite;Crescente;C�u Claro;Simples;Reta;Sim;2;0;1;1;0;0;2;1;-7,159253;-35,855884;SPRF-PB;DEL02-PB;UOP04-DEL02-PB;;;
687779;28/04/2025;segunda-feira;02:15:00;RS;116;254,9;ESTEIO;Acostamento em desn�vel;Tombamento;Com V�timas Feridas;Plena Noite;Crescente;Garoa/Chuvisco;M�ltipla;Reta;Sim;1;0;1;0;0;0;1;1;-29,83352399;-51,17464419;SPRF-RS;DEL01-RS;UOP02-DEL01-RS;;;
687780;28/04/2025;segunda-feira;01:21:00;MG;40;515;RIBEIRAO DAS NEVES;Ingest�o de �lcool pelo condutor;Sa�da de leito carro��vel;Com V�timas Feridas;Plena Noite;Crescente;C�u Claro;Dupla;Reta;Sim;1;0;1;0;0;0;1;1;-19,83177841;-44,08385396;SPRF-MG;DEL01-MG;UOP02-DEL01-MG;;;
687781;28/04/2025;segunda-feira;01:30:00;MG;116;801;ALEM PARAIBA;Aus�ncia de rea��o do condutor;Queda de ocupante de ve�culo;Com V�timas Feridas;Plena Noite;Decrescente;Nublado;Simples;Reta;N�o;1;0;1;0;0;0;1;1;-21,77056499;-42,73102799;SPRF-MG;DEL07-MG;UOP01-DEL07-MG;;;
687782;28/04/2025;segunda-feira;02:30:00;PR;373;173,2;PONTA GROSSA;Ingest�o de �lcool pelo condutor;Colis�o com objeto;Com V�timas Feridas;Plena Noite;Crescente;Nublado;Dupla;Curva;Sim;1;0;1;0;0;0;1;1;-25,079825;-50,203172;SPRF-PR;DEL03-PR;UOP01-DEL03-PR;;;
687783;28/04/2025;segunda-feira;01:10:00;SP;459;30;GUARATINGUETA;Suic�dio (presumido);Sa�da de leito carro��vel;Com V�timas Feridas;Plena Noite;Crescente;C�u Claro;Simples;Ponte;Sim;1;0;1;0;0;0;1;1;-22,72648437;-45,10358048;SPRF-SP;DEL08-SP;UOP02-DEL08-SP;;;
687785;28/04/2025;segunda-feira;04:00:00;PR;376;623;SAO JOSE DOS PINHAIS;Aus�ncia de rea��o do condutor;Colis�o traseira;Com V�timas Feridas;Plena Noite;Decrescente;C�u Claro;Dupla;Reta;N�o;2;0;1;0;0;1;1;2;-25,65129313;-49,15763251;SPRF-PR;DEL01-PR;UOP04-DEL01-PR;;;
687788;27/04/2025;domingo;21:20:00;RO;364;685;CANDEIAS DO JAMARI;Animais na Pista;Atropelamento de Animal;Com V�timas Feridas;Plena Noite;Decrescente;C�u Claro;Simples;Reta;N�o;3;0;3;0;0;0;3;1;-8,79262965;-63,65284248;SPRF-RO;DEL01-RO;UOP01-DEL01-RO;;;
687789;28/04/2025;segunda-feira;04:00:00;PE;232;314;SERTANIA;Animais na Pista;Atropelamento de Animal;Com V�timas Feridas;Plena Noite;Crescente;C�u Claro;Simples;Reta;N�o;2;0;2;0;0;0;2;1;-8,133473;-37,498773;SPRF-PE;DEL04-PE;UOP02-DEL04-PE;;;
687790;28/04/2025;segunda-feira;04:30:00;RN;304;46,7;MOSSORO;Aus�ncia de rea��o do condutor;Colis�o lateral mesmo sentido;Com V�timas Feridas;Plena Noite;Decrescente;C�u Claro;Dupla;Reta;Sim;2;0;0;1;0;1;1;2;-5,226;-37,334;SPRF-RN;DEL04-RN;UOP01-DEL04-RN;;;
687791;28/04/2025;segunda-feira;04:21:00;CE;20;304,6;CANINDE;Avarias e/ou desgaste excessivo no pneu;Sa�da de leito carro��vel;Com V�timas Fatais;Amanhecer;Decrescente;Nublado;Dupla;Reta;Sim;1;1;0;0;0;0;0;1;-4,377446;-39,308436;SPRF-CE;DEL02-CE;UOP01-DEL02-CE;;;
687792;28/04/2025;segunda-feira;05:30:00;PE;232;126,9;CARUARU;Aus�ncia de sinaliza��o;Colis�o com objeto;Sem V�timas;Amanhecer;Decrescente;C�u Claro;Dupla;"Aclive;Curva";Sim;2;0;0;0;1;1;0;2;-8,30598069;-35,96679783;SPRF-PE;DEL02-PE;UOP01-DEL02-PE;;;
687793;28/04/2025;segunda-feira;06:20:00;PB;101;108;ALHANDRA;Avarias e/ou desgaste excessivo no pneu;Queda de ocupante de ve�culo;Com V�timas Feridas;Pleno dia;Decrescente;C�u Claro;Simples;Reta;Sim;1;0;0;1;0;0;1;1;-7,3351848;-34,9472432;SPRF-PB;DEL01-PB;UOP01-DEL01-PB;;;
687794;28/04/2025;segunda-feira;07:00:00;MG;50;39;ARAGUARI;Pista Escorregadia;Tombamento;Com V�timas Feridas;Pleno dia;Decrescente;C�u Claro;Simples;Reta;Sim;1;0;1;0;0;0;1;1;-18,670405;-48,177007;SPRF-MG;DEL15-MG;UOP02-DEL15-MG;;;
687796;28/04/2025;segunda-feira;07:15:00;SC;101;314,8;LAGUNA;Aus�ncia de rea��o do condutor;Colis�o traseira;Com V�timas Feridas;Amanhecer;Crescente;C�u Claro;Simples;Reta;N�o;2;0;1;0;1;0;1;2;-28,43249651;-48,83819818;SPRF-SC;DEL02-SC;UOP01-DEL02-SC;;;
687797;28/04/2025;segunda-feira;06:26:00;DF;70;15,5;BRASILIA;Mal s�bito do condutor;Colis�o lateral mesmo sentido;Com V�timas Feridas;Amanhecer;Decrescente;C�u Claro;Dupla;Reta;Sim;4;0;2;0;2;0;2;2;-15,79635662;-48,19504648;SPRF-DF;DEL03-DF;UOP02-DEL03-DF;;;
687798;28/04/2025;segunda-feira;07:00:00;PB;101;92;JOAO PESSOA;Rea��o tardia ou ineficiente do condutor;Colis�o traseira;Com V�timas Feridas;Pleno dia;Crescente;C�u Claro;Dupla;Reta;Sim;2;0;1;0;0;1;1;2;-7,20770527;-34,90885925;SPRF-PB;DEL01-PB;UOP01-DEL01-PB;;;
687799;28/04/2025;segunda-feira;07:12:00;SC;101;194,3;BIGUACU;Acessar a via sem observar a presen�a dos outros ve�culos;Colis�o transversal;Com V�timas Feridas;Pleno dia;Crescente;C�u Claro;M�ltipla;"Interse��o de Vias;Reta";Sim;2;0;1;0;1;0;1;2;-27,499833;-48,654682;SPRF-SC;DEL01-SC;UOP01-DEL01-SC;;;
687800;28/04/2025;segunda-feira;06:05:00;BA;116;24;VITORIA DA CONQUISTA;Aus�ncia de rea��o do condutor;Queda de ocupante de ve�culo;Com V�timas Feridas;Pleno dia;Decrescente;C�u Claro;Dupla;Declive;N�o;1;0;1;0;0;0;1;1;-14,85909339;-40,79884529;SPRF-BA;DEL08-BA;UOP01-DEL08-BA;;;
687802;28/04/2025;segunda-feira;07:40:00;SP;153;83,7;MIRASSOL;Chuva;Colis�o com objeto;Com V�timas Feridas;Pleno dia;Decrescente;Chuva;Dupla;Reta;N�o;1;0;1;0;0;0;1;1;-20,926845;-49,509269;SPRF-SP;DEL09-SP;UOP01-DEL09-SP;;;
687803;28/04/2025;segunda-feira;07:30:00;SE;101;123;ITAPORANGA DAJUDA;Avarias e/ou desgaste excessivo no pneu;Tombamento;Com V�timas Feridas;Pleno dia;Decrescente;C�u Claro;Dupla;"Reta;Declive";N�o;2;0;2;0;0;0;2;1;-11,04498;-37,364903;SPRF-SE;DEL02-SE;UOP01-DEL02-SE;;;
687804;27/04/2025;domingo;23:20:00;MT;174;4;PONTES E LACERDA;Ingest�o de �lcool pelo condutor;Queda de ocupante de ve�culo;Com V�timas Feridas;Plena Noite;Decrescente;Garoa/Chuvisco;Simples;Reta;Sim;1;0;1;0;0;0;1;1;-15,23152097;-59,33128953;SPRF-MT;DEL04-MT;UOP01-DEL04-MT;;;
687805;28/04/2025;segunda-feira;07:55:00;PR;376;491;PONTA GROSSA;Condutor deixou de manter dist�ncia do ve�culo da frente;Colis�o traseira;Com V�timas Feridas;Pleno dia;Decrescente;C�u Claro;Dupla;"Reta;Aclive";N�o;2;0;1;0;0;1;1;2;-25,10565282;-50,19376516;SPRF-PR;DEL03-PR;UOP04-DEL03-PR;;;
687807;28/04/2025;segunda-feira;08:30:00;AL;316;241,9;ATALAIA;Desrespeitar a prefer�ncia no cruzamento;Colis�o transversal;Com V�timas Feridas;Pleno dia;Crescente;C�u Claro;Simples;"Rotat�ria;Reta";Sim;2;0;1;0;1;0;1;2;-9,50743102;-36,02086393;SPRF-AL;DEL01-AL;UOP01-DEL01-AL;;;
687808;28/04/2025;segunda-feira;06:20:00;RJ;101;311;SAO GONCALO;Rea��o tardia ou ineficiente do condutor;Colis�o traseira;Com V�timas Feridas;Pleno dia;Crescente;C�u Claro;Dupla;Reta;Sim;2;0;1;0;1;0;1;2;-22,80215068;-43,0559115;SPRF-RJ;DEL02-RJ;UOP02-DEL02-RJ;;;
687810;28/04/2025;segunda-feira;06:30:00;RN;226;78;TANGARA;Acessar a via sem observar a presen�a dos outros ve�culos;Colis�o frontal;Com V�timas Feridas;Pleno dia;Crescente;C�u Claro;Simples;Reta;N�o;4;0;0;1;2;1;1;3;-6,173233;-35,764547;SPRF-RN;DEL01-RN;UOP02-DEL01-RN;;;
687812;28/04/2025;segunda-feira;07:50:00;MG;116;322,3;ITAMBACURI;Frear bruscamente;Colis�o traseira;Com V�timas Feridas;Pleno dia;Crescente;C�u Claro;Simples;Reta;N�o;13;0;1;10;2;0;11;4;-18,17628;-41,707467;SPRF-MG;DEL11-MG;UOP01-DEL11-MG;;;
687814;28/04/2025;segunda-feira;08:00:00;SC;101;424,6;ARARANGUA;Acessar a via sem observar a presen�a dos outros ve�culos;Colis�o traseira;Com V�timas Feridas;Pleno dia;Decrescente;C�u Claro;M�ltipla;"Reta;Interse��o de Vias";N�o;2;0;1;0;1;0;1;2;-29,023306;-49,595072;SPRF-SC;DEL02-SC;UOP02-DEL02-SC;;;
687816;28/04/2025;segunda-feira;08:00:00;CE;116;6;FORTALEZA;Condutor deixou de manter dist�ncia do ve�culo da frente;Colis�o traseira;Com V�timas Feridas;Pleno dia;Decrescente;C�u Claro;M�ltipla;Reta;Sim;2;0;1;0;1;0;1;2;-3,80701503;-38,50160535;SPRF-CE;DEL01-CE;UOP02-DEL01-CE;;;
687818;28/04/2025;segunda-feira;09:10:00;BA;116;419;FEIRA DE SANTANA;Condutor deixou de manter dist�ncia do ve�culo da frente;Colis�o traseira;Com V�timas Feridas;Pleno dia;Decrescente;Nublado;Simples;Reta;Sim;3;0;2;0;1;0;2;2;-12,2063093;-38,965612;SPRF-BA;DEL02-BA;UOP01-DEL02-BA;;;
687819;24/04/2025;quinta-feira;11:30:00;MG;262;631,5;IBIA;Retorno proibido;Colis�o lateral mesmo sentido;Com V�timas Feridas;Pleno dia;Decrescente;Sol;Simples;"Reta;Aclive";Sim;2;0;1;0;1;0;1;2;-19,59211;-46,491572;SPRF-MG;DEL08-MG;UOP01-DEL08-MG;;;
687820;28/04/2025;segunda-feira;08:29:00;SE;101;58;ROSARIO DO CATETE;Aus�ncia de rea��o do condutor;Colis�o transversal;Com V�timas Feridas;Pleno dia;Decrescente;C�u Claro;Simples;"Reta;Interse��o de Vias";N�o;2;0;1;0;1;0;1;2;-10,66010186;-37,02830315;SPRF-SE;DEL02-SE;UOP02-DEL02-SE;;;
687822;28/04/2025;segunda-feira;04:50:00;MA;222;522;BURITICUPU;Acesso irregular;Colis�o lateral sentido oposto;Sem V�timas;Amanhecer;Crescente;C�u Claro;Simples;Reta;Sim;3;0;0;0;2;1;0;2;-4,34615;-46,42392;SPRF-MA;DEL02-MA;UOP01-DEL02-MA;;;
687823;09/03/2025;domingo;01:20:00;PA;316;239;VISEU;Aus�ncia de rea��o do condutor;Colis�o lateral mesmo sentido;Com V�timas Feridas;Plena Noite;Decrescente;Ignorado;Simples;Reta;N�o;2;0;0;1;0;1;1;2;-1,72353;-46,620122;SPRF-PA;DEL01-PA;UOP04-DEL01-PA;;;
687824;28/04/2025;segunda-feira;08:00:00;PA;230;107;SAO JOAO DO ARAGUAIA;Acostamento em desn�vel;Sa�da de leito carro��vel;Com V�timas Feridas;Pleno dia;Crescente;C�u Claro;Simples;"Em Obras;Reta";N�o;1;0;0;1;0;0;1;1;-5,37764421;-49,01249359;SPRF-PA;DEL03-PA;UOP01-DEL03-PA;;;
687825;28/04/2025;segunda-feira;09:45:00;ES;101;270,8;SERRA;Manobra de mudan�a de faixa;Colis�o lateral mesmo sentido;Com V�timas Feridas;Pleno dia;Crescente;Nublado;M�ltipla;Curva;Sim;6;0;2;2;2;0;4;2;-20,232365;-40,2745916;SPRF-ES;DEL02-ES;UOP01-DEL02-ES;;;
687828;28/04/2025;segunda-feira;08:55:00;ES;262;95;DOMINGOS MARTINS;Desrespeitar a prefer�ncia no cruzamento;Colis�o transversal;Com V�timas Feridas;Pleno dia;Decrescente;C�u Claro;Simples;Interse��o de Vias;Sim;2;0;1;0;1;0;1;2;-20,364862;-41,062845;SPRF-ES;DEL01-ES;UOP02-DEL01-ES;;;
687829;28/04/2025;segunda-feira;07:30:00;SC;101;105;PENHA;Acessar a via sem observar a presen�a dos outros ve�culos;Colis�o lateral mesmo sentido;Sem V�timas;Pleno dia;Crescente;C�u Claro;Dupla;Reta;N�o;2;0;0;0;2;0;0;2;-26,80127789;-48,67851958;SPRF-SC;DEL03-SC;UOP02-DEL03-SC;;;
687830;28/04/2025;segunda-feira;09:50:00;PR;469;14;FOZ DO IGUACU;Transitar no Acostamento;Colis�o lateral mesmo sentido;Com V�timas Feridas;Pleno dia;Crescente;C�u Claro;Simples;"Em Obras;Reta";Sim;2;0;1;0;1;0;1;2;-25,57963696;-54,53637958;SPRF-PR;DEL05-PR;UOP04-DEL05-PR;;;
687831;23/04/2025;quarta-feira;18:35:00;AL;316;153;PALMEIRA DOS INDIOS;Acessar a via sem observar a presen�a dos outros ve�culos;Colis�o transversal;Com V�timas Feridas;Plena Noite;Crescente;C�u Claro;Simples;"Curva;Aclive";Sim;3;0;0;2;1;0;2;2;-9,43161;-36,644325;SPRF-AL;DEL03-AL;UOP01-DEL03-AL;;;
687834;28/04/2025;segunda-feira;10:15:00;ES;101;14,9;SERRA;Demais falhas mec�nicas ou el�tricas;Tombamento;Com V�timas Feridas;Pleno dia;Decrescente;C�u Claro;Dupla;Reta;N�o;1;0;1;0;0;0;1;1;-20,18372;-40,339705;SPRF-ES;DEL02-ES;UOP01-DEL02-ES;;;
687836;24/02/2025;segunda-feira;06:05:00;RN;304;247;SANTA MARIA;Acessar a via sem observar a presen�a dos outros ve�culos;Colis�o frontal;Com V�timas Fatais;Pleno dia;Decrescente;C�u Claro;Simples;Reta;N�o;6;1;0;0;5;0;0;2;-5,825832;-35,779687;SPRF-RN;DEL01-RN;UOP02-DEL01-RN;;;
687837;28/04/2025;segunda-feira;10:11:00;PR;116;21,9;ANTONINA;Chuva;Colis�o com objeto;Sem V�timas;Pleno dia;Crescente;Chuva;Dupla;Curva;N�o;2;0;0;0;2;0;0;1;-25,111157;-48,751183;SPRF-PR;DEL01-PR;UOP02-DEL01-PR;;;
687840;28/04/2025;segunda-feira;11:51:00;DF;60;2,3;BRASILIA;Acesso irregular;Colis�o traseira;Com V�timas Feridas;Pleno dia;Crescente;Nublado;Dupla;Reta;Sim;2;0;0;1;1;0;1;2;-15,88831504;-48,08076382;SPRF-DF;DEL03-DF;UOP01-DEL03-DF;;;
687841;28/04/2025;segunda-feira;11:15:00;BA;367;84;EUNAPOLIS;Acessar a via sem observar a presen�a dos outros ve�culos;Colis�o transversal;Com V�timas Feridas;Pleno dia;Decrescente;C�u Claro;Simples;Reta;N�o;3;0;2;0;1;0;2;2;-16,3746719;-39,5786393;SPRF-BA;DEL09-BA;UOP03-DEL09-BA;;;
687844;28/04/2025;segunda-feira;11:15:00;PR;116;13;CAMPINA GRANDE DO SUL;Aus�ncia de rea��o do condutor;Sa�da de leito carro��vel;Com V�timas Feridas;Pleno dia;Crescente;Garoa/Chuvisco;Dupla;Curva;N�o;1;0;1;0;0;0;1;1;-25,099642;-48,67475;SPRF-PR;DEL01-PR;UOP02-DEL01-PR;;;
687845;28/04/2025;segunda-feira;12:00:00;SC;280;127,9;RIO NEGRINHO;Convers�o proibida;Colis�o traseira;Com V�timas Feridas;Pleno dia;Decrescente;C�u Claro;Simples;"Declive;Reta";Sim;3;0;0;1;2;0;1;2;-26,24275;-49,5126;SPRF-SC;DEL06-SC;UOP03-DEL06-SC;;;
687846;28/04/2025;segunda-feira;12:00:00;MG;381;484;BETIM;Condutor deixou de manter dist�ncia do ve�culo da frente;Engavetamento;Com V�timas Feridas;Pleno dia;Decrescente;C�u Claro;M�ltipla;Reta;Sim;7;0;1;0;5;1;1;4;-19,95779214;-44,0926095;SPRF-MG;DEL01-MG;UOP03-DEL01-MG;;;
687847;28/04/2025;segunda-feira;10:15:00;AC;364;135;RIO BRANCO;Rea��o tardia ou ineficiente do condutor;Atropelamento de Pedestre;Com V�timas Feridas;Pleno dia;Crescente;Sol;Dupla;Reta;Sim;4;0;1;0;3;0;1;4;-9,98434125;-67,84592986;SPRF-AC;DEL01-AC;UOP01-DEL01-AC;;;
687848;28/04/2025;segunda-feira;08:30:00;RS;285;160;MUITOS CAPOES;Velocidade Incompat�vel;Sa�da de leito carro��vel;Com V�timas Feridas;Pleno dia;Crescente;C�u Claro;Simples;Curva;N�o;1;0;1;0;0;0;1;1;-28,322878;-51,23436;SPRF-RS;DEL05-RS;UOP03-DEL05-RS;;;
687849;28/04/2025;segunda-feira;12:10:00;PB;104;116,7;LAGOA SECA;Convers�o proibida;Colis�o traseira;Com V�timas Feridas;Pleno dia;Decrescente;Sol;Simples;"Curva;Aclive";N�o;2;0;1;0;1;0;1;2;-7,178455;-35,863953;SPRF-PB;DEL02-PB;UOP04-DEL02-PB;;;
687851;28/04/2025;segunda-feira;10:00:00;RJ;116;289;BARRA MANSA;Aus�ncia de rea��o do condutor;Sa�da de leito carro��vel;Com V�timas Feridas;Pleno dia;Crescente;C�u Claro;Dupla;"Aclive;Curva";N�o;1;0;1;0;0;0;1;1;-22,48779226;-44,24590818;SPRF-RJ;DEL07-RJ;UOP02-DEL07-RJ;;;
687853;28/04/2025;segunda-feira;12:50:00;SP;116;223;GUARULHOS;Manobra de mudan�a de faixa;Queda de ocupante de ve�culo;Com V�timas Feridas;Pleno dia;Decrescente;C�u Claro;M�ltipla;Reta;Sim;2;0;1;0;1;0;1;2;-23,48051252;-46,53205365;SPRF-SP;DEL01-SP;UOP01-DEL01-SP;;;
687855;28/04/2025;segunda-feira;12:45:00;MG;381;439;SANTA LUZIA;Velocidade Incompat�vel;Capotamento;Com V�timas Feridas;Pleno dia;Crescente;Chuva;Simples;Curva;Sim;1;0;1;0;0;0;1;1;-19,8190208;-43,8386481;SPRF-MG;DEL01-MG;UOP01-DEL01-MG;;;
687856;28/04/2025;segunda-feira;13:30:00;SC;101;114;ITAJAI;Avarias e/ou desgaste excessivo no pneu;Tombamento;Com V�timas Feridas;Pleno dia;Decrescente;C�u Claro;M�ltipla;Curva;Sim;2;0;2;0;0;0;2;1;-26,86276199;-48,72786418;SPRF-SC;DEL04-SC;UOP04-DEL04-SC;;;
687857;28/04/2025;segunda-feira;13:00:00;BA;324;512;FEIRA DE SANTANA;Acessar a via sem observar a presen�a dos outros ve�culos;Colis�o traseira;Com V�timas Feridas;Pleno dia;Decrescente;C�u Claro;Simples;Rotat�ria;Sim;2;0;1;0;1;0;1;2;-12,22995099;-38,96377063;SPRF-BA;DEL02-BA;UOP01-DEL02-BA;;;
687862;28/04/2025;segunda-feira;13:40:00;MG;153;236;FRONTEIRA;Condutor Dormindo;Colis�o traseira;Com V�timas Feridas;Pleno dia;Crescente;Nublado;Simples;Reta;N�o;2;0;1;0;1;0;1;2;-20,229976;-49,153172;SPRF-MG;DEL13-MG;UOP02-DEL13-MG;;;
687866;28/04/2025;segunda-feira;12:50:00;GO;153;686;ITUMBIARA;Condutor usando celular;Colis�o traseira;Sem V�timas;Pleno dia;Crescente;Nublado;Dupla;Reta;N�o;3;0;0;0;3;0;0;2;-18,26851;-49,246265;SPRF-GO;DEL03-GO;UOP02-DEL03-GO;;;
687867;28/04/2025;segunda-feira;13:20:00;GO;20;43;FORMOSA;Acumulo de �gua sobre o pavimento;Colis�o frontal;Com V�timas Feridas;Pleno dia;Crescente;Chuva;Simples;"Curva;Declive";N�o;6;0;5;0;1;0;5;2;-15,29652995;-47,1488602;SPRF-DF;DEL02-DF;UOP02-DEL02-DF;;;
687868;28/04/2025;segunda-feira;14:15:00;MG;381;485,2;BETIM;Aus�ncia de rea��o do condutor;Tombamento;Com V�timas Feridas;Pleno dia;Decrescente;C�u Claro;M�ltipla;"Reta;Declive";Sim;1;0;0;1;0;0;1;1;-19,9558034;-44,0992025;SPRF-MG;DEL01-MG;UOP03-DEL01-MG;;;
687871;28/04/2025;segunda-feira;11:10:00;PR;153;387,8;MALLET;Falta de acostamento;Colis�o traseira;Com V�timas Feridas;Pleno dia;Crescente;C�u Claro;Simples;Reta;N�o;3;0;1;0;2;0;1;2;-25,866859;-50,835003;SPRF-PR;DEL08-PR;UOP02-DEL08-PR;;;
687876;28/04/2025;segunda-feira;13:20:00;SC;282;217,4;LAGES;Rea��o tardia ou ineficiente do condutor;Colis�o traseira;Com V�timas Feridas;Pleno dia;Crescente;C�u Claro;Simples;"Reta;Interse��o de Vias";Sim;3;0;2;0;1;0;2;2;-27,797767;-50,301803;SPRF-SC;DEL05-SC;UOP01-DEL05-SC;;;
687877;28/04/2025;segunda-feira;10:10:00;RS;0;0;SANTO CRISTO;Aus�ncia de rea��o do condutor;Colis�o traseira;Sem V�timas;Pleno dia;N�o Informado;C�u Claro;Simples;Reta;Sim;2;0;0;0;2;0;0;2;-27,822305;-54,659939;SPRF-RS;DEL10-RS;UOP01-DEL10-RS;;;