id;data_inversa;dia_semana;horario;uf;br;km;municipio;causa_acidente;tipo_acidente;classificacao_acidente;fase_dia;sentido_via;condicao_metereologica;tipo_pista;tracado_via;uso_solo;pessoas;mortos;feridos_leves;feridos_graves;ilesos;ignorados;feridos;veiculos;latitude;longitude;regional;delegacia;uop;;;
687878;28/04/2025;segunda-feira;08:00:00;RJ;101;313;SAO GONCALO;Manobra de mudan�a de faixa;Colis�o traseira;Com V�timas Feridas;Pleno dia;Crescente;C�u Claro;Dupla;Reta;N�o;2;0;1;0;1;0;1;2;-22,81131424;-43,06606293;SPRF-RJ;DEL02-RJ;UOP02-DEL02-RJ;;;
687879;28/04/2025;segunda-feira;13:00:00;MS;463;56;PONTA PORA;Demais falhas mec�nicas ou el�tricas;Sa�da de leito carro��vel;Com V�timas Fatais;Pleno dia;Crescente;C�u Claro;Simples;Reta;N�o;1;1;0;0;0;0;0;1;-22,35954189;-55,22670507;SPRF-MS;DEL04-MS;UOP03-DEL04-MS;;;
687880;05/03/2025;quarta-feira;18:30:00;SP;116;228;SAO PAULO;Trafegar com motocicleta (ou similar) entre as faixas;Colis�o lateral mesmo sentido;Com V�timas Feridas;Anoitecer;Decrescente;Sol;M�ltipla;Reta;Sim;2;0;1;0;1;0;1;2;-23,50379166;-46,5668055;SPRF-SP;DEL01-SP;UOP01-DEL01-SP;;;
687881;28/04/2025;segunda-feira;15:16:00;RN;304;295;MACAIBA;Acesso irregular;Colis�o transversal;Com V�timas Feridas;Pleno dia;Decrescente;C�u Claro;M�ltipla;"Reta;Em Obras";Sim;2;0;1;0;1;0;1;2;-5,865014;-35,3527068;SPRF-RN;DEL01-RN;UOP02-DEL01-RN;;;
687890;28/04/2025;segunda-feira;17:10:00;PI;343;15;PARNAIBA;Condutor deixou de manter dist�ncia do ve�culo da frente;Colis�o traseira;Com V�timas Feridas;Pleno dia;Crescente;Sol;Dupla;Reta;Sim;3;0;2;0;1;0;2;3;-3,0981944;-41,7803072;SPRF-PI;DEL05-PI;UOP01-DEL05-PI;;;
687891;28/04/2025;segunda-feira;17:00:00;SC;280;49,3;GUARAMIRIM;Aus�ncia de rea��o do condutor;Colis�o traseira;Com V�timas Feridas;Pleno dia;Decrescente;C�u Claro;Dupla;"Reta;Aclive";Sim;2;0;1;0;1;0;1;2;-26,45935928;-48,9386615;SPRF-SC;DEL03-SC;UOP03-DEL03-SC;;;
687895;28/04/2025;segunda-feira;17:35:00;SP;153;63,9;SAO JOSE DO RIO PRETO;Problema com o freio;Queda de ocupante de ve�culo;Com V�timas Feridas;Pleno dia;Decrescente;Sol;Dupla;Interse��o de Vias;Sim;1;0;1;0;0;0;1;1;-20,8537;-49,4107;SPRF-SP;DEL09-SP;UOP01-DEL09-SP;;;
687896;28/04/2025;segunda-feira;17:00:00;PB;230;106;INGA;Mal s�bito do condutor;Sa�da de leito carro��vel;Com V�timas Feridas;Anoitecer;Decrescente;C�u Claro;Dupla;Reta;N�o;1;0;1;0;0;0;1;1;-7,202876;-35,5485144;SPRF-PB;DEL01-PB;UOP02-DEL01-PB;;;
687897;28/04/2025;segunda-feira;17:15:00;MG;50;111,2;UBERABA;Aus�ncia de rea��o do condutor;Sa�da de leito carro��vel;Com V�timas Feridas;Pleno dia;Decrescente;C�u Claro;Dupla;Reta;N�o;2;0;2;0;0;0;2;1;-19,21597;-48,14691;SPRF-MG;DEL13-MG;UOP01-DEL13-MG;;;
687898;28/04/2025;segunda-feira;17:20:00;RJ;116;66;TERESOPOLIS;Velocidade Incompat�vel;Queda de ocupante de ve�culo;Com V�timas Feridas;Anoitecer;Decrescente;C�u Claro;Simples;Curva;N�o;1;0;1;0;0;0;1;1;-22,281083;-42,929134;SPRF-RJ;DEL04-RJ;UOP01-DEL04-RJ;;;
687899;28/04/2025;segunda-feira;17:45:00;RS;116;261;CANOAS;Manobra de mudan�a de faixa;Colis�o lateral mesmo sentido;Com V�timas Feridas;Anoitecer;Crescente;C�u Claro;Dupla;Reta;Sim;2;0;1;0;1;0;1;2;-29,889639;-51,17845774;SPRF-RS;DEL01-RS;UOP01-DEL01-RS;;;
687900;28/04/2025;segunda-feira;16:10:00;RJ;495;30;PETROPOLIS;Acessar a via sem observar a presen�a dos outros ve�culos;Colis�o traseira;Com V�timas Feridas;Pleno dia;Crescente;C�u Claro;Simples;Reta;Sim;2;0;1;0;1;0;1;2;-22,2824867;-43,119287;SPRF-RJ;DEL05-RJ;UOP02-DEL05-RJ;;;
687901;28/04/2025;segunda-feira;12:30:00;MG;40;198;JOAO PINHEIRO;Demais falhas mec�nicas ou el�tricas;Tombamento;Com V�timas Feridas;Pleno dia;Decrescente;Nublado;Dupla;Curva;N�o;1;0;1;0;0;0;1;1;-18,00337125;-45,83056748;SPRF-MG;DEL14-MG;UOP02-DEL14-MG;;;
687902;28/04/2025;segunda-feira;17:20:00;SC;280;126,9;RIO NEGRINHO;Condutor deixou de manter dist�ncia do ve�culo da frente;Colis�o traseira;Sem V�timas;Anoitecer;Crescente;C�u Claro;Simples;Reta;Sim;2;0;0;0;2;0;0;2;-26,239287;-49,503402;SPRF-SC;DEL06-SC;UOP03-DEL06-SC;;;
687903;28/04/2025;segunda-feira;17:10:00;PR;376;324,8;ORTIGUEIRA;Rea��o tardia ou ineficiente do condutor;Capotamento;Com V�timas Feridas;Pleno dia;Decrescente;C�u Claro;Simples;Reta;N�o;3;0;2;0;1;0;2;1;-24,05301852;-51,06668472;SPRF-PR;DEL07-PR;UOP02-DEL07-PR;;;
687905;28/04/2025;segunda-feira;16:30:00;MT;163;827;SINOP;Manobra de mudan�a de faixa;Queda de ocupante de ve�culo;Com V�timas Feridas;Pleno dia;Decrescente;C�u Claro;Simples;"Em Obras;Reta";Sim;1;0;1;0;0;0;1;1;-11,93176;-55,51332;SPRF-MT;DEL06-MT;UOP02-DEL06-MT;;;
687906;28/04/2025;segunda-feira;18:05:00;SP;116;147;SAO JOSE DOS CAMPOS;Rea��o tardia ou ineficiente do condutor;Colis�o lateral mesmo sentido;Com V�timas Feridas;Plena Noite;Decrescente;C�u Claro;M�ltipla;Reta;Sim;2;0;1;0;1;0;1;2;-23,19648376;-45,87317705;SPRF-SP;DEL02-SP;UOP01-DEL02-SP;;;
687908;07/03/2025;sexta-feira;21:00:00;RJ;101;0;ITABORAI;Acessar a via sem observar a presen�a dos outros ve�culos;Colis�o lateral mesmo sentido;Com V�timas Feridas;Plena Noite;Crescente;C�u Claro;Simples;Curva;Sim;2;0;0;1;1;0;1;2;-22,76771899;-42,92269575;SPRF-RJ;DEL08-RJ;UOP01-DEL08-RJ;;;
687909;28/04/2025;segunda-feira;18:20:00;PE;101;80;RECIFE;Aus�ncia de rea��o do condutor;Colis�o traseira;Sem V�timas;Plena Noite;Crescente;C�u Claro;Dupla;Curva;Sim;2;0;0;0;2;0;0;2;-8,15700879;-34,94117824;SPRF-PE;DEL01-PE;UOP01-DEL01-PE;;;
687910;28/04/2025;segunda-feira;18:37:00;GO;40;3;VALPARAISO DE GOIAS;Acesso irregular;Atropelamento de Pedestre;Com V�timas Feridas;Plena Noite;Decrescente;C�u Claro;Dupla;Reta;Sim;2;0;1;0;1;0;1;2;-16,07752711;-47,98609257;SPRF-DF;DEL01-DF;UOP01-DEL01-DF;;;
687911;28/04/2025;segunda-feira;17:40:00;PR;476;141;CURITIBA;Manobra de mudan�a de faixa;Colis�o traseira;Sem V�timas;Anoitecer;Crescente;Nublado;Simples;Reta;Sim;5;0;0;0;4;1;0;2;-25,532992;-49,300502;SPRF-PR;DEL01-PR;UOP03-DEL01-PR;;;
687912;28/04/2025;segunda-feira;17:30:00;CE;116;35,2;AQUIRAZ;Acesso irregular;Colis�o transversal;Com V�timas Fatais;Anoitecer;Crescente;C�u Claro;Dupla;Reta;Sim;2;1;0;1;0;0;1;2;-4,059799;-38,504324;SPRF-CE;DEL01-CE;UOP02-DEL01-CE;;;
687913;28/04/2025;segunda-feira;17:30:00;PI;343;28;PARNAIBA;Aus�ncia de rea��o do condutor;Colis�o traseira;Sem V�timas;Plena Noite;Crescente;C�u Claro;Simples;"Reta;Declive";N�o;2;0;0;0;2;0;0;2;-3,06749565;-41,77830219;SPRF-PI;DEL05-PI;UOP01-DEL05-PI;;;
687914;28/04/2025;segunda-feira;18:30:00;CE;116;8;FORTALEZA;Manobra de mudan�a de faixa;Colis�o lateral mesmo sentido;Com V�timas Feridas;Plena Noite;Decrescente;C�u Claro;Dupla;Reta;Sim;3;0;2;0;1;0;2;2;-3,82274173;-38,50328863;SPRF-CE;DEL01-CE;UOP02-DEL01-CE;;;
687915;28/04/2025;segunda-feira;18:55:00;SP;116;166;JACAREI;Aus�ncia de rea��o do condutor;Colis�o lateral mesmo sentido;Com V�timas Feridas;Plena Noite;Crescente;Chuva;Dupla;Curva;Sim;2;0;2;0;0;0;2;2;-23,29965892;-46,01391105;SPRF-SP;DEL02-SP;UOP01-DEL02-SP;;;
687916;28/04/2025;segunda-feira;18:00:00;PE;407;126;PETROLINA;Condutor deixou de manter dist�ncia do ve�culo da frente;Colis�o traseira;Com V�timas Feridas;Plena Noite;Crescente;C�u Claro;Dupla;Reta;Sim;2;0;1;0;1;0;1;2;-9,385475;-40,527733;SPRF-PE;DEL06-PE;UOP01-DEL06-PE;;;
687917;28/04/2025;segunda-feira;18:41:00;RN;101;94;NATAL;Aus�ncia de rea��o do condutor;Colis�o traseira;Com V�timas Feridas;Plena Noite;Decrescente;C�u Claro;Dupla;Reta;Sim;2;0;0;1;1;0;1;2;-5,83629086;-35,21169361;SPRF-RN;DEL01-RN;UOP01-DEL01-RN;;;
687918;28/04/2025;segunda-feira;18:35:00;MG;40;513;RIBEIRAO DAS NEVES;Transitar no Acostamento;Sa�da de leito carro��vel;Com V�timas Feridas;Pleno dia;Crescente;C�u Claro;Dupla;Curva;Sim;3;0;2;0;1;0;2;2;-19,797235;-44,108169;SPRF-MG;DEL01-MG;UOP02-DEL01-MG;;;
687919;28/04/2025;segunda-feira;19:30:00;RN;406;149;CEARA-MIRIM;Acessar a via sem observar a presen�a dos outros ve�culos;Colis�o transversal;Com V�timas Feridas;Plena Noite;Crescente;C�u Claro;Simples;Reta;N�o;2;0;1;0;1;0;1;2;-5,6482122;-35,4433587;SPRF-RN;DEL02-RN;UOP01-DEL02-RN;;;
687923;28/04/2025;segunda-feira;19:40:00;SC;470;120,1;IBIRAMA;Rea��o tardia ou ineficiente do condutor;Colis�o traseira;Com V�timas Feridas;Plena Noite;Crescente;C�u Claro;M�ltipla;"Curva;Aclive";N�o;2;0;1;0;0;1;1;2;-27,09231;-49,52177;SPRF-SC;DEL04-SC;UOP02-DEL04-SC;;;
687926;28/04/2025;segunda-feira;18:15:00;RJ;465;2;SEROPEDICA;Rea��o tardia ou ineficiente do condutor;Colis�o traseira;Com V�timas Feridas;Plena Noite;Decrescente;Chuva;Simples;Reta;N�o;2;0;1;0;1;0;1;2;-22,7433254;-43,70330215;SPRF-RJ;DEL06-RJ;UOP02-DEL06-RJ;;;
687927;28/04/2025;segunda-feira;18:10:00;MT;70;498;CUIABA;Ultrapassagem Indevida;Colis�o frontal;Com V�timas Feridas;Anoitecer;Crescente;C�u Claro;Simples;Reta;N�o;3;0;2;0;0;1;2;2;-15,668042;-56,00914;SPRF-MT;DEL01-MT;UOP02-DEL01-MT;;;
687928;28/04/2025;segunda-feira;19:15:00;GO;60;378;RIO VERDE;Trafegar com motocicleta (ou similar) entre as faixas;Colis�o traseira;Com V�timas Feridas;Plena Noite;Decrescente;C�u Claro;Dupla;"Reta;Retorno Regulamentado";N�o;3;0;1;0;2;0;1;3;-17,77696273;-50,89068035;SPRF-GO;DEL04-GO;UOP02-DEL04-GO;;;
687929;28/04/2025;segunda-feira;17:30:00;PR;277;702;SAO MIGUEL DO IGUACU;Condutor Dormindo;Sa�da de leito carro��vel;Com V�timas Feridas;Pleno dia;Crescente;Sol;Dupla;Reta;N�o;1;0;0;1;0;0;1;1;-25,41371915;-54,34150561;SPRF-PR;DEL05-PR;UOP01-DEL05-PR;;;
687931;28/04/2025;segunda-feira;19:50:00;GO;40;5,5;VALPARAISO DE GOIAS;Velocidade Incompat�vel;Colis�o traseira;Com V�timas Feridas;Plena Noite;Crescente;C�u Claro;Dupla;Reta;Sim;2;0;0;1;1;0;1;2;-16,08759293;-47,98596025;SPRF-DF;DEL01-DF;UOP01-DEL01-DF;;;
687934;28/04/2025;segunda-feira;18:20:00;RJ;116;79;TERESOPOLIS;Pedestre andava na pista;Atropelamento de Pedestre;Com V�timas Feridas;Plena Noite;Crescente;Nublado;Simples;Reta;N�o;2;0;0;2;0;0;2;2;-22,3833576;-42,95488922;SPRF-RJ;DEL04-RJ;UOP01-DEL04-RJ;;;
687936;28/04/2025;segunda-feira;18:50:00;SP;116;84,5;PINDAMONHANGABA;Aus�ncia de rea��o do condutor;Sa�da de leito carro��vel;Com V�timas Feridas;Plena Noite;Crescente;Nublado;M�ltipla;Reta;Sim;1;0;1;0;0;0;1;1;-22,919623;-45,340087;SPRF-SP;DEL08-SP;UOP01-DEL08-SP;;;
687937;28/04/2025;segunda-feira;20:30:00;MG;116;604;MANHUACU;Rea��o tardia ou ineficiente do condutor;Queda de ocupante de ve�culo;Com V�timas Feridas;Plena Noite;Crescente;Nublado;Simples;Reta;N�o;1;0;1;0;0;0;1;1;-20,2517417;-42,1473806;SPRF-MG;DEL06-MG;UOP03-DEL06-MG;;;
687938;28/04/2025;segunda-feira;20:40:00;BA;324;513;FEIRA DE SANTANA;Condutor deixou de manter dist�ncia do ve�culo da frente;Colis�o traseira;Com V�timas Feridas;Plena Noite;Decrescente;Nublado;Simples;Reta;Sim;2;0;1;0;0;1;1;2;-12,2324961;-38,95071047;SPRF-BA;DEL02-BA;UOP01-DEL02-BA;;;
687939;28/04/2025;segunda-feira;21:50:00;SP;116;208;GUARULHOS;Rea��o tardia ou ineficiente do condutor;Tombamento;Com V�timas Feridas;Plena Noite;Decrescente;Garoa/Chuvisco;Dupla;"Interse��o de Vias;Reta";Sim;1;0;1;0;0;0;1;1;-23,42312962;-46,39624214;SPRF-SP;DEL01-SP;UOP01-DEL01-SP;;;
687940;28/04/2025;segunda-feira;16:40:00;MT;174;105;CACERES;Ultrapassagem Indevida;Colis�o frontal;Com V�timas Feridas;Pleno dia;Decrescente;C�u Claro;Simples;Reta;N�o;2;0;0;1;1;0;1;2;-16,00720589;-57,74345398;SPRF-MT;DEL03-MT;UOP01-DEL03-MT;;;
687942;28/04/2025;segunda-feira;20:40:00;SP;116;52;LORENA;Rea��o tardia ou ineficiente do condutor;Tombamento;Com V�timas Feridas;Plena Noite;Crescente;Nublado;Dupla;Reta;N�o;1;0;0;1;0;0;1;1;-22,74371232;-45,09540953;SPRF-SP;DEL08-SP;UOP02-DEL08-SP;;;
687943;28/04/2025;segunda-feira;20:20:00;RJ;116;282;BARRA MANSA;Aus�ncia de rea��o do condutor;Colis�o transversal;Com V�timas Feridas;Plena Noite;Decrescente;Chuva;Dupla;Reta;N�o;3;0;3;0;0;0;3;2;-22,52231377;-44,20294253;SPRF-RJ;DEL07-RJ;UOP02-DEL07-RJ;;;
687944;28/04/2025;segunda-feira;12:50:00;RJ;465;6;SEROPEDICA;Pedestre cruzava a pista fora da faixa;Atropelamento de Pedestre;Com V�timas Feridas;Pleno dia;Decrescente;Chuva;Dupla;Reta;Sim;2;0;1;0;1;0;1;2;-22,7147776;-43,7223424;SPRF-RJ;DEL06-RJ;UOP02-DEL06-RJ;;;
687945;28/04/2025;segunda-feira;21:50:00;BA;324;514;FEIRA DE SANTANA;Retorno proibido;Colis�o frontal;Com V�timas Feridas;Plena Noite;Crescente;Nublado;Simples;"Interse��o de Vias;Reta";Sim;2;0;1;0;1;0;1;2;-12,23439392;-38,94580739;SPRF-BA;DEL02-BA;UOP01-DEL02-BA;;;
687948;28/04/2025;segunda-feira;18:50:00;MG;381;225,5;BELO ORIENTE;Condutor deixou de manter dist�ncia do ve�culo da frente;Colis�o traseira;Com V�timas Feridas;Plena Noite;Decrescente;Chuva;Simples;Reta;N�o;4;0;2;0;2;0;2;2;-19,30064952;-42,3780039;SPRF-MG;DEL06-MG;UOP01-DEL06-MG;;;
687952;28/04/2025;segunda-feira;21:55:00;RJ;40;107;DUQUE DE CAXIAS;Chuva;Colis�o frontal;Com V�timas Feridas;Plena Noite;Decrescente;Chuva;Dupla;Reta;Sim;2;0;2;0;0;0;2;2;-22,6637594;-43,2845311;SPRF-RJ;DEL01-RJ;UOP02-DEL01-RJ;;;
687953;28/04/2025;segunda-feira;19:35:00;PE;232;151,1;SAO CAITANO;Transitar na contram�o;Colis�o frontal;Com V�timas Feridas;Plena Noite;Decrescente;C�u Claro;Simples;Reta;N�o;3;0;1;1;0;1;2;2;-8,326554;-36,171907;SPRF-PE;DEL03-PE;UOP02-DEL03-PE;;;
687954;28/04/2025;segunda-feira;16:50:00;RS;116;241;NOVO HAMBURGO;Suic�dio (presumido);Colis�o com objeto;Sem V�timas;Pleno dia;Decrescente;C�u Claro;M�ltipla;"Interse��o de Vias;Reta;Viaduto";Sim;2;0;0;0;1;1;0;2;-29,71294547;-51,14745892;SPRF-RS;DEL01-RS;UOP02-DEL01-RS;;;
687955;28/04/2025;segunda-feira;17:00:00;RJ;465;21;SEROPEDICA;Retorno proibido;Colis�o transversal;Com V�timas Feridas;Anoitecer;Crescente;C�u Claro;Simples;Reta;Sim;3;0;1;0;2;0;1;2;-22,7168361;-43,7151431;SPRF-RJ;DEL06-RJ;UOP02-DEL06-RJ;;;
687956;28/04/2025;segunda-feira;15:45:00;MG;116;633,8;DIVINO;Chuva;Tombamento;Com V�timas Feridas;Pleno dia;Crescente;Chuva;Simples;Curva;N�o;1;0;1;0;0;0;1;1;-20,61675474;-42,22442463;SPRF-MG;DEL07-MG;UOP02-DEL07-MG;;;
687960;28/04/2025;segunda-feira;23:00:00;RJ;101;386;RIO DE JANEIRO;Demais falhas mec�nicas ou el�tricas;Colis�o traseira;Com V�timas Feridas;Plena Noite;Decrescente;Garoa/Chuvisco;Dupla;Reta;Sim;2;0;1;0;1;0;1;2;-22,886147;-43,650042;SPRF-RJ;DEL03-RJ;UOP01-DEL03-RJ;;;
687964;28/04/2025;segunda-feira;22:15:00;MS;163;593,8;SAO GABRIEL DO OESTE;Aus�ncia de rea��o do condutor;Sa�da de leito carro��vel;Com V�timas Feridas;Plena Noite;Crescente;C�u Claro;Dupla;"Reta;Aclive";N�o;1;0;1;0;0;0;1;1;-19,54126;-54,442831;SPRF-MS;DEL06-MS;UOP02-DEL06-MS;;;
687966;29/04/2025;ter�a-feira;01:45:00;PB;101;87;JOAO PESSOA;Acessar a via sem observar a presen�a dos outros ve�culos;Colis�o lateral mesmo sentido;Com V�timas Feridas;Plena Noite;Crescente;C�u Claro;Dupla;"Reta;Interse��o de Vias";Sim;5;0;1;0;4;0;1;2;-7,15828572;-34,90650326;SPRF-PB;DEL01-PB;UOP01-DEL01-PB;;;
687968;29/04/2025;ter�a-feira;02:15:00;SP;116;64,9;GUARATINGUETA;Rea��o tardia ou ineficiente do condutor;Queda de ocupante de ve�culo;Com V�timas Feridas;Plena Noite;Crescente;C�u Claro;Dupla;Reta;N�o;1;0;1;0;0;0;1;1;-22,822865;-45,191435;SPRF-SP;DEL08-SP;UOP01-DEL08-SP;;;
687971;29/04/2025;ter�a-feira;04:15:00;PE;101;46,8;IGARASSU;Condutor Dormindo;Colis�o traseira;Com V�timas Feridas;Amanhecer;Decrescente;C�u Claro;M�ltipla;Reta;Sim;2;0;1;0;1;0;1;2;-7,88079003;-34,90494847;SPRF-PE;DEL01-PE;UOP02-DEL01-PE;;;
687972;29/04/2025;ter�a-feira;05:10:00;RJ;40;104;DUQUE DE CAXIAS;Acessar a via sem observar a presen�a dos outros ve�culos;Atropelamento de Pedestre;Com V�timas Feridas;Plena Noite;Decrescente;C�u Claro;Simples;Curva;N�o;2;0;0;1;0;1;1;2;-22,63314895;-43,28573585;SPRF-RJ;DEL01-RJ;UOP02-DEL01-RJ;;;
687974;29/04/2025;ter�a-feira;05:43:00;PE;101;50;ABREU E LIMA;Trafegar com motocicleta (ou similar) entre as faixas;Colis�o lateral mesmo sentido;Com V�timas Feridas;Pleno dia;Crescente;C�u Claro;Dupla;Interse��o de Vias;Sim;2;0;1;0;1;0;1;2;-7,91698;-34,89685;SPRF-PE;DEL01-PE;UOP02-DEL01-PE;;;
687976;29/04/2025;ter�a-feira;05:30:00;DF;60;26,6;BRASILIA;Neblina;Sa�da de leito carro��vel;Com V�timas Feridas;Amanhecer;Crescente;Nevoeiro/Neblina;Dupla;Curva;N�o;1;0;1;0;0;0;1;1;-16,009559;-48,246744;SPRF-DF;DEL03-DF;UOP01-DEL03-DF;;;
687984;29/04/2025;ter�a-feira;06:30:00;MG;381;484;BETIM;Aus�ncia de rea��o do condutor;Colis�o traseira;Com V�timas Feridas;Pleno dia;Decrescente;Nublado;Dupla;Reta;Sim;2;0;0;1;1;0;1;2;-19,95777356;-44,09269301;SPRF-MG;DEL01-MG;UOP03-DEL01-MG;;;
687985;29/04/2025;ter�a-feira;06:00:00;SC;101;278,1;IMBITUBA;Transitar na contram�o;Colis�o frontal;Com V�timas Feridas;Amanhecer;Crescente;C�u Claro;Simples;Reta;N�o;2;0;1;1;0;0;2;2;-28,177058;-48,695583;SPRF-SC;DEL02-SC;UOP03-DEL02-SC;;;
687986;29/04/2025;ter�a-feira;07:00:00;RS;285;457,1;IJUI;Acessar a via sem observar a presen�a dos outros ve�culos;Colis�o transversal;Com V�timas Feridas;Amanhecer;Crescente;C�u Claro;Simples;Reta;Sim;2;0;0;2;0;0;2;2;-28,39796928;-53,89793873;SPRF-RS;DEL10-RS;UOP01-DEL10-RS;;;
687987;29/04/2025;ter�a-feira;06:45:00;SC;282;2;FLORIANOPOLIS;Trafegar com motocicleta (ou similar) entre as faixas;Colis�o lateral mesmo sentido;Com V�timas Feridas;Pleno dia;Decrescente;C�u Claro;M�ltipla;Reta;Sim;3;0;1;0;2;0;1;3;-27,603145;-48,59182;SPRF-SC;DEL01-SC;UOP01-DEL01-SC;;;
687988;29/04/2025;ter�a-feira;06:35:00;PB;101;87;JOAO PESSOA;Objeto est�tico sobre o leito carro��vel;Colis�o com objeto;Sem V�timas;Pleno dia;Decrescente;C�u Claro;Dupla;Reta;Sim;2;0;0;0;2;0;0;2;-7,16953646;-34,87633467;SPRF-PB;DEL01-PB;UOP01-DEL01-PB;;;
687989;29/04/2025;ter�a-feira;07:00:00;GO;60;101,8;ANAPOLIS;Ingest�o de �lcool pelo condutor;Colis�o transversal;Sem V�timas;Pleno dia;Decrescente;C�u Claro;Dupla;"Reta;Interse��o de Vias;Retorno Regulamentado";Sim;2;0;0;0;2;0;0;2;-16,40342764;-48,97736955;SPRF-GO;DEL02-GO;UOP01-DEL02-GO;;;
687990;29/04/2025;ter�a-feira;06:50:00;PB;230;9,6;CABEDELO;Acumulo de areia ou detritos sobre o pavimento;Tombamento;Com V�timas Feridas;Pleno dia;Crescente;Sol;Dupla;"Em Obras;Curva";Sim;1;0;0;1;0;0;1;1;-7,0503563;-34,8499749;SPRF-PB;DEL01-PB;UOP01-DEL01-PB;;;
687991;29/04/2025;ter�a-feira;06:30:00;SC;470;125,4;LONTRAS;Acessar a via sem observar a presen�a dos outros ve�culos;Colis�o lateral mesmo sentido;Com V�timas Feridas;Pleno dia;Crescente;C�u Claro;M�ltipla;"Curva;Declive";Sim;2;0;1;0;1;0;1;2;-27,126063;-49,53797;SPRF-SC;DEL04-SC;UOP02-DEL04-SC;;;
687992;29/04/2025;ter�a-feira;06:45:00;CE;304;45;ARACATI;Condutor deixou de manter dist�ncia do ve�culo da frente;Colis�o traseira;Com V�timas Feridas;Pleno dia;Crescente;C�u Claro;Simples;Reta;N�o;2;0;1;0;1;0;1;2;-4,5760162;-37,7316747;SPRF-CE;DEL03-CE;UOP02-DEL03-CE;;;
687993;29/04/2025;ter�a-feira;07:35:00;RN;101;125;SAO JOSE DE MIPIBU;Acessar a via sem observar a presen�a dos outros ve�culos;Colis�o transversal;Com V�timas Feridas;Pleno dia;Crescente;C�u Claro;Dupla;Reta;Sim;2;0;1;0;1;0;1;2;-6,077937;-35,233778;SPRF-RN;DEL01-RN;UOP01-DEL01-RN;;;
687994;29/04/2025;ter�a-feira;07:00:00;GO;153;109;SANTA TEREZA DE GOIAS;Demais falhas mec�nicas ou el�tricas;Tombamento;Com V�timas Feridas;Pleno dia;Decrescente;C�u Claro;Simples;Reta;N�o;2;0;2;0;0;0;2;1;-13,75022355;-49,03009415;SPRF-GO;DEL07-GO;UOP01-DEL07-GO;;;
687995;29/04/2025;ter�a-feira;07:15:00;SP;153;60,8;SAO JOSE DO RIO PRETO;Manobra de mudan�a de faixa;Colis�o lateral mesmo sentido;Com V�timas Feridas;Pleno dia;Crescente;C�u Claro;Dupla;Reta;Sim;3;0;1;0;2;0;1;3;-20,800221;-49,355198;SPRF-SP;DEL09-SP;UOP01-DEL09-SP;;;
687996;29/04/2025;ter�a-feira;06:30:00;PA;230;120;MARABA;Retorno proibido;Colis�o frontal;Com V�timas Feridas;Pleno dia;Decrescente;C�u Claro;Dupla;Reta;Sim;2;0;1;0;1;0;1;2;-5,3594446;-49,12311865;SPRF-PA;DEL03-PA;UOP01-DEL03-PA;;;
687997;29/04/2025;ter�a-feira;03:20:00;RS;116;495;PELOTAS;Condutor deixou de manter dist�ncia do ve�culo da frente;Colis�o traseira;Sem V�timas;Plena Noite;Crescente;C�u Claro;Dupla;Reta;N�o;4;0;0;0;0;4;0;2;-31,6127162;-52,3051977;SPRF-RS;DEL07-RS;UOP01-DEL07-RS;;;
687998;29/04/2025;ter�a-feira;03:40:00;RJ;40;102;DUQUE DE CAXIAS;Condutor Dormindo;Colis�o com objeto;Com V�timas Feridas;Plena Noite;Decrescente;Chuva;Dupla;Reta;Sim;1;0;1;0;0;0;1;1;-22,6744827;-43,285355;SPRF-RJ;DEL01-RJ;UOP02-DEL01-RJ;;;
688000;29/04/2025;ter�a-feira;07:00:00;RJ;101;550;PARATY;Pedestre andava na pista;Atropelamento de Pedestre;Com V�timas Feridas;Pleno dia;Decrescente;Garoa/Chuvisco;Simples;Reta;N�o;2;0;1;0;1;0;1;2;-23,047806;-44,670058;SPRF-RJ;DEL03-RJ;UOP04-DEL03-RJ;;;
688002;29/04/2025;ter�a-feira;07:00:00;RJ;101;92;CAMPOS DOS GOYTACAZES;Velocidade Incompat�vel;Colis�o lateral mesmo sentido;Com V�timas Feridas;Pleno dia;Crescente;C�u Claro;Dupla;Curva;N�o;2;0;1;0;1;0;1;2;-21,8497024;-41,418752;SPRF-RJ;DEL08-RJ;UOP02-DEL08-RJ;;;
688003;29/04/2025;ter�a-feira;07:30:00;DF;20;9,9;BRASILIA;Manobra de mudan�a de faixa;Colis�o lateral mesmo sentido;Com V�timas Feridas;Pleno dia;Decrescente;C�u Claro;Dupla;Reta;Sim;5;0;1;1;3;0;2;4;-15,650261;-47,774327;SPRF-DF;DEL02-DF;UOP01-DEL02-DF;;;
688004;29/04/2025;ter�a-feira;07:00:00;RS;293;22;CAPAO DO LEAO;Desrespeitar a prefer�ncia no cruzamento;Colis�o transversal;Com V�timas Feridas;Amanhecer;Crescente;C�u Claro;Simples;"Interse��o de Vias;Reta";N�o;4;0;2;0;2;0;2;2;-31,72813064;-52,59099483;SPRF-RS;DEL07-RS;UOP01-DEL07-RS;;;