id;data_inversa;dia_semana;horario;uf;br;km;municipio;causa_acidente;tipo_acidente;classificacao_acidente;fase_dia;sentido_via;condicao_metereologica;tipo_pista;tracado_via;uso_solo;pessoas;mortos;feridos_leves;feridos_graves;ilesos;ignorados;feridos;veiculos;latitude;longitude;regional;delegacia;uop;;;
688006;29/04/2025;ter�a-feira;08:15:00;SP;116;208;GUARULHOS;Aus�ncia de rea��o do condutor;Colis�o lateral mesmo sentido;Com V�timas Feridas;Pleno dia;Crescente;Nublado;M�ltipla;Reta;Sim;2;0;1;0;1;0;1;2;-23,42369545;-46,39833017;SPRF-SP;DEL01-SP;UOP01-DEL01-SP;;;
688008;29/04/2025;ter�a-feira;08:10:00;RS;386;412,3;TRIUNFO;Acessar a via sem observar a presen�a dos outros ve�culos;Colis�o transversal;Com V�timas Feridas;Pleno dia;Crescente;Sol;Dupla;"Reta;Retorno Regulamentado";N�o;2;0;1;1;0;0;2;2;-29,81013732;-51,49721716;SPRF-RS;DEL04-RS;UOP02-DEL04-RS;;;
688009;29/04/2025;ter�a-feira;08:20:00;RN;101;107;PARNAMIRIM;Manobra de mudan�a de faixa;Colis�o lateral mesmo sentido;Com V�timas Feridas;Pleno dia;Crescente;Sol;M�ltipla;Reta;Sim;2;0;1;0;1;0;1;2;-5,915205;-35,262545;SPRF-RN;DEL01-RN;UOP01-DEL01-RN;;;
688011;29/04/2025;ter�a-feira;07:00:00;MG;40;523,1;CONTAGEM;Trafegar com motocicleta (ou similar) entre as faixas;Colis�o lateral mesmo sentido;Com V�timas Feridas;Pleno dia;Decrescente;Nublado;Dupla;Curva;N�o;2;0;0;1;0;1;1;2;-19,87980262;-44,05109319;SPRF-MG;DEL01-MG;UOP02-DEL01-MG;;;
688012;29/04/2025;ter�a-feira;03:15:00;SP;116;145;SAO JOSE DOS CAMPOS;Aus�ncia de rea��o do condutor;Atropelamento de Pedestre;Com V�timas Feridas;Plena Noite;Crescente;Nublado;M�ltipla;Reta;Sim;2;0;0;1;1;0;1;2;-23,19853494;-45,8773613;SPRF-SP;DEL02-SP;UOP01-DEL02-SP;;;
688014;29/04/2025;ter�a-feira;08:45:00;SC;101;205,2;SAO JOSE;Rea��o tardia ou ineficiente do condutor;Colis�o traseira;Com V�timas Feridas;Pleno dia;Decrescente;Sol;Dupla;Reta;Sim;2;0;0;1;1;0;1;2;-27,58558;-48,61492;SPRF-SC;DEL01-SC;UOP01-DEL01-SC;;;
688017;29/04/2025;ter�a-feira;07:30:00;SP;116;93,5;PINDAMONHANGABA;Aus�ncia de rea��o do condutor;Tombamento;Com V�timas Feridas;Pleno dia;Crescente;Nublado;Dupla;Reta;N�o;2;0;1;0;0;1;1;1;-22,95432311;-45,4094553;SPRF-SP;DEL08-SP;UOP01-DEL08-SP;;;
688019;29/04/2025;ter�a-feira;08:20:00;PI;343;3,1;TERESINA;Aus�ncia de rea��o do condutor;Colis�o lateral mesmo sentido;Com V�timas Feridas;Pleno dia;Crescente;C�u Claro;M�ltipla;Interse��o de Vias;Sim;2;0;0;1;1;0;1;2;-5,08073959;-42,77812153;SPRF-PI;DEL01-PI;UOP01-DEL01-PI;;;
688020;28/04/2025;segunda-feira;20:24:00;GO;153;174;CAMPINORTE;Ingest�o de �lcool pelo condutor;Colis�o transversal;Com V�timas Feridas;Plena Noite;Crescente;C�u Claro;Simples;"Interse��o de Vias;Reta";Sim;4;0;0;4;0;0;4;2;-14,30153098;-49,14814532;SPRF-GO;DEL07-GO;UOP02-DEL07-GO;;;
688021;29/04/2025;ter�a-feira;08:10:00;PR;116;122;CURITIBA;Rea��o tardia ou ineficiente do condutor;Colis�o lateral mesmo sentido;Com V�timas Feridas;Pleno dia;Decrescente;Sol;Dupla;Reta;N�o;2;0;1;0;1;0;1;2;-25,56803774;-49,30987922;SPRF-PR;DEL01-PR;UOP03-DEL01-PR;;;
688022;18/01/2025;s�bado;12:00:00;RJ;40;32;AREAL;Velocidade Incompat�vel;Colis�o com objeto;Com V�timas Feridas;Pleno dia;Crescente;C�u Claro;Simples;Curva;N�o;1;0;1;0;0;0;1;1;-22,2006162;-43,15054027;SPRF-RJ;DEL05-RJ;UOP02-DEL05-RJ;;;
688023;29/04/2025;ter�a-feira;09:40:00;ES;101;296;CARIACICA;Aus�ncia de rea��o do condutor;Colis�o traseira;Com V�timas Feridas;Pleno dia;Decrescente;Nublado;Dupla;"Aclive;Curva;Viaduto";Sim;2;0;0;1;1;0;1;2;-20,343261;-40,405925;SPRF-ES;DEL01-ES;UOP01-DEL01-ES;;;
688025;29/04/2025;ter�a-feira;09:30:00;RS;290;92;PORTO ALEGRE;Manobra de mudan�a de faixa;Colis�o lateral mesmo sentido;Com V�timas Feridas;Pleno dia;Crescente;Sol;M�ltipla;Reta;N�o;4;0;1;0;3;0;1;2;-29,97005811;-51,18135715;SPRF-RS;DEL01-RS;UOP01-DEL01-RS;;;
688027;29/04/2025;ter�a-feira;07:35:00;SC;101;136,2;BALNEARIO CAMBORIU;Velocidade Incompat�vel;Colis�o com objeto;Com V�timas Feridas;Pleno dia;Crescente;C�u Claro;M�ltipla;"Interse��o de Vias;Declive";Sim;7;0;3;0;1;3;3;4;-27,01049073;-48,61515848;SPRF-SC;DEL04-SC;UOP03-DEL04-SC;;;
688030;29/04/2025;ter�a-feira;08:50:00;RJ;493;21;MAGE;Mal s�bito do condutor;Queda de ocupante de ve�culo;Com V�timas Feridas;Pleno dia;Crescente;Nublado;Simples;Reta;Sim;2;0;1;0;0;1;1;2;-22,66399699;-43,03321838;SPRF-RJ;DEL04-RJ;UOP02-DEL04-RJ;;;
688032;29/04/2025;ter�a-feira;10:00:00;BA;324;599;SIMOES FILHO;Ingest�o de �lcool pelo condutor;Sa�da de leito carro��vel;Sem V�timas;Pleno dia;Crescente;C�u Claro;Dupla;Reta;N�o;1;0;0;0;0;1;0;1;-12,75958486;-38,4263569;SPRF-BA;DEL01-BA;UOP01-DEL01-BA;;;
688033;21/04/2025;segunda-feira;12:15:00;MG;40;503;ESMERALDAS;Rea��o tardia ou ineficiente do condutor;Colis�o traseira;Com V�timas Feridas;Pleno dia;Crescente;Nublado;Dupla;Reta;N�o;2;0;2;0;0;0;2;1;-19,72340317;-44,15534019;SPRF-MG;DEL02-MG;UOP01-DEL02-MG;;;
688034;29/04/2025;ter�a-feira;10:24:00;RN;304;48,9;MOSSORO;Acessar a via sem observar a presen�a dos outros ve�culos;Colis�o transversal;Com V�timas Feridas;Pleno dia;Crescente;C�u Claro;Simples;Interse��o de Vias;Sim;2;0;1;0;1;0;1;2;-5,2357543;-37,31809928;SPRF-RN;DEL04-RN;UOP01-DEL04-RN;;;
688036;29/04/2025;ter�a-feira;09:23:00;MT;364;435;VARZEA GRANDE;Transitar no Acostamento;Colis�o transversal;Com V�timas Feridas;Pleno dia;Decrescente;Nublado;Simples;Reta;Sim;2;0;1;0;1;0;1;2;-15,64676;-56,19801;SPRF-MT;DEL01-MT;UOP02-DEL01-MT;;;
688038;29/04/2025;ter�a-feira;10:20:00;PB;101;85;BAYEUX;Aus�ncia de rea��o do condutor;Engavetamento;Com V�timas Feridas;Pleno dia;Decrescente;Sol;Dupla;Reta;Sim;5;0;1;0;1;3;1;4;-7,14559278;-34,91619077;SPRF-PB;DEL01-PB;UOP01-DEL01-PB;;;
688039;29/04/2025;ter�a-feira;08:50:00;PA;316;62;CASTANHAL;Acessar a via sem observar a presen�a dos outros ve�culos;Colis�o frontal;Com V�timas Feridas;Pleno dia;Decrescente;C�u Claro;Dupla;Reta;Sim;2;0;0;1;1;0;1;2;-1,29682427;-47,93000132;SPRF-PA;DEL01-PA;UOP01-DEL01-PA;;;
688042;29/04/2025;ter�a-feira;06:50:00;SC;470;146,2;RIO DO SUL;Manobra de mudan�a de faixa;Colis�o lateral mesmo sentido;Com V�timas Feridas;Pleno dia;Crescente;C�u Claro;Simples;Reta;N�o;2;0;1;0;1;0;1;2;-27,227874;-49,667643;SPRF-SC;DEL04-SC;UOP02-DEL04-SC;;;
688043;29/04/2025;ter�a-feira;10:15:00;MG;116;524,4;CARATINGA;Transitar na contram�o;Colis�o frontal;Com V�timas Feridas;Pleno dia;Crescente;C�u Claro;Simples;Reta;Sim;3;0;1;0;1;1;1;3;-19,76731393;-42,13098619;SPRF-MG;DEL06-MG;UOP02-DEL06-MG;;;
688044;29/04/2025;ter�a-feira;10:48:00;MG;381;522;RIO MANSO;Condutor deixou de manter dist�ncia do ve�culo da frente;Colis�o traseira;Com V�timas Feridas;Pleno dia;Decrescente;C�u Claro;Dupla;Reta;N�o;4;0;2;0;2;0;2;2;-20,16994297;-44,33316422;SPRF-MG;DEL04-MG;UOP03-DEL04-MG;;;
688045;29/04/2025;ter�a-feira;11:30:00;PB;230;10,3;CABEDELO;Acostamento em desn�vel;Tombamento;Com V�timas Feridas;Pleno dia;Decrescente;Sol;Dupla;"Em Obras;Reta";Sim;1;0;1;0;0;0;1;1;-7,0583256;-34,850733;SPRF-PB;DEL01-PB;UOP01-DEL01-PB;;;
688048;29/04/2025;ter�a-feira;11:21:00;RN;101;106;PARNAMIRIM;Acessar a via sem observar a presen�a dos outros ve�culos;Colis�o lateral mesmo sentido;Com V�timas Feridas;Pleno dia;Decrescente;C�u Claro;Dupla;Reta;N�o;2;0;1;0;1;0;1;2;-5,907072;-35,26024;SPRF-RN;DEL01-RN;UOP01-DEL01-RN;;;
688055;29/04/2025;ter�a-feira;09:35:00;PI;316;313;PICOS;Condutor deixou de manter dist�ncia do ve�culo da frente;Colis�o traseira;Com V�timas Feridas;Pleno dia;Crescente;Sol;Dupla;Reta;Sim;3;0;0;1;2;0;1;2;-7,07716445;-41,44005776;SPRF-PI;DEL04-PI;UOP01-DEL04-PI;;;
688057;29/04/2025;ter�a-feira;13:45:00;SP;116;223;GUARULHOS;Aus�ncia de rea��o do condutor;Colis�o lateral mesmo sentido;Com V�timas Feridas;Pleno dia;Decrescente;Nublado;M�ltipla;Reta;Sim;2;0;1;0;1;0;1;2;-23,48149;-46,533936;SPRF-SP;DEL01-SP;UOP01-DEL01-SP;;;
688058;29/04/2025;ter�a-feira;13:40:00;PR;277;131,5;CAMPO LARGO;Rea��o tardia ou ineficiente do condutor;Tombamento;Com V�timas Feridas;Pleno dia;Crescente;Sol;Simples;"Aclive;Curva";N�o;1;0;0;1;0;0;1;1;-25,45230373;-49,58943129;SPRF-PR;DEL03-PR;UOP03-DEL03-PR;;;
688061;29/04/2025;ter�a-feira;05:30:00;MT;364;399;CUIABA;Aus�ncia de rea��o do condutor;Eventos at�picos;Com V�timas Feridas;Pleno dia;Decrescente;Garoa/Chuvisco;Dupla;Reta;Sim;2;0;1;0;1;0;1;2;-15,65957739;-55,97597695;SPRF-MT;DEL01-MT;UOP02-DEL01-MT;;;
688066;29/04/2025;ter�a-feira;13:00:00;GO;364;46,5;CACHOEIRA ALTA;Acessar a via sem observar a presen�a dos outros ve�culos;Sa�da de leito carro��vel;Com V�timas Feridas;Pleno dia;Decrescente;C�u Claro;Simples;"Aclive;Reta";N�o;3;0;2;0;1;0;2;2;-18,829982;-50,871288;SPRF-GO;DEL05-GO;UOP02-DEL05-GO;;;
688067;21/03/2025;sexta-feira;05:00:00;DF;20;4;BRASILIA;Condutor Dormindo;Colis�o traseira;Com V�timas Feridas;Amanhecer;Crescente;C�u Claro;Dupla;Reta;Sim;2;0;1;0;1;0;1;2;-15,67455;-47,82179;SPRF-DF;DEL02-DF;UOP01-DEL02-DF;;;
688068;29/04/2025;ter�a-feira;14:20:00;MG;262;363;JUATUBA;Manobra de mudan�a de faixa;Colis�o lateral mesmo sentido;Com V�timas Feridas;Pleno dia;Decrescente;C�u Claro;Dupla;Reta;Sim;2;0;1;0;1;0;1;2;-19,97198175;-44,29779749;SPRF-MG;DEL01-MG;UOP03-DEL01-MG;;;
688069;29/04/2025;ter�a-feira;13:00:00;SC;101;45,3;JOINVILLE;Mal s�bito do condutor;Sa�da de leito carro��vel;Com V�timas Fatais;Pleno dia;Crescente;Sol;M�ltipla;"Reta;Aclive";Sim;1;1;0;0;0;0;0;1;-26,3510772;-48,8579814;SPRF-SC;DEL03-SC;UOP01-DEL03-SC;;;
688070;28/04/2025;segunda-feira;09:10:00;RN;101;82,3;NATAL;Manobra de mudan�a de faixa;Colis�o transversal;Com V�timas Feridas;Pleno dia;Decrescente;Garoa/Chuvisco;Dupla;Reta;Sim;2;0;1;0;1;0;1;2;-5,76883205;-35,2721972;SPRF-RN;DEL02-RN;UOP01-DEL02-RN;;;
688072;29/04/2025;ter�a-feira;08:10:00;SC;282;581,3;PINHALZINHO;Transitar na contram�o;Colis�o frontal;Com V�timas Feridas;Pleno dia;Crescente;Sol;Simples;Curva;Sim;8;0;7;1;0;0;8;2;-26,829402;-52,99697;SPRF-SC;DEL07-SC;UOP02-DEL07-SC;;;
688073;29/04/2025;ter�a-feira;13:50:00;RS;471;485,7;RIO GRANDE;Objeto est�tico sobre o leito carro��vel;Colis�o com objeto;Com V�timas Feridas;Pleno dia;Decrescente;C�u Claro;Simples;"Reta;Interse��o de Vias";N�o;3;0;2;0;1;0;2;1;-32,20600273;-52,44976968;SPRF-RS;DEL07-RS;UOP02-DEL07-RS;;;
688077;13/04/2025;domingo;03:50:00;MA;230;224;SAO DOMINGOS DO AZEITAO;Condutor Dormindo;Sa�da de leito carro��vel;Sem V�timas;Plena Noite;Decrescente;Ignorado;Simples;Reta;N�o;1;0;0;0;0;1;0;1;-6,82765215;-44,74128619;SPRF-MA;DEL05-MA;UOP01-DEL05-MA;;;
688078;17/04/2025;quinta-feira;18:00:00;PB;101;90,4;JOAO PESSOA;Rea��o tardia ou ineficiente do condutor;Engavetamento;Com V�timas Feridas;Plena Noite;Decrescente;C�u Claro;Dupla;"Aclive;Reta";Sim;4;0;1;0;3;0;1;3;-7,1851329;-34,9013925;SPRF-PB;DEL01-PB;UOP01-DEL01-PB;;;
688079;29/04/2025;ter�a-feira;13:50:00;RJ;393;235;VASSOURAS;Animais na Pista;Colis�o traseira;Com V�timas Feridas;Pleno dia;Decrescente;Nublado;Simples;Reta;N�o;3;0;1;0;2;0;1;2;-22,40997319;-43,6714344;SPRF-RJ;DEL05-RJ;UOP03-DEL05-RJ;;;
688080;29/04/2025;ter�a-feira;15:47:00;RN;101;105;PARNAMIRIM;Aus�ncia de rea��o do condutor;Colis�o traseira;Com V�timas Feridas;Pleno dia;Crescente;C�u Claro;Dupla;Reta;Sim;2;0;1;0;0;1;1;2;-5,9059076;-35,2600405;SPRF-RN;DEL01-RN;UOP01-DEL01-RN;;;
688081;29/04/2025;ter�a-feira;14:56:00;DF;0;0;BRASILIA;Rea��o tardia ou ineficiente do condutor;Colis�o com objeto;Sem V�timas;Pleno dia;N�o Informado;C�u Claro;Simples;Curva;Sim;9;0;0;0;9;0;0;9;-15,79305422;-47,89345771;SPRF-DF;DEL01-DF;N/A;;;
688084;29/04/2025;ter�a-feira;15:10:00;GO;40;50,1;LUZIANIA;Demais falhas mec�nicas ou el�tricas;Inc�ndio;Sem V�timas;Pleno dia;Decrescente;C�u Claro;Simples;Reta;N�o;1;0;0;0;1;0;0;1;-16,44343;-47,812398;SPRF-DF;DEL01-DF;UOP02-DEL01-DF;;;
688087;29/04/2025;ter�a-feira;16:50:00;RS;158;331;SANTA MARIA;Manobra de mudan�a de faixa;Colis�o lateral mesmo sentido;Sem V�timas;Pleno dia;Crescente;Sol;Dupla;"Reta;Aclive";Sim;2;0;0;0;2;0;0;2;-29,70289958;-53,84299024;SPRF-RS;DEL09-RS;UOP01-DEL09-RS;;;
688088;29/04/2025;ter�a-feira;15:20:00;SC;280;56;GUARAMIRIM;Condutor deixou de manter dist�ncia do ve�culo da frente;Colis�o traseira;Com V�timas Feridas;Pleno dia;Crescente;C�u Claro;Dupla;Reta;N�o;2;0;1;0;1;0;1;2;-26,47788;-48,99901;SPRF-SC;DEL03-SC;UOP03-DEL03-SC;;;
688089;29/04/2025;ter�a-feira;16:58:00;RS;448;18;CANOAS;Manobra de mudan�a de faixa;Colis�o lateral mesmo sentido;Com V�timas Feridas;Pleno dia;Decrescente;Sol;M�ltipla;Reta;N�o;3;0;1;0;2;0;1;2;-29,95189234;-51,20300364;SPRF-RS;DEL01-RS;UOP01-DEL01-RS;;;
688090;29/04/2025;ter�a-feira;17:00:00;RJ;116;169;RIO DE JANEIRO;Acessar a via sem observar a presen�a dos outros ve�culos;Colis�o lateral mesmo sentido;Com V�timas Feridas;Anoitecer;Crescente;Garoa/Chuvisco;Dupla;Curva;N�o;2;0;1;0;1;0;1;2;-22,80477974;-43,34533759;SPRF-RJ;DEL06-RJ;UOP01-DEL06-RJ;;;
688092;29/04/2025;ter�a-feira;17:55:00;MG;40;518;RIBEIRAO DAS NEVES;Condutor deixou de manter dist�ncia do ve�culo da frente;Colis�o traseira;Sem V�timas;Plena Noite;Decrescente;C�u Claro;Dupla;Reta;Sim;2;0;0;0;2;0;0;2;-19,834772;-44,080231;SPRF-MG;DEL01-MG;UOP02-DEL01-MG;;;
688093;29/04/2025;ter�a-feira;18:00:00;SC;282;2;FLORIANOPOLIS;Trafegar com motocicleta (ou similar) entre as faixas;Tombamento;Com V�timas Feridas;Plena Noite;Crescente;C�u Claro;M�ltipla;Reta;Sim;1;0;1;0;0;0;1;1;-27,60319556;-48,59029116;SPRF-SC;DEL01-SC;UOP01-DEL01-SC;;;
688094;29/04/2025;ter�a-feira;17:37:00;RJ;101;64;CAMPOS DOS GOYTACAZES;Acumulo de �leo sobre o pavimento;Tombamento;Com V�timas Feridas;Anoitecer;Crescente;Nublado;Simples;Reta;Sim;2;0;1;0;1;0;1;1;-21,752508;-41,340212;SPRF-RJ;DEL08-RJ;UOP02-DEL08-RJ;;;
688095;29/04/2025;ter�a-feira;17:10:00;ES;101;285,1;CARIACICA;Acesso irregular;Colis�o transversal;Com V�timas Feridas;Anoitecer;Crescente;C�u Claro;Dupla;"Reta;Declive;Interse��o de Vias";Sim;2;0;1;1;0;0;2;2;-20,25205;-40,37313;SPRF-ES;DEL01-ES;UOP01-DEL01-ES;;;
688096;29/04/2025;ter�a-feira;17:15:00;MG;262;444,9;NOVA SERRANA;Pedestre cruzava a pista fora da faixa;Atropelamento de Pedestre;Com V�timas Feridas;Pleno dia;Decrescente;C�u Claro;Dupla;Reta;Sim;3;0;2;0;0;1;2;2;-19,86820426;-44,98830047;SPRF-MG;DEL08-MG;UOP03-DEL08-MG;;;
688097;29/04/2025;ter�a-feira;18:00:00;SP;116;219,5;GUARULHOS;Trafegar com motocicleta (ou similar) entre as faixas;Tombamento;Com V�timas Feridas;Plena Noite;Decrescente;Nublado;M�ltipla;"Em Obras;Reta";Sim;1;0;1;0;0;0;1;1;-23,464052;-46,496773;SPRF-SP;DEL01-SP;UOP01-DEL01-SP;;;
688098;29/04/2025;ter�a-feira;17:40:00;SP;116;157;SAO JOSE DOS CAMPOS;Aus�ncia de rea��o do condutor;Colis�o traseira;Sem V�timas;Anoitecer;Decrescente;C�u Claro;Dupla;Reta;N�o;2;0;0;0;2;0;0;2;-23,2511815;-45,93678117;SPRF-SP;DEL02-SP;UOP01-DEL02-SP;;;
688101;29/04/2025;ter�a-feira;13:15:00;CE;222;123;ITAPAJE;Acessar a via sem observar a presen�a dos outros ve�culos;Colis�o transversal;Com V�timas Feridas;Pleno dia;Decrescente;C�u Claro;Simples;Reta;N�o;2;0;0;1;1;0;1;2;-3,70043962;-39,60551977;SPRF-CE;DEL04-CE;UOP03-DEL04-CE;;;
688102;29/04/2025;ter�a-feira;16:58:00;MA;135;1,5;SAO LUIS;Rea��o tardia ou ineficiente do condutor;Colis�o transversal;Sem V�timas;Pleno dia;Crescente;Sol;Dupla;Reta;Sim;3;0;0;0;2;1;0;3;-2,593887;-44,24535;SPRF-MA;DEL01-MA;UOP01-DEL01-MA;;;
688103;29/04/2025;ter�a-feira;17:02:00;RS;158;154,7;PANAMBI;Ultrapassagem Indevida;Colis�o frontal;Com V�timas Feridas;Pleno dia;Crescente;C�u Claro;Simples;Reta;N�o;4;0;3;0;0;1;3;3;-28,31666419;-53,49283783;SPRF-RS;DEL10-RS;UOP02-DEL10-RS;;;
688106;29/04/2025;ter�a-feira;18:44:00;PA;230;115;MARABA;Rea��o tardia ou ineficiente do condutor;Colis�o traseira;Sem V�timas;Plena Noite;Decrescente;C�u Claro;Dupla;Reta;Sim;2;0;0;0;2;0;0;2;-5,35783688;-49,0865171;SPRF-PA;DEL03-PA;UOP01-DEL03-PA;;;
688107;29/04/2025;ter�a-feira;18:15:00;RS;293;11,9;CAPAO DO LEAO;Acessar a via sem observar a presen�a dos outros ve�culos;Colis�o transversal;Com V�timas Feridas;Amanhecer;Decrescente;C�u Claro;Simples;Reta;N�o;2;0;0;1;1;0;1;2;-31,75630074;-52,44133679;SPRF-RS;DEL07-RS;UOP01-DEL07-RS;;;
688108;29/04/2025;ter�a-feira;18:50:00;SC;101;309,8;LAGUNA;Pedestre - Ingest�o de �lcool/ subst�ncias psicoativas;Atropelamento de Pedestre;Com V�timas Feridas;Anoitecer;Decrescente;Ignorado;M�ltipla;Reta;N�o;3;0;1;1;0;1;2;3;-28,4292;-48,8029;SPRF-SC;DEL02-SC;UOP01-DEL02-SC;;;
688110;29/04/2025;ter�a-feira;18:35:00;PI;402;34;BURITI DOS LOPES;Desrespeitar a prefer�ncia no cruzamento;Colis�o frontal;Com V�timas Feridas;Plena Noite;Decrescente;Chuva;Simples;Reta;Sim;2;0;1;0;1;0;1;2;-3,0932992;-41,8381824;SPRF-PI;DEL05-PI;UOP01-DEL05-PI;;;
688113;29/04/2025;ter�a-feira;18:30:00;BA;330;817;JEQUIE;Transitar na contram�o;Colis�o lateral sentido oposto;Com V�timas Feridas;Plena Noite;Decrescente;C�u Claro;Simples;Reta;N�o;2;0;1;0;1;0;1;2;-13,8805142;-40,1273435;SPRF-BA;DEL03-BA;UOP01-DEL03-BA;;;
688114;29/04/2025;ter�a-feira;19:00:00;RS;392;26,4;RIO GRANDE;Demais falhas mec�nicas ou el�tricas;Sa�da de leito carro��vel;Sem V�timas;Plena Noite;Crescente;C�u Claro;Dupla;Reta;Sim;2;0;0;0;2;0;0;1;-32,07524232;-52,26026773;SPRF-RS;DEL07-RS;UOP02-DEL07-RS;;;
688115;29/04/2025;ter�a-feira;19:30:00;PR;376;603;CURITIBA;Condutor deixou de manter dist�ncia do ve�culo da frente;Colis�o traseira;Com V�timas Feridas;Plena Noite;Decrescente;Nublado;Dupla;Reta;Sim;2;0;1;0;1;0;1;2;-25,5305095;-49,32522146;SPRF-PR;DEL01-PR;UOP06-DEL01-PR;;;
688116;29/04/2025;ter�a-feira;19:20:00;DF;20;11;BRASILIA;Condutor deixou de manter dist�ncia do ve�culo da frente;Colis�o traseira;Sem V�timas;Plena Noite;Crescente;Chuva;Dupla;Reta;N�o;2;0;0;0;2;0;0;2;-15,64397039;-47,76030332;SPRF-DF;DEL02-DF;UOP01-DEL02-DF;;;
688117;29/04/2025;ter�a-feira;17:50:00;BA;110;200;CIPO;Transitar na contram�o;Colis�o frontal;Com V�timas Feridas;Anoitecer;Crescente;C�u Claro;Simples;Reta;N�o;2;0;1;1;0;0;2;2;-11,06685;-38,5115;SPRF-BA;DEL07-BA;UOP02-DEL07-BA;;;
688119;29/04/2025;ter�a-feira;18:45:00;PE;423;96;GARANHUNS;Convers�o proibida;Colis�o transversal;Com V�timas Feridas;Plena Noite;Crescente;C�u Claro;Simples;Reta;N�o;3;0;0;2;0;1;2;2;-8,88103764;-36,48732215;SPRF-PE;DEL03-PE;UOP01-DEL03-PE;;;
688121;29/04/2025;ter�a-feira;18:00:00;MG;40;274;TRES MARIAS;Condutor deixou de manter dist�ncia do ve�culo da frente;Colis�o traseira;Com V�timas Feridas;Anoitecer;Crescente;C�u Claro;Simples;Reta;Sim;2;0;1;0;1;0;1;2;-18,2052867;-45,2274939;SPRF-MG;DEL14-MG;UOP02-DEL14-MG;;;
688122;29/04/2025;ter�a-feira;18:10:00;PB;230;471,7;SOUSA;Aus�ncia de rea��o do condutor;Colis�o traseira;Com V�timas Feridas;Plena Noite;Decrescente;C�u Claro;Simples;Reta;N�o;2;0;0;1;1;0;1;2;-6,80766;-38,307148;SPRF-PB;DEL03-PB;UOP03-DEL03-PB;;;
688123;29/04/2025;ter�a-feira;20:10:00;SC;101;320,9;PESCARIA BRAVA;Avarias e/ou desgaste excessivo no pneu;Tombamento;Com V�timas Feridas;Plena Noite;Crescente;C�u Claro;Dupla;Reta;Sim;2;0;2;0;0;0;2;1;-28,42594538;-48,90590636;SPRF-SC;DEL02-SC;UOP01-DEL02-SC;;;
688124;29/04/2025;ter�a-feira;20:00:00;SC;280;80,9;CORUPA;Acessar a via sem observar a presen�a dos outros ve�culos;Colis�o transversal;Com V�timas Feridas;Plena Noite;Decrescente;C�u Claro;Simples;Reta;Sim;3;0;3;0;0;0;3;2;-26,43917;-49,2301;SPRF-SC;DEL06-SC;UOP03-DEL06-SC;;;
688125;08/03/2025;s�bado;04:16:00;SC;282;475,9;VARGEAO;Ingest�o de �lcool pelo condutor;Colis�o com objeto;Com V�timas Feridas;Plena Noite;Crescente;C�u Claro;Simples;Rotat�ria;N�o;1;0;1;0;0;0;1;1;-26,87336265;-52,15360522;SPRF-SC;DEL07-SC;UOP01-DEL07-SC;;;
688127;06/04/2025;domingo;16:00:00;RN;101;94;NATAL;Velocidade Incompat�vel;Queda de ocupante de ve�culo;Com V�timas Feridas;Pleno dia;Decrescente;C�u Claro;Dupla;Reta;Sim;1;0;0;1;0;0;1;1;-5,83091276;-35,21162029;SPRF-RN;DEL01-RN;UOP01-DEL01-RN;;;
688128;29/04/2025;ter�a-feira;20:30:00;BA;110;11,4;PAULO AFONSO;Animais na Pista;Atropelamento de Animal;Com V�timas Feridas;Plena Noite;Decrescente;C�u Claro;Simples;Reta;N�o;2;0;0;2;0;0;2;1;-9,461359;-38,2033179;SPRF-BA;DEL07-BA;UOP01-DEL07-BA;;;
688130;29/04/2025;ter�a-feira;17:20:00;RO;364;424;JARU;Aus�ncia de rea��o do condutor;Atropelamento de Pedestre;Com V�timas Feridas;Pleno dia;Crescente;C�u Claro;Dupla;"Reta;Interse��o de Vias";Sim;2;0;2;0;0;0;2;2;-10,43975376;-62,46903118;SPRF-RO;DEL03-RO;UOP02-DEL03-RO;;;
688131;29/04/2025;ter�a-feira;21:20:00;RN;406;150;CEARA-MIRIM;Ingest�o de �lcool pelo condutor;Colis�o transversal;Com V�timas Feridas;Plena Noite;Crescente;C�u Claro;Simples;Reta;Sim;2;0;1;1;0;0;2;2;-5,650103;-35,429555;SPRF-RN;DEL02-RN;UOP01-DEL02-RN;;;
688132;29/04/2025;ter�a-feira;21:15:00;MG;381;478,4;CONTAGEM;Aus�ncia de rea��o do condutor;Colis�o traseira;Com V�timas Feridas;Plena Noite;Decrescente;C�u Claro;Dupla;"Declive;Reta";N�o;2;0;1;0;1;0;1;2;-19,96087499;-44,0364325;SPRF-MG;DEL01-MG;UOP03-DEL01-MG;;;
688133;29/04/2025;ter�a-feira;21:00:00;BA;110;208;CIPO;Rea��o tardia ou ineficiente do condutor;Colis�o traseira;Com V�timas Feridas;Plena Noite;Crescente;C�u Claro;Simples;Reta;N�o;5;0;3;0;0;2;3;2;-11,13036;-38,51657;SPRF-BA;DEL07-BA;UOP02-DEL07-BA;;;
688134;29/04/2025;ter�a-feira;21:00:00;RJ;116;136;MAGE;Aus�ncia de rea��o do condutor;Colis�o traseira;Com V�timas Feridas;Plena Noite;Crescente;Nublado;Dupla;Interse��o de Vias;N�o;2;0;1;0;0;1;1;2;-22,64829226;-43,20214145;SPRF-RJ;DEL04-RJ;UOP02-DEL04-RJ;;;
688136;29/04/2025;ter�a-feira;22:15:00;GO;80;25;PADRE BERNARDO;Rea��o tardia ou ineficiente do condutor;Sa�da de leito carro��vel;Com V�timas Feridas;Plena Noite;Decrescente;C�u Claro;Dupla;"Reta;Declive";Sim;1;0;1;0;0;0;1;1;-15,61791865;-48,1987795;SPRF-DF;DEL03-DF;UOP02-DEL03-DF;;;