id;data_inversa;dia_semana;horario;uf;br;km;municipio;causa_acidente;tipo_acidente;classificacao_acidente;fase_dia;sentido_via;condicao_metereologica;tipo_pista;tracado_via;uso_solo;pessoas;mortos;feridos_leves;feridos_graves;ilesos;ignorados;feridos;veiculos;latitude;longitude;regional;delegacia;uop;;;
688137;29/04/2025;ter�a-feira;19:30:00;BA;30;844;UBAITABA;Ingest�o de �lcool pelo condutor;Colis�o frontal;Com V�timas Feridas;Plena Noite;Crescente;C�u Claro;Simples;Reta;Sim;2;0;1;1;0;0;2;2;-14,31046634;-39,29112635;SPRF-BA;DEL05-BA;UOP01-DEL05-BA;;;
688138;29/04/2025;ter�a-feira;22:10:00;BA;101;718,3;EUNAPOLIS;Desrespeitar a prefer�ncia no cruzamento;Colis�o transversal;Com V�timas Feridas;Plena Noite;Crescente;C�u Claro;Simples;"Reta;Interse��o de Vias";Sim;2;0;1;0;1;0;1;2;-16,375267;-39,581027;SPRF-BA;DEL09-BA;UOP01-DEL09-BA;;;
688139;27/04/2025;domingo;19:45:00;BA;101;808;ITAMARAJU;Acessar a via sem observar a presen�a dos outros ve�culos;Atropelamento de Pedestre;Com V�timas Feridas;Plena Noite;Decrescente;C�u Claro;Simples;Reta;Sim;3;0;2;0;1;0;2;2;-17,08042224;-39,56801927;SPRF-BA;DEL09-BA;UOP01-DEL09-BA;;;
688142;29/04/2025;ter�a-feira;21:30:00;RJ;393;168;TRES RIOS;Acesso irregular;Colis�o transversal;Com V�timas Feridas;Plena Noite;Crescente;C�u Claro;Simples;Reta;N�o;2;0;1;0;1;0;1;2;-22,12144892;-43,16457081;SPRF-RJ;DEL05-RJ;UOP01-DEL05-RJ;;;
688143;29/04/2025;ter�a-feira;22:40:00;BA;101;709,5;EUNAPOLIS;Pedestre andava na pista;Atropelamento de Pedestre;Com V�timas Fatais;Plena Noite;Crescente;C�u Claro;Simples;"Reta;Interse��o de Vias";N�o;3;1;1;0;0;1;1;3;-16,31669;-39,59744;SPRF-BA;DEL09-BA;UOP01-DEL09-BA;;;
688145;29/04/2025;ter�a-feira;20:20:00;PR;277;120;CAMPO LARGO;Ingest�o de �lcool pelo condutor;Colis�o com objeto;Sem V�timas;Plena Noite;Crescente;C�u Claro;Dupla;Reta;N�o;2;0;0;0;2;0;0;1;-25,44734361;-49,4799757;SPRF-PR;DEL03-PR;UOP03-DEL03-PR;;;
688146;29/04/2025;ter�a-feira;19:35:00;MG;381;357;JOAO MONLEVADE;Convers�o proibida;Colis�o transversal;Com V�timas Feridas;Plena Noite;Crescente;Chuva;Simples;"Reta;Interse��o de Vias";Sim;2;0;0;1;1;0;1;2;-19,84189182;-43,17439628;SPRF-MG;DEL03-MG;UOP01-DEL03-MG;;;
688147;29/04/2025;ter�a-feira;23:30:00;MG;381;496;BETIM;Animais na Pista;Atropelamento de Animal;Com V�timas Feridas;Plena Noite;Crescente;C�u Claro;Dupla;Reta;Sim;1;0;1;0;0;0;1;1;-19,9753916;-44,19513988;SPRF-MG;DEL01-MG;UOP03-DEL01-MG;;;
688148;29/04/2025;ter�a-feira;21:30:00;RJ;116;271;BARRA MANSA;Demais falhas mec�nicas ou el�tricas;Inc�ndio;Sem V�timas;Plena Noite;Decrescente;C�u Claro;Simples;Curva;Sim;1;0;0;0;1;0;0;1;-22,54255216;-44,19081187;SPRF-RJ;DEL07-RJ;UOP02-DEL07-RJ;;;
688150;29/04/2025;ter�a-feira;21:30:00;MT;163;837;SINOP;Rea��o tardia ou ineficiente do condutor;Colis�o com objeto;Sem V�timas;Plena Noite;Decrescente;C�u Claro;Dupla;"Reta;Em Obras";Sim;1;0;0;0;1;0;0;1;-11,85013591;-55,492371;SPRF-MT;DEL06-MT;UOP02-DEL06-MT;;;
688151;29/04/2025;ter�a-feira;21:30:00;MT;364;269,5;JACIARA;Rea��o tardia ou ineficiente do condutor;Colis�o com objeto;Com V�timas Feridas;Plena Noite;Decrescente;C�u Claro;Simples;Curva;Sim;1;0;0;1;0;0;1;1;-15,97303135;-54,94051874;SPRF-MT;DEL02-MT;UOP01-DEL02-MT;;;
688152;30/04/2025;quarta-feira;00:25:00;PR;277;63;SAO JOSE DOS PINHAIS;Aus�ncia de rea��o do condutor;Sa�da de leito carro��vel;Sem V�timas;Plena Noite;Crescente;Nublado;Dupla;Reta;N�o;1;0;0;0;0;1;0;1;-25,51449129;-49,12142873;SPRF-PR;DEL01-PR;UOP01-DEL01-PR;;;
688153;30/04/2025;quarta-feira;00:35:00;SC;280;31;ARAQUARI;Ultrapassagem Indevida;Colis�o lateral mesmo sentido;Com V�timas Feridas;Plena Noite;Crescente;C�u Claro;Simples;Reta;Sim;3;0;2;0;1;0;2;2;-26,41652;-48,77159;SPRF-SC;DEL03-SC;UOP03-DEL03-SC;;;
688155;30/04/2025;quarta-feira;00:20:00;RJ;116;264;VOLTA REDONDA;Demais falhas mec�nicas ou el�tricas;Inc�ndio;Sem V�timas;Plena Noite;Decrescente;Nublado;Dupla;Reta;N�o;1;0;0;0;1;0;0;1;-22,58970833;-44,082205;SPRF-RJ;DEL07-RJ;UOP02-DEL07-RJ;;;
688157;30/04/2025;quarta-feira;01:15:00;PR;277;78;CURITIBA;Rea��o tardia ou ineficiente do condutor;Colis�o traseira;Com V�timas Fatais;Plena Noite;Crescente;Nublado;Dupla;"Reta;Aclive";Sim;2;1;0;0;1;0;0;2;-25,48357102;-49,1916275;SPRF-PR;DEL01-PR;UOP07-DEL01-PR;;;
688159;30/04/2025;quarta-feira;02:15:00;RJ;40;95;PETROPOLIS;Condutor Dormindo;Capotamento;Com V�timas Feridas;Plena Noite;Crescente;Garoa/Chuvisco;Dupla;Curva;N�o;3;0;2;0;1;0;2;1;-22,5487195;-43,227351;SPRF-RJ;DEL01-RJ;UOP01-DEL01-RJ;;;
688161;29/04/2025;ter�a-feira;23:20:00;RJ;101;294;ITABORAI;Aus�ncia de rea��o do condutor;Colis�o traseira;Com V�timas Feridas;Plena Noite;Decrescente;C�u Claro;Dupla;Reta;Sim;3;0;2;0;0;1;2;2;-22,76481124;-42,9037571;SPRF-RJ;DEL02-RJ;UOP02-DEL02-RJ;;;
688166;30/04/2025;quarta-feira;05:40:00;RJ;101;61;CAMPOS DOS GOYTACAZES;Condutor desrespeitou a ilumina��o vermelha do sem�foro;Colis�o transversal;Com V�timas Feridas;Amanhecer;Crescente;Nublado;Simples;"Reta;Interse��o de Vias";Sim;2;0;1;0;1;0;1;2;-21,727763;-41,322022;SPRF-RJ;DEL08-RJ;UOP01-DEL08-RJ;;;
688168;30/04/2025;quarta-feira;04:25:00;RS;386;58,3;SEBERI;Animais na Pista;Sa�da de leito carro��vel;Com V�timas Feridas;Plena Noite;Decrescente;C�u Claro;Simples;Reta;N�o;1;0;1;0;0;0;1;1;-27,52063779;-53,37680563;SPRF-RS;DEL08-RS;UOP02-DEL08-RS;;;
688169;30/04/2025;quarta-feira;05:00:00;BA;324;570;SAO SEBASTIAO DO PASSE;Rea��o tardia ou ineficiente do condutor;Capotamento;Com V�timas Fatais;Amanhecer;Crescente;Nublado;Dupla;Reta;N�o;1;1;0;0;0;0;0;1;-12,555638;-38,568583;SPRF-BA;DEL01-BA;UOP01-DEL01-BA;;;
688171;30/04/2025;quarta-feira;05:30:00;MS;163;258,7;DOURADOS;Demais falhas mec�nicas ou el�tricas;Colis�o com objeto;Com V�timas Feridas;Pleno dia;Crescente;C�u Claro;Dupla;Reta;Sim;2;0;1;0;1;0;1;1;-22,2547;-54,7781;SPRF-MS;DEL04-MS;UOP01-DEL04-MS;;;
688173;30/04/2025;quarta-feira;05:00:00;MT;364;208;RONDONOPOLIS;Pedestre andava na pista;Atropelamento de Pedestre;Com V�timas Fatais;Plena Noite;Crescente;Nevoeiro/Neblina;Dupla;Reta;N�o;2;1;0;0;1;0;0;2;-16,43567356;-54,68351483;SPRF-MT;DEL02-MT;UOP01-DEL02-MT;;;
688174;30/04/2025;quarta-feira;07:53:00;RJ;101;265;RIO BONITO;Ultrapassagem Indevida;Colis�o lateral mesmo sentido;Com V�timas Feridas;Pleno dia;Crescente;C�u Claro;Dupla;"Retorno Regulamentado;Rotat�ria";N�o;2;0;1;0;1;0;1;2;-22,709246;-42,648263;SPRF-RJ;DEL02-RJ;UOP03-DEL02-RJ;;;
688175;30/04/2025;quarta-feira;07:05:00;SC;470;66,2;INDAIAL;Aus�ncia de rea��o do condutor;Colis�o frontal;Com V�timas Feridas;Pleno dia;Crescente;C�u Claro;Simples;"Reta;Em Obras";N�o;4;0;2;1;1;0;3;2;-26,87032969;-49,22652841;SPRF-SC;DEL04-SC;UOP01-DEL04-SC;;;
688176;30/04/2025;quarta-feira;07:46:00;DF;60;0,5;BRASILIA;Manobra de mudan�a de faixa;Colis�o traseira;Com V�timas Feridas;Pleno dia;Decrescente;C�u Claro;Dupla;Reta;Sim;2;0;1;0;1;0;1;2;-15,88379;-48,064863;SPRF-DF;DEL03-DF;UOP01-DEL03-DF;;;
688177;30/04/2025;quarta-feira;06:30:00;PE;232;4;RECIFE;Manobra de mudan�a de faixa;Colis�o traseira;Com V�timas Feridas;Pleno dia;Crescente;C�u Claro;Dupla;"Declive;Viaduto";Sim;3;0;1;1;1;0;2;2;-8,067827;-34,945113;SPRF-PE;DEL01-PE;UOP01-DEL01-PE;;;
688180;30/04/2025;quarta-feira;07:00:00;RJ;116;198;QUEIMADOS;Demais falhas mec�nicas ou el�tricas;Queda de ocupante de ve�culo;Com V�timas Feridas;Pleno dia;Crescente;C�u Claro;Dupla;Reta;N�o;2;0;2;0;0;0;2;1;-22,72974559;-43,58966701;SPRF-RJ;DEL06-RJ;UOP02-DEL06-RJ;;;
688181;30/04/2025;quarta-feira;07:00:00;CE;116;10,6;FORTALEZA;Avarias e/ou desgaste excessivo no pneu;Eventos at�picos;Com V�timas Feridas;Pleno dia;Decrescente;C�u Claro;M�ltipla;Reta;Sim;2;0;2;0;0;0;2;1;-3,838576;-38,501749;SPRF-CE;DEL01-CE;UOP02-DEL01-CE;;;
688183;13/04/2025;domingo;09:50:00;GO;153;500;GOIANIA;Ingest�o de subst�ncias psicoativas pelo condutor;Capotamento;Com V�timas Feridas;Pleno dia;Decrescente;Nublado;M�ltipla;"Interse��o de Vias;Curva;Rotat�ria;Viaduto";Sim;1;0;1;0;0;0;1;1;-16,71080268;-49,23094332;SPRF-GO;DEL01-GO;UOP01-DEL01-GO;;;
688185;30/04/2025;quarta-feira;07:50:00;DF;40;7,1;BRASILIA;Trafegar com motocicleta (ou similar) entre as faixas;Queda de ocupante de ve�culo;Com V�timas Feridas;Pleno dia;Decrescente;C�u Claro;Dupla;Reta;Sim;1;0;1;0;0;0;1;1;-16,039977;-47,979608;SPRF-DF;DEL01-DF;UOP01-DEL01-DF;;;
688186;30/04/2025;quarta-feira;08:20:00;SP;116;285;ITAPECERICA DA SERRA;Trafegar com motocicleta (ou similar) entre as faixas;Colis�o lateral mesmo sentido;Com V�timas Feridas;Pleno dia;Decrescente;Nublado;Dupla;Reta;Sim;2;0;1;0;1;0;1;2;-23,68655379;-46,86030521;SPRF-SP;DEL04-SP;UOP01-DEL04-SP;;;
688187;30/04/2025;quarta-feira;08:05:00;RS;386;36,9;FREDERICO WESTPHALEN;Retorno proibido;Colis�o transversal;Com V�timas Feridas;Pleno dia;Crescente;C�u Claro;Simples;Interse��o de Vias;Sim;2;0;0;1;1;0;1;2;-27,37758283;-53,39847493;SPRF-RS;DEL08-RS;UOP02-DEL08-RS;;;
688188;30/04/2025;quarta-feira;07:15:00;DF;70;10;BRASILIA;Rea��o tardia ou ineficiente do condutor;Colis�o traseira;Com V�timas Feridas;Pleno dia;Decrescente;C�u Claro;Dupla;Reta;Sim;2;0;1;0;1;0;1;2;-15,78895668;-48,11156631;SPRF-DF;DEL03-DF;UOP02-DEL03-DF;;;
688189;30/04/2025;quarta-feira;08:10:00;DF;80;7;BRASILIA;Condutor deixou de manter dist�ncia do ve�culo da frente;Colis�o traseira;Com V�timas Feridas;Pleno dia;Crescente;C�u Claro;Simples;Aclive;N�o;2;0;1;0;1;0;1;2;-15,73145749;-48,14758301;SPRF-DF;DEL03-DF;UOP02-DEL03-DF;;;
688190;30/04/2025;quarta-feira;07:45:00;SC;470;7,7;NAVEGANTES;Manobra de mudan�a de faixa;Colis�o lateral mesmo sentido;Com V�timas Feridas;Pleno dia;Crescente;C�u Claro;Dupla;"Aclive;Reta";N�o;2;0;0;1;1;0;1;2;-26,84012826;-48,71660024;SPRF-SC;DEL04-SC;UOP04-DEL04-SC;;;
688191;19/04/2025;s�bado;19:45:00;MG;262;91,2;ABRE CAMPO;Velocidade Incompat�vel;Sa�da de leito carro��vel;Com V�timas Fatais;Plena Noite;Crescente;Nublado;Simples;Curva;N�o;4;3;0;1;0;0;1;1;-20,335003;-42,47161746;SPRF-MG;DEL03-MG;UOP03-DEL03-MG;;;
688192;30/04/2025;quarta-feira;06:45:00;SC;470;123,2;IBIRAMA;Transitar na contram�o;Colis�o frontal;Com V�timas Fatais;Amanhecer;Decrescente;Nublado;Simples;"Interse��o de Vias;Reta";Sim;4;2;0;0;2;0;0;2;-27,11013006;-49,52580929;SPRF-SC;DEL04-SC;UOP02-DEL04-SC;;;
688194;30/04/2025;quarta-feira;09:00:00;ES;101;280,8;SERRA;Afundamento ou ondula��o no pavimento;Tombamento;Com V�timas Feridas;Pleno dia;Decrescente;Nublado;Dupla;"Reta;Aclive";N�o;1;0;0;1;0;0;1;1;-20,22162017;-40,35751462;SPRF-ES;DEL02-ES;UOP01-DEL02-ES;;;
688196;30/04/2025;quarta-feira;08:40:00;RJ;116;177;RIO DE JANEIRO;Condutor deixou de manter dist�ncia do ve�culo da frente;Colis�o traseira;Com V�timas Feridas;Pleno dia;Decrescente;C�u Claro;Dupla;Reta;Sim;5;0;2;0;3;0;2;3;-22,81445;-43,3451877;SPRF-RJ;DEL06-RJ;UOP01-DEL06-RJ;;;
688197;30/04/2025;quarta-feira;08:50:00;RS;116;238;NOVO HAMBURGO;Acessar a via sem observar a presen�a dos outros ve�culos;Colis�o transversal;Com V�timas Feridas;Pleno dia;Crescente;C�u Claro;Simples;Interse��o de Vias;Sim;3;0;1;0;2;0;1;2;-29,6906439;-51,143737;SPRF-RS;DEL01-RS;UOP02-DEL01-RS;;;
688199;02/04/2025;quarta-feira;18:50:00;RJ;393;282;VOLTA REDONDA;Acessar a via sem observar a presen�a dos outros ve�culos;Colis�o transversal;Com V�timas Feridas;Pleno dia;Decrescente;C�u Claro;Simples;"Interse��o de Vias;Reta;Rotat�ria";N�o;2;0;1;0;1;0;1;2;-22,48175384;-44,06305963;SPRF-RJ;DEL05-RJ;UOP04-DEL05-RJ;;;
688201;30/04/2025;quarta-feira;07:30:00;MG;40;516,4;RIBEIRAO DAS NEVES;Rea��o tardia ou ineficiente do condutor;Colis�o traseira;Com V�timas Feridas;Pleno dia;Crescente;Nublado;Dupla;"Reta;Aclive";Sim;2;0;1;0;1;0;1;2;-19,8202506;-44,0873404;SPRF-MG;DEL01-MG;UOP02-DEL01-MG;;;
688202;30/04/2025;quarta-feira;05:40:00;RJ;101;331;RIO DE JANEIRO;Avarias e/ou desgaste excessivo no pneu;Tombamento;Com V�timas Feridas;Amanhecer;Crescente;Nublado;Dupla;Reta;Sim;1;0;1;0;0;0;1;1;-22,868901;-43,201168;SPRF-RJ;DEL02-RJ;UOP01-DEL02-RJ;;;
688204;30/04/2025;quarta-feira;07:20:00;PR;373;228;IMBITUVA;Acessar a via sem observar a presen�a dos outros ve�culos;Colis�o transversal;Com V�timas Feridas;Pleno dia;Crescente;C�u Claro;Simples;Reta;Sim;2;0;0;1;1;0;1;2;-25,178178;-50,651948;SPRF-PR;DEL03-PR;UOP01-DEL03-PR;;;
688205;30/04/2025;quarta-feira;07:45:00;AL;316;102,8;DOIS RIACHOS;Acesso irregular;Colis�o transversal;Com V�timas Feridas;Pleno dia;Crescente;C�u Claro;Simples;Reta;Sim;2;0;0;1;1;0;1;2;-9,389593;-37,089974;SPRF-AL;DEL03-AL;UOP01-DEL03-AL;;;
688206;30/04/2025;quarta-feira;07:50:00;PR;277;74;SAO JOSE DOS PINHAIS;Trafegar com motocicleta (ou similar) entre as faixas;Tombamento;Com V�timas Feridas;Pleno dia;Decrescente;C�u Claro;Dupla;Reta;N�o;2;0;1;0;0;1;1;2;-25,49494507;-49,16549055;SPRF-PR;DEL01-PR;UOP07-DEL01-PR;;;
688209;30/04/2025;quarta-feira;06:45:00;PR;277;184,4;PALMEIRA;Transitar na contram�o;Colis�o frontal;Com V�timas Feridas;Pleno dia;Crescente;Nublado;Simples;Reta;N�o;2;0;1;1;0;0;2;2;-25,44434516;-50,18172204;SPRF-PR;DEL08-PR;UOP02-DEL08-PR;;;
688210;30/04/2025;quarta-feira;08:50:00;PB;104;130,3;CAMPINA GRANDE;Aus�ncia de rea��o do condutor;Tombamento;Com V�timas Feridas;Pleno dia;Crescente;C�u Claro;Simples;"Reta;Em Obras;Desvio Tempor�rio";Sim;2;0;2;0;0;0;2;1;-7,279973;-35,88907;SPRF-PB;DEL02-PB;UOP01-DEL02-PB;;;
688211;18/04/2025;sexta-feira;07:38:00;SP;116;71;APARECIDA;Condutor deixou de manter dist�ncia do ve�culo da frente;Colis�o traseira;Com V�timas Feridas;Pleno dia;Decrescente;C�u Claro;Dupla;Reta;Sim;12;0;2;0;10;0;2;3;-22,85787686;-45,23244023;SPRF-SP;DEL08-SP;UOP01-DEL08-SP;;;
688213;30/04/2025;quarta-feira;09:35:00;MG;251;517,8;MONTES CLAROS;Aus�ncia de rea��o do condutor;Colis�o traseira;Com V�timas Feridas;Pleno dia;Decrescente;Sol;Simples;Reta;N�o;2;0;0;1;1;0;1;2;-16,66215;-43,76721;SPRF-MG;DEL12-MG;UOP01-DEL12-MG;;;
688214;30/04/2025;quarta-feira;08:30:00;RJ;493;17;GUAPIMIRIM;Rea��o tardia ou ineficiente do condutor;Colis�o traseira;Com V�timas Feridas;Pleno dia;Decrescente;C�u Claro;Simples;Reta;Sim;4;0;2;0;2;0;2;2;-22,66756107;-43,00632477;SPRF-RJ;DEL04-RJ;UOP02-DEL04-RJ;;;
688215;30/04/2025;quarta-feira;10:10:00;GO;153;437;ANAPOLIS;Condutor deixou de manter dist�ncia do ve�culo da frente;Colis�o traseira;Com V�timas Feridas;Pleno dia;Decrescente;C�u Claro;Dupla;"Desvio Tempor�rio;Reta;Em Obras;Aclive";Sim;1;0;1;0;0;0;1;1;-16,29778646;-48,92871738;SPRF-GO;DEL02-GO;UOP01-DEL02-GO;;;
688216;30/04/2025;quarta-feira;07:10:00;MA;10;249;IMPERATRIZ;Demais falhas na via;Colis�o com objeto;Com V�timas Feridas;Pleno dia;Crescente;C�u Claro;Dupla;Aclive;N�o;1;0;1;0;0;0;1;1;-5,4845926;-47,4588556;SPRF-MA;DEL04-MA;UOP01-DEL04-MA;;;
688218;30/04/2025;quarta-feira;08:00:00;DF;70;17,1;BRASILIA;Trafegar com motocicleta (ou similar) entre as faixas;Colis�o lateral mesmo sentido;Com V�timas Feridas;Pleno dia;Decrescente;C�u Claro;Dupla;"Reta;Aclive";Sim;2;0;1;0;1;0;1;2;-15,792237;-48,208587;SPRF-DF;DEL03-DF;UOP02-DEL03-DF;;;
688221;30/04/2025;quarta-feira;10:00:00;BA;324;626;SALVADOR;Avarias e/ou desgaste excessivo no pneu;Queda de ocupante de ve�culo;Com V�timas Feridas;Pleno dia;Crescente;Sol;Dupla;Reta;Sim;2;0;2;0;0;0;2;1;-12,96382693;-38,47691059;SPRF-BA;DEL01-BA;UOP01-DEL01-BA;;;
688229;30/04/2025;quarta-feira;10:50:00;BA;367;84;EUNAPOLIS;Condutor deixou de manter dist�ncia do ve�culo da frente;Colis�o traseira;Sem V�timas;Pleno dia;Crescente;Garoa/Chuvisco;Simples;Reta;N�o;2;0;0;0;2;0;0;2;-16,374395;-39,578477;SPRF-BA;DEL09-BA;UOP03-DEL09-BA;;;
688230;30/04/2025;quarta-feira;09:10:00;SC;101;40;JOINVILLE;Acessar a via sem observar a presen�a dos outros ve�culos;Colis�o lateral mesmo sentido;Com V�timas Feridas;Pleno dia;Decrescente;C�u Claro;Dupla;Curva;Sim;2;0;1;0;1;0;1;2;-26,31007357;-48,87743354;SPRF-SC;DEL03-SC;UOP01-DEL03-SC;;;
688232;30/04/2025;quarta-feira;11:10:00;PR;376;594,9;CURITIBA;Trafegar com motocicleta (ou similar) entre as faixas;Tombamento;Com V�timas Feridas;Pleno dia;Decrescente;C�u Claro;Dupla;Reta;Sim;2;0;1;1;0;0;2;1;-25,4610867;-49,3585041;SPRF-PR;DEL01-PR;UOP06-DEL01-PR;;;
688234;30/04/2025;quarta-feira;08:10:00;MT;163;834;SINOP;Retorno proibido;Colis�o transversal;Com V�timas Feridas;Pleno dia;Crescente;Chuva;Simples;"Em Obras;Reta";Sim;4;0;1;0;3;0;1;2;-11,86850586;-55,49708247;SPRF-MT;DEL06-MT;UOP02-DEL06-MT;;;
688237;30/04/2025;quarta-feira;11:00:00;PR;272;367,5;CAMPO MOURAO;Rea��o tardia ou ineficiente do condutor;Colis�o traseira;Com V�timas Feridas;Pleno dia;Crescente;C�u Claro;Dupla;Reta;Sim;2;0;1;0;1;0;1;2;-24,05156852;-52,40400195;SPRF-PR;DEL09-PR;UOP03-DEL09-PR;;;
688238;30/04/2025;quarta-feira;08:00:00;RO;364;424;JARU;Desrespeitar a prefer�ncia no cruzamento;Colis�o transversal;Com V�timas Feridas;Pleno dia;Crescente;C�u Claro;M�ltipla;"Reta;Interse��o de Vias";Sim;2;0;0;1;1;0;1;2;-10,43824697;-62,47040105;SPRF-RO;DEL03-RO;UOP02-DEL03-RO;;;
688239;24/03/2025;segunda-feira;13:35:00;PR;369;149;LONDRINA;Aus�ncia de rea��o do condutor;Colis�o traseira;Com V�timas Feridas;Pleno dia;Crescente;C�u Claro;Dupla;"Reta;Interse��o de Vias";Sim;2;0;1;0;0;1;1;2;-23,2930602;-51,15448348;SPRF-PR;DEL07-PR;UOP01-DEL07-PR;;;
688241;30/04/2025;quarta-feira;10:30:00;MT;163;707;SORRISO;Acessar a via sem observar a presen�a dos outros ve�culos;Colis�o transversal;Com V�timas Feridas;Pleno dia;Decrescente;C�u Claro;Simples;"Reta;Interse��o de Vias";N�o;3;0;1;1;1;0;2;2;-12,917702;-55,85476;SPRF-MT;DEL06-MT;UOP01-DEL06-MT;;;
688243;30/04/2025;quarta-feira;11:40:00;SP;101;52;UBATUBA;Rea��o tardia ou ineficiente do condutor;Colis�o traseira;Com V�timas Feridas;Pleno dia;Decrescente;C�u Claro;Simples;Rotat�ria;Sim;2;0;1;0;1;0;1;2;-23,46244377;-45,06467192;SPRF-SP;DEL06-SP;UOP01-DEL06-SP;;;
688244;25/04/2025;sexta-feira;03:15:00;PR;116;105;SAO JOSE DOS PINHAIS;Ingest�o de �lcool pelo condutor;Sa�da de leito carro��vel;Sem V�timas;Plena Noite;Crescente;Nublado;Dupla;Reta;N�o;1;0;0;0;0;1;0;1;-25,571546;-49,206745;SPRF-PR;DEL01-PR;UOP07-DEL01-PR;;;
688245;30/04/2025;quarta-feira;11:37:00;MS;376;15;DOURADOS;Condutor Dormindo;Colis�o lateral sentido oposto;Com V�timas Feridas;Pleno dia;Crescente;C�u Claro;Simples;Reta;N�o;5;0;1;0;4;0;1;2;-22,29608499;-54,60308075;SPRF-MS;DEL04-MS;UOP01-DEL04-MS;;;
688246;30/04/2025;quarta-feira;12:30:00;MG;40;639,1;CONSELHEIRO LAFAIETE;Condutor Dormindo;Sa�da de leito carro��vel;Com V�timas Feridas;Pleno dia;Crescente;Nublado;Simples;Reta;N�o;1;0;1;0;0;0;1;1;-20,72977565;-43,80054509;SPRF-MG;DEL05-MG;UOP02-DEL05-MG;;;
688250;30/04/2025;quarta-feira;12:00:00;RS;472;524;URUGUAIANA;Demais falhas mec�nicas ou el�tricas;Inc�ndio;Sem V�timas;Pleno dia;Crescente;C�u Claro;Simples;Reta;N�o;1;0;0;0;1;0;0;1;-29,49127994;-56,69130708;SPRF-RS;DEL13-RS;UOP01-DEL13-RS;;;
688254;30/04/2025;quarta-feira;13:10:00;RN;304;35;MOSSORO;Condutor deixou de manter dist�ncia do ve�culo da frente;Colis�o traseira;Com V�timas Feridas;Pleno dia;Decrescente;C�u Claro;Dupla;Rotat�ria;Sim;2;0;1;0;1;0;1;2;-5,0662076;-37,33057542;SPRF-RN;DEL04-RN;UOP02-DEL04-RN;;;
688256;30/04/2025;quarta-feira;13:20:00;PR;116;90,2;PIRAQUARA;Aus�ncia de rea��o do condutor;Sa�da de leito carro��vel;Com V�timas Feridas;Pleno dia;Decrescente;Sol;Dupla;Reta;N�o;2;0;0;1;1;0;1;1;-25,491856;-49,113491;SPRF-PR;DEL01-PR;UOP07-DEL01-PR;;;
688258;30/04/2025;quarta-feira;11:05:00;PE;232;414,4;SERRA TALHADA;Avarias e/ou desgaste excessivo no pneu;Capotamento;Com V�timas Feridas;Pleno dia;Crescente;C�u Claro;Simples;Reta;N�o;1;0;1;0;0;0;1;1;-7,99017988;-38,33293531;SPRF-PE;DEL04-PE;UOP01-DEL04-PE;;;
688261;30/04/2025;quarta-feira;09:30:00;MS;163;67;ITAQUIRAI;Rea��o tardia ou ineficiente do condutor;Sa�da de leito carro��vel;Sem V�timas;Pleno dia;Decrescente;C�u Claro;Simples;"Declive;Reta";N�o;2;0;0;0;2;0;0;1;-23,57686668;-54,19630909;SPRF-MS;DEL09-MS;UOP02-DEL09-MS;;;
688262;30/04/2025;quarta-feira;14:50:00;PB;101;85,6;BAYEUX;Condutor deixou de manter dist�ncia do ve�culo da frente;Colis�o lateral mesmo sentido;Com V�timas Feridas;Pleno dia;Crescente;C�u Claro;Dupla;Reta;Sim;3;0;2;0;1;0;2;2;-7,149068;-34,91255;SPRF-PB;DEL01-PB;UOP01-DEL01-PB;;;
688263;30/04/2025;quarta-feira;11:30:00;PI;343;248;CAMPO MAIOR;Convers�o proibida;Colis�o lateral mesmo sentido;Sem V�timas;Pleno dia;Crescente;C�u Claro;Simples;Reta;N�o;2;0;0;0;2;0;0;2;-4,85252735;-42,19688773;SPRF-PI;DEL01-PI;UOP03-DEL01-PI;;;
688266;30/04/2025;quarta-feira;13:00:00;MT;163;808;SINOP;Desrespeitar a prefer�ncia no cruzamento;Eventos at�picos;Sem V�timas;Pleno dia;Decrescente;C�u Claro;Simples;Reta;N�o;2;0;0;0;1;1;0;2;-12,09971061;-55,51779985;SPRF-MT;DEL06-MT;UOP02-DEL06-MT;;;
688267;30/04/2025;quarta-feira;15:30:00;RJ;101;71;CAMPOS DOS GOYTACAZES;Transitar na contram�o;Tombamento;Com V�timas Feridas;Pleno dia;Crescente;C�u Claro;Simples;Reta;Sim;1;0;0;1;0;0;1;1;-21,7909766;-41,3876418;SPRF-RJ;DEL08-RJ;UOP02-DEL08-RJ;;;
688268;30/04/2025;quarta-feira;13:45:00;RJ;116;172;SAO JOAO DE MERITI;Acessar a via sem observar a presen�a dos outros ve�culos;Colis�o transversal;Com V�timas Feridas;Pleno dia;Decrescente;Nublado;M�ltipla;Reta;Sim;2;0;0;1;1;0;1;2;-22,80087032;-43,35293055;SPRF-RJ;DEL06-RJ;UOP01-DEL06-RJ;;;
688271;30/04/2025;quarta-feira;15:25:00;PE;232;126;CARUARU;Acesso irregular;Colis�o transversal;Com V�timas Feridas;Pleno dia;Crescente;C�u Claro;Dupla;Reta;N�o;2;0;0;1;1;0;1;2;-8,30767478;-35,9567186;SPRF-PE;DEL02-PE;UOP01-DEL02-PE;;;