id;data_inversa;dia_semana;horario;uf;br;km;municipio;causa_acidente;tipo_acidente;classificacao_acidente;fase_dia;sentido_via;condicao_metereologica;tipo_pista;tracado_via;uso_solo;pessoas;mortos;feridos_leves;feridos_graves;ilesos;ignorados;feridos;veiculos;latitude;longitude;regional;delegacia;uop;;;
688272;30/04/2025;quarta-feira;16:05:00;PB;101;87,1;JOAO PESSOA;Rea��o tardia ou ineficiente do condutor;Queda de ocupante de ve�culo;Com V�timas Feridas;Pleno dia;Decrescente;C�u Claro;Dupla;Reta;Sim;2;0;2;0;0;0;2;1;-7,152253;-34,90877;SPRF-PB;DEL01-PB;UOP01-DEL01-PB;;;
688273;30/04/2025;quarta-feira;15:10:00;PE;101;70;RECIFE;Manobra de mudan�a de faixa;Colis�o lateral mesmo sentido;Com V�timas Feridas;Pleno dia;Crescente;C�u Claro;Dupla;Viaduto;Sim;2;0;1;0;1;0;1;2;-8,07523;-34,94265;SPRF-PE;DEL01-PE;UOP01-DEL01-PE;;;
688274;30/04/2025;quarta-feira;15:00:00;RO;319;59;PORTO VELHO;Pedestre andava na pista;Atropelamento de Pedestre;Com V�timas Feridas;Pleno dia;Decrescente;Chuva;Dupla;Reta;Sim;2;0;2;0;0;0;2;2;-8,7427187;-63,9063542;SPRF-RO;DEL01-RO;UOP01-DEL01-RO;;;
688276;30/04/2025;quarta-feira;16:15:00;ES;101;280;SERRA;Manobra de mudan�a de faixa;Colis�o lateral mesmo sentido;Com V�timas Feridas;Pleno dia;Decrescente;Nublado;Dupla;Reta;N�o;2;0;1;0;1;0;1;2;-20,217756;-40,352636;SPRF-ES;DEL02-ES;UOP01-DEL02-ES;;;
688277;30/04/2025;quarta-feira;16:20:00;RS;290;144;ELDORADO DO SUL;Acessar a via sem observar a presen�a dos outros ve�culos;Colis�o transversal;Com V�timas Feridas;Pleno dia;Crescente;C�u Claro;Simples;"Reta;Interse��o de Vias";N�o;3;0;1;0;2;0;1;2;-30,0908871;-51,63130903;SPRF-RS;DEL02-RS;UOP01-DEL02-RS;;;
688278;30/04/2025;quarta-feira;14:20:00;PE;101;77;RECIFE;Condutor deixou de manter dist�ncia do ve�culo da frente;Colis�o traseira;Com V�timas Feridas;Pleno dia;Crescente;C�u Claro;Dupla;Reta;Sim;3;0;1;0;2;0;1;3;-8,130863;-34,94505;SPRF-PE;DEL01-PE;UOP01-DEL01-PE;;;
688280;30/04/2025;quarta-feira;17:02:00;DF;20;6,6;BRASILIA;Manobra de mudan�a de faixa;Colis�o lateral mesmo sentido;Com V�timas Feridas;Pleno dia;Crescente;C�u Claro;Dupla;"Retorno Regulamentado;Aclive";Sim;2;0;1;0;1;0;1;2;-15,6626054;-47,8023338;SPRF-DF;DEL02-DF;UOP01-DEL02-DF;;;
688281;30/04/2025;quarta-feira;14:49:00;RJ;40;117;DUQUE DE CAXIAS;Trafegar com motocicleta (ou similar) entre as faixas;Tombamento;Com V�timas Feridas;Pleno dia;Crescente;C�u Claro;Dupla;Reta;Sim;2;0;1;0;0;1;1;2;-22,74275;-43,28815;SPRF-RJ;DEL01-RJ;UOP02-DEL01-RJ;;;
688282;30/04/2025;quarta-feira;16:15:00;SP;116;146,8;SAO JOSE DOS CAMPOS;Entrada inopinada do pedestre;Atropelamento de Pedestre;Com V�timas Feridas;Pleno dia;Decrescente;C�u Claro;Dupla;Reta;Sim;2;0;0;1;1;0;1;2;-23,19496025;-45,870646;SPRF-SP;DEL02-SP;UOP01-DEL02-SP;;;
688283;30/04/2025;quarta-feira;17:00:00;ES;101;295,2;CARIACICA;Manobra de mudan�a de faixa;Colis�o lateral mesmo sentido;Com V�timas Feridas;Anoitecer;Crescente;Nublado;M�ltipla;Reta;Sim;2;0;1;0;1;0;1;2;-20,3341961;-40,4015379;SPRF-ES;DEL01-ES;UOP01-DEL01-ES;;;
688284;30/04/2025;quarta-feira;12:12:00;MT;163;1038;MATUPA;Ultrapassagem Indevida;Colis�o transversal;Com V�timas Feridas;Pleno dia;Crescente;C�u Claro;Simples;"Em Obras;Interse��o de Vias";Sim;2;0;0;1;1;0;1;2;-10,185527;-54,945727;SPRF-MT;DEL06-MT;UOP03-DEL06-MT;;;
688285;30/04/2025;quarta-feira;15:23:00;GO;0;0;GOIANIA;Velocidade Incompat�vel;Colis�o transversal;Com V�timas Feridas;Pleno dia;N�o Informado;C�u Claro;Dupla;"Retorno Regulamentado;Curva";Sim;4;0;1;0;3;0;1;2;-16,6645;-49,3254;SPRF-GO;DEL01-GO;UOP02-DEL01-GO;;;
688286;30/04/2025;quarta-feira;17:00:00;SP;381;33;ATIBAIA;Manobra de mudan�a de faixa;Capotamento;Com V�timas Feridas;Pleno dia;Crescente;Nublado;Dupla;"Reta;Declive";Sim;1;0;1;0;0;0;1;1;-23,0873914;-46,57135838;SPRF-SP;DEL03-SP;UOP02-DEL03-SP;;;
688288;30/04/2025;quarta-feira;16:00:00;SC;101;344,1;TUBARAO;Rea��o tardia ou ineficiente do condutor;Colis�o lateral mesmo sentido;Sem V�timas;Pleno dia;Crescente;Sol;M�ltipla;Reta;N�o;4;0;0;0;4;0;0;2;-28,55254157;-49,0541482;SPRF-SC;DEL02-SC;UOP01-DEL02-SC;;;
688292;30/04/2025;quarta-feira;15:35:00;RJ;465;14;SEROPEDICA;Pedestre cruzava a pista fora da faixa;Atropelamento de Pedestre;Com V�timas Feridas;Pleno dia;Crescente;C�u Claro;Simples;Reta;Sim;2;0;1;0;1;0;1;2;-22,80899817;-43,63391273;SPRF-RJ;DEL06-RJ;UOP02-DEL06-RJ;;;
688294;30/04/2025;quarta-feira;12:15:00;RO;364;424,8;JARU;Desrespeitar a prefer�ncia no cruzamento;Colis�o transversal;Com V�timas Feridas;Pleno dia;Crescente;C�u Claro;M�ltipla;"Reta;Interse��o de Vias";Sim;2;0;1;0;1;0;1;2;-10,43824697;-62,47052979;SPRF-RO;DEL03-RO;UOP02-DEL03-RO;;;
688295;30/04/2025;quarta-feira;17:30:00;SC;101;214,2;PALHOCA;Manobra de mudan�a de faixa;Colis�o lateral mesmo sentido;Com V�timas Feridas;Anoitecer;Crescente;C�u Claro;M�ltipla;Reta;Sim;2;0;2;0;0;0;2;2;-27,64995184;-48,6745712;SPRF-SC;DEL01-SC;UOP02-DEL01-SC;;;
688300;30/04/2025;quarta-feira;10:30:00;RJ;116;177;BELFORD ROXO;Aus�ncia de rea��o do condutor;Colis�o traseira;Com V�timas Feridas;Pleno dia;Decrescente;C�u Claro;Dupla;Reta;Sim;2;0;1;0;1;0;1;2;-22,77449796;-43,40135448;SPRF-RJ;DEL06-RJ;UOP01-DEL06-RJ;;;
688301;30/04/2025;quarta-feira;14:50:00;BA;324;622;SALVADOR;Demais falhas mec�nicas ou el�tricas;Queda de ocupante de ve�culo;Com V�timas Feridas;Pleno dia;Decrescente;C�u Claro;M�ltipla;Reta;Sim;2;0;2;0;0;0;2;1;-12,92852707;-38,46856356;SPRF-BA;DEL01-BA;UOP01-DEL01-BA;;;
688303;30/04/2025;quarta-feira;17:45:00;PR;116;126;FAZENDA RIO GRANDE;Trafegar com motocicleta (ou similar) entre as faixas;Colis�o traseira;Com V�timas Feridas;Anoitecer;Decrescente;C�u Claro;Dupla;Reta;Sim;2;0;1;0;1;0;1;2;-25,6424779;-49,3128379;SPRF-PR;DEL01-PR;UOP03-DEL01-PR;;;
688306;30/04/2025;quarta-feira;17:45:00;PB;230;12,1;CABEDELO;Acesso irregular;Colis�o transversal;Com V�timas Feridas;Plena Noite;Decrescente;C�u Claro;Dupla;"Reta;Retorno Regulamentado";Sim;4;0;2;0;2;0;2;2;-7,07295639;-34,84951168;SPRF-PB;DEL01-PB;UOP01-DEL01-PB;;;
688308;30/04/2025;quarta-feira;17:20:00;MS;163;1;MUNDO NOVO;Demais falhas mec�nicas ou el�tricas;Tombamento;Com V�timas Feridas;Anoitecer;Crescente;C�u Claro;Simples;Reta;N�o;1;0;0;1;0;0;1;1;-24,03008963;-54,28738546;SPRF-MS;DEL09-MS;UOP02-DEL09-MS;;;
688309;30/04/2025;quarta-feira;16:00:00;RN;405;31;GOVERNADOR DIX-SEPT ROSADO;Velocidade Incompat�vel;Sa�da de leito carro��vel;Com V�timas Feridas;Pleno dia;Decrescente;Sol;Simples;Reta;N�o;1;0;0;1;0;0;1;1;-5,325437;-37,577625;SPRF-RN;DEL04-RN;UOP02-DEL04-RN;;;
688311;30/04/2025;quarta-feira;17:30:00;CE;116;1;FORTALEZA;Manobra de mudan�a de faixa;Colis�o lateral mesmo sentido;Com V�timas Feridas;Anoitecer;Crescente;C�u Claro;M�ltipla;Reta;Sim;2;0;1;0;1;0;1;2;-3,7730728;-38,5166515;SPRF-CE;DEL01-CE;UOP02-DEL01-CE;;;
688312;30/04/2025;quarta-feira;17:50:00;PE;104;64,4;CARUARU;Aus�ncia de rea��o do condutor;Colis�o lateral mesmo sentido;Com V�timas Feridas;Plena Noite;Decrescente;C�u Claro;Dupla;Reta;Sim;2;0;1;0;1;0;1;2;-8,27256;-35,9821;SPRF-PE;DEL02-PE;UOP01-DEL02-PE;;;
688313;30/04/2025;quarta-feira;18:30:00;AL;101;178,4;TEOTONIO VILELA;Rea��o tardia ou ineficiente do condutor;Sa�da de leito carro��vel;Com V�timas Feridas;Plena Noite;Decrescente;C�u Claro;Dupla;Curva;N�o;1;0;1;0;0;0;1;1;-9,88734888;-36,3864398;SPRF-AL;DEL02-AL;UOP02-DEL02-AL;;;
688314;30/04/2025;quarta-feira;18:25:00;RN;101;104;PARNAMIRIM;Aus�ncia de rea��o do condutor;Colis�o traseira;Sem V�timas;Plena Noite;Decrescente;C�u Claro;M�ltipla;Reta;Sim;3;0;0;0;3;0;0;3;-5,89112931;-35,25348455;SPRF-RN;DEL01-RN;UOP01-DEL01-RN;;;
688315;30/04/2025;quarta-feira;17:48:00;PE;407;127;PETROLINA;Transitar no Acostamento;Colis�o transversal;Com V�timas Feridas;Anoitecer;Decrescente;C�u Claro;Simples;Interse��o de Vias;Sim;2;0;1;0;1;0;1;2;-9,393368;-40,513492;SPRF-PE;DEL06-PE;UOP01-DEL06-PE;;;
688316;30/04/2025;quarta-feira;18:20:00;RN;101;103,6;PARNAMIRIM;Condutor deixou de manter dist�ncia do ve�culo da frente;Colis�o traseira;Com V�timas Feridas;Plena Noite;Decrescente;C�u Claro;M�ltipla;Reta;Sim;2;0;1;0;1;0;1;2;-5,891072;-35,253227;SPRF-RN;DEL01-RN;UOP01-DEL01-RN;;;
688317;30/04/2025;quarta-feira;18:25:00;PB;230;59,5;CRUZ DO ESPIRITO SANTO;Ingest�o de �lcool pelo condutor;Colis�o transversal;Com V�timas Feridas;Plena Noite;Crescente;C�u Claro;Dupla;Reta;N�o;2;0;1;0;1;0;1;2;-7,2038934;-35,12579083;SPRF-PB;DEL01-PB;UOP02-DEL01-PB;;;
688319;30/04/2025;quarta-feira;18:50:00;PR;376;3,5;MANDAGUARI;Acessar a via sem observar a presen�a dos outros ve�culos;Colis�o frontal;Com V�timas Feridas;Plena Noite;Decrescente;C�u Claro;Simples;"Interse��o de Vias;Rotat�ria";Sim;3;0;0;2;1;0;2;2;-23,51686302;-51,68734789;SPRF-PR;DEL09-PR;UOP01-DEL09-PR;;;
688321;30/04/2025;quarta-feira;17:30:00;RJ;40;111;DUQUE DE CAXIAS;Manobra de mudan�a de faixa;Colis�o lateral mesmo sentido;Com V�timas Feridas;Anoitecer;Decrescente;C�u Claro;M�ltipla;"Reta;Declive";Sim;2;0;0;1;1;0;1;2;-22,69785;-43,2892;SPRF-RJ;DEL01-RJ;UOP02-DEL01-RJ;;;
688323;30/04/2025;quarta-feira;17:40:00;RS;285;402,9;SANTA BARBARA DO SUL;Aus�ncia de rea��o do condutor;Colis�o traseira;Com V�timas Feridas;Pleno dia;Crescente;C�u Claro;Simples;"Reta;Aclive";N�o;2;0;1;0;1;0;1;2;-28,383796;-53,352512;SPRF-RS;DEL10-RS;UOP02-DEL10-RS;;;
688327;30/04/2025;quarta-feira;18:55:00;SP;116;212;GUARULHOS;Rea��o tardia ou ineficiente do condutor;Colis�o traseira;Com V�timas Feridas;Plena Noite;Decrescente;Nublado;M�ltipla;Reta;Sim;3;0;2;0;1;0;2;3;-23,43868401;-46,43079758;SPRF-SP;DEL01-SP;UOP01-DEL01-SP;;;
688328;30/04/2025;quarta-feira;17:38:00;RJ;465;19;PARACAMBI;Rea��o tardia ou ineficiente do condutor;Colis�o traseira;Com V�timas Feridas;Pleno dia;Decrescente;C�u Claro;Simples;Reta;Sim;2;0;1;0;1;0;1;2;-22,68371708;-43,81416321;SPRF-RJ;DEL06-RJ;UOP02-DEL06-RJ;;;
688329;30/04/2025;quarta-feira;17:30:00;MG;381;448;SANTA LUZIA;Condutor deixou de manter dist�ncia do ve�culo da frente;Colis�o traseira;Sem V�timas;Plena Noite;Crescente;Nublado;Simples;Curva;N�o;2;0;0;0;1;1;0;2;-19,82483183;-43,8200401;SPRF-MG;DEL01-MG;UOP01-DEL01-MG;;;
688331;21/04/2025;segunda-feira;21:20:00;BA;324;471,9;TANQUINHO;Demais falhas mec�nicas ou el�tricas;Inc�ndio;Sem V�timas;Plena Noite;Crescente;C�u Claro;Simples;Reta;N�o;1;0;0;0;1;0;0;1;-11,962936;-39,148363;SPRF-BA;DEL02-BA;UOP01-DEL02-BA;;;
688333;30/04/2025;quarta-feira;19:20:00;SP;116;144,5;SAO JOSE DOS CAMPOS;Condutor deixou de manter dist�ncia do ve�culo da frente;Colis�o traseira;Com V�timas Feridas;Plena Noite;Decrescente;Nublado;M�ltipla;"Reta;Declive";Sim;3;0;2;0;1;0;2;2;-23,18498014;-45,85095338;SPRF-SP;DEL02-SP;UOP01-DEL02-SP;;;
688334;30/04/2025;quarta-feira;18:20:00;MS;163;486,5;CAMPO GRANDE;Aus�ncia de rea��o do condutor;Atropelamento de Pedestre;Com V�timas Feridas;Pleno dia;Decrescente;C�u Claro;Simples;Reta;N�o;2;0;1;1;0;0;2;2;-20,42792224;-54,54497186;SPRF-MS;DEL01-MS;UOP02-DEL01-MS;;;
688336;30/04/2025;quarta-feira;18:40:00;RS;472;574;URUGUAIANA;Desrespeitar a prefer�ncia no cruzamento;Colis�o transversal;Sem V�timas;Plena Noite;Crescente;C�u Claro;Simples;Rotat�ria;Sim;2;0;0;0;2;0;0;2;-29,76351169;-57,05178416;SPRF-RS;DEL13-RS;UOP01-DEL13-RS;;;
688337;30/04/2025;quarta-feira;17:50:00;SC;282;659,2;SAO MIGUEL DO OESTE;Aus�ncia de rea��o do condutor;Sa�da de leito carro��vel;Com V�timas Feridas;Anoitecer;Crescente;C�u Claro;Simples;Curva;N�o;2;0;2;0;0;0;2;1;-26,6760311;-53,56324196;SPRF-SC;DEL07-SC;UOP03-DEL07-SC;;;
688339;30/04/2025;quarta-feira;19:15:00;PR;376;102;PARANAVAI;Entrada inopinada do pedestre;Atropelamento de Pedestre;Com V�timas Feridas;Plena Noite;Crescente;C�u Claro;Dupla;"Reta;Viaduto";N�o;2;0;0;1;0;1;1;2;-23,04019079;-52,47484295;SPRF-PR;DEL09-PR;UOP02-DEL09-PR;;;
688340;30/04/2025;quarta-feira;16:00:00;MT;163;872,7;SINOP;Demais falhas mec�nicas ou el�tricas;Sa�da de leito carro��vel;Com V�timas Feridas;Anoitecer;Decrescente;C�u Claro;Simples;Reta;N�o;2;0;2;0;0;0;2;1;-11,542662;-55,394788;SPRF-MT;DEL06-MT;UOP02-DEL06-MT;;;
688341;30/04/2025;quarta-feira;19:30:00;PR;376;213,9;MANDAGUARI;Aus�ncia de rea��o do condutor;Sa�da de leito carro��vel;Com V�timas Feridas;Plena Noite;Decrescente;C�u Claro;Dupla;Reta;N�o;1;0;1;0;0;0;1;1;-23,57398275;-51,65359346;SPRF-PR;DEL09-PR;UOP01-DEL09-PR;;;
688342;30/04/2025;quarta-feira;19:00:00;BA;349;931;CORRENTINA;Condutor deixou de manter dist�ncia do ve�culo da frente;Colis�o traseira;Com V�timas Feridas;Plena Noite;Crescente;Chuva;Simples;Reta;Sim;3;0;1;0;2;0;1;3;-13,35955857;-44,64431763;SPRF-BA;DEL10-BA;UOP02-DEL10-BA;;;
688343;30/04/2025;quarta-feira;18:25:00;SC;282;568;NOVA ERECHIM;Acessar a via sem observar a presen�a dos outros ve�culos;Colis�o frontal;Com V�timas Feridas;Plena Noite;Decrescente;C�u Claro;Simples;Rotat�ria;Sim;2;0;0;1;1;0;1;2;-26,90514924;-52,90303666;SPRF-SC;DEL07-SC;UOP02-DEL07-SC;;;
688344;30/04/2025;quarta-feira;19:25:00;SP;153;60,8;SAO JOSE DO RIO PRETO;Acessar a via sem observar a presen�a dos outros ve�culos;Colis�o lateral mesmo sentido;Com V�timas Feridas;Plena Noite;Decrescente;C�u Claro;Dupla;"Reta;Aclive;Interse��o de Vias";N�o;2;0;1;0;1;0;1;2;-20,79979899;-49,35513458;SPRF-SP;DEL09-SP;UOP01-DEL09-SP;;;
688347;30/04/2025;quarta-feira;19:15:00;SC;101;87;BARRA VELHA;Aus�ncia de rea��o do condutor;Colis�o transversal;Com V�timas Feridas;Plena Noite;Crescente;C�u Claro;M�ltipla;Reta;Sim;2;0;1;0;1;0;1;2;-26,64372318;-48,68876545;SPRF-SC;DEL03-SC;UOP02-DEL03-SC;;;
688348;30/04/2025;quarta-feira;17:20:00;PR;153;335,1;IRATI;Acesso irregular;Colis�o frontal;Com V�timas Feridas;Pleno dia;Decrescente;C�u Claro;Simples;Reta;Sim;2;0;1;0;1;0;1;2;-25,49551205;-50,64734817;SPRF-PR;DEL08-PR;UOP02-DEL08-PR;;;
688349;30/04/2025;quarta-feira;20:10:00;SP;116;227;SAO PAULO;Rea��o tardia ou ineficiente do condutor;Tombamento;Com V�timas Feridas;Plena Noite;Crescente;Ignorado;Dupla;Reta;Sim;1;0;1;0;0;0;1;1;-23,50259662;-46,56597789;SPRF-SP;DEL01-SP;UOP01-DEL01-SP;;;
688350;30/04/2025;quarta-feira;19:20:00;SC;101;210,9;SAO JOSE;Condutor deixou de manter dist�ncia do ve�culo da frente;Colis�o traseira;Com V�timas Feridas;Plena Noite;Decrescente;C�u Claro;M�ltipla;Reta;N�o;2;0;1;0;1;0;1;2;-27,62331002;-48,6522123;SPRF-SC;DEL01-SC;UOP01-DEL01-SC;;;
688352;30/04/2025;quarta-feira;20:30:00;RS;386;439;CANOAS;Rea��o tardia ou ineficiente do condutor;Inc�ndio;Sem V�timas;Plena Noite;Decrescente;C�u Claro;Simples;Reta;N�o;1;0;0;0;1;0;0;1;-29,88186708;-51,23949945;SPRF-RS;DEL04-RS;UOP02-DEL04-RS;;;
688353;30/04/2025;quarta-feira;20:40:00;RJ;101;261,5;RIO BONITO;Manobra de mudan�a de faixa;Colis�o lateral mesmo sentido;Com V�timas Feridas;Plena Noite;Decrescente;C�u Claro;Dupla;"Curva;Aclive;Interse��o de Vias";Sim;3;0;1;0;2;0;1;2;-22,71631356;-42,62190708;SPRF-RJ;DEL02-RJ;UOP03-DEL02-RJ;;;
688355;30/04/2025;quarta-feira;19:52:00;MS;163;84,4;ITAQUIRAI;Rea��o tardia ou ineficiente do condutor;Sa�da de leito carro��vel;Com V�timas Feridas;Plena Noite;Crescente;C�u Claro;Simples;Reta;N�o;2;0;1;1;0;0;2;1;-23,420535;-54,207433;SPRF-MS;DEL09-MS;UOP01-DEL09-MS;;;
688356;30/04/2025;quarta-feira;20:55:00;PR;376;598;CURITIBA;Pedestre cruzava a pista fora da faixa;Atropelamento de Pedestre;Com V�timas Feridas;Plena Noite;Decrescente;C�u Claro;Dupla;Reta;Sim;4;0;0;1;3;0;1;2;-25,49231294;-49,34411494;SPRF-PR;DEL01-PR;UOP06-DEL01-PR;;;
688359;30/04/2025;quarta-feira;20:15:00;PR;153;68;CONSELHEIRO MAIRINCK;Desrespeitar a prefer�ncia no cruzamento;Colis�o transversal;Com V�timas Feridas;Plena Noite;Crescente;C�u Claro;Simples;Interse��o de Vias;N�o;6;0;1;0;5;0;1;2;-23,51077972;-50,11265194;SPRF-PR;DEL07-PR;UOP04-DEL07-PR;;;
688360;30/04/2025;quarta-feira;19:00:00;PI;316;32;DEMERVAL LOBAO;Acesso irregular;Colis�o frontal;Com V�timas Feridas;Pleno dia;Crescente;C�u Claro;M�ltipla;Reta;Sim;2;0;1;0;1;0;1;2;-5,36980501;-42,67261148;SPRF-PI;DEL01-PI;UOP02-DEL01-PI;;;
688361;30/04/2025;quarta-feira;18:25:00;SC;282;194;LAGES;Acessar a via sem observar a presen�a dos outros ve�culos;Colis�o transversal;Com V�timas Feridas;Plena Noite;Decrescente;C�u Claro;Simples;Reta;N�o;3;0;1;1;1;0;2;2;-27,74456058;-50,07863872;SPRF-SC;DEL05-SC;UOP01-DEL05-SC;;;
688362;30/04/2025;quarta-feira;18:55:00;BA;101;878;TEIXEIRA DE FREITAS;Acesso irregular;Colis�o transversal;Com V�timas Feridas;Plena Noite;Decrescente;Nublado;Simples;"Reta;Interse��o de Vias";Sim;3;0;1;0;2;0;1;2;-17,54945919;-39,72074658;SPRF-BA;DEL09-BA;UOP02-DEL09-BA;;;
688363;30/04/2025;quarta-feira;19:10:00;RJ;116;184;NOVA IGUACU;Aus�ncia de rea��o do condutor;Colis�o traseira;Com V�timas Feridas;Plena Noite;Crescente;Nublado;M�ltipla;Reta;Sim;3;0;2;0;1;0;2;2;-22,74125555;-43,49975936;SPRF-RJ;DEL06-RJ;UOP01-DEL06-RJ;;;
688366;30/04/2025;quarta-feira;21:15:00;SC;101;136,7;BALNEARIO CAMBORIU;Manobra de mudan�a de faixa;Colis�o lateral mesmo sentido;Com V�timas Feridas;Plena Noite;Crescente;C�u Claro;M�ltipla;"Reta;Interse��o de Vias";Sim;2;0;0;1;1;0;1;2;-27,01217;-48,61378;SPRF-SC;DEL04-SC;UOP03-DEL04-SC;;;
688368;30/04/2025;quarta-feira;20:30:00;SC;163;70,8;SAO MIGUEL DO OESTE;Convers�o proibida;Colis�o transversal;Com V�timas Feridas;Plena Noite;Decrescente;C�u Claro;Dupla;Reta;Sim;2;0;1;0;1;0;1;2;-26,73024577;-53,51119487;SPRF-SC;DEL07-SC;UOP03-DEL07-SC;;;
688369;30/04/2025;quarta-feira;20:30:00;PR;376;388;IMBAU;Rea��o tardia ou ineficiente do condutor;Colis�o com objeto;Com V�timas Feridas;Plena Noite;Decrescente;C�u Claro;Dupla;"Reta;Aclive";N�o;1;0;1;0;0;0;1;1;-24,46322492;-50,74973345;SPRF-PR;DEL03-PR;UOP02-DEL03-PR;;;
688371;30/04/2025;quarta-feira;14:30:00;RO;174;15;VILHENA;Aus�ncia de rea��o do condutor;Colis�o transversal;Com V�timas Feridas;Pleno dia;Crescente;C�u Claro;Simples;Interse��o de Vias;Sim;2;0;1;0;1;0;1;2;-12,8330423;-60,0746192;SPRF-RO;DEL04-RO;UOP01-DEL04-RO;;;
688372;30/04/2025;quarta-feira;18:45:00;BA;330;819,8;JITAUNA;Entrada inopinada do pedestre;Atropelamento de Pedestre;Com V�timas Fatais;Plena Noite;Crescente;Garoa/Chuvisco;Simples;Reta;N�o;2;1;0;0;0;1;0;2;-14,013288;-39,849524;SPRF-BA;DEL03-BA;UOP01-DEL03-BA;;;
688375;13/04/2025;domingo;00:50:00;BA;116;779;PLANALTO;Ingest�o de �lcool pelo condutor;Colis�o com objeto;Sem V�timas;Plena Noite;Decrescente;Nublado;Simples;Reta;Sim;1;0;0;0;0;1;0;1;-14,6748;-40,4961;SPRF-BA;DEL08-BA;UOP02-DEL08-BA;;;
688377;30/04/2025;quarta-feira;17:50:00;PR;369;505,3;CASCAVEL;Acessar a via sem observar a presen�a dos outros ve�culos;Colis�o transversal;Com V�timas Feridas;Anoitecer;Decrescente;C�u Claro;Simples;Interse��o de Vias;Sim;2;0;0;1;1;0;1;2;-24,95982763;-53,39882255;SPRF-PR;DEL04-PR;UOP01-DEL04-PR;;;
688378;30/04/2025;quarta-feira;12:55:00;CE;116;375;ICO;Desrespeitar a prefer�ncia no cruzamento;Colis�o transversal;Com V�timas Feridas;Pleno dia;Crescente;C�u Claro;Simples;"Interse��o de Vias;Rotat�ria";Sim;2;0;1;0;1;0;1;2;-6,405314;-38,845581;SPRF-CE;DEL05-CE;UOP01-DEL05-CE;;;
688380;30/04/2025;quarta-feira;22:00:00;SC;282;23,6;SANTO AMARO DA IMPERATRIZ;Ultrapassagem Indevida;Colis�o lateral mesmo sentido;Com V�timas Feridas;Plena Noite;Decrescente;C�u Claro;Simples;Reta;Sim;2;0;1;0;1;0;1;2;-27,68545151;-48,74210922;SPRF-SC;DEL01-SC;UOP03-DEL01-SC;;;
688381;30/04/2025;quarta-feira;22:05:00;RN;101;98;NATAL;Aus�ncia de rea��o do condutor;Colis�o traseira;Com V�timas Feridas;Plena Noite;Crescente;C�u Claro;M�ltipla;"Reta;Interse��o de Vias";Sim;2;0;1;0;1;0;1;2;-5,86172297;-35,21493363;SPRF-RN;DEL01-RN;UOP01-DEL01-RN;;;
688383;19/04/2025;s�bado;10:00:00;MG;50;14;ARAGUARI;Problema com o freio;Colis�o com objeto;Com V�timas Feridas;Pleno dia;Crescente;C�u Claro;Dupla;Reta;N�o;7;0;1;0;6;0;1;2;-18,539344;-48,046841;SPRF-MG;DEL15-MG;UOP02-DEL15-MG;;;
688384;30/04/2025;quarta-feira;20:10:00;RS;392;326;SAO SEPE;Entrada inopinada do pedestre;Atropelamento de Pedestre;Com V�timas Feridas;Plena Noite;Decrescente;C�u Claro;Simples;Reta;N�o;2;0;0;1;0;1;1;2;-29,938029;-53,711252;SPRF-RS;DEL09-RS;UOP01-DEL09-RS;;;
688386;30/04/2025;quarta-feira;23:20:00;MG;40;522;CONTAGEM;Acumulo de areia ou detritos sobre o pavimento;Tombamento;Com V�timas Feridas;Plena Noite;Crescente;Nublado;Dupla;Reta;Sim;1;0;1;0;0;0;1;1;-19,87232001;-44,0568924;SPRF-MG;DEL01-MG;UOP02-DEL01-MG;;;
688387;30/04/2025;quarta-feira;19:00:00;RJ;116;171;RIO DE JANEIRO;Manobra de mudan�a de faixa;Colis�o lateral mesmo sentido;Com V�timas Feridas;Plena Noite;Crescente;C�u Claro;Dupla;Reta;Sim;2;0;1;0;1;0;1;2;-22,81548222;-43,32621424;SPRF-RJ;DEL06-RJ;UOP01-DEL06-RJ;;;
688390;30/04/2025;quarta-feira;21:55:00;RJ;101;331;NITEROI;Avarias e/ou desgaste excessivo no pneu;Queda de ocupante de ve�culo;Com V�timas Feridas;Plena Noite;Decrescente;C�u Claro;M�ltipla;Reta;N�o;2;0;1;0;1;0;1;1;-22,87079766;-43,17111969;SPRF-RJ;DEL02-RJ;UOP01-DEL02-RJ;;;
688391;30/04/2025;quarta-feira;18:30:00;RO;435;91;COLORADO DO OESTE;Velocidade Incompat�vel;Colis�o traseira;Com V�timas Feridas;Plena Noite;Decrescente;C�u Claro;Simples;"Declive;Reta";N�o;2;0;0;2;0;0;2;2;-13,17394136;-60,54461718;SPRF-RO;DEL04-RO;UOP02-DEL04-RO;;;
688392;01/05/2025;quinta-feira;00:13:00;DF;60;27,8;BRASILIA;Aus�ncia de rea��o do condutor;Tombamento;Com V�timas Feridas;Plena Noite;Crescente;C�u Claro;Dupla;Reta;N�o;1;0;1;0;0;0;1;1;-16,019549;-48,25025;SPRF-DF;DEL03-DF;UOP01-DEL03-DF;;;
688393;01/05/2025;quinta-feira;00:25:00;SC;101;150,5;ITAPEMA;Aus�ncia de rea��o do condutor;Sa�da de leito carro��vel;Com V�timas Feridas;Plena Noite;Crescente;C�u Claro;M�ltipla;Curva;Sim;1;0;1;0;0;0;1;1;-27,12072971;-48,60955445;SPRF-SC;DEL04-SC;UOP03-DEL04-SC;;;