id;data_inversa;dia_semana;horario;uf;br;km;municipio;causa_acidente;tipo_acidente;classificacao_acidente;fase_dia;sentido_via;condicao_metereologica;tipo_pista;tracado_via;uso_solo;pessoas;mortos;feridos_leves;feridos_graves;ilesos;ignorados;feridos;veiculos;latitude;longitude;regional;delegacia;uop;;;
688394;30/04/2025;quarta-feira;23:56:00;TO;242;381;GURUPI;Transitar na contram�o;Colis�o frontal;Com V�timas Feridas;Plena Noite;Decrescente;C�u Claro;Simples;Reta;N�o;4;0;3;0;1;0;3;3;-11,78365552;-49,01184071;SPRF-TO;DEL01-TO;UOP02-DEL01-TO;;;
688395;01/05/2025;quinta-feira;00:20:00;MG;40;547;NOVA LIMA;Condutor Dormindo;Colis�o traseira;Com V�timas Feridas;Plena Noite;Crescente;C�u Claro;Dupla;"Reta;Aclive";N�o;5;0;2;2;1;0;4;3;-20,027432;-43,969577;SPRF-MG;DEL01-MG;UOP02-DEL01-MG;;;
688397;01/05/2025;quinta-feira;01:30:00;BA;116;421;FEIRA DE SANTANA;Aus�ncia de rea��o do condutor;Atropelamento de Animal;Com V�timas Feridas;Plena Noite;Decrescente;C�u Claro;Dupla;Reta;Sim;5;0;1;0;4;0;1;3;-12,2193;-38,965618;SPRF-BA;DEL02-BA;UOP01-DEL02-BA;;;
688398;01/05/2025;quinta-feira;00:20:00;MT;163;780;SORRISO;Aus�ncia de rea��o do condutor;Colis�o traseira;Com V�timas Feridas;Plena Noite;Crescente;C�u Claro;Simples;Reta;N�o;3;0;2;0;1;0;2;2;-12,33751973;-55,59083206;SPRF-MT;DEL06-MT;UOP02-DEL06-MT;;;
688399;01/05/2025;quinta-feira;02:00:00;RS;287;249,7;SANTA MARIA;Aus�ncia de rea��o do condutor;Sa�da de leito carro��vel;Sem V�timas;Plena Noite;Crescente;C�u Claro;Dupla;Reta;Sim;1;0;0;0;0;1;0;1;-29,691697;-53,86745811;SPRF-RS;DEL09-RS;UOP01-DEL09-RS;;;
688400;01/05/2025;quinta-feira;03:30:00;RS;290;95;PORTO ALEGRE;Demais falhas mec�nicas ou el�tricas;Inc�ndio;Sem V�timas;Plena Noite;Crescente;C�u Claro;M�ltipla;Reta;Sim;1;0;0;0;1;0;0;1;-29,98463967;-51,20245939;SPRF-RS;DEL01-RS;UOP01-DEL01-RS;;;
688401;01/05/2025;quinta-feira;01:45:00;RS;285;357;CARAZINHO;Condutor Dormindo;Sa�da de leito carro��vel;Com V�timas Feridas;Plena Noite;Crescente;C�u Claro;Simples;Ponte;N�o;4;0;3;0;1;0;3;1;-28,35402728;-52,95044303;SPRF-RS;DEL08-RS;UOP03-DEL08-RS;;;
688403;01/05/2025;quinta-feira;04:00:00;PE;104;57;CARUARU;Rea��o tardia ou ineficiente do condutor;Colis�o traseira;Com V�timas Feridas;Plena Noite;Decrescente;C�u Claro;Dupla;Reta;Sim;3;0;2;0;1;0;2;2;-8,2101;-35,97141;SPRF-PE;DEL02-PE;UOP01-DEL02-PE;;;
688405;01/05/2025;quinta-feira;03:00:00;SP;116;279;EMBU DAS ARTES;Aus�ncia de rea��o do condutor;Colis�o com objeto;Com V�timas Feridas;Plena Noite;Crescente;C�u Claro;Dupla;Reta;Sim;2;0;1;0;1;0;1;1;-23,64232267;-46,83746338;SPRF-SP;DEL04-SP;UOP01-DEL04-SP;;;
688407;01/05/2025;quinta-feira;02:48:00;GO;50;97;CRISTALINA;Rea��o tardia ou ineficiente do condutor;Queda de ocupante de ve�culo;Com V�timas Feridas;Plena Noite;Crescente;Nevoeiro/Neblina;Dupla;Reta;Sim;1;0;1;0;0;0;1;1;-16,765463;-47,614997;SPRF-DF;DEL01-DF;UOP02-DEL01-DF;;;
688408;01/05/2025;quinta-feira;05:50:00;RS;116;526;PELOTAS;Condutor Dormindo;Colis�o com objeto;Sem V�timas;Plena Noite;Decrescente;Nevoeiro/Neblina;Dupla;"Reta;Interse��o de Vias";Sim;1;0;0;0;1;0;0;1;-31,732565;-52,390737;SPRF-RS;DEL07-RS;UOP01-DEL07-RS;;;
688409;01/05/2025;quinta-feira;05:20:00;RS;116;300;GUAIBA;Ingest�o de �lcool pelo condutor;Sa�da de leito carro��vel;Sem V�timas;Plena Noite;Crescente;C�u Claro;Dupla;Curva;N�o;1;0;0;0;1;0;0;1;-30,12111325;-51,34859562;SPRF-RS;DEL02-RS;UOP01-DEL02-RS;;;
688410;01/05/2025;quinta-feira;05:30:00;PR;376;8;MARINGA;Ingest�o de �lcool pelo condutor;Colis�o com objeto;Sem V�timas;Plena Noite;Decrescente;C�u Claro;Dupla;Reta;Sim;1;0;0;0;1;0;0;1;-23,37278;-51,92343;SPRF-PR;DEL09-PR;UOP01-DEL09-PR;;;
688413;01/05/2025;quinta-feira;06:20:00;SP;116;112;TAUBATE;Rea��o tardia ou ineficiente do condutor;Colis�o traseira;Com V�timas Feridas;Amanhecer;Decrescente;Nublado;Dupla;Reta;Sim;2;0;1;0;1;0;1;2;-23,04164567;-45,57152644;SPRF-SP;DEL02-SP;UOP02-DEL02-SP;;;
688414;01/05/2025;quinta-feira;05:30:00;SP;116;115,3;TAUBATE;Velocidade Incompat�vel;Colis�o transversal;Com V�timas Feridas;Plena Noite;Crescente;C�u Claro;Dupla;Reta;N�o;1;0;1;0;0;0;1;1;-23,05023044;-45,60213444;SPRF-SP;DEL02-SP;UOP02-DEL02-SP;;;
688415;30/04/2025;quarta-feira;21:10:00;BA;101;722,7;EUNAPOLIS;Velocidade Incompat�vel;Colis�o frontal;Com V�timas Feridas;Plena Noite;Decrescente;Chuva;Simples;Curva;N�o;6;0;5;1;0;0;6;2;-16,411933;-39,58753;SPRF-BA;DEL09-BA;UOP01-DEL09-BA;;;
688416;01/05/2025;quinta-feira;05:55:00;MS;463;100;PONTA PORA;Demais falhas mec�nicas ou el�tricas;Inc�ndio;Sem V�timas;Amanhecer;Crescente;C�u Claro;Simples;Reta;N�o;1;0;0;0;1;0;0;1;-22,60119455;-55,66005993;SPRF-MS;DEL04-MS;UOP03-DEL04-MS;;;
688419;01/05/2025;quinta-feira;04:30:00;PE;408;50,6;TRACUNHAEM;Pedestre andava na pista;Atropelamento de Pedestre;Com V�timas Fatais;Plena Noite;Crescente;C�u Claro;Simples;Aclive;Sim;2;1;0;0;1;0;0;2;-7,79937219;-35,24479358;SPRF-PE;DEL01-PE;UOP02-DEL01-PE;;;
688420;01/05/2025;quinta-feira;06:40:00;ES;101;232,2;FUNDAO;Ultrapassagem Indevida;Colis�o frontal;Com V�timas Feridas;Pleno dia;Crescente;C�u Claro;Simples;Reta;N�o;5;0;3;0;2;0;3;2;-19,95487046;-40,41010004;SPRF-ES;DEL02-ES;UOP01-DEL02-ES;;;
688421;01/05/2025;quinta-feira;06:25:00;SP;381;86;SAO PAULO;Rea��o tardia ou ineficiente do condutor;Capotamento;Com V�timas Feridas;Pleno dia;Crescente;C�u Claro;M�ltipla;Reta;Sim;3;0;2;0;1;0;2;1;-23,46068377;-46,57143384;SPRF-SP;DEL03-SP;UOP01-DEL03-SP;;;
688423;30/04/2025;quarta-feira;18:30:00;BA;324;430;RIACHAO DO JACUIPE;Aus�ncia de rea��o do condutor;Sa�da de leito carro��vel;Com V�timas Feridas;Plena Noite;Decrescente;C�u Claro;Simples;Interse��o de Vias;N�o;1;0;1;0;0;0;1;1;-11,77426731;-39,45156097;SPRF-BA;DEL04-BA;UOP02-DEL04-BA;;;
688424;01/05/2025;quinta-feira;04:30:00;MG;262;555;LUZ;Condutor Dormindo;Colis�o com objeto;Sem V�timas;Plena Noite;Crescente;Nublado;Simples;Reta;N�o;1;0;0;0;1;0;0;1;-19,71944837;-45,89636922;SPRF-MG;DEL08-MG;UOP02-DEL08-MG;;;
688425;01/05/2025;quinta-feira;04:40:00;PB;412;65;SERRA BRANCA;Aus�ncia de rea��o do condutor;Colis�o traseira;Com V�timas Fatais;Amanhecer;Decrescente;C�u Claro;Simples;Reta;N�o;4;1;0;1;0;2;1;3;-7,448562;-36,595203;SPRF-PB;DEL02-PB;UOP02-DEL02-PB;;;
688427;30/04/2025;quarta-feira;14:20:00;RJ;40;117;DUQUE DE CAXIAS;Rea��o tardia ou ineficiente do condutor;Colis�o lateral mesmo sentido;Com V�timas Feridas;Pleno dia;Crescente;C�u Claro;M�ltipla;Reta;Sim;2;0;0;1;1;0;1;2;-22,75487194;-43,28739882;SPRF-RJ;DEL01-RJ;UOP02-DEL01-RJ;;;
688430;01/05/2025;quinta-feira;07:50:00;PR;376;602,2;CURITIBA;Rea��o tardia ou ineficiente do condutor;Colis�o com objeto;Sem V�timas;Pleno dia;Decrescente;C�u Claro;Dupla;Reta;Sim;1;0;0;0;1;0;0;1;-25,52092424;-49,33425363;SPRF-PR;DEL01-PR;UOP06-DEL01-PR;;;
688432;01/05/2025;quinta-feira;06:25:00;RN;304;68;MOSSORO;Ingest�o de �lcool pelo condutor;Colis�o com objeto;Com V�timas Feridas;Pleno dia;Crescente;C�u Claro;Simples;Interse��o de Vias;N�o;1;0;1;0;0;0;1;1;-5,38618;-37,23454;SPRF-RN;DEL04-RN;UOP01-DEL04-RN;;;
688433;01/05/2025;quinta-feira;08:20:00;CE;116;52;PACAJUS;Acessar a via sem observar a presen�a dos outros ve�culos;Colis�o lateral mesmo sentido;Com V�timas Feridas;Amanhecer;Decrescente;C�u Claro;M�ltipla;Reta;N�o;2;0;1;0;1;0;1;2;-4,185308;-38,48612;SPRF-CE;DEL01-CE;UOP02-DEL01-CE;;;
688436;01/05/2025;quinta-feira;07:15:00;RJ;40;16;TRES RIOS;Condutor Dormindo;Colis�o com objeto;Com V�timas Feridas;Pleno dia;Crescente;C�u Claro;Dupla;Reta;N�o;3;0;1;0;2;0;1;1;-22,08253266;-43,1787142;SPRF-RJ;DEL05-RJ;UOP02-DEL05-RJ;;;
688438;03/04/2025;quinta-feira;10:25:00;ES;101;264,9;SERRA;Condutor deixou de manter dist�ncia do ve�culo da frente;Colis�o traseira;Com V�timas Feridas;Pleno dia;Crescente;C�u Claro;Dupla;Reta;Sim;2;0;1;0;1;0;1;2;-20,048847;-40,3866996;SPRF-ES;DEL02-ES;UOP01-DEL02-ES;;;
688443;01/05/2025;quinta-feira;07:50:00;RJ;393;283;VOLTA REDONDA;Acessar a via sem observar a presen�a dos outros ve�culos;Colis�o traseira;Com V�timas Feridas;Pleno dia;Decrescente;C�u Claro;Simples;Reta;Sim;2;0;1;0;1;0;1;2;-22,49150385;-44,0650034;SPRF-RJ;DEL05-RJ;UOP04-DEL05-RJ;;;
688444;01/05/2025;quinta-feira;08:00:00;MG;40;794,2;JUIZ DE FORA;Aus�ncia de rea��o do condutor;Tombamento;Com V�timas Feridas;Pleno dia;Crescente;Nublado;Dupla;Curva;N�o;1;0;1;0;0;0;1;1;-21,79943143;-43,41208935;SPRF-MG;DEL05-MG;UOP01-DEL05-MG;;;
688445;01/05/2025;quinta-feira;07:30:00;PE;232;179,4;BELO JARDIM;Transitar na contram�o;Colis�o frontal;Com V�timas Feridas;Pleno dia;Crescente;C�u Claro;Simples;Reta;Sim;2;0;0;1;1;0;1;2;-8,342627;-36,424407;SPRF-PE;DEL03-PE;UOP02-DEL03-PE;;;
688446;26/03/2025;quarta-feira;17:50:00;BA;101;264;SANTO ANTONIO DE JESUS;Aus�ncia de rea��o do condutor;Colis�o transversal;Sem V�timas;Anoitecer;Decrescente;Ignorado;Simples;Interse��o de Vias;Sim;2;0;0;0;2;0;0;2;-12,97341433;-39,27493215;SPRF-BA;DEL01-BA;UOP02-DEL01-BA;;;
688447;01/05/2025;quinta-feira;08:40:00;PB;230;27,5;JOAO PESSOA;Velocidade Incompat�vel;Colis�o traseira;Com V�timas Feridas;Pleno dia;Decrescente;C�u Claro;Dupla;Reta;Sim;3;0;1;0;0;2;1;2;-7,16605555;-34,88925219;SPRF-PB;DEL01-PB;UOP01-DEL01-PB;;;
688448;09/04/2025;quarta-feira;23:20:00;RN;405;181,6;JOSE DA PENHA;Falta de acostamento;Colis�o traseira;Com V�timas Fatais;Plena Noite;Decrescente;C�u Claro;Simples;"Aclive;Reta";Sim;2;1;0;0;0;1;0;2;-6,36728;-38,297703;SPRF-RN;DEL04-RN;UOP02-DEL04-RN;;;
688451;01/05/2025;quinta-feira;10:20:00;RS;116;237;NOVO HAMBURGO;Frear bruscamente;Tombamento;Com V�timas Feridas;Pleno dia;Crescente;C�u Claro;M�ltipla;"Reta;Aclive";N�o;1;0;1;0;0;0;1;1;-29,68101955;-51,14230581;SPRF-RS;DEL01-RS;UOP02-DEL01-RS;;;
688452;19/04/2025;s�bado;18:00:00;RO;364;340,6;JI-PARANA;Acessar a via sem observar a presen�a dos outros ve�culos;Colis�o lateral mesmo sentido;Com V�timas Feridas;Pleno dia;Crescente;C�u Claro;Dupla;Reta;Sim;2;0;1;0;1;0;1;2;-10,892802;-61,93058;SPRF-RO;DEL02-RO;UOP01-DEL02-RO;;;
688454;01/05/2025;quinta-feira;09:00:00;RJ;101;313;SAO GONCALO;Demais falhas mec�nicas ou el�tricas;Tombamento;Com V�timas Feridas;Pleno dia;Crescente;C�u Claro;Dupla;Reta;Sim;2;0;1;0;1;0;1;1;-22,80868541;-43,06729601;SPRF-RJ;DEL02-RJ;UOP02-DEL02-RJ;;;
688456;01/05/2025;quinta-feira;11:20:00;SP;381;33;ATIBAIA;Transitar no Acostamento;Colis�o lateral mesmo sentido;Com V�timas Feridas;Pleno dia;Decrescente;C�u Claro;Dupla;Curva;N�o;4;0;2;0;0;2;2;3;-23,07391722;-46,5659494;SPRF-SP;DEL03-SP;UOP02-DEL03-SP;;;
688458;01/05/2025;quinta-feira;11:15:00;SC;280;58;GUARAMIRIM;Desrespeitar a prefer�ncia no cruzamento;Colis�o transversal;Com V�timas Feridas;Pleno dia;Crescente;C�u Claro;M�ltipla;Rotat�ria;Sim;3;0;2;0;1;0;2;2;-26,474081;-49,020099;SPRF-SC;DEL03-SC;UOP03-DEL03-SC;;;
688459;01/05/2025;quinta-feira;11:10:00;SP;116;109;TAUBATE;Rea��o tardia ou ineficiente do condutor;Tombamento;Com V�timas Feridas;Pleno dia;Decrescente;C�u Claro;Dupla;Reta;Sim;1;0;1;0;0;0;1;1;-23,030622;-45,54770064;SPRF-SP;DEL02-SP;UOP02-DEL02-SP;;;
688460;01/05/2025;quinta-feira;11:10:00;RS;386;133,2;SARANDI;Acessar a via sem observar a presen�a dos outros ve�culos;Colis�o transversal;Com V�timas Feridas;Pleno dia;Crescente;C�u Claro;Simples;Reta;Sim;3;0;1;0;1;1;1;3;-27,94631183;-52,93105301;SPRF-RS;DEL08-RS;UOP01-DEL08-RS;;;
688463;01/05/2025;quinta-feira;12:01:00;RS;290;91;PORTO ALEGRE;Manobra de mudan�a de faixa;Colis�o transversal;Com V�timas Feridas;Pleno dia;Decrescente;C�u Claro;M�ltipla;Retorno Regulamentado;N�o;8;0;2;0;6;0;2;2;-29,96954625;-51,16954207;SPRF-RS;DEL01-RS;UOP01-DEL01-RS;;;
688467;01/05/2025;quinta-feira;12:15:00;GO;60;96,9;ANAPOLIS;Velocidade Incompat�vel;Sa�da de leito carro��vel;Com V�timas Feridas;Pleno dia;Crescente;C�u Claro;M�ltipla;Reta;Sim;2;0;2;0;0;0;2;1;-16,376124;-48,947379;SPRF-GO;DEL02-GO;UOP01-DEL02-GO;;;
688468;01/05/2025;quinta-feira;10:40:00;MG;354;703,7;CAXAMBU;Acessar a via sem observar a presen�a dos outros ve�culos;Colis�o transversal;Com V�timas Feridas;Pleno dia;Crescente;C�u Claro;Simples;"Reta;Interse��o de Vias";Sim;2;0;1;0;1;0;1;2;-21,97498096;-44,92340595;SPRF-MG;DEL17-MG;UOP01-DEL17-MG;;;
688469;01/05/2025;quinta-feira;10:45:00;PR;116;118;CURITIBA;Rea��o tardia ou ineficiente do condutor;Capotamento;Sem V�timas;Pleno dia;Crescente;Sol;Dupla;Reta;Sim;1;0;0;0;0;1;0;1;-25,570568;-49,310748;SPRF-PR;DEL01-PR;UOP03-DEL01-PR;;;
688470;01/05/2025;quinta-feira;10:30:00;RJ;116;283;BARRA MANSA;Rea��o tardia ou ineficiente do condutor;Colis�o traseira;Com V�timas Feridas;Pleno dia;Crescente;Sol;Dupla;Curva;N�o;2;0;1;0;1;0;1;2;-22,51845452;-44,20574105;SPRF-RJ;DEL07-RJ;UOP02-DEL07-RJ;;;
688471;01/05/2025;quinta-feira;12:15:00;PB;230;158;CAMPINA GRANDE;Acessar a via sem observar a presen�a dos outros ve�culos;Colis�o lateral mesmo sentido;Com V�timas Feridas;Pleno dia;Crescente;C�u Claro;Simples;Reta;Sim;2;0;0;1;1;0;1;2;-7,25685234;-35,92830688;SPRF-PB;DEL02-PB;UOP01-DEL02-PB;;;
688474;01/05/2025;quinta-feira;11:10:00;RS;287;430,3;UNISTALDA;Rea��o tardia ou ineficiente do condutor;Sa�da de leito carro��vel;Com V�timas Feridas;Pleno dia;Decrescente;Sol;Simples;"Reta;Declive";N�o;2;0;2;0;0;0;2;1;-29,048903;-55,109575;SPRF-RS;DEL12-RS;UOP02-DEL12-RS;;;
688476;01/05/2025;quinta-feira;12:08:00;RS;386;133,2;SARANDI;Faixas de tr�nsito com largura insuficiente;Colis�o com objeto;Sem V�timas;Pleno dia;Decrescente;Sol;Simples;Reta;Sim;2;0;0;0;2;0;0;1;-27,94643075;-52,93083642;SPRF-RS;DEL08-RS;UOP01-DEL08-RS;;;
688477;01/05/2025;quinta-feira;13:15:00;PA;316;62;CASTANHAL;Acessar a via sem observar a presen�a dos outros ve�culos;Colis�o transversal;Com V�timas Feridas;Pleno dia;Decrescente;C�u Claro;Dupla;"Reta;Interse��o de Vias";Sim;6;0;3;0;3;0;3;2;-1,29706;-47,9286;SPRF-PA;DEL01-PA;UOP01-DEL01-PA;;;
688480;01/05/2025;quinta-feira;13:35:00;SC;282;20,4;PALHOCA;Ultrapassagem Indevida;Colis�o lateral mesmo sentido;Com V�timas Feridas;Pleno dia;Decrescente;Sol;Simples;Aclive;N�o;2;0;1;0;1;0;1;2;-27,68728509;-48,71372072;SPRF-SC;DEL01-SC;UOP02-DEL01-SC;;;
688481;01/05/2025;quinta-feira;12:35:00;PE;101;110;CABO DE SANTO AGOSTINHO;Manobra de mudan�a de faixa;Colis�o lateral mesmo sentido;Sem V�timas;Pleno dia;Crescente;C�u Claro;Dupla;"Curva;Aclive";N�o;2;0;0;0;1;1;0;2;-8,31545633;-35,10406494;SPRF-PE;DEL01-PE;UOP03-DEL01-PE;;;
688483;01/05/2025;quinta-feira;11:05:00;MG;116;226,8;CATUJI;Rea��o tardia ou ineficiente do condutor;Colis�o lateral sentido oposto;Com V�timas Feridas;Pleno dia;Crescente;Chuva;Simples;Curva;N�o;3;0;2;0;1;0;2;2;-17,457411;-41,497593;SPRF-MG;DEL11-MG;UOP01-DEL11-MG;;;
688484;01/05/2025;quinta-feira;07:00:00;RJ;101;302,7;SAO GONCALO;Rea��o tardia ou ineficiente do condutor;Colis�o traseira;Com V�timas Feridas;Pleno dia;Decrescente;C�u Claro;Dupla;Reta;Sim;3;0;1;0;2;0;1;2;-22,78101783;-42,95480294;SPRF-RJ;DEL02-RJ;UOP02-DEL02-RJ;;;
688486;30/03/2025;domingo;13:13:00;MG;116;72;MEDINA;Acessar a via sem observar a presen�a dos outros ve�culos;Colis�o transversal;Sem V�timas;Pleno dia;Crescente;Ignorado;Simples;Curva;N�o;2;0;0;0;1;1;0;2;-16,2173751;-41,47174976;SPRF-MG;DEL11-MG;UOP02-DEL11-MG;;;
688487;01/05/2025;quinta-feira;12:55:00;RS;290;718;URUGUAIANA;Acessar a via sem observar a presen�a dos outros ve�culos;Colis�o transversal;Com V�timas Feridas;Pleno dia;Crescente;C�u Claro;Simples;Reta;Sim;4;0;2;0;2;0;2;2;-29,77599101;-57,03776157;SPRF-RS;DEL13-RS;UOP01-DEL13-RS;;;
688489;01/05/2025;quinta-feira;14:40:00;ES;262;21;VIANA;Condutor Dormindo;Colis�o frontal;Com V�timas Feridas;Pleno dia;Crescente;C�u Claro;Simples;"Reta;Declive";N�o;6;0;6;0;0;0;6;2;-20,375805;-40,512829;SPRF-ES;DEL01-ES;UOP01-DEL01-ES;;;
688490;01/05/2025;quinta-feira;14:00:00;RJ;101;307,2;SAO GONCALO;Rea��o tardia ou ineficiente do condutor;Colis�o lateral mesmo sentido;Com V�timas Feridas;Pleno dia;Decrescente;C�u Claro;Dupla;Reta;Sim;3;0;1;0;2;0;1;2;-22,79181789;-43,01763296;SPRF-RJ;DEL02-RJ;UOP02-DEL02-RJ;;;
688493;01/05/2025;quinta-feira;14:30:00;SC;470;37,8;GASPAR;Ingest�o de �lcool pelo condutor;Colis�o traseira;Com V�timas Feridas;Pleno dia;Decrescente;C�u Claro;Dupla;Reta;N�o;5;0;2;0;3;0;2;3;-26,90624068;-48,97877812;SPRF-SC;DEL04-SC;UOP01-DEL04-SC;;;
688494;01/05/2025;quinta-feira;14:40:00;MG;40;545,3;NOVA LIMA;Rea��o tardia ou ineficiente do condutor;Colis�o traseira;Com V�timas Fatais;Pleno dia;Decrescente;C�u Claro;Dupla;Reta;N�o;2;1;0;0;1;0;0;2;-20,00896593;-43,96268068;SPRF-MG;DEL01-MG;UOP02-DEL01-MG;;;
688495;01/05/2025;quinta-feira;14:50:00;ES;101;311;VILA VELHA;Demais falhas mec�nicas ou el�tricas;Inc�ndio;Sem V�timas;Pleno dia;Decrescente;C�u Claro;Dupla;Reta;N�o;1;0;0;0;1;0;0;1;-20,4363702;-40,45934558;SPRF-ES;DEL01-ES;UOP01-DEL01-ES;;;
688496;01/05/2025;quinta-feira;14:30:00;PE;101;211;AGUA PRETA;Transitar na contram�o;Colis�o lateral sentido oposto;Com V�timas Fatais;Pleno dia;Decrescente;C�u Claro;Dupla;Reta;N�o;3;1;0;0;0;2;0;2;-8,58520965;-35,49968138;SPRF-PE;DEL01-PE;UOP03-DEL01-PE;;;
688497;28/04/2025;segunda-feira;08:00:00;MS;262;146;RIBAS DO RIO PARDO;Aus�ncia de rea��o do condutor;Colis�o traseira;Sem V�timas;Pleno dia;Decrescente;Nublado;Simples;"Reta;Ponte";N�o;7;0;0;0;7;0;0;2;-20,445794;-52,901333;SPRF-MS;DEL07-MS;UOP02-DEL07-MS;;;
688498;01/05/2025;quinta-feira;13:00:00;SP;153;218;MARILIA;Ingest�o de �lcool pelo condutor;Colis�o lateral sentido oposto;Sem V�timas;Pleno dia;Crescente;C�u Claro;Simples;Reta;N�o;2;0;0;0;2;0;0;2;-22,00631612;-49,82074231;SPRF-SP;DEL07-SP;UOP02-DEL07-SP;;;
688501;01/05/2025;quinta-feira;15:45:00;RS;158;377,1;DILERMANDO DE AGUIAR;Transitar na contram�o;Colis�o lateral sentido oposto;Com V�timas Feridas;Pleno dia;Crescente;C�u Claro;Simples;Reta;N�o;3;0;0;1;2;0;1;2;-29,86510217;-54,23828862;SPRF-RS;DEL09-RS;UOP01-DEL09-RS;;;
688502;01/05/2025;quinta-feira;16:00:00;PA;230;126;MARABA;Ingest�o de �lcool pelo condutor;Queda de ocupante de ve�culo;Com V�timas Feridas;Pleno dia;Decrescente;C�u Claro;Simples;Reta;Sim;1;0;1;0;0;0;1;1;-5,36651057;-49,19815063;SPRF-PA;DEL03-PA;UOP01-DEL03-PA;;;
688503;01/05/2025;quinta-feira;16:30:00;RN;101;78;NATAL;Demais falhas mec�nicas ou el�tricas;Queda de ocupante de ve�culo;Com V�timas Feridas;Pleno dia;Decrescente;C�u Claro;Dupla;Reta;Sim;2;0;2;0;0;0;2;1;-5,739233;-35,290382;SPRF-RN;DEL02-RN;UOP01-DEL02-RN;;;
688504;01/05/2025;quinta-feira;16:30:00;BA;101;436,8;MARAU;Condutor deixou de manter dist�ncia do ve�culo da frente;Colis�o traseira;Sem V�timas;Pleno dia;Crescente;Garoa/Chuvisco;Simples;Curva;N�o;2;0;0;0;2;0;0;2;-14,17393568;-39,32273448;SPRF-BA;DEL05-BA;UOP01-DEL05-BA;;;
688505;01/05/2025;quinta-feira;16:15:00;PR;476;114,4;COLOMBO;Acessar a via sem observar a presen�a dos outros ve�culos;Colis�o transversal;Com V�timas Feridas;Pleno dia;Decrescente;C�u Claro;Simples;"Interse��o de Vias;Curva";Sim;2;0;1;0;1;0;1;2;-25,33996324;-49,15730596;SPRF-PR;DEL01-PR;UOP01-DEL01-PR;;;
688506;01/05/2025;quinta-feira;17:15:00;DF;70;7;BRASILIA;Ingest�o de �lcool pelo condutor;Colis�o traseira;Sem V�timas;Pleno dia;Decrescente;C�u Claro;Dupla;Reta;Sim;2;0;0;0;2;0;0;2;-15,78675041;-48,11752844;SPRF-DF;DEL03-DF;UOP02-DEL03-DF;;;
688507;01/05/2025;quinta-feira;10:30:00;RJ;101;300;SAO GONCALO;Rea��o tardia ou ineficiente do condutor;Colis�o traseira;Com V�timas Feridas;Pleno dia;Decrescente;C�u Claro;Dupla;Reta;Sim;3;0;1;0;2;0;1;2;-22,77783752;-42,95405086;SPRF-RJ;DEL02-RJ;UOP02-DEL02-RJ;;;
688508;01/05/2025;quinta-feira;15:50:00;SC;101;34,1;JOINVILLE;Aus�ncia de rea��o do condutor;Tombamento;Com V�timas Feridas;Pleno dia;Decrescente;C�u Claro;Dupla;Curva;N�o;1;0;1;0;0;0;1;1;-26,25711232;-48,8981065;SPRF-SC;DEL03-SC;UOP01-DEL03-SC;;;
688512;01/05/2025;quinta-feira;18:40:00;PR;469;16;FOZ DO IGUACU;Ultrapassagem Indevida;Colis�o frontal;Com V�timas Feridas;Plena Noite;Decrescente;C�u Claro;Simples;"Reta;Em Obras";Sim;4;0;0;3;0;1;3;3;-25,59290858;-54,51479745;SPRF-PR;DEL05-PR;UOP04-DEL05-PR;;;
688513;01/05/2025;quinta-feira;18:20:00;PB;230;406;POMBAL;Acessar a via sem observar a presen�a dos outros ve�culos;Colis�o transversal;Com V�timas Feridas;Plena Noite;Crescente;C�u Claro;Simples;Reta;Sim;2;0;1;0;1;0;1;2;-6,769367;-37,796197;SPRF-PB;DEL03-PB;UOP02-DEL03-PB;;;
688514;01/05/2025;quinta-feira;18:35:00;PR;369;438,7;UBIRATA;Demais falhas mec�nicas ou el�tricas;Sa�da de leito carro��vel;Com V�timas Feridas;Plena Noite;Decrescente;C�u Claro;Simples;Curva;N�o;1;0;1;0;0;0;1;1;-24,54712318;-53,04495335;SPRF-PR;DEL04-PR;UOP03-DEL04-PR;;;
688516;01/05/2025;quinta-feira;17:50:00;MG;364;22,2;FRUTAL;Ingest�o de �lcool pelo condutor;Colis�o traseira;Com V�timas Feridas;Pleno dia;Crescente;C�u Claro;Simples;"Declive;Reta";N�o;5;0;1;0;4;0;1;2;-20,04468813;-48,84780971;SPRF-MG;DEL13-MG;UOP02-DEL13-MG;;;
688517;01/05/2025;quinta-feira;17:50:00;BA;116;821,9;VITORIA DA CONQUISTA;Ingest�o de �lcool pelo condutor;Atropelamento de Pedestre;Com V�timas Feridas;Plena Noite;Decrescente;Garoa/Chuvisco;Simples;"Reta;Aclive";Sim;5;0;1;1;2;1;2;2;-14,844137;-40,847246;SPRF-BA;DEL08-BA;UOP01-DEL08-BA;;;
688518;01/05/2025;quinta-feira;18:35:00;DF;60;10;BRASILIA;Aus�ncia de rea��o do condutor;Sa�da de leito carro��vel;Com V�timas Feridas;Plena Noite;Crescente;C�u Claro;Dupla;"Reta;Aclive";N�o;1;0;1;0;0;0;1;1;-15,91009719;-48,15203547;SPRF-DF;DEL03-DF;UOP01-DEL03-DF;;;