id;data_inversa;dia_semana;horario;uf;br;km;municipio;causa_acidente;tipo_acidente;classificacao_acidente;fase_dia;sentido_via;condicao_metereologica;tipo_pista;tracado_via;uso_solo;pessoas;mortos;feridos_leves;feridos_graves;ilesos;ignorados;feridos;veiculos;latitude;longitude;regional;delegacia;uop;;;
688519;01/05/2025;quinta-feira;17:00:00;MG;381;545;ITATIAIUCU;Acessar a via sem observar a presen�a dos outros ve�culos;Colis�o traseira;Sem V�timas;Pleno dia;Crescente;C�u Claro;Dupla;Reta;N�o;2;0;0;0;2;0;0;2;-20,23610668;-44,40639496;SPRF-MG;DEL04-MG;UOP03-DEL04-MG;;;
688520;01/05/2025;quinta-feira;18:20:00;PI;343;589,7;FLORIANO;Manobra de mudan�a de faixa;Colis�o transversal;Com V�timas Feridas;Plena Noite;Crescente;C�u Claro;Dupla;Reta;Sim;2;0;2;0;0;0;2;2;-6,7831875;-43,01468253;SPRF-PI;DEL03-PI;UOP01-DEL03-PI;;;
688521;01/05/2025;quinta-feira;19:19:00;PA;163;312;NOVO PROGRESSO;Acumulo de areia ou detritos sobre o pavimento;Queda de ocupante de ve�culo;Com V�timas Feridas;Pleno dia;Decrescente;C�u Claro;Simples;Reta;Sim;2;0;2;0;0;0;2;1;-7,07125173;-55,40817261;SPRF-PA;DEL05-PA;UOP03-DEL05-PA;;;
688522;01/05/2025;quinta-feira;18:50:00;PR;376;201;MARIALVA;Ingest�o de �lcool pelo condutor;Tombamento;Sem V�timas;Plena Noite;Decrescente;C�u Claro;Dupla;Reta;N�o;1;0;0;0;1;0;0;1;-23,5070097;-51,73338382;SPRF-PR;DEL09-PR;UOP01-DEL09-PR;;;
688524;01/05/2025;quinta-feira;16:50:00;SC;282;5;SAO JOSE;Aus�ncia de rea��o do condutor;Colis�o com objeto;Com V�timas Fatais;Pleno dia;Crescente;C�u Claro;M�ltipla;Reta;Sim;1;1;0;0;0;0;0;1;-27,589405;-48,611726;SPRF-SC;DEL01-SC;UOP01-DEL01-SC;;;
688525;01/05/2025;quinta-feira;15:00:00;MA;10;376,7;ITINGA DO MARANHAO;Acessar a via sem observar a presen�a dos outros ve�culos;Colis�o transversal;Com V�timas Feridas;Pleno dia;Decrescente;C�u Claro;Simples;Interse��o de Vias;Sim;2;0;0;1;0;1;1;2;-4,458554;-47,526162;SPRF-MA;DEL04-MA;UOP03-DEL04-MA;;;
688527;01/05/2025;quinta-feira;19:00:00;RJ;493;7;ITABORAI;Rea��o tardia ou ineficiente do condutor;Colis�o lateral mesmo sentido;Com V�timas Feridas;Plena Noite;Crescente;C�u Claro;Simples;Reta;Sim;2;0;1;0;1;0;1;2;-22,7229875;-42,95146672;SPRF-RJ;DEL02-RJ;UOP02-DEL02-RJ;;;
688530;01/05/2025;quinta-feira;12:00:00;RJ;101;297;ITABORAI;Acumulo de areia ou detritos sobre o pavimento;Queda de ocupante de ve�culo;Com V�timas Feridas;Pleno dia;Decrescente;C�u Claro;Dupla;Curva;Sim;1;0;1;0;0;0;1;1;-22,77145844;-42,92883965;SPRF-RJ;DEL02-RJ;UOP02-DEL02-RJ;;;
688531;01/05/2025;quinta-feira;18:20:00;SC;282;459,5;PONTE SERRADA;Aus�ncia de rea��o do condutor;Sa�da de leito carro��vel;Com V�timas Fatais;Plena Noite;Crescente;C�u Claro;Simples;Reta;N�o;1;1;0;0;0;0;0;1;-26,88260115;-52,01210372;SPRF-SC;DEL07-SC;UOP04-DEL07-SC;;;
688532;01/05/2025;quinta-feira;18:10:00;RJ;40;111;DUQUE DE CAXIAS;Rea��o tardia ou ineficiente do condutor;Engavetamento;Com V�timas Feridas;Plena Noite;Crescente;C�u Claro;Dupla;"Reta;Aclive";Sim;5;0;2;0;3;0;2;3;-22,69473725;-43,28827858;SPRF-RJ;DEL01-RJ;UOP02-DEL01-RJ;;;
688533;01/05/2025;quinta-feira;14:50:00;RJ;116;171;RIO DE JANEIRO;Rea��o tardia ou ineficiente do condutor;Colis�o lateral mesmo sentido;Com V�timas Feridas;Pleno dia;Crescente;C�u Claro;M�ltipla;Reta;Sim;2;0;0;1;1;0;1;2;-22,80502873;-43,34438888;SPRF-RJ;DEL06-RJ;UOP01-DEL06-RJ;;;
688534;01/05/2025;quinta-feira;18:00:00;BA;116;10,1;VITORIA DA CONQUISTA;Ingest�o de �lcool pelo condutor;Colis�o traseira;Com V�timas Feridas;Plena Noite;Crescente;Garoa/Chuvisco;Simples;Reta;N�o;3;0;1;0;1;1;1;3;-14,86196173;-40,87458777;SPRF-BA;DEL08-BA;UOP01-DEL08-BA;;;
688535;01/05/2025;quinta-feira;20:00:00;MG;459;93,1;CONGONHAL;Pedestre andava na pista;Atropelamento de Pedestre;Com V�timas Fatais;Plena Noite;Crescente;C�u Claro;Simples;"Reta;Aclive";N�o;2;1;1;0;0;0;1;2;-22,17047;-46,00323;SPRF-MG;DEL09-MG;UOP01-DEL09-MG;;;
688536;01/05/2025;quinta-feira;19:00:00;SC;101;125;ITAJAI;Aus�ncia de rea��o do condutor;Tombamento;Com V�timas Feridas;Plena Noite;Crescente;C�u Claro;M�ltipla;Reta;Sim;1;0;1;0;0;0;1;1;-26,94026791;-48,69582117;SPRF-SC;DEL04-SC;UOP04-DEL04-SC;;;
688537;01/05/2025;quinta-feira;20:05:00;PR;277;68,6;SAO JOSE DOS PINHAIS;Rea��o tardia ou ineficiente do condutor;Capotamento;Com V�timas Feridas;Plena Noite;Crescente;Nublado;Dupla;Reta;Sim;2;0;2;0;0;0;2;1;-25,51928843;-49,11052672;SPRF-PR;DEL01-PR;UOP01-DEL01-PR;;;
688538;01/05/2025;quinta-feira;17:45:00;SC;280;153,5;MAFRA;Transitar na contram�o;Colis�o lateral sentido oposto;Com V�timas Fatais;Anoitecer;Decrescente;C�u Claro;Simples;Reta;N�o;6;1;2;1;2;0;3;4;-26,2175426;-49,7143663;SPRF-SC;DEL06-SC;UOP03-DEL06-SC;;;
688539;01/05/2025;quinta-feira;20:00:00;PR;277;329;GUARAPUAVA;Rea��o tardia ou ineficiente do condutor;Sa�da de leito carro��vel;Com V�timas Feridas;Plena Noite;Crescente;Nublado;Simples;Curva;N�o;3;0;1;0;2;0;1;1;-25,3628211;-51,3500135;SPRF-PR;DEL08-PR;UOP01-DEL08-PR;;;
688541;01/05/2025;quinta-feira;20:07:00;AL;101;137;SAO MIGUEL DOS CAMPOS;Aus�ncia de sinaliza��o;Sa�da de leito carro��vel;Com V�timas Feridas;Plena Noite;Decrescente;C�u Claro;Simples;"Curva;Declive";Sim;4;0;1;1;2;0;2;1;-9,78870606;-36,10515881;SPRF-AL;DEL02-AL;UOP01-DEL02-AL;;;
688542;01/05/2025;quinta-feira;20:30:00;PR;373;246;GUAMIRANGA;Aus�ncia de rea��o do condutor;Colis�o traseira;Com V�timas Fatais;Plena Noite;Decrescente;C�u Claro;Simples;Reta;N�o;3;1;1;0;1;0;1;2;-25,190681;-50,823695;SPRF-PR;DEL03-PR;UOP01-DEL03-PR;;;
688543;01/05/2025;quinta-feira;20:40:00;PE;423;73;JUPI;Ingest�o de �lcool pelo condutor;Colis�o traseira;Com V�timas Feridas;Plena Noite;Decrescente;C�u Claro;Simples;"Reta;Declive";N�o;5;0;1;3;0;1;4;2;-8,697567;-36,413862;SPRF-PE;DEL03-PE;UOP01-DEL03-PE;;;
688544;01/05/2025;quinta-feira;20:50:00;RS;158;185;CRUZ ALTA;Aus�ncia de rea��o do condutor;Colis�o frontal;Com V�timas Fatais;Plena Noite;Decrescente;C�u Claro;Simples;Curva;N�o;2;1;0;0;1;0;0;2;-28,56261768;-53,55866343;SPRF-RS;DEL10-RS;UOP02-DEL10-RS;;;
688546;01/05/2025;quinta-feira;19:55:00;SC;282;462;PONTE SERRADA;Ingest�o de �lcool pelo condutor;Colis�o traseira;Sem V�timas;Plena Noite;Crescente;C�u Claro;Simples;"Reta;Aclive";Sim;2;0;0;0;2;0;0;2;-26,859404;-52,027857;SPRF-SC;DEL07-SC;UOP04-DEL07-SC;;;
688547;01/05/2025;quinta-feira;20:25:00;SE;101;90,3;NOSSA SENHORA DO SOCORRO;Manobra de mudan�a de faixa;Colis�o transversal;Com V�timas Feridas;Plena Noite;Crescente;C�u Claro;Dupla;Reta;Sim;2;0;0;1;1;0;1;2;-10,892518;-37,132557;SPRF-SE;DEL01-SE;UOP01-DEL01-SE;;;
688548;01/05/2025;quinta-feira;19:10:00;MG;381;506;BETIM;Ingest�o de �lcool pelo condutor;Tombamento;Com V�timas Feridas;Plena Noite;Decrescente;Ignorado;Dupla;Reta;N�o;2;0;1;0;0;1;1;1;-20,03870093;-44,25499356;SPRF-MG;DEL01-MG;UOP03-DEL01-MG;;;
688549;01/05/2025;quinta-feira;18:10:00;PI;343;591,8;FLORIANO;Ingest�o de �lcool pelo condutor;Colis�o traseira;Sem V�timas;Plena Noite;Decrescente;C�u Claro;Dupla;Reta;Sim;2;0;0;0;1;1;0;2;-6,79335624;-42,98352568;SPRF-PI;DEL03-PI;UOP01-DEL03-PI;;;
688550;01/05/2025;quinta-feira;21:20:00;TO;10;457;PALMAS;Rea��o tardia ou ineficiente do condutor;Colis�o lateral mesmo sentido;Com V�timas Feridas;Plena Noite;Crescente;C�u Claro;Dupla;"Declive;Reta";N�o;2;0;0;2;0;0;2;2;-10,28406422;-48,29777598;SPRF-TO;DEL01-TO;UOP03-DEL01-TO;;;
688551;01/05/2025;quinta-feira;13:20:00;RO;364;711;PORTO VELHO;Acessar a via sem observar a presen�a dos outros ve�culos;Colis�o transversal;Com V�timas Feridas;Pleno dia;Decrescente;C�u Claro;Simples;Interse��o de Vias;Sim;2;0;1;0;1;0;1;2;-8,78294681;-63,86363268;SPRF-RO;DEL01-RO;UOP01-DEL01-RO;;;
688552;01/05/2025;quinta-feira;19:00:00;PR;272;371;CAMPO MOURAO;Rea��o tardia ou ineficiente do condutor;Colis�o lateral mesmo sentido;Com V�timas Feridas;Plena Noite;Crescente;Nublado;Simples;Reta;N�o;2;0;1;0;0;1;1;2;-24,065651;-52,43443;SPRF-PR;DEL09-PR;UOP03-DEL09-PR;;;
688554;01/05/2025;quinta-feira;08:15:00;MA;222;523;BURITICUPU;Acessar a via sem observar a presen�a dos outros ve�culos;Colis�o transversal;Com V�timas Feridas;Pleno dia;Decrescente;C�u Claro;Simples;"Reta;Declive";Sim;2;0;0;1;0;1;1;2;-4,316231;-46,453655;SPRF-MA;DEL02-MA;UOP01-DEL02-MA;;;
688556;01/05/2025;quinta-feira;21:30:00;PR;476;182,5;LAPA;Aus�ncia de rea��o do condutor;Eventos at�picos;Sem V�timas;Plena Noite;Crescente;C�u Claro;Simples;Reta;N�o;1;0;0;0;1;0;0;1;-25,714982;-49,619182;SPRF-PR;DEL01-PR;UOP06-DEL01-PR;;;
688557;01/05/2025;quinta-feira;21:25:00;PR;277;692;SAO MIGUEL DO IGUACU;Ingest�o de �lcool pelo condutor;Sa�da de leito carro��vel;Com V�timas Feridas;Plena Noite;Crescente;C�u Claro;Dupla;Reta;N�o;1;0;1;0;0;0;1;1;-25,36635;-54,25955;SPRF-PR;DEL05-PR;UOP01-DEL05-PR;;;
688559;01/05/2025;quinta-feira;21:30:00;ES;101;375,5;ICONHA;Velocidade Incompat�vel;Queda de ocupante de ve�culo;Com V�timas Feridas;Plena Noite;Decrescente;Chuva;Dupla;Reta;N�o;1;0;1;0;0;0;1;1;-20,798474;-40,789394;SPRF-ES;DEL03-ES;UOP01-DEL03-ES;;;
688560;01/05/2025;quinta-feira;22:00:00;RJ;101;428;MANGARATIBA;Acessar a via sem observar a presen�a dos outros ve�culos;Colis�o transversal;Sem V�timas;Plena Noite;Decrescente;Chuva;Dupla;"Reta;Retorno Regulamentado;Interse��o de Vias";Sim;2;0;0;0;2;0;0;2;-22,9356401;-43,99888158;SPRF-RJ;DEL03-RJ;UOP02-DEL03-RJ;;;
688561;01/05/2025;quinta-feira;22:20:00;SP;116;202;GUARULHOS;Condutor deixou de manter dist�ncia do ve�culo da frente;Colis�o traseira;Com V�timas Feridas;Plena Noite;Decrescente;C�u Claro;Dupla;"Reta;Aclive";Sim;3;0;1;0;2;0;1;2;-23,41725777;-46,37500763;SPRF-SP;DEL01-SP;UOP01-DEL01-SP;;;
688563;01/05/2025;quinta-feira;16:00:00;RO;435;125;CEREJEIRAS;Aus�ncia de rea��o do condutor;Colis�o com objeto;Sem V�timas;Plena Noite;Decrescente;C�u Claro;Dupla;Reta;Sim;1;0;0;0;1;0;0;1;-13,18907648;-60,82779083;SPRF-RO;DEL04-RO;UOP02-DEL04-RO;;;
688568;01/05/2025;quinta-feira;23:15:00;SC;470;51;BLUMENAU;Aus�ncia de rea��o do condutor;Tombamento;Com V�timas Feridas;Anoitecer;Crescente;C�u Claro;Simples;"Reta;Em Obras";Sim;1;0;0;1;0;0;1;1;-26,8627358;-49,0919008;SPRF-SC;DEL04-SC;UOP01-DEL04-SC;;;
688570;01/05/2025;quinta-feira;21:45:00;SC;280;29,5;ARAQUARI;Acessar a via sem observar a presen�a dos outros ve�culos;Colis�o transversal;Com V�timas Feridas;Plena Noite;Decrescente;Nublado;Simples;"Reta;Em Obras;Interse��o de Vias";Sim;2;0;1;0;1;0;1;2;-26,413265;-48,758017;SPRF-SC;DEL03-SC;UOP03-DEL03-SC;;;
688571;01/05/2025;quinta-feira;22:45:00;PB;101;89;JOAO PESSOA;Rea��o tardia ou ineficiente do condutor;Tombamento;Com V�timas Feridas;Plena Noite;Decrescente;C�u Claro;Dupla;"Reta;Em Obras;Rotat�ria";Sim;1;0;1;0;0;0;1;1;-7,18135456;-34,90066457;SPRF-PB;DEL01-PB;UOP01-DEL01-PB;;;
688572;01/05/2025;quinta-feira;22:00:00;PA;10;320;IRITUIA;Acessar a via sem observar a presen�a dos outros ve�culos;Colis�o transversal;Com V�timas Fatais;Plena Noite;Crescente;C�u Claro;Simples;Curva;N�o;2;1;0;0;1;0;0;2;-1,632635;-47,486776;SPRF-PA;DEL01-PA;UOP02-DEL01-PA;;;
688573;01/05/2025;quinta-feira;22:50:00;BA;116;427;FEIRA DE SANTANA;Rea��o tardia ou ineficiente do condutor;Colis�o com objeto;Com V�timas Feridas;Plena Noite;Crescente;Nublado;Dupla;Declive;N�o;1;0;1;0;0;0;1;1;-12,26465624;-38,98934293;SPRF-BA;DEL02-BA;UOP01-DEL02-BA;;;
688574;01/05/2025;quinta-feira;18:40:00;RJ;101;311;SAO GONCALO;Demais falhas mec�nicas ou el�tricas;Tombamento;Com V�timas Feridas;Plena Noite;Decrescente;C�u Claro;Dupla;Reta;N�o;2;0;2;0;0;0;2;1;-22,80357134;-43,05842326;SPRF-RJ;DEL02-RJ;UOP02-DEL02-RJ;;;
688577;01/05/2025;quinta-feira;23:20:00;PR;376;142,5;PRESIDENTE CASTELO BRANCO;Afundamento ou ondula��o no pavimento;Capotamento;Com V�timas Feridas;Plena Noite;Crescente;C�u Claro;Dupla;Reta;N�o;1;0;1;0;0;0;1;1;-23,251473;-52,167313;SPRF-PR;DEL09-PR;UOP02-DEL09-PR;;;
688579;02/05/2025;sexta-feira;00:30:00;PR;116;122;CURITIBA;Demais falhas mec�nicas ou el�tricas;Queda de ocupante de ve�culo;Com V�timas Feridas;Plena Noite;Decrescente;Nublado;Dupla;Reta;Sim;2;0;1;0;1;0;1;1;-25,6057231;-49,31854662;SPRF-PR;DEL01-PR;UOP03-DEL01-PR;;;
688580;02/05/2025;sexta-feira;00:04:00;PR;376;190,3;MARIALVA;Demais falhas mec�nicas ou el�tricas;Inc�ndio;Sem V�timas;Plena Noite;Crescente;C�u Claro;Dupla;Reta;Sim;1;0;0;0;0;1;0;1;-23,468134;-51,825365;SPRF-PR;DEL09-PR;UOP01-DEL09-PR;;;
688581;01/05/2025;quinta-feira;23:59:00;MG;262;802;UBERABA;Ingest�o de �lcool pelo condutor;Sa�da de leito carro��vel;Sem V�timas;Plena Noite;Crescente;C�u Claro;Dupla;Reta;N�o;1;0;0;0;1;0;0;1;-19,77074217;-47,90605545;SPRF-MG;DEL13-MG;UOP01-DEL13-MG;;;
688583;01/05/2025;quinta-feira;23:35:00;MS;163;6;MUNDO NOVO;Rea��o tardia ou ineficiente do condutor;Sa�da de leito carro��vel;Sem V�timas;Plena Noite;Crescente;Ignorado;Dupla;Retorno Regulamentado;Sim;1;0;0;0;0;1;0;1;-24,004534;-54,314773;SPRF-MS;DEL09-MS;UOP02-DEL09-MS;;;
688585;02/05/2025;sexta-feira;02:00:00;PR;277;82;CURITIBA;Rea��o tardia ou ineficiente do condutor;Tombamento;Com V�timas Fatais;Plena Noite;Decrescente;Nublado;Dupla;Reta;Sim;3;1;0;0;1;1;0;3;-25,454397;-49,225004;SPRF-PR;DEL01-PR;UOP03-DEL01-PR;;;
688586;02/05/2025;sexta-feira;01:33:00;PE;232;142;SAO CAITANO;Animais na Pista;Atropelamento de Animal;Com V�timas Feridas;Plena Noite;Decrescente;C�u Claro;Dupla;Reta;N�o;1;0;0;1;0;0;1;1;-8,32320398;-36,09736338;SPRF-PE;DEL03-PE;UOP02-DEL03-PE;;;
688588;02/05/2025;sexta-feira;01:00:00;PR;369;25;CAMBARA;Ingest�o de �lcool pelo condutor;Sa�da de leito carro��vel;Com V�timas Feridas;Plena Noite;Decrescente;Nublado;Simples;"Aclive;Reta";N�o;1;0;1;0;0;0;1;1;-23,036633;-50,130115;SPRF-PR;DEL07-PR;UOP05-DEL07-PR;;;
688590;02/05/2025;sexta-feira;03:40:00;SP;116;208;GUARULHOS;Acesso irregular;Capotamento;Com V�timas Fatais;Plena Noite;Decrescente;C�u Claro;Dupla;Reta;Sim;8;1;4;1;2;0;5;1;-23,423078;-46,395898;SPRF-SP;DEL01-SP;UOP01-DEL01-SP;;;
688591;02/05/2025;sexta-feira;03:40:00;TO;153;392;RIO DOS BOIS;Ingest�o de �lcool pelo condutor;Colis�o frontal;Sem V�timas;Plena Noite;Crescente;C�u Claro;Simples;Curva;N�o;4;0;0;0;4;0;0;2;-9,33972115;-48,53507315;SPRF-TO;DEL02-TO;UOP02-DEL02-TO;;;
688592;02/05/2025;sexta-feira;02:40:00;PA;230;645;ALTAMIRA;Ingest�o de �lcool pelo condutor;Tombamento;Com V�timas Feridas;Plena Noite;Crescente;C�u Claro;Simples;Reta;Sim;1;0;1;0;0;0;1;1;-3,2234614;-52,2584331;SPRF-PA;DEL04-PA;UOP01-DEL04-PA;;;
688594;02/05/2025;sexta-feira;06:00:00;ES;101;208,9;JOAO NEIVA;Ingest�o de �lcool pelo condutor;Sa�da de leito carro��vel;Com V�timas Feridas;Pleno dia;Crescente;C�u Claro;Simples;Reta;N�o;2;0;0;2;0;0;2;1;-19,78140362;-40,37166595;SPRF-ES;DEL02-ES;UOP01-DEL02-ES;;;
688596;02/05/2025;sexta-feira;03:50:00;MT;163;1034;MATUPA;Ingest�o de �lcool pelo condutor;Sa�da de leito carro��vel;Sem V�timas;Plena Noite;Decrescente;C�u Claro;Simples;Reta;N�o;1;0;0;0;1;0;0;1;-10,19034476;-54,94946766;SPRF-MT;DEL06-MT;UOP03-DEL06-MT;;;
688597;02/05/2025;sexta-feira;05:00:00;RJ;116;311,3;RESENDE;Rea��o tardia ou ineficiente do condutor;Sa�da de leito carro��vel;Com V�timas Feridas;Amanhecer;Decrescente;Nublado;Dupla;"Retorno Regulamentado;Curva";Sim;1;0;0;1;0;0;1;1;-22,46151675;-44,44503947;SPRF-RJ;DEL07-RJ;UOP02-DEL07-RJ;;;
688599;02/05/2025;sexta-feira;05:40:00;CE;116;11;FORTALEZA;Acessar a via sem observar a presen�a dos outros ve�culos;Colis�o transversal;Com V�timas Feridas;Amanhecer;Decrescente;C�u Claro;M�ltipla;Reta;Sim;2;0;0;1;1;0;1;2;-3,84380303;-38,4986851;SPRF-CE;DEL01-CE;UOP02-DEL01-CE;;;
688600;02/05/2025;sexta-feira;05:00:00;RJ;356;83,2;ITALVA;Rea��o tardia ou ineficiente do condutor;Colis�o com objeto;Com V�timas Fatais;Amanhecer;Crescente;Nevoeiro/Neblina;Simples;"Curva;Rotat�ria";N�o;2;1;1;0;0;0;1;1;-21,4723876;-41,6683569;SPRF-RJ;DEL08-RJ;UOP03-DEL08-RJ;;;
688602;02/05/2025;sexta-feira;06:58:00;SC;101;207,8;SAO JOSE;Aus�ncia de rea��o do condutor;Colis�o traseira;Com V�timas Feridas;Amanhecer;Decrescente;Sol;M�ltipla;Reta;Sim;4;0;1;0;3;0;1;4;-27,60261;-48,62987;SPRF-SC;DEL01-SC;UOP01-DEL01-SC;;;
688603;02/05/2025;sexta-feira;06:40:00;SC;101;139;BALNEARIO CAMBORIU;Avarias e/ou desgaste excessivo no pneu;Tombamento;Com V�timas Feridas;Pleno dia;Crescente;C�u Claro;M�ltipla;"Reta;Viaduto";N�o;1;0;1;0;0;0;1;1;-27,02862156;-48,60313702;SPRF-SC;DEL04-SC;UOP03-DEL04-SC;;;
688604;01/05/2025;quinta-feira;17:00:00;RJ;116;173;SAO JOAO DE MERITI;Avarias e/ou desgaste excessivo no pneu;Queda de ocupante de ve�culo;Com V�timas Feridas;Pleno dia;Crescente;C�u Claro;Dupla;Reta;Sim;1;0;1;0;0;0;1;1;-22,79246132;-43,36719386;SPRF-RJ;DEL06-RJ;UOP01-DEL06-RJ;;;
688605;02/05/2025;sexta-feira;06:49:00;ES;101;270;SERRA;Rea��o tardia ou ineficiente do condutor;Colis�o traseira;Com V�timas Feridas;Pleno dia;Crescente;C�u Claro;Dupla;Reta;Sim;2;0;1;0;1;0;1;2;-20,228275;-40,271729;SPRF-ES;DEL02-ES;UOP01-DEL02-ES;;;
688606;02/05/2025;sexta-feira;06:50:00;SC;101;112,4;ITAJAI;Trafegar com motocicleta (ou similar) entre as faixas;Colis�o traseira;Com V�timas Feridas;Pleno dia;Crescente;C�u Claro;Dupla;Reta;Sim;2;0;1;0;1;0;1;2;-26,847583;-48,72299194;SPRF-SC;DEL04-SC;UOP04-DEL04-SC;;;
688607;02/05/2025;sexta-feira;07:31:00;SP;116;227;GUARULHOS;Trafegar com motocicleta (ou similar) entre as faixas;Colis�o lateral mesmo sentido;Com V�timas Feridas;Pleno dia;Crescente;Nublado;M�ltipla;"Reta;Em Obras;Declive";Sim;4;0;1;0;3;0;1;2;-23,4986337;-46,5598712;SPRF-SP;DEL01-SP;UOP01-DEL01-SP;;;
688608;02/05/2025;sexta-feira;07:43:00;MG;116;278,4;TEOFILO OTONI;Manobra de mudan�a de faixa;Colis�o lateral mesmo sentido;Com V�timas Feridas;Pleno dia;Decrescente;Nublado;Dupla;"Interse��o de Vias;Declive;Rotat�ria";Sim;7;0;1;1;5;0;2;2;-17,871329;-41,518663;SPRF-MG;DEL11-MG;UOP01-DEL11-MG;;;
688609;02/05/2025;sexta-feira;07:30:00;CE;222;3;CAUCAIA;Aus�ncia de rea��o do condutor;Colis�o traseira;Com V�timas Feridas;Pleno dia;Crescente;C�u Claro;Dupla;"Reta;Viaduto;Declive";Sim;3;0;2;0;1;0;2;2;-3,74111155;-38,60168394;SPRF-CE;DEL01-CE;UOP01-DEL01-CE;;;
688611;02/05/2025;sexta-feira;07:50:00;ES;101;264,8;SERRA;Rea��o tardia ou ineficiente do condutor;Tombamento;Com V�timas Feridas;Pleno dia;Crescente;Sol;M�ltipla;Curva;Sim;1;0;0;1;0;0;1;1;-20,18065333;-40,26532167;SPRF-ES;DEL02-ES;UOP01-DEL02-ES;;;
688612;02/05/2025;sexta-feira;07:45:00;SP;153;58;SAO JOSE DO RIO PRETO;Aus�ncia de rea��o do condutor;Colis�o traseira;Com V�timas Feridas;Pleno dia;Decrescente;Sol;Dupla;"Declive;Reta";Sim;2;0;1;0;1;0;1;2;-20,7796483;-49,35309649;SPRF-SP;DEL09-SP;UOP01-DEL09-SP;;;
688613;02/05/2025;sexta-feira;07:00:00;PI;343;341,4;TERESINA;Desrespeitar a prefer�ncia no cruzamento;Colis�o lateral mesmo sentido;Com V�timas Feridas;Pleno dia;Decrescente;C�u Claro;Dupla;"Declive;Reta";Sim;3;0;0;1;2;0;1;2;-5,0566469;-42,6841372;SPRF-PI;DEL01-PI;UOP01-DEL01-PI;;;
688614;02/05/2025;sexta-feira;07:05:00;PB;230;16;JOAO PESSOA;Avarias e/ou desgaste excessivo no pneu;Queda de ocupante de ve�culo;Com V�timas Feridas;Pleno dia;Decrescente;C�u Claro;Dupla;Aclive;Sim;2;0;2;0;0;0;2;1;-7,10822;-34,842998;SPRF-PB;DEL01-PB;UOP01-DEL01-PB;;;
688616;02/05/2025;sexta-feira;06:45:00;RR;401;12;BOA VISTA;Condutor desrespeitou a ilumina��o vermelha do sem�foro;Colis�o transversal;Com V�timas Feridas;Amanhecer;Decrescente;Sol;M�ltipla;"Reta;Interse��o de Vias";Sim;2;0;0;1;1;0;1;2;2,8203673;-60,68482;SPRF-RR;DEL01-RR;UOP01-DEL01-RR;;;
688617;02/05/2025;sexta-feira;07:45:00;PR;277;2;PARANAGUA;Ultrapassagem Indevida;Colis�o lateral mesmo sentido;Com V�timas Feridas;Pleno dia;Crescente;Sol;Simples;Reta;Sim;2;0;1;0;1;0;1;2;-25,533467;-48,551709;SPRF-PR;DEL01-PR;UOP05-DEL01-PR;;;
688618;02/05/2025;sexta-feira;06:10:00;BA;324;622;SALVADOR;Acumulo de �gua sobre o pavimento;Colis�o traseira;Sem V�timas;Amanhecer;Decrescente;Chuva;M�ltipla;"Curva;Aclive";Sim;2;0;0;0;2;0;0;2;-12,929286;-38,469079;SPRF-BA;DEL01-BA;UOP01-DEL01-BA;;;
688619;02/05/2025;sexta-feira;08:00:00;PR;277;730;FOZ DO IGUACU;Rea��o tardia ou ineficiente do condutor;Atropelamento de Pedestre;Com V�timas Feridas;Pleno dia;Crescente;C�u Claro;Simples;Reta;Sim;2;0;1;0;1;0;1;2;-25,51054656;-54,6005745;SPRF-PR;DEL05-PR;UOP03-DEL05-PR;;;
688620;02/05/2025;sexta-feira;07:35:00;RS;392;19,4;RIO GRANDE;Acessar a via sem observar a presen�a dos outros ve�culos;Colis�o transversal;Com V�timas Feridas;Pleno dia;Crescente;Nevoeiro/Neblina;Dupla;"Interse��o de Vias;Reta";Sim;2;0;1;1;0;0;2;2;-32,0866151;-52,1909549;SPRF-RS;DEL07-RS;UOP02-DEL07-RS;;;
688621;02/05/2025;sexta-feira;08:00:00;SC;101;207,5;SAO JOSE;Rea��o tardia ou ineficiente do condutor;Colis�o lateral sentido oposto;Com V�timas Feridas;Pleno dia;Decrescente;C�u Claro;M�ltipla;Declive;Sim;3;0;2;0;1;0;2;2;-27,602;-48,627;SPRF-SC;DEL01-SC;UOP01-DEL01-SC;;;
688622;02/05/2025;sexta-feira;08:10:00;SC;282;528;CORDILHEIRA ALTA;Transitar na contram�o;Colis�o lateral sentido oposto;Com V�timas Feridas;Pleno dia;Decrescente;C�u Claro;Simples;Curva;N�o;2;0;1;0;1;0;1;2;-26,97849566;-52,58833408;SPRF-SC;DEL07-SC;UOP01-DEL07-SC;;;
688624;02/05/2025;sexta-feira;08:00:00;BA;324;585;CANDEIAS;Demais falhas mec�nicas ou el�tricas;Sa�da de leito carro��vel;Com V�timas Feridas;Pleno dia;Crescente;Chuva;Dupla;Reta;N�o;2;0;2;0;0;0;2;1;-12,648764;-38,474616;SPRF-BA;DEL01-BA;UOP01-DEL01-BA;;;
688626;02/05/2025;sexta-feira;07:20:00;GO;60;301;ACREUNA;Aus�ncia de rea��o do condutor;Sa�da de leito carro��vel;Com V�timas Feridas;Pleno dia;Decrescente;C�u Claro;Dupla;Reta;Sim;2;0;1;1;0;0;2;1;-17,3762478;-50,3593265;SPRF-GO;DEL04-GO;UOP02-DEL04-GO;;;