id;data_inversa;dia_semana;horario;uf;br;km;municipio;causa_acidente;tipo_acidente;classificacao_acidente;fase_dia;sentido_via;condicao_metereologica;tipo_pista;tracado_via;uso_solo;pessoas;mortos;feridos_leves;feridos_graves;ilesos;ignorados;feridos;veiculos;latitude;longitude;regional;delegacia;uop;;;
688745;02/05/2025;sexta-feira;20:20:00;RS;116;220;DOIS IRMAOS;Condutor usando celular;Colis�o com objeto;Com V�timas Feridas;Plena Noite;Crescente;C�u Claro;Simples;Reta;Sim;1;0;0;1;0;0;1;1;-29,577594;-51,088492;SPRF-RS;DEL01-RS;UOP02-DEL01-RS;;;
688747;02/05/2025;sexta-feira;19:20:00;MT;163;750;SORRISO;Desrespeitar a prefer�ncia no cruzamento;Colis�o lateral mesmo sentido;Com V�timas Feridas;Plena Noite;Crescente;C�u Claro;Dupla;"Reta;Retorno Regulamentado";Sim;3;0;1;0;2;0;1;2;-12,57337219;-55,72768718;SPRF-MT;DEL06-MT;UOP01-DEL06-MT;;;
688748;02/05/2025;sexta-feira;18:00:00;RS;448;0,5;SAPUCAIA DO SUL;Condutor deixou de manter dist�ncia do ve�culo da frente;Colis�o traseira;Com V�timas Feridas;Plena Noite;Decrescente;C�u Claro;Dupla;Curva;Sim;4;0;1;0;2;1;1;3;-29,82724;-51,17442049;SPRF-RS;DEL01-RS;UOP02-DEL01-RS;;;
688749;02/05/2025;sexta-feira;19:20:00;MG;459;23,4;CALDAS;Pedestre - Ingest�o de �lcool/ subst�ncias psicoativas;Atropelamento de Pedestre;Com V�timas Fatais;Plena Noite;Decrescente;C�u Claro;Simples;Reta;N�o;2;1;0;0;1;0;0;2;-21,8699528;-46,4011293;SPRF-MG;DEL09-MG;UOP01-DEL09-MG;;;
688750;02/05/2025;sexta-feira;19:30:00;RJ;116;72;TERESOPOLIS;Convers�o proibida;Colis�o lateral mesmo sentido;Com V�timas Feridas;Plena Noite;Decrescente;C�u Claro;Simples;Reta;Sim;2;0;1;0;1;0;1;2;-22,33215;-42,938843;SPRF-RJ;DEL04-RJ;UOP01-DEL04-RJ;;;
688751;02/05/2025;sexta-feira;18:20:00;RO;364;515;ARIQUEMES;Pista esburacada;Tombamento;Com V�timas Feridas;Plena Noite;Crescente;Chuva;Simples;Reta;Sim;1;0;1;0;0;0;1;1;-9,91734829;-63,05525994;SPRF-RO;DEL03-RO;UOP01-DEL03-RO;;;
688755;02/05/2025;sexta-feira;17:20:00;MA;10;249;IMPERATRIZ;Acessar a via sem observar a presen�a dos outros ve�culos;Colis�o transversal;Com V�timas Fatais;Pleno dia;Decrescente;C�u Claro;Dupla;Reta;Sim;2;1;0;0;0;1;0;2;-5,553638;-47,457695;SPRF-MA;DEL04-MA;UOP01-DEL04-MA;;;
688756;02/05/2025;sexta-feira;20:30:00;PE;408;96;SAO LOURENCO DA MATA;Avarias e/ou desgaste excessivo no pneu;Queda de ocupante de ve�culo;Com V�timas Feridas;Plena Noite;Decrescente;C�u Claro;Dupla;Curva;N�o;2;0;1;1;0;0;2;1;-8,04245;-35,0219;SPRF-PE;DEL01-PE;UOP01-DEL01-PE;;;
688758;02/05/2025;sexta-feira;20:40:00;MG;265;469;PATROCINIO;Rea��o tardia ou ineficiente do condutor;Engavetamento;Sem V�timas;Plena Noite;Decrescente;C�u Claro;Simples;"Reta;Declive";N�o;5;0;0;0;5;0;0;3;-18,9118;-46,9703;SPRF-MG;DEL04-MG;UOP02-DEL04-MG;;;
688760;02/05/2025;sexta-feira;20:00:00;PE;101;76;RECIFE;Demais falhas mec�nicas ou el�tricas;Inc�ndio;Sem V�timas;Plena Noite;Decrescente;C�u Claro;Dupla;Reta;N�o;1;0;0;0;1;0;0;1;-8,128755;-34,944027;SPRF-PE;DEL01-PE;UOP01-DEL01-PE;;;
688761;02/05/2025;sexta-feira;21:50:00;PB;101;101,4;ALHANDRA;Aus�ncia de rea��o do condutor;Sa�da de leito carro��vel;Sem V�timas;Plena Noite;Decrescente;C�u Claro;Dupla;Reta;N�o;1;0;0;0;0;1;0;1;-7,28074;-34,939058;SPRF-PB;DEL01-PB;UOP01-DEL01-PB;;;
688763;02/05/2025;sexta-feira;21:10:00;SE;101;81;LARANJEIRAS;Aus�ncia de rea��o do condutor;Sa�da de leito carro��vel;Com V�timas Feridas;Plena Noite;Crescente;Garoa/Chuvisco;Dupla;Aclive;N�o;3;0;2;0;1;0;2;1;-10,80720792;-37,14029996;SPRF-SE;DEL01-SE;UOP01-DEL01-SE;;;
688764;02/05/2025;sexta-feira;22:50:00;RS;116;228;DOIS IRMAOS;Rea��o tardia ou ineficiente do condutor;Colis�o com objeto;Com V�timas Feridas;Plena Noite;Crescente;C�u Claro;Simples;Curva;N�o;2;0;1;0;0;1;1;2;-29,60402008;-51,1252049;SPRF-RS;DEL01-RS;UOP02-DEL01-RS;;;
688765;02/05/2025;sexta-feira;22:50:00;SC;101;25;JOINVILLE;Demais falhas mec�nicas ou el�tricas;Colis�o com objeto;Com V�timas Feridas;Plena Noite;Decrescente;C�u Claro;Dupla;"Reta;Ponte";N�o;3;0;1;0;2;0;1;2;-26,19526612;-48,91223637;SPRF-SC;DEL03-SC;UOP01-DEL03-SC;;;
688766;02/05/2025;sexta-feira;22:30:00;GO;153;515;APARECIDA DE GOIANIA;Manobra de mudan�a de faixa;Colis�o traseira;Com V�timas Feridas;Plena Noite;Decrescente;C�u Claro;Dupla;Reta;Sim;2;0;1;0;1;0;1;2;-16,83238926;-49,24359919;SPRF-GO;DEL01-GO;UOP03-DEL01-GO;;;
688767;02/05/2025;sexta-feira;22:15:00;CE;116;463;BARRO;Desrespeitar a prefer�ncia no cruzamento;Colis�o traseira;Sem V�timas;Plena Noite;Decrescente;C�u Claro;Simples;Reta;N�o;2;0;0;0;2;0;0;2;-7,20351946;-38,81461519;SPRF-CE;DEL05-CE;UOP03-DEL05-CE;;;
688768;02/05/2025;sexta-feira;18:45:00;MS;60;670;BELA VISTA;Condutor deixou de manter dist�ncia do ve�culo da frente;Colis�o traseira;Com V�timas Feridas;Plena Noite;Crescente;C�u Claro;Simples;"Interse��o de Vias;Reta";Sim;2;0;0;1;1;0;1;2;-22,07088209;-56,51692137;SPRF-MS;DEL05-MS;UOP01-DEL05-MS;;;
688769;02/05/2025;sexta-feira;18:20:00;MG;262;34;MANHUACU;Acessar a via sem observar a presen�a dos outros ve�culos;Colis�o transversal;Com V�timas Feridas;Plena Noite;Crescente;Nublado;Simples;Rotat�ria;Sim;2;0;1;0;1;0;1;2;-20,25759189;-42,02515695;SPRF-MG;DEL06-MG;UOP03-DEL06-MG;;;
688770;02/05/2025;sexta-feira;23:30:00;SC;101;208;SAO JOSE;Demais falhas mec�nicas ou el�tricas;Queda de ocupante de ve�culo;Com V�timas Feridas;Plena Noite;Decrescente;Ignorado;M�ltipla;Reta;Sim;1;0;1;0;0;0;1;1;-27,60850222;-48,63715522;SPRF-SC;DEL01-SC;UOP01-DEL01-SC;;;
688773;03/05/2025;s�bado;00:10:00;SP;116;224,8;GUARULHOS;Aus�ncia de rea��o do condutor;Colis�o lateral mesmo sentido;Com V�timas Feridas;Plena Noite;Decrescente;C�u Claro;M�ltipla;Reta;Sim;4;0;2;0;2;0;2;2;-23,48858143;-46,54421747;SPRF-SP;DEL01-SP;UOP01-DEL01-SP;;;
688775;02/05/2025;sexta-feira;23:20:00;RN;226;67;SERRA CAIADA;Animais na Pista;Atropelamento de Animal;Com V�timas Feridas;Plena Noite;Decrescente;C�u Claro;Dupla;Reta;N�o;2;0;1;0;1;0;1;1;-6,1048293;-35,707411;SPRF-RN;DEL01-RN;UOP02-DEL01-RN;;;
688778;02/05/2025;sexta-feira;19:50:00;RO;364;343;JI-PARANA;Rea��o tardia ou ineficiente do condutor;Colis�o traseira;Com V�timas Feridas;Anoitecer;Crescente;C�u Claro;M�ltipla;Reta;Sim;2;0;1;0;1;0;1;2;-10,877912;-61,94634;SPRF-RO;DEL02-RO;UOP01-DEL02-RO;;;
688780;02/05/2025;sexta-feira;23:05:00;MT;70;3,4;BARRA DO GARCAS;Rea��o tardia ou ineficiente do condutor;Queda de ocupante de ve�culo;Com V�timas Feridas;Plena Noite;Decrescente;C�u Claro;Dupla;Rotat�ria;Sim;1;0;1;0;0;0;1;1;-15,879599;-52,283828;SPRF-MT;DEL07-MT;UOP01-DEL07-MT;;;
688784;03/05/2025;s�bado;01:00:00;RN;427;97,1;CAICO;Rea��o tardia ou ineficiente do condutor;Colis�o com objeto;Com V�timas Feridas;Plena Noite;Crescente;C�u Claro;Simples;"Interse��o de Vias;Reta;Rotat�ria";N�o;1;0;0;1;0;0;1;1;-6,4575298;-37,05518126;SPRF-RN;DEL03-RN;UOP01-DEL03-RN;;;
688785;03/05/2025;s�bado;01:00:00;PE;101;126;ESCADA;Rea��o tardia ou ineficiente do condutor;Colis�o traseira;Com V�timas Feridas;Plena Noite;Crescente;C�u Claro;Dupla;Reta;Sim;3;0;2;0;1;0;2;2;-8,36981;-35,22983;SPRF-PE;DEL01-PE;UOP03-DEL01-PE;;;
688787;03/05/2025;s�bado;02:00:00;RJ;116;177;SAO JOAO DE MERITI;Demais falhas mec�nicas ou el�tricas;Inc�ndio;Sem V�timas;Plena Noite;Decrescente;C�u Claro;M�ltipla;Reta;N�o;1;0;0;0;0;1;0;1;-22,7823777;-43,3885306;SPRF-RJ;DEL06-RJ;UOP01-DEL06-RJ;;;
688788;03/05/2025;s�bado;01:55:00;PB;101;85,6;BAYEUX;Rea��o tardia ou ineficiente do condutor;Sa�da de leito carro��vel;Com V�timas Feridas;Plena Noite;Decrescente;C�u Claro;M�ltipla;"Interse��o de Vias;Curva";Sim;4;0;2;1;0;1;3;2;-7,148648;-34,91245;SPRF-PB;DEL01-PB;UOP01-DEL01-PB;;;
688791;02/05/2025;sexta-feira;22:00:00;PR;476;233;LAPA;Velocidade Incompat�vel;Sa�da de leito carro��vel;Sem V�timas;Plena Noite;Decrescente;Nublado;Simples;Curva;N�o;1;0;0;0;1;0;0;1;-25,88180855;-50,00946204;SPRF-PR;DEL02-PR;UOP03-DEL02-PR;;;
688793;03/05/2025;s�bado;04:30:00;MG;267;45,5;MARIPA DE MINAS;Transitar na contram�o;Colis�o frontal;Com V�timas Feridas;Plena Noite;Crescente;Nublado;Simples;Curva;Sim;5;0;4;0;1;0;4;2;-21,6968082;-42,96158686;SPRF-MG;DEL07-MG;UOP01-DEL07-MG;;;
688795;03/05/2025;s�bado;04:00:00;GO;60;133;GOIANIA;Animais na Pista;Atropelamento de Animal;Com V�timas Feridas;Plena Noite;Crescente;Ignorado;Dupla;"Reta;Declive";N�o;1;0;0;1;0;0;1;1;-16,5992224;-49,1879093;SPRF-GO;DEL01-GO;UOP01-DEL01-GO;;;
688796;03/05/2025;s�bado;05:15:00;MG;381;941,2;EXTREMA;Aus�ncia de sinaliza��o;Queda de ocupante de ve�culo;Com V�timas Feridas;Plena Noite;Decrescente;C�u Claro;Simples;"Reta;Interse��o de Vias";Sim;1;0;0;1;0;0;1;1;-22,83122519;-46,31558812;SPRF-MG;DEL16-MG;UOP03-DEL16-MG;;;
688797;03/05/2025;s�bado;05:00:00;PE;232;411;SERRA TALHADA;Ultrapassagem Indevida;Colis�o lateral mesmo sentido;Com V�timas Feridas;Amanhecer;Decrescente;C�u Claro;Simples;Reta;Sim;3;0;1;2;0;0;3;2;-7,9811244;-38,3055054;SPRF-PE;DEL04-PE;UOP01-DEL04-PE;;;
688798;02/05/2025;sexta-feira;22:50:00;RJ;101;407;ITAGUAI;Pedestre andava na pista;Atropelamento de Pedestre;Com V�timas Fatais;Plena Noite;Decrescente;C�u Claro;Dupla;Reta;Sim;2;1;0;0;0;1;0;2;-22,87833999;-43,81917357;SPRF-RJ;DEL03-RJ;UOP01-DEL03-RJ;;;
688799;03/05/2025;s�bado;04:30:00;PR;158;528,5;PATO BRANCO;Velocidade Incompat�vel;Sa�da de leito carro��vel;Sem V�timas;Plena Noite;Crescente;Chuva;Simples;Curva;N�o;1;0;0;0;0;1;0;1;-26,18355918;-52,66578404;SPRF-PR;DEL02-PR;UOP01-DEL02-PR;;;
688802;03/05/2025;s�bado;05:00:00;SC;282;222,1;LAGES;Rea��o tardia ou ineficiente do condutor;Colis�o com objeto;Sem V�timas;Plena Noite;Decrescente;C�u Claro;Simples;Curva;Sim;1;0;0;0;1;0;0;1;-27,7975146;-50,35276651;SPRF-SC;DEL05-SC;UOP01-DEL05-SC;;;
688804;03/05/2025;s�bado;06:40:00;RN;304;301,2;MACAIBA;Rea��o tardia ou ineficiente do condutor;Colis�o traseira;Com V�timas Feridas;Pleno dia;Crescente;Sol;Dupla;Reta;N�o;3;0;0;2;1;0;2;2;-5,877652;-35,303668;SPRF-RN;DEL01-RN;UOP02-DEL01-RN;;;
688805;03/05/2025;s�bado;06:00:00;PR;158;528,5;PATO BRANCO;Velocidade Incompat�vel;Colis�o traseira;Sem V�timas;Amanhecer;Decrescente;C�u Claro;Simples;Curva;Sim;3;0;0;0;3;0;0;2;-26,18355918;-52,66578404;SPRF-PR;DEL02-PR;UOP01-DEL02-PR;;;
688806;03/05/2025;s�bado;00:13:00;PR;116;8,3;CAMPINA GRANDE DO SUL;Condutor Dormindo;Tombamento;Sem V�timas;Plena Noite;Crescente;Nublado;Dupla;Reta;Sim;1;0;0;0;0;1;0;1;-25,369138;-49,113435;SPRF-PR;DEL01-PR;UOP02-DEL01-PR;;;
688807;03/05/2025;s�bado;06:15:00;RJ;101;220;SILVA JARDIM;Demais Fen�menos da natureza;Colis�o traseira;Com V�timas Feridas;Amanhecer;Decrescente;Sol;Dupla;Reta;N�o;2;0;1;0;1;0;1;2;-22,51508507;-42,31752465;SPRF-RJ;DEL02-RJ;UOP03-DEL02-RJ;;;
688808;03/05/2025;s�bado;03:51:00;MT;364;289;JACIARA;Rea��o tardia ou ineficiente do condutor;Sa�da de leito carro��vel;Sem V�timas;Amanhecer;Crescente;C�u Claro;Dupla;"Reta;Declive";N�o;3;0;0;0;2;1;0;1;-15,90640833;-55,08298593;SPRF-MT;DEL05-MT;UOP02-DEL05-MT;;;
688809;02/05/2025;sexta-feira;23:30:00;PR;163;10;BARRACAO;Condutor deixou de manter dist�ncia do ve�culo da frente;Colis�o traseira;Com V�timas Feridas;Plena Noite;Crescente;C�u Claro;Simples;Declive;Sim;3;0;2;0;1;0;2;2;-26,24846918;-53,63476896;SPRF-PR;DEL02-PR;UOP02-DEL02-PR;;;
688812;03/05/2025;s�bado;03:30:00;GO;364;311;MINEIROS;Rea��o tardia ou ineficiente do condutor;Sa�da de leito carro��vel;Com V�timas Feridas;Plena Noite;Crescente;C�u Claro;Simples;Interse��o de Vias;N�o;3;0;1;2;0;0;3;1;-17,486596;-52,555269;SPRF-GO;DEL05-GO;UOP01-DEL05-GO;;;
688813;03/05/2025;s�bado;07:10:00;SC;101;202,3;SAO JOSE;Ingest�o de �lcool pelo condutor;Colis�o com objeto;Sem V�timas;Pleno dia;Decrescente;C�u Claro;Dupla;Reta;Sim;1;0;0;0;1;0;0;1;-27,55981;-48,61696;SPRF-SC;DEL01-SC;UOP01-DEL01-SC;;;
688814;03/05/2025;s�bado;04:15:00;RJ;40;112;DUQUE DE CAXIAS;Condutor Dormindo;Tombamento;Com V�timas Feridas;Plena Noite;Decrescente;C�u Claro;Dupla;Reta;Sim;1;0;1;0;0;0;1;1;-22,7033608;-43,2903067;SPRF-RJ;DEL01-RJ;UOP02-DEL01-RJ;;;
688815;03/05/2025;s�bado;07:30:00;MG;262;365;JUATUBA;Demais falhas mec�nicas ou el�tricas;Sa�da de leito carro��vel;Com V�timas Feridas;Pleno dia;Crescente;C�u Claro;Dupla;Reta;N�o;4;0;4;0;0;0;4;1;-19,97258701;-44,31057421;SPRF-MG;DEL01-MG;UOP03-DEL01-MG;;;
688816;03/05/2025;s�bado;07:40:00;PB;230;10,9;CABEDELO;Rea��o tardia ou ineficiente do condutor;Tombamento;Com V�timas Feridas;Pleno dia;Crescente;C�u Claro;Dupla;"Reta;Em Obras";N�o;1;0;0;1;0;0;1;1;-7,06404;-34,850199;SPRF-PB;DEL01-PB;UOP01-DEL01-PB;;;
688817;03/05/2025;s�bado;06:50:00;SP;381;86;SAO PAULO;Velocidade Incompat�vel;Colis�o com objeto;Com V�timas Feridas;Pleno dia;Crescente;C�u Claro;M�ltipla;Curva;Sim;1;0;0;1;0;0;1;1;-23,467525;-46,571333;SPRF-SP;DEL03-SP;UOP01-DEL03-SP;;;
688818;03/05/2025;s�bado;08:30:00;PB;230;148;CAMPINA GRANDE;Rea��o tardia ou ineficiente do condutor;Colis�o traseira;Com V�timas Feridas;Pleno dia;Crescente;Sol;Dupla;"Reta;Em Obras";Sim;3;0;2;0;1;0;2;2;-7,24256;-35,856715;SPRF-PB;DEL02-PB;UOP01-DEL02-PB;;;
688820;03/05/2025;s�bado;09:00:00;PE;101;51;IGARASSU;Acumulo de �leo sobre o pavimento;Tombamento;Com V�timas Feridas;Pleno dia;Decrescente;C�u Claro;M�ltipla;Reta;Sim;2;0;2;0;0;0;2;1;-7,92067314;-34,89428401;SPRF-PE;DEL01-PE;UOP02-DEL01-PE;;;
688821;17/04/2025;quinta-feira;18:20:00;ES;101;66,5;SAO MATEUS;Acessar a via sem observar a presen�a dos outros ve�culos;Colis�o transversal;Com V�timas Feridas;Plena Noite;Crescente;Garoa/Chuvisco;Simples;Reta;Sim;2;0;2;0;0;0;2;2;-18,6489329;-39,8735795;SPRF-ES;DEL04-ES;UOP02-DEL04-ES;;;
688822;22/04/2025;ter�a-feira;05:20:00;SC;116;2;MAFRA;Acessar a via sem observar a presen�a dos outros ve�culos;Colis�o transversal;Com V�timas Feridas;Pleno dia;Crescente;C�u Claro;Simples;Reta;Sim;4;0;2;0;2;0;2;2;-26,1217569;-49,7915058;SPRF-SC;DEL06-SC;UOP01-DEL06-SC;;;
688823;30/04/2025;quarta-feira;23:55:00;BA;101;408;IBIRAPITANGA;Pedestre andava na pista;Atropelamento de Pedestre;Com V�timas Feridas;Plena Noite;Decrescente;Nublado;Simples;Reta;N�o;2;0;1;0;1;0;1;2;-14,03949155;-39,40779805;SPRF-BA;DEL05-BA;UOP03-DEL05-BA;;;
688824;03/05/2025;s�bado;06:00:00;PI;407;475,7;JAICOS;Mal s�bito do condutor;Colis�o com objeto;Com V�timas Fatais;Pleno dia;Crescente;Sol;Simples;Reta;N�o;13;1;12;0;0;0;12;1;-7,425362;-41,200508;SPRF-PI;DEL04-PI;UOP01-DEL04-PI;;;
688825;03/05/2025;s�bado;08:20:00;BA;101;504;ITABUNA;Acessar a via sem observar a presen�a dos outros ve�culos;Colis�o transversal;Com V�timas Feridas;Pleno dia;Decrescente;Sol;Simples;"Reta;Aclive";Sim;3;0;3;0;0;0;3;2;-14,781773;-39,289507;SPRF-BA;DEL05-BA;UOP01-DEL05-BA;;;
688826;03/05/2025;s�bado;09:28:00;PR;376;201;MARIALVA;Avarias e/ou desgaste excessivo no pneu;Queda de ocupante de ve�culo;Com V�timas Feridas;Pleno dia;Decrescente;C�u Claro;Dupla;Reta;N�o;2;0;2;0;0;0;2;1;-23,507664;-51,729556;SPRF-PR;DEL09-PR;UOP01-DEL09-PR;;;
688827;03/05/2025;s�bado;08:15:00;MT;364;304,1;JACIARA;Rea��o tardia ou ineficiente do condutor;Sa�da de leito carro��vel;Com V�timas Feridas;Pleno dia;Decrescente;C�u Claro;Dupla;Reta;N�o;3;0;0;3;0;0;3;1;-15,825128;-55,197189;SPRF-MT;DEL05-MT;UOP02-DEL05-MT;;;
688828;03/05/2025;s�bado;09:00:00;PE;104;63,2;CARUARU;Rea��o tardia ou ineficiente do condutor;Colis�o traseira;Com V�timas Feridas;Pleno dia;Decrescente;C�u Claro;Dupla;Interse��o de Vias;Sim;2;0;1;0;1;0;1;2;-8,263323;-35,976227;SPRF-PE;DEL02-PE;UOP01-DEL02-PE;;;
688829;10/04/2025;quinta-feira;18:00:00;GO;70;470;ARAGARCAS;Manobra de mudan�a de faixa;Colis�o com objeto;Com V�timas Feridas;Anoitecer;Decrescente;C�u Claro;Dupla;Reta;Sim;2;0;1;0;0;1;1;2;-15,8968323;-52,23965317;SPRF-GO;DEL04-GO;UOP02-DEL04-GO;;;
688830;03/05/2025;s�bado;09:00:00;MG;40;782,1;JUIZ DE FORA;Avarias e/ou desgaste excessivo no pneu;Capotamento;Com V�timas Feridas;Pleno dia;Crescente;C�u Claro;Dupla;Reta;N�o;1;0;1;0;0;0;1;1;-21,7147064;-43,4399527;SPRF-MG;DEL05-MG;UOP01-DEL05-MG;;;
688831;02/05/2025;sexta-feira;17:30:00;TO;153;113;WANDERLANDIA;Carga excessiva e/ou mal acondicionada;Derramamento de carga;Com V�timas Feridas;Pleno dia;Crescente;C�u Claro;Simples;Reta;N�o;1;0;0;1;0;0;1;1;-6,89422552;-48,01347826;SPRF-TO;DEL02-TO;UOP01-DEL02-TO;;;
688835;03/05/2025;s�bado;10:10:00;PR;277;630;CEU AZUL;Rea��o tardia ou ineficiente do condutor;Sa�da de leito carro��vel;Com V�timas Feridas;Pleno dia;Decrescente;C�u Claro;Simples;Reta;N�o;5;0;4;0;1;0;4;1;-25,113329;-53,793316;SPRF-PR;DEL05-PR;UOP02-DEL05-PR;;;
688837;03/05/2025;s�bado;10:35:00;ES;101;281;SERRA;Velocidade Incompat�vel;Sa�da de leito carro��vel;Com V�timas Feridas;Pleno dia;Crescente;C�u Claro;Dupla;Curva;N�o;1;0;0;1;0;0;1;1;-20,037632;-40,1965056;SPRF-ES;DEL02-ES;UOP01-DEL02-ES;;;
688841;03/05/2025;s�bado;08:00:00;MT;163;747;SORRISO;Velocidade Incompat�vel;Sa�da de leito carro��vel;Com V�timas Feridas;Pleno dia;Decrescente;C�u Claro;Simples;"Retorno Regulamentado;Curva;Rotat�ria";Sim;1;0;1;0;0;0;1;1;-12,59897325;-55,74823058;SPRF-MT;DEL06-MT;UOP01-DEL06-MT;;;
688842;03/05/2025;s�bado;10:30:00;SC;470;143;LAURENTINO;Convers�o proibida;Colis�o transversal;Com V�timas Feridas;Pleno dia;Decrescente;C�u Claro;Simples;Reta;N�o;2;0;2;0;0;0;2;2;-27,24311993;-49,6891994;SPRF-SC;DEL04-SC;UOP02-DEL04-SC;;;
688843;24/01/2025;sexta-feira;07:50:00;PE;101;101;CABO DE SANTO AGOSTINHO;Acessar a via sem observar a presen�a dos outros ve�culos;Colis�o traseira;Sem V�timas;Amanhecer;Decrescente;Ignorado;Dupla;Reta;N�o;2;0;0;0;1;1;0;2;-8,30832229;-35,07359505;SPRF-PE;DEL01-PE;UOP03-DEL01-PE;;;
688844;03/05/2025;s�bado;09:15:00;PE;232;46,4;VITORIA DE SANTO ANTAO;Avarias e/ou desgaste excessivo no pneu;Tombamento;Com V�timas Feridas;Pleno dia;Crescente;C�u Claro;Dupla;Reta;N�o;2;0;2;0;0;0;2;1;-8,13565;-35,292911;SPRF-PE;DEL01-PE;UOP01-DEL01-PE;;;
688845;03/05/2025;s�bado;10:00:00;MG;356;267,7;MURIAE;Condutor deixou de manter dist�ncia do ve�culo da frente;Colis�o traseira;Com V�timas Feridas;Pleno dia;Decrescente;Sol;Simples;"Declive;Reta";Sim;2;0;1;0;1;0;1;2;-21,126284;-42,351421;SPRF-MG;DEL07-MG;UOP02-DEL07-MG;;;
688846;03/05/2025;s�bado;10:40:00;PI;316;9;TERESINA;Manobra de mudan�a de faixa;Colis�o lateral mesmo sentido;Com V�timas Feridas;Pleno dia;Crescente;C�u Claro;M�ltipla;Reta;Sim;2;0;1;0;1;0;1;2;-5,04361821;-42,72362872;SPRF-PI;DEL01-PI;UOP02-DEL01-PI;;;
688847;03/05/2025;s�bado;11:15:00;PE;408;93,3;SAO LOURENCO DA MATA;Rea��o tardia ou ineficiente do condutor;Colis�o com objeto;Com V�timas Feridas;Pleno dia;Decrescente;C�u Claro;Simples;Reta;N�o;3;0;1;0;2;0;1;2;-8,04885;-35,00752;SPRF-PE;DEL01-PE;UOP01-DEL01-PE;;;
688848;03/05/2025;s�bado;09:15:00;MG;116;414,1;GOVERNADOR VALADARES;Ultrapassagem Indevida;Colis�o lateral mesmo sentido;Com V�timas Feridas;Pleno dia;Decrescente;C�u Claro;Simples;Reta;Sim;3;0;2;0;1;0;2;2;-18,88403263;-41,94849975;SPRF-MG;DEL06-MG;UOP01-DEL06-MG;;;
688852;03/05/2025;s�bado;11:50:00;CE;222;3,7;CAUCAIA;Animais na Pista;Colis�o traseira;Com V�timas Feridas;Pleno dia;Crescente;Nublado;Dupla;"Reta;Declive";Sim;2;0;2;0;0;0;2;2;-3,7538317;-38,6254421;SPRF-CE;DEL01-CE;UOP01-DEL01-CE;;;
688853;03/05/2025;s�bado;12:15:00;AL;101;138,5;SAO MIGUEL DOS CAMPOS;Acessar a via sem observar a presen�a dos outros ve�culos;Colis�o transversal;Sem V�timas;Pleno dia;Crescente;C�u Claro;Simples;"Em Obras;Reta";Sim;2;0;0;0;2;0;0;2;-9,80543578;-36,11462474;SPRF-AL;DEL02-AL;UOP01-DEL02-AL;;;
688855;03/05/2025;s�bado;10:00:00;DF;70;9,8;BRASILIA;Suic�dio (presumido);Atropelamento de Pedestre;Com V�timas Fatais;Pleno dia;Crescente;C�u Claro;Dupla;Reta;Sim;3;1;0;0;1;1;0;2;-15,787823;-48,14306;SPRF-DF;DEL03-DF;UOP02-DEL03-DF;;;
688857;03/05/2025;s�bado;11:45:00;RJ;40;84;PETROPOLIS;Rea��o tardia ou ineficiente do condutor;Queda de ocupante de ve�culo;Com V�timas Feridas;Pleno dia;Crescente;C�u Claro;Simples;"Declive;Reta";N�o;2;0;2;0;0;0;2;1;-22,52411299;-43,23610425;SPRF-RJ;DEL01-RJ;UOP01-DEL01-RJ;;;
688858;03/05/2025;s�bado;13:00:00;MG;381;496,6;BETIM;Aus�ncia de rea��o do condutor;Tombamento;Com V�timas Feridas;Pleno dia;Decrescente;Nublado;Dupla;Curva;Sim;2;0;1;1;0;0;2;1;-19,9762873;-44,19910958;SPRF-MG;DEL01-MG;UOP03-DEL01-MG;;;
688859;03/05/2025;s�bado;13:00:00;RJ;101;425;MANGARATIBA;Acessar a via sem observar a presen�a dos outros ve�culos;Colis�o transversal;Com V�timas Feridas;Pleno dia;Crescente;C�u Claro;Simples;Reta;N�o;7;0;1;0;6;0;1;2;-22,9441536;-43,9943168;SPRF-RJ;DEL03-RJ;UOP02-DEL03-RJ;;;
688864;03/05/2025;s�bado;12:59:00;PB;230;41;SANTA RITA;Pedestre cruzava a pista fora da faixa;Atropelamento de Pedestre;Com V�timas Fatais;Pleno dia;Crescente;C�u Claro;Dupla;Curva;N�o;2;1;0;0;1;0;0;2;-7,14178057;-34,99411583;SPRF-PB;DEL01-PB;UOP02-DEL01-PB;;;
688866;03/05/2025;s�bado;13:25:00;PR;116;28;CAMPINA GRANDE DO SUL;Rea��o tardia ou ineficiente do condutor;Colis�o com objeto;Com V�timas Feridas;Pleno dia;Decrescente;C�u Claro;Dupla;"Curva;Declive";N�o;5;0;2;0;3;0;2;1;-25,10670298;-48,80405799;SPRF-PR;DEL01-PR;UOP02-DEL01-PR;;;
688869;03/05/2025;s�bado;13:40:00;PR;376;605;CURITIBA;Demais falhas mec�nicas ou el�tricas;Tombamento;Com V�timas Feridas;Pleno dia;Crescente;C�u Claro;Dupla;Reta;Sim;2;0;2;0;0;0;2;1;-25,52909073;-49,3273228;SPRF-PR;DEL01-PR;UOP06-DEL01-PR;;;
688870;03/05/2025;s�bado;13:30:00;PE;101;69;RECIFE;Acessar a via sem observar a presen�a dos outros ve�culos;Colis�o transversal;Com V�timas Feridas;Pleno dia;Crescente;C�u Claro;M�ltipla;Reta;Sim;2;0;0;1;1;0;1;2;-8,063808;-34,944462;SPRF-PE;DEL01-PE;UOP01-DEL01-PE;;;