id;data_inversa;dia_semana;horario;uf;br;km;municipio;causa_acidente;tipo_acidente;classificacao_acidente;fase_dia;sentido_via;condicao_metereologica;tipo_pista;tracado_via;uso_solo;pessoas;mortos;feridos_leves;feridos_graves;ilesos;ignorados;feridos;veiculos;latitude;longitude;regional;delegacia;uop;;;
688979;04/05/2025;domingo;02:20:00;SP;381;86;SAO PAULO;Pedestre cruzava a pista fora da faixa;Atropelamento de Pedestre;Com V�timas Feridas;Plena Noite;Decrescente;C�u Claro;M�ltipla;Reta;N�o;2;0;0;1;1;0;1;2;-23,46104177;-46,57173157;SPRF-SP;DEL03-SP;UOP01-DEL03-SP;;;
688983;04/05/2025;domingo;02:02:00;MS;163;548,7;BANDEIRANTES;Ingest�o de �lcool pelo condutor;Tombamento;Com V�timas Feridas;Plena Noite;Crescente;C�u Claro;Simples;"Reta;Aclive";Sim;2;0;2;0;0;0;2;1;-19,926913;-54,366044;SPRF-MS;DEL01-MS;UOP02-DEL01-MS;;;
688984;03/05/2025;s�bado;19:10:00;RS;116;427;CRISTAL;Ingest�o de �lcool pelo condutor;Colis�o transversal;Com V�timas Feridas;Plena Noite;Crescente;Nublado;Simples;Reta;Sim;3;0;1;0;0;2;1;2;-30,99766032;-52,0491854;SPRF-RS;DEL02-RS;UOP02-DEL02-RS;;;
688985;04/05/2025;domingo;01:50:00;BA;101;443;UBAITABA;Ingest�o de �lcool pelo condutor;Atropelamento de Pedestre;Com V�timas Feridas;Plena Noite;Decrescente;C�u Claro;Simples;"Reta;Declive";N�o;3;0;0;3;0;0;3;2;-14,307208;-39,321835;SPRF-BA;DEL05-BA;UOP01-DEL05-BA;;;
688986;04/05/2025;domingo;01:10:00;MT;364;603;DIAMANTINO;Condutor Dormindo;Sa�da de leito carro��vel;Sem V�timas;Plena Noite;Decrescente;C�u Claro;Simples;"Reta;Declive";N�o;1;0;0;0;1;0;0;1;-14,49034783;-56,22620774;SPRF-MT;DEL01-MT;UOP01-DEL01-MT;;;
688987;04/05/2025;domingo;03:40:00;PR;277;597,4;CASCAVEL;Aus�ncia de rea��o do condutor;Sa�da de leito carro��vel;Com V�timas Feridas;Plena Noite;Crescente;C�u Claro;Simples;Reta;Sim;2;0;2;0;0;0;2;1;-24,97108524;-53,43304735;SPRF-PR;DEL04-PR;UOP01-DEL04-PR;;;
688988;04/05/2025;domingo;03:45:00;SC;282;478;VARGEAO;Rea��o tardia ou ineficiente do condutor;Sa�da de leito carro��vel;Sem V�timas;Pleno dia;Crescente;C�u Claro;Simples;Reta;N�o;1;0;0;0;1;0;0;1;-26,88259;-52,166452;SPRF-SC;DEL07-SC;UOP01-DEL07-SC;;;
688990;04/05/2025;domingo;04:15:00;PB;104;115,1;LAGOA SECA;Ingest�o de �lcool pelo condutor;Colis�o traseira;Com V�timas Feridas;Amanhecer;Crescente;Nublado;Simples;Reta;Sim;2;0;1;0;0;1;1;2;-7,162552;-35,857317;SPRF-PB;DEL02-PB;UOP04-DEL02-PB;;;
688992;04/05/2025;domingo;04:50:00;SC;280;69;JARAGUA DO SUL;Aus�ncia de rea��o do condutor;Sa�da de leito carro��vel;Com V�timas Feridas;Plena Noite;Crescente;C�u Claro;Simples;"Curva;Viaduto";Sim;1;0;1;0;0;0;1;1;-26,46728659;-49,120382;SPRF-SC;DEL03-SC;UOP03-DEL03-SC;;;
688993;04/05/2025;domingo;05:25:00;SC;101;199;BIGUACU;Condutor deixou de manter dist�ncia do ve�culo da frente;Capotamento;Sem V�timas;Amanhecer;Decrescente;C�u Claro;Dupla;Reta;Sim;2;0;0;0;2;0;0;2;-27,42250473;-48,641293;SPRF-SC;DEL01-SC;UOP01-DEL01-SC;;;
688994;04/05/2025;domingo;04:00:00;SC;280;48;GUARAMIRIM;Aus�ncia de rea��o do condutor;Sa�da de leito carro��vel;Com V�timas Feridas;Amanhecer;Decrescente;Sol;Dupla;Reta;N�o;2;0;2;0;0;0;2;1;-26,45915;-48,92956;SPRF-SC;DEL03-SC;UOP03-DEL03-SC;;;
688995;04/05/2025;domingo;03:50:00;MG;365;646,6;UBERLANDIA;Condutor deixou de manter dist�ncia do ve�culo da frente;Colis�o traseira;Com V�timas Feridas;Plena Noite;Decrescente;C�u Claro;Dupla;Reta;N�o;8;0;4;0;3;1;4;3;-18,87561264;-48,52480276;SPRF-MG;DEL15-MG;UOP01-DEL15-MG;;;
688997;04/05/2025;domingo;04:50:00;SC;470;3;NAVEGANTES;Rea��o tardia ou ineficiente do condutor;Colis�o com objeto;Com V�timas Feridas;Amanhecer;Decrescente;C�u Claro;Simples;"Viaduto;Interse��o de Vias";Sim;1;0;1;0;0;0;1;1;-26,86770663;-48,67576587;SPRF-SC;DEL04-SC;UOP04-DEL04-SC;;;
688998;04/05/2025;domingo;05:40:00;PB;230;20,2;JOAO PESSOA;Trafegar com motocicleta (ou similar) entre as faixas;Tombamento;Com V�timas Feridas;Amanhecer;Crescente;C�u Claro;Dupla;"Retorno Regulamentado;Aclive;Curva";Sim;1;0;0;1;0;0;1;1;-7,137312;-34,853745;SPRF-PB;DEL01-PB;UOP01-DEL01-PB;;;
688999;04/05/2025;domingo;05:45:00;RS;285;286,7;PASSO FUNDO;Ingest�o de �lcool pelo condutor;Sa�da de leito carro��vel;Sem V�timas;Amanhecer;Decrescente;C�u Claro;Simples;Interse��o de Vias;N�o;1;0;0;0;1;0;0;1;-28,23972638;-52,31998253;SPRF-RS;DEL08-RS;UOP03-DEL08-RS;;;
689000;04/05/2025;domingo;01:23:00;PR;369;484;CORBELIA;Ingest�o de �lcool pelo condutor;Sa�da de leito carro��vel;Sem V�timas;Plena Noite;Crescente;C�u Claro;Dupla;Reta;N�o;1;0;0;0;0;1;0;1;-24,78997053;-53,28888341;SPRF-PR;DEL04-PR;UOP03-DEL04-PR;;;
689001;04/05/2025;domingo;04:00:00;PB;104;70,5;ALGODAO DE JANDAIRA;Velocidade Incompat�vel;Capotamento;Com V�timas Feridas;Plena Noite;Crescente;C�u Claro;Simples;Reta;N�o;3;0;1;0;0;2;1;2;-6,83563299;-35,915588;SPRF-PB;DEL02-PB;UOP04-DEL02-PB;;;
689002;04/05/2025;domingo;05:35:00;RS;293;113,9;PINHEIRO MACHADO;Ingest�o de �lcool pelo condutor;Colis�o lateral sentido oposto;Com V�timas Feridas;Plena Noite;Crescente;C�u Claro;Simples;Reta;N�o;6;0;1;0;5;0;1;2;-31,54635657;-53,44075584;SPRF-RS;DEL11-RS;UOP03-DEL11-RS;;;
689003;04/05/2025;domingo;06:00:00;MG;262;358;BETIM;Aus�ncia de rea��o do condutor;Tombamento;Com V�timas Feridas;Pleno dia;Crescente;C�u Claro;Dupla;Reta;Sim;1;0;1;0;0;0;1;1;-19,98310612;-44,23624501;SPRF-MG;DEL01-MG;UOP03-DEL01-MG;;;
689004;03/05/2025;s�bado;23:30:00;SC;470;45;GASPAR;Demais falhas mec�nicas ou el�tricas;Tombamento;Com V�timas Feridas;Plena Noite;Crescente;C�u Claro;Simples;Reta;N�o;2;0;2;0;0;0;2;1;-26,86660772;-49,03214201;SPRF-SC;DEL04-SC;UOP01-DEL04-SC;;;
689005;04/05/2025;domingo;05:15:00;RS;285;590,6;BOSSOROCA;Aus�ncia de rea��o do condutor;Colis�o traseira;Sem V�timas;Plena Noite;Crescente;C�u Claro;Simples;Reta;N�o;3;0;0;0;2;1;0;2;-28,47291652;-55,16355515;SPRF-RS;DEL12-RS;UOP01-DEL12-RS;;;
689006;04/05/2025;domingo;06:32:00;ES;101;32;CONCEICAO DA BARRA;Acessar a via sem observar a presen�a dos outros ve�culos;Colis�o transversal;Sem V�timas;Pleno dia;Crescente;Sol;Simples;Interse��o de Vias;N�o;3;0;0;0;1;2;0;2;-18,43832056;-39,93303191;SPRF-ES;DEL04-ES;UOP02-DEL04-ES;;;
689007;04/05/2025;domingo;02:10:00;RJ;493;19;GUAPIMIRIM;Aus�ncia de rea��o do condutor;Colis�o transversal;Com V�timas Feridas;Plena Noite;Decrescente;C�u Claro;Simples;Reta;Sim;2;0;0;1;1;0;1;2;-22,66886788;-43,02155972;SPRF-RJ;DEL04-RJ;UOP02-DEL04-RJ;;;
689008;04/05/2025;domingo;07:30:00;RJ;40;79;PETROPOLIS;Rea��o tardia ou ineficiente do condutor;Queda de ocupante de ve�culo;Com V�timas Feridas;Pleno dia;Decrescente;C�u Claro;Simples;Curva;Sim;1;0;1;0;0;0;1;1;-22,5152767;-43,2249318;SPRF-RJ;DEL01-RJ;UOP01-DEL01-RJ;;;
689009;04/05/2025;domingo;06:20:00;SP;116;230;SAO PAULO;Pedestre andava na pista;Atropelamento de Pedestre;Com V�timas Fatais;Amanhecer;Crescente;C�u Claro;M�ltipla;Reta;Sim;2;1;0;0;0;1;0;2;-23,51552901;-46,57914567;SPRF-SP;DEL01-SP;UOP01-DEL01-SP;;;
689010;17/04/2025;quinta-feira;16:20:00;RS;116;395;CAMAQUA;Demais falhas mec�nicas ou el�tricas;Inc�ndio;Sem V�timas;Pleno dia;Crescente;C�u Claro;Dupla;Reta;Sim;6;0;0;0;6;0;0;1;-30,8499297;-51,76844716;SPRF-RS;DEL02-RS;UOP02-DEL02-RS;;;
689012;04/05/2025;domingo;07:15:00;RS;290;421,5;SAO GABRIEL;Aus�ncia de rea��o do condutor;Sa�da de leito carro��vel;Com V�timas Feridas;Pleno dia;Crescente;C�u Claro;M�ltipla;Reta;Sim;1;0;1;0;0;0;1;1;-30,25515641;-54,64580297;SPRF-RS;DEL11-RS;UOP02-DEL11-RS;;;
689013;04/05/2025;domingo;08:30:00;SC;101;229;PALHOCA;Condutor Dormindo;Sa�da de leito carro��vel;Com V�timas Feridas;Pleno dia;Crescente;C�u Claro;M�ltipla;Reta;N�o;2;0;2;0;0;0;2;1;-27,76566331;-48,63100139;SPRF-SC;DEL01-SC;UOP02-DEL01-SC;;;
689014;04/05/2025;domingo;06:15:00;MT;163;18,5;ITIQUIRA;Ingest�o de �lcool pelo condutor;Queda de ocupante de ve�culo;Com V�timas Feridas;Amanhecer;Decrescente;C�u Claro;Dupla;Reta;N�o;1;0;1;0;0;0;1;1;-17,47499949;-54,74268436;SPRF-MT;DEL02-MT;UOP03-DEL02-MT;;;
689015;04/05/2025;domingo;05:50:00;RS;285;64,9;BOM JESUS;Ingest�o de �lcool pelo condutor;Sa�da de leito carro��vel;Com V�timas Feridas;Plena Noite;Decrescente;Nevoeiro/Neblina;Simples;Curva;N�o;3;0;2;0;1;0;2;1;-28,6410703;-50,4596605;SPRF-RS;DEL05-RS;UOP03-DEL05-RS;;;
689016;04/05/2025;domingo;05:50:00;MA;10;35,7;CAROLINA;Pedestre andava na pista;Atropelamento de Pedestre;Com V�timas Fatais;Amanhecer;Crescente;C�u Claro;Simples;Reta;N�o;2;1;0;0;1;0;0;2;-7,33378;-47,44935;SPRF-MA;DEL04-MA;UOP02-DEL04-MA;;;
689017;04/05/2025;domingo;04:30:00;MG;356;279,6;EUGENOPOLIS;Ingest�o de �lcool pelo condutor;Sa�da de leito carro��vel;Com V�timas Feridas;Plena Noite;Decrescente;Nevoeiro/Neblina;Simples;Curva;N�o;2;0;2;0;0;0;2;1;-21,12541757;-42,2553277;SPRF-MG;DEL07-MG;UOP02-DEL07-MG;;;
689019;04/05/2025;domingo;04:30:00;MA;10;39;CAROLINA;Transitar no Acostamento;Colis�o traseira;Com V�timas Fatais;Amanhecer;Decrescente;C�u Claro;Simples;Reta;N�o;1;1;0;0;0;0;0;1;-7,2962333;-47,4497117;SPRF-MA;DEL04-MA;UOP02-DEL04-MA;;;
689020;04/05/2025;domingo;08:15:00;RJ;356;21;ITAPERUNA;Convers�o proibida;Colis�o lateral mesmo sentido;Com V�timas Feridas;Amanhecer;Decrescente;Nublado;Simples;Reta;Sim;2;0;1;0;1;0;1;2;-21,1763505;-41,9995581;SPRF-RJ;DEL08-RJ;UOP03-DEL08-RJ;;;
689022;04/05/2025;domingo;09:30:00;PR;277;74;SAO JOSE DOS PINHAIS;Velocidade Incompat�vel;Queda de ocupante de ve�culo;Com V�timas Feridas;Pleno dia;Crescente;C�u Claro;Simples;Reta;N�o;1;0;1;0;0;0;1;1;-25,49675599;-49,16170327;SPRF-PR;DEL01-PR;UOP07-DEL01-PR;;;
689024;04/05/2025;domingo;08:40:00;SP;116;111,6;TAUBATE;Rea��o tardia ou ineficiente do condutor;Tombamento;Com V�timas Feridas;Pleno dia;Decrescente;C�u Claro;Dupla;Reta;Sim;1;0;1;0;0;0;1;1;-23,04091692;-45,56796312;SPRF-SP;DEL02-SP;UOP02-DEL02-SP;;;
689025;04/05/2025;domingo;09:55:00;SC;101;112,1;NAVEGANTES;Aus�ncia de rea��o do condutor;Colis�o traseira;Com V�timas Feridas;Pleno dia;Decrescente;Sol;Dupla;Reta;N�o;2;0;1;0;1;0;1;2;-26,84257893;-48,71702939;SPRF-SC;DEL04-SC;UOP04-DEL04-SC;;;
689026;04/05/2025;domingo;10:00:00;RN;226;175,7;CURRAIS NOVOS;Transitar na contram�o;Colis�o frontal;Com V�timas Feridas;Pleno dia;Crescente;C�u Claro;Dupla;Reta;Sim;2;0;1;0;1;0;1;2;-6,25972798;-36,51470214;SPRF-RN;DEL03-RN;UOP02-DEL03-RN;;;
689028;04/05/2025;domingo;10:05:00;SE;235;54;ITABAIANA;Rea��o tardia ou ineficiente do condutor;Colis�o traseira;Com V�timas Feridas;Pleno dia;Decrescente;Nublado;Simples;Reta;Sim;2;0;1;0;1;0;1;2;-10,67880607;-37,44167681;SPRF-SE;DEL01-SE;UOP02-DEL01-SE;;;
689030;04/05/2025;domingo;10:30:00;BA;324;618;SALVADOR;Avarias e/ou desgaste excessivo no pneu;Queda de ocupante de ve�culo;Com V�timas Feridas;Pleno dia;Decrescente;Nublado;M�ltipla;Reta;Sim;2;0;1;1;0;0;2;1;-12,900841;-38,452042;SPRF-BA;DEL01-BA;UOP01-DEL01-BA;;;
689033;04/05/2025;domingo;07:40:00;RO;364;703;PORTO VELHO;Aus�ncia de rea��o do condutor;Sa�da de leito carro��vel;Sem V�timas;Pleno dia;Crescente;C�u Claro;Dupla;Reta;N�o;1;0;0;0;1;0;0;1;-8,8003;-63,79877;SPRF-RO;DEL01-RO;UOP01-DEL01-RO;;;
689034;04/05/2025;domingo;10:00:00;GO;60;211,1;VARJAO;Acessar a via sem observar a presen�a dos outros ve�culos;Colis�o traseira;Com V�timas Feridas;Pleno dia;Decrescente;C�u Claro;Dupla;"Curva;Declive;Retorno Regulamentado";N�o;3;0;1;0;2;0;1;2;-16,95333652;-49,68573723;SPRF-GO;DEL01-GO;UOP02-DEL01-GO;;;
689035;04/05/2025;domingo;11:15:00;SC;101;139,8;CAMBORIU;Rea��o tardia ou ineficiente do condutor;Colis�o traseira;Com V�timas Feridas;Pleno dia;Crescente;C�u Claro;Simples;Reta;N�o;3;0;1;0;2;0;1;2;-26,98407573;-48,67002234;SPRF-SC;DEL04-SC;UOP03-DEL04-SC;;;
689036;04/05/2025;domingo;09:05:00;RN;304;43,1;MOSSORO;Suic�dio (presumido);Sa�da de leito carro��vel;Com V�timas Feridas;Pleno dia;Crescente;C�u Claro;Dupla;Reta;N�o;1;0;1;0;0;0;1;1;-5,216242;-37,367793;SPRF-RN;DEL04-RN;UOP01-DEL04-RN;;;
689038;04/05/2025;domingo;10:32:00;MS;163;625;SAO GABRIEL DO OESTE;Aus�ncia de rea��o do condutor;Tombamento;Com V�timas Feridas;Pleno dia;Crescente;C�u Claro;Dupla;Reta;N�o;1;0;1;0;0;0;1;1;-19,316398;-54,616996;SPRF-MS;DEL06-MS;UOP02-DEL06-MS;;;
689040;04/05/2025;domingo;11:35:00;SC;282;184,7;BOCAINA DO SUL;Manobra de mudan�a de faixa;Sa�da de leito carro��vel;Com V�timas Feridas;Pleno dia;Crescente;C�u Claro;Simples;Reta;N�o;2;0;2;0;0;0;2;1;-27,73445882;-49,98389304;SPRF-SC;DEL05-SC;UOP01-DEL05-SC;;;
689041;04/05/2025;domingo;12:15:00;PA;316;33;SANTA IZABEL DO PARA;Aus�ncia de rea��o do condutor;Colis�o com objeto;Com V�timas Fatais;Pleno dia;Decrescente;C�u Claro;Dupla;Curva;Sim;1;1;0;0;0;0;0;1;-1,29663112;-48,17494843;SPRF-PA;DEL01-PA;UOP01-DEL01-PA;;;
689042;04/05/2025;domingo;13:00:00;RJ;101;37;CAMPOS DOS GOYTACAZES;Acessar a via sem observar a presen�a dos outros ve�culos;Colis�o transversal;Com V�timas Feridas;Pleno dia;Crescente;C�u Claro;Simples;Aclive;N�o;3;0;1;0;2;0;1;2;-21,5273;-41,337775;SPRF-RJ;DEL08-RJ;UOP01-DEL08-RJ;;;
689043;04/05/2025;domingo;09:30:00;PR;163;255;TOLEDO;Condutor deixou de manter dist�ncia do ve�culo da frente;Colis�o traseira;Com V�timas Feridas;Pleno dia;Crescente;Sol;M�ltipla;Reta;N�o;4;0;2;0;2;0;2;2;-24,65782;-53,823208;SPRF-PR;DEL06-PR;UOP02-DEL06-PR;;;
689044;04/05/2025;domingo;10:25:00;MT;70;331;DOM AQUINO;Demais falhas mec�nicas ou el�tricas;Sa�da de leito carro��vel;Com V�timas Feridas;Pleno dia;Decrescente;C�u Claro;Simples;Reta;N�o;4;0;4;0;0;0;4;1;-15,51840874;-54,738518;SPRF-MT;DEL05-MT;UOP01-DEL05-MT;;;
689046;04/05/2025;domingo;13:00:00;SC;101;169,9;TIJUCAS;Objeto est�tico sobre o leito carro��vel;Tombamento;Com V�timas Feridas;Pleno dia;Crescente;Sol;Dupla;Reta;Sim;2;0;2;0;0;0;2;1;-27,29508123;-48,6312604;SPRF-SC;DEL04-SC;UOP03-DEL04-SC;;;
689047;04/05/2025;domingo;12:50:00;BA;324;478;TANQUINHO;Transitar na contram�o;Colis�o frontal;Com V�timas Fatais;Pleno dia;Crescente;Garoa/Chuvisco;Simples;Curva;N�o;3;1;0;1;1;0;1;2;-12,00146;-39,066392;SPRF-BA;DEL02-BA;UOP01-DEL02-BA;;;
689048;04/05/2025;domingo;12:30:00;SC;101;209,7;SAO JOSE;Rea��o tardia ou ineficiente do condutor;Engavetamento;Sem V�timas;Pleno dia;Decrescente;C�u Claro;M�ltipla;Reta;N�o;5;0;0;0;5;0;0;3;-27,615052;-48,643738;SPRF-SC;DEL01-SC;UOP01-DEL01-SC;;;
689049;03/05/2025;s�bado;22:00:00;PR;163;31,1;SANTO ANTONIO DO SUDOESTE;Aus�ncia de rea��o do condutor;Sa�da de leito carro��vel;Com V�timas Feridas;Plena Noite;Crescente;C�u Claro;Simples;"Curva;Declive";N�o;1;0;1;0;0;0;1;1;-26,09764235;-53,71308088;SPRF-PR;DEL02-PR;UOP02-DEL02-PR;;;
689050;04/05/2025;domingo;10:00:00;MG;365;499;PATROCINIO;Acesso irregular;Colis�o lateral sentido oposto;Com V�timas Feridas;Pleno dia;Decrescente;Sol;Simples;"Reta;Declive";N�o;3;0;1;0;2;0;1;2;-18,931;-47,213;SPRF-MG;DEL10-MG;UOP01-DEL10-MG;;;
689052;04/05/2025;domingo;13:10:00;RS;290;39;SANTO ANTONIO DA PATRULHA;Condutor Dormindo;Sa�da de leito carro��vel;Com V�timas Feridas;Pleno dia;Crescente;C�u Claro;Dupla;Reta;N�o;2;0;2;0;0;0;2;1;-29,88617171;-50,6529808;SPRF-RS;DEL03-RS;UOP01-DEL03-RS;;;
689053;04/05/2025;domingo;13:00:00;PR;116;117;CURITIBA;Demais falhas mec�nicas ou el�tricas;Tombamento;Com V�timas Feridas;Pleno dia;Crescente;C�u Claro;Dupla;Reta;Sim;2;0;1;0;1;0;1;1;-25,566552;-49,30965;SPRF-PR;DEL01-PR;UOP03-DEL01-PR;;;
689054;04/05/2025;domingo;12:00:00;MA;10;319,6;ACAILANDIA;Acessar a via sem observar a presen�a dos outros ve�culos;Colis�o transversal;Com V�timas Fatais;Pleno dia;Crescente;C�u Claro;Simples;Aclive;Sim;2;1;0;1;0;0;1;2;-4,95566508;-47,50460923;SPRF-MA;DEL04-MA;UOP03-DEL04-MA;;;
689055;04/05/2025;domingo;14:00:00;RS;116;39,2;VACARIA;Rea��o tardia ou ineficiente do condutor;Colis�o lateral mesmo sentido;Com V�timas Feridas;Pleno dia;Decrescente;C�u Claro;Simples;"Rotat�ria;Desvio Tempor�rio;Em Obras";Sim;4;0;1;0;3;0;1;2;-28,513498;-50,933942;SPRF-RS;DEL05-RS;UOP03-DEL05-RS;;;
689056;04/05/2025;domingo;13:50:00;PR;116;126,9;FAZENDA RIO GRANDE;Manobra de mudan�a de faixa;Colis�o lateral mesmo sentido;Sem V�timas;Pleno dia;Crescente;Sol;Dupla;Reta;Sim;4;0;0;0;4;0;0;2;-25,64705;-49,312627;SPRF-PR;DEL01-PR;UOP03-DEL01-PR;;;
689058;04/05/2025;domingo;14:17:00;ES;101;372;ICONHA;Transitar na contram�o;Colis�o frontal;Com V�timas Feridas;Pleno dia;Crescente;Nublado;Simples;Reta;N�o;5;0;1;2;2;0;3;2;-20,77681231;-40,77913569;SPRF-ES;DEL03-ES;UOP01-DEL03-ES;;;
689059;04/05/2025;domingo;14:00:00;RJ;101;550;PARATY;Rea��o tardia ou ineficiente do condutor;Queda de ocupante de ve�culo;Com V�timas Feridas;Pleno dia;Crescente;C�u Claro;Simples;Reta;N�o;1;0;0;1;0;0;1;1;-23,04746476;-44,6611075;SPRF-RJ;DEL03-RJ;UOP04-DEL03-RJ;;;
689060;04/05/2025;domingo;13:40:00;SC;280;125,8;RIO NEGRINHO;Ultrapassagem Indevida;Colis�o lateral mesmo sentido;Com V�timas Feridas;Pleno dia;Crescente;C�u Claro;Simples;Reta;N�o;2;0;1;0;1;0;1;2;-26,237595;-49,493361;SPRF-SC;DEL06-SC;UOP03-DEL06-SC;;;
689061;04/05/2025;domingo;14:00:00;RJ;116;139;MAGE;Entrada inopinada do pedestre;Atropelamento de Pedestre;Com V�timas Feridas;Pleno dia;Decrescente;C�u Claro;Dupla;Reta;Sim;3;0;3;0;0;0;3;2;-22,64646233;-43,2035315;SPRF-RJ;DEL04-RJ;UOP02-DEL04-RJ;;;
689062;04/05/2025;domingo;15:15:00;SC;101;143,3;ITAPEMA;Rea��o tardia ou ineficiente do condutor;Colis�o lateral mesmo sentido;Com V�timas Feridas;Pleno dia;Decrescente;Sol;Dupla;Reta;N�o;3;0;1;0;2;0;1;2;-27,06881177;-48,59539859;SPRF-SC;DEL04-SC;UOP03-DEL04-SC;;;
689065;04/05/2025;domingo;15:30:00;SP;116;155;SAO JOSE DOS CAMPOS;Manobra de mudan�a de faixa;Colis�o traseira;Com V�timas Feridas;Pleno dia;Crescente;C�u Claro;Dupla;Reta;N�o;3;0;2;0;0;1;2;2;-23,2494203;-45,9354419;SPRF-SP;DEL02-SP;UOP01-DEL02-SP;;;
689068;04/05/2025;domingo;14:45:00;BA;101;0,1;RIO REAL;Demais falhas mec�nicas ou el�tricas;Sa�da de leito carro��vel;Com V�timas Feridas;Pleno dia;Decrescente;Garoa/Chuvisco;Simples;Curva;N�o;2;0;1;1;0;0;2;1;-11,44031664;-37,89852826;SPRF-SE;DEL02-SE;UOP03-DEL02-SE;;;
689069;04/05/2025;domingo;16:20:00;SC;282;36;AGUAS MORNAS;Transitar na contram�o;Colis�o lateral sentido oposto;Com V�timas Feridas;Pleno dia;Crescente;C�u Claro;Simples;Curva;N�o;8;0;2;0;6;0;2;5;-27,70487639;-48,83643597;SPRF-SC;DEL01-SC;UOP03-DEL01-SC;;;
689070;04/05/2025;domingo;16:20:00;CE;222;15;CAUCAIA;Condutor deixou de manter dist�ncia do ve�culo da frente;Colis�o traseira;Com V�timas Feridas;Amanhecer;Crescente;C�u Claro;Simples;Reta;N�o;2;0;1;0;1;0;1;2;-3,76000839;-38,6963582;SPRF-CE;DEL01-CE;UOP01-DEL01-CE;;;
689071;04/05/2025;domingo;16:25:00;MG;40;511,4;RIBEIRAO DAS NEVES;Entrada inopinada do pedestre;Atropelamento de Pedestre;Com V�timas Feridas;Pleno dia;Decrescente;C�u Claro;Dupla;Reta;Sim;2;0;1;0;1;0;1;2;-19,7820424;-44,1163022;SPRF-MG;DEL01-MG;UOP02-DEL01-MG;;;
689072;04/05/2025;domingo;16:00:00;RJ;101;471;ANGRA DOS REIS;Retorno proibido;Colis�o lateral mesmo sentido;Com V�timas Feridas;Pleno dia;Crescente;Nublado;Simples;"Reta;Aclive";N�o;3;0;0;2;1;0;2;2;-22,993971;-44,230888;SPRF-RJ;DEL03-RJ;UOP03-DEL03-RJ;;;
689073;04/05/2025;domingo;15:00:00;PE;232;128;CARUARU;Aus�ncia de rea��o do condutor;Colis�o com objeto;Com V�timas Feridas;Pleno dia;Decrescente;C�u Claro;Simples;Reta;N�o;4;0;2;0;1;1;2;2;-8,30233468;-35,98078251;SPRF-PE;DEL02-PE;UOP01-DEL02-PE;;;
689074;04/05/2025;domingo;14:30:00;MG;116;184;CARAI;Ultrapassagem Indevida;Colis�o lateral mesmo sentido;Sem V�timas;Pleno dia;Crescente;Nublado;Simples;Curva;N�o;4;0;0;0;3;1;0;2;-17,11739318;-41,5028286;SPRF-MG;DEL11-MG;UOP01-DEL11-MG;;;
689075;04/05/2025;domingo;14:40:00;SC;101;102,5;BALNEARIO PICARRAS;Acessar a via sem observar a presen�a dos outros ve�culos;Colis�o transversal;Com V�timas Feridas;Pleno dia;Decrescente;Sol;M�ltipla;"Reta;Aclive";Sim;2;0;1;0;1;0;1;2;-26,77363044;-48,68567403;SPRF-SC;DEL03-SC;UOP02-DEL03-SC;;;
689077;04/05/2025;domingo;15:53:00;DF;251;5,1;BRASILIA;Ultrapassagem Indevida;Colis�o frontal;Com V�timas Fatais;Pleno dia;Crescente;C�u Claro;Simples;Reta;Sim;2;1;0;0;1;0;0;2;-16,00674648;-47,55223487;SPRF-DF;DEL01-DF;UOP01-DEL01-DF;;;
689078;04/05/2025;domingo;16:30:00;SC;101;129,8;CAMBORIU;Trafegar com motocicleta (ou similar) entre as faixas;Colis�o lateral mesmo sentido;Com V�timas Feridas;Pleno dia;Crescente;Sol;M�ltipla;Reta;Sim;2;0;1;0;1;0;1;2;-26,98339;-48,67183;SPRF-SC;DEL04-SC;UOP03-DEL04-SC;;;
689079;04/05/2025;domingo;16:30:00;SP;116;156;SAO JOSE DOS CAMPOS;Rea��o tardia ou ineficiente do condutor;Colis�o traseira;Com V�timas Feridas;Pleno dia;Decrescente;Sol;M�ltipla;"Reta;Em Obras";N�o;2;0;1;0;1;0;1;2;-23,25040486;-45,93560122;SPRF-SP;DEL02-SP;UOP01-DEL02-SP;;;
689080;04/05/2025;domingo;15:35:00;SC;101;149,8;ITAPEMA;Velocidade Incompat�vel;Colis�o com objeto;Com V�timas Feridas;Pleno dia;Crescente;C�u Claro;Simples;Reta;Sim;1;0;0;1;0;0;1;1;-27,11384886;-48,61027177;SPRF-SC;DEL04-SC;UOP03-DEL04-SC;;;
689082;04/05/2025;domingo;17:08:00;ES;101;150,5;LINHARES;Condutor deixou de manter dist�ncia do ve�culo da frente;Colis�o traseira;Com V�timas Feridas;Pleno dia;Crescente;Nublado;Simples;Curva;Sim;3;0;1;0;2;0;1;2;-19,40716983;-40,06400434;SPRF-ES;DEL04-ES;UOP01-DEL04-ES;;;
689083;04/05/2025;domingo;17:40:00;PB;101;81;BAYEUX;Condutor deixou de manter dist�ncia do ve�culo da frente;Colis�o traseira;Com V�timas Feridas;Anoitecer;Crescente;Nublado;Dupla;"Reta;Aclive";Sim;4;0;3;0;1;0;3;3;-7,12832911;-34,93890435;SPRF-PB;DEL01-PB;UOP01-DEL01-PB;;;