id;data_inversa;dia_semana;horario;uf;br;km;municipio;causa_acidente;tipo_acidente;classificacao_acidente;fase_dia;sentido_via;condicao_metereologica;tipo_pista;tracado_via;uso_solo;pessoas;mortos;feridos_leves;feridos_graves;ilesos;ignorados;feridos;veiculos;latitude;longitude;regional;delegacia;uop;;;
689084;04/05/2025;domingo;16:30:00;MG;262;439,5;NOVA SERRANA;Velocidade Incompat�vel;Sa�da de leito carro��vel;Com V�timas Feridas;Pleno dia;Crescente;Sol;Dupla;"Declive;Reta";Sim;1;0;1;0;0;0;1;1;-19,876975;-44,943791;SPRF-MG;DEL08-MG;UOP03-DEL08-MG;;;
689085;04/05/2025;domingo;17:20:00;RS;290;116;ELDORADO DO SUL;Aus�ncia de rea��o do condutor;Colis�o traseira;Com V�timas Feridas;Pleno dia;Crescente;C�u Claro;Simples;Reta;N�o;3;0;1;0;2;0;1;2;-30,0362327;-51,3276111;SPRF-RS;DEL02-RS;UOP01-DEL02-RS;;;
689086;04/05/2025;domingo;17:21:00;DF;70;8;BRASILIA;Acessar a via sem observar a presen�a dos outros ve�culos;Sa�da de leito carro��vel;Com V�timas Feridas;Pleno dia;Crescente;Nublado;Dupla;Reta;Sim;8;0;4;0;2;2;4;3;-15,7848396;-48,1328912;SPRF-DF;DEL03-DF;UOP02-DEL03-DF;;;
689087;04/05/2025;domingo;16:50:00;SC;282;515;XAXIM;Curva acentuada;Sa�da de leito carro��vel;Com V�timas Feridas;Pleno dia;Decrescente;C�u Claro;Simples;"Curva;Declive";N�o;2;0;2;0;0;0;2;1;-26,91633012;-52,49147415;SPRF-SC;DEL07-SC;UOP01-DEL07-SC;;;
689089;04/05/2025;domingo;17:40:00;ES;101;275,5;SERRA;Aus�ncia de rea��o do condutor;Sa�da de leito carro��vel;Com V�timas Feridas;Anoitecer;Crescente;Nublado;Dupla;Curva;N�o;3;0;2;0;1;0;2;1;-20,2095924;-40,2989186;SPRF-ES;DEL02-ES;UOP01-DEL02-ES;;;
689091;04/05/2025;domingo;15:45:00;PE;232;76,7;GRAVATA;Ingest�o de �lcool pelo condutor;Sa�da de leito carro��vel;Com V�timas Feridas;Pleno dia;Crescente;C�u Claro;Dupla;Reta;Sim;4;0;0;4;0;0;4;1;-8,19403257;-35,54072857;SPRF-PE;DEL02-PE;UOP02-DEL02PE;;;
689092;02/04/2025;quarta-feira;13:00:00;SP;381;85;SAO PAULO;Rea��o tardia ou ineficiente do condutor;Colis�o traseira;Com V�timas Feridas;Pleno dia;Crescente;Nublado;M�ltipla;Reta;Sim;1;0;1;0;0;0;1;1;-23,43469146;-46,56867452;SPRF-SP;DEL03-SP;UOP01-DEL03-SP;;;
689093;04/05/2025;domingo;16:00:00;SC;282;243;SAO JOSE DO CERRITO;Velocidade Incompat�vel;Sa�da de leito carro��vel;Com V�timas Feridas;Pleno dia;Decrescente;C�u Claro;Dupla;Curva;N�o;2;0;1;0;1;0;1;1;-27,73619662;-50,51681042;SPRF-SC;DEL05-SC;UOP02-DEL05-SC;;;
689094;04/05/2025;domingo;16:45:00;RS;470;255,9;SALVADOR DO SUL;Desrespeitar a prefer�ncia no cruzamento;Colis�o transversal;Com V�timas Feridas;Pleno dia;Crescente;C�u Claro;Simples;"Reta;Declive;Interse��o de Vias";Sim;3;0;1;2;0;0;3;2;-29,44084447;-51,50786368;SPRF-RS;DEL06-RS;UOP01-DEL06-RS;;;
689095;04/05/2025;domingo;15:30:00;GO;40;131;CRISTALINA;Rea��o tardia ou ineficiente do condutor;Colis�o transversal;Com V�timas Feridas;Pleno dia;Decrescente;C�u Claro;Simples;Reta;N�o;3;0;2;0;1;0;2;2;-16,918528;-47,345857;SPRF-DF;DEL01-DF;UOP02-DEL01-DF;;;
689096;04/05/2025;domingo;15:00:00;MG;381;358;JOAO MONLEVADE;Aus�ncia de rea��o do condutor;Colis�o lateral mesmo sentido;Com V�timas Feridas;Pleno dia;Decrescente;C�u Claro;Simples;Reta;Sim;5;0;2;0;3;0;2;2;-19,8408463;-43,19810271;SPRF-MG;DEL03-MG;UOP01-DEL03-MG;;;
689097;04/05/2025;domingo;17:45:00;SE;235;52;ITABAIANA;Aus�ncia de rea��o do condutor;Colis�o frontal;Com V�timas Feridas;Plena Noite;Crescente;Nublado;Simples;Retorno Regulamentado;Sim;2;0;1;0;0;1;1;2;-10,69004442;-37,43908882;SPRF-SE;DEL01-SE;UOP02-DEL01-SE;;;
689098;04/05/2025;domingo;18:10:00;MG;40;470,2;SETE LAGOAS;Demais falhas mec�nicas ou el�tricas;Tombamento;Com V�timas Feridas;Anoitecer;Crescente;C�u Claro;Dupla;Reta;Sim;2;0;2;0;0;0;2;1;-19,4685;-44,29529;SPRF-MG;DEL02-MG;UOP01-DEL02-MG;;;
689099;04/05/2025;domingo;17:40:00;RJ;116;191;NOVA IGUACU;Trafegar com motocicleta (ou similar) entre as faixas;Colis�o traseira;Com V�timas Feridas;Anoitecer;Decrescente;C�u Claro;Dupla;Reta;N�o;4;0;2;0;2;0;2;3;-22,7444264;-43,511252;SPRF-RJ;DEL06-RJ;UOP01-DEL06-RJ;;;
689100;04/05/2025;domingo;18:00:00;PR;476;159;ARAUCARIA;Desrespeitar a prefer�ncia no cruzamento;Colis�o transversal;Com V�timas Feridas;Plena Noite;Crescente;C�u Claro;Simples;Reta;Sim;3;0;1;0;2;0;1;2;-25,61371357;-49,42455152;SPRF-PR;DEL01-PR;UOP06-DEL01-PR;;;
689101;04/05/2025;domingo;18:47:00;ES;101;446;MIMOSO DO SUL;Manobra de mudan�a de faixa;Colis�o transversal;Com V�timas Feridas;Anoitecer;Crescente;C�u Claro;Simples;Reta;N�o;2;0;1;0;1;0;1;2;-21,17301949;-41,29296049;SPRF-ES;DEL03-ES;UOP02-DEL03-ES;;;
689102;04/05/2025;domingo;03:15:00;MT;70;731,7;CACERES;Aus�ncia de rea��o do condutor;Tombamento;Com V�timas Feridas;Plena Noite;Crescente;C�u Claro;Simples;Reta;Sim;1;0;0;1;0;0;1;1;-16,0918987;-57,68224508;SPRF-MT;DEL03-MT;UOP01-DEL03-MT;;;
689103;04/05/2025;domingo;18:50:00;RJ;101;433;MANGARATIBA;Acessar a via sem observar a presen�a dos outros ve�culos;Colis�o lateral mesmo sentido;Com V�timas Feridas;Plena Noite;Decrescente;C�u Claro;Simples;Curva;Sim;2;0;0;1;1;0;1;2;-22,938306;-44,037608;SPRF-RJ;DEL03-RJ;UOP02-DEL03-RJ;;;
689104;04/05/2025;domingo;18:30:00;SP;116;53,8;LORENA;Aus�ncia de rea��o do condutor;Colis�o traseira;Com V�timas Feridas;Plena Noite;Crescente;Nublado;Dupla;Reta;Sim;3;0;0;1;2;0;1;3;-22,75374611;-45,10940865;SPRF-SP;DEL08-SP;UOP02-DEL08-SP;;;
689106;04/05/2025;domingo;18:35:00;PR;373;177;PONTA GROSSA;Rea��o tardia ou ineficiente do condutor;Colis�o traseira;Com V�timas Feridas;Plena Noite;Crescente;C�u Claro;Dupla;Reta;Sim;4;0;2;0;2;0;2;2;-25,0469392;-50,23615479;SPRF-PR;DEL03-PR;UOP01-DEL03-PR;;;
689107;04/05/2025;domingo;13:40:00;BA;324;561;SAO SEBASTIAO DO PASSE;Aus�ncia de sinaliza��o;Colis�o traseira;Sem V�timas;Pleno dia;Crescente;Chuva;Dupla;"Reta;Declive";N�o;9;0;0;0;9;0;0;4;-12,5516936;-38,5733872;SPRF-BA;DEL01-BA;UOP01-DEL01-BA;;;
689110;04/05/2025;domingo;19:00:00;PI;316;11,7;TERESINA;Aus�ncia de rea��o do condutor;Colis�o com objeto;Com V�timas Feridas;Plena Noite;Decrescente;C�u Claro;Dupla;Reta;N�o;1;0;0;1;0;0;1;1;-5,198178;-42,758707;SPRF-PI;DEL01-PI;UOP02-DEL01-PI;;;
689111;04/05/2025;domingo;17:30:00;MG;40;119,4;LAGOA GRANDE;Ingest�o de �lcool pelo condutor;Sa�da de leito carro��vel;Com V�timas Feridas;Anoitecer;Crescente;C�u Claro;Simples;Reta;N�o;3;0;2;1;0;0;3;1;-17,660836;-46,372013;SPRF-MG;DEL14-MG;UOP01-DEL14-MG;;;
689112;04/05/2025;domingo;18:00:00;BA;407;100;JAGUARARI;Aus�ncia de rea��o do condutor;Capotamento;Com V�timas Feridas;Plena Noite;Crescente;Garoa/Chuvisco;Simples;Declive;Sim;1;0;0;1;0;0;1;1;-10,24094;-40,20006;SPRF-BA;DEL04-BA;UOP01-DEL04-BA;;;
689114;04/05/2025;domingo;19:35:00;RN;304;293,8;MACAIBA;Ingest�o de �lcool pelo condutor;Colis�o com objeto;Com V�timas Feridas;Plena Noite;Decrescente;C�u Claro;Dupla;Reta;N�o;1;0;1;0;0;0;1;1;-5,86841734;-35,375247;SPRF-RN;DEL01-RN;UOP02-DEL01-RN;;;
689115;04/05/2025;domingo;19:15:00;RS;116;337;BARRA DO RIBEIRO;Aus�ncia de rea��o do condutor;Sa�da de leito carro��vel;Com V�timas Feridas;Plena Noite;Crescente;C�u Claro;Dupla;Reta;Sim;1;0;1;0;0;0;1;1;-30,4244032;-51,4692019;SPRF-RS;DEL02-RS;UOP02-DEL02-RS;;;
689117;04/05/2025;domingo;10:30:00;MT;158;432;RIBEIRAO CASCALHEIRA;Ultrapassagem Indevida;Colis�o frontal;Com V�timas Feridas;Pleno dia;Crescente;C�u Claro;Simples;Reta;N�o;1;0;0;1;0;0;1;1;-12,95246424;-51,85010528;SPRF-MT;DEL07-MT;UOP02-DEL07-MT;;;
689118;04/05/2025;domingo;19:50:00;MG;459;93;CONGONHAL;Aus�ncia de rea��o do condutor;Colis�o traseira;Com V�timas Feridas;Plena Noite;Decrescente;C�u Claro;Simples;"Interse��o de Vias;Declive";N�o;4;0;0;1;2;1;1;3;-22,170409;-46,003183;SPRF-MG;DEL09-MG;UOP01-DEL09-MG;;;
689119;04/05/2025;domingo;19:50:00;SC;282;503;XANXERE;Acessar a via sem observar a presen�a dos outros ve�culos;Atropelamento de Pedestre;Com V�timas Feridas;Plena Noite;Decrescente;Nublado;Simples;"Reta;Aclive";N�o;3;0;1;0;2;0;1;2;-26,88585388;-52,39590989;SPRF-SC;DEL07-SC;UOP01-DEL07-SC;;;
689120;04/05/2025;domingo;19:45:00;MG;50;160;UBERABA;Transitar no Acostamento;Colis�o com objeto;Sem V�timas;Plena Noite;Crescente;C�u Claro;Dupla;"Reta;Declive";N�o;1;0;0;0;1;0;0;1;-19,68687956;-47,99240112;SPRF-MG;DEL13-MG;UOP01-DEL13-MG;;;
689122;04/05/2025;domingo;20:14:00;ES;101;101,9;SOORETAMA;Aus�ncia de rea��o do condutor;Tombamento;Com V�timas Feridas;Plena Noite;Decrescente;C�u Claro;Dupla;"Ponte;Reta";N�o;1;0;1;0;0;0;1;1;-18,99648771;-40,0032915;SPRF-ES;DEL04-ES;UOP01-DEL04-ES;;;
689123;04/05/2025;domingo;19:30:00;RS;153;46;ERECHIM;Acessar a via sem observar a presen�a dos outros ve�culos;Colis�o frontal;Com V�timas Feridas;Plena Noite;Decrescente;C�u Claro;Simples;"Reta;Aclive;Interse��o de Vias";Sim;6;0;3;0;3;0;3;2;-27,63439335;-52,23722789;SPRF-RS;DEL08-RS;UOP04-DEL08-RS;;;
689125;04/05/2025;domingo;19:35:00;RJ;101;322;NITEROI;Aus�ncia de rea��o do condutor;Colis�o com objeto;Sem V�timas;Plena Noite;Decrescente;C�u Claro;Dupla;Reta;N�o;1;0;0;0;1;0;0;1;-22,8851712;-43,1095808;SPRF-RJ;DEL02-RJ;UOP01-DEL02-RJ;;;
689128;28/04/2025;segunda-feira;18:05:00;RJ;0;0;RIO DE JANEIRO;Aus�ncia de rea��o do condutor;Colis�o transversal;Sem V�timas;Plena Noite;N�o Informado;C�u Claro;M�ltipla;Interse��o de Vias;Sim;3;0;0;0;2;1;0;3;-22,9626977;-43,2039704;SPRF-RJ;DEL08-RJ;N/A;;;
689129;04/05/2025;domingo;19:00:00;SC;101;44;JOINVILLE;Manobra de mudan�a de faixa;Colis�o com objeto;Com V�timas Feridas;Plena Noite;Decrescente;Nublado;Dupla;Reta;Sim;2;0;1;0;1;0;1;1;-26,33772997;-48,85894775;SPRF-SC;DEL03-SC;UOP01-DEL03-SC;;;
689130;04/05/2025;domingo;20:55:00;MG;50;202;DELTA;Animais na Pista;Atropelamento de Animal;Com V�timas Feridas;Plena Noite;Decrescente;C�u Claro;Dupla;Reta;N�o;1;0;1;0;0;0;1;1;-19,950889;-47,8048414;SPRF-MG;DEL13-MG;UOP01-DEL13-MG;;;
689131;04/05/2025;domingo;20:12:00;PE;104;72;CARUARU;Velocidade Incompat�vel;Sa�da de leito carro��vel;Com V�timas Fatais;Pleno dia;Crescente;C�u Claro;Simples;Curva;Sim;2;1;0;1;0;0;1;1;-8,33463;-35,98075;SPRF-PE;DEL02-PE;UOP01-DEL02-PE;;;
689132;04/05/2025;domingo;18:00:00;RJ;465;13;SEROPEDICA;Acessar a via sem observar a presen�a dos outros ve�culos;Colis�o transversal;Com V�timas Feridas;Plena Noite;Decrescente;Nublado;Simples;Reta;Sim;3;0;1;0;2;0;1;2;-22,79943527;-43,64455875;SPRF-RJ;DEL06-RJ;UOP02-DEL06-RJ;;;
689134;04/05/2025;domingo;03:30:00;RS;0;0;CARLOS BARBOSA;Problema com o freio;Colis�o com objeto;Sem V�timas;Plena Noite;N�o Informado;Ignorado;Simples;Declive;N�o;1;0;0;0;1;0;0;1;-29,31416126;-51,46400034;SPRF-RS;DEL06-RS;UOP01-DEL06-RS;;;
689136;04/05/2025;domingo;20:10:00;PB;230;5;CABEDELO;Ingest�o de �lcool pelo condutor;Sa�da de leito carro��vel;Com V�timas Feridas;Plena Noite;Crescente;C�u Claro;Dupla;Reta;Sim;1;0;1;0;0;0;1;1;-7,01589247;-34,83385988;SPRF-PB;DEL01-PB;UOP01-DEL01-PB;;;
689138;04/05/2025;domingo;20:30:00;MG;381;478;CONTAGEM;Manobra de mudan�a de faixa;Colis�o lateral mesmo sentido;Com V�timas Feridas;Plena Noite;Decrescente;C�u Claro;Dupla;Reta;Sim;4;0;2;0;1;1;2;3;-19,96300087;-44,04146567;SPRF-MG;DEL01-MG;UOP03-DEL01-MG;;;
689139;04/05/2025;domingo;20:30:00;RJ;116;183;NOVA IGUACU;Rea��o tardia ou ineficiente do condutor;Colis�o lateral mesmo sentido;Com V�timas Feridas;Plena Noite;Crescente;C�u Claro;M�ltipla;"Reta;Em Obras";Sim;5;0;2;0;3;0;2;2;-22,7570101;-43,4392678;SPRF-RJ;DEL06-RJ;UOP01-DEL06-RJ;;;
689140;04/05/2025;domingo;16:40:00;AM;174;887;MANAUS;Acessar a via sem observar a presen�a dos outros ve�culos;Colis�o transversal;Com V�timas Feridas;Pleno dia;Crescente;C�u Claro;Simples;Aclive;N�o;2;0;1;0;1;0;1;2;-2,94802144;-60,03383875;SPRF-AM;DEL01-AM;UOP01-DEL01-AM;;;
689143;04/05/2025;domingo;21:30:00;GO;153;436,5;ANAPOLIS;Ingest�o de �lcool pelo condutor;Colis�o com objeto;Com V�timas Feridas;Plena Noite;Crescente;C�u Claro;Dupla;"Reta;Desvio Tempor�rio";N�o;1;0;0;1;0;0;1;1;-16,299008;-48,927999;SPRF-GO;DEL02-GO;UOP01-DEL02-GO;;;
689144;04/05/2025;domingo;21:05:00;RS;386;165,2;ALMIRANTE TAMANDARE DO SUL;Aus�ncia de rea��o do condutor;Sa�da de leito carro��vel;Sem V�timas;Plena Noite;Crescente;C�u Claro;Simples;Reta;N�o;2;0;0;0;2;0;0;1;-28,197047;-52,827781;SPRF-RS;DEL08-RS;UOP01-DEL08-RS;;;
689145;04/05/2025;domingo;22:10:00;ES;101;278;SERRA;Rea��o tardia ou ineficiente do condutor;Colis�o com objeto;Com V�timas Feridas;Plena Noite;Crescente;C�u Claro;Dupla;Reta;N�o;3;0;1;0;2;0;1;1;-20,218008;-40,33775;SPRF-ES;DEL02-ES;UOP01-DEL02-ES;;;
689147;04/05/2025;domingo;20:30:00;RO;364;343;JI-PARANA;Acessar a via sem observar a presen�a dos outros ve�culos;Atropelamento de Pedestre;Com V�timas Feridas;Plena Noite;Crescente;C�u Claro;Dupla;Declive;N�o;2;0;1;0;1;0;1;2;-10,8415861;-61,94664002;SPRF-RO;DEL02-RO;UOP01-DEL02-RO;;;
689149;04/05/2025;domingo;19:00:00;PE;232;386,5;SERRA TALHADA;Animais na Pista;Atropelamento de Animal;Com V�timas Fatais;Plena Noite;Crescente;C�u Claro;Simples;Reta;N�o;2;1;0;1;0;0;1;1;-8,0339308;-38,1084113;SPRF-PE;DEL04-PE;UOP01-DEL04-PE;;;
689150;04/05/2025;domingo;22:10:00;SC;101;282;IMBITUBA;Demais falhas mec�nicas ou el�tricas;Tombamento;Com V�timas Feridas;Plena Noite;Decrescente;C�u Claro;Dupla;Reta;N�o;1;0;0;1;0;0;1;1;-28,220329;-48,700381;SPRF-SC;DEL02-SC;UOP03-DEL02-SC;;;
689152;04/05/2025;domingo;18:40:00;MG;116;425,6;ALPERCATA;Demais falhas mec�nicas ou el�tricas;Tombamento;Com V�timas Feridas;Plena Noite;Crescente;C�u Claro;Simples;Reta;N�o;2;0;2;0;0;0;2;1;-18,9318302;-41,9493979;SPRF-MG;DEL06-MG;UOP01-DEL06-MG;;;
689153;04/05/2025;domingo;22:30:00;PA;316;72;CASTANHAL;Avarias e/ou desgaste excessivo no pneu;Tombamento;Com V�timas Feridas;Plena Noite;Decrescente;Nublado;Simples;Reta;N�o;2;0;2;0;0;0;2;1;-1,289263;-47,84126;SPRF-PA;DEL01-PA;UOP01-DEL01-PA;;;
689154;04/05/2025;domingo;22:50:00;SP;116;107;TAUBATE;Velocidade Incompat�vel;Colis�o com objeto;Sem V�timas;Plena Noite;Decrescente;C�u Claro;Simples;Curva;Sim;1;0;0;0;0;1;0;1;-23,01837417;-45,53033777;SPRF-SP;DEL02-SP;UOP02-DEL02-SP;;;
689155;04/05/2025;domingo;21:50:00;RN;101;77;SAO GONCALO DO AMARANTE;Velocidade Incompat�vel;Colis�o com objeto;Sem V�timas;Plena Noite;Crescente;C�u Claro;Dupla;Reta;N�o;1;0;0;0;1;0;0;1;-5,73967824;-35,29052608;SPRF-RN;DEL02-RN;UOP01-DEL02-RN;;;
689156;04/05/2025;domingo;22:15:00;RJ;393;247;BARRA DO PIRAI;Ingest�o de �lcool pelo condutor;Colis�o frontal;Com V�timas Feridas;Plena Noite;Decrescente;C�u Claro;Simples;Reta;N�o;3;0;3;0;0;0;3;2;-22,42745674;-43,76768231;SPRF-RJ;DEL05-RJ;UOP04-DEL05-RJ;;;
689157;04/05/2025;domingo;17:00:00;BA;110;287,2;INHAMBUPE;Transitar na contram�o;Capotamento;Com V�timas Fatais;Anoitecer;Crescente;C�u Claro;Simples;Reta;N�o;5;2;3;0;0;0;3;1;-11,61122433;-38,30000997;SPRF-BA;DEL01-BA;UOP04-DEL01-BA;;;
689158;04/05/2025;domingo;22:00:00;SC;280;196;MAFRA;Objeto est�tico sobre o leito carro��vel;Queda de ocupante de ve�culo;Com V�timas Feridas;Plena Noite;Crescente;C�u Claro;Simples;"Rotat�ria;Reta;Retorno Regulamentado";N�o;1;0;0;1;0;0;1;1;-26,17471322;-50,03980134;SPRF-SC;DEL06-SC;UOP01-DEL06-SC;;;
689160;04/05/2025;domingo;19:10:00;PR;376;37,9;NOVA LONDRINA;Ingest�o de �lcool pelo condutor;Sa�da de leito carro��vel;Com V�timas Feridas;Plena Noite;Crescente;C�u Claro;Dupla;"Reta;Rotat�ria;Interse��o de Vias";N�o;3;0;2;0;1;0;2;1;-22,81199663;-53,01862478;SPRF-PR;DEL09-PR;UOP02-DEL09-PR;;;
689161;04/05/2025;domingo;23:05:00;SC;163;76,5;SAO MIGUEL DO OESTE;Aus�ncia de sinaliza��o;Colis�o com objeto;Com V�timas Feridas;Plena Noite;Decrescente;C�u Claro;Simples;"Curva;Aclive";N�o;1;0;1;0;0;0;1;1;-26,67807742;-53,51569746;SPRF-SC;DEL07-SC;UOP03-DEL07-SC;;;
689162;04/05/2025;domingo;23:00:00;SP;116;102;PINDAMONHANGABA;Rea��o tardia ou ineficiente do condutor;Colis�o traseira;Com V�timas Feridas;Plena Noite;Crescente;C�u Claro;Dupla;Declive;N�o;4;0;1;1;2;0;2;2;-22,99444681;-45,48863411;SPRF-SP;DEL08-SP;UOP01-DEL08-SP;;;
689164;04/05/2025;domingo;23:20:00;SC;470;55,9;BLUMENAU;Ingest�o de �lcool pelo condutor;Sa�da de leito carro��vel;Sem V�timas;Plena Noite;Crescente;C�u Claro;Dupla;"Reta;Em Obras";N�o;1;0;0;0;1;0;0;1;-26,8764997;-49,12681926;SPRF-SC;DEL04-SC;UOP01-DEL04-SC;;;
689165;04/05/2025;domingo;20:10:00;MG;356;266,3;MURIAE;Transitar na contram�o;Colis�o frontal;Com V�timas Feridas;Plena Noite;Decrescente;C�u Claro;Simples;Curva;Sim;2;0;0;2;0;0;2;2;-21,128481;-42,363672;SPRF-MG;DEL07-MG;UOP02-DEL07-MG;;;
689166;05/05/2025;segunda-feira;00:30:00;RJ;393;285;VOLTA REDONDA;Ingest�o de �lcool pelo condutor;Colis�o com objeto;Sem V�timas;Plena Noite;Decrescente;Nevoeiro/Neblina;Simples;Rotat�ria;N�o;1;0;0;0;1;0;0;1;-22,50560357;-44,07344548;SPRF-RJ;DEL05-RJ;UOP04-DEL05-RJ;;;
689167;05/05/2025;segunda-feira;01:10:00;MG;365;242;BURITIZEIRO;Pedestre cruzava a pista fora da faixa;Atropelamento de Pedestre;Com V�timas Fatais;Plena Noite;Crescente;C�u Claro;Simples;Reta;N�o;2;1;0;0;1;0;0;2;-17,7757689;-45,4152818;SPRF-MG;DEL10-MG;UOP02-DEL010-MG;;;
689168;05/05/2025;segunda-feira;01:22:00;PR;476;145;CURITIBA;Ingest�o de �lcool pelo condutor;Sa�da de leito carro��vel;Com V�timas Feridas;Plena Noite;Crescente;Garoa/Chuvisco;Dupla;Reta;N�o;1;0;1;0;0;0;1;1;-25,54965744;-49,32595102;SPRF-PR;DEL01-PR;UOP06-DEL01-PR;;;
689169;05/05/2025;segunda-feira;01:50:00;BA;101;212,9;MURITIBA;Chuva;Colis�o frontal;Sem V�timas;Plena Noite;Decrescente;Chuva;Simples;Curva;N�o;1;0;0;0;0;1;0;1;-12,6143263;-39,0852734;SPRF-BA;DEL01-BA;UOP02-DEL01-BA;;;
689170;05/05/2025;segunda-feira;04:00:00;SP;116;217;GUARULHOS;Rea��o tardia ou ineficiente do condutor;Colis�o traseira;Com V�timas Feridas;Plena Noite;Crescente;C�u Claro;M�ltipla;"Reta;Em Obras";Sim;6;0;1;0;5;0;1;2;-23,45379191;-46,47073715;SPRF-SP;DEL01-SP;UOP01-DEL01-SP;;;
689171;05/05/2025;segunda-feira;04:15:00;PI;316;316;PICOS;Transitar na contram�o;Colis�o frontal;Com V�timas Feridas;Plena Noite;Crescente;C�u Claro;Dupla;"Curva;Aclive";Sim;4;0;0;4;0;0;4;2;-7,08369818;-41,41279531;SPRF-PI;DEL04-PI;UOP01-DEL04-PI;;;
689173;01/05/2025;quinta-feira;07:00:00;RJ;101;302,7;SAO GONCALO;Rea��o tardia ou ineficiente do condutor;Colis�o com objeto;Com V�timas Feridas;Pleno dia;Crescente;C�u Claro;Dupla;Reta;N�o;1;0;1;0;0;0;1;1;-22,78472814;-42,9857254;SPRF-RJ;DEL02-RJ;UOP02-DEL02-RJ;;;
689174;05/05/2025;segunda-feira;04:20:00;PE;424;10,4;ARCOVERDE;Aus�ncia de rea��o do condutor;Sa�da de leito carro��vel;Sem V�timas;Plena Noite;Decrescente;C�u Claro;Simples;Reta;N�o;2;0;0;0;2;0;0;1;-8,49708;-37,005643;SPRF-PE;DEL04-PE;UOP02-DEL04-PE;;;
689175;04/05/2025;domingo;23:28:00;PI;316;3,2;TERESINA;Animais na Pista;Atropelamento de Animal;Sem V�timas;Plena Noite;Crescente;C�u Claro;M�ltipla;Reta;Sim;1;0;0;0;0;1;0;1;-5,131727;-42,791662;SPRF-PI;DEL01-PI;UOP02-DEL01-PI;;;
689177;05/05/2025;segunda-feira;05:00:00;MG;262;781;UBERABA;Aus�ncia de rea��o do condutor;Sa�da de leito carro��vel;Sem V�timas;Amanhecer;Crescente;C�u Claro;Simples;"Curva;Aclive";N�o;2;0;0;0;2;0;0;1;-19,7261194;-47,7161517;SPRF-MG;DEL13-MG;UOP01-DEL13-MG;;;
689178;05/05/2025;segunda-feira;06:15:00;RJ;493;19;MAGE;Trafegar com motocicleta (ou similar) entre as faixas;Colis�o transversal;Com V�timas Feridas;Pleno dia;Decrescente;C�u Claro;Simples;Rotat�ria;Sim;2;0;1;0;1;0;1;2;-22,66374391;-43,03408027;SPRF-RJ;DEL04-RJ;UOP02-DEL04-RJ;;;
689179;04/05/2025;domingo;12:35:00;RO;364;340,3;JI-PARANA;Condutor desrespeitou a ilumina��o vermelha do sem�foro;Colis�o transversal;Com V�timas Feridas;Pleno dia;Decrescente;C�u Claro;M�ltipla;Interse��o de Vias;Sim;3;0;2;0;1;0;2;2;-10,892618;-61,93042;SPRF-RO;DEL02-RO;UOP01-DEL02-RO;;;
689180;05/05/2025;segunda-feira;02:30:00;BA;116;662;JEQUIE;Ingest�o de �lcool pelo condutor;Sa�da de leito carro��vel;Sem V�timas;Plena Noite;Crescente;C�u Claro;Simples;Curva;N�o;4;0;0;0;4;0;0;1;-13,7682198;-40,1025;SPRF-BA;DEL03-BA;UOP01-DEL03-BA;;;
689181;05/05/2025;segunda-feira;06:43:00;SP;116;217,6;GUARULHOS;Rea��o tardia ou ineficiente do condutor;Colis�o lateral mesmo sentido;Com V�timas Feridas;Pleno dia;Crescente;C�u Claro;Dupla;"Reta;Em Obras;Declive";Sim;2;0;1;0;0;1;1;2;-23,45295575;-46,46917677;SPRF-SP;DEL01-SP;UOP01-DEL01-SP;;;
689182;05/05/2025;segunda-feira;06:01:00;PR;369;497,9;CASCAVEL;Transitar na contram�o;Colis�o frontal;Com V�timas Feridas;Amanhecer;Crescente;Chuva;Simples;Curva;N�o;4;0;3;1;0;0;4;2;-24,89414866;-53,35349798;SPRF-PR;DEL04-PR;UOP01-DEL04-PR;;;
689183;05/05/2025;segunda-feira;06:50:00;DF;40;1;BRASILIA;Trafegar com motocicleta (ou similar) entre as faixas;Tombamento;Com V�timas Feridas;Pleno dia;Decrescente;C�u Claro;Dupla;Reta;Sim;2;0;1;0;1;0;1;1;-15,985175;-47,977763;SPRF-DF;DEL01-DF;UOP01-DEL01-DF;;;
689184;05/05/2025;segunda-feira;07:00:00;CE;116;12;FORTALEZA;Animais na Pista;Queda de ocupante de ve�culo;Com V�timas Feridas;Pleno dia;Crescente;C�u Claro;M�ltipla;Interse��o de Vias;Sim;1;0;1;0;0;0;1;1;-3,851756;-38,495236;SPRF-CE;DEL01-CE;UOP02-DEL01-CE;;;
689185;05/05/2025;segunda-feira;06:50:00;PB;230;23;JOAO PESSOA;Rea��o tardia ou ineficiente do condutor;Colis�o traseira;Com V�timas Feridas;Pleno dia;Decrescente;C�u Claro;Dupla;Reta;Sim;2;0;1;0;1;0;1;2;-7,169108;-34,880002;SPRF-PB;DEL01-PB;UOP01-DEL01-PB;;;
689186;05/05/2025;segunda-feira;02:30:00;BA;116;663,8;JEQUIE;Rea��o tardia ou ineficiente do condutor;Sa�da de leito carro��vel;Com V�timas Feridas;Pleno dia;Crescente;C�u Claro;Simples;Reta;N�o;2;0;2;0;0;0;2;1;-13,781528;-40,105963;SPRF-BA;DEL03-BA;UOP01-DEL03-BA;;;