id;data_inversa;dia_semana;horario;uf;br;km;municipio;causa_acidente;tipo_acidente;classificacao_acidente;fase_dia;sentido_via;condicao_metereologica;tipo_pista;tracado_via;uso_solo;pessoas;mortos;feridos_leves;feridos_graves;ilesos;ignorados;feridos;veiculos;latitude;longitude;regional;delegacia;uop;;;
689187;05/05/2025;segunda-feira;07:00:00;PR;277;75;SAO JOSE DOS PINHAIS;Trafegar com motocicleta (ou similar) entre as faixas;Colis�o lateral mesmo sentido;Com V�timas Feridas;Pleno dia;Crescente;C�u Claro;Dupla;Reta;N�o;4;0;1;0;3;0;1;3;-25,4916258;-49,17008249;SPRF-PR;DEL01-PR;UOP07-DEL01-PR;;;
689189;05/05/2025;segunda-feira;07:30:00;RJ;116;293;BARRA MANSA;Rea��o tardia ou ineficiente do condutor;Queda de ocupante de ve�culo;Com V�timas Feridas;Pleno dia;Crescente;C�u Claro;Dupla;Reta;N�o;1;0;1;0;0;0;1;1;-22,46528051;-44,28454217;SPRF-RJ;DEL07-RJ;UOP02-DEL07-RJ;;;
689190;04/05/2025;domingo;23:15:00;MG;381;163;GOVERNADOR VALADARES;Ingest�o de �lcool pelo condutor;Colis�o frontal;Com V�timas Feridas;Plena Noite;Decrescente;C�u Claro;Simples;Reta;N�o;58;0;0;2;55;1;2;3;-18,914454;-42,010512;SPRF-MG;DEL06-MG;UOP01-DEL06-MG;;;
689194;05/05/2025;segunda-feira;07:43:00;ES;101;135,9;LINHARES;Aus�ncia de rea��o do condutor;Sa�da de leito carro��vel;Sem V�timas;Pleno dia;Decrescente;C�u Claro;Dupla;Reta;N�o;1;0;0;0;0;1;0;1;-19,283145;-40,086991;SPRF-ES;DEL04-ES;UOP01-DEL04-ES;;;
689195;05/05/2025;segunda-feira;07:05:00;PB;230;2,4;CABEDELO;Aus�ncia de rea��o do condutor;Colis�o traseira;Com V�timas Feridas;Pleno dia;Crescente;Sol;Dupla;"Em Obras;Reta";Sim;3;0;2;0;1;0;2;2;-6,989813;-34,828602;SPRF-PB;DEL01-PB;UOP01-DEL01-PB;;;
689196;05/05/2025;segunda-feira;07:45:00;SP;116;147,1;SAO JOSE DOS CAMPOS;Condutor deixou de manter dist�ncia do ve�culo da frente;Colis�o traseira;Com V�timas Feridas;Pleno dia;Decrescente;C�u Claro;M�ltipla;"Reta;Declive";N�o;2;0;1;0;1;0;1;2;-23,19492708;-45,8707213;SPRF-SP;DEL02-SP;UOP01-DEL02-SP;;;
689197;05/05/2025;segunda-feira;07:20:00;RS;116;36,9;VACARIA;Acessar a via sem observar a presen�a dos outros ve�culos;Colis�o transversal;Com V�timas Feridas;Pleno dia;Decrescente;Nublado;Simples;Rotat�ria;N�o;3;0;2;0;1;0;2;2;-28,498623;-50,917507;SPRF-RS;DEL05-RS;UOP03-DEL05-RS;;;
689199;05/05/2025;segunda-feira;07:30:00;PE;232;5,4;RECIFE;Manobra de mudan�a de faixa;Colis�o traseira;Com V�timas Feridas;Pleno dia;Decrescente;C�u Claro;Dupla;Reta;Sim;3;0;2;0;1;0;2;2;-8,06896006;-34,94747758;SPRF-PE;DEL01-PE;UOP01-DEL01-PE;;;
689200;05/05/2025;segunda-feira;06:50:00;GO;60;245,2;INDIARA;Velocidade Incompat�vel;Sa�da de leito carro��vel;Com V�timas Fatais;Pleno dia;Crescente;C�u Claro;Dupla;"Declive;Curva";N�o;5;2;0;3;0;0;3;1;-17,106405;-49,931033;SPRF-GO;DEL01-GO;UOP02-DEL01-GO;;;
689202;05/05/2025;segunda-feira;06:40:00;PB;230;424;POMBAL;Manobra de mudan�a de faixa;Colis�o frontal;Com V�timas Feridas;Pleno dia;Crescente;C�u Claro;Simples;"Curva;Declive";N�o;2;0;1;1;0;0;2;2;-6,734381;-37,894396;SPRF-PB;DEL03-PB;UOP02-DEL03-PB;;;
689203;05/05/2025;segunda-feira;07:30:00;MG;116;765,2;LEOPOLDINA;Acessar a via sem observar a presen�a dos outros ve�culos;Colis�o transversal;Com V�timas Feridas;Pleno dia;Crescente;Sol;Simples;"Reta;Interse��o de Vias";Sim;2;0;1;0;1;0;1;2;-21,5197389;-42,6491103;SPRF-MG;DEL07-MG;UOP01-DEL07-MG;;;
689204;05/05/2025;segunda-feira;08:45:00;PB;230;9;CABEDELO;Acumulo de areia ou detritos sobre o pavimento;Tombamento;Com V�timas Feridas;Pleno dia;Crescente;C�u Claro;Dupla;Curva;N�o;2;0;1;0;1;0;1;1;-7,051962;-34,850281;SPRF-PB;DEL01-PB;UOP01-DEL01-PB;;;
689205;05/05/2025;segunda-feira;08:10:00;SC;101;201,9;SAO JOSE;Trafegar com motocicleta (ou similar) entre as faixas;Colis�o traseira;Com V�timas Feridas;Pleno dia;Crescente;C�u Claro;Dupla;Reta;Sim;3;0;1;0;2;0;1;2;-27,556347;-48,619266;SPRF-SC;DEL01-SC;UOP01-DEL01-SC;;;
689206;03/05/2025;s�bado;06:00:00;RN;406;169;SAO GONCALO DO AMARANTE;Pedestre andava na pista;Atropelamento de Pedestre;Com V�timas Feridas;Pleno dia;Crescente;C�u Claro;Dupla;Declive;N�o;2;0;0;1;0;1;1;2;-5,755627;-35,3046871;SPRF-RN;DEL02-RN;UOP01-DEL02-RN;;;
689207;05/05/2025;segunda-feira;07:50:00;MG;40;516,5;CONTAGEM;Rea��o tardia ou ineficiente do condutor;Colis�o traseira;Com V�timas Feridas;Pleno dia;Crescente;C�u Claro;Dupla;Reta;Sim;4;0;2;0;2;0;2;3;-19,87005984;-44,06066895;SPRF-MG;DEL01-MG;UOP02-DEL01-MG;;;
689208;05/05/2025;segunda-feira;08:30:00;RS;116;253,1;SAPUCAIA DO SUL;Condutor deixou de manter dist�ncia do ve�culo da frente;Colis�o traseira;Com V�timas Feridas;Pleno dia;Decrescente;C�u Claro;M�ltipla;"Reta;Viaduto";Sim;2;0;1;0;1;0;1;2;-29,81594185;-51,16944551;SPRF-RS;DEL01-RS;UOP02-DEL01-RS;;;
689210;05/05/2025;segunda-feira;08:00:00;SE;235;53,8;ITABAIANA;Aus�ncia de rea��o do condutor;Colis�o traseira;Com V�timas Feridas;Pleno dia;Crescente;Nublado;Simples;Retorno Regulamentado;N�o;2;0;1;0;1;0;1;2;-10,67699714;-37,44294617;SPRF-SE;DEL01-SE;UOP02-DEL01-SE;;;
689211;05/05/2025;segunda-feira;07:00:00;MT;364;200;RONDONOPOLIS;Acessar a via sem observar a presen�a dos outros ve�culos;Colis�o lateral mesmo sentido;Com V�timas Feridas;Amanhecer;Crescente;C�u Claro;Dupla;"Declive;Reta;Retorno Regulamentado";Sim;3;0;1;0;2;0;1;2;-16,4971;-54,63669;SPRF-MT;DEL02-MT;UOP01-DEL02-MT;;;
689212;05/05/2025;segunda-feira;09:00:00;SP;116;217;GUARULHOS;Manobra de mudan�a de faixa;Tombamento;Com V�timas Feridas;Pleno dia;Crescente;C�u Claro;M�ltipla;Reta;Sim;1;0;1;0;0;0;1;1;-23,45379793;-46,47319794;SPRF-SP;DEL01-SP;UOP01-DEL01-SP;;;
689213;05/05/2025;segunda-feira;08:10:00;SC;101;331;TUBARAO;Manobra de mudan�a de faixa;Colis�o lateral mesmo sentido;Com V�timas Feridas;Pleno dia;Crescente;C�u Claro;M�ltipla;Reta;Sim;2;0;1;0;1;0;1;2;-28,46476257;-48,994548;SPRF-SC;DEL02-SC;UOP01-DEL02-SC;;;
689214;05/05/2025;segunda-feira;07:40:00;SC;101;334;TUBARAO;Rea��o tardia ou ineficiente do condutor;Colis�o traseira;Com V�timas Feridas;Pleno dia;Decrescente;C�u Claro;Simples;"Reta;Interse��o de Vias";N�o;3;0;2;0;1;0;2;2;-28,46977075;-49,01522247;SPRF-SC;DEL02-SC;UOP01-DEL02-SC;;;
689216;05/05/2025;segunda-feira;09:00:00;SC;101;135;BALNEARIO CAMBORIU;Condutor deixou de manter dist�ncia do ve�culo da frente;Colis�o traseira;Com V�timas Feridas;Pleno dia;Decrescente;C�u Claro;Dupla;Reta;Sim;4;0;2;0;2;0;2;3;-27,00531965;-48,62569682;SPRF-SC;DEL04-SC;UOP03-DEL04-SC;;;
689217;05/05/2025;segunda-feira;09:00:00;MG;50;69;UBERLANDIA;Manobra de mudan�a de faixa;Colis�o traseira;Com V�timas Feridas;Pleno dia;Decrescente;C�u Claro;Dupla;Reta;Sim;3;0;1;0;2;0;1;2;-18,88722369;-48,26157689;SPRF-MG;DEL15-MG;UOP01-DEL15-MG;;;
689218;05/05/2025;segunda-feira;08:30:00;PE;101;105,4;CABO DE SANTO AGOSTINHO;Aus�ncia de rea��o do condutor;Sa�da de leito carro��vel;Com V�timas Feridas;Pleno dia;Decrescente;C�u Claro;Dupla;Reta;N�o;1;0;1;0;0;0;1;1;-8,30496;-35,07161;SPRF-PE;DEL01-PE;UOP03-DEL01-PE;;;
689219;05/05/2025;segunda-feira;08:25:00;PB;101;74,1;SANTA RITA;Aus�ncia de rea��o do condutor;Sa�da de leito carro��vel;Com V�timas Feridas;Pleno dia;Crescente;C�u Claro;Dupla;Reta;N�o;1;0;1;0;0;0;1;1;-7,08416043;-34,97952461;SPRF-PB;DEL01-PB;UOP03-DEL01-PB;;;
689222;01/04/2025;ter�a-feira;08:35:00;SP;116;228;SAO PAULO;Manobra de mudan�a de faixa;Colis�o transversal;Sem V�timas;Pleno dia;Decrescente;C�u Claro;Dupla;Reta;Sim;3;0;0;0;3;0;0;2;-23,50639015;-46,56968634;SPRF-SP;DEL01-SP;UOP01-DEL01-SP;;;
689223;05/05/2025;segunda-feira;08:15:00;RJ;101;418;MANGARATIBA;Rea��o tardia ou ineficiente do condutor;Colis�o transversal;Com V�timas Feridas;Pleno dia;Decrescente;Sol;Simples;"Reta;Aclive";N�o;2;0;0;1;1;0;1;2;-22,91843734;-43,91422754;SPRF-RJ;DEL03-RJ;UOP02-DEL03-RJ;;;
689224;05/05/2025;segunda-feira;09:00:00;PI;343;275;CAMPO MAIOR;Acostamento em desn�vel;Tombamento;Com V�timas Feridas;Pleno dia;Crescente;C�u Claro;Dupla;Reta;N�o;1;0;0;1;0;0;1;1;-4,931118;-42,293816;SPRF-PI;DEL01-PI;UOP03-DEL01-PI;;;
689227;05/05/2025;segunda-feira;09:35:00;CE;222;4,9;CAUCAIA;Acesso irregular;Colis�o lateral mesmo sentido;Sem V�timas;Pleno dia;Crescente;C�u Claro;M�ltipla;Reta;Sim;2;0;0;0;2;0;0;2;-3,7425964;-38,61224103;SPRF-CE;DEL01-CE;UOP01-DEL01-CE;;;
689229;05/05/2025;segunda-feira;09:10:00;MA;135;20,8;SAO LUIS;Manobra de mudan�a de faixa;Colis�o traseira;Com V�timas Feridas;Pleno dia;Decrescente;C�u Claro;Dupla;Reta;Sim;2;0;1;0;1;0;1;2;-2,565632;-44,328597;SPRF-MA;DEL01-MA;UOP01-DEL01-MA;;;
689231;05/05/2025;segunda-feira;07:00:00;SC;470;241,1;CURITIBANOS;Ultrapassagem Indevida;Colis�o lateral mesmo sentido;Com V�timas Feridas;Pleno dia;Decrescente;C�u Claro;Simples;Reta;Sim;2;0;1;0;1;0;1;2;-27,3130371;-50,55837242;SPRF-SC;DEL05-SC;UOP03-DEL05-SC;;;
689232;05/05/2025;segunda-feira;10:00:00;PR;116;115;CURITIBA;Aus�ncia de rea��o do condutor;Colis�o traseira;Com V�timas Feridas;Pleno dia;Decrescente;Nublado;Dupla;Reta;Sim;2;0;1;0;1;0;1;2;-25,54805226;-49,30405363;SPRF-PR;DEL01-PR;UOP03-DEL01-PR;;;
689233;05/05/2025;segunda-feira;09:55:00;ES;101;338,7;GUARAPARI;Avarias e/ou desgaste excessivo no pneu;Tombamento;Com V�timas Feridas;Pleno dia;Crescente;Chuva;Dupla;Curva;N�o;1;0;1;0;0;0;1;1;-20,64378;-40,55548;SPRF-ES;DEL03-ES;UOP01-DEL03-ES;;;
689234;05/05/2025;segunda-feira;09:30:00;RJ;101;74;CAMPOS DOS GOYTACAZES;Acessar a via sem observar a presen�a dos outros ve�culos;Colis�o transversal;Com V�timas Feridas;Pleno dia;Crescente;C�u Claro;Simples;Reta;Sim;3;0;0;1;2;0;1;2;-21,8497024;-41,418752;SPRF-RJ;DEL08-RJ;UOP02-DEL08-RJ;;;
689235;05/05/2025;segunda-feira;06:50:00;MG;116;497,2;INHAPIM;Desrespeitar a prefer�ncia no cruzamento;Colis�o lateral mesmo sentido;Com V�timas Feridas;Amanhecer;Decrescente;Nublado;Simples;Reta;Sim;2;0;1;0;1;0;1;2;-19,539803;-42,126286;SPRF-MG;DEL06-MG;UOP02-DEL06-MG;;;
689237;05/05/2025;segunda-feira;08:20:00;PI;343;315;ALTOS;Acessar a via sem observar a presen�a dos outros ve�culos;Colis�o transversal;Com V�timas Feridas;Pleno dia;Crescente;C�u Claro;Simples;Reta;N�o;2;0;1;0;1;0;1;2;-5,047288;-42,527147;SPRF-PI;DEL01-PI;UOP01-DEL01-PI;;;
689238;05/05/2025;segunda-feira;09:00:00;MS;60;593;JARDIM;Acessar a via sem observar a presen�a dos outros ve�culos;Colis�o transversal;Com V�timas Feridas;Pleno dia;Crescente;C�u Claro;Simples;"Reta;Interse��o de Vias";Sim;3;0;2;0;1;0;2;2;-21,48674042;-56,15342824;SPRF-MS;DEL05-MS;UOP01-DEL05-MS;;;
689240;05/05/2025;segunda-feira;10:15:00;MG;381;536;ITATIAIUCU;Acessar a via sem observar a presen�a dos outros ve�culos;Colis�o lateral mesmo sentido;Com V�timas Feridas;Pleno dia;Decrescente;Nublado;Dupla;Interse��o de Vias;N�o;2;0;1;0;1;0;1;2;-20,2103826;-44,3898323;SPRF-MG;DEL04-MG;UOP03-DEL04-MG;;;
689241;19/04/2025;s�bado;10:30:00;MG;267;58;GUARARA;Aus�ncia de rea��o do condutor;Queda de ocupante de ve�culo;Com V�timas Feridas;Pleno dia;Decrescente;C�u Claro;Simples;Curva;N�o;1;0;0;1;0;0;1;1;-21,7245573;-43,04402678;SPRF-MG;DEL07-MG;UOP01-DEL07-MG;;;
689243;05/05/2025;segunda-feira;10:00:00;RJ;393;142;SAPUCAIA;Convers�o proibida;Colis�o frontal;Com V�timas Feridas;Pleno dia;Crescente;C�u Claro;Simples;Reta;Sim;3;0;1;0;2;0;1;2;-22,03776154;-42,98930523;SPRF-RJ;DEL05-RJ;UOP01-DEL05-RJ;;;
689244;05/05/2025;segunda-feira;11:10:00;PR;277;35,5;MORRETES;Aus�ncia de rea��o do condutor;Colis�o lateral mesmo sentido;Com V�timas Fatais;Pleno dia;Decrescente;Sol;Dupla;Curva;Sim;1;1;0;0;0;0;0;1;-25,5744;-48,828343;SPRF-PR;DEL01-PR;UOP05-DEL01-PR;;;
689246;05/05/2025;segunda-feira;11:15:00;RS;386;106;SAO JOSE DAS MISSOES;Transitar na contram�o;Colis�o frontal;Com V�timas Feridas;Pleno dia;Decrescente;C�u Claro;Simples;Curva;N�o;2;0;2;0;0;0;2;2;-27,7766686;-53,0722966;SPRF-RS;DEL08-RS;UOP01-DEL08-RS;;;
689250;05/05/2025;segunda-feira;08:00:00;PI;135;349;BOM JESUS;Acessar a via sem observar a presen�a dos outros ve�culos;Colis�o transversal;Com V�timas Feridas;Pleno dia;Decrescente;C�u Claro;Simples;Reta;N�o;2;0;1;0;1;0;1;2;-9,071813;-44,330205;SPRF-PI;DEL03-PI;UOP02-DEL03-PI;;;
689251;05/05/2025;segunda-feira;10:17:00;RS;470;154;NOVA PRATA;Suic�dio (presumido);Colis�o frontal;Com V�timas Fatais;Pleno dia;Decrescente;C�u Claro;Simples;Reta;N�o;3;1;0;1;1;0;1;3;-28,76358166;-51,62550906;SPRF-RS;DEL06-RS;UOP02-DEL06-RS;;;
689253;05/05/2025;segunda-feira;11:00:00;PR;277;371,1;GUARAPUAVA;Rea��o tardia ou ineficiente do condutor;Sa�da de leito carro��vel;Com V�timas Feridas;Pleno dia;Decrescente;Sol;Simples;Curva;N�o;3;0;1;0;1;1;1;2;-25,408513;-51,703629;SPRF-PR;DEL08-PR;UOP01-DEL08-PR;;;
689256;05/05/2025;segunda-feira;11:10:00;PI;343;434,4;LAGOINHA DO PIAUI;Aus�ncia de rea��o do condutor;Sa�da de leito carro��vel;Com V�timas Feridas;Pleno dia;Decrescente;Sol;Simples;"Reta;Aclive";N�o;4;0;3;1;0;0;4;1;-5,806237;-42,621065;SPRF-PI;DEL01-PI;UOP02-DEL01-PI;;;
689257;05/05/2025;segunda-feira;07:00:00;RO;364;9;VILHENA;Condutor deixou de manter dist�ncia do ve�culo da frente;Colis�o traseira;Com V�timas Feridas;Pleno dia;Decrescente;C�u Claro;Simples;Reta;Sim;2;0;1;0;1;0;1;2;-12,75037356;-60,10692751;SPRF-RO;DEL04-RO;UOP01-DEL04-RO;;;
689259;05/05/2025;segunda-feira;13:16:00;CE;116;12;FORTALEZA;Aus�ncia de rea��o do condutor;Colis�o traseira;Com V�timas Feridas;Pleno dia;Crescente;C�u Claro;M�ltipla;Reta;N�o;2;0;1;0;1;0;1;2;-3,8547627;-38,496332;SPRF-CE;DEL01-CE;UOP02-DEL01-CE;;;
689260;05/05/2025;segunda-feira;13:05:00;MG;40;771,2;JUIZ DE FORA;Convers�o proibida;Colis�o transversal;Com V�timas Feridas;Pleno dia;Crescente;Sol;Simples;Reta;N�o;6;0;0;2;3;1;2;3;-21,6326869;-43,44332099;SPRF-MG;DEL05-MG;UOP01-DEL05-MG;;;
689261;05/05/2025;segunda-feira;10:20:00;RJ;116;296;PORTO REAL;Aus�ncia de rea��o do condutor;Colis�o com objeto;Com V�timas Feridas;Pleno dia;Decrescente;C�u Claro;Dupla;Reta;Sim;7;0;4;2;1;0;6;1;-22,45159382;-44,3080744;SPRF-RJ;DEL07-RJ;UOP02-DEL07-RJ;;;
689262;05/05/2025;segunda-feira;11:30:00;PR;277;684;SAO MIGUEL DO IGUACU;Demais falhas mec�nicas ou el�tricas;Sa�da de leito carro��vel;Sem V�timas;Pleno dia;Decrescente;C�u Claro;Dupla;"Curva;Aclive";N�o;1;0;0;0;0;1;0;1;-25,3389;-54,2016;SPRF-PR;DEL05-PR;UOP01-DEL05-PR;;;
689263;05/05/2025;segunda-feira;12:40:00;RS;471;150;SANTA CRUZ DO SUL;Desrespeitar a prefer�ncia no cruzamento;Colis�o transversal;Com V�timas Feridas;Pleno dia;Decrescente;Sol;Simples;"Reta;Interse��o de Vias";N�o;2;0;1;0;1;0;1;2;-29,77919394;-52,41536379;SPRF-RS;DEL02-RS;UOP03-DEL02-RS;;;
689264;05/05/2025;segunda-feira;13:20:00;SP;116;442;REGISTRO;Rea��o tardia ou ineficiente do condutor;Capotamento;Com V�timas Feridas;Pleno dia;Decrescente;C�u Claro;Dupla;Reta;Sim;2;0;1;0;1;0;1;1;-24,4744192;-47,8216192;SPRF-SP;DEL05-SP;UOP01-DEL05-SP;;;
689265;05/05/2025;segunda-feira;07:50:00;GO;153;511,3;APARECIDA DE GOIANIA;Manobra de mudan�a de faixa;Tombamento;Com V�timas Feridas;Pleno dia;Decrescente;C�u Claro;Dupla;Reta;Sim;1;0;1;0;0;0;1;1;-16,802497;-49,23876;SPRF-GO;DEL01-GO;UOP03-DEL01-GO;;;
689266;05/05/2025;segunda-feira;07:30:00;RJ;101;296;ITABORAI;Condutor deixou de manter dist�ncia do ve�culo da frente;Colis�o traseira;Com V�timas Feridas;Pleno dia;Crescente;Sol;Dupla;Reta;Sim;2;0;0;1;1;0;1;2;-22,76486431;-42,90392876;SPRF-RJ;DEL02-RJ;UOP02-DEL02-RJ;;;
689267;05/05/2025;segunda-feira;09:30:00;MT;70;26;BARRA DO GARCAS;Animais na Pista;Sa�da de leito carro��vel;Com V�timas Feridas;Pleno dia;Decrescente;C�u Claro;Simples;Reta;N�o;1;0;1;0;0;0;1;1;-15,8793728;-52,3108352;SPRF-MT;DEL07-MT;UOP01-DEL07-MT;;;
689269;05/05/2025;segunda-feira;14:04:00;SP;153;62,3;SAO JOSE DO RIO PRETO;Condutor deixou de manter dist�ncia do ve�culo da frente;Colis�o traseira;Com V�timas Feridas;Pleno dia;Crescente;C�u Claro;Dupla;"Reta;Aclive";Sim;3;0;2;0;1;0;2;2;-20,815147;-49,357127;SPRF-SP;DEL09-SP;UOP01-DEL09-SP;;;
689274;05/05/2025;segunda-feira;13:30:00;MG;40;695,4;ALFREDO VASCONCELOS;Condutor deixou de manter dist�ncia do ve�culo da frente;Colis�o traseira;Com V�timas Feridas;Pleno dia;Crescente;Nublado;Simples;"Curva;Aclive";N�o;2;0;1;0;1;0;1;2;-21,16666325;-43,75701257;SPRF-MG;DEL05-MG;UOP02-DEL05-MG;;;
689275;05/05/2025;segunda-feira;14:50:00;PB;101;84,7;BAYEUX;Acumulo de areia ou detritos sobre o pavimento;Queda de ocupante de ve�culo;Com V�timas Feridas;Pleno dia;Crescente;Sol;Dupla;Reta;Sim;1;0;1;0;0;0;1;1;-7,14359494;-34,91883977;SPRF-PB;DEL01-PB;UOP01-DEL01-PB;;;
689277;05/05/2025;segunda-feira;14:50:00;MA;135;9,2;SAO LUIS;Manobra de mudan�a de faixa;Colis�o lateral mesmo sentido;Com V�timas Feridas;Pleno dia;Decrescente;C�u Claro;Dupla;Reta;N�o;2;0;1;0;1;0;1;2;-2,64799144;-44,27813935;SPRF-MA;DEL01-MA;UOP01-DEL01-MA;;;
689278;05/05/2025;segunda-feira;15:00:00;MG;40;529,9;CONTAGEM;Demais falhas mec�nicas ou el�tricas;Inc�ndio;Sem V�timas;Pleno dia;Crescente;C�u Claro;Dupla;"Reta;Aclive";Sim;1;0;0;0;1;0;0;1;-19,91345395;-44,04063016;SPRF-MG;DEL01-MG;UOP02-DEL01-MG;;;
689279;05/05/2025;segunda-feira;15:22:00;ES;262;85,2;DOMINGOS MARTINS;Transitar na contram�o;Colis�o frontal;Com V�timas Fatais;Pleno dia;Crescente;Nublado;Simples;Curva;N�o;3;1;0;2;0;0;2;2;-20,39805;-40,986458;SPRF-ES;DEL01-ES;UOP02-DEL01-ES;;;
689280;05/05/2025;segunda-feira;15:15:00;SC;101;3,9;ARARANGUA;Aus�ncia de rea��o do condutor;Colis�o traseira;Com V�timas Feridas;Pleno dia;Decrescente;C�u Claro;Simples;Reta;Sim;2;0;1;0;1;0;1;2;-28,95107651;-49,50782776;SPRF-SC;DEL02-SC;UOP02-DEL02-SC;;;
689281;05/05/2025;segunda-feira;14:20:00;MS;267;530,6;JARDIM;Rea��o tardia ou ineficiente do condutor;Colis�o transversal;Com V�timas Feridas;Pleno dia;Crescente;C�u Claro;Simples;Reta;N�o;4;0;1;0;3;0;1;2;-21,541156;-56,579227;SPRF-MS;DEL05-MS;UOP01-DEL05-MS;;;
689282;05/05/2025;segunda-feira;15:20:00;PE;104;62;CARUARU;Manobra de mudan�a de faixa;Colis�o lateral mesmo sentido;Com V�timas Feridas;Pleno dia;Decrescente;C�u Claro;Dupla;Reta;Sim;2;0;1;0;1;0;1;2;-8,2103781;-35,9718923;SPRF-PE;DEL02-PE;UOP01-DEL02-PE;;;
689283;05/05/2025;segunda-feira;08:30:00;RJ;356;8;ITAPERUNA;Aus�ncia de rea��o do condutor;Colis�o traseira;Com V�timas Feridas;Pleno dia;Crescente;C�u Claro;Simples;Reta;N�o;3;0;2;0;0;1;2;2;-21,161192;-42,123317;SPRF-RJ;DEL08-RJ;UOP03-DEL08-RJ;;;
689284;05/05/2025;segunda-feira;16:07:00;RN;101;82,9;NATAL;Rea��o tardia ou ineficiente do condutor;Tombamento;Com V�timas Feridas;Pleno dia;Decrescente;Sol;M�ltipla;"Reta;Viaduto;Interse��o de Vias";Sim;2;0;1;1;0;0;2;1;-5,7697982;-35,2691804;SPRF-RN;DEL02-RN;UOP01-DEL02-RN;;;
689285;05/05/2025;segunda-feira;15:30:00;PA;155;302;MARABA;Acessar a via sem observar a presen�a dos outros ve�culos;Colis�o traseira;Com V�timas Feridas;Pleno dia;Crescente;C�u Claro;Simples;Reta;N�o;3;0;1;0;1;1;1;2;-5,70263663;-49,1267395;SPRF-PA;DEL03-PA;UOP01-DEL03-PA;;;
689287;05/05/2025;segunda-feira;13:00:00;RJ;354;16;RESENDE;Rea��o tardia ou ineficiente do condutor;Colis�o frontal;Com V�timas Feridas;Pleno dia;Decrescente;C�u Claro;Simples;"Curva;Declive";N�o;2;0;2;0;0;0;2;2;-22,457714;-44,717271;SPRF-RJ;DEL07-RJ;UOP02-DEL07-RJ;;;
689292;05/05/2025;segunda-feira;17:10:00;MG;40;775,1;JUIZ DE FORA;Manobra de mudan�a de faixa;Colis�o traseira;Com V�timas Feridas;Anoitecer;Decrescente;C�u Claro;Dupla;Reta;N�o;2;0;0;1;1;0;1;2;-21,66207;-43,43432;SPRF-MG;DEL05-MG;UOP01-DEL05-MG;;;
689293;05/05/2025;segunda-feira;17:15:00;RS;158;326;SANTA MARIA;Condutor deixou de manter dist�ncia do ve�culo da frente;Colis�o traseira;Com V�timas Feridas;Pleno dia;Decrescente;C�u Claro;Dupla;"Em Obras;Rotat�ria;Interse��o de Vias;Viaduto";Sim;2;0;1;0;1;0;1;2;-29,71483124;-53,80880926;SPRF-RS;DEL09-RS;UOP01-DEL09-RS;;;
689294;05/05/2025;segunda-feira;14:10:00;SC;163;1,7;DIONISIO CERQUEIRA;Retorno proibido;Colis�o transversal;Com V�timas Feridas;Pleno dia;Decrescente;C�u Claro;Simples;"Reta;Declive";Sim;2;0;1;0;1;0;1;2;-26,26331387;-53,62275481;SPRF-SC;DEL07-SC;UOP03-DEL07-SC;;;
689295;05/05/2025;segunda-feira;17:30:00;SC;101;326;CAPIVARI DE BAIXO;Aus�ncia de rea��o do condutor;Queda de ocupante de ve�culo;Com V�timas Feridas;Anoitecer;Crescente;C�u Claro;Dupla;Reta;N�o;2;0;1;0;0;1;1;2;-28,43319086;-48,95652906;SPRF-SC;DEL02-SC;UOP01-DEL02-SC;;;
689296;05/05/2025;segunda-feira;17:30:00;RJ;116;179;BELFORD ROXO;Rea��o tardia ou ineficiente do condutor;Queda de ocupante de ve�culo;Com V�timas Feridas;Pleno dia;Crescente;C�u Claro;M�ltipla;Reta;Sim;1;0;1;0;0;0;1;1;-22,76964567;-43,40822395;SPRF-RJ;DEL06-RJ;UOP01-DEL06-RJ;;;
689297;05/05/2025;segunda-feira;16:20:00;RS;470;11,4;BARRACAO;Acessar a via sem observar a presen�a dos outros ve�culos;Colis�o transversal;Com V�timas Feridas;Pleno dia;Crescente;C�u Claro;Simples;"Interse��o de Vias;Reta;Rotat�ria";N�o;5;0;3;0;2;0;3;2;-27,675241;-51,454777;SPRF-RS;DEL08-RS;UOP05-DEL08-RS;;;
689299;05/05/2025;segunda-feira;16:50:00;RJ;493;16,9;GUAPIMIRIM;Velocidade Incompat�vel;Sa�da de leito carro��vel;Com V�timas Feridas;Pleno dia;Decrescente;C�u Claro;Simples;Reta;N�o;1;0;1;0;0;0;1;1;-22,66819467;-43,02555084;SPRF-RJ;DEL04-RJ;UOP02-DEL04-RJ;;;
689301;05/05/2025;segunda-feira;18:15:00;PR;369;186,8;ARAPONGAS;Acessar a via sem observar a presen�a dos outros ve�culos;Colis�o lateral sentido oposto;Com V�timas Feridas;Anoitecer;Decrescente;C�u Claro;Simples;Reta;Sim;2;0;1;0;1;0;1;2;-23,42215072;-51,42427683;SPRF-PR;DEL07-PR;UOP03-DEL07-PR;;;
689304;05/05/2025;segunda-feira;16:30:00;PI;343;276;CAMPO MAIOR;Acumulo de areia ou detritos sobre o pavimento;Colis�o com objeto;Com V�timas Feridas;Pleno dia;Decrescente;C�u Claro;Simples;"Reta;Em Obras";N�o;1;0;0;1;0;0;1;1;-4,886004;-42,230614;SPRF-PI;DEL01-PI;UOP03-DEL01-PI;;;