id;data_inversa;dia_semana;horario;uf;br;km;municipio;causa_acidente;tipo_acidente;classificacao_acidente;fase_dia;sentido_via;condicao_metereologica;tipo_pista;tracado_via;uso_solo;pessoas;mortos;feridos_leves;feridos_graves;ilesos;ignorados;feridos;veiculos;latitude;longitude;regional;delegacia;uop;;;
689422;06/05/2025;ter�a-feira;08:40:00;BA;116;822;VITORIA DA CONQUISTA;Rea��o tardia ou ineficiente do condutor;Colis�o traseira;Com V�timas Feridas;Pleno dia;Decrescente;Chuva;Dupla;Reta;Sim;2;0;1;0;1;0;1;2;-14,8478307;-40,8484337;SPRF-BA;DEL08-BA;UOP01-DEL08-BA;;;
689425;06/05/2025;ter�a-feira;08:15:00;RN;405;77;APODI;Aus�ncia de rea��o do condutor;Colis�o lateral mesmo sentido;Com V�timas Feridas;Pleno dia;Decrescente;C�u Claro;Simples;Reta;Sim;2;0;0;2;0;0;2;2;-5,664512;-37,796883;SPRF-RN;DEL04-RN;UOP02-DEL04-RN;;;
689426;06/05/2025;ter�a-feira;10:00:00;SC;101;133;BALNEARIO CAMBORIU;Entrada inopinada do pedestre;Atropelamento de Pedestre;Com V�timas Feridas;Pleno dia;Decrescente;C�u Claro;Dupla;Reta;Sim;2;0;1;0;1;0;1;2;-27,00190882;-48,64255786;SPRF-SC;DEL04-SC;UOP03-DEL04-SC;;;
689429;06/05/2025;ter�a-feira;10:00:00;DF;40;5;BRASILIA;Frear bruscamente;Queda de ocupante de ve�culo;Com V�timas Feridas;Pleno dia;Decrescente;C�u Claro;Dupla;Reta;Sim;1;0;1;0;0;0;1;1;-16,02239847;-47,98001753;SPRF-DF;DEL01-DF;UOP01-DEL01-DF;;;
689431;06/05/2025;ter�a-feira;07:10:00;RS;471;559,6;SANTA VITORIA DO PALMAR;Acessar a via sem observar a presen�a dos outros ve�culos;Colis�o lateral sentido oposto;Com V�timas Feridas;Pleno dia;Crescente;Nevoeiro/Neblina;Simples;Reta;N�o;3;0;0;1;2;0;1;2;-32,99594791;-52,81957215;SPRF-RS;DEL07-RS;UOP04-DEL07-RS;;;
689433;06/05/2025;ter�a-feira;07:33:00;SP;381;89;SAO PAULO;Rea��o tardia ou ineficiente do condutor;Queda de ocupante de ve�culo;Com V�timas Feridas;Pleno dia;Decrescente;C�u Claro;M�ltipla;Reta;Sim;1;0;1;0;0;0;1;1;-23,49064286;-46,56040192;SPRF-SP;DEL03-SP;UOP01-DEL03-SP;;;
689435;06/05/2025;ter�a-feira;11:00:00;RN;101;83;NATAL;Condutor deixou de manter dist�ncia do ve�culo da frente;Colis�o traseira;Com V�timas Feridas;Pleno dia;Decrescente;C�u Claro;Dupla;Reta;Sim;3;0;2;0;1;0;2;2;-5,77253866;-35,26227015;SPRF-RN;DEL02-RN;UOP01-DEL02-RN;;;
689436;06/05/2025;ter�a-feira;11:25:00;PR;277;78;CURITIBA;Rea��o tardia ou ineficiente do condutor;Colis�o traseira;Com V�timas Feridas;Pleno dia;Decrescente;Nublado;Dupla;"Reta;Aclive";Sim;4;0;1;0;3;0;1;2;-25,479177;-49,2006699;SPRF-PR;DEL01-PR;UOP07-DEL01-PR;;;
689437;06/05/2025;ter�a-feira;10:00:00;RJ;101;445;MANGARATIBA;Condutor Dormindo;Sa�da de leito carro��vel;Com V�timas Feridas;Amanhecer;Decrescente;C�u Claro;Simples;Curva;N�o;1;0;1;0;0;0;1;1;-22,993268;-44,093071;SPRF-RJ;DEL03-RJ;UOP02-DEL03-RJ;;;
689438;06/05/2025;ter�a-feira;11:10:00;PB;101;38;MAMANGUAPE;Acesso irregular;Tombamento;Com V�timas Feridas;Pleno dia;Crescente;C�u Claro;Dupla;Reta;N�o;1;0;0;1;0;0;1;1;-6,82161988;-35,13861135;SPRF-PB;DEL01-PB;UOP03-DEL01-PB;;;
689439;06/05/2025;ter�a-feira;06:55:00;MG;262;445,3;NOVA SERRANA;Aus�ncia de rea��o do condutor;Colis�o traseira;Com V�timas Feridas;Pleno dia;Crescente;C�u Claro;Dupla;Reta;Sim;3;0;0;2;1;0;2;3;-19,86459091;-44,99536514;SPRF-MG;DEL08-MG;UOP03-DEL08-MG;;;
689441;06/05/2025;ter�a-feira;11:40:00;RS;116;263;CANOAS;Demais falhas mec�nicas ou el�tricas;Inc�ndio;Sem V�timas;Pleno dia;Crescente;C�u Claro;Dupla;Viaduto;Sim;1;0;0;0;0;1;0;1;-29,90311125;-51,1766967;SPRF-RS;DEL01-RS;UOP01-DEL01-RS;;;
689442;06/05/2025;ter�a-feira;11:10:00;RN;427;27;ACARI;Acessar a via sem observar a presen�a dos outros ve�culos;Colis�o transversal;Com V�timas Feridas;Pleno dia;Decrescente;C�u Claro;Simples;Reta;Sim;2;0;1;0;1;0;1;2;-6,4356416;-36,63943;SPRF-RN;DEL03-RN;UOP01-DEL03-RN;;;
689446;04/04/2025;sexta-feira;19:00:00;PR;277;78;CURITIBA;Aus�ncia de rea��o do condutor;Colis�o traseira;Com V�timas Feridas;Plena Noite;Crescente;C�u Claro;Dupla;Reta;Sim;1;0;1;0;0;0;1;1;-25,4767211;-49,20584153;SPRF-PR;DEL01-PR;UOP07-DEL01-PR;;;
689447;06/05/2025;ter�a-feira;12:05:00;SE;235;41,7;AREIA BRANCA;Acessar a via sem observar a presen�a dos outros ve�culos;Colis�o transversal;Com V�timas Feridas;Pleno dia;Decrescente;Nublado;Simples;"Interse��o de Vias;Aclive;Em Obras;Reta";N�o;2;0;0;1;1;0;1;2;-10,77018372;-37,3686525;SPRF-SE;DEL01-SE;UOP02-DEL01-SE;;;
689448;06/05/2025;ter�a-feira;12:25:00;PA;316;22;BENEVIDES;Acessar a via sem observar a presen�a dos outros ve�culos;Colis�o transversal;Com V�timas Feridas;Pleno dia;Crescente;C�u Claro;Dupla;"Reta;Retorno Regulamentado";Sim;2;0;0;1;1;0;1;2;-1,349302;-48,253893;SPRF-PA;DEL01-PA;UOP01-DEL01-PA;;;
689449;02/03/2025;domingo;05:30:00;GO;364;68,4;CACHOEIRA ALTA;Condutor Dormindo;Sa�da de leito carro��vel;Com V�timas Feridas;Amanhecer;Decrescente;C�u Claro;Simples;Reta;N�o;1;0;1;0;0;0;1;1;-18,6909;-50,9743;SPRF-GO;DEL05-GO;UOP02-DEL05-GO;;;
689454;06/05/2025;ter�a-feira;12:00:00;PR;369;159,4;CAMBE;Rea��o tardia ou ineficiente do condutor;Colis�o traseira;Sem V�timas;Pleno dia;Crescente;C�u Claro;Dupla;Reta;Sim;2;0;0;0;2;0;0;2;-23,281943;-51,252539;SPRF-PR;DEL07-PR;UOP01-DEL07-PR;;;
689456;06/05/2025;ter�a-feira;12:15:00;MG;116;764,9;LEOPOLDINA;Desrespeitar a prefer�ncia no cruzamento;Colis�o transversal;Com V�timas Feridas;Pleno dia;Crescente;Nublado;Simples;"Curva;Interse��o de Vias;Declive";Sim;3;0;1;0;2;0;1;2;-21,52085263;-42,65133776;SPRF-MG;DEL07-MG;UOP01-DEL07-MG;;;
689459;06/05/2025;ter�a-feira;12:47:00;PE;232;112;BEZERROS;Manobra de mudan�a de faixa;Colis�o lateral mesmo sentido;Sem V�timas;Pleno dia;Crescente;C�u Claro;Dupla;Reta;N�o;2;0;0;0;2;0;0;2;-8,2871259;-35,81900088;SPRF-PE;DEL02-PE;UOP02-DEL02PE;;;
689465;06/05/2025;ter�a-feira;13:20:00;PR;153;51,9;SANTO ANTONIO DA PLATINA;Acessar a via sem observar a presen�a dos outros ve�culos;Colis�o transversal;Com V�timas Feridas;Pleno dia;Crescente;C�u Claro;Simples;Reta;N�o;3;0;1;0;2;0;1;2;-23,38398496;-50,06032124;SPRF-PR;DEL07-PR;UOP04-DEL07-PR;;;
689473;06/05/2025;ter�a-feira;13:50:00;MG;262;354,3;BETIM;Velocidade Incompat�vel;Colis�o com objeto;Com V�timas Feridas;Pleno dia;Decrescente;C�u Claro;Dupla;Reta;Sim;2;0;1;0;1;0;1;2;-19,9816809;-44,2110331;SPRF-MG;DEL01-MG;UOP03-DEL01-MG;;;
689474;06/05/2025;ter�a-feira;14:45:00;RN;101;104;PARNAMIRIM;Condutor deixou de manter dist�ncia do ve�culo da frente;Colis�o traseira;Com V�timas Feridas;Pleno dia;Crescente;Sol;Dupla;"Viaduto;Aclive";Sim;3;0;1;0;2;0;1;2;-5,89145164;-35,25494456;SPRF-RN;DEL01-RN;UOP01-DEL01-RN;;;
689482;06/05/2025;ter�a-feira;14:30:00;PR;116;115;CURITIBA;Aus�ncia de rea��o do condutor;Tombamento;Com V�timas Feridas;Pleno dia;Crescente;C�u Claro;Simples;"Curva;Declive";Sim;1;0;1;0;0;0;1;1;-25,5436031;-49,30141568;SPRF-PR;DEL01-PR;UOP03-DEL01-PR;;;
689484;06/05/2025;ter�a-feira;12:20:00;RJ;493;81;JAPERI;Aus�ncia de rea��o do condutor;Sa�da de leito carro��vel;Com V�timas Feridas;Pleno dia;Crescente;C�u Claro;Dupla;Reta;N�o;1;0;1;0;0;0;1;1;-22,664393;-43,58516693;SPRF-RJ;DEL01-RJ;UOP03-DEL01-RJ;;;
689488;06/05/2025;ter�a-feira;16:30:00;MG;40;609,9;CONGONHAS;Aus�ncia de rea��o do condutor;Sa�da de leito carro��vel;Com V�timas Feridas;Pleno dia;Crescente;C�u Claro;Simples;Curva;N�o;1;0;1;0;0;0;1;1;-20,50308402;-43,83879662;SPRF-MG;DEL05-MG;UOP02-DEL05-MG;;;
689489;06/05/2025;ter�a-feira;15:30:00;PR;116;101,1;SAO JOSE DOS PINHAIS;Acessar a via sem observar a presen�a dos outros ve�culos;Atropelamento de Pedestre;Com V�timas Feridas;Pleno dia;Crescente;Nublado;Dupla;Reta;Sim;2;0;0;1;1;0;1;2;-25,56686;-49,17065;SPRF-PR;DEL01-PR;UOP07-DEL01-PR;;;
689490;06/05/2025;ter�a-feira;16:00:00;DF;20;45,7;BRASILIA;Rea��o tardia ou ineficiente do condutor;Sa�da de leito carro��vel;Com V�timas Feridas;Pleno dia;Decrescente;C�u Claro;Dupla;Curva;N�o;1;0;1;0;0;0;1;1;-15,5791869;-47,4619355;SPRF-DF;DEL02-DF;UOP01-DEL02-DF;;;
689491;06/05/2025;ter�a-feira;14:40:00;CE;116;112;BEBERIBE;Condutor deixou de manter dist�ncia do ve�culo da frente;Colis�o traseira;Com V�timas Feridas;Pleno dia;Crescente;C�u Claro;Simples;Reta;N�o;2;0;2;0;0;0;2;1;-4,58395392;-38,22482586;SPRF-CE;DEL01-CE;UOP04-DEL01-CE;;;
689493;06/05/2025;ter�a-feira;16:00:00;SC;101;108,3;PENHA;Afundamento ou ondula��o no pavimento;Tombamento;Com V�timas Feridas;Pleno dia;Decrescente;Nublado;Dupla;Reta;N�o;1;0;1;0;0;0;1;1;-26,82774084;-48,69165763;SPRF-SC;DEL03-SC;UOP02-DEL03-SC;;;
689497;06/05/2025;ter�a-feira;16:50:00;MG;381;490,5;BETIM;Manobra de mudan�a de faixa;Colis�o lateral mesmo sentido;Com V�timas Feridas;Pleno dia;Decrescente;C�u Claro;M�ltipla;Curva;Sim;3;0;2;0;1;0;2;2;-19,956103;-44,1463557;SPRF-MG;DEL01-MG;UOP03-DEL01-MG;;;
689498;05/05/2025;segunda-feira;17:15:00;PE;101;189;PALMARES;Acessar a via sem observar a presen�a dos outros ve�culos;Colis�o transversal;Com V�timas Feridas;Plena Noite;Crescente;Ignorado;Dupla;Curva;Sim;3;0;2;1;0;0;3;2;-8,69078;-35,60735;SPRF-PE;DEL01-PE;UOP03-DEL01-PE;;;
689502;06/05/2025;ter�a-feira;14:55:00;PI;316;308;PICOS;Aus�ncia de rea��o do condutor;Colis�o transversal;Sem V�timas;Pleno dia;Decrescente;C�u Claro;Dupla;Reta;Sim;2;0;0;0;2;0;0;2;-7,07786361;-41,49462104;SPRF-PI;DEL04-PI;UOP01-DEL04-PI;;;
689503;06/05/2025;ter�a-feira;17:00:00;CE;20;206,3;BOA VIAGEM;Ultrapassagem Indevida;Colis�o transversal;Com V�timas Feridas;Pleno dia;Crescente;C�u Claro;Simples;Reta;Sim;3;0;2;0;1;0;2;2;-5,10555731;-39,71690504;SPRF-CE;DEL02-CE;UOP02-DEL02-CE;;;
689504;06/05/2025;ter�a-feira;17:44:00;PB;230;22;JOAO PESSOA;Aus�ncia de rea��o do condutor;Engavetamento;Com V�timas Feridas;Anoitecer;Decrescente;C�u Claro;Dupla;Reta;Sim;4;0;1;0;3;0;1;3;-7,15875998;-34,8587501;SPRF-PB;DEL01-PB;UOP01-DEL01-PB;;;
689505;06/05/2025;ter�a-feira;17:17:00;PE;101;67;RECIFE;Acessar a via sem observar a presen�a dos outros ve�culos;Colis�o lateral mesmo sentido;Com V�timas Feridas;Anoitecer;Crescente;C�u Claro;Dupla;Reta;Sim;2;0;1;0;1;0;1;2;-8,043807;-34,943877;SPRF-PE;DEL01-PE;UOP01-DEL01-PE;;;
689506;06/05/2025;ter�a-feira;17:25:00;SP;116;121,7;CACAPAVA;Objeto est�tico sobre o leito carro��vel;Colis�o com objeto;Com V�timas Feridas;Pleno dia;Decrescente;C�u Claro;Dupla;Reta;N�o;2;0;2;0;0;0;2;1;-23,08016065;-45,65888498;SPRF-SP;DEL02-SP;UOP02-DEL02-SP;;;
689508;06/05/2025;ter�a-feira;18:00:00;SP;116;145,7;SAO JOSE DOS CAMPOS;Rea��o tardia ou ineficiente do condutor;Colis�o traseira;Com V�timas Feridas;Anoitecer;Decrescente;C�u Claro;Dupla;"Aclive;Reta";Sim;2;0;1;0;1;0;1;2;-23,18946664;-45,85959284;SPRF-SP;DEL02-SP;UOP01-DEL02-SP;;;
689510;06/05/2025;ter�a-feira;18:20:00;ES;101;288;CARIACICA;Avarias e/ou desgaste excessivo no pneu;Queda de ocupante de ve�culo;Com V�timas Feridas;Plena Noite;Decrescente;C�u Claro;Dupla;"Reta;Declive";Sim;2;0;0;1;1;0;1;1;-20,276634;-40,392539;SPRF-ES;DEL01-ES;UOP01-DEL01-ES;;;
689512;06/05/2025;ter�a-feira;18:00:00;PR;369;478,4;CORBELIA;Condutor deixou de manter dist�ncia do ve�culo da frente;Colis�o traseira;Com V�timas Feridas;Anoitecer;Decrescente;C�u Claro;Simples;Reta;N�o;3;0;1;0;2;0;1;2;-24,788697;-53,296694;SPRF-PR;DEL04-PR;UOP03-DEL04-PR;;;
689514;06/05/2025;ter�a-feira;17:40:00;PA;316;64;CASTANHAL;Convers�o proibida;Colis�o transversal;Com V�timas Feridas;Anoitecer;Crescente;C�u Claro;Dupla;Reta;Sim;2;0;1;0;1;0;1;2;-1,2974;-47,9352;SPRF-PA;DEL01-PA;UOP01-DEL01-PA;;;
689515;06/05/2025;ter�a-feira;18:20:00;ES;101;266,2;SERRA;Trafegar com motocicleta (ou similar) entre as faixas;Tombamento;Com V�timas Feridas;Plena Noite;Decrescente;Nublado;M�ltipla;Reta;Sim;2;0;2;0;0;0;2;1;-20,1927205;-40,2684606;SPRF-ES;DEL02-ES;UOP01-DEL02-ES;;;
689517;06/05/2025;ter�a-feira;18:40:00;BA;116;393;SANTA BARBARA;Acessar a via sem observar a presen�a dos outros ve�culos;Colis�o frontal;Com V�timas Fatais;Plena Noite;Decrescente;Nublado;Dupla;Reta;N�o;2;1;0;0;1;0;0;2;-11,97053027;-38,97298374;SPRF-BA;DEL02-BA;UOP01-DEL02-BA;;;
689519;06/05/2025;ter�a-feira;17:45:00;MG;381;480,5;CONTAGEM;Trafegar com motocicleta (ou similar) entre as faixas;Colis�o traseira;Com V�timas Feridas;Anoitecer;Crescente;C�u Claro;M�ltipla;Curva;Sim;2;0;1;0;1;0;1;2;-19,9580909;-44,0568732;SPRF-MG;DEL01-MG;UOP03-DEL01-MG;;;
689521;06/05/2025;ter�a-feira;18:15:00;PR;116;12,7;COLOMBO;Aus�ncia de rea��o do condutor;Tombamento;Com V�timas Feridas;Plena Noite;Decrescente;C�u Claro;Dupla;Reta;Sim;2;0;2;0;0;0;2;1;-25,3791202;-49,1574142;SPRF-PR;DEL01-PR;UOP02-DEL01-PR;;;
689524;06/05/2025;ter�a-feira;18:15:00;GO;153;198;URUACU;Acesso irregular;Colis�o transversal;Com V�timas Feridas;Anoitecer;Crescente;C�u Claro;Simples;Reta;N�o;2;0;1;0;1;0;1;2;-14,51113858;-49,14845467;SPRF-GO;DEL07-GO;UOP02-DEL07-GO;;;
689525;06/05/2025;ter�a-feira;18:50:00;ES;101;264,6;SERRA;Condutor desrespeitou a ilumina��o vermelha do sem�foro;Colis�o transversal;Com V�timas Feridas;Plena Noite;Crescente;Chuva;M�ltipla;Reta;Sim;2;0;1;0;1;0;1;2;-20,17882667;-40,26541;SPRF-ES;DEL02-ES;UOP01-DEL02-ES;;;
689526;06/05/2025;ter�a-feira;12:10:00;RJ;116;321;ITATIAIA;Acumulo de areia ou detritos sobre o pavimento;Eventos at�picos;Sem V�timas;Pleno dia;Crescente;C�u Claro;Dupla;Reta;Sim;1;0;0;0;1;0;0;1;-22,482243;-44,539893;SPRF-RJ;DEL07-RJ;UOP02-DEL07-RJ;;;
689528;06/05/2025;ter�a-feira;19:39:00;SP;116;221;GUARULHOS;Objeto est�tico sobre o leito carro��vel;Colis�o com objeto;Com V�timas Feridas;Plena Noite;Crescente;Nublado;M�ltipla;"Reta;Em Obras";Sim;2;0;2;0;0;0;2;1;-23,47136213;-46,51816249;SPRF-SP;DEL01-SP;UOP01-DEL01-SP;;;
689529;06/05/2025;ter�a-feira;19:00:00;SC;470;56,3;BLUMENAU;Convers�o proibida;Colis�o transversal;Sem V�timas;Plena Noite;Decrescente;C�u Claro;Simples;"Reta;Em Obras";Sim;2;0;0;0;2;0;0;2;-26,87765544;-49,13043022;SPRF-SC;DEL04-SC;UOP01-DEL04-SC;;;
689531;06/05/2025;ter�a-feira;18:15:00;SP;116;120,5;CACAPAVA;Avarias e/ou desgaste excessivo no pneu;Colis�o com objeto;Com V�timas Feridas;Plena Noite;Decrescente;C�u Claro;Dupla;Reta;N�o;2;0;2;0;0;0;2;1;-23,07277316;-45,64686298;SPRF-SP;DEL02-SP;UOP02-DEL02-SP;;;
689532;06/05/2025;ter�a-feira;18:35:00;SC;153;99,5;CONCORDIA;Acessar a via sem observar a presen�a dos outros ve�culos;Colis�o transversal;Com V�timas Feridas;Plena Noite;Crescente;C�u Claro;Simples;Reta;Sim;2;0;0;2;0;0;2;2;-27,24177631;-51,95228426;SPRF-SC;DEL07-SC;UOP04-DEL07-SC;;;
689533;06/05/2025;ter�a-feira;18:10:00;SC;282;584;PINHALZINHO;Pista Escorregadia;Queda de ocupante de ve�culo;Com V�timas Feridas;Plena Noite;Crescente;Nublado;Simples;Curva;N�o;1;0;1;0;0;0;1;1;-26,8321475;-53,0224813;SPRF-SC;DEL07-SC;UOP02-DEL07-SC;;;
689534;06/05/2025;ter�a-feira;18:30:00;MG;262;802;UBERABA;Condutor deixou de manter dist�ncia do ve�culo da frente;Colis�o traseira;Com V�timas Feridas;Plena Noite;Decrescente;C�u Claro;Dupla;Reta;Sim;2;0;1;0;1;0;1;2;-19,77496241;-47,91807175;SPRF-MG;DEL13-MG;UOP01-DEL13-MG;;;
689535;06/05/2025;ter�a-feira;17:53:00;AC;364;124;RIO BRANCO;Acessar a via sem observar a presen�a dos outros ve�culos;Colis�o traseira;Com V�timas Feridas;Plena Noite;Decrescente;C�u Claro;Dupla;Reta;N�o;3;0;2;0;1;0;2;2;-10,01158332;-67,79518998;SPRF-AC;DEL01-AC;UOP01-DEL01-AC;;;
689537;06/05/2025;ter�a-feira;17:50:00;RS;153;53;ERECHIM;Acessar a via sem observar a presen�a dos outros ve�culos;Colis�o lateral sentido oposto;Com V�timas Feridas;Pleno dia;Crescente;C�u Claro;Simples;Reta;Sim;2;0;1;0;1;0;1;2;-27,67524318;-52,29071617;SPRF-RS;DEL08-RS;UOP04-DEL08-RS;;;
689543;06/05/2025;ter�a-feira;22:00:00;GO;60;96;ANAPOLIS;�rea urbana sem a presen�a de local apropriado para a travessia de pedestres;Atropelamento de Pedestre;Com V�timas Feridas;Plena Noite;Crescente;C�u Claro;Dupla;Reta;Sim;3;0;1;1;1;0;2;3;-16,3703;-48,941746;SPRF-GO;DEL02-GO;UOP01-DEL02-GO;;;
689544;06/05/2025;ter�a-feira;21:00:00;RS;472;155,6;SANTA ROSA;Chuva;Sa�da de leito carro��vel;Com V�timas Feridas;Plena Noite;Decrescente;Chuva;Simples;Reta;N�o;1;0;0;1;0;0;1;1;-27,83587155;-54,43030818;SPRF-RS;DEL10-RS;UOP01-DEL10-RS;;;
689545;06/05/2025;ter�a-feira;20:00:00;MA;10;253;IMPERATRIZ;Rea��o tardia ou ineficiente do condutor;Colis�o traseira;Sem V�timas;Plena Noite;Decrescente;C�u Claro;Simples;Reta;Sim;3;0;0;0;3;0;0;3;-5,52609;-47,471822;SPRF-MA;DEL04-MA;UOP01-DEL04-MA;;;
689546;06/05/2025;ter�a-feira;21:30:00;MG;364;31,7;FRUTAL;Acessar a via sem observar a presen�a dos outros ve�culos;Colis�o transversal;Com V�timas Feridas;Plena Noite;Decrescente;C�u Claro;Simples;Reta;N�o;6;0;1;0;4;1;1;2;-20,009934;-48,927805;SPRF-MG;DEL13-MG;UOP02-DEL13-MG;;;
689547;06/05/2025;ter�a-feira;15:00:00;MS;60;341;CAMPO GRANDE;Rea��o tardia ou ineficiente do condutor;Sa�da de leito carro��vel;Sem V�timas;Pleno dia;Crescente;C�u Claro;Dupla;Reta;N�o;1;0;0;0;0;1;0;1;-20,396782;-54,686206;SPRF-MS;DEL01-MS;UOP02-DEL01-MS;;;
689549;06/05/2025;ter�a-feira;23:50:00;MG;381;503,5;BETIM;Pedestre andava na pista;Atropelamento de Pedestre;Com V�timas Fatais;Plena Noite;Crescente;C�u Claro;Dupla;Curva;Sim;2;1;0;0;0;1;0;2;-20,02666595;-44,23244683;SPRF-MG;DEL01-MG;UOP03-DEL01-MG;;;
689550;07/05/2025;quarta-feira;00:15:00;SP;116;228,4;SAO PAULO;Aus�ncia de rea��o do condutor;Queda de ocupante de ve�culo;Com V�timas Feridas;Plena Noite;Crescente;C�u Claro;M�ltipla;"Reta;Em Obras";Sim;1;0;1;0;0;0;1;1;-23,50649272;-46,57009777;SPRF-SP;DEL01-SP;UOP01-DEL01-SP;;;
689552;06/05/2025;ter�a-feira;23:30:00;MT;70;523,5;VARZEA GRANDE;Animais na Pista;Atropelamento de Animal;Com V�timas Feridas;Plena Noite;Decrescente;Nublado;Simples;Reta;Sim;2;0;1;0;1;0;1;1;-15,65838578;-56,18852947;SPRF-MT;DEL01-MT;UOP02-DEL01-MT;;;
689553;07/05/2025;quarta-feira;00:30:00;GO;60;164;GOIANIA;Aus�ncia de rea��o do condutor;Colis�o com objeto;Com V�timas Feridas;Plena Noite;Crescente;C�u Claro;M�ltipla;Reta;Sim;1;0;1;0;0;0;1;1;-16,714663;-49,361733;SPRF-GO;DEL01-GO;UOP02-DEL01-GO;;;
689559;07/05/2025;quarta-feira;02:22:00;GO;364;15;SAO SIMAO;Rea��o tardia ou ineficiente do condutor;Sa�da de leito carro��vel;Sem V�timas;Plena Noite;Decrescente;C�u Claro;Simples;Reta;N�o;1;0;0;0;0;1;0;1;-18,961938;-50,616427;SPRF-GO;DEL05-GO;UOP02-DEL05-GO;;;
689560;07/05/2025;quarta-feira;04:30:00;BA;324;570;SAO SEBASTIAO DO PASSE;Afundamento ou ondula��o no pavimento;Queda de ocupante de ve�culo;Com V�timas Feridas;Amanhecer;Crescente;Chuva;Dupla;Reta;N�o;2;0;1;0;0;1;1;1;-12,55570515;-38,57091405;SPRF-BA;DEL01-BA;UOP01-DEL01-BA;;;
689562;07/05/2025;quarta-feira;05:10:00;PR;277;247,4;IRATI;Velocidade Incompat�vel;Sa�da de leito carro��vel;Sem V�timas;Plena Noite;Crescente;Nevoeiro/Neblina;Simples;Reta;N�o;1;0;0;0;1;0;0;1;-25,45034153;-50,63599437;SPRF-PR;DEL08-PR;UOP02-DEL08-PR;;;
689564;07/05/2025;quarta-feira;05:50:00;SP;116;217;GUARULHOS;Rea��o tardia ou ineficiente do condutor;Colis�o traseira;Com V�timas Feridas;Pleno dia;Crescente;Nublado;M�ltipla;"Reta;Aclive";Sim;2;0;2;0;0;0;2;2;-23,45276447;-46,46879844;SPRF-SP;DEL01-SP;UOP01-DEL01-SP;;;
689565;07/05/2025;quarta-feira;06:00:00;GO;40;5;VALPARAISO DE GOIAS;Condutor deixou de manter dist�ncia do ve�culo da frente;Colis�o traseira;Com V�timas Feridas;Pleno dia;Decrescente;C�u Claro;Dupla;"Reta;Aclive";Sim;2;0;1;0;1;0;1;2;-16,10601;-47,9737;SPRF-DF;DEL01-DF;UOP01-DEL01-DF;;;
689566;07/05/2025;quarta-feira;06:40:00;GO;60;98;ANAPOLIS;Manobra de mudan�a de faixa;Colis�o transversal;Com V�timas Feridas;Amanhecer;Crescente;C�u Claro;Dupla;"Retorno Regulamentado;Reta";Sim;2;0;1;0;1;0;1;2;-16,3782549;-48,9504741;SPRF-GO;DEL02-GO;UOP01-DEL02-GO;;;
689570;07/05/2025;quarta-feira;07:15:00;SC;101;189;BIGUACU;Rea��o tardia ou ineficiente do condutor;Tombamento;Com V�timas Feridas;Pleno dia;Decrescente;Nublado;Dupla;Curva;N�o;1;0;1;0;0;0;1;1;-27,46441782;-48,64184657;SPRF-SC;DEL01-SC;UOP01-DEL01-SC;;;
689571;06/05/2025;ter�a-feira;10:00:00;BA;101;736;ITABELA;Objeto est�tico sobre o leito carro��vel;Tombamento;Com V�timas Feridas;Pleno dia;Crescente;C�u Claro;Simples;Reta;Sim;2;0;2;0;0;0;2;1;-16,508746;-39,577201;SPRF-BA;DEL09-BA;UOP01-DEL09-BA;;;
689572;07/05/2025;quarta-feira;06:30:00;SC;101;398;MARACAJA;Neblina;Sa�da de leito carro��vel;Com V�timas Feridas;Amanhecer;Crescente;Nevoeiro/Neblina;Simples;Reta;Sim;1;0;0;1;0;0;1;1;-28,8572039;-49,44076952;SPRF-SC;DEL02-SC;UOP02-DEL02-SC;;;
689574;07/05/2025;quarta-feira;06:00:00;PE;101;52,8;PAULISTA;Transitar na contram�o;Colis�o frontal;Com V�timas Fatais;Pleno dia;Decrescente;C�u Claro;Simples;Viaduto;Sim;2;1;0;0;1;0;0;2;-7,929995;-34,899348;SPRF-PE;DEL01-PE;UOP02-DEL01-PE;;;
689575;07/05/2025;quarta-feira;07:00:00;ES;101;352,3;ANCHIETA;Rea��o tardia ou ineficiente do condutor;Colis�o com objeto;Com V�timas Feridas;Pleno dia;Decrescente;Chuva;Dupla;Curva;N�o;1;0;0;1;0;0;1;1;-20,672;-40,664;SPRF-ES;DEL03-ES;UOP01-DEL03-ES;;;
689576;07/05/2025;quarta-feira;07:00:00;BA;116;426;FEIRA DE SANTANA;Animais na Pista;Atropelamento de Animal;Com V�timas Feridas;Pleno dia;Decrescente;C�u Claro;Dupla;Reta;Sim;1;0;1;0;0;0;1;1;-12,17667297;-38,96516416;SPRF-BA;DEL02-BA;UOP01-DEL02-BA;;;
689577;07/05/2025;quarta-feira;06:50:00;PR;163;248;TOLEDO;Afundamento ou ondula��o no pavimento;Tombamento;Com V�timas Feridas;Pleno dia;Crescente;Nublado;Dupla;Reta;N�o;1;0;1;0;0;0;1;1;-24,6898735;-53,7600165;SPRF-PR;DEL06-PR;UOP02-DEL06-PR;;;
689578;07/05/2025;quarta-feira;05:50:00;MG;50;182,7;UBERABA;Animais na Pista;Colis�o com objeto;Com V�timas Feridas;Pleno dia;Crescente;C�u Claro;Dupla;Reta;Sim;1;0;1;0;0;0;1;1;-19,799;-47,90782;SPRF-MG;DEL13-MG;UOP01-DEL13-MG;;;