id;data_inversa;dia_semana;horario;uf;br;km;municipio;causa_acidente;tipo_acidente;classificacao_acidente;fase_dia;sentido_via;condicao_metereologica;tipo_pista;tracado_via;uso_solo;pessoas;mortos;feridos_leves;feridos_graves;ilesos;ignorados;feridos;veiculos;latitude;longitude;regional;delegacia;uop;;;
689579;07/05/2025;quarta-feira;07:40:00;DF;20;2,8;BRASILIA;Trafegar com motocicleta (ou similar) entre as faixas;Colis�o lateral mesmo sentido;Com V�timas Feridas;Pleno dia;Decrescente;C�u Claro;M�ltipla;"Reta;Aclive";Sim;2;0;2;0;0;0;2;1;-15,6800846;-47,8331158;SPRF-DF;DEL02-DF;UOP01-DEL02-DF;;;
689580;07/05/2025;quarta-feira;07:30:00;SC;101;134;BALNEARIO CAMBORIU;Acessar a via sem observar a presen�a dos outros ve�culos;Colis�o transversal;Com V�timas Feridas;Pleno dia;Crescente;Nublado;Simples;Reta;Sim;3;0;3;0;0;0;3;2;-27,00152645;-48,64020288;SPRF-SC;DEL04-SC;UOP03-DEL04-SC;;;
689581;07/05/2025;quarta-feira;07:25:00;PR;277;2,9;PARANAGUA;Avarias e/ou desgaste excessivo no pneu;Tombamento;Com V�timas Feridas;Amanhecer;Decrescente;Sol;Dupla;Reta;Sim;1;0;1;0;0;0;1;1;-25,54745287;-48,54636161;SPRF-PR;DEL01-PR;UOP05-DEL01-PR;;;
689582;07/05/2025;quarta-feira;05:10:00;SC;101;398;MARACAJA;Restri��o de visibilidade em curvas horizontais;Sa�da de leito carro��vel;Com V�timas Feridas;Amanhecer;Decrescente;Nevoeiro/Neblina;M�ltipla;Reta;N�o;1;0;0;1;0;0;1;1;-28,85278271;-49,4370788;SPRF-SC;DEL02-SC;UOP02-DEL02-SC;;;
689583;07/05/2025;quarta-feira;08:10:00;AL;104;91;RIO LARGO;Velocidade Incompat�vel;Colis�o traseira;Com V�timas Feridas;Pleno dia;Crescente;C�u Claro;Dupla;Reta;Sim;2;0;1;0;1;0;1;2;-9,5047156;-35,80881715;SPRF-AL;DEL01-AL;UOP01-DEL01-AL;;;
689584;07/05/2025;quarta-feira;07:30:00;DF;70;9,9;BRASILIA;Manobra de mudan�a de faixa;Colis�o traseira;Com V�timas Feridas;Pleno dia;Decrescente;C�u Claro;Dupla;Reta;Sim;4;0;2;0;2;0;2;2;-15,78716121;-48,13806627;SPRF-DF;DEL03-DF;UOP02-DEL03-DF;;;
689586;07/05/2025;quarta-feira;08:00:00;RJ;493;72;NOVA IGUACU;Demais falhas mec�nicas ou el�tricas;Queda de ocupante de ve�culo;Com V�timas Feridas;Pleno dia;Crescente;C�u Claro;Dupla;Reta;N�o;2;0;1;0;1;0;1;1;-22,6901153;-43,4820833;SPRF-RJ;DEL01-RJ;UOP03-DEL01-RJ;;;
689587;07/05/2025;quarta-feira;08:00:00;PA;230;120;MARABA;Rea��o tardia ou ineficiente do condutor;Colis�o traseira;Com V�timas Feridas;Pleno dia;Decrescente;C�u Claro;Dupla;Reta;Sim;3;0;1;0;2;0;1;3;-5,36056884;-49,12347483;SPRF-PA;DEL03-PA;UOP01-DEL03-PA;;;
689588;07/05/2025;quarta-feira;07:50:00;PR;277;108;CURITIBA;Manobra de mudan�a de faixa;Colis�o lateral mesmo sentido;Com V�timas Feridas;Pleno dia;Decrescente;C�u Claro;Dupla;Curva;Sim;2;0;1;0;1;0;1;2;-25,43327592;-49,37436104;SPRF-PR;DEL03-PR;UOP03-DEL03-PR;;;
689590;07/05/2025;quarta-feira;08:00:00;RJ;101;433;MANGARATIBA;Acessar a via sem observar a presen�a dos outros ve�culos;Colis�o lateral mesmo sentido;Com V�timas Feridas;Pleno dia;Crescente;C�u Claro;Dupla;"Interse��o de Vias;Rotat�ria;Desvio Tempor�rio";N�o;2;0;1;0;1;0;1;2;-22,93760093;-44,03955309;SPRF-RJ;DEL03-RJ;UOP02-DEL03-RJ;;;
689593;07/05/2025;quarta-feira;09:22:00;DF;20;2;BRASILIA;Rea��o tardia ou ineficiente do condutor;Engavetamento;Sem V�timas;Pleno dia;Decrescente;C�u Claro;Dupla;Reta;Sim;8;0;0;0;8;0;0;5;-15,682657;-47,840857;SPRF-DF;DEL02-DF;UOP01-DEL02-DF;;;
689595;07/05/2025;quarta-feira;09:10:00;SP;116;228;SAO PAULO;Rea��o tardia ou ineficiente do condutor;Queda de ocupante de ve�culo;Com V�timas Feridas;Pleno dia;Crescente;C�u Claro;M�ltipla;Aclive;Sim;2;0;1;0;0;1;1;2;-23,5011297;-46,56412952;SPRF-SP;DEL01-SP;UOP01-DEL01-SP;;;
689596;25/04/2025;sexta-feira;18:45:00;SC;282;1,5;FLORIANOPOLIS;Manobra de mudan�a de faixa;Colis�o lateral mesmo sentido;Com V�timas Feridas;Plena Noite;Crescente;C�u Claro;M�ltipla;Reta;N�o;3;0;0;1;1;1;1;3;-27,6035964;-48,58316772;SPRF-SC;DEL01-SC;UOP01-DEL01-SC;;;
689598;07/05/2025;quarta-feira;09:20:00;BA;101;226;CRUZ DAS ALMAS;Acessar a via sem observar a presen�a dos outros ve�culos;Colis�o transversal;Com V�timas Feridas;Pleno dia;Decrescente;C�u Claro;Simples;Declive;Sim;4;0;0;1;3;0;1;2;-12,7023382;-39,1559681;SPRF-BA;DEL01-BA;UOP02-DEL01-BA;;;
689599;07/05/2025;quarta-feira;09:30:00;MG;40;527;CONTAGEM;Aus�ncia de rea��o do condutor;Sa�da de leito carro��vel;Com V�timas Feridas;Pleno dia;Crescente;C�u Claro;Dupla;Reta;Sim;1;0;1;0;0;0;1;1;-19,903246;-44,049353;SPRF-MG;DEL01-MG;UOP02-DEL01-MG;;;
689602;07/05/2025;quarta-feira;09:30:00;RJ;101;321;NITEROI;Manobra de mudan�a de faixa;Engavetamento;Com V�timas Feridas;Pleno dia;Crescente;Sol;M�ltipla;Reta;Sim;6;0;1;0;5;0;1;4;-22,87953593;-43,11393543;SPRF-RJ;DEL02-RJ;UOP01-DEL02-RJ;;;
689603;09/04/2025;quarta-feira;16:00:00;SC;0;0;FLORIANOPOLIS;Manobra de mudan�a de faixa;Colis�o lateral mesmo sentido;Sem V�timas;Pleno dia;N�o Informado;Nublado;Dupla;"Reta;Aclive";Sim;2;0;0;0;2;0;0;2;-27,60016306;-48,51612775;SPRF-SC;N/A;N/A;;;
689605;14/04/2025;segunda-feira;09:20:00;MT;163;749;SORRISO;Manobra de mudan�a de faixa;Colis�o lateral mesmo sentido;Com V�timas Feridas;Pleno dia;Decrescente;C�u Claro;Dupla;Reta;N�o;2;0;1;0;1;0;1;2;-12,575353;-55,729268;SPRF-MT;DEL06-MT;UOP01-DEL06-MT;;;
689606;07/05/2025;quarta-feira;10:15:00;SC;101;288,5;IMBITUBA;Desrespeitar a prefer�ncia no cruzamento;Colis�o transversal;Com V�timas Feridas;Pleno dia;Decrescente;C�u Claro;M�ltipla;Interse��o de Vias;Sim;2;0;1;0;1;0;1;2;-28,26813924;-48,70090127;SPRF-SC;DEL02-SC;UOP03-DEL02-SC;;;
689607;20/04/2025;domingo;08:40:00;GO;60;47,7;ABADIANIA;Velocidade Incompat�vel;Sa�da de leito carro��vel;Com V�timas Fatais;Pleno dia;Crescente;C�u Claro;Dupla;"Aclive;Curva";N�o;2;1;0;0;0;1;0;2;-16,14914;-48,610425;SPRF-GO;DEL02-GO;UOP01-DEL02-GO;;;
689610;07/05/2025;quarta-feira;07:10:00;BA;101;362;GANDU;Ultrapassagem Indevida;Colis�o frontal;Com V�timas Fatais;Pleno dia;Decrescente;Nublado;Simples;"Reta;Aclive";N�o;4;1;0;3;0;0;3;2;-13,714703;-39,478878;SPRF-BA;DEL05-BA;UOP03-DEL05-BA;;;
689611;07/05/2025;quarta-feira;11:01:00;SP;116;312;MIRACATU;Mal s�bito do condutor;Queda de ocupante de ve�culo;Com V�timas Feridas;Pleno dia;Decrescente;C�u Claro;Dupla;Retorno Regulamentado;N�o;1;0;1;0;0;0;1;1;-24,02992859;-47,17831106;SPRF-SP;DEL04-SP;UOP01-DEL04-SP;;;
689612;02/05/2025;sexta-feira;15:40:00;MS;158;79,5;PARANAIBA;Acessar a via sem observar a presen�a dos outros ve�culos;Colis�o lateral sentido oposto;Com V�timas Feridas;Pleno dia;Decrescente;C�u Claro;Simples;"Declive;Reta";N�o;5;0;3;0;1;1;3;3;-19,557018;-51,249315;SPRF-MS;DEL08-MS;UOP01-DEL08-MS;;;
689613;21/03/2025;sexta-feira;06:30:00;MA;135;7;SAO LUIS;Acessar a via sem observar a presen�a dos outros ve�culos;Colis�o transversal;Com V�timas Feridas;Pleno dia;Crescente;C�u Claro;Dupla;Reta;Sim;3;0;2;0;1;0;2;2;-2,640683;-44,271685;SPRF-MA;DEL01-MA;UOP01-DEL01-MA;;;
689615;07/05/2025;quarta-feira;12:00:00;MG;40;444,9;PARAOPEBA;Rea��o tardia ou ineficiente do condutor;Colis�o com objeto;Com V�timas Feridas;Pleno dia;Decrescente;C�u Claro;Dupla;"Declive;Reta";N�o;1;0;0;1;0;0;1;1;-19,288886;-44,406989;SPRF-MG;DEL02-MG;UOP01-DEL02-MG;;;
689616;03/05/2025;s�bado;18:40:00;RO;364;503;ARIQUEMES;Rea��o tardia ou ineficiente do condutor;Sa�da de leito carro��vel;Sem V�timas;Plena Noite;Decrescente;C�u Claro;Simples;Reta;N�o;2;0;0;0;2;0;0;1;-10,012827;-63,000116;SPRF-RO;DEL03-RO;UOP01-DEL03-RO;;;
689617;07/05/2025;quarta-feira;10:20:00;MG;116;692,3;MURIAE;Velocidade Incompat�vel;Colis�o com objeto;Com V�timas Feridas;Pleno dia;Crescente;Sol;Simples;"Curva;Aclive";N�o;3;0;3;0;0;0;3;1;-21,04172886;-42,36675739;SPRF-MG;DEL07-MG;UOP02-DEL07-MG;;;
689619;07/05/2025;quarta-feira;12:45:00;MG;354;703;CAXAMBU;�rea urbana sem a presen�a de local apropriado para a travessia de pedestres;Atropelamento de Pedestre;Com V�timas Feridas;Pleno dia;Decrescente;C�u Claro;Simples;"Reta;Interse��o de Vias";Sim;2;0;1;0;1;0;1;2;-21,974807;-44,923408;SPRF-MG;DEL17-MG;UOP01-DEL17-MG;;;
689620;07/05/2025;quarta-feira;08:10:00;PR;369;11,1;CAMBARA;Condutor Dormindo;Colis�o com objeto;Com V�timas Feridas;Pleno dia;Crescente;C�u Claro;Simples;Reta;N�o;2;0;2;0;0;0;2;1;-23,00855668;-50,00450238;SPRF-PR;DEL07-PR;UOP05-DEL07-PR;;;
689621;07/05/2025;quarta-feira;11:10:00;MA;226;301,3;BARRA DO CORDA;Manobra de mudan�a de faixa;Queda de ocupante de ve�culo;Com V�timas Feridas;Pleno dia;Decrescente;C�u Claro;Simples;Reta;Sim;1;0;1;0;0;0;1;1;-5,497438;-45,258685;SPRF-MA;DEL06-MA;UOP01-DEL06-MA;;;
689622;07/05/2025;quarta-feira;12:36:00;SC;101;340;TUBARAO;Desrespeitar a prefer�ncia no cruzamento;Colis�o transversal;Sem V�timas;Pleno dia;Decrescente;C�u Claro;M�ltipla;"Retorno Regulamentado;Viaduto";Sim;2;0;0;0;2;0;0;2;-28,5074;-49,0495;SPRF-SC;DEL02-SC;UOP01-DEL02-SC;;;
689625;07/05/2025;quarta-feira;08:20:00;SC;280;80;CORUPA;Rea��o tardia ou ineficiente do condutor;Queda de ocupante de ve�culo;Com V�timas Feridas;Pleno dia;Crescente;C�u Claro;Simples;Reta;N�o;1;0;1;0;0;0;1;1;-26,43987531;-49,227424;SPRF-SC;DEL06-SC;UOP03-DEL06-SC;;;
689626;07/05/2025;quarta-feira;11:40:00;PI;230;307,4;FLORIANO;Entrada inopinada do pedestre;Atropelamento de Pedestre;Com V�timas Feridas;Pleno dia;Decrescente;C�u Claro;Simples;"Reta;Aclive";Sim;2;0;1;1;0;0;2;2;-6,78358169;-42,99819231;SPRF-PI;DEL03-PI;UOP01-DEL03-PI;;;
689628;07/05/2025;quarta-feira;13:20:00;RJ;116;172;SAO JOAO DE MERITI;Aus�ncia de rea��o do condutor;Colis�o traseira;Com V�timas Feridas;Pleno dia;Decrescente;C�u Claro;Dupla;Reta;N�o;2;0;1;0;1;0;1;2;-22,8025034;-43,3504778;SPRF-RJ;DEL06-RJ;UOP01-DEL06-RJ;;;
689630;07/05/2025;quarta-feira;13:20:00;GO;60;176,2;ABADIA DE GOIAS;Rea��o tardia ou ineficiente do condutor;Colis�o com objeto;Com V�timas Feridas;Pleno dia;Decrescente;C�u Claro;M�ltipla;"Reta;Aclive";N�o;3;0;1;0;2;0;1;1;-16,761273;-49,459318;SPRF-GO;DEL01-GO;UOP02-DEL01-GO;;;
689632;07/05/2025;quarta-feira;13:50:00;BA;324;618;SALVADOR;Condutor deixou de manter dist�ncia do ve�culo da frente;Colis�o traseira;Com V�timas Feridas;Pleno dia;Decrescente;Chuva;M�ltipla;Reta;Sim;3;0;2;0;1;0;2;2;-12,8979633;-38,4490567;SPRF-BA;DEL01-BA;UOP01-DEL01-BA;;;
689633;07/05/2025;quarta-feira;14:10:00;ES;101;125,7;SOORETAMA;Rea��o tardia ou ineficiente do condutor;Colis�o traseira;Com V�timas Feridas;Pleno dia;Crescente;Chuva;Dupla;Reta;Sim;2;0;0;1;1;0;1;2;-19,1872396;-40,09484975;SPRF-ES;DEL04-ES;UOP01-DEL04-ES;;;
689635;07/05/2025;quarta-feira;12:40:00;MS;163;6;MUNDO NOVO;Acessar a via sem observar a presen�a dos outros ve�culos;Colis�o lateral mesmo sentido;Com V�timas Feridas;Pleno dia;Decrescente;C�u Claro;Simples;Reta;N�o;3;0;1;0;2;0;1;2;-24,00483647;-54,31426048;SPRF-MS;DEL09-MS;UOP02-DEL09-MS;;;
689636;07/05/2025;quarta-feira;13:50:00;ES;101;298;VIANA;Manobra de mudan�a de faixa;Colis�o lateral mesmo sentido;Com V�timas Feridas;Pleno dia;Crescente;C�u Claro;Simples;Reta;Sim;2;0;0;1;1;0;1;2;-20,3827417;-40,4596019;SPRF-ES;DEL01-ES;UOP01-DEL01-ES;;;
689637;07/05/2025;quarta-feira;14:00:00;DF;70;3;BRASILIA;Manobra de mudan�a de faixa;Colis�o transversal;Com V�timas Feridas;Pleno dia;Decrescente;C�u Claro;Dupla;"Reta;Retorno Regulamentado";Sim;3;0;1;1;1;0;2;2;-15,80212763;-48,08373068;SPRF-DF;DEL03-DF;UOP02-DEL03-DF;;;
689639;07/05/2025;quarta-feira;12:00:00;RJ;40;108;DUQUE DE CAXIAS;Rea��o tardia ou ineficiente do condutor;Colis�o traseira;Com V�timas Feridas;Pleno dia;Decrescente;C�u Claro;Simples;Reta;Sim;2;0;1;0;1;0;1;2;-22,67097414;-43,28395939;SPRF-RJ;DEL01-RJ;UOP02-DEL01-RJ;;;
689641;05/05/2025;segunda-feira;03:40:00;BA;101;508;ITABUNA;Ingest�o de �lcool pelo condutor;Atropelamento de Animal;Com V�timas Feridas;Plena Noite;Crescente;C�u Claro;Simples;Ponte;N�o;3;0;1;0;2;0;1;1;-14,81575257;-39,29625034;SPRF-BA;DEL05-BA;UOP01-DEL05-BA;;;
689642;07/05/2025;quarta-feira;14:20:00;RJ;101;321;NITEROI;Manobra de mudan�a de faixa;Colis�o lateral mesmo sentido;Com V�timas Feridas;Pleno dia;Crescente;C�u Claro;M�ltipla;Reta;Sim;3;0;2;0;1;0;2;3;-22,87059624;-43,11039716;SPRF-RJ;DEL02-RJ;UOP01-DEL02-RJ;;;
689643;07/05/2025;quarta-feira;14:00:00;MS;158;3,1;CASSILANDIA;Acessar a via sem observar a presen�a dos outros ve�culos;Colis�o transversal;Com V�timas Feridas;Pleno dia;Crescente;C�u Claro;Simples;Reta;Sim;2;0;1;0;1;0;1;2;-19,11996;-51,73603;SPRF-MS;DEL08-MS;UOP01-DEL08-MS;;;
689644;07/05/2025;quarta-feira;15:07:00;PR;277;688,5;SAO MIGUEL DO IGUACU;Acessar a via sem observar a presen�a dos outros ve�culos;Colis�o transversal;Com V�timas Feridas;Pleno dia;Crescente;C�u Claro;Dupla;"Reta;Retorno Regulamentado;Interse��o de Vias";Sim;3;0;1;0;2;0;1;2;-25,3448643;-54,23176495;SPRF-PR;DEL05-PR;UOP01-DEL05-PR;;;
689646;07/05/2025;quarta-feira;15:15:00;SP;116;226,9;GUARULHOS;Desvio tempor�rio;Tombamento;Com V�timas Feridas;Pleno dia;Crescente;Sol;M�ltipla;"Reta;Em Obras";Sim;1;0;0;1;0;0;1;1;-23,495851;-46,55617;SPRF-SP;DEL01-SP;UOP01-DEL01-SP;;;
689649;07/05/2025;quarta-feira;15:45:00;PB;230;466;SOUSA;Animais na Pista;Tombamento;Com V�timas Feridas;Pleno dia;Crescente;C�u Claro;Simples;Reta;Sim;1;0;1;0;0;0;1;1;-6,781378;-38,255525;SPRF-PB;DEL03-PB;UOP03-DEL03-PB;;;
689650;07/05/2025;quarta-feira;11:20:00;RJ;40;121;DUQUE DE CAXIAS;Trafegar com motocicleta (ou similar) entre as faixas;Colis�o traseira;Com V�timas Feridas;Pleno dia;Crescente;C�u Claro;M�ltipla;Reta;Sim;2;0;1;0;1;0;1;2;-22,77768714;-43,2860899;SPRF-RJ;DEL01-RJ;UOP02-DEL01-RJ;;;
689651;07/05/2025;quarta-feira;15:55:00;PR;376;625,2;SAO JOSE DOS PINHAIS;Condutor deixou de manter dist�ncia do ve�culo da frente;Tombamento;Com V�timas Feridas;Pleno dia;Decrescente;C�u Claro;Dupla;Reta;N�o;1;0;0;1;0;0;1;1;-25,65991976;-49,15484302;SPRF-PR;DEL01-PR;UOP04-DEL01-PR;;;
689653;07/05/2025;quarta-feira;12:20:00;RJ;40;121;DUQUE DE CAXIAS;Aus�ncia de rea��o do condutor;Colis�o lateral mesmo sentido;Com V�timas Feridas;Pleno dia;Crescente;C�u Claro;M�ltipla;Reta;Sim;3;0;3;0;0;0;3;2;-22,7972949;-43,2942606;SPRF-RJ;DEL01-RJ;UOP02-DEL01-RJ;;;
689654;07/05/2025;quarta-feira;10:30:00;RO;364;412;JARU;Rea��o tardia ou ineficiente do condutor;Sa�da de leito carro��vel;Com V�timas Feridas;Pleno dia;Decrescente;C�u Claro;Simples;Reta;N�o;5;0;0;5;0;0;5;1;-10,517867;-62,405543;SPRF-RO;DEL03-RO;UOP02-DEL03-RO;;;
689656;07/05/2025;quarta-feira;16:00:00;TO;153;454;BARROLANDIA;Aus�ncia de rea��o do condutor;Tombamento;Com V�timas Feridas;Pleno dia;Crescente;C�u Claro;Simples;Reta;N�o;1;0;1;0;0;0;1;1;-9,862406;-48,723472;SPRF-TO;DEL01-TO;UOP01-DEL01-TO;;;
689657;07/05/2025;quarta-feira;16:50:00;SC;101;192;BIGUACU;Acumulo de �leo sobre o pavimento;Tombamento;Com V�timas Feridas;Pleno dia;Decrescente;Nublado;M�ltipla;Reta;Sim;2;0;2;0;0;0;2;1;-27,48639844;-48,64870967;SPRF-SC;DEL01-SC;UOP01-DEL01-SC;;;
689658;07/05/2025;quarta-feira;16:45:00;GO;60;94;ANAPOLIS;Condutor deixou de manter dist�ncia do ve�culo da frente;Colis�o traseira;Com V�timas Feridas;Pleno dia;Crescente;C�u Claro;Dupla;Reta;Sim;3;0;1;0;2;0;1;2;-16,357818;-48,931423;SPRF-GO;DEL02-GO;UOP01-DEL02-GO;;;
689659;07/05/2025;quarta-feira;17:00:00;PI;316;20;TERESINA;Rea��o tardia ou ineficiente do condutor;Colis�o traseira;Sem V�timas;Pleno dia;Crescente;C�u Claro;M�ltipla;"Reta;Declive";N�o;2;0;0;0;2;0;0;2;-5,26476458;-42,72793561;SPRF-PI;DEL01-PI;UOP02-DEL01-PI;;;
689660;07/05/2025;quarta-feira;17:00:00;ES;101;157,7;LINHARES;Rea��o tardia ou ineficiente do condutor;Queda de ocupante de ve�culo;Com V�timas Feridas;Anoitecer;Decrescente;C�u Claro;Simples;Reta;N�o;1;0;1;0;0;0;1;1;-19,3631864;-40,0654747;SPRF-ES;DEL04-ES;UOP01-DEL04-ES;;;
689661;07/05/2025;quarta-feira;17:20:00;SP;153;64,1;SAO JOSE DO RIO PRETO;Condutor deixou de manter dist�ncia do ve�culo da frente;Colis�o traseira;Com V�timas Feridas;Anoitecer;Decrescente;C�u Claro;Dupla;Reta;Sim;2;0;1;0;1;0;1;2;-20,8549761;-49,404749;SPRF-SP;DEL09-SP;UOP01-DEL09-SP;;;
689663;07/05/2025;quarta-feira;17:15:00;RJ;40;121;DUQUE DE CAXIAS;Aus�ncia de rea��o do condutor;Colis�o traseira;Com V�timas Feridas;Pleno dia;Crescente;C�u Claro;M�ltipla;Reta;Sim;6;0;2;0;4;0;2;5;-22,78146629;-43,28576155;SPRF-RJ;DEL01-RJ;UOP02-DEL01-RJ;;;
689666;07/05/2025;quarta-feira;17:50:00;BA;116;7;VITORIA DA CONQUISTA;Acessar a via sem observar a presen�a dos outros ve�culos;Colis�o transversal;Com V�timas Feridas;Pleno dia;Crescente;C�u Claro;Simples;Reta;Sim;2;0;1;0;1;0;1;2;-14,842871;-40,888642;SPRF-BA;DEL08-BA;UOP01-DEL08-BA;;;
689667;07/05/2025;quarta-feira;18:00:00;SP;116;148;SAO JOSE DOS CAMPOS;Rea��o tardia ou ineficiente do condutor;Colis�o traseira;Com V�timas Feridas;Anoitecer;Crescente;C�u Claro;Dupla;Reta;Sim;2;0;1;0;1;0;1;2;-23,20199248;-45,88137388;SPRF-SP;DEL02-SP;UOP01-DEL02-SP;;;
689670;07/05/2025;quarta-feira;17:50:00;MG;116;277,1;TEOFILO OTONI;Desrespeitar a prefer�ncia no cruzamento;Colis�o transversal;Com V�timas Feridas;Plena Noite;Decrescente;Nublado;Dupla;"Interse��o de Vias;Reta";Sim;2;0;1;0;1;0;1;2;-17,861198;-41,514923;SPRF-MG;DEL11-MG;UOP01-DEL11-MG;;;
689671;07/05/2025;quarta-feira;18:00:00;RS;116;221;DOIS IRMAOS;Acessar a via sem observar a presen�a dos outros ve�culos;Colis�o traseira;Com V�timas Feridas;Anoitecer;Decrescente;C�u Claro;Dupla;"Reta;Rotat�ria";Sim;2;0;1;0;1;0;1;2;-29,57875638;-51,09544985;SPRF-RS;DEL01-RS;UOP02-DEL01-RS;;;
689672;07/05/2025;quarta-feira;18:00:00;MG;40;630;CONSELHEIRO LAFAIETE;Acessar a via sem observar a presen�a dos outros ve�culos;Colis�o transversal;Com V�timas Feridas;Plena Noite;Crescente;C�u Claro;Simples;Reta;Sim;2;0;1;1;0;0;2;2;-20,6709849;-43,799616;SPRF-MG;DEL05-MG;UOP02-DEL05-MG;;;
689674;07/05/2025;quarta-feira;16:00:00;PE;232;364;FLORES;Condutor Dormindo;Colis�o lateral sentido oposto;Com V�timas Feridas;Pleno dia;Decrescente;Nublado;Simples;"Curva;Declive";N�o;3;0;2;0;1;0;2;2;-8,04023;-37,919742;SPRF-PE;DEL04-PE;UOP01-DEL04-PE;;;
689675;07/05/2025;quarta-feira;17:45:00;PR;376;222;CAMBIRA;Acessar a via sem observar a presen�a dos outros ve�culos;Colis�o traseira;Com V�timas Feridas;Anoitecer;Crescente;C�u Claro;Dupla;"Reta;Interse��o de Vias";Sim;2;0;1;0;1;0;1;2;-23,602194;-51,592525;SPRF-PR;DEL09-PR;UOP01-DEL09-PR;;;
689676;07/05/2025;quarta-feira;18:30:00;RS;158;194,4;CRUZ ALTA;Desrespeitar a prefer�ncia no cruzamento;Colis�o transversal;Sem V�timas;Plena Noite;Crescente;Garoa/Chuvisco;Simples;Reta;N�o;3;0;0;0;1;2;0;3;-28,642954;-53,571895;SPRF-RS;DEL10-RS;UOP02-DEL10-RS;;;
689677;07/05/2025;quarta-feira;18:20:00;SC;470;2;NAVEGANTES;Aus�ncia de rea��o do condutor;Colis�o traseira;Com V�timas Feridas;Plena Noite;Decrescente;C�u Claro;Dupla;Reta;N�o;2;0;0;1;1;0;1;2;-26,87701827;-48,66641231;SPRF-SC;DEL04-SC;UOP04-DEL04-SC;;;
689679;07/05/2025;quarta-feira;17:40:00;ES;101;61,4;SAO MATEUS;Transitar no Acostamento;Tombamento;Com V�timas Feridas;Pleno dia;Crescente;Nublado;Simples;Reta;Sim;2;0;1;0;1;0;1;2;-18,65004516;-39,87315528;SPRF-ES;DEL04-ES;UOP02-DEL04-ES;;;
689680;07/05/2025;quarta-feira;16:30:00;ES;101;290;CARIACICA;Rea��o tardia ou ineficiente do condutor;Colis�o traseira;Com V�timas Feridas;Pleno dia;Crescente;Nublado;Dupla;Reta;Sim;2;0;1;0;1;0;1;2;-20,29356942;-40,39275885;SPRF-ES;DEL01-ES;UOP01-DEL01-ES;;;
689682;07/05/2025;quarta-feira;18:45:00;SC;282;16,5;PALHOCA;Acessar a via sem observar a presen�a dos outros ve�culos;Colis�o transversal;Com V�timas Feridas;Plena Noite;Crescente;Nublado;Simples;Reta;N�o;2;0;1;0;1;0;1;2;-27,66177887;-48,68458271;SPRF-SC;DEL01-SC;UOP02-DEL01-SC;;;
689683;07/05/2025;quarta-feira;18:10:00;GO;153;495,5;GOIANIA;Condutor deixou de manter dist�ncia do ve�culo da frente;Engavetamento;Sem V�timas;Anoitecer;Decrescente;Chuva;M�ltipla;"Reta;Declive";Sim;3;0;0;0;3;0;0;3;-16,66555325;-49,22449563;SPRF-GO;DEL01-GO;UOP01-DEL01-GO;;;
689684;07/05/2025;quarta-feira;17:00:00;RJ;40;122;DUQUE DE CAXIAS;Trafegar com motocicleta (ou similar) entre as faixas;Colis�o lateral mesmo sentido;Com V�timas Feridas;Pleno dia;Decrescente;C�u Claro;Dupla;Reta;Sim;3;0;1;0;2;0;1;3;-22,79293433;-43,28679557;SPRF-RJ;DEL01-RJ;UOP02-DEL01-RJ;;;
689685;07/05/2025;quarta-feira;07:10:00;MG;40;530,5;CONTAGEM;Demais falhas mec�nicas ou el�tricas;Tombamento;Com V�timas Feridas;Pleno dia;Crescente;C�u Claro;Dupla;"Aclive;Curva";Sim;2;0;1;1;0;0;2;1;-19,9210555;-44,0369451;SPRF-MG;DEL01-MG;UOP02-DEL01-MG;;;
689686;07/05/2025;quarta-feira;19:15:00;SP;116;216;GUARULHOS;Carga excessiva e/ou mal acondicionada;Colis�o com objeto;Com V�timas Feridas;Plena Noite;Decrescente;C�u Claro;M�ltipla;"Reta;Declive";N�o;2;0;1;0;1;0;1;2;-23,454076;-46,47078;SPRF-SP;DEL01-SP;UOP01-DEL01-SP;;;
689688;07/05/2025;quarta-feira;19:00:00;SP;101;52;UBATUBA;Acessar a via sem observar a presen�a dos outros ve�culos;Colis�o transversal;Com V�timas Feridas;Plena Noite;Crescente;C�u Claro;Simples;Curva;Sim;2;0;1;0;1;0;1;2;-23,46545086;-45,06218433;SPRF-SP;DEL06-SP;UOP01-DEL06-SP;;;
689689;07/05/2025;quarta-feira;19:10:00;PR;277;593,1;CASCAVEL;Condutor deixou de manter dist�ncia do ve�culo da frente;Engavetamento;Com V�timas Feridas;Plena Noite;Crescente;C�u Claro;Simples;"Reta;Aclive";Sim;7;0;2;0;5;0;2;3;-24,98028287;-53,48549928;SPRF-PR;DEL04-PR;UOP01-DEL04-PR;;;
689691;07/05/2025;quarta-feira;15:20:00;MA;226;298;BARRA DO CORDA;Ultrapassagem Indevida;Colis�o lateral mesmo sentido;Com V�timas Feridas;Pleno dia;Decrescente;C�u Claro;Simples;"Reta;Aclive";Sim;2;0;0;1;1;0;1;2;-5,49870963;-45,23908049;SPRF-MA;DEL06-MA;UOP01-DEL06-MA;;;