id;data_inversa;dia_semana;horario;uf;br;km;municipio;causa_acidente;tipo_acidente;classificacao_acidente;fase_dia;sentido_via;condicao_metereologica;tipo_pista;tracado_via;uso_solo;pessoas;mortos;feridos_leves;feridos_graves;ilesos;ignorados;feridos;veiculos;latitude;longitude;regional;delegacia;uop;;;
689693;07/05/2025;quarta-feira;18:40:00;PE;232;59,5;POMBOS;Entrada inopinada do pedestre;Atropelamento de Pedestre;Com V�timas Feridas;Plena Noite;Decrescente;Nublado;Dupla;Reta;Sim;2;0;0;1;1;0;1;2;-8,147605;-35,403108;SPRF-PE;DEL02-PE;UOP02-DEL02PE;;;
689694;07/05/2025;quarta-feira;19:30:00;SC;282;3,5;FLORIANOPOLIS;Trafegar com motocicleta (ou similar) entre as faixas;Colis�o transversal;Com V�timas Feridas;Plena Noite;Crescente;C�u Claro;M�ltipla;Reta;N�o;4;0;2;0;2;0;2;3;-27,59753215;-48,60085487;SPRF-SC;DEL01-SC;UOP01-DEL01-SC;;;
689695;07/05/2025;quarta-feira;19:10:00;PI;343;9,5;PARNAIBA;Acessar a via sem observar a presen�a dos outros ve�culos;Colis�o transversal;Com V�timas Feridas;Plena Noite;Decrescente;C�u Claro;Simples;Reta;Sim;3;0;1;0;2;0;1;2;-2,9012977;-41,7367266;SPRF-PI;DEL05-PI;UOP01-DEL05-PI;;;
689696;07/05/2025;quarta-feira;18:50:00;SP;153;0,9;ICEM;Rea��o tardia ou ineficiente do condutor;Colis�o traseira;Com V�timas Feridas;Anoitecer;Decrescente;Nublado;Simples;Reta;N�o;2;0;1;0;1;0;1;2;-20,313522;-49,20927;SPRF-SP;DEL09-SP;UOP01-DEL09-SP;;;
689700;07/05/2025;quarta-feira;17:30:00;SP;101;39;UBATUBA;Rea��o tardia ou ineficiente do condutor;Tombamento;Com V�timas Feridas;Anoitecer;Crescente;Nublado;Simples;Reta;N�o;1;0;1;0;0;0;1;1;-23,41331965;-45,0237751;SPRF-SP;DEL06-SP;UOP01-DEL06-SP;;;
689705;07/05/2025;quarta-feira;01:45:00;RO;435;108;COLORADO DO OESTE;Velocidade Incompat�vel;Queda de ocupante de ve�culo;Com V�timas Feridas;Plena Noite;Decrescente;C�u Claro;Simples;Reta;N�o;1;0;1;0;0;0;1;1;-13,18991942;-60,73408699;SPRF-RO;DEL04-RO;UOP02-DEL04-RO;;;
689706;07/05/2025;quarta-feira;18:50:00;SC;101;380;ICARA;Transitar na cal�ada;Colis�o com objeto;Com V�timas Feridas;Plena Noite;Decrescente;Nublado;M�ltipla;Reta;Sim;1;0;0;1;0;0;1;1;-28,7606618;-49,28759694;SPRF-SC;DEL02-SC;UOP02-DEL02-SC;;;
689707;07/05/2025;quarta-feira;18:30:00;PR;116;111;CURITIBA;Aus�ncia de rea��o do condutor;Queda de ocupante de ve�culo;Com V�timas Feridas;Anoitecer;Decrescente;Nublado;Dupla;Reta;N�o;1;0;1;0;0;0;1;1;-25,56395393;-49,2605871;SPRF-PR;DEL01-PR;UOP03-DEL01-PR;;;
689708;07/05/2025;quarta-feira;17:40:00;MA;230;0;BARAO DE GRAJAU;Acessar a via sem observar a presen�a dos outros ve�culos;Colis�o transversal;Com V�timas Feridas;Anoitecer;Crescente;C�u Claro;Simples;"Ponte;Reta";Sim;2;0;0;1;0;1;1;2;-6,75841693;-43,01211834;SPRF-PI;DEL03-PI;UOP01-DEL03-PI;;;
689709;07/05/2025;quarta-feira;18:20:00;RS;470;200,4;BENTO GONCALVES;Convers�o proibida;Colis�o transversal;Com V�timas Feridas;Anoitecer;Crescente;C�u Claro;Simples;Interse��o de Vias;N�o;2;0;2;0;0;0;2;2;-29,07339153;-51,58632366;SPRF-RS;DEL06-RS;UOP02-DEL06-RS;;;
689710;07/05/2025;quarta-feira;15:50:00;PB;230;18,3;JOAO PESSOA;Aus�ncia de rea��o do condutor;Tombamento;Com V�timas Feridas;Pleno dia;Crescente;C�u Claro;Dupla;"Curva;Declive";N�o;1;0;1;0;0;0;1;1;-7,1259949;-34,8455117;SPRF-PB;DEL01-PB;UOP01-DEL01-PB;;;
689713;07/05/2025;quarta-feira;19:30:00;PR;116;119;CURITIBA;Trafegar com motocicleta (ou similar) entre as faixas;Colis�o traseira;Com V�timas Feridas;Plena Noite;Decrescente;Nublado;Dupla;Reta;Sim;2;0;1;0;1;0;1;2;-25,58229553;-49,31338294;SPRF-PR;DEL01-PR;UOP03-DEL01-PR;;;
689714;07/05/2025;quarta-feira;19:50:00;RJ;101;313;SAO GONCALO;Trafegar com motocicleta (ou similar) entre as faixas;Colis�o lateral mesmo sentido;Com V�timas Feridas;Plena Noite;Decrescente;C�u Claro;Dupla;Reta;Sim;4;0;0;2;1;1;2;3;-22,8132526;-43,07350874;SPRF-RJ;DEL02-RJ;UOP02-DEL02-RJ;;;
689715;07/05/2025;quarta-feira;18:43:00;MS;163;97,3;ITAQUIRAI;Rea��o tardia ou ineficiente do condutor;Sa�da de leito carro��vel;Com V�timas Feridas;Plena Noite;Decrescente;C�u Claro;Simples;Declive;N�o;2;0;2;0;0;0;2;1;-23,304772;-54,222153;SPRF-MS;DEL09-MS;UOP01-DEL09-MS;;;
689717;07/05/2025;quarta-feira;18:40:00;BA;330;791;JEQUIE;Transitar na contram�o;Colis�o lateral sentido oposto;Sem V�timas;Plena Noite;Crescente;Chuva;Simples;Reta;N�o;2;0;0;0;1;1;0;2;-13,88089;-40,13669;SPRF-BA;DEL03-BA;UOP01-DEL03-BA;;;
689718;07/05/2025;quarta-feira;20:30:00;PR;369;152,7;LONDRINA;Entrada inopinada do pedestre;Atropelamento de Pedestre;Com V�timas Feridas;Plena Noite;Crescente;Nublado;Dupla;"Interse��o de Vias;Aclive";N�o;2;0;2;0;0;0;2;2;-23,29362374;-51,18751287;SPRF-PR;DEL07-PR;UOP01-DEL07-PR;;;
689720;07/05/2025;quarta-feira;18:20:00;RJ;493;96;SEROPEDICA;Defici�ncia do Sistema de Ilumina��o/Sinaliza��o;Sa�da de leito carro��vel;Com V�timas Feridas;Plena Noite;Crescente;Nublado;M�ltipla;Reta;N�o;2;0;2;0;0;0;2;1;-22,71011129;-43,70064609;SPRF-RJ;DEL01-RJ;UOP03-DEL01-RJ;;;
689722;07/05/2025;quarta-feira;18:52:00;MT;163;8,2;ITIQUIRA;Aus�ncia de rea��o do condutor;Queda de ocupante de ve�culo;Com V�timas Feridas;Plena Noite;Crescente;C�u Claro;Dupla;Reta;N�o;1;0;1;0;0;0;1;1;-17,07137451;-54,75157857;SPRF-MT;DEL02-MT;UOP03-DEL02-MT;;;
689723;07/05/2025;quarta-feira;19:00:00;PR;277;336,3;GUARAPUAVA;Rea��o tardia ou ineficiente do condutor;Colis�o com objeto;Com V�timas Feridas;Plena Noite;Crescente;C�u Claro;Dupla;"Reta;Ponte";N�o;2;0;1;0;0;1;1;2;-25,34123348;-51,41317248;SPRF-PR;DEL08-PR;UOP01-DEL08-PR;;;
689725;07/05/2025;quarta-feira;22:00:00;MG;381;509;SAO JOAQUIM DE BICAS;Aus�ncia de rea��o do condutor;Colis�o com objeto;Sem V�timas;Plena Noite;Decrescente;C�u Claro;Dupla;Curva;Sim;1;0;0;0;1;0;0;1;-20,04994351;-44,27886823;SPRF-MG;DEL01-MG;UOP03-DEL01-MG;;;
689726;07/05/2025;quarta-feira;22:27:00;RJ;116;185;NOVA IGUACU;Condutor deixou de manter dist�ncia do ve�culo da frente;Colis�o traseira;Com V�timas Feridas;Plena Noite;Decrescente;C�u Claro;Dupla;Reta;Sim;2;0;1;0;0;1;1;2;-22,74024814;-43,45845938;SPRF-RJ;DEL06-RJ;UOP01-DEL06-RJ;;;
689728;07/05/2025;quarta-feira;14:55:00;MG;354;705,6;CAXAMBU;Transitar na contram�o;Colis�o frontal;Com V�timas Feridas;Pleno dia;Decrescente;Sol;Simples;Curva;N�o;4;0;0;2;1;1;2;3;-21,99414244;-44,92654156;SPRF-MG;DEL17-MG;UOP01-DEL17-MG;;;
689729;07/05/2025;quarta-feira;21:06:00;PE;423;57;GARANHUNS;Ingest�o de �lcool pelo condutor;Colis�o frontal;Sem V�timas;Plena Noite;Crescente;C�u Claro;Simples;Reta;N�o;2;0;0;0;2;0;0;2;-8,8785348;-36,4715896;SPRF-PE;DEL03-PE;UOP01-DEL03-PE;;;
689730;07/05/2025;quarta-feira;16:15:00;MG;354;704;CAXAMBU;Acessar a via sem observar a presen�a dos outros ve�culos;Colis�o transversal;Com V�timas Fatais;Pleno dia;Decrescente;C�u Claro;Simples;Reta;Sim;3;1;1;0;1;0;1;2;-21,983792;-44,924393;SPRF-MG;DEL17-MG;UOP01-DEL17-MG;;;
689732;07/05/2025;quarta-feira;23:30:00;BA;101;224;CRUZ DAS ALMAS;Retorno proibido;Colis�o transversal;Com V�timas Feridas;Plena Noite;Crescente;Nublado;Simples;Aclive;N�o;2;0;0;1;1;0;1;2;-12,69990511;-39,15316749;SPRF-BA;DEL01-BA;UOP02-DEL01-BA;;;
689733;07/05/2025;quarta-feira;21:15:00;RO;421;7;ARIQUEMES;Animais na Pista;Atropelamento de Animal;Com V�timas Feridas;Plena Noite;Crescente;Nublado;Simples;Reta;N�o;2;0;0;2;0;0;2;2;-9,952972;-63,109647;SPRF-RO;DEL03-RO;UOP01-DEL03-RO;;;
689735;07/05/2025;quarta-feira;23:01:00;PE;232;76,6;GRAVATA;Acessar a via sem observar a presen�a dos outros ve�culos;Colis�o traseira;Com V�timas Feridas;Plena Noite;Crescente;C�u Claro;Dupla;Reta;Sim;2;0;1;0;1;0;1;2;-8,19454711;-35,53831307;SPRF-PE;DEL02-PE;UOP02-DEL02PE;;;
689736;07/05/2025;quarta-feira;15:30:00;SC;282;70;RANCHO QUEIMADO;Frear bruscamente;Sa�da de leito carro��vel;Sem V�timas;Pleno dia;Decrescente;Nublado;Simples;Curva;N�o;1;0;0;0;1;0;0;1;-27,69153;-49,0913;SPRF-SC;DEL01-SC;UOP03-DEL01-SC;;;
689739;08/05/2025;quinta-feira;02:20:00;SP;116;62,5;GUARATINGUETA;Aus�ncia de rea��o do condutor;Colis�o traseira;Com V�timas Feridas;Plena Noite;Decrescente;C�u Claro;Dupla;Reta;N�o;3;0;1;0;2;0;1;2;-22,81659467;-45,180958;SPRF-SP;DEL08-SP;UOP01-DEL08-SP;;;
689742;07/05/2025;quarta-feira;12:00:00;RJ;101;318;SAO GONCALO;Avarias e/ou desgaste excessivo no pneu;Queda de ocupante de ve�culo;Com V�timas Feridas;Pleno dia;Crescente;Sol;Dupla;Reta;Sim;2;0;2;0;0;0;2;1;-22,848969;-43,10005188;SPRF-RJ;DEL02-RJ;UOP02-DEL02-RJ;;;
689743;07/05/2025;quarta-feira;19:00:00;BA;324;1;FEIRA DE SANTANA;Pista esburacada;Queda de ocupante de ve�culo;Com V�timas Feridas;Plena Noite;Crescente;Nublado;Dupla;Aclive;Sim;1;0;1;0;0;0;1;1;-12,28238165;-38,94603968;SPRF-BA;DEL02-BA;UOP01-DEL02-BA;;;
689748;08/05/2025;quinta-feira;06:05:00;SP;153;60,9;SAO JOSE DO RIO PRETO;Rea��o tardia ou ineficiente do condutor;Colis�o traseira;Com V�timas Feridas;Amanhecer;Crescente;C�u Claro;Dupla;"Reta;Declive";Sim;2;0;1;0;0;1;1;2;-20,80289824;-49,3560791;SPRF-SP;DEL09-SP;UOP01-DEL09-SP;;;
689749;08/05/2025;quinta-feira;05:30:00;MS;267;641;PORTO MURTINHO;Demais falhas mec�nicas ou el�tricas;Inc�ndio;Sem V�timas;Amanhecer;Crescente;C�u Claro;Simples;Reta;N�o;1;0;0;0;0;1;0;1;-21,744328;-57,487239;SPRF-MS;DEL05-MS;UOP01-DEL05-MS;;;
689750;08/05/2025;quinta-feira;05:00:00;SC;101;57,2;ARAQUARI;Rea��o tardia ou ineficiente do condutor;Tombamento;Com V�timas Feridas;Plena Noite;Decrescente;C�u Claro;Simples;"Declive;Interse��o de Vias;Viaduto;Curva";N�o;1;0;1;0;0;0;1;1;-26,43693288;-48,80778663;SPRF-SC;DEL03-SC;UOP01-DEL03-SC;;;
689751;08/05/2025;quinta-feira;05:30:00;BA;116;14;VITORIA DA CONQUISTA;Condutor deixou de manter dist�ncia do ve�culo da frente;Colis�o lateral mesmo sentido;Com V�timas Feridas;Amanhecer;Crescente;C�u Claro;Simples;Reta;N�o;2;0;2;0;0;0;2;2;-14,89326;-40,86568;SPRF-BA;DEL08-BA;UOP01-DEL08-BA;;;
689752;07/05/2025;quarta-feira;20:00:00;RJ;101;275;TANGUA;Convers�o proibida;Colis�o frontal;Com V�timas Feridas;Plena Noite;Decrescente;C�u Claro;Simples;Reta;Sim;2;0;1;0;1;0;1;2;-22,73617242;-42,73690028;SPRF-RJ;DEL02-RJ;UOP03-DEL02-RJ;;;
689753;08/05/2025;quinta-feira;06:12:00;SC;282;345,9;CAMPOS NOVOS;Condutor Dormindo;Sa�da de leito carro��vel;Sem V�timas;Amanhecer;Decrescente;Nublado;Simples;Reta;N�o;1;0;0;0;0;1;0;1;-27,374648;-51,24724;SPRF-SC;DEL07-SC;UOP06-DEL07-SC;;;
689755;07/05/2025;quarta-feira;18:18:00;SC;470;66,5;INDAIAL;Condutor usando celular;Colis�o com objeto;Com V�timas Feridas;Plena Noite;Decrescente;Nublado;Simples;Reta;Sim;1;0;1;0;0;0;1;1;-26,87036732;-49,22669856;SPRF-SC;DEL04-SC;UOP01-DEL04-SC;;;
689758;08/05/2025;quinta-feira;06:55:00;RS;386;350;ESTRELA;Rea��o tardia ou ineficiente do condutor;Colis�o com objeto;Com V�timas Feridas;Pleno dia;Crescente;Nublado;Dupla;"Em Obras;Desvio Tempor�rio";N�o;1;0;1;0;0;0;1;1;-29,47357;-51,95315;SPRF-RS;DEL04-RS;UOP01-DEL04-RS;;;
689760;08/05/2025;quinta-feira;07:45:00;MG;381;480,8;CONTAGEM;Aus�ncia de rea��o do condutor;Colis�o traseira;Com V�timas Fatais;Pleno dia;Crescente;C�u Claro;Dupla;Reta;N�o;2;1;0;0;1;0;0;2;-19,96076406;-44,05345917;SPRF-MG;DEL01-MG;UOP03-DEL01-MG;;;
689761;08/05/2025;quinta-feira;07:02:00;RN;101;168;SAO GONCALO DO AMARANTE;Manobra de mudan�a de faixa;Colis�o lateral mesmo sentido;Com V�timas Feridas;Pleno dia;Crescente;C�u Claro;Dupla;"Reta;Retorno Regulamentado";Sim;3;0;1;1;1;0;2;2;-5,75413407;-35,31194687;SPRF-RN;DEL01-RN;UOP01-DEL01-RN;;;
689762;08/05/2025;quinta-feira;07:40:00;RJ;101;573,2;PARATY;Acessar a via sem observar a presen�a dos outros ve�culos;Colis�o transversal;Com V�timas Feridas;Pleno dia;Crescente;C�u Claro;Simples;Reta;N�o;3;0;2;0;1;0;2;2;-23,25274958;-44,69942522;SPRF-RJ;DEL03-RJ;UOP04-DEL03-RJ;;;
689763;08/05/2025;quinta-feira;07:00:00;BA;324;620;SALVADOR;Trafegar com motocicleta (ou similar) entre as faixas;Colis�o lateral mesmo sentido;Com V�timas Feridas;Pleno dia;Crescente;Nublado;M�ltipla;Reta;Sim;3;0;1;0;2;0;1;2;-12,9153794;-38,461596;SPRF-BA;DEL01-BA;UOP01-DEL01-BA;;;
689764;08/05/2025;quinta-feira;07:40:00;PB;230;21;JOAO PESSOA;Transitar no Acostamento;Tombamento;Com V�timas Feridas;Pleno dia;Crescente;Chuva;Dupla;Reta;Sim;1;0;0;1;0;0;1;1;-7,142149;-34,851744;SPRF-PB;DEL01-PB;UOP01-DEL01-PB;;;
689765;08/05/2025;quinta-feira;07:40:00;RJ;101;268;RIO BONITO;Rea��o tardia ou ineficiente do condutor;Sa�da de leito carro��vel;Com V�timas Feridas;Pleno dia;Crescente;C�u Claro;Dupla;Reta;N�o;1;0;1;0;0;0;1;1;-22,715049;-42,679022;SPRF-RJ;DEL02-RJ;UOP03-DEL02-RJ;;;
689766;08/05/2025;quinta-feira;07:50:00;GO;153;438;ANAPOLIS;Manobra de mudan�a de faixa;Colis�o lateral mesmo sentido;Com V�timas Feridas;Pleno dia;Decrescente;C�u Claro;Dupla;"Reta;Aclive";Sim;2;0;0;1;1;0;1;2;-16,31708582;-48,92190993;SPRF-GO;DEL02-GO;UOP01-DEL02-GO;;;
689767;08/05/2025;quinta-feira;07:40:00;RJ;101;318;SAO GONCALO;Aus�ncia de rea��o do condutor;Colis�o traseira;Com V�timas Feridas;Pleno dia;Crescente;C�u Claro;Dupla;Reta;N�o;3;0;1;0;2;0;1;2;-22,8526435;-43,10106039;SPRF-RJ;DEL02-RJ;UOP02-DEL02-RJ;;;
689768;08/05/2025;quinta-feira;08:25:00;SC;101;202,5;SAO JOSE;Trafegar com motocicleta (ou similar) entre as faixas;Queda de ocupante de ve�culo;Com V�timas Feridas;Pleno dia;Crescente;C�u Claro;M�ltipla;Reta;Sim;1;0;1;0;0;0;1;1;-27,561232;-48,616909;SPRF-SC;DEL01-SC;UOP01-DEL01-SC;;;
689770;08/05/2025;quinta-feira;08:32:00;TO;153;654;DUERE;Rea��o tardia ou ineficiente do condutor;Sa�da de leito carro��vel;Com V�timas Feridas;Pleno dia;Decrescente;C�u Claro;Simples;Reta;N�o;1;0;1;0;0;0;1;1;-11,58254777;-49,03424299;SPRF-TO;DEL01-TO;UOP02-DEL01-TO;;;
689771;08/05/2025;quinta-feira;08:00:00;PR;369;146;LONDRINA;Aus�ncia de rea��o do condutor;Colis�o traseira;Com V�timas Feridas;Pleno dia;Crescente;C�u Claro;Dupla;Reta;Sim;2;0;1;0;1;0;1;2;-23,293016;-51,120957;SPRF-PR;DEL07-PR;UOP01-DEL07-PR;;;
689773;08/05/2025;quinta-feira;08:00:00;PE;101;59;RECIFE;Trafegar com motocicleta (ou similar) entre as faixas;Colis�o lateral mesmo sentido;Com V�timas Feridas;Pleno dia;Crescente;Sol;Dupla;"Reta;Aclive";N�o;1;0;1;0;0;0;1;1;-7,979275;-34,929197;SPRF-PE;DEL01-PE;UOP02-DEL01-PE;;;
689774;08/05/2025;quinta-feira;07:50:00;MG;40;735;SANTOS DUMONT;Velocidade Incompat�vel;Colis�o transversal;Com V�timas Feridas;Pleno dia;Crescente;C�u Claro;Simples;Curva;N�o;2;0;2;0;0;0;2;2;-21,42799618;-43,5558238;SPRF-MG;DEL05-MG;UOP01-DEL05-MG;;;
689775;05/05/2025;segunda-feira;00:30:00;RJ;101;318;SAO GONCALO;Rea��o tardia ou ineficiente do condutor;Queda de ocupante de ve�culo;Com V�timas Feridas;Plena Noite;Decrescente;C�u Claro;Dupla;Curva;N�o;2;0;2;0;0;0;2;1;-22,84647432;-43,09893023;SPRF-RJ;DEL02-RJ;UOP02-DEL02-RJ;;;
689777;08/05/2025;quinta-feira;07:30:00;BA;101;934;MUCURI;Acesso irregular;Colis�o transversal;Com V�timas Feridas;Pleno dia;Crescente;Chuva;Simples;Reta;Sim;2;0;0;1;1;0;1;2;-17,99266104;-39,86024201;SPRF-BA;DEL09-BA;UOP02-DEL09-BA;;;
689779;08/05/2025;quinta-feira;07:45:00;PE;232;9,6;JABOATAO DOS GUARARAPES;Trafegar com motocicleta (ou similar) entre as faixas;Colis�o lateral mesmo sentido;Com V�timas Feridas;Pleno dia;Decrescente;C�u Claro;Dupla;Reta;Sim;2;0;0;1;1;0;1;2;-8,078767;-34,985075;SPRF-PE;DEL01-PE;UOP01-DEL01-PE;;;
689780;08/05/2025;quinta-feira;08:50:00;SC;470;58;BLUMENAU;Trafegar com motocicleta (ou similar) entre as faixas;Colis�o transversal;Com V�timas Feridas;Pleno dia;Crescente;C�u Claro;Simples;Em Obras;Sim;3;0;1;0;2;0;1;2;-26,88378865;-49,14549049;SPRF-SC;DEL04-SC;UOP01-DEL04-SC;;;
689781;26/04/2025;s�bado;23:00:00;MS;463;3,3;DOURADOS;Manobra de mudan�a de faixa;Colis�o lateral mesmo sentido;Com V�timas Feridas;Plena Noite;Crescente;Chuva;Dupla;"Aclive;Reta";Sim;3;0;1;1;1;0;2;2;-22,25913;-54,836249;SPRF-MS;DEL04-MS;UOP01-DEL04-MS;;;
689784;08/05/2025;quinta-feira;09:30:00;SC;101;1,5;FLORIANOPOLIS;Mal s�bito do condutor;Engavetamento;Com V�timas Feridas;Pleno dia;Decrescente;Nublado;Dupla;Reta;Sim;3;0;2;0;1;0;2;3;-27,59919087;-48,57480375;SPRF-SC;DEL03-SC;UOP01-DEL03-SC;;;
689787;08/05/2025;quinta-feira;06:30:00;MG;381;490;BETIM;Ultrapassagem Indevida;Colis�o lateral mesmo sentido;Com V�timas Feridas;Pleno dia;Crescente;C�u Claro;Simples;Reta;Sim;2;0;0;1;1;0;1;2;-19,95880819;-44,15149605;SPRF-MG;DEL01-MG;UOP03-DEL01-MG;;;
689788;22/03/2025;s�bado;16:10:00;GO;414;428;ABADIANIA;Manobra de mudan�a de faixa;Colis�o frontal;Com V�timas Feridas;Pleno dia;Decrescente;C�u Claro;Simples;Reta;N�o;4;0;3;0;1;0;3;2;-16,1972713;-48,9087921;SPRF-GO;DEL02-GO;UOP01-DEL02-GO;;;
689791;08/05/2025;quinta-feira;09:15:00;MS;163;529;JARAGUARI;Acessar a via sem observar a presen�a dos outros ve�culos;Tombamento;Com V�timas Feridas;Pleno dia;Crescente;Sol;Simples;"Reta;Aclive";N�o;1;0;1;0;0;0;1;1;-20,08061341;-54,43025248;SPRF-MS;DEL01-MS;UOP02-DEL01-MS;;;
689792;08/05/2025;quinta-feira;09:50:00;RS;285;615;SANTO ANTONIO DAS MISSOES;Demais falhas mec�nicas ou el�tricas;Tombamento;Sem V�timas;Pleno dia;Crescente;Nublado;Simples;Reta;N�o;2;0;0;0;2;0;0;1;-28,495157;-55,41835;SPRF-RS;DEL12-RS;UOP01-DEL12-RS;;;
689793;08/05/2025;quinta-feira;08:46:00;RJ;101;326;NITEROI;Rea��o tardia ou ineficiente do condutor;Colis�o com objeto;Com V�timas Feridas;Pleno dia;Crescente;C�u Claro;Dupla;Reta;N�o;2;0;0;1;0;1;1;2;-22,87237931;-43,1470871;SPRF-RJ;DEL02-RJ;UOP01-DEL02-RJ;;;
689794;08/05/2025;quinta-feira;10:30:00;GO;414;303;VILA PROPICIO;Ingest�o de �lcool pelo condutor;Tombamento;Com V�timas Feridas;Pleno dia;Decrescente;Sol;Simples;Reta;N�o;1;0;1;0;0;0;1;1;-15,240288;-48,691345;SPRF-GO;DEL02-GO;UOP01-DEL02-GO;;;
689795;08/05/2025;quinta-feira;09:20:00;RJ;101;331;RIO DE JANEIRO;Avarias e/ou desgaste excessivo no pneu;Tombamento;Com V�timas Feridas;Pleno dia;Crescente;C�u Claro;Simples;Reta;N�o;2;0;1;0;1;0;1;1;-22,86858331;-43,1879425;SPRF-RJ;DEL02-RJ;UOP01-DEL02-RJ;;;
689796;08/05/2025;quinta-feira;11:10:00;SC;101;197,7;BIGUACU;Aus�ncia de rea��o do condutor;Colis�o traseira;Com V�timas Feridas;Pleno dia;Crescente;C�u Claro;M�ltipla;"Reta;Interse��o de Vias";Sim;2;0;2;0;0;0;2;2;-27,524476;-48,636559;SPRF-SC;DEL01-SC;UOP01-DEL01-SC;;;
689797;08/05/2025;quinta-feira;11:05:00;RJ;116;180;SAO JOAO DE MERITI;Aus�ncia de rea��o do condutor;Sa�da de leito carro��vel;Com V�timas Feridas;Pleno dia;Crescente;Sol;M�ltipla;"Ponte;Aclive";Sim;1;0;1;0;0;0;1;1;-22,80276927;-43,34861755;SPRF-RJ;DEL06-RJ;UOP01-DEL06-RJ;;;
689798;08/05/2025;quinta-feira;11:00:00;PB;230;22;JOAO PESSOA;Trafegar com motocicleta (ou similar) entre as faixas;Colis�o lateral mesmo sentido;Com V�timas Feridas;Pleno dia;Decrescente;C�u Claro;Dupla;Reta;N�o;2;0;1;0;1;0;1;2;-7,1573249;-34,8579354;SPRF-PB;DEL01-PB;UOP01-DEL01-PB;;;
689799;30/04/2025;quarta-feira;21:30:00;MS;163;495,6;CAMPO GRANDE;Aus�ncia de rea��o do condutor;Sa�da de leito carro��vel;Com V�timas Feridas;Plena Noite;Crescente;C�u Claro;Simples;Curva;N�o;1;0;0;1;0;0;1;1;-20,36125337;-54,5265609;SPRF-MS;DEL01-MS;UOP02-DEL01-MS;;;
689800;08/05/2025;quinta-feira;11:10:00;PE;104;67,6;CARUARU;Aus�ncia de rea��o do condutor;Colis�o traseira;Sem V�timas;Pleno dia;Decrescente;C�u Claro;Dupla;Reta;Sim;2;0;0;0;2;0;0;2;-8,29593195;-35,98762449;SPRF-PE;DEL02-PE;UOP01-DEL02-PE;;;
689806;08/05/2025;quinta-feira;09:00:00;AP;156;747;OIAPOQUE;Rea��o tardia ou ineficiente do condutor;Colis�o traseira;Sem V�timas;Pleno dia;Crescente;Nublado;Simples;"Ponte;Reta;Declive";N�o;2;0;0;0;2;0;0;2;3,434121;-51,728105;SPRF-AP;DEL01-AP;UOP03-DEL01-AP;;;
689807;08/05/2025;quinta-feira;12:20:00;SC;101;207;SAO JOSE;Acessar a via sem observar a presen�a dos outros ve�culos;Colis�o transversal;Com V�timas Feridas;Pleno dia;Decrescente;C�u Claro;M�ltipla;Reta;Sim;2;0;1;0;1;0;1;2;-27,59502;-48,618978;SPRF-SC;DEL01-SC;UOP01-DEL01-SC;;;
689808;08/05/2025;quinta-feira;12:30:00;RS;116;242;NOVO HAMBURGO;Mal s�bito do condutor;Sa�da de leito carro��vel;Com V�timas Feridas;Pleno dia;Crescente;C�u Claro;M�ltipla;Reta;Sim;2;0;1;0;1;0;1;1;-29,71366648;-51,14781467;SPRF-RS;DEL01-RS;UOP02-DEL01-RS;;;
689809;08/05/2025;quinta-feira;12:30:00;ES;101;232;FUNDAO;Mal s�bito do condutor;Colis�o traseira;Com V�timas Feridas;Pleno dia;Crescente;Chuva;Simples;Reta;N�o;2;0;2;0;0;0;2;2;-19,960886;-40,406994;SPRF-ES;DEL02-ES;UOP01-DEL02-ES;;;
689810;08/05/2025;quinta-feira;11:40:00;PE;104;65,5;CARUARU;Acessar a via sem observar a presen�a dos outros ve�culos;Colis�o lateral mesmo sentido;Com V�timas Feridas;Pleno dia;Decrescente;Sol;Dupla;Curva;Sim;2;0;1;0;0;1;1;2;-8,28247;-35,98133;SPRF-PE;DEL02-PE;UOP01-DEL02-PE;;;
689811;08/05/2025;quinta-feira;09:30:00;RO;364;14;VILHENA;Acessar a via sem observar a presen�a dos outros ve�culos;Colis�o transversal;Com V�timas Feridas;Pleno dia;Decrescente;Nublado;Dupla;Reta;Sim;2;0;1;0;1;0;1;2;-12,73893751;-60,14123976;SPRF-RO;DEL04-RO;UOP01-DEL04-RO;;;
689813;08/05/2025;quinta-feira;12:17:00;PI;343;3;TERESINA;Aus�ncia de rea��o do condutor;Colis�o transversal;Com V�timas Feridas;Pleno dia;Decrescente;C�u Claro;Dupla;Reta;Sim;2;0;1;0;1;0;1;2;-5,0809985;-42,7844542;SPRF-PI;DEL01-PI;UOP01-DEL01-PI;;;
689814;15/03/2025;s�bado;08:00:00;SC;470;57;BLUMENAU;Acessar a via sem observar a presen�a dos outros ve�culos;Colis�o transversal;Com V�timas Feridas;Pleno dia;Crescente;C�u Claro;Simples;Interse��o de Vias;N�o;3;0;1;0;2;0;1;2;-26,87321929;-49,1141814;SPRF-SC;DEL04-SC;UOP01-DEL04-SC;;;
689816;01/05/2025;quinta-feira;17:45:00;SC;0;0;BLUMENAU;Demais Fen�menos da natureza;Eventos at�picos;Sem V�timas;Anoitecer;N�o Informado;C�u Claro;Dupla;Reta;Sim;2;0;0;0;2;0;0;1;-26,89547215;-49,07615015;SPRF-SC;DEL04-SC;UOP01-DEL04-SC;;;