id;data_inversa;dia_semana;horario;uf;br;km;municipio;causa_acidente;tipo_acidente;classificacao_acidente;fase_dia;sentido_via;condicao_metereologica;tipo_pista;tracado_via;uso_solo;pessoas;mortos;feridos_leves;feridos_graves;ilesos;ignorados;feridos;veiculos;latitude;longitude;regional;delegacia;uop;;;
689818;08/05/2025;quinta-feira;13:20:00;RS;386;59,4;SEBERI;Ultrapassagem Indevida;Tombamento;Com V�timas Feridas;Pleno dia;Crescente;Sol;Simples;Reta;N�o;3;0;1;0;0;2;1;3;-27,57719583;-53,35198367;SPRF-RS;DEL08-RS;UOP02-DEL08-RS;;;
689820;08/05/2025;quinta-feira;12:40:00;RO;319;142;PORTO VELHO;Condutor desrespeitou a ilumina��o vermelha do sem�foro;Colis�o transversal;Sem V�timas;Pleno dia;Decrescente;C�u Claro;Dupla;Reta;Sim;2;0;0;0;2;0;0;1;-8,75002136;-63,88763309;SPRF-RO;DEL01-RO;UOP01-DEL01-RO;;;
689822;08/05/2025;quinta-feira;13:15:00;MS;163;77,6;ITAQUIRAI;Acessar a via sem observar a presen�a dos outros ve�culos;Colis�o transversal;Com V�timas Feridas;Pleno dia;Crescente;C�u Claro;Dupla;"Reta;Interse��o de Vias";Sim;2;0;0;1;0;1;1;2;-23,4786871;-54,18697357;SPRF-MS;DEL09-MS;UOP01-DEL09-MS;;;
689823;08/05/2025;quinta-feira;14:10:00;MG;262;817;UBERABA;Rea��o tardia ou ineficiente do condutor;Sa�da de leito carro��vel;Com V�timas Feridas;Pleno dia;Crescente;C�u Claro;Dupla;Reta;N�o;2;0;0;2;0;0;2;1;-19,771584;-47,984465;SPRF-MG;DEL13-MG;UOP01-DEL13-MG;;;
689825;23/03/2025;domingo;20:00:00;PE;428;172;PETROLINA;Ultrapassagem Indevida;Colis�o lateral mesmo sentido;Com V�timas Feridas;Plena Noite;Crescente;C�u Claro;Simples;Reta;N�o;2;0;1;0;0;1;1;2;-9,2494008;-40,42372076;SPRF-PE;DEL06-PE;UOP01-DEL06-PE;;;
689826;26/04/2025;s�bado;23:00:00;RJ;40;109;DUQUE DE CAXIAS;Aus�ncia de rea��o do condutor;Colis�o traseira;Com V�timas Feridas;Plena Noite;Crescente;C�u Claro;M�ltipla;Reta;Sim;2;0;0;1;1;0;1;2;-22,67563287;-43,28653727;SPRF-RJ;DEL01-RJ;UOP02-DEL01-RJ;;;
689827;20/04/2025;domingo;19:30:00;SP;116;545;BARRA DO TURVO;Rea��o tardia ou ineficiente do condutor;Colis�o com objeto;Com V�timas Feridas;Plena Noite;Crescente;Garoa/Chuvisco;Simples;Curva;N�o;2;0;2;0;0;0;2;1;-24,946917;-48,425058;SPRF-SP;DEL05-SP;UOP02-DEL05-SP;;;
689828;08/05/2025;quinta-feira;12:40:00;MA;10;256,5;IMPERATRIZ;Transitar no Acostamento;Colis�o transversal;Com V�timas Feridas;Pleno dia;Crescente;C�u Claro;Simples;Reta;Sim;3;0;0;1;2;0;1;2;-5,4995;-47,47162;SPRF-MA;DEL04-MA;UOP01-DEL04-MA;;;
689829;08/05/2025;quinta-feira;12:00:00;RJ;40;110;DUQUE DE CAXIAS;Rea��o tardia ou ineficiente do condutor;Sa�da de leito carro��vel;Com V�timas Feridas;Pleno dia;Crescente;C�u Claro;M�ltipla;Reta;Sim;2;0;1;0;0;1;1;2;-22,6827962;-43,28572188;SPRF-RJ;DEL01-RJ;UOP02-DEL01-RJ;;;
689830;08/05/2025;quinta-feira;13:55:00;PE;101;70,1;RECIFE;Manobra de mudan�a de faixa;Colis�o lateral mesmo sentido;Com V�timas Feridas;Pleno dia;Crescente;C�u Claro;Dupla;"Interse��o de Vias;Reta";N�o;3;0;2;0;1;0;2;2;-8,068953;-34,940828;SPRF-PE;DEL01-PE;UOP01-DEL01-PE;;;
689831;08/05/2025;quinta-feira;13:40:00;SP;116;445;REGISTRO;Desrespeitar a prefer�ncia no cruzamento;Colis�o transversal;Com V�timas Feridas;Pleno dia;Crescente;C�u Claro;Simples;"Viaduto;Reta;Interse��o de Vias";Sim;3;0;2;0;0;1;2;3;-24,49972374;-47,84417152;SPRF-SP;DEL05-SP;UOP01-DEL05-SP;;;
689832;08/05/2025;quinta-feira;14:15:00;GO;153;437;ANAPOLIS;Acumulo de areia ou detritos sobre o pavimento;Tombamento;Com V�timas Feridas;Pleno dia;Decrescente;C�u Claro;Dupla;"Em Obras;Desvio Tempor�rio";Sim;2;0;1;0;0;1;1;2;-16,30254669;-48,92539787;SPRF-GO;DEL02-GO;UOP01-DEL02-GO;;;
689833;08/05/2025;quinta-feira;15:10:00;MG;381;876,4;ESTIVA;Velocidade Incompat�vel;Sa�da de leito carro��vel;Com V�timas Feridas;Pleno dia;Crescente;C�u Claro;Dupla;Curva;N�o;1;0;0;1;0;0;1;1;-22,41951851;-45,96499443;SPRF-MG;DEL16-MG;UOP01-DEL16-MG;;;
689834;08/05/2025;quinta-feira;15:05:00;CE;222;21,3;CAUCAIA;Acessar a via sem observar a presen�a dos outros ve�culos;Colis�o transversal;Sem V�timas;Pleno dia;Decrescente;Sol;Simples;Interse��o de Vias;N�o;2;0;0;0;2;0;0;2;-3,736137;-38,745292;SPRF-CE;DEL01-CE;UOP01-DEL01-CE;;;
689835;08/05/2025;quinta-feira;15:30:00;PE;101;69;RECIFE;Velocidade Incompat�vel;Colis�o traseira;Com V�timas Feridas;Pleno dia;Decrescente;C�u Claro;Dupla;Interse��o de Vias;Sim;2;0;0;1;1;0;1;2;-8,05984575;-34,94568586;SPRF-PE;DEL01-PE;UOP01-DEL01-PE;;;
689836;08/05/2025;quinta-feira;15:30:00;RN;101;83;SAO GONCALO DO AMARANTE;Manobra de mudan�a de faixa;Colis�o lateral mesmo sentido;Com V�timas Feridas;Pleno dia;Decrescente;C�u Claro;Simples;Reta;N�o;3;0;1;1;0;1;2;2;-5,7487531;-35,3265889;SPRF-RN;DEL02-RN;UOP01-DEL02-RN;;;
689837;08/05/2025;quinta-feira;15:30:00;RS;293;13,4;CAPAO DO LEAO;Acessar a via sem observar a presen�a dos outros ve�culos;Colis�o transversal;Com V�timas Feridas;Pleno dia;Decrescente;Nublado;Simples;Interse��o de Vias;Sim;2;0;1;0;1;0;1;2;-31,75371;-52,455452;SPRF-RS;DEL07-RS;UOP01-DEL07-RS;;;
689839;08/05/2025;quinta-feira;15:30:00;PE;428;174,4;PETROLINA;Condutor Dormindo;Colis�o traseira;Com V�timas Feridas;Pleno dia;Crescente;C�u Claro;Simples;Reta;N�o;2;0;1;0;1;0;1;2;-9,266597;-40,432564;SPRF-PE;DEL06-PE;UOP01-DEL06-PE;;;
689840;08/05/2025;quinta-feira;15:20:00;PR;376;600,2;CURITIBA;Acessar a via sem observar a presen�a dos outros ve�culos;Atropelamento de Pedestre;Com V�timas Feridas;Pleno dia;Crescente;C�u Claro;Dupla;Reta;N�o;2;0;1;0;1;0;1;2;-25,52963745;-49,32680464;SPRF-PR;DEL01-PR;UOP06-DEL01-PR;;;
689841;08/05/2025;quinta-feira;14:40:00;RS;116;452,8;CRISTAL;Rea��o tardia ou ineficiente do condutor;Sa�da de leito carro��vel;Com V�timas Fatais;Pleno dia;Crescente;Chuva;Dupla;"Curva;Declive";N�o;5;1;4;0;0;0;4;1;-31,1693016;-52,0276655;SPRF-RS;DEL02-RS;UOP02-DEL02-RS;;;
689842;08/05/2025;quinta-feira;15:35:00;RN;405;46,6;APODI;Condutor Dormindo;Colis�o frontal;Com V�timas Fatais;Pleno dia;Decrescente;C�u Claro;Simples;Reta;N�o;3;1;1;0;1;0;1;2;-5,435896;-37,657737;SPRF-RN;DEL04-RN;UOP02-DEL04-RN;;;
689843;08/05/2025;quinta-feira;16:35:00;PE;424;87;GARANHUNS;Rea��o tardia ou ineficiente do condutor;Colis�o traseira;Com V�timas Feridas;Pleno dia;Crescente;C�u Claro;Simples;Reta;N�o;2;0;1;0;1;0;1;2;-8,8786998;-36,5062408;SPRF-PE;DEL03-PE;UOP01-DEL03-PE;;;
689845;08/05/2025;quinta-feira;16:00:00;ES;101;295,2;CARIACICA;Desrespeitar a prefer�ncia no cruzamento;Colis�o transversal;Com V�timas Feridas;Pleno dia;Crescente;Nublado;M�ltipla;"Interse��o de Vias;Reta";Sim;2;0;1;0;1;0;1;2;-20,33479295;-40,4015979;SPRF-ES;DEL01-ES;UOP01-DEL01-ES;;;
689848;08/05/2025;quinta-feira;15:20:00;MT;70;519;VARZEA GRANDE;Aus�ncia de rea��o do condutor;Queda de ocupante de ve�culo;Com V�timas Feridas;Pleno dia;Decrescente;Sol;Simples;Reta;Sim;1;0;1;0;0;0;1;1;-15,680034;-56,174186;SPRF-MT;DEL01-MT;UOP02-DEL01-MT;;;
689849;08/05/2025;quinta-feira;16:15:00;PB;230;16,8;JOAO PESSOA;Manobra de mudan�a de faixa;Colis�o traseira;Com V�timas Feridas;Pleno dia;Decrescente;C�u Claro;Dupla;Reta;Sim;2;0;0;1;1;0;1;2;-7,112865;-34,842338;SPRF-PB;DEL01-PB;UOP01-DEL01-PB;;;
689850;08/05/2025;quinta-feira;06:40:00;ES;101;66,7;SAO MATEUS;Mal s�bito do condutor;Queda de ocupante de ve�culo;Com V�timas Feridas;Pleno dia;Crescente;Chuva;Simples;Reta;Sim;1;0;0;1;0;0;1;1;-18,71922693;-39,86875407;SPRF-ES;DEL04-ES;UOP02-DEL04-ES;;;
689852;08/05/2025;quinta-feira;16:50:00;MG;116;694;MURIAE;Demais falhas mec�nicas ou el�tricas;Inc�ndio;Sem V�timas;Anoitecer;Decrescente;C�u Claro;Simples;"Reta;Aclive";N�o;1;0;0;0;1;0;0;1;-21,06015;-42,367138;SPRF-MG;DEL07-MG;UOP02-DEL07-MG;;;
689853;08/05/2025;quinta-feira;16:00:00;MG;381;481,6;CONTAGEM;Manobra de mudan�a de faixa;Colis�o lateral mesmo sentido;Com V�timas Feridas;Pleno dia;Crescente;C�u Claro;Dupla;Reta;N�o;2;0;1;0;1;0;1;2;-19,96108676;-44,05311584;SPRF-MG;DEL01-MG;UOP03-DEL01-MG;;;
689854;08/05/2025;quinta-feira;16:30:00;PR;369;160;CAMBE;Condutor deixou de manter dist�ncia do ve�culo da frente;Colis�o traseira;Com V�timas Feridas;Pleno dia;Crescente;Sol;Dupla;Reta;Sim;4;0;1;0;3;0;1;3;-23,28560023;-51,25945441;SPRF-PR;DEL07-PR;UOP01-DEL07-PR;;;
689855;08/05/2025;quinta-feira;16:40:00;SC;280;56;GUARAMIRIM;Acessar a via sem observar a presen�a dos outros ve�culos;Colis�o lateral mesmo sentido;Com V�timas Feridas;Pleno dia;Decrescente;C�u Claro;Dupla;Reta;Sim;2;0;1;0;1;0;1;2;-26,4752502;-48,9881123;SPRF-SC;DEL03-SC;UOP03-DEL03-SC;;;
689856;08/05/2025;quinta-feira;17:25:00;CE;116;5,7;FORTALEZA;Trafegar com motocicleta (ou similar) entre as faixas;Tombamento;Com V�timas Feridas;Pleno dia;Crescente;C�u Claro;M�ltipla;Reta;Sim;1;0;1;0;0;0;1;1;-3,79646068;-38,5068655;SPRF-CE;DEL01-CE;UOP02-DEL01-CE;;;
689857;30/04/2025;quarta-feira;11:45:00;RJ;493;0;ITABORAI;Acesso irregular;Colis�o lateral sentido oposto;Com V�timas Feridas;Pleno dia;Crescente;C�u Claro;Simples;"Curva;Declive";Sim;2;0;1;0;1;0;1;2;-22,76870276;-42,92246819;SPRF-RJ;DEL02-RJ;UOP02-DEL02-RJ;;;
689858;08/05/2025;quinta-feira;15:57:00;PE;101;60;RECIFE;Aus�ncia de rea��o do condutor;Colis�o traseira;Com V�timas Fatais;Pleno dia;Crescente;Sol;Dupla;Reta;Sim;2;1;0;0;1;0;0;2;-7,99127933;-34,9361018;SPRF-PE;DEL01-PE;UOP02-DEL01-PE;;;
689859;08/05/2025;quinta-feira;17:30:00;CE;116;5;FORTALEZA;Condutor deixou de manter dist�ncia do ve�culo da frente;Colis�o traseira;Com V�timas Feridas;Plena Noite;Crescente;C�u Claro;M�ltipla;Reta;Sim;2;0;1;0;1;0;1;2;-3,7929655;-38,5089879;SPRF-CE;DEL01-CE;UOP02-DEL01-CE;;;
689860;18/04/2025;sexta-feira;12:30:00;PR;277;592;CASCAVEL;Velocidade Incompat�vel;Colis�o frontal;Com V�timas Feridas;Pleno dia;Decrescente;C�u Claro;Simples;Reta;Sim;2;0;0;1;1;0;1;2;-24,9834272;-53,473113;SPRF-PR;DEL04-PR;UOP01-DEL04-PR;;;
689861;08/05/2025;quinta-feira;17:20:00;SC;101;117,1;ITAJAI;Aus�ncia de rea��o do condutor;Colis�o traseira;Sem V�timas;Anoitecer;Crescente;C�u Claro;Dupla;Reta;N�o;2;0;0;0;2;0;0;2;-26,88920804;-48,7220934;SPRF-SC;DEL04-SC;UOP04-DEL04-SC;;;
689863;08/05/2025;quinta-feira;18:10:00;PR;476;147;CURITIBA;Pedestre cruzava a pista fora da faixa;Atropelamento de Pedestre;Com V�timas Feridas;Plena Noite;Crescente;C�u Claro;Dupla;Reta;N�o;2;0;1;0;1;0;1;2;-25,55493275;-49,33991997;SPRF-PR;DEL01-PR;UOP06-DEL01-PR;;;
689867;08/05/2025;quinta-feira;18:30:00;MG;381;491;BETIM;Trafegar com motocicleta (ou similar) entre as faixas;Colis�o lateral mesmo sentido;Com V�timas Feridas;Pleno dia;Decrescente;C�u Claro;Dupla;Reta;Sim;3;0;2;0;1;0;2;2;-19,95723182;-44,15071535;SPRF-MG;DEL01-MG;UOP03-DEL01-MG;;;
689868;08/05/2025;quinta-feira;17:20:00;SC;470;0,2;GASPAR;Ultrapassagem Indevida;Colis�o transversal;Com V�timas Feridas;Pleno dia;Decrescente;C�u Claro;Simples;Reta;Sim;3;0;1;0;2;0;1;3;-26,91386626;-48,96000115;SPRF-SC;DEL04-SC;UOP01-DEL04-SC;;;
689869;08/05/2025;quinta-feira;18:00:00;RS;285;123,7;VACARIA;Acesso irregular;Colis�o transversal;Com V�timas Feridas;Plena Noite;Crescente;C�u Claro;Simples;"Reta;Interse��o de Vias";Sim;4;0;2;0;2;0;2;2;-28,49254082;-50,95514774;SPRF-RS;DEL05-RS;UOP03-DEL05-RS;;;
689870;08/05/2025;quinta-feira;18:15:00;PR;116;116;CURITIBA;Rea��o tardia ou ineficiente do condutor;Colis�o traseira;Sem V�timas;Anoitecer;Decrescente;C�u Claro;Dupla;Reta;N�o;2;0;0;0;2;0;0;2;-25,549673;-49,3044;SPRF-PR;DEL01-PR;UOP03-DEL01-PR;;;
689871;08/05/2025;quinta-feira;18:30:00;RS;116;226;DOIS IRMAOS;Ingest�o de �lcool pelo condutor;Colis�o frontal;Com V�timas Feridas;Plena Noite;Crescente;Nublado;Simples;Curva;Sim;2;0;2;0;0;0;2;2;-29,60063393;-51,11751314;SPRF-RS;DEL01-RS;UOP02-DEL01-RS;;;
689874;08/05/2025;quinta-feira;18:50:00;SC;101;151,9;ITAPEMA;Aus�ncia de rea��o do condutor;Tombamento;Com V�timas Feridas;Anoitecer;Decrescente;C�u Claro;Simples;Reta;Sim;1;0;1;0;0;0;1;1;-27,12964634;-48,60984296;SPRF-SC;DEL04-SC;UOP03-DEL04-SC;;;
689875;22/04/2025;ter�a-feira;10:30:00;BA;324;522;FEIRA DE SANTANA;Acumulo de �gua sobre o pavimento;Colis�o traseira;Com V�timas Feridas;Pleno dia;Decrescente;Chuva;Dupla;Reta;N�o;3;0;0;1;2;0;1;3;-12,2895888;-38,91375661;SPRF-BA;DEL01-BA;UOP03-DEL01-BA;;;
689876;08/05/2025;quinta-feira;13:30:00;SP;116;94,9;PINDAMONHANGABA;Demais falhas mec�nicas ou el�tricas;Tombamento;Com V�timas Feridas;Pleno dia;Crescente;C�u Claro;Dupla;Reta;N�o;2;0;2;0;0;0;2;1;-22,96516128;-45,43009557;SPRF-SP;DEL08-SP;UOP01-DEL08-SP;;;
689880;08/05/2025;quinta-feira;18:40:00;MS;267;412;MARACAJU;Animais na Pista;Atropelamento de Animal;Com V�timas Feridas;Plena Noite;Decrescente;C�u Claro;Simples;Reta;N�o;2;0;0;2;0;0;2;1;-21,63044105;-55,58440581;SPRF-MS;DEL05-MS;UOP01-DEL05-MS;;;
689881;04/04/2025;sexta-feira;01:40:00;SC;101;136,3;BALNEARIO CAMBORIU;Rea��o tardia ou ineficiente do condutor;Colis�o com objeto;Com V�timas Feridas;Plena Noite;Crescente;Nublado;Dupla;Reta;Sim;1;0;1;0;0;0;1;1;-27,01007;-48,61515;SPRF-SC;DEL04-SC;UOP03-DEL04-SC;;;
689882;08/05/2025;quinta-feira;17:46:00;SC;101;89;BARRA VELHA;Aus�ncia de rea��o do condutor;Tombamento;Com V�timas Feridas;Plena Noite;Decrescente;Nublado;Dupla;Reta;Sim;1;0;1;0;0;0;1;1;-26,66104062;-48,68842933;SPRF-SC;DEL03-SC;UOP02-DEL03-SC;;;
689884;08/05/2025;quinta-feira;18:10:00;BA;101;26,4;ESPLANADA;Demais falhas mec�nicas ou el�tricas;Sa�da de leito carro��vel;Sem V�timas;Plena Noite;Decrescente;C�u Claro;Dupla;"Curva;Declive";N�o;1;0;0;0;0;1;0;1;-11,69531952;-37,9031202;SPRF-SE;DEL02-SE;UOP03-DEL02-SE;;;
689885;08/05/2025;quinta-feira;17:20:00;PI;316;314;PICOS;Acessar a via sem observar a presen�a dos outros ve�culos;Colis�o frontal;Com V�timas Feridas;Anoitecer;Decrescente;C�u Claro;Dupla;Reta;N�o;2;0;1;0;1;0;1;2;-7,077735;-41,440458;SPRF-PI;DEL04-PI;UOP01-DEL04-PI;;;
689886;08/05/2025;quinta-feira;19:00:00;MG;354;767,1;ITAMONTE;Ingest�o de �lcool pelo condutor;Tombamento;Com V�timas Feridas;Plena Noite;Decrescente;C�u Claro;Simples;"Curva;Declive";N�o;1;0;1;0;0;0;1;1;-22,35135006;-44,80310083;SPRF-MG;DEL17-MG;UOP01-DEL17-MG;;;
689887;08/05/2025;quinta-feira;19:50:00;RS;293;4,8;PELOTAS;Animais na Pista;Atropelamento de Animal;Com V�timas Feridas;Plena Noite;Crescente;Chuva;Dupla;Viaduto;Sim;1;0;1;0;0;0;1;1;-31,72669295;-52,38308994;SPRF-RS;DEL07-RS;UOP01-DEL07-RS;;;
689888;03/05/2025;s�bado;23:20:00;PR;476;58;TUNAS DO PARANA;Ingest�o de �lcool pelo condutor;Colis�o lateral sentido oposto;Sem V�timas;Plena Noite;Crescente;Nublado;Simples;"Aclive;Reta";N�o;4;0;0;0;4;0;0;2;-24,99078415;-49,08668876;SPRF-PR;DEL01-PR;UOP01-DEL01-PR;;;
689889;08/05/2025;quinta-feira;19:00:00;SC;101;134;BALNEARIO CAMBORIU;Rea��o tardia ou ineficiente do condutor;Colis�o traseira;Com V�timas Feridas;Plena Noite;Crescente;C�u Claro;M�ltipla;Reta;N�o;2;0;1;0;1;0;1;2;-27,00343307;-48,63336174;SPRF-SC;DEL04-SC;UOP03-DEL04-SC;;;
689890;08/05/2025;quinta-feira;19:00:00;RJ;493;21;MAGE;Rea��o tardia ou ineficiente do condutor;Colis�o transversal;Com V�timas Feridas;Plena Noite;Decrescente;C�u Claro;Simples;Reta;Sim;3;0;1;0;2;0;1;2;-22,66303123;-43,04270474;SPRF-RJ;DEL04-RJ;UOP02-DEL04-RJ;;;
689893;21/03/2025;sexta-feira;23:50:00;SP;381;72,5;SAO PAULO;Aus�ncia de rea��o do condutor;Colis�o traseira;Com V�timas Feridas;Plena Noite;Decrescente;C�u Claro;Dupla;"Aclive;Reta";N�o;2;0;1;0;1;0;1;2;-23,3725767;-46,5591509;SPRF-SP;DEL03-SP;UOP01-DEL03-SP;;;
689894;08/05/2025;quinta-feira;19:40:00;PA;316;46;SANTA IZABEL DO PARA;Animais na Pista;Atropelamento de Animal;Com V�timas Feridas;Plena Noite;Decrescente;C�u Claro;Dupla;Reta;N�o;1;0;1;0;0;0;1;1;-1,27784;-48,07663;SPRF-PA;DEL01-PA;UOP01-DEL01-PA;;;
689895;08/05/2025;quinta-feira;20:00:00;SC;101;149;ITAPEMA;Rea��o tardia ou ineficiente do condutor;Tombamento;Com V�timas Feridas;Plena Noite;Crescente;C�u Claro;M�ltipla;Reta;Sim;1;0;1;0;0;0;1;1;-27,1049629;-48,6162707;SPRF-SC;DEL04-SC;UOP03-DEL04-SC;;;
689896;08/05/2025;quinta-feira;18:15:00;SC;470;45,1;GASPAR;Transitar no Acostamento;Colis�o lateral sentido oposto;Com V�timas Feridas;Plena Noite;Crescente;C�u Claro;Dupla;"Reta;Em Obras";N�o;3;0;0;2;1;0;2;3;-26,86599354;-49,03230278;SPRF-SC;DEL04-SC;UOP01-DEL04-SC;;;
689897;08/05/2025;quinta-feira;18:30:00;RJ;116;230;PIRAI;Pista Escorregadia;Queda de ocupante de ve�culo;Com V�timas Feridas;Plena Noite;Decrescente;C�u Claro;Dupla;Curva;N�o;1;0;1;0;0;0;1;1;-22,675456;-43,8403072;SPRF-RJ;DEL07-RJ;UOP01-DEL07-RJ;;;
689898;08/05/2025;quinta-feira;21:15:00;BA;116;862;VITORIA DA CONQUISTA;Defici�ncia do Sistema de Ilumina��o/Sinaliza��o;Colis�o traseira;Com V�timas Feridas;Plena Noite;Decrescente;Garoa/Chuvisco;Simples;Reta;N�o;2;0;1;0;1;0;1;2;-15,06993464;-41,00109327;SPRF-BA;DEL08-BA;UOP01-DEL08-BA;;;
689899;08/05/2025;quinta-feira;18:45:00;PR;369;503;CASCAVEL;Acessar a via sem observar a presen�a dos outros ve�culos;Colis�o transversal;Com V�timas Feridas;Plena Noite;Decrescente;C�u Claro;Simples;Reta;Sim;3;0;1;0;2;0;1;2;-24,9254715;-53,394292;SPRF-PR;DEL04-PR;UOP01-DEL04-PR;;;
689903;08/05/2025;quinta-feira;18:50:00;SC;101;333;TUBARAO;Acessar a via sem observar a presen�a dos outros ve�culos;Colis�o transversal;Com V�timas Feridas;Anoitecer;Decrescente;C�u Claro;Simples;Reta;Sim;2;0;1;1;0;0;2;2;-28,468755;-49,011534;SPRF-SC;DEL02-SC;UOP01-DEL02-SC;;;
689904;08/05/2025;quinta-feira;21:40:00;TO;153;333,1;GUARAI;Acessar a via sem observar a presen�a dos outros ve�culos;Colis�o transversal;Com V�timas Feridas;Plena Noite;Crescente;C�u Claro;Simples;Reta;Sim;2;0;1;0;1;0;1;2;-8,82784;-48,512133;SPRF-TO;DEL02-TO;UOP02-DEL02-TO;;;
689905;08/05/2025;quinta-feira;21:50:00;MA;222;673;ACAILANDIA;Condutor desrespeitou a ilumina��o vermelha do sem�foro;Colis�o frontal;Com V�timas Feridas;Plena Noite;Decrescente;C�u Claro;Simples;Interse��o de Vias;Sim;2;0;1;0;0;1;1;2;-4,955272;-47,49056;SPRF-MA;DEL04-MA;UOP03-DEL04-MA;;;
689907;08/05/2025;quinta-feira;21:35:00;MS;376;52;JATEI;Animais na Pista;Atropelamento de Animal;Com V�timas Feridas;Plena Noite;Decrescente;C�u Claro;Simples;Reta;N�o;3;0;1;0;2;0;1;1;-22,46961924;-54,28591339;SPRF-MS;DEL04-MS;UOP01-DEL04-MS;;;
689908;08/05/2025;quinta-feira;20:30:00;RJ;493;1;ITABORAI;Acessar a via sem observar a presen�a dos outros ve�culos;Colis�o transversal;Com V�timas Feridas;Plena Noite;Crescente;C�u Claro;Simples;Reta;Sim;2;0;1;1;0;0;2;2;-22,76710288;-42,92261766;SPRF-RJ;DEL02-RJ;UOP02-DEL02-RJ;;;
689911;08/05/2025;quinta-feira;19:20:00;RJ;40;3;PETROPOLIS;Rea��o tardia ou ineficiente do condutor;Sa�da de leito carro��vel;Com V�timas Feridas;Plena Noite;Crescente;C�u Claro;Dupla;Curva;N�o;1;0;1;0;0;0;1;1;-22,51271752;-43,23123121;SPRF-RJ;DEL05-RJ;UOP02-DEL05-RJ;;;
689912;08/05/2025;quinta-feira;22:10:00;PR;376;2,9;APUCARANA;Acessar a via sem observar a presen�a dos outros ve�culos;Colis�o transversal;Com V�timas Feridas;Plena Noite;Decrescente;C�u Claro;Simples;Reta;Sim;3;0;0;1;1;1;1;3;-23,561379;-51,26045;SPRF-PR;DEL07-PR;UOP03-DEL07-PR;;;
689916;08/05/2025;quinta-feira;22:50:00;SP;116;229;SAO PAULO;Objeto est�tico sobre o leito carro��vel;Capotamento;Com V�timas Feridas;Plena Noite;Crescente;C�u Claro;M�ltipla;"Reta;Em Obras";Sim;4;0;4;0;0;0;4;4;-23,50584195;-46,56867436;SPRF-SP;DEL01-SP;UOP01-DEL01-SP;;;
689917;08/05/2025;quinta-feira;23:20:00;CE;116;4,7;FORTALEZA;Manobra de mudan�a de faixa;Colis�o transversal;Com V�timas Feridas;Plena Noite;Decrescente;C�u Claro;Dupla;Reta;N�o;2;0;1;0;1;0;1;2;-3,7871032;-38,51078924;SPRF-CE;DEL01-CE;UOP02-DEL01-CE;;;
689918;08/05/2025;quinta-feira;21:00:00;ES;262;48;VIANA;Transitar na contram�o;Colis�o lateral sentido oposto;Sem V�timas;Plena Noite;Crescente;C�u Claro;Simples;Reta;N�o;2;0;0;0;1;1;0;2;-20,3827398;-40,4596022;SPRF-ES;DEL01-ES;UOP01-DEL01-ES;;;
689919;08/05/2025;quinta-feira;21:30:00;MT;364;206,3;RONDONOPOLIS;Ingest�o de �lcool pelo condutor;Colis�o com objeto;Com V�timas Feridas;Plena Noite;Crescente;C�u Claro;Dupla;Rotat�ria;Sim;1;0;0;1;0;0;1;1;-16,44882429;-54,66581225;SPRF-MT;DEL02-MT;UOP01-DEL02-MT;;;
689921;08/05/2025;quinta-feira;19:31:00;PA;230;1117;ITAITUBA;Transtornos Mentais (exceto suicidio);Colis�o traseira;Com V�timas Fatais;Plena Noite;Decrescente;C�u Claro;Simples;Reta;N�o;2;1;0;0;1;0;0;2;-4,394621;-55,955258;SPRF-PA;DEL05-PA;UOP02-DEL05-PA;;;
689922;08/05/2025;quinta-feira;23:30:00;PB;230;4;CABEDELO;Ingest�o de �lcool pelo condutor;Colis�o com objeto;Sem V�timas;Plena Noite;Decrescente;C�u Claro;M�ltipla;Reta;Sim;1;0;0;0;1;0;0;1;-7,013352;-34,832539;SPRF-PB;DEL01-PB;UOP01-DEL01-PB;;;
689923;09/05/2025;sexta-feira;00:00:00;MT;70;1;BARRA DO GARCAS;Convers�o proibida;Colis�o traseira;Com V�timas Feridas;Plena Noite;Crescente;C�u Claro;Simples;"Reta;Interse��o de Vias";Sim;5;0;1;0;4;0;1;2;-15,8924569;-52,2606543;SPRF-MT;DEL07-MT;UOP01-DEL07-MT;;;
689924;08/05/2025;quinta-feira;22:50:00;MS;163;364;NOVA ALVORADA DO SUL;Aus�ncia de rea��o do condutor;Colis�o com objeto;Sem V�timas;Plena Noite;Crescente;C�u Claro;Simples;Rotat�ria;Sim;1;0;0;0;1;0;0;1;-21,47196999;-54,38420177;SPRF-MS;DEL02-MS;UOP01-DEL02-MS;;;
689926;09/05/2025;sexta-feira;01:40:00;SP;116;187;SANTA ISABEL;Rea��o tardia ou ineficiente do condutor;Colis�o com objeto;Com V�timas Feridas;Plena Noite;Crescente;Ignorado;Dupla;Curva;N�o;2;0;2;0;0;0;2;1;-23,35644604;-46,20599318;SPRF-SP;DEL01-SP;UOP01-DEL01-SP;;;
689927;09/05/2025;sexta-feira;02:00:00;RS;158;333;SANTA MARIA;Acumulo de �gua sobre o pavimento;Sa�da de leito carro��vel;Sem V�timas;Plena Noite;Crescente;Chuva;Simples;Reta;Sim;1;0;0;0;0;1;0;1;-29,708128;-53,857508;SPRF-RS;DEL09-RS;UOP01-DEL09-RS;;;