id;data_inversa;dia_semana;horario;uf;br;km;municipio;causa_acidente;tipo_acidente;classificacao_acidente;fase_dia;sentido_via;condicao_metereologica;tipo_pista;tracado_via;uso_solo;pessoas;mortos;feridos_leves;feridos_graves;ilesos;ignorados;feridos;veiculos;latitude;longitude;regional;delegacia;uop;;;
689929;09/05/2025;sexta-feira;03:00:00;GO;20;3;FORMOSA;Ingest�o de �lcool pelo condutor;Colis�o transversal;Sem V�timas;Plena Noite;Crescente;C�u Claro;Simples;"Em Obras;Curva;Interse��o de Vias";Sim;2;0;0;0;2;0;0;2;-15,5668883;-47,2466268;SPRF-DF;DEL02-DF;UOP02-DEL02-DF;;;
689930;08/05/2025;quinta-feira;18:00:00;CE;116;12;FORTALEZA;Manobra de mudan�a de faixa;Colis�o lateral mesmo sentido;Com V�timas Feridas;Plena Noite;Crescente;C�u Claro;Dupla;Curva;Sim;3;0;2;0;0;1;2;2;-3,851653;-38,495519;SPRF-CE;DEL01-CE;UOP02-DEL01-CE;;;
689933;19/02/2025;quarta-feira;16:46:00;PA;10;16,5;DOM ELISEU;Acessar a via sem observar a presen�a dos outros ve�culos;Colis�o lateral mesmo sentido;Com V�timas Feridas;Pleno dia;Decrescente;C�u Claro;Simples;Reta;Sim;2;0;0;1;1;0;1;2;-4,310932;-47,55446699;SPRF-PA;DEL02-PA;UOP02-DEL02-PA;;;
689934;09/05/2025;sexta-feira;05:30:00;SC;101;208;SAO JOSE;Demais falhas mec�nicas ou el�tricas;Inc�ndio;Sem V�timas;Amanhecer;Crescente;Nublado;M�ltipla;Aclive;Sim;1;0;0;0;0;1;0;1;-27,60147534;-48,62577796;SPRF-SC;DEL01-SC;UOP01-DEL01-SC;;;
689935;09/05/2025;sexta-feira;06:00:00;RS;285;416,4;PANAMBI;Condutor Dormindo;Colis�o frontal;Com V�timas Fatais;Amanhecer;Crescente;Chuva;Simples;"Reta;Declive";N�o;3;1;0;2;0;0;2;2;-28,351125;-53,496719;SPRF-RS;DEL10-RS;UOP01-DEL10-RS;;;
689936;09/05/2025;sexta-feira;05:40:00;SP;116;215;GUARULHOS;Rea��o tardia ou ineficiente do condutor;Colis�o lateral mesmo sentido;Com V�timas Feridas;Amanhecer;Crescente;C�u Claro;M�ltipla;"Reta;Em Obras";Sim;2;0;1;0;1;0;1;2;-23,44981784;-46,46062642;SPRF-SP;DEL01-SP;UOP01-DEL01-SP;;;
689937;09/05/2025;sexta-feira;05:30:00;SE;235;59,9;ITABAIANA;Aus�ncia de rea��o do condutor;Colis�o traseira;Com V�timas Feridas;Pleno dia;Decrescente;C�u Claro;Simples;Curva;N�o;2;0;1;0;1;0;1;2;-10,607742;-37,47776;SPRF-SE;DEL01-SE;UOP02-DEL01-SE;;;
689938;09/05/2025;sexta-feira;05:40:00;MG;381;438;SABARA;Acessar a via sem observar a presen�a dos outros ve�culos;Colis�o transversal;Com V�timas Fatais;Amanhecer;Crescente;Nublado;Simples;"Reta;Aclive";N�o;2;1;0;0;1;0;0;2;-19,803193;-43,76194;SPRF-MG;DEL01-MG;UOP01-DEL01-MG;;;
689939;09/05/2025;sexta-feira;02:50:00;SP;116;227;SAO PAULO;Aus�ncia de rea��o do condutor;Colis�o com objeto;Sem V�timas;Plena Noite;Crescente;C�u Claro;M�ltipla;"Reta;Em Obras";Sim;1;0;0;0;0;1;0;1;-23,50209751;-46,56501126;SPRF-SP;DEL01-SP;UOP01-DEL01-SP;;;
689940;09/05/2025;sexta-feira;07:00:00;ES;101;295,6;CARIACICA;Desrespeitar a prefer�ncia no cruzamento;Colis�o frontal;Com V�timas Feridas;Pleno dia;Crescente;C�u Claro;M�ltipla;Interse��o de Vias;Sim;2;0;1;0;1;0;1;2;-20,330171;-40,3987397;SPRF-ES;DEL01-ES;UOP01-DEL01-ES;;;
689941;09/05/2025;sexta-feira;07:11:00;RS;116;525,8;PELOTAS;Acessar a via sem observar a presen�a dos outros ve�culos;Colis�o transversal;Com V�timas Feridas;Pleno dia;Crescente;Nublado;Simples;"Interse��o de Vias;Viaduto;Rotat�ria";Sim;2;0;1;0;1;0;1;2;-31,742255;-52,399263;SPRF-RS;DEL07-RS;UOP01-DEL07-RS;;;
689942;09/05/2025;sexta-feira;04:00:00;MG;381;478;CONTAGEM;Aus�ncia de rea��o do condutor;Colis�o com objeto;Com V�timas Feridas;Amanhecer;Decrescente;C�u Claro;Dupla;Reta;Sim;1;0;1;0;0;0;1;1;-19,9630494;-44,0404357;SPRF-MG;DEL01-MG;UOP03-DEL01-MG;;;
689943;09/05/2025;sexta-feira;06:30:00;GO;40;1,3;VALPARAISO DE GOIAS;Entrada inopinada do pedestre;Atropelamento de Pedestre;Com V�timas Feridas;Pleno dia;Decrescente;C�u Claro;Dupla;Reta;Sim;2;0;0;1;1;0;1;2;-16,0625314;-47,9832561;SPRF-DF;DEL01-DF;UOP01-DEL01-DF;;;
689944;09/05/2025;sexta-feira;06:27:00;MS;163;264;DOURADOS;Acessar a via sem observar a presen�a dos outros ve�culos;Colis�o lateral mesmo sentido;Com V�timas Feridas;Pleno dia;Crescente;C�u Claro;Dupla;Rotat�ria;Sim;2;0;0;1;1;0;1;2;-22,22256838;-54,72959518;SPRF-MS;DEL04-MS;UOP01-DEL04-MS;;;
689945;09/05/2025;sexta-feira;05:50:00;SC;470;245,5;CURITIBANOS;Pedestre andava na pista;Atropelamento de Pedestre;Com V�timas Feridas;Amanhecer;Decrescente;Nevoeiro/Neblina;Simples;Reta;Sim;2;0;1;0;1;0;1;2;-27,31313917;-50,55713701;SPRF-SC;DEL05-SC;UOP03-DEL05-SC;;;
689947;09/05/2025;sexta-feira;07:05:00;PE;423;91,1;GARANHUNS;Condutor deixou de manter dist�ncia do ve�culo da frente;Tombamento;Com V�timas Feridas;Pleno dia;Decrescente;C�u Claro;Simples;"Reta;Declive";Sim;1;0;0;1;0;0;1;1;-8,855713;-36,463513;SPRF-PE;DEL03-PE;UOP01-DEL03-PE;;;
689948;09/05/2025;sexta-feira;07:35:00;SC;282;18,9;PALHOCA;Transitar na contram�o;Colis�o lateral sentido oposto;Com V�timas Feridas;Pleno dia;Crescente;C�u Claro;Simples;"Viaduto;Reta";Sim;2;0;1;0;1;0;1;2;-27,678258;-48,701645;SPRF-SC;DEL01-SC;UOP02-DEL01-SC;;;
689950;09/05/2025;sexta-feira;07:50:00;MG;40;714,7;BARBACENA;Condutor deixou de manter dist�ncia do ve�culo da frente;Colis�o traseira;Com V�timas Feridas;Pleno dia;Crescente;C�u Claro;Dupla;Reta;N�o;2;0;1;0;1;0;1;2;-21,25045649;-43,67015988;SPRF-MG;DEL05-MG;UOP01-DEL05-MG;;;
689951;09/05/2025;sexta-feira;06:30:00;SP;116;212;GUARULHOS;Trafegar com motocicleta (ou similar) entre as faixas;Colis�o lateral mesmo sentido;Com V�timas Feridas;Pleno dia;Crescente;C�u Claro;M�ltipla;Reta;Sim;3;0;2;0;1;0;2;2;-23,43718084;-46,43104564;SPRF-SP;DEL01-SP;UOP01-DEL01-SP;;;
689952;09/05/2025;sexta-feira;07:00:00;MG;381;485;BETIM;Condutor deixou de manter dist�ncia do ve�culo da frente;Colis�o traseira;Com V�timas Feridas;Pleno dia;Decrescente;C�u Claro;Dupla;Reta;Sim;2;0;0;1;1;0;1;2;-19,95785975;-44,10186768;SPRF-MG;DEL01-MG;UOP03-DEL01-MG;;;
689953;09/05/2025;sexta-feira;07:24:00;DF;60;5;BRASILIA;Acessar a via sem observar a presen�a dos outros ve�culos;Colis�o traseira;Com V�timas Feridas;Pleno dia;Decrescente;C�u Claro;Dupla;"Retorno Regulamentado;Reta";Sim;2;0;1;0;1;0;1;2;-15,896209;-48,105727;SPRF-DF;DEL03-DF;UOP01-DEL03-DF;;;
689954;09/05/2025;sexta-feira;07:30:00;ES;101;290,7;CARIACICA;Manobra de mudan�a de faixa;Colis�o lateral mesmo sentido;Com V�timas Feridas;Pleno dia;Crescente;C�u Claro;Dupla;Reta;Sim;3;0;1;1;1;0;2;2;-20,29578;-40,393613;SPRF-ES;DEL01-ES;UOP01-DEL01-ES;;;
689956;09/05/2025;sexta-feira;08:00:00;SP;101;50;UBATUBA;Acessar a via sem observar a presen�a dos outros ve�culos;Colis�o transversal;Com V�timas Feridas;Pleno dia;Crescente;C�u Claro;Simples;Reta;Sim;2;0;1;0;1;0;1;2;-23,44938553;-45,07828329;SPRF-SP;DEL06-SP;UOP01-DEL06-SP;;;
689959;09/05/2025;sexta-feira;06:40:00;RS;116;413,9;CRISTAL;Acumulo de �gua sobre o pavimento;Sa�da de leito carro��vel;Com V�timas Feridas;Amanhecer;Decrescente;Chuva;Dupla;Reta;N�o;2;0;0;1;1;0;1;1;-30,937654;-51,929929;SPRF-RS;DEL02-RS;UOP02-DEL02-RS;;;
689961;09/05/2025;sexta-feira;07:40:00;SP;116;116,2;TAUBATE;Rea��o tardia ou ineficiente do condutor;Colis�o traseira;Com V�timas Feridas;Pleno dia;Crescente;C�u Claro;Dupla;Reta;Sim;2;0;1;0;1;0;1;2;-23,05270964;-45,60454309;SPRF-SP;DEL02-SP;UOP02-DEL02-SP;;;
689962;09/05/2025;sexta-feira;06:40:00;MG;262;41,8;MANHUACU;Rea��o tardia ou ineficiente do condutor;Colis�o frontal;Com V�timas Feridas;Pleno dia;Decrescente;C�u Claro;Simples;Reta;N�o;3;0;2;0;1;0;2;2;-20,269991;-42,068636;SPRF-MG;DEL06-MG;UOP03-DEL06-MG;;;
689965;09/05/2025;sexta-feira;08:10:00;BA;324;614;SALVADOR;Trafegar com motocicleta (ou similar) entre as faixas;Colis�o traseira;Sem V�timas;Pleno dia;Crescente;C�u Claro;M�ltipla;Reta;Sim;3;0;0;0;3;0;0;2;-12,87689099;-38,42967153;SPRF-BA;DEL01-BA;UOP01-DEL01-BA;;;
689966;09/05/2025;sexta-feira;07:55:00;RS;116;252,8;SAPUCAIA DO SUL;Condutor deixou de manter dist�ncia do ve�culo da frente;Colis�o traseira;Com V�timas Feridas;Pleno dia;Crescente;Chuva;M�ltipla;"Reta;Viaduto;Declive";Sim;6;0;2;0;4;0;2;3;-29,820376;-51,170973;SPRF-RS;DEL01-RS;UOP02-DEL01-RS;;;
689967;09/05/2025;sexta-feira;08:00:00;PR;476;197;CONTENDA;Rea��o tardia ou ineficiente do condutor;Colis�o transversal;Com V�timas Feridas;Pleno dia;Crescente;Sol;Simples;Interse��o de Vias;N�o;2;0;1;0;1;0;1;2;-25,77530068;-49,55824792;SPRF-PR;DEL01-PR;UOP06-DEL01-PR;;;
689968;09/05/2025;sexta-feira;07:00:00;RJ;40;118;DUQUE DE CAXIAS;Manobra de mudan�a de faixa;Colis�o lateral mesmo sentido;Com V�timas Feridas;Pleno dia;Decrescente;C�u Claro;M�ltipla;Reta;Sim;2;0;1;0;1;0;1;2;-22,757247;-43,2872;SPRF-RJ;DEL01-RJ;UOP02-DEL01-RJ;;;
689969;09/05/2025;sexta-feira;06:30:00;RS;392;148,5;CANGUCU;Acessar a via sem observar a presen�a dos outros ve�culos;Colis�o transversal;Com V�timas Feridas;Amanhecer;Decrescente;Chuva;Simples;"Interse��o de Vias;Reta";N�o;2;0;1;0;1;0;1;2;-31,18262;-52,83939;SPRF-RS;DEL07-RS;UOP01-DEL07-RS;;;
689971;09/05/2025;sexta-feira;09:00:00;PR;476;146;CURITIBA;Acessar a via sem observar a presen�a dos outros ve�culos;Colis�o transversal;Com V�timas Feridas;Pleno dia;Decrescente;C�u Claro;Dupla;Reta;Sim;2;0;1;0;1;0;1;2;-25,54883663;-49,32389108;SPRF-PR;DEL01-PR;UOP06-DEL01-PR;;;
689972;09/05/2025;sexta-feira;08:35:00;RS;386;351,2;ESTRELA;Acumulo de �gua sobre o pavimento;Sa�da de leito carro��vel;Com V�timas Feridas;Pleno dia;Decrescente;Chuva;Dupla;Curva;Sim;1;0;1;0;0;0;1;1;-29,49934896;-51,94996655;SPRF-RS;DEL04-RS;UOP01-DEL04-RS;;;
689973;09/05/2025;sexta-feira;07:40:00;RS;285;571,2;SAO LUIZ GONZAGA;Desrespeitar a prefer�ncia no cruzamento;Colis�o transversal;Com V�timas Feridas;Amanhecer;Crescente;Chuva;Simples;Interse��o de Vias;N�o;4;0;3;0;1;0;3;2;-28,41354232;-54,98868072;SPRF-RS;DEL12-RS;UOP01-DEL12-RS;;;
689974;09/05/2025;sexta-feira;06:15:00;GO;50;147,6;CAMPO ALEGRE DE GOIAS;Velocidade Incompat�vel;Tombamento;Com V�timas Feridas;Amanhecer;Crescente;C�u Claro;Dupla;Reta;N�o;1;0;1;0;0;0;1;1;-17,158222;-47,722595;SPRF-GO;DEL06-GO;UOP01-DEL06-GO;;;
689977;09/05/2025;sexta-feira;09:50:00;SC;101;204;SAO JOSE;Aus�ncia de rea��o do condutor;Colis�o traseira;Com V�timas Feridas;Pleno dia;Decrescente;C�u Claro;M�ltipla;Reta;N�o;2;0;1;0;1;0;1;2;-27,56756757;-48,61902691;SPRF-SC;DEL01-SC;UOP01-DEL01-SC;;;
689978;09/05/2025;sexta-feira;08:21:00;ES;101;268,5;SERRA;Acessar a via sem observar a presen�a dos outros ve�culos;Atropelamento de Pedestre;Sem V�timas;Pleno dia;Crescente;Sol;M�ltipla;Reta;Sim;2;0;0;0;1;1;0;2;-20,21232;-40,2698417;SPRF-ES;DEL02-ES;UOP01-DEL02-ES;;;
689980;09/05/2025;sexta-feira;08:30:00;RO;364;707;PORTO VELHO;Avarias e/ou desgaste excessivo no pneu;Tombamento;Com V�timas Feridas;Pleno dia;Crescente;C�u Claro;Dupla;Reta;Sim;2;0;1;1;0;0;2;1;-8,797871;-63,83714;SPRF-RO;DEL01-RO;UOP01-DEL01-RO;;;
689982;09/05/2025;sexta-feira;08:30:00;RS;386;416;MONTENEGRO;Acumulo de �gua sobre o pavimento;Colis�o com objeto;Sem V�timas;Pleno dia;Decrescente;Chuva;Dupla;Reta;Sim;2;0;0;0;2;0;0;1;-29,81799787;-51,45654738;SPRF-RS;DEL04-RS;UOP02-DEL04-RS;;;
689984;09/05/2025;sexta-feira;08:30:00;RS;116;244;SAO LEOPOLDO;Manobra de mudan�a de faixa;Colis�o lateral mesmo sentido;Com V�timas Feridas;Pleno dia;Decrescente;Chuva;M�ltipla;Reta;Sim;2;0;1;0;1;0;1;2;-29,74169152;-51,15047542;SPRF-RS;DEL01-RS;UOP02-DEL01-RS;;;
689987;09/05/2025;sexta-feira;09:00:00;RS;287;402;SANTIAGO;Manobra de mudan�a de faixa;Colis�o lateral mesmo sentido;Com V�timas Feridas;Pleno dia;Crescente;Chuva;Simples;"Reta;Aclive";Sim;2;0;2;0;0;0;2;2;-29,15495174;-54,88355837;SPRF-RS;DEL12-RS;UOP02-DEL12-RS;;;
689988;09/05/2025;sexta-feira;07:30:00;MG;262;88;ABRE CAMPO;Aus�ncia de rea��o do condutor;Sa�da de leito carro��vel;Com V�timas Feridas;Pleno dia;Crescente;C�u Claro;Simples;Reta;N�o;2;0;1;0;1;0;1;1;-20,33284859;-42,46121407;SPRF-MG;DEL03-MG;UOP03-DEL03-MG;;;
689989;09/05/2025;sexta-feira;09:30:00;RO;364;238,5;CACOAL;Acessar a via sem observar a presen�a dos outros ve�culos;Colis�o transversal;Com V�timas Feridas;Pleno dia;Crescente;C�u Claro;Simples;Reta;Sim;2;0;0;1;1;0;1;2;-11,436225;-61,45931;SPRF-RO;DEL02-RO;UOP02-DEL02-RO;;;
689991;05/05/2025;segunda-feira;11:30:00;SP;101;52;UBATUBA;Aus�ncia de rea��o do condutor;Atropelamento de Pedestre;Com V�timas Feridas;Pleno dia;Crescente;C�u Claro;Simples;Rotat�ria;Sim;2;0;1;0;0;1;1;2;-23,46302443;-45,06458256;SPRF-SP;DEL06-SP;UOP01-DEL06-SP;;;
689993;28/04/2025;segunda-feira;20:43:00;MS;463;82;PONTA PORA;Animais na Pista;Atropelamento de Animal;Com V�timas Feridas;Plena Noite;Decrescente;C�u Claro;Simples;Reta;N�o;1;0;0;1;0;0;1;1;-22,54575;-55,478508;SPRF-MS;DEL04-MS;UOP03-DEL04-MS;;;
689995;09/05/2025;sexta-feira;09:11:00;GO;40;112,9;CRISTALINA;Rea��o tardia ou ineficiente do condutor;Capotamento;Sem V�timas;Pleno dia;Crescente;C�u Claro;Dupla;Curva;N�o;2;0;0;0;2;0;0;1;-16,713527;-47,66966;SPRF-DF;DEL01-DF;UOP02-DEL01-DF;;;
689996;09/05/2025;sexta-feira;10:20:00;ES;101;67,7;SAO MATEUS;Transitar na contram�o;Colis�o lateral sentido oposto;Com V�timas Feridas;Pleno dia;Decrescente;Sol;Dupla;Curva;Sim;3;0;1;0;1;1;1;3;-18,7252991;-39,8451731;SPRF-ES;DEL04-ES;UOP02-DEL04-ES;;;
689997;09/05/2025;sexta-feira;11:00:00;RJ;116;194;QUEIMADOS;Entrada inopinada do pedestre;Atropelamento de Pedestre;Com V�timas Feridas;Pleno dia;Crescente;C�u Claro;Dupla;Reta;N�o;2;0;2;0;0;0;2;2;-22,74037677;-43,53460193;SPRF-RJ;DEL06-RJ;UOP01-DEL06-RJ;;;
689998;09/05/2025;sexta-feira;09:15:00;SP;116;345;MIRACATU;Condutor usando celular;Colis�o com objeto;Com V�timas Fatais;Pleno dia;Crescente;Sol;Dupla;Reta;Sim;4;2;0;0;1;1;0;2;-24,2675408;-47,3932369;SPRF-SP;DEL04-SP;UOP03-DEL04-SP;;;
690000;09/05/2025;sexta-feira;10:00:00;RS;158;383,1;DILERMANDO DE AGUIAR;Chuva;Sa�da de leito carro��vel;Com V�timas Feridas;Pleno dia;Decrescente;Chuva;Simples;Curva;N�o;2;0;2;0;0;0;2;1;-29,888758;-54,283873;SPRF-RS;DEL09-RS;UOP01-DEL09-RS;;;
690002;09/05/2025;sexta-feira;11:10:00;RS;448;22;PORTO ALEGRE;Velocidade Incompat�vel;Colis�o com objeto;Com V�timas Feridas;Pleno dia;Decrescente;Chuva;Dupla;"Curva;Aclive";Sim;2;0;1;0;1;0;1;1;-29,97454138;-51,19773595;SPRF-RS;DEL01-RS;UOP01-DEL01-RS;;;
690003;09/05/2025;sexta-feira;11:20:00;MG;365;624;UBERLANDIA;Acessar a via sem observar a presen�a dos outros ve�culos;Colis�o traseira;Com V�timas Feridas;Pleno dia;Decrescente;C�u Claro;Dupla;Interse��o de Vias;N�o;2;0;0;1;1;0;1;2;-18,89470953;-48,27152101;SPRF-MG;DEL15-MG;UOP01-DEL15-MG;;;
690004;09/05/2025;sexta-feira;11:25:00;ES;0;0;VITORIA;Rea��o tardia ou ineficiente do condutor;Colis�o transversal;Sem V�timas;Pleno dia;N�o Informado;C�u Claro;Simples;Interse��o de Vias;Sim;2;0;0;0;2;0;0;2;-20,30985721;-40,31447053;SPRF-ES;N/A;N/A;;;
690005;09/05/2025;sexta-feira;10:40:00;PI;343;340;TERESINA;Acessar a via sem observar a presen�a dos outros ve�culos;Colis�o transversal;Com V�timas Feridas;Pleno dia;Crescente;C�u Claro;Dupla;Curva;N�o;4;0;3;0;1;0;3;2;-5,0759721;-42,737711;SPRF-PI;DEL01-PI;UOP01-DEL01-PI;;;
690006;09/05/2025;sexta-feira;11:50:00;RS;116;151,4;CAXIAS DO SUL;Aus�ncia de rea��o do condutor;Colis�o lateral mesmo sentido;Com V�timas Feridas;Pleno dia;Crescente;Chuva;Dupla;Curva;Sim;2;0;1;0;1;0;1;2;-29,18078;-51,165398;SPRF-RS;DEL05-RS;UOP01-DEL05-RS;;;
690007;09/05/2025;sexta-feira;10:05:00;DF;80;27;BRASILIA;Acumulo de areia ou detritos sobre o pavimento;Colis�o frontal;Com V�timas Feridas;Pleno dia;Crescente;C�u Claro;M�ltipla;"Curva;Aclive";N�o;3;0;0;3;0;0;3;2;-15,7952618;-48,1990856;SPRF-DF;DEL03-DF;UOP02-DEL03-DF;;;
690008;09/05/2025;sexta-feira;11:32:00;PA;230;110;MARABA;Acessar a via sem observar a presen�a dos outros ve�culos;Colis�o transversal;Com V�timas Feridas;Pleno dia;Decrescente;C�u Claro;Simples;Reta;Sim;2;0;1;0;1;0;1;2;-5,3725009;-49,03673744;SPRF-PA;DEL03-PA;UOP01-DEL03-PA;;;
690009;09/05/2025;sexta-feira;12:00:00;PE;101;77,5;RECIFE;Convers�o proibida;Colis�o transversal;Com V�timas Feridas;Pleno dia;Crescente;Sol;Dupla;Interse��o de Vias;Sim;3;0;1;1;1;0;2;2;-8,131252;-34,945082;SPRF-PE;DEL01-PE;UOP01-DEL01-PE;;;
690010;09/05/2025;sexta-feira;12:00:00;RJ;101;263;RIO BONITO;Condutor deixou de manter dist�ncia do ve�culo da frente;Colis�o traseira;Com V�timas Feridas;Pleno dia;Decrescente;Sol;Dupla;Reta;Sim;2;0;1;0;1;0;1;2;-22,71919028;-42,62987137;SPRF-RJ;DEL02-RJ;UOP03-DEL02-RJ;;;
690011;09/05/2025;sexta-feira;11:30:00;PE;232;8,4;RECIFE;Manobra de mudan�a de faixa;Colis�o lateral mesmo sentido;Com V�timas Feridas;Pleno dia;Crescente;C�u Claro;Dupla;Reta;Sim;2;0;2;0;0;0;2;2;-8,07643;-34,97219;SPRF-PE;DEL01-PE;UOP01-DEL01-PE;;;
690012;09/05/2025;sexta-feira;10:30:00;MS;163;271;DOURADOS;Desrespeitar a prefer�ncia no cruzamento;Colis�o transversal;Com V�timas Feridas;Pleno dia;Decrescente;C�u Claro;Dupla;Rotat�ria;N�o;4;0;0;1;3;0;1;2;-22,19171695;-54,68858635;SPRF-MS;DEL04-MS;UOP01-DEL04-MS;;;
690014;09/05/2025;sexta-feira;12:10:00;PR;376;4,5;MANDAGUARI;Acessar a via sem observar a presen�a dos outros ve�culos;Colis�o lateral mesmo sentido;Com V�timas Feridas;Pleno dia;Decrescente;C�u Claro;Simples;Reta;N�o;4;0;4;0;0;0;4;2;-23,51773857;-51,68148994;SPRF-PR;DEL09-PR;UOP01-DEL09-PR;;;
690015;09/05/2025;sexta-feira;08:45:00;SC;101;40;JOINVILLE;Aus�ncia de rea��o do condutor;Queda de ocupante de ve�culo;Com V�timas Feridas;Pleno dia;Crescente;C�u Claro;Dupla;"Interse��o de Vias;Rotat�ria";N�o;1;0;1;0;0;0;1;1;-26,198016;-48,8964096;SPRF-SC;DEL03-SC;UOP01-DEL03-SC;;;
690017;09/05/2025;sexta-feira;13:15:00;PR;116;153;MANDIRITUBA;Aus�ncia de rea��o do condutor;Colis�o com objeto;Com V�timas Feridas;Pleno dia;Decrescente;C�u Claro;Simples;Curva;Sim;1;0;1;0;0;0;1;1;-25,86542598;-49,36336247;SPRF-PR;DEL01-PR;UOP03-DEL01-PR;;;
690020;09/05/2025;sexta-feira;10:20:00;RJ;40;115;DUQUE DE CAXIAS;Rea��o tardia ou ineficiente do condutor;Tombamento;Com V�timas Feridas;Pleno dia;Crescente;C�u Claro;Dupla;Reta;Sim;2;0;2;0;0;0;2;1;-22,73480009;-43,28880174;SPRF-RJ;DEL01-RJ;UOP02-DEL01-RJ;;;
690021;09/05/2025;sexta-feira;10:20:00;PI;316;9,5;TERESINA;Manobra de mudan�a de faixa;Colis�o lateral mesmo sentido;Com V�timas Feridas;Pleno dia;Decrescente;Sol;M�ltipla;Reta;Sim;2;0;1;0;1;0;1;2;-5,2678671;-42,727538;SPRF-PI;DEL01-PI;UOP02-DEL01-PI;;;
690022;09/05/2025;sexta-feira;12:45:00;MG;40;524,6;CONTAGEM;Condutor deixou de manter dist�ncia do ve�culo da frente;Colis�o traseira;Com V�timas Feridas;Pleno dia;Crescente;C�u Claro;Dupla;Reta;Sim;3;0;0;2;1;0;2;2;-19,8689865;-44,0598844;SPRF-MG;DEL01-MG;UOP02-DEL01-MG;;;
690023;09/05/2025;sexta-feira;09:45:00;BA;101;920;NOVA VICOSA;Acesso irregular;Atropelamento de Pedestre;Com V�timas Feridas;Pleno dia;Decrescente;C�u Claro;Simples;"Interse��o de Vias;Rotat�ria";Sim;2;0;1;0;1;0;1;2;-17,892088;-39,817543;SPRF-BA;DEL09-BA;UOP02-DEL09-BA;;;
690025;09/05/2025;sexta-feira;11:50:00;PR;277;730;FOZ DO IGUACU;Trafegar com motocicleta (ou similar) entre as faixas;Colis�o frontal;Com V�timas Feridas;Pleno dia;Crescente;C�u Claro;Simples;Ponte;N�o;2;0;0;1;1;0;1;2;-25,50948002;-54,59993217;SPRF-PR;DEL05-PR;UOP03-DEL05-PR;;;
690026;09/05/2025;sexta-feira;13:30:00;GO;70;1;AGUAS LINDAS DE GOIAS;Rea��o tardia ou ineficiente do condutor;Sa�da de leito carro��vel;Com V�timas Feridas;Pleno dia;Decrescente;C�u Claro;Dupla;"Reta;Aclive";N�o;1;0;1;0;0;0;1;1;-15,7749868;-48,2322121;SPRF-DF;DEL03-DF;UOP02-DEL03-DF;;;
690027;09/05/2025;sexta-feira;12:00:00;MG;50;77,8;UBERLANDIA;Aus�ncia de rea��o do condutor;Tombamento;Com V�timas Feridas;Pleno dia;Crescente;C�u Claro;Dupla;"Reta;Declive";N�o;2;0;2;0;0;0;2;1;-18,942886;-48,218607;SPRF-MG;DEL15-MG;UOP01-DEL15-MG;;;
690030;09/05/2025;sexta-feira;13:22:00;SC;101;195,5;BIGUACU;Manobra de mudan�a de faixa;Colis�o lateral mesmo sentido;Com V�timas Feridas;Pleno dia;Decrescente;Sol;Dupla;"Interse��o de Vias;Reta";Sim;3;0;0;1;1;1;1;2;-27,506906;-48,647961;SPRF-SC;DEL01-SC;UOP01-DEL01-SC;;;
690032;09/05/2025;sexta-feira;13:50:00;ES;101;264;SERRA;Condutor deixou de manter dist�ncia do ve�culo da frente;Colis�o traseira;Com V�timas Feridas;Plena Noite;Decrescente;C�u Claro;Dupla;Reta;Sim;2;0;1;0;1;0;1;2;-20,1772261;-40,265721;SPRF-ES;DEL02-ES;UOP01-DEL02-ES;;;
690033;09/05/2025;sexta-feira;14:02:00;RN;101;163;CANGUARETAMA;Acessar a via sem observar a presen�a dos outros ve�culos;Colis�o transversal;Com V�timas Fatais;Pleno dia;Crescente;C�u Claro;Dupla;Rotat�ria;N�o;2;1;0;0;1;0;0;2;-6,395308;-35,139188;SPRF-RN;DEL01-RN;UOP01-DEL01-RN;;;
690035;09/05/2025;sexta-feira;13:40:00;RJ;116;188;NOVA IGUACU;Aus�ncia de rea��o do condutor;Colis�o traseira;Com V�timas Feridas;Pleno dia;Crescente;C�u Claro;Dupla;Reta;Sim;2;0;0;1;1;0;1;2;-22,73751172;-43,48885266;SPRF-RJ;DEL06-RJ;UOP01-DEL06-RJ;;;
690036;09/05/2025;sexta-feira;13:00:00;MT;364;925;CAMPO NOVO DO PARECIS;Aus�ncia de rea��o do condutor;Sa�da de leito carro��vel;Com V�timas Feridas;Pleno dia;Crescente;Sol;Simples;Reta;N�o;1;0;1;0;0;0;1;1;-13,6757;-57,8872;SPRF-MT;DEL01-MT;UOP01-DEL01-MT;;;
690038;09/05/2025;sexta-feira;08:00:00;RO;364;21,5;VILHENA;Demais falhas mec�nicas ou el�tricas;Sa�da de leito carro��vel;Com V�timas Feridas;Pleno dia;Decrescente;Sol;Simples;Reta;N�o;3;0;3;0;0;0;3;1;-12,730368;-60,1161728;SPRF-RO;DEL04-RO;UOP01-DEL04-RO;;;
690039;09/05/2025;sexta-feira;14:50:00;SP;116;146;SAO JOSE DOS CAMPOS;Aus�ncia de rea��o do condutor;Colis�o traseira;Com V�timas Feridas;Pleno dia;Decrescente;C�u Claro;Simples;"Aclive;Reta";N�o;2;0;0;1;1;0;1;2;-23,18901299;-45,85888473;SPRF-SP;DEL02-SP;UOP01-DEL02-SP;;;