id;data_inversa;dia_semana;horario;uf;br;km;municipio;causa_acidente;tipo_acidente;classificacao_acidente;fase_dia;sentido_via;condicao_metereologica;tipo_pista;tracado_via;uso_solo;pessoas;mortos;feridos_leves;feridos_graves;ilesos;ignorados;feridos;veiculos;latitude;longitude;regional;delegacia;uop;;;
690040;09/05/2025;sexta-feira;14:30:00;GO;40;5,1;VALPARAISO DE GOIAS;Rea��o tardia ou ineficiente do condutor;Colis�o traseira;Com V�timas Feridas;Pleno dia;Crescente;C�u Claro;Dupla;Reta;Sim;3;0;2;0;1;0;2;2;-16,093357;-47,982133;SPRF-DF;DEL01-DF;UOP01-DEL01-DF;;;
690045;09/05/2025;sexta-feira;14:47:00;CE;116;1;FORTALEZA;Rea��o tardia ou ineficiente do condutor;Colis�o traseira;Com V�timas Feridas;Pleno dia;Crescente;C�u Claro;M�ltipla;"Aclive;Viaduto";Sim;3;0;2;0;1;0;2;2;-3,76104091;-38,51915228;SPRF-CE;DEL01-CE;UOP02-DEL01-CE;;;
690046;09/05/2025;sexta-feira;14:20:00;PE;232;192;SANHARO;Avarias e/ou desgaste excessivo no pneu;Capotamento;Com V�timas Feridas;Pleno dia;Decrescente;C�u Claro;Simples;Ponte;N�o;4;0;1;1;2;0;2;1;-8,357457;-36,530682;SPRF-PE;DEL03-PE;UOP02-DEL03-PE;;;
690047;11/04/2025;sexta-feira;10:00:00;AC;364;129;RIO BRANCO;Demais falhas mec�nicas ou el�tricas;Colis�o frontal;Com V�timas Feridas;Pleno dia;Decrescente;Sol;Simples;Reta;N�o;9;0;1;0;8;0;1;2;-10,02879307;-67,8258884;SPRF-AC;DEL01-AC;UOP01-DEL01-AC;;;
690048;09/05/2025;sexta-feira;15:10:00;PR;153;24;JACAREZINHO;Desrespeitar a prefer�ncia no cruzamento;Colis�o transversal;Com V�timas Feridas;Pleno dia;Crescente;C�u Claro;Simples;Interse��o de Vias;Sim;2;0;0;1;0;1;1;2;-23,18919051;-49,98580663;SPRF-PR;DEL07-PR;UOP04-DEL07-PR;;;
690049;09/05/2025;sexta-feira;16:20:00;ES;101;303,4;VIANA;Entrada inopinada do pedestre;Atropelamento de Pedestre;Com V�timas Fatais;Pleno dia;Decrescente;C�u Claro;Dupla;Reta;Sim;3;2;0;0;0;1;0;2;-20,37810151;-40,44887066;SPRF-ES;DEL01-ES;UOP01-DEL01-ES;;;
690050;09/05/2025;sexta-feira;15:10:00;SP;116;37,7;CACHOEIRA PAULISTA;Aus�ncia de rea��o do condutor;Colis�o com objeto;Com V�timas Feridas;Pleno dia;Decrescente;Sol;Dupla;Curva;N�o;1;0;1;0;0;0;1;1;-22,6690307;-44,9957741;SPRF-SP;DEL08-SP;UOP02-DEL08-SP;;;
690051;09/05/2025;sexta-feira;16:10:00;SP;381;69,7;MAIRIPORA;Aus�ncia de rea��o do condutor;Queda de ocupante de ve�culo;Com V�timas Feridas;Pleno dia;Decrescente;C�u Claro;Dupla;Curva;N�o;1;0;1;0;0;0;1;1;-23,3496723;-46,56041332;SPRF-SP;DEL03-SP;UOP01-DEL03-SP;;;
690052;09/05/2025;sexta-feira;15:50:00;PR;369;182;ARAPONGAS;Aus�ncia de rea��o do condutor;Colis�o lateral mesmo sentido;Com V�timas Feridas;Pleno dia;Crescente;C�u Claro;Simples;Reta;Sim;3;0;1;0;2;0;1;3;-23,386818;-51,4200984;SPRF-PR;DEL07-PR;UOP03-DEL07-PR;;;
690053;06/04/2025;domingo;22:30:00;SC;282;344;CAMPOS NOVOS;Ingest�o de �lcool pelo condutor;Colis�o traseira;Sem V�timas;Plena Noite;Decrescente;C�u Claro;Simples;Reta;N�o;2;0;0;0;2;0;0;2;-27,380362;-51,241053;SPRF-SC;DEL07-SC;UOP06-DEL07-SC;;;
690055;09/05/2025;sexta-feira;08:00:00;RJ;101;482;ANGRA DOS REIS;Acessar a via sem observar a presen�a dos outros ve�culos;Colis�o transversal;Com V�timas Feridas;Pleno dia;Decrescente;C�u Claro;Dupla;Retorno Regulamentado;Sim;2;0;1;0;1;0;1;2;-23,0046175;-44,2980317;SPRF-RJ;DEL03-RJ;UOP03-DEL03-RJ;;;
690056;09/05/2025;sexta-feira;15:40:00;PB;230;13;CABEDELO;Pedestre andava na pista;Atropelamento de Pedestre;Com V�timas Feridas;Pleno dia;Crescente;C�u Claro;Dupla;Reta;Sim;2;0;0;1;1;0;1;2;-7,085855;-34,848742;SPRF-PB;DEL01-PB;UOP01-DEL01-PB;;;
690057;09/05/2025;sexta-feira;09:35:00;SC;101;421,8;ARARANGUA;Rea��o tardia ou ineficiente do condutor;Colis�o traseira;Com V�timas Feridas;Pleno dia;Decrescente;Ignorado;Dupla;"Reta;Aclive";Sim;4;0;2;1;1;0;3;3;-29,00846788;-49,56927951;SPRF-SC;DEL02-SC;UOP02-DEL02-SC;;;
690058;09/05/2025;sexta-feira;16:00:00;SP;116;225;GUARULHOS;Objeto est�tico sobre o leito carro��vel;Eventos at�picos;Com V�timas Feridas;Pleno dia;Crescente;C�u Claro;M�ltipla;Reta;Sim;1;0;0;1;0;0;1;1;-23,48651;-46,543085;SPRF-SP;DEL01-SP;UOP01-DEL01-SP;;;
690059;09/05/2025;sexta-feira;10:30:00;BA;242;575;OLIVEIRA DOS BREJINHOS;Mal s�bito do condutor;Sa�da de leito carro��vel;Com V�timas Fatais;Pleno dia;Crescente;C�u Claro;Simples;Reta;N�o;1;1;0;0;0;0;0;1;-12,02874355;-43,02692413;SPRF-BA;DEL06-BA;UOP03-DEL06-BA;;;
690060;09/05/2025;sexta-feira;14:40:00;GO;153;621;MORRINHOS;Condutor Dormindo;Sa�da de leito carro��vel;Com V�timas Feridas;Pleno dia;Decrescente;C�u Claro;Dupla;Reta;N�o;3;0;0;1;2;0;1;1;-17,7272;-49,1544;SPRF-GO;DEL03-GO;UOP01-DEL03-GO;;;
690061;09/05/2025;sexta-feira;16:55:00;MG;40;499;ESMERALDAS;Demais falhas mec�nicas ou el�tricas;Queda de ocupante de ve�culo;Com V�timas Feridas;Pleno dia;Crescente;C�u Claro;Dupla;Reta;N�o;1;0;1;0;0;0;1;1;-19,69378519;-44,17821676;SPRF-MG;DEL02-MG;UOP01-DEL02-MG;;;
690063;09/05/2025;sexta-feira;16:30:00;SC;101;216,1;PALHOCA;Rea��o tardia ou ineficiente do condutor;Queda de ocupante de ve�culo;Com V�timas Feridas;Pleno dia;Crescente;C�u Claro;M�ltipla;Reta;Sim;1;0;1;0;0;0;1;1;-27,6614981;-48,6768779;SPRF-SC;DEL01-SC;UOP02-DEL01-SC;;;
690064;09/05/2025;sexta-feira;13:40:00;RJ;40;122;DUQUE DE CAXIAS;Trafegar com motocicleta (ou similar) entre as faixas;Tombamento;Com V�timas Feridas;Pleno dia;Crescente;C�u Claro;M�ltipla;Reta;Sim;4;0;1;0;2;1;1;4;-22,79662725;-43,28909397;SPRF-RJ;DEL01-RJ;UOP02-DEL01-RJ;;;
690065;09/05/2025;sexta-feira;16:20:00;RS;290;44,3;GLORINHA;Acumulo de �gua sobre o pavimento;Tombamento;Com V�timas Feridas;Pleno dia;Crescente;Chuva;M�ltipla;Reta;N�o;2;0;2;0;0;0;2;1;-29,890129;-50,704564;SPRF-RS;DEL03-RS;UOP01-DEL03-RS;;;
690067;09/05/2025;sexta-feira;16:40:00;GO;60;92,6;ANAPOLIS;Pedestre cruzava a pista fora da faixa;Atropelamento de Pedestre;Com V�timas Fatais;Pleno dia;Decrescente;C�u Claro;Dupla;"Declive;Reta;Retorno Regulamentado";Sim;2;1;0;1;0;0;1;2;-16,352716;-48,915833;SPRF-GO;DEL02-GO;UOP01-DEL02-GO;;;
690068;09/05/2025;sexta-feira;14:30:00;BA;116;596;IRAJUBA;Velocidade Incompat�vel;Sa�da de leito carro��vel;Com V�timas Feridas;Pleno dia;Crescente;Nublado;Simples;Curva;N�o;1;0;1;0;0;0;1;1;-13,21277;-40,02533;SPRF-BA;DEL03-BA;UOP02-DEL03-BA;;;
690069;09/05/2025;sexta-feira;16:40:00;RS;116;234;NOVO HAMBURGO;Rea��o tardia ou ineficiente do condutor;Colis�o traseira;Sem V�timas;Pleno dia;Decrescente;Chuva;Simples;Reta;Sim;2;0;0;0;2;0;0;2;-29,6502;-51,144215;SPRF-RS;DEL01-RS;UOP02-DEL01-RS;;;
690070;09/05/2025;sexta-feira;15:35:00;SC;101;207;SAO JOSE;Aus�ncia de rea��o do condutor;Tombamento;Com V�timas Feridas;Pleno dia;Decrescente;C�u Claro;M�ltipla;Reta;Sim;2;0;1;0;1;0;1;1;-27,6016285;-48,6260806;SPRF-SC;DEL01-SC;UOP01-DEL01-SC;;;
690071;09/05/2025;sexta-feira;16:40:00;SC;470;44,1;GASPAR;Transitar no Acostamento;Atropelamento de Pedestre;Com V�timas Feridas;Pleno dia;Crescente;C�u Claro;Dupla;Reta;N�o;2;0;0;1;1;0;1;2;-26,8702491;-49,0233458;SPRF-SC;DEL04-SC;UOP01-DEL04-SC;;;
690072;09/05/2025;sexta-feira;17:30:00;RS;290;105;ELDORADO DO SUL;Demais falhas mec�nicas ou el�tricas;Inc�ndio;Sem V�timas;Anoitecer;Decrescente;Chuva;Dupla;Reta;N�o;1;0;0;0;0;1;0;1;-29,99695135;-51,28779531;SPRF-RS;DEL02-RS;UOP01-DEL02-RS;;;
690073;09/05/2025;sexta-feira;17:30:00;MG;262;631;IBIA;Rea��o tardia ou ineficiente do condutor;Colis�o transversal;Com V�timas Feridas;Pleno dia;Crescente;C�u Claro;Simples;Rotat�ria;N�o;4;0;1;0;2;1;1;3;-19,59179;-46,4924;SPRF-MG;DEL08-MG;UOP01-DEL08-MG;;;
690074;09/05/2025;sexta-feira;13:55:00;AL;101;175;TEOTONIO VILELA;Rea��o tardia ou ineficiente do condutor;Colis�o traseira;Sem V�timas;Pleno dia;Crescente;Ignorado;Simples;Reta;Sim;2;0;0;0;2;0;0;2;-9,90132;-36,361804;SPRF-AL;DEL02-AL;UOP02-DEL02-AL;;;
690077;09/05/2025;sexta-feira;16:30:00;AM;174;886;MANAUS;Aus�ncia de rea��o do condutor;Colis�o lateral mesmo sentido;Sem V�timas;Pleno dia;Crescente;C�u Claro;Simples;Curva;N�o;4;0;0;0;4;0;0;2;-2,95955234;-60,03239661;SPRF-AM;DEL01-AM;UOP01-DEL01-AM;;;
690079;09/05/2025;sexta-feira;18:07:00;ES;101;13,5;PINHEIROS;Convers�o proibida;Colis�o transversal;Com V�timas Feridas;Anoitecer;Crescente;C�u Claro;Simples;Reta;N�o;2;0;1;0;1;0;1;2;-18,31138487;-39,95688915;SPRF-ES;DEL04-ES;UOP02-DEL04-ES;;;
690080;09/05/2025;sexta-feira;17:05:00;PR;376;166;MARINGA;Rea��o tardia ou ineficiente do condutor;Sa�da de leito carro��vel;Com V�timas Feridas;Pleno dia;Crescente;Nublado;Dupla;Reta;N�o;1;0;1;0;0;0;1;1;-23,38655707;-52,02338086;SPRF-PR;DEL09-PR;UOP01-DEL09-PR;;;
690082;09/05/2025;sexta-feira;13:30:00;RJ;393;238;VASSOURAS;Acessar a via sem observar a presen�a dos outros ve�culos;Colis�o transversal;Com V�timas Feridas;Pleno dia;Decrescente;C�u Claro;Simples;Interse��o de Vias;N�o;2;0;1;0;1;0;1;2;-22,42950006;-43,69736759;SPRF-RJ;DEL05-RJ;UOP03-DEL05-RJ;;;
690084;09/05/2025;sexta-feira;18:00:00;MG;40;546,3;NOVA LIMA;Trafegar com motocicleta (ou similar) entre as faixas;Colis�o lateral mesmo sentido;Com V�timas Feridas;Plena Noite;Decrescente;Nublado;Dupla;"Curva;Declive";Sim;2;0;1;0;1;0;1;2;-20,018459;-43,971374;SPRF-MG;DEL01-MG;UOP02-DEL01-MG;;;
690085;09/05/2025;sexta-feira;17:30:00;PE;232;197,5;SANHARO;Convers�o proibida;Colis�o transversal;Com V�timas Feridas;Anoitecer;Decrescente;C�u Claro;Simples;Reta;N�o;2;0;0;1;0;1;1;2;-8,369132;-36,583827;SPRF-PE;DEL03-PE;UOP02-DEL03-PE;;;
690086;09/05/2025;sexta-feira;18:00:00;SC;101;121,5;ITAJAI;Manobra de mudan�a de faixa;Colis�o lateral mesmo sentido;Com V�timas Feridas;Anoitecer;Crescente;Nublado;Dupla;Reta;Sim;2;0;1;0;1;0;1;2;-26,92539886;-48,70857239;SPRF-SC;DEL04-SC;UOP04-DEL04-SC;;;
690090;09/05/2025;sexta-feira;17:55:00;SC;280;69,5;JARAGUA DO SUL;Convers�o proibida;Colis�o transversal;Com V�timas Feridas;Anoitecer;Crescente;Nublado;Simples;Reta;N�o;2;0;1;0;1;0;1;2;-26,464821;-49,127891;SPRF-SC;DEL03-SC;UOP03-DEL03-SC;;;
690091;02/03/2025;domingo;15:15:00;PE;408;89,7;SAO LOURENCO DA MATA;Acessar a via sem observar a presen�a dos outros ve�culos;Colis�o transversal;Com V�timas Feridas;Pleno dia;Decrescente;Nublado;Dupla;Reta;N�o;2;0;0;1;1;0;1;2;-8,02935701;-35,03693104;SPRF-PE;DEL01-PE;UOP01-DEL01-PE;;;
690092;09/05/2025;sexta-feira;18:20:00;BA;101;710;EUNAPOLIS;Ingest�o de �lcool pelo condutor;Sa�da de leito carro��vel;Com V�timas Feridas;Plena Noite;Decrescente;C�u Claro;Simples;Reta;N�o;1;0;1;0;0;0;1;1;-16,3314135;-39,5812953;SPRF-BA;DEL09-BA;UOP01-DEL09-BA;;;
690093;09/05/2025;sexta-feira;18:00:00;RN;406;103;JOAO CAMARA;Acessar a via sem observar a presen�a dos outros ve�culos;Colis�o transversal;Com V�timas Feridas;Plena Noite;Decrescente;C�u Claro;Simples;Reta;Sim;2;0;1;0;1;0;1;2;-5,54035818;-35,80658058;SPRF-RN;DEL02-RN;UOP01-DEL02-RN;;;
690094;09/05/2025;sexta-feira;17:30:00;MS;267;7,8;BATAGUASSU;Aus�ncia de rea��o do condutor;Tombamento;Com V�timas Fatais;Plena Noite;Crescente;C�u Claro;Simples;Reta;N�o;4;1;0;0;0;3;0;3;-21,739;-52,216;SPRF-MS;DEL02-MS;UOP04-DEL02-MS;;;
690095;09/05/2025;sexta-feira;18:40:00;PR;376;162,8;MARINGA;Aus�ncia de rea��o do condutor;Queda de ocupante de ve�culo;Com V�timas Feridas;Plena Noite;Decrescente;Nublado;Dupla;Reta;N�o;2;0;1;1;0;0;2;1;-23,37343958;-52,05380201;SPRF-PR;DEL09-PR;UOP02-DEL09-PR;;;
690096;09/05/2025;sexta-feira;18:35:00;CE;116;18;ITAITINGA;Demais falhas mec�nicas ou el�tricas;Inc�ndio;Sem V�timas;Plena Noite;Crescente;C�u Claro;Dupla;Reta;Sim;1;0;0;0;1;0;0;1;-3,91327286;-38,5074234;SPRF-CE;DEL01-CE;UOP02-DEL01-CE;;;
690097;09/05/2025;sexta-feira;17:40:00;RS;116;235;NOVO HAMBURGO;Rea��o tardia ou ineficiente do condutor;Colis�o traseira;Com V�timas Feridas;Plena Noite;Decrescente;Chuva;M�ltipla;Reta;Sim;2;0;1;0;1;0;1;2;-29,663138;-51,143613;SPRF-RS;DEL01-RS;UOP02-DEL01-RS;;;
690098;09/05/2025;sexta-feira;17:35:00;RS;285;118,7;VACARIA;Aus�ncia de rea��o do condutor;Colis�o transversal;Com V�timas Feridas;Anoitecer;Decrescente;Chuva;Simples;Reta;Sim;4;0;1;0;3;0;1;3;-28,50263402;-50,91810677;SPRF-RS;DEL05-RS;UOP03-DEL05-RS;;;
690100;09/05/2025;sexta-feira;17:55:00;SP;116;54,2;LORENA;Rea��o tardia ou ineficiente do condutor;Colis�o traseira;Com V�timas Feridas;Anoitecer;Crescente;C�u Claro;Dupla;Reta;N�o;3;0;1;0;2;0;1;2;-22,7594428;-45,11722326;SPRF-SP;DEL08-SP;UOP02-DEL08-SP;;;
690101;09/05/2025;sexta-feira;18:20:00;PR;369;208;APUCARANA;Frear bruscamente;Engavetamento;Com V�timas Feridas;Anoitecer;Decrescente;C�u Claro;Simples;"Reta;Declive";Sim;3;0;1;0;2;0;1;3;-23,563669;-51,493313;SPRF-PR;DEL07-PR;UOP03-DEL07-PR;;;
690102;09/05/2025;sexta-feira;17:45:00;SC;101;198;BIGUACU;Aus�ncia de rea��o do condutor;Colis�o transversal;Sem V�timas;Plena Noite;Crescente;Chuva;Simples;Reta;Sim;3;0;0;0;2;1;0;3;-27,527723;-48,634517;SPRF-SC;DEL01-SC;UOP01-DEL01-SC;;;
690104;09/05/2025;sexta-feira;18:20:00;SC;282;26,7;SANTO AMARO DA IMPERATRIZ;Acessar a via sem observar a presen�a dos outros ve�culos;Colis�o transversal;Com V�timas Feridas;Plena Noite;Decrescente;Nublado;Simples;"Reta;Rotat�ria";Sim;3;0;2;0;1;0;2;2;-27,6758886;-48,76883535;SPRF-SC;DEL01-SC;UOP03-DEL01-SC;;;
690105;09/05/2025;sexta-feira;18:10:00;BA;116;672;JEQUIE;Condutor deixou de manter dist�ncia do ve�culo da frente;Colis�o transversal;Com V�timas Feridas;Anoitecer;Crescente;C�u Claro;Simples;Interse��o de Vias;Sim;3;0;1;0;2;0;1;2;-13,85686654;-40,11355732;SPRF-BA;DEL03-BA;UOP01-DEL03-BA;;;
690108;11/03/2025;ter�a-feira;08:08:00;MT;163;736;SORRISO;Convers�o proibida;Queda de ocupante de ve�culo;Com V�timas Feridas;Pleno dia;Decrescente;C�u Claro;Simples;Curva;N�o;1;0;1;0;0;0;1;1;-12,67533723;-55,79456854;SPRF-MT;DEL06-MT;UOP01-DEL06-MT;;;
690109;09/05/2025;sexta-feira;19:15:00;PR;116;115;CURITIBA;Rea��o tardia ou ineficiente do condutor;Colis�o traseira;Com V�timas Feridas;Plena Noite;Crescente;C�u Claro;Dupla;Reta;N�o;2;0;1;0;1;0;1;2;-25,5536938;-49,30554477;SPRF-PR;DEL01-PR;UOP03-DEL01-PR;;;
690110;09/05/2025;sexta-feira;18:00:00;RS;386;439;NOVA SANTA RITA;Chuva;Sa�da de leito carro��vel;Com V�timas Feridas;Anoitecer;Decrescente;Chuva;Dupla;Reta;Sim;1;0;1;0;0;0;1;1;-29,87588075;-51,24412894;SPRF-RS;DEL04-RS;UOP02-DEL04-RS;;;
690111;09/05/2025;sexta-feira;17:35:00;PR;369;159,7;CAMBE;Acesso irregular;Colis�o lateral mesmo sentido;Sem V�timas;Pleno dia;Crescente;C�u Claro;Dupla;Reta;Sim;2;0;0;0;2;0;0;2;-23,28266527;-51,25225067;SPRF-PR;DEL07-PR;UOP01-DEL07-PR;;;
690112;09/05/2025;sexta-feira;18:30:00;MG;40;511,9;RIBEIRAO DAS NEVES;Rea��o tardia ou ineficiente do condutor;Colis�o traseira;Com V�timas Feridas;Plena Noite;Decrescente;C�u Claro;Dupla;"Reta;Declive";N�o;2;0;1;0;1;0;1;2;-19,79477991;-44,1120708;SPRF-MG;DEL01-MG;UOP02-DEL01-MG;;;
690113;09/05/2025;sexta-feira;18:30:00;CE;222;4;CAUCAIA;Pedestre cruzava a pista fora da faixa;Atropelamento de Pedestre;Sem V�timas;Plena Noite;Decrescente;Nublado;M�ltipla;Aclive;N�o;2;0;0;0;1;1;0;2;-3,74225407;-38,61037999;SPRF-CE;DEL01-CE;UOP01-DEL01-CE;;;
690115;09/05/2025;sexta-feira;19:10:00;SP;116;222;GUARULHOS;Sinaliza��o mal posicionada;Colis�o com objeto;Com V�timas Feridas;Plena Noite;Crescente;C�u Claro;M�ltipla;"Reta;Em Obras";Sim;1;0;1;0;0;0;1;1;-23,47332388;-46,52126312;SPRF-SP;DEL01-SP;UOP01-DEL01-SP;;;
690116;09/05/2025;sexta-feira;16:50:00;SC;101;206,9;SAO JOSE;Condutor desrespeitou a ilumina��o vermelha do sem�foro;Colis�o transversal;Com V�timas Feridas;Anoitecer;Crescente;Nublado;M�ltipla;Reta;Sim;2;0;0;1;1;0;1;2;-27,59377637;-48,61715198;SPRF-SC;DEL01-SC;UOP01-DEL01-SC;;;
690117;09/05/2025;sexta-feira;18:35:00;PR;277;722,5;FOZ DO IGUACU;Acessar a via sem observar a presen�a dos outros ve�culos;Colis�o transversal;Com V�timas Feridas;Plena Noite;Decrescente;Nublado;Dupla;"Retorno Regulamentado;Reta";Sim;2;0;1;0;1;0;1;2;-25,493139;-54,516664;SPRF-PR;DEL05-PR;UOP03-DEL05-PR;;;
690118;09/05/2025;sexta-feira;20:22:00;SP;116;208;GUARULHOS;Rea��o tardia ou ineficiente do condutor;Tombamento;Com V�timas Feridas;Plena Noite;Crescente;Nublado;M�ltipla;Reta;Sim;1;0;1;0;0;0;1;1;-23,42214087;-46,39425516;SPRF-SP;DEL01-SP;UOP01-DEL01-SP;;;
690119;09/05/2025;sexta-feira;19:15:00;PR;277;121;CAMPO LARGO;Acessar a via sem observar a presen�a dos outros ve�culos;Colis�o transversal;Com V�timas Feridas;Plena Noite;Crescente;Nublado;Dupla;"Reta;Retorno Regulamentado";Sim;2;0;1;0;1;0;1;2;-25,44655937;-49,4873554;SPRF-PR;DEL03-PR;UOP03-DEL03-PR;;;
690120;09/05/2025;sexta-feira;20:10:00;RS;448;22;PORTO ALEGRE;Chuva;Colis�o com objeto;Com V�timas Feridas;Plena Noite;Decrescente;Chuva;Dupla;"Curva;Aclive;Viaduto";Sim;1;0;1;0;0;0;1;1;-29,97458363;-51,19773746;SPRF-RS;DEL01-RS;UOP01-DEL01-RS;;;
690121;09/05/2025;sexta-feira;19:27:00;RS;290;326;CACAPAVA DO SUL;Ultrapassagem Indevida;Colis�o frontal;Com V�timas Feridas;Pleno dia;Decrescente;Garoa/Chuvisco;Simples;Curva;N�o;10;0;8;0;0;2;8;3;-30,3618981;-53,4434414;SPRF-RS;DEL09-RS;UOP02-DEL09-RS;;;
690122;09/05/2025;sexta-feira;19:30:00;MG;381;495;BETIM;Ingest�o de �lcool pelo condutor;Engavetamento;Sem V�timas;Plena Noite;Decrescente;C�u Claro;M�ltipla;Reta;Sim;3;0;0;0;3;0;0;3;-19,970635;-44,182172;SPRF-MG;DEL01-MG;UOP03-DEL01-MG;;;
690123;09/05/2025;sexta-feira;19:40:00;SC;282;54;AGUAS MORNAS;Velocidade Incompat�vel;Colis�o lateral sentido oposto;Com V�timas Feridas;Plena Noite;Decrescente;Chuva;Simples;Curva;N�o;4;0;2;0;2;0;2;3;-27,68502799;-48,97299897;SPRF-SC;DEL01-SC;UOP03-DEL01-SC;;;
690124;09/05/2025;sexta-feira;18:10:00;PR;369;236;JANDAIA DO SUL;Avarias e/ou desgaste excessivo no pneu;Colis�o lateral sentido oposto;Com V�timas Feridas;Plena Noite;Decrescente;C�u Claro;Simples;Reta;N�o;4;0;1;0;3;0;1;3;-23,650784;-51,681949;SPRF-PR;DEL09-PR;UOP01-DEL09-PR;;;
690125;09/05/2025;sexta-feira;18:00:00;MG;116;815;ALEM PARAIBA;Aus�ncia de rea��o do condutor;Colis�o lateral mesmo sentido;Com V�timas Feridas;Plena Noite;Decrescente;C�u Claro;Simples;Reta;Sim;3;0;2;0;1;0;2;2;-21,86902523;-42,67084185;SPRF-MG;DEL07-MG;UOP01-DEL07-MG;;;
690126;09/05/2025;sexta-feira;20:20:00;SP;116;152;SAO JOSE DOS CAMPOS;Problema com o freio;Inc�ndio;Com V�timas Feridas;Plena Noite;Decrescente;C�u Claro;Simples;Curva;N�o;2;0;1;0;1;0;1;1;-23,22719344;-45,90766875;SPRF-SP;DEL02-SP;UOP01-DEL02-SP;;;
690128;09/05/2025;sexta-feira;20:35:00;TO;153;668;GURUPI;Acessar a via sem observar a presen�a dos outros ve�culos;Colis�o transversal;Sem V�timas;Plena Noite;Crescente;C�u Claro;Simples;"Reta;Retorno Regulamentado";N�o;4;0;0;0;4;0;0;2;-11,71468172;-49,07363889;SPRF-TO;DEL01-TO;UOP02-DEL01-TO;;;
690130;09/05/2025;sexta-feira;21:06:00;SP;116;219,9;GUARULHOS;Rea��o tardia ou ineficiente do condutor;Tombamento;Com V�timas Feridas;Plena Noite;Decrescente;Nublado;M�ltipla;"Reta;Em Obras";Sim;1;0;1;0;0;0;1;1;-23,46449;-46,497075;SPRF-SP;DEL01-SP;UOP01-DEL01-SP;;;
690131;09/05/2025;sexta-feira;18:50:00;RO;364;352;JI-PARANA;Rea��o tardia ou ineficiente do condutor;Colis�o traseira;Com V�timas Feridas;Anoitecer;Decrescente;C�u Claro;Simples;Reta;N�o;3;0;2;0;1;0;2;2;-10,82457494;-62,01482741;SPRF-RO;DEL02-RO;UOP01-DEL02-RO;;;
690132;09/05/2025;sexta-feira;18:30:00;RJ;40;82;PETROPOLIS;Ingest�o de �lcool pelo condutor;Sa�da de leito carro��vel;Sem V�timas;Plena Noite;Decrescente;C�u Claro;Dupla;Curva;Sim;1;0;0;0;1;0;0;1;-22,53390414;-43,219633;SPRF-RJ;DEL01-RJ;UOP01-DEL01-RJ;;;
690133;09/05/2025;sexta-feira;18:45:00;SC;470;291;CAMPOS NOVOS;Manobra de mudan�a de faixa;Colis�o frontal;Com V�timas Fatais;Plena Noite;Decrescente;Chuva;Simples;Reta;N�o;2;1;0;0;0;1;0;2;-27,337943;-50,973255;SPRF-SC;DEL07-SC;UOP06-DEL07-SC;;;
690134;09/05/2025;sexta-feira;21:10:00;PR;376;72;GUAIRACA;Ingest�o de �lcool pelo condutor;Atropelamento de Pedestre;Com V�timas Feridas;Plena Noite;Decrescente;Nublado;Simples;Reta;N�o;2;0;0;2;0;0;2;2;-22,9356549;-52,7415575;SPRF-PR;DEL09-PR;UOP02-DEL09-PR;;;
690138;09/05/2025;sexta-feira;20:40:00;BA;116;429;FEIRA DE SANTANA;Aus�ncia de rea��o do condutor;Colis�o com objeto;Sem V�timas;Plena Noite;Decrescente;C�u Claro;Dupla;Reta;N�o;2;0;0;0;1;1;0;2;-12,28851858;-39,00980213;SPRF-BA;DEL02-BA;UOP01-DEL02-BA;;;
690139;09/05/2025;sexta-feira;17:30:00;MG;262;810;UBERABA;Rea��o tardia ou ineficiente do condutor;Colis�o com objeto;Com V�timas Feridas;Anoitecer;Crescente;C�u Claro;Dupla;"Reta;Viaduto;Interse��o de Vias";Sim;2;0;1;0;1;0;1;1;-19,77071;-47,97406;SPRF-MG;DEL13-MG;UOP01-DEL13-MG;;;
690140;09/05/2025;sexta-feira;19:50:00;PR;487;177;CAMPO MOURAO;Chuva;Sa�da de leito carro��vel;Com V�timas Feridas;Plena Noite;Decrescente;Chuva;Simples;Declive;N�o;1;0;1;0;0;0;1;1;-24,04099001;-52,40521129;SPRF-PR;DEL09-PR;UOP03-DEL09-PR;;;
690141;09/05/2025;sexta-feira;21:30:00;SP;153;30,3;NOVA GRANADA;Aus�ncia de rea��o do condutor;Colis�o traseira;Com V�timas Feridas;Plena Noite;Crescente;C�u Claro;Simples;Reta;Sim;2;0;0;1;0;1;1;2;-20,54746171;-49,32959617;SPRF-SP;DEL09-SP;UOP01-DEL09-SP;;;
690142;09/05/2025;sexta-feira;19:15:00;SC;470;48,7;BLUMENAU;Aus�ncia de rea��o do condutor;Tombamento;Com V�timas Feridas;Plena Noite;Decrescente;Nublado;Simples;Reta;Sim;1;0;1;0;0;0;1;1;-26,85999506;-49,06245232;SPRF-SC;DEL04-SC;UOP01-DEL04-SC;;;
690143;09/05/2025;sexta-feira;17:30:00;PR;116;12;COLOMBO;Aus�ncia de rea��o do condutor;Queda de ocupante de ve�culo;Com V�timas Feridas;Plena Noite;Decrescente;C�u Claro;Dupla;Reta;Sim;1;0;1;0;0;0;1;1;-25,373273;-49,143503;SPRF-PR;DEL01-PR;UOP02-DEL01-PR;;;
690144;09/05/2025;sexta-feira;19:30:00;SC;282;75;RANCHO QUEIMADO;Velocidade Incompat�vel;Capotamento;Com V�timas Feridas;Plena Noite;Decrescente;Chuva;Simples;Curva;N�o;3;0;1;2;0;0;3;1;-27,66659908;-49,10837287;SPRF-SC;DEL01-SC;UOP03-DEL01-SC;;;