id;data_inversa;dia_semana;horario;uf;br;km;municipio;causa_acidente;tipo_acidente;classificacao_acidente;fase_dia;sentido_via;condicao_metereologica;tipo_pista;tracado_via;uso_solo;pessoas;mortos;feridos_leves;feridos_graves;ilesos;ignorados;feridos;veiculos;latitude;longitude;regional;delegacia;uop;;;
690145;09/05/2025;sexta-feira;19:30:00;BA;101;359,1;WENCESLAU GUIMARAES;Condutor deixou de manter dist�ncia do ve�culo da frente;Colis�o traseira;Sem V�timas;Plena Noite;Crescente;Chuva;Simples;Reta;Sim;2;0;0;0;2;0;0;2;-13,678828;-39,477268;SPRF-BA;DEL05-BA;UOP03-DEL05-BA;;;
690147;09/05/2025;sexta-feira;16:20:00;BA;420;255;MUTUIPE;Rea��o tardia ou ineficiente do condutor;Colis�o transversal;Com V�timas Feridas;Pleno dia;Decrescente;Nublado;Simples;"Declive;Reta";Sim;2;0;0;1;1;0;1;2;-13,227315;-39,497974;SPRF-BA;DEL01-BA;UOP02-DEL01-BA;;;
690148;09/05/2025;sexta-feira;22:09:00;SC;101;31;SAO JOSE;Velocidade Incompat�vel;Queda de ocupante de ve�culo;Com V�timas Feridas;Plena Noite;Crescente;Chuva;Dupla;"Rotat�ria;Declive";N�o;1;0;1;0;0;0;1;1;-27,58647273;-48,69548019;SPRF-SC;DEL03-SC;UOP01-DEL03-SC;;;
690150;09/05/2025;sexta-feira;21:30:00;BA;116;387;SANTA BARBARA;Acessar a via sem observar a presen�a dos outros ve�culos;Colis�o transversal;Com V�timas Feridas;Plena Noite;Decrescente;Nublado;Simples;Reta;N�o;2;0;0;1;0;1;1;2;-11,91245;-38,98489;SPRF-BA;DEL02-BA;UOP01-DEL02-BA;;;
690152;09/05/2025;sexta-feira;21:40:00;PI;316;18,9;TERESINA;Animais na Pista;Atropelamento de Animal;Com V�timas Feridas;Plena Noite;Crescente;Nublado;Dupla;Reta;N�o;1;0;1;0;0;0;1;1;-5,2573883;-42,7292247;SPRF-PI;DEL01-PI;UOP02-DEL01-PI;;;
690153;09/05/2025;sexta-feira;10:00:00;RJ;101;485;ANGRA DOS REIS;Rea��o tardia ou ineficiente do condutor;Colis�o lateral sentido oposto;Com V�timas Feridas;Pleno dia;Crescente;C�u Claro;Simples;Reta;Sim;2;0;1;0;1;0;1;2;-22,9895673;-44,2417923;SPRF-RJ;DEL03-RJ;UOP03-DEL03-RJ;;;
690154;09/05/2025;sexta-feira;20:15:00;PA;10;17;DOM ELISEU;Ingest�o de �lcool pelo condutor;Colis�o transversal;Com V�timas Feridas;Plena Noite;Crescente;C�u Claro;Simples;"Reta;Retorno Regulamentado;Rotat�ria;Interse��o de Vias";Sim;2;0;1;1;0;0;2;2;-4,29303132;-47,55706284;SPRF-PA;DEL02-PA;UOP02-DEL02-PA;;;
690155;09/05/2025;sexta-feira;18:45:00;PR;376;179,9;MARINGA;Pedestre cruzava a pista fora da faixa;Atropelamento de Pedestre;Com V�timas Feridas;Plena Noite;Crescente;Nublado;Dupla;Reta;Sim;3;0;3;0;0;0;3;2;-23,42168801;-51,9062376;SPRF-PR;DEL09-PR;UOP01-DEL09-PR;;;
690156;09/05/2025;sexta-feira;20:50:00;BA;110;174;RIBEIRA DO POMBAL;Rea��o tardia ou ineficiente do condutor;Colis�o traseira;Com V�timas Feridas;Plena Noite;Decrescente;C�u Claro;Simples;Aclive;Sim;3;0;0;2;0;1;2;2;-10,827152;-38,531869;SPRF-BA;DEL07-BA;UOP02-DEL07-BA;;;
690158;09/05/2025;sexta-feira;18:40:00;SC;101;215;PALHOCA;Trafegar com motocicleta (ou similar) entre as faixas;Queda de ocupante de ve�culo;Com V�timas Feridas;Anoitecer;Crescente;Nublado;M�ltipla;Reta;Sim;2;0;0;1;0;1;1;1;-27,65366;-48,67751;SPRF-SC;DEL01-SC;UOP02-DEL01-SC;;;
690159;09/05/2025;sexta-feira;22:00:00;BA;324;561;AMELIA RODRIGUES;Afundamento ou ondula��o no pavimento;Sa�da de leito carro��vel;Com V�timas Feridas;Plena Noite;Crescente;Nublado;Dupla;Reta;N�o;4;0;4;0;0;0;4;1;-12,49606384;-38,6511147;SPRF-BA;DEL01-BA;UOP01-DEL01-BA;;;
690161;09/05/2025;sexta-feira;22:00:00;SP;153;112,2;JOSE BONIFACIO;Ultrapassagem Indevida;Colis�o lateral mesmo sentido;Com V�timas Feridas;Plena Noite;Crescente;C�u Claro;Simples;"Reta;Aclive";N�o;3;0;2;0;0;1;2;2;-21,104441;-49,682476;SPRF-SP;DEL09-SP;UOP01-DEL09-SP;;;
690162;09/05/2025;sexta-feira;19:10:00;MT;70;5;BARRA DO GARCAS;Rea��o tardia ou ineficiente do condutor;Colis�o com objeto;Com V�timas Feridas;Plena Noite;Crescente;C�u Claro;Dupla;"Declive;Reta";Sim;1;0;0;1;0;0;1;1;-15,87806;-52,30119;SPRF-MT;DEL07-MT;UOP01-DEL07-MT;;;
690164;09/05/2025;sexta-feira;14:30:00;SC;101;207;SAO JOSE;Condutor deixou de manter dist�ncia do ve�culo da frente;Colis�o traseira;Com V�timas Feridas;Pleno dia;Decrescente;C�u Claro;Dupla;Declive;Sim;3;0;1;0;2;0;1;3;-27,601316;-48,624558;SPRF-SC;DEL01-SC;UOP01-DEL01-SC;;;
690165;09/05/2025;sexta-feira;21:20:00;AM;230;610,7;HUMAITA;Ingest�o de �lcool pelo condutor;Colis�o com objeto;Sem V�timas;Plena Noite;Decrescente;C�u Claro;Dupla;Reta;Sim;1;0;0;0;1;0;0;1;-7,50072866;-63,02800566;SPRF-AM;DEL02-AM;UOP01-DEL02-AM;;;
690166;09/05/2025;sexta-feira;22:30:00;RS;448;9,7;CANOAS;Velocidade Incompat�vel;Sa�da de leito carro��vel;Com V�timas Feridas;Plena Noite;Decrescente;Chuva;Simples;"Curva;Declive";N�o;1;0;1;0;0;0;1;1;-29,882573;-51,238175;SPRF-RS;DEL01-RS;UOP01-DEL01-RS;;;
690167;09/05/2025;sexta-feira;21:25:00;MG;116;673,4;MURIAE;Ingest�o de �lcool pelo condutor;Colis�o lateral sentido oposto;Com V�timas Feridas;Plena Noite;Decrescente;C�u Claro;Dupla;Reta;N�o;2;0;2;0;0;0;2;2;-21,1464758;-42,3813236;SPRF-MG;DEL07-MG;UOP02-DEL07-MG;;;
690168;09/05/2025;sexta-feira;23:40:00;RS;116;248;SAO LEOPOLDO;Condutor desrespeitou a ilumina��o vermelha do sem�foro;Colis�o transversal;Com V�timas Feridas;Plena Noite;Decrescente;Garoa/Chuvisco;Simples;"Reta;Interse��o de Vias";Sim;2;0;1;0;0;1;1;2;-29,772313;-51,153927;SPRF-RS;DEL01-RS;UOP02-DEL01-RS;;;
690169;09/05/2025;sexta-feira;23:15:00;PB;230;290;SANTA LUZIA;Condutor deixou de manter dist�ncia do ve�culo da frente;Colis�o traseira;Sem V�timas;Plena Noite;Crescente;C�u Claro;Simples;Reta;Sim;8;0;0;0;8;0;0;2;-6,873802;-36,908848;SPRF-PB;DEL03-PB;UOP01-DEL03-PB;;;
690171;09/05/2025;sexta-feira;22:00:00;PI;343;314,6;ALTOS;Aus�ncia de rea��o do condutor;Colis�o traseira;Com V�timas Feridas;Plena Noite;Crescente;C�u Claro;Simples;Reta;N�o;5;0;0;1;4;0;1;2;-5,047197;-42,52281;SPRF-PI;DEL01-PI;UOP01-DEL01-PI;;;
690172;09/05/2025;sexta-feira;23:30:00;MG;116;387,5;GOVERNADOR VALADARES;Animais na Pista;Atropelamento de Animal;Com V�timas Feridas;Plena Noite;Decrescente;C�u Claro;Simples;Reta;N�o;1;0;0;1;0;0;1;1;-18,66893;-41,98178;SPRF-MG;DEL06-MG;UOP01-DEL06-MG;;;
690173;10/05/2025;s�bado;00:10:00;BA;116;425;FEIRA DE SANTANA;Animais na Pista;Atropelamento de Animal;Sem V�timas;Plena Noite;Crescente;Nublado;Dupla;"Reta;Declive";Sim;1;0;0;0;1;0;0;1;-12,24409562;-38,98567963;SPRF-BA;DEL02-BA;UOP01-DEL02-BA;;;
690174;10/05/2025;s�bado;00:00:00;RS;386;326;MARQUES DE SOUZA;Rea��o tardia ou ineficiente do condutor;Colis�o com objeto;Com V�timas Feridas;Plena Noite;Crescente;Nublado;Dupla;Reta;Sim;2;0;2;0;0;0;2;1;-29,326789;-52,1018;SPRF-RS;DEL04-RS;UOP01-DEL04-RS;;;
690176;10/05/2025;s�bado;01:30:00;RN;226;39;MACAIBA;Velocidade Incompat�vel;Queda de ocupante de ve�culo;Com V�timas Feridas;Plena Noite;Decrescente;C�u Claro;Simples;Reta;N�o;1;0;0;1;0;0;1;1;-5,926012;-35,538188;SPRF-RN;DEL01-RN;UOP02-DEL01-RN;;;
690177;09/05/2025;sexta-feira;23:40:00;PR;277;213,2;PALMEIRA;Transitar na contram�o;Colis�o lateral sentido oposto;Com V�timas Feridas;Plena Noite;Crescente;Chuva;Simples;Curva;N�o;6;0;2;1;3;0;3;2;-25,460406;-50,331759;SPRF-PR;DEL08-PR;UOP02-DEL08-PR;;;
690178;10/05/2025;s�bado;01:45:00;PR;376;201;MARINGA;Aus�ncia de rea��o do condutor;Colis�o com objeto;Sem V�timas;Plena Noite;Decrescente;Chuva;Simples;Reta;N�o;1;0;0;0;0;1;0;1;-23,41347884;-51,92959986;SPRF-PR;DEL09-PR;UOP01-DEL09-PR;;;
690179;09/05/2025;sexta-feira;23:00:00;SC;470;104;APIUNA;Velocidade Incompat�vel;Sa�da de leito carro��vel;Com V�timas Feridas;Plena Noite;Decrescente;Garoa/Chuvisco;Simples;Curva;N�o;1;0;0;1;0;0;1;1;-27,065;-49,416;SPRF-SC;DEL04-SC;UOP02-DEL04-SC;;;
690180;09/05/2025;sexta-feira;23:50:00;SC;470;103;APIUNA;Velocidade Incompat�vel;Sa�da de leito carro��vel;Com V�timas Feridas;Plena Noite;Decrescente;Garoa/Chuvisco;Simples;Curva;N�o;1;0;0;1;0;0;1;1;-27,064;-49,402;SPRF-SC;DEL04-SC;UOP02-DEL04-SC;;;
690181;10/05/2025;s�bado;01:20:00;ES;101;269,8;SERRA;Condutor desrespeitou a ilumina��o vermelha do sem�foro;Colis�o transversal;Com V�timas Feridas;Plena Noite;Decrescente;Nublado;M�ltipla;Interse��o de Vias;Sim;4;0;1;1;2;0;2;2;-20,21232;-40,2698417;SPRF-ES;DEL02-ES;UOP01-DEL02-ES;;;
690183;10/05/2025;s�bado;01:40:00;SC;101;161;TIJUCAS;Acumulo de �gua sobre o pavimento;Sa�da de leito carro��vel;Com V�timas Feridas;Plena Noite;Crescente;Chuva;Dupla;Reta;Sim;1;0;1;0;0;0;1;1;-27,21322562;-48,62256336;SPRF-SC;DEL04-SC;UOP03-DEL04-SC;;;
690185;09/05/2025;sexta-feira;21:30:00;PR;476;2,9;ADRIANOPOLIS;Transitar na contram�o;Colis�o frontal;Sem V�timas;Plena Noite;Crescente;Nublado;Simples;Curva;Sim;2;0;0;0;2;0;0;2;-24,67025939;-48,98492424;SPRF-PR;DEL01-PR;UOP01-DEL01-PR;;;
690186;10/05/2025;s�bado;00:25:00;MS;60;505;MARACAJU;Condutor Dormindo;Sa�da de leito carro��vel;Com V�timas Feridas;Plena Noite;Crescente;Nevoeiro/Neblina;Simples;Reta;N�o;2;0;2;0;0;0;2;1;-21,2166944;-55,5545556;SPRF-MS;DEL05-MS;UOP01-DEL05-MS;;;
690187;10/05/2025;s�bado;00:45:00;SP;381;58;MAIRIPORA;Demais falhas na via;Queda de ocupante de ve�culo;Com V�timas Feridas;Plena Noite;Crescente;C�u Claro;Dupla;"Reta;Aclive";N�o;2;0;2;0;0;0;2;1;-23,27926967;-46,58631055;SPRF-SP;DEL03-SP;UOP01-DEL03-SP;;;
690188;10/05/2025;s�bado;00:50:00;RJ;101;435;MANGARATIBA;Ingest�o de �lcool pelo condutor;Colis�o lateral sentido oposto;Com V�timas Feridas;Plena Noite;Decrescente;C�u Claro;Simples;"Curva;Declive";N�o;5;0;2;0;3;0;2;3;-22,94287;-44,058419;SPRF-RJ;DEL03-RJ;UOP02-DEL03-RJ;;;
690189;10/05/2025;s�bado;02:28:00;SP;116;3;GUARULHOS;Rea��o tardia ou ineficiente do condutor;Sa�da de leito carro��vel;Com V�timas Feridas;Plena Noite;Crescente;C�u Claro;Dupla;Reta;Sim;1;0;1;0;0;0;1;1;-23,434658;-46,493689;SPRF-SP;DEL01-SP;UOP01-DEL01-SP;;;
690190;10/05/2025;s�bado;01:15:00;PR;116;103;SAO JOSE DOS PINHAIS;Velocidade Incompat�vel;Sa�da de leito carro��vel;Sem V�timas;Plena Noite;Crescente;Chuva;Dupla;Reta;N�o;1;0;0;0;0;1;0;1;-25,57018009;-49,18642871;SPRF-PR;DEL01-PR;UOP07-DEL01-PR;;;
690191;09/05/2025;sexta-feira;22:32:00;RN;101;83,9;NATAL;Ingest�o de �lcool pelo condutor;Atropelamento de Pedestre;Com V�timas Feridas;Plena Noite;Crescente;Chuva;Dupla;Reta;Sim;2;0;0;2;0;0;2;2;-5,773913;-35,258687;SPRF-RN;DEL02-RN;UOP01-DEL02-RN;;;
690192;10/05/2025;s�bado;02:20:00;SC;101;203,7;SAO JOSE;Condutor Dormindo;Colis�o com objeto;Com V�timas Feridas;Plena Noite;Decrescente;Nublado;M�ltipla;Reta;Sim;2;0;0;2;0;0;2;1;-27,57247532;-48,61509204;SPRF-SC;DEL01-SC;UOP01-DEL01-SC;;;
690193;10/05/2025;s�bado;02:30:00;RS;116;151;CAXIAS DO SUL;Aus�ncia de rea��o do condutor;Colis�o com objeto;Com V�timas Feridas;Plena Noite;Crescente;Garoa/Chuvisco;Dupla;Curva;Sim;2;0;1;0;0;1;1;2;-29,1545995;-51,1480951;SPRF-RS;DEL05-RS;UOP01-DEL05-RS;;;
690194;10/05/2025;s�bado;03:00:00;ES;101;135,9;LINHARES;Ingest�o de �lcool pelo condutor;Sa�da de leito carro��vel;Com V�timas Feridas;Plena Noite;Crescente;C�u Claro;Simples;Reta;N�o;4;0;1;0;3;0;1;1;-19,28338835;-40,08704321;SPRF-ES;DEL04-ES;UOP01-DEL04-ES;;;
690195;10/05/2025;s�bado;03:00:00;PR;116;69;CAMPINA GRANDE DO SUL;Aus�ncia de rea��o do condutor;Colis�o traseira;Sem V�timas;Plena Noite;Crescente;Nublado;Dupla;Reta;N�o;2;0;0;0;2;0;0;2;-25,31033956;-49,01212903;SPRF-PR;DEL01-PR;UOP02-DEL01-PR;;;
690196;10/05/2025;s�bado;02:50:00;GO;153;425,6;ANAPOLIS;Rea��o tardia ou ineficiente do condutor;Sa�da de leito carro��vel;Sem V�timas;Plena Noite;Crescente;C�u Claro;Simples;Declive;N�o;2;0;0;0;2;0;0;1;-16,24460819;-49,00299445;SPRF-GO;DEL02-GO;UOP01-DEL02-GO;;;
690197;10/05/2025;s�bado;03:00:00;SC;101;121;ITAJAI;Rea��o tardia ou ineficiente do condutor;Tombamento;Com V�timas Feridas;Plena Noite;Decrescente;Garoa/Chuvisco;Simples;"Interse��o de Vias;Viaduto";Sim;1;0;0;1;0;0;1;1;-26,9619061;-48,68269513;SPRF-SC;DEL04-SC;UOP04-DEL04-SC;;;
690199;10/05/2025;s�bado;03:30:00;RS;386;339,9;LAJEADO;Rea��o tardia ou ineficiente do condutor;Colis�o com objeto;Sem V�timas;Plena Noite;Decrescente;Nublado;Dupla;Viaduto;N�o;1;0;0;0;0;1;0;1;-29,41719369;-52,02388499;SPRF-RS;DEL04-RS;UOP01-DEL04-RS;;;
690200;10/05/2025;s�bado;03:10:00;PR;116;74;QUATRO BARRAS;Rea��o tardia ou ineficiente do condutor;Colis�o traseira;Com V�timas Feridas;Plena Noite;Crescente;Garoa/Chuvisco;Dupla;"Reta;Aclive";N�o;2;0;1;0;1;0;1;1;-25,36872419;-49,04431907;SPRF-PR;DEL01-PR;UOP02-DEL01-PR;;;
690201;10/05/2025;s�bado;02:50:00;PR;369;152,7;LONDRINA;Condutor desrespeitou a ilumina��o vermelha do sem�foro;Colis�o transversal;Com V�timas Feridas;Plena Noite;Crescente;Nublado;Dupla;Interse��o de Vias;Sim;3;0;0;2;1;0;2;2;-23,293521;-51,187378;SPRF-PR;DEL07-PR;UOP01-DEL07-PR;;;
690202;10/05/2025;s�bado;04:15:00;GO;153;437,4;ANAPOLIS;Ingest�o de �lcool pelo condutor;Colis�o com objeto;Com V�timas Feridas;Plena Noite;Crescente;C�u Claro;Dupla;"Ponte;Reta";N�o;2;0;2;0;0;0;2;1;-16,306684;-48,924127;SPRF-GO;DEL02-GO;UOP01-DEL02-GO;;;
690203;10/05/2025;s�bado;03:45:00;RS;116;159,5;CAXIAS DO SUL;Condutor Dormindo;Colis�o com objeto;Com V�timas Feridas;Plena Noite;Decrescente;Garoa/Chuvisco;Simples;Reta;Sim;1;0;0;1;0;0;1;1;-29,226703;-51,159564;SPRF-RS;DEL05-RS;UOP01-DEL05-RS;;;
690205;10/05/2025;s�bado;05:00:00;SP;116;207;GUARULHOS;Condutor Dormindo;Colis�o com objeto;Com V�timas Feridas;Amanhecer;Decrescente;C�u Claro;M�ltipla;Reta;Sim;4;0;2;0;1;1;2;3;-23,42103825;-46,38908386;SPRF-SP;DEL01-SP;UOP01-DEL01-SP;;;
690206;10/05/2025;s�bado;04:25:00;PR;487;172,3;CAMPO MOURAO;Animais na Pista;Sa�da de leito carro��vel;Com V�timas Feridas;Plena Noite;Crescente;Nublado;Simples;"Reta;Declive";N�o;4;0;3;0;1;0;3;1;-24,0208956;-52,4462951;SPRF-PR;DEL09-PR;UOP03-DEL09-PR;;;
690207;10/05/2025;s�bado;02:00:00;PR;277;76;SAO JOSE DOS PINHAIS;Rea��o tardia ou ineficiente do condutor;Colis�o traseira;Com V�timas Feridas;Plena Noite;Decrescente;Garoa/Chuvisco;Dupla;Reta;Sim;2;0;0;1;1;0;1;2;-25,488683;-49,179515;SPRF-PR;DEL01-PR;UOP07-DEL01-PR;;;
690208;10/05/2025;s�bado;05:00:00;MG;381;938,6;EXTREMA;Manobra de mudan�a de faixa;Sa�da de leito carro��vel;Com V�timas Feridas;Amanhecer;Decrescente;C�u Claro;Dupla;Reta;Sim;4;0;2;2;0;0;4;1;-22,81866;-46,29625;SPRF-MG;DEL16-MG;UOP03-DEL16-MG;;;
690209;10/05/2025;s�bado;05:00:00;RN;101;102;PARNAMIRIM;Aus�ncia de rea��o do condutor;Colis�o traseira;Sem V�timas;Amanhecer;Crescente;Nublado;Dupla;Aclive;Sim;2;0;0;0;2;0;0;2;-5,88695219;-35,23257343;SPRF-RN;DEL01-RN;UOP01-DEL01-RN;;;
690210;10/05/2025;s�bado;05:00:00;SC;282;1;FLORIANOPOLIS;Aus�ncia de rea��o do condutor;Capotamento;Sem V�timas;Plena Noite;Crescente;Nublado;M�ltipla;Reta;Sim;1;0;0;0;0;1;0;1;-27,4751;-48,3889;SPRF-SC;DEL01-SC;UOP01-DEL01-SC;;;
690211;10/05/2025;s�bado;05:15:00;ES;101;151,9;LINHARES;Mal s�bito do condutor;Queda de ocupante de ve�culo;Com V�timas Feridas;Amanhecer;Crescente;C�u Claro;Simples;Curva;N�o;2;0;0;1;1;0;1;1;-19,417704;-40,068763;SPRF-ES;DEL04-ES;UOP01-DEL04-ES;;;
690212;10/05/2025;s�bado;04:50:00;MS;376;116;IVINHEMA;Rea��o tardia ou ineficiente do condutor;Colis�o com objeto;Com V�timas Feridas;Amanhecer;Crescente;Nevoeiro/Neblina;Dupla;Rotat�ria;Sim;1;0;1;0;0;0;1;1;-22,31263;-53,832254;SPRF-MS;DEL04-MS;UOP04-DEL04-MS;;;
690213;10/05/2025;s�bado;05:25:00;DF;20;3,2;BRASILIA;Ingest�o de �lcool pelo condutor;Colis�o traseira;Sem V�timas;Amanhecer;Decrescente;C�u Claro;Dupla;"Aclive;Reta";Sim;1;0;0;0;1;0;0;1;-15,67925;-47,83016;SPRF-DF;DEL02-DF;UOP01-DEL02-DF;;;
690214;10/05/2025;s�bado;03:00:00;SC;101;33,9;JOINVILLE;Aus�ncia de rea��o do condutor;Colis�o lateral mesmo sentido;Com V�timas Feridas;Plena Noite;Decrescente;Chuva;Dupla;Curva;N�o;2;0;1;0;1;0;1;2;-26,25708872;-48,904953;SPRF-SC;DEL03-SC;UOP01-DEL03-SC;;;
690216;10/05/2025;s�bado;06:00:00;SC;101;132;CAMBORIU;Ingest�o de �lcool pelo condutor;Sa�da de leito carro��vel;Sem V�timas;Amanhecer;Decrescente;Chuva;Dupla;Reta;Sim;1;0;0;0;0;1;0;1;-26,99568512;-48,65736055;SPRF-SC;DEL04-SC;UOP03-DEL04-SC;;;
690219;10/05/2025;s�bado;05:55:00;PR;369;151,8;LONDRINA;Aus�ncia de rea��o do condutor;Atropelamento de Pedestre;Com V�timas Fatais;Plena Noite;Crescente;Chuva;Dupla;Reta;Sim;2;1;0;0;1;0;0;2;-23,293;-51,179;SPRF-PR;DEL07-PR;UOP01-DEL07-PR;;;
690220;10/05/2025;s�bado;04:55:00;MA;316;609,2;TIMON;Pedestre andava na pista;Atropelamento de Pedestre;Com V�timas Fatais;Amanhecer;Crescente;Nevoeiro/Neblina;M�ltipla;Reta;Sim;2;1;0;0;1;0;0;2;-5,0590376;-42,8864729;SPRF-MA;DEL03-MA;UOP02-DEL03-MA;;;
690222;10/05/2025;s�bado;05:43:00;PE;428;173;PETROLINA;Retorno proibido;Colis�o transversal;Com V�timas Feridas;Amanhecer;Decrescente;C�u Claro;Simples;Reta;N�o;4;0;1;0;3;0;1;2;-9,252429;-40,425281;SPRF-PE;DEL06-PE;UOP01-DEL06-PE;;;
690223;10/05/2025;s�bado;05:00:00;MA;316;268,5;SANTA INES;Velocidade Incompat�vel;Sa�da de leito carro��vel;Com V�timas Feridas;Amanhecer;Crescente;C�u Claro;Simples;"Reta;Em Obras";N�o;1;0;1;0;0;0;1;1;-3,693122;-45,328692;SPRF-MA;DEL02-MA;UOP01-DEL02-MA;;;
690224;10/05/2025;s�bado;04:55:00;SC;280;50,5;GUARAMIRIM;Transitar no Acostamento;Atropelamento de Pedestre;Com V�timas Feridas;Plena Noite;Decrescente;Nublado;Simples;"Reta;Em Obras";N�o;2;0;1;0;0;1;1;2;-26,463885;-48,950788;SPRF-SC;DEL03-SC;UOP03-DEL03-SC;;;
690225;10/05/2025;s�bado;07:50:00;PE;101;73;RECIFE;Rea��o tardia ou ineficiente do condutor;Colis�o traseira;Com V�timas Feridas;Pleno dia;Crescente;C�u Claro;Dupla;Reta;N�o;3;0;1;1;1;0;2;3;-8,09928;-34,950003;SPRF-PE;DEL01-PE;UOP01-DEL01-PE;;;
690226;10/05/2025;s�bado;07:15:00;RS;116;128,6;SAO MARCOS;Rea��o tardia ou ineficiente do condutor;Colis�o com objeto;Com V�timas Feridas;Pleno dia;Crescente;C�u Claro;Simples;"Curva;Declive";N�o;2;0;2;0;0;0;2;1;-29,037241;-51,10348;SPRF-RS;DEL05-RS;UOP01-DEL05-RS;;;
690227;10/05/2025;s�bado;05:50:00;RO;421;0,1;ARIQUEMES;Acessar a via sem observar a presen�a dos outros ve�culos;Colis�o transversal;Com V�timas Feridas;Amanhecer;Crescente;C�u Claro;Simples;Reta;Sim;2;0;1;0;1;0;1;2;-9,916473;-63,056815;SPRF-RO;DEL03-RO;UOP01-DEL03-RO;;;
690230;10/05/2025;s�bado;07:30:00;GO;60;173;ABADIA DE GOIAS;Velocidade Incompat�vel;Capotamento;Com V�timas Feridas;Pleno dia;Crescente;C�u Claro;Dupla;Reta;N�o;1;0;0;1;0;0;1;1;-16,74984114;-49,42817103;SPRF-GO;DEL01-GO;UOP02-DEL01-GO;;;
690231;23/01/2025;quinta-feira;04:00:00;MG;153;28,1;CANAPOLIS;Demais falhas mec�nicas ou el�tricas;Sa�da de leito carro��vel;Com V�timas Fatais;Plena Noite;Decrescente;C�u Claro;Dupla;Declive;N�o;6;1;2;2;0;1;4;1;-18,66327211;-49,16526319;SPRF-MG;DEL15-MG;UOP03-DEL15-MG;;;
690233;10/05/2025;s�bado;07:40:00;SC;101;217,6;PALHOCA;Condutor Dormindo;Sa�da de leito carro��vel;Sem V�timas;Pleno dia;Decrescente;C�u Claro;Dupla;Reta;Sim;1;0;0;0;0;1;0;1;-27,6731833;-48,67161254;SPRF-SC;DEL01-SC;UOP02-DEL01-SC;;;
690234;10/05/2025;s�bado;06:30:00;MT;163;549;DIAMANTINO;Aus�ncia de rea��o do condutor;Sa�da de leito carro��vel;Com V�timas Feridas;Pleno dia;Crescente;C�u Claro;Dupla;Reta;N�o;4;0;3;0;1;0;3;1;-14,258407;-56,145912;SPRF-MT;DEL01-MT;UOP01-DEL01-MT;;;
690235;10/05/2025;s�bado;08:21:00;SP;116;364;MIRACATU;Chuva;Capotamento;Com V�timas Feridas;Pleno dia;Decrescente;Chuva;Dupla;Curva;N�o;3;0;3;0;0;0;3;1;-24,2675527;-47,3932372;SPRF-SP;DEL04-SP;UOP02-DEL04-SP;;;
690237;02/05/2025;sexta-feira;08:30:00;RJ;101;486;ANGRA DOS REIS;Condutor deixou de manter dist�ncia do ve�culo da frente;Colis�o traseira;Com V�timas Feridas;Pleno dia;Decrescente;C�u Claro;Simples;Reta;Sim;3;0;1;0;0;2;1;3;-22,9895578;-44,2418061;SPRF-RJ;DEL03-RJ;UOP03-DEL03-RJ;;;
690238;10/05/2025;s�bado;07:32:00;SP;116;474;JACUPIRANGA;Pista Escorregadia;Capotamento;Com V�timas Feridas;Pleno dia;Decrescente;Chuva;Dupla;Reta;N�o;2;0;1;0;1;0;1;1;-24,69049369;-47,99319433;SPRF-SP;DEL05-SP;UOP01-DEL05-SP;;;
690239;10/05/2025;s�bado;04:50:00;MA;316;67;GOVERNADOR NUNES FREIRE;Acessar a via sem observar a presen�a dos outros ve�culos;Colis�o frontal;Com V�timas Fatais;Amanhecer;Decrescente;C�u Claro;Simples;Reta;Sim;2;1;0;0;1;0;0;2;-2,13428713;-45,88611603;SPRF-MA;DEL02-MA;UOP02-DEL02-MA;;;
690240;10/05/2025;s�bado;07:40:00;BA;324;516;FEIRA DE SANTANA;Pedestre andava na pista;Colis�o lateral sentido oposto;Com V�timas Feridas;Pleno dia;Crescente;C�u Claro;Simples;Curva;Sim;2;0;1;0;1;0;1;2;-12,24569437;-38,93515366;SPRF-BA;DEL02-BA;UOP01-DEL02-BA;;;
690242;10/05/2025;s�bado;08:45:00;PA;316;83;SAO FRANCISCO DO PARA;Acessar a via sem observar a presen�a dos outros ve�culos;Colis�o lateral mesmo sentido;Com V�timas Fatais;Pleno dia;Crescente;C�u Claro;Simples;Reta;N�o;2;1;0;0;1;0;0;2;-1,309298;-47,749745;SPRF-PA;DEL01-PA;UOP02-DEL01-PA;;;
690244;02/05/2025;sexta-feira;18:00:00;SC;101;107,9;PENHA;Manobra de mudan�a de faixa;Colis�o lateral mesmo sentido;Com V�timas Feridas;Plena Noite;Crescente;C�u Claro;M�ltipla;Reta;N�o;2;0;1;0;1;0;1;2;-26,81343363;-48,68321693;SPRF-SC;DEL03-SC;UOP02-DEL03-SC;;;
690245;09/05/2025;sexta-feira;22:30:00;RJ;40;109;DUQUE DE CAXIAS;Rea��o tardia ou ineficiente do condutor;Colis�o traseira;Com V�timas Feridas;Plena Noite;Crescente;C�u Claro;M�ltipla;Reta;Sim;2;0;1;0;1;0;1;2;-22,679743;-43,286242;SPRF-RJ;DEL01-RJ;UOP02-DEL01-RJ;;;
690247;10/05/2025;s�bado;08:50:00;MG;40;796,6;JUIZ DE FORA;Acessar a via sem observar a presen�a dos outros ve�culos;Colis�o transversal;Com V�timas Fatais;Pleno dia;Crescente;C�u Claro;Dupla;"Curva;Declive";N�o;4;1;0;0;3;0;0;2;-21,8111569;-43,39564984;SPRF-MG;DEL05-MG;UOP01-DEL05-MG;;;