id;data_inversa;dia_semana;horario;uf;br;km;municipio;causa_acidente;tipo_acidente;classificacao_acidente;fase_dia;sentido_via;condicao_metereologica;tipo_pista;tracado_via;uso_solo;pessoas;mortos;feridos_leves;feridos_graves;ilesos;ignorados;feridos;veiculos;latitude;longitude;regional;delegacia;uop;;;
690249;10/05/2025;s�bado;07:19:00;SC;101;208,7;SAO JOSE;Aus�ncia de rea��o do condutor;Sa�da de leito carro��vel;Sem V�timas;Pleno dia;Decrescente;C�u Claro;Dupla;Reta;Sim;1;0;0;0;0;1;0;1;-27,6075877;-48,6361428;SPRF-SC;DEL01-SC;UOP01-DEL01-SC;;;
690250;10/05/2025;s�bado;06:52:00;RO;364;703;PORTO VELHO;Aus�ncia de rea��o do condutor;Tombamento;Com V�timas Feridas;Pleno dia;Decrescente;C�u Claro;Dupla;Reta;Sim;1;0;1;0;0;0;1;1;-8,80054643;-63,8044494;SPRF-RO;DEL01-RO;UOP01-DEL01-RO;;;
690251;10/05/2025;s�bado;07:45:00;SC;101;6,5;ARARANGUA;Acessar a via sem observar a presen�a dos outros ve�culos;Colis�o lateral mesmo sentido;Sem V�timas;Pleno dia;Decrescente;C�u Claro;Simples;Rotat�ria;N�o;2;0;0;0;1;1;0;2;-28,96320008;-49,51934902;SPRF-SC;DEL02-SC;UOP02-DEL02-SC;;;
690253;10/05/2025;s�bado;08:45:00;MT;163;666;LUCAS DO RIO VERDE;Rea��o tardia ou ineficiente do condutor;Colis�o com objeto;Com V�timas Feridas;Pleno dia;Decrescente;C�u Claro;Simples;Reta;N�o;3;0;1;2;0;0;3;1;-13,244977;-56,013562;SPRF-MT;DEL06-MT;UOP01-DEL06-MT;;;
690255;10/05/2025;s�bado;09:45:00;SC;116;0,3;MAFRA;Aus�ncia de rea��o do condutor;Colis�o traseira;Com V�timas Feridas;Pleno dia;Crescente;C�u Claro;Simples;Reta;N�o;2;0;1;0;1;0;1;2;-26,1117714;-49,7861389;SPRF-SC;DEL06-SC;UOP01-DEL06-SC;;;
690256;10/05/2025;s�bado;09:40:00;PB;230;287;SANTA LUZIA;Convers�o proibida;Colis�o transversal;Com V�timas Feridas;Pleno dia;Crescente;C�u Claro;Simples;Reta;N�o;5;0;4;0;1;0;4;2;-6,894806;-36,883516;SPRF-PB;DEL03-PB;UOP01-DEL03-PB;;;
690257;10/05/2025;s�bado;08:38:00;MT;364;402;CUIABA;Manobra de mudan�a de faixa;Colis�o lateral mesmo sentido;Com V�timas Feridas;Pleno dia;Crescente;C�u Claro;M�ltipla;Reta;Sim;2;0;1;0;1;0;1;2;-15,645942;-56,00904;SPRF-MT;DEL01-MT;UOP02-DEL01-MT;;;
690258;10/05/2025;s�bado;09:05:00;MS;163;546;BANDEIRANTES;Rea��o tardia ou ineficiente do condutor;Colis�o lateral sentido oposto;Com V�timas Feridas;Pleno dia;Crescente;Nublado;Simples;Curva;N�o;4;0;2;0;2;0;2;2;-19,931848;-54,365172;SPRF-MS;DEL01-MS;UOP02-DEL01-MS;;;
690259;10/05/2025;s�bado;09:15:00;PR;369;433,5;UBIRATA;Desrespeitar a prefer�ncia no cruzamento;Colis�o transversal;Com V�timas Feridas;Pleno dia;Decrescente;C�u Claro;Simples;"Reta;Interse��o de Vias";Sim;7;0;4;0;3;0;4;2;-24,55692542;-52,99874995;SPRF-PR;DEL04-PR;UOP03-DEL04-PR;;;
690260;10/05/2025;s�bado;09:35:00;SC;470;88,7;ASCURRA;Mal s�bito do condutor;Colis�o transversal;Com V�timas Feridas;Pleno dia;Crescente;C�u Claro;Simples;Curva;Sim;2;0;0;1;1;0;1;2;-26,96030144;-49,37537894;SPRF-SC;DEL04-SC;UOP01-DEL04-SC;;;
690262;10/05/2025;s�bado;10:10:00;BA;116;15,7;VITORIA DA CONQUISTA;Convers�o proibida;Colis�o lateral mesmo sentido;Com V�timas Feridas;Pleno dia;Crescente;Sol;Simples;Reta;N�o;2;0;1;0;1;0;1;2;-14,900267;-40,853628;SPRF-BA;DEL08-BA;UOP01-DEL08-BA;;;
690264;10/05/2025;s�bado;10:30:00;PR;476;115;COLOMBO;Acesso irregular;Colis�o lateral mesmo sentido;Com V�timas Feridas;Pleno dia;Decrescente;Garoa/Chuvisco;Simples;Reta;Sim;3;0;2;0;1;0;2;2;-25,3430511;-49,15876357;SPRF-PR;DEL01-PR;UOP01-DEL01-PR;;;
690265;10/05/2025;s�bado;10:10:00;MG;40;516;RIBEIRAO DAS NEVES;Ultrapassagem Indevida;Colis�o traseira;Com V�timas Feridas;Pleno dia;Crescente;C�u Claro;Dupla;Reta;Sim;2;0;1;0;1;0;1;2;-19,81633103;-44,08982992;SPRF-MG;DEL01-MG;UOP02-DEL01-MG;;;
690266;10/05/2025;s�bado;11:10:00;SC;470;32,3;GASPAR;Aus�ncia de rea��o do condutor;Tombamento;Com V�timas Feridas;Pleno dia;Crescente;C�u Claro;Simples;"Curva;Rotat�ria";N�o;1;0;0;1;0;0;1;1;-26,90307008;-48,93395305;SPRF-SC;DEL04-SC;UOP01-DEL04-SC;;;
690267;10/05/2025;s�bado;10:11:00;PR;116;44,5;CAMPINA GRANDE DO SUL;Chuva;Colis�o com objeto;Com V�timas Feridas;Pleno dia;Crescente;Chuva;Dupla;Curva;N�o;5;0;5;0;0;0;5;1;-25,193355;-48,888547;SPRF-PR;DEL01-PR;UOP02-DEL01-PR;;;
690272;10/05/2025;s�bado;11:35:00;MG;40;438,9;PARAOPEBA;Velocidade Incompat�vel;Colis�o traseira;Com V�timas Feridas;Pleno dia;Decrescente;C�u Claro;Dupla;"Reta;Aclive";N�o;3;0;1;0;1;1;1;3;-19,251903;-44,423215;SPRF-MG;DEL02-MG;UOP01-DEL02-MG;;;
690273;10/05/2025;s�bado;09:00:00;MT;163;971;TERRA NOVA DO NORTE;Aus�ncia de rea��o do condutor;Sa�da de leito carro��vel;Com V�timas Feridas;Pleno dia;Decrescente;Sol;Simples;Reta;N�o;1;0;1;0;0;0;1;1;-10,7181;-55,1268;SPRF-MT;DEL06-MT;UOP03-DEL06-MT;;;
690274;10/05/2025;s�bado;11:50:00;PB;101;103;ALHANDRA;Demais falhas mec�nicas ou el�tricas;Colis�o com objeto;Com V�timas Feridas;Pleno dia;Decrescente;C�u Claro;Dupla;Reta;N�o;2;0;1;1;0;0;2;1;-7,285423;-34,938892;SPRF-PB;DEL01-PB;UOP01-DEL01-PB;;;
690275;10/05/2025;s�bado;11:40:00;RS;386;435;NOVA SANTA RITA;Acessar a via sem observar a presen�a dos outros ve�culos;Colis�o transversal;Com V�timas Feridas;Pleno dia;Crescente;Sol;Dupla;Rotat�ria;Sim;4;0;1;0;3;0;1;2;-29,84812082;-51,27108548;SPRF-RS;DEL04-RS;UOP02-DEL04-RS;;;
690276;10/05/2025;s�bado;07:20:00;MG;40;241;SAO GONCALO DO ABAETE;Transtornos Mentais (exceto suicidio);Sa�da de leito carro��vel;Com V�timas Feridas;Pleno dia;Decrescente;C�u Claro;Simples;Reta;N�o;1;0;1;0;0;0;1;1;-18,0745559;-45,501185;SPRF-MG;DEL14-MG;UOP02-DEL14-MG;;;
690278;10/05/2025;s�bado;10:20:00;MT;364;186;PEDRA PRETA;Acessar a via sem observar a presen�a dos outros ve�culos;Colis�o transversal;Com V�timas Feridas;Pleno dia;Crescente;C�u Claro;Simples;Reta;N�o;4;0;1;0;3;0;1;2;-16,59005083;-54,51355934;SPRF-MT;DEL02-MT;UOP01-DEL02-MT;;;
690279;10/05/2025;s�bado;10:20:00;PR;376;324,7;ORTIGUEIRA;Aus�ncia de rea��o do condutor;Sa�da de leito carro��vel;Com V�timas Feridas;Pleno dia;Decrescente;Chuva;Simples;Curva;N�o;3;0;2;0;1;0;2;1;-24,05314588;-51,06651306;SPRF-PR;DEL07-PR;UOP02-DEL07-PR;;;
690280;10/05/2025;s�bado;07:15:00;SP;116;514;CAJATI;Rea��o tardia ou ineficiente do condutor;Capotamento;Com V�timas Feridas;Pleno dia;Decrescente;Chuva;Dupla;"Curva;Declive";N�o;2;0;1;0;1;0;1;1;-24,86013135;-48,2109202;SPRF-SP;DEL05-SP;UOP02-DEL05-SP;;;
690281;10/05/2025;s�bado;12:00:00;GO;40;13;LUZIANIA;Aus�ncia de rea��o do condutor;Colis�o traseira;Sem V�timas;Pleno dia;Decrescente;C�u Claro;Dupla;Reta;Sim;2;0;0;0;1;1;0;2;-16,1442577;-47,94808388;SPRF-DF;DEL01-DF;UOP01-DEL01-DF;;;
690284;10/05/2025;s�bado;11:43:00;SC;101;209,8;SAO JOSE;Transitar na contram�o;Colis�o lateral sentido oposto;Com V�timas Feridas;Pleno dia;Crescente;C�u Claro;M�ltipla;Reta;Sim;4;0;1;0;3;0;1;4;-27,612789;-48,641966;SPRF-SC;DEL01-SC;UOP01-DEL01-SC;;;
690285;10/05/2025;s�bado;09:40:00;MG;116;409,8;GOVERNADOR VALADARES;Condutor deixou de manter dist�ncia do ve�culo da frente;Colis�o traseira;Com V�timas Feridas;Pleno dia;Decrescente;Nublado;Dupla;Reta;Sim;2;0;1;0;1;0;1;2;-18,85664557;-41,97519897;SPRF-MG;DEL06-MG;UOP01-DEL06-MG;;;
690287;10/05/2025;s�bado;13:05:00;SC;101;206,5;SAO JOSE;Rea��o tardia ou ineficiente do condutor;Colis�o com objeto;Com V�timas Feridas;Pleno dia;Decrescente;C�u Claro;M�ltipla;Reta;Sim;1;0;1;0;0;0;1;1;-27,597;-48,62;SPRF-SC;DEL01-SC;UOP01-DEL01-SC;;;
690290;10/05/2025;s�bado;13:30:00;MG;50;39;ARAGUARI;Velocidade Incompat�vel;Queda de ocupante de ve�culo;Com V�timas Feridas;Pleno dia;Decrescente;C�u Claro;Simples;Reta;Sim;1;0;0;1;0;0;1;1;-18,66852686;-48,17504883;SPRF-MG;DEL15-MG;UOP02-DEL15-MG;;;
690291;07/05/2025;quarta-feira;09:00:00;RJ;40;124;DUQUE DE CAXIAS;Manobra de mudan�a de faixa;Colis�o transversal;Com V�timas Feridas;Pleno dia;Crescente;C�u Claro;Simples;Reta;Sim;3;0;3;0;0;0;3;2;-22,80171718;-43,29015478;SPRF-RJ;DEL01-RJ;UOP02-DEL01-RJ;;;
690292;10/05/2025;s�bado;11:20:00;RO;425;128,5;GUAJARA-MIRIM;Manobra de mudan�a de faixa;Colis�o lateral mesmo sentido;Com V�timas Feridas;Pleno dia;Crescente;C�u Claro;Dupla;Reta;Sim;2;0;1;0;1;0;1;2;-10,77026804;-65,32228801;SPRF-RO;DEL01-RO;UOP03-DEL01-RO;;;
690294;10/05/2025;s�bado;13:08:00;BA;101;709;EUNAPOLIS;Acessar a via sem observar a presen�a dos outros ve�culos;Colis�o transversal;Com V�timas Feridas;Pleno dia;Crescente;C�u Claro;Simples;Reta;N�o;2;0;0;1;0;1;1;2;-16,31481221;-39,59764481;SPRF-BA;DEL09-BA;UOP01-DEL09-BA;;;
690295;10/05/2025;s�bado;12:05:00;RS;470;216;BENTO GONCALVES;Acessar a via sem observar a presen�a dos outros ve�culos;Colis�o transversal;Com V�timas Feridas;Pleno dia;Crescente;C�u Claro;Simples;Reta;Sim;3;0;1;0;2;0;1;2;-29,17128327;-51,52441978;SPRF-RS;DEL06-RS;UOP01-DEL06-RS;;;
690296;10/05/2025;s�bado;13:00:00;SP;116;144,3;SAO JOSE DOS CAMPOS;Trafegar com motocicleta (ou similar) entre as faixas;Colis�o lateral mesmo sentido;Com V�timas Feridas;Pleno dia;Crescente;Sol;Dupla;Reta;Sim;3;0;1;0;2;0;1;3;-23,18109723;-45,84329822;SPRF-SP;DEL02-SP;UOP01-DEL02-SP;;;
690297;10/05/2025;s�bado;13:45:00;MG;50;144;UBERABA;Velocidade Incompat�vel;Colis�o com objeto;Com V�timas Feridas;Pleno dia;Crescente;C�u Claro;Dupla;"Reta;Declive";N�o;2;0;2;0;0;0;2;1;-19,5548481;-48,0349437;SPRF-MG;DEL13-MG;UOP01-DEL13-MG;;;
690298;10/05/2025;s�bado;11:56:00;PB;101;48;RIO TINTO;Condutor Dormindo;Sa�da de leito carro��vel;Com V�timas Feridas;Pleno dia;Decrescente;Sol;Dupla;Reta;N�o;1;0;0;1;0;0;1;1;-6,906804;-35,117037;SPRF-PB;DEL01-PB;UOP03-DEL01-PB;;;
690299;10/05/2025;s�bado;13:50:00;BA;324;624;SALVADOR;Manobra de mudan�a de faixa;Colis�o transversal;Com V�timas Feridas;Pleno dia;Crescente;C�u Claro;Dupla;Reta;Sim;3;0;2;0;1;0;2;2;-12,946491;-38,470052;SPRF-BA;DEL01-BA;UOP01-DEL01-BA;;;
690302;10/05/2025;s�bado;13:00:00;SP;116;219;GUARULHOS;Velocidade Incompat�vel;Colis�o lateral sentido oposto;Com V�timas Feridas;Pleno dia;Crescente;Nublado;Simples;Curva;Sim;2;0;0;1;1;0;1;2;-23,46055413;-46,4882919;SPRF-SP;DEL01-SP;UOP01-DEL01-SP;;;
690303;10/05/2025;s�bado;12:40:00;RS;116;200,9;PICADA CAFE;Rea��o tardia ou ineficiente do condutor;Tombamento;Com V�timas Feridas;Pleno dia;Decrescente;C�u Claro;Simples;Curva;N�o;2;0;0;1;0;1;1;2;-29,48848774;-51,14180937;SPRF-RS;DEL05-RS;UOP02-DEL05-RS;;;
690305;10/05/2025;s�bado;13:58:00;PR;116;38;CAMPINA GRANDE DO SUL;Chuva;Sa�da de leito carro��vel;Com V�timas Feridas;Pleno dia;Decrescente;Chuva;M�ltipla;Curva;N�o;1;0;1;0;0;0;1;1;-25,150176;-48,859129;SPRF-PR;DEL01-PR;UOP02-DEL01-PR;;;
690307;10/05/2025;s�bado;13:26:00;PE;101;124,6;ESCADA;Manobra de mudan�a de faixa;Colis�o lateral mesmo sentido;Com V�timas Fatais;Pleno dia;Decrescente;Sol;Dupla;Reta;N�o;2;1;0;1;0;0;1;2;-8,36312;-35,21675;SPRF-PE;DEL01-PE;UOP03-DEL01-PE;;;
690308;10/05/2025;s�bado;14:15:00;RS;116;254;SAPUCAIA DO SUL;Condutor deixou de manter dist�ncia do ve�culo da frente;Colis�o traseira;Com V�timas Feridas;Pleno dia;Decrescente;C�u Claro;Dupla;Reta;Sim;2;0;0;1;1;0;1;2;-29,82816426;-51,17288299;SPRF-RS;DEL01-RS;UOP02-DEL01-RS;;;
690309;10/05/2025;s�bado;10:00:00;SC;470;22;ILHOTA;Rea��o tardia ou ineficiente do condutor;Colis�o com objeto;Com V�timas Feridas;Pleno dia;Decrescente;C�u Claro;Dupla;Retorno Regulamentado;Sim;1;0;1;0;0;0;1;1;-26,88061144;-48,83936143;SPRF-SC;DEL04-SC;UOP04-DEL04-SC;;;
690312;10/05/2025;s�bado;08:00:00;SC;101;334;TUBARAO;Desrespeitar a prefer�ncia no cruzamento;Colis�o transversal;Com V�timas Feridas;Pleno dia;Decrescente;C�u Claro;M�ltipla;Interse��o de Vias;Sim;2;0;1;0;1;0;1;2;-28,470715;-49,018594;SPRF-SC;DEL02-SC;UOP01-DEL02-SC;;;
690313;10/05/2025;s�bado;14:30:00;MG;381;846,6;SAO SEBASTIAO DA BELA VISTA;Rea��o tardia ou ineficiente do condutor;Tombamento;Com V�timas Feridas;Pleno dia;Crescente;C�u Claro;Dupla;Reta;N�o;1;0;1;0;0;0;1;1;-22,211;-45,8667;SPRF-MG;DEL16-MG;UOP01-DEL16-MG;;;
690314;10/05/2025;s�bado;14:40:00;DF;251;30;BRASILIA;Ultrapassagem Indevida;Sa�da de leito carro��vel;Com V�timas Feridas;Pleno dia;Crescente;C�u Claro;Simples;"Reta;Aclive";N�o;2;0;1;0;1;0;1;1;-15,941687;-47,735007;SPRF-DF;DEL01-DF;UOP01-DEL01-DF;;;
690315;10/05/2025;s�bado;14:30:00;RJ;116;69;TERESOPOLIS;Velocidade Incompat�vel;Queda de ocupante de ve�culo;Com V�timas Feridas;Pleno dia;Crescente;C�u Claro;Simples;Reta;Sim;1;0;1;0;0;0;1;1;-22,302966;-42,93649;SPRF-RJ;DEL04-RJ;UOP01-DEL04-RJ;;;
690317;10/05/2025;s�bado;15:30:00;MG;381;504;BETIM;Aus�ncia de rea��o do condutor;Tombamento;Com V�timas Feridas;Pleno dia;Crescente;C�u Claro;Dupla;Reta;Sim;1;0;1;0;0;0;1;1;-20,0320041;-44,2384417;SPRF-MG;DEL01-MG;UOP03-DEL01-MG;;;
690318;10/05/2025;s�bado;12:30:00;RJ;116;79,8;TERESOPOLIS;Velocidade Incompat�vel;Colis�o transversal;Com V�timas Feridas;Pleno dia;Crescente;C�u Claro;Simples;"Reta;Declive";Sim;2;0;0;1;1;0;1;2;-22,379741;-42,953157;SPRF-RJ;DEL04-RJ;UOP01-DEL04-RJ;;;
690319;10/05/2025;s�bado;13:50:00;RJ;465;15;SEROPEDICA;Trafegar com motocicleta (ou similar) entre as faixas;Colis�o lateral sentido oposto;Com V�timas Feridas;Pleno dia;Decrescente;Nublado;Simples;Reta;Sim;3;0;1;1;1;0;2;2;-22,810944;-43,631846;SPRF-RJ;DEL06-RJ;UOP02-DEL06-RJ;;;
690320;10/05/2025;s�bado;13:40:00;SE;235;31,5;AREIA BRANCA;Condutor deixou de manter dist�ncia do ve�culo da frente;Colis�o traseira;Com V�timas Feridas;Pleno dia;Crescente;C�u Claro;Simples;"Em Obras;Reta";N�o;2;0;1;0;1;0;1;2;-10,77341;-37,297226;SPRF-SE;DEL01-SE;UOP02-DEL01-SE;;;
690321;10/05/2025;s�bado;14:25:00;RS;290;34;SANTO ANTONIO DA PATRULHA;Rea��o tardia ou ineficiente do condutor;Queda de ocupante de ve�culo;Com V�timas Feridas;Pleno dia;Decrescente;C�u Claro;Dupla;Reta;N�o;1;0;1;0;0;0;1;1;-29,885739;-50,604741;SPRF-RS;DEL03-RS;UOP01-DEL03-RS;;;
690324;10/05/2025;s�bado;15:50:00;SC;280;29,7;ARAQUARI;Acessar a via sem observar a presen�a dos outros ve�culos;Colis�o transversal;Com V�timas Feridas;Pleno dia;Crescente;C�u Claro;Simples;"Em Obras;Interse��o de Vias";Sim;3;0;0;1;2;0;1;2;-26,41288533;-48,75670905;SPRF-SC;DEL03-SC;UOP03-DEL03-SC;;;
690325;10/05/2025;s�bado;15:00:00;SC;282;255,3;SAO JOSE DO CERRITO;Acessar a via sem observar a presen�a dos outros ve�culos;Colis�o transversal;Com V�timas Feridas;Pleno dia;Decrescente;C�u Claro;Simples;Reta;N�o;2;0;1;0;1;0;1;2;-27,67307073;-50,57981735;SPRF-SC;DEL05-SC;UOP02-DEL05-SC;;;
690326;10/05/2025;s�bado;16:10:00;RJ;116;81;TERESOPOLIS;Ultrapassagem Indevida;Colis�o transversal;Com V�timas Feridas;Pleno dia;Decrescente;C�u Claro;Simples;Reta;Sim;2;0;1;0;1;0;1;2;-22,39371963;-42,95289516;SPRF-RJ;DEL04-RJ;UOP01-DEL04-RJ;;;
690327;10/05/2025;s�bado;15:20:00;MG;153;28;CENTRALINA;Aus�ncia de rea��o do condutor;Capotamento;Com V�timas Feridas;Pleno dia;Decrescente;C�u Claro;Dupla;Reta;N�o;4;0;4;0;0;0;4;1;-18,6607;-49,1669;SPRF-MG;DEL15-MG;UOP03-DEL15-MG;;;
690328;10/05/2025;s�bado;15:25:00;SC;116;207,5;PONTE ALTA;Acessar a via sem observar a presen�a dos outros ve�culos;Colis�o transversal;Com V�timas Feridas;Pleno dia;Decrescente;C�u Claro;Simples;"Interse��o de Vias;Rotat�ria";Sim;6;0;1;0;5;0;1;2;-27,48434;-50,377796;SPRF-SC;DEL05-SC;UOP03-DEL05-SC;;;
690329;10/05/2025;s�bado;13:00:00;BA;410;3;RIBEIRA DO POMBAL;Pista esburacada;Sa�da de leito carro��vel;Com V�timas Feridas;Pleno dia;Decrescente;C�u Claro;Simples;Reta;N�o;2;0;2;0;0;0;2;1;-10,82959095;-38,55287293;SPRF-BA;DEL07-BA;UOP02-DEL07-BA;;;
690330;10/05/2025;s�bado;13:30:00;MT;163;519;DIAMANTINO;Acumulo de �gua sobre o pavimento;Sa�da de leito carro��vel;Com V�timas Feridas;Pleno dia;Decrescente;Chuva;Dupla;Reta;N�o;4;0;2;2;0;0;4;1;-14,453172;-56,137849;SPRF-MT;DEL01-MT;UOP01-DEL01-MT;;;
690331;10/05/2025;s�bado;16:20:00;MG;381;500,9;BETIM;Trafegar com motocicleta (ou similar) entre as faixas;Colis�o lateral mesmo sentido;Com V�timas Feridas;Pleno dia;Decrescente;C�u Claro;Dupla;Reta;Sim;3;0;2;0;0;1;2;2;-20,0134887;-44,2209325;SPRF-MG;DEL01-MG;UOP03-DEL01-MG;;;
690332;10/05/2025;s�bado;14:30:00;PE;424;51;VENTUROSA;Velocidade Incompat�vel;Colis�o com objeto;Com V�timas Fatais;Pleno dia;Decrescente;Sol;Simples;"Curva;Declive";N�o;1;1;0;0;0;0;0;1;-8,718818;-36,773747;SPRF-PE;DEL03-PE;UOP01-DEL03-PE;;;
690333;10/05/2025;s�bado;15:50:00;MG;40;499,5;ESMERALDAS;Transitar na contram�o;Colis�o frontal;Com V�timas Feridas;Pleno dia;Crescente;C�u Claro;M�ltipla;Interse��o de Vias;Sim;2;0;2;0;0;0;2;2;-19,69685973;-44,17717338;SPRF-MG;DEL02-MG;UOP01-DEL02-MG;;;
690334;10/05/2025;s�bado;16:12:00;PE;101;50,8;ABREU E LIMA;Desrespeitar a prefer�ncia no cruzamento;Colis�o transversal;Com V�timas Feridas;Pleno dia;Decrescente;C�u Claro;M�ltipla;Reta;Sim;2;0;0;1;1;0;1;2;-7,91478;-34,8985;SPRF-PE;DEL01-PE;UOP02-DEL01-PE;;;
690338;10/05/2025;s�bado;15:30:00;MT;364;208;RONDONOPOLIS;Acessar a via sem observar a presen�a dos outros ve�culos;Colis�o transversal;Com V�timas Feridas;Pleno dia;Decrescente;Nublado;Dupla;Interse��o de Vias;Sim;2;0;0;1;1;0;1;2;-16,43713479;-54,68178749;SPRF-MT;DEL02-MT;UOP01-DEL02-MT;;;
690339;10/05/2025;s�bado;16:30:00;RS;116;217;MORRO REUTER;Rea��o tardia ou ineficiente do condutor;Colis�o traseira;Com V�timas Feridas;Pleno dia;Crescente;C�u Claro;Simples;"Reta;Interse��o de Vias";Sim;3;0;2;0;1;0;2;2;-29,54228121;-51,08194683;SPRF-RS;DEL05-RS;UOP02-DEL05-RS;;;
690340;10/05/2025;s�bado;17:05:00;SC;280;26,7;ARAQUARI;Aus�ncia de rea��o do condutor;Colis�o lateral mesmo sentido;Com V�timas Feridas;Pleno dia;Decrescente;C�u Claro;Simples;Reta;Sim;2;0;1;0;1;0;1;2;-26,3948307;-48,7388536;SPRF-SC;DEL03-SC;UOP03-DEL03-SC;;;
690341;10/05/2025;s�bado;17:00:00;ES;101;262;SERRA;Condutor desrespeitou a ilumina��o vermelha do sem�foro;Colis�o transversal;Sem V�timas;Pleno dia;Crescente;C�u Claro;Dupla;Retorno Regulamentado;Sim;2;0;0;0;2;0;0;2;-20,16678641;-40,27208598;SPRF-ES;DEL02-ES;UOP01-DEL02-ES;;;
690342;10/05/2025;s�bado;16:35:00;PB;101;89;JOAO PESSOA;Acessar a via sem observar a presen�a dos outros ve�culos;Colis�o transversal;Com V�timas Feridas;Pleno dia;Crescente;C�u Claro;Dupla;"Reta;Retorno Regulamentado";Sim;3;0;0;1;2;0;1;2;-7,18126815;-34,90083843;SPRF-PB;DEL01-PB;UOP01-DEL01-PB;;;
690343;10/05/2025;s�bado;16:30:00;RJ;101;548,5;PARATY;Chuva;Queda de ocupante de ve�culo;Com V�timas Feridas;Pleno dia;Decrescente;Chuva;Simples;Curva;N�o;1;0;1;0;0;0;1;1;-23,05;-44,65;SPRF-RJ;DEL03-RJ;UOP04-DEL03-RJ;;;
690345;10/05/2025;s�bado;17:00:00;MA;135;5;SAO LUIS;Manobra de mudan�a de faixa;Colis�o lateral mesmo sentido;Sem V�timas;Pleno dia;Decrescente;Garoa/Chuvisco;Dupla;Reta;N�o;2;0;0;0;2;0;0;2;-2,6280393;-44,262138;SPRF-MA;DEL01-MA;UOP01-DEL01-MA;;;
690347;10/05/2025;s�bado;17:15:00;MG;116;701,7;MURIAE;Manobra de mudan�a de faixa;Colis�o transversal;Com V�timas Feridas;Pleno dia;Decrescente;C�u Claro;Simples;Curva;N�o;3;0;2;0;0;1;2;2;-21,119;-42,38;SPRF-MG;DEL07-MG;UOP02-DEL07-MG;;;
690348;10/05/2025;s�bado;15:30:00;SC;470;65;BLUMENAU;Aus�ncia de rea��o do condutor;Sa�da de leito carro��vel;Sem V�timas;Pleno dia;Decrescente;C�u Claro;Simples;Reta;Sim;1;0;0;0;1;0;0;1;-26,87658182;-49,12265517;SPRF-SC;DEL04-SC;UOP01-DEL04-SC;;;
690349;10/05/2025;s�bado;17:00:00;PR;369;174,2;ROLANDIA;Rea��o tardia ou ineficiente do condutor;Colis�o transversal;Com V�timas Feridas;Pleno dia;Decrescente;Nublado;Simples;Reta;Sim;3;0;3;0;0;0;3;2;-23,31713;-51,377848;SPRF-PR;DEL07-PR;UOP01-DEL07-PR;;;
690350;10/05/2025;s�bado;15:30:00;MG;381;4,3;BETIM;Aus�ncia de rea��o do condutor;Colis�o traseira;Com V�timas Feridas;Pleno dia;Decrescente;C�u Claro;Dupla;Reta;Sim;5;0;1;0;3;1;1;2;-19,9871053;-44,1812894;SPRF-MG;DEL01-MG;UOP03-DEL01-MG;;;
690351;10/05/2025;s�bado;12:22:00;MG;116;524,8;CARATINGA;Retorno proibido;Colis�o transversal;Com V�timas Feridas;Pleno dia;Crescente;C�u Claro;Simples;Reta;Sim;3;0;0;1;1;1;1;3;-19,78253434;-42,13634491;SPRF-MG;DEL06-MG;UOP02-DEL06-MG;;;
690352;10/05/2025;s�bado;13:30:00;MG;262;12,2;MARTINS SOARES;Retorno proibido;Colis�o transversal;Com V�timas Feridas;Pleno dia;Decrescente;Sol;Simples;"Reta;Aclive";N�o;4;0;2;1;1;0;3;2;-20,253827;-41,854219;SPRF-MG;DEL06-MG;UOP03-DEL06-MG;;;
690353;10/05/2025;s�bado;18:05:00;ES;101;304,4;VIANA;Condutor deixou de manter dist�ncia do ve�culo da frente;Colis�o traseira;Com V�timas Feridas;Plena Noite;Decrescente;C�u Claro;Dupla;"Reta;Viaduto";Sim;3;0;2;0;1;0;2;2;-20,382732;-40,459658;SPRF-ES;DEL01-ES;UOP01-DEL01-ES;;;
690354;10/05/2025;s�bado;16:30:00;PR;476;117;COLOMBO;Rea��o tardia ou ineficiente do condutor;Colis�o lateral mesmo sentido;Com V�timas Feridas;Pleno dia;Crescente;Garoa/Chuvisco;Dupla;Reta;Sim;2;0;0;1;1;0;1;2;-25,3654431;-49,18662196;SPRF-PR;DEL01-PR;UOP01-DEL01-PR;;;
690355;10/05/2025;s�bado;17:30:00;PB;230;140,9;MASSARANDUBA;Acessar a via sem observar a presen�a dos outros ve�culos;Colis�o transversal;Com V�timas Feridas;Anoitecer;Crescente;C�u Claro;Dupla;Reta;Sim;2;0;1;0;0;1;1;2;-7,259982;-35,808212;SPRF-PB;DEL02-PB;UOP01-DEL02-PB;;;
690357;16/04/2025;quarta-feira;14:40:00;RJ;393;293;PIRAI;Acessar a via sem observar a presen�a dos outros ve�culos;Colis�o transversal;Com V�timas Feridas;Pleno dia;Crescente;C�u Claro;Simples;Reta;N�o;2;0;1;0;1;0;1;2;-22,6669575;-43,8409691;SPRF-RJ;DEL05-RJ;UOP04-DEL05-RJ;;;
690358;10/05/2025;s�bado;15:30:00;MG;40;142;PARACATU;Acesso irregular;Colis�o transversal;Com V�timas Feridas;Pleno dia;Decrescente;C�u Claro;Simples;Reta;Sim;2;0;1;0;1;0;1;2;-17,2414773;-46,8237286;SPRF-MG;DEL14-MG;UOP01-DEL14-MG;;;