id;data_inversa;dia_semana;horario;uf;br;km;municipio;causa_acidente;tipo_acidente;classificacao_acidente;fase_dia;sentido_via;condicao_metereologica;tipo_pista;tracado_via;uso_solo;pessoas;mortos;feridos_leves;feridos_graves;ilesos;ignorados;feridos;veiculos;latitude;longitude;regional;delegacia;uop;;;
690360;10/05/2025;s�bado;18:20:00;PB;104;113,4;LAGOA SECA;Condutor deixou de manter dist�ncia do ve�culo da frente;Engavetamento;Com V�timas Feridas;Plena Noite;Decrescente;C�u Claro;Simples;Reta;Sim;4;0;1;0;3;0;1;3;-7,149868;-35,853855;SPRF-PB;DEL02-PB;UOP04-DEL02-PB;;;
690361;10/05/2025;s�bado;07:50:00;MG;153;1,9;ARAPORA;Aus�ncia de rea��o do condutor;Eventos at�picos;Sem V�timas;Amanhecer;Crescente;C�u Claro;Dupla;Reta;Sim;1;0;0;0;0;1;0;1;-18,43320657;-49,19156883;SPRF-MG;DEL15-MG;UOP03-DEL15-MG;;;
690362;10/05/2025;s�bado;17:50:00;SP;116;294;ITAPECERICA DA SERRA;Rea��o tardia ou ineficiente do condutor;Engavetamento;Com V�timas Feridas;Anoitecer;Crescente;Chuva;Dupla;Reta;Sim;3;0;2;0;0;1;2;3;-23,75154;-46,901367;SPRF-SP;DEL04-SP;UOP01-DEL04-SP;;;
690363;10/05/2025;s�bado;17:30:00;SC;282;24,2;SANTO AMARO DA IMPERATRIZ;Mal s�bito do condutor;Sa�da de leito carro��vel;Com V�timas Fatais;Plena Noite;Crescente;C�u Claro;Simples;Reta;Sim;2;1;0;0;0;1;0;2;-27,6817;-48,7454;SPRF-SC;DEL01-SC;UOP03-DEL01-SC;;;
690365;10/05/2025;s�bado;18:40:00;RS;290;107;ELDORADO DO SUL;Acessar a via sem observar a presen�a dos outros ve�culos;Colis�o traseira;Com V�timas Feridas;Plena Noite;Crescente;C�u Claro;Simples;Reta;Sim;4;0;2;0;2;0;2;2;-30,0021161;-51,3088899;SPRF-RS;DEL02-RS;UOP01-DEL02-RS;;;
690366;10/05/2025;s�bado;18:10:00;RS;285;201,1;LAGOA VERMELHA;Defici�ncia do Sistema de Ilumina��o/Sinaliza��o;Colis�o transversal;Com V�timas Feridas;Plena Noite;Decrescente;C�u Claro;Simples;Interse��o de Vias;Sim;5;0;0;2;2;1;2;3;-28,20976853;-51,54505704;SPRF-RS;DEL08-RS;UOP05-DEL08-RS;;;
690367;10/05/2025;s�bado;17:00:00;PR;116;5,5;CAMPINA GRANDE DO SUL;Velocidade Incompat�vel;Colis�o com objeto;Com V�timas Feridas;Anoitecer;Decrescente;Garoa/Chuvisco;Dupla;Curva;N�o;5;0;0;1;4;0;1;1;-25,087782;-48,604587;SPRF-PR;DEL01-PR;UOP02-DEL01-PR;;;
690371;10/05/2025;s�bado;18:10:00;MG;381;689,4;PERDOES;Aus�ncia de rea��o do condutor;Queda de ocupante de ve�culo;Com V�timas Feridas;Plena Noite;Decrescente;C�u Claro;Dupla;"Curva;Declive";N�o;1;0;1;0;0;0;1;1;-21,119802;-45,095547;SPRF-MG;DEL04-MG;UOP02-DEL04-MG;;;
690372;10/05/2025;s�bado;18:25:00;MS;163;113;ITAQUIRAI;Aus�ncia de rea��o do condutor;Colis�o traseira;Com V�timas Feridas;Pleno dia;Crescente;C�u Claro;Dupla;Reta;N�o;4;0;1;0;3;0;1;2;-23,16780788;-54,19899909;SPRF-MS;DEL09-MS;UOP01-DEL09-MS;;;
690374;10/05/2025;s�bado;17:50:00;PR;277;722,2;FOZ DO IGUACU;Acessar a via sem observar a presen�a dos outros ve�culos;Colis�o transversal;Com V�timas Feridas;Anoitecer;Decrescente;C�u Claro;Dupla;Reta;Sim;4;0;1;1;1;1;2;3;-25,49391707;-54,51810515;SPRF-PR;DEL05-PR;UOP03-DEL05-PR;;;
690375;10/05/2025;s�bado;17:45:00;RJ;101;556,8;PARATY;Chuva;Colis�o traseira;Com V�timas Feridas;Plena Noite;Decrescente;Chuva;Simples;Reta;N�o;2;0;1;0;1;0;1;2;-23,09;-44,7;SPRF-RJ;DEL03-RJ;UOP04-DEL03-RJ;;;
690376;10/05/2025;s�bado;17:30:00;SP;381;71;MAIRIPORA;Rea��o tardia ou ineficiente do condutor;Colis�o com objeto;Com V�timas Feridas;Pleno dia;Crescente;Chuva;Dupla;Curva;N�o;1;0;1;0;0;0;1;1;-23,354101;-46,550737;SPRF-SP;DEL03-SP;UOP01-DEL03-SP;;;
690378;10/05/2025;s�bado;19:30:00;RS;386;34;FREDERICO WESTPHALEN;Acessar a via sem observar a presen�a dos outros ve�culos;Colis�o transversal;Sem V�timas;Plena Noite;Crescente;C�u Claro;Simples;"Interse��o de Vias;Reta";Sim;2;0;0;0;2;0;0;2;-27,36409175;-53,39312407;SPRF-RS;DEL08-RS;UOP02-DEL08-RS;;;
690379;10/05/2025;s�bado;19:00:00;CE;222;220,3;SOBRAL;Desrespeitar a prefer�ncia no cruzamento;Colis�o transversal;Com V�timas Feridas;Plena Noite;Decrescente;C�u Claro;Simples;"Rotat�ria;Curva";N�o;3;0;1;0;1;1;1;3;-3,721234;-40,323672;SPRF-CE;DEL04-CE;UOP01-DEL04-CE;;;
690380;10/05/2025;s�bado;19:00:00;PR;272;384,2;ARARUNA;Ultrapassagem Indevida;Colis�o frontal;Com V�timas Fatais;Anoitecer;Decrescente;C�u Claro;Simples;Reta;N�o;6;1;1;1;2;1;2;3;-24,058486;-52,558035;SPRF-PR;DEL09-PR;UOP03-DEL09-PR;;;
690381;10/05/2025;s�bado;19:00:00;PE;428;183;PETROLINA;Aus�ncia de rea��o do condutor;Sa�da de leito carro��vel;Com V�timas Feridas;Plena Noite;Decrescente;C�u Claro;Dupla;Reta;Sim;1;0;0;1;0;0;1;1;-9,33618;-40,46823;SPRF-PE;DEL06-PE;UOP01-DEL06-PE;;;
690382;10/05/2025;s�bado;19:17:00;RN;226;40;MACAIBA;Acessar a via sem observar a presen�a dos outros ve�culos;Colis�o traseira;Com V�timas Feridas;Plena Noite;Decrescente;Nublado;Simples;Reta;N�o;4;0;0;1;2;1;1;3;-5,913308;-35,523017;SPRF-RN;DEL01-RN;UOP02-DEL01-RN;;;
690383;10/05/2025;s�bado;20:00:00;ES;101;331,8;GUARAPARI;Rea��o tardia ou ineficiente do condutor;Colis�o com objeto;Com V�timas Feridas;Plena Noite;Crescente;C�u Claro;Dupla;Curva;N�o;1;0;1;0;0;0;1;1;-20,606;-40,506;SPRF-ES;DEL03-ES;UOP01-DEL03-ES;;;
690386;10/05/2025;s�bado;10:00:00;PI;230;197;OEIRAS;Manobra de mudan�a de faixa;Colis�o transversal;Com V�timas Feridas;Pleno dia;Decrescente;C�u Claro;Dupla;"Reta;Interse��o de Vias";Sim;2;0;1;0;1;0;1;2;-7,012604;-42,133408;SPRF-PI;DEL04-PI;UOP01-DEL04-PI;;;
690387;10/05/2025;s�bado;19:45:00;AL;101;137,9;SAO MIGUEL DOS CAMPOS;Pedestre - Ingest�o de �lcool/ subst�ncias psicoativas;Atropelamento de Pedestre;Com V�timas Feridas;Plena Noite;Decrescente;C�u Claro;Dupla;Reta;Sim;3;0;0;1;2;0;1;2;-9,796906;-36,109263;SPRF-AL;DEL02-AL;UOP01-DEL02-AL;;;
690389;26/04/2025;s�bado;16:15:00;RS;116;146;CAXIAS DO SUL;Rea��o tardia ou ineficiente do condutor;Atropelamento de Pedestre;Com V�timas Feridas;Pleno dia;Crescente;Nublado;Dupla;Reta;Sim;2;0;1;0;1;0;1;2;-29,14663954;-51,14082668;SPRF-RS;DEL05-RS;UOP01-DEL05-RS;;;
690390;10/05/2025;s�bado;19:00:00;BA;235;341;JUAZEIRO;Transitar na contram�o;Colis�o frontal;Com V�timas Fatais;Plena Noite;Crescente;C�u Claro;Simples;Reta;N�o;3;1;2;0;0;0;2;2;-9,461852;-40,434402;SPRF-PE;DEL06-PE;UOP01-DEL06-PE;;;
690391;10/05/2025;s�bado;11:45:00;DF;70;1;BRASILIA;Ingest�o de �lcool pelo condutor;Sa�da de leito carro��vel;Sem V�timas;Pleno dia;Crescente;Chuva;Dupla;Reta;Sim;1;0;0;0;1;0;0;1;-15,79598513;-48,0664896;SPRF-DF;DEL03-DF;UOP02-DEL03-DF;;;
690392;10/05/2025;s�bado;19:50:00;GO;50;100;CRISTALINA;Problema na suspens�o;Sa�da de leito carro��vel;Com V�timas Feridas;Plena Noite;Crescente;C�u Claro;Dupla;Reta;Sim;2;0;1;0;1;0;1;1;-16,795509;-47,646682;SPRF-DF;DEL01-DF;UOP02-DEL01-DF;;;
690393;10/05/2025;s�bado;19:10:00;RO;319;80;PORTO VELHO;Acessar a via sem observar a presen�a dos outros ve�culos;Colis�o transversal;Com V�timas Feridas;Plena Noite;Crescente;Nublado;Dupla;Rotat�ria;Sim;2;0;1;0;1;0;1;2;-8,74014737;-63,89019577;SPRF-RO;DEL01-RO;UOP01-DEL01-RO;;;
690394;10/05/2025;s�bado;15:25:00;SC;282;385;JOACABA;Ingest�o de �lcool pelo condutor;Sa�da de leito carro��vel;Sem V�timas;Pleno dia;Decrescente;C�u Claro;Simples;Curva;N�o;1;0;0;0;0;1;0;1;-27,20132002;-51,5157187;SPRF-SC;DEL07-SC;UOP05-DEL07-SC;;;
690395;10/05/2025;s�bado;16:15:00;SC;282;341;CAMPOS NOVOS;Ingest�o de �lcool pelo condutor;Colis�o com objeto;Com V�timas Feridas;Pleno dia;Crescente;C�u Claro;Simples;Curva;N�o;1;0;1;0;0;0;1;1;-27,38724431;-51,1140418;SPRF-SC;DEL07-SC;UOP06-DEL07-SC;;;
690396;10/05/2025;s�bado;19:40:00;PR;277;117;CAMPO LARGO;Rea��o tardia ou ineficiente do condutor;Colis�o com objeto;Com V�timas Feridas;Plena Noite;Crescente;Nublado;Dupla;"Reta;Aclive";Sim;3;0;1;0;0;2;1;3;-25,44326205;-49,46056573;SPRF-PR;DEL03-PR;UOP03-DEL03-PR;;;
690397;10/05/2025;s�bado;20:15:00;PR;369;170;ROLANDIA;Acessar a via sem observar a presen�a dos outros ve�culos;Colis�o transversal;Com V�timas Feridas;Plena Noite;Crescente;Nublado;Dupla;"Retorno Regulamentado;Interse��o de Vias;Rotat�ria";Sim;3;0;1;0;2;0;1;2;-23,3024771;-51,33372394;SPRF-PR;DEL07-PR;UOP01-DEL07-PR;;;
690398;10/05/2025;s�bado;20:30:00;CE;116;10;FORTALEZA;Acessar a via sem observar a presen�a dos outros ve�culos;Atropelamento de Pedestre;Com V�timas Feridas;Plena Noite;Crescente;C�u Claro;M�ltipla;Reta;Sim;3;0;3;0;0;0;3;2;-3,84468081;-38,49853842;SPRF-CE;DEL01-CE;UOP02-DEL01-CE;;;
690399;10/05/2025;s�bado;21:00:00;PR;376;2,7;JANDAIA DO SUL;Aus�ncia de rea��o do condutor;Colis�o com objeto;Com V�timas Feridas;Plena Noite;Crescente;C�u Claro;Simples;Rotat�ria;Sim;1;0;1;0;0;0;1;1;-23,585;-51,627;SPRF-PR;DEL09-PR;UOP01-DEL09-PR;;;
690400;10/05/2025;s�bado;20:30:00;MG;40;524;CONTAGEM;Rea��o tardia ou ineficiente do condutor;Queda de ocupante de ve�culo;Com V�timas Feridas;Plena Noite;Decrescente;C�u Claro;Dupla;Reta;Sim;1;0;1;0;0;0;1;1;-19,88051389;-44,05058295;SPRF-MG;DEL01-MG;UOP02-DEL01-MG;;;
690401;10/05/2025;s�bado;15:20:00;MT;163;774;SORRISO;Rea��o tardia ou ineficiente do condutor;Tombamento;Com V�timas Feridas;Pleno dia;Decrescente;C�u Claro;Simples;"Reta;Declive";N�o;1;0;1;0;0;0;1;1;-12,379462;-55,611623;SPRF-MT;DEL06-MT;UOP02-DEL06-MT;;;
690402;10/05/2025;s�bado;20:30:00;BA;116;11,7;VITORIA DA CONQUISTA;Acessar a via sem observar a presen�a dos outros ve�culos;Atropelamento de Pedestre;Com V�timas Feridas;Plena Noite;Crescente;Nublado;Simples;Reta;Sim;2;0;0;1;0;1;1;2;-14,878255;-40,870998;SPRF-BA;DEL08-BA;UOP01-DEL08-BA;;;
690406;10/05/2025;s�bado;20:40:00;PE;424;87;GARANHUNS;Ingest�o de �lcool pelo condutor;Colis�o frontal;Com V�timas Feridas;Plena Noite;Crescente;Nublado;Simples;Reta;N�o;3;0;0;2;1;0;2;2;-8,87608268;-36,5073967;SPRF-PE;DEL03-PE;UOP01-DEL03-PE;;;
690408;10/05/2025;s�bado;21:05:00;MG;116;118;ITAOBIM;Demais falhas na via;Queda de ocupante de ve�culo;Com V�timas Feridas;Plena Noite;Crescente;C�u Claro;Simples;Declive;N�o;2;0;1;0;0;1;1;2;-16,59608982;-41,49739266;SPRF-MG;DEL11-MG;UOP02-DEL11-MG;;;
690409;10/05/2025;s�bado;18:50:00;PB;101;77;SANTA RITA;Transitar na contram�o;Colis�o frontal;Sem V�timas;Plena Noite;Decrescente;C�u Claro;Dupla;Reta;N�o;2;0;0;0;1;1;0;2;-7,10166366;-34,96501565;SPRF-PB;DEL01-PB;UOP03-DEL01-PB;;;
690410;10/05/2025;s�bado;20:30:00;ES;262;102,5;VENDA NOVA DO IMIGRANTE;Ingest�o de �lcool pelo condutor;Colis�o lateral sentido oposto;Sem V�timas;Plena Noite;Crescente;C�u Claro;Simples;Reta;Sim;2;0;0;0;2;0;0;2;-20,3366019;-41,1203586;SPRF-ES;DEL01-ES;UOP02-DEL01-ES;;;
690411;10/05/2025;s�bado;20:00:00;RJ;40;90;RIO DE JANEIRO;Chuva;Colis�o com objeto;Com V�timas Feridas;Plena Noite;Decrescente;Chuva;Dupla;Reta;N�o;2;0;2;0;0;0;2;1;-22,9179392;-43,220992;SPRF-RJ;DEL01-RJ;UOP01-DEL01-RJ;;;
690412;10/05/2025;s�bado;21:45:00;RS;116;248;SAO LEOPOLDO;Manobra de mudan�a de faixa;Colis�o lateral mesmo sentido;Com V�timas Feridas;Plena Noite;Decrescente;C�u Claro;M�ltipla;Reta;Sim;3;0;1;0;1;1;1;3;-29,78047995;-51,15801638;SPRF-RS;DEL01-RS;UOP02-DEL01-RS;;;
690413;10/05/2025;s�bado;21:00:00;MG;116;595,2;MANHUACU;Aus�ncia de rea��o do condutor;Tombamento;Com V�timas Feridas;Plena Noite;Decrescente;C�u Claro;Simples;Reta;N�o;2;0;1;0;1;0;1;1;-20,2562797;-42,1263797;SPRF-MG;DEL06-MG;UOP03-DEL06-MG;;;
690414;10/05/2025;s�bado;21:15:00;SP;153;60;SAO JOSE DO RIO PRETO;Velocidade Incompat�vel;Colis�o traseira;Com V�timas Feridas;Plena Noite;Decrescente;C�u Claro;Dupla;Reta;N�o;3;0;1;0;2;0;1;2;-20,79708308;-49,35476428;SPRF-SP;DEL09-SP;UOP01-DEL09-SP;;;
690416;10/05/2025;s�bado;14:30:00;RN;226;210,8;FLORANIA;Velocidade Incompat�vel;Sa�da de leito carro��vel;Com V�timas Feridas;Pleno dia;Crescente;Chuva;Simples;Curva;N�o;17;0;7;0;10;0;7;1;-6,189817;-36,78392;SPRF-RN;DEL03-RN;UOP02-DEL03-RN;;;
690417;10/05/2025;s�bado;19:25:00;SC;163;73,5;SAO MIGUEL DO OESTE;Ingest�o de �lcool pelo condutor;Sa�da de leito carro��vel;Com V�timas Feridas;Plena Noite;Decrescente;C�u Claro;Simples;"Reta;Aclive";N�o;1;0;1;0;0;0;1;1;-26,7052813;-53,5134883;SPRF-SC;DEL07-SC;UOP03-DEL07-SC;;;
690421;10/05/2025;s�bado;18:00:00;RO;364;720;PORTO VELHO;Condutor deixou de manter dist�ncia do ve�culo da frente;Colis�o lateral mesmo sentido;Com V�timas Feridas;Anoitecer;Decrescente;C�u Claro;Dupla;"Reta;Retorno Regulamentado";N�o;4;0;0;1;1;2;1;3;-8,81843804;-63,92251825;SPRF-RO;DEL01-RO;UOP01-DEL01-RO;;;
690422;10/05/2025;s�bado;21:30:00;MG;381;930,1;ITAPEVA;Velocidade Incompat�vel;Capotamento;Com V�timas Feridas;Plena Noite;Crescente;Chuva;Dupla;Curva;N�o;1;0;1;0;0;0;1;1;-22,7672064;-46,2159872;SPRF-MG;DEL16-MG;UOP03-DEL16-MG;;;
690423;10/05/2025;s�bado;17:00:00;RO;364;391,2;OURO PRETO DO OESTE;Manobra de mudan�a de faixa;Sa�da de leito carro��vel;Com V�timas Fatais;Pleno dia;Decrescente;Sol;Simples;Reta;N�o;1;1;0;0;0;0;0;1;-10,664062;-62,29301;SPRF-RO;DEL03-RO;UOP02-DEL03-RO;;;
690425;10/05/2025;s�bado;22:00:00;SC;282;41;AGUAS MORNAS;Transitar na contram�o;Colis�o frontal;Com V�timas Feridas;Plena Noite;Decrescente;Nublado;Simples;Reta;N�o;3;0;1;1;1;0;2;3;-27,716428;-48,87884;SPRF-SC;DEL01-SC;UOP03-DEL01-SC;;;
690426;10/05/2025;s�bado;21:00:00;SE;235;44,8;ITABAIANA;Ingest�o de �lcool pelo condutor;Colis�o traseira;Com V�timas Feridas;Plena Noite;Decrescente;Nublado;Simples;"Reta;Aclive";N�o;4;0;3;0;1;0;3;2;-10,7487956;-37,3984956;SPRF-SE;DEL01-SE;UOP02-DEL01-SE;;;
690427;10/05/2025;s�bado;22:30:00;RS;468;89,9;BOM PROGRESSO;Aus�ncia de rea��o do condutor;Colis�o transversal;Com V�timas Feridas;Plena Noite;Decrescente;Nublado;Simples;Reta;N�o;2;0;1;0;1;0;1;2;-27,543648;-53,871519;SPRF-RS;DEL08-RS;UOP02-DEL08-RS;;;
690428;10/05/2025;s�bado;21:00:00;SP;116;219;GUARULHOS;Aus�ncia de rea��o do condutor;Sa�da de leito carro��vel;Com V�timas Feridas;Plena Noite;Decrescente;Nublado;M�ltipla;Reta;Sim;2;0;2;0;0;0;2;1;-23,46143954;-46,46258105;SPRF-SP;DEL01-SP;UOP01-DEL01-SP;;;
690429;10/05/2025;s�bado;18:30:00;MA;10;221;GOVERNADOR EDISON LOBAO;Defici�ncia do Sistema de Ilumina��o/Sinaliza��o;Colis�o lateral sentido oposto;Com V�timas Feridas;Plena Noite;Decrescente;C�u Claro;Simples;Reta;N�o;4;0;0;1;1;2;1;4;-5,78015;-47,35941;SPRF-MA;DEL04-MA;UOP01-DEL04-MA;;;
690430;10/05/2025;s�bado;21:34:00;SE;235;9;NOSSA SENHORA DO SOCORRO;Transitar no Acostamento;Queda de ocupante de ve�culo;Com V�timas Feridas;Plena Noite;Crescente;Nublado;Simples;Reta;N�o;1;0;1;0;0;0;1;1;-10,88302497;-37,14028895;SPRF-SE;DEL01-SE;UOP01-DEL01-SE;;;
690431;10/05/2025;s�bado;22:00:00;BA;101;264;SANTO ANTONIO DE JESUS;Aus�ncia de rea��o do condutor;Colis�o transversal;Com V�timas Feridas;Plena Noite;Decrescente;C�u Claro;Simples;"Reta;Declive";Sim;2;0;0;1;0;1;1;2;-12,983711;-39,289846;SPRF-BA;DEL01-BA;UOP02-DEL01-BA;;;
690432;10/05/2025;s�bado;19:30:00;MG;116;754,5;LEOPOLDINA;Animais na Pista;Atropelamento de Animal;Com V�timas Feridas;Plena Noite;Decrescente;C�u Claro;Simples;"Reta;Aclive";N�o;2;0;1;0;1;0;1;2;-21,542673;-42,655891;SPRF-MG;DEL07-MG;UOP01-DEL07-MG;;;
690434;10/05/2025;s�bado;17:10:00;RO;429;20;PRESIDENTE MEDICI;Afundamento ou ondula��o no pavimento;Capotamento;Com V�timas Feridas;Anoitecer;Crescente;C�u Claro;Simples;Curva;N�o;2;0;2;0;0;0;2;1;-11,205797;-62,115343;SPRF-RO;DEL02-RO;UOP03-DEL02-RO;;;
690435;10/05/2025;s�bado;23:00:00;RS;285;568,6;SAO LUIZ GONZAGA;Velocidade Incompat�vel;Capotamento;Com V�timas Feridas;Plena Noite;Crescente;C�u Claro;Simples;"Interse��o de Vias;Rotat�ria";N�o;4;0;3;1;0;0;4;1;-28,418289;-54,963538;SPRF-RS;DEL12-RS;UOP01-DEL12-RS;;;
690437;10/05/2025;s�bado;21:15:00;PB;104;130;CAMPINA GRANDE;Ingest�o de �lcool pelo condutor;Sa�da de leito carro��vel;Com V�timas Feridas;Plena Noite;Decrescente;C�u Claro;Simples;"Reta;Em Obras";Sim;1;0;1;0;0;0;1;1;-7,28235462;-35,88924098;SPRF-PB;DEL02-PB;UOP01-DEL02-PB;;;
690438;10/05/2025;s�bado;22:00:00;PR;376;185,9;SARANDI;Acesso irregular;Colis�o transversal;Com V�timas Feridas;Plena Noite;Crescente;C�u Claro;Dupla;"Reta;Retorno Regulamentado";Sim;3;0;1;1;1;0;2;2;-23,45078319;-51,85525266;SPRF-PR;DEL09-PR;UOP01-DEL09-PR;;;
690439;10/05/2025;s�bado;22:20:00;RJ;101;385;RIO DE JANEIRO;Suic�dio (presumido);Atropelamento de Pedestre;Com V�timas Fatais;Plena Noite;Crescente;Chuva;M�ltipla;Reta;N�o;2;1;0;0;1;0;0;2;-22,87965466;-43,6239624;SPRF-RJ;DEL03-RJ;UOP01-DEL03-RJ;;;
690440;10/05/2025;s�bado;21:00:00;MG;381;573;ITAGUARA;Demais falhas mec�nicas ou el�tricas;Sa�da de leito carro��vel;Com V�timas Feridas;Plena Noite;Decrescente;C�u Claro;Dupla;Reta;N�o;1;0;1;0;0;0;1;1;-20,43391;-44,554807;SPRF-MG;DEL04-MG;UOP01-DEL04-MG;;;
690441;10/05/2025;s�bado;22:45:00;PR;153;349;REBOUCAS;Acessar a via sem observar a presen�a dos outros ve�culos;Colis�o transversal;Com V�timas Feridas;Plena Noite;Decrescente;Nublado;Simples;Reta;Sim;5;0;1;0;3;1;1;2;-25,60978659;-50,70018467;SPRF-PR;DEL08-PR;UOP02-DEL08-PR;;;
690442;10/05/2025;s�bado;19:00:00;RJ;356;99,7;CARDOSO MOREIRA;Transitar na contram�o;Colis�o frontal;Com V�timas Feridas;Plena Noite;Crescente;C�u Claro;Simples;Curva;N�o;4;0;4;0;0;0;4;2;-21,530712;-41,5392;SPRF-RJ;DEL08-RJ;UOP03-DEL08-RJ;;;
690443;10/05/2025;s�bado;20:30:00;PA;316;64;CASTANHAL;Aus�ncia de rea��o do condutor;Colis�o traseira;Sem V�timas;Plena Noite;Decrescente;C�u Claro;Dupla;Reta;Sim;4;0;0;0;4;0;0;2;-1,295848;-47,912014;SPRF-PA;DEL01-PA;UOP01-DEL01-PA;;;
690444;10/05/2025;s�bado;20:00:00;PB;230;480,1;MARIZOPOLIS;Rea��o tardia ou ineficiente do condutor;Tombamento;Com V�timas Feridas;Plena Noite;Decrescente;C�u Claro;Simples;"Reta;Aclive";N�o;1;0;0;1;0;0;1;1;-6,846567;-38,356301;SPRF-PB;DEL03-PB;UOP03-DEL03-PB;;;
690445;10/05/2025;s�bado;23:30:00;MG;116;505;UBAPORANGA;Aus�ncia de rea��o do condutor;Colis�o transversal;Com V�timas Feridas;Plena Noite;Crescente;Ignorado;Simples;Reta;N�o;2;0;1;0;0;1;1;2;-19,63985677;-42,10621476;SPRF-MG;DEL06-MG;UOP02-DEL06-MG;;;
690446;10/05/2025;s�bado;23:40:00;SP;116;184;SANTA ISABEL;Acumulo de �gua sobre o pavimento;Colis�o com objeto;Com V�timas Feridas;Plena Noite;Decrescente;Chuva;Dupla;"Reta;Declive";N�o;4;0;2;0;2;0;2;1;-23,3521653;-46,18000031;SPRF-SP;DEL01-SP;UOP01-DEL01-SP;;;
690447;10/05/2025;s�bado;18:29:00;PA;163;562;TRAIRAO;Aus�ncia de rea��o do condutor;Tombamento;Com V�timas Feridas;Anoitecer;Crescente;C�u Claro;Simples;"Reta;Declive";N�o;1;0;0;1;0;0;1;1;-5,09773675;-56,13686308;SPRF-PA;DEL05-PA;UOP03-DEL05-PA;;;
690448;10/05/2025;s�bado;23:45:00;PI;316;8;TERESINA;Transitar na contram�o;Colis�o frontal;Com V�timas Feridas;Plena Noite;Crescente;Chuva;Dupla;Reta;Sim;3;0;2;1;0;0;3;2;-5,15474059;-42,77237088;SPRF-PI;DEL01-PI;UOP02-DEL01-PI;;;
690449;10/05/2025;s�bado;20:35:00;BA;242;743;CRISTOPOLIS;Manobra de mudan�a de faixa;Colis�o frontal;Com V�timas Fatais;Plena Noite;Decrescente;C�u Claro;Simples;Reta;N�o;4;1;1;2;0;0;3;2;-12,232413;-44,36648;SPRF-BA;DEL10-BA;UOP01-DEL10-BA;;;
690450;10/05/2025;s�bado;20:00:00;MT;174;200;PORTO ESPERIDIAO;Defici�ncia do Sistema de Ilumina��o/Sinaliza��o;Colis�o traseira;Com V�timas Feridas;Plena Noite;Decrescente;C�u Claro;Simples;Reta;N�o;3;0;1;1;1;0;2;2;-15,69958253;-58,7112093;SPRF-MT;DEL03-MT;UOP01-DEL03-MT;;;
690451;10/05/2025;s�bado;21:15:00;PR;277;715;SANTA TEREZINHA DE ITAIPU;Transitar no Acostamento;Atropelamento de Pedestre;Com V�timas Fatais;Plena Noite;Crescente;C�u Claro;Dupla;Reta;Sim;6;2;0;0;1;3;0;2;-25,46451818;-54,44813188;SPRF-PR;DEL05-PR;UOP01-DEL05-PR;;;
690452;10/05/2025;s�bado;23:00:00;PR;277;84;CURITIBA;Pedestre cruzava a pista fora da faixa;Atropelamento de Pedestre;Com V�timas Fatais;Plena Noite;Decrescente;C�u Claro;M�ltipla;"Reta;Declive";Sim;2;1;0;0;1;0;0;2;-25,44577083;-49,23193574;SPRF-PR;DEL01-PR;UOP03-DEL01-PR;;;
690454;11/05/2025;domingo;01:30:00;RJ;101;313;SAO GONCALO;Transitar no Acostamento;Colis�o com objeto;Sem V�timas;Plena Noite;Decrescente;C�u Claro;Dupla;Reta;N�o;1;0;0;0;1;0;0;1;-22,81268;-43,072777;SPRF-RJ;DEL02-RJ;UOP02-DEL02-RJ;;;
690455;11/05/2025;domingo;00:05:00;MS;163;518;JARAGUARI;Avarias e/ou desgaste excessivo no pneu;Tombamento;Sem V�timas;Pleno dia;Decrescente;Garoa/Chuvisco;Dupla;Reta;N�o;2;0;0;0;2;0;0;1;-20,1367705;-54,44152325;SPRF-MS;DEL01-MS;UOP02-DEL01-MS;;;
690456;11/05/2025;domingo;00:01:00;RS;101;12,7;DOM PEDRO DE ALCANTARA;Aus�ncia de rea��o do condutor;Sa�da de leito carro��vel;Sem V�timas;Plena Noite;Crescente;C�u Claro;Dupla;Reta;N�o;1;0;0;0;0;1;0;1;-29,39045;-49,841062;SPRF-RS;DEL03-RS;UOP02-DEL03-RS;;;
690457;11/05/2025;domingo;01:10:00;SP;116;211;GUARULHOS;Ingest�o de �lcool pelo condutor;Colis�o com objeto;Sem V�timas;Plena Noite;Decrescente;Chuva;M�ltipla;"Declive;Reta";Sim;1;0;0;0;1;0;0;1;-23,4191391;-46,38317227;SPRF-SP;DEL01-SP;UOP01-DEL01-SP;;;
690458;11/05/2025;domingo;02:00:00;SP;116;78;ROSEIRA;Aus�ncia de rea��o do condutor;Colis�o traseira;Com V�timas Feridas;Plena Noite;Decrescente;Chuva;Dupla;Reta;Sim;1;0;1;0;0;0;1;1;-22,89091005;-45,28968668;SPRF-SP;DEL08-SP;UOP01-DEL08-SP;;;
690459;11/05/2025;domingo;02:30:00;SC;101;326,5;CAPIVARI DE BAIXO;Ingest�o de �lcool pelo condutor;Queda de ocupante de ve�culo;Com V�timas Feridas;Plena Noite;Crescente;C�u Claro;M�ltipla;Reta;Sim;3;0;1;1;0;1;2;2;-28,433349;-48,957189;SPRF-SC;DEL02-SC;UOP01-DEL02-SC;;;
690460;11/05/2025;domingo;02:20:00;SC;101;157;PORTO BELO;Acessar a via sem observar a presen�a dos outros ve�culos;Colis�o transversal;Com V�timas Feridas;Plena Noite;Decrescente;C�u Claro;Dupla;Reta;Sim;3;0;2;0;1;0;2;2;-27,18998753;-48,61238686;SPRF-SC;DEL04-SC;UOP03-DEL04-SC;;;
690461;11/05/2025;domingo;01:20:00;GO;153;432,3;ANAPOLIS;Ingest�o de �lcool pelo condutor;Colis�o traseira;Com V�timas Feridas;Plena Noite;Crescente;C�u Claro;Dupla;Reta;Sim;5;0;0;1;3;1;1;3;-16,27929;-48,962198;SPRF-GO;DEL02-GO;UOP01-DEL02-GO;;;