id;data_inversa;dia_semana;horario;uf;br;km;municipio;causa_acidente;tipo_acidente;classificacao_acidente;fase_dia;sentido_via;condicao_metereologica;tipo_pista;tracado_via;uso_solo;pessoas;mortos;feridos_leves;feridos_graves;ilesos;ignorados;feridos;veiculos;latitude;longitude;regional;delegacia;uop;;;
690782;12/05/2025;segunda-feira;09:00:00;RS;468;9,7;PALMEIRA DAS MISSOES;Condutor deixou de manter dist�ncia do ve�culo da frente;Colis�o traseira;Sem V�timas;Pleno dia;Crescente;C�u Claro;Simples;Reta;Sim;11;0;0;0;11;0;0;2;-27,84746;-53,38135;SPRF-RS;DEL08-RS;UOP01-DEL08-RS;;;
690786;12/05/2025;segunda-feira;09:20:00;SP;116;132;CACAPAVA;Rea��o tardia ou ineficiente do condutor;Colis�o traseira;Com V�timas Feridas;Pleno dia;Crescente;Sol;Dupla;Reta;N�o;3;0;1;0;2;0;1;2;-23,12249133;-45,72700733;SPRF-SP;DEL02-SP;UOP02-DEL02-SP;;;
690787;12/05/2025;segunda-feira;07:30:00;MG;262;425;SAO GONCALO DO PARA;Condutor Dormindo;Capotamento;Com V�timas Feridas;Pleno dia;Decrescente;C�u Claro;Dupla;Reta;N�o;1;0;1;0;0;0;1;1;-19,89087309;-44,83483136;SPRF-MG;DEL08-MG;UOP03-DEL08-MG;;;
690789;12/05/2025;segunda-feira;10:30:00;CE;116;309;JAGUARIBE;Convers�o proibida;Colis�o transversal;Com V�timas Feridas;Pleno dia;Crescente;C�u Claro;Simples;Reta;Sim;2;0;1;0;1;0;1;2;-5,90678889;-38,6245486;SPRF-CE;DEL05-CE;UOP02-DEL05-CE;;;
690791;12/05/2025;segunda-feira;10:20:00;SE;101;102;SAO CRISTOVAO;Acumulo de �gua sobre o pavimento;Sa�da de leito carro��vel;Com V�timas Feridas;Pleno dia;Crescente;Chuva;Dupla;Reta;N�o;1;0;1;0;0;0;1;1;-10,95024497;-37,21433965;SPRF-SE;DEL02-SE;UOP01-DEL02-SE;;;
690792;12/05/2025;segunda-feira;07:43:00;RO;174;14;VILHENA;Sem�foro com defeito;Colis�o lateral sentido oposto;Com V�timas Feridas;Pleno dia;Crescente;C�u Claro;Dupla;Interse��o de Vias;Sim;2;0;1;0;1;0;1;2;-12,73356686;-60,13005137;SPRF-RO;DEL04-RO;UOP01-DEL04-RO;;;
690793;12/05/2025;segunda-feira;10:40:00;PB;230;12;CABEDELO;Trafegar com motocicleta (ou similar) entre as faixas;Colis�o lateral mesmo sentido;Com V�timas Feridas;Pleno dia;Crescente;C�u Claro;Dupla;"Em Obras;Desvio Tempor�rio;Reta";Sim;3;0;1;0;2;0;1;2;-7,077167;-34,849537;SPRF-PB;DEL01-PB;UOP01-DEL01-PB;;;
690794;12/05/2025;segunda-feira;10:00:00;RJ;116;172;SAO JOAO DE MERITI;Condutor deixou de manter dist�ncia do ve�culo da frente;Engavetamento;Com V�timas Feridas;Pleno dia;Decrescente;C�u Claro;M�ltipla;Reta;N�o;4;0;1;0;3;0;1;3;-22,80324401;-43,34866047;SPRF-RJ;DEL06-RJ;UOP01-DEL06-RJ;;;
690795;12/05/2025;segunda-feira;07:40:00;RJ;101;318;SAO GONCALO;Trafegar com motocicleta (ou similar) entre as faixas;Colis�o lateral mesmo sentido;Com V�timas Feridas;Pleno dia;Crescente;C�u Claro;Dupla;"Retorno Regulamentado;Reta";N�o;3;0;2;0;1;0;2;2;-22,8470208;-43,09910189;SPRF-RJ;DEL02-RJ;UOP02-DEL02-RJ;;;
690796;12/05/2025;segunda-feira;07:43:00;AC;317;132;CAPIXABA;Rea��o tardia ou ineficiente do condutor;Colis�o traseira;Sem V�timas;Pleno dia;Decrescente;C�u Claro;Simples;Curva;N�o;7;0;0;0;7;0;0;2;-10,483785;-67,674841;SPRF-AC;DEL01-AC;UOP01-DEL01-AC;;;
690797;12/05/2025;segunda-feira;09:15:00;MT;70;508;CUIABA;Condutor deixou de manter dist�ncia do ve�culo da frente;Colis�o traseira;Com V�timas Feridas;Pleno dia;Crescente;Sol;Simples;Reta;N�o;3;0;1;1;1;0;2;2;-15,6976126;-56,0858089;SPRF-MT;DEL01-MT;UOP02-DEL01-MT;;;
690798;12/05/2025;segunda-feira;10:55:00;SP;153;61;SAO JOSE DO RIO PRETO;Acumulo de �leo sobre o pavimento;Tombamento;Com V�timas Feridas;Pleno dia;Decrescente;Nublado;Dupla;"Aclive;Curva";Sim;1;0;1;0;0;0;1;1;-20,80177544;-49,35567892;SPRF-SP;DEL09-SP;UOP01-DEL09-SP;;;
690799;12/05/2025;segunda-feira;09:17:00;RO;425;101;GUAJARA-MIRIM;Aus�ncia de rea��o do condutor;Sa�da de leito carro��vel;Com V�timas Feridas;Pleno dia;Decrescente;C�u Claro;Simples;"Reta;Aclive";Sim;2;0;2;0;0;0;2;1;-10,7773952;-65,3426688;SPRF-RO;DEL01-RO;UOP03-DEL01-RO;;;
690800;12/05/2025;segunda-feira;10:20:00;SC;101;66,1;ARAQUARI;Rea��o tardia ou ineficiente do condutor;Colis�o com objeto;Com V�timas Feridas;Pleno dia;Decrescente;Garoa/Chuvisco;Dupla;Reta;N�o;2;0;1;1;0;0;2;1;-26,48101652;-48,73621557;SPRF-SC;DEL03-SC;UOP02-DEL03-SC;;;
690801;12/05/2025;segunda-feira;10:40:00;PB;230;22;JOAO PESSOA;Acostamento em desn�vel;Tombamento;Com V�timas Feridas;Pleno dia;Crescente;C�u Claro;Dupla;Reta;Sim;1;0;1;0;0;0;1;1;-7,15200367;-34,85394269;SPRF-PB;DEL01-PB;UOP01-DEL01-PB;;;
690803;13/04/2025;domingo;04:00:00;MG;40;771,8;JUIZ DE FORA;Acessar a via sem observar a presen�a dos outros ve�culos;Colis�o traseira;Com V�timas Feridas;Plena Noite;Crescente;Nublado;Simples;Reta;Sim;3;0;0;1;2;0;1;2;-21,63607773;-43,43998432;SPRF-MG;DEL05-MG;UOP01-DEL05-MG;;;
690804;12/05/2025;segunda-feira;11:00:00;PR;116;19;CURITIBA;Mal s�bito do condutor;Colis�o com objeto;Com V�timas Feridas;Pleno dia;Crescente;C�u Claro;Dupla;Reta;Sim;1;0;1;0;0;0;1;1;-25,38862045;-49,20130491;SPRF-PR;DEL01-PR;UOP02-DEL01-PR;;;
690805;12/05/2025;segunda-feira;11:00:00;PI;316;13,2;TERESINA;Manobra de mudan�a de faixa;Colis�o transversal;Com V�timas Feridas;Pleno dia;Crescente;C�u Claro;Dupla;"Retorno Regulamentado;Reta";Sim;2;0;1;0;1;0;1;2;-5,21215;-42,754698;SPRF-PI;DEL01-PI;UOP02-DEL01-PI;;;
690807;12/05/2025;segunda-feira;11:27:00;DF;20;0;BRASILIA;Demais falhas mec�nicas ou el�tricas;Capotamento;Com V�timas Feridas;Pleno dia;Crescente;C�u Claro;M�ltipla;"Reta;Viaduto";Sim;1;0;1;0;0;0;1;1;-15,68824014;-47,85888791;SPRF-DF;DEL02-DF;UOP01-DEL02-DF;;;
690810;12/05/2025;segunda-feira;11:31:00;MG;381;791,8;TRES CORACOES;Chuva;Capotamento;Com V�timas Feridas;Pleno dia;Decrescente;Chuva;Dupla;Curva;N�o;1;0;1;0;0;0;1;1;-21,6903781;-45,349565;SPRF-MG;DEL16-MG;UOP02-DEL16-MG;;;
690812;12/05/2025;segunda-feira;12:05:00;GO;60;380;RIO VERDE;Manobra de mudan�a de faixa;Colis�o lateral mesmo sentido;Com V�timas Feridas;Pleno dia;Decrescente;C�u Claro;M�ltipla;"Reta;Interse��o de Vias;Declive";Sim;3;0;1;0;2;0;1;2;-17,783097;-50,89794;SPRF-GO;DEL04-GO;UOP02-DEL04-GO;;;
690813;12/05/2025;segunda-feira;13:25:00;RS;116;268;CANOAS;Rea��o tardia ou ineficiente do condutor;Colis�o traseira;Com V�timas Feridas;Pleno dia;Decrescente;C�u Claro;Dupla;Reta;N�o;2;0;1;0;1;0;1;2;-29,95017559;-51,17645144;SPRF-RS;DEL01-RS;UOP01-DEL01-RS;;;
690815;12/05/2025;segunda-feira;10:50:00;MA;230;402,8;BALSAS;Aus�ncia de rea��o do condutor;Engavetamento;Sem V�timas;Pleno dia;Decrescente;C�u Claro;Simples;Reta;Sim;5;0;0;0;5;0;0;3;-7,517713;-46,035638;SPRF-MA;DEL05-MA;UOP01-DEL05-MA;;;
690816;12/05/2025;segunda-feira;13:00:00;SC;470;88;ASCURRA;Acessar a via sem observar a presen�a dos outros ve�culos;Colis�o lateral mesmo sentido;Com V�timas Feridas;Pleno dia;Crescente;Nublado;Dupla;Rotat�ria;Sim;2;0;1;0;1;0;1;2;-26,95487157;-49,37306134;SPRF-SC;DEL04-SC;UOP01-DEL04-SC;;;
690818;12/05/2025;segunda-feira;12:28:00;PA;230;130;MARABA;Convers�o proibida;Colis�o transversal;Com V�timas Feridas;Pleno dia;Decrescente;C�u Claro;Simples;Aclive;N�o;5;0;2;2;1;0;4;2;-5,369643;-49,191862;SPRF-PA;DEL03-PA;UOP01-DEL03-PA;;;
690820;12/05/2025;segunda-feira;14:05:00;ES;262;79,9;DOMINGOS MARTINS;Acessar a via sem observar a presen�a dos outros ve�culos;Colis�o lateral mesmo sentido;Sem V�timas;Pleno dia;Crescente;Chuva;Simples;Curva;N�o;2;0;0;0;2;0;0;2;-20,4089425;-40,9394675;SPRF-ES;DEL01-ES;UOP02-DEL01-ES;;;
690821;12/05/2025;segunda-feira;13:54:00;PE;428;187;PETROLINA;Acessar a via sem observar a presen�a dos outros ve�culos;Colis�o transversal;Com V�timas Feridas;Pleno dia;Crescente;C�u Claro;M�ltipla;Interse��o de Vias;Sim;2;0;1;0;1;0;1;2;-9,364505;-40,483075;SPRF-PE;DEL06-PE;UOP01-DEL06-PE;;;
690822;12/05/2025;segunda-feira;14:00:00;DF;20;5;BRASILIA;Aus�ncia de rea��o do condutor;Colis�o traseira;Com V�timas Feridas;Pleno dia;Crescente;C�u Claro;Dupla;"Reta;Declive;Em Obras";Sim;4;0;2;0;2;0;2;2;-15,6736706;-47,8221968;SPRF-DF;DEL02-DF;UOP01-DEL02-DF;;;
690824;12/05/2025;segunda-feira;13:30:00;ES;101;182,5;ARACRUZ;Condutor deixou de manter dist�ncia do ve�culo da frente;Colis�o traseira;Com V�timas Feridas;Pleno dia;Decrescente;Garoa/Chuvisco;Simples;"Reta;Declive";N�o;2;0;1;0;1;0;1;2;-19,64349899;-40,2335415;SPRF-ES;DEL04-ES;UOP01-DEL04-ES;;;
690825;12/05/2025;segunda-feira;10:53:00;BA;367;56;SANTA CRUZ CABRALIA;Condutor deixou de manter dist�ncia do ve�culo da frente;Colis�o lateral mesmo sentido;Com V�timas Feridas;Pleno dia;Decrescente;C�u Claro;Simples;"Reta;Em Obras";N�o;3;0;2;0;1;0;2;2;-16,386895;-39,337199;SPRF-BA;DEL09-BA;UOP03-DEL09-BA;;;
690828;12/05/2025;segunda-feira;14:30:00;RJ;101;323;NITEROI;Condutor deixou de manter dist�ncia do ve�culo da frente;Colis�o traseira;Com V�timas Feridas;Pleno dia;Decrescente;Nublado;Dupla;Reta;Sim;3;0;1;0;2;0;1;2;-22,87394072;-43,12458899;SPRF-RJ;DEL02-RJ;UOP01-DEL02-RJ;;;
690829;12/05/2025;segunda-feira;13:37:00;RN;304;306;PARNAMIRIM;Ingest�o de �lcool pelo condutor;Colis�o traseira;Com V�timas Feridas;Pleno dia;Decrescente;C�u Claro;Dupla;Reta;N�o;2;0;1;0;1;0;1;2;-5,89;-35,26;SPRF-RN;DEL01-RN;UOP02-DEL01-RN;;;
690833;12/05/2025;segunda-feira;12:00:00;SC;101;88,8;BARRA VELHA;Pista Escorregadia;Queda de ocupante de ve�culo;Com V�timas Feridas;Pleno dia;Decrescente;Chuva;Dupla;Reta;N�o;1;0;0;1;0;0;1;1;-26,6103955;-48,7224243;SPRF-SC;DEL03-SC;UOP02-DEL03-SC;;;
690834;12/05/2025;segunda-feira;10:45:00;SC;280;91,5;CORUPA;Chuva;Colis�o com objeto;Com V�timas Feridas;Pleno dia;Decrescente;Chuva;Simples;"Curva;Declive";N�o;3;0;2;0;1;0;2;1;-26,39984;-49,29746;SPRF-SC;DEL06-SC;UOP03-DEL06-SC;;;
690835;12/05/2025;segunda-feira;12:20:00;MG;116;527,4;CARATINGA;Rea��o tardia ou ineficiente do condutor;Colis�o lateral mesmo sentido;Sem V�timas;Pleno dia;Crescente;Nublado;Dupla;"Curva;Retorno Regulamentado";Sim;2;0;0;0;1;1;0;2;-19,7920808;-42,13745;SPRF-MG;DEL06-MG;UOP02-DEL06-MG;;;
690836;12/05/2025;segunda-feira;15:00:00;MG;50;179;UBERABA;Demais falhas mec�nicas ou el�tricas;Inc�ndio;Sem V�timas;Pleno dia;Decrescente;C�u Claro;Dupla;Reta;N�o;1;0;0;0;1;0;0;1;-19,778095;-47,928973;SPRF-MG;DEL13-MG;UOP01-DEL13-MG;;;
690837;12/05/2025;segunda-feira;14:30:00;PB;230;6,4;CABEDELO;Aus�ncia de rea��o do condutor;Colis�o traseira;Com V�timas Feridas;Pleno dia;Crescente;Sol;M�ltipla;Reta;Sim;2;0;0;1;1;0;1;2;-7,02461451;-34,83794689;SPRF-PB;DEL01-PB;UOP01-DEL01-PB;;;
690839;12/05/2025;segunda-feira;14:20:00;RJ;101;529;ANGRA DOS REIS;Aus�ncia de rea��o do condutor;Sa�da de leito carro��vel;Com V�timas Feridas;Pleno dia;Crescente;C�u Claro;Simples;Curva;N�o;1;0;1;0;0;0;1;1;-23,02087334;-44,52372551;SPRF-RJ;DEL03-RJ;UOP03-DEL03-RJ;;;
690841;12/05/2025;segunda-feira;14:46:00;SP;116;538;BARRA DO TURVO;Rea��o tardia ou ineficiente do condutor;Sa�da de leito carro��vel;Com V�timas Feridas;Pleno dia;Crescente;Garoa/Chuvisco;Dupla;Curva;N�o;3;0;1;0;2;0;1;1;-24,9288312;-48,271583;SPRF-SP;DEL05-SP;UOP02-DEL05-SP;;;
690846;12/05/2025;segunda-feira;11:50:00;MS;267;480,9;JARDIM;Acessar a via sem observar a presen�a dos outros ve�culos;Colis�o transversal;Com V�timas Feridas;Pleno dia;Decrescente;C�u Claro;Simples;"Declive;Interse��o de Vias";N�o;2;0;1;0;1;0;1;2;-21,47956778;-56,13932133;SPRF-MS;DEL05-MS;UOP01-DEL05-MS;;;
690848;13/04/2025;domingo;20:09:00;PE;424;17;PEDRA;Acesso irregular;Colis�o frontal;Com V�timas Feridas;Plena Noite;Decrescente;C�u Claro;Simples;Reta;Sim;4;0;2;2;0;0;4;2;-8,496847;-36,939143;SPRF-PE;DEL04-PE;UOP02-DEL04-PE;;;
690849;12/05/2025;segunda-feira;15:00:00;RO;319;64;PORTO VELHO;Condutor deixou de manter dist�ncia do ve�culo da frente;Colis�o traseira;Com V�timas Feridas;Pleno dia;Decrescente;C�u Claro;Dupla;"Reta;Interse��o de Vias";Sim;3;0;2;0;1;0;2;2;-8,76606694;-63,88432539;SPRF-RO;DEL01-RO;UOP01-DEL01-RO;;;
690853;12/05/2025;segunda-feira;15:50:00;PR;277;586,4;CASCAVEL;Desrespeitar a prefer�ncia no cruzamento;Colis�o transversal;Com V�timas Feridas;Pleno dia;Crescente;Sol;Simples;"Interse��o de Vias;Reta";Sim;2;0;1;0;1;0;1;2;-24,96660436;-53,42420446;SPRF-PR;DEL04-PR;UOP01-DEL04-PR;;;
690858;12/05/2025;segunda-feira;15:50:00;RJ;40;105;DUQUE DE CAXIAS;Entrada inopinada do pedestre;Queda de ocupante de ve�culo;Com V�timas Feridas;Pleno dia;Crescente;Nublado;Simples;Reta;Sim;1;0;1;0;0;0;1;1;-22,6423729;-43,28407288;SPRF-RJ;DEL01-RJ;UOP02-DEL01-RJ;;;
690860;12/05/2025;segunda-feira;16:55:00;SP;0;0;GUARULHOS;Sinaliza��o mal posicionada;Colis�o com objeto;Sem V�timas;Pleno dia;N�o Informado;Nublado;Dupla;"Interse��o de Vias;Curva;Aclive";Sim;2;0;0;0;2;0;0;1;-23,42489181;-46,48443317;SPRF-SP;DEL01-SP;UOP01-DEL01-SP;;;
690862;12/05/2025;segunda-feira;16:55:00;SP;0;0;GUARULHOS;Sinaliza��o mal posicionada;Colis�o com objeto;Sem V�timas;Pleno dia;N�o Informado;Nublado;Dupla;"Curva;Interse��o de Vias;Aclive";Sim;2;0;0;0;2;0;0;1;-23,42313996;-46,48478553;SPRF-SP;DEL01-SP;UOP01-DEL01-SP;;;
690863;12/05/2025;segunda-feira;16:45:00;PE;232;8,3;RECIFE;Rea��o tardia ou ineficiente do condutor;Colis�o traseira;Com V�timas Feridas;Pleno dia;Crescente;Nublado;M�ltipla;Reta;N�o;2;0;1;0;1;0;1;2;-8,076607;-34,973038;SPRF-PE;DEL01-PE;UOP01-DEL01-PE;;;
690864;12/05/2025;segunda-feira;14:45:00;GO;153;643;MORRINHOS;Condutor Dormindo;Capotamento;Com V�timas Feridas;Pleno dia;Crescente;C�u Claro;Dupla;Reta;N�o;1;0;1;0;0;0;1;1;-17,8479366;-49,2196392;SPRF-GO;DEL03-GO;UOP01-DEL03-GO;;;
690865;12/05/2025;segunda-feira;17:00:00;BA;367;33;PORTO SEGURO;Frear bruscamente;Queda de ocupante de ve�culo;Com V�timas Feridas;Anoitecer;Decrescente;C�u Claro;Simples;Reta;Sim;2;0;1;0;1;0;1;1;-16,416757;-39,1562;SPRF-BA;DEL09-BA;UOP03-DEL09-BA;;;
690866;12/05/2025;segunda-feira;17:00:00;SP;116;389;MIRACATU;Animais na Pista;Atropelamento de Animal;Com V�timas Feridas;Anoitecer;Decrescente;C�u Claro;Dupla;Reta;N�o;1;0;1;0;0;0;1;1;-24,27390071;-47,40885778;SPRF-SP;DEL04-SP;UOP02-DEL04-SP;;;
690868;12/05/2025;segunda-feira;17:30:00;RJ;101;552;PARATY;Condutor deixou de manter dist�ncia do ve�culo da frente;Colis�o traseira;Com V�timas Feridas;Pleno dia;Decrescente;Nublado;Simples;Reta;N�o;4;0;2;0;2;0;2;3;-23,04928352;-44,67248468;SPRF-RJ;DEL03-RJ;UOP04-DEL03-RJ;;;
690869;12/05/2025;segunda-feira;08:30:00;MG;262;664,8;IBIA;Aus�ncia de rea��o do condutor;Colis�o lateral sentido oposto;Com V�timas Feridas;Pleno dia;Crescente;C�u Claro;Simples;Reta;N�o;2;0;2;0;0;0;2;2;-19,549761;-46,79386139;SPRF-MG;DEL08-MG;UOP01-DEL08-MG;;;
690870;12/05/2025;segunda-feira;14:00:00;SC;101;282;IMBITUBA;Desrespeitar a prefer�ncia no cruzamento;Colis�o transversal;Sem V�timas;Pleno dia;Decrescente;C�u Claro;M�ltipla;Rotat�ria;Sim;2;0;0;0;2;0;0;2;-28,21509644;-48,69947433;SPRF-SC;DEL02-SC;UOP03-DEL02-SC;;;
690871;12/05/2025;segunda-feira;17:50:00;GO;414;436;ANAPOLIS;Acessar a via sem observar a presen�a dos outros ve�culos;Colis�o transversal;Com V�timas Feridas;Plena Noite;Decrescente;C�u Claro;Simples;"Reta;Interse��o de Vias";Sim;2;0;2;0;0;0;2;2;-16,25356572;-48,93576119;SPRF-GO;DEL02-GO;UOP01-DEL02-GO;;;
690872;12/05/2025;segunda-feira;18:00:00;PB;230;503;CAJAZEIRAS;Animais na Pista;Queda de ocupante de ve�culo;Com V�timas Feridas;Plena Noite;Decrescente;C�u Claro;Simples;Reta;Sim;1;0;0;1;0;0;1;1;-6,89236632;-38,54677588;SPRF-PB;DEL03-PB;UOP03-DEL03-PB;;;
690873;12/05/2025;segunda-feira;17:40:00;RN;304;46,4;MOSSORO;Manobra de mudan�a de faixa;Colis�o lateral mesmo sentido;Com V�timas Feridas;Anoitecer;Crescente;C�u Claro;Dupla;Retorno Regulamentado;Sim;2;0;1;0;0;1;1;2;-5,22579;-37,3355;SPRF-RN;DEL04-RN;UOP01-DEL04-RN;;;
690874;12/05/2025;segunda-feira;18:20:00;RN;110;46,6;MOSSORO;Condutor deixou de manter dist�ncia do ve�culo da frente;Colis�o lateral mesmo sentido;Com V�timas Feridas;Plena Noite;Crescente;C�u Claro;Dupla;Retorno Regulamentado;Sim;3;0;1;0;2;0;1;2;-5,22579;-37,3355;SPRF-RN;DEL04-RN;UOP01-DEL04-RN;;;
690875;12/05/2025;segunda-feira;17:30:00;PE;408;94;SAO LOURENCO DA MATA;Acumulo de areia ou detritos sobre o pavimento;Queda de ocupante de ve�culo;Com V�timas Feridas;Anoitecer;Decrescente;Nublado;Dupla;"Reta;Aclive";N�o;2;0;2;0;0;0;2;1;-8,04038846;-35,02750328;SPRF-PE;DEL01-PE;UOP01-DEL01-PE;;;
690876;12/05/2025;segunda-feira;17:50:00;PB;230;444,1;APARECIDA;Condutor deixou de manter dist�ncia do ve�culo da frente;Tombamento;Com V�timas Feridas;Anoitecer;Crescente;C�u Claro;Simples;Reta;N�o;1;0;0;1;0;0;1;1;-6,78604;-38,069133;SPRF-PB;DEL03-PB;UOP02-DEL03-PB;;;
690879;12/05/2025;segunda-feira;18:05:00;RN;304;170,6;ANGICOS;Animais na Pista;Atropelamento de Animal;Com V�timas Feridas;Plena Noite;Crescente;C�u Claro;Simples;Reta;N�o;1;0;1;0;0;0;1;1;-5,687205;-36,42429;SPRF-RN;DEL01-RN;UOP03-DEL01-RN;;;
690880;12/05/2025;segunda-feira;18:20:00;PR;376;184;SARANDI;Condutor deixou de manter dist�ncia do ve�culo da frente;Colis�o traseira;Com V�timas Feridas;Anoitecer;Decrescente;C�u Claro;Dupla;Reta;N�o;3;0;0;1;2;0;1;2;-23,447628;-51,860377;SPRF-PR;DEL09-PR;UOP01-DEL09-PR;;;
690881;12/05/2025;segunda-feira;18:05:00;SC;470;175;POUSO REDONDO;Acessar a via sem observar a presen�a dos outros ve�culos;Colis�o transversal;Com V�timas Feridas;Plena Noite;Crescente;C�u Claro;Simples;"Reta;Declive";Sim;2;0;0;1;1;0;1;2;-27,2590105;-49,9242979;SPRF-SC;DEL04-SC;UOP02-DEL04-SC;;;
690882;12/05/2025;segunda-feira;18:20:00;SC;280;300,7;PORTO UNIAO;Aus�ncia de rea��o do condutor;Colis�o traseira;Com V�timas Fatais;Plena Noite;Decrescente;C�u Claro;Simples;Reta;N�o;3;2;0;0;1;0;0;2;-26,283174;-51,027518;SPRF-SC;DEL06-SC;UOP04-DEL06-SC;;;
690885;12/05/2025;segunda-feira;18:40:00;SC;101;197;BIGUACU;Manobra de mudan�a de faixa;Colis�o traseira;Com V�timas Feridas;Plena Noite;Decrescente;Nublado;Dupla;"Reta;Interse��o de Vias";Sim;2;0;1;0;0;1;1;2;-27,521103;-48,637315;SPRF-SC;DEL01-SC;UOP01-DEL01-SC;;;
690886;12/05/2025;segunda-feira;18:40:00;RS;116;249;SAO LEOPOLDO;Rea��o tardia ou ineficiente do condutor;Colis�o traseira;Com V�timas Feridas;Anoitecer;Decrescente;Nublado;Dupla;Reta;N�o;2;0;1;0;1;0;1;2;-29,78316487;-51,16139889;SPRF-RS;DEL01-RS;UOP02-DEL01-RS;;;
690888;12/05/2025;segunda-feira;18:20:00;ES;101;160,2;LINHARES;Aus�ncia de rea��o do condutor;Colis�o traseira;Com V�timas Feridas;Plena Noite;Decrescente;Nublado;Simples;Reta;N�o;3;0;1;2;0;0;3;2;-19,47862118;-40,11498618;SPRF-ES;DEL04-ES;UOP01-DEL04-ES;;;
690889;12/05/2025;segunda-feira;18:55:00;RS;116;300;GUAIBA;Rea��o tardia ou ineficiente do condutor;Colis�o traseira;Com V�timas Feridas;Plena Noite;Crescente;C�u Claro;Dupla;"Reta;Viaduto";Sim;2;0;1;0;1;0;1;2;-30,118865;-51,34729;SPRF-RS;DEL02-RS;UOP01-DEL02-RS;;;
690890;12/05/2025;segunda-feira;18:50:00;MG;40;466;SETE LAGOAS;Aus�ncia de rea��o do condutor;Colis�o traseira;Com V�timas Feridas;Plena Noite;Decrescente;C�u Claro;Simples;Reta;N�o;2;0;1;0;1;0;1;2;-19,447203;-44,324689;SPRF-MG;DEL02-MG;UOP01-DEL02-MG;;;
690891;12/05/2025;segunda-feira;19:30:00;RJ;356;156;CAMPOS DOS GOYTACAZES;Velocidade Incompat�vel;Tombamento;Com V�timas Feridas;Plena Noite;Crescente;Chuva;Simples;Reta;N�o;1;0;0;1;0;0;1;1;-21,73714242;-41,20172951;SPRF-RJ;DEL08-RJ;UOP02-DEL08-RJ;;;
690892;12/05/2025;segunda-feira;19:20:00;ES;101;229,6;FUNDAO;Pedestre cruzava a pista fora da faixa;Atropelamento de Pedestre;Com V�timas Feridas;Plena Noite;Crescente;Chuva;M�ltipla;Reta;Sim;2;0;1;0;0;1;1;2;-19,93429833;-40,40494167;SPRF-ES;DEL02-ES;UOP01-DEL02-ES;;;
690893;12/05/2025;segunda-feira;18:00:00;RO;364;231;CACOAL;Rea��o tardia ou ineficiente do condutor;Colis�o traseira;Com V�timas Feridas;Plena Noite;Crescente;C�u Claro;Simples;Reta;N�o;2;0;0;1;1;0;1;2;-11,465085;-61,408347;SPRF-RO;DEL02-RO;UOP02-DEL02-RO;;;
690895;12/05/2025;segunda-feira;18:20:00;RS;392;13,5;RIO GRANDE;Aus�ncia de rea��o do condutor;Queda de ocupante de ve�culo;Com V�timas Feridas;Plena Noite;Crescente;C�u Claro;Dupla;Reta;N�o;1;0;1;0;0;0;1;1;-32,1205896;-52,15432279;SPRF-RS;DEL07-RS;UOP02-DEL07-RS;;;
690896;12/05/2025;segunda-feira;19:00:00;CE;20;352;CARIDADE;Rea��o tardia ou ineficiente do condutor;Colis�o traseira;Com V�timas Feridas;Plena Noite;Crescente;C�u Claro;Simples;Reta;N�o;3;0;1;0;2;0;1;2;-4,073653;-39,038607;SPRF-CE;DEL02-CE;UOP01-DEL02-CE;;;
690897;12/05/2025;segunda-feira;20:02:00;GO;60;114;GOIANAPOLIS;Rea��o tardia ou ineficiente do condutor;Capotamento;Com V�timas Feridas;Plena Noite;Crescente;C�u Claro;Dupla;"Curva;Declive";N�o;1;0;1;0;0;0;1;1;-16,463012;-49,063503;SPRF-GO;DEL01-GO;UOP01-DEL01-GO;;;
690899;12/05/2025;segunda-feira;19:20:00;SC;101;215;PALHOCA;Acessar a via sem observar a presen�a dos outros ve�culos;Colis�o traseira;Com V�timas Feridas;Plena Noite;Decrescente;C�u Claro;M�ltipla;"Reta;Interse��o de Vias";Sim;2;0;2;0;0;0;2;2;-27,66203975;-48,67615907;SPRF-SC;DEL01-SC;UOP02-DEL01-SC;;;
690901;12/05/2025;segunda-feira;17:20:00;MT;163;822;SINOP;Acessar a via sem observar a presen�a dos outros ve�culos;Colis�o transversal;Com V�timas Feridas;Anoitecer;Decrescente;C�u Claro;Simples;Reta;Sim;2;0;0;1;1;0;1;2;-11,97538;-55,517;SPRF-MT;DEL06-MT;UOP02-DEL06-MT;;;
690903;12/05/2025;segunda-feira;19:30:00;CE;304;6,1;BEBERIBE;Defici�ncia do Sistema de Ilumina��o/Sinaliza��o;Colis�o traseira;Com V�timas Feridas;Plena Noite;Crescente;C�u Claro;Simples;Reta;N�o;2;0;0;1;1;0;1;2;-4,588882;-38,156578;SPRF-CE;DEL03-CE;UOP02-DEL03-CE;;;