id;data_inversa;dia_semana;horario;uf;br;km;municipio;causa_acidente;tipo_acidente;classificacao_acidente;fase_dia;sentido_via;condicao_metereologica;tipo_pista;tracado_via;uso_solo;pessoas;mortos;feridos_leves;feridos_graves;ilesos;ignorados;feridos;veiculos;latitude;longitude;regional;delegacia;uop;;;
690904;12/05/2025;segunda-feira;19:50:00;MS;463;2;DOURADOS;Pedestre andava na pista;Atropelamento de Pedestre;Com V�timas Feridas;Pleno dia;Crescente;C�u Claro;Dupla;Reta;Sim;2;0;0;1;1;0;1;2;-22,25905515;-54,82280016;SPRF-MS;DEL04-MS;UOP01-DEL04-MS;;;
690905;12/05/2025;segunda-feira;19:00:00;SP;381;72;SAO PAULO;Avarias e/ou desgaste excessivo no pneu;Sa�da de leito carro��vel;Sem V�timas;Plena Noite;Decrescente;Nublado;M�ltipla;"Retorno Regulamentado;Reta";N�o;3;0;0;0;3;0;0;1;-23,35891744;-46,54989922;SPRF-SP;DEL03-SP;UOP01-DEL03-SP;;;
690906;12/05/2025;segunda-feira;21:00:00;PR;116;119;CURITIBA;Aus�ncia de rea��o do condutor;Colis�o traseira;Com V�timas Feridas;Plena Noite;Decrescente;Garoa/Chuvisco;Dupla;"Reta;Aclive";N�o;2;0;1;0;0;1;1;2;-25,579244;-49,313478;SPRF-PR;DEL01-PR;UOP03-DEL01-PR;;;
690907;12/05/2025;segunda-feira;18:00:00;SP;381;71;MAIRIPORA;Aus�ncia de rea��o do condutor;Queda de ocupante de ve�culo;Com V�timas Feridas;Plena Noite;Decrescente;C�u Claro;Dupla;"Curva;Declive";N�o;1;0;1;0;0;0;1;1;-23,35447449;-46,54965162;SPRF-SP;DEL03-SP;UOP01-DEL03-SP;;;
690909;12/05/2025;segunda-feira;19:15:00;MA;135;24;SAO LUIS;Acessar a via sem observar a presen�a dos outros ve�culos;Colis�o frontal;Sem V�timas;Plena Noite;Crescente;Nublado;Dupla;"Reta;Ponte";Sim;2;0;0;0;1;1;0;2;-2,75924779;-44,35386658;SPRF-MA;DEL01-MA;UOP01-DEL01-MA;;;
690910;12/05/2025;segunda-feira;21:30:00;MG;381;943,5;EXTREMA;Demais falhas mec�nicas ou el�tricas;Inc�ndio;Sem V�timas;Plena Noite;Crescente;Nublado;Dupla;"Reta;Aclive";Sim;1;0;0;0;1;0;0;1;-22,84121661;-46,32966068;SPRF-MG;DEL16-MG;UOP03-DEL16-MG;;;
690912;12/05/2025;segunda-feira;18:00:00;AC;317;308;BRASILEIA;Defici�ncia do Sistema de Ilumina��o/Sinaliza��o;Colis�o traseira;Com V�timas Feridas;Anoitecer;Crescente;C�u Claro;Simples;"Reta;Declive";N�o;2;0;0;1;0;1;1;2;-10,94565902;-68,82079103;SPRF-AC;DEL01-AC;UOP02-DEL01-AC;;;
690914;12/05/2025;segunda-feira;20:40:00;RJ;493;60;NOVA IGUACU;Rea��o tardia ou ineficiente do condutor;Queda de ocupante de ve�culo;Com V�timas Feridas;Plena Noite;Crescente;Chuva;Dupla;Reta;N�o;2;0;1;0;0;1;1;2;-22,676768;-43,396675;SPRF-RJ;DEL01-RJ;UOP03-DEL01-RJ;;;
690915;12/05/2025;segunda-feira;18:20:00;MA;230;401;BALSAS;Acessar a via sem observar a presen�a dos outros ve�culos;Colis�o transversal;Com V�timas Feridas;Plena Noite;Crescente;Ignorado;Simples;"Interse��o de Vias;Reta";Sim;2;0;2;0;0;0;2;2;-7,509772;-46,032172;SPRF-MA;DEL05-MA;UOP01-DEL05-MA;;;
690917;12/05/2025;segunda-feira;22:20:00;SP;116;229,5;SAO PAULO;Pedestre andava na pista;Atropelamento de Pedestre;Com V�timas Feridas;Plena Noite;Decrescente;C�u Claro;M�ltipla;Reta;Sim;2;0;0;1;1;0;1;2;-23,50955502;-46,57303538;SPRF-SP;DEL01-SP;UOP01-DEL01-SP;;;
690919;12/05/2025;segunda-feira;22:40:00;MG;40;528,3;CONTAGEM;Entrada inopinada do pedestre;Atropelamento de Pedestre;Com V�timas Feridas;Plena Noite;Crescente;C�u Claro;Dupla;"Reta;Declive";Sim;3;0;3;0;0;0;3;2;-19,9172514;-44,03943279;SPRF-MG;DEL01-MG;UOP02-DEL01-MG;;;
690920;12/05/2025;segunda-feira;21:25:00;MS;163;613;SAO GABRIEL DO OESTE;Animais na Pista;Atropelamento de Animal;Com V�timas Feridas;Plena Noite;Crescente;C�u Claro;Simples;"Reta;Declive";N�o;2;0;1;0;1;0;1;2;-19,40783058;-54,56005812;SPRF-MS;DEL06-MS;UOP02-DEL06-MS;;;
690924;12/05/2025;segunda-feira;22:20:00;MG;116;522;CARATINGA;Rea��o tardia ou ineficiente do condutor;Colis�o transversal;Com V�timas Feridas;Plena Noite;Decrescente;C�u Claro;Simples;Interse��o de Vias;Sim;2;0;2;0;0;0;2;2;-19,76638864;-42,1312326;SPRF-MG;DEL06-MG;UOP02-DEL06-MG;;;
690927;12/05/2025;segunda-feira;23:59:00;PR;277;81;CURITIBA;Mal s�bito do condutor;Colis�o traseira;Com V�timas Feridas;Plena Noite;Crescente;C�u Claro;Dupla;Reta;Sim;3;0;1;0;2;0;1;2;-25,45945731;-49,22084061;SPRF-PR;DEL01-PR;UOP03-DEL01-PR;;;
690928;12/05/2025;segunda-feira;20:00:00;RJ;40;62;PETROPOLIS;Ilumina��o deficiente;Atropelamento de Pedestre;Com V�timas Fatais;Plena Noite;Decrescente;Chuva;Simples;"Aclive;Curva";N�o;2;1;1;0;0;0;1;2;-22,40737846;-43,14682961;SPRF-RJ;DEL05-RJ;UOP02-DEL05-RJ;;;
690929;12/05/2025;segunda-feira;23:00:00;BA;324;568;SAO SEBASTIAO DO PASSE;Demais falhas mec�nicas ou el�tricas;Inc�ndio;Sem V�timas;Plena Noite;Decrescente;C�u Claro;Dupla;Reta;N�o;1;0;0;0;0;1;0;1;-12,5456897;-38,5814417;SPRF-BA;DEL01-BA;UOP01-DEL01-BA;;;
690931;13/05/2025;ter�a-feira;00:40:00;CE;222;3,2;FORTALEZA;Condutor deixou de manter dist�ncia do ve�culo da frente;Colis�o traseira;Com V�timas Feridas;Plena Noite;Crescente;C�u Claro;Dupla;Viaduto;Sim;2;0;0;1;1;0;1;2;-3,74051;-38,597747;SPRF-CE;DEL01-CE;UOP01-DEL01-CE;;;
690932;13/05/2025;ter�a-feira;00:35:00;CE;222;3,2;FORTALEZA;Velocidade Incompat�vel;Colis�o com objeto;Sem V�timas;Plena Noite;Decrescente;C�u Claro;M�ltipla;"Declive;Reta";Sim;1;0;0;0;0;1;0;1;-3,74051;-38,597747;SPRF-CE;DEL01-CE;UOP01-DEL01-CE;;;
690934;12/05/2025;segunda-feira;19:20:00;SP;116;377;MIRACATU;Rea��o tardia ou ineficiente do condutor;Capotamento;Com V�timas Feridas;Plena Noite;Decrescente;Nublado;Dupla;Reta;N�o;1;0;1;0;0;0;1;1;-24,19744264;-47,36648954;SPRF-SP;DEL04-SP;UOP02-DEL04-SP;;;
690935;13/05/2025;ter�a-feira;01:30:00;SC;101;152;ITAPEMA;Rea��o tardia ou ineficiente do condutor;Colis�o com objeto;Sem V�timas;Plena Noite;Crescente;Chuva;Dupla;Reta;Sim;1;0;0;0;1;0;0;1;-27,13530698;-48,61006531;SPRF-SC;DEL04-SC;UOP03-DEL04-SC;;;
690937;12/05/2025;segunda-feira;23:30:00;MT;364;267;JACIARA;Rea��o tardia ou ineficiente do condutor;Tombamento;Com V�timas Feridas;Plena Noite;Crescente;C�u Claro;Dupla;Reta;N�o;1;0;0;1;0;0;1;1;-15,98466;-54,929278;SPRF-MT;DEL02-MT;UOP01-DEL02-MT;;;
690938;13/05/2025;ter�a-feira;03:50:00;PR;277;104;CAMPO LARGO;Condutor Dormindo;Colis�o com objeto;Com V�timas Feridas;Plena Noite;Crescente;Garoa/Chuvisco;Dupla;Reta;N�o;5;0;5;0;0;0;5;1;-25,43304338;-49,40402627;SPRF-PR;DEL03-PR;UOP03-DEL03-PR;;;
690939;13/05/2025;ter�a-feira;05:00:00;GO;60;179,4;ABADIA DE GOIAS;Velocidade Incompat�vel;Tombamento;Com V�timas Feridas;Plena Noite;Decrescente;C�u Claro;Dupla;"Declive;Reta";N�o;1;0;0;1;0;0;1;1;-16,772753;-49,48562;SPRF-GO;DEL01-GO;UOP02-DEL01-GO;;;
690940;13/05/2025;ter�a-feira;05:30:00;SC;101;186;BIGUACU;Rea��o tardia ou ineficiente do condutor;Colis�o com objeto;Com V�timas Feridas;Plena Noite;Crescente;Garoa/Chuvisco;Dupla;Curva;N�o;3;0;1;1;1;0;2;2;-27,43476959;-48,62595884;SPRF-SC;DEL01-SC;UOP01-DEL01-SC;;;
690942;12/05/2025;segunda-feira;21:30:00;RS;472;413;SAO BORJA;Avarias e/ou desgaste excessivo no pneu;Queda de ocupante de ve�culo;Com V�timas Feridas;Plena Noite;Decrescente;C�u Claro;Simples;Reta;N�o;2;0;1;0;1;0;1;1;-28,74306865;-56,02456141;SPRF-RS;DEL12-RS;UOP01-DEL12-RS;;;
690943;13/05/2025;ter�a-feira;05:50:00;SE;235;55,9;ITABAIANA;Aus�ncia de rea��o do condutor;Colis�o transversal;Com V�timas Feridas;Pleno dia;Crescente;Chuva;Simples;Reta;N�o;2;0;1;0;1;0;1;2;-10,66095;-37,44779;SPRF-SE;DEL01-SE;UOP02-DEL01-SE;;;
690945;13/05/2025;ter�a-feira;05:30:00;GO;153;364,3;JARAGUA;Aus�ncia de rea��o do condutor;Colis�o frontal;Com V�timas Fatais;Plena Noite;Crescente;C�u Claro;Simples;"Reta;Aclive";N�o;4;1;2;0;1;0;2;2;-15,80412684;-49,2983129;SPRF-GO;DEL02-GO;UOP02-DEL02-GO;;;
690947;13/05/2025;ter�a-feira;07:25:00;ES;101;152;LINHARES;Transitar na contram�o;Colis�o frontal;Com V�timas Feridas;Pleno dia;Crescente;Garoa/Chuvisco;Simples;Reta;N�o;4;0;0;3;1;0;3;3;-19,4825928;-40,1173097;SPRF-ES;DEL04-ES;UOP01-DEL04-ES;;;
690948;13/05/2025;ter�a-feira;07:20:00;PB;230;11,3;CABEDELO;Acesso irregular;Colis�o traseira;Com V�timas Feridas;Pleno dia;Crescente;C�u Claro;Dupla;Reta;N�o;2;0;0;1;1;0;1;2;-7,065527;-34,850237;SPRF-PB;DEL01-PB;UOP01-DEL01-PB;;;
690949;23/04/2025;quarta-feira;10:50:00;MG;381;1;BETIM;Manobra de mudan�a de faixa;Colis�o lateral mesmo sentido;Com V�timas Feridas;Pleno dia;Crescente;C�u Claro;Dupla;Reta;N�o;2;0;0;1;1;0;1;2;-19,966093;-44,159448;SPRF-MG;DEL01-MG;UOP03-DEL01-MG;;;
690952;13/05/2025;ter�a-feira;07:25:00;SP;381;43,2;ATIBAIA;Velocidade Incompat�vel;Sa�da de leito carro��vel;Com V�timas Feridas;Pleno dia;Crescente;Sol;Dupla;Reta;N�o;2;0;1;0;0;1;1;2;-23,13920478;-46,57551952;SPRF-SP;DEL03-SP;UOP01-DEL03-SP;;;
690954;13/05/2025;ter�a-feira;08:05:00;RS;158;174;PEJUCARA;Acessar a via sem observar a presen�a dos outros ve�culos;Colis�o lateral mesmo sentido;Com V�timas Feridas;Pleno dia;Decrescente;C�u Claro;Simples;Reta;N�o;2;0;1;0;1;0;1;2;-28,46845978;-53,54773728;SPRF-RS;DEL10-RS;UOP02-DEL10-RS;;;
690955;13/05/2025;ter�a-feira;07:55:00;BA;324;517,6;FEIRA DE SANTANA;Convers�o proibida;Colis�o frontal;Com V�timas Feridas;Pleno dia;Crescente;C�u Claro;Simples;Reta;Sim;3;0;1;0;2;0;1;2;-12,2626501;-38,93258393;SPRF-BA;DEL02-BA;UOP01-DEL02-BA;;;
690956;13/05/2025;ter�a-feira;07:15:00;AP;210;4;MACAPA;Acessar a via sem observar a presen�a dos outros ve�culos;Colis�o traseira;Com V�timas Feridas;Amanhecer;Decrescente;C�u Claro;Dupla;Reta;Sim;3;0;0;2;1;0;2;2;0,088451;-51,096244;SPRF-AP;DEL01-AP;UOP01-DEL01-AP;;;
690957;29/04/2025;ter�a-feira;11:38:00;PE;407;127;PETROLINA;Condutor deixou de manter dist�ncia do ve�culo da frente;Colis�o traseira;Sem V�timas;Pleno dia;Decrescente;C�u Claro;Simples;Reta;Sim;2;0;0;0;2;0;0;2;-9,392271;-40,516242;SPRF-PE;DEL06-PE;UOP01-DEL06-PE;;;
690958;13/05/2025;ter�a-feira;08:30:00;PE;101;69,4;RECIFE;Ultrapassagem Indevida;Colis�o lateral mesmo sentido;Com V�timas Feridas;Pleno dia;Decrescente;C�u Claro;Dupla;Reta;Sim;2;0;1;0;1;0;1;2;-8,06249;-34,94437;SPRF-PE;DEL01-PE;UOP01-DEL01-PE;;;
690963;09/05/2025;sexta-feira;08:50:00;RJ;40;124;RIO DE JANEIRO;Manobra de mudan�a de faixa;Colis�o lateral mesmo sentido;Com V�timas Feridas;Pleno dia;Crescente;C�u Claro;M�ltipla;Reta;Sim;2;0;1;0;1;0;1;2;-22,81274739;-43,28796496;SPRF-RJ;DEL01-RJ;UOP02-DEL01-RJ;;;
690965;13/05/2025;ter�a-feira;06:40:00;BA;101;863;TEIXEIRA DE FREITAS;Chuva;Capotamento;Com V�timas Feridas;Amanhecer;Crescente;Chuva;Simples;Reta;N�o;5;0;1;0;4;0;1;1;-17,432109;-39,687949;SPRF-BA;DEL09-BA;UOP02-DEL09-BA;;;
690966;30/04/2025;quarta-feira;09:20:00;AL;316;256,2;PILAR;Acessar a via sem observar a presen�a dos outros ve�culos;Colis�o transversal;Com V�timas Feridas;Pleno dia;Crescente;C�u Claro;Simples;Reta;N�o;3;0;2;0;1;0;2;3;-9,590885;-35,939359;SPRF-AL;DEL02-AL;UOP01-DEL02-AL;;;
690967;13/05/2025;ter�a-feira;07:20:00;SC;280;207,9;MAFRA;Rea��o tardia ou ineficiente do condutor;Colis�o com objeto;Com V�timas Feridas;Amanhecer;Crescente;Nublado;Simples;"Reta;Ponte";N�o;1;0;1;0;0;0;1;1;-26,166444;-50,143999;SPRF-SC;DEL06-SC;UOP04-DEL06-SC;;;
690968;13/05/2025;ter�a-feira;08:20:00;PR;277;84;CURITIBA;Condutor deixou de manter dist�ncia do ve�culo da frente;Colis�o traseira;Com V�timas Feridas;Pleno dia;Crescente;Nublado;Dupla;Reta;Sim;2;0;1;0;1;0;1;2;-25,44730486;-49,2307663;SPRF-PR;DEL01-PR;UOP03-DEL01-PR;;;
690969;13/05/2025;ter�a-feira;09:14:00;SC;101;212,7;PALHOCA;Acessar a via sem observar a presen�a dos outros ve�culos;Colis�o transversal;Com V�timas Feridas;Pleno dia;Crescente;Garoa/Chuvisco;Dupla;Interse��o de Vias;Sim;3;0;2;0;1;0;2;2;-27,637656;-48,665893;SPRF-SC;DEL01-SC;UOP02-DEL01-SC;;;
690970;13/05/2025;ter�a-feira;09:00:00;SC;101;129,5;CAMBORIU;Objeto est�tico sobre o leito carro��vel;Colis�o com objeto;Com V�timas Feridas;Pleno dia;Crescente;Chuva;Dupla;Reta;N�o;1;0;1;0;0;0;1;1;-26,98277;-48,67332;SPRF-SC;DEL04-SC;UOP03-DEL04-SC;;;
690972;13/05/2025;ter�a-feira;08:30:00;RS;290;99;PORTO ALEGRE;Manobra de mudan�a de faixa;Colis�o lateral mesmo sentido;Com V�timas Feridas;Pleno dia;Decrescente;C�u Claro;M�ltipla;Reta;N�o;3;0;1;0;1;1;1;3;-29,99062472;-51,23080301;SPRF-RS;DEL01-RS;UOP01-DEL01-RS;;;
690973;13/05/2025;ter�a-feira;08:00:00;RS;290;92;PORTO ALEGRE;Manobra de mudan�a de faixa;Colis�o lateral mesmo sentido;Com V�timas Feridas;Pleno dia;Decrescente;C�u Claro;M�ltipla;Reta;N�o;2;0;1;0;1;0;1;2;-29,97032697;-51,17141962;SPRF-RS;DEL01-RS;UOP01-DEL01-RS;;;
690974;28/04/2025;segunda-feira;07:30:00;PE;407;123,2;PETROLINA;Condutor deixou de manter dist�ncia do ve�culo da frente;Colis�o traseira;Sem V�timas;Pleno dia;Decrescente;C�u Claro;M�ltipla;"Retorno Regulamentado;Reta";Sim;2;0;0;0;2;0;0;2;-9,363717;-40,544653;SPRF-PE;DEL06-PE;UOP01-DEL06-PE;;;
690975;13/05/2025;ter�a-feira;08:30:00;MG;40;545,5;NOVA LIMA;Manobra de mudan�a de faixa;Colis�o lateral mesmo sentido;Com V�timas Feridas;Pleno dia;Decrescente;Nublado;Dupla;"Reta;Viaduto";Sim;3;0;1;0;1;1;1;3;-20,012597;-43,967681;SPRF-MG;DEL01-MG;UOP02-DEL01-MG;;;
690977;13/05/2025;ter�a-feira;07:20:00;PI;343;589,8;FLORIANO;Rea��o tardia ou ineficiente do condutor;Colis�o transversal;Com V�timas Feridas;Pleno dia;Decrescente;Sol;Dupla;Declive;Sim;2;0;0;1;1;0;1;2;-6,78161075;-43,01311612;SPRF-PI;DEL03-PI;UOP01-DEL03-PI;;;
690979;13/05/2025;ter�a-feira;09:20:00;ES;101;262,1;SERRA;Acessar a via sem observar a presen�a dos outros ve�culos;Colis�o lateral mesmo sentido;Com V�timas Feridas;Pleno dia;Crescente;C�u Claro;Dupla;Reta;Sim;4;0;0;1;3;0;1;2;-20,04884974;-40,38639807;SPRF-ES;DEL02-ES;UOP01-DEL02-ES;;;
690980;13/05/2025;ter�a-feira;04:40:00;CE;402;285;TURURU;Aus�ncia de rea��o do condutor;Colis�o traseira;Sem V�timas;Amanhecer;Decrescente;Ignorado;Simples;Reta;Sim;2;0;0;0;2;0;0;2;-3,590397;-39,443325;SPRF-CE;DEL01-CE;UOP03-DEL01-CE;;;
690981;27/03/2025;quinta-feira;07:00:00;MG;50;47;ARAGUARI;Aus�ncia de rea��o do condutor;Colis�o traseira;Com V�timas Fatais;Pleno dia;Decrescente;C�u Claro;Dupla;"Aclive;Curva";N�o;6;1;2;0;3;0;2;3;-18,73251;-48,209347;SPRF-MG;DEL15-MG;UOP02-DEL15-MG;;;
690983;13/05/2025;ter�a-feira;09:00:00;ES;393;2;CACHOEIRO DE ITAPEMIRIM;Acesso irregular;Colis�o lateral sentido oposto;Com V�timas Feridas;Pleno dia;Crescente;Sol;Simples;Reta;N�o;2;0;1;0;1;0;1;2;-20,8621561;-41,1182488;SPRF-ES;DEL03-ES;UOP02-DEL03-ES;;;
690984;13/05/2025;ter�a-feira;07:30:00;SC;280;108;SAO BENTO DO SUL;Pista Escorregadia;Queda de ocupante de ve�culo;Com V�timas Feridas;Pleno dia;Decrescente;Garoa/Chuvisco;Simples;"Aclive;Reta";N�o;2;0;2;0;0;0;2;1;-26,33491871;-49,37803969;SPRF-SC;DEL06-SC;UOP03-DEL06-SC;;;
690985;22/04/2025;ter�a-feira;13:20:00;RJ;116;169;RIO DE JANEIRO;Rea��o tardia ou ineficiente do condutor;Colis�o traseira;Com V�timas Feridas;Pleno dia;Crescente;Nublado;M�ltipla;Reta;N�o;3;0;1;0;2;0;1;2;-22,80609238;-43,34278107;SPRF-RJ;DEL06-RJ;UOP01-DEL06-RJ;;;
690989;13/05/2025;ter�a-feira;08:50:00;MG;40;747,6;SANTOS DUMONT;Rea��o tardia ou ineficiente do condutor;Colis�o traseira;Com V�timas Feridas;Pleno dia;Decrescente;Nublado;Simples;"Aclive;Curva";Sim;3;0;2;0;1;0;2;2;-21,47384;-43,546201;SPRF-MG;DEL05-MG;UOP01-DEL05-MG;;;
690993;02/04/2025;quarta-feira;21:30:00;MA;10;202;RIBAMAR FIQUENE;Transitar na contram�o;Colis�o frontal;Com V�timas Fatais;Pleno dia;Crescente;C�u Claro;Simples;Reta;N�o;5;1;1;1;2;0;2;2;-5,955933;-47,383807;SPRF-MA;DEL04-MA;UOP01-DEL04-MA;;;
690994;13/05/2025;ter�a-feira;10:40:00;SC;101;463;PASSO DE TORRES;Condutor deixou de manter dist�ncia do ve�culo da frente;Colis�o com objeto;Com V�timas Feridas;Pleno dia;Decrescente;C�u Claro;Dupla;Curva;N�o;2;0;1;0;1;0;1;1;-29,287879;-49,757012;SPRF-RS;DEL03-RS;UOP02-DEL03-RS;;;
690995;13/05/2025;ter�a-feira;10:11:00;PB;230;141,5;CAMPINA GRANDE;Demais falhas mec�nicas ou el�tricas;Inc�ndio;Sem V�timas;Pleno dia;Decrescente;C�u Claro;Dupla;Reta;N�o;1;0;0;0;1;0;0;1;-7,257295;-35,814183;SPRF-PB;DEL02-PB;UOP01-DEL02-PB;;;
690996;13/05/2025;ter�a-feira;08:55:00;MS;163;327;RIO BRILHANTE;Ultrapassagem Indevida;Colis�o com objeto;Sem V�timas;Pleno dia;Crescente;C�u Claro;Simples;Reta;N�o;3;0;0;0;3;0;0;1;-21,74706;-54,51702;SPRF-MS;DEL02-MS;UOP02-DEL02-MS;;;
690997;13/05/2025;ter�a-feira;09:05:00;SP;116;489;CAJATI;Rea��o tardia ou ineficiente do condutor;Colis�o lateral mesmo sentido;Com V�timas Feridas;Pleno dia;Decrescente;Garoa/Chuvisco;Dupla;Reta;Sim;2;0;1;0;1;0;1;2;-24,73551629;-48,11586771;SPRF-SP;DEL05-SP;UOP01-DEL05-SP;;;
690999;13/05/2025;ter�a-feira;11:00:00;PB;101;88,4;JOAO PESSOA;Aus�ncia de rea��o do condutor;Queda de ocupante de ve�culo;Com V�timas Feridas;Pleno dia;Crescente;C�u Claro;Dupla;Reta;N�o;1;0;0;1;0;0;1;1;-7,165707;-34,896698;SPRF-PB;DEL01-PB;UOP01-DEL01-PB;;;
691001;13/05/2025;ter�a-feira;11:40:00;ES;101;166;LINHARES;Aus�ncia de rea��o do condutor;Colis�o traseira;Com V�timas Feridas;Pleno dia;Crescente;C�u Claro;Simples;Reta;N�o;2;0;1;0;1;0;1;2;-19,51864195;-40,1434396;SPRF-ES;DEL04-ES;UOP01-DEL04-ES;;;
691002;13/05/2025;ter�a-feira;11:00:00;SP;116;133;SAO JOSE DOS CAMPOS;Aus�ncia de rea��o do condutor;Queda de ocupante de ve�culo;Com V�timas Feridas;Pleno dia;Decrescente;Nublado;Dupla;Reta;Sim;2;0;2;0;0;0;2;1;-23,13822208;-45,7578092;SPRF-SP;DEL02-SP;UOP02-DEL02-SP;;;
691003;03/05/2025;s�bado;12:00:00;SC;101;448,8;SANTA ROSA DO SUL;Ultrapassagem Indevida;Colis�o lateral mesmo sentido;Com V�timas Feridas;Pleno dia;Crescente;C�u Claro;M�ltipla;"Reta;Declive";N�o;2;0;2;0;0;0;2;2;-29,16973475;-49,74704359;SPRF-SC;DEL02-SC;UOP02-DEL02-SC;;;
691004;13/05/2025;ter�a-feira;11:11:00;PE;101;70,4;RECIFE;Acessar a via sem observar a presen�a dos outros ve�culos;Colis�o lateral mesmo sentido;Sem V�timas;Pleno dia;Crescente;C�u Claro;M�ltipla;Reta;N�o;3;0;0;0;3;0;0;2;-8,07160509;-34,94271398;SPRF-PE;DEL01-PE;UOP01-DEL01-PE;;;
691006;13/05/2025;ter�a-feira;10:00:00;PE;408;54;CARPINA;Demais falhas mec�nicas ou el�tricas;Inc�ndio;Sem V�timas;Pleno dia;Decrescente;Sol;Simples;Reta;Sim;1;0;0;0;0;1;0;1;-7,82921053;-35,24493154;SPRF-PE;DEL01-PE;UOP01-DEL01-PE;;;
691007;13/05/2025;ter�a-feira;11:30:00;ES;101;205,5;JOAO NEIVA;Retorno proibido;Colis�o transversal;Com V�timas Fatais;Pleno dia;Crescente;Nublado;Simples;Reta;N�o;3;1;0;2;0;0;2;2;-19,76413561;-40,37306428;SPRF-ES;DEL02-ES;UOP01-DEL02-ES;;;
691009;13/05/2025;ter�a-feira;11:20:00;SP;381;88,6;GUARULHOS;Manobra de mudan�a de faixa;Colis�o lateral mesmo sentido;Sem V�timas;Pleno dia;Decrescente;C�u Claro;Dupla;Reta;Sim;2;0;0;0;1;1;0;2;-23,4927879;-46,55711889;SPRF-SP;DEL03-SP;UOP01-DEL03-SP;;;
691012;13/05/2025;ter�a-feira;08:32:00;MT;163;697;SORRISO;Ultrapassagem Indevida;Sa�da de leito carro��vel;Com V�timas Feridas;Pleno dia;Crescente;C�u Claro;Simples;Reta;N�o;4;0;3;0;1;0;3;1;-12,999786;-55,88657;SPRF-MT;DEL06-MT;UOP01-DEL06-MT;;;
691013;13/05/2025;ter�a-feira;11:50:00;RS;285;120;VACARIA;Condutor desrespeitou a ilumina��o vermelha do sem�foro;Colis�o transversal;Com V�timas Feridas;Pleno dia;Crescente;C�u Claro;Simples;Rotat�ria;N�o;2;0;1;0;1;0;1;2;-28,51035563;-50,93576996;SPRF-RS;DEL05-RS;UOP03-DEL05-RS;;;
691016;13/05/2025;ter�a-feira;12:40:00;PR;116;17;ANTONINA;Rea��o tardia ou ineficiente do condutor;Colis�o com objeto;Com V�timas Feridas;Pleno dia;Decrescente;Garoa/Chuvisco;Dupla;Curva;N�o;2;0;1;0;1;0;1;1;-25,10114486;-48,73166084;SPRF-PR;DEL01-PR;UOP02-DEL01-PR;;;
691017;13/05/2025;ter�a-feira;11:25:00;RO;319;62;PORTO VELHO;Desrespeitar a prefer�ncia no cruzamento;Colis�o transversal;Com V�timas Feridas;Pleno dia;Decrescente;C�u Claro;M�ltipla;"Reta;Interse��o de Vias";Sim;2;0;1;0;1;0;1;2;-8,75144166;-63,88773056;SPRF-RO;DEL01-RO;UOP01-DEL01-RO;;;
691018;13/05/2025;ter�a-feira;09:40:00;SP;116;505,5;CAJATI;Aus�ncia de rea��o do condutor;Sa�da de leito carro��vel;Com V�timas Feridas;Pleno dia;Crescente;Chuva;Simples;"Curva;Declive";N�o;1;0;1;0;0;0;1;1;-24,802344;-48,214944;SPRF-SP;DEL05-SP;UOP02-DEL05-SP;;;
691019;25/03/2025;ter�a-feira;19:30:00;RN;304;298,8;MACAIBA;Manobra de mudan�a de faixa;Colis�o traseira;Com V�timas Feridas;Plena Noite;Crescente;C�u Claro;Dupla;Reta;N�o;3;0;2;0;1;0;2;3;-5,8676;-35,3709;SPRF-RN;DEL01-RN;UOP02-DEL01-RN;;;
691021;05/05/2025;segunda-feira;08:30:00;PE;428;116;SANTA MARIA DA BOA VISTA;Manobra de mudan�a de faixa;Colis�o traseira;Com V�timas Feridas;Pleno dia;Decrescente;Nublado;Simples;Reta;N�o;15;0;11;4;0;0;15;2;-8,914406;-40,069297;SPRF-PE;DEL06-PE;UOP03-DEL06-PE;;;
691022;13/05/2025;ter�a-feira;13:10:00;SC;470;45,1;GASPAR;Acessar a via sem observar a presen�a dos outros ve�culos;Colis�o transversal;Com V�timas Feridas;Pleno dia;Crescente;Chuva;Simples;Reta;Sim;2;0;2;0;0;0;2;2;-26,86500214;-49,03333384;SPRF-SC;DEL04-SC;UOP01-DEL04-SC;;;
691024;09/05/2025;sexta-feira;20:10:00;RJ;116;80;TERESOPOLIS;Rea��o tardia ou ineficiente do condutor;Tombamento;Com V�timas Feridas;Plena Noite;Crescente;C�u Claro;Simples;Reta;Sim;1;0;1;0;0;0;1;1;-22,3444992;-42,9195264;SPRF-RJ;DEL04-RJ;UOP01-DEL04-RJ;;;
691025;13/05/2025;ter�a-feira;14:00:00;ES;101;267,5;SERRA;Manobra de mudan�a de faixa;Sa�da de leito carro��vel;Com V�timas Feridas;Pleno dia;Decrescente;Sol;M�ltipla;Reta;Sim;2;0;1;0;1;0;1;1;-20,2049518;-40,26888;SPRF-ES;DEL02-ES;UOP01-DEL02-ES;;;
691027;13/05/2025;ter�a-feira;12:22:00;MG;40;523,5;CONTAGEM;Rea��o tardia ou ineficiente do condutor;Sa�da de leito carro��vel;Com V�timas Feridas;Pleno dia;Crescente;Nublado;Dupla;Curva;Sim;2;0;2;0;0;0;2;1;-19,87745571;-44,05301929;SPRF-MG;DEL01-MG;UOP02-DEL01-MG;;;
691028;13/05/2025;ter�a-feira;13:37:00;PI;343;13,6;PARNAIBA;Desrespeitar a prefer�ncia no cruzamento;Colis�o transversal;Com V�timas Feridas;Pleno dia;Decrescente;C�u Claro;Dupla;"Reta;Interse��o de Vias";Sim;5;0;4;0;1;0;4;2;-2,92511621;-41,75361425;SPRF-PI;DEL05-PI;UOP01-DEL05-PI;;;