id;data_inversa;dia_semana;horario;uf;br;km;municipio;causa_acidente;tipo_acidente;classificacao_acidente;fase_dia;sentido_via;condicao_metereologica;tipo_pista;tracado_via;uso_solo;pessoas;mortos;feridos_leves;feridos_graves;ilesos;ignorados;feridos;veiculos;latitude;longitude;regional;delegacia;uop;;;
691278;14/05/2025;quarta-feira;16:40:00;MG;40;545;NOVA LIMA;Manobra de mudan�a de faixa;Colis�o lateral mesmo sentido;Com V�timas Feridas;Pleno dia;Crescente;C�u Claro;Dupla;Reta;Sim;2;0;0;1;1;0;1;2;-20,00862705;-43,9648819;SPRF-MG;DEL01-MG;UOP02-DEL01-MG;;;
691280;14/05/2025;quarta-feira;19:00:00;RS;293;172,7;HULHA NEGRA;Desrespeitar a prefer�ncia no cruzamento;Colis�o transversal;Com V�timas Feridas;Plena Noite;Crescente;Nublado;Simples;"Interse��o de Vias;Rotat�ria";N�o;6;0;2;0;4;0;2;2;-31,32847853;-53,97954075;SPRF-RS;DEL11-RS;UOP03-DEL11-RS;;;
691281;14/05/2025;quarta-feira;16:32:00;RJ;40;110;DUQUE DE CAXIAS;Acessar a via sem observar a presen�a dos outros ve�culos;Colis�o lateral mesmo sentido;Com V�timas Feridas;Pleno dia;Decrescente;C�u Claro;Simples;Reta;Sim;3;0;1;0;2;0;1;2;-22,68680552;-43,28548908;SPRF-RJ;DEL01-RJ;UOP02-DEL01-RJ;;;
691282;14/05/2025;quarta-feira;16:50:00;GO;40;3,1;VALPARAISO DE GOIAS;Manobra de mudan�a de faixa;Colis�o traseira;Com V�timas Feridas;Pleno dia;Decrescente;C�u Claro;Dupla;Reta;Sim;3;0;1;0;2;0;1;2;-16,077008;-47,985568;SPRF-DF;DEL01-DF;UOP01-DEL01-DF;;;
691283;14/05/2025;quarta-feira;18:00:00;SP;381;86;SAO PAULO;Rea��o tardia ou ineficiente do condutor;Colis�o com objeto;Com V�timas Feridas;Anoitecer;Crescente;C�u Claro;Dupla;Reta;Sim;2;0;1;0;1;0;1;1;-23,46753726;-46,57132387;SPRF-SP;DEL03-SP;UOP01-DEL03-SP;;;
691284;14/05/2025;quarta-feira;18:30:00;GO;70;2;AGUAS LINDAS DE GOIAS;Avarias e/ou desgaste excessivo no pneu;Queda de ocupante de ve�culo;Com V�timas Feridas;Plena Noite;Decrescente;C�u Claro;Dupla;Curva;N�o;1;0;1;0;0;0;1;1;-15,76272;-48,23407;SPRF-DF;DEL03-DF;UOP02-DEL03-DF;;;
691285;17/04/2025;quinta-feira;05:50:00;MG;365;611;UBERLANDIA;Pedestre cruzava a pista fora da faixa;Atropelamento de Pedestre;Com V�timas Feridas;Amanhecer;Decrescente;Ignorado;Dupla;Reta;N�o;2;0;1;0;1;0;1;2;-18,91615;-48,17643;SPRF-MG;DEL15-MG;UOP01-DEL15-MG;;;
691286;14/05/2025;quarta-feira;18:20:00;BA;116;819,3;VITORIA DA CONQUISTA;Ingest�o de �lcool pelo condutor;Colis�o traseira;Sem V�timas;Plena Noite;Crescente;Nublado;Dupla;Reta;N�o;2;0;0;0;2;0;0;2;-14,829623;-40,830778;SPRF-BA;DEL08-BA;UOP01-DEL08-BA;;;
691287;14/05/2025;quarta-feira;19:29:00;PR;369;146;LONDRINA;Condutor deixou de manter dist�ncia do ve�culo da frente;Colis�o traseira;Com V�timas Feridas;Plena Noite;Crescente;C�u Claro;Dupla;Declive;Sim;2;0;0;1;1;0;1;2;-23,293245;-51,122733;SPRF-PR;DEL07-PR;UOP01-DEL07-PR;;;
691288;14/05/2025;quarta-feira;18:45:00;SC;101;3,7;SAO FRANCISCO DO SUL;Acessar a via sem observar a presen�a dos outros ve�culos;Colis�o transversal;Com V�timas Feridas;Plena Noite;Decrescente;Garoa/Chuvisco;Simples;Rotat�ria;Sim;2;0;1;0;1;0;1;2;-26,251837;-48,617663;SPRF-SC;DEL03-SC;UOP01-DEL03-SC;;;
691289;14/05/2025;quarta-feira;19:30:00;PR;116;151;MANDIRITUBA;Transitar na contram�o;Colis�o frontal;Com V�timas Feridas;Plena Noite;Crescente;Nublado;Simples;Declive;N�o;5;0;0;3;2;0;3;2;-25,853095;-49,357763;SPRF-PR;DEL01-PR;UOP03-DEL01-PR;;;
691291;14/05/2025;quarta-feira;18:45:00;PR;277;5,3;PARANAGUA;Pedestre cruzava a pista fora da faixa;Atropelamento de Pedestre;Com V�timas Feridas;Plena Noite;Crescente;Chuva;Dupla;"Reta;Viaduto;Declive";Sim;2;0;1;1;0;0;2;2;-25,524491;-48,52663;SPRF-PR;DEL01-PR;UOP05-DEL01-PR;;;
691292;14/05/2025;quarta-feira;18:45:00;PR;376;3;SAO JOSE DOS PINHAIS;Acessar a via sem observar a presen�a dos outros ve�culos;Atropelamento de Pedestre;Com V�timas Feridas;Plena Noite;Decrescente;C�u Claro;Dupla;Reta;Sim;2;0;2;0;0;0;2;2;-25,544346;-49,193004;SPRF-PR;DEL01-PR;UOP04-DEL01-PR;;;
691293;14/05/2025;quarta-feira;18:35:00;RJ;101;334;RIO DE JANEIRO;Manobra de mudan�a de faixa;Colis�o lateral mesmo sentido;Com V�timas Feridas;Anoitecer;Decrescente;Nublado;Simples;"Curva;Viaduto";Sim;2;0;1;0;1;0;1;2;-22,88726174;-43,21754026;SPRF-RJ;DEL02-RJ;UOP01-DEL02-RJ;;;
691294;14/05/2025;quarta-feira;19:00:00;MG;381;3,5;BETIM;Objeto est�tico sobre o leito carro��vel;Colis�o com objeto;Com V�timas Feridas;Plena Noite;Decrescente;Nublado;Dupla;"Reta;Aclive";Sim;4;0;2;0;2;0;2;2;-19,9866553;-44,1715353;SPRF-MG;DEL01-MG;UOP03-DEL01-MG;;;
691295;14/05/2025;quarta-feira;18:00:00;DF;20;4,5;BRASILIA;Ilumina��o deficiente;Colis�o traseira;Com V�timas Feridas;Anoitecer;Crescente;Ignorado;Dupla;"Declive;Reta";N�o;2;0;1;0;1;0;1;2;-15,5821721;-47,5357462;SPRF-DF;DEL02-DF;UOP01-DEL02-DF;;;
691296;14/05/2025;quarta-feira;18:00:00;MG;50;71;UBERLANDIA;Acesso irregular;Colis�o lateral mesmo sentido;Com V�timas Feridas;Anoitecer;Decrescente;Nublado;M�ltipla;"Declive;Reta";Sim;2;0;0;1;0;1;1;2;-18,89512111;-48,24813366;SPRF-MG;DEL15-MG;UOP01-DEL15-MG;;;
691298;14/05/2025;quarta-feira;18:50:00;PB;230;158,8;CAMPINA GRANDE;Desvio tempor�rio;Colis�o lateral sentido oposto;Com V�timas Feridas;Plena Noite;Crescente;C�u Claro;Dupla;"Em Obras;Reta";N�o;2;0;1;0;1;0;1;2;-7,255601;-35,929636;SPRF-PB;DEL02-PB;UOP01-DEL02-PB;;;
691299;14/05/2025;quarta-feira;19:25:00;RS;285;290,3;PASSO FUNDO;Rea��o tardia ou ineficiente do condutor;Colis�o com objeto;Com V�timas Feridas;Plena Noite;Crescente;C�u Claro;Dupla;"Reta;Rotat�ria";Sim;1;0;1;0;0;0;1;1;-28,23866184;-52,36006435;SPRF-RS;DEL08-RS;UOP03-DEL08-RS;;;
691300;14/05/2025;quarta-feira;19:50:00;PE;232;508;SALGUEIRO;Demais falhas mec�nicas ou el�tricas;Colis�o com objeto;Sem V�timas;Plena Noite;Decrescente;C�u Claro;Simples;Interse��o de Vias;Sim;1;0;0;0;1;0;0;1;-8,0627641;-39,1237099;SPRF-PE;DEL05-PE;UOP01-DEL05-PE;;;
691301;14/05/2025;quarta-feira;16:00:00;RJ;116;116,3;MAGE;Condutor usando celular;Colis�o lateral mesmo sentido;Com V�timas Feridas;Pleno dia;Crescente;C�u Claro;Dupla;Curva;N�o;3;0;0;1;2;0;1;2;-22,59202232;-43,0208838;SPRF-RJ;DEL04-RJ;UOP02-DEL04-RJ;;;
691302;14/05/2025;quarta-feira;16:00:00;MT;158;796;BARRA DO GARCAS;Rea��o tardia ou ineficiente do condutor;Colis�o traseira;Com V�timas Feridas;Pleno dia;Decrescente;C�u Claro;Simples;Reta;Sim;2;0;1;0;1;0;1;2;-15,86681263;-52,31797122;SPRF-MT;DEL07-MT;UOP01-DEL07-MT;;;
691303;14/05/2025;quarta-feira;18:30:00;PB;230;154,8;CAMPINA GRANDE;Aus�ncia de rea��o do condutor;Colis�o lateral mesmo sentido;Com V�timas Feridas;Plena Noite;Crescente;C�u Claro;Simples;Reta;Sim;2;0;1;0;1;0;1;2;-7,27749532;-35,89910388;SPRF-PB;DEL02-PB;UOP01-DEL02-PB;;;
691304;14/05/2025;quarta-feira;18:00:00;MG;50;191;DELTA;Acumulo de �gua sobre o pavimento;Colis�o com objeto;Com V�timas Feridas;Plena Noite;Decrescente;Chuva;Dupla;Aclive;N�o;1;0;1;0;0;0;1;1;-19,87698682;-47,85881754;SPRF-MG;DEL13-MG;UOP01-DEL13-MG;;;
691305;14/05/2025;quarta-feira;19:30:00;PR;277;594,9;CASCAVEL;Ingest�o de �lcool pelo condutor;Colis�o transversal;Sem V�timas;Plena Noite;Decrescente;C�u Claro;M�ltipla;Interse��o de Vias;Sim;2;0;0;0;2;0;0;2;-24,9815343;-53,5005272;SPRF-PR;DEL04-PR;UOP01-DEL04-PR;;;
691308;14/05/2025;quarta-feira;20:09:00;PE;101;63,8;RECIFE;Condutor deixou de manter dist�ncia do ve�culo da frente;Colis�o traseira;Sem V�timas;Plena Noite;Crescente;Chuva;Dupla;Reta;Sim;1;0;0;0;1;0;0;1;-8,01469;-34,93908;SPRF-PE;DEL01-PE;UOP01-DEL01-PE;;;
691309;14/05/2025;quarta-feira;19:30:00;RJ;40;113;DUQUE DE CAXIAS;Transitar na contram�o;Colis�o lateral sentido oposto;Com V�timas Feridas;Plena Noite;Crescente;C�u Claro;Dupla;"Reta;Em Obras";Sim;3;0;2;0;1;0;2;2;-22,71516632;-43,29023973;SPRF-RJ;DEL01-RJ;UOP02-DEL01-RJ;;;
691312;14/05/2025;quarta-feira;19:40:00;SC;101;150;ITAPEMA;Acessar a via sem observar a presen�a dos outros ve�culos;Colis�o transversal;Com V�timas Feridas;Plena Noite;Decrescente;C�u Claro;Simples;"Declive;Reta";Sim;2;0;0;1;1;0;1;2;-27,11659177;-48,6092388;SPRF-SC;DEL04-SC;UOP03-DEL04-SC;;;
691313;14/05/2025;quarta-feira;20:45:00;SC;282;554;NOVA ITABERABA;Ingest�o de �lcool pelo condutor;Sa�da de leito carro��vel;Com V�timas Feridas;Plena Noite;Decrescente;C�u Claro;Simples;Reta;N�o;2;0;2;0;0;0;2;1;-26,9385305;-52,8026414;SPRF-SC;DEL07-SC;UOP01-DEL07-SC;;;
691315;14/05/2025;quarta-feira;18:20:00;SC;282;423,3;VARGEM BONITA;Convers�o proibida;Colis�o lateral sentido oposto;Com V�timas Feridas;Anoitecer;Crescente;C�u Claro;Simples;Reta;N�o;5;0;3;1;1;0;4;2;-26,99868371;-51,74822599;SPRF-SC;DEL07-SC;UOP05-DEL07-SC;;;
691317;14/05/2025;quarta-feira;21:30:00;PE;423;96;GARANHUNS;Acessar a via sem observar a presen�a dos outros ve�culos;Colis�o transversal;Com V�timas Feridas;Plena Noite;Crescente;C�u Claro;Simples;Reta;N�o;2;0;0;1;0;1;1;2;-8,881252;-36,487625;SPRF-PE;DEL03-PE;UOP01-DEL03-PE;;;
691318;14/05/2025;quarta-feira;17:00:00;RO;364;343,1;JI-PARANA;Rea��o tardia ou ineficiente do condutor;Colis�o traseira;Sem V�timas;Pleno dia;Crescente;C�u Claro;Dupla;"Reta;Interse��o de Vias";N�o;2;0;0;0;2;0;0;2;-10,877425;-61,946683;SPRF-RO;DEL02-RO;UOP01-DEL02-RO;;;
691319;14/05/2025;quarta-feira;22:09:00;PE;428;187;PETROLINA;Animais na Pista;Atropelamento de Animal;Com V�timas Feridas;Plena Noite;Decrescente;C�u Claro;Dupla;Reta;Sim;1;0;1;0;0;0;1;1;-9,36291;-40,48234;SPRF-PE;DEL06-PE;UOP01-DEL06-PE;;;
691320;14/05/2025;quarta-feira;22:50:00;SC;101;212,7;PALHOCA;Frear bruscamente;Queda de ocupante de ve�culo;Com V�timas Feridas;Plena Noite;Decrescente;C�u Claro;M�ltipla;Reta;Sim;1;0;1;0;0;0;1;1;-27,63449;-48,66303;SPRF-SC;DEL01-SC;UOP02-DEL01-SC;;;
691321;14/05/2025;quarta-feira;13:00:00;RJ;493;99;SEROPEDICA;Rea��o tardia ou ineficiente do condutor;Colis�o traseira;Com V�timas Feridas;Pleno dia;Crescente;C�u Claro;Dupla;Reta;N�o;2;0;1;0;1;0;1;2;-22,73898159;-43,72095108;SPRF-RJ;DEL01-RJ;UOP03-DEL01-RJ;;;
691322;14/05/2025;quarta-feira;22:20:00;MS;163;421;CAMPO GRANDE;Aus�ncia de rea��o do condutor;Colis�o traseira;Com V�timas Feridas;Plena Noite;Crescente;C�u Claro;Simples;Reta;Sim;2;0;2;0;0;0;2;2;-20,976;-54,5046;SPRF-MS;DEL01-MS;UOP01-DEL01-MS;;;
691324;14/05/2025;quarta-feira;23:00:00;ES;101;420,8;ATILIO VIVACQUA;Chuva;Sa�da de leito carro��vel;Com V�timas Feridas;Plena Noite;Decrescente;Chuva;Simples;Reta;N�o;2;0;1;0;1;0;1;1;-20,97242891;-41,1104935;SPRF-ES;DEL03-ES;UOP02-DEL03-ES;;;
691325;14/05/2025;quarta-feira;19:30:00;MG;153;66;MONTE ALEGRE DE MINAS;Pedestre andava na pista;Atropelamento de Pedestre;Com V�timas Feridas;Plena Noite;Crescente;Vento;Simples;Reta;N�o;2;0;1;0;0;1;1;2;-18,935019;-49,029751;SPRF-MG;DEL15-MG;UOP03-DEL15-MG;;;
691326;14/05/2025;quarta-feira;22:00:00;PA;10;25;DOM ELISEU;Pedestre andava na pista;Atropelamento de Pedestre;Com V�timas Feridas;Plena Noite;Decrescente;C�u Claro;Simples;"Declive;Reta";N�o;2;0;2;0;0;0;2;2;-4,226678;-47,549065;SPRF-PA;DEL02-PA;UOP02-DEL02-PA;;;
691327;14/05/2025;quarta-feira;23:35:00;PB;230;22;JOAO PESSOA;Acumulo de �gua sobre o pavimento;Queda de ocupante de ve�culo;Com V�timas Feridas;Plena Noite;Decrescente;Chuva;M�ltipla;Reta;Sim;1;0;1;0;0;0;1;1;-7,1568475;-34,85777378;SPRF-PB;DEL01-PB;UOP01-DEL01-PB;;;
691329;15/05/2025;quinta-feira;00:05:00;SC;101;194,7;BIGUACU;Rea��o tardia ou ineficiente do condutor;Sa�da de leito carro��vel;Com V�timas Feridas;Plena Noite;Decrescente;Nublado;M�ltipla;Reta;Sim;1;0;0;1;0;0;1;1;-27,50242;-48,65221;SPRF-SC;DEL01-SC;UOP01-DEL01-SC;;;
691331;14/05/2025;quarta-feira;11:00:00;BA;116;373;TEOFILANDIA;Condutor deixou de manter dist�ncia do ve�culo da frente;Colis�o lateral mesmo sentido;Com V�timas Feridas;Pleno dia;Crescente;Nublado;Simples;Reta;Sim;2;0;0;1;1;0;1;2;-11,48296537;-38,99651187;SPRF-BA;DEL02-BA;UOP01-DEL02-BA;;;
691332;14/05/2025;quarta-feira;20:44:00;MA;222;190,5;ITAPECURU MIRIM;Transitar na contram�o;Colis�o frontal;Com V�timas Fatais;Plena Noite;Decrescente;C�u Claro;Simples;Curva;N�o;2;1;0;0;1;0;0;2;-3,48388;-44,247095;SPRF-MA;DEL01-MA;UOP02-DEL01-MA;;;
691335;15/05/2025;quinta-feira;00:35:00;SP;116;120,6;CACAPAVA;Pedestre cruzava a pista fora da faixa;Atropelamento de Pedestre;Com V�timas Fatais;Plena Noite;Decrescente;C�u Claro;Dupla;Reta;N�o;4;1;0;0;2;1;0;3;-23,071577;-45,644619;SPRF-SP;DEL02-SP;UOP02-DEL02-SP;;;
691336;15/05/2025;quinta-feira;04:15:00;GO;153;441;ANAPOLIS;Ingest�o de �lcool pelo condutor;Colis�o com objeto;Sem V�timas;Amanhecer;Crescente;C�u Claro;Dupla;"Reta;Aclive";Sim;2;0;0;0;2;0;0;1;-16,35162179;-48,92810717;SPRF-GO;DEL02-GO;UOP01-DEL02-GO;;;
691338;15/05/2025;quinta-feira;03:30:00;BA;349;958;CORRENTINA;Condutor Dormindo;Sa�da de leito carro��vel;Com V�timas Feridas;Plena Noite;Decrescente;C�u Claro;Simples;"Reta;Aclive";N�o;3;0;0;1;2;0;1;1;-13,47035827;-44,93246311;SPRF-BA;DEL10-BA;UOP02-DEL10-BA;;;
691340;15/05/2025;quinta-feira;04:50:00;RS;116;155;CAXIAS DO SUL;Condutor Dormindo;Sa�da de leito carro��vel;Com V�timas Feridas;Amanhecer;Decrescente;C�u Claro;Simples;"Curva;Aclive";Sim;1;0;1;0;0;0;1;1;-29,20483833;-51,177066;SPRF-RS;DEL05-RS;UOP01-DEL05-RS;;;
691341;14/05/2025;quarta-feira;20:10:00;GO;153;215;URUACU;Animais na Pista;Atropelamento de Animal;Com V�timas Feridas;Plena Noite;Decrescente;C�u Claro;Simples;Reta;N�o;2;0;1;0;1;0;1;1;-14,67460421;-49,20158386;SPRF-GO;DEL07-GO;UOP02-DEL07-GO;;;
691343;14/05/2025;quarta-feira;18:00:00;RJ;116;316;ITATIAIA;Rea��o tardia ou ineficiente do condutor;Atropelamento de Pedestre;Com V�timas Feridas;Plena Noite;Decrescente;Garoa/Chuvisco;Simples;Reta;Sim;2;0;1;0;0;1;1;2;-22,46724621;-44,49963002;SPRF-RJ;DEL07-RJ;UOP02-DEL07-RJ;;;
691346;10/05/2025;s�bado;10:30:00;RS;386;425;MONTENEGRO;Desrespeitar a prefer�ncia no cruzamento;Colis�o lateral mesmo sentido;Com V�timas Feridas;Pleno dia;Crescente;C�u Claro;Dupla;Rotat�ria;N�o;2;0;1;0;1;0;1;2;-29,81851522;-51,37785533;SPRF-RS;DEL04-RS;UOP02-DEL04-RS;;;
691347;15/05/2025;quinta-feira;06:10:00;RS;290;212,8;PANTANO GRANDE;Mal s�bito do condutor;Tombamento;Com V�timas Feridas;Plena Noite;Crescente;C�u Claro;Simples;Reta;N�o;1;0;0;1;0;0;1;1;-30,18199416;-52,34488096;SPRF-RS;DEL02-RS;UOP03-DEL02-RS;;;
691349;15/05/2025;quinta-feira;07:26:00;BA;116;420;FEIRA DE SANTANA;Acesso irregular;Colis�o lateral sentido oposto;Com V�timas Feridas;Pleno dia;Decrescente;C�u Claro;Dupla;Reta;Sim;2;0;0;1;1;0;1;2;-12,27259786;-38,93490864;SPRF-BA;DEL02-BA;UOP01-DEL02-BA;;;
691350;15/05/2025;quinta-feira;07:12:00;DF;40;5;BRASILIA;Acessar a via sem observar a presen�a dos outros ve�culos;Colis�o lateral mesmo sentido;Com V�timas Feridas;Pleno dia;Decrescente;C�u Claro;Dupla;Reta;Sim;1;0;1;0;0;0;1;1;-16,01869214;-47,98070803;SPRF-DF;DEL01-DF;UOP01-DEL01-DF;;;
691351;15/05/2025;quinta-feira;05:45:00;RJ;393;142,2;SAPUCAIA;Acessar a via sem observar a presen�a dos outros ve�culos;Colis�o transversal;Com V�timas Feridas;Amanhecer;Crescente;C�u Claro;Simples;Reta;Sim;3;0;1;0;1;1;1;3;-22,0383;-42,98971;SPRF-RJ;DEL05-RJ;UOP01-DEL05-RJ;;;
691352;13/02/2025;quinta-feira;07:10:00;PR;369;150;LONDRINA;Condutor desrespeitou a ilumina��o vermelha do sem�foro;Colis�o transversal;Com V�timas Feridas;Pleno dia;Decrescente;C�u Claro;Dupla;"Reta;Interse��o de Vias";Sim;2;0;1;0;1;0;1;2;-23,29291423;-51,16154909;SPRF-PR;DEL07-PR;UOP01-DEL07-PR;;;
691353;15/05/2025;quinta-feira;07:15:00;SP;116;284;EMBU DAS ARTES;Trafegar com motocicleta (ou similar) entre as faixas;Tombamento;Com V�timas Feridas;Pleno dia;Decrescente;C�u Claro;Dupla;Reta;Sim;1;0;1;0;0;0;1;1;-23,67712855;-46,85733178;SPRF-SP;DEL04-SP;UOP01-DEL04-SP;;;
691354;15/05/2025;quinta-feira;06:10:00;RJ;116;311;RESENDE;Aus�ncia de rea��o do condutor;Queda de ocupante de ve�culo;Com V�timas Feridas;Pleno dia;Decrescente;C�u Claro;Dupla;Reta;Sim;1;0;1;0;0;0;1;1;-22,4600022;-44,4575484;SPRF-RJ;DEL07-RJ;UOP02-DEL07-RJ;;;
691357;15/05/2025;quinta-feira;07:40:00;DF;0;0;BRASILIA;Manobra de mudan�a de faixa;Colis�o traseira;Sem V�timas;Pleno dia;N�o Informado;C�u Claro;Dupla;"Reta;Viaduto";Sim;3;0;0;0;3;0;0;2;-15,87369253;-47,9791832;SPRF-DF;DEL03-DF;UOP01-DEL03-DF;;;
691358;15/05/2025;quinta-feira;07:45:00;DF;40;0;BRASILIA;Avarias e/ou desgaste excessivo no pneu;Queda de ocupante de ve�culo;Com V�timas Feridas;Pleno dia;Decrescente;C�u Claro;Dupla;Reta;Sim;2;0;2;0;0;0;2;1;-15,981275;-47,988753;SPRF-DF;DEL01-DF;UOP01-DEL01-DF;;;
691359;05/05/2025;segunda-feira;09:40:00;PB;361;0;PATOS;Acessar a via sem observar a presen�a dos outros ve�culos;Tombamento;Com V�timas Feridas;Pleno dia;Crescente;Sol;Simples;"Reta;Interse��o de Vias";Sim;2;0;1;0;1;0;1;2;-7,01906671;-37,26188064;SPRF-PB;DEL03-PB;UOP01-DEL03-PB;;;
691360;15/05/2025;quinta-feira;07:50:00;SP;153;61,9;SAO JOSE DO RIO PRETO;Rea��o tardia ou ineficiente do condutor;Colis�o traseira;Com V�timas Feridas;Pleno dia;Crescente;C�u Claro;Dupla;Reta;Sim;4;0;1;0;3;0;1;2;-20,81142299;-49,35676575;SPRF-SP;DEL09-SP;UOP01-DEL09-SP;;;
691361;15/05/2025;quinta-feira;07:45:00;DF;20;8;BRASILIA;Trafegar com motocicleta (ou similar) entre as faixas;Colis�o lateral mesmo sentido;Com V�timas Feridas;Pleno dia;Decrescente;C�u Claro;Dupla;Reta;Sim;3;0;1;0;2;0;1;3;-15,656948;-47,789186;SPRF-DF;DEL02-DF;UOP01-DEL02-DF;;;
691363;15/05/2025;quinta-feira;06:50:00;RJ;116;145;DUQUE DE CAXIAS;Manobra de mudan�a de faixa;Colis�o lateral mesmo sentido;Com V�timas Feridas;Pleno dia;Crescente;C�u Claro;Dupla;Reta;Sim;2;0;2;0;0;0;2;2;-22,6721792;-43,2832512;SPRF-RJ;DEL01-RJ;UOP02-DEL01-RJ;;;
691364;15/05/2025;quinta-feira;07:40:00;PI;316;2,3;TERESINA;Condutor deixou de manter dist�ncia do ve�culo da frente;Colis�o traseira;Com V�timas Feridas;Pleno dia;Decrescente;Sol;M�ltipla;Reta;Sim;3;0;2;0;1;0;2;2;-5,127757;-42,79329;SPRF-PI;DEL01-PI;UOP02-DEL01-PI;;;
691367;30/04/2025;quarta-feira;18:10:00;SC;116;247;LAGES;Desrespeitar a prefer�ncia no cruzamento;Colis�o transversal;Com V�timas Feridas;Plena Noite;Crescente;C�u Claro;Simples;Rotat�ria;N�o;2;0;1;0;1;0;1;2;-27,81111398;-50,36787271;SPRF-SC;DEL05-SC;UOP02-DEL05-SC;;;
691368;15/05/2025;quinta-feira;07:30:00;MS;163;490,5;CAMPO GRANDE;Retorno proibido;Colis�o lateral mesmo sentido;Com V�timas Feridas;Pleno dia;Decrescente;C�u Claro;Simples;"Interse��o de Vias;Rotat�ria";Sim;4;0;2;0;2;0;2;2;-20,39469529;-54,55884576;SPRF-MS;DEL01-MS;UOP02-DEL01-MS;;;
691369;26/04/2025;s�bado;03:05:00;MG;381;490,5;BETIM;Aus�ncia de rea��o do condutor;Colis�o com objeto;Com V�timas Feridas;Plena Noite;Crescente;Chuva;M�ltipla;Curva;Sim;1;0;1;0;0;0;1;1;-19,95668994;-44,14999723;SPRF-MG;DEL01-MG;UOP03-DEL01-MG;;;
691370;15/05/2025;quinta-feira;07:30:00;GO;60;310;ACREUNA;Velocidade Incompat�vel;Tombamento;Com V�timas Feridas;Pleno dia;Crescente;C�u Claro;Dupla;Curva;N�o;1;0;1;0;0;0;1;1;-17,43451055;-50,42724609;SPRF-GO;DEL04-GO;UOP02-DEL04-GO;;;
691372;15/05/2025;quinta-feira;08:35:00;ES;101;252,3;SERRA;Animais na Pista;Tombamento;Com V�timas Feridas;Pleno dia;Crescente;C�u Claro;Simples;Reta;N�o;1;0;0;1;0;0;1;1;-20,0999583;-40,337041;SPRF-ES;DEL02-ES;UOP01-DEL02-ES;;;
691374;15/05/2025;quinta-feira;08:08:00;SP;381;43;ATIBAIA;Transitar na contram�o;Colis�o frontal;Sem V�timas;Pleno dia;Decrescente;C�u Claro;M�ltipla;Retorno Regulamentado;Sim;2;0;0;0;2;0;0;2;-23,159077;-46,573221;SPRF-SP;DEL03-SP;UOP01-DEL03-SP;;;
691375;15/05/2025;quinta-feira;08:33:00;MG;40;511,2;RIBEIRAO DAS NEVES;Entrada inopinada do pedestre;Atropelamento de Pedestre;Com V�timas Feridas;Pleno dia;Crescente;Nublado;Dupla;"Reta;Interse��o de Vias";Sim;3;0;0;1;1;1;1;2;-19,783318;-44,115895;SPRF-MG;DEL01-MG;UOP02-DEL01-MG;;;
691379;15/05/2025;quinta-feira;08:07:00;PR;376;1,1;SAO JOSE DOS PINHAIS;Condutor deixou de manter dist�ncia do ve�culo da frente;Colis�o traseira;Com V�timas Feridas;Pleno dia;Decrescente;Sol;Dupla;"Reta;Aclive;Viaduto";Sim;2;0;1;0;1;0;1;2;-25,55883892;-49,18529164;SPRF-PR;DEL01-PR;UOP04-DEL01-PR;;;
691381;15/05/2025;quinta-feira;08:30:00;RS;392;0,2;PELOTAS;Rea��o tardia ou ineficiente do condutor;Colis�o transversal;Com V�timas Feridas;Pleno dia;Decrescente;C�u Claro;Simples;Reta;N�o;2;0;0;1;1;0;1;2;-31,75960637;-52,40207545;SPRF-RS;DEL07-RS;UOP01-DEL07-RS;;;
691382;15/05/2025;quinta-feira;08:45:00;MG;381;481;CONTAGEM;Aus�ncia de rea��o do condutor;Colis�o traseira;Com V�timas Feridas;Pleno dia;Decrescente;Nublado;Dupla;"Declive;Reta";N�o;4;0;2;0;1;1;2;3;-19,95898921;-44,06864047;SPRF-MG;DEL01-MG;UOP03-DEL01-MG;;;
691385;15/05/2025;quinta-feira;08:05:00;PR;277;77,9;CURITIBA;Trafegar com motocicleta (ou similar) entre as faixas;Colis�o lateral mesmo sentido;Com V�timas Feridas;Pleno dia;Crescente;C�u Claro;Dupla;Reta;Sim;2;0;1;0;1;0;1;2;-25,481769;-49,194692;SPRF-PR;DEL01-PR;UOP07-DEL01-PR;;;
691391;15/05/2025;quinta-feira;09:15:00;MG;262;363;JUATUBA;Manobra de mudan�a de faixa;Colis�o lateral mesmo sentido;Com V�timas Feridas;Pleno dia;Crescente;C�u Claro;Dupla;"Reta;Aclive";N�o;3;0;0;1;2;0;1;2;-19,9708848;-44,2947854;SPRF-MG;DEL01-MG;UOP03-DEL01-MG;;;
691393;11/01/2025;s�bado;15:15:00;PR;277;109;CURITIBA;Velocidade Incompat�vel;Sa�da de leito carro��vel;Com V�timas Feridas;Pleno dia;Decrescente;Sol;Dupla;Reta;N�o;1;0;0;1;0;0;1;1;-25,4275486;-49,3868387;SPRF-PR;DEL03-PR;UOP03-DEL03-PR;;;
691394;15/05/2025;quinta-feira;08:30:00;SC;116;12,3;MAFRA;Desrespeitar a prefer�ncia no cruzamento;Colis�o transversal;Com V�timas Feridas;Pleno dia;Decrescente;C�u Claro;Simples;"Interse��o de Vias;Reta";Sim;3;0;2;0;1;0;2;2;-26,17981;-49,871278;SPRF-SC;DEL06-SC;UOP01-DEL06-SC;;;