id;data_inversa;dia_semana;horario;uf;br;km;municipio;causa_acidente;tipo_acidente;classificacao_acidente;fase_dia;sentido_via;condicao_metereologica;tipo_pista;tracado_via;uso_solo;pessoas;mortos;feridos_leves;feridos_graves;ilesos;ignorados;feridos;veiculos;latitude;longitude;regional;delegacia;uop;;;
691533;16/05/2025;sexta-feira;01:28:00;PE;408;98;JABOATAO DOS GUARARAPES;Aus�ncia de rea��o do condutor;Colis�o com objeto;Com V�timas Feridas;Plena Noite;Crescente;Chuva;Dupla;Curva;Sim;1;0;0;1;0;0;1;1;-8,067065;-34,939032;SPRF-PE;DEL01-PE;UOP01-DEL01-PE;;;
691534;16/05/2025;sexta-feira;01:00:00;SC;101;30,3;JOINVILLE;Velocidade Incompat�vel;Sa�da de leito carro��vel;Sem V�timas;Plena Noite;Crescente;Chuva;Simples;"Reta;Viaduto;Aclive";Sim;1;0;0;0;0;1;0;1;-26,23122677;-48,91715018;SPRF-SC;DEL03-SC;UOP01-DEL03-SC;;;
691536;15/05/2025;quinta-feira;22:00:00;PE;316;238,8;BELEM DE SAO FRANCISCO;Animais na Pista;Atropelamento de Animal;Com V�timas Feridas;Plena Noite;Decrescente;Nublado;Simples;Aclive;N�o;2;0;2;0;0;0;2;1;-8,63198;-39,060847;SPRF-PE;DEL05-PE;UOP03-DEL05-PE;;;
691537;16/05/2025;sexta-feira;03:00:00;GO;40;32,3;LUZIANIA;Condutor Dormindo;Sa�da de leito carro��vel;Com V�timas Feridas;Plena Noite;Decrescente;C�u Claro;Dupla;Reta;N�o;1;0;1;0;0;0;1;1;-16,29258;-47,85157;SPRF-DF;DEL01-DF;UOP01-DEL01-DF;;;
691538;16/05/2025;sexta-feira;02:50:00;SC;282;645,8;SAO MIGUEL DO OESTE;Ingest�o de �lcool pelo condutor;Sa�da de leito carro��vel;Com V�timas Feridas;Plena Noite;Crescente;C�u Claro;Simples;"Reta;Aclive";N�o;1;0;0;1;0;0;1;1;-26,763998;-53,49683;SPRF-SC;DEL07-SC;UOP03-DEL07-SC;;;
691543;16/05/2025;sexta-feira;03:25:00;PB;104;162,9;BARRA DE SANTANA;Animais na Pista;Atropelamento de Animal;Com V�timas Feridas;Plena Noite;Crescente;Ignorado;Simples;Aclive;N�o;2;0;1;0;1;0;1;1;-7,5297147;-35,999605;SPRF-PB;DEL02-PB;UOP03-DEL02-PB;;;
691544;15/05/2025;quinta-feira;17:30:00;BA;101;330;TEOLANDIA;Velocidade Incompat�vel;Colis�o frontal;Sem V�timas;Pleno dia;Crescente;C�u Claro;Simples;Curva;N�o;3;0;0;0;3;0;0;2;-13,566998;-39,473232;SPRF-BA;DEL05-BA;UOP03-DEL05-BA;;;
691545;16/05/2025;sexta-feira;05:40:00;GO;40;3,6;VALPARAISO DE GOIAS;Manobra de mudan�a de faixa;Tombamento;Com V�timas Feridas;Amanhecer;Decrescente;C�u Claro;Dupla;Reta;N�o;2;0;2;0;0;0;2;1;-16,083646;-47,986162;SPRF-DF;DEL01-DF;UOP01-DEL01-DF;;;
691546;16/05/2025;sexta-feira;06:15:00;BA;101;196;CACHOEIRA;Ultrapassagem Indevida;Colis�o frontal;Com V�timas Feridas;Amanhecer;Decrescente;Garoa/Chuvisco;Simples;"Reta;Aclive";Sim;2;0;0;1;1;0;1;2;-12,5712349;-38,97713184;SPRF-BA;DEL01-BA;UOP03-DEL01-BA;;;
691547;15/05/2025;quinta-feira;23:45:00;SC;280;56,4;GUARAMIRIM;Rea��o tardia ou ineficiente do condutor;Tombamento;Com V�timas Feridas;Plena Noite;Crescente;Chuva;Dupla;Reta;N�o;1;0;0;1;0;0;1;1;-26,479291;-49,009497;SPRF-SC;DEL03-SC;UOP03-DEL03-SC;;;
691548;16/05/2025;sexta-feira;05:50:00;PR;116;86,5;PIRAQUARA;Aus�ncia de rea��o do condutor;Queda de ocupante de ve�culo;Com V�timas Feridas;Amanhecer;Crescente;Nublado;Dupla;Reta;N�o;1;0;1;0;0;0;1;1;-25,46621422;-49,09086227;SPRF-PR;DEL01-PR;UOP07-DEL01-PR;;;
691550;16/05/2025;sexta-feira;06:45:00;SP;116;228;SAO PAULO;Manobra de mudan�a de faixa;Colis�o traseira;Com V�timas Feridas;Pleno dia;Crescente;Nublado;M�ltipla;Reta;Sim;2;0;1;0;1;0;1;2;-23,505752;-46,569701;SPRF-SP;DEL01-SP;UOP01-DEL01-SP;;;
691551;16/05/2025;sexta-feira;06:45:00;RS;116;512;PELOTAS;Velocidade Incompat�vel;Sa�da de leito carro��vel;Com V�timas Feridas;Amanhecer;Decrescente;C�u Claro;Simples;Curva;N�o;1;0;1;0;0;0;1;1;-31,63928343;-52,33379094;SPRF-RS;DEL07-RS;UOP01-DEL07-RS;;;
691552;16/05/2025;sexta-feira;06:50:00;PB;101;84,9;BAYEUX;Aus�ncia de rea��o do condutor;Tombamento;Com V�timas Feridas;Pleno dia;Crescente;Garoa/Chuvisco;Dupla;Reta;Sim;1;0;0;1;0;0;1;1;-7,14511;-34,917007;SPRF-PB;DEL01-PB;UOP01-DEL01-PB;;;
691554;16/05/2025;sexta-feira;06:45:00;MG;50;46;ARAGUARI;Acessar a via sem observar a presen�a dos outros ve�culos;Colis�o traseira;Com V�timas Feridas;Amanhecer;Crescente;C�u Claro;Dupla;Retorno Regulamentado;N�o;2;0;1;0;1;0;1;2;-18,72599906;-48,20472211;SPRF-MG;DEL15-MG;UOP02-DEL15-MG;;;
691555;16/05/2025;sexta-feira;07:00:00;RN;101;82;SAO GONCALO DO AMARANTE;Condutor deixou de manter dist�ncia do ve�culo da frente;Colis�o traseira;Com V�timas Feridas;Pleno dia;Decrescente;C�u Claro;Simples;Reta;N�o;2;0;1;0;0;1;1;2;-5,7487371;-35,326593;SPRF-RN;DEL02-RN;UOP01-DEL02-RN;;;
691556;16/05/2025;sexta-feira;07:30:00;RS;116;229;DOIS IRMAOS;Acesso irregular;Colis�o transversal;Com V�timas Feridas;Pleno dia;Crescente;C�u Claro;Simples;Interse��o de Vias;Sim;3;0;1;0;2;0;1;2;-29,58920163;-51,10666037;SPRF-RS;DEL01-RS;UOP02-DEL01-RS;;;
691558;16/05/2025;sexta-feira;07:05:00;MG;116;276;TEOFILO OTONI;Desrespeitar a prefer�ncia no cruzamento;Colis�o transversal;Com V�timas Feridas;Pleno dia;Decrescente;C�u Claro;Simples;"Interse��o de Vias;Reta";Sim;4;0;1;0;3;0;1;2;-17,86288372;-41,5147143;SPRF-MG;DEL11-MG;UOP01-DEL11-MG;;;
691559;16/05/2025;sexta-feira;07:20:00;PE;232;13;JABOATAO DOS GUARARAPES;Demais falhas mec�nicas ou el�tricas;Inc�ndio;Sem V�timas;Pleno dia;Decrescente;Chuva;Dupla;Reta;N�o;1;0;0;0;1;0;0;1;-8,08876014;-35,01276255;SPRF-PE;DEL01-PE;UOP01-DEL01-PE;;;
691561;16/05/2025;sexta-feira;07:00:00;PE;101;70,8;RECIFE;Condutor deixou de manter dist�ncia do ve�culo da frente;Colis�o traseira;Com V�timas Feridas;Pleno dia;Crescente;Chuva;Simples;Viaduto;Sim;3;0;1;0;2;0;1;2;-8,075268;-34,943152;SPRF-PE;DEL01-PE;UOP01-DEL01-PE;;;
691562;16/05/2025;sexta-feira;08:15:00;GO;40;1;VALPARAISO DE GOIAS;Acessar a via sem observar a presen�a dos outros ve�culos;Colis�o transversal;Com V�timas Feridas;Pleno dia;Decrescente;Nublado;Dupla;"Reta;Retorno Regulamentado";Sim;2;0;1;0;1;0;1;2;-16,06576;-47,98387;SPRF-DF;DEL01-DF;UOP01-DEL01-DF;;;
691564;16/05/2025;sexta-feira;08:30:00;SC;282;52;AGUAS MORNAS;Transitar na contram�o;Colis�o frontal;Com V�timas Feridas;Pleno dia;Decrescente;Garoa/Chuvisco;Simples;Curva;N�o;2;0;1;1;0;0;2;2;-27,70746004;-48,84021252;SPRF-SC;DEL01-SC;UOP03-DEL01-SC;;;
691565;16/05/2025;sexta-feira;07:40:00;PR;476;161;ARAUCARIA;Manobra de mudan�a de faixa;Colis�o lateral mesmo sentido;Com V�timas Feridas;Pleno dia;Crescente;C�u Claro;Simples;Reta;N�o;3;0;1;0;2;0;1;2;-25,6235047;-49,44836553;SPRF-PR;DEL01-PR;UOP06-DEL01-PR;;;
691566;16/05/2025;sexta-feira;08:20:00;BA;324;605;SIMOES FILHO;Acessar a via sem observar a presen�a dos outros ve�culos;Colis�o lateral mesmo sentido;Com V�timas Feridas;Pleno dia;Decrescente;Garoa/Chuvisco;M�ltipla;"Reta;Interse��o de Vias";Sim;4;0;2;0;2;0;2;2;-12,79718717;-38,40462684;SPRF-BA;DEL01-BA;UOP01-DEL01-BA;;;
691568;16/05/2025;sexta-feira;07:59:00;MG;381;496;BETIM;Aus�ncia de rea��o do condutor;Colis�o traseira;Com V�timas Feridas;Pleno dia;Crescente;C�u Claro;Dupla;Reta;N�o;2;0;2;0;0;0;2;2;-19,9965525;-44,2090319;SPRF-MG;DEL01-MG;UOP03-DEL01-MG;;;
691571;16/05/2025;sexta-feira;09:00:00;SC;101;207;SAO JOSE;Aus�ncia de rea��o do condutor;Queda de ocupante de ve�culo;Com V�timas Feridas;Pleno dia;Crescente;C�u Claro;M�ltipla;Reta;Sim;2;0;1;0;1;0;1;2;-27,60243305;-48,62958519;SPRF-SC;DEL01-SC;UOP01-DEL01-SC;;;
691572;16/05/2025;sexta-feira;07:30:00;MG;40;528;CONTAGEM;Entrada inopinada do pedestre;Atropelamento de Pedestre;Com V�timas Feridas;Pleno dia;Decrescente;C�u Claro;Dupla;"Reta;Declive";Sim;2;0;2;0;0;0;2;2;-19,908571;-44,0455189;SPRF-MG;DEL01-MG;UOP02-DEL01-MG;;;
691573;15/05/2025;quinta-feira;09:20:00;RJ;116;184;NOVA IGUACU;Trafegar com motocicleta (ou similar) entre as faixas;Colis�o traseira;Com V�timas Feridas;Pleno dia;Crescente;C�u Claro;Dupla;Reta;Sim;3;0;0;1;2;0;1;2;-22,7471051;-43,44504833;SPRF-RJ;DEL06-RJ;UOP01-DEL06-RJ;;;
691574;16/05/2025;sexta-feira;07:27:00;MG;116;415,9;GOVERNADOR VALADARES;Transitar na contram�o;Colis�o frontal;Com V�timas Feridas;Pleno dia;Crescente;C�u Claro;Simples;"Reta;Interse��o de Vias";Sim;2;0;1;0;1;0;1;2;-18,89579105;-41,94796801;SPRF-MG;DEL06-MG;UOP01-DEL06-MG;;;
691575;16/05/2025;sexta-feira;08:50:00;RJ;101;71;CAMPOS DOS GOYTACAZES;Condutor deixou de manter dist�ncia do ve�culo da frente;Colis�o traseira;Com V�timas Feridas;Pleno dia;Decrescente;C�u Claro;Simples;Ponte;N�o;2;0;1;0;1;0;1;2;-21,7887883;-41,38511449;SPRF-RJ;DEL08-RJ;UOP02-DEL08-RJ;;;
691576;16/05/2025;sexta-feira;07:52:00;RO;364;340,9;JI-PARANA;Condutor deixou de manter dist�ncia do ve�culo da frente;Colis�o traseira;Com V�timas Feridas;Pleno dia;Crescente;C�u Claro;Simples;Reta;N�o;3;0;1;0;1;1;1;3;-10,88763065;-61,93226568;SPRF-RO;DEL02-RO;UOP01-DEL02-RO;;;
691578;16/04/2025;quarta-feira;08:10:00;MT;163;838;SINOP;Acumulo de areia ou detritos sobre o pavimento;Eventos at�picos;Sem V�timas;Pleno dia;Decrescente;C�u Claro;Dupla;Reta;Sim;4;0;0;0;4;0;0;1;-11,83420718;-55,48823181;SPRF-MT;DEL06-MT;UOP02-DEL06-MT;;;
691579;16/05/2025;sexta-feira;08:00:00;MG;262;87,1;ABRE CAMPO;Convers�o proibida;Colis�o frontal;Com V�timas Feridas;Pleno dia;Crescente;C�u Claro;Simples;"Curva;Declive";N�o;2;0;2;0;0;0;2;2;-20,333158;-42,437137;SPRF-MG;DEL03-MG;UOP03-DEL03-MG;;;
691580;30/04/2025;quarta-feira;16:55:00;PR;116;117;CURITIBA;Rea��o tardia ou ineficiente do condutor;Colis�o traseira;Com V�timas Feridas;Pleno dia;Crescente;C�u Claro;Dupla;"Reta;Declive";Sim;3;0;1;0;2;0;1;3;-25,560317;-49,30772;SPRF-PR;DEL01-PR;UOP03-DEL01-PR;;;
691581;16/05/2025;sexta-feira;09:00:00;GO;60;51;ABADIANIA;Aus�ncia de rea��o do condutor;Sa�da de leito carro��vel;Com V�timas Feridas;Pleno dia;Crescente;C�u Claro;Dupla;"Curva;Declive";N�o;1;0;0;1;0;0;1;1;-16,16543;-48,63376;SPRF-GO;DEL02-GO;UOP01-DEL02-GO;;;
691583;16/05/2025;sexta-feira;07:45:00;PR;376;168;MARINGA;Condutor deixou de manter dist�ncia do ve�culo da frente;Engavetamento;Sem V�timas;Pleno dia;Crescente;C�u Claro;Dupla;Reta;Sim;4;0;0;0;4;0;0;3;-23,39972;-52,00141;SPRF-PR;DEL09-PR;UOP01-DEL09-PR;;;
691584;16/05/2025;sexta-feira;07:30:00;MG;381;491,3;BETIM;Aus�ncia de rea��o do condutor;Colis�o traseira;Com V�timas Feridas;Pleno dia;Decrescente;C�u Claro;Dupla;Reta;N�o;2;0;1;0;1;0;1;2;-19,95984087;-44,15280668;SPRF-MG;DEL01-MG;UOP03-DEL01-MG;;;
691587;16/05/2025;sexta-feira;10:00:00;GO;414;439;ANAPOLIS;Rea��o tardia ou ineficiente do condutor;Queda de ocupante de ve�culo;Com V�timas Feridas;Pleno dia;Crescente;C�u Claro;Simples;Aclive;Sim;2;0;2;0;0;0;2;1;-16,28397935;-48,94313911;SPRF-GO;DEL02-GO;UOP01-DEL02-GO;;;
691589;16/05/2025;sexta-feira;10:10:00;SC;282;1;FLORIANOPOLIS;Mal s�bito do condutor;Colis�o com objeto;Com V�timas Feridas;Pleno dia;Decrescente;C�u Claro;M�ltipla;"Declive;Reta";N�o;1;0;1;0;0;0;1;1;-27,604;-48,583;SPRF-SC;DEL01-SC;UOP01-DEL01-SC;;;
691592;16/05/2025;sexta-feira;08:30:00;ES;101;299,2;VIANA;Rea��o tardia ou ineficiente do condutor;Colis�o lateral mesmo sentido;Com V�timas Feridas;Pleno dia;Crescente;Nublado;M�ltipla;Reta;Sim;2;0;1;0;1;0;1;2;-20,35814639;-40,42076111;SPRF-ES;DEL01-ES;UOP01-DEL01-ES;;;
691593;01/05/2025;quinta-feira;17:40:00;RS;392;90;PELOTAS;Transitar na contram�o;Colis�o frontal;Com V�timas Feridas;Plena Noite;Crescente;C�u Claro;Simples;"Declive;Curva";N�o;2;0;0;1;1;0;1;2;-31,6126901;-52,3052335;SPRF-RS;DEL07-RS;UOP01-DEL07-RS;;;
691594;16/05/2025;sexta-feira;10:50:00;RS;290;87;PORTO ALEGRE;Demais falhas mec�nicas ou el�tricas;Tombamento;Com V�timas Feridas;Pleno dia;Decrescente;Nublado;Simples;Reta;Sim;2;0;2;0;0;0;2;1;-29,96817069;-51,12204552;SPRF-RS;DEL01-RS;UOP01-DEL01-RS;;;
691595;16/05/2025;sexta-feira;11:30:00;RJ;116;187;NOVA IGUACU;Rea��o tardia ou ineficiente do condutor;Colis�o traseira;Com V�timas Feridas;Pleno dia;Crescente;C�u Claro;Dupla;"Reta;Interse��o de Vias";N�o;3;0;1;0;2;0;1;3;-22,73861;-43,474787;SPRF-RJ;DEL06-RJ;UOP01-DEL06-RJ;;;
691596;16/05/2025;sexta-feira;11:30:00;RS;386;349;ESTRELA;Acessar a via sem observar a presen�a dos outros ve�culos;Colis�o com objeto;Com V�timas Feridas;Pleno dia;Crescente;C�u Claro;Dupla;"Desvio Tempor�rio;Em Obras;Reta";Sim;2;0;1;0;0;1;1;2;-29,47314091;-51,95305221;SPRF-RS;DEL04-RS;UOP01-DEL04-RS;;;
691597;16/05/2025;sexta-feira;11:40:00;SP;116;110;TAUBATE;Mal s�bito do condutor;Queda de ocupante de ve�culo;Com V�timas Feridas;Pleno dia;Decrescente;C�u Claro;Dupla;Reta;Sim;2;0;2;0;0;0;2;1;-23,0301156;-45,54701778;SPRF-SP;DEL02-SP;UOP02-DEL02-SP;;;
691598;16/05/2025;sexta-feira;09:40:00;MG;116;408;GOVERNADOR VALADARES;Ingest�o de �lcool pelo condutor;Tombamento;Com V�timas Feridas;Pleno dia;Crescente;C�u Claro;Dupla;Reta;Sim;2;0;1;1;0;0;2;1;-18,84745966;-41,98000916;SPRF-MG;DEL06-MG;UOP01-DEL06-MG;;;
691601;16/05/2025;sexta-feira;11:45:00;MG;40;544;NOVA LIMA;Trafegar com motocicleta (ou similar) entre as faixas;Colis�o lateral mesmo sentido;Com V�timas Feridas;Pleno dia;Crescente;C�u Claro;Dupla;"Declive;Reta";Sim;3;0;0;1;2;0;1;3;-20,00459;-43,964815;SPRF-MG;DEL01-MG;UOP02-DEL01-MG;;;
691602;16/05/2025;sexta-feira;11:20:00;MS;262;241;RIBAS DO RIO PARDO;Velocidade Incompat�vel;Colis�o traseira;Com V�timas Fatais;Pleno dia;Crescente;C�u Claro;Simples;"Interse��o de Vias;Reta";N�o;2;1;0;0;1;0;0;2;-20,45653115;-53,78367975;SPRF-MS;DEL01-MS;UOP05-DEL01-MS;;;
691604;16/05/2025;sexta-feira;12:35:00;PE;232;128,6;CARUARU;Aus�ncia de rea��o do condutor;Colis�o com objeto;Com V�timas Feridas;Pleno dia;Crescente;C�u Claro;Dupla;Reta;Sim;3;0;1;0;0;2;1;2;-8,302685;-35,977647;SPRF-PE;DEL02-PE;UOP01-DEL02-PE;;;
691606;07/04/2025;segunda-feira;06:55:00;PB;230;469;SOUSA;Acessar a via sem observar a presen�a dos outros ve�culos;Colis�o transversal;Com V�timas Feridas;Pleno dia;Crescente;C�u Claro;Simples;Reta;N�o;3;0;1;1;1;0;2;3;-6,791722;-38,288207;SPRF-PB;DEL03-PB;UOP03-DEL03-PB;;;
691607;16/05/2025;sexta-feira;12:00:00;MG;381;914;CAMANDUCAIA;Condutor deixou de manter dist�ncia do ve�culo da frente;Colis�o traseira;Com V�timas Feridas;Pleno dia;Crescente;C�u Claro;Dupla;Reta;N�o;2;0;1;0;1;0;1;2;-22,72445505;-46,13325691;SPRF-MG;DEL16-MG;UOP03-DEL16-MG;;;
691609;09/05/2025;sexta-feira;18:00:00;MG;40;601,2;OURO PRETO;Entrada inopinada do pedestre;Atropelamento de Pedestre;Com V�timas Feridas;Plena Noite;Crescente;C�u Claro;Simples;"Declive;Reta";N�o;2;0;0;1;1;0;1;2;-20,4768185;-43,8424342;SPRF-MG;DEL05-MG;UOP02-DEL05-MG;;;
691610;16/05/2025;sexta-feira;07:00:00;MG;116;417;GOVERNADOR VALADARES;Transitar na contram�o;Colis�o frontal;Com V�timas Feridas;Pleno dia;Crescente;C�u Claro;Dupla;Reta;Sim;2;0;0;1;0;1;1;2;-18,9092328;-41,94187887;SPRF-MG;DEL06-MG;UOP01-DEL06-MG;;;
691611;16/05/2025;sexta-feira;12:55:00;SC;282;2,3;FLORIANOPOLIS;Rea��o tardia ou ineficiente do condutor;Engavetamento;Com V�timas Feridas;Pleno dia;Decrescente;C�u Claro;M�ltipla;Reta;Sim;4;0;1;1;1;1;2;4;-27,6030653;-48,592599;SPRF-SC;DEL01-SC;UOP01-DEL01-SC;;;
691612;16/05/2025;sexta-feira;13:00:00;PR;116;126;FAZENDA RIO GRANDE;Rea��o tardia ou ineficiente do condutor;Colis�o traseira;Com V�timas Feridas;Pleno dia;Crescente;C�u Claro;Dupla;Reta;Sim;2;0;1;0;1;0;1;2;-25,641897;-49,312952;SPRF-PR;DEL01-PR;UOP03-DEL01-PR;;;
691613;16/05/2025;sexta-feira;12:45:00;ES;101;270,6;SERRA;Condutor desrespeitou a ilumina��o vermelha do sem�foro;Colis�o transversal;Com V�timas Feridas;Pleno dia;Decrescente;C�u Claro;M�ltipla;Interse��o de Vias;Sim;4;0;2;1;1;0;3;2;-20,23085183;-40,27316451;SPRF-ES;DEL02-ES;UOP01-DEL02-ES;;;
691614;16/05/2025;sexta-feira;12:00:00;PR;376;175,9;MARINGA;Rea��o tardia ou ineficiente do condutor;Colis�o lateral mesmo sentido;Com V�timas Feridas;Pleno dia;Crescente;C�u Claro;Dupla;Reta;N�o;2;0;1;0;1;0;1;2;-23,41195224;-51,94361394;SPRF-PR;DEL09-PR;UOP01-DEL09-PR;;;
691615;16/05/2025;sexta-feira;12:10:00;MT;70;1;BARRA DO GARCAS;Condutor deixou de manter dist�ncia do ve�culo da frente;Colis�o lateral mesmo sentido;Com V�timas Feridas;Pleno dia;Crescente;C�u Claro;Simples;Reta;Sim;3;0;1;0;1;1;1;2;-15,8898732;-52,26455927;SPRF-MT;DEL07-MT;UOP01-DEL07-MT;;;
691617;16/05/2025;sexta-feira;09:50:00;RJ;101;329;NITEROI;Aus�ncia de rea��o do condutor;Colis�o traseira;Com V�timas Feridas;Pleno dia;Crescente;C�u Claro;Dupla;Reta;N�o;2;0;0;1;1;0;1;2;-22,86984866;-43,16596985;SPRF-RJ;DEL02-RJ;UOP01-DEL02-RJ;;;
691618;16/05/2025;sexta-feira;13:20:00;RS;158;304;ITAARA;Rea��o tardia ou ineficiente do condutor;Colis�o lateral mesmo sentido;Com V�timas Feridas;Pleno dia;Crescente;C�u Claro;Simples;Reta;N�o;2;0;0;1;1;0;1;2;-29,56939;-53,765782;SPRF-RS;DEL09-RS;UOP01-DEL09-RS;;;
691619;16/05/2025;sexta-feira;13:47:00;SC;101;195;BIGUACU;Rea��o tardia ou ineficiente do condutor;Queda de ocupante de ve�culo;Com V�timas Feridas;Pleno dia;Crescente;C�u Claro;Dupla;Aclive;Sim;1;0;0;1;0;0;1;1;-27,50653431;-48,64817826;SPRF-SC;DEL01-SC;UOP01-DEL01-SC;;;
691621;16/05/2025;sexta-feira;12:30:00;PE;101;9,5;GOIANA;Acumulo de �gua sobre o pavimento;Sa�da de leito carro��vel;Com V�timas Feridas;Pleno dia;Decrescente;Chuva;Dupla;Reta;N�o;4;0;4;0;0;0;4;1;-7,582003;-34,987994;SPRF-PE;DEL01-PE;UOP02-DEL01-PE;;;
691622;16/05/2025;sexta-feira;12:50:00;SC;163;86,5;GUARACIABA;Velocidade Incompat�vel;Capotamento;Com V�timas Feridas;Pleno dia;Crescente;Sol;Simples;Reta;N�o;1;0;1;0;0;0;1;1;-26,57881216;-53,51496069;SPRF-SC;DEL07-SC;UOP03-DEL07-SC;;;
691623;16/05/2025;sexta-feira;13:45:00;SC;101;205;SAO JOSE;Condutor deixou de manter dist�ncia do ve�culo da frente;Colis�o traseira;Com V�timas Feridas;Pleno dia;Crescente;C�u Claro;M�ltipla;Reta;Sim;2;0;0;1;1;0;1;2;-27,58060635;-48,61450195;SPRF-SC;DEL01-SC;UOP01-DEL01-SC;;;
691624;16/05/2025;sexta-feira;13:10:00;RJ;101;512;ANGRA DOS REIS;Velocidade Incompat�vel;Atropelamento de Pedestre;Com V�timas Feridas;Pleno dia;Crescente;C�u Claro;Dupla;Interse��o de Vias;Sim;2;0;1;0;1;0;1;2;-22,98954;-44,24185;SPRF-RJ;DEL03-RJ;UOP03-DEL03-RJ;;;
691626;16/05/2025;sexta-feira;13:55:00;RN;101;109;PARNAMIRIM;Acumulo de �gua sobre o pavimento;Colis�o transversal;Com V�timas Feridas;Pleno dia;Decrescente;Chuva;Dupla;Reta;Sim;2;0;2;0;0;0;2;2;-5,9325504;-35,2644846;SPRF-RN;DEL01-RN;UOP01-DEL01-RN;;;
691627;16/05/2025;sexta-feira;06:05:00;CE;116;7;FORTALEZA;Objeto est�tico sobre o leito carro��vel;Colis�o com objeto;Com V�timas Feridas;Amanhecer;Decrescente;Nublado;M�ltipla;Reta;Sim;3;0;1;0;1;1;1;3;-3,81491055;-38,501285;SPRF-CE;DEL01-CE;UOP02-DEL01-CE;;;
691629;16/05/2025;sexta-feira;14:20:00;PR;376;593;CURITIBA;Avarias e/ou desgaste excessivo no pneu;Queda de ocupante de ve�culo;Com V�timas Feridas;Pleno dia;Decrescente;C�u Claro;Dupla;Reta;Sim;1;0;1;0;0;0;1;1;-25,44352121;-49,36409203;SPRF-PR;DEL03-PR;UOP03-DEL03-PR;;;
691630;16/05/2025;sexta-feira;14:50:00;MG;262;521;LUZ;Desrespeitar a prefer�ncia no cruzamento;Colis�o transversal;Com V�timas Feridas;Pleno dia;Crescente;C�u Claro;Simples;"Reta;Interse��o de Vias;Retorno Regulamentado";Sim;3;0;0;2;1;0;2;2;-19,78253434;-45,66218376;SPRF-MG;DEL08-MG;UOP03-DEL08-MG;;;
691631;03/05/2025;s�bado;20:20:00;PR;277;722;FOZ DO IGUACU;Acessar a via sem observar a presen�a dos outros ve�culos;Colis�o transversal;Com V�timas Feridas;Plena Noite;Decrescente;Nublado;Dupla;"Reta;Retorno Regulamentado";Sim;3;0;0;2;1;0;2;2;-25,50361551;-54,54035394;SPRF-PR;DEL05-PR;UOP03-DEL05-PR;;;
691632;16/05/2025;sexta-feira;14:00:00;RS;386;374,6;TAQUARI;Desrespeitar a prefer�ncia no cruzamento;Colis�o transversal;Com V�timas Feridas;Pleno dia;Decrescente;C�u Claro;Dupla;Rotat�ria;Sim;2;0;1;0;1;0;1;2;-29,61664816;-51,78638075;SPRF-RS;DEL04-RS;UOP01-DEL04-RS;;;
691634;16/05/2025;sexta-feira;14:40:00;PR;116;209,9;RIO NEGRO;Condutor deixou de manter dist�ncia do ve�culo da frente;Colis�o traseira;Com V�timas Feridas;Pleno dia;Crescente;C�u Claro;Simples;Reta;Sim;2;0;1;0;1;0;1;2;-26,0916539;-49,7818146;SPRF-SC;DEL06-SC;UOP01-DEL06-SC;;;
691635;16/05/2025;sexta-feira;14:45:00;RS;392;352;SANTA MARIA;Acessar a via sem observar a presen�a dos outros ve�culos;Colis�o transversal;Com V�timas Feridas;Pleno dia;Decrescente;C�u Claro;Dupla;Reta;Sim;3;0;1;2;0;0;3;2;-29,72017802;-53,80766557;SPRF-RS;DEL09-RS;UOP01-DEL09-RS;;;
691637;16/05/2025;sexta-feira;14:40:00;SC;101;143;ITAPEMA;Rea��o tardia ou ineficiente do condutor;Colis�o traseira;Com V�timas Feridas;Pleno dia;Decrescente;Nublado;Dupla;Curva;N�o;2;0;1;0;1;0;1;2;-27,07088309;-48,59544151;SPRF-SC;DEL04-SC;UOP03-DEL04-SC;;;
691638;16/05/2025;sexta-feira;14:20:00;BA;116;449;ANTONIO CARDOSO;Pista Escorregadia;Sa�da de leito carro��vel;Com V�timas Feridas;Pleno dia;Decrescente;Chuva;Dupla;Curva;N�o;3;0;2;1;0;0;3;1;-12,3934;-39,15528;SPRF-BA;DEL02-BA;UOP01-DEL02-BA;;;
691639;16/05/2025;sexta-feira;15:30:00;MG;40;470,7;SETE LAGOAS;Demais falhas mec�nicas ou el�tricas;Tombamento;Com V�timas Feridas;Pleno dia;Crescente;C�u Claro;Dupla;"Reta;Aclive";Sim;1;0;1;0;0;0;1;1;-19,47258;-44,293386;SPRF-MG;DEL02-MG;UOP01-DEL02-MG;;;
691640;16/05/2025;sexta-feira;15:30:00;SC;101;127;ITAJAI;Manobra de mudan�a de faixa;Colis�o lateral mesmo sentido;Com V�timas Feridas;Pleno dia;Crescente;Nublado;Dupla;Reta;N�o;2;0;0;1;1;0;1;2;-26,96981367;-48,68385315;SPRF-SC;DEL04-SC;UOP04-DEL04-SC;;;
691641;16/05/2025;sexta-feira;12:40:00;GO;60;170,2;GOIANIA;Velocidade Incompat�vel;Colis�o traseira;Com V�timas Fatais;Pleno dia;Crescente;C�u Claro;Dupla;"Reta;Aclive";N�o;2;1;0;0;1;0;0;2;-16,738322;-49,408673;SPRF-GO;DEL01-GO;UOP02-DEL01-GO;;;
691642;16/05/2025;sexta-feira;15:00:00;MG;381;498;BETIM;Aus�ncia de rea��o do condutor;Capotamento;Com V�timas Feridas;Pleno dia;Crescente;C�u Claro;Dupla;"Declive;Reta";N�o;1;0;1;0;0;0;1;1;-19,98728815;-44,20420853;SPRF-MG;DEL01-MG;UOP03-DEL01-MG;;;