id;data_inversa;dia_semana;horario;uf;br;km;municipio;causa_acidente;tipo_acidente;classificacao_acidente;fase_dia;sentido_via;condicao_metereologica;tipo_pista;tracado_via;uso_solo;pessoas;mortos;feridos_leves;feridos_graves;ilesos;ignorados;feridos;veiculos;latitude;longitude;regional;delegacia;uop;;;
691644;16/05/2025;sexta-feira;15:15:00;RS;116;235;NOVO HAMBURGO;Manobra de mudan�a de faixa;Colis�o lateral mesmo sentido;Com V�timas Feridas;Pleno dia;Decrescente;C�u Claro;M�ltipla;"Reta;Em Obras";Sim;2;0;2;0;0;0;2;2;-29,6583864;-51,14400786;SPRF-RS;DEL01-RS;UOP02-DEL01-RS;;;
691645;16/05/2025;sexta-feira;12:00:00;GO;70;475;ARAGARCAS;Acessar a via sem observar a presen�a dos outros ve�culos;Queda de ocupante de ve�culo;Com V�timas Feridas;Pleno dia;Crescente;C�u Claro;Simples;Reta;Sim;2;0;0;1;1;0;1;2;-15,89588833;-52,25289154;SPRF-GO;DEL04-GO;UOP02-DEL04-GO;;;
691646;16/05/2025;sexta-feira;13:45:00;RO;364;13;VILHENA;Desrespeitar a prefer�ncia no cruzamento;Colis�o transversal;Com V�timas Feridas;Pleno dia;Decrescente;C�u Claro;Dupla;"Reta;Rotat�ria";Sim;2;0;1;0;0;1;1;2;-12,74095976;-60,13288228;SPRF-RO;DEL04-RO;UOP01-DEL04-RO;;;
691647;16/05/2025;sexta-feira;15:50:00;PB;230;508;CAJAZEIRAS;Acessar a via sem observar a presen�a dos outros ve�culos;Colis�o transversal;Com V�timas Feridas;Pleno dia;Crescente;C�u Claro;Simples;"Reta;Declive";Sim;2;0;0;1;1;0;1;2;-6,890985;-38,58622;SPRF-PB;DEL03-PB;UOP03-DEL03-PB;;;
691648;16/05/2025;sexta-feira;13:05:00;MT;364;619;DIAMANTINO;Demais falhas mec�nicas ou el�tricas;Sa�da de leito carro��vel;Com V�timas Feridas;Pleno dia;Decrescente;C�u Claro;Simples;Reta;N�o;2;0;2;0;0;0;2;1;-14,399134;-56,342586;SPRF-MT;DEL01-MT;UOP01-DEL01-MT;;;
691650;16/05/2025;sexta-feira;15:55:00;RN;304;280,2;MACAIBA;Chuva;Colis�o com objeto;Sem V�timas;Pleno dia;Decrescente;Chuva;Dupla;"Curva;Viaduto";N�o;1;0;0;0;1;0;0;1;-5,888507;-35,489243;SPRF-RN;DEL01-RN;UOP02-DEL01-RN;;;
691652;16/05/2025;sexta-feira;16:00:00;SC;282;18,3;PALHOCA;Acessar a via sem observar a presen�a dos outros ve�culos;Colis�o transversal;Com V�timas Feridas;Pleno dia;Decrescente;Nublado;Simples;Reta;Sim;2;0;1;0;1;0;1;2;-27,67533641;-48,69685046;SPRF-SC;DEL01-SC;UOP02-DEL01-SC;;;
691653;16/05/2025;sexta-feira;15:30:00;DF;40;5;BRASILIA;Manobra de mudan�a de faixa;Colis�o lateral mesmo sentido;Com V�timas Feridas;Pleno dia;Crescente;C�u Claro;Dupla;Reta;Sim;1;0;1;0;0;0;1;1;-15,9827784;-47,9879723;SPRF-DF;DEL01-DF;UOP01-DEL01-DF;;;
691654;16/05/2025;sexta-feira;15:20:00;RS;293;303,4;SANTANA DO LIVRAMENTO;Aus�ncia de rea��o do condutor;Sa�da de leito carro��vel;Com V�timas Fatais;Pleno dia;Crescente;C�u Claro;Simples;Reta;N�o;6;2;0;3;0;1;3;2;-30,79806073;-55,16725988;SPRF-RS;DEL11-RS;UOP01-DEL11-RS;;;
691655;16/05/2025;sexta-feira;16:00:00;SC;101;133,3;BALNEARIO CAMBORIU;Rea��o tardia ou ineficiente do condutor;Colis�o traseira;Com V�timas Feridas;Pleno dia;Crescente;C�u Claro;M�ltipla;Reta;Sim;3;0;2;1;0;0;3;2;-27,00054617;-48,64307133;SPRF-SC;DEL04-SC;UOP03-DEL04-SC;;;
691659;16/05/2025;sexta-feira;15:50:00;DF;251;19;BRASILIA;Velocidade Incompat�vel;Sa�da de leito carro��vel;Com V�timas Feridas;Pleno dia;Crescente;C�u Claro;Simples;"Aclive;Curva";N�o;1;0;1;0;0;0;1;1;-15,963942;-47,643185;SPRF-DF;DEL01-DF;UOP01-DEL01-DF;;;
691660;16/05/2025;sexta-feira;15:48:00;BA;116;819;VITORIA DA CONQUISTA;Demais falhas na via;Tombamento;Com V�timas Feridas;Pleno dia;Decrescente;Nevoeiro/Neblina;Simples;"Reta;Em Obras";N�o;1;0;1;0;0;0;1;1;-14,828287;-40,827828;SPRF-BA;DEL08-BA;UOP01-DEL08-BA;;;
691661;16/05/2025;sexta-feira;16:50:00;SC;101;189;BIGUACU;Aus�ncia de rea��o do condutor;Queda de ocupante de ve�culo;Com V�timas Feridas;Pleno dia;Decrescente;C�u Claro;Dupla;Interse��o de Vias;N�o;2;0;1;0;0;1;1;2;-27,456265;-48,637007;SPRF-SC;DEL01-SC;UOP01-DEL01-SC;;;
691663;16/05/2025;sexta-feira;12:40:00;SP;153;148,5;PROMISSAO;Ultrapassagem Indevida;Colis�o lateral sentido oposto;Com V�timas Feridas;Pleno dia;Decrescente;C�u Claro;Simples;Reta;N�o;2;0;1;0;1;0;1;2;-21,47862931;-49,78042603;SPRF-SP;DEL07-SP;UOP01-DEL07-SP;;;
691664;16/05/2025;sexta-feira;13:20:00;RO;364;426,8;JARU;Desrespeitar a prefer�ncia no cruzamento;Colis�o transversal;Com V�timas Feridas;Pleno dia;Decrescente;C�u Claro;Simples;Interse��o de Vias;Sim;2;0;1;0;1;0;1;2;-10,42812608;-62,48636898;SPRF-RO;DEL03-RO;UOP02-DEL03-RO;;;
691665;16/05/2025;sexta-feira;17:05:00;RS;116;146;CAXIAS DO SUL;Rea��o tardia ou ineficiente do condutor;Colis�o traseira;Sem V�timas;Pleno dia;Crescente;C�u Claro;Dupla;"Reta;Interse��o de Vias";Sim;2;0;0;0;2;0;0;2;-29,14256103;-51,13690345;SPRF-RS;DEL05-RS;UOP01-DEL05-RS;;;
691666;16/05/2025;sexta-feira;16:37:00;SC;101;46,2;PALHOCA;Objeto est�tico sobre o leito carro��vel;Colis�o com objeto;Com V�timas Feridas;Pleno dia;Decrescente;C�u Claro;Dupla;Reta;N�o;1;0;1;0;0;0;1;1;-27,68391672;-48,69030889;SPRF-SC;DEL01-SC;UOP02-DEL01-SC;;;
691667;16/05/2025;sexta-feira;16:00:00;SP;116;285;ITAPECERICA DA SERRA;Aus�ncia de rea��o do condutor;Capotamento;Sem V�timas;Pleno dia;Crescente;C�u Claro;Dupla;"Interse��o de Vias;Retorno Regulamentado";Sim;1;0;0;0;0;1;0;1;-23,68415932;-46,8587513;SPRF-SP;DEL04-SP;UOP01-DEL04-SP;;;
691669;16/05/2025;sexta-feira;17:40:00;SC;280;25;ARAQUARI;Acessar a via sem observar a presen�a dos outros ve�culos;Colis�o transversal;Com V�timas Feridas;Pleno dia;Crescente;C�u Claro;Simples;Reta;Sim;2;0;1;0;1;0;1;2;-26,40786064;-48,74702454;SPRF-SC;DEL03-SC;UOP03-DEL03-SC;;;
691671;16/05/2025;sexta-feira;16:40:00;MG;262;531;LUZ;Condutor deixou de manter dist�ncia do ve�culo da frente;Colis�o traseira;Com V�timas Feridas;Pleno dia;Crescente;C�u Claro;Simples;Reta;N�o;6;0;3;0;3;0;3;2;-19,7838963;-45,69934543;SPRF-MG;DEL08-MG;UOP02-DEL08-MG;;;
691672;16/05/2025;sexta-feira;17:10:00;BA;324;522;FEIRA DE SANTANA;Transitar no Acostamento;Colis�o frontal;Com V�timas Feridas;Anoitecer;Decrescente;Garoa/Chuvisco;Dupla;Reta;Sim;3;0;2;0;1;0;2;3;-12,294465;-38,905971;SPRF-BA;DEL01-BA;UOP03-DEL01-BA;;;
691673;16/05/2025;sexta-feira;18:00:00;SC;101;214,5;PALHOCA;Manobra de mudan�a de faixa;Colis�o lateral mesmo sentido;Com V�timas Feridas;Plena Noite;Decrescente;Ignorado;M�ltipla;Reta;Sim;3;0;1;0;2;0;1;2;-27,64870686;-48,67331592;SPRF-SC;DEL01-SC;UOP02-DEL01-SC;;;
691674;16/05/2025;sexta-feira;17:00:00;MG;40;509;CONTAGEM;Condutor deixou de manter dist�ncia do ve�culo da frente;Colis�o traseira;Com V�timas Feridas;Pleno dia;Decrescente;Sol;Dupla;Reta;Sim;2;0;1;0;1;0;1;2;-19,9544305;-44,0253225;SPRF-MG;DEL01-MG;UOP02-DEL01-MG;;;
691675;16/05/2025;sexta-feira;15:20:00;ES;101;146;LINHARES;Rea��o tardia ou ineficiente do condutor;Colis�o traseira;Com V�timas Feridas;Pleno dia;Decrescente;C�u Claro;M�ltipla;Reta;Sim;2;0;0;1;0;1;1;2;-19,37707696;-40,06599506;SPRF-ES;DEL04-ES;UOP01-DEL04-ES;;;
691676;16/05/2025;sexta-feira;17:50:00;CE;116;14;FORTALEZA;Frear bruscamente;Tombamento;Com V�timas Feridas;Plena Noite;Decrescente;C�u Claro;M�ltipla;Reta;Sim;2;0;1;0;0;1;1;1;-3,867707;-38,497552;SPRF-CE;DEL01-CE;UOP02-DEL01-CE;;;
691677;16/05/2025;sexta-feira;18:15:00;RJ;116;170;RIO DE JANEIRO;Aus�ncia de rea��o do condutor;Colis�o traseira;Com V�timas Feridas;Plena Noite;Crescente;C�u Claro;Dupla;Reta;Sim;2;0;1;0;1;0;1;2;-22,80870333;-43,33810329;SPRF-RJ;DEL06-RJ;UOP01-DEL06-RJ;;;
691678;07/03/2025;sexta-feira;12:40:00;RS;116;223;DOIS IRMAOS;Transitar na contram�o;Colis�o frontal;Com V�timas Feridas;Pleno dia;Decrescente;C�u Claro;Simples;"Declive;Curva";Sim;2;0;1;1;0;0;2;2;-29,586668;-51,098856;SPRF-RS;DEL01-RS;UOP02-DEL01-RS;;;
691679;16/05/2025;sexta-feira;18:20:00;RS;116;252;SAPUCAIA DO SUL;Demais falhas mec�nicas ou el�tricas;Tombamento;Com V�timas Feridas;Plena Noite;Decrescente;Nublado;Dupla;"Reta;Aclive";Sim;2;0;0;1;0;1;1;2;-29,8000981;-51,1652911;SPRF-RS;DEL01-RS;UOP02-DEL01-RS;;;
691681;16/05/2025;sexta-feira;17:30:00;PR;158;535;PATO BRANCO;Acessar a via sem observar a presen�a dos outros ve�culos;Colis�o transversal;Com V�timas Feridas;Anoitecer;Decrescente;C�u Claro;Simples;"Reta;Interse��o de Vias";Sim;3;0;2;0;1;0;2;2;-26,23543762;-52,69055843;SPRF-PR;DEL02-PR;UOP01-DEL02-PR;;;
691682;16/05/2025;sexta-feira;17:55:00;PR;163;10,5;BARRACAO;Acessar a via sem observar a presen�a dos outros ve�culos;Colis�o transversal;Com V�timas Feridas;Anoitecer;Crescente;C�u Claro;Simples;"Reta;Aclive";Sim;3;0;0;2;1;0;2;2;-26,243325;-53,634076;SPRF-PR;DEL02-PR;UOP02-DEL02-PR;;;
691685;16/05/2025;sexta-feira;17:45:00;CE;222;4;CAUCAIA;Condutor deixou de manter dist�ncia do ve�culo da frente;Colis�o traseira;Sem V�timas;Anoitecer;Decrescente;Chuva;Dupla;Reta;Sim;2;0;0;0;2;0;0;2;-3,74275541;-38,61185471;SPRF-CE;DEL01-CE;UOP01-DEL01-CE;;;
691686;16/05/2025;sexta-feira;18:30:00;PB;230;75;SOBRADO;Velocidade Incompat�vel;Colis�o com objeto;Com V�timas Feridas;Plena Noite;Crescente;Chuva;Dupla;Curva;N�o;2;0;0;1;1;0;1;1;-7,190872;-35,26772;SPRF-PB;DEL01-PB;UOP02-DEL01-PB;;;
691687;16/05/2025;sexta-feira;18:18:00;BA;324;623;SALVADOR;Trafegar com motocicleta (ou similar) entre as faixas;Colis�o lateral mesmo sentido;Com V�timas Feridas;Plena Noite;Decrescente;Garoa/Chuvisco;M�ltipla;Reta;Sim;3;0;0;2;1;0;2;2;-12,9422425;-38,47056482;SPRF-BA;DEL01-BA;UOP01-DEL01-BA;;;
691688;16/05/2025;sexta-feira;19:15:00;SC;282;20,4;PALHOCA;Acessar a via sem observar a presen�a dos outros ve�culos;Colis�o transversal;Com V�timas Feridas;Plena Noite;Decrescente;C�u Claro;Dupla;"Reta;Interse��o de Vias";N�o;2;0;0;1;1;0;1;2;-27,686913;-48,71347;SPRF-SC;DEL01-SC;UOP02-DEL01-SC;;;
691689;16/05/2025;sexta-feira;16:40:00;SC;280;167,1;MAFRA;Acessar a via sem observar a presen�a dos outros ve�culos;Colis�o transversal;Com V�timas Feridas;Pleno dia;Decrescente;C�u Claro;Simples;"Reta;Interse��o de Vias;Rotat�ria;Retorno Regulamentado";Sim;2;0;1;0;0;1;1;2;-26,1696182;-49,8181391;SPRF-SC;DEL06-SC;UOP01-DEL06-SC;;;
691690;16/05/2025;sexta-feira;18:20:00;PR;277;723;FOZ DO IGUACU;Desrespeitar a prefer�ncia no cruzamento;Colis�o transversal;Com V�timas Feridas;Plena Noite;Crescente;C�u Claro;Dupla;Retorno Regulamentado;Sim;2;0;1;0;1;0;1;2;-25,49534742;-54,52188492;SPRF-PR;DEL05-PR;UOP03-DEL05-PR;;;
691691;16/05/2025;sexta-feira;17:16:00;RJ;40;110;DUQUE DE CAXIAS;Rea��o tardia ou ineficiente do condutor;Tombamento;Com V�timas Feridas;Pleno dia;Decrescente;C�u Claro;M�ltipla;Reta;Sim;1;0;1;0;0;0;1;1;-22,68330133;-43,28523159;SPRF-RJ;DEL01-RJ;UOP02-DEL01-RJ;;;
691693;16/05/2025;sexta-feira;18:40:00;PR;369;430,1;UBIRATA;Acessar a via sem observar a presen�a dos outros ve�culos;Colis�o frontal;Com V�timas Feridas;Anoitecer;Crescente;C�u Claro;Simples;"Interse��o de Vias;Reta";N�o;3;0;1;0;2;0;1;2;-24,5548522;-52,96465874;SPRF-PR;DEL04-PR;UOP03-DEL04-PR;;;
691694;16/05/2025;sexta-feira;19:15:00;MG;40;618,7;CONGONHAS;Convers�o proibida;Colis�o transversal;Com V�timas Feridas;Plena Noite;Crescente;C�u Claro;Simples;"Reta;Interse��o de Vias";N�o;2;0;1;0;1;0;1;2;-20,571713;-43,812163;SPRF-MG;DEL05-MG;UOP02-DEL05-MG;;;
691695;16/05/2025;sexta-feira;19:00:00;RS;285;94,7;VACARIA;Animais na Pista;Sa�da de leito carro��vel;Com V�timas Feridas;Plena Noite;Crescente;C�u Claro;Simples;Reta;N�o;1;0;1;0;0;0;1;1;-28,4983296;-50,9181952;SPRF-RS;DEL05-RS;UOP03-DEL05-RS;;;
691697;16/05/2025;sexta-feira;19:10:00;PR;158;532,5;PATO BRANCO;Acesso irregular;Colis�o lateral mesmo sentido;Com V�timas Feridas;Plena Noite;Crescente;C�u Claro;Simples;"Reta;Interse��o de Vias";Sim;3;0;2;0;1;0;2;2;-26,214586;-52,681037;SPRF-PR;DEL02-PR;UOP01-DEL02-PR;;;
691698;16/05/2025;sexta-feira;18:35:00;PA;316;54;CASTANHAL;Pista esburacada;Tombamento;Com V�timas Feridas;Plena Noite;Decrescente;Chuva;Dupla;"Reta;Retorno Regulamentado";Sim;1;0;1;0;0;0;1;1;-1,305458;-47,999158;SPRF-PA;DEL01-PA;UOP01-DEL01-PA;;;
691699;16/05/2025;sexta-feira;18:40:00;MG;50;8,9;UBERLANDIA;Acessar a via sem observar a presen�a dos outros ve�culos;Colis�o transversal;Com V�timas Fatais;Plena Noite;Crescente;C�u Claro;Dupla;Reta;N�o;2;1;0;0;1;0;0;2;-18,8786413;-48,2089801;SPRF-MG;DEL15-MG;UOP01-DEL15-MG;;;
691701;16/05/2025;sexta-feira;18:30:00;AL;316;150;PALMEIRA DOS INDIOS;Animais na Pista;Atropelamento de Animal;Com V�timas Feridas;Plena Noite;Crescente;C�u Claro;Simples;"Reta;Declive";N�o;1;0;0;1;0;0;1;1;-9,415613;-36,67504;SPRF-AL;DEL03-AL;UOP01-DEL03-AL;;;
691705;16/05/2025;sexta-feira;14:00:00;CE;226;141;MILHA;Transitar na contram�o;Colis�o frontal;Com V�timas Fatais;Pleno dia;Crescente;C�u Claro;Simples;Reta;Sim;6;2;0;3;1;0;3;2;-5,6818995;-39,2151003;SPRF-CE;DEL02-CE;UOP02-DEL02-CE;;;
691706;16/05/2025;sexta-feira;18:30:00;PB;230;477,8;MARIZOPOLIS;Acessar a via sem observar a presen�a dos outros ve�culos;Atropelamento de Pedestre;Com V�timas Feridas;Plena Noite;Crescente;C�u Claro;Simples;Reta;N�o;3;0;1;2;0;0;3;2;-6,843313;-38,336815;SPRF-PB;DEL03-PB;UOP03-DEL03-PB;;;
691710;16/05/2025;sexta-feira;11:50:00;RJ;493;18,4;MAGE;Condutor deixou de manter dist�ncia do ve�culo da frente;Colis�o lateral mesmo sentido;Com V�timas Feridas;Pleno dia;Crescente;C�u Claro;Dupla;Reta;Sim;3;0;1;0;1;1;1;2;-22,6595417;-43,0910727;SPRF-RJ;DEL04-RJ;UOP02-DEL04-RJ;;;
691711;16/05/2025;sexta-feira;20:00:00;RS;116;266;CANOAS;Rea��o tardia ou ineficiente do condutor;Colis�o lateral mesmo sentido;Com V�timas Feridas;Plena Noite;Decrescente;C�u Claro;Dupla;Reta;Sim;3;0;1;0;1;1;1;3;-29,93008327;-51,17748912;SPRF-RS;DEL01-RS;UOP01-DEL01-RS;;;
691713;16/05/2025;sexta-feira;20:00:00;PR;163;85,4;CAPANEMA;Acessar a via sem observar a presen�a dos outros ve�culos;Colis�o transversal;Com V�timas Feridas;Plena Noite;Crescente;Ignorado;Simples;"Reta;Aclive;Interse��o de Vias";Sim;2;0;0;1;0;1;1;2;-25,69294174;-53,78060516;SPRF-PR;DEL02-PR;UOP02-DEL02-PR;;;
691714;16/05/2025;sexta-feira;19:05:00;PR;153;43,5;SANTO ANTONIO DA PLATINA;Rea��o tardia ou ineficiente do condutor;Colis�o transversal;Com V�timas Feridas;Plena Noite;Crescente;C�u Claro;Simples;Rotat�ria;Sim;2;0;1;0;1;0;1;2;-23,30977648;-50,07066786;SPRF-PR;DEL07-PR;UOP04-DEL07-PR;;;
691715;16/05/2025;sexta-feira;17:40:00;SC;282;554,4;NOVA ITABERABA;Aus�ncia de rea��o do condutor;Colis�o traseira;Sem V�timas;Plena Noite;Crescente;C�u Claro;Simples;"Interse��o de Vias;Curva;Aclive";N�o;4;0;0;0;4;0;0;4;-26,935146;-52,796906;SPRF-SC;DEL07-SC;UOP01-DEL07-SC;;;
691716;16/05/2025;sexta-feira;19:40:00;MT;163;924;ITAUBA;Ingest�o de �lcool pelo condutor;Sa�da de leito carro��vel;Sem V�timas;Plena Noite;Crescente;C�u Claro;Simples;Reta;N�o;1;0;0;0;1;0;0;1;-11,10325;-55,30007;SPRF-MT;DEL06-MT;UOP02-DEL06-MT;;;
691717;16/05/2025;sexta-feira;19:00:00;PB;427;37,8;POMBAL;Transitar na contram�o;Colis�o frontal;Com V�timas Feridas;Plena Noite;Decrescente;Nublado;Simples;"Reta;Interse��o de Vias";Sim;3;0;1;0;2;0;1;2;-6,769672;-37,795617;SPRF-PB;DEL03-PB;UOP02-DEL03-PB;;;
691718;16/05/2025;sexta-feira;19:50:00;PA;316;110;SANTA MARIA DO PARA;Acessar a via sem observar a presen�a dos outros ve�culos;Atropelamento de Pedestre;Com V�timas Feridas;Plena Noite;Decrescente;Nublado;Simples;Reta;N�o;2;0;1;0;0;1;1;2;-1,32047406;-47,51831532;SPRF-PA;DEL01-PA;UOP02-DEL01-PA;;;
691719;16/05/2025;sexta-feira;20:00:00;PR;277;128;CAMPO LARGO;Ingest�o de �lcool pelo condutor;Sa�da de leito carro��vel;Sem V�timas;Plena Noite;Decrescente;C�u Claro;Dupla;Reta;N�o;1;0;0;0;0;1;0;1;-25,441;-49,558;SPRF-PR;DEL03-PR;UOP03-DEL03-PR;;;
691720;16/05/2025;sexta-feira;18:40:00;PR;369;507;CASCAVEL;Pedestre andava na pista;Atropelamento de Pedestre;Com V�timas Feridas;Anoitecer;Crescente;C�u Claro;Simples;Reta;Sim;2;0;0;1;0;1;1;2;-24,95775048;-53,39879606;SPRF-PR;DEL04-PR;UOP01-DEL04-PR;;;
691721;16/05/2025;sexta-feira;16:00:00;RJ;101;295;ITABORAI;Aus�ncia de rea��o do condutor;Colis�o traseira;Com V�timas Feridas;Pleno dia;Decrescente;C�u Claro;Dupla;Reta;N�o;3;0;1;0;2;0;1;2;-22,76673717;-42,90712595;SPRF-RJ;DEL02-RJ;UOP02-DEL02-RJ;;;
691722;16/05/2025;sexta-feira;19:15:00;PR;369;202;APUCARANA;Acessar a via sem observar a presen�a dos outros ve�culos;Colis�o transversal;Com V�timas Feridas;Plena Noite;Decrescente;C�u Claro;Simples;Interse��o de Vias;Sim;2;0;1;0;1;0;1;2;-23,5428;-51,4551;SPRF-PR;DEL07-PR;UOP03-DEL07-PR;;;
691724;16/05/2025;sexta-feira;20:15:00;RS;448;21;CANOAS;Demais falhas mec�nicas ou el�tricas;Tombamento;Com V�timas Feridas;Plena Noite;Decrescente;Nublado;Simples;Reta;Sim;2;0;1;0;1;0;1;1;-29,97072662;-51,20007634;SPRF-RS;DEL01-RS;UOP01-DEL01-RS;;;
691726;16/05/2025;sexta-feira;21:40:00;BA;324;622;SALVADOR;Mal s�bito do condutor;Colis�o com objeto;Com V�timas Feridas;Plena Noite;Crescente;Chuva;M�ltipla;Reta;Sim;3;0;2;0;1;0;2;2;-12,930662;-38,470588;SPRF-BA;DEL01-BA;UOP01-DEL01-BA;;;
691727;16/05/2025;sexta-feira;20:30:00;GO;153;87;SANTA TEREZA DE GOIAS;Aus�ncia de rea��o do condutor;Colis�o com objeto;Com V�timas Feridas;Plena Noite;Decrescente;C�u Claro;Simples;Reta;N�o;1;0;1;0;0;0;1;1;-13,55501306;-49,07305241;SPRF-GO;DEL07-GO;UOP01-DEL07-GO;;;
691728;16/05/2025;sexta-feira;17:30:00;GO;153;124;PORANGATU;Rea��o tardia ou ineficiente do condutor;Colis�o traseira;Sem V�timas;Pleno dia;Decrescente;C�u Claro;Simples;Rotat�ria;N�o;4;0;0;0;4;0;0;2;-13,4063391;-49,131348;SPRF-GO;DEL07-GO;UOP01-DEL07-GO;;;
691729;16/05/2025;sexta-feira;19:30:00;BA;101;188;CONCEICAO DA FEIRA;Ultrapassagem Indevida;Colis�o com objeto;Com V�timas Feridas;Plena Noite;Decrescente;Chuva;Simples;"Reta;Aclive";N�o;12;0;10;2;0;0;12;1;-12,48657;-38,949657;SPRF-BA;DEL01-BA;UOP03-DEL01-BA;;;
691731;16/05/2025;sexta-feira;19:50:00;MS;262;328;CAMPO GRANDE;Acessar a via sem observar a presen�a dos outros ve�culos;Colis�o transversal;Com V�timas Feridas;Plena Noite;Crescente;C�u Claro;Dupla;Reta;Sim;2;0;1;0;1;0;1;2;-20,4645953;-54,5522782;SPRF-MS;DEL01-MS;UOP01-DEL01-MS;;;
691732;16/05/2025;sexta-feira;13:25:00;MT;70;735;CACERES;Acessar a via sem observar a presen�a dos outros ve�culos;Colis�o transversal;Com V�timas Feridas;Pleno dia;Decrescente;C�u Claro;Simples;Interse��o de Vias;Sim;2;0;0;1;1;0;1;2;-16,08593924;-57,69691229;SPRF-MT;DEL03-MT;UOP01-DEL03-MT;;;
691733;16/05/2025;sexta-feira;22:07:00;PE;407;129;PETROLINA;Manobra de mudan�a de faixa;Colis�o traseira;Com V�timas Feridas;Plena Noite;Decrescente;C�u Claro;Dupla;"Ponte;Reta";N�o;3;0;1;0;2;0;1;2;-9,402807;-40,503757;SPRF-PE;DEL06-PE;UOP01-DEL06-PE;;;
691734;16/05/2025;sexta-feira;21:40:00;RS;158;116;PALMEIRA DAS MISSOES;Aus�ncia de rea��o do condutor;Tombamento;Com V�timas Feridas;Plena Noite;Decrescente;C�u Claro;Simples;Reta;N�o;1;0;1;0;0;0;1;1;-27,951867;-53,323936;SPRF-RS;DEL08-RS;UOP01-DEL08-RS;;;
691735;16/05/2025;sexta-feira;22:05:00;RS;386;180,2;CARAZINHO;Ingest�o de �lcool pelo condutor;Colis�o com objeto;Com V�timas Feridas;Plena Noite;Crescente;C�u Claro;Simples;Reta;N�o;2;0;2;0;0;0;2;1;-28,30162238;-52,7435267;SPRF-RS;DEL08-RS;UOP01-DEL08-RS;;;
691736;16/05/2025;sexta-feira;19:51:00;MT;70;0;BARRA DO GARCAS;Retorno proibido;Colis�o transversal;Com V�timas Feridas;Plena Noite;Decrescente;C�u Claro;Simples;"Reta;Declive";Sim;2;0;0;1;1;0;1;2;-15,893572;-52,2589967;SPRF-MT;DEL07-MT;UOP01-DEL07-MT;;;
691737;16/05/2025;sexta-feira;18:00:00;BA;330;850;BARRA DO ROCHA;Ingest�o de �lcool pelo condutor;Colis�o lateral sentido oposto;Com V�timas Feridas;Anoitecer;Crescente;Chuva;Simples;Curva;N�o;3;0;2;0;1;0;2;2;-14,188357;-39,658888;SPRF-BA;DEL03-BA;UOP01-DEL03-BA;;;
691738;16/05/2025;sexta-feira;19:20:00;RO;364;4;JI-PARANA;Ingest�o de �lcool pelo condutor;Colis�o com objeto;Sem V�timas;Plena Noite;Crescente;C�u Claro;Simples;Ponte;N�o;1;0;0;0;0;1;0;1;-10,910497;-61,96355;SPRF-RO;DEL02-RO;UOP01-DEL02-RO;;;
691739;16/05/2025;sexta-feira;23:30:00;ES;101;206;JOAO NEIVA;Rea��o tardia ou ineficiente do condutor;Colis�o com objeto;Com V�timas Feridas;Plena Noite;Decrescente;C�u Claro;M�ltipla;Reta;Sim;2;0;1;0;1;0;1;1;-19,765273;-40,37168;SPRF-ES;DEL02-ES;UOP01-DEL02-ES;;;
691740;16/05/2025;sexta-feira;23:00:00;PA;222;18,9;DOM ELISEU;Manobra de mudan�a de faixa;Colis�o frontal;Com V�timas Feridas;Plena Noite;Decrescente;C�u Claro;Simples;Reta;Sim;3;0;1;2;0;0;3;2;-4,29545;-47,564772;SPRF-PA;DEL02-PA;UOP02-DEL02-PA;;;
691742;17/05/2025;s�bado;00:05:00;MG;381;341;BELA VISTA DE MINAS;Condutor Dormindo;Sa�da de leito carro��vel;Com V�timas Feridas;Plena Noite;Crescente;C�u Claro;Simples;"Curva;Declive";N�o;2;0;2;0;0;0;2;1;-19,814232;-43,066286;SPRF-MG;DEL03-MG;UOP01-DEL03-MG;;;
691743;17/05/2025;s�bado;00:15:00;MG;262;405,1;PARA DE MINAS;Pedestre andava na pista;Atropelamento de Pedestre;Com V�timas Fatais;Plena Noite;Decrescente;C�u Claro;Dupla;"Retorno Regulamentado;Curva";N�o;2;1;0;0;1;0;0;2;-19,89966165;-44,69746739;SPRF-MG;DEL01-MG;UOP03-DEL01-MG;;;
691745;16/05/2025;sexta-feira;20:00:00;MT;163;829;SINOP;Ingest�o de �lcool pelo condutor;Engavetamento;Sem V�timas;Plena Noite;Decrescente;C�u Claro;Simples;Reta;Sim;5;0;0;0;5;0;0;4;-11,91;-55,508;SPRF-MT;DEL06-MT;UOP02-DEL06-MT;;;
691746;16/05/2025;sexta-feira;19:00:00;RO;364;367;OURO PRETO DO OESTE;Condutor deixou de manter dist�ncia do ve�culo da frente;Colis�o lateral mesmo sentido;Com V�timas Feridas;Anoitecer;Decrescente;C�u Claro;Simples;Aclive;N�o;1;0;0;1;0;0;1;1;-10,73761329;-62,19963205;SPRF-RO;DEL02-RO;UOP01-DEL02-RO;;;