id;data_inversa;dia_semana;horario;uf;br;km;municipio;causa_acidente;tipo_acidente;classificacao_acidente;fase_dia;sentido_via;condicao_metereologica;tipo_pista;tracado_via;uso_solo;pessoas;mortos;feridos_leves;feridos_graves;ilesos;ignorados;feridos;veiculos;latitude;longitude;regional;delegacia;uop;;;
691861;17/05/2025;s�bado;14:35:00;SP;116;166;JACAREI;Rea��o tardia ou ineficiente do condutor;Colis�o traseira;Com V�timas Feridas;Pleno dia;Crescente;C�u Claro;Dupla;Reta;N�o;3;0;1;0;2;0;1;2;-23,2981835;-46,01046324;SPRF-SP;DEL02-SP;UOP01-DEL02-SP;;;
691864;17/05/2025;s�bado;14:39:00;ES;101;161;LINHARES;Ultrapassagem Indevida;Tombamento;Com V�timas Feridas;Pleno dia;Crescente;C�u Claro;Simples;Reta;N�o;1;0;1;0;0;0;1;1;-19,4887139;-40,12536661;SPRF-ES;DEL04-ES;UOP01-DEL04-ES;;;
691865;17/05/2025;s�bado;13:00:00;RJ;40;122;DUQUE DE CAXIAS;Rea��o tardia ou ineficiente do condutor;Colis�o lateral mesmo sentido;Com V�timas Feridas;Pleno dia;Crescente;C�u Claro;M�ltipla;Reta;Sim;3;0;1;0;2;0;1;2;-22,79321486;-43,28753879;SPRF-RJ;DEL01-RJ;UOP02-DEL01-RJ;;;
691867;17/05/2025;s�bado;14:15:00;DF;40;3;BRASILIA;Ingest�o de �lcool pelo condutor;Colis�o transversal;Sem V�timas;Pleno dia;Crescente;C�u Claro;Dupla;Reta;Sim;2;0;0;0;2;0;0;2;-16,0075359;-47,98381805;SPRF-DF;DEL01-DF;UOP01-DEL01-DF;;;
691868;17/05/2025;s�bado;15:00:00;SC;101;215;PALHOCA;Ingest�o de �lcool pelo condutor;Colis�o transversal;Com V�timas Feridas;Pleno dia;Crescente;C�u Claro;M�ltipla;Interse��o de Vias;Sim;2;0;1;0;1;0;1;2;-27,65224218;-48,67648093;SPRF-SC;DEL01-SC;UOP02-DEL01-SC;;;
691869;17/05/2025;s�bado;14:40:00;GO;153;436;ANAPOLIS;Aus�ncia de rea��o do condutor;Queda de ocupante de ve�culo;Com V�timas Feridas;Pleno dia;Decrescente;Sol;Dupla;Reta;N�o;1;0;0;1;0;0;1;1;-16,33062319;-48,88677657;SPRF-GO;DEL02-GO;UOP01-DEL02-GO;;;
691870;17/05/2025;s�bado;15:06:00;PE;232;126;CARUARU;Acumulo de �gua sobre o pavimento;Sa�da de leito carro��vel;Com V�timas Feridas;Pleno dia;Decrescente;Chuva;Dupla;"Reta;Declive";Sim;1;0;1;0;0;0;1;1;-8,307229;-35,960089;SPRF-PE;DEL02-PE;UOP01-DEL02-PE;;;
691871;17/05/2025;s�bado;14:30:00;BA;324;518;FEIRA DE SANTANA;Acessar a via sem observar a presen�a dos outros ve�culos;Colis�o lateral mesmo sentido;Com V�timas Feridas;Pleno dia;Crescente;C�u Claro;Simples;Reta;Sim;3;0;2;0;1;0;2;2;-12,268765;-38,934676;SPRF-BA;DEL02-BA;UOP01-DEL02-BA;;;
691872;17/05/2025;s�bado;15:10:00;BA;101;492;ITAJUIPE;Ultrapassagem Indevida;Colis�o lateral mesmo sentido;Com V�timas Feridas;Pleno dia;Crescente;Nublado;Simples;Reta;N�o;3;0;2;0;0;1;2;2;-14,70743213;-39,36219582;SPRF-BA;DEL05-BA;UOP01-DEL05-BA;;;
691873;17/05/2025;s�bado;14:26:00;PI;343;264;CAMPO MAIOR;Condutor deixou de manter dist�ncia do ve�culo da frente;Colis�o traseira;Sem V�timas;Pleno dia;Crescente;Sol;Simples;Reta;Sim;3;0;0;0;3;0;0;2;-4,82607794;-42,16174722;SPRF-PI;DEL01-PI;UOP03-DEL01-PI;;;
691874;17/05/2025;s�bado;09:30:00;MG;381;425;CAETE;Velocidade Incompat�vel;Colis�o lateral mesmo sentido;Com V�timas Feridas;Pleno dia;Crescente;C�u Claro;Dupla;Curva;N�o;3;0;2;1;0;0;3;2;-19,78366715;-43,66653264;SPRF-MG;DEL01-MG;UOP01-DEL01-MG;;;
691875;27/04/2025;domingo;05:00:00;MG;251;483;FRANCISCO SA;Condutor Dormindo;Sa�da de leito carro��vel;Com V�timas Feridas;Amanhecer;Crescente;C�u Claro;Simples;"Reta;Declive";N�o;3;0;3;0;0;0;3;1;-16,479532;-43,5047512;SPRF-MG;DEL12-MG;UOP01-DEL12-MG;;;
691876;17/05/2025;s�bado;08:00:00;RO;425;113,5;GUAJARA-MIRIM;Rea��o tardia ou ineficiente do condutor;Sa�da de leito carro��vel;Com V�timas Fatais;Pleno dia;Crescente;Sol;Simples;Reta;N�o;1;1;0;0;0;0;0;1;-10,67481048;-65,27297214;SPRF-RO;DEL01-RO;UOP03-DEL01-RO;;;
691879;17/05/2025;s�bado;12:55:00;PR;369;490,7;CASCAVEL;Avarias e/ou desgaste excessivo no pneu;Sa�da de leito carro��vel;Com V�timas Feridas;Pleno dia;Decrescente;C�u Claro;Simples;"Reta;Aclive";N�o;1;0;1;0;0;0;1;1;-24,8413262;-53,3130918;SPRF-PR;DEL04-PR;UOP01-DEL04-PR;;;
691880;17/05/2025;s�bado;14:15:00;RJ;116;107;MAGE;Aus�ncia de rea��o do condutor;Queda de ocupante de ve�culo;Com V�timas Feridas;Pleno dia;Crescente;C�u Claro;Simples;Reta;N�o;1;0;1;0;0;0;1;1;-22,6587353;-43,0886634;SPRF-RJ;DEL04-RJ;UOP01-DEL04-RJ;;;
691881;17/05/2025;s�bado;12:40:00;RJ;116;305;RESENDE;Manobra de mudan�a de faixa;Atropelamento de Pedestre;Com V�timas Feridas;Pleno dia;Decrescente;C�u Claro;M�ltipla;Reta;Sim;2;0;0;1;1;0;1;2;-22,45593679;-44,39636199;SPRF-RJ;DEL07-RJ;UOP02-DEL07-RJ;;;
691882;17/05/2025;s�bado;15:30:00;SC;282;5,5;SAO JOSE;Trafegar com motocicleta (ou similar) entre as faixas;Colis�o lateral mesmo sentido;Com V�timas Feridas;Pleno dia;Crescente;C�u Claro;Dupla;Reta;Sim;3;0;1;0;2;0;1;3;-27,58813;-48,613305;SPRF-SC;DEL01-SC;UOP01-DEL01-SC;;;
691883;17/05/2025;s�bado;15:50:00;MG;381;593,8;CARMOPOLIS DE MINAS;Rea��o tardia ou ineficiente do condutor;Sa�da de leito carro��vel;Com V�timas Fatais;Pleno dia;Crescente;Sol;Dupla;Reta;N�o;6;1;2;3;0;0;5;1;-20,56767376;-44,67429221;SPRF-MG;DEL04-MG;UOP01-DEL04-MG;;;
691885;17/05/2025;s�bado;15:30:00;PR;277;8,1;PARANAGUA;Aus�ncia de rea��o do condutor;Colis�o com objeto;Sem V�timas;Pleno dia;Crescente;C�u Claro;Dupla;Reta;N�o;1;0;0;0;1;0;0;1;-25,564682;-48,599903;SPRF-PR;DEL01-PR;UOP05-DEL01-PR;;;
691886;17/05/2025;s�bado;15:10:00;PR;376;395,6;IMBAU;Aus�ncia de rea��o do condutor;Sa�da de leito carro��vel;Com V�timas Fatais;Pleno dia;Crescente;Sol;Dupla;"Reta;Declive";N�o;2;1;0;1;0;0;1;1;-24,515269;-50,711343;SPRF-PR;DEL03-PR;UOP02-DEL03-PR;;;
691888;17/05/2025;s�bado;16:15:00;MG;381;503;BETIM;Ultrapassagem Indevida;Colis�o lateral mesmo sentido;Com V�timas Feridas;Pleno dia;Crescente;C�u Claro;Dupla;"Reta;Retorno Regulamentado;T�nel;Rotat�ria;Interse��o de Vias";Sim;3;0;0;1;2;0;1;2;-20,02235161;-44,22978608;SPRF-MG;DEL01-MG;UOP03-DEL01-MG;;;
691889;17/05/2025;s�bado;13:00:00;RJ;101;290;ITABORAI;Demais falhas mec�nicas ou el�tricas;Inc�ndio;Sem V�timas;Pleno dia;Crescente;C�u Claro;Dupla;Reta;Sim;1;0;0;0;0;1;0;1;-22,76360698;-42,86897225;SPRF-RJ;DEL02-RJ;UOP02-DEL02-RJ;;;
691890;17/05/2025;s�bado;02:30:00;PR;277;423,5;CANTAGALO;Condutor deixou de manter dist�ncia do ve�culo da frente;Colis�o traseira;Com V�timas Feridas;Plena Noite;Decrescente;C�u Claro;Simples;Reta;N�o;4;0;2;0;2;0;2;2;-25,383486;-52,146833;SPRF-PR;DEL04-PR;UOP02-DEL04-PR;;;
691891;17/05/2025;s�bado;15:10:00;PI;343;302,8;ALTOS;Manobra de mudan�a de faixa;Sa�da de leito carro��vel;Com V�timas Feridas;Pleno dia;Decrescente;C�u Claro;Simples;Reta;N�o;4;0;3;0;1;0;3;1;-5,02262;-42,42902;SPRF-PI;DEL01-PI;UOP03-DEL01-PI;;;
691894;17/05/2025;s�bado;16:51:00;ES;101;270,4;SERRA;Condutor desrespeitou a ilumina��o vermelha do sem�foro;Colis�o transversal;Com V�timas Feridas;Pleno dia;Decrescente;C�u Claro;M�ltipla;Reta;Sim;5;0;0;1;4;0;1;2;-20,0488623;-40,386691;SPRF-ES;DEL02-ES;UOP01-DEL02-ES;;;
691895;17/05/2025;s�bado;16:47:00;CE;116;44;HORIZONTE;Ultrapassagem Indevida;Colis�o lateral mesmo sentido;Com V�timas Feridas;Pleno dia;Crescente;C�u Claro;M�ltipla;Reta;Sim;2;0;0;1;0;1;1;2;-4,136268;-38,481153;SPRF-CE;DEL01-CE;UOP02-DEL01-CE;;;
691901;17/05/2025;s�bado;16:50:00;PE;428;186;PETROLINA;Rea��o tardia ou ineficiente do condutor;Colis�o com objeto;Sem V�timas;Plena Noite;Decrescente;C�u Claro;Dupla;Reta;Sim;1;0;0;0;0;1;0;1;-9,3605765;-40,4806731;SPRF-PE;DEL06-PE;UOP01-DEL06-PE;;;
691902;17/05/2025;s�bado;17:15:00;GO;40;2;VALPARAISO DE GOIAS;Aus�ncia de rea��o do condutor;Queda de ocupante de ve�culo;Com V�timas Feridas;Anoitecer;Crescente;C�u Claro;Dupla;Reta;Sim;1;0;1;0;0;0;1;1;-16,06541;-47,98373;SPRF-DF;DEL01-DF;UOP01-DEL01-DF;;;
691905;17/05/2025;s�bado;17:45:00;RS;116;516,9;PELOTAS;Aus�ncia de rea��o do condutor;Colis�o com objeto;Com V�timas Feridas;Anoitecer;Crescente;C�u Claro;Dupla;"Reta;Interse��o de Vias;Aclive";Sim;1;0;1;0;0;0;1;1;-31,67568518;-52,3417497;SPRF-RS;DEL07-RS;UOP01-DEL07-RS;;;
691906;17/05/2025;s�bado;07:40:00;PI;343;506;AMARANTE;Acessar a via sem observar a presen�a dos outros ve�culos;Colis�o transversal;Com V�timas Feridas;Pleno dia;Crescente;Sol;Simples;Reta;Sim;2;0;0;1;1;0;1;2;-6,26074607;-42,83983469;SPRF-PI;DEL03-PI;UOP01-DEL03-PI;;;
691908;17/05/2025;s�bado;16:50:00;RO;364;343;JI-PARANA;Ingest�o de �lcool pelo condutor;Tombamento;Com V�timas Feridas;Pleno dia;Crescente;C�u Claro;Dupla;Reta;Sim;1;0;0;1;0;0;1;1;-10,876443;-61,948472;SPRF-RO;DEL02-RO;UOP01-DEL02-RO;;;
691910;17/05/2025;s�bado;17:50:00;PR;277;256;IRATI;Acessar a via sem observar a presen�a dos outros ve�culos;Colis�o transversal;Com V�timas Feridas;Anoitecer;Decrescente;C�u Claro;Simples;Reta;N�o;4;0;2;0;2;0;2;2;-25,434;-50,719;SPRF-PR;DEL08-PR;UOP02-DEL08-PR;;;
691911;17/05/2025;s�bado;17:45:00;PR;277;599,4;CASCAVEL;Pedestre andava na pista;Atropelamento de Pedestre;Com V�timas Fatais;Anoitecer;Decrescente;Nublado;Dupla;Reta;N�o;5;1;0;0;3;1;0;2;-25,00922888;-53,53177037;SPRF-PR;DEL04-PR;UOP01-DEL04-PR;;;
691912;17/05/2025;s�bado;14:15:00;RJ;101;483;ANGRA DOS REIS;Condutor deixou de manter dist�ncia do ve�culo da frente;Colis�o traseira;Com V�timas Feridas;Pleno dia;Decrescente;C�u Claro;Simples;Reta;Sim;3;0;0;2;1;0;2;2;-23,00071589;-44,29829389;SPRF-RJ;DEL03-RJ;UOP03-DEL03-RJ;;;
691917;17/05/2025;s�bado;18:40:00;SP;116;185;SANTA ISABEL;Rea��o tardia ou ineficiente do condutor;Colis�o com objeto;Com V�timas Feridas;Plena Noite;Decrescente;C�u Claro;Dupla;Curva;N�o;2;0;1;0;1;0;1;1;-23,352011;-46,189843;SPRF-SP;DEL01-SP;UOP01-DEL01-SP;;;
691919;17/05/2025;s�bado;18:20:00;BA;116;826,5;VITORIA DA CONQUISTA;Ingest�o de �lcool pelo condutor;Colis�o lateral mesmo sentido;Sem V�timas;Plena Noite;Crescente;Chuva;M�ltipla;Reta;Sim;2;0;0;0;2;0;0;2;-14,88346635;-40,85807417;SPRF-BA;DEL08-BA;UOP01-DEL08-BA;;;
691920;17/05/2025;s�bado;19:00:00;SC;101;193,9;BIGUACU;Condutor deixou de manter dist�ncia do ve�culo da frente;Colis�o traseira;Com V�timas Feridas;Plena Noite;Crescente;Nublado;M�ltipla;Reta;Sim;2;0;0;1;1;0;1;2;-27,4895283;-48,65324914;SPRF-SC;DEL01-SC;UOP01-DEL01-SC;;;
691921;17/05/2025;s�bado;18:20:00;CE;222;55;SAO GONCALO DO AMARANTE;Animais na Pista;Atropelamento de Animal;Com V�timas Feridas;Plena Noite;Decrescente;C�u Claro;Simples;Reta;N�o;1;0;1;0;0;0;1;1;-3,66979;-39,045406;SPRF-CE;DEL01-CE;UOP03-DEL01-CE;;;
691924;17/05/2025;s�bado;18:25:00;ES;101;426,3;ATILIO VIVACQUA;Aus�ncia de rea��o do condutor;Colis�o com objeto;Com V�timas Feridas;Plena Noite;Crescente;C�u Claro;Dupla;Reta;N�o;1;0;0;1;0;0;1;1;-21,00998291;-41,14428163;SPRF-ES;DEL03-ES;UOP02-DEL03-ES;;;
691925;17/05/2025;s�bado;19:00:00;GO;414;302;VILA PROPICIO;Aus�ncia de rea��o do condutor;Sa�da de leito carro��vel;Com V�timas Feridas;Plena Noite;Crescente;C�u Claro;Simples;Declive;N�o;1;0;0;1;0;0;1;1;-15,23855242;-48,69201243;SPRF-GO;DEL02-GO;UOP01-DEL02-GO;;;
691926;17/05/2025;s�bado;19:00:00;SC;101;137,8;BALNEARIO CAMBORIU;Animais na Pista;Atropelamento de Animal;Com V�timas Feridas;Plena Noite;Crescente;Nublado;M�ltipla;Reta;Sim;2;0;1;1;0;0;2;1;-27,022577;-48,608378;SPRF-SC;DEL04-SC;UOP03-DEL04-SC;;;
691927;17/05/2025;s�bado;16:20:00;RJ;40;34;AREAL;Rea��o tardia ou ineficiente do condutor;Colis�o com objeto;Com V�timas Feridas;Pleno dia;Decrescente;C�u Claro;Dupla;Curva;N�o;1;0;1;0;0;0;1;1;-22,20644702;-43,14079698;SPRF-RJ;DEL05-RJ;UOP02-DEL05-RJ;;;
691928;17/05/2025;s�bado;19:30:00;RN;101;83;NATAL;Rea��o tardia ou ineficiente do condutor;Tombamento;Com V�timas Feridas;Plena Noite;Crescente;C�u Claro;Dupla;Reta;Sim;1;0;1;0;0;0;1;1;-5,77201888;-35,26372997;SPRF-RN;DEL02-RN;UOP01-DEL02-RN;;;
691929;17/05/2025;s�bado;19:30:00;SC;101;192,3;BIGUACU;Desrespeitar a prefer�ncia no cruzamento;Colis�o transversal;Com V�timas Feridas;Plena Noite;Crescente;C�u Claro;Simples;Viaduto;N�o;3;0;2;0;1;0;2;2;-27,48692;-48,649997;SPRF-SC;DEL01-SC;UOP01-DEL01-SC;;;
691930;17/05/2025;s�bado;18:53:00;PR;376;2,9;SAO JOSE DOS PINHAIS;Pedestre cruzava a pista fora da faixa;Atropelamento de Pedestre;Com V�timas Fatais;Plena Noite;Crescente;Nublado;Dupla;Reta;Sim;2;1;0;0;1;0;0;2;-25,544663;-49,190012;SPRF-PR;DEL01-PR;UOP04-DEL01-PR;;;
691931;17/05/2025;s�bado;19:00:00;RN;405;1;MOSSORO;Acessar a via sem observar a presen�a dos outros ve�culos;Colis�o transversal;Com V�timas Feridas;Plena Noite;Crescente;C�u Claro;Dupla;"Retorno Regulamentado;Reta";Sim;2;0;0;1;1;0;1;2;-5,19118;-37,358137;SPRF-RN;DEL04-RN;UOP02-DEL04-RN;;;
691932;17/05/2025;s�bado;19:21:00;CE;222;4,2;CAUCAIA;Entrada inopinada do pedestre;Atropelamento de Pedestre;Com V�timas Feridas;Plena Noite;Crescente;C�u Claro;M�ltipla;Reta;Sim;2;0;0;2;0;0;2;2;-3,741712;-38,606821;SPRF-CE;DEL01-CE;UOP01-DEL01-CE;;;
691933;17/05/2025;s�bado;18:30:00;RJ;116;188;NOVA IGUACU;Trafegar com motocicleta (ou similar) entre as faixas;Queda de ocupante de ve�culo;Com V�timas Feridas;Plena Noite;Decrescente;C�u Claro;Dupla;Reta;N�o;1;0;1;0;0;0;1;1;-22,73824395;-43,48275868;SPRF-RJ;DEL06-RJ;UOP01-DEL06-RJ;;;
691934;17/05/2025;s�bado;18:40:00;PR;376;34,2;NOVA LONDRINA;Ingest�o de �lcool pelo condutor;Colis�o traseira;Com V�timas Feridas;Plena Noite;Crescente;Nublado;Simples;"Reta;Aclive";N�o;3;0;2;0;1;0;2;2;-22,79145;-52,99235;SPRF-PR;DEL09-PR;UOP02-DEL09-PR;;;
691935;17/05/2025;s�bado;19:00:00;PR;277;122;CAMPO LARGO;Rea��o tardia ou ineficiente do condutor;Colis�o traseira;Com V�timas Feridas;Plena Noite;Decrescente;C�u Claro;Dupla;Reta;Sim;2;0;0;1;1;0;1;2;-25,4441;-49,5037;SPRF-PR;DEL03-PR;UOP03-DEL03-PR;;;
691936;17/05/2025;s�bado;19:37:00;RN;101;79;SAO GONCALO DO AMARANTE;Aus�ncia de rea��o do condutor;Colis�o traseira;Sem V�timas;Plena Noite;Decrescente;C�u Claro;Simples;Reta;N�o;2;0;0;0;1;1;0;2;-5,7548281;-35,2888149;SPRF-RN;DEL02-RN;UOP01-DEL02-RN;;;
691937;17/05/2025;s�bado;14:00:00;GO;70;116;PIRENOPOLIS;Ingest�o de �lcool pelo condutor;Capotamento;Com V�timas Feridas;Pleno dia;Decrescente;C�u Claro;Simples;"Reta;Aclive";N�o;2;0;2;0;0;0;2;1;-15,82925095;-49,16519165;SPRF-GO;DEL02-GO;UOP02-DEL02-GO;;;
691938;17/05/2025;s�bado;19:50:00;RS;116;252;SAPUCAIA DO SUL;Ingest�o de �lcool pelo condutor;Sa�da de leito carro��vel;Com V�timas Feridas;Plena Noite;Decrescente;C�u Claro;M�ltipla;"Reta;Declive;Viaduto";Sim;2;0;1;0;1;0;1;1;-29,813696;-51,168695;SPRF-RS;DEL01-RS;UOP02-DEL01-RS;;;
691940;17/05/2025;s�bado;18:55:00;MG;381;508;SAO JOAQUIM DE BICAS;Desrespeitar a prefer�ncia no cruzamento;Colis�o frontal;Com V�timas Feridas;Plena Noite;Crescente;C�u Claro;Simples;Interse��o de Vias;Sim;3;0;1;0;2;0;1;2;-20,045011;-44,273353;SPRF-MG;DEL01-MG;UOP03-DEL01-MG;;;
691941;17/05/2025;s�bado;18:30:00;RS;153;49,9;ERECHIM;Acessar a via sem observar a presen�a dos outros ve�culos;Colis�o lateral mesmo sentido;Sem V�timas;Plena Noite;Decrescente;Nublado;Simples;"Interse��o de Vias;Reta";N�o;3;0;0;0;3;0;0;2;-27,65553648;-52,2692663;SPRF-RS;DEL08-RS;UOP04-DEL08-RS;;;
691943;17/05/2025;s�bado;20:30:00;ES;101;25;CONCEICAO DA BARRA;Aus�ncia de rea��o do condutor;Colis�o traseira;Com V�timas Feridas;Plena Noite;Crescente;Chuva;Simples;Reta;N�o;3;0;2;0;0;1;2;2;-18,376312;-39,94730696;SPRF-ES;DEL04-ES;UOP02-DEL04-ES;;;
691944;17/05/2025;s�bado;18:00:00;SC;282;573,5;PINHALZINHO;Transitar na contram�o;Colis�o frontal;Com V�timas Fatais;Anoitecer;Crescente;C�u Claro;Simples;Reta;N�o;5;1;0;4;0;0;4;2;-26,879374;-52,948854;SPRF-SC;DEL07-SC;UOP02-DEL07-SC;;;
691945;17/05/2025;s�bado;17:30:00;RJ;101;516;ANGRA DOS REIS;Rea��o tardia ou ineficiente do condutor;Sa�da de leito carro��vel;Com V�timas Feridas;Anoitecer;Crescente;C�u Claro;Simples;Curva;N�o;1;0;0;1;0;0;1;1;-22,9967;-44,4464;SPRF-RJ;DEL03-RJ;UOP03-DEL03-RJ;;;
691946;17/05/2025;s�bado;19:25:00;PR;277;624;CEU AZUL;Ultrapassagem Indevida;Colis�o frontal;Sem V�timas;Plena Noite;Decrescente;C�u Claro;Simples;Reta;N�o;5;0;0;0;5;0;0;2;-25,09920172;-53,7359333;SPRF-PR;DEL05-PR;UOP02-DEL05-PR;;;
691949;17/05/2025;s�bado;19:50:00;PB;101;124;CAAPORA;Ingest�o de subst�ncias psicoativas pelo condutor;Sa�da de leito carro��vel;Com V�timas Feridas;Plena Noite;Decrescente;C�u Claro;Dupla;Reta;N�o;1;0;1;0;0;0;1;1;-7,46630476;-34,97806549;SPRF-PB;DEL01-PB;UOP01-DEL01-PB;;;
691951;17/05/2025;s�bado;20:30:00;PB;230;13;CABEDELO;Aus�ncia de rea��o do condutor;Tombamento;Com V�timas Feridas;Plena Noite;Decrescente;C�u Claro;Dupla;"Reta;Em Obras";Sim;1;0;0;1;0;0;1;1;-7,08278354;-34,84884303;SPRF-PB;DEL01-PB;UOP01-DEL01-PB;;;
691954;17/05/2025;s�bado;20:35:00;SC;282;519;XAXIM;Ingest�o de �lcool pelo condutor;Queda de ocupante de ve�culo;Com V�timas Feridas;Plena Noite;Crescente;C�u Claro;Dupla;"Reta;Aclive";N�o;1;0;1;0;0;0;1;1;-26,94950401;-52,52140253;SPRF-SC;DEL07-SC;UOP01-DEL07-SC;;;
691955;17/05/2025;s�bado;19:58:00;CE;222;4,8;CAUCAIA;Aus�ncia de rea��o do condutor;Colis�o lateral mesmo sentido;Com V�timas Feridas;Plena Noite;Crescente;C�u Claro;Dupla;Aclive;Sim;3;0;1;0;2;0;1;2;-3,74248777;-38,61106966;SPRF-CE;DEL01-CE;UOP01-DEL01-CE;;;
691956;17/05/2025;s�bado;17:50:00;RO;364;488,2;ARIQUEMES;Demais falhas mec�nicas ou el�tricas;Queda de ocupante de ve�culo;Com V�timas Feridas;Anoitecer;Decrescente;C�u Claro;Simples;Reta;N�o;2;0;2;0;0;0;2;1;-10,108938;-62,931791;SPRF-RO;DEL03-RO;UOP01-DEL03-RO;;;
691957;17/05/2025;s�bado;19:50:00;SC;163;71,5;SAO MIGUEL DO OESTE;Desrespeitar a prefer�ncia no cruzamento;Colis�o transversal;Com V�timas Feridas;Plena Noite;Decrescente;C�u Claro;Dupla;"Retorno Regulamentado;Interse��o de Vias;Reta";Sim;4;0;2;1;0;1;3;3;-26,7243946;-53,5136231;SPRF-SC;DEL07-SC;UOP03-DEL07-SC;;;
691958;17/05/2025;s�bado;21:20:00;SC;280;57,5;GUARAMIRIM;Acessar a via sem observar a presen�a dos outros ve�culos;Colis�o traseira;Com V�timas Feridas;Plena Noite;Crescente;C�u Claro;Simples;Reta;Sim;2;0;1;0;1;0;1;2;-26,475757;-49,016615;SPRF-SC;DEL03-SC;UOP03-DEL03-SC;;;
691960;17/05/2025;s�bado;20:10:00;PI;343;344,3;TERESINA;Transitar na contram�o;Colis�o frontal;Sem V�timas;Plena Noite;Decrescente;C�u Claro;Simples;Reta;Sim;2;0;0;0;1;1;0;2;-5,098565;-42,764587;SPRF-PI;DEL01-PI;UOP01-DEL01-PI;;;
691961;17/05/2025;s�bado;21:10:00;RN;304;24;MOSSORO;Aus�ncia de rea��o do condutor;Sa�da de leito carro��vel;Com V�timas Feridas;Plena Noite;Crescente;C�u Claro;Dupla;Rotat�ria;N�o;2;0;1;1;0;0;2;1;-5,06673;-37,330935;SPRF-RN;DEL04-RN;UOP02-DEL04-RN;;;
691962;17/05/2025;s�bado;09:00:00;PR;116;29;CAMPINA GRANDE DO SUL;Aus�ncia de rea��o do condutor;Queda de ocupante de ve�culo;Com V�timas Feridas;Pleno dia;Decrescente;C�u Claro;Dupla;Curva;N�o;1;0;1;0;0;0;1;1;-25,15398634;-48,86100769;SPRF-PR;DEL01-PR;UOP02-DEL01-PR;;;
691963;17/05/2025;s�bado;19:50:00;RS;290;482,8;ROSARIO DO SUL;Velocidade Incompat�vel;Sa�da de leito carro��vel;Sem V�timas;Plena Noite;Decrescente;C�u Claro;Simples;Reta;Sim;1;0;0;0;0;1;0;1;-30,24173621;-54,94575977;SPRF-RS;DEL11-RS;UOP02-DEL11-RS;;;
691964;17/05/2025;s�bado;21:00:00;GO;40;11,1;LUZIANIA;Entrada inopinada do pedestre;Atropelamento de Animal;Com V�timas Fatais;Plena Noite;Crescente;C�u Claro;Dupla;Reta;Sim;2;1;0;0;1;0;0;2;-16,141428;-47,948422;SPRF-DF;DEL01-DF;UOP01-DEL01-DF;;;
691967;17/05/2025;s�bado;16:40:00;MT;163;835;SINOP;Condutor usando celular;Colis�o traseira;Sem V�timas;Pleno dia;Crescente;C�u Claro;Simples;Viaduto;Sim;2;0;0;0;1;1;0;2;-11,85861517;-55,49468994;SPRF-MT;DEL06-MT;UOP02-DEL06-MT;;;
691968;17/05/2025;s�bado;22:00:00;ES;101;265,4;SERRA;Entrada inopinada do pedestre;Atropelamento de Pedestre;Com V�timas Feridas;Plena Noite;Decrescente;Nublado;M�ltipla;"Declive;Reta";Sim;4;0;1;0;1;2;1;2;-20,20495438;-40,26906983;SPRF-ES;DEL02-ES;UOP01-DEL02-ES;;;
691971;17/05/2025;s�bado;22:50:00;GO;40;11,5;LUZIANIA;Trafegar com motocicleta (ou similar) entre as faixas;Colis�o lateral mesmo sentido;Com V�timas Feridas;Plena Noite;Crescente;C�u Claro;M�ltipla;Reta;Sim;3;0;1;0;2;0;1;3;-16,14249;-47,94754;SPRF-DF;DEL01-DF;UOP01-DEL01-DF;;;
691973;17/05/2025;s�bado;20:17:00;AL;101;151,9;JEQUIA DA PRAIA;Demais falhas mec�nicas ou el�tricas;Inc�ndio;Sem V�timas;Plena Noite;Decrescente;Chuva;Dupla;Reta;N�o;1;0;0;0;1;0;0;1;-9,890495;-36,155998;SPRF-AL;DEL02-AL;UOP02-DEL02-AL;;;
691976;17/05/2025;s�bado;19:20:00;PB;101;49,5;CAPIM;Condutor Dormindo;Colis�o traseira;Com V�timas Feridas;Plena Noite;Crescente;Nublado;Dupla;Reta;N�o;5;0;3;0;2;0;3;2;-6,9186635;-35,1105925;SPRF-PB;DEL01-PB;UOP03-DEL01-PB;;;
691977;17/05/2025;s�bado;22:50:00;RS;116;259,5;CANOAS;Condutor deixou de manter dist�ncia do ve�culo da frente;Colis�o traseira;Com V�timas Feridas;Plena Noite;Decrescente;C�u Claro;Dupla;"Curva;Viaduto;Em Obras";N�o;6;0;1;0;5;0;1;3;-29,871627;-51,179543;SPRF-RS;DEL01-RS;UOP01-DEL01-RS;;;
691979;17/05/2025;s�bado;21:41:00;AM;230;615;HUMAITA;Ingest�o de �lcool pelo condutor;Colis�o traseira;Com V�timas Feridas;Plena Noite;Crescente;C�u Claro;Simples;Reta;Sim;2;0;1;0;1;0;1;2;-7,53038755;-63,04912877;SPRF-AM;DEL02-AM;UOP01-DEL02-AM;;;
691980;17/05/2025;s�bado;23:40:00;SP;116;201;ARUJA;Ingest�o de �lcool pelo condutor;Tombamento;Com V�timas Feridas;Plena Noite;Crescente;C�u Claro;Dupla;Reta;Sim;1;0;0;1;0;0;1;1;-23,403635;-46,331636;SPRF-SP;DEL01-SP;UOP01-DEL01-SP;;;
691981;17/05/2025;s�bado;20:30:00;BA;101;615;MASCOTE;Chuva;Atropelamento de Pedestre;Com V�timas Feridas;Plena Noite;Crescente;Chuva;Simples;Reta;Sim;2;0;0;1;1;0;1;2;-15,61293708;-39,43261824;SPRF-BA;DEL05-BA;UOP02-DEL05-BA;;;