id;data_inversa;dia_semana;horario;uf;br;km;municipio;causa_acidente;tipo_acidente;classificacao_acidente;fase_dia;sentido_via;condicao_metereologica;tipo_pista;tracado_via;uso_solo;pessoas;mortos;feridos_leves;feridos_graves;ilesos;ignorados;feridos;veiculos;latitude;longitude;regional;delegacia;uop;;;
691984;17/05/2025;s�bado;22:00:00;MA;316;254;PINDARE-MIRIM;Transitar na contram�o;Colis�o frontal;Com V�timas Feridas;Plena Noite;Decrescente;Nublado;Simples;"Interse��o de Vias;Reta;Declive";Sim;2;0;0;1;0;1;1;2;-3,6561;-45,4432;SPRF-MA;DEL02-MA;UOP01-DEL02-MA;;;
691986;18/05/2025;domingo;00:30:00;SP;101;40;UBATUBA;Ultrapassagem Indevida;Colis�o lateral sentido oposto;Com V�timas Fatais;Plena Noite;Decrescente;C�u Claro;Simples;Reta;N�o;3;2;1;0;0;0;1;2;-23,41715639;-45,03774974;SPRF-SP;DEL06-SP;UOP01-DEL06-SP;;;
691987;18/05/2025;domingo;00:20:00;SC;101;207,7;SAO JOSE;Condutor deixou de manter dist�ncia do ve�culo da frente;Capotamento;Com V�timas Feridas;Plena Noite;Crescente;Nublado;M�ltipla;Reta;Sim;2;0;2;0;0;0;2;1;-27,60323689;-48,63166809;SPRF-SC;DEL01-SC;UOP01-DEL01-SC;;;
691988;17/05/2025;s�bado;18:00:00;MT;163;836;SINOP;Rea��o tardia ou ineficiente do condutor;Colis�o com objeto;Com V�timas Feridas;Plena Noite;Decrescente;C�u Claro;Dupla;Reta;Sim;1;0;1;0;0;0;1;1;-11,85277252;-55,49304199;SPRF-MT;DEL06-MT;UOP02-DEL06-MT;;;
691989;17/05/2025;s�bado;21:10:00;SP;381;81;SAO PAULO;Rea��o tardia ou ineficiente do condutor;Queda de ocupante de ve�culo;Com V�timas Feridas;Plena Noite;Crescente;C�u Claro;Dupla;Reta;N�o;1;0;1;0;0;0;1;1;-23,43228193;-46,56939733;SPRF-SP;DEL03-SP;UOP01-DEL03-SP;;;
691990;18/05/2025;domingo;01:27:00;GO;153;505;GOIANIA;Aus�ncia de rea��o do condutor;Colis�o com objeto;Sem V�timas;Plena Noite;Crescente;C�u Claro;Dupla;Reta;Sim;1;0;0;0;0;1;0;1;-16,75667471;-49,24057245;SPRF-GO;DEL01-GO;UOP01-DEL01-GO;;;
691991;18/05/2025;domingo;00:51:00;SP;116;182;SANTA ISABEL;Acessar a via sem observar a presen�a dos outros ve�culos;Colis�o traseira;Com V�timas Feridas;Plena Noite;Decrescente;C�u Claro;M�ltipla;Reta;Sim;2;0;1;0;1;0;1;2;-23,34651821;-46,16499988;SPRF-SP;DEL01-SP;UOP01-DEL01-SP;;;
691992;17/05/2025;s�bado;23:47:00;MT;70;499;CUIABA;Rea��o tardia ou ineficiente do condutor;Queda de ocupante de ve�culo;Com V�timas Feridas;Plena Noite;Crescente;C�u Claro;Simples;"Reta;Em Obras";N�o;1;0;1;0;0;0;1;1;-15,67014946;-56,01024753;SPRF-MT;DEL01-MT;UOP02-DEL01-MT;;;
691993;18/05/2025;domingo;01:05:00;PR;116;131;FAZENDA RIO GRANDE;Aus�ncia de rea��o do condutor;Colis�o traseira;Com V�timas Feridas;Plena Noite;Crescente;Nevoeiro/Neblina;Dupla;Reta;Sim;3;0;1;0;1;1;1;2;-25,68870312;-49,31654871;SPRF-PR;DEL01-PR;UOP03-DEL01-PR;;;
691995;17/05/2025;s�bado;21:00:00;PR;158;382,5;MARQUINHO;Demais falhas mec�nicas ou el�tricas;Sa�da de leito carro��vel;Com V�timas Fatais;Plena Noite;Crescente;C�u Claro;Simples;"Curva;Declive";N�o;2;2;0;0;0;0;0;1;-25,209853;-52,277042;SPRF-PR;DEL04-PR;UOP02-DEL04-PR;;;
691996;18/05/2025;domingo;01:30:00;SP;116;175;GUARAREMA;Demais falhas mec�nicas ou el�tricas;Tombamento;Com V�timas Feridas;Plena Noite;Crescente;Nevoeiro/Neblina;Dupla;"Reta;Aclive";Sim;2;0;1;0;1;0;1;1;-23,32166;-46,1007402;SPRF-SP;DEL02-SP;UOP01-DEL02-SP;;;
691997;18/05/2025;domingo;00:30:00;RJ;116;317;ITATIAIA;Manobra de mudan�a de faixa;Colis�o traseira;Com V�timas Feridas;Plena Noite;Crescente;Ignorado;Dupla;Reta;N�o;3;0;2;0;1;0;2;2;-22,47134432;-44,51953975;SPRF-RJ;DEL07-RJ;UOP02-DEL07-RJ;;;
691998;18/05/2025;domingo;02:40:00;PE;101;68;RECIFE;Aus�ncia de rea��o do condutor;Sa�da de leito carro��vel;Sem V�timas;Plena Noite;Crescente;Chuva;Dupla;Reta;N�o;1;0;0;0;1;0;0;1;-8,059652;-34,946048;SPRF-PE;DEL01-PE;UOP01-DEL01-PE;;;
691999;18/05/2025;domingo;01:47:00;PI;316;5,2;TERESINA;Rea��o tardia ou ineficiente do condutor;Colis�o traseira;Com V�timas Feridas;Pleno dia;Crescente;C�u Claro;M�ltipla;Reta;Sim;2;0;1;0;1;0;1;2;-5,14221712;-42,78109342;SPRF-PI;DEL01-PI;UOP02-DEL01-PI;;;
692000;18/05/2025;domingo;02:00:00;SC;101;448;SANTA ROSA DO SUL;Rea��o tardia ou ineficiente do condutor;Sa�da de leito carro��vel;Sem V�timas;Plena Noite;Decrescente;C�u Claro;M�ltipla;Curva;Sim;1;0;0;0;1;0;0;1;-29,16509929;-49,74267896;SPRF-SC;DEL02-SC;UOP02-DEL02-SC;;;
692001;18/05/2025;domingo;01:00:00;PB;104;108,4;SAO SEBASTIAO DE LAGOA DE  ROCA;Ingest�o de �lcool pelo condutor;Colis�o frontal;Com V�timas Fatais;Plena Noite;Decrescente;Nublado;Simples;"Aclive;Curva";N�o;2;1;0;0;0;1;0;2;-7,11381762;-35,86667001;SPRF-PB;DEL02-PB;UOP04-DEL02-PB;;;
692002;18/05/2025;domingo;02:30:00;SP;153;73,8;SAO JOSE DO RIO PRETO;Ingest�o de �lcool pelo condutor;Colis�o traseira;Sem V�timas;Plena Noite;Crescente;C�u Claro;Dupla;Reta;Sim;2;0;0;0;2;0;0;2;-20,88486676;-49,42647354;SPRF-SP;DEL09-SP;UOP01-DEL09-SP;;;
692003;18/05/2025;domingo;03:25:00;RS;290;92;PORTO ALEGRE;Ingest�o de �lcool pelo condutor;Capotamento;Com V�timas Feridas;Plena Noite;Crescente;C�u Claro;Dupla;Interse��o de Vias;N�o;2;0;0;1;0;1;1;2;-29,96926959;-51,1740185;SPRF-RS;DEL01-RS;UOP01-DEL01-RS;;;
692004;18/05/2025;domingo;03:13:00;SC;101;195,2;BIGUACU;Aus�ncia de rea��o do condutor;Tombamento;Com V�timas Feridas;Plena Noite;Crescente;Nevoeiro/Neblina;Dupla;Reta;Sim;2;0;2;0;0;0;2;1;-27,506245;-48,647936;SPRF-SC;DEL01-SC;UOP01-DEL01-SC;;;
692007;18/05/2025;domingo;03:00:00;RS;116;262;CANOAS;Ingest�o de �lcool pelo condutor;Colis�o com objeto;Com V�timas Feridas;Plena Noite;Decrescente;Nublado;Dupla;"Reta;Viaduto";Sim;1;0;0;1;0;0;1;1;-29,901623;-51,176467;SPRF-RS;DEL01-RS;UOP01-DEL01-RS;;;
692008;18/05/2025;domingo;03:30:00;MG;116;530;CARATINGA;Ingest�o de �lcool pelo condutor;Sa�da de leito carro��vel;Sem V�timas;Plena Noite;Crescente;C�u Claro;Simples;Reta;Sim;1;0;0;0;0;1;0;1;-19,7640575;-42,1320379;SPRF-MG;DEL06-MG;UOP02-DEL06-MG;;;
692010;18/05/2025;domingo;02:00:00;RO;364;222,7;PIMENTA BUENO;Animais na Pista;Sa�da de leito carro��vel;Com V�timas Feridas;Plena Noite;Crescente;C�u Claro;Simples;Reta;N�o;3;0;3;0;0;0;3;1;-11,521032;-61,345428;SPRF-RO;DEL02-RO;UOP02-DEL02-RO;;;
692012;18/05/2025;domingo;04:15:00;PR;369;178,4;ROLANDIA;Ingest�o de �lcool pelo condutor;Colis�o com objeto;Com V�timas Feridas;Plena Noite;Decrescente;C�u Claro;Simples;"T�nel;Curva";N�o;1;0;1;0;0;0;1;1;-23,3500215;-51,3854118;SPRF-PR;DEL07-PR;UOP01-DEL07-PR;;;
692014;17/05/2025;s�bado;19:54:00;RO;364;311;PRESIDENTE MEDICI;Ilumina��o deficiente;Atropelamento de Pedestre;Com V�timas Feridas;Plena Noite;Crescente;C�u Claro;Simples;Reta;N�o;2;0;1;1;0;0;2;2;-11,148163;-61,901517;SPRF-RO;DEL02-RO;UOP01-DEL02-RO;;;
692015;18/05/2025;domingo;05:50:00;PR;376;164,8;MARINGA;Condutor Dormindo;Sa�da de leito carro��vel;Com V�timas Feridas;Plena Noite;Crescente;C�u Claro;Dupla;Reta;N�o;1;0;1;0;0;0;1;1;-23,38185632;-52,03449011;SPRF-PR;DEL09-PR;UOP02-DEL09-PR;;;
692016;17/05/2025;s�bado;19:40:00;RJ;101;385;RIO DE JANEIRO;Condutor deixou de manter dist�ncia do ve�culo da frente;Colis�o traseira;Com V�timas Feridas;Pleno dia;Decrescente;C�u Claro;M�ltipla;Reta;Sim;3;0;0;1;1;1;1;2;-22,88258051;-43,63778114;SPRF-RJ;DEL03-RJ;UOP01-DEL03-RJ;;;
692017;18/05/2025;domingo;05:00:00;CE;230;80,4;VARZEA ALEGRE;Ingest�o de �lcool pelo condutor;Colis�o com objeto;Com V�timas Fatais;Amanhecer;Decrescente;C�u Claro;Dupla;Reta;Sim;2;1;0;1;0;0;1;1;-6,793462;-39,305713;SPRF-CE;DEL05-CE;UOP01-DEL05-CE;;;
692018;18/05/2025;domingo;03:10:00;PB;104;46,7;BARRA DE SANTA ROSA;Transitar na contram�o;Colis�o frontal;Sem V�timas;Plena Noite;Crescente;C�u Claro;Simples;Reta;Sim;2;0;0;0;2;0;0;2;-6,737177;-36,044104;SPRF-PB;DEL02-PB;UOP04-DEL02-PB;;;
692020;18/05/2025;domingo;06:20:00;GO;60;168;GOIANIA;Aus�ncia de rea��o do condutor;Sa�da de leito carro��vel;Sem V�timas;Amanhecer;Crescente;C�u Claro;Dupla;"Declive;Reta";Sim;1;0;0;0;0;1;0;1;-16,7321183;-49,3957481;SPRF-GO;DEL01-GO;UOP02-DEL01-GO;;;
692021;18/05/2025;domingo;05:55:00;RN;101;97;NATAL;Rea��o tardia ou ineficiente do condutor;Queda de ocupante de ve�culo;Sem V�timas;Amanhecer;Crescente;C�u Claro;Dupla;Reta;Sim;1;0;0;0;1;0;0;1;-5,85995501;-35,21416336;SPRF-RN;DEL01-RN;UOP01-DEL01-RN;;;
692023;18/05/2025;domingo;06:08:00;SC;101;247,5;PAULO LOPES;Condutor Dormindo;Colis�o traseira;Com V�timas Feridas;Plena Noite;Decrescente;C�u Claro;Dupla;Reta;N�o;2;0;1;1;0;0;2;2;-27,923;-48,656;SPRF-SC;DEL02-SC;UOP03-DEL02-SC;;;
692024;17/05/2025;s�bado;23:40:00;MA;222;503,4;BURITICUPU;Aus�ncia de rea��o do condutor;Eventos at�picos;Com V�timas Fatais;Plena Noite;Crescente;C�u Claro;Simples;Reta;N�o;2;1;1;0;0;0;1;2;-4,314127;-46,27427;SPRF-MA;DEL02-MA;UOP01-DEL02-MA;;;
692025;18/05/2025;domingo;07:20:00;SC;101;217,4;PALHOCA;Ingest�o de �lcool pelo condutor;Sa�da de leito carro��vel;Com V�timas Feridas;Pleno dia;Decrescente;Sol;Dupla;Reta;Sim;4;0;1;0;3;0;1;1;-27,67143384;-48,67277839;SPRF-SC;DEL01-SC;UOP02-DEL01-SC;;;
692026;18/05/2025;domingo;04:40:00;MT;70;534,7;VARZEA GRANDE;Aus�ncia de rea��o do condutor;Colis�o traseira;Com V�timas Feridas;Amanhecer;Decrescente;C�u Claro;Simples;Reta;N�o;3;0;2;0;0;1;2;2;-15,67256806;-56,24792576;SPRF-MT;DEL01-MT;UOP02-DEL01-MT;;;
692027;17/05/2025;s�bado;20:00:00;BA;330;820;IPIAU;Ingest�o de �lcool pelo condutor;Colis�o com objeto;Sem V�timas;Plena Noite;Crescente;Garoa/Chuvisco;Simples;Curva;N�o;2;0;0;0;2;0;0;2;-14,07311798;-39,78808735;SPRF-BA;DEL03-BA;UOP01-DEL03-BA;;;
692029;18/05/2025;domingo;04:30:00;GO;364;7,9;SAO SIMAO;Aus�ncia de rea��o do condutor;Sa�da de leito carro��vel;Com V�timas Feridas;Plena Noite;Decrescente;C�u Claro;Simples;Reta;Sim;1;0;0;1;0;0;1;1;-19,00085504;-50,55942535;SPRF-GO;DEL05-GO;UOP02-DEL05-GO;;;
692030;18/05/2025;domingo;07:15:00;ES;101;144;LINHARES;Condutor deixou de manter dist�ncia do ve�culo da frente;Colis�o traseira;Com V�timas Feridas;Pleno dia;Decrescente;C�u Claro;M�ltipla;"Retorno Regulamentado;Reta";Sim;3;0;2;0;0;1;2;2;-19,35293532;-40,06365435;SPRF-ES;DEL04-ES;UOP01-DEL04-ES;;;
692031;18/05/2025;domingo;06:50:00;PR;376;308;MAUA DA SERRA;Manobra de mudan�a de faixa;Colis�o lateral mesmo sentido;Com V�timas Feridas;Amanhecer;Decrescente;C�u Claro;Dupla;Curva;N�o;5;0;2;0;2;1;2;3;-23,94971;-51,115498;SPRF-PR;DEL07-PR;UOP02-DEL07-PR;;;
692032;17/05/2025;s�bado;23:00:00;RJ;493;19;MAGE;Aus�ncia de rea��o do condutor;Queda de ocupante de ve�culo;Com V�timas Feridas;Plena Noite;Decrescente;C�u Claro;Simples;Reta;N�o;1;0;1;0;0;0;1;1;-22,6587353;-43,0886634;SPRF-RJ;DEL04-RJ;UOP02-DEL04-RJ;;;
692033;18/05/2025;domingo;07:45:00;PB;101;121;CAAPORA;Rea��o tardia ou ineficiente do condutor;Queda de ocupante de ve�culo;Com V�timas Feridas;Pleno dia;Decrescente;C�u Claro;Dupla;Declive;N�o;1;0;1;0;0;0;1;1;-7,444002;-34,978292;SPRF-PB;DEL01-PB;UOP01-DEL01-PB;;;
692034;18/05/2025;domingo;06:00:00;MA;316;264,3;SANTA INES;Condutor Dormindo;Sa�da de leito carro��vel;Sem V�timas;Amanhecer;Crescente;Nublado;Simples;Interse��o de Vias;Sim;1;0;0;0;0;1;0;1;-3,673615;-45,3603;SPRF-MA;DEL02-MA;UOP01-DEL02-MA;;;
692036;18/05/2025;domingo;07:45:00;PE;101;82;JABOATAO DOS GUARARAPES;Rea��o tardia ou ineficiente do condutor;Colis�o lateral mesmo sentido;Sem V�timas;Pleno dia;Crescente;Chuva;M�ltipla;"Curva;Interse��o de Vias";N�o;2;0;0;0;2;0;0;2;-8,17085;-34,939107;SPRF-PE;DEL01-PE;UOP01-DEL01-PE;;;
692037;18/05/2025;domingo;07:40:00;MA;135;7;SAO LUIS;Acessar a via sem observar a presen�a dos outros ve�culos;Colis�o transversal;Com V�timas Feridas;Pleno dia;Decrescente;C�u Claro;Dupla;"Interse��o de Vias;Reta";N�o;2;0;1;0;1;0;1;2;-2,64019457;-44,27111059;SPRF-MA;DEL01-MA;UOP01-DEL01-MA;;;
692038;17/05/2025;s�bado;18:15:00;SP;116;148;SAO JOSE DOS CAMPOS;Rea��o tardia ou ineficiente do condutor;Tombamento;Com V�timas Feridas;Plena Noite;Decrescente;C�u Claro;Dupla;Reta;Sim;2;0;1;0;1;0;1;1;-23,20320544;-45,88164076;SPRF-SP;DEL02-SP;UOP01-DEL02-SP;;;
692039;18/05/2025;domingo;07:33:00;MG;365;606;UBERLANDIA;Demais falhas mec�nicas ou el�tricas;Sa�da de leito carro��vel;Sem V�timas;Pleno dia;Crescente;C�u Claro;Simples;Reta;N�o;1;0;0;0;0;1;0;1;-18,8975;-48,15573;SPRF-MG;DEL15-MG;UOP01-DEL15-MG;;;
692040;18/05/2025;domingo;07:00:00;PE;232;182;BELO JARDIM;Manobra de mudan�a de faixa;Queda de ocupante de ve�culo;Com V�timas Feridas;Pleno dia;Crescente;C�u Claro;Simples;Reta;N�o;2;0;1;1;0;0;2;1;-8,350145;-36,45713;SPRF-PE;DEL03-PE;UOP02-DEL03-PE;;;
692041;18/05/2025;domingo;07:40:00;MG;40;478,3;SETE LAGOAS;Rea��o tardia ou ineficiente do condutor;Sa�da de leito carro��vel;Com V�timas Feridas;Pleno dia;Decrescente;C�u Claro;Dupla;Reta;Sim;4;0;2;0;2;0;2;1;-19,528643;-44,259099;SPRF-MG;DEL02-MG;UOP01-DEL02-MG;;;
692042;17/05/2025;s�bado;18:00:00;BA;324;373;SAO JOSE DO JACUIPE;Chuva;Tombamento;Com V�timas Feridas;Plena Noite;Decrescente;Chuva;Simples;Reta;N�o;2;0;1;0;1;0;1;1;-11,444661;-39,832756;SPRF-BA;DEL04-BA;UOP02-DEL04-BA;;;
692044;18/05/2025;domingo;08:50:00;SC;470;54,4;BLUMENAU;Condutor deixou de manter dist�ncia do ve�culo da frente;Colis�o traseira;Com V�timas Feridas;Pleno dia;Crescente;C�u Claro;Simples;"Interse��o de Vias;Reta";Sim;2;0;0;1;1;0;1;2;-26,87342549;-49,11456227;SPRF-SC;DEL04-SC;UOP01-DEL04-SC;;;
692045;18/05/2025;domingo;09:00:00;SC;280;4;SAO FRANCISCO DO SUL;Acessar a via sem observar a presen�a dos outros ve�culos;Colis�o transversal;Com V�timas Feridas;Pleno dia;Crescente;C�u Claro;Simples;Retorno Regulamentado;N�o;2;0;0;1;1;0;1;2;-26,25790372;-48,62328736;SPRF-SC;DEL03-SC;UOP03-DEL03-SC;;;
692046;18/05/2025;domingo;09:00:00;SP;381;83;SAO PAULO;Animais na Pista;Colis�o traseira;Sem V�timas;Pleno dia;Crescente;Sol;M�ltipla;Reta;Sim;2;0;0;0;2;0;0;2;-23,43694102;-46,56819566;SPRF-SP;DEL03-SP;UOP01-DEL03-SP;;;
692049;18/05/2025;domingo;08:45:00;RJ;40;59;PETROPOLIS;Ingest�o de �lcool pelo condutor;Sa�da de leito carro��vel;Com V�timas Feridas;Pleno dia;Crescente;C�u Claro;Dupla;Curva;N�o;4;0;2;2;0;0;4;1;-22,3879968;-43,1345853;SPRF-RJ;DEL05-RJ;UOP02-DEL05-RJ;;;
692050;18/05/2025;domingo;08:45:00;MG;381;332;NOVA ERA;Rea��o tardia ou ineficiente do condutor;Colis�o com objeto;Com V�timas Feridas;Pleno dia;Decrescente;C�u Claro;Simples;"Curva;Aclive";N�o;1;0;1;0;0;0;1;1;-19,7830904;-43,0444275;SPRF-MG;DEL03-MG;UOP01-DEL03-MG;;;
692052;18/05/2025;domingo;09:35:00;SC;282;49;AGUAS MORNAS;Condutor deixou de manter dist�ncia do ve�culo da frente;Sa�da de leito carro��vel;Com V�timas Feridas;Pleno dia;Crescente;C�u Claro;Simples;Curva;N�o;2;0;1;1;0;0;2;1;-27,71253;-48,943768;SPRF-SC;DEL01-SC;UOP03-DEL01-SC;;;
692055;18/05/2025;domingo;08:20:00;PR;376;672;CURITIBA;Velocidade Incompat�vel;Colis�o traseira;Com V�timas Feridas;Pleno dia;Decrescente;Sol;Dupla;Reta;N�o;2;0;1;0;1;0;1;2;-25,4509056;-49,2437504;SPRF-PR;DEL01-PR;UOP04-DEL01-PR;;;
692056;18/05/2025;domingo;10:00:00;ES;101;344,7;GUARAPARI;Rea��o tardia ou ineficiente do condutor;Colis�o com objeto;Com V�timas Feridas;Pleno dia;Decrescente;Nublado;Dupla;Reta;N�o;1;0;1;0;0;0;1;1;-20,66136735;-40,60512543;SPRF-ES;DEL03-ES;UOP01-DEL03-ES;;;
692057;18/05/2025;domingo;10:30:00;CE;116;475;MILAGRES;Acessar a via sem observar a presen�a dos outros ve�culos;Colis�o transversal;Com V�timas Feridas;Pleno dia;Decrescente;C�u Claro;Simples;Reta;Sim;2;0;0;1;1;0;1;2;-7,29160593;-38,87024816;SPRF-CE;DEL05-CE;UOP03-DEL05-CE;;;
692058;18/05/2025;domingo;10:45:00;RJ;116;190;NOVA IGUACU;Demais falhas mec�nicas ou el�tricas;Tombamento;Sem V�timas;Pleno dia;Decrescente;C�u Claro;Dupla;Reta;Sim;1;0;0;0;1;0;0;1;-22,73767545;-43,48993778;SPRF-RJ;DEL06-RJ;UOP01-DEL06-RJ;;;
692061;18/05/2025;domingo;11:20:00;PB;230;23;JOAO PESSOA;Acesso irregular;Colis�o frontal;Com V�timas Feridas;Pleno dia;Decrescente;C�u Claro;Dupla;Reta;Sim;2;0;1;0;1;0;1;2;-7,16421395;-34,86178637;SPRF-PB;DEL01-PB;UOP01-DEL01-PB;;;
692062;18/05/2025;domingo;11:35:00;MG;381;336;NOVA ERA;Transitar na contram�o;Colis�o frontal;Com V�timas Fatais;Pleno dia;Crescente;Ignorado;Simples;Curva;N�o;4;1;2;1;0;0;3;2;-19,79134474;-43,05532799;SPRF-MG;DEL03-MG;UOP01-DEL03-MG;;;
692064;18/05/2025;domingo;11:30:00;MA;316;267;SANTA INES;Ingest�o de �lcool pelo condutor;Colis�o lateral mesmo sentido;Com V�timas Feridas;Pleno dia;Crescente;Nublado;Simples;"Reta;Em Obras";N�o;2;0;2;0;0;0;2;2;-3,685887;-45,340458;SPRF-MA;DEL02-MA;UOP01-DEL02-MA;;;
692065;18/05/2025;domingo;10:40:00;PE;428;184;PETROLINA;Acesso irregular;Colis�o transversal;Com V�timas Feridas;Pleno dia;Decrescente;C�u Claro;Dupla;Reta;Sim;2;0;0;1;1;0;1;2;-9,34710876;-40,47328949;SPRF-PE;DEL06-PE;UOP01-DEL06-PE;;;
692066;18/05/2025;domingo;11:35:00;SP;116;142,8;SAO JOSE DOS CAMPOS;Rea��o tardia ou ineficiente do condutor;Colis�o traseira;Sem V�timas;Pleno dia;Decrescente;Sol;Dupla;"Reta;Aclive";N�o;3;0;0;0;3;0;0;2;-23,17044144;-45,82175223;SPRF-SP;DEL02-SP;UOP01-DEL02-SP;;;
692067;15/05/2025;quinta-feira;06:50:00;RJ;116;246;PIRAI;Curva acentuada;Colis�o com objeto;Com V�timas Feridas;Amanhecer;Decrescente;C�u Claro;Dupla;"Curva;Declive";N�o;1;0;1;0;0;0;1;1;-22,675456;-43,8370304;SPRF-RJ;DEL07-RJ;UOP01-DEL07-RJ;;;
692068;18/05/2025;domingo;10:30:00;MT;174;486;COMODORO;Condutor deixou de manter dist�ncia do ve�culo da frente;Colis�o traseira;Com V�timas Feridas;Pleno dia;Crescente;C�u Claro;Simples;Reta;Sim;3;0;1;0;2;0;1;2;-13,6556932;-59,79487181;SPRF-MT;DEL04-MT;UOP02-DEL04-MT;;;
692069;18/05/2025;domingo;11:29:00;PR;277;129,7;CAMPO LARGO;Trafegar com motocicleta (ou similar) entre as faixas;Colis�o lateral mesmo sentido;Com V�timas Feridas;Pleno dia;Decrescente;C�u Claro;Dupla;Curva;Sim;4;0;0;2;2;0;2;2;-25,44657735;-49,57271274;SPRF-PR;DEL03-PR;UOP03-DEL03-PR;;;
692070;18/05/2025;domingo;11:45:00;RJ;116;189;NOVA IGUACU;Demais falhas mec�nicas ou el�tricas;Tombamento;Com V�timas Feridas;Pleno dia;Crescente;C�u Claro;Dupla;Reta;N�o;2;0;2;0;0;0;2;1;-22,7377564;-43,4910559;SPRF-RJ;DEL06-RJ;UOP01-DEL06-RJ;;;
692074;18/05/2025;domingo;10:15:00;RJ;101;238;SILVA JARDIM;Demais falhas mec�nicas ou el�tricas;Inc�ndio;Sem V�timas;Pleno dia;Decrescente;Sol;Dupla;Reta;N�o;1;0;0;0;1;0;0;1;-22,63273174;-42,44419221;SPRF-RJ;DEL02-RJ;UOP03-DEL02-RJ;;;
692075;18/05/2025;domingo;09:30:00;RS;116;210,9;MORRO REUTER;Rea��o tardia ou ineficiente do condutor;Colis�o frontal;Com V�timas Feridas;Pleno dia;Crescente;C�u Claro;Simples;Curva;Sim;4;0;2;1;1;0;3;2;-29,5112536;-51,0987123;SPRF-RS;DEL05-RS;UOP02-DEL05-RS;;;
692076;18/05/2025;domingo;11:40:00;RJ;116;235;PIRAI;Velocidade Incompat�vel;Tombamento;Com V�timas Feridas;Pleno dia;Decrescente;C�u Claro;Dupla;Curva;N�o;1;0;1;0;0;0;1;1;-22,675456;-43,8370304;SPRF-RJ;DEL07-RJ;UOP01-DEL07-RJ;;;
692077;18/05/2025;domingo;11:05:00;RS;116;215,2;MORRO REUTER;Convers�o proibida;Colis�o transversal;Com V�timas Feridas;Pleno dia;Crescente;Sol;Simples;Curva;N�o;3;0;1;1;1;0;2;2;-29,53416541;-51,08655453;SPRF-RS;DEL05-RS;UOP02-DEL05-RS;;;
692078;18/05/2025;domingo;12:40:00;PE;408;98;JABOATAO DOS GUARARAPES;Aus�ncia de rea��o do condutor;Colis�o com objeto;Com V�timas Fatais;Pleno dia;Decrescente;Nublado;Dupla;"Curva;Declive";Sim;1;1;0;0;0;0;0;1;-8,080986;-34,990287;SPRF-PE;DEL01-PE;UOP01-DEL01-PE;;;
692080;18/05/2025;domingo;11:30:00;AL;101;176,6;TEOTONIO VILELA;Velocidade Incompat�vel;Colis�o lateral mesmo sentido;Com V�timas Fatais;Pleno dia;Decrescente;C�u Claro;Simples;Reta;Sim;2;1;0;0;0;1;0;2;-9,8944095;-36,3724144;SPRF-AL;DEL02-AL;UOP02-DEL02-AL;;;
692082;18/05/2025;domingo;11:40:00;RJ;116;292;BARRA MANSA;Rea��o tardia ou ineficiente do condutor;Tombamento;Com V�timas Feridas;Pleno dia;Decrescente;C�u Claro;Dupla;Reta;N�o;2;0;1;1;0;0;2;1;-22,4733713;-44,27528556;SPRF-RJ;DEL07-RJ;UOP02-DEL07-RJ;;;
692083;18/05/2025;domingo;13:50:00;RS;116;263;CANOAS;Acessar a via sem observar a presen�a dos outros ve�culos;Colis�o lateral mesmo sentido;Com V�timas Feridas;Pleno dia;Decrescente;C�u Claro;M�ltipla;Reta;Sim;2;0;1;0;1;0;1;2;-29,90353229;-51,1763978;SPRF-RS;DEL01-RS;UOP01-DEL01-RS;;;
692084;18/05/2025;domingo;13:40:00;SC;101;409,1;ARARANGUA;Avarias e/ou desgaste excessivo no pneu;Tombamento;Com V�timas Feridas;Pleno dia;Decrescente;C�u Claro;Dupla;Curva;N�o;1;0;1;0;0;0;1;1;-28,92289389;-49,50012295;SPRF-SC;DEL02-SC;UOP02-DEL02-SC;;;
692085;18/05/2025;domingo;08:40:00;RO;364;711;PORTO VELHO;Pedestre cruzava a pista fora da faixa;Atropelamento de Pedestre;Com V�timas Feridas;Pleno dia;Decrescente;C�u Claro;Simples;Reta;Sim;2;0;2;0;0;0;2;2;-8,78193372;-63,86542289;SPRF-RO;DEL01-RO;UOP01-DEL01-RO;;;
692086;18/05/2025;domingo;14:00:00;RJ;40;83;PETROPOLIS;Avarias e/ou desgaste excessivo no pneu;Queda de ocupante de ve�culo;Com V�timas Feridas;Pleno dia;Crescente;C�u Claro;Dupla;"Declive;Reta";N�o;2;0;2;0;0;0;2;1;-22,5284675;-43,2228239;SPRF-RJ;DEL01-RJ;UOP01-DEL01-RJ;;;
692087;18/05/2025;domingo;14:15:00;SP;116;284;EMBU DAS ARTES;Trafegar com motocicleta (ou similar) entre as faixas;Colis�o lateral mesmo sentido;Com V�timas Feridas;Pleno dia;Decrescente;C�u Claro;Dupla;Reta;Sim;4;0;1;0;2;1;1;3;-23,69448164;-46,86376916;SPRF-SP;DEL04-SP;UOP01-DEL04-SP;;;
692088;18/05/2025;domingo;14:20:00;SC;101;192,6;BIGUACU;Pedestre andava na pista;Atropelamento de Pedestre;Com V�timas Feridas;Pleno dia;Decrescente;C�u Claro;M�ltipla;Reta;Sim;2;0;0;1;1;0;1;2;-27,48845237;-48,65351049;SPRF-SC;DEL01-SC;UOP01-DEL01-SC;;;
692090;18/05/2025;domingo;13:00:00;RJ;101;302;ITABORAI;Aus�ncia de rea��o do condutor;Colis�o traseira;Com V�timas Feridas;Pleno dia;Decrescente;C�u Claro;Dupla;Reta;Sim;3;0;2;0;1;0;2;2;-22,77405376;-42,93601382;SPRF-RJ;DEL02-RJ;UOP02-DEL02-RJ;;;