id;data_inversa;dia_semana;horario;uf;br;km;municipio;causa_acidente;tipo_acidente;classificacao_acidente;fase_dia;sentido_via;condicao_metereologica;tipo_pista;tracado_via;uso_solo;pessoas;mortos;feridos_leves;feridos_graves;ilesos;ignorados;feridos;veiculos;latitude;longitude;regional;delegacia;uop;;;
692092;18/05/2025;domingo;10:00:00;MT;70;180;GENERAL CARNEIRO;Rea��o tardia ou ineficiente do condutor;Sa�da de leito carro��vel;Com V�timas Feridas;Pleno dia;Crescente;C�u Claro;Simples;Reta;N�o;1;0;0;1;0;0;1;1;-15,67609;-53,60141;SPRF-MT;DEL05-MT;UOP01-DEL05-MT;;;
692095;18/05/2025;domingo;15:15:00;RJ;393;281;VOLTA REDONDA;Transitar no Acostamento;Colis�o transversal;Com V�timas Feridas;Pleno dia;Crescente;C�u Claro;Simples;Reta;Sim;3;0;1;0;2;0;1;2;-22,47348128;-44,05854464;SPRF-RJ;DEL05-RJ;UOP04-DEL05-RJ;;;
692096;18/05/2025;domingo;14:50:00;PR;163;233,7;TOLEDO;Acumulo de �gua sobre o pavimento;Sa�da de leito carro��vel;Com V�timas Feridas;Pleno dia;Crescente;Chuva;Dupla;Curva;N�o;2;0;2;0;0;0;2;1;-24,7751441;-53,68266;SPRF-PR;DEL04-PR;UOP01-DEL04-PR;;;
692098;18/05/2025;domingo;15:00:00;RS;285;166,7;MUITOS CAPOES;Rea��o tardia ou ineficiente do condutor;Sa�da de leito carro��vel;Com V�timas Feridas;Pleno dia;Decrescente;C�u Claro;Simples;Curva;N�o;2;0;1;0;1;0;1;1;-28,33273884;-51,29119366;SPRF-RS;DEL05-RS;UOP03-DEL05-RS;;;
692099;18/05/2025;domingo;15:20:00;PB;230;291,5;SANTA LUZIA;Aus�ncia de rea��o do condutor;Colis�o traseira;Com V�timas Feridas;Pleno dia;Crescente;C�u Claro;Simples;Reta;Sim;5;0;1;0;4;0;1;2;-6,87023;-36,912944;SPRF-PB;DEL03-PB;UOP01-DEL03-PB;;;
692101;18/05/2025;domingo;15:50:00;ES;262;56,2;MARECHAL FLORIANO;Acessar a via sem observar a presen�a dos outros ve�culos;Queda de ocupante de ve�culo;Com V�timas Feridas;Pleno dia;Crescente;C�u Claro;Dupla;"Curva;Rotat�ria";Sim;2;0;1;0;1;0;1;2;-20,41286163;-40,75911644;SPRF-ES;DEL01-ES;UOP01-DEL01-ES;;;
692102;18/05/2025;domingo;16:00:00;SP;153;73,2;SAO JOSE DO RIO PRETO;Objeto est�tico sobre o leito carro��vel;Tombamento;Com V�timas Feridas;Pleno dia;Crescente;C�u Claro;Dupla;Reta;Sim;2;0;2;0;0;0;2;1;-20,8249029;-49,3805571;SPRF-SP;DEL09-SP;UOP01-DEL09-SP;;;
692103;18/05/2025;domingo;15:45:00;RS;101;74;OSORIO;Aus�ncia de rea��o do condutor;Sa�da de leito carro��vel;Com V�timas Feridas;Pleno dia;Decrescente;C�u Claro;Dupla;Reta;N�o;1;0;0;1;0;0;1;1;-29,8570665;-50,2481056;SPRF-RS;DEL03-RS;UOP01-DEL03-RS;;;
692106;18/05/2025;domingo;12:00:00;RJ;465;20;NOVA IGUACU;Acessar a via sem observar a presen�a dos outros ve�culos;Colis�o lateral mesmo sentido;Com V�timas Feridas;Pleno dia;Decrescente;C�u Claro;Simples;Reta;N�o;2;0;1;0;1;0;1;2;-22,82877873;-43,61970518;SPRF-RJ;DEL06-RJ;UOP02-DEL06-RJ;;;
692107;18/05/2025;domingo;16:30:00;PR;369;145,8;LONDRINA;Condutor deixou de manter dist�ncia do ve�culo da frente;Colis�o traseira;Com V�timas Feridas;Pleno dia;Crescente;C�u Claro;Dupla;Aclive;Sim;4;0;0;2;0;2;2;3;-23,29308175;-51,1206615;SPRF-PR;DEL07-PR;UOP01-DEL07-PR;;;
692108;18/05/2025;domingo;15:45:00;PE;232;28;MORENO;Manobra de mudan�a de faixa;Colis�o traseira;Com V�timas Feridas;Pleno dia;Decrescente;Nublado;Dupla;Reta;N�o;3;0;0;2;1;0;2;2;-8,11385567;-35,13095737;SPRF-PE;DEL01-PE;UOP01-DEL01-PE;;;
692109;18/05/2025;domingo;16:06:00;PR;369;459;CORBELIA;Rea��o tardia ou ineficiente do condutor;Colis�o traseira;Com V�timas Feridas;Pleno dia;Crescente;Chuva;Simples;Curva;N�o;2;0;1;0;1;0;1;2;-24,604902;-53,205772;SPRF-PR;DEL04-PR;UOP03-DEL04-PR;;;
692111;18/05/2025;domingo;16:20:00;RS;285;537,5;CAIBATE;Acessar a via sem observar a presen�a dos outros ve�culos;Colis�o transversal;Com V�timas Feridas;Pleno dia;Crescente;Chuva;Simples;"Interse��o de Vias;Em Obras;Reta";N�o;3;0;2;0;1;0;2;2;-28,40096101;-54,65094209;SPRF-RS;DEL10-RS;UOP01-DEL10-RS;;;
692113;18/05/2025;domingo;15:40:00;MG;116;746,7;LEOPOLDINA;Aus�ncia de rea��o do condutor;Sa�da de leito carro��vel;Com V�timas Feridas;Pleno dia;Decrescente;C�u Claro;Simples;Curva;N�o;1;0;1;0;0;0;1;1;-21,43417107;-42,51876622;SPRF-MG;DEL07-MG;UOP01-DEL07-MG;;;
692114;18/05/2025;domingo;15:00:00;PR;277;307;GUARAPUAVA;Aus�ncia de rea��o do condutor;Sa�da de leito carro��vel;Sem V�timas;Pleno dia;Crescente;C�u Claro;Simples;Aclive;N�o;1;0;0;0;0;1;0;1;-25,3131133;-51,202786;SPRF-PR;DEL08-PR;UOP01-DEL08-PR;;;
692115;18/05/2025;domingo;16:40:00;PA;230;117;MARABA;Acessar a via sem observar a presen�a dos outros ve�culos;Colis�o transversal;Com V�timas Feridas;Pleno dia;Crescente;Sol;Dupla;"Reta;Retorno Regulamentado";Sim;6;0;1;0;5;0;1;2;-5,35478884;-49,09238577;SPRF-PA;DEL03-PA;UOP01-DEL03-PA;;;
692116;18/05/2025;domingo;13:35:00;BA;324;518;FEIRA DE SANTANA;Rea��o tardia ou ineficiente do condutor;Colis�o com objeto;Com V�timas Feridas;Pleno dia;Decrescente;Chuva;Dupla;Reta;Sim;1;0;1;0;0;0;1;1;-12,27955914;-38,92825563;SPRF-BA;DEL02-BA;UOP01-DEL02-BA;;;
692117;18/05/2025;domingo;17:00:00;RJ;101;504;ANGRA DOS REIS;Acessar a via sem observar a presen�a dos outros ve�culos;Colis�o transversal;Com V�timas Feridas;Anoitecer;Crescente;C�u Claro;Simples;Reta;Sim;3;0;1;1;1;0;2;2;-22,9895471;-44,2418056;SPRF-RJ;DEL03-RJ;UOP03-DEL03-RJ;;;
692118;18/05/2025;domingo;16:35:00;SC;101;436,8;SOMBRIO;Velocidade Incompat�vel;Colis�o com objeto;Com V�timas Feridas;Pleno dia;Decrescente;C�u Claro;Simples;"Reta;Viaduto;Aclive";N�o;1;0;1;0;0;0;1;1;-29,1214331;-49,64287162;SPRF-SC;DEL02-SC;UOP02-DEL02-SC;;;
692119;18/05/2025;domingo;16:40:00;BA;116;831;VITORIA DA CONQUISTA;Demais falhas mec�nicas ou el�tricas;Inc�ndio;Sem V�timas;Pleno dia;Decrescente;Nublado;Simples;Aclive;N�o;2;0;0;0;2;0;0;1;-14,916914;-40,878549;SPRF-BA;DEL08-BA;UOP01-DEL08-BA;;;
692121;18/05/2025;domingo;16:30:00;BA;116;2,6;VITORIA DA CONQUISTA;Aus�ncia de rea��o do condutor;Sa�da de leito carro��vel;Com V�timas Feridas;Pleno dia;Decrescente;Nublado;Simples;Reta;N�o;2;0;2;0;0;0;2;1;-14,82493642;-40,85973714;SPRF-BA;DEL08-BA;UOP01-DEL08-BA;;;
692122;18/05/2025;domingo;14:05:00;RJ;40;123;DUQUE DE CAXIAS;Manobra de mudan�a de faixa;Colis�o lateral mesmo sentido;Com V�timas Feridas;Pleno dia;Decrescente;C�u Claro;Dupla;Reta;Sim;2;0;1;0;0;1;1;2;-22,8008357;-43,29028163;SPRF-RJ;DEL01-RJ;UOP02-DEL01-RJ;;;
692123;18/05/2025;domingo;15:40:00;MT;70;724;CACERES;Transitar na contram�o;Colis�o frontal;Com V�timas Feridas;Pleno dia;Decrescente;C�u Claro;Simples;Reta;N�o;2;0;0;1;1;0;1;2;-16,20152184;-57,59510995;SPRF-MT;DEL03-MT;UOP01-DEL03-MT;;;
692124;18/05/2025;domingo;15:30:00;PR;369;26;CAMBARA;Condutor Dormindo;Sa�da de leito carro��vel;Com V�timas Feridas;Pleno dia;Decrescente;C�u Claro;Simples;Reta;N�o;2;0;2;0;0;0;2;1;-23,06364809;-50,09150997;SPRF-PR;DEL07-PR;UOP05-DEL07-PR;;;
692125;18/05/2025;domingo;16:30:00;MS;60;596,4;JARDIM;Aus�ncia de rea��o do condutor;Tombamento;Com V�timas Feridas;Pleno dia;Decrescente;C�u Claro;Simples;Reta;N�o;1;0;1;0;0;0;1;1;-21,53835989;-56,16725922;SPRF-MS;DEL05-MS;UOP01-DEL05-MS;;;
692126;18/05/2025;domingo;16:40:00;MT;364;213;RONDONOPOLIS;Condutor deixou de manter dist�ncia do ve�culo da frente;Colis�o traseira;Sem V�timas;Pleno dia;Decrescente;C�u Claro;M�ltipla;Reta;N�o;7;0;0;0;7;0;0;2;-16,3935652;-54,714205;SPRF-MT;DEL02-MT;UOP01-DEL02-MT;;;
692128;18/05/2025;domingo;17:50:00;RS;158;162;PANAMBI;Avarias e/ou desgaste excessivo no pneu;Sa�da de leito carro��vel;Com V�timas Feridas;Anoitecer;Crescente;Chuva;Simples;Reta;N�o;1;0;1;0;0;0;1;1;-28,37773273;-53,51247311;SPRF-RS;DEL10-RS;UOP02-DEL10-RS;;;
692129;18/05/2025;domingo;15:30:00;PB;230;89;GURINHEM;Aus�ncia de rea��o do condutor;Sa�da de leito carro��vel;Com V�timas Feridas;Pleno dia;Decrescente;Nublado;Dupla;Reta;N�o;1;0;0;1;0;0;1;1;-7,17358634;-35,39558737;SPRF-PB;DEL01-PB;UOP02-DEL01-PB;;;
692130;18/05/2025;domingo;16:50:00;RJ;101;307;SAO GONCALO;Aus�ncia de rea��o do condutor;Colis�o com objeto;Com V�timas Feridas;Pleno dia;Decrescente;C�u Claro;Dupla;Reta;Sim;2;0;1;0;1;0;1;1;-22,79388748;-43,02791119;SPRF-RJ;DEL02-RJ;UOP02-DEL02-RJ;;;
692131;18/05/2025;domingo;17:40:00;SP;381;89;GUARULHOS;Demais falhas mec�nicas ou el�tricas;Inc�ndio;Sem V�timas;Anoitecer;Decrescente;C�u Claro;Simples;Reta;Sim;1;0;0;0;1;0;0;1;-23,493;-46,559;SPRF-SP;DEL03-SP;UOP01-DEL03-SP;;;
692132;18/05/2025;domingo;18:20:00;SC;101;206,1;SAO JOSE;Rea��o tardia ou ineficiente do condutor;Atropelamento de Pedestre;Com V�timas Feridas;Plena Noite;Decrescente;Nublado;M�ltipla;Reta;Sim;2;0;1;0;1;0;1;2;-27,59358;-48,61842;SPRF-SC;DEL01-SC;UOP01-DEL01-SC;;;
692134;18/05/2025;domingo;17:53:00;PB;101;37,1;MAMANGUAPE;Transitar na contram�o;Colis�o frontal;Com V�timas Fatais;Anoitecer;Crescente;C�u Claro;Dupla;Reta;N�o;3;1;1;0;1;0;1;2;-6,813283;-35,139514;SPRF-PB;DEL01-PB;UOP03-DEL01-PB;;;
692135;18/05/2025;domingo;18:30:00;RJ;101;400;ITAGUAI;Demais falhas mec�nicas ou el�tricas;Queda de ocupante de ve�culo;Com V�timas Feridas;Anoitecer;Decrescente;Vento;Dupla;Reta;N�o;2;0;2;0;0;0;2;1;-22,856111;-43,763398;SPRF-RJ;DEL03-RJ;UOP01-DEL03-RJ;;;
692136;18/05/2025;domingo;17:50:00;CE;222;12;CAUCAIA;Ingest�o de �lcool pelo condutor;Sa�da de leito carro��vel;Sem V�timas;Anoitecer;Crescente;C�u Claro;Simples;Reta;N�o;1;0;0;0;1;0;0;1;-3,764067;-38,674255;SPRF-CE;DEL01-CE;UOP01-DEL01-CE;;;
692137;18/05/2025;domingo;18:45:00;GO;414;436,2;ANAPOLIS;Condutor deixou de manter dist�ncia do ve�culo da frente;Colis�o traseira;Sem V�timas;Plena Noite;Crescente;C�u Claro;Simples;Reta;Sim;3;0;0;0;3;0;0;2;-16,256435;-48,93654;SPRF-GO;DEL02-GO;UOP01-DEL02-GO;;;
692138;18/05/2025;domingo;18:00:00;PR;277;563,1;CASCAVEL;Ultrapassagem Indevida;Colis�o lateral sentido oposto;Com V�timas Feridas;Plena Noite;Crescente;Chuva;Simples;Curva;N�o;2;0;1;0;1;0;1;2;-25,047472;-53,237617;SPRF-PR;DEL04-PR;UOP04-DEL04-PR;;;
692139;18/05/2025;domingo;17:52:00;SP;381;26,8;BRAGANCA PAULISTA;Rea��o tardia ou ineficiente do condutor;Colis�o com objeto;Sem V�timas;Plena Noite;Decrescente;C�u Claro;Dupla;Reta;Sim;2;0;0;0;2;0;0;2;-23,02005994;-46,52886182;SPRF-SP;DEL03-SP;UOP02-DEL03-SP;;;
692140;18/05/2025;domingo;19:15:00;TO;153;412,8;MIRANORTE;Aus�ncia de rea��o do condutor;Sa�da de leito carro��vel;Com V�timas Feridas;Plena Noite;Crescente;C�u Claro;Dupla;Interse��o de Vias;Sim;1;0;0;1;0;0;1;1;-9,519967;-48,591395;SPRF-TO;DEL02-TO;UOP02-DEL02-TO;;;
692141;18/05/2025;domingo;18:30:00;SE;101;91;NOSSA SENHORA DO SOCORRO;Ingest�o de �lcool pelo condutor;Colis�o traseira;Sem V�timas;Plena Noite;Decrescente;Nublado;M�ltipla;"Declive;Rotat�ria;Viaduto";N�o;2;0;0;0;2;0;0;2;-10,90289315;-37,13230697;SPRF-SE;DEL01-SE;UOP01-DEL01-SE;;;
692142;18/05/2025;domingo;18:35:00;RN;304;296;MACAIBA;Acessar a via sem observar a presen�a dos outros ve�culos;Colis�o transversal;Com V�timas Feridas;Plena Noite;Crescente;C�u Claro;Simples;Reta;Sim;3;0;1;0;2;0;1;2;-5,864495;-35,346048;SPRF-RN;DEL01-RN;UOP02-DEL01-RN;;;
692143;18/05/2025;domingo;19:00:00;DF;20;26,8;BRASILIA;Manobra de mudan�a de faixa;Sa�da de leito carro��vel;Sem V�timas;Plena Noite;Decrescente;C�u Claro;Dupla;Reta;N�o;2;0;0;0;2;0;0;2;-15,596538;-47,637225;SPRF-DF;DEL02-DF;UOP01-DEL02-DF;;;
692144;18/05/2025;domingo;18:15:00;RS;101;49,9;TERRA DE AREIA;Aus�ncia de rea��o do condutor;Colis�o traseira;Sem V�timas;Anoitecer;Decrescente;Nublado;Dupla;Reta;N�o;2;0;0;0;2;0;0;2;-29,607416;-50,086005;SPRF-RS;DEL03-RS;UOP02-DEL03-RS;;;
692145;18/05/2025;domingo;18:30:00;RS;386;374;TAQUARI;Demais falhas mec�nicas ou el�tricas;Inc�ndio;Sem V�timas;Plena Noite;Crescente;Chuva;Dupla;Reta;N�o;1;0;0;0;1;0;0;1;-29,617717;-51,785144;SPRF-RS;DEL04-RS;UOP01-DEL04-RS;;;
692146;18/05/2025;domingo;16:15:00;MG;365;553;ESTRELA DO SUL;Demais falhas mec�nicas ou el�tricas;Sa�da de leito carro��vel;Sem V�timas;Pleno dia;Decrescente;C�u Claro;Simples;Reta;N�o;1;0;0;0;1;0;0;1;-18,930862;-47,697398;SPRF-MG;DEL15-MG;UOP02-DEL15-MG;;;
692147;18/05/2025;domingo;18:30:00;SP;116;95,3;PINDAMONHANGABA;Trafegar com motocicleta (ou similar) entre as faixas;Colis�o lateral mesmo sentido;Com V�timas Feridas;Plena Noite;Crescente;C�u Claro;Dupla;Reta;N�o;4;0;2;0;1;1;2;3;-22,96725497;-45,4345526;SPRF-SP;DEL08-SP;UOP01-DEL08-SP;;;
692148;18/05/2025;domingo;19:30:00;ES;101;265,2;SERRA;Rea��o tardia ou ineficiente do condutor;Engavetamento;Com V�timas Feridas;Plena Noite;Crescente;C�u Claro;Dupla;Reta;Sim;6;0;2;0;4;0;2;3;-20,18479;-40,26783;SPRF-ES;DEL02-ES;UOP01-DEL02-ES;;;
692149;18/05/2025;domingo;18:40:00;MT;163;837;SINOP;Acessar a via sem observar a presen�a dos outros ve�culos;Colis�o transversal;Com V�timas Feridas;Plena Noite;Crescente;Vento;Simples;Reta;Sim;2;0;0;1;0;1;1;2;-11,836573;-55,488723;SPRF-MT;DEL06-MT;UOP02-DEL06-MT;;;
692150;12/04/2025;s�bado;20:55:00;RS;293;3;PELOTAS;Transitar na contram�o;Colis�o frontal;Sem V�timas;Plena Noite;Decrescente;Nublado;Dupla;Rotat�ria;Sim;2;0;0;0;2;0;0;2;-31,7414254;-52,3646283;SPRF-RS;DEL07-RS;UOP01-DEL07-RS;;;
692151;18/05/2025;domingo;19:00:00;GO;60;97;ANAPOLIS;Acessar a via sem observar a presen�a dos outros ve�culos;Colis�o traseira;Com V�timas Feridas;Plena Noite;Crescente;C�u Claro;Dupla;Reta;Sim;5;0;0;2;3;0;2;2;-16,376071;-48,9471236;SPRF-GO;DEL02-GO;UOP01-DEL02-GO;;;
692152;18/05/2025;domingo;17:05:00;AC;364;124;RIO BRANCO;Desrespeitar a prefer�ncia no cruzamento;Colis�o transversal;Com V�timas Feridas;Anoitecer;Crescente;C�u Claro;Dupla;Rotat�ria;Sim;3;0;0;1;2;0;1;2;-10,01196057;-67,79853666;SPRF-AC;DEL01-AC;UOP01-DEL01-AC;;;
692153;18/05/2025;domingo;17:30:00;RS;392;639,8;GUARANI DAS MISSOES;Acessar a via sem observar a presen�a dos outros ve�culos;Colis�o transversal;Com V�timas Feridas;Anoitecer;Decrescente;Garoa/Chuvisco;Simples;Reta;N�o;2;0;1;0;1;0;1;2;-28,146871;-54,523963;SPRF-RS;DEL10-RS;UOP01-DEL10-RS;;;
692154;18/05/2025;domingo;18:50:00;RS;470;210;BENTO GONCALVES;Transitar na contram�o;Colis�o lateral sentido oposto;Com V�timas Feridas;Plena Noite;Crescente;Chuva;Simples;Curva;N�o;8;0;2;0;6;0;2;4;-29,1768662;-51,5209901;SPRF-RS;DEL06-RS;UOP01-DEL06-RS;;;
692155;18/05/2025;domingo;17:40:00;BA;110;288;INHAMBUPE;Aus�ncia de rea��o do condutor;Colis�o frontal;Com V�timas Feridas;Anoitecer;Crescente;Nublado;Simples;"Aclive;Curva";N�o;2;0;1;1;0;0;2;2;-11,75947856;-38,32803726;SPRF-BA;DEL01-BA;UOP04-DEL01-BA;;;
692156;18/05/2025;domingo;19:40:00;ES;101;141;LINHARES;Aus�ncia de rea��o do condutor;Atropelamento de Pedestre;Com V�timas Feridas;Plena Noite;Crescente;C�u Claro;Dupla;Reta;N�o;2;0;1;0;1;0;1;2;-19,32248419;-40,07347378;SPRF-ES;DEL04-ES;UOP01-DEL04-ES;;;
692158;18/05/2025;domingo;18:30:00;GO;20;167;ALVORADA DO NORTE;Ultrapassagem Indevida;Colis�o frontal;Com V�timas Feridas;Anoitecer;Crescente;C�u Claro;Simples;Reta;N�o;9;0;4;3;2;0;7;2;-14,593;-46,592;SPRF-DF;DEL02-DF;UOP03-DEL02-DF;;;
692159;18/05/2025;domingo;18:30:00;PE;408;55;NAZARE DA MATA;Aus�ncia de rea��o do condutor;Colis�o frontal;Com V�timas Feridas;Plena Noite;Decrescente;C�u Claro;Simples;Curva;Sim;2;0;1;0;1;0;1;2;-7,773784;-35,236407;SPRF-PE;DEL01-PE;UOP01-DEL01-PE;;;
692160;18/05/2025;domingo;14:00:00;PE;407;94;PETROLINA;Aus�ncia de rea��o do condutor;Colis�o traseira;Com V�timas Fatais;Pleno dia;Crescente;C�u Claro;Simples;"Reta;Declive";N�o;3;1;1;0;0;1;1;2;-9,124092;-40,639027;SPRF-PE;DEL06-PE;UOP02-DEL06-PE;;;
692161;18/05/2025;domingo;19:20:00;PB;230;4,7;CABEDELO;Ingest�o de �lcool pelo condutor;Colis�o com objeto;Com V�timas Feridas;Plena Noite;Decrescente;Chuva;M�ltipla;"Viaduto;Interse��o de Vias";Sim;1;0;1;0;0;0;1;1;-7,009425;-34,830738;SPRF-PB;DEL01-PB;UOP01-DEL01-PB;;;
692162;18/05/2025;domingo;20:00:00;DF;251;34,8;BRASILIA;Convers�o proibida;Colis�o transversal;Com V�timas Feridas;Plena Noite;Crescente;C�u Claro;Simples;Reta;N�o;2;0;0;1;1;0;1;2;-15,93855;-47,76046;SPRF-DF;DEL01-DF;UOP01-DEL01-DF;;;
692163;18/05/2025;domingo;19:00:00;RO;364;200,9;PIMENTA BUENO;Transitar na contram�o;Colis�o lateral sentido oposto;Com V�timas Feridas;Plena Noite;Crescente;C�u Claro;Simples;"Em Obras;Curva";Sim;5;0;1;0;4;0;1;2;-11,64496496;-61,19455576;SPRF-RO;DEL02-RO;UOP02-DEL02-RO;;;
692164;18/05/2025;domingo;18:50:00;RS;392;639,3;GUARANI DAS MISSOES;Ingest�o de �lcool pelo condutor;Capotamento;Sem V�timas;Anoitecer;Decrescente;Garoa/Chuvisco;Simples;Reta;N�o;1;0;0;0;1;0;0;1;-28,146871;-54,523963;SPRF-RS;DEL10-RS;UOP01-DEL10-RS;;;
692165;18/05/2025;domingo;20:00:00;PR;376;645;TIJUCAS DO SUL;Entrada inopinada do pedestre;Atropelamento de Pedestre;Com V�timas Feridas;Plena Noite;Decrescente;Nublado;Dupla;Reta;N�o;2;0;0;1;1;0;1;2;-25,8241852;-49,1241609;SPRF-PR;DEL01-PR;UOP04-DEL01-PR;;;
692166;18/05/2025;domingo;18:55:00;SC;470;134,7;RIO DO SUL;Chuva;Colis�o transversal;Com V�timas Feridas;Plena Noite;Decrescente;Chuva;Simples;Interse��o de Vias;Sim;2;0;2;0;0;0;2;2;-27,17830597;-49,59456889;SPRF-SC;DEL04-SC;UOP02-DEL04-SC;;;
692168;18/05/2025;domingo;19:45:00;PI;343;324,7;TERESINA;Aus�ncia de rea��o do condutor;Eventos at�picos;Sem V�timas;Plena Noite;Decrescente;C�u Claro;Simples;Reta;N�o;1;0;0;0;0;1;0;1;-5,063953;-42,606538;SPRF-PI;DEL01-PI;UOP01-DEL01-PI;;;
692169;18/05/2025;domingo;20:09:00;ES;101;72,5;SAO MATEUS;Transitar na contram�o;Colis�o frontal;Com V�timas Fatais;Plena Noite;Crescente;C�u Claro;Simples;Declive;N�o;2;1;0;0;1;0;0;2;-18,757493;-39,862935;SPRF-ES;DEL04-ES;UOP02-DEL04-ES;;;
692170;18/05/2025;domingo;19:30:00;BA;116;822,3;VITORIA DA CONQUISTA;Ingest�o de �lcool pelo condutor;Colis�o traseira;Sem V�timas;Plena Noite;Crescente;Nublado;Dupla;Reta;Sim;2;0;0;0;2;0;0;2;-14,84762;-40,848329;SPRF-BA;DEL08-BA;UOP01-DEL08-BA;;;
692172;18/05/2025;domingo;20:30:00;PR;373;214,7;IMBITUVA;Rea��o tardia ou ineficiente do condutor;Colis�o traseira;Com V�timas Fatais;Plena Noite;Crescente;C�u Claro;Simples;Reta;N�o;4;1;0;0;3;0;0;2;-25,154251;-50,531371;SPRF-PR;DEL03-PR;UOP01-DEL03-PR;;;
692173;18/05/2025;domingo;20:10:00;RJ;393;104;SAPUCAIA;Rea��o tardia ou ineficiente do condutor;Colis�o traseira;Sem V�timas;Plena Noite;Decrescente;C�u Claro;Simples;Reta;Sim;4;0;0;0;4;0;0;2;-21,88225448;-42,68643732;SPRF-RJ;DEL05-RJ;UOP01-DEL05-RJ;;;
692174;18/05/2025;domingo;20:00:00;PI;316;20,8;TERESINA;Aus�ncia de rea��o do condutor;Colis�o com objeto;Com V�timas Feridas;Plena Noite;Decrescente;C�u Claro;Dupla;"Curva;Aclive;Retorno Regulamentado";N�o;1;0;1;0;0;0;1;1;-5,273327;-42,726465;SPRF-PI;DEL01-PI;UOP02-DEL01-PI;;;
692175;18/05/2025;domingo;20:40:00;MG;365;1;MONTES CLAROS;Retorno proibido;Colis�o traseira;Com V�timas Feridas;Pleno dia;Crescente;C�u Claro;Simples;Reta;N�o;3;0;0;1;2;0;1;2;-16,7735248;-43,8852424;SPRF-MG;DEL12-MG;UOP01-DEL12-MG;;;
692176;18/05/2025;domingo;21:00:00;BA;324;620;SALVADOR;Pista esburacada;Tombamento;Com V�timas Feridas;Plena Noite;Decrescente;Chuva;Dupla;Reta;N�o;2;0;2;0;0;0;2;1;-12,914001;-38,460243;SPRF-BA;DEL01-BA;UOP01-DEL01-BA;;;
692177;18/05/2025;domingo;20:12:00;PB;230;16,8;JOAO PESSOA;Trafegar com motocicleta (ou similar) entre as faixas;Colis�o traseira;Com V�timas Feridas;Plena Noite;Crescente;Chuva;Dupla;Reta;Sim;7;0;3;0;4;0;3;4;-7,11439695;-34,8420766;SPRF-PB;DEL01-PB;UOP01-DEL01-PB;;;
692178;18/05/2025;domingo;19:25:00;PE;232;507,6;SALGUEIRO;Rea��o tardia ou ineficiente do condutor;Colis�o traseira;Com V�timas Feridas;Plena Noite;Decrescente;C�u Claro;Simples;Reta;Sim;2;0;1;0;0;1;1;2;-8,06167;-39,118002;SPRF-PE;DEL05-PE;UOP01-DEL05-PE;;;
692179;18/05/2025;domingo;11:44:00;MT;70;515,5;VARZEA GRANDE;Aus�ncia de rea��o do condutor;Queda de ocupante de ve�culo;Sem V�timas;Pleno dia;Crescente;C�u Claro;Simples;Reta;Sim;2;0;0;0;2;0;0;1;-15,705455;-56,145979;SPRF-MT;DEL01-MT;UOP02-DEL01-MT;;;
692181;18/05/2025;domingo;21:00:00;PR;277;2;CURITIBA;Aus�ncia de rea��o do condutor;Tombamento;Com V�timas Feridas;Plena Noite;Crescente;C�u Claro;Dupla;Reta;Sim;1;0;1;0;0;0;1;1;-25,43044138;-49,34102504;SPRF-PR;DEL01-PR;UOP06-DEL01-PR;;;
692182;18/05/2025;domingo;21:00:00;CE;116;23;AQUIRAZ;Condutor deixou de manter dist�ncia do ve�culo da frente;Colis�o traseira;Sem V�timas;Plena Noite;Decrescente;C�u Claro;Dupla;Reta;Sim;2;0;0;0;2;0;0;2;-3,95167227;-38,51229127;SPRF-CE;DEL01-CE;UOP02-DEL01-CE;;;
692184;18/05/2025;domingo;18:45:00;MT;70;281;PRIMAVERA DO LESTE;Acessar a via sem observar a presen�a dos outros ve�culos;Colis�o transversal;Com V�timas Feridas;Plena Noite;Crescente;C�u Claro;Simples;Reta;N�o;3;0;1;2;0;0;3;2;-15,566448;-54,304148;SPRF-MT;DEL05-MT;UOP01-DEL05-MT;;;
692185;18/05/2025;domingo;19:15:00;MG;146;474;BANDEIRA DO SUL;Acessar a via sem observar a presen�a dos outros ve�culos;Colis�o transversal;Com V�timas Feridas;Plena Noite;Decrescente;C�u Claro;Simples;"Retorno Regulamentado;Reta;Rotat�ria";N�o;3;0;1;0;2;0;1;2;-21,74533419;-46,40412066;SPRF-MG;DEL09-MG;UOP01-DEL09-MG;;;
692187;18/05/2025;domingo;19:00:00;RO;364;416,4;JARU;Acessar a via sem observar a presen�a dos outros ve�culos;Colis�o transversal;Sem V�timas;Plena Noite;Decrescente;C�u Claro;Simples;"Interse��o de Vias;Aclive";N�o;2;0;0;0;2;0;0;2;-10,49377909;-62,42409485;SPRF-RO;DEL03-RO;UOP02-DEL03-RO;;;
692188;18/05/2025;domingo;21:35:00;PR;369;480,4;CORBELIA;Rea��o tardia ou ineficiente do condutor;Sa�da de leito carro��vel;Com V�timas Feridas;Plena Noite;Decrescente;Nublado;Simples;Curva;N�o;1;0;1;0;0;0;1;1;-24,75862;-53,29292;SPRF-PR;DEL04-PR;UOP03-DEL04-PR;;;