id;data_inversa;dia_semana;horario;uf;br;km;municipio;causa_acidente;tipo_acidente;classificacao_acidente;fase_dia;sentido_via;condicao_metereologica;tipo_pista;tracado_via;uso_solo;pessoas;mortos;feridos_leves;feridos_graves;ilesos;ignorados;feridos;veiculos;latitude;longitude;regional;delegacia;uop;;;
692189;18/05/2025;domingo;22:00:00;TO;235;174,9;TUPIRAMA;Rea��o tardia ou ineficiente do condutor;Sa�da de leito carro��vel;Com V�timas Feridas;Plena Noite;Crescente;C�u Claro;Simples;Reta;N�o;2;0;0;1;1;0;1;1;-8,969275;-48,263192;SPRF-TO;DEL02-TO;UOP02-DEL02-TO;;;
692190;18/05/2025;domingo;20:55:00;RS;386;96;SAGRADA FAMILIA;Aus�ncia de rea��o do condutor;Sa�da de leito carro��vel;Com V�timas Feridas;Plena Noite;Decrescente;Nublado;Simples;Reta;N�o;2;0;2;0;0;0;2;1;-27,74199;-53,157964;SPRF-RS;DEL08-RS;UOP01-DEL08-RS;;;
692191;18/05/2025;domingo;18:00:00;MG;116;625,4;ORIZANIA;Manobra de mudan�a de faixa;Colis�o lateral mesmo sentido;Com V�timas Feridas;Plena Noite;Crescente;C�u Claro;Simples;Reta;N�o;3;0;1;1;0;1;2;2;-20,55135276;-42,20844269;SPRF-MG;DEL07-MG;UOP02-DEL07-MG;;;
692194;18/05/2025;domingo;19:20:00;MG;153;11;ARAPORA;Ingest�o de �lcool pelo condutor;Sa�da de leito carro��vel;Sem V�timas;Plena Noite;Decrescente;C�u Claro;Dupla;Reta;N�o;1;0;0;0;1;0;0;1;-18,51936695;-49,18981299;SPRF-MG;DEL15-MG;UOP03-DEL15-MG;;;
692195;18/05/2025;domingo;21:50:00;RJ;116;176;SAO JOAO DE MERITI;Aus�ncia de rea��o do condutor;Colis�o traseira;Sem V�timas;Plena Noite;Crescente;C�u Claro;Dupla;Reta;Sim;3;0;0;0;3;0;0;2;-22,78159063;-43,3898935;SPRF-RJ;DEL06-RJ;UOP01-DEL06-RJ;;;
692196;18/05/2025;domingo;20:30:00;MA;135;183,5;SAO MATEUS DO MARANHAO;Aus�ncia de rea��o do condutor;Atropelamento de Pedestre;Com V�timas Fatais;Plena Noite;Crescente;C�u Claro;Simples;Reta;N�o;2;1;0;0;0;1;0;2;-4,049418;-44,471297;SPRF-MA;DEL03-MA;UOP01-DEL03-MA;;;
692198;18/05/2025;domingo;18:45:00;RJ;393;103,8;SAPUCAIA;Mal s�bito do condutor;Colis�o frontal;Com V�timas Feridas;Anoitecer;Decrescente;C�u Claro;Simples;Reta;N�o;4;0;2;0;2;0;2;2;-21,88019186;-42,68267015;SPRF-RJ;DEL05-RJ;UOP01-DEL05-RJ;;;
692200;18/05/2025;domingo;20:30:00;RJ;101;389;ITAGUAI;Pedestre cruzava a pista fora da faixa;Capotamento;Com V�timas Feridas;Plena Noite;Decrescente;C�u Claro;Dupla;Reta;N�o;1;0;0;1;0;0;1;1;-22,89257154;-43,67176406;SPRF-RJ;DEL03-RJ;UOP01-DEL03-RJ;;;
692201;18/05/2025;domingo;20:40:00;BA;101;333;PRESIDENTE TANCREDO NEVES;Rea��o tardia ou ineficiente do condutor;Colis�o com objeto;Com V�timas Feridas;Plena Noite;Decrescente;Garoa/Chuvisco;Simples;Reta;N�o;2;0;1;0;1;0;1;2;-13,499398;-39,437442;SPRF-BA;DEL05-BA;UOP03-DEL05-BA;;;
692202;18/05/2025;domingo;22:30:00;CE;116;298;JAGUARIBE;Ingest�o de �lcool pelo condutor;Colis�o lateral sentido oposto;Sem V�timas;Plena Noite;Crescente;C�u Claro;Simples;Reta;N�o;57;0;0;0;57;0;0;2;-5,838956;-38,559692;SPRF-CE;DEL05-CE;UOP02-DEL05-CE;;;
692203;18/05/2025;domingo;21:45:00;SP;116;225;GUARULHOS;Velocidade Incompat�vel;Colis�o traseira;Com V�timas Feridas;Plena Noite;Decrescente;Nublado;M�ltipla;"Em Obras;Reta";Sim;1;0;1;0;0;0;1;1;-23,4864966;-46,54220581;SPRF-SP;DEL01-SP;UOP01-DEL01-SP;;;
692204;18/05/2025;domingo;22:50:00;SC;101;185,1;BIGUACU;Rea��o tardia ou ineficiente do condutor;Colis�o com objeto;Sem V�timas;Plena Noite;Crescente;Garoa/Chuvisco;M�ltipla;Reta;Sim;1;0;0;0;1;0;0;1;-27,42693;-48,62486;SPRF-SC;DEL01-SC;UOP01-DEL01-SC;;;
692205;18/05/2025;domingo;19:45:00;RS;101;50;TERRA DE AREIA;Aus�ncia de rea��o do condutor;Colis�o traseira;Com V�timas Feridas;Plena Noite;Crescente;C�u Claro;Dupla;Reta;Sim;2;0;0;1;0;1;1;2;-29,60070027;-50,08109093;SPRF-RS;DEL03-RS;UOP02-DEL03-RS;;;
692206;18/05/2025;domingo;18:15:00;PR;277;602;CASCAVEL;Ingest�o de �lcool pelo condutor;Sa�da de leito carro��vel;Com V�timas Feridas;Anoitecer;Crescente;Garoa/Chuvisco;Dupla;"Reta;Viaduto;Declive";N�o;1;0;1;0;0;0;1;1;-25,024438;-53,551475;SPRF-PR;DEL04-PR;UOP01-DEL04-PR;;;
692208;18/05/2025;domingo;18:55:00;MG;116;455,7;ENGENHEIRO CALDAS;Ingest�o de �lcool pelo condutor;Colis�o frontal;Com V�timas Feridas;Plena Noite;Crescente;Nublado;Simples;Reta;Sim;2;0;1;0;1;0;1;2;-19,200165;-42,04729;SPRF-MG;DEL06-MG;UOP02-DEL06-MG;;;
692209;18/05/2025;domingo;19:15:00;ES;101;69;SAO MATEUS;Transitar na contram�o;Colis�o frontal;Sem V�timas;Plena Noite;Crescente;C�u Claro;Simples;Reta;Sim;3;0;0;0;3;0;0;2;-18,73750272;-39,86088663;SPRF-ES;DEL04-ES;UOP02-DEL04-ES;;;
692210;18/05/2025;domingo;23:10:00;PE;116;25;SALGUEIRO;Aus�ncia de rea��o do condutor;Colis�o com objeto;Com V�timas Feridas;Plena Noite;Decrescente;C�u Claro;Dupla;Reta;N�o;1;0;0;1;0;0;1;1;-8,06764002;-39,13472271;SPRF-PE;DEL05-PE;UOP01-DEL05-PE;;;
692211;18/05/2025;domingo;22:05:00;MA;226;297;BARRA DO CORDA;Desrespeitar a prefer�ncia no cruzamento;Colis�o frontal;Com V�timas Feridas;Plena Noite;Decrescente;C�u Claro;Simples;Reta;Sim;3;0;0;2;1;0;2;2;-5,50327781;-45,23443473;SPRF-MA;DEL06-MA;UOP01-DEL06-MA;;;
692212;18/05/2025;domingo;22:30:00;PI;222;113,9;BATALHA;Objeto est�tico sobre o leito carro��vel;Colis�o com objeto;Com V�timas Fatais;Plena Noite;Decrescente;C�u Claro;Simples;Reta;N�o;1;1;0;0;0;0;0;1;-4,113;-42,043;SPRF-PI;DEL02-PI;UOP01-DEL02-PI;;;
692213;18/05/2025;domingo;22:30:00;MG;116;710,2;MURIAE;Ingest�o de �lcool pelo condutor;Colis�o com objeto;Com V�timas Feridas;Plena Noite;Crescente;Nublado;Simples;"Aclive;Curva";N�o;1;0;1;0;0;0;1;1;-21,17992999;-42,37340927;SPRF-MG;DEL07-MG;UOP02-DEL07-MG;;;
692214;18/05/2025;domingo;22:00:00;MS;163;484;CAMPO GRANDE;Rea��o tardia ou ineficiente do condutor;Tombamento;Com V�timas Feridas;Plena Noite;Crescente;C�u Claro;Simples;Reta;N�o;1;0;1;0;0;0;1;1;-20,44753317;-54,54102223;SPRF-MS;DEL01-MS;UOP02-DEL01-MS;;;
692216;18/05/2025;domingo;23:10:00;MG;40;508,9;RIBEIRAO DAS NEVES;Demais falhas mec�nicas ou el�tricas;Colis�o traseira;Com V�timas Feridas;Plena Noite;Decrescente;C�u Claro;Dupla;Reta;Sim;3;0;1;0;2;0;1;2;-19,766336;-44,12937;SPRF-MG;DEL01-MG;UOP02-DEL01-MG;;;
692217;18/05/2025;domingo;21:00:00;PB;230;461,7;SOUSA;Ingest�o de �lcool pelo condutor;Colis�o frontal;Com V�timas Feridas;Plena Noite;Decrescente;C�u Claro;Simples;Reta;Sim;2;0;0;1;1;0;1;2;-6,778128;-38,222963;SPRF-PB;DEL03-PB;UOP03-DEL03-PB;;;
692219;18/05/2025;domingo;20:15:00;PR;376;494,9;PONTA GROSSA;Pedestre andava na pista;Atropelamento de Pedestre;Com V�timas Feridas;Plena Noite;Crescente;Nublado;Dupla;"Curva;Aclive";Sim;2;0;1;1;0;0;2;2;-25,13389619;-50,16690586;SPRF-PR;DEL03-PR;UOP04-DEL03-PR;;;
692220;18/05/2025;domingo;21:20:00;ES;262;56;MARECHAL FLORIANO;Ingest�o de �lcool pelo condutor;Capotamento;Com V�timas Feridas;Plena Noite;Decrescente;C�u Claro;Dupla;"Declive;Reta";Sim;2;0;0;1;1;0;1;1;-20,41275533;-40,75909495;SPRF-ES;DEL01-ES;UOP01-DEL01-ES;;;
692223;18/05/2025;domingo;22:20:00;GO;80;37;PADRE BERNARDO;Ultrapassagem Indevida;Colis�o frontal;Com V�timas Feridas;Plena Noite;Crescente;C�u Claro;Simples;Reta;N�o;2;0;2;0;0;0;2;2;-15,246;-48,270083;SPRF-DF;DEL03-DF;UOP02-DEL03-DF;;;
692225;19/05/2025;segunda-feira;00:30:00;SP;153;185,6;LINS;Condutor Dormindo;Sa�da de leito carro��vel;Com V�timas Feridas;Plena Noite;Decrescente;C�u Claro;Simples;Reta;N�o;1;0;1;0;0;0;1;1;-21,72973302;-49,83633935;SPRF-SP;DEL07-SP;UOP01-DEL07-SP;;;
692226;18/05/2025;domingo;23:30:00;PR;376;157,8;MANDAGUACU;Acumulo de �gua sobre o pavimento;Sa�da de leito carro��vel;Com V�timas Feridas;Plena Noite;Decrescente;Chuva;Dupla;"Curva;Declive;Interse��o de Vias";N�o;4;0;3;0;1;0;3;1;-23,35251;-52,09324;SPRF-PR;DEL09-PR;UOP02-DEL09-PR;;;
692227;18/05/2025;domingo;22:40:00;AL;104;93;RIO LARGO;Transitar no Acostamento;Colis�o frontal;Sem V�timas;Plena Noite;Crescente;Chuva;M�ltipla;Reta;Sim;2;0;0;0;0;2;0;2;-9,53075972;-35,7970175;SPRF-AL;DEL01-AL;UOP01-DEL01-AL;;;
692228;19/05/2025;segunda-feira;00:00:00;MS;262;325,3;CAMPO GRANDE;Falta de elemento de conten��o que evite a sa�da do leito carro��vel;Sa�da de leito carro��vel;Com V�timas Feridas;Plena Noite;Decrescente;C�u Claro;Dupla;Reta;Sim;1;0;0;1;0;0;1;1;-20,468094;-54,527265;SPRF-MS;DEL01-MS;UOP01-DEL01-MS;;;
692229;19/05/2025;segunda-feira;00:30:00;RJ;101;387;RIO DE JANEIRO;Rea��o tardia ou ineficiente do condutor;Colis�o com objeto;Com V�timas Feridas;Plena Noite;Crescente;C�u Claro;Dupla;Reta;N�o;2;0;2;0;0;0;2;1;-22,89175303;-43,66928101;SPRF-RJ;DEL03-RJ;UOP01-DEL03-RJ;;;
692230;19/05/2025;segunda-feira;00:50:00;RJ;101;300;SAO GONCALO;Rea��o tardia ou ineficiente do condutor;Capotamento;Com V�timas Feridas;Plena Noite;Decrescente;C�u Claro;Dupla;Reta;Sim;3;0;1;0;1;1;1;3;-22,77872392;-42,95607988;SPRF-RJ;DEL02-RJ;UOP02-DEL02-RJ;;;
692231;19/05/2025;segunda-feira;00:40:00;RJ;40;58;PETROPOLIS;Acessar a via sem observar a presen�a dos outros ve�culos;Capotamento;Com V�timas Feridas;Plena Noite;Decrescente;Ignorado;Dupla;Reta;N�o;3;0;1;0;2;0;1;1;-22,28224;-43,1259648;SPRF-RJ;DEL05-RJ;UOP02-DEL05-RJ;;;
692235;19/05/2025;segunda-feira;02:00:00;PR;277;5,3;PARANAGUA;Aus�ncia de rea��o do condutor;Sa�da de leito carro��vel;Com V�timas Feridas;Plena Noite;Decrescente;Nublado;Dupla;Reta;N�o;1;0;1;0;0;0;1;1;-25,557799;-48,570091;SPRF-PR;DEL01-PR;UOP05-DEL01-PR;;;
692236;19/05/2025;segunda-feira;02:40:00;MG;381;5;BETIM;Pedestre - Ingest�o de �lcool/ subst�ncias psicoativas;Sa�da de leito carro��vel;Com V�timas Feridas;Plena Noite;Crescente;C�u Claro;Dupla;Reta;N�o;2;0;2;0;0;0;2;1;-19,98879597;-44,1880846;SPRF-MG;DEL01-MG;UOP03-DEL01-MG;;;
692238;19/05/2025;segunda-feira;01:45:00;MG;116;665,1;SAO FRANCISCO DO GLORIA;Condutor Dormindo;Colis�o com objeto;Com V�timas Feridas;Plena Noite;Decrescente;C�u Claro;Simples;Reta;N�o;1;0;0;1;0;0;1;1;-20,83418123;-42,32210616;SPRF-MG;DEL07-MG;UOP02-DEL07-MG;;;
692239;19/05/2025;segunda-feira;02:32:00;RS;116;243;SAO LEOPOLDO;Rea��o tardia ou ineficiente do condutor;Colis�o com objeto;Sem V�timas;Plena Noite;Decrescente;Chuva;Dupla;"Reta;Interse��o de Vias";Sim;1;0;0;0;1;0;0;1;-29,7306012;-51,14964008;SPRF-RS;DEL01-RS;UOP02-DEL01-RS;;;
692240;19/05/2025;segunda-feira;02:44:00;ES;101;150;LINHARES;Rea��o tardia ou ineficiente do condutor;Colis�o com objeto;Sem V�timas;Plena Noite;Decrescente;Garoa/Chuvisco;Simples;"Reta;Ponte";N�o;1;0;0;0;1;0;0;1;-19,41284962;-40,06645203;SPRF-ES;DEL04-ES;UOP01-DEL04-ES;;;
692241;19/05/2025;segunda-feira;04:15:00;RS;287;279;SAO PEDRO DO SUL;Animais na Pista;Atropelamento de Animal;Com V�timas Feridas;Plena Noite;Decrescente;Nublado;Simples;"Reta;Declive";N�o;1;0;1;0;0;0;1;1;-29,644736;-54,164773;SPRF-RS;DEL09-RS;UOP01-DEL09-RS;;;
692242;19/05/2025;segunda-feira;04:30:00;SP;116;443;REGISTRO;Condutor Dormindo;Sa�da de leito carro��vel;Com V�timas Feridas;Plena Noite;Decrescente;Nevoeiro/Neblina;Dupla;Reta;N�o;8;0;3;0;5;0;3;1;-24,49269429;-47,83719778;SPRF-SP;DEL05-SP;UOP01-DEL05-SP;;;
692243;19/05/2025;segunda-feira;04:54:00;MG;381;493;BETIM;Condutor deixou de manter dist�ncia do ve�culo da frente;Colis�o traseira;Com V�timas Feridas;Plena Noite;Decrescente;C�u Claro;Dupla;Reta;Sim;2;0;1;0;1;0;1;2;-19,965;-44,173;SPRF-MG;DEL01-MG;UOP03-DEL01-MG;;;
692249;18/05/2025;domingo;23:00:00;SC;282;379,5;HERVAL DOESTE;Ingest�o de �lcool pelo condutor;Colis�o com objeto;Sem V�timas;Plena Noite;Crescente;C�u Claro;Simples;"Interse��o de Vias;Rotat�ria";N�o;2;0;0;0;1;1;0;2;-27,20036579;-51,50785446;SPRF-SC;DEL07-SC;UOP05-DEL07-SC;;;
692254;19/05/2025;segunda-feira;06:15:00;AL;104;93,2;RIO LARGO;�rea urbana sem a presen�a de local apropriado para a travessia de pedestres;Atropelamento de Pedestre;Com V�timas Feridas;Pleno dia;Decrescente;Chuva;Dupla;Reta;Sim;2;0;1;0;1;0;1;2;-9,526891;-35,798877;SPRF-AL;DEL01-AL;UOP01-DEL01-AL;;;
692255;19/05/2025;segunda-feira;06:40:00;SC;116;183;SAO CRISTOVAO DO SUL;Animais na Pista;Atropelamento de Animal;Com V�timas Feridas;Amanhecer;Crescente;Nevoeiro/Neblina;Simples;Curva;N�o;3;0;2;0;1;0;2;1;-27,28444527;-50,43360829;SPRF-SC;DEL05-SC;UOP03-DEL05-SC;;;
692257;18/05/2025;domingo;23:40:00;MA;230;570;CAROLINA;Rea��o tardia ou ineficiente do condutor;Sa�da de leito carro��vel;Com V�timas Fatais;Plena Noite;Decrescente;C�u Claro;Simples;"Reta;Ponte";N�o;1;1;0;0;0;0;0;1;-7,34557444;-47,44398812;SPRF-MA;DEL05-MA;UOP01-DEL05-MA;;;
692258;19/05/2025;segunda-feira;04:40:00;SP;116;227;GUARULHOS;Sinaliza��o encoberta;Colis�o com objeto;Com V�timas Feridas;Amanhecer;Decrescente;Nublado;M�ltipla;Declive;Sim;1;0;1;0;0;0;1;1;-23,49968522;-46,56130968;SPRF-SP;DEL01-SP;UOP01-DEL01-SP;;;
692259;19/05/2025;segunda-feira;06:35:00;PR;369;159,4;CAMBE;Transitar no Acostamento;Colis�o traseira;Com V�timas Feridas;Pleno dia;Crescente;C�u Claro;Dupla;"Interse��o de Vias;Reta";N�o;2;0;1;0;1;0;1;2;-23,2840619;-51,243678;SPRF-PR;DEL07-PR;UOP01-DEL07-PR;;;
692262;19/05/2025;segunda-feira;05:50:00;PI;343;262;CAMPO MAIOR;Ingest�o de �lcool pelo condutor;Sa�da de leito carro��vel;Com V�timas Feridas;Pleno dia;Crescente;C�u Claro;Simples;Curva;N�o;1;0;1;0;0;0;1;1;-4,80301838;-42,13392735;SPRF-PI;DEL01-PI;UOP03-DEL01-PI;;;
692263;19/05/2025;segunda-feira;05:30:00;RN;304;235,8;RIACHUELO;Ultrapassagem Indevida;Colis�o lateral mesmo sentido;Com V�timas Fatais;Amanhecer;Crescente;C�u Claro;Simples;Reta;N�o;3;1;2;0;0;0;2;2;-5,7704022;-35,85802317;SPRF-RN;DEL01-RN;UOP02-DEL01-RN;;;
692264;19/05/2025;segunda-feira;06:50:00;PR;277;594,5;CASCAVEL;Pedestre cruzava a pista fora da faixa;Atropelamento de Pedestre;Com V�timas Feridas;Amanhecer;Crescente;Sol;Simples;Reta;Sim;3;0;0;1;2;0;1;2;-24,979535;-53,4980002;SPRF-PR;DEL04-PR;UOP01-DEL04-PR;;;
692265;19/05/2025;segunda-feira;07:15:00;ES;101;245,9;SERRA;Demais falhas mec�nicas ou el�tricas;Inc�ndio;Sem V�timas;Pleno dia;Crescente;Nublado;Dupla;Reta;N�o;1;0;0;0;1;0;0;1;-20,0488636;-40,3866951;SPRF-ES;DEL02-ES;UOP01-DEL02-ES;;;
692267;19/05/2025;segunda-feira;06:20:00;AL;101;70;MESSIAS;Acumulo de �gua sobre o pavimento;Capotamento;Com V�timas Feridas;Pleno dia;Decrescente;Chuva;Dupla;Reta;N�o;1;0;1;0;0;0;1;1;-9,37327732;-35,82839012;SPRF-AL;DEL01-AL;UOP02-DEL01-AL;;;
692268;19/05/2025;segunda-feira;07:10:00;RS;158;330;SANTA MARIA;Acessar a via sem observar a presen�a dos outros ve�culos;Colis�o transversal;Com V�timas Feridas;Pleno dia;Crescente;Garoa/Chuvisco;Dupla;Rotat�ria;Sim;2;0;1;0;1;0;1;2;-29,7004455;-53,84116022;SPRF-RS;DEL09-RS;UOP01-DEL09-RS;;;
692269;19/05/2025;segunda-feira;07:17:00;RN;304;295,6;MACAIBA;Rea��o tardia ou ineficiente do condutor;Colis�o traseira;Sem V�timas;Pleno dia;Crescente;Nublado;Simples;"Reta;Em Obras;Desvio Tempor�rio";Sim;5;0;0;0;5;0;0;2;-5,865495;-35,354597;SPRF-RN;DEL01-RN;UOP02-DEL01-RN;;;
692270;18/05/2025;domingo;23:55:00;MG;262;401,1;PARA DE MINAS;Condutor Dormindo;Colis�o com objeto;Com V�timas Feridas;Plena Noite;Crescente;Vento;Dupla;Curva;N�o;2;0;0;1;0;1;1;2;-19,88587361;-44,60915566;SPRF-MG;DEL01-MG;UOP03-DEL01-MG;;;
692271;19/05/2025;segunda-feira;06:25:00;RS;471;656,7;SANTA VITORIA DO PALMAR;Animais na Pista;Atropelamento de Animal;Sem V�timas;Plena Noite;Decrescente;C�u Claro;Simples;Reta;N�o;2;0;0;0;2;0;0;1;-33,50933937;-53,32605958;SPRF-RS;DEL07-RS;UOP04-DEL07-RS;;;
692273;19/05/2025;segunda-feira;06:35:00;SP;153;206,7;GUAIMBE;Pista esburacada;Tombamento;Com V�timas Feridas;Pleno dia;Decrescente;Sol;Simples;"Reta;Declive";N�o;1;0;1;0;0;0;1;1;-21,887638;-49,90937;SPRF-SP;DEL07-SP;UOP01-DEL07-SP;;;
692274;19/05/2025;segunda-feira;06:55:00;ES;101;146;LINHARES;Manobra de mudan�a de faixa;Colis�o lateral mesmo sentido;Com V�timas Feridas;Pleno dia;Crescente;C�u Claro;Dupla;Reta;N�o;2;0;1;0;1;0;1;2;-19,37129579;-40,06595901;SPRF-ES;DEL04-ES;UOP01-DEL04-ES;;;
692275;19/05/2025;segunda-feira;06:50:00;PB;230;22;JOAO PESSOA;Rea��o tardia ou ineficiente do condutor;Tombamento;Com V�timas Feridas;Pleno dia;Decrescente;Nublado;Dupla;Reta;Sim;2;0;2;0;0;0;2;1;-7,14654501;-34,85064805;SPRF-PB;DEL01-PB;UOP01-DEL01-PB;;;
692276;19/05/2025;segunda-feira;07:15:00;SC;280;38,9;ARAQUARI;Velocidade Incompat�vel;Sa�da de leito carro��vel;Com V�timas Feridas;Pleno dia;Crescente;C�u Claro;Simples;Desvio Tempor�rio;N�o;1;0;0;1;0;0;1;1;-26,448434;-48,83631;SPRF-SC;DEL03-SC;UOP03-DEL03-SC;;;
692278;19/05/2025;segunda-feira;06:35:00;SC;470;320,7;CAMPOS NOVOS;Transitar na contram�o;Colis�o frontal;Com V�timas Fatais;Amanhecer;Crescente;Garoa/Chuvisco;Simples;Curva;N�o;28;2;0;0;26;0;0;2;-27,420677;-51,237977;SPRF-SC;DEL07-SC;UOP06-DEL07-SC;;;
692279;19/05/2025;segunda-feira;07:30:00;MG;40;656,9;CARANDAI;Aus�ncia de rea��o do condutor;Sa�da de leito carro��vel;Com V�timas Feridas;Pleno dia;Decrescente;C�u Claro;Simples;"Curva;Declive";N�o;1;0;1;0;0;0;1;1;-20,882396;-43,805946;SPRF-MG;DEL05-MG;UOP02-DEL05-MG;;;
692280;19/05/2025;segunda-feira;07:20:00;RS;116;38,4;VACARIA;Acessar a via sem observar a presen�a dos outros ve�culos;Colis�o transversal;Com V�timas Feridas;Amanhecer;Decrescente;Nublado;Simples;Interse��o de Vias;Sim;4;0;0;1;2;1;1;4;-28,508759;-50,928834;SPRF-RS;DEL05-RS;UOP03-DEL05-RS;;;
692281;19/05/2025;segunda-feira;03:30:00;MG;381;155;GOVERNADOR VALADARES;Rea��o tardia ou ineficiente do condutor;Queda de ocupante de ve�culo;Com V�timas Feridas;Pleno dia;Crescente;C�u Claro;Dupla;Reta;N�o;2;0;0;2;0;0;2;1;-18,91115843;-42,00759888;SPRF-MG;DEL06-MG;UOP01-DEL06-MG;;;
692282;19/05/2025;segunda-feira;06:47:00;PR;369;159;CAMBE;Velocidade Incompat�vel;Colis�o traseira;Com V�timas Feridas;Pleno dia;Crescente;Sol;Dupla;"Reta;Aclive";Sim;2;0;1;0;1;0;1;2;-23,284;-51,246;SPRF-PR;DEL07-PR;UOP01-DEL07-PR;;;
692283;19/05/2025;segunda-feira;07:15:00;MG;40;271;SAO GONCALO DO ABAETE;Neblina;Tombamento;Com V�timas Feridas;Amanhecer;Decrescente;Nevoeiro/Neblina;Simples;Reta;N�o;2;0;1;0;1;0;1;1;-18,18537431;-45,25939107;SPRF-MG;DEL14-MG;UOP02-DEL14-MG;;;
692284;19/05/2025;segunda-feira;08:00:00;SC;101;117,9;ITAJAI;Condutor deixou de manter dist�ncia do ve�culo da frente;Tombamento;Com V�timas Feridas;Pleno dia;Crescente;C�u Claro;M�ltipla;Reta;N�o;3;0;1;0;0;2;1;3;-26,88820177;-48,72323608;SPRF-SC;DEL04-SC;UOP04-DEL04-SC;;;
692285;19/05/2025;segunda-feira;08:10:00;PR;369;178;ROLANDIA;Curva acentuada;Sa�da de leito carro��vel;Com V�timas Feridas;Pleno dia;Crescente;C�u Claro;Dupla;Curva;N�o;1;0;1;0;0;0;1;1;-23,3582194;-51,3964569;SPRF-PR;DEL07-PR;UOP01-DEL07-PR;;;
692287;19/05/2025;segunda-feira;07:45:00;SP;116;138;SAO JOSE DOS CAMPOS;Trafegar com motocicleta (ou similar) entre as faixas;Eventos at�picos;Com V�timas Feridas;Pleno dia;Crescente;Sol;Dupla;"Reta;Aclive";N�o;2;0;1;0;1;0;1;2;-23,15968987;-45,80048768;SPRF-SP;DEL02-SP;UOP01-DEL02-SP;;;
692288;19/05/2025;segunda-feira;08:30:00;MG;381;498;BETIM;Aus�ncia de rea��o do condutor;Sa�da de leito carro��vel;Com V�timas Feridas;Pleno dia;Decrescente;C�u Claro;Dupla;"Curva;Interse��o de Vias";Sim;1;0;1;0;0;0;1;1;-19,9878231;-44,20293468;SPRF-MG;DEL01-MG;UOP03-DEL01-MG;;;
692290;19/05/2025;segunda-feira;08:00:00;PR;116;109;CURITIBA;Aus�ncia de rea��o do condutor;Colis�o traseira;Com V�timas Feridas;Pleno dia;Decrescente;Chuva;Dupla;Reta;N�o;2;0;1;0;1;0;1;2;-25,563905;-49,253336;SPRF-PR;DEL01-PR;UOP03-DEL01-PR;;;
692291;19/05/2025;segunda-feira;07:30:00;MG;40;806,5;MATIAS BARBOSA;Rea��o tardia ou ineficiente do condutor;Colis�o traseira;Com V�timas Feridas;Pleno dia;Decrescente;Nevoeiro/Neblina;Dupla;Curva;N�o;2;0;2;0;0;0;2;2;-21,87779722;-43,33790588;SPRF-MG;DEL05-MG;UOP01-DEL05-MG;;;
692292;19/05/2025;segunda-feira;09:00:00;MG;262;120;RIO CASCA;Condutor deixou de manter dist�ncia do ve�culo da frente;Colis�o traseira;Com V�timas Feridas;Pleno dia;Crescente;Sol;Simples;"Reta;Rotat�ria";N�o;2;0;1;0;1;0;1;2;-20,2142481;-42,6560279;SPRF-MG;DEL03-MG;UOP03-DEL03-MG;;;
692294;19/05/2025;segunda-feira;09:00:00;PR;467;110;CASCAVEL;Manobra de mudan�a de faixa;Sa�da de leito carro��vel;Com V�timas Feridas;Pleno dia;Decrescente;C�u Claro;Dupla;Reta;Sim;1;0;1;0;0;0;1;1;-24,9278102;-53,4542221;SPRF-PR;DEL04-PR;UOP01-DEL04-PR;;;
692295;19/05/2025;segunda-feira;08:55:00;PA;163;994;SANTAREM;Ultrapassagem Indevida;Tombamento;Com V�timas Feridas;Pleno dia;Crescente;C�u Claro;Simples;Reta;N�o;1;0;1;0;0;0;1;1;-2,52466301;-54,72268403;SPRF-PA;DEL05-PA;UOP01-DEL05-PA;;;
692296;18/05/2025;domingo;23:00:00;BA;324;350;QUIXABEIRA;Rea��o tardia ou ineficiente do condutor;Sa�da de leito carro��vel;Com V�timas Feridas;Plena Noite;Crescente;Chuva;Simples;Reta;N�o;1;0;0;1;0;0;1;1;-11,3585;-40,066;SPRF-BA;DEL04-BA;UOP02-DEL04-BA;;;
692299;19/05/2025;segunda-feira;08:45:00;PE;101;58;RECIFE;Transitar no Acostamento;Colis�o lateral mesmo sentido;Com V�timas Feridas;Pleno dia;Crescente;C�u Claro;Dupla;Reta;N�o;3;0;2;0;0;1;2;2;-7,979272;-34,929123;SPRF-PE;DEL01-PE;UOP02-DEL01-PE;;;
692300;19/05/2025;segunda-feira;07:00:00;RJ;101;322;NITEROI;Condutor deixou de manter dist�ncia do ve�culo da frente;Queda de ocupante de ve�culo;Com V�timas Feridas;Pleno dia;Crescente;C�u Claro;M�ltipla;Reta;Sim;1;0;1;0;0;0;1;1;-22,8818944;-43,1095808;SPRF-RJ;DEL02-RJ;UOP01-DEL02-RJ;;;
692301;19/05/2025;segunda-feira;09:00:00;PR;376;451;TIBAGI;Velocidade Incompat�vel;Capotamento;Com V�timas Feridas;Pleno dia;Crescente;Nublado;Dupla;"Declive;Curva";N�o;1;0;1;0;0;0;1;1;-24,87718667;-50,4420826;SPRF-PR;DEL03-PR;UOP02-DEL03-PR;;;
692302;19/05/2025;segunda-feira;09:30:00;ES;101;125,9;SOORETAMA;Mal s�bito do condutor;Colis�o com objeto;Com V�timas Feridas;Pleno dia;Crescente;Chuva;M�ltipla;Reta;Sim;1;0;1;0;0;0;1;1;-19,19332932;-40,09507505;SPRF-ES;DEL04-ES;UOP01-DEL04-ES;;;