id;data_inversa;dia_semana;horario;uf;br;km;municipio;causa_acidente;tipo_acidente;classificacao_acidente;fase_dia;sentido_via;condicao_metereologica;tipo_pista;tracado_via;uso_solo;pessoas;mortos;feridos_leves;feridos_graves;ilesos;ignorados;feridos;veiculos;latitude;longitude;regional;delegacia;uop;;;
692305;19/05/2025;segunda-feira;08:50:00;RJ;101;321;NITEROI;Trafegar com motocicleta (ou similar) entre as faixas;Tombamento;Com V�timas Feridas;Pleno dia;Crescente;C�u Claro;M�ltipla;Reta;Sim;2;0;1;0;0;1;1;1;-22,87391059;-43,11014839;SPRF-RJ;DEL02-RJ;UOP01-DEL02-RJ;;;
692306;19/05/2025;segunda-feira;07:30:00;PR;277;206,9;PALMEIRA;Rea��o tardia ou ineficiente do condutor;Colis�o com objeto;Sem V�timas;Pleno dia;Crescente;Garoa/Chuvisco;Simples;Curva;N�o;1;0;0;0;1;0;0;1;-25,470977;-50,277988;SPRF-PR;DEL08-PR;UOP02-DEL08-PR;;;
692307;19/05/2025;segunda-feira;08:11:00;RJ;101;481;ANGRA DOS REIS;Rea��o tardia ou ineficiente do condutor;Atropelamento de Pedestre;Com V�timas Feridas;Pleno dia;Decrescente;C�u Claro;Simples;Reta;Sim;2;0;2;0;0;0;2;2;-23,00608172;-44,2936724;SPRF-RJ;DEL03-RJ;UOP03-DEL03-RJ;;;
692308;17/05/2025;s�bado;19:20:00;BA;418;123;NOVA VICOSA;Animais na Pista;Colis�o lateral sentido oposto;Com V�timas Feridas;Plena Noite;Decrescente;Nublado;Simples;Reta;N�o;4;0;1;0;3;0;1;2;-17,89271499;-40,06011128;SPRF-BA;DEL09-BA;UOP02-DEL09-BA;;;
692309;19/05/2025;segunda-feira;06:30:00;RO;364;415;JARU;Condutor Dormindo;Sa�da de leito carro��vel;Sem V�timas;Amanhecer;Crescente;C�u Claro;Simples;"Reta;Aclive";N�o;1;0;0;0;0;1;0;1;-10,50446683;-62,41201699;SPRF-RO;DEL03-RO;UOP02-DEL03-RO;;;
692310;19/05/2025;segunda-feira;09:40:00;MG;50;189;UBERABA;Rea��o tardia ou ineficiente do condutor;Sa�da de leito carro��vel;Com V�timas Feridas;Pleno dia;Crescente;C�u Claro;Dupla;Reta;N�o;1;0;1;0;0;0;1;1;-19,82419274;-47,89111789;SPRF-MG;DEL13-MG;UOP01-DEL13-MG;;;
692312;19/05/2025;segunda-feira;09:40:00;SP;116;218;GUARULHOS;Aus�ncia de rea��o do condutor;Colis�o lateral mesmo sentido;Com V�timas Feridas;Pleno dia;Crescente;Nublado;M�ltipla;Reta;Sim;2;0;1;0;1;0;1;2;-23,45555;-46,475549;SPRF-SP;DEL01-SP;UOP01-DEL01-SP;;;
692314;19/05/2025;segunda-feira;09:05:00;PR;277;682;MEDIANEIRA;Aus�ncia de rea��o do condutor;Sa�da de leito carro��vel;Com V�timas Feridas;Pleno dia;Decrescente;C�u Claro;Dupla;Reta;N�o;1;0;1;0;0;0;1;1;-25,30623833;-54,13736193;SPRF-PR;DEL05-PR;UOP01-DEL05-PR;;;
692315;19/05/2025;segunda-feira;10:00:00;PE;101;45;IGARASSU;Manobra de mudan�a de faixa;Colis�o traseira;Sem V�timas;Pleno dia;Crescente;C�u Claro;M�ltipla;Reta;Sim;5;0;0;0;5;0;0;3;-7,866655;-34,907248;SPRF-PE;DEL01-PE;UOP02-DEL01-PE;;;
692316;19/05/2025;segunda-feira;10:10:00;RN;101;84,2;NATAL;Entrada inopinada do pedestre;Atropelamento de Pedestre;Com V�timas Feridas;Pleno dia;Decrescente;Nublado;Dupla;Reta;Sim;3;0;1;0;0;2;1;2;-5,7745;-35,257063;SPRF-RN;DEL02-RN;UOP01-DEL02-RN;;;
692317;19/04/2025;s�bado;08:30:00;SC;280;4;SAO FRANCISCO DO SUL;Aus�ncia de rea��o do condutor;Colis�o traseira;Com V�timas Feridas;Pleno dia;Decrescente;Ignorado;Simples;Reta;Sim;2;0;1;0;1;0;1;2;-26,253143;-48,618982;SPRF-SC;DEL03-SC;UOP03-DEL03-SC;;;
692320;19/05/2025;segunda-feira;10:00:00;AL;101;38;FLEXEIRAS;Aus�ncia de rea��o do condutor;Sa�da de leito carro��vel;Com V�timas Feridas;Pleno dia;Decrescente;Chuva;Dupla;Curva;N�o;5;0;3;0;1;1;3;2;-9,171239;-35,774311;SPRF-AL;DEL01-AL;UOP02-DEL01-AL;;;
692321;19/05/2025;segunda-feira;09:00:00;PE;232;123;CARUARU;Aus�ncia de rea��o do condutor;Engavetamento;Sem V�timas;Pleno dia;Crescente;Chuva;Dupla;Declive;N�o;3;0;0;0;3;0;0;3;-8,3017752;-35,91672492;SPRF-PE;DEL02-PE;UOP01-DEL02-PE;;;
692323;19/05/2025;segunda-feira;09:00:00;SC;282;68,4;RANCHO QUEIMADO;Acumulo de �leo sobre o pavimento;Tombamento;Com V�timas Feridas;Pleno dia;Decrescente;Nublado;Simples;Curva;N�o;2;0;0;2;0;0;2;1;-27,69349295;-49,08051666;SPRF-SC;DEL01-SC;UOP03-DEL01-SC;;;
692324;19/05/2025;segunda-feira;08:00:00;RO;425;127;GUAJARA-MIRIM;Aus�ncia de rea��o do condutor;Colis�o traseira;Com V�timas Feridas;Pleno dia;Crescente;C�u Claro;Dupla;Reta;Sim;2;0;1;0;1;0;1;2;-10,77497564;-65,32754928;SPRF-RO;DEL01-RO;UOP03-DEL01-RO;;;
692325;21/04/2025;segunda-feira;18:50:00;SC;101;123;ITAJAI;Rea��o tardia ou ineficiente do condutor;Tombamento;Com V�timas Feridas;Anoitecer;Crescente;Nublado;M�ltipla;Reta;Sim;1;0;1;0;0;0;1;1;-26,93414645;-48,7013036;SPRF-SC;DEL04-SC;UOP04-DEL04-SC;;;
692327;19/05/2025;segunda-feira;10:50:00;MG;381;392;BARAO DE COCAIS;Manobra de mudan�a de faixa;Colis�o traseira;Com V�timas Feridas;Pleno dia;Crescente;Sol;Dupla;"Reta;Declive;Em Obras";N�o;3;0;1;1;1;0;2;2;-19,791678;-43,42805;SPRF-MG;DEL01-MG;UOP01-DEL01-MG;;;
692329;19/05/2025;segunda-feira;11:00:00;BA;116;14,9;VITORIA DA CONQUISTA;Rea��o tardia ou ineficiente do condutor;Colis�o traseira;Sem V�timas;Pleno dia;Crescente;C�u Claro;Simples;Reta;N�o;2;0;0;0;2;0;0;2;-14,89805487;-40,85763428;SPRF-BA;DEL08-BA;UOP01-DEL08-BA;;;
692330;19/05/2025;segunda-feira;11:30:00;PR;476;157,8;ARAUCARIA;Acessar a via sem observar a presen�a dos outros ve�culos;Colis�o transversal;Sem V�timas;Pleno dia;Crescente;Nublado;Simples;Interse��o de Vias;N�o;2;0;0;0;2;0;0;2;-25,60632825;-49,42115871;SPRF-PR;DEL01-PR;UOP06-DEL01-PR;;;
692331;19/05/2025;segunda-feira;09:50:00;MT;158;593,8;AGUA BOA;Rea��o tardia ou ineficiente do condutor;Colis�o traseira;Sem V�timas;Pleno dia;Decrescente;Sol;Simples;Reta;N�o;2;0;0;0;1;1;0;2;-14,0868958;-52,1609955;SPRF-MT;DEL07-MT;UOP02-DEL07-MT;;;
692336;19/05/2025;segunda-feira;11:40:00;GO;60;296;ACREUNA;Rea��o tardia ou ineficiente do condutor;Capotamento;Com V�timas Feridas;Pleno dia;Crescente;C�u Claro;Dupla;Reta;N�o;1;0;1;0;0;0;1;1;-17,353942;-50,327197;SPRF-GO;DEL04-GO;UOP02-DEL04-GO;;;
692337;15/05/2025;quinta-feira;07:30:00;MG;40;820;SIMAO PEREIRA;Animais na Pista;Sa�da de leito carro��vel;Com V�timas Feridas;Pleno dia;Decrescente;C�u Claro;Dupla;"Declive;Reta";N�o;1;0;1;0;0;0;1;1;-21,95653881;-43,29849243;SPRF-MG;DEL05-MG;UOP01-DEL05-MG;;;
692340;19/05/2025;segunda-feira;11:30:00;SC;282;576,4;PINHALZINHO;Rea��o tardia ou ineficiente do condutor;Colis�o traseira;Com V�timas Feridas;Pleno dia;Crescente;Sol;Simples;Reta;Sim;2;0;0;1;1;0;1;2;-26,85637445;-52,98029635;SPRF-SC;DEL07-SC;UOP02-DEL07-SC;;;
692341;19/05/2025;segunda-feira;13:35:00;PB;101;88,5;JOAO PESSOA;Rea��o tardia ou ineficiente do condutor;Queda de ocupante de ve�culo;Com V�timas Feridas;Pleno dia;Decrescente;Sol;Simples;"Curva;Viaduto";Sim;1;0;1;0;0;0;1;1;-7,164705;-34,894982;SPRF-PB;DEL01-PB;UOP01-DEL01-PB;;;
692342;19/05/2025;segunda-feira;13:00:00;RN;406;169;SAO GONCALO DO AMARANTE;Condutor deixou de manter dist�ncia do ve�culo da frente;Colis�o traseira;Com V�timas Feridas;Pleno dia;Crescente;C�u Claro;Dupla;Reta;Sim;3;0;2;0;1;0;2;2;-5,753413;-35,312227;SPRF-RN;DEL02-RN;UOP01-DEL02-RN;;;
692347;19/05/2025;segunda-feira;12:50:00;MA;10;310;ACAILANDIA;Transitar na contram�o;Colis�o frontal;Com V�timas Feridas;Pleno dia;Crescente;C�u Claro;Simples;Reta;N�o;2;0;0;2;0;0;2;2;-5,02311;-47,547737;SPRF-MA;DEL04-MA;UOP03-DEL04-MA;;;
692348;19/05/2025;segunda-feira;14:45:00;SP;153;62,2;SAO JOSE DO RIO PRETO;Rea��o tardia ou ineficiente do condutor;Colis�o traseira;Com V�timas Feridas;Pleno dia;Crescente;C�u Claro;Dupla;Reta;Sim;2;0;1;0;1;0;1;2;-20,814794;-49,35711;SPRF-SP;DEL09-SP;UOP01-DEL09-SP;;;
692349;19/05/2025;segunda-feira;12:52:00;BA;101;68;ENTRE RIOS;Rea��o tardia ou ineficiente do condutor;Capotamento;Com V�timas Feridas;Pleno dia;Decrescente;C�u Claro;Dupla;Reta;N�o;1;0;1;0;0;0;1;1;-11,96844054;-38,12816039;SPRF-BA;DEL01-BA;UOP04-DEL01-BA;;;
692350;19/05/2025;segunda-feira;14:30:00;PB;101;91,2;JOAO PESSOA;Animais na Pista;Atropelamento de Animal;Com V�timas Feridas;Pleno dia;Decrescente;C�u Claro;Dupla;Reta;Sim;2;0;2;0;0;0;2;1;-7,190017;-34,903605;SPRF-PB;DEL01-PB;UOP01-DEL01-PB;;;
692352;19/05/2025;segunda-feira;07:10:00;SC;101;281,9;IMBITUBA;Condutor Dormindo;Colis�o traseira;Com V�timas Fatais;Pleno dia;Crescente;Nublado;M�ltipla;"Reta;Aclive";N�o;2;1;0;0;1;0;0;2;-28,211842;-48,69952;SPRF-SC;DEL02-SC;UOP03-DEL02-SC;;;
692353;19/05/2025;segunda-feira;11:50:00;PE;232;232;SERRA TALHADA;Acumulo de �gua sobre o pavimento;Tombamento;Com V�timas Feridas;Pleno dia;Decrescente;Chuva;Simples;Retorno Regulamentado;Sim;2;0;2;0;0;0;2;1;-7,9821859;-38,2960191;SPRF-PE;DEL03-PE;UOP02-DEL03-PE;;;
692354;19/05/2025;segunda-feira;14:30:00;RN;101;103;PARNAMIRIM;Acesso irregular;Colis�o traseira;Com V�timas Feridas;Pleno dia;Crescente;C�u Claro;Dupla;Viaduto;Sim;2;0;1;0;0;1;1;2;-5,89164379;-35,25882907;SPRF-RN;DEL01-RN;UOP01-DEL01-RN;;;
692356;19/05/2025;segunda-feira;14:28:00;PA;230;123;MARABA;Acessar a via sem observar a presen�a dos outros ve�culos;Colis�o transversal;Com V�timas Feridas;Pleno dia;Decrescente;C�u Claro;Dupla;"Reta;Retorno Regulamentado;Interse��o de Vias";Sim;4;0;1;0;3;0;1;3;-5,369648;-49,130448;SPRF-PA;DEL03-PA;UOP01-DEL03-PA;;;
692357;19/05/2025;segunda-feira;14:15:00;BA;116;422,9;FEIRA DE SANTANA;Desrespeitar a prefer�ncia no cruzamento;Colis�o transversal;Com V�timas Feridas;Pleno dia;Decrescente;Sol;Dupla;"Interse��o de Vias;Reta;Retorno Regulamentado";Sim;2;0;1;0;1;0;1;2;-12,23177372;-38,97113141;SPRF-BA;DEL02-BA;UOP01-DEL02-BA;;;
692358;19/05/2025;segunda-feira;15:00:00;RS;386;341,7;LAJEADO;Aus�ncia de rea��o do condutor;Sa�da de leito carro��vel;Sem V�timas;Amanhecer;Decrescente;C�u Claro;Dupla;"Curva;Desvio Tempor�rio;Em Obras";N�o;1;0;0;0;0;1;0;1;-29,43135454;-52,01240413;SPRF-RS;DEL04-RS;UOP01-DEL04-RS;;;
692360;19/05/2025;segunda-feira;13:30:00;MT;163;838;SINOP;Convers�o proibida;Colis�o transversal;Com V�timas Feridas;Pleno dia;Decrescente;Sol;Simples;"Em Obras;Interse��o de Vias;Reta";Sim;2;0;0;1;1;0;1;2;-11,83434909;-55,48823852;SPRF-MT;DEL06-MT;UOP02-DEL06-MT;;;
692361;19/05/2025;segunda-feira;14:30:00;MS;262;371,8;TERENOS;Ultrapassagem Indevida;Colis�o frontal;Com V�timas Fatais;Pleno dia;Decrescente;Sol;Simples;Reta;N�o;3;1;0;1;1;0;1;2;-20,483922;-54,796264;SPRF-MS;DEL01-MS;UOP03-DEL01-MS;;;
692362;19/05/2025;segunda-feira;14:55:00;RS;116;261;PORTO ALEGRE;Aus�ncia de rea��o do condutor;Sa�da de leito carro��vel;Sem V�timas;Pleno dia;Decrescente;C�u Claro;M�ltipla;Reta;Sim;1;0;0;0;1;0;0;1;-29,9696128;-51,167232;SPRF-RS;DEL01-RS;UOP01-DEL01-RS;;;
692363;19/05/2025;segunda-feira;14:40:00;PR;116;129;FAZENDA RIO GRANDE;Aus�ncia de rea��o do condutor;Colis�o traseira;Com V�timas Feridas;Pleno dia;Crescente;C�u Claro;Dupla;Reta;Sim;3;0;1;0;2;0;1;2;-25,667921;-49,314273;SPRF-PR;DEL01-PR;UOP03-DEL01-PR;;;
692364;19/05/2025;segunda-feira;15:14:00;PE;101;48;ABREU E LIMA;Acessar a via sem observar a presen�a dos outros ve�culos;Colis�o transversal;Com V�timas Feridas;Pleno dia;Decrescente;C�u Claro;Simples;"Retorno Regulamentado;Reta";Sim;4;0;3;0;1;0;3;2;-7,892915;-34,903258;SPRF-PE;DEL01-PE;UOP02-DEL01-PE;;;
692365;19/05/2025;segunda-feira;15:50:00;PB;101;90,2;JOAO PESSOA;Acessar a via sem observar a presen�a dos outros ve�culos;Colis�o transversal;Com V�timas Feridas;Pleno dia;Crescente;Sol;Dupla;"Retorno Regulamentado;Reta";Sim;2;0;1;0;1;0;1;2;-7,18123511;-34,90083933;SPRF-PB;DEL01-PB;UOP01-DEL01-PB;;;
692370;19/05/2025;segunda-feira;15:30:00;MG;381;780;CAMPANHA;Condutor Dormindo;Sa�da de leito carro��vel;Com V�timas Feridas;Pleno dia;Decrescente;Sol;Dupla;Curva;N�o;1;0;1;0;0;0;1;1;-21,8117151;-45,4895135;SPRF-MG;DEL16-MG;UOP02-DEL16-MG;;;
692372;19/05/2025;segunda-feira;16:15:00;SP;116;223;GUARULHOS;Rea��o tardia ou ineficiente do condutor;Colis�o lateral mesmo sentido;Com V�timas Feridas;Pleno dia;Crescente;C�u Claro;M�ltipla;Reta;Sim;2;0;1;0;1;0;1;2;-23,48084764;-46,53363419;SPRF-SP;DEL01-SP;UOP01-DEL01-SP;;;
692373;19/05/2025;segunda-feira;16:00:00;SP;116;229,8;SAO PAULO;Trafegar com motocicleta (ou similar) entre as faixas;Colis�o traseira;Com V�timas Fatais;Pleno dia;Decrescente;C�u Claro;M�ltipla;Reta;Sim;4;1;1;1;1;0;2;3;-23,50880536;-46,57283664;SPRF-SP;DEL01-SP;UOP01-DEL01-SP;;;
692375;18/05/2025;domingo;03:30:00;MG;40;725,1;BARBACENA;Rea��o tardia ou ineficiente do condutor;Queda de ocupante de ve�culo;Com V�timas Feridas;Plena Noite;Decrescente;C�u Claro;Simples;"Retorno Regulamentado;Reta";N�o;2;0;2;0;0;0;2;1;-21,31866785;-43,5866657;SPRF-MG;DEL05-MG;UOP01-DEL05-MG;;;
692377;19/05/2025;segunda-feira;15:06:00;BA;324;577;SAO SEBASTIAO DO PASSE;Condutor deixou de manter dist�ncia do ve�culo da frente;Engavetamento;Sem V�timas;Pleno dia;Decrescente;C�u Claro;Dupla;Reta;N�o;4;0;0;0;4;0;0;4;-12,5877996;-38,5239113;SPRF-BA;DEL01-BA;UOP01-DEL01-BA;;;
692378;19/05/2025;segunda-feira;14:30:00;MT;163;543;DIAMANTINO;Retorno proibido;Colis�o lateral mesmo sentido;Com V�timas Feridas;Pleno dia;Decrescente;C�u Claro;Dupla;Reta;N�o;3;0;2;0;1;0;2;2;-14,16013;-56,0901;SPRF-MT;DEL01-MT;UOP01-DEL01-MT;;;
692381;01/03/2025;s�bado;04:30:00;ES;101;133,8;LINHARES;Ultrapassagem Indevida;Colis�o transversal;Com V�timas Feridas;Plena Noite;Crescente;Nublado;Simples;"Interse��o de Vias;Reta";N�o;6;0;6;0;0;0;6;2;-19,28321568;-40,08700848;SPRF-ES;DEL04-ES;UOP01-DEL04-ES;;;
692382;19/05/2025;segunda-feira;16:50:00;SP;381;25;BRAGANCA PAULISTA;Rea��o tardia ou ineficiente do condutor;Queda de ocupante de ve�culo;Com V�timas Feridas;Pleno dia;Decrescente;C�u Claro;Dupla;Reta;N�o;1;0;1;0;0;0;1;1;-23,00313562;-46,51942443;SPRF-SP;DEL03-SP;UOP02-DEL03-SP;;;
692384;19/05/2025;segunda-feira;15:35:00;MS;163;261,8;DOURADOS;Transitar no Acostamento;Colis�o traseira;Com V�timas Feridas;Pleno dia;Decrescente;C�u Claro;Dupla;Reta;N�o;2;0;1;0;1;0;1;2;-22,2357;-54,75779;SPRF-MS;DEL04-MS;UOP01-DEL04-MS;;;
692385;19/05/2025;segunda-feira;17:00:00;PR;369;173;ROLANDIA;Velocidade Incompat�vel;Colis�o transversal;Com V�timas Feridas;Pleno dia;Crescente;C�u Claro;Simples;Reta;Sim;2;0;1;0;1;0;1;2;-23,3155283;-51,3760798;SPRF-PR;DEL07-PR;UOP01-DEL07-PR;;;
692386;19/05/2025;segunda-feira;17:00:00;BA;242;796;BARREIRAS;Acessar a via sem observar a presen�a dos outros ve�culos;Colis�o transversal;Com V�timas Feridas;Anoitecer;Decrescente;C�u Claro;Simples;Reta;N�o;8;0;3;1;4;0;4;2;-12,164813;-44,875263;SPRF-BA;DEL10-BA;UOP01-DEL10-BA;;;
692387;19/05/2025;segunda-feira;17:00:00;RJ;101;307,4;SAO GONCALO;Demais falhas mec�nicas ou el�tricas;Inc�ndio;Sem V�timas;Anoitecer;Crescente;C�u Claro;Dupla;Reta;N�o;1;0;0;0;1;0;0;1;-22,7966976;-43,0276608;SPRF-RJ;DEL02-RJ;UOP02-DEL02-RJ;;;
692390;19/05/2025;segunda-feira;16:00:00;RO;364;226,7;CACOAL;Rea��o tardia ou ineficiente do condutor;Colis�o traseira;Com V�timas Feridas;Pleno dia;Crescente;C�u Claro;Simples;"Reta;Declive";Sim;4;0;1;0;3;0;1;3;-11,498399;-61,37242;SPRF-RO;DEL02-RO;UOP02-DEL02-RO;;;
692393;19/05/2025;segunda-feira;11:25:00;SC;480;127;CHAPECO;Velocidade Incompat�vel;Sa�da de leito carro��vel;Com V�timas Feridas;Pleno dia;Crescente;C�u Claro;M�ltipla;"Reta;Aclive";Sim;3;0;1;0;2;0;1;3;-27,03581271;-52,63416692;SPRF-SC;DEL07-SC;UOP01-DEL07-SC;;;
692394;19/05/2025;segunda-feira;17:20:00;SC;101;209,8;SAO JOSE;Aus�ncia de rea��o do condutor;Colis�o traseira;Com V�timas Feridas;Plena Noite;Crescente;Nublado;M�ltipla;"Reta;Interse��o de Vias";Sim;3;0;1;0;2;0;1;3;-27,61550732;-48,64461629;SPRF-SC;DEL01-SC;UOP01-DEL01-SC;;;
692395;19/05/2025;segunda-feira;18:00:00;MG;365;631;UBERLANDIA;Acumulo de �leo sobre o pavimento;Tombamento;Com V�timas Feridas;Anoitecer;Crescente;C�u Claro;Dupla;Reta;N�o;2;0;2;0;0;0;2;1;-18,8975836;-48,3817439;SPRF-MG;DEL15-MG;UOP01-DEL15-MG;;;
692396;19/05/2025;segunda-feira;18:15:00;RS;392;140,5;CANGUCU;Aus�ncia de rea��o do condutor;Colis�o transversal;Com V�timas Feridas;Anoitecer;Crescente;C�u Claro;Simples;Reta;N�o;2;0;0;1;1;0;1;2;-31,24471373;-52,79943315;SPRF-RS;DEL07-RS;UOP01-DEL07-RS;;;
692397;19/05/2025;segunda-feira;18:10:00;SC;101;202,5;SAO JOSE;Acessar a via sem observar a presen�a dos outros ve�culos;Colis�o traseira;Com V�timas Feridas;Plena Noite;Decrescente;Nublado;M�ltipla;Reta;Sim;3;0;1;1;1;0;2;2;-27,561717;-48,616125;SPRF-SC;DEL01-SC;UOP01-DEL01-SC;;;
692398;19/05/2025;segunda-feira;07:35:00;MG;116;411;GOVERNADOR VALADARES;Acessar a via sem observar a presen�a dos outros ve�culos;Colis�o lateral mesmo sentido;Com V�timas Feridas;Pleno dia;Crescente;C�u Claro;Dupla;Reta;Sim;3;0;2;0;1;0;2;2;-18,85827056;-41,97493212;SPRF-MG;DEL06-MG;UOP01-DEL06-MG;;;
692400;19/05/2025;segunda-feira;18:25:00;RS;116;260;CANOAS;Trafegar com motocicleta (ou similar) entre as faixas;Colis�o lateral mesmo sentido;Com V�timas Feridas;Plena Noite;Crescente;C�u Claro;M�ltipla;Reta;N�o;2;0;1;0;1;0;1;2;-29,87521193;-51,18100278;SPRF-RS;DEL01-RS;UOP01-DEL01-RS;;;
692401;19/05/2025;segunda-feira;18:30:00;SC;101;222;PALHOCA;Rea��o tardia ou ineficiente do condutor;Colis�o lateral mesmo sentido;Com V�timas Feridas;Plena Noite;Crescente;C�u Claro;M�ltipla;Aclive;N�o;2;0;1;0;1;0;1;2;-27,71071994;-48,65322081;SPRF-SC;DEL01-SC;UOP02-DEL01-SC;;;
692404;19/05/2025;segunda-feira;15:55:00;PR;116;18,6;ANTONINA;Rea��o tardia ou ineficiente do condutor;Sa�da de leito carro��vel;Com V�timas Feridas;Pleno dia;Decrescente;C�u Claro;Dupla;Curva;N�o;2;0;2;0;0;0;2;1;-25,1052615;-48,7170972;SPRF-PR;DEL01-PR;UOP02-DEL01-PR;;;
692406;19/05/2025;segunda-feira;18:35:00;CE;20;306,2;CANINDE;Pista esburacada;Queda de ocupante de ve�culo;Com V�timas Feridas;Plena Noite;Decrescente;Garoa/Chuvisco;Simples;Reta;Sim;1;0;1;0;0;0;1;1;-4,363618;-39,302418;SPRF-CE;DEL02-CE;UOP01-DEL02-CE;;;
692407;19/05/2025;segunda-feira;17:20:00;MG;267;70,8;BICAS;Transitar na contram�o;Colis�o frontal;Com V�timas Feridas;Anoitecer;Decrescente;C�u Claro;Simples;Curva;N�o;2;0;0;1;1;0;1;2;-21,74194178;-43,10654409;SPRF-MG;DEL05-MG;UOP01-DEL05-MG;;;
692410;19/05/2025;segunda-feira;18:15:00;MT;70;524;VARZEA GRANDE;Acessar a via sem observar a presen�a dos outros ve�culos;Colis�o transversal;Com V�timas Feridas;Plena Noite;Decrescente;C�u Claro;Simples;Reta;Sim;2;0;0;1;1;0;1;2;-15,65230561;-56,20145269;SPRF-MT;DEL01-MT;UOP02-DEL01-MT;;;
692412;19/05/2025;segunda-feira;17:30:00;MG;116;293;TEOFILO OTONI;Restri��o de visibilidade em curvas horizontais;Colis�o transversal;Com V�timas Feridas;Anoitecer;Crescente;C�u Claro;Simples;"Interse��o de Vias;Curva";N�o;3;0;3;0;0;0;3;2;-17,988586;-41,560512;SPRF-MG;DEL11-MG;UOP01-DEL11-MG;;;
692413;19/05/2025;segunda-feira;19:00:00;SE;235;51;ITABAIANA;Pedestre - Ingest�o de �lcool/ subst�ncias psicoativas;Colis�o transversal;Com V�timas Feridas;Plena Noite;Decrescente;C�u Claro;Simples;Reta;N�o;2;0;2;0;0;0;2;2;-10,69943678;-37,43247684;SPRF-SE;DEL01-SE;UOP02-DEL01-SE;;;
692414;19/05/2025;segunda-feira;19:20:00;SP;116;277;EMBU DAS ARTES;Rea��o tardia ou ineficiente do condutor;Colis�o lateral mesmo sentido;Com V�timas Feridas;Plena Noite;Decrescente;C�u Claro;Dupla;Reta;Sim;3;0;3;0;0;0;3;2;-23,631499;-46,821569;SPRF-SP;DEL04-SP;UOP01-DEL04-SP;;;
692415;19/05/2025;segunda-feira;19:00:00;PI;343;2,4;PARNAIBA;Rea��o tardia ou ineficiente do condutor;Colis�o traseira;Com V�timas Feridas;Plena Noite;Crescente;C�u Claro;Simples;Reta;N�o;3;0;2;0;1;0;2;2;-2,8980169;-41,67592764;SPRF-PI;DEL05-PI;UOP01-DEL05-PI;;;
692417;19/05/2025;segunda-feira;12:30:00;RO;425;125;GUAJARA-MIRIM;Acessar a via sem observar a presen�a dos outros ve�culos;Colis�o transversal;Com V�timas Feridas;Pleno dia;Decrescente;C�u Claro;Dupla;Interse��o de Vias;Sim;2;0;1;0;1;0;1;2;-10,76735535;-65,31896621;SPRF-RO;DEL01-RO;UOP03-DEL01-RO;;;
692418;19/05/2025;segunda-feira;18:45:00;MG;116;404,2;GOVERNADOR VALADARES;Pista esburacada;Tombamento;Com V�timas Feridas;Plena Noite;Crescente;Nublado;Simples;Curva;N�o;1;0;0;1;0;0;1;1;-18,80135442;-41,98809178;SPRF-MG;DEL06-MG;UOP01-DEL06-MG;;;
692419;19/05/2025;segunda-feira;18:20:00;RN;101;103;PARNAMIRIM;Manobra de mudan�a de faixa;Colis�o lateral mesmo sentido;Com V�timas Feridas;Pleno dia;Crescente;Chuva;Dupla;Reta;Sim;2;0;2;0;0;0;2;2;-5,88969;-35,24735;SPRF-RN;DEL01-RN;UOP01-DEL01-RN;;;
692420;19/05/2025;segunda-feira;16:30:00;MT;163;539;DIAMANTINO;Manobra de mudan�a de faixa;Queda de ocupante de ve�culo;Com V�timas Feridas;Anoitecer;Crescente;C�u Claro;Dupla;"Curva;Declive";N�o;1;0;1;0;0;0;1;1;-14,31422585;-56,14086628;SPRF-MT;DEL01-MT;UOP01-DEL01-MT;;;
692421;19/05/2025;segunda-feira;19:30:00;PR;163;245;TOLEDO;Ingest�o de �lcool pelo condutor;Colis�o com objeto;Sem V�timas;Plena Noite;Crescente;C�u Claro;M�ltipla;Reta;N�o;1;0;0;0;1;0;0;1;-24,69476052;-53,74213457;SPRF-PR;DEL06-PR;UOP02-DEL06-PR;;;
692422;19/05/2025;segunda-feira;18:20:00;RO;364;239;CACOAL;Convers�o proibida;Colis�o frontal;Com V�timas Feridas;Plena Noite;Crescente;C�u Claro;Simples;Reta;Sim;2;0;1;0;1;0;1;2;-11,4341;-61,462838;SPRF-RO;DEL02-RO;UOP02-DEL02-RO;;;
692423;19/05/2025;segunda-feira;18:20:00;SC;101;35,2;JOINVILLE;Condutor deixou de manter dist�ncia do ve�culo da frente;Colis�o traseira;Com V�timas Feridas;Plena Noite;Crescente;Garoa/Chuvisco;Dupla;Reta;N�o;5;0;2;0;3;0;2;4;-26,27069136;-48,89490478;SPRF-SC;DEL03-SC;UOP01-DEL03-SC;;;
692424;19/05/2025;segunda-feira;19:35:00;PR;116;122;CURITIBA;Pedestre cruzava a pista fora da faixa;Atropelamento de Pedestre;Com V�timas Feridas;Plena Noite;Crescente;Nublado;Dupla;Curva;N�o;2;0;0;1;1;0;1;2;-25,609942;-49,319525;SPRF-PR;DEL01-PR;UOP03-DEL01-PR;;;