id;data_inversa;dia_semana;horario;uf;br;km;municipio;causa_acidente;tipo_acidente;classificacao_acidente;fase_dia;sentido_via;condicao_metereologica;tipo_pista;tracado_via;uso_solo;pessoas;mortos;feridos_leves;feridos_graves;ilesos;ignorados;feridos;veiculos;latitude;longitude;regional;delegacia;uop;;;
692425;19/05/2025;segunda-feira;20:20:00;SC;282;4,7;SAO JOSE;Manobra de mudan�a de faixa;Colis�o lateral mesmo sentido;Com V�timas Feridas;Plena Noite;Crescente;C�u Claro;Dupla;Reta;Sim;2;0;1;0;0;1;1;2;-27,589248;-48,61077;SPRF-SC;DEL01-SC;UOP01-DEL01-SC;;;
692426;19/05/2025;segunda-feira;14:20:00;AC;364;276;SENA MADUREIRA;Transitar na contram�o;Colis�o lateral sentido oposto;Com V�timas Feridas;Pleno dia;Decrescente;C�u Claro;Simples;"Reta;Declive";Sim;3;0;1;0;2;0;1;2;-9,0754727;-68,6924286;SPRF-AC;DEL01-AC;UOP01-DEL01-AC;;;
692428;19/05/2025;segunda-feira;16:00:00;MG;262;36,1;MANHUACU;Acessar a via sem observar a presen�a dos outros ve�culos;Atropelamento de Pedestre;Com V�timas Feridas;Pleno dia;Decrescente;C�u Claro;Simples;Reta;Sim;2;0;0;1;1;0;1;2;-20,2641843;-42,03596503;SPRF-MG;DEL06-MG;UOP03-DEL06-MG;;;
692429;19/05/2025;segunda-feira;20:10:00;MG;116;702,9;MURIAE;Ingest�o de �lcool pelo condutor;Colis�o com objeto;Sem V�timas;Plena Noite;Crescente;C�u Claro;Simples;"Reta;Ponte";Sim;3;0;0;0;1;2;0;2;-21,12815968;-42,38407373;SPRF-MG;DEL07-MG;UOP02-DEL07-MG;;;
692430;19/05/2025;segunda-feira;19:50:00;ES;262;99,4;VENDA NOVA DO IMIGRANTE;Transitar na contram�o;Colis�o lateral sentido oposto;Com V�timas Feridas;Plena Noite;Crescente;C�u Claro;Simples;Curva;N�o;2;0;2;0;0;0;2;2;-20,35088889;-41,09637201;SPRF-ES;DEL01-ES;UOP02-DEL01-ES;;;
692433;19/05/2025;segunda-feira;21:04:00;AL;101;237,4;SAO BRAS;Pedestre andava na pista;Atropelamento de Pedestre;Com V�timas Fatais;Plena Noite;Decrescente;Nublado;Dupla;"Curva;Declive";N�o;2;1;0;0;1;0;0;2;-10,12611961;-36,79048736;SPRF-AL;DEL02-AL;UOP02-DEL02-AL;;;
692434;19/05/2025;segunda-feira;21:30:00;PR;116;103;SAO JOSE DOS PINHAIS;Aus�ncia de rea��o do condutor;Colis�o com objeto;Com V�timas Feridas;Plena Noite;Crescente;Nublado;Dupla;"Reta;Interse��o de Vias";N�o;1;0;1;0;0;0;1;1;-25,569698;-49,18373108;SPRF-PR;DEL01-PR;UOP07-DEL01-PR;;;
692438;19/05/2025;segunda-feira;17:30:00;MG;365;626;UBERLANDIA;Condutor deixou de manter dist�ncia do ve�culo da frente;Colis�o traseira;Com V�timas Feridas;Pleno dia;Crescente;C�u Claro;Dupla;Reta;Sim;4;0;2;0;2;0;2;4;-18,90906758;-48,30978155;SPRF-MG;DEL15-MG;UOP01-DEL15-MG;;;
692439;19/05/2025;segunda-feira;20:23:00;PR;277;422,1;CANTAGALO;Condutor usando celular;Colis�o frontal;Com V�timas Feridas;Plena Noite;Decrescente;C�u Claro;Simples;Reta;Sim;2;0;1;0;1;0;1;2;-25,37819071;-52,12566376;SPRF-PR;DEL04-PR;UOP02-DEL04-PR;;;
692440;19/05/2025;segunda-feira;21:40:00;PR;376;162;MANDAGUACU;Aus�ncia de rea��o do condutor;Sa�da de leito carro��vel;Sem V�timas;Plena Noite;Crescente;C�u Claro;Dupla;"Curva;Declive";Sim;1;0;0;0;0;1;0;1;-23,35595657;-52,09001955;SPRF-PR;DEL09-PR;UOP02-DEL09-PR;;;
692442;19/05/2025;segunda-feira;22:00:00;GO;60;224;CEZARINA;Acessar a via sem observar a presen�a dos outros ve�culos;Atropelamento de Pedestre;Com V�timas Fatais;Plena Noite;Decrescente;C�u Claro;Dupla;Reta;N�o;2;1;0;0;0;1;0;2;-17,021724;-49,777374;SPRF-GO;DEL01-GO;UOP02-DEL01-GO;;;
692443;19/05/2025;segunda-feira;21:40:00;AP;210;1;MACAPA;Pista esburacada;Queda de ocupante de ve�culo;Com V�timas Feridas;Plena Noite;Decrescente;Chuva;Simples;"Declive;Reta";Sim;2;0;2;0;0;0;2;2;0,07890198;-51,07213187;SPRF-AP;DEL01-AP;UOP01-DEL01-AP;;;
692445;19/05/2025;segunda-feira;19:30:00;MG;116;617,7;ORIZANIA;Ingest�o de �lcool pelo condutor;Sa�da de leito carro��vel;Com V�timas Feridas;Plena Noite;Crescente;Nublado;Simples;Reta;N�o;1;0;1;0;0;0;1;1;-20,5180365;-42,1950531;SPRF-MG;DEL07-MG;UOP02-DEL07-MG;;;
692446;19/05/2025;segunda-feira;22:00:00;PE;232;235;PESQUEIRA;Ilumina��o deficiente;Atropelamento de Pedestre;Com V�timas Fatais;Plena Noite;Decrescente;Chuva;Simples;Reta;N�o;2;1;0;0;0;1;0;2;-8,407575;-36,914853;SPRF-PE;DEL04-PE;UOP02-DEL04-PE;;;
692450;20/05/2025;ter�a-feira;00:00:00;SP;116;147;SAO JOSE DOS CAMPOS;Rea��o tardia ou ineficiente do condutor;Queda de ocupante de ve�culo;Com V�timas Feridas;Plena Noite;Decrescente;C�u Claro;M�ltipla;Reta;Sim;1;0;1;0;0;0;1;1;-23,20056097;-45,87924806;SPRF-SP;DEL02-SP;UOP01-DEL02-SP;;;
692453;19/05/2025;segunda-feira;22:05:00;MT;174;92;CACERES;Animais na Pista;Atropelamento de Animal;Com V�timas Feridas;Plena Noite;Crescente;C�u Claro;Simples;Reta;N�o;3;0;3;0;0;0;3;1;-15,8889856;-57,820122;SPRF-MT;DEL03-MT;UOP01-DEL03-MT;;;
692455;20/05/2025;ter�a-feira;00:45:00;PB;101;77,7;SANTA RITA;Animais na Pista;Atropelamento de Animal;Com V�timas Fatais;Plena Noite;Decrescente;Chuva;Dupla;Reta;N�o;2;2;0;0;0;0;0;1;-7,106945;-34,963369;SPRF-PB;DEL01-PB;UOP03-DEL01-PB;;;
692456;19/05/2025;segunda-feira;22:00:00;MT;70;39;BARRA DO GARCAS;Pedestre andava na pista;Atropelamento de Pedestre;Com V�timas Fatais;Plena Noite;Decrescente;C�u Claro;Simples;Reta;N�o;2;1;0;0;0;1;0;2;-15,81582194;-52,30273884;SPRF-MT;DEL07-MT;UOP01-DEL07-MT;;;
692459;20/05/2025;ter�a-feira;04:00:00;RS;290;80;GRAVATAI;Velocidade Incompat�vel;Sa�da de leito carro��vel;Com V�timas Feridas;Plena Noite;Decrescente;C�u Claro;M�ltipla;Retorno Regulamentado;Sim;1;0;1;0;0;0;1;1;-29,95398845;-51,06100607;SPRF-RS;DEL01-RS;UOP01-DEL01-RS;;;
692460;20/05/2025;ter�a-feira;03:00:00;MT;163;799;VERA;Animais na Pista;Atropelamento de Animal;Com V�timas Feridas;Plena Noite;Crescente;C�u Claro;Simples;"Declive;Reta";N�o;2;0;1;0;1;0;1;1;-12,17104408;-55,52015519;SPRF-MT;DEL06-MT;UOP02-DEL06-MT;;;
692461;20/05/2025;ter�a-feira;04:00:00;RS;116;400,5;CAMAQUA;Ingest�o de �lcool pelo condutor;Colis�o com objeto;Com V�timas Feridas;Plena Noite;Crescente;Chuva;Simples;"Reta;Em Obras;Desvio Tempor�rio";Sim;1;0;1;0;0;0;1;1;-30,872793;-51,809647;SPRF-RS;DEL02-RS;UOP02-DEL02-RS;;;
692462;20/05/2025;ter�a-feira;04:40:00;PE;232;15,4;JABOATAO DOS GUARARAPES;Animais na Pista;Sa�da de leito carro��vel;Com V�timas Feridas;Plena Noite;Decrescente;Chuva;Dupla;"Curva;Aclive";N�o;5;0;3;0;1;1;3;1;-8,09382;-35,03203;SPRF-PE;DEL01-PE;UOP01-DEL01-PE;;;
692463;20/05/2025;ter�a-feira;04:30:00;BA;101;884;TEIXEIRA DE FREITAS;Rea��o tardia ou ineficiente do condutor;Capotamento;Com V�timas Feridas;Amanhecer;Decrescente;C�u Claro;Simples;Curva;N�o;1;0;1;0;0;0;1;1;-17,600968;-39,748533;SPRF-BA;DEL09-BA;UOP02-DEL09-BA;;;
692464;20/05/2025;ter�a-feira;06:00:00;SC;101;122;ITAJAI;Aus�ncia de rea��o do condutor;Tombamento;Com V�timas Feridas;Anoitecer;Decrescente;C�u Claro;M�ltipla;"Em Obras;Desvio Tempor�rio;Rotat�ria;Interse��o de Vias;Viaduto";N�o;1;0;1;0;0;0;1;1;-26,93699759;-48,69741514;SPRF-SC;DEL04-SC;UOP04-DEL04-SC;;;
692466;20/05/2025;ter�a-feira;00:05:00;MG;40;81;PARACATU;Aus�ncia de rea��o do condutor;Tombamento;Com V�timas Feridas;Plena Noite;Decrescente;C�u Claro;Simples;Reta;N�o;1;0;1;0;0;0;1;1;-17,46554886;-46,65217693;SPRF-MG;DEL14-MG;UOP01-DEL14-MG;;;
692467;20/05/2025;ter�a-feira;05:00:00;AL;101;70;MESSIAS;Ingest�o de �lcool pelo condutor;Atropelamento de Pedestre;Com V�timas Feridas;Amanhecer;Crescente;Chuva;Dupla;Reta;N�o;2;0;0;1;1;0;1;2;-9,36578264;-35,83490789;SPRF-AL;DEL01-AL;UOP02-DEL01-AL;;;
692470;20/05/2025;ter�a-feira;06:40:00;RJ;101;473;ANGRA DOS REIS;Aus�ncia de rea��o do condutor;Colis�o traseira;Com V�timas Feridas;Pleno dia;Decrescente;C�u Claro;Dupla;Reta;Sim;3;0;1;0;2;0;1;2;-22,99462818;-44,24937161;SPRF-RJ;DEL03-RJ;UOP03-DEL03-RJ;;;
692471;20/05/2025;ter�a-feira;00:10:00;SP;116;148,3;SAO JOSE DOS CAMPOS;Objeto est�tico sobre o leito carro��vel;Colis�o com objeto;Com V�timas Feridas;Plena Noite;Decrescente;C�u Claro;M�ltipla;Reta;N�o;1;0;0;1;0;0;1;1;-23,25003764;-45,93481367;SPRF-SP;DEL02-SP;UOP01-DEL02-SP;;;
692474;20/05/2025;ter�a-feira;06:55:00;PB;101;122,8;CAAPORA;Chuva;Sa�da de leito carro��vel;Com V�timas Feridas;Pleno dia;Crescente;Chuva;Dupla;Curva;N�o;1;0;1;0;0;0;1;1;-7,459067;-34,98059;SPRF-PB;DEL01-PB;UOP01-DEL01-PB;;;
692476;20/05/2025;ter�a-feira;07:00:00;RN;304;43,6;MOSSORO;Rea��o tardia ou ineficiente do condutor;Colis�o lateral mesmo sentido;Com V�timas Feridas;Pleno dia;Crescente;Sol;Dupla;Reta;N�o;2;0;1;0;1;0;1;2;-5,221;-37,36143;SPRF-RN;DEL04-RN;UOP01-DEL04-RN;;;
692477;16/05/2025;sexta-feira;10:21:00;PE;101;74;RECIFE;Trafegar com motocicleta (ou similar) entre as faixas;Colis�o traseira;Com V�timas Feridas;Pleno dia;Decrescente;Chuva;Dupla;Reta;Sim;3;0;2;0;1;0;2;2;-8,111763;-34,945883;SPRF-PE;DEL01-PE;UOP01-DEL01-PE;;;
692478;20/05/2025;ter�a-feira;06:45:00;PB;230;23;JOAO PESSOA;Acessar a via sem observar a presen�a dos outros ve�culos;Colis�o lateral mesmo sentido;Com V�timas Feridas;Pleno dia;Decrescente;Chuva;Dupla;"Reta;Interse��o de Vias";Sim;4;0;2;0;2;0;2;3;-7,16388506;-34,86171752;SPRF-PB;DEL01-PB;UOP01-DEL01-PB;;;
692479;19/05/2025;segunda-feira;17:50:00;GO;364;294;MINEIROS;Ultrapassagem Indevida;Colis�o frontal;Com V�timas Feridas;Anoitecer;Crescente;C�u Claro;Simples;Curva;N�o;5;0;3;0;2;0;3;2;-17,592867;-52,48252;SPRF-GO;DEL05-GO;UOP01-DEL05-GO;;;
692481;02/05/2025;sexta-feira;19:48:00;DF;80;4,4;BRASILIA;Convers�o proibida;Colis�o frontal;Com V�timas Fatais;Plena Noite;Crescente;Nublado;Simples;Reta;N�o;2;1;0;0;1;0;0;2;-15,72985;-48,11823;SPRF-DF;DEL03-DF;UOP02-DEL03-DF;;;
692482;20/05/2025;ter�a-feira;08:20:00;ES;101;288;CARIACICA;Manobra de mudan�a de faixa;Colis�o lateral mesmo sentido;Com V�timas Feridas;Pleno dia;Decrescente;Sol;Dupla;"Reta;Declive";Sim;2;0;0;1;1;0;1;2;-20,27164276;-40,39123535;SPRF-ES;DEL01-ES;UOP01-DEL01-ES;;;
692483;20/05/2025;ter�a-feira;07:45:00;SP;101;41,1;UBATUBA;Rea��o tardia ou ineficiente do condutor;Colis�o com objeto;Com V�timas Feridas;Pleno dia;Decrescente;C�u Claro;Simples;Curva;N�o;2;0;2;0;0;0;2;1;-23,42011099;-45,04192226;SPRF-SP;DEL06-SP;UOP01-DEL06-SP;;;
692485;20/05/2025;ter�a-feira;08:20:00;SP;116;228,5;SAO PAULO;Ultrapassagem Indevida;Colis�o traseira;Com V�timas Fatais;Pleno dia;Crescente;Sol;M�ltipla;"Em Obras;Reta;Declive";N�o;3;1;1;0;1;0;1;3;-23,508228;-46,572262;SPRF-SP;DEL01-SP;UOP01-DEL01-SP;;;
692486;20/05/2025;ter�a-feira;08:25:00;SC;101;200,9;SAO JOSE;Rea��o tardia ou ineficiente do condutor;Colis�o lateral mesmo sentido;Com V�timas Feridas;Pleno dia;Crescente;C�u Claro;M�ltipla;Reta;Sim;2;0;1;0;1;0;1;2;-27,547349;-48,619841;SPRF-SC;DEL01-SC;UOP01-DEL01-SC;;;
692491;20/05/2025;ter�a-feira;07:30:00;RJ;116;292;BARRA MANSA;Rea��o tardia ou ineficiente do condutor;Colis�o com objeto;Com V�timas Feridas;Pleno dia;Crescente;Nevoeiro/Neblina;Dupla;Curva;N�o;2;0;1;0;1;0;1;1;-22,47319036;-44,2760453;SPRF-RJ;DEL07-RJ;UOP02-DEL07-RJ;;;
692493;05/05/2025;segunda-feira;20:10:00;AP;156;38,8;LARANJAL DO JARI;Acumulo de areia ou detritos sobre o pavimento;Tombamento;Com V�timas Feridas;Plena Noite;Decrescente;C�u Claro;Simples;Curva;N�o;2;0;2;0;0;0;2;1;-0,76724442;-52,46940851;SPRF-AP;DEL01-AP;UOP01-DEL01-AP;;;
692494;20/05/2025;ter�a-feira;06:40:00;MG;381;523,4;BRUMADINHO;Condutor deixou de manter dist�ncia do ve�culo da frente;Tombamento;Com V�timas Feridas;Amanhecer;Crescente;C�u Claro;Dupla;"Curva;Declive";N�o;2;0;1;0;1;0;1;2;-20,11620558;-44,30465287;SPRF-MG;DEL04-MG;UOP03-DEL04-MG;;;
692495;20/05/2025;ter�a-feira;07:40:00;GO;20;99;VILA BOA;Transitar no Acostamento;Colis�o com objeto;Com V�timas Feridas;Pleno dia;Crescente;C�u Claro;Simples;Reta;N�o;1;0;0;1;0;0;1;1;-14,94997;-46,99568;SPRF-DF;DEL02-DF;UOP02-DEL02-DF;;;
692496;20/05/2025;ter�a-feira;08:50:00;MG;381;480;BETIM;Aus�ncia de rea��o do condutor;Colis�o traseira;Com V�timas Feridas;Pleno dia;Crescente;C�u Claro;Dupla;"Reta;Aclive";N�o;2;0;1;0;1;0;1;2;-19,9965606;-44,2090419;SPRF-MG;DEL01-MG;UOP03-DEL01-MG;;;
692497;08/05/2025;quinta-feira;22:10:00;MG;40;512;RIBEIRAO DAS NEVES;Aus�ncia de rea��o do condutor;Colis�o com objeto;Com V�timas Feridas;Plena Noite;Crescente;C�u Claro;Dupla;"Reta;Declive";Sim;1;0;1;0;0;0;1;1;-19,79066253;-44,11238404;SPRF-MG;DEL01-MG;UOP02-DEL01-MG;;;
692498;20/05/2025;ter�a-feira;09:10:00;SC;101;203;SAO JOSE;Desrespeitar a prefer�ncia no cruzamento;Colis�o transversal;Com V�timas Feridas;Pleno dia;Crescente;C�u Claro;Dupla;Viaduto;Sim;2;0;1;0;1;0;1;2;-27,5658;-48,6146;SPRF-SC;DEL01-SC;UOP01-DEL01-SC;;;
692499;20/05/2025;ter�a-feira;07:35:00;SC;101;63,7;ARAQUARI;Aus�ncia de rea��o do condutor;Tombamento;Com V�timas Feridas;Pleno dia;Decrescente;Nublado;Dupla;Reta;N�o;1;0;0;1;0;0;1;1;-26,4635662;-48,7515578;SPRF-SC;DEL03-SC;UOP02-DEL03-SC;;;
692501;20/05/2025;ter�a-feira;08:40:00;RN;101;107;PARNAMIRIM;Pedestre andava na pista;Atropelamento de Pedestre;Com V�timas Feridas;Pleno dia;Decrescente;C�u Claro;Dupla;Reta;N�o;3;0;1;0;2;0;1;3;-5,92219756;-35,26375656;SPRF-RN;DEL01-RN;UOP01-DEL01-RN;;;
692502;20/05/2025;ter�a-feira;06:30:00;RS;116;233,9;NOVO HAMBURGO;Rea��o tardia ou ineficiente do condutor;Colis�o com objeto;Com V�timas Feridas;Amanhecer;Decrescente;Garoa/Chuvisco;Simples;"Reta;Aclive;Retorno Regulamentado";Sim;1;0;1;0;0;0;1;1;-29,64478663;-51,1432087;SPRF-RS;DEL01-RS;UOP02-DEL01-RS;;;
692508;20/05/2025;ter�a-feira;09:00:00;CE;20;335;CARIDADE;Acessar a via sem observar a presen�a dos outros ve�culos;Colis�o transversal;Com V�timas Feridas;Pleno dia;Crescente;C�u Claro;Simples;Interse��o de Vias;N�o;2;0;1;0;1;0;1;2;-4,16235661;-39,14959637;SPRF-CE;DEL02-CE;UOP01-DEL02-CE;;;
692512;20/05/2025;ter�a-feira;08:30:00;PA;316;107;SANTA MARIA DO PARA;Aus�ncia de rea��o do condutor;Sa�da de leito carro��vel;Com V�timas Fatais;Pleno dia;Crescente;Sol;Simples;Reta;N�o;1;1;0;0;0;0;0;1;-1,30636935;-47,50776887;SPRF-PA;DEL01-PA;UOP02-DEL01-PA;;;
692513;20/05/2025;ter�a-feira;10:20:00;SP;116;225;GUARULHOS;Trafegar com motocicleta (ou similar) entre as faixas;Colis�o lateral mesmo sentido;Com V�timas Feridas;Pleno dia;Decrescente;Sol;M�ltipla;Reta;Sim;2;0;1;0;1;0;1;2;-23,4947933;-46,55382983;SPRF-SP;DEL01-SP;UOP01-DEL01-SP;;;
692514;20/05/2025;ter�a-feira;07:20:00;RJ;101;284;ITABORAI;Aus�ncia de rea��o do condutor;Colis�o com objeto;Sem V�timas;Pleno dia;Decrescente;C�u Claro;Dupla;Reta;N�o;1;0;0;0;1;0;0;1;-22,745517;-42,810058;SPRF-RJ;DEL02-RJ;UOP02-DEL02-RJ;;;
692517;20/05/2025;ter�a-feira;10:10:00;RJ;101;386;RIO DE JANEIRO;Manobra de mudan�a de faixa;Colis�o lateral mesmo sentido;Com V�timas Feridas;Pleno dia;Decrescente;Sol;Dupla;Reta;N�o;4;0;2;0;2;0;2;2;-22,88059816;-43,62901247;SPRF-RJ;DEL03-RJ;UOP01-DEL03-RJ;;;
692518;20/05/2025;ter�a-feira;10:30:00;SP;101;51,9;UBATUBA;Acessar a via sem observar a presen�a dos outros ve�culos;Colis�o transversal;Com V�timas Feridas;Pleno dia;Crescente;C�u Claro;Simples;"Reta;Rotat�ria";N�o;3;0;0;1;2;0;1;3;-23,46169579;-45,0656018;SPRF-SP;DEL06-SP;UOP01-DEL06-SP;;;
692519;20/05/2025;ter�a-feira;10:20:00;RJ;101;383,4;RIO DE JANEIRO;Velocidade Incompat�vel;Colis�o com objeto;Com V�timas Feridas;Pleno dia;Crescente;C�u Claro;Dupla;Retorno Regulamentado;Sim;2;0;1;0;0;1;1;1;-22,878801;-43,620661;SPRF-RJ;DEL03-RJ;UOP01-DEL03-RJ;;;
692523;20/05/2025;ter�a-feira;11:28:00;PB;230;20,8;JOAO PESSOA;Acostamento em desn�vel;Tombamento;Com V�timas Feridas;Pleno dia;Crescente;Nublado;Dupla;Reta;Sim;1;0;1;0;0;0;1;1;-7,14312557;-34,85161543;SPRF-PB;DEL01-PB;UOP01-DEL01-PB;;;
692524;20/05/2025;ter�a-feira;08:10:00;RJ;101;296;ITABORAI;Estacionar ou parar em local proibido;Colis�o traseira;Com V�timas Feridas;Pleno dia;Decrescente;C�u Claro;Dupla;Reta;N�o;3;0;1;0;2;0;1;3;-22,76710237;-42,91405092;SPRF-RJ;DEL02-RJ;UOP02-DEL02-RJ;;;
692525;20/05/2025;ter�a-feira;09:15:00;SC;101;329;CAPIVARI DE BAIXO;Desrespeitar a prefer�ncia no cruzamento;Colis�o transversal;Com V�timas Feridas;Pleno dia;Decrescente;C�u Claro;M�ltipla;Interse��o de Vias;Sim;2;0;2;0;0;0;2;2;-28,43937419;-48,96196604;SPRF-SC;DEL02-SC;UOP01-DEL02-SC;;;
692526;20/05/2025;ter�a-feira;12:20:00;CE;116;7,2;EUSEBIO;Transitar no Acostamento;Colis�o lateral mesmo sentido;Com V�timas Feridas;Pleno dia;Crescente;C�u Claro;Dupla;Reta;Sim;2;0;1;0;1;0;1;2;-3,918673;-38,5071473;SPRF-CE;DEL01-CE;UOP02-DEL01-CE;;;
692527;20/05/2025;ter�a-feira;12:20:00;SC;101;208;SAO JOSE;Mal s�bito do condutor;Tombamento;Com V�timas Feridas;Pleno dia;Decrescente;Nublado;M�ltipla;Declive;Sim;2;0;1;0;1;0;1;1;-27,6069329;-48,6352175;SPRF-SC;DEL01-SC;UOP01-DEL01-SC;;;
692529;18/05/2025;domingo;20:29:00;BA;324;406;NOVA FATIMA;Velocidade Incompat�vel;Sa�da de leito carro��vel;Com V�timas Feridas;Plena Noite;Decrescente;Chuva;Simples;Reta;N�o;2;0;1;0;1;0;1;1;-11,62205656;-39,61455345;SPRF-BA;DEL04-BA;UOP02-DEL04-BA;;;
692530;20/05/2025;ter�a-feira;12:30:00;PE;101;69,5;RECIFE;Objeto est�tico sobre o leito carro��vel;Colis�o traseira;Com V�timas Feridas;Pleno dia;Crescente;Nublado;M�ltipla;Reta;N�o;3;0;0;2;1;0;2;2;-8,063943;-34,94423;SPRF-PE;DEL01-PE;UOP01-DEL01-PE;;;
692531;20/05/2025;ter�a-feira;11:22:00;RO;319;63;PORTO VELHO;Condutor desrespeitou a ilumina��o vermelha do sem�foro;Colis�o transversal;Com V�timas Feridas;Pleno dia;Decrescente;Sol;Dupla;"Reta;Interse��o de Vias";Sim;2;0;1;0;1;0;1;2;-8,75564354;-63,88650334;SPRF-RO;DEL01-RO;UOP01-DEL01-RO;;;
692532;20/05/2025;ter�a-feira;12:20:00;DF;70;10;BRASILIA;Aus�ncia de rea��o do condutor;Queda de ocupante de ve�culo;Com V�timas Feridas;Pleno dia;Decrescente;C�u Claro;Dupla;Reta;Sim;1;0;1;0;0;0;1;1;-15,79035145;-48,15085941;SPRF-DF;DEL03-DF;UOP02-DEL03-DF;;;
692533;20/05/2025;ter�a-feira;12:45:00;RJ;101;468;ANGRA DOS REIS;Pista Escorregadia;Queda de ocupante de ve�culo;Com V�timas Feridas;Pleno dia;Crescente;C�u Claro;Simples;Curva;N�o;1;0;1;0;0;0;1;1;-23,005683;-44,217203;SPRF-RJ;DEL03-RJ;UOP03-DEL03-RJ;;;
692539;20/05/2025;ter�a-feira;08:20:00;PR;153;184;TIBAGI;Condutor Dormindo;Colis�o com objeto;Com V�timas Feridas;Pleno dia;Crescente;C�u Claro;Simples;Reta;N�o;2;0;2;0;0;0;2;1;-24,40572568;-50,34340946;SPRF-PR;DEL03-PR;UOP02-DEL03-PR;;;
692540;20/05/2025;ter�a-feira;13:15:00;PA;10;16,5;DOM ELISEU;Acessar a via sem observar a presen�a dos outros ve�culos;Colis�o frontal;Com V�timas Fatais;Pleno dia;Crescente;C�u Claro;Simples;"Reta;Interse��o de Vias";Sim;3;1;0;0;1;1;0;3;-4,30606226;-47,55519602;SPRF-PA;DEL02-PA;UOP02-DEL02-PA;;;
692541;13/02/2025;quinta-feira;07:11:00;RN;304;209;LAJES;Rea��o tardia ou ineficiente do condutor;Colis�o traseira;Sem V�timas;Pleno dia;Decrescente;C�u Claro;Simples;Aclive;N�o;3;0;0;0;3;0;0;3;-5,74198;-36,086029;SPRF-RN;DEL01-RN;UOP03-DEL01-RN;;;
692542;20/05/2025;ter�a-feira;11:10:00;RJ;40;78;PETROPOLIS;Declive acentuado;Queda de ocupante de ve�culo;Com V�timas Feridas;Pleno dia;Crescente;Sol;Simples;"Curva;Declive";N�o;1;0;1;0;0;0;1;1;-22,528476;-43,2228084;SPRF-RJ;DEL01-RJ;UOP01-DEL01-RJ;;;
692544;20/05/2025;ter�a-feira;10:30:00;RJ;493;19;MAGE;Acessar a via sem observar a presen�a dos outros ve�culos;Colis�o transversal;Com V�timas Feridas;Pleno dia;Decrescente;C�u Claro;Simples;Reta;Sim;3;0;2;0;1;0;2;2;-22,66576583;-43,03121186;SPRF-RJ;DEL04-RJ;UOP02-DEL04-RJ;;;
692545;20/05/2025;ter�a-feira;11:45:00;RS;290;215,4;PANTANO GRANDE;Desrespeitar a prefer�ncia no cruzamento;Colis�o transversal;Com V�timas Feridas;Pleno dia;Crescente;Nublado;Simples;Rotat�ria;Sim;2;0;0;1;1;0;1;2;-30,19002164;-52,37349987;SPRF-RS;DEL02-RS;UOP03-DEL02-RS;;;
692546;20/05/2025;ter�a-feira;13:30:00;SP;381;72,3;SAO PAULO;Avarias e/ou desgaste excessivo no pneu;Queda de ocupante de ve�culo;Com V�timas Feridas;Pleno dia;Crescente;C�u Claro;Dupla;"Declive;Curva";N�o;2;0;2;0;0;0;2;1;-23,36967743;-46,55490875;SPRF-SP;DEL03-SP;UOP01-DEL03-SP;;;
692547;20/05/2025;ter�a-feira;14:14:00;PE;101;75,3;RECIFE;Trafegar com motocicleta (ou similar) entre as faixas;Colis�o traseira;Com V�timas Feridas;Pleno dia;Decrescente;Chuva;Dupla;Reta;Sim;3;0;2;0;1;0;2;2;-8,111912;-34,945705;SPRF-PE;DEL01-PE;UOP01-DEL01-PE;;;
692549;20/05/2025;ter�a-feira;12:20:00;BA;116;340;TEOFILANDIA;Entrada inopinada do pedestre;Atropelamento de Pedestre;Com V�timas Feridas;Pleno dia;Crescente;Nublado;Simples;Reta;Sim;2;0;2;0;0;0;2;2;-11,49302;-38,99721;SPRF-BA;DEL02-BA;UOP01-DEL02-BA;;;
692550;20/05/2025;ter�a-feira;14:10:00;SC;116;12,3;MAFRA;Desrespeitar a prefer�ncia no cruzamento;Colis�o transversal;Sem V�timas;Pleno dia;Decrescente;C�u Claro;Simples;"Interse��o de Vias;Curva";N�o;4;0;0;0;4;0;0;2;-26,179826;-49,8712567;SPRF-SC;DEL06-SC;UOP01-DEL06-SC;;;
692551;20/05/2025;ter�a-feira;15:00:00;ES;101;282,9;CARIACICA;Pista esburacada;Colis�o com objeto;Com V�timas Feridas;Pleno dia;Decrescente;C�u Claro;M�ltipla;"Retorno Regulamentado;Reta";N�o;2;0;0;1;0;1;1;2;-20,23265836;-40,36839215;SPRF-ES;DEL01-ES;UOP01-DEL01-ES;;;
692554;20/05/2025;ter�a-feira;15:00:00;MT;70;0,9;BARRA DO GARCAS;Condutor desrespeitou a ilumina��o vermelha do sem�foro;Colis�o frontal;Com V�timas Feridas;Pleno dia;Crescente;C�u Claro;Simples;"Reta;Interse��o de Vias";Sim;2;0;1;0;1;0;1;2;-15,89018;-52,2640246;SPRF-MT;DEL07-MT;UOP01-DEL07-MT;;;
692556;20/05/2025;ter�a-feira;15:10:00;DF;60;4,4;BRASILIA;Rea��o tardia ou ineficiente do condutor;Colis�o traseira;Com V�timas Feridas;Pleno dia;Crescente;C�u Claro;Dupla;"Declive;Reta";Sim;3;0;1;0;2;0;1;2;-15,894164;-48,100123;SPRF-DF;DEL03-DF;UOP01-DEL03-DF;;;
692557;20/05/2025;ter�a-feira;13:10:00;SC;101;427;SOMBRIO;Avarias e/ou desgaste excessivo no pneu;Colis�o com objeto;Com V�timas Feridas;Pleno dia;Crescente;Garoa/Chuvisco;Dupla;Reta;N�o;2;0;1;0;1;0;1;1;-29,03946164;-49,6115052;SPRF-SC;DEL02-SC;UOP02-DEL02-SC;;;