id;data_inversa;dia_semana;horario;uf;br;km;municipio;causa_acidente;tipo_acidente;classificacao_acidente;fase_dia;sentido_via;condicao_metereologica;tipo_pista;tracado_via;uso_solo;pessoas;mortos;feridos_leves;feridos_graves;ilesos;ignorados;feridos;veiculos;latitude;longitude;regional;delegacia;uop;;;
692558;20/05/2025;ter�a-feira;14:55:00;PB;101;81,8;BAYEUX;Aus�ncia de rea��o do condutor;Tombamento;Com V�timas Feridas;Pleno dia;Decrescente;Chuva;Dupla;Reta;Sim;1;0;1;0;0;0;1;1;-7,1285077;-34,9386017;SPRF-PB;DEL01-PB;UOP01-DEL01-PB;;;
692560;20/05/2025;ter�a-feira;15:10:00;RS;392;158,1;CANGUCU;Rea��o tardia ou ineficiente do condutor;Sa�da de leito carro��vel;Com V�timas Feridas;Pleno dia;Crescente;C�u Claro;Simples;Reta;N�o;2;0;2;0;0;0;2;1;-31,11905157;-52,91339875;SPRF-RS;DEL07-RS;UOP01-DEL07-RS;;;
692561;20/05/2025;ter�a-feira;14:00:00;RS;285;564,9;SAO LUIZ GONZAGA;Acessar a via sem observar a presen�a dos outros ve�culos;Colis�o transversal;Com V�timas Feridas;Pleno dia;Crescente;C�u Claro;Simples;Reta;N�o;3;0;1;0;2;0;1;2;-28,41731925;-54,92676822;SPRF-RS;DEL10-RS;UOP01-DEL10-RS;;;
692562;20/05/2025;ter�a-feira;14:00:00;PR;163;37,5;SANTO ANTONIO DO SUDOESTE;Manobra de mudan�a de faixa;Colis�o lateral mesmo sentido;Com V�timas Feridas;Pleno dia;Crescente;C�u Claro;Simples;"Reta;Interse��o de Vias";Sim;2;0;1;0;1;0;1;2;-26,04817025;-53,72624366;SPRF-PR;DEL02-PR;UOP02-DEL02-PR;;;
692563;20/05/2025;ter�a-feira;15:40:00;MG;40;518,9;RIBEIRAO DAS NEVES;Avarias e/ou desgaste excessivo no pneu;Tombamento;Com V�timas Feridas;Pleno dia;Decrescente;C�u Claro;Dupla;Reta;Sim;2;0;2;0;0;0;2;1;-19,8382983;-44,07756;SPRF-MG;DEL01-MG;UOP02-DEL01-MG;;;
692567;12/05/2025;segunda-feira;14:40:00;ES;101;147;LINHARES;Acessar a via sem observar a presen�a dos outros ve�culos;Colis�o transversal;Com V�timas Feridas;Pleno dia;Crescente;Nublado;M�ltipla;Reta;Sim;2;0;1;0;1;0;1;2;-19,3970634;-40,06396294;SPRF-ES;DEL04-ES;UOP01-DEL04-ES;;;
692568;20/05/2025;ter�a-feira;16:40:00;RJ;116;178;BELFORD ROXO;Demais falhas mec�nicas ou el�tricas;Colis�o lateral mesmo sentido;Com V�timas Feridas;Pleno dia;Crescente;C�u Claro;Dupla;Reta;N�o;2;0;1;0;1;0;1;2;-22,774171;-43,401987;SPRF-RJ;DEL06-RJ;UOP01-DEL06-RJ;;;
692569;20/05/2025;ter�a-feira;16:10:00;SP;116;219;GUARULHOS;Aus�ncia de rea��o do condutor;Colis�o traseira;Com V�timas Feridas;Pleno dia;Crescente;C�u Claro;M�ltipla;"Em Obras;Reta";N�o;2;0;1;0;1;0;1;2;-23,46479147;-46,48786426;SPRF-SP;DEL01-SP;UOP01-DEL01-SP;;;
692570;20/05/2025;ter�a-feira;17:00:00;ES;262;158,7;IBATIBA;Rea��o tardia ou ineficiente do condutor;Colis�o frontal;Sem V�timas;Pleno dia;Decrescente;C�u Claro;Dupla;Reta;N�o;2;0;0;0;2;0;0;2;-20,231735;-41,501957;SPRF-ES;DEL01-ES;UOP02-DEL01-ES;;;
692572;20/05/2025;ter�a-feira;16:40:00;PE;316;81;OURICURI;Animais na Pista;Atropelamento de Animal;Com V�timas Feridas;Pleno dia;Decrescente;C�u Claro;Simples;Reta;N�o;1;0;1;0;0;0;1;1;-7,873647;-40,087985;SPRF-PE;DEL05-PE;UOP02-DEL05-PE;;;
692573;20/05/2025;ter�a-feira;17:15:00;GO;153;441;ANAPOLIS;Velocidade Incompat�vel;Tombamento;Com V�timas Feridas;Pleno dia;Crescente;C�u Claro;Dupla;Reta;N�o;1;0;1;0;0;0;1;1;-16,338792;-48,922622;SPRF-GO;DEL02-GO;UOP01-DEL02-GO;;;
692574;20/05/2025;ter�a-feira;17:00:00;PR;116;143;MANDIRITUBA;Avarias e/ou desgaste excessivo no pneu;Sa�da de leito carro��vel;Com V�timas Feridas;Pleno dia;Decrescente;C�u Claro;Simples;Reta;N�o;3;0;0;1;1;1;1;2;-25,789929;-49,327234;SPRF-PR;DEL01-PR;UOP03-DEL01-PR;;;
692575;20/05/2025;ter�a-feira;16:40:00;MG;381;845;SAO SEBASTIAO DA BELA VISTA;Aus�ncia de rea��o do condutor;Colis�o traseira;Sem V�timas;Pleno dia;Decrescente;Sol;Dupla;Reta;N�o;2;0;0;0;2;0;0;2;-22,201084;-45,85845709;SPRF-MG;DEL16-MG;UOP01-DEL16-MG;;;
692577;20/05/2025;ter�a-feira;16:15:00;PE;232;110,7;BEZERROS;Velocidade Incompat�vel;Capotamento;Com V�timas Feridas;Pleno dia;Crescente;Chuva;Dupla;"Curva;Declive";N�o;2;0;2;0;0;0;2;1;-8,290518;-35,82225;SPRF-PE;DEL02-PE;UOP02-DEL02PE;;;
692579;20/05/2025;ter�a-feira;17:00:00;SP;381;83;SAO PAULO;Manobra de mudan�a de faixa;Colis�o traseira;Com V�timas Feridas;Anoitecer;Decrescente;C�u Claro;M�ltipla;Reta;Sim;3;0;1;1;1;0;2;2;-23,44337884;-46,56810371;SPRF-SP;DEL03-SP;UOP01-DEL03-SP;;;
692580;20/05/2025;ter�a-feira;14:15:00;SC;101;294;IMBITUBA;Aus�ncia de rea��o do condutor;Colis�o traseira;Com V�timas Feridas;Pleno dia;Crescente;C�u Claro;M�ltipla;Reta;Sim;3;0;1;0;2;0;1;2;-28,317111;-48,726361;SPRF-SC;DEL02-SC;UOP03-DEL02-SC;;;
692583;23/04/2025;quarta-feira;11:30:00;GO;60;412;RIO VERDE;Condutor Dormindo;Sa�da de leito carro��vel;Com V�timas Feridas;Pleno dia;Crescente;C�u Claro;Dupla;Reta;N�o;4;0;1;0;3;0;1;1;-17,81833718;-51,17498875;SPRF-GO;DEL04-GO;UOP02-DEL04-GO;;;
692585;20/05/2025;ter�a-feira;18:00:00;SC;101;217,1;PALHOCA;Manobra de mudan�a de faixa;Colis�o lateral mesmo sentido;Com V�timas Feridas;Anoitecer;Decrescente;C�u Claro;Simples;Reta;N�o;2;0;1;0;1;0;1;2;-27,67438478;-48,67150426;SPRF-SC;DEL01-SC;UOP02-DEL01-SC;;;
692586;20/05/2025;ter�a-feira;17:30:00;MG;40;545;NOVA LIMA;Condutor deixou de manter dist�ncia do ve�culo da frente;Colis�o traseira;Sem V�timas;Plena Noite;Decrescente;C�u Claro;Dupla;Reta;N�o;2;0;0;0;1;1;0;2;-20,01034299;-43,96628614;SPRF-MG;DEL01-MG;UOP02-DEL01-MG;;;
692590;20/05/2025;ter�a-feira;18:00:00;GO;70;8;AGUAS LINDAS DE GOIAS;Rea��o tardia ou ineficiente do condutor;Colis�o traseira;Com V�timas Feridas;Anoitecer;Crescente;C�u Claro;M�ltipla;Reta;Sim;1;0;1;0;0;0;1;1;-15,741157;-48,27068;SPRF-DF;DEL03-DF;UOP02-DEL03-DF;;;
692591;20/05/2025;ter�a-feira;16:32:00;RO;364;198,2;PIMENTA BUENO;Manobra de mudan�a de faixa;Colis�o lateral mesmo sentido;Com V�timas Feridas;Pleno dia;Decrescente;C�u Claro;Simples;"Interse��o de Vias;Reta";Sim;2;0;0;1;1;0;1;2;-11,66943703;-61,19210958;SPRF-RO;DEL02-RO;UOP02-DEL02-RO;;;
692594;20/05/2025;ter�a-feira;17:50:00;SC;280;17;RIO NEGRINHO;Convers�o proibida;Colis�o transversal;Sem V�timas;Plena Noite;Decrescente;Nublado;Simples;Reta;Sim;2;0;0;0;2;0;0;2;-26,23924;-49,50257;SPRF-SC;DEL03-SC;UOP03-DEL03-SC;;;
692597;20/05/2025;ter�a-feira;08:00:00;BA;324;540,8;AMELIA RODRIGUES;Avarias e/ou desgaste excessivo no pneu;Colis�o com objeto;Com V�timas Feridas;Pleno dia;Decrescente;Nublado;Dupla;Reta;Sim;1;0;1;0;0;0;1;1;-12,3952053;-38,7725062;SPRF-BA;DEL01-BA;UOP03-DEL01-BA;;;
692598;20/05/2025;ter�a-feira;17:00:00;PE;424;14;PEDRA;Aus�ncia de rea��o do condutor;Colis�o traseira;Com V�timas Feridas;Anoitecer;Crescente;Chuva;Simples;Reta;N�o;4;0;1;0;3;0;1;3;-8,498858;-36,973132;SPRF-PE;DEL04-PE;UOP02-DEL04-PE;;;
692601;20/05/2025;ter�a-feira;11:00:00;RJ;101;321;NITEROI;Rea��o tardia ou ineficiente do condutor;Tombamento;Com V�timas Feridas;Pleno dia;Decrescente;C�u Claro;M�ltipla;Curva;N�o;1;0;1;0;0;0;1;1;-22,86858331;-43,11069489;SPRF-RJ;DEL02-RJ;UOP01-DEL02-RJ;;;
692602;15/05/2025;quinta-feira;07:55:00;MG;116;278;TEOFILO OTONI;Desrespeitar a prefer�ncia no cruzamento;Colis�o transversal;Com V�timas Feridas;Pleno dia;Crescente;Nublado;M�ltipla;"Declive;Curva;Interse��o de Vias";Sim;2;0;1;0;1;0;1;2;-17,871012;-41,51850192;SPRF-MG;DEL11-MG;UOP01-DEL11-MG;;;
692604;20/05/2025;ter�a-feira;18:50:00;SE;101;151;ESTANCIA;Acessar a via sem observar a presen�a dos outros ve�culos;Colis�o frontal;Com V�timas Feridas;Plena Noite;Decrescente;Chuva;Dupla;"Curva;Declive;Retorno Regulamentado";Sim;3;0;2;0;1;0;2;2;-11,26839441;-37,44264577;SPRF-SE;DEL02-SE;UOP01-DEL02-SE;;;
692608;20/05/2025;ter�a-feira;11:30:00;RJ;40;115;DUQUE DE CAXIAS;Demais falhas mec�nicas ou el�tricas;Inc�ndio;Sem V�timas;Pleno dia;Decrescente;C�u Claro;Dupla;Reta;Sim;1;0;0;0;1;0;0;1;-22,7053361;-43,2811485;SPRF-RJ;DEL01-RJ;UOP02-DEL01-RJ;;;
692609;20/05/2025;ter�a-feira;19:15:00;RS;116;525,1;PELOTAS;Transitar na cal�ada;Colis�o transversal;Com V�timas Feridas;Plena Noite;Crescente;C�u Claro;Simples;Reta;N�o;2;0;1;0;1;0;1;2;-31,7319134;-52,39059133;SPRF-RS;DEL07-RS;UOP01-DEL07-RS;;;
692610;20/05/2025;ter�a-feira;18:13:00;MG;116;539,7;SANTA RITA DE MINAS;Acessar a via sem observar a presen�a dos outros ve�culos;Colis�o transversal;Com V�timas Feridas;Plena Noite;Crescente;C�u Claro;Simples;Reta;N�o;2;0;0;1;1;0;1;2;-19,88299146;-42,13787556;SPRF-MG;DEL06-MG;UOP02-DEL06-MG;;;
692612;20/05/2025;ter�a-feira;16:30:00;RJ;356;71;ITAPERUNA;Convers�o proibida;Colis�o lateral mesmo sentido;Com V�timas Feridas;Pleno dia;Decrescente;C�u Claro;Simples;Curva;N�o;2;0;1;0;1;0;1;2;-21,2402176;-41,7792;SPRF-RJ;DEL08-RJ;UOP03-DEL08-RJ;;;
692613;20/05/2025;ter�a-feira;17:43:00;RO;364;710;PORTO VELHO;Manobra de mudan�a de faixa;Colis�o transversal;Com V�timas Feridas;Pleno dia;Crescente;C�u Claro;Dupla;"Retorno Regulamentado;Reta";N�o;2;0;1;0;1;0;1;2;-8,78335453;-63,86200039;SPRF-RO;DEL01-RO;UOP01-DEL01-RO;;;
692616;20/05/2025;ter�a-feira;18:50:00;AL;316;153;PALMEIRA DOS INDIOS;Ingest�o de �lcool pelo condutor;Colis�o traseira;Com V�timas Feridas;Plena Noite;Decrescente;Chuva;Simples;Curva;Sim;4;0;0;3;1;0;3;2;-9,43129762;-36,64909908;SPRF-AL;DEL03-AL;UOP01-DEL03-AL;;;
692618;20/05/2025;ter�a-feira;20:05:00;MG;381;360;JOAO MONLEVADE;Pedestre andava na pista;Atropelamento de Pedestre;Com V�timas Feridas;Plena Noite;Decrescente;C�u Claro;Simples;Reta;Sim;2;0;1;0;1;0;1;2;-19,84063437;-43,19774866;SPRF-MG;DEL03-MG;UOP01-DEL03-MG;;;
692619;20/05/2025;ter�a-feira;19:00:00;CE;20;374,1;CAUCAIA;Acessar a via sem observar a presen�a dos outros ve�culos;Colis�o transversal;Com V�timas Feridas;Plena Noite;Decrescente;C�u Claro;Simples;Reta;N�o;1;0;0;1;0;0;1;1;-3,96039326;-38,88051717;SPRF-CE;DEL01-CE;UOP01-DEL01-CE;;;
692620;25/03/2025;ter�a-feira;18:15:00;MG;365;624;UBERLANDIA;Condutor deixou de manter dist�ncia do ve�culo da frente;Colis�o traseira;Com V�timas Feridas;Anoitecer;Crescente;C�u Claro;Dupla;"Declive;Reta";Sim;2;0;1;0;1;0;1;2;-18,9063;-48,296728;SPRF-MG;DEL15-MG;UOP01-DEL15-MG;;;
692621;20/05/2025;ter�a-feira;18:20:00;SC;101;161;TIJUCAS;Aus�ncia de rea��o do condutor;Colis�o frontal;Com V�timas Feridas;Plena Noite;Decrescente;Nublado;Dupla;Reta;N�o;2;0;0;1;1;0;1;2;-27,22251918;-48,62651221;SPRF-SC;DEL04-SC;UOP03-DEL04-SC;;;
692622;20/05/2025;ter�a-feira;19:45:00;BA;101;510;ITABUNA;Animais na Pista;Colis�o frontal;Com V�timas Feridas;Plena Noite;Decrescente;C�u Claro;Simples;"Reta;Aclive";N�o;2;0;2;0;0;0;2;2;-14,828723;-39,291371;SPRF-BA;DEL05-BA;UOP01-DEL05-BA;;;
692623;20/05/2025;ter�a-feira;19:35:00;RJ;101;444,8;MANGARATIBA;Pedestre andava na pista;Atropelamento de Pedestre;Com V�timas Fatais;Plena Noite;Decrescente;Garoa/Chuvisco;Simples;"Aclive;Reta";N�o;2;1;0;0;1;0;0;2;-22,98778999;-44,08607483;SPRF-RJ;DEL03-RJ;UOP02-DEL03-RJ;;;
692625;20/05/2025;ter�a-feira;18:20:00;RS;116;525,1;PELOTAS;Animais na Pista;Atropelamento de Animal;Com V�timas Feridas;Anoitecer;Decrescente;C�u Claro;Dupla;Reta;Sim;2;0;0;1;0;1;1;1;-31,73471399;-52,39209143;SPRF-RS;DEL07-RS;UOP01-DEL07-RS;;;
692626;20/05/2025;ter�a-feira;20:08:00;BA;324;516;FEIRA DE SANTANA;Condutor desrespeitou a ilumina��o vermelha do sem�foro;Colis�o transversal;Com V�timas Feridas;Plena Noite;Decrescente;Chuva;Simples;Reta;Sim;3;0;0;1;1;1;1;3;-12,25074126;-38,93331528;SPRF-BA;DEL02-BA;UOP01-DEL02-BA;;;
692627;20/05/2025;ter�a-feira;18:30:00;MG;40;36,2;PARACATU;Condutor deixou de manter dist�ncia do ve�culo da frente;Colis�o traseira;Sem V�timas;Plena Noite;Crescente;C�u Claro;Simples;"Reta;Aclive";N�o;2;0;0;0;1;1;0;2;-17,198323;-46,908589;SPRF-MG;DEL14-MG;UOP01-DEL14-MG;;;
692628;20/05/2025;ter�a-feira;21:02:00;ES;101;140;LINHARES;Mal s�bito do condutor;Tombamento;Com V�timas Feridas;Plena Noite;Crescente;C�u Claro;M�ltipla;Reta;Sim;1;0;1;0;0;0;1;1;-19,33720016;-40,06647038;SPRF-ES;DEL04-ES;UOP01-DEL04-ES;;;
692629;20/05/2025;ter�a-feira;16:30:00;PA;230;126;MARABA;Acessar a via sem observar a presen�a dos outros ve�culos;Colis�o transversal;Com V�timas Feridas;Pleno dia;Crescente;Sol;Simples;"Reta;Aclive";Sim;3;0;1;1;1;0;2;2;-5,374997;-49,156628;SPRF-PA;DEL03-PA;UOP01-DEL03-PA;;;
692631;20/05/2025;ter�a-feira;18:40:00;MS;163;245;DOURADOS;Acumulo de areia ou detritos sobre o pavimento;Derramamento de carga;Com V�timas Feridas;Plena Noite;Decrescente;C�u Claro;Simples;Reta;N�o;1;0;1;0;0;0;1;1;-22,35071484;-54,80664539;SPRF-MS;DEL04-MS;UOP02-DEL04-MS;;;
692632;20/05/2025;ter�a-feira;19:10:00;PI;135;352,8;BOM JESUS;Convers�o proibida;Colis�o lateral mesmo sentido;Com V�timas Feridas;Plena Noite;Crescente;C�u Claro;Dupla;"Reta;Retorno Regulamentado";Sim;2;0;1;0;1;0;1;2;-9,076962;-44,3598;SPRF-PI;DEL03-PI;UOP02-DEL03-PI;;;
692633;20/05/2025;ter�a-feira;21:00:00;PR;277;76;SAO JOSE DOS PINHAIS;Pedestre - Ingest�o de �lcool/ subst�ncias psicoativas;Atropelamento de Pedestre;Com V�timas Fatais;Plena Noite;Crescente;C�u Claro;Dupla;Reta;N�o;2;1;0;0;1;0;0;2;-25,48670559;-49,18345062;SPRF-PR;DEL01-PR;UOP07-DEL01-PR;;;
692634;24/02/2025;segunda-feira;01:50:00;SC;101;132;BALNEARIO CAMBORIU;Rea��o tardia ou ineficiente do condutor;Sa�da de leito carro��vel;Com V�timas Feridas;Plena Noite;Decrescente;C�u Claro;M�ltipla;Reta;Sim;1;0;0;1;0;0;1;1;-26,99755491;-48,65180565;SPRF-SC;DEL04-SC;UOP03-DEL04-SC;;;
692635;20/05/2025;ter�a-feira;21:00:00;GO;414;394;CORUMBA DE GOIAS;Ingest�o de �lcool pelo condutor;Colis�o traseira;Sem V�timas;Plena Noite;Decrescente;C�u Claro;Simples;Reta;Sim;2;0;0;0;2;0;0;2;-15,9304425;-48,80481768;SPRF-GO;DEL02-GO;UOP01-DEL02-GO;;;
692636;20/05/2025;ter�a-feira;21:11:00;AP;210;3;MACAPA;Desrespeitar a prefer�ncia no cruzamento;Colis�o transversal;Com V�timas Feridas;Plena Noite;Decrescente;C�u Claro;Simples;Reta;Sim;2;0;1;0;1;0;1;2;0,08757834;-51,09190732;SPRF-AP;DEL01-AP;UOP01-DEL01-AP;;;
692637;20/05/2025;ter�a-feira;18:30:00;PB;230;460,8;SOUSA;Aus�ncia de rea��o do condutor;Tombamento;Com V�timas Feridas;Plena Noite;Decrescente;Nublado;Simples;Reta;N�o;1;0;0;1;0;0;1;1;-6,777778;-38,220314;SPRF-PB;DEL03-PB;UOP03-DEL03-PB;;;
692640;14/03/2025;sexta-feira;13:35:00;MG;381;813,1;CAREACU;Velocidade Incompat�vel;Sa�da de leito carro��vel;Com V�timas Feridas;Pleno dia;Decrescente;Garoa/Chuvisco;Dupla;"Curva;Declive";N�o;3;0;2;1;0;0;3;1;-22,015676;-45,679156;SPRF-MG;DEL16-MG;UOP02-DEL16-MG;;;
692642;20/05/2025;ter�a-feira;21:25:00;PR;116;73,9;QUATRO BARRAS;Velocidade Incompat�vel;Sa�da de leito carro��vel;Com V�timas Feridas;Plena Noite;Crescente;Chuva;Dupla;"Aclive;Curva";N�o;1;0;1;0;0;0;1;1;-25,35515679;-49,04133797;SPRF-PR;DEL01-PR;UOP02-DEL01-PR;;;
692643;20/05/2025;ter�a-feira;22:29:00;SP;116;212;GUARULHOS;Rea��o tardia ou ineficiente do condutor;Colis�o com objeto;Com V�timas Feridas;Plena Noite;Decrescente;C�u Claro;M�ltipla;Reta;Sim;1;0;1;0;0;0;1;1;-23,43723116;-46,43081602;SPRF-SP;DEL01-SP;UOP01-DEL01-SP;;;
692644;20/05/2025;ter�a-feira;15:00:00;MT;70;120;GENERAL CARNEIRO;Demais falhas mec�nicas ou el�tricas;Inc�ndio;Sem V�timas;Pleno dia;Decrescente;C�u Claro;Simples;Reta;N�o;1;0;0;0;1;0;0;1;-15,60286689;-53,14996719;SPRF-MT;DEL07-MT;UOP01-DEL07-MT;;;
692645;20/05/2025;ter�a-feira;13:00:00;RJ;101;310;SAO GONCALO;Problema com o freio;Colis�o traseira;Sem V�timas;Pleno dia;Decrescente;C�u Claro;Dupla;"Reta;Declive";Sim;2;0;0;0;2;0;0;2;-22,8133252;-43,0595451;SPRF-RJ;DEL02-RJ;UOP02-DEL02-RJ;;;
692646;20/05/2025;ter�a-feira;22:00:00;TO;10;454,3;PALMAS;Aus�ncia de rea��o do condutor;Colis�o transversal;Com V�timas Fatais;Plena Noite;Crescente;C�u Claro;M�ltipla;Reta;Sim;2;1;0;0;1;0;0;2;-10,31314;-48,29718;SPRF-TO;DEL01-TO;UOP03-DEL01-TO;;;
692647;20/05/2025;ter�a-feira;21:30:00;CE;222;310;TIANGUA;�rea urbana sem a presen�a de local apropriado para a travessia de pedestres;Atropelamento de Pedestre;Com V�timas Feridas;Plena Noite;Decrescente;C�u Claro;Dupla;"Reta;Interse��o de Vias";Sim;2;0;0;1;0;1;1;2;-3,6922924;-40,9759976;SPRF-CE;DEL04-CE;UOP02-DEL04-CE;;;
692648;20/05/2025;ter�a-feira;09:00:00;RJ;40;123;DUQUE DE CAXIAS;Rea��o tardia ou ineficiente do condutor;Colis�o lateral mesmo sentido;Com V�timas Feridas;Pleno dia;Decrescente;C�u Claro;Dupla;"Ponte;Curva";Sim;2;0;1;0;1;0;1;2;-22,80249065;-43,29020481;SPRF-RJ;DEL01-RJ;UOP02-DEL01-RJ;;;
692649;13/05/2025;ter�a-feira;06:40:00;RJ;116;202;SEROPEDICA;Avarias e/ou desgaste excessivo no pneu;Queda de ocupante de ve�culo;Com V�timas Feridas;Pleno dia;Crescente;C�u Claro;Dupla;Curva;N�o;2;0;1;0;1;0;1;1;-22,72432887;-43,66084546;SPRF-RJ;DEL06-RJ;UOP02-DEL06-RJ;;;
692650;20/05/2025;ter�a-feira;23:10:00;TO;10;453;PALMAS;Aus�ncia de rea��o do condutor;Colis�o transversal;Com V�timas Feridas;Plena Noite;Crescente;C�u Claro;Dupla;Reta;Sim;2;0;0;1;1;0;1;2;-10,313265;-48,297138;SPRF-TO;DEL01-TO;UOP03-DEL01-TO;;;
692651;20/05/2025;ter�a-feira;22:50:00;PR;277;0,2;PARANAGUA;Acessar a via sem observar a presen�a dos outros ve�culos;Colis�o transversal;Com V�timas Feridas;Plena Noite;Crescente;C�u Claro;Dupla;Interse��o de Vias;Sim;2;0;1;0;1;0;1;2;-25,51858305;-48,54208398;SPRF-PR;DEL01-PR;UOP05-DEL01-PR;;;
692652;20/05/2025;ter�a-feira;20:30:00;MT;174;301;PONTES E LACERDA;Animais na Pista;Atropelamento de Animal;Com V�timas Feridas;Plena Noite;Decrescente;C�u Claro;Simples;Reta;N�o;1;0;1;0;0;0;1;1;-15,05781451;-59,29646731;SPRF-MT;DEL04-MT;UOP01-DEL04-MT;;;
692653;20/05/2025;ter�a-feira;17:45:00;RS;468;104,9;TRES PASSOS;Acessar a via sem observar a presen�a dos outros ve�culos;Colis�o transversal;Com V�timas Feridas;Pleno dia;Crescente;C�u Claro;Simples;"Reta;Interse��o de Vias;Rotat�ria";Sim;2;0;1;0;1;0;1;2;-27,4449035;-53,9493713;SPRF-RS;DEL08-RS;UOP02-DEL08-RS;;;
692654;20/05/2025;ter�a-feira;22:00:00;PR;373;181;PONTA GROSSA;Convers�o proibida;Colis�o transversal;Com V�timas Feridas;Plena Noite;Crescente;Nublado;Simples;Reta;Sim;4;0;2;0;2;0;2;2;-25,04071647;-50,25193088;SPRF-PR;DEL03-PR;UOP01-DEL03-PR;;;
692657;20/05/2025;ter�a-feira;23:30:00;SC;101;92;BARRA VELHA;Rea��o tardia ou ineficiente do condutor;Colis�o lateral mesmo sentido;Sem V�timas;Plena Noite;Crescente;Nublado;M�ltipla;Reta;N�o;2;0;0;0;2;0;0;2;-26,68458659;-48,69476287;SPRF-SC;DEL03-SC;UOP02-DEL03-SC;;;
692658;16/05/2025;sexta-feira;15:00:00;BA;101;622;MASCOTE;Velocidade Incompat�vel;Sa�da de leito carro��vel;Sem V�timas;Pleno dia;Decrescente;Chuva;Simples;Curva;N�o;1;0;0;0;0;1;0;1;-15,74187628;-39,4765091;SPRF-BA;DEL05-BA;UOP02-DEL05-BA;;;
692659;21/05/2025;quarta-feira;02:28:00;GO;153;582;PIRACANJUBA;Animais na Pista;Atropelamento de Animal;Com V�timas Feridas;Plena Noite;Decrescente;C�u Claro;Dupla;"Declive;Reta";N�o;1;0;1;0;0;0;1;1;-17,388008;-49,229988;SPRF-GO;DEL03-GO;UOP01-DEL03-GO;;;
692665;21/05/2025;quarta-feira;05:30:00;SP;116;226,5;GUARULHOS;Manobra de mudan�a de faixa;Colis�o lateral mesmo sentido;Com V�timas Feridas;Plena Noite;Crescente;Nublado;M�ltipla;"Em Obras;Reta";Sim;2;0;1;0;0;1;1;2;-23,49397555;-46,55377887;SPRF-SP;DEL01-SP;UOP01-DEL01-SP;;;
692666;21/05/2025;quarta-feira;06:30:00;SP;116;222;GUARULHOS;Trafegar com motocicleta (ou similar) entre as faixas;Colis�o com objeto;Com V�timas Feridas;Pleno dia;Crescente;C�u Claro;M�ltipla;"Reta;Em Obras;Desvio Tempor�rio";Sim;1;0;1;0;0;0;1;1;-23,47112713;-46,5174191;SPRF-SP;DEL01-SP;UOP01-DEL01-SP;;;
692667;21/05/2025;quarta-feira;06:45:00;SC;101;24,8;JOINVILLE;Demais falhas na via;Tombamento;Com V�timas Feridas;Pleno dia;Crescente;Chuva;Dupla;Reta;Sim;1;0;1;0;0;0;1;1;-26,18084408;-48,9091572;SPRF-SC;DEL03-SC;UOP01-DEL03-SC;;;
692668;21/05/2025;quarta-feira;07:00:00;SC;101;24,8;JOINVILLE;Demais falhas na via;Tombamento;Com V�timas Feridas;Pleno dia;Crescente;Chuva;Dupla;"Reta;Desvio Tempor�rio";N�o;1;0;1;0;0;0;1;1;-26,18094999;-48,90916793;SPRF-SC;DEL03-SC;UOP01-DEL03-SC;;;
692670;21/05/2025;quarta-feira;05:37:00;PE;232;118,2;CARUARU;Acumulo de �gua sobre o pavimento;Sa�da de leito carro��vel;Com V�timas Feridas;Amanhecer;Decrescente;Chuva;Dupla;Curva;N�o;3;0;2;0;0;1;2;2;-8,294777;-35,886792;SPRF-PE;DEL02-PE;UOP01-DEL02-PE;;;
692672;21/05/2025;quarta-feira;07:20:00;DF;20;8;BRASILIA;Condutor deixou de manter dist�ncia do ve�culo da frente;Colis�o traseira;Com V�timas Feridas;Pleno dia;Decrescente;Sol;Dupla;"Reta;Declive";Sim;4;0;1;0;3;0;1;3;-15,66131154;-47,79324532;SPRF-DF;DEL02-DF;UOP01-DEL02-DF;;;
692673;21/05/2025;quarta-feira;06:30:00;SC;280;124,2;RIO NEGRINHO;Ingest�o de �lcool pelo condutor;Colis�o traseira;Com V�timas Feridas;Pleno dia;Crescente;C�u Claro;Simples;Reta;N�o;2;0;1;0;1;0;1;2;-26,35641481;-49,625519;SPRF-SC;DEL06-SC;UOP03-DEL06-SC;;;
692674;21/05/2025;quarta-feira;06:50:00;SC;101;149;ITAPEMA;Rea��o tardia ou ineficiente do condutor;Tombamento;Com V�timas Feridas;Amanhecer;Crescente;C�u Claro;Dupla;Reta;Sim;2;0;2;0;0;0;2;1;-27,10502976;-48,61605613;SPRF-SC;DEL04-SC;UOP03-DEL04-SC;;;
692675;21/05/2025;quarta-feira;07:05:00;PR;369;156;LONDRINA;Aus�ncia de rea��o do condutor;Atropelamento de Pedestre;Com V�timas Feridas;Pleno dia;Crescente;C�u Claro;Dupla;Reta;Sim;3;0;1;0;2;0;1;2;-23,291721;-51,216699;SPRF-PR;DEL07-PR;UOP01-DEL07-PR;;;
692678;13/05/2025;ter�a-feira;19:10:00;PR;277;336;GUARAPUAVA;Objeto est�tico sobre o leito carro��vel;Colis�o com objeto;Sem V�timas;Anoitecer;Crescente;C�u Claro;Dupla;"Declive;Reta";N�o;1;0;0;0;1;0;0;1;-25,342251;-51,411944;SPRF-PR;DEL08-PR;UOP01-DEL08-PR;;;