id;data_inversa;dia_semana;horario;uf;br;km;municipio;causa_acidente;tipo_acidente;classificacao_acidente;fase_dia;sentido_via;condicao_metereologica;tipo_pista;tracado_via;uso_solo;pessoas;mortos;feridos_leves;feridos_graves;ilesos;ignorados;feridos;veiculos;latitude;longitude;regional;delegacia;uop;;;
692679;21/05/2025;quarta-feira;07:50:00;RS;116;147;CAXIAS DO SUL;Manobra de mudan�a de faixa;Colis�o lateral mesmo sentido;Com V�timas Feridas;Pleno dia;Crescente;Garoa/Chuvisco;Dupla;"Reta;Declive";Sim;2;0;1;0;1;0;1;2;-29,14906301;-51,14323676;SPRF-RS;DEL05-RS;UOP01-DEL05-RS;;;
692680;21/05/2025;quarta-feira;07:40:00;CE;116;34;AQUIRAZ;Acessar a via sem observar a presen�a dos outros ve�culos;Colis�o transversal;Com V�timas Feridas;Pleno dia;Crescente;C�u Claro;Dupla;Reta;Sim;2;0;0;1;1;0;1;2;-4,052417;-38,50608;SPRF-CE;DEL01-CE;UOP02-DEL01-CE;;;
692681;21/05/2025;quarta-feira;07:30:00;SC;280;28,6;ARAQUARI;Acessar a via sem observar a presen�a dos outros ve�culos;Colis�o frontal;Com V�timas Feridas;Pleno dia;Crescente;Garoa/Chuvisco;Simples;"Reta;Interse��o de Vias;Em Obras";Sim;2;0;0;1;1;0;1;2;-26,408332;-48,749967;SPRF-SC;DEL03-SC;UOP03-DEL03-SC;;;
692682;21/05/2025;quarta-feira;08:00:00;PB;230;147,8;CAMPINA GRANDE;Rea��o tardia ou ineficiente do condutor;Colis�o lateral mesmo sentido;Com V�timas Feridas;Pleno dia;Crescente;C�u Claro;Simples;Rotat�ria;N�o;2;0;1;0;1;0;1;2;-7,23662236;-35,86704302;SPRF-PB;DEL02-PB;UOP01-DEL02-PB;;;
692684;21/05/2025;quarta-feira;07:00:00;PB;104;118,2;LAGOA SECA;Ultrapassagem Indevida;Colis�o transversal;Com V�timas Feridas;Pleno dia;Decrescente;Nublado;Simples;Reta;Sim;2;0;0;1;1;0;1;2;-7,187725;-35,866735;SPRF-PB;DEL02-PB;UOP04-DEL02-PB;;;
692686;21/05/2025;quarta-feira;08:15:00;SC;101;328;CAPIVARI DE BAIXO;Manobra de mudan�a de faixa;Colis�o lateral mesmo sentido;Com V�timas Feridas;Pleno dia;Crescente;C�u Claro;Dupla;Reta;Sim;2;0;2;0;0;0;2;2;-28,44450268;-48,96630988;SPRF-SC;DEL02-SC;UOP01-DEL02-SC;;;
692687;21/05/2025;quarta-feira;07:30:00;MS;163;471;CAMPO GRANDE;Aus�ncia de rea��o do condutor;Sa�da de leito carro��vel;Com V�timas Feridas;Pleno dia;Crescente;C�u Claro;Simples;"Reta;Declive";N�o;1;0;1;0;0;0;1;1;-20,5514319;-54,5570638;SPRF-MS;DEL01-MS;UOP01-DEL01-MS;;;
692688;21/05/2025;quarta-feira;06:53:00;RS;290;86;PORTO ALEGRE;Avarias e/ou desgaste excessivo no pneu;Sa�da de leito carro��vel;Sem V�timas;Plena Noite;Crescente;Nevoeiro/Neblina;Simples;Curva;Sim;1;0;0;0;0;1;0;1;-29,96746083;-51,11774191;SPRF-RS;DEL01-RS;UOP01-DEL01-RS;;;
692689;21/05/2025;quarta-feira;07:45:00;PR;272;367,4;CAMPO MOURAO;Condutor deixou de manter dist�ncia do ve�culo da frente;Colis�o traseira;Com V�timas Feridas;Pleno dia;Decrescente;C�u Claro;Dupla;Reta;Sim;4;0;1;0;3;0;1;2;-24,0509623;-52,4028793;SPRF-PR;DEL09-PR;UOP03-DEL09-PR;;;
692691;21/05/2025;quarta-feira;07:30:00;GO;60;97,5;ANAPOLIS;Condutor deixou de manter dist�ncia do ve�culo da frente;Colis�o traseira;Com V�timas Feridas;Pleno dia;Crescente;C�u Claro;Dupla;Reta;Sim;2;0;1;0;0;1;1;2;-16,382212;-48,953006;SPRF-GO;DEL02-GO;UOP01-DEL02-GO;;;
692697;21/05/2025;quarta-feira;08:00:00;RJ;40;120;DUQUE DE CAXIAS;Rea��o tardia ou ineficiente do condutor;Colis�o lateral mesmo sentido;Com V�timas Feridas;Pleno dia;Crescente;C�u Claro;M�ltipla;Reta;Sim;4;0;2;0;2;0;2;2;-22,78324354;-43,28569045;SPRF-RJ;DEL01-RJ;UOP02-DEL01-RJ;;;
692698;21/05/2025;quarta-feira;09:20:00;RS;470;168;VILA FLORES;Acessar a via sem observar a presen�a dos outros ve�culos;Colis�o transversal;Com V�timas Feridas;Pleno dia;Crescente;Nublado;Simples;"Reta;Retorno Regulamentado";Sim;3;0;3;0;0;0;3;2;-28,871156;-51,550761;SPRF-RS;DEL06-RS;UOP02-DEL06-RS;;;
692699;21/05/2025;quarta-feira;06:50:00;RJ;40;120;DUQUE DE CAXIAS;Rea��o tardia ou ineficiente do condutor;Colis�o lateral mesmo sentido;Com V�timas Feridas;Pleno dia;Crescente;C�u Claro;M�ltipla;Reta;Sim;2;0;1;0;1;0;1;2;-22,76610542;-43,28673933;SPRF-RJ;DEL01-RJ;UOP02-DEL01-RJ;;;
692700;20/05/2025;ter�a-feira;20:10:00;RJ;40;107;DUQUE DE CAXIAS;Aus�ncia de rea��o do condutor;Engavetamento;Sem V�timas;Plena Noite;Decrescente;C�u Claro;M�ltipla;Reta;Sim;3;0;0;0;3;0;0;3;-22,65851899;-43,28398057;SPRF-RJ;DEL01-RJ;UOP02-DEL01-RJ;;;
692701;21/05/2025;quarta-feira;09:00:00;SP;116;222;GUARULHOS;Condutor deixou de manter dist�ncia do ve�culo da frente;Colis�o traseira;Com V�timas Feridas;Pleno dia;Decrescente;C�u Claro;M�ltipla;Reta;N�o;3;0;1;0;2;0;1;2;-23,475691;-46,524662;SPRF-SP;DEL01-SP;UOP01-DEL01-SP;;;
692702;25/01/2025;s�bado;14:05:00;SE;101;201,4;CRISTINAPOLIS;Rea��o tardia ou ineficiente do condutor;Sa�da de leito carro��vel;Com V�timas Feridas;Pleno dia;Decrescente;C�u Claro;Simples;Reta;N�o;3;0;1;1;1;0;2;1;-11,49070496;-37,77641305;SPRF-SE;DEL02-SE;UOP03-DEL02-SE;;;
692703;21/05/2025;quarta-feira;10:00:00;SP;116;228;SAO PAULO;Rea��o tardia ou ineficiente do condutor;Colis�o traseira;Com V�timas Feridas;Pleno dia;Crescente;C�u Claro;M�ltipla;Reta;Sim;2;0;1;0;1;0;1;2;-23,502543;-46,566312;SPRF-SP;DEL01-SP;UOP01-DEL01-SP;;;
692704;21/05/2025;quarta-feira;08:00:00;SP;116;136,8;SAO JOSE DOS CAMPOS;Trafegar com motocicleta (ou similar) entre as faixas;Colis�o traseira;Com V�timas Feridas;Pleno dia;Crescente;C�u Claro;Dupla;"Reta;Interse��o de Vias;Aclive";Sim;2;0;1;0;1;0;1;2;-23,15006743;-45,78161716;SPRF-SP;DEL02-SP;UOP01-DEL02-SP;;;
692705;02/05/2025;sexta-feira;07:45:00;RJ;116;313;RESENDE;Rea��o tardia ou ineficiente do condutor;Engavetamento;Com V�timas Feridas;Amanhecer;Decrescente;Nevoeiro/Neblina;Dupla;Reta;N�o;6;0;2;0;4;0;2;5;-22,46019;-44,465933;SPRF-RJ;DEL07-RJ;UOP02-DEL07-RJ;;;
692706;21/05/2025;quarta-feira;10:00:00;SC;101;77,7;ARAQUARI;Condutor Dormindo;Sa�da de leito carro��vel;Com V�timas Feridas;Pleno dia;Crescente;Nublado;Dupla;Curva;N�o;3;0;2;0;1;0;2;1;-26,5739306;-48,72297971;SPRF-SC;DEL03-SC;UOP02-DEL03-SC;;;
692708;21/05/2025;quarta-feira;09:20:00;RJ;40;111;DUQUE DE CAXIAS;Rea��o tardia ou ineficiente do condutor;Colis�o traseira;Com V�timas Feridas;Pleno dia;Crescente;C�u Claro;Dupla;Reta;Sim;2;0;1;0;1;0;1;2;-22,6922512;-43,28766481;SPRF-RJ;DEL01-RJ;UOP02-DEL01-RJ;;;
692710;21/05/2025;quarta-feira;08:30:00;MG;262;75;MATIPO;Aus�ncia de rea��o do condutor;Queda de ocupante de ve�culo;Com V�timas Feridas;Pleno dia;Crescente;C�u Claro;Simples;"Reta;Aclive";N�o;1;0;1;0;0;0;1;1;-20,32520408;-42,34158611;SPRF-MG;DEL03-MG;UOP03-DEL03-MG;;;
692712;21/05/2025;quarta-feira;11:45:00;DF;60;2,5;BRASILIA;Acessar a via sem observar a presen�a dos outros ve�culos;Sa�da de leito carro��vel;Com V�timas Feridas;Pleno dia;Crescente;C�u Claro;Dupla;Reta;Sim;6;0;4;0;1;1;4;3;-15,9286837;-48,167833;SPRF-DF;DEL03-DF;UOP01-DEL03-DF;;;
692715;21/05/2025;quarta-feira;10:25:00;SC;101;194,8;BIGUACU;Transtornos Mentais (exceto suicidio);Queda de ocupante de ve�culo;Com V�timas Feridas;Pleno dia;Crescente;Nublado;M�ltipla;Reta;Sim;1;0;1;0;0;0;1;1;-27,50438173;-48,65189999;SPRF-SC;DEL01-SC;UOP01-DEL01-SC;;;
692716;21/05/2025;quarta-feira;11:40:00;RN;101;107;PARNAMIRIM;Pista Escorregadia;Tombamento;Com V�timas Feridas;Pleno dia;Crescente;C�u Claro;Simples;Curva;Sim;2;0;1;0;0;1;1;1;-5,92044109;-35,26495164;SPRF-RN;DEL01-RN;UOP01-DEL01-RN;;;
692717;13/05/2025;ter�a-feira;07:50:00;MG;116;801,8;ALEM PARAIBA;Acessar a via sem observar a presen�a dos outros ve�culos;Colis�o transversal;Com V�timas Feridas;Pleno dia;Crescente;Nublado;Simples;Reta;N�o;2;0;2;0;0;0;2;2;-21,775255;-42,727764;SPRF-MG;DEL07-MG;UOP01-DEL07-MG;;;
692719;21/05/2025;quarta-feira;10:30:00;SE;235;42,7;ITABAIANA;Condutor deixou de manter dist�ncia do ve�culo da frente;Colis�o traseira;Com V�timas Feridas;Pleno dia;Crescente;Nublado;Simples;Reta;Sim;2;0;1;0;1;0;1;2;-10,76113563;-37,38956451;SPRF-SE;DEL01-SE;UOP02-DEL01-SE;;;
692722;21/05/2025;quarta-feira;11:33:00;MG;116;701,7;MURIAE;Convers�o proibida;Colis�o lateral mesmo sentido;Com V�timas Feridas;Pleno dia;Decrescente;C�u Claro;Simples;Reta;Sim;3;0;1;0;1;1;1;3;-21,11908704;-42,38013122;SPRF-MG;DEL07-MG;UOP02-DEL07-MG;;;
692723;21/05/2025;quarta-feira;12:30:00;MG;262;490,8;MOEMA;Restri��o de visibilidade em curvas horizontais;Sa�da de leito carro��vel;Com V�timas Feridas;Pleno dia;Decrescente;Sol;Simples;Reta;N�o;2;0;2;0;0;0;2;1;-19,78587;-45,382321;SPRF-MG;DEL08-MG;UOP03-DEL08-MG;;;
692724;17/05/2025;s�bado;23:40:00;GO;70;474;ARAGARCAS;Aus�ncia de rea��o do condutor;Tombamento;Com V�timas Feridas;Plena Noite;Crescente;C�u Claro;Dupla;Reta;Sim;1;0;0;1;0;0;1;1;-15,895929;-52,250492;SPRF-GO;DEL04-GO;UOP02-DEL04-GO;;;
692726;21/05/2025;quarta-feira;10:20:00;MG;50;142;UBERABA;Avarias e/ou desgaste excessivo no pneu;Sa�da de leito carro��vel;Com V�timas Feridas;Pleno dia;Crescente;C�u Claro;Dupla;Reta;N�o;1;0;0;1;0;0;1;1;-19,498988;-48,046572;SPRF-MG;DEL13-MG;UOP01-DEL13-MG;;;
692729;21/05/2025;quarta-feira;12:57:00;RN;101;71,5;EXTREMOZ;Rea��o tardia ou ineficiente do condutor;Tombamento;Com V�timas Feridas;Pleno dia;Crescente;Sol;Simples;"Interse��o de Vias;Reta";N�o;1;0;1;0;0;0;1;1;-5,69159464;-35,26306478;SPRF-RN;DEL02-RN;UOP01-DEL02-RN;;;
692730;21/05/2025;quarta-feira;13:25:00;MA;135;10;SAO LUIS;Rea��o tardia ou ineficiente do condutor;Atropelamento de Pedestre;Com V�timas Feridas;Pleno dia;Decrescente;Chuva;Dupla;Reta;Sim;3;0;1;2;0;0;3;2;-2,66246672;-44,28565797;SPRF-MA;DEL01-MA;UOP01-DEL01-MA;;;
692732;21/05/2025;quarta-feira;11:00:00;AP;210;108;PORTO GRANDE;Transitar na contram�o;Colis�o frontal;Com V�timas Feridas;Pleno dia;Crescente;C�u Claro;Simples;Curva;N�o;2;0;0;1;1;0;1;2;0,69879907;-51,42603484;SPRF-AP;DEL01-AP;UOP01-DEL01-AP;;;
692733;21/05/2025;quarta-feira;07:00:00;MG;40;521;CONTAGEM;Manobra de mudan�a de faixa;Tombamento;Com V�timas Feridas;Pleno dia;Crescente;Sol;Dupla;Reta;Sim;1;0;0;1;0;0;1;1;-19,91122121;-44,04418311;SPRF-MG;DEL01-MG;UOP02-DEL01-MG;;;
692734;21/05/2025;quarta-feira;14:00:00;TO;10;469,7;PALMAS;Condutor deixou de manter dist�ncia do ve�culo da frente;Engavetamento;Com V�timas Feridas;Pleno dia;Crescente;C�u Claro;M�ltipla;"Reta;Aclive";Sim;4;0;1;0;3;0;1;3;-10,26733;-48,30687;SPRF-TO;DEL01-TO;UOP03-DEL01-TO;;;
692738;21/05/2025;quarta-feira;12:30:00;RS;116;379;CAMAQUA;Condutor usando celular;Sa�da de leito carro��vel;Com V�timas Feridas;Pleno dia;Crescente;C�u Claro;Dupla;Reta;N�o;1;0;0;1;0;0;1;1;-30,75375054;-51,63807994;SPRF-RS;DEL02-RS;UOP02-DEL02-RS;;;
692739;21/05/2025;quarta-feira;13:20:00;GO;60;6,9;SANTO ANTONIO DO DESCOBERTO;Demais falhas mec�nicas ou el�tricas;Inc�ndio;Sem V�timas;Pleno dia;Decrescente;C�u Claro;Dupla;Reta;N�o;2;0;0;0;2;0;0;1;-16,103155;-48,290875;SPRF-DF;DEL03-DF;UOP01-DEL03-DF;;;
692740;21/05/2025;quarta-feira;12:20:00;MG;116;762,5;LEOPOLDINA;Acessar a via sem observar a presen�a dos outros ve�culos;Colis�o transversal;Com V�timas Feridas;Pleno dia;Decrescente;Sol;Simples;Reta;Sim;2;0;1;0;1;0;1;2;-21,52764585;-42,62998436;SPRF-MG;DEL07-MG;UOP01-DEL07-MG;;;
692744;21/05/2025;quarta-feira;14:40:00;RS;158;327;SANTA MARIA;Aus�ncia de rea��o do condutor;Colis�o traseira;Com V�timas Feridas;Pleno dia;Crescente;C�u Claro;Dupla;Reta;N�o;2;0;1;0;1;0;1;2;-29,713363;-53,815904;SPRF-RS;DEL09-RS;UOP01-DEL09-RS;;;
692745;17/04/2025;quinta-feira;22:00:00;DF;70;12;BRASILIA;Aus�ncia de rea��o do condutor;Sa�da de leito carro��vel;Com V�timas Feridas;Plena Noite;Decrescente;C�u Claro;Dupla;Reta;Sim;3;0;2;0;1;0;2;1;-15,790209;-48,15165;SPRF-DF;DEL03-DF;UOP02-DEL03-DF;;;
692749;21/05/2025;quarta-feira;14:00:00;MG;381;730;CARMO DA CACHOEIRA;Aus�ncia de rea��o do condutor;Colis�o com objeto;Com V�timas Feridas;Pleno dia;Crescente;C�u Claro;Dupla;Reta;N�o;1;0;1;0;0;0;1;1;-21,51758873;-45,22158909;SPRF-MG;DEL16-MG;UOP02-DEL16-MG;;;
692753;21/05/2025;quarta-feira;15:42:00;RN;101;81;NATAL;Acumulo de areia ou detritos sobre o pavimento;Queda de ocupante de ve�culo;Com V�timas Feridas;Pleno dia;Decrescente;C�u Claro;Dupla;Reta;N�o;2;0;2;0;0;0;2;1;-5,76485629;-35,28251616;SPRF-RN;DEL02-RN;UOP01-DEL02-RN;;;
692754;21/05/2025;quarta-feira;13:30:00;PA;10;1,1;DOM ELISEU;Aus�ncia de rea��o do condutor;Colis�o transversal;Com V�timas Feridas;Pleno dia;Decrescente;C�u Claro;Simples;Reta;Sim;3;0;0;1;1;1;1;2;-4,436723;-47,53627;SPRF-PA;DEL02-PA;UOP02-DEL02-PA;;;
692755;21/05/2025;quarta-feira;15:12:00;CE;222;2,1;FORTALEZA;Manobra de mudan�a de faixa;Colis�o lateral mesmo sentido;Com V�timas Fatais;Pleno dia;Decrescente;C�u Claro;Simples;Reta;Sim;2;1;0;0;1;0;0;2;-3,73940641;-38,58802488;SPRF-CE;DEL01-CE;UOP01-DEL01-CE;;;
692756;20/05/2025;ter�a-feira;20:10:00;RJ;101;312;SAO GONCALO;Mal s�bito do condutor;Colis�o traseira;Com V�timas Feridas;Plena Noite;Decrescente;C�u Claro;Dupla;Reta;N�o;2;0;0;1;1;0;1;2;-22,80613843;-43,06269407;SPRF-RJ;DEL02-RJ;UOP02-DEL02-RJ;;;
692760;21/05/2025;quarta-feira;15:00:00;RJ;465;21;SEROPEDICA;Entrada inopinada do pedestre;Atropelamento de Pedestre;Sem V�timas;Pleno dia;Crescente;C�u Claro;Simples;Reta;Sim;2;0;0;0;2;0;0;2;-22,7147776;-43,7223424;SPRF-RJ;DEL06-RJ;UOP02-DEL06-RJ;;;
692763;21/05/2025;quarta-feira;15:40:00;PR;277;2,5;CURITIBA;Manobra de mudan�a de faixa;Colis�o traseira;Com V�timas Feridas;Pleno dia;Crescente;C�u Claro;Dupla;"Declive;Reta";Sim;3;0;1;0;2;0;1;2;-25,4304912;-49,34111588;SPRF-PR;DEL01-PR;UOP06-DEL01-PR;;;
692764;21/05/2025;quarta-feira;13:20:00;MG;116;526,4;CARATINGA;Rea��o tardia ou ineficiente do condutor;Colis�o traseira;Com V�timas Feridas;Pleno dia;Decrescente;Sol;Simples;Reta;Sim;2;0;1;0;1;0;1;2;-19,77654011;-42,13327986;SPRF-MG;DEL06-MG;UOP02-DEL06-MG;;;
692765;21/05/2025;quarta-feira;15:58:00;DF;70;2;BRASILIA;Manobra de mudan�a de faixa;Colis�o traseira;Com V�timas Feridas;Pleno dia;Crescente;Sol;Dupla;Reta;Sim;3;0;1;0;1;1;1;3;-15,80112266;-48,07823807;SPRF-DF;DEL03-DF;UOP02-DEL03-DF;;;
692767;21/04/2025;segunda-feira;14:00:00;MG;381;504;BETIM;Trafegar com motocicleta (ou similar) entre as faixas;Colis�o lateral mesmo sentido;Com V�timas Feridas;Pleno dia;Decrescente;C�u Claro;Dupla;Reta;N�o;3;0;1;0;1;1;1;3;-20,03421576;-44,24205953;SPRF-MG;DEL01-MG;UOP03-DEL01-MG;;;
692768;21/05/2025;quarta-feira;16:50:00;GO;60;88;ANAPOLIS;Condutor deixou de manter dist�ncia do ve�culo da frente;Colis�o traseira;Com V�timas Feridas;Pleno dia;Decrescente;Sol;Dupla;Reta;Sim;3;0;1;0;2;0;1;2;-16,335493;-48,894058;SPRF-GO;DEL02-GO;UOP01-DEL02-GO;;;
692770;21/05/2025;quarta-feira;17:05:00;RS;392;352;SANTA MARIA;Convers�o proibida;Colis�o transversal;Com V�timas Feridas;Pleno dia;Crescente;C�u Claro;Dupla;Reta;Sim;4;0;1;0;2;1;1;3;-29,7236517;-53,80633519;SPRF-RS;DEL09-RS;UOP01-DEL09-RS;;;
692771;21/05/2025;quarta-feira;16:30:00;PA;230;123;MARABA;Chuva;Tombamento;Com V�timas Feridas;Pleno dia;Crescente;Chuva;Dupla;Reta;Sim;2;0;1;0;1;0;1;1;-5,36610894;-49,12668801;SPRF-PA;DEL03-PA;UOP01-DEL03-PA;;;
692772;21/05/2025;quarta-feira;13:30:00;MA;135;38,9;BACABEIRA;Pista Escorregadia;Capotamento;Com V�timas Feridas;Pleno dia;Decrescente;Chuva;Dupla;Reta;N�o;5;0;0;2;3;0;2;1;-2,87567923;-44,37486649;SPRF-MA;DEL01-MA;UOP01-DEL01-MA;;;
692774;22/02/2025;s�bado;13:39:00;BA;101;517;BUERAREMA;Velocidade Incompat�vel;Queda de ocupante de ve�culo;Com V�timas Feridas;Pleno dia;Crescente;C�u Claro;Simples;Reta;N�o;1;0;0;1;0;0;1;1;-14,95732313;-39,30200959;SPRF-BA;DEL05-BA;UOP01-DEL05-BA;;;
692775;21/05/2025;quarta-feira;17:00:00;PR;116;125;FAZENDA RIO GRANDE;Rea��o tardia ou ineficiente do condutor;Colis�o traseira;Com V�timas Feridas;Plena Noite;Crescente;Nublado;Dupla;Reta;Sim;2;0;0;1;1;0;1;2;-25,632872;-49,31346;SPRF-PR;DEL01-PR;UOP03-DEL01-PR;;;
692776;21/05/2025;quarta-feira;17:10:00;PR;277;84;CURITIBA;Aus�ncia de rea��o do condutor;Colis�o com objeto;Com V�timas Feridas;Anoitecer;Crescente;Nublado;Dupla;"Curva;Viaduto";N�o;1;0;1;0;0;0;1;1;-25,443642;-49,233797;SPRF-PR;DEL01-PR;UOP03-DEL01-PR;;;
692777;21/05/2025;quarta-feira;17:15:00;ES;101;212,9;IBIRACU;Manobra de mudan�a de faixa;Colis�o lateral mesmo sentido;Com V�timas Feridas;Anoitecer;Crescente;C�u Claro;Simples;Reta;Sim;3;0;0;1;0;2;1;3;-19,82345458;-40,36983043;SPRF-ES;DEL02-ES;UOP01-DEL02-ES;;;
692778;21/05/2025;quarta-feira;17:30:00;MG;40;772;JUIZ DE FORA;Acessar a via sem observar a presen�a dos outros ve�culos;Colis�o transversal;Com V�timas Feridas;Anoitecer;Decrescente;C�u Claro;Simples;Reta;N�o;3;0;0;3;0;0;3;2;-21,5996148;-43,45805;SPRF-MG;DEL05-MG;UOP01-DEL05-MG;;;
692780;21/05/2025;quarta-feira;17:26:00;ES;101;263,1;SERRA;Manobra de mudan�a de faixa;Colis�o lateral mesmo sentido;Com V�timas Feridas;Pleno dia;Decrescente;C�u Claro;Simples;Reta;Sim;2;0;1;0;1;0;1;2;-20,17453061;-40,2669688;SPRF-ES;DEL02-ES;UOP01-DEL02-ES;;;
692781;21/05/2025;quarta-feira;16:40:00;RJ;116;183;NOVA IGUACU;Ultrapassagem Indevida;Colis�o lateral mesmo sentido;Com V�timas Feridas;Anoitecer;Crescente;Chuva;M�ltipla;Reta;Sim;2;0;0;1;1;0;1;2;-22,74347197;-43,45019214;SPRF-RJ;DEL06-RJ;UOP01-DEL06-RJ;;;
692782;14/05/2025;quarta-feira;05:40:00;MG;116;255;TEOFILO OTONI;Aus�ncia de rea��o do condutor;Colis�o lateral mesmo sentido;Com V�timas Feridas;Amanhecer;Decrescente;Garoa/Chuvisco;Simples;Reta;N�o;3;0;1;1;1;0;2;3;-17,87224292;-41,52001619;SPRF-MG;DEL11-MG;UOP01-DEL11-MG;;;
692783;21/05/2025;quarta-feira;17:30:00;ES;101;263,1;SERRA;Manobra de mudan�a de faixa;Colis�o lateral mesmo sentido;Com V�timas Feridas;Anoitecer;Decrescente;Nublado;Dupla;Reta;Sim;3;0;1;1;1;0;2;2;-20,16776216;-40,27132315;SPRF-ES;DEL02-ES;UOP01-DEL02-ES;;;
692784;21/05/2025;quarta-feira;17:19:00;PR;116;207,8;RIO NEGRO;Ultrapassagem Indevida;Colis�o lateral mesmo sentido;Com V�timas Feridas;Anoitecer;Crescente;Nublado;Simples;"Reta;Declive";Sim;4;0;0;1;3;0;1;2;-26,08162884;-49,77278316;SPRF-SC;DEL06-SC;UOP01-DEL06-SC;;;
692786;21/05/2025;quarta-feira;18:00:00;SP;116;207;GUARULHOS;Manobra de mudan�a de faixa;Colis�o lateral mesmo sentido;Com V�timas Feridas;Plena Noite;Crescente;C�u Claro;M�ltipla;Reta;Sim;2;0;1;0;1;0;1;2;-23,42023589;-46,39246881;SPRF-SP;DEL01-SP;UOP01-DEL01-SP;;;
692787;21/05/2025;quarta-feira;17:10:00;RJ;101;219;SILVA JARDIM;Demais falhas mec�nicas ou el�tricas;Sa�da de leito carro��vel;Com V�timas Feridas;Anoitecer;Crescente;C�u Claro;Dupla;Reta;N�o;1;0;1;0;0;0;1;1;-22,512422;-42,310467;SPRF-RJ;DEL02-RJ;UOP03-DEL02-RJ;;;
692788;21/05/2025;quarta-feira;17:40:00;ES;101;146;LINHARES;Velocidade Incompat�vel;Colis�o traseira;Com V�timas Feridas;Anoitecer;Crescente;C�u Claro;Dupla;Reta;Sim;4;0;4;0;0;0;4;3;-19,37329061;-40,06569283;SPRF-ES;DEL04-ES;UOP01-DEL04-ES;;;
692789;21/05/2025;quarta-feira;17:50:00;RJ;116;181;NOVA IGUACU;Condutor deixou de manter dist�ncia do ve�culo da frente;Colis�o traseira;Sem V�timas;Plena Noite;Crescente;C�u Claro;M�ltipla;Reta;Sim;3;0;0;0;3;0;0;2;-22,76409883;-43,41727607;SPRF-RJ;DEL06-RJ;UOP01-DEL06-RJ;;;
692791;21/05/2025;quarta-feira;14:35:00;RO;364;11;VILHENA;Transitar na contram�o;Colis�o transversal;Sem V�timas;Pleno dia;Crescente;C�u Claro;Simples;Interse��o de Vias;Sim;2;0;0;0;2;0;0;2;-12,74501636;-60,11523753;SPRF-RO;DEL04-RO;UOP01-DEL04-RO;;;
692792;19/05/2025;segunda-feira;13:00:00;MT;163;821;SINOP;Retorno proibido;Colis�o transversal;Com V�timas Feridas;Pleno dia;Crescente;C�u Claro;Simples;Reta;Sim;2;0;1;0;1;0;1;2;-11,98112943;-55,51694289;SPRF-MT;DEL06-MT;UOP02-DEL06-MT;;;
692793;21/05/2025;quarta-feira;17:15:00;GO;70;8,7;AGUAS LINDAS DE GOIAS;Acessar a via sem observar a presen�a dos outros ve�culos;Colis�o traseira;Com V�timas Feridas;Pleno dia;Crescente;C�u Claro;Dupla;Reta;Sim;5;0;2;0;3;0;2;3;-15,73663124;-48,2868433;SPRF-DF;DEL03-DF;UOP02-DEL03-DF;;;
692794;21/05/2025;quarta-feira;16:40:00;MG;50;111;UBERABA;Aus�ncia de rea��o do condutor;Sa�da de leito carro��vel;Com V�timas Feridas;Pleno dia;Decrescente;C�u Claro;Dupla;Reta;N�o;1;0;0;1;0;0;1;1;-19,2335942;-48,1417023;SPRF-MG;DEL13-MG;UOP01-DEL13-MG;;;
692795;21/05/2025;quarta-feira;18:00:00;PR;369;143,4;LONDRINA;Pedestre cruzava a pista fora da faixa;Atropelamento de Pedestre;Com V�timas Feridas;Anoitecer;Decrescente;C�u Claro;Simples;"Reta;Aclive";Sim;3;0;0;1;1;1;1;2;-23,293;-51,096;SPRF-PR;DEL07-PR;UOP01-DEL07-PR;;;
692797;21/05/2025;quarta-feira;18:20:00;PR;277;727;FOZ DO IGUACU;Manobra de mudan�a de faixa;Colis�o lateral mesmo sentido;Com V�timas Feridas;Pleno dia;Decrescente;C�u Claro;Dupla;Reta;Sim;2;0;1;0;0;1;1;2;-25,51017487;-54,56454899;SPRF-PR;DEL05-PR;UOP03-DEL05-PR;;;
692798;21/05/2025;quarta-feira;18:41:00;CE;116;164,1;RUSSAS;Animais na Pista;Atropelamento de Animal;Com V�timas Feridas;Plena Noite;Crescente;C�u Claro;Simples;Reta;Sim;2;0;1;0;1;0;1;2;-4,9158784;-37,9980416;SPRF-CE;DEL03-CE;UOP01-DEL03-CE;;;
692799;21/05/2025;quarta-feira;18:15:00;SC;280;124,2;RIO NEGRINHO;Aus�ncia de rea��o do condutor;Colis�o traseira;Com V�timas Feridas;Plena Noite;Decrescente;Chuva;Simples;Reta;N�o;2;0;1;0;1;0;1;2;-26,24037;-49,47709;SPRF-SC;DEL06-SC;UOP03-DEL06-SC;;;
692800;21/05/2025;quarta-feira;18:30:00;MG;381;478;CONTAGEM;Manobra de mudan�a de faixa;Colis�o lateral mesmo sentido;Com V�timas Feridas;Plena Noite;Decrescente;C�u Claro;Dupla;"Declive;Reta";Sim;2;0;1;0;1;0;1;2;-19,96346294;-44,04841912;SPRF-MG;DEL01-MG;UOP03-DEL01-MG;;;
692802;21/05/2025;quarta-feira;15:20:00;GO;158;9;ARAGARCAS;Carga excessiva e/ou mal acondicionada;Colis�o com objeto;Com V�timas Feridas;Pleno dia;Crescente;C�u Claro;Simples;Reta;N�o;2;0;0;1;1;0;1;2;-15,93376494;-52,21097946;SPRF-GO;DEL04-GO;UOP02-DEL04-GO;;;