id;data_inversa;dia_semana;horario;uf;br;km;municipio;causa_acidente;tipo_acidente;classificacao_acidente;fase_dia;sentido_via;condicao_metereologica;tipo_pista;tracado_via;uso_solo;pessoas;mortos;feridos_leves;feridos_graves;ilesos;ignorados;feridos;veiculos;latitude;longitude;regional;delegacia;uop;;;
692803;21/05/2025;quarta-feira;18:00:00;RJ;40;122;DUQUE DE CAXIAS;Rea��o tardia ou ineficiente do condutor;Colis�o traseira;Com V�timas Feridas;Plena Noite;Decrescente;C�u Claro;M�ltipla;Reta;Sim;2;0;1;0;1;0;1;2;-22,79429154;-43,28746935;SPRF-RJ;DEL01-RJ;UOP02-DEL01-RJ;;;
692804;21/05/2025;quarta-feira;17:06:00;AM;230;614;HUMAITA;Acessar a via sem observar a presen�a dos outros ve�culos;Colis�o lateral mesmo sentido;Com V�timas Feridas;Pleno dia;Decrescente;Sol;Simples;Reta;N�o;2;0;1;0;1;0;1;2;-7,5431936;-63,0718464;SPRF-AM;DEL02-AM;UOP01-DEL02-AM;;;
692807;21/05/2025;quarta-feira;19:14:00;SP;116;224;GUARULHOS;Rea��o tardia ou ineficiente do condutor;Tombamento;Com V�timas Feridas;Plena Noite;Decrescente;C�u Claro;M�ltipla;"Em Obras;Reta";Sim;1;0;1;0;0;0;1;1;-23,4807697;-46,5327405;SPRF-SP;DEL01-SP;UOP01-DEL01-SP;;;
692808;21/05/2025;quarta-feira;17:30:00;PB;101;91,4;JOAO PESSOA;Pedestre cruzava a pista fora da faixa;Atropelamento de Pedestre;Com V�timas Fatais;Anoitecer;Decrescente;C�u Claro;Dupla;Reta;Sim;2;1;1;0;0;0;1;2;-7,1919;-34,904189;SPRF-PB;DEL01-PB;UOP01-DEL01-PB;;;
692809;21/05/2025;quarta-feira;18:45:00;SC;101;157;PORTO BELO;Manobra de mudan�a de faixa;Tombamento;Com V�timas Feridas;Anoitecer;Decrescente;Chuva;Dupla;Reta;Sim;1;0;1;0;0;0;1;1;-27,18211766;-48,6119797;SPRF-SC;DEL04-SC;UOP03-DEL04-SC;;;
692810;21/05/2025;quarta-feira;18:00:00;RJ;493;17;GUAPIMIRIM;Acessar a via sem observar a presen�a dos outros ve�culos;Colis�o transversal;Com V�timas Feridas;Plena Noite;Decrescente;C�u Claro;Simples;Reta;N�o;2;0;1;0;1;0;1;2;-22,66805;-43,00939;SPRF-RJ;DEL04-RJ;UOP02-DEL04-RJ;;;
692811;21/05/2025;quarta-feira;19:21:00;RN;406;169,7;SAO GONCALO DO AMARANTE;Acumulo de areia ou detritos sobre o pavimento;Tombamento;Com V�timas Feridas;Plena Noite;Crescente;C�u Claro;Dupla;"Reta;Interse��o de Vias;Retorno Regulamentado";Sim;2;0;1;0;1;0;1;1;-5,75802802;-35,30159024;SPRF-RN;DEL02-RN;UOP01-DEL02-RN;;;
692812;21/05/2025;quarta-feira;18:12:00;GO;0;0;CATALAO;Acessar a via sem observar a presen�a dos outros ve�culos;Colis�o transversal;Com V�timas Feridas;Anoitecer;N�o Informado;C�u Claro;Dupla;Rotat�ria;Sim;4;0;0;1;2;1;1;3;-18,17221934;-47,95479504;SPRF-GO;DEL06-GO;UOP01-DEL06-GO;;;
692813;21/05/2025;quarta-feira;18:25:00;SC;101;206;SAO JOSE;Manobra de mudan�a de faixa;Colis�o lateral mesmo sentido;Com V�timas Feridas;Pleno dia;Decrescente;C�u Claro;M�ltipla;Reta;Sim;2;0;1;0;0;1;1;2;-27,592009;-48,618148;SPRF-SC;DEL01-SC;UOP01-DEL01-SC;;;
692814;21/05/2025;quarta-feira;18:30:00;MG;116;700,2;MURIAE;Rea��o tardia ou ineficiente do condutor;Colis�o lateral mesmo sentido;Com V�timas Feridas;Plena Noite;Crescente;C�u Claro;Simples;Reta;Sim;2;0;0;1;1;0;1;2;-21,09980543;-42,37681031;SPRF-MG;DEL07-MG;UOP02-DEL07-MG;;;
692817;21/05/2025;quarta-feira;18:35:00;PE;424;93,6;GARANHUNS;Acessar a via sem observar a presen�a dos outros ve�culos;Colis�o transversal;Com V�timas Fatais;Plena Noite;Crescente;Chuva;Simples;Reta;Sim;3;1;1;0;1;0;1;2;-8,91236;-36,488127;SPRF-PE;DEL03-PE;UOP01-DEL03-PE;;;
692819;21/05/2025;quarta-feira;19:15:00;RJ;465;12;SEROPEDICA;Ultrapassagem Indevida;Colis�o lateral sentido oposto;Com V�timas Feridas;Plena Noite;Decrescente;C�u Claro;Dupla;Reta;N�o;2;0;0;1;1;0;1;2;-22,79394311;-43,64901289;SPRF-RJ;DEL06-RJ;UOP02-DEL06-RJ;;;
692820;21/05/2025;quarta-feira;19:40:00;DF;40;7,2;BRASILIA;Pedestre - Ingest�o de �lcool/ subst�ncias psicoativas;Atropelamento de Pedestre;Com V�timas Feridas;Plena Noite;Decrescente;C�u Claro;Dupla;Reta;N�o;2;0;1;0;1;0;1;2;-16,042523;-47,980012;SPRF-DF;DEL01-DF;UOP01-DEL01-DF;;;
692821;21/05/2025;quarta-feira;18:45:00;SC;101;207;SAO JOSE;Pista Escorregadia;Tombamento;Com V�timas Feridas;Plena Noite;Crescente;Chuva;M�ltipla;"Curva;Aclive";Sim;1;0;1;0;0;0;1;1;-27,60011;-48,622767;SPRF-SC;DEL01-SC;UOP01-DEL01-SC;;;
692822;21/05/2025;quarta-feira;20:02:00;RJ;116;185;NOVA IGUACU;Condutor deixou de manter dist�ncia do ve�culo da frente;Colis�o traseira;Com V�timas Feridas;Plena Noite;Crescente;C�u Claro;Dupla;Reta;Sim;2;0;2;0;0;0;2;2;-22,74003045;-43,50017309;SPRF-RJ;DEL06-RJ;UOP01-DEL06-RJ;;;
692824;21/05/2025;quarta-feira;20:00:00;RS;287;248;SANTA MARIA;Rea��o tardia ou ineficiente do condutor;Colis�o lateral mesmo sentido;Com V�timas Feridas;Plena Noite;Decrescente;C�u Claro;Dupla;Viaduto;Sim;3;0;2;0;1;0;2;2;-29,69604011;-53,8517189;SPRF-RS;DEL09-RS;UOP01-DEL09-RS;;;
692825;21/05/2025;quarta-feira;19:00:00;MT;163;898;CLAUDIA;Pedestre andava na pista;Atropelamento de Pedestre;Com V�timas Fatais;Plena Noite;Crescente;C�u Claro;Simples;Reta;N�o;4;1;0;0;3;0;0;2;-11,32374061;-55,32725573;SPRF-MT;DEL06-MT;UOP02-DEL06-MT;;;
692826;21/05/2025;quarta-feira;06:50:00;MT;70;712;CACERES;Acessar a via sem observar a presen�a dos outros ve�culos;Colis�o transversal;Com V�timas Fatais;Pleno dia;Crescente;C�u Claro;Simples;"Interse��o de Vias;Declive";N�o;4;1;0;2;0;1;2;3;-16,15532576;-57,61771202;SPRF-MT;DEL03-MT;UOP01-DEL03-MT;;;
692828;21/05/2025;quarta-feira;19:35:00;PR;277;517,5;GUARANIACU;Acessar a via sem observar a presen�a dos outros ve�culos;Colis�o transversal;Sem V�timas;Plena Noite;Crescente;Chuva;Simples;"Reta;Declive";N�o;3;0;0;0;2;1;0;2;-25,1107;-52,8492;SPRF-PR;DEL04-PR;UOP04-DEL04-PR;;;
692829;21/05/2025;quarta-feira;19:15:00;PR;277;510,7;GUARANIACU;Animais na Pista;Queda de ocupante de ve�culo;Com V�timas Feridas;Plena Noite;Decrescente;Nublado;Simples;"Reta;Aclive";N�o;1;0;1;0;0;0;1;1;-25,12197335;-52,80097961;SPRF-PR;DEL04-PR;UOP04-DEL04-PR;;;
692830;21/05/2025;quarta-feira;19:50:00;SP;381;81,7;SAO PAULO;Aus�ncia de rea��o do condutor;Colis�o com objeto;Com V�timas Feridas;Plena Noite;Crescente;C�u Claro;Dupla;Reta;N�o;1;0;1;0;0;0;1;1;-23,42665217;-46,57305591;SPRF-SP;DEL03-SP;UOP01-DEL03-SP;;;
692832;21/05/2025;quarta-feira;20:24:00;CE;20;372;CANINDE;Condutor deixou de manter dist�ncia do ve�culo da frente;Colis�o traseira;Com V�timas Feridas;Plena Noite;Crescente;C�u Claro;Simples;Reta;N�o;3;0;2;0;1;0;2;2;-4,333301;-39,2869907;SPRF-CE;DEL02-CE;UOP01-DEL02-CE;;;
692834;21/05/2025;quarta-feira;18:04:00;RO;364;339,2;JI-PARANA;Acessar a via sem observar a presen�a dos outros ve�culos;Colis�o transversal;Com V�timas Fatais;Anoitecer;Crescente;C�u Claro;Dupla;"Reta;Interse��o de Vias";Sim;3;1;0;0;1;1;0;3;-10,903137;-61,930183;SPRF-RO;DEL02-RO;UOP01-DEL02-RO;;;
692835;21/05/2025;quarta-feira;21:30:00;PR;476;182;LAPA;Rea��o tardia ou ineficiente do condutor;Sa�da de leito carro��vel;Com V�timas Feridas;Plena Noite;Decrescente;Chuva;Simples;Curva;N�o;1;0;1;0;0;0;1;1;-25,71668418;-49,61594995;SPRF-PR;DEL01-PR;UOP06-DEL01-PR;;;
692836;21/05/2025;quarta-feira;18:30:00;SC;101;135;BALNEARIO CAMBORIU;Condutor deixou de manter dist�ncia do ve�culo da frente;Colis�o traseira;Com V�timas Feridas;Plena Noite;Crescente;Chuva;Dupla;Reta;Sim;2;0;1;0;1;0;1;2;-27,00421737;-48,62784326;SPRF-SC;DEL04-SC;UOP03-DEL04-SC;;;
692837;28/04/2025;segunda-feira;20:00:00;PE;423;187;ITAIBA;Condutor deixou de manter dist�ncia do ve�culo da frente;Colis�o traseira;Com V�timas Feridas;Plena Noite;Crescente;C�u Claro;Simples;Reta;N�o;3;0;2;0;1;0;2;2;-9,13337;-37,20717;SPRF-AL;DEL03-AL;UOP02-DEL03-AL;;;
692838;21/05/2025;quarta-feira;21:30:00;SC;101;124,9;ITAJAI;Ingest�o de �lcool pelo condutor;Colis�o lateral mesmo sentido;Sem V�timas;Plena Noite;Decrescente;Chuva;Dupla;Reta;N�o;3;0;0;0;3;0;0;3;-26,94715;-48,68504;SPRF-SC;DEL04-SC;UOP04-DEL04-SC;;;
692839;21/05/2025;quarta-feira;19:10:00;SC;163;2,6;DIONISIO CERQUEIRA;Acessar a via sem observar a presen�a dos outros ve�culos;Colis�o transversal;Com V�timas Feridas;Plena Noite;Decrescente;Garoa/Chuvisco;Simples;"Reta;Interse��o de Vias";Sim;3;0;2;0;1;0;2;2;-26,26805997;-53,62794531;SPRF-SC;DEL07-SC;UOP03-DEL07-SC;;;
692841;21/05/2025;quarta-feira;20:30:00;SP;116;502,1;CAJATI;Aus�ncia de rea��o do condutor;Atropelamento de Pedestre;Com V�timas Feridas;Plena Noite;Crescente;Nublado;Dupla;Reta;N�o;2;0;1;0;0;1;1;2;-24,7761648;-48,21000036;SPRF-SP;DEL05-SP;UOP02-DEL05-SP;;;
692842;21/05/2025;quarta-feira;21:30:00;AL;423;97;DELMIRO GOUVEIA;Animais na Pista;Atropelamento de Animal;Com V�timas Feridas;Plena Noite;Decrescente;Garoa/Chuvisco;Simples;"Reta;Declive";N�o;2;0;0;1;1;0;1;2;-9,389308;-38,155081;SPRF-BA;DEL07-BA;UOP01-DEL07-BA;;;
692843;21/05/2025;quarta-feira;16:20:00;RN;226;227;FLORANIA;Chuva;Sa�da de leito carro��vel;Com V�timas Feridas;Pleno dia;Decrescente;Nublado;Simples;"Aclive;Curva";N�o;2;0;2;0;0;0;2;1;-6,13796617;-36,87961581;SPRF-RN;DEL03-RN;UOP01-DEL03-RN;;;
692844;21/05/2025;quarta-feira;20:15:00;RJ;116;83;TERESOPOLIS;Transitar na contram�o;Colis�o frontal;Com V�timas Feridas;Plena Noite;Decrescente;C�u Claro;Simples;Aclive;Sim;3;0;1;0;2;0;1;2;-22,410763;-42,949743;SPRF-RJ;DEL04-RJ;UOP01-DEL04-RJ;;;
692845;21/05/2025;quarta-feira;21:28:00;CE;116;537;PENAFORTE;Ultrapassagem Indevida;Colis�o frontal;Com V�timas Feridas;Plena Noite;Crescente;Chuva;Simples;Reta;N�o;4;0;2;2;0;0;4;2;-7,782468;-39,072108;SPRF-CE;DEL05-CE;UOP03-DEL05-CE;;;
692846;21/05/2025;quarta-feira;21:20:00;PR;153;1;IMBITUVA;Animais na Pista;Atropelamento de Animal;Sem V�timas;Plena Noite;Crescente;Garoa/Chuvisco;Simples;Curva;Sim;1;0;0;0;1;0;0;1;-25,183712;-50,596753;SPRF-PR;DEL07-PR;UOP04-DEL07-PR;;;
692847;21/05/2025;quarta-feira;22:00:00;GO;60;6,8;SANTO ANTONIO DO DESCOBERTO;Ingest�o de �lcool pelo condutor;Sa�da de leito carro��vel;Sem V�timas;Plena Noite;Decrescente;C�u Claro;Dupla;Declive;N�o;1;0;0;0;1;0;0;1;-16,10309;-48,289702;SPRF-DF;DEL03-DF;UOP01-DEL03-DF;;;
692850;21/05/2025;quarta-feira;22:30:00;PB;230;23;JOAO PESSOA;Condutor deixou de manter dist�ncia do ve�culo da frente;Colis�o traseira;Com V�timas Feridas;Plena Noite;Crescente;Nublado;Dupla;Reta;Sim;3;0;1;0;2;0;1;2;-7,152596;-34,854458;SPRF-PB;DEL01-PB;UOP01-DEL01-PB;;;
692851;21/05/2025;quarta-feira;21:45:00;MG;116;677,7;MURIAE;Aus�ncia de rea��o do condutor;Sa�da de leito carro��vel;Com V�timas Feridas;Plena Noite;Crescente;C�u Claro;Simples;Reta;N�o;1;0;1;0;0;0;1;1;-21,1464477;-42,38133;SPRF-MG;DEL07-MG;UOP02-DEL07-MG;;;
692852;21/05/2025;quarta-feira;23:30:00;MG;251;520,5;MONTES CLAROS;Pedestre andava na pista;Atropelamento de Pedestre;Com V�timas Feridas;Plena Noite;Crescente;C�u Claro;Simples;Reta;N�o;3;0;2;1;0;0;3;2;-16,663918;-43,779312;SPRF-MG;DEL12-MG;UOP01-DEL12-MG;;;
692854;21/05/2025;quarta-feira;22:30:00;PB;101;88;JOAO PESSOA;Aus�ncia de rea��o do condutor;Queda de ocupante de ve�culo;Com V�timas Feridas;Plena Noite;Decrescente;Chuva;Dupla;Aclive;N�o;1;0;0;1;0;0;1;1;-7,165384;-34,895316;SPRF-PB;DEL01-PB;UOP01-DEL01-PB;;;
692855;22/05/2025;quinta-feira;00:00:00;PR;373;175;PONTA GROSSA;Chuva;Sa�da de leito carro��vel;Com V�timas Feridas;Plena Noite;Crescente;Chuva;Dupla;Reta;N�o;1;0;0;1;0;0;1;1;-25,06548;-50,2126;SPRF-PR;DEL03-PR;UOP01-DEL03-PR;;;
692856;21/05/2025;quarta-feira;23:05:00;SC;101;53,4;JOINVILLE;Rea��o tardia ou ineficiente do condutor;Sa�da de leito carro��vel;Com V�timas Feridas;Plena Noite;Crescente;Chuva;Dupla;Curva;N�o;1;0;0;1;0;0;1;1;-26,416031;-48,834945;SPRF-SC;DEL03-SC;UOP01-DEL03-SC;;;
692857;21/05/2025;quarta-feira;23:50:00;SP;116;107;TAUBATE;Rea��o tardia ou ineficiente do condutor;Colis�o lateral mesmo sentido;Com V�timas Feridas;Plena Noite;Decrescente;C�u Claro;Dupla;Reta;Sim;3;0;2;0;1;0;2;2;-23,0155323;-45,52627074;SPRF-SP;DEL02-SP;UOP02-DEL02-SP;;;
692858;22/05/2025;quinta-feira;01:00:00;ES;101;279;SERRA;Aus�ncia de rea��o do condutor;Sa�da de leito carro��vel;Com V�timas Feridas;Plena Noite;Crescente;C�u Claro;Dupla;Reta;N�o;1;0;0;1;0;0;1;1;-20,21737431;-40,3303037;SPRF-ES;DEL02-ES;UOP01-DEL02-ES;;;
692859;22/05/2025;quinta-feira;00:50:00;PR;163;280;MARECHAL CANDIDO RONDON;Chuva;Queda de ocupante de ve�culo;Com V�timas Feridas;Plena Noite;Crescente;Chuva;Simples;Rotat�ria;N�o;1;0;1;0;0;0;1;1;-24,56712083;-54,03352903;SPRF-PR;DEL06-PR;UOP02-DEL06-PR;;;
692860;21/05/2025;quarta-feira;21:45:00;BA;324;605;SIMOES FILHO;Demais falhas na via;Tombamento;Com V�timas Feridas;Plena Noite;Decrescente;C�u Claro;Dupla;Reta;Sim;1;0;1;0;0;0;1;1;-12,804002;-38,403485;SPRF-BA;DEL01-BA;UOP01-DEL01-BA;;;
692861;21/05/2025;quarta-feira;20:30:00;BA;324;624;SALVADOR;Manobra de mudan�a de faixa;Colis�o lateral mesmo sentido;Com V�timas Fatais;Plena Noite;Decrescente;Nublado;M�ltipla;Reta;Sim;3;1;0;1;1;0;1;2;-12,95997932;-38,47317696;SPRF-BA;DEL01-BA;UOP01-DEL01-BA;;;
692863;22/05/2025;quinta-feira;01:34:00;RN;101;47,5;CEARA-MIRIM;Ingest�o de �lcool pelo condutor;Colis�o frontal;Com V�timas Feridas;Plena Noite;Decrescente;C�u Claro;Simples;"Declive;Reta";N�o;3;0;2;0;1;0;2;2;-5,506079;-35,321278;SPRF-RN;DEL02-RN;UOP01-DEL02-RN;;;
692865;22/05/2025;quinta-feira;03:30:00;SC;282;547,4;CHAPECO;Rea��o tardia ou ineficiente do condutor;Colis�o com objeto;Sem V�timas;Plena Noite;Crescente;Chuva;Simples;"Reta;Rotat�ria";N�o;1;0;0;0;1;0;0;1;-26,97435748;-52,74448709;SPRF-SC;DEL07-SC;UOP01-DEL07-SC;;;
692869;22/05/2025;quinta-feira;04:30:00;PR;376;515,5;PONTA GROSSA;Ingest�o de �lcool pelo condutor;Colis�o frontal;Com V�timas Feridas;Plena Noite;Crescente;C�u Claro;Dupla;"Reta;Declive";N�o;5;0;3;0;2;0;3;2;-25,251495;-50,017755;SPRF-PR;DEL03-PR;UOP04-DEL03-PR;;;
692871;21/05/2025;quarta-feira;18:30:00;BA;101;254,5;SANTO ANTONIO DE JESUS;Aus�ncia de rea��o do condutor;Atropelamento de Pedestre;Com V�timas Feridas;Plena Noite;Decrescente;C�u Claro;Simples;Curva;N�o;3;0;0;2;0;1;2;2;-12,918326;-39,24587;SPRF-BA;DEL01-BA;UOP02-DEL01-BA;;;
692872;21/05/2025;quarta-feira;21:45:00;SP;116;86,2;APARECIDA;Pedestre andava na pista;Atropelamento de Pedestre;Com V�timas Fatais;Plena Noite;Decrescente;C�u Claro;Dupla;Reta;Sim;2;1;0;0;0;1;0;2;-22,8581645;-45,2331273;SPRF-SP;DEL08-SP;UOP01-DEL08-SP;;;
692873;22/05/2025;quinta-feira;05:15:00;PR;116;6;CAMPINA GRANDE DO SUL;Velocidade Incompat�vel;Colis�o com objeto;Com V�timas Feridas;Amanhecer;Crescente;Garoa/Chuvisco;Dupla;Reta;Sim;2;0;1;0;1;0;1;1;-25,36947595;-49,115206;SPRF-PR;DEL01-PR;UOP02-DEL01-PR;;;
692875;22/05/2025;quinta-feira;02:15:00;SC;116;243,7;LAGES;Velocidade Incompat�vel;Sa�da de leito carro��vel;Com V�timas Feridas;Plena Noite;Decrescente;Nublado;Simples;Curva;N�o;3;0;3;0;0;0;3;1;-27,79254994;-50,35926517;SPRF-SC;DEL05-SC;UOP01-DEL05-SC;;;
692877;21/05/2025;quarta-feira;22:30:00;MT;163;557;DIAMANTINO;Aus�ncia de rea��o do condutor;Sa�da de leito carro��vel;Com V�timas Feridas;Plena Noite;Crescente;C�u Claro;Simples;Reta;N�o;1;0;1;0;0;0;1;1;-14,16613031;-56,0908813;SPRF-MT;DEL01-MT;UOP01-DEL01-MT;;;
692878;22/05/2025;quinta-feira;04:30:00;MG;116;356;JAMPRUCA;Aus�ncia de rea��o do condutor;Capotamento;Com V�timas Feridas;Amanhecer;Decrescente;C�u Claro;Simples;Reta;N�o;4;0;3;0;1;0;3;1;-18,421464;-41,828208;SPRF-MG;DEL11-MG;UOP01-DEL11-MG;;;
692880;05/05/2025;segunda-feira;03:30:00;PR;373;405;FOZ DO JORDAO;Ultrapassagem Indevida;Queda de ocupante de ve�culo;Com V�timas Feridas;Plena Noite;Crescente;C�u Claro;Simples;Reta;N�o;3;0;1;2;0;0;3;2;-25,6166408;-52,0638867;SPRF-PR;DEL08-PR;UOP01-DEL08-PR;;;
692881;21/05/2025;quarta-feira;18:00:00;MG;381;428;SABARA;Pedestre - Ingest�o de �lcool/ subst�ncias psicoativas;Atropelamento de Pedestre;Com V�timas Feridas;Anoitecer;Decrescente;C�u Claro;Simples;Reta;N�o;4;0;0;1;1;2;1;2;-19,78793543;-43,68780613;SPRF-MG;DEL01-MG;UOP01-DEL01-MG;;;
692882;22/05/2025;quinta-feira;06:50:00;CE;116;34;AQUIRAZ;Manobra de mudan�a de faixa;Colis�o lateral mesmo sentido;Com V�timas Feridas;Pleno dia;Decrescente;Sol;Dupla;Reta;Sim;3;0;3;0;0;0;3;2;-4,04558762;-38,50741737;SPRF-CE;DEL01-CE;UOP02-DEL01-CE;;;
692883;22/05/2025;quinta-feira;06:50:00;PR;376;182,6;SARANDI;Manobra de mudan�a de faixa;Colis�o lateral mesmo sentido;Com V�timas Feridas;Pleno dia;Decrescente;C�u Claro;Dupla;"Reta;Em Obras";Sim;3;0;1;0;2;0;1;3;-23,43521411;-51,8819046;SPRF-PR;DEL09-PR;UOP01-DEL09-PR;;;
692884;16/05/2025;sexta-feira;05:30:00;MG;116;524,9;CARATINGA;Aus�ncia de rea��o do condutor;Tombamento;Com V�timas Feridas;Amanhecer;Decrescente;C�u Claro;Dupla;Curva;Sim;1;0;0;1;0;0;1;1;-19,77744794;-42,13375923;SPRF-MG;DEL06-MG;UOP02-DEL06-MG;;;
692887;22/05/2025;quinta-feira;07:00:00;PE;101;82,4;JABOATAO DOS GUARARAPES;Aus�ncia de rea��o do condutor;Colis�o lateral mesmo sentido;Com V�timas Feridas;Pleno dia;Crescente;C�u Claro;Dupla;Reta;Sim;3;0;3;0;0;0;3;2;-8,17094;-34,93885;SPRF-PE;DEL01-PE;UOP01-DEL01-PE;;;
692888;22/05/2025;quinta-feira;06:50:00;MG;40;519;CONTAGEM;Trafegar com motocicleta (ou similar) entre as faixas;Queda de ocupante de ve�culo;Com V�timas Feridas;Amanhecer;Crescente;C�u Claro;Dupla;Reta;N�o;2;0;0;1;0;1;1;1;-19,84712719;-44,07311433;SPRF-MG;DEL01-MG;UOP02-DEL01-MG;;;
692891;22/05/2025;quinta-feira;07:20:00;MG;50;180;UBERABA;Aus�ncia de rea��o do condutor;Tombamento;Com V�timas Feridas;Pleno dia;Decrescente;C�u Claro;Dupla;"Interse��o de Vias;Rotat�ria;Reta";Sim;1;0;1;0;0;0;1;1;-19,77710735;-47,92288749;SPRF-MG;DEL13-MG;UOP01-DEL13-MG;;;
692892;22/05/2025;quinta-feira;07:00:00;PR;476;166;CONTENDA;Acessar a via sem observar a presen�a dos outros ve�culos;Colis�o transversal;Com V�timas Feridas;Pleno dia;Decrescente;Chuva;Simples;Reta;N�o;3;0;1;0;1;1;1;2;-25,655379;-49,4817436;SPRF-PR;DEL01-PR;UOP06-DEL01-PR;;;
692893;22/05/2025;quinta-feira;07:00:00;PE;104;127;QUIPAPA;Transitar na contram�o;Colis�o lateral sentido oposto;Com V�timas Feridas;Pleno dia;Decrescente;C�u Claro;Simples;"Aclive;Curva";N�o;2;0;1;0;1;0;1;2;-8,79144719;-36,01581065;SPRF-PE;DEL02-PE;NPF/DEL02-PE;;;
692894;20/04/2025;domingo;21:30:00;SC;282;259,1;SAO JOSE DO CERRITO;Ingest�o de �lcool pelo condutor;Colis�o lateral sentido oposto;Sem V�timas;Plena Noite;Decrescente;C�u Claro;Simples;Curva;N�o;2;0;0;0;2;0;0;2;-27,64685882;-50,59301734;SPRF-SC;DEL05-SC;UOP02-DEL05-SC;;;
692895;22/05/2025;quinta-feira;08:00:00;PI;316;31;DEMERVAL LOBAO;Acesso irregular;Colis�o transversal;Com V�timas Feridas;Pleno dia;Crescente;Sol;Simples;Reta;Sim;4;0;2;1;1;0;3;2;-5,34719867;-42,68188387;SPRF-PI;DEL01-PI;UOP02-DEL01-PI;;;
692897;07/05/2025;quarta-feira;06:36:00;PB;230;22,4;JOAO PESSOA;Manobra de mudan�a de faixa;Colis�o traseira;Com V�timas Feridas;Pleno dia;Decrescente;Sol;Dupla;Reta;Sim;2;0;1;0;1;0;1;2;-7,15495;-34,856295;SPRF-PB;DEL01-PB;UOP01-DEL01-PB;;;
692898;28/04/2025;segunda-feira;17:00:00;BA;101;220;CRUZ DAS ALMAS;Acessar a via sem observar a presen�a dos outros ve�culos;Colis�o transversal;Sem V�timas;Pleno dia;Decrescente;C�u Claro;Simples;"Reta;Rotat�ria";Sim;2;0;0;0;1;1;0;2;-12,65728084;-39,12447006;SPRF-BA;DEL01-BA;UOP02-DEL01-BA;;;
692899;22/05/2025;quinta-feira;08:30:00;SP;116;281;EMBU DAS ARTES;Trafegar com motocicleta (ou similar) entre as faixas;Colis�o lateral mesmo sentido;Com V�timas Feridas;Pleno dia;Decrescente;C�u Claro;Dupla;Reta;N�o;2;0;0;1;1;0;1;2;-23,66127477;-46,8522856;SPRF-SP;DEL04-SP;UOP01-DEL04-SP;;;
692901;22/05/2025;quinta-feira;08:30:00;MG;40;731,7;SANTOS DUMONT;Condutor deixou de manter dist�ncia do ve�culo da frente;Engavetamento;Com V�timas Feridas;Pleno dia;Decrescente;Ignorado;Dupla;"Curva;Aclive";N�o;3;0;2;0;0;1;2;3;-21,36425376;-43,57656741;SPRF-MG;DEL05-MG;UOP01-DEL05-MG;;;
692902;22/05/2025;quinta-feira;06:00:00;RJ;356;148;CAMPOS DOS GOYTACAZES;Velocidade Incompat�vel;Colis�o com objeto;Com V�timas Feridas;Pleno dia;Crescente;C�u Claro;Simples;Reta;N�o;2;0;1;0;0;1;1;1;-21,8358763;-41,4205664;SPRF-RJ;DEL08-RJ;UOP02-DEL08-RJ;;;
692903;22/05/2025;quinta-feira;08:00:00;RJ;493;105;SEROPEDICA;Aus�ncia de rea��o do condutor;Tombamento;Com V�timas Feridas;Pleno dia;Crescente;C�u Claro;Dupla;Reta;N�o;1;0;0;1;0;0;1;1;-22,775904;-43,744508;SPRF-RJ;DEL01-RJ;UOP03-DEL01-RJ;;;
692904;22/05/2025;quinta-feira;06:00:00;RJ;356;148;CAMPOS DOS GOYTACAZES;Aus�ncia de rea��o do condutor;Colis�o traseira;Com V�timas Feridas;Amanhecer;Crescente;C�u Claro;Simples;Reta;Sim;4;0;2;0;2;0;2;2;-21,8375896;-41,4243466;SPRF-RJ;DEL08-RJ;UOP02-DEL08-RJ;;;
692905;22/05/2025;quinta-feira;06:35:00;MT;364;201;RONDONOPOLIS;Condutor deixou de manter dist�ncia do ve�culo da frente;Colis�o traseira;Sem V�timas;Pleno dia;Decrescente;Sol;Dupla;Reta;Sim;3;0;0;0;3;0;0;3;-16,487955;-54,64775;SPRF-MT;DEL02-MT;UOP01-DEL02-MT;;;
692906;24/04/2025;quinta-feira;13:20:00;RS;386;394,8;TRIUNFO;Transitar na contram�o;Colis�o lateral sentido oposto;Com V�timas Fatais;Pleno dia;Crescente;Nublado;Simples;Reta;N�o;5;1;4;0;0;0;4;3;-29,71898;-51,642375;SPRF-RS;DEL04-RS;UOP02-DEL04-RS;;;
692907;22/05/2025;quinta-feira;09:15:00;PI;343;2,7;TERESINA;Rea��o tardia ou ineficiente do condutor;Colis�o traseira;Com V�timas Feridas;Pleno dia;Crescente;C�u Claro;Dupla;Rotat�ria;Sim;3;0;2;0;1;0;2;2;-5,080942;-42,774465;SPRF-PI;DEL01-PI;UOP01-DEL01-PI;;;
692908;18/05/2025;domingo;19:35:00;PR;163;239;TOLEDO;Afundamento ou ondula��o no pavimento;Sa�da de leito carro��vel;Com V�timas Feridas;Plena Noite;Decrescente;C�u Claro;Dupla;"Declive;Reta";N�o;2;0;1;0;1;0;1;1;-24,7281455;-53,7029799;SPRF-PR;DEL04-PR;UOP01-DEL04-PR;;;