id;data_inversa;dia_semana;horario;uf;br;km;municipio;causa_acidente;tipo_acidente;classificacao_acidente;fase_dia;sentido_via;condicao_metereologica;tipo_pista;tracado_via;uso_solo;pessoas;mortos;feridos_leves;feridos_graves;ilesos;ignorados;feridos;veiculos;latitude;longitude;regional;delegacia;uop;;;
692909;22/05/2025;quinta-feira;09:00:00;SC;280;16;SAO FRANCISCO DO SUL;Acessar a via sem observar a presen�a dos outros ve�culos;Colis�o transversal;Sem V�timas;Pleno dia;Crescente;Nublado;Simples;Reta;Sim;2;0;0;0;2;0;0;2;-26,347613;-48,658039;SPRF-SC;DEL03-SC;UOP03-DEL03-SC;;;
692910;22/05/2025;quinta-feira;07:02:00;AC;364;133;RIO BRANCO;Condutor usando celular;Engavetamento;Com V�timas Feridas;Pleno dia;Crescente;C�u Claro;Dupla;Reta;Sim;5;0;1;0;4;0;1;5;-9,99941872;-67,84964975;SPRF-AC;DEL01-AC;UOP01-DEL01-AC;;;
692911;22/05/2025;quinta-feira;08:30:00;PR;116;111;CURITIBA;Trafegar com motocicleta (ou similar) entre as faixas;Colis�o traseira;Com V�timas Feridas;Amanhecer;Crescente;Nublado;Dupla;Reta;Sim;3;0;1;0;2;0;1;2;-25,556914;-49,270453;SPRF-PR;DEL01-PR;UOP03-DEL01-PR;;;
692915;22/05/2025;quinta-feira;07:38:00;RO;364;16;VILHENA;Condutor deixou de manter dist�ncia do ve�culo da frente;Colis�o traseira;Com V�timas Feridas;Pleno dia;Crescente;C�u Claro;Simples;Reta;Sim;2;0;0;1;1;0;1;2;-12,73392947;-60,15704191;SPRF-RO;DEL04-RO;UOP01-DEL04-RO;;;
692916;22/05/2025;quinta-feira;08:20:00;PR;373;175,9;PONTA GROSSA;Rea��o tardia ou ineficiente do condutor;Colis�o traseira;Sem V�timas;Pleno dia;Crescente;Chuva;Dupla;"Declive;Reta";Sim;2;0;0;0;2;0;0;2;-25,06197718;-50,21649345;SPRF-PR;DEL03-PR;UOP01-DEL03-PR;;;
692918;22/05/2025;quinta-feira;09:30:00;RJ;101;61;CAMPOS DOS GOYTACAZES;Retorno proibido;Colis�o transversal;Com V�timas Feridas;Pleno dia;Decrescente;C�u Claro;Simples;Reta;Sim;2;0;1;0;1;0;1;2;-21,729932;-41,323052;SPRF-RJ;DEL08-RJ;UOP01-DEL08-RJ;;;
692919;22/05/2025;quinta-feira;10:00:00;MG;381;341;BELA VISTA DE MINAS;Aus�ncia de rea��o do condutor;Sa�da de leito carro��vel;Com V�timas Feridas;Pleno dia;Crescente;C�u Claro;Simples;Reta;N�o;1;0;1;0;0;0;1;1;-19,819251;-43,068387;SPRF-MG;DEL03-MG;UOP01-DEL03-MG;;;
692922;22/05/2025;quinta-feira;11:10:00;SE;101;150;ESTANCIA;Acessar a via sem observar a presen�a dos outros ve�culos;Colis�o transversal;Com V�timas Feridas;Pleno dia;Crescente;Nublado;Simples;"Reta;Interse��o de Vias";Sim;3;0;3;0;0;0;3;2;-11,252392;-37,43762;SPRF-SE;DEL02-SE;UOP01-DEL02-SE;;;
692926;22/05/2025;quinta-feira;11:40:00;MG;40;721;BARBACENA;Avarias e/ou desgaste excessivo no pneu;Tombamento;Com V�timas Feridas;Pleno dia;Decrescente;Sol;Dupla;"Reta;Aclive";N�o;2;0;1;0;1;0;1;1;-21,29775534;-43,62496949;SPRF-MG;DEL05-MG;UOP01-DEL05-MG;;;
692927;22/05/2025;quinta-feira;09:45:00;RS;116;235;NOVO HAMBURGO;Rea��o tardia ou ineficiente do condutor;Colis�o traseira;Com V�timas Feridas;Pleno dia;Decrescente;C�u Claro;Dupla;"Reta;Em Obras";Sim;4;0;1;0;3;0;1;4;-29,65980856;-51,14391513;SPRF-RS;DEL01-RS;UOP02-DEL01-RS;;;
692930;22/05/2025;quinta-feira;12:16:00;PE;101;49,1;ABREU E LIMA;Afundamento ou ondula��o no pavimento;Tombamento;Com V�timas Feridas;Pleno dia;Crescente;C�u Claro;M�ltipla;Reta;Sim;1;0;0;1;0;0;1;1;-7,904;-34,902;SPRF-PE;DEL01-PE;UOP02-DEL01-PE;;;
692931;22/05/2025;quinta-feira;12:20:00;RS;158;191,4;CRUZ ALTA;Acessar a via sem observar a presen�a dos outros ve�culos;Colis�o transversal;Com V�timas Feridas;Pleno dia;Crescente;Sol;Simples;Interse��o de Vias;N�o;2;0;1;0;1;0;1;2;-28,61828502;-53,57141306;SPRF-RS;DEL10-RS;UOP02-DEL10-RS;;;
692933;22/05/2025;quinta-feira;10:30:00;PR;0;0;INACIO MARTINS;Acumulo de �gua sobre o pavimento;Sa�da de leito carro��vel;Sem V�timas;Pleno dia;N�o Informado;Chuva;Simples;"Aclive;Curva";N�o;3;0;0;0;3;0;0;1;-25,5766601;-51,0689599;SPRF-PR;DEL07-PR;UOP01-DEL07-PR;;;
692934;22/05/2025;quinta-feira;12:40:00;RS;116;266;CANOAS;Manobra de mudan�a de faixa;Colis�o lateral mesmo sentido;Com V�timas Feridas;Pleno dia;Crescente;Sol;Dupla;Reta;Sim;2;0;1;0;1;0;1;2;-29,9352263;-51,177272;SPRF-RS;DEL01-RS;UOP01-DEL01-RS;;;
692935;22/05/2025;quinta-feira;12:31:00;PE;232;7;RECIFE;Condutor deixou de manter dist�ncia do ve�culo da frente;Colis�o lateral mesmo sentido;Com V�timas Feridas;Pleno dia;Decrescente;C�u Claro;Dupla;Reta;N�o;2;0;0;1;1;0;1;2;-8,073976;-34,963483;SPRF-PE;DEL01-PE;UOP01-DEL01-PE;;;
692936;22/05/2025;quinta-feira;12:45:00;PE;428;187;PETROLINA;Manobra de mudan�a de faixa;Colis�o lateral mesmo sentido;Com V�timas Feridas;Pleno dia;Decrescente;C�u Claro;Dupla;Rotat�ria;Sim;3;0;1;0;2;0;1;2;-9,37539443;-40,48811674;SPRF-PE;DEL06-PE;UOP01-DEL06-PE;;;
692940;22/05/2025;quinta-feira;11:00:00;SC;280;187;MAFRA;Acessar a via sem observar a presen�a dos outros ve�culos;Colis�o transversal;Com V�timas Feridas;Pleno dia;Decrescente;Chuva;Simples;Curva;N�o;4;0;2;0;2;0;2;2;-26,1686884;-49,95895386;SPRF-SC;DEL06-SC;UOP01-DEL06-SC;;;
692941;22/05/2025;quinta-feira;03:00:00;PA;230;759;MEDICILANDIA;Rea��o tardia ou ineficiente do condutor;Colis�o com objeto;Com V�timas Fatais;Amanhecer;Crescente;Garoa/Chuvisco;Simples;"Reta;Ponte";N�o;1;1;0;0;0;0;0;1;-3,50206;-53,04299;SPRF-PA;DEL04-PA;UOP01-DEL04-PA;;;
692943;22/05/2025;quinta-feira;13:00:00;SP;116;220;GUARULHOS;Aus�ncia de rea��o do condutor;Colis�o traseira;Com V�timas Feridas;Pleno dia;Crescente;C�u Claro;M�ltipla;Reta;Sim;2;0;1;0;1;0;1;2;-23,46373303;-46,49634926;SPRF-SP;DEL01-SP;UOP01-DEL01-SP;;;
692945;22/05/2025;quinta-feira;13:08:00;ES;101;289,7;CARIACICA;Manobra de mudan�a de faixa;Tombamento;Com V�timas Feridas;Pleno dia;Decrescente;C�u Claro;Dupla;Reta;N�o;1;0;0;1;0;0;1;1;-20,291155;-40,391728;SPRF-ES;DEL01-ES;UOP01-DEL01-ES;;;
692946;22/05/2025;quinta-feira;11:10:00;MS;376;22,3;FATIMA DO SUL;Aus�ncia de rea��o do condutor;Colis�o com objeto;Sem V�timas;Pleno dia;Crescente;C�u Claro;Simples;Reta;N�o;1;0;0;0;1;0;0;1;-22,35182222;-54,5528698;SPRF-MS;DEL04-MS;UOP01-DEL04-MS;;;
692947;22/05/2025;quinta-feira;13:40:00;BA;116;15,5;VITORIA DA CONQUISTA;Desrespeitar a prefer�ncia no cruzamento;Colis�o transversal;Com V�timas Feridas;Pleno dia;Crescente;Sol;Simples;"Reta;Retorno Regulamentado";Sim;3;0;2;0;1;0;2;2;-14,8993;-40,8554;SPRF-BA;DEL08-BA;UOP01-DEL08-BA;;;
692950;22/05/2025;quinta-feira;12:10:00;MG;116;411;GOVERNADOR VALADARES;Aus�ncia de rea��o do condutor;Colis�o traseira;Com V�timas Feridas;Pleno dia;Crescente;C�u Claro;Dupla;Reta;Sim;2;0;1;0;1;0;1;2;-18,868369;-41,971992;SPRF-MG;DEL06-MG;UOP01-DEL06-MG;;;
692951;22/05/2025;quinta-feira;12:45:00;RJ;101;313;SAO GONCALO;Demais falhas mec�nicas ou el�tricas;Tombamento;Com V�timas Feridas;Pleno dia;Decrescente;C�u Claro;Dupla;Reta;Sim;2;0;2;0;0;0;2;1;-22,81000902;-43,06902116;SPRF-RJ;DEL02-RJ;UOP02-DEL02-RJ;;;
692952;22/05/2025;quinta-feira;14:00:00;RJ;101;594;PARATY;Mal s�bito do condutor;Colis�o com objeto;Com V�timas Feridas;Pleno dia;Crescente;C�u Claro;Simples;Curva;N�o;1;0;1;0;0;0;1;1;-23,3410107;-44,74396277;SPRF-RJ;DEL03-RJ;UOP04-DEL03-RJ;;;
692953;22/05/2025;quinta-feira;09:00:00;GO;153;284,2;NOVA GLORIA;Condutor deixou de manter dist�ncia do ve�culo da frente;Colis�o traseira;Com V�timas Feridas;Pleno dia;Crescente;C�u Claro;Simples;"Reta;Declive";N�o;1;0;1;0;0;0;1;1;-15,178338;-49,544958;SPRF-GO;DEL07-GO;UOP02-DEL07-GO;;;
692955;22/05/2025;quinta-feira;11:50:00;PR;277;213;TEIXEIRA SOARES;Rea��o tardia ou ineficiente do condutor;Sa�da de leito carro��vel;Com V�timas Feridas;Pleno dia;Crescente;Chuva;Simples;Curva;N�o;5;0;1;0;4;0;1;1;-25,45943354;-50,33347607;SPRF-PR;DEL08-PR;UOP02-DEL08-PR;;;
692957;22/05/2025;quinta-feira;12:00:00;MT;163;769;SORRISO;Acessar a via sem observar a presen�a dos outros ve�culos;Colis�o transversal;Com V�timas Feridas;Pleno dia;Crescente;Sol;Simples;Reta;N�o;4;0;0;3;1;0;3;2;-12,42550202;-55,64156771;SPRF-MT;DEL06-MT;UOP01-DEL06-MT;;;
692958;11/05/2025;domingo;04:30:00;ES;262;65;MARECHAL FLORIANO;Transitar na contram�o;Colis�o lateral sentido oposto;Com V�timas Feridas;Amanhecer;Decrescente;C�u Claro;Simples;Curva;N�o;3;0;2;0;1;0;2;2;-20,4145767;-40,826455;SPRF-ES;DEL01-ES;UOP02-DEL01-ES;;;
692960;22/05/2025;quinta-feira;14:00:00;SP;153;50,1;SAO JOSE DO RIO PRETO;Aus�ncia de rea��o do condutor;Colis�o transversal;Com V�timas Feridas;Pleno dia;Crescente;Sol;Simples;Reta;N�o;2;0;1;0;1;0;1;2;-20,71084043;-49,33910608;SPRF-SP;DEL09-SP;UOP01-DEL09-SP;;;
692961;22/05/2025;quinta-feira;14:50:00;ES;101;294,7;CARIACICA;Manobra de mudan�a de faixa;Colis�o lateral mesmo sentido;Com V�timas Feridas;Pleno dia;Decrescente;C�u Claro;M�ltipla;Reta;Sim;3;0;2;0;1;0;2;2;-20,330453;-40,399162;SPRF-ES;DEL01-ES;UOP01-DEL01-ES;;;
692962;22/05/2025;quinta-feira;14:30:00;SP;116;225;GUARULHOS;Manobra de mudan�a de faixa;Colis�o lateral mesmo sentido;Com V�timas Feridas;Pleno dia;Crescente;Garoa/Chuvisco;M�ltipla;Reta;Sim;2;0;1;0;1;0;1;2;-23,48986552;-46,54707972;SPRF-SP;DEL01-SP;UOP01-DEL01-SP;;;
692964;22/05/2025;quinta-feira;15:00:00;SC;101;213,8;PALHOCA;Transitar na contram�o;Colis�o transversal;Com V�timas Feridas;Pleno dia;Decrescente;Chuva;Dupla;"Reta;Interse��o de Vias";Sim;2;0;1;0;1;0;1;2;-27,64349;-48,66939;SPRF-SC;DEL01-SC;UOP02-DEL01-SC;;;
692965;22/05/2025;quinta-feira;14:00:00;MG;116;517;MANHUACU;Aus�ncia de rea��o do condutor;Colis�o com objeto;Com V�timas Feridas;Pleno dia;Crescente;Nublado;Simples;"Ponte;Reta";N�o;2;0;2;0;0;0;2;1;-20,2468;-42,1444;SPRF-MG;DEL06-MG;UOP02-DEL06-MG;;;
692969;22/05/2025;quinta-feira;15:50:00;CE;116;42,7;HORIZONTE;Manobra de mudan�a de faixa;Colis�o lateral mesmo sentido;Com V�timas Feridas;Pleno dia;Decrescente;C�u Claro;Dupla;Reta;N�o;2;0;0;1;0;1;1;2;-4,116899;-38,488327;SPRF-CE;DEL01-CE;UOP02-DEL01-CE;;;
692970;22/05/2025;quinta-feira;14:45:00;ES;101;380,9;ICONHA;Condutor Dormindo;Sa�da de leito carro��vel;Com V�timas Feridas;Pleno dia;Decrescente;Nublado;Simples;Curva;N�o;2;0;1;1;0;0;2;1;-20,811965;-40,8391842;SPRF-ES;DEL03-ES;UOP01-DEL03-ES;;;
692972;22/05/2025;quinta-feira;15:40:00;ES;101;337,8;GUARAPARI;Acessar a via sem observar a presen�a dos outros ve�culos;Tombamento;Com V�timas Feridas;Pleno dia;Crescente;Nublado;Dupla;Reta;N�o;1;0;0;1;0;0;1;1;-20,6063591;-40,50693154;SPRF-ES;DEL03-ES;UOP01-DEL03-ES;;;
692973;22/05/2025;quinta-feira;15:50:00;PB;230;22;JOAO PESSOA;Condutor deixou de manter dist�ncia do ve�culo da frente;Colis�o traseira;Com V�timas Feridas;Pleno dia;Crescente;Sol;Dupla;Reta;Sim;4;0;1;1;2;0;2;2;-7,156092;-34,857297;SPRF-PB;DEL01-PB;UOP01-DEL01-PB;;;
692976;22/05/2025;quinta-feira;16:00:00;SC;280;30;ARAQUARI;Acessar a via sem observar a presen�a dos outros ve�culos;Colis�o transversal;Com V�timas Feridas;Pleno dia;Crescente;Chuva;Simples;"Reta;Interse��o de Vias";Sim;2;0;0;1;1;0;1;2;-26,4162993;-48,7719298;SPRF-SC;DEL03-SC;UOP03-DEL03-SC;;;
692978;22/05/2025;quinta-feira;16:30:00;MG;381;500,5;BETIM;Trafegar com motocicleta (ou similar) entre as faixas;Colis�o lateral mesmo sentido;Com V�timas Feridas;Pleno dia;Decrescente;C�u Claro;M�ltipla;"Reta;Aclive";N�o;2;0;1;0;1;0;1;2;-20,0015604;-44,2117852;SPRF-MG;DEL01-MG;UOP03-DEL01-MG;;;
692979;22/05/2025;quinta-feira;16:10:00;PB;230;158,9;CAMPINA GRANDE;Acessar a via sem observar a presen�a dos outros ve�culos;Colis�o transversal;Com V�timas Feridas;Pleno dia;Crescente;Sol;Simples;Reta;Sim;2;0;1;0;1;0;1;2;-7,256203;-35,928952;SPRF-PB;DEL02-PB;UOP01-DEL02-PB;;;
692981;22/05/2025;quinta-feira;16:00:00;ES;101;10,5;SERRA;Demais falhas mec�nicas ou el�tricas;Inc�ndio;Sem V�timas;Pleno dia;Crescente;Nublado;Dupla;Reta;N�o;1;0;0;0;1;0;0;1;-20,14814211;-40,34507811;SPRF-ES;DEL02-ES;UOP01-DEL02-ES;;;
692983;22/05/2025;quinta-feira;16:00:00;CE;222;3;CAUCAIA;Rea��o tardia ou ineficiente do condutor;Colis�o traseira;Com V�timas Feridas;Pleno dia;Crescente;C�u Claro;Dupla;"Ponte;Reta";N�o;3;0;0;2;1;0;2;3;-3,74117578;-38,60148378;SPRF-CE;DEL01-CE;UOP01-DEL01-CE;;;
692984;22/05/2025;quinta-feira;16:00:00;MT;364;398;CUIABA;Condutor deixou de manter dist�ncia do ve�culo da frente;Colis�o traseira;Com V�timas Feridas;Pleno dia;Decrescente;Sol;Dupla;Rotat�ria;Sim;2;0;0;1;1;0;1;2;-15,66708;-55,95866;SPRF-MT;DEL01-MT;UOP02-DEL01-MT;;;
692985;22/05/2025;quinta-feira;17:10:00;MG;40;518,1;RIBEIRAO DAS NEVES;Rea��o tardia ou ineficiente do condutor;Queda de ocupante de ve�culo;Com V�timas Feridas;Pleno dia;Decrescente;C�u Claro;Dupla;Reta;N�o;2;0;1;1;0;0;2;1;-19,833902;-44,0811;SPRF-MG;DEL01-MG;UOP02-DEL01-MG;;;
692986;22/05/2025;quinta-feira;09:16:00;PE;101;71,3;RECIFE;Pedestre cruzava a pista fora da faixa;Atropelamento de Pedestre;Com V�timas Feridas;Pleno dia;Decrescente;Sol;Dupla;Reta;Sim;3;0;2;1;0;0;3;2;-8,079993;-34,943268;SPRF-PE;DEL01-PE;UOP01-DEL01-PE;;;
692988;22/05/2025;quinta-feira;17:00:00;RS;153;50;ERECHIM;Acessar a via sem observar a presen�a dos outros ve�culos;Colis�o frontal;Com V�timas Feridas;Pleno dia;Crescente;C�u Claro;Simples;Reta;Sim;2;0;0;1;1;0;1;2;-27,74395077;-52,23766817;SPRF-RS;DEL08-RS;UOP04-DEL08-RS;;;
692989;29/03/2025;s�bado;13:30:00;GO;153;321;RIANAPOLIS;Acessar a via sem observar a presen�a dos outros ve�culos;Colis�o transversal;Com V�timas Feridas;Pleno dia;Decrescente;C�u Claro;Simples;"Reta;Interse��o de Vias";N�o;3;0;0;2;1;0;2;2;-15,47436343;-49,49594649;SPRF-GO;DEL02-GO;UOP02-DEL02-GO;;;
692990;22/05/2025;quinta-feira;17:52:00;PE;101;70;RECIFE;Animais na Pista;Atropelamento de Animal;Com V�timas Feridas;Plena Noite;Decrescente;Nublado;Dupla;Curva;Sim;1;0;1;0;0;0;1;1;-8,064667;-34,942035;SPRF-PE;DEL01-PE;UOP01-DEL01-PE;;;
692991;22/05/2025;quinta-feira;14:35:00;PR;163;221;CASCAVEL;Velocidade Incompat�vel;Sa�da de leito carro��vel;Com V�timas Feridas;Pleno dia;Crescente;Chuva;Dupla;"Curva;Aclive";N�o;3;0;1;0;2;0;1;1;-24,85359432;-53,60116422;SPRF-PR;DEL04-PR;UOP01-DEL04-PR;;;
692993;19/05/2025;segunda-feira;00:07:00;RJ;116;142;MAGE;Manobra de mudan�a de faixa;Capotamento;Com V�timas Feridas;Plena Noite;Decrescente;C�u Claro;Dupla;Reta;Sim;3;0;1;0;2;0;1;1;-22,65465073;-43,14549032;SPRF-RJ;DEL01-RJ;UOP02-DEL01-RJ;;;
692995;22/05/2025;quinta-feira;18:05:00;CE;116;13,2;FORTALEZA;Acessar a via sem observar a presen�a dos outros ve�culos;Atropelamento de Pedestre;Com V�timas Feridas;Plena Noite;Decrescente;C�u Claro;M�ltipla;"Reta;Interse��o de Vias";Sim;3;0;2;1;0;0;3;2;-3,862295;-38,4971857;SPRF-CE;DEL01-CE;UOP02-DEL01-CE;;;
692996;15/05/2025;quinta-feira;07:50:00;RJ;356;147;CAMPOS DOS GOYTACAZES;Acesso irregular;Colis�o transversal;Com V�timas Feridas;Pleno dia;Crescente;C�u Claro;Simples;Reta;N�o;2;0;2;0;0;0;2;2;-21,8244266;-41,4118287;SPRF-RJ;DEL08-RJ;UOP02-DEL08-RJ;;;
692997;21/04/2025;segunda-feira;11:10:00;PR;277;729;FOZ DO IGUACU;Velocidade Incompat�vel;Colis�o traseira;Com V�timas Feridas;Pleno dia;Crescente;C�u Claro;Dupla;Curva;Sim;2;0;2;0;0;0;2;2;-25,50594233;-54,58888561;SPRF-PR;DEL05-PR;UOP03-DEL05-PR;;;
692999;22/05/2025;quinta-feira;18:10:00;PE;101;70;RECIFE;Pista Escorregadia;Tombamento;Com V�timas Feridas;Anoitecer;Decrescente;C�u Claro;Dupla;Curva;Sim;1;0;1;0;0;0;1;1;-8,0676;-34,94145;SPRF-PE;DEL01-PE;UOP01-DEL01-PE;;;
693000;22/05/2025;quinta-feira;15:00:00;SC;470;74;INDAIAL;Aus�ncia de rea��o do condutor;Colis�o traseira;Com V�timas Feridas;Pleno dia;Crescente;Garoa/Chuvisco;Simples;Reta;N�o;3;0;3;0;0;0;3;2;-26,93205287;-49,28671584;SPRF-SC;DEL04-SC;UOP01-DEL04-SC;;;
693001;22/05/2025;quinta-feira;18:05:00;PB;230;15;CABEDELO;Rea��o tardia ou ineficiente do condutor;Tombamento;Com V�timas Feridas;Plena Noite;Decrescente;C�u Claro;Dupla;"Aclive;Reta";Sim;1;0;1;0;0;0;1;1;-7,09913705;-34,84767348;SPRF-PB;DEL01-PB;UOP01-DEL01-PB;;;
693002;22/05/2025;quinta-feira;17:30:00;BA;235;73,8;JEREMOABO;Manobra de mudan�a de faixa;Colis�o frontal;Com V�timas Fatais;Anoitecer;Decrescente;Nublado;Simples;Reta;N�o;5;2;2;1;0;0;3;2;-10,08687806;-38,3062242;SPRF-SE;DEL01-SE;UOP02-DEL01-SE;;;
693003;22/05/2025;quinta-feira;18:45:00;RJ;116;183;NOVA IGUACU;Rea��o tardia ou ineficiente do condutor;Colis�o lateral mesmo sentido;Com V�timas Feridas;Plena Noite;Crescente;C�u Claro;Dupla;Reta;Sim;4;0;1;0;3;0;1;2;-22,7534156;-43,4341489;SPRF-RJ;DEL06-RJ;UOP01-DEL06-RJ;;;
693004;22/05/2025;quinta-feira;18:10:00;RS;285;339,1;CARAZINHO;Acessar a via sem observar a presen�a dos outros ve�culos;Colis�o transversal;Com V�timas Feridas;Plena Noite;Decrescente;C�u Claro;Simples;Reta;N�o;2;0;1;0;1;0;1;2;-28,31258001;-52,78924322;SPRF-RS;DEL08-RS;UOP03-DEL08-RS;;;
693005;12/03/2025;quarta-feira;23:00:00;RJ;101;192,5;CASIMIRO DE ABREU;Condutor deixou de manter dist�ncia do ve�culo da frente;Engavetamento;Com V�timas Feridas;Plena Noite;Crescente;C�u Claro;Dupla;Curva;N�o;5;0;2;0;2;1;2;3;-22,47326712;-42,08531601;SPRF-RJ;DEL08-RJ;UOP04-DEL08-RJ;;;
693006;24/04/2025;quinta-feira;07:30:00;SP;381;30;ATIBAIA;Aus�ncia de rea��o do condutor;Colis�o traseira;Com V�timas Feridas;Amanhecer;Crescente;Sol;Dupla;Reta;Sim;2;0;2;0;0;0;2;2;-23,05494702;-46,56978846;SPRF-SP;DEL03-SP;UOP02-DEL03-SP;;;
693007;22/05/2025;quinta-feira;18:00:00;SC;282;46,8;AGUAS MORNAS;Ingest�o de �lcool pelo condutor;Sa�da de leito carro��vel;Sem V�timas;Plena Noite;Decrescente;Chuva;Simples;"Reta;Declive";N�o;1;0;0;0;1;0;0;1;-27,721767;-48,933363;SPRF-SC;DEL01-SC;UOP03-DEL01-SC;;;
693009;22/05/2025;quinta-feira;18:24:00;PE;101;76;RECIFE;Entrada inopinada do pedestre;Atropelamento de Pedestre;Com V�timas Feridas;Plena Noite;Crescente;C�u Claro;Dupla;Reta;Sim;2;0;0;1;0;1;1;2;-8,1215621;-34,9436288;SPRF-PE;DEL01-PE;UOP01-DEL01-PE;;;
693010;22/05/2025;quinta-feira;16:10:00;RN;110;49;MOSSORO;Aus�ncia de rea��o do condutor;Tombamento;Com V�timas Feridas;Pleno dia;Crescente;C�u Claro;Dupla;Reta;Sim;1;0;1;0;0;0;1;1;-5,222158;-37,325731;SPRF-RN;DEL04-RN;UOP01-DEL04-RN;;;
693014;22/05/2025;quinta-feira;19:25:00;RN;101;85;SAO GONCALO DO AMARANTE;Objeto est�tico sobre o leito carro��vel;Tombamento;Com V�timas Feridas;Plena Noite;Crescente;C�u Claro;Dupla;Reta;Sim;2;0;0;2;0;0;2;1;-5,7741906;-35,2581209;SPRF-RN;DEL02-RN;UOP01-DEL02-RN;;;
693015;22/05/2025;quinta-feira;17:50:00;PR;277;74;SAO JOSE DOS PINHAIS;Aus�ncia de rea��o do condutor;Engavetamento;Sem V�timas;Plena Noite;Decrescente;Garoa/Chuvisco;Dupla;"Aclive;Reta;Viaduto";Sim;4;0;0;0;4;0;0;4;-25,4958357;-49,1633734;SPRF-PR;DEL01-PR;UOP07-DEL01-PR;;;
693016;22/05/2025;quinta-feira;15:58:00;RJ;40;115;DUQUE DE CAXIAS;Mal s�bito do condutor;Colis�o lateral mesmo sentido;Com V�timas Feridas;Pleno dia;Decrescente;C�u Claro;Dupla;Reta;Sim;3;0;1;1;0;1;2;3;-22,727012;-43,28901;SPRF-RJ;DEL01-RJ;UOP02-DEL01-RJ;;;
693017;22/05/2025;quinta-feira;17:50:00;RJ;101;312;SAO GONCALO;Aus�ncia de rea��o do condutor;Tombamento;Com V�timas Feridas;Plena Noite;Decrescente;C�u Claro;Dupla;Reta;N�o;1;0;1;0;0;0;1;1;-22,808071;-43,066016;SPRF-RJ;DEL02-RJ;UOP02-DEL02-RJ;;;
693019;22/05/2025;quinta-feira;19:10:00;GO;40;0;VALPARAISO DE GOIAS;Rea��o tardia ou ineficiente do condutor;Queda de ocupante de ve�culo;Com V�timas Feridas;Plena Noite;Crescente;C�u Claro;Dupla;Reta;Sim;1;0;1;0;0;0;1;1;-16,06438146;-47,98374362;SPRF-DF;DEL01-DF;UOP01-DEL01-DF;;;
693020;22/05/2025;quinta-feira;18:20:00;MT;364;435;VARZEA GRANDE;Transitar no Acostamento;Colis�o transversal;Com V�timas Feridas;Anoitecer;Decrescente;C�u Claro;Simples;Reta;Sim;2;0;0;1;1;0;1;2;-15,640275;-56,202268;SPRF-MT;DEL01-MT;UOP02-DEL01-MT;;;
693023;22/05/2025;quinta-feira;19:10:00;CE;222;1,9;FORTALEZA;Rea��o tardia ou ineficiente do condutor;Colis�o traseira;Com V�timas Feridas;Plena Noite;Crescente;C�u Claro;Dupla;Reta;N�o;3;0;1;1;1;0;2;2;-3,73877865;-38,58672023;SPRF-CE;DEL01-CE;UOP01-DEL01-CE;;;
693024;22/05/2025;quinta-feira;19:32:00;ES;101;187;ARACRUZ;Velocidade Incompat�vel;Sa�da de leito carro��vel;Com V�timas Feridas;Plena Noite;Decrescente;C�u Claro;Simples;Curva;N�o;1;0;1;0;0;0;1;1;-19,65670241;-40,23420222;SPRF-ES;DEL04-ES;UOP01-DEL04-ES;;;
693026;22/05/2025;quinta-feira;20:15:00;PR;376;185,6;SARANDI;Transitar na contram�o;Colis�o frontal;Com V�timas Feridas;Plena Noite;Crescente;Nublado;Dupla;Reta;Sim;2;0;1;0;1;0;1;2;-23,45;-51,857;SPRF-PR;DEL09-PR;UOP01-DEL09-PR;;;
693027;22/05/2025;quinta-feira;18:30:00;PR;153;4,9;JACAREZINHO;Ilumina��o deficiente;Queda de ocupante de ve�culo;Com V�timas Feridas;Plena Noite;Crescente;Nublado;Simples;Reta;N�o;1;0;0;1;0;0;1;1;-23,0339388;-49,91940125;SPRF-PR;DEL07-PR;UOP04-DEL07-PR;;;
693030;22/05/2025;quinta-feira;19:40:00;RJ;116;200;QUEIMADOS;Entrada inopinada do pedestre;Atropelamento de Pedestre;Com V�timas Feridas;Plena Noite;Decrescente;Nublado;Dupla;Reta;N�o;2;0;0;1;1;0;1;2;-22,7301946;-43,61005783;SPRF-RJ;DEL06-RJ;UOP02-DEL06-RJ;;;
693031;22/05/2025;quinta-feira;17:55:00;SC;158;109,1;CUNHA PORA;Rea��o tardia ou ineficiente do condutor;Colis�o frontal;Com V�timas Feridas;Plena Noite;Crescente;C�u Claro;Simples;Reta;Sim;3;0;0;1;2;0;1;2;-26,88653067;-53,17570064;SPRF-SC;DEL07-SC;UOP02-DEL07-SC;;;
693033;12/05/2025;segunda-feira;11:00:00;BA;101;751;ITABELA;Demais falhas mec�nicas ou el�tricas;Tombamento;Com V�timas Feridas;Pleno dia;Decrescente;C�u Claro;Simples;"Reta;Declive";N�o;4;0;2;0;2;0;2;1;-16,62006485;-39,53760892;SPRF-BA;DEL09-BA;UOP01-DEL09-BA;;;
693034;22/05/2025;quinta-feira;11:00:00;BA;116;512;ITATIM;Demais falhas mec�nicas ou el�tricas;Colis�o lateral sentido oposto;Com V�timas Feridas;Pleno dia;Decrescente;C�u Claro;Simples;Reta;N�o;2;0;1;0;1;0;1;2;-12,65976766;-39,62425232;SPRF-BA;DEL02-BA;UOP01-DEL02-BA;;;