id;data_inversa;dia_semana;horario;uf;br;km;municipio;causa_acidente;tipo_acidente;classificacao_acidente;fase_dia;sentido_via;condicao_metereologica;tipo_pista;tracado_via;uso_solo;pessoas;mortos;feridos_leves;feridos_graves;ilesos;ignorados;feridos;veiculos;latitude;longitude;regional;delegacia;uop;;;
693036;22/05/2025;quinta-feira;17:10:00;MG;381;881;ESTIVA;Aus�ncia de rea��o do condutor;Colis�o transversal;Com V�timas Feridas;Pleno dia;Decrescente;C�u Claro;Simples;Aclive;N�o;2;0;1;0;1;0;1;2;-22,46485843;-46,00910568;SPRF-MG;DEL16-MG;UOP01-DEL16-MG;;;
693037;22/05/2025;quinta-feira;19:30:00;GO;60;137,6;GOIANIA;Pedestre cruzava a pista fora da faixa;Atropelamento de Pedestre;Com V�timas Feridas;Pleno dia;Crescente;Ignorado;Simples;Reta;Sim;2;0;0;1;1;0;1;2;-16,575698;-49,1608139;SPRF-GO;DEL01-GO;UOP01-DEL01-GO;;;
693039;22/05/2025;quinta-feira;20:20:00;SP;116;285;ITAPECERICA DA SERRA;Acessar a via sem observar a presen�a dos outros ve�culos;Atropelamento de Pedestre;Com V�timas Feridas;Plena Noite;Crescente;Nublado;Simples;"Reta;Viaduto";Sim;2;0;0;1;1;0;1;2;-23,72221786;-46,85006714;SPRF-SP;DEL04-SP;UOP01-DEL04-SP;;;
693041;22/05/2025;quinta-feira;14:10:00;GO;153;268,2;NOVA GLORIA;Sinaliza��o mal posicionada;Colis�o com objeto;Com V�timas Feridas;Pleno dia;Decrescente;C�u Claro;Simples;Reta;N�o;2;0;2;0;0;0;2;1;-15,066253;-49,454393;SPRF-GO;DEL07-GO;UOP02-DEL07-GO;;;
693042;14/04/2025;segunda-feira;15:10:00;ES;101;264;SERRA;Sem�foro com defeito;Colis�o transversal;Com V�timas Feridas;Pleno dia;Crescente;Nublado;M�ltipla;Interse��o de Vias;Sim;2;0;0;1;1;0;1;2;-20,17698542;-40,2658784;SPRF-ES;DEL02-ES;UOP01-DEL02-ES;;;
693044;22/05/2025;quinta-feira;21:10:00;ES;101;270,2;SERRA;Rea��o tardia ou ineficiente do condutor;Colis�o transversal;Com V�timas Feridas;Plena Noite;Crescente;C�u Claro;Dupla;Interse��o de Vias;Sim;3;0;1;0;2;0;1;2;-20,230815;-40,273087;SPRF-ES;DEL02-ES;UOP01-DEL02-ES;;;
693048;22/05/2025;quinta-feira;22:00:00;SC;470;133,9;RIO DO SUL;Ingest�o de �lcool pelo condutor;Colis�o frontal;Com V�timas Feridas;Plena Noite;Decrescente;Garoa/Chuvisco;Simples;"Reta;Declive";N�o;3;0;1;0;2;0;1;3;-27,1732853;-49,5870302;SPRF-SC;DEL04-SC;UOP02-DEL04-SC;;;
693049;22/05/2025;quinta-feira;21:12:00;SP;116;538;BARRA DO TURVO;Rea��o tardia ou ineficiente do condutor;Colis�o com objeto;Com V�timas Feridas;Plena Noite;Crescente;Chuva;Dupla;Curva;N�o;2;0;1;0;1;0;1;1;-24,971857;-48,351455;SPRF-SP;DEL05-SP;UOP02-DEL05-SP;;;
693051;22/05/2025;quinta-feira;19:47:00;PI;343;496;AMARANTE;Aus�ncia de rea��o do condutor;Atropelamento de Animal;Com V�timas Feridas;Plena Noite;Crescente;C�u Claro;Simples;Reta;N�o;1;0;1;0;0;0;1;1;-6,244422;-42,765373;SPRF-PI;DEL03-PI;UOP01-DEL03-PI;;;
693055;22/05/2025;quinta-feira;21:40:00;MG;116;540;SANTA RITA DE MINAS;Aus�ncia de rea��o do condutor;Sa�da de leito carro��vel;Com V�timas Feridas;Plena Noite;Crescente;Nublado;Simples;Curva;N�o;2;0;1;0;1;0;1;1;-19,88888;-42,137571;SPRF-MG;DEL06-MG;UOP02-DEL06-MG;;;
693057;22/05/2025;quinta-feira;19:24:00;PA;163;674;ITAITUBA;Acessar a via sem observar a presen�a dos outros ve�culos;Colis�o transversal;Com V�timas Feridas;Plena Noite;Crescente;Nublado;Simples;"Reta;Aclive";Sim;2;0;0;2;0;0;2;2;-4,348992;-55,785498;SPRF-PA;DEL05-PA;UOP02-DEL05-PA;;;
693059;22/05/2025;quinta-feira;21:40:00;MT;364;204;RONDONOPOLIS;Acessar a via sem observar a presen�a dos outros ve�culos;Colis�o traseira;Com V�timas Feridas;Plena Noite;Crescente;C�u Claro;Dupla;Aclive;Sim;2;0;1;0;0;1;1;2;-16,488107;-54,647797;SPRF-MT;DEL02-MT;UOP01-DEL02-MT;;;
693060;22/05/2025;quinta-feira;23:00:00;GO;40;96,3;CRISTALINA;Acessar a via sem observar a presen�a dos outros ve�culos;Colis�o transversal;Sem V�timas;Plena Noite;Decrescente;Nublado;Simples;Reta;Sim;2;0;0;0;2;0;0;2;-16,757962;-47,600622;SPRF-DF;DEL01-DF;UOP02-DEL01-DF;;;
693061;22/05/2025;quinta-feira;22:55:00;DF;20;7,4;BRASILIA;�rea urbana sem a presen�a de local apropriado para a travessia de pedestres;Atropelamento de Pedestre;Com V�timas Fatais;Plena Noite;Crescente;C�u Claro;Dupla;"Reta;Aclive";N�o;2;1;0;0;1;0;0;2;-15,660126;-47,795196;SPRF-DF;DEL02-DF;UOP01-DEL02-DF;;;
693063;22/05/2025;quinta-feira;22:15:00;RJ;101;196;CASIMIRO DE ABREU;Pedestre andava na pista;Atropelamento de Pedestre;Com V�timas Fatais;Plena Noite;Decrescente;C�u Claro;Dupla;Reta;N�o;4;1;0;0;0;3;0;2;-22,49318158;-42,11204275;SPRF-RJ;DEL08-RJ;UOP04-DEL08-RJ;;;
693064;22/05/2025;quinta-feira;23:30:00;SC;282;16,4;PALHOCA;Trafegar com motocicleta (ou similar) entre as faixas;Colis�o lateral mesmo sentido;Com V�timas Feridas;Plena Noite;Crescente;C�u Claro;Simples;Reta;Sim;3;0;0;1;2;0;1;3;-27,66267;-48,68526;SPRF-SC;DEL01-SC;UOP02-DEL01-SC;;;
693066;22/05/2025;quinta-feira;22:30:00;RS;116;256;ESTEIO;Pedestre andava na pista;Atropelamento de Pedestre;Com V�timas Fatais;Plena Noite;Crescente;C�u Claro;M�ltipla;Reta;Sim;2;1;0;0;1;0;0;2;-29,84617688;-51,17807409;SPRF-RS;DEL01-RS;UOP02-DEL01-RS;;;
693067;22/05/2025;quinta-feira;23:30:00;RS;116;144;CAXIAS DO SUL;Pedestre - Ingest�o de �lcool/ subst�ncias psicoativas;Atropelamento de Pedestre;Com V�timas Feridas;Plena Noite;Crescente;C�u Claro;Dupla;Reta;N�o;3;0;1;0;1;1;1;2;-29,13297013;-51,1289978;SPRF-RS;DEL05-RS;UOP01-DEL05-RS;;;
693068;22/05/2025;quinta-feira;17:45:00;MG;116;416;GOVERNADOR VALADARES;Manobra de mudan�a de faixa;Colis�o transversal;Com V�timas Feridas;Anoitecer;Crescente;C�u Claro;Simples;Reta;Sim;3;0;1;2;0;0;3;2;-18,90531209;-41,94279671;SPRF-MG;DEL06-MG;UOP01-DEL06-MG;;;
693070;22/05/2025;quinta-feira;23:00:00;SC;101;301,2;LAGUNA;Aus�ncia de rea��o do condutor;Colis�o traseira;Com V�timas Feridas;Plena Noite;Crescente;Nublado;Simples;Reta;N�o;2;0;1;0;0;1;1;2;-28,368027;-48,75617;SPRF-SC;DEL02-SC;UOP03-DEL02-SC;;;
693072;22/05/2025;quinta-feira;23:15:00;MT;174;11;PONTES E LACERDA;Ingest�o de �lcool pelo condutor;Colis�o lateral mesmo sentido;Com V�timas Feridas;Plena Noite;Decrescente;C�u Claro;Simples;Reta;N�o;2;0;0;1;1;0;1;2;-15,2021304;-59,389925;SPRF-MT;DEL04-MT;UOP01-DEL04-MT;;;
693073;23/05/2025;sexta-feira;01:20:00;RJ;101;574;PARATY;Animais na Pista;Atropelamento de Animal;Com V�timas Feridas;Plena Noite;Crescente;Nublado;Simples;Reta;N�o;1;0;1;0;0;0;1;1;-23,21234013;-44,73428857;SPRF-RJ;DEL03-RJ;UOP04-DEL03-RJ;;;
693074;23/05/2025;sexta-feira;00:15:00;PR;277;195,2;PALMEIRA;Ingest�o de �lcool pelo condutor;Sa�da de leito carro��vel;Sem V�timas;Plena Noite;Decrescente;Nublado;Simples;Reta;N�o;1;0;0;0;1;0;0;1;-25,43922;-50,17189;SPRF-PR;DEL08-PR;UOP02-DEL08-PR;;;
693076;23/05/2025;sexta-feira;00:15:00;MS;262;326,7;CAMPO GRANDE;Pedestre - Ingest�o de �lcool/ subst�ncias psicoativas;Atropelamento de Pedestre;Com V�timas Feridas;Plena Noite;Decrescente;C�u Claro;Dupla;Reta;Sim;2;0;1;1;0;0;2;2;-20,4670534;-54,54194784;SPRF-MS;DEL01-MS;UOP01-DEL01-MS;;;
693078;23/05/2025;sexta-feira;02:50:00;RS;116;150,2;CAXIAS DO SUL;Condutor desrespeitou a ilumina��o vermelha do sem�foro;Colis�o transversal;Com V�timas Feridas;Plena Noite;Crescente;C�u Claro;M�ltipla;"Reta;Interse��o de Vias";Sim;3;0;3;0;0;0;3;2;-29,17118447;-51,15980951;SPRF-RS;DEL05-RS;UOP01-DEL05-RS;;;
693079;23/05/2025;sexta-feira;01:50:00;MA;222;664;ACAILANDIA;Ingest�o de �lcool pelo condutor;Sa�da de leito carro��vel;Com V�timas Feridas;Plena Noite;Decrescente;C�u Claro;Simples;"Reta;Declive";Sim;1;0;0;1;0;0;1;1;-4,913372;-47,418022;SPRF-MA;DEL04-MA;UOP03-DEL04-MA;;;
693080;18/04/2025;sexta-feira;11:20:00;SE;101;70;MARUIM;Condutor Dormindo;Colis�o lateral sentido oposto;Com V�timas Feridas;Pleno dia;Decrescente;C�u Claro;Simples;"Declive;Em Obras;Curva";N�o;6;0;1;0;5;0;1;3;-10,74644031;-37,09627368;SPRF-SE;DEL01-SE;UOP01-DEL01-SE;;;
693082;23/05/2025;sexta-feira;03:36:00;GO;60;393;RIO VERDE;Demais falhas mec�nicas ou el�tricas;Inc�ndio;Sem V�timas;Plena Noite;Decrescente;C�u Claro;Dupla;Reta;Sim;30;0;0;0;29;1;0;2;-17,8238327;-50,99421714;SPRF-GO;DEL04-GO;UOP02-DEL04-GO;;;
693083;23/05/2025;sexta-feira;04:00:00;GO;452;2;RIO VERDE;Ingest�o de �lcool pelo condutor;Sa�da de leito carro��vel;Com V�timas Feridas;Amanhecer;Crescente;C�u Claro;Dupla;"Reta;Declive";N�o;1;0;0;1;0;0;1;1;-17,8251102;-50,9620218;SPRF-GO;DEL04-GO;UOP01-DEL04-GO;;;
693084;23/05/2025;sexta-feira;05:30:00;SC;282;5,4;SAO JOSE;Rea��o tardia ou ineficiente do condutor;Tombamento;Com V�timas Feridas;Plena Noite;Decrescente;Nublado;M�ltipla;Curva;Sim;1;0;1;0;0;0;1;1;-27,58466688;-48,61761332;SPRF-SC;DEL01-SC;UOP01-DEL01-SC;;;
693085;23/05/2025;sexta-feira;01:00:00;MA;316;597,1;TIMON;Ingest�o de �lcool pelo condutor;Queda de ocupante de ve�culo;Com V�timas Feridas;Plena Noite;Crescente;C�u Claro;Simples;Reta;N�o;1;0;0;1;0;0;1;1;-5,019605;-42,981375;SPRF-MA;DEL03-MA;UOP02-DEL03-MA;;;
693086;23/05/2025;sexta-feira;04:30:00;RJ;101;407;ITAGUAI;Manobra de mudan�a de faixa;Capotamento;Com V�timas Feridas;Plena Noite;Decrescente;C�u Claro;Dupla;Reta;N�o;1;0;1;0;0;0;1;1;-22,879187;-43,820761;SPRF-RJ;DEL03-RJ;UOP01-DEL03-RJ;;;
693090;23/05/2025;sexta-feira;04:50:00;MG;381;493,7;BETIM;Demais falhas mec�nicas ou el�tricas;Inc�ndio;Sem V�timas;Amanhecer;Decrescente;C�u Claro;M�ltipla;Reta;Sim;1;0;0;0;0;1;0;1;-19,9656543;-44,1761032;SPRF-MG;DEL01-MG;UOP03-DEL01-MG;;;
693091;23/05/2025;sexta-feira;05:50:00;PR;158;538;PATO BRANCO;Transitar na contram�o;Colis�o frontal;Com V�timas Feridas;Amanhecer;Crescente;Nevoeiro/Neblina;Simples;Curva;N�o;2;0;1;1;0;0;2;2;-26,260784;-52,708777;SPRF-PR;DEL02-PR;UOP01-DEL02-PR;;;
693092;23/05/2025;sexta-feira;05:15:00;SC;280;127;RIO NEGRINHO;Pista Escorregadia;Tombamento;Com V�timas Feridas;Plena Noite;Decrescente;C�u Claro;Simples;Reta;N�o;1;0;1;0;0;0;1;1;-26,24312573;-49,51299604;SPRF-SC;DEL06-SC;UOP03-DEL06-SC;;;
693094;23/05/2025;sexta-feira;06:15:00;SP;116;157,8;SAO JOSE DOS CAMPOS;Rea��o tardia ou ineficiente do condutor;Queda de ocupante de ve�culo;Com V�timas Feridas;Pleno dia;Crescente;C�u Claro;M�ltipla;Reta;Sim;1;0;1;0;0;0;1;1;-23,1867;-45,8854;SPRF-SP;DEL02-SP;UOP01-DEL02-SP;;;
693095;23/05/2025;sexta-feira;01:00:00;RJ;493;75;JAPERI;Condutor Dormindo;Colis�o com objeto;Com V�timas Feridas;Plena Noite;Decrescente;C�u Claro;Dupla;Reta;N�o;3;0;2;0;1;0;2;1;-22,66146445;-43,62270498;SPRF-RJ;DEL01-RJ;UOP03-DEL01-RJ;;;
693096;23/05/2025;sexta-feira;04:45:00;MG;262;735,9;PERDIZES;Neblina;Sa�da de leito carro��vel;Com V�timas Feridas;Amanhecer;Decrescente;C�u Claro;Simples;Reta;N�o;2;0;1;0;1;0;1;1;-19,61824394;-47,34140754;SPRF-MG;DEL08-MG;UOP01-DEL08-MG;;;
693097;23/05/2025;sexta-feira;06:10:00;PR;116;127;FAZENDA RIO GRANDE;Rea��o tardia ou ineficiente do condutor;Tombamento;Com V�timas Feridas;Pleno dia;Decrescente;Nublado;Dupla;Reta;Sim;3;0;1;0;2;0;1;2;-25,648277;-49,312437;SPRF-PR;DEL01-PR;UOP03-DEL01-PR;;;
693098;23/05/2025;sexta-feira;06:30:00;ES;101;284;CARIACICA;Aus�ncia de rea��o do condutor;Queda de ocupante de ve�culo;Com V�timas Feridas;Pleno dia;Crescente;C�u Claro;Dupla;"Aclive;Curva";N�o;2;0;2;0;0;0;2;1;-20,2473824;-40,3706038;SPRF-ES;DEL01-ES;UOP01-DEL01-ES;;;
693100;23/05/2025;sexta-feira;06:58:00;ES;101;144;LINHARES;Acesso irregular;Colis�o transversal;Com V�timas Feridas;Pleno dia;Crescente;C�u Claro;Simples;Interse��o de Vias;Sim;2;0;1;0;1;0;1;2;-19,34935256;-40,06310916;SPRF-ES;DEL04-ES;UOP01-DEL04-ES;;;
693101;23/05/2025;sexta-feira;06:15:00;PR;116;116;CURITIBA;Condutor deixou de manter dist�ncia do ve�culo da frente;Colis�o traseira;Com V�timas Feridas;Amanhecer;Decrescente;Nublado;M�ltipla;Reta;Sim;2;0;1;0;1;0;1;2;-25,55599746;-49,30589883;SPRF-PR;DEL01-PR;UOP03-DEL01-PR;;;
693102;23/05/2025;sexta-feira;07:00:00;SC;101;117;ITAJAI;Desrespeitar a prefer�ncia no cruzamento;Colis�o transversal;Com V�timas Feridas;Pleno dia;Decrescente;Garoa/Chuvisco;Dupla;Rotat�ria;Sim;2;0;1;0;1;0;1;2;-26,89066968;-48,72069597;SPRF-SC;DEL04-SC;UOP04-DEL04-SC;;;
693103;23/05/2025;sexta-feira;07:20:00;PR;369;186;ARAPONGAS;Acessar a via sem observar a presen�a dos outros ve�culos;Colis�o transversal;Com V�timas Feridas;Pleno dia;Decrescente;C�u Claro;Simples;Reta;Sim;2;0;1;0;1;0;1;2;-23,42012714;-51,42529456;SPRF-PR;DEL07-PR;UOP03-DEL07-PR;;;
693104;23/05/2025;sexta-feira;06:20:00;MG;116;102,6;ITAOBIM;Aus�ncia de rea��o do condutor;Colis�o com objeto;Com V�timas Feridas;Pleno dia;Crescente;Nublado;Simples;Curva;N�o;2;0;0;1;1;0;1;1;-16,452456;-41,501114;SPRF-MG;DEL11-MG;UOP02-DEL11-MG;;;
693105;23/05/2025;sexta-feira;08:10:00;ES;101;268;SERRA;Aus�ncia de rea��o do condutor;Colis�o traseira;Com V�timas Feridas;Pleno dia;Crescente;C�u Claro;Dupla;Reta;Sim;3;0;2;0;1;0;2;2;-20,21692066;-40,27014792;SPRF-ES;DEL02-ES;UOP01-DEL02-ES;;;
693108;23/05/2025;sexta-feira;07:30:00;ES;101;147;LINHARES;Acessar a via sem observar a presen�a dos outros ve�culos;Colis�o transversal;Com V�timas Feridas;Pleno dia;Crescente;C�u Claro;Simples;Reta;Sim;2;0;2;0;0;0;2;2;-19,38046598;-40,06628036;SPRF-ES;DEL04-ES;UOP01-DEL04-ES;;;
693112;03/05/2025;s�bado;15:13:00;SP;153;189;LINS;Afundamento ou ondula��o no pavimento;Queda de ocupante de ve�culo;Com V�timas Feridas;Pleno dia;Crescente;C�u Claro;Simples;"Declive;Reta";N�o;1;0;1;0;0;0;1;1;-21,73957861;-49,85046085;SPRF-SP;DEL07-SP;UOP01-DEL07-SP;;;
693114;23/05/2025;sexta-feira;06:45:00;MG;50;70;UBERLANDIA;Ingest�o de �lcool pelo condutor;Colis�o com objeto;Sem V�timas;Amanhecer;Decrescente;C�u Claro;Dupla;Reta;Sim;1;0;0;0;0;1;0;1;-18,8871783;-48,2612918;SPRF-MG;DEL15-MG;UOP01-DEL15-MG;;;
693115;23/05/2025;sexta-feira;07:20:00;PR;153;401;PAULO FRONTIN;Rea��o tardia ou ineficiente do condutor;Capotamento;Com V�timas Feridas;Pleno dia;Crescente;Garoa/Chuvisco;Simples;Reta;N�o;1;0;1;0;0;0;1;1;-25,99849057;-50,84042332;SPRF-PR;DEL08-PR;UOP02-DEL08-PR;;;
693116;23/05/2025;sexta-feira;06:50:00;MG;116;522,1;CARATINGA;Acessar a via sem observar a presen�a dos outros ve�culos;Colis�o transversal;Com V�timas Feridas;Pleno dia;Decrescente;C�u Claro;Simples;Reta;Sim;2;0;0;1;1;0;1;2;-19,74659078;-42,13266403;SPRF-MG;DEL06-MG;UOP02-DEL06-MG;;;
693118;23/05/2025;sexta-feira;06:00:00;RJ;493;19;MAGE;Convers�o proibida;Colis�o lateral mesmo sentido;Com V�timas Feridas;Pleno dia;Decrescente;C�u Claro;Dupla;Reta;Sim;2;0;1;0;0;1;1;2;-22,66359107;-43,03955197;SPRF-RJ;DEL04-RJ;UOP02-DEL04-RJ;;;
693119;23/05/2025;sexta-feira;08:15:00;MG;40;521;CONTAGEM;Manobra de mudan�a de faixa;Colis�o lateral mesmo sentido;Com V�timas Feridas;Pleno dia;Crescente;Sol;Dupla;Reta;Sim;2;0;0;1;1;0;1;2;-19,8589541;-44,0711188;SPRF-MG;DEL01-MG;UOP02-DEL01-MG;;;
693120;23/05/2025;sexta-feira;08:00:00;BA;415;32;ILHEUS;Velocidade Incompat�vel;Colis�o traseira;Com V�timas Feridas;Pleno dia;Crescente;Garoa/Chuvisco;Simples;Curva;N�o;5;0;1;0;4;0;1;2;-14,782745;-39,243545;SPRF-BA;DEL05-BA;UOP01-DEL05-BA;;;
693121;23/05/2025;sexta-feira;08:10:00;PR;277;83;CURITIBA;Trafegar com motocicleta (ou similar) entre as faixas;Colis�o traseira;Com V�timas Feridas;Pleno dia;Crescente;Chuva;Dupla;Reta;Sim;2;0;1;0;1;0;1;2;-25,44785707;-49,2301333;SPRF-PR;DEL01-PR;UOP03-DEL01-PR;;;
693125;23/05/2025;sexta-feira;08:00:00;PR;116;18;CURITIBA;Demais falhas mec�nicas ou el�tricas;Tombamento;Com V�timas Feridas;Pleno dia;Crescente;Garoa/Chuvisco;Dupla;"Aclive;Reta";Sim;2;0;2;0;0;0;2;1;-25,38899755;-49,1955727;SPRF-PR;DEL01-PR;UOP02-DEL01-PR;;;
693127;23/05/2025;sexta-feira;09:00:00;RN;405;3;MOSSORO;Condutor deixou de manter dist�ncia do ve�culo da frente;Colis�o traseira;Com V�timas Feridas;Pleno dia;Crescente;C�u Claro;Simples;"Reta;Viaduto";Sim;2;0;1;0;0;1;1;2;-5,19371989;-37,37879187;SPRF-RN;DEL04-RN;UOP02-DEL04-RN;;;
693128;23/05/2025;sexta-feira;08:40:00;RJ;40;62;PETROPOLIS;Convers�o proibida;Colis�o transversal;Com V�timas Feridas;Pleno dia;Decrescente;Sol;Dupla;Curva;N�o;2;0;0;1;1;0;1;2;-22,40850377;-43,14628813;SPRF-RJ;DEL05-RJ;UOP02-DEL05-RJ;;;
693129;23/05/2025;sexta-feira;08:30:00;RJ;101;58;CAMPOS DOS GOYTACAZES;Acessar a via sem observar a presen�a dos outros ve�culos;Colis�o transversal;Com V�timas Feridas;Pleno dia;Crescente;C�u Claro;Simples;Reta;N�o;3;0;2;0;1;0;2;2;-21,71282893;-41,30859375;SPRF-RJ;DEL08-RJ;UOP01-DEL08-RJ;;;
693130;23/05/2025;sexta-feira;09:45:00;SP;116;289;ITAPECERICA DA SERRA;Aus�ncia de rea��o do condutor;Colis�o traseira;Sem V�timas;Pleno dia;Decrescente;Garoa/Chuvisco;Dupla;Reta;Sim;2;0;0;0;1;1;0;2;-23,70029929;-46,8690046;SPRF-SP;DEL04-SP;UOP01-DEL04-SP;;;
693131;23/05/2025;sexta-feira;08:00:00;SP;116;225;GUARULHOS;Rea��o tardia ou ineficiente do condutor;Queda de ocupante de ve�culo;Com V�timas Feridas;Pleno dia;Crescente;Nublado;M�ltipla;"Em Obras;Reta";N�o;1;0;1;0;0;0;1;1;-23,490398;-46,547801;SPRF-SP;DEL01-SP;UOP01-DEL01-SP;;;
693132;23/05/2025;sexta-feira;10:15:00;RS;290;86;PORTO ALEGRE;Objeto est�tico sobre o leito carro��vel;Capotamento;Sem V�timas;Pleno dia;Decrescente;C�u Claro;M�ltipla;Reta;N�o;1;0;0;0;1;0;0;1;-29,96884348;-51,10942548;SPRF-RS;DEL01-RS;UOP01-DEL01-RS;;;
693133;23/05/2025;sexta-feira;09:30:00;MG;381;611,2;OLIVEIRA;Condutor Dormindo;Colis�o com objeto;Com V�timas Feridas;Pleno dia;Decrescente;C�u Claro;Dupla;Reta;N�o;1;0;1;0;0;0;1;1;-20,690144;-44,743183;SPRF-MG;DEL04-MG;UOP01-DEL04-MG;;;
693134;22/05/2025;quinta-feira;08:25:00;PR;116;10;CAMPINA GRANDE DO SUL;Pista Escorregadia;Sa�da de leito carro��vel;Com V�timas Feridas;Pleno dia;Crescente;Garoa/Chuvisco;Dupla;"Aclive;Curva";N�o;2;0;1;0;1;0;1;1;-25,0825219;-48,6419095;SPRF-PR;DEL01-PR;UOP02-DEL01-PR;;;
693137;23/05/2025;sexta-feira;09:25:00;MS;158;26;PARANAIBA;Rea��o tardia ou ineficiente do condutor;Tombamento;Com V�timas Feridas;Pleno dia;Crescente;Sol;Simples;Reta;N�o;1;0;1;0;0;0;1;1;-19,20856914;-51,53802151;SPRF-MS;DEL08-MS;UOP01-DEL08-MS;;;
693138;12/02/2025;quarta-feira;19:30:00;RJ;493;14;MAGE;Animais na Pista;Atropelamento de Animal;Com V�timas Feridas;Plena Noite;Crescente;C�u Claro;Simples;Reta;N�o;2;0;1;0;1;0;1;1;-22,67034011;-42,98256206;SPRF-RJ;DEL04-RJ;UOP02-DEL04-RJ;;;
693139;23/05/2025;sexta-feira;08:40:00;SP;116;99;PINDAMONHANGABA;Aus�ncia de rea��o do condutor;Tombamento;Com V�timas Feridas;Pleno dia;Decrescente;Nublado;Dupla;Curva;N�o;1;0;1;0;0;0;1;1;-22,98147015;-45,46181491;SPRF-SP;DEL08-SP;UOP01-DEL08-SP;;;
693140;23/05/2025;sexta-feira;06:52:00;MG;146;488,1;POCOS DE CALDAS;Convers�o proibida;Colis�o transversal;Com V�timas Fatais;Pleno dia;Crescente;C�u Claro;Simples;"Reta;Declive;Interse��o de Vias";Sim;2;1;1;0;0;0;1;2;-21,806547;-46,4904781;SPRF-MG;DEL09-MG;UOP01-DEL09-MG;;;
693142;23/05/2025;sexta-feira;07:30:00;MT;163;834;SINOP;Rea��o tardia ou ineficiente do condutor;Colis�o lateral mesmo sentido;Com V�timas Feridas;Pleno dia;Decrescente;C�u Claro;Dupla;Retorno Regulamentado;Sim;2;0;1;0;1;0;1;2;-11,86607472;-55,49667327;SPRF-MT;DEL06-MT;UOP02-DEL06-MT;;;
693146;04/05/2025;domingo;01:50:00;RJ;116;184;NOVA IGUACU;Manobra de mudan�a de faixa;Queda de ocupante de ve�culo;Com V�timas Feridas;Plena Noite;Decrescente;C�u Claro;M�ltipla;Reta;Sim;1;0;1;0;0;0;1;1;-22,75469386;-43,43474865;SPRF-RJ;DEL06-RJ;UOP01-DEL06-RJ;;;
693149;14/03/2025;sexta-feira;18:45:00;MG;381;776,3;CAMPANHA;Animais na Pista;Atropelamento de Animal;Com V�timas Feridas;Anoitecer;Crescente;Nublado;Dupla;Curva;N�o;1;0;1;0;0;0;1;1;-21,79707051;-45,45524597;SPRF-MG;DEL16-MG;UOP02-DEL16-MG;;;
693151;23/05/2025;sexta-feira;11:20:00;SC;280;51;GUARAMIRIM;Acessar a via sem observar a presen�a dos outros ve�culos;Colis�o traseira;Com V�timas Feridas;Pleno dia;Decrescente;Chuva;Dupla;"Retorno Regulamentado;Reta";Sim;2;0;1;0;1;0;1;2;-26,46748;-48,96165;SPRF-SC;DEL03-SC;UOP03-DEL03-SC;;;
693152;23/05/2025;sexta-feira;11:30:00;SP;116;227;GUARULHOS;Aus�ncia de rea��o do condutor;Colis�o traseira;Com V�timas Feridas;Pleno dia;Decrescente;Nublado;M�ltipla;Reta;Sim;2;0;1;0;1;0;1;2;-23,496243;-46,556108;SPRF-SP;DEL01-SP;UOP01-DEL01-SP;;;
693153;23/05/2025;sexta-feira;11:00:00;RJ;101;471;ANGRA DOS REIS;Animais na Pista;Atropelamento de Animal;Com V�timas Feridas;Pleno dia;Crescente;Chuva;Simples;Curva;N�o;2;0;1;0;1;0;1;2;-22,99189869;-44,23301697;SPRF-RJ;DEL03-RJ;UOP03-DEL03-RJ;;;
693160;23/05/2025;sexta-feira;11:40:00;RS;472;569;URUGUAIANA;Mal s�bito do condutor;Sa�da de leito carro��vel;Com V�timas Feridas;Pleno dia;Crescente;C�u Claro;Simples;"Reta;Aclive";N�o;1;0;1;0;0;0;1;1;-29,7570344;-56,99833202;SPRF-RS;DEL13-RS;UOP01-DEL13-RS;;;
693164;23/05/2025;sexta-feira;13:30:00;SP;101;48,3;UBATUBA;Acessar a via sem observar a presen�a dos outros ve�culos;Colis�o lateral sentido oposto;Com V�timas Feridas;Pleno dia;Decrescente;Chuva;Simples;Retorno Regulamentado;Sim;2;0;1;0;1;0;1;2;-23,43765982;-45,08781401;SPRF-SP;DEL06-SP;UOP01-DEL06-SP;;;
693165;23/05/2025;sexta-feira;11:15:00;RJ;101;433;MANGARATIBA;Chuva;Colis�o lateral sentido oposto;Com V�timas Feridas;Pleno dia;Decrescente;Chuva;Simples;"Curva;Declive";N�o;5;0;3;0;2;0;3;3;-22,93771409;-44,04722638;SPRF-RJ;DEL03-RJ;UOP02-DEL03-RJ;;;
693166;23/05/2025;sexta-feira;13:35:00;ES;101;259,2;SERRA;Retorno proibido;Colis�o transversal;Com V�timas Feridas;Pleno dia;Decrescente;C�u Claro;Dupla;"Reta;Declive";Sim;2;0;0;1;1;0;1;2;-20,140411;-40,2923;SPRF-ES;DEL02-ES;UOP01-DEL02-ES;;;
693167;23/05/2025;sexta-feira;12:46:00;PE;104;20;TAQUARITINGA DO NORTE;Desvio tempor�rio;Colis�o transversal;Com V�timas Feridas;Pleno dia;Crescente;Sol;Simples;"Em Obras;Desvio Tempor�rio;Curva";Sim;2;0;0;1;0;1;1;2;-7,95746;-36,128293;SPRF-PE;DEL02-PE;UOP01-DEL02-PE;;;