id;data_inversa;dia_semana;horario;uf;br;km;municipio;causa_acidente;tipo_acidente;classificacao_acidente;fase_dia;sentido_via;condicao_metereologica;tipo_pista;tracado_via;uso_solo;pessoas;mortos;feridos_leves;feridos_graves;ilesos;ignorados;feridos;veiculos;latitude;longitude;regional;delegacia;uop;;;
693168;23/05/2025;sexta-feira;13:24:00;SC;101;242,4;PALHOCA;Rea��o tardia ou ineficiente do condutor;Sa�da de leito carro��vel;Com V�timas Feridas;Pleno dia;Decrescente;Nublado;Dupla;Reta;N�o;2;0;2;0;0;0;2;1;-27,8748935;-48,64668846;SPRF-SC;DEL01-SC;UOP02-DEL01-SC;;;
693170;23/05/2025;sexta-feira;14:15:00;RJ;101;35;CAMPOS DOS GOYTACAZES;Demais falhas mec�nicas ou el�tricas;Queda de ocupante de ve�culo;Com V�timas Feridas;Pleno dia;Decrescente;Sol;Simples;Declive;N�o;2;0;2;0;0;0;2;1;-21,7687274;-41,3524739;SPRF-RJ;DEL08-RJ;UOP01-DEL08-RJ;;;
693174;23/05/2025;sexta-feira;14:20:00;SC;101;243;PALHOCA;Acessar a via sem observar a presen�a dos outros ve�culos;Colis�o lateral mesmo sentido;Com V�timas Feridas;Pleno dia;Crescente;Nublado;Dupla;Reta;N�o;4;0;0;2;2;0;2;2;-27,88715;-48,6479;SPRF-SC;DEL01-SC;UOP02-DEL01-SC;;;
693175;23/05/2025;sexta-feira;12:15:00;SC;282;521,6;XAXIM;Desrespeitar a prefer�ncia no cruzamento;Colis�o transversal;Com V�timas Feridas;Pleno dia;Crescente;C�u Claro;Dupla;"Reta;Interse��o de Vias;Declive";Sim;5;0;2;0;3;0;2;2;-26,952722;-52,538518;SPRF-SC;DEL07-SC;UOP01-DEL07-SC;;;
693176;23/05/2025;sexta-feira;13:30:00;TO;153;361;FORTALEZA DO TABOCAO;Rea��o tardia ou ineficiente do condutor;Queda de ocupante de ve�culo;Com V�timas Feridas;Pleno dia;Crescente;C�u Claro;Simples;Reta;N�o;2;0;0;1;1;0;1;2;-9,070875;-48,521752;SPRF-TO;DEL02-TO;UOP02-DEL02-TO;;;
693177;23/05/2025;sexta-feira;14:10:00;SC;280;58,2;GUARAMIRIM;Condutor deixou de manter dist�ncia do ve�culo da frente;Colis�o traseira;Com V�timas Feridas;Pleno dia;Crescente;Chuva;Dupla;Reta;N�o;2;0;1;0;1;0;1;2;-26,474505;-49,028066;SPRF-SC;DEL03-SC;UOP03-DEL03-SC;;;
693178;15/05/2025;quinta-feira;16:30:00;BA;324;623;SALVADOR;Condutor deixou de manter dist�ncia do ve�culo da frente;Colis�o traseira;Com V�timas Feridas;Pleno dia;Decrescente;Nublado;Dupla;Curva;N�o;2;0;1;0;1;0;1;2;-12,94770419;-38,46961965;SPRF-BA;DEL01-BA;UOP01-DEL01-BA;;;
693179;23/05/2025;sexta-feira;14:00:00;PI;343;345;TERESINA;Manobra de mudan�a de faixa;Colis�o lateral mesmo sentido;Com V�timas Feridas;Pleno dia;Decrescente;C�u Claro;Dupla;Reta;Sim;2;0;0;1;1;0;1;2;-5,109313;-42,769488;SPRF-PI;DEL01-PI;UOP01-DEL01-PI;;;
693180;23/05/2025;sexta-feira;14:00:00;PR;163;172,1;LINDOESTE;Ingest�o de �lcool pelo condutor;Sa�da de leito carro��vel;Sem V�timas;Pleno dia;Decrescente;C�u Claro;Dupla;Curva;Sim;1;0;0;0;1;0;0;1;-25,22177253;-53,59484375;SPRF-PR;DEL05-PR;UOP05-DEL05-PR;;;
693181;16/05/2025;sexta-feira;08:30:00;PR;277;430;VIRMOND;Desrespeitar a prefer�ncia no cruzamento;Colis�o transversal;Com V�timas Feridas;Pleno dia;Decrescente;C�u Claro;Dupla;"Interse��o de Vias;Reta";Sim;2;0;0;1;1;0;1;2;-25,37845945;-52,20263243;SPRF-PR;DEL04-PR;UOP02-DEL04-PR;;;
693182;23/05/2025;sexta-feira;13:55:00;RJ;40;123;DUQUE DE CAXIAS;Rea��o tardia ou ineficiente do condutor;Colis�o traseira;Com V�timas Feridas;Pleno dia;Decrescente;Nublado;Dupla;Reta;Sim;2;0;1;0;1;0;1;2;-22,806691;-43,2919597;SPRF-RJ;DEL01-RJ;UOP02-DEL01-RJ;;;
693185;23/05/2025;sexta-feira;13:45:00;PB;230;135,7;MASSARANDUBA;Demais falhas mec�nicas ou el�tricas;Sa�da de leito carro��vel;Com V�timas Feridas;Pleno dia;Crescente;Chuva;Dupla;Curva;N�o;2;0;2;0;0;0;2;1;-7,281398;-35,769652;SPRF-PB;DEL02-PB;UOP01-DEL02-PB;;;
693187;23/05/2025;sexta-feira;14:15:00;MG;381;643,3;SANTO ANTONIO DO AMPARO;Condutor Dormindo;Sa�da de leito carro��vel;Com V�timas Feridas;Pleno dia;Decrescente;Sol;Dupla;Reta;N�o;1;0;1;0;0;0;1;1;-20,95048045;-44,88921843;SPRF-MG;DEL04-MG;UOP01-DEL04-MG;;;
693189;23/05/2025;sexta-feira;14:45:00;SP;116;398;MIRACATU;Demais falhas mec�nicas ou el�tricas;Capotamento;Sem V�timas;Pleno dia;Decrescente;Chuva;Dupla;Reta;Sim;3;0;0;0;0;3;0;1;-24,30583692;-47,50000763;SPRF-SP;DEL04-SP;UOP02-DEL04-SP;;;
693191;07/05/2025;quarta-feira;17:40:00;GO;153;520;HIDROLANDIA;Demais falhas mec�nicas ou el�tricas;Inc�ndio;Sem V�timas;Plena Noite;Decrescente;C�u Claro;Dupla;Aclive;N�o;1;0;0;0;1;0;0;1;-16,93656822;-49,25283015;SPRF-GO;DEL01-GO;UOP03-DEL01-GO;;;
693193;23/05/2025;sexta-feira;14:10:00;PR;277;548;CATANDUVAS;Demais falhas mec�nicas ou el�tricas;Inc�ndio;Sem V�timas;Pleno dia;Crescente;C�u Claro;Simples;"Curva;Aclive";N�o;1;0;0;0;1;0;0;1;-25,10139564;-53,12329665;SPRF-PR;DEL04-PR;UOP04-DEL04-PR;;;
693195;23/05/2025;sexta-feira;15:20:00;CE;222;2,5;FORTALEZA;Condutor deixou de manter dist�ncia do ve�culo da frente;Colis�o traseira;Com V�timas Feridas;Pleno dia;Crescente;Sol;M�ltipla;Reta;Sim;3;0;2;0;1;0;2;2;-3,73974704;-38,59261958;SPRF-CE;DEL01-CE;UOP01-DEL01-CE;;;
693197;23/05/2025;sexta-feira;15:00:00;SP;381;90;GUARULHOS;Rea��o tardia ou ineficiente do condutor;Queda de ocupante de ve�culo;Sem V�timas;Pleno dia;Crescente;C�u Claro;Dupla;Reta;Sim;1;0;0;0;0;1;0;1;-23,49629964;-46,55953355;SPRF-SP;DEL03-SP;UOP01-DEL03-SP;;;
693198;23/05/2025;sexta-feira;16:10:00;SP;381;71;MAIRIPORA;Objeto est�tico sobre o leito carro��vel;Colis�o com objeto;Com V�timas Feridas;Pleno dia;Crescente;Garoa/Chuvisco;M�ltipla;"Curva;Declive";Sim;2;0;1;0;1;0;1;1;-23,35439584;-46,54989688;SPRF-SP;DEL03-SP;UOP01-DEL03-SP;;;
693200;23/05/2025;sexta-feira;15:13:00;RJ;101;315;SAO GONCALO;Aus�ncia de rea��o do condutor;Colis�o traseira;Com V�timas Feridas;Pleno dia;Decrescente;Nublado;Dupla;Reta;N�o;2;0;1;0;1;0;1;2;-22,7966976;-43,0276608;SPRF-RJ;DEL02-RJ;UOP02-DEL02-RJ;;;
693202;23/05/2025;sexta-feira;16:20:00;RJ;40;43;AREAL;Velocidade Incompat�vel;Sa�da de leito carro��vel;Com V�timas Feridas;Pleno dia;Decrescente;C�u Claro;Dupla;Curva;N�o;1;0;0;1;0;0;1;1;-22,26745345;-43,10975075;SPRF-RJ;DEL05-RJ;UOP02-DEL05-RJ;;;
693205;23/05/2025;sexta-feira;16:05:00;SC;101;219,2;PALHOCA;Frear bruscamente;Colis�o traseira;Com V�timas Feridas;Pleno dia;Crescente;Nublado;Dupla;Reta;Sim;3;0;0;1;2;0;1;3;-27,68618824;-48,66641879;SPRF-SC;DEL01-SC;UOP02-DEL01-SC;;;
693206;23/05/2025;sexta-feira;16:20:00;MG;262;384;MATEUS LEME;Manobra de mudan�a de faixa;Colis�o traseira;Com V�timas Feridas;Anoitecer;Crescente;C�u Claro;Dupla;"Aclive;Reta";N�o;3;0;1;0;2;0;1;2;-19,92519;-44,463282;SPRF-MG;DEL01-MG;UOP03-DEL01-MG;;;
693210;23/05/2025;sexta-feira;17:00:00;PB;101;85,9;BAYEUX;Aus�ncia de rea��o do condutor;Colis�o traseira;Com V�timas Feridas;Anoitecer;Crescente;C�u Claro;Dupla;"Interse��o de Vias;Reta;Viaduto;Retorno Regulamentado";Sim;2;0;1;0;1;0;1;2;-7,15042709;-34,91084814;SPRF-PB;DEL01-PB;UOP01-DEL01-PB;;;
693211;23/05/2025;sexta-feira;16:40:00;PE;101;70,2;RECIFE;Trafegar com motocicleta (ou similar) entre as faixas;Tombamento;Com V�timas Feridas;Pleno dia;Decrescente;Nublado;Dupla;Reta;Sim;1;0;1;0;0;0;1;1;-8,06608033;-34,94340833;SPRF-PE;DEL01-PE;UOP01-DEL01-PE;;;
693212;23/05/2025;sexta-feira;13:15:00;MG;262;35,5;MANHUACU;Acessar a via sem observar a presen�a dos outros ve�culos;Colis�o lateral mesmo sentido;Com V�timas Feridas;Pleno dia;Crescente;C�u Claro;Simples;Reta;Sim;2;0;1;0;1;0;1;2;-20,26109879;-42,03725159;SPRF-MG;DEL06-MG;UOP03-DEL06-MG;;;
693213;23/05/2025;sexta-feira;12:13:00;MS;262;771,6;CORUMBA;Aus�ncia de rea��o do condutor;Colis�o com objeto;Sem V�timas;Pleno dia;Crescente;C�u Claro;Simples;Reta;N�o;2;0;0;0;2;0;0;1;-19,04536;-57,638858;SPRF-MS;DEL03-MS;UOP03-DEL03-MS;;;
693214;23/05/2025;sexta-feira;17:20:00;SC;282;17;PALHOCA;Condutor deixou de manter dist�ncia do ve�culo da frente;Colis�o traseira;Com V�timas Feridas;Anoitecer;Decrescente;Nublado;Simples;Reta;Sim;2;0;0;1;1;0;1;2;-27,67265357;-48,69401185;SPRF-SC;DEL01-SC;UOP02-DEL01-SC;;;
693217;23/05/2025;sexta-feira;17:00:00;RS;158;537,5;SANTANA DO LIVRAMENTO;Condutor Dormindo;Queda de ocupante de ve�culo;Com V�timas Feridas;Pleno dia;Decrescente;C�u Claro;Simples;Reta;N�o;2;0;1;0;1;0;1;1;-30,79867161;-55,23538305;SPRF-RS;DEL11-RS;UOP01-DEL11-RS;;;
693218;23/05/2025;sexta-feira;17:30:00;RS;116;252,8;SAPUCAIA DO SUL;Manobra de mudan�a de faixa;Colis�o lateral mesmo sentido;Com V�timas Feridas;Anoitecer;Decrescente;C�u Claro;M�ltipla;Viaduto;Sim;3;0;1;0;1;1;1;3;-29,82835879;-51,17277145;SPRF-RS;DEL01-RS;UOP02-DEL01-RS;;;
693219;23/05/2025;sexta-feira;12:39:00;BA;110;84;PAULO AFONSO;Aus�ncia de rea��o do condutor;Sa�da de leito carro��vel;Com V�timas Fatais;Amanhecer;Crescente;C�u Claro;Dupla;Reta;N�o;1;1;0;0;0;0;0;1;-9,437715;-38,2041219;SPRF-BA;DEL07-BA;UOP01-DEL07-BA;;;
693222;23/05/2025;sexta-feira;17:30:00;ES;101;162,9;LINHARES;Acessar a via sem observar a presen�a dos outros ve�culos;Colis�o transversal;Com V�timas Feridas;Plena Noite;Decrescente;C�u Claro;Simples;Reta;N�o;2;0;1;0;1;0;1;2;-19,49782981;-40,1305129;SPRF-ES;DEL04-ES;UOP01-DEL04-ES;;;
693223;23/05/2025;sexta-feira;17:30:00;SC;101;141;BALNEARIO CAMBORIU;Rea��o tardia ou ineficiente do condutor;Colis�o traseira;Com V�timas Feridas;Anoitecer;Crescente;Garoa/Chuvisco;Dupla;Reta;N�o;2;0;1;0;1;0;1;2;-27,05261587;-48,60011326;SPRF-SC;DEL04-SC;UOP03-DEL04-SC;;;
693224;23/05/2025;sexta-feira;18:15:00;DF;70;19;BRASILIA;Avarias e/ou desgaste excessivo no pneu;Tombamento;Com V�timas Feridas;Plena Noite;Decrescente;Nublado;Dupla;"Reta;Declive";N�o;2;0;2;0;0;0;2;1;-15,787086;-48,228632;SPRF-DF;DEL03-DF;UOP02-DEL03-DF;;;
693226;23/05/2025;sexta-feira;17:50:00;RN;101;95;NATAL;Condutor deixou de manter dist�ncia do ve�culo da frente;Colis�o traseira;Com V�timas Feridas;Anoitecer;Crescente;C�u Claro;Simples;Reta;Sim;2;0;1;0;1;0;1;2;-5,83622836;-35,21207964;SPRF-RN;DEL01-RN;UOP01-DEL01-RN;;;
693227;23/05/2025;sexta-feira;18:03:00;RN;110;51,5;MOSSORO;Acessar a via sem observar a presen�a dos outros ve�culos;Colis�o transversal;Com V�timas Feridas;Plena Noite;Crescente;C�u Claro;Simples;"Reta;Interse��o de Vias";N�o;2;0;1;0;1;0;1;2;-5,229103;-37,332062;SPRF-RN;DEL04-RN;UOP01-DEL04-RN;;;
693234;23/05/2025;sexta-feira;18:35:00;RS;116;235;NOVO HAMBURGO;Aus�ncia de rea��o do condutor;Colis�o traseira;Com V�timas Feridas;Plena Noite;Crescente;C�u Claro;M�ltipla;"Reta;Viaduto";Sim;3;0;1;0;2;0;1;2;-29,65835321;-51,14427567;SPRF-RS;DEL01-RS;UOP02-DEL01-RS;;;
693236;23/05/2025;sexta-feira;18:01:00;PR;376;180;MARINGA;Velocidade Incompat�vel;Colis�o traseira;Com V�timas Feridas;Anoitecer;Crescente;C�u Claro;Dupla;Reta;Sim;3;0;1;0;2;0;1;3;-23,42293;-51,90424;SPRF-PR;DEL09-PR;UOP01-DEL09-PR;;;
693237;23/05/2025;sexta-feira;15:30:00;MG;40;119,7;LAGOA GRANDE;Rea��o tardia ou ineficiente do condutor;Sa�da de leito carro��vel;Sem V�timas;Pleno dia;Crescente;C�u Claro;Simples;Reta;N�o;2;0;0;0;2;0;0;1;-17,66234274;-46,36470795;SPRF-MG;DEL14-MG;UOP01-DEL14-MG;;;
693238;23/05/2025;sexta-feira;19:00:00;RS;290;92;PORTO ALEGRE;Condutor deixou de manter dist�ncia do ve�culo da frente;Colis�o traseira;Com V�timas Feridas;Plena Noite;Decrescente;C�u Claro;M�ltipla;Reta;N�o;3;0;1;0;1;1;1;3;-29,97128848;-51,18198602;SPRF-RS;DEL01-RS;UOP01-DEL01-RS;;;
693239;23/05/2025;sexta-feira;14:40:00;SC;101;38,7;JOINVILLE;Pista Escorregadia;Tombamento;Com V�timas Feridas;Pleno dia;Crescente;Chuva;Simples;"Viaduto;Interse��o de Vias;Rotat�ria";Sim;1;0;1;0;0;0;1;1;-26,29659352;-48,88428776;SPRF-SC;DEL03-SC;UOP01-DEL03-SC;;;
693240;23/05/2025;sexta-feira;18:15:00;MG;40;549;NOVA LIMA;Velocidade Incompat�vel;Sa�da de leito carro��vel;Com V�timas Feridas;Plena Noite;Decrescente;C�u Claro;Dupla;"Curva;Declive";N�o;1;0;1;0;0;0;1;1;-20,04377646;-43,96420598;SPRF-MG;DEL01-MG;UOP02-DEL01-MG;;;
693241;23/05/2025;sexta-feira;18:23:00;MS;163;721;RIO VERDE DE MATO GROSSO;Rea��o tardia ou ineficiente do condutor;Tombamento;Com V�timas Feridas;Plena Noite;Crescente;C�u Claro;Simples;Reta;N�o;2;0;2;0;0;0;2;1;-18,56274022;-54,75619063;SPRF-MS;DEL06-MS;UOP01-DEL06-MS;;;
693242;23/05/2025;sexta-feira;17:50:00;MG;116;526,2;CARATINGA;Condutor deixou de manter dist�ncia do ve�culo da frente;Colis�o traseira;Com V�timas Feridas;Plena Noite;Decrescente;C�u Claro;Dupla;Reta;Sim;3;0;1;0;2;0;1;2;-19,79056283;-42,1368538;SPRF-MG;DEL06-MG;UOP02-DEL06-MG;;;
693243;23/05/2025;sexta-feira;16:44:00;MS;163;13,8;MUNDO NOVO;Demais falhas mec�nicas ou el�tricas;Inc�ndio;Sem V�timas;Pleno dia;Crescente;C�u Claro;Simples;"Aclive;Interse��o de Vias";N�o;1;0;0;0;1;0;0;1;-23,951235;-54,314467;SPRF-MS;DEL09-MS;UOP02-DEL09-MS;;;
693245;23/05/2025;sexta-feira;19:20:00;SC;101;202;SAO JOSE;Manobra de mudan�a de faixa;Colis�o lateral mesmo sentido;Com V�timas Feridas;Plena Noite;Crescente;Nublado;Dupla;Reta;Sim;2;0;1;0;1;0;1;2;-27,55478901;-48,61943571;SPRF-SC;DEL01-SC;UOP01-DEL01-SC;;;
693246;23/05/2025;sexta-feira;19:30:00;SP;381;73;SAO PAULO;Rea��o tardia ou ineficiente do condutor;Queda de ocupante de ve�culo;Com V�timas Feridas;Plena Noite;Crescente;Garoa/Chuvisco;Dupla;"Curva;Declive";N�o;2;0;1;0;1;0;1;2;-23,37561513;-46,56127162;SPRF-SP;DEL03-SP;UOP01-DEL03-SP;;;
693247;23/05/2025;sexta-feira;19:51:00;RN;427;2,7;CURRAIS NOVOS;Animais na Pista;Atropelamento de Animal;Com V�timas Feridas;Pleno dia;Crescente;C�u Claro;Simples;Reta;N�o;1;0;1;0;0;0;1;1;-6,29;-36,523;SPRF-RN;DEL03-RN;UOP02-DEL03-RN;;;
693248;23/05/2025;sexta-feira;18:40:00;ES;262;98;DOMINGOS MARTINS;Acessar a via sem observar a presen�a dos outros ve�culos;Colis�o transversal;Com V�timas Feridas;Plena Noite;Crescente;C�u Claro;Simples;Interse��o de Vias;N�o;3;0;1;0;2;0;1;2;-20,3548323;-41,0873625;SPRF-ES;DEL01-ES;UOP02-DEL01-ES;;;
693249;23/05/2025;sexta-feira;15:00:00;PA;230;756;MEDICILANDIA;Aus�ncia de rea��o do condutor;Capotamento;Com V�timas Feridas;Pleno dia;Crescente;C�u Claro;Simples;Reta;N�o;1;0;1;0;0;0;1;1;-3,5058;-53,02192;SPRF-PA;DEL04-PA;UOP01-DEL04-PA;;;
693251;23/05/2025;sexta-feira;16:40:00;MG;365;341;VARJAO DE MINAS;Mal s�bito do condutor;Sa�da de leito carro��vel;Com V�timas Feridas;Pleno dia;Decrescente;C�u Claro;Simples;"Reta;Aclive";N�o;1;0;0;1;0;0;1;1;-18,39004704;-46,05305672;SPRF-MG;DEL10-MG;UOP01-DEL10-MG;;;
693252;21/05/2025;quarta-feira;11:09:00;MT;364;543;ROSARIO OESTE;Aus�ncia de rea��o do condutor;Colis�o traseira;Com V�timas Feridas;Pleno dia;Decrescente;C�u Claro;Simples;Reta;N�o;2;0;0;2;0;0;2;2;-14,83695218;-56,43728256;SPRF-MT;DEL01-MT;UOP01-DEL01-MT;;;
693253;23/05/2025;sexta-feira;18:00:00;PR;376;394,5;IMBAU;Mal s�bito do condutor;Colis�o transversal;Com V�timas Feridas;Anoitecer;Crescente;Nublado;Dupla;"Declive;Reta";N�o;2;0;0;1;1;0;1;2;-24,50681579;-50,71666567;SPRF-PR;DEL03-PR;UOP02-DEL03-PR;;;
693254;23/05/2025;sexta-feira;18:40:00;PE;104;87,4;AGRESTINA;Acessar a via sem observar a presen�a dos outros ve�culos;Colis�o transversal;Com V�timas Feridas;Plena Noite;Decrescente;C�u Claro;Simples;"Reta;Aclive";Sim;2;0;0;1;1;0;1;2;-8,45939;-35,94176;SPRF-PE;DEL02-PE;UOP01-DEL02-PE;;;
693256;23/05/2025;sexta-feira;17:15:00;SE;235;4;NOSSA SENHORA DO SOCORRO;Acessar a via sem observar a presen�a dos outros ve�culos;Colis�o lateral mesmo sentido;Com V�timas Feridas;Anoitecer;Decrescente;C�u Claro;Dupla;Reta;N�o;2;0;1;0;1;0;1;2;-10,9050611;-37,1230367;SPRF-SE;DEL01-SE;UOP01-DEL01-SE;;;
693257;23/05/2025;sexta-feira;20:20:00;SC;101;102;BALNEARIO PICARRAS;Demais falhas mec�nicas ou el�tricas;Inc�ndio;Sem V�timas;Plena Noite;Crescente;Nublado;Dupla;Reta;Sim;1;0;0;0;1;0;0;1;-26,77847451;-48,68499434;SPRF-SC;DEL03-SC;UOP02-DEL03-SC;;;
693258;23/05/2025;sexta-feira;20:10:00;GO;60;102;ANAPOLIS;Rea��o tardia ou ineficiente do condutor;Colis�o traseira;Sem V�timas;Plena Noite;Decrescente;C�u Claro;Dupla;Reta;Sim;2;0;0;0;2;0;0;2;-16,40412241;-48,97887468;SPRF-GO;DEL02-GO;UOP01-DEL02-GO;;;
693259;23/05/2025;sexta-feira;19:30:00;ES;262;21;VIANA;Aus�ncia de rea��o do condutor;Tombamento;Com V�timas Feridas;Plena Noite;Crescente;C�u Claro;Simples;Reta;N�o;1;0;1;0;0;0;1;1;-20,3805859;-40,505194;SPRF-ES;DEL01-ES;UOP01-DEL01-ES;;;
693262;23/05/2025;sexta-feira;17:40:00;MG;381;446;SANTA LUZIA;Fuma�a;Sa�da de leito carro��vel;Com V�timas Feridas;Anoitecer;Crescente;C�u Claro;Simples;"Reta;Declive";N�o;1;0;1;0;0;0;1;1;-19,821762;-43,812628;SPRF-MG;DEL01-MG;UOP01-DEL01-MG;;;
693263;23/05/2025;sexta-feira;18:35:00;MS;163;490,5;CAMPO GRANDE;Aus�ncia de rea��o do condutor;Colis�o traseira;Sem V�timas;Plena Noite;Crescente;C�u Claro;Dupla;Rotat�ria;Sim;5;0;0;0;5;0;0;2;-20,36434577;-54,52853585;SPRF-MS;DEL01-MS;UOP02-DEL01-MS;;;
693264;23/05/2025;sexta-feira;20:05:00;PR;116;14;COLOMBO;Aus�ncia de rea��o do condutor;Colis�o lateral mesmo sentido;Com V�timas Feridas;Plena Noite;Crescente;Nublado;Dupla;Reta;Sim;5;0;1;0;4;0;1;2;-25,3818;-49,1643;SPRF-PR;DEL01-PR;UOP02-DEL01-PR;;;
693266;23/05/2025;sexta-feira;16:40:00;RJ;101;463;ANGRA DOS REIS;Avarias e/ou desgaste excessivo no pneu;Colis�o frontal;Com V�timas Feridas;Pleno dia;Crescente;Chuva;Dupla;Curva;N�o;4;0;4;0;0;0;4;2;-23,03740689;-44,19346722;SPRF-RJ;DEL03-RJ;UOP03-DEL03-RJ;;;
693268;17/05/2025;s�bado;15:40:00;GO;60;369;RIO VERDE;Ingest�o de �lcool pelo condutor;Eventos at�picos;Sem V�timas;Pleno dia;Crescente;C�u Claro;Dupla;"Reta;Declive";N�o;2;0;0;0;2;0;0;1;-17,70063;-50,845188;SPRF-GO;DEL04-GO;UOP02-DEL04-GO;;;
693269;23/05/2025;sexta-feira;20:39:00;ES;101;26,6;CONCEICAO DA BARRA;Ingest�o de �lcool pelo condutor;Colis�o traseira;Com V�timas Fatais;Plena Noite;Crescente;C�u Claro;Simples;Reta;N�o;6;1;4;0;1;0;4;3;-18,37559291;-39,94731903;SPRF-ES;DEL04-ES;UOP02-DEL04-ES;;;
693273;23/05/2025;sexta-feira;20:15:00;BA;110;160;RIBEIRA DO POMBAL;Aus�ncia de rea��o do condutor;Colis�o traseira;Com V�timas Feridas;Plena Noite;Decrescente;C�u Claro;Simples;"Reta;Aclive";N�o;2;0;0;1;1;0;1;2;-10,733696;-38,490578;SPRF-BA;DEL07-BA;UOP02-DEL07-BA;;;
693274;23/05/2025;sexta-feira;18:40:00;PE;316;35,5;ARARIPINA;Entrada inopinada do pedestre;Atropelamento de Pedestre;Com V�timas Fatais;Plena Noite;Crescente;C�u Claro;Simples;Declive;N�o;2;1;0;0;1;0;0;2;-7,640427;-40,427325;SPRF-PE;DEL05-PE;UOP02-DEL05-PE;;;
693275;23/05/2025;sexta-feira;21:35:00;PE;424;95;GARANHUNS;Aus�ncia de rea��o do condutor;Colis�o com objeto;Com V�timas Feridas;Plena Noite;Crescente;Nublado;Simples;"Curva;Declive";N�o;1;0;1;0;0;0;1;1;-8,9250967;-36,4895117;SPRF-PE;DEL03-PE;UOP01-DEL03-PE;;;
693276;23/05/2025;sexta-feira;20:40:00;PE;232;101;BEZERROS;Acumulo de areia ou detritos sobre o pavimento;Sa�da de leito carro��vel;Com V�timas Feridas;Plena Noite;Decrescente;C�u Claro;Simples;"Em Obras;Reta;Declive";Sim;1;0;1;0;0;0;1;1;-8,243356;-35,752484;SPRF-PE;DEL02-PE;UOP02-DEL02PE;;;
693279;12/05/2025;segunda-feira;04:00:00;SC;101;206;SAO JOSE;Objeto est�tico sobre o leito carro��vel;Colis�o traseira;Com V�timas Feridas;Plena Noite;Decrescente;Nublado;M�ltipla;Reta;Sim;3;0;1;1;1;0;2;2;-27,58902634;-48,61722557;SPRF-SC;DEL01-SC;UOP01-DEL01-SC;;;
693280;23/05/2025;sexta-feira;14:00:00;RS;470;159;NOVA PRATA;Acessar a via sem observar a presen�a dos outros ve�culos;Colis�o transversal;Com V�timas Feridas;Pleno dia;Crescente;C�u Claro;Simples;"Retorno Regulamentado;Reta";Sim;3;0;1;0;2;0;1;2;-28,80205394;-51,60994403;SPRF-RS;DEL06-RS;UOP02-DEL06-RS;;;
693282;11/05/2025;domingo;21:01:00;PA;230;70;SAO JOAO DO ARAGUAIA;Transitar na contram�o;Colis�o lateral mesmo sentido;Com V�timas Feridas;Plena Noite;Crescente;C�u Claro;Dupla;Reta;N�o;2;0;1;0;0;1;1;2;-5,475;-48,79;SPRF-PA;DEL03-PA;UOP01-DEL03-PA;;;
693283;23/05/2025;sexta-feira;21:15:00;PR;476;118;COLOMBO;Pedestre cruzava a pista fora da faixa;Atropelamento de Pedestre;Com V�timas Feridas;Plena Noite;Decrescente;Nublado;M�ltipla;Reta;Sim;2;0;1;0;1;0;1;2;-25,36724096;-49,18792455;SPRF-PR;DEL01-PR;UOP01-DEL01-PR;;;
693286;23/05/2025;sexta-feira;21:40:00;GO;153;582,1;PIRACANJUBA;Aus�ncia de rea��o do condutor;Capotamento;Com V�timas Feridas;Plena Noite;Decrescente;C�u Claro;Dupla;Reta;N�o;1;0;1;0;0;0;1;1;-17,388578;-49,22951;SPRF-GO;DEL03-GO;UOP01-DEL03-GO;;;
693288;23/05/2025;sexta-feira;19:00:00;MS;487;0;ITAQUIRAI;Defici�ncia do Sistema de Ilumina��o/Sinaliza��o;Colis�o traseira;Com V�timas Feridas;Plena Noite;Decrescente;C�u Claro;Simples;Reta;N�o;5;0;2;0;3;0;2;2;-23,246752;-54,219516;SPRF-MS;DEL09-MS;UOP01-DEL09-MS;;;
693289;23/05/2025;sexta-feira;20:15:00;MG;50;182;UBERABA;Pedestre andava na pista;Atropelamento de Pedestre;Com V�timas Feridas;Pleno dia;Decrescente;C�u Claro;Dupla;Reta;Sim;3;0;1;0;2;0;1;2;-19,792769;-47,911781;SPRF-MG;DEL13-MG;UOP01-DEL13-MG;;;
693290;23/05/2025;sexta-feira;18:00:00;AC;364;273;SENA MADUREIRA;Aus�ncia de rea��o do condutor;Atropelamento de Pedestre;Com V�timas Feridas;Plena Noite;Crescente;C�u Claro;Simples;Reta;Sim;3;0;0;1;1;1;1;2;-9,08033455;-68,6672055;SPRF-AC;DEL01-AC;UOP01-DEL01-AC;;;
693292;23/05/2025;sexta-feira;16:31:00;MG;354;753,8;ITAMONTE;Acessar a via sem observar a presen�a dos outros ve�culos;Colis�o transversal;Com V�timas Feridas;Pleno dia;Decrescente;Sol;Simples;"Reta;Interse��o de Vias";Sim;3;0;1;0;1;1;1;3;-22,283007;-44,869769;SPRF-MG;DEL17-MG;UOP01-DEL17-MG;;;
693294;23/05/2025;sexta-feira;22:00:00;PR;153;73,2;CONSELHEIRO MAIRINCK;Aus�ncia de rea��o do condutor;Colis�o com objeto;Com V�timas Feridas;Plena Noite;Crescente;C�u Claro;Simples;Curva;N�o;1;0;1;0;0;0;1;1;-23,55158;-50,13162;SPRF-PR;DEL07-PR;UOP04-DEL07-PR;;;
693295;23/05/2025;sexta-feira;23:25:00;RJ;116;172;SAO JOAO DE MERITI;Aus�ncia de rea��o do condutor;Queda de ocupante de ve�culo;Com V�timas Feridas;Plena Noite;Crescente;Garoa/Chuvisco;Dupla;Reta;Sim;1;0;1;0;0;0;1;1;-22,80314325;-43,34809653;SPRF-RJ;DEL06-RJ;UOP01-DEL06-RJ;;;