id;data_inversa;dia_semana;horario;uf;br;km;municipio;causa_acidente;tipo_acidente;classificacao_acidente;fase_dia;sentido_via;condicao_metereologica;tipo_pista;tracado_via;uso_solo;pessoas;mortos;feridos_leves;feridos_graves;ilesos;ignorados;feridos;veiculos;latitude;longitude;regional;delegacia;uop;;;
693296;23/05/2025;sexta-feira;23:15:00;PR;369;175,5;ROLANDIA;Rea��o tardia ou ineficiente do condutor;Colis�o traseira;Com V�timas Feridas;Plena Noite;Crescente;C�u Claro;Simples;Interse��o de Vias;Sim;2;0;1;0;0;1;1;2;-23,32477046;-51,38596147;SPRF-PR;DEL07-PR;UOP01-DEL07-PR;;;
693297;23/05/2025;sexta-feira;22:20:00;RN;110;10;AREIA BRANCA;Ingest�o de �lcool pelo condutor;Colis�o lateral sentido oposto;Sem V�timas;Plena Noite;Crescente;C�u Claro;Simples;Interse��o de Vias;N�o;2;0;0;0;2;0;0;2;-4,97949862;-37,08464511;SPRF-RN;DEL04-RN;UOP01-DEL04-RN;;;
693298;23/05/2025;sexta-feira;23:10:00;GO;414;439;ANAPOLIS;Ingest�o de �lcool pelo condutor;Colis�o frontal;Com V�timas Feridas;Plena Noite;Crescente;C�u Claro;Simples;Reta;Sim;2;0;0;1;1;0;1;2;-16,28415083;-48,94318968;SPRF-GO;DEL02-GO;UOP01-DEL02-GO;;;
693299;23/05/2025;sexta-feira;23:00:00;RS;285;428,4;PANAMBI;Rea��o tardia ou ineficiente do condutor;Sa�da de leito carro��vel;Com V�timas Feridas;Plena Noite;Crescente;C�u Claro;Simples;Reta;N�o;4;0;1;2;1;0;3;1;-28,323035;-53,640891;SPRF-RS;DEL10-RS;UOP01-DEL10-RS;;;
693300;23/05/2025;sexta-feira;23:50:00;BA;116;15;VITORIA DA CONQUISTA;Rea��o tardia ou ineficiente do condutor;Colis�o transversal;Com V�timas Fatais;Plena Noite;Crescente;C�u Claro;Simples;Reta;N�o;2;1;1;0;0;0;1;2;-14,90066294;-40,86845398;SPRF-BA;DEL08-BA;UOP01-DEL08-BA;;;
693304;23/05/2025;sexta-feira;23:45:00;PE;428;15,6;CABROBO;Animais na Pista;Atropelamento de Animal;Sem V�timas;Plena Noite;Crescente;C�u Claro;Simples;"Reta;Ponte";N�o;4;0;0;0;4;0;0;1;-8,498695;-39,356992;SPRF-PE;DEL05-PE;UOP03-DEL05-PE;;;
693305;23/05/2025;sexta-feira;17:30:00;RJ;116;232,5;PIRAI;Pista Escorregadia;Colis�o com objeto;Com V�timas Feridas;Anoitecer;Decrescente;Chuva;Simples;"Curva;Declive";N�o;4;0;1;0;3;0;1;1;-22,67000637;-43,83792758;SPRF-RJ;DEL07-RJ;UOP01-DEL07-RJ;;;
693307;24/05/2025;s�bado;01:00:00;PR;369;200;APUCARANA;Acessar a via sem observar a presen�a dos outros ve�culos;Colis�o transversal;Com V�timas Feridas;Plena Noite;Crescente;C�u Claro;Dupla;Reta;Sim;2;0;0;1;1;0;1;2;-23,54687313;-51,45193952;SPRF-PR;DEL07-PR;UOP03-DEL07-PR;;;
693308;23/05/2025;sexta-feira;22:35:00;AC;364;124;RIO BRANCO;Manobra de mudan�a de faixa;Colis�o traseira;Com V�timas Feridas;Plena Noite;Decrescente;C�u Claro;Dupla;Reta;Sim;2;0;2;0;0;0;2;2;-9,95766811;-67,83433303;SPRF-AC;DEL01-AC;UOP01-DEL01-AC;;;
693311;24/05/2025;s�bado;00:20:00;RO;364;434;JARU;Rea��o tardia ou ineficiente do condutor;Colis�o lateral sentido oposto;Com V�timas Feridas;Plena Noite;Crescente;C�u Claro;Simples;Reta;N�o;4;0;1;0;3;0;1;2;-10,390713;-62,539235;SPRF-RO;DEL03-RO;UOP02-DEL03-RO;;;
693312;23/05/2025;sexta-feira;22:40:00;PE;316;30,2;ARARIPINA;Ingest�o de �lcool pelo condutor;Colis�o transversal;Com V�timas Feridas;Plena Noite;Crescente;C�u Claro;Simples;Reta;N�o;2;0;1;0;1;0;1;2;-7,62153;-40,471288;SPRF-PE;DEL05-PE;UOP02-DEL05-PE;;;
693313;24/05/2025;s�bado;00:55:00;RO;364;710;PORTO VELHO;Acessar a via sem observar a presen�a dos outros ve�culos;Colis�o lateral mesmo sentido;Com V�timas Feridas;Plena Noite;Decrescente;C�u Claro;Dupla;Interse��o de Vias;Sim;3;0;2;0;0;1;2;2;-8,7848416;-63,86031596;SPRF-RO;DEL01-RO;UOP01-DEL01-RO;;;
693314;24/05/2025;s�bado;01:30:00;MG;116;539,5;SANTA RITA DE MINAS;Aus�ncia de rea��o do condutor;Sa�da de leito carro��vel;Com V�timas Feridas;Plena Noite;Crescente;C�u Claro;Simples;Curva;N�o;1;0;1;0;0;0;1;1;-19,88285778;-42,13719964;SPRF-MG;DEL06-MG;UOP02-DEL06-MG;;;
693315;24/05/2025;s�bado;02:25:00;SP;116;196;ARUJA;Velocidade Incompat�vel;Sa�da de leito carro��vel;Sem V�timas;Plena Noite;Decrescente;Nublado;Dupla;Reta;Sim;1;0;0;0;0;1;0;1;-23,39777553;-46,29400673;SPRF-SP;DEL01-SP;UOP01-DEL01-SP;;;
693316;23/05/2025;sexta-feira;23:40:00;BA;101;273,5;SAO MIGUEL DAS MATAS;Aus�ncia de rea��o do condutor;Sa�da de leito carro��vel;Com V�timas Fatais;Plena Noite;Crescente;Nevoeiro/Neblina;Simples;"Reta;Declive";N�o;2;1;1;0;0;0;1;1;-13,06559962;-39,27798986;SPRF-BA;DEL01-BA;UOP02-DEL01-BA;;;
693318;24/05/2025;s�bado;02:50:00;SC;101;123;ITAJAI;Aus�ncia de rea��o do condutor;Tombamento;Com V�timas Feridas;Plena Noite;Decrescente;Nublado;Simples;"Em Obras;Retorno Regulamentado;Curva";Sim;4;0;3;0;1;0;3;1;-26,93838189;-48,69632006;SPRF-SC;DEL04-SC;UOP04-DEL04-SC;;;
693319;24/05/2025;s�bado;03:00:00;PR;277;667,9;MEDIANEIRA;Condutor Dormindo;Sa�da de leito carro��vel;Sem V�timas;Plena Noite;Crescente;C�u Claro;Dupla;Reta;Sim;1;0;0;0;1;0;0;1;-25,2686911;-54,05903991;SPRF-PR;DEL05-PR;UOP02-DEL05-PR;;;
693321;24/05/2025;s�bado;02:50:00;PA;316;79;SAO FRANCISCO DO PARA;Transitar na contram�o;Colis�o lateral sentido oposto;Com V�timas Feridas;Plena Noite;Decrescente;C�u Claro;Simples;Reta;N�o;2;0;0;1;1;0;1;2;-1,1707702;-47,7990378;SPRF-PA;DEL01-PA;UOP02-DEL01-PA;;;
693322;24/05/2025;s�bado;00:40:00;BA;116;658;JEQUIE;Transitar na contram�o;Colis�o lateral sentido oposto;Com V�timas Feridas;Plena Noite;Decrescente;C�u Claro;Simples;Reta;N�o;4;0;3;0;1;0;3;1;-13,67751722;-40,09639263;SPRF-BA;DEL03-BA;UOP01-DEL03-BA;;;
693323;24/05/2025;s�bado;03:45:00;PR;277;164,3;PORTO AMAZONAS;Aus�ncia de rea��o do condutor;Colis�o com objeto;Com V�timas Fatais;Plena Noite;Crescente;Nublado;Simples;Reta;N�o;1;1;0;0;0;0;0;1;-25,474;-49,893;SPRF-PR;DEL03-PR;UOP03-DEL03-PR;;;
693324;24/05/2025;s�bado;03:01:00;PE;101;72;RECIFE;Ingest�o de �lcool pelo condutor;Colis�o traseira;Sem V�timas;Plena Noite;Decrescente;Garoa/Chuvisco;Dupla;Reta;Sim;2;0;0;0;2;0;0;2;-8,085661;-34,945691;SPRF-PE;DEL01-PE;UOP01-DEL01-PE;;;
693328;24/05/2025;s�bado;04:20:00;SP;153;61,8;SAO JOSE DO RIO PRETO;Rea��o tardia ou ineficiente do condutor;Tombamento;Com V�timas Feridas;Plena Noite;Decrescente;C�u Claro;Simples;"Curva;Declive";Sim;1;0;0;1;0;0;1;1;-20,81160551;-49,35647553;SPRF-SP;DEL09-SP;UOP01-DEL09-SP;;;
693329;24/05/2025;s�bado;04:48:00;PR;163;195;SANTA TEREZA DO OESTE;Pedestre andava na pista;Atropelamento de Pedestre;Com V�timas Fatais;Plena Noite;Crescente;C�u Claro;Dupla;Reta;N�o;3;1;0;0;1;1;0;2;-25,0564979;-53,56074784;SPRF-PR;DEL05-PR;UOP05-DEL05-PR;;;
693330;23/05/2025;sexta-feira;20:30:00;MT;364;362;SANTO ANTONIO DO LEVERGER;Rea��o tardia ou ineficiente do condutor;Capotamento;Com V�timas Feridas;Plena Noite;Decrescente;C�u Claro;Dupla;Reta;N�o;1;0;1;0;0;0;1;1;-15,7495088;-55,6594549;SPRF-MT;DEL01-MT;UOP02-DEL01-MT;;;
693331;24/05/2025;s�bado;05:00:00;SP;381;86;GUARULHOS;Ingest�o de �lcool pelo condutor;Colis�o com objeto;Com V�timas Feridas;Plena Noite;Crescente;Nublado;Dupla;Curva;Sim;1;0;0;1;0;0;1;1;-23,47638863;-46,5606561;SPRF-SP;DEL03-SP;UOP01-DEL03-SP;;;
693332;24/05/2025;s�bado;05:00:00;RN;101;128,5;NISIA FLORESTA;Aus�ncia de rea��o do condutor;Colis�o traseira;Com V�timas Fatais;Amanhecer;Decrescente;C�u Claro;Dupla;Reta;N�o;7;1;3;2;1;0;5;2;-6,107511;-35,233923;SPRF-RN;DEL01-RN;UOP01-DEL01-RN;;;
693334;24/05/2025;s�bado;05:53:00;ES;101;143,9;LINHARES;Ingest�o de �lcool pelo condutor;Colis�o com objeto;Com V�timas Fatais;Amanhecer;Decrescente;C�u Claro;Simples;Interse��o de Vias;Sim;1;1;0;0;0;0;0;1;-19,3512073;-40,0631498;SPRF-ES;DEL04-ES;UOP01-DEL04-ES;;;
693335;24/05/2025;s�bado;06:23:00;PB;230;52;CRUZ DO ESPIRITO SANTO;Aus�ncia de rea��o do condutor;Sa�da de leito carro��vel;Sem V�timas;Amanhecer;Decrescente;C�u Claro;Dupla;Curva;N�o;1;0;0;0;0;1;0;1;-7,198;-35,07;SPRF-PB;DEL01-PB;UOP02-DEL01-PB;;;
693336;24/05/2025;s�bado;04:35:00;BA;101;808;ITAMARAJU;Velocidade Incompat�vel;Atropelamento de Pedestre;Com V�timas Fatais;Plena Noite;Decrescente;Nublado;Simples;Reta;Sim;5;1;0;0;0;4;0;2;-17,024785;-39,54044;SPRF-BA;DEL09-BA;UOP01-DEL09-BA;;;
693338;24/05/2025;s�bado;05:45:00;SC;101;205;SAO JOSE;Velocidade Incompat�vel;Sa�da de leito carro��vel;Sem V�timas;Amanhecer;Decrescente;Nublado;M�ltipla;Curva;Sim;1;0;0;0;0;1;0;1;-27,58357951;-48,61542882;SPRF-SC;DEL01-SC;UOP01-DEL01-SC;;;
693339;24/05/2025;s�bado;06:30:00;MG;381;499;BETIM;Manobra de mudan�a de faixa;Colis�o lateral mesmo sentido;Com V�timas Feridas;Pleno dia;Decrescente;C�u Claro;M�ltipla;Reta;Sim;2;0;1;0;1;0;1;2;-19,998982;-44,210335;SPRF-MG;DEL01-MG;UOP03-DEL01-MG;;;
693340;24/05/2025;s�bado;06:10:00;SP;116;107;TAUBATE;Rea��o tardia ou ineficiente do condutor;Queda de ocupante de ve�culo;Com V�timas Feridas;Amanhecer;Decrescente;C�u Claro;Dupla;Reta;Sim;3;0;0;1;1;1;1;3;-23,01893254;-45,53133337;SPRF-SP;DEL02-SP;UOP02-DEL02-SP;;;
693341;24/05/2025;s�bado;05:50:00;ES;101;211,6;IBIRACU;Transitar na contram�o;Colis�o frontal;Com V�timas Feridas;Amanhecer;Crescente;C�u Claro;Simples;Curva;N�o;5;0;3;0;2;0;3;2;-19,81260183;-40,36550455;SPRF-ES;DEL02-ES;UOP01-DEL02-ES;;;
693342;24/05/2025;s�bado;04:30:00;PR;277;4;CURITIBA;Velocidade Incompat�vel;Colis�o lateral mesmo sentido;Sem V�timas;Plena Noite;Decrescente;Nublado;Dupla;Reta;Sim;2;0;0;0;1;1;0;2;-25,43065454;-49,32797877;SPRF-PR;DEL01-PR;UOP06-DEL01-PR;;;
693343;24/05/2025;s�bado;06:50:00;BA;324;618,5;SALVADOR;Avarias e/ou desgaste excessivo no pneu;Queda de ocupante de ve�culo;Com V�timas Feridas;Pleno dia;Crescente;Chuva;M�ltipla;Reta;N�o;1;0;1;0;0;0;1;1;-12,9031843;-38,4530706;SPRF-BA;DEL01-BA;UOP01-DEL01-BA;;;
693344;24/05/2025;s�bado;07:20:00;ES;101;272;SERRA;Acumulo de �gua sobre o pavimento;Queda de ocupante de ve�culo;Com V�timas Feridas;Pleno dia;Crescente;Chuva;Dupla;Reta;N�o;1;0;1;0;0;0;1;1;-20,22724888;-40,28426988;SPRF-ES;DEL02-ES;UOP01-DEL02-ES;;;
693348;24/05/2025;s�bado;05:30:00;MG;365;606,8;UBERLANDIA;Velocidade Incompat�vel;Sa�da de leito carro��vel;Sem V�timas;Amanhecer;Crescente;C�u Claro;Simples;"Reta;Aclive";N�o;1;0;0;0;0;1;0;1;-18,90746389;-48,16725969;SPRF-MG;DEL15-MG;UOP01-DEL15-MG;;;
693349;24/05/2025;s�bado;05:00:00;RS;470;152;NOVA PRATA;Ingest�o de �lcool pelo condutor;Capotamento;Com V�timas Feridas;Plena Noite;Crescente;C�u Claro;Simples;Reta;Sim;1;0;1;0;0;0;1;1;-28,75626003;-51,628232;SPRF-RS;DEL06-RS;UOP02-DEL06-RS;;;
693350;24/05/2025;s�bado;05:00:00;GO;158;198;CAIAPONIA;Ingest�o de �lcool pelo condutor;Sa�da de leito carro��vel;Com V�timas Fatais;Amanhecer;Crescente;C�u Claro;Simples;Curva;N�o;7;1;5;1;0;0;6;1;-17,303593;-51,89009;SPRF-GO;DEL05-GO;UOP01-DEL05-GO;;;
693351;24/05/2025;s�bado;06:30:00;PR;376;667,9;GUARATUBA;Aus�ncia de rea��o do condutor;Sa�da de leito carro��vel;Com V�timas Feridas;Pleno dia;Decrescente;Chuva;Dupla;Reta;N�o;1;0;1;0;0;0;1;1;-25,86143684;-48,94536719;SPRF-PR;DEL01-PR;UOP04-DEL01-PR;;;
693353;24/05/2025;s�bado;05:00:00;MS;262;244;RIBAS DO RIO PARDO;Rea��o tardia ou ineficiente do condutor;Sa�da de leito carro��vel;Com V�timas Feridas;Amanhecer;Decrescente;Nevoeiro/Neblina;Simples;Curva;N�o;3;0;2;1;0;0;3;1;-20,448595;-53,81452;SPRF-MS;DEL01-MS;UOP05-DEL01-MS;;;
693354;24/05/2025;s�bado;05:30:00;RJ;101;481;ANGRA DOS REIS;Ingest�o de �lcool pelo condutor;Colis�o com objeto;Com V�timas Feridas;Amanhecer;Decrescente;Chuva;Simples;Curva;Sim;2;0;1;0;1;0;1;1;-22,99316288;-44,231987;SPRF-RJ;DEL03-RJ;UOP03-DEL03-RJ;;;
693356;24/05/2025;s�bado;07:15:00;SC;101;59,2;ARAQUARI;Demais falhas mec�nicas ou el�tricas;Inc�ndio;Sem V�timas;Pleno dia;Crescente;Chuva;Dupla;Reta;Sim;1;0;0;0;1;0;0;1;-26,44786573;-48,7905511;SPRF-SC;DEL03-SC;UOP02-DEL03-SC;;;
693358;24/05/2025;s�bado;07:30:00;PI;343;341,4;TERESINA;Desrespeitar a prefer�ncia no cruzamento;Colis�o transversal;Sem V�timas;Pleno dia;Decrescente;C�u Claro;Dupla;"Rotat�ria;Interse��o de Vias;Viaduto";Sim;2;0;0;0;1;1;0;2;-5,07784;-42,75006;SPRF-PI;DEL01-PI;UOP01-DEL01-PI;;;
693359;24/05/2025;s�bado;08:00:00;PB;230;76;RIACHAO DO POCO;Acumulo de areia ou detritos sobre o pavimento;Tombamento;Com V�timas Feridas;Pleno dia;Decrescente;C�u Claro;Dupla;Retorno Regulamentado;N�o;1;0;1;0;0;0;1;1;-7,1878656;-35,2828873;SPRF-PB;DEL01-PB;UOP02-DEL01-PB;;;
693360;21/04/2025;segunda-feira;14:20:00;SC;282;538;CHAPECO;Aus�ncia de rea��o do condutor;Queda de ocupante de ve�culo;Com V�timas Feridas;Pleno dia;Crescente;C�u Claro;Simples;Curva;N�o;1;0;0;1;0;0;1;1;-26,991444;-52,687014;SPRF-SC;DEL07-SC;UOP01-DEL07-SC;;;
693362;24/05/2025;s�bado;08:50:00;MG;262;834;UBERABA;Acessar a via sem observar a presen�a dos outros ve�culos;Colis�o transversal;Com V�timas Feridas;Pleno dia;Decrescente;C�u Claro;Simples;Reta;N�o;3;0;2;0;1;0;2;2;-19,743;-48,196;SPRF-MG;DEL13-MG;UOP01-DEL13-MG;;;
693363;24/05/2025;s�bado;08:35:00;CE;116;3;FORTALEZA;Condutor deixou de manter dist�ncia do ve�culo da frente;Colis�o traseira;Com V�timas Feridas;Pleno dia;Decrescente;C�u Claro;M�ltipla;Reta;Sim;5;0;2;0;3;0;2;3;-3,7806703;-38,5137012;SPRF-CE;DEL01-CE;UOP02-DEL01-CE;;;
693364;24/05/2025;s�bado;07:35:00;RJ;40;62;PETROPOLIS;Aus�ncia de rea��o do condutor;Sa�da de leito carro��vel;Sem V�timas;Pleno dia;Crescente;Nublado;M�ltipla;Rotat�ria;N�o;2;0;0;0;1;1;0;1;-22,40987425;-43,14930663;SPRF-RJ;DEL05-RJ;UOP02-DEL05-RJ;;;
693365;24/05/2025;s�bado;07:15:00;MG;40;657,9;CARANDAI;Rea��o tardia ou ineficiente do condutor;Sa�da de leito carro��vel;Com V�timas Fatais;Pleno dia;Crescente;C�u Claro;Simples;Reta;N�o;5;2;0;2;1;0;2;2;-20,887515;-43,81271;SPRF-MG;DEL05-MG;UOP02-DEL05-MG;;;
693367;24/05/2025;s�bado;08:12:00;MS;158;114;APARECIDA DO TABOADO;Avarias e/ou desgaste excessivo no pneu;Tombamento;Com V�timas Feridas;Pleno dia;Crescente;C�u Claro;Dupla;Reta;N�o;2;0;2;0;0;0;2;1;-19,827389;-51,113296;SPRF-MS;DEL08-MS;UOP01-DEL08-MS;;;
693368;24/05/2025;s�bado;07:36:00;MT;364;445;VARZEA GRANDE;Mal s�bito do condutor;Sa�da de leito carro��vel;Com V�timas Feridas;Pleno dia;Decrescente;C�u Claro;Simples;Curva;N�o;2;0;1;0;1;0;1;1;-15,574729;-56,242572;SPRF-MT;DEL01-MT;UOP02-DEL01-MT;;;
693369;24/05/2025;s�bado;09:00:00;GO;60;366;RIO VERDE;Rea��o tardia ou ineficiente do condutor;Sa�da de leito carro��vel;Com V�timas Feridas;Pleno dia;Crescente;C�u Claro;Dupla;Reta;N�o;3;0;2;1;0;0;3;1;-17,677562;-50,829735;SPRF-GO;DEL04-GO;UOP02-DEL04-GO;;;
693370;24/05/2025;s�bado;08:00:00;RS;116;118;BARRA DO RIBEIRO;Condutor Dormindo;Sa�da de leito carro��vel;Com V�timas Feridas;Pleno dia;Decrescente;Nublado;Dupla;Reta;N�o;1;0;0;1;0;0;1;1;-30,274085;-51,409394;SPRF-RS;DEL05-RS;UOP01-DEL05-RS;;;
693372;24/05/2025;s�bado;08:10:00;PR;277;26,4;MORRETES;Velocidade Incompat�vel;Sa�da de leito carro��vel;Sem V�timas;Pleno dia;Decrescente;Chuva;Dupla;Reta;N�o;1;0;0;0;1;0;0;1;-25,53724744;-48,76703231;SPRF-PR;DEL01-PR;UOP05-DEL01-PR;;;
693373;24/05/2025;s�bado;09:20:00;PR;116;134;FAZENDA RIO GRANDE;Manobra de mudan�a de faixa;Sa�da de leito carro��vel;Com V�timas Feridas;Pleno dia;Crescente;Garoa/Chuvisco;Dupla;Reta;N�o;3;0;1;0;1;1;1;2;-25,7111635;-49,3196603;SPRF-PR;DEL01-PR;UOP03-DEL01-PR;;;
693374;24/05/2025;s�bado;09:00:00;BA;324;622;SALVADOR;Velocidade Incompat�vel;Colis�o traseira;Com V�timas Feridas;Pleno dia;Crescente;Chuva;Dupla;Reta;N�o;3;0;1;0;0;2;1;2;-12,9311919;-38,4713261;SPRF-BA;DEL01-BA;UOP01-DEL01-BA;;;
693375;24/05/2025;s�bado;08:45:00;MG;116;457,2;ENGENHEIRO CALDAS;Aus�ncia de rea��o do condutor;Sa�da de leito carro��vel;Com V�timas Feridas;Pleno dia;Crescente;Sol;Simples;"Reta;Aclive";N�o;1;0;0;1;0;0;1;1;-19,212507;-42,054687;SPRF-MG;DEL06-MG;UOP02-DEL06-MG;;;
693376;24/05/2025;s�bado;08:24:00;MT;364;534;ROSARIO OESTE;Curva acentuada;Sa�da de leito carro��vel;Com V�timas Feridas;Pleno dia;Crescente;C�u Claro;Simples;Curva;N�o;1;0;0;1;0;0;1;1;-14,909488;-56,469638;SPRF-MT;DEL01-MT;UOP01-DEL01-MT;;;
693378;24/05/2025;s�bado;09:30:00;RJ;393;182,2;PARAIBA DO SUL;Acesso irregular;Colis�o frontal;Sem V�timas;Pleno dia;Decrescente;Nublado;Simples;Curva;Sim;2;0;0;0;2;0;0;2;-22,14320584;-43,28474569;SPRF-RJ;DEL05-RJ;UOP03-DEL05-RJ;;;
693379;24/05/2025;s�bado;10:00:00;GO;60;115;TEREZOPOLIS DE GOIAS;Rea��o tardia ou ineficiente do condutor;Colis�o traseira;Com V�timas Feridas;Pleno dia;Crescente;Sol;Dupla;Aclive;N�o;3;0;1;0;2;0;1;2;-16,471198;-49,074582;SPRF-GO;DEL01-GO;UOP01-DEL01-GO;;;
693381;24/05/2025;s�bado;10:45:00;PR;277;83;CURITIBA;Mal s�bito do condutor;Queda de ocupante de ve�culo;Com V�timas Feridas;Pleno dia;Crescente;C�u Claro;Dupla;Interse��o de Vias;N�o;1;0;1;0;0;0;1;1;-25,44982037;-49,22847955;SPRF-PR;DEL01-PR;UOP03-DEL01-PR;;;
693382;24/05/2025;s�bado;10:15:00;SC;101;31,4;JOINVILLE;Rea��o tardia ou ineficiente do condutor;Colis�o traseira;Com V�timas Feridas;Pleno dia;Crescente;Chuva;Dupla;Reta;N�o;3;0;1;0;2;0;1;2;-26,24107692;-48,91267776;SPRF-SC;DEL03-SC;UOP01-DEL03-SC;;;
693383;24/05/2025;s�bado;10:20:00;MG;116;412,2;GOVERNADOR VALADARES;Retorno proibido;Colis�o transversal;Com V�timas Feridas;Pleno dia;Decrescente;C�u Claro;Simples;Reta;Sim;4;0;1;1;1;1;2;3;-18,875336;-41,964995;SPRF-MG;DEL06-MG;UOP01-DEL06-MG;;;
693385;24/05/2025;s�bado;07:00:00;DF;70;13;BRASILIA;Condutor deixou de manter dist�ncia do ve�culo da frente;Colis�o traseira;Com V�timas Feridas;Pleno dia;Decrescente;C�u Claro;Dupla;Rotat�ria;N�o;2;0;1;0;0;1;1;2;-15,796366;-48,171909;SPRF-DF;DEL03-DF;UOP02-DEL03-DF;;;
693386;24/05/2025;s�bado;11:00:00;SC;282;17;PALHOCA;Acessar a via sem observar a presen�a dos outros ve�culos;Colis�o transversal;Com V�timas Feridas;Pleno dia;Crescente;Nublado;Simples;Reta;Sim;2;0;1;0;1;0;1;2;-27,667381;-48,68952;SPRF-SC;DEL01-SC;UOP02-DEL01-SC;;;
693390;24/05/2025;s�bado;10:40:00;DF;70;3,4;BRASILIA;Manobra de mudan�a de faixa;Colis�o traseira;Com V�timas Feridas;Pleno dia;Crescente;Sol;Dupla;Reta;Sim;4;0;1;0;3;0;1;2;-15,801303;-48,08505;SPRF-DF;DEL03-DF;UOP02-DEL03-DF;;;
693391;24/05/2025;s�bado;11:02:00;CE;116;9;FORTALEZA;Demais falhas mec�nicas ou el�tricas;Queda de ocupante de ve�culo;Com V�timas Feridas;Pleno dia;Crescente;C�u Claro;M�ltipla;Reta;N�o;2;0;1;1;0;0;2;1;-3,82051313;-38,50291125;SPRF-CE;DEL01-CE;UOP02-DEL01-CE;;;
693392;24/05/2025;s�bado;10:00:00;PA;316;47;SANTA IZABEL DO PARA;Avarias e/ou desgaste excessivo no pneu;Tombamento;Com V�timas Feridas;Pleno dia;Decrescente;C�u Claro;Dupla;Reta;N�o;2;0;1;1;0;0;2;1;-1,29785;-48,04936;SPRF-PA;DEL01-PA;UOP01-DEL01-PA;;;
693394;24/05/2025;s�bado;09:00:00;ES;393;8;CACHOEIRO DE ITAPEMIRIM;Velocidade Incompat�vel;Queda de ocupante de ve�culo;Com V�timas Feridas;Pleno dia;Crescente;Nublado;Simples;Reta;N�o;1;0;0;1;0;0;1;1;-20,82809834;-41,20438814;SPRF-ES;DEL03-ES;UOP02-DEL03-ES;;;
693395;24/05/2025;s�bado;11:45:00;PR;116;15;CAMPINA GRANDE DO SUL;Avarias e/ou desgaste excessivo no pneu;Sa�da de leito carro��vel;Com V�timas Feridas;Pleno dia;Crescente;Chuva;Dupla;Curva;N�o;3;0;1;0;2;0;1;1;-25,098152;-48,680421;SPRF-PR;DEL01-PR;UOP02-DEL01-PR;;;
693396;24/05/2025;s�bado;09:50:00;RS;470;238;CARLOS BARBOSA;Velocidade Incompat�vel;Queda de ocupante de ve�culo;Com V�timas Feridas;Pleno dia;Decrescente;Nublado;Simples;"Aclive;Curva";N�o;1;0;1;0;0;0;1;1;-29,330676;-51,498622;SPRF-RS;DEL06-RS;UOP01-DEL06-RS;;;
693400;17/05/2025;s�bado;18:15:00;MG;116;414,8;GOVERNADOR VALADARES;Acessar a via sem observar a presen�a dos outros ve�culos;Colis�o transversal;Com V�timas Feridas;Plena Noite;Decrescente;C�u Claro;Simples;"Retorno Regulamentado;Curva";Sim;2;0;0;1;1;0;1;2;-18,887838;-41,945939;SPRF-MG;DEL06-MG;UOP01-DEL06-MG;;;
693401;24/05/2025;s�bado;12:00:00;PE;104;72;CARUARU;Ultrapassagem Indevida;Colis�o frontal;Com V�timas Fatais;Pleno dia;Decrescente;C�u Claro;Simples;Curva;N�o;3;1;0;1;1;0;1;2;-8,33572;-35,98023;SPRF-PE;DEL02-PE;UOP01-DEL02-PE;;;
693402;24/05/2025;s�bado;11:15:00;PR;376;653;TIJUCAS DO SUL;Rea��o tardia ou ineficiente do condutor;Sa�da de leito carro��vel;Com V�timas Feridas;Pleno dia;Decrescente;Garoa/Chuvisco;Dupla;"Curva;Aclive";N�o;1;0;1;0;0;0;1;1;-25,84099438;-49,04502869;SPRF-PR;DEL01-PR;UOP04-DEL01-PR;;;
693405;24/05/2025;s�bado;11:00:00;ES;101;352,5;ANCHIETA;Chuva;Tombamento;Com V�timas Fatais;Pleno dia;Decrescente;Chuva;Dupla;Reta;N�o;2;1;0;0;1;0;0;2;-20,674307;-40,664595;SPRF-ES;DEL03-ES;UOP01-DEL03-ES;;;
693406;24/05/2025;s�bado;13:00:00;PR;376;602;CURITIBA;Pedestre andava na pista;Atropelamento de Pedestre;Com V�timas Feridas;Pleno dia;Crescente;Nublado;Dupla;Reta;N�o;2;0;1;0;1;0;1;2;-25,51375451;-49,33770832;SPRF-PR;DEL01-PR;UOP06-DEL01-PR;;;
693407;24/05/2025;s�bado;10:00:00;PR;116;27,5;CAMPINA GRANDE DO SUL;Chuva;Sa�da de leito carro��vel;Com V�timas Feridas;Pleno dia;Decrescente;Chuva;Dupla;Curva;N�o;1;0;0;1;0;0;1;1;-25,11261;-48,804159;SPRF-PR;DEL01-PR;UOP02-DEL01-PR;;;
693408;24/05/2025;s�bado;12:40:00;SP;116;44,6;CANAS;Transitar no Acostamento;Colis�o frontal;Com V�timas Feridas;Pleno dia;Crescente;C�u Claro;Dupla;Reta;N�o;2;0;1;1;0;0;2;2;-22,7051358;-45,0411881;SPRF-SP;DEL08-SP;UOP02-DEL08-SP;;;
693410;24/05/2025;s�bado;11:30:00;AL;104;2,5;SAO JOSE DA LAJE;Aus�ncia de rea��o do condutor;Sa�da de leito carro��vel;Com V�timas Feridas;Pleno dia;Decrescente;Garoa/Chuvisco;Simples;Curva;N�o;1;0;0;1;0;0;1;1;-8,92103573;-36,01508426;SPRF-AL;DEL01-AL;UOP02-DEL01-AL;;;
693412;24/05/2025;s�bado;13:20:00;PR;116;125,8;FAZENDA RIO GRANDE;Acessar a via sem observar a presen�a dos outros ve�culos;Colis�o traseira;Com V�timas Feridas;Pleno dia;Crescente;Nublado;Dupla;Reta;Sim;2;0;1;0;0;1;1;2;-25,6357892;-49,3132934;SPRF-PR;DEL01-PR;UOP03-DEL01-PR;;;