id;data_inversa;dia_semana;horario;uf;br;km;municipio;causa_acidente;tipo_acidente;classificacao_acidente;fase_dia;sentido_via;condicao_metereologica;tipo_pista;tracado_via;uso_solo;pessoas;mortos;feridos_leves;feridos_graves;ilesos;ignorados;feridos;veiculos;latitude;longitude;regional;delegacia;uop;;;
693413;24/05/2025;s�bado;12:15:00;MS;163;680,8;RIO VERDE DE MATO GROSSO;Acessar a via sem observar a presen�a dos outros ve�culos;Colis�o transversal;Com V�timas Feridas;Pleno dia;Crescente;C�u Claro;Simples;"Reta;Retorno Regulamentado";Sim;5;0;2;0;3;0;2;2;-18,913296;-54,839236;SPRF-MS;DEL06-MS;UOP02-DEL06-MS;;;
693414;24/05/2025;s�bado;13:30:00;RJ;101;514;ANGRA DOS REIS;Rea��o tardia ou ineficiente do condutor;Colis�o com objeto;Com V�timas Feridas;Pleno dia;Decrescente;Nublado;Simples;Curva;N�o;2;0;2;0;0;0;2;1;-22,980999;-44,436271;SPRF-RJ;DEL03-RJ;UOP03-DEL03-RJ;;;
693415;24/05/2025;s�bado;09:40:00;PR;277;600,4;CASCAVEL;Rea��o tardia ou ineficiente do condutor;Sa�da de leito carro��vel;Sem V�timas;Pleno dia;Decrescente;C�u Claro;Dupla;Reta;N�o;1;0;0;0;1;0;0;1;-25,0148004;-53,5412243;SPRF-PR;DEL04-PR;UOP01-DEL04-PR;;;
693416;24/05/2025;s�bado;14:00:00;MG;262;577;CORREGO DANTA;Acessar a via sem observar a presen�a dos outros ve�culos;Colis�o transversal;Com V�timas Feridas;Pleno dia;Decrescente;C�u Claro;Simples;Reta;N�o;5;0;1;0;4;0;1;2;-19,667191;-46,056411;SPRF-MG;DEL08-MG;UOP02-DEL08-MG;;;
693418;23/03/2025;domingo;11:57:00;MA;135;20;SAO LUIS;Convers�o proibida;Colis�o transversal;Com V�timas Feridas;Pleno dia;Decrescente;C�u Claro;Simples;"Declive;Interse��o de Vias;Reta";Sim;3;0;0;2;1;0;2;2;-2,565135;-44,33609;SPRF-MA;DEL01-MA;UOP01-DEL01-MA;;;
693419;24/05/2025;s�bado;12:37:00;SC;282;30,4;SANTO AMARO DA IMPERATRIZ;Rea��o tardia ou ineficiente do condutor;Sa�da de leito carro��vel;Com V�timas Feridas;Pleno dia;Decrescente;Chuva;Simples;Reta;Sim;1;0;1;0;0;0;1;1;-27,69023;-48,79306;SPRF-SC;DEL01-SC;UOP03-DEL01-SC;;;
693423;24/05/2025;s�bado;13:40:00;RS;285;443,7;BOZANO;Condutor Dormindo;Sa�da de leito carro��vel;Com V�timas Feridas;Pleno dia;Crescente;Chuva;Simples;Reta;Sim;3;0;1;0;2;0;1;1;-28,36445;-53,77268;SPRF-RS;DEL10-RS;UOP01-DEL10-RS;;;
693424;24/05/2025;s�bado;13:00:00;PI;343;180;PIRIPIRI;Rea��o tardia ou ineficiente do condutor;Sa�da de leito carro��vel;Com V�timas Feridas;Pleno dia;Crescente;C�u Claro;Simples;Curva;N�o;1;0;1;0;0;0;1;1;-4,244411;-41,772082;SPRF-PI;DEL02-PI;UOP01-DEL02-PI;;;
693425;24/05/2025;s�bado;14:30:00;PE;232;128,4;CARUARU;Pedestre - Ingest�o de �lcool/ subst�ncias psicoativas;Atropelamento de Pedestre;Com V�timas Feridas;Pleno dia;Crescente;Nublado;Dupla;Reta;Sim;2;0;0;1;1;0;1;2;-8,30376;-35,97349;SPRF-PE;DEL02-PE;UOP01-DEL02-PE;;;
693426;24/05/2025;s�bado;14:10:00;SC;101;57,9;ARAQUARI;Velocidade Incompat�vel;Sa�da de leito carro��vel;Com V�timas Feridas;Pleno dia;Crescente;Chuva;Dupla;Curva;N�o;3;0;0;2;1;0;2;1;-26,43816871;-48,80381797;SPRF-SC;DEL03-SC;UOP01-DEL03-SC;;;
693427;24/05/2025;s�bado;15:15:00;PR;376;658;TIJUCAS DO SUL;Avarias e/ou desgaste excessivo no pneu;Sa�da de leito carro��vel;Sem V�timas;Pleno dia;Decrescente;Chuva;Dupla;Curva;N�o;1;0;0;0;1;0;0;1;-25,84218885;-49,03379409;SPRF-PR;DEL01-PR;UOP04-DEL01-PR;;;
693428;24/05/2025;s�bado;13:15:00;PA;316;31;SANTA IZABEL DO PARA;Acessar a via sem observar a presen�a dos outros ve�culos;Colis�o transversal;Com V�timas Feridas;Pleno dia;Crescente;Sol;Dupla;Curva;Sim;2;0;0;1;1;0;1;2;-1,2984;-48,189612;SPRF-PA;DEL01-PA;UOP01-DEL01-PA;;;
693429;24/05/2025;s�bado;15:15:00;RJ;101;478;ANGRA DOS REIS;Desrespeitar a prefer�ncia no cruzamento;Colis�o transversal;Com V�timas Feridas;Pleno dia;Crescente;Garoa/Chuvisco;Simples;Reta;N�o;4;0;1;0;2;1;1;3;-23,010909;-44,278752;SPRF-RJ;DEL03-RJ;UOP03-DEL03-RJ;;;
693430;24/05/2025;s�bado;13:30:00;RJ;101;394;RIO DE JANEIRO;Entrada inopinada do pedestre;Atropelamento de Pedestre;Com V�timas Feridas;Pleno dia;Crescente;Nublado;Dupla;Reta;N�o;2;0;1;0;1;0;1;2;-22,884857;-43,715548;SPRF-RJ;DEL03-RJ;UOP01-DEL03-RJ;;;
693431;24/05/2025;s�bado;15:40:00;RJ;393;181,3;PARAIBA DO SUL;Aus�ncia de rea��o do condutor;Colis�o com objeto;Sem V�timas;Pleno dia;Decrescente;Chuva;Simples;Curva;Sim;1;0;0;0;1;0;0;1;-22,14200193;-43,28020899;SPRF-RJ;DEL05-RJ;UOP03-DEL05-RJ;;;
693432;24/05/2025;s�bado;15:00:00;RS;101;13,9;DOM PEDRO DE ALCANTARA;Condutor Dormindo;Sa�da de leito carro��vel;Com V�timas Feridas;Pleno dia;Crescente;Nublado;Dupla;Curva;N�o;1;0;1;0;0;0;1;1;-29,39942543;-49,85288965;SPRF-RS;DEL03-RS;UOP02-DEL03-RS;;;
693433;24/05/2025;s�bado;14:49:00;CE;304;99;ARACATI;Ingest�o de �lcool pelo condutor;Tombamento;Com V�timas Feridas;Pleno dia;Crescente;C�u Claro;Simples;Reta;Sim;1;0;0;1;0;0;1;1;-4,8649222;-37,4569062;SPRF-CE;DEL03-CE;UOP02-DEL03-CE;;;
693434;24/05/2025;s�bado;15:50:00;SC;101;186;BIGUACU;Acumulo de �leo sobre o pavimento;Queda de ocupante de ve�culo;Com V�timas Feridas;Pleno dia;Crescente;Garoa/Chuvisco;Dupla;Curva;Sim;5;0;1;0;4;0;1;2;-27,43483104;-48,62604316;SPRF-SC;DEL01-SC;UOP01-DEL01-SC;;;
693435;24/05/2025;s�bado;14:50:00;RS;470;211;BENTO GONCALVES;Aus�ncia de rea��o do condutor;Sa�da de leito carro��vel;Com V�timas Feridas;Pleno dia;Decrescente;Chuva;Simples;"Curva;Declive";N�o;2;0;1;0;1;0;1;1;-29,13198099;-51,54497473;SPRF-RS;DEL06-RS;UOP01-DEL06-RS;;;
693436;24/05/2025;s�bado;16:05:00;RS;290;690;URUGUAIANA;Velocidade Incompat�vel;Sa�da de leito carro��vel;Com V�timas Feridas;Pleno dia;Crescente;Chuva;Simples;Reta;N�o;2;0;1;1;0;0;2;1;-29,878423;-56,778203;SPRF-RS;DEL13-RS;UOP01-DEL13-RS;;;
693437;24/05/2025;s�bado;15:55:00;BA;324;4;FEIRA DE SANTANA;Demais falhas mec�nicas ou el�tricas;Tombamento;Com V�timas Fatais;Pleno dia;Crescente;Sol;Dupla;Reta;Sim;2;1;0;0;0;1;0;1;-12,28507438;-38,97015112;SPRF-BA;DEL02-BA;UOP01-DEL02-BA;;;
693438;24/05/2025;s�bado;16:18:00;MA;226;292;BARRA DO CORDA;Rea��o tardia ou ineficiente do condutor;Queda de ocupante de ve�culo;Com V�timas Feridas;Pleno dia;Crescente;C�u Claro;Simples;Reta;N�o;1;0;1;0;0;0;1;1;-5,480765;-45,195445;SPRF-MA;DEL06-MA;UOP01-DEL06-MA;;;
693439;24/05/2025;s�bado;14:30:00;RJ;465;21;NOVA IGUACU;Acesso irregular;Colis�o transversal;Com V�timas Feridas;Pleno dia;Decrescente;Nublado;Simples;Reta;Sim;2;0;1;0;1;0;1;2;-22,85778417;-43,60137686;SPRF-RJ;DEL06-RJ;UOP02-DEL06-RJ;;;
693440;24/05/2025;s�bado;15:30:00;RJ;40;111;DUQUE DE CAXIAS;Mal s�bito do condutor;Colis�o com objeto;Com V�timas Feridas;Pleno dia;Crescente;Nublado;M�ltipla;Reta;Sim;1;0;1;0;0;0;1;1;-22,69365;-43,28825;SPRF-RJ;DEL01-RJ;UOP02-DEL01-RJ;;;
693441;24/05/2025;s�bado;16:23:00;GO;60;14;ALEXANIA;Rea��o tardia ou ineficiente do condutor;Sa�da de leito carro��vel;Com V�timas Feridas;Pleno dia;Decrescente;C�u Claro;Dupla;Declive;N�o;1;0;1;0;0;0;1;1;-16,110983;-48,352208;SPRF-DF;DEL03-DF;UOP01-DEL03-DF;;;
693443;24/05/2025;s�bado;15:59:00;SC;470;60,1;BLUMENAU;Rea��o tardia ou ineficiente do condutor;Colis�o lateral sentido oposto;Com V�timas Feridas;Pleno dia;Crescente;Garoa/Chuvisco;Simples;Reta;N�o;3;0;1;1;1;0;2;3;-26,88105702;-49,1656193;SPRF-SC;DEL04-SC;UOP01-DEL04-SC;;;
693444;24/05/2025;s�bado;15:20:00;SC;470;55,4;BLUMENAU;Condutor deixou de manter dist�ncia do ve�culo da frente;Engavetamento;Com V�timas Feridas;Pleno dia;Crescente;Chuva;Simples;"Reta;Em Obras";Sim;7;0;0;1;6;0;1;6;-26,87639655;-49,12366955;SPRF-SC;DEL04-SC;UOP01-DEL04-SC;;;
693445;24/05/2025;s�bado;15:40:00;RJ;393;284;VOLTA REDONDA;Aus�ncia de rea��o do condutor;Colis�o traseira;Com V�timas Feridas;Anoitecer;Decrescente;Nublado;Simples;"Reta;Interse��o de Vias";N�o;2;0;1;0;1;0;1;2;-22,49660341;-44,07098858;SPRF-RJ;DEL05-RJ;UOP04-DEL05-RJ;;;
693448;24/05/2025;s�bado;14:45:00;SC;101;389;CRICIUMA;Velocidade Incompat�vel;Tombamento;Com V�timas Fatais;Pleno dia;Crescente;Nublado;M�ltipla;"Curva;Aclive";Sim;1;1;0;0;0;0;0;1;-28,800233;-49,363508;SPRF-SC;DEL02-SC;UOP02-DEL02-SC;;;
693451;24/05/2025;s�bado;17:30:00;SP;381;59;MAIRIPORA;Aus�ncia de rea��o do condutor;Queda de ocupante de ve�culo;Com V�timas Feridas;Anoitecer;Decrescente;C�u Claro;Dupla;"Curva;Aclive";N�o;1;0;1;0;0;0;1;1;-23,2909283;-46,58501;SPRF-SP;DEL03-SP;UOP01-DEL03-SP;;;
693454;24/05/2025;s�bado;16:20:00;SP;116;568;BARRA DO TURVO;Rea��o tardia ou ineficiente do condutor;Queda de ocupante de ve�culo;Com V�timas Feridas;Pleno dia;Crescente;Chuva;Simples;"Reta;Declive";Sim;1;0;1;0;0;0;1;1;-25,05325697;-48,55493546;SPRF-SP;DEL05-SP;UOP02-DEL05-SP;;;
693456;24/05/2025;s�bado;18:10:00;ES;101;49;SAO MATEUS;Entrada inopinada do pedestre;Atropelamento de Pedestre;Com V�timas Feridas;Plena Noite;Crescente;Nublado;Simples;Reta;N�o;2;0;1;1;0;0;2;2;-18,6489432;-39,8735828;SPRF-ES;DEL04-ES;UOP02-DEL04-ES;;;
693458;24/05/2025;s�bado;17:10:00;PE;101;52;PAULISTA;Entrada inopinada do pedestre;Atropelamento de Pedestre;Com V�timas Feridas;Anoitecer;Decrescente;Nublado;Dupla;"Curva;Declive";Sim;2;0;0;2;0;0;2;2;-7,92822;-34,898071;SPRF-PE;DEL01-PE;UOP02-DEL01-PE;;;
693459;24/05/2025;s�bado;18:52:00;RN;101;158,8;CANGUARETAMA;Pedestre - Ingest�o de �lcool/ subst�ncias psicoativas;Atropelamento de Pedestre;Com V�timas Fatais;Plena Noite;Decrescente;C�u Claro;Dupla;Reta;Sim;3;1;0;0;1;1;0;2;-6,3609777;-35,1582987;SPRF-RN;DEL01-RN;UOP01-DEL01-RN;;;
693460;24/05/2025;s�bado;16:00:00;PR;376;617;SAO JOSE DOS PINHAIS;Rea��o tardia ou ineficiente do condutor;Queda de ocupante de ve�culo;Com V�timas Feridas;Pleno dia;Decrescente;Nublado;Simples;"Curva;Aclive";N�o;1;0;1;0;0;0;1;1;-25,58765384;-49,17247502;SPRF-PR;DEL01-PR;UOP04-DEL01-PR;;;
693461;24/05/2025;s�bado;12:45:00;BA;110;0,5;PAULO AFONSO;Mal s�bito do condutor;Colis�o traseira;Com V�timas Feridas;Pleno dia;Decrescente;Nublado;Simples;Reta;Sim;5;0;2;0;3;0;2;2;-9,42192526;-38,19847584;SPRF-BA;DEL07-BA;UOP01-DEL07-BA;;;
693463;24/05/2025;s�bado;16:38:00;BA;324;354;CAPIM GROSSO;Acessar a via sem observar a presen�a dos outros ve�culos;Colis�o lateral sentido oposto;Com V�timas Feridas;Pleno dia;Decrescente;C�u Claro;Simples;Reta;Sim;2;0;1;0;1;0;1;2;-11,37675;-40,01967;SPRF-BA;DEL04-BA;UOP02-DEL04-BA;;;
693464;24/05/2025;s�bado;00:05:00;RJ;116;170;RIO DE JANEIRO;Aus�ncia de rea��o do condutor;Sa�da de leito carro��vel;Com V�timas Feridas;Pleno dia;Decrescente;Chuva;Simples;Reta;Sim;1;0;1;0;0;0;1;1;-22,81380055;-43,3296245;SPRF-RJ;DEL06-RJ;UOP01-DEL06-RJ;;;
693465;24/05/2025;s�bado;18:10:00;RN;110;47,4;MOSSORO;Transitar na contram�o;Colis�o frontal;Com V�timas Feridas;Plena Noite;Decrescente;C�u Claro;Simples;Interse��o de Vias;Sim;2;0;1;0;0;1;1;2;-5,2062;-37,3293;SPRF-RN;DEL04-RN;UOP01-DEL04-RN;;;
693467;24/05/2025;s�bado;18:00:00;BA;116;13,5;VITORIA DA CONQUISTA;Condutor deixou de manter dist�ncia do ve�culo da frente;Colis�o traseira;Com V�timas Feridas;Plena Noite;Crescente;Nublado;Simples;Curva;N�o;3;0;1;0;2;0;1;2;-14,88849945;-40,87041652;SPRF-BA;DEL08-BA;UOP01-DEL08-BA;;;
693468;24/05/2025;s�bado;18:48:00;GO;40;95;CRISTALINA;Transitar na contram�o;Colis�o frontal;Sem V�timas;Anoitecer;Crescente;C�u Claro;Simples;"Interse��o de Vias;Curva;Declive";Sim;3;0;0;0;3;0;0;2;-16,75338621;-47,60395288;SPRF-DF;DEL01-DF;UOP02-DEL01-DF;;;
693470;24/05/2025;s�bado;12:00:00;RS;116;212,5;MORRO REUTER;Acumulo de �leo sobre o pavimento;Tombamento;Com V�timas Feridas;Pleno dia;Crescente;C�u Claro;Simples;Curva;N�o;3;0;2;1;0;0;3;2;-29,5185378;-51,09497882;SPRF-RS;DEL05-RS;UOP02-DEL05-RS;;;
693472;24/05/2025;s�bado;18:00:00;SP;116;110;TAUBATE;Demais falhas mec�nicas ou el�tricas;Inc�ndio;Sem V�timas;Anoitecer;Crescente;Nublado;Dupla;Reta;Sim;1;0;0;0;1;0;0;1;-23,04083424;-45,56575567;SPRF-SP;DEL02-SP;UOP02-DEL02-SP;;;
693473;19/01/2025;domingo;14:00:00;MG;381;327;NOVA ERA;Velocidade Incompat�vel;Sa�da de leito carro��vel;Com V�timas Feridas;Pleno dia;Decrescente;Sol;Dupla;"Curva;Interse��o de Vias;Declive";N�o;1;0;1;0;0;0;1;1;-19,76723696;-43,04699067;SPRF-MG;DEL03-MG;UOP02-DEL03-MG;;;
693475;24/05/2025;s�bado;19:10:00;PE;101;68;RECIFE;Rea��o tardia ou ineficiente do condutor;Colis�o traseira;Com V�timas Feridas;Plena Noite;Crescente;Chuva;Dupla;Viaduto;Sim;3;0;1;0;2;0;1;2;-8,05128;-34,94601;SPRF-PE;DEL01-PE;UOP01-DEL01-PE;;;
693476;24/05/2025;s�bado;18:50:00;PR;116;128;FAZENDA RIO GRANDE;Manobra de mudan�a de faixa;Colis�o lateral mesmo sentido;Sem V�timas;Plena Noite;Crescente;Garoa/Chuvisco;Dupla;Reta;N�o;2;0;0;0;2;0;0;2;-25,6566551;-49,3121093;SPRF-PR;DEL01-PR;UOP03-DEL01-PR;;;
693477;24/05/2025;s�bado;18:30:00;RS;116;411;CRISTAL;Aus�ncia de rea��o do condutor;Colis�o traseira;Com V�timas Feridas;Anoitecer;Crescente;Garoa/Chuvisco;Dupla;Reta;N�o;3;0;1;0;2;0;1;2;-30,928036;-51,911528;SPRF-RS;DEL02-RS;UOP02-DEL02-RS;;;
693478;24/05/2025;s�bado;19:15:00;SP;153;27,7;NOVA GRANADA;Ingest�o de �lcool pelo condutor;Sa�da de leito carro��vel;Sem V�timas;Plena Noite;Decrescente;C�u Claro;Simples;Reta;N�o;1;0;0;0;1;0;0;1;-20,520802;-49,326421;SPRF-SP;DEL09-SP;UOP01-DEL09-SP;;;
693479;24/05/2025;s�bado;19:10:00;MG;116;522,6;CARATINGA;Acessar a via sem observar a presen�a dos outros ve�culos;Colis�o transversal;Com V�timas Feridas;Plena Noite;Decrescente;C�u Claro;Simples;Interse��o de Vias;N�o;4;0;1;0;3;0;1;2;-19,75242833;-42,13280261;SPRF-MG;DEL06-MG;UOP02-DEL06-MG;;;
693480;24/05/2025;s�bado;19:20:00;SC;282;4,5;SAO JOSE;Rea��o tardia ou ineficiente do condutor;Engavetamento;Com V�timas Feridas;Plena Noite;Crescente;Chuva;Dupla;Declive;Sim;6;0;1;0;5;0;1;3;-27,590814;-48,60739795;SPRF-SC;DEL01-SC;UOP01-DEL01-SC;;;
693482;24/05/2025;s�bado;18:50:00;MG;146;477,4;POCOS DE CALDAS;Manobra de mudan�a de faixa;Colis�o traseira;Com V�timas Feridas;Plena Noite;Crescente;C�u Claro;Simples;"Reta;Declive";N�o;4;0;2;0;1;1;2;3;-21,76625994;-46,41877625;SPRF-MG;DEL09-MG;UOP01-DEL09-MG;;;
693483;24/05/2025;s�bado;18:40:00;BA;407;217;QUIXABEIRA;Animais na Pista;Atropelamento de Animal;Com V�timas Fatais;Plena Noite;Decrescente;C�u Claro;Simples;Reta;N�o;3;1;1;1;0;0;2;1;-11,253983;-40,024178;SPRF-BA;DEL04-BA;UOP02-DEL04-BA;;;
693484;24/05/2025;s�bado;19:55:00;RJ;116;176;SAO JOAO DE MERITI;Aus�ncia de rea��o do condutor;Colis�o com objeto;Com V�timas Feridas;Pleno dia;Crescente;Nublado;M�ltipla;Reta;Sim;2;0;2;0;0;0;2;1;-22,78023727;-43,39234829;SPRF-RJ;DEL06-RJ;UOP01-DEL06-RJ;;;
693486;24/05/2025;s�bado;20:10:00;PB;101;88,5;JOAO PESSOA;Aus�ncia de rea��o do condutor;Tombamento;Com V�timas Feridas;Plena Noite;Decrescente;Chuva;Dupla;"Reta;Declive";N�o;1;0;0;1;0;0;1;1;-7,171448;-34,897647;SPRF-PB;DEL01-PB;UOP01-DEL01-PB;;;
693487;24/05/2025;s�bado;17:30:00;MS;463;9,8;DOURADOS;Aus�ncia de rea��o do condutor;Colis�o com objeto;Sem V�timas;Plena Noite;Crescente;C�u Claro;Simples;"Reta;Declive";N�o;1;0;0;0;0;1;0;1;-22,249318;-54,897858;SPRF-MS;DEL04-MS;UOP03-DEL04-MS;;;
693488;24/05/2025;s�bado;18:50:00;DF;80;19;BRASILIA;Ingest�o de �lcool pelo condutor;Colis�o traseira;Sem V�timas;Pleno dia;Decrescente;C�u Claro;Dupla;Reta;Sim;2;0;0;0;2;0;0;2;-15,664927;-48,203771;SPRF-DF;DEL03-DF;UOP02-DEL03-DF;;;
693489;24/05/2025;s�bado;20:20:00;CE;304;49,9;ARACATI;Entrada inopinada do pedestre;Atropelamento de Pedestre;Com V�timas Feridas;Plena Noite;Decrescente;C�u Claro;Simples;Reta;N�o;2;0;0;1;1;0;1;2;-4,574768;-37,76496;SPRF-CE;DEL03-CE;UOP02-DEL03-CE;;;
693492;24/05/2025;s�bado;19:50:00;PR;277;36;MORRETES;Velocidade Incompat�vel;Colis�o com objeto;Sem V�timas;Plena Noite;Crescente;Garoa/Chuvisco;M�ltipla;"Curva;Aclive";N�o;3;0;0;0;3;0;0;1;-25,57099924;-48,83951632;SPRF-PR;DEL01-PR;UOP05-DEL01-PR;;;
693493;24/05/2025;s�bado;17:40:00;ES;101;255;SERRA;Rea��o tardia ou ineficiente do condutor;Atropelamento de Pedestre;Com V�timas Feridas;Anoitecer;Crescente;Chuva;Simples;Reta;Sim;2;0;0;1;0;1;1;2;-20,117527;-40,314354;SPRF-ES;DEL02-ES;UOP01-DEL02-ES;;;
693494;24/05/2025;s�bado;19:35:00;SC;470;52,6;BLUMENAU;Rea��o tardia ou ineficiente do condutor;Colis�o transversal;Com V�timas Feridas;Plena Noite;Crescente;Garoa/Chuvisco;Simples;Interse��o de Vias;N�o;2;0;0;1;1;0;1;2;-26,86509732;-49,09952514;SPRF-SC;DEL04-SC;UOP01-DEL04-SC;;;
693495;24/05/2025;s�bado;18:30:00;SC;282;535,2;CHAPECO;Desrespeitar a prefer�ncia no cruzamento;Colis�o transversal;Com V�timas Feridas;Anoitecer;Decrescente;Garoa/Chuvisco;Simples;"Interse��o de Vias;Rotat�ria";N�o;7;0;6;0;1;0;6;2;-26,99966885;-52,64648142;SPRF-SC;DEL07-SC;UOP01-DEL07-SC;;;
693496;24/05/2025;s�bado;19:15:00;RJ;356;147;CAMPOS DOS GOYTACAZES;Acessar a via sem observar a presen�a dos outros ve�culos;Colis�o transversal;Com V�timas Feridas;Plena Noite;Decrescente;C�u Claro;Dupla;Interse��o de Vias;Sim;2;0;1;0;1;0;1;2;-21,77641503;-41,28731904;SPRF-RJ;DEL08-RJ;UOP02-DEL08-RJ;;;
693497;24/05/2025;s�bado;17:30:00;MG;262;361;BETIM;Aus�ncia de rea��o do condutor;Queda de ocupante de ve�culo;Com V�timas Feridas;Anoitecer;Crescente;C�u Claro;Dupla;Reta;N�o;3;0;2;0;0;1;2;1;-19,9965656;-44,2090346;SPRF-MG;DEL01-MG;UOP03-DEL01-MG;;;
693498;24/05/2025;s�bado;21:00:00;SC;101;40,9;JOINVILLE;Velocidade Incompat�vel;Colis�o com objeto;Sem V�timas;Plena Noite;Decrescente;Chuva;Dupla;"Curva;Aclive;Viaduto";Sim;1;0;0;0;0;1;0;1;-26,31472305;-48,87347309;SPRF-SC;DEL03-SC;UOP01-DEL03-SC;;;
693499;24/05/2025;s�bado;21:00:00;GO;153;442,8;ANAPOLIS;Condutor deixou de manter dist�ncia do ve�culo da frente;Colis�o traseira;Com V�timas Feridas;Plena Noite;Crescente;C�u Claro;Dupla;"Interse��o de Vias;Curva;Aclive;Rotat�ria";N�o;6;0;1;0;4;1;1;2;-16,353165;-48,929297;SPRF-GO;DEL02-GO;UOP01-DEL02-GO;;;
693500;24/05/2025;s�bado;21:15:00;ES;101;144,1;LINHARES;Aus�ncia de rea��o do condutor;Colis�o traseira;Com V�timas Feridas;Plena Noite;Decrescente;Nublado;M�ltipla;Reta;Sim;2;0;1;0;1;0;1;2;-19,35260537;-40,06351815;SPRF-ES;DEL04-ES;UOP01-DEL04-ES;;;
693501;24/05/2025;s�bado;19:30:00;SC;470;188;POUSO REDONDO;Aus�ncia de rea��o do condutor;Capotamento;Com V�timas Feridas;Plena Noite;Decrescente;Chuva;Simples;Curva;N�o;2;0;1;0;1;0;1;1;-27,24962812;-49,96160254;SPRF-SC;DEL04-SC;UOP02-DEL04-SC;;;
693502;24/05/2025;s�bado;20:25:00;PR;116;92,3;SAO JOSE DOS PINHAIS;Manobra de mudan�a de faixa;Sa�da de leito carro��vel;Com V�timas Feridas;Plena Noite;Crescente;Chuva;Dupla;"Reta;Viaduto";N�o;2;0;2;0;0;0;2;1;-25,50894307;-49,1258812;SPRF-PR;DEL01-PR;UOP07-DEL01-PR;;;
693503;24/05/2025;s�bado;20:15:00;PR;277;720,8;FOZ DO IGUACU;Ingest�o de �lcool pelo condutor;Sa�da de leito carro��vel;Com V�timas Feridas;Plena Noite;Crescente;C�u Claro;Dupla;Reta;Sim;1;0;1;0;0;0;1;1;-25,48750984;-54,50317706;SPRF-PR;DEL05-PR;UOP03-DEL05-PR;;;
693504;24/05/2025;s�bado;22:00:00;SC;282;5,4;SAO JOSE;Chuva;Colis�o com objeto;Com V�timas Feridas;Pleno dia;Crescente;Chuva;Simples;"Curva;Declive";Sim;2;0;1;0;1;0;1;2;-27,58467594;-48,61662626;SPRF-SC;DEL01-SC;UOP01-DEL01-SC;;;
693506;24/05/2025;s�bado;18:40:00;RJ;40;106;DUQUE DE CAXIAS;Transitar na contram�o;Colis�o frontal;Com V�timas Feridas;Plena Noite;Crescente;C�u Claro;Simples;Reta;Sim;3;0;1;0;1;1;1;2;-22,64902;-43,28382;SPRF-RJ;DEL01-RJ;UOP02-DEL01-RJ;;;
693507;24/05/2025;s�bado;22:00:00;RS;470;218;BENTO GONCALVES;Ingest�o de �lcool pelo condutor;Colis�o traseira;Com V�timas Feridas;Plena Noite;Crescente;Chuva;Simples;"Reta;Declive;Interse��o de Vias";Sim;6;0;4;0;2;0;4;3;-29,18245345;-51,52025181;SPRF-RS;DEL06-RS;UOP01-DEL06-RS;;;
693508;24/05/2025;s�bado;18:10:00;AL;104;60,5;MURICI;Chuva;Colis�o lateral mesmo sentido;Com V�timas Fatais;Plena Noite;Crescente;Chuva;Simples;Reta;N�o;2;1;0;0;0;1;0;2;-9,31482359;-35,93186472;SPRF-AL;DEL01-AL;UOP02-DEL01-AL;;;
693509;24/05/2025;s�bado;22:30:00;RS;470;221;GARIBALDI;Ingest�o de �lcool pelo condutor;Sa�da de leito carro��vel;Sem V�timas;Plena Noite;Crescente;Chuva;Simples;Interse��o de Vias;Sim;1;0;0;0;1;0;0;1;-29,2127842;-51,5189787;SPRF-RS;DEL06-RS;UOP01-DEL06-RS;;;
693510;24/05/2025;s�bado;19:00:00;RR;401;15,4;BONFIM;Velocidade Incompat�vel;Colis�o traseira;Com V�timas Fatais;Plena Noite;Crescente;C�u Claro;Simples;Reta;N�o;3;2;0;0;0;1;0;2;3,372132;-59,832792;SPRF-RR;DEL01-RR;UOP01-DEL01-RR;;;
693512;24/05/2025;s�bado;17:00:00;RO;364;928;PORTO VELHO;Rea��o tardia ou ineficiente do condutor;Queda de ocupante de ve�culo;Com V�timas Feridas;Pleno dia;Decrescente;C�u Claro;Simples;Reta;Sim;1;0;1;0;0;0;1;1;-9,70196811;-65,36692143;SPRF-RO;DEL01-RO;UOP03-DEL01-RO;;;
693513;24/05/2025;s�bado;21:19:00;MG;381;580,9;CARMOPOLIS DE MINAS;Transitar na contram�o;Colis�o frontal;Com V�timas Feridas;Plena Noite;Crescente;C�u Claro;Dupla;Retorno Regulamentado;N�o;4;0;0;1;2;1;1;3;-20,48883568;-44,59841788;SPRF-MG;DEL04-MG;UOP01-DEL04-MG;;;
693515;24/05/2025;s�bado;20:55:00;MG;262;23;REDUTO;Aus�ncia de rea��o do condutor;Sa�da de leito carro��vel;Sem V�timas;Plena Noite;Crescente;C�u Claro;Simples;"Curva;Declive";N�o;1;0;0;0;1;0;0;1;-20,248103;-41,932393;SPRF-MG;DEL06-MG;UOP03-DEL06-MG;;;
693517;24/05/2025;s�bado;22:30:00;RJ;356;20,4;ITAPERUNA;Entrada inopinada do pedestre;Atropelamento de Pedestre;Com V�timas Fatais;Plena Noite;Decrescente;Nublado;Simples;Reta;Sim;2;1;0;0;1;0;0;2;-21,175686;-42,006504;SPRF-RJ;DEL08-RJ;UOP03-DEL08-RJ;;;
693519;24/05/2025;s�bado;23:15:00;RS;386;66,5;BOA VISTA DAS MISSOES;Aus�ncia de rea��o do condutor;Sa�da de leito carro��vel;Com V�timas Feridas;Plena Noite;Crescente;Nublado;Simples;Curva;N�o;1;0;1;0;0;0;1;1;-27,63830415;-53,3320765;SPRF-RS;DEL08-RS;UOP02-DEL08-RS;;;