id;data_inversa;dia_semana;horario;uf;br;km;municipio;causa_acidente;tipo_acidente;classificacao_acidente;fase_dia;sentido_via;condicao_metereologica;tipo_pista;tracado_via;uso_solo;pessoas;mortos;feridos_leves;feridos_graves;ilesos;ignorados;feridos;veiculos;latitude;longitude;regional;delegacia;uop;;;
693520;24/05/2025;s�bado;20:55:00;SC;101;216;PALHOCA;Ingest�o de �lcool pelo condutor;Colis�o com objeto;Sem V�timas;Plena Noite;Decrescente;Chuva;M�ltipla;Curva;N�o;1;0;0;0;0;1;0;1;-27,66573484;-48,67460489;SPRF-SC;DEL01-SC;UOP02-DEL01-SC;;;
693522;24/05/2025;s�bado;20:50:00;RJ;40;34,2;AREAL;Demais falhas mec�nicas ou el�tricas;Inc�ndio;Sem V�timas;Plena Noite;Decrescente;Nublado;Dupla;Curva;N�o;2;0;0;0;2;0;0;1;-22,20519012;-43,14064928;SPRF-RJ;DEL05-RJ;UOP02-DEL05-RJ;;;
693523;24/05/2025;s�bado;23:50:00;SC;101;200;SAO JOSE;Ingest�o de �lcool pelo condutor;Colis�o lateral mesmo sentido;Sem V�timas;Plena Noite;Decrescente;Garoa/Chuvisco;Dupla;Reta;Sim;3;0;0;0;3;0;0;2;-27,5441923;-48,62014381;SPRF-SC;DEL01-SC;UOP01-DEL01-SC;;;
693524;24/05/2025;s�bado;23:15:00;SC;101;134,7;BALNEARIO CAMBORIU;Ingest�o de �lcool pelo condutor;Colis�o transversal;Com V�timas Feridas;Plena Noite;Decrescente;Chuva;M�ltipla;Interse��o de Vias;Sim;2;0;1;0;1;0;1;2;-27,00343878;-48,63036172;SPRF-SC;DEL04-SC;UOP03-DEL04-SC;;;
693525;24/05/2025;s�bado;23:00:00;RN;304;154,2;ANGICOS;Aus�ncia de rea��o do condutor;Sa�da de leito carro��vel;Com V�timas Fatais;Plena Noite;Crescente;C�u Claro;Simples;Reta;N�o;3;1;1;0;0;1;1;1;-5,69572;-36,55979;SPRF-RN;DEL04-RN;UOP01-DEL04-RN;;;
693526;24/05/2025;s�bado;23:30:00;SC;282;504;XANXERE;Ingest�o de �lcool pelo condutor;Colis�o com objeto;Com V�timas Feridas;Plena Noite;Decrescente;C�u Claro;Simples;Interse��o de Vias;Sim;2;0;1;0;1;0;1;1;-26,88537246;-52,41423471;SPRF-SC;DEL07-SC;UOP01-DEL07-SC;;;
693528;24/05/2025;s�bado;11:55:00;GO;60;121;TEREZOPOLIS DE GOIAS;Demais falhas mec�nicas ou el�tricas;Inc�ndio;Sem V�timas;Plena Noite;Crescente;C�u Claro;Simples;Reta;N�o;1;0;0;0;0;1;0;1;-16,514781;-49,120462;SPRF-GO;DEL01-GO;UOP01-DEL01-GO;;;
693529;24/05/2025;s�bado;23:20:00;RO;364;520;ARIQUEMES;Ingest�o de �lcool pelo condutor;Queda de ocupante de ve�culo;Com V�timas Feridas;Plena Noite;Crescente;C�u Claro;Simples;Reta;N�o;2;0;1;0;0;1;1;2;-9,87477096;-63,05753231;SPRF-RO;DEL03-RO;UOP01-DEL03-RO;;;
693530;25/05/2025;domingo;00:50:00;RS;290;78;GRAVATAI;Ingest�o de �lcool pelo condutor;Sa�da de leito carro��vel;Com V�timas Feridas;Plena Noite;Crescente;Chuva;Dupla;Reta;Sim;1;0;1;0;0;0;1;1;-29,95288948;-51,05001211;SPRF-RS;DEL01-RS;UOP01-DEL01-RS;;;
693531;24/05/2025;s�bado;23:10:00;BA;135;185;BARREIRAS;Transitar na contram�o;Colis�o frontal;Com V�timas Feridas;Plena Noite;Crescente;Nublado;Simples;Curva;N�o;3;0;0;2;0;1;2;2;-12,195695;-45,014295;SPRF-BA;DEL10-BA;UOP01-DEL10-BA;;;
693532;25/05/2025;domingo;00:25:00;DF;20;11;BRASILIA;Aus�ncia de rea��o do condutor;Sa�da de leito carro��vel;Com V�timas Feridas;Plena Noite;Crescente;C�u Claro;Dupla;Reta;Sim;1;0;1;0;0;0;1;1;-15,649;-47,77;SPRF-DF;DEL02-DF;UOP01-DEL02-DF;;;
693534;25/05/2025;domingo;01:10:00;SP;116;141;SAO JOSE DOS CAMPOS;Aus�ncia de rea��o do condutor;Colis�o com objeto;Com V�timas Feridas;Plena Noite;Crescente;C�u Claro;Dupla;Reta;N�o;1;0;0;1;0;0;1;1;-23,16817576;-45,81678003;SPRF-SP;DEL02-SP;UOP01-DEL02-SP;;;
693535;24/05/2025;s�bado;18:40:00;BA;324;590;CANDEIAS;Pedestre cruzava a pista fora da faixa;Atropelamento de Pedestre;Com V�timas Feridas;Plena Noite;Decrescente;C�u Claro;Dupla;Reta;N�o;2;0;0;1;0;1;1;2;-12,67291202;-38,46908411;SPRF-BA;DEL01-BA;UOP01-DEL01-BA;;;
693536;25/05/2025;domingo;02:33:00;RN;405;0,8;MOSSORO;Condutor deixou de manter dist�ncia do ve�culo da frente;Colis�o traseira;Com V�timas Feridas;Plena Noite;Crescente;C�u Claro;Dupla;Reta;Sim;3;0;1;1;0;1;2;2;-5,191448;-37,360298;SPRF-RN;DEL04-RN;UOP02-DEL04-RN;;;
693537;25/05/2025;domingo;01:50:00;PE;428;191,4;PETROLINA;Ingest�o de �lcool pelo condutor;Colis�o transversal;Com V�timas Feridas;Plena Noite;Decrescente;C�u Claro;Dupla;"Reta;Interse��o de Vias";Sim;3;0;2;0;1;0;2;2;-9,383762;-40,518283;SPRF-PE;DEL06-PE;UOP01-DEL06-PE;;;
693538;24/05/2025;s�bado;21:00:00;AC;317;75;SENADOR GUIOMARD;Acessar a via sem observar a presen�a dos outros ve�culos;Atropelamento de Pedestre;Com V�timas Fatais;Plena Noite;Decrescente;C�u Claro;Simples;Reta;N�o;2;1;0;0;0;1;0;2;-10,09546013;-67,60771108;SPRF-AC;DEL01-AC;UOP01-DEL01-AC;;;
693539;25/05/2025;domingo;03:15:00;SC;101;229;PALHOCA;Ingest�o de �lcool pelo condutor;Colis�o com objeto;Com V�timas Feridas;Plena Noite;Decrescente;C�u Claro;Dupla;Curva;N�o;1;0;1;0;0;0;1;1;-27,76631643;-48,63003731;SPRF-SC;DEL01-SC;UOP02-DEL01-SC;;;
693540;25/05/2025;domingo;03:25:00;SC;101;229;PALHOCA;Ingest�o de �lcool pelo condutor;Capotamento;Com V�timas Feridas;Plena Noite;Crescente;Garoa/Chuvisco;M�ltipla;Curva;N�o;1;0;1;0;0;0;1;1;-27,76108;-48,6307;SPRF-SC;DEL01-SC;UOP02-DEL01-SC;;;
693541;25/05/2025;domingo;03:00:00;SC;282;2,2;FLORIANOPOLIS;Rea��o tardia ou ineficiente do condutor;Colis�o com objeto;Com V�timas Fatais;Plena Noite;Crescente;Garoa/Chuvisco;M�ltipla;Reta;Sim;1;1;0;0;0;0;0;1;-27,602803;-48,592721;SPRF-SC;DEL01-SC;UOP01-DEL01-SC;;;
693542;25/05/2025;domingo;02:30:00;SC;101;2;ARARANGUA;Aus�ncia de rea��o do condutor;Colis�o com objeto;Sem V�timas;Plena Noite;Crescente;Chuva;Simples;"Reta;Ponte";Sim;1;0;0;0;0;1;0;1;-28,93708409;-49,49591724;SPRF-SC;DEL02-SC;UOP02-DEL02-SC;;;
693544;24/05/2025;s�bado;22:20:00;MT;70;540;NOSSA SENHORA DO LIVRAMENTO;Convers�o proibida;Colis�o frontal;Com V�timas Fatais;Plena Noite;Decrescente;C�u Claro;Simples;Reta;N�o;6;2;1;0;0;3;1;3;-15,67927;-56,29342;SPRF-MT;DEL03-MT;UOP02-DEL03-MT;;;
693545;25/05/2025;domingo;04:25:00;ES;101;121,5;LINHARES;Ingest�o de �lcool pelo condutor;Tombamento;Com V�timas Feridas;Plena Noite;Crescente;C�u Claro;Simples;Reta;N�o;2;0;2;0;0;0;2;1;-19,16217675;-40,08427984;SPRF-ES;DEL04-ES;UOP01-DEL04-ES;;;
693547;24/05/2025;s�bado;18:00:00;PE;116;49,3;SALGUEIRO;Aus�ncia de rea��o do condutor;Atropelamento de Pedestre;Com V�timas Fatais;Anoitecer;Crescente;Nublado;Simples;Reta;N�o;2;1;0;0;0;1;0;2;-8,269507;-39,117175;SPRF-PE;DEL05-PE;UOP01-DEL05-PE;;;
693549;24/05/2025;s�bado;23:40:00;MG;116;417;GOVERNADOR VALADARES;Ultrapassagem Indevida;Colis�o frontal;Com V�timas Feridas;Plena Noite;Decrescente;C�u Claro;Simples;Reta;Sim;2;0;0;1;1;0;1;2;-18,90404866;-41,94332906;SPRF-MG;DEL06-MG;UOP01-DEL06-MG;;;
693550;25/05/2025;domingo;04:40:00;MG;116;420;ALPERCATA;Aus�ncia de rea��o do condutor;Colis�o frontal;Com V�timas Feridas;Plena Noite;Decrescente;C�u Claro;Simples;Curva;N�o;3;0;2;0;1;0;2;3;-18,9372635;-41,94795674;SPRF-MG;DEL06-MG;UOP01-DEL06-MG;;;
693551;25/05/2025;domingo;04:43:00;PE;232;6,1;RECIFE;Pedestre cruzava a pista fora da faixa;Atropelamento de Pedestre;Com V�timas Fatais;Amanhecer;Decrescente;Chuva;M�ltipla;Reta;N�o;4;1;0;0;1;2;0;2;-8,071205;-34,95421;SPRF-PE;DEL01-PE;UOP01-DEL01-PE;;;
693552;24/05/2025;s�bado;23:30:00;MT;364;474;JANGADA;Condutor Dormindo;Sa�da de leito carro��vel;Com V�timas Feridas;Plena Noite;Crescente;Garoa/Chuvisco;Simples;Reta;N�o;1;0;1;0;0;0;1;1;-15,44474545;-56,33789062;SPRF-MT;DEL01-MT;UOP02-DEL01-MT;;;
693553;25/05/2025;domingo;04:50:00;PR;476;357,5;UNIAO DA VITORIA;Ingest�o de �lcool pelo condutor;Colis�o frontal;Com V�timas Fatais;Plena Noite;Crescente;Chuva;Simples;Reta;Sim;3;1;1;1;0;0;2;2;-26,19734115;-51,04625702;SPRF-PR;DEL02-PR;UOP03-DEL02-PR;;;
693554;25/05/2025;domingo;04:10:00;RO;319;58;PORTO VELHO;Velocidade Incompat�vel;Capotamento;Sem V�timas;Plena Noite;Decrescente;C�u Claro;Dupla;"Reta;Declive";Sim;2;0;0;0;0;2;0;2;-8,8002905;-63,7617689;SPRF-RO;DEL01-RO;UOP01-DEL01-RO;;;
693555;25/05/2025;domingo;06:00:00;RS;116;254;SAPUCAIA DO SUL;Aus�ncia de rea��o do condutor;Tombamento;Com V�timas Feridas;Amanhecer;Crescente;Garoa/Chuvisco;Dupla;Reta;N�o;1;0;1;0;0;0;1;1;-29,8250441;-51,172273;SPRF-RS;DEL01-RS;UOP02-DEL01-RS;;;
693556;25/05/2025;domingo;04:20:00;MG;381;506;BETIM;Rea��o tardia ou ineficiente do condutor;Sa�da de leito carro��vel;Sem V�timas;Plena Noite;Crescente;C�u Claro;Dupla;Curva;N�o;1;0;0;0;0;1;0;1;-20,0384854;-44,25490057;SPRF-MG;DEL01-MG;UOP03-DEL01-MG;;;
693557;25/05/2025;domingo;04:50:00;RS;116;397;CAMAQUA;Ingest�o de �lcool pelo condutor;Colis�o com objeto;Com V�timas Feridas;Plena Noite;Decrescente;Chuva;Simples;Reta;Sim;2;0;0;2;0;0;2;1;-30,85748642;-51,78481847;SPRF-RS;DEL02-RS;UOP02-DEL02-RS;;;
693558;25/05/2025;domingo;05:10:00;MG;365;612,6;UBERLANDIA;Entrada inopinada do pedestre;Atropelamento de Pedestre;Com V�timas Fatais;Plena Noite;Crescente;C�u Claro;Simples;Reta;Sim;3;1;0;0;2;0;0;2;-18,92061469;-48,2056996;SPRF-MG;DEL15-MG;UOP01-DEL15-MG;;;
693560;07/03/2025;sexta-feira;07:08:00;GO;60;37,4;GOIANIA;Manobra de mudan�a de faixa;Colis�o lateral mesmo sentido;Com V�timas Feridas;Pleno dia;Crescente;Sol;Dupla;Reta;Sim;2;0;1;0;0;1;1;2;-16,74055874;-49,34564944;SPRF-GO;DEL01-GO;UOP02-DEL01-GO;;;
693561;25/05/2025;domingo;03:00:00;PE;316;60;TRINDADE;Rea��o tardia ou ineficiente do condutor;Colis�o traseira;Com V�timas Feridas;Plena Noite;Crescente;Chuva;Simples;"Reta;Aclive";N�o;2;0;0;1;1;0;1;2;-7,776692;-40,249123;SPRF-PE;DEL05-PE;UOP02-DEL05-PE;;;
693562;25/05/2025;domingo;06:51:00;PR;376;138,8;NOVA ESPERANCA;Ingest�o de �lcool pelo condutor;Sa�da de leito carro��vel;Com V�timas Fatais;Pleno dia;Decrescente;C�u Claro;Dupla;Curva;N�o;5;1;0;2;2;0;2;1;-23,220256;-52,180649;SPRF-PR;DEL09-PR;UOP02-DEL09-PR;;;
693563;25/05/2025;domingo;07:00:00;MG;50;118;UBERABA;Rea��o tardia ou ineficiente do condutor;Sa�da de leito carro��vel;Com V�timas Feridas;Pleno dia;Decrescente;C�u Claro;Dupla;Reta;N�o;1;0;1;0;0;0;1;1;-19,2936243;-48,1147362;SPRF-MG;DEL13-MG;UOP01-DEL13-MG;;;
693564;24/05/2025;s�bado;18:30:00;AP;156;157;MAZAGAO;Aus�ncia de rea��o do condutor;Sa�da de leito carro��vel;Com V�timas Feridas;Plena Noite;Decrescente;C�u Claro;Simples;Reta;N�o;2;0;0;2;0;0;2;1;-0,252367;-51,761267;SPRF-AP;DEL01-AP;UOP01-DEL01-AP;;;
693565;25/05/2025;domingo;05:50:00;MT;163;1036;MATUPA;Transitar na contram�o;Colis�o frontal;Com V�timas Feridas;Amanhecer;Crescente;C�u Claro;Simples;Reta;N�o;2;0;1;1;0;0;2;2;-10,199963;-54,956222;SPRF-MT;DEL06-MT;UOP03-DEL06-MT;;;
693566;25/05/2025;domingo;05:00:00;MS;163;9,5;MUNDO NOVO;Aus�ncia de rea��o do condutor;Sa�da de leito carro��vel;Sem V�timas;Amanhecer;Crescente;C�u Claro;Simples;"Reta;Declive";N�o;1;0;0;0;0;1;0;1;-23,983437;-54,331108;SPRF-MS;DEL09-MS;UOP02-DEL09-MS;;;
693567;25/05/2025;domingo;06:30:00;PB;230;340;PATOS;Acumulo de �gua sobre o pavimento;Colis�o frontal;Com V�timas Feridas;Pleno dia;Decrescente;Chuva;Simples;Reta;N�o;4;0;2;2;0;0;4;2;-6,986057;-37,32828;SPRF-PB;DEL03-PB;UOP01-DEL03-PB;;;
693569;24/05/2025;s�bado;23:40:00;MG;116;425,9;ALPERCATA;Aus�ncia de rea��o do condutor;Colis�o traseira;Com V�timas Feridas;Plena Noite;Crescente;C�u Claro;Simples;"Aclive;Curva";N�o;3;0;2;0;0;1;2;2;-18,9707894;-41,9772148;SPRF-MG;DEL06-MG;UOP01-DEL06-MG;;;
693570;25/05/2025;domingo;07:20:00;SC;101;328;CAPIVARI DE BAIXO;Acumulo de �gua sobre o pavimento;Colis�o com objeto;Com V�timas Feridas;Amanhecer;Crescente;Chuva;Dupla;"Em Obras;Reta";N�o;2;0;0;2;0;0;2;1;-28,44771788;-48,96915285;SPRF-SC;DEL02-SC;UOP01-DEL02-SC;;;
693571;25/05/2025;domingo;07:30:00;GO;40;16;LUZIANIA;Velocidade Incompat�vel;Colis�o traseira;Sem V�timas;Pleno dia;Decrescente;C�u Claro;Dupla;Reta;Sim;2;0;0;0;2;0;0;2;-16,168614;-47,930144;SPRF-DF;DEL01-DF;UOP01-DEL01-DF;;;
693572;25/05/2025;domingo;03:11:00;MT;163;561;NOVA MUTUM;Defici�ncia do Sistema de Ilumina��o/Sinaliza��o;Capotamento;Com V�timas Feridas;Plena Noite;Decrescente;C�u Claro;Dupla;"Desvio Tempor�rio;Em Obras;Reta";N�o;1;0;1;0;0;0;1;1;-14,14620753;-56,09986201;SPRF-MT;DEL01-MT;UOP01-DEL01-MT;;;
693573;25/05/2025;domingo;07:00:00;MG;40;546;NOVA LIMA;Aus�ncia de rea��o do condutor;Sa�da de leito carro��vel;Sem V�timas;Pleno dia;Crescente;C�u Claro;Dupla;Reta;N�o;1;0;0;0;0;1;0;1;-20,0224957;-43,9704622;SPRF-MG;DEL01-MG;UOP02-DEL01-MG;;;
693576;25/05/2025;domingo;05:50:00;PI;343;283;CAMPO MAIOR;Aus�ncia de rea��o do condutor;Colis�o com objeto;Com V�timas Feridas;Amanhecer;Decrescente;C�u Claro;Simples;Reta;N�o;2;0;1;1;0;0;2;1;-4,92297772;-42,27268338;SPRF-PI;DEL01-PI;UOP03-DEL01-PI;;;
693578;01/05/2025;quinta-feira;10:30:00;PR;476;65;TUNAS DO PARANA;Rea��o tardia ou ineficiente do condutor;Tombamento;Com V�timas Feridas;Pleno dia;Decrescente;C�u Claro;Simples;"Curva;Declive";N�o;1;0;1;0;0;0;1;1;-25,01826211;-49,07466173;SPRF-PR;DEL01-PR;UOP01-DEL01-PR;;;
693579;25/05/2025;domingo;08:05:00;RN;304;296;MACAIBA;Acesso irregular;Colis�o transversal;Com V�timas Feridas;Pleno dia;Decrescente;Chuva;Dupla;"Reta;Em Obras";N�o;2;0;1;0;1;0;1;2;-5,86530752;-35,35292161;SPRF-RN;DEL01-RN;UOP02-DEL01-RN;;;
693581;25/05/2025;domingo;07:30:00;SE;235;54;ITABAIANA;Condutor deixou de manter dist�ncia do ve�culo da frente;Colis�o traseira;Com V�timas Feridas;Pleno dia;Decrescente;Chuva;Simples;Interse��o de Vias;Sim;5;0;1;1;0;3;2;3;-10,67532342;-37,44337885;SPRF-SE;DEL01-SE;UOP02-DEL01-SE;;;
693582;25/05/2025;domingo;08:20:00;RS;392;17,8;RIO GRANDE;Acessar a via sem observar a presen�a dos outros ve�culos;Colis�o traseira;Com V�timas Feridas;Pleno dia;Decrescente;C�u Claro;Dupla;Reta;Sim;2;0;1;0;1;0;1;2;-32,09084831;-52,17460692;SPRF-RS;DEL07-RS;UOP02-DEL07-RS;;;
693583;25/05/2025;domingo;08:05:00;MG;153;239,5;FRONTEIRA;Acessar a via sem observar a presen�a dos outros ve�culos;Colis�o traseira;Com V�timas Feridas;Pleno dia;Crescente;Sol;Simples;Reta;N�o;6;0;3;3;0;0;6;2;-20,25557427;-49,17364597;SPRF-MG;DEL13-MG;UOP02-DEL13-MG;;;
693584;25/05/2025;domingo;08:00:00;MA;316;231;BOM JARDIM;Ingest�o de �lcool pelo condutor;Colis�o lateral sentido oposto;Sem V�timas;Pleno dia;Crescente;C�u Claro;Simples;Reta;Sim;2;0;0;0;2;0;0;2;-3,546355;-45,604357;SPRF-MA;DEL02-MA;UOP01-DEL02-MA;;;
693585;25/05/2025;domingo;09:00:00;PR;116;126;FAZENDA RIO GRANDE;Aus�ncia de rea��o do condutor;Colis�o traseira;Sem V�timas;Pleno dia;Decrescente;C�u Claro;M�ltipla;Reta;Sim;2;0;0;0;2;0;0;2;-25,64105153;-49,31281742;SPRF-PR;DEL01-PR;UOP03-DEL01-PR;;;
693586;25/05/2025;domingo;08:10:00;SP;116;88;PINDAMONHANGABA;Condutor deixou de manter dist�ncia do ve�culo da frente;Engavetamento;Com V�timas Feridas;Pleno dia;Decrescente;C�u Claro;Dupla;Reta;N�o;5;0;0;3;2;0;3;4;-22,93536344;-45,37094951;SPRF-SP;DEL08-SP;UOP01-DEL08-SP;;;
693588;25/05/2025;domingo;08:05:00;RO;319;61;PORTO VELHO;Desrespeitar a prefer�ncia no cruzamento;Colis�o transversal;Com V�timas Feridas;Pleno dia;Decrescente;C�u Claro;Dupla;"Reta;Interse��o de Vias";Sim;3;0;3;0;0;0;3;2;-8,74474694;-63,88886539;SPRF-RO;DEL01-RO;UOP01-DEL01-RO;;;
693589;16/04/2025;quarta-feira;12:15:00;AL;101;135;SAO MIGUEL DOS CAMPOS;Acessar a via sem observar a presen�a dos outros ve�culos;Colis�o transversal;Com V�timas Feridas;Pleno dia;Decrescente;C�u Claro;Simples;Reta;N�o;3;0;0;1;2;0;1;2;-9,79161775;-36,10656738;SPRF-AL;DEL02-AL;UOP01-DEL02-AL;;;
693590;25/05/2025;domingo;09:07:00;RN;226;6;MACAIBA;Acessar a via sem observar a presen�a dos outros ve�culos;Colis�o transversal;Com V�timas Feridas;Pleno dia;Decrescente;C�u Claro;Simples;Reta;Sim;2;0;2;0;0;0;2;2;-5,83561091;-35,2882514;SPRF-RN;DEL01-RN;UOP02-DEL01-RN;;;
693591;25/05/2025;domingo;09:15:00;PR;373;187;PONTA GROSSA;Aus�ncia de rea��o do condutor;Colis�o traseira;Com V�timas Feridas;Pleno dia;Decrescente;C�u Claro;Simples;Curva;N�o;3;0;1;0;2;0;1;2;-25,055;-50,30761;SPRF-PR;DEL03-PR;UOP01-DEL03-PR;;;
693592;25/05/2025;domingo;08:05:00;MG;50;77,9;UBERLANDIA;Condutor deixou de manter dist�ncia do ve�culo da frente;Colis�o traseira;Com V�timas Feridas;Pleno dia;Crescente;C�u Claro;Dupla;Reta;N�o;2;0;1;0;0;1;1;2;-18,942948;-48,218908;SPRF-MG;DEL15-MG;UOP01-DEL15-MG;;;
693593;25/05/2025;domingo;09:30:00;PR;116;126;FAZENDA RIO GRANDE;Rea��o tardia ou ineficiente do condutor;Sa�da de leito carro��vel;Sem V�timas;Pleno dia;Decrescente;Sol;Dupla;Reta;Sim;1;0;0;0;1;0;0;1;-25,637422;-49,312985;SPRF-PR;DEL01-PR;UOP03-DEL01-PR;;;
693594;25/05/2025;domingo;08:50:00;MG;267;54,4;GUARARA;Rea��o tardia ou ineficiente do condutor;Colis�o traseira;Com V�timas Feridas;Pleno dia;Crescente;C�u Claro;Simples;Reta;N�o;4;0;2;0;2;0;2;2;-21,718466;-43,029301;SPRF-MG;DEL07-MG;UOP01-DEL07-MG;;;
693595;25/05/2025;domingo;10:00:00;RN;101;103;PARNAMIRIM;Mal s�bito do condutor;Tombamento;Sem V�timas;Pleno dia;Decrescente;C�u Claro;M�ltipla;Reta;Sim;1;0;0;0;1;0;0;1;-5,89096811;-35,25100708;SPRF-RN;DEL01-RN;UOP01-DEL01-RN;;;
693596;25/05/2025;domingo;09:30:00;SC;282;66;RANCHO QUEIMADO;Aus�ncia de rea��o do condutor;Sa�da de leito carro��vel;Com V�timas Feridas;Pleno dia;Crescente;Chuva;Simples;Curva;N�o;2;0;1;0;1;0;1;1;-27,699993;-49,06284;SPRF-SC;DEL01-SC;UOP03-DEL01-SC;;;
693597;25/05/2025;domingo;09:40:00;RJ;116;229,6;PARACAMBI;Frear bruscamente;Queda de ocupante de ve�culo;Com V�timas Feridas;Pleno dia;Crescente;Sol;Dupla;"Em Obras;Aclive;Curva";N�o;2;0;1;0;1;0;1;1;-22,652026;-43,820021;SPRF-RJ;DEL07-RJ;UOP01-DEL07-RJ;;;
693599;25/05/2025;domingo;08:50:00;MS;163;309;RIO BRILHANTE;Rea��o tardia ou ineficiente do condutor;Sa�da de leito carro��vel;Sem V�timas;Pleno dia;Decrescente;C�u Claro;Simples;Curva;N�o;1;0;0;0;0;1;0;1;-21,80378366;-54,52511497;SPRF-MS;DEL02-MS;UOP02-DEL02-MS;;;
693601;25/05/2025;domingo;10:15:00;SP;381;75,5;SAO PAULO;Velocidade Incompat�vel;Queda de ocupante de ve�culo;Com V�timas Feridas;Pleno dia;Decrescente;Sol;Dupla;Curva;N�o;1;0;1;0;0;0;1;1;-23,39192991;-46,57091886;SPRF-SP;DEL03-SP;UOP01-DEL03-SP;;;
693602;25/05/2025;domingo;07:00:00;PE;104;88;AGRESTINA;Acessar a via sem observar a presen�a dos outros ve�culos;Colis�o transversal;Com V�timas Feridas;Pleno dia;Decrescente;C�u Claro;Simples;Reta;Sim;2;0;1;0;1;0;1;2;-8,460093;-35,940945;SPRF-PE;DEL02-PE;NPF/DEL02-PE;;;
693604;25/05/2025;domingo;07:15:00;RJ;101;382;RIO DE JANEIRO;Manobra de mudan�a de faixa;Colis�o traseira;Com V�timas Feridas;Pleno dia;Decrescente;C�u Claro;M�ltipla;Reta;Sim;2;0;1;0;1;0;1;2;-22,877449;-43,61533;SPRF-RJ;DEL03-RJ;UOP01-DEL03-RJ;;;
693606;25/05/2025;domingo;07:05:00;BA;101;733;EUNAPOLIS;Rea��o tardia ou ineficiente do condutor;Colis�o lateral sentido oposto;Com V�timas Feridas;Pleno dia;Crescente;C�u Claro;Simples;Curva;N�o;3;0;0;1;1;1;1;3;-16,4890507;-39,578705;SPRF-BA;DEL09-BA;UOP01-DEL09-BA;;;
693607;25/05/2025;domingo;08:00:00;SC;101;240,6;PALHOCA;Velocidade Incompat�vel;Sa�da de leito carro��vel;Sem V�timas;Pleno dia;Crescente;Chuva;Dupla;Reta;N�o;1;0;0;0;1;0;0;1;-27,84396778;-48,63526091;SPRF-SC;DEL01-SC;UOP02-DEL01-SC;;;
693608;27/04/2025;domingo;22:00:00;PR;116;170;QUITANDINHA;Acessar a via sem observar a presen�a dos outros ve�culos;Colis�o transversal;Sem V�timas;Pleno dia;Crescente;Nublado;Simples;Reta;N�o;2;0;0;0;1;1;0;2;-25,89371329;-49,52243742;SPRF-PR;DEL01-PR;UOP03-DEL01-PR;;;
693609;25/05/2025;domingo;06:00:00;MG;116;301;ITAMBACURI;Rea��o tardia ou ineficiente do condutor;Capotamento;Com V�timas Fatais;Amanhecer;Decrescente;Nublado;Simples;Reta;N�o;1;1;0;0;0;0;0;1;-18,01603;-41,624392;SPRF-MG;DEL11-MG;UOP01-DEL11-MG;;;
693610;25/05/2025;domingo;10:40:00;GO;60;96,5;ANAPOLIS;Afundamento ou ondula��o no pavimento;Tombamento;Com V�timas Feridas;Pleno dia;Decrescente;C�u Claro;Dupla;Reta;Sim;1;0;1;0;0;0;1;1;-16,373648;-48,94461;SPRF-GO;DEL02-GO;UOP01-DEL02-GO;;;
693611;25/05/2025;domingo;09:20:00;BA;101;119;ALAGOINHAS;Ultrapassagem Indevida;Sa�da de leito carro��vel;Com V�timas Feridas;Pleno dia;Decrescente;C�u Claro;Simples;"Reta;Aclive";N�o;2;0;1;0;0;1;1;2;-12,161646;-38,48948;SPRF-BA;DEL01-BA;UOP04-DEL01-BA;;;
693612;25/05/2025;domingo;10:00:00;PR;153;330;IRATI;Ingest�o de �lcool pelo condutor;Colis�o lateral mesmo sentido;Sem V�timas;Pleno dia;Crescente;C�u Claro;Simples;Reta;Sim;1;0;0;0;1;0;0;1;-25,47861219;-50,6401062;SPRF-PR;DEL08-PR;UOP02-DEL08-PR;;;
693613;25/05/2025;domingo;10:00:00;PB;230;79,4;SOBRADO;Aus�ncia de rea��o do condutor;Colis�o lateral mesmo sentido;Com V�timas Feridas;Pleno dia;Decrescente;C�u Claro;Dupla;Reta;N�o;2;0;2;0;0;0;2;2;-7,180072;-35,316636;SPRF-PB;DEL01-PB;UOP02-DEL01-PB;;;
693614;25/05/2025;domingo;11:00:00;RS;285;418,7;PANAMBI;Condutor deixou de manter dist�ncia do ve�culo da frente;Colis�o traseira;Com V�timas Feridas;Pleno dia;Crescente;Nublado;Simples;Reta;N�o;2;0;2;0;0;0;2;2;-28,3426211;-53,54332924;SPRF-RS;DEL10-RS;UOP01-DEL10-RS;;;
693615;25/05/2025;domingo;11:15:00;SC;282;6;SAO JOSE;Pista Escorregadia;Queda de ocupante de ve�culo;Com V�timas Feridas;Pleno dia;Crescente;Chuva;Simples;Retorno Regulamentado;Sim;2;0;2;0;0;0;2;1;-27,584686;-48,616835;SPRF-SC;DEL01-SC;UOP01-DEL01-SC;;;
693616;25/05/2025;domingo;11:00:00;PR;376;522;PONTA GROSSA;Rea��o tardia ou ineficiente do condutor;Sa�da de leito carro��vel;Com V�timas Feridas;Pleno dia;Crescente;C�u Claro;Dupla;Reta;N�o;3;0;1;1;1;0;2;1;-25,267035;-49,9644;SPRF-PR;DEL03-PR;UOP04-DEL03-PR;;;
693617;25/05/2025;domingo;11:40:00;PR;369;158,6;CAMBE;Aus�ncia de rea��o do condutor;Queda de ocupante de ve�culo;Com V�timas Feridas;Pleno dia;Crescente;C�u Claro;Dupla;Reta;Sim;1;0;0;1;0;0;1;1;-23,28361136;-51,24916077;SPRF-PR;DEL07-PR;UOP01-DEL07-PR;;;