id;data_inversa;dia_semana;horario;uf;br;km;municipio;causa_acidente;tipo_acidente;classificacao_acidente;fase_dia;sentido_via;condicao_metereologica;tipo_pista;tracado_via;uso_solo;pessoas;mortos;feridos_leves;feridos_graves;ilesos;ignorados;feridos;veiculos;latitude;longitude;regional;delegacia;uop;;;
693622;25/05/2025;domingo;12:00:00;SP;116;332;MIRACATU;Rea��o tardia ou ineficiente do condutor;Queda de ocupante de ve�culo;Com V�timas Feridas;Pleno dia;Decrescente;Sol;Dupla;Reta;N�o;2;0;2;0;0;0;2;1;-24,2675599;-47,3932437;SPRF-SP;DEL04-SP;UOP03-DEL04-SP;;;
693626;25/05/2025;domingo;12:00:00;MG;262;36;MANHUACU;Condutor deixou de manter dist�ncia do ve�culo da frente;Colis�o traseira;Com V�timas Feridas;Pleno dia;Decrescente;C�u Claro;Simples;Reta;Sim;3;0;1;0;2;0;1;2;-20,26490506;-42,0358125;SPRF-MG;DEL06-MG;UOP03-DEL06-MG;;;
693629;25/05/2025;domingo;12:52:00;SC;101;207,8;SAO JOSE;Manobra de mudan�a de faixa;Colis�o lateral mesmo sentido;Com V�timas Feridas;Pleno dia;Crescente;Nublado;M�ltipla;Declive;Sim;3;0;2;0;1;0;2;2;-27,60710882;-48,63490552;SPRF-SC;DEL01-SC;UOP01-DEL01-SC;;;
693630;25/05/2025;domingo;13:40:00;MG;381;619,8;OLIVEIRA;Aus�ncia de rea��o do condutor;Sa�da de leito carro��vel;Com V�timas Feridas;Pleno dia;Decrescente;C�u Claro;Dupla;"Declive;Reta";N�o;1;0;0;1;0;0;1;1;-20,695389;-44,8280589;SPRF-MG;DEL04-MG;UOP01-DEL04-MG;;;
693631;25/05/2025;domingo;14:00:00;ES;101;195,3;ARACRUZ;Convers�o proibida;Colis�o transversal;Com V�timas Feridas;Pleno dia;Crescente;C�u Claro;Simples;"Reta;Declive";N�o;4;0;1;1;2;0;2;2;-19,70218142;-40,32486602;SPRF-ES;DEL04-ES;UOP01-DEL04-ES;;;
693632;25/05/2025;domingo;11:55:00;RO;364;209,7;PIMENTA BUENO;Acumulo de �gua sobre o pavimento;Sa�da de leito carro��vel;Sem V�timas;Pleno dia;Crescente;Chuva;Simples;Reta;N�o;4;0;0;0;4;0;0;1;-11,590718;-61,251572;SPRF-RO;DEL02-RO;UOP02-DEL02-RO;;;
693633;25/05/2025;domingo;10:30:00;SC;101;57;ARAQUARI;Demais falhas mec�nicas ou el�tricas;Queda de ocupante de ve�culo;Com V�timas Feridas;Pleno dia;Decrescente;C�u Claro;Dupla;Reta;Sim;1;0;1;0;0;0;1;1;-26,43683862;-48,80933762;SPRF-SC;DEL03-SC;UOP01-DEL03-SC;;;
693634;25/05/2025;domingo;12:46:00;BA;349;936;CORRENTINA;Rea��o tardia ou ineficiente do condutor;Sa�da de leito carro��vel;Com V�timas Feridas;Pleno dia;Decrescente;Sol;Simples;"Reta;Declive";N�o;1;0;1;0;0;0;1;1;-13,3866;-44,6824;SPRF-BA;DEL10-BA;UOP02-DEL10-BA;;;
693635;25/05/2025;domingo;08:30:00;RO;364;110;VILHENA;Velocidade Incompat�vel;Queda de ocupante de ve�culo;Com V�timas Feridas;Pleno dia;Decrescente;Sol;Simples;Reta;N�o;1;0;0;1;0;0;1;1;-12,38472334;-60,61794341;SPRF-RO;DEL04-RO;UOP01-DEL04-RO;;;
693636;25/05/2025;domingo;05:00:00;GO;60;69;ABADIANIA;Acessar a via sem observar a presen�a dos outros ve�culos;Colis�o transversal;Com V�timas Fatais;Plena Noite;Crescente;Ignorado;Dupla;"Reta;Aclive;Interse��o de Vias;Retorno Regulamentado";N�o;2;1;0;0;0;1;0;2;-16,242582;-48,760983;SPRF-GO;DEL02-GO;UOP01-DEL02-GO;;;
693638;25/05/2025;domingo;14:00:00;MG;116;582,1;MANHUACU;Aus�ncia de rea��o do condutor;Tombamento;Com V�timas Feridas;Pleno dia;Decrescente;C�u Claro;Simples;Reta;N�o;1;0;1;0;0;0;1;1;-20,21212284;-42,18182087;SPRF-MG;DEL06-MG;UOP03-DEL06-MG;;;
693639;25/05/2025;domingo;13:50:00;PE;101;44;IGARASSU;Animais na Pista;Atropelamento de Animal;Com V�timas Feridas;Pleno dia;Crescente;C�u Claro;Dupla;Reta;Sim;2;0;2;0;0;0;2;1;-7,854415;-34,908822;SPRF-PE;DEL01-PE;UOP02-DEL01-PE;;;
693640;25/05/2025;domingo;14:30:00;MG;381;513;IGARAPE;Aus�ncia de rea��o do condutor;Tombamento;Com V�timas Feridas;Pleno dia;Crescente;C�u Claro;Dupla;"Reta;Aclive";N�o;1;0;0;1;0;0;1;1;-20,106578;-44,323334;SPRF-MG;DEL01-MG;UOP03-DEL01-MG;;;
693642;25/05/2025;domingo;14:50:00;MG;40;527;CONTAGEM;Rea��o tardia ou ineficiente do condutor;Sa�da de leito carro��vel;Com V�timas Feridas;Pleno dia;Decrescente;C�u Claro;Simples;"Curva;Declive";Sim;1;0;1;0;0;0;1;1;-19,90180832;-44,04886119;SPRF-MG;DEL01-MG;UOP02-DEL01-MG;;;
693643;25/05/2025;domingo;15:30:00;MG;40;525,4;CONTAGEM;Rea��o tardia ou ineficiente do condutor;Tombamento;Com V�timas Feridas;Pleno dia;Decrescente;C�u Claro;Dupla;Reta;Sim;1;0;0;1;0;0;1;1;-19,88596657;-44,05034158;SPRF-MG;DEL01-MG;UOP02-DEL01-MG;;;
693644;25/05/2025;domingo;14:55:00;RS;116;231;IVOTI;Acessar a via sem observar a presen�a dos outros ve�culos;Colis�o transversal;Com V�timas Feridas;Pleno dia;Decrescente;Nublado;Dupla;"Reta;Retorno Regulamentado";N�o;6;0;3;0;2;1;3;3;-29,626097;-51,137259;SPRF-RS;DEL01-RS;UOP02-DEL01-RS;;;
693645;25/05/2025;domingo;14:55:00;PR;158;515,9;PATO BRANCO;Rea��o tardia ou ineficiente do condutor;Queda de ocupante de ve�culo;Com V�timas Feridas;Pleno dia;Crescente;C�u Claro;M�ltipla;Reta;N�o;1;0;1;0;0;0;1;1;-26,07783115;-52,63944626;SPRF-PR;DEL02-PR;UOP01-DEL02-PR;;;
693646;25/05/2025;domingo;10:50:00;RJ;116;123;MAGE;Demais falhas mec�nicas ou el�tricas;Tombamento;Com V�timas Feridas;Pleno dia;Crescente;Sol;Dupla;Reta;N�o;2;0;1;0;1;0;1;1;-22,64122056;-43,06244597;SPRF-RJ;DEL04-RJ;UOP02-DEL04-RJ;;;
693647;25/05/2025;domingo;15:50:00;MG;262;380;MATEUS LEME;Aus�ncia de rea��o do condutor;Queda de ocupante de ve�culo;Com V�timas Feridas;Pleno dia;Crescente;C�u Claro;Dupla;Curva;N�o;2;0;1;0;1;0;1;1;-19,93570304;-44,4417804;SPRF-MG;DEL01-MG;UOP03-DEL01-MG;;;
693648;25/05/2025;domingo;15:30:00;SC;101;364;SANGAO;Rea��o tardia ou ineficiente do condutor;Sa�da de leito carro��vel;Com V�timas Feridas;Pleno dia;Decrescente;C�u Claro;Dupla;Reta;N�o;2;0;1;0;1;0;1;1;-28,68252395;-49,14628476;SPRF-SC;DEL02-SC;UOP01-DEL02-SC;;;
693650;25/05/2025;domingo;10:00:00;MG;116;409,1;GOVERNADOR VALADARES;Condutor Dormindo;Sa�da de leito carro��vel;Com V�timas Feridas;Pleno dia;Crescente;C�u Claro;Simples;Retorno Regulamentado;Sim;3;0;3;0;0;0;3;1;-18,8678144;-41,959424;SPRF-MG;DEL06-MG;UOP01-DEL06-MG;;;
693651;25/05/2025;domingo;14:10:00;GO;153;128;ESTRELA DO NORTE;Rea��o tardia ou ineficiente do condutor;Colis�o traseira;Com V�timas Feridas;Pleno dia;Crescente;C�u Claro;Simples;Reta;N�o;6;0;4;0;2;0;4;2;-13,90158;-49,06111;SPRF-GO;DEL07-GO;UOP01-DEL07-GO;;;
693652;25/05/2025;domingo;16:15:00;RS;392;24;RIO GRANDE;Rea��o tardia ou ineficiente do condutor;Sa�da de leito carro��vel;Com V�timas Feridas;Pleno dia;Decrescente;C�u Claro;Dupla;Reta;N�o;2;0;2;0;0;0;2;1;-32,08594451;-52,23776937;SPRF-RS;DEL07-RS;UOP02-DEL07-RS;;;
693655;09/05/2025;sexta-feira;11:25:00;ES;101;265,5;SERRA;Condutor desrespeitou a ilumina��o vermelha do sem�foro;Colis�o transversal;Com V�timas Feridas;Pleno dia;Crescente;C�u Claro;M�ltipla;Reta;Sim;2;0;2;0;0;0;2;2;-20,1906852;-40,26840712;SPRF-ES;DEL02-ES;UOP01-DEL02-ES;;;
693656;25/05/2025;domingo;14:00:00;BA;116;186;CANUDOS;Animais na Pista;Sa�da de leito carro��vel;Com V�timas Feridas;Pleno dia;Decrescente;C�u Claro;Simples;Reta;N�o;1;0;1;0;0;0;1;1;-9,86533465;-39,16260322;SPRF-BA;DEL07-BA;UOP03-DEL07-BA;;;
693658;25/05/2025;domingo;17:10:00;SC;282;23,2;SANTO AMARO DA IMPERATRIZ;Condutor deixou de manter dist�ncia do ve�culo da frente;Colis�o traseira;Com V�timas Feridas;Pleno dia;Crescente;Nublado;Simples;Reta;N�o;3;0;2;0;1;0;2;2;-27,68626424;-48,74153137;SPRF-SC;DEL01-SC;UOP02-DEL01-SC;;;
693659;25/05/2025;domingo;13:40:00;RJ;101;532;ANGRA DOS REIS;Convers�o proibida;Colis�o transversal;Com V�timas Feridas;Pleno dia;Crescente;C�u Claro;Simples;"Interse��o de Vias;Ponte;Curva";Sim;2;0;0;1;1;0;1;2;-23,01749085;-44,52963559;SPRF-RJ;DEL03-RJ;UOP03-DEL03-RJ;;;
693660;25/05/2025;domingo;15:30:00;MA;230;401,8;BALSAS;Aus�ncia de rea��o do condutor;Sa�da de leito carro��vel;Com V�timas Feridas;Pleno dia;Decrescente;C�u Claro;Simples;Reta;Sim;2;0;0;2;0;0;2;1;-7,510048;-46,032373;SPRF-MA;DEL05-MA;UOP01-DEL05-MA;;;
693661;25/05/2025;domingo;16:30:00;MS;267;300;RIO BRILHANTE;Desrespeitar a prefer�ncia no cruzamento;Colis�o transversal;Com V�timas Feridas;Pleno dia;Crescente;C�u Claro;Simples;Rotat�ria;N�o;8;0;5;0;1;2;5;3;-21,7442563;-54,6088228;SPRF-MS;DEL02-MS;UOP02-DEL02-MS;;;
693663;25/05/2025;domingo;17:15:00;PR;376;615;SAO JOSE DOS PINHAIS;Manobra de mudan�a de faixa;Queda de ocupante de ve�culo;Com V�timas Feridas;Anoitecer;Decrescente;Nublado;Dupla;"Reta;Declive";N�o;1;0;1;0;0;0;1;1;-25,574195;-49,179788;SPRF-PR;DEL01-PR;UOP04-DEL01-PR;;;
693664;25/05/2025;domingo;18:00:00;SP;116;283;EMBU DAS ARTES;Acessar a via sem observar a presen�a dos outros ve�culos;Colis�o lateral mesmo sentido;Sem V�timas;Plena Noite;Decrescente;C�u Claro;Dupla;Reta;Sim;2;0;0;0;2;0;0;2;-23,66937153;-46,85573203;SPRF-SP;DEL04-SP;UOP01-DEL04-SP;;;
693667;25/05/2025;domingo;18:20:00;SP;381;56;MAIRIPORA;Manobra de mudan�a de faixa;Colis�o lateral mesmo sentido;Com V�timas Feridas;Plena Noite;Crescente;C�u Claro;Dupla;"Reta;Aclive";N�o;4;0;1;0;3;0;1;2;-23,2578944;-46,5910262;SPRF-SP;DEL03-SP;UOP01-DEL03-SP;;;
693668;25/05/2025;domingo;18:05:00;PR;376;232;APUCARANA;Aus�ncia de rea��o do condutor;Sa�da de leito carro��vel;Com V�timas Feridas;Plena Noite;Crescente;C�u Claro;Dupla;Retorno Regulamentado;N�o;2;0;1;0;1;0;1;1;-23,56856;-51,511327;SPRF-PR;DEL07-PR;UOP03-DEL07-PR;;;
693669;25/05/2025;domingo;17:15:00;GO;60;5,9;SANTO ANTONIO DO DESCOBERTO;Avarias e/ou desgaste excessivo no pneu;Queda de ocupante de ve�culo;Com V�timas Feridas;Pleno dia;Decrescente;C�u Claro;Dupla;Retorno Regulamentado;N�o;2;0;2;0;0;0;2;1;-16,09700025;-48,28411818;SPRF-DF;DEL03-DF;UOP01-DEL03-DF;;;
693670;25/05/2025;domingo;18:50:00;MG;381;662,4;SANTO ANTONIO DO AMPARO;Pedestre andava na pista;Atropelamento de Pedestre;Com V�timas Fatais;Plena Noite;Decrescente;Nublado;Dupla;"Reta;Declive";N�o;5;1;0;0;2;2;0;3;-21,02378372;-44,99639511;SPRF-MG;DEL04-MG;UOP02-DEL04-MG;;;
693671;25/05/2025;domingo;17:56:00;ES;101;271;SERRA;Condutor deixou de manter dist�ncia do ve�culo da frente;Colis�o traseira;Com V�timas Feridas;Anoitecer;Decrescente;C�u Claro;Dupla;Reta;Sim;3;0;1;0;1;1;1;2;-20,23044915;-40,28023481;SPRF-ES;DEL02-ES;UOP01-DEL02-ES;;;
693672;25/05/2025;domingo;18:00:00;PR;369;151;LONDRINA;Aus�ncia de rea��o do condutor;Colis�o traseira;Sem V�timas;Pleno dia;Crescente;C�u Claro;Dupla;Reta;Sim;3;0;0;0;2;1;0;3;-23,293;-51,171;SPRF-PR;DEL07-PR;UOP01-DEL07-PR;;;
693674;25/05/2025;domingo;16:25:00;PI;343;331,1;TERESINA;Aus�ncia de rea��o do condutor;Colis�o traseira;Sem V�timas;Pleno dia;Crescente;C�u Claro;Simples;Reta;N�o;3;0;0;0;2;1;0;2;-5,058865;-42,663586;SPRF-PI;DEL01-PI;UOP01-DEL01-PI;;;
693675;25/05/2025;domingo;18:30:00;SP;116;224;GUARULHOS;Trafegar com motocicleta (ou similar) entre as faixas;Colis�o lateral mesmo sentido;Com V�timas Feridas;Plena Noite;Crescente;C�u Claro;M�ltipla;Reta;Sim;4;0;1;0;3;0;1;2;-23,48326;-46,537346;SPRF-SP;DEL01-SP;UOP01-DEL01-SP;;;
693676;25/05/2025;domingo;17:00:00;PI;316;6;TERESINA;Aus�ncia de rea��o do condutor;Sa�da de leito carro��vel;Sem V�timas;Anoitecer;Crescente;C�u Claro;Dupla;Curva;N�o;2;0;0;0;2;0;0;1;-5,14659;-42,774828;SPRF-PI;DEL01-PI;UOP02-DEL01-PI;;;
693677;25/05/2025;domingo;18:00:00;MS;163;394;NOVA ALVORADA DO SUL;Frear bruscamente;Colis�o transversal;Com V�timas Feridas;Plena Noite;Crescente;C�u Claro;Simples;Reta;N�o;3;0;0;1;2;0;1;2;-21,4849631;-54,3036056;SPRF-MS;DEL02-MS;UOP01-DEL02-MS;;;
693678;25/05/2025;domingo;18:45:00;RJ;116;169;RIO DE JANEIRO;Mal s�bito do condutor;Queda de ocupante de ve�culo;Com V�timas Feridas;Plena Noite;Decrescente;C�u Claro;M�ltipla;"Reta;Aclive";N�o;1;0;0;1;0;0;1;1;-22,81817211;-43,32156865;SPRF-RJ;DEL06-RJ;UOP01-DEL06-RJ;;;
693679;25/05/2025;domingo;19:15:00;RN;226;12;MACAIBA;Ultrapassagem Indevida;Queda de ocupante de ve�culo;Com V�timas Feridas;Plena Noite;Decrescente;C�u Claro;Simples;Reta;Sim;2;0;2;0;0;0;2;1;-5,85485229;-35,32962799;SPRF-RN;DEL01-RN;UOP02-DEL01-RN;;;
693681;25/05/2025;domingo;19:25:00;ES;101;100;JAGUARE;Acessar a via sem observar a presen�a dos outros ve�culos;Atropelamento de Pedestre;Com V�timas Feridas;Plena Noite;Decrescente;Chuva;Simples;Interse��o de Vias;Sim;2;0;1;0;1;0;1;2;-18,96626041;-39,98881213;SPRF-ES;DEL04-ES;UOP02-DEL04-ES;;;
693682;25/05/2025;domingo;18:40:00;SC;101;126,9;ITAJAI;Aus�ncia de rea��o do condutor;Sa�da de leito carro��vel;Com V�timas Feridas;Plena Noite;Crescente;C�u Claro;Dupla;Reta;N�o;1;0;1;0;0;0;1;1;-26,97070294;-48,6823833;SPRF-SC;DEL04-SC;UOP04-DEL04-SC;;;
693683;25/05/2025;domingo;19:20:00;RS;101;82;OSORIO;Demais falhas mec�nicas ou el�tricas;Tombamento;Com V�timas Feridas;Plena Noite;Crescente;C�u Claro;Dupla;Reta;Sim;2;0;2;0;0;0;2;1;-29,848934;-50,245673;SPRF-RS;DEL03-RS;UOP01-DEL03-RS;;;
693684;25/05/2025;domingo;18:04:00;GO;153;605;MORRINHOS;Aus�ncia de rea��o do condutor;Sa�da de leito carro��vel;Sem V�timas;Anoitecer;Crescente;C�u Claro;Dupla;"Reta;Declive";N�o;1;0;0;0;1;0;0;1;-17,587655;-49,193811;SPRF-GO;DEL03-GO;UOP01-DEL03-GO;;;
693685;25/05/2025;domingo;19:06:00;RS;116;224;DOIS IRMAOS;Ingest�o de �lcool pelo condutor;Sa�da de leito carro��vel;Sem V�timas;Plena Noite;Decrescente;Nublado;Simples;Curva;N�o;1;0;0;0;1;0;0;1;-29,59365759;-51,10801723;SPRF-RS;DEL01-RS;UOP02-DEL01-RS;;;
693687;25/05/2025;domingo;19:00:00;CE;20;205,2;BOA VIAGEM;Manobra de mudan�a de faixa;Colis�o lateral sentido oposto;Com V�timas Feridas;Plena Noite;Decrescente;Nublado;Simples;Reta;N�o;2;0;0;1;1;0;1;2;-5,11385565;-39,72141266;SPRF-CE;DEL02-CE;UOP02-DEL02-CE;;;
693688;25/05/2025;domingo;18:40:00;RS;472;186,2;SANTO CRISTO;Ingest�o de �lcool pelo condutor;Sa�da de leito carro��vel;Sem V�timas;Plena Noite;Decrescente;Nublado;Simples;Reta;N�o;1;0;0;0;0;1;0;1;-27,83842059;-54,62399896;SPRF-RS;DEL10-RS;UOP01-DEL10-RS;;;
693689;25/05/2025;domingo;18:35:00;SP;101;52;UBATUBA;Velocidade Incompat�vel;Tombamento;Com V�timas Feridas;Plena Noite;Crescente;C�u Claro;Simples;Rotat�ria;Sim;1;0;1;0;0;0;1;1;-23,46316222;-45,06448952;SPRF-SP;DEL06-SP;UOP01-DEL06-SP;;;
693690;25/05/2025;domingo;17:45:00;MG;40;648,1;CONGONHAS;Aus�ncia de rea��o do condutor;Sa�da de leito carro��vel;Com V�timas Feridas;Anoitecer;Decrescente;C�u Claro;Simples;"Reta;Aclive";N�o;3;0;3;0;0;0;3;1;-20,4768195;-43,8424338;SPRF-MG;DEL05-MG;UOP02-DEL05-MG;;;
693691;25/05/2025;domingo;18:20:00;SC;101;451,2;SAO JOAO DO SUL;Rea��o tardia ou ineficiente do condutor;Colis�o com objeto;Com V�timas Feridas;Plena Noite;Crescente;Nublado;M�ltipla;"Reta;Declive;Viaduto";Sim;2;0;1;0;1;0;1;1;-29,18681656;-49,75457279;SPRF-SC;DEL02-SC;UOP02-DEL02-SC;;;
693692;25/05/2025;domingo;20:03:00;GO;414;424,5;ABADIANIA;Ultrapassagem Indevida;Colis�o frontal;Com V�timas Feridas;Plena Noite;Decrescente;C�u Claro;Simples;Aclive;N�o;8;0;0;2;6;0;2;2;-16,152932;-48,88906;SPRF-GO;DEL02-GO;UOP01-DEL02-GO;;;
693693;25/05/2025;domingo;19:05:00;PI;316;318;PICOS;Animais na Pista;Atropelamento de Animal;Com V�timas Feridas;Plena Noite;Decrescente;C�u Claro;Dupla;Reta;Sim;1;0;1;0;0;0;1;1;-7,08385788;-41,40953064;SPRF-PI;DEL04-PI;UOP01-DEL04-PI;;;
693694;25/05/2025;domingo;18:48:00;MS;163;488;CAMPO GRANDE;Acessar a via sem observar a presen�a dos outros ve�culos;Colis�o lateral mesmo sentido;Sem V�timas;Plena Noite;Crescente;C�u Claro;Simples;"Interse��o de Vias;Reta;Declive";Sim;3;0;0;0;3;0;0;2;-20,42084398;-54,54635588;SPRF-MS;DEL01-MS;UOP02-DEL01-MS;;;
693695;25/05/2025;domingo;19:50:00;PE;232;409;SERRA TALHADA;Manobra de mudan�a de faixa;Colis�o lateral mesmo sentido;Sem V�timas;Plena Noite;Decrescente;Nublado;Dupla;"Reta;Interse��o de Vias;Viaduto";Sim;2;0;0;0;1;1;0;2;-7,98219005;-38,28933332;SPRF-PE;DEL04-PE;UOP01-DEL04-PE;;;
693696;25/05/2025;domingo;20:30:00;PE;101;44,3;IGARASSU;Acessar a via sem observar a presen�a dos outros ve�culos;Colis�o transversal;Com V�timas Feridas;Plena Noite;Crescente;Nublado;M�ltipla;"Reta;Interse��o de Vias";Sim;3;0;0;2;1;0;2;2;-7,85796151;-34,9084568;SPRF-PE;DEL01-PE;UOP02-DEL01-PE;;;
693697;25/05/2025;domingo;15:40:00;CE;222;232;SOBRAL;Acumulo de �gua sobre o pavimento;Sa�da de leito carro��vel;Com V�timas Feridas;Pleno dia;Crescente;Chuva;Simples;Reta;N�o;5;0;0;5;0;0;5;1;-3,71020871;-40,41683285;SPRF-CE;DEL04-CE;UOP01-DEL04-CE;;;
693698;25/05/2025;domingo;20:10:00;SP;153;63,8;SAO JOSE DO RIO PRETO;Aus�ncia de rea��o do condutor;Colis�o com objeto;Sem V�timas;Plena Noite;Crescente;C�u Claro;Dupla;"Curva;Declive";Sim;2;0;0;0;1;1;0;1;-20,8549661;-49,4047584;SPRF-SP;DEL09-SP;UOP01-DEL09-SP;;;
693701;25/05/2025;domingo;19:40:00;MT;70;7;CUIABA;Aus�ncia de rea��o do condutor;Sa�da de leito carro��vel;Com V�timas Feridas;Plena Noite;Decrescente;C�u Claro;Dupla;Curva;Sim;1;0;1;0;0;0;1;1;-15,613952;-56,1020928;SPRF-MT;DEL07-MT;UOP01-DEL07-MT;;;
693702;25/05/2025;domingo;21:00:00;MG;262;364;JUATUBA;Aus�ncia de rea��o do condutor;Colis�o traseira;Com V�timas Feridas;Plena Noite;Decrescente;C�u Claro;Dupla;"Reta;Aclive";N�o;2;0;1;0;1;0;1;2;-19,9725421;-44,28245544;SPRF-MG;DEL01-MG;UOP03-DEL01-MG;;;
693703;25/05/2025;domingo;20:00:00;SC;470;170,8;POUSO REDONDO;Pedestre andava na pista;Atropelamento de Pedestre;Com V�timas Feridas;Plena Noite;Decrescente;Nublado;Simples;Reta;N�o;3;0;0;1;1;1;1;2;-27,260264;-49,901399;SPRF-SC;DEL04-SC;UOP02-DEL04-SC;;;
693705;25/05/2025;domingo;19:50:00;AL;316;252;PILAR;Ultrapassagem Indevida;Colis�o lateral sentido oposto;Com V�timas Feridas;Plena Noite;Decrescente;Nublado;Simples;Reta;Sim;2;0;0;1;1;0;1;2;-9,57675068;-35,96304025;SPRF-AL;DEL02-AL;UOP01-DEL02-AL;;;
693706;25/05/2025;domingo;19:30:00;RS;116;402;CAMAQUA;Aus�ncia de rea��o do condutor;Sa�da de leito carro��vel;Com V�timas Feridas;Plena Noite;Decrescente;Nublado;Dupla;"Retorno Regulamentado;Reta";N�o;2;0;2;0;0;0;2;1;-30,882262;-51,826553;SPRF-RS;DEL02-RS;UOP02-DEL02-RS;;;
693707;25/05/2025;domingo;17:25:00;AL;101;148,5;JEQUIA DA PRAIA;Velocidade Incompat�vel;Capotamento;Com V�timas Feridas;Anoitecer;Crescente;Nublado;Dupla;"Curva;Declive";N�o;1;0;1;0;0;0;1;1;-9,886377;-36,137849;SPRF-AL;DEL02-AL;UOP01-DEL02-AL;;;
693708;25/05/2025;domingo;21:10:00;BA;101;104;ALAGOINHAS;Rea��o tardia ou ineficiente do condutor;Queda de ocupante de ve�culo;Com V�timas Feridas;Plena Noite;Decrescente;Nublado;Simples;"Aclive;Reta";N�o;1;0;1;0;0;0;1;1;-12,113771;-38,389476;SPRF-BA;DEL01-BA;UOP04-DEL01-BA;;;
693709;25/05/2025;domingo;21:30:00;SP;381;14;BRAGANCA PAULISTA;Condutor deixou de manter dist�ncia do ve�culo da frente;Colis�o lateral mesmo sentido;Com V�timas Feridas;Plena Noite;Crescente;C�u Claro;Dupla;Aclive;N�o;3;0;2;0;1;0;2;3;-22,94163752;-46,47388458;SPRF-SP;DEL03-SP;UOP02-DEL03-SP;;;
693710;25/05/2025;domingo;19:00:00;PI;230;189,3;OEIRAS;Acesso irregular;Colis�o transversal;Com V�timas Feridas;Plena Noite;Decrescente;C�u Claro;Simples;Reta;N�o;2;0;0;1;0;1;1;2;-6,982728;-42,065967;SPRF-PI;DEL04-PI;UOP01-DEL04-PI;;;
693711;25/05/2025;domingo;21:30:00;PB;101;86;BAYEUX;Aus�ncia de rea��o do condutor;Colis�o lateral mesmo sentido;Com V�timas Feridas;Pleno dia;Crescente;C�u Claro;Dupla;Rotat�ria;Sim;4;0;3;1;0;0;4;2;-7,150005;-34,911385;SPRF-PB;DEL01-PB;UOP01-DEL01-PB;;;
693712;25/05/2025;domingo;21:45:00;PB;230;26;JOAO PESSOA;Avarias e/ou desgaste excessivo no pneu;Queda de ocupante de ve�culo;Com V�timas Feridas;Pleno dia;Decrescente;C�u Claro;Dupla;Reta;Sim;2;0;2;0;0;0;2;1;-7,168247;-34,884475;SPRF-PB;DEL01-PB;UOP01-DEL01-PB;;;
693713;25/05/2025;domingo;19:45:00;RS;392;340;SANTA MARIA;Aus�ncia de rea��o do condutor;Colis�o com objeto;Com V�timas Feridas;Pleno dia;Crescente;Garoa/Chuvisco;Simples;"Reta;Ponte";N�o;5;0;2;0;0;3;2;2;-29,81189164;-53,77234396;SPRF-RS;DEL09-RS;UOP01-DEL09-RS;;;
693714;25/05/2025;domingo;20:15:00;RS;470;177,5;VERANOPOLIS;Convers�o proibida;Colis�o transversal;Com V�timas Feridas;Plena Noite;Decrescente;Garoa/Chuvisco;Simples;"Interse��o de Vias;Reta";Sim;4;0;2;0;2;0;2;2;-28,94086038;-51,54800755;SPRF-RS;DEL06-RS;UOP02-DEL06-RS;;;
693715;25/05/2025;domingo;18:50:00;PI;230;197;OEIRAS;Condutor deixou de manter dist�ncia do ve�culo da frente;Colis�o traseira;Com V�timas Feridas;Plena Noite;Crescente;C�u Claro;Simples;Reta;Sim;2;0;1;0;0;1;1;2;-7,00689;-42,12146;SPRF-PI;DEL04-PI;UOP01-DEL04-PI;;;
693716;25/05/2025;domingo;22:10:00;MG;459;82,4;CONGONHAL;Estacionar ou parar em local proibido;Colis�o com objeto;Com V�timas Feridas;Plena Noite;Decrescente;Nevoeiro/Neblina;Simples;Reta;N�o;5;0;1;0;3;1;1;3;-22,157354;-46,093394;SPRF-MG;DEL09-MG;UOP01-DEL09-MG;;;
693717;25/05/2025;domingo;22:35:00;RS;116;243;SAO LEOPOLDO;Ingest�o de �lcool pelo condutor;Colis�o com objeto;Sem V�timas;Plena Noite;Decrescente;Nublado;Simples;"Interse��o de Vias;Curva";Sim;1;0;0;0;1;0;0;1;-29,7306571;-51,14921093;SPRF-RS;DEL01-RS;UOP02-DEL01-RS;;;
693718;25/05/2025;domingo;22:00:00;SC;158;116,2;CAIBI;Ingest�o de �lcool pelo condutor;Sa�da de leito carro��vel;Com V�timas Feridas;Plena Noite;Crescente;C�u Claro;Simples;Reta;N�o;1;0;1;0;0;0;1;1;-26,9650366;-53,2141782;SPRF-SC;DEL07-SC;UOP02-DEL07-SC;;;
693719;25/05/2025;domingo;22:20:00;PE;428;189;PETROLINA;Transitar na contram�o;Colis�o lateral sentido oposto;Com V�timas Feridas;Plena Noite;Crescente;C�u Claro;Dupla;Reta;Sim;2;0;1;0;1;0;1;2;-9,37677055;-40,49794436;SPRF-PE;DEL06-PE;UOP01-DEL06-PE;;;
693720;25/05/2025;domingo;11:00:00;RS;392;198;SANTANA DA BOA VISTA;Aus�ncia de rea��o do condutor;Sa�da de leito carro��vel;Com V�timas Feridas;Pleno dia;Crescente;Nevoeiro/Neblina;Simples;Curva;N�o;1;0;0;1;0;0;1;1;-30,89574359;-53,11546326;SPRF-RS;DEL09-RS;UOP02-DEL09-RS;;;