id;data_inversa;dia_semana;horario;uf;br;km;municipio;causa_acidente;tipo_acidente;classificacao_acidente;fase_dia;sentido_via;condicao_metereologica;tipo_pista;tracado_via;uso_solo;pessoas;mortos;feridos_leves;feridos_graves;ilesos;ignorados;feridos;veiculos;latitude;longitude;regional;delegacia;uop;;;
693723;25/05/2025;domingo;22:00:00;BA;116;15,8;VITORIA DA CONQUISTA;Ingest�o de �lcool pelo condutor;Colis�o traseira;Com V�timas Feridas;Plena Noite;Decrescente;Nublado;Simples;Reta;Sim;4;0;1;1;1;1;2;2;-14,90126;-40,852059;SPRF-BA;DEL08-BA;UOP01-DEL08-BA;;;
693725;25/05/2025;domingo;23:00:00;RJ;116;202;SEROPEDICA;Rea��o tardia ou ineficiente do condutor;Capotamento;Com V�timas Feridas;Plena Noite;Decrescente;C�u Claro;M�ltipla;Reta;Sim;3;0;1;0;2;0;1;1;-22,72362378;-43,66756439;SPRF-RJ;DEL06-RJ;UOP02-DEL06-RJ;;;
693726;25/05/2025;domingo;20:00:00;PR;153;340,8;IRATI;Rea��o tardia ou ineficiente do condutor;Sa�da de leito carro��vel;Com V�timas Fatais;Plena Noite;Crescente;Nublado;Simples;Reta;N�o;1;1;0;0;0;0;0;1;-25,541365;-50,663067;SPRF-PR;DEL08-PR;UOP02-DEL08-PR;;;
693727;25/05/2025;domingo;19:30:00;BA;116;269;TUCANO;Ingest�o de �lcool pelo condutor;Colis�o frontal;Com V�timas Feridas;Plena Noite;Decrescente;Nublado;Simples;Reta;N�o;3;0;0;1;1;1;1;2;-10,92883;-38,81963;SPRF-BA;DEL07-BA;UOP02-DEL07-BA;;;
693728;25/05/2025;domingo;22:55:00;PR;277;717;SANTA TEREZINHA DE ITAIPU;Aus�ncia de rea��o do condutor;Sa�da de leito carro��vel;Sem V�timas;Plena Noite;Crescente;C�u Claro;Dupla;Reta;N�o;3;0;0;0;3;0;0;1;-25,47621896;-54,47585519;SPRF-PR;DEL05-PR;UOP01-DEL05-PR;;;
693729;25/05/2025;domingo;21:20:00;MA;402;20,6;ROSARIO;Aus�ncia de rea��o do condutor;Colis�o transversal;Com V�timas Feridas;Plena Noite;Decrescente;Garoa/Chuvisco;Simples;Reta;N�o;3;0;0;2;1;0;2;2;-2,94592293;-44,21105057;SPRF-MA;DEL01-MA;UOP01-DEL01-MA;;;
693730;25/05/2025;domingo;23:55:00;ES;101;304,8;VIANA;Aus�ncia de rea��o do condutor;Tombamento;Com V�timas Feridas;Plena Noite;Crescente;Chuva;Dupla;Reta;Sim;1;0;1;0;0;0;1;1;-20,38267822;-40,45925617;SPRF-ES;DEL01-ES;UOP01-DEL01-ES;;;
693731;26/05/2025;segunda-feira;00:15:00;RN;101;79;SAO GONCALO DO AMARANTE;Ingest�o de �lcool pelo condutor;Sa�da de leito carro��vel;Com V�timas Feridas;Plena Noite;Crescente;C�u Claro;Dupla;Reta;Sim;1;0;1;0;0;0;1;1;-5,7487537;-35,3265904;SPRF-RN;DEL02-RN;UOP01-DEL02-RN;;;
693732;25/05/2025;domingo;23:35:00;SC;101;207;SAO JOSE;Manobra de mudan�a de faixa;Colis�o lateral mesmo sentido;Com V�timas Feridas;Plena Noite;Crescente;Nublado;M�ltipla;Curva;Sim;2;0;2;0;0;0;2;2;-27,60313;-48,63056;SPRF-SC;DEL01-SC;UOP01-DEL01-SC;;;
693733;26/05/2025;segunda-feira;00:15:00;SC;158;111,9;CUNHA PORA;Ingest�o de �lcool pelo condutor;Sa�da de leito carro��vel;Sem V�timas;Plena Noite;Crescente;C�u Claro;Simples;Rotat�ria;N�o;1;0;0;0;1;0;0;1;-26,90494534;-53,18786144;SPRF-SC;DEL07-SC;UOP02-DEL07-SC;;;
693734;25/05/2025;domingo;23:00:00;PE;232;145,8;SAO CAITANO;Aus�ncia de rea��o do condutor;Queda de ocupante de ve�culo;Com V�timas Fatais;Anoitecer;Decrescente;Garoa/Chuvisco;M�ltipla;Declive;Sim;2;1;1;0;0;0;1;1;-8,332462;-36,128072;SPRF-PE;DEL03-PE;UOP02-DEL03-PE;;;
693735;26/05/2025;segunda-feira;00:26:00;MG;40;530,8;CONTAGEM;Rea��o tardia ou ineficiente do condutor;Tombamento;Com V�timas Feridas;Plena Noite;Crescente;C�u Claro;Dupla;Curva;Sim;2;0;0;2;0;0;2;1;-19,91924044;-44,02669496;SPRF-MG;DEL01-MG;UOP02-DEL01-MG;;;
693737;26/05/2025;segunda-feira;00:55:00;SC;101;131,8;BALNEARIO CAMBORIU;Velocidade Incompat�vel;Sa�da de leito carro��vel;Com V�timas Feridas;Plena Noite;Decrescente;C�u Claro;Dupla;Reta;N�o;2;0;1;0;1;0;1;1;-26,995686;-48,656863;SPRF-SC;DEL04-SC;UOP03-DEL04-SC;;;
693738;26/05/2025;segunda-feira;00:10:00;SC;470;153;AGRONOMICA;Acessar a via sem observar a presen�a dos outros ve�culos;Colis�o transversal;Sem V�timas;Plena Noite;Crescente;Nublado;Simples;Reta;N�o;2;0;0;0;2;0;0;2;-27,27529856;-49,74314259;SPRF-SC;DEL04-SC;UOP02-DEL04-SC;;;
693739;26/05/2025;segunda-feira;00:24:00;SP;116;414;JUQUIA;Entrada inopinada do pedestre;Atropelamento de Pedestre;Com V�timas Fatais;Plena Noite;Crescente;C�u Claro;Dupla;Reta;Sim;2;1;0;0;1;0;0;2;-24,330381;-47,626917;SPRF-SP;DEL05-SP;UOP01-DEL05-SP;;;
693740;25/05/2025;domingo;19:20:00;PE;104;112;PANELAS;Pista esburacada;Queda de ocupante de ve�culo;Com V�timas Fatais;Plena Noite;Crescente;Chuva;Simples;Ponte;N�o;2;1;1;0;0;0;1;1;-8,640435;-36,015344;SPRF-PE;DEL02-PE;NPF/DEL02-PE;;;
693741;26/05/2025;segunda-feira;01:58:00;ES;101;33;PINHEIROS;Rea��o tardia ou ineficiente do condutor;Sa�da de leito carro��vel;Com V�timas Feridas;Plena Noite;Crescente;Chuva;Simples;Reta;N�o;3;0;1;0;2;0;1;1;-18,35874568;-39,95418429;SPRF-ES;DEL04-ES;UOP02-DEL04-ES;;;
693742;26/05/2025;segunda-feira;01:45:00;SC;101;135;BALNEARIO CAMBORIU;Aus�ncia de rea��o do condutor;Colis�o com objeto;Com V�timas Feridas;Plena Noite;Decrescente;C�u Claro;Dupla;Interse��o de Vias;Sim;1;0;1;0;0;0;1;1;-27,00144487;-48,63791715;SPRF-SC;DEL04-SC;UOP03-DEL04-SC;;;
693743;25/05/2025;domingo;22:40:00;BA;235;350;JUAZEIRO;Rea��o tardia ou ineficiente do condutor;Colis�o lateral sentido oposto;Sem V�timas;Plena Noite;Decrescente;C�u Claro;Simples;Reta;Sim;4;0;0;0;4;0;0;2;-9,44785533;-40,48776269;SPRF-PE;DEL06-PE;UOP01-DEL06-PE;;;
693744;26/05/2025;segunda-feira;01:20:00;PB;230;27,2;JOAO PESSOA;Rea��o tardia ou ineficiente do condutor;Tombamento;Com V�timas Feridas;Plena Noite;Decrescente;C�u Claro;Dupla;Curva;Sim;1;0;1;0;0;0;1;1;-7,16624117;-34,88872558;SPRF-PB;DEL01-PB;UOP01-DEL01-PB;;;
693746;25/05/2025;domingo;21:00:00;BA;324;609;SIMOES FILHO;Velocidade Incompat�vel;Capotamento;Com V�timas Feridas;Plena Noite;Crescente;Nublado;Dupla;Reta;Sim;1;0;1;0;0;0;1;1;-12,82509782;-38,40959787;SPRF-BA;DEL01-BA;UOP01-DEL01-BA;;;
693750;26/05/2025;segunda-feira;02:30:00;RJ;101;288;ITABORAI;Transitar na contram�o;Colis�o frontal;Com V�timas Feridas;Plena Noite;Crescente;C�u Claro;Dupla;Reta;Sim;2;0;0;1;1;0;1;2;-22,76161934;-42,84740925;SPRF-RJ;DEL02-RJ;UOP02-DEL02-RJ;;;
693751;25/05/2025;domingo;23:10:00;MG;381;949;EXTREMA;Aus�ncia de rea��o do condutor;Colis�o com objeto;Com V�timas Feridas;Plena Noite;Decrescente;C�u Claro;Dupla;Reta;Sim;1;0;1;0;0;0;1;1;-22,87499311;-46,36594892;SPRF-MG;DEL16-MG;UOP03-DEL16-MG;;;
693753;26/05/2025;segunda-feira;03:40:00;CE;222;2;FORTALEZA;Rea��o tardia ou ineficiente do condutor;Colis�o com objeto;Sem V�timas;Plena Noite;Crescente;C�u Claro;Dupla;Reta;Sim;2;0;0;0;1;1;0;1;-3,73907841;-38,58665586;SPRF-CE;DEL01-CE;UOP01-DEL01-CE;;;
693754;26/05/2025;segunda-feira;04:40:00;SC;101;430,6;SOMBRIO;Condutor deixou de manter dist�ncia do ve�culo da frente;Colis�o traseira;Sem V�timas;Plena Noite;Decrescente;C�u Claro;Dupla;Reta;Sim;3;0;0;0;2;1;0;2;-29,08607355;-49,62965906;SPRF-SC;DEL02-SC;UOP02-DEL02-SC;;;
693755;26/05/2025;segunda-feira;05:05:00;PB;101;86;BAYEUX;Ingest�o de �lcool pelo condutor;Colis�o com objeto;Sem V�timas;Amanhecer;Crescente;C�u Claro;Simples;Reta;Sim;1;0;0;0;1;0;0;1;-7,15048;-34,910868;SPRF-PB;DEL01-PB;UOP01-DEL01-PB;;;
693756;26/05/2025;segunda-feira;05:50:00;PB;230;36,3;SANTA RITA;Demais falhas mec�nicas ou el�tricas;Tombamento;Com V�timas Feridas;Pleno dia;Decrescente;C�u Claro;Dupla;Reta;Sim;1;0;1;0;0;0;1;1;-7,12702337;-34,95017974;SPRF-PB;DEL01-PB;UOP02-DEL01-PB;;;
693758;26/05/2025;segunda-feira;05:32:00;RN;226;61,2;SENADOR ELOI DE SOUZA;Condutor deixou de manter dist�ncia do ve�culo da frente;Colis�o traseira;Com V�timas Feridas;Amanhecer;Crescente;C�u Claro;Simples;Reta;Sim;2;0;1;0;1;0;1;2;-6,04894893;-35,67414921;SPRF-RN;DEL01-RN;UOP02-DEL01-RN;;;
693760;26/05/2025;segunda-feira;01:30:00;RJ;40;122;DUQUE DE CAXIAS;Avarias e/ou desgaste excessivo no pneu;Queda de ocupante de ve�culo;Com V�timas Feridas;Plena Noite;Crescente;C�u Claro;M�ltipla;Reta;Sim;2;0;2;0;0;0;2;1;-22,792385;-43,286785;SPRF-RJ;DEL01-RJ;UOP02-DEL01-RJ;;;
693761;26/05/2025;segunda-feira;05:45:00;BA;324;557;AMELIA RODRIGUES;Manobra de mudan�a de faixa;Colis�o traseira;Com V�timas Feridas;Pleno dia;Decrescente;Nublado;Dupla;Reta;N�o;3;0;1;0;2;0;1;2;-12,4735856;-38,6787026;SPRF-BA;DEL01-BA;UOP03-DEL01-BA;;;
693762;26/05/2025;segunda-feira;05:10:00;SC;282;580;PINHALZINHO;Rea��o tardia ou ineficiente do condutor;Tombamento;Com V�timas Feridas;Plena Noite;Decrescente;C�u Claro;Simples;Rotat�ria;Sim;1;0;1;0;0;0;1;1;-26,8374788;-52,98729181;SPRF-SC;DEL07-SC;UOP02-DEL07-SC;;;
693764;26/05/2025;segunda-feira;06:25:00;BA;324;619;SALVADOR;Aus�ncia de rea��o do condutor;Colis�o traseira;Com V�timas Feridas;Amanhecer;Decrescente;Garoa/Chuvisco;M�ltipla;Reta;Sim;4;0;2;0;2;0;2;2;-12,909925;-38,458139;SPRF-BA;DEL01-BA;UOP01-DEL01-BA;;;
693766;26/05/2025;segunda-feira;06:50:00;SC;470;67,3;INDAIAL;Desrespeitar a prefer�ncia no cruzamento;Colis�o transversal;Com V�timas Feridas;Pleno dia;Crescente;C�u Claro;Simples;Interse��o de Vias;N�o;2;0;0;1;1;0;1;2;-26,8732362;-49,2337154;SPRF-SC;DEL04-SC;UOP01-DEL04-SC;;;
693768;26/05/2025;segunda-feira;07:10:00;DF;70;19;BRASILIA;Mal s�bito do condutor;Sa�da de leito carro��vel;Com V�timas Feridas;Pleno dia;Decrescente;C�u Claro;Dupla;Reta;Sim;1;0;1;0;0;0;1;1;-15,79056045;-48,21500301;SPRF-DF;DEL03-DF;UOP02-DEL03-DF;;;
693770;26/05/2025;segunda-feira;06:15:00;RN;406;156;CEARA-MIRIM;Transitar na contram�o;Colis�o frontal;Com V�timas Fatais;Pleno dia;Crescente;C�u Claro;Simples;"Reta;Aclive";N�o;3;1;0;1;1;0;1;2;-5,68484;-35,394614;SPRF-RN;DEL02-RN;UOP01-DEL02-RN;;;
693771;26/05/2025;segunda-feira;07:30:00;SP;116;146;SAO JOSE DOS CAMPOS;Rea��o tardia ou ineficiente do condutor;Colis�o traseira;Com V�timas Feridas;Pleno dia;Crescente;C�u Claro;Dupla;Reta;Sim;4;0;1;0;3;0;1;2;-23,1823416;-45,84596604;SPRF-SP;DEL02-SP;UOP01-DEL02-SP;;;
693772;26/05/2025;segunda-feira;05:00:00;MT;163;572;NOVA MUTUM;Animais na Pista;Atropelamento de Animal;Com V�timas Feridas;Amanhecer;Decrescente;C�u Claro;Dupla;Reta;N�o;4;0;1;0;3;0;1;1;-14,049092;-56,097207;SPRF-MT;DEL01-MT;UOP01-DEL01-MT;;;
693773;26/05/2025;segunda-feira;07:00:00;CE;116;10;FORTALEZA;Condutor deixou de manter dist�ncia do ve�culo da frente;Colis�o traseira;Com V�timas Feridas;Pleno dia;Decrescente;C�u Claro;M�ltipla;Reta;Sim;2;0;0;1;1;0;1;2;-3,83838643;-38,50138877;SPRF-CE;DEL01-CE;UOP02-DEL01-CE;;;
693774;25/05/2025;domingo;18:30:00;MG;116;423;GOVERNADOR VALADARES;Acessar a via sem observar a presen�a dos outros ve�culos;Colis�o transversal;Com V�timas Feridas;Plena Noite;Decrescente;C�u Claro;Simples;Reta;Sim;5;0;2;0;3;0;2;2;-18,92325849;-41,93989402;SPRF-MG;DEL06-MG;UOP01-DEL06-MG;;;
693776;26/05/2025;segunda-feira;07:20:00;PE;101;64,5;RECIFE;Manobra de mudan�a de faixa;Colis�o traseira;Com V�timas Feridas;Pleno dia;Crescente;Nublado;Dupla;Curva;Sim;3;0;2;0;1;0;2;2;-8,01945;-34,94254;SPRF-PE;DEL01-PE;UOP01-DEL01-PE;;;
693777;26/05/2025;segunda-feira;07:50:00;SP;116;213;GUARULHOS;Rea��o tardia ou ineficiente do condutor;Colis�o lateral mesmo sentido;Com V�timas Feridas;Amanhecer;Crescente;C�u Claro;M�ltipla;Reta;Sim;2;0;0;1;1;0;1;2;-23,44071177;-46,44259393;SPRF-SP;DEL01-SP;UOP01-DEL01-SP;;;
693778;26/05/2025;segunda-feira;07:08:00;RN;101;107;PARNAMIRIM;Condutor deixou de manter dist�ncia do ve�culo da frente;Colis�o traseira;Sem V�timas;Pleno dia;Crescente;Sol;Dupla;Reta;Sim;2;0;0;0;2;0;0;2;-5,91023589;-35,26153777;SPRF-RN;DEL01-RN;UOP01-DEL01-RN;;;
693779;25/05/2025;domingo;23:20:00;MG;116;414,5;GOVERNADOR VALADARES;Desrespeitar a prefer�ncia no cruzamento;Colis�o transversal;Com V�timas Feridas;Plena Noite;Decrescente;C�u Claro;Simples;Retorno Regulamentado;Sim;2;0;1;0;1;0;1;2;-18,8678144;-41,959424;SPRF-MG;DEL06-MG;UOP01-DEL06-MG;;;
693780;26/05/2025;segunda-feira;03:56:00;PE;101;65;RECIFE;Chuva;Colis�o com objeto;Sem V�timas;Plena Noite;Crescente;Chuva;Dupla;Ponte;N�o;1;0;0;0;1;0;0;1;-8,02314;-34,94279;SPRF-PE;DEL01-PE;UOP01-DEL01-PE;;;
693781;26/05/2025;segunda-feira;07:50:00;SC;101;209,6;SAO JOSE;Rea��o tardia ou ineficiente do condutor;Colis�o traseira;Com V�timas Feridas;Pleno dia;Crescente;C�u Claro;M�ltipla;Reta;Sim;4;0;1;1;2;0;2;2;-27,61283742;-48,64144675;SPRF-SC;DEL01-SC;UOP01-DEL01-SC;;;
693782;26/05/2025;segunda-feira;05:10:00;MT;163;510;DIAMANTINO;Rea��o tardia ou ineficiente do condutor;Sa�da de leito carro��vel;Com V�timas Feridas;Amanhecer;Decrescente;C�u Claro;Dupla;Reta;N�o;2;0;1;1;0;0;2;1;-14,510203;-56,205073;SPRF-MT;DEL01-MT;UOP01-DEL01-MT;;;
693783;26/05/2025;segunda-feira;08:10:00;SE;101;93;NOSSA SENHORA DO SOCORRO;Aus�ncia de rea��o do condutor;Queda de ocupante de ve�culo;Sem V�timas;Pleno dia;Decrescente;Nublado;Dupla;Curva;Sim;1;0;0;0;1;0;0;1;-10,90446289;-37,14825002;SPRF-SE;DEL01-SE;UOP01-DEL01-SE;;;
693784;26/05/2025;segunda-feira;06:30:00;MG;116;414,5;GOVERNADOR VALADARES;Animais na Pista;Tombamento;Com V�timas Feridas;Pleno dia;Decrescente;C�u Claro;Simples;Reta;Sim;1;0;1;0;0;0;1;1;-18,88659482;-41,94610508;SPRF-MG;DEL06-MG;UOP01-DEL06-MG;;;
693785;26/05/2025;segunda-feira;07:50:00;BA;324;625;SALVADOR;Trafegar com motocicleta (ou similar) entre as faixas;Tombamento;Com V�timas Feridas;Pleno dia;Crescente;Garoa/Chuvisco;M�ltipla;"Reta;Aclive";Sim;3;0;1;0;2;0;1;3;-12,960589;-38,474535;SPRF-BA;DEL01-BA;UOP01-DEL01-BA;;;
693787;26/05/2025;segunda-feira;06:40:00;PR;376;179;MARINGA;Condutor deixou de manter dist�ncia do ve�culo da frente;Colis�o traseira;Com V�timas Feridas;Pleno dia;Crescente;C�u Claro;Dupla;Reta;Sim;2;0;1;0;1;0;1;2;-23,4202561;-51,9098146;SPRF-PR;DEL09-PR;UOP01-DEL09-PR;;;
693790;26/05/2025;segunda-feira;08:00:00;CE;116;12;FORTALEZA;Aus�ncia de rea��o do condutor;Colis�o traseira;Com V�timas Feridas;Pleno dia;Decrescente;C�u Claro;M�ltipla;Reta;Sim;2;0;0;1;1;0;1;2;-3,85644676;-38,49627319;SPRF-CE;DEL01-CE;UOP02-DEL01-CE;;;
693791;26/05/2025;segunda-feira;07:45:00;RS;386;440;CANOAS;Acessar a via sem observar a presen�a dos outros ve�culos;Capotamento;Com V�timas Feridas;Pleno dia;Crescente;Chuva;Dupla;Reta;Sim;5;0;1;0;4;0;1;5;-29,88214993;-51,23501714;SPRF-RS;DEL01-RS;UOP01-DEL01-RS;;;
693792;26/05/2025;segunda-feira;08:18:00;GO;70;15;AGUAS LINDAS DE GOIAS;Retorno proibido;Colis�o frontal;Com V�timas Feridas;Pleno dia;Decrescente;C�u Claro;Dupla;Reta;N�o;5;0;1;0;4;0;1;2;-15,75453308;-48,34349155;SPRF-DF;DEL03-DF;UOP02-DEL03-DF;;;
693793;26/05/2025;segunda-feira;07:58:00;PE;407;127;PETROLINA;Transitar no Acostamento;Colis�o transversal;Com V�timas Feridas;Pleno dia;Decrescente;C�u Claro;Simples;Reta;Sim;2;0;1;0;1;0;1;2;-9,3938;-40,511744;SPRF-PE;DEL06-PE;UOP01-DEL06-PE;;;
693795;26/05/2025;segunda-feira;07:00:00;MG;116;537,3;SANTA RITA DE MINAS;Convers�o proibida;Colis�o transversal;Com V�timas Feridas;Pleno dia;Decrescente;C�u Claro;Simples;Reta;Sim;3;0;1;0;2;0;1;2;-19,872275;-42,132942;SPRF-MG;DEL06-MG;UOP02-DEL06-MG;;;
693796;26/05/2025;segunda-feira;06:50:00;GO;414;377;COCALZINHO DE GOIAS;Acessar a via sem observar a presen�a dos outros ve�culos;Colis�o transversal;Com V�timas Feridas;Amanhecer;Decrescente;C�u Claro;Simples;Reta;N�o;3;0;1;0;1;1;1;3;-15,79893;-48,777538;SPRF-GO;DEL02-GO;UOP01-DEL02-GO;;;
693797;26/05/2025;segunda-feira;07:25:00;PE;101;46,9;ITAPISSUMA;Manobra de mudan�a de faixa;Colis�o lateral mesmo sentido;Com V�timas Feridas;Pleno dia;Crescente;Nublado;M�ltipla;Reta;N�o;2;0;0;1;1;0;1;2;-7,7324357;-34,9414456;SPRF-PE;DEL01-PE;UOP02-DEL01-PE;;;
693798;26/05/2025;segunda-feira;06:20:00;SP;116;33,5;CACHOEIRA PAULISTA;Manobra de mudan�a de faixa;Colis�o lateral mesmo sentido;Com V�timas Feridas;Pleno dia;Crescente;C�u Claro;Dupla;Rotat�ria;N�o;2;0;1;0;1;0;1;2;-22,65096;-44,958309;SPRF-SP;DEL08-SP;UOP02-DEL08-SP;;;
693799;26/05/2025;segunda-feira;06:50:00;MG;381;482;BETIM;Aus�ncia de rea��o do condutor;Colis�o traseira;Com V�timas Feridas;Pleno dia;Decrescente;C�u Claro;Dupla;Curva;Sim;2;0;1;0;1;0;1;2;-19,9590442;-44,07324163;SPRF-MG;DEL01-MG;UOP03-DEL01-MG;;;
693800;26/05/2025;segunda-feira;07:35:00;PR;277;724,8;FOZ DO IGUACU;Manobra de mudan�a de faixa;Colis�o lateral mesmo sentido;Com V�timas Feridas;Pleno dia;Decrescente;C�u Claro;Dupla;Reta;Sim;2;0;1;0;1;0;1;2;-25,5075461;-54,5454211;SPRF-PR;DEL05-PR;UOP03-DEL05-PR;;;
693801;26/05/2025;segunda-feira;06:20:00;RJ;493;65;NOVA IGUACU;Rea��o tardia ou ineficiente do condutor;Colis�o traseira;Com V�timas Feridas;Pleno dia;Decrescente;C�u Claro;Dupla;Reta;N�o;2;0;1;0;0;1;1;2;-22,688437;-43,437171;SPRF-RJ;DEL01-RJ;UOP03-DEL01-RJ;;;
693802;26/05/2025;segunda-feira;07:48:00;RN;406;170;SAO GONCALO DO AMARANTE;Condutor deixou de manter dist�ncia do ve�culo da frente;Colis�o traseira;Com V�timas Feridas;Pleno dia;Crescente;Sol;Dupla;Reta;Sim;4;0;2;0;2;0;2;2;-5,76091518;-35,29358661;SPRF-RN;DEL02-RN;UOP01-DEL02-RN;;;
693803;26/05/2025;segunda-feira;08:50:00;PR;277;730;FOZ DO IGUACU;Ultrapassagem Indevida;Colis�o lateral mesmo sentido;Com V�timas Feridas;Pleno dia;Crescente;C�u Claro;Dupla;"Ponte;Reta";Sim;2;0;0;1;0;1;1;2;-25,50948629;-54,59854674;SPRF-PR;DEL05-PR;UOP03-DEL05-PR;;;
693804;26/05/2025;segunda-feira;08:20:00;PR;376;252;CALIFORNIA;Rea��o tardia ou ineficiente do condutor;Colis�o traseira;Com V�timas Feridas;Pleno dia;Decrescente;C�u Claro;Dupla;Reta;N�o;2;0;0;1;1;0;1;2;-23,62508559;-51,38118164;SPRF-PR;DEL07-PR;UOP03-DEL07-PR;;;
693807;26/05/2025;segunda-feira;06:50:00;PR;277;83;CURITIBA;Manobra de mudan�a de faixa;Colis�o lateral mesmo sentido;Com V�timas Feridas;Pleno dia;Crescente;Nublado;Dupla;"Reta;Aclive";Sim;2;0;1;0;1;0;1;2;-25,44527477;-49,23219893;SPRF-PR;DEL01-PR;UOP03-DEL01-PR;;;
693808;26/05/2025;segunda-feira;07:10:00;MS;267;482,5;JARDIM;Acessar a via sem observar a presen�a dos outros ve�culos;Colis�o transversal;Com V�timas Feridas;Pleno dia;Decrescente;C�u Claro;Simples;Reta;Sim;2;0;1;0;1;0;1;2;-21,4812051;-56,1543417;SPRF-MS;DEL05-MS;UOP01-DEL05-MS;;;
693810;26/05/2025;segunda-feira;09:30:00;PR;277;4;CURITIBA;Rea��o tardia ou ineficiente do condutor;Tombamento;Com V�timas Feridas;Pleno dia;Crescente;C�u Claro;Dupla;Reta;Sim;1;0;1;0;0;0;1;1;-25,4509056;-49,2437504;SPRF-PR;DEL01-PR;UOP05-DEL01-PR;;;
693813;26/05/2025;segunda-feira;08:00:00;SC;101;371;ICARA;Condutor usando celular;Sa�da de leito carro��vel;Sem V�timas;Pleno dia;Decrescente;C�u Claro;Dupla;Reta;N�o;1;0;0;0;0;1;0;1;-28,710883;-49,212871;SPRF-SC;DEL02-SC;UOP01-DEL02-SC;;;
693814;26/05/2025;segunda-feira;08:50:00;PE;101;86;JABOATAO DOS GUARARAPES;Rea��o tardia ou ineficiente do condutor;Colis�o lateral mesmo sentido;Sem V�timas;Pleno dia;Decrescente;Chuva;Dupla;Reta;Sim;4;0;0;0;4;0;0;4;-8,18487;-34,968835;SPRF-PE;DEL01-PE;UOP01-DEL01-PE;;;
693816;26/05/2025;segunda-feira;07:30:00;PR;369;153;LONDRINA;Velocidade Incompat�vel;Colis�o traseira;Com V�timas Feridas;Pleno dia;Decrescente;C�u Claro;Dupla;Reta;Sim;2;0;0;1;1;0;1;2;-23,29670272;-51,1919531;SPRF-PR;DEL07-PR;UOP01-DEL07-PR;;;
693817;26/05/2025;segunda-feira;04:40:00;MT;158;681;BARRA DO GARCAS;Pedestre andava na pista;Atropelamento de Pedestre;Com V�timas Fatais;Amanhecer;Decrescente;C�u Claro;Simples;Reta;N�o;2;1;0;0;0;1;0;2;-14,896665;-52,279453;SPRF-MT;DEL07-MT;UOP01-DEL07-MT;;;
693818;26/05/2025;segunda-feira;09:30:00;RJ;116;185;NOVA IGUACU;Aus�ncia de rea��o do condutor;Colis�o traseira;Com V�timas Feridas;Pleno dia;Decrescente;C�u Claro;Dupla;Reta;N�o;2;0;1;0;1;0;1;2;-22,74779229;-43,44438164;SPRF-RJ;DEL06-RJ;UOP01-DEL06-RJ;;;
693821;26/05/2025;segunda-feira;10:10:00;CE;222;2;FORTALEZA;Aus�ncia de rea��o do condutor;Colis�o lateral mesmo sentido;Com V�timas Feridas;Pleno dia;Crescente;C�u Claro;Dupla;Reta;N�o;2;0;1;0;1;0;1;2;-3,739788;-38,593735;SPRF-CE;DEL01-CE;UOP01-DEL01-CE;;;
693825;26/05/2025;segunda-feira;11:10:00;RN;101;128;NISIA FLORESTA;Velocidade Incompat�vel;Queda de ocupante de ve�culo;Com V�timas Feridas;Pleno dia;Crescente;C�u Claro;Dupla;Reta;N�o;1;0;1;0;0;0;1;1;-6,1117;-35,233742;SPRF-RN;DEL01-RN;UOP01-DEL01-RN;;;
693826;26/05/2025;segunda-feira;06:45:00;BA;116;623;JAGUAQUARA;Ultrapassagem Indevida;Capotamento;Com V�timas Fatais;Pleno dia;Decrescente;Nublado;Simples;"Reta;Aclive";N�o;4;1;2;0;0;1;2;2;-13,428277;-40,028059;SPRF-BA;DEL03-BA;UOP02-DEL03-BA;;;
693827;26/05/2025;segunda-feira;07:40:00;MA;10;274,9;IMPERATRIZ;Ultrapassagem Indevida;Colis�o frontal;Com V�timas Feridas;Pleno dia;Crescente;C�u Claro;Simples;Aclive;N�o;5;0;2;0;3;0;2;2;-5,330582;-47,490078;SPRF-MA;DEL04-MA;UOP01-DEL04-MA;;;
693830;26/05/2025;segunda-feira;11:45:00;MG;40;646,4;CRISTIANO OTONI;Convers�o proibida;Colis�o traseira;Com V�timas Feridas;Pleno dia;Decrescente;C�u Claro;Simples;"Declive;Reta";N�o;2;0;1;0;1;0;1;2;-20,8349649;-43,8044466;SPRF-MG;DEL05-MG;UOP02-DEL05-MG;;;
693831;26/05/2025;segunda-feira;10:30:00;CE;20;345,7;CARIDADE;Rea��o tardia ou ineficiente do condutor;Colis�o traseira;Com V�timas Feridas;Pleno dia;Crescente;C�u Claro;Simples;Reta;N�o;2;0;0;1;1;0;1;2;-4,1209;-39,069197;SPRF-CE;DEL02-CE;UOP01-DEL02-CE;;;
693833;26/05/2025;segunda-feira;11:10:00;RJ;116;136;MAGE;Rea��o tardia ou ineficiente do condutor;Colis�o traseira;Com V�timas Feridas;Pleno dia;Decrescente;Sol;Dupla;Reta;Sim;2;0;1;0;1;0;1;2;-22,6487135;-43,17858934;SPRF-RJ;DEL04-RJ;UOP02-DEL04-RJ;;;
693834;26/05/2025;segunda-feira;10:30:00;SC;101;460;PASSO DE TORRES;Aus�ncia de rea��o do condutor;Capotamento;Com V�timas Feridas;Pleno dia;Decrescente;C�u Claro;Dupla;Reta;N�o;1;0;0;1;0;0;1;1;-29,266125;-49,75523;SPRF-RS;DEL03-RS;UOP02-DEL03-RS;;;