id;data_inversa;dia_semana;horario;uf;br;km;municipio;causa_acidente;tipo_acidente;classificacao_acidente;fase_dia;sentido_via;condicao_metereologica;tipo_pista;tracado_via;uso_solo;pessoas;mortos;feridos_leves;feridos_graves;ilesos;ignorados;feridos;veiculos;latitude;longitude;regional;delegacia;uop;;;
693837;26/05/2025;segunda-feira;10:00:00;AC;364;135;RIO BRANCO;Retorno proibido;Colis�o transversal;Com V�timas Feridas;Pleno dia;Decrescente;C�u Claro;Dupla;Reta;Sim;2;0;1;0;1;0;1;2;-9,97921653;-67,84832239;SPRF-AC;DEL01-AC;UOP01-DEL01-AC;;;
693840;26/05/2025;segunda-feira;07:52:00;AC;364;142;RIO BRANCO;Aus�ncia de rea��o do condutor;Colis�o traseira;Com V�timas Feridas;Pleno dia;Crescente;C�u Claro;Dupla;Reta;Sim;2;0;1;0;1;0;1;2;-9,93013225;-67,88546205;SPRF-AC;DEL01-AC;UOP01-DEL01-AC;;;
693844;26/05/2025;segunda-feira;11:45:00;SP;116;321;JUQUITIBA;Animais na Pista;Atropelamento de Animal;Com V�timas Feridas;Pleno dia;Crescente;Sol;Dupla;"Reta;Declive";N�o;3;0;1;0;2;0;1;3;-23,93353684;-47,01718407;SPRF-SP;DEL04-SP;UOP03-DEL04-SP;;;
693847;18/05/2025;domingo;20:30:00;ES;101;255,5;SERRA;Condutor desrespeitou a ilumina��o vermelha do sem�foro;Colis�o transversal;Com V�timas Feridas;Plena Noite;Crescente;C�u Claro;Simples;Interse��o de Vias;Sim;4;0;3;0;0;1;3;3;-20,11732584;-40,31478167;SPRF-ES;DEL02-ES;UOP01-DEL02-ES;;;
693848;26/05/2025;segunda-feira;11:10:00;BA;116;217;EUCLIDES DA CUNHA;Acessar a via sem observar a presen�a dos outros ve�culos;Colis�o com objeto;Com V�timas Feridas;Pleno dia;Decrescente;C�u Claro;Simples;Reta;Sim;4;0;0;1;3;0;1;2;-10,50284469;-39,01128173;SPRF-BA;DEL07-BA;UOP03-DEL07-BA;;;
693849;26/05/2025;segunda-feira;13:00:00;ES;101;94;JAGUARE;Acessar a via sem observar a presen�a dos outros ve�culos;Colis�o transversal;Com V�timas Feridas;Pleno dia;Decrescente;Chuva;Simples;Reta;Sim;3;0;2;0;1;0;2;2;-18,93251667;-39,9726483;SPRF-ES;DEL04-ES;UOP02-DEL04-ES;;;
693853;26/05/2025;segunda-feira;11:00:00;RJ;101;293;SAO GONCALO;Demais falhas mec�nicas ou el�tricas;Inc�ndio;Sem V�timas;Pleno dia;Decrescente;C�u Claro;Dupla;Reta;Sim;1;0;0;0;1;0;0;1;-22,79278782;-43,02493167;SPRF-RJ;DEL02-RJ;UOP02-DEL02-RJ;;;
693854;26/05/2025;segunda-feira;13:25:00;RN;101;116,5;SAO JOSE DE MIPIBU;Rea��o tardia ou ineficiente do condutor;Tombamento;Com V�timas Feridas;Pleno dia;Crescente;Sol;Dupla;Interse��o de Vias;N�o;1;0;1;0;0;0;1;1;-6,000188;-35,260038;SPRF-RN;DEL01-RN;UOP01-DEL01-RN;;;
693855;26/05/2025;segunda-feira;12:45:00;PR;277;704,5;SAO MIGUEL DO IGUACU;Frear bruscamente;Sa�da de leito carro��vel;Com V�timas Feridas;Pleno dia;Decrescente;C�u Claro;Dupla;"Reta;Aclive";N�o;1;0;0;1;0;0;1;1;-25,42921083;-54,36797826;SPRF-PR;DEL05-PR;UOP01-DEL05-PR;;;
693856;23/05/2025;sexta-feira;20:30:00;RJ;116;59;TERESOPOLIS;Ingest�o de �lcool pelo condutor;Colis�o traseira;Sem V�timas;Plena Noite;Crescente;C�u Claro;Simples;Reta;N�o;5;0;0;0;1;4;0;3;-22,22635;-42,906836;SPRF-RJ;DEL04-RJ;UOP01-DEL04-RJ;;;
693858;26/05/2025;segunda-feira;14:00:00;RN;101;79;NATAL;Condutor deixou de manter dist�ncia do ve�culo da frente;Colis�o traseira;Com V�timas Feridas;Pleno dia;Decrescente;C�u Claro;Dupla;Reta;N�o;2;0;1;0;1;0;1;2;-5,744788;-35,289603;SPRF-RN;DEL02-RN;UOP01-DEL02-RN;;;
693859;05/04/2025;s�bado;02:35:00;MG;40;716,4;BARBACENA;Aus�ncia de rea��o do condutor;Sa�da de leito carro��vel;Com V�timas Feridas;Plena Noite;Crescente;Nublado;Simples;Curva;N�o;1;0;1;0;0;0;1;1;-21,27275705;-43,64824511;SPRF-MG;DEL05-MG;UOP01-DEL05-MG;;;
693860;26/05/2025;segunda-feira;13:50:00;RJ;101;428,2;MANGARATIBA;Desrespeitar a prefer�ncia no cruzamento;Colis�o transversal;Com V�timas Feridas;Pleno dia;Crescente;Sol;Dupla;Reta;Sim;4;0;1;0;3;0;1;2;-22,93501762;-43,99584532;SPRF-RJ;DEL03-RJ;UOP02-DEL03-RJ;;;
693861;26/05/2025;segunda-feira;13:30:00;BA;324;516;FEIRA DE SANTANA;Acesso irregular;Colis�o lateral sentido oposto;Com V�timas Feridas;Pleno dia;Decrescente;C�u Claro;Simples;Reta;Sim;2;0;1;0;1;0;1;2;-12,25430415;-38,93274518;SPRF-BA;DEL02-BA;UOP01-DEL02-BA;;;
693865;26/05/2025;segunda-feira;13:29:00;PE;408;98;SAO LOURENCO DA MATA;Rea��o tardia ou ineficiente do condutor;Colis�o traseira;Com V�timas Feridas;Pleno dia;Decrescente;C�u Claro;Dupla;Reta;N�o;2;0;1;0;1;0;1;2;-8,04322;-35,01538;SPRF-PE;DEL01-PE;UOP01-DEL01-PE;;;
693867;26/05/2025;segunda-feira;13:30:00;RJ;101;482;ANGRA DOS REIS;Condutor deixou de manter dist�ncia do ve�culo da frente;Colis�o transversal;Com V�timas Feridas;Pleno dia;Crescente;C�u Claro;Dupla;Retorno Regulamentado;N�o;2;0;1;0;1;0;1;2;-23,00463342;-44,29769609;SPRF-RJ;DEL03-RJ;UOP03-DEL03-RJ;;;
693868;26/05/2025;segunda-feira;15:00:00;SC;101;197,6;BIGUACU;Rea��o tardia ou ineficiente do condutor;Queda de ocupante de ve�culo;Com V�timas Feridas;Pleno dia;Crescente;C�u Claro;M�ltipla;Reta;Sim;1;0;1;0;0;0;1;1;-27,52280358;-48,63748044;SPRF-SC;DEL01-SC;UOP01-DEL01-SC;;;
693869;26/05/2025;segunda-feira;14:20:00;SC;101;177,4;GOVERNADOR CELSO RAMOS;Demais falhas mec�nicas ou el�tricas;Inc�ndio;Sem V�timas;Pleno dia;Decrescente;C�u Claro;M�ltipla;Reta;N�o;1;0;0;0;1;0;0;1;-27,353878;-48,632247;SPRF-SC;DEL01-SC;UOP01-DEL01-SC;;;
693870;20/05/2025;ter�a-feira;11:00:00;RJ;101;383;RIO DE JANEIRO;Condutor deixou de manter dist�ncia do ve�culo da frente;Colis�o traseira;Com V�timas Feridas;Pleno dia;Crescente;Sol;Dupla;Reta;N�o;3;0;1;0;2;0;1;2;-22,878821;-43,621035;SPRF-RJ;DEL03-RJ;UOP01-DEL03-RJ;;;
693872;26/05/2025;segunda-feira;15:00:00;DF;20;21;BRASILIA;Velocidade Incompat�vel;Engavetamento;Com V�timas Feridas;Pleno dia;Crescente;C�u Claro;Dupla;"Reta;Aclive";Sim;4;0;1;0;3;0;1;4;-15,60201955;-47,68240213;SPRF-DF;DEL02-DF;UOP01-DEL02-DF;;;
693874;26/05/2025;segunda-feira;08:00:00;RJ;101;317;SAO GONCALO;Condutor deixou de manter dist�ncia do ve�culo da frente;Colis�o lateral mesmo sentido;Com V�timas Feridas;Pleno dia;Crescente;C�u Claro;Dupla;Reta;Sim;2;0;1;0;1;0;1;2;-22,8410592;-43,09627533;SPRF-RJ;DEL02-RJ;UOP02-DEL02-RJ;;;
693875;26/05/2025;segunda-feira;13:15:00;MT;364;606,6;DIAMANTINO;Avarias e/ou desgaste excessivo no pneu;Queda de ocupante de ve�culo;Com V�timas Feridas;Pleno dia;Crescente;Sol;Simples;"Reta;Declive";N�o;2;0;1;1;0;0;2;1;-14,46487412;-56,26049101;SPRF-MT;DEL01-MT;UOP01-DEL01-MT;;;
693876;26/05/2025;segunda-feira;15:00:00;GO;40;83,1;CRISTALINA;Demais falhas mec�nicas ou el�tricas;Colis�o lateral mesmo sentido;Com V�timas Feridas;Pleno dia;Crescente;C�u Claro;Dupla;Reta;N�o;4;0;2;0;2;0;2;2;-16,690694;-47,698892;SPRF-DF;DEL01-DF;UOP02-DEL01-DF;;;
693877;26/05/2025;segunda-feira;15:28:00;SC;101;377;ICARA;Aus�ncia de rea��o do condutor;Colis�o traseira;Com V�timas Feridas;Pleno dia;Crescente;C�u Claro;Simples;Reta;Sim;2;0;1;0;1;0;1;2;-28,747936;-49,26347;SPRF-SC;DEL02-SC;UOP01-DEL02-SC;;;
693878;26/05/2025;segunda-feira;12:00:00;MS;262;115;AGUA CLARA;Avarias e/ou desgaste excessivo no pneu;Sa�da de leito carro��vel;Com V�timas Feridas;Pleno dia;Crescente;C�u Claro;Simples;Reta;N�o;4;0;2;2;0;0;4;1;-20,5153311;-52,6251802;SPRF-MS;DEL07-MS;UOP02-DEL07-MS;;;
693879;26/05/2025;segunda-feira;12:28:00;RO;364;343;JI-PARANA;Condutor desrespeitou a ilumina��o vermelha do sem�foro;Colis�o transversal;Sem V�timas;Pleno dia;Crescente;C�u Claro;Dupla;Interse��o de Vias;N�o;2;0;0;0;2;0;0;2;-10,877512;-61,946985;SPRF-RO;DEL02-RO;UOP01-DEL02-RO;;;
693880;26/05/2025;segunda-feira;11:20:00;MT;163;119;RONDONOPOLIS;Avarias e/ou desgaste excessivo no pneu;Queda de ocupante de ve�culo;Com V�timas Feridas;Pleno dia;Crescente;C�u Claro;Dupla;Reta;Sim;1;0;1;0;0;0;1;1;-16,49255177;-54,64685941;SPRF-MT;DEL02-MT;UOP01-DEL02-MT;;;
693884;16/05/2025;sexta-feira;12:30:00;MS;262;531,8;MIRANDA;Acessar a via sem observar a presen�a dos outros ve�culos;Colis�o traseira;Com V�timas Feridas;Pleno dia;Crescente;C�u Claro;Simples;Reta;N�o;6;0;5;0;1;0;5;2;-20,34967401;-56,15546747;SPRF-MS;DEL03-MS;UOP02-DEL03-MS;;;
693887;26/05/2025;segunda-feira;09:00:00;BA;349;951;CORRENTINA;Entrada inopinada do pedestre;Atropelamento de Pedestre;Com V�timas Feridas;Pleno dia;Decrescente;C�u Claro;Simples;Reta;N�o;3;0;0;1;1;1;1;2;-13,449722;-44,805142;SPRF-BA;DEL10-BA;UOP02-DEL10-BA;;;
693890;24/05/2025;s�bado;15:25:00;TO;10;475,3;PALMAS;Ingest�o de �lcool pelo condutor;Sa�da de leito carro��vel;Com V�timas Feridas;Pleno dia;Crescente;C�u Claro;Simples;Reta;N�o;1;0;1;0;0;0;1;1;-10,2381;-48,22568;SPRF-TO;DEL01-TO;UOP03-DEL01-TO;;;
693891;26/05/2025;segunda-feira;16:00:00;RJ;116;192;NOVA IGUACU;Suic�dio (presumido);Atropelamento de Pedestre;Com V�timas Feridas;Pleno dia;Decrescente;Sol;Dupla;Reta;N�o;3;0;0;1;2;0;1;2;-22,7387334;-43,5316996;SPRF-RJ;DEL06-RJ;UOP01-DEL06-RJ;;;
693893;26/05/2025;segunda-feira;15:40:00;PE;101;83;JABOATAO DOS GUARARAPES;Rea��o tardia ou ineficiente do condutor;Tombamento;Com V�timas Feridas;Pleno dia;Decrescente;C�u Claro;Dupla;Reta;N�o;1;0;0;1;0;0;1;1;-8,17788;-34,954122;SPRF-PE;DEL01-PE;UOP01-DEL01-PE;;;
693895;26/05/2025;segunda-feira;15:15:00;GO;153;570;MORRINHOS;Aus�ncia de rea��o do condutor;Sa�da de leito carro��vel;Com V�timas Feridas;Pleno dia;Crescente;C�u Claro;Dupla;Reta;N�o;3;0;3;0;0;0;3;1;-17,6264189;-49,17788364;SPRF-GO;DEL03-GO;UOP01-DEL03-GO;;;
693896;26/05/2025;segunda-feira;16:20:00;MG;50;170;UBERABA;Aus�ncia de rea��o do condutor;Tombamento;Com V�timas Feridas;Pleno dia;Decrescente;C�u Claro;Simples;"Retorno Regulamentado;Interse��o de Vias;Viaduto";Sim;1;0;1;0;0;0;1;1;-19,738145;-47,982298;SPRF-MG;DEL13-MG;UOP01-DEL13-MG;;;
693897;26/05/2025;segunda-feira;16:45:00;SC;101;199,7;SAO JOSE;Rea��o tardia ou ineficiente do condutor;Colis�o traseira;Com V�timas Feridas;Pleno dia;Crescente;C�u Claro;M�ltipla;Reta;Sim;3;0;0;1;2;0;1;2;-27,53834;-48,62507;SPRF-SC;DEL01-SC;UOP01-DEL01-SC;;;
693898;26/05/2025;segunda-feira;15:30:00;BA;324;525;FEIRA DE SANTANA;Aus�ncia de rea��o do condutor;Tombamento;Com V�timas Feridas;Pleno dia;Crescente;C�u Claro;Dupla;Reta;Sim;1;0;1;0;0;0;1;1;-12,31458007;-38,88006496;SPRF-BA;DEL01-BA;UOP03-DEL01-BA;;;
693899;26/05/2025;segunda-feira;17:00:00;SC;101;127;CAMBORIU;Rea��o tardia ou ineficiente do condutor;Colis�o traseira;Com V�timas Feridas;Pleno dia;Decrescente;C�u Claro;Dupla;Reta;Sim;2;0;1;0;1;0;1;2;-26,975957;-48,682428;SPRF-SC;DEL04-SC;UOP04-DEL04-SC;;;
693900;26/05/2025;segunda-feira;16:45:00;MG;364;29,3;FRUTAL;Acessar a via sem observar a presen�a dos outros ve�culos;Colis�o transversal;Com V�timas Feridas;Pleno dia;Crescente;C�u Claro;Simples;Reta;Sim;2;0;1;0;1;0;1;2;-20,019967;-48,906303;SPRF-MG;DEL13-MG;UOP02-DEL13-MG;;;
693901;26/05/2025;segunda-feira;16:25:00;MS;163;603,4;SAO GABRIEL DO OESTE;Acessar a via sem observar a presen�a dos outros ve�culos;Colis�o frontal;Com V�timas Feridas;Pleno dia;Crescente;C�u Claro;Simples;Interse��o de Vias;N�o;3;0;0;2;1;0;2;2;-19,4684939;-54,5016393;SPRF-MS;DEL06-MS;UOP02-DEL06-MS;;;
693902;26/05/2025;segunda-feira;14:00:00;SP;459;4;PIQUETE;Aus�ncia de rea��o do condutor;Colis�o com objeto;Com V�timas Feridas;Pleno dia;Decrescente;C�u Claro;Simples;"Aclive;Curva";N�o;1;0;1;0;0;0;1;1;-22,571945;-45,210288;SPRF-SP;DEL08-SP;UOP02-DEL08-SP;;;
693903;26/05/2025;segunda-feira;15:25:00;MG;40;40,9;PARACATU;Rea��o tardia ou ineficiente do condutor;Tombamento;Com V�timas Feridas;Pleno dia;Decrescente;C�u Claro;Simples;"Reta;Aclive";Sim;1;0;1;0;0;0;1;1;-17,211669;-46,873692;SPRF-MG;DEL14-MG;UOP01-DEL14-MG;;;
693907;24/05/2025;s�bado;17:50:00;BA;242;387,1;SEABRA;Demais falhas mec�nicas ou el�tricas;Inc�ndio;Sem V�timas;Anoitecer;Crescente;C�u Claro;Simples;Reta;N�o;1;0;0;0;0;1;0;1;-12,4672932;-41,7440205;SPRF-BA;DEL06-BA;UOP01-DEL06-BA;;;
693908;26/05/2025;segunda-feira;17:20:00;TO;153;144,2;ARAGUAINA;Condutor deixou de manter dist�ncia do ve�culo da frente;Colis�o traseira;Com V�timas Feridas;Anoitecer;Decrescente;C�u Claro;Simples;Interse��o de Vias;Sim;2;0;1;0;1;0;1;2;-7,198718;-48,237565;SPRF-TO;DEL02-TO;UOP01-DEL02-TO;;;
693912;26/05/2025;segunda-feira;17:54:00;MG;262;373;JUATUBA;Aus�ncia de rea��o do condutor;Colis�o traseira;Com V�timas Feridas;Anoitecer;Decrescente;C�u Claro;Dupla;Curva;N�o;2;0;2;0;0;0;2;2;-19,93312682;-44,4234632;SPRF-MG;DEL01-MG;UOP03-DEL01-MG;;;
693913;26/05/2025;segunda-feira;17:45:00;SP;381;16;BRAGANCA PAULISTA;Aus�ncia de rea��o do condutor;Tombamento;Com V�timas Feridas;Anoitecer;Decrescente;C�u Claro;Simples;"Aclive;Curva";N�o;1;0;1;0;0;0;1;1;-22,95823525;-46,48006439;SPRF-SP;DEL03-SP;UOP02-DEL03-SP;;;
693914;26/05/2025;segunda-feira;17:20:00;ES;101;147,6;LINHARES;Acessar a via sem observar a presen�a dos outros ve�culos;Colis�o transversal;Com V�timas Feridas;Anoitecer;Crescente;Chuva;Dupla;Reta;Sim;2;0;1;0;1;0;1;2;-19,38659826;-40,06761559;SPRF-ES;DEL04-ES;UOP01-DEL04-ES;;;
693915;26/05/2025;segunda-feira;17:40:00;RN;101;97;NATAL;Desrespeitar a prefer�ncia no cruzamento;Colis�o transversal;Com V�timas Feridas;Plena Noite;Decrescente;C�u Claro;Dupla;"Reta;Interse��o de Vias";Sim;2;0;1;0;1;0;1;2;-5,8559671;-35,21181313;SPRF-RN;DEL01-RN;UOP01-DEL01-RN;;;
693916;26/05/2025;segunda-feira;17:20:00;RN;226;5,2;NATAL;Rea��o tardia ou ineficiente do condutor;Colis�o traseira;Com V�timas Feridas;Anoitecer;Crescente;C�u Claro;Simples;Reta;N�o;3;0;1;0;2;0;1;2;-5,821528;-35,271144;SPRF-RN;DEL01-RN;UOP02-DEL01-RN;;;
693917;26/05/2025;segunda-feira;13:50:00;MG;365;21,9;MONTES CLAROS;Demais falhas mec�nicas ou el�tricas;Inc�ndio;Sem V�timas;Pleno dia;Crescente;C�u Claro;Simples;"Reta;Declive";N�o;1;0;0;0;1;0;0;1;-16,82055496;-43,91765088;SPRF-MG;DEL12-MG;UOP01-DEL12-MG;;;
693918;26/05/2025;segunda-feira;17:32:00;PE;232;98;SAIRE;Pedestre andava na pista;Atropelamento de Pedestre;Com V�timas Feridas;Plena Noite;Crescente;C�u Claro;Dupla;Reta;Sim;3;0;1;2;0;0;3;2;-8,23560182;-35,72645394;SPRF-PE;DEL02-PE;UOP02-DEL02PE;;;
693919;26/05/2025;segunda-feira;17:45:00;PR;277;452,3;LARANJEIRAS DO SUL;Ultrapassagem Indevida;Colis�o frontal;Com V�timas Feridas;Anoitecer;Decrescente;C�u Claro;Simples;"Reta;Aclive";N�o;3;0;1;1;0;1;2;3;-25,379105;-52,398463;SPRF-PR;DEL04-PR;UOP02-DEL04-PR;;;
693920;26/05/2025;segunda-feira;17:35:00;SP;153;115,5;JOSE BONIFACIO;Desrespeitar a prefer�ncia no cruzamento;Colis�o transversal;Com V�timas Feridas;Anoitecer;Crescente;C�u Claro;Simples;Reta;N�o;2;0;0;1;1;0;1;2;-21,13050945;-49,69552231;SPRF-SP;DEL09-SP;UOP01-DEL09-SP;;;
693921;26/05/2025;segunda-feira;17:20:00;MG;116;244;TEOFILO OTONI;Aus�ncia de rea��o do condutor;Atropelamento de Pedestre;Com V�timas Feridas;Anoitecer;Crescente;C�u Claro;Simples;Reta;Sim;2;0;0;1;1;0;1;2;-17,599302;-41,492339;SPRF-MG;DEL11-MG;UOP01-DEL11-MG;;;
693927;26/05/2025;segunda-feira;18:15:00;PR;158;533;PATO BRANCO;Acesso irregular;Colis�o frontal;Com V�timas Feridas;Plena Noite;Crescente;C�u Claro;Simples;Reta;N�o;2;0;1;0;1;0;1;2;-26,27078986;-52,71465218;SPRF-PR;DEL02-PR;UOP01-DEL02-PR;;;
693928;26/05/2025;segunda-feira;18:00:00;DF;80;26;BRASILIA;Velocidade Incompat�vel;Sa�da de leito carro��vel;Com V�timas Feridas;Plena Noite;Crescente;C�u Claro;Simples;Curva;N�o;1;0;1;0;0;0;1;1;-15,60507797;-48,19751193;SPRF-DF;DEL03-DF;UOP02-DEL03-DF;;;
693929;26/05/2025;segunda-feira;18:00:00;RJ;465;5;SEROPEDICA;Trafegar com motocicleta (ou similar) entre as faixas;Colis�o frontal;Com V�timas Feridas;Plena Noite;Crescente;C�u Claro;Simples;Reta;Sim;2;0;1;0;1;0;1;2;-22,7168363;-43,7151472;SPRF-RJ;DEL06-RJ;UOP02-DEL06-RJ;;;
693931;26/05/2025;segunda-feira;18:45:00;RS;116;474;SAO LOURENCO DO SUL;Rea��o tardia ou ineficiente do condutor;Sa�da de leito carro��vel;Sem V�timas;Plena Noite;Crescente;C�u Claro;Dupla;"Curva;Em Obras;Desvio Tempor�rio";N�o;1;0;0;0;1;0;0;1;-31,4042317;-52,1602112;SPRF-RS;DEL07-RS;UOP01-DEL07-RS;;;
693932;26/05/2025;segunda-feira;18:05:00;MT;174;0,2;PONTES E LACERDA;Convers�o proibida;Colis�o lateral mesmo sentido;Com V�timas Feridas;Plena Noite;Crescente;Sol;Simples;Reta;Sim;3;0;3;0;0;0;3;2;-15,244465;-59,31596303;SPRF-MT;DEL04-MT;UOP01-DEL04-MT;;;
693933;26/05/2025;segunda-feira;18:00:00;RS;116;114,2;SAO MARCOS;Condutor deixou de manter dist�ncia do ve�culo da frente;Engavetamento;Com V�timas Feridas;Anoitecer;Crescente;Chuva;Simples;Reta;Sim;5;0;0;2;3;0;2;4;-28,96306789;-51,07700628;SPRF-RS;DEL05-RS;UOP01-DEL05-RS;;;
693934;26/05/2025;segunda-feira;18:32:00;SC;282;501,4;XANXERE;Desrespeitar a prefer�ncia no cruzamento;Colis�o transversal;Sem V�timas;Plena Noite;Decrescente;Ignorado;Dupla;Rotat�ria;N�o;2;0;0;0;2;0;0;2;-26,88277519;-52,38139629;SPRF-SC;DEL07-SC;UOP01-DEL07-SC;;;
693937;10/05/2025;s�bado;23:00:00;AC;317;69;SENADOR GUIOMARD;Transitar na contram�o;Colis�o frontal;Com V�timas Feridas;Plena Noite;Crescente;C�u Claro;Simples;Reta;N�o;2;0;0;1;0;1;1;2;-10,06131854;-67,56540298;SPRF-AC;DEL01-AC;UOP01-DEL01-AC;;;
693940;24/05/2025;s�bado;13:20:00;MT;174;120;MIRASSOL DOESTE;Acumulo de areia ou detritos sobre o pavimento;Colis�o com objeto;Sem V�timas;Pleno dia;Crescente;Sol;Simples;Curva;N�o;3;0;0;0;3;0;0;1;-15,81731841;-58,0883113;SPRF-MT;DEL03-MT;UOP01-DEL03-MT;;;
693941;26/05/2025;segunda-feira;19:00:00;SP;116;276;EMBU DAS ARTES;Trafegar com motocicleta (ou similar) entre as faixas;Tombamento;Com V�timas Feridas;Plena Noite;Crescente;C�u Claro;Dupla;Reta;Sim;1;0;1;0;0;0;1;1;-23,62317532;-46,81489921;SPRF-SP;DEL04-SP;UOP01-DEL04-SP;;;
693942;22/03/2025;s�bado;01:29:00;PB;230;479;MARIZOPOLIS;Animais na Pista;Atropelamento de Animal;Com V�timas Feridas;Plena Noite;Decrescente;C�u Claro;Simples;"Reta;Interse��o de Vias";Sim;2;0;0;1;0;1;1;1;-6,84389;-38,346152;SPRF-PB;DEL03-PB;UOP03-DEL03-PB;;;
693948;26/05/2025;segunda-feira;19:20:00;BA;116;348;SERRINHA;Desrespeitar a prefer�ncia no cruzamento;Colis�o transversal;Com V�timas Feridas;Plena Noite;Decrescente;C�u Claro;Simples;Reta;N�o;3;0;3;0;0;0;3;2;-11,6523085;-38,99268168;SPRF-BA;DEL02-BA;UOP01-DEL02-BA;;;
693949;14/05/2025;quarta-feira;17:20:00;ES;101;270;SERRA;Rea��o tardia ou ineficiente do condutor;Colis�o traseira;Com V�timas Feridas;Anoitecer;Decrescente;Chuva;M�ltipla;Reta;Sim;2;0;1;0;1;0;1;2;-20,229368;-40,272189;SPRF-ES;DEL02-ES;UOP01-DEL02-ES;;;
693950;26/05/2025;segunda-feira;20:00:00;GO;153;509;APARECIDA DE GOIANIA;Condutor Dormindo;Colis�o com objeto;Sem V�timas;Plena Noite;Decrescente;C�u Claro;Dupla;Declive;N�o;1;0;0;0;1;0;0;1;-16,777238;-49,23667;SPRF-GO;DEL01-GO;UOP03-DEL01-GO;;;
693951;26/05/2025;segunda-feira;19:30:00;AL;316;155;PALMEIRA DOS INDIOS;Defici�ncia do Sistema de Ilumina��o/Sinaliza��o;Colis�o traseira;Com V�timas Feridas;Plena Noite;Crescente;Nublado;Simples;Reta;Sim;2;0;2;0;0;0;2;2;-9,42494172;-36,63060665;SPRF-AL;DEL03-AL;UOP01-DEL03-AL;;;
693952;26/05/2025;segunda-feira;20:30:00;MG;381;361;SAO GONCALO DO RIO ABAIXO;Velocidade Incompat�vel;Capotamento;Com V�timas Feridas;Plena Noite;Crescente;C�u Claro;Simples;"Curva;Declive";N�o;2;0;1;0;1;0;1;1;-19,857031;-43,219462;SPRF-MG;DEL03-MG;UOP01-DEL03-MG;;;
693955;26/05/2025;segunda-feira;18:40:00;ES;262;171,5;IBATIBA;Aus�ncia de rea��o do condutor;Colis�o traseira;Com V�timas Feridas;Plena Noite;Decrescente;Garoa/Chuvisco;Simples;"Reta;Aclive";N�o;3;0;2;0;1;0;2;2;-20,265353;-41,60062;SPRF-ES;DEL01-ES;UOP02-DEL01-ES;;;
693956;26/05/2025;segunda-feira;20:25:00;MT;364;523;VARZEA GRANDE;Acessar a via sem observar a presen�a dos outros ve�culos;Colis�o transversal;Com V�timas Feridas;Plena Noite;Decrescente;C�u Claro;Simples;Reta;Sim;2;0;2;0;0;0;2;2;-15,656985;-56,189348;SPRF-MT;DEL01-MT;UOP01-DEL01-MT;;;
693958;26/05/2025;segunda-feira;16:40:00;MT;174;335;CONQUISTA DOESTE;Rea��o tardia ou ineficiente do condutor;Capotamento;Com V�timas Feridas;Pleno dia;Decrescente;C�u Claro;Simples;Reta;N�o;2;0;1;0;1;0;1;1;-14,80542168;-59,32273865;SPRF-MT;DEL04-MT;UOP01-DEL04-MT;;;
693959;26/05/2025;segunda-feira;21:40:00;RS;470;217;BENTO GONCALVES;Aus�ncia de rea��o do condutor;Sa�da de leito carro��vel;Com V�timas Feridas;Plena Noite;Crescente;Garoa/Chuvisco;Dupla;"Curva;Interse��o de Vias";Sim;1;0;1;0;0;0;1;1;-29,17461313;-51,52426807;SPRF-RS;DEL06-RS;UOP01-DEL06-RS;;;
693960;26/05/2025;segunda-feira;19:40:00;RJ;40;121;DUQUE DE CAXIAS;Acessar a via sem observar a presen�a dos outros ve�culos;Atropelamento de Pedestre;Com V�timas Fatais;Plena Noite;Decrescente;C�u Claro;M�ltipla;Reta;N�o;2;1;0;0;1;0;0;2;-22,78187932;-43,28681946;SPRF-RJ;DEL01-RJ;UOP02-DEL01-RJ;;;
693961;26/05/2025;segunda-feira;22:20:00;RS;116;250;SAO LEOPOLDO;Chuva;Colis�o transversal;Com V�timas Feridas;Plena Noite;Decrescente;Chuva;Dupla;Curva;Sim;2;0;1;0;1;0;1;2;-29,788294;-51,1628127;SPRF-RS;DEL01-RS;UOP02-DEL01-RS;;;
693962;26/05/2025;segunda-feira;22:43:00;SC;101;39;JOINVILLE;Acessar a via sem observar a presen�a dos outros ve�culos;Colis�o transversal;Com V�timas Fatais;Plena Noite;Crescente;Nublado;M�ltipla;Reta;Sim;2;1;0;0;1;0;0;2;-26,299625;-48,883669;SPRF-SC;DEL03-SC;UOP01-DEL03-SC;;;
693963;26/05/2025;segunda-feira;21:15:00;PE;232;424,3;SERRA TALHADA;Manobra de mudan�a de faixa;Colis�o lateral sentido oposto;Com V�timas Feridas;Plena Noite;Crescente;C�u Claro;Simples;Reta;N�o;3;0;1;1;1;0;2;2;-8,0006392;-38,4238417;SPRF-PE;DEL04-PE;UOP01-DEL04-PE;;;
693964;26/05/2025;segunda-feira;23:15:00;SP;116;225;GUARULHOS;Manobra de mudan�a de faixa;Queda de ocupante de ve�culo;Com V�timas Feridas;Plena Noite;Decrescente;C�u Claro;M�ltipla;"Reta;Em Obras";Sim;2;0;1;0;0;1;1;2;-23,48684915;-46,54211495;SPRF-SP;DEL01-SP;UOP01-DEL01-SP;;;