id;data_inversa;dia_semana;horario;uf;br;km;municipio;causa_acidente;tipo_acidente;classificacao_acidente;fase_dia;sentido_via;condicao_metereologica;tipo_pista;tracado_via;uso_solo;pessoas;mortos;feridos_leves;feridos_graves;ilesos;ignorados;feridos;veiculos;latitude;longitude;regional;delegacia;uop;;;
693970;26/05/2025;segunda-feira;21:40:00;BA;407;119;SENHOR DO BONFIM;Rea��o tardia ou ineficiente do condutor;Colis�o traseira;Com V�timas Feridas;Plena Noite;Decrescente;C�u Claro;Simples;Reta;N�o;4;0;3;0;1;0;3;2;-10,40489944;-40,1806891;SPRF-BA;DEL04-BA;UOP01-DEL04-BA;;;
693973;27/05/2025;ter�a-feira;00:15:00;CE;222;2;FORTALEZA;Desrespeitar a prefer�ncia no cruzamento;Colis�o transversal;Com V�timas Feridas;Plena Noite;Decrescente;C�u Claro;M�ltipla;"Interse��o de Vias;Reta";Sim;2;0;1;0;1;0;1;2;-3,74030375;-38,59390704;SPRF-CE;DEL01-CE;UOP01-DEL01-CE;;;
693975;26/05/2025;segunda-feira;20:45:00;MS;262;434,5;DOIS IRMAOS DO BURITI;Rea��o tardia ou ineficiente do condutor;Capotamento;Com V�timas Feridas;Plena Noite;Decrescente;C�u Claro;Simples;Reta;N�o;2;0;1;0;1;0;1;1;-20,496621;-55,306962;SPRF-MS;DEL03-MS;UOP01-DEL03-MS;;;
693976;27/05/2025;ter�a-feira;02:15:00;PE;232;257;ARCOVERDE;Animais na Pista;Atropelamento de Animal;Com V�timas Feridas;Plena Noite;Decrescente;Chuva;Simples;Reta;Sim;2;0;1;0;1;0;1;1;-8,40988522;-37,09456444;SPRF-PE;DEL04-PE;UOP02-DEL04-PE;;;
693982;27/05/2025;ter�a-feira;05:00:00;PA;163;985;SANTAREM;Rea��o tardia ou ineficiente do condutor;Tombamento;Com V�timas Feridas;Amanhecer;Crescente;Nublado;Simples;Reta;Sim;1;0;1;0;0;0;1;1;-2,56736628;-54,72092628;SPRF-PA;DEL05-PA;UOP01-DEL05-PA;;;
693984;27/05/2025;ter�a-feira;05:30:00;RJ;101;399;ITAGUAI;Defici�ncia do Sistema de Ilumina��o/Sinaliza��o;Colis�o transversal;Com V�timas Feridas;Pleno dia;Crescente;C�u Claro;Dupla;Reta;N�o;2;0;2;0;0;0;2;2;-22,85889639;-43,75939298;SPRF-RJ;DEL03-RJ;UOP01-DEL03-RJ;;;
693986;27/05/2025;ter�a-feira;06:40:00;RN;304;32;MOSSORO;Aus�ncia de rea��o do condutor;Colis�o traseira;Com V�timas Feridas;Pleno dia;Crescente;C�u Claro;Dupla;Reta;N�o;2;0;1;0;0;1;1;2;-5,0784821;-37,3331022;SPRF-RN;DEL04-RN;UOP02-DEL04-RN;;;
693987;27/05/2025;ter�a-feira;06:55:00;MG;364;13,1;FRUTAL;Demais falhas mec�nicas ou el�tricas;Eventos at�picos;Sem V�timas;Amanhecer;Decrescente;C�u Claro;Simples;Reta;N�o;2;0;0;0;2;0;0;2;-20,079814;-48,767724;SPRF-MG;DEL13-MG;UOP02-DEL13-MG;;;
693989;27/05/2025;ter�a-feira;04:10:00;GO;153;144;CAMPINORTE;Aus�ncia de rea��o do condutor;Colis�o com objeto;Com V�timas Fatais;Plena Noite;Crescente;C�u Claro;Simples;Reta;N�o;4;1;0;3;0;0;3;1;-14,02228693;-49,08721924;SPRF-GO;DEL07-GO;UOP02-DEL07-GO;;;
693991;27/05/2025;ter�a-feira;06:20:00;PB;104;135;QUEIMADAS;Ingest�o de �lcool pelo condutor;Sa�da de leito carro��vel;Com V�timas Feridas;Pleno dia;Crescente;Chuva;Simples;Reta;N�o;1;0;1;0;0;0;1;1;-7,321783;-35,895828;SPRF-PB;DEL02-PB;UOP03-DEL02-PB;;;
693992;27/05/2025;ter�a-feira;06:40:00;CE;222;221,8;SOBRAL;Animais na Pista;Atropelamento de Animal;Com V�timas Feridas;Pleno dia;Decrescente;C�u Claro;Simples;Reta;Sim;1;0;1;0;0;0;1;1;-3,7185;-40,33271;SPRF-CE;DEL04-CE;UOP01-DEL04-CE;;;
693993;27/05/2025;ter�a-feira;07:00:00;PB;101;84;BAYEUX;Condutor deixou de manter dist�ncia do ve�culo da frente;Colis�o traseira;Com V�timas Feridas;Pleno dia;Crescente;Sol;Dupla;Reta;Sim;3;0;0;2;1;0;2;2;-7,1363739;-34,9267316;SPRF-PB;DEL01-PB;UOP01-DEL01-PB;;;
693994;27/05/2025;ter�a-feira;06:55:00;MG;40;532;BELO HORIZONTE;Trafegar com motocicleta (ou similar) entre as faixas;Colis�o lateral mesmo sentido;Com V�timas Feridas;Pleno dia;Crescente;Nublado;Dupla;"Reta;Aclive";Sim;3;0;1;0;2;0;1;3;-19,92453151;-44,01497332;SPRF-MG;DEL01-MG;UOP02-DEL01-MG;;;
693995;27/05/2025;ter�a-feira;06:35:00;DF;40;6;BRASILIA;Acumulo de �leo sobre o pavimento;Tombamento;Com V�timas Feridas;Amanhecer;Crescente;C�u Claro;Dupla;Reta;Sim;2;0;1;0;1;0;1;1;-16,0328411;-47,9785684;SPRF-DF;DEL01-DF;UOP01-DEL01-DF;;;
693997;27/05/2025;ter�a-feira;07:05:00;SC;470;136;RIO DO SUL;Condutor deixou de manter dist�ncia do ve�culo da frente;Colis�o transversal;Com V�timas Feridas;Pleno dia;Decrescente;Nublado;Simples;Reta;Sim;1;0;1;0;0;0;1;1;-27,1823723;-49,60097241;SPRF-SC;DEL04-SC;UOP02-DEL04-SC;;;
693998;27/05/2025;ter�a-feira;07:10:00;RS;287;248;SANTA MARIA;Manobra de mudan�a de faixa;Colis�o traseira;Com V�timas Feridas;Pleno dia;Decrescente;Garoa/Chuvisco;Simples;Reta;Sim;2;0;1;0;1;0;1;2;-29,69532671;-53,8573036;SPRF-RS;DEL09-RS;UOP01-DEL09-RS;;;
693999;27/05/2025;ter�a-feira;05:50:00;RO;364;433,4;JARU;Demais falhas mec�nicas ou el�tricas;Sa�da de leito carro��vel;Com V�timas Feridas;Amanhecer;Crescente;C�u Claro;Simples;Reta;N�o;1;0;0;1;0;0;1;1;-10,39303806;-62,53593846;SPRF-RO;DEL03-RO;UOP02-DEL03-RO;;;
694000;27/05/2025;ter�a-feira;07:40:00;SC;101;204;SAO JOSE;Trafegar com motocicleta (ou similar) entre as faixas;Colis�o traseira;Com V�timas Feridas;Pleno dia;Crescente;C�u Claro;M�ltipla;Reta;Sim;4;0;2;1;1;0;3;3;-27,57641163;-48,61342605;SPRF-SC;DEL01-SC;UOP01-DEL01-SC;;;
694001;27/05/2025;ter�a-feira;07:00:00;RJ;116;184;NOVA IGUACU;Aus�ncia de rea��o do condutor;Colis�o traseira;Com V�timas Feridas;Pleno dia;Decrescente;C�u Claro;Dupla;Reta;Sim;2;0;1;0;1;0;1;2;-22,7466701;-43,4433808;SPRF-RJ;DEL06-RJ;UOP01-DEL06-RJ;;;
694003;27/05/2025;ter�a-feira;07:50:00;RJ;101;389;RIO DE JANEIRO;Retorno proibido;Colis�o transversal;Com V�timas Feridas;Amanhecer;Decrescente;C�u Claro;Dupla;Reta;Sim;2;0;0;1;1;0;1;2;-22,89382322;-43,67529837;SPRF-RJ;DEL03-RJ;UOP01-DEL03-RJ;;;
694004;26/05/2025;segunda-feira;21:49:00;AM;174;980;MANAUS;Rea��o tardia ou ineficiente do condutor;Sa�da de leito carro��vel;Com V�timas Fatais;Plena Noite;Crescente;Nublado;Simples;Reta;N�o;1;1;0;0;0;0;0;1;-2,139168;-59,998654;SPRF-AM;DEL01-AM;UOP02-DEL01-AM;;;
694007;27/05/2025;ter�a-feira;07:45:00;RJ;40;121;DUQUE DE CAXIAS;Acumulo de �leo sobre o pavimento;Tombamento;Com V�timas Feridas;Pleno dia;Decrescente;C�u Claro;Dupla;Reta;Sim;2;0;2;0;0;0;2;1;-22,6616868;-43,2654383;SPRF-RJ;DEL01-RJ;UOP02-DEL01-RJ;;;
694008;27/05/2025;ter�a-feira;08:00:00;MG;381;453,8;SABARA;Convers�o proibida;Colis�o transversal;Com V�timas Feridas;Pleno dia;Decrescente;C�u Claro;Simples;"Reta;Viaduto";Sim;2;0;1;0;1;0;1;2;-19,842108;-43,86654;SPRF-MG;DEL01-MG;UOP01-DEL01-MG;;;
694010;26/05/2025;segunda-feira;18:50:00;SP;116;322;JUQUITIBA;Acumulo de areia ou detritos sobre o pavimento;Eventos at�picos;Sem V�timas;Plena Noite;Crescente;C�u Claro;Dupla;Reta;N�o;2;0;0;0;2;0;0;1;-23,93333827;-47,07923349;SPRF-SP;DEL04-SP;UOP03-DEL04-SP;;;
694011;27/05/2025;ter�a-feira;06:30:00;DF;20;7,4;BRASILIA;Rea��o tardia ou ineficiente do condutor;Engavetamento;Sem V�timas;Pleno dia;Decrescente;C�u Claro;Dupla;"Reta;Declive";Sim;6;0;0;0;6;0;0;5;-15,659635;-47,795102;SPRF-DF;DEL02-DF;UOP01-DEL02-DF;;;
694013;27/05/2025;ter�a-feira;09:30:00;RJ;116;173;SAO JOAO DE MERITI;Aus�ncia de rea��o do condutor;Tombamento;Com V�timas Feridas;Pleno dia;Decrescente;Sol;M�ltipla;Reta;Sim;1;0;0;1;0;0;1;1;-22,7952892;-43,3627383;SPRF-RJ;DEL06-RJ;UOP01-DEL06-RJ;;;
694014;27/05/2025;ter�a-feira;09:10:00;RJ;101;296;ITABORAI;Mal s�bito do condutor;Colis�o com objeto;Sem V�timas;Pleno dia;Crescente;C�u Claro;M�ltipla;Reta;Sim;1;0;0;0;1;0;0;1;-22,7725591;-42,91049089;SPRF-RJ;DEL02-RJ;UOP02-DEL02-RJ;;;
694015;06/04/2025;domingo;18:45:00;SC;101;126;ITAJAI;Rea��o tardia ou ineficiente do condutor;Sa�da de leito carro��vel;Com V�timas Feridas;Anoitecer;Crescente;C�u Claro;Dupla;Curva;Sim;5;0;4;0;1;0;4;2;-26,96273331;-48,68277734;SPRF-SC;DEL04-SC;UOP04-DEL04-SC;;;
694016;24/05/2025;s�bado;01:40:00;MG;40;524;CONTAGEM;Aus�ncia de rea��o do condutor;Sa�da de leito carro��vel;Com V�timas Feridas;Plena Noite;Crescente;C�u Claro;Dupla;Reta;Sim;2;0;1;0;1;0;1;1;-19,88006891;-44,05071259;SPRF-MG;DEL01-MG;UOP02-DEL01-MG;;;
694017;27/05/2025;ter�a-feira;09:20:00;PR;376;170,8;MARINGA;Manobra de mudan�a de faixa;Colis�o lateral mesmo sentido;Com V�timas Feridas;Pleno dia;Crescente;C�u Claro;Dupla;Reta;Sim;3;0;1;0;2;0;1;2;-23,41020306;-51,98736755;SPRF-PR;DEL09-PR;UOP01-DEL09-PR;;;
694020;27/05/2025;ter�a-feira;07:40:00;ES;101;68,8;SAO MATEUS;Acessar a via sem observar a presen�a dos outros ve�culos;Colis�o transversal;Com V�timas Feridas;Pleno dia;Crescente;Nublado;Simples;"Reta;Declive";N�o;2;0;1;1;0;0;2;2;-18,73289373;-39,86036651;SPRF-ES;DEL04-ES;UOP02-DEL04-ES;;;
694024;27/05/2025;ter�a-feira;10:00:00;ES;101;169,2;LINHARES;Aus�ncia de rea��o do condutor;Sa�da de leito carro��vel;Com V�timas Feridas;Pleno dia;Crescente;C�u Claro;Simples;Reta;N�o;1;0;1;0;0;0;1;1;-19,54391289;-40,16421385;SPRF-ES;DEL04-ES;UOP01-DEL04-ES;;;
694025;27/05/2025;ter�a-feira;10:20:00;RN;101;82,3;NATAL;Manobra de mudan�a de faixa;Colis�o lateral mesmo sentido;Sem V�timas;Pleno dia;Decrescente;C�u Claro;Dupla;Reta;Sim;2;0;0;0;1;1;0;2;-5,76867;-35,272627;SPRF-RN;DEL02-RN;UOP01-DEL02-RN;;;
694028;27/05/2025;ter�a-feira;09:20:00;SC;101;23,7;SAO JOSE;Rea��o tardia ou ineficiente do condutor;Colis�o com objeto;Com V�timas Feridas;Pleno dia;Crescente;C�u Claro;Dupla;Reta;Sim;1;0;1;0;0;0;1;1;-27,53034083;-48,70641438;SPRF-SC;DEL01-SC;UOP02-DEL01-SC;;;
694031;27/05/2025;ter�a-feira;10:40:00;RS;116;265;CANOAS;Aus�ncia de rea��o do condutor;Colis�o traseira;Com V�timas Feridas;Pleno dia;Decrescente;Nublado;Dupla;"Reta;Viaduto";Sim;5;0;1;0;3;1;1;3;-29,92940539;-51,17757797;SPRF-RS;DEL01-RS;UOP01-DEL01-RS;;;
694032;27/05/2025;ter�a-feira;09:20:00;AC;364;137;RIO BRANCO;Aus�ncia de rea��o do condutor;Colis�o traseira;Com V�timas Feridas;Pleno dia;Decrescente;C�u Claro;Dupla;Reta;Sim;2;0;0;1;1;0;1;2;-9,96762286;-67,85371102;SPRF-AC;DEL01-AC;UOP01-DEL01-AC;;;
694034;27/05/2025;ter�a-feira;11:15:00;SC;470;55,5;BLUMENAU;Convers�o proibida;Colis�o frontal;Com V�timas Feridas;Pleno dia;Decrescente;C�u Claro;Simples;Reta;Sim;3;0;2;0;1;0;2;3;-26,88119623;-49,1656208;SPRF-SC;DEL04-SC;UOP01-DEL04-SC;;;
694035;13/05/2025;ter�a-feira;13:30:00;MG;40;518,7;RIBEIRAO DAS NEVES;Condutor deixou de manter dist�ncia do ve�culo da frente;Colis�o traseira;Com V�timas Feridas;Pleno dia;Crescente;Nublado;Dupla;Reta;Sim;2;0;0;1;1;0;1;2;-19,8340651;-44,0784553;SPRF-MG;DEL01-MG;UOP02-DEL01-MG;;;
694036;27/05/2025;ter�a-feira;10:45:00;PR;277;460,5;LARANJEIRAS DO SUL;Acessar a via sem observar a presen�a dos outros ve�culos;Colis�o traseira;Com V�timas Feridas;Pleno dia;Decrescente;C�u Claro;Simples;Reta;N�o;2;0;1;0;1;0;1;2;-25,366677;-52,465433;SPRF-PR;DEL04-PR;UOP02-DEL04-PR;;;
694037;27/05/2025;ter�a-feira;11:20:00;MS;163;492;CAMPO GRANDE;Aus�ncia de rea��o do condutor;Sa�da de leito carro��vel;Com V�timas Feridas;Pleno dia;Crescente;C�u Claro;Dupla;"Reta;Declive";Sim;2;0;2;0;0;0;2;1;-20,384013;-54,54284;SPRF-MS;DEL01-MS;UOP02-DEL01-MS;;;
694039;25/04/2025;sexta-feira;18:32:00;MT;364;250;JUSCIMEIRA;Rea��o tardia ou ineficiente do condutor;Colis�o traseira;Com V�timas Feridas;Plena Noite;Crescente;C�u Claro;Dupla;Reta;N�o;4;0;1;0;3;0;1;2;-16,08515577;-54,87130165;SPRF-MT;DEL02-MT;UOP01-DEL02-MT;;;
694040;16/05/2025;sexta-feira;08:00:00;RS;153;420;CACHOEIRA DO SUL;Acessar a via sem observar a presen�a dos outros ve�culos;Colis�o transversal;Com V�timas Feridas;Pleno dia;Decrescente;C�u Claro;Simples;Reta;N�o;3;0;2;0;1;0;2;2;-30,10478101;-52,86542458;SPRF-RS;DEL02-RS;UOP03-DEL02-RS;;;
694041;16/05/2025;sexta-feira;04:00:00;SC;470;66;INDAIAL;Condutor deixou de manter dist�ncia do ve�culo da frente;Colis�o traseira;Com V�timas Feridas;Plena Noite;Crescente;Nublado;Simples;"Em Obras;Reta";Sim;2;0;1;0;1;0;1;2;-26,87011236;-49,22333591;SPRF-SC;DEL04-SC;UOP01-DEL04-SC;;;
694042;27/05/2025;ter�a-feira;10:00:00;MG;116;522,7;CARATINGA;Condutor deixou de manter dist�ncia do ve�culo da frente;Colis�o traseira;Com V�timas Feridas;Pleno dia;Crescente;Nublado;Simples;Rotat�ria;Sim;2;0;1;0;1;0;1;2;-19,7524;-42,13303555;SPRF-MG;DEL06-MG;UOP02-DEL06-MG;;;
694043;27/05/2025;ter�a-feira;12:00:00;SP;116;144;SAO JOSE DOS CAMPOS;Manobra de mudan�a de faixa;Colis�o lateral sentido oposto;Com V�timas Feridas;Pleno dia;Decrescente;Sol;Dupla;Reta;Sim;3;0;2;0;1;0;2;2;-23,18052087;-45,8419311;SPRF-SP;DEL02-SP;UOP01-DEL02-SP;;;
694045;27/05/2025;ter�a-feira;12:20:00;BA;101;114;ALAGOINHAS;Demais falhas mec�nicas ou el�tricas;Inc�ndio;Sem V�timas;Pleno dia;Decrescente;C�u Claro;Simples;Reta;N�o;1;0;0;0;1;0;0;1;-12,16946127;-38,44466105;SPRF-BA;DEL01-BA;UOP04-DEL01-BA;;;
694046;27/05/2025;ter�a-feira;05:00:00;RJ;101;399;ITAGUAI;Ilumina��o deficiente;Colis�o com objeto;Com V�timas Feridas;Amanhecer;Decrescente;Ignorado;Dupla;Reta;Sim;1;0;0;1;0;0;1;1;-22,8592753;-43,75918362;SPRF-RJ;DEL03-RJ;UOP01-DEL03-RJ;;;
694047;27/05/2025;ter�a-feira;12:40:00;PB;230;38,8;SANTA RITA;Aus�ncia de rea��o do condutor;Colis�o traseira;Sem V�timas;Pleno dia;Decrescente;C�u Claro;Dupla;Reta;Sim;6;0;0;0;6;0;0;2;-7,13677833;-34,96746451;SPRF-PB;DEL01-PB;UOP02-DEL01-PB;;;
694049;27/05/2025;ter�a-feira;13:00:00;SC;101;147,1;ITAPEMA;Transitar na contram�o;Colis�o transversal;Com V�timas Feridas;Pleno dia;Crescente;C�u Claro;M�ltipla;Reta;Sim;2;0;1;0;1;0;1;2;-27,09210283;-48,61744165;SPRF-SC;DEL04-SC;UOP03-DEL04-SC;;;
694052;27/05/2025;ter�a-feira;13:40:00;PR;376;678,6;GUARATUBA;Velocidade Incompat�vel;Tombamento;Com V�timas Feridas;Pleno dia;Crescente;C�u Claro;Dupla;Curva;N�o;1;0;1;0;0;0;1;1;-25,96310874;-48,89750099;SPRF-PR;DEL01-PR;UOP04-DEL01-PR;;;
694054;02/04/2025;quarta-feira;14:00:00;RO;364;343;JI-PARANA;Desrespeitar a prefer�ncia no cruzamento;Colis�o transversal;Com V�timas Feridas;Pleno dia;Decrescente;C�u Claro;M�ltipla;"Interse��o de Vias;Reta";Sim;2;0;1;0;1;0;1;2;-10,87029077;-61,95769787;SPRF-RO;DEL02-RO;UOP01-DEL02-RO;;;
694055;24/03/2025;segunda-feira;07:00:00;MG;50;72;UBERLANDIA;Aus�ncia de rea��o do condutor;Colis�o traseira;Com V�timas Feridas;Pleno dia;Decrescente;Chuva;Dupla;Reta;Sim;5;0;1;0;4;0;1;3;-18,89893212;-48,24222565;SPRF-MG;DEL15-MG;UOP01-DEL15-MG;;;
694056;27/05/2025;ter�a-feira;13:45:00;GO;153;498,7;GOIANIA;Condutor deixou de manter dist�ncia do ve�culo da frente;Colis�o traseira;Com V�timas Feridas;Pleno dia;Crescente;Sol;Dupla;Reta;Sim;2;0;1;0;1;0;1;2;-16,690738;-49,232829;SPRF-GO;DEL01-GO;UOP01-DEL01-GO;;;
694057;28/04/2025;segunda-feira;08:50:00;MG;0;0;UBERLANDIA;Aus�ncia de sinaliza��o;Colis�o com objeto;Sem V�timas;Pleno dia;N�o Informado;C�u Claro;Dupla;Reta;N�o;1;0;0;0;1;0;0;1;-18,86445005;-48,25508444;SPRF-MG;DEL15-MG;UOP01-DEL15-MG;;;
694059;27/05/2025;ter�a-feira;14:40:00;RS;116;245;SAO LEOPOLDO;Transitar na contram�o;Colis�o frontal;Com V�timas Feridas;Pleno dia;Crescente;Chuva;Dupla;Reta;Sim;2;0;1;0;1;0;1;2;-29,74606551;-51,15122795;SPRF-RS;DEL01-RS;UOP02-DEL01-RS;;;
694060;07/05/2025;quarta-feira;12:00:00;SP;116;139;SAO JOSE DOS CAMPOS;Rea��o tardia ou ineficiente do condutor;Colis�o com objeto;Com V�timas Feridas;Pleno dia;Crescente;C�u Claro;Dupla;Reta;Sim;1;0;1;0;0;0;1;1;-23,16133179;-45,80442164;SPRF-SP;DEL02-SP;UOP01-DEL02-SP;;;
694061;27/05/2025;ter�a-feira;13:35:00;SC;280;10,6;SAO FRANCISCO DO SUL;Acessar a via sem observar a presen�a dos outros ve�culos;Colis�o transversal;Com V�timas Feridas;Pleno dia;Decrescente;Nublado;Simples;Reta;Sim;2;0;0;1;1;0;1;2;-26,300944;-48,640208;SPRF-SC;DEL03-SC;UOP03-DEL03-SC;;;
694063;27/05/2025;ter�a-feira;14:40:00;SP;116;228;SAO PAULO;Acessar a via sem observar a presen�a dos outros ve�culos;Colis�o lateral mesmo sentido;Com V�timas Feridas;Pleno dia;Decrescente;C�u Claro;M�ltipla;"Interse��o de Vias;Desvio Tempor�rio";Sim;2;0;1;0;1;0;1;2;-23,50536789;-46,56916738;SPRF-SP;DEL01-SP;UOP01-DEL01-SP;;;
694064;27/05/2025;ter�a-feira;14:20:00;SC;470;72,8;INDAIAL;Aus�ncia de rea��o do condutor;Colis�o lateral mesmo sentido;Com V�timas Feridas;Pleno dia;Crescente;C�u Claro;Dupla;Reta;N�o;5;0;0;1;4;0;1;2;-26,90783469;-49,27422881;SPRF-SC;DEL04-SC;UOP01-DEL04-SC;;;
694065;27/05/2025;ter�a-feira;14:50:00;SC;280;127,8;RIO NEGRINHO;Transitar na contram�o;Colis�o transversal;Com V�timas Feridas;Pleno dia;Decrescente;C�u Claro;Simples;"Curva;Declive;Interse��o de Vias";Sim;3;0;1;0;2;0;1;2;-26,242945;-49,512396;SPRF-SC;DEL06-SC;UOP03-DEL06-SC;;;
694067;27/05/2025;ter�a-feira;13:20:00;RO;364;374;OURO PRETO DO OESTE;Acessar a via sem observar a presen�a dos outros ve�culos;Colis�o transversal;Com V�timas Feridas;Pleno dia;Crescente;C�u Claro;Simples;"Interse��o de Vias;Reta";N�o;6;0;1;1;1;3;2;3;-10,74411756;-62,17975108;SPRF-RO;DEL02-RO;UOP01-DEL02-RO;;;
694069;27/05/2025;ter�a-feira;12:40:00;RS;287;341;SAO VICENTE DO SUL;Rea��o tardia ou ineficiente do condutor;Sa�da de leito carro��vel;Com V�timas Feridas;Pleno dia;Crescente;Chuva;Simples;Reta;N�o;1;0;1;0;0;0;1;1;-29,582841;-54,683635;SPRF-RS;DEL12-RS;UOP02-DEL12-RS;;;
694070;27/05/2025;ter�a-feira;13:10:00;RJ;116;180;NOVA IGUACU;Demais falhas mec�nicas ou el�tricas;Inc�ndio;Sem V�timas;Pleno dia;Decrescente;C�u Claro;Dupla;Reta;Sim;1;0;0;0;1;0;0;1;-22,76659465;-43,41343816;SPRF-RJ;DEL06-RJ;UOP01-DEL06-RJ;;;
694071;27/05/2025;ter�a-feira;14:30:00;MS;163;264,9;DOURADOS;Desrespeitar a prefer�ncia no cruzamento;Colis�o transversal;Com V�timas Feridas;Pleno dia;Crescente;C�u Claro;Dupla;Rotat�ria;Sim;2;0;0;1;1;0;1;2;-22,22374034;-54,73121524;SPRF-MS;DEL04-MS;UOP01-DEL04-MS;;;
694072;27/05/2025;ter�a-feira;11:30:00;GO;60;392;RIO VERDE;Acumulo de areia ou detritos sobre o pavimento;Tombamento;Com V�timas Feridas;Pleno dia;Decrescente;C�u Claro;Dupla;Reta;N�o;1;0;1;0;0;0;1;1;-17,82428977;-50,99226097;SPRF-GO;DEL04-GO;UOP02-DEL04-GO;;;
694073;27/05/2025;ter�a-feira;13:35:00;RJ;116;183;RIO DE JANEIRO;Condutor deixou de manter dist�ncia do ve�culo da frente;Colis�o traseira;Com V�timas Feridas;Pleno dia;Crescente;C�u Claro;Dupla;Reta;N�o;2;0;1;0;1;0;1;2;-22,8044597;-43,345173;SPRF-RJ;DEL06-RJ;UOP01-DEL06-RJ;;;
694075;19/05/2025;segunda-feira;22:35:00;MG;262;42;MANHUACU;Ingest�o de �lcool pelo condutor;Sa�da de leito carro��vel;Sem V�timas;Plena Noite;Crescente;C�u Claro;Simples;Curva;N�o;1;0;0;0;1;0;0;1;-20,26357433;-42,07960367;SPRF-MG;DEL06-MG;UOP03-DEL06-MG;;;
694076;09/03/2025;domingo;19:00:00;MA;316;349,7;BACABAL;Rea��o tardia ou ineficiente do condutor;Colis�o frontal;Com V�timas Feridas;Plena Noite;Decrescente;Nublado;Simples;Reta;N�o;2;0;0;1;0;1;1;2;-4,22462017;-44,8397921;SPRF-MA;DEL02-MA;UOP01-DEL02-MA;;;
694077;23/05/2025;sexta-feira;18:02:00;RJ;116;279;BARRA MANSA;Ingest�o de �lcool pelo condutor;Colis�o traseira;Com V�timas Feridas;Plena Noite;Decrescente;C�u Claro;Simples;"Reta;Ponte";Sim;2;0;1;0;1;0;1;2;-22,55017956;-44,18477988;SPRF-RJ;DEL07-RJ;UOP02-DEL07-RJ;;;
694080;27/05/2025;ter�a-feira;17:05:00;SP;116;207;GUARULHOS;Estacionar ou parar em local proibido;Colis�o traseira;Com V�timas Feridas;Anoitecer;Crescente;Nublado;Dupla;Reta;N�o;2;0;2;0;0;0;2;2;-23,41993562;-46,38555408;SPRF-SP;DEL01-SP;UOP01-DEL01-SP;;;
694081;27/05/2025;ter�a-feira;15:00:00;MG;116;373,7;FREI INOCENCIO;Desrespeitar a prefer�ncia no cruzamento;Colis�o transversal;Com V�timas Feridas;Pleno dia;Crescente;Nublado;M�ltipla;"Reta;Interse��o de Vias";Sim;2;0;1;0;1;0;1;2;-18,563479;-41,906851;SPRF-MG;DEL11-MG;UOP01-DEL11-MG;;;
694082;27/05/2025;ter�a-feira;16:30:00;SC;101;337;TUBARAO;Mal s�bito do condutor;Sa�da de leito carro��vel;Com V�timas Feridas;Pleno dia;Decrescente;Nublado;M�ltipla;"Curva;Declive";N�o;1;0;1;0;0;0;1;1;-28,488255;-49,03851;SPRF-SC;DEL02-SC;UOP01-DEL02-SC;;;
694084;27/05/2025;ter�a-feira;17:20:00;PB;101;42,4;MAMANGUAPE;Aus�ncia de rea��o do condutor;Tombamento;Com V�timas Feridas;Plena Noite;Decrescente;C�u Claro;Dupla;"Interse��o de Vias;Curva";N�o;1;0;1;0;0;0;1;1;-6,860462;-35,133615;SPRF-PB;DEL01-PB;UOP03-DEL01-PB;;;
694086;27/05/2025;ter�a-feira;17:10:00;SP;116;213;GUARULHOS;Aus�ncia de rea��o do condutor;Colis�o traseira;Com V�timas Feridas;Anoitecer;Crescente;C�u Claro;Dupla;Reta;Sim;2;0;0;1;1;0;1;2;-23,442213;-46,44379932;SPRF-SP;DEL01-SP;UOP01-DEL01-SP;;;
694087;27/05/2025;ter�a-feira;17:35:00;SC;470;140,3;RIO DO SUL;Ultrapassagem Indevida;Colis�o transversal;Com V�timas Feridas;Anoitecer;Crescente;Nublado;Simples;Reta;Sim;2;0;1;0;1;0;1;2;-27,20497898;-49,64076726;SPRF-SC;DEL04-SC;UOP02-DEL04-SC;;;
694088;27/05/2025;ter�a-feira;17:50:00;MG;381;485;BETIM;Rea��o tardia ou ineficiente do condutor;Engavetamento;Com V�timas Feridas;Plena Noite;Decrescente;C�u Claro;M�ltipla;Reta;Sim;5;0;0;1;4;0;1;5;-19,956138;-44,102526;SPRF-MG;DEL01-MG;UOP03-DEL01-MG;;;
694089;27/05/2025;ter�a-feira;18:00:00;RS;116;241;NOVO HAMBURGO;Chuva;Tombamento;Com V�timas Feridas;Plena Noite;Crescente;Chuva;Dupla;Reta;Sim;1;0;0;1;0;0;1;1;-29,71386662;-51,14784948;SPRF-RS;DEL01-RS;UOP02-DEL01-RS;;;
694092;27/05/2025;ter�a-feira;18:05:00;MG;381;7;BETIM;Manobra de mudan�a de faixa;Colis�o lateral mesmo sentido;Com V�timas Feridas;Anoitecer;Crescente;C�u Claro;M�ltipla;Interse��o de Vias;Sim;3;0;2;0;1;0;2;2;-19,9965522;-44,2090239;SPRF-MG;DEL01-MG;UOP03-DEL01-MG;;;
694093;27/05/2025;ter�a-feira;18:15:00;MG;381;454,8;BELO HORIZONTE;Convers�o proibida;Colis�o lateral mesmo sentido;Com V�timas Feridas;Plena Noite;Decrescente;C�u Claro;Simples;Reta;Sim;3;0;2;0;1;0;2;2;-19,839353;-43,878036;SPRF-MG;DEL01-MG;UOP01-DEL01-MG;;;