id;data_inversa;dia_semana;horario;uf;br;km;municipio;causa_acidente;tipo_acidente;classificacao_acidente;fase_dia;sentido_via;condicao_metereologica;tipo_pista;tracado_via;uso_solo;pessoas;mortos;feridos_leves;feridos_graves;ilesos;ignorados;feridos;veiculos;latitude;longitude;regional;delegacia;uop;;;
694094;27/05/2025;ter�a-feira;17:40:00;RJ;40;109;DUQUE DE CAXIAS;Aus�ncia de rea��o do condutor;Colis�o traseira;Com V�timas Feridas;Plena Noite;Decrescente;C�u Claro;Dupla;Reta;N�o;2;0;1;0;0;1;1;2;-22,680391;-43,28527451;SPRF-RJ;DEL01-RJ;UOP02-DEL01-RJ;;;
694095;27/05/2025;ter�a-feira;17:50:00;RS;116;148,5;CAXIAS DO SUL;Trafegar com motocicleta (ou similar) entre as faixas;Atropelamento de Pedestre;Com V�timas Feridas;Plena Noite;Crescente;Chuva;Dupla;"Reta;Aclive";Sim;4;0;0;1;3;0;1;4;-29,158111;-51,153265;SPRF-RS;DEL05-RS;UOP01-DEL05-RS;;;
694098;27/05/2025;ter�a-feira;13:45:00;BA;367;29;PORTO SEGURO;Acessar a via sem observar a presen�a dos outros ve�culos;Colis�o transversal;Com V�timas Feridas;Pleno dia;Crescente;C�u Claro;Simples;Interse��o de Vias;N�o;2;0;1;0;1;0;1;2;-16,3975588;-39,1172799;SPRF-BA;DEL09-BA;UOP03-DEL09-BA;;;
694099;27/05/2025;ter�a-feira;17:30:00;SP;116;225;GUARULHOS;Manobra de mudan�a de faixa;Queda de ocupante de ve�culo;Com V�timas Feridas;Anoitecer;Decrescente;Nublado;M�ltipla;Declive;Sim;3;0;1;0;0;2;1;3;-23,48907331;-46,54577215;SPRF-SP;DEL01-SP;UOP01-DEL01-SP;;;
694100;27/05/2025;ter�a-feira;18:50:00;SP;116;221;GUARULHOS;Aus�ncia de rea��o do condutor;Colis�o com objeto;Com V�timas Feridas;Anoitecer;Crescente;C�u Claro;M�ltipla;"Em Obras;Reta";Sim;1;0;1;0;0;0;1;1;-23,46860209;-46,5103299;SPRF-SP;DEL01-SP;UOP01-DEL01-SP;;;
694102;27/05/2025;ter�a-feira;19:15:00;GO;153;491;GOIANIA;Aus�ncia de rea��o do condutor;Atropelamento de Pedestre;Com V�timas Fatais;Plena Noite;Crescente;C�u Claro;Dupla;Reta;Sim;2;1;0;1;0;0;1;2;-16,62063388;-49,20651913;SPRF-GO;DEL01-GO;UOP01-DEL01-GO;;;
694103;15/03/2025;s�bado;18:30:00;PI;20;374;MONSENHOR HIPOLITO;Aus�ncia de rea��o do condutor;Colis�o traseira;Com V�timas Feridas;Plena Noite;Crescente;C�u Claro;Simples;Reta;Sim;2;0;0;1;0;1;1;2;-6,80180774;-41,0234375;SPRF-PI;DEL04-PI;UOP01-DEL04-PI;;;
694104;27/05/2025;ter�a-feira;17:45:00;MT;163;834;SINOP;Acessar a via sem observar a presen�a dos outros ve�culos;Colis�o transversal;Com V�timas Feridas;Anoitecer;Crescente;C�u Claro;Simples;Retorno Regulamentado;N�o;2;0;1;0;1;0;1;2;-11,86640021;-55,49634788;SPRF-MT;DEL06-MT;UOP02-DEL06-MT;;;
694105;27/05/2025;ter�a-feira;19:00:00;SC;101;198,8;SAO JOSE;Acessar a via sem observar a presen�a dos outros ve�culos;Colis�o lateral mesmo sentido;Com V�timas Feridas;Plena Noite;Decrescente;C�u Claro;M�ltipla;Reta;Sim;2;0;1;0;1;0;1;2;-27,532917;-48,630912;SPRF-SC;DEL01-SC;UOP01-DEL01-SC;;;
694107;27/05/2025;ter�a-feira;10:40:00;MG;381;213;NAQUE;Rea��o tardia ou ineficiente do condutor;Colis�o traseira;Sem V�timas;Pleno dia;Crescente;C�u Claro;Simples;"Reta;Em Obras";N�o;2;0;0;0;2;0;0;2;-19,22023434;-42,31069863;SPRF-MG;DEL06-MG;UOP01-DEL06-MG;;;
694108;27/05/2025;ter�a-feira;19:00:00;RS;290;16,9;SANTO ANTONIO DA PATRULHA;Demais falhas mec�nicas ou el�tricas;Inc�ndio;Sem V�timas;Plena Noite;Crescente;Garoa/Chuvisco;Dupla;Reta;N�o;2;0;0;0;2;0;0;1;-29,87528957;-50,42479841;SPRF-RS;DEL03-RS;UOP01-DEL03-RS;;;
694110;27/05/2025;ter�a-feira;19:00:00;RS;386;339;LAJEADO;Avarias e/ou desgaste excessivo no pneu;Tombamento;Com V�timas Feridas;Plena Noite;Crescente;Chuva;M�ltipla;Reta;N�o;2;0;1;0;0;1;1;2;-29,41114867;-52,02826312;SPRF-RS;DEL04-RS;UOP01-DEL04-RS;;;
694111;27/05/2025;ter�a-feira;18:00:00;SC;280;81,6;CORUPA;Acessar a via sem observar a presen�a dos outros ve�culos;Colis�o lateral mesmo sentido;Com V�timas Feridas;Anoitecer;Decrescente;C�u Claro;Simples;"Reta;Aclive;Interse��o de Vias";Sim;2;0;1;0;1;0;1;2;-26,437492;-49,237079;SPRF-SC;DEL06-SC;UOP03-DEL06-SC;;;
694112;27/05/2025;ter�a-feira;18:40:00;PR;116;118;CURITIBA;Trafegar com motocicleta (ou similar) entre as faixas;Colis�o traseira;Com V�timas Feridas;Plena Noite;Crescente;Nublado;Dupla;Reta;Sim;4;0;3;0;1;0;3;3;-25,5599896;-49,30743154;SPRF-PR;DEL01-PR;UOP03-DEL01-PR;;;
694113;27/05/2025;ter�a-feira;18:30:00;MS;163;255,5;DOURADOS;Ingest�o de �lcool pelo condutor;Colis�o traseira;Com V�timas Fatais;Plena Noite;Decrescente;C�u Claro;Dupla;Reta;Sim;2;1;0;0;1;0;0;2;-22,26283108;-54,80621902;SPRF-MS;DEL04-MS;UOP01-DEL04-MS;;;
694114;27/05/2025;ter�a-feira;19:00:00;SE;235;9;NOSSA SENHORA DO SOCORRO;Rea��o tardia ou ineficiente do condutor;Tombamento;Com V�timas Feridas;Plena Noite;Crescente;C�u Claro;Simples;Reta;Sim;2;0;1;0;0;1;1;2;-10,88376643;-37,13873506;SPRF-SE;DEL01-SE;UOP01-DEL01-SE;;;
694115;27/05/2025;ter�a-feira;18:15:00;BA;116;495;RAFAEL JAMBEIRO;Aus�ncia de rea��o do condutor;Colis�o com objeto;Com V�timas Feridas;Plena Noite;Crescente;C�u Claro;Simples;Curva;N�o;4;0;2;1;1;0;3;1;-12,57876;-39,510417;SPRF-BA;DEL02-BA;UOP01-DEL02-BA;;;
694116;27/05/2025;ter�a-feira;19:40:00;SC;116;18,3;MAFRA;Aus�ncia de sinaliza��o;Colis�o com objeto;Sem V�timas;Plena Noite;Crescente;Nublado;Simples;"Reta;Aclive";N�o;3;0;0;0;3;0;0;2;-26,20172146;-49,88053513;SPRF-SC;DEL06-SC;UOP01-DEL06-SC;;;
694118;27/05/2025;ter�a-feira;16:00:00;AM;174;983;PRESIDENTE FIGUEIREDO;Demais falhas mec�nicas ou el�tricas;Inc�ndio;Sem V�timas;Pleno dia;Crescente;Garoa/Chuvisco;Simples;Reta;N�o;1;0;0;0;0;1;0;1;-1,4520011;-60,025948;SPRF-AM;DEL01-AM;UOP02-DEL01-AM;;;
694119;27/05/2025;ter�a-feira;18:35:00;BA;242;412;SEABRA;Ilumina��o deficiente;Atropelamento de Pedestre;Com V�timas Feridas;Plena Noite;Decrescente;Nublado;Simples;Reta;N�o;2;0;2;0;0;0;2;2;-12,442735;-41,752936;SPRF-BA;DEL06-BA;UOP01-DEL06-BA;;;
694120;27/05/2025;ter�a-feira;19:20:00;PE;232;211;PESQUEIRA;Ingest�o de �lcool pelo condutor;Colis�o traseira;Com V�timas Feridas;Plena Noite;Decrescente;C�u Claro;Simples;Reta;Sim;3;0;1;0;2;0;1;2;-8,369793;-36,707072;SPRF-PE;DEL03-PE;UOP02-DEL03-PE;;;
694121;27/05/2025;ter�a-feira;19:53:00;PB;230;14;CABEDELO;Aus�ncia de rea��o do condutor;Colis�o com objeto;Com V�timas Feridas;Plena Noite;Crescente;C�u Claro;Dupla;"Reta;Aclive";Sim;1;0;1;0;0;0;1;1;-7,0974172;-34,8479502;SPRF-PB;DEL01-PB;UOP01-DEL01-PB;;;
694122;27/05/2025;ter�a-feira;19:20:00;RS;116;159,6;CAXIAS DO SUL;Rea��o tardia ou ineficiente do condutor;Colis�o com objeto;Sem V�timas;Plena Noite;Crescente;Chuva;Simples;Reta;Sim;3;0;0;0;3;0;0;3;-29,229609;-51,159127;SPRF-RS;DEL05-RS;UOP01-DEL05-RS;;;
694123;27/05/2025;ter�a-feira;18:30:00;RS;116;159,4;CAXIAS DO SUL;Aus�ncia de rea��o do condutor;Sa�da de leito carro��vel;Com V�timas Feridas;Plena Noite;Decrescente;Chuva;Simples;Reta;N�o;2;0;2;0;0;0;2;1;-29,22757925;-51,15900105;SPRF-RS;DEL05-RS;UOP01-DEL05-RS;;;
694125;27/05/2025;ter�a-feira;18:30:00;MG;262;36,1;MANHUACU;Condutor deixou de manter dist�ncia do ve�culo da frente;Colis�o traseira;Sem V�timas;Plena Noite;Crescente;Nublado;Simples;"Curva;Declive";Sim;3;0;0;0;3;0;0;2;-20,26455;-42,035968;SPRF-MG;DEL06-MG;UOP03-DEL06-MG;;;
694126;27/05/2025;ter�a-feira;10:25:00;RJ;40;35;AREAL;Velocidade Incompat�vel;Queda de ocupante de ve�culo;Com V�timas Feridas;Pleno dia;Crescente;Nublado;Dupla;Curva;N�o;1;0;1;0;0;0;1;1;-22,211208;-43,135841;SPRF-RJ;DEL05-RJ;UOP02-DEL05-RJ;;;
694128;27/05/2025;ter�a-feira;11:30:00;MS;262;773,6;CORUMBA;Acessar a via sem observar a presen�a dos outros ve�culos;Eventos at�picos;Com V�timas Feridas;Pleno dia;Crescente;Nublado;Simples;"Interse��o de Vias;Reta";Sim;2;0;1;0;1;0;1;2;-19,032389;-57,651682;SPRF-MS;DEL03-MS;UOP03-DEL03-MS;;;
694130;27/05/2025;ter�a-feira;20:00:00;MG;262;95,5;ABRE CAMPO;Pedestre - Ingest�o de �lcool/ subst�ncias psicoativas;Atropelamento de Pedestre;Com V�timas Feridas;Plena Noite;Decrescente;C�u Claro;Simples;Aclive;Sim;2;0;0;1;1;0;1;2;-20,29762522;-42,4768372;SPRF-MG;DEL03-MG;UOP03-DEL03-MG;;;
694132;27/05/2025;ter�a-feira;19:40:00;MS;163;109;ITAQUIRAI;Ingest�o de �lcool pelo condutor;Eventos at�picos;Com V�timas Feridas;Plena Noite;Crescente;C�u Claro;Dupla;Reta;N�o;1;0;1;0;0;0;1;1;-23,204712;-54,204366;SPRF-MS;DEL09-MS;UOP01-DEL09-MS;;;
694134;27/05/2025;ter�a-feira;19:20:00;RJ;40;113;DUQUE DE CAXIAS;Manobra de mudan�a de faixa;Colis�o lateral mesmo sentido;Com V�timas Feridas;Plena Noite;Decrescente;C�u Claro;Dupla;Reta;N�o;2;0;1;0;0;1;1;2;-22,71806554;-43,28969155;SPRF-RJ;DEL01-RJ;UOP02-DEL01-RJ;;;
694135;27/05/2025;ter�a-feira;20:40:00;MG;146;436,2;CABO VERDE;Animais na Pista;Atropelamento de Animal;Com V�timas Feridas;Plena Noite;Decrescente;C�u Claro;Simples;Reta;N�o;1;0;1;0;0;0;1;1;-21,447408;-46,417287;SPRF-MG;DEL09-MG;UOP01-DEL09-MG;;;
694136;27/05/2025;ter�a-feira;18:55:00;RO;364;332;JI-PARANA;Transitar no Acostamento;Colis�o lateral mesmo sentido;Com V�timas Feridas;Plena Noite;Crescente;C�u Claro;Simples;Reta;N�o;2;0;1;0;1;0;1;2;-10,962535;-61,917357;SPRF-RO;DEL02-RO;UOP01-DEL02-RO;;;
694137;27/05/2025;ter�a-feira;21:10:00;RN;101;110;PARNAMIRIM;Avarias e/ou desgaste excessivo no pneu;Queda de ocupante de ve�culo;Com V�timas Feridas;Pleno dia;Crescente;C�u Claro;Dupla;Reta;N�o;1;0;1;0;0;0;1;1;-5,954978;-35,265957;SPRF-RN;DEL01-RN;UOP01-DEL01-RN;;;
694138;27/05/2025;ter�a-feira;18:00:00;BA;110;20;PAULO AFONSO;Condutor deixou de manter dist�ncia do ve�culo da frente;Sa�da de leito carro��vel;Com V�timas Feridas;Plena Noite;Decrescente;C�u Claro;Simples;Reta;N�o;2;0;0;1;0;1;1;2;-9,593448;-38,22536;SPRF-BA;DEL07-BA;UOP01-DEL07-BA;;;
694139;27/05/2025;ter�a-feira;20:45:00;RJ;393;131;SAPUCAIA;Rea��o tardia ou ineficiente do condutor;Queda de ocupante de ve�culo;Com V�timas Feridas;Plena Noite;Crescente;Nublado;Simples;Curva;N�o;1;0;1;0;0;0;1;1;-21,98962131;-42,90391803;SPRF-RJ;DEL05-RJ;UOP01-DEL05-RJ;;;
694140;27/05/2025;ter�a-feira;20:30:00;BA;324;623;SALVADOR;Demais falhas mec�nicas ou el�tricas;Inc�ndio;Sem V�timas;Plena Noite;Crescente;C�u Claro;Dupla;Curva;Sim;1;0;0;0;1;0;0;1;-12,9357164;-38,471008;SPRF-BA;DEL01-BA;UOP01-DEL01-BA;;;
694141;27/05/2025;ter�a-feira;18:40:00;MG;365;642,5;UBERLANDIA;Rea��o tardia ou ineficiente do condutor;Tombamento;Com V�timas Feridas;Anoitecer;Crescente;C�u Claro;Dupla;"Reta;Em Obras";N�o;1;0;1;0;0;0;1;1;-18,88123899;-48,49007813;SPRF-MG;DEL15-MG;UOP01-DEL15-MG;;;
694143;27/05/2025;ter�a-feira;18:48:00;MG;40;589,5;ITABIRITO;Avarias e/ou desgaste excessivo no pneu;Colis�o com objeto;Sem V�timas;Plena Noite;Decrescente;C�u Claro;Simples;"Aclive;Curva";Sim;1;0;0;0;1;0;0;1;-20,354959;-43,909831;SPRF-MG;DEL01-MG;UOP02-DEL01-MG;;;
694144;27/05/2025;ter�a-feira;17:40:00;RJ;101;325;NITEROI;Trafegar com motocicleta (ou similar) entre as faixas;Colis�o lateral mesmo sentido;Com V�timas Feridas;Anoitecer;Decrescente;C�u Claro;M�ltipla;Reta;Sim;4;0;2;0;0;2;2;3;-22,87236571;-43,14013481;SPRF-RJ;DEL02-RJ;UOP01-DEL02-RJ;;;
694146;27/05/2025;ter�a-feira;17:30:00;MA;316;543;CAXIAS;Acessar a via sem observar a presen�a dos outros ve�culos;Colis�o transversal;Com V�timas Feridas;Pleno dia;Crescente;C�u Claro;Simples;Reta;N�o;3;0;3;0;0;0;3;2;-4,865244;-43,41751;SPRF-MA;DEL03-MA;UOP02-DEL03-MA;;;
694148;27/05/2025;ter�a-feira;18:00:00;SC;280;127;RIO NEGRINHO;Acesso irregular;Colis�o lateral mesmo sentido;Com V�timas Feridas;Anoitecer;Crescente;Nublado;Simples;Reta;Sim;2;0;1;0;1;0;1;2;-26,24459637;-49,51689863;SPRF-SC;DEL06-SC;UOP03-DEL06-SC;;;
694149;27/05/2025;ter�a-feira;22:15:00;ES;101;251,9;SERRA;Rea��o tardia ou ineficiente do condutor;Colis�o com objeto;Com V�timas Feridas;Plena Noite;Decrescente;C�u Claro;Simples;Reta;N�o;1;0;1;0;0;0;1;1;-20,09685719;-40,33920818;SPRF-ES;DEL02-ES;UOP01-DEL02-ES;;;
694150;27/05/2025;ter�a-feira;21:55:00;PE;101;57,5;RECIFE;Aus�ncia de rea��o do condutor;Colis�o traseira;Com V�timas Feridas;Plena Noite;Crescente;Chuva;Dupla;Aclive;Sim;3;0;2;0;1;0;2;2;-7,966995;-34,917915;SPRF-PE;DEL01-PE;UOP02-DEL01-PE;;;
694151;27/05/2025;ter�a-feira;22:20:00;DF;60;9,5;BRASILIA;Aus�ncia de rea��o do condutor;Sa�da de leito carro��vel;Com V�timas Feridas;Pleno dia;Crescente;C�u Claro;Dupla;Reta;Sim;1;0;1;0;0;0;1;1;-15,908014;-48,14603;SPRF-DF;DEL03-DF;UOP01-DEL03-DF;;;
694152;27/05/2025;ter�a-feira;22:15:00;MG;40;507,5;ESMERALDAS;Demais falhas mec�nicas ou el�tricas;Tombamento;Com V�timas Feridas;Plena Noite;Decrescente;C�u Claro;Dupla;Reta;Sim;2;0;2;0;0;0;2;1;-19,70236781;-44,17231279;SPRF-MG;DEL02-MG;UOP01-DEL02-MG;;;
694155;27/05/2025;ter�a-feira;19:10:00;PI;316;356;CAMPO GRANDE DO PIAUI;Defici�ncia do Sistema de Ilumina��o/Sinaliza��o;Colis�o traseira;Com V�timas Feridas;Plena Noite;Decrescente;C�u Claro;Simples;Reta;N�o;3;0;1;1;1;0;2;2;-7,12883687;-41,07431603;SPRF-PI;DEL04-PI;UOP03-DEL04-PI;;;
694156;27/05/2025;ter�a-feira;22:35:00;MG;146;483;POCOS DE CALDAS;Condutor deixou de manter dist�ncia do ve�culo da frente;Colis�o traseira;Com V�timas Feridas;Plena Noite;Decrescente;C�u Claro;Simples;Curva;N�o;3;0;1;0;2;0;1;2;-21,7868;-46,441383;SPRF-MG;DEL09-MG;UOP01-DEL09-MG;;;
694158;27/05/2025;ter�a-feira;22:50:00;SP;116;308;SAO LOURENCO DA SERRA;Demais falhas mec�nicas ou el�tricas;Inc�ndio;Sem V�timas;Plena Noite;Crescente;Nublado;Dupla;Reta;N�o;1;0;0;0;1;0;0;1;-23,85929163;-46,94530978;SPRF-SP;DEL04-SP;UOP01-DEL04-SP;;;
694159;27/05/2025;ter�a-feira;19:30:00;PB;230;466;SOUSA;Animais na Pista;Atropelamento de Animal;Com V�timas Feridas;Plena Noite;Crescente;C�u Claro;Simples;Reta;N�o;4;0;1;1;2;0;2;2;-6,781532;-38,266033;SPRF-PB;DEL03-PB;UOP03-DEL03-PB;;;
694160;27/05/2025;ter�a-feira;23:20:00;RS;116;246;SAO LEOPOLDO;Ingest�o de �lcool pelo condutor;Colis�o com objeto;Sem V�timas;Plena Noite;Decrescente;Chuva;M�ltipla;Reta;Sim;1;0;0;0;1;0;0;1;-29,75977612;-51,15193125;SPRF-RS;DEL01-RS;UOP02-DEL01-RS;;;
694162;28/05/2025;quarta-feira;00:00:00;MG;381;448;SANTA LUZIA;Pedestre andava na pista;Atropelamento de Pedestre;Com V�timas Fatais;Plena Noite;Crescente;C�u Claro;Simples;"Reta;Aclive";Sim;2;1;0;1;0;0;1;2;-19,8248068;-43,8215346;SPRF-MG;DEL01-MG;UOP01-DEL01-MG;;;
694164;28/05/2025;quarta-feira;00:25:00;RJ;116;174;SAO JOAO DE MERITI;Avarias e/ou desgaste excessivo no pneu;Queda de ocupante de ve�culo;Com V�timas Feridas;Plena Noite;Crescente;C�u Claro;Dupla;Reta;Sim;2;0;1;0;1;0;1;1;-22,7920413;-43,3679486;SPRF-RJ;DEL06-RJ;UOP01-DEL06-RJ;;;
694165;27/05/2025;ter�a-feira;17:10:00;MT;70;662,8;CACERES;Chuva;Sa�da de leito carro��vel;Com V�timas Feridas;Anoitecer;Decrescente;Chuva;Simples;Reta;N�o;1;0;1;0;0;0;1;1;-16,065;-57,271;SPRF-MT;DEL03-MT;UOP02-DEL03-MT;;;
694166;28/05/2025;quarta-feira;00:40:00;PR;277;432;VIRMOND;Manobra de mudan�a de faixa;Colis�o frontal;Com V�timas Feridas;Plena Noite;Crescente;Chuva;M�ltipla;"Aclive;Curva";N�o;2;0;1;0;1;0;1;1;-25,375056;-52,235544;SPRF-PR;DEL04-PR;UOP02-DEL04-PR;;;
694167;28/05/2025;quarta-feira;02:40:00;ES;101;265;SERRA;Aus�ncia de rea��o do condutor;Capotamento;Com V�timas Feridas;Plena Noite;Decrescente;Ignorado;Dupla;Reta;Sim;1;0;0;1;0;0;1;1;-20,18453806;-40,26700526;SPRF-ES;DEL02-ES;UOP01-DEL02-ES;;;
694168;28/05/2025;quarta-feira;01:20:00;RO;364;201,3;PIMENTA BUENO;Animais na Pista;Atropelamento de Animal;Com V�timas Feridas;Pleno dia;Crescente;C�u Claro;Simples;"Declive;Reta";Sim;1;0;1;0;0;0;1;1;-11,64197492;-61,19637815;SPRF-RO;DEL02-RO;UOP02-DEL02-RO;;;
694169;28/05/2025;quarta-feira;03:30:00;DF;40;1,9;BRASILIA;Rea��o tardia ou ineficiente do condutor;Colis�o com objeto;Sem V�timas;Plena Noite;Crescente;C�u Claro;Dupla;"Viaduto;Reta";Sim;1;0;0;0;0;1;0;1;-15,979988;-47,98503;SPRF-DF;DEL01-DF;UOP01-DEL01-DF;;;
694170;28/05/2025;quarta-feira;03:20:00;GO;414;374;COCALZINHO DE GOIAS;Acessar a via sem observar a presen�a dos outros ve�culos;Atropelamento de Pedestre;Com V�timas Fatais;Plena Noite;Crescente;C�u Claro;Dupla;"Reta;Declive";Sim;2;1;0;0;1;0;0;2;-15,7827826;-48,7685389;SPRF-GO;DEL02-GO;UOP01-DEL02-GO;;;
694173;28/05/2025;quarta-feira;04:30:00;GO;153;691,5;ITUMBIARA;Pedestre andava na pista;Atropelamento de Pedestre;Com V�timas Fatais;Pleno dia;Decrescente;C�u Claro;Dupla;Reta;N�o;3;1;0;0;2;0;0;2;-18,31244417;-49,23166752;SPRF-GO;DEL03-GO;UOP02-DEL03-GO;;;
694174;28/05/2025;quarta-feira;04:45:00;RS;290;93,2;PORTO ALEGRE;Ingest�o de �lcool pelo condutor;Colis�o com objeto;Com V�timas Feridas;Plena Noite;Decrescente;Chuva;M�ltipla;Reta;Sim;1;0;1;0;0;0;1;1;-29,97100603;-51,19093419;SPRF-RS;DEL01-RS;UOP01-DEL01-RS;;;
694176;28/05/2025;quarta-feira;05:15:00;SC;101;216;PALHOCA;Ingest�o de �lcool pelo condutor;Sa�da de leito carro��vel;Sem V�timas;Plena Noite;Crescente;Chuva;Simples;Reta;Sim;1;0;0;0;1;0;0;1;-27,66083995;-48,67702668;SPRF-SC;DEL01-SC;UOP02-DEL01-SC;;;
694177;28/05/2025;quarta-feira;05:55:00;MG;251;514,9;MONTES CLAROS;Afundamento ou ondula��o no pavimento;Queda de ocupante de ve�culo;Com V�timas Feridas;Amanhecer;Decrescente;C�u Claro;Simples;Reta;N�o;1;0;1;0;0;0;1;1;-16,6586823;-43,7264932;SPRF-MG;DEL12-MG;UOP01-DEL12-MG;;;
694178;28/05/2025;quarta-feira;03:00:00;SC;101;135,8;BALNEARIO CAMBORIU;Rea��o tardia ou ineficiente do condutor;Tombamento;Com V�timas Feridas;Plena Noite;Crescente;C�u Claro;Dupla;Reta;Sim;1;0;0;1;0;0;1;1;-27,00854876;-48,61646399;SPRF-SC;DEL04-SC;UOP03-DEL04-SC;;;
694181;28/05/2025;quarta-feira;05:40:00;PR;277;354,1;GUARAPUAVA;Chuva;Sa�da de leito carro��vel;Com V�timas Feridas;Plena Noite;Decrescente;Chuva;Simples;Curva;N�o;3;0;1;0;2;0;1;1;-25,412232;-51,5577871;SPRF-PR;DEL08-PR;UOP01-DEL08-PR;;;
694182;28/05/2025;quarta-feira;06:35:00;MG;40;549;NOVA LIMA;Aus�ncia de rea��o do condutor;Colis�o traseira;Com V�timas Feridas;Amanhecer;Crescente;Nevoeiro/Neblina;M�ltipla;"Reta;Aclive";N�o;3;0;2;0;1;0;2;2;-20,0416636;-43,9656632;SPRF-MG;DEL01-MG;UOP02-DEL01-MG;;;
694183;30/04/2025;quarta-feira;07:30:00;SC;101;129,5;CAMBORIU;Manobra de mudan�a de faixa;Colis�o traseira;Com V�timas Feridas;Pleno dia;Crescente;C�u Claro;Dupla;Reta;Sim;2;0;0;1;1;0;1;2;-26,98327097;-48,6716315;SPRF-SC;DEL04-SC;UOP03-DEL04-SC;;;
694188;28/05/2025;quarta-feira;07:15:00;PE;101;68;RECIFE;Manobra de mudan�a de faixa;Colis�o lateral mesmo sentido;Com V�timas Feridas;Pleno dia;Decrescente;C�u Claro;Dupla;Reta;Sim;2;0;1;0;1;0;1;2;-8,05773227;-34,94627833;SPRF-PE;DEL01-PE;UOP01-DEL01-PE;;;
694189;28/05/2025;quarta-feira;07:00:00;SP;153;60;SAO JOSE DO RIO PRETO;Manobra de mudan�a de faixa;Colis�o lateral mesmo sentido;Com V�timas Feridas;Pleno dia;Crescente;C�u Claro;Dupla;Reta;Sim;3;0;2;0;1;0;2;2;-20,797;-49,355;SPRF-SP;DEL09-SP;UOP01-DEL09-SP;;;
694190;28/05/2025;quarta-feira;06:45:00;SC;101;38,5;JOINVILLE;Acessar a via sem observar a presen�a dos outros ve�culos;Colis�o transversal;Com V�timas Feridas;Amanhecer;Crescente;C�u Claro;M�ltipla;Interse��o de Vias;N�o;3;0;2;0;1;0;2;2;-26,29095256;-48,88538361;SPRF-SC;DEL03-SC;UOP01-DEL03-SC;;;
694192;28/05/2025;quarta-feira;07:10:00;PR;277;83;CURITIBA;Manobra de mudan�a de faixa;Colis�o lateral mesmo sentido;Com V�timas Feridas;Pleno dia;Crescente;Garoa/Chuvisco;Dupla;Reta;Sim;3;0;1;0;2;0;1;2;-25,452348;-49,226458;SPRF-PR;DEL01-PR;UOP03-DEL01-PR;;;
694193;28/05/2025;quarta-feira;05:40:00;PR;277;660,5;MATELANDIA;Velocidade Incompat�vel;Sa�da de leito carro��vel;Com V�timas Feridas;Amanhecer;Crescente;Chuva;Dupla;"Declive;Curva";N�o;1;0;1;0;0;0;1;1;-25,25353325;-53,99365637;SPRF-PR;DEL05-PR;UOP02-DEL05-PR;;;
694196;28/05/2025;quarta-feira;08:00:00;RN;304;57,4;MOSSORO;Avarias e/ou desgaste excessivo no pneu;Tombamento;Com V�timas Feridas;Pleno dia;Decrescente;C�u Claro;Simples;Reta;Sim;1;0;1;0;0;0;1;1;-5,302765;-37,281092;SPRF-RN;DEL04-RN;UOP01-DEL04-RN;;;
694197;28/05/2025;quarta-feira;07:50:00;SC;282;17;PALHOCA;Aus�ncia de rea��o do condutor;Queda de ocupante de ve�culo;Com V�timas Feridas;Pleno dia;Decrescente;C�u Claro;Simples;Reta;Sim;2;0;1;0;1;0;1;2;-27,67382746;-48,69490385;SPRF-SC;DEL01-SC;UOP02-DEL01-SC;;;
694198;28/05/2025;quarta-feira;07:30:00;DF;40;8;BRASILIA;Trafegar com motocicleta (ou similar) entre as faixas;Colis�o lateral mesmo sentido;Com V�timas Feridas;Pleno dia;Decrescente;C�u Claro;Dupla;Reta;Sim;2;0;1;0;1;0;1;2;-16,0462;-47,9804;SPRF-DF;DEL01-DF;UOP01-DEL01-DF;;;
694199;28/05/2025;quarta-feira;05:45:00;MG;459;90,6;CONGONHAL;Aus�ncia de rea��o do condutor;Queda de ocupante de ve�culo;Com V�timas Feridas;Amanhecer;Crescente;C�u Claro;Simples;"Reta;Declive";N�o;1;0;1;0;0;0;1;1;-22,150797;-46,015931;SPRF-MG;DEL09-MG;UOP01-DEL09-MG;;;
694201;28/05/2025;quarta-feira;08:08:00;RN;110;46,2;MOSSORO;Acessar a via sem observar a presen�a dos outros ve�culos;Colis�o transversal;Com V�timas Feridas;Pleno dia;Decrescente;C�u Claro;Simples;Reta;Sim;2;0;1;1;0;0;2;2;-5,199982;-37,321185;SPRF-RN;DEL04-RN;UOP01-DEL04-RN;;;
694203;28/05/2025;quarta-feira;07:30:00;ES;259;62;COLATINA;Demais falhas mec�nicas ou el�tricas;Queda de ocupante de ve�culo;Com V�timas Feridas;Pleno dia;Crescente;Nublado;Simples;Reta;N�o;1;0;1;0;0;0;1;1;-19,53124185;-40,68990791;SPRF-ES;DEL02-ES;UOP01-DEL02-ES;;;
694204;02/04/2025;quarta-feira;22:50:00;MG;365;51,2;CLARO DOS POCOES;Afundamento ou ondula��o no pavimento;Tombamento;Com V�timas Feridas;Plena Noite;Crescente;C�u Claro;Simples;Curva;N�o;1;0;0;1;0;0;1;1;-16,934128;-44,237727;SPRF-MG;DEL12-MG;UOP01-DEL12-MG;;;
694205;28/05/2025;quarta-feira;08:15:00;SC;101;197,4;BIGUACU;Condutor deixou de manter dist�ncia do ve�culo da frente;Colis�o traseira;Com V�timas Feridas;Pleno dia;Crescente;Garoa/Chuvisco;M�ltipla;Reta;Sim;2;0;1;0;1;0;1;2;-27,52161187;-48,63752604;SPRF-SC;DEL01-SC;UOP01-DEL01-SC;;;