id;data_inversa;dia_semana;horario;uf;br;km;municipio;causa_acidente;tipo_acidente;classificacao_acidente;fase_dia;sentido_via;condicao_metereologica;tipo_pista;tracado_via;uso_solo;pessoas;mortos;feridos_leves;feridos_graves;ilesos;ignorados;feridos;veiculos;latitude;longitude;regional;delegacia;uop;;;
694206;28/05/2025;quarta-feira;06:40:00;RO;364;705;PORTO VELHO;Rea��o tardia ou ineficiente do condutor;Colis�o com objeto;Com V�timas Feridas;Pleno dia;Decrescente;C�u Claro;Dupla;Curva;Sim;1;0;1;0;0;0;1;1;-8,80049441;-63,8249445;SPRF-RO;DEL01-RO;UOP01-DEL01-RO;;;
694207;28/05/2025;quarta-feira;08:35:00;PE;104;66;CARUARU;Demais falhas mec�nicas ou el�tricas;Colis�o traseira;Sem V�timas;Pleno dia;Crescente;C�u Claro;Dupla;Reta;Sim;3;0;0;0;3;0;0;2;-8,2858689;-35,9840799;SPRF-PE;DEL02-PE;UOP01-DEL02-PE;;;
694208;28/05/2025;quarta-feira;01:00:00;RJ;40;88;PETROPOLIS;Condutor Dormindo;Colis�o com objeto;Com V�timas Feridas;Plena Noite;Decrescente;C�u Claro;Simples;Curva;N�o;2;0;2;0;0;0;2;1;-22,5283839;-43,2228072;SPRF-RJ;DEL01-RJ;UOP01-DEL01-RJ;;;
694209;27/05/2025;ter�a-feira;20:00:00;MG;40;193;JOAO PINHEIRO;Transitar na contram�o;Colis�o lateral sentido oposto;Com V�timas Feridas;Plena Noite;Decrescente;C�u Claro;Dupla;Aclive;N�o;3;0;1;0;2;0;1;3;-17,92602683;-46,07464314;SPRF-MG;DEL14-MG;UOP02-DEL14-MG;;;
694212;28/05/2025;quarta-feira;06:50:00;PR;277;592;CASCAVEL;Velocidade Incompat�vel;Colis�o traseira;Com V�timas Feridas;Amanhecer;Crescente;Garoa/Chuvisco;Simples;"Reta;Declive";N�o;2;0;0;1;1;0;1;2;-24,983893;-53,472623;SPRF-PR;DEL04-PR;UOP01-DEL04-PR;;;
694214;28/05/2025;quarta-feira;07:45:00;MG;116;414,5;GOVERNADOR VALADARES;Desrespeitar a prefer�ncia no cruzamento;Colis�o transversal;Com V�timas Feridas;Pleno dia;Decrescente;C�u Claro;Simples;"Retorno Regulamentado;Curva";Sim;2;0;2;0;0;0;2;2;-18,88752822;-41,94592953;SPRF-MG;DEL06-MG;UOP01-DEL06-MG;;;
694215;28/05/2025;quarta-feira;08:30:00;MS;262;354,6;CAMPO GRANDE;Condutor deixou de manter dist�ncia do ve�culo da frente;Colis�o traseira;Sem V�timas;Pleno dia;Crescente;Garoa/Chuvisco;Simples;Rotat�ria;Sim;2;0;0;0;2;0;0;2;-20,5526676;-54,6696417;SPRF-MS;DEL01-MS;UOP03-DEL01-MS;;;
694216;28/05/2025;quarta-feira;08:34:00;MG;381;482;CONTAGEM;Convers�o proibida;Colis�o traseira;Com V�timas Feridas;Pleno dia;Decrescente;C�u Claro;M�ltipla;Reta;Sim;2;0;1;0;1;0;1;2;-19,95910386;-44,06862901;SPRF-MG;DEL01-MG;UOP03-DEL01-MG;;;
694217;28/05/2025;quarta-feira;08:20:00;MG;381;478;CONTAGEM;Aus�ncia de rea��o do condutor;Colis�o traseira;Com V�timas Feridas;Pleno dia;Crescente;C�u Claro;Dupla;Reta;Sim;2;0;1;0;1;0;1;2;-19,96137987;-44,03735447;SPRF-MG;DEL01-MG;UOP03-DEL01-MG;;;
694218;28/05/2025;quarta-feira;08:00:00;RJ;101;69;CAMPOS DOS GOYTACAZES;Frear bruscamente;Colis�o traseira;Com V�timas Feridas;Pleno dia;Decrescente;C�u Claro;Simples;Reta;Sim;3;0;1;0;2;0;1;2;-21,77995422;-41,37143321;SPRF-RJ;DEL08-RJ;UOP02-DEL08-RJ;;;
694221;28/05/2025;quarta-feira;09:23:00;DF;40;2;BRASILIA;Trafegar com motocicleta (ou similar) entre as faixas;Colis�o traseira;Com V�timas Feridas;Pleno dia;Decrescente;C�u Claro;Dupla;Reta;N�o;2;0;1;0;1;0;1;2;-16,00759;-47,983025;SPRF-DF;DEL01-DF;UOP01-DEL01-DF;;;
694223;28/05/2025;quarta-feira;08:10:00;MG;116;14,1;AGUAS VERMELHAS;Convers�o proibida;Colis�o transversal;Com V�timas Feridas;Pleno dia;Crescente;C�u Claro;Simples;Reta;N�o;3;0;2;0;1;0;2;2;-15,80549;-41,365201;SPRF-BA;DEL08-BA;UOP03-DEL08-BA;;;
694224;28/05/2025;quarta-feira;08:15:00;BA;415;48,8;ITABUNA;Convers�o proibida;Colis�o lateral mesmo sentido;Com V�timas Feridas;Pleno dia;Decrescente;Nublado;Simples;Reta;N�o;2;0;1;0;1;0;1;2;-14,820901;-39,307705;SPRF-BA;DEL05-BA;UOP01-DEL05-BA;;;
694225;13/04/2025;domingo;14:00:00;BA;367;72;EUNAPOLIS;Pista Escorregadia;Tombamento;Com V�timas Feridas;Pleno dia;Crescente;Ignorado;Simples;"Curva;Declive";N�o;1;0;0;1;0;0;1;1;-16,3844;-39,4881;SPRF-BA;DEL09-BA;UOP03-DEL09-BA;;;
694228;27/04/2025;domingo;08:00:00;RJ;40;74;PETROPOLIS;Acumulo de �leo sobre o pavimento;Tombamento;Com V�timas Feridas;Pleno dia;Decrescente;Sol;Dupla;"Curva;Declive";N�o;2;0;2;0;0;0;2;2;-22,47383;-43,220195;SPRF-RJ;DEL01-RJ;UOP01-DEL01-RJ;;;
694229;27/05/2025;ter�a-feira;18:48:00;SC;470;57;BLUMENAU;Acessar a via sem observar a presen�a dos outros ve�culos;Colis�o frontal;Com V�timas Feridas;Plena Noite;Crescente;Ignorado;Simples;"Reta;Declive;Em Obras;Desvio Tempor�rio";Sim;2;0;0;1;1;0;1;2;-26,88182836;-49,13924217;SPRF-SC;DEL04-SC;UOP01-DEL04-SC;;;
694231;28/05/2025;quarta-feira;09:40:00;DF;60;2,3;BRASILIA;Acessar a via sem observar a presen�a dos outros ve�culos;Colis�o transversal;Sem V�timas;Pleno dia;Crescente;C�u Claro;Dupla;Reta;Sim;2;0;0;0;2;0;0;2;-15,88831504;-48,08076382;SPRF-DF;DEL03-DF;UOP01-DEL03-DF;;;
694233;28/05/2025;quarta-feira;09:00:00;RS;386;260;FONTOURA XAVIER;Rea��o tardia ou ineficiente do condutor;Sa�da de leito carro��vel;Com V�timas Feridas;Pleno dia;Decrescente;Chuva;Simples;Curva;N�o;2;0;1;0;1;0;1;1;-28,89619447;-52,40674719;SPRF-RS;DEL04-RS;UOP03-DEL04-RS;;;
694235;28/05/2025;quarta-feira;10:10:00;PR;116;115,2;CURITIBA;Rea��o tardia ou ineficiente do condutor;Sa�da de leito carro��vel;Com V�timas Feridas;Pleno dia;Decrescente;Sol;Dupla;"Curva;Aclive";N�o;1;0;1;0;0;0;1;1;-25,545809;-49,301981;SPRF-PR;DEL01-PR;UOP03-DEL01-PR;;;
694236;28/05/2025;quarta-feira;10:40:00;RN;406;169;SAO GONCALO DO AMARANTE;Acumulo de areia ou detritos sobre o pavimento;Queda de ocupante de ve�culo;Com V�timas Feridas;Pleno dia;Crescente;C�u Claro;Dupla;Interse��o de Vias;Sim;2;0;2;0;0;0;2;1;-5,75888523;-35,30156672;SPRF-RN;DEL02-RN;UOP01-DEL02-RN;;;
694237;17/04/2025;quinta-feira;18:55:00;RN;101;163;CANGUARETAMA;Retorno proibido;Colis�o transversal;Com V�timas Feridas;Plena Noite;Decrescente;C�u Claro;Dupla;Reta;Sim;2;0;0;1;1;0;1;2;-6,39349;-35,139873;SPRF-RN;DEL01-RN;UOP01-DEL01-RN;;;
694238;28/05/2025;quarta-feira;10:20:00;PR;376;263;CALIFORNIA;Rea��o tardia ou ineficiente do condutor;Sa�da de leito carro��vel;Com V�timas Feridas;Pleno dia;Decrescente;Chuva;Dupla;Reta;N�o;1;0;1;0;0;0;1;1;-23,7;-51,33;SPRF-PR;DEL07-PR;UOP03-DEL07-PR;;;
694239;08/05/2025;quinta-feira;20:50:00;BA;324;581;CANDEIAS;Demais falhas mec�nicas ou el�tricas;Inc�ndio;Com V�timas Feridas;Plena Noite;Crescente;Nublado;Dupla;Reta;N�o;2;0;2;0;0;0;2;1;-12,60740178;-38,49634552;SPRF-BA;DEL01-BA;UOP01-DEL01-BA;;;
694241;18/04/2025;sexta-feira;23:50:00;MG;381;423;CAETE;Pista esburacada;Colis�o com objeto;Com V�timas Feridas;Plena Noite;Crescente;C�u Claro;Dupla;Reta;N�o;2;0;0;1;0;1;1;2;-19,77284931;-43,65012852;SPRF-MG;DEL01-MG;UOP01-DEL01-MG;;;
694242;28/05/2025;quarta-feira;09:15:00;MT;364;269;JACIARA;Acessar a via sem observar a presen�a dos outros ve�culos;Colis�o transversal;Com V�timas Feridas;Pleno dia;Crescente;Garoa/Chuvisco;Dupla;"Interse��o de Vias;Curva;Declive";N�o;3;0;0;1;2;0;1;2;-15,96892093;-54,94368911;SPRF-MT;DEL02-MT;UOP01-DEL02-MT;;;
694244;28/05/2025;quarta-feira;10:25:00;SC;101;416;ARARANGUA;Desrespeitar a prefer�ncia no cruzamento;Colis�o lateral sentido oposto;Com V�timas Feridas;Pleno dia;Decrescente;Nublado;M�ltipla;Reta;Sim;2;0;1;0;1;0;1;2;-28,97072392;-49,52669978;SPRF-SC;DEL02-SC;UOP02-DEL02-SC;;;
694245;28/05/2025;quarta-feira;11:27:00;RN;304;40,5;MOSSORO;Demais falhas mec�nicas ou el�tricas;Sa�da de leito carro��vel;Com V�timas Feridas;Pleno dia;Crescente;Sol;Dupla;Reta;Sim;1;0;1;0;0;0;1;1;-5,2014;-37,3774;SPRF-RN;DEL04-RN;UOP01-DEL04-RN;;;
694247;28/05/2025;quarta-feira;11:40:00;TO;153;139;ARAGUAINA;Acessar a via sem observar a presen�a dos outros ve�culos;Colis�o transversal;Com V�timas Feridas;Pleno dia;Decrescente;C�u Claro;Dupla;Rotat�ria;N�o;2;0;2;0;0;0;2;2;-7,173043;-48,216419;SPRF-TO;DEL02-TO;UOP01-DEL02-TO;;;
694249;28/05/2025;quarta-feira;06:00:00;MT;70;601;CUIABA;Pista Escorregadia;Colis�o traseira;Sem V�timas;Amanhecer;Decrescente;Garoa/Chuvisco;Simples;Reta;N�o;1;0;0;0;0;1;0;1;-15,613952;-56,1020928;SPRF-MT;DEL03-MT;UOP02-DEL03-MT;;;
694257;28/05/2025;quarta-feira;10:00:00;RO;425;118;GUAJARA-MIRIM;Avarias e/ou desgaste excessivo no pneu;Tombamento;Com V�timas Feridas;Pleno dia;Decrescente;C�u Claro;Simples;"Reta;Declive";N�o;2;0;2;0;0;0;2;1;-10,73752914;-65,28753877;SPRF-RO;DEL01-RO;UOP03-DEL01-RO;;;
694258;27/05/2025;ter�a-feira;22:15:00;SE;101;137;ESTANCIA;Acessar a via sem observar a presen�a dos outros ve�culos;Queda de ocupante de ve�culo;Com V�timas Feridas;Plena Noite;Crescente;C�u Claro;Dupla;Reta;N�o;1;0;1;0;0;0;1;1;-11,1470595;-37,4026399;SPRF-SE;DEL02-SE;UOP01-DEL02-SE;;;
694259;28/05/2025;quarta-feira;09:50:00;RJ;40;113;DUQUE DE CAXIAS;Acumulo de �leo sobre o pavimento;Tombamento;Com V�timas Feridas;Pleno dia;Crescente;C�u Claro;M�ltipla;Viaduto;Sim;2;0;0;1;1;0;1;1;-22,711333;-43,29027;SPRF-RJ;DEL01-RJ;UOP02-DEL01-RJ;;;
694260;28/05/2025;quarta-feira;13:10:00;RJ;465;4;SEROPEDICA;Aus�ncia de rea��o do condutor;Colis�o traseira;Com V�timas Feridas;Pleno dia;Crescente;C�u Claro;Simples;Reta;Sim;2;0;1;0;1;0;1;2;-22,740279;-43,706783;SPRF-RJ;DEL06-RJ;UOP02-DEL06-RJ;;;
694262;28/05/2025;quarta-feira;13:40:00;SP;381;37;ATIBAIA;Aus�ncia de rea��o do condutor;Tombamento;Com V�timas Feridas;Pleno dia;Crescente;Sol;Dupla;Reta;Sim;1;0;1;0;0;0;1;1;-23,10394542;-46,56852935;SPRF-SP;DEL03-SP;UOP01-DEL03-SP;;;
694263;28/05/2025;quarta-feira;08:00:00;MT;364;197;RONDONOPOLIS;Demais falhas na via;Colis�o com objeto;Com V�timas Feridas;Pleno dia;Crescente;C�u Claro;Simples;Reta;N�o;1;0;1;0;0;0;1;1;-16,52563224;-54,59106445;SPRF-MT;DEL02-MT;UOP01-DEL02-MT;;;
694264;28/05/2025;quarta-feira;11:55:00;PE;408;59;PAUDALHO;Condutor deixou de manter dist�ncia do ve�culo da frente;Colis�o traseira;Com V�timas Fatais;Pleno dia;Decrescente;Sol;Dupla;Reta;Sim;2;1;0;0;1;0;0;2;-7,85617;-35,21964;SPRF-PE;DEL01-PE;UOP01-DEL01-PE;;;
694265;16/05/2025;sexta-feira;17:00:00;PR;116;114;CURITIBA;Rea��o tardia ou ineficiente do condutor;Colis�o lateral mesmo sentido;Com V�timas Feridas;Pleno dia;Decrescente;Sol;Dupla;Reta;N�o;3;0;2;0;1;0;2;2;-25,5453583;-49,2983798;SPRF-PR;DEL01-PR;UOP03-DEL01-PR;;;
694266;28/05/2025;quarta-feira;13:00:00;MG;116;527,9;CARATINGA;Aus�ncia de rea��o do condutor;Colis�o traseira;Com V�timas Feridas;Pleno dia;Crescente;C�u Claro;Simples;Ponte;Sim;2;0;1;1;0;0;2;2;-19,7722112;-42,1265408;SPRF-MG;DEL06-MG;UOP02-DEL06-MG;;;
694267;28/05/2025;quarta-feira;11:40:00;RO;364;13;VILHENA;Rea��o tardia ou ineficiente do condutor;Colis�o transversal;Com V�timas Feridas;Pleno dia;Decrescente;Nublado;Dupla;"Interse��o de Vias;Rotat�ria";Sim;3;0;1;0;2;0;1;2;-12,73925401;-60,13928739;SPRF-RO;DEL04-RO;UOP01-DEL04-RO;;;
694269;28/05/2025;quarta-feira;12:41:00;RN;101;78;NATAL;Aus�ncia de rea��o do condutor;Colis�o traseira;Com V�timas Feridas;Pleno dia;Decrescente;C�u Claro;Dupla;Reta;N�o;2;0;0;1;0;1;1;2;-5,73943955;-35,29032676;SPRF-RN;DEL02-RN;UOP01-DEL02-RN;;;
694270;28/05/2025;quarta-feira;10:30:00;RJ;356;91;CARDOSO MOREIRA;Retorno proibido;Colis�o transversal;Com V�timas Feridas;Pleno dia;Crescente;C�u Claro;Simples;Curva;N�o;3;0;2;0;1;0;2;2;-21,51302742;-41,60144202;SPRF-RJ;DEL08-RJ;UOP03-DEL08-RJ;;;
694271;28/05/2025;quarta-feira;14:30:00;SP;116;217;GUARULHOS;Acumulo de areia ou detritos sobre o pavimento;Tombamento;Com V�timas Feridas;Pleno dia;Crescente;C�u Claro;M�ltipla;Reta;Sim;1;0;1;0;0;0;1;1;-23,45539333;-46,47590365;SPRF-SP;DEL01-SP;UOP01-DEL01-SP;;;
694273;28/05/2025;quarta-feira;11:55:00;RO;364;502,1;ARIQUEMES;Pista Escorregadia;Tombamento;Com V�timas Feridas;Pleno dia;Crescente;Nublado;Simples;"Reta;Aclive";N�o;1;0;1;0;0;0;1;1;-10,019012;-62,9938;SPRF-RO;DEL03-RO;UOP01-DEL03-RO;;;
694274;28/05/2025;quarta-feira;14:50:00;MG;381;852;POUSO ALEGRE;Rea��o tardia ou ineficiente do condutor;Sa�da de leito carro��vel;Com V�timas Feridas;Pleno dia;Crescente;C�u Claro;Dupla;Reta;N�o;1;0;1;0;0;0;1;1;-22,254414;-45,888307;SPRF-MG;DEL16-MG;UOP01-DEL16-MG;;;
694278;28/05/2025;quarta-feira;10:00:00;MA;330;11;BALSAS;Ultrapassagem Indevida;Sa�da de leito carro��vel;Com V�timas Feridas;Pleno dia;Crescente;C�u Claro;Simples;Reta;N�o;4;0;0;1;0;3;1;2;-7,600432;-46,003513;SPRF-MA;DEL05-MA;UOP01-DEL05-MA;;;
694279;28/05/2025;quarta-feira;15:05:00;PR;116;121;CURITIBA;Condutor deixou de manter dist�ncia do ve�culo da frente;Colis�o traseira;Com V�timas Feridas;Pleno dia;Decrescente;Nublado;Dupla;Reta;Sim;3;0;2;0;1;0;2;2;-25,5987451;-49,3170144;SPRF-PR;DEL01-PR;UOP03-DEL01-PR;;;
694281;28/05/2025;quarta-feira;15:20:00;SP;116;202;ARUJA;Rea��o tardia ou ineficiente do condutor;Tombamento;Com V�timas Feridas;Pleno dia;Decrescente;C�u Claro;M�ltipla;"Reta;Declive";N�o;1;0;1;0;0;0;1;1;-23,41127353;-46,34776688;SPRF-SP;DEL01-SP;UOP01-DEL01-SP;;;
694282;28/05/2025;quarta-feira;07:20:00;PB;230;24,5;JOAO PESSOA;Frear bruscamente;Queda de ocupante de ve�culo;Com V�timas Feridas;Pleno dia;Crescente;C�u Claro;M�ltipla;Curva;Sim;3;0;1;0;0;2;1;2;-7,170282;-34,8709;SPRF-PB;DEL01-PB;UOP01-DEL01-PB;;;
694285;28/05/2025;quarta-feira;15:43:00;RS;116;149,1;CAXIAS DO SUL;Defici�ncia do Sistema de Ilumina��o/Sinaliza��o;Atropelamento de Pedestre;Com V�timas Feridas;Pleno dia;Crescente;Chuva;Dupla;"Reta;Retorno Regulamentado";Sim;2;0;1;0;1;0;1;2;-29,16206893;-51,15714876;SPRF-RS;DEL05-RS;UOP01-DEL05-RS;;;
694286;28/05/2025;quarta-feira;15:00:00;SP;101;39;UBATUBA;Estacionar ou parar em local proibido;Eventos at�picos;Com V�timas Feridas;Pleno dia;Crescente;Nublado;Simples;"Reta;Aclive";N�o;4;0;1;0;2;1;1;3;-23,41418066;-45,02888052;SPRF-SP;DEL06-SP;UOP01-DEL06-SP;;;
694287;28/05/2025;quarta-feira;14:45:00;PI;316;52,7;MONSENHOR GIL;Acessar a via sem observar a presen�a dos outros ve�culos;Colis�o transversal;Com V�timas Feridas;Pleno dia;Decrescente;C�u Claro;Simples;Interse��o de Vias;N�o;2;0;0;1;1;0;1;2;-5,51878305;-42,64009506;SPRF-PI;DEL01-PI;UOP02-DEL01-PI;;;
694289;28/05/2025;quarta-feira;16:15:00;PR;376;299;MAUA DA SERRA;Chuva;Sa�da de leito carro��vel;Com V�timas Feridas;Pleno dia;Decrescente;Garoa/Chuvisco;Dupla;"Curva;Aclive";N�o;1;0;1;0;0;0;1;1;-23,936098;-51,166908;SPRF-PR;DEL07-PR;UOP02-DEL07-PR;;;
694293;28/05/2025;quarta-feira;16:40:00;PR;153;68,4;CONSELHEIRO MAIRINCK;Velocidade Incompat�vel;Sa�da de leito carro��vel;Com V�timas Feridas;Pleno dia;Decrescente;Chuva;Simples;Interse��o de Vias;N�o;2;0;1;0;1;0;1;1;-23,51072069;-50,1125983;SPRF-PR;DEL07-PR;UOP04-DEL07-PR;;;
694298;01/03/2025;s�bado;20:50:00;ES;101;91;JAGUARE;Aus�ncia de rea��o do condutor;Colis�o com objeto;Com V�timas Feridas;Plena Noite;Crescente;C�u Claro;Simples;Reta;Sim;1;0;1;0;0;0;1;1;-18,9081892;-39,9613262;SPRF-ES;DEL04-ES;UOP02-DEL04-ES;;;
694299;28/05/2025;quarta-feira;16:45:00;SE;235;9,3;NOSSA SENHORA DO SOCORRO;Transitar no Acostamento;Colis�o traseira;Com V�timas Feridas;Pleno dia;Decrescente;Nublado;Dupla;Reta;N�o;2;0;1;0;1;0;1;2;-10,8669952;-37,1323926;SPRF-SE;DEL01-SE;UOP01-DEL01-SE;;;
694300;05/03/2025;quarta-feira;21:35:00;RJ;101;249;SILVA JARDIM;Ilumina��o deficiente;Colis�o transversal;Com V�timas Feridas;Plena Noite;Crescente;C�u Claro;Dupla;Reta;N�o;6;0;0;4;2;0;4;2;-22,671198;-42,510702;SPRF-RJ;DEL02-RJ;UOP03-DEL02-RJ;;;
694301;28/05/2025;quarta-feira;15:30:00;SC;280;191,3;MAFRA;Aus�ncia de rea��o do condutor;Sa�da de leito carro��vel;Com V�timas Feridas;Pleno dia;Crescente;Chuva;Simples;"Reta;Aclive";N�o;2;0;1;0;1;0;1;1;-26,1795779;-49,9916401;SPRF-SC;DEL06-SC;UOP01-DEL06-SC;;;
694302;28/05/2025;quarta-feira;17:30:00;SE;235;59;ITABAIANA;Condutor deixou de manter dist�ncia do ve�culo da frente;Colis�o traseira;Com V�timas Feridas;Plena Noite;Crescente;C�u Claro;Simples;Reta;N�o;2;0;1;0;1;0;1;2;-10,61100655;-37,47608185;SPRF-SE;DEL01-SE;UOP02-DEL01-SE;;;
694304;28/05/2025;quarta-feira;17:15:00;PB;230;161,5;CAMPINA GRANDE;Acessar a via sem observar a presen�a dos outros ve�culos;Colis�o transversal;Com V�timas Feridas;Anoitecer;Crescente;C�u Claro;Simples;Reta;Sim;3;0;1;0;1;1;1;2;-7,235;-35,941;SPRF-PB;DEL02-PB;UOP01-DEL02-PB;;;
694305;28/05/2025;quarta-feira;13:40:00;MT;70;577;POCONE;Acumulo de �gua sobre o pavimento;Sa�da de leito carro��vel;Com V�timas Feridas;Pleno dia;Crescente;Chuva;Simples;"Curva;Aclive";N�o;1;0;1;0;0;0;1;1;-15,7790551;-56,61072922;SPRF-MT;DEL03-MT;UOP02-DEL03-MT;;;
694306;28/05/2025;quarta-feira;17:30:00;ES;101;208,9;IBIRACU;Condutor deixou de manter dist�ncia do ve�culo da frente;Colis�o traseira;Com V�timas Feridas;Plena Noite;Decrescente;Chuva;Simples;Reta;N�o;3;0;2;0;1;0;2;2;-19,7880753;-40,3711588;SPRF-ES;DEL02-ES;UOP01-DEL02-ES;;;
694307;28/05/2025;quarta-feira;15:50:00;PR;277;201;PALMEIRA;Acessar a via sem observar a presen�a dos outros ve�culos;Atropelamento de Pedestre;Com V�timas Feridas;Pleno dia;Crescente;Chuva;Simples;Reta;N�o;2;0;1;0;1;0;1;2;-25,46342889;-50,22656171;SPRF-PR;DEL08-PR;UOP02-DEL08-PR;;;
694310;28/05/2025;quarta-feira;18:10:00;SC;101;215;PALHOCA;Rea��o tardia ou ineficiente do condutor;Colis�o traseira;Com V�timas Feridas;Plena Noite;Decrescente;Nublado;M�ltipla;"Viaduto;Aclive";Sim;3;0;1;0;2;0;1;2;-27,657725;-48,678109;SPRF-SC;DEL01-SC;UOP02-DEL01-SC;;;
694311;28/05/2025;quarta-feira;17:45:00;RS;116;243,8;SAO LEOPOLDO;Trafegar com motocicleta (ou similar) entre as faixas;Colis�o traseira;Com V�timas Feridas;Plena Noite;Crescente;Chuva;Dupla;Reta;Sim;2;0;1;0;1;0;1;2;-29,7347391;-51,14995556;SPRF-RS;DEL01-RS;UOP02-DEL01-RS;;;
694312;28/05/2025;quarta-feira;17:50:00;ES;101;147,5;LINHARES;Condutor deixou de manter dist�ncia do ve�culo da frente;Colis�o traseira;Com V�timas Feridas;Anoitecer;Decrescente;Nublado;M�ltipla;Reta;Sim;2;0;1;0;1;0;1;2;-19,38408202;-40,06686735;SPRF-ES;DEL04-ES;UOP01-DEL04-ES;;;
694313;28/05/2025;quarta-feira;18:20:00;RS;470;217;BENTO GONCALVES;Acessar a via sem observar a presen�a dos outros ve�culos;Colis�o transversal;Com V�timas Feridas;Plena Noite;Crescente;Chuva;Dupla;Rotat�ria;Sim;2;0;1;0;1;0;1;2;-29,17503467;-51,52310936;SPRF-RS;DEL06-RS;UOP01-DEL06-RS;;;
694314;28/05/2025;quarta-feira;18:30:00;RJ;101;61;CAMPOS DOS GOYTACAZES;Acessar a via sem observar a presen�a dos outros ve�culos;Colis�o transversal;Com V�timas Feridas;Plena Noite;Crescente;C�u Claro;Simples;Reta;Sim;3;0;2;0;0;1;2;2;-21,731798;-41,323942;SPRF-RJ;DEL08-RJ;UOP01-DEL08-RJ;;;
694316;28/05/2025;quarta-feira;18:29:00;RJ;116;180;NOVA IGUACU;Manobra de mudan�a de faixa;Colis�o traseira;Com V�timas Feridas;Plena Noite;Crescente;C�u Claro;M�ltipla;Reta;Sim;1;0;0;1;0;0;1;1;-22,76288568;-43,42147826;SPRF-RJ;DEL06-RJ;UOP01-DEL06-RJ;;;
694317;28/05/2025;quarta-feira;18:00:00;ES;101;264;SERRA;Aus�ncia de rea��o do condutor;Colis�o traseira;Com V�timas Feridas;Anoitecer;Decrescente;Chuva;M�ltipla;Interse��o de Vias;Sim;2;0;0;1;1;0;1;2;-20,17804445;-40,26562982;SPRF-ES;DEL02-ES;UOP01-DEL02-ES;;;
694319;28/05/2025;quarta-feira;18:10:00;MG;381;857,4;POUSO ALEGRE;Transitar no Acostamento;Colis�o lateral mesmo sentido;Com V�timas Feridas;Plena Noite;Decrescente;Nublado;Dupla;Reta;N�o;3;0;2;0;1;0;2;2;-22,30005562;-45,90010643;SPRF-MG;DEL16-MG;UOP01-DEL16-MG;;;
694320;28/05/2025;quarta-feira;18:30:00;RS;290;95;PORTO ALEGRE;Rea��o tardia ou ineficiente do condutor;Colis�o traseira;Com V�timas Feridas;Plena Noite;Crescente;Chuva;M�ltipla;Reta;Sim;3;0;1;0;2;0;1;3;-29,98608872;-51,20300531;SPRF-RS;DEL01-RS;UOP01-DEL01-RS;;;
694321;28/05/2025;quarta-feira;17:44:00;RN;406;125;TAIPU;Aus�ncia de rea��o do condutor;Colis�o traseira;Com V�timas Feridas;Anoitecer;Decrescente;C�u Claro;Simples;Reta;N�o;3;0;0;2;1;0;2;2;-5,5968496;-35,6255502;SPRF-RN;DEL02-RN;UOP01-DEL02-RN;;;
694323;28/05/2025;quarta-feira;19:00:00;RN;101;76,3;NATAL;Frear bruscamente;Queda de ocupante de ve�culo;Com V�timas Fatais;Plena Noite;Decrescente;Nublado;Dupla;Reta;Sim;2;1;1;0;0;0;1;1;-5,72686798;-35,2862596;SPRF-RN;DEL02-RN;UOP01-DEL02-RN;;;
694326;28/05/2025;quarta-feira;18:25:00;SP;153;40,5;ONDA VERDE;Avarias e/ou desgaste excessivo no pneu;Sa�da de leito carro��vel;Com V�timas Feridas;Plena Noite;Decrescente;Garoa/Chuvisco;Simples;"Reta;Aclive";N�o;2;0;2;0;0;0;2;1;-20,62560551;-49,33557308;SPRF-SP;DEL09-SP;UOP01-DEL09-SP;;;
694327;28/05/2025;quarta-feira;18:40:00;DF;60;10;BRASILIA;Aus�ncia de rea��o do condutor;Colis�o traseira;Com V�timas Feridas;Plena Noite;Crescente;C�u Claro;Dupla;Reta;N�o;2;0;1;0;1;0;1;2;-15,912392;-48,16008;SPRF-DF;DEL03-DF;UOP01-DEL03-DF;;;
694328;28/05/2025;quarta-feira;19:20:00;SP;381;55;MAIRIPORA;Condutor deixou de manter dist�ncia do ve�culo da frente;Colis�o lateral mesmo sentido;Com V�timas Feridas;Plena Noite;Crescente;Nublado;Dupla;"Reta;Aclive";Sim;1;0;1;0;0;0;1;1;-23,25574276;-46,5931019;SPRF-SP;DEL03-SP;UOP01-DEL03-SP;;;
694331;28/05/2025;quarta-feira;19:00:00;MG;267;129,2;JUIZ DE FORA;Entrada inopinada do pedestre;Atropelamento de Pedestre;Com V�timas Fatais;Plena Noite;Crescente;Nublado;Simples;Reta;N�o;2;1;0;0;1;0;0;2;-21,723;-43,539;SPRF-MG;DEL05-MG;UOP01-DEL05-MG;;;
694332;28/05/2025;quarta-feira;17:30:00;AC;364;120;RIO BRANCO;Convers�o proibida;Colis�o transversal;Com V�timas Feridas;Anoitecer;Decrescente;C�u Claro;Dupla;Reta;N�o;2;0;0;1;1;0;1;2;-10,012675;-67,7658914;SPRF-AC;DEL01-AC;UOP01-DEL01-AC;;;
694334;28/05/2025;quarta-feira;19:45:00;PE;232;126,2;CARUARU;Acessar a via sem observar a presen�a dos outros ve�culos;Colis�o transversal;Com V�timas Feridas;Plena Noite;Crescente;C�u Claro;Dupla;Reta;N�o;3;0;2;1;0;0;3;2;-8,30588;-35,96229;SPRF-PE;DEL02-PE;UOP01-DEL02-PE;;;