id;data_inversa;dia_semana;horario;uf;br;km;municipio;causa_acidente;tipo_acidente;classificacao_acidente;fase_dia;sentido_via;condicao_metereologica;tipo_pista;tracado_via;uso_solo;pessoas;mortos;feridos_leves;feridos_graves;ilesos;ignorados;feridos;veiculos;latitude;longitude;regional;delegacia;uop;;;
694563;30/05/2025;sexta-feira;04:15:00;PR;277;643;CEU AZUL;Aus�ncia de rea��o do condutor;Colis�o traseira;Sem V�timas;Plena Noite;Decrescente;C�u Claro;Simples;Reta;N�o;2;0;0;0;1;1;0;2;-25,17908683;-53,87615617;SPRF-PR;DEL05-PR;UOP02-DEL05-PR;;;
694565;30/05/2025;sexta-feira;03:40:00;RJ;356;77;ITALVA;Aus�ncia de rea��o do condutor;Sa�da de leito carro��vel;Com V�timas Feridas;Plena Noite;Crescente;C�u Claro;Simples;Reta;Sim;1;0;1;0;0;0;1;1;-21,43519799;-41,68369381;SPRF-RJ;DEL08-RJ;UOP03-DEL08-RJ;;;
694567;30/05/2025;sexta-feira;04:50:00;MG;40;521,5;CONTAGEM;Manobra de mudan�a de faixa;Colis�o traseira;Sem V�timas;Amanhecer;Decrescente;C�u Claro;Dupla;Curva;N�o;3;0;0;0;3;0;0;2;-19,85980418;-44,07145923;SPRF-MG;DEL01-MG;UOP02-DEL01-MG;;;
694571;30/05/2025;sexta-feira;06:30:00;SC;470;138,8;RIO DO SUL;Frear bruscamente;Eventos at�picos;Com V�timas Feridas;Pleno dia;Crescente;C�u Claro;Simples;Reta;Sim;3;0;2;0;1;0;2;1;-27,19661823;-49,62744282;SPRF-SC;DEL04-SC;UOP02-DEL04-SC;;;
694573;30/05/2025;sexta-feira;06:40:00;PR;476;152,4;ARAUCARIA;Acessar a via sem observar a presen�a dos outros ve�culos;Colis�o frontal;Com V�timas Feridas;Pleno dia;Decrescente;Nevoeiro/Neblina;Dupla;Reta;N�o;2;0;1;0;1;0;1;2;-25,57324979;-49,3866241;SPRF-PR;DEL01-PR;UOP06-DEL01-PR;;;
694574;30/05/2025;sexta-feira;07:20:00;SP;116;218;GUARULHOS;Manobra de mudan�a de faixa;Colis�o traseira;Com V�timas Feridas;Pleno dia;Crescente;C�u Claro;M�ltipla;Reta;N�o;2;0;0;1;1;0;1;2;-23,4606573;-46,487927;SPRF-SP;DEL01-SP;UOP01-DEL01-SP;;;
694575;30/05/2025;sexta-feira;07:00:00;BA;324;513,8;FEIRA DE SANTANA;Acessar a via sem observar a presen�a dos outros ve�culos;Colis�o transversal;Com V�timas Feridas;Pleno dia;Decrescente;C�u Claro;Simples;"Reta;Interse��o de Vias";Sim;2;0;1;0;1;0;1;2;-12,23329444;-38,94687653;SPRF-BA;DEL02-BA;UOP01-DEL02-BA;;;
694576;30/05/2025;sexta-feira;05:12:00;SP;116;46,8;CANAS;Condutor deixou de manter dist�ncia do ve�culo da frente;Colis�o traseira;Com V�timas Feridas;Amanhecer;Crescente;Nublado;Dupla;Reta;N�o;1;0;1;0;0;0;1;1;-22,71475663;-45,05458832;SPRF-SP;DEL08-SP;UOP02-DEL08-SP;;;
694577;29/05/2025;quinta-feira;09:15:00;SP;381;71,2;MAIRIPORA;Aus�ncia de rea��o do condutor;Capotamento;Com V�timas Feridas;Pleno dia;Crescente;Chuva;Dupla;Curva;N�o;1;0;1;0;0;0;1;1;-23,34982098;-46,55593872;SPRF-SP;DEL03-SP;UOP01-DEL03-SP;;;
694579;30/05/2025;sexta-feira;05:10:00;SC;480;130,5;CHAPECO;Aus�ncia de rea��o do condutor;Sa�da de leito carro��vel;Sem V�timas;Plena Noite;Decrescente;Nublado;Dupla;"Curva;Declive";Sim;1;0;0;0;0;1;0;1;-27,05246;-52,63581;SPRF-SC;DEL07-SC;UOP01-DEL07-SC;;;
694580;30/05/2025;sexta-feira;07:05:00;PR;376;601;CURITIBA;Condutor deixou de manter dist�ncia do ve�culo da frente;Colis�o traseira;Sem V�timas;Amanhecer;Decrescente;Nevoeiro/Neblina;Dupla;"Reta;Aclive";Sim;2;0;0;0;2;0;0;2;-25,5165814;-49,33620644;SPRF-PR;DEL01-PR;UOP03-DEL01-PR;;;
694581;30/05/2025;sexta-feira;07:30:00;SC;470;141;RIO DO SUL;Condutor deixou de manter dist�ncia do ve�culo da frente;Colis�o traseira;Com V�timas Feridas;Pleno dia;Decrescente;C�u Claro;Simples;Reta;Sim;3;0;0;1;2;0;1;3;-27,20452803;-49,63738772;SPRF-SC;DEL04-SC;UOP02-DEL04-SC;;;
694582;30/05/2025;sexta-feira;07:45:00;TO;10;456;PALMAS;Condutor deixou de manter dist�ncia do ve�culo da frente;Colis�o traseira;Com V�timas Feridas;Pleno dia;Crescente;C�u Claro;M�ltipla;Reta;N�o;3;0;2;0;1;0;2;2;-10,26306669;-48,30877304;SPRF-TO;DEL01-TO;UOP03-DEL01-TO;;;
694583;30/05/2025;sexta-feira;07:48:00;RS;116;147;CAXIAS DO SUL;Aus�ncia de rea��o do condutor;Colis�o traseira;Com V�timas Feridas;Pleno dia;Crescente;C�u Claro;Dupla;Reta;N�o;2;0;1;0;1;0;1;2;-29,1504497;-51,1461112;SPRF-RS;DEL05-RS;UOP01-DEL05-RS;;;
694584;30/05/2025;sexta-feira;08:00:00;SC;280;26;ARAQUARI;Acessar a via sem observar a presen�a dos outros ve�culos;Colis�o transversal;Com V�timas Feridas;Pleno dia;Crescente;C�u Claro;Simples;Reta;Sim;2;0;1;0;1;0;1;2;-26,40852803;-48,75061719;SPRF-SC;DEL03-SC;UOP03-DEL03-SC;;;
694585;30/05/2025;sexta-feira;06:31:00;PA;163;648;ITAITUBA;Aus�ncia de rea��o do condutor;Sa�da de leito carro��vel;Com V�timas Feridas;Pleno dia;Decrescente;C�u Claro;Simples;"Reta;Declive";N�o;3;0;1;0;2;0;1;1;-4,5329215;-55,8924268;SPRF-PA;DEL05-PA;UOP02-DEL05-PA;;;
694586;30/05/2025;sexta-feira;08:00:00;CE;222;0,7;FORTALEZA;Condutor Dormindo;Queda de ocupante de ve�culo;Com V�timas Feridas;Pleno dia;Crescente;C�u Claro;Dupla;Reta;Sim;1;0;1;0;0;0;1;1;-3,73692065;-38,57297508;SPRF-CE;DEL01-CE;UOP01-DEL01-CE;;;
694587;30/05/2025;sexta-feira;05:00:00;MS;163;360,1;NOVA ALVORADA DO SUL;Avarias e/ou desgaste excessivo no pneu;Sa�da de leito carro��vel;Sem V�timas;Amanhecer;Crescente;C�u Claro;Simples;Reta;N�o;3;0;0;0;3;0;0;1;-21,5064448;-54,3978107;SPRF-MS;DEL02-MS;UOP01-DEL02-MS;;;
694588;30/05/2025;sexta-feira;07:50:00;CE;116;16;EUSEBIO;Condutor deixou de manter dist�ncia do ve�culo da frente;Colis�o traseira;Com V�timas Feridas;Pleno dia;Decrescente;C�u Claro;M�ltipla;Reta;Sim;2;0;1;0;1;0;1;2;-3,90487115;-38,50509373;SPRF-CE;DEL01-CE;UOP02-DEL01-CE;;;
694589;30/05/2025;sexta-feira;07:42:00;PE;232;11;JABOATAO DOS GUARARAPES;Aus�ncia de rea��o do condutor;Tombamento;Com V�timas Feridas;Pleno dia;Decrescente;C�u Claro;Simples;Curva;N�o;2;0;1;0;1;0;1;1;-8,08127;-34,99398;SPRF-PE;DEL01-PE;UOP01-DEL01-PE;;;
694590;30/05/2025;sexta-feira;06:00:00;PR;153;5,1;JACAREZINHO;Neblina;Sa�da de leito carro��vel;Sem V�timas;Amanhecer;Crescente;Nevoeiro/Neblina;Simples;Reta;N�o;1;0;0;0;0;1;0;1;-23,03575234;-49,92058452;SPRF-PR;DEL07-PR;UOP04-DEL07-PR;;;
694592;30/05/2025;sexta-feira;07:50:00;PE;101;78,5;JABOATAO DOS GUARARAPES;Demais falhas mec�nicas ou el�tricas;Queda de ocupante de ve�culo;Com V�timas Feridas;Pleno dia;Crescente;Nublado;Dupla;Reta;Sim;2;0;1;0;1;0;1;1;-8,13973;-34,94702;SPRF-PE;DEL01-PE;UOP01-DEL01-PE;;;
694593;30/05/2025;sexta-feira;08:25:00;SC;470;45,1;GASPAR;Acessar a via sem observar a presen�a dos outros ve�culos;Colis�o transversal;Com V�timas Feridas;Pleno dia;Crescente;C�u Claro;Dupla;"Reta;Retorno Regulamentado";N�o;2;0;1;0;1;0;1;2;-26,86608401;-49,03234418;SPRF-SC;DEL04-SC;UOP01-DEL04-SC;;;
694594;30/05/2025;sexta-feira;07:10:00;RN;304;42;MOSSORO;Acessar a via sem observar a presen�a dos outros ve�culos;Colis�o traseira;Com V�timas Feridas;Pleno dia;Crescente;C�u Claro;Dupla;Reta;Sim;2;0;1;0;1;0;1;2;-5,215075;-37,368952;SPRF-RN;DEL04-RN;UOP01-DEL04-RN;;;
694597;30/05/2025;sexta-feira;09:20:00;PE;232;58;POMBOS;Afundamento ou ondula��o no pavimento;Queda de ocupante de ve�culo;Com V�timas Feridas;Pleno dia;Decrescente;Nublado;Dupla;Reta;Sim;1;0;0;1;0;0;1;1;-8,144192;-35,388859;SPRF-PE;DEL02-PE;UOP02-DEL02PE;;;
694599;30/05/2025;sexta-feira;07:30:00;MG;262;454;NOVA SERRANA;Aus�ncia de rea��o do condutor;Colis�o traseira;Com V�timas Feridas;Pleno dia;Decrescente;Sol;Simples;Reta;N�o;2;0;0;1;1;0;1;2;-19,832;-45,064804;SPRF-MG;DEL08-MG;UOP03-DEL08-MG;;;
694600;30/05/2025;sexta-feira;08:47:00;PE;232;14;JABOATAO DOS GUARARAPES;Aus�ncia de rea��o do condutor;Colis�o lateral mesmo sentido;Com V�timas Feridas;Pleno dia;Decrescente;C�u Claro;Dupla;Reta;N�o;2;0;0;1;1;0;1;2;-8,09024;-35,02482;SPRF-PE;DEL01-PE;UOP01-DEL01-PE;;;
694601;30/05/2025;sexta-feira;09:30:00;SP;116;228;SAO PAULO;Manobra de mudan�a de faixa;Colis�o lateral mesmo sentido;Com V�timas Feridas;Pleno dia;Crescente;C�u Claro;M�ltipla;Reta;Sim;2;0;1;0;0;1;1;2;-23,50453264;-46,56829249;SPRF-SP;DEL01-SP;UOP01-DEL01-SP;;;
694602;30/05/2025;sexta-feira;07:00:00;SC;101;384;ICARA;Falta de elemento de conten��o que evite a sa�da do leito carro��vel;Colis�o com objeto;Sem V�timas;Amanhecer;Decrescente;C�u Claro;Simples;Reta;N�o;1;0;0;0;0;1;0;1;-28,776575;-49,319288;SPRF-SC;DEL02-SC;UOP02-DEL02-SC;;;
694604;30/05/2025;sexta-feira;08:50:00;PB;230;23;JOAO PESSOA;Convers�o proibida;Colis�o lateral mesmo sentido;Com V�timas Feridas;Pleno dia;Crescente;C�u Claro;Simples;Interse��o de Vias;Sim;4;0;1;0;3;0;1;2;-7,16527846;-34,8620224;SPRF-PB;DEL01-PB;UOP01-DEL01-PB;;;
694605;30/05/2025;sexta-feira;06:14:00;PE;408;89;SAO LOURENCO DA MATA;Demais falhas mec�nicas ou el�tricas;Capotamento;Com V�timas Feridas;Pleno dia;Crescente;Garoa/Chuvisco;Dupla;Reta;N�o;1;0;0;1;0;0;1;1;-8,03483;-35,033038;SPRF-PE;DEL01-PE;UOP01-DEL01-PE;;;
694606;30/05/2025;sexta-feira;07:05:00;SC;470;71,4;INDAIAL;Velocidade Incompat�vel;Sa�da de leito carro��vel;Com V�timas Fatais;Pleno dia;Crescente;C�u Claro;M�ltipla;Reta;Sim;1;1;0;0;0;0;0;1;-26,89799;-49,26535;SPRF-SC;DEL04-SC;UOP01-DEL04-SC;;;
694607;30/05/2025;sexta-feira;08:30:00;SC;101;146;ITAPEMA;Aus�ncia de rea��o do condutor;Atropelamento de Pedestre;Com V�timas Feridas;Pleno dia;Decrescente;C�u Claro;Simples;Viaduto;Sim;2;0;0;1;1;0;1;2;-27,08859644;-48,61179527;SPRF-SC;DEL04-SC;UOP03-DEL04-SC;;;
694608;30/05/2025;sexta-feira;10:00:00;SP;116;218;GUARULHOS;Trafegar com motocicleta (ou similar) entre as faixas;Tombamento;Com V�timas Feridas;Pleno dia;Crescente;C�u Claro;M�ltipla;Reta;Sim;1;0;1;0;0;0;1;1;-23,46150618;-46,49018095;SPRF-SP;DEL01-SP;UOP01-DEL01-SP;;;
694609;30/05/2025;sexta-feira;09:00:00;RJ;116;146;DUQUE DE CAXIAS;Rea��o tardia ou ineficiente do condutor;Colis�o lateral mesmo sentido;Com V�timas Feridas;Pleno dia;Crescente;C�u Claro;Dupla;Reta;Sim;4;0;1;0;3;0;1;3;-22,65120141;-43,23570997;SPRF-RJ;DEL01-RJ;UOP02-DEL01-RJ;;;
694611;08/04/2025;ter�a-feira;06:00:00;MG;40;498,1;ESMERALDAS;Pedestre andava na pista;Atropelamento de Pedestre;Com V�timas Feridas;Amanhecer;Crescente;C�u Claro;Dupla;Curva;N�o;2;0;0;1;0;1;1;2;-19,7628224;-44,3131056;SPRF-MG;DEL02-MG;UOP01-DEL02-MG;;;
694612;30/05/2025;sexta-feira;09:55:00;MG;116;289;TEOFILO OTONI;Aus�ncia de rea��o do condutor;Colis�o lateral mesmo sentido;Com V�timas Feridas;Pleno dia;Crescente;Nublado;Dupla;Reta;Sim;3;0;0;1;1;1;1;3;-17,960849;-41,537732;SPRF-MG;DEL11-MG;UOP01-DEL11-MG;;;
694614;18/05/2025;domingo;03:00:00;RJ;393;2;VOLTA REDONDA;Aus�ncia de rea��o do condutor;Colis�o com objeto;Com V�timas Fatais;Plena Noite;Decrescente;C�u Claro;Simples;"Aclive;Curva";Sim;1;1;0;0;0;0;0;1;-22,48963482;-44,06121109;SPRF-RJ;DEL05-RJ;UOP04-DEL05-RJ;;;
694615;30/05/2025;sexta-feira;10:40:00;RS;290;86,3;PORTO ALEGRE;Demais falhas mec�nicas ou el�tricas;Inc�ndio;Sem V�timas;Pleno dia;Crescente;C�u Claro;Dupla;Reta;Sim;1;0;0;0;1;0;0;1;-29,96750802;-51,12878172;SPRF-RS;DEL01-RS;UOP01-DEL01-RS;;;
694616;20/05/2025;ter�a-feira;18:20:00;SP;153;19;NOVA GRANADA;Objeto est�tico sobre o leito carro��vel;Colis�o com objeto;Com V�timas Feridas;Plena Noite;Crescente;C�u Claro;Simples;Reta;N�o;1;0;0;1;0;0;1;1;-20,45212309;-49,28483145;SPRF-SP;DEL09-SP;UOP01-DEL09-SP;;;
694617;30/05/2025;sexta-feira;10:30:00;AP;210;105,5;PORTO GRANDE;Acessar a via sem observar a presen�a dos outros ve�culos;Colis�o transversal;Com V�timas Feridas;Pleno dia;Crescente;C�u Claro;Simples;Reta;Sim;2;0;1;0;1;0;1;2;0,7033467;-51,4062554;SPRF-AP;DEL01-AP;UOP01-DEL01-AP;;;
694618;30/05/2025;sexta-feira;09:00:00;RO;425;82;NOVA MAMORE;Acessar a via sem observar a presen�a dos outros ve�culos;Colis�o transversal;Com V�timas Feridas;Pleno dia;Crescente;C�u Claro;Simples;"Reta;Interse��o de Vias";N�o;2;0;2;0;0;0;2;2;-10,41872;-65,333807;SPRF-RO;DEL01-RO;UOP03-DEL01-RO;;;
694619;01/03/2025;s�bado;08:40:00;PA;316;40;SANTA IZABEL DO PARA;Transitar no Acostamento;Colis�o traseira;Com V�timas Feridas;Pleno dia;Decrescente;Garoa/Chuvisco;Dupla;Reta;N�o;3;0;1;0;0;2;1;3;-1,306229;-48,206377;SPRF-PA;DEL01-PA;UOP01-DEL01-PA;;;
694620;30/05/2025;sexta-feira;08:50:00;RJ;40;113;DUQUE DE CAXIAS;Rea��o tardia ou ineficiente do condutor;Colis�o traseira;Com V�timas Feridas;Pleno dia;Crescente;C�u Claro;M�ltipla;"Reta;Aclive";Sim;4;0;3;0;1;0;3;2;-22,712098;-43,290262;SPRF-RJ;DEL01-RJ;UOP02-DEL01-RJ;;;
694622;30/05/2025;sexta-feira;10:40:00;RO;364;352;JI-PARANA;Condutor deixou de manter dist�ncia do ve�culo da frente;Colis�o traseira;Com V�timas Feridas;Pleno dia;Decrescente;Sol;Simples;Reta;N�o;2;0;1;0;1;0;1;2;-10,82699;-62,014077;SPRF-RO;DEL02-RO;UOP01-DEL02-RO;;;
694623;30/05/2025;sexta-feira;10:30:00;RJ;40;118;DUQUE DE CAXIAS;Aus�ncia de rea��o do condutor;Colis�o transversal;Com V�timas Feridas;Pleno dia;Crescente;Nublado;Dupla;"Reta;Interse��o de Vias";Sim;2;0;0;1;1;0;1;2;-22,76165807;-43,28720322;SPRF-RJ;DEL01-RJ;UOP02-DEL01-RJ;;;
694624;30/05/2025;sexta-feira;11:00:00;MT;70;1,4;BARRA DO GARCAS;Aus�ncia de rea��o do condutor;Colis�o traseira;Com V�timas Feridas;Pleno dia;Decrescente;C�u Claro;Simples;Reta;Sim;3;0;0;1;2;0;1;2;-15,890038;-52,264318;SPRF-MT;DEL07-MT;UOP01-DEL07-MT;;;
694625;13/05/2025;ter�a-feira;03:00:00;AM;319;37;CANUTAMA;Aus�ncia de rea��o do condutor;Capotamento;Com V�timas Fatais;Plena Noite;Crescente;C�u Claro;Simples;Reta;N�o;4;2;2;0;0;0;2;1;-8,265052;-63,935007;SPRF-AM;DEL01-AM;UOP04-DEL01-AM;;;
694626;30/05/2025;sexta-feira;12:20:00;MG;459;68;SENADOR JOSE BENTO;Rea��o tardia ou ineficiente do condutor;Sa�da de leito carro��vel;Com V�timas Feridas;Pleno dia;Crescente;C�u Claro;Simples;"Curva;Declive";N�o;2;0;0;2;0;0;2;1;-22,13104679;-46,18215591;SPRF-MG;DEL09-MG;UOP01-DEL09-MG;;;
694627;30/05/2025;sexta-feira;05:30:00;MT;163;611;NOVA MUTUM;Aus�ncia de rea��o do condutor;Capotamento;Com V�timas Feridas;Amanhecer;Decrescente;C�u Claro;M�ltipla;"Reta;Em Obras;Desvio Tempor�rio";N�o;2;0;1;0;1;0;1;1;-13,5182758;-56,03564858;SPRF-MT;DEL01-MT;UOP01-DEL01-MT;;;
694629;30/05/2025;sexta-feira;11:00:00;MG;381;856;POUSO ALEGRE;Velocidade Incompat�vel;Sa�da de leito carro��vel;Com V�timas Feridas;Pleno dia;Crescente;Sol;Dupla;"Em Obras;Reta";N�o;1;0;0;1;0;0;1;1;-22,28772579;-45,89701049;SPRF-MG;DEL16-MG;UOP01-DEL16-MG;;;
694635;21/05/2025;quarta-feira;20:43:00;PE;101;54;PAULISTA;Acessar a via sem observar a presen�a dos outros ve�culos;Colis�o traseira;Sem V�timas;Plena Noite;Crescente;C�u Claro;Dupla;Reta;Sim;2;0;0;0;2;0;0;2;-7,942695;-34,90425;SPRF-PE;DEL01-PE;UOP02-DEL01-PE;;;
694637;17/05/2025;s�bado;07:35:00;MS;463;1,5;DOURADOS;Aus�ncia de rea��o do condutor;Colis�o lateral mesmo sentido;Com V�timas Feridas;Pleno dia;Crescente;C�u Claro;Simples;Reta;N�o;2;0;0;1;1;0;1;2;-22,25901323;-54,80752635;SPRF-MS;DEL04-MS;UOP01-DEL04-MS;;;
694638;30/05/2025;sexta-feira;12:50:00;RN;304;306,2;PARNAMIRIM;Condutor deixou de manter dist�ncia do ve�culo da frente;Colis�o traseira;Com V�timas Feridas;Pleno dia;Crescente;C�u Claro;Dupla;"Interse��o de Vias;Reta";N�o;2;0;1;0;1;0;1;2;-5,891136;-35,259944;SPRF-RN;DEL01-RN;UOP02-DEL01-RN;;;
694639;30/05/2025;sexta-feira;12:50:00;SC;280;130,4;RIO NEGRINHO;Acessar a via sem observar a presen�a dos outros ve�culos;Colis�o lateral mesmo sentido;Com V�timas Feridas;Pleno dia;Decrescente;C�u Claro;Simples;"Interse��o de Vias;Reta";Sim;2;0;1;0;1;0;1;2;-26,26140793;-49,51072153;SPRF-SC;DEL06-SC;UOP03-DEL06-SC;;;
694641;30/05/2025;sexta-feira;12:05:00;PR;277;589,9;CASCAVEL;Desrespeitar a prefer�ncia no cruzamento;Colis�o transversal;Com V�timas Feridas;Pleno dia;Crescente;C�u Claro;Simples;"Reta;Declive";N�o;2;0;1;0;1;0;1;2;-24,9805558;-53,4545964;SPRF-PR;DEL04-PR;UOP01-DEL04-PR;;;
694642;10/05/2025;s�bado;22:44:00;MG;116;118;ITAOBIM;Demais falhas na via;Queda de ocupante de ve�culo;Com V�timas Feridas;Pleno dia;Crescente;C�u Claro;Simples;Declive;N�o;1;0;0;1;0;0;1;1;-16,59441044;-41,49742126;SPRF-MG;DEL11-MG;UOP02-DEL11-MG;;;
694643;18/05/2025;domingo;19:17:00;PA;163;626;TRAIRAO;Rea��o tardia ou ineficiente do condutor;Tombamento;Com V�timas Feridas;Plena Noite;Crescente;C�u Claro;Simples;Reta;Sim;2;0;1;1;0;0;2;1;-4,6989312;-55,9939584;SPRF-PA;DEL05-PA;UOP03-DEL05-PA;;;
694648;30/05/2025;sexta-feira;08:00:00;RJ;116;99;GUAPIMIRIM;Pista Escorregadia;Colis�o frontal;Com V�timas Feridas;Pleno dia;Decrescente;Nevoeiro/Neblina;Simples;Curva;N�o;5;0;3;0;2;0;3;2;-22,48382032;-42,99561437;SPRF-RJ;DEL04-RJ;UOP01-DEL04-RJ;;;
694649;30/05/2025;sexta-feira;13:10:00;RN;304;106;ACU;Aus�ncia de rea��o do condutor;Colis�o transversal;Com V�timas Feridas;Pleno dia;Decrescente;Sol;Simples;Reta;Sim;2;0;0;1;1;0;1;2;-5,588307;-36,969285;SPRF-RN;DEL04-RN;UOP01-DEL04-RN;;;
694650;30/05/2025;sexta-feira;11:10:00;RO;364;330;JI-PARANA;Rea��o tardia ou ineficiente do condutor;Engavetamento;Com V�timas Feridas;Pleno dia;Crescente;Sol;Simples;Reta;N�o;4;0;1;0;3;0;1;4;-10,82699;-62,014077;SPRF-RO;DEL02-RO;UOP01-DEL02-RO;;;
694651;22/05/2025;quinta-feira;13:30:00;SP;153;61;SAO JOSE DO RIO PRETO;Manobra de mudan�a de faixa;Colis�o lateral mesmo sentido;Com V�timas Feridas;Pleno dia;Decrescente;C�u Claro;Dupla;Reta;N�o;2;0;1;0;1;0;1;2;-20,8032603;-49,35551477;SPRF-SP;DEL09-SP;UOP01-DEL09-SP;;;
694653;30/05/2025;sexta-feira;11:30:00;RJ;116;12;SAPUCAIA;Demais falhas mec�nicas ou el�tricas;Inc�ndio;Sem V�timas;Pleno dia;Decrescente;Nublado;Simples;Reta;N�o;37;0;0;0;37;0;0;1;-21,92211035;-42,69948928;SPRF-RJ;DEL05-RJ;UOP01-DEL05-RJ;;;
694654;30/05/2025;sexta-feira;14:28:00;MG;116;277,2;TEOFILO OTONI;�rea urbana sem a presen�a de local apropriado para a travessia de pedestres;Atropelamento de Pedestre;Com V�timas Feridas;Pleno dia;Crescente;Nublado;Dupla;Reta;Sim;3;0;1;1;0;1;2;2;-17,862222;-41,514818;SPRF-MG;DEL11-MG;UOP01-DEL11-MG;;;
694655;30/05/2025;sexta-feira;14:00:00;PR;369;144;LONDRINA;Rea��o tardia ou ineficiente do condutor;Colis�o traseira;Com V�timas Feridas;Pleno dia;Crescente;C�u Claro;Dupla;"Reta;Declive";Sim;3;0;1;2;0;0;3;2;-23,29345083;-51,11728041;SPRF-PR;DEL07-PR;UOP01-DEL07-PR;;;
694656;04/04/2025;sexta-feira;04:30:00;RJ;101;157;MACAE;Aus�ncia de rea��o do condutor;Capotamento;Com V�timas Feridas;Plena Noite;Decrescente;Chuva;Dupla;Reta;N�o;3;0;1;1;1;0;2;1;-22,2524257;-41,8238992;SPRF-RJ;DEL08-RJ;UOP04-DEL08-RJ;;;
694657;30/05/2025;sexta-feira;12:30:00;RJ;465;5;SEROPEDICA;Ultrapassagem Indevida;Colis�o frontal;Com V�timas Feridas;Pleno dia;Crescente;Nublado;Simples;Reta;N�o;2;0;1;0;1;0;1;2;-22,749636;-43,697378;SPRF-RJ;DEL06-RJ;UOP02-DEL06-RJ;;;
694658;30/05/2025;sexta-feira;12:30:00;MT;70;735;CACERES;Aus�ncia de rea��o do condutor;Colis�o traseira;Sem V�timas;Pleno dia;Decrescente;C�u Claro;Simples;"Declive;Reta";Sim;2;0;0;0;2;0;0;2;-16,1833;-57,6667;SPRF-MT;DEL03-MT;UOP01-DEL03-MT;;;
694659;30/05/2025;sexta-feira;14:40:00;RS;116;149;CAXIAS DO SUL;Pedestre cruzava a pista fora da faixa;Atropelamento de Pedestre;Com V�timas Feridas;Pleno dia;Crescente;C�u Claro;Dupla;Reta;Sim;2;0;1;0;1;0;1;2;-29,16127258;-51,15703074;SPRF-RS;DEL05-RS;UOP01-DEL05-RS;;;
694660;30/05/2025;sexta-feira;14:30:00;SC;101;202;SAO JOSE;Rea��o tardia ou ineficiente do condutor;Colis�o traseira;Sem V�timas;Pleno dia;Decrescente;C�u Claro;M�ltipla;Reta;Sim;4;0;0;0;4;0;0;2;-27,553338;-48,61917671;SPRF-SC;DEL01-SC;UOP01-DEL01-SC;;;
694661;18/05/2025;domingo;10:30:00;BA;116;818;VITORIA DA CONQUISTA;Acostamento em desn�vel;Queda de ocupante de ve�culo;Com V�timas Feridas;Pleno dia;Decrescente;Ignorado;Simples;Reta;N�o;1;0;1;0;0;0;1;1;-14,82478457;-40,82066908;SPRF-BA;DEL08-BA;UOP01-DEL08-BA;;;
694663;30/05/2025;sexta-feira;14:40:00;ES;101;264,4;SERRA;Retorno proibido;Colis�o transversal;Com V�timas Feridas;Pleno dia;Decrescente;Nublado;Dupla;Reta;N�o;3;0;0;1;2;0;1;2;-20,176;-40,265;SPRF-ES;DEL02-ES;UOP01-DEL02-ES;;;
694664;30/05/2025;sexta-feira;15:00:00;BA;324;530;FEIRA DE SANTANA;Velocidade Incompat�vel;Sa�da de leito carro��vel;Com V�timas Feridas;Pleno dia;Crescente;Chuva;Dupla;Interse��o de Vias;N�o;1;0;0;1;0;0;1;1;-12,31964505;-38,87265578;SPRF-BA;DEL01-BA;UOP03-DEL01-BA;;;
694666;30/05/2025;sexta-feira;05:50:00;RS;386;306,8;POUSO NOVO;Rea��o tardia ou ineficiente do condutor;Sa�da de leito carro��vel;Com V�timas Feridas;Plena Noite;Crescente;Nevoeiro/Neblina;Simples;"Curva;Declive";N�o;1;0;0;1;0;0;1;1;-29,20246305;-52,18385093;SPRF-RS;DEL04-RS;UOP01-DEL04-RS;;;
694668;30/05/2025;sexta-feira;14:30:00;BA;101;893;CARAVELAS;Ingest�o de �lcool pelo condutor;Queda de ocupante de ve�culo;Com V�timas Feridas;Pleno dia;Decrescente;C�u Claro;Simples;Reta;N�o;1;0;1;0;0;0;1;1;-17,65385551;-39,77119249;SPRF-BA;DEL09-BA;UOP02-DEL09-BA;;;
694670;30/05/2025;sexta-feira;15:15:00;PR;277;28,1;MORRETES;Aus�ncia de rea��o do condutor;Sa�da de leito carro��vel;Sem V�timas;Pleno dia;Crescente;Sol;Dupla;Reta;N�o;1;0;0;0;0;1;0;1;-25,545043;-48,781969;SPRF-PR;DEL01-PR;UOP05-DEL01-PR;;;
694671;30/05/2025;sexta-feira;15:45:00;PB;230;19,6;JOAO PESSOA;Trafegar com motocicleta (ou similar) entre as faixas;Colis�o traseira;Com V�timas Feridas;Pleno dia;Crescente;Nublado;Dupla;"Curva;Aclive";Sim;2;0;1;0;1;0;1;2;-7,132883;-34,853942;SPRF-PB;DEL01-PB;UOP01-DEL01-PB;;;
694673;30/05/2025;sexta-feira;16:15:00;PB;104;145;QUEIMADAS;Velocidade Incompat�vel;Sa�da de leito carro��vel;Com V�timas Feridas;Pleno dia;Decrescente;C�u Claro;Simples;"Reta;Declive";N�o;1;0;1;0;0;0;1;1;-7,4043135;-35,89590669;SPRF-PB;DEL02-PB;UOP03-DEL02-PB;;;