id;data_inversa;dia_semana;horario;uf;br;km;municipio;causa_acidente;tipo_acidente;classificacao_acidente;fase_dia;sentido_via;condicao_metereologica;tipo_pista;tracado_via;uso_solo;pessoas;mortos;feridos_leves;feridos_graves;ilesos;ignorados;feridos;veiculos;latitude;longitude;regional;delegacia;uop;;;
694674;30/05/2025;sexta-feira;15:50:00;MG;153;39;CENTRALINA;Manobra de mudan�a de faixa;Sa�da de leito carro��vel;Sem V�timas;Pleno dia;Decrescente;C�u Claro;Dupla;Reta;N�o;1;0;0;0;1;0;0;1;-18,741024;-49,096587;SPRF-MG;DEL15-MG;UOP03-DEL15-MG;;;
694676;30/05/2025;sexta-feira;16:30:00;RS;285;500,4;ENTRE-IJUIS;Acessar a via sem observar a presen�a dos outros ve�culos;Colis�o transversal;Com V�timas Feridas;Pleno dia;Decrescente;C�u Claro;Simples;"Reta;Retorno Regulamentado;Interse��o de Vias";Sim;2;0;1;0;1;0;1;2;-28,37827;-54,282898;SPRF-RS;DEL10-RS;UOP01-DEL10-RS;;;
694678;30/05/2025;sexta-feira;16:45:00;GO;60;99;ANAPOLIS;Avarias e/ou desgaste excessivo no pneu;Tombamento;Com V�timas Feridas;Pleno dia;Decrescente;C�u Claro;Dupla;Reta;N�o;2;0;2;0;0;0;2;1;-16,384671;-48,954216;SPRF-GO;DEL02-GO;UOP01-DEL02-GO;;;
694679;30/05/2025;sexta-feira;16:00:00;MG;381;671,6;PERDOES;Velocidade Incompat�vel;Sa�da de leito carro��vel;Sem V�timas;Pleno dia;Crescente;C�u Claro;Dupla;"Reta;Declive";N�o;1;0;0;0;0;1;0;1;-21,06601946;-45,05246401;SPRF-MG;DEL04-MG;UOP02-DEL04-MG;;;
694681;30/05/2025;sexta-feira;16:45:00;AL;316;256;PILAR;Animais na Pista;Atropelamento de Animal;Com V�timas Feridas;Pleno dia;Decrescente;C�u Claro;Simples;Reta;Sim;1;0;1;0;0;0;1;1;-9,591112;-35,940556;SPRF-AL;DEL02-AL;UOP01-DEL02-AL;;;
694682;30/05/2025;sexta-feira;16:30:00;ES;101;271;SERRA;Acessar a via sem observar a presen�a dos outros ve�culos;Colis�o transversal;Com V�timas Feridas;Pleno dia;Crescente;C�u Claro;M�ltipla;Reta;Sim;3;0;2;0;1;0;2;2;-20,231522;-40,278382;SPRF-ES;DEL02-ES;UOP01-DEL02-ES;;;
694684;30/05/2025;sexta-feira;16:50:00;RJ;101;58,9;CAMPOS DOS GOYTACAZES;Acessar a via sem observar a presen�a dos outros ve�culos;Colis�o lateral mesmo sentido;Com V�timas Feridas;Pleno dia;Crescente;Nublado;Simples;"Reta;Interse��o de Vias";Sim;2;0;1;0;1;0;1;2;-21,713036;-41,308541;SPRF-RJ;DEL08-RJ;UOP01-DEL08-RJ;;;
694685;30/05/2025;sexta-feira;16:50:00;SC;101;152;ITAPEMA;Rea��o tardia ou ineficiente do condutor;Colis�o traseira;Com V�timas Feridas;Pleno dia;Decrescente;C�u Claro;Dupla;Reta;Sim;3;0;2;0;1;0;2;2;-27,13536809;-48,61067712;SPRF-SC;DEL04-SC;UOP03-DEL04-SC;;;
694686;30/05/2025;sexta-feira;16:50:00;RJ;101;388;RIO DE JANEIRO;Demais falhas mec�nicas ou el�tricas;Queda de ocupante de ve�culo;Com V�timas Feridas;Pleno dia;Crescente;C�u Claro;Dupla;Reta;N�o;2;0;2;0;0;0;2;1;-22,88503185;-43,64748001;SPRF-RJ;DEL03-RJ;UOP01-DEL03-RJ;;;
694688;06/01/2025;segunda-feira;13:10:00;RJ;493;117;ITAGUAI;Problema com o freio;Colis�o traseira;Com V�timas Feridas;Pleno dia;Crescente;C�u Claro;Dupla;Reta;N�o;2;0;0;1;1;0;1;2;-22,84585859;-43,81153464;SPRF-RJ;DEL03-RJ;UOP01-DEL03-RJ;;;
694691;30/05/2025;sexta-feira;16:30:00;DF;60;15,1;BRASILIA;Animais na Pista;Atropelamento de Animal;Sem V�timas;Pleno dia;Decrescente;C�u Claro;Dupla;"Reta;Aclive";N�o;2;0;0;0;2;0;0;1;-15,946423;-48,172723;SPRF-DF;DEL03-DF;UOP01-DEL03-DF;;;
694693;30/05/2025;sexta-feira;17:43:00;PE;428;183;PETROLINA;Estacionar ou parar em local proibido;Colis�o traseira;Com V�timas Feridas;Plena Noite;Decrescente;C�u Claro;Dupla;"Reta;Retorno Regulamentado";Sim;2;0;1;0;1;0;1;2;-9,347284;-40,473735;SPRF-PE;DEL06-PE;UOP01-DEL06-PE;;;
694694;30/05/2025;sexta-feira;18:00:00;SC;101;117,4;ITAJAI;Trafegar com motocicleta (ou similar) entre as faixas;Colis�o traseira;Com V�timas Feridas;Plena Noite;Crescente;Nublado;M�ltipla;"Reta;Viaduto;Declive";Sim;2;0;1;0;1;0;1;2;-26,8911435;-48,72088411;SPRF-SC;DEL04-SC;UOP04-DEL04-SC;;;
694695;30/05/2025;sexta-feira;12:20:00;PE;116;79;BELEM DE SAO FRANCISCO;Aus�ncia de rea��o do condutor;Queda de ocupante de ve�culo;Com V�timas Feridas;Pleno dia;Crescente;C�u Claro;Simples;"Reta;Aclive";N�o;2;0;1;1;0;0;2;1;-8,54128843;-39,22376331;SPRF-PE;DEL05-PE;UOP03-DEL05-PE;;;
694698;30/05/2025;sexta-feira;18:00:00;RJ;116;278;BARRA MANSA;Aus�ncia de rea��o do condutor;Tombamento;Com V�timas Feridas;Anoitecer;Crescente;Nublado;Dupla;"Curva;Aclive";N�o;2;0;1;0;1;0;1;2;-22,5471809;-44,1846313;SPRF-RJ;DEL07-RJ;UOP02-DEL07-RJ;;;
694699;30/05/2025;sexta-feira;17:40:00;PB;101;91,5;JOAO PESSOA;Avarias e/ou desgaste excessivo no pneu;Tombamento;Com V�timas Feridas;Anoitecer;Decrescente;Garoa/Chuvisco;Dupla;Reta;N�o;2;0;2;0;0;0;2;1;-7,193528;-34,904652;SPRF-PB;DEL01-PB;UOP01-DEL01-PB;;;
694700;30/05/2025;sexta-feira;16:50:00;BA;324;534;CONCEICAO DO JACUIPE;Condutor deixou de manter dist�ncia do ve�culo da frente;Colis�o traseira;Com V�timas Feridas;Pleno dia;Crescente;Nublado;Dupla;Reta;N�o;2;0;1;0;0;1;1;2;-12,36305056;-38,82196442;SPRF-BA;DEL01-BA;UOP03-DEL01-BA;;;
694701;30/05/2025;sexta-feira;17:25:00;TO;153;148,2;ARAGUAINA;Acessar a via sem observar a presen�a dos outros ve�culos;Colis�o transversal;Com V�timas Feridas;Anoitecer;Decrescente;C�u Claro;Dupla;"Retorno Regulamentado;Rotat�ria";Sim;2;0;1;0;1;0;1;2;-7,232191;-48,25242;SPRF-TO;DEL02-TO;UOP01-DEL02-TO;;;
694702;30/05/2025;sexta-feira;17:40:00;SC;101;273;IMBITUBA;Rea��o tardia ou ineficiente do condutor;Queda de ocupante de ve�culo;Com V�timas Feridas;Anoitecer;Decrescente;C�u Claro;Dupla;Reta;N�o;1;0;1;0;0;0;1;1;-28,137693;-48,692024;SPRF-SC;DEL02-SC;UOP03-DEL02-SC;;;
694703;30/05/2025;sexta-feira;16:35:00;MG;40;559,1;NOVA LIMA;Rea��o tardia ou ineficiente do condutor;Engavetamento;Sem V�timas;Pleno dia;Decrescente;C�u Claro;Dupla;Reta;N�o;3;0;0;0;2;1;0;3;-20,12360199;-43,96634102;SPRF-MG;DEL01-MG;UOP02-DEL01-MG;;;
694706;30/05/2025;sexta-feira;17:45:00;ES;259;23,4;COLATINA;Rea��o tardia ou ineficiente do condutor;Colis�o lateral mesmo sentido;Com V�timas Feridas;Anoitecer;Crescente;Nublado;Simples;Curva;N�o;2;0;0;1;1;0;1;2;-19,623535;-40,466651;SPRF-ES;DEL02-ES;UOP01-DEL02-ES;;;
694708;30/05/2025;sexta-feira;18:30:00;ES;101;168;LINHARES;Acessar a via sem observar a presen�a dos outros ve�culos;Colis�o transversal;Com V�timas Feridas;Plena Noite;Crescente;C�u Claro;Simples;Interse��o de Vias;N�o;5;0;3;0;2;0;3;2;-19,53698103;-40,15957832;SPRF-ES;DEL04-ES;UOP01-DEL04-ES;;;
694710;30/05/2025;sexta-feira;18:25:00;SC;470;60,3;BLUMENAU;Acessar a via sem observar a presen�a dos outros ve�culos;Colis�o transversal;Com V�timas Feridas;Plena Noite;Crescente;C�u Claro;Simples;"Reta;Em Obras";N�o;2;0;1;0;1;0;1;2;-26,88053264;-49,16770069;SPRF-SC;DEL04-SC;UOP01-DEL04-SC;;;
694711;30/05/2025;sexta-feira;18:30:00;SP;381;38;ATIBAIA;Transtornos Mentais (exceto suicidio);Colis�o lateral mesmo sentido;Com V�timas Feridas;Plena Noite;Decrescente;C�u Claro;Dupla;"Declive;Reta";Sim;3;0;1;0;2;0;1;3;-23,1118255;-46,57091618;SPRF-SP;DEL03-SP;UOP01-DEL03-SP;;;
694714;30/05/2025;sexta-feira;16:20:00;MG;262;441,4;NOVA SERRANA;Avarias e/ou desgaste excessivo no pneu;Queda de ocupante de ve�culo;Com V�timas Feridas;Pleno dia;Crescente;Sol;Dupla;"Aclive;Reta";Sim;2;0;1;0;0;1;1;1;-19,832005;-45,06479;SPRF-MG;DEL08-MG;UOP03-DEL08-MG;;;
694716;30/05/2025;sexta-feira;17:30:00;MS;158;147,8;APARECIDA DO TABOADO;Transitar no Acostamento;Atropelamento de Pedestre;Com V�timas Fatais;Anoitecer;Decrescente;C�u Claro;Simples;Reta;N�o;4;1;0;0;1;2;0;2;-20,087418;-51,143835;SPRF-MS;DEL08-MS;UOP01-DEL08-MS;;;
694718;30/05/2025;sexta-feira;19:00:00;SC;101;125,9;ITAJAI;Rea��o tardia ou ineficiente do condutor;Colis�o traseira;Com V�timas Feridas;Plena Noite;Decrescente;C�u Claro;Dupla;Reta;Sim;2;0;1;0;1;0;1;2;-26,9627758;-48,68282318;SPRF-SC;DEL04-SC;UOP04-DEL04-SC;;;
694719;30/05/2025;sexta-feira;17:30:00;RS;293;2;PELOTAS;Condutor deixou de manter dist�ncia do ve�culo da frente;Colis�o traseira;Com V�timas Feridas;Anoitecer;Crescente;C�u Claro;Simples;Reta;Sim;2;0;1;0;1;0;1;2;-31,74407057;-52,36276802;SPRF-RS;DEL07-RS;UOP01-DEL07-RS;;;
694720;30/05/2025;sexta-feira;19:33:00;SP;116;218;GUARULHOS;Trafegar com motocicleta (ou similar) entre as faixas;Colis�o lateral mesmo sentido;Com V�timas Feridas;Plena Noite;Crescente;Nublado;M�ltipla;"Reta;Em Obras";Sim;2;0;1;0;1;0;1;1;-23,4584361;-46,4818722;SPRF-SP;DEL01-SP;UOP01-DEL01-SP;;;
694721;30/05/2025;sexta-feira;18:50:00;PR;369;145;LONDRINA;Trafegar com motocicleta (ou similar) entre as faixas;Colis�o lateral mesmo sentido;Com V�timas Feridas;Plena Noite;Crescente;C�u Claro;Dupla;Reta;Sim;2;0;1;0;1;0;1;2;-23,29325083;-51,12200455;SPRF-PR;DEL07-PR;UOP01-DEL07-PR;;;
694722;30/05/2025;sexta-feira;19:30:00;ES;101;61;SAO MATEUS;Acessar a via sem observar a presen�a dos outros ve�culos;Colis�o transversal;Com V�timas Feridas;Plena Noite;Crescente;Nublado;Simples;"Interse��o de Vias;Reta";Sim;2;0;0;1;1;0;1;2;-18,678;-39,865;SPRF-ES;DEL04-ES;UOP02-DEL04-ES;;;
694723;30/05/2025;sexta-feira;19:25:00;SC;280;30,9;ARAQUARI;Acessar a via sem observar a presen�a dos outros ve�culos;Colis�o transversal;Com V�timas Feridas;Plena Noite;Crescente;C�u Claro;Simples;Interse��o de Vias;Sim;3;0;1;0;1;1;1;2;-26,4164154;-48,77114673;SPRF-SC;DEL03-SC;UOP03-DEL03-SC;;;
694725;30/05/2025;sexta-feira;19:55:00;SP;116;223;GUARULHOS;Sinaliza��o mal posicionada;Queda de ocupante de ve�culo;Com V�timas Feridas;Plena Noite;Decrescente;Nublado;Dupla;Reta;Sim;1;0;1;0;0;0;1;1;-23,4815732;-46,53433847;SPRF-SP;DEL01-SP;UOP01-DEL01-SP;;;
694726;30/05/2025;sexta-feira;18:34:00;RS;290;578;ALEGRETE;Transitar na contram�o;Colis�o lateral mesmo sentido;Com V�timas Feridas;Plena Noite;Crescente;Nublado;Simples;Curva;N�o;8;0;1;1;6;0;2;4;-29,809978;-55,764563;SPRF-RS;DEL13-RS;UOP02-DEL13-RS;;;
694727;30/05/2025;sexta-feira;19:00:00;PR;369;13;CAMBARA;Problema com o freio;Tombamento;Com V�timas Feridas;Plena Noite;Crescente;Nublado;Simples;"Interse��o de Vias;Reta";N�o;1;0;1;0;0;0;1;1;-23,02952753;-50,04755108;SPRF-PR;DEL07-PR;UOP05-DEL07-PR;;;
694729;30/05/2025;sexta-feira;18:00:00;RJ;101;575;PARATY;Pedestre cruzava a pista fora da faixa;Atropelamento de Pedestre;Com V�timas Feridas;Plena Noite;Decrescente;C�u Claro;Simples;Reta;N�o;2;0;2;0;0;0;2;2;-23,222303;-44,733089;SPRF-RJ;DEL03-RJ;UOP04-DEL03-RJ;;;
694730;30/05/2025;sexta-feira;19:45:00;PB;230;87;GURINHEM;Aus�ncia de rea��o do condutor;Colis�o traseira;Com V�timas Feridas;Plena Noite;Decrescente;Nublado;Dupla;Declive;Sim;3;0;0;2;0;1;2;2;-7,170175;-35,37885;SPRF-PB;DEL01-PB;UOP02-DEL01-PB;;;
694732;30/05/2025;sexta-feira;20:15:00;SP;381;65;MAIRIPORA;Aus�ncia de rea��o do condutor;Colis�o traseira;Com V�timas Feridas;Plena Noite;Decrescente;C�u Claro;Simples;Reta;Sim;4;0;1;0;3;0;1;2;-23,321072;-46,582081;SPRF-SP;DEL03-SP;UOP01-DEL03-SP;;;
694733;30/05/2025;sexta-feira;19:00:00;ES;262;160;IBATIBA;Transitar na contram�o;Colis�o frontal;Com V�timas Feridas;Plena Noite;Decrescente;Nublado;Simples;"Reta;Aclive";Sim;4;0;2;0;2;0;2;2;-20,2372373;-41,5150807;SPRF-ES;DEL01-ES;UOP02-DEL01-ES;;;
694734;30/05/2025;sexta-feira;18:50:00;PE;232;93;SAIRE;Ingest�o de �lcool pelo condutor;Colis�o traseira;Com V�timas Feridas;Plena Noite;Crescente;Garoa/Chuvisco;Dupla;Reta;N�o;3;0;0;2;1;0;2;2;-8,22308012;-35,68632809;SPRF-PE;DEL02-PE;UOP02-DEL02PE;;;
694735;30/05/2025;sexta-feira;20:50:00;MG;381;519;IGARAPE;Aus�ncia de rea��o do condutor;Colis�o traseira;Com V�timas Feridas;Plena Noite;Crescente;C�u Claro;Dupla;"Aclive;Curva";N�o;2;0;1;0;1;0;1;2;-20,109535;-44,313906;SPRF-MG;DEL01-MG;UOP03-DEL01-MG;;;
694737;30/05/2025;sexta-feira;14:35:00;MG;251;342;RUBELITA;Acessar a via sem observar a presen�a dos outros ve�culos;Colis�o transversal;Com V�timas Feridas;Pleno dia;Crescente;C�u Claro;Simples;Curva;N�o;2;0;1;0;0;1;1;2;-16,25603304;-42,46659994;SPRF-MG;DEL12-MG;UOP02-DEL12-MG;;;
694738;30/05/2025;sexta-feira;20:40:00;RJ;356;89;CARDOSO MOREIRA;Acessar a via sem observar a presen�a dos outros ve�culos;Colis�o transversal;Com V�timas Feridas;Plena Noite;Crescente;Nublado;Simples;Reta;N�o;2;0;0;1;1;0;1;2;-21,49619967;-41,62342072;SPRF-RJ;DEL08-RJ;UOP03-DEL08-RJ;;;
694740;30/05/2025;sexta-feira;18:00:00;MG;251;314,3;SALINAS;Acessar a via sem observar a presen�a dos outros ve�culos;Colis�o transversal;Com V�timas Feridas;Plena Noite;Decrescente;C�u Claro;Simples;Rotat�ria;N�o;6;0;1;0;5;0;1;2;-16,14458749;-42,30282784;SPRF-MG;DEL12-MG;UOP02-DEL12-MG;;;
694741;30/05/2025;sexta-feira;18:50:00;RS;471;150;SANTA CRUZ DO SUL;Aus�ncia de rea��o do condutor;Colis�o transversal;Com V�timas Feridas;Plena Noite;Decrescente;C�u Claro;Simples;Rotat�ria;N�o;2;0;1;0;1;0;1;2;-29,77956133;-52,41515843;SPRF-RS;DEL02-RS;UOP03-DEL02-RS;;;
694742;30/05/2025;sexta-feira;18:20:00;PR;376;3,5;APUCARANA;Acessar a via sem observar a presen�a dos outros ve�culos;Colis�o transversal;Com V�timas Feridas;Plena Noite;Crescente;C�u Claro;Dupla;"Reta;Retorno Regulamentado";Sim;2;0;1;0;1;0;1;2;-23,56448867;-51,43379331;SPRF-PR;DEL07-PR;UOP03-DEL07-PR;;;
694743;30/05/2025;sexta-feira;20:40:00;SC;470;58,5;BLUMENAU;Convers�o proibida;Colis�o frontal;Com V�timas Feridas;Plena Noite;Decrescente;C�u Claro;Simples;"Reta;Aclive";N�o;2;0;1;0;1;0;1;2;-26,88419056;-49,15033992;SPRF-SC;DEL04-SC;UOP01-DEL04-SC;;;
694744;30/05/2025;sexta-feira;18:00:00;AL;101;165,1;CAMPO ALEGRE;Acessar a via sem observar a presen�a dos outros ve�culos;Colis�o transversal;Com V�timas Feridas;Plena Noite;Decrescente;Garoa/Chuvisco;Dupla;"Interse��o de Vias;Reta";N�o;2;0;0;1;0;1;1;2;-9,900469;-36,276995;SPRF-AL;DEL02-AL;UOP02-DEL02-AL;;;
694745;30/05/2025;sexta-feira;18:55:00;RR;174;513;BOA VISTA;Ilumina��o deficiente;Colis�o traseira;Com V�timas Feridas;Plena Noite;Decrescente;Nublado;Simples;Reta;N�o;2;0;0;2;0;0;2;2;2,89300221;-60,70233822;SPRF-RR;DEL01-RR;UOP01-DEL01-RR;;;
694747;30/05/2025;sexta-feira;19:20:00;MT;163;753;SORRISO;Ingest�o de �lcool pelo condutor;Colis�o traseira;Com V�timas Feridas;Plena Noite;Crescente;C�u Claro;Dupla;"Reta;Retorno Regulamentado";N�o;2;0;1;0;1;0;1;2;-12,543038;-55,708342;SPRF-MT;DEL06-MT;UOP01-DEL06-MT;;;
694750;18/05/2025;domingo;20:20:00;SC;116;59,9;PAPANDUVA;Acessar a via sem observar a presen�a dos outros ve�culos;Colis�o transversal;Com V�timas Feridas;Plena Noite;Crescente;Garoa/Chuvisco;Simples;"Reta;Aclive";N�o;7;0;0;1;6;0;1;2;-26,381952;-50,215146;SPRF-SC;DEL06-SC;UOP02-DEL06-SC;;;
694751;30/05/2025;sexta-feira;16:30:00;PR;376;390;IMBAU;Aus�ncia de rea��o do condutor;Queda de ocupante de ve�culo;Com V�timas Feridas;Pleno dia;Crescente;C�u Claro;Dupla;"Reta;Aclive";N�o;1;0;1;0;0;0;1;1;-24,488174;-50,733096;SPRF-PR;DEL03-PR;UOP02-DEL03-PR;;;
694753;30/05/2025;sexta-feira;19:45:00;MG;262;444;NOVA SERRANA;Acessar a via sem observar a presen�a dos outros ve�culos;Colis�o lateral mesmo sentido;Sem V�timas;Plena Noite;Decrescente;C�u Claro;Simples;Reta;Sim;3;0;0;0;3;0;0;2;-19,870138;-44,983176;SPRF-MG;DEL08-MG;UOP03-DEL08-MG;;;
694754;30/05/2025;sexta-feira;19:55:00;RS;470;246,7;BARAO;Rea��o tardia ou ineficiente do condutor;Tombamento;Com V�timas Feridas;Plena Noite;Decrescente;C�u Claro;Simples;Curva;N�o;2;0;2;0;0;0;2;1;-29,38760144;-51,49537532;SPRF-RS;DEL06-RS;UOP01-DEL06-RS;;;
694756;30/05/2025;sexta-feira;21:30:00;PR;369;147,2;LONDRINA;Condutor desrespeitou a ilumina��o vermelha do sem�foro;Colis�o transversal;Com V�timas Feridas;Plena Noite;Decrescente;C�u Claro;Dupla;Reta;N�o;2;0;0;1;1;0;1;2;-23,29335229;-51,13449667;SPRF-PR;DEL07-PR;UOP01-DEL07-PR;;;
694759;30/05/2025;sexta-feira;19:30:00;DF;251;19;BRASILIA;Convers�o proibida;Colis�o transversal;Com V�timas Feridas;Plena Noite;Decrescente;C�u Claro;Simples;"Aclive;Reta";N�o;4;0;1;2;1;0;3;3;-15,96533349;-47,64461339;SPRF-DF;DEL01-DF;UOP01-DEL01-DF;;;
694760;30/05/2025;sexta-feira;21:45:00;MG;40;632,8;CONSELHEIRO LAFAIETE;Aus�ncia de rea��o do condutor;Colis�o traseira;Com V�timas Feridas;Plena Noite;Crescente;Nevoeiro/Neblina;Simples;"Curva;Aclive";Sim;3;0;2;0;1;0;2;2;-20,683605;-43,793594;SPRF-MG;DEL05-MG;UOP02-DEL05-MG;;;
694761;30/05/2025;sexta-feira;18:35:00;MA;135;381;SAO DOMINGOS DO MARANHAO;Ultrapassagem Indevida;Colis�o frontal;Com V�timas Fatais;Plena Noite;Decrescente;C�u Claro;Simples;Reta;Sim;2;1;1;0;0;0;1;2;-5,60885859;-44,36963198;SPRF-MA;DEL06-MA;UOP01-DEL06-MA;;;
694762;30/05/2025;sexta-feira;21:40:00;SC;280;99,4;SAO BENTO DO SUL;Demais falhas mec�nicas ou el�tricas;Inc�ndio;Sem V�timas;Plena Noite;Crescente;C�u Claro;Simples;"Aclive;Reta";N�o;1;0;0;0;1;0;0;1;-26,37111;-49,332876;SPRF-SC;DEL06-SC;UOP03-DEL06-SC;;;
694763;30/05/2025;sexta-feira;22:00:00;MG;262;442,2;NOVA SERRANA;Ingest�o de �lcool pelo condutor;Tombamento;Com V�timas Feridas;Plena Noite;Decrescente;Nublado;Dupla;"Aclive;Reta";Sim;1;0;1;0;0;0;1;1;-19,871823;-44,971507;SPRF-MG;DEL08-MG;UOP03-DEL08-MG;;;
694764;30/05/2025;sexta-feira;21:07:00;PE;232;197,9;SANHARO;Transitar no Acostamento;Atropelamento de Pedestre;Com V�timas Fatais;Plena Noite;Decrescente;Nublado;Simples;Reta;N�o;2;1;1;0;0;0;1;2;-8,36939;-36,589093;SPRF-PE;DEL03-PE;UOP02-DEL03-PE;;;
694765;30/05/2025;sexta-feira;18:20:00;BA;407;28,2;JUAZEIRO;Animais na Pista;Atropelamento de Animal;Com V�timas Feridas;Plena Noite;Decrescente;C�u Claro;Simples;Reta;N�o;3;0;1;0;2;0;1;1;-9,63846;-40,39898;SPRF-BA;DEL04-BA;UOP01-DEL04-BA;;;
694766;30/05/2025;sexta-feira;21:00:00;RO;364;335;JI-PARANA;Rea��o tardia ou ineficiente do condutor;Colis�o traseira;Sem V�timas;Plena Noite;Crescente;Ignorado;Simples;Reta;N�o;2;0;0;0;2;0;0;2;-10,93904;-61,929627;SPRF-RO;DEL02-RO;UOP01-DEL02-RO;;;
694767;30/05/2025;sexta-feira;22:20:00;PB;101;85,5;BAYEUX;Pista Escorregadia;Sa�da de leito carro��vel;Sem V�timas;Plena Noite;Decrescente;Chuva;Dupla;Curva;Sim;1;0;0;0;0;1;0;1;-7,14827;-34,913026;SPRF-PB;DEL01-PB;UOP01-DEL01-PB;;;
694768;30/05/2025;sexta-feira;22:00:00;MG;354;239,6;SERITINGA;Rea��o tardia ou ineficiente do condutor;Colis�o lateral sentido oposto;Com V�timas Feridas;Plena Noite;Crescente;C�u Claro;Simples;Curva;N�o;3;0;3;0;0;0;3;2;-21,92697944;-44,55968857;SPRF-MG;DEL10-MG;UOP01-DEL10-MG;;;
694769;30/05/2025;sexta-feira;22:30:00;MG;381;490,1;BETIM;Aus�ncia de rea��o do condutor;Tombamento;Com V�timas Feridas;Plena Noite;Crescente;C�u Claro;M�ltipla;"Reta;Aclive";Sim;1;0;0;1;0;0;1;1;-19,9965545;-44,2090317;SPRF-MG;DEL01-MG;UOP03-DEL01-MG;;;
694770;30/05/2025;sexta-feira;21:27:00;PR;277;128;CAMPO LARGO;Velocidade Incompat�vel;Colis�o traseira;Com V�timas Feridas;Plena Noite;Crescente;C�u Claro;Dupla;Reta;N�o;5;0;1;0;4;0;1;2;-25,43618699;-49,54395745;SPRF-PR;DEL03-PR;UOP03-DEL03-PR;;;
694774;30/05/2025;sexta-feira;23:20:00;PI;316;311;PICOS;Ingest�o de �lcool pelo condutor;Colis�o lateral mesmo sentido;Sem V�timas;Plena Noite;Decrescente;C�u Claro;M�ltipla;Reta;Sim;3;0;0;0;3;0;0;2;-7,07893985;-41,46130876;SPRF-PI;DEL04-PI;UOP01-DEL04-PI;;;
694775;31/05/2025;s�bado;00:00:00;SP;116;225;GUARULHOS;Aus�ncia de rea��o do condutor;Colis�o traseira;Com V�timas Feridas;Plena Noite;Decrescente;C�u Claro;M�ltipla;"Reta;Declive";Sim;2;0;1;0;1;0;1;2;-23,48988794;-46,54689358;SPRF-SP;DEL01-SP;UOP01-DEL01-SP;;;
694776;30/05/2025;sexta-feira;23:20:00;PI;343;344;TERESINA;Condutor desrespeitou a ilumina��o vermelha do sem�foro;Colis�o transversal;Sem V�timas;Plena Noite;Crescente;C�u Claro;Dupla;"Interse��o de Vias;Em Obras;Reta";Sim;2;0;0;0;2;0;0;2;-5,0624641;-42,6966021;SPRF-PI;DEL01-PI;UOP01-DEL01-PI;;;
694777;30/05/2025;sexta-feira;23:40:00;BA;324;543;AMELIA RODRIGUES;Ingest�o de �lcool pelo condutor;Queda de ocupante de ve�culo;Com V�timas Feridas;Plena Noite;Crescente;C�u Claro;Simples;Reta;N�o;2;0;0;2;0;0;2;1;-12,39703105;-38,76884356;SPRF-BA;DEL01-BA;UOP03-DEL01-BA;;;
694779;30/05/2025;sexta-feira;23:50:00;RS;116;247;SAO LEOPOLDO;Rea��o tardia ou ineficiente do condutor;Colis�o com objeto;Com V�timas Feridas;Plena Noite;Crescente;C�u Claro;Dupla;Reta;Sim;1;0;1;0;0;0;1;1;-29,76365366;-51,15322246;SPRF-RS;DEL01-RS;UOP02-DEL01-RS;;;
694780;30/05/2025;sexta-feira;23:00:00;PE;408;77,3;PAUDALHO;Ingest�o de subst�ncias psicoativas pelo condutor;Sa�da de leito carro��vel;Sem V�timas;Plena Noite;Decrescente;Chuva;Dupla;"Aclive;Curva";N�o;1;0;0;0;1;0;0;1;-7,95342;-35,10329;SPRF-PE;DEL01-PE;UOP01-DEL01-PE;;;
694781;31/05/2025;s�bado;00:00:00;MG;381;768,1;CAMPANHA;Demais falhas mec�nicas ou el�tricas;Inc�ndio;Sem V�timas;Plena Noite;Decrescente;Ignorado;Dupla;Reta;N�o;1;0;0;0;1;0;0;1;-21,75359073;-45,3975141;SPRF-MG;DEL16-MG;UOP02-DEL16-MG;;;
694786;30/05/2025;sexta-feira;20:20:00;CE;20;131,7;TAUA;Pedestre andava na pista;Atropelamento de Pedestre;Com V�timas Fatais;Plena Noite;Crescente;C�u Claro;Simples;Reta;Sim;3;1;0;0;2;0;0;2;-5,623845;-40,114742;SPRF-CE;DEL02-CE;UOP02-DEL02-CE;;;
694789;31/05/2025;s�bado;00:30:00;DF;20;14;BRASILIA;Ingest�o de �lcool pelo condutor;Sa�da de leito carro��vel;Com V�timas Feridas;Plena Noite;Crescente;C�u Claro;Dupla;Reta;N�o;2;0;0;2;0;0;2;1;-15,637865;-47,74728;SPRF-DF;DEL02-DF;UOP01-DEL02-DF;;;
694790;31/05/2025;s�bado;01:10:00;AL;101;208,1;SAO SEBASTIAO;Aus�ncia de rea��o do condutor;Queda de ocupante de ve�culo;Com V�timas Fatais;Plena Noite;Decrescente;Chuva;Simples;Reta;N�o;1;1;0;0;0;0;0;1;-9,99532808;-36,59596793;SPRF-AL;DEL02-AL;UOP02-DEL02-AL;;;
694791;31/05/2025;s�bado;01:27:00;PE;232;10;JABOATAO DOS GUARARAPES;Entrada inopinada do pedestre;Atropelamento de Pedestre;Com V�timas Feridas;Plena Noite;Decrescente;C�u Claro;Dupla;Reta;N�o;2;0;1;0;1;0;1;2;-8,07806073;-34,97877821;SPRF-PE;DEL01-PE;UOP01-DEL01-PE;;;