id;data_inversa;dia_semana;horario;uf;br;km;municipio;causa_acidente;tipo_acidente;classificacao_acidente;fase_dia;sentido_via;condicao_metereologica;tipo_pista;tracado_via;uso_solo;pessoas;mortos;feridos_leves;feridos_graves;ilesos;ignorados;feridos;veiculos;latitude;longitude;regional;delegacia;uop;;;
694793;31/05/2025;s�bado;00:45:00;SC;101;151,1;ITAPEMA;Aus�ncia de rea��o do condutor;Colis�o com objeto;Com V�timas Fatais;Plena Noite;Decrescente;C�u Claro;M�ltipla;Reta;Sim;1;1;0;0;0;0;0;1;-27,12648635;-48,60932946;SPRF-SC;DEL04-SC;UOP03-DEL04-SC;;;
694795;31/05/2025;s�bado;02:45:00;SC;280;9,5;SAO FRANCISCO DO SUL;Velocidade Incompat�vel;Capotamento;Com V�timas Feridas;Plena Noite;Crescente;Nublado;Simples;Reta;N�o;3;0;2;1;0;0;3;1;-26,291687;-48,644764;SPRF-SC;DEL03-SC;UOP03-DEL03-SC;;;
694798;31/05/2025;s�bado;01:34:00;SC;101;198,1;BIGUACU;Aus�ncia de rea��o do condutor;Colis�o traseira;Com V�timas Fatais;Plena Noite;Crescente;Nublado;M�ltipla;Reta;Sim;2;1;0;0;1;0;0;2;-27,52744;-48,63448;SPRF-SC;DEL01-SC;UOP01-DEL01-SC;;;
694800;31/05/2025;s�bado;02:30:00;RJ;116;83;TERESOPOLIS;Velocidade Incompat�vel;Colis�o com objeto;Com V�timas Feridas;Plena Noite;Decrescente;C�u Claro;Simples;Curva;Sim;2;0;1;0;1;0;1;1;-22,416812;-42,950923;SPRF-RJ;DEL04-RJ;UOP01-DEL04-RJ;;;
694801;31/05/2025;s�bado;01:15:00;MT;364;546,9;ROSARIO OESTE;Avarias e/ou desgaste excessivo no pneu;Sa�da de leito carro��vel;Sem V�timas;Plena Noite;Crescente;C�u Claro;Dupla;Reta;N�o;1;0;0;0;1;0;0;1;-14,80485961;-56,41031161;SPRF-MT;DEL01-MT;UOP01-DEL01-MT;;;
694802;31/05/2025;s�bado;01:00:00;MG;40;402;CURVELO;Condutor Dormindo;Sa�da de leito carro��vel;Sem V�timas;Plena Noite;Crescente;C�u Claro;Simples;Reta;N�o;1;0;0;0;1;0;0;1;-19,0177878;-44,6764088;SPRF-MG;DEL02-MG;UOP01-DEL02-MG;;;
694803;31/05/2025;s�bado;01:40:00;MG;153;235,3;FRONTEIRA;Aus�ncia de rea��o do condutor;Sa�da de leito carro��vel;Sem V�timas;Plena Noite;Decrescente;C�u Claro;Simples;Reta;N�o;1;0;0;0;1;0;0;1;-20,224307;-49,148569;SPRF-MG;DEL13-MG;UOP02-DEL13-MG;;;
694804;31/05/2025;s�bado;04:00:00;SC;280;50;GUARAMIRIM;Velocidade Incompat�vel;Capotamento;Com V�timas Feridas;Amanhecer;Decrescente;C�u Claro;Simples;"Curva;Desvio Tempor�rio";Sim;1;0;1;0;0;0;1;1;-26,4624216;-48,9482615;SPRF-SC;DEL03-SC;UOP03-DEL03-SC;;;
694805;31/05/2025;s�bado;04:00:00;GO;70;13,6;AGUAS LINDAS DE GOIAS;Aus�ncia de rea��o do condutor;Sa�da de leito carro��vel;Com V�timas Fatais;Plena Noite;Decrescente;C�u Claro;Dupla;Reta;Sim;1;1;0;0;0;0;0;1;-15,749968;-48,323337;SPRF-DF;DEL03-DF;UOP02-DEL03-DF;;;
694806;31/05/2025;s�bado;00:30:00;ES;101;176,7;ARACRUZ;Condutor Dormindo;Queda de ocupante de ve�culo;Com V�timas Feridas;Plena Noite;Crescente;C�u Claro;Simples;"Aclive;Reta";N�o;1;0;0;1;0;0;1;1;-19,60023398;-40,20188212;SPRF-ES;DEL04-ES;UOP01-DEL04-ES;;;
694807;31/05/2025;s�bado;05:06:00;SP;116;293;ITAPECERICA DA SERRA;Rea��o tardia ou ineficiente do condutor;Tombamento;Com V�timas Feridas;Plena Noite;Crescente;C�u Claro;Dupla;Curva;Sim;1;0;1;0;0;0;1;1;-23,72562663;-46,89319591;SPRF-SP;DEL04-SP;UOP01-DEL04-SP;;;
694812;31/05/2025;s�bado;03:15:00;SC;480;127,3;CHAPECO;Desrespeitar a prefer�ncia no cruzamento;Colis�o transversal;Com V�timas Feridas;Plena Noite;Decrescente;C�u Claro;Simples;"Retorno Regulamentado;Reta;Declive";N�o;1;0;0;1;0;0;1;1;-27,02272705;-52,63497233;SPRF-SC;DEL07-SC;UOP01-DEL07-SC;;;
694815;31/05/2025;s�bado;06:04:00;RN;101;103;SAO JOSE DE MIPIBU;Demais falhas mec�nicas ou el�tricas;Tombamento;Com V�timas Feridas;Pleno dia;Crescente;Garoa/Chuvisco;Dupla;Reta;Sim;2;0;2;0;0;0;2;1;-5,9807398;-35,2655247;SPRF-RN;DEL01-RN;UOP01-DEL01-RN;;;
694816;31/05/2025;s�bado;05:20:00;PR;116;94;SAO JOSE DOS PINHAIS;Ingest�o de �lcool pelo condutor;Sa�da de leito carro��vel;Sem V�timas;Amanhecer;Crescente;C�u Claro;Dupla;Reta;Sim;1;0;0;0;1;0;0;1;-25,52426098;-49,13834929;SPRF-PR;DEL01-PR;UOP07-DEL01-PR;;;
694817;31/05/2025;s�bado;05:00:00;RS;392;347;SANTA MARIA;Ingest�o de �lcool pelo condutor;Colis�o lateral mesmo sentido;Com V�timas Feridas;Plena Noite;Decrescente;Nevoeiro/Neblina;Simples;Reta;N�o;2;0;0;1;1;0;1;2;-29,76586926;-53,78470586;SPRF-RS;DEL09-RS;UOP01-DEL09-RS;;;
694818;31/05/2025;s�bado;03:40:00;MG;262;49;MANHUACU;Rea��o tardia ou ineficiente do condutor;Colis�o frontal;Com V�timas Fatais;Plena Noite;Decrescente;Nublado;Simples;Curva;N�o;4;2;2;0;0;0;2;2;-20,2495232;-42,14231998;SPRF-MG;DEL06-MG;UOP03-DEL06-MG;;;
694820;30/05/2025;sexta-feira;23:40:00;BA;324;517;FEIRA DE SANTANA;Rea��o tardia ou ineficiente do condutor;Sa�da de leito carro��vel;Sem V�timas;Plena Noite;Crescente;Garoa/Chuvisco;Simples;Reta;Sim;2;0;0;0;2;0;0;1;-12,26044969;-38,93236874;SPRF-BA;DEL02-BA;UOP01-DEL02-BA;;;
694821;31/05/2025;s�bado;05:55:00;MG;40;42;PARACATU;Condutor Dormindo;Sa�da de leito carro��vel;Com V�timas Feridas;Pleno dia;Decrescente;C�u Claro;Simples;Interse��o de Vias;Sim;1;0;0;1;0;0;1;1;-17,22187945;-46,86577454;SPRF-MG;DEL14-MG;UOP01-DEL14-MG;;;
694822;31/05/2025;s�bado;06:00:00;PI;343;340,4;TERESINA;Transitar na contram�o;Colis�o com objeto;Sem V�timas;Amanhecer;Crescente;C�u Claro;Dupla;"Reta;Retorno Regulamentado";Sim;1;0;0;0;1;0;0;1;-5,076095;-42,739627;SPRF-PI;DEL01-PI;UOP01-DEL01-PI;;;
694826;31/05/2025;s�bado;05:00:00;GO;153;564,6;MORRINHOS;Condutor Dormindo;Capotamento;Com V�timas Feridas;Amanhecer;Crescente;C�u Claro;Dupla;Reta;N�o;4;0;2;0;2;0;2;1;-17,62642175;-49,17788186;SPRF-GO;DEL03-GO;UOP01-DEL03-GO;;;
694827;31/05/2025;s�bado;06:42:00;ES;101;342,5;GUARAPARI;Velocidade Incompat�vel;Sa�da de leito carro��vel;Sem V�timas;Pleno dia;Crescente;Chuva;Dupla;"Curva;Aclive";N�o;1;0;0;0;1;0;0;1;-20,65842407;-40,58503501;SPRF-ES;DEL03-ES;UOP01-DEL03-ES;;;
694830;31/05/2025;s�bado;01:00:00;SP;101;49;UBATUBA;Ultrapassagem Indevida;Colis�o lateral mesmo sentido;Com V�timas Feridas;Plena Noite;Decrescente;C�u Claro;Simples;Reta;Sim;2;0;1;0;1;0;1;2;-23,44708129;-45,08067775;SPRF-SP;DEL06-SP;UOP01-DEL06-SP;;;
694831;31/05/2025;s�bado;04:30:00;RN;405;159;RAFAEL FERNANDES;Aus�ncia de rea��o do condutor;Colis�o traseira;Com V�timas Fatais;Amanhecer;Crescente;C�u Claro;Simples;Reta;N�o;3;1;0;0;2;0;0;2;-6,18117423;-38,217659;SPRF-RN;DEL04-RN;UOP02-DEL04-RN;;;
694832;31/05/2025;s�bado;07:15:00;PE;101;78;JABOATAO DOS GUARARAPES;Acessar a via sem observar a presen�a dos outros ve�culos;Colis�o lateral mesmo sentido;Com V�timas Feridas;Pleno dia;Decrescente;Nublado;Dupla;Reta;Sim;2;0;1;0;1;0;1;2;-8,1378945;-34,9463585;SPRF-PE;DEL01-PE;UOP01-DEL01-PE;;;
694833;31/05/2025;s�bado;06:40:00;SP;153;347;OURINHOS;Afundamento ou ondula��o no pavimento;Tombamento;Com V�timas Feridas;Amanhecer;Decrescente;Nevoeiro/Neblina;Dupla;Reta;N�o;2;0;1;0;0;1;1;2;-22,99682607;-49,90517791;SPRF-SP;DEL07-SP;UOP03-DEL07-SP;;;
694834;31/05/2025;s�bado;00:20:00;PR;373;173,8;PONTA GROSSA;Aus�ncia de rea��o do condutor;Colis�o com objeto;Sem V�timas;Plena Noite;Crescente;Ignorado;Dupla;Curva;N�o;1;0;0;0;0;1;0;1;-25,076909;-50,208962;SPRF-PR;DEL03-PR;UOP01-DEL03-PR;;;
694835;31/05/2025;s�bado;06:45:00;RJ;356;148,9;CAMPOS DOS GOYTACAZES;Aus�ncia de rea��o do condutor;Sa�da de leito carro��vel;Com V�timas Fatais;Pleno dia;Decrescente;C�u Claro;M�ltipla;Interse��o de Vias;Sim;1;1;0;0;0;0;0;1;-21,776636;-41,287399;SPRF-RJ;DEL08-RJ;UOP02-DEL08-RJ;;;
694836;30/05/2025;sexta-feira;18:20:00;PA;163;406;ITAITUBA;Aus�ncia de rea��o do condutor;Sa�da de leito carro��vel;Sem V�timas;Anoitecer;Decrescente;C�u Claro;Simples;"Reta;Declive";N�o;1;0;0;0;0;1;0;1;-6,2516946;-55,6168264;SPRF-PA;DEL05-PA;UOP03-DEL05-PA;;;
694837;31/05/2025;s�bado;06:11:00;PR;153;346,7;REBOUCAS;Transitar na contram�o;Colis�o frontal;Com V�timas Feridas;Amanhecer;Crescente;Garoa/Chuvisco;Simples;Reta;Sim;2;0;1;1;0;0;2;2;-25,60228928;-50,69143295;SPRF-PR;DEL08-PR;UOP02-DEL08-PR;;;
694839;31/05/2025;s�bado;05:50:00;MG;365;784;ITUIUTABA;Ingest�o de �lcool pelo condutor;Colis�o com objeto;Sem V�timas;Amanhecer;Decrescente;C�u Claro;Simples;Reta;Sim;1;0;0;0;1;0;0;1;-18,936105;-49,789057;SPRF-MG;DEL15-MG;UOP03-DEL15-MG;;;
694840;31/05/2025;s�bado;07:04:00;RJ;40;29;AREAL;Velocidade Incompat�vel;Capotamento;Sem V�timas;Pleno dia;Decrescente;Nublado;Dupla;Curva;Sim;1;0;0;0;1;0;0;1;-22,1907989;-43,1633632;SPRF-RJ;DEL05-RJ;UOP02-DEL05-RJ;;;
694841;31/05/2025;s�bado;07:45:00;GO;153;645;MORRINHOS;Velocidade Incompat�vel;Capotamento;Com V�timas Feridas;Pleno dia;Crescente;C�u Claro;Dupla;Reta;N�o;3;0;3;0;0;0;3;1;-17,92190275;-49,24154878;SPRF-GO;DEL03-GO;UOP01-DEL03-GO;;;
694844;31/05/2025;s�bado;07:20:00;GO;50;307;CATALAO;Velocidade Incompat�vel;Colis�o com objeto;Com V�timas Feridas;Pleno dia;Decrescente;C�u Claro;Dupla;"Aclive;Curva";N�o;1;0;0;1;0;0;1;1;-18,222352;-47,973212;SPRF-GO;DEL06-GO;UOP01-DEL06-GO;;;
694845;31/05/2025;s�bado;08:00:00;PR;277;587,2;CASCAVEL;Condutor deixou de manter dist�ncia do ve�culo da frente;Colis�o traseira;Com V�timas Feridas;Pleno dia;Decrescente;C�u Claro;Simples;"Reta;Aclive";Sim;3;0;1;0;1;1;1;2;-24,97082815;-53,43220113;SPRF-PR;DEL04-PR;UOP01-DEL04-PR;;;
694846;31/05/2025;s�bado;08:05:00;SP;116;285;ITAPECERICA DA SERRA;Rea��o tardia ou ineficiente do condutor;Colis�o lateral mesmo sentido;Com V�timas Feridas;Pleno dia;Decrescente;Nublado;Dupla;Reta;Sim;2;0;1;0;1;0;1;2;-23,68614231;-46,85935557;SPRF-SP;DEL04-SP;UOP01-DEL04-SP;;;
694848;31/05/2025;s�bado;06:35:00;RJ;101;552;PARATY;Condutor Dormindo;Queda de ocupante de ve�culo;Com V�timas Feridas;Amanhecer;Crescente;C�u Claro;Simples;Reta;N�o;1;0;1;0;0;0;1;1;-23,05794937;-44,6796194;SPRF-RJ;DEL03-RJ;UOP04-DEL03-RJ;;;
694849;15/05/2025;quinta-feira;18:00:00;DF;20;21,5;BRASILIA;Aus�ncia de rea��o do condutor;Colis�o traseira;Com V�timas Feridas;Anoitecer;Decrescente;C�u Claro;Dupla;Reta;Sim;2;0;0;1;1;0;1;2;-15,60086994;-47,68091798;SPRF-DF;DEL02-DF;UOP01-DEL02-DF;;;
694850;31/05/2025;s�bado;04:30:00;PE;232;190;SANHARO;Acessar a via sem observar a presen�a dos outros ve�culos;Colis�o transversal;Com V�timas Fatais;Plena Noite;Decrescente;C�u Claro;Simples;Reta;N�o;2;1;0;0;0;1;0;2;-8,356273;-36,518815;SPRF-PE;DEL03-PE;UOP02-DEL03-PE;;;
694851;31/05/2025;s�bado;08:47:00;ES;101;259,4;SERRA;Acesso irregular;Atropelamento de Pedestre;Com V�timas Fatais;Pleno dia;Crescente;C�u Claro;Dupla;Reta;Sim;2;1;0;0;1;0;0;2;-20,0369655;-40,4089556;SPRF-ES;DEL02-ES;UOP01-DEL02-ES;;;
694852;31/05/2025;s�bado;09:15:00;RJ;101;320;NITEROI;Pista Escorregadia;Queda de ocupante de ve�culo;Com V�timas Feridas;Pleno dia;Decrescente;C�u Claro;M�ltipla;Curva;N�o;2;0;1;0;1;0;1;1;-22,86780966;-43,11041203;SPRF-RJ;DEL02-RJ;UOP01-DEL02-RJ;;;
694853;31/05/2025;s�bado;05:20:00;SC;282;613;MARAVILHA;Condutor Dormindo;Sa�da de leito carro��vel;Com V�timas Feridas;Plena Noite;Crescente;Nevoeiro/Neblina;Simples;Curva;N�o;1;0;0;1;0;0;1;1;-26,76887;-53,262744;SPRF-SC;DEL07-SC;UOP02-DEL07-SC;;;
694855;31/05/2025;s�bado;08:35:00;SP;116;109;TAUBATE;Condutor deixou de manter dist�ncia do ve�culo da frente;Colis�o traseira;Com V�timas Feridas;Pleno dia;Decrescente;C�u Claro;Dupla;Reta;Sim;3;0;1;0;2;0;1;2;-23,03013523;-45,54695606;SPRF-SP;DEL02-SP;UOP02-DEL02-SP;;;
694856;31/05/2025;s�bado;08:45:00;BA;242;890;BARREIRAS;Acessar a via sem observar a presen�a dos outros ve�culos;Sa�da de leito carro��vel;Com V�timas Fatais;Pleno dia;Crescente;C�u Claro;Simples;Reta;N�o;5;3;0;1;0;1;1;3;-12,067675;-45,616604;SPRF-BA;DEL10-BA;UOP01-DEL10-BA;;;
694857;31/05/2025;s�bado;06:30:00;GO;364;279,4;MINEIROS;Velocidade Incompat�vel;Sa�da de leito carro��vel;Com V�timas Feridas;Amanhecer;Crescente;Nevoeiro/Neblina;Simples;"Reta;Ponte;Declive";N�o;2;0;1;0;1;0;1;1;-17,628568;-52,382822;SPRF-GO;DEL05-GO;UOP01-DEL05-GO;;;
694858;31/05/2025;s�bado;07:25:00;RS;290;577;ALEGRETE;Acessar a via sem observar a presen�a dos outros ve�culos;Colis�o lateral mesmo sentido;Com V�timas Feridas;Pleno dia;Decrescente;C�u Claro;Simples;"Reta;Rotat�ria";Sim;2;0;1;0;1;0;1;2;-29,812166;-55,750551;SPRF-RS;DEL13-RS;UOP02-DEL13-RS;;;
694860;31/05/2025;s�bado;08:10:00;MG;381;403,8;NOVA UNIAO;Acessar a via sem observar a presen�a dos outros ve�culos;Colis�o transversal;Com V�timas Feridas;Pleno dia;Decrescente;Sol;Dupla;Reta;N�o;2;0;1;0;1;0;1;2;-19,73901609;-43,55744362;SPRF-MG;DEL01-MG;UOP01-DEL01-MG;;;
694861;31/05/2025;s�bado;09:00:00;SC;282;582,1;PINHALZINHO;Pista Escorregadia;Tombamento;Com V�timas Feridas;Pleno dia;Decrescente;C�u Claro;Simples;"Interse��o de Vias;Rotat�ria";Sim;2;0;1;0;1;0;1;1;-26,82640527;-53,00463145;SPRF-SC;DEL07-SC;UOP02-DEL07-SC;;;
694862;31/05/2025;s�bado;09:40:00;GO;60;97;ANAPOLIS;Rea��o tardia ou ineficiente do condutor;Colis�o traseira;Com V�timas Feridas;Pleno dia;Crescente;C�u Claro;Dupla;Reta;N�o;2;0;1;0;1;0;1;2;-16,36884171;-48,9399085;SPRF-GO;DEL02-GO;UOP01-DEL02-GO;;;
694863;31/05/2025;s�bado;09:50:00;SC;101;347,6;JAGUARUNA;Demais falhas mec�nicas ou el�tricas;Tombamento;Com V�timas Feridas;Pleno dia;Decrescente;C�u Claro;Dupla;Reta;Sim;1;0;1;0;0;0;1;1;-28,581352;-49,050933;SPRF-SC;DEL02-SC;UOP01-DEL02-SC;;;
694864;31/05/2025;s�bado;08:10:00;SC;101;1;BIGUACU;Demais falhas mec�nicas ou el�tricas;Tombamento;Com V�timas Feridas;Pleno dia;Crescente;Sol;Dupla;Reta;N�o;1;0;1;0;0;0;1;1;-27,35695702;-48,64080252;SPRF-SC;DEL01-SC;UOP01-DEL01-SC;;;
694865;31/05/2025;s�bado;09:40:00;RS;290;326,6;CACAPAVA DO SUL;Convers�o proibida;Colis�o transversal;Com V�timas Feridas;Pleno dia;Decrescente;C�u Claro;Simples;"Reta;Declive";N�o;2;0;1;0;1;0;1;2;-30,36085152;-53,46067136;SPRF-RS;DEL09-RS;UOP02-DEL09-RS;;;
694866;31/05/2025;s�bado;09:00:00;PI;343;334;TERESINA;Acessar a via sem observar a presen�a dos outros ve�culos;Colis�o transversal;Com V�timas Feridas;Pleno dia;Decrescente;C�u Claro;Dupla;Reta;N�o;3;0;1;0;2;0;1;2;-5,060285;-42,6937;SPRF-PI;DEL01-PI;UOP01-DEL01-PI;;;
694867;31/05/2025;s�bado;10:12:00;TO;153;671;GURUPI;Acessar a via sem observar a presen�a dos outros ve�culos;Colis�o transversal;Com V�timas Feridas;Pleno dia;Crescente;C�u Claro;Simples;"Reta;Interse��o de Vias";Sim;1;0;1;0;0;0;1;1;-11,71914156;-49,07730103;SPRF-TO;DEL01-TO;UOP02-DEL01-TO;;;
694868;31/05/2025;s�bado;10:10:00;GO;40;6;VALPARAISO DE GOIAS;Manobra de mudan�a de faixa;Colis�o traseira;Com V�timas Feridas;Pleno dia;Decrescente;C�u Claro;Dupla;Reta;Sim;2;0;1;0;1;0;1;2;-16,109473;-47,971478;SPRF-DF;DEL01-DF;UOP01-DEL01-DF;;;
694869;31/05/2025;s�bado;06:10:00;ES;101;280;SERRA;Manobra de mudan�a de faixa;Colis�o com objeto;Sem V�timas;Pleno dia;Crescente;C�u Claro;Simples;Reta;N�o;1;0;0;0;0;1;0;1;-20,2214658;-40,3580904;SPRF-ES;DEL02-ES;UOP01-DEL02-ES;;;
694870;31/05/2025;s�bado;09:00:00;BA;116;709,6;JEQUIE;Rea��o tardia ou ineficiente do condutor;Colis�o lateral mesmo sentido;Com V�timas Feridas;Pleno dia;Decrescente;Sol;Simples;Retorno Regulamentado;Sim;2;0;0;1;1;0;1;2;-13,840868;-40,09103472;SPRF-BA;DEL03-BA;UOP01-DEL03-BA;;;
694871;31/05/2025;s�bado;11:10:00;CE;116;6;FORTALEZA;Aus�ncia de rea��o do condutor;Queda de ocupante de ve�culo;Com V�timas Feridas;Pleno dia;Decrescente;Nublado;M�ltipla;Reta;Sim;2;0;2;0;0;0;2;1;-3,802223;-38,50376;SPRF-CE;DEL01-CE;UOP02-DEL01-CE;;;
694873;31/05/2025;s�bado;10:20:00;BA;101;508;ITABUNA;Velocidade Incompat�vel;Colis�o transversal;Com V�timas Feridas;Pleno dia;Crescente;C�u Claro;Simples;Reta;N�o;3;0;1;0;2;0;1;2;-14,81934;-39,2942;SPRF-BA;DEL05-BA;UOP01-DEL05-BA;;;
694875;31/05/2025;s�bado;10:10:00;MG;40;671,5;CARANDAI;Convers�o proibida;Colis�o transversal;Com V�timas Feridas;Pleno dia;Crescente;C�u Claro;Simples;"Reta;Aclive";N�o;3;0;1;2;0;0;3;2;-20,9858551;-43,7813439;SPRF-MG;DEL05-MG;UOP02-DEL05-MG;;;
694876;31/05/2025;s�bado;11:15:00;SC;282;3;FLORIANOPOLIS;Rea��o tardia ou ineficiente do condutor;Colis�o traseira;Com V�timas Feridas;Pleno dia;Decrescente;C�u Claro;M�ltipla;"Reta;Aclive";N�o;3;0;2;0;1;0;2;2;-27,60131113;-48,57795803;SPRF-SC;DEL01-SC;UOP01-DEL01-SC;;;
694878;31/05/2025;s�bado;09:20:00;PA;230;142;MARABA;Avarias e/ou desgaste excessivo no pneu;Capotamento;Com V�timas Feridas;Pleno dia;Decrescente;C�u Claro;Simples;Reta;N�o;4;0;4;0;0;0;4;1;-5,298143;-49,279455;SPRF-PA;DEL03-PA;UOP01-DEL03-PA;;;
694879;31/05/2025;s�bado;12:00:00;RJ;116;178;SAO JOAO DE MERITI;Manobra de mudan�a de faixa;Queda de ocupante de ve�culo;Com V�timas Feridas;Pleno dia;Decrescente;C�u Claro;Dupla;Reta;Sim;3;0;1;0;1;1;1;2;-22,79644921;-43,36066604;SPRF-RJ;DEL06-RJ;UOP01-DEL06-RJ;;;
694880;31/05/2025;s�bado;09:50:00;RJ;101;313;SAO GONCALO;Mal s�bito do condutor;Colis�o traseira;Com V�timas Feridas;Pleno dia;Crescente;C�u Claro;Dupla;Reta;Sim;4;0;0;1;3;0;1;3;-22,81145269;-43,07163119;SPRF-RJ;DEL02-RJ;UOP02-DEL02-RJ;;;
694881;31/05/2025;s�bado;10:00:00;PR;163;9;BARRACAO;Acessar a via sem observar a presen�a dos outros ve�culos;Colis�o lateral mesmo sentido;Com V�timas Feridas;Pleno dia;Crescente;C�u Claro;Simples;Reta;Sim;2;0;1;0;1;0;1;2;-26,254568;-53,633334;SPRF-PR;DEL02-PR;UOP02-DEL02-PR;;;
694884;31/05/2025;s�bado;12:00:00;SP;116;334;JUQUITIBA;Acesso irregular;Colis�o com objeto;Sem V�timas;Pleno dia;Crescente;C�u Claro;Dupla;Reta;Sim;1;0;0;0;1;0;0;1;-23,97259233;-47,13564992;SPRF-SP;DEL04-SP;UOP03-DEL04-SP;;;
694885;31/05/2025;s�bado;12:25:00;MG;40;525;CONTAGEM;Trafegar com motocicleta (ou similar) entre as faixas;Colis�o traseira;Com V�timas Feridas;Pleno dia;Decrescente;C�u Claro;Dupla;Reta;Sim;2;0;0;1;1;0;1;2;-19,89189189;-44,05171219;SPRF-MG;DEL01-MG;UOP02-DEL01-MG;;;
694888;31/05/2025;s�bado;13:00:00;PR;116;93;SAO JOSE DOS PINHAIS;Aus�ncia de rea��o do condutor;Tombamento;Com V�timas Feridas;Pleno dia;Crescente;C�u Claro;Dupla;Reta;N�o;1;0;0;1;0;0;1;1;-25,516102;-49,131437;SPRF-PR;DEL01-PR;UOP07-DEL01-PR;;;
694889;31/05/2025;s�bado;12:13:00;PE;428;11;CABROBO;Aus�ncia de rea��o do condutor;Colis�o lateral sentido oposto;Com V�timas Feridas;Pleno dia;Decrescente;C�u Claro;Simples;"Reta;Aclive";Sim;6;0;0;1;5;0;1;3;-8,50644;-39,315986;SPRF-PE;DEL05-PE;UOP03-DEL05-PE;;;
694890;31/05/2025;s�bado;12:50:00;MG;381;490;BETIM;Demais falhas mec�nicas ou el�tricas;Colis�o lateral mesmo sentido;Com V�timas Feridas;Pleno dia;Decrescente;C�u Claro;M�ltipla;"Reta;Declive";Sim;5;0;2;1;2;0;3;3;-19,956676;-44,139039;SPRF-MG;DEL01-MG;UOP03-DEL01-MG;;;
694891;31/05/2025;s�bado;12:55:00;ES;101;289,8;CARIACICA;Velocidade Incompat�vel;Sa�da de leito carro��vel;Com V�timas Feridas;Pleno dia;Decrescente;Nublado;Simples;"Reta;Declive";N�o;2;0;2;0;0;0;2;1;-20,28480583;-40,39270369;SPRF-ES;DEL01-ES;UOP01-DEL01-ES;;;
694892;31/05/2025;s�bado;08:00:00;PA;308;200;BRAGANCA;Aus�ncia de rea��o do condutor;Colis�o traseira;Com V�timas Feridas;Pleno dia;Decrescente;C�u Claro;Simples;Reta;Sim;5;0;0;1;4;0;1;2;-1,06379881;-46,80024505;SPRF-PA;DEL01-PA;UOP03-DEL01-PA;;;
694894;31/05/2025;s�bado;11:30:00;RS;285;208;LAGOA VERMELHA;Desrespeitar a prefer�ncia no cruzamento;Colis�o transversal;Com V�timas Feridas;Pleno dia;Decrescente;C�u Claro;Simples;"Interse��o de Vias;Rotat�ria";N�o;4;0;1;0;3;0;1;2;-28,22409113;-51,61075322;SPRF-RS;DEL08-RS;UOP05-DEL08-RS;;;
694897;31/05/2025;s�bado;12:25:00;RO;364;517,2;ARIQUEMES;Manobra de mudan�a de faixa;Colis�o transversal;Com V�timas Feridas;Pleno dia;Decrescente;C�u Claro;Simples;Rotat�ria;Sim;2;0;1;0;1;0;1;2;-9,904861;-63,056282;SPRF-RO;DEL03-RO;UOP01-DEL03-RO;;;
694898;31/05/2025;s�bado;13:30:00;MG;381;481,1;CONTAGEM;Aus�ncia de rea��o do condutor;Tombamento;Com V�timas Feridas;Pleno dia;Decrescente;C�u Claro;Dupla;Reta;Sim;1;0;1;0;0;0;1;1;-19,95887247;-44,06190725;SPRF-MG;DEL01-MG;UOP03-DEL01-MG;;;
694899;31/05/2025;s�bado;13:40:00;RJ;116;173;SAO JOAO DE MERITI;Aus�ncia de rea��o do condutor;Queda de ocupante de ve�culo;Com V�timas Feridas;Pleno dia;Crescente;C�u Claro;Dupla;Reta;Sim;1;0;1;0;0;0;1;1;-22,79538;-43,36205;SPRF-RJ;DEL06-RJ;UOP01-DEL06-RJ;;;
694901;31/05/2025;s�bado;11:00:00;SC;101;123;ITAJAI;Condutor deixou de manter dist�ncia do ve�culo da frente;Colis�o traseira;Com V�timas Feridas;Pleno dia;Crescente;C�u Claro;Dupla;Reta;N�o;3;0;1;0;2;0;1;2;-26,95427729;-48,6796803;SPRF-SC;DEL04-SC;UOP04-DEL04-SC;;;
694903;31/05/2025;s�bado;07:50:00;RJ;101;305;SAO GONCALO;Rea��o tardia ou ineficiente do condutor;Colis�o traseira;Com V�timas Feridas;Pleno dia;Crescente;C�u Claro;Dupla;Reta;Sim;1;0;1;0;0;0;1;1;-22,7875769;-42,99937248;SPRF-RJ;DEL02-RJ;UOP02-DEL02-RJ;;;
694904;31/05/2025;s�bado;08:08:00;PI;135;272;ALVORADA DO GURGUEIA;Transitar na contram�o;Colis�o frontal;Com V�timas Fatais;Pleno dia;Decrescente;C�u Claro;Simples;"Aclive;Reta";N�o;5;2;2;1;0;0;3;2;-8,539696;-43,939166;SPRF-PI;DEL03-PI;UOP02-DEL03-PI;;;
694905;31/05/2025;s�bado;02:00:00;MA;402;2;BACABEIRA;Rea��o tardia ou ineficiente do condutor;Sa�da de leito carro��vel;Com V�timas Fatais;Plena Noite;Decrescente;C�u Claro;Simples;"Reta;Ponte";N�o;1;1;0;0;0;0;0;1;-2,958507;-44,299773;SPRF-MA;DEL01-MA;UOP01-DEL01-MA;;;
694906;31/05/2025;s�bado;11:10:00;MG;116;496;INHAPIM;Ultrapassagem Indevida;Colis�o frontal;Com V�timas Feridas;Pleno dia;Decrescente;C�u Claro;Simples;Curva;N�o;2;0;0;1;1;0;1;2;-19,533863;-42,125987;SPRF-MG;DEL06-MG;UOP02-DEL06-MG;;;
694909;28/03/2025;sexta-feira;19:47:00;SP;116;219;GUARULHOS;Rea��o tardia ou ineficiente do condutor;Colis�o traseira;Com V�timas Feridas;Plena Noite;Crescente;C�u Claro;M�ltipla;"Em Obras;Reta";Sim;3;0;0;1;1;1;1;3;-23,4636704;-46,4958005;SPRF-SP;DEL01-SP;UOP01-DEL01-SP;;;