id;data_inversa;dia_semana;horario;uf;br;km;municipio;causa_acidente;tipo_acidente;classificacao_acidente;fase_dia;sentido_via;condicao_metereologica;tipo_pista;tracado_via;uso_solo;pessoas;mortos;feridos_leves;feridos_graves;ilesos;ignorados;feridos;veiculos;latitude;longitude;regional;delegacia;uop;;;
694911;31/05/2025;s�bado;13:10:00;GO;153;439;ANAPOLIS;Mal s�bito do condutor;Colis�o com objeto;Com V�timas Feridas;Pleno dia;Crescente;Sol;Dupla;"Reta;Aclive";Sim;1;0;0;1;0;0;1;1;-16,32170452;-48,92201185;SPRF-GO;DEL02-GO;UOP01-DEL02-GO;;;
694912;31/05/2025;s�bado;08:00:00;PE;116;65,7;CABROBO;Ingest�o de �lcool pelo condutor;Sa�da de leito carro��vel;Sem V�timas;Pleno dia;Crescente;Nublado;Simples;Reta;N�o;1;0;0;0;0;1;0;1;-8,408418;-39,168197;SPRF-PE;DEL05-PE;UOP03-DEL05-PE;;;
694913;31/05/2025;s�bado;13:30:00;MT;163;119;RONDONOPOLIS;Aus�ncia de rea��o do condutor;Colis�o traseira;Com V�timas Feridas;Pleno dia;Crescente;C�u Claro;Dupla;Reta;Sim;1;0;0;1;0;0;1;1;-16,49370293;-54,64705825;SPRF-MT;DEL02-MT;UOP01-DEL02-MT;;;
694914;31/05/2025;s�bado;14:40:00;SP;381;58;MAIRIPORA;Rea��o tardia ou ineficiente do condutor;Queda de ocupante de ve�culo;Com V�timas Feridas;Pleno dia;Crescente;C�u Claro;Dupla;"Reta;Declive";N�o;1;0;1;0;0;0;1;1;-23,288889;-46,58798;SPRF-SP;DEL03-SP;UOP01-DEL03-SP;;;
694916;31/05/2025;s�bado;13:30:00;AL;104;90,1;RIO LARGO;Aus�ncia de rea��o do condutor;Colis�o traseira;Com V�timas Fatais;Pleno dia;Decrescente;C�u Claro;Dupla;Reta;Sim;6;1;1;0;2;2;1;4;-9,4339072;-35,8383616;SPRF-AL;DEL01-AL;UOP01-DEL01-AL;;;
694917;31/05/2025;s�bado;15:21:00;PB;230;21,6;JOAO PESSOA;Demais falhas mec�nicas ou el�tricas;Tombamento;Com V�timas Feridas;Pleno dia;Decrescente;C�u Claro;Dupla;Reta;Sim;2;0;1;1;0;0;2;1;-7,149148;-34,851197;SPRF-PB;DEL01-PB;UOP01-DEL01-PB;;;
694920;31/05/2025;s�bado;15:30:00;ES;101;333;GUARAPARI;Avarias e/ou desgaste excessivo no pneu;Queda de ocupante de ve�culo;Com V�timas Feridas;Pleno dia;Crescente;Nublado;Dupla;Reta;N�o;2;0;2;0;0;0;2;1;-20,6149111;-40,5152516;SPRF-ES;DEL03-ES;UOP01-DEL03-ES;;;
694921;31/05/2025;s�bado;14:00:00;PB;230;349;PATOS;Aus�ncia de rea��o do condutor;Sa�da de leito carro��vel;Com V�timas Feridas;Pleno dia;Decrescente;C�u Claro;Simples;Reta;N�o;5;0;4;1;0;0;5;1;-6,952856;-37,379955;SPRF-PB;DEL03-PB;UOP01-DEL03-PB;;;
694922;31/05/2025;s�bado;14:30:00;BA;101;736,8;ITABELA;Ingest�o de �lcool pelo condutor;Sa�da de leito carro��vel;Com V�timas Feridas;Pleno dia;Decrescente;Nublado;Simples;Reta;N�o;1;0;1;0;0;0;1;1;-16,515598;-39,574347;SPRF-BA;DEL09-BA;UOP01-DEL09-BA;;;
694924;31/05/2025;s�bado;16:00:00;SC;101;62,2;ARAQUARI;Rea��o tardia ou ineficiente do condutor;Colis�o lateral mesmo sentido;Com V�timas Feridas;Pleno dia;Crescente;C�u Claro;Dupla;Viaduto;N�o;3;0;1;0;2;0;1;2;-26,45532076;-48,7650919;SPRF-SC;DEL03-SC;UOP02-DEL03-SC;;;
694925;31/05/2025;s�bado;16:35:00;SP;116;223;GUARULHOS;Manobra de mudan�a de faixa;Colis�o lateral mesmo sentido;Com V�timas Feridas;Pleno dia;Crescente;C�u Claro;M�ltipla;Reta;Sim;2;0;1;0;1;0;1;2;-23,48100236;-46,53402971;SPRF-SP;DEL01-SP;UOP01-DEL01-SP;;;
694926;31/05/2025;s�bado;17:00:00;DF;40;3;BRASILIA;Trafegar com motocicleta (ou similar) entre as faixas;Colis�o lateral mesmo sentido;Com V�timas Feridas;Pleno dia;Decrescente;C�u Claro;Dupla;Reta;Sim;2;0;1;0;1;0;1;2;-16,006488;-47,983268;SPRF-DF;DEL01-DF;UOP01-DEL01-DF;;;
694927;31/05/2025;s�bado;15:50:00;SC;280;46;GUARAMIRIM;Falta de elemento de conten��o que evite a sa�da do leito carro��vel;Sa�da de leito carro��vel;Com V�timas Feridas;Pleno dia;Decrescente;C�u Claro;Dupla;"Reta;Em Obras";N�o;1;0;1;0;0;0;1;1;-26,47527382;-48,98868251;SPRF-SC;DEL03-SC;UOP03-DEL03-SC;;;
694928;31/05/2025;s�bado;16:00:00;MG;381;801,9;SAO GONCALO DO SAPUCAI;Condutor deixou de manter dist�ncia do ve�culo da frente;Colis�o traseira;Com V�timas Feridas;Pleno dia;Decrescente;Sol;Dupla;Reta;N�o;6;0;3;0;3;0;3;2;-21,94463778;-45,61952591;SPRF-MG;DEL16-MG;UOP02-DEL16-MG;;;
694930;31/05/2025;s�bado;16:30:00;PE;101;42;IGARASSU;Manobra de mudan�a de faixa;Sa�da de leito carro��vel;Com V�timas Feridas;Pleno dia;Crescente;C�u Claro;M�ltipla;"Reta;Aclive";Sim;2;0;2;0;0;0;2;1;-7,845881;-34,910595;SPRF-PE;DEL01-PE;UOP02-DEL01-PE;;;
694931;31/05/2025;s�bado;14:30:00;RJ;40;118;DUQUE DE CAXIAS;Manobra de mudan�a de faixa;Colis�o traseira;Com V�timas Feridas;Pleno dia;Crescente;C�u Claro;Dupla;Reta;Sim;3;0;2;0;1;0;2;2;-22,6689024;-43,2799744;SPRF-RJ;DEL01-RJ;UOP02-DEL01-RJ;;;
694932;31/05/2025;s�bado;17:10:00;DF;70;15;BRASILIA;Ingest�o de �lcool pelo condutor;Colis�o traseira;Sem V�timas;Pleno dia;Decrescente;C�u Claro;Dupla;Rotat�ria;Sim;4;0;0;0;4;0;0;2;-15,79628199;-48,19541037;SPRF-DF;DEL03-DF;UOP02-DEL03-DF;;;
694933;31/05/2025;s�bado;16:10:00;GO;70;2;AGUAS LINDAS DE GOIAS;Acessar a via sem observar a presen�a dos outros ve�culos;Colis�o transversal;Com V�timas Fatais;Pleno dia;Crescente;C�u Claro;Dupla;"Reta;Retorno Regulamentado";Sim;2;1;0;0;1;0;0;2;-15,76139144;-48,23981059;SPRF-DF;DEL03-DF;UOP02-DEL03-DF;;;
694934;31/05/2025;s�bado;16:40:00;BA;324;514;FEIRA DE SANTANA;Aus�ncia de rea��o do condutor;Colis�o traseira;Com V�timas Feridas;Pleno dia;Decrescente;C�u Claro;Simples;Reta;Sim;2;0;1;1;0;0;2;2;-12,2363084;-38,9430027;SPRF-BA;DEL02-BA;UOP01-DEL02-BA;;;
694935;31/05/2025;s�bado;16:40:00;SC;101;291,3;IMBITUBA;Ingest�o de �lcool pelo condutor;Sa�da de leito carro��vel;Sem V�timas;Pleno dia;Crescente;C�u Claro;M�ltipla;Reta;N�o;1;0;0;0;0;1;0;1;-28,2913013;-48,70964376;SPRF-SC;DEL02-SC;UOP03-DEL02-SC;;;
694936;31/05/2025;s�bado;16:30:00;PR;376;202;MANDAGUARI;Ingest�o de �lcool pelo condutor;Colis�o traseira;Com V�timas Feridas;Pleno dia;Decrescente;C�u Claro;Dupla;Reta;N�o;4;0;1;0;1;2;1;3;-23,50784;-51,72827;SPRF-PR;DEL09-PR;UOP01-DEL09-PR;;;
694937;31/05/2025;s�bado;15:20:00;RJ;40;54;PETROPOLIS;Acumulo de �leo sobre o pavimento;Queda de ocupante de ve�culo;Com V�timas Fatais;Pleno dia;Crescente;Nublado;Dupla;"Aclive;Curva";N�o;2;1;0;0;1;0;0;1;-22,35261604;-43,12129498;SPRF-RJ;DEL05-RJ;UOP02-DEL05-RJ;;;
694938;31/05/2025;s�bado;17:30:00;RJ;116;183;NOVA IGUACU;Demais falhas mec�nicas ou el�tricas;Queda de ocupante de ve�culo;Com V�timas Feridas;Anoitecer;Crescente;C�u Claro;Dupla;Reta;Sim;2;0;1;0;1;0;1;2;-22,73816031;-43,49300623;SPRF-RJ;DEL06-RJ;UOP01-DEL06-RJ;;;
694939;31/05/2025;s�bado;16:45:00;RS;472;182,9;SANTO CRISTO;Ingest�o de �lcool pelo condutor;Sa�da de leito carro��vel;Com V�timas Feridas;Pleno dia;Crescente;C�u Claro;Simples;Reta;N�o;3;0;3;0;0;0;3;1;-27,839094;-54,588473;SPRF-RS;DEL10-RS;UOP01-DEL10-RS;;;
694940;31/05/2025;s�bado;14:15:00;SC;101;401;MARACAJA;Rea��o tardia ou ineficiente do condutor;Sa�da de leito carro��vel;Com V�timas Feridas;Pleno dia;Crescente;C�u Claro;M�ltipla;Reta;Sim;2;0;1;1;0;0;2;1;-28,8740515;-49,45456445;SPRF-SC;DEL02-SC;UOP02-DEL02-SC;;;
694941;31/05/2025;s�bado;16:59:00;GO;40;24;LUZIANIA;Acessar a via sem observar a presen�a dos outros ve�culos;Colis�o transversal;Com V�timas Feridas;Anoitecer;Decrescente;C�u Claro;Dupla;"Retorno Regulamentado;Reta";Sim;2;0;1;0;1;0;1;2;-16,24471779;-47,90672986;SPRF-DF;DEL01-DF;UOP01-DEL01-DF;;;
694942;31/05/2025;s�bado;15:20:00;PE;232;426,4;SERRA TALHADA;Condutor deixou de manter dist�ncia do ve�culo da frente;Colis�o traseira;Sem V�timas;Pleno dia;Decrescente;C�u Claro;Simples;Reta;N�o;3;0;0;0;3;0;0;2;-8,0030078;-38,44148342;SPRF-PE;DEL04-PE;UOP01-DEL04-PE;;;
694944;31/05/2025;s�bado;17:45:00;RN;406;168;SAO GONCALO DO AMARANTE;Acessar a via sem observar a presen�a dos outros ve�culos;Atropelamento de Pedestre;Com V�timas Feridas;Plena Noite;Decrescente;C�u Claro;Dupla;"Reta;Aclive";Sim;2;0;0;1;1;0;1;2;-5,756442;-35,305005;SPRF-RN;DEL02-RN;UOP01-DEL02-RN;;;
694945;31/05/2025;s�bado;17:15:00;MG;262;47,9;MANHUACU;Velocidade Incompat�vel;Tombamento;Com V�timas Feridas;Anoitecer;Crescente;C�u Claro;Simples;"Curva;Aclive";N�o;3;0;0;1;2;0;1;2;-20,252263;-42,124808;SPRF-MG;DEL06-MG;UOP03-DEL06-MG;;;
694946;31/05/2025;s�bado;17:50:00;RS;116;230,8;IVOTI;Acessar a via sem observar a presen�a dos outros ve�culos;Colis�o transversal;Com V�timas Feridas;Anoitecer;Crescente;C�u Claro;Simples;Rotat�ria;Sim;6;0;1;0;5;0;1;2;-29,6247974;-51,13563744;SPRF-RS;DEL01-RS;UOP02-DEL01-RS;;;
694947;31/05/2025;s�bado;18:13:00;TO;230;1,8;AGUIARNOPOLIS;Velocidade Incompat�vel;Colis�o lateral mesmo sentido;Com V�timas Feridas;Anoitecer;Crescente;C�u Claro;Simples;"Reta;Interse��o de Vias";Sim;2;0;0;1;0;1;1;2;-6,56247148;-47,47275917;SPRF-TO;DEL02-TO;UOP03-DEL02-TO;;;
694948;31/05/2025;s�bado;17:50:00;GO;40;2;VALPARAISO DE GOIAS;Rea��o tardia ou ineficiente do condutor;Sa�da de leito carro��vel;Com V�timas Feridas;Anoitecer;Decrescente;C�u Claro;Dupla;Reta;Sim;2;0;2;0;0;0;2;1;-16,074963;-47,98587;SPRF-DF;DEL01-DF;UOP01-DEL01-DF;;;
694949;31/05/2025;s�bado;18:05:00;PR;116;173;QUITANDINHA;Acesso irregular;Colis�o transversal;Com V�timas Feridas;Plena Noite;Decrescente;Nublado;Simples;Reta;N�o;3;0;2;0;1;0;2;2;-25,897631;-49,553552;SPRF-PR;DEL01-PR;UOP03-DEL01-PR;;;
694950;31/05/2025;s�bado;18:00:00;MG;116;716,5;MURIAE;Ultrapassagem Indevida;Tombamento;Com V�timas Feridas;Plena Noite;Crescente;Nublado;Simples;"Aclive;Curva";N�o;1;0;1;0;0;0;1;1;-21,220007;-42,393888;SPRF-MG;DEL07-MG;UOP02-DEL07-MG;;;
694951;31/05/2025;s�bado;17:50:00;RS;116;234;NOVO HAMBURGO;Rea��o tardia ou ineficiente do condutor;Colis�o traseira;Com V�timas Feridas;Plena Noite;Decrescente;C�u Claro;Dupla;Reta;Sim;2;0;1;0;1;0;1;2;-29,65859782;-51,14396928;SPRF-RS;DEL01-RS;UOP02-DEL01-RS;;;
694952;31/05/2025;s�bado;18:30:00;SP;116;182;SANTA ISABEL;Demais falhas mec�nicas ou el�tricas;Queda de ocupante de ve�culo;Com V�timas Feridas;Plena Noite;Decrescente;Ignorado;Dupla;Reta;N�o;2;0;1;0;1;0;1;2;-23,34563788;-46,16300273;SPRF-SP;DEL01-SP;UOP01-DEL01-SP;;;
694953;31/05/2025;s�bado;18:30:00;PR;369;133;IBIPORA;Objeto est�tico sobre o leito carro��vel;Colis�o com objeto;Com V�timas Feridas;Plena Noite;Crescente;C�u Claro;Simples;"Reta;Aclive";N�o;1;0;1;0;0;0;1;1;-23,262;-51,028;SPRF-PR;DEL07-PR;UOP01-DEL07-PR;;;
694954;31/05/2025;s�bado;11:00:00;PR;376;512,1;PONTA GROSSA;Condutor Dormindo;Sa�da de leito carro��vel;Com V�timas Feridas;Pleno dia;Crescente;Nublado;Dupla;Reta;N�o;2;0;2;0;0;0;2;1;-25,23014;-50,04489;SPRF-PR;DEL03-PR;UOP04-DEL03-PR;;;
694955;31/05/2025;s�bado;19:00:00;MG;40;649,7;CRISTIANO OTONI;Transitar na contram�o;Colis�o frontal;Com V�timas Feridas;Plena Noite;Decrescente;C�u Claro;Simples;"Reta;Aclive";Sim;2;0;0;1;1;0;1;2;-20,82728776;-43,80839109;SPRF-MG;DEL05-MG;UOP02-DEL05-MG;;;
694957;31/05/2025;s�bado;16:25:00;MG;146;478,2;POCOS DE CALDAS;Acumulo de �leo sobre o pavimento;Capotamento;Com V�timas Feridas;Pleno dia;Crescente;C�u Claro;Simples;Curva;N�o;8;0;3;0;5;0;3;3;-21,77286;-46,422193;SPRF-MG;DEL09-MG;UOP01-DEL09-MG;;;
694959;31/05/2025;s�bado;17:20:00;PR;163;146;SANTA LUCIA;Mal s�bito do condutor;Sa�da de leito carro��vel;Com V�timas Feridas;Pleno dia;Crescente;C�u Claro;Dupla;"Reta;Aclive";N�o;2;0;1;0;1;0;1;1;-25,42557991;-53,575574;SPRF-PR;DEL05-PR;UOP05-DEL05-PR;;;
694960;31/05/2025;s�bado;18:15:00;MG;50;36;ARAGUARI;Ingest�o de �lcool pelo condutor;Colis�o com objeto;Sem V�timas;Plena Noite;Crescente;C�u Claro;Dupla;Retorno Regulamentado;Sim;1;0;0;0;1;0;0;1;-18,65495691;-48,14857006;SPRF-MG;DEL15-MG;UOP02-DEL15-MG;;;
694962;31/05/2025;s�bado;17:30:00;RO;364;692;CANDEIAS DO JAMARI;Velocidade Incompat�vel;Colis�o traseira;Com V�timas Feridas;Pleno dia;Crescente;C�u Claro;M�ltipla;Reta;Sim;2;0;1;0;1;0;1;2;-8,79754109;-63,70055286;SPRF-RO;DEL01-RO;UOP01-DEL01-RO;;;
694963;26/05/2025;segunda-feira;09:56:00;PE;407;126;PETROLINA;Transitar na contram�o;Queda de ocupante de ve�culo;Com V�timas Feridas;Pleno dia;Decrescente;Nublado;Dupla;"Interse��o de Vias;Em Obras";Sim;2;0;1;0;0;1;1;2;-9,3891488;-40,52384603;SPRF-PE;DEL06-PE;UOP01-DEL06-PE;;;
694966;31/05/2025;s�bado;19:13:00;PR;376;631,6;SAO JOSE DOS PINHAIS;Pedestre cruzava a pista fora da faixa;Atropelamento de Pedestre;Com V�timas Feridas;Plena Noite;Decrescente;Nublado;Dupla;Reta;Sim;4;0;1;0;3;0;1;2;-25,71587;-49,138362;SPRF-PR;DEL01-PR;UOP04-DEL01-PR;;;
694967;31/05/2025;s�bado;17:44:00;ES;101;372,5;ICONHA;Acessar a via sem observar a presen�a dos outros ve�culos;Colis�o transversal;Com V�timas Feridas;Anoitecer;Crescente;Nublado;Dupla;Reta;N�o;4;0;1;0;3;0;1;2;-20,774527;-40,777779;SPRF-ES;DEL03-ES;UOP01-DEL03-ES;;;
694969;31/05/2025;s�bado;19:20:00;PR;376;182;SARANDI;Ingest�o de �lcool pelo condutor;Colis�o com objeto;Sem V�timas;Plena Noite;Decrescente;C�u Claro;Dupla;Reta;Sim;1;0;0;0;1;0;0;1;-23,4351;-51,88048;SPRF-PR;DEL09-PR;UOP01-DEL09-PR;;;
694970;31/05/2025;s�bado;19:30:00;PR;277;7;PARANAGUA;Rea��o tardia ou ineficiente do condutor;Colis�o lateral mesmo sentido;Com V�timas Feridas;Plena Noite;Decrescente;C�u Claro;Dupla;Reta;N�o;4;0;4;0;0;0;4;3;-25,56152414;-48,58537165;SPRF-PR;DEL01-PR;UOP05-DEL01-PR;;;
694971;31/05/2025;s�bado;18:00:00;PB;230;2;CABEDELO;Transitar na contram�o;Colis�o frontal;Sem V�timas;Plena Noite;Decrescente;C�u Claro;Simples;Reta;Sim;2;0;0;0;2;0;0;2;-6,98369129;-34,82933164;SPRF-PB;DEL01-PB;UOP01-DEL01-PB;;;
694972;31/05/2025;s�bado;19:30:00;BA;324;543;AMELIA RODRIGUES;Aus�ncia de rea��o do condutor;Queda de ocupante de ve�culo;Com V�timas Feridas;Plena Noite;Decrescente;C�u Claro;Dupla;Reta;Sim;1;0;0;1;0;0;1;1;-12,41534072;-38,75124073;SPRF-BA;DEL01-BA;UOP03-DEL01-BA;;;
694975;31/05/2025;s�bado;17:40:00;RJ;493;0;ITABORAI;Acessar a via sem observar a presen�a dos outros ve�culos;Colis�o frontal;Com V�timas Feridas;Plena Noite;Crescente;C�u Claro;Simples;Reta;Sim;3;0;2;0;1;0;2;2;-22,76744199;-42,92250964;SPRF-RJ;DEL02-RJ;UOP02-DEL02-RJ;;;
694976;31/05/2025;s�bado;19:10:00;PR;277;587,5;CASCAVEL;Ingest�o de �lcool pelo condutor;Colis�o lateral sentido oposto;Sem V�timas;Plena Noite;Crescente;C�u Claro;Simples;Reta;Sim;2;0;0;0;1;1;0;2;-24,97214114;-53,43492625;SPRF-PR;DEL04-PR;UOP01-DEL04-PR;;;
694977;31/05/2025;s�bado;19:40:00;MG;365;50;CLARO DOS POCOES;Pedestre - Ingest�o de �lcool/ subst�ncias psicoativas;Atropelamento de Pedestre;Com V�timas Fatais;Pleno dia;Decrescente;C�u Claro;Simples;Reta;N�o;3;1;0;0;0;2;0;2;-16,930294;-44,228519;SPRF-MG;DEL12-MG;UOP01-DEL12-MG;;;
694978;31/05/2025;s�bado;17:00:00;PR;163;95,1;CAPANEMA;Velocidade Incompat�vel;Colis�o lateral sentido oposto;Com V�timas Feridas;Pleno dia;Crescente;C�u Claro;Simples;Curva;N�o;3;0;0;3;0;0;3;2;-25,621226;-53,801679;SPRF-PR;DEL02-PR;UOP02-DEL02-PR;;;
694979;31/05/2025;s�bado;16:30:00;MG;116;555,1;MANHUACU;Acumulo de �leo sobre o pavimento;Tombamento;Com V�timas Feridas;Pleno dia;Crescente;Nublado;Simples;Reta;N�o;2;0;1;0;1;0;1;1;-20,010793;-42,152727;SPRF-MG;DEL06-MG;UOP02-DEL06-MG;;;
694980;31/05/2025;s�bado;19:50:00;SE;101;160,7;SANTA LUZIA DO ITANHY;Ingest�o de �lcool pelo condutor;Colis�o frontal;Com V�timas Fatais;Plena Noite;Decrescente;C�u Claro;Simples;Reta;N�o;2;1;0;0;0;1;0;2;-11,304421;-37,505752;SPRF-SE;DEL02-SE;UOP01-DEL02-SE;;;
694982;31/05/2025;s�bado;20:30:00;AP;156;799;OIAPOQUE;Acessar a via sem observar a presen�a dos outros ve�culos;Colis�o traseira;Com V�timas Feridas;Plena Noite;Decrescente;C�u Claro;Simples;Reta;Sim;2;0;1;0;1;0;1;2;3,83792445;-51,81555597;SPRF-AP;DEL01-AP;UOP03-DEL01-AP;;;
694983;31/05/2025;s�bado;17:20:00;MA;135;49;BACABEIRA;Rea��o tardia ou ineficiente do condutor;Colis�o traseira;Com V�timas Feridas;Pleno dia;Decrescente;Chuva;Dupla;"Reta;Aclive";Sim;5;0;1;0;4;0;1;2;-2,94062117;-44,32991266;SPRF-MA;DEL01-MA;UOP01-DEL01-MA;;;
694984;31/05/2025;s�bado;19:45:00;ES;101;126;SOORETAMA;Ingest�o de �lcool pelo condutor;Colis�o traseira;Sem V�timas;Plena Noite;Crescente;C�u Claro;M�ltipla;Reta;Sim;2;0;0;0;2;0;0;2;-19,19434167;-40,09525333;SPRF-ES;DEL04-ES;UOP01-DEL04-ES;;;
694985;31/05/2025;s�bado;11:00:00;PI;230;191;OEIRAS;Acessar a via sem observar a presen�a dos outros ve�culos;Colis�o transversal;Sem V�timas;Pleno dia;Decrescente;C�u Claro;Dupla;"Reta;Interse��o de Vias";Sim;2;0;0;0;2;0;0;2;-7,01268826;-42,13334084;SPRF-PI;DEL04-PI;UOP01-DEL04-PI;;;
694986;31/05/2025;s�bado;17:40:00;RN;304;42;MOSSORO;Ingest�o de �lcool pelo condutor;Queda de ocupante de ve�culo;Com V�timas Feridas;Plena Noite;Decrescente;C�u Claro;Dupla;Reta;Sim;1;0;1;0;0;0;1;1;-5,210688;-37,373865;SPRF-RN;DEL04-RN;UOP01-DEL04-RN;;;
694987;31/05/2025;s�bado;19:30:00;MT;70;3,2;BARRA DO GARCAS;Frear bruscamente;Queda de ocupante de ve�culo;Com V�timas Feridas;Plena Noite;Decrescente;C�u Claro;Dupla;"Declive;Reta";Sim;1;0;1;0;0;0;1;1;-15,88069643;-52,27899525;SPRF-MT;DEL07-MT;UOP01-DEL07-MT;;;
694988;31/05/2025;s�bado;18:45:00;MA;135;0;SAO LUIS;Ingest�o de �lcool pelo condutor;Colis�o traseira;Com V�timas Feridas;Plena Noite;Decrescente;C�u Claro;M�ltipla;Reta;Sim;3;0;2;0;1;0;2;2;-2,584077;-44,242775;SPRF-MA;DEL01-MA;UOP01-DEL01-MA;;;
694989;31/05/2025;s�bado;19:20:00;RS;116;54,4;VACARIA;Ingest�o de �lcool pelo condutor;Sa�da de leito carro��vel;Com V�timas Feridas;Plena Noite;Crescente;Nublado;Simples;Curva;N�o;4;0;3;1;0;0;4;1;-28,598056;-51,037109;SPRF-RS;DEL05-RS;UOP03-DEL05-RS;;;
694991;31/05/2025;s�bado;16:53:00;MT;364;271;JACIARA;Aus�ncia de rea��o do condutor;Colis�o traseira;Sem V�timas;Anoitecer;Decrescente;C�u Claro;Dupla;"Declive;Reta";Sim;1;0;0;0;0;1;0;1;-15,969705;-54,95327;SPRF-MT;DEL05-MT;UOP02-DEL05-MT;;;
694992;31/05/2025;s�bado;20:20:00;SE;101;88;NOSSA SENHORA DO SOCORRO;Ingest�o de �lcool pelo condutor;Colis�o traseira;Sem V�timas;Plena Noite;Decrescente;C�u Claro;Dupla;Reta;N�o;2;0;0;0;2;0;0;2;-10,9050581;-37,1230314;SPRF-SE;DEL01-SE;UOP01-DEL01-SE;;;
694993;31/05/2025;s�bado;20:15:00;RJ;101;400;ITAGUAI;Acessar a via sem observar a presen�a dos outros ve�culos;Atropelamento de Pedestre;Com V�timas Fatais;Plena Noite;Decrescente;C�u Claro;Dupla;Reta;N�o;2;1;0;0;0;1;0;2;-22,85549424;-43,76361966;SPRF-RJ;DEL03-RJ;UOP01-DEL03-RJ;;;
694995;31/05/2025;s�bado;20:10:00;PR;116;18;CURITIBA;Aus�ncia de rea��o do condutor;Engavetamento;Sem V�timas;Plena Noite;Crescente;Nublado;Dupla;Reta;Sim;3;0;0;0;3;0;0;3;-25,38867753;-49,20064831;SPRF-PR;DEL01-PR;UOP02-DEL01-PR;;;
694996;31/05/2025;s�bado;18:45:00;GO;80;13;PADRE BERNARDO;Transitar na contram�o;Colis�o frontal;Com V�timas Fatais;Plena Noite;Decrescente;C�u Claro;Simples;"Reta;Aclive";N�o;4;1;3;0;0;0;3;2;-15,431935;-48,193458;SPRF-DF;DEL03-DF;UOP02-DEL03-DF;;;
694998;31/05/2025;s�bado;21:00:00;GO;153;511;APARECIDA DE GOIANIA;Velocidade Incompat�vel;Sa�da de leito carro��vel;Com V�timas Feridas;Plena Noite;Crescente;C�u Claro;Dupla;Reta;Sim;1;0;1;0;0;0;1;1;-16,81295899;-49,23973829;SPRF-GO;DEL01-GO;UOP03-DEL01-GO;;;
694999;31/05/2025;s�bado;19:30:00;MG;267;24,3;ARGIRITA;Condutor Dormindo;Sa�da de leito carro��vel;Com V�timas Feridas;Plena Noite;Crescente;C�u Claro;Simples;Reta;N�o;1;0;1;0;0;0;1;1;-21,617186;-42,811792;SPRF-MG;DEL07-MG;UOP01-DEL07-MG;;;
695000;31/05/2025;s�bado;20:55:00;RJ;101;485;ANGRA DOS REIS;Aus�ncia de rea��o do condutor;Queda de ocupante de ve�culo;Com V�timas Feridas;Plena Noite;Decrescente;C�u Claro;Simples;"Curva;Rotat�ria";Sim;2;0;2;0;0;0;2;1;-22,98141119;-44,2960323;SPRF-RJ;DEL03-RJ;UOP03-DEL03-RJ;;;
695001;31/05/2025;s�bado;11:00:00;SC;101;126;ITAJAI;Ingest�o de �lcool pelo condutor;Colis�o com objeto;Sem V�timas;Pleno dia;Crescente;C�u Claro;Dupla;Reta;N�o;1;0;0;0;0;1;0;1;-26,93167194;-48,70372818;SPRF-SC;DEL04-SC;UOP04-DEL04-SC;;;
695002;31/05/2025;s�bado;21:30:00;MG;40;527,1;CONTAGEM;Acessar a via sem observar a presen�a dos outros ve�culos;Atropelamento de Pedestre;Com V�timas Feridas;Plena Noite;Crescente;C�u Claro;Dupla;"Curva;Declive";Sim;3;0;1;1;0;1;2;3;-19,901103;-44,0504378;SPRF-MG;DEL01-MG;UOP02-DEL01-MG;;;
695003;31/05/2025;s�bado;21:30:00;MG;40;522;CONTAGEM;Aus�ncia de rea��o do condutor;Sa�da de leito carro��vel;Com V�timas Feridas;Plena Noite;Crescente;C�u Claro;Dupla;Reta;N�o;2;0;2;0;0;0;2;1;-19,864465;-44,066928;SPRF-MG;DEL01-MG;UOP02-DEL01-MG;;;
695004;31/05/2025;s�bado;21:50:00;SP;116;219;GUARULHOS;Acumulo de areia ou detritos sobre o pavimento;Queda de ocupante de ve�culo;Com V�timas Feridas;Plena Noite;Crescente;Nublado;Simples;"Em Obras;Curva";Sim;1;0;1;0;0;0;1;1;-23,4614296;-46,4916854;SPRF-SP;DEL01-SP;UOP01-DEL01-SP;;;
695005;31/05/2025;s�bado;21:00:00;SC;116;246,2;LAGES;Velocidade Incompat�vel;Colis�o transversal;Com V�timas Feridas;Plena Noite;Decrescente;C�u Claro;Simples;Reta;Sim;3;0;3;0;0;0;3;2;-27,80608098;-50,36574804;SPRF-SC;DEL05-SC;UOP02-DEL05-SC;;;
695006;31/05/2025;s�bado;21:45:00;RJ;101;58;CAMPOS DOS GOYTACAZES;Transitar no Acostamento;Colis�o transversal;Com V�timas Feridas;Plena Noite;Crescente;C�u Claro;Simples;"Reta;Interse��o de Vias";Sim;2;0;0;1;0;1;1;2;-21,712891;-41,308578;SPRF-RJ;DEL08-RJ;UOP01-DEL08-RJ;;;
695007;31/05/2025;s�bado;22:00:00;SP;116;143,6;SAO JOSE DOS CAMPOS;Manobra de mudan�a de faixa;Colis�o traseira;Com V�timas Feridas;Plena Noite;Crescente;C�u Claro;Dupla;Reta;Sim;2;0;1;0;1;0;1;2;-23,1790842;-45,83945632;SPRF-SP;DEL02-SP;UOP01-DEL02-SP;;;
695008;31/05/2025;s�bado;21:50:00;BA;367;83;EUNAPOLIS;Acessar a via sem observar a presen�a dos outros ve�culos;Colis�o traseira;Com V�timas Feridas;Plena Noite;Crescente;Nublado;Simples;"Reta;Interse��o de Vias";Sim;2;0;1;0;0;1;1;2;-16,37285167;-39,57171232;SPRF-BA;DEL09-BA;UOP03-DEL09-BA;;;