id;data_inversa;dia_semana;horario;uf;br;km;municipio;causa_acidente;tipo_acidente;classificacao_acidente;fase_dia;sentido_via;condicao_metereologica;tipo_pista;tracado_via;uso_solo;pessoas;mortos;feridos_leves;feridos_graves;ilesos;ignorados;feridos;veiculos;latitude;longitude;regional;delegacia;uop;;;
695011;31/05/2025;s�bado;19:55:00;RS;116;432;CRISTAL;Rea��o tardia ou ineficiente do condutor;Queda de ocupante de ve�culo;Com V�timas Feridas;Anoitecer;Decrescente;C�u Claro;Dupla;Reta;N�o;1;0;0;1;0;0;1;1;-31,03185256;-52,04678357;SPRF-RS;DEL02-RS;UOP02-DEL02-RS;;;
695012;31/05/2025;s�bado;22:15:00;PB;101;42,8;MAMANGUAPE;Aus�ncia de rea��o do condutor;Colis�o com objeto;Sem V�timas;Plena Noite;Decrescente;C�u Claro;Dupla;"Declive;Reta";N�o;1;0;0;0;0;1;0;1;-6,862914;-35,133338;SPRF-PB;DEL01-PB;UOP03-DEL01-PB;;;
695013;31/05/2025;s�bado;22:45:00;SC;101;207;SAO JOSE;Aus�ncia de rea��o do condutor;Queda de ocupante de ve�culo;Sem V�timas;Plena Noite;Decrescente;C�u Claro;M�ltipla;Reta;N�o;2;0;0;0;2;0;0;2;-27,5985509;-48,6210541;SPRF-SC;DEL01-SC;UOP01-DEL01-SC;;;
695014;31/05/2025;s�bado;22:35:00;RJ;101;73;CAMPOS DOS GOYTACAZES;Acessar a via sem observar a presen�a dos outros ve�culos;Colis�o transversal;Com V�timas Feridas;Plena Noite;Decrescente;C�u Claro;Simples;Reta;N�o;2;0;1;0;0;1;1;2;-21,800251;-41,394717;SPRF-RJ;DEL08-RJ;UOP02-DEL08-RJ;;;
695016;31/05/2025;s�bado;21:30:00;MT;364;261;JUSCIMEIRA;Ingest�o de �lcool pelo condutor;Sa�da de leito carro��vel;Sem V�timas;Plena Noite;Decrescente;C�u Claro;Dupla;"Reta;Declive;Retorno Regulamentado";N�o;2;0;0;0;2;0;0;1;-16,02764462;-54,89287036;SPRF-MT;DEL02-MT;UOP01-DEL02-MT;;;
695018;31/05/2025;s�bado;21:00:00;CE;116;310,1;JAGUARIBE;Acessar a via sem observar a presen�a dos outros ve�culos;Colis�o lateral mesmo sentido;Com V�timas Fatais;Plena Noite;Decrescente;C�u Claro;Simples;Reta;Sim;2;1;0;0;0;1;0;2;-5,91209862;-38,62517238;SPRF-CE;DEL05-CE;UOP02-DEL05-CE;;;
695019;31/05/2025;s�bado;22:10:00;ES;101;264;SERRA;Aus�ncia de rea��o do condutor;Queda de ocupante de ve�culo;Com V�timas Feridas;Plena Noite;Crescente;C�u Claro;M�ltipla;Reta;Sim;1;0;1;0;0;0;1;1;-20,18374253;-40,26641518;SPRF-ES;DEL02-ES;UOP01-DEL02-ES;;;
695020;31/05/2025;s�bado;23:00:00;SP;116;209;GUARULHOS;Ingest�o de �lcool pelo condutor;Colis�o traseira;Com V�timas Feridas;Plena Noite;Crescente;C�u Claro;M�ltipla;Aclive;Sim;3;0;2;0;1;0;2;2;-23,42874164;-46,40757501;SPRF-SP;DEL01-SP;UOP01-DEL01-SP;;;
695021;31/05/2025;s�bado;20:00:00;MT;364;1257;COMODORO;Rea��o tardia ou ineficiente do condutor;Sa�da de leito carro��vel;Com V�timas Feridas;Plena Noite;Crescente;C�u Claro;Simples;Curva;N�o;3;0;2;0;1;0;2;1;-13,64116649;-59,79290486;SPRF-MT;DEL04-MT;UOP01-DEL04-MT;;;
695022;31/05/2025;s�bado;19:20:00;SC;101;166;TIJUCAS;Rea��o tardia ou ineficiente do condutor;Colis�o traseira;Com V�timas Feridas;Plena Noite;Decrescente;Nublado;Dupla;Reta;N�o;2;0;1;0;1;0;1;2;-27,25876696;-48,63148522;SPRF-SC;DEL04-SC;UOP03-DEL04-SC;;;
695023;31/05/2025;s�bado;20:30:00;MG;116;76;MEDINA;Ultrapassagem Indevida;Colis�o lateral sentido oposto;Com V�timas Feridas;Plena Noite;Decrescente;C�u Claro;Simples;Reta;N�o;4;0;2;0;2;0;2;2;-16,257225;-41,469729;SPRF-MG;DEL11-MG;UOP02-DEL11-MG;;;
695025;31/05/2025;s�bado;21:40:00;MT;364;402,5;CUIABA;Manobra de mudan�a de faixa;Colis�o frontal;Com V�timas Feridas;Plena Noite;Crescente;Nublado;Dupla;Viaduto;Sim;2;0;0;1;0;1;1;2;-15,6494862;-56,00040436;SPRF-MT;DEL01-MT;UOP02-DEL01-MT;;;
695026;31/05/2025;s�bado;20:00:00;MA;316;513;CAXIAS;Defici�ncia do Sistema de Ilumina��o/Sinaliza��o;Colis�o traseira;Com V�timas Feridas;Plena Noite;Crescente;C�u Claro;Simples;Reta;N�o;5;0;0;3;2;0;3;2;-4,8656471;-43,4259326;SPRF-MA;DEL03-MA;UOP02-DEL03-MA;;;
695027;31/05/2025;s�bado;23:45:00;SP;116;225;GUARULHOS;Aus�ncia de rea��o do condutor;Colis�o traseira;Com V�timas Feridas;Plena Noite;Decrescente;C�u Claro;M�ltipla;"Reta;Em Obras";Sim;2;0;1;0;1;0;1;2;-23,49079505;-46,54849362;SPRF-SP;DEL01-SP;UOP01-DEL01-SP;;;
695028;31/05/2025;s�bado;20:10:00;RO;364;405;JARU;Pedestre andava na pista;Atropelamento de Pedestre;Com V�timas Fatais;Plena Noite;Crescente;C�u Claro;Simples;Reta;N�o;2;1;0;0;0;1;0;2;-10,567592;-62,372863;SPRF-RO;DEL03-RO;UOP02-DEL03-RO;;;
695029;31/05/2025;s�bado;22:16:00;SC;153;66;IRANI;Acessar a via sem observar a presen�a dos outros ve�culos;Colis�o transversal;Com V�timas Feridas;Anoitecer;Crescente;Nevoeiro/Neblina;Simples;"Rotat�ria;Retorno Regulamentado";Sim;4;0;2;2;0;0;4;2;-27,022931;-51,885741;SPRF-SC;DEL07-SC;UOP04-DEL07-SC;;;
695030;31/05/2025;s�bado;21:06:00;SC;282;461,5;PONTE SERRADA;Acessar a via sem observar a presen�a dos outros ve�culos;Colis�o transversal;Com V�timas Feridas;Plena Noite;Crescente;C�u Claro;Simples;Reta;N�o;4;0;1;1;0;2;2;3;-26,86607534;-52,02307463;SPRF-SC;DEL07-SC;UOP04-DEL07-SC;;;
695031;01/06/2025;domingo;00:05:00;SP;116;221;GUARULHOS;Acesso irregular;Queda de ocupante de ve�culo;Com V�timas Feridas;Plena Noite;Crescente;Ignorado;M�ltipla;"Em Obras;Reta";Sim;1;0;0;1;0;0;1;1;-23,46904495;-46,51134658;SPRF-SP;DEL01-SP;UOP01-DEL01-SP;;;
695032;31/05/2025;s�bado;23:25:00;MT;70;3,7;BARRA DO GARCAS;Aus�ncia de rea��o do condutor;Colis�o lateral mesmo sentido;Sem V�timas;Plena Noite;Decrescente;C�u Claro;Dupla;Rotat�ria;Sim;3;0;0;0;3;0;0;2;-15,8724914;-52,3855259;SPRF-MT;DEL07-MT;UOP01-DEL07-MT;;;
695033;31/05/2025;s�bado;23:20:00;PR;153;25,1;JACAREZINHO;Velocidade Incompat�vel;Sa�da de leito carro��vel;Com V�timas Feridas;Plena Noite;Decrescente;C�u Claro;Simples;Reta;N�o;2;0;1;1;0;0;2;1;-23,19423346;-49,98564117;SPRF-PR;DEL07-PR;UOP04-DEL07-PR;;;
695034;31/05/2025;s�bado;23:45:00;RS;116;269;CANOAS;Demais falhas mec�nicas ou el�tricas;Sa�da de leito carro��vel;Sem V�timas;Plena Noite;Crescente;C�u Claro;M�ltipla;Curva;Sim;2;0;0;0;2;0;0;1;-29,96396396;-51,18355078;SPRF-RS;DEL01-RS;UOP01-DEL01-RS;;;
695035;31/05/2025;s�bado;23:00:00;PR;277;574,1;CASCAVEL;Condutor Dormindo;Sa�da de leito carro��vel;Com V�timas Feridas;Plena Noite;Crescente;Nublado;Simples;Reta;N�o;2;0;2;0;0;0;2;1;-24,991;-53,316;SPRF-PR;DEL04-PR;UOP01-DEL04-PR;;;
695038;31/05/2025;s�bado;22:00:00;MS;262;260;RIBAS DO RIO PARDO;Rea��o tardia ou ineficiente do condutor;Sa�da de leito carro��vel;Sem V�timas;Plena Noite;Decrescente;C�u Claro;Simples;"Reta;Declive";N�o;2;0;0;0;1;1;0;2;-20,4309082;-53;SPRF-MS;DEL01-MS;UOP05-DEL01-MS;;;
695039;01/06/2025;domingo;00:05:00;PR;476;195;LAPA;Transitar na contram�o;Colis�o frontal;Com V�timas Feridas;Plena Noite;Crescente;Nublado;Simples;Reta;N�o;4;0;0;4;0;0;4;2;-25,74208412;-49,71274551;SPRF-PR;DEL01-PR;UOP06-DEL01-PR;;;
695040;01/06/2025;domingo;01:00:00;GO;153;535;HIDROLANDIA;Rea��o tardia ou ineficiente do condutor;Sa�da de leito carro��vel;Com V�timas Feridas;Plena Noite;Crescente;C�u Claro;Dupla;"Declive;Reta";N�o;1;0;1;0;0;0;1;1;-16,997994;-49,225372;SPRF-GO;DEL01-GO;UOP03-DEL01-GO;;;
695041;01/06/2025;domingo;00:50:00;RS;470;210,9;BENTO GONCALVES;Aus�ncia de rea��o do condutor;Tombamento;Com V�timas Feridas;Plena Noite;Decrescente;Nublado;Simples;Reta;N�o;3;0;2;0;1;0;2;1;-29,17687;-51,52092;SPRF-RS;DEL06-RS;UOP01-DEL06-RS;;;
695042;01/06/2025;domingo;00:30:00;MA;135;229,7;PERITORO;Aus�ncia de rea��o do condutor;Sa�da de leito carro��vel;Com V�timas Fatais;Plena Noite;Crescente;C�u Claro;Simples;Reta;N�o;2;1;0;0;0;1;0;2;-4,3671682;-44,346528;SPRF-MA;DEL03-MA;UOP01-DEL03-MA;;;
695044;01/06/2025;domingo;00:45:00;SC;101;287,9;IMBITUBA;Ingest�o de �lcool pelo condutor;Sa�da de leito carro��vel;Sem V�timas;Plena Noite;Decrescente;Nublado;Simples;Reta;N�o;1;0;0;0;1;0;0;1;-28,26409;-48,70262;SPRF-SC;DEL02-SC;UOP03-DEL02-SC;;;
695046;01/06/2025;domingo;02:00:00;SP;116;288;ITAPECERICA DA SERRA;Condutor Dormindo;Colis�o frontal;Sem V�timas;Plena Noite;Crescente;C�u Claro;Simples;Retorno Regulamentado;N�o;6;0;0;0;6;0;0;2;-23,6951732;-46,86438773;SPRF-SP;DEL04-SP;UOP01-DEL04-SP;;;
695047;01/06/2025;domingo;01:00:00;RS;287;399,9;SANTIAGO;Rea��o tardia ou ineficiente do condutor;Sa�da de leito carro��vel;Com V�timas Feridas;Plena Noite;Decrescente;C�u Claro;Simples;Curva;N�o;3;0;3;0;0;0;3;1;-29,165808;-54,87438;SPRF-RS;DEL12-RS;UOP02-DEL12-RS;;;
695048;01/06/2025;domingo;02:30:00;PR;369;197;APUCARANA;Rea��o tardia ou ineficiente do condutor;Sa�da de leito carro��vel;Com V�timas Feridas;Plena Noite;Crescente;C�u Claro;Dupla;Curva;N�o;2;0;1;0;0;1;1;1;-23,519235;-51,430146;SPRF-PR;DEL07-PR;UOP03-DEL07-PR;;;
695049;01/06/2025;domingo;01:30:00;PR;280;301;FLOR DA SERRA DO SUL;Ingest�o de �lcool pelo condutor;Colis�o frontal;Com V�timas Feridas;Plena Noite;Crescente;Nevoeiro/Neblina;Simples;Reta;N�o;3;0;2;0;1;0;2;2;-26,267706;-53,410386;SPRF-PR;DEL02-PR;UOP01-DEL02-PR;;;
695050;01/06/2025;domingo;02:20:00;RJ;101;483;ANGRA DOS REIS;Aus�ncia de rea��o do condutor;Capotamento;Com V�timas Feridas;Plena Noite;Crescente;C�u Claro;Simples;Curva;N�o;1;0;1;0;0;0;1;1;-22,99888033;-44,3019;SPRF-RJ;DEL03-RJ;UOP03-DEL03-RJ;;;
695051;01/06/2025;domingo;03:20:00;MG;381;584;CARMOPOLIS DE MINAS;Rea��o tardia ou ineficiente do condutor;Sa�da de leito carro��vel;Com V�timas Feridas;Pleno dia;Decrescente;Nublado;Dupla;Curva;N�o;1;0;1;0;0;0;1;1;-20,52894125;-44,63679795;SPRF-MG;DEL04-MG;UOP01-DEL04-MG;;;
695052;01/06/2025;domingo;03:10:00;RS;480;67,8;ERECHIM;Rea��o tardia ou ineficiente do condutor;Sa�da de leito carro��vel;Sem V�timas;Plena Noite;Crescente;Nublado;Simples;"Curva;Aclive";N�o;1;0;0;0;0;1;0;1;-27,63373381;-52,34303451;SPRF-RS;DEL08-RS;UOP04-DEL08-RS;;;
695054;01/06/2025;domingo;03:09:00;PR;277;687;SAO MIGUEL DO IGUACU;Aus�ncia de rea��o do condutor;Capotamento;Sem V�timas;Plena Noite;Crescente;Nevoeiro/Neblina;Dupla;"Curva;Declive";N�o;1;0;0;0;0;1;0;1;-25,33565259;-54,2086014;SPRF-PR;DEL05-PR;UOP01-DEL05-PR;;;
695056;01/06/2025;domingo;03:45:00;DF;40;3;BRASILIA;Velocidade Incompat�vel;Colis�o traseira;Com V�timas Feridas;Plena Noite;Crescente;C�u Claro;Dupla;Reta;Sim;2;0;1;0;1;0;1;2;-16,044264;-47,9806686;SPRF-DF;DEL01-DF;UOP01-DEL01-DF;;;
695057;01/06/2025;domingo;04:00:00;PI;343;345;TERESINA;Condutor desrespeitou a ilumina��o vermelha do sem�foro;Colis�o transversal;Com V�timas Feridas;Plena Noite;Crescente;C�u Claro;Dupla;Interse��o de Vias;Sim;2;0;1;1;0;0;2;2;-5,10633257;-42,76805878;SPRF-PI;DEL01-PI;UOP01-DEL01-PI;;;
695058;01/06/2025;domingo;04:50:00;PA;230;123;MARABA;Rea��o tardia ou ineficiente do condutor;Colis�o traseira;Com V�timas Fatais;Plena Noite;Crescente;C�u Claro;Dupla;Reta;Sim;2;1;0;0;1;0;0;2;-5,374;-49,136;SPRF-PA;DEL03-PA;UOP01-DEL03-PA;;;
695059;01/06/2025;domingo;04:40:00;RN;304;45,5;MOSSORO;Aus�ncia de rea��o do condutor;Colis�o com objeto;Sem V�timas;Plena Noite;Crescente;C�u Claro;Dupla;Reta;Sim;1;0;0;0;0;1;0;1;-5,225712;-37,344185;SPRF-RN;DEL04-RN;UOP01-DEL04-RN;;;
695060;01/06/2025;domingo;03:45:00;MG;381;709;NEPOMUCENO;Condutor Dormindo;Capotamento;Sem V�timas;Plena Noite;Decrescente;C�u Claro;Dupla;Curva;N�o;2;0;0;0;2;0;0;1;-21,349746;-45,179345;SPRF-MG;DEL04-MG;UOP02-DEL04-MG;;;
695062;01/06/2025;domingo;03:50:00;MG;381;365,5;SAO GONCALO DO RIO ABAIXO;Condutor Dormindo;Sa�da de leito carro��vel;Com V�timas Feridas;Plena Noite;Crescente;Nublado;Simples;"Reta;Aclive";N�o;16;0;12;0;4;0;12;1;-19,85001773;-43,27788703;SPRF-MG;DEL03-MG;UOP01-DEL03-MG;;;
695063;01/06/2025;domingo;06:00:00;RJ;116;186;NOVA IGUACU;Pedestre - Ingest�o de �lcool/ subst�ncias psicoativas;Atropelamento de Pedestre;Com V�timas Feridas;Pleno dia;Decrescente;Nublado;M�ltipla;Reta;Sim;2;0;1;0;1;0;1;2;-22,74348619;-43,51630658;SPRF-RJ;DEL06-RJ;UOP01-DEL06-RJ;;;
695066;01/06/2025;domingo;06:30:00;SC;101;190;BIGUACU;Aus�ncia de rea��o do condutor;Queda de ocupante de ve�culo;Com V�timas Feridas;Amanhecer;Decrescente;Garoa/Chuvisco;Dupla;Reta;N�o;1;0;1;0;0;0;1;1;-27,47645406;-48,64067846;SPRF-SC;DEL01-SC;UOP01-DEL01-SC;;;
695067;01/06/2025;domingo;05:29:00;GO;60;30,6;ALEXANIA;Ingest�o de �lcool pelo condutor;Colis�o traseira;Com V�timas Feridas;Amanhecer;Crescente;C�u Claro;Dupla;Reta;Sim;3;0;2;0;1;0;2;2;-16,09498782;-48,48823847;SPRF-DF;DEL03-DF;UOP01-DEL03-DF;;;
695069;01/06/2025;domingo;05:00:00;RS;392;351;SANTA MARIA;Ingest�o de �lcool pelo condutor;Sa�da de leito carro��vel;Sem V�timas;Plena Noite;Crescente;C�u Claro;Dupla;Reta;Sim;2;0;0;0;2;0;0;1;-29,72040327;-53,80753605;SPRF-RS;DEL09-RS;UOP01-DEL09-RS;;;
695071;01/06/2025;domingo;05:00:00;RR;174;455,5;MUCAJAI;Manobra de mudan�a de faixa;Colis�o frontal;Com V�timas Fatais;Amanhecer;Crescente;Garoa/Chuvisco;Simples;Reta;Sim;4;1;0;0;2;1;0;2;2,43716955;-60,91889644;SPRF-RR;DEL01-RR;UOP01-DEL01-RR;;;
695072;01/06/2025;domingo;07:00:00;BA;324;598;SIMOES FILHO;Frear bruscamente;Queda de ocupante de ve�culo;Com V�timas Feridas;Pleno dia;Crescente;Nublado;Dupla;Reta;Sim;1;0;1;0;0;0;1;1;-12,7476223;-38,4337306;SPRF-BA;DEL01-BA;UOP01-DEL01-BA;;;
695073;01/06/2025;domingo;07:00:00;RS;116;255;ESTEIO;Rea��o tardia ou ineficiente do condutor;Atropelamento de Pedestre;Com V�timas Feridas;Amanhecer;Decrescente;C�u Claro;M�ltipla;Reta;N�o;2;0;1;0;1;0;1;2;-29,83269528;-51,17392886;SPRF-RS;DEL01-RS;UOP02-DEL01-RS;;;
695074;01/06/2025;domingo;07:20:00;PE;101;80;JABOATAO DOS GUARARAPES;Aus�ncia de rea��o do condutor;Queda de ocupante de ve�culo;Com V�timas Feridas;Pleno dia;Crescente;Nublado;Dupla;"Reta;Rotat�ria";Sim;1;0;1;0;0;0;1;1;-8,153681;-34,942404;SPRF-PE;DEL01-PE;UOP01-DEL01-PE;;;
695075;01/06/2025;domingo;05:50:00;CE;116;24,7;ITAITINGA;Acumulo de �gua sobre o pavimento;Colis�o com objeto;Com V�timas Feridas;Amanhecer;Crescente;Chuva;Dupla;"Curva;Declive";N�o;3;0;3;0;0;0;3;1;-3,962835;-38,515489;SPRF-CE;DEL01-CE;UOP02-DEL01-CE;;;
695076;01/06/2025;domingo;01:00:00;BA;116;3;VITORIA DA CONQUISTA;Transitar na contram�o;Colis�o transversal;Com V�timas Feridas;Plena Noite;Decrescente;C�u Claro;Simples;Reta;N�o;2;0;1;0;0;1;1;2;-14,8252;-40,847;SPRF-BA;DEL08-BA;UOP01-DEL08-BA;;;
695077;01/06/2025;domingo;06:59:00;SP;153;47,5;SAO JOSE DO RIO PRETO;Aus�ncia de rea��o do condutor;Colis�o traseira;Sem V�timas;Pleno dia;Crescente;C�u Claro;Simples;"Declive;Reta";N�o;3;0;0;0;3;0;0;2;-20,689465;-49,339943;SPRF-SP;DEL09-SP;UOP01-DEL09-SP;;;
695078;01/06/2025;domingo;07:10:00;PE;101;68;RECIFE;Condutor deixou de manter dist�ncia do ve�culo da frente;Colis�o traseira;Com V�timas Feridas;Pleno dia;Crescente;Chuva;Dupla;Viaduto;Sim;2;0;1;0;1;0;1;2;-8,05382;-34,94646;SPRF-PE;DEL01-PE;UOP01-DEL01-PE;;;
695079;01/06/2025;domingo;08:00:00;RS;470;336;TRIUNFO;Velocidade Incompat�vel;Sa�da de leito carro��vel;Com V�timas Fatais;Pleno dia;Crescente;C�u Claro;Simples;Curva;N�o;2;1;0;1;0;0;1;1;-29,86870086;-51,70850247;SPRF-RS;DEL04-RS;UOP02-DEL04-RS;;;
695080;01/06/2025;domingo;07:30:00;RJ;40;99;DUQUE DE CAXIAS;Curva acentuada;Colis�o lateral mesmo sentido;Com V�timas Feridas;Amanhecer;Decrescente;C�u Claro;Dupla;Curva;N�o;2;0;1;0;1;0;1;2;-22,60049631;-43,28018936;SPRF-RJ;DEL01-RJ;UOP01-DEL01-RJ;;;
695081;01/06/2025;domingo;07:28:00;DF;70;6;BRASILIA;Velocidade Incompat�vel;Colis�o traseira;Com V�timas Feridas;Pleno dia;Crescente;C�u Claro;Dupla;Reta;Sim;2;0;1;0;1;0;1;2;-15,79136265;-48,10466263;SPRF-DF;DEL03-DF;UOP02-DEL03-DF;;;
695082;01/06/2025;domingo;07:50:00;RS;116;260;CANOAS;Manobra de mudan�a de faixa;Sa�da de leito carro��vel;Sem V�timas;Pleno dia;Decrescente;C�u Claro;M�ltipla;Reta;Sim;1;0;0;0;1;0;0;1;-29,88165382;-51,180409;SPRF-RS;DEL01-RS;UOP01-DEL01-RS;;;
695085;01/06/2025;domingo;06:30:00;BA;116;636;JAGUAQUARA;Velocidade Incompat�vel;Sa�da de leito carro��vel;Sem V�timas;Pleno dia;Crescente;C�u Claro;Simples;Reta;N�o;1;0;0;0;1;0;0;1;-13,54261808;-40,0692451;SPRF-BA;DEL03-BA;UOP01-DEL03-BA;;;
695086;01/06/2025;domingo;02:00:00;RJ;465;5;SEROPEDICA;Acesso irregular;Colis�o transversal;Sem V�timas;Amanhecer;Crescente;Nublado;Simples;Reta;Sim;3;0;0;0;1;2;0;2;-22,749636;-43,697378;SPRF-RJ;DEL06-RJ;UOP02-DEL06-RJ;;;
695087;01/06/2025;domingo;04:15:00;PI;316;313;PICOS;Pedestre andava na pista;Atropelamento de Pedestre;Com V�timas Feridas;Plena Noite;Decrescente;C�u Claro;Simples;Reta;Sim;2;0;1;0;1;0;1;2;-7,079435;-41,449773;SPRF-PI;DEL04-PI;UOP01-DEL04-PI;;;
695089;01/06/2025;domingo;08:00:00;SC;282;5,4;SAO JOSE;Acumulo de �leo sobre o pavimento;Queda de ocupante de ve�culo;Com V�timas Feridas;Pleno dia;Crescente;C�u Claro;Dupla;"Aclive;Curva";Sim;1;0;1;0;0;0;1;1;-27,585413;-48,617805;SPRF-SC;DEL01-SC;UOP01-DEL01-SC;;;
695090;01/06/2025;domingo;08:00:00;RJ;493;56;NOVA IGUACU;Avarias e/ou desgaste excessivo no pneu;Capotamento;Com V�timas Feridas;Pleno dia;Crescente;C�u Claro;Dupla;Reta;N�o;1;0;1;0;0;0;1;1;-22,67864874;-43,40389252;SPRF-RJ;DEL01-RJ;UOP03-DEL01-RJ;;;
695092;01/06/2025;domingo;08:40:00;PR;116;142;MANDIRITUBA;Rea��o tardia ou ineficiente do condutor;Queda de ocupante de ve�culo;Com V�timas Feridas;Pleno dia;Crescente;C�u Claro;Dupla;Reta;Sim;1;0;1;0;0;0;1;1;-25,781223;-49,324993;SPRF-PR;DEL01-PR;UOP03-DEL01-PR;;;
695093;01/06/2025;domingo;03:49:00;PE;316;362;PETROLANDIA;Condutor deixou de manter dist�ncia do ve�culo da frente;Eventos at�picos;Com V�timas Feridas;Amanhecer;Decrescente;C�u Claro;Simples;Reta;Sim;2;0;1;0;0;1;1;2;-8,9554177;-38,22306633;SPRF-PE;DEL04-PE;UOP03-DEL04-PE;;;
695094;01/06/2025;domingo;04:10:00;RS;158;390;CACEQUI;Entrada inopinada do pedestre;Atropelamento de Pedestre;Com V�timas Feridas;Plena Noite;Crescente;Nevoeiro/Neblina;Simples;Reta;N�o;5;0;0;1;4;0;1;2;-29,93113481;-54,34524536;SPRF-RS;DEL11-RS;UOP02-DEL11-RS;;;
695095;01/06/2025;domingo;05:30:00;MG;381;457,3;BELO HORIZONTE;Ingest�o de �lcool pelo condutor;Sa�da de leito carro��vel;Sem V�timas;Amanhecer;Crescente;Ignorado;Dupla;"Aclive;Curva";Sim;1;0;0;0;0;1;0;1;-19,851174;-43,888222;SPRF-MG;DEL01-MG;UOP01-DEL01-MG;;;
695097;01/06/2025;domingo;07:30:00;RO;364;17;VILHENA;Rea��o tardia ou ineficiente do condutor;Sa�da de leito carro��vel;Com V�timas Feridas;Pleno dia;Crescente;C�u Claro;Simples;Reta;N�o;3;0;2;0;0;1;2;2;-12,73055973;-60,17155802;SPRF-RO;DEL04-RO;UOP01-DEL04-RO;;;
695098;01/06/2025;domingo;05:30:00;PR;277;274,3;PRUDENTOPOLIS;Aus�ncia de rea��o do condutor;Sa�da de leito carro��vel;Sem V�timas;Amanhecer;Crescente;C�u Claro;Simples;Reta;N�o;2;0;0;0;2;0;0;1;-25,374727;-50,875283;SPRF-PR;DEL08-PR;UOP02-DEL08-PR;;;
695099;01/06/2025;domingo;09:00:00;RJ;40;85;PETROPOLIS;Pista Escorregadia;Queda de ocupante de ve�culo;Com V�timas Feridas;Pleno dia;Decrescente;C�u Claro;Simples;Curva;N�o;1;0;1;0;0;0;1;1;-22,5284676;-43,2228492;SPRF-RJ;DEL01-RJ;UOP01-DEL01-RJ;;;
695100;01/06/2025;domingo;09:25:00;RJ;493;85;JAPERI;Ingest�o de �lcool pelo condutor;Colis�o com objeto;Sem V�timas;Pleno dia;Crescente;C�u Claro;Dupla;Reta;N�o;1;0;0;0;1;0;0;1;-22,65796661;-43,61638483;SPRF-RJ;DEL01-RJ;UOP03-DEL01-RJ;;;
695101;01/06/2025;domingo;09:20:00;RJ;116;67;TERESOPOLIS;Mal s�bito do condutor;Queda de ocupante de ve�culo;Com V�timas Feridas;Pleno dia;Decrescente;Nublado;Simples;Curva;N�o;1;0;1;0;0;0;1;1;-22,2920084;-42,9328671;SPRF-RJ;DEL04-RJ;UOP01-DEL04-RJ;;;
695102;01/06/2025;domingo;07:15:00;RJ;101;388;RIO DE JANEIRO;Ingest�o de �lcool pelo condutor;Colis�o lateral mesmo sentido;Com V�timas Feridas;Pleno dia;Crescente;C�u Claro;M�ltipla;Reta;Sim;7;0;1;0;6;0;1;2;-22,888162;-43,658353;SPRF-RJ;DEL03-RJ;UOP01-DEL03-RJ;;;
695103;01/06/2025;domingo;07:30:00;CE;116;292,8;JAGUARIBE;Pista esburacada;Sa�da de leito carro��vel;Com V�timas Feridas;Pleno dia;Crescente;Nublado;Simples;"Reta;Em Obras";N�o;4;0;1;1;2;0;2;1;-5,797233;-38,529752;SPRF-CE;DEL05-CE;UOP02-DEL05-CE;;;
695104;01/06/2025;domingo;07:30:00;MT;163;1030;PEIXOTO DE AZEVEDO;Convers�o proibida;Colis�o transversal;Com V�timas Feridas;Pleno dia;Decrescente;C�u Claro;Simples;Reta;Sim;2;0;0;1;1;0;1;2;-10,24437994;-54,98871803;SPRF-MT;DEL06-MT;UOP03-DEL06-MT;;;
695107;01/06/2025;domingo;09:52:00;DF;20;11,5;BRASILIA;Manobra de mudan�a de faixa;Colis�o transversal;Com V�timas Feridas;Pleno dia;Decrescente;Nublado;M�ltipla;"Reta;Em Obras;Retorno Regulamentado";Sim;3;0;2;1;0;0;3;3;-15,6446006;-47,76213795;SPRF-DF;DEL02-DF;UOP01-DEL02-DF;;;
695108;01/06/2025;domingo;10:00:00;SC;163;111;GUARUJA DO SUL;Velocidade Incompat�vel;Sa�da de leito carro��vel;Sem V�timas;Pleno dia;Decrescente;C�u Claro;Simples;"Reta;Aclive";N�o;1;0;0;0;1;0;0;1;-26,38968804;-53,51712942;SPRF-SC;DEL07-SC;UOP03-DEL07-SC;;;
695109;01/06/2025;domingo;07:50:00;MG;153;107;PRATA;Aus�ncia de rea��o do condutor;Sa�da de leito carro��vel;Sem V�timas;Pleno dia;Crescente;C�u Claro;Dupla;Reta;N�o;1;0;0;0;0;1;0;1;-19,29767077;-48,90746794;SPRF-MG;DEL15-MG;UOP03-DEL15-MG;;;
695110;01/06/2025;domingo;08:35:00;PE;232;309;SERTANIA;Rea��o tardia ou ineficiente do condutor;Sa�da de leito carro��vel;Com V�timas Feridas;Pleno dia;Crescente;C�u Claro;Simples;Reta;N�o;1;0;1;0;0;0;1;1;-8,181192;-37,451007;SPRF-PE;DEL04-PE;UOP02-DEL04-PE;;;
695111;01/06/2025;domingo;09:15:00;BA;116;549;MILAGRES;Aus�ncia de rea��o do condutor;Eventos at�picos;Com V�timas Feridas;Pleno dia;Crescente;Chuva;Simples;"Reta;Aclive";N�o;2;0;0;1;0;1;1;2;-12,87993485;-39,85582139;SPRF-BA;DEL03-BA;UOP02-DEL03-BA;;;
695112;01/06/2025;domingo;05:40:00;SC;470;163;TROMBUDO CENTRAL;Condutor Dormindo;Capotamento;Com V�timas Feridas;Amanhecer;Decrescente;C�u Claro;Simples;Reta;N�o;1;0;1;0;0;0;1;1;-27,28124856;-49,819884;SPRF-SC;DEL04-SC;UOP02-DEL04-SC;;;