id;data_inversa;dia_semana;horario;uf;br;km;municipio;causa_acidente;tipo_acidente;classificacao_acidente;fase_dia;sentido_via;condicao_metereologica;tipo_pista;tracado_via;uso_solo;pessoas;mortos;feridos_leves;feridos_graves;ilesos;ignorados;feridos;veiculos;latitude;longitude;regional;delegacia;uop;;;
695113;01/06/2025;domingo;11:00:00;SC;101;44,2;JOINVILLE;Rea��o tardia ou ineficiente do condutor;Tombamento;Com V�timas Feridas;Pleno dia;Crescente;C�u Claro;Simples;Reta;N�o;1;0;1;0;0;0;1;1;-26,3418565;-48,858694;SPRF-SC;DEL03-SC;UOP01-DEL03-SC;;;
695114;01/06/2025;domingo;08:45:00;PR;277;400,2;CANDOI;Velocidade Incompat�vel;Sa�da de leito carro��vel;Com V�timas Feridas;Pleno dia;Crescente;C�u Claro;Simples;Curva;N�o;1;0;0;1;0;0;1;1;-25,44556541;-51,9703481;SPRF-PR;DEL04-PR;UOP02-DEL04-PR;;;
695115;05/04/2025;s�bado;06:30:00;GO;60;6,8;SANTO ANTONIO DO DESCOBERTO;Aus�ncia de rea��o do condutor;Sa�da de leito carro��vel;Com V�timas Feridas;Pleno dia;Crescente;Chuva;Dupla;Curva;N�o;2;0;1;1;0;0;2;1;-16,102807;-48,28998;SPRF-DF;DEL03-DF;UOP01-DEL03-DF;;;
695116;01/06/2025;domingo;11:30:00;GO;452;176,3;ITUMBIARA;Velocidade Incompat�vel;Sa�da de leito carro��vel;Com V�timas Feridas;Pleno dia;Crescente;Sol;Simples;Reta;N�o;1;0;1;0;0;0;1;1;-18,39623014;-49,380295;SPRF-GO;DEL03-GO;UOP02-DEL03-GO;;;
695117;01/06/2025;domingo;12:09:00;PR;277;135;BALSA NOVA;Rea��o tardia ou ineficiente do condutor;Tombamento;Com V�timas Feridas;Pleno dia;Decrescente;C�u Claro;Dupla;"Reta;Declive";N�o;1;0;0;1;0;0;1;1;-25,46278;-49,58682;SPRF-PR;DEL03-PR;UOP03-DEL03-PR;;;
695118;01/06/2025;domingo;11:50:00;RJ;116;275;BARRA MANSA;Aus�ncia de rea��o do condutor;Sa�da de leito carro��vel;Com V�timas Feridas;Pleno dia;Decrescente;C�u Claro;Dupla;Curva;Sim;1;0;1;0;0;0;1;1;-22,56293481;-44,15939792;SPRF-RJ;DEL07-RJ;UOP02-DEL07-RJ;;;
695119;01/06/2025;domingo;12:30:00;PR;376;257;CALIFORNIA;Acessar a via sem observar a presen�a dos outros ve�culos;Colis�o transversal;Com V�timas Feridas;Pleno dia;Decrescente;C�u Claro;Simples;Reta;Sim;2;0;1;0;1;0;1;2;-23,6678095;-51,35889379;SPRF-PR;DEL07-PR;UOP03-DEL07-PR;;;
695120;16/05/2025;sexta-feira;14:00:00;RJ;101;487;ANGRA DOS REIS;Retorno proibido;Colis�o lateral sentido oposto;Com V�timas Feridas;Pleno dia;Decrescente;C�u Claro;Dupla;Reta;Sim;2;0;1;0;0;1;1;2;-22,9895687;-44,2417906;SPRF-RJ;DEL03-RJ;UOP03-DEL03-RJ;;;
695121;01/06/2025;domingo;12:10:00;RJ;465;20;NOVA IGUACU;Acessar a via sem observar a presen�a dos outros ve�culos;Colis�o transversal;Com V�timas Feridas;Pleno dia;Decrescente;C�u Claro;Simples;Reta;Sim;2;0;1;0;1;0;1;2;-22,85394112;-43,60181507;SPRF-RJ;DEL06-RJ;UOP02-DEL06-RJ;;;
695122;25/05/2025;domingo;07:45:00;TO;10;453;PALMAS;Avarias e/ou desgaste excessivo no pneu;Tombamento;Com V�timas Feridas;Pleno dia;Crescente;C�u Claro;M�ltipla;"Reta;Declive";Sim;3;0;2;0;0;1;2;2;-10,323838;-48,297325;SPRF-TO;DEL01-TO;UOP03-DEL01-TO;;;
695123;01/06/2025;domingo;12:47:00;GO;40;12;LUZIANIA;Aus�ncia de rea��o do condutor;Colis�o com objeto;Sem V�timas;Pleno dia;Decrescente;C�u Claro;Dupla;Reta;Sim;1;0;0;0;1;0;0;1;-16,14413049;-47,9459974;SPRF-DF;DEL01-DF;UOP01-DEL01-DF;;;
695125;01/06/2025;domingo;13:00:00;RJ;101;312;SAO GONCALO;Aus�ncia de sinaliza��o;Engavetamento;Com V�timas Feridas;Pleno dia;Decrescente;C�u Claro;Dupla;Reta;Sim;4;0;2;0;2;0;2;3;-22,80587755;-43,06221054;SPRF-RJ;DEL02-RJ;UOP02-DEL02-RJ;;;
695126;01/06/2025;domingo;13:00:00;GO;153;511,9;APARECIDA DE GOIANIA;Aus�ncia de rea��o do condutor;Tombamento;Com V�timas Feridas;Pleno dia;Crescente;Nublado;M�ltipla;Reta;Sim;1;0;1;0;0;0;1;1;-16,805958;-49,239313;SPRF-GO;DEL01-GO;UOP03-DEL01-GO;;;
695129;01/06/2025;domingo;12:10:00;RJ;101;409;ITAGUAI;Condutor deixou de manter dist�ncia do ve�culo da frente;Colis�o traseira;Com V�timas Feridas;Pleno dia;Crescente;C�u Claro;Dupla;Reta;N�o;3;0;1;0;2;0;1;2;-22,888313;-43,838525;SPRF-RJ;DEL03-RJ;UOP01-DEL03-RJ;;;
695130;01/06/2025;domingo;12:45:00;PA;316;178;SANTA LUZIA DO PARA;Aus�ncia de rea��o do condutor;Sa�da de leito carro��vel;Com V�timas Feridas;Pleno dia;Decrescente;C�u Claro;Simples;Reta;N�o;2;0;2;0;0;0;2;1;-1,39700874;-47,01484959;SPRF-PA;DEL01-PA;UOP03-DEL01-PA;;;
695131;01/06/2025;domingo;10:25:00;RJ;116;173;SAO JOAO DE MERITI;Trafegar com motocicleta (ou similar) entre as faixas;Colis�o lateral mesmo sentido;Com V�timas Feridas;Pleno dia;Decrescente;C�u Claro;M�ltipla;Reta;Sim;3;0;1;1;1;0;2;2;-22,79809354;-43,35820645;SPRF-RJ;DEL06-RJ;UOP01-DEL06-RJ;;;
695132;01/06/2025;domingo;07:30:00;RJ;101;298;ITABORAI;Animais na Pista;Queda de ocupante de ve�culo;Com V�timas Feridas;Pleno dia;Crescente;Sol;Simples;"Curva;Aclive";Sim;1;0;1;0;0;0;1;1;-22,77094841;-42,92781115;SPRF-RJ;DEL02-RJ;UOP02-DEL02-RJ;;;
695134;01/06/2025;domingo;13:10:00;PE;232;213,2;PESQUEIRA;Ingest�o de �lcool pelo condutor;Colis�o frontal;Com V�timas Feridas;Pleno dia;Crescente;C�u Claro;Simples;Reta;N�o;3;0;3;0;0;0;3;2;-8,37729685;-36,72326658;SPRF-PE;DEL03-PE;UOP02-DEL03-PE;;;
695135;01/06/2025;domingo;10:45:00;SC;101;345;TUBARAO;Condutor desrespeitou a ilumina��o vermelha do sem�foro;Colis�o com objeto;Com V�timas Feridas;Pleno dia;Crescente;C�u Claro;M�ltipla;Reta;N�o;1;0;1;0;0;0;1;1;-28,55426099;-49,05423252;SPRF-SC;DEL02-SC;UOP01-DEL02-SC;;;
695136;01/06/2025;domingo;14:20:00;TO;153;521;PUGMIL;Rea��o tardia ou ineficiente do condutor;Sa�da de leito carro��vel;Com V�timas Feridas;Pleno dia;Decrescente;Sol;Simples;Reta;N�o;3;0;2;1;0;0;3;1;-10,39774;-48,895132;SPRF-TO;DEL01-TO;UOP01-DEL01-TO;;;
695138;01/06/2025;domingo;14:30:00;SP;116;224;GUARULHOS;Aus�ncia de rea��o do condutor;Colis�o traseira;Com V�timas Feridas;Pleno dia;Crescente;Sol;M�ltipla;"Reta;Em Obras";Sim;3;0;2;0;1;0;2;2;-23,48290536;-46,5360587;SPRF-SP;DEL01-SP;UOP01-DEL01-SP;;;
695141;01/06/2025;domingo;15:10:00;GO;153;533,7;HIDROLANDIA;Aus�ncia de rea��o do condutor;Sa�da de leito carro��vel;Com V�timas Feridas;Pleno dia;Decrescente;Sol;Dupla;Reta;N�o;5;0;1;2;2;0;3;1;-16,99949;-49,224028;SPRF-GO;DEL01-GO;UOP03-DEL01-GO;;;
695145;01/06/2025;domingo;13:40:00;MS;262;399,7;TERENOS;Rea��o tardia ou ineficiente do condutor;Sa�da de leito carro��vel;Com V�timas Feridas;Pleno dia;Crescente;C�u Claro;Simples;Reta;N�o;3;0;3;0;0;0;3;1;-20,42012555;-55,0152719;SPRF-MS;DEL01-MS;UOP03-DEL01-MS;;;
695146;01/06/2025;domingo;14:10:00;MS;60;440;SIDROLANDIA;Avarias e/ou desgaste excessivo no pneu;Sa�da de leito carro��vel;Com V�timas Feridas;Pleno dia;Decrescente;C�u Claro;Simples;Reta;N�o;3;0;1;0;2;0;1;1;-20,99015306;-55,09050738;SPRF-MS;DEL01-MS;UOP04-DEL01-MS;;;
695148;05/03/2025;quarta-feira;20:30:00;ES;101;298;VIANA;Aus�ncia de rea��o do condutor;Queda de ocupante de ve�culo;Com V�timas Feridas;Plena Noite;Decrescente;Ignorado;Dupla;Curva;N�o;1;0;0;1;0;0;1;1;-20,354248;-40,41616;SPRF-ES;DEL01-ES;UOP01-DEL01-ES;;;
695149;01/06/2025;domingo;15:00:00;GO;50;281,5;CATALAO;Aus�ncia de rea��o do condutor;Queda de ocupante de ve�culo;Com V�timas Feridas;Pleno dia;Crescente;Sol;Dupla;"Desvio Tempor�rio;Em Obras;Declive";Sim;1;0;1;0;0;0;1;1;-18,18707095;-47,94840066;SPRF-GO;DEL06-GO;UOP01-DEL06-GO;;;
695150;01/06/2025;domingo;09:43:00;MT;364;482;JANGADA;Manobra de mudan�a de faixa;Sa�da de leito carro��vel;Com V�timas Feridas;Pleno dia;Decrescente;C�u Claro;Simples;Reta;N�o;2;0;1;1;0;0;2;1;-15,32082158;-56,43024017;SPRF-MT;DEL01-MT;UOP02-DEL01-MT;;;
695151;01/06/2025;domingo;15:45:00;RS;290;35;SANTO ANTONIO DA PATRULHA;Aus�ncia de rea��o do condutor;Colis�o traseira;Com V�timas Feridas;Pleno dia;Decrescente;C�u Claro;Dupla;Reta;N�o;4;0;1;0;3;0;1;2;-29,885623;-50,60638;SPRF-RS;DEL03-RS;UOP01-DEL03-RS;;;
695153;01/06/2025;domingo;16:15:00;PI;343;8;PARNAIBA;Ingest�o de �lcool pelo condutor;Sa�da de leito carro��vel;Com V�timas Feridas;Pleno dia;Crescente;C�u Claro;Dupla;"Reta;Rotat�ria";Sim;1;0;1;0;0;0;1;1;-2,8996039;-41,7285522;SPRF-PI;DEL05-PI;UOP01-DEL05-PI;;;
695154;01/06/2025;domingo;16:30:00;RJ;116;135;DUQUE DE CAXIAS;Condutor Dormindo;Sa�da de leito carro��vel;Com V�timas Feridas;Anoitecer;Decrescente;Nublado;Dupla;Reta;N�o;2;0;1;0;1;0;1;1;-22,65683933;-43,24683563;SPRF-RJ;DEL04-RJ;UOP02-DEL04-RJ;;;
695155;01/06/2025;domingo;16:30:00;BA;116;817,8;VITORIA DA CONQUISTA;Acessar a via sem observar a presen�a dos outros ve�culos;Colis�o transversal;Com V�timas Feridas;Pleno dia;Crescente;Chuva;Simples;"Reta;Retorno Regulamentado;Interse��o de Vias";N�o;3;0;1;1;1;0;2;2;-14,8283502;-40,82777036;SPRF-BA;DEL08-BA;UOP01-DEL08-BA;;;
695156;01/06/2025;domingo;14:40:00;BA;324;534;SANTO AMARO;Aus�ncia de rea��o do condutor;Sa�da de leito carro��vel;Sem V�timas;Pleno dia;Decrescente;Chuva;Dupla;Reta;N�o;1;0;0;0;1;0;0;1;-12,3727429;-38,8102489;SPRF-BA;DEL01-BA;UOP03-DEL01-BA;;;
695157;01/06/2025;domingo;17:00:00;SC;101;145,3;ITAPEMA;Rea��o tardia ou ineficiente do condutor;Colis�o traseira;Com V�timas Feridas;Pleno dia;Decrescente;C�u Claro;Dupla;"Aclive;Reta";N�o;3;0;2;0;1;0;2;2;-27,08591512;-48,6079461;SPRF-SC;DEL04-SC;UOP03-DEL04-SC;;;
695159;01/06/2025;domingo;15:40:00;GO;20;8,2;FORMOSA;Transitar na contram�o;Colis�o frontal;Sem V�timas;Pleno dia;Crescente;C�u Claro;Simples;"Em Obras;Declive";N�o;2;0;0;0;2;0;0;2;-15,551662;-47,28213;SPRF-DF;DEL02-DF;UOP02-DEL02-DF;;;
695161;01/06/2025;domingo;09:00:00;AC;317;287;EPITACIOLANDIA;Aus�ncia de rea��o do condutor;Colis�o traseira;Com V�timas Feridas;Pleno dia;Crescente;C�u Claro;Simples;"Aclive;Reta";N�o;3;0;1;0;0;2;1;2;-11,03155337;-68,70410219;SPRF-AC;DEL01-AC;UOP02-DEL01-AC;;;
695162;01/06/2025;domingo;15:45:00;PR;277;527,1;GUARANIACU;Manobra de mudan�a de faixa;Colis�o frontal;Com V�timas Feridas;Pleno dia;Decrescente;Sol;Simples;"Curva;Declive";N�o;4;0;1;2;1;0;3;3;-25,0953627;-52,9365075;SPRF-PR;DEL04-PR;UOP04-DEL04-PR;;;
695163;01/06/2025;domingo;16:40:00;MG;40;750,2;SANTOS DUMONT;Velocidade Incompat�vel;Sa�da de leito carro��vel;Com V�timas Feridas;Pleno dia;Decrescente;Nublado;Dupla;"Curva;Aclive;Retorno Regulamentado";N�o;1;0;1;0;0;0;1;1;-21,48494447;-43,53388977;SPRF-MG;DEL05-MG;UOP01-DEL05-MG;;;
695164;01/06/2025;domingo;17:00:00;RS;116;231;IVOTI;Rea��o tardia ou ineficiente do condutor;Colis�o transversal;Com V�timas Feridas;Pleno dia;Crescente;C�u Claro;Simples;Interse��o de Vias;N�o;3;0;2;0;1;0;2;2;-29,62474655;-51,13567114;SPRF-RS;DEL01-RS;UOP02-DEL01-RS;;;
695166;01/06/2025;domingo;16:50:00;MG;365;167,2;BURITIZEIRO;Rea��o tardia ou ineficiente do condutor;Sa�da de leito carro��vel;Com V�timas Fatais;Pleno dia;Crescente;C�u Claro;Simples;Reta;Sim;1;1;0;0;0;0;0;1;-17,379921;-44,957625;SPRF-MG;DEL10-MG;UOP02-DEL010-MG;;;
695167;01/06/2025;domingo;13:15:00;RJ;101;330;RIO DE JANEIRO;Avarias e/ou desgaste excessivo no pneu;Queda de ocupante de ve�culo;Com V�timas Feridas;Pleno dia;Decrescente;C�u Claro;M�ltipla;Reta;N�o;2;0;1;0;1;0;1;1;-22,86984866;-43,18004608;SPRF-RJ;DEL02-RJ;UOP01-DEL02-RJ;;;
695169;01/06/2025;domingo;16:00:00;MG;365;531,8;ROMARIA;Transitar na contram�o;Colis�o frontal;Com V�timas Fatais;Pleno dia;Crescente;Sol;Simples;Reta;N�o;3;1;0;2;0;0;2;2;-18,922;-47,496;SPRF-MG;DEL10-MG;UOP01-DEL10-MG;;;
695171;01/06/2025;domingo;17:30:00;SP;381;80;SAO PAULO;Entrada inopinada do pedestre;Atropelamento de Pedestre;Com V�timas Feridas;Anoitecer;Crescente;C�u Claro;Dupla;"Interse��o de Vias;Reta;Aclive";Sim;2;0;0;1;1;0;1;2;-23,41952213;-46,57907009;SPRF-SP;DEL03-SP;UOP01-DEL03-SP;;;
695172;01/06/2025;domingo;16:40:00;SC;470;109,7;APIUNA;Acessar a via sem observar a presen�a dos outros ve�culos;Colis�o lateral mesmo sentido;Com V�timas Feridas;Pleno dia;Crescente;C�u Claro;Simples;"Aclive;Reta";Sim;2;0;1;0;0;1;1;2;-27,08361709;-49,44533095;SPRF-SC;DEL04-SC;UOP02-DEL04-SC;;;
695173;01/06/2025;domingo;16:00:00;SC;282;377,6;ERVAL VELHO;Ingest�o de �lcool pelo condutor;Sa�da de leito carro��vel;Com V�timas Feridas;Pleno dia;Crescente;C�u Claro;Dupla;Curva;N�o;2;0;2;0;0;0;2;1;-27,21856121;-51,4650836;SPRF-SC;DEL07-SC;UOP05-DEL07-SC;;;
695174;01/06/2025;domingo;14:30:00;RS;153;417,8;CACHOEIRA DO SUL;Aus�ncia de rea��o do condutor;Capotamento;Com V�timas Feridas;Pleno dia;Decrescente;Sol;Simples;Reta;N�o;1;0;1;0;0;0;1;1;-30,08028085;-52,87437625;SPRF-RS;DEL02-RS;UOP03-DEL02-RS;;;
695178;01/06/2025;domingo;16:19:00;CE;304;82,7;ICAPUI;Aus�ncia de rea��o do condutor;Colis�o traseira;Com V�timas Feridas;Pleno dia;Decrescente;C�u Claro;Simples;Reta;N�o;2;0;1;0;1;0;1;2;-4,731822;-37,548855;SPRF-CE;DEL03-CE;UOP02-DEL03-CE;;;
695181;01/06/2025;domingo;18:05:00;RN;304;72,5;MOSSORO;Pedestre cruzava a pista fora da faixa;Atropelamento de Pedestre;Com V�timas Fatais;Plena Noite;Crescente;C�u Claro;Simples;Reta;N�o;3;1;0;0;0;2;0;2;-5,41976;-37,21186;SPRF-RN;DEL04-RN;UOP01-DEL04-RN;;;
695182;01/06/2025;domingo;17:40:00;SE;101;123;ITAPORANGA DAJUDA;Rea��o tardia ou ineficiente do condutor;Queda de ocupante de ve�culo;Com V�timas Feridas;Plena Noite;Decrescente;Chuva;Simples;"Declive;Viaduto;Curva";N�o;2;0;2;0;0;0;2;1;-11,0437618;-37,36464914;SPRF-SE;DEL02-SE;UOP01-DEL02-SE;;;
695183;01/06/2025;domingo;18:15:00;BA;116;376;SANTA BARBARA;Transitar na contram�o;Colis�o frontal;Com V�timas Fatais;Plena Noite;Decrescente;Nublado;Simples;Reta;N�o;3;1;1;0;1;0;1;2;-11,821182;-38,97626;SPRF-BA;DEL02-BA;UOP01-DEL02-BA;;;
695184;01/06/2025;domingo;18:30:00;PR;116;127,2;FAZENDA RIO GRANDE;Rea��o tardia ou ineficiente do condutor;Colis�o lateral mesmo sentido;Com V�timas Feridas;Plena Noite;Decrescente;C�u Claro;M�ltipla;Reta;Sim;2;0;1;0;1;0;1;2;-25,6491641;-49,3124195;SPRF-PR;DEL01-PR;UOP03-DEL01-PR;;;
695185;01/06/2025;domingo;18:20:00;RS;153;46,4;ERECHIM;Acessar a via sem observar a presen�a dos outros ve�culos;Colis�o transversal;Com V�timas Feridas;Anoitecer;Decrescente;C�u Claro;Simples;Reta;Sim;3;0;2;0;0;1;2;2;-27,63829981;-52,24104166;SPRF-RS;DEL08-RS;UOP04-DEL08-RS;;;
695186;01/06/2025;domingo;18:15:00;RS;116;242;SAO LEOPOLDO;Rea��o tardia ou ineficiente do condutor;Colis�o lateral mesmo sentido;Com V�timas Feridas;Plena Noite;Crescente;Nublado;M�ltipla;Reta;Sim;3;0;2;0;1;0;2;2;-29,72178734;-51,14865303;SPRF-RS;DEL01-RS;UOP02-DEL01-RS;;;
695187;01/06/2025;domingo;18:35:00;GO;20;171;ALVORADA DO NORTE;Rea��o tardia ou ineficiente do condutor;Colis�o lateral mesmo sentido;Com V�timas Fatais;Anoitecer;Crescente;C�u Claro;Simples;Reta;N�o;2;1;0;0;0;1;0;2;-14,50596601;-46,51639223;SPRF-DF;DEL02-DF;UOP03-DEL02-DF;;;
695189;01/06/2025;domingo;15:05:00;MG;40;655,5;CRISTIANO OTONI;Velocidade Incompat�vel;Sa�da de leito carro��vel;Sem V�timas;Pleno dia;Decrescente;Chuva;Simples;Curva;N�o;1;0;0;0;1;0;0;1;-20,77136519;-43,80602944;SPRF-MG;DEL05-MG;UOP02-DEL05-MG;;;
695190;01/06/2025;domingo;18:45:00;RJ;116;289;BARRA MANSA;Aus�ncia de rea��o do condutor;Queda de ocupante de ve�culo;Com V�timas Feridas;Plena Noite;Decrescente;C�u Claro;Dupla;Curva;N�o;1;0;1;0;0;0;1;1;-22,46032781;-44,29045916;SPRF-RJ;DEL07-RJ;UOP02-DEL07-RJ;;;
695191;01/06/2025;domingo;18:40:00;SP;116;285;ITAPECERICA DA SERRA;Aus�ncia de rea��o do condutor;Colis�o lateral mesmo sentido;Com V�timas Feridas;Plena Noite;Decrescente;C�u Claro;Dupla;Reta;Sim;3;0;1;0;2;0;1;2;-23,68511697;-46,85933327;SPRF-SP;DEL04-SP;UOP01-DEL04-SP;;;
695194;01/06/2025;domingo;18:40:00;PR;277;176;PALMEIRA;Rea��o tardia ou ineficiente do condutor;Sa�da de leito carro��vel;Com V�timas Feridas;Plena Noite;Crescente;C�u Claro;Simples;"Declive;Reta";Sim;2;0;1;0;1;0;1;1;-25,4341889;-50,0001242;SPRF-PR;DEL08-PR;UOP02-DEL08-PR;;;
695195;01/06/2025;domingo;18:50:00;SP;116;167;JACAREI;Rea��o tardia ou ineficiente do condutor;Colis�o frontal;Com V�timas Feridas;Plena Noite;Decrescente;C�u Claro;Simples;Curva;N�o;2;0;0;1;1;0;1;2;-23,30187095;-46,02190398;SPRF-SP;DEL02-SP;UOP01-DEL02-SP;;;
695196;01/06/2025;domingo;17:00:00;SP;116;447;REGISTRO;Acessar a via sem observar a presen�a dos outros ve�culos;Colis�o traseira;Com V�timas Feridas;Anoitecer;Decrescente;C�u Claro;Simples;Interse��o de Vias;Sim;5;0;1;0;4;0;1;2;-24,51887409;-47,85240976;SPRF-SP;DEL05-SP;UOP01-DEL05-SP;;;
695197;01/06/2025;domingo;15:00:00;BA;116;798,1;VITORIA DA CONQUISTA;Aus�ncia de rea��o do condutor;Colis�o com objeto;Com V�timas Feridas;Pleno dia;Decrescente;Garoa/Chuvisco;Simples;Reta;N�o;3;0;0;1;2;0;1;3;-14,7598105;-40,60296631;SPRF-BA;DEL08-BA;UOP02-DEL08-BA;;;
695199;01/06/2025;domingo;19:00:00;SC;101;144,1;ITAPEMA;Rea��o tardia ou ineficiente do condutor;Engavetamento;Sem V�timas;Plena Noite;Decrescente;C�u Claro;Dupla;Reta;Sim;2;0;0;0;2;0;0;2;-27,07589304;-48,59793918;SPRF-SC;DEL04-SC;UOP03-DEL04-SC;;;
695200;01/06/2025;domingo;19:00:00;PR;277;586,9;CASCAVEL;Pedestre andava na pista;Atropelamento de Pedestre;Com V�timas Feridas;Plena Noite;Decrescente;C�u Claro;Simples;"Reta;Aclive";Sim;2;0;1;1;0;0;2;2;-24,96891121;-53,42844184;SPRF-PR;DEL04-PR;UOP01-DEL04-PR;;;
695201;01/06/2025;domingo;18:00:00;RJ;40;121;DUQUE DE CAXIAS;Rea��o tardia ou ineficiente do condutor;Engavetamento;Com V�timas Feridas;Plena Noite;Crescente;C�u Claro;M�ltipla;Reta;N�o;6;0;3;0;3;0;3;4;-22,78714083;-43,28545442;SPRF-RJ;DEL01-RJ;UOP02-DEL01-RJ;;;
695202;01/06/2025;domingo;19:20:00;PR;116;76;QUATRO BARRAS;Objeto est�tico sobre o leito carro��vel;Colis�o com objeto;Com V�timas Feridas;Plena Noite;Decrescente;Chuva;Dupla;Reta;Sim;4;0;2;0;2;0;2;1;-25,38280472;-49,05292511;SPRF-PR;DEL01-PR;UOP02-DEL01-PR;;;
695204;01/06/2025;domingo;18:50:00;RO;319;64;PORTO VELHO;Aus�ncia de rea��o do condutor;Colis�o transversal;Com V�timas Feridas;Plena Noite;Decrescente;C�u Claro;Dupla;Interse��o de Vias;Sim;3;0;2;0;0;1;2;2;-8,76737116;-63,8839606;SPRF-RO;DEL01-RO;UOP01-DEL01-RO;;;
695205;01/06/2025;domingo;17:30:00;SC;116;164,9;PONTE ALTA DO NORTE;Demais falhas mec�nicas ou el�tricas;Sa�da de leito carro��vel;Com V�timas Feridas;Pleno dia;Crescente;C�u Claro;Simples;Curva;N�o;1;0;1;0;0;0;1;1;-27,148975;-50,460421;SPRF-SC;DEL05-SC;UOP03-DEL05-SC;;;
695206;01/06/2025;domingo;18:50:00;RJ;101;490;ANGRA DOS REIS;Manobra de mudan�a de faixa;Colis�o lateral mesmo sentido;Com V�timas Feridas;Plena Noite;Decrescente;Nublado;Simples;Reta;N�o;3;0;2;0;1;0;2;2;-22,954118;-44,319953;SPRF-RJ;DEL03-RJ;UOP03-DEL03-RJ;;;
695207;01/06/2025;domingo;17:15:00;MG;262;800,5;UBERABA;Acumulo de areia ou detritos sobre o pavimento;Tombamento;Com V�timas Feridas;Anoitecer;Crescente;C�u Claro;Dupla;Reta;Sim;1;0;1;0;0;0;1;1;-19,768479;-47,892432;SPRF-MG;DEL13-MG;UOP01-DEL13-MG;;;
695209;01/06/2025;domingo;19:43:00;RN;226;1;NATAL;Ingest�o de �lcool pelo condutor;Colis�o frontal;Com V�timas Feridas;Plena Noite;Crescente;C�u Claro;Dupla;Reta;Sim;2;0;0;1;0;1;1;2;-5,81906977;-35,26288616;SPRF-RN;DEL01-RN;UOP02-DEL01-RN;;;
695210;16/05/2025;sexta-feira;23:30:00;SP;101;51;UBATUBA;Acesso irregular;Colis�o transversal;Sem V�timas;Plena Noite;Decrescente;C�u Claro;Simples;Reta;Sim;2;0;0;0;2;0;0;2;-23,45616902;-45,07110771;SPRF-SP;DEL06-SP;UOP01-DEL06-SP;;;
695211;01/06/2025;domingo;20:00:00;BA;418;89;NOVA VICOSA;Transitar na contram�o;Colis�o frontal;Com V�timas Feridas;Pleno dia;Crescente;Nublado;Simples;Reta;Sim;2;0;0;1;1;0;1;2;-17,882235;-39,857282;SPRF-BA;DEL09-BA;UOP02-DEL09-BA;;;
695212;01/06/2025;domingo;20:00:00;SC;101;197;BIGUACU;Ingest�o de �lcool pelo condutor;Sa�da de leito carro��vel;Sem V�timas;Plena Noite;Decrescente;C�u Claro;Dupla;"Declive;Reta";Sim;1;0;0;0;1;0;0;1;-27,51939922;-48,6375889;SPRF-SC;DEL01-SC;UOP01-DEL01-SC;;;
695214;01/06/2025;domingo;19:15:00;MT;163;1066;GUARANTA DO NORTE;Condutor deixou de manter dist�ncia do ve�culo da frente;Colis�o traseira;Sem V�timas;Plena Noite;Decrescente;C�u Claro;Simples;Reta;Sim;2;0;0;0;2;0;0;1;-9,93536167;-54,90371333;SPRF-MT;DEL06-MT;UOP03-DEL06-MT;;;
695215;01/06/2025;domingo;18:34:00;RJ;101;195;CASIMIRO DE ABREU;Ilumina��o deficiente;Atropelamento de Pedestre;Com V�timas Fatais;Plena Noite;Decrescente;C�u Claro;Dupla;Curva;N�o;5;1;0;0;4;0;0;2;-22,49198;-42,1145;SPRF-RJ;DEL08-RJ;UOP04-DEL08-RJ;;;
695217;01/06/2025;domingo;20:35:00;SP;116;440,5;REGISTRO;Pedestre cruzava a pista fora da faixa;Atropelamento de Pedestre;Com V�timas Feridas;Plena Noite;Decrescente;C�u Claro;Dupla;Reta;Sim;3;0;1;0;2;0;1;2;-24,46045831;-47,81645743;SPRF-SP;DEL05-SP;UOP01-DEL05-SP;;;
695218;01/06/2025;domingo;14:50:00;RS;470;245,7;BARAO;Aus�ncia de rea��o do condutor;Sa�da de leito carro��vel;Com V�timas Feridas;Pleno dia;Decrescente;C�u Claro;Simples;Reta;Sim;1;0;1;0;0;0;1;1;-29,38358322;-51,49214141;SPRF-RS;DEL06-RS;UOP01-DEL06-RS;;;
695220;01/06/2025;domingo;20:25:00;MS;163;347;RIO BRILHANTE;Rea��o tardia ou ineficiente do condutor;Sa�da de leito carro��vel;Sem V�timas;Plena Noite;Crescente;C�u Claro;Simples;Reta;N�o;1;0;0;0;1;0;0;1;-21,61812;-54,43341;SPRF-MS;DEL02-MS;UOP02-DEL02-MS;;;
695222;01/06/2025;domingo;19:05:00;MA;316;612,7;TIMON;Manobra de mudan�a de faixa;Colis�o frontal;Com V�timas Feridas;Plena Noite;Crescente;C�u Claro;Simples;Reta;N�o;7;0;0;1;4;2;1;5;-5,074068;-42,863423;SPRF-MA;DEL03-MA;UOP02-DEL03-MA;;;
695223;01/06/2025;domingo;19:18:00;RJ;116;132;MAGE;Rea��o tardia ou ineficiente do condutor;Sa�da de leito carro��vel;Com V�timas Feridas;Plena Noite;Decrescente;Nublado;Dupla;Reta;N�o;1;0;1;0;0;0;1;1;-22,65577944;-43,1389761;SPRF-RJ;DEL04-RJ;UOP02-DEL04-RJ;;;
695224;01/06/2025;domingo;20:15:00;MG;40;505,3;RIBEIRAO DAS NEVES;Rea��o tardia ou ineficiente do condutor;Colis�o traseira;Com V�timas Feridas;Plena Noite;Crescente;C�u Claro;Dupla;"Reta;Declive";N�o;3;0;1;0;2;0;1;2;-19,747306;-44,154372;SPRF-MG;DEL02-MG;UOP01-DEL02-MG;;;