id;data_inversa;dia_semana;horario;uf;br;km;municipio;causa_acidente;tipo_acidente;classificacao_acidente;fase_dia;sentido_via;condicao_metereologica;tipo_pista;tracado_via;uso_solo;pessoas;mortos;feridos_leves;feridos_graves;ilesos;ignorados;feridos;veiculos;latitude;longitude;regional;delegacia;uop;;;
695225;01/06/2025;domingo;17:45:00;PB;230;366,4;MALTA;Condutor deixou de manter dist�ncia do ve�culo da frente;Colis�o lateral mesmo sentido;Com V�timas Feridas;Plena Noite;Crescente;C�u Claro;Simples;Reta;Sim;2;0;0;2;0;0;2;2;-6,90407;-37,519936;SPRF-PB;DEL03-PB;UOP02-DEL03-PB;;;
695227;01/06/2025;domingo;19:20:00;BA;101;397;IBIRAPITANGA;Pista Escorregadia;Capotamento;Com V�timas Feridas;Plena Noite;Crescente;Nublado;Simples;Curva;N�o;1;0;1;0;0;0;1;1;-13,988515;-39,466233;SPRF-BA;DEL05-BA;UOP03-DEL05-BA;;;
695228;01/06/2025;domingo;21:20:00;SC;101;153;PORTO BELO;Condutor deixou de manter dist�ncia do ve�culo da frente;Colis�o lateral mesmo sentido;Com V�timas Feridas;Plena Noite;Crescente;C�u Claro;Dupla;Reta;Sim;2;0;0;1;1;0;1;2;-27,14427649;-48,61053911;SPRF-SC;DEL04-SC;UOP03-DEL04-SC;;;
695229;01/06/2025;domingo;18:50:00;RS;285;210,4;CASEIROS;Aus�ncia de rea��o do condutor;Colis�o traseira;Sem V�timas;Plena Noite;Decrescente;C�u Claro;Simples;Curva;N�o;2;0;0;0;2;0;0;2;-28,26766471;-51,67145614;SPRF-RS;DEL08-RS;UOP05-DEL08-RS;;;
695230;01/06/2025;domingo;18:00:00;MG;40;516;RIBEIRAO DAS NEVES;Aus�ncia de rea��o do condutor;Colis�o traseira;Com V�timas Feridas;Plena Noite;Crescente;C�u Claro;Dupla;Reta;N�o;2;0;1;0;1;0;1;2;-19,81829522;-44,08798146;SPRF-MG;DEL01-MG;UOP02-DEL01-MG;;;
695231;01/06/2025;domingo;18:30:00;BA;101;365;CATU;Transitar na contram�o;Colis�o lateral sentido oposto;Com V�timas Feridas;Plena Noite;Crescente;Ignorado;Simples;"Aclive;Curva";N�o;3;0;1;0;2;0;1;3;-12,33053497;-38,38175021;SPRF-BA;DEL05-BA;UOP03-DEL05-BA;;;
695232;01/06/2025;domingo;18:40:00;BA;110;103,5;ALAGOINHAS;Aus�ncia de rea��o do condutor;Colis�o traseira;Com V�timas Feridas;Plena Noite;Crescente;C�u Claro;Simples;"Reta;Declive";Sim;3;0;0;1;0;2;1;3;-12,113909;-38,38976;SPRF-BA;DEL07-BA;UOP01-DEL07-BA;;;
695233;01/06/2025;domingo;21:30:00;PE;407;125;PETROLINA;Ingest�o de �lcool pelo condutor;Colis�o traseira;Com V�timas Feridas;Plena Noite;Decrescente;C�u Claro;Dupla;Reta;Sim;3;0;1;1;0;1;2;2;-9,37988746;-40,53339813;SPRF-PE;DEL06-PE;UOP01-DEL06-PE;;;
695234;01/06/2025;domingo;16:00:00;PB;230;215,6;SOLEDADE;Acessar a via sem observar a presen�a dos outros ve�culos;Queda de ocupante de ve�culo;Com V�timas Feridas;Pleno dia;Decrescente;Sol;Simples;Reta;Sim;1;0;1;0;0;0;1;1;-7,057063;-36,366305;SPRF-PB;DEL02-PB;UOP02-DEL02-PB;;;
695236;01/06/2025;domingo;21:00:00;RJ;101;485;ANGRA DOS REIS;Rea��o tardia ou ineficiente do condutor;Colis�o traseira;Com V�timas Feridas;Plena Noite;Crescente;Nublado;Simples;Reta;N�o;2;0;1;0;1;0;1;2;-22,986578;-44,299071;SPRF-RJ;DEL03-RJ;UOP03-DEL03-RJ;;;
695237;01/06/2025;domingo;19:30:00;MT;70;4;BARRA DO GARCAS;Ingest�o de �lcool pelo condutor;Queda de ocupante de ve�culo;Com V�timas Feridas;Plena Noite;Crescente;C�u Claro;Dupla;Reta;Sim;1;0;1;0;0;0;1;1;-15,87966595;-52,28181124;SPRF-MT;DEL07-MT;UOP01-DEL07-MT;;;
695238;01/06/2025;domingo;20:00:00;SC;116;49;PAPANDUVA;Aus�ncia de rea��o do condutor;Sa�da de leito carro��vel;Sem V�timas;Plena Noite;Crescente;C�u Claro;Simples;Reta;N�o;1;0;0;0;0;1;0;1;-26,37537306;-50,12911588;SPRF-SC;DEL06-SC;UOP01-DEL06-SC;;;
695239;01/06/2025;domingo;20:50:00;PR;163;176;LINDOESTE;Rea��o tardia ou ineficiente do condutor;Colis�o com objeto;Com V�timas Feridas;Plena Noite;Crescente;C�u Claro;Dupla;Curva;N�o;3;0;3;0;0;0;3;1;-25,23175077;-53,5882177;SPRF-PR;DEL05-PR;UOP05-DEL05-PR;;;
695241;01/06/2025;domingo;19:10:00;RJ;116;115;MAGE;Aus�ncia de rea��o do condutor;Colis�o traseira;Com V�timas Feridas;Plena Noite;Decrescente;C�u Claro;Simples;Reta;Sim;3;0;2;0;1;0;2;2;-22,58883622;-43,01892471;SPRF-RJ;DEL04-RJ;UOP02-DEL04-RJ;;;
695244;01/06/2025;domingo;22:00:00;MG;40;476,5;SETE LAGOAS;Ingest�o de �lcool pelo condutor;Sa�da de leito carro��vel;Com V�timas Feridas;Plena Noite;Decrescente;C�u Claro;M�ltipla;Reta;N�o;3;0;3;0;0;0;3;1;-19,5192;-44,26691;SPRF-MG;DEL02-MG;UOP01-DEL02-MG;;;
695245;01/06/2025;domingo;18:30:00;GO;80;132;BARRO ALTO;Rea��o tardia ou ineficiente do condutor;Colis�o traseira;Com V�timas Feridas;Plena Noite;Decrescente;C�u Claro;Simples;"Reta;Declive";Sim;5;0;1;0;3;1;1;2;-14,99748225;-48,90596867;SPRF-GO;DEL07-GO;UOP02-DEL07-GO;;;
695248;01/06/2025;domingo;22:30:00;PR;116;29,2;CAMPINA GRANDE DO SUL;Ingest�o de �lcool pelo condutor;Sa�da de leito carro��vel;Com V�timas Fatais;Plena Noite;Crescente;Garoa/Chuvisco;Dupla;Curva;N�o;3;1;0;0;2;0;0;1;-25,099628;-48,814842;SPRF-PR;DEL01-PR;UOP02-DEL01-PR;;;
695249;01/06/2025;domingo;22:40:00;CE;116;5,5;FORTALEZA;Animais na Pista;Atropelamento de Animal;Com V�timas Feridas;Plena Noite;Decrescente;C�u Claro;M�ltipla;Reta;Sim;1;0;1;0;0;0;1;1;-3,7968812;-38,5062725;SPRF-CE;DEL01-CE;UOP02-DEL01-CE;;;
695250;01/06/2025;domingo;21:15:00;SC;101;383,4;ICARA;Ingest�o de �lcool pelo condutor;Colis�o transversal;Com V�timas Feridas;Plena Noite;Crescente;C�u Claro;Simples;Interse��o de Vias;Sim;3;0;1;0;2;0;1;2;-28,77413549;-49,31514708;SPRF-SC;DEL02-SC;UOP02-DEL02-SC;;;
695254;01/06/2025;domingo;20:50:00;RJ;40;120;DUQUE DE CAXIAS;Ingest�o de �lcool pelo condutor;Queda de ocupante de ve�culo;Com V�timas Feridas;Plena Noite;Decrescente;C�u Claro;Dupla;Reta;N�o;1;0;1;0;0;0;1;1;-22,78089662;-43,28546762;SPRF-RJ;DEL01-RJ;UOP02-DEL01-RJ;;;
695255;01/06/2025;domingo;22:50:00;TO;153;497,2;PARAISO DO TOCANTINS;Demais falhas mec�nicas ou el�tricas;Colis�o com objeto;Sem V�timas;Plena Noite;Decrescente;C�u Claro;Simples;"Declive;Reta;T�nel";Sim;1;0;0;0;1;0;0;1;-10,1738;-48,88034;SPRF-TO;DEL01-TO;UOP01-DEL01-TO;;;
695256;01/06/2025;domingo;22:55:00;PB;101;84,6;BAYEUX;Acumulo de �gua sobre o pavimento;Tombamento;Com V�timas Feridas;Plena Noite;Crescente;C�u Claro;Dupla;Reta;Sim;1;0;1;0;0;0;1;1;-7,143593;-34,918787;SPRF-PB;DEL01-PB;UOP01-DEL01-PB;;;
695257;01/06/2025;domingo;21:00:00;RJ;101;407;ITAGUAI;Ingest�o de �lcool pelo condutor;Sa�da de leito carro��vel;Sem V�timas;Plena Noite;Crescente;Nublado;Dupla;Reta;N�o;1;0;0;0;1;0;0;1;-22,877909;-43,818957;SPRF-RJ;DEL03-RJ;UOP01-DEL03-RJ;;;
695258;01/06/2025;domingo;23:00:00;CE;116;43;HORIZONTE;Rea��o tardia ou ineficiente do condutor;Colis�o com objeto;Sem V�timas;Plena Noite;Crescente;C�u Claro;Dupla;Reta;Sim;2;0;0;0;1;1;0;2;-4,11863886;-38,4881115;SPRF-CE;DEL01-CE;UOP02-DEL01-CE;;;
695260;01/06/2025;domingo;23:50:00;RJ;116;138;DUQUE DE CAXIAS;Rea��o tardia ou ineficiente do condutor;Colis�o com objeto;Com V�timas Feridas;Plena Noite;Crescente;C�u Claro;Dupla;Reta;N�o;3;0;0;1;2;0;1;2;-22,64651184;-43,20566654;SPRF-RJ;DEL04-RJ;UOP02-DEL04-RJ;;;
695261;01/06/2025;domingo;22:50:00;RS;470;174,7;VERANOPOLIS;Ingest�o de �lcool pelo condutor;Colis�o frontal;Com V�timas Feridas;Plena Noite;Decrescente;Nublado;Simples;Reta;Sim;2;0;1;1;0;0;2;2;-28,91747792;-51,53914972;SPRF-RS;DEL06-RS;UOP02-DEL06-RS;;;
695262;01/06/2025;domingo;22:25:00;PI;230;306,9;FLORIANO;Aus�ncia de rea��o do condutor;Colis�o com objeto;Com V�timas Fatais;Plena Noite;Decrescente;C�u Claro;Simples;"Aclive;Rotat�ria;Interse��o de Vias";Sim;1;1;0;0;0;0;0;1;-6,787093;-42,993248;SPRF-PI;DEL03-PI;UOP01-DEL03-PI;;;
695263;01/06/2025;domingo;23:40:00;PE;101;47;ABREU E LIMA;Transitar na contram�o;Colis�o frontal;Com V�timas Fatais;Plena Noite;Crescente;Nublado;M�ltipla;"Interse��o de Vias;Retorno Regulamentado";Sim;4;1;0;2;1;0;2;2;-7,89071019;-34,90369169;SPRF-PE;DEL01-PE;UOP02-DEL01-PE;;;
695264;01/06/2025;domingo;21:00:00;MT;163;955,8;NOVA SANTA HELENA;Acessar a via sem observar a presen�a dos outros ve�culos;Colis�o transversal;Com V�timas Feridas;Plena Noite;Decrescente;C�u Claro;Simples;"Rotat�ria;Interse��o de Vias";Sim;7;0;0;2;5;0;2;3;-10,84858094;-55,18805313;SPRF-MT;DEL06-MT;UOP02-DEL06-MT;;;
695265;01/06/2025;domingo;23:55:00;MG;40;434;PARAOPEBA;Ingest�o de �lcool pelo condutor;Sa�da de leito carro��vel;Sem V�timas;Plena Noite;Crescente;C�u Claro;Dupla;Reta;N�o;1;0;0;0;0;1;0;1;-19,213458;-44,45785;SPRF-MG;DEL02-MG;UOP01-DEL02-MG;;;
695266;02/06/2025;segunda-feira;00:50:00;RS;116;522;PELOTAS;Transitar na contram�o;Colis�o frontal;Com V�timas Feridas;Plena Noite;Decrescente;Nublado;Dupla;Reta;N�o;2;0;0;1;0;1;1;2;-31,71505174;-52,37541747;SPRF-RS;DEL07-RS;UOP01-DEL07-RS;;;
695267;01/06/2025;domingo;21:30:00;PA;308;188;TRACUATEUA;Animais na Pista;Atropelamento de Animal;Com V�timas Fatais;Plena Noite;Crescente;C�u Claro;Simples;Reta;N�o;4;1;1;2;0;0;3;1;-1,09430291;-46,9097127;SPRF-PA;DEL01-PA;UOP03-DEL01-PA;;;
695268;01/06/2025;domingo;23:00:00;PR;277;116;CAMPO LARGO;Pedestre andava na pista;Atropelamento de Pedestre;Com V�timas Fatais;Plena Noite;Decrescente;C�u Claro;Dupla;Curva;Sim;4;1;0;0;3;0;0;2;-25,4369;-49,44433;SPRF-PR;DEL03-PR;UOP03-DEL03-PR;;;
695269;02/06/2025;segunda-feira;00:05:00;BA;324;608;SIMOES FILHO;Transtornos Mentais (exceto suicidio);Atropelamento de Pedestre;Com V�timas Fatais;Plena Noite;Crescente;Garoa/Chuvisco;Dupla;Reta;N�o;4;1;0;0;3;0;0;2;-12,828008;-38,410651;SPRF-BA;DEL01-BA;UOP01-DEL01-BA;;;
695272;02/06/2025;segunda-feira;01:30:00;RS;448;10;CANOAS;Aus�ncia de rea��o do condutor;Colis�o com objeto;Com V�timas Feridas;Plena Noite;Crescente;C�u Claro;Dupla;Reta;Sim;2;0;2;0;0;0;2;1;-29,88576765;-51,23846881;SPRF-RS;DEL01-RS;UOP01-DEL01-RS;;;
695273;02/06/2025;segunda-feira;01:00:00;RS;386;337;MARQUES DE SOUZA;Rea��o tardia ou ineficiente do condutor;Sa�da de leito carro��vel;Sem V�timas;Plena Noite;Decrescente;Nevoeiro/Neblina;Simples;Reta;N�o;1;0;0;0;0;1;0;1;-29,33573685;-52,0917546;SPRF-RS;DEL04-RS;UOP01-DEL04-RS;;;
695274;01/06/2025;domingo;21:30:00;SC;116;239,9;CORREIA PINTO;Ingest�o de �lcool pelo condutor;Sa�da de leito carro��vel;Com V�timas Feridas;Plena Noite;Crescente;Ignorado;Dupla;"Reta;Aclive";N�o;2;0;1;0;0;1;1;1;-27,72547501;-50,33626556;SPRF-SC;DEL05-SC;UOP01-DEL05-SC;;;
695277;02/06/2025;segunda-feira;00:14:00;SP;488;3,2;APARECIDA;Aus�ncia de rea��o do condutor;Colis�o com objeto;Sem V�timas;Plena Noite;Decrescente;C�u Claro;Dupla;Reta;Sim;1;0;0;0;1;0;0;1;-22,856556;-45,244376;SPRF-SP;DEL08-SP;UOP01-DEL08-SP;;;
695278;02/06/2025;segunda-feira;01:15:00;SC;101;166,1;TIJUCAS;Aus�ncia de rea��o do condutor;Sa�da de leito carro��vel;Com V�timas Fatais;Plena Noite;Decrescente;C�u Claro;Dupla;Reta;N�o;1;1;0;0;0;0;0;1;-27,2602584;-48,6315399;SPRF-SC;DEL04-SC;UOP03-DEL04-SC;;;
695279;01/06/2025;domingo;22:30:00;RN;226;344,3;PATU;Objeto est�tico sobre o leito carro��vel;Colis�o com objeto;Com V�timas Feridas;Plena Noite;Decrescente;C�u Claro;Simples;Reta;N�o;2;0;1;0;1;0;1;2;-6,09959086;-37,64328003;SPRF-RN;DEL04-RN;UOP01-DEL04-RN;;;
695281;02/06/2025;segunda-feira;02:45:00;RS;386;345,1;LAJEADO;Rea��o tardia ou ineficiente do condutor;Sa�da de leito carro��vel;Com V�timas Fatais;Plena Noite;Crescente;Nevoeiro/Neblina;Dupla;"Em Obras;Curva";N�o;1;1;0;0;0;0;0;1;-29,44312758;-51,98725574;SPRF-RS;DEL04-RS;UOP01-DEL04-RS;;;
695283;02/06/2025;segunda-feira;03:10:00;RS;293;2;PELOTAS;Condutor usando celular;Colis�o com objeto;Com V�timas Feridas;Plena Noite;Decrescente;C�u Claro;Simples;"Interse��o de Vias;Rotat�ria";Sim;1;0;0;1;0;0;1;1;-31,741437;-52,364003;SPRF-RS;DEL07-RS;UOP01-DEL07-RS;;;
695284;02/06/2025;segunda-feira;04:21:00;PE;104;58;CARUARU;Animais na Pista;Atropelamento de Animal;Sem V�timas;Plena Noite;Crescente;C�u Claro;Dupla;Reta;N�o;5;0;0;0;5;0;0;1;-8,220498;-35,975853;SPRF-PE;DEL02-PE;UOP01-DEL02-PE;;;
695285;02/06/2025;segunda-feira;05:00:00;SC;101;206;SAO JOSE;Aus�ncia de rea��o do condutor;Colis�o traseira;Com V�timas Feridas;Plena Noite;Crescente;C�u Claro;M�ltipla;"Reta;Interse��o de Vias";Sim;2;0;0;1;0;1;1;2;-27,594862;-48,619405;SPRF-SC;DEL01-SC;UOP01-DEL01-SC;;;
695287;02/06/2025;segunda-feira;04:48:00;PR;376;660;TIJUCAS DO SUL;Velocidade Incompat�vel;Sa�da de leito carro��vel;Com V�timas Feridas;Plena Noite;Decrescente;Garoa/Chuvisco;Dupla;"Reta;Declive";N�o;1;0;1;0;0;0;1;1;-25,85283208;-48,99258614;SPRF-PR;DEL01-PR;UOP04-DEL01-PR;;;
695291;02/06/2025;segunda-feira;04:50:00;RO;364;342;JI-PARANA;Ingest�o de �lcool pelo condutor;Tombamento;Com V�timas Feridas;Plena Noite;Decrescente;C�u Claro;M�ltipla;Reta;Sim;1;0;1;0;0;0;1;1;-10,88087132;-61,9421228;SPRF-RO;DEL02-RO;UOP01-DEL02-RO;;;
695292;02/06/2025;segunda-feira;06:47:00;SC;101;214,3;PALHOCA;Trafegar com motocicleta (ou similar) entre as faixas;Colis�o traseira;Com V�timas Feridas;Pleno dia;Decrescente;Nublado;M�ltipla;Reta;Sim;2;0;0;1;1;0;1;2;-27,647198;-48,672424;SPRF-SC;DEL01-SC;UOP02-DEL01-SC;;;
695294;02/06/2025;segunda-feira;06:49:00;PE;101;80;JABOATAO DOS GUARARAPES;Transitar no Acostamento;Atropelamento de Pedestre;Com V�timas Feridas;Pleno dia;Crescente;Nublado;Dupla;Reta;Sim;2;0;1;0;1;0;1;2;-8,157762;-34,940925;SPRF-PE;DEL01-PE;UOP01-DEL01-PE;;;
695295;02/06/2025;segunda-feira;06:40:00;SP;116;445;REGISTRO;Aus�ncia de rea��o do condutor;Sa�da de leito carro��vel;Com V�timas Feridas;Amanhecer;Decrescente;C�u Claro;Simples;Reta;Sim;1;0;1;0;0;0;1;1;-24,49689438;-47,8404665;SPRF-SP;DEL05-SP;UOP01-DEL05-SP;;;
695299;02/06/2025;segunda-feira;04:30:00;PR;277;169;PALMEIRA;Rea��o tardia ou ineficiente do condutor;Tombamento;Com V�timas Feridas;Plena Noite;Decrescente;C�u Claro;Simples;"Reta;Declive";N�o;2;0;2;0;0;0;2;1;-25,4634096;-49,9262706;SPRF-PR;DEL03-PR;UOP03-DEL03-PR;;;
695300;02/06/2025;segunda-feira;07:00:00;MG;381;500,5;BETIM;Rea��o tardia ou ineficiente do condutor;Colis�o traseira;Com V�timas Feridas;Pleno dia;Decrescente;C�u Claro;Dupla;Reta;Sim;3;0;0;2;1;0;2;2;-20,0078602;-44,2168522;SPRF-MG;DEL01-MG;UOP03-DEL01-MG;;;
695302;02/06/2025;segunda-feira;07:18:00;TO;153;141;ARAGUAINA;Acessar a via sem observar a presen�a dos outros ve�culos;Colis�o lateral mesmo sentido;Com V�timas Feridas;Pleno dia;Decrescente;C�u Claro;Simples;"Rotat�ria;Retorno Regulamentado";Sim;3;0;2;0;1;0;2;2;-7,17924455;-48,22264194;SPRF-TO;DEL02-TO;UOP01-DEL02-TO;;;
695303;02/06/2025;segunda-feira;07:45:00;RS;290;174,8;BUTIA;Desrespeitar a prefer�ncia no cruzamento;Colis�o transversal;Com V�timas Feridas;Pleno dia;Crescente;Sol;Simples;Interse��o de Vias;Sim;2;0;1;0;1;0;1;2;-30,12850412;-51,95789192;SPRF-RS;DEL02-RS;UOP03-DEL02-RS;;;
695304;02/06/2025;segunda-feira;06:30:00;BA;101;221;SANTO ANTONIO DE JESUS;Aus�ncia de rea��o do condutor;Atropelamento de Pedestre;Com V�timas Feridas;Pleno dia;Decrescente;C�u Claro;Simples;Reta;Sim;2;0;2;0;0;0;2;2;-12,9889402;-39,2898569;SPRF-BA;DEL01-BA;UOP02-DEL01-BA;;;
695306;02/06/2025;segunda-feira;07:30:00;SC;282;3,2;FLORIANOPOLIS;Manobra de mudan�a de faixa;Colis�o lateral mesmo sentido;Com V�timas Feridas;Pleno dia;Decrescente;Nublado;M�ltipla;Reta;Sim;2;0;1;0;1;0;1;2;-27,59583791;-48,60136382;SPRF-SC;DEL01-SC;UOP01-DEL01-SC;;;
695308;02/06/2025;segunda-feira;07:10:00;CE;116;306;ICO;Acessar a via sem observar a presen�a dos outros ve�culos;Colis�o transversal;Com V�timas Feridas;Pleno dia;Crescente;C�u Claro;Simples;Reta;Sim;2;0;1;0;1;0;1;2;-6,45576864;-38,85687768;SPRF-CE;DEL05-CE;UOP02-DEL05-CE;;;
695310;02/06/2025;segunda-feira;07:30:00;MG;267;162;LIMA DUARTE;Desrespeitar a prefer�ncia no cruzamento;Colis�o transversal;Com V�timas Feridas;Pleno dia;Crescente;Nublado;Simples;Reta;Sim;2;0;0;1;1;0;1;2;-21,8419682;-43,78314111;SPRF-MG;DEL05-MG;UOP01-DEL05-MG;;;
695311;02/06/2025;segunda-feira;07:15:00;MS;163;484,4;CAMPO GRANDE;Demais falhas na via;Colis�o transversal;Com V�timas Feridas;Pleno dia;Crescente;C�u Claro;Simples;"Reta;Interse��o de Vias";Sim;2;0;2;0;0;0;2;2;-20,447308;-54,540956;SPRF-MS;DEL01-MS;UOP02-DEL01-MS;;;
695313;02/06/2025;segunda-feira;06:58:00;PE;232;524;SALGUEIRO;Acessar a via sem observar a presen�a dos outros ve�culos;Colis�o transversal;Com V�timas Feridas;Pleno dia;Decrescente;C�u Claro;Simples;Reta;N�o;5;0;3;0;2;0;3;3;-8,069767;-39,269374;SPRF-PE;DEL05-PE;UOP01-DEL05-PE;;;
695314;04/04/2025;sexta-feira;09:10:00;PA;316;60;CASTANHAL;Demais falhas mec�nicas ou el�tricas;Inc�ndio;Sem V�timas;Pleno dia;Decrescente;C�u Claro;Dupla;Reta;Sim;3;0;0;0;3;0;0;1;-1,3062657;-48,0070548;SPRF-PA;DEL01-PA;UOP01-DEL01-PA;;;
695316;02/06/2025;segunda-feira;08:00:00;RN;101;79,3;NATAL;Condutor deixou de manter dist�ncia do ve�culo da frente;Colis�o traseira;Com V�timas Feridas;Pleno dia;Crescente;C�u Claro;Dupla;Reta;Sim;2;0;1;0;1;0;1;2;-5,74874244;-35,2893984;SPRF-RN;DEL02-RN;UOP01-DEL02-RN;;;
695318;01/06/2025;domingo;04:20:00;BA;116;540,4;ITATIM;Velocidade Incompat�vel;Tombamento;Com V�timas Feridas;Amanhecer;Crescente;C�u Claro;Simples;Aclive;N�o;2;0;0;2;0;0;2;1;-12,8261633;-39,8281457;SPRF-BA;DEL03-BA;UOP02-DEL03-BA;;;
695319;02/06/2025;segunda-feira;07:45:00;PR;376;175,8;MARINGA;Condutor deixou de manter dist�ncia do ve�culo da frente;Colis�o traseira;Com V�timas Feridas;Pleno dia;Decrescente;Nublado;M�ltipla;Reta;Sim;3;0;1;0;2;0;1;2;-23,41158684;-51,94158912;SPRF-PR;DEL09-PR;UOP01-DEL09-PR;;;
695320;02/06/2025;segunda-feira;07:40:00;ES;101;294,7;CARIACICA;Aus�ncia de rea��o do condutor;Colis�o lateral mesmo sentido;Com V�timas Feridas;Pleno dia;Crescente;C�u Claro;Dupla;Reta;Sim;2;0;1;0;0;1;1;2;-20,32902159;-40,39848089;SPRF-ES;DEL01-ES;UOP01-DEL01-ES;;;
695321;02/06/2025;segunda-feira;03:08:00;RN;101;109;PARNAMIRIM;Aus�ncia de rea��o do condutor;Colis�o com objeto;Sem V�timas;Plena Noite;Crescente;Nublado;Dupla;Reta;Sim;2;0;0;0;0;2;0;2;-5,9210746;-35,264898;SPRF-RN;DEL01-RN;UOP01-DEL01-RN;;;
695323;02/06/2025;segunda-feira;09:04:00;TO;153;493;PARAISO DO TOCANTINS;Acessar a via sem observar a presen�a dos outros ve�culos;Colis�o transversal;Sem V�timas;Pleno dia;Decrescente;C�u Claro;Simples;"Reta;Interse��o de Vias";N�o;2;0;0;0;2;0;0;2;-10,163521;-48,881359;SPRF-TO;DEL01-TO;UOP01-DEL01-TO;;;
695326;02/06/2025;segunda-feira;09:07:00;RN;405;77,8;APODI;Acessar a via sem observar a presen�a dos outros ve�culos;Colis�o transversal;Com V�timas Feridas;Pleno dia;Crescente;C�u Claro;Dupla;"Reta;Declive;Retorno Regulamentado";Sim;2;0;1;0;1;0;1;2;-5,667282;-37,793688;SPRF-RN;DEL04-RN;UOP02-DEL04-RN;;;
695327;02/06/2025;segunda-feira;08:30:00;SC;101;118;ITAJAI;Condutor deixou de manter dist�ncia do ve�culo da frente;Colis�o lateral mesmo sentido;Com V�timas Feridas;Pleno dia;Crescente;Nublado;Dupla;Reta;N�o;3;0;2;0;1;0;2;2;-26,89296436;-48,72052565;SPRF-SC;DEL04-SC;UOP04-DEL04-SC;;;
695328;02/06/2025;segunda-feira;08:10:00;PR;277;717;FOZ DO IGUACU;Avarias e/ou desgaste excessivo no pneu;Sa�da de leito carro��vel;Sem V�timas;Pleno dia;Decrescente;Chuva;Dupla;"Reta;Declive";N�o;1;0;0;0;0;1;0;1;-25,482153;-54,489966;SPRF-PR;DEL05-PR;UOP01-DEL05-PR;;;
695332;17/05/2025;s�bado;10:30:00;BA;116;632;JAGUAQUARA;Condutor deixou de manter dist�ncia do ve�culo da frente;Colis�o traseira;Com V�timas Feridas;Pleno dia;Crescente;C�u Claro;Simples;Reta;Sim;2;0;0;1;1;0;1;2;-13,51779647;-40,05864894;SPRF-BA;DEL03-BA;UOP01-DEL03-BA;;;
695334;28/05/2025;quarta-feira;08:30:00;MT;70;689;CACERES;Chuva;Sa�da de leito carro��vel;Sem V�timas;Pleno dia;Decrescente;Chuva;Simples;Curva;N�o;2;0;0;0;2;0;0;1;-16,1339121;-57,2539256;SPRF-MT;DEL03-MT;UOP01-DEL03-MT;;;
695335;02/06/2025;segunda-feira;06:55:00;PE;232;411;SERRA TALHADA;Acessar a via sem observar a presen�a dos outros ve�culos;Colis�o transversal;Com V�timas Feridas;Pleno dia;Decrescente;C�u Claro;Simples;Reta;Sim;2;0;2;0;0;0;2;2;-7,98092313;-38,30598548;SPRF-PE;DEL04-PE;UOP01-DEL04-PE;;;
695337;02/06/2025;segunda-feira;10:30:00;SP;116;550;BARRA DO TURVO;Aus�ncia de rea��o do condutor;Colis�o com objeto;Com V�timas Feridas;Pleno dia;Crescente;Chuva;Dupla;"Curva;Aclive";N�o;1;0;1;0;0;0;1;1;-24,96107468;-48,46643485;SPRF-SP;DEL05-SP;UOP02-DEL05-SP;;;
695338;02/06/2025;segunda-feira;07:45:00;SC;116;245,3;LAGES;Rea��o tardia ou ineficiente do condutor;Colis�o lateral mesmo sentido;Com V�timas Feridas;Pleno dia;Crescente;Nevoeiro/Neblina;Simples;"Interse��o de Vias;Declive";Sim;4;0;2;0;2;0;2;3;-27,799538;-50,363446;SPRF-SC;DEL05-SC;UOP01-DEL05-SC;;;
695340;02/06/2025;segunda-feira;11:15:00;ES;101;9;PEDRO CANARIO;Rea��o tardia ou ineficiente do condutor;Sa�da de leito carro��vel;Com V�timas Feridas;Pleno dia;Crescente;Nublado;Simples;Reta;N�o;2;0;1;1;0;0;2;1;-18,232275;-39,953819;SPRF-ES;DEL04-ES;UOP02-DEL04-ES;;;
695342;02/06/2025;segunda-feira;11:00:00;PR;376;214;JANDAIA DO SUL;Acessar a via sem observar a presen�a dos outros ve�culos;Colis�o lateral mesmo sentido;Com V�timas Feridas;Pleno dia;Decrescente;C�u Claro;Dupla;Reta;N�o;2;0;1;0;1;0;1;2;-23,58098399;-51,6511902;SPRF-PR;DEL09-PR;UOP01-DEL09-PR;;;
695348;02/06/2025;segunda-feira;11:30:00;MG;267;167,3;LIMA DUARTE;Transitar na contram�o;Colis�o frontal;Com V�timas Feridas;Pleno dia;Crescente;C�u Claro;Simples;Curva;N�o;2;0;0;1;1;0;1;2;-21,85474753;-43,82940888;SPRF-MG;DEL05-MG;UOP01-DEL05-MG;;;
695352;02/06/2025;segunda-feira;09:50:00;BA;324;584;CANDEIAS;Acumulo de areia ou detritos sobre o pavimento;Tombamento;Com V�timas Feridas;Pleno dia;Crescente;C�u Claro;Dupla;Reta;N�o;1;0;1;0;0;0;1;1;-12,626483;-38,480492;SPRF-BA;DEL01-BA;UOP01-DEL01-BA;;;