id;data_inversa;dia_semana;horario;uf;br;km;municipio;causa_acidente;tipo_acidente;classificacao_acidente;fase_dia;sentido_via;condicao_metereologica;tipo_pista;tracado_via;uso_solo;pessoas;mortos;feridos_leves;feridos_graves;ilesos;ignorados;feridos;veiculos;latitude;longitude;regional;delegacia;uop;;;
695353;02/06/2025;segunda-feira;05:00:00;MT;163;1038;MATUPA;Aus�ncia de rea��o do condutor;Sa�da de leito carro��vel;Com V�timas Feridas;Amanhecer;Decrescente;C�u Claro;Simples;"Reta;Rotat�ria";N�o;1;0;0;1;0;0;1;1;-10,18412;-54,945248;SPRF-MT;DEL06-MT;UOP03-DEL06-MT;;;
695354;02/06/2025;segunda-feira;12:00:00;RJ;101;320;NITEROI;Aus�ncia de rea��o do condutor;Tombamento;Com V�timas Feridas;Pleno dia;Decrescente;Nublado;M�ltipla;Reta;Sim;1;0;0;1;0;0;1;1;-22,8670807;-43,10970783;SPRF-RJ;DEL02-RJ;UOP01-DEL02-RJ;;;
695356;02/06/2025;segunda-feira;11:59:00;RS;470;155;NOVA PRATA;Acessar a via sem observar a presen�a dos outros ve�culos;Colis�o transversal;Com V�timas Feridas;Pleno dia;Decrescente;C�u Claro;Simples;Reta;Sim;2;0;1;0;1;0;1;2;-28,76358166;-51,62550906;SPRF-RS;DEL06-RS;UOP02-DEL06-RS;;;
695357;02/06/2025;segunda-feira;11:30:00;MG;381;940,9;EXTREMA;Velocidade Incompat�vel;Queda de ocupante de ve�culo;Com V�timas Feridas;Pleno dia;Crescente;C�u Claro;Dupla;Curva;Sim;2;0;1;0;0;1;1;1;-22,826278;-46,313594;SPRF-MG;DEL16-MG;UOP03-DEL16-MG;;;
695358;02/06/2025;segunda-feira;13:15:00;ES;101;265,8;SERRA;Rea��o tardia ou ineficiente do condutor;Colis�o lateral mesmo sentido;Com V�timas Feridas;Pleno dia;Decrescente;Nublado;M�ltipla;Reta;Sim;2;0;2;0;0;0;2;2;-20,1880472;-40,2687369;SPRF-ES;DEL02-ES;UOP01-DEL02-ES;;;
695359;02/06/2025;segunda-feira;13:15:00;MG;364;33,7;FRUTAL;Aus�ncia de rea��o do condutor;Colis�o com objeto;Com V�timas Feridas;Pleno dia;Crescente;C�u Claro;Simples;"Declive;Ponte";N�o;2;0;0;1;1;0;1;1;-20,0033343;-48,94302964;SPRF-MG;DEL13-MG;UOP02-DEL13-MG;;;
695360;02/06/2025;segunda-feira;13:00:00;RS;290;65,5;GRAVATAI;Rea��o tardia ou ineficiente do condutor;Tombamento;Com V�timas Feridas;Pleno dia;Crescente;Nublado;Dupla;Curva;Sim;3;0;2;0;1;0;2;1;-29,94305399;-50,90210438;SPRF-RS;DEL03-RS;UOP01-DEL03-RS;;;
695361;02/06/2025;segunda-feira;13:35:00;CE;116;5,1;FORTALEZA;Avarias e/ou desgaste excessivo no pneu;Queda de ocupante de ve�culo;Com V�timas Feridas;Pleno dia;Crescente;C�u Claro;Dupla;Reta;Sim;3;0;2;0;1;0;2;2;-3,794587;-38,507924;SPRF-CE;DEL01-CE;UOP02-DEL01-CE;;;
695363;08/05/2025;quinta-feira;17:42:00;PE;104;76,8;CARUARU;Transitar na contram�o;Colis�o frontal;Com V�timas Fatais;Anoitecer;Decrescente;C�u Claro;Simples;"Curva;Declive";N�o;5;1;1;1;1;1;2;3;-8,373317;-35,984007;SPRF-PE;DEL02-PE;UOP01-DEL02-PE;;;
695364;02/06/2025;segunda-feira;14:00:00;PR;116;16;CAMPINA GRANDE DO SUL;Velocidade Incompat�vel;Sa�da de leito carro��vel;Com V�timas Feridas;Pleno dia;Crescente;Garoa/Chuvisco;Dupla;Curva;N�o;1;0;1;0;0;0;1;1;-25,102742;-48,700232;SPRF-PR;DEL01-PR;UOP02-DEL01-PR;;;
695365;02/06/2025;segunda-feira;13:30:00;ES;101;138,9;LINHARES;Aus�ncia de rea��o do condutor;Colis�o traseira;Com V�timas Feridas;Pleno dia;Decrescente;C�u Claro;M�ltipla;Reta;Sim;2;0;1;0;0;1;1;2;-19,30744812;-40,08174317;SPRF-ES;DEL04-ES;UOP01-DEL04-ES;;;
695367;02/06/2025;segunda-feira;14:00:00;SC;101;398,9;MARACAJA;Aus�ncia de rea��o do condutor;Colis�o com objeto;Com V�timas Feridas;Pleno dia;Crescente;Nublado;M�ltipla;Reta;Sim;1;0;1;0;0;0;1;1;-28,862222;-49,4451162;SPRF-SC;DEL02-SC;UOP02-DEL02-SC;;;
695368;02/06/2025;segunda-feira;12:30:00;MS;60;426;SIDROLANDIA;Desrespeitar a prefer�ncia no cruzamento;Colis�o lateral mesmo sentido;Com V�timas Feridas;Pleno dia;Crescente;C�u Claro;Simples;Reta;Sim;2;0;1;0;1;0;1;2;-20,93961;-54,96383;SPRF-MS;DEL01-MS;UOP04-DEL01-MS;;;
695369;02/06/2025;segunda-feira;13:30:00;PR;369;177,7;ROLANDIA;Avarias e/ou desgaste excessivo no pneu;Colis�o com objeto;Com V�timas Feridas;Pleno dia;Crescente;C�u Claro;Dupla;Reta;N�o;1;0;1;0;0;0;1;1;-23,35189396;-51,38846247;SPRF-PR;DEL07-PR;UOP01-DEL07-PR;;;
695370;02/06/2025;segunda-feira;12:17:00;PE;232;42,9;VITORIA DE SANTO ANTAO;Mal s�bito do condutor;Colis�o lateral mesmo sentido;Sem V�timas;Pleno dia;Decrescente;Nublado;Dupla;Reta;N�o;2;0;0;0;1;1;0;2;-8,12054;-35,266;SPRF-PE;DEL01-PE;UOP01-DEL01-PE;;;
695374;02/06/2025;segunda-feira;07:30:00;MG;354;753,4;ITAMONTE;Animais na Pista;Queda de ocupante de ve�culo;Com V�timas Feridas;Pleno dia;Decrescente;C�u Claro;Simples;Reta;Sim;1;0;1;0;0;0;1;1;-22,27768547;-44,87438321;SPRF-MG;DEL17-MG;UOP01-DEL17-MG;;;
695376;02/06/2025;segunda-feira;14:50:00;BA;407;1;JUAZEIRO;Rea��o tardia ou ineficiente do condutor;Colis�o traseira;Com V�timas Feridas;Pleno dia;Decrescente;Sol;Simples;Reta;Sim;2;0;1;0;1;0;1;2;-9,413403;-40,506078;SPRF-PE;DEL06-PE;UOP01-DEL06-PE;;;
695379;02/06/2025;segunda-feira;15:20:00;SC;101;226;PALHOCA;Rea��o tardia ou ineficiente do condutor;Colis�o com objeto;Sem V�timas;Pleno dia;Decrescente;Nublado;Dupla;Reta;N�o;1;0;0;0;0;1;0;1;-27,742479;-48,637795;SPRF-SC;DEL01-SC;UOP02-DEL01-SC;;;
695381;02/06/2025;segunda-feira;09:00:00;RO;364;180,3;PIMENTA BUENO;Demais falhas na via;Sa�da de leito carro��vel;Sem V�timas;Pleno dia;Crescente;C�u Claro;Simples;Reta;N�o;1;0;0;0;0;1;0;1;-11,774862;-61,075592;SPRF-RO;DEL02-RO;UOP02-DEL02-RO;;;
695382;30/05/2025;sexta-feira;01:45:00;RJ;116;246;PIRAI;Rea��o tardia ou ineficiente do condutor;Colis�o com objeto;Com V�timas Feridas;Plena Noite;Decrescente;C�u Claro;M�ltipla;Reta;N�o;2;0;1;0;1;0;1;1;-22,59252998;-43,95610303;SPRF-RJ;DEL07-RJ;UOP01-DEL07-RJ;;;
695383;02/06/2025;segunda-feira;15:10:00;RJ;101;260;RIO BONITO;Aus�ncia de rea��o do condutor;Tombamento;Com V�timas Feridas;Pleno dia;Crescente;C�u Claro;Dupla;Curva;Sim;2;0;2;0;0;0;2;1;-22,704738;-42,605077;SPRF-RJ;DEL02-RJ;UOP03-DEL02-RJ;;;
695386;02/06/2025;segunda-feira;15:40:00;SP;116;223;GUARULHOS;Trafegar com motocicleta (ou similar) entre as faixas;Colis�o lateral mesmo sentido;Com V�timas Feridas;Pleno dia;Decrescente;C�u Claro;M�ltipla;Reta;N�o;2;0;1;0;1;0;1;2;-23,48158;-46,534498;SPRF-SP;DEL01-SP;UOP01-DEL01-SP;;;
695387;02/06/2025;segunda-feira;15:20:00;PB;101;87;JOAO PESSOA;Aus�ncia de rea��o do condutor;Sa�da de leito carro��vel;Com V�timas Feridas;Pleno dia;Decrescente;C�u Claro;Dupla;Reta;Sim;1;0;1;0;0;0;1;1;-7,15648;-34,90707;SPRF-PB;DEL01-PB;UOP01-DEL01-PB;;;
695391;02/06/2025;segunda-feira;15:50:00;BA;324;550;AMELIA RODRIGUES;Sinaliza��o mal posicionada;Colis�o com objeto;Com V�timas Fatais;Pleno dia;Crescente;C�u Claro;Dupla;"Reta;Em Obras;Desvio Tempor�rio";N�o;3;1;0;0;2;0;0;2;-12,4474339;-38,7130874;SPRF-BA;DEL01-BA;UOP03-DEL01-BA;;;
695395;02/06/2025;segunda-feira;14:25:00;PR;277;655,8;MATELANDIA;Acumulo de areia ou detritos sobre o pavimento;Tombamento;Com V�timas Feridas;Pleno dia;Crescente;Garoa/Chuvisco;Dupla;Reta;N�o;1;0;1;0;0;0;1;1;-25,2323366;-53,95729987;SPRF-PR;DEL05-PR;UOP02-DEL05-PR;;;
695396;02/06/2025;segunda-feira;16:30:00;SP;116;283;EMBU DAS ARTES;Rea��o tardia ou ineficiente do condutor;Colis�o traseira;Com V�timas Feridas;Pleno dia;Crescente;C�u Claro;Dupla;Reta;Sim;2;0;1;0;0;1;1;2;-23,67351852;-46,85650203;SPRF-SP;DEL04-SP;UOP01-DEL04-SP;;;
695397;02/06/2025;segunda-feira;15:40:00;RJ;116;263;VOLTA REDONDA;Manobra de mudan�a de faixa;Colis�o lateral mesmo sentido;Sem V�timas;Pleno dia;Decrescente;Sol;Dupla;Curva;N�o;2;0;0;0;1;1;0;2;-22,59289401;-44,06993866;SPRF-RJ;DEL07-RJ;UOP02-DEL07-RJ;;;
695398;02/06/2025;segunda-feira;17:00:00;GO;153;499,9;GOIANIA;Condutor deixou de manter dist�ncia do ve�culo da frente;Colis�o traseira;Com V�timas Feridas;Pleno dia;Crescente;C�u Claro;Dupla;Reta;Sim;2;0;1;0;1;0;1;2;-16,70234091;-49,23116326;SPRF-GO;DEL01-GO;UOP01-DEL01-GO;;;
695400;02/06/2025;segunda-feira;15:20:00;MG;40;168;JOAO PINHEIRO;Manobra de mudan�a de faixa;Colis�o lateral mesmo sentido;Sem V�timas;Pleno dia;Crescente;C�u Claro;Dupla;Reta;N�o;5;0;0;0;4;1;0;3;-17,91622688;-46,08811855;SPRF-MG;DEL14-MG;UOP02-DEL14-MG;;;
695401;02/06/2025;segunda-feira;16:50:00;PA;230;115;MARABA;Acessar a via sem observar a presen�a dos outros ve�culos;Tombamento;Com V�timas Feridas;Pleno dia;Crescente;C�u Claro;Dupla;"Reta;Declive";Sim;2;0;1;0;1;0;1;2;-5,35061583;-49,10253525;SPRF-PA;DEL03-PA;UOP01-DEL03-PA;;;
695402;02/06/2025;segunda-feira;17:00:00;BA;324;604;SIMOES FILHO;Acessar a via sem observar a presen�a dos outros ve�culos;Atropelamento de Pedestre;Com V�timas Feridas;Pleno dia;Crescente;C�u Claro;Dupla;Reta;Sim;2;0;1;1;0;0;2;2;-12,79289;-38,403147;SPRF-BA;DEL01-BA;UOP01-DEL01-BA;;;
695404;02/06/2025;segunda-feira;16:10:00;SP;116;325;JUQUITIBA;Entrada inopinada do pedestre;Atropelamento de Pedestre;Com V�timas Feridas;Anoitecer;Decrescente;Vento;Dupla;Reta;Sim;5;0;1;0;4;0;1;2;-23,94004344;-47,05949782;SPRF-SP;DEL04-SP;UOP03-DEL04-SP;;;
695405;02/06/2025;segunda-feira;17:30:00;SP;116;216;GUARULHOS;Rea��o tardia ou ineficiente do condutor;Colis�o lateral mesmo sentido;Com V�timas Feridas;Anoitecer;Crescente;C�u Claro;M�ltipla;Reta;Sim;2;0;0;1;1;0;1;2;-23,45348297;-46,47010803;SPRF-SP;DEL01-SP;UOP01-DEL01-SP;;;
695406;02/06/2025;segunda-feira;15:35:00;PI;316;9,4;TERESINA;Avarias e/ou desgaste excessivo no pneu;Tombamento;Com V�timas Feridas;Pleno dia;Decrescente;Sol;M�ltipla;"Interse��o de Vias;Reta";Sim;2;0;2;0;0;0;2;1;-5,17807;-42,76532;SPRF-PI;DEL01-PI;UOP02-DEL01-PI;;;
695407;02/06/2025;segunda-feira;17:00:00;MG;262;448,5;NOVA SERRANA;Velocidade Incompat�vel;Colis�o traseira;Com V�timas Feridas;Pleno dia;Crescente;C�u Claro;Simples;Reta;N�o;3;0;2;0;1;0;2;2;-19,855413;-45,018163;SPRF-MG;DEL08-MG;UOP03-DEL08-MG;;;
695408;02/06/2025;segunda-feira;17:25:00;SC;101;42,9;JOINVILLE;Condutor deixou de manter dist�ncia do ve�culo da frente;Colis�o traseira;Com V�timas Feridas;Plena Noite;Crescente;Nublado;M�ltipla;"Reta;Aclive";Sim;2;0;1;0;1;0;1;2;-26,33092662;-48,8621649;SPRF-SC;DEL03-SC;UOP01-DEL03-SC;;;
695409;02/06/2025;segunda-feira;17:45:00;RS;290;105,9;ELDORADO DO SUL;Manobra de mudan�a de faixa;Colis�o lateral mesmo sentido;Com V�timas Feridas;Plena Noite;Crescente;Nublado;Dupla;Reta;N�o;2;0;1;0;1;0;1;2;-29,999488;-51,297473;SPRF-RS;DEL02-RS;UOP01-DEL02-RS;;;
695410;02/06/2025;segunda-feira;16:00:00;SC;282;326;CAMPOS NOVOS;Condutor deixou de manter dist�ncia do ve�culo da frente;Colis�o traseira;Com V�timas Feridas;Pleno dia;Crescente;Chuva;Simples;Reta;N�o;6;0;1;0;5;0;1;4;-27,375487;-51,07651;SPRF-SC;DEL07-SC;UOP06-DEL07-SC;;;
695411;02/06/2025;segunda-feira;17:40:00;SC;101;194;BIGUACU;Manobra de mudan�a de faixa;Colis�o lateral mesmo sentido;Com V�timas Feridas;Plena Noite;Decrescente;C�u Claro;M�ltipla;Reta;Sim;3;0;2;0;1;0;2;2;-27,503445;-48,651065;SPRF-SC;DEL01-SC;UOP01-DEL01-SC;;;
695412;02/06/2025;segunda-feira;17:30:00;SC;101;194,1;BIGUACU;Rea��o tardia ou ineficiente do condutor;Colis�o transversal;Com V�timas Feridas;Anoitecer;Crescente;Nublado;M�ltipla;Interse��o de Vias;Sim;2;0;1;1;0;0;2;2;-27,49926382;-48,65588157;SPRF-SC;DEL01-SC;UOP01-DEL01-SC;;;
695413;02/06/2025;segunda-feira;18:20:00;MG;50;71;UBERLANDIA;Aus�ncia de rea��o do condutor;Colis�o traseira;Com V�timas Feridas;Anoitecer;Crescente;Nublado;Dupla;Reta;N�o;2;0;1;0;1;0;1;2;-18,887075;-48,262006;SPRF-MG;DEL15-MG;UOP01-DEL15-MG;;;
695414;02/06/2025;segunda-feira;18:05:00;RJ;101;322;NITEROI;Manobra de mudan�a de faixa;Colis�o lateral mesmo sentido;Com V�timas Feridas;Plena Noite;Decrescente;C�u Claro;Dupla;Reta;N�o;2;0;1;0;1;0;1;2;-22,8818944;-43,1128576;SPRF-RJ;DEL02-RJ;UOP01-DEL02-RJ;;;
695415;02/06/2025;segunda-feira;15:50:00;BA;242;869;BARREIRAS;Ultrapassagem Indevida;Colis�o frontal;Com V�timas Fatais;Pleno dia;Crescente;Sol;Dupla;"Reta;Aclive";N�o;7;1;4;0;2;0;4;2;-12,09274064;-45,3992157;SPRF-BA;DEL10-BA;UOP01-DEL10-BA;;;
695416;02/06/2025;segunda-feira;18:30:00;MG;262;32;MANHUACU;Transitar na contram�o;Colis�o frontal;Com V�timas Feridas;Plena Noite;Decrescente;C�u Claro;Dupla;"Aclive;Curva";N�o;2;0;1;0;1;0;1;2;-20,2566934;-42,0087609;SPRF-MG;DEL06-MG;UOP03-DEL06-MG;;;
695418;02/06/2025;segunda-feira;18:05:00;PB;230;17,9;JOAO PESSOA;Ingest�o de �lcool pelo condutor;Colis�o traseira;Com V�timas Feridas;Plena Noite;Crescente;C�u Claro;Dupla;Reta;Sim;4;0;0;2;2;0;2;4;-7,1227945;-34,8452478;SPRF-PB;DEL01-PB;UOP01-DEL01-PB;;;
695419;02/06/2025;segunda-feira;18:00:00;RJ;116;68,9;TERESOPOLIS;Acesso irregular;Colis�o transversal;Com V�timas Feridas;Plena Noite;Decrescente;C�u Claro;Simples;Reta;N�o;2;0;0;2;0;0;2;2;-22,30344397;-42,93277248;SPRF-RJ;DEL04-RJ;UOP01-DEL04-RJ;;;
695422;02/06/2025;segunda-feira;17:24:00;RN;226;167,8;CURRAIS NOVOS;Rea��o tardia ou ineficiente do condutor;Colis�o transversal;Com V�timas Feridas;Anoitecer;Decrescente;C�u Claro;Simples;Declive;N�o;3;0;1;0;1;1;1;2;-6,234401;-36,455728;SPRF-RN;DEL03-RN;UOP02-DEL03-RN;;;
695423;02/06/2025;segunda-feira;18:38:00;RN;406;169,7;SAO GONCALO DO AMARANTE;Ingest�o de �lcool pelo condutor;Colis�o traseira;Com V�timas Feridas;Plena Noite;Decrescente;C�u Claro;Dupla;Reta;N�o;3;0;1;0;1;1;1;2;-5,7487485;-35,3265955;SPRF-RN;DEL02-RN;UOP01-DEL02-RN;;;
695426;02/06/2025;segunda-feira;18:15:00;SC;101;105;PENHA;Aus�ncia de rea��o do condutor;Queda de ocupante de ve�culo;Com V�timas Feridas;Plena Noite;Decrescente;Nublado;M�ltipla;Reta;N�o;1;0;1;0;0;0;1;1;-26,79968133;-48,67895778;SPRF-SC;DEL03-SC;UOP02-DEL03-SC;;;
695427;02/06/2025;segunda-feira;18:30:00;SC;101;112;ITAJAI;Condutor deixou de manter dist�ncia do ve�culo da frente;Colis�o traseira;Com V�timas Feridas;Plena Noite;Crescente;Nublado;Dupla;Reta;N�o;2;0;2;0;0;0;2;2;-26,84533781;-48,72084115;SPRF-SC;DEL04-SC;UOP04-DEL04-SC;;;
695428;02/06/2025;segunda-feira;18:10:00;MG;116;286;TEOFILO OTONI;Demais falhas na via;Tombamento;Com V�timas Feridas;Plena Noite;Decrescente;Nublado;M�ltipla;"Reta;Aclive";N�o;1;0;1;0;0;0;1;1;-17,93816142;-41,52777545;SPRF-MG;DEL11-MG;UOP01-DEL11-MG;;;
695429;02/06/2025;segunda-feira;19:26:00;SP;116;210;GUARULHOS;Rea��o tardia ou ineficiente do condutor;Colis�o lateral mesmo sentido;Com V�timas Feridas;Plena Noite;Crescente;Nublado;M�ltipla;"Reta;Interse��o de Vias;Aclive";Sim;2;0;1;0;1;0;1;2;-23,429189;-46,409822;SPRF-SP;DEL01-SP;UOP01-DEL01-SP;;;
695430;02/06/2025;segunda-feira;17:10:00;MT;163;111,2;RONDONOPOLIS;Aus�ncia de rea��o do condutor;Sa�da de leito carro��vel;Com V�timas Feridas;Anoitecer;Crescente;C�u Claro;Dupla;Retorno Regulamentado;N�o;1;0;1;0;0;0;1;1;-16,59186963;-54,69214127;SPRF-MT;DEL02-MT;UOP01-DEL02-MT;;;
695431;02/06/2025;segunda-feira;19:10:00;MG;40;798,6;JUIZ DE FORA;Estacionar ou parar em local proibido;Atropelamento de Pedestre;Com V�timas Feridas;Plena Noite;Decrescente;Nublado;Dupla;Reta;Sim;2;0;0;1;1;0;1;2;-21,81822628;-43,37896155;SPRF-MG;DEL05-MG;UOP01-DEL05-MG;;;
695435;02/06/2025;segunda-feira;19:45:00;RS;290;80;GRAVATAI;Aus�ncia de rea��o do condutor;Sa�da de leito carro��vel;Com V�timas Feridas;Plena Noite;Decrescente;C�u Claro;Dupla;"Curva;Interse��o de Vias;Aclive;Rotat�ria";Sim;5;0;1;0;4;0;1;1;-29,95435313;-51,06088612;SPRF-RS;DEL01-RS;UOP01-DEL01-RS;;;
695437;02/06/2025;segunda-feira;20:20:00;MG;40;616,2;CONGONHAS;Pedestre andava na pista;Atropelamento de Pedestre;Com V�timas Feridas;Plena Noite;Crescente;Nublado;Simples;"Declive;Reta";N�o;2;0;0;1;0;1;1;2;-20,55159805;-43,81523252;SPRF-MG;DEL05-MG;UOP02-DEL05-MG;;;
695438;02/06/2025;segunda-feira;07:15:00;BA;324;604;SIMOES FILHO;Manobra de mudan�a de faixa;Colis�o lateral mesmo sentido;Com V�timas Feridas;Pleno dia;Crescente;Nublado;Dupla;Reta;Sim;3;0;2;0;1;0;2;2;-12,7937228;-38,4047699;SPRF-BA;DEL01-BA;UOP01-DEL01-BA;;;
695440;02/06/2025;segunda-feira;20:10:00;SC;470;55,7;BLUMENAU;Acessar a via sem observar a presen�a dos outros ve�culos;Colis�o transversal;Com V�timas Feridas;Plena Noite;Decrescente;Nublado;Simples;Reta;Sim;2;0;1;0;1;0;1;2;-26,87646878;-49,1253984;SPRF-SC;DEL04-SC;UOP01-DEL04-SC;;;
695442;02/06/2025;segunda-feira;20:45:00;SP;116;555,6;BARRA DO TURVO;Animais na Pista;Atropelamento de Animal;Sem V�timas;Plena Noite;Decrescente;Nevoeiro/Neblina;Simples;Reta;N�o;1;0;0;0;1;0;0;1;-25,00137287;-48,50796319;SPRF-SP;DEL05-SP;UOP02-DEL05-SP;;;
695443;02/06/2025;segunda-feira;20:00:00;PR;376;605,7;CURITIBA;Acessar a via sem observar a presen�a dos outros ve�culos;Colis�o lateral mesmo sentido;Com V�timas Feridas;Plena Noite;Crescente;Nublado;M�ltipla;"Interse��o de Vias;Curva";Sim;2;0;1;0;1;0;1;2;-25,5430652;-49,30845237;SPRF-PR;DEL01-PR;UOP03-DEL01-PR;;;
695448;02/06/2025;segunda-feira;18:50:00;MG;262;441,6;NOVA SERRANA;Rea��o tardia ou ineficiente do condutor;Colis�o traseira;Com V�timas Feridas;Plena Noite;Decrescente;Vento;M�ltipla;"Declive;Reta";Sim;2;0;1;0;1;0;1;2;-19,87293549;-44,96360779;SPRF-MG;DEL08-MG;UOP03-DEL08-MG;;;
695449;02/06/2025;segunda-feira;19:00:00;MG;262;416,7;PARA DE MINAS;Entrada inopinada do pedestre;Atropelamento de Pedestre;Com V�timas Fatais;Plena Noite;Decrescente;C�u Claro;Dupla;Reta;Sim;2;1;0;0;1;0;0;2;-19,88420553;-44,74065185;SPRF-MG;DEL08-MG;UOP03-DEL08-MG;;;
695450;02/06/2025;segunda-feira;19:05:00;MG;262;476,6;BOM DESPACHO;Aus�ncia de rea��o do condutor;Atropelamento de Pedestre;Com V�timas Feridas;Plena Noite;Crescente;C�u Claro;Simples;Reta;N�o;2;0;1;1;0;0;2;2;-19,78637;-45,250794;SPRF-MG;DEL08-MG;UOP03-DEL08-MG;;;
695451;02/06/2025;segunda-feira;21:00:00;MG;262;125;RIO CASCA;Pedestre - Ingest�o de �lcool/ subst�ncias psicoativas;Atropelamento de Pedestre;Com V�timas Feridas;Plena Noite;Decrescente;C�u Claro;Simples;Reta;N�o;2;0;0;1;1;0;1;2;-20,1863739;-42,6964588;SPRF-MG;DEL03-MG;UOP03-DEL03-MG;;;
695452;02/06/2025;segunda-feira;21:00:00;SE;101;95;NOSSA SENHORA DO SOCORRO;Demais falhas mec�nicas ou el�tricas;Queda de ocupante de ve�culo;Com V�timas Feridas;Plena Noite;Crescente;Nublado;Dupla;Declive;N�o;2;0;1;1;0;0;2;1;-10,91127426;-37,15827227;SPRF-SE;DEL02-SE;UOP01-DEL02-SE;;;
695453;02/06/2025;segunda-feira;20:20:00;GO;153;503;GOIANIA;Condutor deixou de manter dist�ncia do ve�culo da frente;Colis�o traseira;Com V�timas Feridas;Plena Noite;Crescente;C�u Claro;Dupla;Reta;Sim;1;0;0;1;0;0;1;1;-16,7296217;-49,2429141;SPRF-GO;DEL01-GO;UOP01-DEL01-GO;;;
695455;02/06/2025;segunda-feira;20:00:00;MT;364;542;ROSARIO OESTE;Acesso irregular;Colis�o traseira;Com V�timas Feridas;Plena Noite;Decrescente;C�u Claro;Simples;Reta;Sim;3;0;1;0;1;1;1;3;-14,835362;-56,435198;SPRF-MT;DEL01-MT;UOP01-DEL01-MT;;;
695458;02/06/2025;segunda-feira;19:38:00;MT;163;690;LUCAS DO RIO VERDE;Convers�o proibida;Colis�o transversal;Com V�timas Feridas;Plena Noite;Crescente;C�u Claro;Simples;"Reta;Interse��o de Vias";Sim;3;0;2;0;1;0;2;2;-13,056675;-55,913963;SPRF-MT;DEL06-MT;UOP01-DEL06-MT;;;
695459;02/06/2025;segunda-feira;20:10:00;RJ;101;487;ANGRA DOS REIS;Rea��o tardia ou ineficiente do condutor;Atropelamento de Pedestre;Com V�timas Feridas;Plena Noite;Decrescente;C�u Claro;Simples;Reta;Sim;2;0;0;1;1;0;1;2;-22,9642;-44,298577;SPRF-RJ;DEL03-RJ;UOP03-DEL03-RJ;;;
695460;27/05/2025;ter�a-feira;18:55:00;MG;365;0,2;MONTES CLAROS;Acessar a via sem observar a presen�a dos outros ve�culos;Colis�o transversal;Com V�timas Feridas;Plena Noite;Crescente;C�u Claro;Simples;Reta;N�o;2;0;1;0;1;0;1;2;-16,6536968;-43,7179282;SPRF-MG;DEL12-MG;UOP01-DEL12-MG;;;
695461;02/06/2025;segunda-feira;21:30:00;RS;116;39;VACARIA;Aus�ncia de rea��o do condutor;Colis�o com objeto;Com V�timas Feridas;Plena Noite;Decrescente;Chuva;Simples;Em Obras;Sim;3;0;2;0;0;1;2;2;-28,51497513;-50,93558405;SPRF-RS;DEL05-RS;UOP03-DEL05-RS;;;
695462;02/06/2025;segunda-feira;21:00:00;MG;153;1,2;ARAPORA;Rea��o tardia ou ineficiente do condutor;Colis�o traseira;Com V�timas Feridas;Plena Noite;Crescente;C�u Claro;M�ltipla;"Reta;Interse��o de Vias";Sim;4;0;2;0;1;1;2;3;-18,43082481;-49,19237701;SPRF-MG;DEL15-MG;UOP03-DEL15-MG;;;
695464;02/06/2025;segunda-feira;22:25:00;MG;262;36;MANHUACU;Aus�ncia de rea��o do condutor;Atropelamento de Pedestre;Com V�timas Feridas;Plena Noite;Crescente;C�u Claro;Simples;Reta;Sim;4;0;2;1;0;1;3;2;-20,25872402;-42,0128975;SPRF-MG;DEL06-MG;UOP03-DEL06-MG;;;
695466;31/03/2025;segunda-feira;06:49:00;SP;116;225;GUARULHOS;Acessar a via sem observar a presen�a dos outros ve�culos;Colis�o transversal;Com V�timas Feridas;Amanhecer;Crescente;C�u Claro;M�ltipla;Reta;Sim;2;0;1;1;0;0;2;2;-23,48904368;-46,54613817;SPRF-SP;DEL01-SP;UOP01-DEL01-SP;;;
695468;02/06/2025;segunda-feira;22:00:00;PB;427;12,5;PAULISTA;Animais na Pista;Atropelamento de Animal;Com V�timas Fatais;Plena Noite;Crescente;C�u Claro;Simples;Reta;N�o;1;1;0;0;0;0;0;1;-6,677567;-37,576148;SPRF-PB;DEL03-PB;UOP02-DEL03-PB;;;
695471;02/06/2025;segunda-feira;18:00:00;SC;101;331,8;TUBARAO;Acessar a via sem observar a presen�a dos outros ve�culos;Colis�o lateral mesmo sentido;Com V�timas Feridas;Anoitecer;Decrescente;Garoa/Chuvisco;M�ltipla;Rotat�ria;Sim;2;0;1;0;1;0;1;2;-28,46597188;-48,99578261;SPRF-SC;DEL02-SC;UOP01-DEL02-SC;;;
695474;02/06/2025;segunda-feira;23:20:00;PR;277;722;FOZ DO IGUACU;Falta de elemento de conten��o que evite a sa�da do leito carro��vel;Colis�o com objeto;Sem V�timas;Plena Noite;Crescente;Garoa/Chuvisco;Dupla;Reta;Sim;1;0;0;0;1;0;0;1;-25,49494908;-54,52095097;SPRF-PR;DEL05-PR;UOP03-DEL05-PR;;;
695476;02/06/2025;segunda-feira;23:00:00;PR;369;52,2;BANDEIRANTES;Ultrapassagem Indevida;Colis�o frontal;Com V�timas Fatais;Plena Noite;Decrescente;Nublado;Simples;Reta;N�o;2;1;1;0;0;0;1;2;-23,10938;-50,33709;SPRF-PR;DEL07-PR;UOP05-DEL07-PR;;;