id;data_inversa;dia_semana;horario;uf;br;km;municipio;causa_acidente;tipo_acidente;classificacao_acidente;fase_dia;sentido_via;condicao_metereologica;tipo_pista;tracado_via;uso_solo;pessoas;mortos;feridos_leves;feridos_graves;ilesos;ignorados;feridos;veiculos;latitude;longitude;regional;delegacia;uop;;;
695477;02/06/2025;segunda-feira;19:20:00;MA;135;6,5;SAO LUIS;Entrada inopinada do pedestre;Atropelamento de Pedestre;Sem V�timas;Plena Noite;Crescente;Chuva;Dupla;Reta;Sim;2;0;0;0;1;1;0;2;-2,624503;-44,316498;SPRF-MA;DEL01-MA;UOP01-DEL01-MA;;;
695481;02/06/2025;segunda-feira;13:40:00;SC;101;252;PAULO LOPES;Acessar a via sem observar a presen�a dos outros ve�culos;Colis�o transversal;Com V�timas Feridas;Pleno dia;Crescente;C�u Claro;Simples;Interse��o de Vias;N�o;2;0;1;0;1;0;1;2;-27,96631089;-48,68022911;SPRF-SC;DEL02-SC;UOP03-DEL02-SC;;;
695482;02/06/2025;segunda-feira;16:00:00;SC;163;119,8;DIONISIO CERQUEIRA;Velocidade Incompat�vel;Sa�da de leito carro��vel;Com V�timas Fatais;Pleno dia;Crescente;Chuva;Simples;"Declive;Curva";N�o;2;2;0;0;0;0;0;1;-26,33034532;-53,54431629;SPRF-SC;DEL07-SC;UOP03-DEL07-SC;;;
695483;03/06/2025;ter�a-feira;01:15:00;RN;101;108;PARNAMIRIM;Transtornos Mentais (exceto suicidio);Queda de ocupante de ve�culo;Com V�timas Feridas;Plena Noite;Crescente;Nublado;Dupla;Reta;Sim;1;0;0;1;0;0;1;1;-5,9365467;-35,2630871;SPRF-RN;DEL01-RN;UOP01-DEL01-RN;;;
695484;03/06/2025;ter�a-feira;02:00:00;ES;101;265;SERRA;Entrada inopinada do pedestre;Atropelamento de Pedestre;Com V�timas Feridas;Plena Noite;Crescente;Chuva;Dupla;Reta;Sim;2;0;0;1;1;0;1;2;-20,18679475;-40,26808083;SPRF-ES;DEL02-ES;UOP01-DEL02-ES;;;
695490;03/06/2025;ter�a-feira;04:20:00;PB;230;36;SANTA RITA;Avarias e/ou desgaste excessivo no pneu;Tombamento;Sem V�timas;Amanhecer;Decrescente;Garoa/Chuvisco;Dupla;"Curva;Declive";N�o;1;0;0;0;0;1;0;1;-7,125265;-34,945327;SPRF-PB;DEL01-PB;UOP02-DEL01-PB;;;
695491;03/06/2025;ter�a-feira;05:26:00;ES;101;162;LINHARES;Neblina;Colis�o lateral mesmo sentido;Com V�timas Feridas;Pleno dia;Decrescente;C�u Claro;Simples;Reta;N�o;2;0;1;0;1;0;1;2;-19,49393272;-40,12896077;SPRF-ES;DEL04-ES;UOP01-DEL04-ES;;;
695493;03/06/2025;ter�a-feira;05:40:00;RS;386;344,5;LAJEADO;Aus�ncia de rea��o do condutor;Colis�o com objeto;Com V�timas Feridas;Plena Noite;Decrescente;Nublado;M�ltipla;"Curva;Desvio Tempor�rio;Em Obras";Sim;2;0;1;0;1;0;1;1;-29,44175078;-51,98794691;SPRF-RS;DEL04-RS;UOP01-DEL04-RS;;;
695498;03/06/2025;ter�a-feira;06:50:00;PR;116;125;FAZENDA RIO GRANDE;Aus�ncia de rea��o do condutor;Tombamento;Com V�timas Feridas;Pleno dia;Decrescente;Chuva;Dupla;Reta;Sim;1;0;1;0;0;0;1;1;-25,63563976;-49,31313224;SPRF-PR;DEL01-PR;UOP03-DEL01-PR;;;
695500;03/06/2025;ter�a-feira;07:10:00;RS;287;274;SANTA MARIA;Ultrapassagem Indevida;Colis�o lateral sentido oposto;Com V�timas Feridas;Pleno dia;Crescente;Chuva;Simples;Reta;N�o;4;0;0;1;3;0;1;3;-29,660345;-54,132449;SPRF-RS;DEL09-RS;UOP01-DEL09-RS;;;
695501;03/06/2025;ter�a-feira;03:30:00;AC;317;208;XAPURI;Condutor Dormindo;Sa�da de leito carro��vel;Com V�timas Feridas;Plena Noite;Crescente;C�u Claro;Simples;Reta;N�o;2;0;1;0;1;0;1;1;-10,63091556;-68,06991577;SPRF-AC;DEL01-AC;UOP02-DEL01-AC;;;
695502;02/06/2025;segunda-feira;17:45:00;MG;365;407;PATOS DE MINAS;Convers�o proibida;Colis�o transversal;Com V�timas Feridas;Anoitecer;Crescente;C�u Claro;M�ltipla;Reta;N�o;4;0;4;0;0;0;4;2;-18,63319768;-46,47733342;SPRF-MG;DEL10-MG;UOP01-DEL10-MG;;;
695503;03/06/2025;ter�a-feira;07:14:00;RJ;116;176;SAO JOAO DE MERITI;Condutor deixou de manter dist�ncia do ve�culo da frente;Colis�o traseira;Com V�timas Feridas;Pleno dia;Decrescente;C�u Claro;M�ltipla;Reta;N�o;2;0;1;0;1;0;1;1;-22,78668481;-43,37787978;SPRF-RJ;DEL06-RJ;UOP01-DEL06-RJ;;;
695504;03/06/2025;ter�a-feira;07:34:00;RS;472;579;URUGUAIANA;Convers�o proibida;Colis�o frontal;Com V�timas Feridas;Amanhecer;Crescente;Nevoeiro/Neblina;Simples;Reta;Sim;5;0;1;1;2;1;2;3;-29,783512;-57,071369;SPRF-RS;DEL13-RS;UOP01-DEL13-RS;;;
695505;28/04/2025;segunda-feira;20:30:00;PA;316;200;SANTA LUZIA DO PARA;Animais na Pista;Atropelamento de Animal;Com V�timas Fatais;Plena Noite;Crescente;Garoa/Chuvisco;Simples;Reta;N�o;3;1;0;1;0;1;1;3;-1,543692;-46,881473;SPRF-PA;DEL01-PA;UOP03-DEL01-PA;;;
695506;03/06/2025;ter�a-feira;07:50:00;SC;101;214,6;PALHOCA;Rea��o tardia ou ineficiente do condutor;Colis�o traseira;Com V�timas Feridas;Pleno dia;Decrescente;Nublado;M�ltipla;Reta;Sim;3;0;0;1;2;0;1;3;-27,64933;-48,67439;SPRF-SC;DEL01-SC;UOP02-DEL01-SC;;;
695507;03/06/2025;ter�a-feira;07:50:00;PR;116;119;CURITIBA;Rea��o tardia ou ineficiente do condutor;Queda de ocupante de ve�culo;Com V�timas Feridas;Amanhecer;Decrescente;Chuva;Dupla;Aclive;Sim;1;0;1;0;0;0;1;1;-25,58003085;-49,31286184;SPRF-PR;DEL01-PR;UOP03-DEL01-PR;;;
695509;01/05/2025;quinta-feira;19:20:00;SP;381;87;GUARULHOS;Condutor deixou de manter dist�ncia do ve�culo da frente;Colis�o traseira;Com V�timas Feridas;Plena Noite;Decrescente;C�u Claro;M�ltipla;Reta;Sim;2;0;1;0;1;0;1;2;-23,47669437;-46,55989766;SPRF-SP;DEL03-SP;UOP01-DEL03-SP;;;
695511;03/06/2025;ter�a-feira;06:50:00;RN;110;1;AREIA BRANCA;Ultrapassagem Indevida;Colis�o lateral mesmo sentido;Com V�timas Feridas;Pleno dia;Crescente;C�u Claro;Simples;Reta;Sim;2;0;0;1;1;0;1;2;-4,948458;-37,123432;SPRF-RN;DEL04-RN;UOP01-DEL04-RN;;;
695512;03/06/2025;ter�a-feira;07:50:00;RS;448;8;CANOAS;Aus�ncia de rea��o do condutor;Colis�o lateral mesmo sentido;Com V�timas Feridas;Pleno dia;Crescente;Nublado;Dupla;Reta;N�o;2;0;1;0;1;0;1;2;-29,8643286;-51,2265706;SPRF-RS;DEL01-RS;UOP02-DEL01-RS;;;
695514;30/05/2025;sexta-feira;14:00:00;CE;222;256,7;SOBRAL;Aus�ncia de rea��o do condutor;Capotamento;Com V�timas Feridas;Pleno dia;Decrescente;C�u Claro;Simples;Reta;N�o;1;0;1;0;0;0;1;1;-3,725859;-40,3394754;SPRF-CE;DEL04-CE;UOP02-DEL04-CE;;;
695517;27/05/2025;ter�a-feira;20:50:00;SC;101;126;ITAJAI;Rea��o tardia ou ineficiente do condutor;Colis�o traseira;Sem V�timas;Plena Noite;Crescente;Nublado;Dupla;"Reta;Declive;Viaduto";N�o;2;0;0;0;2;0;0;2;-26,9539109;-48,67958307;SPRF-SC;DEL04-SC;UOP04-DEL04-SC;;;
695518;03/06/2025;ter�a-feira;08:20:00;MG;40;466,4;SETE LAGOAS;Frear bruscamente;Queda de ocupante de ve�culo;Com V�timas Feridas;Pleno dia;Decrescente;C�u Claro;Dupla;Reta;Sim;1;0;1;0;0;0;1;1;-19,44588;-44,32148;SPRF-MG;DEL02-MG;UOP01-DEL02-MG;;;
695519;03/06/2025;ter�a-feira;08:25:00;SP;116;158;JACAREI;Acumulo de �leo sobre o pavimento;Tombamento;Com V�timas Feridas;Pleno dia;Crescente;C�u Claro;Dupla;Curva;Sim;1;0;1;0;0;0;1;1;-23,25823269;-45,94930887;SPRF-SP;DEL02-SP;UOP01-DEL02-SP;;;
695520;03/06/2025;ter�a-feira;07:49:00;BA;324;527;FEIRA DE SANTANA;Condutor deixou de manter dist�ncia do ve�culo da frente;Colis�o traseira;Com V�timas Feridas;Pleno dia;Crescente;C�u Claro;Dupla;Reta;Sim;2;0;1;0;1;0;1;2;-12,322562;-38,869122;SPRF-BA;DEL01-BA;UOP03-DEL01-BA;;;
695521;30/05/2025;sexta-feira;21:10:00;RJ;40;82;PETROPOLIS;Objeto est�tico sobre o leito carro��vel;Queda de ocupante de ve�culo;Com V�timas Feridas;Plena Noite;Crescente;C�u Claro;Dupla;Curva;Sim;1;0;1;0;0;0;1;1;-22,51515367;-43,23042089;SPRF-RJ;DEL01-RJ;UOP01-DEL01-RJ;;;
695523;03/06/2025;ter�a-feira;09:00:00;SP;116;222;GUARULHOS;Entrada inopinada do pedestre;Atropelamento de Pedestre;Com V�timas Feridas;Pleno dia;Decrescente;Garoa/Chuvisco;M�ltipla;Reta;Sim;2;0;0;1;1;0;1;2;-23,47363879;-46,52263641;SPRF-SP;DEL01-SP;UOP01-DEL01-SP;;;
695524;03/06/2025;ter�a-feira;04:30:00;PE;408;70,4;PAUDALHO;Aus�ncia de rea��o do condutor;Colis�o transversal;Sem V�timas;Amanhecer;Crescente;Nublado;Dupla;Reta;N�o;2;0;0;0;1;1;0;2;-7,92382;-35,15524;SPRF-PE;DEL01-PE;UOP01-DEL01-PE;;;
695525;03/06/2025;ter�a-feira;09:00:00;SC;101;124;ITAJAI;Demais falhas mec�nicas ou el�tricas;Tombamento;Com V�timas Feridas;Pleno dia;Decrescente;Garoa/Chuvisco;Simples;Retorno Regulamentado;Sim;2;0;1;0;1;0;1;1;-26,937103;-48,696482;SPRF-SC;DEL04-SC;UOP04-DEL04-SC;;;
695526;03/06/2025;ter�a-feira;09:00:00;ES;101;150;LINHARES;Condutor deixou de manter dist�ncia do ve�culo da frente;Colis�o traseira;Com V�timas Feridas;Pleno dia;Crescente;C�u Claro;Simples;Interse��o de Vias;N�o;2;0;1;0;1;0;1;2;-19,40719766;-40,0640258;SPRF-ES;DEL04-ES;UOP01-DEL04-ES;;;
695528;03/06/2025;ter�a-feira;10:00:00;GO;153;436;ANAPOLIS;Mal s�bito do condutor;Sa�da de leito carro��vel;Com V�timas Feridas;Pleno dia;Crescente;C�u Claro;Dupla;Reta;N�o;2;0;1;0;0;1;1;2;-16,299166;-48,928036;SPRF-GO;DEL02-GO;UOP01-DEL02-GO;;;
695530;03/06/2025;ter�a-feira;09:20:00;MG;381;929,8;ITAPEVA;Velocidade Incompat�vel;Colis�o com objeto;Com V�timas Feridas;Pleno dia;Crescente;Chuva;Dupla;Curva;N�o;2;0;2;0;0;0;2;1;-22,77456628;-46,23882607;SPRF-MG;DEL16-MG;UOP03-DEL16-MG;;;
695531;03/06/2025;ter�a-feira;10:00:00;RS;285;268,2;MATO CASTELHANO;Condutor deixou de manter dist�ncia do ve�culo da frente;Colis�o traseira;Sem V�timas;Pleno dia;Decrescente;Chuva;Simples;Reta;N�o;2;0;0;0;2;0;0;2;-28,29924188;-52,14969635;SPRF-RS;DEL08-RS;UOP03-DEL08-RS;;;
695532;03/06/2025;ter�a-feira;09:40:00;RJ;101;70,7;CAMPOS DOS GOYTACAZES;Acessar a via sem observar a presen�a dos outros ve�culos;Colis�o transversal;Com V�timas Feridas;Pleno dia;Crescente;Garoa/Chuvisco;Simples;"Reta;Interse��o de Vias";N�o;4;0;1;0;3;0;1;2;-21,784552;-41,379494;SPRF-RJ;DEL08-RJ;UOP02-DEL08-RJ;;;
695533;03/06/2025;ter�a-feira;10:15:00;RJ;101;66;CAMPOS DOS GOYTACAZES;Condutor deixou de manter dist�ncia do ve�culo da frente;Queda de ocupante de ve�culo;Com V�timas Feridas;Pleno dia;Crescente;Chuva;Dupla;"Interse��o de Vias;Curva";N�o;1;0;1;0;0;0;1;1;-21,765059;-41,346597;SPRF-RJ;DEL08-RJ;UOP02-DEL08-RJ;;;
695534;03/06/2025;ter�a-feira;07:30:00;MT;163;832;SINOP;Manobra de mudan�a de faixa;Colis�o lateral mesmo sentido;Sem V�timas;Pleno dia;Crescente;Sol;Dupla;"Em Obras;Reta";Sim;2;0;0;0;2;0;0;2;-11,88214434;-55,50079465;SPRF-MT;DEL06-MT;UOP02-DEL06-MT;;;
695536;03/06/2025;ter�a-feira;07:10:00;MA;10;264;IMPERATRIZ;Acessar a via sem observar a presen�a dos outros ve�culos;Colis�o lateral mesmo sentido;Com V�timas Feridas;Pleno dia;Decrescente;C�u Claro;Simples;Reta;Sim;2;0;1;0;1;0;1;2;-5,426005;-47,472848;SPRF-MA;DEL04-MA;UOP01-DEL04-MA;;;
695538;03/06/2025;ter�a-feira;11:00:00;SP;381;61;MAIRIPORA;Entrada inopinada do pedestre;Atropelamento de Pedestre;Com V�timas Feridas;Pleno dia;Crescente;Chuva;Dupla;"Curva;Declive";N�o;2;0;0;1;1;0;1;2;-23,28913009;-46,58288956;SPRF-SP;DEL03-SP;UOP01-DEL03-SP;;;
695539;03/06/2025;ter�a-feira;08:30:00;SC;0;0;PALHOCA;Transitar na contram�o;Colis�o traseira;Sem V�timas;Pleno dia;N�o Informado;Garoa/Chuvisco;Simples;Curva;Sim;3;0;0;0;3;0;0;2;-27,64688214;-48,6733803;SPRF-SC;DEL01-SC;UOP01-DEL01-SC;;;
695541;03/06/2025;ter�a-feira;10:30:00;MA;135;23;SAO LUIS;Acessar a via sem observar a presen�a dos outros ve�culos;Colis�o transversal;Com V�timas Feridas;Pleno dia;Decrescente;Nublado;Dupla;"Reta;Aclive;Retorno Regulamentado";Sim;2;0;0;1;1;0;1;2;-2,551175;-44,307116;SPRF-MA;DEL01-MA;UOP01-DEL01-MA;;;
695542;03/06/2025;ter�a-feira;10:30:00;RS;290;176;BUTIA;Acessar a via sem observar a presen�a dos outros ve�culos;Colis�o frontal;Com V�timas Feridas;Pleno dia;Decrescente;C�u Claro;Simples;Reta;Sim;3;0;1;0;1;1;1;3;-30,13269063;-51,98065549;SPRF-RS;DEL02-RS;UOP03-DEL02-RS;;;
695543;03/06/2025;ter�a-feira;10:30:00;RJ;101;384;RIO DE JANEIRO;Curva acentuada;Capotamento;Com V�timas Feridas;Pleno dia;Crescente;C�u Claro;Dupla;Reta;N�o;1;0;0;1;0;0;1;1;-22,87871468;-43,62056907;SPRF-RJ;DEL03-RJ;UOP01-DEL03-RJ;;;
695545;03/06/2025;ter�a-feira;11:15:00;SP;381;61;MAIRIPORA;Chuva;Colis�o traseira;Sem V�timas;Pleno dia;Crescente;Chuva;Dupla;"Curva;Declive";N�o;2;0;0;0;2;0;0;2;-23,28889358;-46,58263206;SPRF-SP;DEL03-SP;UOP01-DEL03-SP;;;
695546;03/06/2025;ter�a-feira;11:00:00;PR;376;658;TIJUCAS DO SUL;Rea��o tardia ou ineficiente do condutor;Sa�da de leito carro��vel;Com V�timas Feridas;Pleno dia;Decrescente;Chuva;Dupla;Curva;N�o;3;0;1;0;2;0;1;1;-25,85431895;-48,98361683;SPRF-PR;DEL01-PR;UOP04-DEL01-PR;;;
695547;14/05/2025;quarta-feira;19:00:00;AL;101;49,5;FLEXEIRAS;Acessar a via sem observar a presen�a dos outros ve�culos;Colis�o transversal;Com V�timas Feridas;Plena Noite;Crescente;C�u Claro;Dupla;Reta;N�o;2;0;0;1;1;0;1;2;-9,235188;-35,768639;SPRF-AL;DEL01-AL;UOP02-DEL01-AL;;;
695549;24/04/2025;quinta-feira;07:30:00;PR;376;301;MAUA DA SERRA;Acumulo de �leo sobre o pavimento;Colis�o com objeto;Com V�timas Feridas;Amanhecer;Crescente;C�u Claro;Dupla;Curva;N�o;1;0;1;0;0;0;1;1;-23,93485565;-51,15281431;SPRF-PR;DEL07-PR;UOP02-DEL07-PR;;;
695554;03/06/2025;ter�a-feira;13:06:00;RN;110;47;MOSSORO;Acessar a via sem observar a presen�a dos outros ve�culos;Colis�o transversal;Com V�timas Feridas;Pleno dia;Decrescente;C�u Claro;Simples;Reta;Sim;4;0;4;0;0;0;4;2;-5,20612854;-37,32931707;SPRF-RN;DEL04-RN;UOP01-DEL04-RN;;;
695556;03/06/2025;ter�a-feira;13:20:00;MG;40;627;CONSELHEIRO LAFAIETE;Acessar a via sem observar a presen�a dos outros ve�culos;Colis�o transversal;Com V�timas Feridas;Pleno dia;Decrescente;Nublado;Simples;Reta;Sim;2;0;0;1;1;0;1;2;-20,64024;-43,81379;SPRF-MG;DEL05-MG;UOP02-DEL05-MG;;;
695557;03/06/2025;ter�a-feira;13:15:00;MG;381;492;BETIM;Manobra de mudan�a de faixa;Colis�o lateral mesmo sentido;Com V�timas Feridas;Pleno dia;Decrescente;C�u Claro;M�ltipla;Curva;Sim;2;0;1;0;1;0;1;2;-19,9617975;-44,1605328;SPRF-MG;DEL01-MG;UOP03-DEL01-MG;;;
695560;03/06/2025;ter�a-feira;13:20:00;PR;277;14,6;PARANAGUA;Rea��o tardia ou ineficiente do condutor;Sa�da de leito carro��vel;Com V�timas Feridas;Pleno dia;Decrescente;Sol;Dupla;Reta;N�o;2;0;1;0;1;0;1;1;-25,5541522;-48,66024368;SPRF-PR;DEL01-PR;UOP05-DEL01-PR;;;
695561;03/06/2025;ter�a-feira;13:25:00;RJ;101;328;RIO DE JANEIRO;Aus�ncia de rea��o do condutor;Colis�o traseira;Com V�timas Feridas;Pleno dia;Decrescente;C�u Claro;Dupla;"Ponte;Reta";N�o;2;0;0;1;1;0;1;2;-22,8702678;-43,16741657;SPRF-RJ;DEL02-RJ;UOP01-DEL02-RJ;;;
695562;26/05/2025;segunda-feira;17:30:00;RJ;116;195;NOVA IGUACU;Manobra de mudan�a de faixa;Colis�o lateral mesmo sentido;Com V�timas Feridas;Pleno dia;Decrescente;Ignorado;Dupla;Reta;N�o;1;0;1;0;0;0;1;1;-22,74293951;-43,52062225;SPRF-RJ;DEL06-RJ;UOP01-DEL06-RJ;;;
695563;03/06/2025;ter�a-feira;12:00:00;SC;101;415,9;ARARANGUA;Acessar a via sem observar a presen�a dos outros ve�culos;Colis�o transversal;Com V�timas Feridas;Pleno dia;Crescente;C�u Claro;Simples;Reta;Sim;2;0;1;0;1;0;1;2;-28,9694704;-49,52543227;SPRF-SC;DEL02-SC;UOP02-DEL02-SC;;;
695564;03/06/2025;ter�a-feira;10:45:00;MT;163;86,1;RONDONOPOLIS;Rea��o tardia ou ineficiente do condutor;Sa�da de leito carro��vel;Com V�timas Feridas;Pleno dia;Crescente;C�u Claro;Dupla;"Reta;Declive";N�o;1;0;1;0;0;0;1;1;-16,7670845;-54,6596385;SPRF-MT;DEL02-MT;UOP03-DEL02-MT;;;
695565;03/06/2025;ter�a-feira;11:15:00;SC;101;412,5;ARARANGUA;Condutor Dormindo;Tombamento;Com V�timas Feridas;Pleno dia;Crescente;C�u Claro;Dupla;Reta;N�o;1;0;0;1;0;0;1;1;-28,94529329;-49,52894211;SPRF-SC;DEL02-SC;UOP02-DEL02-SC;;;
695566;03/06/2025;ter�a-feira;13:45:00;PB;230;19,3;JOAO PESSOA;Rea��o tardia ou ineficiente do condutor;Queda de ocupante de ve�culo;Com V�timas Feridas;Pleno dia;Decrescente;Sol;Dupla;Reta;Sim;1;0;1;0;0;0;1;1;-7,130857;-34,851742;SPRF-PB;DEL01-PB;UOP01-DEL01-PB;;;
695568;03/06/2025;ter�a-feira;14:00:00;RS;470;216,8;BENTO GONCALVES;Condutor deixou de manter dist�ncia do ve�culo da frente;Colis�o traseira;Sem V�timas;Pleno dia;Crescente;Garoa/Chuvisco;Dupla;Interse��o de Vias;Sim;4;0;0;0;4;0;0;2;-29,17188707;-51,52422516;SPRF-RS;DEL06-RS;UOP01-DEL06-RS;;;
695569;03/06/2025;ter�a-feira;12:15:00;PI;343;594;FLORIANO;Aus�ncia de rea��o do condutor;Tombamento;Com V�timas Feridas;Pleno dia;Decrescente;C�u Claro;Simples;Reta;Sim;2;0;1;0;0;1;1;2;-6,7930659;-42,9837878;SPRF-PI;DEL03-PI;UOP01-DEL03-PI;;;
695570;03/06/2025;ter�a-feira;14:00:00;PB;230;23,2;JOAO PESSOA;Aus�ncia de rea��o do condutor;Tombamento;Com V�timas Feridas;Pleno dia;Decrescente;C�u Claro;Dupla;Reta;Sim;1;0;1;0;0;0;1;1;-7,16013;-34,859605;SPRF-PB;DEL01-PB;UOP01-DEL01-PB;;;
695571;14/05/2025;quarta-feira;07:00:00;BA;324;536;CONCEICAO DO JACUIPE;Aus�ncia de rea��o do condutor;Tombamento;Com V�timas Feridas;Pleno dia;Crescente;C�u Claro;Dupla;Reta;N�o;1;0;1;0;0;0;1;1;-12,366686;-38,816539;SPRF-BA;DEL01-BA;UOP03-DEL01-BA;;;
695579;03/06/2025;ter�a-feira;14:15:00;SC;101;150;ITAPEMA;Acessar a via sem observar a presen�a dos outros ve�culos;Colis�o transversal;Com V�timas Feridas;Pleno dia;Crescente;C�u Claro;Simples;Reta;Sim;4;0;0;2;2;0;2;3;-27,11626678;-48,60974345;SPRF-SC;DEL04-SC;UOP03-DEL04-SC;;;
695583;08/01/2025;quarta-feira;15:00:00;PR;487;168;CAMPO MOURAO;Aus�ncia de rea��o do condutor;Colis�o traseira;Com V�timas Feridas;Pleno dia;Decrescente;C�u Claro;Simples;Reta;N�o;3;0;0;2;1;0;2;2;-24,00013907;-52,48927468;SPRF-PR;DEL09-PR;UOP03-DEL09-PR;;;
695584;03/06/2025;ter�a-feira;13:30:00;MG;381;791,7;SAO GONCALO DO SAPUCAI;Velocidade Incompat�vel;Sa�da de leito carro��vel;Com V�timas Feridas;Pleno dia;Decrescente;Chuva;Dupla;Curva;N�o;1;0;1;0;0;0;1;1;-21,90598894;-45,55836296;SPRF-MG;DEL16-MG;UOP02-DEL16-MG;;;
695585;03/05/2025;s�bado;02:30:00;PR;376;140,9;NOVA ESPERANCA;Demais falhas mec�nicas ou el�tricas;Inc�ndio;Sem V�timas;Plena Noite;Crescente;C�u Claro;Dupla;Reta;N�o;1;0;0;0;1;0;0;1;-23,238253;-52,172786;SPRF-PR;DEL09-PR;UOP02-DEL09-PR;;;
695586;01/06/2025;domingo;05:57:00;SP;116;149,4;SAO JOSE DOS CAMPOS;Rea��o tardia ou ineficiente do condutor;Colis�o lateral mesmo sentido;Sem V�timas;Amanhecer;Crescente;C�u Claro;Dupla;Reta;N�o;2;0;0;0;0;2;0;2;-23,21330286;-45,89286544;SPRF-SP;DEL02-SP;UOP01-DEL02-SP;;;
695590;06/04/2025;domingo;20:40:00;ES;101;91;JAGUARE;Pedestre andava na pista;Atropelamento de Pedestre;Com V�timas Feridas;Plena Noite;Decrescente;Nublado;Simples;Reta;N�o;3;0;0;1;2;0;1;2;-18,93134912;-39,97211404;SPRF-ES;DEL04-ES;UOP02-DEL04-ES;;;
695591;26/05/2025;segunda-feira;20:30:00;RR;431;45;RORAINOPOLIS;Aus�ncia de sinaliza��o;Sa�da de leito carro��vel;Sem V�timas;Plena Noite;Crescente;Nevoeiro/Neblina;Simples;"Declive;Reta";N�o;4;0;0;0;3;1;0;2;-0,2318008;-61,0645133;SPRF-RR;DEL01-RR;UOP01-DEL01-RR;;;
695592;03/06/2025;ter�a-feira;15:30:00;BA;235;347,6;JUAZEIRO;Rea��o tardia ou ineficiente do condutor;Colis�o traseira;Sem V�timas;Pleno dia;Crescente;C�u Claro;Simples;Reta;Sim;2;0;0;0;2;0;0;2;-9,45023;-40,48521;SPRF-PE;DEL06-PE;UOP01-DEL06-PE;;;
695593;03/06/2025;ter�a-feira;14:00:00;SC;101;434;SOMBRIO;Transitar na contram�o;Colis�o frontal;Com V�timas Feridas;Pleno dia;Decrescente;C�u Claro;M�ltipla;"Reta;Em Obras";N�o;4;0;2;1;1;0;3;2;-29,09924344;-49,63498678;SPRF-SC;DEL02-SC;UOP02-DEL02-SC;;;
695595;03/06/2025;ter�a-feira;14:30:00;RJ;116;133;MAGE;Demais falhas mec�nicas ou el�tricas;Inc�ndio;Sem V�timas;Pleno dia;Crescente;C�u Claro;Dupla;Reta;N�o;1;0;0;0;1;0;0;1;-22,653967;-43,144144;SPRF-RJ;DEL04-RJ;UOP02-DEL04-RJ;;;
695598;18/05/2025;domingo;10:40:00;PR;277;684;SAO MIGUEL DO IGUACU;Velocidade Incompat�vel;Queda de ocupante de ve�culo;Com V�timas Feridas;Pleno dia;Crescente;C�u Claro;Dupla;"Curva;Declive";N�o;1;0;0;1;0;0;1;1;-25,33909055;-54,20056701;SPRF-PR;DEL05-PR;UOP01-DEL05-PR;;;
695599;03/06/2025;ter�a-feira;15:30:00;AL;423;79;DELMIRO GOUVEIA;Ingest�o de �lcool pelo condutor;Colis�o traseira;Com V�timas Feridas;Pleno dia;Decrescente;C�u Claro;Simples;Reta;Sim;3;0;2;0;1;0;2;2;-9,3289;-37,980012;SPRF-AL;DEL03-AL;UOP02-DEL03-AL;;;
695600;03/06/2025;ter�a-feira;17:00:00;ES;101;266;SERRA;Manobra de mudan�a de faixa;Colis�o lateral mesmo sentido;Com V�timas Feridas;Anoitecer;Decrescente;Nublado;Dupla;Reta;Sim;2;0;1;0;1;0;1;2;-20,194865;-40,268418;SPRF-ES;DEL02-ES;UOP01-DEL02-ES;;;
695601;03/06/2025;ter�a-feira;15:50:00;CE;116;1;FORTALEZA;Aus�ncia de rea��o do condutor;Colis�o com objeto;Sem V�timas;Pleno dia;Decrescente;C�u Claro;Dupla;Interse��o de Vias;N�o;1;0;0;0;1;0;0;1;-3,75794703;-38,51971714;SPRF-CE;DEL01-CE;UOP02-DEL01-CE;;;
695602;03/06/2025;ter�a-feira;15:25:00;PE;232;254,6;ARCOVERDE;Transitar no Acostamento;Colis�o transversal;Com V�timas Feridas;Pleno dia;Decrescente;Nublado;Simples;Reta;Sim;2;0;0;1;1;0;1;2;-8,41715649;-37,08006889;SPRF-PE;DEL04-PE;UOP02-DEL04-PE;;;
695604;03/06/2025;ter�a-feira;16:35:00;MG;40;629,8;CONSELHEIRO LAFAIETE;Acessar a via sem observar a presen�a dos outros ve�culos;Colis�o frontal;Com V�timas Feridas;Pleno dia;Decrescente;Chuva;Simples;Reta;Sim;2;0;0;1;1;0;1;2;-20,6608;-43,80214;SPRF-MG;DEL05-MG;UOP02-DEL05-MG;;;
695610;03/06/2025;ter�a-feira;17:05:00;MG;262;366,3;JUATUBA;Pedestre - Ingest�o de �lcool/ subst�ncias psicoativas;Eventos at�picos;Com V�timas Feridas;Pleno dia;Decrescente;Nublado;Dupla;"Reta;Aclive";Sim;2;0;1;0;0;1;1;2;-19,9743215;-44,3210228;SPRF-MG;DEL01-MG;UOP03-DEL01-MG;;;
695611;03/06/2025;ter�a-feira;16:00:00;RJ;101;473;ANGRA DOS REIS;Acumulo de areia ou detritos sobre o pavimento;Tombamento;Com V�timas Feridas;Pleno dia;Decrescente;Sol;Simples;"Interse��o de Vias;Rotat�ria";Sim;1;0;1;0;0;0;1;1;-22,9895636;-44,2417962;SPRF-RJ;DEL03-RJ;UOP03-DEL03-RJ;;;
695612;03/06/2025;ter�a-feira;16:50:00;RS;158;200,1;CRUZ ALTA;Transitar na contram�o;Colis�o transversal;Com V�timas Feridas;Pleno dia;Decrescente;C�u Claro;Simples;"Reta;Interse��o de Vias";N�o;2;0;0;1;1;0;1;2;-28,68735515;-53,59965136;SPRF-RS;DEL10-RS;UOP02-DEL10-RS;;;