id;data_inversa;dia_semana;horario;uf;br;km;municipio;causa_acidente;tipo_acidente;classificacao_acidente;fase_dia;sentido_via;condicao_metereologica;tipo_pista;tracado_via;uso_solo;pessoas;mortos;feridos_leves;feridos_graves;ilesos;ignorados;feridos;veiculos;latitude;longitude;regional;delegacia;uop;;;
695613;03/06/2025;ter�a-feira;17:10:00;MG;40;283;TRES MARIAS;Acessar a via sem observar a presen�a dos outros ve�culos;Colis�o frontal;Sem V�timas;Anoitecer;Decrescente;C�u Claro;Simples;"Curva;Interse��o de Vias";Sim;2;0;0;0;2;0;0;2;-18,2506753;-45,1960471;SPRF-MG;DEL14-MG;UOP02-DEL14-MG;;;
695614;03/06/2025;ter�a-feira;16:07:00;ES;101;137;LINHARES;Ultrapassagem Indevida;Colis�o transversal;Com V�timas Feridas;Plena Noite;Crescente;C�u Claro;Simples;Interse��o de Vias;N�o;3;0;3;0;0;0;3;2;-19,29409265;-40,08591923;SPRF-ES;DEL04-ES;UOP01-DEL04-ES;;;
695615;03/06/2025;ter�a-feira;17:30:00;PR;369;156,3;LONDRINA;Condutor deixou de manter dist�ncia do ve�culo da frente;Colis�o traseira;Com V�timas Feridas;Anoitecer;Crescente;C�u Claro;Dupla;Reta;Sim;2;0;1;0;1;0;1;2;-23,28998205;-51,2201914;SPRF-PR;DEL07-PR;UOP01-DEL07-PR;;;
695616;03/06/2025;ter�a-feira;17:40:00;MG;116;808,3;ALEM PARAIBA;Demais falhas mec�nicas ou el�tricas;Inc�ndio;Com V�timas Feridas;Anoitecer;Decrescente;Nublado;Simples;Reta;N�o;1;0;1;0;0;0;1;1;-21,82262019;-42,68669128;SPRF-MG;DEL07-MG;UOP01-DEL07-MG;;;
695618;03/06/2025;ter�a-feira;17:40:00;CE;116;2;FORTALEZA;Condutor deixou de manter dist�ncia do ve�culo da frente;Colis�o traseira;Com V�timas Feridas;Plena Noite;Decrescente;C�u Claro;Dupla;Reta;Sim;3;0;1;0;1;1;1;3;-3,77589557;-38,5153842;SPRF-CE;DEL01-CE;UOP02-DEL01-CE;;;
695619;03/06/2025;ter�a-feira;18:05:00;MG;381;434;SABARA;Velocidade Incompat�vel;Colis�o frontal;Com V�timas Feridas;Anoitecer;Crescente;Chuva;Simples;Curva;N�o;2;0;2;0;0;0;2;2;-19,78670379;-43,72580051;SPRF-MG;DEL01-MG;UOP01-DEL01-MG;;;
695621;03/06/2025;ter�a-feira;16:30:00;RJ;465;5;SEROPEDICA;Trafegar com motocicleta (ou similar) entre as faixas;Colis�o frontal;Com V�timas Feridas;Pleno dia;Decrescente;Nublado;Simples;Reta;Sim;2;0;1;0;1;0;1;2;-22,748452;-43,698303;SPRF-RJ;DEL06-RJ;UOP02-DEL06-RJ;;;
695623;03/06/2025;ter�a-feira;16:40:00;PA;10;314;IRITUIA;Transitar na contram�o;Colis�o frontal;Com V�timas Fatais;Anoitecer;Crescente;Nublado;Simples;Reta;N�o;2;1;1;0;0;0;1;2;-1,73086441;-47,50286293;SPRF-PA;DEL01-PA;UOP02-DEL01-PA;;;
695624;03/06/2025;ter�a-feira;17:50:00;SP;116;135;SAO JOSE DOS CAMPOS;Manobra de mudan�a de faixa;Colis�o lateral mesmo sentido;Com V�timas Feridas;Anoitecer;Crescente;Nublado;Dupla;Reta;N�o;3;0;1;0;2;0;1;3;-23,14383187;-45,76927608;SPRF-SP;DEL02-SP;UOP01-DEL02-SP;;;
695625;03/06/2025;ter�a-feira;18:25:00;RS;287;249;SANTA MARIA;Entrada inopinada do pedestre;Atropelamento de Pedestre;Com V�timas Feridas;Plena Noite;Decrescente;Garoa/Chuvisco;Dupla;Reta;Sim;2;0;0;1;1;0;1;2;-29,6956529;-53,85432098;SPRF-RS;DEL09-RS;UOP01-DEL09-RS;;;
695626;03/06/2025;ter�a-feira;18:00:00;PR;277;722,5;FOZ DO IGUACU;Acessar a via sem observar a presen�a dos outros ve�culos;Colis�o transversal;Com V�timas Feridas;Plena Noite;Crescente;C�u Claro;Dupla;"Reta;Retorno Regulamentado";Sim;3;0;1;0;0;2;1;2;-25,4987649;-54,5301096;SPRF-PR;DEL05-PR;UOP03-DEL05-PR;;;
695628;03/06/2025;ter�a-feira;18:30:00;SP;116;230,6;SAO PAULO;Trafegar com motocicleta (ou similar) entre as faixas;Colis�o lateral mesmo sentido;Com V�timas Feridas;Plena Noite;Crescente;C�u Claro;M�ltipla;Reta;Sim;3;0;1;0;2;0;1;3;-23,52122167;-46,58419847;SPRF-SP;DEL01-SP;UOP01-DEL01-SP;;;
695629;03/06/2025;ter�a-feira;17:55:00;MG;267;81,3;JUIZ DE FORA;Transitar na contram�o;Colis�o frontal;Com V�timas Fatais;Anoitecer;Decrescente;Chuva;Simples;Curva;N�o;2;1;0;1;0;0;1;2;-21,76901255;-43,24203664;SPRF-MG;DEL05-MG;UOP01-DEL05-MG;;;
695630;03/06/2025;ter�a-feira;18:20:00;SC;280;37;ARAQUARI;Acessar a via sem observar a presen�a dos outros ve�culos;Colis�o transversal;Com V�timas Feridas;Plena Noite;Crescente;Nublado;Simples;"Curva;Em Obras";N�o;2;0;1;0;1;0;1;2;-26,44783271;-48,82277934;SPRF-SC;DEL03-SC;UOP03-DEL03-SC;;;
695631;03/06/2025;ter�a-feira;17:40:00;SP;116;61,1;GUARATINGUETA;Aus�ncia de rea��o do condutor;Colis�o traseira;Com V�timas Feridas;Anoitecer;Decrescente;Nublado;Dupla;Reta;Sim;6;0;4;0;1;1;4;3;-22,798278;-45,167885;SPRF-SP;DEL08-SP;UOP01-DEL08-SP;;;
695632;03/06/2025;ter�a-feira;17:00:00;GO;70;339;JUSSARA;Transitar na contram�o;Sa�da de leito carro��vel;Com V�timas Feridas;Pleno dia;Crescente;C�u Claro;Dupla;Reta;N�o;2;0;2;0;0;0;2;1;-15,88474932;-51,05995271;SPRF-GO;DEL04-GO;UOP02-DEL04-GO;;;
695633;03/06/2025;ter�a-feira;17:30:00;RJ;116;276;BARRA MANSA;Rea��o tardia ou ineficiente do condutor;Colis�o traseira;Com V�timas Feridas;Anoitecer;Decrescente;C�u Claro;Dupla;"Declive;Reta";N�o;2;0;1;0;1;0;1;2;-22,5619425;-44,16576552;SPRF-RJ;DEL07-RJ;UOP02-DEL07-RJ;;;
695634;03/06/2025;ter�a-feira;18:00:00;BA;101;371;GANDU;Velocidade Incompat�vel;Colis�o traseira;Com V�timas Feridas;Anoitecer;Crescente;Nublado;Simples;Curva;N�o;3;0;2;0;0;1;2;2;-13,78965465;-39,49421883;SPRF-BA;DEL05-BA;UOP03-DEL05-BA;;;
695635;03/06/2025;ter�a-feira;18:40:00;PR;369;187;ARAPONGAS;Aus�ncia de rea��o do condutor;Colis�o traseira;Sem V�timas;Plena Noite;Crescente;Nublado;Simples;Reta;Sim;4;0;0;0;4;0;0;2;-23,423922;-51,423763;SPRF-PR;DEL07-PR;UOP03-DEL07-PR;;;
695637;03/06/2025;ter�a-feira;18:45:00;RS;116;426;CRISTAL;Acessar a via sem observar a presen�a dos outros ve�culos;Colis�o transversal;Com V�timas Feridas;Plena Noite;Crescente;Chuva;Simples;Interse��o de Vias;Sim;2;0;1;0;1;0;1;2;-30,995092;-52,045812;SPRF-RS;DEL02-RS;UOP02-DEL02-RS;;;
695638;16/05/2025;sexta-feira;18:30:00;PR;376;4,1;MANDAGUARI;Acesso irregular;Atropelamento de Pedestre;Com V�timas Feridas;Anoitecer;Crescente;C�u Claro;Simples;Curva;Sim;2;0;1;0;1;0;1;2;-23,51759372;-51,6817664;SPRF-PR;DEL09-PR;UOP01-DEL09-PR;;;
695639;03/06/2025;ter�a-feira;19:00:00;SP;116;201;ARUJA;Rea��o tardia ou ineficiente do condutor;Colis�o com objeto;Com V�timas Feridas;Plena Noite;Decrescente;Nublado;Dupla;"Em Obras;Viaduto;Reta";Sim;2;0;1;0;1;0;1;1;-23,40372306;-46,3310194;SPRF-SP;DEL01-SP;UOP01-DEL01-SP;;;
695640;03/06/2025;ter�a-feira;15:00:00;MG;381;728,6;CARMO DA CACHOEIRA;Avarias e/ou desgaste excessivo no pneu;Sa�da de leito carro��vel;Com V�timas Feridas;Pleno dia;Crescente;Chuva;Dupla;"Curva;Declive";N�o;2;0;1;0;1;0;1;1;-21,491622;-45,210403;SPRF-MG;DEL04-MG;UOP02-DEL04-MG;;;
695641;03/06/2025;ter�a-feira;18:40:00;MG;262;800;UBERABA;Rea��o tardia ou ineficiente do condutor;Colis�o traseira;Com V�timas Feridas;Plena Noite;Crescente;C�u Claro;Dupla;Reta;Sim;2;0;1;0;0;1;1;2;-19,76911664;-47,89698958;SPRF-MG;DEL13-MG;UOP01-DEL13-MG;;;
695643;15/05/2025;quinta-feira;18:30:00;PR;376;4,1;MANDAGUARI;Acessar a via sem observar a presen�a dos outros ve�culos;Colis�o transversal;Com V�timas Feridas;Plena Noite;Decrescente;C�u Claro;Simples;"Interse��o de Vias;Reta";N�o;2;0;1;0;0;1;1;2;-23,51752;-51,68184;SPRF-PR;DEL09-PR;UOP01-DEL09-PR;;;
695645;03/06/2025;ter�a-feira;18:20:00;PR;369;187;ARAPONGAS;Ingest�o de �lcool pelo condutor;Colis�o traseira;Sem V�timas;Plena Noite;Crescente;C�u Claro;Simples;Reta;Sim;2;0;0;0;2;0;0;2;-23,42346453;-51,4238569;SPRF-PR;DEL07-PR;UOP03-DEL07-PR;;;
695646;03/06/2025;ter�a-feira;18:30:00;SP;116;276;EMBU DAS ARTES;Trafegar com motocicleta (ou similar) entre as faixas;Colis�o lateral mesmo sentido;Com V�timas Feridas;Anoitecer;Decrescente;C�u Claro;Dupla;Reta;Sim;4;0;0;1;3;0;1;4;-23,62022496;-46,81125626;SPRF-SP;DEL04-SP;UOP01-DEL04-SP;;;
695647;03/06/2025;ter�a-feira;17:00:00;PR;277;344;GUARAPUAVA;Manobra de mudan�a de faixa;Colis�o com objeto;Com V�timas Feridas;Pleno dia;Crescente;Nublado;Dupla;"Reta;Viaduto";Sim;2;0;1;0;0;1;1;1;-25,36448334;-51,47640824;SPRF-PR;DEL08-PR;UOP01-DEL08-PR;;;
695648;03/06/2025;ter�a-feira;18:00:00;ES;101;348,2;ANCHIETA;Convers�o proibida;Colis�o transversal;Com V�timas Feridas;Plena Noite;Decrescente;Chuva;Simples;"Em Obras;Desvio Tempor�rio";Sim;2;0;1;1;0;0;2;2;-20,65047943;-40,63850133;SPRF-ES;DEL03-ES;UOP01-DEL03-ES;;;
695650;03/06/2025;ter�a-feira;18:30:00;RS;392;66;PELOTAS;Aus�ncia de rea��o do condutor;Tombamento;Com V�timas Feridas;Plena Noite;Decrescente;C�u Claro;Dupla;Reta;Sim;1;0;1;0;0;0;1;1;-31,75859853;-52,39886427;SPRF-RS;DEL07-RS;UOP01-DEL07-RS;;;
695652;03/06/2025;ter�a-feira;18:25:00;RN;405;1;MOSSORO;Transitar na contram�o;Colis�o transversal;Com V�timas Feridas;Plena Noite;Crescente;C�u Claro;Dupla;"Retorno Regulamentado;Reta;Interse��o de Vias";Sim;2;0;0;1;1;0;1;2;-5,192023;-37,36679;SPRF-RN;DEL04-RN;UOP02-DEL04-RN;;;
695653;03/06/2025;ter�a-feira;18:35:00;GO;70;7;AGUAS LINDAS DE GOIAS;Mal s�bito do condutor;Colis�o lateral mesmo sentido;Com V�timas Feridas;Plena Noite;Decrescente;C�u Claro;M�ltipla;Reta;Sim;3;0;2;0;1;0;2;3;-15,7359274;-48,274439;SPRF-DF;DEL03-DF;UOP02-DEL03-DF;;;
695654;03/06/2025;ter�a-feira;19:30:00;PR;476;196;LAPA;Acessar a via sem observar a presen�a dos outros ve�culos;Colis�o transversal;Com V�timas Feridas;Plena Noite;Decrescente;Nublado;Simples;"Declive;Reta";Sim;2;0;0;1;1;0;1;2;-25,756178;-49,728937;SPRF-PR;DEL01-PR;UOP06-DEL01-PR;;;
695655;03/06/2025;ter�a-feira;18:00:00;MG;381;434;SABARA;Pedestre cruzava a pista fora da faixa;Atropelamento de Pedestre;Com V�timas Feridas;Plena Noite;Decrescente;Chuva;Simples;"Aclive;Reta";Sim;2;0;0;1;1;0;1;2;-19,78738018;-43,72627258;SPRF-MG;DEL01-MG;UOP01-DEL01-MG;;;
695656;03/06/2025;ter�a-feira;20:15:00;PE;232;80;GRAVATA;Ingest�o de �lcool pelo condutor;Colis�o frontal;Sem V�timas;Plena Noite;Crescente;C�u Claro;Simples;"Reta;Declive";Sim;3;0;0;0;3;0;0;3;-8,1967;-35,57769;SPRF-PE;DEL02-PE;UOP02-DEL02PE;;;
695657;03/06/2025;ter�a-feira;19:50:00;SP;116;117,7;TAUBATE;Entrada inopinada do pedestre;Atropelamento de Pedestre;Com V�timas Feridas;Plena Noite;Decrescente;C�u Claro;Dupla;Interse��o de Vias;N�o;2;0;0;1;1;0;1;2;-23,06090268;-45,62276602;SPRF-SP;DEL02-SP;UOP02-DEL02-SP;;;
695660;03/06/2025;ter�a-feira;18:55:00;ES;101;267,8;SERRA;Manobra de mudan�a de faixa;Colis�o traseira;Sem V�timas;Plena Noite;Decrescente;Chuva;M�ltipla;Reta;Sim;2;0;0;0;2;0;0;2;-20,2066465;-40,2691885;SPRF-ES;DEL02-ES;UOP01-DEL02-ES;;;
695665;03/06/2025;ter�a-feira;21:00:00;SP;116;223,5;GUARULHOS;Ultrapassagem Indevida;Colis�o transversal;Com V�timas Feridas;Plena Noite;Decrescente;C�u Claro;M�ltipla;Reta;N�o;2;0;1;0;1;0;1;2;-23,47992609;-46,53136667;SPRF-SP;DEL01-SP;UOP01-DEL01-SP;;;
695667;03/06/2025;ter�a-feira;17:45:00;MA;135;65,6;BACABEIRA;Aus�ncia de rea��o do condutor;Sa�da de leito carro��vel;Com V�timas Feridas;Pleno dia;Crescente;Ignorado;Dupla;Reta;N�o;3;0;1;2;0;0;3;1;-3,10166;-44,322428;SPRF-MA;DEL01-MA;UOP02-DEL01-MA;;;
695671;03/06/2025;ter�a-feira;17:40:00;MT;163;688;LUCAS DO RIO VERDE;Rea��o tardia ou ineficiente do condutor;Colis�o transversal;Com V�timas Feridas;Plena Noite;Crescente;C�u Claro;Dupla;Retorno Regulamentado;Sim;2;0;1;0;1;0;1;2;-13,08018014;-55,93780923;SPRF-MT;DEL06-MT;UOP01-DEL06-MT;;;
695673;03/06/2025;ter�a-feira;18:00:00;RO;364;421,8;JARU;Acessar a via sem observar a presen�a dos outros ve�culos;Colis�o transversal;Com V�timas Feridas;Plena Noite;Crescente;C�u Claro;Simples;"Reta;Interse��o de Vias";Sim;3;0;1;0;2;0;1;2;-10,4283629;-62,4736737;SPRF-RO;DEL03-RO;UOP02-DEL03-RO;;;
695675;29/05/2025;quinta-feira;07:45:00;AL;101;129;SAO MIGUEL DOS CAMPOS;Acessar a via sem observar a presen�a dos outros ve�culos;Colis�o lateral mesmo sentido;Com V�timas Feridas;Pleno dia;Crescente;Nublado;Dupla;"Curva;Interse��o de Vias;Viaduto";N�o;3;0;1;0;2;0;1;3;-9,75527214;-36,06853215;SPRF-AL;DEL02-AL;UOP01-DEL02-AL;;;
695676;03/06/2025;ter�a-feira;19:20:00;PB;230;454;SOUSA;Aus�ncia de rea��o do condutor;Colis�o traseira;Com V�timas Feridas;Plena Noite;Decrescente;C�u Claro;Simples;Reta;N�o;3;0;0;2;1;0;2;2;-6,77917103;-38,17440033;SPRF-PB;DEL03-PB;UOP03-DEL03-PB;;;
695677;03/06/2025;ter�a-feira;21:15:00;PR;369;174;ROLANDIA;Ingest�o de �lcool pelo condutor;Colis�o transversal;Com V�timas Feridas;Plena Noite;Crescente;C�u Claro;Simples;"Reta;Interse��o de Vias";N�o;1;0;1;0;0;0;1;1;-23,31539465;-51,37578098;SPRF-PR;DEL07-PR;UOP01-DEL07-PR;;;
695678;03/06/2025;ter�a-feira;19:50:00;SC;280;5,3;SAO FRANCISCO DO SUL;Acessar a via sem observar a presen�a dos outros ve�culos;Colis�o transversal;Com V�timas Feridas;Plena Noite;Crescente;Nublado;Simples;Reta;Sim;3;0;2;0;0;1;2;2;-26,25824333;-48,62304211;SPRF-SC;DEL03-SC;UOP03-DEL03-SC;;;
695679;03/06/2025;ter�a-feira;22:10:00;SC;101;90;BARRA VELHA;Manobra de mudan�a de faixa;Colis�o lateral mesmo sentido;Com V�timas Feridas;Plena Noite;Crescente;Nublado;Simples;Reta;Sim;5;0;2;0;3;0;2;2;-26,67008709;-48,69029045;SPRF-SC;DEL03-SC;UOP02-DEL03-SC;;;
695683;03/06/2025;ter�a-feira;21:50:00;MG;116;272,4;TEOFILO OTONI;Demais falhas mec�nicas ou el�tricas;Inc�ndio;Sem V�timas;Plena Noite;Decrescente;Garoa/Chuvisco;Simples;"Reta;Aclive";N�o;3;0;0;0;2;1;0;2;-17,8720324;-41,5199424;SPRF-MG;DEL11-MG;UOP01-DEL11-MG;;;
695684;03/06/2025;ter�a-feira;22:00:00;MG;50;179;UBERABA;Acessar a via sem observar a presen�a dos outros ve�culos;Colis�o traseira;Com V�timas Feridas;Plena Noite;Crescente;C�u Claro;Dupla;"Aclive;Reta";Sim;2;0;1;0;1;0;1;2;-19,77819314;-47,92807102;SPRF-MG;DEL13-MG;UOP01-DEL13-MG;;;
695693;04/06/2025;quarta-feira;02:45:00;SC;101;151;ITAPEMA;Aus�ncia de rea��o do condutor;Sa�da de leito carro��vel;Com V�timas Feridas;Plena Noite;Decrescente;C�u Claro;Dupla;Reta;Sim;1;0;0;1;0;0;1;1;-27,13029922;-48,60959753;SPRF-SC;DEL04-SC;UOP03-DEL04-SC;;;
695696;04/06/2025;quarta-feira;05:30:00;MG;50;183,6;UBERABA;Acessar a via sem observar a presen�a dos outros ve�culos;Colis�o transversal;Com V�timas Feridas;Plena Noite;Crescente;C�u Claro;Dupla;Reta;N�o;2;0;2;0;0;0;2;2;-19,80450098;-47,90433884;SPRF-MG;DEL13-MG;UOP01-DEL13-MG;;;
695697;04/06/2025;quarta-feira;05:20:00;PR;376;2;SAO JOSE DOS PINHAIS;Retorno proibido;Colis�o lateral mesmo sentido;Sem V�timas;Amanhecer;Decrescente;Nublado;Simples;"Reta;Interse��o de Vias";Sim;2;0;0;0;2;0;0;2;-25,53991489;-49,19171333;SPRF-PR;DEL01-PR;UOP04-DEL01-PR;;;
695698;04/06/2025;quarta-feira;05:30:00;RN;304;194,1;LAJES;Animais na Pista;Atropelamento de Pedestre;Com V�timas Feridas;Amanhecer;Crescente;C�u Claro;Simples;Curva;N�o;3;0;1;0;2;0;1;1;-5,706858;-36,214975;SPRF-RN;DEL01-RN;UOP03-DEL01-RN;;;
695699;04/06/2025;quarta-feira;05:20:00;PE;101;52;PAULISTA;Aus�ncia de rea��o do condutor;Capotamento;Sem V�timas;Pleno dia;Decrescente;C�u Claro;M�ltipla;Reta;Sim;1;0;0;0;0;1;0;1;-7,933858;-34,902719;SPRF-PE;DEL01-PE;UOP02-DEL01-PE;;;
695700;04/06/2025;quarta-feira;04:00:00;RJ;116;137;MAGE;Acessar a via sem observar a presen�a dos outros ve�culos;Atropelamento de Pedestre;Com V�timas Fatais;Plena Noite;Decrescente;C�u Claro;Dupla;Reta;N�o;2;1;0;0;0;1;0;2;-22,6481555;-43,18117261;SPRF-RJ;DEL04-RJ;UOP02-DEL04-RJ;;;
695704;04/06/2025;quarta-feira;06:30:00;DF;70;17,1;BRASILIA;Manobra de mudan�a de faixa;Colis�o lateral mesmo sentido;Com V�timas Feridas;Pleno dia;Decrescente;C�u Claro;Dupla;Reta;N�o;2;0;1;0;1;0;1;2;-15,79228454;-48,20816875;SPRF-DF;DEL03-DF;UOP02-DEL03-DF;;;
695705;04/06/2025;quarta-feira;05:55:00;ES;101;265,7;SERRA;Aus�ncia de rea��o do condutor;Colis�o lateral mesmo sentido;Com V�timas Feridas;Amanhecer;Crescente;Ignorado;Dupla;Reta;Sim;2;0;1;0;1;0;1;2;-20,196453;-40,268785;SPRF-ES;DEL02-ES;UOP01-DEL02-ES;;;
695707;04/06/2025;quarta-feira;06:50:00;RS;116;260;CANOAS;Condutor deixou de manter dist�ncia do ve�culo da frente;Colis�o traseira;Com V�timas Feridas;Pleno dia;Crescente;Garoa/Chuvisco;M�ltipla;Reta;Sim;3;0;1;0;1;1;1;3;-29,8876076;-51,1799172;SPRF-RS;DEL01-RS;UOP01-DEL01-RS;;;
695709;04/06/2025;quarta-feira;07:10:00;DF;60;3;BRASILIA;Manobra de mudan�a de faixa;Colis�o lateral mesmo sentido;Com V�timas Feridas;Pleno dia;Decrescente;C�u Claro;Dupla;Reta;Sim;2;0;1;0;1;0;1;2;-15,889913;-48,084842;SPRF-DF;DEL03-DF;UOP01-DEL03-DF;;;
695710;04/06/2025;quarta-feira;07:30:00;SC;101;216,6;PALHOCA;Condutor deixou de manter dist�ncia do ve�culo da frente;Colis�o traseira;Com V�timas Feridas;Pleno dia;Decrescente;C�u Claro;M�ltipla;Reta;Sim;3;0;1;0;2;0;1;3;-27,662172;-48,676035;SPRF-SC;DEL01-SC;UOP02-DEL01-SC;;;
695711;04/06/2025;quarta-feira;07:40:00;PR;277;730,2;FOZ DO IGUACU;Demais falhas na via;Queda de ocupante de ve�culo;Com V�timas Feridas;Pleno dia;Crescente;Nublado;Simples;Reta;Sim;2;0;2;0;0;0;2;1;-25,50944852;-54,59684515;SPRF-PR;DEL05-PR;UOP03-DEL05-PR;;;
695712;04/06/2025;quarta-feira;06:51:00;PE;101;66,1;RECIFE;Avarias e/ou desgaste excessivo no pneu;Tombamento;Com V�timas Feridas;Pleno dia;Crescente;Garoa/Chuvisco;Dupla;Reta;Sim;2;0;2;0;0;0;2;1;-8,034887;-34,941768;SPRF-PE;DEL01-PE;UOP01-DEL01-PE;;;
695713;04/06/2025;quarta-feira;06:50:00;RS;470;239,5;CARLOS BARBOSA;Acessar a via sem observar a presen�a dos outros ve�culos;Colis�o transversal;Com V�timas Feridas;Amanhecer;Decrescente;Garoa/Chuvisco;Simples;"Interse��o de Vias;Curva";N�o;2;0;1;0;1;0;1;2;-29,34542275;-51,50862543;SPRF-RS;DEL06-RS;UOP01-DEL06-RS;;;
695714;04/06/2025;quarta-feira;07:13:00;PE;408;93;SAO LOURENCO DA MATA;Pista Escorregadia;Eventos at�picos;Com V�timas Feridas;Pleno dia;Crescente;Chuva;Dupla;Rotat�ria;N�o;2;0;1;0;1;0;1;2;-8,04556838;-35,01124978;SPRF-PE;DEL01-PE;UOP01-DEL01-PE;;;
695715;04/06/2025;quarta-feira;06:50:00;RN;101;95;NATAL;Demais falhas mec�nicas ou el�tricas;Colis�o frontal;Com V�timas Feridas;Pleno dia;Decrescente;Garoa/Chuvisco;Simples;"Reta;Aclive";Sim;2;0;0;1;1;0;1;2;-5,8429781;-35,2092704;SPRF-RN;DEL01-RN;UOP01-DEL01-RN;;;
695716;04/06/2025;quarta-feira;07:00:00;PR;369;182;ARAPONGAS;Rea��o tardia ou ineficiente do condutor;Sa�da de leito carro��vel;Com V�timas Feridas;Pleno dia;Crescente;C�u Claro;Simples;"Reta;Declive";Sim;1;0;0;1;0;0;1;1;-23,37732426;-51,41563861;SPRF-PR;DEL07-PR;UOP03-DEL07-PR;;;
695717;04/06/2025;quarta-feira;07:25:00;GO;153;516,5;HIDROLANDIA;Manobra de mudan�a de faixa;Colis�o traseira;Com V�timas Feridas;Pleno dia;Crescente;C�u Claro;Dupla;Reta;Sim;2;0;0;1;1;0;1;2;-16,89325895;-49,2565155;SPRF-GO;DEL01-GO;UOP03-DEL01-GO;;;
695718;04/06/2025;quarta-feira;07:30:00;ES;101;189;ARACRUZ;Aus�ncia de rea��o do condutor;Colis�o com objeto;Com V�timas Feridas;Pleno dia;Crescente;C�u Claro;Simples;Retorno Regulamentado;Sim;1;0;1;0;0;0;1;1;-19,68159038;-40,27084453;SPRF-ES;DEL04-ES;UOP01-DEL04-ES;;;
695719;04/06/2025;quarta-feira;07:50:00;SC;101;197;BIGUACU;Condutor deixou de manter dist�ncia do ve�culo da frente;Colis�o traseira;Com V�timas Feridas;Pleno dia;Crescente;C�u Claro;Dupla;Reta;Sim;2;0;1;0;1;0;1;2;-27,51920372;-48,63799509;SPRF-SC;DEL01-SC;UOP01-DEL01-SC;;;
695720;04/06/2025;quarta-feira;07:10:00;RS;116;520;PELOTAS;Desrespeitar a prefer�ncia no cruzamento;Colis�o transversal;Com V�timas Feridas;Pleno dia;Decrescente;C�u Claro;Simples;Reta;Sim;2;0;1;0;1;0;1;2;-31,69779271;-52,36083984;SPRF-RS;DEL07-RS;UOP01-DEL07-RS;;;
695722;04/06/2025;quarta-feira;07:45:00;RS;386;435;NOVA SANTA RITA;Acessar a via sem observar a presen�a dos outros ve�culos;Colis�o transversal;Com V�timas Feridas;Pleno dia;Decrescente;Nevoeiro/Neblina;Simples;Reta;Sim;4;0;0;1;3;0;1;2;-29,8478093;-51,2728686;SPRF-RS;DEL04-RS;UOP02-DEL04-RS;;;
695723;02/06/2025;segunda-feira;10:15:00;BA;242;366;LENCOIS;Rea��o tardia ou ineficiente do condutor;Tombamento;Com V�timas Feridas;Pleno dia;Crescente;Nublado;Simples;Reta;N�o;2;0;2;0;0;0;2;1;-12,46850873;-41,44223213;SPRF-BA;DEL06-BA;UOP01-DEL06-BA;;;
695724;04/06/2025;quarta-feira;07:30:00;CE;116;12,4;FORTALEZA;�rea urbana sem a presen�a de local apropriado para a travessia de pedestres;Atropelamento de Pedestre;Com V�timas Feridas;Pleno dia;Decrescente;C�u Claro;M�ltipla;Reta;Sim;2;0;0;1;0;1;1;2;-3,855187;-38,4958481;SPRF-CE;DEL01-CE;UOP02-DEL01-CE;;;
695725;04/06/2025;quarta-feira;07:00:00;RS;290;222;PANTANO GRANDE;Aus�ncia de rea��o do condutor;Colis�o com objeto;Com V�timas Feridas;Amanhecer;Crescente;Nevoeiro/Neblina;Simples;Desvio Tempor�rio;N�o;2;0;1;0;1;0;1;1;-30,20145026;-52,43856523;SPRF-RS;DEL02-RS;UOP03-DEL02-RS;;;
695726;04/06/2025;quarta-feira;07:05:00;BA;324;609;SIMOES FILHO;Condutor deixou de manter dist�ncia do ve�culo da frente;Colis�o traseira;Sem V�timas;Pleno dia;Decrescente;Nublado;Dupla;Reta;N�o;2;0;0;0;2;0;0;2;-12,83018538;-38,41144936;SPRF-BA;DEL01-BA;UOP01-DEL01-BA;;;
695727;31/05/2025;s�bado;19:05:00;MS;158;198,4;SELVIRIA;Rea��o tardia ou ineficiente do condutor;Colis�o traseira;Com V�timas Feridas;Plena Noite;Crescente;C�u Claro;Simples;"Reta;Declive";Sim;2;0;0;1;1;0;1;2;-20,37284578;-51,44098735;SPRF-MS;DEL07-MS;UOP01-DEL07-MS;;;
695728;04/06/2025;quarta-feira;08:25:00;SC;101;204,5;SAO JOSE;Manobra de mudan�a de faixa;Colis�o traseira;Com V�timas Feridas;Pleno dia;Crescente;C�u Claro;M�ltipla;Reta;Sim;3;0;2;0;1;0;2;2;-27,57614625;-48,61331105;SPRF-SC;DEL01-SC;UOP01-DEL01-SC;;;
695729;04/06/2025;quarta-feira;08:10:00;DF;70;19,4;BRASILIA;Frear bruscamente;Colis�o traseira;Com V�timas Feridas;Pleno dia;Decrescente;C�u Claro;Dupla;Reta;N�o;2;0;1;0;1;0;1;2;-15,78641232;-48,23008597;SPRF-DF;DEL03-DF;UOP02-DEL03-DF;;;