id;data_inversa;dia_semana;horario;uf;br;km;municipio;causa_acidente;tipo_acidente;classificacao_acidente;fase_dia;sentido_via;condicao_metereologica;tipo_pista;tracado_via;uso_solo;pessoas;mortos;feridos_leves;feridos_graves;ilesos;ignorados;feridos;veiculos;latitude;longitude;regional;delegacia;uop;;;
695731;04/06/2025;quarta-feira;08:00:00;GO;50;203;CAMPO ALEGRE DE GOIAS;Condutor Dormindo;Sa�da de leito carro��vel;Com V�timas Feridas;Pleno dia;Decrescente;C�u Claro;Simples;"Aclive;Curva;Viaduto";N�o;1;0;1;0;0;0;1;1;-17,597819;-47,799611;SPRF-GO;DEL06-GO;UOP01-DEL06-GO;;;
695734;04/06/2025;quarta-feira;08:44:00;RJ;40;81;PETROPOLIS;Rea��o tardia ou ineficiente do condutor;Queda de ocupante de ve�culo;Com V�timas Feridas;Pleno dia;Decrescente;Sol;Dupla;"Curva;Aclive";N�o;1;0;1;0;0;0;1;1;-22,53470459;-43,22003652;SPRF-RJ;DEL01-RJ;UOP01-DEL01-RJ;;;
695735;04/06/2025;quarta-feira;07:50:00;RO;364;240;CACOAL;Manobra de mudan�a de faixa;Sa�da de leito carro��vel;Com V�timas Feridas;Pleno dia;Crescente;C�u Claro;Simples;"Reta;Aclive";Sim;1;0;1;0;0;0;1;1;-11,43580324;-61,47117583;SPRF-RO;DEL02-RO;UOP02-DEL02-RO;;;
695736;04/06/2025;quarta-feira;07:55:00;SC;101;180;BIGUACU;Acessar a via sem observar a presen�a dos outros ve�culos;Colis�o lateral mesmo sentido;Com V�timas Feridas;Pleno dia;Crescente;C�u Claro;M�ltipla;Reta;N�o;2;0;1;0;1;0;1;2;-27,38393;-48,631527;SPRF-SC;DEL01-SC;UOP01-DEL01-SC;;;
695737;04/06/2025;quarta-feira;08:30:00;SP;153;36,5;ONDA VERDE;Rea��o tardia ou ineficiente do condutor;Colis�o traseira;Com V�timas Feridas;Pleno dia;Decrescente;C�u Claro;Simples;Curva;N�o;2;0;1;0;1;0;1;2;-20,594913;-49,316517;SPRF-SP;DEL09-SP;UOP01-DEL09-SP;;;
695740;04/06/2025;quarta-feira;07:40:00;PI;230;195;OEIRAS;Convers�o proibida;Colis�o transversal;Com V�timas Feridas;Pleno dia;Crescente;C�u Claro;Simples;Interse��o de Vias;Sim;2;0;1;0;1;0;1;2;-7,00548789;-42,11838859;SPRF-PI;DEL04-PI;UOP01-DEL04-PI;;;
695741;04/06/2025;quarta-feira;08:20:00;MG;381;482;BETIM;Trafegar com motocicleta (ou similar) entre as faixas;Colis�o lateral mesmo sentido;Com V�timas Feridas;Pleno dia;Decrescente;C�u Claro;M�ltipla;"Declive;Reta";Sim;2;0;1;0;1;0;1;2;-19,9590122;-44,0699469;SPRF-MG;DEL01-MG;UOP03-DEL01-MG;;;
695743;04/06/2025;quarta-feira;07:45:00;RJ;40;91;PETROPOLIS;Curva acentuada;Queda de ocupante de ve�culo;Com V�timas Feridas;Pleno dia;Decrescente;Nublado;Dupla;"Curva;Aclive";N�o;2;0;1;0;1;0;1;1;-22,57169464;-43,25454712;SPRF-RJ;DEL01-RJ;UOP01-DEL01-RJ;;;
695746;04/06/2025;quarta-feira;09:05:00;PE;104;63,4;CARUARU;Demais falhas mec�nicas ou el�tricas;Queda de ocupante de ve�culo;Com V�timas Feridas;Pleno dia;Decrescente;Nublado;Dupla;Reta;Sim;1;0;1;0;0;0;1;1;-8,26491;-35,97702;SPRF-PE;DEL02-PE;UOP01-DEL02-PE;;;
695748;04/06/2025;quarta-feira;08:35:00;ES;101;297,8;CARIACICA;Manobra de mudan�a de faixa;Colis�o lateral mesmo sentido;Com V�timas Feridas;Pleno dia;Crescente;Sol;Dupla;Reta;Sim;3;0;2;0;1;0;2;2;-20,34842595;-40,41178107;SPRF-ES;DEL01-ES;UOP01-DEL01-ES;;;
695749;04/06/2025;quarta-feira;06:20:00;GO;153;616;MORRINHOS;Condutor Dormindo;Colis�o traseira;Com V�timas Feridas;Amanhecer;Crescente;C�u Claro;Dupla;Reta;N�o;3;0;1;0;1;1;1;3;-17,677977;-49,162304;SPRF-GO;DEL03-GO;UOP01-DEL03-GO;;;
695750;04/06/2025;quarta-feira;08:35:00;SP;116;196;ARUJA;Entrada inopinada do pedestre;Atropelamento de Pedestre;Com V�timas Feridas;Pleno dia;Crescente;C�u Claro;Dupla;Reta;Sim;2;0;1;0;1;0;1;2;-23,392569;-46,285144;SPRF-SP;DEL01-SP;UOP01-DEL01-SP;;;
695751;04/06/2025;quarta-feira;09:20:00;PR;369;148;LONDRINA;Aus�ncia de rea��o do condutor;Colis�o transversal;Com V�timas Feridas;Pleno dia;Crescente;C�u Claro;Dupla;Interse��o de Vias;Sim;3;0;2;0;0;1;2;3;-23,29309161;-51,14305258;SPRF-PR;DEL07-PR;UOP01-DEL07-PR;;;
695752;04/06/2025;quarta-feira;07:40:00;MA;230;402;BALSAS;Acessar a via sem observar a presen�a dos outros ve�culos;Colis�o lateral sentido oposto;Com V�timas Feridas;Pleno dia;Decrescente;C�u Claro;Simples;Interse��o de Vias;N�o;2;0;0;1;1;0;1;2;-7,5268096;-46,0488704;SPRF-MA;DEL05-MA;UOP01-DEL05-MA;;;
695753;04/06/2025;quarta-feira;09:55:00;BA;101;212;GOVERNADOR MANGABEIRA;Aus�ncia de rea��o do condutor;Colis�o traseira;Com V�timas Feridas;Pleno dia;Decrescente;Nublado;Simples;"Retorno Regulamentado;Reta";Sim;3;0;2;0;1;0;2;2;-12,6092683;-39,0779107;SPRF-BA;DEL01-BA;UOP02-DEL01-BA;;;
695759;04/06/2025;quarta-feira;09:55:00;RS;153;47,1;ERECHIM;Condutor deixou de manter dist�ncia do ve�culo da frente;Tombamento;Com V�timas Feridas;Pleno dia;Decrescente;Nublado;Simples;Reta;Sim;1;0;1;0;0;0;1;1;-27,64322575;-52,2462635;SPRF-RS;DEL08-RS;UOP04-DEL08-RS;;;
695760;04/06/2025;quarta-feira;08:32:00;MS;163;486;CAMPO GRANDE;Acessar a via sem observar a presen�a dos outros ve�culos;Colis�o transversal;Com V�timas Feridas;Pleno dia;Decrescente;C�u Claro;Simples;Reta;Sim;3;0;1;0;2;0;1;2;-20,43029955;-54,54441246;SPRF-MS;DEL01-MS;UOP02-DEL01-MS;;;
695762;04/06/2025;quarta-feira;06:00:00;CE;116;454,9;BARRO;Acessar a via sem observar a presen�a dos outros ve�culos;Colis�o transversal;Com V�timas Feridas;Pleno dia;Decrescente;C�u Claro;Simples;Reta;Sim;3;0;1;1;0;1;2;2;-7,171759;-38,780821;SPRF-CE;DEL05-CE;UOP03-DEL05-CE;;;
695763;04/06/2025;quarta-feira;11:00:00;RS;386;387;TRIUNFO;Manobra de mudan�a de faixa;Sa�da de leito carro��vel;Com V�timas Feridas;Pleno dia;Decrescente;C�u Claro;Dupla;Reta;N�o;1;0;1;0;0;0;1;1;-29,701;-51,684;SPRF-RS;DEL04-RS;UOP02-DEL04-RS;;;
695764;04/06/2025;quarta-feira;11:25:00;RJ;393;270;BARRA DO PIRAI;Demais falhas na via;Colis�o com objeto;Sem V�timas;Pleno dia;Crescente;Sol;Simples;Reta;N�o;1;0;0;0;1;0;0;1;-22,484188;-43,965741;SPRF-RJ;DEL05-RJ;UOP04-DEL05-RJ;;;
695766;04/06/2025;quarta-feira;11:30:00;PI;316;309;PICOS;Acessar a via sem observar a presen�a dos outros ve�culos;Colis�o transversal;Com V�timas Feridas;Pleno dia;Decrescente;C�u Claro;Simples;"Reta;Rotat�ria";Sim;2;0;1;0;0;1;1;2;-7,07612925;-41,47274405;SPRF-PI;DEL04-PI;UOP01-DEL04-PI;;;
695768;04/06/2025;quarta-feira;11:00:00;SP;116;476;JACUPIRANGA;Desrespeitar a prefer�ncia no cruzamento;Colis�o transversal;Com V�timas Feridas;Pleno dia;Decrescente;Sol;Dupla;Reta;Sim;2;0;1;0;1;0;1;2;-24,70164856;-48,00710885;SPRF-SP;DEL05-SP;UOP01-DEL05-SP;;;
695769;04/06/2025;quarta-feira;12:30:00;SC;101;208,5;SAO JOSE;Manobra de mudan�a de faixa;Colis�o lateral mesmo sentido;Com V�timas Feridas;Pleno dia;Decrescente;Sol;M�ltipla;Reta;Sim;2;0;1;0;1;0;1;2;-27,58834586;-48,61686649;SPRF-SC;DEL01-SC;UOP01-DEL01-SC;;;
695771;08/02/2025;s�bado;05:30:00;PR;153;118;IBAITI;Objeto est�tico sobre o leito carro��vel;Colis�o com objeto;Com V�timas Feridas;Plena Noite;Crescente;C�u Claro;Simples;Reta;N�o;2;0;2;0;0;0;2;1;-23,91359321;-50,21480307;SPRF-PR;DEL07-PR;UOP04-DEL07-PR;;;
695773;04/06/2025;quarta-feira;12:30:00;RS;116;250;SAO LEOPOLDO;Aus�ncia de rea��o do condutor;Colis�o traseira;Com V�timas Feridas;Pleno dia;Decrescente;C�u Claro;M�ltipla;Reta;Sim;2;0;1;0;1;0;1;2;-29,79257529;-51,1640862;SPRF-RS;DEL01-RS;UOP02-DEL01-RS;;;
695774;04/06/2025;quarta-feira;12:30:00;ES;101;352,9;ANCHIETA;Rea��o tardia ou ineficiente do condutor;Colis�o com objeto;Com V�timas Feridas;Pleno dia;Crescente;Sol;Dupla;"Reta;Em Obras";N�o;1;0;0;1;0;0;1;1;-20,67678;-40,66593;SPRF-ES;DEL03-ES;UOP01-DEL03-ES;;;
695775;11/05/2025;domingo;12:50:00;MG;262;359;BETIM;Aus�ncia de rea��o do condutor;Colis�o traseira;Com V�timas Feridas;Pleno dia;Decrescente;C�u Claro;Dupla;Reta;Sim;5;0;2;2;1;0;4;2;-19,97560748;-44,25979614;SPRF-MG;DEL01-MG;UOP03-DEL01-MG;;;
695776;04/06/2025;quarta-feira;10:30:00;BA;324;610;SIMOES FILHO;Condutor deixou de manter dist�ncia do ve�culo da frente;Engavetamento;Com V�timas Feridas;Pleno dia;Decrescente;Nublado;Dupla;Reta;Sim;3;0;1;0;2;0;1;3;-12,84337582;-38,41603211;SPRF-BA;DEL01-BA;UOP01-DEL01-BA;;;
695777;04/06/2025;quarta-feira;12:00:00;DF;20;19,3;BRASILIA;Animais na Pista;Atropelamento de Animal;Sem V�timas;Pleno dia;Decrescente;C�u Claro;Dupla;"Reta;Aclive";Sim;3;0;0;0;3;0;0;1;-15,60837456;-47,69366741;SPRF-DF;DEL02-DF;UOP01-DEL02-DF;;;
695778;04/06/2025;quarta-feira;12:45:00;GO;153;491;GOIANIA;Avarias e/ou desgaste excessivo no pneu;Inc�ndio;Sem V�timas;Pleno dia;Crescente;C�u Claro;Dupla;Reta;Sim;2;0;0;0;2;0;0;1;-16,630581;-49,205467;SPRF-GO;DEL01-GO;UOP01-DEL01-GO;;;
695780;04/06/2025;quarta-feira;13:20:00;SC;282;19,4;PALHOCA;Convers�o proibida;Colis�o transversal;Com V�timas Feridas;Pleno dia;Crescente;C�u Claro;Simples;"Reta;Aclive";Sim;2;0;1;0;1;0;1;2;-27,68137;-48,70616;SPRF-SC;DEL01-SC;UOP02-DEL01-SC;;;
695782;04/06/2025;quarta-feira;11:30:00;PB;230;108,1;INGA;Condutor Dormindo;Sa�da de leito carro��vel;Sem V�timas;Pleno dia;Crescente;Chuva;Dupla;Reta;N�o;1;0;0;0;1;0;0;1;-7,20290715;-35,55791616;SPRF-PB;DEL01-PB;UOP02-DEL01-PB;;;
695784;04/06/2025;quarta-feira;13:30:00;BA;116;823,8;VITORIA DA CONQUISTA;Condutor deixou de manter dist�ncia do ve�culo da frente;Colis�o traseira;Com V�timas Feridas;Pleno dia;Crescente;Nublado;Dupla;Curva;N�o;2;0;2;0;0;0;2;1;-14,8607;-40,8496;SPRF-BA;DEL08-BA;UOP01-DEL08-BA;;;
695785;04/06/2025;quarta-feira;13:00:00;PR;153;335;IRATI;Acessar a via sem observar a presen�a dos outros ve�culos;Colis�o transversal;Com V�timas Feridas;Pleno dia;Decrescente;Nublado;Simples;Reta;Sim;2;0;1;0;1;0;1;2;-25,496558;-50,647667;SPRF-PR;DEL08-PR;UOP02-DEL08-PR;;;
695787;04/06/2025;quarta-feira;13:50:00;TO;153;333;GUARAI;Acessar a via sem observar a presen�a dos outros ve�culos;Colis�o transversal;Com V�timas Feridas;Pleno dia;Crescente;C�u Claro;Dupla;Reta;Sim;2;0;1;0;1;0;1;2;-8,834555;-48,511905;SPRF-TO;DEL02-TO;UOP02-DEL02-TO;;;
695788;04/06/2025;quarta-feira;13:40:00;RS;290;92;PORTO ALEGRE;Rea��o tardia ou ineficiente do condutor;Colis�o traseira;Com V�timas Feridas;Pleno dia;Crescente;C�u Claro;M�ltipla;Reta;Sim;3;0;1;0;2;0;1;2;-29,97004306;-51,18081657;SPRF-RS;DEL01-RS;UOP01-DEL01-RS;;;
695790;04/06/2025;quarta-feira;13:15:00;PR;369;136;IBIPORA;Aus�ncia de rea��o do condutor;Colis�o transversal;Com V�timas Feridas;Pleno dia;Crescente;C�u Claro;Simples;"Reta;Declive;Interse��o de Vias";N�o;2;0;0;1;1;0;1;2;-23,267363;-51,038416;SPRF-PR;DEL07-PR;UOP01-DEL07-PR;;;
695792;04/06/2025;quarta-feira;11:00:00;RJ;101;259;RIO BONITO;Aus�ncia de rea��o do condutor;Colis�o traseira;Com V�timas Feridas;Pleno dia;Crescente;C�u Claro;Dupla;Reta;N�o;3;0;2;1;0;0;3;2;-22,69760474;-42,57337111;SPRF-RJ;DEL02-RJ;UOP03-DEL02-RJ;;;
695793;25/05/2025;domingo;12:35:00;PR;469;15;FOZ DO IGUACU;Mal s�bito do condutor;Colis�o frontal;Com V�timas Feridas;Pleno dia;Crescente;C�u Claro;Simples;"Desvio Tempor�rio;Em Obras";Sim;2;0;1;0;1;0;1;2;-25,58157868;-54,53052914;SPRF-PR;DEL05-PR;UOP04-DEL05-PR;;;
695794;03/05/2025;s�bado;00:15:00;SP;116;195,2;ARUJA;Entrada inopinada do pedestre;Atropelamento de Pedestre;Com V�timas Fatais;Plena Noite;Decrescente;Nublado;M�ltipla;Reta;N�o;2;1;0;0;0;1;0;2;-23,38898;-46,276117;SPRF-SP;DEL01-SP;UOP01-DEL01-SP;;;
695796;04/06/2025;quarta-feira;11:03:00;RJ;493;53;DUQUE DE CAXIAS;Aus�ncia de rea��o do condutor;Colis�o com objeto;Com V�timas Feridas;Pleno dia;Crescente;C�u Claro;Dupla;Reta;N�o;1;0;1;0;0;0;1;1;-22,66552262;-43,33704543;SPRF-RJ;DEL01-RJ;UOP03-DEL01-RJ;;;
695797;04/06/2025;quarta-feira;14:05:00;ES;101;71;SAO MATEUS;Transitar no Acostamento;Colis�o lateral mesmo sentido;Com V�timas Feridas;Pleno dia;Decrescente;C�u Claro;Simples;"Reta;Aclive";N�o;3;0;1;1;1;0;2;2;-18,76098324;-39,8634135;SPRF-ES;DEL04-ES;UOP02-DEL04-ES;;;
695799;04/06/2025;quarta-feira;14:10:00;BA;101;715,8;EUNAPOLIS;Acessar a via sem observar a presen�a dos outros ve�culos;Colis�o lateral mesmo sentido;Com V�timas Feridas;Pleno dia;Crescente;Sol;Simples;Rotat�ria;Sim;2;0;2;0;0;0;2;2;-16,361253;-39,580217;SPRF-BA;DEL09-BA;UOP01-DEL09-BA;;;
695800;04/06/2025;quarta-feira;15:00:00;SP;116;276;ITAPECERICA DA SERRA;Trafegar com motocicleta (ou similar) entre as faixas;Colis�o lateral mesmo sentido;Com V�timas Feridas;Pleno dia;Decrescente;C�u Claro;Dupla;Reta;Sim;2;0;1;0;0;1;1;2;-23,7002642;-46,8689389;SPRF-SP;DEL04-SP;UOP01-DEL04-SP;;;
695801;04/06/2025;quarta-feira;11:30:00;BA;330;788,8;JEQUIE;Convers�o proibida;Colis�o traseira;Com V�timas Feridas;Pleno dia;Decrescente;Sol;Simples;"Aclive;Reta";Sim;2;0;0;1;1;0;1;2;-13,86923356;-40,05455594;SPRF-BA;DEL03-BA;UOP01-DEL03-BA;;;
695802;04/06/2025;quarta-feira;15:00:00;MG;153;29,3;CENTRALINA;Rea��o tardia ou ineficiente do condutor;Sa�da de leito carro��vel;Com V�timas Feridas;Pleno dia;Crescente;C�u Claro;Dupla;Reta;N�o;2;0;2;0;0;0;2;1;-18,670134;-49,161708;SPRF-MG;DEL15-MG;UOP03-DEL15-MG;;;
695803;04/06/2025;quarta-feira;08:52:00;RJ;116;274;BARRA MANSA;Demais falhas mec�nicas ou el�tricas;Queda de ocupante de ve�culo;Com V�timas Feridas;Pleno dia;Decrescente;C�u Claro;Dupla;Curva;N�o;1;0;0;1;0;0;1;1;-22,561;-44,153;SPRF-RJ;DEL07-RJ;UOP02-DEL07-RJ;;;
695805;04/06/2025;quarta-feira;14:40:00;ES;262;0,7;CARIACICA;Rea��o tardia ou ineficiente do condutor;Colis�o traseira;Com V�timas Feridas;Pleno dia;Decrescente;C�u Claro;Dupla;Ponte;N�o;2;0;1;0;1;0;1;2;-20,32699;-40,35472;SPRF-ES;DEL01-ES;UOP01-DEL01-ES;;;
695806;04/06/2025;quarta-feira;11:35:00;PA;230;45;SAO DOMINGOS DO ARAGUAIA;Defici�ncia do Sistema de Ilumina��o/Sinaliza��o;Sa�da de leito carro��vel;Com V�timas Feridas;Pleno dia;Crescente;C�u Claro;Simples;Curva;N�o;1;0;1;0;0;0;1;1;-5,557555;-48,562107;SPRF-PA;DEL03-PA;UOP01-DEL03-PA;;;
695807;04/06/2025;quarta-feira;15:10:00;PB;101;115;PEDRAS DE FOGO;Acumulo de �gua sobre o pavimento;Colis�o traseira;Com V�timas Feridas;Pleno dia;Decrescente;Nublado;Dupla;"Declive;Reta";Sim;4;0;2;0;2;0;2;2;-7,40026952;-34,95511718;SPRF-PB;DEL01-PB;UOP01-DEL01-PB;;;
695808;04/06/2025;quarta-feira;13:30:00;CE;222;232;SOBRAL;Rea��o tardia ou ineficiente do condutor;Queda de ocupante de ve�culo;Com V�timas Feridas;Pleno dia;Decrescente;C�u Claro;Simples;Reta;N�o;1;0;0;1;0;0;1;1;-3,709953;-40,416082;SPRF-CE;DEL04-CE;UOP01-DEL04-CE;;;
695809;04/06/2025;quarta-feira;13:15:00;SC;158;108;CUNHA PORA;Acesso irregular;Colis�o traseira;Com V�timas Feridas;Pleno dia;Crescente;Nublado;Simples;"Curva;Interse��o de Vias";Sim;2;0;1;0;1;0;1;2;-26,882063;-53,174428;SPRF-SC;DEL07-SC;UOP02-DEL07-SC;;;
695811;04/06/2025;quarta-feira;12:47:00;MS;158;4;CASSILANDIA;Aus�ncia de rea��o do condutor;Tombamento;Com V�timas Feridas;Pleno dia;Crescente;C�u Claro;Simples;Reta;N�o;2;0;1;0;0;1;1;2;-19,1223;-51,7227;SPRF-MS;DEL08-MS;UOP01-DEL08-MS;;;
695813;04/06/2025;quarta-feira;13:30:00;RS;287;457,4;SAO BORJA;Acessar a via sem observar a presen�a dos outros ve�culos;Colis�o transversal;Com V�timas Feridas;Pleno dia;Crescente;C�u Claro;Simples;Reta;N�o;3;0;2;0;1;0;2;2;-28,98395308;-55,40709436;SPRF-RS;DEL12-RS;UOP01-DEL12-RS;;;
695816;04/06/2025;quarta-feira;15:55:00;SC;101;192,7;BIGUACU;Rea��o tardia ou ineficiente do condutor;Colis�o traseira;Com V�timas Feridas;Pleno dia;Decrescente;C�u Claro;M�ltipla;Reta;Sim;2;0;0;1;1;0;1;2;-27,488325;-48,653343;SPRF-SC;DEL01-SC;UOP01-DEL01-SC;;;
695817;04/06/2025;quarta-feira;08:10:00;GO;153;508;APARECIDA DE GOIANIA;Velocidade Incompat�vel;Colis�o traseira;Com V�timas Feridas;Pleno dia;Crescente;C�u Claro;Dupla;Reta;Sim;2;0;1;0;0;1;1;2;-16,7743615;-49,23756972;SPRF-GO;DEL01-GO;UOP03-DEL01-GO;;;
695818;04/06/2025;quarta-feira;15:38:00;CE;116;26;ITAITINGA;Acessar a via sem observar a presen�a dos outros ve�culos;Colis�o traseira;Sem V�timas;Pleno dia;Decrescente;C�u Claro;Dupla;Reta;Sim;2;0;0;0;2;0;0;2;-3,98999;-38,51654;SPRF-CE;DEL01-CE;UOP02-DEL01-CE;;;
695819;04/06/2025;quarta-feira;16:10:00;DF;20;21,3;BRASILIA;Aus�ncia de rea��o do condutor;Colis�o com objeto;Com V�timas Feridas;Pleno dia;Crescente;C�u Claro;Dupla;Reta;Sim;5;0;4;1;0;0;5;1;-15,60117;-47,680692;SPRF-DF;DEL02-DF;UOP01-DEL02-DF;;;
695820;24/03/2025;segunda-feira;11:40:00;SC;282;506;XANXERE;Rea��o tardia ou ineficiente do condutor;Colis�o traseira;Com V�timas Feridas;Pleno dia;Decrescente;C�u Claro;Dupla;"Aclive;Reta";N�o;2;0;2;0;0;0;2;1;-26,88581854;-52,42852664;SPRF-SC;DEL07-SC;UOP01-DEL07-SC;;;
695823;23/05/2025;sexta-feira;19:10:00;MG;116;736,2;LARANJAL;Desrespeitar a prefer�ncia no cruzamento;Colis�o transversal;Com V�timas Feridas;Plena Noite;Decrescente;Nublado;Simples;Interse��o de Vias;Sim;3;0;2;0;1;0;2;2;-21,36583362;-42,47445915;SPRF-MG;DEL07-MG;UOP02-DEL07-MG;;;
695824;04/06/2025;quarta-feira;16:40:00;RJ;116;171;RIO DE JANEIRO;Frear bruscamente;Colis�o traseira;Com V�timas Feridas;Pleno dia;Crescente;C�u Claro;Dupla;Reta;N�o;4;0;2;0;2;0;2;2;-22,8044595;-43,3451811;SPRF-RJ;DEL06-RJ;UOP01-DEL06-RJ;;;
695825;04/06/2025;quarta-feira;16:20:00;RS;290;111;ELDORADO DO SUL;Condutor deixou de manter dist�ncia do ve�culo da frente;Colis�o traseira;Sem V�timas;Pleno dia;Crescente;C�u Claro;Dupla;Reta;N�o;4;0;0;0;4;0;0;2;-30,0362535;-51,3276197;SPRF-RS;DEL02-RS;UOP01-DEL02-RS;;;
695828;04/06/2025;quarta-feira;16:20:00;SC;101;129,4;CAMBORIU;Rea��o tardia ou ineficiente do condutor;Colis�o traseira;Com V�timas Feridas;Pleno dia;Crescente;C�u Claro;Dupla;Reta;Sim;2;0;1;0;1;0;1;2;-26,98255961;-48,67385642;SPRF-SC;DEL04-SC;UOP03-DEL04-SC;;;
695829;05/04/2025;s�bado;18:15:00;ES;101;285,1;CARIACICA;Pedestre cruzava a pista fora da faixa;Atropelamento de Pedestre;Com V�timas Feridas;Plena Noite;Crescente;Nublado;Dupla;Reta;Sim;2;0;0;1;1;0;1;2;-20,253721;-40,374341;SPRF-ES;DEL01-ES;UOP01-DEL01-ES;;;
695830;04/06/2025;quarta-feira;17:20:00;RS;116;262;CANOAS;Rea��o tardia ou ineficiente do condutor;Colis�o transversal;Com V�timas Feridas;Anoitecer;Crescente;C�u Claro;Dupla;Reta;Sim;2;0;1;0;1;0;1;2;-29,89993973;-51,17651431;SPRF-RS;DEL01-RS;UOP01-DEL01-RS;;;
695834;04/06/2025;quarta-feira;16:45:00;MG;381;325;NOVA ERA;Condutor deixou de manter dist�ncia do ve�culo da frente;Colis�o traseira;Sem V�timas;Plena Noite;Decrescente;C�u Claro;M�ltipla;Reta;N�o;2;0;0;0;2;0;0;2;-19,77003138;-43,04845047;SPRF-MG;DEL03-MG;UOP02-DEL03-MG;;;
695835;04/06/2025;quarta-feira;17:15:00;GO;153;442;ANAPOLIS;Demais falhas mec�nicas ou el�tricas;Colis�o com objeto;Com V�timas Feridas;Pleno dia;Decrescente;C�u Claro;Dupla;"Curva;Rotat�ria";Sim;1;0;0;1;0;0;1;1;-16,35296;-48,92878;SPRF-GO;DEL02-GO;UOP01-DEL02-GO;;;
695836;20/05/2025;ter�a-feira;05:30:00;AL;101;227;PORTO REAL DO COLEGIO;Acumulo de �gua sobre o pavimento;Sa�da de leito carro��vel;Sem V�timas;Amanhecer;Decrescente;Chuva;Dupla;Reta;N�o;2;0;0;0;2;0;0;1;-10,10333513;-36,71092272;SPRF-AL;DEL02-AL;UOP02-DEL02-AL;;;
695837;04/06/2025;quarta-feira;16:40:00;PB;230;11;CABEDELO;Acessar a via sem observar a presen�a dos outros ve�culos;Tombamento;Com V�timas Feridas;Pleno dia;Crescente;C�u Claro;Dupla;"Em Obras;Reta";Sim;4;0;2;2;0;0;4;2;-7,0618176;-34,8501126;SPRF-PB;DEL01-PB;UOP01-DEL01-PB;;;
695838;04/06/2025;quarta-feira;17:00:00;SP;381;87;SAO PAULO;Aus�ncia de rea��o do condutor;Colis�o transversal;Com V�timas Feridas;Pleno dia;Decrescente;C�u Claro;Dupla;Reta;Sim;3;0;1;1;1;0;2;2;-23,396946;-46,573502;SPRF-SP;DEL03-SP;UOP01-DEL03-SP;;;
695839;04/06/2025;quarta-feira;17:04:00;PI;343;4,4;TERESINA;Aus�ncia de rea��o do condutor;Colis�o traseira;Com V�timas Feridas;Pleno dia;Decrescente;C�u Claro;M�ltipla;Reta;Sim;2;0;1;0;1;0;1;2;-5,080493;-42,78962;SPRF-PI;DEL01-PI;UOP01-DEL01-PI;;;
695840;04/06/2025;quarta-feira;17:20:00;MG;40;625;CONSELHEIRO LAFAIETE;Velocidade Incompat�vel;Engavetamento;Com V�timas Feridas;Anoitecer;Crescente;C�u Claro;Simples;Reta;N�o;10;0;2;0;8;0;2;4;-20,62426;-43,80843;SPRF-MG;DEL05-MG;UOP02-DEL05-MG;;;
695841;04/06/2025;quarta-feira;16:15:00;SP;381;84;SAO PAULO;Entrada inopinada do pedestre;Atropelamento de Pedestre;Com V�timas Feridas;Pleno dia;Decrescente;C�u Claro;M�ltipla;Reta;Sim;2;0;0;1;1;0;1;2;-23,44725;-46,56895;SPRF-SP;DEL03-SP;UOP01-DEL03-SP;;;
695842;04/06/2025;quarta-feira;17:00:00;ES;101;136,9;LINHARES;Rea��o tardia ou ineficiente do condutor;Engavetamento;Com V�timas Feridas;Pleno dia;Crescente;C�u Claro;Simples;"Reta;Declive";N�o;15;0;12;0;3;0;12;3;-19,29270433;-40,08603869;SPRF-ES;DEL04-ES;UOP01-DEL04-ES;;;
695843;04/06/2025;quarta-feira;10:51:00;RJ;101;313;SAO GONCALO;Ultrapassagem Indevida;Queda de ocupante de ve�culo;Com V�timas Feridas;Pleno dia;Crescente;Sol;Dupla;Viaduto;Sim;2;0;2;0;0;0;2;1;-22,8051273;-43,0474075;SPRF-RJ;DEL02-RJ;UOP02-DEL02-RJ;;;
695844;04/06/2025;quarta-feira;17:00:00;PR;116;126;FAZENDA RIO GRANDE;Aus�ncia de rea��o do condutor;Tombamento;Com V�timas Feridas;Pleno dia;Crescente;Nublado;Dupla;Reta;N�o;1;0;1;0;0;0;1;1;-25,64616896;-49,31213379;SPRF-PR;DEL01-PR;UOP03-DEL01-PR;;;
695845;04/06/2025;quarta-feira;16:40:00;MS;158;93,5;PARANAIBA;Entrada inopinada do pedestre;Atropelamento de Pedestre;Com V�timas Feridas;Anoitecer;Crescente;C�u Claro;Dupla;"Declive;Curva";Sim;6;0;0;1;5;0;1;2;-19,67346;-51,2042;SPRF-MS;DEL08-MS;UOP01-DEL08-MS;;;
695847;04/06/2025;quarta-feira;18:10:00;PI;343;340;TERESINA;Acessar a via sem observar a presen�a dos outros ve�culos;Colis�o traseira;Com V�timas Feridas;Plena Noite;Decrescente;C�u Claro;Dupla;Reta;Sim;2;0;1;0;1;0;1;2;-5,07419931;-42,73619324;SPRF-PI;DEL01-PI;UOP01-DEL01-PI;;;
695848;04/06/2025;quarta-feira;18:00:00;MG;40;527;CONTAGEM;Trafegar com motocicleta (ou similar) entre as faixas;Colis�o traseira;Com V�timas Feridas;Plena Noite;Decrescente;C�u Claro;Dupla;Reta;Sim;3;0;2;0;1;0;2;2;-19,904477;-44,048383;SPRF-MG;DEL01-MG;UOP02-DEL01-MG;;;