id;data_inversa;dia_semana;horario;uf;br;km;municipio;causa_acidente;tipo_acidente;classificacao_acidente;fase_dia;sentido_via;condicao_metereologica;tipo_pista;tracado_via;uso_solo;pessoas;mortos;feridos_leves;feridos_graves;ilesos;ignorados;feridos;veiculos;latitude;longitude;regional;delegacia;uop;;;
695850;04/06/2025;quarta-feira;08:15:00;PI;316;314;PICOS;Acessar a via sem observar a presen�a dos outros ve�culos;Colis�o transversal;Com V�timas Feridas;Pleno dia;Crescente;C�u Claro;Simples;Reta;Sim;2;0;1;0;1;0;1;2;-7,07791796;-41,4406541;SPRF-PI;DEL04-PI;UOP01-DEL04-PI;;;
695852;04/06/2025;quarta-feira;18:30:00;PB;230;27,9;JOAO PESSOA;Acumulo de areia ou detritos sobre o pavimento;Tombamento;Com V�timas Feridas;Plena Noite;Crescente;Nublado;Simples;Reta;N�o;1;0;1;0;0;0;1;1;-7,16489967;-34,89291787;SPRF-PB;DEL01-PB;UOP01-DEL01-PB;;;
695853;04/06/2025;quarta-feira;18:30:00;RS;116;303;GUAIBA;Transitar na contram�o;Colis�o lateral sentido oposto;Sem V�timas;Plena Noite;Decrescente;C�u Claro;Simples;Reta;N�o;4;0;0;0;4;0;0;2;-30,14640798;-51,36420286;SPRF-RS;DEL02-RS;UOP01-DEL02-RS;;;
695854;04/06/2025;quarta-feira;17:00:00;PR;277;112,2;CAMPO LARGO;Pedestre cruzava a pista fora da faixa;Atropelamento de Pedestre;Com V�timas Fatais;Anoitecer;Crescente;Garoa/Chuvisco;Dupla;Reta;N�o;2;1;0;0;1;0;0;2;-25,4322435;-49,41882896;SPRF-PR;DEL03-PR;UOP03-DEL03-PR;;;
695856;04/06/2025;quarta-feira;18:30:00;RS;448;4;ESTEIO;Aus�ncia de rea��o do condutor;Colis�o traseira;Com V�timas Feridas;Plena Noite;Decrescente;C�u Claro;Dupla;"Viaduto;Reta";Sim;3;0;1;0;2;0;1;2;-29,8446376;-51,19580574;SPRF-RS;DEL01-RS;UOP02-DEL01-RS;;;
695857;04/06/2025;quarta-feira;17:45:00;MS;60;429;SIDROLANDIA;Condutor deixou de manter dist�ncia do ve�culo da frente;Colis�o traseira;Sem V�timas;Anoitecer;Crescente;C�u Claro;Simples;Reta;N�o;3;0;0;0;3;0;0;2;-20,965;-54,972;SPRF-MS;DEL01-MS;UOP04-DEL01-MS;;;
695859;04/06/2025;quarta-feira;18:30:00;SC;101;203;SAO JOSE;Manobra de mudan�a de faixa;Colis�o lateral mesmo sentido;Sem V�timas;Plena Noite;Decrescente;C�u Claro;Dupla;"Aclive;Reta";N�o;2;0;0;0;2;0;0;2;-27,56824746;-48,61383526;SPRF-SC;DEL01-SC;UOP01-DEL01-SC;;;
695862;04/06/2025;quarta-feira;18:00:00;RS;386;128;BARRA FUNDA;Rea��o tardia ou ineficiente do condutor;Colis�o traseira;Com V�timas Feridas;Plena Noite;Decrescente;C�u Claro;Simples;Reta;N�o;3;0;0;1;1;1;1;3;-27,921;-52,9657;SPRF-RS;DEL08-RS;UOP01-DEL08-RS;;;
695863;04/06/2025;quarta-feira;15:40:00;CE;222;99,8;UMIRIM;Demais falhas mec�nicas ou el�tricas;Colis�o lateral sentido oposto;Com V�timas Feridas;Pleno dia;Decrescente;C�u Claro;Simples;Reta;N�o;4;0;2;0;2;0;2;2;-3,727815;-39,420299;SPRF-CE;DEL04-CE;UOP03-DEL04-CE;;;
695864;04/06/2025;quarta-feira;16:00:00;PR;476;314;PAULO FRONTIN;Velocidade Incompat�vel;Capotamento;Com V�timas Feridas;Pleno dia;Decrescente;Chuva;Simples;Curva;N�o;1;0;1;0;0;0;1;1;-26,03409684;-50,69762349;SPRF-PR;DEL02-PR;UOP03-DEL02-PR;;;
695866;04/06/2025;quarta-feira;17:55:00;RS;470;221,9;GARIBALDI;Rea��o tardia ou ineficiente do condutor;Colis�o traseira;Com V�timas Feridas;Anoitecer;Decrescente;C�u Claro;Simples;Reta;N�o;2;0;0;1;1;0;1;2;-29,21386076;-51,51785072;SPRF-RS;DEL06-RS;UOP01-DEL06-RS;;;
695867;04/06/2025;quarta-feira;17:45:00;SC;470;73,3;INDAIAL;Condutor deixou de manter dist�ncia do ve�culo da frente;Colis�o traseira;Com V�timas Feridas;Plena Noite;Decrescente;Nublado;Simples;Reta;N�o;3;0;2;0;1;0;2;2;-26,9117;-49,27708;SPRF-SC;DEL04-SC;UOP01-DEL04-SC;;;
695870;04/06/2025;quarta-feira;18:45:00;SP;116;219;GUARULHOS;Manobra de mudan�a de faixa;Colis�o lateral mesmo sentido;Com V�timas Feridas;Plena Noite;Crescente;C�u Claro;M�ltipla;Reta;N�o;2;0;0;1;1;0;1;2;-23,4633449;-46,49517596;SPRF-SP;DEL01-SP;UOP01-DEL01-SP;;;
695871;04/06/2025;quarta-feira;18:30:00;PR;376;164,8;MARINGA;Avarias e/ou desgaste excessivo no pneu;Tombamento;Com V�timas Feridas;Plena Noite;Crescente;Nublado;Dupla;Reta;N�o;4;0;1;0;3;0;1;3;-23,38586231;-52,02515451;SPRF-PR;DEL09-PR;UOP02-DEL09-PR;;;
695872;04/06/2025;quarta-feira;18:30:00;PR;369;486,3;CORBELIA;Ultrapassagem Indevida;Colis�o lateral mesmo sentido;Com V�timas Feridas;Plena Noite;Crescente;C�u Claro;Simples;Declive;Sim;2;0;0;1;1;0;1;2;-24,809053;-53,29343;SPRF-PR;DEL04-PR;UOP03-DEL04-PR;;;
695873;04/06/2025;quarta-feira;18:10:00;BA;324;520;FEIRA DE SANTANA;Trafegar com motocicleta (ou similar) entre as faixas;Colis�o traseira;Com V�timas Feridas;Plena Noite;Decrescente;C�u Claro;Dupla;Reta;Sim;3;0;1;0;2;0;1;3;-12,27667509;-38,92947435;SPRF-BA;DEL01-BA;UOP03-DEL01-BA;;;
695875;04/06/2025;quarta-feira;19:00:00;SC;101;202,8;SAO JOSE;Rea��o tardia ou ineficiente do condutor;Colis�o traseira;Com V�timas Feridas;Plena Noite;Decrescente;C�u Claro;M�ltipla;Reta;N�o;3;0;0;1;2;0;1;3;-27,563275;-48,615156;SPRF-SC;DEL01-SC;UOP01-DEL01-SC;;;
695877;04/06/2025;quarta-feira;18:38:00;PE;232;24;MORENO;Velocidade Incompat�vel;Colis�o lateral mesmo sentido;Com V�timas Feridas;Plena Noite;Crescente;Nublado;Dupla;"Retorno Regulamentado;Reta";N�o;2;0;0;2;0;0;2;2;-8,109324;-35,10557771;SPRF-PE;DEL01-PE;UOP01-DEL01-PE;;;
695878;04/06/2025;quarta-feira;19:00:00;ES;101;25,5;PINHEIROS;Pedestre cruzava a pista fora da faixa;Atropelamento de Pedestre;Com V�timas Feridas;Plena Noite;Crescente;C�u Claro;Simples;Reta;N�o;2;0;2;0;0;0;2;2;-18,37509167;-39,94805167;SPRF-ES;DEL04-ES;UOP02-DEL04-ES;;;
695879;04/06/2025;quarta-feira;19:00:00;PR;376;600;CURITIBA;Manobra de mudan�a de faixa;Colis�o lateral mesmo sentido;Com V�timas Feridas;Plena Noite;Decrescente;Nublado;Dupla;Reta;Sim;2;0;1;0;1;0;1;2;-25,501804;-49,342806;SPRF-PR;DEL01-PR;UOP03-DEL01-PR;;;
695880;04/06/2025;quarta-feira;18:30:00;PE;428;106;SANTA MARIA DA BOA VISTA;Animais na Pista;Atropelamento de Animal;Com V�timas Feridas;Plena Noite;Decrescente;Nublado;Simples;Reta;N�o;1;0;1;0;0;0;1;1;-8,8613;-39,997958;SPRF-PE;DEL06-PE;UOP03-DEL06-PE;;;
695882;23/05/2025;sexta-feira;20:00:00;GO;153;520;HIDROLANDIA;Manobra de mudan�a de faixa;Colis�o lateral mesmo sentido;Com V�timas Feridas;Plena Noite;Crescente;C�u Claro;Dupla;Reta;Sim;2;0;1;0;0;1;1;2;-16,87920857;-49,25289774;SPRF-GO;DEL01-GO;UOP03-DEL01-GO;;;
695883;04/06/2025;quarta-feira;17:10:00;MS;262;212;RIBAS DO RIO PARDO;Demais falhas mec�nicas ou el�tricas;Inc�ndio;Sem V�timas;Anoitecer;Crescente;C�u Claro;Simples;Reta;N�o;1;0;0;0;1;0;0;1;-20,464568;-53,500651;SPRF-MS;DEL01-MS;UOP05-DEL01-MS;;;
695884;04/06/2025;quarta-feira;18:40:00;PR;369;149,8;LONDRINA;Manobra de mudan�a de faixa;Colis�o lateral mesmo sentido;Sem V�timas;Plena Noite;Crescente;C�u Claro;Dupla;Reta;Sim;2;0;0;0;2;0;0;2;-23,293;-51,16;SPRF-PR;DEL07-PR;UOP01-DEL07-PR;;;
695885;04/06/2025;quarta-feira;17:40:00;MS;163;324;RIO BRILHANTE;Manobra de mudan�a de faixa;Colis�o frontal;Com V�timas Feridas;Anoitecer;Crescente;C�u Claro;Simples;Curva;N�o;3;0;2;0;1;0;2;2;-21,769911;-54,524852;SPRF-MS;DEL02-MS;UOP02-DEL02-MS;;;
695886;05/04/2025;s�bado;23:40:00;PR;369;246;BOM SUCESSO;Objeto est�tico sobre o leito carro��vel;Colis�o com objeto;Com V�timas Feridas;Plena Noite;Crescente;C�u Claro;Simples;Curva;N�o;1;0;1;0;0;0;1;1;-23,70507466;-51,74121445;SPRF-PR;DEL09-PR;UOP01-DEL09-PR;;;
695887;04/06/2025;quarta-feira;20:00:00;CE;116;4,4;FORTALEZA;Pedestre - Ingest�o de �lcool/ subst�ncias psicoativas;Atropelamento de Pedestre;Com V�timas Feridas;Plena Noite;Decrescente;C�u Claro;M�ltipla;Reta;Sim;2;0;0;1;0;1;1;2;-3,7895387;-38,5104863;SPRF-CE;DEL01-CE;UOP02-DEL01-CE;;;
695888;04/06/2025;quarta-feira;20:15:00;SC;101;209,8;SAO JOSE;Rea��o tardia ou ineficiente do condutor;Colis�o com objeto;Com V�timas Feridas;Plena Noite;Decrescente;C�u Claro;M�ltipla;Reta;Sim;1;0;1;0;0;0;1;1;-27,615089;-48,643881;SPRF-SC;DEL01-SC;UOP01-DEL01-SC;;;
695889;04/06/2025;quarta-feira;18:05:00;RS;158;561,8;SANTANA DO LIVRAMENTO;Acessar a via sem observar a presen�a dos outros ve�culos;Colis�o transversal;Com V�timas Feridas;Anoitecer;Decrescente;Nublado;Simples;Reta;N�o;2;0;1;0;1;0;1;2;-30,8543488;-55,476224;SPRF-RS;DEL11-RS;UOP01-DEL11-RS;;;
695890;04/06/2025;quarta-feira;18:00:00;PB;104;114;LAGOA SECA;Acesso irregular;Queda de ocupante de ve�culo;Com V�timas Feridas;Plena Noite;Decrescente;Ignorado;Simples;Reta;Sim;1;0;1;0;0;0;1;1;-7,1582949;-35,855004;SPRF-PB;DEL02-PB;UOP04-DEL02-PB;;;
695891;04/06/2025;quarta-feira;20:42:00;RJ;101;473;ANGRA DOS REIS;Aus�ncia de rea��o do condutor;Atropelamento de Pedestre;Com V�timas Feridas;Plena Noite;Crescente;C�u Claro;Dupla;Reta;Sim;2;0;1;0;0;1;1;2;-22,9892661;-44,24019305;SPRF-RJ;DEL03-RJ;UOP03-DEL03-RJ;;;
695893;04/06/2025;quarta-feira;20:50:00;RS;290;357,8;VILA NOVA DO SUL;Acostamento em desn�vel;Sa�da de leito carro��vel;Com V�timas Feridas;Plena Noite;Decrescente;Nevoeiro/Neblina;Simples;"Em Obras;Declive;Reta";N�o;1;0;1;0;0;0;1;1;-30,37405999;-53,69911194;SPRF-RS;DEL09-RS;UOP02-DEL09-RS;;;
695894;04/06/2025;quarta-feira;17:40:00;RJ;40;121;DUQUE DE CAXIAS;Rea��o tardia ou ineficiente do condutor;Queda de ocupante de ve�culo;Com V�timas Feridas;Plena Noite;Decrescente;C�u Claro;M�ltipla;Reta;Sim;3;0;1;0;2;0;1;2;-22,78497002;-43,28532815;SPRF-RJ;DEL01-RJ;UOP02-DEL01-RJ;;;
695895;04/06/2025;quarta-feira;20:40:00;SP;116;221;GUARULHOS;Aus�ncia de rea��o do condutor;Tombamento;Com V�timas Feridas;Plena Noite;Crescente;C�u Claro;M�ltipla;Reta;Sim;1;0;1;0;0;0;1;1;-23,46869669;-46,5108595;SPRF-SP;DEL01-SP;UOP01-DEL01-SP;;;
695896;04/06/2025;quarta-feira;21:05:00;GO;40;9;VALPARAISO DE GOIAS;Acessar a via sem observar a presen�a dos outros ve�culos;Colis�o lateral mesmo sentido;Sem V�timas;Plena Noite;Crescente;C�u Claro;Dupla;"Reta;Retorno Regulamentado";Sim;2;0;0;0;2;0;0;2;-16,12152301;-47,96419412;SPRF-DF;DEL01-DF;UOP01-DEL01-DF;;;
695897;04/06/2025;quarta-feira;20:00:00;RJ;465;22;ITAGUAI;Desrespeitar a prefer�ncia no cruzamento;Colis�o transversal;Com V�timas Feridas;Plena Noite;Crescente;C�u Claro;Dupla;Reta;N�o;3;0;2;0;1;0;2;2;-22,85889807;-43,7593907;SPRF-RJ;DEL03-RJ;UOP01-DEL03-RJ;;;
695898;04/06/2025;quarta-feira;20:30:00;PE;232;59;POMBOS;Rea��o tardia ou ineficiente do condutor;Sa�da de leito carro��vel;Sem V�timas;Plena Noite;Crescente;Nublado;Dupla;"Aclive;Reta";Sim;1;0;0;0;0;1;0;1;-8,147208;-35,402167;SPRF-PE;DEL02-PE;UOP02-DEL02PE;;;
695899;04/06/2025;quarta-feira;19:40:00;RO;364;9;VILHENA;Acessar a via sem observar a presen�a dos outros ve�culos;Colis�o transversal;Com V�timas Feridas;Plena Noite;Crescente;C�u Claro;Simples;Curva;Sim;2;0;2;0;0;0;2;2;-12,74757334;-60,11060921;SPRF-RO;DEL04-RO;UOP01-DEL04-RO;;;
695901;04/06/2025;quarta-feira;21:40:00;PR;158;531,7;PATO BRANCO;Acumulo de areia ou detritos sobre o pavimento;Tombamento;Com V�timas Feridas;Plena Noite;Crescente;Nublado;Simples;Reta;Sim;1;0;1;0;0;0;1;1;-26,207253;-52,680732;SPRF-PR;DEL02-PR;UOP01-DEL02-PR;;;
695902;26/04/2025;s�bado;11:58:00;PR;376;174,1;MARINGA;Acessar a via sem observar a presen�a dos outros ve�culos;Colis�o lateral mesmo sentido;Com V�timas Feridas;Pleno dia;Crescente;C�u Claro;M�ltipla;Reta;Sim;4;0;2;0;1;1;2;3;-23,417347;-51,958591;SPRF-PR;DEL09-PR;UOP01-DEL09-PR;;;
695903;04/06/2025;quarta-feira;19:35:00;SC;282;462,1;PONTE SERRADA;�rea urbana sem a presen�a de local apropriado para a travessia de pedestres;Atropelamento de Pedestre;Com V�timas Feridas;Plena Noite;Decrescente;Garoa/Chuvisco;Simples;Reta;Sim;2;0;1;0;1;0;1;2;-26,861346;-52,026495;SPRF-SC;DEL07-SC;UOP04-DEL07-SC;;;
695905;04/06/2025;quarta-feira;22:20:00;RJ;116;309,1;RESENDE;Sinaliza��o mal posicionada;Colis�o com objeto;Com V�timas Feridas;Plena Noite;Crescente;C�u Claro;Dupla;"Em Obras;Declive;Reta";N�o;1;0;1;0;0;0;1;1;-22,45839167;-44,426215;SPRF-RJ;DEL07-RJ;UOP02-DEL07-RJ;;;
695909;04/06/2025;quarta-feira;22:15:00;SP;116;286;ITAPECERICA DA SERRA;Chuva;Queda de ocupante de ve�culo;Com V�timas Feridas;Plena Noite;Decrescente;C�u Claro;Dupla;Reta;Sim;1;0;1;0;0;0;1;1;-23,7003019;-46,8689748;SPRF-SP;DEL04-SP;UOP01-DEL04-SP;;;
695910;04/06/2025;quarta-feira;22:25:00;PE;101;45;IGARASSU;Aus�ncia de rea��o do condutor;Tombamento;Com V�timas Feridas;Plena Noite;Crescente;Nublado;M�ltipla;Reta;Sim;2;0;0;1;0;1;1;2;-7,8678217;-34,907071;SPRF-PE;DEL01-PE;UOP02-DEL01-PE;;;
695912;04/06/2025;quarta-feira;22:00:00;SC;282;490,4;FAXINAL DOS GUEDES;Avarias e/ou desgaste excessivo no pneu;Sa�da de leito carro��vel;Com V�timas Feridas;Plena Noite;Decrescente;Nublado;Simples;Curva;N�o;1;0;1;0;0;0;1;1;-26,87137005;-52,27581667;SPRF-SC;DEL07-SC;UOP01-DEL07-SC;;;
695913;04/06/2025;quarta-feira;19:00:00;MT;174;284;PONTES E LACERDA;Acessar a via sem observar a presen�a dos outros ve�culos;Colis�o transversal;Com V�timas Feridas;Anoitecer;Crescente;C�u Claro;Simples;Reta;N�o;2;0;0;1;1;0;1;2;-15,266646;-59,298838;SPRF-MT;DEL04-MT;UOP01-DEL04-MT;;;
695915;04/06/2025;quarta-feira;22:20:00;SC;101;158,8;PORTO BELO;Rea��o tardia ou ineficiente do condutor;Colis�o com objeto;Com V�timas Feridas;Plena Noite;Crescente;Nublado;Dupla;Reta;N�o;4;0;4;0;0;0;4;1;-27,19899;-48,61486;SPRF-SC;DEL04-SC;UOP03-DEL04-SC;;;
695917;04/06/2025;quarta-feira;23:40:00;RS;116;243;SAO LEOPOLDO;Aus�ncia de rea��o do condutor;Colis�o com objeto;Sem V�timas;Plena Noite;Decrescente;C�u Claro;Dupla;"Viaduto;Reta";Sim;1;0;0;0;1;0;0;1;-29,73021537;-51,14903715;SPRF-RS;DEL01-RS;UOP02-DEL01-RS;;;
695918;04/06/2025;quarta-feira;23:40:00;PI;343;338;TERESINA;Rea��o tardia ou ineficiente do condutor;Sa�da de leito carro��vel;Sem V�timas;Plena Noite;Crescente;C�u Claro;Dupla;Reta;N�o;2;0;0;0;2;0;0;1;-5,06493752;-42,72753093;SPRF-PI;DEL01-PI;UOP01-DEL01-PI;;;
695919;04/06/2025;quarta-feira;22:40:00;MS;163;265,8;DOURADOS;Pedestre - Ingest�o de �lcool/ subst�ncias psicoativas;Tombamento;Com V�timas Feridas;Plena Noite;Crescente;C�u Claro;Dupla;Interse��o de Vias;Sim;1;0;1;0;0;0;1;1;-22,21324;-54,71608;SPRF-MS;DEL04-MS;UOP01-DEL04-MS;;;
695920;05/06/2025;quinta-feira;00:15:00;BA;324;530;FEIRA DE SANTANA;Aus�ncia de rea��o do condutor;Queda de ocupante de ve�culo;Com V�timas Feridas;Plena Noite;Decrescente;C�u Claro;Dupla;Retorno Regulamentado;N�o;1;0;1;0;0;0;1;1;-12,33756145;-38,84905863;SPRF-BA;DEL01-BA;UOP03-DEL01-BA;;;
695924;05/06/2025;quinta-feira;05:09:00;PI;343;18;PARNAIBA;Transitar na contram�o;Colis�o frontal;Com V�timas Feridas;Amanhecer;Crescente;C�u Claro;Simples;Reta;Sim;3;0;3;0;0;0;3;2;-2,9762988;-41,76246643;SPRF-PI;DEL05-PI;UOP01-DEL05-PI;;;
695926;05/06/2025;quinta-feira;05:20:00;ES;101;119,8;SOORETAMA;Ultrapassagem Indevida;Colis�o frontal;Com V�timas Feridas;Amanhecer;Crescente;Nublado;Simples;"Reta;Declive";N�o;3;0;0;2;1;0;2;2;-19,14158123;-40,07403168;SPRF-ES;DEL04-ES;UOP01-DEL04-ES;;;
695928;05/06/2025;quinta-feira;02:10:00;RO;364;341;JI-PARANA;Aus�ncia de rea��o do condutor;Colis�o com objeto;Sem V�timas;Plena Noite;Decrescente;C�u Claro;Dupla;Curva;Sim;1;0;0;0;0;1;0;1;-10,886413;-61,933578;SPRF-RO;DEL02-RO;UOP01-DEL02-RO;;;
695930;05/06/2025;quinta-feira;06:20:00;RS;290;110,8;ELDORADO DO SUL;Aus�ncia de rea��o do condutor;Sa�da de leito carro��vel;Sem V�timas;Amanhecer;Decrescente;C�u Claro;Simples;Reta;N�o;2;0;0;0;2;0;0;1;-30,02874028;-51,32338715;SPRF-RS;DEL02-RS;UOP01-DEL02-RS;;;
695931;05/06/2025;quinta-feira;06:00:00;GO;153;519;HIDROLANDIA;Aus�ncia de rea��o do condutor;Colis�o traseira;Com V�timas Feridas;Plena Noite;Decrescente;C�u Claro;Dupla;"Reta;Aclive";N�o;2;0;2;0;0;0;2;2;-16,857568;-49,248721;SPRF-GO;DEL01-GO;UOP03-DEL01-GO;;;
695932;05/06/2025;quinta-feira;06:40:00;SC;101;202,9;SAO JOSE;Manobra de mudan�a de faixa;Colis�o lateral mesmo sentido;Com V�timas Feridas;Amanhecer;Crescente;Chuva;M�ltipla;"Aclive;Reta";Sim;3;0;1;0;1;1;1;3;-27,56810194;-48,6140448;SPRF-SC;DEL01-SC;UOP01-DEL01-SC;;;
695934;05/06/2025;quinta-feira;04:30:00;MG;116;568;MANHUACU;Rea��o tardia ou ineficiente do condutor;Colis�o traseira;Com V�timas Feridas;Plena Noite;Decrescente;C�u Claro;Simples;Curva;N�o;2;0;1;0;1;0;1;2;-20,04112902;-42,17339516;SPRF-MG;DEL06-MG;UOP03-DEL06-MG;;;
695935;04/06/2025;quarta-feira;20:30:00;MG;381;513;IGARAPE;Aus�ncia de rea��o do condutor;Sa�da de leito carro��vel;Sem V�timas;Plena Noite;Decrescente;C�u Claro;Dupla;"Reta;Rotat�ria";Sim;1;0;0;0;0;1;0;1;-20,07344624;-44,30099487;SPRF-MG;DEL01-MG;UOP03-DEL01-MG;;;
695936;04/06/2025;quarta-feira;16:55:00;MG;262;42;MANHUACU;Pista Escorregadia;Tombamento;Com V�timas Feridas;Pleno dia;Decrescente;C�u Claro;Simples;Curva;N�o;1;0;1;0;0;0;1;1;-20,26312729;-42,07990766;SPRF-MG;DEL06-MG;UOP03-DEL06-MG;;;
695937;05/06/2025;quinta-feira;05:30:00;RS;290;672;URUGUAIANA;Avarias e/ou desgaste excessivo no pneu;Sa�da de leito carro��vel;Sem V�timas;Plena Noite;Crescente;C�u Claro;Simples;Reta;N�o;1;0;0;0;0;1;0;1;-29,941116;-56,618499;SPRF-RS;DEL13-RS;UOP01-DEL13-RS;;;
695938;05/06/2025;quinta-feira;00:20:00;BA;367;33;PORTO SEGURO;Rea��o tardia ou ineficiente do condutor;Sa�da de leito carro��vel;Com V�timas Feridas;Plena Noite;Decrescente;C�u Claro;Simples;Reta;N�o;1;0;1;0;0;0;1;1;-16,41684115;-39,15634632;SPRF-BA;DEL09-BA;UOP03-DEL09-BA;;;
695940;05/06/2025;quinta-feira;06:50:00;RS;116;246;SAO LEOPOLDO;Rea��o tardia ou ineficiente do condutor;Colis�o lateral mesmo sentido;Com V�timas Feridas;Amanhecer;Decrescente;Garoa/Chuvisco;M�ltipla;Curva;N�o;2;0;1;0;1;0;1;2;-29,7501076;-51,15115795;SPRF-RS;DEL01-RS;UOP02-DEL01-RS;;;
695941;05/06/2025;quinta-feira;07:25:00;MG;40;603,9;CONGONHAS;Aus�ncia de rea��o do condutor;Colis�o lateral sentido oposto;Com V�timas Feridas;Pleno dia;Decrescente;C�u Claro;Simples;Curva;N�o;2;0;1;0;1;0;1;2;-20,4768515;-43,8424342;SPRF-MG;DEL05-MG;UOP02-DEL05-MG;;;
695942;05/06/2025;quinta-feira;05:00:00;SP;116;219;GUARULHOS;Objeto est�tico sobre o leito carro��vel;Tombamento;Com V�timas Feridas;Amanhecer;Crescente;Ignorado;M�ltipla;"Reta;Em Obras";Sim;1;0;0;1;0;0;1;1;-23,46437397;-46,49867129;SPRF-SP;DEL01-SP;UOP01-DEL01-SP;;;
695943;05/06/2025;quinta-feira;06:40:00;PE;101;50,5;ABREU E LIMA;Condutor deixou de manter dist�ncia do ve�culo da frente;Colis�o traseira;Com V�timas Feridas;Pleno dia;Crescente;Chuva;M�ltipla;Reta;Sim;2;0;1;0;1;0;1;2;-7,91363835;-34,89973426;SPRF-PE;DEL01-PE;UOP02-DEL01-PE;;;
695944;05/06/2025;quinta-feira;06:50:00;PB;230;11;CABEDELO;Pedestre cruzava a pista fora da faixa;Atropelamento de Pedestre;Com V�timas Feridas;Pleno dia;Crescente;Nublado;Dupla;"Reta;Em Obras";Sim;2;0;2;0;0;0;2;2;-7,064463;-34,850308;SPRF-PB;DEL01-PB;UOP01-DEL01-PB;;;
695946;05/06/2025;quinta-feira;07:00:00;PR;376;161;MARINGA;Acessar a via sem observar a presen�a dos outros ve�culos;Colis�o transversal;Com V�timas Feridas;Pleno dia;Decrescente;Nublado;Dupla;Interse��o de Vias;N�o;3;0;2;0;1;0;2;2;-23,38136834;-52,03518659;SPRF-PR;DEL09-PR;UOP02-DEL09-PR;;;
695947;05/06/2025;quinta-feira;07:00:00;MT;70;2;BARRA DO GARCAS;Aus�ncia de rea��o do condutor;Colis�o lateral mesmo sentido;Com V�timas Feridas;Pleno dia;Decrescente;C�u Claro;Dupla;Reta;N�o;2;0;1;0;0;1;1;2;-15,8725067;-52,3855266;SPRF-MT;DEL07-MT;UOP01-DEL07-MT;;;
695948;05/06/2025;quinta-feira;07:20:00;MG;381;421,8;CAETE;Transitar na contram�o;Colis�o frontal;Com V�timas Feridas;Amanhecer;Crescente;Nublado;Dupla;"Declive;Curva";N�o;2;0;0;1;1;0;1;2;-19,786669;-43,683091;SPRF-MG;DEL01-MG;UOP01-DEL01-MG;;;
695949;05/06/2025;quinta-feira;06:50:00;MS;163;490;CAMPO GRANDE;Retorno proibido;Colis�o lateral mesmo sentido;Com V�timas Feridas;Pleno dia;Decrescente;C�u Claro;Simples;Declive;N�o;2;0;1;1;0;0;2;2;-20,39662262;-54,55697894;SPRF-MS;DEL01-MS;UOP02-DEL01-MS;;;
695950;05/06/2025;quinta-feira;07:20:00;SC;101;103;BALNEARIO PICARRAS;Velocidade Incompat�vel;Colis�o com objeto;Com V�timas Feridas;Pleno dia;Decrescente;Chuva;Dupla;Reta;N�o;3;0;1;0;2;0;1;1;-26,7839279;-48,68278027;SPRF-SC;DEL03-SC;UOP02-DEL03-SC;;;
695954;05/06/2025;quinta-feira;07:00:00;MG;116;522,2;CARATINGA;Acessar a via sem observar a presen�a dos outros ve�culos;Colis�o transversal;Com V�timas Feridas;Pleno dia;Decrescente;C�u Claro;Simples;"Reta;Interse��o de Vias";Sim;2;0;1;0;1;0;1;2;-19,74915458;-42,13251253;SPRF-MG;DEL06-MG;UOP02-DEL06-MG;;;
695956;05/06/2025;quinta-feira;07:50:00;GO;60;79,6;ANAPOLIS;Condutor Dormindo;Colis�o com objeto;Com V�timas Feridas;Pleno dia;Decrescente;C�u Claro;Dupla;"Declive;Curva";Sim;1;0;0;1;0;0;1;1;-16,302694;-48,817882;SPRF-GO;DEL02-GO;UOP01-DEL02-GO;;;
695957;05/06/2025;quinta-feira;07:50:00;RS;285;293,8;PASSO FUNDO;Manobra de mudan�a de faixa;Colis�o lateral mesmo sentido;Sem V�timas;Pleno dia;Crescente;Chuva;Dupla;Reta;Sim;2;0;0;0;2;0;0;2;-28,2352548;-52,38078324;SPRF-RS;DEL08-RS;UOP03-DEL08-RS;;;
695958;11/05/2025;domingo;21:45:00;RS;285;208;LAGOA VERMELHA;Desrespeitar a prefer�ncia no cruzamento;Colis�o transversal;Com V�timas Feridas;Pleno dia;Crescente;C�u Claro;Simples;"Reta;Interse��o de Vias";N�o;9;0;4;1;4;0;5;2;-28,22405848;-51,61080837;SPRF-RS;DEL08-RS;UOP05-DEL08-RS;;;
695959;05/06/2025;quinta-feira;02:20:00;SC;101;376,9;ICARA;Aus�ncia de rea��o do condutor;Sa�da de leito carro��vel;Com V�timas Feridas;Plena Noite;Crescente;Chuva;M�ltipla;Reta;N�o;1;0;1;0;0;0;1;1;-28,74812021;-49,26356343;SPRF-SC;DEL02-SC;UOP01-DEL02-SC;;;
695960;05/06/2025;quinta-feira;06:40:00;SC;101;130,1;CAMBORIU;Pista Escorregadia;Tombamento;Com V�timas Feridas;Amanhecer;Crescente;Chuva;M�ltipla;Reta;Sim;1;0;1;0;0;0;1;1;-26,98437;-48,66903;SPRF-SC;DEL04-SC;UOP03-DEL04-SC;;;