id;data_inversa;dia_semana;horario;uf;br;km;municipio;causa_acidente;tipo_acidente;classificacao_acidente;fase_dia;sentido_via;condicao_metereologica;tipo_pista;tracado_via;uso_solo;pessoas;mortos;feridos_leves;feridos_graves;ilesos;ignorados;feridos;veiculos;latitude;longitude;regional;delegacia;uop;;;
695961;05/06/2025;quinta-feira;07:30:00;SC;101;119,2;ITAJAI;Aus�ncia de rea��o do condutor;Colis�o lateral mesmo sentido;Com V�timas Feridas;Pleno dia;Crescente;Chuva;Dupla;Reta;N�o;2;0;1;0;1;0;1;2;-26,89875019;-48,71781796;SPRF-SC;DEL04-SC;UOP04-DEL04-SC;;;
695966;28/05/2025;quarta-feira;09:17:00;MG;40;525;CONTAGEM;Rea��o tardia ou ineficiente do condutor;Tombamento;Com V�timas Feridas;Pleno dia;Crescente;C�u Claro;Dupla;Reta;Sim;1;0;1;0;0;0;1;1;-19,8852179;-44,0508506;SPRF-MG;DEL01-MG;UOP02-DEL01-MG;;;
695967;05/06/2025;quinta-feira;07:59:00;RS;392;339,5;SANTA MARIA;Neblina;Colis�o traseira;Com V�timas Feridas;Pleno dia;Crescente;Nevoeiro/Neblina;Simples;Reta;N�o;5;0;1;0;4;0;1;2;-29,823292;-53,766127;SPRF-RS;DEL09-RS;UOP01-DEL09-RS;;;
695968;05/06/2025;quinta-feira;06:40:00;MS;267;481,6;JARDIM;Desrespeitar a prefer�ncia no cruzamento;Colis�o transversal;Com V�timas Feridas;Pleno dia;Decrescente;Nublado;Simples;Interse��o de Vias;N�o;2;0;1;0;1;0;1;2;-21,482793;-56,142615;SPRF-MS;DEL05-MS;UOP01-DEL05-MS;;;
695969;25/04/2025;sexta-feira;20:40:00;MG;365;25;MONTES CLAROS;Rea��o tardia ou ineficiente do condutor;Tombamento;Com V�timas Feridas;Plena Noite;Decrescente;C�u Claro;Simples;"Em Obras;Reta";N�o;2;0;1;0;0;1;1;2;-16,6537058;-43,7179006;SPRF-MG;DEL12-MG;UOP01-DEL12-MG;;;
695970;05/06/2025;quinta-feira;08:28:00;RN;406;129,6;TAIPU;Retorno proibido;Colis�o lateral mesmo sentido;Com V�timas Feridas;Pleno dia;Decrescente;C�u Claro;Simples;"Aclive;Curva";N�o;3;0;0;3;0;0;3;2;-5,62396074;-35,60055323;SPRF-RN;DEL02-RN;UOP01-DEL02-RN;;;
695972;05/06/2025;quinta-feira;07:50:00;MG;381;687,6;LAVRAS;Manobra de mudan�a de faixa;Colis�o lateral mesmo sentido;Com V�timas Feridas;Pleno dia;Crescente;C�u Claro;Dupla;"Reta;Retorno Regulamentado";N�o;2;0;1;0;1;0;1;2;-21,20874401;-45,12332598;SPRF-MG;DEL04-MG;UOP02-DEL04-MG;;;
695973;05/06/2025;quinta-feira;07:40:00;PR;376;531;PONTA GROSSA;Chuva;Sa�da de leito carro��vel;Com V�timas Feridas;Pleno dia;Crescente;Chuva;Dupla;Curva;N�o;4;0;3;0;1;0;3;1;-25,29161627;-49,89947319;SPRF-PR;DEL03-PR;UOP03-DEL03-PR;;;
695975;05/06/2025;quinta-feira;09:00:00;PR;116;131;FAZENDA RIO GRANDE;Chuva;Colis�o com objeto;Com V�timas Feridas;Pleno dia;Decrescente;Chuva;Dupla;Reta;Sim;4;0;1;0;3;0;1;3;-25,681178;-49,316008;SPRF-PR;DEL01-PR;UOP03-DEL01-PR;;;
695977;30/05/2025;sexta-feira;18:15:00;SP;153;256;MARILIA;Ingest�o de �lcool pelo condutor;Colis�o traseira;Sem V�timas;Anoitecer;Decrescente;C�u Claro;Dupla;Reta;Sim;2;0;0;0;2;0;0;2;-22,23617445;-49,91918206;SPRF-SP;DEL07-SP;UOP02-DEL07-SP;;;
695978;05/06/2025;quinta-feira;09:20:00;MG;40;424,9;CURVELO;Rea��o tardia ou ineficiente do condutor;Sa�da de leito carro��vel;Sem V�timas;Pleno dia;Decrescente;C�u Claro;Dupla;"Reta;Ponte";N�o;1;0;0;0;1;0;0;1;-19,1631;-44,52164;SPRF-MG;DEL02-MG;UOP01-DEL02-MG;;;
695981;05/06/2025;quinta-feira;08:30:00;SP;116;138,7;SAO JOSE DOS CAMPOS;Trafegar com motocicleta (ou similar) entre as faixas;Colis�o traseira;Com V�timas Feridas;Pleno dia;Crescente;Nublado;Dupla;Reta;N�o;3;0;1;0;2;0;1;3;-23,15782104;-45,79701304;SPRF-SP;DEL02-SP;UOP01-DEL02-SP;;;
695985;11/05/2025;domingo;12:15:00;MG;381;495;BETIM;Manobra de mudan�a de faixa;Colis�o lateral mesmo sentido;Com V�timas Feridas;Pleno dia;Crescente;C�u Claro;Dupla;"Aclive;Reta";Sim;4;0;2;0;0;2;2;3;-19,96893215;-44,18110013;SPRF-MG;DEL01-MG;UOP03-DEL01-MG;;;
695986;04/06/2025;quarta-feira;23:00:00;AL;101;28,1;JOAQUIM GOMES;Chuva;Sa�da de leito carro��vel;Com V�timas Fatais;Plena Noite;Decrescente;Chuva;Simples;Curva;N�o;2;1;1;0;0;0;1;1;-9,070321;-35,742718;SPRF-AL;DEL01-AL;UOP02-DEL01-AL;;;
695987;05/06/2025;quinta-feira;07:10:00;PE;428;85;SANTA MARIA DA BOA VISTA;Condutor deixou de manter dist�ncia do ve�culo da frente;Colis�o traseira;Com V�timas Feridas;Pleno dia;Crescente;C�u Claro;Simples;"Reta;Declive";N�o;3;0;0;3;0;0;3;2;-8,79462;-39,840635;SPRF-PE;DEL06-PE;UOP03-DEL06-PE;;;
695989;05/06/2025;quinta-feira;10:15:00;MG;50;59,4;UBERLANDIA;Aus�ncia de rea��o do condutor;Colis�o traseira;Com V�timas Feridas;Pleno dia;Crescente;C�u Claro;Dupla;"Aclive;Reta";N�o;2;0;1;0;1;0;1;2;-18,8078966;-48,2431688;SPRF-MG;DEL15-MG;UOP02-DEL15-MG;;;
695993;05/06/2025;quinta-feira;10:05:00;PR;369;198,5;APUCARANA;Avarias e/ou desgaste excessivo no pneu;Sa�da de leito carro��vel;Com V�timas Feridas;Pleno dia;Decrescente;Chuva;Simples;Reta;Sim;1;0;1;0;0;0;1;1;-23,52275568;-51,44107819;SPRF-PR;DEL07-PR;UOP03-DEL07-PR;;;
695995;05/06/2025;quinta-feira;07:15:00;PR;376;522;PONTA GROSSA;Rea��o tardia ou ineficiente do condutor;Sa�da de leito carro��vel;Com V�timas Feridas;Pleno dia;Decrescente;Chuva;Dupla;"Reta;Declive";N�o;1;0;1;0;0;0;1;1;-25,267;-49,951;SPRF-PR;DEL03-PR;UOP04-DEL03-PR;;;
695997;05/06/2025;quinta-feira;09:00:00;SC;280;90;CORUPA;Chuva;Colis�o transversal;Com V�timas Feridas;Pleno dia;Crescente;Chuva;Simples;Curva;N�o;2;0;1;0;1;0;1;2;-26,386234;-49,30233;SPRF-SC;DEL06-SC;UOP03-DEL06-SC;;;
695998;05/06/2025;quinta-feira;11:30:00;MG;40;570;NOVA LIMA;Rea��o tardia ou ineficiente do condutor;Tombamento;Com V�timas Feridas;Pleno dia;Decrescente;C�u Claro;Simples;"Reta;Aclive";Sim;1;0;0;1;0;0;1;1;-20,218975;-43,971576;SPRF-MG;DEL01-MG;UOP02-DEL01-MG;;;
695999;05/06/2025;quinta-feira;08:25:00;PA;230;123,3;MARABA;Acessar a via sem observar a presen�a dos outros ve�culos;Colis�o transversal;Com V�timas Feridas;Pleno dia;Decrescente;C�u Claro;Dupla;"Reta;Interse��o de Vias;Retorno Regulamentado";Sim;2;0;1;0;1;0;1;2;-5,370925;-49,132002;SPRF-PA;DEL03-PA;UOP01-DEL03-PA;;;
696003;05/06/2025;quinta-feira;11:58:00;CE;20;317;CANINDE;Transitar na contram�o;Colis�o frontal;Com V�timas Fatais;Pleno dia;Crescente;C�u Claro;Simples;Curva;Sim;2;1;0;0;1;0;0;2;-4,29319789;-39,24797253;SPRF-CE;DEL02-CE;UOP01-DEL02-CE;;;
696004;05/06/2025;quinta-feira;11:45:00;SP;381;90;GUARULHOS;Demais falhas na via;Tombamento;Com V�timas Feridas;Pleno dia;Crescente;Nublado;M�ltipla;"Interse��o de Vias;Em Obras;Viaduto";Sim;1;0;1;0;0;0;1;1;-23,49623234;-46,55973905;SPRF-SP;DEL03-SP;UOP01-DEL03-SP;;;
696005;26/03/2025;quarta-feira;07:40:00;PR;369;160;CAMBE;Manobra de mudan�a de faixa;Colis�o lateral mesmo sentido;Com V�timas Feridas;Amanhecer;Crescente;C�u Claro;Dupla;"Reta;Interse��o de Vias";Sim;2;0;1;0;0;1;1;2;-23,28532244;-51,2326692;SPRF-PR;DEL07-PR;UOP01-DEL07-PR;;;
696006;05/06/2025;quinta-feira;11:40:00;RJ;101;463,5;ANGRA DOS REIS;Velocidade Incompat�vel;Colis�o lateral sentido oposto;Com V�timas Feridas;Pleno dia;Decrescente;C�u Claro;Simples;Reta;N�o;2;0;1;0;1;0;1;2;-23,027552;-44,214587;SPRF-RJ;DEL03-RJ;UOP03-DEL03-RJ;;;
696007;04/06/2025;quarta-feira;21:20:00;GO;0;0;JUSSARA;Frear bruscamente;Colis�o traseira;Com V�timas Feridas;Plena Noite;N�o Informado;C�u Claro;Simples;Reta;Sim;2;0;1;0;1;0;1;2;-15,874529;-50,869062;SPRF-GO;DEL04-GO;UOP02-DEL04-GO;;;
696008;05/06/2025;quinta-feira;08:37:00;MG;356;265,5;MURIAE;Rea��o tardia ou ineficiente do condutor;Colis�o traseira;Sem V�timas;Pleno dia;Crescente;C�u Claro;Simples;Curva;Sim;2;0;0;0;2;0;0;2;-21,12680318;-42,37030361;SPRF-MG;DEL07-MG;UOP02-DEL07-MG;;;
696009;05/06/2025;quinta-feira;10:10:00;RJ;116;60,8;TERESOPOLIS;Frear bruscamente;Queda de ocupante de ve�culo;Com V�timas Feridas;Pleno dia;Crescente;C�u Claro;Simples;Reta;N�o;1;0;1;0;0;0;1;1;-22,239456;-42,913346;SPRF-RJ;DEL04-RJ;UOP01-DEL04-RJ;;;
696011;05/06/2025;quinta-feira;12:27:00;MG;381;648;SANTO ANTONIO DO AMPARO;Aus�ncia de rea��o do condutor;Sa�da de leito carro��vel;Com V�timas Feridas;Pleno dia;Crescente;C�u Claro;Dupla;Reta;N�o;1;0;1;0;0;0;1;1;-20,95745646;-44,89871889;SPRF-MG;DEL04-MG;UOP02-DEL04-MG;;;
696014;05/06/2025;quinta-feira;09:00:00;PR;277;434;VIRMOND;Avarias e/ou desgaste excessivo no pneu;Colis�o frontal;Com V�timas Fatais;Pleno dia;Decrescente;Chuva;Simples;Curva;N�o;4;2;0;2;0;0;2;2;-25,3778;-52,23345;SPRF-PR;DEL04-PR;UOP02-DEL04-PR;;;
696015;05/06/2025;quinta-feira;13:00:00;SP;116;223;GUARULHOS;Rea��o tardia ou ineficiente do condutor;Colis�o traseira;Com V�timas Feridas;Pleno dia;Crescente;Nublado;M�ltipla;Reta;Sim;3;0;1;0;2;0;1;2;-23,48191789;-46,53530335;SPRF-SP;DEL01-SP;UOP01-DEL01-SP;;;
696019;05/06/2025;quinta-feira;13:06:00;RN;101;103,9;PARNAMIRIM;Pista Escorregadia;Colis�o traseira;Com V�timas Feridas;Pleno dia;Crescente;C�u Claro;Dupla;Reta;Sim;3;0;1;1;1;0;2;2;-5,8896622;-35,24668523;SPRF-RN;DEL01-RN;UOP01-DEL01-RN;;;
696021;05/06/2025;quinta-feira;13:20:00;SP;116;227;SAO PAULO;Rea��o tardia ou ineficiente do condutor;Colis�o lateral mesmo sentido;Com V�timas Feridas;Pleno dia;Crescente;Nublado;M�ltipla;Reta;Sim;2;0;1;0;1;0;1;2;-23,50535011;-46,56879102;SPRF-SP;DEL01-SP;UOP01-DEL01-SP;;;
696023;05/06/2025;quinta-feira;11:30:00;MG;365;163;PIRAPORA;Aus�ncia de rea��o do condutor;Sa�da de leito carro��vel;Com V�timas Feridas;Pleno dia;Decrescente;C�u Claro;Simples;Curva;N�o;1;0;0;1;0;0;1;1;-17,3635158;-44,92389846;SPRF-MG;DEL10-MG;UOP02-DEL010-MG;;;
696024;05/06/2025;quinta-feira;12:50:00;PR;369;186,5;ARAPONGAS;Transitar no Acostamento;Colis�o lateral mesmo sentido;Com V�timas Feridas;Pleno dia;Crescente;Nublado;Simples;"Reta;Interse��o de Vias";Sim;2;0;1;0;1;0;1;2;-23,42005376;-51,4253068;SPRF-PR;DEL07-PR;UOP03-DEL07-PR;;;
696025;05/06/2025;quinta-feira;08:15:00;RS;470;10;BARRACAO;Aus�ncia de sinaliza��o;Colis�o frontal;Sem V�timas;Pleno dia;Crescente;Nublado;Simples;Reta;N�o;2;0;0;0;2;0;0;2;-27,6893603;-51,45833435;SPRF-RS;DEL08-RS;UOP05-DEL08-RS;;;
696026;05/06/2025;quinta-feira;11:00:00;BA;418;85;NOVA VICOSA;Acesso irregular;Colis�o transversal;Com V�timas Feridas;Pleno dia;Decrescente;C�u Claro;Simples;Reta;Sim;2;0;1;0;1;0;1;2;-17,889302;-39,824393;SPRF-BA;DEL09-BA;UOP02-DEL09-BA;;;
696027;05/06/2025;quinta-feira;13:20:00;PR;376;167;MARINGA;Rea��o tardia ou ineficiente do condutor;Colis�o traseira;Sem V�timas;Pleno dia;Decrescente;Chuva;Dupla;Reta;N�o;2;0;0;0;2;0;0;2;-23,40032576;-52,00010346;SPRF-PR;DEL09-PR;UOP01-DEL09-PR;;;
696028;05/06/2025;quinta-feira;12:10:00;PR;163;245;TOLEDO;Chuva;Sa�da de leito carro��vel;Com V�timas Feridas;Pleno dia;Decrescente;Chuva;Dupla;Reta;N�o;2;0;1;0;1;0;1;1;-24,67211468;-53,80140066;SPRF-PR;DEL06-PR;UOP02-DEL06-PR;;;
696030;05/06/2025;quinta-feira;12:10:00;SC;101;154,9;PORTO BELO;Velocidade Incompat�vel;Sa�da de leito carro��vel;Com V�timas Feridas;Pleno dia;Decrescente;Garoa/Chuvisco;M�ltipla;"Curva;Interse��o de Vias";Sim;1;0;1;0;0;0;1;1;-27,16194591;-48,61100284;SPRF-SC;DEL04-SC;UOP03-DEL04-SC;;;
696032;05/06/2025;quinta-feira;14:20:00;AL;101;117;PILAR;Aus�ncia de rea��o do condutor;Colis�o com objeto;Com V�timas Feridas;Pleno dia;Decrescente;Sol;Dupla;"Reta;Desvio Tempor�rio";N�o;1;0;1;0;0;0;1;1;-9,64184417;-36,02459606;SPRF-AL;DEL02-AL;UOP01-DEL02-AL;;;
696034;05/06/2025;quinta-feira;13:45:00;SC;101;134;BALNEARIO CAMBORIU;Manobra de mudan�a de faixa;Colis�o lateral mesmo sentido;Com V�timas Feridas;Pleno dia;Crescente;Nublado;Dupla;Reta;Sim;2;0;1;0;1;0;1;2;-27,00350522;-48,63295555;SPRF-SC;DEL04-SC;UOP03-DEL04-SC;;;
696035;05/06/2025;quinta-feira;08:10:00;RO;364;341,6;JI-PARANA;Condutor deixou de manter dist�ncia do ve�culo da frente;Colis�o lateral mesmo sentido;Com V�timas Feridas;Pleno dia;Decrescente;C�u Claro;Simples;Reta;Sim;2;0;1;0;1;0;1;2;-10,88425108;-61,9371736;SPRF-RO;DEL02-RO;UOP01-DEL02-RO;;;
696036;05/06/2025;quinta-feira;06:10:00;GO;153;546,5;PROFESSOR JAMIL;Demais falhas mec�nicas ou el�tricas;Sa�da de leito carro��vel;Sem V�timas;Amanhecer;Crescente;C�u Claro;Dupla;Reta;N�o;2;0;0;0;0;2;0;2;-17,1025242;-49,2181049;SPRF-GO;DEL01-GO;UOP03-DEL01-GO;;;
696037;05/06/2025;quinta-feira;08:00:00;MG;116;275;TEOFILO OTONI;Rea��o tardia ou ineficiente do condutor;Colis�o lateral mesmo sentido;Com V�timas Feridas;Pleno dia;Crescente;C�u Claro;Simples;Reta;Sim;2;0;1;0;1;0;1;2;-17,843422;-41,514638;SPRF-MG;DEL11-MG;UOP01-DEL11-MG;;;
696038;05/06/2025;quinta-feira;15:10:00;SP;116;220;GUARULHOS;Rea��o tardia ou ineficiente do condutor;Colis�o traseira;Com V�timas Feridas;Pleno dia;Decrescente;Chuva;M�ltipla;"Em Obras;Reta";Sim;5;0;1;0;4;0;1;5;-23,46389619;-46,49591088;SPRF-SP;DEL01-SP;UOP01-DEL01-SP;;;
696041;05/06/2025;quinta-feira;08:00:00;PR;277;385,7;CANDOI;Transitar na contram�o;Colis�o frontal;Com V�timas Fatais;Pleno dia;Crescente;Chuva;Simples;"Reta;Ponte";N�o;5;2;0;3;0;0;3;2;-25,43995;-51,833761;SPRF-PR;DEL08-PR;UOP01-DEL08-PR;;;
696043;05/06/2025;quinta-feira;15:00:00;PR;116;14;CAMPINA GRANDE DO SUL;Velocidade Incompat�vel;Sa�da de leito carro��vel;Com V�timas Feridas;Pleno dia;Decrescente;Chuva;Dupla;Curva;N�o;1;0;1;0;0;0;1;1;-25,1000274;-48,67615952;SPRF-PR;DEL01-PR;UOP02-DEL01-PR;;;
696044;05/06/2025;quinta-feira;09:30:00;RJ;493;13;GUAPIMIRIM;Aus�ncia de rea��o do condutor;Colis�o com objeto;Com V�timas Feridas;Pleno dia;Crescente;C�u Claro;Simples;Reta;N�o;1;0;1;0;0;0;1;1;-22,67098646;-42,98139095;SPRF-RJ;DEL04-RJ;UOP02-DEL04-RJ;;;
696050;30/04/2025;quarta-feira;21:20:00;GO;60;102;GOIANAPOLIS;Rea��o tardia ou ineficiente do condutor;Colis�o traseira;Com V�timas Feridas;Plena Noite;Decrescente;C�u Claro;Dupla;Reta;Sim;2;0;0;1;0;1;1;2;-16,40574104;-48,98228142;SPRF-GO;DEL02-GO;UOP01-DEL02-GO;;;
696051;05/06/2025;quinta-feira;16:15:00;PR;277;27,3;MORRETES;Velocidade Incompat�vel;Sa�da de leito carro��vel;Com V�timas Feridas;Pleno dia;Crescente;Nublado;M�ltipla;Curva;N�o;2;0;1;0;1;0;1;1;-25,54171015;-48,77716033;SPRF-PR;DEL01-PR;UOP05-DEL01-PR;;;
696052;05/06/2025;quinta-feira;15:20:00;BA;101;719;EUNAPOLIS;Acessar a via sem observar a presen�a dos outros ve�culos;Colis�o transversal;Com V�timas Feridas;Pleno dia;Crescente;C�u Claro;Simples;Rotat�ria;Sim;2;0;1;0;1;0;1;2;-16,386243;-39,58624;SPRF-BA;DEL09-BA;UOP01-DEL09-BA;;;
696053;05/06/2025;quinta-feira;15:34:00;PB;230;2;CABEDELO;Retorno proibido;Colis�o lateral mesmo sentido;Sem V�timas;Pleno dia;Decrescente;C�u Claro;Dupla;Reta;Sim;2;0;0;0;2;0;0;2;-6,983;-34,83;SPRF-PB;DEL01-PB;UOP01-DEL01-PB;;;
696054;05/06/2025;quinta-feira;16:00:00;PR;116;38;CAMPINA GRANDE DO SUL;Rea��o tardia ou ineficiente do condutor;Colis�o com objeto;Com V�timas Feridas;Pleno dia;Decrescente;Garoa/Chuvisco;Dupla;Curva;N�o;3;0;2;0;1;0;2;1;-25,14947685;-48,85920232;SPRF-PR;DEL01-PR;UOP02-DEL01-PR;;;
696057;05/06/2025;quinta-feira;16:53:00;BA;367;29;PORTO SEGURO;Acessar a via sem observar a presen�a dos outros ve�culos;Colis�o transversal;Com V�timas Feridas;Pleno dia;Crescente;C�u Claro;Simples;Curva;N�o;2;0;0;1;1;0;1;2;-16,414;-39,1226;SPRF-BA;DEL09-BA;UOP03-DEL09-BA;;;
696060;05/06/2025;quinta-feira;15:00:00;PE;101;161;GAMELEIRA;Demais falhas mec�nicas ou el�tricas;Inc�ndio;Sem V�timas;Pleno dia;Crescente;Sol;Dupla;"Reta;Aclive";N�o;1;0;0;0;1;0;0;1;-8,553825;-35,43335;SPRF-PE;DEL01-PE;UOP03-DEL01-PE;;;
696061;05/06/2025;quinta-feira;15:45:00;SP;101;26;UBATUBA;Rea��o tardia ou ineficiente do condutor;Tombamento;Com V�timas Feridas;Pleno dia;Crescente;Nublado;Simples;"Reta;Declive";N�o;1;0;1;0;0;0;1;1;-23,36048536;-44,94572852;SPRF-SP;DEL06-SP;UOP01-DEL06-SP;;;
696062;05/06/2025;quinta-feira;17:40:00;MG;381;898,9;CAMBUI;Pedestre andava na pista;Atropelamento de Pedestre;Com V�timas Feridas;Anoitecer;Decrescente;Nublado;Dupla;Reta;Sim;2;0;0;1;1;0;1;2;-22,61393412;-46,06590664;SPRF-MG;DEL16-MG;UOP01-DEL16-MG;;;
696065;05/06/2025;quinta-feira;17:50:00;SP;381;60;MAIRIPORA;Chuva;Colis�o com objeto;Com V�timas Feridas;Anoitecer;Decrescente;Chuva;Dupla;"Aclive;Curva";N�o;2;0;2;0;0;0;2;1;-23,28960311;-46,5827179;SPRF-SP;DEL03-SP;UOP01-DEL03-SP;;;
696066;05/06/2025;quinta-feira;18:05:00;RS;287;413;SANTIAGO;Animais na Pista;Atropelamento de Animal;Sem V�timas;Anoitecer;Crescente;C�u Claro;Simples;"Aclive;Reta";N�o;2;0;0;0;2;0;0;1;-29,06794849;-54,95000839;SPRF-RS;DEL12-RS;UOP02-DEL12-RS;;;
696067;05/06/2025;quinta-feira;16:28:00;SP;116;307;SAO LOURENCO DA SERRA;Aus�ncia de rea��o do condutor;Colis�o lateral mesmo sentido;Com V�timas Feridas;Pleno dia;Crescente;Chuva;Dupla;Reta;Sim;1;0;1;0;0;0;1;1;-23,85785225;-46,94286795;SPRF-SP;DEL04-SP;UOP01-DEL04-SP;;;
696068;05/06/2025;quinta-feira;17:45:00;RS;116;247;SAO LEOPOLDO;Ingest�o de �lcool pelo condutor;Sa�da de leito carro��vel;Sem V�timas;Plena Noite;Crescente;Garoa/Chuvisco;Dupla;"Reta;Em Obras";Sim;2;0;0;0;1;1;0;2;-29,76815104;-51,15364974;SPRF-RS;DEL01-RS;UOP02-DEL01-RS;;;
696070;05/06/2025;quinta-feira;12:40:00;RJ;40;7;COMENDADOR LEVY GASPARIAN;Velocidade Incompat�vel;Queda de ocupante de ve�culo;Com V�timas Feridas;Pleno dia;Decrescente;C�u Claro;Simples;Curva;N�o;1;0;1;0;0;0;1;1;-22,03458064;-43,2236588;SPRF-RJ;DEL05-RJ;UOP02-DEL05-RJ;;;
696071;05/06/2025;quinta-feira;16:00:00;PI;343;305,5;ALTOS;Aus�ncia de rea��o do condutor;Colis�o traseira;Sem V�timas;Pleno dia;Crescente;C�u Claro;Simples;Reta;Sim;2;0;0;0;2;0;0;2;-5,03696;-42,44717;SPRF-PI;DEL01-PI;UOP01-DEL01-PI;;;
696072;05/06/2025;quinta-feira;18:09:00;ES;101;264;SERRA;Rea��o tardia ou ineficiente do condutor;Colis�o lateral mesmo sentido;Com V�timas Feridas;Plena Noite;Decrescente;C�u Claro;Dupla;Reta;Sim;2;0;0;1;0;1;1;2;-20,179607;-40,265201;SPRF-ES;DEL02-ES;UOP01-DEL02-ES;;;
696074;05/06/2025;quinta-feira;18:00:00;RN;304;47;MOSSORO;Acessar a via sem observar a presen�a dos outros ve�culos;Colis�o lateral mesmo sentido;Com V�timas Feridas;Plena Noite;Decrescente;C�u Claro;Dupla;Interse��o de Vias;Sim;3;0;2;0;0;1;2;2;-5,226016;-37,326109;SPRF-RN;DEL04-RN;UOP01-DEL04-RN;;;
696075;05/06/2025;quinta-feira;18:00:00;RN;304;55,6;MOSSORO;Acostamento em desn�vel;Colis�o traseira;Com V�timas Feridas;Plena Noite;Decrescente;C�u Claro;Simples;"Reta;Ponte";N�o;5;0;4;0;1;0;4;2;-5,2884;-37,2888;SPRF-RN;DEL04-RN;UOP01-DEL04-RN;;;
696076;05/06/2025;quinta-feira;16:28:00;RO;364;337;JI-PARANA;Manobra de mudan�a de faixa;Colis�o lateral mesmo sentido;Com V�timas Feridas;Pleno dia;Decrescente;C�u Claro;M�ltipla;Reta;N�o;3;0;1;0;2;0;1;2;-10,923748;-61,92982;SPRF-RO;DEL02-RO;UOP01-DEL02-RO;;;
696077;05/06/2025;quinta-feira;18:15:00;PE;428;190,1;PETROLINA;Ingest�o de �lcool pelo condutor;Colis�o traseira;Com V�timas Feridas;Plena Noite;Decrescente;C�u Claro;Simples;Reta;Sim;3;0;1;0;1;1;1;3;-9,37922213;-40,50760794;SPRF-PE;DEL06-PE;UOP01-DEL06-PE;;;
696078;05/06/2025;quinta-feira;18:15:00;RS;470;213,5;BENTO GONCALVES;Retorno proibido;Colis�o transversal;Com V�timas Feridas;Plena Noite;Crescente;Nublado;Simples;Reta;Sim;3;0;1;0;2;0;1;2;-29,14812194;-51,53128322;SPRF-RS;DEL06-RS;UOP01-DEL06-RS;;;
696079;05/06/2025;quinta-feira;18:30:00;RS;290;77;GRAVATAI;Afundamento ou ondula��o no pavimento;Queda de ocupante de ve�culo;Com V�timas Feridas;Plena Noite;Decrescente;Nublado;M�ltipla;Reta;N�o;1;0;1;0;0;0;1;1;-29,95537943;-51,02715183;SPRF-RS;DEL01-RS;UOP01-DEL01-RS;;;
696080;05/06/2025;quinta-feira;18:00:00;ES;262;26,9;VIANA;Manobra de mudan�a de faixa;Colis�o lateral mesmo sentido;Com V�timas Feridas;Anoitecer;Decrescente;Nublado;Simples;Curva;N�o;2;0;1;0;0;1;1;2;-20,38294909;-40,55124521;SPRF-ES;DEL01-ES;UOP01-DEL01-ES;;;
696084;05/06/2025;quinta-feira;18:45:00;PB;230;307,9;SAO MAMEDE;Animais na Pista;Atropelamento de Animal;Com V�timas Feridas;Plena Noite;Crescente;C�u Claro;Simples;Reta;N�o;2;0;2;0;0;0;2;1;-6,920715;-37,046963;SPRF-PB;DEL03-PB;UOP01-DEL03-PB;;;
696085;05/06/2025;quinta-feira;18:00:00;MS;262;450,2;DOIS IRMAOS DO BURITI;Rea��o tardia ou ineficiente do condutor;Colis�o frontal;Com V�timas Feridas;Anoitecer;Crescente;Nublado;Simples;"Reta;Declive";N�o;2;0;2;0;0;0;2;2;-20,54562;-55,45823;SPRF-MS;DEL03-MS;UOP01-DEL03-MS;;;
696087;05/06/2025;quinta-feira;18:20:00;PE;101;64;RECIFE;Transitar no Acostamento;Colis�o lateral mesmo sentido;Com V�timas Feridas;Plena Noite;Decrescente;C�u Claro;Dupla;Reta;Sim;3;0;1;0;2;0;1;2;-8,02116;-34,942393;SPRF-PE;DEL01-PE;UOP01-DEL01-PE;;;
696088;05/06/2025;quinta-feira;18:26:00;MS;163;413,5;NOVA ALVORADA DO SUL;Animais na Pista;Atropelamento de Animal;Com V�timas Feridas;Plena Noite;Decrescente;C�u Claro;Simples;Reta;N�o;1;0;1;0;0;0;1;1;-21,048175;-54,499832;SPRF-MS;DEL02-MS;UOP01-DEL02-MS;;;
696090;05/06/2025;quinta-feira;17:10:00;MT;163;838;SINOP;Manobra de mudan�a de faixa;Colis�o lateral mesmo sentido;Com V�timas Feridas;Pleno dia;Decrescente;C�u Claro;Simples;Reta;Sim;3;0;1;0;2;0;1;2;-11,83438;-55,48898;SPRF-MT;DEL06-MT;UOP02-DEL06-MT;;;
696091;05/06/2025;quinta-feira;17:25:00;PE;408;58;CARPINA;Aus�ncia de rea��o do condutor;Colis�o transversal;Com V�timas Feridas;Anoitecer;Crescente;Nublado;M�ltipla;"Interse��o de Vias;Reta";Sim;2;0;1;0;1;0;1;2;-7,85292;-35,2278;SPRF-PE;DEL01-PE;UOP01-DEL01-PE;;;
696092;05/06/2025;quinta-feira;18:00:00;MS;158;6;CASSILANDIA;Aus�ncia de rea��o do condutor;Colis�o traseira;Sem V�timas;Plena Noite;Crescente;C�u Claro;Simples;Reta;N�o;2;0;0;0;2;0;0;2;-19,12765324;-51,71607971;SPRF-MS;DEL08-MS;UOP01-DEL08-MS;;;
696093;05/06/2025;quinta-feira;19:25:00;MG;381;478;CONTAGEM;Aus�ncia de rea��o do condutor;Colis�o lateral mesmo sentido;Sem V�timas;Plena Noite;Decrescente;C�u Claro;Dupla;Reta;Sim;3;0;0;0;3;0;0;3;-19,96304041;-44,04105806;SPRF-MG;DEL01-MG;UOP03-DEL01-MG;;;