id;data_inversa;dia_semana;horario;uf;br;km;municipio;causa_acidente;tipo_acidente;classificacao_acidente;fase_dia;sentido_via;condicao_metereologica;tipo_pista;tracado_via;uso_solo;pessoas;mortos;feridos_leves;feridos_graves;ilesos;ignorados;feridos;veiculos;latitude;longitude;regional;delegacia;uop;;;
696094;05/06/2025;quinta-feira;18:00:00;SC;116;251,3;LAGES;Desrespeitar a prefer�ncia no cruzamento;Colis�o transversal;Com V�timas Feridas;Plena Noite;Decrescente;Nublado;M�ltipla;"Interse��o de Vias;Rotat�ria";N�o;2;0;1;0;1;0;1;2;-27,84718727;-50,37933111;SPRF-SC;DEL05-SC;UOP02-DEL05-SC;;;
696095;05/06/2025;quinta-feira;18:40:00;DF;20;10;BRASILIA;Acessar a via sem observar a presen�a dos outros ve�culos;Colis�o transversal;Com V�timas Feridas;Plena Noite;Crescente;C�u Claro;Dupla;Interse��o de Vias;Sim;2;0;1;0;1;0;1;2;-15,64885708;-47,77135402;SPRF-DF;DEL02-DF;UOP01-DEL02-DF;;;
696097;05/06/2025;quinta-feira;16:45:00;SC;101;386,1;ICARA;Desrespeitar a prefer�ncia no cruzamento;Colis�o transversal;Com V�timas Feridas;Pleno dia;Decrescente;Garoa/Chuvisco;Simples;"Interse��o de Vias;Declive;Viaduto";N�o;3;0;2;0;1;0;2;2;-28,78608548;-49,33820335;SPRF-SC;DEL02-SC;UOP02-DEL02-SC;;;
696101;05/06/2025;quinta-feira;18:40:00;RJ;116;182,5;NOVA IGUACU;Condutor deixou de manter dist�ncia do ve�culo da frente;Colis�o traseira;Com V�timas Feridas;Plena Noite;Crescente;C�u Claro;M�ltipla;Reta;Sim;3;0;1;0;2;0;1;2;-22,755572;-43,4328;SPRF-RJ;DEL06-RJ;UOP01-DEL06-RJ;;;
696102;05/06/2025;quinta-feira;20:30:00;SC;101;198;BIGUACU;Aus�ncia de rea��o do condutor;Tombamento;Com V�timas Feridas;Plena Noite;Decrescente;Nublado;M�ltipla;Reta;N�o;2;0;1;0;1;0;1;1;-27,525052;-48,635826;SPRF-SC;DEL01-SC;UOP01-DEL01-SC;;;
696103;05/06/2025;quinta-feira;19:00:00;MG;381;755;TRES CORACOES;Aus�ncia de rea��o do condutor;Queda de ocupante de ve�culo;Com V�timas Feridas;Plena Noite;Decrescente;C�u Claro;Dupla;Reta;Sim;1;0;0;1;0;0;1;1;-21,673856;-45,336385;SPRF-MG;DEL16-MG;UOP02-DEL16-MG;;;
696104;05/06/2025;quinta-feira;20:15:00;ES;101;259;SERRA;Aus�ncia de rea��o do condutor;Queda de ocupante de ve�culo;Com V�timas Fatais;Plena Noite;Decrescente;Nublado;Dupla;Reta;Sim;3;2;0;0;1;0;0;2;-20,13930636;-40,29233694;SPRF-ES;DEL02-ES;UOP01-DEL02-ES;;;
696108;05/06/2025;quinta-feira;20:45:00;RJ;116;177;SAO JOAO DE MERITI;Aus�ncia de rea��o do condutor;Colis�o traseira;Com V�timas Feridas;Plena Noite;Crescente;C�u Claro;Dupla;Reta;Sim;2;0;1;0;1;0;1;2;-22,78121;-43,390302;SPRF-RJ;DEL06-RJ;UOP01-DEL06-RJ;;;
696110;05/06/2025;quinta-feira;16:40:00;BA;242;754;CRISTOPOLIS;Entrada inopinada do pedestre;Atropelamento de Pedestre;Com V�timas Feridas;Pleno dia;Decrescente;C�u Claro;Simples;"Reta;Aclive";N�o;4;0;0;1;3;0;1;2;-12,217585;-44,446595;SPRF-BA;DEL10-BA;UOP01-DEL10-BA;;;
696111;05/06/2025;quinta-feira;19:40:00;PE;101;70;RECIFE;Condutor deixou de manter dist�ncia do ve�culo da frente;Colis�o traseira;Com V�timas Feridas;Plena Noite;Decrescente;Nublado;Dupla;Viaduto;N�o;3;0;0;2;1;0;2;2;-8,068588;-34,940792;SPRF-PE;DEL01-PE;UOP01-DEL01-PE;;;
696112;05/06/2025;quinta-feira;21:05:00;SC;101;140,5;BALNEARIO CAMBORIU;Manobra de mudan�a de faixa;Colis�o lateral mesmo sentido;Com V�timas Feridas;Plena Noite;Decrescente;Nublado;Dupla;"T�nel;Reta";N�o;3;0;1;0;2;0;1;2;-27,04263;-48,60077;SPRF-SC;DEL04-SC;UOP03-DEL04-SC;;;
696113;05/06/2025;quinta-feira;18:45:00;GO;153;700;ITUMBIARA;Pedestre andava na pista;Atropelamento de Pedestre;Com V�timas Feridas;Plena Noite;Crescente;Ignorado;Simples;Reta;Sim;3;0;2;0;1;0;2;2;-18,2910711;-49,2386088;SPRF-GO;DEL03-GO;UOP02-DEL03-GO;;;
696114;05/06/2025;quinta-feira;17:50:00;MG;262;11,3;MARTINS SOARES;Acessar a via sem observar a presen�a dos outros ve�culos;Colis�o transversal;Com V�timas Feridas;Anoitecer;Decrescente;C�u Claro;Simples;"Reta;Interse��o de Vias";N�o;2;0;1;1;0;0;2;2;-20,24415976;-41,84005737;SPRF-MG;DEL06-MG;UOP03-DEL06-MG;;;
696118;05/06/2025;quinta-feira;21:30:00;CE;222;295;TIANGUA;Acessar a via sem observar a presen�a dos outros ve�culos;Colis�o transversal;Com V�timas Feridas;Plena Noite;Crescente;Nublado;Simples;"Reta;Interse��o de Vias";Sim;2;0;0;1;1;0;1;2;-3,65919149;-40,9214494;SPRF-CE;DEL04-CE;UOP02-DEL04-CE;;;
696125;05/06/2025;quinta-feira;22:40:00;SP;116;280;ITAPECERICA DA SERRA;Rea��o tardia ou ineficiente do condutor;Colis�o lateral mesmo sentido;Com V�timas Feridas;Plena Noite;Decrescente;C�u Claro;Dupla;Reta;N�o;2;0;1;0;1;0;1;2;-23,64364657;-46,83913205;SPRF-SP;DEL04-SP;UOP01-DEL04-SP;;;
696127;05/06/2025;quinta-feira;22:40:00;SC;101;155,1;PORTO BELO;Animais na Pista;Atropelamento de Animal;Com V�timas Feridas;Plena Noite;Crescente;C�u Claro;M�ltipla;Reta;Sim;1;0;1;0;0;0;1;1;-27,16365457;-48,61144273;SPRF-SC;DEL04-SC;UOP03-DEL04-SC;;;
696128;05/06/2025;quinta-feira;21:40:00;MG;381;167,9;GOVERNADOR VALADARES;Ingest�o de �lcool pelo condutor;Tombamento;Com V�timas Feridas;Plena Noite;Crescente;C�u Claro;Simples;Reta;N�o;1;0;1;0;0;0;1;1;-18,93605288;-42,0524139;SPRF-MG;DEL06-MG;UOP01-DEL06-MG;;;
696129;05/06/2025;quinta-feira;23:18:00;ES;101;133,6;LINHARES;Demais falhas mec�nicas ou el�tricas;Tombamento;Com V�timas Feridas;Plena Noite;Decrescente;C�u Claro;Simples;Reta;N�o;2;0;2;0;0;0;2;1;-19,25379315;-40,09013796;SPRF-ES;DEL04-ES;UOP01-DEL04-ES;;;
696130;05/06/2025;quinta-feira;16:15:00;GO;153;172;CAMPINORTE;Rea��o tardia ou ineficiente do condutor;Colis�o transversal;Com V�timas Feridas;Pleno dia;Crescente;C�u Claro;Simples;Reta;Sim;6;0;5;0;1;0;5;2;-14,285447;-49,149528;SPRF-GO;DEL07-GO;UOP02-DEL07-GO;;;
696131;05/06/2025;quinta-feira;19:10:00;PA;10;162;PARAGOMINAS;Aus�ncia de rea��o do condutor;Colis�o frontal;Com V�timas Feridas;Anoitecer;Crescente;C�u Claro;Simples;Reta;N�o;2;0;1;0;1;0;1;2;-3,01841;-47,4632;SPRF-PA;DEL02-PA;UOP01-DEL02-PA;;;
696132;06/06/2025;sexta-feira;01:15:00;PI;343;0;TERESINA;Acumulo de areia ou detritos sobre o pavimento;Queda de ocupante de ve�culo;Com V�timas Feridas;Plena Noite;Crescente;C�u Claro;Dupla;Curva;Sim;2;0;2;0;0;0;2;1;-5,06827167;-42,73225576;SPRF-PI;DEL01-PI;UOP01-DEL01-PI;;;
696133;06/06/2025;sexta-feira;00:20:00;PB;101;81,3;BAYEUX;Velocidade Incompat�vel;Capotamento;Com V�timas Feridas;Plena Noite;Crescente;C�u Claro;Dupla;Reta;Sim;2;0;1;1;0;0;2;1;-7,126693;-34,941986;SPRF-PB;DEL01-PB;UOP01-DEL01-PB;;;
696136;05/06/2025;quinta-feira;19:00:00;DF;40;5;BRASILIA;Condutor deixou de manter dist�ncia do ve�culo da frente;Queda de ocupante de ve�culo;Com V�timas Feridas;Plena Noite;Decrescente;C�u Claro;Dupla;Reta;Sim;1;0;0;1;0;0;1;1;-16,03558483;-47,98656464;SPRF-DF;DEL01-DF;UOP01-DEL01-DF;;;
696138;06/06/2025;sexta-feira;03:00:00;ES;101;264;SERRA;Ingest�o de �lcool pelo condutor;Colis�o com objeto;Sem V�timas;Plena Noite;Crescente;C�u Claro;M�ltipla;Interse��o de Vias;Sim;1;0;0;0;1;0;0;1;-20,17789511;-40,26540667;SPRF-ES;DEL02-ES;UOP01-DEL02-ES;;;
696139;06/06/2025;sexta-feira;03:30:00;MG;365;756,3;ITUIUTABA;Rea��o tardia ou ineficiente do condutor;Sa�da de leito carro��vel;Sem V�timas;Plena Noite;Crescente;C�u Claro;Dupla;"Reta;Interse��o de Vias;Retorno Regulamentado";N�o;1;0;0;0;0;1;0;1;-18,96563501;-49,50633;SPRF-MG;DEL15-MG;UOP03-DEL15-MG;;;
696141;06/06/2025;sexta-feira;04:20:00;SC;280;31,9;ARAQUARI;Velocidade Incompat�vel;Capotamento;Com V�timas Feridas;Plena Noite;Decrescente;Nublado;Simples;Curva;N�o;2;0;1;0;1;0;1;1;-26,419692;-48,778697;SPRF-SC;DEL03-SC;UOP03-DEL03-SC;;;
696142;06/06/2025;sexta-feira;05:00:00;CE;116;41;HORIZONTE;Transitar no Acostamento;Colis�o frontal;Com V�timas Feridas;Amanhecer;Decrescente;Nublado;Dupla;Curva;Sim;3;0;1;0;0;2;1;2;-4,1132156;-38,4894275;SPRF-CE;DEL01-CE;UOP02-DEL01-CE;;;
696143;06/06/2025;sexta-feira;04:20:00;AL;316;244;ATALAIA;Aus�ncia de rea��o do condutor;Colis�o traseira;Com V�timas Feridas;Plena Noite;Crescente;C�u Claro;Simples;Reta;N�o;2;0;0;1;1;0;1;2;-9,51329426;-36,00296371;SPRF-AL;DEL01-AL;UOP01-DEL01-AL;;;
696146;06/06/2025;sexta-feira;06:25:00;CE;116;41;HORIZONTE;Condutor deixou de manter dist�ncia do ve�culo da frente;Colis�o traseira;Sem V�timas;Pleno dia;Decrescente;C�u Claro;M�ltipla;Curva;Sim;2;0;0;0;2;0;0;2;-4,1131882;-38,4893975;SPRF-CE;DEL01-CE;UOP02-DEL01-CE;;;
696147;06/06/2025;sexta-feira;06:34:00;PB;230;26,4;JOAO PESSOA;Rea��o tardia ou ineficiente do condutor;Queda de ocupante de ve�culo;Com V�timas Feridas;Pleno dia;Decrescente;Sol;Dupla;"Reta;Aclive";Sim;1;0;1;0;0;0;1;1;-7,168938;-34,882387;SPRF-PB;DEL01-PB;UOP01-DEL01-PB;;;
696149;05/06/2025;quinta-feira;23:40:00;PR;153;353;REBOUCAS;Transtornos Mentais (exceto suicidio);Queda de ocupante de ve�culo;Sem V�timas;Plena Noite;Crescente;C�u Claro;Simples;Reta;N�o;1;0;0;0;1;0;0;1;-25,630961;-50,727088;SPRF-PR;DEL08-PR;UOP02-DEL08-PR;;;
696151;06/06/2025;sexta-feira;06:45:00;PR;376;161;MARINGA;Rea��o tardia ou ineficiente do condutor;Queda de ocupante de ve�culo;Com V�timas Feridas;Pleno dia;Crescente;Nublado;Dupla;Reta;N�o;1;0;1;0;0;0;1;1;-23,38738739;-52,02174914;SPRF-PR;DEL09-PR;UOP02-DEL09-PR;;;
696154;06/06/2025;sexta-feira;06:30:00;RS;158;446,7;ROSARIO DO SUL;Aus�ncia de rea��o do condutor;Sa�da de leito carro��vel;Com V�timas Feridas;Amanhecer;Crescente;Nevoeiro/Neblina;Simples;Interse��o de Vias;N�o;4;0;1;0;3;0;1;1;-30,22977882;-54,73045349;SPRF-RS;DEL11-RS;UOP02-DEL11-RS;;;
696155;06/06/2025;sexta-feira;06:40:00;SC;280;24,1;ARAQUARI;Acessar a via sem observar a presen�a dos outros ve�culos;Colis�o transversal;Com V�timas Feridas;Amanhecer;Crescente;C�u Claro;Simples;Reta;Sim;2;0;1;0;1;0;1;2;-26,378233;-48,720792;SPRF-SC;DEL03-SC;UOP03-DEL03-SC;;;
696156;06/06/2025;sexta-feira;06:25:00;MG;40;516,2;RIBEIRAO DAS NEVES;Manobra de mudan�a de faixa;Colis�o lateral mesmo sentido;Com V�timas Feridas;Pleno dia;Crescente;C�u Claro;Dupla;"Declive;Reta";Sim;3;0;1;0;2;0;1;2;-19,81530149;-44,09083843;SPRF-MG;DEL01-MG;UOP02-DEL01-MG;;;
696157;06/06/2025;sexta-feira;05:00:00;ES;259;50,9;COLATINA;Entrada inopinada do pedestre;Atropelamento de Pedestre;Com V�timas Feridas;Amanhecer;Decrescente;Ignorado;Simples;Reta;N�o;2;0;1;0;0;1;1;2;-19,504339;-40,61366558;SPRF-ES;DEL02-ES;UOP01-DEL02-ES;;;
696159;06/06/2025;sexta-feira;07:10:00;RJ;116;174,9;SAO JOAO DE MERITI;Manobra de mudan�a de faixa;Colis�o lateral mesmo sentido;Com V�timas Feridas;Amanhecer;Decrescente;C�u Claro;M�ltipla;Reta;Sim;3;0;2;0;1;0;2;2;-22,77903044;-43,39532822;SPRF-RJ;DEL06-RJ;UOP01-DEL06-RJ;;;
696160;06/06/2025;sexta-feira;01:10:00;RJ;465;5;SEROPEDICA;Ultrapassagem Indevida;Colis�o frontal;Com V�timas Feridas;Plena Noite;Decrescente;C�u Claro;Simples;Reta;Sim;3;0;2;1;0;0;3;2;-22,74482397;-43,70190589;SPRF-RJ;DEL06-RJ;UOP02-DEL06-RJ;;;
696161;06/06/2025;sexta-feira;07:40:00;SP;153;75,1;BADY BASSITT;Aus�ncia de rea��o do condutor;Colis�o traseira;Com V�timas Feridas;Pleno dia;Decrescente;Nublado;Dupla;Aclive;Sim;2;0;1;0;1;0;1;2;-20,89418221;-49,43387582;SPRF-SP;DEL09-SP;UOP01-DEL09-SP;;;
696163;06/06/2025;sexta-feira;05:50:00;MS;376;140;IVINHEMA;Aus�ncia de rea��o do condutor;Sa�da de leito carro��vel;Com V�timas Fatais;Pleno dia;Crescente;C�u Claro;Simples;Reta;N�o;2;1;1;0;0;0;1;1;-22,39198367;-53,62564087;SPRF-MS;DEL04-MS;UOP04-DEL04-MS;;;
696164;06/06/2025;sexta-feira;07:30:00;CE;116;1;FORTALEZA;Rea��o tardia ou ineficiente do condutor;Colis�o traseira;Com V�timas Feridas;Pleno dia;Decrescente;Sol;M�ltipla;Reta;Sim;5;0;4;0;1;0;4;3;-3,764991;-38,5182;SPRF-CE;DEL01-CE;UOP02-DEL01-CE;;;
696168;06/06/2025;sexta-feira;07:32:00;RN;101;104;PARNAMIRIM;Aus�ncia de rea��o do condutor;Colis�o traseira;Com V�timas Feridas;Pleno dia;Decrescente;C�u Claro;Dupla;Reta;Sim;4;0;1;0;3;0;1;3;-5,89769457;-35,25826465;SPRF-RN;DEL01-RN;UOP01-DEL01-RN;;;
696169;06/06/2025;sexta-feira;07:20:00;MG;251;498,5;FRANCISCO SA;Velocidade Incompat�vel;Sa�da de leito carro��vel;Com V�timas Feridas;Pleno dia;Crescente;C�u Claro;Simples;Reta;N�o;5;0;5;0;0;0;5;1;-16,567083;-43,620432;SPRF-MG;DEL12-MG;UOP01-DEL12-MG;;;
696170;06/06/2025;sexta-feira;07:45:00;RS;290;125,3;ELDORADO DO SUL;Acessar a via sem observar a presen�a dos outros ve�culos;Colis�o transversal;Com V�timas Feridas;Amanhecer;Decrescente;C�u Claro;Simples;Reta;N�o;2;0;1;0;1;0;1;2;-30,0362262;-51,3276876;SPRF-RS;DEL02-RS;UOP01-DEL02-RS;;;
696172;06/06/2025;sexta-feira;08:25:00;SE;235;49;ITABAIANA;Acessar a via sem observar a presen�a dos outros ve�culos;Colis�o transversal;Com V�timas Feridas;Pleno dia;Decrescente;Chuva;Simples;Reta;Sim;2;0;0;1;1;0;1;2;-10,7057143;-37,4274347;SPRF-SE;DEL01-SE;UOP02-DEL01-SE;;;
696173;06/06/2025;sexta-feira;08:00:00;GO;60;381;RIO VERDE;Aus�ncia de rea��o do condutor;Colis�o com objeto;Com V�timas Feridas;Pleno dia;Crescente;C�u Claro;Simples;Viaduto;Sim;1;0;1;0;0;0;1;1;-17,785995;-50,901562;SPRF-GO;DEL04-GO;UOP02-DEL04-GO;;;
696174;05/06/2025;quinta-feira;17:30:00;SC;116;139,6;SANTA CECILIA;Condutor deixou de manter dist�ncia do ve�culo da frente;Colis�o traseira;Sem V�timas;Pleno dia;Decrescente;Garoa/Chuvisco;Simples;"Aclive;Reta";Sim;4;0;0;0;4;0;0;2;-26,9642962;-50,4114812;SPRF-SC;DEL06-SC;UOP02-DEL06-SC;;;
696175;06/06/2025;sexta-feira;08:00:00;PR;376;629;SAO JOSE DOS PINHAIS;Rea��o tardia ou ineficiente do condutor;Tombamento;Com V�timas Feridas;Pleno dia;Decrescente;Nublado;Dupla;Reta;N�o;1;0;1;0;0;0;1;1;-25,696958;-49,144131;SPRF-PR;DEL01-PR;UOP04-DEL01-PR;;;
696176;06/06/2025;sexta-feira;08:15:00;RN;110;49,3;MOSSORO;Acessar a via sem observar a presen�a dos outros ve�culos;Colis�o lateral mesmo sentido;Com V�timas Feridas;Pleno dia;Decrescente;Nublado;Dupla;"Reta;Retorno Regulamentado";Sim;2;0;0;1;0;1;1;2;-5,218768;-37,32782;SPRF-RN;DEL04-RN;UOP01-DEL04-RN;;;
696179;06/06/2025;sexta-feira;08:00:00;PI;316;2,6;TERESINA;Condutor deixou de manter dist�ncia do ve�culo da frente;Colis�o traseira;Com V�timas Feridas;Pleno dia;Decrescente;Sol;M�ltipla;Reta;Sim;2;0;1;0;0;1;1;2;-5,130383;-42,791962;SPRF-PI;DEL01-PI;UOP02-DEL01-PI;;;
696180;06/06/2025;sexta-feira;08:05:00;GO;70;7;AGUAS LINDAS DE GOIAS;Manobra de mudan�a de faixa;Colis�o traseira;Sem V�timas;Pleno dia;Decrescente;C�u Claro;Dupla;"Curva;Declive";Sim;1;0;0;0;1;0;0;1;-15,73621469;-48,27645543;SPRF-DF;DEL03-DF;UOP02-DEL03-DF;;;
696183;06/06/2025;sexta-feira;08:00:00;GO;70;7;AGUAS LINDAS DE GOIAS;Acessar a via sem observar a presen�a dos outros ve�culos;Colis�o lateral mesmo sentido;Com V�timas Feridas;Pleno dia;Decrescente;C�u Claro;Dupla;"Curva;Declive";Sim;2;0;1;0;1;0;1;2;-15,736179;-48,276638;SPRF-DF;DEL03-DF;UOP02-DEL03-DF;;;
696187;06/06/2025;sexta-feira;01:30:00;RJ;40;108;DUQUE DE CAXIAS;Rea��o tardia ou ineficiente do condutor;Queda de ocupante de ve�culo;Com V�timas Feridas;Anoitecer;Decrescente;Nublado;Simples;Curva;Sim;1;0;1;0;0;0;1;1;-22,671852;-43,284377;SPRF-RJ;DEL01-RJ;UOP02-DEL01-RJ;;;
696189;06/06/2025;sexta-feira;07:15:00;PR;153;103,4;JAPIRA;Acessar a via sem observar a presen�a dos outros ve�culos;Colis�o transversal;Com V�timas Feridas;Pleno dia;Decrescente;Nublado;Simples;Reta;N�o;3;0;2;0;1;0;2;2;-23,80003104;-50,17983913;SPRF-PR;DEL07-PR;UOP04-DEL07-PR;;;
696190;06/06/2025;sexta-feira;08:00:00;PA;230;119;MARABA;Condutor deixou de manter dist�ncia do ve�culo da frente;Colis�o traseira;Sem V�timas;Pleno dia;Crescente;C�u Claro;Dupla;Reta;Sim;4;0;0;0;3;1;0;4;-5,35037015;-49,11355376;SPRF-PA;DEL03-PA;UOP01-DEL03-PA;;;
696191;06/06/2025;sexta-feira;08:50:00;SC;101;200,6;SAO JOSE;Aus�ncia de rea��o do condutor;Colis�o traseira;Com V�timas Feridas;Pleno dia;Crescente;C�u Claro;Dupla;Reta;Sim;3;0;1;0;2;0;1;3;-27,545394;-48,621486;SPRF-SC;DEL01-SC;UOP01-DEL01-SC;;;
696192;05/06/2025;quinta-feira;22:28:00;MG;381;558;RIO MANSO;Manobra de mudan�a de faixa;Sa�da de leito carro��vel;Sem V�timas;Plena Noite;Decrescente;C�u Claro;Dupla;Curva;N�o;1;0;0;0;0;1;0;1;-20,27097348;-44,42484856;SPRF-MG;DEL04-MG;UOP03-DEL04-MG;;;
696193;06/06/2025;sexta-feira;09:35:00;BA;324;617;SALVADOR;Aus�ncia de rea��o do condutor;Queda de ocupante de ve�culo;Com V�timas Feridas;Pleno dia;Crescente;Chuva;Dupla;Reta;Sim;1;0;1;0;0;0;1;1;-12,897753;-38,449873;SPRF-BA;DEL01-BA;UOP01-DEL01-BA;;;
696195;06/06/2025;sexta-feira;08:30:00;BA;324;621;SALVADOR;Trafegar com motocicleta (ou similar) entre as faixas;Colis�o lateral mesmo sentido;Com V�timas Feridas;Pleno dia;Crescente;Nublado;Dupla;Reta;Sim;3;0;2;0;1;0;2;2;-12,9170504;-38,46160054;SPRF-BA;DEL01-BA;UOP01-DEL01-BA;;;
696196;06/06/2025;sexta-feira;10:10:00;MG;381;351,8;JOAO MONLEVADE;Manobra de mudan�a de faixa;Colis�o lateral mesmo sentido;Com V�timas Feridas;Pleno dia;Crescente;C�u Claro;Simples;Reta;Sim;2;0;1;0;1;0;1;2;-19,8499616;-43,1510481;SPRF-MG;DEL03-MG;UOP01-DEL03-MG;;;
696197;06/06/2025;sexta-feira;09:50:00;SE;235;4;NOSSA SENHORA DO SOCORRO;Aus�ncia de rea��o do condutor;Colis�o traseira;Sem V�timas;Pleno dia;Crescente;C�u Claro;Dupla;Reta;Sim;3;0;0;0;3;0;0;3;-10,90609105;-37,11309314;SPRF-SE;DEL01-SE;UOP01-DEL01-SE;;;
696198;06/06/2025;sexta-feira;10:35:00;GO;40;3;VALPARAISO DE GOIAS;Aus�ncia de rea��o do condutor;Colis�o traseira;Sem V�timas;Pleno dia;Decrescente;C�u Claro;Dupla;Reta;Sim;2;0;0;0;2;0;0;2;-16,08045808;-47,98620142;SPRF-DF;DEL01-DF;UOP01-DEL01-DF;;;
696200;06/06/2025;sexta-feira;08:20:00;MG;356;266,1;MURIAE;Desrespeitar a prefer�ncia no cruzamento;Colis�o transversal;Com V�timas Feridas;Pleno dia;Decrescente;C�u Claro;Simples;"Curva;Interse��o de Vias";Sim;2;0;0;1;1;0;1;2;-21,12850901;-42,36367889;SPRF-MG;DEL07-MG;UOP02-DEL07-MG;;;
696206;06/06/2025;sexta-feira;10:45:00;PR;116;89;PIRAQUARA;Rea��o tardia ou ineficiente do condutor;Sa�da de leito carro��vel;Com V�timas Feridas;Pleno dia;Crescente;Nublado;M�ltipla;"Reta;Aclive";Sim;1;0;1;0;0;0;1;1;-25,479833;-49,101707;SPRF-PR;DEL01-PR;UOP07-DEL01-PR;;;
696207;06/06/2025;sexta-feira;10:00:00;RJ;116;21;NOVA IGUACU;Acessar a via sem observar a presen�a dos outros ve�culos;Colis�o transversal;Com V�timas Feridas;Pleno dia;Decrescente;Nublado;Simples;Reta;Sim;3;0;1;0;2;0;1;2;-22,85681716;-43,60189788;SPRF-RJ;DEL05-RJ;UOP01-DEL05-RJ;;;
696209;24/04/2025;quinta-feira;00:20:00;RJ;101;310;SAO GONCALO;Condutor deixou de manter dist�ncia do ve�culo da frente;Colis�o traseira;Com V�timas Feridas;Plena Noite;Crescente;C�u Claro;Dupla;Reta;Sim;2;0;1;0;1;0;1;2;-22,80108175;-43,05387497;SPRF-RJ;DEL02-RJ;UOP02-DEL02-RJ;;;
696211;06/06/2025;sexta-feira;10:30:00;BA;407;102;JAGUARARI;Convers�o proibida;Colis�o transversal;Com V�timas Feridas;Pleno dia;Decrescente;Nublado;Simples;"Reta;Declive";Sim;3;0;0;1;2;0;1;2;-10,2542918;-40,19287348;SPRF-BA;DEL04-BA;UOP01-DEL04-BA;;;
696212;06/06/2025;sexta-feira;09:30:00;MG;116;314;ITAMBACURI;Mal s�bito do condutor;Sa�da de leito carro��vel;Com V�timas Feridas;Pleno dia;Crescente;C�u Claro;Simples;Reta;N�o;1;0;1;0;0;0;1;1;-18,104285;-41,690327;SPRF-MG;DEL11-MG;UOP01-DEL11-MG;;;
696213;06/06/2025;sexta-feira;09:50:00;MA;316;597;TIMON;Demais falhas mec�nicas ou el�tricas;Tombamento;Com V�timas Feridas;Pleno dia;Decrescente;C�u Claro;Simples;Reta;N�o;2;0;2;0;0;0;2;1;-5,02006734;-42,97942758;SPRF-MA;DEL03-MA;UOP02-DEL03-MA;;;
696214;06/06/2025;sexta-feira;11:58:00;SP;381;52;ATIBAIA;Rea��o tardia ou ineficiente do condutor;Colis�o traseira;Sem V�timas;Pleno dia;Decrescente;Garoa/Chuvisco;Dupla;"Curva;Declive";N�o;2;0;0;0;1;1;0;2;-23,2344988;-46,6018743;SPRF-SP;DEL03-SP;UOP01-DEL03-SP;;;
696216;06/06/2025;sexta-feira;12:20:00;ES;101;140,5;LINHARES;Rea��o tardia ou ineficiente do condutor;Colis�o traseira;Com V�timas Feridas;Pleno dia;Crescente;C�u Claro;Simples;Reta;Sim;3;0;0;1;2;0;1;2;-19,322767;-40,073838;SPRF-ES;DEL04-ES;UOP01-DEL04-ES;;;
696217;06/06/2025;sexta-feira;12:20:00;SC;101;49;JOINVILLE;Avarias e/ou desgaste excessivo no pneu;Tombamento;Com V�timas Feridas;Pleno dia;Crescente;Nublado;Dupla;Curva;N�o;2;0;1;0;1;0;1;1;-26,38447797;-48,84993251;SPRF-SC;DEL03-SC;UOP01-DEL03-SC;;;
696219;06/06/2025;sexta-feira;13:00:00;MG;116;554,1;SANTA BARBARA DO LESTE;Aus�ncia de rea��o do condutor;Tombamento;Com V�timas Feridas;Pleno dia;Crescente;C�u Claro;Simples;Curva;N�o;1;0;1;0;0;0;1;1;-20,00885892;-42,14271784;SPRF-MG;DEL06-MG;UOP02-DEL06-MG;;;
696220;26/05/2025;segunda-feira;09:00:00;RJ;116;186;NOVA IGUACU;Ultrapassagem Indevida;Colis�o lateral mesmo sentido;Com V�timas Feridas;Pleno dia;Crescente;C�u Claro;Dupla;Reta;N�o;2;0;0;1;1;0;1;2;-22,737781;-43,48795128;SPRF-RJ;DEL06-RJ;UOP01-DEL06-RJ;;;
696221;06/06/2025;sexta-feira;12:30:00;RJ;116;324;ITATIAIA;Demais falhas mec�nicas ou el�tricas;Colis�o traseira;Sem V�timas;Pleno dia;Decrescente;C�u Claro;Simples;Reta;N�o;9;0;0;0;9;0;0;3;-22,49514086;-44,569599;SPRF-RJ;DEL07-RJ;UOP02-DEL07-RJ;;;
696222;05/06/2025;quinta-feira;21:00:00;PI;407;557;PAULISTANA;Animais na Pista;Atropelamento de Animal;Com V�timas Feridas;Plena Noite;Crescente;C�u Claro;Simples;Reta;N�o;2;0;2;0;0;0;2;1;-8,03014;-41,17701;SPRF-PI;DEL04-PI;UOP01-DEL04-PI;;;
696223;06/06/2025;sexta-feira;11:10:00;RO;364;343;JI-PARANA;Acesso irregular;Colis�o traseira;Com V�timas Feridas;Pleno dia;Decrescente;C�u Claro;M�ltipla;"Reta;Interse��o de Vias";Sim;2;0;1;0;1;0;1;2;-10,879717;-61,943967;SPRF-RO;DEL02-RO;UOP01-DEL02-RO;;;
696224;06/06/2025;sexta-feira;10:00:00;RO;364;377,7;OURO PRETO DO OESTE;Ingest�o de �lcool pelo condutor;Colis�o com objeto;Sem V�timas;Pleno dia;Crescente;C�u Claro;Simples;Declive;N�o;2;0;0;0;2;0;0;1;-10,741856;-62,206939;SPRF-RO;DEL02-RO;UOP01-DEL02-RO;;;