id;data_inversa;dia_semana;horario;uf;br;km;municipio;causa_acidente;tipo_acidente;classificacao_acidente;fase_dia;sentido_via;condicao_metereologica;tipo_pista;tracado_via;uso_solo;pessoas;mortos;feridos_leves;feridos_graves;ilesos;ignorados;feridos;veiculos;latitude;longitude;regional;delegacia;uop;;;
696225;06/06/2025;sexta-feira;11:40:00;GO;40;3;VALPARAISO DE GOIAS;Condutor deixou de manter dist�ncia do ve�culo da frente;Engavetamento;Com V�timas Feridas;Pleno dia;Crescente;C�u Claro;Dupla;Reta;N�o;3;0;1;0;2;0;1;3;-16,0726179;-47,9866659;SPRF-DF;DEL01-DF;UOP01-DEL01-DF;;;
696226;06/06/2025;sexta-feira;13:15:00;SC;280;55,5;GUARAMIRIM;Desrespeitar a prefer�ncia no cruzamento;Colis�o transversal;Com V�timas Feridas;Pleno dia;Crescente;C�u Claro;Dupla;Rotat�ria;Sim;2;0;1;0;1;0;1;2;-26,478892;-49,001024;SPRF-SC;DEL03-SC;UOP03-DEL03-SC;;;
696228;06/06/2025;sexta-feira;10:45:00;RJ;101;60;CAMPOS DOS GOYTACAZES;Rea��o tardia ou ineficiente do condutor;Queda de ocupante de ve�culo;Com V�timas Feridas;Pleno dia;Crescente;C�u Claro;Simples;Curva;Sim;2;0;1;0;1;0;1;2;-21,7227882;-41,3185784;SPRF-RJ;DEL08-RJ;UOP01-DEL08-RJ;;;
696229;06/06/2025;sexta-feira;13:15:00;MG;116;277;TEOFILO OTONI;Aus�ncia de rea��o do condutor;Colis�o lateral mesmo sentido;Com V�timas Feridas;Pleno dia;Decrescente;C�u Claro;Simples;Reta;Sim;2;0;1;0;1;0;1;2;-17,86530715;-41,51601665;SPRF-MG;DEL11-MG;UOP01-DEL11-MG;;;
696231;06/06/2025;sexta-feira;10:40:00;MS;158;141,3;APARECIDA DO TABOADO;Aus�ncia de rea��o do condutor;Engavetamento;Com V�timas Feridas;Pleno dia;Crescente;C�u Claro;Simples;"Reta;Em Obras";Sim;8;0;3;0;4;1;3;4;-20,041597;-51,113759;SPRF-MS;DEL08-MS;UOP01-DEL08-MS;;;
696232;06/06/2025;sexta-feira;11:15:00;AC;364;136;RIO BRANCO;Desrespeitar a prefer�ncia no cruzamento;Colis�o transversal;Com V�timas Feridas;Pleno dia;Decrescente;C�u Claro;Simples;Rotat�ria;Sim;3;0;1;0;2;0;1;2;-9,97728285;-67,8493309;SPRF-AC;DEL01-AC;UOP01-DEL01-AC;;;
696234;06/06/2025;sexta-feira;13:15:00;SP;381;90;SAO PAULO;Acessar a via sem observar a presen�a dos outros ve�culos;Colis�o lateral mesmo sentido;Com V�timas Feridas;Pleno dia;Decrescente;Nublado;M�ltipla;Reta;N�o;2;0;1;0;1;0;1;2;-23,4949123;-46,5607968;SPRF-SP;DEL03-SP;UOP01-DEL03-SP;;;
696235;06/06/2025;sexta-feira;08:12:00;MA;10;250;IMPERATRIZ;Ultrapassagem Indevida;Colis�o transversal;Com V�timas Feridas;Pleno dia;Crescente;C�u Claro;M�ltipla;Reta;Sim;2;0;0;1;1;0;1;2;-5,541168;-47,465956;SPRF-MA;DEL04-MA;UOP01-DEL04-MA;;;
696238;06/06/2025;sexta-feira;13:15:00;PE;423;93,2;GARANHUNS;Ultrapassagem Indevida;Queda de ocupante de ve�culo;Com V�timas Feridas;Pleno dia;Crescente;C�u Claro;Simples;"Reta;Declive";Sim;3;0;1;0;0;2;1;2;-8,87140789;-36,46588683;SPRF-PE;DEL03-PE;UOP01-DEL03-PE;;;
696241;06/06/2025;sexta-feira;13:24:00;SP;116;497;CAJATI;Rea��o tardia ou ineficiente do condutor;Tombamento;Com V�timas Feridas;Pleno dia;Decrescente;Garoa/Chuvisco;Dupla;Curva;N�o;1;0;1;0;0;0;1;1;-24,75816164;-48,1635445;SPRF-SP;DEL05-SP;UOP01-DEL05-SP;;;
696245;06/06/2025;sexta-feira;14:00:00;BA;324;620;SALVADOR;Demais falhas mec�nicas ou el�tricas;Colis�o frontal;Com V�timas Feridas;Pleno dia;Decrescente;C�u Claro;Dupla;"Reta;Viaduto";Sim;7;0;2;0;5;0;2;2;-12,915462;-38,461427;SPRF-BA;DEL01-BA;UOP01-DEL01-BA;;;
696246;06/06/2025;sexta-feira;14:30:00;PR;277;82,6;CURITIBA;Manobra de mudan�a de faixa;Colis�o lateral mesmo sentido;Com V�timas Feridas;Pleno dia;Crescente;Nublado;Dupla;Reta;Sim;2;0;2;0;0;0;2;2;-25,46018337;-49,22024902;SPRF-PR;DEL01-PR;UOP03-DEL01-PR;;;
696247;06/06/2025;sexta-feira;13:00:00;SP;101;48;UBATUBA;Trafegar com motocicleta (ou similar) entre as faixas;Colis�o lateral mesmo sentido;Com V�timas Feridas;Pleno dia;Crescente;Nublado;Simples;Reta;Sim;2;0;0;1;1;0;1;2;-23,44127066;-45,08661316;SPRF-SP;DEL06-SP;UOP01-DEL06-SP;;;
696248;06/06/2025;sexta-feira;10:00:00;RO;319;57;PORTO VELHO;Rea��o tardia ou ineficiente do condutor;Colis�o traseira;Com V�timas Feridas;Pleno dia;Decrescente;C�u Claro;Simples;"Reta;Aclive";Sim;2;0;1;0;1;0;1;2;-8,73962893;-63,93156901;SPRF-RO;DEL01-RO;UOP01-DEL01-RO;;;
696249;06/06/2025;sexta-feira;15:00:00;GO;60;385;RIO VERDE;Estacionar ou parar em local proibido;Eventos at�picos;Com V�timas Feridas;Pleno dia;Decrescente;C�u Claro;M�ltipla;"Curva;Aclive";Sim;2;0;1;0;1;0;1;2;-17,811853;-50,928432;SPRF-GO;DEL04-GO;UOP02-DEL04-GO;;;
696251;06/06/2025;sexta-feira;10:30:00;MS;267;445;GUIA LOPES DA LAGUNA;Manobra de mudan�a de faixa;Colis�o lateral mesmo sentido;Com V�timas Feridas;Pleno dia;Decrescente;C�u Claro;Simples;Reta;N�o;8;0;0;1;7;0;1;3;-21,47975547;-55,85129285;SPRF-MS;DEL05-MS;UOP01-DEL05-MS;;;
696253;06/06/2025;sexta-feira;15:40:00;RJ;116;188;NOVA IGUACU;Pista Escorregadia;Queda de ocupante de ve�culo;Com V�timas Feridas;Pleno dia;Decrescente;C�u Claro;M�ltipla;Reta;Sim;2;0;1;0;1;0;1;1;-22,74398293;-43,51360409;SPRF-RJ;DEL06-RJ;UOP01-DEL06-RJ;;;
696255;06/06/2025;sexta-feira;13:25:00;RO;364;14;VILHENA;Acessar a via sem observar a presen�a dos outros ve�culos;Colis�o transversal;Com V�timas Feridas;Pleno dia;Crescente;C�u Claro;Dupla;Interse��o de Vias;Sim;2;0;2;0;0;0;2;2;-12,73894688;-60,13953835;SPRF-RO;DEL04-RO;UOP01-DEL04-RO;;;
696256;06/06/2025;sexta-feira;16:00:00;SC;101;111,1;NAVEGANTES;Entrada inopinada do pedestre;Atropelamento de Pedestre;Com V�timas Feridas;Pleno dia;Crescente;Nublado;M�ltipla;Reta;Sim;2;0;1;0;1;0;1;2;-26,84221516;-48,71638834;SPRF-SC;DEL04-SC;UOP04-DEL04-SC;;;
696257;06/06/2025;sexta-feira;13:10:00;MS;376;171;NOVA ANDRADINA;Avarias e/ou desgaste excessivo no pneu;Tombamento;Com V�timas Feridas;Pleno dia;Decrescente;C�u Claro;Simples;"Retorno Regulamentado;Interse��o de Vias;Reta";N�o;2;0;1;1;0;0;2;1;-22,27523736;-53,37068081;SPRF-MS;DEL04-MS;UOP04-DEL04-MS;;;
696258;06/06/2025;sexta-feira;15:28:00;BA;101;495;ITABUNA;Acessar a via sem observar a presen�a dos outros ve�culos;Colis�o transversal;Com V�timas Feridas;Pleno dia;Crescente;C�u Claro;Simples;Reta;Sim;4;0;2;0;2;0;2;2;-14,811136;-39,2855552;SPRF-BA;DEL05-BA;UOP01-DEL05-BA;;;
696261;06/06/2025;sexta-feira;11:50:00;GO;153;513;APARECIDA DE GOIANIA;Demais falhas mec�nicas ou el�tricas;Inc�ndio;Sem V�timas;Pleno dia;Crescente;C�u Claro;Dupla;Reta;Sim;1;0;0;0;1;0;0;1;-16,82618427;-49,24229765;SPRF-GO;DEL01-GO;UOP03-DEL01-GO;;;
696262;06/06/2025;sexta-feira;16:15:00;CE;116;35;AQUIRAZ;Aus�ncia de rea��o do condutor;Colis�o traseira;Com V�timas Feridas;Pleno dia;Crescente;C�u Claro;M�ltipla;Reta;N�o;2;0;1;0;0;1;1;2;-4,0573632;-38,5050506;SPRF-CE;DEL01-CE;UOP02-DEL01-CE;;;
696264;06/06/2025;sexta-feira;14:30:00;GO;60;304;ACREUNA;Rea��o tardia ou ineficiente do condutor;Colis�o com objeto;Com V�timas Feridas;Pleno dia;Crescente;Sol;Dupla;Aclive;Sim;3;0;1;0;1;1;1;2;-17,394063;-50,383105;SPRF-GO;DEL04-GO;UOP02-DEL04-GO;;;
696266;18/05/2025;domingo;14:10:00;MG;40;452,6;CAETANOPOLIS;Demais falhas mec�nicas ou el�tricas;Sa�da de leito carro��vel;Sem V�timas;Pleno dia;Crescente;C�u Claro;Dupla;Reta;N�o;1;0;0;0;1;0;0;1;-19,30434;-44,37636;SPRF-MG;DEL02-MG;UOP01-DEL02-MG;;;
696267;06/06/2025;sexta-feira;17:00:00;SP;116;226;GUARULHOS;Aus�ncia de rea��o do condutor;Colis�o traseira;Sem V�timas;Pleno dia;Decrescente;Nublado;M�ltipla;Reta;Sim;3;0;0;0;3;0;0;2;-23,49635;-46,556326;SPRF-SP;DEL01-SP;UOP01-DEL01-SP;;;
696268;06/06/2025;sexta-feira;11:30:00;RN;304;126,1;ITAJA;Demais falhas mec�nicas ou el�tricas;Inc�ndio;Sem V�timas;Pleno dia;Decrescente;C�u Claro;Simples;Declive;N�o;1;0;0;0;1;0;0;1;-5,65583228;-36,80593729;SPRF-RN;DEL04-RN;UOP01-DEL04-RN;;;
696273;06/06/2025;sexta-feira;15:20:00;RS;290;210;PANTANO GRANDE;Entrada inopinada do pedestre;Atropelamento de Pedestre;Com V�timas Feridas;Pleno dia;Crescente;Sol;Simples;Reta;N�o;10;0;2;0;8;0;2;3;-30,17506194;-52,32775782;SPRF-RS;DEL02-RS;UOP03-DEL02-RS;;;
696275;06/06/2025;sexta-feira;16:40:00;RS;116;262;CANOAS;Acesso irregular;Colis�o lateral mesmo sentido;Com V�timas Feridas;Pleno dia;Decrescente;C�u Claro;Dupla;Reta;Sim;2;0;1;0;1;0;1;2;-29,900473;-51,176294;SPRF-RS;DEL01-RS;UOP01-DEL01-RS;;;
696278;06/06/2025;sexta-feira;16:15:00;BA;242;229;ITABERABA;Acumulo de areia ou detritos sobre o pavimento;Colis�o com objeto;Com V�timas Feridas;Pleno dia;Decrescente;C�u Claro;Simples;Curva;Sim;2;0;2;0;0;0;2;1;-12,509868;-40,302187;SPRF-BA;DEL06-BA;UOP02-DEL06-BA;;;
696279;06/06/2025;sexta-feira;15:10:00;RS;468;67,3;CAMPO NOVO;Acessar a via sem observar a presen�a dos outros ve�culos;Colis�o lateral sentido oposto;Com V�timas Feridas;Pleno dia;Crescente;C�u Claro;Simples;Interse��o de Vias;N�o;4;0;1;2;1;0;3;2;-27,73522;-53,84;SPRF-RS;DEL08-RS;UOP02-DEL08-RS;;;
696280;06/06/2025;sexta-feira;17:40:00;RS;293;1,8;PELOTAS;Manobra de mudan�a de faixa;Colis�o transversal;Com V�timas Feridas;Anoitecer;Decrescente;C�u Claro;Simples;Reta;Sim;2;0;1;0;1;0;1;2;-31,612719;-52,3052091;SPRF-RS;DEL07-RS;UOP01-DEL07-RS;;;
696282;06/06/2025;sexta-feira;16:45:00;MS;163;473,2;CAMPO GRANDE;Aus�ncia de rea��o do condutor;Sa�da de leito carro��vel;Com V�timas Feridas;Pleno dia;Crescente;Chuva;Simples;Reta;Sim;2;0;2;0;0;0;2;1;-20,5353486;-54,56372738;SPRF-MS;DEL01-MS;UOP01-DEL01-MS;;;
696283;06/06/2025;sexta-feira;17:35:00;DF;20;12;BRASILIA;Condutor deixou de manter dist�ncia do ve�culo da frente;Colis�o traseira;Com V�timas Feridas;Anoitecer;Crescente;C�u Claro;Dupla;Reta;Sim;2;0;1;0;1;0;1;2;-15,63064138;-47,73181915;SPRF-DF;DEL02-DF;UOP01-DEL02-DF;;;
696285;06/06/2025;sexta-feira;17:40:00;SC;470;136,5;RIO DO SUL;Desrespeitar a prefer�ncia no cruzamento;Colis�o transversal;Com V�timas Feridas;Plena Noite;Decrescente;C�u Claro;Simples;Reta;Sim;2;0;0;1;1;0;1;2;-27,1883635;-49,61108135;SPRF-SC;DEL04-SC;UOP02-DEL04-SC;;;
696286;06/06/2025;sexta-feira;10:15:00;MG;354;723,7;POUSO ALTO;Acessar a via sem observar a presen�a dos outros ve�culos;Atropelamento de Pedestre;Com V�timas Feridas;Pleno dia;Decrescente;Sol;Simples;Reta;N�o;2;0;1;0;1;0;1;2;-22,11568121;-44,95725542;SPRF-MG;DEL17-MG;UOP01-DEL17-MG;;;
696288;06/06/2025;sexta-feira;18:00:00;RJ;116;282;BARRA MANSA;Acumulo de �gua sobre o pavimento;Colis�o lateral mesmo sentido;Com V�timas Feridas;Plena Noite;Crescente;Chuva;Dupla;"Curva;Declive";N�o;4;0;1;0;3;0;1;2;-22,52105513;-44,20448396;SPRF-RJ;DEL07-RJ;UOP02-DEL07-RJ;;;
696289;06/06/2025;sexta-feira;17:35:00;MG;381;492,5;BETIM;Aus�ncia de rea��o do condutor;Colis�o traseira;Com V�timas Feridas;Anoitecer;Decrescente;C�u Claro;Dupla;Reta;Sim;2;0;1;0;1;0;1;2;-19,96297881;-44,16416869;SPRF-MG;DEL01-MG;UOP03-DEL01-MG;;;
696291;06/06/2025;sexta-feira;16:00:00;PI;343;281;CAMPO MAIOR;Transtornos Mentais (exceto suicidio);Queda de ocupante de ve�culo;Com V�timas Feridas;Pleno dia;Decrescente;C�u Claro;Dupla;Reta;N�o;3;0;1;0;2;0;1;1;-4,92132;-42,266418;SPRF-PI;DEL01-PI;UOP03-DEL01-PI;;;
696294;06/06/2025;sexta-feira;17:30:00;RS;285;656;SAO BORJA;Afundamento ou ondula��o no pavimento;Queda de ocupante de ve�culo;Com V�timas Feridas;Anoitecer;Crescente;Nublado;Simples;Reta;N�o;2;0;1;0;1;0;1;1;-28,6752768;-55,9710208;SPRF-RS;DEL12-RS;UOP01-DEL12-RS;;;
696295;06/06/2025;sexta-feira;18:00:00;PR;376;214,5;JANDAIA DO SUL;Aus�ncia de rea��o do condutor;Colis�o traseira;Com V�timas Feridas;Anoitecer;Crescente;C�u Claro;Dupla;Reta;N�o;2;0;0;1;1;0;1;2;-23,57797754;-51,65284244;SPRF-PR;DEL09-PR;UOP01-DEL09-PR;;;
696296;06/06/2025;sexta-feira;18:20:00;RS;470;213;BENTO GONCALVES;Ingest�o de �lcool pelo condutor;Colis�o transversal;Com V�timas Feridas;Anoitecer;Decrescente;Nublado;Simples;"Aclive;Curva;Interse��o de Vias";N�o;2;0;1;0;1;0;1;2;-29,14490367;-51,53367726;SPRF-RS;DEL06-RS;UOP01-DEL06-RS;;;
696298;06/06/2025;sexta-feira;19:05:00;DF;20;10,3;BRASILIA;Trafegar com motocicleta (ou similar) entre as faixas;Colis�o lateral mesmo sentido;Com V�timas Feridas;Plena Noite;Decrescente;C�u Claro;Dupla;"Declive;Reta";Sim;5;0;1;0;4;0;1;2;-15,6498092;-47,7710816;SPRF-DF;DEL02-DF;UOP01-DEL02-DF;;;
696299;06/06/2025;sexta-feira;18:55:00;SC;101;343,6;TUBARAO;Acessar a via sem observar a presen�a dos outros ve�culos;Colis�o transversal;Com V�timas Feridas;Plena Noite;Decrescente;C�u Claro;Dupla;Retorno Regulamentado;N�o;2;0;1;0;1;0;1;2;-28,54944015;-49,05332979;SPRF-SC;DEL02-SC;UOP01-DEL02-SC;;;
696300;06/06/2025;sexta-feira;18:21:00;RS;285;120,6;VACARIA;Acessar a via sem observar a presen�a dos outros ve�culos;Colis�o transversal;Com V�timas Feridas;Plena Noite;Crescente;C�u Claro;Simples;Interse��o de Vias;Sim;4;0;4;0;0;0;4;2;-28,5095255;-50,9314448;SPRF-RS;DEL05-RS;UOP03-DEL05-RS;;;
696301;06/06/2025;sexta-feira;18:30:00;CE;116;28;AQUIRAZ;Pedestre andava na pista;Atropelamento de Pedestre;Com V�timas Fatais;Anoitecer;Decrescente;C�u Claro;Dupla;Reta;N�o;2;1;0;0;1;0;0;2;-4,000942;-38,51648;SPRF-CE;DEL01-CE;UOP02-DEL01-CE;;;
696303;06/06/2025;sexta-feira;18:00:00;RS;290;373,2;VILA NOVA DO SUL;Rea��o tardia ou ineficiente do condutor;Colis�o transversal;Com V�timas Feridas;Anoitecer;Decrescente;C�u Claro;Simples;Reta;Sim;4;0;0;1;2;1;1;3;-30,34459557;-53,8905351;SPRF-RS;DEL09-RS;UOP02-DEL09-RS;;;
696304;06/06/2025;sexta-feira;18:40:00;PB;230;21,9;JOAO PESSOA;Aus�ncia de rea��o do condutor;Colis�o traseira;Com V�timas Feridas;Plena Noite;Crescente;C�u Claro;Dupla;Reta;Sim;3;0;1;1;1;0;2;2;-7,1516073;-34,8531611;SPRF-PB;DEL01-PB;UOP01-DEL01-PB;;;
696305;06/06/2025;sexta-feira;18:00:00;CE;222;1,9;FORTALEZA;Aus�ncia de rea��o do condutor;Colis�o traseira;Sem V�timas;Plena Noite;Crescente;C�u Claro;M�ltipla;Reta;Sim;2;0;0;0;2;0;0;2;-3,7390206;-38,5861361;SPRF-CE;DEL01-CE;UOP01-DEL01-CE;;;
696307;06/06/2025;sexta-feira;16:50:00;RN;304;24;MOSSORO;Aus�ncia de rea��o do condutor;Sa�da de leito carro��vel;Com V�timas Feridas;Anoitecer;Decrescente;C�u Claro;Dupla;Rotat�ria;N�o;1;0;1;0;0;0;1;1;-5,06673;-37,330935;SPRF-RN;DEL04-RN;UOP02-DEL04-RN;;;
696309;06/06/2025;sexta-feira;18:50:00;PI;316;1;TERESINA;Rea��o tardia ou ineficiente do condutor;Colis�o traseira;Com V�timas Feridas;Plena Noite;Decrescente;C�u Claro;Simples;Reta;Sim;3;0;0;2;1;0;2;2;-5,2678838;-42,727537;SPRF-PI;DEL01-PI;UOP02-DEL01-PI;;;
696311;06/06/2025;sexta-feira;18:30:00;PI;343;347,9;TERESINA;Acumulo de areia ou detritos sobre o pavimento;Tombamento;Com V�timas Feridas;Plena Noite;Decrescente;C�u Claro;Dupla;Reta;Sim;2;0;2;0;0;0;2;1;-5,11829;-42,786168;SPRF-PI;DEL01-PI;UOP01-DEL01-PI;;;
696314;06/06/2025;sexta-feira;19:50:00;BA;407;102;JAGUARARI;Ingest�o de �lcool pelo condutor;Colis�o frontal;Com V�timas Feridas;Plena Noite;Decrescente;C�u Claro;Simples;Reta;Sim;3;0;0;1;2;0;1;2;-10,2552;-40,1935;SPRF-BA;DEL04-BA;UOP01-DEL04-BA;;;
696315;06/06/2025;sexta-feira;20:00:00;RS;116;262;CANOAS;Aus�ncia de rea��o do condutor;Colis�o traseira;Com V�timas Feridas;Plena Noite;Decrescente;C�u Claro;Dupla;Reta;Sim;1;0;1;0;0;0;1;1;-29,9037993;-51,17659646;SPRF-RS;DEL01-RS;UOP01-DEL01-RS;;;
696316;06/06/2025;sexta-feira;19:00:00;PR;153;349;REBOUCAS;Defici�ncia do Sistema de Ilumina��o/Sinaliza��o;Colis�o traseira;Sem V�timas;Plena Noite;Crescente;C�u Claro;Simples;Reta;N�o;6;0;0;0;6;0;0;2;-25,595;-50,688;SPRF-PR;DEL08-PR;UOP02-DEL08-PR;;;
696318;06/06/2025;sexta-feira;20:00:00;PB;230;20;JOAO PESSOA;Manobra de mudan�a de faixa;Colis�o traseira;Com V�timas Feridas;Plena Noite;Crescente;C�u Claro;Dupla;"Viaduto;Aclive;Reta";Sim;2;0;1;0;1;0;1;2;-7,13807639;-34,85323045;SPRF-PB;DEL01-PB;UOP01-DEL01-PB;;;
696319;06/06/2025;sexta-feira;20:30:00;GO;70;6;AGUAS LINDAS DE GOIAS;Aus�ncia de rea��o do condutor;Colis�o traseira;Sem V�timas;Plena Noite;Crescente;C�u Claro;Dupla;Reta;Sim;2;0;0;0;2;0;0;2;-15,7952612;-48,1990718;SPRF-DF;DEL03-DF;UOP02-DEL03-DF;;;
696322;06/06/2025;sexta-feira;18:00:00;RS;293;437;QUARAI;Condutor deixou de manter dist�ncia do ve�culo da frente;Colis�o traseira;Com V�timas Feridas;Plena Noite;Crescente;Nublado;Simples;Reta;N�o;5;0;2;0;3;0;2;2;-30,3847753;-56,4562003;SPRF-RS;DEL11-RS;UOP01-DEL11-RS;;;
696323;06/06/2025;sexta-feira;17:00:00;CE;222;310,7;TIANGUA;Rea��o tardia ou ineficiente do condutor;Tombamento;Com V�timas Feridas;Anoitecer;Crescente;C�u Claro;Simples;"Reta;Viaduto";Sim;1;0;1;0;0;0;1;1;-3,715701;-40,990035;SPRF-CE;DEL04-CE;UOP02-DEL04-CE;;;
696327;06/06/2025;sexta-feira;19:50:00;SP;381;61;MAIRIPORA;Aus�ncia de rea��o do condutor;Capotamento;Com V�timas Feridas;Plena Noite;Decrescente;Chuva;Dupla;Curva;Sim;1;0;1;0;0;0;1;1;-23,29235499;-46,57565564;SPRF-SP;DEL03-SP;UOP01-DEL03-SP;;;
696328;06/06/2025;sexta-feira;14:30:00;PB;104;172,3;BARRA DE SANTANA;Rea��o tardia ou ineficiente do condutor;Colis�o com objeto;Com V�timas Feridas;Pleno dia;Decrescente;Sol;Simples;Curva;N�o;1;0;1;0;0;0;1;1;-7,59146;-36,04186;SPRF-PB;DEL02-PB;UOP03-DEL02-PB;;;
696329;06/06/2025;sexta-feira;15:00:00;SC;282;309,5;VARGEM;Aus�ncia de rea��o do condutor;Sa�da de leito carro��vel;Com V�timas Fatais;Pleno dia;Crescente;Nublado;Simples;"Reta;Ponte";N�o;1;1;0;0;0;0;0;1;-27,48244229;-50,98213077;SPRF-SC;DEL07-SC;UOP06-DEL07-SC;;;
696330;06/06/2025;sexta-feira;19:00:00;PE;428;100;SANTA MARIA DA BOA VISTA;Ultrapassagem Indevida;Capotamento;Com V�timas Feridas;Plena Noite;Crescente;C�u Claro;Simples;Reta;N�o;1;0;0;1;0;0;1;1;-8,83635041;-39,95570898;SPRF-PE;DEL06-PE;UOP03-DEL06-PE;;;
696331;06/06/2025;sexta-feira;19:30:00;RO;364;344;JI-PARANA;Condutor desrespeitou a ilumina��o vermelha do sem�foro;Colis�o transversal;Com V�timas Feridas;Plena Noite;Crescente;C�u Claro;Dupla;Interse��o de Vias;N�o;2;0;2;0;0;0;2;2;-10,870213;-61,957833;SPRF-RO;DEL02-RO;UOP01-DEL02-RO;;;
696333;06/06/2025;sexta-feira;19:15:00;RO;425;90;GUAJARA-MIRIM;Acessar a via sem observar a presen�a dos outros ve�culos;Colis�o traseira;Com V�timas Feridas;Plena Noite;Crescente;C�u Claro;Simples;Reta;N�o;2;0;1;0;1;0;1;2;-10,46244961;-65,34461975;SPRF-RO;DEL01-RO;UOP03-DEL01-RO;;;
696334;06/06/2025;sexta-feira;17:50:00;MG;365;441,6;GUIMARANIA;Mal s�bito do condutor;Sa�da de leito carro��vel;Com V�timas Feridas;Pleno dia;Decrescente;C�u Claro;Simples;Reta;N�o;2;0;0;1;1;0;1;1;-18,79842652;-46,74184084;SPRF-MG;DEL10-MG;UOP01-DEL10-MG;;;
696339;06/06/2025;sexta-feira;20:30:00;PI;343;4,6;TERESINA;Condutor deixou de manter dist�ncia do ve�culo da frente;Colis�o lateral mesmo sentido;Com V�timas Feridas;Plena Noite;Crescente;C�u Claro;M�ltipla;"Aclive;Reta";Sim;3;0;1;0;0;2;1;2;-5,081003;-42,792398;SPRF-PI;DEL01-PI;UOP01-DEL01-PI;;;
696340;06/06/2025;sexta-feira;21:25:00;RS;290;111;ELDORADO DO SUL;Acessar a via sem observar a presen�a dos outros ve�culos;Colis�o transversal;Com V�timas Feridas;Plena Noite;Decrescente;C�u Claro;Dupla;"Interse��o de Vias;Viaduto;Reta";N�o;4;0;1;0;3;0;1;2;-30,0379849;-51,32800376;SPRF-RS;DEL02-RS;UOP01-DEL02-RS;;;
696341;06/06/2025;sexta-feira;19:08:00;RJ;493;98;SEROPEDICA;Aus�ncia de rea��o do condutor;Colis�o traseira;Com V�timas Feridas;Plena Noite;Decrescente;C�u Claro;M�ltipla;Interse��o de Vias;N�o;4;0;3;0;0;1;3;4;-22,729009;-43,71496;SPRF-RJ;DEL01-RJ;UOP03-DEL01-RJ;;;
696342;06/06/2025;sexta-feira;19:50:00;RJ;116;229;PIRAI;Acumulo de �leo sobre o pavimento;Queda de ocupante de ve�culo;Com V�timas Feridas;Plena Noite;Decrescente;Nublado;Dupla;"Declive;Curva";N�o;1;0;1;0;0;0;1;1;-22,67836;-43,83544;SPRF-RJ;DEL07-RJ;UOP01-DEL07-RJ;;;
696343;06/06/2025;sexta-feira;19:50:00;MG;354;732,3;POUSO ALTO;Velocidade Incompat�vel;Sa�da de leito carro��vel;Com V�timas Feridas;Plena Noite;Crescente;Nublado;Simples;"Aclive;Curva";N�o;5;0;1;0;4;0;1;1;-22,17359653;-44,96418625;SPRF-MG;DEL17-MG;UOP01-DEL17-MG;;;
696346;06/06/2025;sexta-feira;21:06:00;CE;222;4;CAUCAIA;Condutor desrespeitou a ilumina��o vermelha do sem�foro;Colis�o transversal;Com V�timas Feridas;Plena Noite;Crescente;C�u Claro;M�ltipla;Aclive;Sim;2;0;0;2;0;0;2;2;-3,74264835;-38,61217473;SPRF-CE;DEL01-CE;UOP01-DEL01-CE;;;
696347;06/06/2025;sexta-feira;19:35:00;GO;153;567,8;PROFESSOR JAMIL;Objeto est�tico sobre o leito carro��vel;Colis�o com objeto;Com V�timas Feridas;Plena Noite;Crescente;C�u Claro;Dupla;Reta;N�o;1;0;1;0;0;0;1;1;-17,275625;-49,238382;SPRF-GO;DEL03-GO;UOP01-DEL03-GO;;;
696348;06/06/2025;sexta-feira;21:30:00;PI;343;3,7;TERESINA;Aus�ncia de rea��o do condutor;Colis�o traseira;Sem V�timas;Plena Noite;Decrescente;C�u Claro;M�ltipla;Reta;Sim;2;0;0;0;2;0;0;2;-5,08030032;-42,78734922;SPRF-PI;DEL01-PI;UOP01-DEL01-PI;;;
696349;06/06/2025;sexta-feira;18:20:00;RS;158;470,3;ROSARIO DO SUL;Ingest�o de �lcool pelo condutor;Colis�o lateral sentido oposto;Sem V�timas;Plena Noite;Decrescente;C�u Claro;Simples;"Aclive;Curva";N�o;4;0;0;0;3;1;0;3;-30,2664806;-54,97249603;SPRF-RS;DEL11-RS;UOP02-DEL11-RS;;;
696350;06/06/2025;sexta-feira;20:15:00;BA;324;6;FEIRA DE SANTANA;Demais falhas na via;Tombamento;Com V�timas Feridas;Plena Noite;Decrescente;Garoa/Chuvisco;Dupla;Reta;Sim;2;0;1;0;1;0;1;1;-12,27758153;-38,98174899;SPRF-BA;DEL02-BA;UOP01-DEL02-BA;;;
696351;06/06/2025;sexta-feira;22:00:00;PB;101;110,3;ALHANDRA;Pedestre - Ingest�o de �lcool/ subst�ncias psicoativas;Atropelamento de Pedestre;Com V�timas Feridas;Plena Noite;Crescente;C�u Claro;Dupla;Reta;N�o;2;0;0;1;0;1;1;2;-7,35544122;-34,95013833;SPRF-PB;DEL01-PB;UOP01-DEL01-PB;;;
696352;06/06/2025;sexta-feira;21:00:00;SP;116;282,5;ITAPECERICA DA SERRA;Pista Escorregadia;Tombamento;Com V�timas Feridas;Plena Noite;Decrescente;Garoa/Chuvisco;Dupla;Reta;Sim;1;0;1;0;0;0;1;1;-23,688918;-46,861872;SPRF-SP;DEL04-SP;UOP01-DEL04-SP;;;