id;data_inversa;dia_semana;horario;uf;br;km;municipio;causa_acidente;tipo_acidente;classificacao_acidente;fase_dia;sentido_via;condicao_metereologica;tipo_pista;tracado_via;uso_solo;pessoas;mortos;feridos_leves;feridos_graves;ilesos;ignorados;feridos;veiculos;latitude;longitude;regional;delegacia;uop;;;
696354;06/06/2025;sexta-feira;21:32:00;MG;381;499;BETIM;Pedestre andava na pista;Atropelamento de Pedestre;Com V�timas Feridas;Plena Noite;Crescente;C�u Claro;Dupla;"Aclive;Reta";N�o;2;0;1;0;0;1;1;2;-19,99508183;-44,20856444;SPRF-MG;DEL01-MG;UOP03-DEL01-MG;;;
696357;06/06/2025;sexta-feira;19:50:00;MG;356;273,4;PATROCINIO DO MURIAE;Velocidade Incompat�vel;Colis�o com objeto;Com V�timas Feridas;Plena Noite;Decrescente;C�u Claro;Simples;Reta;N�o;1;0;1;0;0;0;1;1;-21,13816;-42,305376;SPRF-MG;DEL07-MG;UOP02-DEL07-MG;;;
696359;06/06/2025;sexta-feira;21:45:00;SC;470;95,5;APIUNA;Pedestre cruzava a pista fora da faixa;Atropelamento de Pedestre;Com V�timas Feridas;Plena Noite;Crescente;Nublado;Simples;Reta;N�o;3;0;1;1;1;0;2;2;-27,01647625;-49,37099218;SPRF-SC;DEL04-SC;UOP01-DEL04-SC;;;
696360;06/06/2025;sexta-feira;21:20:00;MA;316;298;SATUBINHA;Defici�ncia do Sistema de Ilumina��o/Sinaliza��o;Colis�o traseira;Com V�timas Feridas;Plena Noite;Decrescente;C�u Claro;Simples;Reta;Sim;2;0;0;1;1;0;1;2;-3,82862948;-45,20324707;SPRF-MA;DEL02-MA;UOP01-DEL02-MA;;;
696362;06/06/2025;sexta-feira;21:00:00;RO;364;17;VILHENA;Neblina;Atropelamento de Animal;Com V�timas Feridas;Plena Noite;Crescente;C�u Claro;Simples;Reta;Sim;1;0;1;0;0;0;1;1;-12,7795672;-60,09203589;SPRF-RO;DEL04-RO;UOP01-DEL04-RO;;;
696363;06/06/2025;sexta-feira;21:10:00;SC;470;5,9;NAVEGANTES;Acessar a via sem observar a presen�a dos outros ve�culos;Colis�o transversal;Com V�timas Fatais;Plena Noite;Decrescente;Nublado;Dupla;Curva;Sim;2;1;0;0;1;0;0;2;-26,85346628;-48,70728493;SPRF-SC;DEL04-SC;UOP04-DEL04-SC;;;
696365;06/06/2025;sexta-feira;22:30:00;SP;381;8;VARGEM;Demais falhas mec�nicas ou el�tricas;Eventos at�picos;Com V�timas Fatais;Plena Noite;Decrescente;Garoa/Chuvisco;Dupla;Reta;N�o;1;1;0;0;0;0;0;1;-22,90844;-46,424193;SPRF-SP;DEL03-SP;UOP02-DEL03-SP;;;
696366;06/06/2025;sexta-feira;22:50:00;ES;101;269;SERRA;Manobra de mudan�a de faixa;Tombamento;Com V�timas Feridas;Pleno dia;Decrescente;C�u Claro;Dupla;Reta;Sim;1;0;1;0;0;0;1;1;-20,21919388;-40,27021408;SPRF-ES;DEL02-ES;UOP01-DEL02-ES;;;
696367;06/06/2025;sexta-feira;23:00:00;RS;392;129,4;CANGUCU;Aus�ncia de rea��o do condutor;Colis�o lateral mesmo sentido;Com V�timas Feridas;Plena Noite;Crescente;C�u Claro;Simples;Aclive;N�o;3;0;1;0;2;0;1;2;-31,330273;-52,749507;SPRF-RS;DEL07-RS;UOP01-DEL07-RS;;;
696369;06/06/2025;sexta-feira;21:35:00;PR;376;176,7;MARINGA;Condutor desrespeitou a ilumina��o vermelha do sem�foro;Colis�o transversal;Sem V�timas;Plena Noite;Crescente;C�u Claro;Dupla;Reta;Sim;2;0;0;0;2;0;0;2;-23,41249955;-51,93301527;SPRF-PR;DEL09-PR;UOP01-DEL09-PR;;;
696370;06/06/2025;sexta-feira;23:07:00;CE;116;8;FORTALEZA;Aus�ncia de rea��o do condutor;Atropelamento de Pedestre;Com V�timas Feridas;Plena Noite;Crescente;C�u Claro;M�ltipla;Reta;Sim;2;0;0;1;0;1;1;2;-3,82449504;-38,50395631;SPRF-CE;DEL01-CE;UOP02-DEL01-CE;;;
696371;06/06/2025;sexta-feira;22:50:00;PR;163;263;TOLEDO;Aus�ncia de rea��o do condutor;Colis�o traseira;Sem V�timas;Plena Noite;Decrescente;Nublado;Dupla;Reta;N�o;3;0;0;0;3;0;0;2;-24,62681068;-53,8928318;SPRF-PR;DEL06-PR;UOP02-DEL06-PR;;;
696372;06/06/2025;sexta-feira;22:15:00;SC;282;600,7;CUNHA PORA;Convers�o proibida;Colis�o frontal;Com V�timas Feridas;Plena Noite;Crescente;Nublado;Simples;Curva;N�o;4;0;2;0;2;0;2;2;-26,80993244;-53,16826053;SPRF-SC;DEL07-SC;UOP02-DEL07-SC;;;
696374;06/06/2025;sexta-feira;22:10:00;BA;116;12;VITORIA DA CONQUISTA;Rea��o tardia ou ineficiente do condutor;Sa�da de leito carro��vel;Com V�timas Feridas;Plena Noite;Decrescente;Ignorado;Simples;Reta;Sim;1;0;1;0;0;0;1;1;-14,87572275;-40,87123845;SPRF-BA;DEL08-BA;UOP01-DEL08-BA;;;
696375;06/06/2025;sexta-feira;20:20:00;BA;116;858;VITORIA DA CONQUISTA;Transitar no Acostamento;Colis�o lateral mesmo sentido;Com V�timas Feridas;Plena Noite;Crescente;C�u Claro;Simples;Reta;N�o;3;0;1;0;1;1;1;2;-15,119826;-41,032263;SPRF-BA;DEL08-BA;UOP01-DEL08-BA;;;
696376;06/06/2025;sexta-feira;17:20:00;AL;316;106,2;DOIS RIACHOS;Ultrapassagem Indevida;Colis�o frontal;Com V�timas Fatais;Plena Noite;Decrescente;C�u Claro;Simples;Reta;N�o;3;1;1;1;0;0;2;2;-9,386252;-37,061547;SPRF-AL;DEL03-AL;UOP01-DEL03-AL;;;
696377;06/06/2025;sexta-feira;22:50:00;RS;116;154,9;CAXIAS DO SUL;Ingest�o de �lcool pelo condutor;Colis�o com objeto;Com V�timas Feridas;Plena Noite;Decrescente;C�u Claro;Simples;Reta;Sim;2;0;1;0;1;0;1;1;-29,212678;-51,177691;SPRF-RS;DEL05-RS;UOP01-DEL05-RS;;;
696378;06/06/2025;sexta-feira;19:35:00;AL;316;154,6;PALMEIRA DOS INDIOS;Transitar na contram�o;Colis�o transversal;Com V�timas Feridas;Plena Noite;Decrescente;Nublado;Simples;Reta;N�o;3;0;2;0;1;0;2;3;-9,42512644;-36,63081972;SPRF-AL;DEL03-AL;UOP01-DEL03-AL;;;
696380;06/06/2025;sexta-feira;22:56:00;SP;381;20;BRAGANCA PAULISTA;Demais falhas mec�nicas ou el�tricas;Inc�ndio;Sem V�timas;Plena Noite;Decrescente;Nublado;Dupla;Curva;N�o;1;0;0;0;1;0;0;1;-22,97735964;-46,48899078;SPRF-SP;DEL03-SP;UOP02-DEL03-SP;;;
696381;06/06/2025;sexta-feira;23:45:00;SC;280;50,3;GUARAMIRIM;Ingest�o de �lcool pelo condutor;Sa�da de leito carro��vel;Com V�timas Feridas;Plena Noite;Crescente;Garoa/Chuvisco;Dupla;"Interse��o de Vias;Em Obras";N�o;1;0;1;0;0;0;1;1;-26,46297596;-48,94894123;SPRF-SC;DEL03-SC;UOP03-DEL03-SC;;;
696382;07/06/2025;s�bado;00:10:00;PR;369;157,1;LONDRINA;Aus�ncia de rea��o do condutor;Sa�da de leito carro��vel;Com V�timas Feridas;Plena Noite;Decrescente;C�u Claro;Dupla;Reta;Sim;3;0;2;0;1;0;2;1;-23,28715375;-51,22690765;SPRF-PR;DEL07-PR;UOP01-DEL07-PR;;;
696383;07/06/2025;s�bado;00:20:00;PR;116;125;FAZENDA RIO GRANDE;Rea��o tardia ou ineficiente do condutor;Colis�o traseira;Com V�timas Feridas;Plena Noite;Decrescente;Nublado;Dupla;Reta;Sim;1;0;1;0;0;0;1;1;-25,64485026;-49,31267023;SPRF-PR;DEL01-PR;UOP03-DEL01-PR;;;
696385;06/06/2025;sexta-feira;23:30:00;PR;369;188;ARAPONGAS;Condutor deixou de manter dist�ncia do ve�culo da frente;Engavetamento;Com V�timas Feridas;Plena Noite;Crescente;Garoa/Chuvisco;Simples;"Reta;Rotat�ria";Sim;5;0;1;0;4;0;1;3;-23,43442122;-51,42220465;SPRF-PR;DEL07-PR;UOP03-DEL07-PR;;;
696386;07/06/2025;s�bado;00:30:00;PI;316;5,5;TERESINA;Condutor desrespeitou a ilumina��o vermelha do sem�foro;Colis�o transversal;Sem V�timas;Plena Noite;Crescente;C�u Claro;M�ltipla;Interse��o de Vias;Sim;2;0;0;0;1;1;0;2;-5,2678864;-42,7275448;SPRF-PI;DEL01-PI;UOP02-DEL01-PI;;;
696387;07/06/2025;s�bado;00:11:00;RS;116;43;VACARIA;Aus�ncia de rea��o do condutor;Sa�da de leito carro��vel;Com V�timas Feridas;Plena Noite;Decrescente;C�u Claro;Simples;"Aclive;Curva";N�o;1;0;1;0;0;0;1;1;-28,53545712;-50,96508191;SPRF-RS;DEL05-RS;UOP03-DEL05-RS;;;
696389;06/06/2025;sexta-feira;22:40:00;PI;230;193;OEIRAS;Acessar a via sem observar a presen�a dos outros ve�culos;Colis�o frontal;Com V�timas Feridas;Plena Noite;Crescente;C�u Claro;Simples;Reta;Sim;4;0;0;2;2;0;2;2;-6,996361;-42,107968;SPRF-PI;DEL04-PI;UOP01-DEL04-PI;;;
696390;07/06/2025;s�bado;00:40:00;SP;381;61;MAIRIPORA;Velocidade Incompat�vel;Colis�o com objeto;Sem V�timas;Plena Noite;Crescente;Chuva;Dupla;Curva;N�o;1;0;0;0;1;0;0;1;-23,29175836;-46,57951747;SPRF-SP;DEL03-SP;UOP01-DEL03-SP;;;
696391;07/06/2025;s�bado;01:40:00;PR;369;192,8;ARAPONGAS;Rea��o tardia ou ineficiente do condutor;Colis�o com objeto;Com V�timas Feridas;Plena Noite;Decrescente;Nevoeiro/Neblina;Dupla;Reta;N�o;1;0;1;0;0;0;1;1;-23,4769059;-51,4237253;SPRF-PR;DEL07-PR;UOP03-DEL07-PR;;;
696392;07/06/2025;s�bado;01:30:00;PR;153;338;IRATI;Aus�ncia de rea��o do condutor;Colis�o traseira;Sem V�timas;Plena Noite;Crescente;Nublado;Simples;Reta;Sim;4;0;0;0;4;0;0;2;-25,525;-50,653;SPRF-PR;DEL08-PR;UOP02-DEL08-PR;;;
696394;07/06/2025;s�bado;01:00:00;RO;364;255;CACOAL;Demais falhas mec�nicas ou el�tricas;Queda de ocupante de ve�culo;Com V�timas Feridas;Plena Noite;Decrescente;C�u Claro;Simples;Reta;N�o;2;0;1;1;0;0;2;1;-11,436759;-61,6013;SPRF-RO;DEL02-RO;UOP02-DEL02-RO;;;
696396;07/06/2025;s�bado;02:00:00;PI;343;340;TERESINA;Aus�ncia de rea��o do condutor;Colis�o com objeto;Sem V�timas;Plena Noite;Decrescente;C�u Claro;Dupla;"Retorno Regulamentado;Declive;Reta";Sim;1;0;0;0;1;0;0;1;-5,074715;-42,736912;SPRF-PI;DEL01-PI;UOP01-DEL01-PI;;;
696397;07/06/2025;s�bado;02:40:00;AP;156;336;PORTO GRANDE;Transitar na contram�o;Colis�o frontal;Com V�timas Feridas;Plena Noite;Crescente;C�u Claro;Simples;Reta;N�o;6;0;1;0;5;0;1;2;0,72907718;-51,34872258;SPRF-AP;DEL01-AP;UOP01-DEL01-AP;;;
696399;07/06/2025;s�bado;03:00:00;MG;459;83,5;CONGONHAL;Velocidade Incompat�vel;Colis�o traseira;Com V�timas Feridas;Plena Noite;Crescente;C�u Claro;Simples;Reta;N�o;5;0;4;0;1;0;4;2;-22,15562;-46,08033;SPRF-MG;DEL09-MG;UOP01-DEL09-MG;;;
696400;07/06/2025;s�bado;02:25:00;BA;415;31;ILHEUS;Animais na Pista;Atropelamento de Animal;Com V�timas Feridas;Plena Noite;Decrescente;C�u Claro;Dupla;Reta;N�o;2;0;1;0;1;0;1;1;-14,78222535;-39,2354243;SPRF-BA;DEL05-BA;UOP01-DEL05-BA;;;
696401;07/06/2025;s�bado;02:30:00;PR;487;176;CAMPO MOURAO;Transitar na contram�o;Colis�o frontal;Com V�timas Feridas;Plena Noite;Decrescente;Nublado;Simples;Declive;N�o;2;0;0;1;0;1;1;2;-24,03556845;-52,41671562;SPRF-PR;DEL09-PR;UOP03-DEL09-PR;;;
696402;07/06/2025;s�bado;03:40:00;SC;470;52,8;BLUMENAU;Ingest�o de �lcool pelo condutor;Sa�da de leito carro��vel;Com V�timas Feridas;Plena Noite;Decrescente;C�u Claro;Simples;Curva;Sim;1;0;0;1;0;0;1;1;-26,86629;-49,10038;SPRF-SC;DEL04-SC;UOP01-DEL04-SC;;;
696406;07/06/2025;s�bado;03:30:00;PR;277;666;MEDIANEIRA;Ingest�o de �lcool pelo condutor;Tombamento;Com V�timas Feridas;Plena Noite;Decrescente;Nublado;Dupla;"Declive;Reta";N�o;1;0;1;0;0;0;1;1;-25,25681495;-54,03863367;SPRF-PR;DEL05-PR;UOP02-DEL05-PR;;;
696408;07/06/2025;s�bado;02:30:00;ES;101;211,4;IBIRACU;Ingest�o de �lcool pelo condutor;Sa�da de leito carro��vel;Com V�timas Feridas;Plena Noite;Crescente;Nublado;Simples;"Curva;Declive";N�o;2;0;1;0;0;1;1;2;-19,82115566;-40,36918759;SPRF-ES;DEL02-ES;UOP01-DEL02-ES;;;
696409;07/06/2025;s�bado;05:00:00;MG;40;460;CAETANOPOLIS;Condutor Dormindo;Sa�da de leito carro��vel;Com V�timas Feridas;Plena Noite;Decrescente;C�u Claro;Dupla;Curva;N�o;1;0;0;1;0;0;1;1;-19,395577;-44,334189;SPRF-MG;DEL02-MG;UOP01-DEL02-MG;;;
696414;07/06/2025;s�bado;05:40:00;SP;116;58,2;GUARATINGUETA;Aus�ncia de rea��o do condutor;Colis�o traseira;Com V�timas Feridas;Amanhecer;Decrescente;C�u Claro;Dupla;Reta;N�o;2;0;1;0;1;0;1;2;-22,7808286;-45,1462733;SPRF-SP;DEL08-SP;UOP01-DEL08-SP;;;
696415;07/06/2025;s�bado;03:00:00;SP;116;59,7;GUARATINGUETA;Velocidade Incompat�vel;Colis�o com objeto;Sem V�timas;Plena Noite;Crescente;Chuva;Dupla;Curva;N�o;1;0;0;0;0;1;0;1;-22,79271292;-45,16379982;SPRF-SP;DEL08-SP;UOP01-DEL08-SP;;;
696416;07/06/2025;s�bado;04:50:00;GO;70;21,8;COCALZINHO DE GOIAS;Transitar na contram�o;Colis�o frontal;Com V�timas Fatais;Plena Noite;Crescente;C�u Claro;Simples;Curva;Sim;2;1;0;0;1;0;0;2;-15,738223;-48,38941;SPRF-DF;DEL03-DF;UOP02-DEL03-DF;;;
696417;07/06/2025;s�bado;02:09:00;SP;116;226,9;GUARULHOS;Rea��o tardia ou ineficiente do condutor;Colis�o com objeto;Com V�timas Feridas;Plena Noite;Decrescente;Nublado;Simples;"Reta;Em Obras";Sim;1;0;1;0;0;0;1;1;-23,49714673;-46,55744076;SPRF-SP;DEL01-SP;UOP01-DEL01-SP;;;
696418;07/06/2025;s�bado;03:13:00;MS;163;701;RIO VERDE DE MATO GROSSO;Ingest�o de �lcool pelo condutor;Sa�da de leito carro��vel;Com V�timas Feridas;Plena Noite;Decrescente;C�u Claro;Simples;Aclive;N�o;1;0;1;0;0;0;1;1;-18,727;-54,818;SPRF-MS;DEL06-MS;UOP01-DEL06-MS;;;
696419;06/06/2025;sexta-feira;14:30:00;MG;381;158;GOVERNADOR VALADARES;Acessar a via sem observar a presen�a dos outros ve�culos;Colis�o transversal;Com V�timas Feridas;Pleno dia;Crescente;C�u Claro;Simples;Interse��o de Vias;Sim;2;0;1;0;1;0;1;2;-18,88265364;-41,99545861;SPRF-MG;DEL06-MG;UOP01-DEL06-MG;;;
696420;07/06/2025;s�bado;05:15:00;MG;116;627,6;ORIZANIA;Aus�ncia de rea��o do condutor;Sa�da de leito carro��vel;Com V�timas Feridas;Amanhecer;Decrescente;Nublado;Simples;Curva;N�o;3;0;2;1;0;0;3;1;-20,571;-42,209;SPRF-MG;DEL07-MG;UOP02-DEL07-MG;;;
696421;07/06/2025;s�bado;01:45:00;RJ;101;516,6;ANGRA DOS REIS;Velocidade Incompat�vel;Sa�da de leito carro��vel;Com V�timas Feridas;Plena Noite;Crescente;Chuva;Simples;Curva;N�o;1;0;1;0;0;0;1;1;-23,00283775;-44,45333228;SPRF-RJ;DEL03-RJ;UOP03-DEL03-RJ;;;
696422;07/06/2025;s�bado;04:00:00;SC;101;457,1;PASSO DE TORRES;Aus�ncia de rea��o do condutor;Colis�o traseira;Com V�timas Feridas;Plena Noite;Crescente;Nublado;Dupla;Reta;N�o;2;0;0;1;1;0;1;2;-29,29864717;-49,7672832;SPRF-SC;DEL02-SC;UOP02-DEL02-SC;;;
696423;06/06/2025;sexta-feira;22:20:00;RJ;101;237;SILVA JARDIM;Transitar no Acostamento;Atropelamento de Pedestre;Com V�timas Fatais;Plena Noite;Decrescente;C�u Claro;Dupla;Reta;Sim;3;1;2;0;0;0;2;2;-22,619768;-42,418413;SPRF-RJ;DEL02-RJ;UOP03-DEL02-RJ;;;
696425;07/06/2025;s�bado;04:40:00;GO;50;278;CATALAO;Ingest�o de �lcool pelo condutor;Sa�da de leito carro��vel;Sem V�timas;Amanhecer;Crescente;C�u Claro;Dupla;"Retorno Regulamentado;Interse��o de Vias;Em Obras;Reta";Sim;1;0;0;0;0;1;0;1;-18,17210577;-47,92521413;SPRF-GO;DEL06-GO;UOP01-DEL06-GO;;;
696426;07/06/2025;s�bado;07:20:00;SP;116;226;GUARULHOS;Acessar a via sem observar a presen�a dos outros ve�culos;Colis�o lateral mesmo sentido;Com V�timas Feridas;Amanhecer;Crescente;C�u Claro;M�ltipla;"Reta;Em Obras";Sim;2;0;1;0;1;0;1;2;-23,495749;-46,554309;SPRF-SP;DEL01-SP;UOP01-DEL01-SP;;;
696427;07/06/2025;s�bado;05:00:00;SP;116;51;LORENA;Ingest�o de �lcool pelo condutor;Sa�da de leito carro��vel;Sem V�timas;Plena Noite;Decrescente;Garoa/Chuvisco;Simples;"Curva;Retorno Regulamentado";N�o;1;0;0;0;0;1;0;1;-22,7414031;-45,09158134;SPRF-SP;DEL08-SP;UOP02-DEL08-SP;;;
696428;07/06/2025;s�bado;05:45:00;MG;262;689;ARAXA;Condutor Dormindo;Sa�da de leito carro��vel;Com V�timas Feridas;Amanhecer;Decrescente;C�u Claro;Simples;Curva;Sim;2;0;2;0;0;0;2;1;-19,54969844;-46,93079822;SPRF-MG;DEL08-MG;UOP01-DEL08-MG;;;
696429;07/06/2025;s�bado;06:45:00;ES;101;252,9;SERRA;Acessar a via sem observar a presen�a dos outros ve�culos;Tombamento;Com V�timas Feridas;Pleno dia;Crescente;C�u Claro;Simples;"Reta;Interse��o de Vias";N�o;1;0;0;1;0;0;1;1;-20,10481;-40,33258;SPRF-ES;DEL02-ES;UOP01-DEL02-ES;;;
696430;07/06/2025;s�bado;07:20:00;BA;324;611,1;SIMOES FILHO;Rea��o tardia ou ineficiente do condutor;Colis�o traseira;Com V�timas Feridas;Pleno dia;Decrescente;C�u Claro;Dupla;Reta;N�o;6;0;2;0;4;0;2;4;-12,8473713;-38,4182;SPRF-BA;DEL01-BA;UOP01-DEL01-BA;;;
696431;07/06/2025;s�bado;05:45:00;MS;163;257;DOURADOS;Aus�ncia de rea��o do condutor;Sa�da de leito carro��vel;Sem V�timas;Pleno dia;Crescente;Nevoeiro/Neblina;Dupla;Reta;Sim;1;0;0;0;0;1;0;1;-22,25901036;-54,80146766;SPRF-MS;DEL04-MS;UOP01-DEL04-MS;;;
696432;07/06/2025;s�bado;06:00:00;BA;235;349,9;JUAZEIRO;Acessar a via sem observar a presen�a dos outros ve�culos;Colis�o lateral mesmo sentido;Com V�timas Feridas;Amanhecer;Crescente;C�u Claro;Dupla;Reta;Sim;3;0;0;2;0;1;2;2;-9,45122316;-40,4842732;SPRF-PE;DEL06-PE;UOP01-DEL06-PE;;;
696433;06/06/2025;sexta-feira;06:20:00;MT;163;631;NOVA MUTUM;Aus�ncia de rea��o do condutor;Sa�da de leito carro��vel;Com V�timas Feridas;Amanhecer;Decrescente;Sol;Simples;Reta;N�o;1;0;1;0;0;0;1;1;-13,522407;-56,031251;SPRF-MT;DEL01-MT;UOP01-DEL01-MT;;;
696434;07/06/2025;s�bado;07:15:00;MG;365;662,6;MONTE ALEGRE DE MINAS;Aus�ncia de rea��o do condutor;Sa�da de leito carro��vel;Com V�timas Feridas;Pleno dia;Decrescente;C�u Claro;Dupla;Reta;N�o;2;0;1;0;0;1;1;2;-18,891728;-48,666824;SPRF-MG;DEL15-MG;UOP01-DEL15-MG;;;
696435;07/06/2025;s�bado;06:50:00;PR;277;333;GUARAPUAVA;Aus�ncia de rea��o do condutor;Sa�da de leito carro��vel;Sem V�timas;Amanhecer;Crescente;Garoa/Chuvisco;Dupla;"Aclive;Curva";N�o;1;0;0;0;0;1;0;1;-25,34601677;-51,38355017;SPRF-PR;DEL08-PR;UOP01-DEL08-PR;;;
696436;07/06/2025;s�bado;03:00:00;BA;101;138;TEODORO SAMPAIO;Animais na Pista;Atropelamento de Animal;Sem V�timas;Plena Noite;Decrescente;Nevoeiro/Neblina;Simples;Reta;N�o;1;0;0;0;0;1;0;1;-12,229504;-38,621976;SPRF-BA;DEL01-BA;UOP04-DEL01-BA;;;
696438;07/06/2025;s�bado;06:00:00;MG;267;74,9;JUIZ DE FORA;Curva acentuada;Sa�da de leito carro��vel;Com V�timas Feridas;Pleno dia;Crescente;C�u Claro;Simples;"Curva;Declive";N�o;2;0;2;0;0;0;2;1;-21,74698392;-43,19740534;SPRF-MG;DEL05-MG;UOP01-DEL05-MG;;;
696439;22/05/2025;quinta-feira;17:25:00;RS;285;292,7;PASSO FUNDO;Acessar a via sem observar a presen�a dos outros ve�culos;Colis�o transversal;Com V�timas Feridas;Anoitecer;Crescente;Nublado;Dupla;Interse��o de Vias;Sim;2;0;1;0;1;0;1;2;-28,2378085;-52,37130515;SPRF-RS;DEL08-RS;UOP03-DEL08-RS;;;
696440;07/06/2025;s�bado;04:38:00;RJ;116;185;RIO DE JANEIRO;Ingest�o de �lcool pelo condutor;Colis�o com objeto;Sem V�timas;Pleno dia;Decrescente;C�u Claro;Simples;Reta;N�o;1;0;0;0;1;0;0;1;-22,806528;-43,3422336;SPRF-RJ;DEL06-RJ;UOP01-DEL06-RJ;;;
696441;07/06/2025;s�bado;07:50:00;SC;470;51,1;BLUMENAU;Avarias e/ou desgaste excessivo no pneu;Tombamento;Com V�timas Feridas;Pleno dia;Crescente;Nublado;Dupla;"Reta;Viaduto";Sim;1;0;1;0;0;0;1;1;-26,8626437;-49,08522813;SPRF-SC;DEL04-SC;UOP01-DEL04-SC;;;
696442;07/06/2025;s�bado;07:50:00;RS;392;61,6;PELOTAS;Demais falhas mec�nicas ou el�tricas;Tombamento;Com V�timas Feridas;Pleno dia;Decrescente;C�u Claro;Dupla;"Curva;Retorno Regulamentado";N�o;2;0;2;0;0;0;2;1;-31,782708;-52,357407;SPRF-RS;DEL07-RS;UOP01-DEL07-RS;;;
696443;07/06/2025;s�bado;06:09:00;BA;324;611;SIMOES FILHO;Aus�ncia de rea��o do condutor;Sa�da de leito carro��vel;Com V�timas Fatais;Pleno dia;Crescente;C�u Claro;Dupla;Reta;N�o;4;1;0;0;3;0;0;2;-12,849012;-38,418267;SPRF-BA;DEL01-BA;UOP01-DEL01-BA;;;
696445;07/06/2025;s�bado;08:30:00;ES;101;264,2;SERRA;Manobra de mudan�a de faixa;Colis�o lateral mesmo sentido;Com V�timas Feridas;Pleno dia;Crescente;C�u Claro;Dupla;Reta;N�o;2;0;0;1;1;0;1;2;-20,17582;-40,26622;SPRF-ES;DEL02-ES;UOP01-DEL02-ES;;;
696447;07/06/2025;s�bado;08:00:00;PB;104;115;LAGOA SECA;Rea��o tardia ou ineficiente do condutor;Colis�o traseira;Sem V�timas;Pleno dia;Decrescente;Nublado;Simples;"Reta;Aclive";Sim;3;0;0;0;3;0;0;3;-7,1682;-35,859087;SPRF-PB;DEL02-PB;UOP04-DEL02-PB;;;
696448;11/03/2025;ter�a-feira;15:05:00;PA;316;57;CASTANHAL;Acumulo de �gua sobre o pavimento;Sa�da de leito carro��vel;Com V�timas Feridas;Pleno dia;Decrescente;Chuva;Dupla;Reta;N�o;5;0;2;2;1;0;4;1;-1,30107445;-47,98488826;SPRF-PA;DEL01-PA;UOP01-DEL01-PA;;;
696450;07/06/2025;s�bado;08:00:00;RS;290;280,8;CACHOEIRA DO SUL;Demais falhas mec�nicas ou el�tricas;Inc�ndio;Sem V�timas;Pleno dia;Crescente;C�u Claro;Simples;Reta;N�o;1;0;0;0;1;0;0;1;-30,25131;-53,04874;SPRF-RS;DEL02-RS;UOP03-DEL02-RS;;;
696451;07/06/2025;s�bado;08:40:00;RS;448;13,7;CANOAS;Condutor deixou de manter dist�ncia do ve�culo da frente;Engavetamento;Com V�timas Feridas;Pleno dia;Crescente;Nevoeiro/Neblina;M�ltipla;Reta;N�o;5;0;2;0;3;0;2;3;-29,90331586;-51,24505011;SPRF-RS;DEL01-RS;UOP01-DEL01-RS;;;
696452;07/06/2025;s�bado;08:50:00;RS;386;347,8;LAJEADO;Aus�ncia de rea��o do condutor;Colis�o com objeto;Com V�timas Feridas;Pleno dia;Decrescente;C�u Claro;Dupla;Reta;Sim;3;0;3;0;0;0;3;1;-29,45504027;-51,95923503;SPRF-RS;DEL04-RS;UOP01-DEL04-RS;;;
696453;07/06/2025;s�bado;07:30:00;PA;10;220;IPIXUNA DO PARA;Rea��o tardia ou ineficiente do condutor;Colis�o com objeto;Com V�timas Feridas;Pleno dia;Crescente;C�u Claro;Simples;Reta;N�o;3;0;2;0;0;1;2;2;-2,559398;-47,493878;SPRF-PA;DEL02-PA;UOP01-DEL02-PA;;;
696455;07/06/2025;s�bado;07:30:00;DF;70;15;BRASILIA;Manobra de mudan�a de faixa;Colis�o lateral mesmo sentido;Com V�timas Feridas;Pleno dia;Decrescente;C�u Claro;Dupla;Reta;N�o;2;0;1;0;1;0;1;2;-15,79876396;-48,18152905;SPRF-DF;DEL03-DF;UOP02-DEL03-DF;;;
696457;07/06/2025;s�bado;06:30:00;RJ;101;488;ANGRA DOS REIS;Condutor Dormindo;Colis�o frontal;Com V�timas Feridas;Pleno dia;Crescente;C�u Claro;Simples;Curva;Sim;4;0;2;2;0;0;4;3;-22,96051778;-44,29633534;SPRF-RJ;DEL03-RJ;UOP03-DEL03-RJ;;;
696458;07/06/2025;s�bado;07:55:00;SC;470;143,8;RIO DO SUL;Acessar a via sem observar a presen�a dos outros ve�culos;Colis�o lateral mesmo sentido;Com V�timas Feridas;Pleno dia;Decrescente;Nublado;Simples;"Interse��o de Vias;Declive;Em Obras";Sim;2;0;1;0;1;0;1;2;-27,2247;-49,665;SPRF-SC;DEL04-SC;UOP02-DEL04-SC;;;
696460;07/06/2025;s�bado;09:00:00;SC;101;196,8;BIGUACU;Demais falhas mec�nicas ou el�tricas;Inc�ndio;Sem V�timas;Pleno dia;Crescente;Nublado;M�ltipla;Reta;Sim;4;0;0;0;4;0;0;1;-27,516901;-48,639174;SPRF-SC;DEL01-SC;UOP01-DEL01-SC;;;
696462;06/06/2025;sexta-feira;16:00:00;BA;101;367;GANDU;Acessar a via sem observar a presen�a dos outros ve�culos;Colis�o frontal;Com V�timas Feridas;Pleno dia;Decrescente;C�u Claro;Simples;Reta;Sim;2;0;0;1;1;0;1;2;-13,74845664;-39,48495481;SPRF-BA;DEL05-BA;UOP03-DEL05-BA;;;
696465;07/06/2025;s�bado;08:45:00;MS;163;124;NAVIRAI;Rea��o tardia ou ineficiente do condutor;Sa�da de leito carro��vel;Com V�timas Feridas;Pleno dia;Crescente;Nevoeiro/Neblina;Simples;Rotat�ria;N�o;1;0;1;0;0;0;1;1;-23,0780637;-54,22840834;SPRF-MS;DEL09-MS;UOP01-DEL09-MS;;;