id;data_inversa;dia_semana;horario;uf;br;km;municipio;causa_acidente;tipo_acidente;classificacao_acidente;fase_dia;sentido_via;condicao_metereologica;tipo_pista;tracado_via;uso_solo;pessoas;mortos;feridos_leves;feridos_graves;ilesos;ignorados;feridos;veiculos;latitude;longitude;regional;delegacia;uop;;;
696466;07/06/2025;s�bado;08:40:00;PR;376;15;MARINGA;Velocidade Incompat�vel;Sa�da de leito carro��vel;Com V�timas Feridas;Pleno dia;Crescente;C�u Claro;Dupla;Reta;Sim;1;0;1;0;0;0;1;1;-23,41034;-51,87997;SPRF-PR;DEL09-PR;UOP01-DEL09-PR;;;
696470;07/06/2025;s�bado;10:00:00;RN;101;104,2;PARNAMIRIM;Manobra de mudan�a de faixa;Colis�o lateral mesmo sentido;Com V�timas Feridas;Pleno dia;Decrescente;Sol;Dupla;"Aclive;Viaduto;Curva";Sim;3;0;1;0;2;0;1;2;-5,892761;-35,257186;SPRF-RN;DEL01-RN;UOP01-DEL01-RN;;;
696471;07/06/2025;s�bado;07:00:00;SC;101;122;ITAJAI;Aus�ncia de rea��o do condutor;Sa�da de leito carro��vel;Sem V�timas;Amanhecer;Decrescente;Nublado;Dupla;Reta;N�o;1;0;0;0;1;0;0;1;-26,93621009;-48,7005043;SPRF-SC;DEL04-SC;UOP04-DEL04-SC;;;
696472;07/06/2025;s�bado;09:00:00;MA;316;587,2;CAXIAS;Ultrapassagem Indevida;Colis�o frontal;Com V�timas Feridas;Pleno dia;Decrescente;C�u Claro;Simples;Reta;N�o;3;0;0;3;0;0;3;2;-4,987495;-43,065858;SPRF-MA;DEL03-MA;UOP02-DEL03-MA;;;
696473;07/06/2025;s�bado;09:15:00;SC;101;126;ITAJAI;Objeto est�tico sobre o leito carro��vel;Colis�o com objeto;Com V�timas Feridas;Pleno dia;Decrescente;Nublado;Dupla;Reta;Sim;1;0;1;0;0;0;1;1;-26,95065333;-48,6801455;SPRF-SC;DEL04-SC;UOP04-DEL04-SC;;;
696474;07/06/2025;s�bado;10:00:00;PE;407;129;PETROLINA;Aus�ncia de rea��o do condutor;Colis�o traseira;Sem V�timas;Pleno dia;Crescente;C�u Claro;Simples;"Reta;Aclive";Sim;2;0;0;0;2;0;0;2;-9,400203;-40,504682;SPRF-PE;DEL06-PE;UOP01-DEL06-PE;;;
696476;07/06/2025;s�bado;09:35:00;MG;116;770;LEOPOLDINA;Velocidade Incompat�vel;Colis�o com objeto;Com V�timas Feridas;Pleno dia;Decrescente;Chuva;Simples;Curva;N�o;5;0;1;0;4;0;1;1;-21,54266075;-42,65587775;SPRF-MG;DEL07-MG;UOP01-DEL07-MG;;;
696479;07/06/2025;s�bado;10:00:00;ES;262;61,8;MARECHAL FLORIANO;Aus�ncia de rea��o do condutor;Engavetamento;Com V�timas Feridas;Pleno dia;Decrescente;Nublado;Simples;Reta;N�o;4;0;2;0;2;0;2;3;-20,42341;-40,800368;SPRF-ES;DEL01-ES;UOP02-DEL01-ES;;;
696481;07/06/2025;s�bado;08:30:00;ES;101;13;SERRA;Rea��o tardia ou ineficiente do condutor;Tombamento;Sem V�timas;Pleno dia;Crescente;C�u Claro;Dupla;Reta;N�o;1;0;0;0;0;1;0;1;-20,170852;-40,347757;SPRF-ES;DEL02-ES;UOP01-DEL02-ES;;;
696482;07/06/2025;s�bado;01:30:00;RO;174;17;VILHENA;Aus�ncia de rea��o do condutor;Tombamento;Com V�timas Feridas;Plena Noite;Decrescente;C�u Claro;Simples;Reta;Sim;1;0;1;0;0;0;1;1;-12,70606818;-60,1212487;SPRF-RO;DEL04-RO;UOP01-DEL04-RO;;;
696483;07/06/2025;s�bado;10:45:00;SE;235;5,5;NOSSA SENHORA DO SOCORRO;Fuma�a;Inc�ndio;Sem V�timas;Pleno dia;Decrescente;C�u Claro;Dupla;Reta;Sim;1;0;0;0;1;0;0;1;-10,9043391;-37,12698547;SPRF-SE;DEL01-SE;UOP01-DEL01-SE;;;
696484;07/06/2025;s�bado;09:30:00;PR;163;266;TOLEDO;Aus�ncia de rea��o do condutor;Sa�da de leito carro��vel;Com V�timas Feridas;Pleno dia;Decrescente;Nublado;Dupla;"Curva;Rotat�ria";N�o;1;0;1;0;0;0;1;1;-24,61880766;-53,92540304;SPRF-PR;DEL06-PR;UOP02-DEL06-PR;;;
696485;07/06/2025;s�bado;09:30:00;MT;163;751;SORRISO;Aus�ncia de rea��o do condutor;Colis�o traseira;Com V�timas Feridas;Pleno dia;Crescente;C�u Claro;Dupla;Reta;Sim;2;0;1;0;1;0;1;2;-12,559633;-55,718785;SPRF-MT;DEL06-MT;UOP01-DEL06-MT;;;
696486;07/06/2025;s�bado;08:30:00;PE;232;83,1;GRAVATA;Acesso irregular;Colis�o transversal;Com V�timas Feridas;Pleno dia;Crescente;C�u Claro;Dupla;Reta;N�o;2;0;0;1;0;1;1;2;-8,201762;-35,593345;SPRF-PE;DEL02-PE;UOP02-DEL02PE;;;
696488;07/06/2025;s�bado;10:40:00;MT;364;206;RONDONOPOLIS;Acessar a via sem observar a presen�a dos outros ve�culos;Colis�o traseira;Sem V�timas;Pleno dia;Crescente;C�u Claro;Dupla;Reta;Sim;2;0;0;0;1;1;0;2;-16,44056612;-54,67633573;SPRF-MT;DEL02-MT;UOP01-DEL02-MT;;;
696489;07/06/2025;s�bado;10:40:00;MG;40;787,5;JUIZ DE FORA;Demais falhas mec�nicas ou el�tricas;Sa�da de leito carro��vel;Com V�timas Feridas;Pleno dia;Decrescente;Nublado;Dupla;Reta;N�o;2;0;2;0;0;0;2;1;-21,75479;-43,44292;SPRF-MG;DEL05-MG;UOP01-DEL05-MG;;;
696490;07/06/2025;s�bado;07:20:00;MG;262;496,1;BOM DESPACHO;Velocidade Incompat�vel;Sa�da de leito carro��vel;Com V�timas Feridas;Pleno dia;Decrescente;Sol;Simples;Reta;N�o;1;0;1;0;0;0;1;1;-19,78382658;-45,42263031;SPRF-MG;DEL08-MG;UOP03-DEL08-MG;;;
696491;07/06/2025;s�bado;09:30:00;CE;116;491,5;MILAGRES;Demais falhas na via;Tombamento;Com V�timas Feridas;Pleno dia;Crescente;C�u Claro;Simples;"Reta;Interse��o de Vias";N�o;1;0;0;1;0;0;1;1;-7,3965133;-38,961805;SPRF-CE;DEL05-CE;UOP03-DEL05-CE;;;
696492;07/06/2025;s�bado;09:30:00;BA;235;348;JUAZEIRO;Mal s�bito do condutor;Sa�da de leito carro��vel;Com V�timas Feridas;Pleno dia;Crescente;C�u Claro;Simples;Reta;N�o;1;0;1;0;0;0;1;1;-9,45736062;-40,46448091;SPRF-PE;DEL06-PE;UOP01-DEL06-PE;;;
696493;07/06/2025;s�bado;12:00:00;MG;40;623,2;CONSELHEIRO LAFAIETE;Rea��o tardia ou ineficiente do condutor;Tombamento;Com V�timas Feridas;Pleno dia;Decrescente;C�u Claro;Simples;Reta;N�o;1;0;1;0;0;0;1;1;-20,6029455;-43,8065388;SPRF-MG;DEL05-MG;UOP02-DEL05-MG;;;
696494;07/06/2025;s�bado;08:40:00;PI;0;0;CAMPO MAIOR;Ingest�o de �lcool pelo condutor;Colis�o lateral mesmo sentido;Sem V�timas;Pleno dia;N�o Informado;C�u Claro;Simples;"Reta;Interse��o de Vias";Sim;3;0;0;0;3;0;0;2;-4,837382;-42,183588;SPRF-PI;DEL01-PI;UOP03-DEL01-PI;;;
696497;07/06/2025;s�bado;09:00:00;MT;158;580;AGUA BOA;Aus�ncia de rea��o do condutor;Sa�da de leito carro��vel;Com V�timas Feridas;Pleno dia;Crescente;C�u Claro;Simples;Reta;N�o;2;0;1;0;1;0;1;1;-14,15018;-52,19803;SPRF-MT;DEL07-MT;UOP02-DEL07-MT;;;
696499;07/06/2025;s�bado;10:40:00;PA;10;251,6;AURORA DO PARA;Ingest�o de �lcool pelo condutor;Sa�da de leito carro��vel;Com V�timas Feridas;Pleno dia;Decrescente;Sol;Simples;Reta;N�o;3;0;2;1;0;0;3;1;-2,133077;-47,560735;SPRF-PA;DEL02-PA;UOP01-DEL02-PA;;;
696500;07/06/2025;s�bado;13:10:00;BA;324;614;SALVADOR;Avarias e/ou desgaste excessivo no pneu;Tombamento;Com V�timas Feridas;Pleno dia;Crescente;C�u Claro;Dupla;Reta;Sim;2;0;2;0;0;0;2;1;-12,8748026;-38,4296375;SPRF-BA;DEL01-BA;UOP01-DEL01-BA;;;
696504;07/06/2025;s�bado;11:40:00;RR;174;534;BOA VISTA;Demais falhas mec�nicas ou el�tricas;Inc�ndio;Sem V�timas;Pleno dia;Decrescente;C�u Claro;Simples;Reta;N�o;1;0;0;0;1;0;0;1;3,08179981;-60,8109498;SPRF-RR;DEL01-RR;UOP01-DEL01-RR;;;
696505;07/06/2025;s�bado;12:33:00;GO;414;435,9;ANAPOLIS;Acessar a via sem observar a presen�a dos outros ve�culos;Colis�o transversal;Com V�timas Feridas;Pleno dia;Decrescente;C�u Claro;Simples;"Reta;Declive;Interse��o de Vias";Sim;2;0;0;1;0;1;1;2;-16,244578;-48,934402;SPRF-GO;DEL02-GO;UOP01-DEL02-GO;;;
696507;07/06/2025;s�bado;11:40:00;MG;356;270;MURIAE;Ingest�o de �lcool pelo condutor;Colis�o frontal;Com V�timas Feridas;Pleno dia;Crescente;C�u Claro;Simples;"Reta;Ponte";Sim;3;0;3;0;0;0;3;2;-21,12636831;-42,33098745;SPRF-MG;DEL07-MG;UOP02-DEL07-MG;;;
696508;07/06/2025;s�bado;14:00:00;SC;101;90,5;BARRA VELHA;Manobra de mudan�a de faixa;Colis�o lateral mesmo sentido;Com V�timas Feridas;Pleno dia;Decrescente;Nublado;Dupla;Reta;Sim;2;0;1;0;1;0;1;2;-26,6104855;-48,7224128;SPRF-SC;DEL03-SC;UOP02-DEL03-SC;;;
696509;07/06/2025;s�bado;13:45:00;SC;101;214;PALHOCA;Ingest�o de �lcool pelo condutor;Colis�o transversal;Com V�timas Feridas;Pleno dia;Crescente;C�u Claro;Dupla;Interse��o de Vias;Sim;3;0;1;0;2;0;1;3;-27,647;-48,673;SPRF-SC;DEL01-SC;UOP02-DEL01-SC;;;
696514;07/06/2025;s�bado;13:20:00;PI;316;5;TERESINA;Acessar a via sem observar a presen�a dos outros ve�culos;Colis�o lateral mesmo sentido;Sem V�timas;Pleno dia;Decrescente;C�u Claro;Dupla;Declive;Sim;2;0;0;0;2;0;0;2;-5,144608;-42,776142;SPRF-PI;DEL01-PI;UOP02-DEL01-PI;;;
696515;07/06/2025;s�bado;12:30:00;PR;369;172;ROLANDIA;Acessar a via sem observar a presen�a dos outros ve�culos;Colis�o transversal;Com V�timas Feridas;Pleno dia;Decrescente;C�u Claro;Simples;Interse��o de Vias;Sim;3;0;1;0;2;0;1;2;-23,31715381;-51,37787461;SPRF-PR;DEL07-PR;UOP01-DEL07-PR;;;
696516;07/06/2025;s�bado;12:30:00;ES;262;38;DOMINGOS MARTINS;Acessar a via sem observar a presen�a dos outros ve�culos;Colis�o transversal;Com V�timas Feridas;Pleno dia;Crescente;C�u Claro;Simples;Reta;N�o;5;0;1;0;3;1;1;2;-20,38049515;-40,6294477;SPRF-ES;DEL01-ES;UOP01-DEL01-ES;;;
696519;07/06/2025;s�bado;15:00:00;MG;381;2;BETIM;Aus�ncia de rea��o do condutor;Tombamento;Com V�timas Feridas;Pleno dia;Crescente;C�u Claro;M�ltipla;Reta;N�o;2;0;2;0;0;0;2;1;-19,9809624;-44,162757;SPRF-MG;DEL01-MG;UOP03-DEL01-MG;;;
696520;07/06/2025;s�bado;14:40:00;SC;282;3,4;FLORIANOPOLIS;Trafegar com motocicleta (ou similar) entre as faixas;Colis�o lateral mesmo sentido;Com V�timas Feridas;Pleno dia;Decrescente;Nublado;M�ltipla;Reta;Sim;2;0;1;0;1;0;1;2;-27,59694;-48,60135;SPRF-SC;DEL01-SC;UOP01-DEL01-SC;;;
696521;07/06/2025;s�bado;15:00:00;PI;343;265;CAMPO MAIOR;Ingest�o de �lcool pelo condutor;Colis�o traseira;Com V�timas Feridas;Pleno dia;Crescente;C�u Claro;Simples;Reta;Sim;2;0;1;0;1;0;1;2;-4,849664;-42,1855232;SPRF-PI;DEL01-PI;UOP03-DEL01-PI;;;
696524;06/06/2025;sexta-feira;16:50:00;PB;230;410;POMBAL;Ingest�o de �lcool pelo condutor;Tombamento;Com V�timas Feridas;Plena Noite;Crescente;C�u Claro;Simples;Reta;Sim;2;0;1;1;0;0;2;2;-6,72068332;-37,66955495;SPRF-PB;DEL03-PB;UOP02-DEL03-PB;;;
696525;07/06/2025;s�bado;14:40:00;BA;324;617;SALVADOR;Ultrapassagem Indevida;Atropelamento de Pedestre;Com V�timas Feridas;Pleno dia;Decrescente;C�u Claro;Dupla;Reta;Sim;3;0;1;0;2;0;1;3;-12,89342666;-38,44666839;SPRF-BA;DEL01-BA;UOP01-DEL01-BA;;;
696526;12/05/2025;segunda-feira;19:00:00;BA;324;599;SIMOES FILHO;Condutor deixou de manter dist�ncia do ve�culo da frente;Colis�o traseira;Com V�timas Feridas;Plena Noite;Decrescente;Nublado;M�ltipla;Reta;N�o;3;0;2;0;1;0;2;2;-12,7522296;-38,43047202;SPRF-BA;DEL01-BA;UOP01-DEL01-BA;;;
696528;07/06/2025;s�bado;10:30:00;RO;364;325,4;PRESIDENTE MEDICI;Mal s�bito do condutor;Colis�o transversal;Com V�timas Feridas;Pleno dia;Decrescente;Sol;Simples;Curva;N�o;2;0;1;0;1;0;1;2;-11,02036;-61,929637;SPRF-RO;DEL02-RO;UOP01-DEL02-RO;;;
696529;07/06/2025;s�bado;15:30:00;ES;101;61,3;SAO MATEUS;Acessar a via sem observar a presen�a dos outros ve�culos;Colis�o transversal;Com V�timas Feridas;Pleno dia;Crescente;C�u Claro;Simples;Reta;Sim;2;0;1;1;0;0;2;2;-18,68373205;-39,86337662;SPRF-ES;DEL04-ES;UOP02-DEL04-ES;;;
696531;07/06/2025;s�bado;08:30:00;RJ;40;62;PETROPOLIS;Aus�ncia de rea��o do condutor;Colis�o com objeto;Com V�timas Feridas;Pleno dia;Decrescente;Nublado;Dupla;"Curva;Declive";Sim;1;0;0;1;0;0;1;1;-22,41207988;-43,1491363;SPRF-RJ;DEL05-RJ;UOP02-DEL05-RJ;;;
696532;07/06/2025;s�bado;10:50:00;MG;116;642,3;FERVEDOURO;Convers�o proibida;Colis�o lateral sentido oposto;Com V�timas Feridas;Pleno dia;Crescente;Nublado;Simples;Curva;N�o;3;0;2;0;1;0;2;2;-20,66041366;-42,26715088;SPRF-MG;DEL07-MG;UOP02-DEL07-MG;;;
696533;07/06/2025;s�bado;11:50:00;MT;174;574;COMODORO;Manobra de mudan�a de faixa;Capotamento;Com V�timas Feridas;Pleno dia;Crescente;C�u Claro;Simples;Reta;N�o;3;0;2;1;0;0;3;1;-12,94148703;-60,04120287;SPRF-MT;DEL04-MT;UOP02-DEL04-MT;;;
696536;07/06/2025;s�bado;14:30:00;MG;381;648;SANTO ANTONIO DO AMPARO;Demais falhas mec�nicas ou el�tricas;Capotamento;Com V�timas Feridas;Pleno dia;Crescente;C�u Claro;Dupla;Reta;N�o;3;0;1;1;1;0;2;1;-20,95430605;-44,8939991;SPRF-MG;DEL04-MG;UOP02-DEL04-MG;;;
696537;07/06/2025;s�bado;13:03:00;MT;364;273;JACIARA;Rea��o tardia ou ineficiente do condutor;Queda de ocupante de ve�culo;Com V�timas Feridas;Pleno dia;Decrescente;C�u Claro;Dupla;Reta;Sim;1;0;1;0;0;0;1;1;-15,959039;-54,971957;SPRF-MT;DEL05-MT;UOP02-DEL05-MT;;;
696538;07/06/2025;s�bado;16:00:00;BA;101;742,7;ITABELA;Rea��o tardia ou ineficiente do condutor;Colis�o com objeto;Com V�timas Fatais;Pleno dia;Crescente;C�u Claro;Simples;"Reta;Declive";N�o;1;1;0;0;0;0;0;1;-16,557347;-39,568053;SPRF-BA;DEL09-BA;UOP01-DEL09-BA;;;
696539;07/06/2025;s�bado;16:30:00;ES;101;282,4;CARIACICA;Avarias e/ou desgaste excessivo no pneu;Queda de ocupante de ve�culo;Com V�timas Feridas;Pleno dia;Decrescente;Nublado;Dupla;Reta;N�o;2;0;1;0;1;0;1;1;-20,22700071;-40,36444394;SPRF-ES;DEL01-ES;UOP01-DEL01-ES;;;
696540;07/06/2025;s�bado;15:00:00;MG;116;183;TEOFILO OTONI;Aus�ncia de rea��o do condutor;Tombamento;Com V�timas Feridas;Pleno dia;Crescente;C�u Claro;Simples;Curva;N�o;1;0;0;1;0;0;1;1;-17,8720314;-41,5199488;SPRF-MG;DEL11-MG;UOP01-DEL11-MG;;;
696542;07/06/2025;s�bado;16:50:00;RS;290;60;GRAVATAI;Demais falhas mec�nicas ou el�tricas;Inc�ndio;Sem V�timas;Pleno dia;Decrescente;Nublado;Dupla;Reta;N�o;1;0;0;0;1;0;0;1;-29,925478;-50,859276;SPRF-RS;DEL03-RS;UOP01-DEL03-RS;;;
696544;07/06/2025;s�bado;16:20:00;PI;343;338,4;TERESINA;Aus�ncia de rea��o do condutor;Capotamento;Sem V�timas;Pleno dia;Crescente;C�u Claro;Dupla;Reta;Sim;1;0;0;0;1;0;0;1;-5,064382;-42,726688;SPRF-PI;DEL01-PI;UOP01-DEL01-PI;;;
696547;07/06/2025;s�bado;16:02:00;RO;319;63;PORTO VELHO;Acessar a via sem observar a presen�a dos outros ve�culos;Colis�o transversal;Com V�timas Feridas;Pleno dia;Decrescente;C�u Claro;Dupla;"Interse��o de Vias;Reta";Sim;3;0;1;0;2;0;1;2;-8,8080384;-63,7599744;SPRF-RO;DEL01-RO;UOP01-DEL01-RO;;;
696548;07/06/2025;s�bado;16:40:00;SC;470;58,3;BLUMENAU;Rea��o tardia ou ineficiente do condutor;Colis�o traseira;Com V�timas Feridas;Anoitecer;Decrescente;Nublado;Simples;"Em Obras;Desvio Tempor�rio;Viaduto;Reta";N�o;3;0;2;0;1;0;2;2;-26,88443;-49,14853;SPRF-SC;DEL04-SC;UOP01-DEL04-SC;;;
696549;07/06/2025;s�bado;16:20:00;MS;163;23,9;MUNDO NOVO;Avarias e/ou desgaste excessivo no pneu;Colis�o com objeto;Com V�timas Feridas;Pleno dia;Crescente;Nublado;Simples;"Declive;Reta";N�o;1;0;1;0;0;0;1;1;-23,898263;-54,306398;SPRF-MS;DEL09-MS;UOP02-DEL09-MS;;;
696551;07/06/2025;s�bado;17:25:00;RS;285;567,7;SAO LUIZ GONZAGA;Manobra de mudan�a de faixa;Sa�da de leito carro��vel;Com V�timas Feridas;Pleno dia;Decrescente;Nublado;Simples;Reta;Sim;1;0;1;0;0;0;1;1;-28,41936;-54,954373;SPRF-RS;DEL12-RS;UOP01-DEL12-RS;;;
696552;07/06/2025;s�bado;17:00:00;PE;101;63;RECIFE;Aus�ncia de rea��o do condutor;Colis�o traseira;Sem V�timas;Anoitecer;Crescente;C�u Claro;Dupla;Reta;N�o;1;0;0;0;0;1;0;1;-8,00871859;-34,93731737;SPRF-PE;DEL01-PE;UOP01-DEL01-PE;;;
696553;13/04/2025;domingo;18:10:00;MG;116;572,6;MANHUACU;Aus�ncia de rea��o do condutor;Colis�o traseira;Com V�timas Feridas;Plena Noite;Crescente;C�u Claro;Simples;"Reta;Aclive";N�o;9;0;4;0;5;0;4;5;-20,135237;-42,178995;SPRF-MG;DEL06-MG;UOP03-DEL06-MG;;;
696555;10/03/2025;segunda-feira;07:50:00;RJ;101;274;SILVA JARDIM;Aus�ncia de rea��o do condutor;Colis�o com objeto;Com V�timas Feridas;Pleno dia;Crescente;C�u Claro;Dupla;Reta;N�o;2;0;0;2;0;0;2;1;-22,56241824;-42,35993577;SPRF-RJ;DEL02-RJ;UOP03-DEL02-RJ;;;
696556;07/06/2025;s�bado;16:30:00;BA;242;255;ITABERABA;Convers�o proibida;Colis�o transversal;Com V�timas Feridas;Pleno dia;Crescente;Nublado;Simples;"Reta;Aclive";N�o;4;0;2;0;2;0;2;2;-12,4979;-40,4098;SPRF-BA;DEL06-BA;UOP02-DEL06-BA;;;
696557;07/06/2025;s�bado;17:30:00;TO;10;458,1;PALMAS;Retorno proibido;Colis�o traseira;Com V�timas Feridas;Pleno dia;Crescente;C�u Claro;Dupla;Reta;Sim;2;0;1;0;0;1;1;2;-10,275954;-48,302608;SPRF-TO;DEL01-TO;UOP03-DEL01-TO;;;
696559;07/06/2025;s�bado;17:30:00;ES;101;14;SERRA;Avarias e/ou desgaste excessivo no pneu;Tombamento;Com V�timas Feridas;Anoitecer;Crescente;C�u Claro;Dupla;Curva;N�o;2;0;1;1;0;0;2;1;-20,20632;-40,333585;SPRF-ES;DEL02-ES;UOP01-DEL02-ES;;;
696563;07/06/2025;s�bado;07:50:00;MG;262;419,2;IGARATINGA;Velocidade Incompat�vel;Sa�da de leito carro��vel;Sem V�timas;Pleno dia;Crescente;C�u Claro;Dupla;Reta;N�o;1;0;0;0;0;1;0;1;-19,89266006;-44,75212097;SPRF-MG;DEL08-MG;UOP03-DEL08-MG;;;
696566;07/06/2025;s�bado;18:00:00;SC;282;504,5;XANXERE;Ingest�o de �lcool pelo condutor;Colis�o lateral sentido oposto;Com V�timas Feridas;Plena Noite;Crescente;Chuva;Simples;Interse��o de Vias;N�o;2;0;1;0;1;0;1;2;-26,884279;-52,408466;SPRF-SC;DEL07-SC;UOP01-DEL07-SC;;;
696567;07/06/2025;s�bado;18:10:00;RS;470;224;BENTO GONCALVES;Frear bruscamente;Colis�o traseira;Com V�timas Feridas;Plena Noite;Decrescente;Nublado;Simples;"Reta;Declive";Sim;6;0;1;0;5;0;1;3;-29,1768456;-51,5209577;SPRF-RS;DEL06-RS;UOP01-DEL06-RS;;;
696568;07/06/2025;s�bado;14:00:00;MT;163;558,9;DIAMANTINO;Condutor deixou de manter dist�ncia do ve�culo da frente;Colis�o traseira;Sem V�timas;Pleno dia;Crescente;C�u Claro;Simples;Reta;N�o;2;0;0;0;2;0;0;2;-14,1647148;-56,09137774;SPRF-MT;DEL01-MT;UOP01-DEL01-MT;;;
696570;07/06/2025;s�bado;18:30:00;RS;290;91;PORTO ALEGRE;Condutor deixou de manter dist�ncia do ve�culo da frente;Colis�o traseira;Com V�timas Feridas;Plena Noite;Decrescente;C�u Claro;M�ltipla;"Retorno Regulamentado;Reta";Sim;3;0;1;0;2;0;1;2;-29,96954625;-51,16956353;SPRF-RS;DEL01-RS;UOP01-DEL01-RS;;;
696571;07/06/2025;s�bado;18:00:00;PE;101;46;IGARASSU;Entrada inopinada do pedestre;Atropelamento de Pedestre;Com V�timas Feridas;Plena Noite;Decrescente;C�u Claro;Dupla;Reta;Sim;2;0;0;2;0;0;2;2;-7,874404;-34,9058005;SPRF-PE;DEL01-PE;UOP02-DEL01-PE;;;
696572;07/06/2025;s�bado;19:00:00;SP;116;223;GUARULHOS;Manobra de mudan�a de faixa;Colis�o lateral mesmo sentido;Com V�timas Feridas;Plena Noite;Crescente;Chuva;M�ltipla;Reta;Sim;3;0;1;0;2;0;1;2;-23,47930721;-46,53098881;SPRF-SP;DEL01-SP;UOP01-DEL01-SP;;;
696573;07/06/2025;s�bado;16:40:00;PR;376;250;APUCARANA;Ingest�o de �lcool pelo condutor;Sa�da de leito carro��vel;Com V�timas Feridas;Pleno dia;Decrescente;Nublado;Dupla;Curva;N�o;1;0;0;1;0;0;1;1;-23,616904;-51,395828;SPRF-PR;DEL07-PR;UOP03-DEL07-PR;;;
696575;07/06/2025;s�bado;18:40:00;RJ;116;176;SAO JOAO DE MERITI;Manobra de mudan�a de faixa;Colis�o traseira;Com V�timas Feridas;Plena Noite;Crescente;C�u Claro;M�ltipla;Reta;Sim;3;0;1;0;2;0;1;2;-22,78557696;-43,37929599;SPRF-RJ;DEL06-RJ;UOP01-DEL06-RJ;;;
696576;07/06/2025;s�bado;18:30:00;PR;277;70;SAO JOSE DOS PINHAIS;Rea��o tardia ou ineficiente do condutor;Colis�o lateral mesmo sentido;Sem V�timas;Plena Noite;Crescente;Chuva;Dupla;Reta;Sim;9;0;0;0;6;3;0;3;-25,510867;-49,129117;SPRF-PR;DEL01-PR;UOP01-DEL01-PR;;;
696577;07/06/2025;s�bado;18:40:00;PR;158;533;PATO BRANCO;Aus�ncia de rea��o do condutor;Colis�o traseira;Com V�timas Feridas;Plena Noite;Decrescente;Garoa/Chuvisco;Simples;"Reta;Declive";N�o;4;0;2;0;2;0;2;2;-26,2225771;-52,6862044;SPRF-PR;DEL02-PR;UOP01-DEL02-PR;;;
696578;07/06/2025;s�bado;18:45:00;SC;101;63,7;ARAQUARI;Acessar a via sem observar a presen�a dos outros ve�culos;Colis�o transversal;Com V�timas Feridas;Plena Noite;Decrescente;Chuva;Dupla;Reta;N�o;4;0;2;0;2;0;2;3;-26,46092489;-48,75593869;SPRF-SC;DEL03-SC;UOP02-DEL03-SC;;;
696579;07/06/2025;s�bado;18:51:00;SC;101;204,5;SAO JOSE;Pedestre andava na pista;Atropelamento de Pedestre;Com V�timas Feridas;Plena Noite;Decrescente;Nublado;M�ltipla;Reta;Sim;3;0;1;0;0;2;1;2;-27,57614625;-48,61331105;SPRF-SC;DEL01-SC;UOP01-DEL01-SC;;;
696581;07/06/2025;s�bado;16:50:00;MT;364;272;JACIARA;Rea��o tardia ou ineficiente do condutor;Sa�da de leito carro��vel;Com V�timas Feridas;Pleno dia;Decrescente;C�u Claro;Dupla;"Declive;Reta";Sim;1;0;1;0;0;0;1;1;-15,960444;-54,96893;SPRF-MT;DEL05-MT;UOP02-DEL05-MT;;;
696582;07/06/2025;s�bado;19:25:00;SC;101;202;SAO JOSE;Acessar a via sem observar a presen�a dos outros ve�culos;Colis�o transversal;Com V�timas Feridas;Plena Noite;Decrescente;Nublado;M�ltipla;Reta;N�o;2;0;1;0;1;0;1;2;-27,55333889;-48,61912608;SPRF-SC;DEL01-SC;UOP01-DEL01-SC;;;
696583;07/06/2025;s�bado;16:00:00;PR;369;186;ARAPONGAS;Desrespeitar a prefer�ncia no cruzamento;Colis�o transversal;Com V�timas Feridas;Pleno dia;Crescente;C�u Claro;Simples;Rotat�ria;Sim;2;0;1;0;0;1;1;2;-23,41691765;-51,42711846;SPRF-PR;DEL07-PR;UOP03-DEL07-PR;;;
696584;07/06/2025;s�bado;18:40:00;SC;282;213;LAGES;Transitar na contram�o;Colis�o lateral sentido oposto;Com V�timas Feridas;Plena Noite;Decrescente;Nublado;Simples;Reta;N�o;7;0;2;0;5;0;2;3;-27,78525;-50,259306;SPRF-SC;DEL05-SC;UOP01-DEL05-SC;;;
696587;07/06/2025;s�bado;18:30:00;AL;104;37;UNIAO DOS PALMARES;Condutor deixou de manter dist�ncia do ve�culo da frente;Colis�o traseira;Com V�timas Feridas;Plena Noite;Decrescente;C�u Claro;Simples;Reta;N�o;3;0;2;0;0;1;2;2;-9,175544;-36,02994;SPRF-AL;DEL01-AL;UOP02-DEL01-AL;;;
696588;07/06/2025;s�bado;19:25:00;SC;470;146,3;RIO DO SUL;Rea��o tardia ou ineficiente do condutor;Colis�o traseira;Com V�timas Feridas;Plena Noite;Decrescente;Garoa/Chuvisco;Simples;Reta;Sim;4;0;1;0;1;2;1;3;-27,23972398;-49,68473728;SPRF-SC;DEL04-SC;UOP02-DEL04-SC;;;
696589;07/06/2025;s�bado;19:55:00;PR;369;139;IBIPORA;Pedestre - Ingest�o de �lcool/ subst�ncias psicoativas;Atropelamento de Pedestre;Com V�timas Feridas;Plena Noite;Crescente;C�u Claro;Simples;Reta;Sim;2;0;1;0;1;0;1;2;-23,275051;-51,059181;SPRF-PR;DEL07-PR;UOP01-DEL07-PR;;;
696590;07/06/2025;s�bado;19:20:00;RJ;465;21;NOVA IGUACU;Condutor deixou de manter dist�ncia do ve�culo da frente;Engavetamento;Sem V�timas;Plena Noite;Crescente;C�u Claro;Simples;Reta;Sim;3;0;0;0;3;0;0;3;-22,84994107;-43,59931945;SPRF-RJ;DEL06-RJ;UOP02-DEL06-RJ;;;
696591;07/06/2025;s�bado;19:50:00;SP;116;296;ITAPECERICA DA SERRA;Aus�ncia de rea��o do condutor;Colis�o lateral mesmo sentido;Com V�timas Feridas;Plena Noite;Crescente;C�u Claro;Dupla;Reta;Sim;2;0;1;0;1;0;1;1;-23,76852994;-46,90947725;SPRF-SP;DEL04-SP;UOP01-DEL04-SP;;;