id;data_inversa;dia_semana;horario;uf;br;km;municipio;causa_acidente;tipo_acidente;classificacao_acidente;fase_dia;sentido_via;condicao_metereologica;tipo_pista;tracado_via;uso_solo;pessoas;mortos;feridos_leves;feridos_graves;ilesos;ignorados;feridos;veiculos;latitude;longitude;regional;delegacia;uop;;;
696593;07/06/2025;s�bado;19:40:00;CE;116;4;FORTALEZA;Demais falhas mec�nicas ou el�tricas;Colis�o com objeto;Com V�timas Feridas;Plena Noite;Crescente;C�u Claro;M�ltipla;Reta;Sim;2;0;1;1;0;0;2;1;-3,78821756;-38,51070642;SPRF-CE;DEL01-CE;UOP02-DEL01-CE;;;
696594;07/06/2025;s�bado;20:00:00;DF;70;8;BRASILIA;Rea��o tardia ou ineficiente do condutor;Queda de ocupante de ve�culo;Com V�timas Feridas;Plena Noite;Crescente;C�u Claro;Dupla;Reta;Sim;1;0;1;0;0;0;1;1;-15,795287;-48,199093;SPRF-DF;DEL03-DF;UOP02-DEL03-DF;;;
696595;07/06/2025;s�bado;14:20:00;BA;235;350;JUAZEIRO;Acessar a via sem observar a presen�a dos outros ve�culos;Colis�o transversal;Com V�timas Feridas;Pleno dia;Crescente;Sol;Dupla;Reta;Sim;2;0;1;0;0;1;1;2;-9,43678;-40,49832;SPRF-PE;DEL06-PE;UOP01-DEL06-PE;;;
696596;07/06/2025;s�bado;19:10:00;SP;116;34,8;CACHOEIRA PAULISTA;Transitar no Acostamento;Colis�o traseira;Com V�timas Feridas;Plena Noite;Crescente;Nublado;Dupla;"Declive;Reta";N�o;2;0;0;1;1;0;1;2;-22,6586841;-44,96738022;SPRF-SP;DEL08-SP;UOP02-DEL08-SP;;;
696598;07/06/2025;s�bado;18:10:00;RR;432;189;CANTA;Ingest�o de �lcool pelo condutor;Tombamento;Com V�timas Feridas;Anoitecer;Crescente;C�u Claro;Simples;"Declive;Reta";N�o;1;0;1;0;0;0;1;1;2,60280579;-60,61258113;SPRF-RR;DEL01-RR;UOP01-DEL01-RR;;;
696599;07/06/2025;s�bado;15:05:00;MS;158;118,8;APARECIDA DO TABOADO;Retorno proibido;Colis�o frontal;Com V�timas Feridas;Pleno dia;Crescente;C�u Claro;Simples;Reta;N�o;3;0;1;0;2;0;1;2;-19,85456068;-51,12007141;SPRF-MS;DEL08-MS;UOP01-DEL08-MS;;;
696600;07/06/2025;s�bado;20:35:00;BA;101;722;EUNAPOLIS;Rea��o tardia ou ineficiente do condutor;Sa�da de leito carro��vel;Com V�timas Feridas;Plena Noite;Decrescente;C�u Claro;Simples;"Curva;Declive";N�o;3;0;0;1;2;0;1;1;-16,412132;-39,587378;SPRF-BA;DEL09-BA;UOP01-DEL09-BA;;;
696601;07/06/2025;s�bado;20:30:00;SC;280;27,3;ARAQUARI;Acessar a via sem observar a presen�a dos outros ve�culos;Colis�o transversal;Com V�timas Feridas;Plena Noite;Crescente;Chuva;Simples;Reta;Sim;3;0;0;2;1;0;2;2;-26,3998636;-48,7420782;SPRF-SC;DEL03-SC;UOP03-DEL03-SC;;;
696602;07/06/2025;s�bado;16:00:00;RO;174;16;VILHENA;Ultrapassagem Indevida;Queda de ocupante de ve�culo;Com V�timas Feridas;Pleno dia;Decrescente;C�u Claro;Simples;Reta;Sim;2;0;1;0;1;0;1;2;-12,70842304;-60,12338726;SPRF-RO;DEL04-RO;UOP01-DEL04-RO;;;
696604;07/06/2025;s�bado;20:45:00;BA;324;615;SALVADOR;Demais falhas mec�nicas ou el�tricas;Tombamento;Com V�timas Feridas;Plena Noite;Crescente;C�u Claro;Dupla;Reta;N�o;2;0;2;0;0;0;2;1;-12,881279;-38,433306;SPRF-BA;DEL01-BA;UOP01-DEL01-BA;;;
696605;07/06/2025;s�bado;21:00:00;PE;424;95;GARANHUNS;Animais na Pista;Atropelamento de Animal;Com V�timas Feridas;Plena Noite;Decrescente;C�u Claro;Simples;Reta;N�o;3;0;0;2;0;1;2;2;-8,9252828;-36,4913726;SPRF-PE;DEL03-PE;UOP01-DEL03-PE;;;
696606;07/06/2025;s�bado;20:15:00;SC;116;202,4;PONTE ALTA;Rea��o tardia ou ineficiente do condutor;Sa�da de leito carro��vel;Com V�timas Feridas;Plena Noite;Crescente;Chuva;Simples;"Declive;Curva";N�o;1;0;1;0;0;0;1;1;-27,44295;-50,3954;SPRF-SC;DEL05-SC;UOP03-DEL05-SC;;;
696607;07/06/2025;s�bado;20:18:00;SC;116;202,4;PONTE ALTA;Rea��o tardia ou ineficiente do condutor;Colis�o traseira;Com V�timas Feridas;Plena Noite;Crescente;Chuva;Simples;"Declive;Curva";N�o;3;0;1;0;1;1;1;2;-27,442661;-50,395246;SPRF-SC;DEL05-SC;UOP03-DEL05-SC;;;
696608;07/06/2025;s�bado;20:00:00;PA;230;94;SAO JOAO DO ARAGUAIA;Velocidade Incompat�vel;Colis�o frontal;Com V�timas Fatais;Plena Noite;Decrescente;Ignorado;Simples;Reta;N�o;2;2;0;0;0;0;0;2;-5,443293;-48,912123;SPRF-PA;DEL03-PA;UOP01-DEL03-PA;;;
696609;07/06/2025;s�bado;21:00:00;PE;101;78;JABOATAO DOS GUARARAPES;Entrada inopinada do pedestre;Atropelamento de Pedestre;Com V�timas Feridas;Plena Noite;Crescente;Garoa/Chuvisco;Dupla;Reta;Sim;2;0;0;1;0;1;1;2;-8,13818625;-34,94729785;SPRF-PE;DEL01-PE;UOP01-DEL01-PE;;;
696610;07/06/2025;s�bado;19:00:00;PA;230;92;SAO JOAO DO ARAGUAIA;Manobra de mudan�a de faixa;Colis�o lateral sentido oposto;Com V�timas Feridas;Plena Noite;Crescente;C�u Claro;Simples;Reta;N�o;5;0;1;0;4;0;1;2;-5,45537672;-48,89122009;SPRF-PA;DEL03-PA;UOP01-DEL03-PA;;;
696611;07/06/2025;s�bado;20:45:00;RN;304;36,5;MOSSORO;Ingest�o de �lcool pelo condutor;Colis�o com objeto;Com V�timas Feridas;Plena Noite;Decrescente;C�u Claro;Dupla;Reta;Sim;2;0;1;0;1;0;1;1;-5,171822;-37,3589;SPRF-RN;DEL04-RN;UOP02-DEL04-RN;;;
696612;07/06/2025;s�bado;19:05:00;SC;470;27,7;GASPAR;Ingest�o de subst�ncias psicoativas pelo condutor;Capotamento;Com V�timas Feridas;Plena Noite;Crescente;Nublado;Dupla;Curva;N�o;1;0;1;0;0;0;1;1;-26,89335;-48,89214;SPRF-SC;DEL04-SC;UOP01-DEL04-SC;;;
696613;07/06/2025;s�bado;20:30:00;RN;101;101;PARNAMIRIM;Trafegar com motocicleta (ou similar) entre as faixas;Colis�o lateral mesmo sentido;Com V�timas Feridas;Plena Noite;Decrescente;C�u Claro;Dupla;Curva;Sim;2;0;1;0;1;0;1;2;-5,8867089;-35,23049053;SPRF-RN;DEL01-RN;UOP01-DEL01-RN;;;
696615;07/06/2025;s�bado;20:30:00;RS;290;475,6;ROSARIO DO SUL;Aus�ncia de rea��o do condutor;Sa�da de leito carro��vel;Sem V�timas;Plena Noite;Decrescente;C�u Claro;Simples;Reta;N�o;1;0;0;0;1;0;0;1;-30,24011243;-54,87421386;SPRF-RS;DEL11-RS;UOP02-DEL11-RS;;;
696616;07/06/2025;s�bado;20:30:00;PB;230;125;RIACHAO DO BACAMARTE;Acessar a via sem observar a presen�a dos outros ve�culos;Colis�o transversal;Com V�timas Feridas;Plena Noite;Crescente;C�u Claro;Dupla;"Reta;Aclive";N�o;2;0;0;1;1;0;1;2;-7,2571151;-35,6918256;SPRF-PB;DEL02-PB;UOP01-DEL02-PB;;;
696618;07/06/2025;s�bado;20:00:00;RJ;101;504;ANGRA DOS REIS;Acessar a via sem observar a presen�a dos outros ve�culos;Colis�o transversal;Com V�timas Feridas;Plena Noite;Crescente;Nublado;Simples;Reta;Sim;2;0;0;1;1;0;1;2;-22,93532886;-44,39634691;SPRF-RJ;DEL03-RJ;UOP03-DEL03-RJ;;;
696619;07/06/2025;s�bado;20:30:00;SE;235;47;ITABAIANA;Ingest�o de �lcool pelo condutor;Colis�o frontal;Sem V�timas;Plena Noite;Crescente;Garoa/Chuvisco;Simples;Reta;Sim;5;0;0;0;5;0;0;3;-10,73668146;-37,40784645;SPRF-SE;DEL01-SE;UOP02-DEL01-SE;;;
696621;07/06/2025;s�bado;18:00:00;SC;101;206;SAO JOSE;Rea��o tardia ou ineficiente do condutor;Colis�o traseira;Com V�timas Feridas;Plena Noite;Decrescente;C�u Claro;M�ltipla;Reta;Sim;6;0;1;0;5;0;1;3;-27,59103459;-48,61778917;SPRF-SC;DEL01-SC;UOP01-DEL01-SC;;;
696622;07/06/2025;s�bado;21:00:00;SC;101;165,4;TIJUCAS;Objeto est�tico sobre o leito carro��vel;Colis�o com objeto;Sem V�timas;Plena Noite;Crescente;Chuva;Dupla;Reta;N�o;1;0;0;0;1;0;0;1;-27,25301248;-48,63155929;SPRF-SC;DEL04-SC;UOP03-DEL04-SC;;;
696623;07/06/2025;s�bado;21:15:00;GO;60;101,9;ANAPOLIS;Ingest�o de �lcool pelo condutor;Sa�da de leito carro��vel;Sem V�timas;Plena Noite;Crescente;C�u Claro;Dupla;Reta;N�o;1;0;0;0;1;0;0;1;-16,40485767;-48,98103333;SPRF-GO;DEL02-GO;UOP01-DEL02-GO;;;
696624;07/06/2025;s�bado;20:50:00;BA;407;100;JAGUARARI;Ultrapassagem Indevida;Colis�o frontal;Com V�timas Feridas;Plena Noite;Crescente;C�u Claro;Simples;Reta;N�o;2;0;0;1;1;0;1;2;-10,2396542;-40,2016846;SPRF-BA;DEL04-BA;UOP01-DEL04-BA;;;
696625;07/06/2025;s�bado;21:30:00;RJ;116;144;DUQUE DE CAXIAS;Manobra de mudan�a de faixa;Colis�o lateral mesmo sentido;Com V�timas Feridas;Plena Noite;Crescente;C�u Claro;Dupla;Reta;N�o;3;0;1;1;0;1;2;2;-22,654066;-43,2383966;SPRF-RJ;DEL01-RJ;UOP02-DEL01-RJ;;;
696626;07/06/2025;s�bado;18:20:00;RS;287;454;SAO BORJA;Rea��o tardia ou ineficiente do condutor;Queda de ocupante de ve�culo;Com V�timas Feridas;Plena Noite;Decrescente;C�u Claro;Simples;Reta;N�o;1;0;1;0;0;0;1;1;-28,991628;-55,300399;SPRF-RS;DEL12-RS;UOP01-DEL12-RS;;;
696627;07/06/2025;s�bado;21:17:00;PE;316;26;ARARIPINA;Pedestre andava na pista;Atropelamento de Pedestre;Com V�timas Feridas;Plena Noite;Crescente;C�u Claro;Simples;"Reta;Declive";Sim;2;0;0;1;0;1;1;2;-7,60390506;-40,48995414;SPRF-PE;DEL05-PE;UOP02-DEL05-PE;;;
696628;07/06/2025;s�bado;21:07:00;PE;232;504;SALGUEIRO;Condutor Dormindo;Capotamento;Sem V�timas;Plena Noite;Decrescente;C�u Claro;Simples;"Reta;Aclive";N�o;1;0;0;0;0;1;0;1;-8,055262;-39,091025;SPRF-PE;DEL05-PE;UOP01-DEL05-PE;;;
696629;07/06/2025;s�bado;21:00:00;BA;135;164;BARREIRAS;Ingest�o de �lcool pelo condutor;Colis�o frontal;Com V�timas Feridas;Plena Noite;Decrescente;C�u Claro;Simples;Reta;N�o;2;0;1;0;1;0;1;2;-12,06337347;-44,96823907;SPRF-BA;DEL10-BA;UOP01-DEL10-BA;;;
696631;22/03/2025;s�bado;19:15:00;PI;316;95,2;BARRO DURO;Aus�ncia de rea��o do condutor;Colis�o transversal;Sem V�timas;Plena Noite;Crescente;C�u Claro;Simples;Reta;Sim;2;0;0;0;1;1;0;2;-5,811633;-42,51921;SPRF-PI;DEL04-PI;UOP02-DEL04-PI;;;
696632;07/06/2025;s�bado;21:45:00;RN;101;73,7;SAO GONCALO DO AMARANTE;Animais na Pista;Atropelamento de Animal;Com V�timas Feridas;Plena Noite;Crescente;Nublado;Simples;Reta;N�o;3;0;1;1;0;1;2;2;-5,708946;-35,269336;SPRF-RN;DEL02-RN;UOP01-DEL02-RN;;;
696633;07/06/2025;s�bado;22:50:00;MG;262;35;MANHUACU;Acessar a via sem observar a presen�a dos outros ve�culos;Colis�o transversal;Com V�timas Feridas;Plena Noite;Decrescente;Nublado;Simples;Reta;Sim;3;0;2;0;1;0;2;2;-20,2504843;-42,1473807;SPRF-MG;DEL06-MG;UOP03-DEL06-MG;;;
696634;07/06/2025;s�bado;21:15:00;SC;282;15,5;PALHOCA;Rea��o tardia ou ineficiente do condutor;Colis�o com objeto;Sem V�timas;Plena Noite;Decrescente;C�u Claro;Simples;"Interse��o de Vias;Curva";Sim;1;0;0;0;0;1;0;1;-27,65589538;-48,67934542;SPRF-SC;DEL01-SC;UOP02-DEL01-SC;;;
696635;07/06/2025;s�bado;22:40:00;PI;343;12,8;BURITI DOS LOPES;Condutor desrespeitou a ilumina��o vermelha do sem�foro;Colis�o transversal;Com V�timas Feridas;Plena Noite;Crescente;C�u Claro;Dupla;Reta;Sim;3;0;2;0;1;0;2;2;-3,15045746;-41,80503845;SPRF-PI;DEL05-PI;UOP01-DEL05-PI;;;
696636;07/06/2025;s�bado;22:30:00;PR;369;196,1;APUCARANA;Acessar a via sem observar a presen�a dos outros ve�culos;Colis�o traseira;Com V�timas Feridas;Plena Noite;Decrescente;Chuva;Dupla;Reta;N�o;5;0;1;0;4;0;1;2;-23,509777;-51,4258248;SPRF-PR;DEL07-PR;UOP03-DEL07-PR;;;
696637;07/06/2025;s�bado;20:45:00;MT;163;692;SORRISO;Aus�ncia de rea��o do condutor;Sa�da de leito carro��vel;Sem V�timas;Plena Noite;Crescente;C�u Claro;Simples;Reta;N�o;1;0;0;0;0;1;0;1;-13,04396493;-55,90371609;SPRF-MT;DEL06-MT;UOP01-DEL06-MT;;;
696639;07/06/2025;s�bado;20:50:00;TO;242;474;FORMOSO DO ARAGUAIA;Ingest�o de �lcool pelo condutor;Sa�da de leito carro��vel;Com V�timas Feridas;Plena Noite;Crescente;C�u Claro;Simples;Reta;N�o;2;0;1;1;0;0;2;1;-11,7936588;-49,7210879;SPRF-TO;DEL01-TO;UOP02-DEL01-TO;;;
696640;07/06/2025;s�bado;23:35:00;PR;369;129;JATAIZINHO;Aus�ncia de rea��o do condutor;Tombamento;Com V�timas Feridas;Plena Noite;Crescente;Nublado;Dupla;Curva;Sim;1;0;1;0;0;0;1;1;-23,25728363;-50,98490112;SPRF-PR;DEL07-PR;UOP01-DEL07-PR;;;
696641;07/06/2025;s�bado;21:30:00;PR;116;152;MANDIRITUBA;Transitar na contram�o;Colis�o lateral sentido oposto;Sem V�timas;Plena Noite;Decrescente;Garoa/Chuvisco;Simples;Declive;N�o;3;0;0;0;3;0;0;2;-25,86633822;-49,36438399;SPRF-PR;DEL01-PR;UOP03-DEL01-PR;;;
696642;07/06/2025;s�bado;22:50:00;MG;116;410,4;GOVERNADOR VALADARES;Velocidade Incompat�vel;Tombamento;Com V�timas Feridas;Plena Noite;Decrescente;C�u Claro;M�ltipla;Reta;Sim;1;0;1;0;0;0;1;1;-18,86135651;-41,97412491;SPRF-MG;DEL06-MG;UOP01-DEL06-MG;;;
696646;07/06/2025;s�bado;23:00:00;SC;101;3,3;ARARANGUA;Desrespeitar a prefer�ncia no cruzamento;Colis�o transversal;Com V�timas Feridas;Plena Noite;Crescente;C�u Claro;Simples;Curva;Sim;2;0;0;1;1;0;1;2;-28,94679032;-49,50528352;SPRF-SC;DEL02-SC;UOP02-DEL02-SC;;;
696647;07/06/2025;s�bado;20:29:00;RO;174;14;VILHENA;Rea��o tardia ou ineficiente do condutor;Colis�o com objeto;Com V�timas Feridas;Plena Noite;Decrescente;C�u Claro;M�ltipla;Reta;Sim;3;0;1;0;1;1;1;3;-12,73797501;-60,13141644;SPRF-RO;DEL04-RO;UOP01-DEL04-RO;;;
696650;08/06/2025;domingo;00:01:00;SC;101;460;PASSO DE TORRES;Aus�ncia de rea��o do condutor;Sa�da de leito carro��vel;Com V�timas Feridas;Plena Noite;Decrescente;Garoa/Chuvisco;Dupla;Reta;N�o;1;0;1;0;0;0;1;1;-29,2645542;-49,7553027;SPRF-RS;DEL03-RS;UOP02-DEL03-RS;;;
696651;07/06/2025;s�bado;22:00:00;PA;316;151;CAPANEMA;Acessar a via sem observar a presen�a dos outros ve�culos;Colis�o traseira;Com V�timas Feridas;Plena Noite;Decrescente;C�u Claro;Simples;Reta;N�o;2;0;1;1;0;0;2;2;-1,21996673;-47,17126036;SPRF-PA;DEL01-PA;UOP03-DEL01-PA;;;
696653;08/06/2025;domingo;01:00:00;SP;116;211;GUARULHOS;Manobra de mudan�a de faixa;Colis�o traseira;Com V�timas Feridas;Plena Noite;Crescente;C�u Claro;M�ltipla;Reta;Sim;2;0;1;0;1;0;1;2;-23,43472684;-46,42233789;SPRF-SP;DEL01-SP;UOP01-DEL01-SP;;;
696654;07/06/2025;s�bado;23:40:00;MT;174;293;PONTES E LACERDA;Ingest�o de �lcool pelo condutor;Queda de ocupante de ve�culo;Sem V�timas;Plena Noite;Crescente;C�u Claro;Simples;Reta;N�o;1;0;0;0;1;0;0;1;-15,2084685;-59,3209875;SPRF-MT;DEL04-MT;UOP01-DEL04-MT;;;
696655;08/06/2025;domingo;00:55:00;CE;116;9;FORTALEZA;Aus�ncia de rea��o do condutor;Colis�o lateral mesmo sentido;Com V�timas Feridas;Plena Noite;Crescente;C�u Claro;Dupla;Reta;Sim;2;0;1;0;0;1;1;2;-3,83213051;-38,50464852;SPRF-CE;DEL01-CE;UOP02-DEL01-CE;;;
696656;08/06/2025;domingo;00:40:00;PR;369;196;APUCARANA;Ingest�o de �lcool pelo condutor;Sa�da de leito carro��vel;Com V�timas Feridas;Plena Noite;Decrescente;Garoa/Chuvisco;Dupla;Reta;N�o;2;0;1;0;1;0;1;1;-23,509262;-51,425868;SPRF-PR;DEL07-PR;UOP03-DEL07-PR;;;
696657;07/06/2025;s�bado;22:45:00;SP;101;52;UBATUBA;Acessar a via sem observar a presen�a dos outros ve�culos;Colis�o transversal;Com V�timas Feridas;Plena Noite;Decrescente;C�u Claro;Simples;Reta;Sim;2;0;1;0;1;0;1;2;-23,46072989;-45,06653881;SPRF-SP;DEL06-SP;UOP01-DEL06-SP;;;
696658;08/06/2025;domingo;00:30:00;PR;116;116;CURITIBA;Rea��o tardia ou ineficiente do condutor;Colis�o com objeto;Com V�timas Feridas;Plena Noite;Crescente;Chuva;M�ltipla;Reta;Sim;1;0;1;0;0;0;1;1;-25,5555887;-49,30636;SPRF-PR;DEL01-PR;UOP03-DEL01-PR;;;
696659;08/06/2025;domingo;00:10:00;MG;381;386;SAO GONCALO DO RIO ABAIXO;Rea��o tardia ou ineficiente do condutor;Capotamento;Com V�timas Feridas;Plena Noite;Crescente;C�u Claro;Simples;Reta;N�o;1;0;1;0;0;0;1;1;-19,824873;-43,385672;SPRF-MG;DEL01-MG;UOP01-DEL01-MG;;;
696661;08/06/2025;domingo;01:00:00;BA;415;24;ILHEUS;Ingest�o de �lcool pelo condutor;Colis�o frontal;Com V�timas Feridas;Plena Noite;Decrescente;Nevoeiro/Neblina;Simples;Reta;Sim;2;0;1;0;1;0;1;2;-14,79827129;-39,17557895;SPRF-BA;DEL05-BA;UOP01-DEL05-BA;;;
696662;08/06/2025;domingo;01:30:00;PR;116;90;CAMPINA GRANDE DO SUL;Ingest�o de �lcool pelo condutor;Colis�o traseira;Sem V�timas;Plena Noite;Crescente;Chuva;Dupla;Reta;N�o;5;0;0;0;5;0;0;2;-25,29393;-49,06546;SPRF-PR;DEL01-PR;UOP07-DEL01-PR;;;
696663;08/06/2025;domingo;00:15:00;RO;364;203,5;PIMENTA BUENO;Animais na Pista;Atropelamento de Animal;Sem V�timas;Plena Noite;Crescente;C�u Claro;Simples;"Reta;Aclive";N�o;4;0;0;0;4;0;0;1;-11,625782;-61,2084;SPRF-RO;DEL02-RO;UOP02-DEL02-RO;;;
696664;08/06/2025;domingo;01:00:00;PR;476;159;ARAUCARIA;Ingest�o de �lcool pelo condutor;Sa�da de leito carro��vel;Sem V�timas;Plena Noite;Decrescente;Chuva;Simples;Interse��o de Vias;N�o;2;0;0;0;2;0;0;1;-25,6156905;-49,4267878;SPRF-PR;DEL01-PR;UOP06-DEL01-PR;;;
696665;08/06/2025;domingo;01:40:00;MG;381;519,2;IGARAPE;Ingest�o de �lcool pelo condutor;Colis�o com objeto;Com V�timas Feridas;Plena Noite;Crescente;C�u Claro;Dupla;"Aclive;Curva";N�o;1;0;0;1;0;0;1;1;-20,108754;-44,314589;SPRF-MG;DEL01-MG;UOP03-DEL01-MG;;;
696666;08/06/2025;domingo;02:00:00;RJ;40;46;PETROPOLIS;Ilumina��o deficiente;Sa�da de leito carro��vel;Sem V�timas;Plena Noite;Crescente;Ignorado;Simples;Reta;N�o;1;0;0;0;1;0;0;1;-22,28697198;-43,12176704;SPRF-RJ;DEL05-RJ;UOP02-DEL05-RJ;;;
696667;08/06/2025;domingo;01:45:00;PR;376;165,9;MARINGA;Acumulo de �gua sobre o pavimento;Tombamento;Com V�timas Feridas;Plena Noite;Decrescente;Chuva;Dupla;"Reta;Aclive";N�o;2;0;0;2;0;0;2;2;-23,3892405;-52,016797;SPRF-PR;DEL09-PR;UOP01-DEL09-PR;;;
696668;08/06/2025;domingo;01:50:00;SC;470;45;GASPAR;Rea��o tardia ou ineficiente do condutor;Sa�da de leito carro��vel;Com V�timas Feridas;Plena Noite;Crescente;Chuva;Simples;"Reta;Em Obras";N�o;3;0;2;0;1;0;2;2;-26,864651;-49,033618;SPRF-SC;DEL04-SC;UOP01-DEL04-SC;;;
696669;07/06/2025;s�bado;23:30:00;PA;155;339;MARABA;Transitar na contram�o;Colis�o lateral sentido oposto;Sem V�timas;Plena Noite;Crescente;C�u Claro;Simples;Reta;N�o;2;0;0;0;1;1;0;2;-5,401352;-49,0765;SPRF-PA;DEL03-PA;UOP01-DEL03-PA;;;
696670;08/06/2025;domingo;02:40:00;SC;280;27;ARAQUARI;Chuva;Colis�o lateral sentido oposto;Com V�timas Feridas;Plena Noite;Crescente;Chuva;Simples;Reta;Sim;3;0;0;1;2;0;1;2;-26,39509354;-48,73906223;SPRF-SC;DEL03-SC;UOP03-DEL03-SC;;;
696671;08/06/2025;domingo;02:20:00;PR;153;26,7;JACAREZINHO;Condutor Dormindo;Sa�da de leito carro��vel;Sem V�timas;Plena Noite;Crescente;C�u Claro;Simples;Reta;N�o;1;0;0;0;1;0;0;1;-23,20851241;-49,98667113;SPRF-PR;DEL07-PR;UOP04-DEL07-PR;;;
696672;08/06/2025;domingo;02:10:00;MS;163;344;RIO BRILHANTE;Ingest�o de �lcool pelo condutor;Colis�o com objeto;Sem V�timas;Plena Noite;Crescente;C�u Claro;Simples;"Reta;Declive";N�o;1;0;0;0;1;0;0;1;-21,63446;-54,42666;SPRF-MS;DEL02-MS;UOP02-DEL02-MS;;;
696675;07/06/2025;s�bado;22:30:00;PR;277;629,7;CEU AZUL;Ingest�o de �lcool pelo condutor;Sa�da de leito carro��vel;Sem V�timas;Pleno dia;Crescente;Nevoeiro/Neblina;Simples;Reta;N�o;1;0;0;0;1;0;0;1;-25,11202586;-53,7921524;SPRF-PR;DEL05-PR;UOP02-DEL05-PR;;;
696677;08/06/2025;domingo;03:10:00;GO;70;7;AGUAS LINDAS DE GOIAS;Ingest�o de �lcool pelo condutor;Colis�o com objeto;Com V�timas Feridas;Pleno dia;Decrescente;C�u Claro;Dupla;Reta;Sim;4;0;3;0;1;0;3;1;-15,74456102;-48,26742847;SPRF-DF;DEL03-DF;UOP02-DEL03-DF;;;
696682;08/06/2025;domingo;03:50:00;PA;163;985;SANTAREM;Ingest�o de �lcool pelo condutor;Colis�o frontal;Com V�timas Feridas;Plena Noite;Decrescente;C�u Claro;Simples;Reta;Sim;2;0;0;1;1;0;1;2;-2,59463275;-54,72015381;SPRF-PA;DEL05-PA;UOP01-DEL05-PA;;;
696683;08/06/2025;domingo;04:20:00;SC;280;129,4;RIO NEGRINHO;Aus�ncia de rea��o do condutor;Colis�o com objeto;Com V�timas Feridas;Plena Noite;Crescente;Garoa/Chuvisco;Simples;"Reta;Viaduto";Sim;2;0;1;1;0;0;2;1;-26,249013;-49,526246;SPRF-SC;DEL06-SC;UOP03-DEL06-SC;;;
696684;08/06/2025;domingo;04:20:00;PR;277;46,5;MORRETES;Rea��o tardia ou ineficiente do condutor;Colis�o com objeto;Com V�timas Feridas;Plena Noite;Decrescente;Garoa/Chuvisco;Dupla;"Reta;Declive";N�o;1;0;1;0;0;0;1;1;-25,5929231;-48,91272068;SPRF-PR;DEL01-PR;UOP05-DEL01-PR;;;
696685;08/06/2025;domingo;02:56:00;MT;163;849;SINOP;Ingest�o de �lcool pelo condutor;Sa�da de leito carro��vel;Sem V�timas;Plena Noite;Decrescente;C�u Claro;Simples;Reta;N�o;1;0;0;0;1;0;0;1;-11,73056;-55,46126;SPRF-MT;DEL06-MT;UOP02-DEL06-MT;;;
696686;08/06/2025;domingo;04:50:00;MG;262;416;IGARATINGA;Velocidade Incompat�vel;Sa�da de leito carro��vel;Com V�timas Feridas;Plena Noite;Crescente;C�u Claro;Dupla;Reta;N�o;1;0;1;0;0;0;1;1;-19,8907863;-44,70922123;SPRF-MG;DEL08-MG;UOP03-DEL08-MG;;;
696689;08/06/2025;domingo;05:00:00;ES;101;141,5;LINHARES;Rea��o tardia ou ineficiente do condutor;Colis�o com objeto;Sem V�timas;Amanhecer;Crescente;C�u Claro;Dupla;Reta;Sim;1;0;0;0;1;0;0;1;-19,33333628;-40,06851196;SPRF-ES;DEL04-ES;UOP01-DEL04-ES;;;
696690;08/06/2025;domingo;05:00:00;ES;101;289,8;CARIACICA;Rea��o tardia ou ineficiente do condutor;Sa�da de leito carro��vel;Sem V�timas;Plena Noite;Decrescente;Nublado;Dupla;"Reta;Declive";Sim;1;0;0;0;1;0;0;1;-20,2873756;-40,3919448;SPRF-ES;DEL01-ES;UOP01-DEL01-ES;;;
696691;08/06/2025;domingo;02:56:00;MT;163;966;NOVA SANTA HELENA;Rea��o tardia ou ineficiente do condutor;Sa�da de leito carro��vel;Com V�timas Feridas;Plena Noite;Decrescente;C�u Claro;Simples;Reta;N�o;1;0;1;0;0;0;1;1;-10,75858054;-55,14898697;SPRF-MT;DEL06-MT;UOP02-DEL06-MT;;;
696692;08/06/2025;domingo;05:00:00;MG;262;35,8;MANHUACU;Ingest�o de �lcool pelo condutor;Colis�o frontal;Sem V�timas;Plena Noite;Crescente;Nublado;Simples;"Declive;Curva";Sim;2;0;0;0;2;0;0;2;-20,261536;-42,037385;SPRF-MG;DEL06-MG;UOP03-DEL06-MG;;;
696693;08/06/2025;domingo;05:10:00;CE;20;387,5;CAUCAIA;Transitar na contram�o;Colis�o frontal;Com V�timas Fatais;Amanhecer;Crescente;C�u Claro;Simples;"Declive;Reta";N�o;2;1;0;0;1;0;0;2;-3,867617;-38,802313;SPRF-CE;DEL01-CE;UOP01-DEL01-CE;;;
696696;08/06/2025;domingo;05:10:00;RS;386;248,4;SOLEDADE;Acessar a via sem observar a presen�a dos outros ve�culos;Colis�o frontal;Sem V�timas;Plena Noite;Crescente;C�u Claro;Simples;Reta;Sim;16;0;0;0;15;1;0;2;-28,81971;-52,48177;SPRF-RS;DEL04-RS;UOP03-DEL04-RS;;;
696697;08/06/2025;domingo;04:50:00;PB;230;158,6;CAMPINA GRANDE;Acessar a via sem observar a presen�a dos outros ve�culos;Colis�o transversal;Com V�timas Feridas;Amanhecer;Crescente;C�u Claro;Simples;"Em Obras;Reta";N�o;2;0;2;0;0;0;2;2;-7,25691243;-35,92813611;SPRF-PB;DEL02-PB;UOP01-DEL02-PB;;;