id;data_inversa;dia_semana;horario;uf;br;km;municipio;causa_acidente;tipo_acidente;classificacao_acidente;fase_dia;sentido_via;condicao_metereologica;tipo_pista;tracado_via;uso_solo;pessoas;mortos;feridos_leves;feridos_graves;ilesos;ignorados;feridos;veiculos;latitude;longitude;regional;delegacia;uop;;;
696699;08/06/2025;domingo;05:20:00;SC;282;639,1;DESCANSO;Ingest�o de �lcool pelo condutor;Sa�da de leito carro��vel;Com V�timas Feridas;Plena Noite;Decrescente;C�u Claro;Simples;Curva;N�o;1;0;1;0;0;0;1;1;-26,78499973;-53,46150918;SPRF-SC;DEL07-SC;UOP03-DEL07-SC;;;
696700;08/06/2025;domingo;06:00:00;MG;40;780;JUIZ DE FORA;Chuva;Colis�o com objeto;Com V�timas Feridas;Pleno dia;Crescente;C�u Claro;Dupla;Curva;N�o;3;0;1;0;2;0;1;2;-21,6918184;-43,4417523;SPRF-MG;DEL05-MG;UOP01-DEL05-MG;;;
696701;08/06/2025;domingo;06:30:00;SC;282;0;FLORIANOPOLIS;Demais falhas mec�nicas ou el�tricas;Inc�ndio;Sem V�timas;Amanhecer;Crescente;Chuva;Simples;Reta;N�o;1;0;0;0;1;0;0;1;-27,59794;-48,571893;SPRF-SC;DEL01-SC;UOP01-DEL01-SC;;;
696702;08/06/2025;domingo;05:55:00;PR;373;270;PRUDENTOPOLIS;Aus�ncia de rea��o do condutor;Sa�da de leito carro��vel;Sem V�timas;Plena Noite;Decrescente;Garoa/Chuvisco;Simples;Reta;N�o;1;0;0;0;1;0;0;1;-25,225043;-51,027881;SPRF-PR;DEL08-PR;UOP01-DEL08-PR;;;
696703;08/06/2025;domingo;05:40:00;PR;277;242;IRATI;Aus�ncia de rea��o do condutor;Sa�da de leito carro��vel;Sem V�timas;Plena Noite;Crescente;Garoa/Chuvisco;Simples;Reta;N�o;1;0;0;0;0;1;0;1;-25,462422;-50,59561;SPRF-PR;DEL08-PR;UOP02-DEL08-PR;;;
696705;08/06/2025;domingo;04:00:00;SC;101;91;BARRA VELHA;Condutor deixou de manter dist�ncia do ve�culo da frente;Colis�o traseira;Com V�timas Feridas;Plena Noite;Crescente;Garoa/Chuvisco;M�ltipla;Reta;N�o;4;0;1;1;2;0;2;2;-26,67605123;-48,69120669;SPRF-SC;DEL03-SC;UOP02-DEL03-SC;;;
696706;08/06/2025;domingo;06:30:00;PE;424;87;GARANHUNS;Aus�ncia de rea��o do condutor;Sa�da de leito carro��vel;Com V�timas Feridas;Pleno dia;Crescente;Chuva;Simples;Curva;N�o;4;0;3;0;0;1;3;1;-8,8779357;-36,5050027;SPRF-PE;DEL03-PE;UOP01-DEL03-PE;;;
696707;08/06/2025;domingo;06:40:00;PR;376;617;SAO JOSE DOS PINHAIS;Velocidade Incompat�vel;Sa�da de leito carro��vel;Sem V�timas;Amanhecer;Crescente;Nublado;Dupla;Reta;Sim;1;0;0;0;0;1;0;1;-25,5916244;-49,1719613;SPRF-PR;DEL01-PR;UOP04-DEL01-PR;;;
696708;08/06/2025;domingo;06:16:00;TO;153;424;MIRACEMA DO TOCANTINS;Ingest�o de �lcool pelo condutor;Colis�o frontal;Com V�timas Feridas;Amanhecer;Crescente;C�u Claro;Simples;Reta;N�o;4;0;2;1;1;0;3;2;-9,62316947;-48,63316007;SPRF-TO;DEL01-TO;UOP01-DEL01-TO;;;
696709;08/06/2025;domingo;05:50:00;PR;369;18;CAMBARA;Aus�ncia de rea��o do condutor;Sa�da de leito carro��vel;Com V�timas Feridas;Amanhecer;Crescente;Chuva;Simples;"Reta;Aclive";Sim;3;0;3;0;0;0;3;1;-23,03710591;-50,07065177;SPRF-PR;DEL07-PR;UOP05-DEL07-PR;;;
696710;08/06/2025;domingo;05:50:00;SP;116;213;GUARULHOS;Aus�ncia de rea��o do condutor;Colis�o traseira;Com V�timas Feridas;Amanhecer;Decrescente;Nublado;M�ltipla;"Declive;Reta";Sim;3;0;1;0;2;0;1;2;-23,44277395;-46,44195557;SPRF-SP;DEL01-SP;UOP01-DEL01-SP;;;
696711;08/06/2025;domingo;06:55:00;RJ;465;22,5;RIO DE JANEIRO;Condutor Dormindo;Colis�o frontal;Com V�timas Fatais;Pleno dia;Decrescente;C�u Claro;Simples;"Declive;Curva";N�o;3;1;0;1;1;0;1;2;-22,86616;-43,60081;SPRF-RJ;DEL03-RJ;UOP01-DEL03-RJ;;;
696712;08/06/2025;domingo;06:20:00;PR;376;595;CURITIBA;Manobra de mudan�a de faixa;Colis�o lateral mesmo sentido;Com V�timas Feridas;Amanhecer;Decrescente;Chuva;Dupla;Reta;Sim;5;0;1;0;4;0;1;2;-25,468933;-49,354878;SPRF-PR;DEL01-PR;UOP03-DEL01-PR;;;
696713;08/06/2025;domingo;03:00:00;PA;230;122;MARABA;Condutor deixou de manter dist�ncia do ve�culo da frente;Colis�o lateral mesmo sentido;Com V�timas Feridas;Plena Noite;Decrescente;Ignorado;Dupla;"Reta;Interse��o de Vias";Sim;2;0;1;0;1;0;1;2;-5,3617251;-49,12467957;SPRF-PA;DEL03-PA;UOP01-DEL03-PA;;;
696716;08/06/2025;domingo;07:40:00;RS;116;261;PORTO ALEGRE;Condutor Dormindo;Colis�o traseira;Com V�timas Feridas;Pleno dia;Crescente;C�u Claro;M�ltipla;Curva;Sim;3;0;3;0;0;0;3;2;-29,9700081;-51,1711703;SPRF-RS;DEL01-RS;UOP01-DEL01-RS;;;
696717;08/06/2025;domingo;06:00:00;PR;369;188,8;ARAPONGAS;Avarias e/ou desgaste excessivo no pneu;Colis�o com objeto;Sem V�timas;Plena Noite;Decrescente;Chuva;Dupla;Reta;Sim;1;0;0;0;0;1;0;1;-23,43782896;-51,42244415;SPRF-PR;DEL07-PR;UOP03-DEL07-PR;;;
696718;05/06/2025;quinta-feira;11:00:00;SC;282;461;PONTE SERRADA;Acumulo de �gua sobre o pavimento;Sa�da de leito carro��vel;Com V�timas Feridas;Pleno dia;Crescente;Chuva;Dupla;Reta;N�o;1;0;1;0;0;0;1;1;-26,855558;-52,037615;SPRF-SC;DEL07-SC;UOP04-DEL07-SC;;;
696719;08/06/2025;domingo;05:40:00;RJ;40;117;DUQUE DE CAXIAS;Condutor Dormindo;Tombamento;Com V�timas Feridas;Pleno dia;Decrescente;C�u Claro;Dupla;Reta;N�o;1;0;1;0;0;0;1;1;-22,7485083;-43,2875191;SPRF-RJ;DEL01-RJ;UOP02-DEL01-RJ;;;
696720;08/06/2025;domingo;07:20:00;MG;381;765;CAMPANHA;Rea��o tardia ou ineficiente do condutor;Colis�o com objeto;Sem V�timas;Pleno dia;Decrescente;Nublado;Dupla;"Declive;Curva";N�o;2;0;0;0;2;0;0;1;-21,733109;-45,382033;SPRF-MG;DEL16-MG;UOP02-DEL16-MG;;;
696721;08/06/2025;domingo;06:17:00;BA;110;143;CICERO DANTAS;Rea��o tardia ou ineficiente do condutor;Colis�o traseira;Sem V�timas;Pleno dia;Decrescente;Chuva;Simples;Declive;N�o;4;0;0;0;4;0;0;2;-10,62013755;-38,39314437;SPRF-BA;DEL07-BA;UOP02-DEL07-BA;;;
696722;08/06/2025;domingo;08:30:00;RS;116;260;CANOAS;Manobra de mudan�a de faixa;Colis�o lateral mesmo sentido;Com V�timas Feridas;Pleno dia;Crescente;Nublado;M�ltipla;Reta;Sim;3;0;2;0;1;0;2;2;-29,88033954;-51,18064536;SPRF-RS;DEL01-RS;UOP01-DEL01-RS;;;
696723;08/06/2025;domingo;07:15:00;MG;262;561,8;CORREGO DANTA;Rea��o tardia ou ineficiente do condutor;Sa�da de leito carro��vel;Com V�timas Feridas;Pleno dia;Decrescente;C�u Claro;Simples;Reta;N�o;4;0;2;2;0;0;4;1;-19,7451914;-45,9891613;SPRF-MG;DEL08-MG;UOP02-DEL08-MG;;;
696724;08/06/2025;domingo;07:00:00;MG;381;654;SANTO ANTONIO DO AMPARO;Velocidade Incompat�vel;Capotamento;Com V�timas Feridas;Pleno dia;Decrescente;Chuva;Dupla;Curva;N�o;2;0;1;0;1;0;1;1;-20,97502451;-44,93833065;SPRF-MG;DEL04-MG;UOP02-DEL04-MG;;;
696726;08/06/2025;domingo;06:15:00;PR;163;8;BARRACAO;Ultrapassagem Indevida;Colis�o lateral mesmo sentido;Com V�timas Feridas;Pleno dia;Crescente;C�u Claro;Simples;Reta;N�o;1;0;0;1;0;0;1;1;-26,281211;-53,567839;SPRF-PR;DEL02-PR;UOP02-DEL02-PR;;;
696727;08/06/2025;domingo;07:00:00;MG;40;661,1;CARANDAI;Velocidade Incompat�vel;Sa�da de leito carro��vel;Com V�timas Feridas;Pleno dia;Crescente;Garoa/Chuvisco;Simples;"Aclive;Curva";N�o;2;0;1;0;1;0;1;1;-20,91049528;-43,82871151;SPRF-MG;DEL05-MG;UOP02-DEL05-MG;;;
696728;08/06/2025;domingo;06:25:00;PI;343;4;TERESINA;Ingest�o de �lcool pelo condutor;Sa�da de leito carro��vel;Com V�timas Feridas;Pleno dia;Crescente;C�u Claro;M�ltipla;"Reta;Interse��o de Vias";Sim;1;0;0;1;0;0;1;1;-5,079992;-42,786993;SPRF-PI;DEL01-PI;UOP01-DEL01-PI;;;
696729;08/06/2025;domingo;06:30:00;CE;230;45,9;LAVRAS DA MANGABEIRA;Ingest�o de �lcool pelo condutor;Colis�o frontal;Com V�timas Fatais;Amanhecer;Crescente;Sol;Simples;Reta;N�o;3;1;0;1;0;1;1;2;-6,768243;-39,016447;SPRF-CE;DEL05-CE;UOP01-DEL05-CE;;;
696730;08/06/2025;domingo;09:10:00;MG;381;489,4;BETIM;Acessar a via sem observar a presen�a dos outros ve�culos;Colis�o transversal;Com V�timas Feridas;Pleno dia;Decrescente;C�u Claro;Dupla;"Reta;Aclive";Sim;2;0;0;1;1;0;1;2;-19,95605473;-44,12945932;SPRF-MG;DEL01-MG;UOP03-DEL01-MG;;;
696732;08/06/2025;domingo;06:30:00;SC;101;211;PALHOCA;Aus�ncia de rea��o do condutor;Colis�o lateral mesmo sentido;Com V�timas Feridas;Pleno dia;Decrescente;Chuva;M�ltipla;Reta;Sim;1;0;0;1;0;0;1;1;-27,62566746;-48,65425799;SPRF-SC;DEL01-SC;UOP02-DEL01-SC;;;
696735;08/06/2025;domingo;09:41:00;TO;153;713;CARIRI DO TOCANTINS;Condutor deixou de manter dist�ncia do ve�culo da frente;Colis�o traseira;Com V�timas Feridas;Pleno dia;Crescente;C�u Claro;Dupla;Reta;N�o;2;0;1;0;1;0;1;1;-12,0576;-49,2024;SPRF-TO;DEL01-TO;UOP02-DEL01-TO;;;
696736;08/06/2025;domingo;09:30:00;BA;324;599;SIMOES FILHO;Condutor deixou de manter dist�ncia do ve�culo da frente;Colis�o traseira;Sem V�timas;Pleno dia;Crescente;Sol;Dupla;Reta;N�o;2;0;0;0;2;0;0;2;-12,7930085;-38,404501;SPRF-BA;DEL01-BA;UOP01-DEL01-BA;;;
696737;08/06/2025;domingo;09:40:00;BA;101;367;GANDU;Ingest�o de �lcool pelo condutor;Colis�o frontal;Com V�timas Feridas;Pleno dia;Decrescente;C�u Claro;Simples;Reta;N�o;3;0;2;0;1;0;2;2;-13,7594034;-39,4884381;SPRF-BA;DEL05-BA;UOP03-DEL05-BA;;;
696738;08/06/2025;domingo;09:20:00;SP;116;31,1;SILVEIRAS;Demais falhas mec�nicas ou el�tricas;Sa�da de leito carro��vel;Com V�timas Feridas;Pleno dia;Crescente;Nublado;Dupla;Reta;N�o;1;0;0;1;0;0;1;1;-22,61379079;-44,89974618;SPRF-SP;DEL08-SP;UOP02-DEL08-SP;;;
696741;08/06/2025;domingo;09:20:00;SP;116;284;ITAPECERICA DA SERRA;Aus�ncia de rea��o do condutor;Sa�da de leito carro��vel;Sem V�timas;Pleno dia;Decrescente;Chuva;Dupla;Reta;Sim;1;0;0;0;0;1;0;1;-23,7002704;-46,8689426;SPRF-SP;DEL04-SP;UOP01-DEL04-SP;;;
696742;08/06/2025;domingo;09:20:00;MG;381;518;IGARAPE;Aus�ncia de rea��o do condutor;Colis�o com objeto;Com V�timas Feridas;Pleno dia;Decrescente;C�u Claro;Dupla;Reta;Sim;4;0;2;0;2;0;2;1;-20,110725;-44,323179;SPRF-MG;DEL01-MG;UOP03-DEL01-MG;;;
696745;08/06/2025;domingo;06:00:00;MS;267;178;NOVA ANDRADINA;Demais falhas mec�nicas ou el�tricas;Inc�ndio;Sem V�timas;Plena Noite;Decrescente;Chuva;Simples;Reta;N�o;1;0;0;0;0;1;0;1;-21,62423938;-53,64692688;SPRF-MS;DEL02-MS;UOP03-DEL02-MS;;;
696746;07/06/2025;s�bado;23:00:00;RO;364;705;PORTO VELHO;Condutor Dormindo;Sa�da de leito carro��vel;Com V�timas Feridas;Plena Noite;Decrescente;Ignorado;Dupla;Reta;N�o;1;0;1;0;0;0;1;1;-8,80052042;-63,81742207;SPRF-RO;DEL01-RO;UOP01-DEL01-RO;;;
696747;08/06/2025;domingo;09:45:00;PR;277;84;CURITIBA;Velocidade Incompat�vel;Colis�o com objeto;Com V�timas Feridas;Pleno dia;Decrescente;Nublado;Dupla;"Declive;Curva";Sim;3;0;3;0;0;0;3;1;-25,4438796;-49,23356879;SPRF-PR;DEL01-PR;UOP03-DEL01-PR;;;
696749;08/06/2025;domingo;10:40:00;CE;20;311,7;CANINDE;Ingest�o de �lcool pelo condutor;Colis�o frontal;Sem V�timas;Pleno dia;Crescente;C�u Claro;Simples;Ponte;N�o;3;0;0;0;3;0;0;3;-4,324227;-39,277308;SPRF-CE;DEL02-CE;UOP01-DEL02-CE;;;
696750;04/06/2025;quarta-feira;23:50:00;PR;277;111;CAMPO LARGO;Velocidade Incompat�vel;Sa�da de leito carro��vel;Com V�timas Feridas;Plena Noite;Decrescente;Nublado;Dupla;Reta;N�o;2;0;2;0;0;0;2;1;-25,431563;-49,399145;SPRF-PR;DEL03-PR;UOP03-DEL03-PR;;;
696751;08/06/2025;domingo;10:30:00;SC;101;235,9;PALHOCA;Acumulo de areia ou detritos sobre o pavimento;Tombamento;Com V�timas Feridas;Pleno dia;Decrescente;Nublado;M�ltipla;"Curva;Retorno Regulamentado";Sim;1;0;0;1;0;0;1;1;-27,82652392;-48,62999439;SPRF-SC;DEL01-SC;UOP02-DEL01-SC;;;
696752;08/06/2025;domingo;10:27:00;PE;232;111,5;BEZERROS;Condutor deixou de manter dist�ncia do ve�culo da frente;Colis�o traseira;Com V�timas Feridas;Pleno dia;Crescente;Sol;Dupla;Reta;N�o;4;0;1;0;3;0;1;3;-8,29236908;-35,8240312;SPRF-PE;DEL02-PE;UOP02-DEL02PE;;;
696756;08/06/2025;domingo;10:30:00;PR;369;178,8;ARAPONGAS;Chuva;Sa�da de leito carro��vel;Com V�timas Feridas;Pleno dia;Decrescente;Chuva;Dupla;Curva;N�o;1;0;1;0;0;0;1;1;-23,3602;-51,39812;SPRF-PR;DEL07-PR;UOP03-DEL07-PR;;;
696757;08/06/2025;domingo;09:50:00;MG;262;389;FLORESTAL;Aus�ncia de rea��o do condutor;Colis�o lateral mesmo sentido;Com V�timas Feridas;Pleno dia;Crescente;C�u Claro;Dupla;"Aclive;Reta";N�o;2;0;1;1;0;0;2;2;-19,907179;-44,504018;SPRF-MG;DEL01-MG;UOP03-DEL01-MG;;;
696758;10/05/2025;s�bado;11:45:00;MT;163;831;SINOP;Aus�ncia de rea��o do condutor;Queda de ocupante de ve�culo;Com V�timas Feridas;Pleno dia;Crescente;C�u Claro;Simples;"Em Obras;Desvio Tempor�rio;Retorno Regulamentado";Sim;1;0;0;1;0;0;1;1;-11,89419008;-55,50361544;SPRF-MT;DEL06-MT;UOP02-DEL06-MT;;;
696760;08/06/2025;domingo;09:10:00;PE;316;24;ARARIPINA;Acessar a via sem observar a presen�a dos outros ve�culos;Colis�o transversal;Com V�timas Feridas;Pleno dia;Decrescente;C�u Claro;Simples;"Reta;Interse��o de Vias";Sim;2;0;2;0;0;0;2;2;-7,588;-40,49662;SPRF-PE;DEL05-PE;UOP02-DEL05-PE;;;
696761;08/06/2025;domingo;11:00:00;PI;343;11,2;PARNAIBA;Demais falhas mec�nicas ou el�tricas;Colis�o com objeto;Com V�timas Feridas;Pleno dia;Crescente;C�u Claro;Dupla;Interse��o de Vias;Sim;3;0;3;0;0;0;3;1;-2,90380059;-41,7534855;SPRF-PI;DEL05-PI;UOP01-DEL05-PI;;;
696762;08/06/2025;domingo;11:00:00;MG;40;461,5;SETE LAGOAS;Velocidade Incompat�vel;Sa�da de leito carro��vel;Com V�timas Fatais;Pleno dia;Decrescente;C�u Claro;Dupla;"Declive;Curva";N�o;2;1;0;0;0;1;0;2;-19,40956967;-44,33432239;SPRF-MG;DEL02-MG;UOP01-DEL02-MG;;;
696764;08/06/2025;domingo;11:20:00;MG;146;476,3;POCOS DE CALDAS;Aus�ncia de rea��o do condutor;Colis�o transversal;Com V�timas Feridas;Pleno dia;Crescente;C�u Claro;Simples;Reta;N�o;2;0;0;1;1;0;1;2;-21,761123;-46,410058;SPRF-MG;DEL09-MG;UOP01-DEL09-MG;;;
696765;08/06/2025;domingo;10:40:00;MS;163;514;JARAGUARI;Aus�ncia de rea��o do condutor;Tombamento;Com V�timas Feridas;Pleno dia;Crescente;Nublado;Simples;"Reta;Aclive";N�o;1;0;1;0;0;0;1;1;-20,204215;-54,466746;SPRF-MS;DEL01-MS;UOP02-DEL01-MS;;;
696767;08/06/2025;domingo;11:20:00;DF;20;57;BRASILIA;Condutor Dormindo;Sa�da de leito carro��vel;Com V�timas Feridas;Pleno dia;Decrescente;C�u Claro;Dupla;Curva;N�o;1;0;1;0;0;0;1;1;-15,58617594;-47,3598218;SPRF-DF;DEL02-DF;UOP01-DEL02-DF;;;
696768;08/06/2025;domingo;11:45:00;PR;116;121;CURITIBA;Aus�ncia de rea��o do condutor;Capotamento;Com V�timas Feridas;Pleno dia;Decrescente;Nublado;Dupla;Reta;N�o;1;0;1;0;0;0;1;1;-25,57417402;-49,30762231;SPRF-PR;DEL01-PR;UOP03-DEL01-PR;;;
696773;08/06/2025;domingo;13:20:00;SE;235;68;ITABAIANA;Aus�ncia de rea��o do condutor;Capotamento;Com V�timas Feridas;Pleno dia;Crescente;C�u Claro;Simples;"Aclive;Curva";N�o;1;0;0;1;0;0;1;1;-10,70402891;-37,3799032;SPRF-SE;DEL01-SE;UOP02-DEL01-SE;;;
696774;08/06/2025;domingo;13:00:00;BA;324;582;CANDEIAS;Aus�ncia de rea��o do condutor;Sa�da de leito carro��vel;Sem V�timas;Pleno dia;Crescente;C�u Claro;Dupla;Reta;N�o;1;0;0;0;0;1;0;1;-12,6177654;-38,4867991;SPRF-BA;DEL01-BA;UOP01-DEL01-BA;;;
696775;08/06/2025;domingo;12:10:00;BA;116;574;BREJOES;Desrespeitar a prefer�ncia no cruzamento;Colis�o transversal;Com V�timas Feridas;Pleno dia;Crescente;C�u Claro;Simples;"Reta;Declive";Sim;2;0;0;1;1;0;1;2;-13,07973013;-39,96194673;SPRF-BA;DEL03-BA;UOP02-DEL03-BA;;;
696776;08/06/2025;domingo;14:00:00;MG;459;74;SENADOR JOSE BENTO;Aus�ncia de rea��o do condutor;Capotamento;Com V�timas Feridas;Pleno dia;Decrescente;Chuva;Simples;Curva;N�o;3;0;2;0;1;0;2;1;-22,1306815;-46,1473478;SPRF-MG;DEL09-MG;UOP01-DEL09-MG;;;
696777;17/05/2025;s�bado;08:50:00;RJ;40;110;DUQUE DE CAXIAS;Manobra de mudan�a de faixa;Tombamento;Com V�timas Feridas;Pleno dia;Decrescente;C�u Claro;Dupla;Reta;Sim;6;0;1;0;5;0;1;2;-22,68975;-43,286485;SPRF-RJ;DEL01-RJ;UOP02-DEL01-RJ;;;
696778;08/06/2025;domingo;13:40:00;SP;116;108;TAUBATE;Rea��o tardia ou ineficiente do condutor;Colis�o traseira;Com V�timas Feridas;Pleno dia;Crescente;Garoa/Chuvisco;Dupla;Reta;N�o;4;0;2;0;2;0;2;2;-23,02672807;-45,54270732;SPRF-SP;DEL02-SP;UOP02-DEL02-SP;;;
696780;08/06/2025;domingo;14:20:00;RJ;116;169;RIO DE JANEIRO;Aus�ncia de rea��o do condutor;Queda de ocupante de ve�culo;Com V�timas Feridas;Pleno dia;Decrescente;Nublado;Dupla;Reta;Sim;2;0;1;0;0;1;1;2;-22,81657546;-43,32458496;SPRF-RJ;DEL06-RJ;UOP01-DEL06-RJ;;;
696781;08/06/2025;domingo;13:46:00;PE;428;43,5;OROCO;Rea��o tardia ou ineficiente do condutor;Capotamento;Com V�timas Feridas;Pleno dia;Crescente;C�u Claro;Simples;Reta;N�o;2;0;1;0;1;0;1;1;-8,580555;-39,583838;SPRF-PE;DEL05-PE;UOP03-DEL05-PE;;;
696782;08/06/2025;domingo;08:00:00;GO;60;10;SANTO ANTONIO DO DESCOBERTO;Aus�ncia de rea��o do condutor;Tombamento;Com V�timas Feridas;Pleno dia;Crescente;C�u Claro;Dupla;Reta;N�o;2;0;0;1;1;0;1;2;-16,117;-48,3186;SPRF-DF;DEL03-DF;UOP01-DEL03-DF;;;
696783;08/06/2025;domingo;14:42:00;PE;101;28,7;ITAPISSUMA;Demais falhas mec�nicas ou el�tricas;Colis�o lateral mesmo sentido;Sem V�timas;Pleno dia;Crescente;C�u Claro;Dupla;Reta;Sim;3;0;0;0;2;1;0;2;-7,728248;-34,942072;SPRF-PE;DEL01-PE;UOP02-DEL01-PE;;;
696784;08/06/2025;domingo;14:25:00;MG;459;12;CALDAS;Chuva;Sa�da de leito carro��vel;Sem V�timas;Pleno dia;Decrescente;Chuva;Simples;Curva;N�o;1;0;0;0;0;1;0;1;-21,814598;-46,469365;SPRF-MG;DEL09-MG;UOP01-DEL09-MG;;;
696785;08/06/2025;domingo;14:25:00;MG;381;900;POUSO ALEGRE;Rea��o tardia ou ineficiente do condutor;Colis�o traseira;Com V�timas Feridas;Pleno dia;Decrescente;Chuva;M�ltipla;Reta;N�o;5;0;1;0;4;0;1;2;-22,2691328;-45,9800576;SPRF-MG;DEL16-MG;UOP03-DEL16-MG;;;
696787;08/06/2025;domingo;14:40:00;SC;116;219,3;CORREIA PINTO;Desrespeitar a prefer�ncia no cruzamento;Colis�o transversal;Com V�timas Feridas;Pleno dia;Decrescente;C�u Claro;Simples;Interse��o de Vias;Sim;5;0;5;0;0;0;5;2;-27,58076281;-50,3680536;SPRF-SC;DEL05-SC;UOP03-DEL05-SC;;;
696788;08/06/2025;domingo;15:40:00;ES;101;370;ANCHIETA;Condutor deixou de manter dist�ncia do ve�culo da frente;Colis�o traseira;Com V�timas Feridas;Pleno dia;Crescente;C�u Claro;Simples;Reta;N�o;2;0;1;0;1;0;1;2;-20,7712248;-40,7653018;SPRF-ES;DEL03-ES;UOP01-DEL03-ES;;;
696789;08/06/2025;domingo;13:15:00;MG;381;158,1;GOVERNADOR VALADARES;Acesso irregular;Colis�o transversal;Com V�timas Feridas;Pleno dia;Crescente;C�u Claro;Simples;Interse��o de Vias;N�o;4;0;2;2;0;0;4;2;-18,88278097;-41,99551123;SPRF-MG;DEL06-MG;UOP01-DEL06-MG;;;
696790;08/06/2025;domingo;15:30:00;GO;60;240,5;INDIARA;Demais falhas mec�nicas ou el�tricas;Tombamento;Com V�timas Feridas;Pleno dia;Crescente;C�u Claro;Dupla;"Reta;Aclive";N�o;2;0;0;2;0;0;2;1;-17,09355564;-49,86132537;SPRF-GO;DEL01-GO;UOP02-DEL01-GO;;;
696791;08/06/2025;domingo;15:30:00;BA;324;577;SAO SEBASTIAO DO PASSE;Aus�ncia de rea��o do condutor;Colis�o com objeto;Com V�timas Feridas;Pleno dia;Decrescente;C�u Claro;Dupla;Reta;N�o;1;0;1;0;0;0;1;1;-12,5805248;-38,545906;SPRF-BA;DEL01-BA;UOP01-DEL01-BA;;;
696792;08/06/2025;domingo;10:30:00;PA;230;624;ALTAMIRA;Aus�ncia de rea��o do condutor;Colis�o com objeto;Com V�timas Feridas;Pleno dia;Decrescente;Sol;Dupla;Reta;Sim;2;0;1;0;1;0;1;1;-3,17596876;-52,181792;SPRF-PA;DEL04-PA;UOP01-DEL04-PA;;;
696793;08/06/2025;domingo;14:50:00;SC;282;371,9;ERVAL VELHO;Ingest�o de �lcool pelo condutor;Colis�o traseira;Com V�timas Feridas;Pleno dia;Crescente;Nublado;Simples;"Reta;Aclive";N�o;3;0;1;0;2;0;1;2;-27,260735;-51,442342;SPRF-SC;DEL07-SC;UOP05-DEL07-SC;;;
696794;08/06/2025;domingo;15:45:00;MG;50;73;UBERLANDIA;Aus�ncia de rea��o do condutor;Queda de ocupante de ve�culo;Com V�timas Feridas;Pleno dia;Crescente;C�u Claro;M�ltipla;"Reta;Aclive";Sim;1;0;0;1;0;0;1;1;-18,90534804;-48,23239245;SPRF-MG;DEL15-MG;UOP01-DEL15-MG;;;
696795;08/06/2025;domingo;15:00:00;SC;280;119;SAO BENTO DO SUL;Rea��o tardia ou ineficiente do condutor;Sa�da de leito carro��vel;Com V�timas Feridas;Pleno dia;Decrescente;C�u Claro;Simples;Reta;N�o;1;0;1;0;0;0;1;1;-26,262607;-49,438846;SPRF-SC;DEL06-SC;UOP03-DEL06-SC;;;
696796;08/06/2025;domingo;15:25:00;RJ;40;111;DUQUE DE CAXIAS;Demais falhas mec�nicas ou el�tricas;Queda de ocupante de ve�culo;Com V�timas Feridas;Pleno dia;Decrescente;Nublado;Dupla;Reta;Sim;2;0;2;0;0;0;2;1;-22,6925897;-43,28748141;SPRF-RJ;DEL01-RJ;UOP02-DEL01-RJ;;;
696798;08/06/2025;domingo;16:25:00;RN;226;3;NATAL;Condutor deixou de manter dist�ncia do ve�culo da frente;Colis�o lateral mesmo sentido;Com V�timas Feridas;Pleno dia;Decrescente;C�u Claro;Simples;Reta;N�o;3;0;2;0;1;0;2;2;-5,8183792;-35,2504093;SPRF-RN;DEL01-RN;UOP02-DEL01-RN;;;
696800;08/06/2025;domingo;15:00:00;SC;101;72,7;ARAQUARI;Avarias e/ou desgaste excessivo no pneu;Colis�o com objeto;Com V�timas Feridas;Pleno dia;Crescente;C�u Claro;Dupla;Reta;Sim;2;0;1;1;0;0;2;1;-26,535044;-48,713412;SPRF-SC;DEL03-SC;UOP02-DEL03-SC;;;
696801;08/06/2025;domingo;17:10:00;MG;381;740;TRES CORACOES;Velocidade Incompat�vel;Sa�da de leito carro��vel;Com V�timas Feridas;Plena Noite;Decrescente;Chuva;Dupla;Curva;N�o;3;0;2;0;1;0;2;1;-21,6144468;-45,2605899;SPRF-MG;DEL16-MG;UOP02-DEL16-MG;;;
696804;08/06/2025;domingo;16:50:00;MG;262;357;BETIM;Aus�ncia de rea��o do condutor;Tombamento;Com V�timas Feridas;Anoitecer;Decrescente;C�u Claro;Dupla;"Curva;Declive";N�o;2;0;1;0;1;0;1;1;-19,984145;-44,240526;SPRF-MG;DEL01-MG;UOP03-DEL01-MG;;;
696805;08/06/2025;domingo;17:15:00;ES;101;174,5;ARACRUZ;Ingest�o de �lcool pelo condutor;Colis�o transversal;Com V�timas Feridas;Anoitecer;Crescente;C�u Claro;Simples;Interse��o de Vias;Sim;3;0;1;0;1;1;1;2;-19,58515;-40,18985;SPRF-ES;DEL04-ES;UOP01-DEL04-ES;;;
696806;08/06/2025;domingo;16:50:00;RS;471;568,4;SANTA VITORIA DO PALMAR;Aus�ncia de rea��o do condutor;Sa�da de leito carro��vel;Com V�timas Fatais;Pleno dia;Decrescente;C�u Claro;Simples;Reta;N�o;4;1;3;0;0;0;3;1;-32,9396877;-52,7675039;SPRF-RS;DEL07-RS;UOP04-DEL07-RS;;;
696809;08/06/2025;domingo;17:15:00;SP;116;225;GUARULHOS;Rea��o tardia ou ineficiente do condutor;Colis�o traseira;Com V�timas Feridas;Anoitecer;Decrescente;C�u Claro;Dupla;Reta;N�o;4;0;1;0;3;0;1;2;-23,48690976;-46,54262289;SPRF-SP;DEL01-SP;UOP01-DEL01-SP;;;
696810;08/06/2025;domingo;17:30:00;PR;116;129;MANDIRITUBA;Velocidade Incompat�vel;Colis�o traseira;Sem V�timas;Pleno dia;Decrescente;Nublado;Dupla;Reta;Sim;2;0;0;0;1;1;0;2;-25,6656725;-49,3139912;SPRF-PR;DEL01-PR;UOP03-DEL01-PR;;;