id;data_inversa;dia_semana;horario;uf;br;km;municipio;causa_acidente;tipo_acidente;classificacao_acidente;fase_dia;sentido_via;condicao_metereologica;tipo_pista;tracado_via;uso_solo;pessoas;mortos;feridos_leves;feridos_graves;ilesos;ignorados;feridos;veiculos;latitude;longitude;regional;delegacia;uop;;;
696915;09/06/2025;segunda-feira;03:45:00;PE;232;56,4;POMBOS;Animais na Pista;Atropelamento de Animal;Com V�timas Fatais;Plena Noite;Crescente;C�u Claro;Dupla;Reta;Sim;2;1;0;1;0;0;1;1;-8,139551;-35,377414;SPRF-PE;DEL02-PE;UOP02-DEL02PE;;;
696916;09/06/2025;segunda-feira;03:56:00;PE;232;56,5;POMBOS;Aus�ncia de rea��o do condutor;Atropelamento de Pedestre;Com V�timas Feridas;Plena Noite;Crescente;C�u Claro;Dupla;Reta;N�o;2;0;2;0;0;0;2;2;-8,139459;-35,37743;SPRF-PE;DEL02-PE;UOP02-DEL02PE;;;
696920;09/06/2025;segunda-feira;03:00:00;MG;365;165;BURITIZEIRO;Rea��o tardia ou ineficiente do condutor;Colis�o frontal;Com V�timas Fatais;Plena Noite;Crescente;C�u Claro;Simples;Reta;N�o;4;1;0;3;0;0;3;2;-17,37701705;-44,95321598;SPRF-MG;DEL10-MG;UOP02-DEL010-MG;;;
696921;09/06/2025;segunda-feira;04:30:00;PR;376;306;MAUA DA SERRA;Velocidade Incompat�vel;Colis�o com objeto;Com V�timas Feridas;Plena Noite;Crescente;C�u Claro;Dupla;Curva;N�o;1;0;1;0;0;0;1;1;-23,93961358;-51,1210769;SPRF-PR;DEL07-PR;UOP02-DEL07-PR;;;
696924;09/06/2025;segunda-feira;04:00:00;RN;304;47,3;MOSSORO;Ingest�o de �lcool pelo condutor;Colis�o com objeto;Sem V�timas;Plena Noite;Crescente;C�u Claro;Dupla;Curva;Sim;1;0;0;0;1;0;0;1;-5,22620453;-37,32652757;SPRF-RN;DEL04-RN;UOP01-DEL04-RN;;;
696925;09/06/2025;segunda-feira;04:57:00;MG;365;648;UBERLANDIA;Animais na Pista;Sa�da de leito carro��vel;Sem V�timas;Plena Noite;Decrescente;C�u Claro;Dupla;Aclive;N�o;1;0;0;0;1;0;0;1;-18,86945629;-48,56394358;SPRF-MG;DEL15-MG;UOP01-DEL15-MG;;;
696926;09/06/2025;segunda-feira;05:40:00;RJ;101;322;NITEROI;Pista Escorregadia;Queda de ocupante de ve�culo;Com V�timas Feridas;Amanhecer;Crescente;Chuva;M�ltipla;Reta;Sim;1;0;1;0;0;0;1;1;-22,87820919;-43,11392304;SPRF-RJ;DEL02-RJ;UOP01-DEL02-RJ;;;
696927;09/06/2025;segunda-feira;05:10:00;RJ;116;143;DUQUE DE CAXIAS;Acumulo de �gua sobre o pavimento;Colis�o lateral mesmo sentido;Com V�timas Feridas;Amanhecer;Crescente;Chuva;Dupla;Reta;N�o;2;0;1;0;1;0;1;2;-22,66800162;-43,26757942;SPRF-RJ;DEL01-RJ;UOP02-DEL01-RJ;;;
696929;09/06/2025;segunda-feira;06:00:00;DF;20;11;BRASILIA;Demais falhas na via;Tombamento;Com V�timas Feridas;Amanhecer;Decrescente;C�u Claro;Dupla;"Em Obras;Reta";Sim;1;0;1;0;0;0;1;1;-15,6430103;-47,7556865;SPRF-DF;DEL02-DF;UOP01-DEL02-DF;;;
696932;09/06/2025;segunda-feira;06:45:00;RS;290;92;PORTO ALEGRE;Acessar a via sem observar a presen�a dos outros ve�culos;Colis�o lateral mesmo sentido;Com V�timas Feridas;Amanhecer;Crescente;Nevoeiro/Neblina;Dupla;Reta;Sim;4;0;1;0;3;0;1;4;-29,9699832;-51,1711934;SPRF-RS;DEL01-RS;UOP01-DEL01-RS;;;
696933;09/06/2025;segunda-feira;06:30:00;CE;20;405,7;CAUCAIA;Transitar na contram�o;Colis�o frontal;Sem V�timas;Pleno dia;Crescente;Nublado;Simples;Reta;Sim;2;0;0;0;2;0;0;2;-3,77073548;-38,67050171;SPRF-CE;DEL01-CE;UOP01-DEL01-CE;;;
696934;09/06/2025;segunda-feira;07:00:00;RS;116;268;CANOAS;Manobra de mudan�a de faixa;Colis�o lateral mesmo sentido;Com V�timas Feridas;Pleno dia;Crescente;Nevoeiro/Neblina;M�ltipla;Reta;Sim;3;0;1;0;2;0;1;3;-29,951207;-51,1767187;SPRF-RS;DEL01-RS;UOP01-DEL01-RS;;;
696936;09/06/2025;segunda-feira;03:00:00;RJ;101;508;ANGRA DOS REIS;Aus�ncia de rea��o do condutor;Queda de ocupante de ve�culo;Com V�timas Feridas;Plena Noite;Crescente;Chuva;Simples;Reta;N�o;2;0;0;1;1;0;1;1;-22,94155123;-44,42240629;SPRF-RJ;DEL03-RJ;UOP03-DEL03-RJ;;;
696939;09/06/2025;segunda-feira;06:30:00;SC;101;2,5;GARUVA;Velocidade Incompat�vel;Sa�da de leito carro��vel;Sem V�timas;Amanhecer;Crescente;Chuva;Dupla;"Curva;Aclive";N�o;1;0;0;0;1;0;0;1;-25,99520132;-48,87959925;SPRF-SC;DEL03-SC;UOP01-DEL03-SC;;;
696941;08/06/2025;domingo;14:18:00;BA;349;947;CORRENTINA;Rea��o tardia ou ineficiente do condutor;Capotamento;Com V�timas Feridas;Pleno dia;Decrescente;C�u Claro;Simples;Reta;N�o;1;0;1;0;0;0;1;1;-13,36417806;-44,62589433;SPRF-BA;DEL10-BA;UOP02-DEL10-BA;;;
696942;09/06/2025;segunda-feira;05:50:00;BA;324;614;SALVADOR;Demais falhas mec�nicas ou el�tricas;Tombamento;Com V�timas Feridas;Pleno dia;Decrescente;C�u Claro;Dupla;Reta;Sim;2;0;2;0;0;0;2;1;-12,87606996;-38,42948914;SPRF-BA;DEL01-BA;UOP01-DEL01-BA;;;
696943;09/06/2025;segunda-feira;06:10:00;PE;101;78;RECIFE;Acumulo de areia ou detritos sobre o pavimento;Tombamento;Sem V�timas;Pleno dia;Decrescente;Nublado;Dupla;Curva;Sim;1;0;0;0;0;1;0;1;-8,12843;-34,9439;SPRF-PE;DEL01-PE;UOP01-DEL01-PE;;;
696945;09/06/2025;segunda-feira;07:50:00;BA;324;621;SALVADOR;Condutor deixou de manter dist�ncia do ve�culo da frente;Colis�o traseira;Com V�timas Feridas;Pleno dia;Decrescente;C�u Claro;M�ltipla;Reta;Sim;2;0;1;0;1;0;1;2;-12,9270587;-38,4692147;SPRF-BA;DEL01-BA;UOP01-DEL01-BA;;;
696946;09/06/2025;segunda-feira;08:00:00;SP;153;122,1;UBARANA;Condutor Dormindo;Sa�da de leito carro��vel;Com V�timas Feridas;Pleno dia;Decrescente;Garoa/Chuvisco;Simples;Reta;N�o;1;0;1;0;0;0;1;1;-21,185755;-49,722879;SPRF-SP;DEL09-SP;UOP01-DEL09-SP;;;
696947;09/06/2025;segunda-feira;05:45:00;MT;163;833;SINOP;Aus�ncia de rea��o do condutor;Queda de ocupante de ve�culo;Com V�timas Feridas;Pleno dia;Crescente;C�u Claro;Dupla;Reta;Sim;1;0;1;0;0;0;1;1;-11,87615123;-55,49906491;SPRF-MT;DEL06-MT;UOP02-DEL06-MT;;;
696948;09/06/2025;segunda-feira;07:30:00;RS;116;266;CANOAS;Condutor deixou de manter dist�ncia do ve�culo da frente;Colis�o traseira;Com V�timas Feridas;Pleno dia;Crescente;Nublado;Dupla;Reta;N�o;3;0;1;1;1;0;2;2;-29,92910277;-51,17770169;SPRF-RS;DEL01-RS;UOP01-DEL01-RS;;;
696949;09/06/2025;segunda-feira;07:40:00;RN;304;304;PARNAMIRIM;Aus�ncia de rea��o do condutor;Colis�o traseira;Com V�timas Feridas;Pleno dia;Decrescente;C�u Claro;Dupla;Retorno Regulamentado;N�o;3;0;2;0;1;0;2;2;-5,88558575;-35,27824062;SPRF-RN;DEL01-RN;UOP02-DEL01-RN;;;
696950;09/06/2025;segunda-feira;08:10:00;SC;101;210;SAO JOSE;Aus�ncia de rea��o do condutor;Queda de ocupante de ve�culo;Com V�timas Feridas;Pleno dia;Decrescente;C�u Claro;M�ltipla;Reta;N�o;2;0;1;0;1;0;1;2;-27,61377517;-48,64251344;SPRF-SC;DEL01-SC;UOP01-DEL01-SC;;;
696951;09/06/2025;segunda-feira;08:00:00;GO;153;502;GOIANIA;Rea��o tardia ou ineficiente do condutor;Colis�o traseira;Com V�timas Feridas;Pleno dia;Decrescente;C�u Claro;Dupla;Reta;Sim;2;0;0;1;1;0;1;2;-16,722465;-49,239467;SPRF-GO;DEL01-GO;UOP01-DEL01-GO;;;
696952;09/06/2025;segunda-feira;08:30:00;RN;101;95;NATAL;Rea��o tardia ou ineficiente do condutor;Colis�o traseira;Com V�timas Feridas;Pleno dia;Decrescente;Sol;M�ltipla;Reta;Sim;2;0;1;0;0;1;1;2;-5,84147169;-35,21011859;SPRF-RN;DEL01-RN;UOP01-DEL01-RN;;;
696954;09/06/2025;segunda-feira;07:30:00;MG;381;654;SANTO ANTONIO DO AMPARO;Pista Escorregadia;Sa�da de leito carro��vel;Com V�timas Feridas;Pleno dia;Decrescente;Chuva;Dupla;"Aclive;Curva";N�o;4;0;4;0;0;0;4;1;-20,97503;-44,93791;SPRF-MG;DEL04-MG;UOP02-DEL04-MG;;;
696955;09/06/2025;segunda-feira;08:30:00;SC;101;204,6;SAO JOSE;Objeto est�tico sobre o leito carro��vel;Tombamento;Com V�timas Feridas;Pleno dia;Decrescente;C�u Claro;M�ltipla;Reta;Sim;1;0;0;1;0;0;1;1;-27,58034959;-48,61425519;SPRF-SC;DEL01-SC;UOP01-DEL01-SC;;;
696956;09/06/2025;segunda-feira;04:45:00;RR;401;11;BOA VISTA;Ingest�o de �lcool pelo condutor;Colis�o transversal;Sem V�timas;Amanhecer;Decrescente;C�u Claro;Simples;"Reta;Interse��o de Vias";Sim;2;0;0;0;2;0;0;2;2,800726;-60,678918;SPRF-RR;DEL01-RR;UOP01-DEL01-RR;;;
696957;08/06/2025;domingo;21:50:00;MA;230;396,7;BALSAS;Condutor deixou de manter dist�ncia do ve�culo da frente;Colis�o traseira;Com V�timas Feridas;Plena Noite;Decrescente;C�u Claro;Simples;"Reta;Aclive";N�o;2;0;0;1;1;0;1;2;-7,466462;-46,01914;SPRF-MA;DEL05-MA;UOP01-DEL05-MA;;;
696958;09/06/2025;segunda-feira;08:30:00;CE;116;4;FORTALEZA;Manobra de mudan�a de faixa;Colis�o lateral mesmo sentido;Com V�timas Feridas;Pleno dia;Decrescente;C�u Claro;M�ltipla;Reta;N�o;2;0;1;0;1;0;1;2;-3,7883117;-38,5103584;SPRF-CE;DEL01-CE;UOP02-DEL01-CE;;;
696962;09/06/2025;segunda-feira;08:10:00;BA;116;275;TUCANO;Acessar a via sem observar a presen�a dos outros ve�culos;Colis�o transversal;Com V�timas Feridas;Pleno dia;Decrescente;C�u Claro;Simples;Reta;Sim;2;0;1;0;0;1;1;2;-10,9561073;-38,79323959;SPRF-BA;DEL07-BA;UOP02-DEL07-BA;;;
696963;09/06/2025;segunda-feira;05:50:00;PI;343;599;FLORIANO;Rea��o tardia ou ineficiente do condutor;Sa�da de leito carro��vel;Sem V�timas;Pleno dia;Decrescente;C�u Claro;Simples;"Curva;Aclive";N�o;3;0;0;0;3;0;0;1;-6,82817;-43,064926;SPRF-PI;DEL03-PI;UOP01-DEL03-PI;;;
696967;09/06/2025;segunda-feira;07:30:00;RS;116;371;TAPES;Aus�ncia de rea��o do condutor;Tombamento;Com V�timas Feridas;Amanhecer;Decrescente;Nublado;Dupla;Reta;N�o;1;0;1;0;0;0;1;1;-30,71186673;-51,5833962;SPRF-RS;DEL02-RS;UOP02-DEL02-RS;;;
696968;09/06/2025;segunda-feira;03:00:00;SC;116;72,6;MONTE CASTELO;Aus�ncia de rea��o do condutor;Colis�o com objeto;Sem V�timas;Plena Noite;Decrescente;Nublado;Simples;Reta;N�o;1;0;0;0;1;0;0;1;-26,492479;-50,232949;SPRF-SC;DEL06-SC;UOP02-DEL06-SC;;;
696970;09/06/2025;segunda-feira;09:55:00;RS;285;128,1;VACARIA;Condutor deixou de manter dist�ncia do ve�culo da frente;Colis�o traseira;Com V�timas Feridas;Pleno dia;Decrescente;C�u Claro;Simples;Reta;N�o;6;0;1;0;5;0;1;2;-28,4614578;-50,9791828;SPRF-RS;DEL05-RS;UOP03-DEL05-RS;;;
696972;09/06/2025;segunda-feira;06:24:00;MT;364;202;RONDONOPOLIS;Rea��o tardia ou ineficiente do condutor;Colis�o frontal;Com V�timas Feridas;Pleno dia;Decrescente;C�u Claro;Dupla;Reta;Sim;2;0;0;1;1;0;1;2;-16,47517562;-54,6537596;SPRF-MT;DEL02-MT;UOP01-DEL02-MT;;;
696975;11/05/2025;domingo;13:50:00;MT;163;112;RONDONOPOLIS;Demais falhas mec�nicas ou el�tricas;Colis�o com objeto;Com V�timas Feridas;Pleno dia;Crescente;Ignorado;Dupla;Reta;N�o;2;0;1;0;1;0;1;1;-16,55456266;-54,67529504;SPRF-MT;DEL02-MT;UOP01-DEL02-MT;;;
696976;09/06/2025;segunda-feira;09:45:00;MG;262;533,8;LUZ;Velocidade Incompat�vel;Sa�da de leito carro��vel;Com V�timas Fatais;Pleno dia;Crescente;Chuva;Simples;"Curva;Aclive";N�o;2;1;0;0;1;0;0;1;-19,771982;-45,78199;SPRF-MG;DEL08-MG;UOP02-DEL08-MG;;;
696977;09/06/2025;segunda-feira;10:00:00;RJ;116;290;BARRA MANSA;Chuva;Colis�o com objeto;Com V�timas Feridas;Pleno dia;Decrescente;Chuva;Dupla;Curva;N�o;1;0;1;0;0;0;1;1;-22,50776974;-44,22742724;SPRF-RJ;DEL07-RJ;UOP02-DEL07-RJ;;;
696978;09/06/2025;segunda-feira;10:00:00;PR;116;28;CAMPINA GRANDE DO SUL;Velocidade Incompat�vel;Sa�da de leito carro��vel;Com V�timas Feridas;Pleno dia;Decrescente;Chuva;Dupla;Curva;N�o;1;0;1;0;0;0;1;1;-25,111943;-48,802804;SPRF-PR;DEL01-PR;UOP02-DEL01-PR;;;
696980;09/06/2025;segunda-feira;07:30:00;PR;369;86;CORNELIO PROCOPIO;Neblina;Sa�da de leito carro��vel;Com V�timas Feridas;Pleno dia;Crescente;Nevoeiro/Neblina;Simples;Curva;N�o;2;0;1;0;1;0;1;1;-23,170482;-50,613282;SPRF-PR;DEL07-PR;UOP05-DEL07-PR;;;
696981;09/06/2025;segunda-feira;11:22:00;SC;470;53;BLUMENAU;Acessar a via sem observar a presen�a dos outros ve�culos;Colis�o lateral mesmo sentido;Com V�timas Feridas;Pleno dia;Crescente;Nublado;Simples;Reta;N�o;2;0;0;1;1;0;1;2;-26,86765167;-49,10356371;SPRF-SC;DEL04-SC;UOP01-DEL04-SC;;;
696982;09/06/2025;segunda-feira;11:05:00;PB;230;1,6;CABEDELO;Acessar a via sem observar a presen�a dos outros ve�culos;Colis�o transversal;Com V�timas Feridas;Pleno dia;Decrescente;C�u Claro;Simples;Reta;Sim;3;0;1;0;2;0;1;2;-6,981195;-34,8301053;SPRF-PB;DEL01-PB;UOP01-DEL01-PB;;;
696983;09/06/2025;segunda-feira;11:40:00;SC;101;206;SAO JOSE;Condutor deixou de manter dist�ncia do ve�culo da frente;Colis�o traseira;Com V�timas Feridas;Pleno dia;Decrescente;Nublado;M�ltipla;Reta;Sim;2;0;0;1;1;0;1;2;-27,59143637;-48,61786779;SPRF-SC;DEL01-SC;UOP01-DEL01-SC;;;
696984;09/06/2025;segunda-feira;10:58:00;RN;101;151;GOIANINHA;Chuva;Colis�o traseira;Com V�timas Feridas;Pleno dia;Crescente;Chuva;Dupla;Reta;N�o;4;0;1;2;0;1;3;2;-6,3050283;-35,19054;SPRF-RN;DEL01-RN;UOP01-DEL01-RN;;;
696986;09/06/2025;segunda-feira;10:13:00;MA;10;257;IMPERATRIZ;Convers�o proibida;Colis�o transversal;Sem V�timas;Pleno dia;Crescente;C�u Claro;Simples;Reta;Sim;2;0;0;0;2;0;0;2;-5,485821;-47,472053;SPRF-MA;DEL04-MA;UOP01-DEL04-MA;;;
696988;09/06/2025;segunda-feira;12:00:00;ES;101;290,7;CARIACICA;Manobra de mudan�a de faixa;Colis�o lateral mesmo sentido;Com V�timas Feridas;Pleno dia;Crescente;C�u Claro;Dupla;Reta;Sim;3;0;0;2;1;0;2;2;-20,29494211;-40,39327383;SPRF-ES;DEL01-ES;UOP01-DEL01-ES;;;
696989;09/06/2025;segunda-feira;12:20:00;MG;40;787,3;JUIZ DE FORA;Velocidade Incompat�vel;Sa�da de leito carro��vel;Com V�timas Feridas;Pleno dia;Decrescente;Garoa/Chuvisco;Dupla;Curva;N�o;1;0;1;0;0;0;1;1;-21,75344126;-43,44509125;SPRF-MG;DEL05-MG;UOP01-DEL05-MG;;;
696990;09/06/2025;segunda-feira;10:25:00;MG;116;376,8;MATHIAS LOBATO;Convers�o proibida;Colis�o transversal;Com V�timas Feridas;Pleno dia;Crescente;C�u Claro;Simples;Curva;N�o;3;0;0;1;2;0;1;2;-18,58375418;-41,92428887;SPRF-MG;DEL06-MG;UOP01-DEL06-MG;;;
696991;09/06/2025;segunda-feira;12:00:00;ES;101;266,9;SERRA;Rea��o tardia ou ineficiente do condutor;Queda de ocupante de ve�culo;Com V�timas Feridas;Pleno dia;Crescente;C�u Claro;Dupla;Reta;Sim;1;0;1;0;0;0;1;1;-20,129886;-40,296982;SPRF-ES;DEL02-ES;UOP01-DEL02-ES;;;
696992;09/06/2025;segunda-feira;07:30:00;MG;381;735,5;CARMO DA CACHOEIRA;Chuva;Colis�o com objeto;Com V�timas Feridas;Pleno dia;Crescente;Garoa/Chuvisco;Dupla;Curva;N�o;1;0;1;0;0;0;1;1;-21,55074611;-45,24357462;SPRF-MG;DEL16-MG;UOP02-DEL16-MG;;;
696993;09/06/2025;segunda-feira;09:50:00;RO;0;0;PORTO VELHO;Manobra de mudan�a de faixa;Colis�o lateral mesmo sentido;Sem V�timas;Pleno dia;N�o Informado;C�u Claro;Dupla;Reta;Sim;2;0;0;0;2;0;0;2;-8,74321994;-63,88268558;SPRF-RO;DEL01-RO;UOP01-DEL01-RO;;;
696994;09/06/2025;segunda-feira;09:10:00;MT;163;752;SORRISO;Aus�ncia de rea��o do condutor;Colis�o traseira;Sem V�timas;Pleno dia;Decrescente;C�u Claro;Dupla;Reta;Sim;2;0;0;0;0;2;0;2;-12,56652262;-55,72357893;SPRF-MT;DEL06-MT;UOP01-DEL06-MT;;;
696995;09/06/2025;segunda-feira;07:45:00;MG;381;705,5;NEPOMUCENO;Rea��o tardia ou ineficiente do condutor;Sa�da de leito carro��vel;Com V�timas Feridas;Pleno dia;Decrescente;Chuva;Dupla;"Curva;Declive";N�o;4;0;1;0;3;0;1;1;-21,3201506;-45,1656366;SPRF-MG;DEL04-MG;UOP02-DEL04-MG;;;
696996;09/06/2025;segunda-feira;12:30:00;AL;316;156;PALMEIRA DOS INDIOS;Desrespeitar a prefer�ncia no cruzamento;Colis�o transversal;Com V�timas Feridas;Pleno dia;Decrescente;Sol;Simples;Rotat�ria;Sim;2;0;1;0;1;0;1;2;-9,42107853;-36,62375093;SPRF-AL;DEL03-AL;UOP01-DEL03-AL;;;
696997;04/06/2025;quarta-feira;21:05:00;PR;158;533;PATO BRANCO;Transitar na contram�o;Colis�o frontal;Com V�timas Feridas;Plena Noite;Crescente;C�u Claro;Simples;Reta;Sim;2;0;1;0;1;0;1;2;-26,217407;-52,68139;SPRF-PR;DEL02-PR;UOP01-DEL02-PR;;;
696998;09/06/2025;segunda-feira;11:40:00;MT;70;527;VARZEA GRANDE;Acessar a via sem observar a presen�a dos outros ve�culos;Colis�o transversal;Com V�timas Feridas;Pleno dia;Crescente;Nublado;Simples;Reta;Sim;2;0;1;0;1;0;1;2;-15,65229676;-56,20135224;SPRF-MT;DEL01-MT;UOP02-DEL01-MT;;;
696999;09/06/2025;segunda-feira;11:45:00;BA;415;27;ILHEUS;Transitar na contram�o;Colis�o frontal;Com V�timas Feridas;Pleno dia;Crescente;C�u Claro;Dupla;Reta;N�o;2;0;0;1;1;0;1;2;-14,79471686;-39,20428276;SPRF-BA;DEL05-BA;UOP01-DEL05-BA;;;
697000;09/06/2025;segunda-feira;12:45:00;RS;116;153,3;CAXIAS DO SUL;Convers�o proibida;Colis�o transversal;Com V�timas Feridas;Pleno dia;Decrescente;Nublado;Dupla;"Declive;Reta";Sim;2;0;0;1;1;0;1;2;-29,188379;-51,180905;SPRF-RS;DEL05-RS;UOP01-DEL05-RS;;;
697001;09/06/2025;segunda-feira;10:00:00;MG;40;66,6;PARACATU;Demais falhas mec�nicas ou el�tricas;Inc�ndio;Sem V�timas;Pleno dia;Crescente;C�u Claro;Simples;Reta;N�o;1;0;0;0;0;1;0;1;-17,375781;-46,742529;SPRF-MG;DEL14-MG;UOP01-DEL14-MG;;;
697002;09/06/2025;segunda-feira;11:15:00;MG;356;264,6;MURIAE;Transitar na contram�o;Colis�o frontal;Com V�timas Feridas;Pleno dia;Decrescente;Nublado;Simples;Reta;Sim;3;0;2;0;1;0;2;3;-21,12456144;-42,37868283;SPRF-MG;DEL07-MG;UOP02-DEL07-MG;;;
697003;09/06/2025;segunda-feira;06:25:00;RJ;116;275;BARRA MANSA;Pista Escorregadia;Colis�o com objeto;Com V�timas Feridas;Amanhecer;Crescente;Chuva;Dupla;Reta;Sim;6;0;1;0;5;0;1;6;-22,56205479;-44,15696025;SPRF-RJ;DEL07-RJ;UOP02-DEL07-RJ;;;
697004;09/06/2025;segunda-feira;13:00:00;GO;414;369;COCALZINHO DE GOIAS;Aus�ncia de rea��o do condutor;Sa�da de leito carro��vel;Com V�timas Feridas;Pleno dia;Crescente;C�u Claro;Simples;"Reta;Aclive";N�o;1;0;0;1;0;0;1;1;-15,753136;-48,739222;SPRF-GO;DEL02-GO;UOP01-DEL02-GO;;;
697005;09/06/2025;segunda-feira;12:25:00;RN;101;100;PARNAMIRIM;Rea��o tardia ou ineficiente do condutor;Colis�o traseira;Sem V�timas;Pleno dia;Decrescente;Sol;M�ltipla;"Reta;Interse��o de Vias";Sim;2;0;0;0;2;0;0;2;-5,88606122;-35,22881404;SPRF-RN;DEL01-RN;UOP01-DEL01-RN;;;
697006;09/06/2025;segunda-feira;12:00:00;SC;101;111,6;NAVEGANTES;Velocidade Incompat�vel;Colis�o com objeto;Com V�timas Feridas;Pleno dia;Crescente;Chuva;Dupla;"Reta;Aclive;Ponte";Sim;2;0;1;0;1;0;1;1;-26,84307866;-48,71807663;SPRF-SC;DEL04-SC;UOP04-DEL04-SC;;;
697007;09/06/2025;segunda-feira;13:00:00;RS;470;180,4;VERANOPOLIS;Desrespeitar a prefer�ncia no cruzamento;Colis�o transversal;Sem V�timas;Pleno dia;Crescente;C�u Claro;Simples;"Retorno Regulamentado;Reta";Sim;3;0;0;0;3;0;0;2;-28,95997604;-51,56391263;SPRF-RS;DEL06-RS;UOP02-DEL06-RS;;;
697009;09/06/2025;segunda-feira;13:15:00;SP;488;4,8;APARECIDA;Acessar a via sem observar a presen�a dos outros ve�culos;Colis�o transversal;Com V�timas Feridas;Pleno dia;Crescente;C�u Claro;Dupla;Interse��o de Vias;Sim;3;0;0;2;1;0;2;2;-22,863991;-45,255338;SPRF-SP;DEL08-SP;UOP01-DEL08-SP;;;
697010;09/06/2025;segunda-feira;13:10:00;RS;158;566;SANTANA DO LIVRAMENTO;Desrespeitar a prefer�ncia no cruzamento;Colis�o transversal;Com V�timas Feridas;Pleno dia;Crescente;C�u Claro;Simples;Interse��o de Vias;Sim;2;0;1;0;0;1;1;2;-30,88111918;-55,50935492;SPRF-RS;DEL11-RS;UOP01-DEL11-RS;;;
697016;09/06/2025;segunda-feira;12:15:00;PR;373;235,1;IMBITUVA;Aus�ncia de rea��o do condutor;Queda de ocupante de ve�culo;Com V�timas Feridas;Pleno dia;Decrescente;C�u Claro;Simples;Curva;N�o;1;0;0;1;0;0;1;1;-25,181088;-50,714942;SPRF-PR;DEL03-PR;UOP01-DEL03-PR;;;
697017;09/06/2025;segunda-feira;09:30:00;MG;381;671,5;PERDOES;Aus�ncia de rea��o do condutor;Colis�o com objeto;Com V�timas Feridas;Pleno dia;Crescente;Nublado;Dupla;"Curva;Declive";N�o;1;0;1;0;0;0;1;1;-21,066728;-45,052515;SPRF-MG;DEL04-MG;UOP02-DEL04-MG;;;
697018;09/06/2025;segunda-feira;12:26:00;RN;304;298;MACAIBA;Problema com o freio;Colis�o com objeto;Com V�timas Feridas;Pleno dia;Crescente;C�u Claro;Dupla;Reta;Sim;1;0;1;0;0;0;1;1;-5,869;-35,329;SPRF-RN;DEL01-RN;UOP02-DEL01-RN;;;
697019;09/06/2025;segunda-feira;11:00:00;RJ;465;18;NOVA IGUACU;Transitar na contram�o;Colis�o frontal;Com V�timas Feridas;Pleno dia;Crescente;Nublado;Simples;Reta;Sim;2;0;1;0;1;0;1;2;-22,83980255;-43,60994752;SPRF-RJ;DEL06-RJ;UOP02-DEL06-RJ;;;
697020;09/06/2025;segunda-feira;12:30:00;MT;364;200;RONDONOPOLIS;Acessar a via sem observar a presen�a dos outros ve�culos;Colis�o lateral mesmo sentido;Com V�timas Feridas;Pleno dia;Decrescente;C�u Claro;Dupla;Reta;N�o;2;0;1;0;1;0;1;2;-16,49730347;-54,63698387;SPRF-MT;DEL02-MT;UOP01-DEL02-MT;;;
697021;16/05/2025;sexta-feira;17:20:00;SP;116;144;SAO JOSE DOS CAMPOS;Rea��o tardia ou ineficiente do condutor;Colis�o traseira;Com V�timas Feridas;Pleno dia;Decrescente;C�u Claro;Dupla;Reta;Sim;3;0;1;0;2;0;1;3;-23,1845508;-45,84938049;SPRF-SP;DEL02-SP;UOP01-DEL02-SP;;;
697022;09/06/2025;segunda-feira;13:40:00;PR;163;351;GUAIRA;Condutor deixou de manter dist�ncia do ve�culo da frente;Engavetamento;Com V�timas Feridas;Pleno dia;Crescente;C�u Claro;Simples;"Reta;Ponte";N�o;3;0;1;0;2;0;1;3;-24,0682762;-54,25027281;SPRF-PR;DEL06-PR;UOP01-DEL06-PR;;;
697023;09/06/2025;segunda-feira;14:20:00;RS;158;333;SANTA MARIA;Desrespeitar a prefer�ncia no cruzamento;Colis�o traseira;Com V�timas Feridas;Pleno dia;Crescente;Nublado;Simples;"Interse��o de Vias;Rotat�ria";Sim;4;0;1;0;2;1;1;3;-29,707222;-53,85242;SPRF-RS;DEL09-RS;UOP01-DEL09-RS;;;
697024;04/06/2025;quarta-feira;19:25:00;SC;282;3,8;FLORIANOPOLIS;Acessar a via sem observar a presen�a dos outros ve�culos;Colis�o lateral mesmo sentido;Com V�timas Feridas;Plena Noite;Crescente;C�u Claro;Dupla;Reta;N�o;3;0;0;1;2;0;1;2;-27,60051247;-48,58351557;SPRF-SC;DEL01-SC;UOP01-DEL01-SC;;;
697025;09/06/2025;segunda-feira;14:15:00;RS;470;221;GARIBALDI;Condutor deixou de manter dist�ncia do ve�culo da frente;Colis�o lateral mesmo sentido;Com V�timas Feridas;Pleno dia;Decrescente;C�u Claro;Simples;Rotat�ria;Sim;2;0;1;0;0;1;1;2;-29,20839706;-51,51773421;SPRF-RS;DEL06-RS;UOP01-DEL06-RS;;;
697026;09/06/2025;segunda-feira;14:00:00;PR;116;45;CAMPINA GRANDE DO SUL;Velocidade Incompat�vel;Sa�da de leito carro��vel;Com V�timas Feridas;Pleno dia;Decrescente;Chuva;Dupla;"Declive;Curva";N�o;1;0;1;0;0;0;1;1;-25,199233;-48,8950746;SPRF-PR;DEL01-PR;UOP02-DEL01-PR;;;
697027;09/06/2025;segunda-feira;08:40:00;PR;277;664,8;MEDIANEIRA;Acessar a via sem observar a presen�a dos outros ve�culos;Colis�o traseira;Sem V�timas;Pleno dia;Crescente;Nublado;Dupla;Aclive;N�o;3;0;0;0;3;0;0;3;-25,25110933;-54,01048053;SPRF-PR;DEL05-PR;UOP02-DEL05-PR;;;