id;data_inversa;dia_semana;horario;uf;br;km;municipio;causa_acidente;tipo_acidente;classificacao_acidente;fase_dia;sentido_via;condicao_metereologica;tipo_pista;tracado_via;uso_solo;pessoas;mortos;feridos_leves;feridos_graves;ilesos;ignorados;feridos;veiculos;latitude;longitude;regional;delegacia;uop;;;
697759;12/06/2025;quinta-feira;21:20:00;ES;262;72;MARECHAL FLORIANO;Aus�ncia de rea��o do condutor;Colis�o lateral sentido oposto;Sem V�timas;Plena Noite;Crescente;C�u Claro;Simples;"Curva;Ponte";N�o;2;0;0;0;1;1;0;2;-20,4097023;-40,8860513;SPRF-ES;DEL01-ES;UOP02-DEL01-ES;;;
697761;12/06/2025;quinta-feira;18:16:00;MT;163;863;SINOP;Demais falhas mec�nicas ou el�tricas;Sa�da de leito carro��vel;Sem V�timas;Plena Noite;Crescente;Ignorado;Simples;Reta;N�o;1;0;0;0;1;0;0;1;-11,615826;-55,431614;SPRF-MT;DEL06-MT;UOP02-DEL06-MT;;;
697762;12/06/2025;quinta-feira;21:53:00;BA;407;6;JUAZEIRO;Aus�ncia de rea��o do condutor;Colis�o traseira;Com V�timas Feridas;Plena Noite;Crescente;C�u Claro;Dupla;Reta;Sim;4;0;0;1;3;0;1;2;-9,4543611;-40,4888906;SPRF-PE;DEL06-PE;UOP01-DEL06-PE;;;
697764;12/06/2025;quinta-feira;22:11:00;MS;163;257;DOURADOS;Frear bruscamente;Tombamento;Com V�timas Feridas;Plena Noite;Crescente;C�u Claro;Dupla;"Reta;Aclive";Sim;1;0;1;0;0;0;1;1;-22,2590237;-54,79391456;SPRF-MS;DEL04-MS;UOP01-DEL04-MS;;;
697765;12/06/2025;quinta-feira;19:30:00;MG;381;207;NAQUE;Acessar a via sem observar a presen�a dos outros ve�culos;Colis�o transversal;Com V�timas Feridas;Plena Noite;Decrescente;Ignorado;Simples;Reta;N�o;3;0;1;1;1;0;2;2;-19,22482357;-42,32442141;SPRF-MG;DEL06-MG;UOP01-DEL06-MG;;;
697766;12/06/2025;quinta-feira;21:15:00;MG;40;666,3;CARANDAI;Aus�ncia de rea��o do condutor;Sa�da de leito carro��vel;Sem V�timas;Plena Noite;Decrescente;C�u Claro;Simples;Curva;N�o;1;0;0;0;1;0;0;1;-20,9463691;-43,8030431;SPRF-MG;DEL05-MG;UOP02-DEL05-MG;;;
697768;12/06/2025;quinta-feira;23:40:00;PE;101;49,9;ABREU E LIMA;Condutor deixou de manter dist�ncia do ve�culo da frente;Colis�o traseira;Com V�timas Feridas;Plena Noite;Decrescente;C�u Claro;Dupla;"Reta;Interse��o de Vias";Sim;3;0;0;1;2;0;1;2;-7,909242;-34,901245;SPRF-PE;DEL01-PE;UOP02-DEL01-PE;;;
697769;12/06/2025;quinta-feira;22:00:00;RS;158;98,7;PALMEIRA DAS MISSOES;Ingest�o de �lcool pelo condutor;Sa�da de leito carro��vel;Com V�timas Feridas;Plena Noite;Crescente;C�u Claro;Simples;Interse��o de Vias;N�o;1;0;1;0;0;0;1;1;-27,88778576;-53,33623974;SPRF-RS;DEL08-RS;UOP01-DEL08-RS;;;
697782;13/06/2025;sexta-feira;04:00:00;RN;101;97,6;NATAL;Ingest�o de �lcool pelo condutor;Colis�o frontal;Com V�timas Feridas;Amanhecer;Decrescente;Chuva;Dupla;Reta;Sim;2;0;1;0;1;0;1;2;-5,859781;-35,21376739;SPRF-RN;DEL01-RN;UOP01-DEL01-RN;;;
697783;13/06/2025;sexta-feira;02:40:00;PE;423;104;CAETES;Rea��o tardia ou ineficiente do condutor;Colis�o frontal;Com V�timas Fatais;Plena Noite;Decrescente;Nevoeiro/Neblina;Simples;"Aclive;Reta";N�o;2;1;0;0;1;0;0;2;-8,878877;-36,56201;SPRF-PE;DEL03-PE;UOP01-DEL03-PE;;;
697785;13/06/2025;sexta-feira;05:20:00;MG;262;374,3;JUATUBA;Ingest�o de �lcool pelo condutor;Sa�da de leito carro��vel;Com V�timas Feridas;Amanhecer;Crescente;C�u Claro;Dupla;Reta;N�o;3;0;3;0;0;0;3;1;-19,94088911;-44,38685468;SPRF-MG;DEL01-MG;UOP03-DEL01-MG;;;
697787;13/06/2025;sexta-feira;04:41:00;PE;424;93;GARANHUNS;Acessar a via sem observar a presen�a dos outros ve�culos;Atropelamento de Pedestre;Com V�timas Fatais;Plena Noite;Decrescente;Nevoeiro/Neblina;Simples;Reta;Sim;2;1;0;0;0;1;0;2;-8,9094276;-36,4870789;SPRF-PE;DEL03-PE;UOP01-DEL03-PE;;;
697788;13/06/2025;sexta-feira;01:00:00;MG;365;756;ITUIUTABA;Condutor Dormindo;Colis�o com objeto;Sem V�timas;Plena Noite;Decrescente;C�u Claro;Simples;Reta;N�o;1;0;0;0;0;1;0;1;-18,965709;-49,502859;SPRF-MG;DEL15-MG;UOP03-DEL15-MG;;;
697789;13/06/2025;sexta-feira;05:05:00;PB;0;0;CABEDELO;Ingest�o de �lcool pelo condutor;Eventos at�picos;Com V�timas Feridas;Pleno dia;N�o Informado;C�u Claro;Simples;Reta;Sim;7;0;4;0;0;3;4;3;-7,025177;-34,83067;SPRF-PB;DEL01-PB;UOP01-DEL01-PB;;;
697790;12/06/2025;quinta-feira;19:45:00;MT;70;533;VARZEA GRANDE;Transitar na contram�o;Colis�o frontal;Com V�timas Fatais;Plena Noite;Decrescente;C�u Claro;Simples;Reta;N�o;11;1;2;7;0;1;9;4;-15,668414;-56,239179;SPRF-MT;DEL01-MT;UOP02-DEL01-MT;;;
697791;13/06/2025;sexta-feira;04:40:00;RS;101;1;TORRES;Transitar na contram�o;Colis�o frontal;Sem V�timas;Plena Noite;Decrescente;C�u Claro;Dupla;Reta;Sim;2;0;0;0;0;2;0;2;-29,3163376;-49,774209;SPRF-RS;DEL03-RS;UOP02-DEL03-RS;;;
697792;13/06/2025;sexta-feira;04:30:00;PR;153;35;SANTO ANTONIO DA PLATINA;Condutor Dormindo;Sa�da de leito carro��vel;Com V�timas Feridas;Plena Noite;Crescente;C�u Claro;Simples;"Reta;Aclive";N�o;1;0;1;0;0;0;1;1;-23,25879213;-50,05486362;SPRF-PR;DEL07-PR;UOP04-DEL07-PR;;;
697793;13/06/2025;sexta-feira;05:37:00;SE;235;69,3;FREI PAULO;Ingest�o de �lcool pelo condutor;Colis�o frontal;Com V�timas Fatais;Pleno dia;Crescente;Chuva;Simples;Reta;N�o;4;3;1;0;0;0;1;2;-10,565957;-37,511438;SPRF-SE;DEL01-SE;UOP02-DEL01-SE;;;
697794;13/06/2025;sexta-feira;06:00:00;SP;116;214;GUARULHOS;Condutor deixou de manter dist�ncia do ve�culo da frente;Colis�o traseira;Com V�timas Feridas;Amanhecer;Crescente;Nublado;M�ltipla;Declive;Sim;3;0;1;0;2;0;1;2;-23,44602842;-46,45279741;SPRF-SP;DEL01-SP;UOP01-DEL01-SP;;;
697797;13/06/2025;sexta-feira;06:55:00;SP;116;222;GUARULHOS;Aus�ncia de rea��o do condutor;Colis�o lateral mesmo sentido;Com V�timas Feridas;Pleno dia;Crescente;Nublado;M�ltipla;Reta;Sim;2;0;1;0;1;0;1;2;-23,475752;-46,524615;SPRF-SP;DEL01-SP;UOP01-DEL01-SP;;;
697798;13/06/2025;sexta-feira;05:00:00;PB;230;13;CABEDELO;Ingest�o de �lcool pelo condutor;Colis�o traseira;Sem V�timas;Amanhecer;Decrescente;C�u Claro;Dupla;"Reta;Desvio Tempor�rio;Em Obras";Sim;2;0;0;0;2;0;0;2;-7,08228213;-34,84876156;SPRF-PB;DEL01-PB;UOP01-DEL01-PB;;;
697799;13/06/2025;sexta-feira;06:55:00;SP;381;64;MAIRIPORA;Manobra de mudan�a de faixa;Colis�o traseira;Com V�timas Feridas;Pleno dia;Crescente;C�u Claro;M�ltipla;Declive;Sim;2;0;1;0;1;0;1;2;-23,3376408;-46,57494402;SPRF-SP;DEL03-SP;UOP01-DEL03-SP;;;
697800;13/06/2025;sexta-feira;00:30:00;AP;156;581,5;CALCOENE;Animais na Pista;Sa�da de leito carro��vel;Com V�timas Feridas;Plena Noite;Crescente;Nublado;Simples;Reta;N�o;5;0;1;1;3;0;2;1;2,467694;-50,97159;SPRF-AP;DEL01-AP;UOP02-DEL01-AP;;;
697801;13/06/2025;sexta-feira;07:00:00;RN;304;36;MOSSORO;Demais falhas mec�nicas ou el�tricas;Inc�ndio;Sem V�timas;Pleno dia;Crescente;C�u Claro;Dupla;"Reta;Viaduto";Sim;1;0;0;0;1;0;0;1;-5,168432;-37,355418;SPRF-RN;DEL04-RN;UOP02-DEL04-RN;;;
697802;13/06/2025;sexta-feira;05:30:00;PE;101;94,4;CABO DE SANTO AGOSTINHO;Velocidade Incompat�vel;Sa�da de leito carro��vel;Sem V�timas;Pleno dia;Crescente;C�u Claro;Dupla;Curva;N�o;1;0;0;0;1;0;0;1;-8,2478;-35,0068;SPRF-PE;DEL01-PE;UOP03-DEL01-PE;;;
697805;13/06/2025;sexta-feira;05:50:00;SC;101;383,4;ICARA;Manobra de mudan�a de faixa;Colis�o lateral mesmo sentido;Com V�timas Feridas;Plena Noite;Crescente;Nublado;M�ltipla;"Aclive;Reta";N�o;2;0;1;0;1;0;1;2;-28,77448153;-49,31560842;SPRF-SC;DEL02-SC;UOP02-DEL02-SC;;;
697806;13/06/2025;sexta-feira;07:55:00;RS;290;92;PORTO ALEGRE;Rea��o tardia ou ineficiente do condutor;Colis�o lateral mesmo sentido;Com V�timas Feridas;Pleno dia;Decrescente;C�u Claro;M�ltipla;Reta;N�o;2;0;1;0;1;0;1;2;-29,97116171;-51,18787162;SPRF-RS;DEL01-RS;UOP01-DEL01-RS;;;
697807;13/06/2025;sexta-feira;07:40:00;RS;290;85;CACHOEIRINHA;Condutor deixou de manter dist�ncia do ve�culo da frente;Colis�o traseira;Com V�timas Feridas;Pleno dia;Decrescente;C�u Claro;M�ltipla;Reta;N�o;4;0;1;0;3;0;1;3;-29,96457263;-51,09872772;SPRF-RS;DEL01-RS;UOP01-DEL01-RS;;;
697808;13/06/2025;sexta-feira;07:10:00;PR;369;185;ARAPONGAS;Ultrapassagem Indevida;Colis�o frontal;Com V�timas Feridas;Pleno dia;Crescente;C�u Claro;Simples;"Reta;Interse��o de Vias";Sim;2;0;1;0;1;0;1;2;-23,411335;-51,42742;SPRF-PR;DEL07-PR;UOP03-DEL07-PR;;;
697810;13/06/2025;sexta-feira;07:15:00;RS;285;530;SAO LUIZ GONZAGA;Aus�ncia de rea��o do condutor;Colis�o traseira;Com V�timas Feridas;Pleno dia;Crescente;Sol;Simples;Reta;N�o;2;0;2;0;0;0;2;2;-28,41105868;-54,57283616;SPRF-RS;DEL10-RS;UOP01-DEL10-RS;;;
697811;13/06/2025;sexta-feira;07:45:00;RN;101;94;NATAL;Acessar a via sem observar a presen�a dos outros ve�culos;Colis�o lateral mesmo sentido;Com V�timas Feridas;Pleno dia;Crescente;C�u Claro;Dupla;Reta;Sim;3;0;1;1;1;0;2;2;-5,83079624;-35,21197468;SPRF-RN;DEL01-RN;UOP01-DEL01-RN;;;
697812;13/06/2025;sexta-feira;07:15:00;PR;369;156,5;LONDRINA;Rea��o tardia ou ineficiente do condutor;Colis�o traseira;Com V�timas Feridas;Amanhecer;Decrescente;C�u Claro;Dupla;Reta;Sim;2;0;0;1;1;0;1;2;-23,29022395;-51,22040749;SPRF-PR;DEL07-PR;UOP01-DEL07-PR;;;
697813;13/06/2025;sexta-feira;07:20:00;PR;116;86;PIRAQUARA;Acumulo de �leo sobre o pavimento;Colis�o traseira;Com V�timas Feridas;Pleno dia;Decrescente;Chuva;Dupla;Reta;N�o;2;0;1;0;1;0;1;2;-25,46649952;-49,09044234;SPRF-PR;DEL01-PR;UOP02-DEL01-PR;;;
697814;13/06/2025;sexta-feira;08:15:00;SC;101;189;SAO JOSE;Estacionar ou parar em local proibido;Colis�o traseira;Com V�timas Feridas;Pleno dia;Decrescente;C�u Claro;Simples;Reta;Sim;2;0;0;1;1;0;1;2;-27,53225506;-48,63113014;SPRF-SC;DEL01-SC;UOP01-DEL01-SC;;;
697815;13/06/2025;sexta-feira;07:40:00;CE;116;1,2;FORTALEZA;Manobra de mudan�a de faixa;Colis�o lateral mesmo sentido;Com V�timas Feridas;Pleno dia;Crescente;C�u Claro;M�ltipla;Reta;Sim;2;0;0;1;1;0;1;2;-3,75929863;-38,51929871;SPRF-CE;DEL01-CE;UOP02-DEL01-CE;;;
697818;13/06/2025;sexta-feira;07:55:00;ES;101;225;IBIRACU;Aus�ncia de rea��o do condutor;Queda de ocupante de ve�culo;Com V�timas Feridas;Pleno dia;Crescente;Nublado;Simples;Curva;N�o;1;0;1;0;0;0;1;1;-19,895018;-40,411759;SPRF-ES;DEL02-ES;UOP01-DEL02-ES;;;
697819;13/06/2025;sexta-feira;08:00:00;RS;116;252,8;SAPUCAIA DO SUL;Manobra de mudan�a de faixa;Colis�o lateral mesmo sentido;Com V�timas Feridas;Pleno dia;Crescente;Sol;Dupla;Reta;Sim;2;0;1;0;1;0;1;2;-29,80702249;-51,16711605;SPRF-RS;DEL01-RS;UOP02-DEL01-RS;;;
697822;13/06/2025;sexta-feira;06:10:00;GO;60;101,1;GOIANAPOLIS;Aus�ncia de rea��o do condutor;Colis�o com objeto;Com V�timas Feridas;Amanhecer;Decrescente;Nublado;Dupla;"Reta;Aclive";N�o;2;0;2;0;0;0;2;2;-16,41014598;-48,9926884;SPRF-GO;DEL02-GO;UOP01-DEL02-GO;;;
697823;13/06/2025;sexta-feira;08:42:00;SP;116;87;PINDAMONHANGABA;Rea��o tardia ou ineficiente do condutor;Colis�o com objeto;Com V�timas Feridas;Pleno dia;Crescente;C�u Claro;Dupla;Reta;N�o;1;0;1;0;0;0;1;1;-22,92930234;-45,35911882;SPRF-SP;DEL08-SP;UOP01-DEL08-SP;;;
697824;13/06/2025;sexta-feira;07:10:00;SC;101;134;BALNEARIO CAMBORIU;Acessar a via sem observar a presen�a dos outros ve�culos;Colis�o transversal;Com V�timas Feridas;Pleno dia;Crescente;Nublado;Simples;Reta;Sim;2;0;0;1;1;0;1;2;-27,0059141;-48,62754822;SPRF-SC;DEL04-SC;UOP03-DEL04-SC;;;
697826;13/06/2025;sexta-feira;08:40:00;SE;101;44;JAPARATUBA;Avarias e/ou desgaste excessivo no pneu;Capotamento;Com V�timas Feridas;Pleno dia;Crescente;Chuva;Dupla;Curva;N�o;5;0;3;0;2;0;3;1;-10,5609617;-36,9680717;SPRF-SE;DEL02-SE;UOP02-DEL02-SE;;;
697828;13/06/2025;sexta-feira;05:00:00;GO;60;193,6;GUAPO;Aus�ncia de rea��o do condutor;Sa�da de leito carro��vel;Sem V�timas;Plena Noite;Decrescente;C�u Claro;Dupla;Reta;N�o;1;0;0;0;0;1;0;1;-16,852615;-49,580045;SPRF-GO;DEL01-GO;UOP02-DEL01-GO;;;
697829;13/06/2025;sexta-feira;08:50:00;BA;324;623,3;SALVADOR;Rea��o tardia ou ineficiente do condutor;Colis�o traseira;Com V�timas Feridas;Pleno dia;Decrescente;Chuva;Dupla;Reta;Sim;2;0;1;0;1;0;1;2;-12,939855;-38,471428;SPRF-BA;DEL01-BA;UOP01-DEL01-BA;;;
697833;13/06/2025;sexta-feira;08:40:00;RS;285;332,8;CARAZINHO;Condutor deixou de manter dist�ncia do ve�culo da frente;Colis�o traseira;Com V�timas Feridas;Pleno dia;Crescente;C�u Claro;Dupla;Rotat�ria;Sim;2;0;1;0;1;0;1;2;-28,29749853;-52,73592917;SPRF-RS;DEL08-RS;UOP03-DEL08-RS;;;
697834;13/06/2025;sexta-feira;08:30:00;SC;101;423,5;ARARANGUA;Rea��o tardia ou ineficiente do condutor;Colis�o traseira;Com V�timas Feridas;Pleno dia;Crescente;C�u Claro;Dupla;"Viaduto;Aclive";N�o;2;0;2;0;0;0;2;2;-29,017;-49,586;SPRF-SC;DEL02-SC;UOP02-DEL02-SC;;;
697835;13/06/2025;sexta-feira;07:50:00;RS;290;77;GRAVATAI;Rea��o tardia ou ineficiente do condutor;Colis�o com objeto;Com V�timas Feridas;Pleno dia;Decrescente;C�u Claro;M�ltipla;Reta;Sim;1;0;1;0;0;0;1;1;-29,95463709;-51,036129;SPRF-RS;DEL01-RS;UOP01-DEL01-RS;;;
697836;13/06/2025;sexta-feira;09:30:00;RN;101;99;NATAL;Demais falhas mec�nicas ou el�tricas;Tombamento;Com V�timas Feridas;Pleno dia;Decrescente;Sol;Dupla;Aclive;Sim;2;0;1;0;1;0;1;1;-5,87564;-35,22348;SPRF-RN;DEL01-RN;UOP01-DEL01-RN;;;
697837;12/06/2025;quinta-feira;22:30:00;BA;116;805;VITORIA DA CONQUISTA;Ingest�o de �lcool pelo condutor;Sa�da de leito carro��vel;Com V�timas Feridas;Pleno dia;Crescente;C�u Claro;Simples;Reta;N�o;1;0;1;0;0;0;1;1;-14,76963121;-40,71552649;SPRF-BA;DEL08-BA;UOP01-DEL08-BA;;;
697841;13/06/2025;sexta-feira;09:20:00;SP;116;223;GUARULHOS;Rea��o tardia ou ineficiente do condutor;Colis�o lateral mesmo sentido;Com V�timas Feridas;Pleno dia;Decrescente;Sol;Simples;Reta;Sim;3;0;1;0;2;0;1;3;-23,47905169;-46,52994664;SPRF-SP;DEL01-SP;UOP01-DEL01-SP;;;
697842;13/06/2025;sexta-feira;07:15:00;MT;163;743;SORRISO;Acessar a via sem observar a presen�a dos outros ve�culos;Colis�o lateral mesmo sentido;Com V�timas Feridas;Pleno dia;Decrescente;Sol;Simples;Reta;N�o;2;0;1;0;1;0;1;2;-12,621692;-55,76686;SPRF-MT;DEL06-MT;UOP01-DEL06-MT;;;
697843;13/06/2025;sexta-feira;09:00:00;RJ;40;123;DUQUE DE CAXIAS;Manobra de mudan�a de faixa;Colis�o lateral mesmo sentido;Com V�timas Feridas;Pleno dia;Crescente;C�u Claro;M�ltipla;Reta;N�o;2;0;1;0;1;0;1;2;-22,79481384;-43,28783951;SPRF-RJ;DEL01-RJ;UOP02-DEL01-RJ;;;
697844;18/05/2025;domingo;18:30:00;PB;412;141;MONTEIRO;Rea��o tardia ou ineficiente do condutor;Colis�o traseira;Com V�timas Fatais;Plena Noite;Crescente;Chuva;Simples;"Reta;Declive";N�o;2;1;1;0;0;0;1;2;-7,874274;-37,094931;SPRF-PB;DEL02-PB;UOP02-DEL02-PB;;;
697846;13/06/2025;sexta-feira;10:00:00;SC;280;55,4;GUARAMIRIM;Desrespeitar a prefer�ncia no cruzamento;Colis�o transversal;Com V�timas Feridas;Pleno dia;Crescente;Garoa/Chuvisco;Simples;Rotat�ria;Sim;2;0;1;0;1;0;1;2;-26,47888984;-49,00106192;SPRF-SC;DEL03-SC;UOP03-DEL03-SC;;;
697849;13/06/2025;sexta-feira;09:10:00;PR;277;471,3;NOVA LARANJEIRAS;Acessar a via sem observar a presen�a dos outros ve�culos;Colis�o transversal;Com V�timas Feridas;Pleno dia;Decrescente;C�u Claro;Simples;Interse��o de Vias;Sim;2;0;0;1;1;0;1;2;-25,307985;-52,536052;SPRF-PR;DEL04-PR;UOP02-DEL04-PR;;;
697850;13/06/2025;sexta-feira;10:30:00;PA;163;985;SANTAREM;Acessar a via sem observar a presen�a dos outros ve�culos;Atropelamento de Pedestre;Com V�timas Feridas;Pleno dia;Decrescente;Chuva;Simples;Reta;Sim;2;0;1;0;1;0;1;2;-2,60239;-54,719337;SPRF-PA;DEL05-PA;UOP01-DEL05-PA;;;
697851;01/06/2025;domingo;17:00:00;PI;316;311,5;PICOS;Demais falhas mec�nicas ou el�tricas;Eventos at�picos;Sem V�timas;Pleno dia;Crescente;C�u Claro;Dupla;Reta;Sim;1;0;0;0;1;0;0;1;-7,08109078;-41,45822436;SPRF-PI;DEL04-PI;UOP01-DEL04-PI;;;
697853;13/06/2025;sexta-feira;10:25:00;PB;230;13;CABEDELO;Condutor deixou de manter dist�ncia do ve�culo da frente;Colis�o lateral mesmo sentido;Sem V�timas;Pleno dia;Decrescente;C�u Claro;Dupla;Reta;N�o;2;0;0;0;2;0;0;2;-7,05478017;-34,84878;SPRF-PB;DEL01-PB;UOP01-DEL01-PB;;;
697855;13/06/2025;sexta-feira;09:30:00;SC;101;38,8;JOINVILLE;Rea��o tardia ou ineficiente do condutor;Colis�o traseira;Com V�timas Feridas;Pleno dia;Crescente;Nublado;Dupla;Interse��o de Vias;Sim;2;0;1;0;1;0;1;2;-26,1947392;-48,9291776;SPRF-SC;DEL03-SC;UOP01-DEL03-SC;;;
697857;13/06/2025;sexta-feira;11:45:00;RS;101;13;DOM PEDRO DE ALCANTARA;Mal s�bito do condutor;Sa�da de leito carro��vel;Com V�timas Feridas;Pleno dia;Decrescente;Sol;Dupla;Reta;N�o;1;0;1;0;0;0;1;1;-29,39503861;-49,84561698;SPRF-RS;DEL03-RS;UOP02-DEL03-RS;;;
697858;13/06/2025;sexta-feira;10:20:00;MT;70;11;BARRA DO GARCAS;Rea��o tardia ou ineficiente do condutor;Tombamento;Com V�timas Feridas;Pleno dia;Crescente;C�u Claro;Simples;"Reta;Declive";Sim;1;0;1;0;0;0;1;1;-15,87822;-52,33255;SPRF-MT;DEL07-MT;UOP01-DEL07-MT;;;
697860;13/06/2025;sexta-feira;11:46:00;RJ;116;235;PIRAI;Rea��o tardia ou ineficiente do condutor;Colis�o com objeto;Com V�timas Feridas;Pleno dia;Decrescente;C�u Claro;Dupla;Curva;N�o;1;0;1;0;0;0;1;1;-22,666758;-43,862078;SPRF-RJ;DEL07-RJ;UOP01-DEL07-RJ;;;
697861;31/05/2025;s�bado;22:30:00;RJ;101;486;ANGRA DOS REIS;Convers�o proibida;Queda de ocupante de ve�culo;Com V�timas Feridas;Plena Noite;Crescente;C�u Claro;Dupla;Reta;Sim;2;0;1;1;0;0;2;2;-22,989542;-44,2417893;SPRF-RJ;DEL03-RJ;UOP03-DEL03-RJ;;;
697863;13/06/2025;sexta-feira;09:30:00;RJ;101;507;ANGRA DOS REIS;Rea��o tardia ou ineficiente do condutor;Colis�o traseira;Com V�timas Feridas;Pleno dia;Decrescente;C�u Claro;Simples;Reta;Sim;2;0;1;0;1;0;1;2;-22,99001866;-44,24222233;SPRF-RJ;DEL03-RJ;UOP03-DEL03-RJ;;;
697864;13/06/2025;sexta-feira;12:30:00;PA;316;64;CASTANHAL;Acessar a via sem observar a presen�a dos outros ve�culos;Colis�o transversal;Com V�timas Feridas;Pleno dia;Crescente;Sol;Dupla;Interse��o de Vias;Sim;2;0;1;0;1;0;1;2;-1,296415;-47,918822;SPRF-PA;DEL01-PA;UOP01-DEL01-PA;;;
697867;13/06/2025;sexta-feira;12:30:00;PE;232;125;CARUARU;Frear bruscamente;Colis�o traseira;Com V�timas Feridas;Pleno dia;Decrescente;Sol;Dupla;Reta;N�o;3;0;1;0;2;0;1;2;-8,3074;-35,95971;SPRF-PE;DEL02-PE;UOP01-DEL02-PE;;;
697868;13/06/2025;sexta-feira;13:00:00;PB;104;140;QUEIMADAS;Acessar a via sem observar a presen�a dos outros ve�culos;Colis�o transversal;Com V�timas Feridas;Pleno dia;Decrescente;C�u Claro;Simples;Reta;Sim;2;0;1;0;1;0;1;2;-7,366;-35,901;SPRF-PB;DEL02-PB;UOP03-DEL02-PB;;;
697870;13/06/2025;sexta-feira;13:15:00;CE;222;1,8;FORTALEZA;Aus�ncia de rea��o do condutor;Colis�o traseira;Com V�timas Feridas;Pleno dia;Crescente;Sol;Dupla;Reta;Sim;2;0;1;0;0;1;1;2;-3,738587;-38,585707;SPRF-CE;DEL01-CE;UOP01-DEL01-CE;;;
697873;13/06/2025;sexta-feira;08:55:00;PR;277;593,4;CASCAVEL;Acessar a via sem observar a presen�a dos outros ve�culos;Colis�o transversal;Com V�timas Feridas;Pleno dia;Decrescente;Sol;Simples;"Interse��o de Vias;Reta";Sim;2;0;0;1;1;0;1;2;-24,98034415;-53,48665802;SPRF-PR;DEL04-PR;UOP01-DEL04-PR;;;
697874;13/06/2025;sexta-feira;13:50:00;SC;101;138,7;BALNEARIO CAMBORIU;Velocidade Incompat�vel;Sa�da de leito carro��vel;Sem V�timas;Pleno dia;Crescente;Garoa/Chuvisco;Dupla;"Viaduto;Curva";Sim;1;0;0;0;1;0;0;1;-27,02851877;-48,604846;SPRF-SC;DEL04-SC;UOP03-DEL04-SC;;;
697875;13/06/2025;sexta-feira;13:57:00;RN;101;109;PARNAMIRIM;Acessar a via sem observar a presen�a dos outros ve�culos;Colis�o transversal;Com V�timas Feridas;Pleno dia;Decrescente;C�u Claro;Dupla;Retorno Regulamentado;Sim;2;0;1;0;1;0;1;2;-5,939748;-35,264465;SPRF-RN;DEL01-RN;UOP01-DEL01-RN;;;
697877;13/06/2025;sexta-feira;10:50:00;RS;470;241,5;BARAO;Rea��o tardia ou ineficiente do condutor;Sa�da de leito carro��vel;Com V�timas Feridas;Pleno dia;Crescente;C�u Claro;Simples;"Declive;Curva";N�o;1;0;0;1;0;0;1;1;-29,35556331;-51,51883475;SPRF-RS;DEL06-RS;UOP01-DEL06-RS;;;
697878;02/06/2025;segunda-feira;05:45:00;MS;163;113,5;ITAQUIRAI;Rea��o tardia ou ineficiente do condutor;Sa�da de leito carro��vel;Com V�timas Feridas;Amanhecer;Decrescente;C�u Claro;Dupla;Reta;N�o;1;0;1;0;0;0;1;1;-23,16462;-54,198788;SPRF-MS;DEL09-MS;UOP01-DEL09-MS;;;
697880;13/06/2025;sexta-feira;14:06:00;PE;101;68;RECIFE;Velocidade Incompat�vel;Colis�o lateral mesmo sentido;Com V�timas Feridas;Pleno dia;Crescente;C�u Claro;Dupla;Rotat�ria;Sim;3;0;2;0;1;0;2;2;-8,05201663;-34,94676948;SPRF-PE;DEL01-PE;UOP01-DEL01-PE;;;
697881;13/06/2025;sexta-feira;14:00:00;PE;232;11;JABOATAO DOS GUARARAPES;Condutor deixou de manter dist�ncia do ve�culo da frente;Colis�o traseira;Com V�timas Feridas;Pleno dia;Decrescente;Sol;Dupla;"Retorno Regulamentado;Reta";N�o;2;0;0;1;1;0;1;2;-8,08555;-35,002078;SPRF-PE;DEL01-PE;UOP01-DEL01-PE;;;
697882;13/06/2025;sexta-feira;10:45:00;BA;367;23;PORTO SEGURO;Acessar a via sem observar a presen�a dos outros ve�culos;Queda de ocupante de ve�culo;Com V�timas Feridas;Pleno dia;Decrescente;C�u Claro;Simples;Curva;Sim;2;0;1;0;1;0;1;2;-16,416768;-39,1184384;SPRF-BA;DEL09-BA;UOP03-DEL09-BA;;;
697884;13/03/2025;quinta-feira;17:40:00;MG;262;803,9;UBERABA;Aus�ncia de rea��o do condutor;Engavetamento;Com V�timas Feridas;Anoitecer;Crescente;C�u Claro;Dupla;"Reta;Interse��o de Vias";Sim;3;0;1;0;2;0;1;3;-19,7456327;-47,9385299;SPRF-MG;DEL13-MG;UOP01-DEL13-MG;;;
697887;13/06/2025;sexta-feira;14:15:00;SC;280;28;ARAQUARI;Transitar na contram�o;Colis�o lateral mesmo sentido;Com V�timas Feridas;Pleno dia;Crescente;Chuva;Simples;Reta;N�o;3;0;1;0;2;0;1;2;-26,40424749;-48,74539375;SPRF-SC;DEL03-SC;UOP03-DEL03-SC;;;
697888;18/04/2025;sexta-feira;19:10:00;SC;280;57;GUARAMIRIM;Manobra de mudan�a de faixa;Colis�o lateral mesmo sentido;Com V�timas Feridas;Plena Noite;Crescente;C�u Claro;Dupla;Rotat�ria;N�o;2;0;1;0;1;0;1;2;-26,4732672;-48,9848832;SPRF-SC;DEL03-SC;UOP03-DEL03-SC;;;
697889;13/06/2025;sexta-feira;14:20:00;SC;101;118,2;ITAJAI;Aus�ncia de rea��o do condutor;Colis�o traseira;Sem V�timas;Pleno dia;Decrescente;Nublado;Dupla;Reta;N�o;2;0;0;0;2;0;0;2;-26,88417142;-48,72386869;SPRF-SC;DEL04-SC;UOP04-DEL04-SC;;;