id;data_inversa;dia_semana;horario;uf;br;km;municipio;causa_acidente;tipo_acidente;classificacao_acidente;fase_dia;sentido_via;condicao_metereologica;tipo_pista;tracado_via;uso_solo;pessoas;mortos;feridos_leves;feridos_graves;ilesos;ignorados;feridos;veiculos;latitude;longitude;regional;delegacia;uop;;;
697895;13/06/2025;sexta-feira;15:00:00;PB;230;17;JOAO PESSOA;Aus�ncia de rea��o do condutor;Tombamento;Com V�timas Feridas;Pleno dia;Crescente;C�u Claro;Dupla;Curva;Sim;1;0;1;0;0;0;1;1;-7,119364;-34,845158;SPRF-PB;DEL01-PB;UOP01-DEL01-PB;;;
697899;25/03/2025;ter�a-feira;19:00:00;PI;343;345;TERESINA;Aus�ncia de rea��o do condutor;Colis�o lateral mesmo sentido;Com V�timas Feridas;Plena Noite;Decrescente;Ignorado;Simples;Reta;Sim;2;0;0;1;0;1;1;2;-5,105463;-42,767853;SPRF-PI;DEL01-PI;UOP01-DEL01-PI;;;
697903;13/06/2025;sexta-feira;16:05:00;PE;407;109;PETROLINA;Condutor Dormindo;Sa�da de leito carro��vel;Sem V�timas;Pleno dia;Crescente;Nublado;Simples;Reta;N�o;1;0;0;0;1;0;0;1;-9,252768;-40,609653;SPRF-PE;DEL06-PE;UOP01-DEL06-PE;;;
697904;02/06/2025;segunda-feira;14:20:00;MA;135;23,3;SAO LUIS;Aus�ncia de rea��o do condutor;Colis�o traseira;Com V�timas Feridas;Pleno dia;Crescente;Sol;Dupla;Reta;Sim;4;0;0;1;3;0;1;4;-2,555645;-44,310795;SPRF-MA;DEL01-MA;UOP01-DEL01-MA;;;
697906;13/06/2025;sexta-feira;10:30:00;RJ;101;319;NITEROI;Avarias e/ou desgaste excessivo no pneu;Tombamento;Com V�timas Feridas;Pleno dia;Crescente;C�u Claro;Dupla;Reta;Sim;2;0;2;0;0;0;2;1;-22,85819732;-43,10501919;SPRF-RJ;DEL02-RJ;UOP02-DEL02-RJ;;;
697907;13/06/2025;sexta-feira;16:15:00;RS;471;170;RIO PARDO;Ultrapassagem Indevida;Sa�da de leito carro��vel;Com V�timas Feridas;Pleno dia;Decrescente;C�u Claro;Simples;Curva;N�o;1;0;1;0;0;0;1;1;-29,94389069;-52,38379955;SPRF-RS;DEL02-RS;UOP03-DEL02-RS;;;
697908;13/06/2025;sexta-feira;16:15:00;SC;470;128,6;RIO DO SUL;Acessar a via sem observar a presen�a dos outros ve�culos;Colis�o transversal;Com V�timas Feridas;Pleno dia;Decrescente;Garoa/Chuvisco;Dupla;Curva;N�o;2;0;2;0;0;0;2;2;-27,1722333;-49,5810917;SPRF-SC;DEL04-SC;UOP02-DEL04-SC;;;
697909;13/06/2025;sexta-feira;15:53:00;RO;364;711;PORTO VELHO;Aus�ncia de rea��o do condutor;Colis�o lateral mesmo sentido;Com V�timas Feridas;Pleno dia;Crescente;C�u Claro;Dupla;Reta;Sim;2;0;0;1;1;0;1;2;-8,77992493;-63,86746287;SPRF-RO;DEL01-RO;UOP01-DEL01-RO;;;
697911;13/06/2025;sexta-feira;05:20:00;BA;349;1076;CORRENTINA;Falta de acostamento;Colis�o traseira;Com V�timas Fatais;Amanhecer;Crescente;Ignorado;Simples;Reta;N�o;3;1;0;0;1;1;0;3;-13,695507;-45,863595;SPRF-BA;DEL10-BA;UOP02-DEL10-BA;;;
697913;13/06/2025;sexta-feira;16:35:00;GO;153;124;ESTRELA DO NORTE;Aus�ncia de rea��o do condutor;Colis�o transversal;Sem V�timas;Pleno dia;Decrescente;C�u Claro;Simples;"Reta;Interse��o de Vias";N�o;2;0;0;0;2;0;0;2;-13,86674;-49,05166;SPRF-GO;DEL07-GO;UOP01-DEL07-GO;;;
697914;13/06/2025;sexta-feira;14:35:00;SC;280;109;SAO BENTO DO SUL;Rea��o tardia ou ineficiente do condutor;Sa�da de leito carro��vel;Com V�timas Feridas;Pleno dia;Decrescente;Garoa/Chuvisco;Simples;Reta;N�o;3;0;3;0;0;0;3;1;-26,328197;-49,381565;SPRF-SC;DEL06-SC;UOP03-DEL06-SC;;;
697915;13/06/2025;sexta-feira;16:30:00;PR;476;94;BOCAIUVA DO SUL;Acessar a via sem observar a presen�a dos outros ve�culos;Colis�o transversal;Com V�timas Feridas;Pleno dia;Decrescente;C�u Claro;Simples;Curva;Sim;3;0;2;0;1;0;2;2;-25,21207493;-49,11233839;SPRF-PR;DEL01-PR;UOP01-DEL01-PR;;;
697917;13/06/2025;sexta-feira;17:20:00;GO;20;12;FORMOSA;Demais Fen�menos da natureza;Colis�o traseira;Com V�timas Feridas;Pleno dia;Decrescente;C�u Claro;Simples;Reta;N�o;3;0;1;0;2;0;1;3;-15,567326;-47,245296;SPRF-DF;DEL02-DF;UOP02-DEL02-DF;;;
697919;13/06/2025;sexta-feira;16:20:00;PB;230;138,6;MASSARANDUBA;Entrada inopinada do pedestre;Colis�o transversal;Com V�timas Feridas;Pleno dia;Crescente;C�u Claro;Dupla;"Reta;Aclive";N�o;5;0;0;1;1;3;1;2;-7,269208;-35,79161;SPRF-PB;DEL02-PB;UOP01-DEL02-PB;;;
697920;13/06/2025;sexta-feira;17:10:00;RJ;101;82,5;CAMPOS DOS GOYTACAZES;Animais na Pista;Atropelamento de Animal;Com V�timas Feridas;Anoitecer;Decrescente;C�u Claro;Simples;Curva;N�o;2;0;1;1;0;0;2;1;-21,824468;-41,457345;SPRF-RJ;DEL08-RJ;UOP02-DEL08-RJ;;;
697922;13/06/2025;sexta-feira;17:20:00;MG;381;509;SAO JOAQUIM DE BICAS;Aus�ncia de rea��o do condutor;Colis�o lateral mesmo sentido;Com V�timas Feridas;Pleno dia;Decrescente;C�u Claro;Dupla;Reta;Sim;3;0;2;0;1;0;2;2;-20,05571868;-44,2853063;SPRF-MG;DEL01-MG;UOP03-DEL01-MG;;;
697923;13/06/2025;sexta-feira;16:45:00;SP;116;224;GUARULHOS;Rea��o tardia ou ineficiente do condutor;Colis�o lateral mesmo sentido;Sem V�timas;Pleno dia;Crescente;C�u Claro;M�ltipla;Reta;Sim;2;0;0;0;0;2;0;2;-23,48286744;-46,5361058;SPRF-SP;DEL01-SP;UOP01-DEL01-SP;;;
697925;13/06/2025;sexta-feira;17:43:00;SP;116;230;SAO PAULO;Aus�ncia de rea��o do condutor;Colis�o lateral mesmo sentido;Com V�timas Feridas;Anoitecer;Decrescente;C�u Claro;M�ltipla;Reta;Sim;2;0;1;0;1;0;1;2;-23,51648356;-46,57986096;SPRF-SP;DEL01-SP;UOP01-DEL01-SP;;;
697926;13/06/2025;sexta-feira;17:45:00;RS;392;61,5;PELOTAS;Manobra de mudan�a de faixa;Colis�o transversal;Com V�timas Feridas;Anoitecer;Decrescente;C�u Claro;Dupla;Retorno Regulamentado;N�o;2;0;2;0;0;0;2;2;-31,78277387;-52,3569423;SPRF-RS;DEL07-RS;UOP01-DEL07-RS;;;
697927;13/06/2025;sexta-feira;18:00:00;ES;101;148,7;LINHARES;Condutor deixou de manter dist�ncia do ve�culo da frente;Colis�o traseira;Com V�timas Feridas;Plena Noite;Decrescente;C�u Claro;M�ltipla;"Reta;Aclive";Sim;2;0;1;0;1;0;1;2;-19,39666447;-40,06387602;SPRF-ES;DEL04-ES;UOP01-DEL04-ES;;;
697929;13/06/2025;sexta-feira;15:36:00;MT;364;435;VARZEA GRANDE;Convers�o proibida;Colis�o transversal;Com V�timas Feridas;Pleno dia;Decrescente;Sol;M�ltipla;Reta;Sim;4;0;1;1;2;0;2;2;-15,647019;-56,198313;SPRF-MT;DEL01-MT;UOP02-DEL01-MT;;;
697930;13/06/2025;sexta-feira;17:20:00;SP;101;43;UBATUBA;Rea��o tardia ou ineficiente do condutor;Tombamento;Com V�timas Feridas;Plena Noite;Crescente;C�u Claro;Simples;Rotat�ria;Sim;1;0;1;0;0;0;1;1;-23,40932418;-45,05934046;SPRF-SP;DEL06-SP;UOP01-DEL06-SP;;;
697931;13/06/2025;sexta-feira;17:51:00;RN;101;108,6;PARNAMIRIM;Condutor deixou de manter dist�ncia do ve�culo da frente;Engavetamento;Com V�timas Feridas;Plena Noite;Crescente;C�u Claro;Dupla;Aclive;Sim;4;0;1;0;3;0;1;3;-5,931918;-35,264943;SPRF-RN;DEL01-RN;UOP01-DEL01-RN;;;
697933;13/06/2025;sexta-feira;16:50:00;MG;40;35,8;PARACATU;Rea��o tardia ou ineficiente do condutor;Sa�da de leito carro��vel;Com V�timas Feridas;Pleno dia;Crescente;C�u Claro;Simples;Curva;N�o;1;0;1;0;0;0;1;1;-17,2414906;-46,8237425;SPRF-MG;DEL14-MG;UOP01-DEL14-MG;;;
697934;13/06/2025;sexta-feira;18:00:00;GO;153;498,2;GOIANIA;Rea��o tardia ou ineficiente do condutor;Engavetamento;Com V�timas Feridas;Plena Noite;Crescente;C�u Claro;Dupla;Aclive;Sim;4;0;2;0;2;0;2;3;-16,687002;-49,233361;SPRF-GO;DEL01-GO;UOP01-DEL01-GO;;;
697935;13/06/2025;sexta-feira;14:40:00;MG;116;207,5;CATUJI;Rea��o tardia ou ineficiente do condutor;Colis�o com objeto;Com V�timas Feridas;Pleno dia;Crescente;C�u Claro;Simples;Reta;Sim;2;0;0;1;1;0;1;1;-17,30614761;-41,51726961;SPRF-MG;DEL11-MG;UOP01-DEL11-MG;;;
697936;13/06/2025;sexta-feira;18:16:00;RN;110;97,5;UPANEMA;Acessar a via sem observar a presen�a dos outros ve�culos;Colis�o lateral mesmo sentido;Com V�timas Feridas;Plena Noite;Decrescente;C�u Claro;Simples;Interse��o de Vias;N�o;2;0;0;1;1;0;1;2;-5,62717;-37,26862;SPRF-RN;DEL04-RN;UOP01-DEL04-RN;;;
697938;13/06/2025;sexta-feira;17:30:00;SC;280;24,5;ARAQUARI;Transitar na contram�o;Colis�o transversal;Com V�timas Feridas;Pleno dia;Decrescente;Garoa/Chuvisco;Simples;Reta;N�o;2;0;1;0;1;0;1;2;-26,380227;-48,722897;SPRF-SC;DEL03-SC;UOP03-DEL03-SC;;;
697939;13/06/2025;sexta-feira;18:15:00;MG;365;625;UBERLANDIA;Pista Escorregadia;Queda de ocupante de ve�culo;Com V�timas Feridas;Anoitecer;Crescente;C�u Claro;Dupla;Curva;N�o;1;0;1;0;0;0;1;1;-18,91051345;-48,30400089;SPRF-MG;DEL15-MG;UOP01-DEL15-MG;;;
697942;13/06/2025;sexta-feira;18:20:00;ES;101;266,2;SERRA;Pedestre cruzava a pista fora da faixa;Atropelamento de Pedestre;Com V�timas Fatais;Plena Noite;Crescente;Nublado;Dupla;Reta;Sim;2;1;1;0;0;0;1;2;-20,04889234;-40,38647665;SPRF-ES;DEL02-ES;UOP01-DEL02-ES;;;
697943;13/06/2025;sexta-feira;14:40:00;MG;381;482;BETIM;Aus�ncia de rea��o do condutor;Queda de ocupante de ve�culo;Com V�timas Feridas;Pleno dia;Decrescente;C�u Claro;Dupla;Reta;N�o;2;0;2;0;0;0;2;1;-19,95850516;-44,07680511;SPRF-MG;DEL01-MG;UOP03-DEL01-MG;;;
697944;13/06/2025;sexta-feira;19:00:00;CE;20;345,7;CARIDADE;Aus�ncia de sinaliza��o;Queda de ocupante de ve�culo;Com V�timas Feridas;Plena Noite;Decrescente;Nublado;Simples;Curva;N�o;1;0;1;0;0;0;1;1;-4,11946039;-39,06652361;SPRF-CE;DEL02-CE;UOP01-DEL02-CE;;;
697945;13/06/2025;sexta-feira;19:00:00;GO;70;9,8;AGUAS LINDAS DE GOIAS;Transitar na contram�o;Colis�o transversal;Com V�timas Feridas;Plena Noite;Decrescente;C�u Claro;Dupla;"Retorno Regulamentado;Reta";Sim;2;0;2;0;0;0;2;2;-15,7369073;-48,2902566;SPRF-DF;DEL03-DF;UOP02-DEL03-DF;;;
697947;13/06/2025;sexta-feira;19:20:00;SP;116;221;GUARULHOS;Rea��o tardia ou ineficiente do condutor;Colis�o traseira;Com V�timas Feridas;Plena Noite;Decrescente;C�u Claro;M�ltipla;Reta;Sim;2;0;1;0;1;0;1;2;-23,46953948;-46,51212604;SPRF-SP;DEL01-SP;UOP01-DEL01-SP;;;
697948;13/06/2025;sexta-feira;18:15:00;PR;369;136;IBIPORA;Acessar a via sem observar a presen�a dos outros ve�culos;Colis�o transversal;Com V�timas Feridas;Anoitecer;Crescente;C�u Claro;Simples;Interse��o de Vias;Sim;3;0;2;0;1;0;2;2;-23,26524024;-51,03669763;SPRF-PR;DEL07-PR;UOP01-DEL07-PR;;;
697950;13/06/2025;sexta-feira;18:10:00;RO;364;237,1;CACOAL;Pedestre cruzava a pista fora da faixa;Atropelamento de Pedestre;Com V�timas Feridas;Plena Noite;Crescente;C�u Claro;Simples;"Retorno Regulamentado;Reta";Sim;3;0;0;1;2;0;1;2;-11,442243;-61,448843;SPRF-RO;DEL02-RO;UOP02-DEL02-RO;;;
697952;13/06/2025;sexta-feira;18:50:00;MG;40;789,2;JUIZ DE FORA;Trafegar com motocicleta (ou similar) entre as faixas;Colis�o lateral mesmo sentido;Com V�timas Fatais;Plena Noite;Crescente;C�u Claro;Dupla;Reta;N�o;3;1;0;0;1;1;0;3;-21,769975;-43,437322;SPRF-MG;DEL05-MG;UOP01-DEL05-MG;;;
697954;13/06/2025;sexta-feira;18:38:00;RN;101;81,4;NATAL;Manobra de mudan�a de faixa;Colis�o lateral mesmo sentido;Com V�timas Feridas;Plena Noite;Decrescente;C�u Claro;Dupla;Reta;Sim;4;0;1;0;3;0;1;3;-5,76530462;-35,28131453;SPRF-RN;DEL02-RN;UOP01-DEL02-RN;;;
697955;13/06/2025;sexta-feira;19:00:00;PR;277;74;SAO JOSE DOS PINHAIS;Manobra de mudan�a de faixa;Colis�o lateral mesmo sentido;Com V�timas Feridas;Plena Noite;Crescente;C�u Claro;Dupla;Reta;N�o;3;0;1;0;2;0;1;3;-25,50933221;-49,13286494;SPRF-PR;DEL01-PR;UOP07-DEL01-PR;;;
697956;13/06/2025;sexta-feira;16:30:00;RO;364;539;RIO CRESPO;Objeto est�tico sobre o leito carro��vel;Colis�o com objeto;Com V�timas Feridas;Pleno dia;Decrescente;C�u Claro;Simples;Curva;N�o;1;0;1;0;0;0;1;1;-9,73416818;-63,11250083;SPRF-RO;DEL03-RO;UOP01-DEL03-RO;;;
697957;13/06/2025;sexta-feira;19:30:00;CE;116;3;FORTALEZA;Condutor deixou de manter dist�ncia do ve�culo da frente;Colis�o traseira;Com V�timas Feridas;Plena Noite;Crescente;C�u Claro;M�ltipla;Reta;Sim;2;0;1;0;0;1;1;2;-3,775651;-38,515713;SPRF-CE;DEL01-CE;UOP02-DEL01-CE;;;
697958;13/06/2025;sexta-feira;19:24:00;RS;392;138;CANGUCU;Demais falhas mec�nicas ou el�tricas;Sa�da de leito carro��vel;Sem V�timas;Plena Noite;Crescente;C�u Claro;Simples;Reta;N�o;3;0;0;0;3;0;0;1;-31,265573;-52,793732;SPRF-RS;DEL07-RS;UOP01-DEL07-RS;;;
697960;13/06/2025;sexta-feira;18:00:00;PR;277;367,7;GUARAPUAVA;Transitar na contram�o;Colis�o frontal;Com V�timas Fatais;Anoitecer;Decrescente;C�u Claro;Simples;Reta;N�o;6;1;0;3;2;0;3;3;-25,4060328;-51,7129118;SPRF-PR;DEL08-PR;UOP01-DEL08-PR;;;
697962;13/06/2025;sexta-feira;19:15:00;SC;101;117,3;ITAJAI;Aus�ncia de rea��o do condutor;Colis�o traseira;Com V�timas Feridas;Plena Noite;Crescente;Chuva;Dupla;Reta;N�o;2;0;0;1;1;0;1;2;-26,88565375;-48,72337215;SPRF-SC;DEL04-SC;UOP04-DEL04-SC;;;
697963;13/06/2025;sexta-feira;19:40:00;MG;365;67,7;CLARO DOS POCOES;Rea��o tardia ou ineficiente do condutor;Sa�da de leito carro��vel;Com V�timas Feridas;Plena Noite;Crescente;C�u Claro;Simples;Reta;N�o;1;0;1;0;0;0;1;1;-17,041801;-44,32003;SPRF-MG;DEL12-MG;UOP01-DEL12-MG;;;
697964;13/06/2025;sexta-feira;17:40:00;MG;40;545,5;NOVA LIMA;Condutor deixou de manter dist�ncia do ve�culo da frente;Tombamento;Com V�timas Feridas;Pleno dia;Crescente;C�u Claro;Dupla;Reta;N�o;1;0;0;1;0;0;1;1;-20,008958;-43,965392;SPRF-MG;DEL01-MG;UOP02-DEL01-MG;;;
697965;13/06/2025;sexta-feira;19:44:00;DF;70;7;BRASILIA;Ingest�o de �lcool pelo condutor;Colis�o traseira;Sem V�timas;Plena Noite;Crescente;C�u Claro;M�ltipla;Reta;Sim;3;0;0;0;3;0;0;2;-15,787552;-48,11485;SPRF-DF;DEL03-DF;UOP02-DEL03-DF;;;
697968;13/06/2025;sexta-feira;20:20:00;RS;116;259,7;CANOAS;Rea��o tardia ou ineficiente do condutor;Tombamento;Com V�timas Feridas;Plena Noite;Crescente;C�u Claro;Dupla;Curva;Sim;1;0;1;0;0;0;1;1;-29,872382;-51,178402;SPRF-RS;DEL01-RS;UOP01-DEL01-RS;;;
697969;13/06/2025;sexta-feira;17:00:00;GO;153;278;NOVA GLORIA;Rea��o tardia ou ineficiente do condutor;Sa�da de leito carro��vel;Com V�timas Feridas;Anoitecer;Decrescente;C�u Claro;Simples;Reta;N�o;1;0;1;0;0;0;1;1;-15,13654157;-49,52016862;SPRF-GO;DEL07-GO;UOP02-DEL07-GO;;;
697970;13/06/2025;sexta-feira;20:00:00;MG;40;525;CONTAGEM;Afundamento ou ondula��o no pavimento;Tombamento;Com V�timas Feridas;Plena Noite;Crescente;C�u Claro;Dupla;Reta;Sim;1;0;1;0;0;0;1;1;-19,8792111;-44,05104118;SPRF-MG;DEL01-MG;UOP02-DEL01-MG;;;
697972;13/06/2025;sexta-feira;18:30:00;PR;277;74;SAO JOSE DOS PINHAIS;Ingest�o de �lcool pelo condutor;Colis�o traseira;Sem V�timas;Plena Noite;Crescente;Nublado;Dupla;Reta;N�o;3;0;0;0;3;0;0;3;-25,49766098;-49,15913757;SPRF-PR;DEL01-PR;UOP07-DEL01-PR;;;
697973;13/06/2025;sexta-feira;18:30:00;SC;280;130;RIO NEGRINHO;Convers�o proibida;Colis�o transversal;Com V�timas Feridas;Plena Noite;Crescente;Garoa/Chuvisco;Simples;Reta;Sim;3;0;1;0;2;0;1;2;-26,25642931;-49,54068947;SPRF-SC;DEL06-SC;UOP03-DEL06-SC;;;
697974;13/06/2025;sexta-feira;19:45:00;GO;153;630,5;MORRINHOS;Animais na Pista;Sa�da de leito carro��vel;Com V�timas Feridas;Plena Noite;Decrescente;C�u Claro;Dupla;Reta;N�o;2;0;1;0;1;0;1;1;-17,791156;-49,198833;SPRF-GO;DEL03-GO;UOP01-DEL03-GO;;;
697975;13/06/2025;sexta-feira;20:41:00;SP;116;77,1;ROSEIRA;Animais na Pista;Atropelamento de Animal;Com V�timas Feridas;Plena Noite;Decrescente;C�u Claro;Dupla;Reta;N�o;4;0;0;2;2;0;2;2;-22,884467;-45,280824;SPRF-SP;DEL08-SP;UOP01-DEL08-SP;;;
697976;13/06/2025;sexta-feira;19:25:00;SC;470;61,3;BLUMENAU;Rea��o tardia ou ineficiente do condutor;Colis�o lateral sentido oposto;Com V�timas Feridas;Plena Noite;Crescente;Chuva;Simples;Reta;N�o;2;0;1;0;1;0;1;2;-26,87755451;-49,17731373;SPRF-SC;DEL04-SC;UOP01-DEL04-SC;;;
697977;13/06/2025;sexta-feira;20:00:00;RJ;101;55;CAMPOS DOS GOYTACAZES;Aus�ncia de rea��o do condutor;Colis�o transversal;Com V�timas Feridas;Plena Noite;Crescente;C�u Claro;Simples;Reta;Sim;3;0;2;0;1;0;2;2;-21,7649722;-41,340606;SPRF-RJ;DEL08-RJ;UOP01-DEL08-RJ;;;
697978;13/06/2025;sexta-feira;19:14:00;PE;408;62;CARPINA;Mal s�bito do condutor;Colis�o frontal;Com V�timas Fatais;Plena Noite;Crescente;C�u Claro;Simples;Curva;Sim;2;1;0;0;1;0;0;2;-7,835015;-35,24414;SPRF-PE;DEL01-PE;UOP01-DEL01-PE;;;
697979;13/06/2025;sexta-feira;19:20:00;PR;277;721;FOZ DO IGUACU;Pedestre cruzava a pista fora da faixa;Atropelamento de Pedestre;Com V�timas Fatais;Plena Noite;Decrescente;C�u Claro;Dupla;Reta;Sim;2;1;0;0;1;0;0;2;-25,48785172;-54,50368881;SPRF-PR;DEL05-PR;UOP03-DEL05-PR;;;
697980;13/06/2025;sexta-feira;18:30:00;PR;277;81,3;CURITIBA;Rea��o tardia ou ineficiente do condutor;Colis�o lateral mesmo sentido;Com V�timas Feridas;Plena Noite;Crescente;Nublado;M�ltipla;Reta;Sim;2;0;1;0;1;0;1;2;-25,47046;-49,2119747;SPRF-PR;DEL01-PR;UOP03-DEL01-PR;;;
697981;13/06/2025;sexta-feira;20:30:00;PR;376;421;TIBAGI;Rea��o tardia ou ineficiente do condutor;Capotamento;Com V�timas Feridas;Plena Noite;Decrescente;C�u Claro;M�ltipla;Reta;N�o;2;0;1;0;1;0;1;1;-24,68925601;-50,58443117;SPRF-PR;DEL03-PR;UOP02-DEL03-PR;;;
697982;13/06/2025;sexta-feira;20:40:00;GO;153;49;PORANGATU;Aus�ncia de rea��o do condutor;Queda de ocupante de ve�culo;Com V�timas Feridas;Plena Noite;Crescente;C�u Claro;Simples;"Aclive;Reta";N�o;1;0;0;1;0;0;1;1;-13,25038;-49,13868;SPRF-GO;DEL07-GO;UOP01-DEL07-GO;;;
697983;13/06/2025;sexta-feira;19:55:00;PR;277;474,9;NOVA LARANJEIRAS;Transitar na contram�o;Colis�o frontal;Com V�timas Feridas;Plena Noite;Crescente;C�u Claro;Simples;"Aclive;Reta";N�o;3;0;0;3;0;0;3;2;-25,2987344;-52,563232;SPRF-PR;DEL04-PR;UOP02-DEL04-PR;;;
697985;13/06/2025;sexta-feira;21:00:00;SC;282;2,5;FLORIANOPOLIS;Mal s�bito do condutor;Colis�o frontal;Com V�timas Feridas;Plena Noite;Crescente;Chuva;M�ltipla;Reta;Sim;2;0;1;0;1;0;1;2;-27,594;-48,601;SPRF-SC;DEL01-SC;UOP01-DEL01-SC;;;
697986;13/06/2025;sexta-feira;19:00:00;PR;369;505,5;CASCAVEL;Ingest�o de �lcool pelo condutor;Colis�o com objeto;Com V�timas Feridas;Plena Noite;Crescente;C�u Claro;Simples;Reta;N�o;2;0;2;0;0;0;2;1;-24,9452304;-53,4009374;SPRF-PR;DEL04-PR;UOP01-DEL04-PR;;;
697987;13/06/2025;sexta-feira;20:45:00;ES;101;29,9;CONCEICAO DA BARRA;Velocidade Incompat�vel;Colis�o traseira;Com V�timas Feridas;Plena Noite;Decrescente;Nublado;Simples;"Reta;Aclive";N�o;3;0;2;0;1;0;2;2;-18,410592;-39,937021;SPRF-ES;DEL04-ES;UOP02-DEL04-ES;;;
697989;13/06/2025;sexta-feira;21:20:00;MG;381;451;SABARA;Aus�ncia de rea��o do condutor;Colis�o traseira;Com V�timas Feridas;Plena Noite;Decrescente;C�u Claro;Simples;Reta;Sim;2;0;1;0;1;0;1;2;-19,83242386;-43,84561865;SPRF-MG;DEL01-MG;UOP01-DEL01-MG;;;
697990;13/06/2025;sexta-feira;21:40:00;RS;116;153,9;CAXIAS DO SUL;Convers�o proibida;Colis�o frontal;Com V�timas Feridas;Plena Noite;Decrescente;C�u Claro;Simples;Interse��o de Vias;N�o;2;0;0;1;1;0;1;2;-29,1499459;-51,1449909;SPRF-RS;DEL05-RS;UOP01-DEL05-RS;;;
697992;13/06/2025;sexta-feira;19:04:00;SC;470;70;INDAIAL;Ingest�o de �lcool pelo condutor;Colis�o com objeto;Com V�timas Feridas;Plena Noite;Decrescente;Chuva;Dupla;"Em Obras;Reta";Sim;1;0;1;0;0;0;1;1;-26,891229;-49,25690023;SPRF-SC;DEL04-SC;UOP01-DEL04-SC;;;
697994;13/06/2025;sexta-feira;15:00:00;RJ;116;105;GUAPIMIRIM;Acessar a via sem observar a presen�a dos outros ve�culos;Colis�o transversal;Com V�timas Feridas;Pleno dia;Crescente;C�u Claro;Simples;Interse��o de Vias;N�o;2;0;1;0;0;1;1;2;-22,5118933;-43,0033215;SPRF-RJ;DEL04-RJ;UOP01-DEL04-RJ;;;
697995;13/06/2025;sexta-feira;19:50:00;MG;262;385;MATEUS LEME;Condutor deixou de manter dist�ncia do ve�culo da frente;Colis�o traseira;Com V�timas Feridas;Pleno dia;Crescente;C�u Claro;Dupla;Curva;N�o;2;0;0;1;1;0;1;2;-19,92171275;-44,47231293;SPRF-MG;DEL01-MG;UOP03-DEL01-MG;;;
697996;13/06/2025;sexta-feira;22:00:00;CE;116;27;ITAITINGA;Aus�ncia de rea��o do condutor;Colis�o traseira;Com V�timas Feridas;Plena Noite;Crescente;C�u Claro;Dupla;Reta;N�o;2;0;1;0;1;0;1;2;-3,97822781;-38,51428986;SPRF-CE;DEL01-CE;UOP02-DEL01-CE;;;
697998;13/06/2025;sexta-feira;20:00:00;CE;222;275;FRECHEIRINHA;Animais na Pista;Atropelamento de Animal;Com V�timas Feridas;Plena Noite;Decrescente;C�u Claro;Simples;Reta;N�o;1;0;0;1;0;0;1;1;-3,75710981;-40,78202784;SPRF-CE;DEL04-CE;UOP02-DEL04-CE;;;
698004;13/06/2025;sexta-feira;20:40:00;SC;158;121,5;CAIBI;Suic�dio (presumido);Sa�da de leito carro��vel;Com V�timas Feridas;Plena Noite;Decrescente;C�u Claro;Simples;Curva;N�o;1;0;1;0;0;0;1;1;-26,97871708;-53,21550569;SPRF-SC;DEL07-SC;UOP02-DEL07-SC;;;
698005;30/05/2025;sexta-feira;05:30:00;BA;135;171;BARREIRAS;Rea��o tardia ou ineficiente do condutor;Atropelamento de Pedestre;Com V�timas Feridas;Pleno dia;Decrescente;C�u Claro;Simples;Reta;N�o;2;0;0;1;0;1;1;2;-12,11424381;-44,98993702;SPRF-BA;DEL10-BA;UOP01-DEL10-BA;;;
698007;13/06/2025;sexta-feira;19:00:00;RJ;465;19;NOVA IGUACU;Transitar no Acostamento;Colis�o transversal;Com V�timas Feridas;Plena Noite;Decrescente;C�u Claro;Simples;Reta;Sim;3;0;3;0;0;0;3;2;-22,84051446;-43,60964712;SPRF-RJ;DEL06-RJ;UOP02-DEL06-RJ;;;
698010;13/06/2025;sexta-feira;22:50:00;MG;40;532;BELO HORIZONTE;Acessar a via sem observar a presen�a dos outros ve�culos;Tombamento;Com V�timas Feridas;Plena Noite;Decrescente;C�u Claro;Dupla;"Reta;Interse��o de Vias";Sim;1;0;1;0;0;0;1;1;-19,92044842;-44,0242717;SPRF-MG;DEL01-MG;UOP02-DEL01-MG;;;
698011;13/06/2025;sexta-feira;21:22:00;RO;319;10;PORTO VELHO;Defici�ncia do Sistema de Ilumina��o/Sinaliza��o;Colis�o traseira;Sem V�timas;Plena Noite;Crescente;C�u Claro;Simples;Reta;N�o;2;0;0;0;2;0;0;2;-8,8002928;-63,7617714;SPRF-RO;DEL01-RO;UOP01-DEL01-RO;;;
698013;13/06/2025;sexta-feira;23:00:00;GO;40;8;VALPARAISO DE GOIAS;Transitar na contram�o;Colis�o frontal;Com V�timas Feridas;Plena Noite;Crescente;C�u Claro;Dupla;"Retorno Regulamentado;Reta";Sim;2;0;1;0;1;0;1;2;-16,116958;-47,967502;SPRF-DF;DEL01-DF;UOP01-DEL01-DF;;;
698014;20/05/2025;ter�a-feira;09:15:00;DF;251;6,8;BRASILIA;Ultrapassagem Indevida;Colis�o frontal;Com V�timas Feridas;Pleno dia;Crescente;C�u Claro;Simples;Reta;N�o;3;0;3;0;0;0;3;2;-15,997886;-47,567777;SPRF-DF;DEL01-DF;UOP01-DEL01-DF;;;