id;data_inversa;dia_semana;horario;uf;br;km;municipio;causa_acidente;tipo_acidente;classificacao_acidente;fase_dia;sentido_via;condicao_metereologica;tipo_pista;tracado_via;uso_solo;pessoas;mortos;feridos_leves;feridos_graves;ilesos;ignorados;feridos;veiculos;latitude;longitude;regional;delegacia;uop;;;
698134;14/06/2025;s�bado;16:40:00;RO;364;237,9;CACOAL;Condutor desrespeitou a ilumina��o vermelha do sem�foro;Colis�o transversal;Com V�timas Feridas;Pleno dia;Crescente;C�u Claro;Simples;"Reta;Aclive;Interse��o de Vias";Sim;2;0;1;0;1;0;1;2;-11,438415;-61,454695;SPRF-RO;DEL02-RO;UOP02-DEL02-RO;;;
698136;14/06/2025;s�bado;16:41:00;MA;135;5;SAO LUIS;Rea��o tardia ou ineficiente do condutor;Colis�o traseira;Com V�timas Feridas;Pleno dia;Crescente;Nublado;Dupla;Reta;Sim;3;0;1;0;2;0;1;2;-2,62278;-44,258943;SPRF-MA;DEL01-MA;UOP01-DEL01-MA;;;
698138;14/06/2025;s�bado;16:10:00;SC;116;2,2;MAFRA;Desrespeitar a prefer�ncia no cruzamento;Colis�o transversal;Com V�timas Feridas;Pleno dia;Crescente;C�u Claro;Simples;"Reta;Interse��o de Vias";Sim;4;0;0;1;3;0;1;2;-26,12617243;-49,79497282;SPRF-SC;DEL06-SC;UOP01-DEL06-SC;;;
698141;14/06/2025;s�bado;16:45:00;PR;277;485,4;NOVA LARANJEIRAS;Velocidade Incompat�vel;Queda de ocupante de ve�culo;Com V�timas Feridas;Pleno dia;Decrescente;C�u Claro;Dupla;Curva;N�o;1;0;0;1;0;0;1;1;-25,305364;-52,546367;SPRF-PR;DEL04-PR;UOP02-DEL04-PR;;;
698142;14/06/2025;s�bado;18:30:00;RS;290;91;PORTO ALEGRE;Acessar a via sem observar a presen�a dos outros ve�culos;Colis�o traseira;Com V�timas Feridas;Anoitecer;Decrescente;Chuva;M�ltipla;"Reta;Retorno Regulamentado";Sim;6;0;1;0;5;0;1;3;-29,96973214;-51,16970301;SPRF-RS;DEL01-RS;UOP01-DEL01-RS;;;
698143;14/06/2025;s�bado;18:20:00;SC;101;133;BALNEARIO CAMBORIU;Ingest�o de �lcool pelo condutor;Colis�o transversal;Com V�timas Feridas;Anoitecer;Crescente;C�u Claro;Dupla;Interse��o de Vias;Sim;2;0;1;0;1;0;1;2;-27,00203743;-48,6383721;SPRF-SC;DEL04-SC;UOP03-DEL04-SC;;;
698144;14/06/2025;s�bado;14:30:00;SC;282;309;VARGEM;Pista Escorregadia;Sa�da de leito carro��vel;Com V�timas Feridas;Pleno dia;Crescente;Chuva;Simples;"Declive;Curva";N�o;1;0;1;0;0;0;1;1;-27,501302;-50,95174536;SPRF-SC;DEL07-SC;UOP06-DEL07-SC;;;
698146;14/06/2025;s�bado;16:15:00;RJ;116;108;MAGE;Aus�ncia de rea��o do condutor;Queda de ocupante de ve�culo;Com V�timas Feridas;Pleno dia;Decrescente;C�u Claro;Simples;Reta;N�o;1;0;0;1;0;0;1;1;-22,6594933;-43,0874504;SPRF-RJ;DEL04-RJ;UOP01-DEL04-RJ;;;
698147;14/06/2025;s�bado;18:40:00;MG;381;492;BETIM;Condutor deixou de manter dist�ncia do ve�culo da frente;Colis�o traseira;Sem V�timas;Plena Noite;Crescente;C�u Claro;Simples;Reta;N�o;2;0;0;0;2;0;0;2;-19,96226914;-44,16434035;SPRF-MG;DEL01-MG;UOP03-DEL01-MG;;;
698148;14/06/2025;s�bado;18:00:00;PE;407;126,1;PETROLINA;Aus�ncia de rea��o do condutor;Colis�o com objeto;Com V�timas Feridas;Anoitecer;Crescente;Nublado;Dupla;Ponte;Sim;1;0;1;0;0;0;1;1;-9,38591816;-40,52716208;SPRF-PE;DEL06-PE;UOP01-DEL06-PE;;;
698149;14/06/2025;s�bado;16:10:00;SC;282;55;RANCHO QUEIMADO;Aus�ncia de rea��o do condutor;Sa�da de leito carro��vel;Com V�timas Feridas;Pleno dia;Decrescente;Nublado;Simples;Reta;N�o;1;0;1;0;0;0;1;1;-27,68717628;-49,03438568;SPRF-SC;DEL01-SC;UOP03-DEL01-SC;;;
698150;14/06/2025;s�bado;19:00:00;PE;408;78,9;PAUDALHO;Chuva;Colis�o com objeto;Sem V�timas;Plena Noite;Crescente;Chuva;Dupla;Reta;N�o;1;0;0;0;0;1;0;1;-7,96372;-35,0933;SPRF-PE;DEL01-PE;UOP01-DEL01-PE;;;
698151;14/06/2025;s�bado;19:20:00;RS;386;78,8;BOA VISTA DAS MISSOES;Ingest�o de �lcool pelo condutor;Colis�o traseira;Com V�timas Feridas;Plena Noite;Crescente;Chuva;Simples;Reta;N�o;4;0;1;0;3;0;1;2;-27,707093;-53,289755;SPRF-RS;DEL08-RS;UOP02-DEL08-RS;;;
698152;14/06/2025;s�bado;18:35:00;PR;277;81,7;CURITIBA;Rea��o tardia ou ineficiente do condutor;Colis�o traseira;Com V�timas Feridas;Plena Noite;Crescente;Nublado;Dupla;Reta;Sim;2;0;1;0;1;0;1;2;-25,458185;-49,221631;SPRF-PR;DEL01-PR;UOP03-DEL01-PR;;;
698153;14/06/2025;s�bado;14:30:00;MT;163;761;SORRISO;Demais falhas mec�nicas ou el�tricas;Inc�ndio;Sem V�timas;Pleno dia;Crescente;Sol;Simples;Reta;N�o;1;0;0;0;1;0;0;1;-12,494236;-55,68523407;SPRF-MT;DEL06-MT;UOP01-DEL06-MT;;;
698154;14/06/2025;s�bado;18:50:00;GO;153;438;ANAPOLIS;Aus�ncia de rea��o do condutor;Colis�o com objeto;Com V�timas Feridas;Plena Noite;Decrescente;C�u Claro;Dupla;"Desvio Tempor�rio;Declive;Em Obras";Sim;1;0;0;1;0;0;1;1;-16,30554;-48,92587;SPRF-GO;DEL02-GO;UOP01-DEL02-GO;;;
698155;14/06/2025;s�bado;17:06:00;PE;101;149,3;RIBEIRAO;Transitar na contram�o;Colis�o frontal;Com V�timas Feridas;Anoitecer;Crescente;Chuva;Simples;"Declive;Curva";N�o;2;0;0;1;1;0;1;2;-8,493053;-35,378618;SPRF-PE;DEL01-PE;UOP03-DEL01-PE;;;
698156;14/06/2025;s�bado;19:15:00;PR;116;111;CURITIBA;Aus�ncia de rea��o do condutor;Colis�o lateral mesmo sentido;Com V�timas Feridas;Plena Noite;Crescente;C�u Claro;M�ltipla;Reta;N�o;2;0;1;0;1;0;1;2;-25,4476288;-49,2437504;SPRF-PR;DEL01-PR;UOP03-DEL01-PR;;;
698158;14/06/2025;s�bado;18:45:00;RO;364;198,4;PIMENTA BUENO;Velocidade Incompat�vel;Atropelamento de Pedestre;Com V�timas Feridas;Plena Noite;Decrescente;C�u Claro;Simples;Reta;Sim;3;0;0;2;0;1;2;2;-11,667803;-61,19214;SPRF-RO;DEL02-RO;UOP02-DEL02-RO;;;
698159;14/06/2025;s�bado;18:15:00;SC;153;109,4;CONCORDIA;Desrespeitar a prefer�ncia no cruzamento;Colis�o transversal;Com V�timas Feridas;Plena Noite;Crescente;Chuva;Simples;"Reta;Interse��o de Vias";N�o;2;0;1;1;0;0;2;2;-27,31584;-51,9863;SPRF-SC;DEL07-SC;UOP04-DEL07-SC;;;
698160;14/06/2025;s�bado;19:00:00;SC;101;308;LAGUNA;Condutor deixou de manter dist�ncia do ve�culo da frente;Tombamento;Com V�timas Feridas;Plena Noite;Crescente;C�u Claro;Dupla;Reta;N�o;1;0;1;0;0;0;1;1;-28,42034774;-48,79761871;SPRF-SC;DEL02-SC;UOP01-DEL02-SC;;;
698161;14/06/2025;s�bado;19:45:00;PB;230;19,3;JOAO PESSOA;Acumulo de �gua sobre o pavimento;Tombamento;Com V�timas Feridas;Plena Noite;Crescente;C�u Claro;Dupla;Reta;Sim;1;0;0;1;0;0;1;1;-7,1305616;-34,85171;SPRF-PB;DEL01-PB;UOP01-DEL01-PB;;;
698162;14/06/2025;s�bado;18:30:00;MG;116;525,5;CARATINGA;Demais falhas mec�nicas ou el�tricas;Sa�da de leito carro��vel;Com V�timas Feridas;Plena Noite;Decrescente;C�u Claro;Dupla;Reta;Sim;4;0;3;0;1;0;3;1;-19,776611;-42,133531;SPRF-MG;DEL06-MG;UOP02-DEL06-MG;;;
698163;14/06/2025;s�bado;17:30:00;PR;163;147;SANTA LUCIA;Chuva;Colis�o lateral sentido oposto;Com V�timas Feridas;Plena Noite;Crescente;Chuva;Simples;Reta;Sim;3;0;0;1;1;1;1;2;-25,42881886;-53,57731819;SPRF-PR;DEL05-PR;UOP05-DEL05-PR;;;
698164;14/06/2025;s�bado;20:00:00;RS;116;253;SAPUCAIA DO SUL;Demais falhas mec�nicas ou el�tricas;Colis�o traseira;Com V�timas Fatais;Plena Noite;Decrescente;Chuva;M�ltipla;"Reta;Viaduto";Sim;2;1;0;0;1;0;0;2;-29,817722;-51,169903;SPRF-RS;DEL01-RS;UOP02-DEL01-RS;;;
698165;14/06/2025;s�bado;18:30:00;ES;393;26;MUQUI;Acessar a via sem observar a presen�a dos outros ve�culos;Queda de ocupante de ve�culo;Com V�timas Feridas;Plena Noite;Crescente;Nublado;Simples;Reta;N�o;1;0;1;0;0;0;1;1;-20,94459203;-41,34699762;SPRF-ES;DEL03-ES;UOP02-DEL03-ES;;;
698166;14/06/2025;s�bado;20:50:00;PR;369;187;ARAPONGAS;Condutor deixou de manter dist�ncia do ve�culo da frente;Colis�o traseira;Sem V�timas;Plena Noite;Crescente;C�u Claro;Simples;Reta;Sim;2;0;0;0;2;0;0;2;-23,41838438;-51,42625487;SPRF-PR;DEL07-PR;UOP03-DEL07-PR;;;
698167;14/06/2025;s�bado;18:20:00;PR;369;23,6;CAMBARA;Demais falhas mec�nicas ou el�tricas;Colis�o traseira;Com V�timas Feridas;Anoitecer;Decrescente;Nublado;Simples;"Declive;Reta";N�o;4;0;0;2;2;0;2;2;-23,041896;-50,114041;SPRF-PR;DEL07-PR;UOP05-DEL07-PR;;;
698169;14/06/2025;s�bado;20:50:00;CE;222;221,8;SOBRAL;Transitar na contram�o;Colis�o lateral sentido oposto;Com V�timas Feridas;Plena Noite;Crescente;C�u Claro;Simples;Reta;Sim;5;0;0;1;4;0;1;2;-3,718139;-40,332981;SPRF-CE;DEL04-CE;UOP01-DEL04-CE;;;
698171;14/06/2025;s�bado;18:30:00;RJ;40;100;DUQUE DE CAXIAS;Rea��o tardia ou ineficiente do condutor;Sa�da de leito carro��vel;Com V�timas Feridas;Plena Noite;Crescente;C�u Claro;Dupla;Reta;Sim;2;0;1;0;1;0;1;1;-22,6003378;-43,2829383;SPRF-RJ;DEL01-RJ;UOP01-DEL01-RJ;;;
698172;14/06/2025;s�bado;18:10:00;MG;262;418,1;PARA DE MINAS;Acessar a via sem observar a presen�a dos outros ve�culos;Colis�o lateral mesmo sentido;Com V�timas Feridas;Anoitecer;Crescente;C�u Claro;Dupla;Rotat�ria;N�o;2;0;1;0;1;0;1;2;-19,88277391;-44,75351125;SPRF-MG;DEL08-MG;UOP03-DEL08-MG;;;
698173;14/06/2025;s�bado;20:52:00;CE;116;11,5;FORTALEZA;Manobra de mudan�a de faixa;Colis�o traseira;Com V�timas Feridas;Plena Noite;Decrescente;C�u Claro;Dupla;Reta;Sim;2;0;0;1;1;0;1;2;-3,85301713;-38,49548221;SPRF-CE;DEL01-CE;UOP02-DEL01-CE;;;
698174;14/06/2025;s�bado;19:30:00;PR;277;343;GUARAPUAVA;Ilumina��o deficiente;Atropelamento de Pedestre;Com V�timas Feridas;Plena Noite;Decrescente;Nublado;Simples;Reta;Sim;2;0;1;0;1;0;1;2;-25,362;-51,47;SPRF-PR;DEL08-PR;UOP01-DEL08-PR;;;
698175;14/06/2025;s�bado;20:10:00;SC;116;214,7;PONTE ALTA;Chuva;Sa�da de leito carro��vel;Com V�timas Feridas;Plena Noite;Crescente;Chuva;Simples;"Curva;Declive";N�o;1;0;1;0;0;0;1;1;-27,5415438;-50,3760716;SPRF-SC;DEL05-SC;UOP03-DEL05-SC;;;
698176;14/06/2025;s�bado;20:00:00;SC;101;118;ITAJAI;Rea��o tardia ou ineficiente do condutor;Colis�o traseira;Com V�timas Feridas;Plena Noite;Crescente;C�u Claro;M�ltipla;Interse��o de Vias;Sim;2;0;1;0;0;1;1;2;-26,90001264;-48,7174474;SPRF-SC;DEL04-SC;UOP04-DEL04-SC;;;
698177;14/06/2025;s�bado;21:20:00;SC;470;139;RIO DO SUL;Ingest�o de �lcool pelo condutor;Sa�da de leito carro��vel;Sem V�timas;Plena Noite;Crescente;Nublado;Simples;Reta;Sim;1;0;0;0;1;0;0;1;-27,19277425;-49,62291306;SPRF-SC;DEL04-SC;UOP02-DEL04-SC;;;
698178;14/06/2025;s�bado;20:00:00;MS;163;644,1;SAO GABRIEL DO OESTE;Aus�ncia de rea��o do condutor;Colis�o com objeto;Com V�timas Feridas;Plena Noite;Crescente;C�u Claro;Dupla;Reta;N�o;1;0;0;1;0;0;1;1;-19,204531;-54,7440047;SPRF-MS;DEL06-MS;UOP02-DEL06-MS;;;
698180;14/06/2025;s�bado;22:10:00;RS;293;13,8;CAPAO DO LEAO;Animais na Pista;Atropelamento de Animal;Com V�timas Feridas;Plena Noite;Crescente;C�u Claro;Simples;"Reta;Interse��o de Vias";Sim;2;0;0;1;0;1;1;2;-31,7528012;-52,4594867;SPRF-RS;DEL07-RS;UOP01-DEL07-RS;;;
698181;14/06/2025;s�bado;21:40:00;GO;50;102,5;CRISTALINA;Rea��o tardia ou ineficiente do condutor;Tombamento;Com V�timas Feridas;Plena Noite;Crescente;C�u Claro;Dupla;Reta;N�o;1;0;0;1;0;0;1;1;-16,796871;-47,647994;SPRF-DF;DEL01-DF;UOP02-DEL01-DF;;;
698182;14/06/2025;s�bado;22:00:00;RJ;393;281;VOLTA REDONDA;Acessar a via sem observar a presen�a dos outros ve�culos;Colis�o transversal;Com V�timas Feridas;Plena Noite;Crescente;C�u Claro;Simples;Reta;N�o;3;0;1;0;2;0;1;2;-22,48147177;-44,06341553;SPRF-RJ;DEL05-RJ;UOP04-DEL05-RJ;;;
698183;14/06/2025;s�bado;18:00:00;MG;116;381,9;MATHIAS LOBATO;Pedestre andava na pista;Colis�o lateral mesmo sentido;Com V�timas Feridas;Anoitecer;Crescente;C�u Claro;Simples;Reta;N�o;4;0;0;2;1;1;2;3;-18,6130611;-41,93069458;SPRF-MG;DEL06-MG;UOP01-DEL06-MG;;;
698185;14/06/2025;s�bado;21:20:00;PR;277;76,4;SAO JOSE DOS PINHAIS;Rea��o tardia ou ineficiente do condutor;Colis�o com objeto;Com V�timas Feridas;Plena Noite;Crescente;Nublado;Dupla;Reta;Sim;1;0;1;0;0;0;1;1;-25,48709344;-49,18288199;SPRF-PR;DEL01-PR;UOP07-DEL01-PR;;;
698187;14/06/2025;s�bado;21:20:00;MG;262;443,7;NOVA SERRANA;Aus�ncia de rea��o do condutor;Tombamento;Com V�timas Feridas;Plena Noite;Crescente;Vento;M�ltipla;"Declive;Viaduto";Sim;2;0;2;0;0;0;2;1;-19,87072;-44,980402;SPRF-MG;DEL08-MG;UOP03-DEL08-MG;;;
698188;14/06/2025;s�bado;19:30:00;PA;316;149,9;CAPANEMA;Entrada inopinada do pedestre;Atropelamento de Pedestre;Com V�timas Fatais;Plena Noite;Crescente;Nublado;Simples;Aclive;Sim;3;1;0;0;1;1;0;2;-1,21568975;-47,19095707;SPRF-PA;DEL01-PA;UOP03-DEL01-PA;;;
698189;14/06/2025;s�bado;19:20:00;RJ;116;82;TERESOPOLIS;Pedestre cruzava a pista fora da faixa;Atropelamento de Pedestre;Com V�timas Feridas;Plena Noite;Crescente;C�u Claro;Simples;"Aclive;Reta";Sim;3;0;2;1;0;0;3;2;-22,4076255;-42,9510897;SPRF-RJ;DEL04-RJ;UOP01-DEL04-RJ;;;
698190;14/06/2025;s�bado;22:00:00;MG;262;837;UBERABA;Rea��o tardia ou ineficiente do condutor;Sa�da de leito carro��vel;Com V�timas Feridas;Plena Noite;Crescente;C�u Claro;Simples;Reta;N�o;1;0;1;0;0;0;1;1;-19,75976515;-48,05211587;SPRF-MG;DEL13-MG;UOP01-DEL13-MG;;;
698191;14/06/2025;s�bado;19:30:00;RO;425;84;NOVA MAMORE;Aus�ncia de rea��o do condutor;Tombamento;Com V�timas Fatais;Plena Noite;Crescente;C�u Claro;Simples;Reta;N�o;4;1;0;0;3;0;0;3;-10,43979118;-65,34231154;SPRF-RO;DEL01-RO;UOP03-DEL01-RO;;;
698192;14/06/2025;s�bado;21:10:00;MG;40;661;CARANDAI;Aus�ncia de rea��o do condutor;Sa�da de leito carro��vel;Sem V�timas;Plena Noite;Decrescente;C�u Claro;Simples;Curva;N�o;1;0;0;0;1;0;0;1;-20,90887877;-43,82901013;SPRF-MG;DEL05-MG;UOP02-DEL05-MG;;;
698193;14/06/2025;s�bado;20:45:00;SC;282;669;PARAISO;Acumulo de �gua sobre o pavimento;Sa�da de leito carro��vel;Com V�timas Feridas;Plena Noite;Decrescente;Chuva;Simples;Curva;N�o;2;0;2;0;0;0;2;1;-26,632223;-53,639007;SPRF-SC;DEL07-SC;UOP03-DEL07-SC;;;
698195;14/06/2025;s�bado;22:49:00;RN;101;97;NATAL;Transitar na contram�o;Colis�o traseira;Com V�timas Feridas;Plena Noite;Decrescente;Nublado;M�ltipla;Reta;Sim;3;0;0;1;1;1;1;2;-5,85604181;-35,21185605;SPRF-RN;DEL01-RN;UOP01-DEL01-RN;;;
698196;14/06/2025;s�bado;22:59:00;SP;116;370;MIRACATU;Ingest�o de �lcool pelo condutor;Colis�o traseira;Sem V�timas;Plena Noite;Crescente;C�u Claro;Dupla;Reta;Sim;2;0;0;0;2;0;0;2;-24,156814;-47,3262036;SPRF-SP;DEL04-SP;UOP02-DEL04-SP;;;
698198;14/06/2025;s�bado;22:00:00;PB;230;32;BAYEUX;Rea��o tardia ou ineficiente do condutor;Engavetamento;Sem V�timas;Plena Noite;Decrescente;Chuva;Dupla;Reta;Sim;3;0;0;0;3;0;0;3;-7,140592;-34,921772;SPRF-PB;DEL01-PB;UOP01-DEL01-PB;;;
698200;14/06/2025;s�bado;19:30:00;MT;70;585;POCONE;Pedestre andava na pista;Atropelamento de Pedestre;Com V�timas Fatais;Plena Noite;Crescente;C�u Claro;Simples;Reta;N�o;2;1;0;0;1;0;0;2;-15,795667;-56,67613;SPRF-MT;DEL03-MT;UOP02-DEL03-MT;;;
698201;14/06/2025;s�bado;22:00:00;AP;156;767;OIAPOQUE;Pista esburacada;Tombamento;Com V�timas Feridas;Plena Noite;Crescente;Nevoeiro/Neblina;Simples;"Reta;Declive";N�o;1;0;1;0;0;0;1;1;3,72037484;-51,9090271;SPRF-AP;DEL01-AP;UOP03-DEL01-AP;;;
698203;14/06/2025;s�bado;20:00:00;MS;267;384,3;MARACAJU;Aus�ncia de rea��o do condutor;Sa�da de leito carro��vel;Com V�timas Feridas;Plena Noite;Crescente;Nublado;Simples;Reta;N�o;1;0;0;1;0;0;1;1;-21,63756;-55,3303;SPRF-MS;DEL05-MS;UOP01-DEL05-MS;;;
698204;14/06/2025;s�bado;19:20:00;RO;364;331;JI-PARANA;Ultrapassagem Indevida;Colis�o frontal;Com V�timas Feridas;Plena Noite;Crescente;C�u Claro;Simples;Reta;N�o;2;0;0;1;1;0;1;2;-10,98585475;-61,91712141;SPRF-RO;DEL02-RO;UOP01-DEL02-RO;;;
698205;14/06/2025;s�bado;22:30:00;SP;116;106;TAUBATE;Aus�ncia de rea��o do condutor;Sa�da de leito carro��vel;Sem V�timas;Plena Noite;Decrescente;C�u Claro;Dupla;Reta;Sim;1;0;0;0;0;1;0;1;-23,0170351;-45,52864623;SPRF-SP;DEL02-SP;UOP02-DEL02-SP;;;
698206;14/06/2025;s�bado;22:05:00;MG;262;425,8;SAO GONCALO DO PARA;Aus�ncia de rea��o do condutor;Sa�da de leito carro��vel;Com V�timas Feridas;Plena Noite;Decrescente;C�u Claro;Dupla;Curva;N�o;1;0;1;0;0;0;1;1;-19,9605917;-44,78486149;SPRF-MG;DEL08-MG;UOP03-DEL08-MG;;;
698209;14/06/2025;s�bado;19:10:00;GO;364;2,9;CACHOEIRA ALTA;Velocidade Incompat�vel;Colis�o traseira;Com V�timas Feridas;Plena Noite;Crescente;C�u Claro;Simples;Reta;N�o;2;0;1;0;0;1;1;2;-18,47292931;-51,08202416;SPRF-GO;DEL05-GO;UOP02-DEL05-GO;;;
698210;14/06/2025;s�bado;14:35:00;SC;101;276;IMBITUBA;Aus�ncia de rea��o do condutor;Colis�o traseira;Com V�timas Feridas;Pleno dia;Crescente;C�u Claro;Simples;Reta;Sim;3;0;1;0;2;0;1;2;-28,15811;-48,693616;SPRF-SC;DEL02-SC;UOP03-DEL02-SC;;;
698214;15/06/2025;domingo;01:00:00;RJ;101;320;NITEROI;Transitar na contram�o;Colis�o frontal;Com V�timas Feridas;Plena Noite;Crescente;Nublado;Dupla;Interse��o de Vias;Sim;2;0;1;0;1;0;1;2;-22,86029898;-43,1072402;SPRF-RJ;DEL02-RJ;UOP01-DEL02-RJ;;;
698215;15/06/2025;domingo;01:00:00;PR;369;192,7;ARAPONGAS;Rea��o tardia ou ineficiente do condutor;Colis�o traseira;Com V�timas Feridas;Plena Noite;Crescente;Nublado;Dupla;Reta;N�o;5;0;4;0;1;0;4;2;-23,476048;-51,423993;SPRF-PR;DEL07-PR;UOP03-DEL07-PR;;;
698216;14/06/2025;s�bado;23:25:00;MT;163;828;SINOP;Velocidade Incompat�vel;Colis�o lateral sentido oposto;Com V�timas Feridas;Plena Noite;Decrescente;C�u Claro;Simples;Reta;N�o;2;0;1;0;0;1;1;2;-11,90928277;-55,50777912;SPRF-MT;DEL06-MT;UOP02-DEL06-MT;;;
698217;15/06/2025;domingo;01:50:00;GO;60;100;ANAPOLIS;Condutor usando celular;Queda de ocupante de ve�culo;Com V�timas Feridas;Plena Noite;Decrescente;C�u Claro;Simples;Curva;Sim;1;0;1;0;0;0;1;1;-16,3982893;-48,9680758;SPRF-GO;DEL02-GO;UOP01-DEL02-GO;;;
698218;14/06/2025;s�bado;23:00:00;PE;424;71,4;CAETES;Defici�ncia do Sistema de Ilumina��o/Sinaliza��o;Colis�o traseira;Com V�timas Feridas;Plena Noite;Crescente;Garoa/Chuvisco;Simples;"Declive;Reta";N�o;2;0;0;1;1;0;1;2;-8,78565;-36,610862;SPRF-PE;DEL03-PE;UOP01-DEL03-PE;;;
698221;15/06/2025;domingo;00:50:00;MT;364;209;RONDONOPOLIS;Aus�ncia de rea��o do condutor;Sa�da de leito carro��vel;Com V�timas Feridas;Plena Noite;Decrescente;C�u Claro;Dupla;Curva;Sim;2;0;0;2;0;0;2;1;-16,427459;-54,69566;SPRF-MT;DEL02-MT;UOP01-DEL02-MT;;;
698222;15/06/2025;domingo;02:25:00;PB;101;19,3;RIO TINTO;Aus�ncia de rea��o do condutor;Sa�da de leito carro��vel;Sem V�timas;Plena Noite;Decrescente;Garoa/Chuvisco;Dupla;Curva;N�o;1;0;0;0;0;1;0;1;-6,6586364;-35,1180644;SPRF-PB;DEL01-PB;UOP03-DEL01-PB;;;
698223;15/06/2025;domingo;02:20:00;SC;101;442;SANTA ROSA DO SUL;Condutor Dormindo;Sa�da de leito carro��vel;Sem V�timas;Plena Noite;Decrescente;Chuva;M�ltipla;Reta;N�o;1;0;0;0;1;0;0;1;-29,12851767;-49,68165334;SPRF-SC;DEL02-SC;UOP02-DEL02-SC;;;
698224;15/06/2025;domingo;02:45:00;PE;232;66,9;GRAVATA;Objeto est�tico sobre o leito carro��vel;Colis�o com objeto;Sem V�timas;Plena Noite;Crescente;Chuva;Dupla;Reta;N�o;1;0;0;0;1;0;0;1;-8,16731;-35,46589;SPRF-PE;DEL02-PE;UOP02-DEL02PE;;;
698225;15/06/2025;domingo;02:50:00;BA;116;832;VITORIA DA CONQUISTA;Aus�ncia de rea��o do condutor;Tombamento;Com V�timas Fatais;Plena Noite;Decrescente;Nublado;Simples;Reta;N�o;2;1;0;1;0;0;1;1;-14,91738113;-40,87886846;SPRF-BA;DEL08-BA;UOP01-DEL08-BA;;;
698226;15/06/2025;domingo;03:40:00;GO;70;1;AGUAS LINDAS DE GOIAS;Aus�ncia de rea��o do condutor;Sa�da de leito carro��vel;Com V�timas Feridas;Amanhecer;Crescente;C�u Claro;M�ltipla;"Aclive;Reta";N�o;1;0;1;0;0;0;1;1;-15,795285;-48,1990972;SPRF-DF;DEL03-DF;UOP02-DEL03-DF;;;
698227;14/06/2025;s�bado;20:50:00;RJ;101;289;ITABORAI;Rea��o tardia ou ineficiente do condutor;Sa�da de leito carro��vel;Com V�timas Feridas;Plena Noite;Decrescente;C�u Claro;Dupla;Reta;Sim;3;0;3;0;0;0;3;1;-22,76553162;-42,85594789;SPRF-RJ;DEL02-RJ;UOP02-DEL02-RJ;;;
698228;15/06/2025;domingo;03:45:00;SC;101;419,2;ARARANGUA;Condutor deixou de manter dist�ncia do ve�culo da frente;Colis�o traseira;Com V�timas Feridas;Plena Noite;Decrescente;Chuva;M�ltipla;Reta;Sim;2;0;1;0;0;1;1;2;-28,99110384;-49,5480272;SPRF-SC;DEL02-SC;UOP02-DEL02-SC;;;
698229;15/06/2025;domingo;03:45:00;DF;70;7,7;BRASILIA;Aus�ncia de rea��o do condutor;Sa�da de leito carro��vel;Com V�timas Feridas;Amanhecer;Crescente;C�u Claro;M�ltipla;"Declive;Curva";Sim;2;0;0;2;0;0;2;1;-15,7952816;-48,199085;SPRF-DF;DEL03-DF;UOP02-DEL03-DF;;;
698230;15/06/2025;domingo;04:20:00;RS;116;232;ESTANCIA VELHA;Transitar na contram�o;Colis�o frontal;Sem V�timas;Plena Noite;Crescente;Chuva;Simples;"Declive;Reta";Sim;4;0;0;0;3;1;0;2;-29,63051008;-51,1438036;SPRF-RS;DEL01-RS;UOP02-DEL01-RS;;;
698231;15/06/2025;domingo;01:52:00;MT;70;750;CACERES;Aus�ncia de rea��o do condutor;Atropelamento de Pedestre;Com V�timas Fatais;Plena Noite;Decrescente;Ignorado;Simples;Reta;N�o;4;1;1;1;0;1;2;2;-16,048;-57,769;SPRF-MT;DEL03-MT;UOP01-DEL03-MT;;;
698232;15/06/2025;domingo;00:50:00;AL;316;108;DOIS RIACHOS;Rea��o tardia ou ineficiente do condutor;Colis�o traseira;Com V�timas Feridas;Plena Noite;Crescente;Garoa/Chuvisco;Simples;Reta;N�o;2;0;1;0;1;0;1;2;-9,390035;-37,043745;SPRF-AL;DEL03-AL;UOP01-DEL03-AL;;;
698233;15/06/2025;domingo;04:15:00;MT;364;547;ROSARIO OESTE;Aus�ncia de rea��o do condutor;Sa�da de leito carro��vel;Com V�timas Fatais;Plena Noite;Decrescente;C�u Claro;Dupla;Reta;N�o;2;1;1;0;0;0;1;1;-14,79787027;-56,40586853;SPRF-MT;DEL01-MT;UOP01-DEL01-MT;;;
698234;15/06/2025;domingo;04:30:00;SC;282;365,6;ERVAL VELHO;Demais falhas mec�nicas ou el�tricas;Sa�da de leito carro��vel;Sem V�timas;Plena Noite;Crescente;Chuva;Simples;"Declive;Reta";N�o;1;0;0;0;1;0;0;1;-27,24647453;-51,44839525;SPRF-SC;DEL07-SC;UOP05-DEL07-SC;;;
698235;15/06/2025;domingo;04:45:00;GO;153;148;CAMPINORTE;Ingest�o de �lcool pelo condutor;Colis�o com objeto;Com V�timas Feridas;Plena Noite;Crescente;Ignorado;Simples;Ponte;N�o;3;0;3;0;0;0;3;1;-14,3182119;-49,1536197;SPRF-GO;DEL07-GO;UOP02-DEL07-GO;;;
698238;15/06/2025;domingo;06:00:00;RS;472;119,3;SAO JOSE DO INHACORA;Ingest�o de �lcool pelo condutor;Colis�o com objeto;Com V�timas Feridas;Pleno dia;Crescente;Chuva;Simples;"Reta;Ponte";Sim;1;0;1;0;0;0;1;1;-27,689834;-54,147553;SPRF-RS;DEL10-RS;UOP01-DEL10-RS;;;