id;data_inversa;dia_semana;horario;uf;br;km;municipio;causa_acidente;tipo_acidente;classificacao_acidente;fase_dia;sentido_via;condicao_metereologica;tipo_pista;tracado_via;uso_solo;pessoas;mortos;feridos_leves;feridos_graves;ilesos;ignorados;feridos;veiculos;latitude;longitude;regional;delegacia;uop;;;
698239;15/06/2025;domingo;05:30:00;SC;101;197;BIGUACU;Rea��o tardia ou ineficiente do condutor;Colis�o com objeto;Com V�timas Feridas;Amanhecer;Decrescente;C�u Claro;M�ltipla;Reta;Sim;1;0;1;0;0;0;1;1;-27,5210948;-48,6373822;SPRF-SC;DEL01-SC;UOP01-DEL01-SC;;;
698240;15/06/2025;domingo;06:20:00;PR;376;188,4;MARIALVA;Condutor deixou de manter dist�ncia do ve�culo da frente;Colis�o traseira;Com V�timas Feridas;Plena Noite;Crescente;Chuva;Dupla;Reta;N�o;3;0;2;0;1;0;2;3;-23,462187;-51,835342;SPRF-PR;DEL09-PR;UOP01-DEL09-PR;;;
698242;14/06/2025;s�bado;18:30:00;PB;230;142;MASSARANDUBA;Animais na Pista;Atropelamento de Animal;Com V�timas Feridas;Plena Noite;Crescente;Nublado;Dupla;Reta;N�o;2;0;0;1;1;0;1;2;-7,255472;-35,823612;SPRF-PB;DEL02-PB;UOP01-DEL02-PB;;;
698245;15/06/2025;domingo;05:20:00;PR;369;82;CORNELIO PROCOPIO;Aus�ncia de rea��o do condutor;Sa�da de leito carro��vel;Sem V�timas;Amanhecer;Decrescente;Chuva;Dupla;Reta;N�o;1;0;0;0;1;0;0;1;-23,14828;-50,594991;SPRF-PR;DEL07-PR;UOP05-DEL07-PR;;;
698246;15/06/2025;domingo;05:00:00;TO;153;276;BRASILANDIA DO TOCANTINS;Condutor Dormindo;Sa�da de leito carro��vel;Com V�timas Feridas;Plena Noite;Crescente;Ignorado;Simples;"Reta;Aclive";N�o;1;0;1;0;0;0;1;1;-8,326018;-48,47513;SPRF-TO;DEL02-TO;UOP02-DEL02-TO;;;
698247;15/06/2025;domingo;07:00:00;PB;230;66,9;SAO MIGUEL DE TAIPU;Pista Escorregadia;Sa�da de leito carro��vel;Com V�timas Feridas;Pleno dia;Crescente;Garoa/Chuvisco;Dupla;"Aclive;Curva";N�o;2;0;1;0;1;0;1;1;-7,18477977;-35,19734144;SPRF-PB;DEL01-PB;UOP02-DEL01-PB;;;
698250;09/05/2025;sexta-feira;06:56:00;RN;304;119;ITAJA;Acessar a via sem observar a presen�a dos outros ve�culos;Colis�o transversal;Com V�timas Feridas;Pleno dia;Decrescente;C�u Claro;Simples;"Interse��o de Vias;Rotat�ria";N�o;2;0;0;1;1;0;1;2;-5,63047479;-36,86317563;SPRF-RN;DEL04-RN;UOP01-DEL04-RN;;;
698251;15/06/2025;domingo;06:45:00;RS;116;247;SAO LEOPOLDO;Velocidade Incompat�vel;Sa�da de leito carro��vel;Com V�timas Fatais;Amanhecer;Decrescente;Chuva;M�ltipla;Curva;Sim;2;1;1;0;0;0;1;1;-29,76918299;-51,15312696;SPRF-RS;DEL01-RS;UOP02-DEL01-RS;;;
698252;15/06/2025;domingo;07:30:00;MG;40;511;RIBEIRAO DAS NEVES;Rea��o tardia ou ineficiente do condutor;Colis�o com objeto;Com V�timas Feridas;Pleno dia;Crescente;C�u Claro;Dupla;"Reta;Retorno Regulamentado";Sim;1;0;1;0;0;0;1;1;-19,785354;-44,1152;SPRF-MG;DEL01-MG;UOP02-DEL01-MG;;;
698253;15/06/2025;domingo;06:50:00;PI;343;347,2;TERESINA;Ingest�o de �lcool pelo condutor;Colis�o traseira;Sem V�timas;Pleno dia;Decrescente;C�u Claro;Dupla;Reta;Sim;2;0;0;0;2;0;0;2;-5,116308;-42,781388;SPRF-PI;DEL01-PI;UOP01-DEL01-PI;;;
698254;15/06/2025;domingo;06:45:00;RJ;493;123;MAGE;Transitar na contram�o;Colis�o lateral sentido oposto;Com V�timas Feridas;Pleno dia;Decrescente;C�u Claro;Simples;Reta;N�o;3;0;1;1;1;0;2;2;-22,65714057;-43,08742042;SPRF-RJ;DEL03-RJ;UOP01-DEL03-RJ;;;
698255;15/06/2025;domingo;05:56:00;MG;116;517,6;UBAPORANGA;Ingest�o de �lcool pelo condutor;Colis�o lateral sentido oposto;Sem V�timas;Amanhecer;Crescente;C�u Claro;Simples;Curva;N�o;2;0;0;0;2;0;0;2;-19,7763888;-42,1350378;SPRF-MG;DEL06-MG;UOP02-DEL06-MG;;;
698256;15/06/2025;domingo;02:05:00;RO;435;125;CEREJEIRAS;Velocidade Incompat�vel;Colis�o traseira;Com V�timas Feridas;Plena Noite;Crescente;C�u Claro;Dupla;Reta;Sim;2;0;0;1;1;0;1;2;-13,18898666;-60,81806928;SPRF-RO;DEL04-RO;UOP02-DEL04-RO;;;
698257;14/06/2025;s�bado;23:25:00;MT;163;945,7;ITAUBA;Rea��o tardia ou ineficiente do condutor;Colis�o com objeto;Com V�timas Feridas;Plena Noite;Decrescente;C�u Claro;Simples;Reta;N�o;1;0;0;1;0;0;1;1;-10,9350706;-55,20877786;SPRF-MT;DEL06-MT;UOP02-DEL06-MT;;;
698258;15/06/2025;domingo;06:25:00;RN;304;218;CAICARA DO RIO DO VENTO;Convers�o proibida;Colis�o transversal;Com V�timas Feridas;Amanhecer;Decrescente;C�u Claro;Simples;Reta;Sim;5;0;3;0;2;0;3;2;-5,75738;-36,00364;SPRF-RN;DEL01-RN;UOP03-DEL01-RN;;;
698259;15/06/2025;domingo;07:50:00;RJ;116;195;QUEIMADOS;Rea��o tardia ou ineficiente do condutor;Sa�da de leito carro��vel;Sem V�timas;Pleno dia;Crescente;C�u Claro;Dupla;Reta;Sim;1;0;0;0;1;0;0;1;-22,73651278;-43,55318964;SPRF-RJ;DEL06-RJ;UOP01-DEL06-RJ;;;
698260;15/06/2025;domingo;08:15:00;MG;40;805,2;MATIAS BARBOSA;Falta de elemento de conten��o que evite a sa�da do leito carro��vel;Capotamento;Com V�timas Feridas;Pleno dia;Crescente;Nublado;Dupla;"Declive;Reta";N�o;1;0;1;0;0;0;1;1;-21,864354;-43,369229;SPRF-MG;DEL05-MG;UOP01-DEL05-MG;;;
698261;15/06/2025;domingo;07:00:00;RJ;40;68;PETROPOLIS;Transitar na contram�o;Colis�o frontal;Com V�timas Feridas;Pleno dia;Crescente;C�u Claro;Dupla;Curva;N�o;4;0;2;0;2;0;2;2;-22,4126529;-43,1394728;SPRF-RJ;DEL05-RJ;UOP02-DEL05-RJ;;;
698262;15/06/2025;domingo;04:30:00;AC;317;60;RIO BRANCO;Aus�ncia de rea��o do condutor;Sa�da de leito carro��vel;Com V�timas Feridas;Amanhecer;Crescente;C�u Claro;Simples;Curva;N�o;1;0;0;1;0;0;1;1;-10,03465431;-67,53574848;SPRF-AC;DEL01-AC;UOP01-DEL01-AC;;;
698264;11/06/2025;quarta-feira;21:40:00;MT;163;905;CLAUDIA;Animais na Pista;Capotamento;Com V�timas Feridas;Plena Noite;Decrescente;C�u Claro;Simples;Reta;N�o;1;0;1;0;0;0;1;1;-11,26776259;-55,31299006;SPRF-MT;DEL06-MT;UOP02-DEL06-MT;;;
698265;15/06/2025;domingo;07:50:00;MG;40;551,9;NOVA LIMA;Rea��o tardia ou ineficiente do condutor;Colis�o lateral mesmo sentido;Com V�timas Feridas;Pleno dia;Crescente;C�u Claro;Dupla;Reta;Sim;2;0;1;0;1;0;1;2;-20,06096022;-43,97772431;SPRF-MG;DEL01-MG;UOP02-DEL01-MG;;;
698267;15/06/2025;domingo;05:00:00;RR;401;40;BONFIM;Ingest�o de �lcool pelo condutor;Queda de ocupante de ve�culo;Com V�timas Feridas;Pleno dia;Crescente;C�u Claro;Simples;Reta;N�o;1;0;1;0;0;0;1;1;3,054433;-60,370867;SPRF-RR;DEL01-RR;UOP01-DEL01-RR;;;
698268;15/06/2025;domingo;09:35:00;PE;232;54,2;POMBOS;Acessar a via sem observar a presen�a dos outros ve�culos;Colis�o traseira;Com V�timas Feridas;Pleno dia;Crescente;Nublado;Dupla;Reta;Sim;3;0;0;2;0;1;2;2;-8,130307;-35,36033;SPRF-PE;DEL02-PE;UOP02-DEL02PE;;;
698269;15/06/2025;domingo;07:50:00;BA;101;790,8;ITAMARAJU;Rea��o tardia ou ineficiente do condutor;Sa�da de leito carro��vel;Sem V�timas;Pleno dia;Decrescente;Garoa/Chuvisco;Simples;Curva;N�o;4;0;0;0;4;0;0;1;-16,89095938;-39,52159882;SPRF-BA;DEL09-BA;UOP01-DEL09-BA;;;
698270;15/06/2025;domingo;08:57:00;GO;20;80;FORMOSA;Aus�ncia de rea��o do condutor;Sa�da de leito carro��vel;Com V�timas Feridas;Pleno dia;Decrescente;C�u Claro;Simples;Reta;N�o;2;0;1;0;1;0;1;1;-15,088478;-47,102812;SPRF-DF;DEL02-DF;UOP02-DEL02-DF;;;
698272;15/06/2025;domingo;09:45:00;GO;414;410;ABADIANIA;Rea��o tardia ou ineficiente do condutor;Sa�da de leito carro��vel;Sem V�timas;Pleno dia;Crescente;C�u Claro;Simples;"Curva;Rotat�ria";N�o;3;0;0;0;3;0;0;1;-16,052383;-48,853672;SPRF-GO;DEL02-GO;UOP01-DEL02-GO;;;
698273;15/06/2025;domingo;09:35:00;MG;40;425,9;PARAOPEBA;Pedestre - Ingest�o de �lcool/ subst�ncias psicoativas;Queda de ocupante de ve�culo;Com V�timas Feridas;Pleno dia;Crescente;C�u Claro;Dupla;"Reta;Aclive";N�o;2;0;1;0;1;0;1;1;-19,16985;-44,51372;SPRF-MG;DEL02-MG;UOP01-DEL02-MG;;;
698274;15/06/2025;domingo;09:00:00;MT;163;834;SINOP;Rea��o tardia ou ineficiente do condutor;Queda de ocupante de ve�culo;Com V�timas Feridas;Pleno dia;Decrescente;C�u Claro;Simples;Reta;Sim;1;0;1;0;0;0;1;1;-11,86840086;-55,49713612;SPRF-MT;DEL06-MT;UOP02-DEL06-MT;;;
698276;15/06/2025;domingo;08:35:00;BA;101;539,1;SAO JOSE DA VITORIA;Velocidade Incompat�vel;Sa�da de leito carro��vel;Com V�timas Fatais;Pleno dia;Crescente;C�u Claro;Simples;Curva;N�o;2;1;1;0;0;0;1;1;-15,067073;-39,331052;SPRF-BA;DEL05-BA;UOP01-DEL05-BA;;;
698277;15/06/2025;domingo;11:30:00;SP;116;320;JUQUITIBA;Aus�ncia de rea��o do condutor;Capotamento;Com V�timas Feridas;Pleno dia;Crescente;Nublado;Dupla;Reta;N�o;1;0;0;1;0;0;1;1;-23,9349839;-47,0226347;SPRF-SP;DEL04-SP;UOP03-DEL04-SP;;;
698278;15/06/2025;domingo;11:40:00;SP;381;16;BRAGANCA PAULISTA;Velocidade Incompat�vel;Colis�o traseira;Com V�timas Feridas;Pleno dia;Crescente;C�u Claro;Dupla;"Reta;Aclive";N�o;3;0;1;0;2;0;1;2;-22,9549567;-46,48041236;SPRF-SP;DEL03-SP;UOP02-DEL03-SP;;;
698279;15/06/2025;domingo;10:40:00;PR;376;612;SAO JOSE DOS PINHAIS;Aus�ncia de sinaliza��o;Colis�o frontal;Com V�timas Feridas;Pleno dia;Crescente;C�u Claro;Dupla;Reta;N�o;4;0;4;0;0;0;4;2;-25,54321589;-49,19049142;SPRF-PR;DEL01-PR;UOP03-DEL01-PR;;;
698280;15/06/2025;domingo;11:03:00;MS;163;416;NOVA ALVORADA DO SUL;Aus�ncia de rea��o do condutor;Sa�da de leito carro��vel;Sem V�timas;Pleno dia;Crescente;C�u Claro;Simples;Reta;N�o;1;0;0;0;0;1;0;1;-21,02217;-54,505847;SPRF-MS;DEL02-MS;UOP01-DEL02-MS;;;
698281;15/06/2025;domingo;11:40:00;ES;101;208;JOAO NEIVA;Velocidade Incompat�vel;Colis�o com objeto;Com V�timas Feridas;Pleno dia;Crescente;Chuva;Dupla;Curva;N�o;2;0;1;0;1;0;1;1;-19,77935053;-40,37216323;SPRF-ES;DEL02-ES;UOP01-DEL02-ES;;;
698282;15/06/2025;domingo;08:40:00;SC;280;99,5;SAO BENTO DO SUL;Pista Escorregadia;Sa�da de leito carro��vel;Com V�timas Feridas;Pleno dia;Decrescente;Garoa/Chuvisco;Simples;"Declive;Curva";N�o;3;0;1;0;2;0;1;1;-26,370591;-49,334126;SPRF-SC;DEL06-SC;UOP03-DEL06-SC;;;
698283;15/06/2025;domingo;12:25:00;ES;101;270,6;SERRA;Convers�o proibida;Colis�o traseira;Com V�timas Feridas;Pleno dia;Decrescente;Nublado;M�ltipla;Reta;N�o;3;0;1;0;2;0;1;2;-20,23076167;-40,27322667;SPRF-ES;DEL02-ES;UOP01-DEL02-ES;;;
698285;15/06/2025;domingo;12:00:00;PE;428;182,5;PETROLINA;Animais na Pista;Atropelamento de Animal;Com V�timas Feridas;Pleno dia;Decrescente;C�u Claro;Dupla;Reta;N�o;1;0;1;0;0;0;1;1;-9,33144277;-40,46575584;SPRF-PE;DEL06-PE;UOP01-DEL06-PE;;;
698286;15/06/2025;domingo;08:00:00;PI;135;297;CRISTINO CASTRO;Ultrapassagem Indevida;Colis�o lateral mesmo sentido;Com V�timas Fatais;Amanhecer;Decrescente;Nublado;Simples;"Aclive;Reta";N�o;3;1;0;1;0;1;1;2;-8,703088;-44,095907;SPRF-PI;DEL03-PI;UOP02-DEL03-PI;;;
698287;15/06/2025;domingo;11:30:00;BA;235;346,3;JUAZEIRO;Avarias e/ou desgaste excessivo no pneu;Sa�da de leito carro��vel;Com V�timas Feridas;Pleno dia;Crescente;C�u Claro;Simples;Reta;N�o;2;0;2;0;0;0;2;1;-9,45491;-40,475158;SPRF-PE;DEL06-PE;UOP01-DEL06-PE;;;
698288;15/06/2025;domingo;12:00:00;MG;381;492;BETIM;Velocidade Incompat�vel;Colis�o traseira;Com V�timas Feridas;Pleno dia;Crescente;C�u Claro;M�ltipla;"Declive;Reta";Sim;3;0;2;0;0;1;2;2;-19,9611938;-44,1603884;SPRF-MG;DEL01-MG;UOP03-DEL01-MG;;;
698289;15/06/2025;domingo;11:25:00;MT;364;272,6;JACIARA;Rea��o tardia ou ineficiente do condutor;Queda de ocupante de ve�culo;Com V�timas Feridas;Pleno dia;Decrescente;C�u Claro;Dupla;Reta;Sim;1;0;1;0;0;0;1;1;-15,96123;-54,966378;SPRF-MT;DEL05-MT;UOP02-DEL05-MT;;;
698290;15/06/2025;domingo;12:56:00;DF;70;19;BRASILIA;Avarias e/ou desgaste excessivo no pneu;Tombamento;Com V�timas Feridas;Pleno dia;Crescente;C�u Claro;Dupla;Reta;N�o;2;0;1;1;0;0;2;1;-15,78519192;-48,23107481;SPRF-DF;DEL03-DF;UOP02-DEL03-DF;;;
698291;15/06/2025;domingo;12:00:00;RN;304;298,9;MACAIBA;Rea��o tardia ou ineficiente do condutor;Colis�o traseira;Com V�timas Feridas;Pleno dia;Decrescente;Sol;Dupla;Reta;N�o;1;0;0;1;0;0;1;1;-5,87173;-35,32965;SPRF-RN;DEL01-RN;UOP02-DEL01-RN;;;
698292;15/06/2025;domingo;13:01:00;MG;40;790,9;JUIZ DE FORA;Acessar a via sem observar a presen�a dos outros ve�culos;Colis�o traseira;Com V�timas Feridas;Pleno dia;Decrescente;Nublado;Dupla;Retorno Regulamentado;N�o;4;0;1;0;3;0;1;2;-21,7790286;-43,42517853;SPRF-MG;DEL05-MG;UOP01-DEL05-MG;;;
698294;15/06/2025;domingo;12:50:00;MG;381;170;GOVERNADOR VALADARES;Avarias e/ou desgaste excessivo no pneu;Tombamento;Com V�timas Feridas;Pleno dia;Decrescente;Nublado;Simples;Reta;N�o;2;0;2;0;0;0;2;1;-18,990614;-42,114037;SPRF-MG;DEL06-MG;UOP01-DEL06-MG;;;
698295;08/06/2025;domingo;05:20:00;PR;116;107;SAO JOSE DOS PINHAIS;Condutor deixou de manter dist�ncia do ve�culo da frente;Colis�o traseira;Com V�timas Feridas;Amanhecer;Crescente;Nublado;Dupla;Reta;Sim;2;0;1;0;0;1;1;2;-25,56837603;-49,23104223;SPRF-PR;DEL01-PR;UOP03-DEL01-PR;;;
698298;15/06/2025;domingo;13:29:00;RN;226;36;MACAIBA;Demais falhas mec�nicas ou el�tricas;Inc�ndio;Sem V�timas;Pleno dia;Decrescente;C�u Claro;Simples;Curva;N�o;1;0;0;0;0;1;0;1;-5,90985;-35,5147317;SPRF-RN;DEL01-RN;UOP02-DEL01-RN;;;
698299;15/06/2025;domingo;11:20:00;MT;174;7;PONTES E LACERDA;Ingest�o de �lcool pelo condutor;Queda de ocupante de ve�culo;Com V�timas Feridas;Pleno dia;Decrescente;C�u Claro;Simples;Reta;Sim;1;0;1;0;0;0;1;1;-15,22037162;-59,35209274;SPRF-MT;DEL04-MT;UOP01-DEL04-MT;;;
698300;15/06/2025;domingo;14:15:00;ES;101;260,1;SERRA;Condutor deixou de manter dist�ncia do ve�culo da frente;Colis�o traseira;Com V�timas Feridas;Pleno dia;Decrescente;C�u Claro;Simples;"Reta;Aclive";N�o;3;0;1;0;2;0;1;2;-20,146443;-40,285803;SPRF-ES;DEL02-ES;UOP01-DEL02-ES;;;
698302;15/06/2025;domingo;11:20:00;RJ;116;172;RIO DE JANEIRO;Manobra de mudan�a de faixa;Colis�o lateral mesmo sentido;Com V�timas Feridas;Pleno dia;Decrescente;C�u Claro;M�ltipla;Reta;Sim;3;0;2;0;1;0;2;2;-22,80417183;-43,34779613;SPRF-RJ;DEL06-RJ;UOP01-DEL06-RJ;;;
698303;15/06/2025;domingo;13:30:00;PR;376;170,2;MARINGA;Rea��o tardia ou ineficiente do condutor;Colis�o com objeto;Com V�timas Feridas;Pleno dia;Decrescente;Nublado;Dupla;Reta;Sim;1;0;1;0;0;0;1;1;-23,40685103;-51,99169278;SPRF-PR;DEL09-PR;UOP01-DEL09-PR;;;
698305;15/06/2025;domingo;11:10:00;ES;262;29,5;DOMINGOS MARTINS;Rea��o tardia ou ineficiente do condutor;Queda de ocupante de ve�culo;Com V�timas Feridas;Pleno dia;Decrescente;C�u Claro;Simples;"Declive;Curva";N�o;1;0;1;0;0;0;1;1;-20,37303251;-40,59216499;SPRF-ES;DEL01-ES;UOP01-DEL01-ES;;;
698306;11/06/2025;quarta-feira;13:00:00;PB;230;24;JOAO PESSOA;Rea��o tardia ou ineficiente do condutor;Colis�o traseira;Com V�timas Feridas;Pleno dia;Decrescente;C�u Claro;Dupla;"Aclive;Curva";Sim;4;0;1;0;3;0;1;2;-7,17062721;-34,86671019;SPRF-PB;DEL01-PB;UOP01-DEL01-PB;;;
698308;03/05/2025;s�bado;21:40:00;AP;210;1,9;MACAPA;Aus�ncia de rea��o do condutor;Colis�o transversal;Com V�timas Feridas;Plena Noite;Decrescente;C�u Claro;M�ltipla;Reta;Sim;3;0;0;1;0;2;1;3;0,08304703;-51,07848141;SPRF-AP;DEL01-AP;UOP01-DEL01-AP;;;
698310;15/06/2025;domingo;08:30:00;MT;158;521;CANARANA;Condutor Dormindo;Sa�da de leito carro��vel;Com V�timas Fatais;Pleno dia;Crescente;C�u Claro;Simples;Reta;N�o;2;1;1;0;0;0;1;1;-13,68768705;-52,01537132;SPRF-MT;DEL07-MT;UOP02-DEL07-MT;;;
698311;15/06/2025;domingo;15:00:00;ES;101;308,6;VIANA;Aus�ncia de rea��o do condutor;Colis�o transversal;Com V�timas Fatais;Pleno dia;Crescente;C�u Claro;Dupla;Reta;N�o;3;1;0;0;2;0;0;2;-20,4102156;-40,4581576;SPRF-ES;DEL01-ES;UOP01-DEL01-ES;;;
698312;15/06/2025;domingo;14:20:00;MG;381;616,9;OLIVEIRA;Velocidade Incompat�vel;Sa�da de leito carro��vel;Com V�timas Feridas;Pleno dia;Crescente;C�u Claro;Dupla;Curva;N�o;2;0;2;0;0;0;2;1;-20,72711436;-44,77135473;SPRF-MG;DEL04-MG;UOP01-DEL04-MG;;;
698313;15/06/2025;domingo;15:25:00;CE;402;288;TURURU;Ingest�o de �lcool pelo condutor;Colis�o traseira;Com V�timas Feridas;Pleno dia;Crescente;C�u Claro;Simples;Reta;N�o;6;0;2;0;4;0;2;2;-3,620465;-39,430997;SPRF-CE;DEL01-CE;UOP03-DEL01-CE;;;
698314;15/06/2025;domingo;14:40:00;RS;290;160;ARROIO DOS RATOS;Rea��o tardia ou ineficiente do condutor;Sa�da de leito carro��vel;Com V�timas Feridas;Pleno dia;Decrescente;Nublado;Simples;Reta;N�o;1;0;1;0;0;0;1;1;-30,1090353;-51,8022676;SPRF-RS;DEL02-RS;UOP01-DEL02-RS;;;
698316;15/06/2025;domingo;15:40:00;CE;116;14;FORTALEZA;Ingest�o de �lcool pelo condutor;Colis�o traseira;Sem V�timas;Pleno dia;Crescente;C�u Claro;Dupla;Reta;Sim;2;0;0;0;2;0;0;2;-3,86681;-38,49732;SPRF-CE;DEL01-CE;UOP02-DEL01-CE;;;
698317;15/06/2025;domingo;12:45:00;SC;280;83;CORUPA;Aus�ncia de rea��o do condutor;Colis�o com objeto;Com V�timas Feridas;Pleno dia;Decrescente;C�u Claro;Simples;"Aclive;Reta";N�o;1;0;1;0;0;0;1;1;-26,43207351;-49,25162315;SPRF-SC;DEL06-SC;UOP03-DEL06-SC;;;
698318;15/06/2025;domingo;16:00:00;PR;116;126;CURITIBA;Manobra de mudan�a de faixa;Colis�o lateral mesmo sentido;Com V�timas Feridas;Pleno dia;Decrescente;C�u Claro;Dupla;Reta;Sim;4;0;2;0;2;0;2;2;-25,639799;-49,312879;SPRF-PR;DEL01-PR;UOP03-DEL01-PR;;;
698319;15/06/2025;domingo;16:15:00;DF;70;15,8;BRASILIA;Acesso irregular;Colis�o transversal;Com V�timas Feridas;Pleno dia;Decrescente;C�u Claro;Dupla;Rotat�ria;Sim;2;0;1;0;1;0;1;2;-15,796;-48,19646;SPRF-DF;DEL03-DF;UOP02-DEL03-DF;;;
698320;15/06/2025;domingo;16:14:00;RN;101;75;NATAL;Aus�ncia de rea��o do condutor;Colis�o traseira;Com V�timas Feridas;Pleno dia;Decrescente;C�u Claro;Dupla;"Reta;Rotat�ria";Sim;3;0;1;1;1;0;2;2;-5,7226319;-35,2774299;SPRF-RN;DEL02-RN;UOP01-DEL02-RN;;;
698324;15/06/2025;domingo;16:00:00;GO;60;101,6;ANAPOLIS;Ingest�o de �lcool pelo condutor;Queda de ocupante de ve�culo;Com V�timas Feridas;Pleno dia;Crescente;C�u Claro;Dupla;Reta;Sim;2;0;1;0;1;0;1;2;-16,401972;-48,975213;SPRF-GO;DEL02-GO;UOP01-DEL02-GO;;;
698327;15/06/2025;domingo;16:20:00;SP;116;125,7;CACAPAVA;Avarias e/ou desgaste excessivo no pneu;Tombamento;Com V�timas Feridas;Pleno dia;Crescente;C�u Claro;Dupla;Reta;N�o;2;0;0;2;0;0;2;1;-23,09872598;-45,68608201;SPRF-SP;DEL02-SP;UOP02-DEL02-SP;;;
698328;15/06/2025;domingo;16:30:00;RJ;40;93;DUQUE DE CAXIAS;Curva acentuada;Sa�da de leito carro��vel;Com V�timas Feridas;Pleno dia;Crescente;C�u Claro;Dupla;Curva;Sim;2;0;2;0;0;0;2;1;-22,57933892;-43,27373296;SPRF-RJ;DEL01-RJ;UOP01-DEL01-RJ;;;
698329;15/06/2025;domingo;17:30:00;CE;20;406;CAUCAIA;Acessar a via sem observar a presen�a dos outros ve�culos;Atropelamento de Pedestre;Com V�timas Feridas;Anoitecer;Crescente;Sol;Simples;Reta;N�o;2;0;0;1;1;0;1;2;-3,76868;-38,66775513;SPRF-CE;DEL01-CE;UOP01-DEL01-CE;;;
698331;15/06/2025;domingo;17:55:00;RJ;116;87;TERESOPOLIS;Rea��o tardia ou ineficiente do condutor;Atropelamento de Pedestre;Com V�timas Feridas;Anoitecer;Crescente;Nublado;Simples;"Reta;Declive";Sim;4;0;2;0;1;1;2;2;-22,439904;-42,95121;SPRF-RJ;DEL04-RJ;UOP01-DEL04-RJ;;;
698333;15/06/2025;domingo;17:20:00;SC;101;246;PAULO LOPES;Demais falhas mec�nicas ou el�tricas;Tombamento;Com V�timas Feridas;Plena Noite;Crescente;C�u Claro;Dupla;Reta;N�o;2;0;2;0;0;0;2;1;-27,910481;-48,650248;SPRF-SC;DEL02-SC;UOP03-DEL02-SC;;;
698335;15/06/2025;domingo;18:00:00;RJ;116;170;RIO DE JANEIRO;Aus�ncia de rea��o do condutor;Colis�o com objeto;Com V�timas Feridas;Plena Noite;Decrescente;C�u Claro;Dupla;Reta;Sim;1;0;1;0;0;0;1;1;-22,8144818;-43,3289445;SPRF-RJ;DEL06-RJ;UOP01-DEL06-RJ;;;
698338;15/06/2025;domingo;18:10:00;RS;471;600;SANTA VITORIA DO PALMAR;Rea��o tardia ou ineficiente do condutor;Sa�da de leito carro��vel;Com V�timas Feridas;Anoitecer;Decrescente;Nublado;Simples;Reta;N�o;5;0;1;0;4;0;1;1;-33,120246;-52,936401;SPRF-RS;DEL07-RS;UOP04-DEL07-RS;;;
698340;15/06/2025;domingo;16:55:00;MT;70;743;CACERES;Ingest�o de �lcool pelo condutor;Queda de ocupante de ve�culo;Com V�timas Feridas;Anoitecer;Decrescente;C�u Claro;Simples;Rotat�ria;N�o;1;0;1;0;0;0;1;1;-16,013985;-57,738342;SPRF-MT;DEL03-MT;UOP01-DEL03-MT;;;
698341;15/06/2025;domingo;17:30:00;MG;381;536,1;ITATIAIUCU;Velocidade Incompat�vel;Sa�da de leito carro��vel;Sem V�timas;Anoitecer;Decrescente;C�u Claro;Dupla;"Curva;Declive";N�o;1;0;0;0;0;1;0;1;-20,196664;-44,384407;SPRF-MG;DEL04-MG;UOP03-DEL04-MG;;;
698342;15/06/2025;domingo;14:30:00;MG;262;463,8;ARAUJOS;Mal s�bito do condutor;Sa�da de leito carro��vel;Com V�timas Feridas;Pleno dia;Decrescente;Sol;Simples;"Reta;Aclive";N�o;1;0;1;0;0;0;1;1;-19,800781;-45,138605;SPRF-MG;DEL08-MG;UOP03-DEL08-MG;;;
698343;15/06/2025;domingo;11:50:00;GO;80;298;AMARALINA;Rea��o tardia ou ineficiente do condutor;Capotamento;Com V�timas Fatais;Pleno dia;Decrescente;C�u Claro;Simples;"Em Obras;Reta";N�o;2;1;0;0;0;1;0;2;-13,739;-49,889;SPRF-GO;DEL07-GO;UOP01-DEL07-GO;;;
698344;15/06/2025;domingo;17:00:00;MG;40;279;TRES MARIAS;Ultrapassagem Indevida;Colis�o lateral mesmo sentido;Com V�timas Feridas;Anoitecer;Crescente;C�u Claro;Simples;"Declive;Reta";N�o;4;0;1;0;2;1;1;3;-18,23397771;-45,21476984;SPRF-MG;DEL14-MG;UOP02-DEL14-MG;;;
698345;15/06/2025;domingo;18:30:00;MG;381;497,9;BETIM;Demais falhas mec�nicas ou el�tricas;Tombamento;Com V�timas Feridas;Plena Noite;Crescente;C�u Claro;M�ltipla;"Reta;Aclive";Sim;1;0;1;0;0;0;1;1;-19,9870528;-44,203773;SPRF-MG;DEL01-MG;UOP03-DEL01-MG;;;
698347;15/06/2025;domingo;19:10:00;SP;116;182;SANTA ISABEL;Demais falhas mec�nicas ou el�tricas;Inc�ndio;Sem V�timas;Plena Noite;Decrescente;C�u Claro;M�ltipla;Reta;N�o;1;0;0;0;1;0;0;1;-23,34549471;-46,16253472;SPRF-SP;DEL01-SP;UOP01-DEL01-SP;;;
698348;20/03/2025;quinta-feira;15:39:00;SP;116;186;SANTA ISABEL;Rea��o tardia ou ineficiente do condutor;Colis�o traseira;Com V�timas Feridas;Pleno dia;Decrescente;Ignorado;Dupla;Curva;N�o;2;0;0;1;1;0;1;2;-23,35272387;-46,20074585;SPRF-SP;DEL01-SP;UOP01-DEL01-SP;;;
698349;15/06/2025;domingo;19:15:00;MG;262;410,8;IGARATINGA;Ingest�o de �lcool pelo condutor;Colis�o lateral mesmo sentido;Com V�timas Fatais;Plena Noite;Decrescente;Vento;Dupla;Reta;N�o;6;1;2;0;0;3;2;3;-19,9200585;-44,69026567;SPRF-MG;DEL08-MG;UOP03-DEL08-MG;;;