id;data_inversa;dia_semana;horario;uf;br;km;municipio;causa_acidente;tipo_acidente;classificacao_acidente;fase_dia;sentido_via;condicao_metereologica;tipo_pista;tracado_via;uso_solo;pessoas;mortos;feridos_leves;feridos_graves;ilesos;ignorados;feridos;veiculos;latitude;longitude;regional;delegacia;uop;;;
698465;16/06/2025;segunda-feira;07:30:00;PR;277;80;CURITIBA;Trafegar com motocicleta (ou similar) entre as faixas;Colis�o lateral mesmo sentido;Com V�timas Feridas;Pleno dia;Crescente;Nublado;Dupla;Reta;N�o;2;0;1;0;0;1;1;2;-25,47325846;-49,20997113;SPRF-PR;DEL01-PR;UOP03-DEL01-PR;;;
698467;16/06/2025;segunda-feira;07:45:00;MG;381;481,6;CONTAGEM;Condutor deixou de manter dist�ncia do ve�culo da frente;Colis�o lateral mesmo sentido;Com V�timas Feridas;Pleno dia;Crescente;C�u Claro;Dupla;"Reta;Declive";Sim;4;0;1;0;3;0;1;4;-19,958995;-44,065987;SPRF-MG;DEL01-MG;UOP03-DEL01-MG;;;
698470;16/06/2025;segunda-feira;07:22:00;PE;101;63;RECIFE;Aus�ncia de rea��o do condutor;Colis�o traseira;Com V�timas Feridas;Pleno dia;Crescente;Sol;Dupla;Reta;Sim;3;0;0;1;2;0;1;3;-8,009;-34,938;SPRF-PE;DEL01-PE;UOP01-DEL01-PE;;;
698471;16/06/2025;segunda-feira;08:45:00;SP;116;222;GUARULHOS;Trafegar com motocicleta (ou similar) entre as faixas;Colis�o lateral mesmo sentido;Com V�timas Feridas;Pleno dia;Crescente;C�u Claro;M�ltipla;"Reta;Em Obras";Sim;3;0;1;0;2;0;1;2;-23,47626;-46,526312;SPRF-SP;DEL01-SP;UOP01-DEL01-SP;;;
698472;16/06/2025;segunda-feira;07:30:00;PR;369;505,6;CASCAVEL;Acessar a via sem observar a presen�a dos outros ve�culos;Colis�o transversal;Com V�timas Feridas;Pleno dia;Decrescente;Garoa/Chuvisco;Simples;Reta;Sim;2;0;1;0;1;0;1;2;-24,9465133;-53,3991129;SPRF-PR;DEL04-PR;UOP01-DEL04-PR;;;
698473;16/06/2025;segunda-feira;07:50:00;DF;20;8,1;BRASILIA;Aus�ncia de rea��o do condutor;Colis�o traseira;Com V�timas Feridas;Pleno dia;Decrescente;C�u Claro;Dupla;"Declive;Reta";Sim;5;0;0;2;2;1;2;3;-15,656921;-47,789114;SPRF-DF;DEL02-DF;UOP01-DEL02-DF;;;
698475;16/06/2025;segunda-feira;07:00:00;RS;158;474,5;ROSARIO DO SUL;Animais na Pista;Atropelamento de Animal;Com V�timas Feridas;Amanhecer;Crescente;Nevoeiro/Neblina;Simples;Reta;N�o;2;0;1;0;1;0;1;1;-30,26914928;-54,97386932;SPRF-RS;DEL11-RS;UOP02-DEL11-RS;;;
698476;16/06/2025;segunda-feira;07:45:00;MG;40;579;ITABIRITO;Aus�ncia de rea��o do condutor;Sa�da de leito carro��vel;Com V�timas Feridas;Pleno dia;Decrescente;Sol;Dupla;Curva;N�o;1;0;0;1;0;0;1;1;-20,2867903;-43,9385791;SPRF-MG;DEL01-MG;UOP02-DEL01-MG;;;
698478;16/06/2025;segunda-feira;08:30:00;SP;116;218,7;GUARULHOS;Trafegar com motocicleta (ou similar) entre as faixas;Colis�o lateral mesmo sentido;Com V�timas Feridas;Pleno dia;Crescente;Sol;M�ltipla;"Reta;Em Obras";Sim;2;0;1;0;1;0;1;2;-23,460835;-46,48888;SPRF-SP;DEL01-SP;UOP01-DEL01-SP;;;
698479;16/06/2025;segunda-feira;07:50:00;PR;476;194;LAPA;Acessar a via sem observar a presen�a dos outros ve�culos;Colis�o transversal;Com V�timas Feridas;Pleno dia;Decrescente;Nublado;Simples;Reta;N�o;2;0;0;1;1;0;1;2;-25,74075575;-49,71123425;SPRF-PR;DEL01-PR;UOP06-DEL01-PR;;;
698480;16/06/2025;segunda-feira;07:00:00;BA;235;110;JEREMOABO;Aus�ncia de rea��o do condutor;Sa�da de leito carro��vel;Com V�timas Feridas;Pleno dia;Crescente;C�u Claro;Simples;Reta;N�o;5;0;3;2;0;0;5;1;-10,008942;-38,592548;SPRF-BA;DEL07-BA;UOP01-DEL07-BA;;;
698484;16/06/2025;segunda-feira;09:30:00;CE;222;4,8;CAUCAIA;Condutor deixou de manter dist�ncia do ve�culo da frente;Colis�o traseira;Com V�timas Feridas;Pleno dia;Crescente;Sol;M�ltipla;Reta;N�o;2;0;1;0;1;0;1;2;-3,742;-38,611;SPRF-CE;DEL01-CE;UOP01-DEL01-CE;;;
698485;16/06/2025;segunda-feira;10:00:00;PR;376;216;JANDAIA DO SUL;Aus�ncia de rea��o do condutor;Colis�o com objeto;Com V�timas Feridas;Pleno dia;Decrescente;C�u Claro;Simples;"Reta;Aclive";N�o;1;0;1;0;0;0;1;1;-23,586761;-51,646267;SPRF-PR;DEL09-PR;UOP01-DEL09-PR;;;
698486;16/06/2025;segunda-feira;07:02:00;RO;435;123;CEREJEIRAS;Acessar a via sem observar a presen�a dos outros ve�culos;Colis�o lateral sentido oposto;Com V�timas Feridas;Pleno dia;Crescente;C�u Claro;Dupla;Reta;Sim;2;0;1;1;0;0;2;2;-13,18907958;-60,81410694;SPRF-RO;DEL04-RO;UOP02-DEL04-RO;;;
698491;16/06/2025;segunda-feira;10:21:00;SP;116;323;JUQUITIBA;Aus�ncia de rea��o do condutor;Tombamento;Com V�timas Feridas;Pleno dia;Decrescente;C�u Claro;Dupla;Reta;Sim;1;0;1;0;0;0;1;1;-23,94044799;-47,05753326;SPRF-SP;DEL04-SP;UOP03-DEL04-SP;;;
698492;16/06/2025;segunda-feira;10:00:00;RS;116;225;SAO LEOPOLDO;Aus�ncia de rea��o do condutor;Sa�da de leito carro��vel;Com V�timas Feridas;Pleno dia;Decrescente;C�u Claro;Dupla;Curva;N�o;1;0;1;0;0;0;1;1;-29,7365723;-51,1504153;SPRF-RS;DEL01-RS;UOP02-DEL01-RS;;;
698497;16/06/2025;segunda-feira;11:15:00;RS;386;35,1;FREDERICO WESTPHALEN;Acessar a via sem observar a presen�a dos outros ve�culos;Colis�o transversal;Sem V�timas;Pleno dia;Decrescente;Nublado;Simples;"Reta;Interse��o de Vias";Sim;2;0;0;0;2;0;0;2;-27,36616;-53,39599;SPRF-RS;DEL08-RS;UOP02-DEL08-RS;;;
698498;19/05/2025;segunda-feira;12:00:00;RN;226;104,4;SANTA CRUZ;Rea��o tardia ou ineficiente do condutor;Capotamento;Com V�timas Feridas;Pleno dia;Decrescente;Nublado;Simples;Curva;N�o;1;0;1;0;0;0;1;1;-6,247;-35,956;SPRF-RN;DEL03-RN;UOP02-DEL03-RN;;;
698501;16/06/2025;segunda-feira;11:20:00;SC;280;22,3;ARAQUARI;Convers�o proibida;Colis�o lateral mesmo sentido;Com V�timas Feridas;Pleno dia;Decrescente;Nublado;Simples;Reta;N�o;2;0;1;0;1;0;1;2;-26,371041;-48,705625;SPRF-SC;DEL03-SC;UOP03-DEL03-SC;;;
698503;16/06/2025;segunda-feira;10:30:00;AL;104;58,5;MURICI;Animais na Pista;Atropelamento de Animal;Com V�timas Feridas;Pleno dia;Crescente;Nublado;Simples;Reta;Sim;1;0;1;0;0;0;1;1;-9,305693;-35,943215;SPRF-AL;DEL01-AL;UOP02-DEL01-AL;;;
698504;16/06/2025;segunda-feira;10:35:00;MG;365;600,8;UBERLANDIA;Objeto est�tico sobre o leito carro��vel;Colis�o com objeto;Com V�timas Feridas;Pleno dia;Crescente;C�u Claro;Simples;Curva;N�o;2;0;2;0;0;0;2;1;-18,8865223;-48,11633762;SPRF-MG;DEL15-MG;UOP01-DEL15-MG;;;
698505;16/06/2025;segunda-feira;07:50:00;PR;277;685,5;SAO MIGUEL DO IGUACU;Manobra de mudan�a de faixa;Colis�o lateral mesmo sentido;Com V�timas Feridas;Pleno dia;Decrescente;C�u Claro;Dupla;"Reta;Aclive";N�o;4;0;1;0;3;0;1;2;-25,33789786;-54,21186447;SPRF-PR;DEL05-PR;UOP01-DEL05-PR;;;
698506;05/04/2025;s�bado;18:40:00;RS;116;269;PORTO ALEGRE;Demais falhas mec�nicas ou el�tricas;Colis�o traseira;Com V�timas Feridas;Plena Noite;Decrescente;C�u Claro;M�ltipla;Reta;Sim;3;0;2;0;1;0;2;2;-29,9699813;-51,1711775;SPRF-RS;DEL01-RS;UOP01-DEL01-RS;;;
698507;16/06/2025;segunda-feira;12:00:00;ES;101;296;CARIACICA;Aus�ncia de rea��o do condutor;Queda de ocupante de ve�culo;Com V�timas Feridas;Pleno dia;Crescente;C�u Claro;Dupla;Curva;Sim;1;0;1;0;0;0;1;1;-20,34305;-40,406438;SPRF-ES;DEL01-ES;UOP01-DEL01-ES;;;
698509;04/06/2025;quarta-feira;18:45:00;SC;101;202,8;SAO JOSE;Manobra de mudan�a de faixa;Colis�o lateral mesmo sentido;Com V�timas Feridas;Plena Noite;Decrescente;Garoa/Chuvisco;M�ltipla;Reta;Sim;2;0;1;0;0;1;1;2;-27,56726488;-48,61392679;SPRF-SC;DEL01-SC;UOP01-DEL01-SC;;;
698512;16/06/2025;segunda-feira;13:20:00;MG;381;883;ESTIVA;Velocidade Incompat�vel;Colis�o traseira;Com V�timas Feridas;Pleno dia;Crescente;C�u Claro;Dupla;Reta;N�o;6;0;2;1;3;0;3;2;-22,487032;-46,010982;SPRF-MG;DEL16-MG;UOP01-DEL16-MG;;;
698513;16/06/2025;segunda-feira;12:20:00;SC;470;71;INDAIAL;Acessar a via sem observar a presen�a dos outros ve�culos;Colis�o lateral mesmo sentido;Com V�timas Feridas;Pleno dia;Crescente;Nublado;Dupla;Reta;N�o;2;0;1;0;1;0;1;2;-26,896329;-49,26376669;SPRF-SC;DEL04-SC;UOP01-DEL04-SC;;;
698515;16/06/2025;segunda-feira;13:30:00;PE;101;75;RECIFE;Aus�ncia de rea��o do condutor;Engavetamento;Sem V�timas;Pleno dia;Crescente;C�u Claro;Dupla;Reta;Sim;3;0;0;0;3;0;0;3;-8,107187;-34,947887;SPRF-PE;DEL01-PE;UOP01-DEL01-PE;;;
698518;16/06/2025;segunda-feira;07:00:00;ES;101;144;LINHARES;Acumulo de areia ou detritos sobre o pavimento;Tombamento;Com V�timas Feridas;Pleno dia;Crescente;Nublado;Dupla;Reta;Sim;1;0;1;0;0;0;1;1;-19,35977376;-40,06420836;SPRF-ES;DEL04-ES;UOP01-DEL04-ES;;;
698519;16/06/2025;segunda-feira;13:40:00;SC;280;25;ARAQUARI;Trafegar com motocicleta (ou similar) entre as faixas;Colis�o transversal;Com V�timas Feridas;Pleno dia;Decrescente;C�u Claro;Simples;Reta;N�o;2;0;0;1;1;0;1;2;-26,39702956;-48,74026235;SPRF-SC;DEL03-SC;UOP03-DEL03-SC;;;
698520;16/06/2025;segunda-feira;13:10:00;PE;101;74,1;RECIFE;Velocidade Incompat�vel;Sa�da de leito carro��vel;Com V�timas Feridas;Pleno dia;Decrescente;C�u Claro;Dupla;"Declive;Curva";N�o;1;0;1;0;0;0;1;1;-8,10218;-34,94851;SPRF-PE;DEL01-PE;UOP01-DEL01-PE;;;
698521;16/06/2025;segunda-feira;07:52:00;MT;163;890;CLAUDIA;Mal s�bito do condutor;Queda de ocupante de ve�culo;Com V�timas Feridas;Pleno dia;Crescente;C�u Claro;Simples;Reta;N�o;1;0;1;0;0;0;1;1;-11,395733;-55,345281;SPRF-MT;DEL06-MT;UOP02-DEL06-MT;;;
698522;16/06/2025;segunda-feira;13:30:00;PR;376;168;MARINGA;Mal s�bito do condutor;Sa�da de leito carro��vel;Com V�timas Feridas;Pleno dia;Crescente;C�u Claro;Dupla;Reta;Sim;1;0;0;1;0;0;1;1;-23,396278;-52,005792;SPRF-PR;DEL09-PR;UOP01-DEL09-PR;;;
698524;16/06/2025;segunda-feira;13:29:00;PE;101;60;RECIFE;Aus�ncia de rea��o do condutor;Colis�o traseira;Com V�timas Feridas;Pleno dia;Crescente;C�u Claro;Dupla;Reta;Sim;2;0;1;0;1;0;1;2;-7,983173;-34,93201;SPRF-PE;DEL01-PE;UOP02-DEL01-PE;;;
698526;16/06/2025;segunda-feira;13:23:00;MG;381;581,3;CARMOPOLIS DE MINAS;Rea��o tardia ou ineficiente do condutor;Sa�da de leito carro��vel;Com V�timas Feridas;Pleno dia;Crescente;C�u Claro;Dupla;"Declive;Reta";N�o;4;0;4;0;0;0;4;1;-20,4899321;-44,6002479;SPRF-MG;DEL04-MG;UOP01-DEL04-MG;;;
698527;16/06/2025;segunda-feira;13:14:00;DF;60;3;BRASILIA;Rea��o tardia ou ineficiente do condutor;Colis�o traseira;Com V�timas Feridas;Pleno dia;Crescente;C�u Claro;Dupla;Reta;Sim;2;0;1;0;1;0;1;2;-15,890624;-48,089293;SPRF-DF;DEL03-DF;UOP01-DEL03-DF;;;
698528;16/06/2025;segunda-feira;14:00:00;RS;471;191,3;PANTANO GRANDE;Manobra de mudan�a de faixa;Colis�o frontal;Com V�timas Feridas;Pleno dia;Crescente;C�u Claro;Simples;Curva;N�o;4;0;3;0;1;0;3;2;-30,13456845;-52,37019539;SPRF-RS;DEL02-RS;UOP03-DEL02-RS;;;
698530;27/05/2025;ter�a-feira;12:20:00;PR;158;533,5;PATO BRANCO;Acessar a via sem observar a presen�a dos outros ve�culos;Colis�o transversal;Com V�timas Feridas;Pleno dia;Crescente;Nublado;Simples;Reta;Sim;2;0;1;0;1;0;1;2;-26,22721877;-52,68939972;SPRF-PR;DEL02-PR;UOP01-DEL02-PR;;;
698540;16/06/2025;segunda-feira;15:30:00;RS;158;311;ITAARA;Rea��o tardia ou ineficiente do condutor;Colis�o transversal;Com V�timas Feridas;Pleno dia;Crescente;C�u Claro;Simples;"Reta;Interse��o de Vias";Sim;2;0;1;0;1;0;1;2;-29,62680256;-53,7690088;SPRF-RS;DEL09-RS;UOP01-DEL09-RS;;;
698541;30/05/2025;sexta-feira;16:08:00;PR;277;83;CURITIBA;Aus�ncia de rea��o do condutor;Engavetamento;Com V�timas Feridas;Pleno dia;Decrescente;Nublado;Dupla;Reta;N�o;3;0;2;0;1;0;2;2;-25,45691491;-49,22424316;SPRF-PR;DEL01-PR;UOP03-DEL01-PR;;;
698543;29/04/2025;ter�a-feira;18:40:00;RS;290;76;GRAVATAI;Condutor deixou de manter dist�ncia do ve�culo da frente;Colis�o traseira;Com V�timas Feridas;Plena Noite;Decrescente;C�u Claro;M�ltipla;Reta;N�o;5;0;1;0;4;0;1;5;-29,95551509;-51,00703089;SPRF-RS;DEL01-RS;UOP01-DEL01-RS;;;
698545;15/05/2025;quinta-feira;19:44:00;AL;101;232;PORTO REAL DO COLEGIO;Animais na Pista;Atropelamento de Animal;Com V�timas Feridas;Plena Noite;Crescente;Nublado;Dupla;Reta;N�o;2;0;1;0;1;0;1;1;-10,1161275;-36,7450731;SPRF-AL;DEL02-AL;UOP02-DEL02-AL;;;
698546;16/06/2025;segunda-feira;15:30:00;ES;101;282,2;CARIACICA;Avarias e/ou desgaste excessivo no pneu;Queda de ocupante de ve�culo;Com V�timas Feridas;Pleno dia;Decrescente;Nublado;Dupla;Reta;Sim;2;0;2;0;0;0;2;1;-20,22997223;-40,36681652;SPRF-ES;DEL01-ES;UOP01-DEL01-ES;;;
698547;03/05/2025;s�bado;09:55:00;PE;232;260;ARCOVERDE;Acumulo de areia ou detritos sobre o pavimento;Eventos at�picos;Sem V�timas;Pleno dia;Decrescente;Ignorado;Simples;Reta;N�o;1;0;0;0;1;0;0;1;-8,406329;-37,12537;SPRF-PE;DEL04-PE;UOP02-DEL04-PE;;;
698548;16/06/2025;segunda-feira;16:00:00;CE;20;389,6;CAUCAIA;Demais falhas mec�nicas ou el�tricas;Colis�o traseira;Com V�timas Feridas;Pleno dia;Decrescente;C�u Claro;Simples;"Em Obras;Aclive;Reta";N�o;2;0;1;0;1;0;1;2;-3,857077;-38,789313;SPRF-CE;DEL01-CE;UOP01-DEL01-CE;;;
698549;12/06/2025;quinta-feira;23:00:00;SC;470;211,4;SAO CRISTOVAO DO SUL;Rea��o tardia ou ineficiente do condutor;Sa�da de leito carro��vel;Com V�timas Feridas;Plena Noite;Decrescente;Chuva;Simples;Curva;N�o;1;0;1;0;0;0;1;1;-27,3095881;-50,23479642;SPRF-SC;DEL05-SC;UOP03-DEL05-SC;;;
698550;16/06/2025;segunda-feira;16:20:00;BA;324;585;CANDEIAS;Velocidade Incompat�vel;Sa�da de leito carro��vel;Sem V�timas;Pleno dia;Decrescente;Chuva;Dupla;Reta;N�o;1;0;0;0;1;0;0;1;-12,63684167;-38,47749833;SPRF-BA;DEL01-BA;UOP01-DEL01-BA;;;
698552;16/06/2025;segunda-feira;15:45:00;SP;116;219;GUARULHOS;Rea��o tardia ou ineficiente do condutor;Tombamento;Com V�timas Feridas;Pleno dia;Decrescente;C�u Claro;M�ltipla;"Em Obras;Reta";Sim;2;0;1;0;0;1;1;2;-23,4623433;-46,49139094;SPRF-SP;DEL01-SP;UOP01-DEL01-SP;;;
698554;16/06/2025;segunda-feira;16:15:00;SC;470;54,4;BLUMENAU;Acessar a via sem observar a presen�a dos outros ve�culos;Colis�o transversal;Com V�timas Feridas;Pleno dia;Decrescente;C�u Claro;Simples;Interse��o de Vias;N�o;2;0;0;1;1;0;1;2;-26,87357338;-49,11397068;SPRF-SC;DEL04-SC;UOP01-DEL04-SC;;;
698557;16/06/2025;segunda-feira;15:30:00;SC;101;120;ITAJAI;Rea��o tardia ou ineficiente do condutor;Colis�o lateral sentido oposto;Com V�timas Feridas;Pleno dia;Decrescente;C�u Claro;M�ltipla;Reta;N�o;2;0;2;0;0;0;2;2;-26,92098384;-48,70831156;SPRF-SC;DEL04-SC;UOP04-DEL04-SC;;;
698558;16/06/2025;segunda-feira;16:30:00;RS;116;239,6;NOVO HAMBURGO;Rea��o tardia ou ineficiente do condutor;Tombamento;Com V�timas Feridas;Anoitecer;Decrescente;C�u Claro;M�ltipla;Reta;Sim;2;0;1;0;1;0;1;1;-29,68661334;-51,14176406;SPRF-RS;DEL01-RS;UOP02-DEL01-RS;;;
698559;16/06/2025;segunda-feira;16:30:00;RJ;40;109;DUQUE DE CAXIAS;Rea��o tardia ou ineficiente do condutor;Queda de ocupante de ve�culo;Com V�timas Feridas;Pleno dia;Crescente;C�u Claro;Dupla;Reta;Sim;3;0;1;0;2;0;1;2;-22,67204136;-43,28753536;SPRF-RJ;DEL01-RJ;UOP02-DEL01-RJ;;;
698560;16/06/2025;segunda-feira;14:00:00;RJ;40;105;DUQUE DE CAXIAS;Acessar a via sem observar a presen�a dos outros ve�culos;Atropelamento de Pedestre;Com V�timas Feridas;Pleno dia;Crescente;C�u Claro;Simples;Reta;Sim;2;0;1;0;1;0;1;2;-22,6427898;-43,2836235;SPRF-RJ;DEL01-RJ;UOP02-DEL01-RJ;;;
698562;16/06/2025;segunda-feira;15:00:00;MT;163;819;SINOP;Retorno proibido;Colis�o transversal;Com V�timas Feridas;Pleno dia;Decrescente;C�u Claro;Simples;Reta;N�o;2;0;1;0;1;0;1;2;-12,006705;-55,517152;SPRF-MT;DEL06-MT;UOP02-DEL06-MT;;;
698563;16/06/2025;segunda-feira;17:20:00;RN;406;170;SAO GONCALO DO AMARANTE;Avarias e/ou desgaste excessivo no pneu;Tombamento;Com V�timas Feridas;Anoitecer;Decrescente;C�u Claro;Dupla;"Declive;Reta";N�o;2;0;2;0;0;0;2;1;-5,758643;-35,299317;SPRF-RN;DEL02-RN;UOP01-DEL02-RN;;;
698565;16/06/2025;segunda-feira;17:45:00;SC;101;220;PALHOCA;Condutor Dormindo;Sa�da de leito carro��vel;Com V�timas Feridas;Anoitecer;Decrescente;Nublado;M�ltipla;Reta;Sim;4;0;4;0;0;0;4;1;-27,69300415;-48,66324155;SPRF-SC;DEL01-SC;UOP02-DEL01-SC;;;
698566;16/06/2025;segunda-feira;17:30:00;PR;158;532;PATO BRANCO;Transitar na contram�o;Colis�o frontal;Com V�timas Feridas;Anoitecer;Crescente;C�u Claro;Simples;Reta;N�o;2;0;1;0;1;0;1;2;-26,211021;-52,680629;SPRF-PR;DEL02-PR;UOP01-DEL02-PR;;;
698568;16/06/2025;segunda-feira;16:30:00;MT;174;0;PONTES E LACERDA;Acessar a via sem observar a presen�a dos outros ve�culos;Colis�o transversal;Com V�timas Feridas;Pleno dia;Crescente;C�u Claro;Simples;Reta;Sim;3;0;1;1;1;0;2;2;-15,246113;-59,3176097;SPRF-MT;DEL04-MT;UOP01-DEL04-MT;;;
698569;16/06/2025;segunda-feira;17:15:00;RJ;101;389;RIO DE JANEIRO;Rea��o tardia ou ineficiente do condutor;Capotamento;Com V�timas Feridas;Pleno dia;Crescente;C�u Claro;Dupla;Reta;Sim;2;0;1;0;1;0;1;1;-22,894049;-43,677333;SPRF-RJ;DEL03-RJ;UOP01-DEL03-RJ;;;
698570;16/06/2025;segunda-feira;10:15:00;RS;386;42,5;SEBERI;Acesso irregular;Tombamento;Com V�timas Feridas;Pleno dia;Decrescente;Nevoeiro/Neblina;M�ltipla;Reta;Sim;3;0;1;0;2;0;1;2;-27,42631784;-53,42183288;SPRF-RS;DEL08-RS;UOP02-DEL08-RS;;;
698571;16/06/2025;segunda-feira;18:00:00;RS;116;517;PELOTAS;Aus�ncia de rea��o do condutor;Colis�o transversal;Sem V�timas;Plena Noite;Decrescente;C�u Claro;Dupla;Interse��o de Vias;Sim;2;0;0;0;2;0;0;2;-31,67916678;-52,34215796;SPRF-RS;DEL07-RS;UOP01-DEL07-RS;;;
698572;16/06/2025;segunda-feira;18:30:00;PR;277;586;CASCAVEL;Pedestre - Ingest�o de �lcool/ subst�ncias psicoativas;Atropelamento de Pedestre;Com V�timas Feridas;Anoitecer;Decrescente;C�u Claro;Simples;Reta;Sim;2;0;1;0;1;0;1;2;-24,9736618;-53,4251175;SPRF-PR;DEL04-PR;UOP01-DEL04-PR;;;
698575;16/06/2025;segunda-feira;18:00:00;BA;324;517;FEIRA DE SANTANA;Acessar a via sem observar a presen�a dos outros ve�culos;Colis�o transversal;Sem V�timas;Plena Noite;Crescente;Chuva;Simples;Reta;Sim;2;0;0;0;2;0;0;2;-12,25263;-38,932826;SPRF-BA;DEL02-BA;UOP01-DEL02-BA;;;
698577;16/06/2025;segunda-feira;18:00:00;ES;101;269,4;SERRA;Acumulo de �leo sobre o pavimento;Queda de ocupante de ve�culo;Com V�timas Feridas;Plena Noite;Crescente;C�u Claro;Dupla;Reta;N�o;1;0;0;1;0;0;1;1;-20,0488644;-40,3866806;SPRF-ES;DEL02-ES;UOP01-DEL02-ES;;;
698578;16/06/2025;segunda-feira;17:50:00;MG;381;852;POUSO ALEGRE;Demais falhas mec�nicas ou el�tricas;Inc�ndio;Sem V�timas;Anoitecer;Crescente;C�u Claro;Dupla;"Reta;Aclive";N�o;1;0;0;0;1;0;0;1;-22,262618;-45,890579;SPRF-MG;DEL16-MG;UOP01-DEL16-MG;;;
698579;16/06/2025;segunda-feira;18:00:00;PE;101;58;RECIFE;Trafegar com motocicleta (ou similar) entre as faixas;Colis�o traseira;Com V�timas Feridas;Plena Noite;Crescente;C�u Claro;Dupla;Reta;Sim;3;0;0;1;2;0;1;3;-7,976808;-34,925912;SPRF-PE;DEL01-PE;UOP02-DEL01-PE;;;
698580;16/06/2025;segunda-feira;18:10:00;ES;101;285;CARIACICA;Pedestre cruzava a pista fora da faixa;Atropelamento de Pedestre;Com V�timas Feridas;Plena Noite;Crescente;C�u Claro;M�ltipla;Reta;N�o;2;0;0;1;1;0;1;2;-20,253575;-40,373956;SPRF-ES;DEL01-ES;UOP01-DEL01-ES;;;
698581;16/06/2025;segunda-feira;06:45:00;SC;470;139;RIO DO SUL;Aus�ncia de rea��o do condutor;Colis�o traseira;Com V�timas Feridas;Plena Noite;Decrescente;C�u Claro;Simples;Reta;Sim;3;0;1;0;2;0;1;2;-27,2012554;-49,6319178;SPRF-SC;DEL04-SC;UOP02-DEL04-SC;;;
698582;16/06/2025;segunda-feira;18:15:00;BA;367;40;PORTO SEGURO;Velocidade Incompat�vel;Sa�da de leito carro��vel;Com V�timas Feridas;Plena Noite;Decrescente;Nublado;Simples;Curva;N�o;1;0;0;1;0;0;1;1;-16,4046349;-39,1754323;SPRF-BA;DEL09-BA;UOP03-DEL09-BA;;;
698583;16/06/2025;segunda-feira;16:47:00;RJ;101;297;ITABORAI;Rea��o tardia ou ineficiente do condutor;Colis�o lateral mesmo sentido;Com V�timas Feridas;Anoitecer;Crescente;C�u Claro;M�ltipla;"Curva;Declive";Sim;2;0;1;0;1;0;1;2;-22,771354;-42,92718887;SPRF-RJ;DEL02-RJ;UOP02-DEL02-RJ;;;
698585;16/06/2025;segunda-feira;19:05:00;SC;282;18;PALHOCA;Acessar a via sem observar a presen�a dos outros ve�culos;Colis�o transversal;Com V�timas Feridas;Plena Noite;Decrescente;C�u Claro;Simples;Reta;Sim;5;0;5;0;0;0;5;2;-27,673897;-48,69543;SPRF-SC;DEL01-SC;UOP02-DEL01-SC;;;
698586;16/06/2025;segunda-feira;12:30:00;BA;367;23;PORTO SEGURO;Ultrapassagem Indevida;Colis�o lateral mesmo sentido;Com V�timas Feridas;Pleno dia;Decrescente;Nublado;Simples;Reta;Sim;3;0;1;0;1;1;1;3;-16,43781396;-39,08429146;SPRF-BA;DEL09-BA;UOP03-DEL09-BA;;;
698587;16/06/2025;segunda-feira;18:25:00;SC;280;71,8;JARAGUA DO SUL;Condutor deixou de manter dist�ncia do ve�culo da frente;Colis�o traseira;Com V�timas Feridas;Plena Noite;Crescente;Nublado;Simples;"Aclive;Reta";N�o;4;0;1;0;3;0;1;3;-26,459379;-49,151352;SPRF-SC;DEL03-SC;UOP03-DEL03-SC;;;
698588;16/06/2025;segunda-feira;18:55:00;RS;287;248;SANTA MARIA;Condutor deixou de manter dist�ncia do ve�culo da frente;Colis�o traseira;Com V�timas Feridas;Anoitecer;Crescente;Chuva;Dupla;Reta;Sim;4;0;2;0;2;0;2;2;-29,69810908;-53,84500265;SPRF-RS;DEL09-RS;UOP01-DEL09-RS;;;
698589;16/06/2025;segunda-feira;19:00:00;RJ;116;187;NOVA IGUACU;Aus�ncia de rea��o do condutor;Queda de ocupante de ve�culo;Com V�timas Feridas;Plena Noite;Decrescente;C�u Claro;Dupla;Reta;Sim;2;0;1;0;1;0;1;2;-22,73789314;-43,48710537;SPRF-RJ;DEL06-RJ;UOP01-DEL06-RJ;;;
698590;16/06/2025;segunda-feira;19:27:00;GO;60;168;GOIANIA;Estacionar ou parar em local proibido;Colis�o traseira;Com V�timas Feridas;Plena Noite;Crescente;C�u Claro;Dupla;Aclive;N�o;3;0;1;1;1;0;2;2;-16,72988;-49,387342;SPRF-GO;DEL01-GO;UOP02-DEL01-GO;;;
698591;16/06/2025;segunda-feira;18:30:00;ES;101;270;SERRA;Aus�ncia de rea��o do condutor;Colis�o lateral mesmo sentido;Com V�timas Feridas;Plena Noite;Decrescente;C�u Claro;Dupla;Reta;Sim;3;0;0;2;1;0;2;2;-20,22378325;-40,2703618;SPRF-ES;DEL02-ES;UOP01-DEL02-ES;;;
698592;16/06/2025;segunda-feira;18:00:00;RJ;393;168;TRES RIOS;Convers�o proibida;Colis�o transversal;Com V�timas Feridas;Plena Noite;Crescente;Ignorado;Simples;Reta;Sim;2;0;1;0;1;0;1;2;-22,1228653;-43,16855617;SPRF-RJ;DEL05-RJ;UOP01-DEL05-RJ;;;