id;data_inversa;dia_semana;horario;uf;br;km;municipio;causa_acidente;tipo_acidente;classificacao_acidente;fase_dia;sentido_via;condicao_metereologica;tipo_pista;tracado_via;uso_solo;pessoas;mortos;feridos_leves;feridos_graves;ilesos;ignorados;feridos;veiculos;latitude;longitude;regional;delegacia;uop;;;
698593;16/06/2025;segunda-feira;17:28:00;SC;470;247,1;CURITIBANOS;Acessar a via sem observar a presen�a dos outros ve�culos;Colis�o transversal;Com V�timas Feridas;Pleno dia;Crescente;C�u Claro;Simples;"Reta;Interse��o de Vias";Sim;4;0;2;0;2;0;2;2;-27,3130129;-50,5580314;SPRF-SC;DEL05-SC;UOP03-DEL05-SC;;;
698594;16/06/2025;segunda-feira;19:00:00;MG;40;422;CURVELO;Pedestre andava na pista;Atropelamento de Pedestre;Com V�timas Fatais;Plena Noite;Crescente;C�u Claro;Simples;Reta;N�o;3;1;0;0;2;0;0;2;-19,153676;-44,548269;SPRF-MG;DEL02-MG;UOP01-DEL02-MG;;;
698595;16/06/2025;segunda-feira;18:30:00;SP;381;39,5;ATIBAIA;Entrada inopinada do pedestre;Atropelamento de Pedestre;Com V�timas Feridas;Plena Noite;Decrescente;C�u Claro;Dupla;Reta;N�o;3;0;0;1;2;0;1;2;-23,12887611;-46,57666542;SPRF-SP;DEL03-SP;UOP01-DEL03-SP;;;
698596;16/06/2025;segunda-feira;19:35:00;RS;386;350,8;ESTRELA;Demais falhas na via;Colis�o com objeto;Com V�timas Feridas;Plena Noite;Decrescente;C�u Claro;Simples;"Interse��o de Vias;Em Obras;Reta";Sim;1;0;1;0;0;0;1;1;-29,49818288;-51,95091248;SPRF-RS;DEL04-RS;UOP01-DEL04-RS;;;
698598;16/06/2025;segunda-feira;19:00:00;RJ;101;491,7;ANGRA DOS REIS;Convers�o proibida;Colis�o frontal;Com V�timas Feridas;Plena Noite;Decrescente;C�u Claro;Simples;"Reta;Interse��o de Vias";Sim;2;0;0;1;1;0;1;2;-22,95089156;-44,32547305;SPRF-RJ;DEL03-RJ;UOP03-DEL03-RJ;;;
698601;16/06/2025;segunda-feira;20:20:00;ES;101;296;CARIACICA;Animais na Pista;Atropelamento de Animal;Com V�timas Feridas;Plena Noite;Crescente;C�u Claro;Dupla;"Curva;Declive";Sim;1;0;1;0;0;0;1;1;-20,34234973;-40,40584028;SPRF-ES;DEL01-ES;UOP01-DEL01-ES;;;
698603;16/06/2025;segunda-feira;06:45:00;AM;174;918;MANAUS;Pedestre andava na pista;Atropelamento de Pedestre;Com V�timas Feridas;Amanhecer;Decrescente;Nublado;Simples;"Declive;Reta";N�o;3;0;2;0;1;0;2;2;-2,671971;-60,045846;SPRF-AM;DEL01-AM;UOP01-DEL01-AM;;;
698604;13/04/2025;domingo;12:00:00;MG;262;403;PARA DE MINAS;Aus�ncia de rea��o do condutor;Colis�o lateral mesmo sentido;Com V�timas Feridas;Pleno dia;Decrescente;Sol;Dupla;Reta;N�o;3;0;2;0;1;0;2;2;-19,88701031;-44,63208675;SPRF-MG;DEL01-MG;UOP03-DEL01-MG;;;
698605;16/06/2025;segunda-feira;19:40:00;PB;104;109,1;SAO SEBASTIAO DE LAGOA DE  ROCA;Ingest�o de �lcool pelo condutor;Colis�o lateral sentido oposto;Sem V�timas;Plena Noite;Decrescente;C�u Claro;Simples;"Aclive;Reta";N�o;2;0;0;0;1;1;0;2;-7,1199633;-35,8640983;SPRF-PB;DEL02-PB;UOP04-DEL02-PB;;;
698606;16/06/2025;segunda-feira;20:15:00;MG;116;14;AGUAS VERMELHAS;Acessar a via sem observar a presen�a dos outros ve�culos;Colis�o transversal;Sem V�timas;Plena Noite;Crescente;C�u Claro;Simples;Curva;N�o;2;0;0;0;2;0;0;2;-15,806252;-41,368287;SPRF-BA;DEL08-BA;UOP03-DEL08-BA;;;
698607;16/06/2025;segunda-feira;17:30:00;SC;280;81,8;CORUPA;Entrada inopinada do pedestre;Atropelamento de Pedestre;Com V�timas Feridas;Anoitecer;Decrescente;Nublado;Simples;Reta;Sim;2;0;0;1;1;0;1;2;-26,43676;-49,24044;SPRF-SC;DEL06-SC;UOP03-DEL06-SC;;;
698612;16/06/2025;segunda-feira;21:05:00;PE;101;67;RECIFE;Rea��o tardia ou ineficiente do condutor;Colis�o traseira;Com V�timas Feridas;Plena Noite;Decrescente;C�u Claro;Dupla;Reta;Sim;2;0;1;0;1;0;1;2;-8,04665;-34,94492;SPRF-PE;DEL01-PE;UOP01-DEL01-PE;;;
698614;16/06/2025;segunda-feira;20:30:00;PR;277;177;PALMEIRA;Acessar a via sem observar a presen�a dos outros ve�culos;Atropelamento de Pedestre;Com V�timas Feridas;Plena Noite;Crescente;C�u Claro;Dupla;Reta;Sim;2;0;0;1;1;0;1;2;-25,4348;-50,0098;SPRF-PR;DEL08-PR;UOP02-DEL08-PR;;;
698617;16/06/2025;segunda-feira;19:42:00;PE;423;121;PARANATAMA;Entrada inopinada do pedestre;Atropelamento de Pedestre;Com V�timas Fatais;Plena Noite;Crescente;C�u Claro;Simples;Reta;Sim;2;1;0;0;1;0;0;2;-8,918453;-36,710143;SPRF-PE;DEL03-PE;UOP01-DEL03-PE;;;
698618;16/06/2025;segunda-feira;16:50:00;MG;116;421,8;ALPERCATA;Acessar a via sem observar a presen�a dos outros ve�culos;Colis�o transversal;Com V�timas Feridas;Pleno dia;Decrescente;C�u Claro;Simples;"Reta;Interse��o de Vias";N�o;2;0;0;1;1;0;1;2;-18,94509564;-41,94988847;SPRF-MG;DEL06-MG;UOP01-DEL06-MG;;;
698619;16/06/2025;segunda-feira;17:30:00;MG;116;412,4;GOVERNADOR VALADARES;Acessar a via sem observar a presen�a dos outros ve�culos;Colis�o lateral mesmo sentido;Com V�timas Feridas;Anoitecer;Crescente;Nublado;Simples;Interse��o de Vias;Sim;3;0;2;0;0;1;2;2;-18,87730015;-41,96335886;SPRF-MG;DEL06-MG;UOP01-DEL06-MG;;;
698620;16/06/2025;segunda-feira;17:00:00;MG;381;214,7;BELO ORIENTE;Condutor Dormindo;Engavetamento;Com V�timas Feridas;Pleno dia;Decrescente;Nublado;Simples;"Reta;Em Obras";N�o;4;0;1;0;3;0;1;3;-19,27181696;-42,35662434;SPRF-MG;DEL06-MG;UOP01-DEL06-MG;;;
698621;16/06/2025;segunda-feira;22:00:00;CE;222;3,7;CAUCAIA;Manobra de mudan�a de faixa;Colis�o lateral mesmo sentido;Com V�timas Feridas;Plena Noite;Crescente;C�u Claro;Dupla;Reta;Sim;3;0;1;0;2;0;1;2;-3,74121961;-38,60284567;SPRF-CE;DEL01-CE;UOP01-DEL01-CE;;;
698624;16/06/2025;segunda-feira;18:00:00;MG;116;158,4;GOVERNADOR VALADARES;Condutor deixou de manter dist�ncia do ve�culo da frente;Colis�o traseira;Com V�timas Feridas;Plena Noite;Crescente;C�u Claro;Simples;Reta;Sim;3;0;0;2;1;0;2;2;-18,885358;-41,997729;SPRF-MG;DEL11-MG;UOP02-DEL11-MG;;;
698626;16/06/2025;segunda-feira;23:37:00;PR;277;727,8;FOZ DO IGUACU;Demais falhas mec�nicas ou el�tricas;Queda de ocupante de ve�culo;Com V�timas Feridas;Plena Noite;Crescente;C�u Claro;Dupla;Reta;Sim;2;0;2;0;0;0;2;1;-25,50975644;-54,57192421;SPRF-PR;DEL05-PR;UOP03-DEL05-PR;;;
698628;07/05/2025;quarta-feira;08:10:00;ES;101;18,9;CONCEICAO DA BARRA;Chuva;Tombamento;Com V�timas Feridas;Pleno dia;Crescente;Chuva;Simples;"Aclive;Reta";N�o;1;0;0;1;0;0;1;1;-18,324455;-39,95810956;SPRF-ES;DEL04-ES;UOP02-DEL04-ES;;;
698632;17/06/2025;ter�a-feira;02:15:00;SC;101;206,1;SAO JOSE;Suic�dio (presumido);Queda de ocupante de ve�culo;Com V�timas Feridas;Pleno dia;Crescente;Nublado;M�ltipla;"Aclive;Reta";Sim;2;0;0;1;1;0;1;1;-27,5890948;-48,61728491;SPRF-SC;DEL01-SC;UOP01-DEL01-SC;;;
698633;17/06/2025;ter�a-feira;02:00:00;SC;163;79,2;SAO MIGUEL DO OESTE;Velocidade Incompat�vel;Sa�da de leito carro��vel;Com V�timas Feridas;Plena Noite;Crescente;C�u Claro;Simples;"Reta;Declive;Interse��o de Vias";N�o;1;0;1;0;0;0;1;1;-26,6554602;-53,51736043;SPRF-SC;DEL07-SC;UOP03-DEL07-SC;;;
698635;17/06/2025;ter�a-feira;02:15:00;RS;392;101;MORRO REDONDO;Ingest�o de �lcool pelo condutor;Sa�da de leito carro��vel;Com V�timas Feridas;Plena Noite;Crescente;Chuva;Simples;Reta;N�o;1;0;1;0;0;0;1;1;-31,5352708;-52,57617697;SPRF-RS;DEL07-RS;UOP01-DEL07-RS;;;
698636;17/06/2025;ter�a-feira;03:07:00;SC;101;326,5;CAPIVARI DE BAIXO;Rea��o tardia ou ineficiente do condutor;Colis�o traseira;Com V�timas Feridas;Plena Noite;Decrescente;C�u Claro;Dupla;"Reta;Aclive";Sim;2;0;1;0;1;0;1;2;-28,43448;-48,958002;SPRF-SC;DEL02-SC;UOP01-DEL02-SC;;;
698637;31/01/2025;sexta-feira;15:50:00;MG;365;625,5;UBERLANDIA;Pista Escorregadia;Tombamento;Com V�timas Feridas;Pleno dia;Decrescente;Ignorado;Dupla;Reta;Sim;2;0;1;0;0;1;1;2;-18,90989685;-48,30746261;SPRF-MG;DEL15-MG;UOP01-DEL15-MG;;;
698640;17/06/2025;ter�a-feira;04:15:00;PR;116;126;FAZENDA RIO GRANDE;Convers�o proibida;Colis�o transversal;Com V�timas Feridas;Plena Noite;Crescente;Nublado;Dupla;Reta;Sim;2;0;1;0;1;0;1;2;-25,63703307;-49,31320516;SPRF-PR;DEL01-PR;UOP03-DEL01-PR;;;
698641;17/06/2025;ter�a-feira;03:00:00;BA;420;335;JAGUAQUARA;Velocidade Incompat�vel;Queda de ocupante de ve�culo;Com V�timas Feridas;Plena Noite;Decrescente;C�u Claro;Simples;Reta;N�o;2;0;0;2;0;0;2;1;-13,50050591;-39,95696212;SPRF-BA;DEL03-BA;UOP01-DEL03-BA;;;
698643;17/06/2025;ter�a-feira;06:09:00;MG;262;409;IGARATINGA;Pedestre andava na pista;Atropelamento de Pedestre;Com V�timas Fatais;Pleno dia;Crescente;C�u Claro;Dupla;Curva;N�o;3;1;1;1;0;0;2;3;-19,909418;-44,675352;SPRF-MG;DEL08-MG;UOP03-DEL08-MG;;;
698644;17/06/2025;ter�a-feira;05:20:00;SP;116;154,9;SAO JOSE DOS CAMPOS;Ingest�o de �lcool pelo condutor;Colis�o com objeto;Com V�timas Feridas;Amanhecer;Decrescente;Nevoeiro/Neblina;Dupla;"Reta;Aclive";Sim;3;0;1;0;2;0;1;2;-23,254812;-45,942894;SPRF-SP;DEL02-SP;UOP01-DEL02-SP;;;
698645;17/06/2025;ter�a-feira;04:45:00;RJ;40;114;DUQUE DE CAXIAS;Demais falhas mec�nicas ou el�tricas;Capotamento;Com V�timas Feridas;Amanhecer;Crescente;C�u Claro;M�ltipla;"Reta;Declive";Sim;1;0;1;0;0;0;1;1;-22,71881022;-43,28994962;SPRF-RJ;DEL01-RJ;UOP02-DEL01-RJ;;;
698646;17/06/2025;ter�a-feira;05:15:00;RN;304;238;RIACHUELO;Aus�ncia de rea��o do condutor;Queda de ocupante de ve�culo;Com V�timas Feridas;Amanhecer;Crescente;C�u Claro;Simples;Reta;N�o;1;0;1;0;0;0;1;1;-5,790908;-35,844435;SPRF-RN;DEL01-RN;UOP02-DEL01-RN;;;
698647;17/06/2025;ter�a-feira;06:15:00;AL;104;39;UNIAO DOS PALMARES;Rea��o tardia ou ineficiente do condutor;Colis�o frontal;Com V�timas Feridas;Pleno dia;Crescente;Chuva;Simples;Curva;N�o;5;0;0;1;4;0;1;2;-9,19382274;-36,03471503;SPRF-AL;DEL01-AL;UOP02-DEL01-AL;;;
698651;17/06/2025;ter�a-feira;06:50:00;PE;407;118;PETROLINA;Convers�o proibida;Colis�o transversal;Com V�timas Feridas;Pleno dia;Crescente;C�u Claro;Simples;Reta;Sim;3;0;2;0;1;0;2;2;-9,330027;-40,56439;SPRF-PE;DEL06-PE;UOP01-DEL06-PE;;;
698652;17/06/2025;ter�a-feira;05:20:00;MS;158;98,4;PARANAIBA;Acessar a via sem observar a presen�a dos outros ve�culos;Colis�o lateral mesmo sentido;Com V�timas Feridas;Amanhecer;Crescente;C�u Claro;Dupla;Interse��o de Vias;Sim;4;0;1;0;3;0;1;2;-19,69828082;-51,17106231;SPRF-MS;DEL08-MS;UOP01-DEL08-MS;;;
698653;17/06/2025;ter�a-feira;07:10:00;RJ;101;576;PARATY;Trafegar com motocicleta (ou similar) entre as faixas;Queda de ocupante de ve�culo;Com V�timas Feridas;Amanhecer;Decrescente;C�u Claro;Simples;Reta;Sim;2;0;1;1;0;0;2;1;-23,21734775;-44,73533631;SPRF-RJ;DEL03-RJ;UOP04-DEL03-RJ;;;
698656;17/06/2025;ter�a-feira;07:25:00;PB;230;23,9;JOAO PESSOA;Condutor deixou de manter dist�ncia do ve�culo da frente;Colis�o traseira;Com V�timas Feridas;Pleno dia;Decrescente;C�u Claro;Dupla;"Declive;Viaduto;Reta";Sim;2;0;1;0;1;0;1;2;-7,16558473;-34,86282617;SPRF-PB;DEL01-PB;UOP01-DEL01-PB;;;
698658;17/06/2025;ter�a-feira;07:30:00;PE;232;145;SAO CAITANO;Acessar a via sem observar a presen�a dos outros ve�culos;Colis�o lateral mesmo sentido;Com V�timas Feridas;Pleno dia;Crescente;C�u Claro;Dupla;Reta;N�o;2;0;0;1;1;0;1;2;-8,329548;-36,122724;SPRF-PE;DEL03-PE;UOP02-DEL03-PE;;;
698659;17/06/2025;ter�a-feira;06:37:00;RN;406;169;SAO GONCALO DO AMARANTE;Manobra de mudan�a de faixa;Colis�o lateral mesmo sentido;Com V�timas Feridas;Pleno dia;Decrescente;C�u Claro;Dupla;Reta;N�o;2;0;1;1;0;0;2;2;-5,7609814;-35,29262273;SPRF-RN;DEL02-RN;UOP01-DEL02-RN;;;
698661;17/06/2025;ter�a-feira;05:50:00;MG;40;508,1;RIBEIRAO DAS NEVES;Condutor deixou de manter dist�ncia do ve�culo da frente;Colis�o traseira;Com V�timas Feridas;Pleno dia;Crescente;C�u Claro;Dupla;Reta;Sim;3;0;1;0;2;0;1;2;-19,76185;-44,1336;SPRF-MG;DEL02-MG;UOP01-DEL02-MG;;;
698664;17/06/2025;ter�a-feira;08:00:00;TO;10;458,2;PALMAS;Avarias e/ou desgaste excessivo no pneu;Queda de ocupante de ve�culo;Com V�timas Feridas;Pleno dia;Crescente;Sol;M�ltipla;"Reta;Aclive";N�o;3;0;3;0;0;0;3;2;-10,278245;-48,300112;SPRF-TO;DEL01-TO;UOP03-DEL01-TO;;;
698665;17/06/2025;ter�a-feira;07:45:00;SP;116;221;GUARULHOS;Condutor deixou de manter dist�ncia do ve�culo da frente;Colis�o lateral mesmo sentido;Com V�timas Feridas;Amanhecer;Crescente;C�u Claro;M�ltipla;Reta;N�o;2;0;1;0;1;0;1;2;-23,46975155;-46,50954187;SPRF-SP;DEL01-SP;UOP01-DEL01-SP;;;
698667;17/06/2025;ter�a-feira;08:00:00;BA;367;83,9;EUNAPOLIS;Acessar a via sem observar a presen�a dos outros ve�culos;Colis�o lateral mesmo sentido;Com V�timas Feridas;Pleno dia;Crescente;C�u Claro;Simples;Reta;Sim;2;0;1;0;1;0;1;2;-16,374436;-39,57887;SPRF-BA;DEL09-BA;UOP03-DEL09-BA;;;
698668;17/06/2025;ter�a-feira;08:10:00;SP;116;146,7;SAO JOSE DOS CAMPOS;Condutor deixou de manter dist�ncia do ve�culo da frente;Engavetamento;Com V�timas Feridas;Pleno dia;Decrescente;C�u Claro;Dupla;"Desvio Tempor�rio;Em Obras;Declive";N�o;4;0;1;0;3;0;1;4;-23,19332619;-45,86735599;SPRF-SP;DEL02-SP;UOP01-DEL02-SP;;;
698669;17/06/2025;ter�a-feira;06:35:00;MG;262;31;REDUTO;Neblina;Tombamento;Com V�timas Feridas;Amanhecer;Decrescente;Nevoeiro/Neblina;Simples;Curva;N�o;1;0;0;1;0;0;1;1;-20,25612954;-41,99780703;SPRF-MG;DEL06-MG;UOP03-DEL06-MG;;;
698670;17/06/2025;ter�a-feira;08:30:00;RN;101;101;NATAL;Demais falhas mec�nicas ou el�tricas;Queda de ocupante de ve�culo;Com V�timas Feridas;Pleno dia;Decrescente;Chuva;Dupla;Reta;Sim;2;0;1;0;1;0;1;1;-5,88653047;-35,23003447;SPRF-RN;DEL01-RN;UOP01-DEL01-RN;;;
698671;17/06/2025;ter�a-feira;08:30:00;ES;101;289,8;CARIACICA;Aus�ncia de rea��o do condutor;Tombamento;Com V�timas Feridas;Pleno dia;Decrescente;C�u Claro;Dupla;Reta;Sim;1;0;1;0;0;0;1;1;-20,2856396;-40,39245266;SPRF-ES;DEL01-ES;UOP01-DEL01-ES;;;
698673;17/06/2025;ter�a-feira;07:40:00;PR;369;142;IBIPORA;Aus�ncia de rea��o do condutor;Colis�o traseira;Com V�timas Feridas;Pleno dia;Decrescente;Sol;Simples;Reta;Sim;2;0;1;0;1;0;1;2;-23,28796998;-51,07876466;SPRF-PR;DEL07-PR;UOP01-DEL07-PR;;;
698674;17/06/2025;ter�a-feira;08:20:00;BA;101;877;TEIXEIRA DE FREITAS;Acessar a via sem observar a presen�a dos outros ve�culos;Colis�o transversal;Com V�timas Feridas;Pleno dia;Crescente;Nublado;Simples;"Reta;Interse��o de Vias";Sim;2;0;0;1;1;0;1;2;-17,539253;-39,715327;SPRF-BA;DEL09-BA;UOP02-DEL09-BA;;;
698675;17/06/2025;ter�a-feira;08:00:00;PR;277;83;CURITIBA;Trafegar com motocicleta (ou similar) entre as faixas;Tombamento;Com V�timas Feridas;Pleno dia;Crescente;C�u Claro;Dupla;Reta;Sim;2;0;1;0;1;0;1;2;-25,44741748;-49,23058257;SPRF-PR;DEL01-PR;UOP03-DEL01-PR;;;
698676;17/06/2025;ter�a-feira;07:50:00;PR;277;571,1;CASCAVEL;Rea��o tardia ou ineficiente do condutor;Tombamento;Com V�timas Feridas;Pleno dia;Crescente;Nublado;Simples;Curva;N�o;2;0;1;0;1;0;1;1;-25,00860757;-53,29652965;SPRF-PR;DEL04-PR;UOP01-DEL04-PR;;;
698677;17/06/2025;ter�a-feira;06:50:00;AC;364;123;RIO BRANCO;Aus�ncia de rea��o do condutor;Colis�o traseira;Com V�timas Feridas;Pleno dia;Decrescente;C�u Claro;Dupla;Reta;Sim;3;0;2;0;1;0;2;2;-10,0117486;-67,7854382;SPRF-AC;DEL01-AC;UOP01-DEL01-AC;;;
698678;17/06/2025;ter�a-feira;08:30:00;PR;376;603;CURITIBA;Aus�ncia de rea��o do condutor;Colis�o traseira;Com V�timas Feridas;Amanhecer;Decrescente;C�u Claro;Dupla;Reta;N�o;2;0;1;0;1;0;1;2;-25,51898299;-49,33491882;SPRF-PR;DEL01-PR;UOP03-DEL01-PR;;;
698679;17/06/2025;ter�a-feira;06:30:00;BA;324;626;SALVADOR;Acesso irregular;Tombamento;Com V�timas Feridas;Pleno dia;Crescente;Chuva;M�ltipla;Curva;Sim;1;0;0;1;0;0;1;1;-12,96285464;-38,47652432;SPRF-BA;DEL01-BA;UOP01-DEL01-BA;;;
698680;17/06/2025;ter�a-feira;08:10:00;RJ;40;61,9;PETROPOLIS;Aus�ncia de rea��o do condutor;Queda de ocupante de ve�culo;Com V�timas Feridas;Pleno dia;Decrescente;C�u Claro;Dupla;Reta;Sim;1;0;0;1;0;0;1;1;-22,40577161;-43,14707637;SPRF-RJ;DEL05-RJ;UOP02-DEL05-RJ;;;
698682;17/06/2025;ter�a-feira;08:30:00;SC;101;126,5;ITAJAI;Aus�ncia de rea��o do condutor;Colis�o traseira;Com V�timas Feridas;Pleno dia;Decrescente;Sol;Dupla;Reta;N�o;2;0;1;0;1;0;1;2;-26,97026219;-48,68322786;SPRF-SC;DEL04-SC;UOP04-DEL04-SC;;;
698684;17/06/2025;ter�a-feira;07:45:00;SP;381;88;GUARULHOS;Ultrapassagem Indevida;Colis�o com objeto;Com V�timas Feridas;Pleno dia;Crescente;C�u Claro;M�ltipla;Reta;Sim;2;0;0;1;1;0;1;2;-23,482843;-46,559898;SPRF-SP;DEL03-SP;UOP01-DEL03-SP;;;
698688;24/05/2025;s�bado;22:00:00;RJ;101;389;NITEROI;Aus�ncia de rea��o do condutor;Colis�o lateral mesmo sentido;Com V�timas Feridas;Plena Noite;Crescente;C�u Claro;M�ltipla;Reta;Sim;3;0;0;3;0;0;3;2;-22,89451;-43;SPRF-RJ;DEL03-RJ;UOP01-DEL03-RJ;;;
698690;17/06/2025;ter�a-feira;09:10:00;PR;376;174;MARINGA;Rea��o tardia ou ineficiente do condutor;Colis�o transversal;Com V�timas Feridas;Pleno dia;Crescente;C�u Claro;Dupla;"Reta;Interse��o de Vias";N�o;2;0;1;0;1;0;1;2;-23,412038;-51,933419;SPRF-PR;DEL09-PR;UOP01-DEL09-PR;;;
698693;17/06/2025;ter�a-feira;09:30:00;SP;116;282;EMBU DAS ARTES;Aus�ncia de rea��o do condutor;Colis�o traseira;Com V�timas Feridas;Pleno dia;Decrescente;C�u Claro;Dupla;"Reta;Aclive";Sim;4;0;1;0;1;2;1;3;-23,66498659;-46,85410621;SPRF-SP;DEL04-SP;UOP01-DEL04-SP;;;
698694;17/06/2025;ter�a-feira;10:10:00;RJ;101;269;RIO BONITO;Condutor Dormindo;Sa�da de leito carro��vel;Com V�timas Feridas;Pleno dia;Decrescente;C�u Claro;Dupla;Reta;N�o;4;0;1;0;3;0;1;1;-22,71482344;-42,67743823;SPRF-RJ;DEL02-RJ;UOP03-DEL02-RJ;;;
698697;17/06/2025;ter�a-feira;09:10:00;PE;101;113;IPOJUCA;Aus�ncia de rea��o do condutor;Sa�da de leito carro��vel;Com V�timas Feridas;Pleno dia;Crescente;Chuva;Dupla;Curva;N�o;1;0;1;0;0;0;1;1;-8,330686;-35,123148;SPRF-PE;DEL01-PE;UOP03-DEL01-PE;;;
698698;17/06/2025;ter�a-feira;09:55:00;RJ;493;20;MAGE;Convers�o proibida;Colis�o transversal;Com V�timas Feridas;Pleno dia;Decrescente;C�u Claro;Simples;Reta;Sim;2;0;1;0;1;0;1;2;-22,66297321;-43,04280115;SPRF-RJ;DEL04-RJ;UOP02-DEL04-RJ;;;
698700;17/06/2025;ter�a-feira;10:10:00;PB;230;1;CABEDELO;Aus�ncia de rea��o do condutor;Engavetamento;Sem V�timas;Pleno dia;Crescente;C�u Claro;Simples;Reta;Sim;10;0;0;0;10;0;0;3;-6,978547;-34,830895;SPRF-PB;DEL01-PB;UOP01-DEL01-PB;;;
698701;17/06/2025;ter�a-feira;11:00:00;PE;232;4,9;RECIFE;Condutor deixou de manter dist�ncia do ve�culo da frente;Colis�o traseira;Com V�timas Feridas;Pleno dia;Crescente;C�u Claro;M�ltipla;Reta;Sim;2;0;1;0;1;0;1;2;-8,0677;-34,944663;SPRF-PE;DEL01-PE;UOP01-DEL01-PE;;;
698702;17/06/2025;ter�a-feira;10:40:00;PB;101;34,2;MAMANGUAPE;Acessar a via sem observar a presen�a dos outros ve�culos;Colis�o transversal;Com V�timas Feridas;Pleno dia;Crescente;C�u Claro;Dupla;Reta;N�o;3;0;1;1;1;0;2;2;-6,78769401;-35,13450265;SPRF-PB;DEL01-PB;UOP03-DEL01-PB;;;
698704;17/06/2025;ter�a-feira;09:45:00;SC;280;224,8;TRES BARRAS;Avarias e/ou desgaste excessivo no pneu;Sa�da de leito carro��vel;Com V�timas Feridas;Pleno dia;Crescente;C�u Claro;Simples;Reta;N�o;5;0;3;1;0;1;4;2;-26,178307;-50,312008;SPRF-SC;DEL06-SC;UOP04-DEL06-SC;;;
698712;17/06/2025;ter�a-feira;11:30:00;RJ;101;478;ANGRA DOS REIS;Rea��o tardia ou ineficiente do condutor;Colis�o traseira;Com V�timas Feridas;Pleno dia;Crescente;C�u Claro;Simples;Reta;Sim;2;0;1;0;1;0;1;2;-23,004691;-44,27629;SPRF-RJ;DEL03-RJ;UOP03-DEL03-RJ;;;
698716;17/06/2025;ter�a-feira;12:40:00;DF;70;16,9;BRASILIA;Condutor deixou de manter dist�ncia do ve�culo da frente;Engavetamento;Com V�timas Feridas;Pleno dia;Decrescente;C�u Claro;Dupla;Reta;Sim;4;0;1;0;3;0;1;3;-15,7940241;-48,2010854;SPRF-DF;DEL03-DF;UOP02-DEL03-DF;;;
698717;17/06/2025;ter�a-feira;12:00:00;RO;364;697;PORTO VELHO;Acessar a via sem observar a presen�a dos outros ve�culos;Colis�o transversal;Com V�timas Feridas;Pleno dia;Decrescente;Sol;Dupla;Reta;N�o;2;0;2;0;0;0;2;2;-8,8022682;-63,74494708;SPRF-RO;DEL01-RO;UOP01-DEL01-RO;;;
698718;19/05/2025;segunda-feira;04:21:00;PB;230;18,8;JOAO PESSOA;Rea��o tardia ou ineficiente do condutor;Colis�o com objeto;Sem V�timas;Plena Noite;Decrescente;Nublado;Dupla;Curva;Sim;1;0;0;0;0;1;0;1;-7,1287598;-34,8486958;SPRF-PB;DEL01-PB;UOP01-DEL01-PB;;;
698719;17/06/2025;ter�a-feira;13:30:00;PR;369;150;LONDRINA;Rea��o tardia ou ineficiente do condutor;Queda de ocupante de ve�culo;Com V�timas Feridas;Pleno dia;Decrescente;C�u Claro;Dupla;Reta;Sim;1;0;0;1;0;0;1;1;-23,29280044;-51,16647212;SPRF-PR;DEL07-PR;UOP01-DEL07-PR;;;
698720;21/02/2025;sexta-feira;06:00:00;BA;242;206;ITABERABA;Ultrapassagem Indevida;Sa�da de leito carro��vel;Com V�timas Fatais;Pleno dia;Decrescente;Chuva;Simples;Reta;N�o;3;1;2;0;0;0;2;1;-12,5206;-40,0974;SPRF-BA;DEL06-BA;UOP02-DEL06-BA;;;
698722;17/06/2025;ter�a-feira;05:30:00;BA;242;360;LENCOIS;Rea��o tardia ou ineficiente do condutor;Sa�da de leito carro��vel;Com V�timas Feridas;Amanhecer;Decrescente;Chuva;Simples;Curva;N�o;2;0;2;0;0;0;2;1;-12,4661505;-41,36977913;SPRF-BA;DEL06-BA;UOP02-DEL06-BA;;;
698728;29/03/2025;s�bado;18:30:00;RS;290;90;PORTO ALEGRE;Manobra de mudan�a de faixa;Colis�o lateral mesmo sentido;Com V�timas Feridas;Anoitecer;Decrescente;Nublado;M�ltipla;Reta;Sim;5;0;1;0;4;0;1;2;-29,96953696;-51,16958499;SPRF-RS;DEL01-RS;UOP01-DEL01-RS;;;
698729;17/06/2025;ter�a-feira;13:40:00;RS;116;267,1;CANOAS;Acumulo de �gua sobre o pavimento;Colis�o lateral mesmo sentido;Com V�timas Feridas;Pleno dia;Decrescente;Chuva;Dupla;"Reta;Em Obras";Sim;2;0;1;0;1;0;1;2;-29,93939463;-51,17693934;SPRF-RS;DEL01-RS;UOP01-DEL01-RS;;;
698730;17/06/2025;ter�a-feira;12:58:00;GO;251;31;CRISTALINA;Transitar na contram�o;Colis�o frontal;Sem V�timas;Pleno dia;Crescente;C�u Claro;Simples;Reta;Sim;2;0;0;0;2;0;0;2;-16,07965;-47,526298;SPRF-DF;DEL01-DF;UOP01-DEL01-DF;;;
698731;17/06/2025;ter�a-feira;14:00:00;PI;343;0,6;TERESINA;Carga excessiva e/ou mal acondicionada;Colis�o com objeto;Com V�timas Feridas;Pleno dia;Crescente;C�u Claro;Simples;"Reta;Declive";Sim;2;0;1;0;1;0;1;2;-5,07904;-42,75262;SPRF-PI;DEL01-PI;UOP01-DEL01-PI;;;