id;data_inversa;dia_semana;horario;uf;br;km;municipio;causa_acidente;tipo_acidente;classificacao_acidente;fase_dia;sentido_via;condicao_metereologica;tipo_pista;tracado_via;uso_solo;pessoas;mortos;feridos_leves;feridos_graves;ilesos;ignorados;feridos;veiculos;latitude;longitude;regional;delegacia;uop;;;
698732;17/06/2025;ter�a-feira;14:25:00;SC;101;133,5;BALNEARIO CAMBORIU;Rea��o tardia ou ineficiente do condutor;Colis�o com objeto;Com V�timas Feridas;Pleno dia;Crescente;C�u Claro;M�ltipla;Reta;Sim;1;0;1;0;0;0;1;1;-27,000634;-48,641553;SPRF-SC;DEL04-SC;UOP03-DEL04-SC;;;
698733;17/06/2025;ter�a-feira;13:50:00;RJ;116;131;MAGE;Rea��o tardia ou ineficiente do condutor;Queda de ocupante de ve�culo;Com V�timas Feridas;Pleno dia;Crescente;Sol;Simples;Viaduto;N�o;1;0;1;0;0;0;1;1;-22,65706705;-43,12665121;SPRF-RJ;DEL04-RJ;UOP02-DEL04-RJ;;;
698734;05/03/2025;quarta-feira;09:00:00;PR;476;115;COLOMBO;Convers�o proibida;Queda de ocupante de ve�culo;Com V�timas Feridas;Pleno dia;Decrescente;Nublado;Dupla;Reta;Sim;1;0;1;0;0;0;1;1;-25,345494;-49,160572;SPRF-PR;DEL01-PR;UOP01-DEL01-PR;;;
698735;17/06/2025;ter�a-feira;11:10:00;MT;163;535,2;DIAMANTINO;Velocidade Incompat�vel;Colis�o traseira;Com V�timas Feridas;Pleno dia;Decrescente;C�u Claro;Dupla;"Reta;Em Obras";N�o;3;0;1;1;1;0;2;2;-14,339582;-56,147458;SPRF-MT;DEL01-MT;UOP01-DEL01-MT;;;
698736;17/06/2025;ter�a-feira;11:50:00;MT;163;548,2;DIAMANTINO;Mal s�bito do condutor;Sa�da de leito carro��vel;Com V�timas Feridas;Pleno dia;Crescente;Sol;Dupla;Reta;N�o;2;0;2;0;0;0;2;1;-14,22869414;-56,10563278;SPRF-MT;DEL01-MT;UOP01-DEL01-MT;;;
698739;17/06/2025;ter�a-feira;12:45:00;BA;101;811,6;ITAMARAJU;Rea��o tardia ou ineficiente do condutor;Colis�o transversal;Com V�timas Feridas;Pleno dia;Decrescente;C�u Claro;Simples;Reta;Sim;2;0;0;1;1;0;1;2;-17,050018;-39,549502;SPRF-BA;DEL09-BA;UOP01-DEL09-BA;;;
698740;17/06/2025;ter�a-feira;14:51:00;MG;50;172;UBERABA;Velocidade Incompat�vel;Tombamento;Com V�timas Feridas;Pleno dia;Crescente;C�u Claro;Dupla;Viaduto;Sim;1;0;1;0;0;0;1;1;-19,75479;-47,983978;SPRF-MG;DEL13-MG;UOP01-DEL13-MG;;;
698741;09/06/2025;segunda-feira;18:50:00;PR;376;620;SAO JOSE DOS PINHAIS;Acessar a via sem observar a presen�a dos outros ve�culos;Colis�o frontal;Com V�timas Feridas;Plena Noite;Crescente;Nublado;Simples;Reta;N�o;2;0;0;1;1;0;1;2;-25,61691234;-49,16961042;SPRF-PR;DEL01-PR;UOP04-DEL01-PR;;;
698745;17/06/2025;ter�a-feira;13:20:00;PE;232;86;CAMARAGIBE;Acumulo de �gua sobre o pavimento;Sa�da de leito carro��vel;Com V�timas Feridas;Pleno dia;Crescente;Chuva;Dupla;Reta;N�o;5;0;5;0;0;0;5;1;-8;-35;SPRF-PE;DEL02-PE;UOP02-DEL02PE;;;
698747;17/06/2025;ter�a-feira;14:40:00;RJ;116;317;ITATIAIA;Aus�ncia de rea��o do condutor;Colis�o com objeto;Sem V�timas;Pleno dia;Crescente;Sol;Simples;Curva;Sim;1;0;0;0;1;0;0;1;-22,46714063;-44,49876873;SPRF-RJ;DEL07-RJ;UOP02-DEL07-RJ;;;
698751;17/06/2025;ter�a-feira;16:20:00;GO;414;225;NIQUELANDIA;Velocidade Incompat�vel;Sa�da de leito carro��vel;Com V�timas Feridas;Pleno dia;Crescente;C�u Claro;Simples;Curva;N�o;1;0;1;0;0;0;1;1;-14,615087;-48,59146;SPRF-GO;DEL07-GO;UOP02-DEL07-GO;;;
698752;17/06/2025;ter�a-feira;15:10:00;RJ;101;490;ANGRA DOS REIS;Condutor Dormindo;Colis�o lateral sentido oposto;Com V�timas Feridas;Pleno dia;Decrescente;C�u Claro;Simples;Curva;N�o;3;0;1;0;2;0;1;2;-22,95628117;-44,30940938;SPRF-RJ;DEL03-RJ;UOP03-DEL03-RJ;;;
698753;17/06/2025;ter�a-feira;15:30:00;BA;324;516;FEIRA DE SANTANA;Pedestre cruzava a pista fora da faixa;Atropelamento de Pedestre;Com V�timas Feridas;Pleno dia;Decrescente;Chuva;Simples;Reta;Sim;2;0;1;0;1;0;1;2;-12,25628;-38,932132;SPRF-BA;DEL02-BA;UOP01-DEL02-BA;;;
698754;17/06/2025;ter�a-feira;15:09:00;RS;101;56;MAQUINE;Condutor Dormindo;Sa�da de leito carro��vel;Com V�timas Feridas;Pleno dia;Decrescente;Chuva;Dupla;Reta;N�o;1;0;1;0;0;0;1;1;-29,65398734;-50,12294912;SPRF-RS;DEL03-RS;UOP02-DEL03-RS;;;
698755;17/06/2025;ter�a-feira;14:30:00;RJ;101;420;MANGARATIBA;Acessar a via sem observar a presen�a dos outros ve�culos;Colis�o com objeto;Com V�timas Feridas;Pleno dia;Decrescente;C�u Claro;Dupla;Curva;N�o;3;0;1;0;2;0;1;1;-22,91597721;-43,93323094;SPRF-RJ;DEL03-RJ;UOP02-DEL03-RJ;;;
698758;17/06/2025;ter�a-feira;16:37:00;RJ;116;176;SAO JOAO DE MERITI;Condutor deixou de manter dist�ncia do ve�culo da frente;Colis�o traseira;Sem V�timas;Pleno dia;Decrescente;Sol;M�ltipla;Reta;Sim;4;0;0;0;4;0;0;3;-22,78631079;-43,3781527;SPRF-RJ;DEL06-RJ;UOP01-DEL06-RJ;;;
698760;17/06/2025;ter�a-feira;16:25:00;GO;153;511;APARECIDA DE GOIANIA;Manobra de mudan�a de faixa;Colis�o lateral mesmo sentido;Com V�timas Feridas;Pleno dia;Decrescente;C�u Claro;Simples;Reta;Sim;2;0;1;0;1;0;1;2;-16,796247;-49,238117;SPRF-GO;DEL01-GO;UOP03-DEL01-GO;;;
698762;17/06/2025;ter�a-feira;15:00:00;RO;364;422;JARU;Acessar a via sem observar a presen�a dos outros ve�culos;Colis�o transversal;Com V�timas Feridas;Pleno dia;Decrescente;C�u Claro;Dupla;"Retorno Regulamentado;Reta";Sim;2;0;1;0;1;0;1;2;-10,44296688;-62,46705508;SPRF-RO;DEL03-RO;UOP02-DEL03-RO;;;
698765;17/06/2025;ter�a-feira;16:40:00;RS;472;569;URUGUAIANA;Pista Escorregadia;Sa�da de leito carro��vel;Com V�timas Feridas;Pleno dia;Crescente;Garoa/Chuvisco;Simples;Reta;N�o;3;0;2;0;1;0;2;1;-29,7537604;-56,9948492;SPRF-RS;DEL13-RS;UOP01-DEL13-RS;;;
698766;17/06/2025;ter�a-feira;08:10:00;PR;277;83;CURITIBA;Rea��o tardia ou ineficiente do condutor;Tombamento;Com V�timas Feridas;Pleno dia;Crescente;C�u Claro;Dupla;Reta;Sim;1;0;1;0;0;0;1;1;-25,44658613;-49,23144691;SPRF-PR;DEL01-PR;UOP03-DEL01-PR;;;
698768;17/06/2025;ter�a-feira;17:20:00;BA;324;623,9;SALVADOR;Condutor deixou de manter dist�ncia do ve�culo da frente;Colis�o traseira;Com V�timas Feridas;Anoitecer;Crescente;Nublado;Dupla;Reta;Sim;2;0;1;0;1;0;1;2;-12,944663;-38,470318;SPRF-BA;DEL01-BA;UOP01-DEL01-BA;;;
698769;17/06/2025;ter�a-feira;17:00:00;RS;290;89;PORTO ALEGRE;Rea��o tardia ou ineficiente do condutor;Colis�o lateral mesmo sentido;Sem V�timas;Anoitecer;Decrescente;Chuva;M�ltipla;Reta;N�o;2;0;0;0;2;0;0;2;-29,96820787;-51,15328009;SPRF-RS;DEL01-RS;UOP01-DEL01-RS;;;
698771;17/06/2025;ter�a-feira;17:20:00;SP;116;117;TAUBATE;Manobra de mudan�a de faixa;Colis�o traseira;Com V�timas Feridas;Plena Noite;Decrescente;C�u Claro;Dupla;Reta;N�o;2;0;1;0;1;0;1;2;-23,05995971;-45,62134975;SPRF-SP;DEL02-SP;UOP02-DEL02-SP;;;
698772;17/06/2025;ter�a-feira;17:35:00;PB;101;84;BAYEUX;Aus�ncia de rea��o do condutor;Tombamento;Com V�timas Feridas;Plena Noite;Decrescente;Chuva;Dupla;Reta;Sim;2;0;1;0;0;1;1;2;-7,141;-34,922;SPRF-PB;DEL01-PB;UOP01-DEL01-PB;;;
698773;17/06/2025;ter�a-feira;14:50:00;SC;101;279;IMBITUBA;Rea��o tardia ou ineficiente do condutor;Sa�da de leito carro��vel;Com V�timas Feridas;Pleno dia;Decrescente;C�u Claro;M�ltipla;Reta;Sim;2;0;0;2;0;0;2;1;-28,18703952;-48,69687081;SPRF-SC;DEL02-SC;UOP03-DEL02-SC;;;
698774;17/06/2025;ter�a-feira;17:30:00;ES;101;135,8;LINHARES;Acessar a via sem observar a presen�a dos outros ve�culos;Colis�o frontal;Com V�timas Feridas;Anoitecer;Crescente;C�u Claro;Simples;Interse��o de Vias;Sim;3;0;1;0;2;0;1;2;-19,23258;-40,14583;SPRF-ES;DEL04-ES;UOP01-DEL04-ES;;;
698775;17/06/2025;ter�a-feira;18:00:00;SC;470;53,1;BLUMENAU;Acessar a via sem observar a presen�a dos outros ve�culos;Colis�o transversal;Com V�timas Feridas;Plena Noite;Crescente;Ignorado;Dupla;"Reta;Interse��o de Vias";Sim;3;0;1;0;2;0;1;2;-26,868756;-49,105064;SPRF-SC;DEL04-SC;UOP01-DEL04-SC;;;
698776;17/06/2025;ter�a-feira;16:40:00;PB;104;114,2;LAGOA SECA;Pedestre - Ingest�o de �lcool/ subst�ncias psicoativas;Atropelamento de Pedestre;Com V�timas Feridas;Pleno dia;Crescente;Nublado;Simples;Reta;Sim;2;0;1;1;0;0;2;2;-7,1605425;-35,85673481;SPRF-PB;DEL02-PB;UOP04-DEL02-PB;;;
698778;17/06/2025;ter�a-feira;18:00:00;PR;369;144;LONDRINA;Manobra de mudan�a de faixa;Colis�o transversal;Com V�timas Feridas;Anoitecer;Crescente;C�u Claro;Simples;Reta;Sim;2;0;1;0;0;1;1;2;-23,29287755;-51,09752939;SPRF-PR;DEL07-PR;UOP01-DEL07-PR;;;
698779;17/06/2025;ter�a-feira;17:39:00;RN;110;52;MOSSORO;Rea��o tardia ou ineficiente do condutor;Tombamento;Com V�timas Feridas;Plena Noite;Decrescente;C�u Claro;Simples;Reta;Sim;3;0;1;1;1;0;2;3;-5,238396;-37,331826;SPRF-RN;DEL04-RN;UOP01-DEL04-RN;;;
698781;17/06/2025;ter�a-feira;18:15:00;SC;101;210,7;SAO JOSE;Manobra de mudan�a de faixa;Colis�o lateral mesmo sentido;Com V�timas Feridas;Plena Noite;Crescente;C�u Claro;Dupla;Reta;N�o;2;0;1;0;1;0;1;2;-27,62014614;-48,64853382;SPRF-SC;DEL01-SC;UOP01-DEL01-SC;;;
698782;17/06/2025;ter�a-feira;10:30:00;RJ;40;18;TRES RIOS;Condutor usando celular;Queda de ocupante de ve�culo;Com V�timas Feridas;Pleno dia;Crescente;C�u Claro;Simples;Reta;N�o;1;0;0;1;0;0;1;1;-22,09808622;-43,17249298;SPRF-RJ;DEL05-RJ;UOP02-DEL05-RJ;;;
698783;17/06/2025;ter�a-feira;17:30:00;PE;101;44;IGARASSU;Ilumina��o deficiente;Colis�o lateral mesmo sentido;Com V�timas Feridas;Plena Noite;Crescente;Nublado;M�ltipla;Reta;Sim;2;0;0;1;1;0;1;2;-7,85862589;-34,90824985;SPRF-PE;DEL01-PE;UOP02-DEL01-PE;;;
698784;17/06/2025;ter�a-feira;18:33:00;ES;101;166,1;LINHARES;Transitar na contram�o;Colis�o frontal;Com V�timas Feridas;Plena Noite;Decrescente;C�u Claro;Dupla;Reta;Sim;3;0;1;2;0;0;3;2;-19,52196492;-40,14682116;SPRF-ES;DEL04-ES;UOP01-DEL04-ES;;;
698785;17/06/2025;ter�a-feira;17:10:00;MA;135;13;SAO LUIS;Rea��o tardia ou ineficiente do condutor;Colis�o traseira;Com V�timas Feridas;Anoitecer;Decrescente;Garoa/Chuvisco;Dupla;"Retorno Regulamentado;Reta;Declive";Sim;2;0;1;0;1;0;1;2;-2,6778364;-44,29385199;SPRF-MA;DEL01-MA;UOP01-DEL01-MA;;;
698786;17/06/2025;ter�a-feira;18:10:00;MG;116;581;MANHUACU;Transitar na contram�o;Colis�o lateral sentido oposto;Com V�timas Feridas;Plena Noite;Crescente;C�u Claro;Simples;Curva;N�o;2;0;1;0;0;1;1;2;-20,19011509;-42,18454634;SPRF-MG;DEL06-MG;UOP03-DEL06-MG;;;
698787;17/06/2025;ter�a-feira;12:35:00;SC;163;73;GUARACIABA;Aus�ncia de rea��o do condutor;Sa�da de leito carro��vel;Com V�timas Feridas;Pleno dia;Crescente;C�u Claro;Dupla;Reta;Sim;1;0;1;0;0;0;1;1;-26,6380071;-53,5188016;SPRF-SC;DEL07-SC;UOP03-DEL07-SC;;;
698788;02/06/2025;segunda-feira;15:15:00;SC;282;555,7;NOVA ITABERABA;Avarias e/ou desgaste excessivo no pneu;Sa�da de leito carro��vel;Com V�timas Feridas;Pleno dia;Crescente;Chuva;Simples;Reta;N�o;2;0;1;0;1;0;1;1;-26,93571989;-52,7993381;SPRF-SC;DEL07-SC;UOP01-DEL07-SC;;;
698789;17/06/2025;ter�a-feira;18:00:00;PR;369;127,8;JATAIZINHO;Manobra de mudan�a de faixa;Colis�o lateral mesmo sentido;Com V�timas Feridas;Anoitecer;Decrescente;C�u Claro;Dupla;Reta;Sim;3;0;2;0;1;0;2;2;-23,26971314;-50,9674155;SPRF-PR;DEL07-PR;UOP01-DEL07-PR;;;
698791;17/06/2025;ter�a-feira;18:40:00;MG;381;478;CONTAGEM;Manobra de mudan�a de faixa;Colis�o lateral mesmo sentido;Com V�timas Feridas;Anoitecer;Crescente;C�u Claro;Dupla;Reta;Sim;5;0;1;1;2;1;2;4;-19,96274461;-44,04022694;SPRF-MG;DEL01-MG;UOP03-DEL01-MG;;;
698792;17/06/2025;ter�a-feira;18:50:00;SP;116;107;TAUBATE;Rea��o tardia ou ineficiente do condutor;Colis�o traseira;Com V�timas Feridas;Anoitecer;Decrescente;C�u Claro;M�ltipla;Reta;Sim;2;0;1;0;1;0;1;2;-23,02150732;-45,53412425;SPRF-SP;DEL02-SP;UOP02-DEL02-SP;;;
698793;17/06/2025;ter�a-feira;18:50:00;PB;230;10;CABEDELO;Objeto est�tico sobre o leito carro��vel;Colis�o com objeto;Com V�timas Feridas;Plena Noite;Decrescente;Chuva;M�ltipla;"Reta;Em Obras";Sim;1;0;1;0;0;0;1;1;-7,05161782;-34,84983444;SPRF-PB;DEL01-PB;UOP01-DEL01-PB;;;
698794;17/06/2025;ter�a-feira;19:37:00;SP;116;220;GUARULHOS;Trafegar com motocicleta (ou similar) entre as faixas;Colis�o lateral mesmo sentido;Com V�timas Feridas;Plena Noite;Crescente;C�u Claro;M�ltipla;Reta;Sim;4;0;2;0;2;0;2;3;-23,46259493;-46,49297588;SPRF-SP;DEL01-SP;UOP01-DEL01-SP;;;
698795;17/06/2025;ter�a-feira;18:00:00;RJ;101;333;RIO DE JANEIRO;Acessar a via sem observar a presen�a dos outros ve�culos;Colis�o lateral mesmo sentido;Sem V�timas;Plena Noite;Decrescente;C�u Claro;M�ltipla;Reta;N�o;2;0;0;0;1;1;0;2;-22,86826698;-43,19583893;SPRF-RJ;DEL02-RJ;UOP01-DEL02-RJ;;;
698796;17/06/2025;ter�a-feira;18:50:00;RS;116;149;CAXIAS DO SUL;Rea��o tardia ou ineficiente do condutor;Atropelamento de Pedestre;Com V�timas Feridas;Plena Noite;Crescente;Chuva;Dupla;Reta;N�o;2;0;2;0;0;0;2;2;-29,16132279;-51,156758;SPRF-RS;DEL05-RS;UOP01-DEL05-RS;;;
698797;17/06/2025;ter�a-feira;19:00:00;PR;376;594;CURITIBA;Manobra de mudan�a de faixa;Colis�o lateral mesmo sentido;Com V�timas Feridas;Plena Noite;Crescente;C�u Claro;Dupla;Reta;Sim;2;0;1;0;1;0;1;2;-25,46033806;-49,35910916;SPRF-PR;DEL01-PR;UOP06-DEL01-PR;;;
698798;17/06/2025;ter�a-feira;18:20:00;PR;369;209;APUCARANA;Ingest�o de �lcool pelo condutor;Colis�o com objeto;Sem V�timas;Plena Noite;Decrescente;C�u Claro;Simples;"Curva;Viaduto";Sim;1;0;0;0;1;0;0;1;-23,56752739;-51,50912046;SPRF-PR;DEL07-PR;UOP03-DEL07-PR;;;
698799;17/06/2025;ter�a-feira;19:00:00;DF;60;0,3;BRASILIA;Acessar a via sem observar a presen�a dos outros ve�culos;Colis�o transversal;Com V�timas Feridas;Plena Noite;Decrescente;C�u Claro;Dupla;Reta;Sim;2;0;0;2;0;0;2;2;-15,883332;-48,062805;SPRF-DF;DEL03-DF;UOP01-DEL03-DF;;;
698802;17/06/2025;ter�a-feira;19:16:00;RN;226;60;MACAIBA;Rea��o tardia ou ineficiente do condutor;Colis�o traseira;Sem V�timas;Pleno dia;Decrescente;Nublado;Simples;Reta;N�o;2;0;0;0;2;0;0;2;-5,8675623;-35,3709097;SPRF-RN;DEL01-RN;UOP02-DEL01-RN;;;
698803;17/06/2025;ter�a-feira;19:10:00;ES;101;3,7;ICONHA;Velocidade Incompat�vel;Tombamento;Com V�timas Feridas;Plena Noite;Decrescente;Nublado;Dupla;Reta;N�o;1;0;0;1;0;0;1;1;-20,8095;-40,8016;SPRF-ES;DEL03-ES;UOP02-DEL03-ES;;;
698804;17/06/2025;ter�a-feira;18:00:00;PR;277;664;MEDIANEIRA;Aus�ncia de rea��o do condutor;Colis�o traseira;Sem V�timas;Plena Noite;Decrescente;C�u Claro;Dupla;Declive;N�o;3;0;0;0;3;0;0;3;-25,25100168;-54,01268832;SPRF-PR;DEL05-PR;UOP02-DEL05-PR;;;
698805;17/06/2025;ter�a-feira;19:00:00;PR;116;129;FAZENDA RIO GRANDE;Rea��o tardia ou ineficiente do condutor;Colis�o lateral mesmo sentido;Com V�timas Feridas;Plena Noite;Crescente;Nublado;Dupla;Reta;N�o;3;0;1;0;2;0;1;3;-25,66681905;-49,31434125;SPRF-PR;DEL01-PR;UOP03-DEL01-PR;;;
698807;17/06/2025;ter�a-feira;19:15:00;PR;116;128;FAZENDA RIO GRANDE;Rea��o tardia ou ineficiente do condutor;Engavetamento;Com V�timas Feridas;Plena Noite;Crescente;C�u Claro;Dupla;Reta;Sim;3;0;1;0;2;0;1;3;-25,660971;-49,313087;SPRF-PR;DEL01-PR;UOP03-DEL01-PR;;;
698809;17/06/2025;ter�a-feira;20:20:00;MG;40;559;NOVA LIMA;Demais falhas mec�nicas ou el�tricas;Sa�da de leito carro��vel;Com V�timas Feridas;Plena Noite;Crescente;C�u Claro;Dupla;"Reta;Declive";Sim;2;0;2;0;0;0;2;1;-20,122033;-43,966877;SPRF-MG;DEL01-MG;UOP02-DEL01-MG;;;
698810;17/06/2025;ter�a-feira;20:15:00;GO;80;126;BARRO ALTO;Rea��o tardia ou ineficiente do condutor;Colis�o traseira;Com V�timas Feridas;Plena Noite;Decrescente;C�u Claro;Simples;"Aclive;Reta";N�o;2;0;2;0;0;0;2;2;-15,019028;-48,89801;SPRF-GO;DEL07-GO;UOP02-DEL07-GO;;;
698811;17/06/2025;ter�a-feira;20:23:00;RN;101;104;PARNAMIRIM;Acumulo de �gua sobre o pavimento;Queda de ocupante de ve�culo;Com V�timas Feridas;Plena Noite;Decrescente;Chuva;Dupla;Curva;Sim;1;0;1;0;0;0;1;1;-5,89348674;-35,25731564;SPRF-RN;DEL01-RN;UOP01-DEL01-RN;;;
698814;17/06/2025;ter�a-feira;19:35:00;GO;153;389,1;SAO FRANCISCO DE GOIAS;Acessar a via sem observar a presen�a dos outros ve�culos;Colis�o transversal;Com V�timas Feridas;Plena Noite;Crescente;C�u Claro;Simples;Reta;N�o;6;0;4;0;2;0;4;2;-15,95439714;-49,18682098;SPRF-GO;DEL02-GO;UOP02-DEL02-GO;;;
698815;17/06/2025;ter�a-feira;20:40:00;BA;101;83,4;EUNAPOLIS;Convers�o proibida;Colis�o transversal;Com V�timas Feridas;Plena Noite;Decrescente;Chuva;Simples;"Reta;Interse��o de Vias";Sim;4;0;1;1;2;0;2;2;-16,373527;-39,574555;SPRF-BA;DEL01-BA;UOP04-DEL01-BA;;;
698817;17/06/2025;ter�a-feira;20:00:00;RJ;40;109;DUQUE DE CAXIAS;Rea��o tardia ou ineficiente do condutor;Queda de ocupante de ve�culo;Com V�timas Feridas;Plena Noite;Crescente;C�u Claro;Dupla;Reta;N�o;2;0;1;0;1;0;1;1;-22,67540173;-43,28649759;SPRF-RJ;DEL01-RJ;UOP02-DEL01-RJ;;;
698820;17/06/2025;ter�a-feira;17:55:00;SC;280;222;TRES BARRAS;Mal s�bito do condutor;Sa�da de leito carro��vel;Com V�timas Feridas;Anoitecer;Decrescente;C�u Claro;Simples;Reta;N�o;1;0;0;1;0;0;1;1;-26,174951;-50,285474;SPRF-SC;DEL06-SC;UOP04-DEL06-SC;;;
698821;17/06/2025;ter�a-feira;20:40:00;PR;116;95;SAO JOSE DOS PINHAIS;Aus�ncia de rea��o do condutor;Colis�o lateral mesmo sentido;Com V�timas Feridas;Plena Noite;Decrescente;Nublado;Dupla;Reta;N�o;2;0;1;1;0;0;2;2;-25,5265984;-49,1408761;SPRF-PR;DEL01-PR;UOP07-DEL01-PR;;;
698822;17/06/2025;ter�a-feira;19:30:00;RO;319;137;PORTO VELHO;Entrada inopinada do pedestre;Atropelamento de Pedestre;Com V�timas Fatais;Plena Noite;Decrescente;C�u Claro;Simples;Ponte;N�o;2;1;0;0;1;0;0;2;-8,73795544;-63,92347813;SPRF-RO;DEL01-RO;UOP01-DEL01-RO;;;
698823;17/06/2025;ter�a-feira;17:30:00;BA;420;346,3;JAGUAQUARA;Rea��o tardia ou ineficiente do condutor;Colis�o lateral sentido oposto;Com V�timas Feridas;Plena Noite;Crescente;Garoa/Chuvisco;Simples;Curva;N�o;2;0;0;1;1;0;1;2;-13,509053;-40,003956;SPRF-BA;DEL03-BA;UOP01-DEL03-BA;;;
698824;17/06/2025;ter�a-feira;18:30:00;RJ;465;20;NOVA IGUACU;Aus�ncia de rea��o do condutor;Colis�o transversal;Com V�timas Feridas;Anoitecer;Crescente;C�u Claro;Simples;Reta;Sim;3;0;1;0;2;0;1;2;-22,84871194;-43,60379219;SPRF-RJ;DEL06-RJ;UOP02-DEL06-RJ;;;
698825;17/06/2025;ter�a-feira;21:00:00;RN;226;110,5;SANTA CRUZ;Acesso irregular;Colis�o frontal;Com V�timas Feridas;Plena Noite;Crescente;C�u Claro;Simples;Interse��o de Vias;Sim;3;0;1;2;0;0;3;2;-6,23172484;-36,01550013;SPRF-RN;DEL03-RN;UOP02-DEL03-RN;;;
698828;17/06/2025;ter�a-feira;20:40:00;PR;376;498;PONTA GROSSA;Ingest�o de �lcool pelo condutor;Colis�o com objeto;Sem V�timas;Plena Noite;Decrescente;Nublado;Dupla;Viaduto;Sim;1;0;0;0;1;0;0;1;-25,15034;-50,142468;SPRF-PR;DEL03-PR;UOP04-DEL03-PR;;;
698829;17/06/2025;ter�a-feira;03:35:00;RJ;116;186;NOVA IGUACU;Ilumina��o deficiente;Queda de ocupante de ve�culo;Com V�timas Feridas;Plena Noite;Decrescente;Ignorado;Dupla;Reta;N�o;2;0;1;0;0;1;1;1;-22,74460972;-43,51226664;SPRF-RJ;DEL06-RJ;UOP01-DEL06-RJ;;;
698834;17/06/2025;ter�a-feira;23:20:00;RS;285;569;SAO LUIZ GONZAGA;Ingest�o de �lcool pelo condutor;Colis�o transversal;Com V�timas Feridas;Plena Noite;Decrescente;Chuva;Simples;Reta;Sim;2;0;0;1;1;0;1;2;-28,41271863;-54,98266395;SPRF-RS;DEL12-RS;UOP01-DEL12-RS;;;
698835;17/06/2025;ter�a-feira;23:00:00;PR;376;598;CURITIBA;Manobra de mudan�a de faixa;Colis�o traseira;Com V�timas Feridas;Plena Noite;Decrescente;C�u Claro;Dupla;Reta;Sim;4;0;1;0;3;0;1;3;-25,49289127;-49,34387421;SPRF-PR;DEL01-PR;UOP03-DEL01-PR;;;
698837;17/06/2025;ter�a-feira;22:50:00;PR;277;0;CURITIBA;Aus�ncia de rea��o do condutor;Sa�da de leito carro��vel;Com V�timas Feridas;Plena Noite;Decrescente;C�u Claro;Simples;Interse��o de Vias;N�o;1;0;1;0;0;0;1;1;-25,42991815;-49,36719267;SPRF-PR;DEL01-PR;UOP05-DEL01-PR;;;
698838;17/06/2025;ter�a-feira;21:00:00;MS;262;539,9;MIRANDA;Animais na Pista;Atropelamento de Animal;Com V�timas Feridas;Plena Noite;Decrescente;C�u Claro;Simples;Reta;N�o;2;0;0;2;0;0;2;1;-20,3186;-56,22638;SPRF-MS;DEL03-MS;UOP02-DEL03-MS;;;
698840;18/06/2025;quarta-feira;01:00:00;PR;476;188;LAPA;Rea��o tardia ou ineficiente do condutor;Sa�da de leito carro��vel;Sem V�timas;Plena Noite;Decrescente;C�u Claro;Simples;Reta;N�o;1;0;0;0;1;0;0;1;-25,71871315;-49,67407577;SPRF-PR;DEL01-PR;UOP06-DEL01-PR;;;
698841;18/06/2025;quarta-feira;00:10:00;AL;101;141,9;SAO MIGUEL DOS CAMPOS;Demais falhas mec�nicas ou el�tricas;Inc�ndio;Sem V�timas;Plena Noite;Crescente;C�u Claro;Dupla;Reta;N�o;2;0;0;0;2;0;0;1;-9,84033247;-36,13574982;SPRF-AL;DEL02-AL;UOP01-DEL02-AL;;;
698842;18/06/2025;quarta-feira;01:30:00;GO;60;106,8;GOIANAPOLIS;Ingest�o de �lcool pelo condutor;Colis�o com objeto;Com V�timas Feridas;Plena Noite;Decrescente;C�u Claro;Dupla;"Reta;Declive";N�o;1;0;0;1;0;0;1;1;-16,428361;-49,016625;SPRF-GO;DEL02-GO;UOP01-DEL02-GO;;;
698843;17/06/2025;ter�a-feira;23:30:00;RS;386;400;TRIUNFO;Rea��o tardia ou ineficiente do condutor;Sa�da de leito carro��vel;Com V�timas Feridas;Plena Noite;Decrescente;Chuva;Simples;"Declive;Curva";N�o;5;0;0;1;4;0;1;1;-29,75787465;-51,59478083;SPRF-RS;DEL04-RS;UOP02-DEL04-RS;;;
698848;18/06/2025;quarta-feira;04:00:00;PE;232;67,6;GRAVATA;Condutor Dormindo;Sa�da de leito carro��vel;Com V�timas Feridas;Plena Noite;Crescente;Nublado;Dupla;Aclive;N�o;1;0;0;1;0;0;1;1;-8,167628;-35,469773;SPRF-PE;DEL02-PE;UOP02-DEL02PE;;;
698852;18/06/2025;quarta-feira;05:00:00;SP;116;224;GUARULHOS;Aus�ncia de rea��o do condutor;Colis�o com objeto;Com V�timas Feridas;Amanhecer;Crescente;Chuva;M�ltipla;"Reta;Em Obras";Sim;1;0;1;0;0;0;1;1;-23,48286744;-46,53662078;SPRF-SP;DEL01-SP;UOP01-DEL01-SP;;;
698853;18/06/2025;quarta-feira;05:25:00;SP;116;217;GUARULHOS;Rea��o tardia ou ineficiente do condutor;Colis�o traseira;Com V�timas Feridas;Plena Noite;Crescente;Nublado;M�ltipla;"Reta;Desvio Tempor�rio;Em Obras";Sim;2;0;1;0;0;1;1;2;-23,45377309;-46,47039822;SPRF-SP;DEL01-SP;UOP01-DEL01-SP;;;
698854;18/06/2025;quarta-feira;05:10:00;SC;101;401;MARACAJA;Aus�ncia de rea��o do condutor;Colis�o com objeto;Com V�timas Feridas;Plena Noite;Crescente;Ignorado;Dupla;Reta;Sim;2;0;1;1;0;0;2;1;-28,877;-49,458;SPRF-SC;DEL02-SC;UOP02-DEL02-SC;;;