id;data_inversa;dia_semana;horario;uf;br;km;municipio;causa_acidente;tipo_acidente;classificacao_acidente;fase_dia;sentido_via;condicao_metereologica;tipo_pista;tracado_via;uso_solo;pessoas;mortos;feridos_leves;feridos_graves;ilesos;ignorados;feridos;veiculos;latitude;longitude;regional;delegacia;uop;;;
698855;18/06/2025;quarta-feira;06:00:00;MG;40;518,2;RIBEIRAO DAS NEVES;Entrada inopinada do pedestre;Atropelamento de Pedestre;Com V�timas Feridas;Amanhecer;Crescente;C�u Claro;Dupla;Reta;Sim;2;0;2;0;0;0;2;2;-19,83823;-44,0781083;SPRF-MG;DEL01-MG;UOP02-DEL01-MG;;;
698856;18/06/2025;quarta-feira;06:00:00;DF;20;1;BRASILIA;Rea��o tardia ou ineficiente do condutor;Colis�o lateral mesmo sentido;Sem V�timas;Amanhecer;Decrescente;C�u Claro;Dupla;Reta;Sim;6;0;0;0;6;0;0;3;-15,68496;-47,848515;SPRF-DF;DEL02-DF;UOP01-DEL02-DF;;;
698857;18/06/2025;quarta-feira;06:20:00;MG;262;93,4;ABRE CAMPO;Transitar na contram�o;Colis�o frontal;Com V�timas Fatais;Amanhecer;Decrescente;C�u Claro;Simples;Reta;Sim;2;1;0;1;0;0;1;2;-20,3113474;-42,46594459;SPRF-MG;DEL03-MG;UOP03-DEL03-MG;;;
698859;18/06/2025;quarta-feira;06:15:00;MG;262;34;MANHUACU;Desrespeitar a prefer�ncia no cruzamento;Colis�o transversal;Com V�timas Feridas;Pleno dia;Crescente;C�u Claro;Simples;Interse��o de Vias;Sim;2;0;1;0;1;0;1;2;-20,25767428;-42,02509063;SPRF-MG;DEL06-MG;UOP03-DEL06-MG;;;
698860;18/06/2025;quarta-feira;06:30:00;ES;101;268;SERRA;Aus�ncia de rea��o do condutor;Colis�o traseira;Com V�timas Feridas;Pleno dia;Crescente;C�u Claro;M�ltipla;Reta;Sim;2;0;0;1;0;1;1;2;-20,21091801;-40,26978493;SPRF-ES;DEL02-ES;UOP01-DEL02-ES;;;
698861;18/06/2025;quarta-feira;05:20:00;CE;222;40;CAUCAIA;Ultrapassagem Indevida;Colis�o frontal;Com V�timas Feridas;Pleno dia;Decrescente;C�u Claro;Simples;Reta;Sim;2;0;0;1;1;0;1;2;-3,684955;-38,914001;SPRF-CE;DEL01-CE;UOP03-DEL01-CE;;;
698865;17/06/2025;ter�a-feira;21:50:00;MG;381;489;BETIM;Velocidade Incompat�vel;Colis�o traseira;Com V�timas Feridas;Plena Noite;Decrescente;C�u Claro;Dupla;Reta;N�o;4;0;0;1;2;1;1;2;-19,95753704;-44,14993286;SPRF-MG;DEL01-MG;UOP03-DEL01-MG;;;
698866;17/06/2025;ter�a-feira;18:00:00;MG;116;412;GOVERNADOR VALADARES;Acessar a via sem observar a presen�a dos outros ve�culos;Colis�o transversal;Com V�timas Feridas;Plena Noite;Decrescente;C�u Claro;Simples;Interse��o de Vias;N�o;2;0;2;0;0;0;2;2;-18,87702364;-41,96332874;SPRF-MG;DEL06-MG;UOP01-DEL06-MG;;;
698871;05/05/2025;segunda-feira;18:49:00;CE;116;0,1;FORTALEZA;Acessar a via sem observar a presen�a dos outros ve�culos;Atropelamento de Pedestre;Com V�timas Fatais;Plena Noite;Decrescente;C�u Claro;Dupla;Reta;Sim;2;1;0;0;1;0;0;2;-3,7559112;-38,5211116;SPRF-CE;DEL01-CE;UOP02-DEL01-CE;;;
698873;06/06/2025;sexta-feira;18:00:00;RJ;101;295;ITABORAI;Rea��o tardia ou ineficiente do condutor;Colis�o traseira;Sem V�timas;Plena Noite;Decrescente;C�u Claro;Dupla;Curva;Sim;3;0;0;0;2;1;0;3;-22,76666625;-42,90649704;SPRF-RJ;DEL02-RJ;UOP02-DEL02-RJ;;;
698874;17/06/2025;ter�a-feira;08:59:00;RJ;116;273,8;BARRA MANSA;Rea��o tardia ou ineficiente do condutor;Capotamento;Com V�timas Feridas;Pleno dia;Crescente;C�u Claro;Dupla;Curva;N�o;2;0;2;0;0;0;2;1;-22,56195478;-44,14510187;SPRF-RJ;DEL07-RJ;UOP02-DEL07-RJ;;;
698875;18/06/2025;quarta-feira;07:20:00;SC;470;56,3;BLUMENAU;Acessar a via sem observar a presen�a dos outros ve�culos;Colis�o transversal;Com V�timas Feridas;Pleno dia;Decrescente;C�u Claro;Simples;Reta;Sim;3;0;1;1;1;0;2;2;-26,87769746;-49,13043022;SPRF-SC;DEL04-SC;UOP01-DEL04-SC;;;
698876;18/06/2025;quarta-feira;07:38:00;SP;116;139,9;SAO JOSE DOS CAMPOS;Trafegar com motocicleta (ou similar) entre as faixas;Colis�o lateral mesmo sentido;Com V�timas Feridas;Pleno dia;Crescente;C�u Claro;Dupla;Reta;N�o;2;0;1;0;1;0;1;2;-23,164295;-45,809856;SPRF-SP;DEL02-SP;UOP01-DEL02-SP;;;
698878;18/06/2025;quarta-feira;07:15:00;DF;251;22;BRASILIA;Entrada inopinada do pedestre;Atropelamento de Pedestre;Com V�timas Feridas;Pleno dia;Crescente;C�u Claro;Simples;Declive;N�o;3;0;1;1;1;0;2;2;-15,96204;-47,6627;SPRF-DF;DEL01-DF;UOP01-DEL01-DF;;;
698880;18/06/2025;quarta-feira;06:55:00;MG;262;437;NOVA SERRANA;Acessar a via sem observar a presen�a dos outros ve�culos;Colis�o frontal;Com V�timas Feridas;Pleno dia;Decrescente;C�u Claro;M�ltipla;"Curva;Aclive;Interse��o de Vias";N�o;2;0;1;0;1;0;1;2;-19,881961;-44,927979;SPRF-MG;DEL08-MG;UOP03-DEL08-MG;;;
698883;18/06/2025;quarta-feira;08:30:00;MG;381;512;SAO JOAQUIM DE BICAS;Acessar a via sem observar a presen�a dos outros ve�culos;Colis�o lateral sentido oposto;Com V�timas Feridas;Pleno dia;Decrescente;C�u Claro;Dupla;"Reta;Interse��o de Vias";Sim;2;0;1;0;1;0;1;2;-20,05568939;-44,28481579;SPRF-MG;DEL01-MG;UOP03-DEL01-MG;;;
698884;18/06/2025;quarta-feira;07:45:00;SC;282;5;SAO JOSE;Manobra de mudan�a de faixa;Colis�o transversal;Com V�timas Feridas;Pleno dia;Decrescente;C�u Claro;Dupla;Reta;Sim;2;0;1;0;1;0;1;2;-27,58841;-48,61268;SPRF-SC;DEL01-SC;UOP01-DEL01-SC;;;
698885;18/06/2025;quarta-feira;07:30:00;MG;116;276,9;TEOFILO OTONI;Acessar a via sem observar a presen�a dos outros ve�culos;Colis�o lateral mesmo sentido;Com V�timas Feridas;Pleno dia;Crescente;Garoa/Chuvisco;Simples;Reta;Sim;2;0;2;0;0;0;2;2;-17,858813;-41,515172;SPRF-MG;DEL11-MG;UOP01-DEL11-MG;;;
698886;18/06/2025;quarta-feira;07:45:00;MG;262;437,4;NOVA SERRANA;Velocidade Incompat�vel;Colis�o traseira;Com V�timas Feridas;Pleno dia;Decrescente;C�u Claro;Dupla;"Curva;Rotat�ria";N�o;2;0;0;1;1;0;1;2;-19,881933;-44,928424;SPRF-MG;DEL08-MG;UOP03-DEL08-MG;;;
698887;18/06/2025;quarta-feira;07:30:00;RJ;40;111;DUQUE DE CAXIAS;Trafegar com motocicleta (ou similar) entre as faixas;Queda de ocupante de ve�culo;Com V�timas Feridas;Pleno dia;Crescente;C�u Claro;M�ltipla;Reta;Sim;3;0;1;0;2;0;1;3;-22,69252005;-43,28774214;SPRF-RJ;DEL01-RJ;UOP02-DEL01-RJ;;;
698889;18/06/2025;quarta-feira;08:10:00;SP;153;63,7;SAO JOSE DO RIO PRETO;Manobra de mudan�a de faixa;Queda de ocupante de ve�culo;Com V�timas Feridas;Pleno dia;Crescente;Sol;Dupla;Curva;Sim;2;0;2;0;0;0;2;1;-20,82677541;-49,35900874;SPRF-SP;DEL09-SP;UOP01-DEL09-SP;;;
698891;18/06/2025;quarta-feira;07:50:00;PR;116;141;MANDIRITUBA;Aus�ncia de rea��o do condutor;Colis�o lateral mesmo sentido;Com V�timas Feridas;Pleno dia;Crescente;C�u Claro;M�ltipla;Interse��o de Vias;Sim;2;0;0;1;1;0;1;2;-25,77714025;-49,32412561;SPRF-PR;DEL01-PR;UOP03-DEL01-PR;;;
698893;18/06/2025;quarta-feira;08:20:00;BA;101;489;ITAJUIPE;Chuva;Colis�o com objeto;Com V�timas Feridas;Pleno dia;Crescente;Garoa/Chuvisco;Simples;Curva;N�o;4;0;2;2;0;0;4;1;-14,68568101;-39,36438284;SPRF-BA;DEL05-BA;UOP01-DEL05-BA;;;
698899;17/06/2025;ter�a-feira;19:20:00;PR;280;263;MARMELEIRO;Animais na Pista;Sa�da de leito carro��vel;Com V�timas Feridas;Plena Noite;Crescente;C�u Claro;Simples;Reta;N�o;1;0;0;1;0;0;1;1;-26,20172425;-53,09316572;SPRF-PR;DEL02-PR;UOP01-DEL02-PR;;;
698900;18/06/2025;quarta-feira;08:30:00;RJ;493;57;DUQUE DE CAXIAS;Rea��o tardia ou ineficiente do condutor;Tombamento;Com V�timas Feridas;Pleno dia;Decrescente;C�u Claro;Dupla;Reta;N�o;1;0;1;0;0;0;1;1;-22,66594;-43,36945;SPRF-RJ;DEL01-RJ;UOP03-DEL01-RJ;;;
698901;10/05/2025;s�bado;01:30:00;MG;381;481;CONTAGEM;Velocidade Incompat�vel;Capotamento;Com V�timas Feridas;Plena Noite;Crescente;C�u Claro;Dupla;"Reta;Declive";Sim;2;0;1;0;1;0;1;2;-19,95818687;-44,05787124;SPRF-MG;DEL01-MG;UOP03-DEL01-MG;;;
698902;18/06/2025;quarta-feira;07:20:00;RO;364;13;VILHENA;Acessar a via sem observar a presen�a dos outros ve�culos;Colis�o lateral mesmo sentido;Com V�timas Feridas;Pleno dia;Crescente;C�u Claro;Dupla;Rotat�ria;Sim;4;0;2;0;2;0;2;4;-12,74063114;-60,13199008;SPRF-RO;DEL04-RO;UOP01-DEL04-RO;;;
698903;18/06/2025;quarta-feira;10:00:00;DF;251;14;BRASILIA;Acessar a via sem observar a presen�a dos outros ve�culos;Colis�o transversal;Com V�timas Feridas;Pleno dia;Decrescente;C�u Claro;Dupla;"Retorno Regulamentado;Reta";N�o;4;0;2;0;2;0;2;2;-15,93985633;-47,60595415;SPRF-DF;DEL01-DF;UOP01-DEL01-DF;;;
698907;18/06/2025;quarta-feira;09:30:00;GO;153;602,8;MORRINHOS;Rea��o tardia ou ineficiente do condutor;Sa�da de leito carro��vel;Com V�timas Feridas;Pleno dia;Crescente;C�u Claro;Dupla;"Reta;Declive";N�o;2;0;1;0;1;0;1;1;-17,5664665;-49,1996141;SPRF-GO;DEL03-GO;UOP01-DEL03-GO;;;
698908;18/06/2025;quarta-feira;10:30:00;SP;116;135,5;SAO JOSE DOS CAMPOS;Rea��o tardia ou ineficiente do condutor;Colis�o lateral mesmo sentido;Com V�timas Feridas;Pleno dia;Decrescente;C�u Claro;M�ltipla;Reta;Sim;3;0;2;0;1;0;2;2;-23,14217525;-45,76535225;SPRF-SP;DEL02-SP;UOP01-DEL02-SP;;;
698909;18/06/2025;quarta-feira;08:50:00;PB;230;144,5;CAMPINA GRANDE;Animais na Pista;Colis�o traseira;Com V�timas Feridas;Pleno dia;Crescente;Chuva;Dupla;"Declive;Curva";Sim;4;0;2;0;2;0;2;2;-7,252836;-35,838843;SPRF-PB;DEL02-PB;UOP01-DEL02-PB;;;
698912;18/06/2025;quarta-feira;11:00:00;SP;116;228;SAO PAULO;Rea��o tardia ou ineficiente do condutor;Colis�o traseira;Com V�timas Feridas;Pleno dia;Crescente;C�u Claro;M�ltipla;"Em Obras;Reta";Sim;3;0;1;1;1;0;2;2;-23,502569;-46,566044;SPRF-SP;DEL01-SP;UOP01-DEL01-SP;;;
698913;18/06/2025;quarta-feira;10:30:00;MG;116;816,1;ALEM PARAIBA;Acessar a via sem observar a presen�a dos outros ve�culos;Colis�o transversal;Com V�timas Feridas;Pleno dia;Decrescente;C�u Claro;Simples;"Curva;Aclive";Sim;2;0;0;1;1;0;1;2;-21,865533;-42,671455;SPRF-MG;DEL07-MG;UOP01-DEL07-MG;;;
698915;18/06/2025;quarta-feira;11:38:00;TO;153;143;ARAGUAINA;Acessar a via sem observar a presen�a dos outros ve�culos;Colis�o transversal;Com V�timas Feridas;Pleno dia;Crescente;C�u Claro;Dupla;Reta;Sim;3;0;1;0;2;0;1;2;-7,19297603;-48,23517323;SPRF-TO;DEL02-TO;UOP01-DEL02-TO;;;
698916;18/06/2025;quarta-feira;08:43:00;RJ;465;15;SEROPEDICA;Retorno proibido;Colis�o transversal;Com V�timas Feridas;Pleno dia;Decrescente;C�u Claro;Simples;Reta;N�o;3;0;2;0;1;0;2;2;-22,80813719;-43,63415146;SPRF-RJ;DEL06-RJ;UOP02-DEL06-RJ;;;
698917;18/06/2025;quarta-feira;07:29:00;SC;470;66,9;INDAIAL;Rea��o tardia ou ineficiente do condutor;Colis�o com objeto;Com V�timas Feridas;Pleno dia;Decrescente;C�u Claro;Simples;"Declive;Em Obras;Reta";Sim;1;0;0;1;0;0;1;1;-26,8719223;-49,2305415;SPRF-SC;DEL04-SC;UOP01-DEL04-SC;;;
698921;18/06/2025;quarta-feira;11:30:00;MG;381;533;ITAGUARA;Aus�ncia de rea��o do condutor;Colis�o traseira;Com V�timas Feridas;Pleno dia;Crescente;C�u Claro;Dupla;Curva;N�o;3;0;1;0;2;0;1;3;-20,3266105;-44,4561692;SPRF-MG;DEL04-MG;UOP03-DEL04-MG;;;
698922;18/06/2025;quarta-feira;12:00:00;MG;40;800;MATIAS BARBOSA;Objeto est�tico sobre o leito carro��vel;Colis�o com objeto;Com V�timas Feridas;Pleno dia;Decrescente;C�u Claro;Dupla;Aclive;N�o;1;0;1;0;0;0;1;1;-21,82638502;-43,37453842;SPRF-MG;DEL05-MG;UOP01-DEL05-MG;;;
698923;13/06/2025;sexta-feira;23:11:00;PR;369;137;IBIPORA;Manobra de mudan�a de faixa;Colis�o lateral mesmo sentido;Com V�timas Feridas;Plena Noite;Crescente;C�u Claro;Simples;"Reta;Interse��o de Vias";Sim;2;0;1;0;0;1;1;2;-23,27116783;-51,04859289;SPRF-PR;DEL07-PR;UOP01-DEL07-PR;;;
698925;13/05/2025;ter�a-feira;14:50:00;PI;343;3;TERESINA;Condutor deixou de manter dist�ncia do ve�culo da frente;Engavetamento;Sem V�timas;Pleno dia;Crescente;C�u Claro;Dupla;Reta;Sim;4;0;0;0;4;0;0;3;-5,08085358;-42,78021365;SPRF-PI;DEL01-PI;UOP01-DEL01-PI;;;
698926;18/06/2025;quarta-feira;12:30:00;GO;414;440;ANAPOLIS;Manobra de mudan�a de faixa;Colis�o lateral mesmo sentido;Com V�timas Feridas;Pleno dia;Crescente;C�u Claro;Simples;"Viaduto;Rotat�ria";Sim;2;0;1;0;1;0;1;2;-16,2871924;-48,94397056;SPRF-GO;DEL02-GO;UOP01-DEL02-GO;;;
698927;12/05/2025;segunda-feira;08:40:00;RS;290;95;PORTO ALEGRE;Condutor deixou de manter dist�ncia do ve�culo da frente;Colis�o traseira;Com V�timas Feridas;Pleno dia;Crescente;C�u Claro;Dupla;Reta;Sim;2;0;1;0;1;0;1;2;-29,98345729;-51,20215255;SPRF-RS;DEL01-RS;UOP01-DEL01-RS;;;
698928;18/06/2025;quarta-feira;09:30:00;PR;369;370,9;MAMBORE;Acessar a via sem observar a presen�a dos outros ve�culos;Colis�o transversal;Com V�timas Feridas;Pleno dia;Decrescente;C�u Claro;Simples;Curva;N�o;3;0;1;0;2;0;1;2;-24,27322;-52,51225;SPRF-PR;DEL04-PR;UOP03-DEL04-PR;;;
698930;18/06/2025;quarta-feira;11:50:00;PR;369;174,6;ROLANDIA;Aus�ncia de rea��o do condutor;Atropelamento de Pedestre;Com V�timas Feridas;Pleno dia;Crescente;Sol;Simples;"Reta;Interse��o de Vias";Sim;3;0;2;0;0;1;2;2;-23,31937337;-51,38045953;SPRF-PR;DEL07-PR;UOP01-DEL07-PR;;;
698932;31/05/2025;s�bado;09:20:00;PA;316;93;SAO FRANCISCO DO PARA;Aus�ncia de rea��o do condutor;Atropelamento de Pedestre;Com V�timas Feridas;Pleno dia;Decrescente;C�u Claro;Simples;Reta;N�o;2;0;0;1;1;0;1;2;-1,32576644;-47,65714288;SPRF-PA;DEL01-PA;UOP02-DEL01-PA;;;
698933;18/06/2025;quarta-feira;10:30:00;GO;60;410;RIO VERDE;Rea��o tardia ou ineficiente do condutor;Sa�da de leito carro��vel;Com V�timas Feridas;Pleno dia;Decrescente;C�u Claro;Dupla;Reta;N�o;1;0;1;0;0;0;1;1;-17,817537;-51,15534;SPRF-GO;DEL04-GO;UOP02-DEL04-GO;;;
698934;18/06/2025;quarta-feira;13:20:00;SP;381;37;ATIBAIA;Condutor deixou de manter dist�ncia do ve�culo da frente;Queda de ocupante de ve�culo;Com V�timas Feridas;Pleno dia;Crescente;C�u Claro;Dupla;"Reta;Declive";Sim;1;0;1;0;0;0;1;1;-23,10394896;-46,56862155;SPRF-SP;DEL03-SP;UOP01-DEL03-SP;;;
698935;18/06/2025;quarta-feira;10:30:00;RJ;40;117;DUQUE DE CAXIAS;Rea��o tardia ou ineficiente do condutor;Tombamento;Com V�timas Feridas;Pleno dia;Crescente;C�u Claro;M�ltipla;Reta;Sim;1;0;1;0;0;0;1;1;-22,747177;-43,288033;SPRF-RJ;DEL01-RJ;UOP02-DEL01-RJ;;;
698938;18/06/2025;quarta-feira;13:40:00;SP;381;88;GUARULHOS;Demais falhas mec�nicas ou el�tricas;Queda de ocupante de ve�culo;Com V�timas Feridas;Pleno dia;Decrescente;C�u Claro;Dupla;Reta;N�o;2;0;1;1;0;0;2;1;-23,4787348;-46,5600076;SPRF-SP;DEL03-SP;UOP01-DEL03-SP;;;
698939;18/06/2025;quarta-feira;08:25:00;CE;116;11;FORTALEZA;Ingest�o de �lcool pelo condutor;Inc�ndio;Sem V�timas;Pleno dia;Decrescente;Sol;Dupla;Curva;Sim;1;0;0;0;1;0;0;1;-3,849373;-38,495932;SPRF-CE;DEL01-CE;UOP02-DEL01-CE;;;
698940;18/06/2025;quarta-feira;13:30:00;ES;101;29,5;PINHEIROS;Aus�ncia de rea��o do condutor;Colis�o traseira;Com V�timas Feridas;Pleno dia;Crescente;C�u Claro;Simples;"Declive;Reta";N�o;4;0;1;3;0;0;4;1;-18,406237;-39,937727;SPRF-ES;DEL04-ES;UOP02-DEL04-ES;;;
698941;18/06/2025;quarta-feira;13:10:00;SC;101;215,5;PALHOCA;Acessar a via sem observar a presen�a dos outros ve�culos;Colis�o transversal;Com V�timas Feridas;Pleno dia;Decrescente;Nublado;Dupla;Interse��o de Vias;Sim;2;0;0;1;1;0;1;2;-27,656156;-48,678193;SPRF-SC;DEL01-SC;UOP02-DEL01-SC;;;
698942;18/06/2025;quarta-feira;09:45:00;MG;262;366;JUATUBA;Trafegar com motocicleta (ou similar) entre as faixas;Tombamento;Com V�timas Feridas;Pleno dia;Decrescente;C�u Claro;Dupla;"Reta;Aclive";N�o;1;0;1;0;0;0;1;1;-19,97358701;-44,31617325;SPRF-MG;DEL01-MG;UOP03-DEL01-MG;;;
698943;14/01/2025;ter�a-feira;11:20:00;PI;135;297,2;CRISTINO CASTRO;Acesso irregular;Colis�o traseira;Com V�timas Feridas;Pleno dia;Crescente;Nublado;Simples;Reta;N�o;5;0;1;2;1;1;3;3;-8,69779185;-44,08943712;SPRF-PI;DEL03-PI;UOP02-DEL03-PI;;;
698945;18/06/2025;quarta-feira;14:17:00;RN;226;4;NATAL;Chuva;Tombamento;Com V�timas Feridas;Pleno dia;Decrescente;Nublado;Simples;Curva;N�o;1;0;1;0;0;0;1;1;-5,8191434;-35,2627269;SPRF-RN;DEL01-RN;UOP02-DEL01-RN;;;
698946;18/06/2025;quarta-feira;09:15:00;MG;116;391;GOVERNADOR VALADARES;Condutor Dormindo;Sa�da de leito carro��vel;Com V�timas Feridas;Pleno dia;Decrescente;C�u Claro;Simples;Reta;N�o;2;0;2;0;0;0;2;1;-18,9059152;-41,9493979;SPRF-MG;DEL06-MG;UOP01-DEL06-MG;;;
698947;18/06/2025;quarta-feira;10:45:00;BA;116;608;IRAJUBA;Chuva;Sa�da de leito carro��vel;Com V�timas Feridas;Pleno dia;Crescente;Nublado;Simples;Curva;N�o;1;0;1;0;0;0;1;1;-13,30619;-40,02622;SPRF-BA;DEL03-BA;UOP02-DEL03-BA;;;
698949;17/05/2025;s�bado;19:20:00;AP;210;8,9;MACAPA;Rea��o tardia ou ineficiente do condutor;Colis�o frontal;Com V�timas Feridas;Plena Noite;Decrescente;Garoa/Chuvisco;Simples;Curva;N�o;3;0;2;1;0;0;3;2;0,11337315;-51,12708485;SPRF-AP;DEL01-AP;UOP01-DEL01-AP;;;
698951;14/06/2025;s�bado;07:10:00;BA;407;113;JAGUARARI;Acumulo de areia ou detritos sobre o pavimento;Eventos at�picos;Sem V�timas;Pleno dia;Decrescente;C�u Claro;Simples;Reta;N�o;1;0;0;0;1;0;0;1;-10,3557099;-40,16896248;SPRF-BA;DEL04-BA;UOP01-DEL04-BA;;;
698954;15/06/2025;domingo;01:50:00;RJ;101;296;ITABORAI;Transitar na contram�o;Colis�o frontal;Com V�timas Feridas;Plena Noite;Crescente;C�u Claro;Dupla;Reta;Sim;3;0;1;1;1;0;2;2;-22,76806962;-42,91641712;SPRF-RJ;DEL02-RJ;UOP02-DEL02-RJ;;;
698958;18/06/2025;quarta-feira;15:20:00;DF;20;6;BRASILIA;Manobra de mudan�a de faixa;Colis�o traseira;Com V�timas Feridas;Pleno dia;Crescente;C�u Claro;Dupla;Reta;Sim;2;0;1;0;1;0;1;2;-15,6636058;-47,8026868;SPRF-DF;DEL02-DF;UOP01-DEL02-DF;;;
698959;18/06/2025;quarta-feira;14:30:00;PB;230;13;CABEDELO;Acessar a via sem observar a presen�a dos outros ve�culos;Colis�o lateral mesmo sentido;Sem V�timas;Pleno dia;Decrescente;C�u Claro;Dupla;Reta;N�o;2;0;0;0;2;0;0;2;-7,085488;-34,848665;SPRF-PB;DEL01-PB;UOP01-DEL01-PB;;;
698963;18/06/2025;quarta-feira;15:30:00;RJ;101;314;SAO GONCALO;Rea��o tardia ou ineficiente do condutor;Colis�o traseira;Com V�timas Feridas;Pleno dia;Decrescente;C�u Claro;Dupla;Reta;Sim;3;0;1;0;2;0;1;2;-22,8198169;-43,0813019;SPRF-RJ;DEL02-RJ;UOP02-DEL02-RJ;;;
698966;18/06/2025;quarta-feira;16:13:00;MA;135;11;SAO LUIS;Manobra de mudan�a de faixa;Colis�o lateral mesmo sentido;Com V�timas Feridas;Pleno dia;Decrescente;C�u Claro;Dupla;Reta;Sim;2;0;1;0;1;0;1;2;-2,670719;-44,290365;SPRF-MA;DEL01-MA;UOP01-DEL01-MA;;;
698967;18/06/2025;quarta-feira;14:50:00;MG;262;505,7;LUZ;Aus�ncia de rea��o do condutor;Sa�da de leito carro��vel;Com V�timas Feridas;Pleno dia;Decrescente;Sol;Simples;Reta;N�o;1;0;1;0;0;0;1;1;-19,772659;-45,521056;SPRF-MG;DEL08-MG;UOP03-DEL08-MG;;;
698968;18/06/2025;quarta-feira;14:40:00;RN;405;100;ITAU;Condutor deixou de manter dist�ncia do ve�culo da frente;Engavetamento;Com V�timas Feridas;Pleno dia;Crescente;C�u Claro;Simples;Reta;N�o;3;0;1;0;2;0;1;3;-5,797848;-37,929548;SPRF-RN;DEL04-RN;UOP02-DEL04-RN;;;
698969;18/06/2025;quarta-feira;15:30:00;DF;70;4;BRASILIA;Acessar a via sem observar a presen�a dos outros ve�culos;Colis�o transversal;Com V�timas Feridas;Pleno dia;Decrescente;C�u Claro;Simples;"Reta;Declive";N�o;2;0;0;1;1;0;1;2;-15,730281;-48,113726;SPRF-DF;DEL03-DF;UOP02-DEL03-DF;;;
698970;18/06/2025;quarta-feira;17:00:00;RS;158;175,7;PEJUCARA;Rea��o tardia ou ineficiente do condutor;Sa�da de leito carro��vel;Com V�timas Fatais;Anoitecer;Decrescente;Chuva;Simples;Reta;N�o;1;1;0;0;0;0;0;1;-28,47996721;-53,54769453;SPRF-RS;DEL10-RS;UOP02-DEL10-RS;;;
698972;18/06/2025;quarta-feira;11:15:00;PR;277;226,1;TEIXEIRA SOARES;Aus�ncia de rea��o do condutor;Sa�da de leito carro��vel;Com V�timas Feridas;Pleno dia;Decrescente;C�u Claro;Simples;Reta;N�o;1;0;1;0;0;0;1;1;-25,453692;-50,444783;SPRF-PR;DEL08-PR;UOP02-DEL08-PR;;;
698974;18/06/2025;quarta-feira;16:00:00;RS;290;95;PORTO ALEGRE;Chuva;Colis�o com objeto;Com V�timas Feridas;Pleno dia;Decrescente;Chuva;Dupla;"Curva;Declive";N�o;1;0;1;0;0;0;1;1;-29,99913488;-51,20620251;SPRF-RS;DEL01-RS;UOP01-DEL01-RS;;;
698976;18/06/2025;quarta-feira;17:17:00;MS;419;16;DOURADOS;Convers�o proibida;Colis�o frontal;Com V�timas Feridas;Pleno dia;Crescente;Sol;Simples;Reta;N�o;2;0;2;0;0;0;2;2;-22,31037871;-54,5895195;SPRF-MS;DEL06-MS;UOP02-DEL06-MS;;;
698977;18/06/2025;quarta-feira;16:00:00;ES;101;239,9;SERRA;Falta de elemento de conten��o que evite a sa�da do leito carro��vel;Capotamento;Sem V�timas;Pleno dia;Decrescente;C�u Claro;Simples;Reta;N�o;1;0;0;0;0;1;0;1;-20,02819355;-40,39878845;SPRF-ES;DEL02-ES;UOP01-DEL02-ES;;;
698978;18/06/2025;quarta-feira;17:15:00;MG;381;486;BETIM;Aus�ncia de rea��o do condutor;Colis�o traseira;Com V�timas Feridas;Anoitecer;Crescente;C�u Claro;Dupla;"Reta;Aclive";Sim;2;0;1;0;1;0;1;2;-19,95611915;-44,10803461;SPRF-MG;DEL01-MG;UOP03-DEL01-MG;;;
698979;22/05/2025;quinta-feira;10:00:00;RJ;116;175;SAO JOAO DE MERITI;Trafegar com motocicleta (ou similar) entre as faixas;Colis�o lateral mesmo sentido;Com V�timas Feridas;Pleno dia;Decrescente;C�u Claro;M�ltipla;Reta;Sim;4;0;1;0;2;1;1;2;-22,7894744;-43,3728981;SPRF-RJ;DEL06-RJ;UOP01-DEL06-RJ;;;
698980;18/06/2025;quarta-feira;17:30:00;SP;116;108;TAUBATE;Trafegar com motocicleta (ou similar) entre as faixas;Colis�o lateral mesmo sentido;Com V�timas Feridas;Anoitecer;Decrescente;C�u Claro;M�ltipla;Reta;Sim;2;0;1;0;1;0;1;2;-23,01890289;-45,53132093;SPRF-SP;DEL02-SP;UOP02-DEL02-SP;;;
698981;18/06/2025;quarta-feira;17:50:00;RJ;101;199;CASIMIRO DE ABREU;Entrada inopinada do pedestre;Atropelamento de Pedestre;Com V�timas Fatais;Plena Noite;Decrescente;C�u Claro;Dupla;Curva;N�o;4;1;1;1;0;1;2;2;-22,4896266;-42,1340308;SPRF-RJ;DEL08-RJ;UOP04-DEL08-RJ;;;
698982;18/06/2025;quarta-feira;17:05:00;PR;376;2;MANDAGUARI;Acessar a via sem observar a presen�a dos outros ve�culos;Colis�o transversal;Com V�timas Feridas;Pleno dia;Decrescente;C�u Claro;Simples;Reta;Sim;3;0;2;0;1;0;2;2;-23,51394118;-51,70114517;SPRF-PR;DEL09-PR;UOP01-DEL09-PR;;;
698983;18/06/2025;quarta-feira;18:00:00;ES;101;259;SERRA;Aus�ncia de rea��o do condutor;Tombamento;Com V�timas Feridas;Plena Noite;Decrescente;C�u Claro;Simples;Reta;N�o;1;0;1;0;0;0;1;1;-20,13230003;-40,29399557;SPRF-ES;DEL02-ES;UOP01-DEL02-ES;;;