id;data_inversa;dia_semana;horario;uf;br;km;municipio;causa_acidente;tipo_acidente;classificacao_acidente;fase_dia;sentido_via;condicao_metereologica;tipo_pista;tracado_via;uso_solo;pessoas;mortos;feridos_leves;feridos_graves;ilesos;ignorados;feridos;veiculos;latitude;longitude;regional;delegacia;uop;;;
698985;18/06/2025;quarta-feira;17:30:00;SP;116;282,8;ITAPECERICA DA SERRA;Velocidade Incompat�vel;Queda de ocupante de ve�culo;Com V�timas Feridas;Plena Noite;Decrescente;C�u Claro;Dupla;Reta;Sim;2;0;1;0;1;0;1;2;-23,7002977;-46,8689851;SPRF-SP;DEL04-SP;UOP01-DEL04-SP;;;
698986;18/06/2025;quarta-feira;18:15:00;PR;277;722;FOZ DO IGUACU;Desrespeitar a prefer�ncia no cruzamento;Colis�o transversal;Com V�timas Feridas;Plena Noite;Crescente;C�u Claro;Dupla;"Reta;Retorno Regulamentado";Sim;4;0;2;0;2;0;2;3;-25,49379796;-54,51828003;SPRF-PR;DEL05-PR;UOP03-DEL05-PR;;;
698987;18/06/2025;quarta-feira;18:05:00;SC;280;231,7;CANOINHAS;Acessar a via sem observar a presen�a dos outros ve�culos;Colis�o transversal;Com V�timas Feridas;Anoitecer;Decrescente;C�u Claro;Dupla;"Reta;Interse��o de Vias";Sim;3;0;1;0;1;1;1;3;-26,18995987;-50,3785579;SPRF-SC;DEL06-SC;UOP04-DEL06-SC;;;
698988;25/05/2025;domingo;08:00:00;PE;232;137;CARUARU;Acumulo de �gua sobre o pavimento;Tombamento;Com V�timas Feridas;Pleno dia;Crescente;Chuva;Simples;Reta;N�o;1;0;1;0;0;0;1;1;-8,316127;-36,05114;SPRF-PE;DEL02-PE;UOP01-DEL02-PE;;;
698989;18/06/2025;quarta-feira;18:15:00;GO;60;92;ANAPOLIS;Rea��o tardia ou ineficiente do condutor;Tombamento;Com V�timas Feridas;Plena Noite;Decrescente;C�u Claro;Dupla;Reta;Sim;1;0;1;0;0;0;1;1;-16,347622;-48,907803;SPRF-GO;DEL02-GO;UOP01-DEL02-GO;;;
698990;18/06/2025;quarta-feira;17:45:00;MA;135;7;SAO LUIS;Aus�ncia de rea��o do condutor;Colis�o transversal;Com V�timas Feridas;Pleno dia;Crescente;C�u Claro;Dupla;"Reta;Interse��o de Vias;Retorno Regulamentado";Sim;5;0;0;1;4;0;1;2;-2,64196183;-44,27284241;SPRF-MA;DEL01-MA;UOP01-DEL01-MA;;;
698992;18/06/2025;quarta-feira;15:30:00;PR;376;330;ORTIGUEIRA;Condutor deixou de manter dist�ncia do ve�culo da frente;Colis�o traseira;Com V�timas Feridas;Pleno dia;Crescente;C�u Claro;Dupla;Reta;N�o;5;0;0;1;2;2;1;3;-24,09092823;-51,04857445;SPRF-PR;DEL07-PR;UOP02-DEL07-PR;;;
698995;18/06/2025;quarta-feira;18:20:00;RJ;101;404;ITAGUAI;Objeto est�tico sobre o leito carro��vel;Queda de ocupante de ve�culo;Com V�timas Feridas;Plena Noite;Decrescente;C�u Claro;Dupla;Reta;Sim;1;0;1;0;0;0;1;1;-22,86264305;-43,79515399;SPRF-RJ;DEL03-RJ;UOP01-DEL03-RJ;;;
698996;18/06/2025;quarta-feira;19:00:00;PB;101;86,5;JOAO PESSOA;Condutor deixou de manter dist�ncia do ve�culo da frente;Colis�o traseira;Com V�timas Feridas;Plena Noite;Crescente;Chuva;Dupla;"Reta;Interse��o de Vias";Sim;3;0;1;0;2;0;1;2;-7,15537255;-34,90746489;SPRF-PB;DEL01-PB;UOP01-DEL01-PB;;;
698998;18/06/2025;quarta-feira;19:00:00;MG;381;869,1;POUSO ALEGRE;Acessar a via sem observar a presen�a dos outros ve�culos;Colis�o traseira;Com V�timas Feridas;Plena Noite;Decrescente;C�u Claro;Dupla;"Reta;Declive";N�o;3;0;1;1;1;0;2;2;-22,3973323;-45,9598516;SPRF-MG;DEL16-MG;UOP01-DEL16-MG;;;
698999;18/06/2025;quarta-feira;18:15:00;PI;343;10;PARNAIBA;Acessar a via sem observar a presen�a dos outros ve�culos;Colis�o transversal;Com V�timas Feridas;Plena Noite;Crescente;Nublado;Simples;Reta;Sim;3;0;2;0;1;0;2;2;-2,91804684;-41,77205086;SPRF-PI;DEL05-PI;UOP01-DEL05-PI;;;
699000;18/06/2025;quarta-feira;19:20:00;PB;101;85;BAYEUX;Condutor deixou de manter dist�ncia do ve�culo da frente;Tombamento;Com V�timas Feridas;Anoitecer;Decrescente;Chuva;M�ltipla;Reta;Sim;1;0;1;0;0;0;1;1;-7,1479823;-34,9158428;SPRF-PB;DEL01-PB;UOP01-DEL01-PB;;;
699001;18/06/2025;quarta-feira;19:10:00;SC;101;131;CAMBORIU;Aus�ncia de sinaliza��o;Colis�o transversal;Com V�timas Feridas;Plena Noite;Crescente;C�u Claro;Simples;"Reta;Interse��o de Vias";Sim;2;0;0;1;1;0;1;2;-26,99529792;-48,65846721;SPRF-SC;DEL04-SC;UOP03-DEL04-SC;;;
699002;18/06/2025;quarta-feira;17:30:00;SC;101;141;BALNEARIO CAMBORIU;Rea��o tardia ou ineficiente do condutor;Tombamento;Sem V�timas;Pleno dia;Crescente;C�u Claro;Dupla;"Reta;T�nel";N�o;1;0;0;0;1;0;0;1;-27,05389416;-48,59838573;SPRF-SC;DEL04-SC;UOP03-DEL04-SC;;;
699003;18/06/2025;quarta-feira;19:15:00;SC;101;206,8;SAO JOSE;Condutor deixou de manter dist�ncia do ve�culo da frente;Colis�o traseira;Com V�timas Feridas;Plena Noite;Decrescente;Nublado;M�ltipla;Reta;Sim;2;0;1;0;0;1;1;2;-27,59007038;-48,61825436;SPRF-SC;DEL01-SC;UOP01-DEL01-SC;;;
699004;18/06/2025;quarta-feira;19:00:00;PR;277;81;CURITIBA;Acessar a via sem observar a presen�a dos outros ve�culos;Tombamento;Com V�timas Feridas;Plena Noite;Decrescente;Nublado;Dupla;Reta;Sim;3;0;2;0;0;1;2;2;-25,461964;-49,219038;SPRF-PR;DEL01-PR;UOP07-DEL01-PR;;;
699007;18/06/2025;quarta-feira;17:15:00;PR;277;119,5;CAMPO LARGO;Aus�ncia de rea��o do condutor;Atropelamento de Pedestre;Com V�timas Feridas;Anoitecer;Crescente;C�u Claro;Dupla;"Reta;Aclive";N�o;2;0;2;0;0;0;2;2;-25,44708423;-49,47659536;SPRF-PR;DEL03-PR;UOP03-DEL03-PR;;;
699008;18/06/2025;quarta-feira;19:18:00;PR;116;126;FAZENDA RIO GRANDE;Manobra de mudan�a de faixa;Colis�o lateral sentido oposto;Com V�timas Feridas;Plena Noite;Decrescente;C�u Claro;M�ltipla;"Reta;Interse��o de Vias";Sim;2;0;1;0;1;0;1;2;-25,64079566;-49,31302277;SPRF-PR;DEL01-PR;UOP03-DEL01-PR;;;
699009;18/06/2025;quarta-feira;18:45:00;PR;376;347;ORTIGUEIRA;Estacionar ou parar em local proibido;Colis�o traseira;Com V�timas Feridas;Anoitecer;Decrescente;C�u Claro;Simples;Curva;N�o;4;0;2;1;1;0;3;2;-24,187429;-50,960884;SPRF-PR;DEL07-PR;UOP02-DEL07-PR;;;
699010;18/06/2025;quarta-feira;19:15:00;SC;282;1,8;FLORIANOPOLIS;Manobra de mudan�a de faixa;Colis�o lateral mesmo sentido;Com V�timas Feridas;Plena Noite;Crescente;C�u Claro;M�ltipla;Reta;Sim;3;0;2;0;1;0;2;2;-27,603491;-48,586897;SPRF-SC;DEL01-SC;UOP01-DEL01-SC;;;
699011;18/06/2025;quarta-feira;19:30:00;RS;116;151;CAXIAS DO SUL;Aus�ncia de rea��o do condutor;Atropelamento de Pedestre;Com V�timas Feridas;Anoitecer;Crescente;Chuva;Dupla;Reta;Sim;2;0;1;0;1;0;1;2;-29,17713;-51,162098;SPRF-RS;DEL05-RS;UOP01-DEL05-RS;;;
699012;18/06/2025;quarta-feira;19:10:00;PB;230;10;CABEDELO;Rea��o tardia ou ineficiente do condutor;Tombamento;Com V�timas Feridas;Plena Noite;Decrescente;Chuva;Dupla;"Reta;Em Obras";Sim;1;0;1;0;0;0;1;1;-7,0585541;-34,8506137;SPRF-PB;DEL01-PB;UOP01-DEL01-PB;;;
699013;18/06/2025;quarta-feira;19:00:00;SP;116;149;SAO JOSE DOS CAMPOS;Condutor deixou de manter dist�ncia do ve�culo da frente;Colis�o traseira;Com V�timas Feridas;Plena Noite;Decrescente;C�u Claro;Dupla;Reta;Sim;3;0;3;0;0;0;3;2;-23,21453681;-45,89396954;SPRF-SP;DEL02-SP;UOP01-DEL02-SP;;;
699014;18/06/2025;quarta-feira;19:40:00;PR;116;120;CURITIBA;Aus�ncia de rea��o do condutor;Colis�o lateral mesmo sentido;Com V�timas Feridas;Plena Noite;Crescente;C�u Claro;Dupla;Reta;N�o;2;0;1;0;1;0;1;2;-25,58725877;-49,31461684;SPRF-PR;DEL01-PR;UOP03-DEL01-PR;;;
699020;18/06/2025;quarta-feira;17:25:00;CE;116;7;FORTALEZA;Transitar no Acostamento;Colis�o transversal;Com V�timas Feridas;Pleno dia;Crescente;C�u Claro;M�ltipla;Reta;Sim;4;0;2;1;1;0;3;2;-3,813548;-38,5013;SPRF-CE;DEL01-CE;UOP02-DEL01-CE;;;
699022;18/06/2025;quarta-feira;18:30:00;MT;163;840;SINOP;Convers�o proibida;Colis�o lateral sentido oposto;Com V�timas Feridas;Anoitecer;Crescente;C�u Claro;Simples;Reta;N�o;2;0;0;1;1;0;1;2;-11,8134038;-55,48279736;SPRF-MT;DEL06-MT;UOP02-DEL06-MT;;;
699023;18/06/2025;quarta-feira;19:31:00;PB;101;120;CAAPORA;Demais falhas mec�nicas ou el�tricas;Inc�ndio;Sem V�timas;Pleno dia;Decrescente;Chuva;Dupla;Reta;N�o;1;0;0;0;1;0;0;1;-7,435793;-34,973588;SPRF-PB;DEL01-PB;UOP01-DEL01-PB;;;
699025;18/06/2025;quarta-feira;19:00:00;GO;60;208;GUAPO;Demais falhas mec�nicas ou el�tricas;Inc�ndio;Sem V�timas;Anoitecer;Decrescente;C�u Claro;Dupla;Reta;N�o;1;0;0;0;0;1;0;1;-16,934917;-49,669181;SPRF-GO;DEL01-GO;UOP02-DEL01-GO;;;
699026;18/06/2025;quarta-feira;20:30:00;SP;116;225;GUARULHOS;Manobra de mudan�a de faixa;Colis�o traseira;Com V�timas Feridas;Plena Noite;Crescente;Nublado;M�ltipla;"Reta;Em Obras";N�o;2;0;1;0;1;0;1;2;-23,4868644;-46,5430262;SPRF-SP;DEL01-SP;UOP01-DEL01-SP;;;
699028;18/06/2025;quarta-feira;20:10:00;SP;116;228;SAO PAULO;Rea��o tardia ou ineficiente do condutor;Colis�o com objeto;Com V�timas Feridas;Plena Noite;Crescente;C�u Claro;M�ltipla;Reta;Sim;2;0;1;0;1;0;1;1;-23,506431;-46,57046;SPRF-SP;DEL01-SP;UOP01-DEL01-SP;;;
699029;18/06/2025;quarta-feira;20:00:00;MG;116;414,5;GOVERNADOR VALADARES;Desrespeitar a prefer�ncia no cruzamento;Colis�o transversal;Com V�timas Feridas;Pleno dia;Decrescente;Chuva;Simples;Retorno Regulamentado;Sim;2;0;0;1;1;0;1;2;-18,9059152;-41,9493979;SPRF-MG;DEL06-MG;UOP01-DEL06-MG;;;
699031;18/06/2025;quarta-feira;20:39:00;SC;101;331,7;TUBARAO;Desrespeitar a prefer�ncia no cruzamento;Colis�o transversal;Com V�timas Feridas;Plena Noite;Crescente;C�u Claro;Simples;Rotat�ria;Sim;2;0;1;0;1;0;1;2;-28,46599813;-48,99544923;SPRF-SC;DEL02-SC;UOP01-DEL02-SC;;;
699033;18/06/2025;quarta-feira;21:15:00;SC;101;168;TIJUCAS;Demais falhas mec�nicas ou el�tricas;Inc�ndio;Sem V�timas;Plena Noite;Crescente;C�u Claro;Dupla;Reta;N�o;1;0;0;0;1;0;0;1;-27,27699239;-48,63149341;SPRF-SC;DEL04-SC;UOP03-DEL04-SC;;;
699034;18/06/2025;quarta-feira;19:30:00;RR;174;413;IRACEMA;Pista esburacada;Queda de ocupante de ve�culo;Com V�timas Feridas;Plena Noite;Crescente;Garoa/Chuvisco;Simples;Reta;N�o;1;0;0;1;0;0;1;1;2,1834431;-61,0416163;SPRF-RR;DEL01-RR;UOP01-DEL01-RR;;;
699035;18/06/2025;quarta-feira;20:33:00;PR;376;130,9;NOVA ESPERANCA;Transitar na contram�o;Colis�o frontal;Com V�timas Fatais;Plena Noite;Crescente;C�u Claro;Dupla;Reta;N�o;3;1;0;1;0;1;1;3;-23,174298;-52,236355;SPRF-PR;DEL09-PR;UOP02-DEL09-PR;;;
699038;18/06/2025;quarta-feira;16:40:00;MG;381;773,9;CAMPANHA;Pista Escorregadia;Colis�o com objeto;Com V�timas Feridas;Pleno dia;Decrescente;C�u Claro;Dupla;Reta;N�o;1;0;1;0;0;0;1;1;-21,785652;-45,435409;SPRF-MG;DEL16-MG;UOP02-DEL16-MG;;;
699040;18/06/2025;quarta-feira;21:30:00;SC;101;168;TIJUCAS;Ingest�o de �lcool pelo condutor;Colis�o lateral mesmo sentido;Com V�timas Feridas;Plena Noite;Decrescente;C�u Claro;Dupla;Reta;N�o;3;0;3;0;0;0;3;2;-27,27593481;-48,63128185;SPRF-SC;DEL04-SC;UOP03-DEL04-SC;;;
699042;18/06/2025;quarta-feira;18:30:00;MT;163;842;SINOP;Acessar a via sem observar a presen�a dos outros ve�culos;Colis�o traseira;Com V�timas Feridas;Plena Noite;Crescente;C�u Claro;Simples;Reta;Sim;5;0;4;0;1;0;4;2;-11,81290547;-55,48266292;SPRF-MT;DEL06-MT;UOP02-DEL06-MT;;;
699043;18/06/2025;quarta-feira;02:00:00;SP;459;10,2;PIQUETE;Curva acentuada;Sa�da de leito carro��vel;Com V�timas Fatais;Plena Noite;Crescente;Ignorado;Simples;"Curva;Declive";N�o;4;2;1;1;0;0;2;1;-22,59040133;-45,18283082;SPRF-SP;DEL08-SP;UOP02-DEL08-SP;;;
699045;18/06/2025;quarta-feira;20:00:00;PB;230;151,8;CAMPINA GRANDE;Sinaliza��o mal posicionada;Queda de ocupante de ve�culo;Com V�timas Feridas;Plena Noite;Crescente;Garoa/Chuvisco;Simples;Reta;N�o;2;0;2;0;0;0;2;2;-7,268128;-35,886354;SPRF-PB;DEL02-PB;UOP01-DEL02-PB;;;
699049;18/06/2025;quarta-feira;20:34:00;RO;364;608;ITAPUA DO OESTE;Acessar a via sem observar a presen�a dos outros ve�culos;Colis�o transversal;Com V�timas Feridas;Plena Noite;Crescente;C�u Claro;Simples;Reta;N�o;7;0;4;0;2;1;4;2;-9,14827451;-63,23178738;SPRF-RO;DEL01-RO;UOP04-DEL01-RO;;;
699050;18/06/2025;quarta-feira;21:48:00;CE;116;13;FORTALEZA;Velocidade Incompat�vel;Colis�o traseira;Com V�timas Feridas;Plena Noite;Decrescente;C�u Claro;M�ltipla;Reta;N�o;2;0;1;0;1;0;1;2;-3,85780851;-38,49634521;SPRF-CE;DEL01-CE;UOP02-DEL01-CE;;;
699052;18/06/2025;quarta-feira;22:20:00;SE;101;88;NOSSA SENHORA DO SOCORRO;Aus�ncia de rea��o do condutor;Queda de ocupante de ve�culo;Com V�timas Feridas;Plena Noite;Crescente;C�u Claro;Simples;"Declive;Reta";N�o;1;0;0;1;0;0;1;1;-10,87759137;-37,13385042;SPRF-SE;DEL01-SE;UOP01-DEL01-SE;;;
699053;18/06/2025;quarta-feira;21:20:00;SC;116;32,2;ITAIOPOLIS;Rea��o tardia ou ineficiente do condutor;Sa�da de leito carro��vel;Com V�timas Feridas;Plena Noite;Crescente;C�u Claro;Simples;Reta;N�o;3;0;2;1;0;0;3;1;-26,323;-49,981;SPRF-SC;DEL06-SC;UOP01-DEL06-SC;;;
699057;18/06/2025;quarta-feira;09:30:00;MG;381;456;BELO HORIZONTE;Convers�o proibida;Colis�o transversal;Com V�timas Feridas;Plena Noite;Crescente;C�u Claro;Simples;Reta;N�o;3;0;1;2;0;0;3;2;-19,84102777;-43,88520708;SPRF-MG;DEL01-MG;UOP01-DEL01-MG;;;
699058;18/06/2025;quarta-feira;21:40:00;PE;101;83,4;JABOATAO DOS GUARARAPES;Ilumina��o deficiente;Colis�o traseira;Com V�timas Fatais;Plena Noite;Crescente;Chuva;Simples;Reta;Sim;2;1;0;0;1;0;0;2;-8,17699884;-34,94496703;SPRF-PE;DEL01-PE;UOP01-DEL01-PE;;;
699059;18/06/2025;quarta-feira;22:20:00;SC;101;215,8;PALHOCA;Convers�o proibida;Colis�o traseira;Com V�timas Feridas;Plena Noite;Crescente;Nublado;M�ltipla;Interse��o de Vias;Sim;2;0;0;1;1;0;1;2;-27,65856436;-48,67811163;SPRF-SC;DEL01-SC;UOP02-DEL01-SC;;;
699060;18/06/2025;quarta-feira;22:40:00;ES;101;69;SAO MATEUS;Transitar na contram�o;Colis�o frontal;Com V�timas Feridas;Plena Noite;Crescente;C�u Claro;Simples;Reta;N�o;2;0;0;2;0;0;2;2;-18,742992;-39,861523;SPRF-ES;DEL04-ES;UOP02-DEL04-ES;;;
699061;18/06/2025;quarta-feira;20:04:00;RJ;40;115;DUQUE DE CAXIAS;Rea��o tardia ou ineficiente do condutor;Tombamento;Com V�timas Feridas;Plena Noite;Decrescente;Nublado;M�ltipla;Reta;Sim;1;0;1;0;0;0;1;1;-22,72805714;-43,28890085;SPRF-RJ;DEL01-RJ;UOP02-DEL01-RJ;;;
699062;18/06/2025;quarta-feira;18:30:00;SC;116;263,7;CAPAO ALTO;Animais na Pista;Atropelamento de Animal;Com V�timas Feridas;Plena Noite;Decrescente;Nublado;Simples;"Declive;Reta";N�o;1;0;1;0;0;0;1;1;-27,930128;-50,45777;SPRF-SC;DEL05-SC;UOP02-DEL05-SC;;;
699063;18/06/2025;quarta-feira;20:35:00;PR;373;172,1;PONTA GROSSA;Acessar a via sem observar a presen�a dos outros ve�culos;Colis�o lateral mesmo sentido;Sem V�timas;Plena Noite;Decrescente;C�u Claro;Dupla;Reta;Sim;3;0;0;0;3;0;0;2;-25,080832;-50,194136;SPRF-PR;DEL03-PR;UOP01-DEL03-PR;;;
699065;18/06/2025;quarta-feira;23:30:00;BA;324;515;FEIRA DE SANTANA;Ultrapassagem Indevida;Colis�o frontal;Com V�timas Fatais;Plena Noite;Decrescente;C�u Claro;Simples;Reta;Sim;2;1;0;0;1;0;0;2;-12,23822;-38,940637;SPRF-BA;DEL02-BA;UOP01-DEL02-BA;;;
699066;18/06/2025;quarta-feira;23:00:00;DF;70;4;BRASILIA;Aus�ncia de rea��o do condutor;Queda de ocupante de ve�culo;Com V�timas Feridas;Plena Noite;Crescente;C�u Claro;Dupla;Reta;Sim;1;0;1;0;0;0;1;1;-15,79737;-48,09037;SPRF-DF;DEL03-DF;UOP02-DEL03-DF;;;
699067;18/06/2025;quarta-feira;21:30:00;RS;290;181;MINAS DO LEAO;Condutor deixou de manter dist�ncia do ve�culo da frente;Colis�o traseira;Com V�timas Feridas;Plena Noite;Decrescente;Chuva;Simples;Reta;N�o;9;0;8;0;1;0;8;3;-30,140067;-52,0232;SPRF-RS;DEL02-RS;UOP03-DEL02-RS;;;
699068;18/06/2025;quarta-feira;23:30:00;RS;470;154;NOVA PRATA;Ingest�o de �lcool pelo condutor;Colis�o frontal;Com V�timas Feridas;Plena Noite;Crescente;Chuva;Simples;"Declive;Rotat�ria";Sim;3;0;2;1;0;0;3;2;-28,77010993;-51,619418;SPRF-RS;DEL06-RS;UOP02-DEL06-RS;;;
699069;18/06/2025;quarta-feira;23:45:00;GO;153;437;ANAPOLIS;Velocidade Incompat�vel;Sa�da de leito carro��vel;Sem V�timas;Plena Noite;Crescente;C�u Claro;Dupla;"Desvio Tempor�rio;Em Obras;Declive;Curva";Sim;1;0;0;0;0;1;0;1;-16,299;-48,928;SPRF-GO;DEL02-GO;UOP01-DEL02-GO;;;
699070;18/06/2025;quarta-feira;23:00:00;PA;316;28,1;BENEVIDES;Aus�ncia de rea��o do condutor;Colis�o traseira;Com V�timas Feridas;Plena Noite;Crescente;Nublado;Dupla;Reta;N�o;4;0;2;0;2;0;2;2;-1,310399;-48,220872;SPRF-PA;DEL01-PA;UOP01-DEL01-PA;;;
699072;19/06/2025;quinta-feira;00:10:00;MT;70;511;CUIABA;Condutor deixou de manter dist�ncia do ve�culo da frente;Colis�o traseira;Com V�timas Feridas;Plena Noite;Crescente;C�u Claro;Simples;Reta;N�o;2;0;1;0;0;1;1;2;-15,69898898;-56,11201429;SPRF-MT;DEL01-MT;UOP02-DEL01-MT;;;
699073;19/06/2025;quinta-feira;02:18:00;RJ;101;321;NITEROI;Rea��o tardia ou ineficiente do condutor;Queda de ocupante de ve�culo;Com V�timas Feridas;Plena Noite;Decrescente;C�u Claro;M�ltipla;Reta;Sim;1;0;1;0;0;0;1;1;-22,87008766;-43,10990906;SPRF-RJ;DEL02-RJ;UOP01-DEL02-RJ;;;
699074;19/06/2025;quinta-feira;01:05:00;MT;163;756;SORRISO;Velocidade Incompat�vel;Colis�o com objeto;Com V�timas Feridas;Plena Noite;Crescente;C�u Claro;Dupla;"Curva;Retorno Regulamentado";Sim;1;0;0;1;0;0;1;1;-12,52843381;-55,7039237;SPRF-MT;DEL06-MT;UOP01-DEL06-MT;;;
699075;19/06/2025;quinta-feira;02:10:00;RN;101;96;NATAL;Aus�ncia de rea��o do condutor;Colis�o com objeto;Com V�timas Feridas;Plena Noite;Decrescente;Chuva;M�ltipla;Reta;Sim;1;0;1;0;0;0;1;1;-5,8529803;-35,2115734;SPRF-RN;DEL01-RN;UOP01-DEL01-RN;;;
699076;18/06/2025;quarta-feira;20:20:00;MT;174;374;CONQUISTA DOESTE;Objeto est�tico sobre o leito carro��vel;Colis�o com objeto;Com V�timas Feridas;Plena Noite;Crescente;C�u Claro;Simples;Declive;N�o;5;0;5;0;0;0;5;1;-14,5907;-59,5159;SPRF-MT;DEL04-MT;UOP01-DEL04-MT;;;
699077;19/06/2025;quinta-feira;01:20:00;SE;101;93,8;NOSSA SENHORA DO SOCORRO;Velocidade Incompat�vel;Sa�da de leito carro��vel;Com V�timas Feridas;Plena Noite;Crescente;Chuva;Dupla;Curva;Sim;1;0;0;1;0;0;1;1;-10,90469466;-37,14904396;SPRF-SE;DEL01-SE;UOP01-DEL01-SE;;;
699078;19/06/2025;quinta-feira;02:45:00;PI;343;341,4;TERESINA;Aus�ncia de rea��o do condutor;Queda de ocupante de ve�culo;Com V�timas Feridas;Plena Noite;Crescente;C�u Claro;M�ltipla;Rotat�ria;Sim;1;0;1;0;0;0;1;1;-5,0566415;-42,6841323;SPRF-PI;DEL01-PI;UOP01-DEL01-PI;;;
699079;19/06/2025;quinta-feira;01:05:00;MT;70;278;PRIMAVERA DO LESTE;Acesso irregular;Colis�o frontal;Com V�timas Feridas;Plena Noite;Decrescente;C�u Claro;Simples;Reta;Sim;2;0;0;1;1;0;1;2;-15,5588655;-54,28748041;SPRF-MT;DEL05-MT;UOP01-DEL05-MT;;;
699080;19/06/2025;quinta-feira;03:15:00;PR;277;71;SAO JOSE DOS PINHAIS;Condutor Dormindo;Sa�da de leito carro��vel;Sem V�timas;Plena Noite;Crescente;C�u Claro;Dupla;Reta;Sim;1;0;0;0;1;0;0;1;-25,51277928;-49,12504139;SPRF-PR;DEL01-PR;UOP07-DEL01-PR;;;
699081;19/06/2025;quinta-feira;02:00:00;SC;282;629,8;DESCANSO;Ingest�o de �lcool pelo condutor;Colis�o com objeto;Sem V�timas;Plena Noite;Crescente;Chuva;Simples;"Reta;Ponte";N�o;1;0;0;0;1;0;0;1;-26,82153642;-53,38354898;SPRF-SC;DEL07-SC;UOP03-DEL07-SC;;;
699082;19/06/2025;quinta-feira;04:20:00;SC;101;154;PORTO BELO;Velocidade Incompat�vel;Sa�da de leito carro��vel;Sem V�timas;Plena Noite;Crescente;C�u Claro;Dupla;Reta;N�o;1;0;0;0;0;1;0;1;-27,14396805;-48,61068785;SPRF-SC;DEL04-SC;UOP03-DEL04-SC;;;
699085;19/06/2025;quinta-feira;03:40:00;MG;262;802,4;UBERABA;Manobra de mudan�a de faixa;Colis�o com objeto;Sem V�timas;Plena Noite;Decrescente;C�u Claro;Dupla;Reta;Sim;1;0;0;0;1;0;0;1;-19,77163065;-47,91086197;SPRF-MG;DEL13-MG;UOP01-DEL13-MG;;;
699086;19/06/2025;quinta-feira;04:44:00;CE;116;11,1;FORTALEZA;Ingest�o de �lcool pelo condutor;Colis�o traseira;Com V�timas Feridas;Amanhecer;Crescente;C�u Claro;Dupla;Reta;Sim;3;0;1;2;0;0;3;2;-3,84455821;-38,49853992;SPRF-CE;DEL01-CE;UOP02-DEL01-CE;;;
699087;19/06/2025;quinta-feira;04:40:00;TO;153;502;PARAISO DO TOCANTINS;Aus�ncia de rea��o do condutor;Colis�o traseira;Com V�timas Feridas;Plena Noite;Crescente;C�u Claro;Simples;Reta;N�o;2;0;1;0;0;1;1;2;-10,22412944;-48,87564182;SPRF-TO;DEL01-TO;UOP01-DEL01-TO;;;
699088;19/06/2025;quinta-feira;05:00:00;SC;163;69,7;SAO MIGUEL DO OESTE;Velocidade Incompat�vel;Sa�da de leito carro��vel;Com V�timas Feridas;Plena Noite;Decrescente;Chuva;Dupla;"Declive;Reta";Sim;1;0;1;0;0;0;1;1;-26,73627811;-53,50429773;SPRF-SC;DEL07-SC;UOP03-DEL07-SC;;;
699091;19/06/2025;quinta-feira;04:35:00;PI;316;8;TERESINA;Aus�ncia de rea��o do condutor;Colis�o com objeto;Com V�timas Fatais;Amanhecer;Crescente;C�u Claro;Dupla;Reta;N�o;2;1;1;0;0;0;1;1;-5,183912;-42,763372;SPRF-PI;DEL01-PI;UOP02-DEL01-PI;;;
699092;19/06/2025;quinta-feira;05:24:00;PI;316;15,6;TERESINA;Condutor Dormindo;Sa�da de leito carro��vel;Com V�timas Feridas;Amanhecer;Decrescente;C�u Claro;Dupla;Reta;N�o;1;0;1;0;0;0;1;1;-5,23734859;-42,74110079;SPRF-PI;DEL01-PI;UOP02-DEL01-PI;;;
699095;19/06/2025;quinta-feira;04:30:00;PE;407;126;PETROLINA;Estacionar ou parar em local proibido;Colis�o traseira;Sem V�timas;Amanhecer;Crescente;C�u Claro;Dupla;Reta;Sim;4;0;0;0;4;0;0;2;-9,386232;-40,526895;SPRF-PE;DEL06-PE;UOP01-DEL06-PE;;;
699096;19/06/2025;quinta-feira;03:10:00;RR;174;527;BOA VISTA;Ingest�o de �lcool pelo condutor;Colis�o lateral sentido oposto;Sem V�timas;Plena Noite;Decrescente;C�u Claro;Simples;Reta;N�o;2;0;0;0;2;0;0;2;3,097991;-60,819318;SPRF-RR;DEL01-RR;UOP01-DEL01-RR;;;
699097;19/06/2025;quinta-feira;05:20:00;MG;40;520,6;CONTAGEM;Animais na Pista;Tombamento;Com V�timas Feridas;Amanhecer;Crescente;C�u Claro;Dupla;Reta;N�o;1;0;1;0;0;0;1;1;-19,85591153;-44,07269478;SPRF-MG;DEL01-MG;UOP02-DEL01-MG;;;
699098;19/06/2025;quinta-feira;06:15:00;SC;101;197;BIGUACU;Ingest�o de �lcool pelo condutor;Capotamento;Com V�timas Feridas;Amanhecer;Decrescente;Nublado;Simples;Reta;Sim;1;0;1;0;0;0;1;1;-27,51639;-48,639048;SPRF-SC;DEL01-SC;UOP01-DEL01-SC;;;
699100;19/06/2025;quinta-feira;04:00:00;MS;262;693,2;CORUMBA;Aus�ncia de rea��o do condutor;Sa�da de leito carro��vel;Com V�timas Feridas;Plena Noite;Crescente;Nublado;Simples;Reta;N�o;3;0;0;1;2;0;1;1;-19,563664;-57,314422;SPRF-MS;DEL03-MS;UOP03-DEL03-MS;;;