id;data_inversa;dia_semana;horario;uf;br;km;municipio;causa_acidente;tipo_acidente;classificacao_acidente;fase_dia;sentido_via;condicao_metereologica;tipo_pista;tracado_via;uso_solo;pessoas;mortos;feridos_leves;feridos_graves;ilesos;ignorados;feridos;veiculos;latitude;longitude;regional;delegacia;uop;;;
699103;19/06/2025;quinta-feira;05:50:00;SC;282;308;VARGEM;Chuva;Colis�o com objeto;Com V�timas Feridas;Amanhecer;Crescente;Chuva;Simples;Curva;N�o;1;0;0;1;0;0;1;1;-27,49310801;-50,97132079;SPRF-SC;DEL07-SC;UOP06-DEL07-SC;;;
699104;19/06/2025;quinta-feira;07:00:00;SP;116;118;TAUBATE;Condutor deixou de manter dist�ncia do ve�culo da frente;Engavetamento;Com V�timas Feridas;Pleno dia;Decrescente;C�u Claro;M�ltipla;Reta;Sim;4;0;1;0;3;0;1;3;-23,06188543;-45,62484741;SPRF-SP;DEL02-SP;UOP02-DEL02-SP;;;
699105;19/06/2025;quinta-feira;07:00:00;SP;116;228;SAO PAULO;Defici�ncia do Sistema de Ilumina��o/Sinaliza��o;Colis�o com objeto;Com V�timas Feridas;Amanhecer;Crescente;C�u Claro;M�ltipla;"Reta;Aclive;Em Obras";Sim;1;0;1;0;0;0;1;1;-23,506381;-46,570478;SPRF-SP;DEL01-SP;UOP01-DEL01-SP;;;
699106;18/06/2025;quarta-feira;19:50:00;RJ;101;66;CAMPOS DOS GOYTACAZES;Velocidade Incompat�vel;Queda de ocupante de ve�culo;Sem V�timas;Plena Noite;Decrescente;C�u Claro;Simples;Curva;N�o;1;0;0;0;1;0;0;1;-21,83581561;-41,42089218;SPRF-RJ;DEL08-RJ;UOP02-DEL08-RJ;;;
699107;19/06/2025;quinta-feira;06:55:00;SC;101;117;ITAJAI;Rea��o tardia ou ineficiente do condutor;Colis�o traseira;Com V�timas Feridas;Pleno dia;Decrescente;Nublado;M�ltipla;Reta;Sim;2;0;1;0;1;0;1;2;-26,8885454;-48,72196198;SPRF-SC;DEL04-SC;UOP04-DEL04-SC;;;
699108;19/06/2025;quinta-feira;06:30:00;PR;376;269;MARILANDIA DO SUL;Ingest�o de �lcool pelo condutor;Sa�da de leito carro��vel;Com V�timas Feridas;Amanhecer;Decrescente;C�u Claro;Dupla;Reta;N�o;1;0;1;0;0;0;1;1;-23,734185;-51,282788;SPRF-PR;DEL07-PR;UOP02-DEL07-PR;;;
699109;19/06/2025;quinta-feira;07:30:00;PR;376;175;MARINGA;Ingest�o de �lcool pelo condutor;Colis�o lateral mesmo sentido;Com V�timas Feridas;Pleno dia;Crescente;C�u Claro;M�ltipla;Reta;Sim;2;0;1;0;1;0;1;2;-23,4127683;-51,94468975;SPRF-PR;DEL09-PR;UOP01-DEL09-PR;;;
699110;19/06/2025;quinta-feira;06:00:00;MG;365;468,6;PATROCINIO;Ultrapassagem Indevida;Colis�o frontal;Com V�timas Fatais;Amanhecer;Crescente;C�u Claro;Simples;"Declive;Reta";N�o;4;2;2;0;0;0;2;2;-18,90546339;-46,96323819;SPRF-MG;DEL10-MG;UOP01-DEL10-MG;;;
699111;19/06/2025;quinta-feira;07:00:00;PI;316;7;TERESINA;Condutor deixou de manter dist�ncia do ve�culo da frente;Colis�o traseira;Com V�timas Feridas;Pleno dia;Decrescente;C�u Claro;M�ltipla;"Reta;Aclive";Sim;5;0;4;1;0;0;5;2;-5,1540035;-42,7722449;SPRF-PI;DEL01-PI;UOP02-DEL01-PI;;;
699112;19/06/2025;quinta-feira;07:00:00;SC;282;2,5;FLORIANOPOLIS;Rea��o tardia ou ineficiente do condutor;Colis�o lateral mesmo sentido;Sem V�timas;Pleno dia;Crescente;Garoa/Chuvisco;M�ltipla;Reta;Sim;2;0;0;0;2;0;0;2;-27,60292314;-48,59211087;SPRF-SC;DEL01-SC;UOP01-DEL01-SC;;;
699113;19/06/2025;quinta-feira;07:50:00;SP;116;127;CACAPAVA;Rea��o tardia ou ineficiente do condutor;Colis�o traseira;Com V�timas Feridas;Pleno dia;Decrescente;C�u Claro;Dupla;Reta;Sim;3;0;2;0;1;0;2;2;-23,10488485;-45,69497859;SPRF-SP;DEL02-SP;UOP02-DEL02-SP;;;
699115;19/06/2025;quinta-feira;05:10:00;RJ;101;84;CAMPOS DOS GOYTACAZES;Acesso irregular;Colis�o transversal;Com V�timas Feridas;Pleno dia;Decrescente;C�u Claro;Dupla;Reta;N�o;3;0;2;0;1;0;2;2;-21,83582691;-41,4209333;SPRF-RJ;DEL08-RJ;UOP02-DEL08-RJ;;;
699116;21/05/2025;quarta-feira;17:30:00;SC;101;26;JOINVILLE;Aus�ncia de rea��o do condutor;Colis�o lateral mesmo sentido;Sem V�timas;Pleno dia;Decrescente;Chuva;M�ltipla;"Interse��o de Vias;Rotat�ria";N�o;3;0;0;0;3;0;0;2;-26,20319407;-48,91456604;SPRF-SC;DEL03-SC;UOP01-DEL03-SC;;;
699123;19/06/2025;quinta-feira;06:29:00;RO;364;341;JI-PARANA;Acessar a via sem observar a presen�a dos outros ve�culos;Colis�o lateral mesmo sentido;Com V�timas Feridas;Pleno dia;Decrescente;C�u Claro;Simples;Interse��o de Vias;Sim;2;0;1;0;1;0;1;2;-10,89259435;-61,93074401;SPRF-RO;DEL02-RO;UOP01-DEL02-RO;;;
699124;19/06/2025;quinta-feira;08:25:00;ES;101;292;CARIACICA;Acessar a via sem observar a presen�a dos outros ve�culos;Colis�o com objeto;Sem V�timas;Pleno dia;Decrescente;C�u Claro;Simples;Reta;Sim;2;0;0;0;1;1;0;2;-20,30675;-40,395132;SPRF-ES;DEL01-ES;UOP01-DEL01-ES;;;
699125;19/06/2025;quinta-feira;08:10:00;RS;448;22;PORTO ALEGRE;Aus�ncia de rea��o do condutor;Colis�o com objeto;Com V�timas Feridas;Pleno dia;Crescente;Garoa/Chuvisco;Simples;Curva;N�o;1;0;1;0;0;0;1;1;-29,97397024;-51,19869232;SPRF-RS;DEL01-RS;UOP01-DEL01-RS;;;
699126;19/06/2025;quinta-feira;08:30:00;SP;116;115;TAUBATE;Rea��o tardia ou ineficiente do condutor;Tombamento;Com V�timas Feridas;Pleno dia;Decrescente;C�u Claro;M�ltipla;Reta;Sim;1;0;1;0;0;0;1;1;-23,0501182;-45,60072899;SPRF-SP;DEL02-SP;UOP02-DEL02-SP;;;
699127;19/06/2025;quinta-feira;08:15:00;MG;40;530;CONTAGEM;Acessar a via sem observar a presen�a dos outros ve�culos;Colis�o transversal;Com V�timas Feridas;Pleno dia;Crescente;C�u Claro;Dupla;Retorno Regulamentado;Sim;2;0;1;0;1;0;1;2;-19,919497;-44,02628;SPRF-MG;DEL01-MG;UOP02-DEL01-MG;;;
699128;19/06/2025;quinta-feira;08:50:00;MG;381;578,5;ITAGUARA;Rea��o tardia ou ineficiente do condutor;Sa�da de leito carro��vel;Com V�timas Feridas;Pleno dia;Decrescente;C�u Claro;Dupla;Reta;N�o;1;0;1;0;0;0;1;1;-20,4829843;-44,5899868;SPRF-MG;DEL04-MG;UOP01-DEL04-MG;;;
699129;19/06/2025;quinta-feira;08:56:00;TO;153;153;ARAGUAINA;Aus�ncia de rea��o do condutor;Sa�da de leito carro��vel;Com V�timas Feridas;Pleno dia;Crescente;C�u Claro;Simples;Reta;N�o;1;0;1;0;0;0;1;1;-7,251024;-48,256664;SPRF-TO;DEL02-TO;UOP01-DEL02-TO;;;
699130;19/06/2025;quinta-feira;08:15:00;SC;282;49,8;AGUAS MORNAS;Rea��o tardia ou ineficiente do condutor;Sa�da de leito carro��vel;Com V�timas Feridas;Pleno dia;Crescente;Nublado;Simples;"Aclive;Curva";N�o;3;0;1;0;2;0;1;1;-27,7091;-48,9507;SPRF-SC;DEL01-SC;UOP03-DEL01-SC;;;
699131;19/06/2025;quinta-feira;08:30:00;MG;50;19;UBERLANDIA;Manobra de mudan�a de faixa;Colis�o traseira;Com V�timas Feridas;Pleno dia;Crescente;C�u Claro;Dupla;Reta;Sim;2;0;0;1;1;0;1;2;-18,9311;-48,1961;SPRF-MG;DEL15-MG;UOP02-DEL15-MG;;;
699133;19/06/2025;quinta-feira;08:38:00;PE;408;83;SAO LOURENCO DA MATA;Rea��o tardia ou ineficiente do condutor;Sa�da de leito carro��vel;Com V�timas Feridas;Pleno dia;Decrescente;Nublado;Dupla;"Aclive;Curva";N�o;1;0;1;0;0;0;1;1;-7,97256;-35,08372;SPRF-PE;DEL01-PE;UOP01-DEL01-PE;;;
699137;19/06/2025;quinta-feira;09:45:00;BA;324;515;FEIRA DE SANTANA;Pedestre cruzava a pista fora da faixa;Atropelamento de Pedestre;Com V�timas Fatais;Pleno dia;Crescente;C�u Claro;Simples;Reta;Sim;2;1;0;0;1;0;0;2;-12,24151581;-38,93795997;SPRF-BA;DEL02-BA;UOP01-DEL02-BA;;;
699139;19/06/2025;quinta-feira;08:00:00;MA;10;251;IMPERATRIZ;Fuma�a;Inc�ndio;Sem V�timas;Pleno dia;Crescente;C�u Claro;Simples;Reta;N�o;1;0;0;0;1;0;0;1;-5,540132;-47,466227;SPRF-MA;DEL04-MA;UOP01-DEL04-MA;;;
699141;19/06/2025;quinta-feira;09:05:00;RO;364;275,1;CACOAL;Objeto est�tico sobre o leito carro��vel;Sa�da de leito carro��vel;Com V�timas Feridas;Pleno dia;Decrescente;C�u Claro;Simples;Reta;N�o;4;0;1;0;3;0;1;1;-11,388343;-61,760343;SPRF-RO;DEL02-RO;UOP02-DEL02-RO;;;
699142;19/06/2025;quinta-feira;10:20:00;RN;110;48,5;MOSSORO;Condutor deixou de manter dist�ncia do ve�culo da frente;Colis�o traseira;Com V�timas Feridas;Pleno dia;Decrescente;Nublado;Dupla;Reta;Sim;2;0;1;0;1;0;1;2;-5,21200018;-37,33201504;SPRF-RN;DEL04-RN;UOP01-DEL04-RN;;;
699143;19/06/2025;quinta-feira;09:50:00;GO;414;387;CORUMBA DE GOIAS;Ultrapassagem Indevida;Colis�o frontal;Com V�timas Fatais;Pleno dia;Crescente;C�u Claro;Simples;"Curva;Declive";N�o;5;1;3;0;1;0;3;2;-15,87360057;-48,78463459;SPRF-GO;DEL02-GO;UOP01-DEL02-GO;;;
699144;19/06/2025;quinta-feira;07:00:00;MG;262;742,7;PERDIZES;Acessar a via sem observar a presen�a dos outros ve�culos;Colis�o lateral mesmo sentido;Com V�timas Feridas;Pleno dia;Crescente;C�u Claro;Simples;Reta;N�o;3;0;2;0;1;0;2;2;-19,611846;-47,404014;SPRF-MG;DEL08-MG;UOP01-DEL08-MG;;;
699145;19/06/2025;quinta-feira;08:50:00;PR;277;697;SAO MIGUEL DO IGUACU;Avarias e/ou desgaste excessivo no pneu;Tombamento;Com V�timas Feridas;Pleno dia;Crescente;Nublado;Dupla;Reta;N�o;2;0;2;0;0;0;2;1;-25,39321907;-54,30616943;SPRF-PR;DEL05-PR;UOP01-DEL05-PR;;;
699146;19/06/2025;quinta-feira;10:00:00;SP;116;220;GUARULHOS;Aus�ncia de rea��o do condutor;Colis�o traseira;Com V�timas Feridas;Pleno dia;Crescente;C�u Claro;M�ltipla;Reta;Sim;2;0;1;0;1;0;1;2;-23,46365587;-46,49592027;SPRF-SP;DEL01-SP;UOP01-DEL01-SP;;;
699147;19/06/2025;quinta-feira;10:30:00;SP;116;64;GUARATINGUETA;Condutor deixou de manter dist�ncia do ve�culo da frente;Colis�o traseira;Com V�timas Feridas;Pleno dia;Crescente;Nublado;Dupla;Reta;Sim;5;0;1;0;4;0;1;4;-22,82019841;-45,18720675;SPRF-SP;DEL08-SP;UOP01-DEL08-SP;;;
699148;18/06/2025;quarta-feira;20:30:00;BA;407;152,9;FILADELFIA;Aus�ncia de rea��o do condutor;Colis�o lateral sentido oposto;Com V�timas Feridas;Plena Noite;Crescente;Nublado;Simples;Reta;N�o;4;0;1;0;3;0;1;2;-10,68843;-40,12577;SPRF-BA;DEL04-BA;UOP01-DEL04-BA;;;
699149;19/06/2025;quinta-feira;11:15:00;SP;116;55,3;LORENA;Aus�ncia de rea��o do condutor;Colis�o traseira;Com V�timas Feridas;Pleno dia;Crescente;C�u Claro;Dupla;Reta;N�o;3;0;2;0;1;0;2;2;-22,765197;-45,12535;SPRF-SP;DEL08-SP;UOP02-DEL08-SP;;;
699150;19/06/2025;quinta-feira;11:00:00;MG;40;699,9;BARBACENA;Manobra de mudan�a de faixa;Tombamento;Com V�timas Feridas;Pleno dia;Crescente;Sol;Dupla;Curva;Sim;1;0;0;1;0;0;1;1;-21,20504521;-43,74924729;SPRF-MG;DEL05-MG;UOP02-DEL05-MG;;;
699151;19/06/2025;quinta-feira;10:40:00;SP;116;99,8;PINDAMONHANGABA;Trafegar com motocicleta (ou similar) entre as faixas;Colis�o lateral mesmo sentido;Com V�timas Feridas;Pleno dia;Decrescente;C�u Claro;Dupla;Reta;N�o;2;0;1;0;0;1;1;2;-22,989784;-45,4683712;SPRF-SP;DEL08-SP;UOP01-DEL08-SP;;;
699152;19/06/2025;quinta-feira;11:00:00;MG;381;354;JOAO MONLEVADE;Velocidade Incompat�vel;Tombamento;Com V�timas Feridas;Pleno dia;Crescente;C�u Claro;Simples;Curva;N�o;2;0;2;0;0;0;2;1;-19,84929967;-43,20744753;SPRF-MG;DEL03-MG;UOP01-DEL03-MG;;;
699155;19/06/2025;quinta-feira;11:25:00;SP;116;162;SAO JOSE DOS CAMPOS;Condutor deixou de manter dist�ncia do ve�culo da frente;Engavetamento;Com V�timas Feridas;Pleno dia;Decrescente;C�u Claro;Dupla;Reta;N�o;4;0;1;0;3;0;1;3;-23,28004541;-45,98293304;SPRF-SP;DEL02-SP;UOP01-DEL02-SP;;;
699157;19/06/2025;quinta-feira;11:00:00;MG;365;655,2;MONTE ALEGRE DE MINAS;Ingest�o de �lcool pelo condutor;Sa�da de leito carro��vel;Com V�timas Fatais;Pleno dia;Crescente;C�u Claro;Dupla;Reta;N�o;4;1;0;3;0;0;3;1;-18,875238;-48,602;SPRF-MG;DEL15-MG;UOP01-DEL15-MG;;;
699158;14/05/2025;quarta-feira;19:00:00;PB;230;39;SANTA RITA;Acumulo de �gua sobre o pavimento;Sa�da de leito carro��vel;Sem V�timas;Plena Noite;Decrescente;Chuva;Dupla;"Reta;Declive";Sim;1;0;0;0;0;1;0;1;-7,14201001;-34,97930825;SPRF-PB;DEL01-PB;UOP02-DEL01-PB;;;
699159;19/06/2025;quinta-feira;10:50:00;MS;463;88,5;PONTA PORA;Acessar a via sem observar a presen�a dos outros ve�culos;Colis�o transversal;Com V�timas Fatais;Pleno dia;Decrescente;Sol;Simples;"Interse��o de Vias;Rotat�ria";N�o;3;1;2;0;0;0;2;2;-22,589276;-55,519311;SPRF-MS;DEL04-MS;UOP03-DEL04-MS;;;
699161;19/06/2025;quinta-feira;06:15:00;MG;381;369;SAO GONCALO DO RIO ABAIXO;Ultrapassagem Indevida;Colis�o frontal;Com V�timas Feridas;Amanhecer;Crescente;Nublado;Simples;"Reta;Declive";N�o;8;0;5;0;3;0;5;4;-19,84038112;-43,32144912;SPRF-MG;DEL03-MG;UOP01-DEL03-MG;;;
699163;19/06/2025;quinta-feira;12:10:00;MG;40;573;ITABIRITO;Rea��o tardia ou ineficiente do condutor;Colis�o traseira;Com V�timas Feridas;Pleno dia;Crescente;Nublado;Dupla;"Declive;Reta";Sim;2;0;1;0;1;0;1;2;-20,243696;-43,965252;SPRF-MG;DEL01-MG;UOP02-DEL01-MG;;;
699164;19/06/2025;quinta-feira;10:10:00;MG;262;445;NOVA SERRANA;Animais na Pista;Colis�o traseira;Com V�timas Feridas;Pleno dia;Crescente;C�u Claro;Simples;Reta;N�o;3;0;1;0;2;0;1;3;-19,86311769;-44,99859452;SPRF-MG;DEL08-MG;UOP03-DEL08-MG;;;
699166;15/06/2025;domingo;18:30:00;MG;381;344;JOAO MONLEVADE;Aus�ncia de rea��o do condutor;Colis�o traseira;Com V�timas Feridas;Anoitecer;Crescente;C�u Claro;Simples;Reta;N�o;3;0;1;0;2;0;1;2;-19,85474098;-43,13070774;SPRF-MG;DEL03-MG;UOP01-DEL03-MG;;;
699167;19/06/2025;quinta-feira;12:25:00;SP;116;53,3;LORENA;Rea��o tardia ou ineficiente do condutor;Colis�o traseira;Com V�timas Feridas;Pleno dia;Crescente;Sol;Dupla;"Declive;Reta";Sim;3;0;3;0;0;0;3;2;-22,75383;-45,109515;SPRF-SP;DEL08-SP;UOP02-DEL08-SP;;;
699169;19/06/2025;quinta-feira;12:50:00;PR;277;687;SAO MIGUEL DO IGUACU;Curva acentuada;Sa�da de leito carro��vel;Com V�timas Feridas;Pleno dia;Decrescente;C�u Claro;Dupla;Curva;N�o;1;0;1;0;0;0;1;1;-25,33889177;-54,19516504;SPRF-PR;DEL05-PR;UOP01-DEL05-PR;;;
699170;19/06/2025;quinta-feira;10:41:00;GO;153;318,7;JARAGUA;Manobra de mudan�a de faixa;Tombamento;Com V�timas Feridas;Pleno dia;Decrescente;Sol;Dupla;Reta;Sim;1;0;1;0;0;0;1;1;-15,7319168;-49,332224;SPRF-GO;DEL02-GO;UOP02-DEL02-GO;;;
699171;19/06/2025;quinta-feira;02:00:00;RN;226;228,3;FLORANIA;Condutor Dormindo;Sa�da de leito carro��vel;Sem V�timas;Anoitecer;Crescente;C�u Claro;Simples;Aclive;N�o;1;0;0;0;0;1;0;1;-6,119523;-36,891182;SPRF-RN;DEL03-RN;UOP01-DEL03-RN;;;
699172;19/06/2025;quinta-feira;06:00:00;BA;324;573;SAO SEBASTIAO DO PASSE;Aus�ncia de rea��o do condutor;Sa�da de leito carro��vel;Com V�timas Feridas;Amanhecer;Decrescente;C�u Claro;Dupla;Reta;N�o;1;0;1;0;0;0;1;1;-12,571818;-38,546111;SPRF-BA;DEL01-BA;UOP01-DEL01-BA;;;
699174;19/06/2025;quinta-feira;13:50:00;SE;235;48,1;ITABAIANA;Mal s�bito do condutor;Queda de ocupante de ve�culo;Com V�timas Feridas;Pleno dia;Crescente;C�u Claro;Simples;"Aclive;Reta";Sim;1;0;1;0;0;0;1;1;-10,72366204;-37,41387304;SPRF-SE;DEL01-SE;UOP02-DEL01-SE;;;
699176;19/06/2025;quinta-feira;13:12:00;BA;101;372;GANDU;Avarias e/ou desgaste excessivo no pneu;Sa�da de leito carro��vel;Com V�timas Feridas;Pleno dia;Decrescente;Nublado;Simples;Curva;N�o;4;0;1;0;3;0;1;1;-13,7592832;-39,4952704;SPRF-BA;DEL05-BA;UOP03-DEL05-BA;;;
699178;19/06/2025;quinta-feira;14:30:00;BA;324;568;SAO SEBASTIAO DO PASSE;Condutor deixou de manter dist�ncia do ve�culo da frente;Colis�o traseira;Com V�timas Feridas;Pleno dia;Decrescente;Chuva;Dupla;Reta;N�o;3;0;2;0;0;1;2;2;-12,542575;-38,584588;SPRF-BA;DEL01-BA;UOP01-DEL01-BA;;;
699180;19/06/2025;quinta-feira;13:15:00;RJ;101;428;MANGARATIBA;Acessar a via sem observar a presen�a dos outros ve�culos;Colis�o transversal;Com V�timas Feridas;Pleno dia;Decrescente;C�u Claro;Dupla;Reta;N�o;2;0;2;0;0;0;2;2;-22,93556105;-43,99878502;SPRF-RJ;DEL03-RJ;UOP02-DEL03-RJ;;;
699181;19/06/2025;quinta-feira;12:00:00;RJ;116;289;BARRA MANSA;Aus�ncia de rea��o do condutor;Colis�o lateral mesmo sentido;Com V�timas Feridas;Pleno dia;Crescente;C�u Claro;Dupla;Curva;N�o;6;0;0;1;5;0;1;2;-22,48713133;-44,24706873;SPRF-RJ;DEL07-RJ;UOP02-DEL07-RJ;;;
699182;19/06/2025;quinta-feira;13:45:00;PR;376;539,5;PALMEIRA;Rea��o tardia ou ineficiente do condutor;Sa�da de leito carro��vel;Com V�timas Feridas;Pleno dia;Decrescente;Sol;Dupla;Reta;N�o;1;0;0;1;0;0;1;1;-25,3331;-49,8578;SPRF-PR;DEL03-PR;UOP03-DEL03-PR;;;
699185;19/06/2025;quinta-feira;15:10:00;MG;50;22;ARAGUARI;Rea��o tardia ou ineficiente do condutor;Capotamento;Com V�timas Feridas;Pleno dia;Decrescente;C�u Claro;Dupla;"Viaduto;Rotat�ria";N�o;2;0;2;0;0;0;2;1;-18,60469735;-48,04889828;SPRF-MG;DEL15-MG;UOP02-DEL15-MG;;;
699188;19/06/2025;quinta-feira;15:25:00;SC;101;117;ITAJAI;Aus�ncia de rea��o do condutor;Colis�o traseira;Com V�timas Feridas;Pleno dia;Crescente;Nublado;Dupla;Reta;N�o;2;0;1;0;1;0;1;2;-26,888063;-48,722267;SPRF-SC;DEL04-SC;UOP04-DEL04-SC;;;
699189;19/06/2025;quinta-feira;13:35:00;SC;282;494,9;XANXERE;Velocidade Incompat�vel;Sa�da de leito carro��vel;Com V�timas Feridas;Pleno dia;Crescente;Chuva;Simples;Curva;N�o;2;0;2;0;0;0;2;1;-26,87234;-52,319837;SPRF-SC;DEL07-SC;UOP01-DEL07-SC;;;
699191;19/06/2025;quinta-feira;15:30:00;SE;235;0,3;ARACAJU;Aus�ncia de rea��o do condutor;Colis�o com objeto;Com V�timas Feridas;Pleno dia;Crescente;Nublado;M�ltipla;Reta;N�o;1;0;1;0;0;0;1;1;-10,90956;-37,07806;SPRF-SE;DEL01-SE;UOP01-DEL01-SE;;;
699192;19/06/2025;quinta-feira;07:15:00;SC;282;5,5;SAO JOSE;Curva acentuada;Tombamento;Com V�timas Feridas;Pleno dia;Crescente;Nublado;Simples;Curva;N�o;1;0;1;0;0;0;1;1;-27,5846859;-48,61667991;SPRF-SC;DEL01-SC;UOP01-DEL01-SC;;;
699193;19/06/2025;quinta-feira;16:00:00;PI;343;179,6;PIRIPIRI;Manobra de mudan�a de faixa;Colis�o com objeto;Com V�timas Feridas;Pleno dia;Crescente;C�u Claro;Simples;Curva;N�o;4;0;0;4;0;0;4;2;-4,241452;-41,773028;SPRF-PI;DEL02-PI;UOP01-DEL02-PI;;;
699194;19/06/2025;quinta-feira;16:15:00;SP;381;38;ATIBAIA;Acumulo de areia ou detritos sobre o pavimento;Queda de ocupante de ve�culo;Com V�timas Feridas;Pleno dia;Crescente;C�u Claro;Simples;Curva;Sim;1;0;1;0;0;0;1;1;-23,1131173;-46,57200231;SPRF-SP;DEL03-SP;UOP01-DEL03-SP;;;
699196;19/06/2025;quinta-feira;16:20:00;ES;101;299,9;VIANA;Condutor desrespeitou a ilumina��o vermelha do sem�foro;Colis�o transversal;Com V�timas Feridas;Pleno dia;Crescente;C�u Claro;M�ltipla;"Declive;Reta";Sim;4;0;3;0;1;0;3;2;-20,3571773;-40,43008447;SPRF-ES;DEL01-ES;UOP01-DEL01-ES;;;
699197;19/06/2025;quinta-feira;17:20:00;SC;280;26;ARAQUARI;Condutor deixou de manter dist�ncia do ve�culo da frente;Colis�o traseira;Com V�timas Feridas;Pleno dia;Decrescente;Nublado;Simples;Reta;Sim;2;0;1;0;1;0;1;2;-26,395834;-48,739475;SPRF-SC;DEL03-SC;UOP03-DEL03-SC;;;
699198;19/06/2025;quinta-feira;14:40:00;MG;116;792,8;ALEM PARAIBA;Rea��o tardia ou ineficiente do condutor;Sa�da de leito carro��vel;Com V�timas Feridas;Pleno dia;Decrescente;C�u Claro;Simples;Reta;N�o;5;0;3;2;0;0;5;1;-21,70783506;-42,72994995;SPRF-MG;DEL07-MG;UOP01-DEL07-MG;;;
699199;19/06/2025;quinta-feira;17:00:00;PR;163;170,7;LINDOESTE;Chuva;Sa�da de leito carro��vel;Com V�timas Feridas;Pleno dia;Decrescente;Chuva;Dupla;Curva;N�o;1;0;1;0;0;0;1;1;-25,22868119;-53,59050192;SPRF-PR;DEL05-PR;UOP05-DEL05-PR;;;
699202;19/06/2025;quinta-feira;17:55:00;RN;406;162,4;SAO GONCALO DO AMARANTE;Pedestre andava na pista;Atropelamento de Pedestre;Com V�timas Feridas;Plena Noite;Decrescente;Nublado;Simples;"Reta;Aclive";N�o;3;0;1;2;0;0;3;2;-5,72873871;-35,36047551;SPRF-RN;DEL02-RN;UOP01-DEL02-RN;;;
699203;19/06/2025;quinta-feira;17:50:00;RN;304;33;MOSSORO;Animais na Pista;Atropelamento de Animal;Com V�timas Feridas;Anoitecer;Crescente;C�u Claro;Dupla;Reta;N�o;1;0;1;0;0;0;1;1;-5,0784865;-37,333111;SPRF-RN;DEL04-RN;UOP02-DEL04-RN;;;
699205;19/06/2025;quinta-feira;14:15:00;GO;60;103,8;GOIANAPOLIS;Avarias e/ou desgaste excessivo no pneu;Tombamento;Com V�timas Feridas;Pleno dia;Crescente;C�u Claro;Dupla;"Declive;Reta";N�o;2;0;2;0;0;0;2;1;-16,41209578;-49,00193162;SPRF-GO;DEL02-GO;UOP01-DEL02-GO;;;
699206;19/06/2025;quinta-feira;16:40:00;RJ;493;17;GUAPIMIRIM;Rea��o tardia ou ineficiente do condutor;Sa�da de leito carro��vel;Sem V�timas;Anoitecer;Decrescente;C�u Claro;Simples;Reta;N�o;1;0;0;0;1;0;0;1;-22,66960443;-43,01121283;SPRF-RJ;DEL04-RJ;UOP02-DEL04-RJ;;;
699207;19/06/2025;quinta-feira;18:15:00;PR;163;170;LINDOESTE;Velocidade Incompat�vel;Colis�o com objeto;Com V�timas Feridas;Anoitecer;Decrescente;Chuva;Dupla;"Curva;Aclive";N�o;1;0;0;1;0;0;1;1;-25,25322077;-53,5775274;SPRF-PR;DEL05-PR;UOP05-DEL05-PR;;;
699208;19/06/2025;quinta-feira;12:30:00;RJ;101;304;SAO GONCALO;Rea��o tardia ou ineficiente do condutor;Colis�o lateral mesmo sentido;Sem V�timas;Pleno dia;Decrescente;C�u Claro;Dupla;Reta;Sim;3;0;0;0;3;0;0;2;-22,78504467;-42,9857254;SPRF-RJ;DEL02-RJ;UOP02-DEL02-RJ;;;
699211;19/06/2025;quinta-feira;15:30:00;RO;364;493;ARIQUEMES;Rea��o tardia ou ineficiente do condutor;Colis�o com objeto;Com V�timas Feridas;Pleno dia;Crescente;C�u Claro;Simples;Reta;N�o;1;0;1;0;0;0;1;1;-10,093287;-62,967243;SPRF-RO;DEL03-RO;UOP01-DEL03-RO;;;
699212;19/06/2025;quinta-feira;17:30:00;MT;364;229;JUSCIMEIRA;Rea��o tardia ou ineficiente do condutor;Sa�da de leito carro��vel;Com V�timas Feridas;Plena Noite;Crescente;C�u Claro;Dupla;Reta;N�o;1;0;1;0;0;0;1;1;-16,10114668;-54,86392558;SPRF-MT;DEL02-MT;UOP01-DEL02-MT;;;
699213;19/06/2025;quinta-feira;17:35:00;BA;367;40;PORTO SEGURO;Demais falhas mec�nicas ou el�tricas;Tombamento;Com V�timas Feridas;Anoitecer;Crescente;C�u Claro;Simples;Reta;N�o;2;0;2;0;0;0;2;1;-16,387108;-39,207255;SPRF-BA;DEL09-BA;UOP03-DEL09-BA;;;
699214;19/06/2025;quinta-feira;17:10:00;MT;163;755;SORRISO;Manobra de mudan�a de faixa;Colis�o com objeto;Com V�timas Feridas;Pleno dia;Decrescente;C�u Claro;Dupla;"Declive;Curva";Sim;2;0;1;0;0;1;1;2;-12,52986865;-55,70471764;SPRF-MT;DEL06-MT;UOP01-DEL06-MT;;;
699215;19/06/2025;quinta-feira;18:40:00;RS;116;551;CAPAO DO LEAO;Animais na Pista;Sa�da de leito carro��vel;Com V�timas Feridas;Plena Noite;Decrescente;Garoa/Chuvisco;Simples;Reta;N�o;3;0;3;0;0;0;3;1;-31,86616445;-52,60777936;SPRF-RS;DEL07-RS;UOP03-DEL07-RS;;;
699216;19/06/2025;quinta-feira;18:40:00;ES;259;52;COLATINA;Rea��o tardia ou ineficiente do condutor;Atropelamento de Pedestre;Com V�timas Feridas;Plena Noite;Crescente;C�u Claro;Simples;Aclive;N�o;2;0;0;2;0;0;2;2;-19,5020411;-40,6241007;SPRF-ES;DEL02-ES;UOP01-DEL02-ES;;;