id;data_inversa;dia_semana;horario;uf;br;km;municipio;causa_acidente;tipo_acidente;classificacao_acidente;fase_dia;sentido_via;condicao_metereologica;tipo_pista;tracado_via;uso_solo;pessoas;mortos;feridos_leves;feridos_graves;ilesos;ignorados;feridos;veiculos;latitude;longitude;regional;delegacia;uop;;;
699217;19/06/2025;quinta-feira;18:15:00;MA;230;405;BALSAS;Acessar a via sem observar a presen�a dos outros ve�culos;Colis�o transversal;Com V�timas Feridas;Anoitecer;Decrescente;C�u Claro;Simples;Reta;Sim;3;0;1;0;2;0;1;2;-7,521115;-46,0502;SPRF-MA;DEL05-MA;UOP01-DEL05-MA;;;
699218;19/06/2025;quinta-feira;18:55:00;PI;316;14;TERESINA;Acessar a via sem observar a presen�a dos outros ve�culos;Colis�o traseira;Com V�timas Feridas;Plena Noite;Decrescente;C�u Claro;M�ltipla;"Retorno Regulamentado;Reta";N�o;3;0;2;0;1;0;2;2;-5,21521732;-42,75344521;SPRF-PI;DEL01-PI;UOP02-DEL01-PI;;;
699219;19/06/2025;quinta-feira;18:40:00;BA;324;522;FEIRA DE SANTANA;Pista esburacada;Queda de ocupante de ve�culo;Com V�timas Feridas;Plena Noite;Decrescente;Nublado;Dupla;Reta;Sim;1;0;1;0;0;0;1;1;-12,29425053;-38,90557861;SPRF-BA;DEL01-BA;UOP03-DEL01-BA;;;
699221;19/06/2025;quinta-feira;18:45:00;PR;116;163;QUITANDINHA;Rea��o tardia ou ineficiente do condutor;Colis�o traseira;Sem V�timas;Plena Noite;Crescente;C�u Claro;Simples;Reta;N�o;2;0;0;0;2;0;0;2;-25,87274879;-49,46315289;SPRF-PR;DEL01-PR;UOP03-DEL01-PR;;;
699222;19/06/2025;quinta-feira;19:10:00;MG;381;499,5;BETIM;Aus�ncia de rea��o do condutor;Engavetamento;Sem V�timas;Anoitecer;Decrescente;C�u Claro;Dupla;Reta;Sim;4;0;0;0;4;0;0;4;-19,99977451;-44,21093401;SPRF-MG;DEL01-MG;UOP03-DEL01-MG;;;
699223;19/06/2025;quinta-feira;20:00:00;SC;470;138;RIO DO SUL;Acessar a via sem observar a presen�a dos outros ve�culos;Colis�o transversal;Com V�timas Feridas;Plena Noite;Decrescente;Chuva;Simples;Reta;Sim;2;0;1;0;1;0;1;2;-27,1937909;-49,62386012;SPRF-SC;DEL04-SC;UOP02-DEL04-SC;;;
699225;19/06/2025;quinta-feira;18:30:00;MT;163;849;SINOP;Transitar na contram�o;Colis�o frontal;Com V�timas Feridas;Plena Noite;Crescente;C�u Claro;Simples;Reta;N�o;3;0;0;3;0;0;3;2;-11,7355;-55,46255;SPRF-MT;DEL06-MT;UOP02-DEL06-MT;;;
699226;19/06/2025;quinta-feira;19:50:00;SP;116;167;JACAREI;Aus�ncia de rea��o do condutor;Colis�o frontal;Com V�timas Feridas;Plena Noite;Crescente;C�u Claro;Simples;Viaduto;N�o;3;0;0;2;1;0;2;2;-23,30140487;-46,02358576;SPRF-SP;DEL02-SP;UOP01-DEL02-SP;;;
699228;19/06/2025;quinta-feira;19:30:00;RJ;101;500;ANGRA DOS REIS;Manobra de mudan�a de faixa;Colis�o transversal;Com V�timas Feridas;Plena Noite;Decrescente;C�u Claro;Simples;Reta;Sim;2;0;0;1;1;0;1;2;-22,91457909;-44,3464449;SPRF-RJ;DEL03-RJ;UOP03-DEL03-RJ;;;
699232;19/06/2025;quinta-feira;19:30:00;RS;290;409,3;SANTA MARGARIDA DO SUL;Chuva;Sa�da de leito carro��vel;Com V�timas Feridas;Plena Noite;Crescente;Chuva;Simples;"Em Obras;Reta";N�o;4;0;1;3;0;0;4;1;-30,36829824;-54,22352574;SPRF-RS;DEL09-RS;UOP02-DEL09-RS;;;
699233;19/06/2025;quinta-feira;19:49:00;DF;80;3;BRASILIA;Suic�dio (presumido);Sa�da de leito carro��vel;Sem V�timas;Anoitecer;Decrescente;Nublado;Simples;"Declive;Reta";N�o;6;0;0;0;0;6;0;2;-15,72972973;-48,18276475;SPRF-DF;DEL03-DF;UOP02-DEL03-DF;;;
699234;19/06/2025;quinta-feira;20:45:00;SP;116;474;JACUPIRANGA;Aus�ncia de rea��o do condutor;Colis�o traseira;Com V�timas Feridas;Plena Noite;Crescente;Ignorado;Dupla;Reta;N�o;2;0;1;0;1;0;1;2;-24,68022411;-47,98261039;SPRF-SP;DEL05-SP;UOP01-DEL05-SP;;;
699235;27/05/2025;ter�a-feira;06:10:00;MG;381;165;GOVERNADOR VALADARES;Aus�ncia de rea��o do condutor;Colis�o transversal;Com V�timas Feridas;Amanhecer;Decrescente;Nublado;Simples;Reta;N�o;3;0;1;1;1;0;2;2;-18,923815;-42,033091;SPRF-MG;DEL06-MG;UOP01-DEL06-MG;;;
699236;19/06/2025;quinta-feira;21:00:00;RN;304;301;MACAIBA;Aus�ncia de rea��o do condutor;Queda de ocupante de ve�culo;Com V�timas Feridas;Plena Noite;Crescente;Chuva;Dupla;Reta;Sim;1;0;0;1;0;0;1;1;-5,876425;-35,307033;SPRF-RN;DEL01-RN;UOP02-DEL01-RN;;;
699237;19/06/2025;quinta-feira;20:15:00;DF;20;6,2;BRASILIA;Manobra de mudan�a de faixa;Colis�o lateral mesmo sentido;Com V�timas Feridas;Plena Noite;Decrescente;C�u Claro;Dupla;"Reta;Declive";Sim;3;0;1;0;1;1;1;2;-15,664583;-47,805813;SPRF-DF;DEL02-DF;UOP01-DEL02-DF;;;
699240;19/06/2025;quinta-feira;20:00:00;MS;163;680;RIO VERDE DE MATO GROSSO;Aus�ncia de rea��o do condutor;Tombamento;Com V�timas Feridas;Plena Noite;Crescente;C�u Claro;Simples;Reta;Sim;2;0;1;0;1;0;1;1;-18,90765119;-54,84064082;SPRF-MS;DEL06-MS;UOP02-DEL06-MS;;;
699241;19/06/2025;quinta-feira;20:45:00;PR;277;145,7;BALSA NOVA;Ingest�o de �lcool pelo condutor;Colis�o com objeto;Com V�timas Feridas;Plena Noite;Crescente;Nublado;Dupla;"Declive;Curva";N�o;4;0;1;0;3;0;1;1;-25,47518169;-49,72068183;SPRF-PR;DEL03-PR;UOP03-DEL03-PR;;;
699243;19/06/2025;quinta-feira;20:45:00;RJ;493;2;SAO GONCALO;Rea��o tardia ou ineficiente do condutor;Colis�o lateral mesmo sentido;Com V�timas Feridas;Pleno dia;Crescente;C�u Claro;Simples;Reta;N�o;2;0;1;0;1;0;1;2;-22,790144;-43,0309376;SPRF-RJ;DEL02-RJ;UOP02-DEL02-RJ;;;
699244;19/06/2025;quinta-feira;19:30:00;BA;101;848;TEIXEIRA DE FREITAS;Ingest�o de �lcool pelo condutor;Colis�o traseira;Com V�timas Feridas;Plena Noite;Crescente;C�u Claro;Simples;Reta;N�o;2;0;0;1;1;0;1;2;-17,316168;-39,632176;SPRF-BA;DEL09-BA;UOP02-DEL09-BA;;;
699245;19/06/2025;quinta-feira;19:24:00;MT;163;61,9;RONDONOPOLIS;Avarias e/ou desgaste excessivo no pneu;Queda de ocupante de ve�culo;Com V�timas Feridas;Plena Noite;Crescente;C�u Claro;Dupla;Reta;N�o;2;0;2;0;0;0;2;1;-16,9685;-54,74361;SPRF-MT;DEL02-MT;UOP03-DEL02-MT;;;
699246;19/06/2025;quinta-feira;20:50:00;PA;316;55;CASTANHAL;Acumulo de �gua sobre o pavimento;Sa�da de leito carro��vel;Com V�timas Feridas;Plena Noite;Crescente;Nublado;Dupla;Curva;Sim;3;0;0;1;0;2;1;2;-1,30646588;-48,00189614;SPRF-PA;DEL01-PA;UOP01-DEL01-PA;;;
699247;19/06/2025;quinta-feira;19:23:00;AC;364;120;RIO BRANCO;Rea��o tardia ou ineficiente do condutor;Colis�o traseira;Com V�timas Feridas;Plena Noite;Decrescente;Nublado;Simples;Reta;N�o;4;0;0;2;2;0;2;2;-10,012305;-67,755192;SPRF-AC;DEL01-AC;UOP01-DEL01-AC;;;
699248;19/06/2025;quinta-feira;19:20:00;PI;343;169,1;PIRIPIRI;Defici�ncia do Sistema de Ilumina��o/Sinaliza��o;Colis�o traseira;Com V�timas Fatais;Plena Noite;Crescente;C�u Claro;Simples;Reta;N�o;6;1;0;1;4;0;1;2;-4,1820832;-41,791583;SPRF-PI;DEL02-PI;UOP01-DEL02-PI;;;
699251;19/06/2025;quinta-feira;22:00:00;MG;381;490;BETIM;Ingest�o de �lcool pelo condutor;Colis�o traseira;Com V�timas Feridas;Plena Noite;Crescente;C�u Claro;M�ltipla;"Reta;Aclive";Sim;2;0;1;0;1;0;1;2;-19,9562266;-44,1427237;SPRF-MG;DEL01-MG;UOP03-DEL01-MG;;;
699252;19/06/2025;quinta-feira;21:40:00;MG;116;412;GOVERNADOR VALADARES;�rea urbana sem a presen�a de local apropriado para a travessia de pedestres;Colis�o com objeto;Com V�timas Feridas;Plena Noite;Crescente;Nublado;M�ltipla;Reta;Sim;1;0;0;1;0;0;1;1;-18,876332;-41,964333;SPRF-MG;DEL06-MG;UOP01-DEL06-MG;;;
699254;19/06/2025;quinta-feira;20:30:00;PR;373;174;PONTA GROSSA;Aus�ncia de rea��o do condutor;Colis�o traseira;Sem V�timas;Plena Noite;Decrescente;Ignorado;Dupla;Reta;Sim;2;0;0;0;1;1;0;2;-25,077827;-50,20564;SPRF-PR;DEL03-PR;UOP01-DEL03-PR;;;
699255;19/06/2025;quinta-feira;22:00:00;SC;101;211;SAO JOSE;Rea��o tardia ou ineficiente do condutor;Colis�o com objeto;Com V�timas Feridas;Plena Noite;Crescente;Garoa/Chuvisco;M�ltipla;Reta;Sim;1;0;1;0;0;0;1;1;-27,62329313;-48,65245588;SPRF-SC;DEL01-SC;UOP02-DEL01-SC;;;
699256;19/06/2025;quinta-feira;21:00:00;PR;277;475,6;NOVA LARANJEIRAS;Objeto est�tico sobre o leito carro��vel;Colis�o com objeto;Com V�timas Feridas;Plena Noite;Crescente;C�u Claro;Simples;Curva;N�o;5;0;4;0;1;0;4;1;-25,297;-52,571;SPRF-PR;DEL04-PR;UOP02-DEL04-PR;;;
699259;19/06/2025;quinta-feira;21:56:00;PR;277;659;MATELANDIA;Chuva;Sa�da de leito carro��vel;Com V�timas Feridas;Plena Noite;Crescente;Chuva;Dupla;Curva;N�o;2;0;2;0;0;0;2;1;-25,2514858;-53,98389665;SPRF-PR;DEL05-PR;UOP02-DEL05-PR;;;
699260;19/06/2025;quinta-feira;21:45:00;RJ;101;295;ITABORAI;Avarias e/ou desgaste excessivo no pneu;Colis�o com objeto;Com V�timas Feridas;Plena Noite;Crescente;C�u Claro;Dupla;Reta;Sim;1;0;1;0;0;0;1;1;-22,77080002;-42,9253006;SPRF-RJ;DEL02-RJ;UOP02-DEL02-RJ;;;
699263;19/06/2025;quinta-feira;22:00:00;SC;101;155;PORTO BELO;Ingest�o de �lcool pelo condutor;Sa�da de leito carro��vel;Sem V�timas;Plena Noite;Decrescente;Chuva;M�ltipla;Reta;Sim;1;0;0;0;0;1;0;1;-27,16743445;-48,61125338;SPRF-SC;DEL04-SC;UOP03-DEL04-SC;;;
699264;19/06/2025;quinta-feira;22:45:00;SC;282;5,1;SAO JOSE;Rea��o tardia ou ineficiente do condutor;Colis�o com objeto;Sem V�timas;Plena Noite;Decrescente;Nublado;Dupla;Curva;Sim;1;0;0;0;1;0;0;1;-27,58359;-48,61812;SPRF-SC;DEL01-SC;UOP01-DEL01-SC;;;
699267;19/06/2025;quinta-feira;20:40:00;SC;280;240,8;CANOINHAS;Ingest�o de �lcool pelo condutor;Colis�o frontal;Com V�timas Fatais;Plena Noite;Decrescente;Chuva;Simples;Reta;N�o;3;1;2;0;0;0;2;2;-26,22063;-50,45654;SPRF-SC;DEL06-SC;UOP04-DEL06-SC;;;
699268;19/06/2025;quinta-feira;16:00:00;AC;364;138;RIO BRANCO;Demais falhas mec�nicas ou el�tricas;Colis�o traseira;Com V�timas Feridas;Pleno dia;Crescente;Nublado;Dupla;"Reta;Rotat�ria";Sim;8;0;3;0;5;0;3;6;-9,96007142;-67,85690153;SPRF-AC;DEL01-AC;UOP01-DEL01-AC;;;
699270;19/06/2025;quinta-feira;22:00:00;MS;0;0;IGUATEMI;Animais na Pista;Atropelamento de Animal;Sem V�timas;Plena Noite;N�o Informado;C�u Claro;Dupla;"Reta;Aclive";N�o;2;0;0;0;2;0;0;1;-23,70930524;-54,43905294;SPRF-MS;DEL09-MS;UOP02-DEL09-MS;;;
699273;19/06/2025;quinta-feira;23:20:00;MS;158;97,2;PARANAIBA;Ingest�o de �lcool pelo condutor;Sa�da de leito carro��vel;Sem V�timas;Plena Noite;Crescente;C�u Claro;Dupla;Reta;Sim;1;0;0;0;1;0;0;1;-19,69448912;-51,18321832;SPRF-MS;DEL08-MS;UOP01-DEL08-MS;;;
699274;19/06/2025;quinta-feira;23:10:00;RS;470;210,9;BENTO GONCALVES;Rea��o tardia ou ineficiente do condutor;Sa�da de leito carro��vel;Sem V�timas;Plena Noite;Decrescente;Garoa/Chuvisco;Simples;"Curva;Declive";N�o;1;0;0;0;1;0;0;1;-29,13628248;-51,54476015;SPRF-RS;DEL06-RS;UOP01-DEL06-RS;;;
699275;20/06/2025;sexta-feira;00:50:00;RS;290;78,6;GRAVATAI;Chuva;Tombamento;Com V�timas Feridas;Plena Noite;Crescente;Chuva;M�ltipla;Reta;Sim;1;0;1;0;0;0;1;1;-29,95369151;-51,04209198;SPRF-RS;DEL01-RS;UOP01-DEL01-RS;;;
699277;19/06/2025;quinta-feira;20:00:00;RJ;356;26;ITAPERUNA;Acessar a via sem observar a presen�a dos outros ve�culos;Colis�o transversal;Com V�timas Feridas;Plena Noite;Decrescente;C�u Claro;Simples;"Reta;Interse��o de Vias";N�o;2;0;0;1;1;0;1;2;-21,17936654;-41,95384597;SPRF-RJ;DEL08-RJ;UOP03-DEL08-RJ;;;
699278;20/06/2025;sexta-feira;01:37:00;SE;235;44;ITABAIANA;Aus�ncia de rea��o do condutor;Queda de ocupante de ve�culo;Com V�timas Feridas;Plena Noite;Decrescente;Chuva;Simples;Reta;N�o;1;0;0;1;0;0;1;1;-10,7418867;-37,40393512;SPRF-SE;DEL01-SE;UOP02-DEL01-SE;;;
699280;20/06/2025;sexta-feira;01:30:00;MG;262;450;NOVA SERRANA;Velocidade Incompat�vel;Sa�da de leito carro��vel;Com V�timas Feridas;Plena Noite;Crescente;C�u Claro;Simples;Curva;N�o;2;0;2;0;0;0;2;1;-19,851348;-45,027037;SPRF-MG;DEL08-MG;UOP03-DEL08-MG;;;
699282;20/06/2025;sexta-feira;00:10:00;MG;251;454;GRAO MOGOL;Demais falhas mec�nicas ou el�tricas;Inc�ndio;Sem V�timas;Plena Noite;Crescente;C�u Claro;Simples;Reta;N�o;1;0;0;0;1;0;0;1;-16,42174496;-43,30771387;SPRF-MG;DEL12-MG;UOP01-DEL12-MG;;;
699283;20/06/2025;sexta-feira;01:00:00;RS;116;246;SAO LEOPOLDO;Aus�ncia de rea��o do condutor;Colis�o com objeto;Com V�timas Feridas;Plena Noite;Decrescente;Chuva;Dupla;"Ponte;Reta";Sim;8;0;2;1;5;0;3;1;-29,75848919;-51,15188514;SPRF-RS;DEL01-RS;UOP02-DEL01-RS;;;
699284;20/06/2025;sexta-feira;02:00:00;PR;376;209,8;MANDAGUARI;Aus�ncia de rea��o do condutor;Colis�o traseira;Com V�timas Feridas;Plena Noite;Crescente;C�u Claro;Dupla;Reta;N�o;2;0;2;0;0;0;2;2;-23,549;-51,678;SPRF-PR;DEL09-PR;UOP01-DEL09-PR;;;
699285;20/06/2025;sexta-feira;00:10:00;PE;428;149,6;PETROLINA;Animais na Pista;Atropelamento de Animal;Com V�timas Feridas;Plena Noite;Crescente;C�u Claro;Simples;Reta;N�o;1;0;1;0;0;0;1;1;-9,06217521;-40,30661003;SPRF-PE;DEL06-PE;UOP01-DEL06-PE;;;
699287;20/06/2025;sexta-feira;03:20:00;DF;40;3;BRASILIA;Velocidade Incompat�vel;Tombamento;Sem V�timas;Plena Noite;Decrescente;C�u Claro;Dupla;"Declive;Reta";N�o;2;0;0;0;1;1;0;2;-16,00929;-47,98272;SPRF-DF;DEL01-DF;UOP01-DEL01-DF;;;
699288;20/06/2025;sexta-feira;02:50:00;PE;428;188,9;PETROLINA;Aus�ncia de rea��o do condutor;Queda de ocupante de ve�culo;Com V�timas Feridas;Plena Noite;Decrescente;Nublado;Dupla;Reta;Sim;1;0;1;0;0;0;1;1;-9,3770007;-40,4969186;SPRF-PE;DEL06-PE;UOP01-DEL06-PE;;;
699291;20/06/2025;sexta-feira;04:30:00;PR;277;82;CURITIBA;Transitar na contram�o;Colis�o frontal;Com V�timas Feridas;Plena Noite;Crescente;Nublado;Dupla;Reta;Sim;3;0;1;0;2;0;1;2;-25,4534474;-49,2256225;SPRF-PR;DEL01-PR;UOP07-DEL01-PR;;;
699294;19/06/2025;quinta-feira;19:29:00;RO;364;729;PORTO VELHO;Aus�ncia de rea��o do condutor;Sa�da de leito carro��vel;Com V�timas Fatais;Plena Noite;Decrescente;C�u Claro;Simples;"Reta;Aclive";N�o;1;1;0;0;0;0;0;1;-8,891167;-63,955933;SPRF-RO;DEL01-RO;UOP01-DEL01-RO;;;
699295;20/06/2025;sexta-feira;05:20:00;GO;153;313;RIALMA;Ingest�o de �lcool pelo condutor;Sa�da de leito carro��vel;Com V�timas Feridas;Plena Noite;Crescente;Nublado;Simples;"Reta;Interse��o de Vias";N�o;2;0;1;0;1;0;1;1;-15,41154693;-49,52695727;SPRF-GO;DEL02-GO;UOP02-DEL02-GO;;;
699296;20/06/2025;sexta-feira;06:15:00;BA;101;879,9;TEIXEIRA DE FREITAS;Acessar a via sem observar a presen�a dos outros ve�culos;Colis�o transversal;Com V�timas Feridas;Pleno dia;Decrescente;Nevoeiro/Neblina;Simples;"Reta;Interse��o de Vias";Sim;2;0;1;0;1;0;1;2;-17,556617;-39,724771;SPRF-BA;DEL09-BA;UOP02-DEL09-BA;;;
699297;20/06/2025;sexta-feira;06:00:00;MG;251;486,2;MONTES CLAROS;Condutor Dormindo;Colis�o frontal;Sem V�timas;Pleno dia;Crescente;C�u Claro;Simples;Reta;N�o;2;0;0;0;2;0;0;2;-16,6537052;-43,7179475;SPRF-MG;DEL12-MG;UOP01-DEL12-MG;;;
699298;19/06/2025;quinta-feira;22:00:00;MA;135;2;SAO LUIS;Aus�ncia de rea��o do condutor;Colis�o traseira;Com V�timas Feridas;Pleno dia;Decrescente;C�u Claro;Dupla;Reta;Sim;2;0;1;0;0;1;1;2;-2,604203;-44,246192;SPRF-MA;DEL01-MA;UOP01-DEL01-MA;;;
699299;19/06/2025;quinta-feira;23:00:00;BA;101;171;FEIRA DE SANTANA;Pedestre cruzava a pista fora da faixa;Atropelamento de Pedestre;Com V�timas Feridas;Plena Noite;Crescente;Garoa/Chuvisco;Simples;Reta;Sim;2;0;0;1;1;0;1;2;-12,35895883;-38,86241888;SPRF-BA;DEL01-BA;UOP03-DEL01-BA;;;
699301;20/06/2025;sexta-feira;07:14:00;SC;282;5,6;SAO JOSE;Rea��o tardia ou ineficiente do condutor;Tombamento;Com V�timas Feridas;Pleno dia;Crescente;Nublado;Dupla;"Declive;Curva";Sim;1;0;1;0;0;0;1;1;-27,584525;-48,617113;SPRF-SC;DEL01-SC;UOP01-DEL01-SC;;;
699302;20/06/2025;sexta-feira;05:30:00;SP;381;39;ATIBAIA;Rea��o tardia ou ineficiente do condutor;Colis�o com objeto;Sem V�timas;Amanhecer;Crescente;C�u Claro;Dupla;Reta;N�o;1;0;0;0;1;0;0;1;-23,10989576;-46,57058652;SPRF-SP;DEL03-SP;UOP01-DEL03-SP;;;
699304;20/06/2025;sexta-feira;06:30:00;MG;354;749,2;POUSO ALTO;Acessar a via sem observar a presen�a dos outros ve�culos;Colis�o transversal;Com V�timas Feridas;Pleno dia;Decrescente;C�u Claro;Simples;Reta;N�o;2;0;1;0;1;0;1;2;-22,2249627;-44,9440038;SPRF-MG;DEL17-MG;UOP01-DEL17-MG;;;
699305;20/06/2025;sexta-feira;05:40:00;MT;70;530;VARZEA GRANDE;Acessar a via sem observar a presen�a dos outros ve�culos;Colis�o traseira;Com V�timas Fatais;Amanhecer;Crescente;Nevoeiro/Neblina;Simples;Reta;N�o;2;1;0;0;1;0;0;2;-15,66037;-56,220718;SPRF-MT;DEL01-MT;UOP02-DEL01-MT;;;
699308;20/06/2025;sexta-feira;07:50:00;RN;101;108,9;PARNAMIRIM;Demais falhas na via;Queda de ocupante de ve�culo;Com V�timas Feridas;Pleno dia;Decrescente;Chuva;Dupla;Reta;Sim;2;0;2;0;0;0;2;1;-5,932998;-35,264708;SPRF-RN;DEL01-RN;UOP01-DEL01-RN;;;
699309;20/06/2025;sexta-feira;08:00:00;TO;153;334,9;GUARAI;Acessar a via sem observar a presen�a dos outros ve�culos;Colis�o transversal;Com V�timas Feridas;Pleno dia;Decrescente;C�u Claro;M�ltipla;Interse��o de Vias;Sim;2;0;1;0;1;0;1;2;-8,841617;-48,511667;SPRF-TO;DEL02-TO;UOP02-DEL02-TO;;;
699310;20/06/2025;sexta-feira;07:30:00;PI;343;49;BURITI DOS LOPES;Transitar na contram�o;Colis�o frontal;Com V�timas Fatais;Pleno dia;Decrescente;C�u Claro;Simples;Reta;Sim;3;1;0;2;0;0;2;2;-3,177353;-41,864997;SPRF-PI;DEL05-PI;UOP01-DEL05-PI;;;
699312;20/06/2025;sexta-feira;05:50:00;SC;101;193;BIGUACU;Rea��o tardia ou ineficiente do condutor;Atropelamento de Pedestre;Com V�timas Feridas;Amanhecer;Decrescente;C�u Claro;M�ltipla;Curva;Sim;2;0;1;0;1;0;1;2;-27,489265;-48,655958;SPRF-SC;DEL01-SC;UOP01-DEL01-SC;;;
699313;20/06/2025;sexta-feira;08:05:00;PI;316;15,4;TERESINA;Estacionar ou parar em local proibido;Colis�o traseira;Com V�timas Feridas;Pleno dia;Crescente;Sol;M�ltipla;Reta;N�o;3;0;1;1;1;0;2;2;-5,232412;-42,746565;SPRF-PI;DEL01-PI;UOP02-DEL01-PI;;;
699314;20/06/2025;sexta-feira;08:30:00;ES;101;288,3;CARIACICA;Aus�ncia de rea��o do condutor;Queda de ocupante de ve�culo;Com V�timas Feridas;Pleno dia;Decrescente;C�u Claro;Dupla;Reta;Sim;1;0;1;0;0;0;1;1;-20,2728368;-40,39127214;SPRF-ES;DEL01-ES;UOP01-DEL01-ES;;;
699315;20/06/2025;sexta-feira;07:50:00;PI;316;15,4;TERESINA;Aus�ncia de rea��o do condutor;Sa�da de leito carro��vel;Com V�timas Fatais;Amanhecer;Decrescente;C�u Claro;M�ltipla;Reta;Sim;1;1;0;0;0;0;0;1;-5,232328;-42,746587;SPRF-PI;DEL01-PI;UOP02-DEL01-PI;;;
699316;20/06/2025;sexta-feira;07:15:00;RJ;116;282;BARRA MANSA;Rea��o tardia ou ineficiente do condutor;Capotamento;Com V�timas Feridas;Pleno dia;Decrescente;C�u Claro;Dupla;Curva;Sim;5;0;3;0;2;0;3;1;-22,52698698;-44,19761181;SPRF-RJ;DEL07-RJ;UOP02-DEL07-RJ;;;
699317;20/06/2025;sexta-feira;07:30:00;PA;230;116;MARABA;Pedestre cruzava a pista fora da faixa;Atropelamento de Pedestre;Com V�timas Feridas;Pleno dia;Decrescente;C�u Claro;Dupla;Declive;Sim;2;0;1;1;0;0;2;2;-5,3554751;-49,09137082;SPRF-PA;DEL03-PA;UOP01-DEL03-PA;;;
699318;20/06/2025;sexta-feira;08:00:00;SC;282;47,4;AGUAS MORNAS;Pista Escorregadia;Sa�da de leito carro��vel;Com V�timas Feridas;Pleno dia;Decrescente;Chuva;Simples;"Declive;Curva";N�o;1;0;0;1;0;0;1;1;-27,72049489;-48,93686995;SPRF-SC;DEL01-SC;UOP03-DEL01-SC;;;
699319;20/06/2025;sexta-feira;08:48:00;SC;280;54;GUARAMIRIM;Acessar a via sem observar a presen�a dos outros ve�culos;Colis�o lateral mesmo sentido;Com V�timas Feridas;Pleno dia;Crescente;Garoa/Chuvisco;Dupla;Reta;Sim;2;0;1;0;1;0;1;2;-26,475245;-48,988076;SPRF-SC;DEL03-SC;UOP03-DEL03-SC;;;
699320;20/06/2025;sexta-feira;08:30:00;MG;40;509;RIBEIRAO DAS NEVES;Aus�ncia de rea��o do condutor;Colis�o com objeto;Com V�timas Feridas;Pleno dia;Decrescente;C�u Claro;Dupla;Reta;Sim;3;0;1;1;0;1;2;2;-19,76576577;-44,13163522;SPRF-MG;DEL01-MG;UOP02-DEL01-MG;;;
699321;20/06/2025;sexta-feira;08:50:00;RJ;116;190;NOVA IGUACU;Aus�ncia de rea��o do condutor;Engavetamento;Com V�timas Feridas;Pleno dia;Decrescente;C�u Claro;Dupla;Reta;Sim;5;0;1;0;4;0;1;4;-22,74204559;-43,50231886;SPRF-RJ;DEL06-RJ;UOP01-DEL06-RJ;;;
699322;29/04/2025;ter�a-feira;17:30:00;RS;293;3;PELOTAS;Rea��o tardia ou ineficiente do condutor;Colis�o traseira;Com V�timas Feridas;Amanhecer;Crescente;C�u Claro;Simples;Reta;N�o;2;0;1;0;1;0;1;2;-31,73845323;-52,36579388;SPRF-RS;DEL07-RS;UOP01-DEL07-RS;;;
699323;20/06/2025;sexta-feira;07:51:00;MS;60;425;SIDROLANDIA;Acessar a via sem observar a presen�a dos outros ve�culos;Colis�o transversal;Com V�timas Feridas;Pleno dia;Decrescente;Nublado;Dupla;"Reta;Interse��o de Vias";Sim;2;0;1;0;1;0;1;2;-20,92558799;-54,95479345;SPRF-MS;DEL01-MS;UOP04-DEL01-MS;;;
699325;20/06/2025;sexta-feira;03:00:00;MS;60;399;SIDROLANDIA;Condutor Dormindo;Sa�da de leito carro��vel;Sem V�timas;Plena Noite;Decrescente;Ignorado;Simples;Reta;N�o;1;0;0;0;1;0;0;1;-20,82;-54,8;SPRF-MS;DEL01-MS;UOP04-DEL01-MS;;;
699326;20/06/2025;sexta-feira;10:00:00;MG;381;489;BETIM;Rea��o tardia ou ineficiente do condutor;Tombamento;Com V�timas Feridas;Pleno dia;Crescente;C�u Claro;M�ltipla;Reta;Sim;2;0;2;0;0;0;2;1;-19,9566742;-44,1390191;SPRF-MG;DEL01-MG;UOP03-DEL01-MG;;;
699327;20/06/2025;sexta-feira;09:20:00;MG;262;461;ARAUJOS;Ultrapassagem Indevida;Colis�o frontal;Com V�timas Feridas;Pleno dia;Crescente;Sol;Simples;Aclive;N�o;2;0;0;1;1;0;1;2;-19,80910567;-45,11757383;SPRF-MG;DEL08-MG;UOP03-DEL08-MG;;;
699329;20/06/2025;sexta-feira;10:25:00;ES;101;360,9;ANCHIETA;Aus�ncia de rea��o do condutor;Colis�o com objeto;Com V�timas Feridas;Pleno dia;Crescente;Sol;Simples;"Declive;Curva";N�o;4;0;2;0;2;0;2;1;-20,71017809;-40,72118998;SPRF-ES;DEL03-ES;UOP01-DEL03-ES;;;
699330;20/06/2025;sexta-feira;09:37:00;RJ;40;110;DUQUE DE CAXIAS;Manobra de mudan�a de faixa;Colis�o lateral mesmo sentido;Com V�timas Feridas;Pleno dia;Crescente;C�u Claro;Dupla;Reta;Sim;3;0;2;0;1;0;2;2;-22,68636997;-43,28576803;SPRF-RJ;DEL01-RJ;UOP02-DEL01-RJ;;;
699331;20/06/2025;sexta-feira;09:00:00;RJ;393;236,1;VASSOURAS;Rea��o tardia ou ineficiente do condutor;Atropelamento de Pedestre;Com V�timas Feridas;Pleno dia;Crescente;C�u Claro;Simples;Reta;Sim;2;0;1;0;1;0;1;2;-22,41524832;-43,67726544;SPRF-RJ;DEL05-RJ;UOP03-DEL05-RJ;;;
699332;20/06/2025;sexta-feira;10:30:00;RS;158;159,7;PANAMBI;Velocidade Incompat�vel;Colis�o frontal;Com V�timas Fatais;Pleno dia;Crescente;Chuva;Simples;Reta;N�o;6;2;0;2;0;2;2;3;-28,358103;-53,502775;SPRF-RS;DEL10-RS;UOP02-DEL10-RS;;;