id;data_inversa;dia_semana;horario;uf;br;km;municipio;causa_acidente;tipo_acidente;classificacao_acidente;fase_dia;sentido_via;condicao_metereologica;tipo_pista;tracado_via;uso_solo;pessoas;mortos;feridos_leves;feridos_graves;ilesos;ignorados;feridos;veiculos;latitude;longitude;regional;delegacia;uop;;;
699333;20/06/2025;sexta-feira;09:00:00;PI;343;591,3;FLORIANO;Rea��o tardia ou ineficiente do condutor;Colis�o lateral mesmo sentido;Com V�timas Feridas;Pleno dia;Decrescente;Sol;Dupla;"Reta;Retorno Regulamentado";Sim;2;0;1;0;1;0;1;2;-6,78026;-43,02613;SPRF-PI;DEL03-PI;UOP01-DEL03-PI;;;
699334;20/06/2025;sexta-feira;10:38:00;PE;408;98,3;SAO LOURENCO DA MATA;Aus�ncia de rea��o do condutor;Sa�da de leito carro��vel;Com V�timas Feridas;Pleno dia;Crescente;C�u Claro;Dupla;Reta;N�o;3;0;3;0;0;0;3;1;-8,042969;-35,020359;SPRF-PE;DEL01-PE;UOP01-DEL01-PE;;;
699335;20/06/2025;sexta-feira;06:55:00;PR;277;504,3;GUARANIACU;Transitar na contram�o;Colis�o lateral sentido oposto;Com V�timas Feridas;Amanhecer;Decrescente;Chuva;Simples;"Reta;Declive;Viaduto";N�o;6;0;5;0;1;0;5;2;-25,13170634;-52,72504326;SPRF-PR;DEL04-PR;UOP04-DEL04-PR;;;
699337;20/06/2025;sexta-feira;09:15:00;PR;476;104,4;COLOMBO;Aus�ncia de rea��o do condutor;Tombamento;Com V�timas Feridas;Pleno dia;Decrescente;Sol;Simples;"Declive;Curva";N�o;1;0;0;1;0;0;1;1;-25,27256;-49,140025;SPRF-PR;DEL01-PR;UOP01-DEL01-PR;;;
699339;16/05/2025;sexta-feira;16:20:00;ES;259;100,5;BAIXO GUANDU;Demais falhas mec�nicas ou el�tricas;Eventos at�picos;Com V�timas Feridas;Pleno dia;Crescente;C�u Claro;Simples;Reta;Sim;2;0;1;0;1;0;1;2;-19,52214163;-41,01194054;SPRF-ES;DEL02-ES;UOP01-DEL02-ES;;;
699340;20/06/2025;sexta-feira;10:15:00;AL;101;168;TEOTONIO VILELA;Chuva;Sa�da de leito carro��vel;Com V�timas Feridas;Pleno dia;Decrescente;Chuva;Dupla;Reta;N�o;2;0;1;0;1;0;1;1;-9,90751088;-36,3213037;SPRF-AL;DEL02-AL;UOP02-DEL02-AL;;;
699341;12/03/2025;quarta-feira;10:00:00;PR;116;115;CURITIBA;Condutor deixou de manter dist�ncia do ve�culo da frente;Colis�o lateral mesmo sentido;Com V�timas Feridas;Pleno dia;Decrescente;Nublado;Dupla;Reta;N�o;2;0;0;1;1;0;1;2;-25,563;-49,308;SPRF-PR;DEL01-PR;UOP03-DEL01-PR;;;
699342;20/06/2025;sexta-feira;11:50:00;BA;110;174;RIBEIRA DO POMBAL;Aus�ncia de rea��o do condutor;Colis�o traseira;Com V�timas Feridas;Pleno dia;Decrescente;C�u Claro;Simples;Reta;N�o;2;0;0;1;1;0;1;2;-10,81855294;-38,53068352;SPRF-BA;DEL07-BA;UOP02-DEL07-BA;;;
699343;20/06/2025;sexta-feira;05:10:00;MA;135;51,3;BACABEIRA;Ingest�o de �lcool pelo condutor;Eventos at�picos;Com V�timas Feridas;Amanhecer;Crescente;C�u Claro;Dupla;"Reta;Aclive;Viaduto";Sim;2;0;0;2;0;0;2;2;-2,972857;-44,316937;SPRF-MA;DEL01-MA;UOP02-DEL01-MA;;;
699345;20/06/2025;sexta-feira;10:50:00;RJ;101;457,6;ANGRA DOS REIS;Entrada inopinada do pedestre;Atropelamento de Pedestre;Com V�timas Feridas;Pleno dia;Crescente;C�u Claro;Simples;"Aclive;Reta";N�o;2;0;0;1;1;0;1;2;-23,02648683;-44,21065271;SPRF-RJ;DEL03-RJ;UOP03-DEL03-RJ;;;
699351;20/06/2025;sexta-feira;12:10:00;MG;40;508,1;RIBEIRAO DAS NEVES;Transitar no Acostamento;Colis�o traseira;Com V�timas Feridas;Pleno dia;Crescente;C�u Claro;Dupla;Reta;Sim;4;0;1;2;0;1;3;3;-19,76162895;-44,13386542;SPRF-MG;DEL02-MG;UOP01-DEL02-MG;;;
699352;20/06/2025;sexta-feira;10:45:00;SE;101;133,3;ESTANCIA;Aus�ncia de rea��o do condutor;Sa�da de leito carro��vel;Com V�timas Feridas;Pleno dia;Crescente;Chuva;Dupla;Reta;N�o;1;0;1;0;0;0;1;1;-11,131343;-37,382669;SPRF-SE;DEL02-SE;UOP01-DEL02-SE;;;
699356;20/06/2025;sexta-feira;10:43:00;PR;163;213;CASCAVEL;Velocidade Incompat�vel;Sa�da de leito carro��vel;Com V�timas Feridas;Pleno dia;Decrescente;Chuva;Dupla;Curva;N�o;2;0;1;0;1;0;1;1;-24,9839099;-53,3731754;SPRF-PR;DEL04-PR;UOP01-DEL04-PR;;;
699357;20/06/2025;sexta-feira;12:50:00;SC;470;54,4;BLUMENAU;Acessar a via sem observar a presen�a dos outros ve�culos;Colis�o transversal;Com V�timas Feridas;Pleno dia;Crescente;Nublado;Simples;"Reta;Interse��o de Vias";N�o;5;0;2;0;3;0;2;2;-26,87339589;-49,11416229;SPRF-SC;DEL04-SC;UOP01-DEL04-SC;;;
699358;20/06/2025;sexta-feira;11:30:00;BA;415;61;ITABUNA;Aus�ncia de rea��o do condutor;Sa�da de leito carro��vel;Com V�timas Feridas;Pleno dia;Crescente;C�u Claro;Simples;Curva;N�o;3;0;2;1;0;0;3;1;-14,849113;-39,385505;SPRF-BA;DEL05-BA;UOP01-DEL05-BA;;;
699360;20/06/2025;sexta-feira;12:55:00;RJ;101;303;SAO GONCALO;Aus�ncia de rea��o do condutor;Queda de ocupante de ve�culo;Com V�timas Feridas;Pleno dia;Crescente;Sol;Dupla;Reta;Sim;2;0;2;0;0;0;2;1;-22,790144;-43,0309376;SPRF-RJ;DEL02-RJ;UOP02-DEL02-RJ;;;
699361;20/06/2025;sexta-feira;13:20:00;ES;101;146;LINHARES;Condutor deixou de manter dist�ncia do ve�culo da frente;Colis�o lateral mesmo sentido;Com V�timas Feridas;Pleno dia;Decrescente;C�u Claro;Dupla;Reta;Sim;3;0;2;0;1;0;2;2;-19,36897633;-40,06529117;SPRF-ES;DEL04-ES;UOP01-DEL04-ES;;;
699364;20/06/2025;sexta-feira;09:55:00;SC;282;218;LAGES;Rea��o tardia ou ineficiente do condutor;Colis�o com objeto;Com V�timas Feridas;Pleno dia;Crescente;Chuva;Simples;"Interse��o de Vias;Declive;Reta";Sim;1;0;1;0;0;0;1;1;-27,79773289;-50,30956149;SPRF-SC;DEL05-SC;UOP01-DEL05-SC;;;
699366;20/06/2025;sexta-feira;13:00:00;RJ;40;82;PETROPOLIS;Rea��o tardia ou ineficiente do condutor;Queda de ocupante de ve�culo;Com V�timas Feridas;Pleno dia;Crescente;C�u Claro;Simples;Curva;Sim;2;0;2;0;0;0;2;1;-22,51588709;-43,23025703;SPRF-RJ;DEL01-RJ;UOP01-DEL01-RJ;;;
699367;20/06/2025;sexta-feira;13:00:00;MG;40;507;RIBEIRAO DAS NEVES;Manobra de mudan�a de faixa;Colis�o lateral mesmo sentido;Com V�timas Feridas;Pleno dia;Crescente;C�u Claro;Dupla;Reta;Sim;3;0;1;0;2;0;1;2;-19,751987;-44,143707;SPRF-MG;DEL02-MG;UOP01-DEL02-MG;;;
699368;20/06/2025;sexta-feira;13:35:00;GO;60;92;ANAPOLIS;Acesso irregular;Colis�o transversal;Com V�timas Feridas;Pleno dia;Crescente;C�u Claro;Dupla;Reta;Sim;3;0;2;1;0;0;3;2;-16,352555;-48,917176;SPRF-GO;DEL02-GO;UOP01-DEL02-GO;;;
699369;20/06/2025;sexta-feira;11:53:00;RJ;40;114;DUQUE DE CAXIAS;Acumulo de areia ou detritos sobre o pavimento;Queda de ocupante de ve�culo;Com V�timas Feridas;Pleno dia;Crescente;C�u Claro;Dupla;Curva;N�o;1;0;1;0;0;0;1;1;-22,6689024;-43,2799744;SPRF-RJ;DEL01-RJ;UOP02-DEL01-RJ;;;
699371;25/03/2025;ter�a-feira;06:50:00;PR;116;125;FAZENDA RIO GRANDE;Rea��o tardia ou ineficiente do condutor;Colis�o traseira;Com V�timas Feridas;Pleno dia;Decrescente;C�u Claro;Dupla;Reta;N�o;2;0;1;0;1;0;1;2;-25,635609;-49,31316;SPRF-PR;DEL01-PR;UOP03-DEL01-PR;;;
699372;20/06/2025;sexta-feira;14:25:00;PB;104;132,4;CAMPINA GRANDE;Acessar a via sem observar a presen�a dos outros ve�culos;Colis�o transversal;Sem V�timas;Pleno dia;Crescente;Nublado;Simples;Reta;N�o;2;0;0;0;1;1;0;2;-7,302827;-35,892494;SPRF-PB;DEL02-PB;UOP03-DEL02-PB;;;
699377;20/06/2025;sexta-feira;14:09:00;PE;232;76,7;GRAVATA;Rea��o tardia ou ineficiente do condutor;Colis�o traseira;Com V�timas Feridas;Pleno dia;Crescente;Chuva;Dupla;Reta;Sim;5;0;2;0;3;0;2;3;-8,19365027;-35,54218769;SPRF-PE;DEL02-PE;UOP02-DEL02PE;;;
699378;20/06/2025;sexta-feira;13:55:00;RS;116;590,6;ARROIO GRANDE;Avarias e/ou desgaste excessivo no pneu;Sa�da de leito carro��vel;Com V�timas Feridas;Pleno dia;Decrescente;Nublado;Simples;Reta;N�o;2;0;2;0;0;0;2;1;-32,12225902;-52,94032037;SPRF-RS;DEL07-RS;UOP03-DEL07-RS;;;
699379;20/06/2025;sexta-feira;14:45:00;RJ;116;171;RIO DE JANEIRO;Acesso irregular;Colis�o lateral mesmo sentido;Com V�timas Feridas;Pleno dia;Decrescente;C�u Claro;Dupla;Reta;Sim;2;0;1;0;1;0;1;2;-22,81281922;-43,329216;SPRF-RJ;DEL06-RJ;UOP01-DEL06-RJ;;;
699381;20/06/2025;sexta-feira;15:00:00;SC;280;28;ARAQUARI;Acessar a via sem observar a presen�a dos outros ve�culos;Colis�o transversal;Com V�timas Feridas;Pleno dia;Crescente;Garoa/Chuvisco;Simples;Reta;Sim;3;0;2;0;0;1;2;3;-26,46985272;-48,74594629;SPRF-SC;DEL03-SC;UOP03-DEL03-SC;;;
699382;20/06/2025;sexta-feira;14:50:00;SP;116;130;CACAPAVA;Demais falhas mec�nicas ou el�tricas;Tombamento;Com V�timas Feridas;Pleno dia;Decrescente;C�u Claro;Dupla;Reta;Sim;2;0;1;1;0;0;2;1;-23,1213463;-45,7246875;SPRF-SP;DEL02-SP;UOP02-DEL02-SP;;;
699384;20/06/2025;sexta-feira;12:30:00;RJ;465;20;NOVA IGUACU;Trafegar com motocicleta (ou similar) entre as faixas;Colis�o transversal;Com V�timas Feridas;Pleno dia;Decrescente;C�u Claro;Simples;Reta;Sim;2;0;0;1;1;0;1;2;-22,84871194;-43,60379219;SPRF-RJ;DEL06-RJ;UOP02-DEL06-RJ;;;
699385;20/06/2025;sexta-feira;14:45:00;SP;116;133,4;CACAPAVA;Aus�ncia de rea��o do condutor;Colis�o traseira;Com V�timas Feridas;Pleno dia;Decrescente;C�u Claro;Dupla;Reta;N�o;2;0;1;0;1;0;1;2;-23,12867526;-45,73857808;SPRF-SP;DEL02-SP;UOP02-DEL02-SP;;;
699388;20/06/2025;sexta-feira;14:05:00;BA;116;673;JEQUIE;Acessar a via sem observar a presen�a dos outros ve�culos;Colis�o transversal;Com V�timas Feridas;Pleno dia;Decrescente;C�u Claro;Simples;Reta;Sim;2;0;1;0;1;0;1;2;-13,86277742;-40,11310979;SPRF-BA;DEL03-BA;UOP01-DEL03-BA;;;
699389;20/06/2025;sexta-feira;15:36:00;ES;101;380,7;ICONHA;Transitar na contram�o;Colis�o frontal;Com V�timas Fatais;Pleno dia;Decrescente;C�u Claro;Simples;Curva;N�o;6;1;0;2;0;3;2;3;-20,80987854;-40,83665371;SPRF-ES;DEL03-ES;UOP01-DEL03-ES;;;
699390;20/06/2025;sexta-feira;15:00:00;RJ;101;418;MANGARATIBA;Condutor deixou de manter dist�ncia do ve�culo da frente;Engavetamento;Com V�timas Feridas;Pleno dia;Decrescente;C�u Claro;Simples;Reta;N�o;6;0;1;0;5;0;1;5;-22,9376;-43,9975936;SPRF-RJ;DEL03-RJ;UOP02-DEL03-RJ;;;
699391;20/06/2025;sexta-feira;14:50:00;SC;101;207,2;SAO JOSE;Manobra de mudan�a de faixa;Colis�o lateral mesmo sentido;Com V�timas Feridas;Pleno dia;Decrescente;C�u Claro;M�ltipla;"Reta;Declive";N�o;2;0;1;0;1;0;1;2;-27,59554404;-48,61919817;SPRF-SC;DEL01-SC;UOP01-DEL01-SC;;;
699394;20/06/2025;sexta-feira;15:15:00;CE;20;392;CAUCAIA;Manobra de mudan�a de faixa;Sa�da de leito carro��vel;Com V�timas Feridas;Pleno dia;Decrescente;Nublado;Simples;Reta;N�o;4;0;2;1;0;1;3;2;-3,842;-38,77;SPRF-CE;DEL01-CE;UOP01-DEL01-CE;;;
699395;20/06/2025;sexta-feira;15:00:00;CE;222;241,5;SOBRAL;Condutor Dormindo;Sa�da de leito carro��vel;Sem V�timas;Pleno dia;Decrescente;C�u Claro;Simples;"Reta;Ponte";N�o;1;0;0;0;1;0;0;1;-3,74014901;-40,49403369;SPRF-CE;DEL04-CE;UOP01-DEL04-CE;;;
699396;20/06/2025;sexta-feira;16:20:00;RN;304;306;PARNAMIRIM;Pista Escorregadia;Queda de ocupante de ve�culo;Com V�timas Feridas;Pleno dia;Crescente;Chuva;Simples;Curva;Sim;1;0;1;0;0;0;1;1;-5,892677;-35,2584033;SPRF-RN;DEL01-RN;UOP02-DEL01-RN;;;
699397;20/06/2025;sexta-feira;14:40:00;SP;381;38;ATIBAIA;Condutor Dormindo;Queda de ocupante de ve�culo;Com V�timas Feridas;Pleno dia;Crescente;C�u Claro;Dupla;Reta;N�o;1;0;1;0;0;0;1;1;-23,10988746;-46,57046247;SPRF-SP;DEL03-SP;UOP01-DEL03-SP;;;
699398;20/06/2025;sexta-feira;16:40:00;BA;101;194;CONCEICAO DA FEIRA;Condutor deixou de manter dist�ncia do ve�culo da frente;Colis�o traseira;Com V�timas Fatais;Pleno dia;Crescente;C�u Claro;Simples;"Reta;Aclive";N�o;5;1;3;0;1;0;3;2;-12,54055749;-38,97930121;SPRF-BA;DEL01-BA;UOP03-DEL01-BA;;;
699400;20/06/2025;sexta-feira;13:10:00;GO;80;94,8;VILA PROPICIO;Acessar a via sem observar a presen�a dos outros ve�culos;Eventos at�picos;Com V�timas Feridas;Pleno dia;Decrescente;C�u Claro;Simples;Reta;Sim;2;0;1;0;0;1;1;2;-15,208543;-48,700582;SPRF-GO;DEL07-GO;UOP02-DEL07-GO;;;
699402;20/06/2025;sexta-feira;16:50:00;SC;280;29,4;ARAQUARI;Transitar na contram�o;Queda de ocupante de ve�culo;Com V�timas Feridas;Plena Noite;Crescente;Nublado;Simples;"Interse��o de Vias;Curva";N�o;3;0;1;0;2;0;1;2;-26,412601;-48,756797;SPRF-SC;DEL03-SC;UOP03-DEL03-SC;;;
699403;20/06/2025;sexta-feira;16:30:00;SP;381;20;BRAGANCA PAULISTA;Aus�ncia de rea��o do condutor;Capotamento;Com V�timas Feridas;Pleno dia;Decrescente;C�u Claro;M�ltipla;Curva;N�o;1;0;1;0;0;0;1;1;-22,93031301;-46,46545601;SPRF-SP;DEL03-SP;UOP02-DEL03-SP;;;
699404;20/06/2025;sexta-feira;15:27:00;PR;277;718;SANTA TEREZINHA DE ITAIPU;Transitar na contram�o;Colis�o traseira;Com V�timas Feridas;Pleno dia;Decrescente;Nublado;Dupla;"Declive;Reta";N�o;6;0;2;0;4;0;2;2;-25,47655523;-54,47500929;SPRF-PR;DEL05-PR;UOP03-DEL05-PR;;;
699405;20/06/2025;sexta-feira;17:10:00;MG;381;638,6;SANTO ANTONIO DO AMPARO;Rea��o tardia ou ineficiente do condutor;Sa�da de leito carro��vel;Com V�timas Feridas;Pleno dia;Decrescente;C�u Claro;Dupla;Reta;N�o;3;0;3;0;0;0;3;1;-20,88617939;-44,8516953;SPRF-MG;DEL04-MG;UOP01-DEL04-MG;;;
699406;20/06/2025;sexta-feira;16:00:00;PB;101;41;MAMANGUAPE;Estacionar ou parar em local proibido;Eventos at�picos;Com V�timas Feridas;Pleno dia;Crescente;Chuva;M�ltipla;Reta;Sim;1;0;1;0;0;0;1;1;-6,84865508;-35,13547394;SPRF-PB;DEL01-PB;UOP03-DEL01-PB;;;
699408;20/06/2025;sexta-feira;16:35:00;SP;116;490;CAJATI;Velocidade Incompat�vel;Colis�o com objeto;Com V�timas Feridas;Pleno dia;Crescente;C�u Claro;Dupla;Reta;N�o;2;0;1;1;0;0;2;2;-24,7388165;-48,12304465;SPRF-SP;DEL05-SP;UOP01-DEL05-SP;;;
699409;20/06/2025;sexta-feira;16:30:00;RJ;116;108;GUAPIMIRIM;Aus�ncia de rea��o do condutor;Colis�o traseira;Sem V�timas;Anoitecer;Crescente;Nublado;Dupla;Reta;N�o;2;0;0;0;2;0;0;2;-22,49688545;-43,00258107;SPRF-RJ;DEL04-RJ;UOP01-DEL04-RJ;;;
699411;20/06/2025;sexta-feira;17:10:00;ES;101;300,1;VIANA;Rea��o tardia ou ineficiente do condutor;Colis�o traseira;Com V�timas Feridas;Anoitecer;Crescente;C�u Claro;M�ltipla;"Declive;Interse��o de Vias";Sim;3;0;0;1;2;0;1;2;-20,35945765;-40,43340984;SPRF-ES;DEL01-ES;UOP01-DEL01-ES;;;
699412;02/03/2025;domingo;13:20:00;RJ;101;492;ANGRA DOS REIS;Aus�ncia de rea��o do condutor;Colis�o transversal;Com V�timas Feridas;Pleno dia;Crescente;Sol;Simples;Reta;N�o;11;0;7;4;0;0;11;3;-22,9900288;-44,2433536;SPRF-RJ;DEL03-RJ;UOP03-DEL03-RJ;;;
699413;20/06/2025;sexta-feira;17:25:00;PR;277;522,5;GUARANIACU;Acessar a via sem observar a presen�a dos outros ve�culos;Colis�o transversal;Com V�timas Feridas;Anoitecer;Decrescente;Nevoeiro/Neblina;Simples;Interse��o de Vias;N�o;4;0;1;1;2;0;2;2;-25,09976;-52,89487;SPRF-PR;DEL04-PR;UOP04-DEL04-PR;;;
699414;20/06/2025;sexta-feira;16:10:00;PE;232;310;SERTANIA;Rea��o tardia ou ineficiente do condutor;Sa�da de leito carro��vel;Com V�timas Fatais;Pleno dia;Crescente;C�u Claro;Simples;Curva;N�o;4;1;1;0;2;0;1;1;-8,146275;-37,466827;SPRF-PE;DEL04-PE;UOP02-DEL04-PE;;;
699415;20/06/2025;sexta-feira;17:20:00;RJ;101;56;CAMPOS DOS GOYTACAZES;Transitar no Acostamento;Colis�o traseira;Com V�timas Feridas;Pleno dia;Decrescente;C�u Claro;Simples;Reta;Sim;4;0;1;1;2;0;2;2;-21,696262;-41,310272;SPRF-RJ;DEL08-RJ;UOP01-DEL08-RJ;;;
699416;20/06/2025;sexta-feira;15:30:00;MT;70;1;BARRA DO GARCAS;Aus�ncia de rea��o do condutor;Colis�o traseira;Com V�timas Feridas;Pleno dia;Decrescente;C�u Claro;Simples;Reta;Sim;3;0;2;0;0;1;2;2;-15,89098199;-52,26283763;SPRF-MT;DEL07-MT;UOP01-DEL07-MT;;;
699417;20/06/2025;sexta-feira;18:40:00;PR;116;119;CURITIBA;Trafegar com motocicleta (ou similar) entre as faixas;Colis�o traseira;Com V�timas Feridas;Plena Noite;Crescente;Nublado;Dupla;Reta;N�o;4;0;2;0;2;0;2;3;-25,584167;-49,313982;SPRF-PR;DEL01-PR;UOP03-DEL01-PR;;;
699418;20/06/2025;sexta-feira;16:30:00;PA;316;18;BENEVIDES;Aus�ncia de rea��o do condutor;Tombamento;Com V�timas Feridas;Pleno dia;Crescente;Nublado;Dupla;Reta;N�o;1;0;1;0;0;0;1;1;-1,364653;-48,283944;SPRF-PA;DEL01-PA;UOP01-DEL01-PA;;;
699419;20/06/2025;sexta-feira;18:50:00;ES;262;93;DOMINGOS MARTINS;Aus�ncia de rea��o do condutor;Colis�o traseira;Com V�timas Feridas;Plena Noite;Crescente;C�u Claro;Simples;Reta;N�o;4;0;1;0;3;0;1;3;-20,375707;-41,055392;SPRF-ES;DEL01-ES;UOP02-DEL01-ES;;;
699420;20/06/2025;sexta-feira;18:50:00;ES;101;33;CONCEICAO DA BARRA;Aus�ncia de rea��o do condutor;Atropelamento de Pedestre;Com V�timas Feridas;Plena Noite;Decrescente;C�u Claro;Simples;Reta;N�o;2;0;1;0;0;1;1;2;-18,4439812;-39,93219882;SPRF-ES;DEL04-ES;UOP02-DEL04-ES;;;
699421;20/06/2025;sexta-feira;18:45:00;SC;280;29;ARAQUARI;Desrespeitar a prefer�ncia no cruzamento;Colis�o transversal;Com V�timas Feridas;Anoitecer;Decrescente;Chuva;Simples;Reta;Sim;3;0;2;0;1;0;2;2;-26,4132;-48,75802;SPRF-SC;DEL03-SC;UOP03-DEL03-SC;;;
699422;20/06/2025;sexta-feira;17:20:00;PB;230;155;CAMPINA GRANDE;Acesso irregular;Colis�o transversal;Com V�timas Feridas;Plena Noite;Decrescente;Garoa/Chuvisco;Simples;"Interse��o de Vias;Em Obras;Reta";Sim;3;0;2;0;1;0;2;2;-7,275493;-35,904198;SPRF-PB;DEL02-PB;UOP01-DEL02-PB;;;
699423;20/06/2025;sexta-feira;18:50:00;SP;116;327;JUQUITIBA;Aus�ncia de rea��o do condutor;Sa�da de leito carro��vel;Sem V�timas;Plena Noite;Crescente;C�u Claro;Dupla;Reta;Sim;1;0;0;0;1;0;0;1;-23,9319;-47,0678;SPRF-SP;DEL04-SP;UOP03-DEL04-SP;;;
699424;20/06/2025;sexta-feira;17:30:00;MT;364;43;ALTO GARCAS;Animais na Pista;Atropelamento de Animal;Sem V�timas;Plena Noite;Crescente;C�u Claro;Simples;Reta;N�o;4;0;0;0;4;0;0;1;-17,065532;-53,4698605;SPRF-MT;DEL02-MT;UOP02-DEL02-MT;;;
699425;20/06/2025;sexta-feira;18:30:00;PR;277;660;MATELANDIA;Pista Escorregadia;Sa�da de leito carro��vel;Com V�timas Feridas;Anoitecer;Crescente;Garoa/Chuvisco;Dupla;Curva;N�o;2;0;1;0;1;0;1;1;-25,251464;-53,990464;SPRF-PR;DEL05-PR;UOP02-DEL05-PR;;;
699427;20/06/2025;sexta-feira;18:20:00;MG;50;12;UBERLANDIA;Velocidade Incompat�vel;Queda de ocupante de ve�culo;Com V�timas Feridas;Plena Noite;Decrescente;C�u Claro;Simples;Viaduto;N�o;1;0;1;0;0;0;1;1;-18,90284653;-48,18737431;SPRF-MG;DEL15-MG;UOP01-DEL15-MG;;;
699428;20/06/2025;sexta-feira;17:45:00;PR;369;508;CASCAVEL;Rea��o tardia ou ineficiente do condutor;Tombamento;Com V�timas Feridas;Anoitecer;Decrescente;Garoa/Chuvisco;Simples;Curva;Sim;1;0;0;1;0;0;1;1;-24,96210277;-53,39890905;SPRF-PR;DEL04-PR;UOP01-DEL04-PR;;;
699429;20/06/2025;sexta-feira;19:20:00;MG;381;484,5;BETIM;Manobra de mudan�a de faixa;Colis�o lateral mesmo sentido;Com V�timas Feridas;Plena Noite;Crescente;C�u Claro;Dupla;Reta;N�o;3;0;1;0;2;0;1;2;-19,95703739;-44,09359423;SPRF-MG;DEL01-MG;UOP03-DEL01-MG;;;
699431;20/06/2025;sexta-feira;20:00:00;RJ;101;478;ANGRA DOS REIS;Ilumina��o deficiente;Colis�o frontal;Com V�timas Feridas;Plena Noite;Crescente;C�u Claro;Simples;"Curva;Declive";N�o;2;0;0;2;0;0;2;2;-23,00244069;-44,27057034;SPRF-RJ;DEL03-RJ;UOP03-DEL03-RJ;;;
699432;20/06/2025;sexta-feira;18:30:00;BA;110;166;RIBEIRA DO POMBAL;Acesso irregular;Colis�o transversal;Com V�timas Feridas;Plena Noite;Decrescente;C�u Claro;Simples;Reta;N�o;2;0;0;1;0;1;1;2;-10,78457544;-38,51817132;SPRF-BA;DEL07-BA;UOP02-DEL07-BA;;;
699433;20/06/2025;sexta-feira;19:25:00;PE;428;187;PETROLINA;Aus�ncia de rea��o do condutor;Colis�o traseira;Com V�timas Feridas;Plena Noite;Decrescente;C�u Claro;Dupla;Reta;Sim;2;0;1;0;1;0;1;2;-9,364677;-40,482772;SPRF-PE;DEL06-PE;UOP01-DEL06-PE;;;
699434;20/06/2025;sexta-feira;18:50:00;RJ;101;275;TANGUA;Pedestre andava na pista;Atropelamento de Pedestre;Com V�timas Fatais;Plena Noite;Decrescente;C�u Claro;Dupla;Reta;Sim;3;1;1;0;1;0;1;3;-22,73660679;-42,72926331;SPRF-RJ;DEL02-RJ;UOP03-DEL02-RJ;;;
699435;20/06/2025;sexta-feira;18:50:00;RS;290;483;ROSARIO DO SUL;Desrespeitar a prefer�ncia no cruzamento;Colis�o transversal;Com V�timas Feridas;Plena Noite;Decrescente;Nublado;Simples;Interse��o de Vias;N�o;2;0;1;0;1;0;1;2;-30,24125843;-54,95079009;SPRF-RS;DEL11-RS;UOP02-DEL11-RS;;;
699437;20/06/2025;sexta-feira;18:20:00;MT;70;549,4;NOSSA SENHORA DO LIVRAMENTO;Ultrapassagem Indevida;Sa�da de leito carro��vel;Com V�timas Feridas;Plena Noite;Decrescente;C�u Claro;Simples;Reta;N�o;4;0;2;0;2;0;2;1;-15,6989215;-56,42977238;SPRF-MT;DEL03-MT;UOP02-DEL03-MT;;;
699438;20/06/2025;sexta-feira;20:00:00;SP;116;145,8;SAO JOSE DOS CAMPOS;Rea��o tardia ou ineficiente do condutor;Colis�o traseira;Com V�timas Feridas;Plena Noite;Crescente;C�u Claro;M�ltipla;Declive;Sim;2;0;1;0;1;0;1;2;-23,18924578;-45,85963368;SPRF-SP;DEL02-SP;UOP01-DEL02-SP;;;
699440;20/06/2025;sexta-feira;17:20:00;RJ;101;327;NITEROI;Aus�ncia de rea��o do condutor;Colis�o traseira;Com V�timas Feridas;Anoitecer;Decrescente;C�u Claro;M�ltipla;Reta;Sim;9;0;1;1;7;0;2;2;-22,8786176;-43,1128576;SPRF-RJ;DEL02-RJ;UOP01-DEL02-RJ;;;
699442;20/06/2025;sexta-feira;20:30:00;ES;101;122,1;LINHARES;Aus�ncia de rea��o do condutor;Colis�o traseira;Com V�timas Fatais;Plena Noite;Crescente;Nevoeiro/Neblina;Simples;Reta;N�o;2;1;0;0;1;0;0;2;-19,16110319;-40,08360528;SPRF-ES;DEL04-ES;UOP01-DEL04-ES;;;
699444;20/06/2025;sexta-feira;19:30:00;SC;101;199;SAO JOSE;Rea��o tardia ou ineficiente do condutor;Queda de ocupante de ve�culo;Com V�timas Feridas;Plena Noite;Crescente;C�u Claro;Dupla;Reta;N�o;1;0;1;0;0;0;1;1;-27,53129223;-48,63229958;SPRF-SC;DEL01-SC;UOP01-DEL01-SC;;;
699445;20/06/2025;sexta-feira;18:30:00;BA;101;792;EUNAPOLIS;Rea��o tardia ou ineficiente do condutor;Capotamento;Com V�timas Feridas;Plena Noite;Crescente;Nublado;Simples;"Curva;Declive";N�o;1;0;1;0;0;0;1;1;-16,163234;-39,5965645;SPRF-BA;DEL09-BA;UOP01-DEL09-BA;;;
699447;20/06/2025;sexta-feira;14:50:00;MA;316;260;SANTA INES;Acessar a via sem observar a presen�a dos outros ve�culos;Colis�o lateral mesmo sentido;Com V�timas Feridas;Pleno dia;Crescente;Nublado;Simples;Reta;Sim;2;0;1;0;1;0;1;2;-3,674521;-45,391808;SPRF-MA;DEL02-MA;UOP01-DEL02-MA;;;
699448;20/06/2025;sexta-feira;21:20:00;RJ;116;177;SAO JOAO DE MERITI;Rea��o tardia ou ineficiente do condutor;Colis�o traseira;Com V�timas Feridas;Plena Noite;Decrescente;C�u Claro;Dupla;Reta;Sim;3;0;2;0;1;0;2;2;-22,78573167;-43,37887136;SPRF-RJ;DEL06-RJ;UOP01-DEL06-RJ;;;