id;data_inversa;dia_semana;horario;uf;br;km;municipio;causa_acidente;tipo_acidente;classificacao_acidente;fase_dia;sentido_via;condicao_metereologica;tipo_pista;tracado_via;uso_solo;pessoas;mortos;feridos_leves;feridos_graves;ilesos;ignorados;feridos;veiculos;latitude;longitude;regional;delegacia;uop;;;
699449;20/06/2025;sexta-feira;17:40:00;MG;116;595,5;SAO JOAO DO MANHUACU;Aus�ncia de rea��o do condutor;Tombamento;Com V�timas Feridas;Anoitecer;Crescente;Nublado;Simples;Reta;N�o;1;0;0;1;0;0;1;1;-20,303864;-42,150989;SPRF-MG;DEL06-MG;UOP03-DEL06-MG;;;
699450;20/06/2025;sexta-feira;22:00:00;PR;277;672;MEDIANEIRA;Condutor deixou de manter dist�ncia do ve�culo da frente;Colis�o traseira;Com V�timas Feridas;Plena Noite;Crescente;Nublado;Dupla;Reta;Sim;3;0;1;0;2;0;1;2;-25,28811437;-54,09886837;SPRF-PR;DEL05-PR;UOP02-DEL05-PR;;;
699453;20/06/2025;sexta-feira;19:40:00;MG;354;749,1;POUSO ALTO;Condutor Dormindo;Sa�da de leito carro��vel;Com V�timas Feridas;Plena Noite;Crescente;C�u Claro;Simples;Curva;N�o;1;0;1;0;0;0;1;1;-22,2449387;-44,9351787;SPRF-MG;DEL17-MG;UOP01-DEL17-MG;;;
699455;20/06/2025;sexta-feira;21:00:00;RN;304;237,6;RIACHUELO;Transitar na contram�o;Colis�o lateral sentido oposto;Sem V�timas;Plena Noite;Crescente;Nublado;Simples;"Declive;Reta";N�o;3;0;0;0;2;1;0;2;-5,78353;-35,849663;SPRF-RN;DEL01-RN;UOP02-DEL01-RN;;;
699456;20/06/2025;sexta-feira;15:00:00;BA;235;358;CASA NOVA;Acessar a via sem observar a presen�a dos outros ve�culos;Colis�o transversal;Com V�timas Fatais;Pleno dia;Crescente;C�u Claro;Simples;Interse��o de Vias;N�o;2;1;0;0;0;1;0;2;-9,31455;-40,78758;SPRF-BA;DEL04-BA;UOP01-DEL04-BA;;;
699457;20/06/2025;sexta-feira;20:40:00;SC;101;230,8;PALHOCA;Pedestre andava na pista;Atropelamento de Pedestre;Com V�timas Fatais;Plena Noite;Decrescente;Nublado;Dupla;"Declive;Reta";N�o;3;1;0;0;1;1;0;3;-27,7831283;-48,6354783;SPRF-SC;DEL01-SC;UOP02-DEL01-SC;;;
699458;20/06/2025;sexta-feira;21:30:00;RS;392;352;SANTA MARIA;Pedestre cruzava a pista fora da faixa;Atropelamento de Pedestre;Com V�timas Fatais;Plena Noite;Decrescente;Chuva;Simples;Reta;Sim;4;1;0;0;2;1;0;2;-29,72295552;-53,80665683;SPRF-RS;DEL09-RS;UOP01-DEL09-RS;;;
699459;20/06/2025;sexta-feira;22:05:00;PR;476;155;ARAUCARIA;Mal s�bito do condutor;Sa�da de leito carro��vel;Com V�timas Feridas;Plena Noite;Crescente;Chuva;Dupla;Reta;Sim;1;0;0;1;0;0;1;1;-25,5903404;-49,4113129;SPRF-PR;DEL01-PR;UOP06-DEL01-PR;;;
699460;20/06/2025;sexta-feira;21:00:00;MG;116;527;CARATINGA;Ingest�o de �lcool pelo condutor;Atropelamento de Pedestre;Com V�timas Feridas;Plena Noite;Decrescente;Nublado;Simples;"Reta;Declive";Sim;2;0;1;0;1;0;1;2;-19,7640391;-42,1319678;SPRF-MG;DEL06-MG;UOP02-DEL06-MG;;;
699461;20/06/2025;sexta-feira;22:30:00;MG;50;167;UBERABA;Transitar no Acostamento;Colis�o com objeto;Com V�timas Feridas;Plena Noite;Crescente;C�u Claro;Dupla;"Aclive;Viaduto";N�o;1;0;1;0;0;0;1;1;-19,7111928;-47,9841934;SPRF-MG;DEL13-MG;UOP01-DEL13-MG;;;
699462;20/06/2025;sexta-feira;12:34:00;MG;381;235;SANTANA DO PARAISO;Ultrapassagem Indevida;Colis�o traseira;Com V�timas Feridas;Pleno dia;Crescente;Ignorado;Simples;Reta;N�o;2;0;1;0;1;0;1;2;-19,41137732;-42,4880898;SPRF-MG;DEL06-MG;UOP01-DEL06-MG;;;
699463;20/06/2025;sexta-feira;22:30:00;DF;70;18;BRASILIA;Frear bruscamente;Colis�o traseira;Com V�timas Feridas;Plena Noite;Crescente;C�u Claro;Dupla;Reta;N�o;2;0;0;1;1;0;1;2;-15,7913526;-48,211145;SPRF-DF;DEL03-DF;UOP02-DEL03-DF;;;
699464;20/06/2025;sexta-feira;22:00:00;CE;222;309;TIANGUA;Rea��o tardia ou ineficiente do condutor;Queda de ocupante de ve�culo;Com V�timas Feridas;Plena Noite;Decrescente;Garoa/Chuvisco;Dupla;Reta;Sim;2;0;0;1;1;0;1;1;-3,707062;-40,977173;SPRF-CE;DEL04-CE;UOP02-DEL04-CE;;;
699466;20/06/2025;sexta-feira;21:40:00;PR;369;84;CORNELIO PROCOPIO;Rea��o tardia ou ineficiente do condutor;Sa�da de leito carro��vel;Com V�timas Feridas;Plena Noite;Decrescente;C�u Claro;Simples;Reta;N�o;2;0;1;0;1;0;1;1;-23,165;-50,611;SPRF-PR;DEL07-PR;UOP05-DEL07-PR;;;
699468;20/06/2025;sexta-feira;21:20:00;PA;230;121;MARABA;Acessar a via sem observar a presen�a dos outros ve�culos;Colis�o transversal;Com V�timas Feridas;Plena Noite;Crescente;C�u Claro;Dupla;Reta;Sim;2;0;1;0;1;0;1;2;-5,36512461;-49,12550247;SPRF-PA;DEL03-PA;UOP01-DEL03-PA;;;
699469;20/06/2025;sexta-feira;23:30:00;PR;277;723;FOZ DO IGUACU;Velocidade Incompat�vel;Tombamento;Com V�timas Feridas;Plena Noite;Crescente;C�u Claro;Dupla;Reta;Sim;1;0;0;1;0;0;1;1;-25,50156;-54,536339;SPRF-PR;DEL05-PR;UOP03-DEL05-PR;;;
699470;20/06/2025;sexta-feira;23:30:00;CE;222;310;TIANGUA;Aus�ncia de rea��o do condutor;Colis�o traseira;Com V�timas Feridas;Plena Noite;Crescente;C�u Claro;Dupla;Reta;Sim;5;0;0;1;3;1;1;2;-3,71295137;-40,98634243;SPRF-CE;DEL04-CE;UOP02-DEL04-CE;;;
699471;20/06/2025;sexta-feira;22:30:00;MG;40;610,8;CONGONHAS;Demais falhas mec�nicas ou el�tricas;Inc�ndio;Sem V�timas;Plena Noite;Crescente;C�u Claro;Simples;Reta;Sim;1;0;0;0;0;1;0;1;-20,508973;-43,839386;SPRF-MG;DEL05-MG;UOP02-DEL05-MG;;;
699473;20/06/2025;sexta-feira;23:40:00;SC;470;77;INDAIAL;Aus�ncia de rea��o do condutor;Colis�o traseira;Com V�timas Feridas;Plena Noite;Decrescente;Nublado;Simples;Reta;N�o;2;0;0;1;0;1;1;2;-26,92937331;-49,2859501;SPRF-SC;DEL04-SC;UOP01-DEL04-SC;;;
699474;20/06/2025;sexta-feira;19:00:00;PB;412;26,5;BOA VISTA;Ultrapassagem Indevida;Colis�o frontal;Com V�timas Fatais;Plena Noite;Crescente;Nublado;Simples;"Reta;Aclive";N�o;3;1;0;1;0;1;1;2;-7,289238;-36,29366589;SPRF-PB;DEL02-PB;UOP02-DEL02-PB;;;
699476;20/06/2025;sexta-feira;21:00:00;PB;230;169;CAMPINA GRANDE;Ingest�o de �lcool pelo condutor;Colis�o transversal;Com V�timas Feridas;Plena Noite;Decrescente;Chuva;Simples;"Reta;Interse��o de Vias";N�o;3;0;2;1;0;0;3;3;-7,18552489;-35,97563267;SPRF-PB;DEL02-PB;UOP02-DEL02-PB;;;
699479;21/06/2025;s�bado;00:10:00;RJ;356;166;SAO JOAO DA BARRA;Velocidade Incompat�vel;Sa�da de leito carro��vel;Com V�timas Feridas;Plena Noite;Crescente;C�u Claro;Simples;Curva;N�o;2;0;1;1;0;0;2;1;-21,710602;-41,135201;SPRF-RJ;DEL08-RJ;UOP02-DEL08-RJ;;;
699481;21/06/2025;s�bado;00:40:00;MG;381;278;JAGUARACU;Pedestre andava na pista;Atropelamento de Pedestre;Com V�timas Fatais;Plena Noite;Decrescente;C�u Claro;Simples;Curva;N�o;4;1;0;0;3;0;0;3;-19,5991924;-42,7511219;SPRF-MG;DEL03-MG;UOP02-DEL03-MG;;;
699483;21/06/2025;s�bado;01:00:00;SP;116;348;MIRACATU;Rea��o tardia ou ineficiente do condutor;Sa�da de leito carro��vel;Com V�timas Feridas;Plena Noite;Crescente;C�u Claro;Dupla;"Aclive;Curva";N�o;1;0;1;0;0;0;1;1;-24,05144;-47,2042;SPRF-SP;DEL04-SP;UOP03-DEL04-SP;;;
699484;21/06/2025;s�bado;00:42:00;PA;316;61,7;CASTANHAL;Acessar a via sem observar a presen�a dos outros ve�culos;Colis�o transversal;Com V�timas Feridas;Plena Noite;Crescente;C�u Claro;Dupla;Curva;Sim;2;0;1;0;1;0;1;2;-1,29830335;-47,9398191;SPRF-PA;DEL01-PA;UOP01-DEL01-PA;;;
699485;20/06/2025;sexta-feira;23:30:00;SP;116;25,5;LAVRINHAS;Entrada inopinada do pedestre;Atropelamento de Pedestre;Com V�timas Feridas;Plena Noite;Decrescente;C�u Claro;Dupla;Reta;Sim;2;0;0;1;0;1;1;2;-22,60363311;-44,89231253;SPRF-SP;DEL08-SP;UOP02-DEL08-SP;;;
699486;20/06/2025;sexta-feira;22:35:00;PA;230;3,9;ALTAMIRA;Transitar na contram�o;Colis�o frontal;Com V�timas Fatais;Plena Noite;Crescente;C�u Claro;Simples;Reta;Sim;2;1;1;0;0;0;1;2;-3,18557507;-52,19634354;SPRF-PA;DEL04-PA;UOP01-DEL04-PA;;;
699488;21/06/2025;s�bado;02:00:00;DF;20;8,1;BRASILIA;Ingest�o de �lcool pelo condutor;Sa�da de leito carro��vel;Com V�timas Feridas;Plena Noite;Crescente;C�u Claro;Dupla;Reta;Sim;1;0;0;1;0;0;1;1;-15,65792702;-47,79061147;SPRF-DF;DEL02-DF;UOP01-DEL02-DF;;;
699490;21/06/2025;s�bado;03:35:00;RJ;40;89;PETROPOLIS;Rea��o tardia ou ineficiente do condutor;Sa�da de leito carro��vel;Com V�timas Feridas;Plena Noite;Crescente;C�u Claro;Simples;Retorno Regulamentado;N�o;1;0;1;0;0;0;1;1;-22,55545951;-43,23621607;SPRF-RJ;DEL01-RJ;UOP01-DEL01-RJ;;;
699491;21/06/2025;s�bado;03:20:00;SP;116;228;SAO PAULO;Pedestre andava na pista;Atropelamento de Pedestre;Com V�timas Fatais;Plena Noite;Decrescente;C�u Claro;M�ltipla;"Reta;Em Obras";Sim;2;1;0;0;0;1;0;2;-23,505228;-46,568715;SPRF-SP;DEL01-SP;UOP01-DEL01-SP;;;
699492;21/06/2025;s�bado;02:30:00;RO;364;140;PORTO VELHO;Aus�ncia de rea��o do condutor;Sa�da de leito carro��vel;Com V�timas Feridas;Plena Noite;Crescente;C�u Claro;Simples;Rotat�ria;Sim;2;0;1;0;1;0;1;1;-8,73986162;-63,88995814;SPRF-RO;DEL02-RO;UOP02-DEL02-RO;;;
699493;21/06/2025;s�bado;03:50:00;SP;116;324;JUQUITIBA;Aus�ncia de rea��o do condutor;Capotamento;Sem V�timas;Plena Noite;Decrescente;C�u Claro;Dupla;Reta;N�o;1;0;0;0;0;1;0;1;-23,9319;-47,0678;SPRF-SP;DEL04-SP;UOP03-DEL04-SP;;;
699494;21/06/2025;s�bado;03:30:00;RJ;116;180;MESQUITA;Convers�o proibida;Colis�o traseira;Com V�timas Feridas;Plena Noite;Decrescente;C�u Claro;Dupla;Reta;Sim;3;0;2;0;1;0;2;2;-22,76953375;-43,40938568;SPRF-RJ;DEL06-RJ;UOP01-DEL06-RJ;;;
699495;21/06/2025;s�bado;04:30:00;SC;470;134;RIO DO SUL;Transitar na contram�o;Colis�o frontal;Com V�timas Feridas;Plena Noite;Decrescente;C�u Claro;Simples;"Aclive;Reta";Sim;3;0;0;1;1;1;1;3;-27,17379688;-49,58768153;SPRF-SC;DEL04-SC;UOP02-DEL04-SC;;;
699498;21/06/2025;s�bado;04:52:00;PI;343;337,6;TERESINA;Aus�ncia de rea��o do condutor;Sa�da de leito carro��vel;Sem V�timas;Plena Noite;Crescente;C�u Claro;Dupla;"Declive;Reta";Sim;1;0;0;0;1;0;0;1;-5,062439;-42,720123;SPRF-PI;DEL01-PI;UOP01-DEL01-PI;;;
699499;21/06/2025;s�bado;01:20:00;MG;262;437,5;NOVA SERRANA;Aus�ncia de rea��o do condutor;Colis�o traseira;Sem V�timas;Plena Noite;Decrescente;C�u Claro;Dupla;Reta;N�o;2;0;0;0;1;1;0;2;-19,880143;-44,914318;SPRF-MG;DEL08-MG;UOP03-DEL08-MG;;;
699500;21/06/2025;s�bado;05:40:00;BA;116;829;VITORIA DA CONQUISTA;Rea��o tardia ou ineficiente do condutor;Colis�o traseira;Sem V�timas;Pleno dia;Crescente;Nevoeiro/Neblina;Dupla;Reta;Sim;2;0;0;0;2;0;0;2;-14,8982;-40,867;SPRF-BA;DEL08-BA;UOP01-DEL08-BA;;;
699501;21/06/2025;s�bado;05:40:00;BA;110;350;INHAMBUPE;Ingest�o de �lcool pelo condutor;Colis�o lateral sentido oposto;Com V�timas Feridas;Pleno dia;Crescente;C�u Claro;Simples;Reta;N�o;4;0;2;0;2;0;2;4;-11,85952796;-38,37236023;SPRF-BA;DEL01-BA;UOP04-DEL01-BA;;;
699504;21/06/2025;s�bado;06:20:00;RO;364;703;PORTO VELHO;Condutor Dormindo;Queda de ocupante de ve�culo;Com V�timas Feridas;Pleno dia;Crescente;C�u Claro;Dupla;Reta;Sim;1;0;1;0;0;0;1;1;-8,80037778;-63,79822969;SPRF-RO;DEL01-RO;UOP01-DEL01-RO;;;
699506;21/06/2025;s�bado;07:15:00;SC;101;210,8;SAO JOSE;Avarias e/ou desgaste excessivo no pneu;Colis�o com objeto;Com V�timas Feridas;Amanhecer;Decrescente;C�u Claro;M�ltipla;Reta;Sim;1;0;1;0;0;0;1;1;-27,62265;-48,65151;SPRF-SC;DEL01-SC;UOP01-DEL01-SC;;;
699508;21/06/2025;s�bado;07:30:00;RJ;101;75;CAMPOS DOS GOYTACAZES;Aus�ncia de rea��o do condutor;Sa�da de leito carro��vel;Com V�timas Feridas;Pleno dia;Decrescente;C�u Claro;Simples;"Curva;Interse��o de Vias";N�o;2;0;2;0;0;0;2;1;-21,821657;-41,3987557;SPRF-RJ;DEL08-RJ;UOP02-DEL08-RJ;;;
699509;21/06/2025;s�bado;07:00:00;PR;369;178;ROLANDIA;Rea��o tardia ou ineficiente do condutor;Sa�da de leito carro��vel;Sem V�timas;Pleno dia;Decrescente;C�u Claro;Dupla;Rotat�ria;Sim;1;0;0;0;1;0;0;1;-23,35744776;-51,39519873;SPRF-PR;DEL07-PR;UOP01-DEL07-PR;;;
699510;21/06/2025;s�bado;07:40:00;GO;40;5;VALPARAISO DE GOIAS;Aus�ncia de rea��o do condutor;Capotamento;Sem V�timas;Pleno dia;Crescente;C�u Claro;Dupla;Reta;Sim;1;0;0;0;0;1;0;1;-16,0967588;-47,9814859;SPRF-DF;DEL01-DF;UOP01-DEL01-DF;;;
699511;21/06/2025;s�bado;07:55:00;CE;116;2;FORTALEZA;Manobra de mudan�a de faixa;Colis�o lateral mesmo sentido;Com V�timas Feridas;Pleno dia;Decrescente;Nublado;M�ltipla;"Reta;Aclive";Sim;3;0;3;0;0;0;3;2;-3,7707817;-38,51675;SPRF-CE;DEL01-CE;UOP02-DEL01-CE;;;
699513;21/06/2025;s�bado;03:30:00;PB;104;108,4;SAO SEBASTIAO DE LAGOA DE  ROCA;Pedestre andava na pista;Atropelamento de Pedestre;Com V�timas Fatais;Plena Noite;Crescente;Ignorado;Simples;Reta;N�o;2;1;0;0;0;1;0;2;-7,112906;-35,867029;SPRF-PB;DEL02-PB;UOP04-DEL02-PB;;;
699515;21/06/2025;s�bado;06:40:00;SC;280;233,9;CANOINHAS;Condutor deixou de manter dist�ncia do ve�culo da frente;Colis�o traseira;Com V�timas Feridas;Amanhecer;Decrescente;Nublado;Simples;"Aclive;Reta;Interse��o de Vias";Sim;2;0;0;1;1;0;1;2;-26,1912445;-50,4018761;SPRF-SC;DEL06-SC;UOP04-DEL06-SC;;;
699516;21/06/2025;s�bado;07:30:00;MT;364;198;RONDONOPOLIS;Condutor deixou de manter dist�ncia do ve�culo da frente;Colis�o traseira;Com V�timas Feridas;Pleno dia;Crescente;Nevoeiro/Neblina;Dupla;Aclive;Sim;2;0;1;0;1;0;1;2;-16,50407893;-54,62581205;SPRF-MT;DEL02-MT;UOP01-DEL02-MT;;;
699517;21/06/2025;s�bado;08:08:00;PR;277;730;FOZ DO IGUACU;Condutor deixou de manter dist�ncia do ve�culo da frente;Colis�o traseira;Com V�timas Feridas;Pleno dia;Decrescente;Nublado;Simples;"Reta;Viaduto";N�o;2;0;1;0;1;0;1;2;-25,50952405;-54,59982991;SPRF-PR;DEL05-PR;UOP03-DEL05-PR;;;
699518;21/06/2025;s�bado;08:30:00;BA;324;518;FEIRA DE SANTANA;Acessar a via sem observar a presen�a dos outros ve�culos;Colis�o transversal;Com V�timas Feridas;Pleno dia;Decrescente;Nublado;Simples;Reta;Sim;2;0;1;0;1;0;1;2;-12,26866;-38,934192;SPRF-BA;DEL02-BA;UOP01-DEL02-BA;;;
699519;21/06/2025;s�bado;07:00:00;SC;282;573,9;PINHALZINHO;Frear bruscamente;Capotamento;Com V�timas Feridas;Pleno dia;Crescente;Nublado;Simples;Curva;N�o;1;0;1;0;0;0;1;1;-26,87671781;-52,9519714;SPRF-SC;DEL07-SC;UOP02-DEL07-SC;;;
699520;01/05/2025;quinta-feira;01:50:00;PR;116;60;CAMPINA GRANDE DO SUL;Velocidade Incompat�vel;Tombamento;Com V�timas Feridas;Plena Noite;Crescente;C�u Claro;Dupla;Reta;N�o;2;0;1;0;1;0;1;1;-25,30334387;-48,95943488;SPRF-PR;DEL01-PR;UOP02-DEL01-PR;;;
699522;17/04/2025;quinta-feira;20:25:00;RS;386;397;MONTENEGRO;Acessar a via sem observar a presen�a dos outros ve�culos;Atropelamento de Pedestre;Com V�timas Feridas;Plena Noite;Decrescente;C�u Claro;Dupla;Rotat�ria;N�o;3;0;0;1;2;0;1;2;-29,8090496;-51,3769472;SPRF-RS;DEL04-RS;UOP02-DEL04-RS;;;
699523;21/06/2025;s�bado;08:15:00;PI;316;1;TERESINA;Manobra de mudan�a de faixa;Colis�o lateral mesmo sentido;Com V�timas Feridas;Pleno dia;Crescente;C�u Claro;Dupla;Reta;Sim;2;0;1;1;0;0;2;2;-5,12642726;-42,80178521;SPRF-PI;DEL01-PI;UOP02-DEL01-PI;;;
699526;21/06/2025;s�bado;09:20:00;SC;101;126,5;ITAJAI;Rea��o tardia ou ineficiente do condutor;Colis�o traseira;Com V�timas Feridas;Pleno dia;Decrescente;C�u Claro;Dupla;Reta;N�o;3;0;1;0;2;0;1;2;-26,96325826;-48,68278949;SPRF-SC;DEL04-SC;UOP04-DEL04-SC;;;
699527;21/06/2025;s�bado;09:20:00;GO;60;92;ANAPOLIS;Pedestre cruzava a pista fora da faixa;Atropelamento de Pedestre;Com V�timas Feridas;Pleno dia;Decrescente;C�u Claro;Dupla;Curva;Sim;2;0;1;0;1;0;1;2;-16,35211224;-48,91365979;SPRF-GO;DEL02-GO;UOP01-DEL02-GO;;;
699528;21/06/2025;s�bado;10:35:00;PB;230;12,5;CABEDELO;Pedestre andava na pista;Atropelamento de Pedestre;Com V�timas Feridas;Pleno dia;Decrescente;C�u Claro;Dupla;Reta;Sim;2;0;0;1;1;0;1;2;-7,0764765;-34,8491687;SPRF-PB;DEL01-PB;UOP01-DEL01-PB;;;
699529;21/06/2025;s�bado;10:25:00;MG;381;508,1;BETIM;Demais falhas mec�nicas ou el�tricas;Tombamento;Com V�timas Feridas;Pleno dia;Crescente;C�u Claro;Dupla;Reta;Sim;2;0;1;0;1;0;1;1;-20,03864065;-44,25497739;SPRF-MG;DEL01-MG;UOP03-DEL01-MG;;;
699530;21/06/2025;s�bado;10:30:00;CE;222;3;FORTALEZA;Condutor deixou de manter dist�ncia do ve�culo da frente;Colis�o lateral mesmo sentido;Com V�timas Feridas;Pleno dia;Crescente;Chuva;M�ltipla;Reta;Sim;2;0;1;0;1;0;1;2;-3,74033;-38,596522;SPRF-CE;DEL01-CE;UOP01-DEL01-CE;;;
699531;21/06/2025;s�bado;08:44:00;AC;364;135;RIO BRANCO;Rea��o tardia ou ineficiente do condutor;Colis�o traseira;Com V�timas Feridas;Pleno dia;Decrescente;C�u Claro;Dupla;Reta;Sim;2;0;1;0;1;0;1;2;-9,984374;-67,846019;SPRF-AC;DEL01-AC;UOP01-DEL01-AC;;;
699532;21/06/2025;s�bado;07:34:00;RO;364;236,9;CACOAL;Desrespeitar a prefer�ncia no cruzamento;Colis�o transversal;Com V�timas Feridas;Pleno dia;Crescente;Sol;Simples;"Reta;Interse��o de Vias;Retorno Regulamentado";Sim;2;0;1;0;1;0;1;2;-11,44225989;-61,44907443;SPRF-RO;DEL02-RO;UOP02-DEL02-RO;;;
699533;21/06/2025;s�bado;11:25:00;RJ;493;23;MAGE;Ultrapassagem Indevida;Colis�o transversal;Com V�timas Feridas;Pleno dia;Crescente;C�u Claro;Simples;Reta;N�o;2;0;0;1;1;0;1;2;-22,65712548;-43,07008401;SPRF-RJ;DEL04-RJ;UOP02-DEL04-RJ;;;
699534;21/06/2025;s�bado;11:40:00;SP;116;146,8;SAO JOSE DOS CAMPOS;Condutor deixou de manter dist�ncia do ve�culo da frente;Colis�o traseira;Com V�timas Feridas;Pleno dia;Crescente;C�u Claro;Dupla;Reta;Sim;2;0;1;0;1;0;1;1;-23,1949998;-45,8680425;SPRF-SP;DEL02-SP;UOP01-DEL02-SP;;;
699535;21/06/2025;s�bado;06:50:00;MG;116;4,6;DIVISA ALEGRE;Acessar a via sem observar a presen�a dos outros ve�culos;Colis�o transversal;Com V�timas Fatais;Amanhecer;Crescente;Nublado;Simples;Reta;Sim;2;1;0;0;1;0;0;2;-15,73836;-41,33847;SPRF-BA;DEL08-BA;UOP03-DEL08-BA;;;
699536;21/06/2025;s�bado;11:40:00;MG;40;526;CONTAGEM;Manobra de mudan�a de faixa;Sa�da de leito carro��vel;Com V�timas Feridas;Pleno dia;Crescente;Sol;Dupla;"Declive;Reta";N�o;2;0;1;0;1;0;1;2;-19,89720184;-44,04984355;SPRF-MG;DEL01-MG;UOP02-DEL01-MG;;;
699537;21/06/2025;s�bado;11:25:00;PE;232;13,9;RECIFE;Trafegar com motocicleta (ou similar) entre as faixas;Colis�o lateral mesmo sentido;Com V�timas Feridas;Pleno dia;Crescente;C�u Claro;Dupla;Curva;N�o;3;0;1;0;2;0;1;2;-8,07672413;-34,97327037;SPRF-PE;DEL01-PE;UOP01-DEL01-PE;;;
699539;21/06/2025;s�bado;10:45:00;RS;472;122,7;TRES DE MAIO;Rea��o tardia ou ineficiente do condutor;Sa�da de leito carro��vel;Com V�timas Feridas;Pleno dia;Decrescente;Sol;Simples;Reta;N�o;2;0;0;1;0;1;1;2;-27,701587;-54,170206;SPRF-RS;DEL10-RS;UOP01-DEL10-RS;;;
699540;21/06/2025;s�bado;10:19:00;MS;262;420,6;TERENOS;Acessar a via sem observar a presen�a dos outros ve�culos;Colis�o transversal;Com V�timas Feridas;Pleno dia;Crescente;C�u Claro;Simples;"Reta;Interse��o de Vias";N�o;4;0;1;0;3;0;1;2;-20,470261;-55,209832;SPRF-MS;DEL01-MS;UOP03-DEL01-MS;;;
699541;21/06/2025;s�bado;11:50:00;AL;104;73;RIO LARGO;Demais falhas mec�nicas ou el�tricas;Queda de ocupante de ve�culo;Com V�timas Feridas;Pleno dia;Crescente;Nublado;Simples;Curva;N�o;2;0;1;0;1;0;1;1;-9,437184;-35,8350848;SPRF-AL;DEL01-AL;UOP02-DEL01-AL;;;
699542;21/06/2025;s�bado;11:20:00;PA;316;20;BENEVIDES;Avarias e/ou desgaste excessivo no pneu;Tombamento;Com V�timas Feridas;Pleno dia;Crescente;C�u Claro;Dupla;Reta;Sim;2;0;2;0;0;0;2;1;-1,362905;-48,26413;SPRF-PA;DEL01-PA;UOP01-DEL01-PA;;;
699543;21/06/2025;s�bado;05:30:00;SC;116;134,4;SANTA CECILIA;Ingest�o de �lcool pelo condutor;Colis�o com objeto;Sem V�timas;Plena Noite;Decrescente;C�u Claro;Simples;Curva;N�o;1;0;0;0;1;0;0;1;-26,9252676;-50,4412911;SPRF-SC;DEL06-SC;UOP02-DEL06-SC;;;
699545;21/06/2025;s�bado;11:15:00;SC;101;294;IMBITUBA;Acessar a via sem observar a presen�a dos outros ve�culos;Colis�o transversal;Com V�timas Feridas;Pleno dia;Crescente;C�u Claro;Simples;Reta;N�o;2;0;1;0;1;0;1;2;-28,32553786;-48,72998714;SPRF-SC;DEL02-SC;UOP03-DEL02-SC;;;
699547;21/06/2025;s�bado;13:00:00;RS;116;309,9;GUAIBA;Aus�ncia de rea��o do condutor;Queda de ocupante de ve�culo;Com V�timas Fatais;Pleno dia;Crescente;Nublado;Dupla;"Reta;Retorno Regulamentado";N�o;3;1;0;0;0;2;0;2;-30,197867;-51,399418;SPRF-RS;DEL02-RS;UOP01-DEL02-RS;;;
699549;21/06/2025;s�bado;13:30:00;ES;101;73;SAO MATEUS;Convers�o proibida;Colis�o lateral mesmo sentido;Com V�timas Feridas;Pleno dia;Crescente;C�u Claro;Simples;Reta;N�o;2;0;1;0;1;0;1;2;-18,77893478;-39,87439983;SPRF-ES;DEL04-ES;UOP02-DEL04-ES;;;
699551;21/06/2025;s�bado;12:30:00;MG;251;295;SALINAS;Aus�ncia de rea��o do condutor;Tombamento;Com V�timas Feridas;Pleno dia;Crescente;C�u Claro;Simples;Reta;N�o;1;0;1;0;0;0;1;1;-16,061211;-42,199478;SPRF-MG;DEL12-MG;UOP02-DEL12-MG;;;
699552;21/06/2025;s�bado;12:20:00;RS;285;460;IJUI;Acessar a via sem observar a presen�a dos outros ve�culos;Colis�o transversal;Com V�timas Feridas;Pleno dia;Decrescente;Nublado;Simples;Interse��o de Vias;Sim;2;0;1;0;1;0;1;2;-28,41808357;-53,92148701;SPRF-RS;DEL10-RS;UOP01-DEL10-RS;;;
699553;21/06/2025;s�bado;13:40:00;SE;235;52;ITABAIANA;Acessar a via sem observar a presen�a dos outros ve�culos;Colis�o traseira;Com V�timas Feridas;Pleno dia;Crescente;C�u Claro;Dupla;Reta;Sim;2;0;0;1;1;0;1;2;-10,6878985;-37,43979542;SPRF-SE;DEL01-SE;UOP02-DEL01-SE;;;
699556;21/06/2025;s�bado;13:00:00;ES;262;105;VENDA NOVA DO IMIGRANTE;Acessar a via sem observar a presen�a dos outros ve�culos;Colis�o lateral mesmo sentido;Com V�timas Feridas;Pleno dia;Crescente;Sol;Simples;Reta;Sim;2;0;1;0;0;1;1;2;-20,32705034;-41,13323855;SPRF-ES;DEL01-ES;UOP02-DEL01-ES;;;
699558;21/06/2025;s�bado;14:20:00;MG;381;491;BETIM;Manobra de mudan�a de faixa;Colis�o traseira;Com V�timas Feridas;Pleno dia;Decrescente;C�u Claro;Dupla;Reta;Sim;2;0;0;1;1;0;1;2;-19,95979596;-44,15233612;SPRF-MG;DEL01-MG;UOP03-DEL01-MG;;;
699559;21/06/2025;s�bado;14:35:00;MG;365;621;UBERLANDIA;Aus�ncia de rea��o do condutor;Tombamento;Com V�timas Feridas;Pleno dia;Decrescente;C�u Claro;Dupla;"Curva;Aclive";N�o;1;0;1;0;0;0;1;1;-18,89315;-48,271493;SPRF-MG;DEL15-MG;UOP01-DEL15-MG;;;
699560;21/06/2025;s�bado;14:25:00;PI;316;2,3;TERESINA;Manobra de mudan�a de faixa;Colis�o lateral mesmo sentido;Sem V�timas;Pleno dia;Decrescente;C�u Claro;Simples;"Curva;Viaduto;Rotat�ria";Sim;2;0;0;0;2;0;0;2;-5,122833;-42,795721;SPRF-PI;DEL01-PI;UOP02-DEL01-PI;;;