id;data_inversa;dia_semana;horario;uf;br;km;municipio;causa_acidente;tipo_acidente;classificacao_acidente;fase_dia;sentido_via;condicao_metereologica;tipo_pista;tracado_via;uso_solo;pessoas;mortos;feridos_leves;feridos_graves;ilesos;ignorados;feridos;veiculos;latitude;longitude;regional;delegacia;uop;;;
699561;02/04/2025;quarta-feira;19:25:00;SC;101;269,5;IMBITUBA;Pedestre cruzava a pista fora da faixa;Atropelamento de Pedestre;Com V�timas Fatais;Plena Noite;Crescente;Nublado;M�ltipla;Reta;N�o;3;1;1;0;1;0;1;3;-28,102071;-48,703926;SPRF-SC;DEL02-SC;UOP03-DEL02-SC;;;
699563;21/06/2025;s�bado;13:55:00;BA;324;587;CANDEIAS;Manobra de mudan�a de faixa;Sa�da de leito carro��vel;Com V�timas Feridas;Pleno dia;Decrescente;C�u Claro;Dupla;Reta;N�o;3;0;2;0;0;1;2;2;-12,67326968;-38,46875983;SPRF-BA;DEL01-BA;UOP01-DEL01-BA;;;
699564;21/06/2025;s�bado;14:00:00;PR;369;147;LONDRINA;Condutor desrespeitou a ilumina��o vermelha do sem�foro;Colis�o transversal;Com V�timas Feridas;Pleno dia;Decrescente;C�u Claro;Dupla;"Reta;Interse��o de Vias";Sim;3;0;0;1;2;0;1;3;-23,29313795;-51,13451092;SPRF-PR;DEL07-PR;UOP01-DEL07-PR;;;
699565;21/06/2025;s�bado;10:50:00;MG;116;469,1;TARUMIRIM;Aus�ncia de rea��o do condutor;Colis�o frontal;Com V�timas Feridas;Pleno dia;Decrescente;C�u Claro;Simples;Curva;N�o;2;0;2;0;0;0;2;2;-19,31151124;-42,07511971;SPRF-MG;DEL06-MG;UOP02-DEL06-MG;;;
699566;21/06/2025;s�bado;11:15:00;MG;262;413;IGARATINGA;Aus�ncia de rea��o do condutor;Sa�da de leito carro��vel;Com V�timas Feridas;Pleno dia;Crescente;C�u Claro;Dupla;Reta;N�o;2;0;0;1;1;0;1;1;-19,894089;-44,704504;SPRF-MG;DEL08-MG;UOP03-DEL08-MG;;;
699567;21/06/2025;s�bado;14:55:00;PB;101;89,5;JOAO PESSOA;Acessar a via sem observar a presen�a dos outros ve�culos;Colis�o lateral mesmo sentido;Com V�timas Feridas;Pleno dia;Decrescente;C�u Claro;Dupla;Reta;Sim;3;0;3;0;0;0;3;2;-7,1792134;-34,8993509;SPRF-PB;DEL01-PB;UOP01-DEL01-PB;;;
699568;21/06/2025;s�bado;14:35:00;PI;343;8,5;PARNAIBA;Acessar a via sem observar a presen�a dos outros ve�culos;Colis�o transversal;Com V�timas Feridas;Pleno dia;Decrescente;C�u Claro;Simples;"Reta;Interse��o de Vias";Sim;2;0;1;0;1;0;1;2;-2,8996309;-41,728678;SPRF-PI;DEL05-PI;UOP01-DEL05-PI;;;
699569;21/06/2025;s�bado;15:10:00;TO;10;463;PALMAS;Acessar a via sem observar a presen�a dos outros ve�culos;Colis�o traseira;Com V�timas Feridas;Pleno dia;Crescente;Sol;M�ltipla;Retorno Regulamentado;Sim;2;0;1;0;1;0;1;2;-10,23421;-48,311587;SPRF-TO;DEL01-TO;UOP03-DEL01-TO;;;
699571;21/06/2025;s�bado;15:35:00;SC;101;311,7;LAGUNA;Desrespeitar a prefer�ncia no cruzamento;Colis�o transversal;Com V�timas Feridas;Pleno dia;Decrescente;C�u Claro;M�ltipla;"Interse��o de Vias;Viaduto";Sim;3;0;1;0;2;0;1;2;-28,44036904;-48,81264059;SPRF-SC;DEL02-SC;UOP01-DEL02-SC;;;
699573;21/06/2025;s�bado;15:40:00;DF;70;3;BRASILIA;Manobra de mudan�a de faixa;Colis�o lateral mesmo sentido;Sem V�timas;Pleno dia;Decrescente;Sol;Dupla;Curva;Sim;3;0;0;0;3;0;0;2;-15,80212295;-48,08387518;SPRF-DF;DEL03-DF;UOP02-DEL03-DF;;;
699576;21/06/2025;s�bado;16:18:00;ES;101;282,4;CARIACICA;Manobra de mudan�a de faixa;Queda de ocupante de ve�culo;Com V�timas Feridas;Pleno dia;Crescente;C�u Claro;Dupla;Reta;Sim;2;0;1;0;1;0;1;2;-20,2304138;-40,3672913;SPRF-ES;DEL01-ES;UOP01-DEL01-ES;;;
699577;21/06/2025;s�bado;10:30:00;TO;242;347;PEIXE;Transitar na contram�o;Colis�o frontal;Sem V�timas;Pleno dia;Crescente;C�u Claro;Simples;Reta;N�o;2;0;0;0;2;0;0;2;-11,88496714;-48,82266998;SPRF-TO;DEL01-TO;UOP02-DEL01-TO;;;
699578;21/06/2025;s�bado;14:30:00;BA;367;49,9;PORTO SEGURO;Acessar a via sem observar a presen�a dos outros ve�culos;Colis�o transversal;Com V�timas Feridas;Pleno dia;Decrescente;C�u Claro;Simples;"Retorno Regulamentado;Interse��o de Vias;Curva";N�o;2;0;1;0;1;0;1;2;-16,3756299;-39,2915082;SPRF-BA;DEL09-BA;UOP03-DEL09-BA;;;
699579;29/04/2025;ter�a-feira;09:30:00;RS;116;2,1;PORTO ALEGRE;Condutor deixou de manter dist�ncia do ve�culo da frente;Colis�o traseira;Com V�timas Feridas;Pleno dia;Crescente;C�u Claro;M�ltipla;Reta;Sim;2;0;1;0;1;0;1;2;-29,9948353;-51,1880155;SPRF-RS;DEL01-RS;UOP01-DEL01-RS;;;
699580;21/06/2025;s�bado;15:54:00;PI;343;305;ALTOS;Acessar a via sem observar a presen�a dos outros ve�culos;Colis�o transversal;Com V�timas Feridas;Pleno dia;Crescente;C�u Claro;Simples;Reta;Sim;2;0;2;0;0;0;2;2;-5,03586;-42,44519;SPRF-PI;DEL01-PI;UOP01-DEL01-PI;;;
699581;21/06/2025;s�bado;14:40:00;PR;376;225,9;APUCARANA;Demais falhas mec�nicas ou el�tricas;Tombamento;Com V�timas Feridas;Pleno dia;Crescente;C�u Claro;Dupla;Reta;N�o;1;0;1;0;0;0;1;1;-23,58547;-51,56454;SPRF-PR;DEL07-PR;UOP03-DEL07-PR;;;
699582;21/06/2025;s�bado;16:40:00;SP;381;75;SAO PAULO;Velocidade Incompat�vel;Capotamento;Com V�timas Feridas;Pleno dia;Decrescente;Chuva;Dupla;Curva;N�o;2;0;1;0;1;0;1;1;-23,38300926;-46,56440163;SPRF-SP;DEL03-SP;UOP01-DEL03-SP;;;
699583;21/06/2025;s�bado;14:50:00;SP;101;45;UBATUBA;Rea��o tardia ou ineficiente do condutor;Colis�o lateral mesmo sentido;Com V�timas Feridas;Pleno dia;Decrescente;C�u Claro;Simples;Curva;Sim;3;0;2;0;1;0;2;3;-23,4355631;-45,08714531;SPRF-SP;DEL06-SP;UOP01-DEL06-SP;;;
699584;21/06/2025;s�bado;12:40:00;SC;101;46,7;JOINVILLE;Trafegar com motocicleta (ou similar) entre as faixas;Colis�o traseira;Com V�timas Feridas;Pleno dia;Crescente;C�u Claro;Dupla;Reta;Sim;3;0;2;0;1;0;2;2;-26,3617288;-48,8589647;SPRF-SC;DEL03-SC;UOP01-DEL03-SC;;;
699585;21/06/2025;s�bado;17:25:00;SC;101;206,8;SAO JOSE;Rea��o tardia ou ineficiente do condutor;Engavetamento;Com V�timas Feridas;Plena Noite;Crescente;C�u Claro;M�ltipla;"Reta;Interse��o de Vias";Sim;3;0;1;0;2;0;1;3;-27,59880104;-48,62163512;SPRF-SC;DEL01-SC;UOP01-DEL01-SC;;;
699586;21/06/2025;s�bado;15:20:00;RJ;101;328;RIO DE JANEIRO;Aus�ncia de rea��o do condutor;Colis�o traseira;Com V�timas Feridas;Pleno dia;Decrescente;Nublado;Dupla;Reta;Sim;3;0;2;0;1;0;2;2;-22,86986;-43,171113;SPRF-RJ;DEL02-RJ;UOP01-DEL02-RJ;;;
699587;21/06/2025;s�bado;17:40:00;PE;232;68,9;GRAVATA;Condutor deixou de manter dist�ncia do ve�culo da frente;Colis�o traseira;Sem V�timas;Anoitecer;Crescente;C�u Claro;Dupla;Curva;N�o;2;0;0;0;2;0;0;2;-8,172035;-35,479435;SPRF-PE;DEL02-PE;UOP02-DEL02PE;;;
699588;21/06/2025;s�bado;16:30:00;PA;316;119;SANTA MARIA DO PARA;Aus�ncia de rea��o do condutor;Tombamento;Com V�timas Feridas;Pleno dia;Decrescente;C�u Claro;Simples;"Reta;Aclive";Sim;1;0;0;1;0;0;1;1;-1,31423;-47,43022;SPRF-PA;DEL01-PA;UOP02-DEL01-PA;;;
699590;21/06/2025;s�bado;17:40:00;PE;104;62,2;CARUARU;Ingest�o de �lcool pelo condutor;Sa�da de leito carro��vel;Sem V�timas;Plena Noite;Crescente;Garoa/Chuvisco;Dupla;Reta;Sim;1;0;0;0;1;0;0;1;-8,25475;-35,97485;SPRF-PE;DEL02-PE;UOP01-DEL02-PE;;;
699591;21/06/2025;s�bado;17:45:00;AL;316;253;PILAR;Acessar a via sem observar a presen�a dos outros ve�culos;Colis�o transversal;Com V�timas Feridas;Plena Noite;Crescente;Nublado;Simples;Reta;Sim;3;0;1;1;0;1;2;2;-9,5838238;-35,95962524;SPRF-AL;DEL02-AL;UOP01-DEL02-AL;;;
699592;21/06/2025;s�bado;16:50:00;PE;423;29,3;SAO CAITANO;Ultrapassagem Indevida;Colis�o lateral mesmo sentido;Com V�timas Feridas;Anoitecer;Crescente;Chuva;Simples;Reta;N�o;7;0;7;0;0;0;7;2;-8,412391;-36,190011;SPRF-PE;DEL03-PE;UOP02-DEL03-PE;;;
699594;21/06/2025;s�bado;17:40:00;SC;101;398;MARACAJA;Manobra de mudan�a de faixa;Colis�o lateral mesmo sentido;Com V�timas Feridas;Plena Noite;Crescente;Ignorado;Simples;Reta;N�o;2;0;0;1;1;0;1;2;-28,845;-49,432;SPRF-SC;DEL02-SC;UOP02-DEL02-SC;;;
699595;21/06/2025;s�bado;18:10:00;BA;110;186;RIBEIRA DO POMBAL;Ingest�o de �lcool pelo condutor;Colis�o frontal;Com V�timas Feridas;Plena Noite;Crescente;Nublado;Simples;Reta;N�o;3;0;1;1;1;0;2;2;-10,942398;-38,520134;SPRF-BA;DEL07-BA;UOP02-DEL07-BA;;;
699597;21/06/2025;s�bado;18:30:00;RS;392;125;CANGUCU;Ingest�o de �lcool pelo condutor;Colis�o frontal;Com V�timas Feridas;Anoitecer;Crescente;C�u Claro;Simples;Reta;Sim;5;0;3;0;2;0;3;2;-31,36630645;-52,72458728;SPRF-RS;DEL07-RS;UOP01-DEL07-RS;;;
699599;09/06/2025;segunda-feira;08:00:00;ES;101;276,9;SERRA;Carga excessiva e/ou mal acondicionada;Derramamento de carga;Com V�timas Feridas;Pleno dia;Decrescente;Sol;Dupla;Reta;Sim;3;0;1;0;1;1;1;3;-20,2128425;-40,3208445;SPRF-ES;DEL02-ES;UOP01-DEL02-ES;;;
699600;21/06/2025;s�bado;17:00:00;SP;116;142;SAO JOSE DOS CAMPOS;Condutor deixou de manter dist�ncia do ve�culo da frente;Engavetamento;Com V�timas Feridas;Pleno dia;Decrescente;C�u Claro;M�ltipla;Reta;Sim;6;0;1;0;5;0;1;5;-23,17449078;-45,82972527;SPRF-SP;DEL02-SP;UOP01-DEL02-SP;;;
699601;01/05/2025;quinta-feira;07:20:00;PR;277;6,8;PARANAGUA;Pista Escorregadia;Queda de ocupante de ve�culo;Com V�timas Feridas;Amanhecer;Decrescente;C�u Claro;M�ltipla;Rotat�ria;Sim;1;0;0;1;0;0;1;1;-25,51504137;-48,52257125;SPRF-PR;DEL01-PR;UOP05-DEL01-PR;;;
699602;21/06/2025;s�bado;16:05:00;RJ;101;322;NITEROI;Pedestre cruzava a pista fora da faixa;Atropelamento de Pedestre;Com V�timas Feridas;Pleno dia;Crescente;C�u Claro;M�ltipla;Curva;N�o;2;0;0;1;1;0;1;2;-22,8786176;-43,1128576;SPRF-RJ;DEL02-RJ;UOP01-DEL02-RJ;;;
699603;21/06/2025;s�bado;16:50:00;RJ;465;22;NOVA IGUACU;Acessar a via sem observar a presen�a dos outros ve�culos;Colis�o transversal;Com V�timas Feridas;Plena Noite;Decrescente;C�u Claro;Simples;Reta;Sim;3;0;0;2;1;0;2;2;-22,85677762;-43,60181205;SPRF-RJ;DEL03-RJ;UOP01-DEL03-RJ;;;
699604;21/06/2025;s�bado;19:00:00;ES;262;112;VENDA NOVA DO IMIGRANTE;Demais falhas mec�nicas ou el�tricas;Inc�ndio;Sem V�timas;Plena Noite;Crescente;C�u Claro;Simples;Curva;N�o;1;0;0;0;0;1;0;1;-20,32997655;-41,20495168;SPRF-ES;DEL01-ES;UOP02-DEL01-ES;;;
699605;21/06/2025;s�bado;18:20:00;MS;60;407;SIDROLANDIA;Animais na Pista;Atropelamento de Animal;Com V�timas Feridas;Plena Noite;Decrescente;C�u Claro;Simples;Reta;N�o;2;0;1;1;0;0;2;1;-20,86235896;-54,82099883;SPRF-MS;DEL01-MS;UOP04-DEL01-MS;;;
699606;21/06/2025;s�bado;16:50:00;RO;364;693;CANDEIAS DO JAMARI;Frear bruscamente;Tombamento;Com V�timas Feridas;Pleno dia;Crescente;C�u Claro;Simples;"Reta;Em Obras";Sim;2;0;2;0;0;0;2;1;-8,79864376;-63,71635644;SPRF-RO;DEL01-RO;UOP01-DEL01-RO;;;
699607;21/06/2025;s�bado;19:40:00;AP;210;1;MACAPA;Pedestre cruzava a pista fora da faixa;Atropelamento de Pedestre;Com V�timas Feridas;Plena Noite;Decrescente;Nublado;Dupla;Reta;Sim;2;0;2;0;0;0;2;2;0,0839853;-51,08009577;SPRF-AP;DEL01-AP;UOP01-DEL01-AP;;;
699608;21/06/2025;s�bado;19:22:00;ES;101;223;IBIRACU;Transitar na contram�o;Colis�o lateral sentido oposto;Com V�timas Feridas;Plena Noite;Crescente;C�u Claro;Simples;Curva;N�o;2;0;0;1;1;0;1;2;-19,879549;-40,417088;SPRF-ES;DEL02-ES;UOP01-DEL02-ES;;;
699610;21/06/2025;s�bado;18:00:00;MG;116;281,7;TEOFILO OTONI;Transitar no Acostamento;Atropelamento de Pedestre;Com V�timas Feridas;Anoitecer;Decrescente;Nublado;Simples;Reta;N�o;2;0;1;1;0;0;2;2;-17,898931;-41,523748;SPRF-MG;DEL11-MG;UOP01-DEL11-MG;;;
699611;21/06/2025;s�bado;19:09:00;GO;70;5;AGUAS LINDAS DE GOIAS;Ingest�o de �lcool pelo condutor;Colis�o traseira;Sem V�timas;Plena Noite;Crescente;C�u Claro;Dupla;Reta;Sim;2;0;0;0;2;0;0;2;-15,75137957;-48,26066955;SPRF-DF;DEL03-DF;UOP02-DEL03-DF;;;
699613;21/06/2025;s�bado;19:50:00;DF;70;15;BRASILIA;Manobra de mudan�a de faixa;Colis�o transversal;Com V�timas Feridas;Plena Noite;Crescente;C�u Claro;Dupla;Reta;Sim;2;0;0;1;0;1;1;2;-15,796048;-48,191562;SPRF-DF;DEL03-DF;UOP02-DEL03-DF;;;
699614;21/06/2025;s�bado;19:25:00;MG;50;70;UBERLANDIA;Manobra de mudan�a de faixa;Colis�o com objeto;Sem V�timas;Plena Noite;Crescente;Nublado;Dupla;"Reta;Declive;Interse��o de Vias";Sim;1;0;0;0;0;1;0;1;-18,8897049;-48,2580261;SPRF-MG;DEL15-MG;UOP01-DEL15-MG;;;
699615;21/06/2025;s�bado;19:30:00;SE;235;84;FREI PAULO;Condutor Dormindo;Queda de ocupante de ve�culo;Com V�timas Feridas;Plena Noite;Crescente;C�u Claro;Simples;Reta;N�o;1;0;0;1;0;0;1;1;-10,54184219;-37,59521484;SPRF-SE;DEL01-SE;UOP02-DEL01-SE;;;
699616;21/06/2025;s�bado;18:30:00;RJ;101;294;ITABORAI;Estacionar ou parar em local proibido;Colis�o traseira;Com V�timas Feridas;Plena Noite;Crescente;C�u Claro;Simples;Reta;N�o;9;0;7;0;2;0;7;2;-22,75849752;-42,89524815;SPRF-RJ;DEL02-RJ;UOP02-DEL02-RJ;;;
699617;21/06/2025;s�bado;20:10:00;PE;423;92;GARANHUNS;Condutor deixou de manter dist�ncia do ve�culo da frente;Colis�o traseira;Com V�timas Feridas;Plena Noite;Decrescente;C�u Claro;Simples;Declive;N�o;3;0;2;0;1;0;2;3;-8,866455;-36,462208;SPRF-PE;DEL03-PE;UOP01-DEL03-PE;;;
699618;21/06/2025;s�bado;18:40:00;SC;282;30;SANTO AMARO DA IMPERATRIZ;Ingest�o de �lcool pelo condutor;Colis�o traseira;Sem V�timas;Plena Noite;Crescente;C�u Claro;Simples;Curva;Sim;3;0;0;0;3;0;0;3;-27,678818;-48,786327;SPRF-SC;DEL01-SC;UOP03-DEL01-SC;;;
699619;21/06/2025;s�bado;19:40:00;BA;110;221;NOVA SOURE;Ingest�o de �lcool pelo condutor;Colis�o traseira;Sem V�timas;Plena Noite;Crescente;Nublado;Simples;Reta;Sim;2;0;0;0;2;0;0;2;-11,2433176;-38,4760761;SPRF-BA;DEL07-BA;UOP02-DEL07-BA;;;
699620;21/06/2025;s�bado;20:30:00;TO;153;147;ARAGUAINA;Rea��o tardia ou ineficiente do condutor;Atropelamento de Pedestre;Com V�timas Feridas;Plena Noite;Decrescente;C�u Claro;Simples;Reta;Sim;2;0;1;1;0;0;2;2;-7,227724;-48,250807;SPRF-TO;DEL02-TO;UOP01-DEL02-TO;;;
699622;21/06/2025;s�bado;20:30:00;SC;101;333;TUBARAO;Aus�ncia de rea��o do condutor;Sa�da de leito carro��vel;Com V�timas Feridas;Plena Noite;Crescente;C�u Claro;Simples;Reta;Sim;1;0;1;0;0;0;1;1;-28,4699623;-49,0199541;SPRF-SC;DEL02-SC;UOP01-DEL02-SC;;;
699624;21/06/2025;s�bado;20:55:00;SP;116;213;GUARULHOS;Aus�ncia de rea��o do condutor;Colis�o com objeto;Com V�timas Fatais;Plena Noite;Crescente;C�u Claro;M�ltipla;Declive;Sim;1;1;0;0;0;0;0;1;-23,4389352;-46,4303008;SPRF-SP;DEL01-SP;UOP01-DEL01-SP;;;
699625;21/06/2025;s�bado;20:40:00;GO;50;209,8;CATALAO;Demais falhas mec�nicas ou el�tricas;Inc�ndio;Sem V�timas;Plena Noite;Crescente;C�u Claro;Dupla;Reta;N�o;1;0;0;0;0;1;0;1;-18,2222968;-47,9732044;SPRF-GO;DEL06-GO;UOP01-DEL06-GO;;;
699627;21/06/2025;s�bado;17:00:00;MT;163;892;CLAUDIA;Ultrapassagem Indevida;Sa�da de leito carro��vel;Com V�timas Feridas;Anoitecer;Decrescente;C�u Claro;Simples;Reta;N�o;1;0;1;0;0;0;1;1;-11,380619;-55,341766;SPRF-MT;DEL06-MT;UOP02-DEL06-MT;;;
699632;21/06/2025;s�bado;20:15:00;SC;101;419,9;ARARANGUA;Aus�ncia de rea��o do condutor;Colis�o com objeto;Com V�timas Feridas;Plena Noite;Decrescente;C�u Claro;Simples;Reta;Sim;2;0;1;0;1;0;1;2;-28,99789371;-49,55522776;SPRF-SC;DEL02-SC;UOP02-DEL02-SC;;;
699633;21/06/2025;s�bado;21:35:00;SC;101;165;TIJUCAS;Aus�ncia de rea��o do condutor;Colis�o com objeto;Com V�timas Feridas;Plena Noite;Crescente;Nublado;Dupla;Curva;Sim;1;0;1;0;0;0;1;1;-27,25075;-48,63127;SPRF-SC;DEL04-SC;UOP03-DEL04-SC;;;
699634;30/05/2025;sexta-feira;06:50:00;MT;70;3;BARRA DO GARCAS;Desrespeitar a prefer�ncia no cruzamento;Colis�o transversal;Com V�timas Feridas;Pleno dia;Decrescente;C�u Claro;Dupla;"Retorno Regulamentado;Reta;Interse��o de Vias";Sim;2;0;1;0;1;0;1;2;-15,8793627;-52,3348974;SPRF-MT;DEL07-MT;UOP01-DEL07-MT;;;
699636;21/06/2025;s�bado;21:20:00;GO;50;97;CRISTALINA;Rea��o tardia ou ineficiente do condutor;Colis�o traseira;Com V�timas Feridas;Plena Noite;Crescente;C�u Claro;Dupla;Reta;N�o;2;0;1;0;0;1;1;2;-16,76873;-47,618123;SPRF-DF;DEL01-DF;UOP02-DEL01-DF;;;
699638;21/06/2025;s�bado;19:15:00;SC;101;151;ITAPEMA;Rea��o tardia ou ineficiente do condutor;Colis�o traseira;Com V�timas Feridas;Plena Noite;Crescente;C�u Claro;Dupla;Reta;Sim;1;0;1;0;0;0;1;1;-27,13214561;-48,61028552;SPRF-SC;DEL04-SC;UOP03-DEL04-SC;;;
699640;21/06/2025;s�bado;20:35:00;AL;316;244;ATALAIA;Acessar a via sem observar a presen�a dos outros ve�culos;Colis�o transversal;Com V�timas Feridas;Plena Noite;Crescente;C�u Claro;Simples;Reta;Sim;2;0;0;2;0;0;2;2;-9,51374546;-36,00285022;SPRF-AL;DEL01-AL;UOP01-DEL01-AL;;;
699641;21/06/2025;s�bado;15:30:00;AP;156;680;CALCOENE;Transitar na contram�o;Colis�o frontal;Com V�timas Feridas;Pleno dia;Crescente;C�u Claro;Simples;Declive;N�o;2;0;0;1;1;0;1;2;2,773118;-51,381111;SPRF-AP;DEL01-AP;UOP03-DEL01-AP;;;
699642;21/06/2025;s�bado;20:10:00;RJ;101;528;ANGRA DOS REIS;Frear bruscamente;Colis�o traseira;Com V�timas Feridas;Plena Noite;Crescente;C�u Claro;Dupla;Reta;N�o;3;0;1;0;1;1;1;3;-23,024336;-44,510868;SPRF-RJ;DEL03-RJ;UOP03-DEL03-RJ;;;
699643;21/06/2025;s�bado;21:00:00;PR;277;464,5;LARANJEIRAS DO SUL;Rea��o tardia ou ineficiente do condutor;Queda de ocupante de ve�culo;Com V�timas Feridas;Plena Noite;Decrescente;Chuva;Simples;"Aclive;Reta";N�o;1;0;1;0;0;0;1;1;-25,34690047;-52,49139402;SPRF-PR;DEL04-PR;UOP02-DEL04-PR;;;
699644;21/06/2025;s�bado;21:20:00;SP;116;279;EMBU DAS ARTES;Objeto est�tico sobre o leito carro��vel;Colis�o com objeto;Com V�timas Feridas;Plena Noite;Decrescente;Nublado;Dupla;"Aclive;Reta";Sim;1;0;0;1;0;0;1;1;-23,636233;-46,832168;SPRF-SP;DEL04-SP;UOP01-DEL04-SP;;;
699645;21/06/2025;s�bado;18:48:00;SC;282;561;NOVA ITABERABA;Demais falhas na via;Colis�o com objeto;Com V�timas Feridas;Plena Noite;Decrescente;C�u Claro;Simples;"Aclive;Curva;Ponte";N�o;1;0;1;0;0;0;1;1;-26,92741364;-52,85591984;SPRF-SC;DEL07-SC;UOP02-DEL07-SC;;;
699646;21/06/2025;s�bado;17:35:00;MS;163;485;CAMPO GRANDE;Condutor desrespeitou a ilumina��o vermelha do sem�foro;Colis�o transversal;Sem V�timas;Anoitecer;Crescente;C�u Claro;Simples;Interse��o de Vias;Sim;3;0;0;0;3;0;0;2;-20,43542793;-54,54342842;SPRF-MS;DEL01-MS;UOP02-DEL01-MS;;;
699648;21/06/2025;s�bado;21:40:00;PE;232;407;SERRA TALHADA;Ilumina��o deficiente;Queda de ocupante de ve�culo;Com V�timas Feridas;Plena Noite;Crescente;C�u Claro;Simples;Reta;Sim;1;0;1;0;0;0;1;1;-7,98487379;-38,27445436;SPRF-PE;DEL04-PE;UOP01-DEL04-PE;;;
699649;21/06/2025;s�bado;23:10:00;TO;153;245,7;COLINAS DO TOCANTINS;Rea��o tardia ou ineficiente do condutor;Atropelamento de Pedestre;Com V�timas Feridas;Pleno dia;Crescente;C�u Claro;M�ltipla;Interse��o de Vias;Sim;4;0;1;3;0;0;4;2;-8,04763675;-48,46665356;SPRF-TO;DEL02-TO;UOP02-DEL02-TO;;;
699651;21/06/2025;s�bado;22:20:00;MG;381;529,2;BRUMADINHO;Curva acentuada;Sa�da de leito carro��vel;Com V�timas Feridas;Plena Noite;Decrescente;C�u Claro;Dupla;"Curva;Aclive";N�o;2;0;2;0;0;0;2;1;-20,1626535;-44,34046626;SPRF-MG;DEL04-MG;UOP03-DEL04-MG;;;
699652;21/06/2025;s�bado;23:10:00;PB;104;112,5;LAGOA SECA;Transitar na contram�o;Colis�o lateral sentido oposto;Com V�timas Feridas;Plena Noite;Crescente;Chuva;Simples;Reta;Sim;3;0;2;0;0;1;2;2;-7,150342;-35,85342;SPRF-PB;DEL02-PB;UOP04-DEL02-PB;;;
699653;21/06/2025;s�bado;20:15:00;PR;376;248;APUCARANA;Chuva;Sa�da de leito carro��vel;Com V�timas Feridas;Plena Noite;Crescente;Chuva;Simples;"Curva;Declive;Viaduto";Sim;2;0;0;1;1;0;1;1;-23,60726234;-51,40754948;SPRF-PR;DEL07-PR;UOP03-DEL07-PR;;;
699654;21/06/2025;s�bado;21:38:00;MG;116;583;MANHUACU;Ingest�o de �lcool pelo condutor;Colis�o lateral mesmo sentido;Com V�timas Feridas;Plena Noite;Crescente;C�u Claro;Simples;Reta;N�o;2;0;1;0;1;0;1;2;-20,22184;-42,17931;SPRF-MG;DEL06-MG;UOP03-DEL06-MG;;;
699655;21/06/2025;s�bado;19:55:00;SC;116;6,9;MAFRA;Rea��o tardia ou ineficiente do condutor;Colis�o transversal;Com V�timas Feridas;Plena Noite;Decrescente;C�u Claro;Simples;Interse��o de Vias;Sim;5;0;1;0;4;0;1;2;-26,1522859;-49,8319288;SPRF-SC;DEL06-SC;UOP01-DEL06-SC;;;
699656;21/06/2025;s�bado;21:10:00;RS;153;679;BAGE;Velocidade Incompat�vel;Sa�da de leito carro��vel;Com V�timas Feridas;Plena Noite;Decrescente;C�u Claro;Simples;Reta;N�o;3;0;0;1;1;1;1;2;-31,43355624;-54,05017018;SPRF-RS;DEL11-RS;UOP03-DEL11-RS;;;
699657;21/06/2025;s�bado;21:50:00;SP;116;52,4;LORENA;Aus�ncia de rea��o do condutor;Colis�o traseira;Com V�timas Feridas;Plena Noite;Crescente;C�u Claro;Dupla;Reta;Sim;2;0;2;0;0;0;2;2;-22,7491741;-45,10299373;SPRF-SP;DEL08-SP;UOP02-DEL08-SP;;;
699658;21/06/2025;s�bado;23:00:00;MG;50;69;UBERLANDIA;Ingest�o de �lcool pelo condutor;Colis�o com objeto;Sem V�timas;Plena Noite;Crescente;C�u Claro;Dupla;Reta;Sim;1;0;0;0;1;0;0;1;-18,88442654;-48,26579181;SPRF-MG;DEL15-MG;UOP01-DEL15-MG;;;
699659;21/06/2025;s�bado;23:00:00;PB;101;11,6;MAMANGUAPE;Aus�ncia de rea��o do condutor;Queda de ocupante de ve�culo;Com V�timas Feridas;Plena Noite;Decrescente;Nublado;Dupla;"Reta;Declive";Sim;1;0;1;0;0;0;1;1;-6,60092;-35,14336;SPRF-PB;DEL01-PB;UOP03-DEL01-PB;;;
699660;21/06/2025;s�bado;22:30:00;GO;153;615;MORRINHOS;Velocidade Incompat�vel;Sa�da de leito carro��vel;Com V�timas Fatais;Plena Noite;Decrescente;C�u Claro;Dupla;Reta;N�o;3;1;0;2;0;0;2;1;-17,672581;-49,163759;SPRF-GO;DEL03-GO;UOP01-DEL03-GO;;;
699661;21/06/2025;s�bado;23:15:00;SC;101;116;ITAJAI;Pedestre cruzava a pista fora da faixa;Atropelamento de Pedestre;Com V�timas Feridas;Plena Noite;Crescente;C�u Claro;M�ltipla;Reta;Sim;2;0;0;1;1;0;1;2;-26,88106659;-48,72518985;SPRF-SC;DEL04-SC;UOP04-DEL04-SC;;;
699662;21/06/2025;s�bado;18:45:00;RO;421;5,9;CAMPO NOVO DE RONDONIA;Aus�ncia de rea��o do condutor;Colis�o frontal;Com V�timas Feridas;Plena Noite;Decrescente;C�u Claro;Simples;Declive;N�o;2;0;0;2;0;0;2;2;-10,40296043;-63,45578671;SPRF-RO;DEL03-RO;UOP01-DEL03-RO;;;
699663;21/06/2025;s�bado;22:50:00;RS;285;328,9;CARAZINHO;Ingest�o de �lcool pelo condutor;Colis�o frontal;Com V�timas Feridas;Plena Noite;Crescente;C�u Claro;Simples;"Reta;Ponte";N�o;5;0;5;0;0;0;5;3;-28,29426;-52,73105;SPRF-RS;DEL08-RS;UOP03-DEL08-RS;;;