id;data_inversa;dia_semana;horario;uf;br;km;municipio;causa_acidente;tipo_acidente;classificacao_acidente;fase_dia;sentido_via;condicao_metereologica;tipo_pista;tracado_via;uso_solo;pessoas;mortos;feridos_leves;feridos_graves;ilesos;ignorados;feridos;veiculos;latitude;longitude;regional;delegacia;uop;;;
699664;21/06/2025;s�bado;21:40:00;AC;364;119;RIO BRANCO;Ilumina��o deficiente;Atropelamento de Animal;Com V�timas Feridas;Plena Noite;Decrescente;C�u Claro;Dupla;"Reta;Declive";N�o;2;0;2;0;0;0;2;1;-10,01283847;-67,73765803;SPRF-AC;DEL01-AC;UOP01-DEL01-AC;;;
699666;21/06/2025;s�bado;22:55:00;PB;104;114,9;LAGOA SECA;Condutor deixou de manter dist�ncia do ve�culo da frente;Colis�o traseira;Com V�timas Feridas;Plena Noite;Crescente;Nevoeiro/Neblina;Simples;Reta;Sim;2;0;1;0;1;0;1;2;-7,163378;-35,857593;SPRF-PB;DEL02-PB;UOP04-DEL02-PB;;;
699667;21/06/2025;s�bado;22:47:00;PR;376;596;CURITIBA;Aus�ncia de rea��o do condutor;Colis�o lateral mesmo sentido;Com V�timas Feridas;Plena Noite;Decrescente;Nublado;Dupla;Reta;N�o;2;0;1;0;1;0;1;2;-25,469;-49,355;SPRF-PR;DEL01-PR;UOP03-DEL01-PR;;;
699668;21/06/2025;s�bado;22:40:00;PR;376;596;CURITIBA;Velocidade Incompat�vel;Colis�o traseira;Sem V�timas;Plena Noite;Decrescente;C�u Claro;Dupla;Reta;N�o;2;0;0;0;2;0;0;2;-25,47039868;-49,35411572;SPRF-PR;DEL01-PR;UOP03-DEL01-PR;;;
699669;21/06/2025;s�bado;23:30:00;SC;282;205;LAGES;Aus�ncia de rea��o do condutor;Sa�da de leito carro��vel;Sem V�timas;Plena Noite;Crescente;Nevoeiro/Neblina;Simples;"Declive;Reta";N�o;3;0;0;0;3;0;0;1;-27,77012947;-50,18031556;SPRF-SC;DEL05-SC;UOP01-DEL05-SC;;;
699671;21/06/2025;s�bado;21:00:00;RO;364;667;CANDEIAS DO JAMARI;Aus�ncia de rea��o do condutor;Sa�da de leito carro��vel;Com V�timas Fatais;Plena Noite;Crescente;C�u Claro;M�ltipla;Curva;N�o;1;1;0;0;0;0;0;1;-8,77504853;-63,48037398;SPRF-RO;DEL01-RO;UOP01-DEL01-RO;;;
699672;22/06/2025;domingo;00:25:00;PR;476;154;ARAUCARIA;Aus�ncia de rea��o do condutor;Colis�o traseira;Com V�timas Feridas;Plena Noite;Decrescente;Garoa/Chuvisco;Dupla;Reta;N�o;2;0;1;0;1;0;1;2;-25,5851819;-49,40174103;SPRF-PR;DEL01-PR;UOP06-DEL01-PR;;;
699673;21/06/2025;s�bado;19:20:00;PR;369;169;ROLANDIA;Chuva;Tombamento;Com V�timas Feridas;Plena Noite;Decrescente;Chuva;Dupla;Reta;N�o;1;0;1;0;0;0;1;1;-23,3025962;-51,3343073;SPRF-PR;DEL07-PR;UOP01-DEL07-PR;;;
699675;22/06/2025;domingo;00:17:00;BA;116;206;EUCLIDES DA CUNHA;Pedestre andava na pista;Atropelamento de Pedestre;Com V�timas Fatais;Plena Noite;Decrescente;C�u Claro;Simples;Reta;N�o;2;1;0;0;0;1;0;2;-10,475342;-39,021393;SPRF-BA;DEL07-BA;UOP03-DEL07-BA;;;
699676;21/06/2025;s�bado;22:45:00;RS;470;64,2;CAPAO BONITO DO SUL;Demais falhas mec�nicas ou el�tricas;Inc�ndio;Sem V�timas;Plena Noite;Decrescente;Nublado;Simples;Reta;N�o;1;0;0;0;0;1;0;1;-28,09732946;-51,47912168;SPRF-RS;DEL08-RS;UOP05-DEL08-RS;;;
699677;22/06/2025;domingo;00:23:00;RO;364;361,1;JI-PARANA;Pedestre andava na pista;Atropelamento de Pedestre;Com V�timas Fatais;Plena Noite;Decrescente;C�u Claro;Simples;Reta;N�o;4;1;0;0;3;0;0;2;-10,77844;-62,06739;SPRF-RO;DEL02-RO;UOP01-DEL02-RO;;;
699680;22/06/2025;domingo;01:50:00;RJ;116;174;SAO JOAO DE MERITI;Manobra de mudan�a de faixa;Queda de ocupante de ve�culo;Com V�timas Feridas;Plena Noite;Decrescente;C�u Claro;M�ltipla;Reta;Sim;1;0;0;1;0;0;1;1;-22,79709026;-43,35916869;SPRF-RJ;DEL06-RJ;UOP01-DEL06-RJ;;;
699681;22/06/2025;domingo;02:50:00;SC;280;57,5;GUARAMIRIM;Ingest�o de �lcool pelo condutor;Colis�o com objeto;Sem V�timas;Plena Noite;Crescente;Garoa/Chuvisco;Simples;"Reta;Rotat�ria";N�o;2;0;0;0;1;1;0;1;-26,47437531;-49,0205354;SPRF-SC;DEL03-SC;UOP03-DEL03-SC;;;
699682;22/06/2025;domingo;02:00:00;PI;316;13,5;TERESINA;Animais na Pista;Atropelamento de Animal;Com V�timas Feridas;Plena Noite;Crescente;C�u Claro;Dupla;"Reta;Retorno Regulamentado";N�o;2;0;1;1;0;0;2;1;-5,214572;-42,753975;SPRF-PI;DEL01-PI;UOP02-DEL01-PI;;;
699683;22/06/2025;domingo;01:45:00;BA;101;876;TEIXEIRA DE FREITAS;Condutor deixou de manter dist�ncia do ve�culo da frente;Colis�o traseira;Com V�timas Feridas;Plena Noite;Decrescente;Nublado;Simples;"Reta;Interse��o de Vias";Sim;4;0;2;1;0;1;3;2;-17,535025;-39,712988;SPRF-BA;DEL09-BA;UOP02-DEL09-BA;;;
699684;22/06/2025;domingo;01:40:00;RJ;101;395;RIO DE JANEIRO;Ingest�o de �lcool pelo condutor;Colis�o frontal;Com V�timas Feridas;Plena Noite;Decrescente;C�u Claro;Dupla;Reta;N�o;2;0;2;0;0;0;2;2;-22,877858;-43,734676;SPRF-RJ;DEL03-RJ;UOP01-DEL03-RJ;;;
699685;22/06/2025;domingo;03:00:00;RS;290;70;GRAVATAI;Aus�ncia de rea��o do condutor;Colis�o com objeto;Sem V�timas;Plena Noite;Crescente;Nevoeiro/Neblina;Dupla;Reta;N�o;1;0;0;0;0;1;0;1;-29,94907637;-50,95784537;SPRF-RS;DEL03-RS;UOP01-DEL03-RS;;;
699686;22/06/2025;domingo;03:50:00;SP;116;158,5;JACAREI;Entrada inopinada do pedestre;Atropelamento de Pedestre;Com V�timas Fatais;Plena Noite;Crescente;C�u Claro;Dupla;"Declive;Reta";N�o;5;1;2;0;1;1;2;2;-23,26267;-45,955296;SPRF-SP;DEL02-SP;UOP01-DEL02-SP;;;
699687;22/06/2025;domingo;03:20:00;PR;373;174;PONTA GROSSA;Ingest�o de �lcool pelo condutor;Sa�da de leito carro��vel;Sem V�timas;Plena Noite;Crescente;Garoa/Chuvisco;Dupla;"Retorno Regulamentado;Reta";Sim;2;0;0;0;1;1;0;1;-25,075317;-50,210178;SPRF-PR;DEL03-PR;UOP01-DEL03-PR;;;
699688;22/06/2025;domingo;04:20:00;SC;101;215;PALHOCA;Velocidade Incompat�vel;Colis�o com objeto;Com V�timas Feridas;Plena Noite;Crescente;Garoa/Chuvisco;M�ltipla;Reta;Sim;1;0;1;0;0;0;1;1;-27,65132035;-48,67569773;SPRF-SC;DEL01-SC;UOP02-DEL01-SC;;;
699692;22/06/2025;domingo;03:20:00;MG;116;493,9;INHAPIM;Ingest�o de �lcool pelo condutor;Colis�o frontal;Com V�timas Feridas;Plena Noite;Crescente;C�u Claro;Simples;Reta;N�o;2;0;0;1;1;0;1;2;-19,46735426;-42,10312843;SPRF-MG;DEL06-MG;UOP02-DEL06-MG;;;
699693;22/06/2025;domingo;06:00:00;ES;101;280,5;SERRA;Demais falhas mec�nicas ou el�tricas;Queda de ocupante de ve�culo;Com V�timas Feridas;Amanhecer;Decrescente;Nublado;Dupla;Reta;N�o;1;0;1;0;0;0;1;1;-20,04888867;-40,38648021;SPRF-ES;DEL02-ES;UOP01-DEL02-ES;;;
699694;22/06/2025;domingo;05:20:00;MG;40;677,1;CARANDAI;Aus�ncia de rea��o do condutor;Sa�da de leito carro��vel;Com V�timas Feridas;Amanhecer;Crescente;C�u Claro;Simples;Reta;N�o;1;0;1;0;0;0;1;1;-21,01509585;-43,77955737;SPRF-MG;DEL05-MG;UOP02-DEL05-MG;;;
699695;22/06/2025;domingo;06:10:00;GO;153;436,4;ANAPOLIS;Ingest�o de �lcool pelo condutor;Sa�da de leito carro��vel;Com V�timas Feridas;Pleno dia;Decrescente;C�u Claro;Dupla;"Curva;Em Obras;Desvio Tempor�rio";N�o;1;0;1;0;0;0;1;1;-16,296971;-48,929428;SPRF-GO;DEL02-GO;UOP01-DEL02-GO;;;
699698;22/06/2025;domingo;04:30:00;MG;116;365,8;FREI INOCENCIO;Condutor Dormindo;Sa�da de leito carro��vel;Com V�timas Fatais;Plena Noite;Crescente;C�u Claro;Simples;Reta;N�o;5;3;0;2;0;0;2;1;-18,501123;-41,876604;SPRF-MG;DEL11-MG;UOP01-DEL11-MG;;;
699699;22/06/2025;domingo;06:00:00;SE;101;108;SAO CRISTOVAO;Demais Fen�menos da natureza;Sa�da de leito carro��vel;Com V�timas Feridas;Amanhecer;Decrescente;Sol;Dupla;Aclive;N�o;1;0;1;0;0;0;1;1;-10,96538121;-37,26667492;SPRF-SE;DEL02-SE;UOP01-DEL02-SE;;;
699700;22/06/2025;domingo;06:20:00;RS;158;325;SANTA MARIA;Aus�ncia de rea��o do condutor;Colis�o com objeto;Com V�timas Feridas;Pleno dia;Decrescente;C�u Claro;M�ltipla;"Reta;Aclive";Sim;1;0;0;1;0;0;1;1;-29,7125077;-53,80612062;SPRF-RS;DEL09-RS;UOP01-DEL09-RS;;;
699701;22/06/2025;domingo;05:30:00;BA;367;51;PORTO SEGURO;Condutor Dormindo;Colis�o lateral sentido oposto;Com V�timas Feridas;Pleno dia;Decrescente;C�u Claro;Simples;Curva;N�o;3;0;0;3;0;0;3;3;-16,3734;-39,3085;SPRF-BA;DEL09-BA;UOP03-DEL09-BA;;;
699702;22/06/2025;domingo;06:40:00;PB;101;90;JOAO PESSOA;Condutor deixou de manter dist�ncia do ve�culo da frente;Tombamento;Com V�timas Feridas;Pleno dia;Decrescente;Nublado;Dupla;Reta;Sim;1;0;1;0;0;0;1;1;-7,17903;-34,89995;SPRF-PB;DEL01-PB;UOP01-DEL01-PB;;;
699703;22/06/2025;domingo;05:50:00;DF;60;8;BRASILIA;Condutor deixou de manter dist�ncia do ve�culo da frente;Colis�o traseira;Sem V�timas;Pleno dia;Crescente;Sol;Dupla;"Declive;Reta";Sim;2;0;0;0;2;0;0;2;-15,903778;-48,132902;SPRF-DF;DEL03-DF;UOP01-DEL03-DF;;;
699704;21/06/2025;s�bado;23:00:00;RJ;101;389,3;RIO DE JANEIRO;Velocidade Incompat�vel;Colis�o com objeto;Com V�timas Feridas;Plena Noite;Crescente;C�u Claro;Dupla;Reta;Sim;2;0;0;2;0;0;2;1;-22,89439;-43,677726;SPRF-RJ;DEL03-RJ;UOP01-DEL03-RJ;;;
699705;22/06/2025;domingo;04:15:00;MT;364;547;DIAMANTINO;Condutor Dormindo;Sa�da de leito carro��vel;Sem V�timas;Plena Noite;Decrescente;C�u Claro;Dupla;Reta;N�o;2;0;0;0;2;0;0;1;-14,244003;-56,126951;SPRF-MT;DEL01-MT;UOP01-DEL01-MT;;;
699706;22/06/2025;domingo;07:10:00;RS;116;401;CAMAQUA;Aus�ncia de rea��o do condutor;Atropelamento de Pedestre;Sem V�timas;Amanhecer;Crescente;C�u Claro;Simples;Desvio Tempor�rio;Sim;4;0;0;0;4;0;0;2;-30,87109389;-51,80672832;SPRF-RS;DEL02-RS;UOP02-DEL02-RS;;;
699707;08/06/2025;domingo;09:00:00;PR;476;115,2;COLOMBO;Convers�o proibida;Colis�o transversal;Com V�timas Feridas;Pleno dia;Decrescente;Ignorado;Simples;Reta;N�o;2;0;1;0;1;0;1;2;-25,3454324;-49,1605403;SPRF-PR;DEL01-PR;UOP01-DEL01-PR;;;
699708;22/06/2025;domingo;07:00:00;RS;290;111;ELDORADO DO SUL;Condutor Dormindo;Sa�da de leito carro��vel;Sem V�timas;Amanhecer;Crescente;Garoa/Chuvisco;Dupla;Curva;N�o;1;0;0;0;1;0;0;1;-30,03724186;-51,32807887;SPRF-RS;DEL02-RS;UOP01-DEL02-RS;;;
699710;22/06/2025;domingo;05:05:00;CE;222;251,9;SOBRAL;Acessar a via sem observar a presen�a dos outros ve�culos;Colis�o frontal;Com V�timas Feridas;Amanhecer;Decrescente;C�u Claro;Simples;"Reta;Interse��o de Vias";N�o;19;0;1;0;18;0;1;2;-3,75558334;-40,58243752;SPRF-CE;DEL04-CE;UOP01-DEL04-CE;;;
699711;22/06/2025;domingo;05:05:00;MT;158;641;NOVA XAVANTINA;Ingest�o de �lcool pelo condutor;Sa�da de leito carro��vel;Sem V�timas;Pleno dia;Decrescente;C�u Claro;Simples;Reta;N�o;2;0;0;0;2;0;0;1;-14,61236371;-52,35828638;SPRF-MT;DEL07-MT;UOP02-DEL07-MT;;;
699712;22/06/2025;domingo;07:10:00;PB;230;13,9;CABEDELO;Aus�ncia de rea��o do condutor;Tombamento;Com V�timas Feridas;Pleno dia;Decrescente;Nublado;Dupla;Rotat�ria;Sim;1;0;0;1;0;0;1;1;-7,089975;-34,848384;SPRF-PB;DEL01-PB;UOP01-DEL01-PB;;;
699713;09/02/2025;domingo;23:15:00;SC;101;271;IMBITUBA;Velocidade Incompat�vel;Colis�o frontal;Com V�timas Feridas;Plena Noite;Crescente;C�u Claro;Dupla;Reta;N�o;4;0;2;2;0;0;4;2;-28,11011972;-48,70211279;SPRF-SC;DEL02-SC;UOP03-DEL02-SC;;;
699714;22/06/2025;domingo;07:45:00;RS;116;512,7;PELOTAS;Rea��o tardia ou ineficiente do condutor;Colis�o com objeto;Com V�timas Feridas;Amanhecer;Decrescente;C�u Claro;Dupla;Curva;Sim;1;0;1;0;0;0;1;1;-31,64031352;-52,33397408;SPRF-RS;DEL07-RS;UOP01-DEL07-RS;;;
699715;22/06/2025;domingo;06:45:00;PR;277;596,2;CASCAVEL;Animais na Pista;Atropelamento de Animal;Com V�timas Feridas;Amanhecer;Crescente;C�u Claro;Dupla;Reta;N�o;2;0;2;0;0;0;2;1;-24,993;-53,512;SPRF-PR;DEL04-PR;UOP01-DEL04-PR;;;
699716;19/06/2025;quinta-feira;19:00:00;RJ;101;317;SAO GONCALO;Acessar a via sem observar a presen�a dos outros ve�culos;Colis�o lateral mesmo sentido;Com V�timas Feridas;Plena Noite;Decrescente;C�u Claro;Dupla;Reta;Sim;2;0;1;0;1;0;1;2;-22,83668884;-43,09384865;SPRF-RJ;DEL02-RJ;UOP02-DEL02-RJ;;;
699717;22/06/2025;domingo;08:00:00;PR;116;43;CAMPINA GRANDE DO SUL;Velocidade Incompat�vel;Capotamento;Com V�timas Feridas;Pleno dia;Crescente;Chuva;Simples;Curva;N�o;1;0;1;0;0;0;1;1;-25,185853;-48,886155;SPRF-PR;DEL01-PR;UOP02-DEL01-PR;;;
699718;22/06/2025;domingo;08:20:00;PE;101;53,3;PAULISTA;Chuva;Capotamento;Com V�timas Feridas;Pleno dia;Decrescente;Chuva;Dupla;Curva;N�o;3;0;2;0;1;0;2;1;-7,933368;-34,902327;SPRF-PE;DEL01-PE;UOP02-DEL01-PE;;;
699719;22/06/2025;domingo;08:00:00;RN;226;59;SENADOR ELOI DE SOUZA;Ingest�o de �lcool pelo condutor;Colis�o frontal;Com V�timas Fatais;Pleno dia;Decrescente;Sol;Simples;Reta;N�o;9;3;2;3;0;1;5;3;-6,037175;-35,669577;SPRF-RN;DEL01-RN;UOP02-DEL01-RN;;;
699720;22/06/2025;domingo;08:30:00;MG;354;767;ITAMONTE;Rea��o tardia ou ineficiente do condutor;Colis�o frontal;Com V�timas Feridas;Pleno dia;Crescente;C�u Claro;Simples;Curva;N�o;3;0;2;0;1;0;2;2;-22,35029411;-44,80481029;SPRF-MG;DEL17-MG;UOP01-DEL17-MG;;;
699721;22/06/2025;domingo;08:10:00;RJ;116;148;DUQUE DE CAXIAS;Acumulo de areia ou detritos sobre o pavimento;Tombamento;Com V�timas Feridas;Pleno dia;Crescente;C�u Claro;Dupla;Curva;Sim;2;0;2;0;0;0;2;1;-22,6689024;-43,2799744;SPRF-RJ;DEL01-RJ;UOP02-DEL01-RJ;;;
699722;22/06/2025;domingo;08:15:00;MG;262;383;FLORESTAL;Velocidade Incompat�vel;Sa�da de leito carro��vel;Com V�timas Feridas;Pleno dia;Crescente;C�u Claro;Dupla;Curva;N�o;1;0;1;0;0;0;1;1;-19,93500156;-44,45750481;SPRF-MG;DEL01-MG;UOP03-DEL01-MG;;;
699723;22/06/2025;domingo;09:20:00;PB;101;85;BAYEUX;Acostamento em desn�vel;Tombamento;Com V�timas Feridas;Pleno dia;Crescente;C�u Claro;Dupla;Reta;Sim;2;0;1;0;1;0;1;1;-7,14357061;-34,91857738;SPRF-PB;DEL01-PB;UOP01-DEL01-PB;;;
699728;22/06/2025;domingo;09:40:00;PR;376;617;SAO JOSE DOS PINHAIS;Velocidade Incompat�vel;Colis�o traseira;Com V�timas Feridas;Pleno dia;Crescente;Garoa/Chuvisco;Dupla;Curva;N�o;6;0;5;0;1;0;5;2;-25,59089547;-49,1716489;SPRF-PR;DEL01-PR;UOP04-DEL01-PR;;;
699729;22/06/2025;domingo;10:35:00;CE;116;1;FORTALEZA;Aus�ncia de rea��o do condutor;Colis�o traseira;Com V�timas Feridas;Pleno dia;Decrescente;C�u Claro;M�ltipla;Reta;Sim;1;0;0;1;0;0;1;1;-3,7709475;-38,516836;SPRF-CE;DEL01-CE;UOP02-DEL01-CE;;;
699730;22/06/2025;domingo;10:25:00;PR;376;159,4;MANDAGUACU;Aus�ncia de rea��o do condutor;Sa�da de leito carro��vel;Com V�timas Feridas;Pleno dia;Crescente;Nublado;Dupla;Curva;N�o;1;0;1;0;0;0;1;1;-23,3644432;-52,0837393;SPRF-PR;DEL09-PR;UOP02-DEL09-PR;;;
699731;22/06/2025;domingo;09:30:00;MG;50;168,9;UBERABA;Demais falhas mec�nicas ou el�tricas;Tombamento;Com V�timas Feridas;Pleno dia;Crescente;Sol;Dupla;"Declive;Reta";N�o;1;0;1;0;0;0;1;1;-19,72615019;-47,98102856;SPRF-MG;DEL13-MG;UOP01-DEL13-MG;;;
699732;22/06/2025;domingo;08:00:00;MG;267;213,3;BOM JARDIM DE MINAS;Convers�o proibida;Colis�o transversal;Com V�timas Feridas;Pleno dia;Decrescente;C�u Claro;Simples;"Curva;Rotat�ria;Declive;Interse��o de Vias";N�o;6;0;2;0;4;0;2;2;-21,936688;-44,193527;SPRF-MG;DEL17-MG;UOP01-DEL17-MG;;;
699733;22/06/2025;domingo;09:45:00;MG;381;439,5;SABARA;Velocidade Incompat�vel;Colis�o traseira;Com V�timas Feridas;Pleno dia;Crescente;Sol;Simples;"Reta;Aclive";N�o;6;0;1;0;5;0;1;5;-19,80926002;-43,76815308;SPRF-MG;DEL01-MG;UOP01-DEL01-MG;;;
699735;22/06/2025;domingo;09:40:00;PI;316;2,4;TERESINA;Velocidade Incompat�vel;Colis�o traseira;Com V�timas Feridas;Pleno dia;Decrescente;Sol;M�ltipla;"Interse��o de Vias;Reta;Rotat�ria";Sim;3;0;1;0;1;1;1;3;-5,1237766;-42,7948558;SPRF-PI;DEL01-PI;UOP02-DEL01-PI;;;
699736;22/06/2025;domingo;10:20:00;PR;116;26;ANTONINA;Velocidade Incompat�vel;Sa�da de leito carro��vel;Com V�timas Feridas;Pleno dia;Decrescente;Chuva;Dupla;"Declive;Curva";N�o;2;0;1;0;1;0;1;2;-25,11155955;-48,76530647;SPRF-PR;DEL01-PR;UOP02-DEL01-PR;;;
699737;22/06/2025;domingo;10:30:00;GO;60;29;ALEXANIA;Rea��o tardia ou ineficiente do condutor;Colis�o lateral mesmo sentido;Com V�timas Feridas;Pleno dia;Decrescente;C�u Claro;Dupla;Declive;N�o;3;0;1;1;1;0;2;2;-16,097775;-48,48135;SPRF-DF;DEL03-DF;UOP01-DEL03-DF;;;
699738;22/06/2025;domingo;10:37:00;MS;262;409;TERENOS;Aus�ncia de rea��o do condutor;Colis�o traseira;Com V�timas Feridas;Pleno dia;Crescente;C�u Claro;Simples;Reta;N�o;3;0;1;0;2;0;1;2;-20,4378926;-55,103871;SPRF-MS;DEL01-MS;UOP03-DEL01-MS;;;
699739;22/06/2025;domingo;11:25:00;SC;282;54,9;AGUAS MORNAS;Aus�ncia de rea��o do condutor;Sa�da de leito carro��vel;Com V�timas Feridas;Pleno dia;Crescente;Nublado;Simples;Curva;N�o;4;0;3;0;1;0;3;2;-27,68960835;-48,98288727;SPRF-SC;DEL01-SC;UOP03-DEL01-SC;;;
699741;22/06/2025;domingo;11:30:00;SP;116;361,8;MIRACATU;Rea��o tardia ou ineficiente do condutor;Tombamento;Com V�timas Feridas;Pleno dia;Decrescente;Chuva;Dupla;Curva;N�o;2;0;1;0;1;0;1;1;-24,12102036;-47,26856307;SPRF-SP;DEL04-SP;UOP03-DEL04-SP;;;
699742;22/06/2025;domingo;12:00:00;BA;101;714;EUNAPOLIS;Transitar na contram�o;Colis�o transversal;Sem V�timas;Pleno dia;Crescente;C�u Claro;Simples;Reta;Sim;4;0;0;0;3;1;0;2;-16,34575555;-39,58065033;SPRF-BA;DEL09-BA;UOP01-DEL09-BA;;;
699745;22/06/2025;domingo;09:30:00;SC;101;100;BALNEARIO PICARRAS;Rea��o tardia ou ineficiente do condutor;Sa�da de leito carro��vel;Com V�timas Feridas;Pleno dia;Crescente;Chuva;Dupla;Reta;Sim;1;0;1;0;0;0;1;1;-26,75502721;-48,68987974;SPRF-SC;DEL03-SC;UOP02-DEL03-SC;;;
699746;22/06/2025;domingo;10:48:00;MG;116;608;SAO JOAO DO MANHUACU;Acessar a via sem observar a presen�a dos outros ve�culos;Colis�o transversal;Com V�timas Feridas;Pleno dia;Crescente;C�u Claro;Simples;"Reta;Interse��o de Vias";Sim;2;0;1;0;1;0;1;2;-20,40770758;-42,15213776;SPRF-MG;DEL06-MG;UOP03-DEL06-MG;;;
699747;22/06/2025;domingo;08:30:00;SC;101;88;BARRA VELHA;Aus�ncia de rea��o do condutor;Capotamento;Com V�timas Feridas;Pleno dia;Decrescente;Chuva;Simples;"Reta;Interse��o de Vias";Sim;2;0;1;0;0;1;1;1;-26,64939392;-48,68642204;SPRF-SC;DEL03-SC;UOP02-DEL03-SC;;;
699748;22/06/2025;domingo;12:50:00;MG;262;792;UBERABA;Rea��o tardia ou ineficiente do condutor;Tombamento;Com V�timas Feridas;Pleno dia;Crescente;C�u Claro;Simples;Reta;N�o;2;0;1;1;0;0;2;1;-19,757447;-47,822421;SPRF-MG;DEL13-MG;UOP01-DEL13-MG;;;
699749;22/06/2025;domingo;13:05:00;PR;376;616,5;SAO JOSE DOS PINHAIS;Manobra de mudan�a de faixa;Colis�o lateral mesmo sentido;Com V�timas Feridas;Pleno dia;Decrescente;Sol;Dupla;"Reta;Aclive";Sim;3;0;2;0;0;1;2;2;-25,5861656;-49,17336702;SPRF-PR;DEL01-PR;UOP04-DEL01-PR;;;
699750;22/06/2025;domingo;12:40:00;GO;414;303;VILA PROPICIO;Aus�ncia de rea��o do condutor;Sa�da de leito carro��vel;Com V�timas Feridas;Pleno dia;Decrescente;C�u Claro;Simples;Reta;N�o;1;0;1;0;0;0;1;1;-15,229287;-48,694351;SPRF-GO;DEL02-GO;UOP01-DEL02-GO;;;
699751;22/06/2025;domingo;10:40:00;RJ;101;80;CAMPOS DOS GOYTACAZES;Aus�ncia de rea��o do condutor;Colis�o frontal;Com V�timas Feridas;Pleno dia;Crescente;C�u Claro;Simples;Reta;Sim;3;0;1;0;1;1;1;3;-21,8237829;-41,4099507;SPRF-RJ;DEL08-RJ;UOP02-DEL08-RJ;;;
699752;22/06/2025;domingo;13:30:00;ES;101;335,6;GUARAPARI;Rea��o tardia ou ineficiente do condutor;Colis�o transversal;Com V�timas Feridas;Pleno dia;Crescente;C�u Claro;Dupla;Curva;N�o;3;0;1;0;2;0;1;2;-20,62791666;-40,53403166;SPRF-ES;DEL03-ES;UOP01-DEL03-ES;;;
699753;22/06/2025;domingo;11:30:00;MG;40;607,1;CONGONHAS;Aus�ncia de rea��o do condutor;Colis�o com objeto;Com V�timas Feridas;Pleno dia;Decrescente;C�u Claro;Simples;"Reta;Aclive";N�o;4;0;2;0;2;0;2;2;-20,48010752;-43,84078056;SPRF-MG;DEL05-MG;UOP02-DEL05-MG;;;
699754;22/06/2025;domingo;12:30:00;RJ;465;2;SEROPEDICA;Retorno proibido;Colis�o lateral mesmo sentido;Com V�timas Feridas;Pleno dia;Crescente;C�u Claro;Simples;Reta;Sim;3;0;2;0;1;0;2;2;-22,72243625;-43,72344017;SPRF-RJ;DEL06-RJ;UOP02-DEL06-RJ;;;
699758;22/06/2025;domingo;13:10:00;SC;282;3,9;FLORIANOPOLIS;Condutor deixou de manter dist�ncia do ve�culo da frente;Colis�o lateral mesmo sentido;Com V�timas Feridas;Pleno dia;Crescente;Garoa/Chuvisco;Simples;Reta;Sim;3;0;2;0;0;1;2;2;-27,59291;-48,60314;SPRF-SC;DEL01-SC;UOP01-DEL01-SC;;;
699759;22/06/2025;domingo;09:20:00;SC;101;57,8;ARAQUARI;Velocidade Incompat�vel;Sa�da de leito carro��vel;Com V�timas Fatais;Pleno dia;Crescente;Chuva;Dupla;"Declive;Curva";N�o;8;1;3;1;3;0;4;3;-26,439197;-48,802252;SPRF-SC;DEL03-SC;UOP01-DEL03-SC;;;
699761;22/06/2025;domingo;14:15:00;MG;381;399;BOM JESUS DO AMPARO;Manobra de mudan�a de faixa;Queda de ocupante de ve�culo;Com V�timas Feridas;Pleno dia;Crescente;C�u Claro;Dupla;"Declive;Curva";N�o;2;0;1;0;0;1;1;2;-19,74996802;-43,4856877;SPRF-MG;DEL01-MG;UOP01-DEL01-MG;;;
699763;22/06/2025;domingo;14:15:00;MA;316;256;PINDARE-MIRIM;Ingest�o de �lcool pelo condutor;Colis�o traseira;Com V�timas Feridas;Pleno dia;Crescente;C�u Claro;Simples;"Declive;Reta";Sim;3;0;2;0;1;0;2;2;-3,65733433;-45,42606354;SPRF-MA;DEL02-MA;UOP01-DEL02-MA;;;
699765;22/06/2025;domingo;14:20:00;RN;101;79;SAO GONCALO DO AMARANTE;Acessar a via sem observar a presen�a dos outros ve�culos;Colis�o traseira;Com V�timas Feridas;Pleno dia;Crescente;C�u Claro;Dupla;"Reta;Interse��o de Vias";Sim;2;0;1;0;1;0;1;2;-5,75344505;-35,28895346;SPRF-RN;DEL02-RN;UOP01-DEL02-RN;;;
699766;22/06/2025;domingo;09:48:00;RS;116;236,4;NOVO HAMBURGO;Rea��o tardia ou ineficiente do condutor;Tombamento;Com V�timas Fatais;Pleno dia;Decrescente;Nublado;Dupla;Reta;Sim;3;1;0;0;1;1;0;3;-29,674378;-51,142668;SPRF-RS;DEL01-RS;UOP02-DEL01-RS;;;
699767;22/06/2025;domingo;13:15:00;RO;364;11;VILHENA;Transitar na contram�o;Colis�o transversal;Com V�timas Feridas;Pleno dia;Crescente;Sol;Dupla;Interse��o de Vias;Sim;2;0;1;0;1;0;1;2;-12,74498606;-60,11523306;SPRF-RO;DEL04-RO;UOP01-DEL04-RO;;;
699768;22/06/2025;domingo;14:30:00;ES;101;301;VIANA;Velocidade Incompat�vel;Capotamento;Com V�timas Feridas;Pleno dia;Crescente;C�u Claro;Simples;"Declive;Curva";N�o;2;0;1;0;1;0;1;1;-20,36924731;-40,44430939;SPRF-ES;DEL01-ES;UOP01-DEL01-ES;;;
699769;22/06/2025;domingo;14:30:00;SC;282;5,8;SAO JOSE;Chuva;Colis�o lateral mesmo sentido;Com V�timas Feridas;Pleno dia;Decrescente;Chuva;Dupla;"Curva;Aclive";Sim;3;0;2;0;1;0;2;2;-27,58566014;-48,61788724;SPRF-SC;DEL01-SC;UOP01-DEL01-SC;;;