id;data_inversa;dia_semana;horario;uf;br;km;municipio;causa_acidente;tipo_acidente;classificacao_acidente;fase_dia;sentido_via;condicao_metereologica;tipo_pista;tracado_via;uso_solo;pessoas;mortos;feridos_leves;feridos_graves;ilesos;ignorados;feridos;veiculos;latitude;longitude;regional;delegacia;uop;;;
699770;22/06/2025;domingo;02:35:00;MT;163;1;GUARANTA DO NORTE;Rea��o tardia ou ineficiente do condutor;Colis�o com objeto;Sem V�timas;Plena Noite;Crescente;C�u Claro;Simples;Reta;N�o;1;0;0;0;1;0;0;1;-9,5535;-54,8711;SPRF-MT;DEL02-MT;UOP03-DEL02-MT;;;
699771;22/06/2025;domingo;14:50:00;SP;381;25;BRAGANCA PAULISTA;Manobra de mudan�a de faixa;Colis�o traseira;Com V�timas Feridas;Pleno dia;Crescente;C�u Claro;Dupla;"Reta;Aclive";N�o;2;0;1;0;1;0;1;2;-23,0185817;-46,5282017;SPRF-SP;DEL03-SP;UOP02-DEL03-SP;;;
699772;22/06/2025;domingo;15:00:00;PE;101;45;IGARASSU;Rea��o tardia ou ineficiente do condutor;Queda de ocupante de ve�culo;Com V�timas Feridas;Pleno dia;Crescente;C�u Claro;M�ltipla;Reta;Sim;3;0;2;0;0;1;2;2;-7,8770983;-34,905763;SPRF-PE;DEL01-PE;UOP02-DEL01-PE;;;
699773;22/06/2025;domingo;14:00:00;PR;116;70,9;QUATRO BARRAS;Demais falhas mec�nicas ou el�tricas;Queda de ocupante de ve�culo;Com V�timas Feridas;Pleno dia;Decrescente;Sol;Dupla;Curva;N�o;1;0;1;0;0;0;1;1;-25,345547;-49,043908;SPRF-PR;DEL01-PR;UOP02-DEL01-PR;;;
699774;22/06/2025;domingo;14:30:00;RS;448;22;PORTO ALEGRE;Mal s�bito do condutor;Colis�o com objeto;Sem V�timas;Pleno dia;Decrescente;Chuva;Simples;Curva;N�o;1;0;0;0;1;0;0;1;-29,9743355;-51,1966069;SPRF-RS;DEL01-RS;UOP01-DEL01-RS;;;
699777;22/06/2025;domingo;13:40:00;SC;101;103;BALNEARIO PICARRAS;Aus�ncia de rea��o do condutor;Colis�o traseira;Com V�timas Feridas;Pleno dia;Decrescente;Chuva;M�ltipla;"Reta;Declive;Interse��o de Vias";N�o;3;0;3;0;0;0;3;2;-26,77673387;-48,68513759;SPRF-SC;DEL03-SC;UOP02-DEL03-SC;;;
699778;22/06/2025;domingo;13:50:00;SC;470;193;POUSO REDONDO;Acumulo de �gua sobre o pavimento;Colis�o transversal;Com V�timas Feridas;Pleno dia;Crescente;Chuva;Simples;"Declive;Curva";N�o;3;0;1;0;2;0;1;2;-27,30105815;-50,07954296;SPRF-SC;DEL04-SC;UOP02-DEL04-SC;;;
699779;22/06/2025;domingo;13:50:00;PI;343;168,9;BRASILEIRA;Acessar a via sem observar a presen�a dos outros ve�culos;Colis�o transversal;Com V�timas Fatais;Pleno dia;Crescente;C�u Claro;Simples;Reta;N�o;5;1;0;0;4;0;0;2;-4,153034;-41,784948;SPRF-PI;DEL02-PI;UOP01-DEL02-PI;;;
699780;22/06/2025;domingo;15:00:00;GO;40;131,6;CRISTALINA;Rea��o tardia ou ineficiente do condutor;Colis�o traseira;Com V�timas Feridas;Pleno dia;Decrescente;C�u Claro;Simples;"Aclive;Reta";N�o;4;0;1;1;2;0;2;3;-16,7135462;-47,6696679;SPRF-DF;DEL01-DF;UOP02-DEL01-DF;;;
699781;22/06/2025;domingo;14:30:00;MG;381;478;CONTAGEM;Trafegar com motocicleta (ou similar) entre as faixas;Colis�o traseira;Com V�timas Feridas;Pleno dia;Decrescente;C�u Claro;Dupla;"Aclive;Reta";Sim;4;0;1;1;2;0;2;2;-19,95970957;-44,03378642;SPRF-MG;DEL01-MG;UOP03-DEL01-MG;;;
699782;22/06/2025;domingo;13:50:00;PE;104;87;AGRESTINA;Acessar a via sem observar a presen�a dos outros ve�culos;Colis�o transversal;Com V�timas Feridas;Pleno dia;Decrescente;C�u Claro;Simples;Reta;Sim;2;0;0;1;1;0;1;2;-8,45568423;-35,94428337;SPRF-PE;DEL02-PE;UOP01-DEL02-PE;;;
699784;22/06/2025;domingo;15:30:00;SP;116;224;GUARULHOS;Rea��o tardia ou ineficiente do condutor;Tombamento;Com V�timas Feridas;Pleno dia;Crescente;Nublado;M�ltipla;"Reta;Em Obras";Sim;1;0;1;0;0;0;1;1;-23,48342257;-46,5364493;SPRF-SP;DEL01-SP;UOP01-DEL01-SP;;;
699788;22/06/2025;domingo;15:20:00;AL;101;122,1;SAO MIGUEL DOS CAMPOS;Transitar na contram�o;Colis�o lateral sentido oposto;Com V�timas Feridas;Pleno dia;Crescente;C�u Claro;Simples;"Declive;Curva";N�o;6;0;1;0;5;0;1;2;-9,69905761;-36,03224723;SPRF-AL;DEL02-AL;UOP01-DEL02-AL;;;
699789;22/06/2025;domingo;16:00:00;SP;116;288;ITAPECERICA DA SERRA;Transitar no Acostamento;Colis�o transversal;Com V�timas Feridas;Pleno dia;Decrescente;C�u Claro;Dupla;Reta;N�o;3;0;0;2;1;0;2;2;-23,71126325;-46,877062;SPRF-SP;DEL04-SP;UOP01-DEL04-SP;;;
699790;22/06/2025;domingo;16:50:00;PE;101;39;IGARASSU;Aus�ncia de rea��o do condutor;Colis�o lateral mesmo sentido;Com V�timas Feridas;Pleno dia;Decrescente;C�u Claro;Dupla;Retorno Regulamentado;Sim;2;0;1;0;0;1;1;2;-7,8155453;-34,9175865;SPRF-PE;DEL01-PE;UOP02-DEL01-PE;;;
699791;22/06/2025;domingo;16:50:00;SP;116;80,1;ROSEIRA;Condutor deixou de manter dist�ncia do ve�culo da frente;Colis�o traseira;Com V�timas Feridas;Pleno dia;Crescente;C�u Claro;Simples;Reta;N�o;3;0;2;0;1;0;2;2;-22,89926486;-45,30222503;SPRF-SP;DEL08-SP;UOP01-DEL08-SP;;;
699792;22/06/2025;domingo;15:50:00;RS;285;292;PASSO FUNDO;Ingest�o de �lcool pelo condutor;Sa�da de leito carro��vel;Com V�timas Feridas;Pleno dia;Decrescente;Chuva;Dupla;Rotat�ria;Sim;1;0;1;0;0;0;1;1;-28,23912744;-52,35925913;SPRF-RS;DEL08-RS;UOP03-DEL08-RS;;;
699793;22/06/2025;domingo;17:00:00;BA;242;852;BARREIRAS;Condutor deixou de manter dist�ncia do ve�culo da frente;Colis�o traseira;Sem V�timas;Pleno dia;Crescente;C�u Claro;Simples;Reta;N�o;7;0;0;0;7;0;0;2;-12,11242;-45,2709;SPRF-BA;DEL10-BA;UOP01-DEL10-BA;;;
699794;22/06/2025;domingo;17:25:00;GO;153;255;SAO LUIZ DO NORTE;Objeto est�tico sobre o leito carro��vel;Colis�o com objeto;Com V�timas Feridas;Pleno dia;Crescente;C�u Claro;Simples;Reta;N�o;3;0;0;3;0;0;3;1;-14,96686317;-49,38738585;SPRF-GO;DEL07-GO;UOP02-DEL07-GO;;;
699795;22/06/2025;domingo;14:40:00;MG;381;259;CORONEL FABRICIANO;Condutor deixou de manter dist�ncia do ve�culo da frente;Colis�o traseira;Com V�timas Feridas;Pleno dia;Decrescente;C�u Claro;Simples;Reta;N�o;3;0;1;0;2;0;1;2;-19,53455434;-42,59845734;SPRF-MG;DEL03-MG;UOP01-DEL03-MG;;;
699796;22/06/2025;domingo;14:40:00;RJ;101;573;PARATY;Aus�ncia de rea��o do condutor;Colis�o com objeto;Com V�timas Feridas;Pleno dia;Crescente;Nublado;Simples;Reta;N�o;1;0;1;0;0;0;1;1;-23,205734;-44,73138;SPRF-RJ;DEL03-RJ;UOP04-DEL03-RJ;;;
699798;22/06/2025;domingo;16:30:00;GO;60;186,2;GUAPO;Acessar a via sem observar a presen�a dos outros ve�culos;Atropelamento de Animal;Com V�timas Feridas;Pleno dia;Crescente;C�u Claro;Dupla;"Curva;Retorno Regulamentado";N�o;2;0;1;0;1;0;1;2;-16,82585724;-49,53624011;SPRF-GO;DEL01-GO;UOP02-DEL01-GO;;;
699799;22/06/2025;domingo;17:10:00;DF;60;20;BRASILIA;Demais falhas mec�nicas ou el�tricas;Tombamento;Com V�timas Feridas;Pleno dia;Decrescente;C�u Claro;Dupla;Curva;N�o;2;0;2;0;0;0;2;1;-15,928692;-48,1678365;SPRF-DF;DEL03-DF;UOP01-DEL03-DF;;;
699800;22/06/2025;domingo;15:10:00;SC;470;128;LONTRAS;Chuva;Sa�da de leito carro��vel;Com V�timas Feridas;Pleno dia;Decrescente;Chuva;Simples;"Aclive;Curva";N�o;2;0;2;0;0;0;2;1;-27,14636811;-49,54975657;SPRF-SC;DEL04-SC;UOP02-DEL04-SC;;;
699801;22/06/2025;domingo;16:40:00;SP;381;0,4;VARGEM;Manobra de mudan�a de faixa;Colis�o transversal;Sem V�timas;Pleno dia;Crescente;C�u Claro;Dupla;Reta;N�o;2;0;0;0;2;0;0;2;-22,88155252;-46,37500763;SPRF-SP;DEL03-SP;UOP02-DEL03-SP;;;
699803;22/06/2025;domingo;17:45:00;PR;476;165,4;CONTENDA;Condutor deixou de manter dist�ncia do ve�culo da frente;Colis�o traseira;Sem V�timas;Anoitecer;Crescente;C�u Claro;Simples;Reta;N�o;2;0;0;0;1;1;0;2;-25,66061787;-49,48900938;SPRF-PR;DEL01-PR;UOP06-DEL01-PR;;;
699804;22/06/2025;domingo;17:10:00;MG;40;495;ESMERALDAS;Condutor deixou de manter dist�ncia do ve�culo da frente;Engavetamento;Com V�timas Feridas;Pleno dia;Crescente;Sol;Dupla;Reta;N�o;6;0;2;0;4;0;2;4;-19,68103056;-44,18806314;SPRF-MG;DEL02-MG;UOP01-DEL02-MG;;;
699807;22/06/2025;domingo;16:20:00;RN;304;6,8;MOSSORO;Ingest�o de �lcool pelo condutor;Colis�o transversal;Com V�timas Feridas;Pleno dia;Crescente;C�u Claro;Simples;Reta;N�o;2;0;1;0;1;0;1;2;-4,931867;-37,414212;SPRF-RN;DEL04-RN;UOP02-DEL04-RN;;;
699808;22/06/2025;domingo;06:30:00;AM;319;14;CAREIRO DA VARZEA;Condutor Dormindo;Sa�da de leito carro��vel;Com V�timas Feridas;Amanhecer;Crescente;Nublado;Simples;Reta;Sim;2;0;1;1;0;0;2;2;-3,19393962;-59,86899412;SPRF-AM;DEL01-AM;UOP04-DEL01-AM;;;
699809;22/06/2025;domingo;17:15:00;MG;262;394;PARA DE MINAS;Manobra de mudan�a de faixa;Colis�o lateral mesmo sentido;Com V�timas Feridas;Anoitecer;Crescente;Ignorado;Dupla;"Curva;Retorno Regulamentado";N�o;6;0;2;0;4;0;2;2;-19,90143349;-44,54862563;SPRF-MG;DEL01-MG;UOP03-DEL01-MG;;;
699810;22/06/2025;domingo;16:40:00;GO;50;99;CRISTALINA;Ingest�o de �lcool pelo condutor;Colis�o transversal;Sem V�timas;Pleno dia;Decrescente;C�u Claro;Dupla;Reta;Sim;2;0;0;0;2;0;0;2;-16,779;-47,627;SPRF-DF;DEL01-DF;UOP02-DEL01-DF;;;
699811;22/06/2025;domingo;16:56:00;MG;381;505;BETIM;Aus�ncia de rea��o do condutor;Queda de ocupante de ve�culo;Com V�timas Feridas;Pleno dia;Decrescente;C�u Claro;Dupla;Reta;N�o;1;0;1;0;0;0;1;1;-20,03606449;-44,24532008;SPRF-MG;DEL01-MG;UOP03-DEL01-MG;;;
699813;22/06/2025;domingo;17:55:00;PB;230;22;JOAO PESSOA;Rea��o tardia ou ineficiente do condutor;Colis�o traseira;Com V�timas Feridas;Anoitecer;Crescente;Nublado;Dupla;Reta;Sim;1;0;1;0;0;0;1;1;-7,156097;-34,857388;SPRF-PB;DEL01-PB;UOP01-DEL01-PB;;;
699814;22/06/2025;domingo;18:00:00;MG;116;482,8;DOM CAVATI;Ingest�o de �lcool pelo condutor;Colis�o traseira;Com V�timas Fatais;Anoitecer;Crescente;Nublado;Simples;Reta;N�o;2;1;0;0;1;0;0;2;-19,41146103;-42,11788982;SPRF-MG;DEL06-MG;UOP02-DEL06-MG;;;
699815;22/06/2025;domingo;17:15:00;PI;343;347;TERESINA;Rea��o tardia ou ineficiente do condutor;Colis�o traseira;Com V�timas Feridas;Pleno dia;Decrescente;C�u Claro;Dupla;"Reta;Ponte";Sim;3;0;3;0;0;0;3;2;-5,115282;-42,779213;SPRF-PI;DEL01-PI;UOP01-DEL01-PI;;;
699817;22/06/2025;domingo;17:45:00;CE;116;43;HORIZONTE;Rea��o tardia ou ineficiente do condutor;Colis�o traseira;Sem V�timas;Anoitecer;Decrescente;C�u Claro;M�ltipla;Reta;Sim;2;0;0;0;1;1;0;2;-4,113517;-38,489804;SPRF-CE;DEL01-CE;UOP02-DEL01-CE;;;
699818;22/06/2025;domingo;16:40:00;CE;222;238;SOBRAL;Ingest�o de �lcool pelo condutor;Colis�o com objeto;Com V�timas Feridas;Pleno dia;Crescente;C�u Claro;Simples;Reta;N�o;1;0;0;1;0;0;1;1;-3,7081647;-40,3547808;SPRF-CE;DEL04-CE;UOP01-DEL04-CE;;;
699819;22/06/2025;domingo;17:55:00;ES;101;240,6;SERRA;Entrada inopinada do pedestre;Atropelamento de Pedestre;Com V�timas Fatais;Anoitecer;Crescente;C�u Claro;Dupla;Reta;N�o;2;1;0;0;1;0;0;2;-20,03132299;-40,39736941;SPRF-ES;DEL02-ES;UOP01-DEL02-ES;;;
699820;22/06/2025;domingo;17:00:00;RJ;116;282,3;BARRA MANSA;Manobra de mudan�a de faixa;Colis�o lateral mesmo sentido;Com V�timas Feridas;Pleno dia;Crescente;C�u Claro;Simples;"Reta;Retorno Regulamentado";N�o;2;0;1;0;1;0;1;2;-22,50841213;-44,21990767;SPRF-RJ;DEL07-RJ;UOP02-DEL07-RJ;;;
699821;22/06/2025;domingo;17:15:00;RN;110;48,3;MOSSORO;Aus�ncia de rea��o do condutor;Colis�o traseira;Com V�timas Fatais;Pleno dia;Crescente;C�u Claro;Dupla;Reta;Sim;3;1;0;0;1;1;0;3;-5,21100653;-37,3327446;SPRF-RN;DEL04-RN;UOP01-DEL04-RN;;;
699822;22/06/2025;domingo;16:19:00;RO;364;373;OURO PRETO DO OESTE;Condutor Dormindo;Sa�da de leito carro��vel;Com V�timas Feridas;Pleno dia;Decrescente;Chuva;Simples;Curva;N�o;1;0;1;0;0;0;1;1;-10,749304;-62,169524;SPRF-RO;DEL02-RO;UOP01-DEL02-RO;;;
699823;22/06/2025;domingo;18:00:00;ES;101;89,5;SAO MATEUS;Pedestre cruzava a pista fora da faixa;Atropelamento de Pedestre;Com V�timas Feridas;Plena Noite;Crescente;C�u Claro;Simples;Reta;N�o;2;0;1;1;0;0;2;2;-18,894675;-39,954436;SPRF-ES;DEL04-ES;UOP02-DEL04-ES;;;
699825;22/06/2025;domingo;17:15:00;SP;116;98;PINDAMONHANGABA;Ultrapassagem Indevida;Colis�o traseira;Com V�timas Feridas;Anoitecer;Crescente;C�u Claro;Dupla;"Reta;Interse��o de Vias";Sim;3;0;1;0;2;0;1;2;-22,9760953;-45,45215607;SPRF-SP;DEL08-SP;UOP01-DEL08-SP;;;
699826;22/06/2025;domingo;13:00:00;PR;163;172;LINDOESTE;Velocidade Incompat�vel;Colis�o com objeto;Com V�timas Feridas;Pleno dia;Decrescente;Nublado;Dupla;Curva;Sim;1;0;1;0;0;0;1;1;-25,22200365;-53,59467879;SPRF-PR;DEL05-PR;UOP05-DEL05-PR;;;
699827;22/06/2025;domingo;17:30:00;RJ;465;20;NOVA IGUACU;Convers�o proibida;Colis�o lateral sentido oposto;Com V�timas Feridas;Pleno dia;Decrescente;C�u Claro;Simples;Reta;Sim;2;0;1;0;1;0;1;2;-22,84833623;-43,60370636;SPRF-RJ;DEL06-RJ;UOP02-DEL06-RJ;;;
699828;22/06/2025;domingo;18:40:00;GO;153;517;APARECIDA DE GOIANIA;Rea��o tardia ou ineficiente do condutor;Colis�o traseira;Sem V�timas;Plena Noite;Crescente;Vento;Dupla;Reta;N�o;2;0;0;0;2;0;0;2;-16,81157977;-49,23893454;SPRF-GO;DEL01-GO;UOP03-DEL01-GO;;;
699829;22/06/2025;domingo;18:15:00;PB;230;3,5;CABEDELO;Ingest�o de �lcool pelo condutor;Colis�o transversal;Com V�timas Feridas;Plena Noite;Decrescente;C�u Claro;Dupla;"Desvio Tempor�rio;Em Obras;Reta";Sim;2;0;1;0;1;0;1;2;-6,999853;-34,828303;SPRF-PB;DEL01-PB;UOP01-DEL01-PB;;;
699830;22/06/2025;domingo;18:30:00;SC;101;335;TUBARAO;Demais falhas mec�nicas ou el�tricas;Inc�ndio;Com V�timas Feridas;Plena Noite;Crescente;Garoa/Chuvisco;Dupla;Reta;N�o;3;0;1;0;2;0;1;1;-28,48071251;-49,03447;SPRF-SC;DEL02-SC;UOP01-DEL02-SC;;;
699831;22/06/2025;domingo;17:50:00;MG;40;667,1;CARANDAI;Condutor deixou de manter dist�ncia do ve�culo da frente;Engavetamento;Com V�timas Feridas;Plena Noite;Decrescente;C�u Claro;Simples;Reta;Sim;4;0;0;2;2;0;2;3;-20,95008964;-43,79524782;SPRF-MG;DEL05-MG;UOP02-DEL05-MG;;;
699833;22/06/2025;domingo;18:08:00;MG;40;667,1;CARANDAI;Aus�ncia de rea��o do condutor;Colis�o com objeto;Sem V�timas;Plena Noite;Crescente;C�u Claro;Simples;Reta;Sim;2;0;0;0;2;0;0;2;-20,95004434;-43,79536629;SPRF-MG;DEL05-MG;UOP02-DEL05-MG;;;
699834;22/06/2025;domingo;18:30:00;SP;116;127;CACAPAVA;Manobra de mudan�a de faixa;Colis�o lateral mesmo sentido;Com V�timas Feridas;Plena Noite;Crescente;C�u Claro;Dupla;"Reta;Declive";Sim;2;0;1;0;1;0;1;2;-23,10870737;-45,70082897;SPRF-SP;DEL02-SP;UOP02-DEL02-SP;;;
699835;22/06/2025;domingo;18:50:00;PB;230;80;RIACHAO DO POCO;Ingest�o de �lcool pelo condutor;Colis�o lateral mesmo sentido;Sem V�timas;Plena Noite;Decrescente;Nublado;Dupla;"Reta;Retorno Regulamentado";N�o;2;0;0;0;2;0;0;2;-7,178604;-35,321886;SPRF-PB;DEL01-PB;UOP02-DEL01-PB;;;
699836;22/06/2025;domingo;17:40:00;MG;116;521,3;CARATINGA;Acessar a via sem observar a presen�a dos outros ve�culos;Colis�o transversal;Com V�timas Feridas;Plena Noite;Decrescente;C�u Claro;Simples;"Reta;Interse��o de Vias";N�o;5;0;1;1;2;1;2;2;-19,7414;-42,132304;SPRF-MG;DEL06-MG;UOP02-DEL06-MG;;;
699837;22/06/2025;domingo;19:00:00;RJ;116;172;RIO DE JANEIRO;Aus�ncia de rea��o do condutor;Colis�o traseira;Com V�timas Feridas;Anoitecer;Decrescente;C�u Claro;Dupla;Reta;N�o;3;0;2;0;1;0;2;2;-22,8044769;-43,3451828;SPRF-RJ;DEL06-RJ;UOP01-DEL06-RJ;;;
699839;22/06/2025;domingo;17:40:00;BA;101;103;ALAGOINHAS;Animais na Pista;Atropelamento de Animal;Com V�timas Fatais;Anoitecer;Decrescente;C�u Claro;Simples;Reta;N�o;1;1;0;0;0;0;0;1;-12,06399861;-38,31550598;SPRF-BA;DEL01-BA;UOP04-DEL01-BA;;;
699842;22/06/2025;domingo;18:30:00;AL;104;37,2;UNIAO DOS PALMARES;Ilumina��o deficiente;Colis�o traseira;Com V�timas Feridas;Plena Noite;Decrescente;C�u Claro;Simples;Reta;N�o;2;0;2;0;0;0;2;2;-9,17592166;-36,03042332;SPRF-AL;DEL01-AL;UOP02-DEL01-AL;;;
699844;22/06/2025;domingo;17:20:00;BA;242;444;SEABRA;Condutor Dormindo;Sa�da de leito carro��vel;Com V�timas Feridas;Anoitecer;Decrescente;C�u Claro;Simples;Reta;N�o;5;0;3;2;0;0;5;1;-12,4671036;-41,7442008;SPRF-BA;DEL06-BA;UOP01-DEL06-BA;;;
699845;22/06/2025;domingo;19:10:00;RS;392;352;SANTA MARIA;Pista esburacada;Colis�o com objeto;Com V�timas Feridas;Plena Noite;Crescente;Garoa/Chuvisco;Dupla;"Curva;Rotat�ria";Sim;1;0;1;0;0;0;1;1;-29,7156;-53,809495;SPRF-RS;DEL09-RS;UOP01-DEL09-RS;;;
699846;22/06/2025;domingo;19:20:00;RJ;101;328;RIO DE JANEIRO;Demais falhas mec�nicas ou el�tricas;Queda de ocupante de ve�culo;Com V�timas Feridas;Pleno dia;Decrescente;C�u Claro;Dupla;"Ponte;Reta";N�o;2;0;2;0;0;0;2;1;-22,87237931;-43,15155029;SPRF-RJ;DEL02-RJ;UOP01-DEL02-RJ;;;
699847;22/06/2025;domingo;18:50:00;SC;470;67,9;INDAIAL;Aus�ncia de rea��o do condutor;Colis�o com objeto;Com V�timas Feridas;Plena Noite;Decrescente;Chuva;Dupla;Reta;Sim;2;0;2;0;0;0;2;1;-26,87774823;-49,23916744;SPRF-SC;DEL04-SC;UOP01-DEL04-SC;;;
699848;22/06/2025;domingo;18:12:00;RS;116;83;CAMPESTRE DA SERRA;Transitar na contram�o;Colis�o frontal;Com V�timas Feridas;Plena Noite;Crescente;Chuva;Simples;"Curva;Declive";N�o;5;0;3;0;1;1;3;3;-28,8195274;-51,1139279;SPRF-RS;DEL05-RS;UOP03-DEL05-RS;;;
699849;22/06/2025;domingo;18:10:00;MT;163;885,7;CLAUDIA;Rea��o tardia ou ineficiente do condutor;Sa�da de leito carro��vel;Com V�timas Feridas;Anoitecer;Decrescente;C�u Claro;Simples;Reta;N�o;1;0;0;1;0;0;1;1;-11,45893933;-55,35714722;SPRF-MT;DEL06-MT;UOP02-DEL06-MT;;;
699850;22/06/2025;domingo;18:15:00;MT;364;246;JUSCIMEIRA;Entrada inopinada do pedestre;Atropelamento de Pedestre;Com V�timas Feridas;Plena Noite;Decrescente;C�u Claro;Dupla;Reta;N�o;5;0;1;0;4;0;1;2;-16,13889;-54,82532;SPRF-MT;DEL02-MT;UOP01-DEL02-MT;;;
699851;22/06/2025;domingo;17:50:00;SE;235;60,1;ITABAIANA;Rea��o tardia ou ineficiente do condutor;Queda de ocupante de ve�culo;Com V�timas Feridas;Anoitecer;Decrescente;C�u Claro;Dupla;Curva;N�o;2;0;2;0;0;0;2;1;-10,629527;-37,459285;SPRF-SE;DEL01-SE;UOP02-DEL01-SE;;;
699852;22/06/2025;domingo;18:45:00;RJ;101;532;ANGRA DOS REIS;Acessar a via sem observar a presen�a dos outros ve�culos;Colis�o transversal;Com V�timas Feridas;Plena Noite;Decrescente;C�u Claro;Simples;Reta;Sim;3;0;2;0;1;0;2;2;-23,01915518;-44,5321691;SPRF-RJ;DEL03-RJ;UOP03-DEL03-RJ;;;
699853;22/06/2025;domingo;17:10:00;MG;381;521,5;BRUMADINHO;Acumulo de areia ou detritos sobre o pavimento;Queda de ocupante de ve�culo;Com V�timas Feridas;Anoitecer;Crescente;C�u Claro;Dupla;Curva;N�o;2;0;1;1;0;0;2;1;-20,1220436;-44,3009521;SPRF-MG;DEL04-MG;UOP03-DEL04-MG;;;
699854;22/06/2025;domingo;15:45:00;PI;135;518;GILBUES;Aus�ncia de rea��o do condutor;Colis�o traseira;Com V�timas Fatais;Pleno dia;Crescente;C�u Claro;Simples;"Reta;Declive";N�o;2;1;0;0;1;0;0;2;-9,863805;-45,348278;SPRF-PI;DEL03-PI;UOP02-DEL03-PI;;;
699855;22/06/2025;domingo;19:50:00;RS;116;153;CAXIAS DO SUL;Ingest�o de �lcool pelo condutor;Colis�o lateral sentido oposto;Sem V�timas;Plena Noite;Decrescente;Chuva;Simples;Curva;Sim;3;0;0;0;3;0;0;3;-29,1873228;-51,17938895;SPRF-RS;DEL05-RS;UOP01-DEL05-RS;;;
699856;22/06/2025;domingo;20:25:00;PR;277;7;PARANAGUA;Rea��o tardia ou ineficiente do condutor;Queda de ocupante de ve�culo;Com V�timas Feridas;Plena Noite;Decrescente;C�u Claro;Dupla;Reta;Sim;2;0;2;0;0;0;2;1;-25,56108088;-48,58372092;SPRF-PR;DEL01-PR;UOP05-DEL01-PR;;;
699857;22/06/2025;domingo;20:30:00;SP;381;68;MAIRIPORA;Velocidade Incompat�vel;Tombamento;Com V�timas Feridas;Plena Noite;Decrescente;C�u Claro;Dupla;"Declive;Curva";N�o;1;0;1;0;0;0;1;1;-23,34131463;-46,57381145;SPRF-SP;DEL03-SP;UOP01-DEL03-SP;;;
699859;22/06/2025;domingo;18:45:00;MS;262;310;CAMPO GRANDE;Aus�ncia de rea��o do condutor;Colis�o frontal;Sem V�timas;Plena Noite;Crescente;C�u Claro;Simples;"Aclive;Reta";N�o;2;0;0;0;2;0;0;2;-20,475381;-54,381229;SPRF-MS;DEL01-MS;UOP01-DEL01-MS;;;
699860;22/06/2025;domingo;20:20:00;PI;316;292;PICOS;Acessar a via sem observar a presen�a dos outros ve�culos;Colis�o lateral mesmo sentido;Com V�timas Feridas;Plena Noite;Crescente;C�u Claro;Simples;Reta;N�o;2;0;0;1;1;0;1;2;-7,008147;-41,59861;SPRF-PI;DEL04-PI;UOP01-DEL04-PI;;;
699861;22/06/2025;domingo;19:45:00;PE;232;133;CARUARU;Manobra de mudan�a de faixa;Colis�o traseira;Com V�timas Feridas;Plena Noite;Crescente;Nublado;Dupla;Aclive;Sim;2;0;1;0;1;0;1;2;-8,3075;-36,021175;SPRF-PE;DEL02-PE;UOP01-DEL02-PE;;;
699862;22/06/2025;domingo;20:15:00;MG;40;509;RIBEIRAO DAS NEVES;Ingest�o de �lcool pelo condutor;Engavetamento;Sem V�timas;Plena Noite;Crescente;C�u Claro;Dupla;"Aclive;Reta";Sim;3;0;0;0;3;0;0;3;-19,76638307;-44,12964214;SPRF-MG;DEL01-MG;UOP02-DEL01-MG;;;
699864;22/06/2025;domingo;20:00:00;RN;101;125;SAO JOSE DE MIPIBU;Ingest�o de �lcool pelo condutor;Atropelamento de Animal;Com V�timas Feridas;Plena Noite;Crescente;Nublado;Dupla;Reta;N�o;2;0;1;1;0;0;2;1;-6,084598;-35,234227;SPRF-RN;DEL01-RN;UOP01-DEL01-RN;;;
699865;22/06/2025;domingo;20:50:00;AP;156;268;MACAPA;Aus�ncia de rea��o do condutor;Colis�o traseira;Com V�timas Feridas;Plena Noite;Decrescente;C�u Claro;Simples;Reta;N�o;2;0;0;2;0;0;2;2;0,221944;-51,1275;SPRF-AP;DEL01-AP;UOP01-DEL01-AP;;;
699866;22/06/2025;domingo;20:50:00;SC;282;5,5;SAO JOSE;Rea��o tardia ou ineficiente do condutor;Colis�o com objeto;Com V�timas Feridas;Plena Noite;Decrescente;Chuva;Dupla;Curva;Sim;2;0;2;0;0;0;2;2;-27,585255;-48,617867;SPRF-SC;DEL01-SC;UOP01-DEL01-SC;;;
699868;22/06/2025;domingo;19:00:00;RJ;101;399;RIO DE JANEIRO;Avarias e/ou desgaste excessivo no pneu;Queda de ocupante de ve�culo;Com V�timas Feridas;Plena Noite;Crescente;C�u Claro;Dupla;Reta;Sim;2;0;1;0;1;0;1;1;-22,89473607;-43,68702784;SPRF-RJ;DEL03-RJ;UOP01-DEL03-RJ;;;
699869;22/06/2025;domingo;19:40:00;MG;262;187;JOAO MONLEVADE;Aus�ncia de rea��o do condutor;Colis�o frontal;Sem V�timas;Plena Noite;Crescente;C�u Claro;Simples;Reta;N�o;4;0;0;0;4;0;0;2;-19,8654078;-43,1498782;SPRF-MG;DEL03-MG;UOP01-DEL03-MG;;;
699870;27/04/2025;domingo;16:45:00;RJ;101;503;ANGRA DOS REIS;Convers�o proibida;Colis�o traseira;Com V�timas Feridas;Pleno dia;Decrescente;Nublado;Simples;Reta;Sim;3;0;1;2;0;0;3;2;-22,93066856;-44,38467725;SPRF-RJ;DEL03-RJ;UOP03-DEL03-RJ;;;