id;data_inversa;dia_semana;horario;uf;br;km;municipio;causa_acidente;tipo_acidente;classificacao_acidente;fase_dia;sentido_via;condicao_metereologica;tipo_pista;tracado_via;uso_solo;pessoas;mortos;feridos_leves;feridos_graves;ilesos;ignorados;feridos;veiculos;latitude;longitude;regional;delegacia;uop;;;
699872;22/06/2025;domingo;21:00:00;PE;101;68;RECIFE;Condutor deixou de manter dist�ncia do ve�culo da frente;Colis�o traseira;Com V�timas Feridas;Plena Noite;Crescente;Nublado;M�ltipla;Aclive;Sim;2;0;1;0;1;0;1;2;-8,050523;-34,945825;SPRF-PE;DEL01-PE;UOP01-DEL01-PE;;;
699874;22/06/2025;domingo;21:30:00;DF;20;3,2;BRASILIA;Mal s�bito do condutor;Queda de ocupante de ve�culo;Com V�timas Feridas;Plena Noite;Crescente;C�u Claro;M�ltipla;Declive;Sim;1;0;1;0;0;0;1;1;-15,6738525;-47,82087995;SPRF-DF;DEL02-DF;UOP01-DEL02-DF;;;
699875;22/06/2025;domingo;19:50:00;RJ;116;337;RESENDE;Aus�ncia de rea��o do condutor;Tombamento;Com V�timas Fatais;Plena Noite;Decrescente;C�u Claro;Dupla;"Reta;Declive";N�o;1;1;0;0;0;0;0;1;-22,5117145;-44,69421208;SPRF-RJ;DEL07-RJ;UOP02-DEL07-RJ;;;
699877;22/06/2025;domingo;20:20:00;MG;40;597,1;OURO PRETO;Demais falhas mec�nicas ou el�tricas;Inc�ndio;Sem V�timas;Plena Noite;Decrescente;Nublado;Simples;Aclive;N�o;1;0;0;0;1;0;0;1;-20,41863452;-43,88464987;SPRF-MG;DEL05-MG;UOP02-DEL05-MG;;;
699878;22/06/2025;domingo;18:50:00;BA;110;95;JEREMOABO;Ultrapassagem Indevida;Colis�o frontal;Com V�timas Fatais;Plena Noite;Decrescente;Nublado;Simples;Reta;N�o;9;3;3;2;0;1;5;3;-10,233091;-38,299099;SPRF-BA;DEL07-BA;UOP01-DEL07-BA;;;
699879;22/06/2025;domingo;22:00:00;RJ;101;312;SAO GONCALO;Rea��o tardia ou ineficiente do condutor;Queda de ocupante de ve�culo;Com V�timas Feridas;Pleno dia;Decrescente;C�u Claro;Dupla;Reta;Sim;2;0;1;0;1;0;1;1;-22,8052755;-43,0613619;SPRF-RJ;DEL02-RJ;UOP02-DEL02-RJ;;;
699880;22/06/2025;domingo;19:00:00;MG;40;296;TRES MARIAS;Ultrapassagem Indevida;Colis�o frontal;Com V�timas Fatais;Anoitecer;Crescente;C�u Claro;Simples;Reta;N�o;5;1;1;3;0;0;4;2;-18,3200322;-45,11042118;SPRF-MG;DEL14-MG;UOP02-DEL14-MG;;;
699881;22/06/2025;domingo;11:55:00;MT;158;633;NOVA XAVANTINA;Transitar na contram�o;Colis�o frontal;Com V�timas Fatais;Pleno dia;Crescente;C�u Claro;Simples;Curva;N�o;7;1;1;1;4;0;2;2;-14,53656346;-52,32989788;SPRF-MT;DEL07-MT;UOP02-DEL07-MT;;;
699882;22/06/2025;domingo;20:39:00;MA;135;264;CAPINZAL DO NORTE;Pedestre andava na pista;Atropelamento de Pedestre;Com V�timas Fatais;Plena Noite;Crescente;C�u Claro;Simples;Reta;Sim;2;1;0;0;0;1;0;2;-4,692585;-44,330515;SPRF-MA;DEL03-MA;UOP01-DEL03-MA;;;
699883;22/06/2025;domingo;18:54:00;MT;364;556;NOBRES;Ingest�o de �lcool pelo condutor;Sa�da de leito carro��vel;Sem V�timas;Plena Noite;Crescente;C�u Claro;Dupla;Reta;N�o;1;0;0;0;1;0;0;1;-14,75517084;-56,33808374;SPRF-MT;DEL01-MT;UOP01-DEL01-MT;;;
699884;22/06/2025;domingo;22:50:00;RJ;116;184;NOVA IGUACU;Ingest�o de �lcool pelo condutor;Sa�da de leito carro��vel;Sem V�timas;Plena Noite;Crescente;C�u Claro;M�ltipla;Reta;N�o;1;0;0;0;1;0;0;1;-22,7489643;-43,44212707;SPRF-RJ;DEL06-RJ;UOP01-DEL06-RJ;;;
699885;22/06/2025;domingo;22:45:00;PR;277;125,7;CAMPO LARGO;Velocidade Incompat�vel;Sa�da de leito carro��vel;Com V�timas Fatais;Plena Noite;Crescente;C�u Claro;Simples;"Curva;Interse��o de Vias;Viaduto";N�o;1;1;0;0;0;0;0;1;-25,43499135;-49,53251307;SPRF-PR;DEL03-PR;UOP03-DEL03-PR;;;
699886;22/06/2025;domingo;21:40:00;BA;110;220;NOVA SOURE;Entrada inopinada do pedestre;Atropelamento de Pedestre;Com V�timas Feridas;Plena Noite;Decrescente;C�u Claro;Simples;Reta;Sim;2;0;1;1;0;0;2;2;-11,240645;-38,478874;SPRF-BA;DEL07-BA;UOP02-DEL07-BA;;;
699887;22/06/2025;domingo;22:30:00;MG;40;633,2;CONSELHEIRO LAFAIETE;Ingest�o de �lcool pelo condutor;Colis�o frontal;Com V�timas Feridas;Plena Noite;Crescente;C�u Claro;Simples;"Aclive;Reta";Sim;2;0;1;0;1;0;1;2;-20,68667478;-43,79169121;SPRF-MG;DEL05-MG;UOP02-DEL05-MG;;;
699890;22/06/2025;domingo;23:50:00;PR;277;712;SANTA TEREZINHA DE ITAIPU;Ingest�o de �lcool pelo condutor;Sa�da de leito carro��vel;Sem V�timas;Plena Noite;Crescente;Chuva;Dupla;Reta;N�o;2;0;0;0;2;0;0;1;-25,46028;-54,437144;SPRF-PR;DEL05-PR;UOP01-DEL05-PR;;;
699891;22/06/2025;domingo;21:30:00;PB;104;6;CUITE;Aus�ncia de rea��o do condutor;Colis�o traseira;Com V�timas Feridas;Plena Noite;Decrescente;C�u Claro;Simples;Reta;N�o;2;0;0;1;1;0;1;2;-6,472794;-36,177206;SPRF-PB;DEL02-PB;UOP04-DEL02-PB;;;
699892;22/06/2025;domingo;20:00:00;RS;290;643;URUGUAIANA;Animais na Pista;Sa�da de leito carro��vel;Com V�timas Feridas;Plena Noite;Crescente;Nublado;Simples;Reta;N�o;2;0;2;0;0;0;2;1;-30,009951;-56,35007;SPRF-RS;DEL13-RS;UOP02-DEL13-RS;;;
699893;22/06/2025;domingo;08:45:00;PB;230;496;CAJAZEIRAS;Ingest�o de �lcool pelo condutor;Sa�da de leito carro��vel;Com V�timas Fatais;Pleno dia;Decrescente;C�u Claro;Simples;Reta;N�o;1;1;0;0;0;0;0;1;-6,899938;-38,509742;SPRF-PB;DEL03-PB;UOP03-DEL03-PB;;;
699894;22/06/2025;domingo;23:55:00;SC;101;206,7;SAO JOSE;Ingest�o de �lcool pelo condutor;Colis�o traseira;Sem V�timas;Plena Noite;Decrescente;C�u Claro;Simples;Reta;Sim;3;0;0;0;2;1;0;3;-27,59943;-48,62077;SPRF-SC;DEL01-SC;UOP01-DEL01-SC;;;
699896;22/06/2025;domingo;23:50:00;BA;110;194;RIBEIRA DO AMPARO;Acesso irregular;Colis�o transversal;Sem V�timas;Plena Noite;Crescente;C�u Claro;Simples;Reta;N�o;3;0;0;0;2;1;0;2;-11,0127242;-38,51494;SPRF-BA;DEL07-BA;UOP02-DEL07-BA;;;
699898;23/06/2025;segunda-feira;00:40:00;PR;376;182,1;MARINGA;Ingest�o de �lcool pelo condutor;Colis�o com objeto;Com V�timas Feridas;Plena Noite;Decrescente;Chuva;Dupla;Viaduto;Sim;1;0;1;0;0;0;1;1;-23,43248642;-51,88595708;SPRF-PR;DEL09-PR;UOP01-DEL09-PR;;;
699899;22/06/2025;domingo;22:10:00;PA;222;100,2;RONDON DO PARA;Transitar na contram�o;Colis�o frontal;Com V�timas Fatais;Pleno dia;Crescente;C�u Claro;Simples;Reta;N�o;2;1;0;0;1;0;0;2;-4,743668;-48,027925;SPRF-PA;DEL02-PA;UOP02-DEL02-PA;;;
699900;23/06/2025;segunda-feira;01:25:00;PR;369;351,6;CAMPO MOURAO;Chuva;Sa�da de leito carro��vel;Com V�timas Feridas;Plena Noite;Crescente;Chuva;Simples;"Curva;Declive";N�o;3;0;3;0;0;0;3;1;-24,139258;-52,443015;SPRF-PR;DEL09-PR;UOP03-DEL09-PR;;;
699901;23/06/2025;segunda-feira;01:40:00;PB;101;85;BAYEUX;Acumulo de �gua sobre o pavimento;Tombamento;Com V�timas Feridas;Plena Noite;Crescente;Chuva;Dupla;Reta;Sim;2;0;1;1;0;0;2;1;-7,143671;-34,918615;SPRF-PB;DEL01-PB;UOP01-DEL01-PB;;;
699904;23/06/2025;segunda-feira;02:50:00;ES;101;42;CONCEICAO DA BARRA;Aus�ncia de rea��o do condutor;Colis�o traseira;Com V�timas Feridas;Plena Noite;Crescente;C�u Claro;Simples;Reta;N�o;3;0;1;0;2;0;1;2;-18,52550417;-39,91081651;SPRF-ES;DEL04-ES;UOP02-DEL04-ES;;;
699906;23/06/2025;segunda-feira;04:00:00;BA;101;517;ITABUNA;Velocidade Incompat�vel;Sa�da de leito carro��vel;Com V�timas Feridas;Amanhecer;Crescente;Nevoeiro/Neblina;Simples;"Reta;Ponte";N�o;1;0;0;1;0;0;1;1;-14,84692702;-39,28236857;SPRF-BA;DEL05-BA;UOP01-DEL05-BA;;;
699907;23/06/2025;segunda-feira;03:30:00;PB;101;84;BAYEUX;Acumulo de �gua sobre o pavimento;Colis�o traseira;Com V�timas Feridas;Plena Noite;Crescente;Chuva;Dupla;Reta;Sim;3;0;2;0;0;1;2;2;-7,142945;-34,919398;SPRF-PB;DEL01-PB;UOP01-DEL01-PB;;;
699908;23/06/2025;segunda-feira;05:30:00;RN;304;41,8;MOSSORO;Demais falhas mec�nicas ou el�tricas;Queda de ocupante de ve�culo;Com V�timas Fatais;Pleno dia;Crescente;C�u Claro;Simples;Reta;N�o;2;1;1;0;0;0;1;1;-5,211;-37,374;SPRF-RN;DEL04-RN;UOP01-DEL04-RN;;;
699909;23/06/2025;segunda-feira;05:00:00;PB;101;95;CONDE;Acumulo de �gua sobre o pavimento;Colis�o com objeto;Com V�timas Feridas;Amanhecer;Decrescente;Chuva;Simples;Declive;N�o;1;0;1;0;0;0;1;1;-7,223633;-34,914723;SPRF-PB;DEL01-PB;UOP01-DEL01-PB;;;
699910;23/06/2025;segunda-feira;05:45:00;RS;392;352;SANTA MARIA;Manobra de mudan�a de faixa;Colis�o frontal;Com V�timas Feridas;Plena Noite;Crescente;Garoa/Chuvisco;Simples;Reta;Sim;2;0;1;0;1;0;1;2;-29,722523;-53,806847;SPRF-RS;DEL09-RS;UOP01-DEL09-RS;;;
699911;23/06/2025;segunda-feira;06:00:00;SC;101;130;CAMBORIU;Rea��o tardia ou ineficiente do condutor;Colis�o com objeto;Sem V�timas;Plena Noite;Decrescente;Chuva;Dupla;Curva;N�o;1;0;0;0;0;1;0;1;-26,98609344;-48,66670513;SPRF-SC;DEL04-SC;UOP03-DEL04-SC;;;
699913;23/06/2025;segunda-feira;06:30:00;SP;381;44;ATIBAIA;Demais falhas mec�nicas ou el�tricas;Inc�ndio;Sem V�timas;Amanhecer;Crescente;C�u Claro;Dupla;"Aclive;Reta";N�o;1;0;0;0;1;0;0;1;-23,1718248;-46,576873;SPRF-SP;DEL03-SP;UOP01-DEL03-SP;;;
699914;23/06/2025;segunda-feira;03:20:00;RJ;101;490;ANGRA DOS REIS;Velocidade Incompat�vel;Tombamento;Com V�timas Feridas;Plena Noite;Crescente;Nublado;Simples;Reta;N�o;1;0;1;0;0;0;1;1;-22,95722219;-44,30801002;SPRF-RJ;DEL03-RJ;UOP03-DEL03-RJ;;;
699915;23/06/2025;segunda-feira;06:20:00;RS;290;96;PORTO ALEGRE;Pista Escorregadia;Colis�o lateral mesmo sentido;Com V�timas Feridas;Pleno dia;Decrescente;C�u Claro;M�ltipla;"Curva;Declive";Sim;3;0;1;0;2;0;1;2;-29,98804439;-51,20304672;SPRF-RS;DEL01-RS;UOP01-DEL01-RS;;;
699916;23/06/2025;segunda-feira;05:40:00;MG;381;775;CAMPANHA;Aus�ncia de rea��o do condutor;Sa�da de leito carro��vel;Sem V�timas;Amanhecer;Decrescente;C�u Claro;Dupla;Reta;N�o;1;0;0;0;1;0;0;1;-21,80094559;-45,4631424;SPRF-MG;DEL16-MG;UOP02-DEL16-MG;;;
699917;23/06/2025;segunda-feira;05:00:00;GO;414;420,6;ABADIANIA;Ingest�o de �lcool pelo condutor;Sa�da de leito carro��vel;Sem V�timas;Plena Noite;Crescente;C�u Claro;Simples;Curva;N�o;1;0;0;0;1;0;0;1;-16,121894;-48,89443;SPRF-GO;DEL02-GO;UOP01-DEL02-GO;;;
699919;22/06/2025;domingo;21:30:00;RJ;493;22;MAGE;Aus�ncia de rea��o do condutor;Queda de ocupante de ve�culo;Com V�timas Feridas;Plena Noite;Decrescente;C�u Claro;Simples;Reta;Sim;1;0;0;1;0;0;1;1;-22,6594321;-43,0910074;SPRF-RJ;DEL04-RJ;UOP02-DEL04-RJ;;;
699920;23/06/2025;segunda-feira;06:30:00;PR;116;10;COLOMBO;Velocidade Incompat�vel;Colis�o lateral mesmo sentido;Com V�timas Feridas;Pleno dia;Decrescente;C�u Claro;Dupla;"Reta;Declive";Sim;5;0;2;0;3;0;2;2;-25,37109487;-49,12712574;SPRF-PR;DEL01-PR;UOP02-DEL01-PR;;;
699921;23/06/2025;segunda-feira;05:40:00;MG;381;527;BRUMADINHO;Manobra de mudan�a de faixa;Tombamento;Com V�timas Feridas;Pleno dia;Decrescente;C�u Claro;Dupla;Reta;Sim;2;0;0;1;1;0;1;1;-20,15410269;-44,32640076;SPRF-MG;DEL04-MG;UOP03-DEL04-MG;;;
699922;22/06/2025;domingo;19:30:00;AL;423;103;DELMIRO GOUVEIA;Ilumina��o deficiente;Colis�o traseira;Com V�timas Feridas;Plena Noite;Decrescente;Nublado;Simples;Reta;N�o;2;0;0;1;1;0;1;2;-9,40122214;-38,17860603;SPRF-BA;DEL07-BA;UOP01-DEL07-BA;;;
699923;23/06/2025;segunda-feira;07:30:00;TO;10;455;PALMAS;Manobra de mudan�a de faixa;Colis�o traseira;Com V�timas Feridas;Pleno dia;Crescente;C�u Claro;M�ltipla;Reta;N�o;4;0;2;0;2;0;2;2;-10,2983537;-48,2968926;SPRF-TO;DEL01-TO;UOP03-DEL01-TO;;;
699925;23/06/2025;segunda-feira;06:35:00;MG;40;511;RIBEIRAO DAS NEVES;Rea��o tardia ou ineficiente do condutor;Colis�o traseira;Com V�timas Feridas;Pleno dia;Decrescente;C�u Claro;Dupla;Reta;Sim;2;0;1;0;0;1;1;2;-19,77278672;-44,12456378;SPRF-MG;DEL01-MG;UOP02-DEL01-MG;;;
699929;23/06/2025;segunda-feira;07:45:00;SC;101;44;JOINVILLE;Manobra de mudan�a de faixa;Colis�o lateral mesmo sentido;Com V�timas Feridas;Pleno dia;Decrescente;Chuva;Dupla;Reta;N�o;2;0;0;1;1;0;1;2;-26,343604;-48,857955;SPRF-SC;DEL03-SC;UOP01-DEL03-SC;;;
699930;23/06/2025;segunda-feira;05:30:00;SC;101;235;PALHOCA;Chuva;Colis�o com objeto;Com V�timas Feridas;Amanhecer;Decrescente;Chuva;Dupla;Curva;N�o;2;0;1;0;1;0;1;1;-27,818748;-48,631258;SPRF-SC;DEL01-SC;UOP02-DEL01-SC;;;
699931;23/06/2025;segunda-feira;07:00:00;SC;101;120,9;ITAJAI;Trafegar com motocicleta (ou similar) entre as faixas;Tombamento;Com V�timas Feridas;Pleno dia;Crescente;Chuva;M�ltipla;Reta;Sim;1;0;1;0;0;0;1;1;-26,92045563;-48,70871991;SPRF-SC;DEL04-SC;UOP04-DEL04-SC;;;
699932;23/06/2025;segunda-feira;07:20:00;MA;230;6,1;BARAO DE GRAJAU;Animais na Pista;Atropelamento de Animal;Com V�timas Feridas;Pleno dia;Decrescente;C�u Claro;Simples;Reta;N�o;5;0;0;1;4;0;1;2;-6,72837092;-43,09455872;SPRF-PI;DEL03-PI;UOP01-DEL03-PI;;;
699933;23/06/2025;segunda-feira;07:50:00;SP;116;160;JACAREI;Manobra de mudan�a de faixa;Colis�o lateral mesmo sentido;Com V�timas Feridas;Pleno dia;Decrescente;C�u Claro;Dupla;Reta;N�o;2;0;1;0;1;0;1;2;-23,26752691;-45,96370697;SPRF-SP;DEL02-SP;UOP01-DEL02-SP;;;
699934;23/06/2025;segunda-feira;06:50:00;MG;40;565;NOVA LIMA;Condutor Dormindo;Sa�da de leito carro��vel;Com V�timas Feridas;Pleno dia;Decrescente;C�u Claro;Simples;"Declive;Reta";N�o;1;0;1;0;0;0;1;1;-20,16461907;-43,92745972;SPRF-MG;DEL01-MG;UOP02-DEL01-MG;;;
699935;23/06/2025;segunda-feira;08:34:00;ES;101;284,6;CARIACICA;Afundamento ou ondula��o no pavimento;Tombamento;Com V�timas Feridas;Pleno dia;Decrescente;C�u Claro;Simples;Declive;Sim;2;0;1;1;0;0;2;1;-20,24802;-40,370447;SPRF-ES;DEL01-ES;UOP01-DEL01-ES;;;
699936;26/05/2025;segunda-feira;15:33:00;SC;282;4,2;SAO JOSE;Condutor deixou de manter dist�ncia do ve�culo da frente;Engavetamento;Com V�timas Feridas;Pleno dia;Decrescente;C�u Claro;M�ltipla;Reta;Sim;4;0;2;0;2;0;2;3;-27,59156;-48,6064;SPRF-SC;DEL01-SC;UOP01-DEL01-SC;;;
699937;23/06/2025;segunda-feira;07:20:00;MG;381;482;BETIM;Afundamento ou ondula��o no pavimento;Tombamento;Com V�timas Feridas;Pleno dia;Decrescente;C�u Claro;M�ltipla;Reta;Sim;1;0;1;0;0;0;1;1;-19,958959;-44,070755;SPRF-MG;DEL01-MG;UOP03-DEL01-MG;;;
699938;23/06/2025;segunda-feira;07:15:00;BA;116;360;SERRINHA;Condutor deixou de manter dist�ncia do ve�culo da frente;Colis�o traseira;Com V�timas Feridas;Pleno dia;Crescente;C�u Claro;Simples;Reta;N�o;3;0;2;0;1;0;2;2;-11,681213;-38,99263;SPRF-BA;DEL02-BA;UOP01-DEL02-BA;;;
699939;23/06/2025;segunda-feira;08:15:00;MG;381;640;SANTO ANTONIO DO AMPARO;Mal s�bito do condutor;Colis�o com objeto;Sem V�timas;Pleno dia;Crescente;Sol;Dupla;Reta;N�o;1;0;0;0;1;0;0;1;-20,92135898;-44,87125397;SPRF-MG;DEL04-MG;UOP01-DEL04-MG;;;
699940;23/06/2025;segunda-feira;08:00:00;DF;20;19;BRASILIA;Rea��o tardia ou ineficiente do condutor;Atropelamento de Pedestre;Com V�timas Feridas;Pleno dia;Decrescente;C�u Claro;Dupla;Reta;Sim;2;0;1;0;1;0;1;2;-15,60843;-47,694319;SPRF-DF;DEL02-DF;UOP01-DEL02-DF;;;
699942;23/06/2025;segunda-feira;08:25:00;BA;116;425;FEIRA DE SANTANA;Acessar a via sem observar a presen�a dos outros ve�culos;Atropelamento de Pedestre;Com V�timas Fatais;Pleno dia;Crescente;C�u Claro;Dupla;Reta;Sim;3;1;2;0;0;0;2;2;-12,242933;-38,985034;SPRF-BA;DEL02-BA;UOP01-DEL02-BA;;;
699945;23/06/2025;segunda-feira;06:07:00;BA;242;414;SEABRA;Acessar a via sem observar a presen�a dos outros ve�culos;Colis�o transversal;Com V�timas Feridas;Amanhecer;Crescente;C�u Claro;Simples;Reta;Sim;3;0;0;1;2;0;1;2;-12,43154749;-41,80297852;SPRF-BA;DEL06-BA;UOP01-DEL06-BA;;;
699946;22/06/2025;domingo;21:40:00;MG;381;493;BETIM;Condutor deixou de manter dist�ncia do ve�culo da frente;Colis�o traseira;Com V�timas Feridas;Plena Noite;Decrescente;Nublado;Dupla;Reta;Sim;2;0;1;0;1;0;1;2;-19,96398092;-44,16975975;SPRF-MG;DEL01-MG;UOP03-DEL01-MG;;;
699950;23/06/2025;segunda-feira;08:10:00;RJ;40;122;DUQUE DE CAXIAS;Rea��o tardia ou ineficiente do condutor;Tombamento;Com V�timas Feridas;Pleno dia;Crescente;C�u Claro;M�ltipla;Reta;Sim;1;0;1;0;0;0;1;1;-22,79195667;-43,28636439;SPRF-RJ;DEL01-RJ;UOP02-DEL01-RJ;;;
699952;23/06/2025;segunda-feira;09:40:00;RJ;101;442;MANGARATIBA;Aus�ncia de rea��o do condutor;Colis�o frontal;Com V�timas Feridas;Pleno dia;Crescente;C�u Claro;Simples;Curva;N�o;9;0;1;5;0;3;6;3;-22,979647;-44,083031;SPRF-RJ;DEL03-RJ;UOP02-DEL03-RJ;;;
699953;23/06/2025;segunda-feira;05:40:00;MA;135;332;PRESIDENTE DUTRA;Ingest�o de �lcool pelo condutor;Colis�o frontal;Com V�timas Feridas;Amanhecer;Crescente;C�u Claro;Simples;"Declive;Reta";N�o;2;0;2;0;0;0;2;2;-5,2759586;-44,49023834;SPRF-MA;DEL06-MA;UOP01-DEL06-MA;;;
699954;23/06/2025;segunda-feira;09:30:00;SP;116;217;GUARULHOS;Demais falhas mec�nicas ou el�tricas;Atropelamento de Pedestre;Com V�timas Feridas;Pleno dia;Decrescente;C�u Claro;M�ltipla;Reta;Sim;2;0;1;0;1;0;1;2;-23,46023919;-46,48554532;SPRF-SP;DEL01-SP;UOP01-DEL01-SP;;;
699955;23/06/2025;segunda-feira;10:20:00;SP;116;210;GUARULHOS;Velocidade Incompat�vel;Colis�o traseira;Com V�timas Feridas;Pleno dia;Crescente;Nublado;M�ltipla;Reta;N�o;2;0;2;0;0;0;2;2;-23,43041567;-46,41534732;SPRF-SP;DEL01-SP;UOP01-DEL01-SP;;;
699957;23/06/2025;segunda-feira;09:50:00;RN;226;323,5;MOSSORO;Acessar a via sem observar a presen�a dos outros ve�culos;Colis�o transversal;Com V�timas Feridas;Pleno dia;Decrescente;C�u Claro;Simples;Reta;Sim;5;0;0;1;4;0;1;2;-5,3028295;-37,2810967;SPRF-RN;DEL04-RN;UOP01-DEL04-RN;;;
699958;23/06/2025;segunda-feira;09:45:00;PR;369;199;APUCARANA;Velocidade Incompat�vel;Sa�da de leito carro��vel;Com V�timas Feridas;Pleno dia;Crescente;Chuva;Simples;Curva;N�o;2;0;1;0;0;1;1;2;-23,52353728;-51,44383399;SPRF-PR;DEL07-PR;UOP03-DEL07-PR;;;
699959;23/06/2025;segunda-feira;09:45:00;PE;101;45,1;IGARASSU;Aus�ncia de rea��o do condutor;Colis�o traseira;Com V�timas Feridas;Pleno dia;Crescente;Nublado;M�ltipla;Reta;Sim;2;0;1;0;1;0;1;2;-7,866;-34,907;SPRF-PE;DEL01-PE;UOP02-DEL01-PE;;;
699960;23/06/2025;segunda-feira;10:10:00;BA;410;4;TUCANO;Aus�ncia de rea��o do condutor;Queda de ocupante de ve�culo;Com V�timas Feridas;Pleno dia;Crescente;C�u Claro;Simples;Reta;N�o;2;0;0;1;0;1;1;1;-10,8390384;-38,55789185;SPRF-BA;DEL07-BA;UOP02-DEL07-BA;;;
699961;23/06/2025;segunda-feira;08:30:00;MS;163;682;RIO VERDE DE MATO GROSSO;Animais na Pista;Atropelamento de Animal;Sem V�timas;Pleno dia;Crescente;Chuva;Simples;"Aclive;Reta";Sim;1;0;0;0;1;0;0;1;-18,89825669;-54,84300334;SPRF-MS;DEL06-MS;UOP02-DEL06-MS;;;
699962;23/06/2025;segunda-feira;10:00:00;MT;70;0;BARRA DO GARCAS;Rea��o tardia ou ineficiente do condutor;Colis�o traseira;Com V�timas Feridas;Pleno dia;Decrescente;C�u Claro;Simples;"Ponte;Reta";Sim;2;0;1;0;1;0;1;2;-15,894969;-52,256982;SPRF-MT;DEL07-MT;UOP01-DEL07-MT;;;
699966;23/06/2025;segunda-feira;10:30:00;RJ;116;183;NOVA IGUACU;Rea��o tardia ou ineficiente do condutor;Tombamento;Com V�timas Feridas;Pleno dia;Crescente;C�u Claro;Dupla;Reta;Sim;2;0;1;0;1;0;1;2;-22,7539874;-43,435719;SPRF-RJ;DEL06-RJ;UOP01-DEL06-RJ;;;
699967;23/06/2025;segunda-feira;08:00:00;BA;116;866;VITORIA DA CONQUISTA;Demais falhas mec�nicas ou el�tricas;Inc�ndio;Sem V�timas;Pleno dia;Crescente;C�u Claro;Simples;Reta;N�o;1;0;0;0;1;0;0;1;-15,175511;-41,066346;SPRF-BA;DEL08-BA;UOP01-DEL08-BA;;;
699969;23/06/2025;segunda-feira;09:30:00;SP;116;171,2;JACAREI;Avarias e/ou desgaste excessivo no pneu;Tombamento;Com V�timas Feridas;Pleno dia;Crescente;C�u Claro;Dupla;Reta;N�o;1;0;1;0;0;0;1;1;-23,31320101;-46,06528826;SPRF-SP;DEL02-SP;UOP01-DEL02-SP;;;
699971;23/06/2025;segunda-feira;07:30:00;SC;101;106;PENHA;Condutor deixou de manter dist�ncia do ve�culo da frente;Colis�o traseira;Com V�timas Feridas;Pleno dia;Crescente;Chuva;Dupla;Reta;N�o;3;0;2;0;1;0;2;2;-26,80921906;-48,68230518;SPRF-SC;DEL03-SC;UOP02-DEL03-SC;;;
699973;23/06/2025;segunda-feira;10:08:00;RJ;40;116;DUQUE DE CAXIAS;Condutor deixou de manter dist�ncia do ve�culo da frente;Queda de ocupante de ve�culo;Com V�timas Feridas;Pleno dia;Decrescente;C�u Claro;Dupla;Reta;N�o;2;0;1;1;0;0;2;2;-22,7389543;-43,2881755;SPRF-RJ;DEL01-RJ;UOP02-DEL01-RJ;;;
699974;23/06/2025;segunda-feira;11:20:00;SE;101;92,8;NOSSA SENHORA DO SOCORRO;Aus�ncia de sinaliza��o;Colis�o transversal;Com V�timas Feridas;Pleno dia;Crescente;C�u Claro;Simples;"Reta;Declive";Sim;2;0;1;0;1;0;1;2;-10,90385185;-37,1479067;SPRF-SE;DEL01-SE;UOP01-DEL01-SE;;;
699975;23/06/2025;segunda-feira;11:00:00;PR;116;89;SAO JOSE DOS PINHAIS;Acumulo de �gua sobre o pavimento;Capotamento;Com V�timas Feridas;Pleno dia;Crescente;Chuva;Dupla;Reta;N�o;4;0;3;0;1;0;3;1;-25,5557153;-49,0294879;SPRF-PR;DEL01-PR;UOP07-DEL01-PR;;;
699976;23/06/2025;segunda-feira;08:45:00;PR;277;188,1;PALMEIRA;Chuva;Colis�o frontal;Com V�timas Feridas;Pleno dia;Decrescente;Chuva;Simples;"Curva;Declive";N�o;9;0;2;1;6;0;3;3;-25,4234035;-50,1073244;SPRF-PR;DEL08-PR;UOP02-DEL08-PR;;;
699977;23/06/2025;segunda-feira;11:15:00;MG;365;693;MONTE ALEGRE DE MINAS;Objeto est�tico sobre o leito carro��vel;Sa�da de leito carro��vel;Com V�timas Feridas;Pleno dia;Crescente;C�u Claro;Dupla;Declive;N�o;4;0;2;0;2;0;2;1;-18,877458;-48,931752;SPRF-MG;DEL15-MG;UOP03-DEL15-MG;;;
699978;23/06/2025;segunda-feira;03:00:00;PR;158;401,2;LARANJEIRAS DO SUL;Aus�ncia de rea��o do condutor;Sa�da de leito carro��vel;Com V�timas Feridas;Plena Noite;Decrescente;Chuva;Simples;Curva;N�o;1;0;1;0;0;0;1;1;-25,344403;-52,369862;SPRF-PR;DEL04-PR;UOP02-DEL04-PR;;;
699979;23/06/2025;segunda-feira;08:30:00;SC;282;162,6;BOM RETIRO;Rea��o tardia ou ineficiente do condutor;Sa�da de leito carro��vel;Com V�timas Feridas;Pleno dia;Crescente;Nublado;Simples;Reta;N�o;1;0;1;0;0;0;1;1;-27,72937;-49,78002;SPRF-SC;DEL05-SC;UOP01-DEL05-SC;;;
699980;23/06/2025;segunda-feira;11:30:00;SP;381;86;SAO PAULO;Acumulo de �gua sobre o pavimento;Colis�o frontal;Sem V�timas;Pleno dia;Crescente;Chuva;M�ltipla;Curva;Sim;3;0;0;0;3;0;0;2;-23,46840776;-46,57057855;SPRF-SP;DEL03-SP;UOP01-DEL03-SP;;;
699981;23/06/2025;segunda-feira;11:20:00;PB;230;293,3;SANTA LUZIA;Condutor deixou de manter dist�ncia do ve�culo da frente;Colis�o traseira;Sem V�timas;Pleno dia;Crescente;C�u Claro;Simples;Reta;Sim;2;0;0;0;2;0;0;2;-6,873143;-36,927661;SPRF-PB;DEL03-PB;UOP01-DEL03-PB;;;