id;data_inversa;dia_semana;horario;uf;br;km;municipio;causa_acidente;tipo_acidente;classificacao_acidente;fase_dia;sentido_via;condicao_metereologica;tipo_pista;tracado_via;uso_solo;pessoas;mortos;feridos_leves;feridos_graves;ilesos;ignorados;feridos;veiculos;latitude;longitude;regional;delegacia;uop;;;
699982;23/06/2025;segunda-feira;12:00:00;RJ;116;171;RIO DE JANEIRO;Demais falhas mec�nicas ou el�tricas;Inc�ndio;Sem V�timas;Pleno dia;Crescente;Sol;M�ltipla;Reta;N�o;1;0;0;0;1;0;0;1;-22,8088256;-43,3371202;SPRF-RJ;DEL06-RJ;UOP01-DEL06-RJ;;;
699983;23/06/2025;segunda-feira;12:00:00;SP;153;63,1;SAO JOSE DO RIO PRETO;Condutor deixou de manter dist�ncia do ve�culo da frente;Colis�o traseira;Com V�timas Feridas;Pleno dia;Decrescente;Chuva;Dupla;Reta;Sim;4;0;1;0;3;0;1;3;-20,82153046;-49,35760058;SPRF-SP;DEL09-SP;UOP01-DEL09-SP;;;
699986;23/06/2025;segunda-feira;11:40:00;RS;116;151,7;CAXIAS DO SUL;Aus�ncia de rea��o do condutor;Tombamento;Com V�timas Feridas;Pleno dia;Crescente;Sol;Dupla;Curva;Sim;1;0;1;0;0;0;1;1;-29,18266902;-51,16780869;SPRF-RS;DEL05-RS;UOP01-DEL05-RS;;;
699987;23/06/2025;segunda-feira;11:20:00;MG;381;157;GOVERNADOR VALADARES;Aus�ncia de rea��o do condutor;Capotamento;Com V�timas Feridas;Pleno dia;Crescente;C�u Claro;Simples;"Declive;Curva";N�o;1;0;1;0;0;0;1;1;-18,924473;-42,020532;SPRF-MG;DEL06-MG;UOP01-DEL06-MG;;;
699989;23/06/2025;segunda-feira;12:30:00;GO;40;1;VALPARAISO DE GOIAS;Animais na Pista;Tombamento;Com V�timas Feridas;Pleno dia;Decrescente;Sol;Dupla;Reta;Sim;2;0;1;0;1;0;1;1;-16,059866;-47,982881;SPRF-DF;DEL01-DF;UOP01-DEL01-DF;;;
699991;23/06/2025;segunda-feira;12:34:00;BA;116;434;FEIRA DE SANTANA;Rea��o tardia ou ineficiente do condutor;Sa�da de leito carro��vel;Sem V�timas;Pleno dia;Decrescente;C�u Claro;Dupla;Curva;N�o;1;0;0;0;0;1;0;1;-12,311479;-39,042466;SPRF-BA;DEL02-BA;UOP01-DEL02-BA;;;
699993;23/06/2025;segunda-feira;07:00:00;RJ;101;313;SAO GONCALO;Manobra de mudan�a de faixa;Colis�o lateral mesmo sentido;Com V�timas Feridas;Pleno dia;Crescente;C�u Claro;Dupla;Reta;Sim;2;0;0;1;1;0;1;2;-22,8097053;-43,06893826;SPRF-RJ;DEL02-RJ;UOP02-DEL02-RJ;;;
699996;23/06/2025;segunda-feira;12:15:00;MG;116;701,1;MURIAE;Desrespeitar a prefer�ncia no cruzamento;Colis�o transversal;Com V�timas Feridas;Pleno dia;Crescente;Sol;Simples;Interse��o de Vias;Sim;2;0;0;1;1;0;1;2;-21,11510919;-42,37999678;SPRF-MG;DEL07-MG;UOP02-DEL07-MG;;;
699997;23/06/2025;segunda-feira;13:00:00;ES;101;257,6;SERRA;Acessar a via sem observar a presen�a dos outros ve�culos;Colis�o transversal;Com V�timas Feridas;Pleno dia;Decrescente;Sol;Dupla;Rotat�ria;Sim;2;0;0;1;1;0;1;2;-20,12782145;-40,29941549;SPRF-ES;DEL02-ES;UOP01-DEL02-ES;;;
699998;23/06/2025;segunda-feira;13:20:00;BA;116;821,4;VITORIA DA CONQUISTA;Condutor deixou de manter dist�ncia do ve�culo da frente;Colis�o traseira;Sem V�timas;Pleno dia;Decrescente;Sol;Simples;Reta;Sim;2;0;0;0;2;0;0;2;-14,83996;-40,843931;SPRF-BA;DEL08-BA;UOP01-DEL08-BA;;;
699999;23/06/2025;segunda-feira;12:45:00;AL;423;84;DELMIRO GOUVEIA;Avarias e/ou desgaste excessivo no pneu;Eventos at�picos;Com V�timas Feridas;Pleno dia;Decrescente;Sol;Simples;Reta;N�o;5;0;4;0;1;0;4;1;-9,343217;-38,020033;SPRF-BA;DEL07-BA;UOP01-DEL07-BA;;;
700001;23/06/2025;segunda-feira;07:20:00;SC;280;42;ARAQUARI;Chuva;Queda de ocupante de ve�culo;Com V�timas Feridas;Pleno dia;Crescente;Chuva;Dupla;Desvio Tempor�rio;Sim;1;0;1;0;0;0;1;1;-26,45102184;-48,8731405;SPRF-SC;DEL03-SC;UOP03-DEL03-SC;;;
700002;23/06/2025;segunda-feira;12:54:00;MG;381;923,4;CAMANDUCAIA;Velocidade Incompat�vel;Colis�o com objeto;Com V�timas Feridas;Pleno dia;Decrescente;Nublado;Dupla;Curva;N�o;2;0;2;0;0;0;2;1;-22,77491529;-46,18622303;SPRF-MG;DEL16-MG;UOP03-DEL16-MG;;;
700003;23/06/2025;segunda-feira;13:00:00;SC;280;92,9;CORUPA;Pista Escorregadia;Colis�o frontal;Com V�timas Feridas;Pleno dia;Crescente;Nublado;Simples;"Aclive;Curva";N�o;2;0;2;0;0;0;2;2;-26,391413;-49,302459;SPRF-SC;DEL06-SC;UOP03-DEL06-SC;;;
700005;18/06/2025;quarta-feira;21:00:00;SC;470;67,5;INDAIAL;Desrespeitar a prefer�ncia no cruzamento;Colis�o transversal;Com V�timas Feridas;Plena Noite;Decrescente;C�u Claro;Simples;Interse��o de Vias;Sim;2;0;1;0;1;0;1;2;-26,87531514;-49,23597548;SPRF-SC;DEL04-SC;UOP01-DEL04-SC;;;
700006;23/06/2025;segunda-feira;13:05:00;MA;135;8;SAO LUIS;Rea��o tardia ou ineficiente do condutor;Colis�o traseira;Com V�timas Feridas;Pleno dia;Crescente;C�u Claro;Dupla;Reta;Sim;2;0;0;1;1;0;1;2;-2,645817;-44,275707;SPRF-MA;DEL01-MA;UOP01-DEL01-MA;;;
700007;23/06/2025;segunda-feira;13:15:00;PR;376;522;PONTA GROSSA;Aus�ncia de rea��o do condutor;Sa�da de leito carro��vel;Com V�timas Feridas;Pleno dia;Decrescente;Garoa/Chuvisco;Dupla;"Declive;Curva";N�o;1;0;1;0;0;0;1;1;-25,269491;-49,937574;SPRF-PR;DEL03-PR;UOP04-DEL03-PR;;;
700008;23/06/2025;segunda-feira;13:36:00;PR;116;139;MANDIRITUBA;Rea��o tardia ou ineficiente do condutor;Colis�o com objeto;Com V�timas Feridas;Pleno dia;Crescente;Chuva;Dupla;"Reta;Aclive";N�o;1;0;1;0;0;0;1;1;-25,75899;-49,319955;SPRF-PR;DEL01-PR;UOP03-DEL01-PR;;;
700009;23/06/2025;segunda-feira;12:50:00;MG;267;302;CAXAMBU;Acessar a via sem observar a presen�a dos outros ve�culos;Colis�o transversal;Com V�timas Feridas;Pleno dia;Decrescente;C�u Claro;Simples;"Curva;Interse��o de Vias;Rotat�ria";N�o;3;0;1;0;2;0;1;2;-21,9695624;-44,9237752;SPRF-MG;DEL17-MG;UOP01-DEL17-MG;;;
700010;23/06/2025;segunda-feira;13:55:00;RJ;101;478;ANGRA DOS REIS;Condutor deixou de manter dist�ncia do ve�culo da frente;Colis�o traseira;Sem V�timas;Pleno dia;Crescente;C�u Claro;Simples;Reta;N�o;3;0;0;0;3;0;0;2;-22,99189869;-44,24537659;SPRF-RJ;DEL03-RJ;UOP03-DEL03-RJ;;;
700012;23/06/2025;segunda-feira;14:00:00;PR;116;15,7;CAMPINA GRANDE DO SUL;Velocidade Incompat�vel;Colis�o traseira;Com V�timas Feridas;Pleno dia;Decrescente;Garoa/Chuvisco;Dupla;Curva;N�o;2;0;1;0;1;0;1;2;-25,099809;-48,689637;SPRF-PR;DEL01-PR;UOP02-DEL01-PR;;;
700013;23/06/2025;segunda-feira;14:20:00;SP;101;47;UBATUBA;Modifica��o proibida;Colis�o transversal;Com V�timas Feridas;Pleno dia;Decrescente;C�u Claro;Simples;Reta;Sim;2;0;1;0;1;0;1;2;-23,43414119;-45,08710669;SPRF-SP;DEL06-SP;UOP01-DEL06-SP;;;
700014;23/06/2025;segunda-feira;15:00:00;RN;101;94;NATAL;Acessar a via sem observar a presen�a dos outros ve�culos;Colis�o lateral mesmo sentido;Com V�timas Feridas;Pleno dia;Decrescente;C�u Claro;Dupla;Reta;Sim;2;0;0;1;0;1;1;2;-5,82771859;-35,21100688;SPRF-RN;DEL01-RN;UOP01-DEL01-RN;;;
700015;23/06/2025;segunda-feira;14:20:00;RJ;101;327;RIO DE JANEIRO;Aus�ncia de rea��o do condutor;Colis�o traseira;Com V�timas Feridas;Pleno dia;Decrescente;C�u Claro;Dupla;"Reta;Aclive;Ponte";N�o;4;0;1;0;3;0;1;2;-22,87018432;-43,17001915;SPRF-RJ;DEL02-RJ;UOP01-DEL02-RJ;;;
700016;23/06/2025;segunda-feira;14:15:00;PR;376;450,7;TIBAGI;Velocidade Incompat�vel;Sa�da de leito carro��vel;Sem V�timas;Pleno dia;Crescente;Chuva;Dupla;"Curva;Declive";N�o;1;0;0;0;1;0;0;1;-24,8764868;-50,4428058;SPRF-PR;DEL03-PR;UOP02-DEL03-PR;;;
700017;23/06/2025;segunda-feira;15:05:00;SC;101;205,9;SAO JOSE;Rea��o tardia ou ineficiente do condutor;Colis�o com objeto;Com V�timas Feridas;Pleno dia;Decrescente;Nublado;M�ltipla;Reta;Sim;2;0;1;0;1;0;1;1;-27,59126;-48,61781;SPRF-SC;DEL01-SC;UOP01-DEL01-SC;;;
700019;23/06/2025;segunda-feira;14:40:00;ES;101;256,9;SERRA;Velocidade Incompat�vel;Colis�o lateral mesmo sentido;Com V�timas Feridas;Pleno dia;Crescente;C�u Claro;M�ltipla;"Reta;Declive";Sim;4;0;2;0;2;0;2;2;-20,12534476;-40,30265808;SPRF-ES;DEL02-ES;UOP01-DEL02-ES;;;
700021;10/06/2025;ter�a-feira;17:00:00;SC;101;217,3;PALHOCA;Rea��o tardia ou ineficiente do condutor;Colis�o lateral mesmo sentido;Com V�timas Feridas;Pleno dia;Decrescente;C�u Claro;M�ltipla;Interse��o de Vias;N�o;3;0;1;2;0;0;3;2;-27,67095797;-48,67236257;SPRF-SC;DEL01-SC;UOP02-DEL01-SC;;;
700024;23/06/2025;segunda-feira;15:25:00;PB;405;29,5;SAO JOAO DO RIO DO PEIXE;Condutor Dormindo;Sa�da de leito carro��vel;Com V�timas Feridas;Pleno dia;Crescente;Sol;Simples;"Declive;Reta";Sim;1;0;1;0;0;0;1;1;-6,696556;-38,446328;SPRF-PB;DEL03-PB;UOP03-DEL03-PB;;;
700026;23/06/2025;segunda-feira;14:15:00;PB;230;123;RIACHAO DO BACAMARTE;Pista Escorregadia;Sa�da de leito carro��vel;Com V�timas Feridas;Pleno dia;Crescente;Chuva;Dupla;Curva;N�o;2;0;2;0;0;0;2;1;-7,246136;-35,676564;SPRF-PB;DEL02-PB;UOP01-DEL02-PB;;;
700029;23/06/2025;segunda-feira;15:45:00;SP;381;65;MAIRIPORA;Chuva;Queda de ocupante de ve�culo;Com V�timas Feridas;Pleno dia;Crescente;Chuva;Dupla;"Declive;Curva";Sim;1;0;1;0;0;0;1;1;-23,30804431;-46,57842485;SPRF-SP;DEL03-SP;UOP01-DEL03-SP;;;
700031;23/06/2025;segunda-feira;10:00:00;GO;153;659;GOIATUBA;Velocidade Incompat�vel;Capotamento;Com V�timas Feridas;Pleno dia;Decrescente;C�u Claro;Dupla;Declive;N�o;1;0;0;1;0;0;1;1;-18,03434;-49,265557;SPRF-GO;DEL03-GO;UOP01-DEL03-GO;;;
700032;23/06/2025;segunda-feira;16:51:00;MG;381;923,4;CAMANDUCAIA;Aus�ncia de rea��o do condutor;Sa�da de leito carro��vel;Com V�timas Feridas;Pleno dia;Decrescente;Chuva;Dupla;Curva;N�o;1;0;1;0;0;0;1;1;-22,77064173;-46,1931324;SPRF-MG;DEL16-MG;UOP03-DEL16-MG;;;
700033;23/06/2025;segunda-feira;16:30:00;AP;210;0;MACAPA;Aus�ncia de rea��o do condutor;Eventos at�picos;Com V�timas Feridas;Pleno dia;Decrescente;C�u Claro;Dupla;Reta;Sim;2;0;1;0;0;1;1;2;0,0774417;-51,0662784;SPRF-AP;DEL01-AP;UOP01-DEL01-AP;;;
700034;23/06/2025;segunda-feira;16:50:00;BA;367;83;EUNAPOLIS;Rea��o tardia ou ineficiente do condutor;Colis�o lateral mesmo sentido;Com V�timas Feridas;Anoitecer;Decrescente;C�u Claro;Simples;Rotat�ria;N�o;2;0;1;0;1;0;1;2;-16,37284087;-39,57117844;SPRF-BA;DEL09-BA;UOP03-DEL09-BA;;;
700035;23/06/2025;segunda-feira;16:30:00;RJ;116;81;TERESOPOLIS;Pedestre cruzava a pista fora da faixa;Atropelamento de Pedestre;Com V�timas Feridas;Pleno dia;Decrescente;C�u Claro;Simples;Reta;Sim;3;0;0;1;1;1;1;2;-22,39998878;-42,95451522;SPRF-RJ;DEL04-RJ;UOP01-DEL04-RJ;;;
700036;23/06/2025;segunda-feira;17:00:00;SP;381;54;MAIRIPORA;Chuva;Colis�o com objeto;Com V�timas Feridas;Anoitecer;Decrescente;Garoa/Chuvisco;Dupla;"Curva;Declive";N�o;1;0;1;0;0;0;1;1;-23,246618;-46,593621;SPRF-SP;DEL03-SP;UOP01-DEL03-SP;;;
700037;08/04/2025;ter�a-feira;23:25:00;RJ;101;387;RIO DE JANEIRO;Condutor deixou de manter dist�ncia do ve�culo da frente;Colis�o traseira;Com V�timas Feridas;Plena Noite;Crescente;C�u Claro;M�ltipla;Reta;Sim;2;0;0;1;1;0;1;2;-22,88501208;-43,64852071;SPRF-RJ;DEL03-RJ;UOP01-DEL03-RJ;;;
700038;23/06/2025;segunda-feira;17:10:00;SP;381;69;MAIRIPORA;Demais Fen�menos da natureza;Colis�o com objeto;Com V�timas Feridas;Anoitecer;Decrescente;Chuva;M�ltipla;"Curva;Declive";N�o;1;0;1;0;0;0;1;1;-23,34924782;-46,56076804;SPRF-SP;DEL03-SP;UOP01-DEL03-SP;;;
700040;23/06/2025;segunda-feira;16:00:00;MT;364;465;VARZEA GRANDE;Chuva;Tombamento;Com V�timas Feridas;Pleno dia;Crescente;Chuva;Simples;Curva;N�o;1;0;0;1;0;0;1;1;-15,445294;-56,331211;SPRF-MT;DEL01-MT;UOP02-DEL01-MT;;;
700043;23/06/2025;segunda-feira;17:15:00;ES;101;270,6;SERRA;Acessar a via sem observar a presen�a dos outros ve�culos;Colis�o transversal;Com V�timas Feridas;Anoitecer;Crescente;C�u Claro;M�ltipla;Reta;Sim;2;0;1;0;1;0;1;2;-20,230926;-40,27346;SPRF-ES;DEL02-ES;UOP01-DEL02-ES;;;
700045;23/06/2025;segunda-feira;14:20:00;SP;116;567;BARRA DO TURVO;Rea��o tardia ou ineficiente do condutor;Colis�o com objeto;Sem V�timas;Pleno dia;Crescente;Chuva;Dupla;"Declive;Reta";N�o;1;0;0;0;1;0;0;1;-25,05012325;-48,55370137;SPRF-SP;DEL05-SP;UOP02-DEL05-SP;;;
700046;23/06/2025;segunda-feira;17:50:00;DF;70;8,9;BRASILIA;Aus�ncia de rea��o do condutor;Colis�o traseira;Sem V�timas;Anoitecer;Decrescente;C�u Claro;Dupla;Reta;Sim;4;0;0;0;4;0;0;2;-15,786198;-48,134673;SPRF-DF;DEL03-DF;UOP02-DEL03-DF;;;
700047;23/06/2025;segunda-feira;17:05:00;SP;116;170;JACAREI;Demais falhas mec�nicas ou el�tricas;Inc�ndio;Sem V�timas;Anoitecer;Crescente;C�u Claro;Dupla;"Declive;Reta";N�o;1;0;0;0;1;0;0;1;-23,307579;-46,052612;SPRF-SP;DEL02-SP;UOP01-DEL02-SP;;;
700049;23/06/2025;segunda-feira;17:20:00;SP;101;40;UBATUBA;Acessar a via sem observar a presen�a dos outros ve�culos;Colis�o transversal;Com V�timas Feridas;Plena Noite;Decrescente;Garoa/Chuvisco;Simples;"Reta;Rotat�ria";N�o;3;0;1;0;2;0;1;2;-23,4155;-45,03338;SPRF-SP;DEL06-SP;UOP01-DEL06-SP;;;
700050;23/06/2025;segunda-feira;16:30:00;MG;40;42,7;PARACATU;Convers�o proibida;Colis�o traseira;Com V�timas Feridas;Pleno dia;Crescente;C�u Claro;Dupla;"Curva;Aclive";Sim;2;0;1;0;1;0;1;2;-17,224373;-46,864091;SPRF-MG;DEL14-MG;UOP01-DEL14-MG;;;
700051;23/06/2025;segunda-feira;17:35:00;PB;230;154;CAMPINA GRANDE;Acumulo de areia ou detritos sobre o pavimento;Tombamento;Com V�timas Feridas;Plena Noite;Crescente;Garoa/Chuvisco;Simples;"Reta;Em Obras";Sim;1;0;1;0;0;0;1;1;-7,278908;-35,893562;SPRF-PB;DEL02-PB;UOP01-DEL02-PB;;;
700052;23/06/2025;segunda-feira;16:40:00;GO;414;440;ANAPOLIS;Aus�ncia de rea��o do condutor;Queda de ocupante de ve�culo;Com V�timas Feridas;Pleno dia;Crescente;C�u Claro;Simples;Curva;N�o;2;0;1;0;1;0;1;1;-16,28593604;-48,94414041;SPRF-GO;DEL02-GO;UOP01-DEL02-GO;;;
700053;23/06/2025;segunda-feira;17:41:00;PB;101;106;ALHANDRA;Demais falhas mec�nicas ou el�tricas;Tombamento;Com V�timas Feridas;Plena Noite;Decrescente;Chuva;Dupla;Reta;N�o;2;0;2;0;0;0;2;1;-7,33103629;-34,94705737;SPRF-PB;DEL01-PB;UOP01-DEL01-PB;;;
700054;23/06/2025;segunda-feira;16:20:00;PR;277;70,5;CURITIBA;Rea��o tardia ou ineficiente do condutor;Tombamento;Com V�timas Feridas;Pleno dia;Crescente;Nublado;Simples;"Curva;Retorno Regulamentado";N�o;1;0;1;0;0;0;1;1;-25,4476288;-49,2437504;SPRF-PR;DEL01-PR;UOP07-DEL01-PR;;;
700058;23/06/2025;segunda-feira;17:10:00;RJ;101;459;ANGRA DOS REIS;Rea��o tardia ou ineficiente do condutor;Capotamento;Com V�timas Feridas;Plena Noite;Crescente;C�u Claro;Simples;Curva;N�o;3;0;0;1;2;0;1;1;-22,9895663;-44,2417928;SPRF-RJ;DEL03-RJ;UOP03-DEL03-RJ;;;
700060;23/06/2025;segunda-feira;18:00:00;RN;101;85;NATAL;Condutor deixou de manter dist�ncia do ve�culo da frente;Colis�o traseira;Com V�timas Feridas;Anoitecer;Decrescente;C�u Claro;Dupla;"Reta;Ponte";Sim;3;0;1;0;2;0;1;2;-5,78332937;-35,24701273;SPRF-RN;DEL02-RN;UOP01-DEL02-RN;;;
700061;23/06/2025;segunda-feira;18:10:00;PB;230;10,7;CABEDELO;Demais falhas mec�nicas ou el�tricas;Queda de ocupante de ve�culo;Com V�timas Feridas;Plena Noite;Crescente;Nublado;Dupla;"Reta;Em Obras";Sim;1;0;1;0;0;0;1;1;-7,060517;-34,85053;SPRF-PB;DEL01-PB;UOP01-DEL01-PB;;;
700065;29/04/2025;ter�a-feira;01:20:00;RJ;101;385;RIO DE JANEIRO;Chuva;Queda de ocupante de ve�culo;Com V�timas Feridas;Plena Noite;Crescente;Garoa/Chuvisco;Dupla;Reta;N�o;1;0;0;1;0;0;1;1;-22,881257;-43,634741;SPRF-RJ;DEL03-RJ;UOP01-DEL03-RJ;;;
700066;23/06/2025;segunda-feira;18:30:00;SC;280;57;GUARAMIRIM;Retorno proibido;Colis�o transversal;Com V�timas Feridas;Plena Noite;Decrescente;Nublado;Simples;Reta;Sim;2;0;1;0;1;0;1;2;-26,47580186;-49,01702492;SPRF-SC;DEL03-SC;UOP03-DEL03-SC;;;
700067;23/06/2025;segunda-feira;17:40:00;PE;104;61;CARUARU;Pedestre cruzava a pista fora da faixa;Atropelamento de Pedestre;Com V�timas Feridas;Anoitecer;Crescente;Nublado;Dupla;Reta;Sim;2;0;0;1;1;0;1;2;-8,24722;-35,97521;SPRF-PE;DEL02-PE;UOP01-DEL02-PE;;;
700069;23/06/2025;segunda-feira;15:10:00;MG;381;206;NAQUE;Aus�ncia de rea��o do condutor;Colis�o traseira;Com V�timas Feridas;Pleno dia;Decrescente;C�u Claro;Simples;Reta;Sim;2;0;1;0;1;0;1;2;-19,22161216;-42,31744766;SPRF-MG;DEL06-MG;UOP01-DEL06-MG;;;
700070;23/06/2025;segunda-feira;18:15:00;RJ;101;575;PARATY;Demais Fen�menos da natureza;Queda de ocupante de ve�culo;Com V�timas Feridas;Plena Noite;Crescente;Vento;Simples;Rotat�ria;Sim;1;0;1;0;0;0;1;1;-23,225;-44,723;SPRF-RJ;DEL03-RJ;UOP04-DEL03-RJ;;;
700075;23/06/2025;segunda-feira;18:40:00;PR;369;149;LONDRINA;Rea��o tardia ou ineficiente do condutor;Colis�o traseira;Com V�timas Feridas;Plena Noite;Decrescente;Chuva;Dupla;Reta;N�o;3;0;2;0;1;0;2;2;-23,292954;-51,153189;SPRF-PR;DEL07-PR;UOP01-DEL07-PR;;;
700076;23/06/2025;segunda-feira;18:44:00;DF;20;7,6;BRASILIA;Transitar no Acostamento;Atropelamento de Pedestre;Com V�timas Feridas;Plena Noite;Crescente;C�u Claro;Dupla;Reta;Sim;2;0;1;0;1;0;1;2;-15,659382;-47,79365;SPRF-DF;DEL02-DF;UOP01-DEL02-DF;;;
700078;23/06/2025;segunda-feira;17:52:00;AP;210;108;PORTO GRANDE;Acesso irregular;Colis�o transversal;Com V�timas Feridas;Plena Noite;Crescente;C�u Claro;Simples;Reta;Sim;4;0;2;0;2;0;2;3;0,70448054;-51,40771151;SPRF-AP;DEL01-AP;UOP01-DEL01-AP;;;
700079;23/06/2025;segunda-feira;19:20:00;CE;116;27;ITAITINGA;Velocidade Incompat�vel;Colis�o traseira;Com V�timas Feridas;Pleno dia;Crescente;C�u Claro;Dupla;Reta;Sim;2;0;1;0;0;1;1;2;-3,98993478;-38,51621501;SPRF-CE;DEL01-CE;UOP02-DEL01-CE;;;
700082;23/06/2025;segunda-feira;16:20:00;MG;381;924,5;CAMANDUCAIA;Pista Escorregadia;Colis�o com objeto;Com V�timas Feridas;Pleno dia;Crescente;Chuva;Dupla;Curva;N�o;1;0;1;0;0;0;1;1;-22,77000912;-46,19384006;SPRF-MG;DEL16-MG;UOP03-DEL16-MG;;;
700083;23/06/2025;segunda-feira;18:50:00;RJ;493;23;MAGE;Entrada inopinada do pedestre;Atropelamento de Pedestre;Com V�timas Feridas;Plena Noite;Crescente;C�u Claro;Simples;Reta;N�o;2;0;0;1;1;0;1;2;-22,65704104;-43,06731296;SPRF-RJ;DEL04-RJ;UOP02-DEL04-RJ;;;
700084;23/06/2025;segunda-feira;18:10:00;RJ;101;61;CAMPOS DOS GOYTACAZES;Pedestre cruzava a pista fora da faixa;Atropelamento de Pedestre;Com V�timas Feridas;Plena Noite;Crescente;C�u Claro;Simples;Reta;Sim;3;0;3;0;0;0;3;2;-21,72657731;-41,32141398;SPRF-RJ;DEL08-RJ;UOP01-DEL08-RJ;;;
700085;23/06/2025;segunda-feira;17:40:00;MS;158;4,4;CASSILANDIA;Desrespeitar a prefer�ncia no cruzamento;Colis�o transversal;Com V�timas Feridas;Anoitecer;Decrescente;Chuva;Simples;"Reta;Interse��o de Vias";Sim;2;0;1;0;1;0;1;2;-19,12149;-51,72387;SPRF-MS;DEL08-MS;UOP01-DEL08-MS;;;
700087;23/06/2025;segunda-feira;19:10:00;BA;116;390;SANTA BARBARA;Aus�ncia de rea��o do condutor;Colis�o lateral mesmo sentido;Com V�timas Feridas;Pleno dia;Decrescente;C�u Claro;Dupla;Reta;N�o;2;0;0;2;0;0;2;2;-11,94570805;-38,97801161;SPRF-BA;DEL02-BA;UOP01-DEL02-BA;;;
700088;23/06/2025;segunda-feira;17:30:00;RS;285;580;SAO LUIZ GONZAGA;Transitar na contram�o;Colis�o lateral sentido oposto;Com V�timas Feridas;Anoitecer;Crescente;C�u Claro;Simples;Reta;N�o;2;0;1;0;1;0;1;1;-28,41541642;-54,99882245;SPRF-RS;DEL12-RS;UOP01-DEL12-RS;;;
700089;23/06/2025;segunda-feira;18:45:00;MG;40;648,5;CRISTIANO OTONI;Pedestre cruzava a pista fora da faixa;Atropelamento de Pedestre;Com V�timas Feridas;Plena Noite;Crescente;C�u Claro;Simples;Reta;N�o;2;0;0;1;1;0;1;2;-20,81654763;-43,81071568;SPRF-MG;DEL05-MG;UOP02-DEL05-MG;;;
700091;23/06/2025;segunda-feira;17:45:00;PA;316;50;SANTA IZABEL DO PARA;Manobra de mudan�a de faixa;Tombamento;Com V�timas Feridas;Anoitecer;Decrescente;Nublado;Dupla;Curva;N�o;1;0;0;1;0;0;1;1;-1,306332;-48,040165;SPRF-PA;DEL01-PA;UOP01-DEL01-PA;;;
700093;23/06/2025;segunda-feira;20:30:00;SP;116;219;GUARULHOS;Trafegar com motocicleta (ou similar) entre as faixas;Colis�o lateral mesmo sentido;Com V�timas Feridas;Plena Noite;Decrescente;Nublado;M�ltipla;Reta;N�o;2;0;1;0;1;0;1;2;-23,46413221;-46,49657473;SPRF-SP;DEL01-SP;UOP01-DEL01-SP;;;
700095;23/06/2025;segunda-feira;20:45:00;GO;153;589,7;PIRACANJUBA;Objeto est�tico sobre o leito carro��vel;Colis�o com objeto;Sem V�timas;Plena Noite;Crescente;C�u Claro;Dupla;Reta;N�o;1;0;0;0;1;0;0;1;-17,45861548;-49,22280908;SPRF-GO;DEL03-GO;UOP01-DEL03-GO;;;
700096;23/06/2025;segunda-feira;20:50:00;SP;116;76,3;ROSEIRA;Demais falhas mec�nicas ou el�tricas;Inc�ndio;Sem V�timas;Plena Noite;Decrescente;Ignorado;Dupla;Declive;N�o;1;0;0;0;1;0;0;1;-22,88123621;-45,27500153;SPRF-SP;DEL08-SP;UOP01-DEL08-SP;;;
700098;23/06/2025;segunda-feira;21:10:00;ES;101;270,2;SERRA;Condutor desrespeitou a ilumina��o vermelha do sem�foro;Colis�o transversal;Com V�timas Feridas;Plena Noite;Crescente;C�u Claro;M�ltipla;Reta;N�o;2;0;1;0;1;0;1;2;-20,23091223;-40,2733469;SPRF-ES;DEL02-ES;UOP01-DEL02-ES;;;
700099;23/06/2025;segunda-feira;18:45:00;RJ;40;104;DUQUE DE CAXIAS;Pedestre - Ingest�o de �lcool/ subst�ncias psicoativas;Atropelamento de Pedestre;Com V�timas Feridas;Plena Noite;Decrescente;C�u Claro;Simples;Reta;Sim;2;0;2;0;0;0;2;2;-22,62256763;-43,28707695;SPRF-RJ;DEL01-RJ;UOP02-DEL01-RJ;;;
700100;23/06/2025;segunda-feira;20:50:00;BA;235;349,6;JUAZEIRO;Acessar a via sem observar a presen�a dos outros ve�culos;Colis�o transversal;Com V�timas Feridas;Plena Noite;Crescente;Nublado;Simples;Reta;Sim;2;0;1;0;1;0;1;2;-9,437868;-40,497752;SPRF-PE;DEL06-PE;UOP01-DEL06-PE;;;
700102;23/06/2025;segunda-feira;20:30:00;MG;381;819;CAREACU;Ingest�o de �lcool pelo condutor;Engavetamento;Com V�timas Feridas;Plena Noite;Decrescente;Nublado;Dupla;Reta;N�o;7;0;1;1;5;0;2;3;-22,06646426;-45,70249629;SPRF-MG;DEL16-MG;UOP02-DEL16-MG;;;
700103;23/06/2025;segunda-feira;20:00:00;RJ;116;79;TERESOPOLIS;Pedestre andava na pista;Atropelamento de Pedestre;Com V�timas Feridas;Plena Noite;Crescente;C�u Claro;Simples;Reta;N�o;4;0;1;1;2;0;2;2;-22,38144294;-42,95456434;SPRF-RJ;DEL04-RJ;UOP01-DEL04-RJ;;;
700105;23/06/2025;segunda-feira;21:15:00;SP;153;67,3;SAO JOSE DO RIO PRETO;Rea��o tardia ou ineficiente do condutor;Colis�o lateral mesmo sentido;Com V�timas Feridas;Plena Noite;Crescente;Garoa/Chuvisco;Dupla;Reta;Sim;1;0;0;1;0;0;1;1;-20,85048;-49,38405;SPRF-SP;DEL09-SP;UOP01-DEL09-SP;;;