id;data_inversa;dia_semana;horario;uf;br;km;municipio;causa_acidente;tipo_acidente;classificacao_acidente;fase_dia;sentido_via;condicao_metereologica;tipo_pista;tracado_via;uso_solo;pessoas;mortos;feridos_leves;feridos_graves;ilesos;ignorados;feridos;veiculos;latitude;longitude;regional;delegacia;uop;;;
700106;23/06/2025;segunda-feira;06:00:00;MT;70;500;CUIABA;Acessar a via sem observar a presen�a dos outros ve�culos;Atropelamento de Pedestre;Sem V�timas;Amanhecer;Crescente;C�u Claro;Simples;Reta;Sim;2;0;0;0;0;2;0;2;-15,684242;-56,016608;SPRF-MT;DEL01-MT;UOP02-DEL01-MT;;;
700108;23/06/2025;segunda-feira;18:30:00;RS;153;3,8;CACHOEIRA DO SUL;Convers�o proibida;Colis�o transversal;Com V�timas Feridas;Plena Noite;Crescente;Vento;Simples;Curva;Sim;4;0;1;1;2;0;2;2;-30,01344239;-52,89156294;SPRF-RS;DEL08-RS;UOP04-DEL08-RS;;;
700110;23/06/2025;segunda-feira;22:05:00;MG;40;421;CURVELO;Ultrapassagem Indevida;Queda de ocupante de ve�culo;Com V�timas Feridas;Plena Noite;Crescente;Ignorado;Simples;Reta;N�o;2;0;1;0;0;1;1;2;-19,1450194;-44,5391573;SPRF-MG;DEL02-MG;UOP01-DEL02-MG;;;
700111;23/06/2025;segunda-feira;21:05:00;ES;101;161,7;LINHARES;Ultrapassagem Indevida;Colis�o frontal;Com V�timas Feridas;Plena Noite;Crescente;C�u Claro;Simples;Curva;N�o;8;0;7;0;1;0;7;2;-19,48624173;-40,12292258;SPRF-ES;DEL04-ES;UOP01-DEL04-ES;;;
700112;23/06/2025;segunda-feira;22:10:00;RJ;40;100;RIO DE JANEIRO;Aus�ncia de rea��o do condutor;Queda de ocupante de ve�culo;Com V�timas Feridas;Plena Noite;Crescente;C�u Claro;Dupla;Reta;N�o;2;0;2;0;0;0;2;1;-22,9081088;-43,2242688;SPRF-RJ;DEL01-RJ;UOP01-DEL01-RJ;;;
700114;23/06/2025;segunda-feira;22:00:00;RS;116;266;CANOAS;Aus�ncia de rea��o do condutor;Colis�o traseira;Sem V�timas;Plena Noite;Decrescente;C�u Claro;M�ltipla;Reta;Sim;2;0;0;0;1;1;0;2;-29,92944984;-51,17745638;SPRF-RS;DEL01-RS;UOP01-DEL01-RS;;;
700116;23/06/2025;segunda-feira;23:10:00;SP;381;30;ATIBAIA;Demais falhas mec�nicas ou el�tricas;Inc�ndio;Sem V�timas;Plena Noite;Decrescente;Garoa/Chuvisco;Dupla;Reta;Sim;1;0;0;0;1;0;0;1;-23,04470438;-46,56130582;SPRF-SP;DEL03-SP;UOP02-DEL03-SP;;;
700118;23/06/2025;segunda-feira;17:30:00;RO;429;118,4;ALVORADA DOESTE;Rea��o tardia ou ineficiente do condutor;Colis�o traseira;Sem V�timas;Pleno dia;Decrescente;Nublado;Simples;Reta;Sim;2;0;0;0;2;0;0;2;-11,509817;-62,45805;SPRF-RO;DEL02-RO;UOP03-DEL02-RO;;;
700124;24/06/2025;ter�a-feira;01:00:00;BA;324;515;FEIRA DE SANTANA;Acessar a via sem observar a presen�a dos outros ve�culos;Atropelamento de Pedestre;Com V�timas Feridas;Plena Noite;Decrescente;C�u Claro;Simples;Reta;Sim;3;0;1;0;2;0;1;2;-12,24157;-38,937799;SPRF-BA;DEL02-BA;UOP01-DEL02-BA;;;
700125;23/06/2025;segunda-feira;19:00:00;MA;230;225;SAO DOMINGOS DO AZEITAO;Transitar na contram�o;Colis�o frontal;Com V�timas Fatais;Plena Noite;Decrescente;C�u Claro;Simples;Curva;N�o;3;1;0;0;2;0;0;2;-6,84274885;-44,69581604;SPRF-MA;DEL05-MA;UOP01-DEL05-MA;;;
700131;23/06/2025;segunda-feira;21:00:00;BA;324;618;SALVADOR;Manobra de mudan�a de faixa;Colis�o lateral mesmo sentido;Com V�timas Feridas;Plena Noite;Decrescente;C�u Claro;M�ltipla;Reta;Sim;5;0;3;0;2;0;3;2;-12,90434964;-38,4545517;SPRF-BA;DEL01-BA;UOP01-DEL01-BA;;;
700133;24/06/2025;ter�a-feira;05:30:00;SC;101;205;SAO JOSE;Rea��o tardia ou ineficiente do condutor;Colis�o lateral mesmo sentido;Com V�timas Feridas;Amanhecer;Crescente;Nublado;Dupla;Reta;Sim;2;0;1;0;1;0;1;2;-27,58386;-48,6157;SPRF-SC;DEL01-SC;UOP01-DEL01-SC;;;
700135;24/06/2025;ter�a-feira;05:30:00;RJ;465;13;SEROPEDICA;Rea��o tardia ou ineficiente do condutor;Colis�o transversal;Com V�timas Feridas;Amanhecer;Decrescente;Nublado;Simples;Reta;Sim;2;0;1;0;1;0;1;2;-22,799209;-43,644927;SPRF-RJ;DEL06-RJ;UOP02-DEL06-RJ;;;
700138;24/06/2025;ter�a-feira;03:50:00;BA;101;260;SANTO ANTONIO DE JESUS;Rea��o tardia ou ineficiente do condutor;Sa�da de leito carro��vel;Com V�timas Fatais;Plena Noite;Decrescente;C�u Claro;Simples;"Curva;Declive";N�o;1;1;0;0;0;0;0;1;-12,9600426;-39,269484;SPRF-BA;DEL01-BA;UOP02-DEL01-BA;;;
700140;24/06/2025;ter�a-feira;05:30:00;MG;365;793;GURINHATA;Aus�ncia de rea��o do condutor;Sa�da de leito carro��vel;Sem V�timas;Amanhecer;Crescente;C�u Claro;Dupla;Reta;N�o;3;0;0;0;3;0;0;1;-18,9359;-49,8255;SPRF-MG;DEL15-MG;UOP03-DEL15-MG;;;
700141;24/06/2025;ter�a-feira;06:10:00;RJ;116;170;RIO DE JANEIRO;Trafegar com motocicleta (ou similar) entre as faixas;Colis�o traseira;Com V�timas Feridas;Pleno dia;Decrescente;C�u Claro;Dupla;Reta;Sim;3;0;2;0;0;1;2;2;-22,812928;-43,3297324;SPRF-RJ;DEL06-RJ;UOP01-DEL06-RJ;;;
700142;24/06/2025;ter�a-feira;06:30:00;SP;116;212;GUARULHOS;Aus�ncia de rea��o do condutor;Colis�o com objeto;Com V�timas Feridas;Pleno dia;Crescente;Garoa/Chuvisco;Dupla;Reta;Sim;1;0;1;0;0;0;1;1;-23,4373721;-46,43178195;SPRF-SP;DEL01-SP;UOP01-DEL01-SP;;;
700144;24/06/2025;ter�a-feira;05:19:00;RJ;101;219;SILVA JARDIM;Condutor Dormindo;Sa�da de leito carro��vel;Sem V�timas;Amanhecer;Decrescente;C�u Claro;Dupla;Reta;N�o;1;0;0;0;1;0;0;1;-22,513487;-42,31326;SPRF-RJ;DEL02-RJ;UOP03-DEL02-RJ;;;
700147;23/06/2025;segunda-feira;23:30:00;MG;40;44;PARACATU;Desrespeitar a prefer�ncia no cruzamento;Colis�o transversal;Com V�timas Feridas;Plena Noite;Crescente;Ignorado;Simples;Rotat�ria;Sim;3;0;0;2;1;0;2;2;-17,23101381;-46,85410229;SPRF-MG;DEL14-MG;UOP01-DEL14-MG;;;
700148;24/06/2025;ter�a-feira;06:25:00;BA;235;347,4;JUAZEIRO;Acessar a via sem observar a presen�a dos outros ve�culos;Colis�o transversal;Com V�timas Feridas;Amanhecer;Crescente;C�u Claro;Simples;Reta;N�o;3;0;2;0;0;1;2;2;-9,451805;-40,483695;SPRF-PE;DEL06-PE;UOP01-DEL06-PE;;;
700150;24/06/2025;ter�a-feira;06:40:00;BA;116;429;FEIRA DE SANTANA;Pista Escorregadia;Tombamento;Com V�timas Feridas;Pleno dia;Decrescente;C�u Claro;Dupla;Reta;N�o;2;0;2;0;0;0;2;1;-12,288543;-39,012633;SPRF-BA;DEL02-BA;UOP01-DEL02-BA;;;
700151;24/06/2025;ter�a-feira;06:50:00;PB;230;36;SANTA RITA;Aus�ncia de rea��o do condutor;Capotamento;Com V�timas Feridas;Pleno dia;Crescente;Chuva;Dupla;Curva;N�o;2;0;1;0;1;0;1;1;-7,123;-34,945;SPRF-PB;DEL01-PB;UOP02-DEL01-PB;;;
700152;24/06/2025;ter�a-feira;07:00:00;SC;282;1;FLORIANOPOLIS;Acessar a via sem observar a presen�a dos outros ve�culos;Colis�o traseira;Com V�timas Feridas;Pleno dia;Decrescente;C�u Claro;M�ltipla;Reta;Sim;2;0;1;0;1;0;1;2;-27,600642;-48,577615;SPRF-SC;DEL01-SC;UOP01-DEL01-SC;;;
700153;24/06/2025;ter�a-feira;03:50:00;PE;407;126;PETROLINA;Defici�ncia do Sistema de Ilumina��o/Sinaliza��o;Queda de ocupante de ve�culo;Com V�timas Feridas;Plena Noite;Crescente;C�u Claro;Dupla;Reta;Sim;1;0;1;0;0;0;1;1;-9,38651;-40,52665;SPRF-PE;DEL06-PE;UOP01-DEL06-PE;;;
700154;24/06/2025;ter�a-feira;07:55:00;CE;116;4,7;FORTALEZA;Velocidade Incompat�vel;Colis�o traseira;Com V�timas Feridas;Pleno dia;Crescente;C�u Claro;M�ltipla;Curva;Sim;2;0;1;0;1;0;1;2;-3,79331086;-38,50844175;SPRF-CE;DEL01-CE;UOP02-DEL01-CE;;;
700155;24/06/2025;ter�a-feira;07:10:00;RS;386;425;MONTENEGRO;Aus�ncia de rea��o do condutor;Colis�o lateral mesmo sentido;Com V�timas Feridas;Pleno dia;Crescente;C�u Claro;Dupla;Reta;N�o;2;0;0;1;1;0;1;2;-29,81996135;-51,36076346;SPRF-RS;DEL04-RS;UOP02-DEL04-RS;;;
700156;23/06/2025;segunda-feira;23:30:00;RJ;493;58;NOVA IGUACU;Defici�ncia do Sistema de Ilumina��o/Sinaliza��o;Colis�o traseira;Com V�timas Feridas;Plena Noite;Crescente;C�u Claro;Dupla;Reta;Sim;2;0;1;0;1;0;1;2;-22,6721481;-43,3845025;SPRF-RJ;DEL01-RJ;UOP03-DEL01-RJ;;;
700157;24/06/2025;ter�a-feira;07:10:00;MG;356;267,5;MURIAE;Acessar a via sem observar a presen�a dos outros ve�culos;Colis�o transversal;Com V�timas Feridas;Pleno dia;Decrescente;C�u Claro;Simples;"Reta;Interse��o de Vias";N�o;3;0;1;1;1;0;2;2;-21,1259558;-42,3528518;SPRF-MG;DEL07-MG;UOP02-DEL07-MG;;;
700158;24/06/2025;ter�a-feira;08:10:00;RS;470;217;BENTO GONCALVES;Rea��o tardia ou ineficiente do condutor;Queda de ocupante de ve�culo;Com V�timas Feridas;Pleno dia;Crescente;C�u Claro;Simples;Rotat�ria;Sim;1;0;1;0;0;0;1;1;-29,1758239;-51,52202575;SPRF-RS;DEL06-RS;UOP01-DEL06-RS;;;
700159;24/06/2025;ter�a-feira;07:40:00;GO;153;505,9;APARECIDA DE GOIANIA;Condutor deixou de manter dist�ncia do ve�culo da frente;Colis�o traseira;Com V�timas Feridas;Pleno dia;Decrescente;Chuva;M�ltipla;Reta;Sim;2;0;1;0;1;0;1;2;-16,753386;-49,241044;SPRF-GO;DEL01-GO;UOP01-DEL01-GO;;;
700161;24/06/2025;ter�a-feira;07:00:00;GO;60;101,8;ANAPOLIS;Acessar a via sem observar a presen�a dos outros ve�culos;Colis�o transversal;Com V�timas Feridas;Pleno dia;Decrescente;C�u Claro;Dupla;"Reta;Retorno Regulamentado";Sim;2;0;0;2;0;0;2;2;-16,404369;-48,980614;SPRF-GO;DEL02-GO;UOP01-DEL02-GO;;;
700163;24/06/2025;ter�a-feira;07:35:00;SC;282;215;LAGES;Acessar a via sem observar a presen�a dos outros ve�culos;Colis�o transversal;Sem V�timas;Pleno dia;Crescente;C�u Claro;Simples;"Rotat�ria;Interse��o de Vias";Sim;3;0;0;0;3;0;0;2;-27,79427821;-50,28430581;SPRF-SC;DEL05-SC;UOP01-DEL05-SC;;;
700164;24/06/2025;ter�a-feira;08:24:00;PE;101;58;RECIFE;Acumulo de areia ou detritos sobre o pavimento;Queda de ocupante de ve�culo;Com V�timas Feridas;Pleno dia;Decrescente;Nublado;Dupla;Reta;N�o;2;0;1;1;0;0;2;1;-7,971947;-34,921075;SPRF-PE;DEL01-PE;UOP02-DEL01-PE;;;
700165;04/06/2025;quarta-feira;15:30:00;PR;277;633,5;CEU AZUL;Desrespeitar a prefer�ncia no cruzamento;Colis�o transversal;Com V�timas Feridas;Pleno dia;Crescente;Chuva;Simples;Reta;Sim;3;0;1;0;2;0;1;2;-25,1301328;-53,82459641;SPRF-PR;DEL05-PR;UOP02-DEL05-PR;;;
700168;24/06/2025;ter�a-feira;08:55:00;PB;230;19,5;JOAO PESSOA;Acumulo de areia ou detritos sobre o pavimento;Tombamento;Com V�timas Feridas;Pleno dia;Decrescente;Nublado;Dupla;"Declive;Curva";Sim;2;0;1;1;0;0;2;1;-7,13197;-34,853017;SPRF-PB;DEL01-PB;UOP01-DEL01-PB;;;
700169;24/06/2025;ter�a-feira;07:55:00;PR;277;361;GUARAPUAVA;Rea��o tardia ou ineficiente do condutor;Colis�o com objeto;Com V�timas Feridas;Pleno dia;Decrescente;C�u Claro;Simples;Reta;N�o;3;0;1;0;2;0;1;1;-25,43819786;-51,62072182;SPRF-PR;DEL08-PR;UOP01-DEL08-PR;;;
700170;24/06/2025;ter�a-feira;08:38:00;RN;304;49,7;MOSSORO;Manobra de mudan�a de faixa;Colis�o lateral mesmo sentido;Com V�timas Feridas;Pleno dia;Decrescente;Sol;Dupla;Reta;Sim;2;0;1;0;0;1;1;2;-5,220025;-37,3272;SPRF-RN;DEL04-RN;UOP01-DEL04-RN;;;
700171;18/06/2025;quarta-feira;12:00:00;MG;116;433;ENGENHEIRO CALDAS;Velocidade Incompat�vel;Tombamento;Com V�timas Feridas;Pleno dia;Decrescente;C�u Claro;Simples;Reta;N�o;1;0;1;0;0;0;1;1;-19,00564586;-41,97652817;SPRF-MG;DEL06-MG;UOP01-DEL06-MG;;;
700172;04/02/2025;ter�a-feira;18:30:00;RS;392;0;CAPAO DO LEAO;Aus�ncia de rea��o do condutor;Colis�o traseira;Com V�timas Feridas;Pleno dia;Crescente;C�u Claro;Simples;Interse��o de Vias;Sim;2;0;0;1;1;0;1;2;-31,7602;-52,4381;SPRF-RS;DEL07-RS;UOP01-DEL07-RS;;;
700173;24/06/2025;ter�a-feira;07:50:00;SC;101;339,5;TUBARAO;Aus�ncia de rea��o do condutor;Tombamento;Com V�timas Feridas;Pleno dia;Decrescente;C�u Claro;Dupla;"Reta;Interse��o de Vias";N�o;2;0;2;0;0;0;2;1;-28,500252;-49,046181;SPRF-SC;DEL02-SC;UOP01-DEL02-SC;;;
700176;24/06/2025;ter�a-feira;09:00:00;PR;153;355;REBOUCAS;Demais falhas mec�nicas ou el�tricas;Inc�ndio;Sem V�timas;Pleno dia;Crescente;C�u Claro;Simples;Curva;N�o;1;0;0;0;1;0;0;1;-25,661;-50,735;SPRF-PR;DEL08-PR;UOP02-DEL08-PR;;;
700179;24/06/2025;ter�a-feira;08:50:00;SC;101;211,7;PALHOCA;Rea��o tardia ou ineficiente do condutor;Colis�o lateral mesmo sentido;Com V�timas Feridas;Pleno dia;Decrescente;C�u Claro;M�ltipla;Reta;Sim;4;0;1;0;1;2;1;4;-27,62791813;-48,65685328;SPRF-SC;DEL01-SC;UOP02-DEL01-SC;;;
700181;23/06/2025;segunda-feira;21:28:00;PE;232;401,7;SERRA TALHADA;Problema com o freio;Sa�da de leito carro��vel;Com V�timas Fatais;Pleno dia;Decrescente;C�u Claro;Simples;"Aclive;Reta";N�o;1;1;0;0;0;0;0;1;-8,010638;-38,240287;SPRF-PE;DEL04-PE;UOP01-DEL04-PE;;;
700183;24/06/2025;ter�a-feira;09:30:00;SC;101;208,6;SAO JOSE;Aus�ncia de rea��o do condutor;Colis�o traseira;Com V�timas Feridas;Pleno dia;Decrescente;C�u Claro;Dupla;Reta;Sim;5;0;1;0;4;0;1;3;-27,607413;-48,636245;SPRF-SC;DEL01-SC;UOP01-DEL01-SC;;;
700184;24/06/2025;ter�a-feira;08:55:00;MG;381;561;ITAGUARA;Rea��o tardia ou ineficiente do condutor;Queda de ocupante de ve�culo;Com V�timas Feridas;Pleno dia;Crescente;C�u Claro;Dupla;Curva;N�o;1;0;1;0;0;0;1;1;-20,37271469;-44,46902561;SPRF-MG;DEL04-MG;UOP03-DEL04-MG;;;
700185;21/03/2025;sexta-feira;06:30:00;ES;259;52;COLATINA;Aus�ncia de rea��o do condutor;Colis�o lateral mesmo sentido;Com V�timas Feridas;Pleno dia;Crescente;C�u Claro;Simples;Reta;N�o;2;0;1;0;1;0;1;2;-19,52315515;-40,70842624;SPRF-ES;DEL02-ES;UOP01-DEL02-ES;;;
700186;24/06/2025;ter�a-feira;09:30:00;RS;290;691;URUGUAIANA;Demais falhas mec�nicas ou el�tricas;Tombamento;Com V�timas Feridas;Pleno dia;Crescente;C�u Claro;Simples;Reta;N�o;2;0;2;0;0;0;2;1;-29,7995781;-57,0100035;SPRF-RS;DEL13-RS;UOP01-DEL13-RS;;;
700187;24/06/2025;ter�a-feira;10:00:00;RN;101;97;NATAL;Pista Escorregadia;Tombamento;Com V�timas Feridas;Pleno dia;Decrescente;C�u Claro;Simples;Curva;Sim;1;0;1;0;0;0;1;1;-5,85886672;-35,21312104;SPRF-RN;DEL01-RN;UOP01-DEL01-RN;;;
700188;24/06/2025;ter�a-feira;08:00:00;BA;101;789;ITAMARAJU;Ultrapassagem Indevida;Colis�o lateral mesmo sentido;Com V�timas Feridas;Pleno dia;Decrescente;C�u Claro;Simples;Reta;N�o;8;0;5;0;3;0;5;4;-16,879843;-39,512873;SPRF-BA;DEL09-BA;UOP01-DEL09-BA;;;
700189;24/06/2025;ter�a-feira;09:20:00;PI;343;342,2;TERESINA;Condutor deixou de manter dist�ncia do ve�culo da frente;Colis�o traseira;Com V�timas Feridas;Pleno dia;Decrescente;Sol;Simples;Reta;Sim;2;0;0;1;1;0;1;2;-5,083292;-42,751992;SPRF-PI;DEL01-PI;UOP01-DEL01-PI;;;
700190;29/05/2025;quinta-feira;09:40:00;DF;20;23;BRASILIA;Mal s�bito do condutor;Capotamento;Com V�timas Feridas;Pleno dia;Crescente;C�u Claro;Dupla;"Aclive;Curva";N�o;1;0;1;0;0;0;1;1;-15,59482945;-47,6670152;SPRF-DF;DEL02-DF;UOP01-DEL02-DF;;;
700192;24/06/2025;ter�a-feira;06:50:00;RS;470;165,9;VILA FLORES;Pista Escorregadia;Sa�da de leito carro��vel;Com V�timas Feridas;Amanhecer;Crescente;C�u Claro;Simples;Curva;N�o;1;0;1;0;0;0;1;1;-28,84640285;-51,57304287;SPRF-RS;DEL06-RS;UOP02-DEL06-RS;;;
700193;24/06/2025;ter�a-feira;08:15:00;SC;116;267;CAPAO ALTO;Acumulo de �gua sobre o pavimento;Sa�da de leito carro��vel;Com V�timas Feridas;Amanhecer;Crescente;C�u Claro;Simples;Interse��o de Vias;N�o;2;0;1;0;1;0;1;1;-27,95609757;-50,48428981;SPRF-SC;DEL05-SC;UOP02-DEL05-SC;;;
700194;24/06/2025;ter�a-feira;09:45:00;SC;101;203;SAO JOSE;Rea��o tardia ou ineficiente do condutor;Colis�o traseira;Com V�timas Feridas;Pleno dia;Crescente;C�u Claro;Dupla;Reta;N�o;2;0;1;0;1;0;1;2;-27,562293;-48,616238;SPRF-SC;DEL01-SC;UOP01-DEL01-SC;;;
700195;24/06/2025;ter�a-feira;08:00:00;RS;116;189;PICADA CAFE;Demais Fen�menos da natureza;Colis�o traseira;Com V�timas Feridas;Pleno dia;Crescente;C�u Claro;Simples;Curva;N�o;2;0;1;0;1;0;1;2;-29,44318539;-51,13929749;SPRF-RS;DEL05-RS;UOP02-DEL05-RS;;;
700199;24/06/2025;ter�a-feira;11:00:00;SP;116;180,9;GUARAREMA;Avarias e/ou desgaste excessivo no pneu;Colis�o com objeto;Com V�timas Feridas;Pleno dia;Decrescente;Nublado;Dupla;Reta;N�o;1;0;1;0;0;0;1;1;-23,340218;-46,152587;SPRF-SP;DEL01-SP;UOP01-DEL01-SP;;;
700200;24/06/2025;ter�a-feira;11:00:00;PR;376;4,7;MANDAGUARI;Condutor deixou de manter dist�ncia do ve�culo da frente;Colis�o traseira;Com V�timas Feridas;Pleno dia;Crescente;C�u Claro;Simples;Reta;Sim;3;0;2;0;1;0;2;3;-23,52133373;-51,6795036;SPRF-PR;DEL09-PR;UOP01-DEL09-PR;;;
700202;24/06/2025;ter�a-feira;08:00:00;MG;365;336;JOAO PINHEIRO;Aus�ncia de rea��o do condutor;Atropelamento de Pedestre;Com V�timas Feridas;Pleno dia;Decrescente;Nublado;Simples;"Curva;Aclive";N�o;2;0;1;0;1;0;1;2;-18,32153258;-46,00505501;SPRF-MG;DEL10-MG;UOP01-DEL10-MG;;;
700203;24/06/2025;ter�a-feira;10:03:00;MG;50;28,9;ARAGUARI;Avarias e/ou desgaste excessivo no pneu;Sa�da de leito carro��vel;Com V�timas Feridas;Pleno dia;Decrescente;Garoa/Chuvisco;Dupla;Curva;N�o;4;0;4;0;0;0;4;1;-18,61826687;-48,10604095;SPRF-MG;DEL15-MG;UOP02-DEL15-MG;;;
700204;24/06/2025;ter�a-feira;11:30:00;RJ;116;183;NOVA IGUACU;Trafegar com motocicleta (ou similar) entre as faixas;Colis�o transversal;Sem V�timas;Pleno dia;Crescente;Nublado;Dupla;Reta;Sim;2;0;0;0;2;0;0;2;-22,74974686;-43,44127178;SPRF-RJ;DEL06-RJ;UOP01-DEL06-RJ;;;
700205;24/06/2025;ter�a-feira;11:16:00;PE;101;80,4;JABOATAO DOS GUARARAPES;Transitar na contram�o;Colis�o frontal;Com V�timas Feridas;Pleno dia;Decrescente;C�u Claro;M�ltipla;"Retorno Regulamentado;Reta;Declive";Sim;2;0;0;1;1;0;1;2;-8,154675;-34,941527;SPRF-PE;DEL01-PE;UOP01-DEL01-PE;;;
700206;24/06/2025;ter�a-feira;07:30:00;MG;116;410;GOVERNADOR VALADARES;Condutor deixou de manter dist�ncia do ve�culo da frente;Colis�o traseira;Com V�timas Feridas;Pleno dia;Decrescente;C�u Claro;Dupla;Reta;Sim;2;0;1;0;1;0;1;2;-18,858878;-41,974617;SPRF-MG;DEL06-MG;UOP01-DEL06-MG;;;
700207;24/06/2025;ter�a-feira;10:22:00;MG;50;47;ARAGUARI;Velocidade Incompat�vel;Sa�da de leito carro��vel;Com V�timas Feridas;Pleno dia;Decrescente;C�u Claro;Dupla;Curva;N�o;1;0;1;0;0;0;1;1;-18,76298;-48,241525;SPRF-MG;DEL15-MG;UOP02-DEL15-MG;;;
700208;24/06/2025;ter�a-feira;09:29:00;TO;235;193;TUPIRAMA;Aus�ncia de rea��o do condutor;Sa�da de leito carro��vel;Com V�timas Feridas;Pleno dia;Crescente;C�u Claro;Simples;Reta;N�o;2;0;2;0;0;0;2;1;-8,96819519;-48,33721718;SPRF-TO;DEL02-TO;UOP02-DEL02-TO;;;
700209;24/06/2025;ter�a-feira;09:20:00;MG;262;803;UBERABA;Acumulo de areia ou detritos sobre o pavimento;Sa�da de leito carro��vel;Com V�timas Feridas;Pleno dia;Decrescente;Garoa/Chuvisco;Dupla;Reta;Sim;1;0;1;0;0;0;1;1;-19,776816;-47,921138;SPRF-MG;DEL13-MG;UOP01-DEL13-MG;;;
700212;24/06/2025;ter�a-feira;12:30:00;PR;376;217,7;JANDAIA DO SUL;Transitar na contram�o;Colis�o frontal;Com V�timas Feridas;Pleno dia;Crescente;C�u Claro;Simples;Reta;N�o;3;0;1;0;2;0;1;2;-23,597311;-51,634535;SPRF-PR;DEL09-PR;UOP01-DEL09-PR;;;
700213;24/06/2025;ter�a-feira;10:00:00;BA;407;128;SENHOR DO BONFIM;Condutor deixou de manter dist�ncia do ve�culo da frente;Colis�o traseira;Com V�timas Feridas;Pleno dia;Crescente;C�u Claro;Simples;Reta;Sim;6;0;4;0;2;0;4;2;-10,4722816;-40,1709098;SPRF-BA;DEL04-BA;UOP01-DEL04-BA;;;
700214;24/06/2025;ter�a-feira;12:55:00;MA;135;14;SAO LUIS;Acumulo de �leo sobre o pavimento;Queda de ocupante de ve�culo;Com V�timas Feridas;Pleno dia;Decrescente;Sol;Dupla;Reta;Sim;1;0;1;0;0;0;1;1;-2,69120245;-44,30181313;SPRF-MA;DEL01-MA;UOP01-DEL01-MA;;;
700216;24/06/2025;ter�a-feira;12:45:00;RS;285;460;IJUI;Acessar a via sem observar a presen�a dos outros ve�culos;Colis�o transversal;Com V�timas Feridas;Pleno dia;Crescente;Sol;Simples;"Declive;Interse��o de Vias;Em Obras";Sim;2;0;1;0;1;0;1;2;-28,4186063;-53,9164315;SPRF-RS;DEL10-RS;UOP01-DEL10-RS;;;
700217;24/06/2025;ter�a-feira;11:50:00;RS;101;36;TRES FORQUILHAS;Avarias e/ou desgaste excessivo no pneu;Tombamento;Com V�timas Feridas;Pleno dia;Crescente;C�u Claro;Dupla;Reta;N�o;2;0;2;0;0;0;2;1;-29,53649207;-50,00682324;SPRF-RS;DEL03-RS;UOP02-DEL03-RS;;;
700221;24/06/2025;ter�a-feira;12:30:00;RS;386;36;FREDERICO WESTPHALEN;Desrespeitar a prefer�ncia no cruzamento;Colis�o transversal;Com V�timas Feridas;Pleno dia;Crescente;C�u Claro;Simples;"Reta;Aclive;Interse��o de Vias";Sim;2;0;1;0;1;0;1;2;-27,37647652;-53,3981459;SPRF-RS;DEL08-RS;UOP02-DEL08-RS;;;
700222;24/06/2025;ter�a-feira;13:10:00;PB;230;161,6;CAMPINA GRANDE;Acessar a via sem observar a presen�a dos outros ve�culos;Colis�o transversal;Com V�timas Feridas;Pleno dia;Crescente;Nublado;Simples;Reta;Sim;9;0;5;0;4;0;5;2;-7,234768;-35,94163;SPRF-PB;DEL02-PB;UOP01-DEL02-PB;;;
700224;24/06/2025;ter�a-feira;13:40:00;PB;101;86;BAYEUX;Manobra de mudan�a de faixa;Colis�o lateral mesmo sentido;Com V�timas Feridas;Pleno dia;Crescente;C�u Claro;Dupla;Reta;Sim;6;0;2;0;4;0;2;2;-7,14950888;-34,91206169;SPRF-PB;DEL01-PB;UOP01-DEL01-PB;;;
700225;24/06/2025;ter�a-feira;10:01:00;RJ;40;78;PETROPOLIS;Velocidade Incompat�vel;Capotamento;Com V�timas Feridas;Pleno dia;Crescente;Nublado;Simples;Curva;N�o;3;0;3;0;0;0;3;1;-22,48067869;-43,23514938;SPRF-RJ;DEL01-RJ;UOP01-DEL01-RJ;;;
700226;24/06/2025;ter�a-feira;13:30:00;SP;116;227;SAO PAULO;Trafegar com motocicleta (ou similar) entre as faixas;Colis�o lateral mesmo sentido;Com V�timas Feridas;Pleno dia;Decrescente;C�u Claro;M�ltipla;Reta;Sim;2;0;1;0;1;0;1;2;-23,50184629;-46,56429338;SPRF-SP;DEL01-SP;UOP01-DEL01-SP;;;
700227;24/06/2025;ter�a-feira;10:00:00;MG;381;924;CAMANDUCAIA;Velocidade Incompat�vel;Capotamento;Com V�timas Feridas;Pleno dia;Crescente;Chuva;Dupla;Curva;N�o;1;0;1;0;0;0;1;1;-22,77007093;-46,19408405;SPRF-MG;DEL16-MG;UOP03-DEL16-MG;;;
700228;24/06/2025;ter�a-feira;13:35:00;SC;101;133,5;BALNEARIO CAMBORIU;Aus�ncia de rea��o do condutor;Colis�o traseira;Com V�timas Feridas;Pleno dia;Crescente;Sol;Simples;Reta;Sim;2;0;1;0;1;0;1;2;-27,000474;-48,641;SPRF-SC;DEL04-SC;UOP03-DEL04-SC;;;
700230;24/06/2025;ter�a-feira;09:30:00;MG;40;131;JOAO PINHEIRO;Velocidade Incompat�vel;Sa�da de leito carro��vel;Com V�timas Feridas;Pleno dia;Crescente;C�u Claro;Simples;Reta;N�o;2;0;2;0;0;0;2;1;-17,72424311;-46,21879578;SPRF-MG;DEL14-MG;UOP01-DEL14-MG;;;
700231;23/05/2025;sexta-feira;19:00:00;MG;40;528;CONTAGEM;Aus�ncia de rea��o do condutor;Colis�o transversal;Com V�timas Feridas;Plena Noite;Crescente;C�u Claro;Dupla;Reta;Sim;3;0;1;0;2;0;1;3;-19,909748;-44,044008;SPRF-MG;DEL01-MG;UOP02-DEL01-MG;;;