id;data_inversa;dia_semana;horario;uf;br;km;municipio;causa_acidente;tipo_acidente;classificacao_acidente;fase_dia;sentido_via;condicao_metereologica;tipo_pista;tracado_via;uso_solo;pessoas;mortos;feridos_leves;feridos_graves;ilesos;ignorados;feridos;veiculos;latitude;longitude;regional;delegacia;uop;;;
700233;24/06/2025;ter�a-feira;13:06:00;MS;163;185;JUTI;Aus�ncia de rea��o do condutor;Colis�o traseira;Com V�timas Feridas;Pleno dia;Decrescente;C�u Claro;Simples;Reta;N�o;4;0;1;0;3;0;1;2;-22,80763;-54,724097;SPRF-MS;DEL09-MS;UOP01-DEL09-MS;;;
700236;24/06/2025;ter�a-feira;14:10:00;ES;101;125;SOORETAMA;Rea��o tardia ou ineficiente do condutor;Colis�o lateral mesmo sentido;Com V�timas Feridas;Pleno dia;Crescente;C�u Claro;M�ltipla;Reta;N�o;2;0;0;1;1;0;1;2;-19,19293167;-40,09523667;SPRF-ES;DEL04-ES;UOP01-DEL04-ES;;;
700239;24/06/2025;ter�a-feira;11:00:00;AC;0;0;RIO BRANCO;Rea��o tardia ou ineficiente do condutor;Colis�o frontal;Sem V�timas;Pleno dia;N�o Informado;C�u Claro;Simples;Reta;Sim;3;0;0;0;3;0;0;3;-9,97407059;-67,79955983;SPRF-AC;DEL01-AC;UOP01-DEL01-AC;;;
700240;24/06/2025;ter�a-feira;13:40:00;CE;116;5,8;FORTALEZA;Condutor deixou de manter dist�ncia do ve�culo da frente;Colis�o traseira;Com V�timas Feridas;Pleno dia;Decrescente;C�u Claro;Dupla;Interse��o de Vias;Sim;2;0;1;0;1;0;1;2;-3,8003681;-38,50484848;SPRF-CE;DEL01-CE;UOP02-DEL01-CE;;;
700241;24/06/2025;ter�a-feira;14:20:00;RN;226;117,8;SANTA CRUZ;Rea��o tardia ou ineficiente do condutor;Queda de ocupante de ve�culo;Com V�timas Feridas;Pleno dia;Crescente;C�u Claro;Simples;Curva;N�o;1;0;0;1;0;0;1;1;-6,193;-36,057;SPRF-RN;DEL03-RN;UOP02-DEL03-RN;;;
700243;24/06/2025;ter�a-feira;14:27:00;CE;116;35;HORIZONTE;Acesso irregular;Colis�o transversal;Com V�timas Feridas;Pleno dia;Crescente;C�u Claro;Dupla;Reta;N�o;2;0;1;0;1;0;1;2;-4,07612649;-38,50023206;SPRF-CE;DEL01-CE;UOP02-DEL01-CE;;;
700244;24/06/2025;ter�a-feira;14:19:00;PE;101;69;RECIFE;Trafegar com motocicleta (ou similar) entre as faixas;Colis�o traseira;Com V�timas Feridas;Pleno dia;Decrescente;Sol;M�ltipla;Reta;Sim;1;0;1;0;0;0;1;1;-8,05631314;-34,94626371;SPRF-PE;DEL01-PE;UOP01-DEL01-PE;;;
700245;24/06/2025;ter�a-feira;14:20:00;RS;448;15;PORTO ALEGRE;Condutor deixou de manter dist�ncia do ve�culo da frente;Colis�o traseira;Com V�timas Feridas;Pleno dia;Crescente;C�u Claro;M�ltipla;Reta;N�o;2;0;1;0;1;0;1;2;-29,9882285;-51,259307;SPRF-RS;DEL01-RS;UOP01-DEL01-RS;;;
700246;24/06/2025;ter�a-feira;13:00:00;BA;242;258;ITABERABA;Pista esburacada;Engavetamento;Com V�timas Feridas;Pleno dia;Decrescente;C�u Claro;Simples;"Declive;Curva";N�o;6;0;1;0;5;0;1;3;-12,48350963;-40,52753448;SPRF-BA;DEL06-BA;UOP02-DEL06-BA;;;
700248;24/06/2025;ter�a-feira;14:50:00;ES;101;295;CARIACICA;Aus�ncia de rea��o do condutor;Colis�o lateral mesmo sentido;Com V�timas Feridas;Pleno dia;Crescente;Sol;Dupla;Em Obras;N�o;2;0;1;0;1;0;1;2;-20,3318546;-40,3999901;SPRF-ES;DEL01-ES;UOP01-DEL01-ES;;;
700249;24/06/2025;ter�a-feira;13:50:00;SP;116;143;SAO JOSE DOS CAMPOS;Rea��o tardia ou ineficiente do condutor;Colis�o traseira;Com V�timas Feridas;Pleno dia;Crescente;Sol;Dupla;"Declive;Reta";Sim;2;0;1;0;1;0;1;2;-23,17510223;-45,83151896;SPRF-SP;DEL02-SP;UOP01-DEL02-SP;;;
700251;24/06/2025;ter�a-feira;14:10:00;PR;369;42;ANDIRA;Transitar na contram�o;Colis�o frontal;Com V�timas Fatais;Pleno dia;Crescente;C�u Claro;Simples;"Declive;Reta";N�o;9;1;0;5;2;1;5;5;-23,0766029;-50,26901051;SPRF-PR;DEL07-PR;UOP05-DEL07-PR;;;
700252;24/06/2025;ter�a-feira;15:50:00;PB;101;82;BAYEUX;Trafegar com motocicleta (ou similar) entre as faixas;Colis�o traseira;Com V�timas Feridas;Pleno dia;Crescente;C�u Claro;Dupla;Aclive;Sim;7;0;2;0;5;0;2;3;-7,1309891;-34,9334353;SPRF-PB;DEL01-PB;UOP01-DEL01-PB;;;
700258;24/06/2025;ter�a-feira;15:35:00;PI;316;12,4;TERESINA;Suic�dio (presumido);Colis�o com objeto;Com V�timas Fatais;Pleno dia;Decrescente;C�u Claro;M�ltipla;Reta;Sim;1;1;0;0;0;0;0;1;-5,206917;-42,755985;SPRF-PI;DEL01-PI;UOP02-DEL01-PI;;;
700260;24/06/2025;ter�a-feira;15:45:00;SP;116;147;SAO JOSE DOS CAMPOS;Rea��o tardia ou ineficiente do condutor;Colis�o lateral mesmo sentido;Com V�timas Feridas;Pleno dia;Decrescente;Sol;Dupla;Reta;N�o;3;0;2;0;1;0;2;2;-23,19523519;-45,87127805;SPRF-SP;DEL02-SP;UOP01-DEL02-SP;;;
700262;24/06/2025;ter�a-feira;16:10:00;SP;116;227;GUARULHOS;Demais falhas na via;Queda de ocupante de ve�culo;Com V�timas Feridas;Pleno dia;Decrescente;C�u Claro;M�ltipla;Reta;Sim;1;0;1;0;0;0;1;1;-23,49694405;-46,55555248;SPRF-SP;DEL01-SP;UOP01-DEL01-SP;;;
700263;24/06/2025;ter�a-feira;06:30:00;SC;101;31,1;SAO JOSE;Animais na Pista;Atropelamento de Animal;Sem V�timas;Amanhecer;Decrescente;C�u Claro;Dupla;Reta;Sim;1;0;0;0;1;0;0;1;-27,58423896;-48,69541883;SPRF-SC;DEL01-SC;UOP02-DEL01-SC;;;
700265;24/06/2025;ter�a-feira;13:30:00;MG;262;32,9;MANHUACU;Aus�ncia de rea��o do condutor;Colis�o traseira;Com V�timas Feridas;Pleno dia;Crescente;C�u Claro;Dupla;"Aclive;Curva";N�o;4;0;1;1;2;0;2;2;-20,25837;-42,014448;SPRF-MG;DEL06-MG;UOP03-DEL06-MG;;;
700267;24/06/2025;ter�a-feira;15:00:00;GO;60;442;JATAI;Aus�ncia de rea��o do condutor;Sa�da de leito carro��vel;Sem V�timas;Pleno dia;Decrescente;C�u Claro;Dupla;Reta;N�o;1;0;0;0;0;1;0;1;-17,843208;-51,455995;SPRF-GO;DEL05-GO;UOP01-DEL05-GO;;;
700269;24/06/2025;ter�a-feira;16:30:00;ES;101;224;IBIRACU;Aus�ncia de rea��o do condutor;Tombamento;Com V�timas Feridas;Pleno dia;Decrescente;C�u Claro;Simples;Reta;N�o;3;0;0;2;0;1;2;2;-19,8872865;-40,4145109;SPRF-ES;DEL02-ES;UOP01-DEL02-ES;;;
700272;01/06/2025;domingo;18:15:00;RS;386;279;SAO JOSE DO HERVAL;Rea��o tardia ou ineficiente do condutor;Colis�o frontal;Com V�timas Feridas;Anoitecer;Crescente;C�u Claro;Simples;Reta;N�o;5;0;1;2;2;0;3;2;-29,04733297;-52,29534499;SPRF-RS;DEL04-RS;UOP03-DEL04-RS;;;
700274;24/06/2025;ter�a-feira;14:00:00;MT;163;612;NOVA MUTUM;Avarias e/ou desgaste excessivo no pneu;Queda de ocupante de ve�culo;Com V�timas Feridas;Pleno dia;Decrescente;Nublado;Dupla;Reta;N�o;1;0;1;0;0;0;1;1;-13,58325049;-56,03374293;SPRF-MT;DEL01-MT;UOP01-DEL01-MT;;;
700276;24/06/2025;ter�a-feira;15:45:00;SC;101;119;ITAJAI;Condutor deixou de manter dist�ncia do ve�culo da frente;Colis�o lateral mesmo sentido;Com V�timas Feridas;Pleno dia;Decrescente;C�u Claro;M�ltipla;Reta;Sim;2;0;1;0;1;0;1;2;-26,91109752;-48,71238446;SPRF-SC;DEL04-SC;UOP04-DEL04-SC;;;
700278;24/06/2025;ter�a-feira;15:50:00;RJ;101;483;ANGRA DOS REIS;Rea��o tardia ou ineficiente do condutor;Colis�o traseira;Sem V�timas;Pleno dia;Crescente;Chuva;Simples;Curva;Sim;2;0;0;0;2;0;0;2;-23,00659418;-44,2924118;SPRF-RJ;DEL03-RJ;UOP03-DEL03-RJ;;;
700279;24/06/2025;ter�a-feira;17:05:00;SC;101;197;BIGUACU;Acesso irregular;Colis�o transversal;Com V�timas Feridas;Anoitecer;Decrescente;C�u Claro;M�ltipla;"Declive;Reta";Sim;2;0;1;0;1;0;1;2;-27,51853526;-48,63814177;SPRF-SC;DEL01-SC;UOP01-DEL01-SC;;;
700280;24/06/2025;ter�a-feira;16:50:00;SC;470;67,6;INDAIAL;Desrespeitar a prefer�ncia no cruzamento;Colis�o transversal;Sem V�timas;Pleno dia;Decrescente;C�u Claro;Simples;"Reta;Interse��o de Vias";Sim;2;0;0;0;2;0;0;2;-26,875248;-49,235992;SPRF-SC;DEL04-SC;UOP01-DEL04-SC;;;
700286;24/06/2025;ter�a-feira;18:05:00;CE;222;1,2;FORTALEZA;Manobra de mudan�a de faixa;Colis�o lateral mesmo sentido;Com V�timas Feridas;Plena Noite;Crescente;C�u Claro;M�ltipla;Reta;Sim;3;0;2;0;0;1;2;2;-3,737692;-38,579853;SPRF-CE;DEL01-CE;UOP01-DEL01-CE;;;
700287;24/06/2025;ter�a-feira;18:00:00;PB;101;81;BAYEUX;Manobra de mudan�a de faixa;Sa�da de leito carro��vel;Com V�timas Feridas;Anoitecer;Decrescente;C�u Claro;Dupla;Reta;Sim;2;0;0;1;1;0;1;1;-7,12631166;-34,94251776;SPRF-PB;DEL01-PB;UOP01-DEL01-PB;;;
700289;24/06/2025;ter�a-feira;17:50:00;SC;282;0,5;FLORIANOPOLIS;Rea��o tardia ou ineficiente do condutor;Colis�o traseira;Sem V�timas;Anoitecer;Crescente;C�u Claro;Dupla;"Reta;Aclive";Sim;2;0;0;0;2;0;0;2;-27,59933538;-48,57530298;SPRF-SC;DEL01-SC;UOP01-DEL01-SC;;;
700290;24/06/2025;ter�a-feira;18:15:00;PI;316;1,2;TERESINA;Condutor deixou de manter dist�ncia do ve�culo da frente;Colis�o traseira;Com V�timas Feridas;Plena Noite;Decrescente;C�u Claro;Simples;Reta;Sim;4;0;1;0;2;1;1;3;-5,127592;-42,805013;SPRF-PI;DEL01-PI;UOP02-DEL01-PI;;;
700291;24/06/2025;ter�a-feira;18:02:00;SP;116;326;JUQUITIBA;Rea��o tardia ou ineficiente do condutor;Atropelamento de Pedestre;Com V�timas Feridas;Plena Noite;Decrescente;Nublado;Simples;"Curva;Retorno Regulamentado";Sim;2;0;1;0;0;1;1;2;-23,93605661;-47,06969844;SPRF-SP;DEL04-SP;UOP03-DEL04-SP;;;
700292;24/06/2025;ter�a-feira;18:00:00;PR;277;1;CURITIBA;Condutor deixou de manter dist�ncia do ve�culo da frente;Colis�o traseira;Com V�timas Feridas;Anoitecer;Decrescente;Nublado;Dupla;Reta;Sim;2;0;0;1;1;0;1;2;-25,43130372;-49,36031548;SPRF-PR;DEL01-PR;UOP06-DEL01-PR;;;
700294;24/06/2025;ter�a-feira;18:40:00;SC;101;218,2;PALHOCA;Manobra de mudan�a de faixa;Colis�o lateral mesmo sentido;Com V�timas Feridas;Plena Noite;Crescente;C�u Claro;Simples;Reta;Sim;2;0;1;0;1;0;1;2;-27,67625463;-48,66571991;SPRF-SC;DEL01-SC;UOP02-DEL01-SC;;;
700296;24/06/2025;ter�a-feira;18:52:00;PE;101;70,3;RECIFE;Entrada inopinada do pedestre;Atropelamento de Pedestre;Com V�timas Feridas;Plena Noite;Crescente;C�u Claro;Dupla;Curva;Sim;3;0;3;0;0;0;3;2;-8,070408;-34,942236;SPRF-PE;DEL01-PE;UOP01-DEL01-PE;;;
700297;24/06/2025;ter�a-feira;18:45:00;BA;20;240;CIPO;Ingest�o de �lcool pelo condutor;Colis�o frontal;Sem V�timas;Plena Noite;Crescente;Nublado;Simples;Reta;Sim;2;0;0;0;2;0;0;2;-11,10907978;-38,51947286;SPRF-BA;DEL10-BA;UOP01-DEL10-BA;;;
700298;24/06/2025;ter�a-feira;18:40:00;DF;70;19;BRASILIA;Manobra de mudan�a de faixa;Colis�o traseira;Com V�timas Feridas;Plena Noite;Crescente;C�u Claro;Dupla;"Aclive;Reta";N�o;2;0;1;0;1;0;1;2;-15,78957042;-48,21642905;SPRF-DF;DEL03-DF;UOP02-DEL03-DF;;;
700299;24/06/2025;ter�a-feira;18:40:00;PR;467;108,7;CASCAVEL;Acessar a via sem observar a presen�a dos outros ve�culos;Colis�o transversal;Com V�timas Feridas;Plena Noite;Crescente;C�u Claro;Dupla;Interse��o de Vias;Sim;2;0;1;0;1;0;1;2;-24,92547749;-53,46089959;SPRF-PR;DEL04-PR;UOP01-DEL04-PR;;;
700300;24/06/2025;ter�a-feira;16:20:00;PR;163;156;LINDOESTE;Mal s�bito do condutor;Colis�o lateral mesmo sentido;Com V�timas Feridas;Pleno dia;Crescente;C�u Claro;Dupla;"Em Obras;Reta";Sim;2;0;1;0;1;0;1;2;-25,33157013;-53,59045599;SPRF-PR;DEL05-PR;UOP05-DEL05-PR;;;
700301;24/06/2025;ter�a-feira;18:20:00;RS;472;563;URUGUAIANA;Condutor deixou de manter dist�ncia do ve�culo da frente;Colis�o traseira;Com V�timas Feridas;Anoitecer;Crescente;C�u Claro;Simples;"Declive;Reta";N�o;2;0;1;0;1;0;1;2;-29,733042;-56,960595;SPRF-RS;DEL13-RS;UOP01-DEL13-RS;;;
700302;24/06/2025;ter�a-feira;18:55:00;SC;101;219;PALHOCA;Rea��o tardia ou ineficiente do condutor;Engavetamento;Com V�timas Feridas;Plena Noite;Crescente;C�u Claro;M�ltipla;Reta;Sim;4;0;1;0;3;0;1;3;-27,67806246;-48,66997465;SPRF-SC;DEL01-SC;UOP02-DEL01-SC;;;
700303;24/06/2025;ter�a-feira;18:30:00;DF;251;54;BRASILIA;Retorno proibido;Colis�o transversal;Sem V�timas;Plena Noite;Decrescente;C�u Claro;Simples;Reta;N�o;2;0;0;0;2;0;0;2;-15,9796068;-47,92030334;SPRF-DF;DEL01-DF;UOP01-DEL01-DF;;;
700304;24/06/2025;ter�a-feira;19:40:00;PB;230;11,4;CABEDELO;Aus�ncia de rea��o do condutor;Colis�o traseira;Com V�timas Feridas;Plena Noite;Decrescente;C�u Claro;Dupla;"Em Obras;Reta";Sim;2;0;1;0;1;0;1;2;-7,06877;-34,84966;SPRF-PB;DEL01-PB;UOP01-DEL01-PB;;;
700307;24/06/2025;ter�a-feira;19:15:00;CE;116;7,5;FORTALEZA;Condutor deixou de manter dist�ncia do ve�culo da frente;Colis�o traseira;Com V�timas Feridas;Plena Noite;Decrescente;C�u Claro;M�ltipla;Reta;N�o;2;0;1;0;1;0;1;2;-3,8172149;-38,5016627;SPRF-CE;DEL01-CE;UOP02-DEL01-CE;;;
700309;24/06/2025;ter�a-feira;19:51:00;MG;381;432,7;SABARA;Demais falhas mec�nicas ou el�tricas;Inc�ndio;Sem V�timas;Plena Noite;Crescente;Nublado;Simples;Curva;N�o;1;0;0;0;1;0;0;1;-19,7849169;-43,7230432;SPRF-MG;DEL01-MG;UOP01-DEL01-MG;;;
700310;13/05/2025;ter�a-feira;19:20:00;MG;40;524,5;CONTAGEM;Pedestre cruzava a pista fora da faixa;Atropelamento de Pedestre;Com V�timas Feridas;Plena Noite;Crescente;Nublado;Dupla;Reta;N�o;2;0;1;0;1;0;1;2;-19,877286;-44,051988;SPRF-MG;DEL01-MG;UOP02-DEL01-MG;;;
700311;24/06/2025;ter�a-feira;18:40:00;RJ;101;487;ANGRA DOS REIS;Ilumina��o deficiente;Atropelamento de Pedestre;Com V�timas Feridas;Plena Noite;Decrescente;Chuva;Simples;Reta;Sim;3;0;2;0;1;0;2;2;-22,97761106;-44,2963979;SPRF-RJ;DEL03-RJ;UOP03-DEL03-RJ;;;
700312;24/06/2025;ter�a-feira;20:10:00;SC;101;158,1;PORTO BELO;Acumulo de areia ou detritos sobre o pavimento;Tombamento;Com V�timas Feridas;Plena Noite;Decrescente;C�u Claro;Dupla;"Reta;Interse��o de Vias";Sim;2;0;2;0;0;0;2;1;-27,192017;-48,61239;SPRF-SC;DEL04-SC;UOP03-DEL04-SC;;;
700313;24/06/2025;ter�a-feira;18:05:00;SC;282;340,5;CAMPOS NOVOS;Transitar na contram�o;Colis�o frontal;Com V�timas Feridas;Plena Noite;Crescente;C�u Claro;Simples;Reta;Sim;4;0;1;2;0;1;3;3;-27,390443;-51,200715;SPRF-SC;DEL07-SC;UOP06-DEL07-SC;;;
700314;24/06/2025;ter�a-feira;02:50:00;RS;448;3;SAO MARCOS;Ingest�o de �lcool pelo condutor;Colis�o com objeto;Com V�timas Feridas;Plena Noite;Crescente;C�u Claro;Dupla;Reta;Sim;1;0;1;0;0;0;1;1;-29;-51;SPRF-RS;DEL01-RS;UOP02-DEL01-RS;;;
700315;20/06/2025;sexta-feira;19:45:00;RS;116;648;JAGUARAO;Animais na Pista;Atropelamento de Animal;Sem V�timas;Plena Noite;Decrescente;Nublado;Simples;Reta;N�o;1;0;0;0;1;0;0;1;-32,4987463;-53,318538;SPRF-RS;DEL07-RS;UOP03-DEL07-RS;;;
700316;24/06/2025;ter�a-feira;19:50:00;PE;101;57;RECIFE;Aus�ncia de rea��o do condutor;Colis�o frontal;Com V�timas Feridas;Plena Noite;Crescente;C�u Claro;Dupla;Reta;Sim;2;0;1;1;0;0;2;2;-7,9633373;-34,9158249;SPRF-PE;DEL01-PE;UOP02-DEL01-PE;;;
700319;24/06/2025;ter�a-feira;19:15:00;PR;116;126;MANDIRITUBA;Trafegar com motocicleta (ou similar) entre as faixas;Colis�o lateral mesmo sentido;Sem V�timas;Plena Noite;Crescente;C�u Claro;Dupla;"Reta;Interse��o de Vias";Sim;3;0;0;0;1;2;0;3;-25,65259172;-49,3123734;SPRF-PR;DEL01-PR;UOP03-DEL01-PR;;;
700320;24/06/2025;ter�a-feira;18:40:00;RJ;101;322;NITEROI;Mal s�bito do condutor;Eventos at�picos;Com V�timas Feridas;Plena Noite;Decrescente;Nublado;M�ltipla;Reta;N�o;2;0;0;1;1;0;1;2;-22,87717908;-43,11682788;SPRF-RJ;DEL02-RJ;UOP01-DEL02-RJ;;;
700321;24/06/2025;ter�a-feira;19:30:00;GO;60;192;GUAPO;Condutor Dormindo;Sa�da de leito carro��vel;Com V�timas Feridas;Plena Noite;Crescente;Nevoeiro/Neblina;Dupla;Reta;N�o;1;0;1;0;0;0;1;1;-16,851594;-49,567736;SPRF-GO;DEL01-GO;UOP02-DEL01-GO;;;
700322;24/06/2025;ter�a-feira;17:10:00;SC;280;28;ARAQUARI;Transitar na contram�o;Colis�o transversal;Com V�timas Feridas;Anoitecer;Decrescente;Nublado;Simples;Reta;N�o;2;0;1;0;1;0;1;2;-26,404749;-48,745852;SPRF-SC;DEL03-SC;UOP03-DEL03-SC;;;
700323;24/06/2025;ter�a-feira;16:30:00;BA;116;14;VITORIA DA CONQUISTA;Velocidade Incompat�vel;Sa�da de leito carro��vel;Com V�timas Feridas;Pleno dia;Crescente;C�u Claro;Simples;Curva;N�o;2;0;2;0;0;0;2;1;-14,89427612;-40,86583614;SPRF-BA;DEL08-BA;UOP01-DEL08-BA;;;
700324;24/06/2025;ter�a-feira;17:50:00;SC;280;5,4;SAO FRANCISCO DO SUL;Acessar a via sem observar a presen�a dos outros ve�culos;Colis�o transversal;Com V�timas Feridas;Anoitecer;Decrescente;Nublado;Simples;"Reta;Interse��o de Vias";N�o;2;0;1;0;1;0;1;2;-26,262508;-48,62944;SPRF-SC;DEL03-SC;UOP03-DEL03-SC;;;
700326;24/06/2025;ter�a-feira;18:40:00;MT;70;503;CUIABA;Aus�ncia de rea��o do condutor;Colis�o transversal;Com V�timas Feridas;Anoitecer;Decrescente;Nublado;Simples;Rotat�ria;Sim;2;0;1;0;1;0;1;2;-15,70042;-56,042469;SPRF-MT;DEL01-MT;UOP02-DEL01-MT;;;
700328;24/06/2025;ter�a-feira;19:10:00;MG;116;541,1;SANTA RITA DE MINAS;Animais na Pista;Atropelamento de Animal;Com V�timas Feridas;Plena Noite;Crescente;C�u Claro;Simples;"Reta;Aclive";N�o;1;0;1;0;0;0;1;1;-19,90758497;-42,13522345;SPRF-MG;DEL06-MG;UOP02-DEL06-MG;;;
700329;24/06/2025;ter�a-feira;21:46:00;PE;232;16;JABOATAO DOS GUARARAPES;Condutor Dormindo;Sa�da de leito carro��vel;Com V�timas Feridas;Plena Noite;Decrescente;C�u Claro;Dupla;Reta;N�o;1;0;0;1;0;0;1;1;-8,094353;-35,039043;SPRF-PE;DEL01-PE;UOP01-DEL01-PE;;;
700331;24/06/2025;ter�a-feira;18:00:00;RS;468;131,3;TIRADENTES DO SUL;Ingest�o de �lcool pelo condutor;Colis�o traseira;Com V�timas Feridas;Plena Noite;Crescente;C�u Claro;Simples;Reta;Sim;3;0;1;1;1;0;2;2;-27,34752368;-54,13677259;SPRF-RS;DEL08-RS;UOP02-DEL08-RS;;;
700334;24/06/2025;ter�a-feira;19:00:00;RS;392;68,2;PELOTAS;Velocidade Incompat�vel;Sa�da de leito carro��vel;Sem V�timas;Plena Noite;Crescente;C�u Claro;Simples;Curva;N�o;1;0;0;0;1;0;0;1;-31,74544741;-52,40349166;SPRF-RS;DEL07-RS;UOP01-DEL07-RS;;;
700335;24/06/2025;ter�a-feira;19:00:00;RS;392;123,2;CANGUCU;Rea��o tardia ou ineficiente do condutor;Colis�o transversal;Com V�timas Feridas;Plena Noite;Crescente;C�u Claro;Simples;Reta;N�o;2;0;1;0;1;0;1;2;-31,37673598;-52,71493284;SPRF-RS;DEL07-RS;UOP01-DEL07-RS;;;
700336;24/06/2025;ter�a-feira;22:45:00;SE;101;150,5;ESTANCIA;Velocidade Incompat�vel;Sa�da de leito carro��vel;Com V�timas Feridas;Plena Noite;Crescente;C�u Claro;Simples;"Reta;Interse��o de Vias";Sim;2;0;0;1;0;1;1;2;-11,2629115;-37,441561;SPRF-SE;DEL02-SE;UOP01-DEL02-SE;;;
700337;24/06/2025;ter�a-feira;20:40:00;SC;282;428,1;VARGEM BONITA;Velocidade Incompat�vel;Sa�da de leito carro��vel;Com V�timas Feridas;Plena Noite;Crescente;C�u Claro;Simples;Curva;N�o;1;0;0;1;0;0;1;1;-26,975905;-51,780773;SPRF-SC;DEL07-SC;UOP05-DEL07-SC;;;
700338;24/06/2025;ter�a-feira;19:30:00;PI;343;533;AMARANTE;Animais na Pista;Atropelamento de Animal;Com V�timas Feridas;Plena Noite;Decrescente;C�u Claro;Simples;Reta;N�o;2;0;1;0;1;0;1;1;-6,474;-42,793;SPRF-PI;DEL03-PI;UOP01-DEL03-PI;;;
700339;24/06/2025;ter�a-feira;19:50:00;PE;424;88;GARANHUNS;Aus�ncia de rea��o do condutor;Colis�o frontal;Com V�timas Fatais;Plena Noite;Decrescente;Nublado;Simples;Declive;Sim;2;1;0;0;0;1;0;2;-8,869793;-36,4628617;SPRF-PE;DEL03-PE;UOP01-DEL03-PE;;;
700340;24/06/2025;ter�a-feira;22:15:00;PR;369;152,6;LONDRINA;Frear bruscamente;Colis�o traseira;Com V�timas Feridas;Plena Noite;Decrescente;C�u Claro;Dupla;"Curva;Declive";Sim;2;0;1;0;1;0;1;2;-23,293;-51,186;SPRF-PR;DEL07-PR;UOP01-DEL07-PR;;;
700342;24/06/2025;ter�a-feira;10:23:00;PR;153;456;UNIAO DA VITORIA;Aus�ncia de rea��o do condutor;Colis�o traseira;Com V�timas Feridas;Pleno dia;Crescente;Sol;Simples;Reta;N�o;2;0;0;1;1;0;1;2;-26,20851012;-51,11549011;SPRF-PR;DEL02-PR;UOP03-DEL02-PR;;;
700346;25/06/2025;quarta-feira;00:15:00;BA;101;366;GANDU;Animais na Pista;Atropelamento de Animal;Com V�timas Feridas;Plena Noite;Decrescente;C�u Claro;Simples;Reta;Sim;1;0;0;1;0;0;1;1;-13,7498982;-39,4858591;SPRF-BA;DEL05-BA;UOP03-DEL05-BA;;;
700352;25/06/2025;quarta-feira;02:20:00;MT;70;650,6;CACERES;Animais na Pista;Atropelamento de Animal;Sem V�timas;Plena Noite;Crescente;Nublado;Simples;Reta;N�o;1;0;0;0;1;0;0;1;-15,990769;-57,195446;SPRF-MT;DEL03-MT;UOP02-DEL03-MT;;;
700353;25/06/2025;quarta-feira;04:50:00;SC;470;64,6;INDAIAL;Aus�ncia de rea��o do condutor;Colis�o lateral mesmo sentido;Com V�timas Feridas;Plena Noite;Decrescente;C�u Claro;Simples;"Aclive;Em Obras;Desvio Tempor�rio";N�o;2;0;1;0;1;0;1;2;-26,87017592;-49,20924274;SPRF-SC;DEL04-SC;UOP01-DEL04-SC;;;
700354;25/06/2025;quarta-feira;05:45:00;MA;316;532;CAXIAS;Velocidade Incompat�vel;Colis�o traseira;Com V�timas Fatais;Amanhecer;Decrescente;C�u Claro;Simples;Reta;N�o;3;1;1;0;1;0;1;3;-4,828737;-43,510082;SPRF-MA;DEL03-MA;UOP02-DEL03-MA;;;
700355;25/06/2025;quarta-feira;05:05:00;MS;267;240,6;NOVA ALVORADA DO SUL;Aus�ncia de rea��o do condutor;Sa�da de leito carro��vel;Sem V�timas;Plena Noite;Crescente;C�u Claro;Simples;Reta;N�o;2;0;0;0;2;0;0;1;-21,485115;-54,303064;SPRF-MS;DEL02-MS;UOP01-DEL02-MS;;;
700356;25/06/2025;quarta-feira;06:05:00;DF;70;16;BRASILIA;Desrespeitar a prefer�ncia no cruzamento;Colis�o transversal;Com V�timas Feridas;Amanhecer;Crescente;Nublado;Dupla;Rotat�ria;N�o;3;0;1;0;2;0;1;2;-15,7958819;-48,19668386;SPRF-DF;DEL03-DF;UOP02-DEL03-DF;;;
700358;25/06/2025;quarta-feira;05:45:00;MS;163;464,5;CAMPO GRANDE;Transitar no Acostamento;Tombamento;Com V�timas Feridas;Amanhecer;Decrescente;C�u Claro;Simples;Reta;N�o;3;0;1;0;1;1;1;3;-20,601084;-54,57901;SPRF-MS;DEL01-MS;UOP01-DEL01-MS;;;
700359;25/06/2025;quarta-feira;06:28:00;RJ;101;322;NITEROI;Condutor deixou de manter dist�ncia do ve�culo da frente;Colis�o transversal;Com V�timas Feridas;Pleno dia;Decrescente;C�u Claro;Dupla;Reta;N�o;3;0;1;0;1;1;1;3;-22,8693375;-43,1480611;SPRF-RJ;DEL02-RJ;UOP01-DEL02-RJ;;;
700360;25/06/2025;quarta-feira;06:50:00;ES;101;262,7;SERRA;Condutor deixou de manter dist�ncia do ve�culo da frente;Colis�o traseira;Com V�timas Feridas;Pleno dia;Decrescente;C�u Claro;Dupla;Reta;N�o;3;0;2;0;0;1;2;3;-20,16054717;-40,27570583;SPRF-ES;DEL02-ES;UOP01-DEL02-ES;;;
700361;25/06/2025;quarta-feira;07:10:00;SE;235;5;NOSSA SENHORA DO SOCORRO;Ingest�o de �lcool pelo condutor;Colis�o traseira;Sem V�timas;Pleno dia;Decrescente;Chuva;Dupla;Reta;N�o;2;0;0;0;2;0;0;2;-10,867102;-37,134923;SPRF-SE;DEL01-SE;UOP01-DEL01-SE;;;
700362;25/06/2025;quarta-feira;04:00:00;PR;277;694;SAO MIGUEL DO IGUACU;Condutor Dormindo;Sa�da de leito carro��vel;Com V�timas Feridas;Plena Noite;Crescente;C�u Claro;Dupla;Reta;N�o;1;0;1;0;0;0;1;1;-25,39542934;-54,30983484;SPRF-PR;DEL05-PR;UOP01-DEL05-PR;;;