id;data_inversa;dia_semana;horario;uf;br;km;municipio;causa_acidente;tipo_acidente;classificacao_acidente;fase_dia;sentido_via;condicao_metereologica;tipo_pista;tracado_via;uso_solo;pessoas;mortos;feridos_leves;feridos_graves;ilesos;ignorados;feridos;veiculos;latitude;longitude;regional;delegacia;uop;;;
700363;25/06/2025;quarta-feira;06:00:00;MG;116;763;LEOPOLDINA;Animais na Pista;Atropelamento de Animal;Com V�timas Feridas;Amanhecer;Decrescente;Nublado;Simples;"Declive;Curva";N�o;1;0;1;0;0;0;1;1;-21,52491437;-42,63566047;SPRF-MG;DEL07-MG;UOP01-DEL07-MG;;;
700364;25/06/2025;quarta-feira;07:15:00;PE;101;56;RECIFE;Entrada inopinada do pedestre;Queda de ocupante de ve�culo;Com V�timas Feridas;Pleno dia;Crescente;C�u Claro;Dupla;Reta;Sim;2;0;2;0;0;0;2;1;-7,95856;-34,912392;SPRF-PE;DEL01-PE;UOP02-DEL01-PE;;;
700365;25/06/2025;quarta-feira;07:30:00;PE;232;172;BELO JARDIM;Aus�ncia de rea��o do condutor;Sa�da de leito carro��vel;Com V�timas Feridas;Pleno dia;Crescente;C�u Claro;Simples;Reta;N�o;1;0;1;0;0;0;1;1;-8,338997;-36,365822;SPRF-PE;DEL03-PE;UOP02-DEL03-PE;;;
700366;25/06/2025;quarta-feira;07:49:00;CE;116;10,6;FORTALEZA;Condutor deixou de manter dist�ncia do ve�culo da frente;Colis�o traseira;Com V�timas Feridas;Pleno dia;Crescente;C�u Claro;M�ltipla;Reta;Sim;3;0;2;0;1;0;2;2;-3,84064;-38,500452;SPRF-CE;DEL01-CE;UOP02-DEL01-CE;;;
700367;25/06/2025;quarta-feira;05:45:00;RO;364;524;ARIQUEMES;Rea��o tardia ou ineficiente do condutor;Tombamento;Com V�timas Feridas;Amanhecer;Decrescente;Garoa/Chuvisco;Simples;"Declive;Reta";N�o;1;0;0;1;0;0;1;1;-9,9219351;-63,03315434;SPRF-RO;DEL03-RO;UOP01-DEL03-RO;;;
700369;25/06/2025;quarta-feira;06:00:00;RJ;116;316;ITATIAIA;Convers�o proibida;Colis�o frontal;Com V�timas Feridas;Pleno dia;Decrescente;C�u Claro;Dupla;"Curva;Declive;Retorno Regulamentado";Sim;3;0;3;0;0;0;3;2;-22,467523;-44,4993259;SPRF-RJ;DEL07-RJ;UOP02-DEL07-RJ;;;
700370;25/06/2025;quarta-feira;08:00:00;RS;158;332;SANTA MARIA;Acessar a via sem observar a presen�a dos outros ve�culos;Colis�o transversal;Com V�timas Feridas;Pleno dia;Crescente;C�u Claro;Simples;"Reta;Interse��o de Vias";Sim;3;0;0;1;2;0;1;2;-29,707412;-53,853375;SPRF-RS;DEL09-RS;UOP01-DEL09-RS;;;
700371;25/06/2025;quarta-feira;08:00:00;ES;262;46,6;MARECHAL FLORIANO;Convers�o proibida;Colis�o lateral mesmo sentido;Com V�timas Feridas;Pleno dia;Decrescente;C�u Claro;Simples;Reta;Sim;3;0;1;0;2;0;1;2;-20,39964746;-40,67215769;SPRF-ES;DEL01-ES;UOP01-DEL01-ES;;;
700372;25/06/2025;quarta-feira;07:36:00;SP;381;52;MAIRIPORA;Rea��o tardia ou ineficiente do condutor;Colis�o traseira;Com V�timas Feridas;Pleno dia;Decrescente;C�u Claro;Dupla;Reta;Sim;3;0;1;1;1;0;2;3;-23,23624;-46,60061;SPRF-SP;DEL03-SP;UOP01-DEL03-SP;;;
700374;25/06/2025;quarta-feira;07:10:00;PE;101;89,1;JABOATAO DOS GUARARAPES;Aus�ncia de rea��o do condutor;Queda de ocupante de ve�culo;Sem V�timas;Pleno dia;Decrescente;Nublado;Dupla;Reta;N�o;1;0;0;0;0;1;0;1;-8,21023149;-34,98528449;SPRF-PE;DEL01-PE;UOP01-DEL01-PE;;;
700375;12/06/2025;quinta-feira;17:00:00;SP;116;228;SAO PAULO;Manobra de mudan�a de faixa;Colis�o lateral mesmo sentido;Com V�timas Feridas;Pleno dia;Decrescente;C�u Claro;M�ltipla;Reta;Sim;3;0;1;0;0;2;1;3;-23,50290254;-46,5656805;SPRF-SP;DEL01-SP;UOP01-DEL01-SP;;;
700377;16/06/2025;segunda-feira;00:00:00;SP;101;47;UBATUBA;Aus�ncia de rea��o do condutor;Colis�o traseira;Com V�timas Feridas;Plena Noite;Crescente;C�u Claro;Simples;"Ponte;Reta";Sim;4;0;1;2;0;1;3;4;-23,431278;-45,083529;SPRF-SP;DEL06-SP;UOP01-DEL06-SP;;;
700380;25/06/2025;quarta-feira;07:30:00;BA;415;19;ILHEUS;Rea��o tardia ou ineficiente do condutor;Colis�o transversal;Com V�timas Feridas;Pleno dia;Crescente;C�u Claro;Simples;Reta;N�o;3;0;2;0;1;0;2;3;-14,79944912;-39,12528873;SPRF-BA;DEL05-BA;UOP01-DEL05-BA;;;
700384;25/06/2025;quarta-feira;08:30:00;SC;101;207,8;SAO JOSE;Animais na Pista;Colis�o traseira;Com V�timas Feridas;Pleno dia;Crescente;C�u Claro;M�ltipla;Curva;Sim;2;0;0;1;1;0;1;2;-27,602512;-48,630325;SPRF-SC;DEL01-SC;UOP01-DEL01-SC;;;
700385;29/03/2025;s�bado;23:30:00;RJ;101;485;ANGRA DOS REIS;Aus�ncia de rea��o do condutor;Queda de ocupante de ve�culo;Com V�timas Feridas;Plena Noite;Crescente;C�u Claro;Simples;Reta;N�o;1;0;0;1;0;0;1;1;-23,00833225;-44,22992706;SPRF-RJ;DEL03-RJ;UOP03-DEL03-RJ;;;
700388;25/06/2025;quarta-feira;08:10:00;SC;153;99,5;CONCORDIA;Convers�o proibida;Colis�o transversal;Com V�timas Feridas;Pleno dia;Crescente;C�u Claro;Simples;Reta;N�o;3;0;0;1;1;1;1;3;-27,1917287;-51,9358214;SPRF-SC;DEL07-SC;UOP04-DEL07-SC;;;
700389;25/06/2025;quarta-feira;08:00:00;RJ;40;117;DUQUE DE CAXIAS;Rea��o tardia ou ineficiente do condutor;Atropelamento de Pedestre;Com V�timas Feridas;Pleno dia;Crescente;C�u Claro;M�ltipla;Reta;Sim;2;0;0;1;1;0;1;2;-22,748329;-43,28791;SPRF-RJ;DEL01-RJ;UOP02-DEL01-RJ;;;
700391;25/06/2025;quarta-feira;09:10:00;BA;324;493;FEIRA DE SANTANA;Acessar a via sem observar a presen�a dos outros ve�culos;Colis�o transversal;Com V�timas Feridas;Pleno dia;Crescente;C�u Claro;Simples;Curva;N�o;2;0;1;0;1;0;1;2;-12,056981;-38,977397;SPRF-BA;DEL02-BA;UOP01-DEL02-BA;;;
700392;25/06/2025;quarta-feira;08:50:00;RJ;101;67;CAMPOS DOS GOYTACAZES;Pedestre cruzava a pista fora da faixa;Atropelamento de Pedestre;Com V�timas Feridas;Pleno dia;Decrescente;C�u Claro;Simples;Reta;Sim;2;0;1;0;0;1;1;2;-21,770867;-41,355113;SPRF-RJ;DEL08-RJ;UOP02-DEL08-RJ;;;
700397;25/06/2025;quarta-feira;09:20:00;GO;153;533,4;HIDROLANDIA;Aus�ncia de rea��o do condutor;Sa�da de leito carro��vel;Com V�timas Feridas;Pleno dia;Crescente;Sol;Dupla;Reta;Sim;3;0;1;0;0;2;1;2;-16,988185;-49,229339;SPRF-GO;DEL01-GO;UOP03-DEL01-GO;;;
700398;25/06/2025;quarta-feira;07:50:00;PR;153;5,7;JACAREZINHO;Neblina;Colis�o frontal;Com V�timas Feridas;Amanhecer;Crescente;Nevoeiro/Neblina;Simples;Reta;N�o;3;0;0;2;1;0;2;2;-23,03911463;-49,92275326;SPRF-PR;DEL07-PR;UOP04-DEL07-PR;;;
700399;25/06/2025;quarta-feira;10:00:00;ES;101;269,3;SERRA;Manobra de mudan�a de faixa;Colis�o lateral mesmo sentido;Com V�timas Feridas;Pleno dia;Crescente;Nublado;M�ltipla;Reta;Sim;2;0;1;0;1;0;1;2;-20,2205119;-40,2704562;SPRF-ES;DEL02-ES;UOP01-DEL02-ES;;;
700400;25/06/2025;quarta-feira;10:00:00;MG;365;22;MONTES CLAROS;Aus�ncia de rea��o do condutor;Sa�da de leito carro��vel;Com V�timas Fatais;Pleno dia;Decrescente;Sol;Simples;Curva;N�o;3;1;2;0;0;0;2;1;-16,865739;-44,021031;SPRF-MG;DEL12-MG;UOP01-DEL12-MG;;;
700401;25/06/2025;quarta-feira;08:30:00;PR;373;227;IMBITUVA;Aus�ncia de rea��o do condutor;Colis�o traseira;Com V�timas Feridas;Pleno dia;Crescente;C�u Claro;Simples;"Curva;Aclive";N�o;5;0;1;0;4;0;1;2;-25,173602;-50,637439;SPRF-PR;DEL03-PR;UOP01-DEL03-PR;;;
700402;15/06/2025;domingo;16:50:00;MG;262;359;BETIM;Convers�o proibida;Colis�o transversal;Com V�timas Feridas;Pleno dia;Crescente;C�u Claro;M�ltipla;Reta;N�o;4;0;1;2;0;1;3;3;-19,97927778;-44,25220013;SPRF-MG;DEL01-MG;UOP03-DEL01-MG;;;
700404;25/06/2025;quarta-feira;09:15:00;RO;364;237,2;CACOAL;Acessar a via sem observar a presen�a dos outros ve�culos;Colis�o transversal;Sem V�timas;Pleno dia;Decrescente;Nublado;Simples;"Reta;Retorno Regulamentado";Sim;2;0;0;0;2;0;0;2;-11,44224461;-61,44889891;SPRF-RO;DEL02-RO;UOP02-DEL02-RO;;;
700406;17/06/2025;ter�a-feira;18:14:00;RO;364;77;VILHENA;Aus�ncia de rea��o do condutor;Sa�da de leito carro��vel;Com V�timas Feridas;Plena Noite;Crescente;C�u Claro;Simples;Reta;N�o;2;0;1;1;0;0;2;1;-12,65469325;-60,31451762;SPRF-RO;DEL04-RO;UOP01-DEL04-RO;;;
700407;25/06/2025;quarta-feira;09:50:00;AL;104;88,9;RIO LARGO;Manobra de mudan�a de faixa;Colis�o traseira;Com V�timas Feridas;Pleno dia;Crescente;C�u Claro;Dupla;Reta;Sim;3;0;1;0;1;1;1;2;-9,487269;-35,81675;SPRF-AL;DEL01-AL;UOP01-DEL01-AL;;;
700408;25/06/2025;quarta-feira;08:50:00;RN;427;54,9;JARDIM DO SERIDO;Rea��o tardia ou ineficiente do condutor;Colis�o traseira;Com V�timas Feridas;Pleno dia;Decrescente;C�u Claro;Simples;Reta;Sim;2;0;1;0;1;0;1;2;-6,590345;-36,773673;SPRF-RN;DEL03-RN;UOP01-DEL03-RN;;;
700410;25/06/2025;quarta-feira;09:35:00;PB;230;271;JUNCO DO SERIDO;Rea��o tardia ou ineficiente do condutor;Colis�o traseira;Sem V�timas;Pleno dia;Decrescente;Sol;Simples;"Aclive;Reta";N�o;4;0;0;0;4;0;0;2;-6,97316972;-36,74630642;SPRF-PB;DEL03-PB;UOP01-DEL03-PB;;;
700411;25/06/2025;quarta-feira;11:30:00;RS;290;91;PORTO ALEGRE;Manobra de mudan�a de faixa;Colis�o traseira;Com V�timas Feridas;Pleno dia;Decrescente;C�u Claro;Dupla;Reta;Sim;3;0;1;0;2;0;1;2;-29,96954732;-51,17698431;SPRF-RS;DEL01-RS;UOP01-DEL01-RS;;;
700412;25/06/2025;quarta-feira;11:45:00;BA;101;174;FEIRA DE SANTANA;Aus�ncia de rea��o do condutor;Colis�o traseira;Com V�timas Feridas;Pleno dia;Decrescente;Chuva;Simples;Reta;N�o;2;0;1;0;1;0;1;2;-12,38278064;-38,88205362;SPRF-BA;DEL01-BA;UOP03-DEL01-BA;;;
700415;25/06/2025;quarta-feira;11:50:00;MG;381;454,5;BELO HORIZONTE;Manobra de mudan�a de faixa;Colis�o lateral mesmo sentido;Com V�timas Feridas;Pleno dia;Crescente;C�u Claro;Simples;Reta;N�o;3;0;2;0;1;0;2;2;-19,840919;-43,874184;SPRF-MG;DEL01-MG;UOP01-DEL01-MG;;;
700416;25/06/2025;quarta-feira;10:30:00;RJ;485;1;ITATIAIA;Acessar a via sem observar a presen�a dos outros ve�culos;Colis�o transversal;Com V�timas Feridas;Pleno dia;Crescente;C�u Claro;Simples;Rotat�ria;Sim;2;0;1;0;1;0;1;2;-22,50477145;-44,59231496;SPRF-RJ;DEL07-RJ;UOP02-DEL07-RJ;;;
700417;25/06/2025;quarta-feira;12:20:00;PB;230;22,8;JOAO PESSOA;Aus�ncia de rea��o do condutor;Colis�o traseira;Com V�timas Feridas;Pleno dia;Decrescente;C�u Claro;Dupla;Reta;N�o;2;0;1;0;1;0;1;2;-7,158821;-34,858814;SPRF-PB;DEL01-PB;UOP01-DEL01-PB;;;
700418;25/06/2025;quarta-feira;12:10:00;SC;282;506,4;XANXERE;Animais na Pista;Tombamento;Com V�timas Feridas;Pleno dia;Decrescente;C�u Claro;Dupla;Reta;N�o;2;0;2;0;0;0;2;1;-26,88552158;-52,43143559;SPRF-SC;DEL07-SC;UOP01-DEL07-SC;;;
700419;25/06/2025;quarta-feira;11:40:00;PE;101;84,5;JABOATAO DOS GUARARAPES;Animais na Pista;Colis�o traseira;Com V�timas Feridas;Pleno dia;Crescente;C�u Claro;Dupla;Ponte;N�o;2;0;1;0;1;0;1;2;-8,179426;-34,957946;SPRF-PE;DEL01-PE;UOP01-DEL01-PE;;;
700420;24/06/2025;ter�a-feira;18:40:00;RR;174;582;BOA VISTA;Velocidade Incompat�vel;Sa�da de leito carro��vel;Sem V�timas;Plena Noite;Crescente;C�u Claro;Simples;Reta;N�o;1;0;0;0;0;1;0;1;3,4488625;-60,90905786;SPRF-RR;DEL01-RR;UOP01-DEL01-RR;;;
700422;25/06/2025;quarta-feira;12:30:00;SP;381;41;ATIBAIA;Frear bruscamente;Tombamento;Com V�timas Feridas;Pleno dia;Crescente;C�u Claro;Dupla;Reta;N�o;2;0;2;0;0;0;2;1;-23,14043151;-46,57542765;SPRF-SP;DEL03-SP;UOP01-DEL03-SP;;;
700423;25/06/2025;quarta-feira;10:10:00;BA;110;32;SANTA BRIGIDA;Chuva;Colis�o transversal;Com V�timas Feridas;Pleno dia;Decrescente;Chuva;Simples;Aclive;N�o;3;0;1;0;2;0;1;2;-9,702055;-38,229378;SPRF-BA;DEL07-BA;UOP01-DEL07-BA;;;
700424;19/05/2025;segunda-feira;10:30:00;PR;376;617,9;SAO JOSE DOS PINHAIS;Aus�ncia de rea��o do condutor;Colis�o com objeto;Com V�timas Feridas;Pleno dia;Crescente;Chuva;Dupla;Reta;N�o;1;0;1;0;0;0;1;1;-25,59834602;-49,17399852;SPRF-PR;DEL01-PR;UOP04-DEL01-PR;;;
700426;25/06/2025;quarta-feira;12:20:00;SP;101;32;UBATUBA;Aus�ncia de rea��o do condutor;Colis�o com objeto;Com V�timas Feridas;Pleno dia;Crescente;C�u Claro;Simples;Rotat�ria;Sim;1;0;1;0;0;0;1;1;-23,40936618;-45,0592324;SPRF-SP;DEL06-SP;UOP01-DEL06-SP;;;
700427;25/06/2025;quarta-feira;13:00:00;BA;324;569;SAO SEBASTIAO DO PASSE;Manobra de mudan�a de faixa;Colis�o lateral mesmo sentido;Com V�timas Feridas;Pleno dia;Crescente;Nublado;Dupla;Reta;Sim;5;0;1;0;4;0;1;2;-12,549811;-38,576432;SPRF-BA;DEL01-BA;UOP01-DEL01-BA;;;
700428;24/06/2025;ter�a-feira;17:40:00;PE;101;80,5;JABOATAO DOS GUARARAPES;Animais na Pista;Tombamento;Com V�timas Feridas;Plena Noite;Crescente;Garoa/Chuvisco;Dupla;Reta;Sim;1;0;1;0;0;0;1;1;-8,15741236;-34,9412391;SPRF-PE;DEL01-PE;UOP01-DEL01-PE;;;
700430;25/06/2025;quarta-feira;12:10:00;AP;156;799,4;OIAPOQUE;Acessar a via sem observar a presen�a dos outros ve�culos;Colis�o transversal;Com V�timas Feridas;Pleno dia;Crescente;C�u Claro;Simples;Reta;Sim;2;0;1;0;1;0;1;2;3,83854583;-51,81697369;SPRF-AP;DEL01-AP;UOP03-DEL01-AP;;;
700432;25/06/2025;quarta-feira;14:00:00;RS;116;151,6;CAXIAS DO SUL;Problema com o freio;Colis�o traseira;Com V�timas Feridas;Pleno dia;Crescente;C�u Claro;Dupla;"Interse��o de Vias;Declive;Reta";Sim;2;0;1;0;1;0;1;2;-29,18189778;-51,16625595;SPRF-RS;DEL05-RS;UOP01-DEL05-RS;;;
700436;25/06/2025;quarta-feira;14:00:00;SC;101;416,1;ARARANGUA;Condutor deixou de manter dist�ncia do ve�culo da frente;Colis�o traseira;Sem V�timas;Pleno dia;Decrescente;C�u Claro;Dupla;"Reta;Em Obras";N�o;9;0;0;0;9;0;0;2;-28,97279505;-49,52912299;SPRF-SC;DEL02-SC;UOP02-DEL02-SC;;;
700438;25/06/2025;quarta-feira;14:30:00;RS;116;40;VACARIA;Acessar a via sem observar a presen�a dos outros ve�culos;Colis�o transversal;Com V�timas Feridas;Pleno dia;Crescente;C�u Claro;Simples;"Reta;Retorno Regulamentado";Sim;2;0;1;0;1;0;1;2;-28,52116872;-50,94254706;SPRF-RS;DEL05-RS;UOP03-DEL05-RS;;;
700439;25/06/2025;quarta-feira;12:55:00;PB;230;502;CAJAZEIRAS;Acessar a via sem observar a presen�a dos outros ve�culos;Colis�o transversal;Com V�timas Feridas;Pleno dia;Decrescente;C�u Claro;Simples;"Declive;Reta";Sim;2;0;2;0;0;0;2;2;-6,895257;-38,538078;SPRF-PB;DEL03-PB;UOP03-DEL03-PB;;;
700440;25/06/2025;quarta-feira;13:55:00;SC;282;28,5;SANTO AMARO DA IMPERATRIZ;Acessar a via sem observar a presen�a dos outros ve�culos;Colis�o transversal;Com V�timas Feridas;Pleno dia;Crescente;C�u Claro;Simples;"Rotat�ria;Interse��o de Vias";Sim;2;0;1;0;1;0;1;2;-27,676795;-48,783235;SPRF-SC;DEL01-SC;UOP03-DEL01-SC;;;
700441;25/06/2025;quarta-feira;12:50:00;SC;101;120,7;ITAJAI;Aus�ncia de rea��o do condutor;Tombamento;Com V�timas Feridas;Pleno dia;Crescente;Sol;Simples;Curva;N�o;2;0;1;1;0;0;2;1;-26,91917913;-48,71088378;SPRF-SC;DEL04-SC;UOP04-DEL04-SC;;;
700442;25/06/2025;quarta-feira;13:40:00;PR;277;594,5;CASCAVEL;Mal s�bito do condutor;Colis�o traseira;Com V�timas Feridas;Pleno dia;Crescente;C�u Claro;Simples;"Interse��o de Vias;Rotat�ria";Sim;2;0;1;1;0;0;2;2;-24,9799417;-53,50316;SPRF-PR;DEL04-PR;UOP01-DEL04-PR;;;
700443;04/05/2025;domingo;15:10:00;PR;376;176,8;MARINGA;Condutor desrespeitou a ilumina��o vermelha do sem�foro;Colis�o transversal;Com V�timas Feridas;Pleno dia;Decrescente;Sol;Dupla;"Reta;Interse��o de Vias";Sim;2;0;1;1;0;0;2;2;-23,41255616;-51,932393;SPRF-PR;DEL09-PR;UOP01-DEL09-PR;;;
700444;25/06/2025;quarta-feira;15:35:00;SC;101;189,5;BIGUACU;Rea��o tardia ou ineficiente do condutor;Queda de ocupante de ve�culo;Com V�timas Feridas;Pleno dia;Decrescente;C�u Claro;Dupla;Curva;N�o;1;0;0;1;0;0;1;1;-27,46462294;-48,64183903;SPRF-SC;DEL01-SC;UOP01-DEL01-SC;;;
700445;25/06/2025;quarta-feira;15:00:00;PI;343;347,9;TERESINA;Convers�o proibida;Colis�o lateral mesmo sentido;Com V�timas Feridas;Pleno dia;Decrescente;Sol;Simples;Reta;Sim;2;0;1;0;1;0;1;2;-5,117683;-42,784382;SPRF-PI;DEL01-PI;UOP01-DEL01-PI;;;
700447;13/06/2025;sexta-feira;09:10:00;RN;0;0;MACAIBA;Curva acentuada;Colis�o com objeto;Sem V�timas;Pleno dia;N�o Informado;C�u Claro;Simples;Interse��o de Vias;Sim;4;0;0;0;4;0;0;2;-5,928091;-35,53629;SPRF-RN;DEL01-RN;UOP02-DEL01-RN;;;
700451;25/06/2025;quarta-feira;12:40:00;BA;324;6,8;FEIRA DE SANTANA;Velocidade Incompat�vel;Tombamento;Com V�timas Fatais;Pleno dia;Crescente;C�u Claro;Simples;"Curva;Viaduto";Sim;2;1;0;1;0;0;1;1;-12,269743;-38,987388;SPRF-BA;DEL02-BA;UOP01-DEL02-BA;;;
700452;25/06/2025;quarta-feira;16:35:00;PR;116;191,2;CAMPO DO TENENTE;Acesso irregular;Colis�o transversal;Com V�timas Feridas;Pleno dia;Crescente;C�u Claro;Simples;Rotat�ria;N�o;2;0;1;0;1;0;1;2;-25,994368;-49,667497;SPRF-SC;DEL06-SC;UOP01-DEL06-SC;;;
700456;25/06/2025;quarta-feira;15:40:00;MS;163;263;DOURADOS;Mal s�bito do condutor;Sa�da de leito carro��vel;Com V�timas Feridas;Pleno dia;Crescente;C�u Claro;Dupla;Reta;Sim;3;0;2;0;1;0;2;2;-22,2285617;-54,74181382;SPRF-MS;DEL04-MS;UOP01-DEL04-MS;;;
700457;25/06/2025;quarta-feira;17:30:00;SC;101;200,4;SAO JOSE;Rea��o tardia ou ineficiente do condutor;Colis�o com objeto;Com V�timas Feridas;Anoitecer;Crescente;C�u Claro;M�ltipla;"Reta;Interse��o de Vias";Sim;2;0;1;0;1;0;1;1;-27,544;-48,622;SPRF-SC;DEL01-SC;UOP01-DEL01-SC;;;
700459;25/06/2025;quarta-feira;13:37:00;SC;282;562,5;NOVA ERECHIM;Transitar na contram�o;Colis�o lateral sentido oposto;Com V�timas Feridas;Pleno dia;Crescente;C�u Claro;Simples;Reta;N�o;4;0;1;0;1;2;1;4;-26,917158;-52,863613;SPRF-SC;DEL07-SC;UOP02-DEL07-SC;;;
700460;25/06/2025;quarta-feira;17:55:00;ES;101;283,1;CARIACICA;Manobra de mudan�a de faixa;Colis�o lateral mesmo sentido;Com V�timas Feridas;Anoitecer;Crescente;Nublado;Dupla;Reta;Sim;3;0;1;0;1;1;1;3;-20,23517757;-40,36965815;SPRF-ES;DEL01-ES;UOP01-DEL01-ES;;;
700461;25/06/2025;quarta-feira;15:50:00;PR;476;88;BOCAIUVA DO SUL;Demais falhas mec�nicas ou el�tricas;Inc�ndio;Sem V�timas;Pleno dia;Decrescente;C�u Claro;Simples;"Declive;Reta";N�o;1;0;0;0;1;0;0;1;-25,16318877;-49,11333784;SPRF-PR;DEL01-PR;UOP01-DEL01-PR;;;
700462;25/06/2025;quarta-feira;17:30:00;PR;376;11;MARINGA;Rea��o tardia ou ineficiente do condutor;Sa�da de leito carro��vel;Com V�timas Feridas;Anoitecer;Decrescente;C�u Claro;Dupla;Reta;N�o;1;0;1;0;0;0;1;1;-23,3861863;-51,90014273;SPRF-PR;DEL09-PR;UOP01-DEL09-PR;;;
700464;25/06/2025;quarta-feira;17:30:00;PA;230;120;MARABA;Condutor deixou de manter dist�ncia do ve�culo da frente;Colis�o traseira;Com V�timas Feridas;Pleno dia;Crescente;C�u Claro;Dupla;"Ponte;Reta";Sim;3;0;0;1;2;0;1;2;-5,357095;-49,1225;SPRF-PA;DEL03-PA;UOP01-DEL03-PA;;;
700465;25/06/2025;quarta-feira;17:40:00;BA;101;14,4;RIO REAL;Acessar a via sem observar a presen�a dos outros ve�culos;Colis�o traseira;Com V�timas Feridas;Anoitecer;Decrescente;Nublado;Dupla;"Reta;Interse��o de Vias";N�o;6;0;3;0;3;0;3;2;-11,60222;-37,879492;SPRF-SE;DEL02-SE;UOP03-DEL02-SE;;;
700468;25/06/2025;quarta-feira;18:15:00;PR;476;161,8;ARAUCARIA;Demais falhas mec�nicas ou el�tricas;Inc�ndio;Sem V�timas;Plena Noite;Decrescente;C�u Claro;Simples;"Curva;Aclive";Sim;1;0;0;0;1;0;0;1;-25,625689;-49,451776;SPRF-PR;DEL01-PR;UOP06-DEL01-PR;;;
700469;28/03/2025;sexta-feira;21:30:00;RS;116;221;DOIS IRMAOS;Acessar a via sem observar a presen�a dos outros ve�culos;Colis�o transversal;Com V�timas Feridas;Plena Noite;Decrescente;Nublado;Simples;"Reta;Rotat�ria";Sim;2;0;1;1;0;0;2;2;-29,57862512;-51,0958039;SPRF-RS;DEL01-RS;UOP02-DEL01-RS;;;
700470;25/06/2025;quarta-feira;18:00:00;RJ;101;388;RIO DE JANEIRO;Aus�ncia de rea��o do condutor;Colis�o lateral mesmo sentido;Com V�timas Feridas;Plena Noite;Decrescente;Nublado;M�ltipla;Reta;Sim;2;0;1;0;0;1;1;2;-22,89206391;-43,66912577;SPRF-RJ;DEL03-RJ;UOP01-DEL03-RJ;;;
700471;01/06/2025;domingo;14:30:00;MG;381;892;CAMBUI;Aus�ncia de rea��o do condutor;Queda de ocupante de ve�culo;Com V�timas Feridas;Pleno dia;Decrescente;Sol;Dupla;Reta;N�o;1;0;1;0;0;0;1;1;-22,58104654;-46,04438782;SPRF-MG;DEL16-MG;UOP01-DEL16-MG;;;
700472;25/06/2025;quarta-feira;18:10:00;RJ;393;235;VASSOURAS;Acessar a via sem observar a presen�a dos outros ve�culos;Colis�o transversal;Com V�timas Feridas;Plena Noite;Decrescente;Nublado;Simples;Reta;Sim;2;0;1;0;1;0;1;2;-22,4195238;-43,6833197;SPRF-RJ;DEL05-RJ;UOP03-DEL05-RJ;;;
700473;25/06/2025;quarta-feira;18:05:00;RS;116;248;SAO LEOPOLDO;Condutor deixou de manter dist�ncia do ve�culo da frente;Colis�o traseira;Com V�timas Feridas;Plena Noite;Decrescente;C�u Claro;Dupla;"Reta;Viaduto";Sim;2;0;1;0;1;0;1;2;-29,77251962;-51,15411108;SPRF-RS;DEL01-RS;UOP02-DEL01-RS;;;
700475;25/06/2025;quarta-feira;17:04:00;RO;364;340;JI-PARANA;Convers�o proibida;Colis�o lateral mesmo sentido;Com V�timas Feridas;Pleno dia;Crescente;C�u Claro;Simples;"Reta;Viaduto";Sim;2;0;2;0;0;0;2;2;-10,889273;-61,93131415;SPRF-RO;DEL02-RO;UOP01-DEL02-RO;;;
700477;25/06/2025;quarta-feira;18:17:00;RN;101;84;SAO GONCALO DO AMARANTE;Rea��o tardia ou ineficiente do condutor;Colis�o traseira;Com V�timas Feridas;Plena Noite;Decrescente;C�u Claro;Dupla;"Reta;Declive";N�o;3;0;0;1;2;0;1;3;-5,748799;-35,3264652;SPRF-RN;DEL02-RN;UOP01-DEL02-RN;;;
700478;25/06/2025;quarta-feira;17:15:00;PE;104;62;CARUARU;Velocidade Incompat�vel;Sa�da de leito carro��vel;Com V�timas Feridas;Pleno dia;Crescente;Nublado;Dupla;Reta;Sim;5;0;5;0;0;0;5;1;-8,25823;-35,97581;SPRF-PE;DEL02-PE;UOP01-DEL02-PE;;;
700479;25/06/2025;quarta-feira;17:45:00;PR;376;176,5;MARINGA;Condutor deixou de manter dist�ncia do ve�culo da frente;Tombamento;Com V�timas Feridas;Anoitecer;Decrescente;C�u Claro;Dupla;Reta;Sim;1;0;1;0;0;0;1;1;-23,4116996;-51,93465678;SPRF-PR;DEL09-PR;UOP01-DEL09-PR;;;
700480;25/06/2025;quarta-feira;18:30:00;SP;116;75,9;ROSEIRA;Animais na Pista;Tombamento;Com V�timas Feridas;Anoitecer;Crescente;C�u Claro;Dupla;Curva;N�o;1;0;1;0;0;0;1;1;-22,87751954;-45,27225494;SPRF-SP;DEL08-SP;UOP01-DEL08-SP;;;
700481;25/06/2025;quarta-feira;17:30:00;BA;101;526;BUERAREMA;Transitar na contram�o;Colis�o transversal;Com V�timas Fatais;Anoitecer;Decrescente;C�u Claro;Simples;Reta;N�o;2;1;0;1;0;0;1;2;-14,97013844;-39,31996107;SPRF-BA;DEL05-BA;UOP01-DEL05-BA;;;
700482;25/06/2025;quarta-feira;18:50:00;RJ;116;171;RIO DE JANEIRO;Rea��o tardia ou ineficiente do condutor;Colis�o traseira;Com V�timas Feridas;Plena Noite;Crescente;C�u Claro;M�ltipla;Reta;Sim;3;0;2;0;1;0;2;2;-22,8066268;-43,3397674;SPRF-RJ;DEL06-RJ;UOP01-DEL06-RJ;;;