id;data_inversa;dia_semana;horario;uf;br;km;municipio;causa_acidente;tipo_acidente;classificacao_acidente;fase_dia;sentido_via;condicao_metereologica;tipo_pista;tracado_via;uso_solo;pessoas;mortos;feridos_leves;feridos_graves;ilesos;ignorados;feridos;veiculos;latitude;longitude;regional;delegacia;uop;;;
700613;26/06/2025;quinta-feira;09:00:00;RJ;101;309;SAO GONCALO;Aus�ncia de rea��o do condutor;Colis�o lateral mesmo sentido;Com V�timas Feridas;Pleno dia;Crescente;C�u Claro;Dupla;Reta;N�o;2;0;1;0;1;0;1;2;-22,79937595;-43,0447535;SPRF-RJ;DEL02-RJ;UOP02-DEL02-RJ;;;
700617;26/06/2025;quinta-feira;11:45:00;MG;40;710,9;BARBACENA;Aus�ncia de rea��o do condutor;Colis�o traseira;Com V�timas Feridas;Pleno dia;Crescente;C�u Claro;Dupla;"Reta;Ponte";N�o;3;0;1;0;2;0;1;2;-21,24918896;-43,6794515;SPRF-MG;DEL05-MG;UOP02-DEL05-MG;;;
700618;26/06/2025;quinta-feira;08:50:00;SC;282;492;FAXINAL DOS GUEDES;Velocidade Incompat�vel;Colis�o lateral sentido oposto;Com V�timas Feridas;Pleno dia;Decrescente;Chuva;Simples;Reta;N�o;3;0;0;2;1;0;2;3;-26,872426;-52,295229;SPRF-SC;DEL07-SC;UOP01-DEL07-SC;;;
700619;26/06/2025;quinta-feira;11:30:00;PR;277;30;PARANAGUA;Aus�ncia de rea��o do condutor;Colis�o com objeto;Com V�timas Feridas;Pleno dia;Crescente;Nublado;Dupla;Reta;N�o;2;0;1;0;1;0;1;1;-25,561162;-48,583645;SPRF-PR;DEL01-PR;UOP05-DEL01-PR;;;
700621;26/06/2025;quinta-feira;09:45:00;PR;476;253;ANTONIO OLINTO;Acumulo de �gua sobre o pavimento;Sa�da de leito carro��vel;Sem V�timas;Pleno dia;Crescente;Chuva;Simples;Curva;Sim;1;0;0;0;1;0;0;1;-25,885765;-50,18194166;SPRF-PR;DEL02-PR;UOP03-DEL02-PR;;;
700622;15/06/2025;domingo;17:34:00;RO;364;692;CANDEIAS DO JAMARI;Velocidade Incompat�vel;Colis�o lateral mesmo sentido;Com V�timas Feridas;Pleno dia;Crescente;C�u Claro;Dupla;Reta;Sim;2;0;1;0;1;0;1;2;-8,79812473;-63,70234609;SPRF-RO;DEL01-RO;UOP01-DEL01-RO;;;
700624;26/06/2025;quinta-feira;08:00:00;BA;324;475,7;TANQUINHO;Chuva;Sa�da de leito carro��vel;Com V�timas Feridas;Pleno dia;Crescente;Chuva;Simples;"Declive;Curva";N�o;4;0;1;0;3;0;1;1;-11,9754;-39,10509;SPRF-BA;DEL02-BA;UOP01-DEL02-BA;;;
700625;26/06/2025;quinta-feira;13:15:00;ES;101;281;SERRA;Demais falhas mec�nicas ou el�tricas;Tombamento;Com V�timas Feridas;Pleno dia;Crescente;C�u Claro;Simples;Reta;N�o;2;0;2;0;0;0;2;1;-20,21891645;-40,35015663;SPRF-ES;DEL02-ES;UOP01-DEL02-ES;;;
700626;26/06/2025;quinta-feira;12:00:00;MG;116;525,9;CARATINGA;Desrespeitar a prefer�ncia no cruzamento;Colis�o transversal;Com V�timas Feridas;Pleno dia;Decrescente;C�u Claro;Dupla;Reta;Sim;2;0;2;0;0;0;2;2;-19,779369;-42,133008;SPRF-MG;DEL06-MG;UOP02-DEL06-MG;;;
700631;26/06/2025;quinta-feira;12:26:00;ES;393;2;CACHOEIRO DE ITAPEMIRIM;Aus�ncia de rea��o do condutor;Colis�o traseira;Com V�timas Feridas;Pleno dia;Decrescente;C�u Claro;Simples;Reta;Sim;3;0;1;0;0;2;1;2;-20,83260344;-41,17567884;SPRF-ES;DEL03-ES;UOP02-DEL03-ES;;;
700632;26/06/2025;quinta-feira;13:50:00;PB;230;22;JOAO PESSOA;Manobra de mudan�a de faixa;Colis�o lateral mesmo sentido;Com V�timas Feridas;Pleno dia;Decrescente;C�u Claro;Dupla;Reta;N�o;2;0;1;0;1;0;1;2;-7,16068;-34,857183;SPRF-PB;DEL01-PB;UOP01-DEL01-PB;;;
700634;26/06/2025;quinta-feira;13:50:00;SC;470;45,1;GASPAR;Acessar a via sem observar a presen�a dos outros ve�culos;Colis�o transversal;Com V�timas Feridas;Pleno dia;Crescente;Chuva;Simples;Reta;Sim;2;0;0;1;1;0;1;2;-26,86600835;-49,03233647;SPRF-SC;DEL04-SC;UOP01-DEL04-SC;;;
700635;26/06/2025;quinta-feira;08:20:00;PR;476;174,8;CONTENDA;Aus�ncia de rea��o do condutor;Sa�da de leito carro��vel;Com V�timas Feridas;Pleno dia;Crescente;Chuva;Simples;Reta;Sim;1;0;1;0;0;0;1;1;-25,69469256;-49,55376863;SPRF-PR;DEL01-PR;UOP06-DEL01-PR;;;
700636;26/06/2025;quinta-feira;13:20:00;PI;343;323,6;ALTOS;Acessar a via sem observar a presen�a dos outros ve�culos;Colis�o transversal;Com V�timas Fatais;Pleno dia;Crescente;C�u Claro;Simples;Reta;N�o;3;2;1;0;0;0;1;2;-5,05957;-42,598025;SPRF-PI;DEL01-PI;UOP01-DEL01-PI;;;
700637;22/06/2025;domingo;11:35:00;MA;10;255;IMPERATRIZ;Acessar a via sem observar a presen�a dos outros ve�culos;Colis�o transversal;Com V�timas Feridas;Pleno dia;Decrescente;C�u Claro;Simples;Reta;Sim;3;0;3;0;0;0;3;2;-5,50684312;-47,47181332;SPRF-MA;DEL04-MA;UOP01-DEL04-MA;;;
700638;26/06/2025;quinta-feira;13:10:00;AL;101;138,5;SAO MIGUEL DOS CAMPOS;Acesso irregular;Colis�o transversal;Com V�timas Feridas;Pleno dia;Crescente;C�u Claro;Simples;Reta;Sim;2;0;1;0;1;0;1;2;-9,8010214;-36,11187665;SPRF-AL;DEL02-AL;UOP01-DEL02-AL;;;
700639;26/06/2025;quinta-feira;14:20:00;SP;116;218;GUARULHOS;Trafegar com motocicleta (ou similar) entre as faixas;Tombamento;Com V�timas Feridas;Pleno dia;Crescente;C�u Claro;M�ltipla;Reta;Sim;3;0;2;0;1;0;2;2;-23,460637;-46,488197;SPRF-SP;DEL01-SP;UOP01-DEL01-SP;;;
700641;26/06/2025;quinta-feira;11:30:00;SP;381;2,7;VARGEM;Velocidade Incompat�vel;Sa�da de leito carro��vel;Com V�timas Feridas;Pleno dia;Crescente;C�u Claro;Dupla;Curva;N�o;2;0;1;0;1;0;1;1;-22,88225679;-46,37767375;SPRF-SP;DEL03-SP;UOP02-DEL03-SP;;;
700644;26/06/2025;quinta-feira;13:40:00;SP;116;420;JUQUIA;Rea��o tardia ou ineficiente do condutor;Sa�da de leito carro��vel;Com V�timas Feridas;Pleno dia;Decrescente;Sol;Dupla;Reta;N�o;2;0;2;0;0;0;2;1;-24,35585153;-47,68006174;SPRF-SP;DEL05-SP;UOP01-DEL05-SP;;;
700645;26/06/2025;quinta-feira;13:32:00;GO;70;40;COCALZINHO DE GOIAS;Acessar a via sem observar a presen�a dos outros ve�culos;Colis�o transversal;Com V�timas Feridas;Pleno dia;Decrescente;C�u Claro;Dupla;Reta;Sim;2;0;1;0;1;0;1;2;-15,77954;-48,53534;SPRF-DF;DEL03-DF;UOP02-DEL03-DF;;;
700647;26/06/2025;quinta-feira;14:09:00;CE;20;335;CARIDADE;Ultrapassagem Indevida;Colis�o frontal;Com V�timas Feridas;Pleno dia;Crescente;C�u Claro;Simples;Reta;N�o;5;0;0;5;0;0;5;2;-4,163;-39,150165;SPRF-CE;DEL02-CE;UOP01-DEL02-CE;;;
700649;26/06/2025;quinta-feira;13:50:00;MG;356;265;MURIAE;Pedestre andava na pista;Atropelamento de Pedestre;Com V�timas Feridas;Pleno dia;Decrescente;Sol;Simples;Reta;Sim;3;0;1;1;0;1;2;2;-21,12598254;-42,37476328;SPRF-MG;DEL07-MG;UOP02-DEL07-MG;;;
700651;26/06/2025;quinta-feira;15:15:00;CE;116;3;FORTALEZA;Acessar a via sem observar a presen�a dos outros ve�culos;Colis�o transversal;Com V�timas Feridas;Pleno dia;Decrescente;Sol;M�ltipla;Reta;Sim;2;0;1;0;1;0;1;2;-3,785168;-38,511762;SPRF-CE;DEL01-CE;UOP02-DEL01-CE;;;
700652;26/06/2025;quinta-feira;14:30:00;SP;116;328;JUQUITIBA;Rea��o tardia ou ineficiente do condutor;Colis�o com objeto;Com V�timas Feridas;Pleno dia;Decrescente;C�u Claro;Dupla;Reta;N�o;1;0;1;0;0;0;1;1;-23,93928602;-47,08789027;SPRF-SP;DEL04-SP;UOP03-DEL04-SP;;;
700653;26/06/2025;quinta-feira;15:00:00;GO;158;40;BOM JARDIM DE GOIAS;Acessar a via sem observar a presen�a dos outros ve�culos;Colis�o transversal;Com V�timas Feridas;Pleno dia;Crescente;C�u Claro;Simples;"Reta;Interse��o de Vias";N�o;2;0;0;1;1;0;1;2;-16,20104;-52,158068;SPRF-GO;DEL04-GO;UOP02-DEL04-GO;;;
700655;26/06/2025;quinta-feira;15:00:00;CE;20;399;CAUCAIA;Demais falhas mec�nicas ou el�tricas;Tombamento;Com V�timas Feridas;Pleno dia;Crescente;C�u Claro;Simples;Reta;N�o;1;0;1;0;0;0;1;1;-3,801987;-38,720788;SPRF-CE;DEL01-CE;UOP01-DEL01-CE;;;
700657;26/06/2025;quinta-feira;13:15:00;RJ;101;294;ITABORAI;Condutor deixou de manter dist�ncia do ve�culo da frente;Queda de ocupante de ve�culo;Com V�timas Feridas;Pleno dia;Crescente;C�u Claro;Dupla;Reta;Sim;1;0;1;0;0;0;1;1;-22,7589067;-42,89615504;SPRF-RJ;DEL02-RJ;UOP02-DEL02-RJ;;;
700658;13/04/2025;domingo;22:45:00;BA;324;561;SIMOES FILHO;Pedestre andava na pista;Atropelamento de Pedestre;Com V�timas Fatais;Plena Noite;Decrescente;Nublado;Dupla;Reta;N�o;2;1;0;0;1;0;0;2;-12,7930864;-38,4045262;SPRF-BA;DEL01-BA;UOP01-DEL01-BA;;;
700659;26/06/2025;quinta-feira;14:30:00;RJ;40;68;PETROPOLIS;Demais falhas mec�nicas ou el�tricas;Sa�da de leito carro��vel;Com V�timas Feridas;Pleno dia;Crescente;C�u Claro;Dupla;Reta;N�o;2;0;2;0;0;0;2;1;-22,2855168;-43,1259648;SPRF-RJ;DEL05-RJ;UOP02-DEL05-RJ;;;
700662;26/06/2025;quinta-feira;15:15:00;RJ;101;334;RIO DE JANEIRO;Aus�ncia de rea��o do condutor;Colis�o lateral mesmo sentido;Com V�timas Feridas;Pleno dia;Decrescente;C�u Claro;Dupla;"Ponte;Aclive";N�o;3;0;2;0;1;0;2;3;-22,87585887;-43,2075119;SPRF-RJ;DEL02-RJ;UOP01-DEL02-RJ;;;
700665;26/06/2025;quinta-feira;14:20:00;PE;101;59;RECIFE;Demais falhas mec�nicas ou el�tricas;Queda de ocupante de ve�culo;Com V�timas Feridas;Pleno dia;Decrescente;Chuva;Dupla;"Reta;Declive";Sim;2;0;2;0;0;0;2;1;-7,979518;-34,928975;SPRF-PE;DEL01-PE;UOP02-DEL01-PE;;;
700666;26/06/2025;quinta-feira;14:48:00;PR;116;41;CAMPINA GRANDE DO SUL;Rea��o tardia ou ineficiente do condutor;Colis�o transversal;Com V�timas Feridas;Pleno dia;Crescente;Nublado;Dupla;Reta;N�o;1;0;1;0;0;0;1;1;-25,20895022;-48,89593005;SPRF-PR;DEL01-PR;UOP02-DEL01-PR;;;
700667;26/06/2025;quinta-feira;15:20:00;GO;60;93;ANAPOLIS;Aus�ncia de rea��o do condutor;Tombamento;Com V�timas Feridas;Pleno dia;Crescente;C�u Claro;Dupla;Curva;Sim;1;0;1;0;0;0;1;1;-16,3511855;-48,91254044;SPRF-GO;DEL02-GO;UOP01-DEL02-GO;;;
700668;26/06/2025;quinta-feira;15:40:00;PE;101;69;RECIFE;Condutor deixou de manter dist�ncia do ve�culo da frente;Colis�o traseira;Com V�timas Feridas;Pleno dia;Decrescente;Nublado;M�ltipla;Curva;Sim;4;0;2;0;2;0;2;2;-8,064035;-34,941787;SPRF-PE;DEL01-PE;UOP01-DEL01-PE;;;
700671;26/06/2025;quinta-feira;15:15:00;BA;101;237;CONCEICAO DO ALMEIDA;Acessar a via sem observar a presen�a dos outros ve�culos;Colis�o transversal;Com V�timas Feridas;Pleno dia;Crescente;Nublado;Simples;"Curva;Declive";N�o;2;0;1;0;1;0;1;2;-12,804645;-39,195519;SPRF-BA;DEL01-BA;UOP02-DEL01-BA;;;
700672;26/06/2025;quinta-feira;15:00:00;ES;101;14,9;SERRA;Rea��o tardia ou ineficiente do condutor;Colis�o traseira;Com V�timas Feridas;Pleno dia;Crescente;C�u Claro;Dupla;Reta;N�o;3;0;1;1;1;0;2;3;-20,210955;-40,334542;SPRF-ES;DEL02-ES;UOP01-DEL02-ES;;;
700673;26/06/2025;quinta-feira;15:25:00;PI;343;2;TERESINA;Condutor deixou de manter dist�ncia do ve�culo da frente;Colis�o traseira;Com V�timas Feridas;Pleno dia;Decrescente;C�u Claro;M�ltipla;Reta;Sim;2;0;1;0;1;0;1;2;-5,081747;-42,76699;SPRF-PI;DEL01-PI;UOP01-DEL01-PI;;;
700676;26/06/2025;quinta-feira;14:20:00;GO;153;581,7;PIRACANJUBA;Rea��o tardia ou ineficiente do condutor;Capotamento;Com V�timas Feridas;Pleno dia;Crescente;Sol;Dupla;Reta;N�o;1;0;1;0;0;0;1;1;-17,388227;-49,230007;SPRF-GO;DEL03-GO;UOP01-DEL03-GO;;;
700677;26/06/2025;quinta-feira;17:20:00;RS;158;325;SANTA MARIA;Rea��o tardia ou ineficiente do condutor;Colis�o traseira;Com V�timas Feridas;Pleno dia;Decrescente;C�u Claro;Dupla;Reta;Sim;2;0;1;0;1;0;1;2;-29,70657513;-53,79863832;SPRF-RS;DEL09-RS;UOP01-DEL09-RS;;;
700679;26/06/2025;quinta-feira;12:40:00;BA;324;587;CANDEIAS;Rea��o tardia ou ineficiente do condutor;Tombamento;Com V�timas Feridas;Pleno dia;Crescente;C�u Claro;M�ltipla;Reta;N�o;1;0;1;0;0;0;1;1;-12,660662;-38,471427;SPRF-BA;DEL01-BA;UOP01-DEL01-BA;;;
700680;26/06/2025;quinta-feira;15:50:00;MG;153;14;CENTRALINA;Rea��o tardia ou ineficiente do condutor;Tombamento;Com V�timas Feridas;Pleno dia;Decrescente;C�u Claro;Dupla;Reta;N�o;2;0;2;0;0;0;2;1;-18,55350881;-49,19377327;SPRF-MG;DEL15-MG;UOP03-DEL15-MG;;;
700681;26/06/2025;quinta-feira;17:00:00;PR;369;143;LONDRINA;Demais falhas mec�nicas ou el�tricas;Tombamento;Com V�timas Feridas;Pleno dia;Decrescente;Nublado;Dupla;"Declive;Reta";Sim;1;0;1;0;0;0;1;1;-23,29325621;-51,10279648;SPRF-PR;DEL07-PR;UOP01-DEL07-PR;;;
700682;26/06/2025;quinta-feira;17:00:00;RJ;40;118;DUQUE DE CAXIAS;Suic�dio (presumido);Colis�o com objeto;Com V�timas Feridas;Anoitecer;Decrescente;C�u Claro;Dupla;Reta;Sim;1;0;0;1;0;0;1;1;-22,75448516;-43,28685232;SPRF-RJ;DEL01-RJ;UOP02-DEL01-RJ;;;
700683;26/06/2025;quinta-feira;16:30:00;RJ;40;42;PETROPOLIS;Aus�ncia de rea��o do condutor;Capotamento;Com V�timas Feridas;Pleno dia;Decrescente;C�u Claro;Dupla;Reta;N�o;1;0;1;0;0;0;1;1;-22,2855168;-43,1259648;SPRF-RJ;DEL05-RJ;UOP02-DEL05-RJ;;;
700687;26/06/2025;quinta-feira;12:10:00;PR;153;182,2;TIBAGI;Aus�ncia de rea��o do condutor;Sa�da de leito carro��vel;Com V�timas Feridas;Pleno dia;Decrescente;Nublado;Simples;Reta;N�o;2;0;2;0;0;0;2;1;-24,383525;-50,33231;SPRF-PR;DEL03-PR;UOP02-DEL03-PR;;;
700688;26/06/2025;quinta-feira;18:10:00;RN;304;36;MOSSORO;Acesso irregular;Colis�o transversal;Com V�timas Feridas;Plena Noite;Crescente;C�u Claro;Dupla;Reta;Sim;3;0;2;0;0;1;2;2;-5,17279762;-37,360425;SPRF-RN;DEL04-RN;UOP02-DEL04-RN;;;
700689;26/06/2025;quinta-feira;17:45:00;ES;101;301;VIANA;Pedestre andava na pista;Atropelamento de Pedestre;Com V�timas Feridas;Plena Noite;Decrescente;C�u Claro;Dupla;Reta;Sim;2;0;1;0;1;0;1;2;-20,3610942;-40,4361423;SPRF-ES;DEL01-ES;UOP01-DEL01-ES;;;
700690;26/06/2025;quinta-feira;18:15:00;PR;369;149,5;LONDRINA;Frear bruscamente;Tombamento;Com V�timas Feridas;Plena Noite;Crescente;Garoa/Chuvisco;Dupla;Reta;Sim;1;0;1;0;0;0;1;1;-23,29269396;-51,16541635;SPRF-PR;DEL07-PR;UOP01-DEL07-PR;;;
700692;26/06/2025;quinta-feira;18:20:00;GO;0;0;GOIANIA;Rea��o tardia ou ineficiente do condutor;Colis�o traseira;Com V�timas Feridas;Pleno dia;N�o Informado;C�u Claro;M�ltipla;Reta;Sim;3;0;1;0;1;1;1;3;-16,6954111;-49,3252702;SPRF-GO;DEL01-GO;UOP02-DEL01-GO;;;
700693;26/06/2025;quinta-feira;18:15:00;RS;293;1;PELOTAS;Aus�ncia de rea��o do condutor;Colis�o transversal;Com V�timas Feridas;Plena Noite;Crescente;Nublado;Simples;Rotat�ria;Sim;2;0;1;0;1;0;1;2;-31,612662;-52,3052124;SPRF-RS;DEL11-RS;UOP03-DEL11-RS;;;
700696;26/06/2025;quinta-feira;18:11:00;ES;101;146;LINHARES;Aus�ncia de rea��o do condutor;Atropelamento de Pedestre;Com V�timas Feridas;Amanhecer;Crescente;C�u Claro;M�ltipla;Reta;N�o;2;0;0;2;0;0;2;2;-19,38251089;-40,0667979;SPRF-ES;DEL04-ES;UOP01-DEL04-ES;;;
700697;26/06/2025;quinta-feira;08:15:00;MG;262;50;MANHUACU;Aus�ncia de rea��o do condutor;Tombamento;Com V�timas Feridas;Pleno dia;Crescente;C�u Claro;Simples;Reta;Sim;1;0;0;1;0;0;1;1;-20,246335;-42,141668;SPRF-MG;DEL06-MG;UOP03-DEL06-MG;;;
700698;26/06/2025;quinta-feira;18:00:00;ES;101;298;VIANA;Objeto est�tico sobre o leito carro��vel;Colis�o com objeto;Com V�timas Feridas;Pleno dia;Crescente;C�u Claro;Dupla;"Reta;Viaduto";Sim;1;0;1;0;0;0;1;1;-20,3547459;-40,4168813;SPRF-ES;DEL01-ES;UOP01-DEL01-ES;;;
700699;26/06/2025;quinta-feira;17:45:00;SC;163;69,7;SAO MIGUEL DO OESTE;Ingest�o de �lcool pelo condutor;Colis�o traseira;Sem V�timas;Plena Noite;Crescente;Garoa/Chuvisco;Dupla;"Reta;Aclive";Sim;3;0;0;0;3;0;0;3;-26,73635476;-53,50414753;SPRF-SC;DEL07-SC;UOP03-DEL07-SC;;;
700700;26/06/2025;quinta-feira;15:05:00;RJ;393;285,5;VOLTA REDONDA;Condutor deixou de manter dist�ncia do ve�culo da frente;Colis�o lateral mesmo sentido;Com V�timas Feridas;Pleno dia;Decrescente;C�u Claro;Simples;"Aclive;Interse��o de Vias";Sim;2;0;1;0;1;0;1;2;-22,50588755;-44,07586008;SPRF-RJ;DEL05-RJ;UOP04-DEL05-RJ;;;
700701;26/06/2025;quinta-feira;10:40:00;MG;116;621,7;ORIZANIA;Demais falhas na via;Queda de ocupante de ve�culo;Com V�timas Feridas;Pleno dia;Decrescente;C�u Claro;Simples;Reta;N�o;2;0;2;0;0;0;2;1;-20,520441;-42,1972885;SPRF-MG;DEL07-MG;UOP02-DEL07-MG;;;
700702;26/06/2025;quinta-feira;18:20:00;MS;163;486,3;CAMPO GRANDE;Acesso irregular;Colis�o transversal;Com V�timas Feridas;Plena Noite;Crescente;Nublado;Simples;"Reta;Interse��o de Vias;Declive";Sim;3;0;0;1;2;0;1;2;-20,43054635;-54,54436032;SPRF-MS;DEL01-MS;UOP02-DEL01-MS;;;
700703;26/06/2025;quinta-feira;16:50:00;RJ;101;66;CAMPOS DOS GOYTACAZES;Condutor deixou de manter dist�ncia do ve�culo da frente;Colis�o traseira;Com V�timas Feridas;Pleno dia;Decrescente;C�u Claro;Simples;Rotat�ria;Sim;2;0;1;0;1;0;1;2;-21,8358784;-41,4205659;SPRF-RJ;DEL08-RJ;UOP02-DEL08-RJ;;;
700704;26/06/2025;quinta-feira;18:35:00;RS;158;341;SANTA MARIA;Acessar a via sem observar a presen�a dos outros ve�culos;Colis�o transversal;Com V�timas Feridas;Plena Noite;Decrescente;C�u Claro;Simples;"Reta;Interse��o de Vias";N�o;3;0;0;1;2;0;1;2;-29,73854326;-53,92153144;SPRF-RS;DEL09-RS;UOP01-DEL09-RS;;;
700705;16/02/2025;domingo;17:35:00;PR;116;6;QUATRO BARRAS;Demais falhas mec�nicas ou el�tricas;Tombamento;Com V�timas Feridas;Pleno dia;Decrescente;C�u Claro;Dupla;"Aclive;Reta";Sim;2;0;1;1;0;0;2;1;-25,3669;-49,0996;SPRF-PR;DEL01-PR;UOP02-DEL01-PR;;;
700706;26/06/2025;quinta-feira;18:00:00;RO;364;365;OURO PRETO DO OESTE;Rea��o tardia ou ineficiente do condutor;Colis�o com objeto;Sem V�timas;Anoitecer;Decrescente;Sol;Simples;Reta;N�o;3;0;0;0;3;0;0;1;-10,77156;-62,101867;SPRF-RO;DEL02-RO;UOP01-DEL02-RO;;;
700707;26/06/2025;quinta-feira;19:00:00;BA;110;40;SANTA BRIGIDA;Pedestre cruzava a pista fora da faixa;Atropelamento de Pedestre;Com V�timas Feridas;Plena Noite;Decrescente;Nublado;Simples;Reta;Sim;2;0;0;1;1;0;1;2;-9,752795;-38,244481;SPRF-BA;DEL07-BA;UOP01-DEL07-BA;;;
700708;26/06/2025;quinta-feira;18:15:00;MT;163;748;SORRISO;Rea��o tardia ou ineficiente do condutor;Colis�o traseira;Com V�timas Feridas;Plena Noite;Decrescente;C�u Claro;Dupla;"Declive;Reta";Sim;2;0;1;0;1;0;1;2;-12,58446022;-55,73574543;SPRF-MT;DEL06-MT;UOP01-DEL06-MT;;;
700709;26/06/2025;quinta-feira;19:20:00;BA;407;91,8;JAGUARARI;Rea��o tardia ou ineficiente do condutor;Colis�o traseira;Com V�timas Fatais;Plena Noite;Decrescente;Nublado;Simples;Reta;N�o;3;1;1;0;1;0;1;2;-10,18079452;-40,22403717;SPRF-BA;DEL04-BA;UOP01-DEL04-BA;;;
700710;26/06/2025;quinta-feira;19:10:00;GO;50;279,8;CATALAO;Manobra de mudan�a de faixa;Colis�o transversal;Com V�timas Feridas;Plena Noite;Crescente;C�u Claro;Simples;"Reta;Interse��o de Vias;Em Obras;Desvio Tempor�rio";Sim;6;0;1;1;4;0;2;2;-18,2223063;-47,9732042;SPRF-GO;DEL06-GO;UOP01-DEL06-GO;;;
700711;26/06/2025;quinta-feira;18:15:00;RJ;493;20;MAGE;Acessar a via sem observar a presen�a dos outros ve�culos;Colis�o lateral mesmo sentido;Com V�timas Feridas;Plena Noite;Decrescente;C�u Claro;Simples;Reta;N�o;2;0;1;0;0;1;1;2;-22,66469331;-43,031147;SPRF-RJ;DEL04-RJ;UOP02-DEL04-RJ;;;
700712;26/06/2025;quinta-feira;19:45:00;SC;101;153;PORTO BELO;Ingest�o de �lcool pelo condutor;Sa�da de leito carro��vel;Sem V�timas;Plena Noite;Crescente;Garoa/Chuvisco;Dupla;Reta;N�o;1;0;0;0;1;0;0;1;-27,13793555;-48,60997137;SPRF-SC;DEL04-SC;UOP03-DEL04-SC;;;
700713;26/06/2025;quinta-feira;17:40:00;RO;319;57;PORTO VELHO;Aus�ncia de rea��o do condutor;Tombamento;Com V�timas Feridas;Anoitecer;Crescente;C�u Claro;Simples;Curva;Sim;1;0;1;0;0;0;1;1;-8,742361;-63,91641704;SPRF-RO;DEL01-RO;UOP01-DEL01-RO;;;
700714;26/06/2025;quinta-feira;17:02:00;AC;364;123;RIO BRANCO;Condutor deixou de manter dist�ncia do ve�culo da frente;Colis�o traseira;Com V�timas Feridas;Pleno dia;Crescente;C�u Claro;Dupla;Reta;Sim;2;0;0;1;1;0;1;2;-10,0132673;-67,7137807;SPRF-AC;DEL01-AC;UOP01-DEL01-AC;;;
700715;17/06/2025;ter�a-feira;06:00:00;MS;163;266;DOURADOS;Aus�ncia de rea��o do condutor;Sa�da de leito carro��vel;Com V�timas Feridas;Pleno dia;Crescente;C�u Claro;Dupla;Reta;N�o;1;0;0;1;0;0;1;1;-22,234541;-54,7439497;SPRF-MS;DEL04-MS;UOP01-DEL04-MS;;;
700716;26/06/2025;quinta-feira;19:34:00;ES;101;271,5;SERRA;Condutor desrespeitou a ilumina��o vermelha do sem�foro;Colis�o transversal;Com V�timas Feridas;Plena Noite;Crescente;C�u Claro;Simples;Reta;N�o;2;0;0;1;1;0;1;2;-20,22702858;-40,28503696;SPRF-ES;DEL02-ES;UOP01-DEL02-ES;;;
700717;26/06/2025;quinta-feira;18:40:00;SC;282;218;LAGES;Condutor deixou de manter dist�ncia do ve�culo da frente;Colis�o traseira;Com V�timas Feridas;Plena Noite;Decrescente;Chuva;Simples;Reta;Sim;3;0;1;0;2;0;1;3;-27,79763798;-50,31220078;SPRF-SC;DEL05-SC;UOP01-DEL05-SC;;;
700719;26/06/2025;quinta-feira;16:45:00;RJ;116;311;RESENDE;Demais falhas mec�nicas ou el�tricas;Queda de ocupante de ve�culo;Com V�timas Feridas;Anoitecer;Decrescente;C�u Claro;Dupla;Reta;Sim;2;0;1;0;1;0;1;1;-22,461111;-44,449858;SPRF-RJ;DEL07-RJ;UOP02-DEL07-RJ;;;
700721;26/06/2025;quinta-feira;17:20:00;MG;116;805,9;ALEM PARAIBA;Animais na Pista;Atropelamento de Animal;Com V�timas Feridas;Anoitecer;Decrescente;C�u Claro;Simples;Reta;N�o;1;0;1;0;0;0;1;1;-21,807828;-42,701899;SPRF-MG;DEL07-MG;UOP01-DEL07-MG;;;
700723;26/06/2025;quinta-feira;19:30:00;PR;277;116;CAMPO LARGO;Aus�ncia de rea��o do condutor;Engavetamento;Com V�timas Feridas;Plena Noite;Decrescente;Chuva;Dupla;Curva;N�o;4;0;1;0;3;0;1;3;-25,43804;-49,44566;SPRF-PR;DEL03-PR;UOP03-DEL03-PR;;;
700724;26/06/2025;quinta-feira;20:45:00;PE;101;67;RECIFE;Demais falhas na via;Sa�da de leito carro��vel;Com V�timas Feridas;Plena Noite;Decrescente;Chuva;M�ltipla;Reta;Sim;1;0;1;0;0;0;1;1;-8,041761;-34,94268942;SPRF-PE;DEL01-PE;UOP01-DEL01-PE;;;
700725;26/06/2025;quinta-feira;21:00:00;ES;101;262,2;SERRA;Rea��o tardia ou ineficiente do condutor;Colis�o transversal;Com V�timas Feridas;Plena Noite;Crescente;C�u Claro;Dupla;Reta;N�o;5;0;1;0;4;0;1;2;-20,160828;-40,27547;SPRF-ES;DEL02-ES;UOP01-DEL02-ES;;;
700727;26/06/2025;quinta-feira;21:15:00;CE;116;14;FORTALEZA;Rea��o tardia ou ineficiente do condutor;Colis�o com objeto;Com V�timas Feridas;Plena Noite;Crescente;C�u Claro;M�ltipla;Curva;Sim;2;0;1;1;0;0;2;1;-3,86875524;-38,4979521;SPRF-CE;DEL01-CE;UOP02-DEL01-CE;;;
700730;26/06/2025;quinta-feira;19:20:00;SC;101;57,9;ARAQUARI;Rea��o tardia ou ineficiente do condutor;Colis�o com objeto;Com V�timas Feridas;Plena Noite;Crescente;Chuva;Dupla;Curva;N�o;1;0;1;0;0;0;1;1;-26,43896607;-48,80272714;SPRF-SC;DEL03-SC;UOP01-DEL03-SC;;;