id;data_inversa;dia_semana;horario;uf;br;km;municipio;causa_acidente;tipo_acidente;classificacao_acidente;fase_dia;sentido_via;condicao_metereologica;tipo_pista;tracado_via;uso_solo;pessoas;mortos;feridos_leves;feridos_graves;ilesos;ignorados;feridos;veiculos;latitude;longitude;regional;delegacia;uop;;;
700732;26/06/2025;quinta-feira;20:41:00;PI;343;591,4;FLORIANO;Avarias e/ou desgaste excessivo no pneu;Tombamento;Com V�timas Feridas;Plena Noite;Decrescente;C�u Claro;Dupla;"Reta;Aclive";Sim;3;0;1;2;0;0;3;1;-6,77985287;-43,02716017;SPRF-PI;DEL03-PI;UOP01-DEL03-PI;;;
700734;26/06/2025;quinta-feira;19:00:00;SP;381;70,3;MAIRIPORA;Pedestre andava na pista;Atropelamento de Pedestre;Com V�timas Fatais;Plena Noite;Crescente;C�u Claro;Dupla;Reta;N�o;2;1;0;0;1;0;0;2;-23,35039229;-46,5708518;SPRF-SP;DEL03-SP;UOP01-DEL03-SP;;;
700739;26/06/2025;quinta-feira;21:15:00;RS;116;153,5;CAXIAS DO SUL;Desrespeitar a prefer�ncia no cruzamento;Colis�o transversal;Sem V�timas;Plena Noite;Crescente;Garoa/Chuvisco;M�ltipla;"Interse��o de Vias;Rotat�ria";Sim;2;0;0;0;2;0;0;2;-29,18819407;-51,18284602;SPRF-RS;DEL05-RS;UOP01-DEL05-RS;;;
700741;26/06/2025;quinta-feira;20:40:00;MG;354;743;POUSO ALTO;Neblina;Colis�o com objeto;Com V�timas Feridas;Plena Noite;Decrescente;Nevoeiro/Neblina;Simples;Reta;N�o;2;0;1;0;1;0;1;1;-22,23516976;-44,93519068;SPRF-MG;DEL17-MG;UOP01-DEL17-MG;;;
700744;26/06/2025;quinta-feira;18:10:00;MG;116;580;MANHUACU;Acessar a via sem observar a presen�a dos outros ve�culos;Colis�o frontal;Com V�timas Feridas;Plena Noite;Decrescente;C�u Claro;Simples;Curva;N�o;3;0;1;1;1;0;2;2;-20,19085744;-42,18456745;SPRF-MG;DEL06-MG;UOP03-DEL06-MG;;;
700745;26/06/2025;quinta-feira;22:20:00;MG;40;44,3;PARACATU;Demais falhas mec�nicas ou el�tricas;Sa�da de leito carro��vel;Sem V�timas;Plena Noite;Crescente;C�u Claro;Simples;Reta;Sim;1;0;0;0;1;0;0;1;-17,23320208;-46,85136795;SPRF-MG;DEL14-MG;UOP01-DEL14-MG;;;
700746;26/06/2025;quinta-feira;20:50:00;BA;116;609,3;IRAJUBA;Velocidade Incompat�vel;Capotamento;Sem V�timas;Plena Noite;Decrescente;Chuva;Simples;"Curva;Declive";N�o;1;0;0;0;0;1;0;1;-13,3135129;-40,0181159;SPRF-BA;DEL03-BA;UOP02-DEL03-BA;;;
700748;26/06/2025;quinta-feira;20:50:00;PR;277;78,8;CURITIBA;Ingest�o de �lcool pelo condutor;Sa�da de leito carro��vel;Sem V�timas;Plena Noite;Crescente;Chuva;Dupla;Reta;Sim;1;0;0;0;1;0;0;1;-25,45312071;-49,22638464;SPRF-PR;DEL01-PR;UOP07-DEL01-PR;;;
700749;26/06/2025;quinta-feira;22:30:00;PR;376;244,9;APUCARANA;Velocidade Incompat�vel;Colis�o com objeto;Com V�timas Feridas;Plena Noite;Crescente;Chuva;Dupla;"Curva;Interse��o de Vias";N�o;1;0;0;1;0;0;1;1;-23,581257;-51,417923;SPRF-PR;DEL07-PR;UOP03-DEL07-PR;;;
700751;26/06/2025;quinta-feira;20:25:00;RJ;116;146;DUQUE DE CAXIAS;Pedestre cruzava a pista fora da faixa;Atropelamento de Pedestre;Com V�timas Feridas;Plena Noite;Crescente;C�u Claro;Dupla;Reta;Sim;1;0;0;1;0;0;1;1;-22,668518;-43,269275;SPRF-RJ;DEL01-RJ;UOP02-DEL01-RJ;;;
700752;26/06/2025;quinta-feira;17:40:00;BA;324;557;AMELIA RODRIGUES;Condutor deixou de manter dist�ncia do ve�culo da frente;Engavetamento;Com V�timas Feridas;Anoitecer;Decrescente;Nublado;Dupla;Reta;N�o;3;0;2;0;1;0;2;3;-12,479671;-38,670399;SPRF-BA;DEL01-BA;UOP03-DEL01-BA;;;
700754;27/06/2025;sexta-feira;00:01:00;CE;116;10;FORTALEZA;Pedestre - Ingest�o de �lcool/ subst�ncias psicoativas;Atropelamento de Pedestre;Com V�timas Feridas;Plena Noite;Crescente;Chuva;Dupla;Reta;Sim;2;0;0;1;1;0;1;2;-3,8415298;-38,5000314;SPRF-CE;DEL01-CE;UOP02-DEL01-CE;;;
700757;27/06/2025;sexta-feira;00:20:00;SC;470;45,3;GASPAR;Aus�ncia de rea��o do condutor;Tombamento;Com V�timas Feridas;Plena Noite;Crescente;Nublado;Simples;Reta;N�o;1;0;1;0;0;0;1;1;-26,86564894;-49,03273344;SPRF-SC;DEL04-SC;UOP01-DEL04-SC;;;
700758;26/06/2025;quinta-feira;22:39:00;PE;104;30;TORITAMA;Manobra de mudan�a de faixa;Colis�o frontal;Com V�timas Feridas;Plena Noite;Decrescente;Chuva;Simples;Reta;N�o;2;0;0;1;1;0;1;2;-8,00747357;-36,06272887;SPRF-PE;DEL02-PE;UOP01-DEL02-PE;;;
700760;27/06/2025;sexta-feira;00:45:00;MG;40;341,9;FELIXLANDIA;Transitar na contram�o;Colis�o frontal;Com V�timas Feridas;Plena Noite;Crescente;C�u Claro;Simples;Reta;N�o;2;0;1;0;1;0;1;2;-18,68406;-44,99123;SPRF-MG;DEL02-MG;UOP01-DEL02-MG;;;
700762;26/06/2025;quinta-feira;16:30:00;BA;324;585;CANDEIAS;Aus�ncia de rea��o do condutor;Queda de ocupante de ve�culo;Com V�timas Feridas;Pleno dia;Crescente;C�u Claro;Dupla;Reta;N�o;1;0;1;0;0;0;1;1;-12,64100831;-38,47686768;SPRF-BA;DEL01-BA;UOP01-DEL01-BA;;;
700763;26/06/2025;quinta-feira;23:15:00;RS;293;225;HULHA NEGRA;Animais na Pista;Atropelamento de Animal;Com V�timas Feridas;Plena Noite;Crescente;C�u Claro;Simples;Reta;N�o;2;0;1;0;1;0;1;1;-31,3254441;-53,9856136;SPRF-RS;DEL11-RS;UOP03-DEL11-RS;;;
700764;26/06/2025;quinta-feira;17:05:00;MS;376;63;GLORIA DE DOURADOS;Aus�ncia de rea��o do condutor;Colis�o traseira;Sem V�timas;Plena Noite;Crescente;Nublado;Simples;Reta;N�o;2;0;0;0;2;0;0;2;-22,43276821;-54,23812866;SPRF-MS;DEL04-MS;UOP01-DEL04-MS;;;
700765;27/06/2025;sexta-feira;00:21:00;TO;153;603;CRIXAS DO TOCANTINS;Rea��o tardia ou ineficiente do condutor;Sa�da de leito carro��vel;Com V�timas Feridas;Plena Noite;Decrescente;C�u Claro;Simples;Reta;N�o;2;0;1;0;1;0;1;1;-11,19061096;-48,92932892;SPRF-TO;DEL01-TO;UOP02-DEL01-TO;;;
700766;27/06/2025;sexta-feira;02:00:00;PE;316;52;TRINDADE;Rea��o tardia ou ineficiente do condutor;Sa�da de leito carro��vel;Com V�timas Feridas;Plena Noite;Decrescente;C�u Claro;Simples;Reta;N�o;1;0;1;0;0;0;1;1;-7,72972499;-40,30837413;SPRF-PE;DEL05-PE;UOP02-DEL05-PE;;;
700770;26/06/2025;quinta-feira;22:00:00;RN;304;93,5;ACU;Ingest�o de �lcool pelo condutor;Tombamento;Com V�timas Feridas;Plena Noite;Crescente;C�u Claro;Simples;Reta;N�o;2;0;2;0;0;0;2;1;-5,547;-37,075;SPRF-RN;DEL04-RN;UOP01-DEL04-RN;;;
700772;27/06/2025;sexta-feira;03:00:00;PE;232;134;CARUARU;Transitar na contram�o;Colis�o frontal;Com V�timas Feridas;Plena Noite;Crescente;Nublado;Dupla;"Aclive;Reta";Sim;2;0;0;1;1;0;1;2;-8,306941;-36,018846;SPRF-PE;DEL02-PE;UOP03-DEL02-PE;;;
700773;26/06/2025;quinta-feira;20:45:00;CE;116;1,2;FORTALEZA;Condutor deixou de manter dist�ncia do ve�culo da frente;Colis�o lateral sentido oposto;Com V�timas Feridas;Plena Noite;Crescente;Nublado;Dupla;"Viaduto;Reta";Sim;3;0;1;0;2;0;1;2;-3,762235;-38,518948;SPRF-CE;DEL01-CE;UOP02-DEL01-CE;;;
700774;27/06/2025;sexta-feira;05:10:00;RN;304;40,5;MOSSORO;Acessar a via sem observar a presen�a dos outros ve�culos;Colis�o lateral mesmo sentido;Com V�timas Feridas;Amanhecer;Decrescente;C�u Claro;Dupla;Reta;Sim;2;0;1;0;0;1;1;2;-5,199847;-37,377737;SPRF-RN;DEL04-RN;UOP01-DEL04-RN;;;
700775;27/06/2025;sexta-feira;04:30:00;RS;116;159,3;CAXIAS DO SUL;Rea��o tardia ou ineficiente do condutor;Colis�o com objeto;Com V�timas Feridas;Plena Noite;Decrescente;Nevoeiro/Neblina;Simples;"Em Obras;Reta";Sim;1;0;1;0;0;0;1;1;-29,226063;-51,159881;SPRF-RS;DEL05-RS;UOP01-DEL05-RS;;;
700780;27/06/2025;sexta-feira;05:50:00;ES;101;298;VIANA;Animais na Pista;Atropelamento de Animal;Com V�timas Feridas;Amanhecer;Decrescente;Nublado;Simples;Reta;Sim;2;0;0;2;0;0;2;1;-20,3554354;-40,4168915;SPRF-ES;DEL01-ES;UOP01-DEL01-ES;;;
700784;27/06/2025;sexta-feira;05:30:00;ES;262;136,6;BREJETUBA;Rea��o tardia ou ineficiente do condutor;Sa�da de leito carro��vel;Com V�timas Feridas;Amanhecer;Decrescente;Nublado;Simples;Curva;N�o;2;0;1;0;0;1;1;2;-20,234757;-41,340208;SPRF-ES;DEL01-ES;UOP02-DEL01-ES;;;
700788;27/06/2025;sexta-feira;00:10:00;PR;476;174;ARAUCARIA;Aus�ncia de rea��o do condutor;Tombamento;Com V�timas Feridas;Plena Noite;Decrescente;Chuva;Dupla;Reta;Sim;2;0;1;0;1;0;1;1;-25,5765486;-49,3913697;SPRF-PR;DEL01-PR;UOP06-DEL01-PR;;;
700789;26/06/2025;quinta-feira;18:00:00;RO;364;298;PRESIDENTE MEDICI;Rea��o tardia ou ineficiente do condutor;Colis�o traseira;Sem V�timas;Anoitecer;Decrescente;C�u Claro;Simples;Reta;N�o;2;0;0;0;2;0;0;2;-11,28009317;-61,90211948;SPRF-RO;DEL02-RO;UOP01-DEL02-RO;;;
700790;27/06/2025;sexta-feira;07:10:00;BA;324;621;SALVADOR;Condutor deixou de manter dist�ncia do ve�culo da frente;Engavetamento;Sem V�timas;Pleno dia;Crescente;Chuva;M�ltipla;Reta;Sim;4;0;0;0;4;0;0;4;-12,925338;-38,468285;SPRF-BA;DEL01-BA;UOP01-DEL01-BA;;;
700791;27/06/2025;sexta-feira;06:30:00;BA;415;19;ILHEUS;Aus�ncia de rea��o do condutor;Colis�o lateral mesmo sentido;Sem V�timas;Pleno dia;Crescente;Sol;M�ltipla;Reta;N�o;2;0;0;0;2;0;0;2;-14,801949;-39,130891;SPRF-BA;DEL05-BA;UOP01-DEL05-BA;;;
700792;27/06/2025;sexta-feira;07:40:00;DF;40;0,7;BRASILIA;Rea��o tardia ou ineficiente do condutor;Colis�o traseira;Com V�timas Feridas;Pleno dia;Decrescente;Sol;Dupla;Reta;Sim;4;0;1;0;3;0;1;3;-15,9827628;-47,9879238;SPRF-DF;DEL01-DF;UOP01-DEL01-DF;;;
700794;27/06/2025;sexta-feira;07:05:00;RJ;101;427;MANGARATIBA;Demais falhas mec�nicas ou el�tricas;Inc�ndio;Sem V�timas;Pleno dia;Crescente;C�u Claro;Simples;Reta;N�o;1;0;0;0;1;0;0;1;-22,93468167;-43,99346352;SPRF-RJ;DEL03-RJ;UOP02-DEL03-RJ;;;
700795;27/06/2025;sexta-feira;06:15:00;RJ;101;461;ANGRA DOS REIS;Demais falhas mec�nicas ou el�tricas;Colis�o com objeto;Com V�timas Feridas;Amanhecer;Crescente;C�u Claro;Simples;Reta;N�o;12;0;11;0;1;0;11;1;-23,0318063;-44,200642;SPRF-RJ;DEL03-RJ;UOP03-DEL03-RJ;;;
700796;27/06/2025;sexta-feira;07:50:00;RN;406;159;CEARA-MIRIM;Convers�o proibida;Sa�da de leito carro��vel;Com V�timas Feridas;Pleno dia;Crescente;C�u Claro;Simples;Reta;N�o;3;0;2;0;1;0;2;2;-5,71129792;-35,37414174;SPRF-RN;DEL02-RN;UOP01-DEL02-RN;;;
700799;27/06/2025;sexta-feira;06:45:00;MT;163;1029;PEIXOTO DE AZEVEDO;Acesso irregular;Colis�o transversal;Com V�timas Feridas;Pleno dia;Crescente;C�u Claro;Simples;Reta;Sim;2;0;2;0;0;0;2;2;-10,25578832;-54,99813375;SPRF-MT;DEL06-MT;UOP03-DEL06-MT;;;
700800;27/06/2025;sexta-feira;07:20:00;PR;376;213,9;MANDAGUARI;Acessar a via sem observar a presen�a dos outros ve�culos;Colis�o transversal;Com V�timas Feridas;Pleno dia;Crescente;Nevoeiro/Neblina;Dupla;"Retorno Regulamentado;Reta";N�o;5;0;0;1;4;0;1;5;-23,5727339;-51,65376512;SPRF-PR;DEL09-PR;UOP01-DEL09-PR;;;
700803;27/06/2025;sexta-feira;08:00:00;TO;153;145;ARAGUAINA;Rea��o tardia ou ineficiente do condutor;Colis�o traseira;Com V�timas Feridas;Pleno dia;Decrescente;C�u Claro;Dupla;Rotat�ria;Sim;3;0;1;0;2;0;1;2;-7,207853;-48,241648;SPRF-TO;DEL02-TO;UOP01-DEL02-TO;;;
700804;27/06/2025;sexta-feira;07:00:00;RJ;40;109;DUQUE DE CAXIAS;Condutor usando celular;Colis�o frontal;Com V�timas Feridas;Pleno dia;Decrescente;C�u Claro;M�ltipla;Reta;Sim;2;0;1;0;1;0;1;2;-22,67624997;-43,28609493;SPRF-RJ;DEL01-RJ;UOP02-DEL01-RJ;;;
700806;27/06/2025;sexta-feira;08:09:00;RS;158;313;ITAARA;Acessar a via sem observar a presen�a dos outros ve�culos;Colis�o transversal;Com V�timas Feridas;Pleno dia;Crescente;Nevoeiro/Neblina;Simples;"Reta;Declive";Sim;3;0;0;1;2;0;1;2;-29,6410485;-53,7617055;SPRF-RS;DEL09-RS;UOP01-DEL09-RS;;;
700807;27/06/2025;sexta-feira;08:00:00;RJ;101;308;SAO GONCALO;Aus�ncia de rea��o do condutor;Tombamento;Com V�timas Feridas;Pleno dia;Crescente;C�u Claro;Dupla;Reta;Sim;1;0;1;0;0;0;1;1;-22,79167188;-43,0180192;SPRF-RJ;DEL02-RJ;UOP02-DEL02-RJ;;;
700809;10/05/2025;s�bado;17:00:00;GO;60;60,7;ABADIANIA;Manobra de mudan�a de faixa;Colis�o traseira;Com V�timas Feridas;Pleno dia;Crescente;C�u Claro;Dupla;Reta;Sim;4;0;1;1;2;0;2;3;-16,19058;-48,709632;SPRF-GO;DEL02-GO;UOP01-DEL02-GO;;;
700810;27/06/2025;sexta-feira;08:20:00;GO;60;386;RIO VERDE;Aus�ncia de rea��o do condutor;Tombamento;Com V�timas Feridas;Pleno dia;Crescente;C�u Claro;Dupla;Reta;Sim;1;0;1;0;0;0;1;1;-17,81605898;-50,93677998;SPRF-GO;DEL04-GO;UOP02-DEL04-GO;;;
700811;27/06/2025;sexta-feira;07:25:00;BA;116;17,1;VITORIA DA CONQUISTA;Desrespeitar a prefer�ncia no cruzamento;Colis�o transversal;Com V�timas Feridas;Pleno dia;Decrescente;Garoa/Chuvisco;Simples;Interse��o de Vias;Sim;2;0;1;0;1;0;1;2;-14,902217;-40,840606;SPRF-BA;DEL08-BA;UOP01-DEL08-BA;;;
700812;16/03/2025;domingo;21:00:00;RJ;101;389;RIO DE JANEIRO;Aus�ncia de rea��o do condutor;Queda de ocupante de ve�culo;Com V�timas Feridas;Pleno dia;Crescente;C�u Claro;M�ltipla;Reta;N�o;1;0;0;1;0;0;1;1;-22,8589183;-43,7591179;SPRF-RJ;DEL03-RJ;UOP01-DEL03-RJ;;;
700813;27/06/2025;sexta-feira;08:40:00;RN;405;166,9;RAFAEL FERNANDES;Suic�dio (presumido);Colis�o com objeto;Com V�timas Fatais;Pleno dia;Decrescente;C�u Claro;Simples;Reta;N�o;1;1;0;0;0;0;0;1;-6,24614;-38,24871;SPRF-RN;DEL04-RN;UOP02-DEL04-RN;;;
700814;27/06/2025;sexta-feira;04:40:00;RJ;101;309;SAO GONCALO;Pedestre cruzava a pista fora da faixa;Atropelamento de Pedestre;Com V�timas Fatais;Plena Noite;Decrescente;C�u Claro;Dupla;Reta;Sim;2;1;0;0;0;1;0;2;-22,79541265;-43,03517944;SPRF-RJ;DEL02-RJ;UOP02-DEL02-RJ;;;
700815;21/04/2025;segunda-feira;22:50:00;RJ;101;414;ITAGUAI;Ilumina��o deficiente;Colis�o traseira;Com V�timas Feridas;Plena Noite;Crescente;Nublado;Dupla;Reta;N�o;3;0;0;2;1;0;2;2;-22,90400845;-43,87458801;SPRF-RJ;DEL03-RJ;UOP01-DEL03-RJ;;;
700816;23/06/2025;segunda-feira;13:20:00;MG;0;0;CONTAGEM;Rea��o tardia ou ineficiente do condutor;Colis�o com objeto;Sem V�timas;Pleno dia;N�o Informado;C�u Claro;Simples;Reta;Sim;2;0;0;0;2;0;0;1;-19,9551607;-44,0280744;SPRF-MG;DEL01-MG;UOP02-DEL01-MG;;;
700820;27/06/2025;sexta-feira;08:35:00;PR;277;606;SANTA TEREZA DO OESTE;Rea��o tardia ou ineficiente do condutor;Colis�o traseira;Com V�timas Feridas;Amanhecer;Crescente;Nevoeiro/Neblina;Simples;Reta;Sim;3;0;1;0;2;0;1;2;-25,03086141;-53,58375549;SPRF-PR;DEL05-PR;UOP02-DEL05-PR;;;
700822;27/06/2025;sexta-feira;08:30:00;SC;101;330,2;TUBARAO;Condutor usando celular;Sa�da de leito carro��vel;Sem V�timas;Pleno dia;Decrescente;C�u Claro;Dupla;Reta;N�o;1;0;0;0;1;0;0;1;-28,457375;-48,984126;SPRF-SC;DEL02-SC;UOP01-DEL02-SC;;;
700824;11/05/2025;domingo;07:30:00;PR;369;504,6;CASCAVEL;Acessar a via sem observar a presen�a dos outros ve�culos;Colis�o transversal;Com V�timas Feridas;Pleno dia;Crescente;C�u Claro;Simples;Reta;Sim;3;0;2;1;0;0;3;2;-24,92641152;-53,39209557;SPRF-PR;DEL04-PR;UOP01-DEL04-PR;;;
700825;27/06/2025;sexta-feira;06:00:00;PB;230;286;SANTA LUZIA;Animais na Pista;Atropelamento de Animal;Com V�timas Feridas;Pleno dia;Decrescente;C�u Claro;Simples;Reta;N�o;1;0;1;0;0;0;1;1;-6,888067;-36,893107;SPRF-PB;DEL03-PB;UOP01-DEL03-PB;;;
700827;27/06/2025;sexta-feira;09:00:00;MG;116;766,4;LEOPOLDINA;Manobra de mudan�a de faixa;Colis�o traseira;Com V�timas Feridas;Pleno dia;Crescente;C�u Claro;Simples;"Reta;Interse��o de Vias";Sim;2;0;1;0;1;0;1;2;-21,53229665;-42,6552972;SPRF-MG;DEL07-MG;UOP01-DEL07-MG;;;
700828;27/06/2025;sexta-feira;09:45:00;RN;101;96,6;NATAL;Condutor deixou de manter dist�ncia do ve�culo da frente;Colis�o lateral mesmo sentido;Com V�timas Feridas;Pleno dia;Decrescente;Sol;Simples;Curva;N�o;2;0;1;0;1;0;1;2;-5,8489855;-35,2078059;SPRF-RN;DEL01-RN;UOP01-DEL01-RN;;;
700829;27/06/2025;sexta-feira;09:33:00;PI;135;351;BOM JESUS;Manobra de mudan�a de faixa;Colis�o lateral mesmo sentido;Sem V�timas;Pleno dia;Decrescente;C�u Claro;Dupla;Reta;Sim;3;0;0;0;3;0;0;2;-9,0775333;-44,353118;SPRF-PI;DEL03-PI;UOP02-DEL03-PI;;;
700830;27/06/2025;sexta-feira;09:30:00;PR;376;617;SAO JOSE DOS PINHAIS;Rea��o tardia ou ineficiente do condutor;Tombamento;Com V�timas Feridas;Pleno dia;Decrescente;Garoa/Chuvisco;Dupla;Reta;N�o;2;0;1;0;1;0;1;1;-25,5500241;-49,2072336;SPRF-PR;DEL01-PR;UOP04-DEL01-PR;;;
700831;27/06/2025;sexta-feira;08:00:00;MG;365;611;UBERLANDIA;Rea��o tardia ou ineficiente do condutor;Colis�o lateral mesmo sentido;Com V�timas Feridas;Pleno dia;Crescente;C�u Claro;Simples;Reta;Sim;2;0;1;0;1;0;1;2;-18,924912;-48,198675;SPRF-MG;DEL15-MG;UOP01-DEL15-MG;;;
700832;27/06/2025;sexta-feira;09:45:00;MG;40;777,9;JUIZ DE FORA;Convers�o proibida;Colis�o lateral sentido oposto;Com V�timas Feridas;Pleno dia;Crescente;C�u Claro;Simples;"Retorno Regulamentado;Interse��o de Vias";N�o;3;0;1;0;2;0;1;2;-21,67940361;-43,4513247;SPRF-MG;DEL05-MG;UOP01-DEL05-MG;;;
700837;21/06/2025;s�bado;18:45:00;SC;282;561,1;NOVA ITABERABA;Demais falhas na via;Colis�o com objeto;Sem V�timas;Plena Noite;Decrescente;C�u Claro;Simples;"Aclive;Curva;Ponte";N�o;3;0;0;0;3;0;0;1;-26,92723982;-52,85605643;SPRF-SC;DEL07-SC;UOP02-DEL07-SC;;;
700838;27/06/2025;sexta-feira;09:44:00;PB;230;166;CAMPINA GRANDE;Rea��o tardia ou ineficiente do condutor;Colis�o traseira;Com V�timas Feridas;Pleno dia;Decrescente;C�u Claro;Simples;Reta;Sim;2;0;1;0;1;0;1;2;-7,20054;-35,952667;SPRF-PB;DEL02-PB;UOP02-DEL02-PB;;;
700839;27/06/2025;sexta-feira;09:55:00;PB;101;68,5;SANTA RITA;Rea��o tardia ou ineficiente do condutor;Sa�da de leito carro��vel;Com V�timas Feridas;Pleno dia;Crescente;C�u Claro;Dupla;Reta;N�o;1;0;1;0;0;0;1;1;-7,059128;-35,023234;SPRF-PB;DEL01-PB;UOP03-DEL01-PB;;;
700841;27/06/2025;sexta-feira;09:30:00;MS;262;328;CAMPO GRANDE;Condutor deixou de manter dist�ncia do ve�culo da frente;Colis�o traseira;Sem V�timas;Pleno dia;Decrescente;C�u Claro;Simples;Reta;Sim;2;0;0;0;2;0;0;2;-20,464672;-54,551958;SPRF-MS;DEL01-MS;UOP01-DEL01-MS;;;
700842;27/06/2025;sexta-feira;10:00:00;PR;277;721,9;FOZ DO IGUACU;Rea��o tardia ou ineficiente do condutor;Capotamento;Com V�timas Feridas;Pleno dia;Crescente;Nublado;Dupla;Reta;Sim;4;0;2;0;2;0;2;1;-25,49369563;-54,518597;SPRF-PR;DEL05-PR;UOP03-DEL05-PR;;;
700844;27/06/2025;sexta-feira;09:25:00;RS;153;48;ERECHIM;Velocidade Incompat�vel;Colis�o traseira;Com V�timas Feridas;Pleno dia;Decrescente;Nublado;Dupla;Reta;Sim;4;0;0;1;3;0;1;2;-27,64955269;-52,25449059;SPRF-RS;DEL08-RS;UOP04-DEL08-RS;;;
700846;27/06/2025;sexta-feira;10:30:00;MG;50;124;UBERABA;Velocidade Incompat�vel;Capotamento;Com V�timas Feridas;Pleno dia;Decrescente;C�u Claro;Dupla;Retorno Regulamentado;N�o;1;0;1;0;0;0;1;1;-19,343094;-48,094934;SPRF-MG;DEL13-MG;UOP01-DEL13-MG;;;
700849;27/06/2025;sexta-feira;07:55:00;ES;262;113;VENDA NOVA DO IMIGRANTE;Rea��o tardia ou ineficiente do condutor;Colis�o com objeto;Com V�timas Feridas;Pleno dia;Decrescente;C�u Claro;Simples;"Declive;Curva";N�o;1;0;1;0;0;0;1;1;-20,331795;-41,204607;SPRF-ES;DEL01-ES;UOP02-DEL01-ES;;;
700851;27/06/2025;sexta-feira;08:16:00;MA;135;23;SAO LUIS;Rea��o tardia ou ineficiente do condutor;Colis�o traseira;Sem V�timas;Plena Noite;Crescente;Nublado;M�ltipla;Reta;Sim;2;0;0;0;2;0;0;2;-2,55347559;-44,30892348;SPRF-MA;DEL01-MA;UOP01-DEL01-MA;;;
700852;27/06/2025;sexta-feira;08:00:00;RS;293;290,7;SANTANA DO LIVRAMENTO;Aus�ncia de rea��o do condutor;Sa�da de leito carro��vel;Com V�timas Feridas;Pleno dia;Crescente;C�u Claro;Simples;Reta;N�o;1;0;1;0;0;0;1;1;-30,838615;-55,048052;SPRF-RS;DEL11-RS;UOP01-DEL11-RS;;;
700853;27/06/2025;sexta-feira;12:00:00;MG;40;466,8;SETE LAGOAS;Pista esburacada;Queda de ocupante de ve�culo;Com V�timas Feridas;Pleno dia;Decrescente;C�u Claro;Dupla;Declive;Sim;1;0;1;0;0;0;1;1;-19,44714;-44,32063;SPRF-MG;DEL02-MG;UOP01-DEL02-MG;;;
700854;27/06/2025;sexta-feira;11:30:00;MG;116;412;GOVERNADOR VALADARES;Acessar a via sem observar a presen�a dos outros ve�culos;Colis�o transversal;Com V�timas Feridas;Pleno dia;Decrescente;C�u Claro;M�ltipla;Rotat�ria;Sim;2;0;1;0;1;0;1;2;-18,877043;-41,963308;SPRF-MG;DEL06-MG;UOP01-DEL06-MG;;;
700855;27/06/2025;sexta-feira;10:00:00;ES;101;61;SAO MATEUS;Condutor deixou de manter dist�ncia do ve�culo da frente;Colis�o traseira;Com V�timas Feridas;Pleno dia;Crescente;C�u Claro;Simples;"Reta;Interse��o de Vias";Sim;3;0;1;0;2;0;1;2;-18,682215;-39,863374;SPRF-ES;DEL04-ES;UOP02-DEL04-ES;;;
700856;27/06/2025;sexta-feira;10:34:00;MG;262;99;ABRE CAMPO;Acessar a via sem observar a presen�a dos outros ve�culos;Colis�o transversal;Com V�timas Feridas;Pleno dia;Crescente;C�u Claro;Simples;Reta;Sim;3;0;1;0;2;0;1;2;-20,29158598;-42,51060784;SPRF-MG;DEL03-MG;UOP03-DEL03-MG;;;
700857;27/06/2025;sexta-feira;12:52:00;DF;20;14,7;BRASILIA;Aus�ncia de sinaliza��o;Colis�o lateral mesmo sentido;Com V�timas Fatais;Pleno dia;Crescente;Sol;Simples;"Reta;Em Obras;Desvio Tempor�rio";Sim;3;1;0;0;1;1;0;3;-15,63056561;-47,73385049;SPRF-DF;DEL02-DF;UOP01-DEL02-DF;;;
700859;27/06/2025;sexta-feira;12:20:00;BA;324;609;SIMOES FILHO;Objeto est�tico sobre o leito carro��vel;Colis�o com objeto;Com V�timas Feridas;Pleno dia;Decrescente;C�u Claro;Dupla;Reta;N�o;2;0;2;0;0;0;2;1;-12,836033;-38,413524;SPRF-BA;DEL01-BA;UOP01-DEL01-BA;;;
700860;27/06/2025;sexta-feira;11:30:00;SC;282;580,2;PINHALZINHO;Transitar no Acostamento;Colis�o traseira;Com V�timas Feridas;Pleno dia;Crescente;Nevoeiro/Neblina;Simples;Reta;N�o;2;0;0;1;1;0;1;2;-26,83624873;-52,9891634;SPRF-SC;DEL07-SC;UOP02-DEL07-SC;;;
700861;27/06/2025;sexta-feira;12:20:00;MG;116;275,6;TEOFILO OTONI;�rea urbana sem a presen�a de local apropriado para a travessia de pedestres;Atropelamento de Pedestre;Com V�timas Feridas;Pleno dia;Crescente;C�u Claro;Simples;Reta;Sim;2;0;0;1;1;0;1;2;-17,8720289;-41,5199597;SPRF-MG;DEL11-MG;UOP01-DEL11-MG;;;
700863;27/06/2025;sexta-feira;13:30:00;SP;116;284,2;EMBU DAS ARTES;Aus�ncia de rea��o do condutor;Colis�o traseira;Com V�timas Feridas;Pleno dia;Decrescente;Chuva;Dupla;Reta;Sim;2;0;1;0;1;0;1;2;-23,67997417;-46,8583746;SPRF-SP;DEL04-SP;UOP01-DEL04-SP;;;
700864;27/06/2025;sexta-feira;11:40:00;MG;267;48;MARIPA DE MINAS;Rea��o tardia ou ineficiente do condutor;Colis�o lateral mesmo sentido;Com V�timas Feridas;Pleno dia;Decrescente;C�u Claro;Simples;Reta;N�o;2;0;1;0;0;1;1;2;-21,70496426;-42,99053192;SPRF-MG;DEL07-MG;UOP01-DEL07-MG;;;