id;data_inversa;dia_semana;horario;uf;br;km;municipio;causa_acidente;tipo_acidente;classificacao_acidente;fase_dia;sentido_via;condicao_metereologica;tipo_pista;tracado_via;uso_solo;pessoas;mortos;feridos_leves;feridos_graves;ilesos;ignorados;feridos;veiculos;latitude;longitude;regional;delegacia;uop;;;
700865;27/06/2025;sexta-feira;13:40:00;AL;316;149;PALMEIRA DOS INDIOS;Acessar a via sem observar a presen�a dos outros ve�culos;Colis�o transversal;Com V�timas Feridas;Pleno dia;Decrescente;Nublado;Simples;Reta;N�o;2;0;0;1;1;0;1;2;-9,411616;-36,681146;SPRF-AL;DEL03-AL;UOP01-DEL03-AL;;;
700867;27/06/2025;sexta-feira;13:50:00;MG;40;142;JOAO PINHEIRO;Aus�ncia de rea��o do condutor;Colis�o traseira;Com V�timas Feridas;Pleno dia;Crescente;C�u Claro;Simples;Reta;Sim;3;0;0;3;0;0;3;2;-17,742;-46,184;SPRF-MG;DEL14-MG;UOP01-DEL14-MG;;;
700869;27/06/2025;sexta-feira;12:30:00;RJ;40;116;DUQUE DE CAXIAS;Frear bruscamente;Engavetamento;Com V�timas Feridas;Pleno dia;Crescente;C�u Claro;M�ltipla;Reta;N�o;9;0;7;1;1;0;8;3;-22,74262288;-43,28887939;SPRF-RJ;DEL01-RJ;UOP02-DEL01-RJ;;;
700871;27/06/2025;sexta-feira;12:00:00;MG;381;613,9;OLIVEIRA;Manobra de mudan�a de faixa;Tombamento;Com V�timas Feridas;Pleno dia;Crescente;C�u Claro;Dupla;"Reta;Em Obras";N�o;1;0;1;0;0;0;1;1;-20,708198;-44,755627;SPRF-MG;DEL04-MG;UOP01-DEL04-MG;;;
700873;18/05/2025;domingo;20:10:00;PR;116;100;SAO JOSE DOS PINHAIS;Pedestre cruzava a pista fora da faixa;Atropelamento de Pedestre;Com V�timas Fatais;Plena Noite;Crescente;Nublado;Dupla;Reta;N�o;4;1;0;0;3;0;0;2;-25,5666473;-49,164588;SPRF-PR;DEL01-PR;UOP07-DEL01-PR;;;
700875;27/06/2025;sexta-feira;14:25:00;MG;381;485,5;BETIM;Aus�ncia de rea��o do condutor;Engavetamento;Com V�timas Feridas;Pleno dia;Decrescente;C�u Claro;M�ltipla;Reta;Sim;6;0;3;0;1;2;3;6;-19,95610314;-44,10233371;SPRF-MG;DEL01-MG;UOP03-DEL01-MG;;;
700876;27/06/2025;sexta-feira;14:15:00;SC;101;129;CAMBORIU;Convers�o proibida;Colis�o transversal;Com V�timas Feridas;Pleno dia;Decrescente;Nublado;Simples;Reta;Sim;2;0;1;0;1;0;1;2;-26,98341484;-48,67556512;SPRF-SC;DEL04-SC;UOP03-DEL04-SC;;;
700877;27/06/2025;sexta-feira;13:15:00;PR;277;663,6;MEDIANEIRA;Animais na Pista;Atropelamento de Animal;Com V�timas Feridas;Pleno dia;Crescente;C�u Claro;Dupla;Reta;N�o;1;0;1;0;0;0;1;1;-25,2527221;-54,0259878;SPRF-PR;DEL05-PR;UOP02-DEL05-PR;;;
700878;27/06/2025;sexta-feira;14:30:00;SC;470;103,8;APIUNA;Aus�ncia de rea��o do condutor;Colis�o lateral sentido oposto;Com V�timas Feridas;Pleno dia;Crescente;Nublado;Simples;Curva;N�o;5;0;2;0;3;0;2;3;-27,06106532;-49,41230893;SPRF-SC;DEL04-SC;UOP02-DEL04-SC;;;
700879;20/06/2025;sexta-feira;06:00:00;SP;381;89;GUARULHOS;Aus�ncia de rea��o do condutor;Colis�o lateral mesmo sentido;Com V�timas Feridas;Pleno dia;Decrescente;C�u Claro;Simples;Reta;Sim;2;0;1;0;0;1;1;2;-23,48856;-46,559133;SPRF-SP;DEL03-SP;UOP01-DEL03-SP;;;
700880;27/06/2025;sexta-feira;15:00:00;MG;40;754;EWBANK DA CAMARA;Velocidade Incompat�vel;Tombamento;Com V�timas Feridas;Pleno dia;Crescente;C�u Claro;Simples;Reta;N�o;2;0;2;0;0;0;2;1;-21,51849;-43,5228609;SPRF-MG;DEL05-MG;UOP01-DEL05-MG;;;
700881;27/06/2025;sexta-feira;14:36:00;RO;364;709;PORTO VELHO;Rea��o tardia ou ineficiente do condutor;Colis�o traseira;Com V�timas Feridas;Pleno dia;Crescente;C�u Claro;Dupla;Interse��o de Vias;Sim;2;0;1;0;1;0;1;2;-8,8080384;-63,7599744;SPRF-RO;DEL01-RO;UOP01-DEL01-RO;;;
700882;27/06/2025;sexta-feira;15:45:00;PE;232;133,4;CARUARU;Rea��o tardia ou ineficiente do condutor;Engavetamento;Sem V�timas;Pleno dia;Decrescente;Chuva;Dupla;Reta;N�o;8;0;0;0;7;1;0;5;-8,30901;-36,02551;SPRF-PE;DEL02-PE;UOP03-DEL02-PE;;;
700883;27/06/2025;sexta-feira;15:30:00;RN;101;125;SAO JOSE DE MIPIBU;Acessar a via sem observar a presen�a dos outros ve�culos;Colis�o lateral mesmo sentido;Com V�timas Feridas;Pleno dia;Crescente;Sol;Dupla;Reta;Sim;3;0;0;1;2;0;1;2;-6,07918107;-35,23422539;SPRF-RN;DEL01-RN;UOP01-DEL01-RN;;;
700884;27/06/2025;sexta-feira;15:45:00;RS;116;251,2;SAPUCAIA DO SUL;Rea��o tardia ou ineficiente do condutor;Colis�o com objeto;Sem V�timas;Pleno dia;Decrescente;C�u Claro;M�ltipla;Reta;Sim;1;0;0;0;1;0;0;1;-29,80197517;-51,1655709;SPRF-RS;DEL01-RS;UOP02-DEL01-RS;;;
700885;27/06/2025;sexta-feira;14:15:00;MS;0;0;PARANAIBA;Demais falhas mec�nicas ou el�tricas;Inc�ndio;Sem V�timas;Pleno dia;N�o Informado;C�u Claro;Simples;Reta;Sim;1;0;0;0;1;0;0;1;-19,677043;-51,183087;SPRF-MS;DEL08-MS;UOP01-DEL08-MS;;;
700886;19/06/2025;quinta-feira;11:15:00;RJ;116;148;DUQUE DE CAXIAS;Manobra de mudan�a de faixa;Colis�o lateral mesmo sentido;Com V�timas Feridas;Pleno dia;Crescente;C�u Claro;M�ltipla;Curva;Sim;2;0;1;0;1;0;1;2;-22,67195463;-43,28201845;SPRF-RJ;DEL01-RJ;UOP02-DEL01-RJ;;;
700887;27/06/2025;sexta-feira;13:05:00;RN;405;3;MOSSORO;Convers�o proibida;Colis�o transversal;Com V�timas Feridas;Pleno dia;Crescente;C�u Claro;Simples;Reta;Sim;2;0;1;0;1;0;1;2;-5,19390153;-37,38049418;SPRF-RN;DEL04-RN;UOP02-DEL04-RN;;;
700888;27/06/2025;sexta-feira;15:35:00;PR;277;714;SANTA TEREZINHA DE ITAIPU;Aus�ncia de rea��o do condutor;Colis�o traseira;Com V�timas Feridas;Pleno dia;Crescente;Nublado;Dupla;Reta;N�o;5;0;1;0;4;0;1;2;-25,46338576;-54,44502354;SPRF-PR;DEL05-PR;UOP01-DEL05-PR;;;
700890;27/06/2025;sexta-feira;16:47:00;PE;101;67;RECIFE;Condutor deixou de manter dist�ncia do ve�culo da frente;Tombamento;Com V�timas Feridas;Pleno dia;Decrescente;Chuva;Dupla;Reta;Sim;1;0;1;0;0;0;1;1;-8,05735404;-34,94660783;SPRF-PE;DEL01-PE;UOP01-DEL01-PE;;;
700891;30/05/2025;sexta-feira;12:10:00;ES;101;145,2;LINHARES;Aus�ncia de rea��o do condutor;Colis�o traseira;Com V�timas Feridas;Pleno dia;Crescente;C�u Claro;Dupla;Reta;N�o;2;0;1;0;0;1;1;2;-19,36208944;-40,06487435;SPRF-ES;DEL04-ES;UOP01-DEL04-ES;;;
700892;27/06/2025;sexta-feira;16:35:00;SC;280;130,4;RIO NEGRINHO;Acessar a via sem observar a presen�a dos outros ve�culos;Colis�o lateral mesmo sentido;Com V�timas Feridas;Anoitecer;Decrescente;Garoa/Chuvisco;Simples;"Declive;Interse��o de Vias";N�o;2;0;1;0;1;0;1;2;-26,254;-49,534;SPRF-SC;DEL06-SC;UOP03-DEL06-SC;;;
700893;23/06/2025;segunda-feira;17:30:00;DF;20;13;BRASILIA;Manobra de mudan�a de faixa;Colis�o lateral mesmo sentido;Com V�timas Feridas;Anoitecer;Crescente;C�u Claro;Dupla;"Reta;Em Obras";N�o;2;0;0;1;1;0;1;2;-15,638483;-47,748462;SPRF-DF;DEL02-DF;UOP01-DEL02-DF;;;
700897;27/06/2025;sexta-feira;14:40:00;RJ;116;187;NOVA IGUACU;Velocidade Incompat�vel;Colis�o traseira;Com V�timas Feridas;Pleno dia;Decrescente;C�u Claro;M�ltipla;Reta;Sim;2;0;1;0;1;0;1;2;-22,73845376;-43,47940056;SPRF-RJ;DEL06-RJ;UOP01-DEL06-RJ;;;
700898;27/06/2025;sexta-feira;17:15:00;SP;381;90;GUARULHOS;Manobra de mudan�a de faixa;Colis�o lateral mesmo sentido;Com V�timas Feridas;Anoitecer;Decrescente;C�u Claro;Dupla;Reta;Sim;2;0;1;0;0;1;1;2;-23,498372;-46,559364;SPRF-SP;DEL03-SP;UOP01-DEL03-SP;;;
700900;27/06/2025;sexta-feira;17:20:00;CE;304;51,9;ARACATI;Demais Fen�menos da natureza;Colis�o transversal;Com V�timas Feridas;Pleno dia;Crescente;C�u Claro;Simples;Reta;N�o;2;0;2;0;0;0;2;2;-4,5760238;-37,7316687;SPRF-CE;DEL03-CE;UOP02-DEL03-CE;;;
700901;27/06/2025;sexta-feira;17:00:00;PB;230;500,9;CAJAZEIRAS;Transitar na contram�o;Colis�o frontal;Com V�timas Feridas;Pleno dia;Decrescente;C�u Claro;Simples;Curva;Sim;2;0;0;2;0;0;2;2;-6,896236;-38,533671;SPRF-PB;DEL03-PB;UOP03-DEL03-PB;;;
700902;03/06/2025;ter�a-feira;15:50:00;SC;101;202,9;SAO JOSE;Avarias e/ou desgaste excessivo no pneu;Tombamento;Com V�timas Feridas;Pleno dia;Crescente;C�u Claro;M�ltipla;Reta;Sim;2;0;2;0;0;0;2;1;-27,564;-48,615;SPRF-SC;DEL01-SC;UOP01-DEL01-SC;;;
700903;11/06/2025;quarta-feira;06:56:00;MT;163;750;SORRISO;Rea��o tardia ou ineficiente do condutor;Colis�o traseira;Com V�timas Feridas;Pleno dia;Crescente;C�u Claro;Simples;Retorno Regulamentado;Sim;2;0;1;1;0;0;2;2;-12,573367;-55,727933;SPRF-MT;DEL06-MT;UOP01-DEL06-MT;;;
700904;27/06/2025;sexta-feira;17:20:00;GO;40;5,5;VALPARAISO DE GOIAS;Rea��o tardia ou ineficiente do condutor;Sa�da de leito carro��vel;Com V�timas Feridas;Pleno dia;Crescente;C�u Claro;Dupla;Reta;Sim;2;0;1;0;1;0;1;1;-16,100595;-47,977407;SPRF-DF;DEL01-DF;UOP01-DEL01-DF;;;
700906;27/06/2025;sexta-feira;15:30:00;MT;174;9;PONTES E LACERDA;Ingest�o de �lcool pelo condutor;Capotamento;Com V�timas Feridas;Pleno dia;Decrescente;C�u Claro;Simples;Reta;N�o;1;0;1;0;0;0;1;1;-15,20250244;-59,37698364;SPRF-MT;DEL04-MT;UOP01-DEL04-MT;;;
700907;27/06/2025;sexta-feira;17:15:00;RS;116;150,2;CAXIAS DO SUL;Condutor deixou de manter dist�ncia do ve�culo da frente;Colis�o traseira;Com V�timas Feridas;Anoitecer;Decrescente;C�u Claro;Dupla;Reta;Sim;5;0;2;0;3;0;2;3;-29,17104585;-51,15987388;SPRF-RS;DEL05-RS;UOP01-DEL05-RS;;;
700908;27/06/2025;sexta-feira;17:48:00;DF;20;8;BRASILIA;Manobra de mudan�a de faixa;Colis�o lateral mesmo sentido;Com V�timas Feridas;Anoitecer;Crescente;Ignorado;Dupla;"Reta;Aclive";Sim;3;0;0;1;2;0;1;2;-15,657793;-47,790276;SPRF-DF;DEL02-DF;UOP01-DEL02-DF;;;
700912;27/06/2025;sexta-feira;14:47:00;PR;116;14,7;CAMPINA GRANDE DO SUL;Avarias e/ou desgaste excessivo no pneu;Colis�o com objeto;Sem V�timas;Pleno dia;Decrescente;Chuva;Dupla;Curva;N�o;2;0;0;0;2;0;0;1;-25,09884;-48,679238;SPRF-PR;DEL01-PR;UOP02-DEL01-PR;;;
700914;27/06/2025;sexta-feira;17:00:00;RS;101;2;TORRES;Ingest�o de �lcool pelo condutor;Queda de ocupante de ve�culo;Com V�timas Feridas;Pleno dia;Crescente;C�u Claro;Dupla;Reta;Sim;1;0;1;0;0;0;1;1;-29,317782;-49,774908;SPRF-RS;DEL03-RS;UOP02-DEL03-RS;;;
700916;27/06/2025;sexta-feira;17:15:00;PI;343;343,3;TERESINA;Rea��o tardia ou ineficiente do condutor;Colis�o lateral mesmo sentido;Com V�timas Feridas;Pleno dia;Crescente;C�u Claro;Simples;Rotat�ria;Sim;2;0;1;0;1;0;1;2;-5,089923;-42,760753;SPRF-PI;DEL01-PI;UOP01-DEL01-PI;;;
700917;27/06/2025;sexta-feira;18:24:00;SP;116;226;GUARULHOS;Aus�ncia de rea��o do condutor;Colis�o lateral mesmo sentido;Com V�timas Feridas;Plena Noite;Decrescente;C�u Claro;M�ltipla;Em Obras;N�o;2;0;1;0;1;0;1;2;-23,49406701;-46,55348642;SPRF-SP;DEL01-SP;UOP01-DEL01-SP;;;
700918;27/06/2025;sexta-feira;16:00:00;MG;153;147,5;COMENDADOR GOMES;Aus�ncia de rea��o do condutor;Colis�o traseira;Com V�timas Feridas;Pleno dia;Decrescente;C�u Claro;Simples;Reta;N�o;2;0;1;0;1;0;1;2;-19,627722;-48,848014;SPRF-MG;DEL13-MG;UOP02-DEL13-MG;;;
700920;27/06/2025;sexta-feira;18:10:00;RN;101;98,7;NATAL;Condutor deixou de manter dist�ncia do ve�culo da frente;Colis�o traseira;Com V�timas Feridas;Plena Noite;Crescente;C�u Claro;M�ltipla;"Reta;Interse��o de Vias";Sim;3;0;1;1;0;1;2;2;-5,872599;-35,22016;SPRF-RN;DEL01-RN;UOP01-DEL01-RN;;;
700921;27/06/2025;sexta-feira;18:00:00;GO;153;495;GOIANIA;Manobra de mudan�a de faixa;Colis�o traseira;Com V�timas Feridas;Plena Noite;Crescente;C�u Claro;Dupla;Reta;Sim;3;0;1;1;1;0;2;2;-16,65772112;-49,21935651;SPRF-GO;DEL01-GO;UOP01-DEL01-GO;;;
700922;27/06/2025;sexta-feira;18:00:00;RS;116;528;PELOTAS;Acessar a via sem observar a presen�a dos outros ve�culos;Colis�o transversal;Com V�timas Feridas;Plena Noite;Crescente;C�u Claro;Simples;Retorno Regulamentado;Sim;3;0;2;0;1;0;2;2;-31,74853752;-52,41224369;SPRF-RS;DEL07-RS;UOP01-DEL07-RS;;;
700923;27/06/2025;sexta-feira;17:50:00;GO;153;417;ANAPOLIS;Demais falhas mec�nicas ou el�tricas;Inc�ndio;Sem V�timas;Anoitecer;Crescente;C�u Claro;Dupla;"Declive;Reta";N�o;3;0;0;0;3;0;0;1;-16,178247;-49,042777;SPRF-GO;DEL02-GO;UOP01-DEL02-GO;;;
700924;27/06/2025;sexta-feira;18:30:00;MG;381;486;BETIM;Manobra de mudan�a de faixa;Colis�o lateral mesmo sentido;Com V�timas Feridas;Plena Noite;Crescente;C�u Claro;M�ltipla;"Declive;Reta";Sim;2;0;1;0;1;0;1;2;-19,95607247;-44,10761744;SPRF-MG;DEL01-MG;UOP03-DEL01-MG;;;
700925;27/06/2025;sexta-feira;18:30:00;MG;40;532;BELO HORIZONTE;Acessar a via sem observar a presen�a dos outros ve�culos;Colis�o frontal;Com V�timas Feridas;Plena Noite;Decrescente;C�u Claro;Dupla;"Declive;Reta";Sim;2;0;1;0;1;0;1;2;-19,924466;-44,014352;SPRF-MG;DEL01-MG;UOP02-DEL01-MG;;;
700926;27/06/2025;sexta-feira;18:30:00;SC;101;98;BALNEARIO PICARRAS;Transitar no Acostamento;Queda de ocupante de ve�culo;Com V�timas Feridas;Plena Noite;Decrescente;Nublado;Dupla;Reta;N�o;3;0;1;1;0;1;2;2;-26,74453;-48,697372;SPRF-SC;DEL03-SC;UOP02-DEL03-SC;;;
700927;27/06/2025;sexta-feira;18:00:00;SC;282;0,6;FLORIANOPOLIS;Rea��o tardia ou ineficiente do condutor;Colis�o traseira;Com V�timas Feridas;Plena Noite;Crescente;Nublado;Dupla;"Curva;Declive";N�o;3;0;1;0;1;1;1;3;-27,59862039;-48,57410638;SPRF-SC;DEL01-SC;UOP01-DEL01-SC;;;
700928;27/06/2025;sexta-feira;18:45:00;SC;101;214,7;PALHOCA;Condutor deixou de manter dist�ncia do ve�culo da frente;Engavetamento;Sem V�timas;Plena Noite;Crescente;Nublado;M�ltipla;Reta;N�o;3;0;0;0;3;0;0;3;-27,649727;-48,674428;SPRF-SC;DEL01-SC;UOP02-DEL01-SC;;;
700929;27/06/2025;sexta-feira;16:35:00;GO;153;43;PORANGATU;Demais falhas mec�nicas ou el�tricas;Inc�ndio;Sem V�timas;Pleno dia;Crescente;C�u Claro;Simples;"Reta;Declive";N�o;1;0;0;0;1;0;0;1;-13,20079953;-49,1577673;SPRF-GO;DEL07-GO;UOP01-DEL07-GO;;;
700930;27/06/2025;sexta-feira;18:30:00;RN;226;164,3;CURRAIS NOVOS;Transitar no Acostamento;Atropelamento de Pedestre;Com V�timas Feridas;Plena Noite;Decrescente;C�u Claro;Simples;Reta;N�o;2;0;0;2;0;0;2;2;-6,24158561;-36,46259308;SPRF-RN;DEL03-RN;UOP02-DEL03-RN;;;
700931;27/06/2025;sexta-feira;10:00:00;RO;364;912;PORTO VELHO;Condutor Dormindo;Sa�da de leito carro��vel;Com V�timas Feridas;Pleno dia;Crescente;C�u Claro;Simples;Reta;N�o;1;0;1;0;0;0;1;1;-9,73086235;-65,24571419;SPRF-RO;DEL01-RO;UOP03-DEL01-RO;;;
700932;27/06/2025;sexta-feira;18:50:00;PR;277;693;SAO MIGUEL DO IGUACU;Rea��o tardia ou ineficiente do condutor;Sa�da de leito carro��vel;Com V�timas Feridas;Plena Noite;Crescente;Garoa/Chuvisco;Dupla;Reta;N�o;2;0;1;0;1;0;1;2;-25,38435561;-54,29134369;SPRF-PR;DEL05-PR;UOP01-DEL05-PR;;;
700934;27/06/2025;sexta-feira;14:20:00;PE;101;115;IPOJUCA;Acessar a via sem observar a presen�a dos outros ve�culos;Colis�o transversal;Com V�timas Feridas;Pleno dia;Decrescente;Nublado;Dupla;"Reta;Interse��o de Vias;Retorno Regulamentado";N�o;3;0;1;2;0;0;3;2;-8,339775;-35,14293;SPRF-PE;DEL01-PE;UOP03-DEL01-PE;;;
700935;27/06/2025;sexta-feira;18:00:00;PE;101;115;IPOJUCA;Aus�ncia de rea��o do condutor;Queda de ocupante de ve�culo;Com V�timas Feridas;Plena Noite;Decrescente;Chuva;Dupla;Reta;N�o;1;0;1;0;0;0;1;1;-8,34282;-35,14502;SPRF-PE;DEL01-PE;UOP03-DEL01-PE;;;
700936;27/06/2025;sexta-feira;18:10:00;RS;290;724;URUGUAIANA;Entrada inopinada do pedestre;Atropelamento de Pedestre;Com V�timas Feridas;Anoitecer;Crescente;C�u Claro;Simples;"Curva;Interse��o de Vias;Rotat�ria";Sim;2;0;0;1;1;0;1;2;-29,74788601;-57,07934886;SPRF-RS;DEL13-RS;UOP01-DEL13-RS;;;
700938;27/06/2025;sexta-feira;19:40:00;PB;230;242;JUAZEIRINHO;Transitar na contram�o;Colis�o frontal;Com V�timas Feridas;Plena Noite;Decrescente;C�u Claro;Simples;Reta;Sim;2;0;1;0;0;1;1;2;-7,0692;-36,58478;SPRF-PB;DEL02-PB;UOP02-DEL02-PB;;;
700940;27/06/2025;sexta-feira;18:40:00;RJ;101;509;ANGRA DOS REIS;�rea urbana sem a presen�a de local apropriado para a travessia de pedestres;Atropelamento de Pedestre;Com V�timas Feridas;Plena Noite;Crescente;C�u Claro;Dupla;Reta;Sim;2;0;1;0;1;0;1;2;-22,9441057;-44,42780368;SPRF-RJ;DEL03-RJ;UOP03-DEL03-RJ;;;
700941;27/06/2025;sexta-feira;19:00:00;AP;156;798;OIAPOQUE;Pista esburacada;Queda de ocupante de ve�culo;Com V�timas Feridas;Plena Noite;Crescente;C�u Claro;Simples;Reta;Sim;1;0;0;1;0;0;1;1;3,835377;-51,808982;SPRF-AP;DEL01-AP;UOP03-DEL01-AP;;;
700942;27/06/2025;sexta-feira;18:45:00;MG;50;192;DELTA;Condutor deixou de manter dist�ncia do ve�culo da frente;Engavetamento;Com V�timas Feridas;Plena Noite;Crescente;C�u Claro;Dupla;"Reta;Declive";N�o;4;0;2;0;2;0;2;2;-19,8746486;-47,8573375;SPRF-MG;DEL13-MG;UOP01-DEL13-MG;;;
700943;27/06/2025;sexta-feira;14:50:00;RJ;465;20;NOVA IGUACU;Ultrapassagem Indevida;Colis�o lateral mesmo sentido;Com V�timas Feridas;Pleno dia;Crescente;C�u Claro;Simples;Reta;Sim;2;0;1;0;1;0;1;2;-22,85592924;-43,60164642;SPRF-RJ;DEL06-RJ;UOP02-DEL06-RJ;;;
700944;27/06/2025;sexta-feira;19:45:00;SC;101;214,7;PALHOCA;Trafegar com motocicleta (ou similar) entre as faixas;Colis�o traseira;Sem V�timas;Plena Noite;Crescente;C�u Claro;M�ltipla;Reta;Sim;2;0;0;0;1;1;0;2;-27,64946;-48,67466;SPRF-SC;DEL01-SC;UOP02-DEL01-SC;;;
700946;27/06/2025;sexta-feira;14:20:00;AP;210;83;MACAPA;Transitar na contram�o;Colis�o frontal;Com V�timas Feridas;Pleno dia;Crescente;C�u Claro;Simples;Curva;N�o;6;0;6;0;0;0;6;2;0,10747398;-51,12624112;SPRF-AP;DEL01-AP;UOP01-DEL01-AP;;;
700947;27/06/2025;sexta-feira;19:05:00;AP;210;12;MACAPA;Transitar na contram�o;Colis�o lateral sentido oposto;Com V�timas Feridas;Plena Noite;Crescente;C�u Claro;Dupla;"Curva;Aclive";Sim;2;0;0;1;1;0;1;2;0,122184;-51,131745;SPRF-AP;DEL01-AP;UOP01-DEL01-AP;;;
700948;27/06/2025;sexta-feira;11:20:00;RO;364;339;JI-PARANA;Rea��o tardia ou ineficiente do condutor;Colis�o traseira;Sem V�timas;Pleno dia;Crescente;C�u Claro;Dupla;Reta;Sim;2;0;0;0;2;0;0;2;-10,903593;-61,930318;SPRF-RO;DEL02-RO;UOP01-DEL02-RO;;;
700949;11/03/2025;ter�a-feira;19:11:00;GO;70;6;AGUAS LINDAS DE GOIAS;Pedestre cruzava a pista fora da faixa;Atropelamento de Pedestre;Com V�timas Feridas;Plena Noite;Decrescente;C�u Claro;Dupla;Reta;Sim;3;0;1;0;1;1;1;2;-15,7512993;-48,26079017;SPRF-DF;DEL03-DF;UOP02-DEL03-DF;;;
700951;27/06/2025;sexta-feira;19:40:00;PR;376;167;MARINGA;Condutor deixou de manter dist�ncia do ve�culo da frente;Colis�o traseira;Com V�timas Feridas;Plena Noite;Crescente;C�u Claro;Dupla;Reta;N�o;3;0;1;0;2;0;1;3;-23,39601468;-52,00597135;SPRF-PR;DEL09-PR;UOP01-DEL09-PR;;;
700952;27/06/2025;sexta-feira;19:50:00;ES;101;212,8;IBIRACU;Transitar na contram�o;Colis�o frontal;Com V�timas Feridas;Plena Noite;Decrescente;C�u Claro;Simples;Reta;Sim;2;0;0;1;1;0;1;2;-19,8223709;-40,369911;SPRF-ES;DEL02-ES;UOP01-DEL02-ES;;;
700953;27/06/2025;sexta-feira;18:50:00;RS;392;323;SAO SEPE;Transitar na contram�o;Colis�o lateral sentido oposto;Com V�timas Feridas;Plena Noite;Crescente;Nublado;Simples;Reta;N�o;2;0;1;0;1;0;1;2;-29,955129;-53,698693;SPRF-RS;DEL09-RS;UOP01-DEL09-RS;;;
700954;27/06/2025;sexta-feira;19:30:00;BA;101;262;SANTO ANTONIO DE JESUS;Frear bruscamente;Tombamento;Com V�timas Feridas;Plena Noite;Crescente;C�u Claro;M�ltipla;Reta;Sim;3;0;1;0;2;0;1;2;-12,974812;-39,275767;SPRF-BA;DEL01-BA;UOP02-DEL01-BA;;;
700955;27/06/2025;sexta-feira;18:10:00;PB;230;500,8;CAJAZEIRAS;Transitar na contram�o;Colis�o transversal;Com V�timas Feridas;Anoitecer;Crescente;C�u Claro;Simples;Curva;Sim;2;0;1;0;1;0;1;2;-6,896536;-38,532646;SPRF-PB;DEL03-PB;UOP03-DEL03-PB;;;
700957;27/06/2025;sexta-feira;19:00:00;RS;386;247,7;SOLEDADE;Acessar a via sem observar a presen�a dos outros ve�culos;Colis�o transversal;Com V�timas Feridas;Plena Noite;Crescente;Nublado;Simples;"Reta;Em Obras";Sim;4;0;1;0;3;0;1;2;-28,8160509;-52,48785703;SPRF-RS;DEL04-RS;UOP03-DEL04-RS;;;
700958;27/06/2025;sexta-feira;17:40:00;SC;470;65;INDAIAL;Trafegar com motocicleta (ou similar) entre as faixas;Colis�o lateral sentido oposto;Com V�timas Feridas;Anoitecer;Crescente;Nublado;Simples;"Reta;Em Obras";Sim;3;0;3;0;0;0;3;2;-26,86962823;-49,20313342;SPRF-SC;DEL04-SC;UOP01-DEL04-SC;;;
700960;07/02/2025;sexta-feira;19:52:00;GO;70;6,6;AGUAS LINDAS DE GOIAS;Pedestre cruzava a pista fora da faixa;Atropelamento de Pedestre;Com V�timas Feridas;Plena Noite;Crescente;C�u Claro;Dupla;Reta;Sim;2;0;0;1;1;0;1;2;-15,75049381;-48,2612381;SPRF-DF;DEL03-DF;UOP02-DEL03-DF;;;
700961;27/06/2025;sexta-feira;19:30:00;CE;222;313,1;TIANGUA;Manobra de mudan�a de faixa;Colis�o lateral mesmo sentido;Com V�timas Feridas;Plena Noite;Crescente;C�u Claro;Simples;"Reta;Interse��o de Vias;Viaduto";Sim;2;0;1;0;1;0;1;2;-3,732915;-41,002266;SPRF-CE;DEL04-CE;UOP02-DEL04-CE;;;
700963;27/06/2025;sexta-feira;19:40:00;ES;101;353,5;ANCHIETA;Entrada inopinada do pedestre;Atropelamento de Pedestre;Com V�timas Fatais;Plena Noite;Decrescente;C�u Claro;Dupla;Reta;N�o;6;1;0;0;5;0;0;2;-20,681867;-40,667871;SPRF-ES;DEL03-ES;UOP01-DEL03-ES;;;
700965;27/06/2025;sexta-feira;19:30:00;PI;316;30;DEMERVAL LOBAO;Animais na Pista;Atropelamento de Animal;Com V�timas Feridas;Plena Noite;Decrescente;C�u Claro;Dupla;Reta;N�o;2;0;2;0;0;0;2;1;-5,33318465;-42,69754708;SPRF-PI;DEL01-PI;UOP02-DEL01-PI;;;
700966;27/06/2025;sexta-feira;20:00:00;SC;470;67;INDAIAL;Entrada inopinada do pedestre;Atropelamento de Pedestre;Com V�timas Feridas;Plena Noite;Crescente;Ignorado;Simples;"Reta;Em Obras";Sim;3;0;0;2;1;0;2;2;-26,87213351;-49,23065901;SPRF-SC;DEL04-SC;UOP01-DEL04-SC;;;
700967;27/06/2025;sexta-feira;21:00:00;SE;235;52,5;ITABAIANA;Pedestre - Ingest�o de �lcool/ subst�ncias psicoativas;Atropelamento de Pedestre;Com V�timas Feridas;Plena Noite;Decrescente;Nublado;Simples;Reta;Sim;2;0;1;0;0;1;1;2;-10,68922315;-37,43909392;SPRF-SE;DEL01-SE;UOP02-DEL01-SE;;;
700969;27/06/2025;sexta-feira;19:00:00;PA;163;991;SANTAREM;Transitar na contram�o;Colis�o frontal;Com V�timas Feridas;Plena Noite;Decrescente;C�u Claro;Simples;Reta;N�o;3;0;2;0;0;1;2;2;-2,5457069;-54,7228005;SPRF-PA;DEL05-PA;UOP01-DEL05-PA;;;
700970;27/06/2025;sexta-feira;19:55:00;MA;222;669;ITINGA DO MARANHAO;Rea��o tardia ou ineficiente do condutor;Colis�o traseira;Com V�timas Feridas;Plena Noite;Decrescente;C�u Claro;Simples;Aclive;N�o;2;0;0;1;1;0;1;2;-4;-47;SPRF-MA;DEL04-MA;UOP03-DEL04-MA;;;