id;data_inversa;dia_semana;horario;uf;br;km;municipio;causa_acidente;tipo_acidente;classificacao_acidente;fase_dia;sentido_via;condicao_metereologica;tipo_pista;tracado_via;uso_solo;pessoas;mortos;feridos_leves;feridos_graves;ilesos;ignorados;feridos;veiculos;latitude;longitude;regional;delegacia;uop;;;
700972;27/06/2025;sexta-feira;21:00:00;RN;405;147;PAU DOS FERROS;Aus�ncia de rea��o do condutor;Sa�da de leito carro��vel;Com V�timas Fatais;Plena Noite;Crescente;C�u Claro;Simples;Curva;N�o;1;1;0;0;0;0;0;1;-6,08247576;-38,20882233;SPRF-RN;DEL04-RN;UOP02-DEL04-RN;;;
700973;27/06/2025;sexta-feira;21:30:00;RJ;101;293;ITABORAI;Manobra de mudan�a de faixa;Colis�o lateral mesmo sentido;Com V�timas Feridas;Plena Noite;Decrescente;C�u Claro;Dupla;Reta;Sim;2;0;1;0;1;0;1;2;-22,76999433;-42,91972014;SPRF-RJ;DEL02-RJ;UOP02-DEL02-RJ;;;
700975;27/06/2025;sexta-feira;19:35:00;RJ;101;263;RIO BONITO;Rea��o tardia ou ineficiente do condutor;Colis�o traseira;Com V�timas Feridas;Plena Noite;Decrescente;C�u Claro;Dupla;Curva;Sim;2;0;1;0;1;0;1;2;-22,716527;-42,62205;SPRF-RJ;DEL02-RJ;UOP03-DEL02-RJ;;;
700977;27/06/2025;sexta-feira;18:15:00;RJ;40;15;TRES RIOS;Demais falhas mec�nicas ou el�tricas;Inc�ndio;Sem V�timas;Plena Noite;Decrescente;C�u Claro;Simples;"Aclive;Curva";N�o;2;0;0;0;2;0;0;1;-22,07329005;-43,1849324;SPRF-RJ;DEL05-RJ;UOP02-DEL05-RJ;;;
700978;12/06/2025;quinta-feira;04:45:00;RJ;116;140;DUQUE DE CAXIAS;Animais na Pista;Tombamento;Com V�timas Feridas;Amanhecer;Crescente;Chuva;Dupla;Reta;Sim;1;0;1;0;0;0;1;1;-22,64670987;-43,21620226;SPRF-RJ;DEL01-RJ;UOP02-DEL01-RJ;;;
700979;27/06/2025;sexta-feira;21:00:00;SC;101;2,2;ARARANGUA;Aus�ncia de rea��o do condutor;Colis�o lateral mesmo sentido;Com V�timas Feridas;Plena Noite;Decrescente;Nublado;Simples;Rotat�ria;Sim;2;0;1;0;1;0;1;2;-28,93957547;-49,49710965;SPRF-SC;DEL02-SC;UOP02-DEL02-SC;;;
700980;27/06/2025;sexta-feira;22:10:00;GO;452;0;RIO VERDE;Rea��o tardia ou ineficiente do condutor;Colis�o com objeto;Sem V�timas;Plena Noite;Decrescente;C�u Claro;Dupla;Reta;Sim;1;0;0;0;1;0;0;1;-17,787416;-50,900173;SPRF-GO;DEL04-GO;UOP01-DEL04-GO;;;
700983;27/06/2025;sexta-feira;21:20:00;MS;60;414;SIDROLANDIA;Acessar a via sem observar a presen�a dos outros ve�culos;Colis�o transversal;Com V�timas Feridas;Plena Noite;Crescente;C�u Claro;Simples;Reta;N�o;6;0;1;0;5;0;1;2;-20,89554922;-54,8668024;SPRF-MS;DEL01-MS;UOP04-DEL01-MS;;;
700984;27/06/2025;sexta-feira;22:00:00;PE;101;72;RECIFE;Aus�ncia de rea��o do condutor;Atropelamento de Pedestre;Com V�timas Feridas;Plena Noite;Decrescente;C�u Claro;Dupla;Reta;N�o;2;0;0;2;0;0;2;2;-8,08622;-34,94605;SPRF-PE;DEL01-PE;UOP01-DEL01-PE;;;
700985;27/06/2025;sexta-feira;21:55:00;RS;101;45;TERRA DE AREIA;Aus�ncia de rea��o do condutor;Colis�o com objeto;Com V�timas Feridas;Plena Noite;Crescente;C�u Claro;Dupla;Reta;Sim;1;0;1;0;0;0;1;1;-29,583541;-50,068148;SPRF-RS;DEL03-RS;UOP02-DEL03-RS;;;
700986;27/06/2025;sexta-feira;22:00:00;SC;101;163;TIJUCAS;Aus�ncia de rea��o do condutor;Capotamento;Sem V�timas;Plena Noite;Crescente;C�u Claro;Dupla;Declive;Sim;1;0;0;0;1;0;0;1;-27,23417882;-48,6302948;SPRF-SC;DEL04-SC;UOP03-DEL04-SC;;;
700987;27/06/2025;sexta-feira;22:00:00;CE;116;9;FORTALEZA;Manobra de mudan�a de faixa;Colis�o lateral mesmo sentido;Com V�timas Feridas;Plena Noite;Crescente;C�u Claro;Dupla;Reta;Sim;5;0;0;1;3;1;1;4;-3,83493517;-38,50330742;SPRF-CE;DEL01-CE;UOP02-DEL01-CE;;;
700988;27/06/2025;sexta-feira;18:24:00;MG;365;402;PATOS DE MINAS;Ultrapassagem Indevida;Colis�o lateral sentido oposto;Com V�timas Feridas;Anoitecer;Decrescente;C�u Claro;Simples;"Reta;Aclive";N�o;5;0;2;0;3;0;2;2;-18,63373;-46,44207;SPRF-MG;DEL10-MG;UOP01-DEL10-MG;;;
700989;27/06/2025;sexta-feira;21:30:00;RJ;101;413;ITAGUAI;Velocidade Incompat�vel;Colis�o traseira;Com V�timas Feridas;Plena Noite;Crescente;C�u Claro;Dupla;Reta;Sim;2;0;0;1;0;1;1;2;-22,90397;-43,877324;SPRF-RJ;DEL03-RJ;UOP01-DEL03-RJ;;;
700990;27/06/2025;sexta-feira;20:30:00;MS;419;326;NIOAQUE;Rea��o tardia ou ineficiente do condutor;Sa�da de leito carro��vel;Com V�timas Feridas;Plena Noite;Crescente;C�u Claro;Simples;Reta;N�o;5;0;4;1;0;0;5;2;-21,075805;-55,801628;SPRF-MS;DEL03-MS;UOP01-DEL03-MS;;;
700991;27/06/2025;sexta-feira;22:40:00;PR;116;102;SAO JOSE DOS PINHAIS;Manobra de mudan�a de faixa;Colis�o lateral mesmo sentido;Com V�timas Feridas;Plena Noite;Crescente;Nublado;Dupla;"Retorno Regulamentado;Interse��o de Vias;Viaduto;Reta";N�o;2;0;0;1;1;0;1;2;-25,56906892;-49,18266892;SPRF-PR;DEL01-PR;UOP07-DEL01-PR;;;
700992;27/06/2025;sexta-feira;19:14:00;RN;226;132,6;CAMPO REDONDO;Animais na Pista;Atropelamento de Animal;Com V�timas Feridas;Plena Noite;Crescente;C�u Claro;Simples;"Aclive;Curva";N�o;1;0;1;0;0;0;1;1;-6,219107;-36,164155;SPRF-RN;DEL03-RN;UOP02-DEL03-RN;;;
700993;27/06/2025;sexta-feira;22:10:00;RJ;101;482;ANGRA DOS REIS;Convers�o proibida;Colis�o transversal;Com V�timas Feridas;Plena Noite;Crescente;C�u Claro;Simples;Curva;Sim;2;0;0;1;1;0;1;2;-23,00093002;-44,2980716;SPRF-RJ;DEL03-RJ;UOP03-DEL03-RJ;;;
700994;27/06/2025;sexta-feira;19:18:00;AC;317;340;BRASILEIA;Transitar na contram�o;Colis�o lateral sentido oposto;Com V�timas Feridas;Plena Noite;Decrescente;C�u Claro;Simples;Reta;N�o;4;0;1;0;3;0;1;2;-10,890292;-69,041099;SPRF-AC;DEL01-AC;UOP02-DEL01-AC;;;
700996;27/06/2025;sexta-feira;21:00:00;SC;280;268,4;IRINEOPOLIS;Transitar na contram�o;Colis�o frontal;Com V�timas Feridas;Plena Noite;Crescente;Nublado;Simples;Reta;Sim;4;0;0;1;3;0;1;2;-26,2638;-50,7143;SPRF-SC;DEL06-SC;UOP04-DEL06-SC;;;
700997;27/06/2025;sexta-feira;23:20:00;SE;101;91,8;NOSSA SENHORA DO SOCORRO;Ingest�o de �lcool pelo condutor;Colis�o com objeto;Sem V�timas;Plena Noite;Decrescente;Garoa/Chuvisco;M�ltipla;Reta;N�o;1;0;0;0;0;1;0;1;-10,90252442;-37,13354079;SPRF-SE;DEL01-SE;UOP01-DEL01-SE;;;
700999;27/06/2025;sexta-feira;21:50:00;MA;10;246;IMPERATRIZ;Acessar a via sem observar a presen�a dos outros ve�culos;Colis�o lateral mesmo sentido;Sem V�timas;Plena Noite;Decrescente;C�u Claro;Simples;Reta;Sim;2;0;0;0;2;0;0;2;-5,577463;-47,441402;SPRF-MA;DEL04-MA;UOP01-DEL04-MA;;;
701000;27/06/2025;sexta-feira;23:09:00;CE;116;1;FORTALEZA;Manobra de mudan�a de faixa;Colis�o lateral mesmo sentido;Com V�timas Feridas;Plena Noite;Decrescente;C�u Claro;Dupla;Viaduto;Sim;3;0;1;2;0;0;3;2;-3,76095535;-38,5188481;SPRF-CE;DEL01-CE;UOP02-DEL01-CE;;;
701002;27/06/2025;sexta-feira;23:05:00;PE;232;19;JABOATAO DOS GUARARAPES;Acessar a via sem observar a presen�a dos outros ve�culos;Colis�o lateral mesmo sentido;Com V�timas Feridas;Plena Noite;Decrescente;Chuva;Dupla;Reta;N�o;3;0;1;0;2;0;1;2;-8,097967;-35,061593;SPRF-PE;DEL01-PE;UOP01-DEL01-PE;;;
701003;27/06/2025;sexta-feira;23:25:00;MG;40;558;NOVA LIMA;Rea��o tardia ou ineficiente do condutor;Colis�o lateral mesmo sentido;Sem V�timas;Plena Noite;Crescente;C�u Claro;Dupla;"Curva;Em Obras";N�o;2;0;0;0;1;1;0;2;-20,11316511;-43,97028923;SPRF-MG;DEL01-MG;UOP02-DEL01-MG;;;
701004;27/06/2025;sexta-feira;23:30:00;CE;116;7;FORTALEZA;Manobra de mudan�a de faixa;Colis�o frontal;Com V�timas Feridas;Plena Noite;Crescente;C�u Claro;Simples;"Declive;Viaduto;Curva";Sim;4;0;2;0;0;2;2;3;-3,8114426;-38,5013056;SPRF-CE;DEL01-CE;UOP02-DEL01-CE;;;
701005;28/06/2025;s�bado;00:00:00;SP;116;377;MIRACATU;Aus�ncia de rea��o do condutor;Capotamento;Com V�timas Feridas;Plena Noite;Crescente;Garoa/Chuvisco;Dupla;Reta;N�o;4;0;1;0;3;0;1;1;-24,197584;-47,36625;SPRF-SP;DEL04-SP;UOP02-DEL04-SP;;;
701006;27/06/2025;sexta-feira;21:30:00;MA;10;253;IMPERATRIZ;Condutor deixou de manter dist�ncia do ve�culo da frente;Engavetamento;Sem V�timas;Plena Noite;Decrescente;C�u Claro;Simples;Reta;Sim;3;0;0;0;3;0;0;3;-5,52652;-47,47147;SPRF-MA;DEL04-MA;UOP01-DEL04-MA;;;
701007;27/06/2025;sexta-feira;22:40:00;RJ;116;139;MAGE;Animais na Pista;Atropelamento de Animal;Com V�timas Feridas;Plena Noite;Decrescente;C�u Claro;Dupla;Reta;Sim;3;0;2;0;1;0;2;1;-22,646558;-43,210713;SPRF-RJ;DEL04-RJ;UOP02-DEL04-RJ;;;
701008;27/06/2025;sexta-feira;22:30:00;MS;158;95,5;PARANAIBA;Ingest�o de �lcool pelo condutor;Sa�da de leito carro��vel;Sem V�timas;Anoitecer;Crescente;C�u Claro;Dupla;Reta;N�o;1;0;0;0;1;0;0;1;-19,6119886;-51,2157571;SPRF-MS;DEL08-MS;UOP01-DEL08-MS;;;
701009;27/06/2025;sexta-feira;23:40:00;PE;101;61,3;RECIFE;Acessar a via sem observar a presen�a dos outros ve�culos;Colis�o lateral mesmo sentido;Sem V�timas;Plena Noite;Decrescente;C�u Claro;M�ltipla;Reta;Sim;2;0;0;0;2;0;0;2;-7,994312;-34,93801;SPRF-PE;DEL01-PE;UOP02-DEL01-PE;;;
701012;18/05/2025;domingo;10:00:00;MG;40;506,1;RIBEIRAO DAS NEVES;Velocidade Incompat�vel;Colis�o traseira;Com V�timas Feridas;Pleno dia;Decrescente;C�u Claro;Dupla;Curva;Sim;4;0;3;0;0;1;3;3;-19,746499;-44,147702;SPRF-MG;DEL02-MG;UOP01-DEL02-MG;;;
701013;28/06/2025;s�bado;01:00:00;SC;101;224,1;PALHOCA;Aus�ncia de rea��o do condutor;Colis�o com objeto;Sem V�timas;Plena Noite;Decrescente;Nublado;M�ltipla;Reta;N�o;1;0;0;0;1;0;0;1;-27,724328;-48,643482;SPRF-SC;DEL01-SC;UOP02-DEL01-SC;;;
701014;28/06/2025;s�bado;00:50:00;SC;282;72,8;RANCHO QUEIMADO;Velocidade Incompat�vel;Sa�da de leito carro��vel;Com V�timas Feridas;Plena Noite;Decrescente;Nublado;Simples;Curva;N�o;3;0;3;0;0;0;3;1;-27,68139991;-49,1116333;SPRF-SC;DEL01-SC;UOP03-DEL01-SC;;;
701015;28/06/2025;s�bado;01:00:00;PR;158;534;PATO BRANCO;Ingest�o de �lcool pelo condutor;Colis�o frontal;Sem V�timas;Plena Noite;Crescente;Nublado;Simples;Reta;Sim;3;0;0;0;3;0;0;2;-26,21736501;-52,68110418;SPRF-PR;DEL02-PR;UOP01-DEL02-PR;;;
701016;28/06/2025;s�bado;01:30:00;PA;316;38;SANTA IZABEL DO PARA;Demais falhas mec�nicas ou el�tricas;Colis�o traseira;Sem V�timas;Plena Noite;Decrescente;C�u Claro;Dupla;Reta;Sim;3;0;0;0;3;0;0;2;-1,24;-48,19;SPRF-PA;DEL01-PA;UOP01-DEL01-PA;;;
701017;28/06/2025;s�bado;01:15:00;MT;163;833,5;SINOP;Ingest�o de �lcool pelo condutor;Queda de ocupante de ve�culo;Sem V�timas;Plena Noite;Decrescente;Nublado;Simples;"Reta;Desvio Tempor�rio;Em Obras";Sim;1;0;0;0;1;0;0;1;-11,87408102;-55,49867034;SPRF-MT;DEL06-MT;UOP02-DEL06-MT;;;
701019;28/06/2025;s�bado;01:00:00;MT;163;833;SINOP;Aus�ncia de rea��o do condutor;Queda de ocupante de ve�culo;Com V�timas Feridas;Pleno dia;Decrescente;C�u Claro;Simples;"Em Obras;Reta";N�o;1;0;1;0;0;0;1;1;-11,87389203;-55,49864888;SPRF-MT;DEL06-MT;UOP02-DEL06-MT;;;
701020;28/06/2025;s�bado;03:00:00;GO;60;136;GOIANIA;Condutor deixou de manter dist�ncia do ve�culo da frente;Colis�o traseira;Com V�timas Feridas;Plena Noite;Crescente;C�u Claro;M�ltipla;Reta;N�o;2;0;0;1;1;0;1;2;-16,593228;-49,19618726;SPRF-GO;DEL01-GO;UOP01-DEL01-GO;;;
701021;27/06/2025;sexta-feira;11:30:00;RO;364;339;JI-PARANA;Manobra de mudan�a de faixa;Colis�o transversal;Sem V�timas;Pleno dia;Crescente;C�u Claro;Dupla;Reta;Sim;2;0;0;0;2;0;0;2;-10,903432;-61,930302;SPRF-RO;DEL02-RO;UOP01-DEL02-RO;;;
701022;28/06/2025;s�bado;03:30:00;PI;343;269;CAMPO MAIOR;Condutor Dormindo;Colis�o com objeto;Com V�timas Feridas;Plena Noite;Decrescente;C�u Claro;M�ltipla;Reta;N�o;1;0;1;0;0;0;1;1;-4,849664;-42,1855232;SPRF-PI;DEL01-PI;UOP03-DEL01-PI;;;
701023;28/06/2025;s�bado;03:50:00;RS;386;136,3;SARANDI;Condutor usando celular;Sa�da de leito carro��vel;Sem V�timas;Plena Noite;Decrescente;Chuva;Simples;Reta;N�o;1;0;0;0;1;0;0;1;-27,96436;-52,90926;SPRF-RS;DEL08-RS;UOP01-DEL08-RS;;;
701024;28/06/2025;s�bado;02:00:00;PB;230;236,5;JUAZEIRINHO;Rea��o tardia ou ineficiente do condutor;Sa�da de leito carro��vel;Com V�timas Feridas;Plena Noite;Crescente;Nublado;Simples;"Declive;Reta";N�o;3;0;1;0;2;0;1;1;-7,050698;-36,53993;SPRF-PB;DEL02-PB;UOP02-DEL02-PB;;;
701026;28/06/2025;s�bado;01:50:00;SC;470;236,3;SAO CRISTOVAO DO SUL;Transitar na contram�o;Colis�o lateral sentido oposto;Com V�timas Feridas;Plena Noite;Decrescente;Garoa/Chuvisco;Simples;Reta;N�o;2;0;1;0;0;1;1;2;-27,30377;-50,4551;SPRF-SC;DEL05-SC;UOP03-DEL05-SC;;;
701027;28/06/2025;s�bado;04:00:00;RJ;101;296;ITABORAI;Aus�ncia de rea��o do condutor;Colis�o com objeto;Com V�timas Feridas;Plena Noite;Decrescente;C�u Claro;Dupla;Curva;Sim;2;0;0;2;0;0;2;1;-22,76731776;-42,91311264;SPRF-RJ;DEL02-RJ;UOP02-DEL02-RJ;;;
701028;28/06/2025;s�bado;04:55:00;SP;153;2;ICEM;Entrada inopinada do pedestre;Atropelamento de Pedestre;Com V�timas Feridas;Amanhecer;Decrescente;C�u Claro;Simples;"Declive;Rotat�ria";N�o;4;0;1;0;3;0;1;2;-20,31885;-49,21041;SPRF-SP;DEL09-SP;UOP01-DEL09-SP;;;
701030;28/06/2025;s�bado;05:30:00;RJ;116;184;NOVA IGUACU;Aus�ncia de rea��o do condutor;Colis�o com objeto;Com V�timas Feridas;Amanhecer;Decrescente;C�u Claro;Dupla;Reta;N�o;4;0;1;1;2;0;2;2;-22,7504034;-43,441209;SPRF-RJ;DEL06-RJ;UOP01-DEL06-RJ;;;
701032;28/06/2025;s�bado;05:00:00;SC;158;109,4;CUNHA PORA;Ingest�o de �lcool pelo condutor;Colis�o traseira;Com V�timas Feridas;Plena Noite;Crescente;C�u Claro;Simples;Rotat�ria;N�o;25;0;0;1;24;0;1;2;-26,88793681;-53,17736816;SPRF-SC;DEL07-SC;UOP02-DEL07-SC;;;
701033;28/06/2025;s�bado;05:45:00;BA;101;714,4;EUNAPOLIS;Transitar na contram�o;Colis�o frontal;Com V�timas Fatais;Amanhecer;Crescente;C�u Claro;Simples;Reta;Sim;8;1;6;1;0;0;7;3;-16,34889;-39,58014;SPRF-BA;DEL09-BA;UOP01-DEL09-BA;;;
701034;28/06/2025;s�bado;05:15:00;PR;277;113;CAMPO LARGO;Rea��o tardia ou ineficiente do condutor;Sa�da de leito carro��vel;Sem V�timas;Plena Noite;Decrescente;Garoa/Chuvisco;Dupla;Reta;N�o;1;0;0;0;0;1;0;1;-25,43269169;-49,41859452;SPRF-PR;DEL03-PR;UOP03-DEL03-PR;;;
701035;28/06/2025;s�bado;06:15:00;PR;277;725;FOZ DO IGUACU;Condutor deixou de manter dist�ncia do ve�culo da frente;Colis�o traseira;Sem V�timas;Amanhecer;Crescente;Garoa/Chuvisco;Dupla;"Declive;Reta";Sim;2;0;0;0;2;0;0;2;-25,50317189;-54,53913689;SPRF-PR;DEL05-PR;UOP03-DEL05-PR;;;
701036;28/06/2025;s�bado;05:13:00;MT;163;835;SINOP;Aus�ncia de rea��o do condutor;Sa�da de leito carro��vel;Sem V�timas;Amanhecer;Crescente;C�u Claro;Simples;Curva;Sim;1;0;0;0;1;0;0;1;-11,85892656;-55,49497962;SPRF-MT;DEL06-MT;UOP02-DEL06-MT;;;
701037;28/06/2025;s�bado;06:20:00;MG;381;864;POUSO ALEGRE;Rea��o tardia ou ineficiente do condutor;Colis�o traseira;Com V�timas Feridas;Pleno dia;Crescente;C�u Claro;Dupla;"Declive;Reta";Sim;2;0;2;0;0;0;2;2;-22,34996572;-45,92690405;SPRF-MG;DEL16-MG;UOP01-DEL16-MG;;;
701038;28/06/2025;s�bado;05:15:00;MT;163;829;SINOP;Retorno proibido;Colis�o lateral mesmo sentido;Com V�timas Feridas;Amanhecer;Decrescente;Nublado;Simples;Reta;Sim;2;0;1;0;1;0;1;2;-11,91388081;-55,50899148;SPRF-MT;DEL06-MT;UOP02-DEL06-MT;;;
701039;28/06/2025;s�bado;05:30:00;RJ;116;115;MAGE;Aus�ncia de rea��o do condutor;Atropelamento de Animal;Com V�timas Feridas;Amanhecer;Decrescente;C�u Claro;Dupla;Reta;N�o;1;0;0;1;0;0;1;1;-22,58676519;-43,01760927;SPRF-RJ;DEL04-RJ;UOP02-DEL04-RJ;;;
701042;28/06/2025;s�bado;06:00:00;ES;101;267;SERRA;Manobra de mudan�a de faixa;Colis�o lateral mesmo sentido;Com V�timas Feridas;Pleno dia;Crescente;Sol;M�ltipla;Reta;Sim;3;0;2;0;0;1;2;2;-20,2050693;-40,26933342;SPRF-ES;DEL02-ES;UOP01-DEL02-ES;;;
701043;28/06/2025;s�bado;06:35:00;SC;101;151;ITAPEMA;Chuva;Colis�o com objeto;Com V�timas Feridas;Amanhecer;Crescente;Chuva;M�ltipla;Reta;Sim;1;0;1;0;0;0;1;1;-27,12654486;-48,60961832;SPRF-SC;DEL04-SC;UOP03-DEL04-SC;;;
701044;28/06/2025;s�bado;06:20:00;RS;285;335,4;CARAZINHO;Transitar na contram�o;Colis�o frontal;Com V�timas Feridas;Amanhecer;Decrescente;Garoa/Chuvisco;Simples;Curva;N�o;3;0;1;1;0;1;2;2;-28,315786;-52,750667;SPRF-RS;DEL08-RS;UOP03-DEL08-RS;;;
701047;28/06/2025;s�bado;07:20:00;PR;376;674;GUARATUBA;Aus�ncia de rea��o do condutor;Sa�da de leito carro��vel;Com V�timas Feridas;Pleno dia;Crescente;Garoa/Chuvisco;Dupla;Curva;N�o;1;0;1;0;0;0;1;1;-25,9156634;-48,9196733;SPRF-PR;DEL01-PR;UOP04-DEL01-PR;;;
701048;28/06/2025;s�bado;07:50:00;BA;324;621;SALVADOR;Avarias e/ou desgaste excessivo no pneu;Queda de ocupante de ve�culo;Com V�timas Feridas;Pleno dia;Crescente;Chuva;Dupla;Reta;Sim;2;0;1;0;1;0;1;1;-12,9191778;-38,4671604;SPRF-BA;DEL01-BA;UOP01-DEL01-BA;;;
701049;28/06/2025;s�bado;07:00:00;GO;414;369;COCALZINHO DE GOIAS;Condutor Dormindo;Sa�da de leito carro��vel;Com V�timas Feridas;Pleno dia;Crescente;C�u Claro;Simples;"Reta;Aclive";N�o;3;0;2;0;1;0;2;1;-15,70964012;-48,69165871;SPRF-GO;DEL02-GO;UOP01-DEL02-GO;;;
701050;28/06/2025;s�bado;05:50:00;AL;423;63,1;AGUA BRANCA;Demais falhas mec�nicas ou el�tricas;Inc�ndio;Sem V�timas;Amanhecer;Decrescente;Nublado;Simples;"Reta;Ponte";N�o;2;0;0;0;2;0;0;1;-9,30636204;-37,8919369;SPRF-AL;DEL03-AL;UOP02-DEL03-AL;;;
701051;28/06/2025;s�bado;08:00:00;GO;153;314;RIALMA;Condutor deixou de manter dist�ncia do ve�culo da frente;Sa�da de leito carro��vel;Com V�timas Feridas;Pleno dia;Crescente;C�u Claro;Simples;"Reta;Aclive";N�o;1;0;1;0;0;0;1;1;-15,42624151;-49,51403886;SPRF-GO;DEL02-GO;UOP02-DEL02-GO;;;
701054;28/06/2025;s�bado;07:11:00;SC;280;239,3;CANOINHAS;Ingest�o de �lcool pelo condutor;Colis�o frontal;Com V�timas Feridas;Pleno dia;Decrescente;Chuva;Simples;Reta;N�o;3;0;1;2;0;0;3;2;-26,209507;-50,447524;SPRF-SC;DEL06-SC;UOP04-DEL06-SC;;;
701056;28/06/2025;s�bado;08:18:00;DF;70;18;BRASILIA;Manobra de mudan�a de faixa;Colis�o lateral mesmo sentido;Com V�timas Feridas;Pleno dia;Decrescente;C�u Claro;Dupla;"Aclive;Reta";N�o;2;0;1;0;1;0;1;2;-15,789253;-48,221758;SPRF-DF;DEL03-DF;UOP02-DEL03-DF;;;
701057;28/06/2025;s�bado;08:40:00;PR;272;566;GUAIRA;Condutor deixou de manter dist�ncia do ve�culo da frente;Colis�o traseira;Com V�timas Feridas;Pleno dia;Crescente;C�u Claro;Simples;Reta;N�o;12;0;1;0;11;0;1;2;-24,099953;-54,222516;SPRF-PR;DEL06-PR;UOP01-DEL06-PR;;;
701058;28/06/2025;s�bado;07:53:00;SC;101;193;BIGUACU;Rea��o tardia ou ineficiente do condutor;Colis�o com objeto;Com V�timas Feridas;Pleno dia;Crescente;Chuva;Dupla;Curva;Sim;3;0;1;0;2;0;1;2;-27,48793842;-48,65263073;SPRF-SC;DEL01-SC;UOP01-DEL01-SC;;;
701060;28/06/2025;s�bado;08:30:00;SC;101;148,1;ITAPEMA;Manobra de mudan�a de faixa;Colis�o com objeto;Com V�timas Feridas;Pleno dia;Decrescente;Nublado;M�ltipla;Curva;Sim;1;0;1;0;0;0;1;1;-27,10146;-48,618;SPRF-SC;DEL04-SC;UOP03-DEL04-SC;;;
701061;28/06/2025;s�bado;08:50:00;MG;40;513;RIBEIRAO DAS NEVES;Condutor Dormindo;Sa�da de leito carro��vel;Com V�timas Feridas;Pleno dia;Decrescente;C�u Claro;Dupla;Reta;N�o;1;0;1;0;0;0;1;1;-19,799287;-44,102687;SPRF-MG;DEL01-MG;UOP02-DEL01-MG;;;
701063;28/06/2025;s�bado;10:00:00;PE;232;4,5;RECIFE;Rea��o tardia ou ineficiente do condutor;Tombamento;Com V�timas Feridas;Pleno dia;Decrescente;Chuva;Dupla;Curva;Sim;2;0;1;1;0;0;2;1;-8,066234;-34,940437;SPRF-PE;DEL01-PE;UOP01-DEL01-PE;;;
701066;20/06/2025;sexta-feira;20:00:00;MA;316;60;GOVERNADOR NUNES FREIRE;Transitar na contram�o;Colis�o frontal;Com V�timas Fatais;Plena Noite;Decrescente;C�u Claro;Simples;Reta;N�o;2;1;1;0;0;0;1;2;-2,07126;-45,940139;SPRF-MA;DEL02-MA;UOP02-DEL02-MA;;;
701067;28/06/2025;s�bado;08:30:00;RO;364;347;JI-PARANA;Aus�ncia de rea��o do condutor;Colis�o traseira;Com V�timas Feridas;Pleno dia;Crescente;C�u Claro;Simples;Reta;Sim;3;0;2;0;0;1;2;3;-10,85991;-61,977385;SPRF-RO;DEL02-RO;UOP01-DEL02-RO;;;
701068;28/06/2025;s�bado;10:00:00;TO;153;144;ARAGUAINA;Rea��o tardia ou ineficiente do condutor;Eventos at�picos;Com V�timas Feridas;Pleno dia;Crescente;C�u Claro;Dupla;"Reta;Viaduto";Sim;2;0;1;0;1;0;1;2;-7,19299;-48,23469;SPRF-TO;DEL02-TO;UOP01-DEL02-TO;;;
701070;28/06/2025;s�bado;08:40:00;RJ;101;528;ANGRA DOS REIS;Velocidade Incompat�vel;Capotamento;Com V�timas Feridas;Pleno dia;Crescente;Sol;Simples;Curva;N�o;1;0;1;0;0;0;1;1;-23,02444784;-44,51007843;SPRF-RJ;DEL03-RJ;UOP03-DEL03-RJ;;;
701071;28/06/2025;s�bado;09:15:00;SP;262;319;CASTILHO;Aus�ncia de rea��o do condutor;Colis�o com objeto;Com V�timas Feridas;Pleno dia;Crescente;C�u Claro;Simples;Rotat�ria;N�o;1;0;0;1;0;0;1;1;-20,78489894;-51,59838287;SPRF-MS;DEL07-MS;UOP01-DEL07-MS;;;
701072;28/06/2025;s�bado;11:20:00;SP;116;146;SAO JOSE DOS CAMPOS;Manobra de mudan�a de faixa;Colis�o lateral mesmo sentido;Com V�timas Feridas;Pleno dia;Decrescente;Sol;M�ltipla;Reta;Sim;2;0;1;0;1;0;1;2;-23,18961067;-45,86002708;SPRF-SP;DEL02-SP;UOP01-DEL02-SP;;;
701074;25/06/2025;quarta-feira;07:10:00;BA;116;817;VITORIA DA CONQUISTA;Manobra de mudan�a de faixa;Colis�o lateral sentido oposto;Com V�timas Feridas;Pleno dia;Decrescente;C�u Claro;Simples;Reta;N�o;4;0;1;0;3;0;1;4;-14,82624;-40,82408;SPRF-BA;DEL08-BA;UOP01-DEL08-BA;;;
701075;01/03/2025;s�bado;07:10:00;RJ;101;539;PARATY;Condutor deixou de manter dist�ncia do ve�culo da frente;Colis�o traseira;Com V�timas Feridas;Pleno dia;Crescente;C�u Claro;Simples;Curva;Sim;3;0;0;1;1;1;1;3;-23,04845964;-44,59075928;SPRF-RJ;DEL03-RJ;UOP04-DEL03-RJ;;;
701076;28/06/2025;s�bado;10:10:00;RO;319;143;PORTO VELHO;Condutor desrespeitou a ilumina��o vermelha do sem�foro;Colis�o transversal;Com V�timas Feridas;Pleno dia;Decrescente;C�u Claro;Dupla;Reta;Sim;3;0;1;1;0;1;2;3;-8,7556026;-63,8864291;SPRF-RO;DEL01-RO;UOP01-DEL01-RO;;;
701080;28/06/2025;s�bado;11:56:00;ES;101;266;SERRA;Aus�ncia de rea��o do condutor;Queda de ocupante de ve�culo;Com V�timas Feridas;Pleno dia;Crescente;Sol;Dupla;Reta;Sim;1;0;0;1;0;0;1;1;-20,1932524;-40,2682186;SPRF-ES;DEL02-ES;UOP01-DEL02-ES;;;
701081;28/06/2025;s�bado;11:40:00;BA;324;515;FEIRA DE SANTANA;Acessar a via sem observar a presen�a dos outros ve�culos;Colis�o transversal;Com V�timas Feridas;Pleno dia;Decrescente;Chuva;Simples;Reta;Sim;2;0;1;0;1;0;1;2;-12,237023;-38,942101;SPRF-BA;DEL02-BA;UOP01-DEL02-BA;;;