id;data_inversa;dia_semana;horario;uf;br;km;municipio;causa_acidente;tipo_acidente;classificacao_acidente;fase_dia;sentido_via;condicao_metereologica;tipo_pista;tracado_via;uso_solo;pessoas;mortos;feridos_leves;feridos_graves;ilesos;ignorados;feridos;veiculos;latitude;longitude;regional;delegacia;uop;;;
701084;28/06/2025;s�bado;12:55:00;ES;101;194,8;ARACRUZ;Rea��o tardia ou ineficiente do condutor;Tombamento;Com V�timas Feridas;Pleno dia;Crescente;C�u Claro;Simples;Reta;N�o;2;0;0;1;0;1;1;1;-19,70190532;-40,32074557;SPRF-ES;DEL04-ES;UOP01-DEL04-ES;;;
701085;27/06/2025;sexta-feira;18:40:00;GO;80;279;MARA ROSA;Aus�ncia de sinaliza��o;Colis�o com objeto;Com V�timas Feridas;Anoitecer;Crescente;Ignorado;Simples;"Em Obras;Reta";N�o;2;0;0;1;1;0;1;1;-13,939187;-49,770607;SPRF-GO;DEL07-GO;UOP01-DEL07-GO;;;
701086;28/06/2025;s�bado;09:20:00;SC;282;121,3;BOM RETIRO;Ingest�o de �lcool pelo condutor;Sa�da de leito carro��vel;Sem V�timas;Pleno dia;Crescente;Chuva;Simples;Reta;N�o;1;0;0;0;1;0;0;1;-27,79969;-49,42425;SPRF-SC;DEL05-SC;UOP01-DEL05-SC;;;
701088;28/06/2025;s�bado;04:00:00;RS;116;164;CAXIAS DO SUL;Rea��o tardia ou ineficiente do condutor;Sa�da de leito carro��vel;Sem V�timas;Plena Noite;Crescente;Garoa/Chuvisco;Simples;Curva;N�o;1;0;0;0;1;0;0;1;-29,26077124;-51,15765318;SPRF-RS;DEL05-RS;UOP02-DEL05-RS;;;
701089;28/06/2025;s�bado;10:30:00;PI;343;139;PIRACURUCA;Condutor usando celular;Colis�o transversal;Com V�timas Feridas;Pleno dia;Decrescente;C�u Claro;Simples;"Interse��o de Vias;Rotat�ria";Sim;2;0;1;0;1;0;1;2;-3,91842183;-41,71160817;SPRF-PI;DEL02-PI;UOP01-DEL02-PI;;;
701090;28/06/2025;s�bado;13:15:00;SP;381;89;GUARULHOS;Aus�ncia de rea��o do condutor;Colis�o traseira;Com V�timas Feridas;Pleno dia;Crescente;C�u Claro;Dupla;"Interse��o de Vias;Curva";Sim;4;0;2;0;2;0;2;2;-23,49639357;-46,55973522;SPRF-SP;DEL03-SP;UOP01-DEL03-SP;;;
701094;28/06/2025;s�bado;10:30:00;RJ;101;486;ANGRA DOS REIS;Condutor deixou de manter dist�ncia do ve�culo da frente;Colis�o traseira;Com V�timas Feridas;Pleno dia;Decrescente;C�u Claro;Simples;Reta;Sim;4;0;1;0;2;1;1;4;-22,9792211;-44,2959079;SPRF-RJ;DEL03-RJ;UOP03-DEL03-RJ;;;
701096;28/06/2025;s�bado;12:50:00;RJ;101;309;SAO GONCALO;Avarias e/ou desgaste excessivo no pneu;Tombamento;Com V�timas Feridas;Pleno dia;Decrescente;C�u Claro;Dupla;Reta;Sim;2;0;1;1;0;0;2;1;-22,79788337;-43,0464077;SPRF-RJ;DEL02-RJ;UOP02-DEL02-RJ;;;
701097;28/01/2025;ter�a-feira;17:10:00;DF;70;11;BRASILIA;Acessar a via sem observar a presen�a dos outros ve�culos;Colis�o lateral mesmo sentido;Com V�timas Feridas;Pleno dia;Decrescente;C�u Claro;M�ltipla;Reta;Sim;2;0;0;1;1;0;1;2;-15,789762;-48,148727;SPRF-DF;DEL03-DF;UOP02-DEL03-DF;;;
701100;28/06/2025;s�bado;13:45:00;BA;110;168;RIBEIRA DO POMBAL;Pista esburacada;Queda de ocupante de ve�culo;Com V�timas Feridas;Pleno dia;Crescente;C�u Claro;Simples;Reta;N�o;2;0;0;2;0;0;2;1;-10,80419766;-38,52575697;SPRF-BA;DEL07-BA;UOP02-DEL07-BA;;;
701101;28/06/2025;s�bado;13:43:00;PE;101;185;PALMARES;Ultrapassagem Indevida;Colis�o lateral mesmo sentido;Com V�timas Feridas;Pleno dia;Crescente;Garoa/Chuvisco;Simples;Reta;N�o;2;0;0;1;1;0;1;2;-8,6853186;-35,5843343;SPRF-PE;DEL01-PE;UOP03-DEL01-PE;;;
701103;28/06/2025;s�bado;14:13:00;SP;116;294;ITAPECERICA DA SERRA;Entrada inopinada do pedestre;Atropelamento de Pedestre;Com V�timas Feridas;Pleno dia;Decrescente;C�u Claro;Dupla;Reta;Sim;3;0;1;0;2;0;1;2;-23,69369369;-46,86971592;SPRF-SP;DEL04-SP;UOP01-DEL04-SP;;;
701104;28/06/2025;s�bado;14:10:00;SC;282;519,2;XAXIM;Rea��o tardia ou ineficiente do condutor;Colis�o lateral mesmo sentido;Com V�timas Feridas;Pleno dia;Crescente;Chuva;Simples;"Aclive;Reta";N�o;4;0;1;0;3;0;1;2;-26,947373;-52,517305;SPRF-SC;DEL07-SC;UOP01-DEL07-SC;;;
701105;28/06/2025;s�bado;12:20:00;RS;285;312,6;PASSO FUNDO;Chuva;Sa�da de leito carro��vel;Com V�timas Feridas;Pleno dia;Crescente;Chuva;Simples;Curva;Sim;4;0;1;0;3;0;1;1;-28,24215043;-52,55612612;SPRF-RS;DEL08-RS;UOP03-DEL08-RS;;;
701107;28/06/2025;s�bado;14:20:00;RJ;116;310;RESENDE;Rea��o tardia ou ineficiente do condutor;Tombamento;Com V�timas Feridas;Pleno dia;Decrescente;Nublado;Dupla;Curva;N�o;1;0;1;0;0;0;1;1;-22,46081953;-44,44166835;SPRF-RJ;DEL07-RJ;UOP02-DEL07-RJ;;;
701109;28/06/2025;s�bado;15:01:00;BA;324;618;SALVADOR;Avarias e/ou desgaste excessivo no pneu;Queda de ocupante de ve�culo;Com V�timas Feridas;Pleno dia;Crescente;C�u Claro;Dupla;Reta;Sim;2;0;2;0;0;0;2;1;-12,9063726;-38,4555825;SPRF-BA;DEL01-BA;UOP01-DEL01-BA;;;
701110;28/06/2025;s�bado;14:05:00;SC;101;138,8;BALNEARIO CAMBORIU;Rea��o tardia ou ineficiente do condutor;Colis�o com objeto;Com V�timas Feridas;Pleno dia;Crescente;Chuva;Dupla;"Aclive;Curva";N�o;1;0;1;0;0;0;1;1;-27,02854;-48,60466;SPRF-SC;DEL04-SC;UOP03-DEL04-SC;;;
701111;28/06/2025;s�bado;14:30:00;RS;116;614;ARROIO GRANDE;Aus�ncia de rea��o do condutor;Colis�o traseira;Com V�timas Feridas;Pleno dia;Crescente;C�u Claro;Simples;Reta;N�o;3;0;0;1;1;1;1;3;-32,25560903;-53,08125973;SPRF-RS;DEL07-RS;UOP03-DEL07-RS;;;
701112;28/06/2025;s�bado;15:10:00;RS;290;11;SANTO ANTONIO DA PATRULHA;Acumulo de �gua sobre o pavimento;Sa�da de leito carro��vel;Com V�timas Feridas;Pleno dia;Crescente;Chuva;Dupla;Reta;N�o;1;0;1;0;0;0;1;1;-29,88395081;-50,44390798;SPRF-RS;DEL03-RS;UOP01-DEL03-RS;;;
701113;28/06/2025;s�bado;14:00:00;SP;116;20,3;CRUZEIRO;Demais falhas mec�nicas ou el�tricas;Tombamento;Com V�timas Feridas;Pleno dia;Decrescente;Nublado;Dupla;Reta;N�o;2;0;2;0;0;0;2;1;-22,62496977;-44,91527653;SPRF-SP;DEL08-SP;UOP02-DEL08-SP;;;
701114;28/06/2025;s�bado;13:40:00;SC;282;412;CATANDUVAS;Ingest�o de �lcool pelo condutor;Tombamento;Com V�timas Feridas;Pleno dia;Crescente;Chuva;Simples;"Curva;Declive";N�o;1;0;1;0;0;0;1;1;-27,05989;-51,679493;SPRF-SC;DEL07-SC;UOP05-DEL07-SC;;;
701115;28/06/2025;s�bado;14:32:00;GO;60;34;ALEXANIA;Aus�ncia de rea��o do condutor;Capotamento;Com V�timas Feridas;Pleno dia;Decrescente;C�u Claro;Dupla;Reta;Sim;4;0;0;1;3;0;1;1;-16,099727;-48,522358;SPRF-DF;DEL03-DF;UOP01-DEL03-DF;;;
701116;28/06/2025;s�bado;14:30:00;MG;381;948;EXTREMA;Rea��o tardia ou ineficiente do condutor;Colis�o com objeto;Com V�timas Feridas;Pleno dia;Crescente;C�u Claro;Dupla;Reta;Sim;1;0;0;1;0;0;1;1;-22,87076259;-46,35980336;SPRF-MG;DEL16-MG;UOP03-DEL16-MG;;;
701119;28/06/2025;s�bado;15:25:00;PB;230;3;CABEDELO;Aus�ncia de rea��o do condutor;Colis�o com objeto;Com V�timas Feridas;Pleno dia;Decrescente;Sol;M�ltipla;"Reta;Desvio Tempor�rio;Em Obras";Sim;2;0;1;1;0;0;2;1;-6,997435;-34,828154;SPRF-PB;DEL01-PB;UOP01-DEL01-PB;;;
701120;28/06/2025;s�bado;16:00:00;PB;230;27,9;JOAO PESSOA;Acumulo de areia ou detritos sobre o pavimento;Tombamento;Com V�timas Feridas;Pleno dia;Crescente;C�u Claro;Dupla;"Viaduto;Curva";N�o;1;0;1;0;0;0;1;1;-7,16508354;-34,89835787;SPRF-PB;DEL01-PB;UOP01-DEL01-PB;;;
701121;28/06/2025;s�bado;15:30:00;PI;316;7,9;TERESINA;Aus�ncia de rea��o do condutor;Sa�da de leito carro��vel;Com V�timas Feridas;Pleno dia;Decrescente;Sol;M�ltipla;Reta;Sim;2;0;2;0;0;0;2;1;-5,168937;-42,767658;SPRF-PI;DEL01-PI;UOP02-DEL01-PI;;;
701122;28/06/2025;s�bado;10:20:00;PB;427;37,8;POMBAL;Acessar a via sem observar a presen�a dos outros ve�culos;Colis�o transversal;Com V�timas Feridas;Pleno dia;Crescente;C�u Claro;Simples;Reta;Sim;2;0;2;0;0;0;2;2;-6,769702;-37,795773;SPRF-PB;DEL03-PB;UOP02-DEL03-PB;;;
701123;28/06/2025;s�bado;16:10:00;MG;40;511;RIBEIRAO DAS NEVES;Manobra de mudan�a de faixa;Colis�o traseira;Com V�timas Feridas;Pleno dia;Crescente;C�u Claro;Dupla;"Reta;Interse��o de Vias";Sim;2;0;1;0;1;0;1;2;-19,78331453;-44,11642376;SPRF-MG;DEL01-MG;UOP02-DEL01-MG;;;
701125;28/06/2025;s�bado;14:20:00;BA;330;888;UBAITABA;Ingest�o de �lcool pelo condutor;Colis�o frontal;Com V�timas Feridas;Pleno dia;Decrescente;Garoa/Chuvisco;Simples;Reta;N�o;4;0;0;1;3;0;1;2;-14,26167;-39,34103;SPRF-BA;DEL05-BA;UOP01-DEL05-BA;;;
701129;28/06/2025;s�bado;16:30:00;SP;116;216;GUARULHOS;Rea��o tardia ou ineficiente do condutor;Colis�o traseira;Com V�timas Feridas;Pleno dia;Crescente;C�u Claro;M�ltipla;Reta;Sim;4;0;1;0;3;0;1;2;-23,451941;-46,466913;SPRF-SP;DEL01-SP;UOP01-DEL01-SP;;;
701131;28/06/2025;s�bado;15:00:00;PR;277;641;CEU AZUL;Ingest�o de �lcool pelo condutor;Sa�da de leito carro��vel;Sem V�timas;Pleno dia;Decrescente;Nublado;Simples;"Curva;Aclive";N�o;23;0;0;0;23;0;0;1;-25,1767;-53,8657;SPRF-PR;DEL05-PR;UOP02-DEL05-PR;;;
701133;28/06/2025;s�bado;11:00:00;RJ;40;91;PETROPOLIS;Pista Escorregadia;Queda de ocupante de ve�culo;Com V�timas Feridas;Pleno dia;Decrescente;C�u Claro;Simples;Curva;N�o;2;0;2;0;0;0;2;1;-22,5280498;-43,2232336;SPRF-RJ;DEL01-RJ;UOP01-DEL01-RJ;;;
701134;28/06/2025;s�bado;16:05:00;BA;110;4;PAULO AFONSO;Acessar a via sem observar a presen�a dos outros ve�culos;Colis�o transversal;Com V�timas Feridas;Pleno dia;Decrescente;C�u Claro;Simples;"Reta;Interse��o de Vias";N�o;7;0;3;0;4;0;3;2;-9,454968;-38,202277;SPRF-BA;DEL07-BA;UOP01-DEL07-BA;;;
701135;28/06/2025;s�bado;17:00:00;GO;153;435;ANAPOLIS;Rea��o tardia ou ineficiente do condutor;Colis�o traseira;Com V�timas Feridas;Pleno dia;Decrescente;C�u Claro;Dupla;Reta;Sim;5;0;1;0;4;0;1;2;-16,30052746;-48,92646027;SPRF-GO;DEL02-GO;UOP01-DEL02-GO;;;
701137;28/06/2025;s�bado;16:53:00;RJ;101;390;RIO DE JANEIRO;Rea��o tardia ou ineficiente do condutor;Queda de ocupante de ve�culo;Com V�timas Feridas;Pleno dia;Decrescente;Nublado;Simples;Curva;Sim;1;0;1;0;0;0;1;1;-22,896758;-43,680872;SPRF-RJ;DEL03-RJ;UOP01-DEL03-RJ;;;
701138;28/06/2025;s�bado;16:45:00;BA;116;546;IACU;Acessar a via sem observar a presen�a dos outros ve�culos;Colis�o transversal;Sem V�timas;Pleno dia;Crescente;Nublado;Simples;Reta;N�o;5;0;0;0;5;0;0;2;-12,855365;-39,87162;SPRF-BA;DEL03-BA;UOP02-DEL03-BA;;;
701140;28/06/2025;s�bado;17:40:00;RS;116;263;CANOAS;Condutor desrespeitou a ilumina��o vermelha do sem�foro;Colis�o transversal;Com V�timas Feridas;Plena Noite;Decrescente;Chuva;Dupla;"Reta;Interse��o de Vias";Sim;2;0;1;0;1;0;1;2;-29,90396141;-51,17700837;SPRF-RS;DEL01-RS;UOP01-DEL01-RS;;;
701142;28/06/2025;s�bado;18:05:00;SP;381;4;VARGEM;Aus�ncia de rea��o do condutor;Colis�o com objeto;Com V�timas Feridas;Plena Noite;Crescente;C�u Claro;M�ltipla;Curva;N�o;2;0;2;0;0;0;2;1;-22,88355722;-46,4088048;SPRF-SP;DEL03-SP;UOP02-DEL03-SP;;;
701145;28/06/2025;s�bado;17:50:00;BA;116;438;FEIRA DE SANTANA;Afundamento ou ondula��o no pavimento;Queda de ocupante de ve�culo;Com V�timas Feridas;Anoitecer;Decrescente;Nublado;Dupla;Reta;N�o;1;0;1;0;0;0;1;1;-12,33656842;-39,07257199;SPRF-BA;DEL02-BA;UOP01-DEL02-BA;;;
701146;28/06/2025;s�bado;15:20:00;RS;153;566;CACAPAVA DO SUL;Aus�ncia de rea��o do condutor;Sa�da de leito carro��vel;Com V�timas Feridas;Pleno dia;Crescente;Nublado;Simples;Curva;N�o;2;0;1;0;1;0;1;1;-30,56929;-53,640611;SPRF-RS;DEL11-RS;UOP03-DEL11-RS;;;
701147;28/06/2025;s�bado;18:20:00;MG;381;456,8;BELO HORIZONTE;Defici�ncia do Sistema de Ilumina��o/Sinaliza��o;Atropelamento de Pedestre;Com V�timas Feridas;Plena Noite;Crescente;C�u Claro;M�ltipla;Reta;Sim;2;0;1;0;1;0;1;2;-19,84507477;-43,88690472;SPRF-MG;DEL01-MG;UOP01-DEL01-MG;;;
701148;28/06/2025;s�bado;16:15:00;RS;158;565,9;SANTANA DO LIVRAMENTO;Desrespeitar a prefer�ncia no cruzamento;Colis�o transversal;Com V�timas Feridas;Pleno dia;Crescente;Nublado;Simples;"Reta;Interse��o de Vias";Sim;6;0;4;0;2;0;4;2;-30,87670734;-55,51067518;SPRF-RS;DEL11-RS;UOP01-DEL11-RS;;;
701149;28/06/2025;s�bado;18:35:00;TO;10;459,6;PALMAS;Aus�ncia de rea��o do condutor;Tombamento;Com V�timas Feridas;Anoitecer;Crescente;C�u Claro;Dupla;"Reta;Aclive";Sim;1;0;1;0;0;0;1;1;-10,26848;-48,306635;SPRF-TO;DEL01-TO;UOP03-DEL01-TO;;;
701150;28/06/2025;s�bado;18:30:00;PI;343;53,9;BURITI DOS LOPES;Acessar a via sem observar a presen�a dos outros ve�culos;Colis�o transversal;Com V�timas Feridas;Plena Noite;Crescente;C�u Claro;Simples;Reta;N�o;2;0;1;0;1;0;1;2;-3,20979297;-41,82955384;SPRF-PI;DEL05-PI;UOP01-DEL05-PI;;;
701151;28/06/2025;s�bado;18:00:00;SC;101;207;SAO JOSE;Rea��o tardia ou ineficiente do condutor;Colis�o lateral mesmo sentido;Com V�timas Feridas;Anoitecer;Crescente;Chuva;M�ltipla;"Curva;Aclive";Sim;3;0;1;0;2;0;1;2;-27,59604557;-48,6195487;SPRF-SC;DEL01-SC;UOP01-DEL01-SC;;;
701152;28/06/2025;s�bado;18:40:00;SP;116;218,5;GUARULHOS;Pedestre - Ingest�o de �lcool/ subst�ncias psicoativas;Atropelamento de Pedestre;Com V�timas Feridas;Plena Noite;Decrescente;Nublado;M�ltipla;Curva;Sim;5;0;0;1;1;3;1;3;-23,460858;-46,487062;SPRF-SP;DEL01-SP;UOP01-DEL01-SP;;;
701153;28/06/2025;s�bado;18:30:00;PB;101;63;SANTA RITA;Acumulo de �gua sobre o pavimento;Colis�o com objeto;Com V�timas Feridas;Plena Noite;Decrescente;Chuva;Dupla;Curva;N�o;2;0;1;1;0;0;2;1;-7,029077;-35,058447;SPRF-PB;DEL01-PB;UOP03-DEL01-PB;;;
701154;28/06/2025;s�bado;17:45:00;TO;153;298;PRESIDENTE KENNEDY;Ingest�o de �lcool pelo condutor;Tombamento;Com V�timas Feridas;Anoitecer;Crescente;C�u Claro;Simples;Reta;N�o;1;0;0;1;0;0;1;1;-8,45606757;-48,48564426;SPRF-TO;DEL02-TO;UOP02-DEL02-TO;;;
701155;28/06/2025;s�bado;19:07:00;ES;101;256;SERRA;Acessar a via sem observar a presen�a dos outros ve�culos;Atropelamento de Pedestre;Com V�timas Feridas;Plena Noite;Crescente;C�u Claro;Simples;Reta;Sim;3;0;2;0;1;0;2;2;-20,0488693;-40,3866778;SPRF-ES;DEL02-ES;UOP01-DEL02-ES;;;
701156;28/06/2025;s�bado;19:00:00;SC;101;191;BIGUACU;Rea��o tardia ou ineficiente do condutor;Colis�o com objeto;Sem V�timas;Plena Noite;Decrescente;Chuva;Dupla;Curva;Sim;3;0;0;0;3;0;0;1;-27,475088;-48,640731;SPRF-SC;DEL01-SC;UOP01-DEL01-SC;;;
701158;28/06/2025;s�bado;18:40:00;MG;262;118;RIO CASCA;Pedestre - Ingest�o de �lcool/ subst�ncias psicoativas;Colis�o transversal;Com V�timas Feridas;Plena Noite;Crescente;C�u Claro;Simples;Rotat�ria;Sim;2;0;0;1;1;0;1;2;-20,226563;-42,6411057;SPRF-MG;DEL03-MG;UOP03-DEL03-MG;;;
701159;28/06/2025;s�bado;16:50:00;BA;242;927;LUIS EDUARDO MAGALHAES;Rea��o tardia ou ineficiente do condutor;Sa�da de leito carro��vel;Com V�timas Feridas;Amanhecer;Crescente;C�u Claro;Simples;Reta;N�o;1;0;0;1;0;0;1;1;-12,1118;-45,95144;SPRF-BA;DEL10-BA;UOP01-DEL10-BA;;;
701160;28/06/2025;s�bado;19:18:00;RJ;101;437;MANGARATIBA;Rea��o tardia ou ineficiente do condutor;Queda de ocupante de ve�culo;Com V�timas Feridas;Plena Noite;Crescente;C�u Claro;Simples;Reta;N�o;1;0;1;0;0;0;1;1;-22,9349556;-43,9992289;SPRF-RJ;DEL03-RJ;UOP02-DEL03-RJ;;;
701161;28/06/2025;s�bado;19:20:00;RS;116;267;CANOAS;Condutor deixou de manter dist�ncia do ve�culo da frente;Colis�o lateral mesmo sentido;Sem V�timas;Plena Noite;Decrescente;Chuva;M�ltipla;Reta;Sim;2;0;0;0;2;0;0;2;-29,94028813;-51,17699636;SPRF-RS;DEL01-RS;UOP01-DEL01-RS;;;
701162;28/06/2025;s�bado;18:30:00;MT;70;6,2;BARRA DO GARCAS;Ingest�o de �lcool pelo condutor;Colis�o com objeto;Com V�timas Feridas;Plena Noite;Decrescente;C�u Claro;Dupla;Reta;Sim;1;0;1;0;0;0;1;1;-15,878117;-52,309663;SPRF-MT;DEL07-MT;UOP01-DEL07-MT;;;
701163;28/06/2025;s�bado;19:20:00;SP;488;1;APARECIDA;Defici�ncia do Sistema de Ilumina��o/Sinaliza��o;Atropelamento de Pedestre;Com V�timas Feridas;Plena Noite;Crescente;C�u Claro;Dupla;Reta;Sim;2;0;1;0;1;0;1;2;-22,85325987;-45,23225784;SPRF-SP;DEL08-SP;UOP01-DEL08-SP;;;
701164;28/06/2025;s�bado;19:35:00;RS;386;436;NOVA SANTA RITA;Acessar a via sem observar a presen�a dos outros ve�culos;Colis�o lateral mesmo sentido;Com V�timas Feridas;Plena Noite;Decrescente;Chuva;Dupla;Reta;Sim;2;0;1;0;1;0;1;2;-29,854;-51,264;SPRF-RS;DEL04-RS;UOP02-DEL04-RS;;;
701165;28/06/2025;s�bado;19:20:00;ES;101;262;SERRA;Acessar a via sem observar a presen�a dos outros ve�culos;Colis�o traseira;Sem V�timas;Plena Noite;Decrescente;C�u Claro;Dupla;Reta;N�o;2;0;0;0;2;0;0;2;-20,160472;-40,275685;SPRF-ES;DEL02-ES;UOP01-DEL02-ES;;;
701167;28/06/2025;s�bado;17:20:00;SC;282;217;LAGES;Pedestre cruzava a pista fora da faixa;Atropelamento de Pedestre;Com V�timas Feridas;Anoitecer;Crescente;Chuva;Dupla;Reta;Sim;2;0;1;0;1;0;1;2;-27,797677;-50,301115;SPRF-SC;DEL05-SC;UOP01-DEL05-SC;;;
701169;28/06/2025;s�bado;19:30:00;PI;343;265,9;CAMPO MAIOR;Aus�ncia de rea��o do condutor;Colis�o traseira;Sem V�timas;Plena Noite;Crescente;Nublado;Simples;Reta;Sim;2;0;0;0;2;0;0;2;-4,83978429;-42,17342377;SPRF-PI;DEL01-PI;UOP03-DEL01-PI;;;
701171;28/06/2025;s�bado;19:34:00;RN;304;297;MACAIBA;Convers�o proibida;Colis�o transversal;Com V�timas Feridas;Plena Noite;Crescente;Chuva;Dupla;Reta;Sim;2;0;0;1;1;0;1;2;-5,8644733;-35,34615962;SPRF-RN;DEL01-RN;UOP02-DEL01-RN;;;
701174;28/06/2025;s�bado;12:00:00;RJ;101;322;NITEROI;Demais falhas mec�nicas ou el�tricas;Inc�ndio;Sem V�timas;Pleno dia;Decrescente;C�u Claro;M�ltipla;Reta;Sim;1;0;0;0;1;0;0;1;-22,88300738;-43,11615612;SPRF-RJ;DEL02-RJ;UOP01-DEL02-RJ;;;
701175;28/06/2025;s�bado;19:30:00;RJ;40;114;DUQUE DE CAXIAS;Avarias e/ou desgaste excessivo no pneu;Queda de ocupante de ve�culo;Com V�timas Feridas;Plena Noite;Decrescente;C�u Claro;Dupla;Reta;Sim;2;0;2;0;0;0;2;1;-22,71867455;-43,289596;SPRF-RJ;DEL01-RJ;UOP02-DEL01-RJ;;;
701177;28/06/2025;s�bado;19:20:00;MG;40;422,9;CURVELO;Acessar a via sem observar a presen�a dos outros ve�culos;Colis�o transversal;Sem V�timas;Plena Noite;Decrescente;C�u Claro;Dupla;Reta;N�o;4;0;0;0;4;0;0;2;-19,15338748;-44,53734811;SPRF-MG;DEL02-MG;UOP01-DEL02-MG;;;
701178;28/06/2025;s�bado;19:28:00;DF;251;10;BRASILIA;Condutor deixou de manter dist�ncia do ve�culo da frente;Colis�o traseira;Com V�timas Feridas;Plena Noite;Crescente;C�u Claro;Simples;Reta;N�o;2;0;1;0;1;0;1;2;-15,98191719;-47,57968426;SPRF-DF;DEL01-DF;UOP01-DEL01-DF;;;
701180;28/06/2025;s�bado;18:30:00;SC;282;225;LAGES;Chuva;Sa�da de leito carro��vel;Sem V�timas;Plena Noite;Decrescente;Chuva;Simples;"Reta;Aclive";N�o;2;0;0;0;1;1;0;1;-27,79526957;-50,38312761;SPRF-SC;DEL05-SC;UOP02-DEL05-SC;;;
701181;28/06/2025;s�bado;20:30:00;RS;470;219;BENTO GONCALVES;Acumulo de �gua sobre o pavimento;Sa�da de leito carro��vel;Com V�timas Feridas;Plena Noite;Decrescente;Chuva;Dupla;"Aclive;Curva";Sim;1;0;1;0;0;0;1;1;-29,18887103;-51,52161789;SPRF-RS;DEL06-RS;UOP01-DEL06-RS;;;
701182;28/06/2025;s�bado;19:50:00;SC;280;54,7;GUARAMIRIM;Rea��o tardia ou ineficiente do condutor;Colis�o com objeto;Sem V�timas;Plena Noite;Decrescente;Chuva;Dupla;Reta;N�o;1;0;0;0;1;0;0;1;-26,475483;-48,991994;SPRF-SC;DEL03-SC;UOP03-DEL03-SC;;;
701184;05/06/2025;quinta-feira;05:56:00;SP;381;70;MAIRIPORA;Aus�ncia de rea��o do condutor;Queda de ocupante de ve�culo;Com V�timas Feridas;Amanhecer;Decrescente;Ignorado;M�ltipla;"Declive;Curva";Sim;1;0;1;0;0;0;1;1;-23,34989393;-46,5602487;SPRF-SP;DEL03-SP;UOP01-DEL03-SP;;;
701186;28/06/2025;s�bado;19:05:00;CE;222;149,6;IRAUCUBA;Transitar na contram�o;Colis�o frontal;Com V�timas Feridas;Plena Noite;Crescente;Garoa/Chuvisco;Simples;Reta;Sim;2;0;0;1;1;0;1;2;-3,74792637;-39,78934614;SPRF-CE;DEL04-CE;UOP03-DEL04-CE;;;
701187;28/06/2025;s�bado;18:30:00;MT;70;200;GENERAL CARNEIRO;Transitar na contram�o;Colis�o lateral sentido oposto;Com V�timas Feridas;Plena Noite;Decrescente;C�u Claro;Simples;Reta;N�o;5;0;2;2;1;0;4;2;-15,603653;-53,146747;SPRF-MT;DEL05-MT;UOP01-DEL05-MT;;;
701188;22/06/2025;domingo;19:55:00;MG;153;6;ARAPORA;Manobra de mudan�a de faixa;Sa�da de leito carro��vel;Com V�timas Feridas;Pleno dia;Crescente;C�u Claro;Dupla;Reta;N�o;2;0;2;0;0;0;2;1;-18,46317261;-49,18779946;SPRF-MG;DEL15-MG;UOP03-DEL15-MG;;;
701190;28/06/2025;s�bado;19:10:00;PA;316;244;CACHOEIRA DO PIRIA;Transitar no Acostamento;Colis�o com objeto;Com V�timas Fatais;Plena Noite;Crescente;C�u Claro;Simples;"Ponte;Reta";Sim;3;1;0;1;0;1;1;2;-1,75127;-46,556673;SPRF-PA;DEL01-PA;UOP04-DEL01-PA;;;
701192;28/06/2025;s�bado;21:30:00;SC;470;136;RIO DO SUL;Rea��o tardia ou ineficiente do condutor;Capotamento;Sem V�timas;Plena Noite;Decrescente;C�u Claro;Simples;Reta;N�o;1;0;0;0;1;0;0;1;-27,188366;-49,611742;SPRF-SC;DEL04-SC;UOP02-DEL04-SC;;;
701193;28/06/2025;s�bado;19:00:00;MT;174;298;PONTES E LACERDA;Animais na Pista;Atropelamento de Animal;Com V�timas Feridas;Plena Noite;Decrescente;C�u Claro;Simples;Declive;N�o;1;0;1;0;0;0;1;1;-15,16375769;-59,31699944;SPRF-MT;DEL04-MT;UOP01-DEL04-MT;;;
701195;28/06/2025;s�bado;21:45:00;RS;290;88;PORTO ALEGRE;Avarias e/ou desgaste excessivo no pneu;Colis�o com objeto;Sem V�timas;Plena Noite;Decrescente;Chuva;M�ltipla;Reta;Sim;1;0;0;0;1;0;0;1;-29,96742713;-51,14144325;SPRF-RS;DEL01-RS;UOP01-DEL01-RS;;;
701196;28/06/2025;s�bado;21:57:00;SC;101;186;BIGUACU;Rea��o tardia ou ineficiente do condutor;Colis�o com objeto;Com V�timas Feridas;Plena Noite;Decrescente;Nublado;Dupla;Curva;N�o;3;0;1;0;2;0;1;1;-27,440825;-48,627337;SPRF-SC;DEL01-SC;UOP01-DEL01-SC;;;
701197;28/06/2025;s�bado;21:20:00;MG;365;608;UBERLANDIA;Objeto est�tico sobre o leito carro��vel;Colis�o com objeto;Com V�timas Feridas;Plena Noite;Crescente;C�u Claro;Dupla;Reta;N�o;4;0;0;1;3;0;1;2;-18,90899098;-48,1687567;SPRF-MG;DEL15-MG;UOP01-DEL15-MG;;;
701198;28/06/2025;s�bado;15:30:00;PI;316;314;PICOS;Manobra de mudan�a de faixa;Colis�o lateral mesmo sentido;Com V�timas Feridas;Pleno dia;Crescente;C�u Claro;Simples;Reta;Sim;3;0;2;0;1;0;2;2;-7,077842;-41,441224;SPRF-PI;DEL04-PI;UOP01-DEL04-PI;;;
701200;28/06/2025;s�bado;21:30:00;TO;10;461;PALMAS;Aus�ncia de rea��o do condutor;Sa�da de leito carro��vel;Com V�timas Fatais;Plena Noite;Crescente;C�u Claro;M�ltipla;Reta;Sim;1;1;0;0;0;0;0;1;-10,2593664;-48,3108447;SPRF-TO;DEL01-TO;UOP03-DEL01-TO;;;