id;data_inversa;dia_semana;horario;uf;br;km;municipio;causa_acidente;tipo_acidente;classificacao_acidente;fase_dia;sentido_via;condicao_metereologica;tipo_pista;tracado_via;uso_solo;pessoas;mortos;feridos_leves;feridos_graves;ilesos;ignorados;feridos;veiculos;latitude;longitude;regional;delegacia;uop;;;
701201;28/06/2025;s�bado;22:10:00;SC;101;88;BARRA VELHA;Velocidade Incompat�vel;Capotamento;Com V�timas Feridas;Plena Noite;Crescente;Nublado;Dupla;Viaduto;Sim;1;0;1;0;0;0;1;1;-26,65039732;-48,68701665;SPRF-SC;DEL03-SC;UOP02-DEL03-SC;;;
701203;28/06/2025;s�bado;21:40:00;PB;101;45;MAMANGUAPE;Aus�ncia de rea��o do condutor;Sa�da de leito carro��vel;Sem V�timas;Plena Noite;Decrescente;Chuva;Dupla;Retorno Regulamentado;N�o;1;0;0;0;0;1;0;1;-6,88199184;-35,13110071;SPRF-PB;DEL01-PB;UOP03-DEL01-PB;;;
701204;28/06/2025;s�bado;18:25:00;RN;405;76,5;APODI;Pedestre cruzava a pista fora da faixa;Atropelamento de Pedestre;Com V�timas Feridas;Plena Noite;Crescente;C�u Claro;Dupla;Reta;Sim;2;0;1;1;0;0;2;2;-5,658392;-37,799147;SPRF-RN;DEL04-RN;UOP02-DEL04-RN;;;
701205;28/06/2025;s�bado;20:55:00;SC;101;241,8;PALHOCA;Transitar na contram�o;Sa�da de leito carro��vel;Sem V�timas;Plena Noite;Crescente;Garoa/Chuvisco;Dupla;Reta;N�o;1;0;0;0;1;0;0;1;-27,87777141;-48,64714829;SPRF-SC;DEL01-SC;UOP02-DEL01-SC;;;
701206;28/06/2025;s�bado;22:45:00;SC;101;203,6;SAO JOSE;Velocidade Incompat�vel;Colis�o com objeto;Sem V�timas;Plena Noite;Decrescente;Nublado;M�ltipla;"Declive;Reta";Sim;1;0;0;0;0;1;0;1;-27,56925707;-48,61383207;SPRF-SC;DEL01-SC;UOP01-DEL01-SC;;;
701207;28/06/2025;s�bado;22:40:00;CE;116;15,1;FORTALEZA;Manobra de mudan�a de faixa;Tombamento;Com V�timas Feridas;Plena Noite;Crescente;Chuva;Dupla;Reta;Sim;1;0;1;0;0;0;1;1;-3,8796489;-38,5011098;SPRF-CE;DEL01-CE;UOP02-DEL01-CE;;;
701208;28/06/2025;s�bado;22:40:00;RS;290;91;PORTO ALEGRE;Avarias e/ou desgaste excessivo no pneu;Sa�da de leito carro��vel;Sem V�timas;Plena Noite;Crescente;Chuva;Simples;Curva;Sim;1;0;0;0;0;1;0;1;-29,96910075;-51,17574024;SPRF-RS;DEL01-RS;UOP01-DEL01-RS;;;
701211;28/06/2025;s�bado;22:15:00;RJ;40;121;DUQUE DE CAXIAS;Pista Escorregadia;Queda de ocupante de ve�culo;Com V�timas Feridas;Plena Noite;Crescente;Nublado;M�ltipla;Curva;Sim;1;0;1;0;0;0;1;1;-22,78465964;-43,28584789;SPRF-RJ;DEL01-RJ;UOP02-DEL01-RJ;;;
701212;28/06/2025;s�bado;22:00:00;ES;101;62;SAO MATEUS;Ingest�o de �lcool pelo condutor;Colis�o lateral mesmo sentido;Com V�timas Feridas;Plena Noite;Crescente;Nublado;Dupla;"Reta;Aclive";N�o;2;0;2;0;0;0;2;2;-18,69209541;-39,86270841;SPRF-ES;DEL04-ES;UOP02-DEL04-ES;;;
701216;28/06/2025;s�bado;23:00:00;SC;282;52;AGUAS MORNAS;Ingest�o de �lcool pelo condutor;Sa�da de leito carro��vel;Com V�timas Feridas;Plena Noite;Decrescente;C�u Claro;Simples;Curva;N�o;1;0;1;0;0;0;1;1;-27,69715;-48,96443;SPRF-SC;DEL01-SC;UOP03-DEL01-SC;;;
701218;28/06/2025;s�bado;23:20:00;SE;101;95;NOSSA SENHORA DO SOCORRO;Entrada inopinada do pedestre;Atropelamento de Pedestre;Com V�timas Fatais;Plena Noite;Crescente;Nublado;Dupla;"Reta;Declive";N�o;2;1;0;1;0;0;1;2;-10,915678;-37,164584;SPRF-SE;DEL02-SE;UOP01-DEL02-SE;;;
701219;28/06/2025;s�bado;22:10:00;RJ;101;505;ANGRA DOS REIS;Convers�o proibida;Colis�o frontal;Com V�timas Feridas;Plena Noite;Crescente;Chuva;Simples;Interse��o de Vias;Sim;3;0;0;2;1;0;2;2;-22,9895614;-44,2418246;SPRF-RJ;DEL03-RJ;UOP03-DEL03-RJ;;;
701220;29/06/2025;domingo;00:10:00;ES;101;258,5;SERRA;Condutor deixou de manter dist�ncia do ve�culo da frente;Colis�o traseira;Com V�timas Feridas;Plena Noite;Decrescente;C�u Claro;Dupla;Reta;Sim;3;0;2;0;0;1;2;2;-20,13689998;-40,29217511;SPRF-ES;DEL02-ES;UOP01-DEL02-ES;;;
701221;29/06/2025;domingo;00:04:00;PE;232;146;SAO CAITANO;Acesso irregular;Colis�o transversal;Com V�timas Feridas;Plena Noite;Crescente;Chuva;Simples;Reta;Sim;3;0;1;1;1;0;2;2;-8,333208;-36,130173;SPRF-PE;DEL03-PE;UOP02-DEL03-PE;;;
701222;28/06/2025;s�bado;23:50:00;BA;410;2;RIBEIRA DO POMBAL;Rea��o tardia ou ineficiente do condutor;Queda de ocupante de ve�culo;Com V�timas Feridas;Plena Noite;Decrescente;C�u Claro;Simples;"Reta;Aclive";Sim;1;0;0;1;0;0;1;1;-10,81767213;-38,53389859;SPRF-BA;DEL07-BA;UOP02-DEL07-BA;;;
701224;28/06/2025;s�bado;20:00:00;BA;101;406;IBIRAPITANGA;Aus�ncia de rea��o do condutor;Sa�da de leito carro��vel;Com V�timas Fatais;Pleno dia;Crescente;Ignorado;Simples;Reta;N�o;1;1;0;0;0;0;0;1;-14,037133;-39,416189;SPRF-BA;DEL05-BA;UOP03-DEL05-BA;;;
701227;28/06/2025;s�bado;16:00:00;SC;282;52,8;AGUAS MORNAS;Velocidade Incompat�vel;Sa�da de leito carro��vel;Com V�timas Fatais;Pleno dia;Decrescente;Chuva;Simples;"Curva;Declive";N�o;1;1;0;0;0;0;0;1;-27,692366;-48,970088;SPRF-SC;DEL01-SC;UOP03-DEL01-SC;;;
701230;28/06/2025;s�bado;19:00:00;AL;316;190,2;TANQUE DARCA;Demais falhas mec�nicas ou el�tricas;Inc�ndio;Sem V�timas;Plena Noite;Decrescente;Chuva;Simples;Reta;N�o;1;0;0;0;0;1;0;1;-9,5769;-36,40873;SPRF-AL;DEL03-AL;UOP01-DEL03-AL;;;
701231;28/06/2025;s�bado;22:30:00;MG;262;65,9;MATIPO;Transitar na contram�o;Colis�o frontal;Com V�timas Feridas;Pleno dia;Decrescente;C�u Claro;Simples;Curva;N�o;2;0;0;1;1;0;1;2;-20,303557;-42,25907;SPRF-MG;DEL06-MG;UOP03-DEL06-MG;;;
701232;28/06/2025;s�bado;22:20:00;RJ;465;1;SEROPEDICA;Ilumina��o deficiente;Colis�o transversal;Com V�timas Feridas;Plena Noite;Crescente;C�u Claro;Simples;Reta;Sim;2;0;2;0;0;0;2;2;-22,71887359;-43,72730255;SPRF-RJ;DEL06-RJ;UOP02-DEL06-RJ;;;
701235;29/06/2025;domingo;02:00:00;PR;277;122;CAMPO LARGO;Aus�ncia de rea��o do condutor;Sa�da de leito carro��vel;Com V�timas Feridas;Plena Noite;Crescente;Nevoeiro/Neblina;Dupla;"Declive;Reta";Sim;1;0;1;0;0;0;1;1;-25,435249;-49,540603;SPRF-PR;DEL03-PR;UOP03-DEL03-PR;;;
701238;29/06/2025;domingo;02:30:00;SE;101;81;LARANJEIRAS;Condutor deixou de manter dist�ncia do ve�culo da frente;Colis�o traseira;Sem V�timas;Plena Noite;Crescente;C�u Claro;Dupla;Reta;Sim;2;0;0;0;2;0;0;2;-10,80780384;-37,14018345;SPRF-SE;DEL01-SE;UOP01-DEL01-SE;;;
701239;29/06/2025;domingo;02:53:00;RJ;101;62;CAMPOS DOS GOYTACAZES;Convers�o proibida;Colis�o transversal;Sem V�timas;Plena Noite;Decrescente;Ignorado;Simples;Reta;Sim;2;0;0;0;2;0;0;2;-21,7425;-41,3314;SPRF-RJ;DEL08-RJ;UOP01-DEL08-RJ;;;
701242;29/06/2025;domingo;02:40:00;RJ;116;191;NOVA IGUACU;Aus�ncia de rea��o do condutor;Sa�da de leito carro��vel;Com V�timas Feridas;Plena Noite;Decrescente;C�u Claro;Dupla;Reta;N�o;1;0;1;0;0;0;1;1;-22,74323;-43,5155;SPRF-RJ;DEL06-RJ;UOP01-DEL06-RJ;;;
701243;29/06/2025;domingo;01:30:00;MG;262;822,1;UBERABA;Rea��o tardia ou ineficiente do condutor;Colis�o traseira;Com V�timas Feridas;Plena Noite;Crescente;C�u Claro;Dupla;Reta;N�o;3;0;1;0;2;0;1;2;-19,761591;-48,086447;SPRF-MG;DEL13-MG;UOP01-DEL13-MG;;;
701244;28/06/2025;s�bado;20:30:00;MG;116;581,7;MANHUACU;Aus�ncia de rea��o do condutor;Sa�da de leito carro��vel;Com V�timas Feridas;Plena Noite;Crescente;C�u Claro;Simples;Reta;N�o;4;0;3;0;1;0;3;1;-20,214188;-42,18135;SPRF-MG;DEL06-MG;UOP03-DEL06-MG;;;
701245;29/06/2025;domingo;03:30:00;MG;262;643,5;IBIA;Transitar na contram�o;Colis�o lateral sentido oposto;Com V�timas Feridas;Plena Noite;Decrescente;C�u Claro;Simples;Reta;N�o;3;0;0;2;1;0;2;2;-19,57503485;-46,59413338;SPRF-MG;DEL08-MG;UOP01-DEL08-MG;;;
701246;29/06/2025;domingo;03:20:00;SP;153;73;SAO JOSE DO RIO PRETO;Aus�ncia de rea��o do condutor;Sa�da de leito carro��vel;Com V�timas Feridas;Plena Noite;Decrescente;C�u Claro;Dupla;"Declive;Reta";N�o;1;0;1;0;0;0;1;1;-20,88066273;-49,42318646;SPRF-SP;DEL09-SP;UOP01-DEL09-SP;;;
701247;29/06/2025;domingo;01:15:00;PA;10;20,6;DOM ELISEU;Ingest�o de �lcool pelo condutor;Colis�o com objeto;Com V�timas Feridas;Plena Noite;Crescente;C�u Claro;Simples;"Reta;Declive";N�o;2;0;0;2;0;0;2;1;-4,26443892;-47,56093025;SPRF-PA;DEL02-PA;UOP02-DEL02-PA;;;
701248;29/06/2025;domingo;02:50:00;RS;290;89;PORTO ALEGRE;Condutor Dormindo;Colis�o traseira;Com V�timas Feridas;Plena Noite;Decrescente;Chuva;M�ltipla;Reta;N�o;4;0;1;0;3;0;1;2;-29,96840411;-51,15971617;SPRF-RS;DEL01-RS;UOP01-DEL01-RS;;;
701249;29/06/2025;domingo;04:38:00;ES;101;233;FUNDAO;Condutor deixou de manter dist�ncia do ve�culo da frente;Colis�o traseira;Com V�timas Feridas;Plena Noite;Decrescente;Nublado;Simples;Reta;N�o;4;0;2;0;0;2;2;2;-19,96177;-40,40434;SPRF-ES;DEL02-ES;UOP01-DEL02-ES;;;
701250;29/06/2025;domingo;03:20:00;RJ;116;311;RESENDE;Manobra de mudan�a de faixa;Colis�o lateral mesmo sentido;Com V�timas Feridas;Plena Noite;Decrescente;C�u Claro;Dupla;Reta;Sim;5;0;2;0;3;0;2;2;-22,4604218;-44,4514454;SPRF-RJ;DEL07-RJ;UOP02-DEL07-RJ;;;
701252;29/06/2025;domingo;04:00:00;SE;101;78,5;LARANJEIRAS;Rea��o tardia ou ineficiente do condutor;Sa�da de leito carro��vel;Com V�timas Feridas;Amanhecer;Decrescente;C�u Claro;Dupla;Reta;N�o;1;0;1;0;0;0;1;1;-10,79;-37,141;SPRF-SE;DEL01-SE;UOP01-DEL01-SE;;;
701253;29/06/2025;domingo;03:30:00;SC;470;26;ILHOTA;Aus�ncia de rea��o do condutor;Sa�da de leito carro��vel;Com V�timas Feridas;Plena Noite;Decrescente;C�u Claro;Dupla;Retorno Regulamentado;N�o;1;0;1;0;0;0;1;1;-26,88807129;-48,87679903;SPRF-SC;DEL04-SC;UOP04-DEL04-SC;;;
701254;29/06/2025;domingo;04:30:00;MG;116;628,6;ORIZANIA;Aus�ncia de rea��o do condutor;Sa�da de leito carro��vel;Com V�timas Fatais;Plena Noite;Crescente;Nublado;Simples;Reta;N�o;1;1;0;0;0;0;0;1;-20,580308;-42,20796;SPRF-MG;DEL07-MG;UOP02-DEL07-MG;;;
701255;28/06/2025;s�bado;11:30:00;MG;40;779,7;JUIZ DE FORA;Rea��o tardia ou ineficiente do condutor;Tombamento;Com V�timas Feridas;Pleno dia;Decrescente;C�u Claro;Dupla;Curva;N�o;2;0;0;1;1;0;1;1;-21,698621;-43,451657;SPRF-MG;DEL05-MG;UOP01-DEL05-MG;;;
701256;29/06/2025;domingo;00:25:00;BA;101;938;MUCURI;Condutor deixou de manter dist�ncia do ve�culo da frente;Colis�o traseira;Com V�timas Fatais;Plena Noite;Decrescente;C�u Claro;Simples;Reta;N�o;2;1;1;0;0;0;1;2;-18,035652;-39,865152;SPRF-BA;DEL09-BA;UOP02-DEL09-BA;;;
701257;29/06/2025;domingo;02:50:00;SC;101;140,9;BALNEARIO CAMBORIU;Ingest�o de �lcool pelo condutor;Colis�o lateral mesmo sentido;Sem V�timas;Plena Noite;Crescente;Nublado;Dupla;Curva;Sim;2;0;0;0;2;0;0;2;-27,046519;-48,599516;SPRF-SC;DEL04-SC;UOP03-DEL04-SC;;;
701258;29/06/2025;domingo;04:30:00;PR;376;391,9;IMBAU;Condutor Dormindo;Sa�da de leito carro��vel;Com V�timas Feridas;Plena Noite;Decrescente;Nublado;Dupla;Reta;N�o;1;0;1;0;0;0;1;1;-24,48823143;-50,73311515;SPRF-PR;DEL03-PR;UOP02-DEL03-PR;;;
701259;29/06/2025;domingo;01:30:00;GO;364;59;CACHOEIRA ALTA;Ingest�o de �lcool pelo condutor;Sa�da de leito carro��vel;Sem V�timas;Plena Noite;Decrescente;C�u Claro;Dupla;Reta;N�o;1;0;0;0;0;1;0;1;-18,736848;-50,945333;SPRF-GO;DEL05-GO;UOP02-DEL05-GO;;;
701260;29/06/2025;domingo;03:35:00;GO;80;125,9;BARRO ALTO;Ingest�o de �lcool pelo condutor;Tombamento;Com V�timas Feridas;Plena Noite;Decrescente;C�u Claro;Simples;"Reta;Interse��o de Vias";N�o;1;0;1;0;0;0;1;1;-15,023412;-48,896397;SPRF-GO;DEL07-GO;UOP02-DEL07-GO;;;
701261;29/06/2025;domingo;05:05:00;DF;20;24,8;BRASILIA;Rea��o tardia ou ineficiente do condutor;Colis�o com objeto;Sem V�timas;Amanhecer;Crescente;C�u Claro;Dupla;Viaduto;Sim;2;0;0;0;1;1;0;2;-15,59578;-47,653471;SPRF-DF;DEL02-DF;UOP01-DEL02-DF;;;
701262;29/06/2025;domingo;04:15:00;SP;116;278;ITAPECERICA DA SERRA;Aus�ncia de rea��o do condutor;Capotamento;Com V�timas Feridas;Plena Noite;Decrescente;C�u Claro;Dupla;Curva;Sim;1;0;1;0;0;0;1;1;-23,70032593;-46,86887929;SPRF-SP;DEL04-SP;UOP01-DEL04-SP;;;
701263;29/06/2025;domingo;05:20:00;RS;392;352;SANTA MARIA;Pedestre andava na pista;Atropelamento de Pedestre;Com V�timas Feridas;Plena Noite;Decrescente;C�u Claro;Dupla;Reta;Sim;2;0;1;0;0;1;1;2;-29,719628;-53,807913;SPRF-RS;DEL09-RS;UOP01-DEL09-RS;;;
701264;29/06/2025;domingo;04:00:00;PR;277;668,5;MEDIANEIRA;Neblina;Colis�o traseira;Com V�timas Feridas;Plena Noite;Crescente;Chuva;Dupla;Reta;Sim;3;0;1;0;2;0;1;2;-25,2736;-54,06756;SPRF-PR;DEL05-PR;UOP02-DEL05-PR;;;
701265;29/06/2025;domingo;02:00:00;RS;116;149;CAXIAS DO SUL;Condutor desrespeitou a ilumina��o vermelha do sem�foro;Colis�o transversal;Com V�timas Feridas;Plena Noite;Decrescente;Garoa/Chuvisco;Dupla;Interse��o de Vias;Sim;3;0;1;0;2;0;1;2;-29,16091655;-51,15662305;SPRF-RS;DEL05-RS;UOP01-DEL05-RS;;;
701266;29/06/2025;domingo;05:10:00;DF;40;6;BRASILIA;Rea��o tardia ou ineficiente do condutor;Capotamento;Sem V�timas;Plena Noite;Crescente;C�u Claro;Dupla;Reta;Sim;2;0;0;0;2;0;0;2;-16,03335928;-47,97893376;SPRF-DF;DEL01-DF;UOP01-DEL01-DF;;;
701267;28/06/2025;s�bado;22:15:00;RJ;116;109;GUAPIMIRIM;Animais na Pista;Atropelamento de Animal;Com V�timas Feridas;Plena Noite;Decrescente;Nublado;Dupla;"Reta;Aclive";Sim;1;0;1;0;0;0;1;1;-22,53951293;-42,98812866;SPRF-RJ;DEL04-RJ;UOP01-DEL04-RJ;;;
701269;29/06/2025;domingo;06:50:00;RJ;116;171;SAO JOAO DE MERITI;Demais falhas mec�nicas ou el�tricas;Inc�ndio;Sem V�timas;Amanhecer;Decrescente;C�u Claro;Dupla;Reta;N�o;1;0;0;0;1;0;0;1;-22,7996133;-43,35524496;SPRF-RJ;DEL06-RJ;UOP01-DEL06-RJ;;;
701270;29/06/2025;domingo;06:50:00;SP;116;159;JACAREI;Aus�ncia de rea��o do condutor;Sa�da de leito carro��vel;Com V�timas Feridas;Amanhecer;Decrescente;C�u Claro;Dupla;Reta;Sim;1;0;1;0;0;0;1;1;-23,26302149;-45,95512391;SPRF-SP;DEL02-SP;UOP01-DEL02-SP;;;
701271;29/06/2025;domingo;03:45:00;PA;230;13,8;ALTAMIRA;Animais na Pista;Atropelamento de Animal;Sem V�timas;Plena Noite;Crescente;C�u Claro;Simples;Reta;Sim;2;0;0;0;1;1;0;2;-3,209257;-52,239967;SPRF-PA;DEL04-PA;UOP01-DEL04-PA;;;
701272;29/06/2025;domingo;07:00:00;PR;376;160;MARINGA;Rea��o tardia ou ineficiente do condutor;Sa�da de leito carro��vel;Com V�timas Feridas;Pleno dia;Crescente;C�u Claro;Dupla;Reta;N�o;1;0;1;0;0;0;1;1;-23,365626;-52,079619;SPRF-PR;DEL09-PR;UOP02-DEL09-PR;;;
701273;29/06/2025;domingo;04:30:00;RR;401;92;BONFIM;Ingest�o de �lcool pelo condutor;Colis�o lateral sentido oposto;Sem V�timas;Plena Noite;Decrescente;Ignorado;Simples;Reta;N�o;5;0;0;0;5;0;0;2;3,263078;-60,067336;SPRF-RR;DEL01-RR;UOP01-DEL01-RR;;;
701274;13/06/2025;sexta-feira;18:40:00;PI;316;2,8;TERESINA;Aus�ncia de rea��o do condutor;Engavetamento;Com V�timas Feridas;Plena Noite;Decrescente;C�u Claro;M�ltipla;Reta;Sim;9;0;1;2;5;1;3;8;-5,12735;-42,79336;SPRF-PI;DEL01-PI;UOP02-DEL01-PI;;;
701275;28/06/2025;s�bado;22:00:00;RS;287;422;UNISTALDA;Rea��o tardia ou ineficiente do condutor;Sa�da de leito carro��vel;Com V�timas Feridas;Plena Noite;Decrescente;Chuva;Simples;Curva;N�o;1;0;0;1;0;0;1;1;-29,04323;-55,0314;SPRF-RS;DEL12-RS;UOP02-DEL12-RS;;;
701276;29/06/2025;domingo;06:40:00;GO;60;50;ABADIANIA;Demais falhas mec�nicas ou el�tricas;Colis�o traseira;Com V�timas Feridas;Pleno dia;Crescente;C�u Claro;Dupla;Curva;N�o;6;0;5;0;1;0;5;2;-16,14875095;-48,60995293;SPRF-GO;DEL02-GO;UOP01-DEL02-GO;;;
701277;29/06/2025;domingo;07:00:00;SC;280;147,7;MAFRA;Ingest�o de �lcool pelo condutor;Sa�da de leito carro��vel;Com V�timas Feridas;Pleno dia;Decrescente;Nublado;Simples;Reta;N�o;4;0;1;2;1;0;3;1;-26,2451;-49,67012;SPRF-SC;DEL06-SC;UOP03-DEL06-SC;;;
701278;29/06/2025;domingo;06:30:00;SE;101;156;SANTA LUZIA DO ITANHY;Chuva;Capotamento;Com V�timas Feridas;Amanhecer;Decrescente;Chuva;Simples;Curva;N�o;2;0;1;0;1;0;1;1;-11,31478621;-37,52336741;SPRF-SE;DEL02-SE;UOP01-DEL02-SE;;;
701281;29/06/2025;domingo;07:15:00;GO;153;515,2;APARECIDA DE GOIANIA;Manobra de mudan�a de faixa;Colis�o traseira;Com V�timas Feridas;Pleno dia;Decrescente;Sol;Dupla;Retorno Regulamentado;Sim;3;0;2;0;1;0;2;2;-16,832388;-49,24332;SPRF-GO;DEL01-GO;UOP03-DEL01-GO;;;
701282;29/06/2025;domingo;01:30:00;RJ;465;18;RIO DE JANEIRO;Ingest�o de �lcool pelo condutor;Colis�o frontal;Com V�timas Feridas;Plena Noite;Crescente;C�u Claro;Simples;Reta;Sim;2;0;1;0;1;0;1;2;-22,83962055;-43,55936944;SPRF-RJ;DEL06-RJ;UOP02-DEL06-RJ;;;
701283;29/06/2025;domingo;07:10:00;RJ;493;79;NOVA IGUACU;Aus�ncia de rea��o do condutor;Queda de ocupante de ve�culo;Com V�timas Feridas;Pleno dia;Decrescente;C�u Claro;Dupla;Reta;N�o;2;0;2;0;0;0;2;1;-22,67849876;-43,53818214;SPRF-RJ;DEL01-RJ;UOP03-DEL01-RJ;;;
701284;29/06/2025;domingo;07:00:00;RJ;101;387;RIO DE JANEIRO;Condutor deixou de manter dist�ncia do ve�culo da frente;Capotamento;Com V�timas Feridas;Pleno dia;Decrescente;C�u Claro;Dupla;Reta;N�o;1;0;1;0;0;0;1;1;-22,887906;-43,656404;SPRF-RJ;DEL03-RJ;UOP01-DEL03-RJ;;;
701285;05/06/2025;quinta-feira;11:30:00;PR;476;111;COLOMBO;Velocidade Incompat�vel;Colis�o frontal;Com V�timas Feridas;Pleno dia;Crescente;Chuva;Simples;Curva;N�o;3;0;1;0;2;0;1;2;-25,31527572;-49,15383786;SPRF-PR;DEL01-PR;UOP01-DEL01-PR;;;
701286;24/03/2025;segunda-feira;18:48:00;DF;70;18;BRASILIA;Acessar a via sem observar a presen�a dos outros ve�culos;Colis�o traseira;Com V�timas Feridas;Anoitecer;Crescente;Nublado;Dupla;"Reta;Aclive";N�o;2;0;0;1;1;0;1;2;-15,78961532;-48,2163924;SPRF-DF;DEL03-DF;UOP02-DEL03-DF;;;
701287;29/06/2025;domingo;08:00:00;SP;381;74;SAO PAULO;Aus�ncia de rea��o do condutor;Colis�o traseira;Com V�timas Feridas;Pleno dia;Decrescente;C�u Claro;M�ltipla;"Curva;Aclive";N�o;2;0;0;1;1;0;1;2;-23,385741;-46,564565;SPRF-SP;DEL03-SP;UOP01-DEL03-SP;;;
701289;29/06/2025;domingo;07:23:00;MT;163;832;SINOP;Ingest�o de �lcool pelo condutor;Queda de ocupante de ve�culo;Com V�timas Feridas;Pleno dia;Crescente;C�u Claro;Simples;Rotat�ria;N�o;1;0;1;0;0;0;1;1;-11,882325;-55,500439;SPRF-MT;DEL06-MT;UOP02-DEL06-MT;;;
701290;13/03/2025;quinta-feira;07:20:00;DF;80;24;BRASILIA;Acessar a via sem observar a presen�a dos outros ve�culos;Colis�o transversal;Com V�timas Feridas;Pleno dia;Decrescente;C�u Claro;Simples;"Reta;Aclive;Interse��o de Vias";N�o;2;0;0;1;1;0;1;2;-15,62690993;-48,19947571;SPRF-DF;DEL03-DF;UOP02-DEL03-DF;;;
701292;29/06/2025;domingo;09:30:00;ES;101;266,1;SERRA;Condutor desrespeitou a ilumina��o vermelha do sem�foro;Colis�o transversal;Com V�timas Feridas;Pleno dia;Crescente;Sol;Dupla;Retorno Regulamentado;Sim;3;0;1;0;2;0;1;2;-20,2244;-40,273;SPRF-ES;DEL02-ES;UOP01-DEL02-ES;;;
701293;29/06/2025;domingo;08:48:00;PE;104;132;CARUARU;Aus�ncia de rea��o do condutor;Tombamento;Com V�timas Feridas;Pleno dia;Decrescente;C�u Claro;Dupla;Reta;Sim;1;0;1;0;0;0;1;1;-8,30657;-36,01686;SPRF-PE;DEL02-PE;UOP01-DEL02-PE;;;
701294;29/06/2025;domingo;09:35:00;MG;40;764,3;JUIZ DE FORA;Aus�ncia de rea��o do condutor;Tombamento;Com V�timas Feridas;Pleno dia;Crescente;C�u Claro;Simples;Curva;N�o;1;0;1;0;0;0;1;1;-21,58096492;-43,46649997;SPRF-MG;DEL05-MG;UOP01-DEL05-MG;;;
701296;29/06/2025;domingo;09:45:00;PR;277;644;CEU AZUL;Rea��o tardia ou ineficiente do condutor;Sa�da de leito carro��vel;Com V�timas Feridas;Pleno dia;Crescente;Garoa/Chuvisco;Simples;Reta;N�o;1;0;1;0;0;0;1;1;-25,173444;-53,888254;SPRF-PR;DEL05-PR;UOP02-DEL05-PR;;;
701301;29/06/2025;domingo;07:00:00;GO;414;435;ANAPOLIS;Rea��o tardia ou ineficiente do condutor;Sa�da de leito carro��vel;Sem V�timas;Pleno dia;Decrescente;C�u Claro;Simples;Reta;N�o;1;0;0;0;0;1;0;1;-16,24336079;-48,93581389;SPRF-GO;DEL02-GO;UOP01-DEL02-GO;;;
701302;29/06/2025;domingo;07:00:00;RS;290;408;SANTA MARGARIDA DO SUL;Aus�ncia de rea��o do condutor;Sa�da de leito carro��vel;Sem V�timas;Amanhecer;Decrescente;Garoa/Chuvisco;Simples;Reta;N�o;1;0;0;0;1;0;0;1;-30,3660726;-54,24031442;SPRF-RS;DEL09-RS;UOP02-DEL09-RS;;;
701304;29/06/2025;domingo;10:15:00;SP;116;219;GUARULHOS;Rea��o tardia ou ineficiente do condutor;Colis�o com objeto;Com V�timas Feridas;Pleno dia;Crescente;C�u Claro;Dupla;Curva;Sim;2;0;1;0;1;0;1;1;-23,46057395;-46,48822594;SPRF-SP;DEL01-SP;UOP01-DEL01-SP;;;
701305;29/06/2025;domingo;11:00:00;SC;101;127;ITAJAI;Pedestre cruzava a pista fora da faixa;Atropelamento de Pedestre;Com V�timas Feridas;Pleno dia;Crescente;Nublado;Dupla;Reta;N�o;2;0;0;1;1;0;1;2;-26,96858973;-48,68350983;SPRF-SC;DEL04-SC;UOP04-DEL04-SC;;;
701306;29/06/2025;domingo;04:10:00;MA;10;320,9;ACAILANDIA;Ingest�o de �lcool pelo condutor;Colis�o com objeto;Sem V�timas;Plena Noite;Decrescente;C�u Claro;Simples;Reta;Sim;1;0;0;0;0;1;0;1;-4,939165;-47,502945;SPRF-MA;DEL04-MA;UOP03-DEL04-MA;;;
701307;29/06/2025;domingo;09:00:00;CE;20;391,8;CAUCAIA;Afundamento ou ondula��o no pavimento;Sa�da de leito carro��vel;Com V�timas Feridas;Pleno dia;Decrescente;Nublado;Simples;Reta;N�o;6;0;2;3;1;0;5;1;-3,84478;-38,773983;SPRF-CE;DEL01-CE;UOP01-DEL01-CE;;;
701315;29/06/2025;domingo;11:50:00;SP;116;203;ARUJA;Demais falhas mec�nicas ou el�tricas;Inc�ndio;Sem V�timas;Pleno dia;Decrescente;C�u Claro;Dupla;Reta;Sim;2;0;0;0;2;0;0;1;-23,41205404;-46,35528652;SPRF-SP;DEL01-SP;UOP01-DEL01-SP;;;
701316;29/06/2025;domingo;11:00:00;PE;408;74;PAUDALHO;Acumulo de �gua sobre o pavimento;Colis�o com objeto;Com V�timas Feridas;Pleno dia;Decrescente;Chuva;Dupla;Curva;Sim;1;0;1;0;0;0;1;1;-7,93889134;-35,12615059;SPRF-PE;DEL01-PE;UOP01-DEL01-PE;;;
701317;29/06/2025;domingo;11:45:00;RS;158;326;SANTA MARIA;Ingest�o de �lcool pelo condutor;Colis�o traseira;Sem V�timas;Pleno dia;Decrescente;Garoa/Chuvisco;Dupla;Reta;Sim;3;0;0;0;2;1;0;3;-29,71544623;-53,8113126;SPRF-RS;DEL09-RS;UOP01-DEL09-RS;;;
701318;29/06/2025;domingo;12:18:00;PB;101;89;JOAO PESSOA;Demais falhas mec�nicas ou el�tricas;Tombamento;Com V�timas Feridas;Pleno dia;Decrescente;C�u Claro;Dupla;Reta;Sim;2;0;2;0;0;0;2;1;-7,18540198;-34,90200374;SPRF-PB;DEL01-PB;UOP01-DEL01-PB;;;
701319;29/06/2025;domingo;11:37:00;PA;155;315;MARABA;Rea��o tardia ou ineficiente do condutor;Tombamento;Com V�timas Feridas;Pleno dia;Crescente;C�u Claro;Simples;Reta;N�o;1;0;0;1;0;0;1;1;-5,617472;-49,09151;SPRF-PA;DEL03-PA;UOP01-DEL03-PA;;;