id;data_inversa;dia_semana;horario;uf;br;km;municipio;causa_acidente;tipo_acidente;classificacao_acidente;fase_dia;sentido_via;condicao_metereologica;tipo_pista;tracado_via;uso_solo;pessoas;mortos;feridos_leves;feridos_graves;ilesos;ignorados;feridos;veiculos;latitude;longitude;regional;delegacia;uop;;;
701428;29/06/2025;domingo;22:00:00;SC;101;397;MARACAJA;Avarias e/ou desgaste excessivo no pneu;Tombamento;Com V�timas Feridas;Plena Noite;Decrescente;C�u Claro;M�ltipla;Reta;N�o;1;0;0;1;0;0;1;1;-28,84060865;-49,42623345;SPRF-SC;DEL02-SC;UOP02-DEL02-SC;;;
701429;29/06/2025;domingo;20:00:00;MG;365;432;PATOS DE MINAS;Rea��o tardia ou ineficiente do condutor;Colis�o transversal;Com V�timas Fatais;Plena Noite;Crescente;C�u Claro;Simples;Interse��o de Vias;N�o;5;1;0;1;3;0;1;2;-18,7589;-46,6637;SPRF-MG;DEL10-MG;UOP01-DEL10-MG;;;
701431;29/06/2025;domingo;22:00:00;PB;101;31,7;RIO TINTO;Velocidade Incompat�vel;Tombamento;Com V�timas Feridas;Plena Noite;Crescente;Chuva;Dupla;Reta;N�o;2;0;0;2;0;0;2;1;-6,763839;-35,133743;SPRF-PB;DEL01-PB;UOP03-DEL01-PB;;;
701432;29/06/2025;domingo;21:00:00;MG;262;775;UBERABA;Rea��o tardia ou ineficiente do condutor;Sa�da de leito carro��vel;Sem V�timas;Plena Noite;Crescente;C�u Claro;Simples;Reta;N�o;1;0;0;0;1;0;0;1;-19,72983637;-47,73163676;SPRF-MG;DEL13-MG;UOP01-DEL13-MG;;;
701433;29/06/2025;domingo;20:30:00;PR;163;9,5;BARRACAO;Velocidade Incompat�vel;Colis�o transversal;Com V�timas Feridas;Plena Noite;Crescente;C�u Claro;Simples;Interse��o de Vias;Sim;2;0;0;1;1;0;1;2;-26,2515533;-53,6360556;SPRF-PR;DEL02-PR;UOP02-DEL02-PR;;;
701434;29/06/2025;domingo;20:40:00;MG;40;811,9;MATIAS BARBOSA;Acessar a via sem observar a presen�a dos outros ve�culos;Colis�o traseira;Com V�timas Fatais;Plena Noite;Decrescente;Nublado;Dupla;Aclive;N�o;3;1;0;1;0;1;1;3;-21,886;-43,322;SPRF-MG;DEL05-MG;UOP01-DEL05-MG;;;
701435;29/06/2025;domingo;22:20:00;MA;10;252;IMPERATRIZ;Rea��o tardia ou ineficiente do condutor;Colis�o lateral mesmo sentido;Sem V�timas;Plena Noite;Decrescente;C�u Claro;Simples;Reta;N�o;5;0;0;0;5;0;0;2;-5,5317;-47,47165;SPRF-MA;DEL04-MA;UOP01-DEL04-MA;;;
701436;29/06/2025;domingo;21:40:00;MT;364;19;ALTO ARAGUAIA;Animais na Pista;Atropelamento de Animal;Com V�timas Feridas;Plena Noite;Decrescente;Nublado;Simples;"Declive;Reta";N�o;2;0;0;1;1;0;1;1;-17,21370286;-53,33822191;SPRF-MT;DEL02-MT;UOP02-DEL02-MT;;;
701437;29/06/2025;domingo;21:35:00;PB;361;3,6;PATOS;Acessar a via sem observar a presen�a dos outros ve�culos;Colis�o frontal;Com V�timas Feridas;Pleno dia;Crescente;C�u Claro;Simples;Reta;N�o;2;0;1;0;1;0;1;2;-7,03114;-37,290348;SPRF-PB;DEL03-PB;UOP01-DEL03-PB;;;
701438;29/06/2025;domingo;21:30:00;PI;222;118;BATALHA;Ingest�o de �lcool pelo condutor;Colis�o com objeto;Com V�timas Fatais;Plena Noite;Crescente;Nublado;Simples;Reta;N�o;2;1;0;0;0;1;0;2;-4,085015;-42,064488;SPRF-PI;DEL02-PI;UOP01-DEL02-PI;;;
701440;29/06/2025;domingo;23:00:00;BA;116;414;FEIRA DE SANTANA;Demais falhas mec�nicas ou el�tricas;Inc�ndio;Sem V�timas;Plena Noite;Crescente;Nublado;Dupla;Reta;N�o;1;0;0;0;1;0;0;1;-12,161663;-38,96504;SPRF-BA;DEL02-BA;UOP01-DEL02-BA;;;
701441;29/06/2025;domingo;17:46:00;PA;163;141;ALTAMIRA;Rea��o tardia ou ineficiente do condutor;Queda de ocupante de ve�culo;Com V�timas Feridas;Plena Noite;Decrescente;C�u Claro;Simples;"Aclive;Reta";N�o;2;0;2;0;0;0;2;1;-8,457192;-55,133493;SPRF-MT;DEL06-MT;UOP03-DEL06-MT;;;
701442;29/06/2025;domingo;22:50:00;PB;230;28;JOAO PESSOA;Ingest�o de �lcool pelo condutor;Capotamento;Sem V�timas;Plena Noite;Decrescente;Chuva;Dupla;Reta;Sim;1;0;0;0;1;0;0;1;-7,16525;-34,899;SPRF-PB;DEL01-PB;UOP01-DEL01-PB;;;
701444;29/06/2025;domingo;22:00:00;MG;50;177;UBERABA;Ingest�o de subst�ncias psicoativas pelo condutor;Colis�o com objeto;Sem V�timas;Plena Noite;Decrescente;C�u Claro;Simples;"Viaduto;Interse��o de Vias";Sim;1;0;0;0;0;1;0;1;-19,77900539;-47,94531796;SPRF-MG;DEL13-MG;UOP01-DEL13-MG;;;
701446;29/06/2025;domingo;11:40:00;GO;70;322;JUSSARA;Aus�ncia de rea��o do condutor;Colis�o traseira;Com V�timas Feridas;Pleno dia;Crescente;C�u Claro;Simples;Reta;N�o;2;0;0;1;0;1;1;2;-15,872831;-50,901672;SPRF-GO;DEL04-GO;UOP02-DEL04-GO;;;
701447;30/06/2025;segunda-feira;00:30:00;PR;277;77;CURITIBA;Estacionar ou parar em local proibido;Colis�o traseira;Com V�timas Feridas;Plena Noite;Decrescente;Garoa/Chuvisco;Dupla;"Ponte;Reta";Sim;2;0;1;0;1;0;1;2;-25,48373653;-49,19061644;SPRF-PR;DEL01-PR;UOP07-DEL01-PR;;;
701448;29/06/2025;domingo;22:00:00;PR;280;301,5;FLOR DA SERRA DO SUL;Transitar na contram�o;Colis�o frontal;Com V�timas Feridas;Plena Noite;Crescente;Garoa/Chuvisco;Simples;Reta;N�o;3;0;1;0;1;1;1;2;-26,280086;-53,427531;SPRF-PR;DEL02-PR;UOP01-DEL02-PR;;;
701449;29/06/2025;domingo;23:00:00;RJ;465;19;NOVA IGUACU;Condutor deixou de manter dist�ncia do ve�culo da frente;Sa�da de leito carro��vel;Com V�timas Feridas;Plena Noite;Decrescente;C�u Claro;Simples;Reta;Sim;2;0;1;0;0;1;1;2;-22,83789515;-43,6110878;SPRF-RJ;DEL06-RJ;UOP02-DEL06-RJ;;;
701451;29/06/2025;domingo;20:00:00;RR;432;179;CANTA;Objeto est�tico sobre o leito carro��vel;Colis�o traseira;Com V�timas Fatais;Plena Noite;Crescente;C�u Claro;Simples;Reta;N�o;6;1;0;0;5;0;0;2;2,53638078;-60,63856977;SPRF-RR;DEL01-RR;UOP01-DEL01-RR;;;
701452;30/06/2025;segunda-feira;00:20:00;AL;316;260,4;PILAR;Ingest�o de �lcool pelo condutor;Colis�o frontal;Com V�timas Fatais;Plena Noite;Decrescente;Chuva;Simples;Reta;Sim;2;1;0;0;1;0;0;2;-9,591004;-35,902577;SPRF-AL;DEL02-AL;UOP01-DEL02-AL;;;
701453;30/06/2025;segunda-feira;00:05:00;PR;277;77,4;CURITIBA;Ingest�o de �lcool pelo condutor;Colis�o traseira;Com V�timas Feridas;Plena Noite;Decrescente;Nublado;Dupla;Reta;N�o;2;0;1;0;0;1;1;2;-25,48376648;-49,19043024;SPRF-PR;DEL01-PR;UOP07-DEL01-PR;;;
701454;30/06/2025;segunda-feira;01:00:00;RS;386;270;FONTOURA XAVIER;Transitar no Acostamento;Atropelamento de Pedestre;Com V�timas Fatais;Plena Noite;Crescente;Garoa/Chuvisco;Simples;Reta;Sim;3;2;0;0;0;1;0;2;-28,98114806;-52,36726508;SPRF-RS;DEL04-RS;UOP03-DEL04-RS;;;
701455;29/06/2025;domingo;18:00:00;MT;70;235;POXOREU;Transitar na contram�o;Colis�o frontal;Com V�timas Fatais;Plena Noite;Crescente;C�u Claro;Simples;"Reta;Em Obras";N�o;5;2;0;2;0;1;2;2;-15,63047641;-53,98287724;SPRF-MT;DEL05-MT;UOP01-DEL05-MT;;;
701457;30/06/2025;segunda-feira;02:19:00;RS;116;254;SAPUCAIA DO SUL;Aus�ncia de rea��o do condutor;Colis�o traseira;Com V�timas Feridas;Plena Noite;Crescente;Garoa/Chuvisco;Dupla;Reta;Sim;3;0;2;0;0;1;2;2;-29,82921614;-51,1734581;SPRF-RS;DEL01-RS;UOP02-DEL01-RS;;;
701458;29/06/2025;domingo;23:30:00;RR;401;28;CANTA;Condutor deixou de manter dist�ncia do ve�culo da frente;Colis�o traseira;Com V�timas Feridas;Plena Noite;Crescente;Chuva;Simples;Reta;N�o;2;0;0;1;1;0;1;2;2,82397305;-60,59474945;SPRF-RR;DEL01-RR;UOP01-DEL01-RR;;;
701461;30/06/2025;segunda-feira;02:30:00;SC;101;2,3;ARARANGUA;Rea��o tardia ou ineficiente do condutor;Colis�o com objeto;Com V�timas Feridas;Plena Noite;Decrescente;Ignorado;Simples;Reta;Sim;1;0;1;0;0;0;1;1;-28,942364;-49,49890137;SPRF-SC;DEL02-SC;UOP02-DEL02-SC;;;
701462;29/06/2025;domingo;22:30:00;GO;153;36,5;PORANGATU;Transitar no Acostamento;Colis�o frontal;Com V�timas Fatais;Plena Noite;Crescente;C�u Claro;Simples;Reta;N�o;5;2;0;3;0;0;3;2;-13,16113189;-49,18024065;SPRF-GO;DEL07-GO;UOP01-DEL07-GO;;;
701463;30/06/2025;segunda-feira;04:05:00;RS;290;110;ELDORADO DO SUL;Rea��o tardia ou ineficiente do condutor;Capotamento;Com V�timas Feridas;Plena Noite;Crescente;Nublado;Dupla;Reta;Sim;2;0;1;0;1;0;1;1;-30,027585;-51,323202;SPRF-RS;DEL02-RS;UOP01-DEL02-RS;;;
701464;30/06/2025;segunda-feira;03:35:00;PB;230;3;CABEDELO;Aus�ncia de rea��o do condutor;Colis�o com objeto;Com V�timas Feridas;Plena Noite;Decrescente;Garoa/Chuvisco;M�ltipla;"Reta;Em Obras";Sim;1;0;0;1;0;0;1;1;-6,9964075;-34,8278906;SPRF-PB;DEL01-PB;UOP01-DEL01-PB;;;
701465;30/06/2025;segunda-feira;03:30:00;MG;40;563;NOVA LIMA;Aus�ncia de rea��o do condutor;Colis�o com objeto;Sem V�timas;Plena Noite;Decrescente;C�u Claro;Dupla;Curva;N�o;1;0;0;0;1;0;0;1;-20,15102289;-43,96235848;SPRF-MG;DEL01-MG;UOP02-DEL01-MG;;;
701466;29/06/2025;domingo;23:11:00;PA;163;145;ALTAMIRA;Rea��o tardia ou ineficiente do condutor;Queda de ocupante de ve�culo;Com V�timas Feridas;Plena Noite;Decrescente;C�u Claro;Simples;"Declive;Reta";N�o;1;0;0;1;0;0;1;1;-8,429707;-55,1104;SPRF-MT;DEL06-MT;UOP03-DEL06-MT;;;
701467;30/06/2025;segunda-feira;05:00:00;SP;116;306;ITAPECERICA DA SERRA;Aus�ncia de rea��o do condutor;Capotamento;Com V�timas Feridas;Plena Noite;Decrescente;Chuva;Dupla;Curva;Sim;2;0;1;0;1;0;1;1;-23,7002641;-46,8689416;SPRF-SP;DEL04-SP;UOP01-DEL04-SP;;;
701468;30/06/2025;segunda-feira;05:10:00;MG;116;277;TEOFILO OTONI;Desrespeitar a prefer�ncia no cruzamento;Colis�o transversal;Sem V�timas;Amanhecer;Decrescente;C�u Claro;Simples;Interse��o de Vias;Sim;2;0;0;0;1;1;0;2;-17,85979243;-41,51448938;SPRF-MG;DEL11-MG;UOP01-DEL11-MG;;;
701469;30/06/2025;segunda-feira;05:30:00;SP;381;70;MAIRIPORA;Manobra de mudan�a de faixa;Colis�o lateral mesmo sentido;Com V�timas Feridas;Plena Noite;Crescente;C�u Claro;Dupla;Reta;N�o;4;0;1;0;3;0;1;2;-23,35122462;-46,55211389;SPRF-SP;DEL03-SP;UOP01-DEL03-SP;;;
701471;30/06/2025;segunda-feira;04:40:00;PB;230;27;JOAO PESSOA;Ingest�o de �lcool pelo condutor;Colis�o com objeto;Sem V�timas;Amanhecer;Crescente;Garoa/Chuvisco;Dupla;Reta;Sim;1;0;0;0;0;1;0;1;-7,16536739;-34,89500108;SPRF-PB;DEL01-PB;UOP01-DEL01-PB;;;
701472;30/06/2025;segunda-feira;05:10:00;BA;116;14,4;VITORIA DA CONQUISTA;Convers�o proibida;Colis�o transversal;Com V�timas Feridas;Amanhecer;Crescente;Nublado;Simples;Viaduto;Sim;2;0;1;0;0;1;1;2;-14,895208;-40,862336;SPRF-BA;DEL08-BA;UOP01-DEL08-BA;;;
701473;30/06/2025;segunda-feira;04:40:00;RJ;101;483;ANGRA DOS REIS;Ingest�o de �lcool pelo condutor;Colis�o com objeto;Sem V�timas;Plena Noite;Crescente;Nublado;Simples;Reta;N�o;3;0;0;0;1;2;0;2;-22,997644;-44,30129;SPRF-RJ;DEL03-RJ;UOP03-DEL03-RJ;;;
701475;30/06/2025;segunda-feira;06:00:00;MG;381;448;SANTA LUZIA;Condutor Dormindo;Sa�da de leito carro��vel;Com V�timas Feridas;Amanhecer;Decrescente;C�u Claro;Simples;Reta;Sim;2;0;2;0;0;0;2;1;-19,82176;-43,81286;SPRF-MG;DEL01-MG;UOP01-DEL01-MG;;;
701476;30/06/2025;segunda-feira;05:30:00;DF;70;19;BRASILIA;Rea��o tardia ou ineficiente do condutor;Colis�o traseira;Com V�timas Feridas;Pleno dia;Decrescente;C�u Claro;M�ltipla;"Reta;Declive";N�o;4;0;1;0;2;1;1;2;-15,78426037;-48,23220883;SPRF-DF;DEL03-DF;UOP02-DEL03-DF;;;
701477;30/06/2025;segunda-feira;04:00:00;MG;116;396;GOVERNADOR VALADARES;Condutor Dormindo;Sa�da de leito carro��vel;Com V�timas Feridas;Plena Noite;Crescente;Nublado;Simples;"Ponte;Reta";N�o;2;0;2;0;0;0;2;1;-18,73068064;-41,98678493;SPRF-MG;DEL06-MG;UOP01-DEL06-MG;;;
701478;29/06/2025;domingo;18:40:00;MT;70;1;BARRA DO GARCAS;Convers�o proibida;Colis�o transversal;Com V�timas Feridas;Plena Noite;Crescente;C�u Claro;Simples;Reta;Sim;4;0;1;1;2;0;2;2;-15,8922641;-52,26085279;SPRF-MT;DEL07-MT;UOP01-DEL07-MT;;;
701480;30/06/2025;segunda-feira;06:40:00;GO;153;435;ANAPOLIS;Rea��o tardia ou ineficiente do condutor;Sa�da de leito carro��vel;Com V�timas Feridas;Pleno dia;Crescente;C�u Claro;M�ltipla;"Reta;Em Obras";Sim;1;0;1;0;0;0;1;1;-16,29999565;-48,92625045;SPRF-GO;DEL02-GO;UOP01-DEL02-GO;;;
701481;29/06/2025;domingo;23:50:00;GO;60;93;ANAPOLIS;Ingest�o de �lcool pelo condutor;Sa�da de leito carro��vel;Sem V�timas;Plena Noite;Decrescente;C�u Claro;Dupla;Reta;Sim;1;0;0;0;1;0;0;1;-16,34886696;-48,90937138;SPRF-GO;DEL02-GO;UOP01-DEL02-GO;;;
701483;30/06/2025;segunda-feira;06:30:00;ES;101;214;IBIRACU;Acessar a via sem observar a presen�a dos outros ve�culos;Colis�o transversal;Com V�timas Feridas;Pleno dia;Decrescente;Sol;Simples;"Interse��o de Vias;Retorno Regulamentado";Sim;2;0;2;0;0;0;2;2;-19,82988037;-40,37313491;SPRF-ES;DEL02-ES;UOP01-DEL02-ES;;;
701484;30/06/2025;segunda-feira;07:00:00;PB;230;20,6;JOAO PESSOA;Demais falhas mec�nicas ou el�tricas;Queda de ocupante de ve�culo;Com V�timas Feridas;Pleno dia;Decrescente;Sol;Dupla;Reta;Sim;2;0;1;0;1;0;1;1;-7,140918;-34,851935;SPRF-PB;DEL01-PB;UOP01-DEL01-PB;;;
701488;30/06/2025;segunda-feira;06:40:00;BA;116;818,8;VITORIA DA CONQUISTA;Acessar a via sem observar a presen�a dos outros ve�culos;Colis�o lateral mesmo sentido;Com V�timas Feridas;Pleno dia;Decrescente;C�u Claro;Simples;"Declive;Reta";Sim;2;0;1;0;1;0;1;2;-14,827316;-40,825811;SPRF-BA;DEL08-BA;UOP01-DEL08-BA;;;
701489;30/06/2025;segunda-feira;05:17:00;SC;470;67,3;INDAIAL;Acessar a via sem observar a presen�a dos outros ve�culos;Colis�o traseira;Com V�timas Feridas;Amanhecer;Decrescente;Chuva;M�ltipla;"Reta;Em Obras";N�o;2;0;0;1;1;0;1;2;-26,87390071;-49,23408;SPRF-SC;DEL04-SC;UOP01-DEL04-SC;;;
701491;30/06/2025;segunda-feira;06:20:00;PR;116;136;MANDIRITUBA;Acessar a via sem observar a presen�a dos outros ve�culos;Atropelamento de Pedestre;Com V�timas Feridas;Amanhecer;Decrescente;Garoa/Chuvisco;Dupla;"Declive;Reta";N�o;3;0;1;0;1;1;1;2;-25,723;-49,317712;SPRF-PR;DEL01-PR;UOP03-DEL01-PR;;;
701492;30/06/2025;segunda-feira;06:48:00;ES;259;58,4;COLATINA;Demais Fen�menos da natureza;Colis�o traseira;Com V�timas Feridas;Pleno dia;Decrescente;Sol;Simples;"Aclive;Reta";Sim;4;0;2;2;0;0;4;2;-19,52172911;-40,66671904;SPRF-ES;DEL02-ES;UOP01-DEL02-ES;;;
701494;30/06/2025;segunda-feira;07:10:00;PB;230;39;SANTA RITA;Demais falhas mec�nicas ou el�tricas;Queda de ocupante de ve�culo;Com V�timas Feridas;Pleno dia;Decrescente;C�u Claro;Dupla;Reta;N�o;2;0;1;1;0;0;2;1;-7,1385111;-34,9765526;SPRF-PB;DEL01-PB;UOP02-DEL01-PB;;;
701495;30/06/2025;segunda-feira;06:50:00;ES;259;57,7;COLATINA;Condutor deixou de manter dist�ncia do ve�culo da frente;Colis�o traseira;Com V�timas Feridas;Pleno dia;Decrescente;C�u Claro;Simples;Reta;Sim;4;0;3;0;1;0;3;2;-19,53139959;-40,68211555;SPRF-ES;DEL02-ES;UOP01-DEL02-ES;;;
701496;30/06/2025;segunda-feira;07:20:00;RS;392;639,9;GUARANI DAS MISSOES;Acessar a via sem observar a presen�a dos outros ve�culos;Colis�o transversal;Com V�timas Feridas;Amanhecer;Crescente;C�u Claro;Simples;Reta;N�o;4;0;1;0;3;0;1;2;-28,14528996;-54,51853149;SPRF-RS;DEL10-RS;UOP01-DEL10-RS;;;
701497;30/06/2025;segunda-feira;07:20:00;PI;343;309;ALTOS;Acessar a via sem observar a presen�a dos outros ve�culos;Colis�o transversal;Com V�timas Feridas;Pleno dia;Crescente;C�u Claro;Simples;Reta;Sim;2;0;1;0;1;0;1;2;-5,04006;-42,479763;SPRF-PI;DEL01-PI;UOP01-DEL01-PI;;;
701498;30/06/2025;segunda-feira;07:05:00;PR;277;549,6;CASCAVEL;Acessar a via sem observar a presen�a dos outros ve�culos;Colis�o traseira;Sem V�timas;Amanhecer;Crescente;Nevoeiro/Neblina;Simples;Curva;N�o;3;0;0;0;3;0;0;2;-25,09280858;-53,129282;SPRF-PR;DEL04-PR;UOP04-DEL04-PR;;;
701499;30/06/2025;segunda-feira;07:30:00;SC;101;115,5;ITAJAI;Manobra de mudan�a de faixa;Colis�o lateral mesmo sentido;Com V�timas Feridas;Pleno dia;Crescente;Garoa/Chuvisco;Simples;Reta;Sim;3;0;1;0;2;0;1;3;-26,8756003;-48,72828931;SPRF-SC;DEL04-SC;UOP04-DEL04-SC;;;
701500;30/06/2025;segunda-feira;07:45:00;PR;277;50;CURITIBA;Velocidade Incompat�vel;Colis�o com objeto;Com V�timas Feridas;Pleno dia;Crescente;Garoa/Chuvisco;M�ltipla;Reta;N�o;1;0;1;0;0;0;1;1;-25,4476288;-49,2437504;SPRF-PR;DEL01-PR;UOP05-DEL01-PR;;;
701501;30/06/2025;segunda-feira;07:55:00;PI;343;9;PARNAIBA;Acessar a via sem observar a presen�a dos outros ve�culos;Colis�o transversal;Com V�timas Feridas;Pleno dia;Decrescente;C�u Claro;Simples;Reta;Sim;2;0;0;1;1;0;1;2;-2,90146716;-41,73768282;SPRF-PI;DEL05-PI;UOP01-DEL05-PI;;;
701503;30/06/2025;segunda-feira;07:10:00;PR;376;211,7;MANDAGUARI;Demais falhas mec�nicas ou el�tricas;Tombamento;Com V�timas Feridas;Pleno dia;Decrescente;Nevoeiro/Neblina;Dupla;Reta;N�o;2;0;1;0;1;0;1;1;-23,5609975;-51,66157722;SPRF-PR;DEL09-PR;UOP01-DEL09-PR;;;
701505;30/06/2025;segunda-feira;07:45:00;MA;316;0,2;TIMON;Condutor deixou de manter dist�ncia do ve�culo da frente;Colis�o traseira;Com V�timas Feridas;Pleno dia;Decrescente;Sol;Simples;"Reta;Ponte;Em Obras";Sim;2;0;1;0;1;0;1;2;-5,13078225;-42,81322718;SPRF-MA;DEL02-MA;UOP02-DEL02-MA;;;
701506;30/06/2025;segunda-feira;07:30:00;RJ;40;22;TRES RIOS;Desrespeitar a prefer�ncia no cruzamento;Colis�o lateral mesmo sentido;Com V�timas Feridas;Pleno dia;Decrescente;Sol;Dupla;Interse��o de Vias;N�o;2;0;1;0;1;0;1;2;-22,12355015;-43,15599337;SPRF-RJ;DEL05-RJ;UOP02-DEL05-RJ;;;
701507;30/06/2025;segunda-feira;07:40:00;MG;459;100,8;POUSO ALEGRE;Condutor deixou de manter dist�ncia do ve�culo da frente;Colis�o traseira;Com V�timas Feridas;Pleno dia;Decrescente;C�u Claro;Simples;Reta;N�o;3;0;1;0;2;0;1;2;-22,20374;-45,94849;SPRF-MG;DEL09-MG;UOP01-DEL09-MG;;;
701508;30/06/2025;segunda-feira;07:30:00;SP;153;77,6;BADY BASSITT;Aus�ncia de rea��o do condutor;Colis�o traseira;Com V�timas Fatais;Pleno dia;Crescente;C�u Claro;Dupla;Declive;Sim;3;2;0;1;0;0;1;3;-20,903403;-49,458499;SPRF-SP;DEL09-SP;UOP01-DEL09-SP;;;
701509;30/06/2025;segunda-feira;07:47:00;ES;101;262;SERRA;Condutor desrespeitou a ilumina��o vermelha do sem�foro;Colis�o transversal;Com V�timas Feridas;Pleno dia;Crescente;C�u Claro;Dupla;"Reta;Retorno Regulamentado";Sim;2;0;0;1;1;0;1;2;-20,15941505;-40,27609197;SPRF-ES;DEL02-ES;UOP01-DEL02-ES;;;
701510;30/06/2025;segunda-feira;08:20:00;RS;116;522,7;PELOTAS;Manobra de mudan�a de faixa;Colis�o lateral mesmo sentido;Com V�timas Feridas;Pleno dia;Decrescente;C�u Claro;Dupla;Reta;Sim;3;0;1;0;2;0;1;2;-31,72023;-52,380077;SPRF-RS;DEL07-RS;UOP01-DEL07-RS;;;
701511;30/06/2025;segunda-feira;08:05:00;MG;381;782,8;CAMPANHA;Aus�ncia de rea��o do condutor;Sa�da de leito carro��vel;Com V�timas Feridas;Pleno dia;Decrescente;Sol;Dupla;Curva;N�o;2;0;2;0;0;0;2;1;-21,8323253;-45,4989995;SPRF-MG;DEL16-MG;UOP02-DEL16-MG;;;
701514;30/06/2025;segunda-feira;06:20:00;MT;163;741;SORRISO;Demais falhas na via;Queda de ocupante de ve�culo;Com V�timas Feridas;Pleno dia;Crescente;Sol;Simples;Reta;N�o;2;0;1;0;1;0;1;1;-12,63299191;-55,77640659;SPRF-MT;DEL06-MT;UOP01-DEL06-MT;;;
701515;18/06/2025;quarta-feira;18:30:00;PB;230;151,8;MASSARANDUBA;Redutor de velocidade em desacordo;Tombamento;Com V�timas Feridas;Plena Noite;Crescente;Garoa/Chuvisco;Simples;"Curva;Declive";N�o;1;0;1;0;0;0;1;1;-7,2540597;-35,8308421;SPRF-PB;DEL02-PB;UOP01-DEL02-PB;;;
701516;30/06/2025;segunda-feira;08:00:00;ES;101;298;VIANA;Condutor deixou de manter dist�ncia do ve�culo da frente;Colis�o traseira;Com V�timas Feridas;Pleno dia;Crescente;C�u Claro;Dupla;Reta;N�o;2;0;0;1;1;0;1;2;-20,35785519;-40,42080657;SPRF-ES;DEL01-ES;UOP01-DEL01-ES;;;
701517;30/06/2025;segunda-feira;07:50:00;RJ;40;74;DUQUE DE CAXIAS;Velocidade Incompat�vel;Colis�o com objeto;Com V�timas Feridas;Pleno dia;Decrescente;C�u Claro;Dupla;"Aclive;Reta";Sim;1;0;1;0;0;0;1;1;-22,585864;-43,2777232;SPRF-RJ;DEL01-RJ;UOP01-DEL01-RJ;;;
701518;30/06/2025;segunda-feira;08:45:00;MG;381;480;CONTAGEM;Condutor deixou de manter dist�ncia do ve�culo da frente;Colis�o traseira;Com V�timas Feridas;Pleno dia;Decrescente;C�u Claro;M�ltipla;Reta;Sim;2;0;1;0;1;0;1;2;-19,95866651;-44,05569077;SPRF-MG;DEL01-MG;UOP03-DEL01-MG;;;
701521;30/06/2025;segunda-feira;08:50:00;SC;101;217,2;PALHOCA;Chuva;Colis�o com objeto;Com V�timas Feridas;Pleno dia;Decrescente;Chuva;M�ltipla;Reta;Sim;1;0;0;1;0;0;1;1;-27,6745083;-48,67429225;SPRF-SC;DEL01-SC;UOP02-DEL01-SC;;;
701523;30/06/2025;segunda-feira;09:20:00;SC;101;192,3;BIGUACU;Pista Escorregadia;Tombamento;Com V�timas Feridas;Pleno dia;Decrescente;Chuva;Dupla;Reta;Sim;1;0;1;0;0;0;1;1;-27,48867648;-48,65084589;SPRF-SC;DEL01-SC;UOP01-DEL01-SC;;;
701525;30/06/2025;segunda-feira;09:50:00;PB;101;84;BAYEUX;Condutor deixou de manter dist�ncia do ve�culo da frente;Colis�o com objeto;Com V�timas Feridas;Pleno dia;Decrescente;C�u Claro;Dupla;Reta;Sim;1;0;1;0;0;0;1;1;-7,14667164;-34,91498977;SPRF-PB;DEL01-PB;UOP01-DEL01-PB;;;
701526;30/06/2025;segunda-feira;09:00:00;CE;116;193,9;LIMOEIRO DO NORTE;Acessar a via sem observar a presen�a dos outros ve�culos;Colis�o transversal;Com V�timas Feridas;Pleno dia;Crescente;C�u Claro;Simples;"Reta;Rotat�ria";N�o;2;0;1;0;1;0;1;2;-5,150485;-38,155456;SPRF-CE;DEL03-CE;UOP01-DEL03-CE;;;
701527;30/06/2025;segunda-feira;09:30:00;BA;110;340;ALAGOINHAS;Acessar a via sem observar a presen�a dos outros ve�culos;Colis�o transversal;Com V�timas Feridas;Pleno dia;Crescente;Sol;Simples;"Viaduto;Reta;Rotat�ria";N�o;4;0;1;0;3;0;1;3;-12,163021;-38,415182;SPRF-BA;DEL01-BA;UOP04-DEL01-BA;;;
701528;30/06/2025;segunda-feira;02:15:00;MG;116;549,5;SANTA BARBARA DO LESTE;Condutor deixou de manter dist�ncia do ve�culo da frente;Colis�o traseira;Com V�timas Feridas;Plena Noite;Crescente;C�u Claro;Simples;Aclive;N�o;2;0;0;1;1;0;1;2;-19,96873716;-42,13646233;SPRF-MG;DEL06-MG;UOP02-DEL06-MG;;;
701530;30/06/2025;segunda-feira;07:10:00;RJ;40;78;PETROPOLIS;Velocidade Incompat�vel;Sa�da de leito carro��vel;Com V�timas Feridas;Pleno dia;Crescente;C�u Claro;Dupla;Curva;N�o;2;0;1;0;1;0;1;1;-22,47469167;-43,23680687;SPRF-RJ;DEL01-RJ;UOP01-DEL01-RJ;;;
701531;29/06/2025;domingo;03:00:00;PB;230;190,7;POCINHOS;Aus�ncia de rea��o do condutor;Sa�da de leito carro��vel;Sem V�timas;Plena Noite;Crescente;C�u Claro;Simples;Reta;N�o;1;0;0;0;0;1;0;1;-7,10649272;-36,23185158;SPRF-PB;DEL02-PB;UOP02-DEL02-PB;;;
701532;30/06/2025;segunda-feira;09:15:00;MG;262;371;JUATUBA;Rea��o tardia ou ineficiente do condutor;Sa�da de leito carro��vel;Com V�timas Feridas;Pleno dia;Decrescente;C�u Claro;Dupla;Aclive;N�o;2;0;1;0;0;1;1;2;-19,93288476;-44,39573988;SPRF-MG;DEL01-MG;UOP03-DEL01-MG;;;