id;data_inversa;dia_semana;horario;uf;br;km;municipio;causa_acidente;tipo_acidente;classificacao_acidente;fase_dia;sentido_via;condicao_metereologica;tipo_pista;tracado_via;uso_solo;pessoas;mortos;feridos_leves;feridos_graves;ilesos;ignorados;feridos;veiculos;latitude;longitude;regional;delegacia;uop;;;
701533;30/06/2025;segunda-feira;10:38:00;ES;101;148;LINHARES;Acessar a via sem observar a presen�a dos outros ve�culos;Colis�o transversal;Com V�timas Feridas;Pleno dia;Decrescente;C�u Claro;Simples;Reta;Sim;2;0;0;1;1;0;1;2;-19,387981;-40,067323;SPRF-ES;DEL04-ES;UOP01-DEL04-ES;;;
701535;30/06/2025;segunda-feira;10:35:00;BA;324;603;SIMOES FILHO;Trafegar com motocicleta (ou similar) entre as faixas;Colis�o lateral mesmo sentido;Com V�timas Feridas;Pleno dia;Crescente;C�u Claro;Dupla;Reta;N�o;4;0;2;0;2;0;2;2;-12,772447;-38,419682;SPRF-BA;DEL01-BA;UOP01-DEL01-BA;;;
701536;30/06/2025;segunda-feira;08:50:00;RJ;116;315;RESENDE;Rea��o tardia ou ineficiente do condutor;Colis�o com objeto;Com V�timas Feridas;Pleno dia;Crescente;C�u Claro;Dupla;"Ponte;Reta";Sim;2;0;1;0;1;0;1;2;-22,464781;-44,488456;SPRF-RJ;DEL07-RJ;UOP02-DEL07-RJ;;;
701538;30/06/2025;segunda-feira;06:40:00;RS;392;621,4;SANTO ANGELO;Manobra de mudan�a de faixa;Colis�o frontal;Com V�timas Feridas;Plena Noite;Crescente;Nublado;Simples;Reta;N�o;2;0;1;1;0;0;2;2;-28,18100312;-54,35751303;SPRF-RS;DEL10-RS;UOP01-DEL10-RS;;;
701539;30/06/2025;segunda-feira;11:10:00;GO;70;0;AGUAS LINDAS DE GOIAS;Aus�ncia de rea��o do condutor;Sa�da de leito carro��vel;Com V�timas Feridas;Pleno dia;Decrescente;C�u Claro;Dupla;Curva;N�o;1;0;1;0;0;0;1;1;-15,78319546;-48,2325983;SPRF-DF;DEL03-DF;UOP02-DEL03-DF;;;
701540;30/06/2025;segunda-feira;07:40:00;RS;287;337;SAO VICENTE DO SUL;Acumulo de areia ou detritos sobre o pavimento;Sa�da de leito carro��vel;Com V�timas Feridas;Amanhecer;Decrescente;C�u Claro;Simples;"Curva;Ponte";N�o;2;0;1;0;1;0;1;1;-29,61703;-54,68303;SPRF-RS;DEL12-RS;UOP02-DEL12-RS;;;
701542;30/06/2025;segunda-feira;11:10:00;PE;232;12,2;JABOATAO DOS GUARARAPES;Rea��o tardia ou ineficiente do condutor;Colis�o traseira;Com V�timas Feridas;Pleno dia;Decrescente;Nublado;Dupla;"Reta;Declive";N�o;4;0;2;0;2;0;2;3;-8,08685;-35,0052;SPRF-PE;DEL01-PE;UOP01-DEL01-PE;;;
701543;30/06/2025;segunda-feira;10:30:00;MG;381;486;BETIM;Demais falhas mec�nicas ou el�tricas;Colis�o com objeto;Com V�timas Feridas;Pleno dia;Crescente;C�u Claro;M�ltipla;Reta;Sim;1;0;1;0;0;0;1;1;-19,95587214;-44,09847435;SPRF-MG;DEL01-MG;UOP03-DEL01-MG;;;
701544;26/06/2025;quinta-feira;19:30:00;RJ;116;194;QUEIMADOS;Condutor deixou de manter dist�ncia do ve�culo da frente;Colis�o traseira;Com V�timas Feridas;Plena Noite;Decrescente;Ignorado;Dupla;Reta;Sim;3;0;1;0;2;0;1;2;-22,7323679;-43,62060294;SPRF-RJ;DEL06-RJ;UOP01-DEL06-RJ;;;
701545;30/06/2025;segunda-feira;11:20:00;PE;101;79;JABOATAO DOS GUARARAPES;Convers�o proibida;Colis�o transversal;Com V�timas Feridas;Pleno dia;Crescente;Chuva;Dupla;Reta;Sim;2;0;1;0;1;0;1;2;-8,14897;-34,94386;SPRF-PE;DEL01-PE;UOP01-DEL01-PE;;;
701546;30/06/2025;segunda-feira;10:30:00;MG;50;184;PATROCINIO;Rea��o tardia ou ineficiente do condutor;Colis�o traseira;Com V�timas Feridas;Pleno dia;Crescente;C�u Claro;Dupla;"Reta;Em Obras";Sim;3;0;1;1;1;0;2;2;-19;-47;SPRF-MG;DEL13-MG;UOP01-DEL13-MG;;;
701547;30/06/2025;segunda-feira;11:40:00;SC;163;84;GUARACIABA;Acessar a via sem observar a presen�a dos outros ve�culos;Colis�o traseira;Com V�timas Feridas;Pleno dia;Decrescente;Nublado;Simples;Reta;N�o;3;0;0;1;2;0;1;3;-26,61408857;-53,51908061;SPRF-SC;DEL07-SC;UOP03-DEL07-SC;;;
701550;01/05/2025;quinta-feira;09:30:00;PR;376;237;APUCARANA;Aus�ncia de rea��o do condutor;Colis�o traseira;Com V�timas Feridas;Pleno dia;Crescente;C�u Claro;Dupla;Reta;N�o;2;0;1;0;0;1;1;2;-23,58446833;-51,46703593;SPRF-PR;DEL07-PR;UOP03-DEL07-PR;;;
701551;30/06/2025;segunda-feira;10:30:00;ES;101;296;CARIACICA;Ingest�o de �lcool pelo condutor;Colis�o com objeto;Com V�timas Feridas;Pleno dia;Crescente;C�u Claro;Dupla;"Declive;Curva";N�o;1;0;1;0;0;0;1;1;-20,34255516;-40,4051532;SPRF-ES;DEL01-ES;UOP01-DEL01-ES;;;
701552;30/06/2025;segunda-feira;11:55:00;PR;277;31,9;MORRETES;Pista Escorregadia;Colis�o com objeto;Com V�timas Feridas;Pleno dia;Decrescente;Garoa/Chuvisco;Dupla;"Curva;Declive";N�o;2;0;2;0;0;0;2;1;-25,56107281;-48,81220913;SPRF-PR;DEL01-PR;UOP05-DEL01-PR;;;
701554;30/06/2025;segunda-feira;07:30:00;PI;316;314;PICOS;Acesso irregular;Colis�o transversal;Com V�timas Feridas;Pleno dia;Decrescente;C�u Claro;Simples;Reta;Sim;3;0;1;1;1;0;2;2;-7,078309;-41,43804;SPRF-PI;DEL04-PI;UOP01-DEL04-PI;;;
701555;30/03/2025;domingo;01:55:00;DF;70;18,3;BRASILIA;Velocidade Incompat�vel;Sa�da de leito carro��vel;Com V�timas Feridas;Plena Noite;Crescente;Ignorado;Dupla;Reta;N�o;2;0;1;1;0;0;2;1;-15,790488;-48,213875;SPRF-DF;DEL03-DF;UOP02-DEL03-DF;;;
701556;30/06/2025;segunda-feira;12:30:00;RS;290;74,8;SAO MARCOS;Aus�ncia de rea��o do condutor;Colis�o lateral mesmo sentido;Com V�timas Feridas;Pleno dia;Decrescente;C�u Claro;M�ltipla;Reta;N�o;2;0;1;0;1;0;1;2;-29;-51;SPRF-RS;DEL01-RS;UOP01-DEL01-RS;;;
701557;30/06/2025;segunda-feira;10:37:00;AC;364;137;RIO BRANCO;Rea��o tardia ou ineficiente do condutor;Colis�o traseira;Com V�timas Feridas;Pleno dia;Crescente;Nublado;Dupla;Reta;Sim;2;0;1;0;1;0;1;2;-9,965726;-67,854391;SPRF-AC;DEL01-AC;UOP01-DEL01-AC;;;
701558;30/06/2025;segunda-feira;12:20:00;MG;116;279,5;TEOFILO OTONI;Rea��o tardia ou ineficiente do condutor;Colis�o lateral mesmo sentido;Com V�timas Feridas;Pleno dia;Crescente;C�u Claro;Simples;Reta;N�o;4;0;2;0;2;0;2;2;-17,87701144;-41,52111053;SPRF-MG;DEL11-MG;UOP01-DEL11-MG;;;
701560;30/06/2025;segunda-feira;11:48:00;PR;376;246,3;APUCARANA;Aus�ncia de rea��o do condutor;Tombamento;Com V�timas Feridas;Pleno dia;Crescente;Nublado;Simples;"Declive;Curva";N�o;1;0;1;0;0;0;1;1;-23,59093454;-51,41144363;SPRF-PR;DEL07-PR;UOP03-DEL07-PR;;;
701561;30/06/2025;segunda-feira;13:00:00;SC;470;55,8;BLUMENAU;Retorno proibido;Colis�o transversal;Com V�timas Feridas;Pleno dia;Crescente;Nublado;Simples;"Em Obras;Curva";Sim;3;0;2;0;1;0;2;3;-26,87650706;-49,12561297;SPRF-SC;DEL04-SC;UOP01-DEL04-SC;;;
701562;30/06/2025;segunda-feira;13:10:00;ES;0;0;CARIACICA;Rea��o tardia ou ineficiente do condutor;Colis�o transversal;Sem V�timas;Pleno dia;N�o Informado;Sol;Dupla;Reta;Sim;2;0;0;0;1;1;0;2;-20,33532091;-40,37543631;SPRF-ES;DEL01-ES;UOP01-DEL01-ES;;;
701563;15/05/2025;quinta-feira;11:57:00;DF;70;3;BRASILIA;Acessar a via sem observar a presen�a dos outros ve�culos;Colis�o transversal;Com V�timas Feridas;Pleno dia;Crescente;C�u Claro;Dupla;Reta;Sim;2;0;1;0;1;0;1;2;-15,80212112;-48,08031511;SPRF-DF;DEL03-DF;UOP02-DEL03-DF;;;
701564;30/06/2025;segunda-feira;08:30:00;RJ;101;472;ANGRA DOS REIS;Velocidade Incompat�vel;Tombamento;Com V�timas Feridas;Pleno dia;Decrescente;C�u Claro;Simples;Reta;N�o;1;0;1;0;0;0;1;1;-22,98750339;-44,23479813;SPRF-RJ;DEL03-RJ;UOP03-DEL03-RJ;;;
701565;30/06/2025;segunda-feira;13:00:00;MG;40;562;NOVA LIMA;Rea��o tardia ou ineficiente do condutor;Sa�da de leito carro��vel;Com V�timas Feridas;Pleno dia;Decrescente;C�u Claro;Dupla;"Curva;Declive";N�o;1;0;1;0;0;0;1;1;-20,1495753;-43,96208704;SPRF-MG;DEL01-MG;UOP02-DEL01-MG;;;
701567;30/06/2025;segunda-feira;13:00:00;RJ;101;480;ANGRA DOS REIS;Condutor deixou de manter dist�ncia do ve�culo da frente;Colis�o traseira;Com V�timas Feridas;Pleno dia;Crescente;C�u Claro;Simples;Curva;N�o;2;0;0;1;0;1;1;2;-23,00918455;-44,29228323;SPRF-RJ;DEL03-RJ;UOP03-DEL03-RJ;;;
701568;30/06/2025;segunda-feira;13:15:00;RN;101;123;SAO JOSE DE MIPIBU;Avarias e/ou desgaste excessivo no pneu;Tombamento;Com V�timas Feridas;Pleno dia;Decrescente;C�u Claro;Dupla;Reta;Sim;2;0;2;0;0;0;2;1;-6,0568741;-35,24233818;SPRF-RN;DEL01-RN;UOP01-DEL01-RN;;;
701570;30/06/2025;segunda-feira;12:15:00;SP;116;506;CAJATI;Aus�ncia de rea��o do condutor;Sa�da de leito carro��vel;Com V�timas Feridas;Pleno dia;Crescente;Chuva;Dupla;"Declive;Curva";N�o;2;0;1;0;1;0;1;1;-24,82394587;-48,21816516;SPRF-SP;DEL05-SP;UOP02-DEL05-SP;;;
701575;30/06/2025;segunda-feira;13:40:00;PB;230;327;PATOS;Aus�ncia de rea��o do condutor;Colis�o traseira;Com V�timas Feridas;Pleno dia;Decrescente;C�u Claro;Simples;Reta;N�o;2;0;1;0;1;0;1;2;-7,013517;-37,21878;SPRF-PB;DEL03-PB;UOP01-DEL03-PB;;;
701579;30/06/2025;segunda-feira;12:26:00;PE;428;192;PETROLINA;Aus�ncia de rea��o do condutor;Colis�o traseira;Com V�timas Feridas;Pleno dia;Decrescente;Nublado;Dupla;Interse��o de Vias;Sim;2;0;1;0;1;0;1;2;-9,38612;-40,52303;SPRF-PE;DEL06-PE;UOP01-DEL06-PE;;;
701580;30/05/2025;sexta-feira;02:30:00;MG;40;644,6;CRISTIANO OTONI;Aus�ncia de rea��o do condutor;Colis�o com objeto;Com V�timas Feridas;Plena Noite;Decrescente;C�u Claro;Simples;"Aclive;Reta";N�o;2;0;0;1;0;1;1;2;-20,78134724;-43,81163844;SPRF-MG;DEL05-MG;UOP02-DEL05-MG;;;
701582;30/06/2025;segunda-feira;14:00:00;GO;60;45,5;ALEXANIA;Aus�ncia de rea��o do condutor;Sa�da de leito carro��vel;Com V�timas Feridas;Pleno dia;Crescente;C�u Claro;Dupla;"Declive;Curva";N�o;1;0;0;1;0;0;1;1;-16,136078;-48,598955;SPRF-GO;DEL02-GO;UOP01-DEL02-GO;;;
701584;30/06/2025;segunda-feira;13:10:00;MG;381;355;JOAO MONLEVADE;Acessar a via sem observar a presen�a dos outros ve�culos;Colis�o transversal;Sem V�timas;Pleno dia;Decrescente;C�u Claro;Simples;Reta;N�o;2;0;0;0;2;0;0;2;-19,8871754;-43,10751135;SPRF-MG;DEL03-MG;UOP01-DEL03-MG;;;
701585;30/06/2025;segunda-feira;14:30:00;RJ;465;19;RIO DE JANEIRO;Ultrapassagem Indevida;Colis�o lateral mesmo sentido;Com V�timas Feridas;Pleno dia;Crescente;C�u Claro;Simples;Reta;N�o;2;0;1;0;1;0;1;2;-22,8626877;-43,60146269;SPRF-RJ;DEL06-RJ;UOP02-DEL06-RJ;;;
701587;30/06/2025;segunda-feira;14:30:00;MG;40;415;CURVELO;Aus�ncia de rea��o do condutor;Colis�o traseira;Com V�timas Feridas;Pleno dia;Decrescente;C�u Claro;Simples;Reta;N�o;2;0;1;0;1;0;1;2;-19,16028577;-44,52565938;SPRF-MG;DEL02-MG;UOP01-DEL02-MG;;;
701588;30/06/2025;segunda-feira;14:50:00;ES;393;0,8;CACHOEIRO DE ITAPEMIRIM;Acessar a via sem observar a presen�a dos outros ve�culos;Colis�o transversal;Com V�timas Feridas;Pleno dia;Crescente;Sol;Simples;"Reta;Interse��o de Vias";Sim;3;0;2;0;0;1;2;2;-20,83784367;-41,16575036;SPRF-ES;DEL03-ES;UOP02-DEL03-ES;;;
701589;10/06/2025;ter�a-feira;12:30:00;BA;330;805;JEQUIE;Manobra de mudan�a de faixa;Sa�da de leito carro��vel;Com V�timas Feridas;Pleno dia;Crescente;C�u Claro;Simples;Reta;N�o;1;0;1;0;0;0;1;1;-13,97577416;-39,952779;SPRF-BA;DEL03-BA;UOP01-DEL03-BA;;;
701593;30/06/2025;segunda-feira;16:00:00;CE;20;179;BOA VIAGEM;Demais falhas mec�nicas ou el�tricas;Queda de ocupante de ve�culo;Com V�timas Feridas;Pleno dia;Decrescente;C�u Claro;Simples;Reta;N�o;1;0;1;0;0;0;1;1;-5,2779;-39,8788;SPRF-CE;DEL02-CE;UOP02-DEL02-CE;;;
701594;30/06/2025;segunda-feira;14:20:00;PR;277;128,7;CAMPO LARGO;Acessar a via sem observar a presen�a dos outros ve�culos;Tombamento;Com V�timas Feridas;Pleno dia;Crescente;Garoa/Chuvisco;Dupla;Reta;N�o;1;0;0;1;0;0;1;1;-25,44179669;-49,5606765;SPRF-PR;DEL03-PR;UOP03-DEL03-PR;;;
701597;30/06/2025;segunda-feira;15:30:00;MG;381;523,3;BRUMADINHO;Acumulo de �leo sobre o pavimento;Queda de ocupante de ve�culo;Com V�timas Feridas;Pleno dia;Crescente;C�u Claro;Dupla;"Curva;Declive";N�o;1;0;1;0;0;0;1;1;-20,13385;-44,31118;SPRF-MG;DEL04-MG;UOP03-DEL04-MG;;;
701599;30/06/2025;segunda-feira;10:53:00;PA;163;923;BELTERRA;Ultrapassagem Indevida;Colis�o lateral mesmo sentido;Sem V�timas;Pleno dia;Crescente;C�u Claro;Simples;"Declive;Reta";N�o;2;0;0;0;2;0;0;2;-3,027995;-54,928693;SPRF-PA;DEL05-PA;UOP01-DEL05-PA;;;
701602;30/06/2025;segunda-feira;14:00:00;RO;319;59;PORTO VELHO;Acessar a via sem observar a presen�a dos outros ve�culos;Colis�o transversal;Com V�timas Feridas;Pleno dia;Crescente;C�u Claro;Dupla;"Declive;Reta";Sim;3;0;2;0;1;0;2;2;-8,74271359;-63,90509812;SPRF-RO;DEL01-RO;UOP01-DEL01-RO;;;
701603;30/06/2025;segunda-feira;16:30:00;MG;267;138,5;JUIZ DE FORA;Transitar na contram�o;Colis�o frontal;Com V�timas Feridas;Pleno dia;Crescente;C�u Claro;Simples;Reta;N�o;3;0;0;2;1;0;2;2;-21,76262851;-43,60429645;SPRF-MG;DEL05-MG;UOP01-DEL05-MG;;;
701606;30/06/2025;segunda-feira;14:30:00;MG;40;41;PARACATU;Afundamento ou ondula��o no pavimento;Queda de ocupante de ve�culo;Com V�timas Feridas;Pleno dia;Decrescente;C�u Claro;Simples;Declive;Sim;2;0;2;0;0;0;2;1;-17,22200621;-46,86536757;SPRF-MG;DEL14-MG;UOP01-DEL14-MG;;;
701607;30/06/2025;segunda-feira;16:40:00;GO;153;491;GOIANIA;Aus�ncia de rea��o do condutor;Colis�o traseira;Com V�timas Feridas;Pleno dia;Crescente;C�u Claro;Dupla;Reta;Sim;2;0;0;1;1;0;1;2;-16,6415592;-49,20808029;SPRF-GO;DEL01-GO;UOP01-DEL01-GO;;;
701609;30/06/2025;segunda-feira;16:20:00;SP;116;145;SAO JOSE DOS CAMPOS;Condutor deixou de manter dist�ncia do ve�culo da frente;Engavetamento;Com V�timas Feridas;Pleno dia;Decrescente;C�u Claro;Dupla;Aclive;Sim;4;0;1;0;3;0;1;3;-23,18950748;-45,8597374;SPRF-SP;DEL02-SP;UOP01-DEL02-SP;;;
701610;30/06/2025;segunda-feira;12:50:00;PR;376;289;MAUA DA SERRA;Rea��o tardia ou ineficiente do condutor;Sa�da de leito carro��vel;Com V�timas Feridas;Pleno dia;Crescente;Nevoeiro/Neblina;Dupla;Reta;N�o;1;0;0;1;0;0;1;1;-23,880788;-51,249035;SPRF-PR;DEL07-PR;UOP02-DEL07-PR;;;
701611;30/06/2025;segunda-feira;12:00:00;RJ;101;64;CAMPOS DOS GOYTACAZES;Convers�o proibida;Colis�o transversal;Com V�timas Feridas;Pleno dia;Decrescente;C�u Claro;Simples;Reta;Sim;2;0;1;0;1;0;1;2;-21,75094284;-41,33810805;SPRF-RJ;DEL08-RJ;UOP02-DEL08-RJ;;;
701612;30/06/2025;segunda-feira;17:20:00;ES;101;288,3;CARIACICA;Aus�ncia de rea��o do condutor;Colis�o lateral mesmo sentido;Com V�timas Feridas;Pleno dia;Crescente;Nublado;Dupla;Reta;N�o;2;0;0;1;1;0;1;2;-20,27616;-40,391613;SPRF-ES;DEL01-ES;UOP01-DEL01-ES;;;
701613;30/06/2025;segunda-feira;17:40:00;SE;235;66;FREI PAULO;Ingest�o de �lcool pelo condutor;Colis�o frontal;Com V�timas Feridas;Anoitecer;Crescente;C�u Claro;Simples;"Aclive;Curva";N�o;4;0;1;0;3;0;1;2;-10,53999056;-37,57697431;SPRF-SE;DEL01-SE;UOP02-DEL01-SE;;;
701614;30/06/2025;segunda-feira;16:40:00;PI;343;338;TERESINA;Aus�ncia de rea��o do condutor;Colis�o traseira;Com V�timas Feridas;Pleno dia;Crescente;C�u Claro;Dupla;Curva;Sim;2;0;1;0;1;0;1;2;-5,06860497;-42,73308545;SPRF-PI;DEL01-PI;UOP01-DEL01-PI;;;
701617;30/06/2025;segunda-feira;17:44:00;MG;40;627,1;CONSELHEIRO LAFAIETE;Velocidade Incompat�vel;Colis�o transversal;Com V�timas Feridas;Pleno dia;Crescente;C�u Claro;Simples;Reta;Sim;3;0;3;0;0;0;3;2;-20,641154;-43,8131;SPRF-MG;DEL05-MG;UOP02-DEL05-MG;;;
701619;30/06/2025;segunda-feira;18:10:00;GO;40;5;VALPARAISO DE GOIAS;Velocidade Incompat�vel;Colis�o lateral mesmo sentido;Com V�timas Feridas;Plena Noite;Crescente;C�u Claro;Dupla;Reta;Sim;2;0;1;0;1;0;1;2;-16,0940233;-47,98177779;SPRF-DF;DEL01-DF;UOP01-DEL01-DF;;;
701622;30/06/2025;segunda-feira;17:15:00;SC;101;211,7;SAO JOSE;Trafegar com motocicleta (ou similar) entre as faixas;Queda de ocupante de ve�culo;Com V�timas Feridas;Anoitecer;Crescente;Chuva;M�ltipla;Reta;N�o;1;0;1;0;0;0;1;1;-27,6213656;-48,65050491;SPRF-SC;DEL01-SC;UOP02-DEL01-SC;;;
701623;30/06/2025;segunda-feira;12:44:00;GO;153;22;PORANGATU;Rea��o tardia ou ineficiente do condutor;Colis�o traseira;Com V�timas Feridas;Pleno dia;Decrescente;C�u Claro;Simples;"Declive;Reta";N�o;5;0;2;1;2;0;3;2;-13,00455775;-49,1583252;SPRF-GO;DEL07-GO;UOP01-DEL07-GO;;;
701626;30/06/2025;segunda-feira;14:53:00;RO;364;239,4;CACOAL;Rea��o tardia ou ineficiente do condutor;Colis�o traseira;Com V�timas Feridas;Pleno dia;Crescente;C�u Claro;Simples;Reta;Sim;4;0;0;2;0;2;2;3;-11,433362;-61,466443;SPRF-RO;DEL02-RO;UOP02-DEL02-RO;;;
701627;30/06/2025;segunda-feira;17:43:00;MS;163;485;CAMPO GRANDE;Aus�ncia de rea��o do condutor;Colis�o traseira;Sem V�timas;Plena Noite;Crescente;Nublado;Simples;"Declive;Reta";Sim;3;0;0;0;3;0;0;2;-20,44048938;-54,54240767;SPRF-MS;DEL01-MS;UOP02-DEL01-MS;;;
701630;30/06/2025;segunda-feira;18:45:00;SC;101;333;TUBARAO;Condutor deixou de manter dist�ncia do ve�culo da frente;Colis�o traseira;Com V�timas Feridas;Plena Noite;Decrescente;C�u Claro;Dupla;Reta;Sim;2;0;1;0;1;0;1;2;-28,47043095;-49,016982;SPRF-SC;DEL02-SC;UOP01-DEL02-SC;;;
701632;30/06/2025;segunda-feira;18:02:00;MG;381;492;BETIM;Condutor deixou de manter dist�ncia do ve�culo da frente;Engavetamento;Com V�timas Feridas;Plena Noite;Crescente;C�u Claro;M�ltipla;Reta;Sim;4;0;2;0;2;0;2;4;-19,96235548;-44,16473262;SPRF-MG;DEL01-MG;UOP03-DEL01-MG;;;
701635;30/06/2025;segunda-feira;18:20:00;MG;381;488;BETIM;Rea��o tardia ou ineficiente do condutor;Colis�o traseira;Com V�timas Feridas;Plena Noite;Crescente;C�u Claro;Dupla;"Reta;Aclive";Sim;2;0;1;0;1;0;1;2;-19,95773495;-44,12305579;SPRF-MG;DEL01-MG;UOP03-DEL01-MG;;;
701636;30/06/2025;segunda-feira;18:30:00;PB;230;23;JOAO PESSOA;Aus�ncia de rea��o do condutor;Colis�o traseira;Com V�timas Feridas;Plena Noite;Decrescente;Nublado;M�ltipla;"Interse��o de Vias;Viaduto;Reta";Sim;3;0;1;1;1;0;2;2;-7,171902;-34,8713738;SPRF-PB;DEL01-PB;UOP01-DEL01-PB;;;
701637;30/06/2025;segunda-feira;19:00:00;SC;280;27,5;ARAQUARI;Desrespeitar a prefer�ncia no cruzamento;Colis�o transversal;Com V�timas Feridas;Plena Noite;Crescente;Garoa/Chuvisco;Simples;Reta;N�o;2;0;1;0;1;0;1;2;-26,399156;-48,741861;SPRF-SC;DEL03-SC;UOP03-DEL03-SC;;;
701638;30/06/2025;segunda-feira;18:40:00;SP;116;128;CACAPAVA;Pedestre andava na pista;Atropelamento de Pedestre;Com V�timas Feridas;Plena Noite;Crescente;C�u Claro;Dupla;Reta;Sim;2;0;1;0;1;0;1;2;-23,11541395;-45,71308124;SPRF-SP;DEL02-SP;UOP02-DEL02-SP;;;
701639;30/06/2025;segunda-feira;19:00:00;BA;324;605;SIMOES FILHO;Condutor deixou de manter dist�ncia do ve�culo da frente;Colis�o traseira;Com V�timas Feridas;Plena Noite;Crescente;C�u Claro;M�ltipla;Reta;Sim;3;0;1;0;2;0;1;2;-12,79351464;-38,40473682;SPRF-BA;DEL01-BA;UOP01-DEL01-BA;;;
701641;30/06/2025;segunda-feira;18:50:00;CE;116;8;FORTALEZA;Condutor deixou de manter dist�ncia do ve�culo da frente;Colis�o traseira;Com V�timas Feridas;Plena Noite;Crescente;C�u Claro;Dupla;Reta;Sim;3;0;2;0;1;0;2;2;-3,82433502;-38,50400652;SPRF-CE;DEL01-CE;UOP02-DEL01-CE;;;
701642;30/06/2025;segunda-feira;16:00:00;BA;330;825;IPIAU;Afundamento ou ondula��o no pavimento;Sa�da de leito carro��vel;Com V�timas Feridas;Pleno dia;Crescente;C�u Claro;Simples;Curva;N�o;1;0;0;1;0;0;1;1;-14,10067738;-39,777306;SPRF-BA;DEL03-BA;UOP01-DEL03-BA;;;
701643;30/06/2025;segunda-feira;19:00:00;DF;70;8;BRASILIA;Manobra de mudan�a de faixa;Colis�o lateral mesmo sentido;Com V�timas Feridas;Plena Noite;Crescente;C�u Claro;Dupla;Reta;Sim;3;0;1;0;2;0;1;2;-15,7847955;-48,1294474;SPRF-DF;DEL03-DF;UOP02-DEL03-DF;;;
701644;30/06/2025;segunda-feira;18:30:00;RJ;493;88;SEROPEDICA;Acessar a via sem observar a presen�a dos outros ve�culos;Colis�o traseira;Com V�timas Feridas;Plena Noite;Crescente;Nublado;Dupla;Curva;N�o;3;0;0;2;1;0;2;2;-22,66570974;-43,63846779;SPRF-RJ;DEL01-RJ;UOP03-DEL01-RJ;;;
701645;30/06/2025;segunda-feira;17:30:00;BA;420;345;JAGUAQUARA;Aus�ncia de rea��o do condutor;Colis�o traseira;Com V�timas Feridas;Anoitecer;Crescente;C�u Claro;Simples;Reta;N�o;3;0;2;0;1;0;2;3;-13,5243854;-39,9886525;SPRF-BA;DEL03-BA;UOP01-DEL03-BA;;;
701646;30/06/2025;segunda-feira;18:50:00;BA;101;877;TEIXEIRA DE FREITAS;Acessar a via sem observar a presen�a dos outros ve�culos;Colis�o frontal;Com V�timas Feridas;Plena Noite;Crescente;Nublado;Simples;"Reta;Interse��o de Vias";Sim;3;0;0;2;1;0;2;2;-17,546109;-39,71889;SPRF-BA;DEL09-BA;UOP02-DEL09-BA;;;
701648;30/06/2025;segunda-feira;19:00:00;BA;324;604;SIMOES FILHO;Condutor deixou de manter dist�ncia do ve�culo da frente;Colis�o traseira;Sem V�timas;Plena Noite;Crescente;C�u Claro;Dupla;Reta;N�o;2;0;0;0;2;0;0;2;-12,79301609;-38,405076;SPRF-BA;DEL01-BA;UOP01-DEL01-BA;;;
701649;30/06/2025;segunda-feira;18:30:00;SC;101;359;SANGAO;Pedestre cruzava a pista fora da faixa;Atropelamento de Pedestre;Com V�timas Feridas;Anoitecer;Decrescente;C�u Claro;Simples;Reta;N�o;2;0;1;0;1;0;1;2;-28,6455614;-49,10160955;SPRF-SC;DEL02-SC;UOP01-DEL02-SC;;;
701650;30/06/2025;segunda-feira;19:40:00;PR;116;117;CURITIBA;Condutor deixou de manter dist�ncia do ve�culo da frente;Engavetamento;Sem V�timas;Plena Noite;Decrescente;Garoa/Chuvisco;M�ltipla;Reta;Sim;5;0;0;0;4;1;0;4;-25,55687297;-49,30607971;SPRF-PR;DEL01-PR;UOP03-DEL01-PR;;;
701651;30/06/2025;segunda-feira;13:00:00;RJ;101;64;CAMPOS DOS GOYTACAZES;Condutor desrespeitou a ilumina��o vermelha do sem�foro;Colis�o transversal;Com V�timas Feridas;Pleno dia;Decrescente;C�u Claro;Simples;"Reta;Interse��o de Vias";Sim;3;0;2;0;0;1;2;2;-21,8375814;-41,4306045;SPRF-RJ;DEL08-RJ;UOP02-DEL08-RJ;;;
701652;30/06/2025;segunda-feira;15:40:00;RJ;101;53;CAMPOS DOS GOYTACAZES;Ultrapassagem Indevida;Colis�o frontal;Com V�timas Feridas;Pleno dia;Crescente;C�u Claro;Simples;Reta;N�o;3;0;2;1;0;0;3;2;-21,8375814;-41,4306045;SPRF-RJ;DEL08-RJ;UOP01-DEL08-RJ;;;
701653;30/06/2025;segunda-feira;18:40:00;TO;10;456;PALMAS;Aus�ncia de rea��o do condutor;Colis�o traseira;Com V�timas Feridas;Plena Noite;Decrescente;C�u Claro;Dupla;Reta;N�o;5;0;2;0;2;1;2;3;-10,2927;-48,297702;SPRF-TO;DEL01-TO;UOP03-DEL01-TO;;;