id;data_inversa;dia_semana;horario;uf;br;km;municipio;causa_acidente;tipo_acidente;classificacao_acidente;fase_dia;sentido_via;condicao_metereologica;tipo_pista;tracado_via;uso_solo;pessoas;mortos;feridos_leves;feridos_graves;ilesos;ignorados;feridos;veiculos;latitude;longitude;regional;delegacia;uop;;;
701654;30/06/2025;segunda-feira;20:25:00;RN;406;169;SAO GONCALO DO AMARANTE;Acessar a via sem observar a presen�a dos outros ve�culos;Colis�o transversal;Com V�timas Feridas;Plena Noite;Decrescente;Garoa/Chuvisco;Dupla;"Retorno Regulamentado;Reta;Aclive";Sim;2;0;0;1;0;1;1;2;-5,75761888;-35,3015813;SPRF-RN;DEL02-RN;UOP01-DEL02-RN;;;
701655;30/06/2025;segunda-feira;19:22:00;BA;101;717;EUNAPOLIS;Acessar a via sem observar a presen�a dos outros ve�culos;Colis�o lateral mesmo sentido;Com V�timas Feridas;Plena Noite;Decrescente;Nublado;Dupla;Interse��o de Vias;N�o;2;0;2;0;0;0;2;2;-16,373112;-39,580507;SPRF-BA;DEL09-BA;UOP01-DEL09-BA;;;
701656;30/06/2025;segunda-feira;20:05:00;RS;472;573;URUGUAIANA;Animais na Pista;Atropelamento de Animal;Sem V�timas;Plena Noite;Crescente;C�u Claro;Simples;Reta;N�o;3;0;0;0;3;0;0;1;-29,76702235;-57,01123238;SPRF-RS;DEL13-RS;UOP01-DEL13-RS;;;
701662;30/06/2025;segunda-feira;20:30:00;PR;116;122;CURITIBA;Acessar a via sem observar a presen�a dos outros ve�culos;Colis�o traseira;Com V�timas Feridas;Plena Noite;Crescente;Garoa/Chuvisco;Dupla;Reta;Sim;2;0;1;0;1;0;1;2;-25,6040836;-49,31830136;SPRF-PR;DEL01-PR;UOP03-DEL01-PR;;;
701663;30/06/2025;segunda-feira;18:05:00;RJ;493;58;DUQUE DE CAXIAS;Demais falhas mec�nicas ou el�tricas;Inc�ndio;Sem V�timas;Plena Noite;Decrescente;C�u Claro;Dupla;Reta;N�o;2;0;0;0;2;0;0;1;-22,668938;-43,37596;SPRF-RJ;DEL01-RJ;UOP03-DEL01-RJ;;;
701665;30/06/2025;segunda-feira;19:25:00;RJ;465;5;SEROPEDICA;Rea��o tardia ou ineficiente do condutor;Colis�o frontal;Com V�timas Feridas;Plena Noite;Crescente;C�u Claro;Simples;Reta;N�o;2;0;0;1;1;0;1;2;-22,74238541;-43,7039566;SPRF-RJ;DEL06-RJ;UOP02-DEL06-RJ;;;
701666;30/06/2025;segunda-feira;19:37:00;PR;369;177;ROLANDIA;Transitar na contram�o;Colis�o frontal;Com V�timas Feridas;Plena Noite;Crescente;C�u Claro;Dupla;Reta;N�o;3;0;0;1;2;0;1;2;-23,35276889;-51,38969706;SPRF-PR;DEL07-PR;UOP01-DEL07-PR;;;
701667;30/06/2025;segunda-feira;18:00:00;RJ;40;110;DUQUE DE CAXIAS;Manobra de mudan�a de faixa;Colis�o lateral mesmo sentido;Com V�timas Feridas;Plena Noite;Decrescente;C�u Claro;Dupla;Reta;Sim;5;0;2;0;3;0;2;2;-22,6835983;-43,28525305;SPRF-RJ;DEL01-RJ;UOP02-DEL01-RJ;;;
701668;30/06/2025;segunda-feira;19:00:00;RO;364;6;VILHENA;Rea��o tardia ou ineficiente do condutor;Colis�o traseira;Com V�timas Feridas;Plena Noite;Crescente;C�u Claro;Simples;Reta;N�o;3;0;2;0;1;0;2;2;-12,77896;-60,09234;SPRF-RO;DEL04-RO;UOP01-DEL04-RO;;;
701670;30/06/2025;segunda-feira;18:50:00;RJ;393;298;BARRA MANSA;Acessar a via sem observar a presen�a dos outros ve�culos;Colis�o traseira;Com V�timas Feridas;Plena Noite;Decrescente;Nublado;Simples;Curva;Sim;3;0;2;0;1;0;2;2;-22,54076;-44,11446;SPRF-RJ;DEL07-RJ;UOP02-DEL07-RJ;;;
701671;30/06/2025;segunda-feira;18:30:00;MT;364;238;JUSCIMEIRA;Rea��o tardia ou ineficiente do condutor;Sa�da de leito carro��vel;Sem V�timas;Plena Noite;Crescente;Chuva;Dupla;Reta;N�o;1;0;0;0;1;0;0;1;-16,193311;-54,783708;SPRF-MT;DEL02-MT;UOP01-DEL02-MT;;;
701672;30/06/2025;segunda-feira;16:40:00;MG;381;158;GOVERNADOR VALADARES;Aus�ncia de rea��o do condutor;Colis�o traseira;Com V�timas Feridas;Pleno dia;Crescente;Sol;Simples;Reta;N�o;2;0;1;0;1;0;1;2;-18,9175048;-41,9407986;SPRF-MG;DEL06-MG;UOP01-DEL06-MG;;;
701673;30/06/2025;segunda-feira;19:00:00;GO;70;36,1;COCALZINHO DE GOIAS;Transitar na contram�o;Colis�o frontal;Com V�timas Feridas;Anoitecer;Crescente;C�u Claro;Simples;Reta;N�o;2;0;0;1;1;0;1;2;-15,77676717;-48,50159168;SPRF-DF;DEL03-DF;UOP02-DEL03-DF;;;
701675;30/06/2025;segunda-feira;19:20:00;RJ;116;180;NOVA IGUACU;Pedestre cruzava a pista fora da faixa;Queda de ocupante de ve�culo;Com V�timas Feridas;Plena Noite;Crescente;C�u Claro;M�ltipla;Reta;Sim;1;0;1;0;0;0;1;1;-22,74524943;-43,44785778;SPRF-RJ;DEL06-RJ;UOP01-DEL06-RJ;;;
701676;30/06/2025;segunda-feira;20:58:00;RS;0;0;CANOAS;Frear bruscamente;Colis�o traseira;Sem V�timas;Plena Noite;N�o Informado;Nublado;Simples;Curva;Sim;4;0;0;0;4;0;0;2;-29,927698;-51,156303;SPRF-RS;DEL01-RS;UOP01-DEL01-RS;;;
701679;30/06/2025;segunda-feira;21:45:00;BA;324;515,8;FEIRA DE SANTANA;Acessar a via sem observar a presen�a dos outros ve�culos;Colis�o frontal;Com V�timas Feridas;Plena Noite;Decrescente;Nublado;Simples;"Reta;Aclive";Sim;3;0;1;1;1;0;2;2;-12,241293;-38,937825;SPRF-BA;DEL02-BA;UOP01-DEL02-BA;;;
701680;30/06/2025;segunda-feira;19:15:00;PE;232;447,8;SERRA TALHADA;Convers�o proibida;Colis�o transversal;Com V�timas Feridas;Plena Noite;Decrescente;C�u Claro;Simples;Reta;Sim;3;0;2;0;1;0;2;2;-7,9887563;-38,2556153;SPRF-PE;DEL04-PE;UOP01-DEL04-PE;;;
701681;30/06/2025;segunda-feira;17:45:00;MG;116;417;GOVERNADOR VALADARES;Transitar no Acostamento;Colis�o lateral mesmo sentido;Com V�timas Feridas;Plena Noite;Decrescente;C�u Claro;Simples;Interse��o de Vias;Sim;2;0;1;0;1;0;1;2;-18,90387537;-41,94338176;SPRF-MG;DEL06-MG;UOP01-DEL06-MG;;;
701682;30/06/2025;segunda-feira;17:30:00;MG;116;178,2;PADRE PARAISO;Aus�ncia de rea��o do condutor;Atropelamento de Pedestre;Com V�timas Feridas;Anoitecer;Decrescente;Nublado;Simples;"Interse��o de Vias;Rotat�ria";Sim;2;0;1;0;1;0;1;2;-17,068892;-41,482945;SPRF-MG;DEL11-MG;UOP02-DEL11-MG;;;
701683;30/06/2025;segunda-feira;21:30:00;PR;116;104;SAO JOSE DOS PINHAIS;Aus�ncia de rea��o do condutor;Sa�da de leito carro��vel;Com V�timas Feridas;Plena Noite;Crescente;Chuva;Dupla;Reta;N�o;4;0;1;0;3;0;1;2;-25,571787;-49,20498;SPRF-PR;DEL01-PR;UOP07-DEL01-PR;;;
701684;30/06/2025;segunda-feira;22:15:00;PB;230;13,2;CABEDELO;Condutor deixou de manter dist�ncia do ve�culo da frente;Colis�o traseira;Com V�timas Feridas;Plena Noite;Crescente;Chuva;Dupla;Desvio Tempor�rio;N�o;3;0;3;0;0;0;3;2;-7,082527;-34,848795;SPRF-PB;DEL01-PB;UOP01-DEL01-PB;;;
701688;30/06/2025;segunda-feira;22:00:00;BA;116;778;PLANALTO;Acesso irregular;Colis�o frontal;Com V�timas Feridas;Plena Noite;Crescente;C�u Claro;Simples;Reta;Sim;2;0;1;0;1;0;1;2;-14,67582113;-40,50169945;SPRF-BA;DEL08-BA;UOP02-DEL08-BA;;;
701689;30/06/2025;segunda-feira;20:30:00;SC;280;81,8;CORUPA;Transitar na contram�o;Colis�o frontal;Com V�timas Fatais;Plena Noite;Decrescente;Garoa/Chuvisco;Simples;Reta;Sim;2;1;1;0;0;0;1;2;-26,43688665;-49,23964977;SPRF-SC;DEL06-SC;UOP03-DEL06-SC;;;
701693;30/06/2025;segunda-feira;17:00:00;RJ;101;496,8;ANGRA DOS REIS;Aus�ncia de rea��o do condutor;Colis�o lateral sentido oposto;Com V�timas Fatais;Anoitecer;Crescente;Chuva;Simples;Reta;N�o;3;1;2;0;0;0;2;3;-22,91887;-44,3274;SPRF-RJ;DEL03-RJ;UOP03-DEL03-RJ;;;
701694;01/07/2025;ter�a-feira;00:21:00;CE;116;27,3;AQUIRAZ;Animais na Pista;Atropelamento de Animal;Com V�timas Feridas;Plena Noite;Decrescente;C�u Claro;M�ltipla;Reta;Sim;1;0;1;0;0;0;1;1;-3,987168;-38,515468;SPRF-CE;DEL01-CE;UOP02-DEL01-CE;;;
701695;30/06/2025;segunda-feira;21:30:00;PI;343;43,3;BURITI DOS LOPES;Manobra de mudan�a de faixa;Colis�o frontal;Com V�timas Feridas;Plena Noite;Crescente;C�u Claro;Simples;Reta;N�o;6;0;1;0;5;0;1;2;-3,16389569;-41,82678491;SPRF-PI;DEL05-PI;UOP01-DEL05-PI;;;
701696;30/06/2025;segunda-feira;19:30:00;SP;116;147;SAO JOSE DOS CAMPOS;Acumulo de �leo sobre o pavimento;Tombamento;Com V�timas Feridas;Plena Noite;Decrescente;C�u Claro;Dupla;Reta;Sim;1;0;1;0;0;0;1;1;-23,195287;-45,871528;SPRF-SP;DEL02-SP;UOP01-DEL02-SP;;;
701697;01/07/2025;ter�a-feira;00:30:00;GO;153;693,9;ITUMBIARA;Rea��o tardia ou ineficiente do condutor;Queda de ocupante de ve�culo;Com V�timas Feridas;Plena Noite;Decrescente;C�u Claro;Dupla;Reta;N�o;1;0;0;1;0;0;1;1;-18,33297692;-49,22483325;SPRF-GO;DEL03-GO;UOP02-DEL03-GO;;;
701698;01/07/2025;ter�a-feira;00:30:00;PB;101;102;ALHANDRA;Acumulo de �gua sobre o pavimento;Sa�da de leito carro��vel;Com V�timas Feridas;Plena Noite;Decrescente;Chuva;Dupla;Reta;N�o;2;0;0;1;0;1;1;2;-7,2944214;-34,93745661;SPRF-PB;DEL01-PB;UOP01-DEL01-PB;;;
701699;01/07/2025;ter�a-feira;00:50:00;SC;163;79,2;SAO MIGUEL DO OESTE;Acessar a via sem observar a presen�a dos outros ve�culos;Colis�o transversal;Com V�timas Feridas;Plena Noite;Crescente;C�u Claro;Simples;"Interse��o de Vias;Rotat�ria;Declive";Sim;6;0;6;0;0;0;6;2;-26,65627565;-53,51707352;SPRF-SC;DEL07-SC;UOP03-DEL07-SC;;;
701706;01/07/2025;ter�a-feira;05:15:00;ES;101;52;CONCEICAO DA BARRA;Neblina;Colis�o traseira;Com V�timas Feridas;Amanhecer;Decrescente;C�u Claro;Simples;"Declive;Reta";N�o;2;0;1;0;1;0;1;2;-18,60154709;-39,8875688;SPRF-ES;DEL04-ES;UOP02-DEL04-ES;;;
701709;01/07/2025;ter�a-feira;06:20:00;MG;381;413;CAETE;Demais falhas na via;Sa�da de leito carro��vel;Com V�timas Feridas;Amanhecer;Crescente;Sol;Dupla;"Curva;Declive";N�o;2;0;2;0;0;0;2;1;-19,74765012;-43,62417308;SPRF-MG;DEL01-MG;UOP01-DEL01-MG;;;
701712;01/07/2025;ter�a-feira;06:40:00;SP;381;38;ATIBAIA;Rea��o tardia ou ineficiente do condutor;Tombamento;Com V�timas Feridas;Amanhecer;Decrescente;Nublado;Dupla;Reta;N�o;1;0;1;0;0;0;1;1;-23,1078767;-46,5696094;SPRF-SP;DEL03-SP;UOP01-DEL03-SP;;;
701714;01/07/2025;ter�a-feira;06:20:00;MG;381;349;JOAO MONLEVADE;Rea��o tardia ou ineficiente do condutor;Colis�o traseira;Sem V�timas;Amanhecer;Decrescente;C�u Claro;Simples;Reta;Sim;3;0;0;0;3;0;0;2;-19,8454048;-43,16728799;SPRF-MG;DEL03-MG;UOP01-DEL03-MG;;;
701715;01/07/2025;ter�a-feira;06:40:00;PR;116;115;CURITIBA;Aus�ncia de rea��o do condutor;Colis�o com objeto;Com V�timas Feridas;Amanhecer;Crescente;Chuva;Dupla;Curva;Sim;1;0;1;0;0;0;1;1;-25,54447249;-49,30026904;SPRF-PR;DEL01-PR;UOP03-DEL01-PR;;;
701719;01/07/2025;ter�a-feira;06:20:00;DF;60;11,9;BRASILIA;Pedestre cruzava a pista fora da faixa;Atropelamento de Pedestre;Com V�timas Feridas;Amanhecer;Decrescente;C�u Claro;Dupla;Reta;Sim;3;0;0;3;0;0;3;2;-15,919688;-48,165067;SPRF-DF;DEL03-DF;UOP01-DEL03-DF;;;
701720;01/07/2025;ter�a-feira;06:40:00;CE;222;2;FORTALEZA;Condutor desrespeitou a ilumina��o vermelha do sem�foro;Colis�o transversal;Com V�timas Feridas;Pleno dia;Decrescente;Garoa/Chuvisco;Dupla;Interse��o de Vias;Sim;2;0;0;1;1;0;1;2;-3,73919;-38,58756;SPRF-CE;DEL01-CE;UOP01-DEL01-CE;;;
701721;01/07/2025;ter�a-feira;06:50:00;SE;101;80;LARANJEIRAS;Pista esburacada;Sa�da de leito carro��vel;Com V�timas Feridas;Pleno dia;Decrescente;Nublado;Dupla;"Aclive;Reta";N�o;1;0;1;0;0;0;1;1;-10,80393519;-37,14041647;SPRF-SE;DEL01-SE;UOP01-DEL01-SE;;;
701722;30/06/2025;segunda-feira;20:20:00;MG;381;418,1;CAETE;Aus�ncia de rea��o do condutor;Colis�o traseira;Com V�timas Feridas;Plena Noite;Crescente;C�u Claro;Dupla;"Curva;Declive";N�o;2;0;0;1;1;0;1;2;-19,77849694;-43,65579729;SPRF-MG;DEL01-MG;UOP01-DEL01-MG;;;
701723;01/07/2025;ter�a-feira;06:20:00;RJ;101;330;RIO DE JANEIRO;Demais falhas mec�nicas ou el�tricas;Inc�ndio;Sem V�timas;Pleno dia;Crescente;Chuva;Dupla;"Reta;Ponte";N�o;1;0;0;0;1;0;0;1;-22,86959998;-43,17401886;SPRF-RJ;DEL02-RJ;UOP01-DEL02-RJ;;;
701724;01/07/2025;ter�a-feira;07:09:00;ES;101;295,2;CARIACICA;Manobra de mudan�a de faixa;Colis�o lateral mesmo sentido;Com V�timas Feridas;Pleno dia;Decrescente;C�u Claro;M�ltipla;"Reta;Declive";Sim;2;0;1;0;1;0;1;2;-20,335002;-40,400952;SPRF-ES;DEL01-ES;UOP01-DEL01-ES;;;
701726;01/07/2025;ter�a-feira;07:07:00;ES;101;270,2;SERRA;Aus�ncia de rea��o do condutor;Colis�o com objeto;Com V�timas Feridas;Pleno dia;Decrescente;C�u Claro;Dupla;Reta;Sim;3;0;1;0;1;1;1;3;-20,228948;-40,272239;SPRF-ES;DEL02-ES;UOP01-DEL02-ES;;;
701727;01/07/2025;ter�a-feira;05:30:00;PR;369;178,7;ARAPONGAS;Aus�ncia de rea��o do condutor;Tombamento;Com V�timas Feridas;Amanhecer;Crescente;C�u Claro;Dupla;Reta;Sim;2;0;2;0;0;0;2;1;-23,36034328;-51,39869855;SPRF-PR;DEL07-PR;UOP03-DEL07-PR;;;
701728;01/07/2025;ter�a-feira;07:15:00;PR;153;33,8;SANTO ANTONIO DA PLATINA;Condutor Dormindo;Sa�da de leito carro��vel;Com V�timas Feridas;Amanhecer;Crescente;Nublado;Simples;Reta;N�o;1;0;1;0;0;0;1;1;-23,23938338;-50,03864463;SPRF-PR;DEL07-PR;UOP04-DEL07-PR;;;
701729;01/07/2025;ter�a-feira;07:15:00;RS;448;21;CANOAS;Manobra de mudan�a de faixa;Colis�o traseira;Com V�timas Feridas;Pleno dia;Crescente;C�u Claro;M�ltipla;Reta;N�o;3;0;1;0;2;0;1;2;-29,95427877;-51,20278923;SPRF-RS;DEL01-RS;UOP01-DEL01-RS;;;
701730;01/07/2025;ter�a-feira;06:50:00;PI;316;0;TERESINA;�rea urbana sem a presen�a de local apropriado para a travessia de pedestres;Atropelamento de Pedestre;Com V�timas Feridas;Pleno dia;Decrescente;C�u Claro;Simples;Reta;Sim;2;0;1;1;0;0;2;2;-5,12918561;-42,8086102;SPRF-PI;DEL01-PI;UOP02-DEL01-PI;;;
701731;30/06/2025;segunda-feira;21:00:00;RO;364;419;JARU;Aus�ncia de rea��o do condutor;Colis�o com objeto;Com V�timas Feridas;Plena Noite;Crescente;Nublado;Simples;"Declive;Curva";N�o;1;0;1;0;0;0;1;1;-10,48255919;-62,44181943;SPRF-RO;DEL03-RO;UOP02-DEL03-RO;;;
701734;01/07/2025;ter�a-feira;07:30:00;CE;116;12;FORTALEZA;Rea��o tardia ou ineficiente do condutor;Queda de ocupante de ve�culo;Com V�timas Feridas;Pleno dia;Crescente;C�u Claro;M�ltipla;Reta;Sim;1;0;1;0;0;0;1;1;-3,85919625;-38,49653212;SPRF-CE;DEL01-CE;UOP02-DEL01-CE;;;
701735;01/07/2025;ter�a-feira;07:40:00;SC;470;59,8;BLUMENAU;Aus�ncia de rea��o do condutor;Colis�o lateral mesmo sentido;Com V�timas Feridas;Pleno dia;Decrescente;Nublado;Simples;"Reta;Em Obras";N�o;2;0;1;0;1;0;1;2;-26,88150679;-49,16411726;SPRF-SC;DEL04-SC;UOP01-DEL04-SC;;;
701737;01/07/2025;ter�a-feira;07:40:00;MG;40;466,8;SETE LAGOAS;Pista esburacada;Tombamento;Com V�timas Feridas;Pleno dia;Crescente;C�u Claro;M�ltipla;Reta;Sim;1;0;0;1;0;0;1;1;-19,4743693;-44,2919537;SPRF-MG;DEL02-MG;UOP01-DEL02-MG;;;
701738;01/07/2025;ter�a-feira;08:10:00;DF;70;4;BRASILIA;Aus�ncia de rea��o do condutor;Colis�o lateral mesmo sentido;Com V�timas Feridas;Pleno dia;Decrescente;C�u Claro;Dupla;Reta;Sim;2;0;1;0;1;0;1;2;-15,79464515;-48,09634209;SPRF-DF;DEL03-DF;UOP02-DEL03-DF;;;
701741;01/07/2025;ter�a-feira;07:40:00;CE;116;11;FORTALEZA;Aus�ncia de rea��o do condutor;Colis�o traseira;Com V�timas Feridas;Pleno dia;Decrescente;C�u Claro;Dupla;Reta;N�o;2;0;0;1;0;1;1;2;-3,84660334;-38,49740656;SPRF-CE;DEL01-CE;UOP02-DEL01-CE;;;
701742;01/07/2025;ter�a-feira;08:00:00;DF;20;6,7;BRASILIA;Rea��o tardia ou ineficiente do condutor;Queda de ocupante de ve�culo;Com V�timas Feridas;Pleno dia;Decrescente;C�u Claro;Dupla;Reta;Sim;1;0;1;0;0;0;1;1;-15,662745;-47,802015;SPRF-DF;DEL02-DF;UOP01-DEL02-DF;;;
701743;01/07/2025;ter�a-feira;08:00:00;SC;470;54,9;BLUMENAU;Aus�ncia de rea��o do condutor;Colis�o traseira;Com V�timas Feridas;Pleno dia;Crescente;Nublado;Simples;"Reta;Em Obras";Sim;2;0;1;0;1;0;1;2;-26,87460262;-49,11597848;SPRF-SC;DEL04-SC;UOP01-DEL04-SC;;;
701746;01/07/2025;ter�a-feira;08:30:00;SC;101;200,9;SAO JOSE;Aus�ncia de rea��o do condutor;Colis�o traseira;Com V�timas Feridas;Pleno dia;Crescente;Nublado;Dupla;Reta;Sim;2;0;1;0;1;0;1;2;-27,547;-48,62;SPRF-SC;DEL01-SC;UOP01-DEL01-SC;;;
701748;01/07/2025;ter�a-feira;07:40:00;RO;364;241,1;CACOAL;Mal s�bito do condutor;Capotamento;Com V�timas Feridas;Pleno dia;Crescente;Nublado;Simples;Curva;Sim;1;0;1;0;0;0;1;1;-11,440687;-61,478843;SPRF-RO;DEL02-RO;UOP02-DEL02-RO;;;
701749;01/07/2025;ter�a-feira;08:15:00;GO;153;503;GOIANIA;Manobra de mudan�a de faixa;Colis�o lateral mesmo sentido;Com V�timas Feridas;Pleno dia;Decrescente;C�u Claro;Dupla;Reta;Sim;2;0;1;0;1;0;1;2;-16,7157954;-49,2352581;SPRF-GO;DEL01-GO;UOP01-DEL01-GO;;;
701750;01/07/2025;ter�a-feira;07:30:00;MA;135;3;SAO LUIS;Condutor deixou de manter dist�ncia do ve�culo da frente;Colis�o traseira;Com V�timas Feridas;Pleno dia;Decrescente;C�u Claro;Dupla;Reta;Sim;6;0;3;1;2;0;4;4;-2,613243;-44,251518;SPRF-MA;DEL01-MA;UOP01-DEL01-MA;;;
701751;01/07/2025;ter�a-feira;08:55:00;AL;101;136;SAO MIGUEL DOS CAMPOS;Acessar a via sem observar a presen�a dos outros ve�culos;Colis�o transversal;Com V�timas Feridas;Pleno dia;Crescente;C�u Claro;Simples;"Retorno Regulamentado;Reta;Interse��o de Vias;Rotat�ria;Em Obras";Sim;2;0;1;0;1;0;1;2;-9,779105;-36,106313;SPRF-AL;DEL02-AL;UOP01-DEL02-AL;;;
701752;01/07/2025;ter�a-feira;08:05:00;SP;116;415,9;JUQUIA;Acessar a via sem observar a presen�a dos outros ve�culos;Colis�o transversal;Com V�timas Feridas;Pleno dia;Crescente;Chuva;Simples;Interse��o de Vias;N�o;2;0;1;0;1;0;1;2;-24,34794947;-47,65111417;SPRF-SP;DEL05-SP;UOP01-DEL05-SP;;;
701753;01/07/2025;ter�a-feira;08:15:00;RJ;116;144;DUQUE DE CAXIAS;Rea��o tardia ou ineficiente do condutor;Colis�o traseira;Com V�timas Feridas;Pleno dia;Crescente;C�u Claro;Dupla;Reta;Sim;2;0;1;0;1;0;1;2;-22,658655;-43,24969;SPRF-RJ;DEL01-RJ;UOP02-DEL01-RJ;;;
701754;01/07/2025;ter�a-feira;07:20:00;AC;364;134;RIO BRANCO;Condutor deixou de manter dist�ncia do ve�culo da frente;Colis�o traseira;Com V�timas Feridas;Pleno dia;Decrescente;C�u Claro;Dupla;Reta;Sim;2;0;1;0;1;0;1;2;-9,9885048;-67,84714043;SPRF-AC;DEL01-AC;UOP01-DEL01-AC;;;
701755;01/07/2025;ter�a-feira;08:00:00;RJ;101;316;SAO GONCALO;Rea��o tardia ou ineficiente do condutor;Colis�o lateral mesmo sentido;Com V�timas Feridas;Pleno dia;Crescente;C�u Claro;Dupla;Reta;Sim;2;0;1;0;1;0;1;2;-22,82840256;-43,09318542;SPRF-RJ;DEL02-RJ;UOP02-DEL02-RJ;;;
701756;29/06/2025;domingo;16:39:00;MA;402;21;ROSARIO;Rea��o tardia ou ineficiente do condutor;Tombamento;Com V�timas Feridas;Pleno dia;Crescente;C�u Claro;Simples;Reta;N�o;2;0;2;0;0;0;2;1;-2,92386;-44,15612;SPRF-MA;DEL01-MA;UOP01-DEL01-MA;;;
701757;29/06/2025;domingo;23:00:00;BA;116;692;JEQUIE;Condutor Dormindo;Sa�da de leito carro��vel;Com V�timas Feridas;Plena Noite;Decrescente;C�u Claro;Simples;Reta;N�o;1;0;1;0;0;0;1;1;-13,9410647;-40,16189575;SPRF-BA;DEL03-BA;UOP01-DEL03-BA;;;
701760;01/07/2025;ter�a-feira;09:30:00;DF;251;36;BRASILIA;Acessar a via sem observar a presen�a dos outros ve�culos;Colis�o traseira;Com V�timas Feridas;Pleno dia;Decrescente;C�u Claro;Simples;Reta;N�o;2;0;1;0;1;0;1;2;-15,945308;-47,788424;SPRF-DF;DEL01-DF;UOP01-DEL01-DF;;;
701761;01/07/2025;ter�a-feira;07:50:00;SC;116;208,6;PONTE ALTA;Rea��o tardia ou ineficiente do condutor;Sa�da de leito carro��vel;Com V�timas Feridas;Pleno dia;Crescente;C�u Claro;Simples;"Curva;Aclive";N�o;4;0;1;0;3;0;1;1;-27,492085;-50,374403;SPRF-SC;DEL05-SC;UOP03-DEL05-SC;;;
701764;01/07/2025;ter�a-feira;10:03:00;PB;230;5;CABEDELO;Aus�ncia de rea��o do condutor;Colis�o traseira;Com V�timas Feridas;Pleno dia;Decrescente;Nublado;M�ltipla;Reta;Sim;3;0;2;0;0;1;2;2;-7,01692282;-34,83402729;SPRF-PB;DEL01-PB;UOP01-DEL01-PB;;;
701765;01/07/2025;ter�a-feira;09:00:00;RN;101;162;GOIANINHA;Acumulo de �gua sobre o pavimento;Colis�o com objeto;Com V�timas Feridas;Pleno dia;Crescente;Chuva;Dupla;"Ponte;Aclive;Reta";N�o;1;0;1;0;0;0;1;1;-6,3285034;-35,1768873;SPRF-RN;DEL01-RN;UOP01-DEL01-RN;;;
701766;01/07/2025;ter�a-feira;09:49:00;RJ;101;262;RIO BONITO;Rea��o tardia ou ineficiente do condutor;Sa�da de leito carro��vel;Com V�timas Feridas;Pleno dia;Crescente;Nublado;Dupla;"Interse��o de Vias;Curva;Aclive";Sim;1;0;0;1;0;0;1;1;-22,7185866;-42,6230371;SPRF-RJ;DEL02-RJ;UOP03-DEL02-RJ;;;
701769;01/07/2025;ter�a-feira;11:00:00;ES;101;143;LINHARES;Transitar na contram�o;Colis�o transversal;Com V�timas Feridas;Pleno dia;Crescente;C�u Claro;Simples;Retorno Regulamentado;Sim;2;0;1;0;1;0;1;2;-19,33299713;-40,06835103;SPRF-ES;DEL04-ES;UOP01-DEL04-ES;;;
701770;01/07/2025;ter�a-feira;09:50:00;SP;116;227;GUARULHOS;Mal s�bito do condutor;Colis�o com objeto;Com V�timas Fatais;Pleno dia;Decrescente;Nublado;M�ltipla;"Em Obras;Aclive;Reta";Sim;1;1;0;0;0;0;0;1;-23,49935377;-46,56020578;SPRF-SP;DEL01-SP;UOP01-DEL01-SP;;;
701773;01/07/2025;ter�a-feira;08:20:00;RJ;0;0;RIO DE JANEIRO;Condutor desrespeitou a ilumina��o vermelha do sem�foro;Colis�o transversal;Com V�timas Feridas;Pleno dia;N�o Informado;Nublado;Simples;Interse��o de Vias;Sim;4;0;1;0;1;2;1;3;-22,985;-43,191;SPRF-RJ;DEL01-RJ;N/A;;;
701774;01/07/2025;ter�a-feira;10:20:00;PR;163;265;TOLEDO;Aus�ncia de rea��o do condutor;Tombamento;Com V�timas Feridas;Pleno dia;Decrescente;Nublado;Dupla;Aclive;N�o;1;0;1;0;0;0;1;1;-24,62248131;-53,91284296;SPRF-PR;DEL06-PR;UOP02-DEL06-PR;;;
701776;27/06/2025;sexta-feira;19:00:00;GO;153;507,1;HIDROLANDIA;Suic�dio (presumido);Eventos at�picos;Com V�timas Feridas;Plena Noite;Decrescente;C�u Claro;Dupla;"Reta;Declive";Sim;3;0;0;1;1;1;1;2;-16,921844;-49,252605;SPRF-GO;DEL01-GO;UOP03-DEL01-GO;;;
701777;01/07/2025;ter�a-feira;12:00:00;PR;277;7,2;PARANAGUA;Acessar a via sem observar a presen�a dos outros ve�culos;Colis�o transversal;Com V�timas Feridas;Pleno dia;Crescente;Nublado;Simples;Interse��o de Vias;Sim;2;0;1;0;1;0;1;2;-25,51070007;-48,51926057;SPRF-PR;DEL01-PR;UOP05-DEL01-PR;;;
701780;01/07/2025;ter�a-feira;11:15:00;MT;70;8;BARRA DO GARCAS;Aus�ncia de rea��o do condutor;Colis�o com objeto;Com V�timas Feridas;Pleno dia;Crescente;C�u Claro;Simples;Reta;Sim;1;0;1;0;0;0;1;1;-15,878092;-52,316371;SPRF-MT;DEL07-MT;UOP01-DEL07-MT;;;
701782;01/07/2025;ter�a-feira;11:50:00;PE;232;29;MORENO;Aus�ncia de rea��o do condutor;Colis�o traseira;Com V�timas Feridas;Pleno dia;Decrescente;Nublado;Dupla;Reta;N�o;2;0;1;0;0;1;1;2;-8,111423;-35,143567;SPRF-PE;DEL02-PE;UOP02-DEL02PE;;;
701783;01/07/2025;ter�a-feira;11:40:00;GO;60;20;ALEXANIA;Avarias e/ou desgaste excessivo no pneu;Capotamento;Com V�timas Feridas;Pleno dia;Decrescente;C�u Claro;Dupla;Curva;N�o;2;0;2;0;0;0;2;1;-16,120685;-48,405385;SPRF-DF;DEL03-DF;UOP01-DEL03-DF;;;