id;data_inversa;dia_semana;horario;uf;br;km;municipio;causa_acidente;tipo_acidente;classificacao_acidente;fase_dia;sentido_via;condicao_metereologica;tipo_pista;tracado_via;uso_solo;pessoas;mortos;feridos_leves;feridos_graves;ilesos;ignorados;feridos;veiculos;latitude;longitude;regional;delegacia;uop;;;
701785;01/07/2025;ter�a-feira;12:40:00;PE;408;86;PAUDALHO;Aus�ncia de rea��o do condutor;Sa�da de leito carro��vel;Com V�timas Feridas;Pleno dia;Decrescente;Nublado;Dupla;Reta;N�o;1;0;1;0;0;0;1;1;-7,960472;-35,094743;SPRF-PE;DEL01-PE;UOP01-DEL01-PE;;;
701786;01/07/2025;ter�a-feira;08:30:00;MA;10;250;IMPERATRIZ;Manobra de mudan�a de faixa;Colis�o transversal;Com V�timas Feridas;Pleno dia;Decrescente;C�u Claro;Simples;Retorno Regulamentado;N�o;2;0;1;0;1;0;1;2;-5,543083;-47,464904;SPRF-MA;DEL04-MA;UOP01-DEL04-MA;;;
701787;01/07/2025;ter�a-feira;07:40:00;RJ;101;526,8;ANGRA DOS REIS;Rea��o tardia ou ineficiente do condutor;Sa�da de leito carro��vel;Com V�timas Feridas;Pleno dia;Decrescente;Garoa/Chuvisco;Simples;Curva;N�o;1;0;1;0;0;0;1;1;-23,01832572;-44,48964;SPRF-RJ;DEL03-RJ;UOP03-DEL03-RJ;;;
701788;01/07/2025;ter�a-feira;13:00:00;SP;381;54;MAIRIPORA;Frear bruscamente;Colis�o traseira;Com V�timas Feridas;Pleno dia;Crescente;Nublado;M�ltipla;"Reta;Aclive";N�o;4;0;1;0;3;0;1;2;-23,24680453;-46,59359087;SPRF-SP;DEL03-SP;UOP01-DEL03-SP;;;
701789;30/05/2025;sexta-feira;16:30:00;BA;101;210;GOVERNADOR MANGABEIRA;Manobra de mudan�a de faixa;Colis�o traseira;Com V�timas Feridas;Pleno dia;Decrescente;C�u Claro;Simples;Reta;N�o;2;0;1;0;1;0;1;2;-12,607662;-39,065609;SPRF-BA;DEL01-BA;UOP02-DEL01-BA;;;
701790;01/07/2025;ter�a-feira;13:15:00;RN;101;96;NATAL;Rea��o tardia ou ineficiente do condutor;Colis�o traseira;Sem V�timas;Pleno dia;Decrescente;Sol;Dupla;Reta;Sim;3;0;0;0;2;1;0;3;-5,8533183;-35,2106917;SPRF-RN;DEL01-RN;UOP01-DEL01-RN;;;
701792;23/06/2025;segunda-feira;19:20:00;GO;40;2;VALPARAISO DE GOIAS;Pedestre cruzava a pista fora da faixa;Atropelamento de Pedestre;Com V�timas Feridas;Plena Noite;Decrescente;C�u Claro;Dupla;Reta;Sim;2;0;1;0;1;0;1;2;-16,067321;-47,984135;SPRF-DF;DEL01-DF;UOP01-DEL01-DF;;;
701793;01/07/2025;ter�a-feira;09:45:00;SC;470;138,2;RIO DO SUL;Acessar a via sem observar a presen�a dos outros ve�culos;Colis�o transversal;Com V�timas Feridas;Pleno dia;Crescente;Nublado;Simples;"Interse��o de Vias;Reta";Sim;2;0;1;0;1;0;1;2;-27,19392883;-49,62418048;SPRF-SC;DEL04-SC;UOP02-DEL04-SC;;;
701796;01/07/2025;ter�a-feira;10:30:00;MG;354;714,2;CAXAMBU;Afundamento ou ondula��o no pavimento;Queda de ocupante de ve�culo;Com V�timas Feridas;Pleno dia;Crescente;C�u Claro;Simples;"Curva;Aclive";N�o;2;0;1;0;1;0;1;1;-22,04829233;-44,92672391;SPRF-MG;DEL17-MG;UOP01-DEL17-MG;;;
701797;01/07/2025;ter�a-feira;10:45:00;MG;116;416;GOVERNADOR VALADARES;Acessar a via sem observar a presen�a dos outros ve�culos;Colis�o transversal;Com V�timas Feridas;Pleno dia;Decrescente;C�u Claro;Simples;Reta;Sim;2;0;1;0;1;0;1;2;-18,89362;-41,947376;SPRF-MG;DEL06-MG;UOP01-DEL06-MG;;;
701802;01/07/2025;ter�a-feira;12:20:00;ES;262;166,3;IBATIBA;Desrespeitar a prefer�ncia no cruzamento;Colis�o transversal;Com V�timas Feridas;Pleno dia;Crescente;C�u Claro;Simples;"Curva;Rotat�ria";N�o;2;0;0;1;1;0;1;2;-20,251455;-41,563513;SPRF-ES;DEL01-ES;UOP02-DEL01-ES;;;
701804;01/07/2025;ter�a-feira;15:10:00;RN;101;96;NATAL;Manobra de mudan�a de faixa;Queda de ocupante de ve�culo;Com V�timas Feridas;Pleno dia;Decrescente;Garoa/Chuvisco;Dupla;Reta;N�o;1;0;1;0;0;0;1;1;-5,850043;-35,209367;SPRF-RN;DEL01-RN;UOP01-DEL01-RN;;;
701805;01/07/2025;ter�a-feira;14:04:00;PB;230;3,5;CABEDELO;Rea��o tardia ou ineficiente do condutor;Tombamento;Com V�timas Feridas;Pleno dia;Decrescente;Nublado;Dupla;"Reta;Em Obras";Sim;1;0;1;0;0;0;1;1;-6,9988468;-34,82823753;SPRF-PB;DEL01-PB;UOP01-DEL01-PB;;;
701806;01/07/2025;ter�a-feira;13:20:00;PR;158;539;PATO BRANCO;Condutor deixou de manter dist�ncia do ve�culo da frente;Colis�o traseira;Com V�timas Feridas;Pleno dia;Crescente;C�u Claro;Simples;Curva;N�o;3;0;2;0;1;0;2;2;-26,26744764;-52,7110076;SPRF-PR;DEL02-PR;UOP01-DEL02-PR;;;
701807;01/07/2025;ter�a-feira;16:00:00;RN;101;97,8;NATAL;Rea��o tardia ou ineficiente do condutor;Engavetamento;Sem V�timas;Pleno dia;Decrescente;C�u Claro;Dupla;Reta;Sim;3;0;0;0;3;0;0;3;-5,8605698;-35,2134986;SPRF-RN;DEL01-RN;UOP01-DEL01-RN;;;
701808;01/07/2025;ter�a-feira;15:40:00;SP;101;36;UBATUBA;Velocidade Incompat�vel;Colis�o frontal;Com V�timas Feridas;Pleno dia;Crescente;Chuva;Simples;Curva;Sim;4;0;1;1;2;0;2;3;-23,40097903;-45,02040759;SPRF-SP;DEL06-SP;UOP01-DEL06-SP;;;
701810;16/05/2025;sexta-feira;08:00:00;BA;324;625;SALVADOR;Demais Fen�menos da natureza;Queda de ocupante de ve�culo;Com V�timas Feridas;Pleno dia;Crescente;C�u Claro;M�ltipla;Reta;Sim;2;0;0;1;0;1;1;1;-12,96132772;-38,47463595;SPRF-BA;DEL01-BA;UOP01-DEL01-BA;;;
701811;24/06/2025;ter�a-feira;20:00:00;BA;324;416;NOVA FATIMA;Aus�ncia de rea��o do condutor;Colis�o frontal;Com V�timas Feridas;Plena Noite;Decrescente;C�u Claro;Simples;Reta;N�o;4;0;0;2;2;0;2;2;-11,67328785;-39,56030131;SPRF-BA;DEL04-BA;UOP02-DEL04-BA;;;
701812;01/07/2025;ter�a-feira;15:40:00;ES;101;58,6;COLATINA;Convers�o proibida;Colis�o transversal;Com V�timas Feridas;Pleno dia;Crescente;C�u Claro;Simples;Declive;N�o;2;0;1;0;1;0;1;2;-19,5225136;-40,6684762;SPRF-ES;DEL04-ES;UOP02-DEL04-ES;;;
701814;14/06/2025;s�bado;05:50:00;PR;376;88;PARANAVAI;Ultrapassagem Indevida;Colis�o lateral sentido oposto;Com V�timas Feridas;Amanhecer;Crescente;C�u Claro;Simples;Curva;N�o;6;0;3;0;3;0;3;3;-23,02947369;-52,48365283;SPRF-PR;DEL09-PR;UOP02-DEL09-PR;;;
701817;01/07/2025;ter�a-feira;13:10:00;RS;287;434,4;UNISTALDA;Rea��o tardia ou ineficiente do condutor;Sa�da de leito carro��vel;Com V�timas Feridas;Pleno dia;Decrescente;C�u Claro;Simples;Curva;N�o;1;0;1;0;0;0;1;1;-29,04968978;-55,14675818;SPRF-RS;DEL12-RS;UOP02-DEL12-RS;;;
701818;01/07/2025;ter�a-feira;13:39:00;RO;319;141;PORTO VELHO;Aus�ncia de rea��o do condutor;Colis�o traseira;Com V�timas Feridas;Pleno dia;Decrescente;C�u Claro;Dupla;Reta;Sim;2;0;1;0;1;0;1;2;-8,73987941;-63,89063931;SPRF-RO;DEL01-RO;UOP01-DEL01-RO;;;
701819;01/07/2025;ter�a-feira;15:20:00;MT;163;1037;MATUPA;Condutor deixou de manter dist�ncia do ve�culo da frente;Colis�o traseira;Com V�timas Feridas;Pleno dia;Crescente;C�u Claro;Simples;Reta;N�o;2;0;1;0;1;0;1;2;-10,191812;-54,950606;SPRF-MT;DEL06-MT;UOP03-DEL06-MT;;;
701820;01/07/2025;ter�a-feira;16:20:00;CE;116;1;FORTALEZA;Manobra de mudan�a de faixa;Colis�o lateral mesmo sentido;Com V�timas Feridas;Pleno dia;Decrescente;C�u Claro;Dupla;"Curva;Interse��o de Vias";Sim;2;0;1;0;1;0;1;2;-3,75813973;-38,51964204;SPRF-CE;DEL01-CE;UOP02-DEL01-CE;;;
701821;01/07/2025;ter�a-feira;16:00:00;SP;116;316;JUQUITIBA;Avarias e/ou desgaste excessivo no pneu;Colis�o com objeto;Sem V�timas;Pleno dia;Crescente;Garoa/Chuvisco;Dupla;Curva;N�o;1;0;0;0;1;0;0;1;-23,914825;-46,989184;SPRF-SP;DEL04-SP;UOP03-DEL04-SP;;;
701822;01/07/2025;ter�a-feira;16:15:00;RJ;40;110;DUQUE DE CAXIAS;Condutor deixou de manter dist�ncia do ve�culo da frente;Colis�o traseira;Com V�timas Feridas;Anoitecer;Decrescente;C�u Claro;Dupla;Reta;Sim;3;0;1;0;2;0;1;3;-22,69076495;-43,2869482;SPRF-RJ;DEL01-RJ;UOP02-DEL01-RJ;;;
701823;01/07/2025;ter�a-feira;14:00:00;MG;262;46,8;MANHUACU;Condutor deixou de manter dist�ncia do ve�culo da frente;Colis�o traseira;Com V�timas Feridas;Pleno dia;Crescente;C�u Claro;Simples;"Aclive;Reta";N�o;2;0;1;0;1;0;1;2;-20,255222;-42,116303;SPRF-MG;DEL06-MG;UOP03-DEL06-MG;;;
701825;01/07/2025;ter�a-feira;17:00:00;SP;116;155;SAO JOSE DOS CAMPOS;Aus�ncia de rea��o do condutor;Queda de ocupante de ve�culo;Com V�timas Feridas;Pleno dia;Decrescente;C�u Claro;Dupla;Reta;Sim;1;0;0;1;0;0;1;1;-23,24015405;-45,92193945;SPRF-SP;DEL02-SP;UOP01-DEL02-SP;;;
701826;01/07/2025;ter�a-feira;17:20:00;SC;470;45;GASPAR;Aus�ncia de rea��o do condutor;Colis�o transversal;Com V�timas Feridas;Pleno dia;Crescente;Nublado;Simples;"Reta;Em Obras";N�o;2;0;1;0;1;0;1;2;-26,86607968;-49,03230278;SPRF-SC;DEL04-SC;UOP01-DEL04-SC;;;
701829;01/07/2025;ter�a-feira;16:45:00;PE;101;44;IGARASSU;Entrada inopinada do pedestre;Atropelamento de Pedestre;Sem V�timas;Pleno dia;Decrescente;Chuva;M�ltipla;Reta;Sim;3;0;0;0;2;1;0;3;-7,858194;-34,908322;SPRF-PE;DEL01-PE;UOP02-DEL01-PE;;;
701830;01/07/2025;ter�a-feira;14:40:00;SC;470;118,9;IBIRAMA;Aus�ncia de rea��o do condutor;Tombamento;Com V�timas Feridas;Pleno dia;Decrescente;Nublado;Simples;"Declive;Curva";Sim;1;0;1;0;0;0;1;1;-27,08345;-49,52;SPRF-SC;DEL04-SC;UOP02-DEL04-SC;;;
701831;01/07/2025;ter�a-feira;15:25:00;PR;116;22,5;ANTONINA;Velocidade Incompat�vel;Colis�o com objeto;Com V�timas Feridas;Pleno dia;Crescente;Garoa/Chuvisco;Dupla;Reta;N�o;2;0;2;0;0;0;2;1;-25,111;-48,751543;SPRF-PR;DEL01-PR;UOP02-DEL01-PR;;;
701833;01/07/2025;ter�a-feira;17:30:00;BA;101;712;EUNAPOLIS;Acessar a via sem observar a presen�a dos outros ve�culos;Colis�o transversal;Com V�timas Fatais;Anoitecer;Decrescente;Nublado;Simples;Reta;N�o;3;2;1;0;0;0;1;2;-16,33226;-39,581725;SPRF-BA;DEL09-BA;UOP01-DEL09-BA;;;
701834;01/07/2025;ter�a-feira;17:30:00;GO;40;11;LUZIANIA;Rea��o tardia ou ineficiente do condutor;Colis�o transversal;Com V�timas Fatais;Anoitecer;Decrescente;C�u Claro;Dupla;Reta;Sim;2;1;0;1;0;0;1;2;-16,141047;-47,948708;SPRF-DF;DEL01-DF;UOP01-DEL01-DF;;;
701835;01/07/2025;ter�a-feira;16:58:00;MS;262;231;RIBAS DO RIO PARDO;Retorno proibido;Colis�o frontal;Com V�timas Fatais;Pleno dia;Crescente;C�u Claro;Simples;Reta;Sim;2;1;0;0;1;0;0;2;-20,464911;-53,692584;SPRF-MS;DEL01-MS;UOP05-DEL01-MS;;;
701836;01/07/2025;ter�a-feira;18:15:00;PR;277;82;CURITIBA;Rea��o tardia ou ineficiente do condutor;Colis�o lateral mesmo sentido;Com V�timas Feridas;Plena Noite;Crescente;Chuva;Dupla;Reta;Sim;2;0;1;0;1;0;1;2;-25,44839429;-49,22980992;SPRF-PR;DEL01-PR;UOP03-DEL01-PR;;;
701838;01/07/2025;ter�a-feira;18:10:00;PR;376;4,9;APUCARANA;Desrespeitar a prefer�ncia no cruzamento;Colis�o transversal;Com V�timas Feridas;Pleno dia;Decrescente;C�u Claro;Simples;Curva;Sim;3;0;2;0;1;0;2;2;-23,55013001;-51,44960761;SPRF-PR;DEL07-PR;UOP03-DEL07-PR;;;
701839;01/07/2025;ter�a-feira;18:30:00;MA;135;11;SAO LUIS;Rea��o tardia ou ineficiente do condutor;Colis�o transversal;Com V�timas Fatais;Anoitecer;Decrescente;C�u Claro;Dupla;Declive;Sim;2;1;0;0;1;0;0;2;-2,667885;-44,288506;SPRF-MA;DEL01-MA;UOP01-DEL01-MA;;;
701840;01/07/2025;ter�a-feira;18:40:00;RS;290;68,6;GRAVATAI;Rea��o tardia ou ineficiente do condutor;Colis�o traseira;Com V�timas Feridas;Plena Noite;Decrescente;Nublado;Dupla;Reta;N�o;4;0;3;0;1;0;3;2;-29,944578;-50,94307;SPRF-RS;DEL03-RS;UOP01-DEL03-RS;;;
701841;01/07/2025;ter�a-feira;17:00:00;CE;116;309,2;JAGUARIBE;Acessar a via sem observar a presen�a dos outros ve�culos;Colis�o transversal;Com V�timas Feridas;Pleno dia;Decrescente;Nublado;Simples;"Reta;Interse��o de Vias";Sim;2;0;0;1;1;0;1;2;-5,90422;-38,623702;SPRF-CE;DEL05-CE;UOP02-DEL05-CE;;;
701842;01/07/2025;ter�a-feira;18:45:00;SC;280;5,5;SAO FRANCISCO DO SUL;Manobra de mudan�a de faixa;Colis�o lateral mesmo sentido;Com V�timas Feridas;Plena Noite;Crescente;C�u Claro;Simples;Interse��o de Vias;N�o;2;0;1;0;1;0;1;2;-26,262894;-48,629761;SPRF-SC;DEL03-SC;UOP03-DEL03-SC;;;
701843;01/07/2025;ter�a-feira;18:40:00;RS;116;267;CANOAS;Trafegar com motocicleta (ou similar) entre as faixas;Colis�o lateral mesmo sentido;Com V�timas Feridas;Plena Noite;Decrescente;C�u Claro;M�ltipla;Reta;Sim;2;0;1;0;1;0;1;2;-29,9328649;-51,1773286;SPRF-RS;DEL01-RS;UOP01-DEL01-RS;;;
701844;01/07/2025;ter�a-feira;19:30:00;SC;101;207,3;SAO JOSE;Rea��o tardia ou ineficiente do condutor;Queda de ocupante de ve�culo;Com V�timas Feridas;Plena Noite;Decrescente;Ignorado;M�ltipla;"Declive;Reta";Sim;2;0;1;0;1;0;1;2;-27,60132227;-48,62483852;SPRF-SC;DEL01-SC;UOP01-DEL01-SC;;;
701845;01/07/2025;ter�a-feira;18:40:00;ES;101;53,1;CONCEICAO DA BARRA;Defici�ncia do Sistema de Ilumina��o/Sinaliza��o;Colis�o lateral mesmo sentido;Com V�timas Fatais;Anoitecer;Crescente;C�u Claro;Simples;Reta;N�o;2;1;0;0;0;1;0;2;-18,61385926;-39,88375604;SPRF-ES;DEL04-ES;UOP02-DEL04-ES;;;
701850;01/07/2025;ter�a-feira;17:50:00;MS;262;317,7;CAMPO GRANDE;Animais na Pista;Atropelamento de Animal;Com V�timas Feridas;Plena Noite;Crescente;C�u Claro;Simples;Reta;N�o;1;0;1;0;0;0;1;1;-20,4709298;-54,4577848;SPRF-MS;DEL01-MS;UOP01-DEL01-MS;;;
701852;01/07/2025;ter�a-feira;18:10:00;BA;116;822;VITORIA DA CONQUISTA;Ingest�o de �lcool pelo condutor;Colis�o lateral mesmo sentido;Sem V�timas;Anoitecer;Decrescente;Ignorado;Dupla;Reta;Sim;3;0;0;0;3;0;0;2;-14,846781;-40,847972;SPRF-BA;DEL08-BA;UOP01-DEL08-BA;;;
701854;01/07/2025;ter�a-feira;10:50:00;AC;364;136;RIO BRANCO;Acumulo de �leo sobre o pavimento;Tombamento;Com V�timas Feridas;Pleno dia;Crescente;Nublado;Simples;Rotat�ria;Sim;1;0;1;0;0;0;1;1;-9,97744135;-67,84888029;SPRF-AC;DEL01-AC;UOP01-DEL01-AC;;;
701856;01/07/2025;ter�a-feira;19:30:00;SP;116;276;EMBU DAS ARTES;Manobra de mudan�a de faixa;Colis�o lateral mesmo sentido;Com V�timas Feridas;Plena Noite;Crescente;Nublado;Dupla;Reta;Sim;2;0;1;0;1;0;1;2;-23,62272237;-46,81432609;SPRF-SP;DEL04-SP;UOP01-DEL04-SP;;;
701858;01/07/2025;ter�a-feira;18:30:00;MG;116;115;ITAOBIM;Aus�ncia de rea��o do condutor;Tombamento;Com V�timas Feridas;Plena Noite;Crescente;C�u Claro;Simples;Reta;Sim;2;0;1;0;0;1;1;2;-16,54641747;-41,50334056;SPRF-MG;DEL11-MG;UOP02-DEL11-MG;;;
701859;01/07/2025;ter�a-feira;19:00:00;MS;163;549;BANDEIRANTES;Convers�o proibida;Colis�o transversal;Com V�timas Feridas;Plena Noite;Crescente;C�u Claro;Simples;Reta;Sim;2;0;2;0;0;0;2;2;-19,91215;-54,370484;SPRF-MS;DEL01-MS;UOP02-DEL01-MS;;;
701860;01/07/2025;ter�a-feira;19:10:00;PR;369;185;ARAPONGAS;Transitar no Acostamento;Colis�o lateral mesmo sentido;Com V�timas Feridas;Plena Noite;Decrescente;C�u Claro;Simples;"Reta;Interse��o de Vias";Sim;2;0;1;0;1;0;1;2;-23,40948;-51,427724;SPRF-PR;DEL07-PR;UOP03-DEL07-PR;;;
701863;01/07/2025;ter�a-feira;11:25:00;AC;364;136;RIO BRANCO;Acumulo de �leo sobre o pavimento;Tombamento;Com V�timas Feridas;Pleno dia;Crescente;Nublado;Dupla;Reta;Sim;1;0;0;1;0;0;1;1;-9,974035;-67,850493;SPRF-AC;DEL01-AC;UOP01-DEL01-AC;;;
701865;01/07/2025;ter�a-feira;16:50:00;MS;60;592,1;JARDIM;Acessar a via sem observar a presen�a dos outros ve�culos;Colis�o lateral mesmo sentido;Com V�timas Feridas;Pleno dia;Decrescente;Nublado;Simples;Rotat�ria;Sim;2;0;1;0;1;0;1;2;-21,48782313;-56,15594801;SPRF-MS;DEL05-MS;UOP01-DEL05-MS;;;
701866;01/07/2025;ter�a-feira;11:35:00;RO;174;13;VILHENA;Aus�ncia de rea��o do condutor;Colis�o lateral mesmo sentido;Com V�timas Feridas;Pleno dia;Crescente;C�u Claro;Dupla;Interse��o de Vias;Sim;3;0;2;0;1;0;2;2;-12,73359253;-60,13003914;SPRF-RO;DEL04-RO;UOP01-DEL04-RO;;;
701868;01/07/2025;ter�a-feira;19:50:00;GO;153;687;ITUMBIARA;Aus�ncia de rea��o do condutor;Queda de ocupante de ve�culo;Com V�timas Feridas;Plena Noite;Crescente;C�u Claro;Dupla;"Aclive;Reta";N�o;1;0;1;0;0;0;1;1;-18,27326737;-49,24454123;SPRF-GO;DEL03-GO;UOP02-DEL03-GO;;;
701871;01/07/2025;ter�a-feira;20:00:00;RJ;116;189;NOVA IGUACU;Aus�ncia de rea��o do condutor;Colis�o traseira;Com V�timas Feridas;Plena Noite;Crescente;Chuva;Dupla;"Reta;Em Obras";Sim;3;0;1;0;2;0;1;2;-22,73765025;-43,49172799;SPRF-RJ;DEL06-RJ;UOP01-DEL06-RJ;;;
701873;01/07/2025;ter�a-feira;21:15:00;RN;101;79,4;NATAL;Retorno proibido;Colis�o lateral mesmo sentido;Com V�timas Feridas;Plena Noite;Decrescente;Chuva;Dupla;Interse��o de Vias;N�o;2;0;0;1;0;1;1;2;-5,753107;-35,288887;SPRF-RN;DEL02-RN;UOP01-DEL02-RN;;;
701874;01/07/2025;ter�a-feira;20:12:00;MG;40;764,7;JUIZ DE FORA;Aus�ncia de rea��o do condutor;Atropelamento de Pedestre;Com V�timas Feridas;Plena Noite;Decrescente;Nublado;Simples;Curva;N�o;2;0;0;1;0;1;1;2;-21,5854498;-43,46257836;SPRF-MG;DEL05-MG;UOP01-DEL05-MG;;;
701875;01/07/2025;ter�a-feira;17:50:00;RJ;116;225;PARACAMBI;Pedestre andava na pista;Atropelamento de Pedestre;Com V�timas Feridas;Anoitecer;Decrescente;Nublado;Dupla;Curva;N�o;4;0;1;0;3;0;1;2;-22,67806;-43,815555;SPRF-RJ;DEL06-RJ;UOP02-DEL06-RJ;;;
701876;01/07/2025;ter�a-feira;18:10:00;PI;135;290;CRISTINO CASTRO;Ultrapassagem Indevida;Colis�o frontal;Com V�timas Feridas;Amanhecer;Crescente;C�u Claro;Simples;Reta;N�o;3;0;1;0;2;0;1;2;-8,65874;-44;SPRF-PI;DEL03-PI;UOP02-DEL03-PI;;;
701877;01/07/2025;ter�a-feira;18:40:00;RJ;40;105;DUQUE DE CAXIAS;Transitar na contram�o;Colis�o frontal;Com V�timas Feridas;Plena Noite;Decrescente;C�u Claro;Simples;Reta;Sim;4;0;2;0;2;0;2;2;-22,63662627;-43,28492126;SPRF-RJ;DEL01-RJ;UOP02-DEL01-RJ;;;
701878;01/07/2025;ter�a-feira;18:20:00;RJ;40;115;DUQUE DE CAXIAS;Frear bruscamente;Colis�o traseira;Com V�timas Feridas;Plena Noite;Decrescente;C�u Claro;Dupla;Reta;N�o;3;0;1;0;2;0;1;2;-22,73169004;-43,28862939;SPRF-RJ;DEL01-RJ;UOP02-DEL01-RJ;;;
701879;01/07/2025;ter�a-feira;22:20:00;BA;116;275;TUCANO;Transitar na contram�o;Colis�o frontal;Com V�timas Feridas;Plena Noite;Decrescente;C�u Claro;Simples;Reta;Sim;4;0;0;2;2;0;2;2;-10,96681;-38,79107;SPRF-BA;DEL07-BA;UOP02-DEL07-BA;;;
701881;01/07/2025;ter�a-feira;20:15:00;PI;343;307,2;ALTOS;Convers�o proibida;Colis�o frontal;Com V�timas Feridas;Plena Noite;Decrescente;C�u Claro;Simples;"Reta;Interse��o de Vias";Sim;3;0;2;0;1;0;2;2;-5,039568;-42,460812;SPRF-PI;DEL01-PI;UOP01-DEL01-PI;;;
701886;01/07/2025;ter�a-feira;20:20:00;RS;386;184,8;CARAZINHO;Rea��o tardia ou ineficiente do condutor;Colis�o com objeto;Com V�timas Feridas;Plena Noite;Decrescente;C�u Claro;Simples;"Reta;Ponte";N�o;1;0;0;1;0;0;1;1;-28,33758635;-52,7205448;SPRF-RS;DEL08-RS;UOP01-DEL08-RS;;;
701887;01/07/2025;ter�a-feira;22:37:00;RJ;40;101;DUQUE DE CAXIAS;Chuva;Colis�o com objeto;Com V�timas Feridas;Plena Noite;Decrescente;C�u Claro;M�ltipla;Curva;Sim;1;0;1;0;0;0;1;1;-22,61408671;-43,28668079;SPRF-RJ;DEL01-RJ;UOP01-DEL01-RJ;;;
701888;01/07/2025;ter�a-feira;22:03:00;MA;135;23;SAO LUIS;Acessar a via sem observar a presen�a dos outros ve�culos;Colis�o transversal;Com V�timas Feridas;Plena Noite;Decrescente;C�u Claro;Dupla;Rotat�ria;Sim;3;0;2;1;0;0;3;2;-2,6902528;-44,2957824;SPRF-MA;DEL01-MA;UOP01-DEL01-MA;;;
701889;01/07/2025;ter�a-feira;22:40:00;RJ;40;124;RIO DE JANEIRO;Afundamento ou ondula��o no pavimento;Tombamento;Com V�timas Feridas;Plena Noite;Decrescente;Chuva;Dupla;Reta;Sim;2;0;2;0;0;0;2;2;-22,81338117;-43,28749537;SPRF-RJ;DEL01-RJ;UOP02-DEL01-RJ;;;
701890;01/07/2025;ter�a-feira;23:05:00;GO;153;507,5;APARECIDA DE GOIANIA;Aus�ncia de rea��o do condutor;Colis�o lateral mesmo sentido;Sem V�timas;Plena Noite;Crescente;Vento;Dupla;Reta;Sim;5;0;0;0;5;0;0;2;-16,768813;-49,239564;SPRF-GO;DEL01-GO;UOP03-DEL01-GO;;;
701892;02/07/2025;quarta-feira;00:15:00;PI;316;4,3;TERESINA;Mal s�bito do condutor;Colis�o com objeto;Com V�timas Feridas;Plena Noite;Decrescente;C�u Claro;Dupla;Reta;N�o;1;0;1;0;0;0;1;1;-5,14103402;-42,78234735;SPRF-PI;DEL01-PI;UOP02-DEL01-PI;;;
701893;02/07/2025;quarta-feira;01:50:00;DF;60;9,1;BRASILIA;Aus�ncia de rea��o do condutor;Capotamento;Com V�timas Feridas;Plena Noite;Crescente;C�u Claro;Dupla;Reta;Sim;1;0;1;0;0;0;1;1;-15,907213;-48,142493;SPRF-DF;DEL03-DF;UOP01-DEL03-DF;;;
701895;02/07/2025;quarta-feira;04:50:00;ES;262;172;IBATIBA;Rea��o tardia ou ineficiente do condutor;Capotamento;Com V�timas Feridas;Plena Noite;Decrescente;C�u Claro;Simples;Curva;N�o;1;0;1;0;0;0;1;1;-20,268595;-41,6058003;SPRF-ES;DEL01-ES;UOP02-DEL01-ES;;;
701899;02/07/2025;quarta-feira;06:25:00;RN;304;304;PARNAMIRIM;Condutor deixou de manter dist�ncia do ve�culo da frente;Colis�o traseira;Com V�timas Feridas;Pleno dia;Crescente;C�u Claro;Dupla;Reta;N�o;2;0;2;0;0;0;2;2;-5,885798;-35,279018;SPRF-RN;DEL01-RN;UOP02-DEL01-RN;;;
701902;02/07/2025;quarta-feira;06:40:00;SP;116;157;SAO JOSE DOS CAMPOS;Avarias e/ou desgaste excessivo no pneu;Queda de ocupante de ve�culo;Com V�timas Feridas;Pleno dia;Decrescente;C�u Claro;M�ltipla;Reta;Sim;2;0;2;0;0;0;2;1;-23,2554496;-45,9309056;SPRF-SP;DEL02-SP;UOP01-DEL02-SP;;;
701903;02/07/2025;quarta-feira;06:45:00;RS;116;152;CAXIAS DO SUL;Demais Fen�menos da natureza;Queda de ocupante de ve�culo;Com V�timas Feridas;Amanhecer;Decrescente;C�u Claro;Dupla;Reta;N�o;1;0;1;0;0;0;1;1;-29,18548182;-51,17375558;SPRF-RS;DEL05-RS;UOP01-DEL05-RS;;;
701904;02/07/2025;quarta-feira;06:30:00;MG;40;512,5;RIBEIRAO DAS NEVES;Manobra de mudan�a de faixa;Colis�o traseira;Com V�timas Feridas;Pleno dia;Crescente;C�u Claro;Dupla;Reta;Sim;2;0;0;1;1;0;1;2;-19,794006;-44,110588;SPRF-MG;DEL01-MG;UOP02-DEL01-MG;;;
701906;01/07/2025;ter�a-feira;19:30:00;BA;101;108;ALAGOINHAS;Afundamento ou ondula��o no pavimento;Colis�o traseira;Com V�timas Feridas;Plena Noite;Crescente;Nublado;Simples;Reta;Sim;2;0;1;0;1;0;1;2;-12,15355023;-38,40309608;SPRF-BA;DEL01-BA;UOP04-DEL01-BA;;;
701907;02/07/2025;quarta-feira;06:00:00;GO;60;175;ABADIA DE GOIAS;Demais falhas mec�nicas ou el�tricas;Inc�ndio;Sem V�timas;Amanhecer;Decrescente;C�u Claro;Dupla;Aclive;N�o;1;0;0;0;1;0;0;1;-16,7907494;-49,5035171;SPRF-GO;DEL01-GO;UOP02-DEL01-GO;;;
701908;02/07/2025;quarta-feira;06:50:00;RJ;101;311;SAO GONCALO;Aus�ncia de rea��o do condutor;Engavetamento;Com V�timas Feridas;Pleno dia;Crescente;Chuva;Dupla;Reta;Sim;5;0;1;0;4;0;1;4;-22,790144;-43,0309376;SPRF-RJ;DEL02-RJ;UOP02-DEL02-RJ;;;