id;data_inversa;dia_semana;horario;uf;br;km;municipio;causa_acidente;tipo_acidente;classificacao_acidente;fase_dia;sentido_via;condicao_metereologica;tipo_pista;tracado_via;uso_solo;pessoas;mortos;feridos_leves;feridos_graves;ilesos;ignorados;feridos;veiculos;latitude;longitude;regional;delegacia;uop;;;
701909;02/07/2025;quarta-feira;05:00:00;BA;324;530;FEIRA DE SANTANA;Aus�ncia de rea��o do condutor;Sa�da de leito carro��vel;Com V�timas Feridas;Amanhecer;Decrescente;Chuva;Dupla;"Retorno Regulamentado;Rotat�ria";N�o;4;0;1;0;3;0;1;1;-12,33763781;-38,8491393;SPRF-BA;DEL01-BA;UOP03-DEL01-BA;;;
701910;01/07/2025;ter�a-feira;18:30:00;SC;480;127;CHAPECO;Ultrapassagem Indevida;Colis�o frontal;Com V�timas Feridas;Plena Noite;Crescente;C�u Claro;Simples;Reta;Sim;3;0;0;1;1;1;1;3;-27,04359353;-52,63587926;SPRF-SC;DEL07-SC;UOP01-DEL07-SC;;;
701911;02/07/2025;quarta-feira;07:45:00;PB;230;16,1;JOAO PESSOA;Animais na Pista;Atropelamento de Animal;Com V�timas Feridas;Pleno dia;Decrescente;Chuva;Dupla;Reta;Sim;2;0;1;1;0;0;2;1;-7,1108407;-34,8428051;SPRF-PB;DEL01-PB;UOP01-DEL01-PB;;;
701912;02/07/2025;quarta-feira;07:30:00;RJ;116;70;TERESOPOLIS;Velocidade Incompat�vel;Sa�da de leito carro��vel;Sem V�timas;Pleno dia;Decrescente;C�u Claro;Simples;Reta;Sim;1;0;0;0;0;1;0;1;-22,308111;-42,936899;SPRF-RJ;DEL04-RJ;UOP01-DEL04-RJ;;;
701913;02/07/2025;quarta-feira;07:45:00;DF;70;17;BRASILIA;Demais falhas mec�nicas ou el�tricas;Sa�da de leito carro��vel;Com V�timas Feridas;Amanhecer;Crescente;C�u Claro;Dupla;Reta;N�o;2;0;1;0;0;1;1;2;-15,79102148;-48,21186164;SPRF-DF;DEL03-DF;UOP02-DEL03-DF;;;
701915;08/06/2025;domingo;18:30:00;BA;116;23;VITORIA DA CONQUISTA;Desrespeitar a prefer�ncia no cruzamento;Colis�o transversal;Com V�timas Feridas;Plena Noite;Decrescente;C�u Claro;Simples;"Interse��o de Vias;Reta";N�o;3;0;1;1;1;0;2;2;-14,86554039;-40,79984877;SPRF-BA;DEL08-BA;UOP01-DEL08-BA;;;
701921;02/07/2025;quarta-feira;07:40:00;ES;259;8;JOAO NEIVA;Aus�ncia de rea��o do condutor;Sa�da de leito carro��vel;Com V�timas Feridas;Pleno dia;Crescente;C�u Claro;Simples;Reta;N�o;1;0;1;0;0;0;1;1;-19,65782861;-40,4287827;SPRF-ES;DEL02-ES;UOP01-DEL02-ES;;;
701923;02/07/2025;quarta-feira;08:10:00;ES;101;265,9;SERRA;Rea��o tardia ou ineficiente do condutor;Colis�o lateral mesmo sentido;Com V�timas Feridas;Pleno dia;Crescente;C�u Claro;Dupla;Reta;Sim;3;0;1;0;2;0;1;2;-20,054016;-40,3767296;SPRF-ES;DEL02-ES;UOP01-DEL02-ES;;;
701924;02/07/2025;quarta-feira;06:40:00;RJ;493;25;MAGE;Chuva;Tombamento;Com V�timas Feridas;Amanhecer;Crescente;Chuva;Simples;Reta;N�o;1;0;1;0;0;0;1;1;-22,6575913;-43,08453798;SPRF-RJ;DEL04-RJ;UOP02-DEL04-RJ;;;
701925;02/07/2025;quarta-feira;06:30:00;PR;476;152,4;ARAUCARIA;Transitar na contram�o;Colis�o transversal;Com V�timas Feridas;Amanhecer;Decrescente;Nublado;Simples;"Retorno Regulamentado;Declive";N�o;2;0;1;0;1;0;1;2;-25,57310901;-49,38625781;SPRF-PR;DEL01-PR;UOP06-DEL01-PR;;;
701926;02/07/2025;quarta-feira;05:10:00;BA;116;503;SANTA TERESINHA;Afundamento ou ondula��o no pavimento;Queda de ocupante de ve�culo;Com V�timas Feridas;Pleno dia;Crescente;C�u Claro;Simples;"Em Obras;Reta";N�o;1;0;0;1;0;0;1;1;-12,5983445;-39,53876495;SPRF-BA;DEL02-BA;UOP01-DEL02-BA;;;
701927;02/07/2025;quarta-feira;08:10:00;PE;428;186,9;PETROLINA;Aus�ncia de rea��o do condutor;Colis�o traseira;Com V�timas Feridas;Pleno dia;Crescente;C�u Claro;Dupla;Reta;Sim;3;0;1;0;2;0;1;3;-9,3672372;-40,4844394;SPRF-PE;DEL06-PE;UOP01-DEL06-PE;;;
701928;02/07/2025;quarta-feira;08:30:00;MG;381;479;CONTAGEM;Aus�ncia de rea��o do condutor;Colis�o traseira;Sem V�timas;Pleno dia;Decrescente;C�u Claro;Dupla;Reta;N�o;3;0;0;0;3;0;0;2;-19,95985095;-44,05317871;SPRF-MG;DEL01-MG;UOP03-DEL01-MG;;;
701929;31/05/2025;s�bado;18:00:00;PB;230;349,2;PATOS;Acesso irregular;Colis�o lateral mesmo sentido;Com V�timas Feridas;Plena Noite;Decrescente;C�u Claro;Simples;Reta;N�o;2;0;0;1;1;0;1;2;-7,0167156;-37,2846713;SPRF-PB;DEL03-PB;UOP01-DEL03-PB;;;
701933;02/07/2025;quarta-feira;08:45:00;PA;230;121;MARABA;Manobra de mudan�a de faixa;Colis�o transversal;Com V�timas Feridas;Pleno dia;Crescente;C�u Claro;Dupla;Reta;Sim;3;0;0;1;2;0;1;2;-5,366034;-49,126436;SPRF-PA;DEL03-PA;UOP01-DEL03-PA;;;
701935;02/07/2025;quarta-feira;07:35:00;SP;116;468;JACUPIRANGA;Pista Escorregadia;Queda de ocupante de ve�culo;Com V�timas Feridas;Pleno dia;Crescente;Chuva;Dupla;Reta;N�o;1;0;1;0;0;0;1;1;-24,65197716;-47,94858305;SPRF-SP;DEL05-SP;UOP01-DEL05-SP;;;
701939;02/07/2025;quarta-feira;08:30:00;SP;116;23,4;LAVRINHAS;Curva acentuada;Sa�da de leito carro��vel;Com V�timas Feridas;Pleno dia;Decrescente;C�u Claro;Dupla;Curva;N�o;1;0;1;0;0;0;1;1;-22,60082257;-44,88918543;SPRF-SP;DEL08-SP;UOP02-DEL08-SP;;;
701942;02/07/2025;quarta-feira;08:50:00;SP;116;221;GUARULHOS;Rea��o tardia ou ineficiente do condutor;Colis�o traseira;Com V�timas Feridas;Pleno dia;Crescente;Nublado;M�ltipla;Interse��o de Vias;Sim;2;0;1;0;1;0;1;2;-23,46854151;-46,510252;SPRF-SP;DEL01-SP;UOP01-DEL01-SP;;;
701943;18/06/2025;quarta-feira;18:50:00;MG;262;121;RIO CASCA;Ingest�o de �lcool pelo condutor;Colis�o lateral sentido oposto;Sem V�timas;Plena Noite;Crescente;Nublado;Simples;Reta;N�o;2;0;0;0;2;0;0;2;-20,21407444;-42,6560792;SPRF-MG;DEL03-MG;UOP03-DEL03-MG;;;
701946;02/07/2025;quarta-feira;09:26:00;PE;407;127;PETROLINA;Entrada inopinada do pedestre;Atropelamento de Pedestre;Com V�timas Feridas;Pleno dia;Decrescente;C�u Claro;Simples;Reta;Sim;3;0;1;1;1;0;2;2;-9,3919926;-40,5169818;SPRF-PE;DEL06-PE;UOP01-DEL06-PE;;;
701947;02/07/2025;quarta-feira;07:00:00;AC;364;121;RIO BRANCO;Acessar a via sem observar a presen�a dos outros ve�culos;Colis�o lateral mesmo sentido;Com V�timas Feridas;Pleno dia;Decrescente;C�u Claro;Simples;Rotat�ria;N�o;2;0;1;0;0;1;1;2;-10,01217182;-67,77042031;SPRF-AC;DEL01-AC;UOP01-DEL01-AC;;;
701948;02/07/2025;quarta-feira;06:55:00;AC;364;124;RIO BRANCO;Trafegar com motocicleta (ou similar) entre as faixas;Colis�o lateral mesmo sentido;Sem V�timas;Pleno dia;Decrescente;C�u Claro;Dupla;Reta;Sim;2;0;0;0;1;1;0;2;-10,01239958;-67,79909557;SPRF-AC;DEL01-AC;UOP01-DEL01-AC;;;
701949;02/07/2025;quarta-feira;10:10:00;MG;381;438,6;SABARA;Velocidade Incompat�vel;Sa�da de leito carro��vel;Com V�timas Feridas;Pleno dia;Crescente;C�u Claro;Simples;"Declive;Curva";N�o;2;0;2;0;0;0;2;1;-19,80501;-43,761947;SPRF-MG;DEL01-MG;UOP01-DEL01-MG;;;
701952;02/07/2025;quarta-feira;10:10:00;RS;116;251,5;SAO LEOPOLDO;Condutor deixou de manter dist�ncia do ve�culo da frente;Colis�o traseira;Com V�timas Feridas;Pleno dia;Crescente;C�u Claro;M�ltipla;"Em Obras;Reta";Sim;2;0;1;0;1;0;1;2;-29,79844941;-51,16536856;SPRF-RS;DEL01-RS;UOP02-DEL01-RS;;;
701953;02/07/2025;quarta-feira;07:34:00;BA;20;3;CORRENTINA;Aus�ncia de rea��o do condutor;Atropelamento de Pedestre;Com V�timas Fatais;Pleno dia;Decrescente;Sol;Simples;"Declive;Curva";N�o;2;1;0;0;1;0;0;2;-13,9619954;-46,1973384;SPRF-BA;DEL10-BA;UOP02-DEL10-BA;;;
701954;02/07/2025;quarta-feira;07:50:00;SC;282;335,5;CAMPOS NOVOS;Pista Escorregadia;Colis�o frontal;Com V�timas Feridas;Amanhecer;Decrescente;Nevoeiro/Neblina;Simples;"Reta;Declive";N�o;2;0;0;2;0;0;2;2;-27,39226892;-51,15848064;SPRF-SC;DEL07-SC;UOP06-DEL07-SC;;;
701955;18/06/2025;quarta-feira;14:20:00;MG;251;443;GRAO MOGOL;Velocidade Incompat�vel;Tombamento;Com V�timas Feridas;Pleno dia;Crescente;C�u Claro;Simples;Curva;N�o;1;0;1;0;0;0;1;1;-16,4072707;-43,2276212;SPRF-MG;DEL12-MG;UOP01-DEL12-MG;;;
701956;02/07/2025;quarta-feira;10:40:00;PB;230;298;SANTA LUZIA;Aus�ncia de rea��o do condutor;Sa�da de leito carro��vel;Com V�timas Feridas;Pleno dia;Decrescente;C�u Claro;Simples;Reta;N�o;1;0;0;1;0;0;1;1;-6,895808;-36,960108;SPRF-PB;DEL03-PB;UOP01-DEL03-PB;;;
701958;02/07/2025;quarta-feira;10:15:00;RJ;116;316,6;ITATIAIA;Convers�o proibida;Colis�o transversal;Com V�timas Feridas;Pleno dia;Crescente;Nublado;Simples;"Retorno Regulamentado;Reta";N�o;3;0;1;0;2;0;1;3;-22,46491428;-44,50038707;SPRF-RJ;DEL07-RJ;UOP02-DEL07-RJ;;;
701960;17/06/2025;ter�a-feira;06:00:00;MG;40;517,5;RIBEIRAO DAS NEVES;Trafegar com motocicleta (ou similar) entre as faixas;Colis�o lateral mesmo sentido;Com V�timas Feridas;Amanhecer;Crescente;C�u Claro;Dupla;Reta;Sim;2;0;0;1;1;0;1;2;-19,8283831;-44,0830431;SPRF-MG;DEL01-MG;UOP02-DEL01-MG;;;
701961;12/06/2025;quinta-feira;19:30:00;PR;369;134;IBIPORA;Rea��o tardia ou ineficiente do condutor;Colis�o traseira;Com V�timas Feridas;Plena Noite;Decrescente;C�u Claro;Simples;"Reta;Declive";N�o;2;0;1;0;1;0;1;2;-23,261972;-51,025278;SPRF-PR;DEL07-PR;UOP01-DEL07-PR;;;
701963;02/07/2025;quarta-feira;11:01:00;SC;282;1;FLORIANOPOLIS;Aus�ncia de rea��o do condutor;Engavetamento;Com V�timas Feridas;Pleno dia;Crescente;Sol;Dupla;Reta;Sim;7;0;4;0;3;0;4;5;-27,60253333;-48,57999802;SPRF-SC;DEL01-SC;UOP01-DEL01-SC;;;
701964;01/07/2025;ter�a-feira;20:30:00;BA;101;324;PRESIDENTE TANCREDO NEVES;Condutor Dormindo;Colis�o lateral sentido oposto;Com V�timas Feridas;Plena Noite;Crescente;C�u Claro;Simples;Reta;N�o;2;0;0;1;1;0;1;2;-13,42513315;-39,41652966;SPRF-BA;DEL05-BA;UOP03-DEL05-BA;;;
701967;02/07/2025;quarta-feira;12:00:00;AP;210;3;MACAPA;Ultrapassagem Indevida;Colis�o lateral mesmo sentido;Com V�timas Feridas;Pleno dia;Decrescente;C�u Claro;Simples;"Reta;Interse��o de Vias";Sim;2;0;1;0;1;0;1;2;0,08638176;-51,08456147;SPRF-AP;DEL01-AP;UOP01-DEL01-AP;;;
701968;02/07/2025;quarta-feira;11:50:00;RJ;40;94;DUQUE DE CAXIAS;Pista Escorregadia;Sa�da de leito carro��vel;Com V�timas Feridas;Pleno dia;Crescente;Chuva;Simples;"Curva;Declive";N�o;1;0;1;0;0;0;1;1;-22,56386334;-43,23574703;SPRF-RJ;DEL01-RJ;UOP01-DEL01-RJ;;;
701976;28/06/2025;s�bado;09:28:00;RS;285;301,8;PASSO FUNDO;Acumulo de �gua sobre o pavimento;Sa�da de leito carro��vel;Sem V�timas;Pleno dia;Decrescente;Chuva;Simples;Reta;Sim;2;0;0;0;2;0;0;1;-28,22030549;-52,45974898;SPRF-RS;DEL08-RS;UOP03-DEL08-RS;;;
701978;02/07/2025;quarta-feira;12:40:00;BA;242;815;BARREIRAS;Acessar a via sem observar a presen�a dos outros ve�culos;Colis�o transversal;Com V�timas Feridas;Pleno dia;Crescente;Sol;Simples;Reta;N�o;6;0;5;0;1;0;5;2;-12,115;-44,955;SPRF-BA;DEL10-BA;UOP01-DEL10-BA;;;
701979;02/07/2025;quarta-feira;12:45:00;SP;116;67;APARECIDA;Rea��o tardia ou ineficiente do condutor;Queda de ocupante de ve�culo;Com V�timas Feridas;Pleno dia;Crescente;C�u Claro;Dupla;Reta;Sim;1;0;1;0;0;0;1;1;-22,83196335;-45,21537575;SPRF-SP;DEL08-SP;UOP01-DEL08-SP;;;
701983;02/07/2025;quarta-feira;10:00:00;PA;163;409;ITAITUBA;Rea��o tardia ou ineficiente do condutor;Colis�o traseira;Sem V�timas;Pleno dia;Decrescente;C�u Claro;Simples;Reta;Sim;2;0;0;0;0;2;0;2;-5,7965327;-55,73412324;SPRF-PA;DEL05-PA;UOP03-DEL05-PA;;;
701985;30/06/2025;segunda-feira;12:25:00;SC;101;137,6;BALNEARIO CAMBORIU;Acessar a via sem observar a presen�a dos outros ve�culos;Colis�o transversal;Com V�timas Feridas;Pleno dia;Crescente;Chuva;Simples;Interse��o de Vias;Sim;3;0;1;0;2;0;1;2;-27,01942;-48,60999;SPRF-SC;DEL04-SC;UOP03-DEL04-SC;;;
701987;18/06/2025;quarta-feira;21:15:00;RS;470;231;CARLOS BARBOSA;Rea��o tardia ou ineficiente do condutor;Sa�da de leito carro��vel;Com V�timas Feridas;Plena Noite;Crescente;Chuva;Simples;Curva;N�o;3;0;1;0;2;0;1;1;-29,29669166;-51,48463726;SPRF-RS;DEL06-RS;UOP01-DEL06-RS;;;
701988;02/07/2025;quarta-feira;12:11:00;MT;70;521;VARZEA GRANDE;Rea��o tardia ou ineficiente do condutor;Colis�o transversal;Com V�timas Feridas;Pleno dia;Decrescente;Nublado;Simples;Reta;Sim;2;0;0;1;1;0;1;2;-15,669969;-56,180262;SPRF-MT;DEL01-MT;UOP02-DEL01-MT;;;
701989;02/07/2025;quarta-feira;13:15:00;MT;364;587;DIAMANTINO;Rea��o tardia ou ineficiente do condutor;Colis�o traseira;Com V�timas Feridas;Pleno dia;Crescente;C�u Claro;Dupla;Reta;N�o;3;0;1;0;2;0;1;2;-14,53276454;-56,2303859;SPRF-MT;DEL01-MT;UOP01-DEL01-MT;;;
701990;02/07/2025;quarta-feira;14:00:00;MG;40;527;CONTAGEM;Aus�ncia de rea��o do condutor;Queda de ocupante de ve�culo;Com V�timas Feridas;Pleno dia;Decrescente;C�u Claro;Dupla;Reta;Sim;1;0;1;0;0;0;1;1;-19,92792793;-44,04258265;SPRF-MG;DEL01-MG;UOP02-DEL01-MG;;;
701991;02/07/2025;quarta-feira;14:20:00;PE;232;71;GRAVATA;Condutor deixou de manter dist�ncia do ve�culo da frente;Colis�o lateral mesmo sentido;Com V�timas Feridas;Pleno dia;Decrescente;Sol;Dupla;Curva;Sim;2;0;1;0;1;0;1;2;-8,1856268;-35,49649207;SPRF-PE;DEL02-PE;UOP02-DEL02PE;;;
701993;02/07/2025;quarta-feira;11:30:00;BA;415;27;ILHEUS;Manobra de mudan�a de faixa;Colis�o frontal;Com V�timas Feridas;Pleno dia;Decrescente;Sol;M�ltipla;Reta;N�o;4;0;1;2;1;0;3;2;-14,795047;-39,207938;SPRF-BA;DEL05-BA;UOP01-DEL05-BA;;;
701995;02/07/2025;quarta-feira;14:30:00;SC;470;39,6;GASPAR;Objeto est�tico sobre o leito carro��vel;Colis�o com objeto;Com V�timas Feridas;Pleno dia;Crescente;Nublado;Dupla;Reta;N�o;1;0;1;0;0;0;1;1;-26,89130555;-48,98880808;SPRF-SC;DEL04-SC;UOP01-DEL04-SC;;;
701997;02/07/2025;quarta-feira;11:00:00;PR;277;674;MEDIANEIRA;Mal s�bito do condutor;Sa�da de leito carro��vel;Sem V�timas;Pleno dia;Decrescente;C�u Claro;Dupla;"Reta;Aclive";Sim;1;0;0;0;1;0;0;1;-25,29742138;-54,11975591;SPRF-PR;DEL05-PR;UOP01-DEL05-PR;;;
701999;02/07/2025;quarta-feira;14:30:00;PI;402;33;PARNAIBA;Aus�ncia de rea��o do condutor;Colis�o traseira;Com V�timas Feridas;Pleno dia;Crescente;C�u Claro;Simples;Reta;Sim;3;0;0;1;2;0;1;2;-2,899968;-41,730048;SPRF-PI;DEL05-PI;UOP01-DEL05-PI;;;
702000;08/06/2025;domingo;14:00:00;BA;101;364;GANDU;Acessar a via sem observar a presen�a dos outros ve�culos;Colis�o transversal;Com V�timas Feridas;Pleno dia;Crescente;C�u Claro;Simples;Reta;Sim;3;0;2;0;1;0;2;2;-13,73277;-39,47802;SPRF-BA;DEL05-BA;UOP03-DEL05-BA;;;
702001;02/07/2025;quarta-feira;14:30:00;BA;101;878;TEIXEIRA DE FREITAS;Acessar a via sem observar a presen�a dos outros ve�culos;Colis�o transversal;Com V�timas Feridas;Pleno dia;Decrescente;C�u Claro;Simples;"Reta;Interse��o de Vias";Sim;3;0;1;0;2;0;1;2;-17,54944875;-39,72059369;SPRF-BA;DEL09-BA;UOP02-DEL09-BA;;;
702003;02/07/2025;quarta-feira;13:05:00;PA;316;160;CAPANEMA;Ultrapassagem Indevida;Colis�o lateral sentido oposto;Com V�timas Feridas;Pleno dia;Decrescente;C�u Claro;Simples;Reta;N�o;5;0;4;0;1;0;4;2;-1,26448865;-47,13104943;SPRF-PA;DEL01-PA;UOP03-DEL01-PA;;;
702007;02/07/2025;quarta-feira;10:30:00;RJ;101;505;ANGRA DOS REIS;Acessar a via sem observar a presen�a dos outros ve�culos;Colis�o transversal;Com V�timas Feridas;Pleno dia;Decrescente;Garoa/Chuvisco;Simples;Reta;N�o;2;0;0;1;1;0;1;2;-22,93313483;-44,39349422;SPRF-RJ;DEL03-RJ;UOP03-DEL03-RJ;;;
702009;02/07/2025;quarta-feira;12:40:00;GO;153;146,5;CAMPINORTE;Aus�ncia de rea��o do condutor;Sa�da de leito carro��vel;Com V�timas Feridas;Pleno dia;Crescente;C�u Claro;Simples;Reta;N�o;2;0;1;0;1;0;1;1;-14,0609208;-49,0922364;SPRF-GO;DEL07-GO;UOP02-DEL07-GO;;;
702012;02/07/2025;quarta-feira;17:00:00;SE;101;87;NOSSA SENHORA DO SOCORRO;Mal s�bito do condutor;Sa�da de leito carro��vel;Com V�timas Feridas;Plena Noite;Crescente;Nublado;Dupla;Reta;N�o;1;0;0;1;0;0;1;1;-10,870795;-37,134578;SPRF-SE;DEL01-SE;UOP01-DEL01-SE;;;
702013;02/07/2025;quarta-feira;16:30:00;GO;40;31;LUZIANIA;Condutor deixou de manter dist�ncia do ve�culo da frente;Colis�o traseira;Com V�timas Feridas;Anoitecer;Crescente;C�u Claro;Dupla;Reta;N�o;2;0;2;0;0;0;2;2;-16,151;-47,95;SPRF-DF;DEL01-DF;UOP01-DEL01-DF;;;
702015;02/07/2025;quarta-feira;17:36:00;PA;316;94;SAO FRANCISCO DO PARA;Aus�ncia de rea��o do condutor;Colis�o traseira;Com V�timas Feridas;Pleno dia;Crescente;Chuva;Simples;"Reta;Aclive";N�o;3;0;1;1;1;0;2;2;-1,326164;-47,65373;SPRF-PA;DEL01-PA;UOP02-DEL01-PA;;;
702017;02/07/2025;quarta-feira;17:00:00;RJ;116;104;GUAPIMIRIM;Rea��o tardia ou ineficiente do condutor;Colis�o transversal;Com V�timas Feridas;Anoitecer;Crescente;Chuva;Simples;"Declive;Curva";N�o;2;0;1;0;1;0;1;2;-22,49018049;-43,00009668;SPRF-RJ;DEL04-RJ;UOP01-DEL04-RJ;;;
702018;02/07/2025;quarta-feira;15:25:00;MT;70;741;CACERES;Condutor deixou de manter dist�ncia do ve�culo da frente;Colis�o traseira;Com V�timas Feridas;Pleno dia;Crescente;Nublado;Simples;Reta;Sim;2;0;1;0;1;0;1;2;-16,09206523;-57,68153089;SPRF-MT;DEL03-MT;UOP01-DEL03-MT;;;
702020;02/07/2025;quarta-feira;13:40:00;SC;280;130,1;RIO NEGRINHO;Desrespeitar a prefer�ncia no cruzamento;Colis�o transversal;Com V�timas Feridas;Pleno dia;Decrescente;Chuva;Simples;"Reta;Declive";Sim;3;0;2;0;1;0;2;2;-26,25384;-49,53362;SPRF-SC;DEL06-SC;UOP03-DEL06-SC;;;
702022;20/06/2025;sexta-feira;19:00:00;MT;158;680;BARRA DO GARCAS;Entrada inopinada do pedestre;Colis�o traseira;Com V�timas Fatais;Plena Noite;Crescente;C�u Claro;Simples;Reta;N�o;3;1;0;0;2;0;0;2;-14,89486;-52,279992;SPRF-MT;DEL07-MT;UOP01-DEL07-MT;;;
702023;29/06/2025;domingo;05:16:00;RJ;116;217;PIRAI;Animais na Pista;Atropelamento de Animal;Com V�timas Feridas;Plena Noite;Decrescente;C�u Claro;Dupla;Declive;N�o;1;0;1;0;0;0;1;1;-22,69209628;-43,80450189;SPRF-RJ;DEL06-RJ;UOP02-DEL06-RJ;;;
702025;02/07/2025;quarta-feira;17:10:00;GO;153;299,2;RIALMA;Ingest�o de �lcool pelo condutor;Tombamento;Com V�timas Feridas;Pleno dia;Crescente;C�u Claro;Simples;Reta;N�o;1;0;0;1;0;0;1;1;-15,299201;-49,5696775;SPRF-GO;DEL02-GO;UOP02-DEL02-GO;;;
702027;02/07/2025;quarta-feira;18:00:00;PR;277;729;FOZ DO IGUACU;Rea��o tardia ou ineficiente do condutor;Colis�o lateral mesmo sentido;Com V�timas Feridas;Anoitecer;Crescente;Ignorado;Dupla;Curva;Sim;2;0;0;1;1;0;1;2;-25,50592634;-54,58930342;SPRF-PR;DEL05-PR;UOP03-DEL05-PR;;;
702028;02/07/2025;quarta-feira;18:08:00;BA;101;878;TEIXEIRA DE FREITAS;Ingest�o de �lcool pelo condutor;Colis�o transversal;Sem V�timas;Plena Noite;Decrescente;C�u Claro;Simples;Reta;Sim;3;0;0;0;3;0;0;2;-17,549407;-39,720835;SPRF-BA;DEL09-BA;UOP02-DEL09-BA;;;
702029;02/07/2025;quarta-feira;18:20:00;PR;116;120;CURITIBA;Rea��o tardia ou ineficiente do condutor;Engavetamento;Sem V�timas;Plena Noite;Decrescente;Nublado;Dupla;Reta;N�o;5;0;0;0;5;0;0;4;-25,594905;-49,316185;SPRF-PR;DEL01-PR;UOP03-DEL01-PR;;;
702030;02/07/2025;quarta-feira;18:04:00;PI;343;2,8;TERESINA;Aus�ncia de rea��o do condutor;Colis�o traseira;Com V�timas Feridas;Anoitecer;Crescente;C�u Claro;Dupla;Rotat�ria;Sim;2;0;1;0;1;0;1;2;-5,08062092;-42,77464628;SPRF-PI;DEL01-PI;UOP01-DEL01-PI;;;
702032;02/07/2025;quarta-feira;18:50:00;PR;277;729;FOZ DO IGUACU;Pedestre cruzava a pista fora da faixa;Atropelamento de Pedestre;Com V�timas Feridas;Plena Noite;Decrescente;C�u Claro;Dupla;Reta;Sim;2;0;0;1;1;0;1;2;-25,505946;-54,589248;SPRF-PR;DEL05-PR;UOP03-DEL05-PR;;;
702033;02/07/2025;quarta-feira;17:40:00;ES;101;160;LINHARES;Acessar a via sem observar a presen�a dos outros ve�culos;Colis�o transversal;Com V�timas Feridas;Anoitecer;Crescente;C�u Claro;Simples;Reta;N�o;2;0;1;0;0;1;1;2;-19,47681975;-40,11409963;SPRF-ES;DEL04-ES;UOP01-DEL04-ES;;;
702034;02/07/2025;quarta-feira;17:30:00;MT;163;837;SINOP;�rea urbana sem a presen�a de local apropriado para a travessia de pedestres;Atropelamento de Pedestre;Com V�timas Feridas;Anoitecer;Crescente;C�u Claro;Simples;Reta;Sim;2;0;0;1;1;0;1;2;-11,968963;-55,51695578;SPRF-MT;DEL06-MT;UOP02-DEL06-MT;;;
702036;02/07/2025;quarta-feira;18:30:00;CE;304;47;ARACATI;Acesso irregular;Colis�o transversal;Com V�timas Feridas;Plena Noite;Decrescente;C�u Claro;Dupla;Reta;Sim;2;0;1;1;0;0;2;2;-4,5760295;-37,731649;SPRF-CE;DEL03-CE;UOP02-DEL03-CE;;;
702037;02/07/2025;quarta-feira;17:50:00;BA;116;27;VITORIA DA CONQUISTA;Ingest�o de �lcool pelo condutor;Colis�o lateral mesmo sentido;Com V�timas Feridas;Anoitecer;Crescente;C�u Claro;Simples;Reta;N�o;2;0;1;0;1;0;1;2;-14,8494952;-40,80765937;SPRF-BA;DEL08-BA;UOP01-DEL08-BA;;;
702038;02/07/2025;quarta-feira;18:00:00;SP;116;444,8;REGISTRO;Condutor deixou de manter dist�ncia do ve�culo da frente;Colis�o traseira;Com V�timas Feridas;Plena Noite;Crescente;Garoa/Chuvisco;Dupla;"Reta;Interse��o de Vias;Declive";Sim;4;0;1;0;3;0;1;2;-24,49666259;-47,84140198;SPRF-SP;DEL05-SP;UOP01-DEL05-SP;;;
702039;02/07/2025;quarta-feira;18:00:00;RJ;101;295;ITABORAI;Demais falhas mec�nicas ou el�tricas;Inc�ndio;Sem V�timas;Plena Noite;Crescente;Chuva;Dupla;Reta;Sim;1;0;0;0;1;0;0;1;-22,76698141;-42,91077375;SPRF-RJ;DEL02-RJ;UOP02-DEL02-RJ;;;
702041;02/07/2025;quarta-feira;17:30:00;RO;364;6,8;VILHENA;Aus�ncia de rea��o do condutor;Colis�o traseira;Com V�timas Feridas;Anoitecer;Crescente;C�u Claro;Simples;Reta;Sim;2;0;1;0;1;0;1;2;-12,77819653;-60,0925616;SPRF-RO;DEL04-RO;UOP01-DEL04-RO;;;
702042;02/07/2025;quarta-feira;19:10:00;MG;153;111,9;PRATA;Convers�o proibida;Sa�da de leito carro��vel;Com V�timas Feridas;Plena Noite;Crescente;C�u Claro;Simples;Reta;N�o;3;0;1;0;2;0;1;2;-19,330037;-48,905428;SPRF-MG;DEL15-MG;UOP03-DEL15-MG;;;
702043;02/07/2025;quarta-feira;18:00:00;GO;153;7,5;BURITI ALEGRE;Aus�ncia de rea��o do condutor;Sa�da de leito carro��vel;Com V�timas Feridas;Pleno dia;Crescente;C�u Claro;Dupla;Reta;N�o;2;0;1;1;0;0;2;1;-18;-49;SPRF-GO;DEL07-GO;UOP01-DEL07-GO;;;
702044;02/07/2025;quarta-feira;18:00:00;GO;70;5;AGUAS LINDAS DE GOIAS;Velocidade Incompat�vel;Colis�o lateral mesmo sentido;Com V�timas Fatais;Anoitecer;Crescente;C�u Claro;Dupla;"Aclive;Viaduto";Sim;3;1;0;1;1;0;1;3;-15,75521953;-48,25684458;SPRF-DF;DEL03-DF;UOP02-DEL03-DF;;;
702046;02/07/2025;quarta-feira;18:40:00;BA;116;503;SANTA TERESINHA;Afundamento ou ondula��o no pavimento;Queda de ocupante de ve�culo;Com V�timas Feridas;Plena Noite;Decrescente;C�u Claro;Simples;"Em Obras;Reta";N�o;2;0;2;0;0;0;2;1;-12,61907;-39,58122;SPRF-BA;DEL02-BA;UOP01-DEL02-BA;;;