id;data_inversa;dia_semana;horario;uf;br;km;municipio;causa_acidente;tipo_acidente;classificacao_acidente;fase_dia;sentido_via;condicao_metereologica;tipo_pista;tracado_via;uso_solo;pessoas;mortos;feridos_leves;feridos_graves;ilesos;ignorados;feridos;veiculos;latitude;longitude;regional;delegacia;uop;;;
702047;02/07/2025;quarta-feira;18:30:00;RS;392;112;CANGUCU;Condutor deixou de manter dist�ncia do ve�culo da frente;Colis�o traseira;Com V�timas Feridas;Plena Noite;Decrescente;C�u Claro;Simples;Reta;N�o;2;0;2;0;0;0;2;2;-31,442217;-52,647373;SPRF-RS;DEL07-RS;UOP01-DEL07-RS;;;
702050;02/07/2025;quarta-feira;18:40:00;SC;282;500,8;XANXERE;Desrespeitar a prefer�ncia no cruzamento;Colis�o transversal;Com V�timas Feridas;Plena Noite;Decrescente;C�u Claro;Simples;"Reta;Interse��o de Vias";Sim;2;0;1;0;1;0;1;2;-26,8812865;-52,37490392;SPRF-SC;DEL07-SC;UOP01-DEL07-SC;;;
702051;02/07/2025;quarta-feira;20:00:00;RS;158;176,8;PEJUCARA;Velocidade Incompat�vel;Sa�da de leito carro��vel;Com V�timas Feridas;Plena Noite;Crescente;C�u Claro;Simples;"Reta;Aclive";N�o;1;0;0;1;0;0;1;1;-28,49402;-53,550144;SPRF-RS;DEL10-RS;UOP02-DEL10-RS;;;
702053;02/07/2025;quarta-feira;19:40:00;RJ;101;276;TANGUA;Pista Escorregadia;Colis�o traseira;Com V�timas Feridas;Plena Noite;Decrescente;Chuva;Dupla;Reta;N�o;2;0;1;0;1;0;1;2;-22,73003627;-42,70282745;SPRF-RJ;DEL02-RJ;UOP03-DEL02-RJ;;;
702055;02/07/2025;quarta-feira;18:50:00;SP;381;90;GUARULHOS;Rea��o tardia ou ineficiente do condutor;Queda de ocupante de ve�culo;Com V�timas Feridas;Plena Noite;Decrescente;C�u Claro;Dupla;Reta;N�o;2;0;1;0;1;0;1;2;-23,49765875;-46,559474;SPRF-SP;DEL03-SP;UOP01-DEL03-SP;;;
702057;02/07/2025;quarta-feira;18:00:00;DF;40;1;BRASILIA;Manobra de mudan�a de faixa;Colis�o lateral mesmo sentido;Com V�timas Feridas;Plena Noite;Decrescente;C�u Claro;Dupla;Reta;Sim;2;0;1;0;1;0;1;2;-15,9934413;-47,9866321;SPRF-DF;DEL01-DF;UOP01-DEL01-DF;;;
702058;02/07/2025;quarta-feira;13:45:00;SC;282;644,6;SAO MIGUEL DO OESTE;Rea��o tardia ou ineficiente do condutor;Sa�da de leito carro��vel;Com V�timas Feridas;Pleno dia;Crescente;C�u Claro;Simples;"Aclive;Curva";N�o;1;0;1;0;0;0;1;1;-26,76504268;-53,48782787;SPRF-SC;DEL07-SC;UOP03-DEL07-SC;;;
702059;02/07/2025;quarta-feira;18:40:00;RO;429;27;ALVORADA DOESTE;Animais na Pista;Atropelamento de Animal;Sem V�timas;Plena Noite;Decrescente;C�u Claro;Simples;Reta;N�o;2;0;0;0;2;0;0;1;-11,222177;-62,147637;SPRF-RO;DEL02-RO;UOP03-DEL02-RO;;;
702062;02/07/2025;quarta-feira;19:30:00;BA;101;228;SAPEACU;Transitar na contram�o;Colis�o lateral sentido oposto;Com V�timas Feridas;Plena Noite;Crescente;C�u Claro;Simples;Aclive;N�o;4;0;1;0;3;0;1;3;-12,7097831;-39,1663146;SPRF-BA;DEL01-BA;UOP02-DEL01-BA;;;
702063;02/07/2025;quarta-feira;16:49:00;RO;364;342;JI-PARANA;Pista esburacada;Queda de ocupante de ve�culo;Com V�timas Feridas;Pleno dia;Crescente;C�u Claro;Dupla;"Reta;Ponte";Sim;1;0;0;1;0;0;1;1;-10,881263;-61,941337;SPRF-RO;DEL02-RO;UOP01-DEL02-RO;;;
702064;02/07/2025;quarta-feira;21:00:00;ES;101;297,8;VIANA;Demais falhas mec�nicas ou el�tricas;Queda de ocupante de ve�culo;Com V�timas Feridas;Plena Noite;Crescente;Ignorado;Dupla;Reta;Sim;1;0;1;0;0;0;1;1;-20,3508415;-40,414221;SPRF-ES;DEL01-ES;UOP01-DEL01-ES;;;
702065;02/07/2025;quarta-feira;15:00:00;MG;262;454;NOVA SERRANA;Aus�ncia de rea��o do condutor;Colis�o traseira;Com V�timas Feridas;Pleno dia;Crescente;Sol;Simples;Reta;Sim;2;0;1;0;1;0;1;2;-19,83213064;-45,06401324;SPRF-MG;DEL08-MG;UOP03-DEL08-MG;;;
702067;02/07/2025;quarta-feira;19:00:00;PB;230;157,7;CAMPINA GRANDE;Desrespeitar a prefer�ncia no cruzamento;Colis�o transversal;Com V�timas Feridas;Plena Noite;Decrescente;C�u Claro;Simples;Rotat�ria;Sim;3;0;1;0;1;1;1;3;-7,26262;-35,921605;SPRF-PB;DEL02-PB;UOP01-DEL02-PB;;;
702068;02/07/2025;quarta-feira;16:45:00;MG;262;39;MANHUACU;Rea��o tardia ou ineficiente do condutor;Colis�o transversal;Com V�timas Feridas;Pleno dia;Decrescente;C�u Claro;Simples;Curva;Sim;2;0;0;1;1;0;1;2;-20,27619783;-42,05416113;SPRF-MG;DEL06-MG;UOP03-DEL06-MG;;;
702069;02/07/2025;quarta-feira;19:50:00;PR;277;5;CURITIBA;Condutor deixou de manter dist�ncia do ve�culo da frente;Colis�o traseira;Com V�timas Feridas;Plena Noite;Decrescente;C�u Claro;Dupla;Reta;Sim;2;0;1;0;1;0;1;2;-25,43179929;-49,31406188;SPRF-PR;DEL01-PR;UOP06-DEL01-PR;;;
702071;30/05/2025;sexta-feira;05:50:00;PE;408;59;PAUDALHO;Aus�ncia de rea��o do condutor;Colis�o traseira;Com V�timas Fatais;Amanhecer;Decrescente;C�u Claro;Dupla;Reta;N�o;2;1;0;1;0;0;1;2;-7,856169;-35,2196453;SPRF-PE;DEL01-PE;UOP01-DEL01-PE;;;
702072;02/07/2025;quarta-feira;21:00:00;RJ;493;94;SEROPEDICA;Aus�ncia de rea��o do condutor;Colis�o transversal;Com V�timas Feridas;Plena Noite;Crescente;Chuva;Dupla;Reta;N�o;3;0;1;0;2;0;1;2;-22,69416996;-43,68782043;SPRF-RJ;DEL01-RJ;UOP03-DEL01-RJ;;;
702073;02/07/2025;quarta-feira;21:49:00;SP;381;86;GUARULHOS;Aus�ncia de rea��o do condutor;Atropelamento de Pedestre;Com V�timas Feridas;Plena Noite;Crescente;C�u Claro;M�ltipla;Reta;N�o;2;0;0;1;0;1;1;2;-23,48186885;-46,56012762;SPRF-SP;DEL03-SP;UOP01-DEL03-SP;;;
702074;02/07/2025;quarta-feira;18:50:00;MG;116;520,5;CARATINGA;Animais na Pista;Atropelamento de Animal;Com V�timas Feridas;Plena Noite;Decrescente;C�u Claro;Simples;Reta;N�o;1;0;1;0;0;0;1;1;-19,732606;-42,132993;SPRF-MG;DEL06-MG;UOP02-DEL06-MG;;;
702075;02/07/2025;quarta-feira;16:00:00;GO;158;43;BOM JARDIM DE GOIAS;Ingest�o de subst�ncias psicoativas pelo condutor;Sa�da de leito carro��vel;Com V�timas Feridas;Pleno dia;Crescente;C�u Claro;Simples;Reta;N�o;2;0;1;0;0;1;1;2;-16,21160669;-52,13693216;SPRF-GO;DEL04-GO;UOP02-DEL04-GO;;;
702077;02/07/2025;quarta-feira;18:00:00;MG;116;651,3;FERVEDOURO;Pedestre cruzava a pista fora da faixa;Atropelamento de Pedestre;Com V�timas Feridas;Anoitecer;Crescente;Nublado;Simples;Reta;Sim;2;0;1;1;0;0;2;2;-20,735212;-42,284345;SPRF-MG;DEL07-MG;UOP02-DEL07-MG;;;
702078;16/06/2025;segunda-feira;06:30:00;ES;101;267;SERRA;Convers�o proibida;Colis�o lateral mesmo sentido;Com V�timas Feridas;Amanhecer;Crescente;C�u Claro;Dupla;Reta;Sim;2;0;1;0;1;0;1;2;-20,2130726;-40,26987076;SPRF-ES;DEL02-ES;UOP01-DEL02-ES;;;
702081;02/07/2025;quarta-feira;21:47:00;SP;116;297;ITAPECERICA DA SERRA;Pista Escorregadia;Tombamento;Com V�timas Feridas;Plena Noite;Decrescente;Garoa/Chuvisco;Dupla;Retorno Regulamentado;Sim;1;0;1;0;0;0;1;1;-23,700272;-46,8689379;SPRF-SP;DEL04-SP;UOP01-DEL04-SP;;;
702084;02/07/2025;quarta-feira;22:15:00;RJ;101;428;MANGARATIBA;Condutor usando celular;Colis�o transversal;Com V�timas Feridas;Plena Noite;Decrescente;Nublado;Simples;Reta;N�o;1;0;1;0;0;0;1;1;-22,93580266;-44,0002319;SPRF-RJ;DEL03-RJ;UOP02-DEL03-RJ;;;
702085;02/07/2025;quarta-feira;17:00:00;MG;116;117,3;ITAOBIM;Acessar a via sem observar a presen�a dos outros ve�culos;Colis�o lateral mesmo sentido;Com V�timas Feridas;Pleno dia;Decrescente;C�u Claro;Simples;Interse��o de Vias;Sim;3;0;1;2;0;0;3;2;-16,576071;-41,503715;SPRF-MG;DEL11-MG;UOP02-DEL11-MG;;;
702087;02/07/2025;quarta-feira;18:00:00;MS;163;416,8;NOVA ALVORADA DO SUL;Convers�o proibida;Colis�o transversal;Sem V�timas;Plena Noite;Crescente;C�u Claro;Simples;"Reta;Aclive";N�o;3;0;0;0;3;0;0;2;-21,01942729;-54,50664997;SPRF-MS;DEL02-MS;UOP01-DEL02-MS;;;
702089;02/07/2025;quarta-feira;20:44:00;MG;40;510;RIBEIRAO DAS NEVES;Aus�ncia de rea��o do condutor;Colis�o traseira;Com V�timas Feridas;Plena Noite;Crescente;C�u Claro;Dupla;"Reta;Aclive";N�o;2;0;1;0;1;0;1;2;-19,78378378;-44,11747686;SPRF-MG;DEL01-MG;UOP02-DEL01-MG;;;
702090;02/07/2025;quarta-feira;21:45:00;SP;116;77,3;ROSEIRA;Aus�ncia de rea��o do condutor;Colis�o traseira;Com V�timas Feridas;Plena Noite;Crescente;Chuva;Dupla;Reta;N�o;2;0;1;0;1;0;1;2;-22,88155252;-45,27671814;SPRF-SP;DEL08-SP;UOP01-DEL08-SP;;;
702095;02/07/2025;quarta-feira;22:50:00;RS;287;313;SAO VICENTE DO SUL;Aus�ncia de rea��o do condutor;Colis�o frontal;Com V�timas Feridas;Plena Noite;Crescente;C�u Claro;Simples;"Reta;Ponte;Em Obras";N�o;6;0;2;0;4;0;2;2;-29,659447;-54,503637;SPRF-RS;DEL09-RS;UOP01-DEL09-RS;;;
702096;02/07/2025;quarta-feira;19:10:00;PI;230;196;OEIRAS;Convers�o proibida;Colis�o transversal;Com V�timas Feridas;Plena Noite;Crescente;C�u Claro;Simples;Reta;Sim;3;0;1;0;1;1;1;3;-7,006092;-42,120105;SPRF-PI;DEL04-PI;UOP01-DEL04-PI;;;
702099;02/07/2025;quarta-feira;23:48:00;CE;20;254,1;MADALENA;Transitar na contram�o;Colis�o frontal;Com V�timas Fatais;Plena Noite;Crescente;C�u Claro;Simples;Reta;N�o;2;1;0;0;1;0;0;2;-4,75562817;-39,48103845;SPRF-CE;DEL02-CE;UOP01-DEL02-CE;;;
702102;03/07/2025;quinta-feira;00:35:00;MG;365;674,1;MONTE ALEGRE DE MINAS;Objeto est�tico sobre o leito carro��vel;Colis�o com objeto;Com V�timas Feridas;Plena Noite;Crescente;C�u Claro;Dupla;Reta;N�o;1;0;1;0;0;0;1;1;-18,863445;-48,76574;SPRF-MG;DEL15-MG;UOP01-DEL15-MG;;;
702103;03/07/2025;quinta-feira;00:45:00;PA;230;7,5;ALTAMIRA;Condutor desrespeitou a ilumina��o vermelha do sem�foro;Colis�o transversal;Com V�timas Feridas;Plena Noite;Decrescente;C�u Claro;Simples;"Reta;Declive;Interse��o de Vias";Sim;3;0;0;3;0;0;3;2;-8,23174392;-54,80497465;SPRF-PA;DEL04-PA;UOP01-DEL04-PA;;;
702104;03/07/2025;quinta-feira;01:50:00;PR;277;723;FOZ DO IGUACU;Condutor deixou de manter dist�ncia do ve�culo da frente;Colis�o traseira;Com V�timas Feridas;Plena Noite;Decrescente;C�u Claro;Dupla;Reta;Sim;2;0;1;0;1;0;1;2;-25,50246938;-54,53797666;SPRF-PR;DEL05-PR;UOP03-DEL05-PR;;;
702105;03/07/2025;quinta-feira;04:30:00;PR;153;41,6;SANTO ANTONIO DA PLATINA;Demais falhas mec�nicas ou el�tricas;Colis�o transversal;Com V�timas Feridas;Plena Noite;Crescente;C�u Claro;Simples;"Reta;Interse��o de Vias";Sim;6;0;4;0;2;0;4;2;-23,29448107;-50,06491184;SPRF-PR;DEL07-PR;UOP04-DEL07-PR;;;
702106;03/07/2025;quinta-feira;04:20:00;SC;163;66;SAO MIGUEL DO OESTE;Desrespeitar a prefer�ncia no cruzamento;Colis�o transversal;Com V�timas Feridas;Plena Noite;Decrescente;C�u Claro;Dupla;Rotat�ria;Sim;2;0;1;0;1;0;1;2;-26,76097391;-53,50059307;SPRF-SC;DEL07-SC;UOP03-DEL07-SC;;;
702109;03/07/2025;quinta-feira;06:40:00;RS;116;260,8;CANOAS;Rea��o tardia ou ineficiente do condutor;Colis�o lateral mesmo sentido;Com V�timas Feridas;Amanhecer;Crescente;Chuva;M�ltipla;Reta;N�o;2;0;1;0;1;0;1;2;-29,8806167;-51,1800956;SPRF-RS;DEL01-RS;UOP01-DEL01-RS;;;
702110;03/07/2025;quinta-feira;06:55:00;GO;70;3,6;AGUAS LINDAS DE GOIAS;Condutor Dormindo;Sa�da de leito carro��vel;Com V�timas Feridas;Pleno dia;Crescente;C�u Claro;Dupla;Curva;Sim;1;0;1;0;0;0;1;1;-15,760834;-48,242287;SPRF-DF;DEL03-DF;UOP02-DEL03-DF;;;
702112;03/07/2025;quinta-feira;06:45:00;DF;60;9;BRASILIA;Pista esburacada;Tombamento;Com V�timas Feridas;Amanhecer;Decrescente;C�u Claro;Dupla;"Reta;Declive";N�o;1;0;1;0;0;0;1;1;-15,907775;-48,143911;SPRF-DF;DEL03-DF;UOP01-DEL03-DF;;;
702115;03/07/2025;quinta-feira;07:20:00;PR;376;183;SARANDI;Aus�ncia de rea��o do condutor;Queda de ocupante de ve�culo;Com V�timas Feridas;Pleno dia;Crescente;Nublado;Dupla;"Em Obras;Reta";Sim;1;0;1;0;0;0;1;1;-23,44326026;-51,86801847;SPRF-PR;DEL09-PR;UOP01-DEL09-PR;;;
702117;03/07/2025;quinta-feira;06:30:00;PR;369;473,8;CORBELIA;Ultrapassagem Indevida;Colis�o frontal;Sem V�timas;Amanhecer;Crescente;Ignorado;Simples;Reta;Sim;1;0;0;0;1;0;0;1;-24,72023681;-53,24659034;SPRF-PR;DEL04-PR;UOP03-DEL04-PR;;;
702119;03/07/2025;quinta-feira;07:30:00;SP;116;218;GUARULHOS;Condutor deixou de manter dist�ncia do ve�culo da frente;Colis�o lateral mesmo sentido;Com V�timas Feridas;Pleno dia;Decrescente;Nublado;M�ltipla;Reta;N�o;2;0;2;0;0;0;2;2;-23,46114464;-46,48931114;SPRF-SP;DEL01-SP;UOP01-DEL01-SP;;;
702120;03/07/2025;quinta-feira;07:30:00;PR;369;185;ARAPONGAS;Ultrapassagem Indevida;Colis�o transversal;Com V�timas Feridas;Pleno dia;Decrescente;C�u Claro;Simples;Interse��o de Vias;Sim;2;0;1;0;1;0;1;2;-23,413122;-51,427001;SPRF-PR;DEL07-PR;UOP03-DEL07-PR;;;
702121;03/07/2025;quinta-feira;07:50:00;BA;349;1034;CORRENTINA;Acessar a via sem observar a presen�a dos outros ve�culos;Colis�o transversal;Com V�timas Fatais;Pleno dia;Decrescente;C�u Claro;Simples;Reta;N�o;6;1;5;0;0;0;5;2;-13,68131174;-45,83281159;SPRF-BA;DEL10-BA;UOP02-DEL10-BA;;;
702122;03/07/2025;quinta-feira;07:00:00;RS;116;393;CAMAQUA;Pedestre andava na pista;Atropelamento de Pedestre;Com V�timas Feridas;Amanhecer;Decrescente;C�u Claro;Dupla;Reta;Sim;2;0;0;1;1;0;1;2;-30,83919011;-51,74407661;SPRF-RS;DEL02-RS;UOP02-DEL02-RS;;;
702123;03/07/2025;quinta-feira;07:50:00;PB;101;83,8;BAYEUX;Rea��o tardia ou ineficiente do condutor;Queda de ocupante de ve�culo;Com V�timas Feridas;Pleno dia;Crescente;Sol;Dupla;Reta;Sim;1;0;1;0;0;0;1;1;-7,138505;-34,92439;SPRF-PB;DEL01-PB;UOP01-DEL01-PB;;;
702125;03/07/2025;quinta-feira;07:15:00;ES;101;263,1;SERRA;Condutor deixou de manter dist�ncia do ve�culo da frente;Colis�o traseira;Com V�timas Feridas;Pleno dia;Crescente;Chuva;Dupla;Reta;Sim;2;0;1;0;1;0;1;2;-20,16703657;-40,27190745;SPRF-ES;DEL02-ES;UOP01-DEL02-ES;;;
702128;03/07/2025;quinta-feira;05:30:00;MG;381;153;GOVERNADOR VALADARES;Velocidade Incompat�vel;Sa�da de leito carro��vel;Com V�timas Feridas;Amanhecer;Crescente;C�u Claro;Simples;Retorno Regulamentado;N�o;1;0;0;1;0;0;1;1;-18,89155723;-42,00499244;SPRF-MG;DEL06-MG;UOP01-DEL06-MG;;;
702129;03/07/2025;quinta-feira;07:20:00;SC;101;143,7;ITAPEMA;Avarias e/ou desgaste excessivo no pneu;Tombamento;Com V�timas Feridas;Pleno dia;Crescente;C�u Claro;Dupla;Reta;Sim;1;0;1;0;0;0;1;1;-27,07145465;-48,59588591;SPRF-SC;DEL04-SC;UOP03-DEL04-SC;;;
702130;03/07/2025;quinta-feira;08:30:00;PR;277;593;CASCAVEL;Rea��o tardia ou ineficiente do condutor;Colis�o traseira;Com V�timas Feridas;Pleno dia;Decrescente;C�u Claro;Simples;Reta;Sim;2;0;1;0;1;0;1;2;-24,980608;-53,483868;SPRF-PR;DEL04-PR;UOP01-DEL04-PR;;;
702131;03/07/2025;quinta-feira;08:45:00;RS;290;97,5;PORTO ALEGRE;Acessar a via sem observar a presen�a dos outros ve�culos;Colis�o lateral mesmo sentido;Com V�timas Feridas;Pleno dia;Crescente;C�u Claro;Dupla;"Reta;Ponte";N�o;3;0;1;0;2;0;1;2;-29,99654871;-51,21125564;SPRF-RS;DEL01-RS;UOP01-DEL01-RS;;;
702132;03/07/2025;quinta-feira;07:30:00;RJ;116;140;DUQUE DE CAXIAS;Rea��o tardia ou ineficiente do condutor;Colis�o traseira;Com V�timas Feridas;Pleno dia;Crescente;Garoa/Chuvisco;Dupla;Reta;Sim;3;0;1;0;2;0;1;2;-22,6466982;-43,2170296;SPRF-RJ;DEL01-RJ;UOP02-DEL01-RJ;;;
702133;03/07/2025;quinta-feira;08:35:00;CE;304;49;ARACATI;Retorno proibido;Colis�o traseira;Com V�timas Feridas;Pleno dia;Crescente;C�u Claro;Dupla;Curva;N�o;2;0;1;0;1;0;1;2;-4,565399;-37,707808;SPRF-CE;DEL03-CE;UOP02-DEL03-CE;;;
702134;03/07/2025;quinta-feira;07:35:00;RO;364;242;CACOAL;Desrespeitar a prefer�ncia no cruzamento;Colis�o transversal;Com V�timas Feridas;Pleno dia;Decrescente;C�u Claro;Simples;Rotat�ria;N�o;3;0;2;0;1;0;2;2;-11,440828;-61,48768;SPRF-RO;DEL02-RO;UOP02-DEL02-RO;;;
702135;03/07/2025;quinta-feira;06:55:00;RS;153;1,5;CACHOEIRA DO SUL;Acessar a via sem observar a presen�a dos outros ve�culos;Colis�o transversal;Com V�timas Feridas;Amanhecer;Decrescente;Nublado;Simples;Interse��o de Vias;Sim;2;0;1;0;1;0;1;2;-30,0020245;-52,90870786;SPRF-RS;DEL02-RS;UOP03-DEL02-RS;;;
702136;03/07/2025;quinta-feira;07:30:00;MG;381;481;CONTAGEM;Velocidade Incompat�vel;Colis�o traseira;Com V�timas Feridas;Pleno dia;Decrescente;Nublado;Dupla;Reta;N�o;2;0;1;0;1;0;1;2;-19,9587617;-44,0549954;SPRF-MG;DEL01-MG;UOP03-DEL01-MG;;;
702137;30/04/2025;quarta-feira;17:12:00;MG;40;531;CONTAGEM;Condutor deixou de manter dist�ncia do ve�culo da frente;Colis�o traseira;Com V�timas Feridas;Anoitecer;Crescente;C�u Claro;Dupla;Reta;N�o;3;0;1;1;1;0;2;2;-19,920788;-44,023907;SPRF-MG;DEL01-MG;UOP02-DEL01-MG;;;
702138;03/07/2025;quinta-feira;09:00:00;SP;116;150;SAO JOSE DOS CAMPOS;Mal s�bito do condutor;Colis�o traseira;Com V�timas Feridas;Pleno dia;Crescente;Nublado;Dupla;Reta;N�o;2;0;0;1;1;0;1;2;-23,21509807;-45,89520184;SPRF-SP;DEL02-SP;UOP01-DEL02-SP;;;
702139;03/07/2025;quinta-feira;09:20:00;SC;101;203,1;SAO JOSE;Acumulo de �leo sobre o pavimento;Tombamento;Com V�timas Feridas;Pleno dia;Decrescente;C�u Claro;M�ltipla;Curva;Sim;2;0;1;0;1;0;1;1;-27,565958;-48,613756;SPRF-SC;DEL01-SC;UOP01-DEL01-SC;;;
702141;03/07/2025;quinta-feira;06:50:00;MG;381;479;CONTAGEM;Trafegar com motocicleta (ou similar) entre as faixas;Colis�o lateral mesmo sentido;Com V�timas Feridas;Pleno dia;Decrescente;C�u Claro;Dupla;"Curva;Declive";Sim;2;0;0;1;1;0;1;2;-19,964365;-44,04550277;SPRF-MG;DEL01-MG;UOP03-DEL01-MG;;;
702142;03/07/2025;quinta-feira;08:40:00;RJ;101;320;NITEROI;Aus�ncia de rea��o do condutor;Colis�o traseira;Com V�timas Feridas;Pleno dia;Crescente;Chuva;Dupla;Reta;Sim;2;0;1;0;1;0;1;2;-22,86858331;-43,11103821;SPRF-RJ;DEL02-RJ;UOP01-DEL02-RJ;;;
702143;22/06/2025;domingo;09:45:00;ES;262;77,8;DOMINGOS MARTINS;Velocidade Incompat�vel;Queda de ocupante de ve�culo;Com V�timas Feridas;Pleno dia;Decrescente;C�u Claro;Simples;Curva;N�o;1;0;1;0;0;0;1;1;-20,41060352;-40,92012405;SPRF-ES;DEL01-ES;UOP02-DEL01-ES;;;
702145;03/07/2025;quinta-feira;10:16:00;GO;153;507;APARECIDA DE GOIANIA;Rea��o tardia ou ineficiente do condutor;Colis�o lateral mesmo sentido;Com V�timas Feridas;Pleno dia;Crescente;C�u Claro;Dupla;Interse��o de Vias;Sim;2;0;0;1;1;0;1;2;-16,767568;-49,239658;SPRF-GO;DEL01-GO;UOP03-DEL01-GO;;;
702151;27/06/2025;sexta-feira;22:00:00;SC;101;149,6;ITAPEMA;Aus�ncia de rea��o do condutor;Colis�o com objeto;Sem V�timas;Pleno dia;Crescente;C�u Claro;M�ltipla;Reta;N�o;1;0;0;0;1;0;0;1;-27,11024422;-48,61160366;SPRF-SC;DEL04-SC;UOP03-DEL04-SC;;;
702152;03/07/2025;quinta-feira;07:50:00;RS;101;2;TORRES;Velocidade Incompat�vel;Colis�o traseira;Com V�timas Feridas;Pleno dia;Crescente;C�u Claro;Simples;Reta;Sim;4;0;3;0;1;0;3;2;-29,32471505;-49,77950184;SPRF-RS;DEL03-RS;UOP02-DEL03-RS;;;
702153;03/07/2025;quinta-feira;10:15:00;GO;60;69;ABADIANIA;Rea��o tardia ou ineficiente do condutor;Colis�o traseira;Com V�timas Feridas;Pleno dia;Decrescente;Sol;Dupla;Curva;N�o;3;0;1;0;1;1;1;2;-16,241157;-48,761247;SPRF-GO;DEL02-GO;UOP01-DEL02-GO;;;
702154;03/07/2025;quinta-feira;10:30:00;PB;104;136;QUEIMADAS;Acessar a via sem observar a presen�a dos outros ve�culos;Colis�o traseira;Com V�timas Feridas;Pleno dia;Decrescente;C�u Claro;Simples;Reta;N�o;3;0;1;0;2;0;1;2;-7,336855;-35,89849;SPRF-PB;DEL02-PB;UOP03-DEL02-PB;;;
702155;03/07/2025;quinta-feira;11:00:00;MG;116;762,3;LEOPOLDINA;Condutor deixou de manter dist�ncia do ve�culo da frente;Colis�o traseira;Sem V�timas;Pleno dia;Crescente;C�u Claro;Dupla;"Interse��o de Vias;Rotat�ria";Sim;2;0;0;0;2;0;0;2;-21,52618419;-42,63364792;SPRF-MG;DEL07-MG;UOP01-DEL07-MG;;;
702156;03/07/2025;quinta-feira;10:20:00;PR;116;8;CAMPINA GRANDE DO SUL;Velocidade Incompat�vel;Sa�da de leito carro��vel;Com V�timas Feridas;Pleno dia;Crescente;Chuva;Dupla;"Declive;Reta;Ponte";N�o;4;0;2;0;2;0;2;1;-25,081333;-48,624036;SPRF-PR;DEL01-PR;UOP02-DEL01-PR;;;
702159;03/07/2025;quinta-feira;11:40:00;RJ;116;287;BARRA MANSA;Demais falhas mec�nicas ou el�tricas;Colis�o com objeto;Com V�timas Feridas;Pleno dia;Crescente;Nublado;Dupla;Curva;N�o;4;0;1;0;3;0;1;1;-22,48713845;-44,24690947;SPRF-RJ;DEL07-RJ;UOP02-DEL07-RJ;;;
702160;18/04/2025;sexta-feira;10:10:00;SC;101;320;PESCARIA BRAVA;Manobra de mudan�a de faixa;Colis�o transversal;Sem V�timas;Pleno dia;Decrescente;C�u Claro;M�ltipla;Reta;Sim;2;0;0;0;1;1;0;2;-28,42498268;-48,89923789;SPRF-SC;DEL02-SC;UOP01-DEL02-SC;;;
702161;03/07/2025;quinta-feira;11:50:00;MG;381;754;TRES CORACOES;Condutor Dormindo;Sa�da de leito carro��vel;Com V�timas Feridas;Pleno dia;Decrescente;C�u Claro;Dupla;Reta;N�o;2;0;1;0;1;0;1;1;-21,667597;-45,319243;SPRF-MG;DEL16-MG;UOP02-DEL16-MG;;;
702162;03/07/2025;quinta-feira;11:45:00;RJ;116;336;RESENDE;Condutor Dormindo;Colis�o com objeto;Com V�timas Feridas;Pleno dia;Decrescente;Garoa/Chuvisco;Simples;Reta;N�o;1;0;1;0;0;0;1;1;-22,50218754;-44,66890208;SPRF-RJ;DEL07-RJ;UOP02-DEL07-RJ;;;
702163;03/07/2025;quinta-feira;12:00:00;MG;40;518;CONTAGEM;Condutor deixou de manter dist�ncia do ve�culo da frente;Colis�o lateral mesmo sentido;Com V�timas Feridas;Pleno dia;Decrescente;Sol;Dupla;Reta;Sim;2;0;1;0;1;0;1;2;-19,87719674;-44,05274392;SPRF-MG;DEL01-MG;UOP02-DEL01-MG;;;
702164;03/07/2025;quinta-feira;11:30:00;TO;153;100;WANDERLANDIA;Rea��o tardia ou ineficiente do condutor;Sa�da de leito carro��vel;Com V�timas Feridas;Pleno dia;Crescente;Sol;Simples;Reta;N�o;1;0;1;0;0;0;1;1;-6,81533741;-48,07499304;SPRF-TO;DEL02-TO;UOP01-DEL02-TO;;;
702165;03/07/2025;quinta-feira;12:30:00;SP;101;48;UBATUBA;Transitar na contram�o;Colis�o transversal;Com V�timas Feridas;Pleno dia;Crescente;Nublado;Simples;Reta;Sim;2;0;1;0;1;0;1;2;-23,440896;-45,087;SPRF-SP;DEL06-SP;UOP01-DEL06-SP;;;
702166;28/06/2025;s�bado;05:10:00;PE;316;58;TRINDADE;Aus�ncia de rea��o do condutor;Capotamento;Com V�timas Feridas;Pleno dia;Crescente;Nublado;Simples;Reta;N�o;1;0;1;0;0;0;1;1;-7,768517;-40,25869;SPRF-PE;DEL05-PE;UOP02-DEL05-PE;;;
702167;03/07/2025;quinta-feira;12:25:00;RS;285;293;PASSO FUNDO;Acessar a via sem observar a presen�a dos outros ve�culos;Colis�o transversal;Com V�timas Feridas;Pleno dia;Crescente;Sol;Dupla;Rotat�ria;Sim;4;0;1;1;2;0;2;2;-28,23697082;-52,37407923;SPRF-RS;DEL08-RS;UOP03-DEL08-RS;;;
702168;03/07/2025;quinta-feira;12:30:00;ES;101;255,9;SERRA;Chuva;Sa�da de leito carro��vel;Sem V�timas;Pleno dia;Crescente;Chuva;Simples;Reta;Sim;1;0;0;0;1;0;0;1;-20,1198544;-40,3096446;SPRF-ES;DEL02-ES;UOP01-DEL02-ES;;;