id;data_inversa;dia_semana;horario;uf;br;km;municipio;causa_acidente;tipo_acidente;classificacao_acidente;fase_dia;sentido_via;condicao_metereologica;tipo_pista;tracado_via;uso_solo;pessoas;mortos;feridos_leves;feridos_graves;ilesos;ignorados;feridos;veiculos;latitude;longitude;regional;delegacia;uop;;;
702169;03/07/2025;quinta-feira;13:00:00;RS;116;145;CAXIAS DO SUL;Manobra de mudan�a de faixa;Queda de ocupante de ve�culo;Com V�timas Feridas;Pleno dia;Crescente;C�u Claro;Dupla;Reta;Sim;3;0;1;0;1;1;1;3;-29,1395217;-51,1338217;SPRF-RS;DEL05-RS;UOP01-DEL05-RS;;;
702170;03/07/2025;quinta-feira;10:20:00;SP;116;477;JACUPIRANGA;Aus�ncia de rea��o do condutor;Colis�o transversal;Com V�timas Feridas;Pleno dia;Decrescente;C�u Claro;Simples;Reta;Sim;2;0;1;0;1;0;1;2;-24,70551171;-48,01265717;SPRF-SP;DEL05-SP;UOP01-DEL05-SP;;;
702171;29/06/2025;domingo;19:00:00;PR;116;110;SAO JOSE DOS PINHAIS;Demais falhas na via;Queda de ocupante de ve�culo;Com V�timas Feridas;Plena Noite;Decrescente;Ignorado;Dupla;Reta;N�o;2;0;1;0;1;0;1;1;-25,57012941;-49,21736805;SPRF-PR;DEL01-PR;UOP03-DEL01-PR;;;
702173;17/06/2025;ter�a-feira;13:00:00;PE;232;142;SAO CAITANO;Acumulo de areia ou detritos sobre o pavimento;Colis�o transversal;Sem V�timas;Pleno dia;Decrescente;Garoa/Chuvisco;Dupla;Reta;N�o;5;0;0;0;5;0;0;2;-8,3223206;-36,09040332;SPRF-PE;DEL03-PE;UOP02-DEL03-PE;;;
702174;03/07/2025;quinta-feira;10:40:00;RR;174;606;AMAJARI;Rea��o tardia ou ineficiente do condutor;Atropelamento de Pedestre;Com V�timas Fatais;Pleno dia;Crescente;Chuva;Simples;Reta;N�o;3;1;0;0;0;2;0;3;3,67234433;-60,9806807;SPRF-RR;DEL01-RR;UOP01-DEL01-RR;;;
702176;03/07/2025;quinta-feira;12:45:00;CE;222;4,9;CAUCAIA;Desrespeitar a prefer�ncia no cruzamento;Colis�o transversal;Com V�timas Feridas;Pleno dia;Decrescente;Sol;M�ltipla;"Reta;Retorno Regulamentado";Sim;3;0;3;0;0;0;3;2;-3,7427996;-38,61219982;SPRF-CE;DEL01-CE;UOP01-DEL01-CE;;;
702177;03/07/2025;quinta-feira;12:11:00;GO;40;5;VALPARAISO DE GOIAS;Aus�ncia de rea��o do condutor;Colis�o transversal;Com V�timas Feridas;Pleno dia;Crescente;C�u Claro;Dupla;"Retorno Regulamentado;Reta";Sim;2;0;1;0;1;0;1;2;-16,09353774;-47,98208982;SPRF-DF;DEL01-DF;UOP01-DEL01-DF;;;
702179;17/06/2025;ter�a-feira;12:22:00;ES;101;97,3;JAGUARE;Acessar a via sem observar a presen�a dos outros ve�culos;Colis�o transversal;Com V�timas Feridas;Pleno dia;Decrescente;C�u Claro;Simples;Reta;N�o;2;0;1;0;1;0;1;2;-18,92311031;-39,96764374;SPRF-ES;DEL04-ES;UOP02-DEL04-ES;;;
702180;03/07/2025;quinta-feira;11:30:00;BA;101;597;MASCOTE;Ultrapassagem Indevida;Colis�o frontal;Com V�timas Fatais;Pleno dia;Decrescente;C�u Claro;Simples;Curva;N�o;6;4;0;1;1;0;1;2;-15,485475;-39,43303;SPRF-BA;DEL05-BA;UOP02-DEL05-BA;;;
702181;03/07/2025;quinta-feira;11:25:00;PR;277;421,6;CANTAGALO;Desrespeitar a prefer�ncia no cruzamento;Colis�o transversal;Com V�timas Feridas;Pleno dia;Decrescente;C�u Claro;Simples;"Reta;Interse��o de Vias";Sim;2;0;1;0;1;0;1;2;-25,37883048;-52,1243763;SPRF-PR;DEL04-PR;UOP02-DEL04-PR;;;
702183;03/07/2025;quinta-feira;13:05:00;MS;163;469;CAMPO GRANDE;Acessar a via sem observar a presen�a dos outros ve�culos;Sa�da de leito carro��vel;Com V�timas Feridas;Pleno dia;Decrescente;C�u Claro;Simples;Reta;N�o;2;0;1;0;0;1;1;2;-20,56560192;-54,56064669;SPRF-MS;DEL01-MS;UOP01-DEL01-MS;;;
702184;08/05/2025;quinta-feira;21:15:00;SC;280;57;GUARAMIRIM;Transitar na contram�o;Colis�o frontal;Com V�timas Feridas;Plena Noite;Decrescente;C�u Claro;Simples;Curva;N�o;9;0;8;1;0;0;9;3;-26,478905;-49,01105;SPRF-SC;DEL03-SC;UOP03-DEL03-SC;;;
702185;03/07/2025;quinta-feira;14:30:00;SC;101;214,3;PALHOCA;Acessar a via sem observar a presen�a dos outros ve�culos;Queda de ocupante de ve�culo;Com V�timas Feridas;Pleno dia;Decrescente;C�u Claro;M�ltipla;Reta;N�o;2;0;1;0;1;0;1;2;-27,63957535;-48,66667125;SPRF-SC;DEL01-SC;UOP02-DEL01-SC;;;
702186;03/07/2025;quinta-feira;14:20:00;PR;369;125,3;JATAIZINHO;Velocidade Incompat�vel;Tombamento;Com V�timas Feridas;Pleno dia;Decrescente;Sol;Dupla;Curva;N�o;1;0;1;0;0;0;1;1;-23,28387653;-50,95153984;SPRF-PR;DEL07-PR;UOP05-DEL07-PR;;;
702188;05/04/2025;s�bado;20:20:00;RJ;40;120;DUQUE DE CAXIAS;Rea��o tardia ou ineficiente do condutor;Colis�o traseira;Com V�timas Feridas;Plena Noite;Crescente;Garoa/Chuvisco;Dupla;Reta;Sim;3;0;2;0;1;0;2;2;-22,78094081;-43,28582876;SPRF-RJ;DEL01-RJ;UOP02-DEL01-RJ;;;
702189;28/02/2025;sexta-feira;23:12:00;RO;364;342;JI-PARANA;Ingest�o de �lcool pelo condutor;Colis�o lateral mesmo sentido;Com V�timas Feridas;Plena Noite;Crescente;Nublado;Dupla;Reta;Sim;3;0;1;1;1;0;2;3;-10,8363776;-62,0101632;SPRF-RO;DEL02-RO;UOP01-DEL02-RO;;;
702190;03/07/2025;quinta-feira;15:20:00;RS;116;249;SAO LEOPOLDO;Manobra de mudan�a de faixa;Colis�o lateral mesmo sentido;Com V�timas Feridas;Pleno dia;Crescente;C�u Claro;Dupla;Reta;N�o;2;0;1;0;1;0;1;2;-29,7862902;-51,163583;SPRF-RS;DEL01-RS;UOP02-DEL01-RS;;;
702191;17/04/2025;quinta-feira;18:00:00;DF;70;7;BRASILIA;Acessar a via sem observar a presen�a dos outros ve�culos;Colis�o lateral mesmo sentido;Com V�timas Feridas;Anoitecer;Crescente;Nublado;Dupla;"Retorno Regulamentado;Reta";Sim;5;0;0;1;4;0;1;2;-15,78710092;-48,11601508;SPRF-DF;DEL03-DF;UOP02-DEL03-DF;;;
702192;03/07/2025;quinta-feira;14:50:00;PR;376;177,4;MARINGA;Aus�ncia de rea��o do condutor;Colis�o traseira;Com V�timas Feridas;Pleno dia;Crescente;Sol;Dupla;Reta;Sim;2;0;1;0;0;1;1;2;-23,414707;-51,926794;SPRF-PR;DEL09-PR;UOP01-DEL09-PR;;;
702193;03/07/2025;quinta-feira;15:35:00;PB;230;18;JOAO PESSOA;Aus�ncia de rea��o do condutor;Colis�o traseira;Com V�timas Feridas;Pleno dia;Decrescente;C�u Claro;Dupla;Reta;Sim;2;0;1;0;1;0;1;2;-7,12071411;-34,84500781;SPRF-PB;DEL01-PB;UOP01-DEL01-PB;;;
702194;29/03/2025;s�bado;02:23:00;DF;70;16;BRASILIA;Condutor Dormindo;Sa�da de leito carro��vel;Com V�timas Feridas;Plena Noite;Crescente;Nublado;Dupla;Reta;N�o;2;0;1;1;0;0;2;1;-15,79491711;-48,19828749;SPRF-DF;DEL03-DF;UOP02-DEL03-DF;;;
702197;01/07/2025;ter�a-feira;20:34:00;GO;60;23;ALEXANIA;Aus�ncia de rea��o do condutor;Colis�o traseira;Com V�timas Feridas;Plena Noite;Decrescente;C�u Claro;Dupla;Reta;Sim;2;0;1;0;0;1;1;2;-16,1190218;-48,4297983;SPRF-DF;DEL03-DF;UOP01-DEL03-DF;;;
702200;03/07/2025;quinta-feira;15:40:00;RS;285;498,1;ENTRE-IJUIS;Velocidade Incompat�vel;Colis�o traseira;Com V�timas Feridas;Pleno dia;Decrescente;Sol;Simples;Reta;N�o;3;0;1;0;2;0;1;2;-28,37780825;-54,27864075;SPRF-RS;DEL10-RS;UOP01-DEL10-RS;;;
702201;03/07/2025;quinta-feira;16:00:00;PB;230;25;JOAO PESSOA;Velocidade Incompat�vel;Queda de ocupante de ve�culo;Com V�timas Feridas;Pleno dia;Crescente;C�u Claro;Simples;"Reta;Aclive";N�o;1;0;1;0;0;0;1;1;-7,16944548;-34,87343285;SPRF-PB;DEL01-PB;UOP01-DEL01-PB;;;
702202;03/07/2025;quinta-feira;04:32:00;SC;280;25;ARAQUARI;Aus�ncia de rea��o do condutor;Sa�da de leito carro��vel;Sem V�timas;Plena Noite;Crescente;Nublado;Simples;Reta;N�o;1;0;0;0;0;1;0;1;-26,383663;-48,726977;SPRF-SC;DEL03-SC;UOP03-DEL03-SC;;;
702203;03/07/2025;quinta-feira;16:00:00;MG;116;586;MANHUACU;Rea��o tardia ou ineficiente do condutor;Colis�o traseira;Com V�timas Feridas;Pleno dia;Decrescente;Nublado;Simples;Reta;N�o;2;0;1;0;0;1;1;2;-20,237107;-42,164476;SPRF-MG;DEL06-MG;UOP03-DEL06-MG;;;
702206;03/07/2025;quinta-feira;15:30:00;SP;116;133,5;SAO JOSE DOS CAMPOS;Ingest�o de �lcool pelo condutor;Colis�o com objeto;Com V�timas Feridas;Pleno dia;Decrescente;Nublado;Dupla;Reta;N�o;2;0;2;0;0;0;2;1;-23,14647655;-45,77380657;SPRF-SP;DEL02-SP;UOP02-DEL02-SP;;;
702208;03/07/2025;quinta-feira;16:40:00;RJ;101;476;ANGRA DOS REIS;Pista Escorregadia;Queda de ocupante de ve�culo;Com V�timas Feridas;Pleno dia;Decrescente;Garoa/Chuvisco;Simples;Curva;N�o;1;0;1;0;0;0;1;1;-22,98998343;-44,24214339;SPRF-RJ;DEL03-RJ;UOP03-DEL03-RJ;;;
702209;03/07/2025;quinta-feira;14:30:00;PR;277;385;CANDOI;Aus�ncia de rea��o do condutor;Colis�o traseira;Com V�timas Feridas;Pleno dia;Crescente;C�u Claro;Simples;Reta;N�o;6;0;3;0;3;0;3;2;-25,4361106;-51,8167306;SPRF-PR;DEL08-PR;UOP01-DEL08-PR;;;
702210;03/07/2025;quinta-feira;17:05:00;PB;230;13,8;CABEDELO;Pedestre cruzava a pista fora da faixa;Atropelamento de Pedestre;Com V�timas Feridas;Pleno dia;Decrescente;Nublado;Dupla;Reta;Sim;2;0;2;0;0;0;2;2;-7,08759;-34,848358;SPRF-PB;DEL01-PB;UOP01-DEL01-PB;;;
702214;03/07/2025;quinta-feira;12:40:00;RJ;40;85;PETROPOLIS;Avarias e/ou desgaste excessivo no pneu;Sa�da de leito carro��vel;Com V�timas Feridas;Pleno dia;Decrescente;Chuva;Dupla;"Curva;Aclive";N�o;2;0;1;0;1;0;1;1;-22,557913;-43,229931;SPRF-RJ;DEL01-RJ;UOP01-DEL01-RJ;;;
702215;30/06/2025;segunda-feira;18:29:00;SC;280;128;RIO NEGRINHO;Acessar a via sem observar a presen�a dos outros ve�culos;Colis�o transversal;Sem V�timas;Anoitecer;Decrescente;Garoa/Chuvisco;Simples;"Reta;Interse��o de Vias";Sim;2;0;0;0;2;0;0;2;-26,242742;-49,51234;SPRF-SC;DEL06-SC;UOP03-DEL06-SC;;;
702216;03/07/2025;quinta-feira;17:08:00;GO;40;7;VALPARAISO DE GOIAS;Manobra de mudan�a de faixa;Colis�o lateral mesmo sentido;Com V�timas Feridas;Pleno dia;Decrescente;C�u Claro;Dupla;Reta;N�o;2;0;1;0;1;0;1;2;-16,108883;-47,971998;SPRF-DF;DEL01-DF;UOP01-DEL01-DF;;;
702219;03/07/2025;quinta-feira;17:15:00;SP;153;74,7;BADY BASSITT;Avarias e/ou desgaste excessivo no pneu;Sa�da de leito carro��vel;Com V�timas Feridas;Pleno dia;Crescente;C�u Claro;Dupla;"Declive;Reta";N�o;1;0;1;0;0;0;1;1;-20,89531134;-49,43567312;SPRF-SP;DEL09-SP;UOP01-DEL09-SP;;;
702220;30/06/2025;segunda-feira;19:25:00;AC;364;188;CRUZEIRO DO SUL;Rea��o tardia ou ineficiente do condutor;Colis�o lateral mesmo sentido;Com V�timas Feridas;Plena Noite;Decrescente;C�u Claro;Simples;Reta;N�o;2;0;2;0;0;0;2;2;-7,64531002;-72,65607195;SPRF-AC;DEL01-AC;UOP01-DEL01-AC;;;
702221;03/07/2025;quinta-feira;17:35:00;RJ;101;318;SAO GONCALO;Trafegar com motocicleta (ou similar) entre as faixas;Colis�o lateral mesmo sentido;Com V�timas Feridas;Pleno dia;Decrescente;C�u Claro;M�ltipla;Reta;Sim;2;0;1;0;1;0;1;2;-22,84533055;-43,09833527;SPRF-RJ;DEL02-RJ;UOP02-DEL02-RJ;;;
702222;03/07/2025;quinta-feira;17:36:00;SC;282;0,6;FLORIANOPOLIS;Rea��o tardia ou ineficiente do condutor;Colis�o lateral mesmo sentido;Com V�timas Feridas;Anoitecer;Crescente;C�u Claro;M�ltipla;"Aclive;Reta";Sim;2;0;2;0;0;0;2;2;-27,601;-48,578;SPRF-SC;DEL01-SC;UOP01-DEL01-SC;;;
702223;03/07/2025;quinta-feira;15:40:00;BA;116;216;EUCLIDES DA CUNHA;Ingest�o de �lcool pelo condutor;Colis�o lateral sentido oposto;Com V�timas Feridas;Pleno dia;Decrescente;C�u Claro;Simples;Reta;Sim;3;0;0;1;2;0;1;2;-10,489268;-39,016395;SPRF-BA;DEL07-BA;UOP03-DEL07-BA;;;
702224;03/07/2025;quinta-feira;16:08:00;DF;20;5;BRASILIA;Aus�ncia de rea��o do condutor;Colis�o traseira;Sem V�timas;Pleno dia;Decrescente;C�u Claro;Simples;Rotat�ria;N�o;2;0;0;0;2;0;0;2;-15,67010715;-47,8162542;SPRF-DF;DEL02-DF;UOP01-DEL02-DF;;;
702228;03/07/2025;quinta-feira;16:45:00;SC;116;220,5;CORREIA PINTO;Desrespeitar a prefer�ncia no cruzamento;Colis�o transversal;Com V�timas Feridas;Pleno dia;Decrescente;C�u Claro;Simples;Rotat�ria;Sim;2;0;1;0;1;0;1;2;-27,59087;-50,36231;SPRF-SC;DEL05-SC;UOP03-DEL05-SC;;;
702229;03/07/2025;quinta-feira;17:45:00;MG;40;611,9;CONGONHAS;Transitar na contram�o;Colis�o frontal;Com V�timas Feridas;Anoitecer;Crescente;C�u Claro;Simples;Reta;Sim;2;0;1;1;0;0;2;2;-20,518653;-43,834431;SPRF-MG;DEL05-MG;UOP02-DEL05-MG;;;
702230;03/07/2025;quinta-feira;15:30:00;SC;116;34,1;ITAIOPOLIS;Rea��o tardia ou ineficiente do condutor;Queda de ocupante de ve�culo;Com V�timas Feridas;Pleno dia;Decrescente;Nublado;Simples;"Interse��o de Vias;Retorno Regulamentado";Sim;2;0;2;0;0;0;2;1;-26,33194152;-49,99769568;SPRF-SC;DEL06-SC;UOP01-DEL06-SC;;;
702231;03/07/2025;quinta-feira;17:00:00;GO;153;499;GOIANIA;Aus�ncia de rea��o do condutor;Colis�o traseira;Com V�timas Feridas;Anoitecer;Crescente;C�u Claro;M�ltipla;Reta;Sim;3;0;2;0;1;0;2;2;-16,690867;-49,232487;SPRF-GO;DEL01-GO;UOP01-DEL01-GO;;;
702234;03/07/2025;quinta-feira;18:40:00;SC;101;215,4;PALHOCA;Manobra de mudan�a de faixa;Colis�o lateral mesmo sentido;Com V�timas Feridas;Plena Noite;Crescente;C�u Claro;M�ltipla;"Curva;Aclive";N�o;2;0;0;1;1;0;1;2;-27,655107;-48,678225;SPRF-SC;DEL01-SC;UOP02-DEL01-SC;;;
702236;20/05/2025;ter�a-feira;06:25:00;RJ;493;0;ITABORAI;Aus�ncia de rea��o do condutor;Atropelamento de Pedestre;Com V�timas Feridas;Pleno dia;Crescente;C�u Claro;Simples;Reta;Sim;3;0;2;0;1;0;2;2;-22,76946726;-42,92251037;SPRF-RJ;DEL02-RJ;UOP02-DEL02-RJ;;;
702238;03/07/2025;quinta-feira;09:30:00;RJ;40;112;DUQUE DE CAXIAS;Rea��o tardia ou ineficiente do condutor;Queda de ocupante de ve�culo;Com V�timas Feridas;Pleno dia;Crescente;Nublado;M�ltipla;Reta;Sim;1;0;1;0;0;0;1;1;-22,70188339;-43,29038656;SPRF-RJ;DEL01-RJ;UOP02-DEL01-RJ;;;
702240;03/07/2025;quinta-feira;18:20:00;GO;153;499;GOIANIA;Condutor deixou de manter dist�ncia do ve�culo da frente;Colis�o traseira;Com V�timas Feridas;Anoitecer;Crescente;C�u Claro;Dupla;Reta;Sim;2;0;1;0;1;0;1;2;-16,69525916;-49,231668;SPRF-GO;DEL01-GO;UOP01-DEL01-GO;;;
702243;03/07/2025;quinta-feira;17:20:00;MG;116;630;DIVINO;Velocidade Incompat�vel;Queda de ocupante de ve�culo;Com V�timas Feridas;Anoitecer;Decrescente;Garoa/Chuvisco;Simples;Curva;N�o;1;0;1;0;0;0;1;1;-20,641316;-42,245067;SPRF-MG;DEL07-MG;UOP02-DEL07-MG;;;
702244;03/07/2025;quinta-feira;18:30:00;PR;376;167;MARINGA;Demais falhas na via;Sa�da de leito carro��vel;Com V�timas Feridas;Plena Noite;Decrescente;Nublado;Dupla;"Reta;Aclive";N�o;1;0;1;0;0;0;1;1;-23,3897;-52,0155;SPRF-PR;DEL09-PR;UOP01-DEL09-PR;;;
702246;03/07/2025;quinta-feira;16:00:00;MA;316;251,6;PINDARE-MIRIM;Rea��o tardia ou ineficiente do condutor;Colis�o traseira;Sem V�timas;Pleno dia;Decrescente;Nublado;Simples;Curva;N�o;2;0;0;0;2;0;0;2;-3,660773;-45,464247;SPRF-MA;DEL02-MA;UOP01-DEL02-MA;;;
702250;03/07/2025;quinta-feira;19:09:00;RN;101;76;NATAL;Acumulo de �gua sobre o pavimento;Colis�o com objeto;Com V�timas Feridas;Plena Noite;Decrescente;Chuva;Dupla;Reta;N�o;2;0;0;2;0;0;2;1;-5,7258986;-35,284186;SPRF-RN;DEL02-RN;UOP01-DEL02-RN;;;
702251;03/07/2025;quinta-feira;19:28:00;GO;20;30,4;FORMOSA;Rea��o tardia ou ineficiente do condutor;Sa�da de leito carro��vel;Com V�timas Feridas;Anoitecer;Decrescente;C�u Claro;Dupla;"Retorno Regulamentado;Reta";Sim;4;0;4;0;0;0;4;1;-15,4977419;-47,1094386;SPRF-DF;DEL02-DF;UOP02-DEL02-DF;;;
702253;09/06/2025;segunda-feira;15:05:00;ES;262;44;MARECHAL FLORIANO;Velocidade Incompat�vel;Sa�da de leito carro��vel;Com V�timas Feridas;Pleno dia;Decrescente;Nublado;Simples;Reta;N�o;2;0;0;2;0;0;2;1;-20,388655;-40,668755;SPRF-ES;DEL01-ES;UOP01-DEL01-ES;;;
702254;03/07/2025;quinta-feira;17:50:00;RS;116;215,4;MORRO REUTER;Desrespeitar a prefer�ncia no cruzamento;Colis�o transversal;Com V�timas Feridas;Anoitecer;Decrescente;C�u Claro;Simples;Curva;Sim;3;0;0;1;1;1;1;3;-29,54182618;-51,0795149;SPRF-RS;DEL05-RS;UOP02-DEL05-RS;;;
702255;03/07/2025;quinta-feira;18:40:00;SP;116;142;SAO JOSE DOS CAMPOS;Demais falhas mec�nicas ou el�tricas;Queda de ocupante de ve�culo;Com V�timas Feridas;Plena Noite;Crescente;Garoa/Chuvisco;Dupla;Reta;N�o;1;0;1;0;0;0;1;1;-23,17401365;-45,82885489;SPRF-SP;DEL02-SP;UOP01-DEL02-SP;;;
702256;03/07/2025;quinta-feira;19:40:00;SP;116;142,8;SAO JOSE DOS CAMPOS;Condutor deixou de manter dist�ncia do ve�culo da frente;Queda de ocupante de ve�culo;Com V�timas Feridas;Plena Noite;Decrescente;Chuva;Dupla;Reta;Sim;2;0;1;0;1;0;1;2;-23,17509265;-45,83105302;SPRF-SP;DEL02-SP;UOP01-DEL02-SP;;;
702257;03/07/2025;quinta-feira;16:30:00;SC;280;28;ARAQUARI;Transitar na contram�o;Colis�o transversal;Sem V�timas;Pleno dia;Crescente;C�u Claro;Simples;Reta;N�o;2;0;0;0;1;1;0;2;-26,408213;-48,750062;SPRF-SC;DEL03-SC;UOP03-DEL03-SC;;;
702258;03/07/2025;quinta-feira;20:30:00;MT;158;546;AGUA BOA;Transitar na contram�o;Colis�o frontal;Com V�timas Feridas;Plena Noite;Crescente;C�u Claro;Simples;Reta;N�o;3;0;2;0;1;0;2;2;-14,09009009;-52,16399338;SPRF-MT;DEL07-MT;UOP02-DEL07-MT;;;
702259;03/07/2025;quinta-feira;18:40:00;SC;282;223;LAGES;Acessar a via sem observar a presen�a dos outros ve�culos;Colis�o transversal;Com V�timas Feridas;Plena Noite;Decrescente;C�u Claro;Simples;"Reta;Declive";N�o;2;0;1;0;1;0;1;2;-27,79945069;-50,36046982;SPRF-SC;DEL05-SC;UOP01-DEL05-SC;;;
702260;03/07/2025;quinta-feira;18:30:00;RN;226;207;FLORANIA;Velocidade Incompat�vel;Capotamento;Com V�timas Feridas;Plena Noite;Decrescente;C�u Claro;Simples;Reta;N�o;1;0;0;1;0;0;1;1;-6,1508895;-36,80522204;SPRF-RN;DEL03-RN;UOP02-DEL03-RN;;;
702261;03/07/2025;quinta-feira;19:50:00;SC;101;215;PALHOCA;Aus�ncia de rea��o do condutor;Atropelamento de Pedestre;Sem V�timas;Plena Noite;Crescente;C�u Claro;M�ltipla;Reta;N�o;2;0;0;0;0;2;0;2;-27,65187586;-48,67601104;SPRF-SC;DEL01-SC;UOP02-DEL01-SC;;;
702263;03/07/2025;quinta-feira;15:30:00;PI;316;124;ELESBAO VELOSO;Aus�ncia de rea��o do condutor;Capotamento;Com V�timas Feridas;Pleno dia;Decrescente;C�u Claro;Simples;Reta;N�o;4;0;3;1;0;0;4;1;-6,11611904;-42,20386508;SPRF-PI;DEL04-PI;UOP02-DEL04-PI;;;
702264;03/07/2025;quinta-feira;19:00:00;PE;232;24,3;MORENO;Manobra de mudan�a de faixa;Colis�o lateral mesmo sentido;Sem V�timas;Plena Noite;Decrescente;Garoa/Chuvisco;Dupla;"Retorno Regulamentado;Reta";N�o;2;0;0;0;1;1;0;2;-8,10775;-35,104327;SPRF-PE;DEL02-PE;UOP02-DEL02PE;;;
702267;03/07/2025;quinta-feira;19:50:00;RS;290;156;ARROIO DOS RATOS;Ultrapassagem Indevida;Colis�o lateral sentido oposto;Com V�timas Feridas;Plena Noite;Crescente;Nublado;Simples;Reta;N�o;3;0;2;0;1;0;2;2;-30,10966879;-51,80736065;SPRF-RS;DEL02-RS;UOP01-DEL02-RS;;;
702268;03/07/2025;quinta-feira;17:15:00;MS;60;425;SIDROLANDIA;Trafegar com motocicleta (ou similar) entre as faixas;Colis�o transversal;Com V�timas Feridas;Plena Noite;Crescente;C�u Claro;Dupla;Reta;Sim;3;0;2;0;1;0;2;3;-20,93417697;-54,96065766;SPRF-MS;DEL01-MS;UOP04-DEL01-MS;;;
702270;03/07/2025;quinta-feira;18:50:00;PI;316;3;TERESINA;Demais falhas mec�nicas ou el�tricas;Inc�ndio;Sem V�timas;Plena Noite;Crescente;Ignorado;Dupla;Reta;Sim;1;0;0;0;1;0;0;1;-5,2679216;-42,7275512;SPRF-PI;DEL01-PI;UOP02-DEL01-PI;;;
702271;03/07/2025;quinta-feira;19:22:00;RO;364;380,2;OURO PRETO DO OESTE;Animais na Pista;Atropelamento de Animal;Com V�timas Feridas;Plena Noite;Decrescente;C�u Claro;Simples;Reta;N�o;2;0;2;0;0;0;2;1;-10,73579;-62,227715;SPRF-RO;DEL02-RO;UOP01-DEL02-RO;;;
702272;03/07/2025;quinta-feira;18:30:00;PI;316;244;INHUMA;Convers�o proibida;Colis�o lateral mesmo sentido;Sem V�timas;Plena Noite;Decrescente;C�u Claro;Simples;Reta;N�o;2;0;0;0;1;1;0;2;-6,66062918;-41,69908843;SPRF-PI;DEL04-PI;UOP02-DEL04-PI;;;
702273;03/07/2025;quinta-feira;20:40:00;SP;116;225;GUARULHOS;Rea��o tardia ou ineficiente do condutor;Colis�o lateral mesmo sentido;Com V�timas Feridas;Plena Noite;Decrescente;Vento;M�ltipla;Reta;Sim;2;0;1;0;1;0;1;2;-23,4904828;-46,54763889;SPRF-SP;DEL01-SP;UOP01-DEL01-SP;;;
702275;03/07/2025;quinta-feira;10:45:00;MS;60;84;PARAISO DAS AGUAS;Aus�ncia de rea��o do condutor;Sa�da de leito carro��vel;Com V�timas Feridas;Pleno dia;Crescente;C�u Claro;Simples;"Declive;Reta";N�o;1;0;1;0;0;0;1;1;-19,211771;-53,103461;SPRF-MS;DEL06-MS;UOP02-DEL06-MS;;;
702277;03/07/2025;quinta-feira;20:00:00;BA;324;624;SALVADOR;Condutor deixou de manter dist�ncia do ve�culo da frente;Colis�o traseira;Sem V�timas;Plena Noite;Decrescente;C�u Claro;Dupla;Reta;Sim;2;0;0;0;1;1;0;2;-12,95951913;-38,4732461;SPRF-BA;DEL01-BA;UOP01-DEL01-BA;;;
702279;03/07/2025;quinta-feira;20:25:00;RJ;101;327;NITEROI;Aus�ncia de rea��o do condutor;Colis�o traseira;Com V�timas Feridas;Plena Noite;Decrescente;Chuva;Dupla;Reta;N�o;6;0;1;0;5;0;1;3;-22,87269563;-43,1546402;SPRF-RJ;DEL02-RJ;UOP01-DEL02-RJ;;;
702280;03/07/2025;quinta-feira;22:21:00;DF;70;7,2;BRASILIA;Rea��o tardia ou ineficiente do condutor;Sa�da de leito carro��vel;Com V�timas Feridas;Plena Noite;Decrescente;C�u Claro;M�ltipla;Reta;Sim;1;0;0;1;0;0;1;1;-15,78721;-48,116544;SPRF-DF;DEL03-DF;UOP02-DEL03-DF;;;
702283;03/07/2025;quinta-feira;17:50:00;SC;101;462,9;PASSO DE TORRES;Desrespeitar a prefer�ncia no cruzamento;Colis�o frontal;Com V�timas Feridas;Anoitecer;Crescente;C�u Claro;Simples;Reta;N�o;2;0;0;1;1;0;1;2;-29,29420258;-49,76469666;SPRF-RS;DEL03-RS;UOP02-DEL03-RS;;;
702284;03/07/2025;quinta-feira;21:45:00;PB;230;10;CABEDELO;Acostamento em desn�vel;Tombamento;Com V�timas Feridas;Plena Noite;Decrescente;Garoa/Chuvisco;M�ltipla;"Reta;Desvio Tempor�rio;Em Obras";Sim;2;0;1;0;0;1;1;1;-7,0594772;-34,8512428;SPRF-PB;DEL01-PB;UOP01-DEL01-PB;;;
702286;03/07/2025;quinta-feira;11:00:00;PI;316;1;TERESINA;Aus�ncia de rea��o do condutor;Colis�o traseira;Sem V�timas;Pleno dia;Crescente;C�u Claro;Simples;"Ponte;Reta";Sim;2;0;0;0;0;2;0;2;-5,13018385;-42,81157494;SPRF-PI;DEL01-PI;UOP02-DEL01-PI;;;
702287;03/07/2025;quinta-feira;19:40:00;RS;153;381,1;NOVO CABRAIS;Transitar na contram�o;Colis�o frontal;Com V�timas Fatais;Plena Noite;Crescente;C�u Claro;Simples;Reta;N�o;4;1;2;0;1;0;2;2;-29,80281582;-52,97195435;SPRF-RS;DEL02-RS;UOP03-DEL02-RS;;;
702288;03/07/2025;quinta-feira;16:30:00;MG;116;577;MANHUACU;Chuva;Queda de ocupante de ve�culo;Com V�timas Feridas;Pleno dia;Decrescente;Chuva;Simples;"Declive;Curva";N�o;2;0;2;0;0;0;2;1;-20,161295;-42,189066;SPRF-MG;DEL06-MG;UOP03-DEL06-MG;;;
702289;03/07/2025;quinta-feira;22:40:00;RJ;101;476;ANGRA DOS REIS;Acessar a via sem observar a presen�a dos outros ve�culos;Colis�o transversal;Sem V�timas;Plena Noite;Crescente;Garoa/Chuvisco;Simples;Reta;N�o;2;0;0;0;2;0;0;2;-22,99877259;-44,26465631;SPRF-RJ;DEL03-RJ;UOP03-DEL03-RJ;;;