id;data_inversa;dia_semana;horario;uf;br;km;municipio;causa_acidente;tipo_acidente;classificacao_acidente;fase_dia;sentido_via;condicao_metereologica;tipo_pista;tracado_via;uso_solo;pessoas;mortos;feridos_leves;feridos_graves;ilesos;ignorados;feridos;veiculos;latitude;longitude;regional;delegacia;uop;;;
702290;03/07/2025;quinta-feira;18:40:00;MG;262;43,1;MANHUACU;Ultrapassagem Indevida;Colis�o frontal;Com V�timas Feridas;Amanhecer;Decrescente;Chuva;Simples;Reta;N�o;3;0;1;1;1;0;2;2;-20,26014;-42,09079;SPRF-MG;DEL06-MG;UOP03-DEL06-MG;;;
702291;03/07/2025;quinta-feira;22:00:00;MG;50;191;UBERABA;Condutor deixou de manter dist�ncia do ve�culo da frente;Colis�o traseira;Sem V�timas;Plena Noite;Crescente;C�u Claro;Dupla;"Reta;Aclive";N�o;5;0;0;0;5;0;0;2;-19,882633;-47,852432;SPRF-MG;DEL13-MG;UOP01-DEL13-MG;;;
702292;03/07/2025;quinta-feira;21:30:00;RJ;101;409,8;ITAGUAI;Rea��o tardia ou ineficiente do condutor;Atropelamento de Pedestre;Com V�timas Feridas;Plena Noite;Decrescente;Garoa/Chuvisco;Dupla;Reta;Sim;2;0;1;0;1;0;1;2;-22,891791;-43,842134;SPRF-RJ;DEL03-RJ;UOP01-DEL03-RJ;;;
702293;03/07/2025;quinta-feira;19:30:00;MS;262;675,7;CORUMBA;Animais na Pista;Sa�da de leito carro��vel;Com V�timas Feridas;Plena Noite;Crescente;C�u Claro;Simples;Reta;N�o;4;0;2;0;2;0;2;1;-19,585896;-57,150559;SPRF-MS;DEL03-MS;UOP03-DEL03-MS;;;
702297;03/07/2025;quinta-feira;23:30:00;PR;476;149;ARAUCARIA;Rea��o tardia ou ineficiente do condutor;Capotamento;Com V�timas Feridas;Plena Noite;Decrescente;Garoa/Chuvisco;Dupla;Reta;Sim;1;0;1;0;0;0;1;1;-25,55806259;-49,35671747;SPRF-PR;DEL01-PR;UOP06-DEL01-PR;;;
702298;03/07/2025;quinta-feira;22:45:00;PR;376;632;SAO JOSE DOS PINHAIS;Ingest�o de �lcool pelo condutor;Colis�o traseira;Sem V�timas;Plena Noite;Decrescente;Garoa/Chuvisco;Dupla;Reta;N�o;2;0;0;0;2;0;0;2;-25,7370584;-49,131779;SPRF-PR;DEL01-PR;UOP04-DEL01-PR;;;
702300;04/07/2025;sexta-feira;00:05:00;PR;376;214;MANDAGUARI;Transitar na contram�o;Colis�o frontal;Com V�timas Feridas;Plena Noite;Decrescente;C�u Claro;Dupla;"Aclive;Reta";N�o;2;0;0;2;0;0;2;2;-23,567717;-51,654671;SPRF-PR;DEL09-PR;UOP01-DEL09-PR;;;
702301;04/07/2025;sexta-feira;01:00:00;CE;20;306;CANINDE;Ingest�o de �lcool pelo condutor;Tombamento;Com V�timas Feridas;Plena Noite;Crescente;C�u Claro;Simples;Reta;Sim;1;0;1;0;0;0;1;1;-4,364852;-39,302424;SPRF-CE;DEL02-CE;UOP01-DEL02-CE;;;
702303;04/07/2025;sexta-feira;01:00:00;SC;282;3,3;FLORIANOPOLIS;Ingest�o de �lcool pelo condutor;Colis�o com objeto;Com V�timas Feridas;Plena Noite;Decrescente;Nublado;M�ltipla;Reta;N�o;1;0;1;0;0;0;1;1;-27,59762;-48,600748;SPRF-SC;DEL01-SC;UOP01-DEL01-SC;;;
702305;04/07/2025;sexta-feira;02:00:00;SP;459;14;PIQUETE;Condutor deixou de manter dist�ncia do ve�culo da frente;Colis�o traseira;Sem V�timas;Plena Noite;Crescente;Chuva;Simples;Rotat�ria;Sim;2;0;0;0;2;0;0;2;-22,61618032;-45,17226474;SPRF-SP;DEL08-SP;UOP02-DEL08-SP;;;
702306;04/07/2025;sexta-feira;00:30:00;CE;116;5;FORTALEZA;Participar de racha;Colis�o traseira;Com V�timas Fatais;Plena Noite;Decrescente;C�u Claro;M�ltipla;Reta;N�o;2;1;0;0;0;1;0;2;-3,7928189;-38,5079911;SPRF-CE;DEL01-CE;UOP02-DEL01-CE;;;
702307;04/07/2025;sexta-feira;00:05:00;SC;282;275;SAO JOSE DO CERRITO;Demais falhas mec�nicas ou el�tricas;Inc�ndio;Sem V�timas;Plena Noite;Decrescente;C�u Claro;M�ltipla;Curva;N�o;1;0;0;0;0;1;0;1;-27,6055;-50,72485;SPRF-SC;DEL05-SC;UOP02-DEL05-SC;;;
702308;04/07/2025;sexta-feira;02:00:00;PB;101;84;BAYEUX;Aus�ncia de rea��o do condutor;Sa�da de leito carro��vel;Sem V�timas;Plena Noite;Crescente;C�u Claro;Dupla;Reta;Sim;2;0;0;0;2;0;0;1;-7,1383006;-34,92457983;SPRF-PB;DEL01-PB;UOP01-DEL01-PB;;;
702309;04/07/2025;sexta-feira;01:35:00;RO;364;343,1;JI-PARANA;Condutor desrespeitou a ilumina��o vermelha do sem�foro;Colis�o transversal;Com V�timas Feridas;Plena Noite;Decrescente;C�u Claro;Dupla;Interse��o de Vias;Sim;3;0;1;1;0;1;2;2;-10,877718;-61,946938;SPRF-RO;DEL02-RO;UOP01-DEL02-RO;;;
702310;04/07/2025;sexta-feira;03:15:00;PR;376;593,2;CURITIBA;Aus�ncia de rea��o do condutor;Colis�o traseira;Sem V�timas;Plena Noite;Crescente;Garoa/Chuvisco;Dupla;"Reta;Desvio Tempor�rio";N�o;2;0;0;0;1;1;0;2;-25,44767521;-49,36381698;SPRF-PR;DEL01-PR;UOP06-DEL01-PR;;;
702313;04/07/2025;sexta-feira;05:00:00;GO;60;101;ANAPOLIS;Aus�ncia de rea��o do condutor;Sa�da de leito carro��vel;Com V�timas Feridas;Amanhecer;Crescente;C�u Claro;Dupla;"Retorno Regulamentado;Reta";Sim;1;0;1;0;0;0;1;1;-16,4045689;-48,9802772;SPRF-GO;DEL02-GO;UOP01-DEL02-GO;;;
702314;04/07/2025;sexta-feira;03:37:00;PI;343;0;TERESINA;Desrespeitar a prefer�ncia no cruzamento;Colis�o transversal;Sem V�timas;Plena Noite;Decrescente;C�u Claro;Dupla;"Interse��o de Vias;Rotat�ria";Sim;3;0;0;0;2;1;0;2;-5,07873;-42,74989;SPRF-PI;DEL01-PI;UOP01-DEL01-PI;;;
702316;04/07/2025;sexta-feira;05:00:00;SC;101;204;SAO JOSE;Rea��o tardia ou ineficiente do condutor;Colis�o traseira;Com V�timas Feridas;Amanhecer;Crescente;Garoa/Chuvisco;M�ltipla;Reta;Sim;6;0;1;0;2;3;1;2;-27,5795775;-48,614175;SPRF-SC;DEL01-SC;UOP01-DEL01-SC;;;
702318;04/07/2025;sexta-feira;06:15:00;SC;282;5,5;SAO JOSE;Pista Escorregadia;Tombamento;Com V�timas Feridas;Amanhecer;Crescente;Garoa/Chuvisco;M�ltipla;Curva;N�o;1;0;0;1;0;0;1;1;-27,58545;-48,617702;SPRF-SC;DEL01-SC;UOP01-DEL01-SC;;;
702319;04/07/2025;sexta-feira;04:52:00;SC;282;1,9;FLORIANOPOLIS;Ingest�o de �lcool pelo condutor;Capotamento;Sem V�timas;Pleno dia;Crescente;Nublado;M�ltipla;Reta;Sim;2;0;0;0;1;1;0;2;-27,60320748;-48,58945783;SPRF-SC;DEL01-SC;UOP01-DEL01-SC;;;
702320;03/07/2025;quinta-feira;21:35:00;SC;101;330;TUBARAO;Aus�ncia de rea��o do condutor;Sa�da de leito carro��vel;Sem V�timas;Plena Noite;Decrescente;Nublado;Simples;Reta;N�o;1;0;0;0;1;0;0;1;-28,45841667;-48,98616878;SPRF-SC;DEL02-SC;UOP01-DEL02-SC;;;
702321;04/07/2025;sexta-feira;06:20:00;RS;448;22;PORTO ALEGRE;Ingest�o de �lcool pelo condutor;Colis�o com objeto;Sem V�timas;Plena Noite;Decrescente;Nevoeiro/Neblina;Simples;"Curva;Aclive;Viaduto";Sim;1;0;0;0;0;1;0;1;-29,97418821;-51,19757501;SPRF-RS;DEL01-RS;UOP01-DEL01-RS;;;
702322;04/07/2025;sexta-feira;06:00:00;PR;277;190,5;PALMEIRA;Animais na Pista;Atropelamento de Animal;Com V�timas Feridas;Amanhecer;Decrescente;Nevoeiro/Neblina;Simples;Reta;N�o;3;0;2;0;1;0;2;1;-25,43149311;-50,15499115;SPRF-PR;DEL08-PR;UOP02-DEL08-PR;;;
702324;04/07/2025;sexta-feira;07:01:00;PR;277;730;FOZ DO IGUACU;Pedestre cruzava a pista fora da faixa;Atropelamento de Pedestre;Com V�timas Feridas;Amanhecer;Decrescente;C�u Claro;Dupla;"Aclive;Reta";Sim;2;0;1;1;0;0;2;2;-25,50937676;-54,5938227;SPRF-PR;DEL05-PR;UOP03-DEL05-PR;;;
702325;04/07/2025;sexta-feira;06:15:00;TO;153;617,8;ALIANCA DO TOCANTINS;Aus�ncia de rea��o do condutor;Colis�o traseira;Com V�timas Feridas;Amanhecer;Crescente;C�u Claro;Simples;Reta;N�o;3;0;0;1;2;0;1;2;-11,254;-48,936;SPRF-TO;DEL01-TO;UOP02-DEL01-TO;;;
702326;04/07/2025;sexta-feira;07:00:00;RN;304;29,7;MOSSORO;Acessar a via sem observar a presen�a dos outros ve�culos;Colis�o transversal;Com V�timas Feridas;Pleno dia;Crescente;C�u Claro;Simples;"Reta;Aclive;Interse��o de Vias";Sim;2;0;0;1;1;0;1;2;-5,115028;-37,340634;SPRF-RN;DEL04-RN;UOP02-DEL04-RN;;;
702327;04/07/2025;sexta-feira;07:00:00;GO;20;127;VILA BOA;Ultrapassagem Indevida;Colis�o frontal;Com V�timas Feridas;Pleno dia;Crescente;C�u Claro;Simples;Reta;N�o;3;0;1;0;2;0;1;2;-15,04415037;-47,063241;SPRF-DF;DEL02-DF;UOP03-DEL02-DF;;;
702328;04/07/2025;sexta-feira;04:00:00;SC;282;456,7;PONTE SERRADA;Demais falhas mec�nicas ou el�tricas;Inc�ndio;Sem V�timas;Plena Noite;Decrescente;C�u Claro;Simples;Reta;N�o;1;0;0;0;1;0;0;1;-26,885752;-52,004669;SPRF-SC;DEL07-SC;UOP04-DEL07-SC;;;
702329;04/07/2025;sexta-feira;07:30:00;PR;116;122;FAZENDA RIO GRANDE;Trafegar com motocicleta (ou similar) entre as faixas;Tombamento;Com V�timas Feridas;Pleno dia;Decrescente;C�u Claro;Dupla;Reta;Sim;1;0;1;0;0;0;1;1;-25,71662951;-49,31846112;SPRF-PR;DEL01-PR;UOP03-DEL01-PR;;;
702330;04/07/2025;sexta-feira;06:30:00;PR;369;158;CAMBE;Condutor deixou de manter dist�ncia do ve�culo da frente;Colis�o traseira;Com V�timas Feridas;Amanhecer;Crescente;Nublado;Dupla;"Reta;Interse��o de Vias";Sim;2;0;1;0;1;0;1;2;-23,28529657;-51,23437643;SPRF-PR;DEL07-PR;UOP01-DEL07-PR;;;
702331;04/07/2025;sexta-feira;07:30:00;DF;40;0,5;BRASILIA;Condutor deixou de manter dist�ncia do ve�culo da frente;Tombamento;Com V�timas Feridas;Pleno dia;Decrescente;C�u Claro;Dupla;Reta;Sim;1;0;0;1;0;0;1;1;-15,982771;-47,98796781;SPRF-DF;DEL01-DF;UOP01-DEL01-DF;;;
702332;04/07/2025;sexta-feira;07:15:00;SP;116;223;GUARULHOS;Acumulo de areia ou detritos sobre o pavimento;Colis�o com objeto;Com V�timas Feridas;Pleno dia;Decrescente;C�u Claro;M�ltipla;"Em Obras;Reta";N�o;1;0;1;0;0;0;1;1;-23,48021238;-46,53353282;SPRF-SP;DEL01-SP;UOP01-DEL01-SP;;;
702334;04/07/2025;sexta-feira;06:55:00;SC;470;54,3;BLUMENAU;Acessar a via sem observar a presen�a dos outros ve�culos;Colis�o traseira;Com V�timas Feridas;Pleno dia;Crescente;Nublado;Simples;"Interse��o de Vias;Rotat�ria";Sim;2;0;1;0;1;0;1;2;-26,87325039;-49,1143534;SPRF-SC;DEL04-SC;UOP01-DEL04-SC;;;
702336;03/07/2025;quinta-feira;14:50:00;MS;262;299,6;CAMPO GRANDE;Demais falhas mec�nicas ou el�tricas;Tombamento;Com V�timas Feridas;Pleno dia;Crescente;C�u Claro;Simples;"Reta;Aclive";N�o;2;0;0;1;1;0;1;1;-20,4999527;-54,2932869;SPRF-MS;DEL01-MS;UOP05-DEL01-MS;;;
702337;04/07/2025;sexta-feira;02:00:00;RJ;116;145;DUQUE DE CAXIAS;Rea��o tardia ou ineficiente do condutor;Colis�o traseira;Com V�timas Feridas;Plena Noite;Crescente;Garoa/Chuvisco;Dupla;Reta;Sim;3;0;1;1;1;0;2;2;-22,66718935;-43,26503489;SPRF-RJ;DEL01-RJ;UOP02-DEL01-RJ;;;
702339;04/07/2025;sexta-feira;06:40:00;MS;163;473;CAMPO GRANDE;Acessar a via sem observar a presen�a dos outros ve�culos;Colis�o transversal;Com V�timas Feridas;Pleno dia;Crescente;C�u Claro;Simples;"Reta;Declive";Sim;3;0;2;0;1;0;2;2;-20,5336004;-54,56444621;SPRF-MS;DEL01-MS;UOP01-DEL01-MS;;;
702340;04/07/2025;sexta-feira;07:10:00;PB;101;89;JOAO PESSOA;Demais falhas mec�nicas ou el�tricas;Queda de ocupante de ve�culo;Com V�timas Feridas;Pleno dia;Decrescente;C�u Claro;Dupla;Reta;Sim;1;0;1;0;0;0;1;1;-7,178354;-34,89953;SPRF-PB;DEL01-PB;UOP01-DEL01-PB;;;
702341;04/07/2025;sexta-feira;07:15:00;GO;70;7;AGUAS LINDAS DE GOIAS;Manobra de mudan�a de faixa;Colis�o traseira;Com V�timas Feridas;Pleno dia;Decrescente;Sol;M�ltipla;"Declive;Reta";Sim;3;0;1;0;2;0;1;2;-15,739058;-48,27211666;SPRF-DF;DEL03-DF;UOP02-DEL03-DF;;;
702344;04/07/2025;sexta-feira;07:00:00;RS;472;175,4;SANTA ROSA;Desrespeitar a prefer�ncia no cruzamento;Colis�o transversal;Com V�timas Feridas;Amanhecer;Decrescente;C�u Claro;Simples;"Interse��o de Vias;Curva";Sim;6;0;4;2;0;0;6;2;-27,853725;-54,517888;SPRF-RS;DEL10-RS;UOP01-DEL10-RS;;;
702346;04/07/2025;sexta-feira;09:00:00;ES;101;393;RIO NOVO DO SUL;Acessar a via sem observar a presen�a dos outros ve�culos;Atropelamento de Pedestre;Com V�timas Feridas;Pleno dia;Decrescente;Nublado;Simples;Reta;N�o;2;0;1;0;1;0;1;2;-20,86697748;-40,90376794;SPRF-ES;DEL03-ES;UOP02-DEL03-ES;;;
702347;04/07/2025;sexta-feira;07:00:00;PR;376;6,7;MANDAGUARI;Acessar a via sem observar a presen�a dos outros ve�culos;Colis�o transversal;Com V�timas Feridas;Pleno dia;Decrescente;C�u Claro;Simples;Interse��o de Vias;Sim;2;0;0;1;1;0;1;2;-23,53614017;-51,6719505;SPRF-PR;DEL09-PR;UOP01-DEL09-PR;;;
702351;04/07/2025;sexta-feira;07:00:00;SC;163;103,9;SAO JOSE DO CEDRO;Acessar a via sem observar a presen�a dos outros ve�culos;Colis�o transversal;Com V�timas Feridas;Amanhecer;Crescente;C�u Claro;Dupla;"Curva;Interse��o de Vias";Sim;2;0;1;0;1;0;1;2;-26,45265045;-53,51054192;SPRF-SC;DEL07-SC;UOP03-DEL07-SC;;;
702352;04/07/2025;sexta-feira;08:30:00;SC;282;4,7;SAO JOSE;Trafegar com motocicleta (ou similar) entre as faixas;Colis�o traseira;Com V�timas Feridas;Pleno dia;Decrescente;Garoa/Chuvisco;M�ltipla;"Aclive;Reta";Sim;2;0;0;1;1;0;1;2;-27,59124531;-48,60732906;SPRF-SC;DEL01-SC;UOP01-DEL01-SC;;;
702353;04/07/2025;sexta-feira;01:15:00;RS;290;399;SANTA MARGARIDA DO SUL;Aus�ncia de rea��o do condutor;Sa�da de leito carro��vel;Com V�timas Feridas;Plena Noite;Decrescente;C�u Claro;Simples;Reta;N�o;1;0;1;0;0;0;1;1;-30,352603;-54,141193;SPRF-RS;DEL09-RS;UOP02-DEL09-RS;;;
702355;04/07/2025;sexta-feira;06:35:00;AC;364;125;RIO BRANCO;Acesso irregular;Colis�o transversal;Com V�timas Feridas;Pleno dia;Crescente;C�u Claro;Dupla;Rotat�ria;N�o;2;0;1;1;0;0;2;2;-10,01285758;-67,80885167;SPRF-AC;DEL01-AC;UOP01-DEL01-AC;;;
702357;04/07/2025;sexta-feira;05:30:00;MS;267;5,2;BATAGUASSU;Transitar na contram�o;Colis�o frontal;Sem V�timas;Amanhecer;Decrescente;C�u Claro;Simples;Reta;N�o;3;0;0;0;2;1;0;2;-21,749349;-52,194045;SPRF-MS;DEL02-MS;UOP04-DEL02-MS;;;
702359;04/07/2025;sexta-feira;08:40:00;DF;40;6;BRASILIA;Pedestre cruzava a pista fora da faixa;Atropelamento de Pedestre;Com V�timas Feridas;Pleno dia;Decrescente;C�u Claro;Dupla;Reta;N�o;3;0;0;2;1;0;2;3;-16,0301366;-47,9785725;SPRF-DF;DEL01-DF;UOP01-DEL01-DF;;;
702360;04/07/2025;sexta-feira;09:15:00;SP;116;227;GUARULHOS;Acessar a via sem observar a presen�a dos outros ve�culos;Colis�o lateral mesmo sentido;Com V�timas Feridas;Pleno dia;Crescente;Nublado;M�ltipla;"Desvio Tempor�rio;Em Obras;Declive;Reta";Sim;2;0;1;0;1;0;1;2;-23,49582335;-46,55623376;SPRF-SP;DEL01-SP;UOP01-DEL01-SP;;;
702361;04/07/2025;sexta-feira;10:10:00;MG;153;189,5;FRUTAL;Rea��o tardia ou ineficiente do condutor;Colis�o frontal;Com V�timas Feridas;Pleno dia;Decrescente;C�u Claro;Simples;Reta;N�o;2;0;2;0;0;0;2;2;-19,881289;-48,975104;SPRF-MG;DEL13-MG;UOP02-DEL13-MG;;;
702362;04/07/2025;sexta-feira;06:00:00;MT;364;344;SANTO ANTONIO DO LEVERGER;Aus�ncia de rea��o do condutor;Queda de ocupante de ve�culo;Sem V�timas;Pleno dia;Crescente;Nublado;Dupla;Reta;N�o;1;0;0;0;1;0;0;1;-15,80383766;-55,54401469;SPRF-MT;DEL05-MT;UOP02-DEL05-MT;;;
702363;04/07/2025;sexta-feira;08:20:00;SC;101;100,8;BALNEARIO PICARRAS;Acessar a via sem observar a presen�a dos outros ve�culos;Colis�o transversal;Com V�timas Feridas;Pleno dia;Crescente;Nublado;Simples;"Reta;Interse��o de Vias";Sim;2;0;1;0;1;0;1;2;-26,76410454;-48,68669478;SPRF-SC;DEL03-SC;UOP02-DEL03-SC;;;
702366;04/07/2025;sexta-feira;09:30:00;PA;230;611;VITORIA DO XINGU;Aus�ncia de rea��o do condutor;Colis�o traseira;Com V�timas Feridas;Pleno dia;Decrescente;C�u Claro;Simples;Reta;Sim;2;0;0;1;1;0;1;2;-3,17125916;-52,06264392;SPRF-PA;DEL04-PA;UOP01-DEL04-PA;;;
702368;24/06/2025;ter�a-feira;10:20:00;BA;101;217;MURITIBA;Ultrapassagem Indevida;Colis�o frontal;Com V�timas Feridas;Pleno dia;Decrescente;Sol;Simples;"Curva;Declive";N�o;3;0;2;0;1;0;2;2;-12,6432472;-39,1010882;SPRF-BA;DEL01-BA;UOP02-DEL01-BA;;;
702370;04/07/2025;sexta-feira;01:30:00;GO;153;634;PIRACANJUBA;Aus�ncia de rea��o do condutor;Sa�da de leito carro��vel;Sem V�timas;Plena Noite;Crescente;C�u Claro;Dupla;"Declive;Reta";N�o;1;0;0;0;0;1;0;1;-17,49155;-49,12436;SPRF-GO;DEL03-GO;UOP01-DEL03-GO;;;
702371;04/07/2025;sexta-feira;09:50:00;RJ;101;318;SAO GONCALO;Rea��o tardia ou ineficiente do condutor;Queda de ocupante de ve�culo;Com V�timas Feridas;Pleno dia;Decrescente;C�u Claro;Dupla;Reta;Sim;1;0;1;0;0;0;1;1;-22,84506971;-43,09808288;SPRF-RJ;DEL02-RJ;UOP02-DEL02-RJ;;;
702374;04/07/2025;sexta-feira;09:00:00;RJ;101;46;CAMPOS DOS GOYTACAZES;Rea��o tardia ou ineficiente do condutor;Colis�o transversal;Com V�timas Feridas;Pleno dia;Decrescente;Nublado;Simples;Reta;N�o;2;0;1;0;0;1;1;2;-21,60104762;-41,31680198;SPRF-RJ;DEL08-RJ;UOP01-DEL08-RJ;;;
702376;04/07/2025;sexta-feira;09:30:00;BA;116;521;ITATIM;Acessar a via sem observar a presen�a dos outros ve�culos;Colis�o transversal;Com V�timas Feridas;Pleno dia;Decrescente;C�u Claro;Simples;"Interse��o de Vias;Reta;Rotat�ria";Sim;2;0;0;1;0;1;1;2;-12,70835131;-39,72542954;SPRF-BA;DEL03-BA;UOP02-DEL03-BA;;;
702378;04/07/2025;sexta-feira;11:10:00;SP;116;139;SAO JOSE DOS CAMPOS;Trafegar com motocicleta (ou similar) entre as faixas;Colis�o lateral mesmo sentido;Com V�timas Feridas;Pleno dia;Decrescente;C�u Claro;Simples;Reta;Sim;1;0;0;1;0;0;1;1;-23,16221508;-45,80543367;SPRF-SP;DEL02-SP;UOP01-DEL02-SP;;;
702380;11/06/2025;quarta-feira;14:00:00;PI;343;13;PARNAIBA;Acessar a via sem observar a presen�a dos outros ve�culos;Colis�o lateral mesmo sentido;Sem V�timas;Pleno dia;Crescente;C�u Claro;Dupla;Reta;Sim;3;0;0;0;3;0;0;2;-2,92332571;-41,75428033;SPRF-PI;DEL05-PI;UOP01-DEL05-PI;;;
702381;04/07/2025;sexta-feira;09:15:00;AL;316;140,5;ESTRELA DE ALAGOAS;Ingest�o de �lcool pelo condutor;Colis�o com objeto;Com V�timas Feridas;Pleno dia;Decrescente;Nublado;Simples;Reta;Sim;1;0;0;1;0;0;1;1;-9,391438;-36,752752;SPRF-AL;DEL03-AL;UOP01-DEL03-AL;;;
702382;04/07/2025;sexta-feira;09:00:00;BA;116;790;VITORIA DA CONQUISTA;Condutor deixou de manter dist�ncia do ve�culo da frente;Colis�o traseira;Com V�timas Feridas;Pleno dia;Decrescente;C�u Claro;Simples;"Aclive;Reta";N�o;2;0;1;0;1;0;1;2;-14,70293;-40,587642;SPRF-BA;DEL08-BA;UOP02-DEL08-BA;;;
702383;04/07/2025;sexta-feira;07:45:00;MG;116;702;MURIAE;Desrespeitar a prefer�ncia no cruzamento;Colis�o transversal;Com V�timas Feridas;Pleno dia;Decrescente;C�u Claro;Simples;"Reta;Interse��o de Vias";Sim;3;0;2;0;1;0;2;2;-21,12121424;-42,37988949;SPRF-MG;DEL07-MG;UOP02-DEL07-MG;;;
702386;04/07/2025;sexta-feira;11:30:00;BA;20;134;SAO DESIDERIO;Demais falhas mec�nicas ou el�tricas;Sa�da de leito carro��vel;Com V�timas Feridas;Pleno dia;Crescente;C�u Claro;Simples;Reta;N�o;3;0;3;0;0;0;3;1;-12,80028;-45,953772;SPRF-BA;DEL10-BA;UOP01-DEL10-BA;;;
702387;04/07/2025;sexta-feira;11:20:00;PR;116;180;CAMPO DO TENENTE;Rea��o tardia ou ineficiente do condutor;Tombamento;Com V�timas Feridas;Pleno dia;Crescente;Nublado;Simples;Curva;N�o;1;0;1;0;0;0;1;1;-25,916;-49,607;SPRF-PR;DEL01-PR;UOP03-DEL01-PR;;;
702388;04/07/2025;sexta-feira;12:20:00;RS;116;263;CANOAS;Aus�ncia de rea��o do condutor;Colis�o traseira;Com V�timas Feridas;Pleno dia;Decrescente;C�u Claro;Simples;Reta;N�o;3;0;2;0;1;0;2;2;-29,90421638;-51,17644919;SPRF-RS;DEL01-RS;UOP01-DEL01-RS;;;
702390;04/07/2025;sexta-feira;08:46:00;RO;364;725;PORTO VELHO;Ingest�o de �lcool pelo condutor;Colis�o traseira;Com V�timas Feridas;Pleno dia;Decrescente;C�u Claro;Simples;Reta;N�o;2;0;1;0;1;0;1;2;-8,85193428;-63,94083738;SPRF-RO;DEL01-RO;UOP01-DEL01-RO;;;
702391;04/07/2025;sexta-feira;10:50:00;MG;381;527,6;BRUMADINHO;Aus�ncia de rea��o do condutor;Colis�o traseira;Sem V�timas;Pleno dia;Decrescente;C�u Claro;Dupla;Curva;N�o;2;0;0;0;2;0;0;2;-20,164662;-44,330974;SPRF-MG;DEL04-MG;UOP03-DEL04-MG;;;
702394;13/04/2025;domingo;10:50:00;BA;407;1;JUAZEIRO;Afundamento ou ondula��o no pavimento;Queda de ocupante de ve�culo;Com V�timas Feridas;Pleno dia;Crescente;Ignorado;Simples;Reta;N�o;1;0;1;0;0;0;1;1;-9,41967084;-40,507375;SPRF-PE;DEL06-PE;UOP01-DEL06-PE;;;
702395;04/07/2025;sexta-feira;12:30:00;PE;428;189;PETROLINA;Entrada inopinada do pedestre;Atropelamento de Pedestre;Com V�timas Feridas;Pleno dia;Decrescente;C�u Claro;Dupla;Reta;Sim;2;0;0;1;1;0;1;2;-9,3774847;-40,50132296;SPRF-PE;DEL06-PE;UOP01-DEL06-PE;;;
702396;04/07/2025;sexta-feira;11:10:00;MG;262;447;NOVA SERRANA;Desrespeitar a prefer�ncia no cruzamento;Colis�o transversal;Com V�timas Feridas;Pleno dia;Crescente;C�u Claro;Simples;"Reta;Interse��o de Vias";Sim;2;0;0;1;1;0;1;2;-19,8608047;-45,0052052;SPRF-MG;DEL08-MG;UOP03-DEL08-MG;;;
702397;04/07/2025;sexta-feira;12:00:00;GO;153;681,7;PANAMA;Animais na Pista;Sa�da de leito carro��vel;Com V�timas Feridas;Pleno dia;Crescente;C�u Claro;Dupla;"Declive;Reta";N�o;1;0;1;0;0;0;1;1;-18,2167;-49,2705;SPRF-GO;DEL03-GO;UOP02-DEL03-GO;;;
702398;04/07/2025;sexta-feira;07:00:00;MG;262;400;PARA DE MINAS;Aus�ncia de rea��o do condutor;Sa�da de leito carro��vel;Com V�timas Feridas;Pleno dia;Crescente;C�u Claro;Dupla;"Declive;Reta";N�o;1;0;1;0;0;0;1;1;-19,88743;-44,64103;SPRF-MG;DEL01-MG;UOP03-DEL01-MG;;;
702399;04/07/2025;sexta-feira;12:15:00;GO;40;22;LUZIANIA;Acumulo de �leo sobre o pavimento;Queda de ocupante de ve�culo;Com V�timas Feridas;Pleno dia;Crescente;C�u Claro;Dupla;"Reta;Interse��o de Vias";Sim;1;0;1;0;0;0;1;1;-16,24414638;-47,90749937;SPRF-DF;DEL01-DF;UOP01-DEL01-DF;;;
702400;04/07/2025;sexta-feira;13:10:00;MG;381;356;JOAO MONLEVADE;Velocidade Incompat�vel;Capotamento;Com V�timas Feridas;Pleno dia;Crescente;Garoa/Chuvisco;Simples;"Declive;Curva";N�o;2;0;1;0;1;0;1;1;-19,8499713;-43,151044;SPRF-MG;DEL03-MG;UOP01-DEL03-MG;;;
702402;04/07/2025;sexta-feira;13:09:00;RJ;101;331;RIO DE JANEIRO;Aus�ncia de rea��o do condutor;Colis�o traseira;Com V�timas Feridas;Pleno dia;Decrescente;C�u Claro;M�ltipla;Reta;Sim;2;0;1;0;1;0;1;2;-22,86826698;-43,19309235;SPRF-RJ;DEL02-RJ;UOP01-DEL02-RJ;;;
702403;04/07/2025;sexta-feira;10:40:00;RJ;40;104;DUQUE DE CAXIAS;Avarias e/ou desgaste excessivo no pneu;Engavetamento;Com V�timas Feridas;Pleno dia;Crescente;C�u Claro;M�ltipla;"Aclive;Reta";Sim;3;0;1;0;2;0;1;3;-22,63528294;-43,28510284;SPRF-RJ;DEL01-RJ;UOP02-DEL01-RJ;;;
702404;04/07/2025;sexta-feira;12:35:00;PR;153;34,1;SANTO ANTONIO DA PLATINA;Rea��o tardia ou ineficiente do condutor;Sa�da de leito carro��vel;Com V�timas Feridas;Pleno dia;Crescente;C�u Claro;Simples;Curva;N�o;2;0;2;0;0;0;2;1;-23,24138554;-50,03808975;SPRF-PR;DEL07-PR;UOP04-DEL07-PR;;;