id;data_inversa;dia_semana;horario;uf;br;km;municipio;causa_acidente;tipo_acidente;classificacao_acidente;fase_dia;sentido_via;condicao_metereologica;tipo_pista;tracado_via;uso_solo;pessoas;mortos;feridos_leves;feridos_graves;ilesos;ignorados;feridos;veiculos;latitude;longitude;regional;delegacia;uop;;;
702405;04/07/2025;sexta-feira;13:00:00;MG;381;562;ITAGUARA;Acessar a via sem observar a presen�a dos outros ve�culos;Colis�o frontal;Com V�timas Feridas;Pleno dia;Decrescente;Sol;Dupla;Curva;Sim;2;0;1;0;1;0;1;2;-20,3831718;-44,4821852;SPRF-MG;DEL04-MG;UOP03-DEL04-MG;;;
702406;04/07/2025;sexta-feira;11:50:00;ES;259;61,9;COLATINA;Acesso irregular;Queda de ocupante de ve�culo;Com V�timas Feridas;Pleno dia;Crescente;Nublado;Simples;Reta;Sim;2;0;2;0;0;0;2;1;-19,53007358;-40,69202758;SPRF-ES;DEL02-ES;UOP01-DEL02-ES;;;
702409;04/07/2025;sexta-feira;13:05:00;PE;104;68;CARUARU;Condutor deixou de manter dist�ncia do ve�culo da frente;Colis�o traseira;Com V�timas Feridas;Pleno dia;Crescente;C�u Claro;Dupla;"Viaduto;Reta";Sim;2;0;0;1;1;0;1;2;-8,30097189;-35,98875976;SPRF-PE;DEL02-PE;UOP01-DEL02-PE;;;
702410;04/07/2025;sexta-feira;13:20:00;PR;277;687;SAO MIGUEL DO IGUACU;Acessar a via sem observar a presen�a dos outros ve�culos;Colis�o transversal;Com V�timas Fatais;Pleno dia;Crescente;Sol;Dupla;"Reta;Interse��o de Vias";Sim;3;1;0;1;1;0;1;2;-25,3447493;-54,2317423;SPRF-PR;DEL05-PR;UOP01-DEL05-PR;;;
702411;04/07/2025;sexta-feira;01:45:00;PR;277;396;CANDOI;Rea��o tardia ou ineficiente do condutor;Sa�da de leito carro��vel;Com V�timas Feridas;Plena Noite;Decrescente;C�u Claro;Simples;Reta;N�o;1;0;1;0;0;0;1;1;-25,45610754;-51,9479084;SPRF-PR;DEL08-PR;UOP01-DEL08-PR;;;
702412;04/07/2025;sexta-feira;13:53:00;RS;116;267;CANOAS;Condutor deixou de manter dist�ncia do ve�culo da frente;Colis�o traseira;Com V�timas Feridas;Pleno dia;Crescente;C�u Claro;Dupla;Reta;Sim;2;0;1;0;1;0;1;2;-29,93976287;-51,17727757;SPRF-RS;DEL01-RS;UOP01-DEL01-RS;;;
702415;04/07/2025;sexta-feira;13:05:00;RS;153;50,6;ERECHIM;Rea��o tardia ou ineficiente do condutor;Colis�o traseira;Com V�timas Feridas;Pleno dia;Crescente;Sol;Simples;Interse��o de Vias;Sim;2;0;1;0;1;0;1;2;-27,65635708;-52,27684949;SPRF-RS;DEL08-RS;UOP04-DEL08-RS;;;
702416;04/07/2025;sexta-feira;14:40:00;SC;101;206;SAO JOSE;Rea��o tardia ou ineficiente do condutor;Tombamento;Com V�timas Feridas;Pleno dia;Crescente;C�u Claro;M�ltipla;Reta;Sim;1;0;1;0;0;0;1;1;-27,59293012;-48,61836433;SPRF-SC;DEL01-SC;UOP01-DEL01-SC;;;
702417;04/07/2025;sexta-feira;14:00:00;SC;101;138;BALNEARIO CAMBORIU;Trafegar com motocicleta (ou similar) entre as faixas;Colis�o lateral mesmo sentido;Com V�timas Feridas;Pleno dia;Decrescente;C�u Claro;Dupla;Curva;Sim;2;0;1;0;1;0;1;2;-27,03065952;-48,60685229;SPRF-SC;DEL04-SC;UOP03-DEL04-SC;;;
702418;04/07/2025;sexta-feira;14:50:00;SC;101;202,5;SAO JOSE;Condutor deixou de manter dist�ncia do ve�culo da frente;Queda de ocupante de ve�culo;Com V�timas Feridas;Pleno dia;Crescente;C�u Claro;M�ltipla;Reta;Sim;1;0;1;0;0;0;1;1;-27,56217947;-48,61630289;SPRF-SC;DEL01-SC;UOP01-DEL01-SC;;;
702419;04/07/2025;sexta-feira;13:05:00;MT;364;340;SANTO ANTONIO DO LEVERGER;Aus�ncia de rea��o do condutor;Sa�da de leito carro��vel;Com V�timas Feridas;Pleno dia;Crescente;C�u Claro;Dupla;"Aclive;Curva";N�o;1;0;0;1;0;0;1;1;-15,820244;-55,517598;SPRF-MT;DEL05-MT;UOP02-DEL05-MT;;;
702420;04/07/2025;sexta-feira;14:56:00;PE;101;43;IGARASSU;Rea��o tardia ou ineficiente do condutor;Colis�o traseira;Com V�timas Feridas;Pleno dia;Crescente;C�u Claro;M�ltipla;Reta;Sim;2;0;1;0;1;0;1;2;-7,8495729;-34,9097667;SPRF-PE;DEL01-PE;UOP02-DEL01-PE;;;
702422;04/07/2025;sexta-feira;11:00:00;MG;153;9;ARAPORA;Aus�ncia de rea��o do condutor;Colis�o traseira;Sem V�timas;Pleno dia;Crescente;C�u Claro;Dupla;"Reta;Retorno Regulamentado";N�o;2;0;0;0;0;2;0;2;-18,498354;-49,189003;SPRF-MG;DEL15-MG;UOP03-DEL15-MG;;;
702424;04/07/2025;sexta-feira;15:20:00;PI;343;10,2;PARNAIBA;Acessar a via sem observar a presen�a dos outros ve�culos;Colis�o transversal;Com V�timas Feridas;Pleno dia;Crescente;C�u Claro;Simples;Reta;Sim;2;0;0;1;1;0;1;2;-2,90296727;-41,74804688;SPRF-PI;DEL05-PI;UOP01-DEL05-PI;;;
702425;04/07/2025;sexta-feira;14:46:00;AM;230;611,9;HUMAITA;Velocidade Incompat�vel;Tombamento;Com V�timas Feridas;Pleno dia;Crescente;C�u Claro;Simples;Reta;Sim;1;0;1;0;0;0;1;1;-7,50592321;-63,02997563;SPRF-AM;DEL02-AM;UOP01-DEL02-AM;;;
702426;04/07/2025;sexta-feira;12:30:00;MS;60;410,1;SIDROLANDIA;Velocidade Incompat�vel;Sa�da de leito carro��vel;Sem V�timas;Pleno dia;Crescente;C�u Claro;Simples;Reta;N�o;1;0;0;0;0;1;0;1;-20,88554789;-54,8325491;SPRF-MS;DEL01-MS;UOP04-DEL01-MS;;;
702427;04/07/2025;sexta-feira;15:50:00;RS;116;246;SAO LEOPOLDO;Acesso irregular;Atropelamento de Pedestre;Com V�timas Feridas;Pleno dia;Decrescente;C�u Claro;Dupla;Reta;Sim;3;0;0;1;1;1;1;2;-29,75676759;-51,1516571;SPRF-RS;DEL01-RS;UOP02-DEL01-RS;;;
702428;04/07/2025;sexta-feira;15:00:00;SC;101;330;TUBARAO;Condutor deixou de manter dist�ncia do ve�culo da frente;Tombamento;Com V�timas Feridas;Pleno dia;Decrescente;C�u Claro;Dupla;Reta;N�o;1;0;0;1;0;0;1;1;-28,45381401;-48,97692053;SPRF-SC;DEL02-SC;UOP01-DEL02-SC;;;
702429;30/03/2025;domingo;18:00:00;MS;163;465,3;CAMPO GRANDE;Ingest�o de �lcool pelo condutor;Sa�da de leito carro��vel;Com V�timas Feridas;Plena Noite;Crescente;Chuva;Simples;Interse��o de Vias;Sim;2;0;1;0;1;0;1;2;-20,59255;-54,58108;SPRF-MS;DEL01-MS;UOP01-DEL01-MS;;;
702431;04/07/2025;sexta-feira;15:10:00;RO;364;191;PIMENTA BUENO;Condutor Dormindo;Colis�o traseira;Com V�timas Feridas;Pleno dia;Decrescente;C�u Claro;Simples;Reta;N�o;2;0;1;0;0;1;1;2;-11,715635;-61,152573;SPRF-RO;DEL02-RO;UOP02-DEL02-RO;;;
702432;04/07/2025;sexta-feira;16:00:00;RS;285;460,1;IJUI;Condutor deixou de manter dist�ncia do ve�culo da frente;Colis�o traseira;Com V�timas Feridas;Pleno dia;Decrescente;C�u Claro;Simples;"Reta;Em Obras";Sim;3;0;1;0;2;0;1;2;-28,41703617;-53,91351549;SPRF-RS;DEL10-RS;UOP01-DEL10-RS;;;
702434;04/07/2025;sexta-feira;15:20:00;RJ;101;87;CAMPOS DOS GOYTACAZES;Acumulo de �gua sobre o pavimento;Sa�da de leito carro��vel;Com V�timas Feridas;Pleno dia;Decrescente;Chuva;Dupla;Reta;N�o;1;0;1;0;0;0;1;1;-21,8497024;-41,418752;SPRF-RJ;DEL08-RJ;UOP02-DEL08-RJ;;;
702435;04/07/2025;sexta-feira;16:00:00;ES;101;256;SERRA;Transitar no Acostamento;Queda de ocupante de ve�culo;Com V�timas Feridas;Pleno dia;Decrescente;C�u Claro;Simples;Reta;Sim;1;0;1;0;0;0;1;1;-20,04886866;-40,38653706;SPRF-ES;DEL02-ES;UOP01-DEL02-ES;;;
702437;04/07/2025;sexta-feira;16:10:00;PR;277;75;SAO JOSE DOS PINHAIS;Demais falhas mec�nicas ou el�tricas;Queda de ocupante de ve�culo;Com V�timas Feridas;Pleno dia;Decrescente;Nublado;Dupla;Reta;N�o;2;0;1;0;1;0;1;1;-25,492192;-49,171698;SPRF-PR;DEL01-PR;UOP07-DEL01-PR;;;
702439;04/07/2025;sexta-feira;12:00:00;PR;116;26;ANTONINA;Chuva;Queda de ocupante de ve�culo;Com V�timas Feridas;Pleno dia;Crescente;Nublado;Dupla;Reta;N�o;1;0;1;0;0;0;1;1;-25,11227844;-48,75026464;SPRF-PR;DEL01-PR;UOP02-DEL01-PR;;;
702441;04/07/2025;sexta-feira;12:00:00;MT;70;3;BARRA DO GARCAS;Transitar no Acostamento;Colis�o lateral mesmo sentido;Com V�timas Feridas;Pleno dia;Decrescente;C�u Claro;Dupla;Aclive;N�o;2;0;0;1;1;0;1;2;-15,883094;-52,274807;SPRF-MT;DEL07-MT;UOP01-DEL07-MT;;;
702443;04/07/2025;sexta-feira;15:20:00;GO;20;53;FORMOSA;Transitar na contram�o;Colis�o frontal;Com V�timas Fatais;Pleno dia;Crescente;C�u Claro;Simples;Curva;N�o;10;4;2;3;0;1;5;3;-15,298245;-47,148276;SPRF-DF;DEL02-DF;UOP02-DEL02-DF;;;
702444;04/07/2025;sexta-feira;16:50:00;DF;40;1,1;BRASILIA;Manobra de mudan�a de faixa;Colis�o lateral mesmo sentido;Com V�timas Feridas;Pleno dia;Crescente;C�u Claro;Dupla;Reta;Sim;3;0;2;0;1;0;2;2;-15,98886;-47,98709;SPRF-DF;DEL01-DF;UOP01-DEL01-DF;;;
702446;04/07/2025;sexta-feira;16:46:00;RJ;101;328;RIO DE JANEIRO;Trafegar com motocicleta (ou similar) entre as faixas;Colis�o transversal;Com V�timas Feridas;Anoitecer;Decrescente;C�u Claro;M�ltipla;Reta;N�o;2;0;1;0;1;0;1;2;-22,87356729;-43,13565827;SPRF-RJ;DEL02-RJ;UOP01-DEL02-RJ;;;
702451;04/07/2025;sexta-feira;17:50:00;SP;116;142,6;SAO JOSE DOS CAMPOS;Trafegar com motocicleta (ou similar) entre as faixas;Colis�o lateral mesmo sentido;Com V�timas Feridas;Anoitecer;Crescente;C�u Claro;M�ltipla;Reta;N�o;2;0;1;0;1;0;1;2;-23,1760311;-45,8287245;SPRF-SP;DEL02-SP;UOP01-DEL02-SP;;;
702452;04/07/2025;sexta-feira;16:00:00;RJ;116;177;SAO JOAO DE MERITI;Trafegar com motocicleta (ou similar) entre as faixas;Colis�o traseira;Com V�timas Feridas;Pleno dia;Decrescente;C�u Claro;Dupla;Reta;N�o;3;0;2;0;0;1;2;2;-22,77853398;-43,39650504;SPRF-RJ;DEL06-RJ;UOP01-DEL06-RJ;;;
702453;04/07/2025;sexta-feira;16:20:00;RS;116;654,9;JAGUARAO;Acessar a via sem observar a presen�a dos outros ve�culos;Colis�o frontal;Com V�timas Feridas;Pleno dia;Crescente;C�u Claro;Simples;Interse��o de Vias;Sim;2;0;1;0;1;0;1;2;-32,55482076;-53,38668672;SPRF-RS;DEL07-RS;UOP03-DEL07-RS;;;
702454;04/07/2025;sexta-feira;17:30:00;ES;262;93;DOMINGOS MARTINS;Desrespeitar a prefer�ncia no cruzamento;Colis�o transversal;Com V�timas Feridas;Anoitecer;Crescente;C�u Claro;Simples;Reta;Sim;4;0;2;2;0;0;4;2;-20,37668185;-41,05403829;SPRF-ES;DEL01-ES;UOP02-DEL01-ES;;;
702455;04/07/2025;sexta-feira;16:10:00;SC;101;96,8;BALNEARIO PICARRAS;Aus�ncia de rea��o do condutor;Sa�da de leito carro��vel;Com V�timas Feridas;Pleno dia;Decrescente;Nublado;Dupla;Curva;Sim;2;0;1;0;0;1;1;1;-26,72822389;-48,70211212;SPRF-SC;DEL03-SC;UOP02-DEL03-SC;;;
702457;04/07/2025;sexta-feira;17:30:00;MG;40;421,6;CURVELO;Acessar a via sem observar a presen�a dos outros ve�culos;Colis�o transversal;Com V�timas Feridas;Anoitecer;Crescente;C�u Claro;Simples;Reta;N�o;6;0;2;1;3;0;3;2;-19,153697;-44,548958;SPRF-MG;DEL02-MG;UOP01-DEL02-MG;;;
702458;04/07/2025;sexta-feira;16:45:00;GO;40;4;VALPARAISO DE GOIAS;Rea��o tardia ou ineficiente do condutor;Colis�o lateral mesmo sentido;Com V�timas Feridas;Pleno dia;Crescente;C�u Claro;Dupla;Reta;Sim;3;0;1;0;2;0;1;3;-16,09337;-47,98218;SPRF-DF;DEL01-DF;UOP01-DEL01-DF;;;
702461;04/07/2025;sexta-feira;17:40:00;RS;290;92;PORTO ALEGRE;Manobra de mudan�a de faixa;Colis�o lateral mesmo sentido;Com V�timas Feridas;Anoitecer;Decrescente;Nublado;Dupla;"Reta;Viaduto";Sim;3;0;1;0;0;2;1;3;-29,97190189;-51,17700784;SPRF-RS;DEL01-RS;UOP01-DEL01-RS;;;
702462;04/07/2025;sexta-feira;16:45:00;RS;386;270,5;FONTOURA XAVIER;Desrespeitar a prefer�ncia no cruzamento;Colis�o transversal;Com V�timas Feridas;Anoitecer;Decrescente;C�u Claro;Simples;"Reta;Interse��o de Vias";Sim;8;0;5;1;2;0;6;2;-28,97819941;-52,36783354;SPRF-RS;DEL04-RS;UOP03-DEL04-RS;;;
702463;04/07/2025;sexta-feira;17:00:00;MS;163;260;DOURADOS;Aus�ncia de rea��o do condutor;Colis�o traseira;Com V�timas Feridas;Anoitecer;Decrescente;Nublado;Dupla;Reta;Sim;3;0;1;2;0;0;3;2;-22,24195513;-54,76985756;SPRF-MS;DEL04-MS;UOP01-DEL04-MS;;;
702465;04/07/2025;sexta-feira;17:30:00;SC;470;144;RIO DO SUL;Acessar a via sem observar a presen�a dos outros ve�culos;Colis�o transversal;Com V�timas Feridas;Pleno dia;Crescente;Nublado;Simples;Reta;N�o;2;0;0;1;1;0;1;2;-27,22987752;-49,66927236;SPRF-SC;DEL04-SC;UOP02-DEL04-SC;;;
702467;04/07/2025;sexta-feira;14:10:00;MA;226;0,1;TIMON;Acumulo de areia ou detritos sobre o pavimento;Queda de ocupante de ve�culo;Com V�timas Feridas;Pleno dia;Crescente;C�u Claro;Simples;"Reta;Em Obras";Sim;2;0;1;1;0;0;2;1;-5,131111;-42,815133;SPRF-MA;DEL03-MA;UOP02-DEL03-MA;;;
702468;04/07/2025;sexta-feira;18:00:00;PE;232;76;GRAVATA;Aus�ncia de sinaliza��o;Colis�o frontal;Com V�timas Feridas;Plena Noite;Decrescente;C�u Claro;Simples;Reta;Sim;2;0;1;0;1;0;1;2;-8,19348;-35,54458;SPRF-PE;DEL02-PE;UOP02-DEL02PE;;;
702469;04/07/2025;sexta-feira;17:30:00;MS;163;484;CAMPO GRANDE;Aus�ncia de rea��o do condutor;Colis�o transversal;Com V�timas Feridas;Plena Noite;Decrescente;C�u Claro;Simples;"Reta;Interse��o de Vias";Sim;2;0;1;0;1;0;1;2;-20,44756755;-54,54075036;SPRF-MS;DEL01-MS;UOP02-DEL01-MS;;;
702470;04/07/2025;sexta-feira;17:10:00;MG;381;478;CONTAGEM;Rea��o tardia ou ineficiente do condutor;Colis�o traseira;Com V�timas Feridas;Anoitecer;Decrescente;C�u Claro;Dupla;"Declive;Curva";Sim;2;0;1;0;1;0;1;2;-19,96393964;-44,04712614;SPRF-MG;DEL01-MG;UOP03-DEL01-MG;;;
702471;04/07/2025;sexta-feira;17:13:00;MG;381;520;IGARAPE;Aus�ncia de rea��o do condutor;Colis�o com objeto;Com V�timas Feridas;Anoitecer;Decrescente;C�u Claro;Dupla;Curva;N�o;4;0;2;0;2;0;2;1;-20,11284474;-44,30851203;SPRF-MG;DEL01-MG;UOP03-DEL01-MG;;;
702472;04/07/2025;sexta-feira;18:30:00;SC;101;211,4;SAO JOSE;Velocidade Incompat�vel;Engavetamento;Com V�timas Feridas;Pleno dia;Decrescente;Chuva;M�ltipla;Reta;Sim;5;0;1;1;3;0;2;5;-27,62222441;-48,6508821;SPRF-SC;DEL01-SC;UOP02-DEL01-SC;;;
702473;04/07/2025;sexta-feira;18:20:00;SC;101;206;SAO JOSE;Rea��o tardia ou ineficiente do condutor;Colis�o traseira;Com V�timas Feridas;Plena Noite;Crescente;C�u Claro;M�ltipla;Reta;N�o;3;0;1;0;2;0;1;2;-27,59043;-48,617744;SPRF-SC;DEL01-SC;UOP01-DEL01-SC;;;
702474;04/07/2025;sexta-feira;18:15:00;GO;40;2;VALPARAISO DE GOIAS;Manobra de mudan�a de faixa;Colis�o lateral mesmo sentido;Com V�timas Feridas;Plena Noite;Decrescente;C�u Claro;Dupla;Reta;Sim;4;0;2;0;2;0;2;3;-16,069765;-47,984907;SPRF-DF;DEL01-DF;UOP01-DEL01-DF;;;
702475;04/07/2025;sexta-feira;18:40:00;AL;101;188,4;JUNQUEIRO;Transitar na contram�o;Colis�o transversal;Com V�timas Feridas;Anoitecer;Crescente;C�u Claro;Simples;Interse��o de Vias;Sim;3;0;1;0;2;0;1;2;-9,91768719;-36,47421777;SPRF-AL;DEL02-AL;UOP02-DEL02-AL;;;
702476;04/07/2025;sexta-feira;19:00:00;MG;153;228;FRONTEIRA;Velocidade Incompat�vel;Tombamento;Com V�timas Feridas;Plena Noite;Decrescente;C�u Claro;Simples;Reta;N�o;1;0;0;1;0;0;1;1;-20,147686;-49,111192;SPRF-MG;DEL13-MG;UOP02-DEL13-MG;;;
702478;04/07/2025;sexta-feira;18:15:00;RS;116;239,3;NOVO HAMBURGO;Rea��o tardia ou ineficiente do condutor;Colis�o traseira;Com V�timas Feridas;Plena Noite;Crescente;C�u Claro;Dupla;"Reta;Aclive";Sim;2;0;1;0;1;0;1;2;-29,69554616;-51,14450097;SPRF-RS;DEL01-RS;UOP02-DEL01-RS;;;
702479;19/01/2025;domingo;21:10:00;BA;116;779;PLANALTO;Acesso irregular;Colis�o transversal;Com V�timas Feridas;Plena Noite;Crescente;C�u Claro;Simples;Reta;Sim;2;0;2;0;0;0;2;2;-14,62420805;-40,44735388;SPRF-BA;DEL08-BA;UOP02-DEL08-BA;;;
702480;22/06/2025;domingo;13:15:00;MG;381;501;BETIM;Rea��o tardia ou ineficiente do condutor;Engavetamento;Com V�timas Feridas;Pleno dia;Decrescente;C�u Claro;Dupla;"Reta;Aclive";N�o;14;0;3;0;10;1;3;9;-20,01532716;-44,22219023;SPRF-MG;DEL01-MG;UOP03-DEL01-MG;;;
702482;04/07/2025;sexta-feira;18:25:00;MT;163;830;SINOP;Ultrapassagem Indevida;Colis�o lateral sentido oposto;Sem V�timas;Plena Noite;Crescente;C�u Claro;Simples;Viaduto;Sim;2;0;0;0;2;0;0;2;-11,89912537;-55,50510261;SPRF-MT;DEL06-MT;UOP02-DEL06-MT;;;
702483;04/07/2025;sexta-feira;19:00:00;PA;230;116;MARABA;Desrespeitar a prefer�ncia no cruzamento;Colis�o transversal;Com V�timas Feridas;Plena Noite;Crescente;C�u Claro;Dupla;Interse��o de Vias;Sim;2;0;1;1;0;0;2;2;-5,35434029;-49,09248982;SPRF-PA;DEL03-PA;UOP01-DEL03-PA;;;
702484;04/07/2025;sexta-feira;18:30:00;PR;116;38,8;CAMPINA GRANDE DO SUL;Velocidade Incompat�vel;Capotamento;Com V�timas Fatais;Plena Noite;Decrescente;Chuva;Dupla;Curva;N�o;1;1;0;0;0;0;0;1;-25,151925;-48,859565;SPRF-PR;DEL01-PR;UOP02-DEL01-PR;;;
702486;04/07/2025;sexta-feira;18:50:00;SC;280;129,7;RIO NEGRINHO;Acessar a via sem observar a presen�a dos outros ve�culos;Colis�o transversal;Com V�timas Feridas;Plena Noite;Decrescente;Nublado;Simples;Interse��o de Vias;Sim;3;0;1;0;2;0;1;2;-26,2514309;-49,5269553;SPRF-SC;DEL06-SC;UOP03-DEL06-SC;;;
702487;04/07/2025;sexta-feira;19:50:00;RN;405;1;MOSSORO;Aus�ncia de rea��o do condutor;Queda de ocupante de ve�culo;Com V�timas Feridas;Plena Noite;Crescente;C�u Claro;Dupla;Reta;Sim;2;0;1;0;0;1;1;1;-5,192227;-37,367363;SPRF-RN;DEL04-RN;UOP02-DEL04-RN;;;
702488;04/07/2025;sexta-feira;19:50:00;ES;101;92;JAGUARE;Ultrapassagem Indevida;Colis�o frontal;Com V�timas Feridas;Plena Noite;Crescente;C�u Claro;Simples;Reta;N�o;4;0;0;1;3;0;1;3;-18,919268;-39,966487;SPRF-ES;DEL04-ES;UOP02-DEL04-ES;;;
702489;04/07/2025;sexta-feira;19:05:00;AL;316;116,2;CACIMBINHAS;Animais na Pista;Atropelamento de Animal;Com V�timas Feridas;Plena Noite;Decrescente;C�u Claro;Simples;Reta;N�o;2;0;1;0;1;0;1;1;-9,40171;-36,973643;SPRF-AL;DEL03-AL;UOP01-DEL03-AL;;;
702491;04/07/2025;sexta-feira;19:40:00;GO;70;4,5;AGUAS LINDAS DE GOIAS;Entrada inopinada do pedestre;Atropelamento de Pedestre;Com V�timas Feridas;Plena Noite;Crescente;C�u Claro;Dupla;Reta;Sim;2;0;1;0;1;0;1;2;-15,751843;-48,260187;SPRF-DF;DEL03-DF;UOP02-DEL03-DF;;;
702492;04/07/2025;sexta-feira;18:20:00;MT;163;831;SINOP;Acesso irregular;Colis�o transversal;Com V�timas Feridas;Plena Noite;Crescente;C�u Claro;Simples;"Em Obras;Reta";N�o;3;0;2;0;1;0;2;2;-11,895052;-55,5040941;SPRF-MT;DEL06-MT;UOP02-DEL06-MT;;;
702496;04/07/2025;sexta-feira;18:35:00;RJ;101;101;ITABORAI;Condutor deixou de manter dist�ncia do ve�culo da frente;Tombamento;Com V�timas Feridas;Pleno dia;Decrescente;C�u Claro;Dupla;Reta;Sim;2;0;1;0;1;0;1;2;-22,7690589;-42,91843414;SPRF-RJ;DEL08-RJ;UOP02-DEL08-RJ;;;
702497;04/07/2025;sexta-feira;20:20:00;ES;101;179;ARACRUZ;Rea��o tardia ou ineficiente do condutor;Tombamento;Com V�timas Feridas;Plena Noite;Crescente;C�u Claro;Simples;Reta;N�o;1;0;1;0;0;0;1;1;-19,61908732;-40,21724431;SPRF-ES;DEL04-ES;UOP01-DEL04-ES;;;
702498;04/07/2025;sexta-feira;20:22:00;SP;116;226;GUARULHOS;Trafegar com motocicleta (ou similar) entre as faixas;Tombamento;Com V�timas Feridas;Plena Noite;Decrescente;Nublado;M�ltipla;Reta;Sim;1;0;1;0;0;0;1;1;-23,490439;-46,54703;SPRF-SP;DEL01-SP;UOP01-DEL01-SP;;;
702499;04/07/2025;sexta-feira;20:00:00;SP;116;228,5;SAO PAULO;Manobra de mudan�a de faixa;Colis�o traseira;Com V�timas Fatais;Plena Noite;Decrescente;Nublado;M�ltipla;"Reta;Em Obras";Sim;3;1;0;0;2;0;0;2;-23,510136;-46,573327;SPRF-SP;DEL01-SP;UOP01-DEL01-SP;;;
702500;04/07/2025;sexta-feira;19:20:00;RJ;101;315;SAO GONCALO;Rea��o tardia ou ineficiente do condutor;Colis�o traseira;Com V�timas Feridas;Plena Noite;Crescente;C�u Claro;Dupla;Reta;Sim;3;0;2;0;1;0;2;2;-22,82220566;-43,08405059;SPRF-RJ;DEL02-RJ;UOP02-DEL02-RJ;;;
702501;04/07/2025;sexta-feira;17:00:00;MG;40;174;JOAO PINHEIRO;Acessar a via sem observar a presen�a dos outros ve�culos;Colis�o lateral mesmo sentido;Com V�timas Feridas;Pleno dia;Crescente;C�u Claro;Simples;Reta;N�o;2;0;1;0;1;0;1;2;-17,81887683;-46,13246083;SPRF-MG;DEL14-MG;UOP02-DEL14-MG;;;
702502;04/07/2025;sexta-feira;20:30:00;RJ;101;320;NITEROI;Rea��o tardia ou ineficiente do condutor;Colis�o traseira;Com V�timas Feridas;Plena Noite;Decrescente;C�u Claro;Simples;Reta;Sim;2;0;1;0;0;1;1;2;-22,86186098;-43,10726166;SPRF-RJ;DEL02-RJ;UOP01-DEL02-RJ;;;
702503;04/07/2025;sexta-feira;18:40:00;PB;230;357;PATOS;Condutor deixou de manter dist�ncia do ve�culo da frente;Engavetamento;Sem V�timas;Plena Noite;Crescente;C�u Claro;Simples;Reta;N�o;5;0;0;0;5;0;0;3;-6,917825;-37,455897;SPRF-PB;DEL03-PB;UOP02-DEL03-PB;;;
702504;04/07/2025;sexta-feira;20:45:00;DF;40;2,2;BRASILIA;Rea��o tardia ou ineficiente do condutor;Engavetamento;Sem V�timas;Plena Noite;Crescente;C�u Claro;Dupla;Reta;N�o;4;0;0;0;4;0;0;4;-16,0013858;-47,9844101;SPRF-DF;DEL01-DF;UOP01-DEL01-DF;;;
702505;04/07/2025;sexta-feira;21:00:00;GO;60;99,4;ANAPOLIS;Condutor deixou de manter dist�ncia do ve�culo da frente;Colis�o traseira;Com V�timas Feridas;Plena Noite;Decrescente;C�u Claro;Dupla;"Viaduto;Rotat�ria";Sim;3;0;2;0;1;0;2;2;-16,3960556;-48,9626667;SPRF-GO;DEL02-GO;UOP01-DEL02-GO;;;
702508;04/07/2025;sexta-feira;19:40:00;SP;101;46;UBATUBA;Pedestre andava na pista;Atropelamento de Pedestre;Com V�timas Feridas;Plena Noite;Crescente;C�u Claro;Simples;"Reta;Ponte";Sim;3;0;3;0;0;0;3;2;-23,43100274;-45,08346961;SPRF-SP;DEL06-SP;UOP01-DEL06-SP;;;
702509;04/07/2025;sexta-feira;19:00:00;SP;116;167;JACAREI;Velocidade Incompat�vel;Sa�da de leito carro��vel;Com V�timas Fatais;Plena Noite;Decrescente;Nublado;Simples;Reta;Sim;1;1;0;0;0;0;0;1;-23,30203964;-46,0238421;SPRF-SP;DEL02-SP;UOP01-DEL02-SP;;;
702510;04/07/2025;sexta-feira;21:09:00;MG;381;490;BETIM;Rea��o tardia ou ineficiente do condutor;Atropelamento de Pedestre;Com V�timas Feridas;Pleno dia;Crescente;C�u Claro;Dupla;Curva;N�o;2;0;1;0;1;0;1;2;-19,95570622;-44,14553622;SPRF-MG;DEL01-MG;UOP03-DEL01-MG;;;
702511;04/07/2025;sexta-feira;21:15:00;MG;40;816,6;SIMAO PEREIRA;Ingest�o de �lcool pelo condutor;Colis�o traseira;Com V�timas Feridas;Plena Noite;Decrescente;Nublado;Dupla;Reta;N�o;3;0;1;1;1;0;2;2;-21,92792793;-43,31374154;SPRF-MG;DEL05-MG;UOP01-DEL05-MG;;;
702512;04/07/2025;sexta-feira;20:10:00;DF;20;23;BRASILIA;Acessar a via sem observar a presen�a dos outros ve�culos;Colis�o traseira;Sem V�timas;Plena Noite;Crescente;C�u Claro;Dupla;Reta;Sim;4;0;0;0;4;0;0;2;-15,59795951;-47,67466575;SPRF-DF;DEL02-DF;UOP01-DEL02-DF;;;
702513;04/07/2025;sexta-feira;20:30:00;PR;116;65;CAMPINA GRANDE DO SUL;Chuva;Colis�o com objeto;Com V�timas Feridas;Plena Noite;Crescente;Chuva;Dupla;Curva;N�o;3;0;1;0;2;0;1;1;-25,31013918;-49,00975454;SPRF-PR;DEL01-PR;UOP02-DEL01-PR;;;