id;data_inversa;dia_semana;horario;uf;br;km;municipio;causa_acidente;tipo_acidente;classificacao_acidente;fase_dia;sentido_via;condicao_metereologica;tipo_pista;tracado_via;uso_solo;pessoas;mortos;feridos_leves;feridos_graves;ilesos;ignorados;feridos;veiculos;latitude;longitude;regional;delegacia;uop;;;
702514;04/07/2025;sexta-feira;19:00:00;RO;364;345;JI-PARANA;Acesso irregular;Colis�o traseira;Com V�timas Feridas;Plena Noite;Decrescente;C�u Claro;Dupla;"Curva;Interse��o de Vias";Sim;2;0;1;0;1;0;1;2;-10,86754679;-61,96593457;SPRF-RO;DEL02-RO;UOP01-DEL02-RO;;;
702515;04/07/2025;sexta-feira;20:30:00;PR;373;176,2;PONTA GROSSA;Trafegar com motocicleta (ou similar) entre as faixas;Engavetamento;Com V�timas Feridas;Plena Noite;Decrescente;C�u Claro;Simples;Reta;Sim;3;0;0;2;1;0;2;3;-25,05899275;-50,22144643;SPRF-PR;DEL03-PR;UOP01-DEL03-PR;;;
702516;04/07/2025;sexta-feira;20:30:00;PR;376;178,2;MARINGA;Acessar a via sem observar a presen�a dos outros ve�culos;Colis�o transversal;Com V�timas Feridas;Plena Noite;Crescente;Nublado;M�ltipla;"Reta;Interse��o de Vias";Sim;2;0;0;1;1;0;1;2;-23,417456;-51,918428;SPRF-PR;DEL09-PR;UOP01-DEL09-PR;;;
702517;04/07/2025;sexta-feira;17:35:00;RO;364;342,3;JI-PARANA;Condutor deixou de manter dist�ncia do ve�culo da frente;Engavetamento;Com V�timas Feridas;Pleno dia;Decrescente;C�u Claro;Dupla;Reta;Sim;5;0;0;1;3;1;1;5;-10,882365;-61,939841;SPRF-RO;DEL02-RO;UOP01-DEL02-RO;;;
702518;04/07/2025;sexta-feira;21:00:00;PE;232;46,3;VITORIA DE SANTO ANTAO;Animais na Pista;Colis�o com objeto;Com V�timas Feridas;Plena Noite;Crescente;C�u Claro;Dupla;Reta;Sim;2;0;0;2;0;0;2;1;-8,13344;-35,29452;SPRF-PE;DEL02-PE;UOP02-DEL02PE;;;
702520;04/07/2025;sexta-feira;18:30:00;RJ;101;484;ANGRA DOS REIS;Demais falhas mec�nicas ou el�tricas;Colis�o transversal;Com V�timas Feridas;Plena Noite;Crescente;Nublado;Simples;Reta;N�o;2;0;1;0;1;0;1;2;-22,987948;-44,302872;SPRF-RJ;DEL03-RJ;UOP03-DEL03-RJ;;;
702521;04/07/2025;sexta-feira;18:00:00;RO;364;342;JI-PARANA;Trafegar com motocicleta (ou similar) entre as faixas;Colis�o traseira;Com V�timas Feridas;Anoitecer;Crescente;C�u Claro;Dupla;Reta;Sim;3;0;1;0;2;0;1;2;-10,88180304;-61,9405288;SPRF-RO;DEL02-RO;UOP01-DEL02-RO;;;
702522;04/07/2025;sexta-feira;21:30:00;GO;60;206;GUAPO;Rea��o tardia ou ineficiente do condutor;Sa�da de leito carro��vel;Sem V�timas;Plena Noite;Decrescente;C�u Claro;Dupla;Reta;N�o;1;0;0;0;1;0;0;1;-16,92110818;-49,66278434;SPRF-GO;DEL01-GO;UOP02-DEL01-GO;;;
702523;04/07/2025;sexta-feira;19:30:00;RR;401;5;CANTA;Transitar no Acostamento;Colis�o traseira;Com V�timas Feridas;Plena Noite;Crescente;Ignorado;Dupla;Reta;N�o;2;0;1;0;1;0;1;2;2,79521147;-60,63800812;SPRF-RR;DEL01-RR;UOP01-DEL01-RR;;;
702524;04/07/2025;sexta-feira;21:40:00;GO;60;384;RIO VERDE;Ingest�o de �lcool pelo condutor;Colis�o traseira;Com V�timas Feridas;Plena Noite;Decrescente;C�u Claro;Dupla;"Reta;Aclive";Sim;2;0;1;0;1;0;1;2;-17,804157;-50,921317;SPRF-GO;DEL04-GO;UOP02-DEL04-GO;;;
702525;04/07/2025;sexta-feira;21:55:00;PE;232;126;CARUARU;Rea��o tardia ou ineficiente do condutor;Capotamento;Com V�timas Feridas;Plena Noite;Decrescente;C�u Claro;Dupla;Reta;N�o;1;0;0;1;0;0;1;1;-8,30541874;-35,96747339;SPRF-PE;DEL02-PE;UOP03-DEL02-PE;;;
702526;04/07/2025;sexta-feira;21:00:00;PE;101;166;AGUA PRETA;Demais falhas na via;Sa�da de leito carro��vel;Com V�timas Feridas;Plena Noite;Crescente;C�u Claro;Dupla;Reta;N�o;2;0;1;1;0;0;2;1;-8,56515022;-35,47275066;SPRF-PE;DEL01-PE;UOP03-DEL01-PE;;;
702527;04/07/2025;sexta-feira;19:40:00;MG;116;276;TEOFILO OTONI;Desrespeitar a prefer�ncia no cruzamento;Colis�o transversal;Com V�timas Feridas;Anoitecer;Crescente;Nublado;Simples;Reta;Sim;2;0;1;0;0;1;1;2;-17,85125788;-41,51471615;SPRF-MG;DEL11-MG;UOP01-DEL11-MG;;;
702528;04/07/2025;sexta-feira;21:30:00;PR;369;157,9;LONDRINA;Transitar na contram�o;Colis�o frontal;Com V�timas Fatais;Plena Noite;Crescente;C�u Claro;Dupla;Curva;N�o;2;1;0;0;1;0;0;2;-23,287;-51,231;SPRF-PR;DEL07-PR;UOP01-DEL07-PR;;;
702529;04/07/2025;sexta-feira;22:30:00;PR;116;24;CAMPINA GRANDE DO SUL;Rea��o tardia ou ineficiente do condutor;Colis�o com objeto;Sem V�timas;Plena Noite;Crescente;Chuva;Dupla;Reta;N�o;1;0;0;0;1;0;0;1;-25,10757065;-48,77796348;SPRF-PR;DEL01-PR;UOP02-DEL01-PR;;;
702530;04/07/2025;sexta-feira;22:12:00;CE;116;99;MORADA NOVA;Pedestre andava na pista;Atropelamento de Pedestre;Com V�timas Fatais;Plena Noite;Crescente;C�u Claro;Simples;Reta;N�o;2;1;0;0;1;0;0;2;-4,52099987;-38,32087592;SPRF-CE;DEL03-CE;UOP01-DEL03-CE;;;
702531;04/07/2025;sexta-feira;22:10:00;RO;364;233;CACOAL;Ultrapassagem Indevida;Colis�o lateral sentido oposto;Com V�timas Feridas;Plena Noite;Crescente;C�u Claro;Simples;"Declive;Reta";N�o;4;0;0;1;1;2;1;3;-11,45904;-61,419065;SPRF-RO;DEL02-RO;UOP02-DEL02-RO;;;
702532;04/07/2025;sexta-feira;23:21:00;ES;262;45;MARECHAL FLORIANO;Pedestre andava na pista;Atropelamento de Pedestre;Com V�timas Feridas;Plena Noite;Decrescente;Nublado;Simples;Reta;Sim;2;0;1;0;1;0;1;2;-20,3993654;-40,6711489;SPRF-ES;DEL01-ES;UOP01-DEL01-ES;;;
702533;04/07/2025;sexta-feira;22:00:00;PB;230;375;CONDADO;Ingest�o de �lcool pelo condutor;Colis�o frontal;Sem V�timas;Plena Noite;Decrescente;C�u Claro;Simples;"Reta;Interse��o de Vias";Sim;2;0;0;0;2;0;0;2;-6,910102;-37,599033;SPRF-PB;DEL03-PB;UOP02-DEL03-PB;;;
702535;04/07/2025;sexta-feira;16:30:00;MG;40;145,6;JOAO PINHEIRO;Acessar a via sem observar a presen�a dos outros ve�culos;Colis�o transversal;Com V�timas Feridas;Pleno dia;Crescente;C�u Claro;Simples;"Reta;Interse��o de Vias";N�o;6;0;2;1;3;0;3;2;-17,75566262;-46,16329585;SPRF-MG;DEL14-MG;UOP01-DEL14-MG;;;
702536;04/07/2025;sexta-feira;22:10:00;PR;158;539,3;PATO BRANCO;Aus�ncia de rea��o do condutor;Sa�da de leito carro��vel;Com V�timas Feridas;Plena Noite;Decrescente;C�u Claro;Simples;Curva;Sim;1;0;0;1;0;0;1;1;-26,26460747;-52,70745484;SPRF-PR;DEL02-PR;UOP01-DEL02-PR;;;
702537;04/07/2025;sexta-feira;23:30:00;MG;381;502;BETIM;Rea��o tardia ou ineficiente do condutor;Tombamento;Com V�timas Feridas;Plena Noite;Decrescente;C�u Claro;Dupla;Curva;Sim;1;0;1;0;0;0;1;1;-20,01869239;-44,22715751;SPRF-MG;DEL01-MG;UOP03-DEL01-MG;;;
702538;04/07/2025;sexta-feira;21:30:00;PA;10;323;SAO MIGUEL DO GUAMA;Transitar na contram�o;Colis�o transversal;Com V�timas Feridas;Plena Noite;Decrescente;Garoa/Chuvisco;Simples;Reta;Sim;2;0;1;0;1;0;1;2;-1,61061;-47,483177;SPRF-PA;DEL01-PA;UOP02-DEL01-PA;;;
702540;04/07/2025;sexta-feira;22:15:00;RS;116;400;CAMAQUA;Aus�ncia de rea��o do condutor;Capotamento;Com V�timas Feridas;Plena Noite;Crescente;Nevoeiro/Neblina;Simples;"Em Obras;Reta;Desvio Tempor�rio";Sim;3;0;2;0;1;0;2;1;-30,867043;-51,800581;SPRF-RS;DEL02-RS;UOP02-DEL02-RS;;;
702541;04/07/2025;sexta-feira;18:30:00;MA;226;49;MATOES;Aus�ncia de rea��o do condutor;Colis�o traseira;Com V�timas Fatais;Plena Noite;Decrescente;C�u Claro;Simples;Reta;N�o;2;1;0;0;0;1;0;2;-5,181503;-43,227454;SPRF-MA;DEL03-MA;UOP02-DEL03-MA;;;
702543;04/07/2025;sexta-feira;23:00:00;SC;101;194,5;BIGUACU;Ingest�o de �lcool pelo condutor;Sa�da de leito carro��vel;Com V�timas Feridas;Plena Noite;Crescente;Garoa/Chuvisco;M�ltipla;Reta;N�o;2;0;2;0;0;0;2;1;-27,49067158;-48,65629546;SPRF-SC;DEL01-SC;UOP01-DEL01-SC;;;
702544;04/07/2025;sexta-feira;23:45:00;MG;381;499,3;BETIM;Aus�ncia de rea��o do condutor;Capotamento;Com V�timas Feridas;Plena Noite;Crescente;C�u Claro;Dupla;Reta;N�o;3;0;3;0;0;0;3;1;-20,00158923;-44,2118426;SPRF-MG;DEL01-MG;UOP03-DEL01-MG;;;
702546;04/07/2025;sexta-feira;21:15:00;SP;116;121;CACAPAVA;Mal s�bito do condutor;Eventos at�picos;Com V�timas Feridas;Plena Noite;Decrescente;C�u Claro;Dupla;Aclive;N�o;1;0;0;1;0;0;1;1;-23,0732926;-45,646694;SPRF-SP;DEL02-SP;UOP02-DEL02-SP;;;
702547;26/06/2025;quinta-feira;12:50:00;SP;116;145;SAO JOSE DOS CAMPOS;Mal s�bito do condutor;Eventos at�picos;Com V�timas Feridas;Pleno dia;Decrescente;C�u Claro;Dupla;Reta;Sim;1;0;1;0;0;0;1;1;-23,186212;-45,853294;SPRF-SP;DEL02-SP;UOP01-DEL02-SP;;;
702549;04/07/2025;sexta-feira;22:15:00;PR;376;334;ORTIGUEIRA;Rea��o tardia ou ineficiente do condutor;Sa�da de leito carro��vel;Sem V�timas;Plena Noite;Crescente;C�u Claro;Simples;Curva;N�o;1;0;0;0;0;1;0;1;-24,113707;-51,031001;SPRF-PR;DEL07-PR;UOP02-DEL07-PR;;;
702551;04/07/2025;sexta-feira;22:35:00;MS;163;488,6;CAMPO GRANDE;Aus�ncia de rea��o do condutor;Sa�da de leito carro��vel;Sem V�timas;Plena Noite;Crescente;C�u Claro;Simples;"Desvio Tempor�rio;Em Obras";N�o;1;0;0;0;1;0;0;1;-20,411879;-54,549726;SPRF-MS;DEL01-MS;UOP02-DEL01-MS;;;
702555;05/07/2025;s�bado;00:50:00;PR;272;367,9;CAMPO MOURAO;Manobra de mudan�a de faixa;Colis�o lateral mesmo sentido;Com V�timas Feridas;Plena Noite;Crescente;C�u Claro;Dupla;Reta;Sim;3;0;1;0;1;1;1;3;-24,05332;-52,40794;SPRF-PR;DEL09-PR;UOP03-DEL09-PR;;;
702556;04/07/2025;sexta-feira;23:00:00;PR;369;504;CASCAVEL;Ultrapassagem Indevida;Sa�da de leito carro��vel;Sem V�timas;Plena Noite;Decrescente;C�u Claro;Simples;Reta;N�o;1;0;0;0;1;0;0;1;-24,93185989;-53,39413404;SPRF-PR;DEL04-PR;UOP01-DEL04-PR;;;
702557;05/07/2025;s�bado;00:20:00;RS;153;401;CACHOEIRA DO SUL;Avarias e/ou desgaste excessivo no pneu;Sa�da de leito carro��vel;Com V�timas Feridas;Plena Noite;Decrescente;C�u Claro;Simples;Declive;N�o;2;0;2;0;0;0;2;1;-29,96787327;-52,93693542;SPRF-RS;DEL02-RS;UOP03-DEL02-RS;;;
702559;05/07/2025;s�bado;00:50:00;MG;381;931;ITAPEVA;Aus�ncia de rea��o do condutor;Sa�da de leito carro��vel;Sem V�timas;Plena Noite;Decrescente;C�u Claro;Dupla;Reta;Sim;1;0;0;0;1;0;0;1;-22,78235516;-46,24059588;SPRF-MG;DEL16-MG;UOP03-DEL16-MG;;;
702560;05/07/2025;s�bado;01:32:00;SC;280;29,8;ARAQUARI;Ingest�o de �lcool pelo condutor;Colis�o frontal;Com V�timas Feridas;Plena Noite;Crescente;Nublado;Simples;Reta;N�o;2;0;2;0;0;0;2;2;-26,41375;-48,760278;SPRF-SC;DEL03-SC;UOP03-DEL03-SC;;;
702562;05/07/2025;s�bado;02:00:00;PA;316;25,5;BENEVIDES;Aus�ncia de rea��o do condutor;Atropelamento de Pedestre;Com V�timas Fatais;Plena Noite;Decrescente;Nublado;Dupla;Reta;N�o;2;1;0;0;0;1;0;2;-1,328564;-48,234981;SPRF-PA;DEL01-PA;UOP01-DEL01-PA;;;
702563;05/07/2025;s�bado;02:19:00;RJ;101;333;RIO DE JANEIRO;Demais falhas mec�nicas ou el�tricas;Tombamento;Com V�timas Feridas;Plena Noite;Crescente;C�u Claro;M�ltipla;Reta;Sim;1;0;1;0;0;0;1;1;-22,86896993;-43,20118715;SPRF-RJ;DEL02-RJ;UOP01-DEL02-RJ;;;
702564;05/07/2025;s�bado;02:15:00;RO;364;197,9;PIMENTA BUENO;Rea��o tardia ou ineficiente do condutor;Tombamento;Com V�timas Feridas;Plena Noite;Crescente;C�u Claro;Dupla;Reta;N�o;2;0;2;0;0;0;2;1;-11,671968;-61,190958;SPRF-RO;DEL02-RO;UOP02-DEL02-RO;;;
702565;05/07/2025;s�bado;01:00:00;PR;476;278;SAO MATEUS DO SUL;Aus�ncia de rea��o do condutor;Sa�da de leito carro��vel;Com V�timas Feridas;Plena Noite;Decrescente;Nublado;Simples;"Reta;Declive";Sim;2;0;0;1;1;0;1;1;-25,86896458;-50,3975594;SPRF-PR;DEL02-PR;UOP03-DEL02-PR;;;
702566;05/07/2025;s�bado;03:10:00;SP;116;282;EMBU DAS ARTES;Transitar na contram�o;Colis�o lateral sentido oposto;Com V�timas Feridas;Plena Noite;Decrescente;C�u Claro;Simples;"Curva;Retorno Regulamentado";N�o;2;0;1;1;0;0;2;2;-23,65989817;-46,85000283;SPRF-SP;DEL04-SP;UOP01-DEL04-SP;;;
702567;05/07/2025;s�bado;01:10:00;SC;116;99,7;MONTE CASTELO;Condutor Dormindo;Sa�da de leito carro��vel;Com V�timas Feridas;Plena Noite;Crescente;Garoa/Chuvisco;Simples;Reta;N�o;1;0;1;0;0;0;1;1;-26,7119937;-50,294253;SPRF-SC;DEL06-SC;UOP02-DEL06-SC;;;
702569;05/07/2025;s�bado;02:40:00;ES;101;88;SAO MATEUS;Condutor deixou de manter dist�ncia do ve�culo da frente;Colis�o traseira;Sem V�timas;Plena Noite;Decrescente;Nublado;Simples;Reta;N�o;2;0;0;0;2;0;0;2;-18,884891;-39,949695;SPRF-ES;DEL04-ES;UOP02-DEL04-ES;;;
702570;05/07/2025;s�bado;03:10:00;MG;116;411,5;GOVERNADOR VALADARES;Aus�ncia de rea��o do condutor;Colis�o traseira;Com V�timas Feridas;Plena Noite;Decrescente;C�u Claro;Dupla;Reta;Sim;3;0;1;1;1;0;2;2;-18,871005;-41,969303;SPRF-MG;DEL06-MG;UOP01-DEL06-MG;;;
702571;05/07/2025;s�bado;03:45:00;CE;222;4;FORTALEZA;Condutor desrespeitou a ilumina��o vermelha do sem�foro;Colis�o transversal;Com V�timas Feridas;Plena Noite;Decrescente;C�u Claro;M�ltipla;"Reta;Retorno Regulamentado";Sim;3;0;2;0;1;0;2;2;-3,7428255;-38,6120832;SPRF-CE;DEL01-CE;UOP01-DEL01-CE;;;
702572;05/07/2025;s�bado;02:40:00;MS;163;290;DOURADINA;Aus�ncia de rea��o do condutor;Atropelamento de Pedestre;Com V�timas Feridas;Plena Noite;Crescente;C�u Claro;Simples;Reta;Sim;1;0;1;0;0;0;1;1;-22,07046027;-54,56277037;SPRF-MS;DEL04-MS;UOP01-DEL04-MS;;;
702573;05/07/2025;s�bado;03:30:00;PR;277;680;MEDIANEIRA;Manobra de mudan�a de faixa;Colis�o lateral mesmo sentido;Com V�timas Feridas;Plena Noite;Decrescente;C�u Claro;Dupla;Reta;N�o;4;0;0;2;1;1;2;2;-25,3238;-54,1668;SPRF-PR;DEL05-PR;UOP01-DEL05-PR;;;
702574;05/07/2025;s�bado;03:20:00;SC;101;229,2;PALHOCA;Velocidade Incompat�vel;Colis�o com objeto;Sem V�timas;Plena Noite;Decrescente;C�u Claro;Dupla;Curva;N�o;1;0;0;0;0;1;0;1;-27,76932;-48,631946;SPRF-SC;DEL01-SC;UOP02-DEL01-SC;;;
702575;05/07/2025;s�bado;04:00:00;SC;101;349;JAGUARUNA;Aus�ncia de rea��o do condutor;Sa�da de leito carro��vel;Com V�timas Feridas;Plena Noite;Decrescente;C�u Claro;Dupla;Curva;N�o;1;0;1;0;0;0;1;1;-28,59114295;-49,04463952;SPRF-SC;DEL02-SC;UOP01-DEL02-SC;;;
702576;05/07/2025;s�bado;03:20:00;SC;101;281,6;IMBITUBA;Ingest�o de �lcool pelo condutor;Colis�o lateral mesmo sentido;Sem V�timas;Plena Noite;Crescente;C�u Claro;M�ltipla;Reta;Sim;3;0;0;0;3;0;0;2;-28,20670094;-48,69887352;SPRF-SC;DEL02-SC;UOP03-DEL02-SC;;;
702577;05/07/2025;s�bado;03:45:00;SC;101;165;TIJUCAS;Aus�ncia de rea��o do condutor;Colis�o traseira;Com V�timas Feridas;Plena Noite;Decrescente;Nublado;Dupla;Reta;N�o;2;0;1;0;0;1;1;2;-27,25200016;-48,63109636;SPRF-SC;DEL04-SC;UOP03-DEL04-SC;;;
702578;05/07/2025;s�bado;04:00:00;PR;369;195;ARAPONGAS;Velocidade Incompat�vel;Sa�da de leito carro��vel;Sem V�timas;Plena Noite;Decrescente;C�u Claro;Dupla;Reta;N�o;1;0;0;0;1;0;0;1;-23,508092;-51,426529;SPRF-PR;DEL07-PR;UOP03-DEL07-PR;;;
702579;05/07/2025;s�bado;04:40:00;RS;116;259;CANOAS;Ingest�o de �lcool pelo condutor;Colis�o com objeto;Sem V�timas;Plena Noite;Crescente;C�u Claro;M�ltipla;Retorno Regulamentado;N�o;1;0;0;0;1;0;0;1;-29,86812261;-51,18060347;SPRF-RS;DEL01-RS;UOP02-DEL01-RS;;;
702580;04/07/2025;sexta-feira;19:15:00;RJ;101;297;ITABORAI;Rea��o tardia ou ineficiente do condutor;Colis�o traseira;Com V�timas Feridas;Plena Noite;Crescente;C�u Claro;Dupla;Reta;Sim;1;0;1;0;0;0;1;1;-22,76714087;-42,91103051;SPRF-RJ;DEL02-RJ;UOP02-DEL02-RJ;;;
702581;05/07/2025;s�bado;03:00:00;RN;101;58,2;CEARA-MIRIM;Aus�ncia de rea��o do condutor;Colis�o com objeto;Sem V�timas;Amanhecer;Decrescente;C�u Claro;Simples;Reta;N�o;1;0;0;0;0;1;0;1;-5,589025;-35,275448;SPRF-RN;DEL02-RN;UOP01-DEL02-RN;;;
702582;05/07/2025;s�bado;04:20:00;PR;277;707;SANTA TEREZINHA DE ITAIPU;Ingest�o de �lcool pelo condutor;Sa�da de leito carro��vel;Sem V�timas;Plena Noite;Crescente;C�u Claro;Dupla;Reta;N�o;1;0;0;0;1;0;0;1;-25,441;-54,389;SPRF-PR;DEL05-PR;UOP01-DEL05-PR;;;
702583;05/07/2025;s�bado;05:10:00;SC;101;138,4;BALNEARIO CAMBORIU;Ingest�o de �lcool pelo condutor;Sa�da de leito carro��vel;Com V�timas Fatais;Plena Noite;Crescente;Nublado;Dupla;Curva;Sim;6;1;4;0;1;0;4;1;-27,02843708;-48,60485522;SPRF-SC;DEL04-SC;UOP03-DEL04-SC;;;
702585;05/07/2025;s�bado;04:10:00;SC;101;87;BARRA VELHA;Condutor Dormindo;Sa�da de leito carro��vel;Sem V�timas;Plena Noite;Decrescente;Nublado;Dupla;"Declive;Curva";Sim;1;0;0;0;1;0;0;1;-26,6462016;-48,68728336;SPRF-SC;DEL03-SC;UOP02-DEL03-SC;;;
702586;05/07/2025;s�bado;04:35:00;MG;365;750;ITUIUTABA;Ingest�o de �lcool pelo condutor;Sa�da de leito carro��vel;Com V�timas Feridas;Plena Noite;Crescente;C�u Claro;Dupla;Reta;Sim;1;0;1;0;0;0;1;1;-18,946147;-49,456643;SPRF-MG;DEL15-MG;UOP03-DEL15-MG;;;
702589;05/07/2025;s�bado;05:50:00;PR;277;3;PARANAGUA;Rea��o tardia ou ineficiente do condutor;Capotamento;Sem V�timas;Amanhecer;Decrescente;Nublado;Simples;"Reta;Interse��o de Vias";N�o;1;0;0;0;0;1;0;1;-25,542447;-48,559038;SPRF-PR;DEL01-PR;UOP05-DEL01-PR;;;
702590;05/07/2025;s�bado;05:56:00;SC;101;200,9;BIGUACU;Condutor Dormindo;Colis�o com objeto;Sem V�timas;Amanhecer;Decrescente;C�u Claro;Dupla;Reta;Sim;1;0;0;0;1;0;0;1;-27,520428;-48,637449;SPRF-SC;DEL01-SC;UOP01-DEL01-SC;;;
702591;05/07/2025;s�bado;06:10:00;GO;153;89;PORANGATU;Demais falhas mec�nicas ou el�tricas;Sa�da de leito carro��vel;Com V�timas Feridas;Amanhecer;Decrescente;C�u Claro;Simples;Reta;N�o;5;0;1;0;4;0;1;1;-13,4083338;-49,1322629;SPRF-GO;DEL07-GO;UOP01-DEL07-GO;;;
702594;05/07/2025;s�bado;01:30:00;SP;381;12;BRAGANCA PAULISTA;Declive acentuado;Colis�o com objeto;Sem V�timas;Plena Noite;Decrescente;C�u Claro;Dupla;Declive;N�o;1;0;0;0;1;0;0;1;-22,92804167;-46,45843506;SPRF-SP;DEL03-SP;UOP02-DEL03-SP;;;
702595;05/07/2025;s�bado;04:50:00;MT;364;231,2;RONDONOPOLIS;Aus�ncia de rea��o do condutor;Sa�da de leito carro��vel;Com V�timas Feridas;Amanhecer;Decrescente;C�u Claro;Dupla;Reta;N�o;3;0;3;0;0;0;3;1;-16,23419411;-54,78244677;SPRF-MT;DEL02-MT;UOP01-DEL02-MT;;;
702596;05/07/2025;s�bado;06:30:00;PR;467;101,3;CASCAVEL;Velocidade Incompat�vel;Sa�da de leito carro��vel;Com V�timas Feridas;Amanhecer;Crescente;C�u Claro;Dupla;Reta;N�o;1;0;0;1;0;0;1;1;-24,899164;-53,530135;SPRF-PR;DEL04-PR;UOP01-DEL04-PR;;;
702597;04/07/2025;sexta-feira;18:32:00;MT;364;345,8;VARZEA GRANDE;Acesso irregular;Colis�o transversal;Com V�timas Feridas;Plena Noite;Crescente;C�u Claro;Dupla;Reta;Sim;3;0;1;0;2;0;1;2;-15,64138678;-56,20141732;SPRF-MT;DEL05-MT;UOP02-DEL05-MT;;;
702598;20/04/2025;domingo;11:00:00;MG;50;78;UBERLANDIA;Problema com o freio;Inc�ndio;Sem V�timas;Pleno dia;Decrescente;C�u Claro;Dupla;Reta;Sim;1;0;0;0;1;0;0;1;-18,9123;-48,2625;SPRF-MG;DEL15-MG;UOP01-DEL15-MG;;;
702603;05/07/2025;s�bado;07:30:00;SE;235;3,9;ARACAJU;Acesso irregular;Colis�o traseira;Com V�timas Feridas;Pleno dia;Decrescente;Nublado;Dupla;Reta;Sim;2;0;1;0;1;0;1;2;-10,90601954;-37,10448482;SPRF-SE;DEL01-SE;UOP01-DEL01-SE;;;
702604;04/07/2025;sexta-feira;22:30:00;MT;163;616;NOVA MUTUM;Rea��o tardia ou ineficiente do condutor;Sa�da de leito carro��vel;Com V�timas Feridas;Plena Noite;Decrescente;C�u Claro;Simples;"Desvio Tempor�rio;Em Obras";N�o;1;0;1;0;0;0;1;1;-13,676963;-56,038155;SPRF-MT;DEL01-MT;UOP01-DEL01-MT;;;
702605;05/07/2025;s�bado;07:00:00;RO;364;237,9;CACOAL;Condutor desrespeitou a ilumina��o vermelha do sem�foro;Colis�o transversal;Com V�timas Feridas;Pleno dia;Crescente;C�u Claro;Simples;Interse��o de Vias;Sim;3;0;1;2;0;0;3;2;-11,438575;-61,454773;SPRF-RO;DEL02-RO;UOP02-DEL02-RO;;;
702606;05/07/2025;s�bado;07:30:00;RJ;116;118;MAGE;Rea��o tardia ou ineficiente do condutor;Tombamento;Com V�timas Feridas;Pleno dia;Crescente;C�u Claro;Dupla;Reta;N�o;1;0;1;0;0;0;1;1;-22,5920714;-43,02056681;SPRF-RJ;DEL04-RJ;UOP02-DEL04-RJ;;;
702607;05/07/2025;s�bado;04:00:00;RO;364;12;VILHENA;Aus�ncia de rea��o do condutor;Tombamento;Com V�timas Feridas;Plena Noite;Crescente;Ignorado;Dupla;Reta;N�o;1;0;1;0;0;0;1;1;-12,74297273;-60,12336127;SPRF-RO;DEL04-RO;UOP01-DEL04-RO;;;
702608;05/07/2025;s�bado;05:16:00;PB;412;54,5;SAO JOAO DO CARIRI;Animais na Pista;Atropelamento de Animal;Com V�timas Fatais;Amanhecer;Decrescente;Vento;Simples;Reta;N�o;1;1;0;0;0;0;0;1;-7,38367086;-36,52567148;SPRF-PB;DEL02-PB;UOP02-DEL02-PB;;;
702609;05/07/2025;s�bado;06:00:00;RJ;465;2,4;SEROPEDICA;Aus�ncia de rea��o do condutor;Queda de ocupante de ve�culo;Com V�timas Feridas;Pleno dia;Decrescente;C�u Claro;Simples;Reta;N�o;1;0;1;0;0;0;1;1;-22,7321737;-43,71408463;SPRF-RJ;DEL06-RJ;UOP02-DEL06-RJ;;;
702612;05/07/2025;s�bado;07:45:00;AL;423;87;DELMIRO GOUVEIA;Acessar a via sem observar a presen�a dos outros ve�culos;Colis�o transversal;Com V�timas Feridas;Pleno dia;Decrescente;C�u Claro;Simples;"Interse��o de Vias;Declive;Reta";N�o;10;0;1;1;8;0;2;2;-9,353262;-38,049157;SPRF-BA;DEL07-BA;UOP01-DEL07-BA;;;
702613;05/07/2025;s�bado;08:00:00;SC;470;46,6;BLUMENAU;Retorno proibido;Tombamento;Com V�timas Feridas;Pleno dia;Decrescente;Nublado;Simples;"Aclive;Curva;Em Obras";N�o;3;0;0;1;2;0;1;2;-26,86384965;-49,04470531;SPRF-SC;DEL04-SC;UOP01-DEL04-SC;;;
702614;05/07/2025;s�bado;07:40:00;GO;414;435;ANAPOLIS;Condutor deixou de manter dist�ncia do ve�culo da frente;Colis�o traseira;Com V�timas Feridas;Pleno dia;Crescente;C�u Claro;Simples;Reta;N�o;3;0;0;1;1;1;1;3;-16,236601;-48,932868;SPRF-GO;DEL02-GO;UOP01-DEL02-GO;;;
702615;04/07/2025;sexta-feira;14:15:00;RJ;116;315;RESENDE;Demais falhas mec�nicas ou el�tricas;Queda de ocupante de ve�culo;Com V�timas Feridas;Pleno dia;Decrescente;Nublado;Dupla;Reta;Sim;1;0;1;0;0;0;1;1;-22,46438;-44,486369;SPRF-RJ;DEL07-RJ;UOP02-DEL07-RJ;;;
702616;05/07/2025;s�bado;08:30:00;MG;365;620;UBERLANDIA;Desrespeitar a prefer�ncia no cruzamento;Colis�o transversal;Com V�timas Feridas;Pleno dia;Crescente;C�u Claro;Simples;"Reta;Interse��o de Vias";Sim;3;0;1;0;2;0;1;2;-18,887273;-48,268218;SPRF-MG;DEL15-MG;UOP01-DEL15-MG;;;
702617;05/07/2025;s�bado;07:50:00;RS;116;155,7;CAXIAS DO SUL;Aus�ncia de rea��o do condutor;Sa�da de leito carro��vel;Com V�timas Feridas;Pleno dia;Decrescente;C�u Claro;Simples;Reta;Sim;1;0;1;0;0;0;1;1;-29,20156999;-51,17668597;SPRF-RS;DEL05-RS;UOP01-DEL05-RS;;;
702618;05/07/2025;s�bado;08:30:00;PE;232;20;MORENO;Aus�ncia de rea��o do condutor;Colis�o traseira;Com V�timas Feridas;Pleno dia;Decrescente;C�u Claro;Dupla;Curva;N�o;2;0;1;0;1;0;1;2;-8,095949;-35,07923;SPRF-PE;DEL01-PE;UOP01-DEL01-PE;;;