id;data_inversa;dia_semana;horario;uf;br;km;municipio;causa_acidente;tipo_acidente;classificacao_acidente;fase_dia;sentido_via;condicao_metereologica;tipo_pista;tracado_via;uso_solo;pessoas;mortos;feridos_leves;feridos_graves;ilesos;ignorados;feridos;veiculos;latitude;longitude;regional;delegacia;uop;;;
702620;05/07/2025;s�bado;09:30:00;MG;40;574,8;ITABIRITO;Acessar a via sem observar a presen�a dos outros ve�culos;Colis�o transversal;Com V�timas Feridas;Pleno dia;Decrescente;C�u Claro;Simples;Reta;N�o;2;0;1;0;1;0;1;2;-20,255947;-43,961187;SPRF-MG;DEL01-MG;UOP02-DEL01-MG;;;
702622;05/07/2025;s�bado;09:00:00;PE;101;94;CABO DE SANTO AGOSTINHO;Aus�ncia de rea��o do condutor;Colis�o traseira;Com V�timas Feridas;Pleno dia;Crescente;Nublado;Dupla;Curva;N�o;2;0;1;0;1;0;1;2;-8,24884;-35,00525;SPRF-PE;DEL01-PE;UOP03-DEL01-PE;;;
702627;27/06/2025;sexta-feira;22:00:00;RJ;493;1;ITABORAI;Rea��o tardia ou ineficiente do condutor;Atropelamento de Pedestre;Sem V�timas;Plena Noite;Crescente;C�u Claro;Simples;Reta;N�o;3;0;0;0;2;1;0;2;-22,76994;-42,92258;SPRF-RJ;DEL02-RJ;UOP02-DEL02-RJ;;;
702629;05/07/2025;s�bado;08:20:00;SP;381;84;SAO PAULO;Aus�ncia de rea��o do condutor;Sa�da de leito carro��vel;Com V�timas Feridas;Pleno dia;Crescente;C�u Claro;Simples;Reta;Sim;2;0;1;0;1;0;1;1;-23,455767;-46,571383;SPRF-SP;DEL03-SP;UOP01-DEL03-SP;;;
702630;05/07/2025;s�bado;10:15:00;PE;101;69;RECIFE;Aus�ncia de rea��o do condutor;Colis�o lateral mesmo sentido;Com V�timas Feridas;Pleno dia;Decrescente;C�u Claro;Dupla;Reta;Sim;2;0;1;0;0;1;1;2;-8,059304;-34,946204;SPRF-PE;DEL01-PE;UOP01-DEL01-PE;;;
702631;05/07/2025;s�bado;08:30:00;SC;470;95,3;APIUNA;Velocidade Incompat�vel;Sa�da de leito carro��vel;Com V�timas Fatais;Pleno dia;Decrescente;Nublado;Simples;Reta;N�o;1;1;0;0;0;0;0;1;-27,0176312;-49,3709391;SPRF-SC;DEL04-SC;UOP01-DEL04-SC;;;
702632;05/07/2025;s�bado;08:25:00;RS;158;519,7;SANTANA DO LIVRAMENTO;Condutor deixou de manter dist�ncia do ve�culo da frente;Colis�o traseira;Com V�timas Feridas;Pleno dia;Crescente;Nevoeiro/Neblina;Simples;"Reta;Aclive";N�o;9;0;2;0;7;0;2;3;-30,689662;-55,132508;SPRF-RS;DEL11-RS;UOP01-DEL11-RS;;;
702633;16/06/2025;segunda-feira;13:57:00;PA;316;62,8;CASTANHAL;Transitar na contram�o;Colis�o transversal;Sem V�timas;Pleno dia;Decrescente;C�u Claro;Dupla;Interse��o de Vias;Sim;2;0;0;0;2;0;0;2;-1,296711;-47,930128;SPRF-PA;DEL01-PA;UOP01-DEL01-PA;;;
702634;05/07/2025;s�bado;10:00:00;GO;60;129;GOIANAPOLIS;Condutor deixou de manter dist�ncia do ve�culo da frente;Colis�o traseira;Com V�timas Feridas;Pleno dia;Crescente;Sol;Dupla;Reta;N�o;3;0;1;1;1;0;2;2;-16,5757028;-49,1608238;SPRF-GO;DEL01-GO;UOP01-DEL01-GO;;;
702635;05/07/2025;s�bado;10:30:00;ES;101;265,8;SERRA;Aus�ncia de rea��o do condutor;Colis�o traseira;Com V�timas Feridas;Pleno dia;Decrescente;C�u Claro;Dupla;Reta;Sim;2;0;1;0;1;0;1;2;-20,18824;-40,268035;SPRF-ES;DEL02-ES;UOP01-DEL02-ES;;;
702637;05/07/2025;s�bado;09:50:00;RN;226;15,4;MACAIBA;Acessar a via sem observar a presen�a dos outros ve�culos;Colis�o lateral mesmo sentido;Com V�timas Feridas;Pleno dia;Decrescente;C�u Claro;Simples;"Reta;Declive";N�o;3;0;1;0;2;0;1;2;-5,860338;-35,340088;SPRF-RN;DEL01-RN;UOP02-DEL01-RN;;;
702638;05/07/2025;s�bado;08:45:00;SP;116;515;CAJATI;Rea��o tardia ou ineficiente do condutor;Sa�da de leito carro��vel;Com V�timas Feridas;Pleno dia;Decrescente;Nublado;Simples;Reta;N�o;3;0;1;0;2;0;1;1;-24,877224;-48,209358;SPRF-SP;DEL05-SP;UOP02-DEL05-SP;;;
702639;05/07/2025;s�bado;10:35:00;RJ;101;325;NITEROI;Rea��o tardia ou ineficiente do condutor;Colis�o com objeto;Com V�timas Feridas;Pleno dia;Decrescente;C�u Claro;Dupla;"Ponte;Reta;Declive";N�o;1;0;1;0;0;0;1;1;-22,87273479;-43,13847828;SPRF-RJ;DEL02-RJ;UOP01-DEL02-RJ;;;
702640;05/07/2025;s�bado;11:00:00;MG;459;69,6;SENADOR JOSE BENTO;Condutor Dormindo;Sa�da de leito carro��vel;Com V�timas Feridas;Pleno dia;Crescente;C�u Claro;Simples;"Declive;Curva";N�o;1;0;1;0;0;0;1;1;-22,131477;-46,17611;SPRF-MG;DEL09-MG;UOP01-DEL09-MG;;;
702643;05/07/2025;s�bado;09:00:00;CE;116;11;FORTALEZA;Avarias e/ou desgaste excessivo no pneu;Tombamento;Com V�timas Feridas;Pleno dia;Crescente;C�u Claro;Dupla;Reta;Sim;2;0;1;1;0;0;2;1;-3,84849806;-38,49668773;SPRF-CE;DEL01-CE;UOP02-DEL01-CE;;;
702644;05/07/2025;s�bado;07:40:00;MT;174;99;CACERES;Aus�ncia de sinaliza��o;Queda de ocupante de ve�culo;Com V�timas Feridas;Pleno dia;Crescente;C�u Claro;Simples;Reta;Sim;1;0;1;0;0;0;1;1;-15,844938;-57,858088;SPRF-MT;DEL03-MT;UOP01-DEL03-MT;;;
702645;05/07/2025;s�bado;11:00:00;RJ;40;53;PETROPOLIS;Curva acentuada;Colis�o com objeto;Com V�timas Feridas;Pleno dia;Decrescente;C�u Claro;Dupla;Curva;N�o;1;0;1;0;0;0;1;1;-22,345054;-43,131671;SPRF-RJ;DEL05-RJ;UOP02-DEL05-RJ;;;
702646;05/07/2025;s�bado;11:20:00;MG;40;520,6;CONTAGEM;Acessar a via sem observar a presen�a dos outros ve�culos;Colis�o lateral mesmo sentido;Com V�timas Fatais;Pleno dia;Crescente;C�u Claro;Dupla;"Reta;Declive";Sim;3;1;0;2;0;0;2;2;-19,854541;-44,072601;SPRF-MG;DEL01-MG;UOP02-DEL01-MG;;;
702647;05/07/2025;s�bado;07:50:00;MS;463;35;PONTA PORA;Demais falhas mec�nicas ou el�tricas;Inc�ndio;Sem V�timas;Pleno dia;Decrescente;C�u Claro;Simples;Reta;N�o;1;0;0;0;0;1;0;1;-22,3033755;-55,10978071;SPRF-MS;DEL04-MS;UOP03-DEL04-MS;;;
702648;05/07/2025;s�bado;12:20:00;GO;40;6;VALPARAISO DE GOIAS;Condutor deixou de manter dist�ncia do ve�culo da frente;Colis�o traseira;Com V�timas Feridas;Pleno dia;Decrescente;C�u Claro;Dupla;Reta;Sim;2;0;1;0;1;0;1;2;-16,077996;-47,98577;SPRF-DF;DEL01-DF;UOP01-DEL01-DF;;;
702649;05/07/2025;s�bado;11:40:00;PE;232;133;CARUARU;Condutor deixou de manter dist�ncia do ve�culo da frente;Colis�o traseira;Com V�timas Feridas;Pleno dia;Crescente;C�u Claro;Dupla;Reta;Sim;3;0;0;2;1;0;2;2;-8,30825;-36,02336;SPRF-PE;DEL02-PE;UOP03-DEL02-PE;;;
702650;05/07/2025;s�bado;09:30:00;MS;163;681;RIO VERDE DE MATO GROSSO;Aus�ncia de rea��o do condutor;Tombamento;Com V�timas Feridas;Pleno dia;Crescente;C�u Claro;Simples;Reta;Sim;1;0;1;0;0;0;1;1;-18,90746849;-54,84057996;SPRF-MS;DEL06-MS;UOP02-DEL06-MS;;;
702651;05/07/2025;s�bado;10:30:00;RS;290;490,5;ROSARIO DO SUL;Ultrapassagem Indevida;Sa�da de leito carro��vel;Com V�timas Feridas;Pleno dia;Crescente;Nevoeiro/Neblina;Simples;Reta;N�o;1;0;1;0;0;0;1;1;-30,23079676;-55,02733581;SPRF-RS;DEL11-RS;UOP02-DEL11-RS;;;
702653;05/07/2025;s�bado;12:30:00;RS;386;346,6;LAJEADO;Aus�ncia de rea��o do condutor;Colis�o lateral mesmo sentido;Com V�timas Feridas;Pleno dia;Decrescente;C�u Claro;Dupla;Reta;Sim;2;0;1;0;1;0;1;2;-29,44995807;-51,96938451;SPRF-RS;DEL04-RS;UOP01-DEL04-RS;;;
702654;05/07/2025;s�bado;12:15:00;PE;232;27;MORENO;Rea��o tardia ou ineficiente do condutor;Queda de ocupante de ve�culo;Com V�timas Fatais;Pleno dia;Decrescente;C�u Claro;Dupla;Reta;N�o;3;1;0;0;2;0;0;2;-8,11313;-35,134;SPRF-PE;DEL02-PE;UOP02-DEL02PE;;;
702655;27/06/2025;sexta-feira;09:00:00;RS;290;346,5;SAO SEPE;Aus�ncia de rea��o do condutor;Colis�o traseira;Com V�timas Feridas;Pleno dia;Decrescente;C�u Claro;Simples;"Reta;Em Obras";N�o;6;0;4;0;2;0;4;2;-30,36613634;-53,64366531;SPRF-RS;DEL09-RS;UOP02-DEL09-RS;;;
702656;05/07/2025;s�bado;11:40:00;RS;116;252;SAPUCAIA DO SUL;Rea��o tardia ou ineficiente do condutor;Colis�o traseira;Com V�timas Feridas;Pleno dia;Crescente;Sol;M�ltipla;"Aclive;Reta;Viaduto";Sim;6;0;1;0;5;0;1;3;-29,81665061;-51,16958332;SPRF-RS;DEL01-RS;UOP02-DEL01-RS;;;
702657;05/07/2025;s�bado;12:20:00;RN;101;107;PARNAMIRIM;Aus�ncia de rea��o do condutor;Colis�o traseira;Com V�timas Feridas;Pleno dia;Crescente;C�u Claro;Simples;Reta;Sim;3;0;1;0;2;0;1;3;-5,921917;-35,264957;SPRF-RN;DEL01-RN;UOP01-DEL01-RN;;;
702658;05/07/2025;s�bado;08:30:00;PA;316;106;SANTA MARIA DO PARA;Aus�ncia de rea��o do condutor;Colis�o traseira;Com V�timas Feridas;Pleno dia;Crescente;C�u Claro;Simples;Reta;N�o;2;0;0;1;1;0;1;2;-1,33790552;-47,54334408;SPRF-PA;DEL01-PA;UOP02-DEL01-PA;;;
702659;05/07/2025;s�bado;12:45:00;PE;232;7;RECIFE;Acessar a via sem observar a presen�a dos outros ve�culos;Colis�o lateral mesmo sentido;Com V�timas Feridas;Pleno dia;Crescente;C�u Claro;M�ltipla;Reta;Sim;2;0;1;0;1;0;1;2;-8,075375;-34,969088;SPRF-PE;DEL01-PE;UOP01-DEL01-PE;;;
702660;05/07/2025;s�bado;11:00:00;PR;476;17;ADRIANOPOLIS;Aus�ncia de rea��o do condutor;Colis�o lateral sentido oposto;Com V�timas Feridas;Pleno dia;Crescente;C�u Claro;Simples;Curva;N�o;2;0;0;1;1;0;1;2;-24,736702;-48,989113;SPRF-PR;DEL01-PR;UOP01-DEL01-PR;;;
702661;19/06/2025;quinta-feira;21:35:00;MS;158;133,1;APARECIDA DO TABOADO;Condutor Dormindo;Colis�o lateral sentido oposto;Com V�timas Feridas;Plena Noite;Crescente;Ignorado;Simples;Curva;N�o;6;0;0;1;5;0;1;2;-19,973689;-51,111995;SPRF-MS;DEL08-MS;UOP01-DEL08-MS;;;
702663;05/07/2025;s�bado;12:40:00;GO;20;2;FORMOSA;Acessar a via sem observar a presen�a dos outros ve�culos;Colis�o transversal;Com V�timas Feridas;Pleno dia;Crescente;C�u Claro;Simples;Reta;Sim;7;0;3;0;4;0;3;3;-15,576152;-47,330024;SPRF-DF;DEL02-DF;UOP02-DEL02-DF;;;
702664;05/07/2025;s�bado;08:20:00;RO;364;66;VILHENA;Transitar na contram�o;Colis�o lateral mesmo sentido;Com V�timas Feridas;Pleno dia;Crescente;C�u Claro;Simples;Reta;N�o;1;0;1;0;0;0;1;1;-12,41243622;-60,60573578;SPRF-RO;DEL04-RO;UOP01-DEL04-RO;;;
702665;05/07/2025;s�bado;12:30:00;SP;116;135,7;SAO JOSE DOS CAMPOS;Manobra de mudan�a de faixa;Colis�o transversal;Com V�timas Feridas;Pleno dia;Crescente;Nublado;Dupla;Reta;N�o;2;0;1;0;1;0;1;2;-23,144484;-45,77018;SPRF-SP;DEL02-SP;UOP01-DEL02-SP;;;
702668;05/07/2025;s�bado;12:20:00;PB;230;58,7;CRUZ DO ESPIRITO SANTO;Entrada inopinada do pedestre;Atropelamento de Pedestre;Com V�timas Fatais;Pleno dia;Crescente;C�u Claro;Dupla;Reta;N�o;2;1;0;0;1;0;0;2;-7,204555;-35,135013;SPRF-PB;DEL01-PB;UOP02-DEL01-PB;;;
702669;05/07/2025;s�bado;13:05:00;SE;235;1,9;ARACAJU;Condutor deixou de manter dist�ncia do ve�culo da frente;Colis�o traseira;Com V�timas Feridas;Pleno dia;Crescente;C�u Claro;Dupla;"Desvio Tempor�rio;Declive;Viaduto;Reta";Sim;2;0;1;0;1;0;1;2;-10,90761287;-37,09203092;SPRF-SE;DEL01-SE;UOP01-DEL01-SE;;;
702671;05/07/2025;s�bado;13:30:00;SP;116;190;SANTA ISABEL;Acesso irregular;Colis�o traseira;Com V�timas Feridas;Pleno dia;Crescente;C�u Claro;Dupla;Reta;N�o;2;0;1;0;1;0;1;2;-23,36607722;-46,22911541;SPRF-SP;DEL01-SP;UOP01-DEL01-SP;;;
702674;05/07/2025;s�bado;13:45:00;ES;101;116;LINHARES;Acessar a via sem observar a presen�a dos outros ve�culos;Colis�o transversal;Com V�timas Feridas;Pleno dia;Decrescente;C�u Claro;Simples;Interse��o de Vias;N�o;3;0;1;0;2;0;1;2;-19,11790862;-40,06229687;SPRF-ES;DEL04-ES;UOP01-DEL04-ES;;;
702675;05/07/2025;s�bado;13:30:00;MG;40;649;CRISTIANO OTONI;Acessar a via sem observar a presen�a dos outros ve�culos;Colis�o transversal;Com V�timas Feridas;Pleno dia;Decrescente;C�u Claro;Simples;"Reta;Declive";N�o;3;0;3;0;0;0;3;2;-20,8249143;-43,80972058;SPRF-MG;DEL05-MG;UOP02-DEL05-MG;;;
702676;05/07/2025;s�bado;13:40:00;MG;381;839,4;SAO SEBASTIAO DA BELA VISTA;Desrespeitar a prefer�ncia no cruzamento;Colis�o transversal;Com V�timas Feridas;Pleno dia;Crescente;Sol;Dupla;Interse��o de Vias;Sim;3;0;2;0;1;0;2;2;-22,16119;-45,82949907;SPRF-MG;DEL16-MG;UOP01-DEL16-MG;;;
702677;05/07/2025;s�bado;12:40:00;BA;407;4;JUAZEIRO;Desrespeitar a prefer�ncia no cruzamento;Colis�o transversal;Com V�timas Feridas;Pleno dia;Crescente;C�u Claro;Simples;Rotat�ria;Sim;2;0;0;1;1;0;1;2;-9,4428507;-40,4930057;SPRF-PE;DEL06-PE;UOP01-DEL06-PE;;;
702680;05/07/2025;s�bado;11:20:00;MS;163;24,7;MUNDO NOVO;Ingest�o de �lcool pelo condutor;Tombamento;Com V�timas Feridas;Pleno dia;Decrescente;C�u Claro;Simples;Reta;N�o;3;0;1;0;0;2;1;2;-23,892318;-54,311501;SPRF-MS;DEL09-MS;UOP02-DEL09-MS;;;
702682;05/07/2025;s�bado;13:30:00;RN;101;83,7;NATAL;Demais falhas mec�nicas ou el�tricas;Eventos at�picos;Com V�timas Feridas;Pleno dia;Decrescente;C�u Claro;Dupla;Reta;Sim;2;0;1;0;0;1;1;2;-5,771893;-35,263798;SPRF-RN;DEL02-RN;UOP01-DEL02-RN;;;
702683;05/07/2025;s�bado;13:30:00;RS;116;258;ESTEIO;Pedestre andava na pista;Atropelamento de Pedestre;Com V�timas Feridas;Pleno dia;Decrescente;C�u Claro;Dupla;Reta;Sim;2;0;2;0;0;0;2;2;-29,84522954;-51,17768407;SPRF-RS;DEL01-RS;UOP02-DEL01-RS;;;
702684;05/07/2025;s�bado;12:40:00;MT;174;1;PONTES E LACERDA;Ingest�o de �lcool pelo condutor;Colis�o frontal;Com V�timas Feridas;Pleno dia;Decrescente;C�u Claro;Simples;Reta;Sim;2;0;1;0;1;0;1;2;-15,2467866;-59,3198238;SPRF-MT;DEL04-MT;UOP01-DEL04-MT;;;
702686;05/07/2025;s�bado;13:00:00;PI;316;310;PICOS;Ultrapassagem Indevida;Colis�o lateral mesmo sentido;Sem V�timas;Pleno dia;Crescente;C�u Claro;Dupla;Reta;Sim;4;0;0;0;2;2;0;2;-7,07574508;-41,4697454;SPRF-PI;DEL04-PI;UOP01-DEL04-PI;;;
702687;05/07/2025;s�bado;13:35:00;ES;101;253,7;SERRA;Rea��o tardia ou ineficiente do condutor;Sa�da de leito carro��vel;Sem V�timas;Pleno dia;Crescente;C�u Claro;Simples;Reta;N�o;1;0;0;0;0;1;0;1;-20,109502;-40,328113;SPRF-ES;DEL02-ES;UOP01-DEL02-ES;;;
702688;05/07/2025;s�bado;10:10:00;MT;163;622;NOVA MUTUM;Ultrapassagem Indevida;Sa�da de leito carro��vel;Com V�timas Feridas;Pleno dia;Decrescente;C�u Claro;Simples;Reta;N�o;1;0;1;0;0;0;1;1;-13,68643615;-56,03885651;SPRF-MT;DEL01-MT;UOP01-DEL01-MT;;;
702689;05/07/2025;s�bado;11:40:00;GO;153;311;RIALMA;Velocidade Incompat�vel;Sa�da de leito carro��vel;Com V�timas Feridas;Pleno dia;Decrescente;C�u Claro;Simples;Reta;N�o;1;0;1;0;0;0;1;1;-15,39670315;-49,54217143;SPRF-GO;DEL02-GO;UOP02-DEL02-GO;;;
702690;05/07/2025;s�bado;13:45:00;GO;153;506;APARECIDA DE GOIANIA;Estacionar ou parar em local proibido;Colis�o traseira;Com V�timas Feridas;Pleno dia;Crescente;Sol;Dupla;Reta;Sim;2;0;0;1;1;0;1;2;-16,7546205;-49,241019;SPRF-GO;DEL01-GO;UOP01-DEL01-GO;;;
702691;05/07/2025;s�bado;13:55:00;PE;101;129;ESCADA;Demais falhas mec�nicas ou el�tricas;Inc�ndio;Sem V�timas;Pleno dia;Crescente;C�u Claro;Dupla;Reta;Sim;1;0;0;0;1;0;0;1;-8,38715;-35,25156;SPRF-PE;DEL01-PE;UOP03-DEL01-PE;;;
702693;05/07/2025;s�bado;13:30:00;RJ;116;288;BARRA MANSA;Condutor Dormindo;Sa�da de leito carro��vel;Com V�timas Feridas;Pleno dia;Decrescente;C�u Claro;Dupla;Reta;N�o;1;0;1;0;0;0;1;1;-22,5302638;-44,1967143;SPRF-RJ;DEL07-RJ;UOP02-DEL07-RJ;;;
702698;05/07/2025;s�bado;09:30:00;PR;280;278,4;FLOR DA SERRA DO SUL;Velocidade Incompat�vel;Sa�da de leito carro��vel;Com V�timas Fatais;Pleno dia;Crescente;C�u Claro;Simples;Curva;N�o;4;1;1;0;0;2;1;1;-26,2462089;-53,2115302;SPRF-PR;DEL02-PR;UOP01-DEL02-PR;;;
702699;05/07/2025;s�bado;15:10:00;RS;116;255;ESTEIO;Rea��o tardia ou ineficiente do condutor;Tombamento;Com V�timas Feridas;Pleno dia;Crescente;C�u Claro;M�ltipla;Reta;Sim;1;0;1;0;0;0;1;1;-29,8328161;-51,17424902;SPRF-RS;DEL01-RS;UOP02-DEL01-RS;;;
702701;05/07/2025;s�bado;16:00:00;SC;280;38,9;ARAQUARI;Velocidade Incompat�vel;Colis�o com objeto;Com V�timas Feridas;Pleno dia;Crescente;C�u Claro;Simples;Em Obras;Sim;1;0;1;0;0;0;1;1;-26,448557;-48,836657;SPRF-SC;DEL03-SC;UOP03-DEL03-SC;;;
702702;05/07/2025;s�bado;16:00:00;RJ;101;474;ANGRA DOS REIS;Rea��o tardia ou ineficiente do condutor;Engavetamento;Com V�timas Feridas;Pleno dia;Decrescente;C�u Claro;Simples;"Declive;Reta";Sim;4;0;1;1;2;0;2;3;-22,9895676;-44,2418132;SPRF-RJ;DEL03-RJ;UOP03-DEL03-RJ;;;
702703;05/07/2025;s�bado;16:10:00;RN;304;306,4;PARNAMIRIM;Aus�ncia de rea��o do condutor;Colis�o traseira;Com V�timas Feridas;Pleno dia;Crescente;C�u Claro;Dupla;Reta;Sim;6;0;2;0;4;0;2;2;-5,889578;-35,265782;SPRF-RN;DEL01-RN;UOP02-DEL01-RN;;;
702704;05/07/2025;s�bado;15:50:00;ES;101;264,3;SERRA;Rea��o tardia ou ineficiente do condutor;Colis�o transversal;Com V�timas Feridas;Pleno dia;Crescente;C�u Claro;M�ltipla;Interse��o de Vias;Sim;4;0;1;2;1;0;3;3;-20,178604;-40,265467;SPRF-ES;DEL02-ES;UOP01-DEL02-ES;;;
702705;05/07/2025;s�bado;15:25:00;MG;40;455,7;CAETANOPOLIS;Rea��o tardia ou ineficiente do condutor;Colis�o traseira;Sem V�timas;Pleno dia;Crescente;Sol;Dupla;"Reta;Aclive";N�o;5;0;0;0;5;0;0;2;-19,35876;-44,34573;SPRF-MG;DEL02-MG;UOP01-DEL02-MG;;;
702706;05/07/2025;s�bado;15:30:00;MA;135;7;SAO LUIS;Condutor deixou de manter dist�ncia do ve�culo da frente;Colis�o lateral mesmo sentido;Sem V�timas;Pleno dia;Decrescente;C�u Claro;Dupla;"Rotat�ria;Retorno Regulamentado";Sim;2;0;0;0;0;2;0;2;-2,64071861;-44,2715764;SPRF-MA;DEL01-MA;UOP01-DEL01-MA;;;
702707;05/07/2025;s�bado;16:00:00;SC;470;127,9;LONTRAS;Manobra de mudan�a de faixa;Colis�o transversal;Com V�timas Feridas;Pleno dia;Crescente;C�u Claro;Simples;Curva;Sim;3;0;2;0;1;0;2;2;-27,1455588;-49,54962;SPRF-SC;DEL04-SC;UOP02-DEL04-SC;;;
702708;05/07/2025;s�bado;15:30:00;SP;116;122;CACAPAVA;Avarias e/ou desgaste excessivo no pneu;Tombamento;Com V�timas Feridas;Pleno dia;Crescente;Sol;Dupla;"Aclive;Reta";N�o;1;0;1;0;0;0;1;1;-23,07916377;-45,65776918;SPRF-SP;DEL02-SP;UOP02-DEL02-SP;;;
702709;05/07/2025;s�bado;16:10:00;SC;158;103,5;CUNHA PORA;Ultrapassagem Indevida;Sa�da de leito carro��vel;Com V�timas Feridas;Pleno dia;Decrescente;C�u Claro;Simples;"Aclive;Curva";N�o;1;0;0;1;0;0;1;1;-26,84361083;-53,17123861;SPRF-SC;DEL07-SC;UOP02-DEL07-SC;;;
702710;05/07/2025;s�bado;17:00:00;SC;101;192,6;BIGUACU;Condutor deixou de manter dist�ncia do ve�culo da frente;Colis�o traseira;Com V�timas Feridas;Pleno dia;Decrescente;C�u Claro;M�ltipla;Reta;N�o;2;0;1;0;1;0;1;2;-27,488158;-48,652682;SPRF-SC;DEL01-SC;UOP01-DEL01-SC;;;
702711;05/07/2025;s�bado;15:53:00;RN;101;137;ARES;Manobra de mudan�a de faixa;Colis�o com objeto;Com V�timas Feridas;Pleno dia;Decrescente;C�u Claro;Dupla;"Reta;Declive";N�o;1;0;1;0;0;0;1;1;-6,184197;-35,215115;SPRF-RN;DEL01-RN;UOP01-DEL01-RN;;;
702712;05/07/2025;s�bado;10:30:00;RJ;465;21;NOVA IGUACU;Trafegar com motocicleta (ou similar) entre as faixas;Colis�o frontal;Com V�timas Feridas;Pleno dia;Crescente;C�u Claro;Simples;Reta;Sim;3;0;1;1;1;0;2;2;-22,856695;-43,601663;SPRF-RJ;DEL06-RJ;UOP02-DEL06-RJ;;;
702713;05/07/2025;s�bado;17:00:00;MG;50;28;ARAGUARI;Velocidade Incompat�vel;Sa�da de leito carro��vel;Com V�timas Feridas;Anoitecer;Crescente;C�u Claro;Dupla;"Aclive;Reta";N�o;3;0;3;0;0;0;3;1;-18,44739228;-48,05033064;SPRF-MG;DEL15-MG;UOP02-DEL15-MG;;;
702714;05/07/2025;s�bado;17:00:00;ES;101;236,2;FUNDAO;Convers�o proibida;Colis�o transversal;Com V�timas Feridas;Anoitecer;Decrescente;C�u Claro;Simples;Curva;N�o;3;0;2;0;1;0;2;2;-19,9899069;-40,4134209;SPRF-ES;DEL02-ES;UOP01-DEL02-ES;;;
702715;05/07/2025;s�bado;01:40:00;MT;174;124;CACERES;Animais na Pista;Atropelamento de Animal;Sem V�timas;Plena Noite;Crescente;C�u Claro;Simples;Reta;N�o;1;0;0;0;1;0;0;1;-15,819958;-58,079899;SPRF-MT;DEL03-MT;UOP01-DEL03-MT;;;
702716;05/07/2025;s�bado;14:35:00;RJ;40;107;DUQUE DE CAXIAS;Rea��o tardia ou ineficiente do condutor;Colis�o com objeto;Com V�timas Feridas;Pleno dia;Crescente;C�u Claro;Dupla;Reta;Sim;1;0;1;0;0;0;1;1;-22,65869629;-43,28411951;SPRF-RJ;DEL01-RJ;UOP02-DEL01-RJ;;;
702717;05/07/2025;s�bado;14:20:00;MG;365;779,9;GURINHATA;Mal s�bito do condutor;Sa�da de leito carro��vel;Com V�timas Feridas;Pleno dia;Crescente;C�u Claro;Simples;Reta;N�o;2;0;1;1;0;0;2;1;-18,93940205;-49,81532412;SPRF-MG;DEL15-MG;UOP03-DEL15-MG;;;
702720;05/07/2025;s�bado;16:45:00;PR;376;227;APUCARANA;Avarias e/ou desgaste excessivo no pneu;Sa�da de leito carro��vel;Com V�timas Feridas;Pleno dia;Decrescente;C�u Claro;Dupla;"Reta;Aclive";N�o;1;0;1;0;0;0;1;1;-23,58214965;-51,55638099;SPRF-PR;DEL07-PR;UOP03-DEL07-PR;;;
702721;05/07/2025;s�bado;15:40:00;MG;116;606;SAO JOAO DO MANHUACU;Acessar a via sem observar a presen�a dos outros ve�culos;Colis�o transversal;Com V�timas Feridas;Pleno dia;Crescente;C�u Claro;Simples;"Rotat�ria;Retorno Regulamentado";Sim;3;0;1;1;1;0;2;2;-20,392664;-42,147475;SPRF-MG;DEL06-MG;UOP03-DEL06-MG;;;
702722;05/07/2025;s�bado;15:40:00;MT;364;231,2;RONDONOPOLIS;Avarias e/ou desgaste excessivo no pneu;Sa�da de leito carro��vel;Com V�timas Feridas;Pleno dia;Decrescente;C�u Claro;Dupla;Reta;N�o;2;0;1;0;1;0;1;1;-16,258625;-54,777799;SPRF-MT;DEL02-MT;UOP01-DEL02-MT;;;
702723;05/07/2025;s�bado;17:20:00;PB;230;152;CAMPINA GRANDE;Demais falhas na via;Queda de ocupante de ve�culo;Com V�timas Feridas;Anoitecer;Decrescente;Nublado;Simples;"Em Obras;Reta";Sim;2;0;1;0;1;0;1;1;-7,2697811;-35,8861591;SPRF-PB;DEL02-PB;UOP01-DEL02-PB;;;
702724;05/07/2025;s�bado;17:20:00;GO;40;10;LUZIANIA;Ingest�o de �lcool pelo condutor;Colis�o transversal;Sem V�timas;Pleno dia;Decrescente;C�u Claro;Dupla;"Retorno Regulamentado;Reta";Sim;2;0;0;0;2;0;0;2;-16,14363592;-47,94655323;SPRF-DF;DEL01-DF;UOP01-DEL01-DF;;;
702725;05/07/2025;s�bado;17:50:00;SP;116;285;ITAPECERICA DA SERRA;Aus�ncia de rea��o do condutor;Colis�o traseira;Com V�timas Feridas;Pleno dia;Decrescente;Nublado;Dupla;Reta;Sim;2;0;1;0;1;0;1;2;-23,6882212;-46,8613746;SPRF-SP;DEL04-SP;UOP01-DEL04-SP;;;
702726;05/07/2025;s�bado;17:20:00;PI;316;12,6;TERESINA;Demais falhas mec�nicas ou el�tricas;Eventos at�picos;Com V�timas Feridas;Anoitecer;Crescente;C�u Claro;M�ltipla;Reta;Sim;1;0;0;1;0;0;1;1;-5,20808119;-42,75586903;SPRF-PI;DEL01-PI;UOP02-DEL01-PI;;;
702727;05/07/2025;s�bado;18:05:00;SC;101;206,2;SAO JOSE;Rea��o tardia ou ineficiente do condutor;Colis�o traseira;Com V�timas Feridas;Plena Noite;Decrescente;Nublado;M�ltipla;Reta;Sim;2;0;1;0;1;0;1;2;-27,59306323;-48,61842871;SPRF-SC;DEL01-SC;UOP01-DEL01-SC;;;
702728;05/07/2025;s�bado;17:10:00;RO;364;343;JI-PARANA;Ultrapassagem Indevida;Colis�o lateral mesmo sentido;Com V�timas Feridas;Pleno dia;Crescente;Sol;Dupla;Reta;Sim;2;0;1;0;1;0;1;2;-10,881585;-61,940707;SPRF-RO;DEL02-RO;UOP01-DEL02-RO;;;