id;data_inversa;dia_semana;horario;uf;br;km;municipio;causa_acidente;tipo_acidente;classificacao_acidente;fase_dia;sentido_via;condicao_metereologica;tipo_pista;tracado_via;uso_solo;pessoas;mortos;feridos_leves;feridos_graves;ilesos;ignorados;feridos;veiculos;latitude;longitude;regional;delegacia;uop;;;
702729;05/07/2025;s�bado;17:30:00;RS;158;566,4;SANTANA DO LIVRAMENTO;Acessar a via sem observar a presen�a dos outros ve�culos;Colis�o transversal;Sem V�timas;Pleno dia;Crescente;C�u Claro;Simples;"Rotat�ria;Interse��o de Vias";Sim;2;0;0;0;2;0;0;2;-30,88045966;-55,50938845;SPRF-RS;DEL11-RS;UOP01-DEL11-RS;;;
702730;05/07/2025;s�bado;18:10:00;BA;116;18;VITORIA DA CONQUISTA;Transitar na contram�o;Colis�o frontal;Com V�timas Fatais;Plena Noite;Decrescente;Nublado;Simples;Curva;Sim;5;1;0;0;4;0;0;2;-14,896661;-40,832837;SPRF-BA;DEL08-BA;UOP01-DEL08-BA;;;
702731;05/07/2025;s�bado;13:00:00;BA;110;161;RIBEIRA DO POMBAL;Pista esburacada;Tombamento;Com V�timas Feridas;Pleno dia;Decrescente;Chuva;Simples;Reta;N�o;1;0;1;0;0;0;1;1;-10,741665;-38,499368;SPRF-BA;DEL07-BA;UOP02-DEL07-BA;;;
702732;05/07/2025;s�bado;18:20:00;SC;101;16,3;PALHOCA;Convers�o proibida;Colis�o transversal;Com V�timas Feridas;Plena Noite;Crescente;Ignorado;Simples;Reta;Sim;2;0;2;0;0;0;2;2;-27,66191963;-48,68461959;SPRF-SC;DEL03-SC;UOP01-DEL03-SC;;;
702734;05/07/2025;s�bado;18:00:00;PE;101;60;RECIFE;Acessar a via sem observar a presen�a dos outros ve�culos;Colis�o lateral mesmo sentido;Com V�timas Feridas;Plena Noite;Decrescente;C�u Claro;Dupla;Reta;Sim;3;0;1;0;2;0;1;2;-7,985546;-34,931687;SPRF-PE;DEL01-PE;UOP02-DEL01-PE;;;
702735;05/07/2025;s�bado;18:25:00;ES;101;102,3;LINHARES;Aus�ncia de rea��o do condutor;Sa�da de leito carro��vel;Com V�timas Feridas;Anoitecer;Crescente;C�u Claro;Simples;Reta;N�o;1;0;0;1;0;0;1;1;-19,00008307;-40,0046137;SPRF-ES;DEL04-ES;UOP01-DEL04-ES;;;
702736;05/07/2025;s�bado;18:50:00;BA;101;892;CARAVELAS;Ingest�o de �lcool pelo condutor;Colis�o frontal;Com V�timas Fatais;Plena Noite;Crescente;C�u Claro;Simples;Reta;N�o;8;4;1;3;0;0;4;2;-17,68440793;-39,77446675;SPRF-BA;DEL09-BA;UOP02-DEL09-BA;;;
702737;05/07/2025;s�bado;17:50:00;PI;343;310,1;ALTOS;Acessar a via sem observar a presen�a dos outros ve�culos;Colis�o transversal;Com V�timas Feridas;Anoitecer;Decrescente;C�u Claro;Simples;"Interse��o de Vias;Curva";Sim;2;0;1;0;1;0;1;2;-5,040508;-42,485215;SPRF-PI;DEL01-PI;UOP01-DEL01-PI;;;
702738;05/07/2025;s�bado;16:20:00;PR;163;159,2;LINDOESTE;Ingest�o de �lcool pelo condutor;Sa�da de leito carro��vel;Sem V�timas;Pleno dia;Crescente;C�u Claro;Dupla;"Declive;Curva";N�o;1;0;0;0;1;0;0;1;-25,318934;-53,59159;SPRF-PR;DEL05-PR;UOP05-DEL05-PR;;;
702739;05/07/2025;s�bado;16:00:00;RJ;0;0;RIO DE JANEIRO;Aus�ncia de rea��o do condutor;Colis�o traseira;Com V�timas Feridas;Pleno dia;N�o Informado;Sol;M�ltipla;Reta;Sim;2;0;1;0;1;0;1;2;-22,98054;-43,365787;SPRF-RJ;N/A;N/A;;;
702741;05/07/2025;s�bado;12:03:00;RJ;101;222;SILVA JARDIM;Aus�ncia de rea��o do condutor;Queda de ocupante de ve�culo;Com V�timas Feridas;Pleno dia;Crescente;C�u Claro;Dupla;Reta;N�o;1;0;1;0;0;0;1;1;-22,50589878;-42,29418163;SPRF-RJ;DEL02-RJ;UOP03-DEL02-RJ;;;
702742;05/07/2025;s�bado;18:50:00;GO;70;293;ITAPIRAPUA;Aus�ncia de rea��o do condutor;Capotamento;Com V�timas Feridas;Plena Noite;Crescente;Nublado;Simples;Reta;N�o;1;0;1;0;0;0;1;1;-15,82065568;-50,63717954;SPRF-GO;DEL04-GO;UOP02-DEL04-GO;;;
702744;05/07/2025;s�bado;19:10:00;MG;40;517,1;RIBEIRAO DAS NEVES;Manobra de mudan�a de faixa;Colis�o lateral mesmo sentido;Com V�timas Feridas;Plena Noite;Decrescente;C�u Claro;Dupla;Reta;Sim;3;0;0;1;2;0;1;2;-19,834636;-44,080257;SPRF-MG;DEL01-MG;UOP02-DEL01-MG;;;
702745;05/07/2025;s�bado;19:00:00;RJ;116;181;NOVA IGUACU;Demais falhas mec�nicas ou el�tricas;Inc�ndio;Sem V�timas;Plena Noite;Crescente;C�u Claro;M�ltipla;Reta;Sim;1;0;0;0;0;1;0;1;-22,7621719;-43,4213121;SPRF-RJ;DEL06-RJ;UOP01-DEL06-RJ;;;
702746;05/07/2025;s�bado;19:20:00;PE;232;8;RECIFE;Aus�ncia de rea��o do condutor;Colis�o traseira;Com V�timas Feridas;Plena Noite;Crescente;C�u Claro;Dupla;Reta;Sim;2;0;0;1;0;1;1;2;-8,075281;-34,968733;SPRF-PE;DEL01-PE;UOP01-DEL01-PE;;;
702747;16/02/2025;domingo;03:10:00;ES;101;353,5;ANCHIETA;Ingest�o de �lcool pelo condutor;Colis�o com objeto;Com V�timas Fatais;Plena Noite;Crescente;C�u Claro;Dupla;Reta;N�o;2;1;0;1;0;0;1;1;-20,682612;-40,66807151;SPRF-ES;DEL03-ES;UOP01-DEL03-ES;;;
702750;05/07/2025;s�bado;19:30:00;RJ;116;175;SAO JOAO DE MERITI;Trafegar com motocicleta (ou similar) entre as faixas;Colis�o traseira;Com V�timas Feridas;Plena Noite;Decrescente;C�u Claro;Dupla;Reta;Sim;4;0;2;0;2;0;2;3;-22,792984;-43,36681366;SPRF-RJ;DEL06-RJ;UOP01-DEL06-RJ;;;
702751;05/07/2025;s�bado;18:50:00;MG;381;941,5;EXTREMA;Ingest�o de �lcool pelo condutor;Colis�o com objeto;Sem V�timas;Plena Noite;Crescente;C�u Claro;Simples;Retorno Regulamentado;Sim;1;0;0;0;1;0;0;1;-22,831799;-46,316954;SPRF-MG;DEL16-MG;UOP03-DEL16-MG;;;
702753;05/07/2025;s�bado;18:30:00;RJ;101;397;RIO DE JANEIRO;Manobra de mudan�a de faixa;Colis�o traseira;Com V�timas Feridas;Plena Noite;Crescente;C�u Claro;Dupla;Reta;Sim;2;0;0;1;1;0;1;2;-22,88782816;-43,65736898;SPRF-RJ;DEL03-RJ;UOP01-DEL03-RJ;;;
702754;05/07/2025;s�bado;15:20:00;SC;285;50,9;TIMBE DO SUL;Demais falhas na via;Eventos at�picos;Com V�timas Feridas;Pleno dia;Crescente;C�u Claro;Simples;"Reta;Aclive;Em Obras";N�o;4;0;2;0;2;0;2;1;-28,80538956;-49,93776143;SPRF-SC;DEL02-SC;UOP02-DEL02-SC;;;
702755;05/07/2025;s�bado;19:40:00;PR;376;8,7;MARINGA;Rea��o tardia ou ineficiente do condutor;Colis�o com objeto;Com V�timas Feridas;Plena Noite;Crescente;C�u Claro;Dupla;"Reta;Aclive";N�o;2;0;2;0;0;0;2;1;-23,373095;-51,921816;SPRF-PR;DEL09-PR;UOP01-DEL09-PR;;;
702756;05/07/2025;s�bado;19:44:00;PB;361;83,3;PIANCO;Pedestre andava na pista;Atropelamento de Pedestre;Com V�timas Feridas;Plena Noite;Decrescente;C�u Claro;Simples;Reta;Sim;2;0;1;0;1;0;1;2;-7,198713;-37,926265;SPRF-PB;DEL03-PB;UOP01-DEL03-PB;;;
702758;05/07/2025;s�bado;19:30:00;GO;153;442;ANAPOLIS;Rea��o tardia ou ineficiente do condutor;Colis�o com objeto;Com V�timas Feridas;Plena Noite;Crescente;C�u Claro;Dupla;"Reta;Declive";Sim;3;0;1;1;1;0;2;1;-16,346338;-48,925852;SPRF-GO;DEL02-GO;UOP01-DEL02-GO;;;
702759;05/07/2025;s�bado;18:30:00;PR;369;72,6;SANTA MARIANA;Acessar a via sem observar a presen�a dos outros ve�culos;Colis�o transversal;Com V�timas Feridas;Plena Noite;Crescente;C�u Claro;Simples;Reta;N�o;3;0;1;2;0;0;3;2;-23,15520696;-50,51223993;SPRF-PR;DEL07-PR;UOP05-DEL07-PR;;;
702761;05/07/2025;s�bado;17:30:00;PA;316;81;SAO FRANCISCO DO PARA;Rea��o tardia ou ineficiente do condutor;Colis�o traseira;Sem V�timas;Pleno dia;Decrescente;C�u Claro;Simples;Reta;N�o;2;0;0;0;2;0;0;2;-1,30504513;-47,77406037;SPRF-PA;DEL01-PA;UOP02-DEL01-PA;;;
702762;05/07/2025;s�bado;18:14:00;SC;116;55,8;PAPANDUVA;Rea��o tardia ou ineficiente do condutor;Colis�o traseira;Sem V�timas;Plena Noite;Crescente;Nublado;Simples;Reta;N�o;3;0;0;0;3;0;0;2;-26,388902;-50,183503;SPRF-SC;DEL06-SC;UOP02-DEL06-SC;;;
702764;05/07/2025;s�bado;15:50:00;GO;158;243;JATAI;Ingest�o de �lcool pelo condutor;Colis�o com objeto;Com V�timas Feridas;Pleno dia;Crescente;Sol;Simples;Reta;N�o;3;0;0;2;1;0;2;1;-17,672807;-51,839582;SPRF-GO;DEL05-GO;UOP01-DEL05-GO;;;
702766;05/07/2025;s�bado;20:00:00;PR;369;182,2;ARAPONGAS;Desrespeitar a prefer�ncia no cruzamento;Colis�o transversal;Com V�timas Feridas;Plena Noite;Decrescente;C�u Claro;Dupla;Reta;Sim;2;0;1;1;0;0;2;2;-23,384188;-51,418957;SPRF-PR;DEL07-PR;UOP03-DEL07-PR;;;
702767;05/07/2025;s�bado;19:10:00;CE;222;164,6;IRAUCUBA;Acessar a via sem observar a presen�a dos outros ve�culos;Colis�o transversal;Com V�timas Feridas;Plena Noite;Crescente;C�u Claro;Simples;"Reta;Interse��o de Vias";Sim;6;0;1;0;5;0;1;2;-3,738801;-39,919181;SPRF-CE;DEL04-CE;UOP03-DEL04-CE;;;
702769;05/07/2025;s�bado;16:30:00;RJ;101;299;SAO GONCALO;Acessar a via sem observar a presen�a dos outros ve�culos;Atropelamento de Pedestre;Com V�timas Fatais;Anoitecer;Decrescente;C�u Claro;Dupla;Reta;Sim;3;1;0;0;2;0;0;2;-22,7868672;-43,0342144;SPRF-RJ;DEL02-RJ;UOP02-DEL02-RJ;;;
702770;05/07/2025;s�bado;18:45:00;SE;101;73,1;MARUIM;Animais na Pista;Atropelamento de Animal;Com V�timas Feridas;Plena Noite;Decrescente;Ignorado;Dupla;"Aclive;Curva";N�o;3;0;1;0;2;0;1;2;-10,75665026;-37,10462658;SPRF-SE;DEL01-SE;UOP01-DEL01-SE;;;
702771;05/07/2025;s�bado;20:30:00;SC;282;376,5;HERVAL DOESTE;Ingest�o de �lcool pelo condutor;Colis�o lateral sentido oposto;Com V�timas Feridas;Plena Noite;Crescente;C�u Claro;Simples;Declive;N�o;2;0;0;1;0;1;1;2;-27,221734;-51,459477;SPRF-SC;DEL07-SC;UOP05-DEL07-SC;;;
702772;05/07/2025;s�bado;21:10:00;GO;153;437;ANAPOLIS;Ingest�o de �lcool pelo condutor;Sa�da de leito carro��vel;Sem V�timas;Plena Noite;Decrescente;C�u Claro;Dupla;"Aclive;Em Obras;Desvio Tempor�rio";N�o;1;0;0;0;1;0;0;1;-16,2876106;-48,9441007;SPRF-GO;DEL02-GO;UOP01-DEL02-GO;;;
702774;05/07/2025;s�bado;20:55:00;PR;272;367,7;CAMPO MOURAO;Acessar a via sem observar a presen�a dos outros ve�culos;Colis�o transversal;Com V�timas Feridas;Plena Noite;Crescente;C�u Claro;Dupla;"Reta;Interse��o de Vias";Sim;2;0;0;2;0;0;2;2;-24,05266;-52,40693;SPRF-PR;DEL09-PR;UOP03-DEL09-PR;;;
702775;05/07/2025;s�bado;20:28:00;PB;104;130,6;QUEIMADAS;Desrespeitar a prefer�ncia no cruzamento;Colis�o transversal;Sem V�timas;Plena Noite;Crescente;C�u Claro;Simples;"Retorno Regulamentado;Interse��o de Vias;Desvio Tempor�rio;Em Obras;Reta";Sim;2;0;0;0;2;0;0;2;-7,28748843;-35,88986635;SPRF-PB;DEL02-PB;UOP03-DEL02-PB;;;
702777;05/07/2025;s�bado;21:00:00;PR;476;98;BOCAIUVA DO SUL;Transitar na contram�o;Colis�o lateral sentido oposto;Com V�timas Feridas;Plena Noite;Decrescente;C�u Claro;Simples;"Curva;Declive";N�o;5;0;5;0;0;0;5;2;-25,24975081;-49,1395038;SPRF-PR;DEL01-PR;UOP01-DEL01-PR;;;
702778;05/07/2025;s�bado;20:35:00;PR;476;185;LAPA;Aus�ncia de rea��o do condutor;Sa�da de leito carro��vel;Sem V�timas;Plena Noite;Crescente;C�u Claro;Simples;Reta;N�o;1;0;0;0;1;0;0;1;-25,71793201;-49,6457684;SPRF-PR;DEL01-PR;UOP06-DEL01-PR;;;
702779;05/07/2025;s�bado;21:00:00;MA;10;252;IMPERATRIZ;Aus�ncia de rea��o do condutor;Queda de ocupante de ve�culo;Com V�timas Feridas;Plena Noite;Crescente;C�u Claro;Dupla;"Reta;Retorno Regulamentado";Sim;2;0;2;0;0;0;2;1;-5,52685125;-47,47161865;SPRF-MA;DEL04-MA;UOP01-DEL04-MA;;;
702780;05/07/2025;s�bado;19:10:00;MS;163;248,2;DOURADOS;Aus�ncia de rea��o do condutor;Tombamento;Com V�timas Feridas;Plena Noite;Crescente;C�u Claro;Simples;"Reta;Rotat�ria";N�o;1;0;1;0;0;0;1;1;-22,320848;-54,819334;SPRF-MS;DEL04-MS;UOP02-DEL04-MS;;;
702781;05/07/2025;s�bado;19:10:00;SC;280;57,2;GUARAMIRIM;Ingest�o de �lcool pelo condutor;Colis�o traseira;Com V�timas Feridas;Plena Noite;Decrescente;Nublado;Simples;Reta;N�o;2;0;1;0;1;0;1;2;-26,477495;-49,013697;SPRF-SC;DEL03-SC;UOP03-DEL03-SC;;;
702782;05/07/2025;s�bado;20:46:00;BA;324;516;FEIRA DE SANTANA;Manobra de mudan�a de faixa;Colis�o traseira;Com V�timas Feridas;Plena Noite;Decrescente;C�u Claro;Simples;Reta;Sim;3;0;1;0;2;0;1;2;-12,25309453;-38,93258069;SPRF-BA;DEL02-BA;UOP01-DEL02-BA;;;
702783;05/07/2025;s�bado;20:40:00;GO;364;75;CACHOEIRA ALTA;Animais na Pista;Atropelamento de Animal;Com V�timas Feridas;Plena Noite;Decrescente;C�u Claro;Simples;Reta;N�o;3;0;1;0;2;0;1;1;-18,65216862;-51,00269979;SPRF-GO;DEL05-GO;UOP02-DEL05-GO;;;
702784;05/07/2025;s�bado;16:40:00;MS;262;433,4;DOIS IRMAOS DO BURITI;Afundamento ou ondula��o no pavimento;Sa�da de leito carro��vel;Com V�timas Feridas;Pleno dia;Decrescente;C�u Claro;Simples;Reta;N�o;4;0;2;0;2;0;2;1;-20,503205;-55,326985;SPRF-MS;DEL03-MS;UOP01-DEL03-MS;;;
702785;05/07/2025;s�bado;20:20:00;RS;287;406,5;SANTIAGO;Rea��o tardia ou ineficiente do condutor;Tombamento;Com V�timas Feridas;Plena Noite;Decrescente;C�u Claro;Simples;Reta;N�o;2;0;2;0;0;0;2;1;-29,11372;-54,910859;SPRF-RS;DEL12-RS;UOP02-DEL12-RS;;;
702788;05/07/2025;s�bado;19:00:00;AL;423;95,9;DELMIRO GOUVEIA;Demais falhas mec�nicas ou el�tricas;Inc�ndio;Sem V�timas;Plena Noite;Crescente;Nublado;Simples;Reta;N�o;1;0;0;0;0;1;0;1;-9,37832;-38,122747;SPRF-BA;DEL07-BA;UOP01-DEL07-BA;;;
702789;05/07/2025;s�bado;21:00:00;BA;101;42;ESPLANADA;Ilumina��o deficiente;Atropelamento de Pedestre;Com V�timas Feridas;Plena Noite;Crescente;Nublado;Simples;Curva;N�o;3;0;3;0;0;0;3;2;-11,820637;-37,979833;SPRF-SE;DEL02-SE;UOP03-DEL02-SE;;;
702792;05/07/2025;s�bado;21:30:00;RS;285;319,7;PASSO FUNDO;Ingest�o de �lcool pelo condutor;Colis�o com objeto;Com V�timas Feridas;Plena Noite;Decrescente;C�u Claro;Dupla;"Declive;Reta";N�o;2;0;1;0;1;0;1;2;-28,26802024;-52,61938032;SPRF-RS;DEL08-RS;UOP03-DEL08-RS;;;
702793;05/07/2025;s�bado;20:30:00;SC;101;395,1;CRICIUMA;Frear bruscamente;Capotamento;Sem V�timas;Plena Noite;Decrescente;C�u Claro;Simples;"Reta;Aclive";N�o;2;0;0;0;0;2;0;1;-28,823613;-49,402593;SPRF-SC;DEL02-SC;UOP02-DEL02-SC;;;
702795;05/07/2025;s�bado;22:40:00;PI;343;8;PARNAIBA;Ingest�o de �lcool pelo condutor;Tombamento;Sem V�timas;Plena Noite;Crescente;C�u Claro;Simples;Reta;Sim;1;0;0;0;1;0;0;1;-2,89996705;-41,72743678;SPRF-PI;DEL05-PI;UOP01-DEL05-PI;;;
702796;05/07/2025;s�bado;19:00:00;PR;163;14;BARRACAO;Ingest�o de �lcool pelo condutor;Colis�o transversal;Com V�timas Feridas;Plena Noite;Crescente;C�u Claro;Simples;Reta;N�o;3;0;1;0;2;0;1;2;-26,215421;-53,637895;SPRF-PR;DEL02-PR;UOP02-DEL02-PR;;;
702797;05/07/2025;s�bado;23:00:00;RN;304;97,2;ACU;Aus�ncia de rea��o do condutor;Colis�o traseira;Com V�timas Feridas;Plena Noite;Decrescente;C�u Claro;Simples;"Reta;Declive";N�o;2;0;0;1;1;0;1;2;-5,56541;-37,04663;SPRF-RN;DEL04-RN;UOP01-DEL04-RN;;;
702798;05/07/2025;s�bado;21:00:00;PR;272;377,8;CAMPO MOURAO;Ultrapassagem Indevida;Colis�o frontal;Com V�timas Feridas;Plena Noite;Decrescente;C�u Claro;Simples;"Declive;Reta";N�o;6;0;5;0;1;0;5;2;-24,06123814;-52,49825478;SPRF-PR;DEL09-PR;UOP03-DEL09-PR;;;
702801;05/07/2025;s�bado;22:45:00;SP;116;219;GUARULHOS;Condutor deixou de manter dist�ncia do ve�culo da frente;Colis�o traseira;Com V�timas Feridas;Plena Noite;Crescente;C�u Claro;M�ltipla;"Reta;Declive;Em Obras";N�o;5;0;0;1;4;0;1;2;-23,464234;-46,4976;SPRF-SP;DEL01-SP;UOP01-DEL01-SP;;;
702802;05/07/2025;s�bado;22:00:00;MG;40;616,9;CONGONHAS;Condutor Dormindo;Sa�da de leito carro��vel;Com V�timas Feridas;Plena Noite;Decrescente;Nublado;Simples;Curva;N�o;1;0;1;0;0;0;1;1;-20,55755606;-43,81384671;SPRF-MG;DEL05-MG;UOP02-DEL05-MG;;;
702806;05/07/2025;s�bado;18:50:00;PE;428;143,5;PETROLINA;Condutor Dormindo;Colis�o traseira;Com V�timas Feridas;Plena Noite;Decrescente;C�u Claro;Simples;Reta;N�o;2;0;1;0;0;1;1;2;-9,0197977;-40,28163888;SPRF-PE;DEL06-PE;UOP01-DEL06-PE;;;
702807;05/07/2025;s�bado;23:00:00;RJ;40;98;RIO DE JANEIRO;Avarias e/ou desgaste excessivo no pneu;Queda de ocupante de ve�culo;Com V�timas Feridas;Plena Noite;Crescente;C�u Claro;Dupla;Reta;N�o;1;0;1;0;0;0;1;1;-22,9146624;-43,2406528;SPRF-RJ;DEL01-RJ;UOP01-DEL01-RJ;;;
702808;05/07/2025;s�bado;22:05:00;SC;470;34,9;GASPAR;Aus�ncia de rea��o do condutor;Tombamento;Com V�timas Feridas;Plena Noite;Crescente;Ignorado;Simples;"Em Obras;Reta";N�o;1;0;0;1;0;0;1;1;-26,91270434;-48,96008849;SPRF-SC;DEL04-SC;UOP01-DEL04-SC;;;
702809;05/07/2025;s�bado;20:40:00;RS;285;340,2;CARAZINHO;Desrespeitar a prefer�ncia no cruzamento;Colis�o transversal;Com V�timas Feridas;Plena Noite;Crescente;C�u Claro;Simples;"Reta;Interse��o de Vias";N�o;2;0;0;1;1;0;1;2;-28,3176937;-52,80628888;SPRF-RS;DEL08-RS;UOP03-DEL08-RS;;;
702810;05/07/2025;s�bado;20:50:00;RJ;116;137;MAGE;Velocidade Incompat�vel;Colis�o com objeto;Com V�timas Feridas;Plena Noite;Crescente;Nublado;Dupla;Interse��o de Vias;Sim;3;0;1;0;1;1;1;3;-22,64809524;-43,1802492;SPRF-RJ;DEL04-RJ;UOP02-DEL04-RJ;;;
702811;05/07/2025;s�bado;22:50:00;SP;381;88;GUARULHOS;Aus�ncia de rea��o do condutor;Colis�o lateral mesmo sentido;Com V�timas Feridas;Plena Noite;Crescente;C�u Claro;M�ltipla;Reta;Sim;5;0;1;0;4;0;1;3;-23,48292832;-46,55997276;SPRF-SP;DEL03-SP;UOP01-DEL03-SP;;;
702813;05/07/2025;s�bado;21:00:00;MA;230;392;BALSAS;Acessar a via sem observar a presen�a dos outros ve�culos;Colis�o traseira;Com V�timas Feridas;Plena Noite;Crescente;C�u Claro;Simples;"Reta;Interse��o de Vias";N�o;4;0;0;1;2;1;1;2;-7,4300715;-46,001224;SPRF-MA;DEL05-MA;UOP01-DEL05-MA;;;
702815;05/07/2025;s�bado;22:00:00;MG;116;555,2;SANTA BARBARA DO LESTE;Ingest�o de �lcool pelo condutor;Sa�da de leito carro��vel;Com V�timas Feridas;Plena Noite;Decrescente;C�u Claro;Simples;Curva;N�o;2;0;2;0;0;0;2;1;-20,00056184;-42,14045435;SPRF-MG;DEL06-MG;UOP02-DEL06-MG;;;
702816;05/07/2025;s�bado;23:40:00;SC;101;229;PALHOCA;Acessar a via sem observar a presen�a dos outros ve�culos;Colis�o frontal;Com V�timas Feridas;Plena Noite;Decrescente;Nublado;Simples;"Reta;Viaduto";Sim;2;0;1;0;1;0;1;2;-27,768;-48,631;SPRF-SC;DEL01-SC;UOP02-DEL01-SC;;;
702817;05/07/2025;s�bado;21:00:00;MT;70;1,6;BARRA DO GARCAS;Acessar a via sem observar a presen�a dos outros ve�culos;Colis�o transversal;Com V�timas Feridas;Plena Noite;Decrescente;C�u Claro;Simples;Reta;Sim;2;0;1;0;1;0;1;2;-15,887002;-52,268786;SPRF-MT;DEL07-MT;UOP01-DEL07-MT;;;
702818;05/07/2025;s�bado;23:40:00;RS;386;44,5;SEBERI;Suic�dio (presumido);Colis�o frontal;Com V�timas Feridas;Plena Noite;Crescente;C�u Claro;Simples;Curva;N�o;2;0;0;2;0;0;2;2;-27,44333885;-53,41509234;SPRF-RS;DEL08-RS;UOP02-DEL08-RS;;;
702819;05/07/2025;s�bado;23:00:00;SC;280;31;ARAQUARI;Animais na Pista;Atropelamento de Animal;Com V�timas Feridas;Plena Noite;Crescente;Nublado;Simples;Reta;Sim;1;0;1;0;0;0;1;1;-26,417152;-48,774903;SPRF-SC;DEL03-SC;UOP03-DEL03-SC;;;
702820;05/07/2025;s�bado;23:50:00;AL;316;268,1;SATUBA;Rea��o tardia ou ineficiente do condutor;Colis�o frontal;Com V�timas Feridas;Plena Noite;Crescente;C�u Claro;Simples;Reta;N�o;3;0;1;0;2;0;1;3;-9,580385;-35,836339;SPRF-AL;DEL02-AL;UOP01-DEL02-AL;;;
702821;05/07/2025;s�bado;22:30:00;MS;60;424,7;SIDROLANDIA;Manobra de mudan�a de faixa;Colis�o lateral mesmo sentido;Com V�timas Feridas;Plena Noite;Decrescente;C�u Claro;Dupla;Reta;Sim;3;0;2;0;0;1;2;2;-20,93223974;-54,95918691;SPRF-MS;DEL01-MS;UOP04-DEL01-MS;;;
702822;05/07/2025;s�bado;23:00:00;RJ;101;313;SAO GONCALO;Condutor Dormindo;Colis�o com objeto;Sem V�timas;Plena Noite;Crescente;C�u Claro;Dupla;Reta;Sim;1;0;0;0;1;0;0;1;-22,81211437;-43,07232555;SPRF-RJ;DEL02-RJ;UOP02-DEL02-RJ;;;
702823;05/07/2025;s�bado;23:40:00;SC;470;315;CAMPOS NOVOS;Transitar na contram�o;Colis�o transversal;Sem V�timas;Plena Noite;Decrescente;C�u Claro;Simples;Reta;N�o;1;0;0;0;0;1;0;1;-27,3825788;-51,2392238;SPRF-SC;DEL07-SC;UOP06-DEL07-SC;;;
702825;05/07/2025;s�bado;23:30:00;PA;163;984;SANTAREM;Pedestre andava na pista;Atropelamento de Pedestre;Com V�timas Fatais;Plena Noite;Crescente;C�u Claro;Simples;Reta;N�o;2;1;0;0;0;1;0;2;-2,611861;-54,725222;SPRF-PA;DEL05-PA;UOP01-DEL05-PA;;;
702827;05/07/2025;s�bado;21:38:00;MT;158;605;NOVA NAZARE;Velocidade Incompat�vel;Sa�da de leito carro��vel;Com V�timas Feridas;Plena Noite;Decrescente;C�u Claro;Simples;Curva;N�o;2;0;2;0;0;0;2;1;-14,384;-52,17;SPRF-MT;DEL07-MT;UOP02-DEL07-MT;;;
702828;06/07/2025;domingo;00:10:00;ES;262;109,7;VENDA NOVA DO IMIGRANTE;Aus�ncia de rea��o do condutor;Colis�o com objeto;Com V�timas Feridas;Plena Noite;Crescente;Nublado;Simples;Reta;Sim;1;0;0;1;0;0;1;1;-20,3367383;-41,1807305;SPRF-ES;DEL01-ES;UOP02-DEL01-ES;;;
702829;05/07/2025;s�bado;21:00:00;MS;60;417,1;SIDROLANDIA;Ingest�o de �lcool pelo condutor;Colis�o com objeto;Sem V�timas;Plena Noite;Crescente;C�u Claro;Simples;"Retorno Regulamentado;Em Obras";N�o;2;0;0;0;2;0;0;1;-20,898866;-54,89833;SPRF-MS;DEL01-MS;UOP04-DEL01-MS;;;
702830;06/07/2025;domingo;00:10:00;MG;365;682;MONTE ALEGRE DE MINAS;Aus�ncia de rea��o do condutor;Sa�da de leito carro��vel;Sem V�timas;Plena Noite;Crescente;C�u Claro;Dupla;Reta;N�o;1;0;0;0;1;0;0;1;-18,85;-48,835;SPRF-MG;DEL15-MG;UOP01-DEL15-MG;;;
702831;06/07/2025;domingo;01:00:00;SC;101;72,8;ARAQUARI;Condutor Dormindo;Sa�da de leito carro��vel;Com V�timas Feridas;Plena Noite;Decrescente;C�u Claro;Dupla;Reta;N�o;1;0;0;1;0;0;1;1;-26,61033843;-48,63412714;SPRF-SC;DEL03-SC;UOP02-DEL03-SC;;;
702832;06/07/2025;domingo;01:50:00;PB;101;87,3;JOAO PESSOA;Acessar a via sem observar a presen�a dos outros ve�culos;Colis�o traseira;Com V�timas Feridas;Plena Noite;Decrescente;C�u Claro;Dupla;Reta;Sim;3;0;1;2;0;0;3;2;-7,1612102;-34,9044462;SPRF-PB;DEL01-PB;UOP01-DEL01-PB;;;
702833;06/07/2025;domingo;00:20:00;RJ;40;110;DUQUE DE CAXIAS;Rea��o tardia ou ineficiente do condutor;Colis�o com objeto;Com V�timas Feridas;Plena Noite;Decrescente;C�u Claro;Dupla;Reta;Sim;2;0;2;0;0;0;2;1;-22,68720147;-43,28587532;SPRF-RJ;DEL01-RJ;UOP02-DEL01-RJ;;;
702834;06/07/2025;domingo;01:20:00;PE;407;129;PETROLINA;Rea��o tardia ou ineficiente do condutor;Colis�o com objeto;Sem V�timas;Plena Noite;Decrescente;C�u Claro;Dupla;Ponte;Sim;3;0;0;0;3;0;0;2;-9,4060193;-40,5050892;SPRF-PE;DEL06-PE;UOP01-DEL06-PE;;;
702836;06/07/2025;domingo;01:50:00;PE;424;101;BREJAO;Aus�ncia de rea��o do condutor;Colis�o traseira;Com V�timas Fatais;Plena Noite;Crescente;C�u Claro;Dupla;Reta;N�o;1;1;0;0;0;0;0;1;-8,972043;-36,521556;SPRF-PE;DEL03-PE;UOP01-DEL03-PE;;;