id;data_inversa;dia_semana;horario;uf;br;km;municipio;causa_acidente;tipo_acidente;classificacao_acidente;fase_dia;sentido_via;condicao_metereologica;tipo_pista;tracado_via;uso_solo;pessoas;mortos;feridos_leves;feridos_graves;ilesos;ignorados;feridos;veiculos;latitude;longitude;regional;delegacia;uop;;;
702837;05/07/2025;s�bado;22:30:00;PI;316;243;INHUMA;Acessar a via sem observar a presen�a dos outros ve�culos;Colis�o transversal;Com V�timas Fatais;Plena Noite;Crescente;C�u Claro;Simples;Reta;N�o;2;1;0;0;1;0;0;2;-6,679427;-41,71885;SPRF-PI;DEL04-PI;UOP02-DEL04-PI;;;
702838;06/07/2025;domingo;02:00:00;PI;343;4;TERESINA;Condutor desrespeitou a ilumina��o vermelha do sem�foro;Colis�o transversal;Com V�timas Feridas;Plena Noite;Crescente;C�u Claro;Dupla;Reta;Sim;2;0;1;0;0;1;1;2;-5,08031421;-42,78994238;SPRF-PI;DEL01-PI;UOP01-DEL01-PI;;;
702839;06/07/2025;domingo;02:30:00;BA;410;1;RIBEIRA DO POMBAL;Ingest�o de �lcool pelo condutor;Sa�da de leito carro��vel;Com V�timas Feridas;Plena Noite;Crescente;Garoa/Chuvisco;Simples;Reta;N�o;1;0;0;1;0;0;1;1;-10,818813;-38,53556;SPRF-BA;DEL07-BA;UOP02-DEL07-BA;;;
702840;06/07/2025;domingo;02:50:00;SC;282;215;LAGES;Rea��o tardia ou ineficiente do condutor;Sa�da de leito carro��vel;Sem V�timas;Plena Noite;Crescente;C�u Claro;Simples;Rotat�ria;Sim;1;0;0;0;0;1;0;1;-27,79433762;-50,28478361;SPRF-SC;DEL05-SC;UOP01-DEL05-SC;;;
702841;06/07/2025;domingo;02:20:00;SC;101;137,1;BALNEARIO CAMBORIU;Rea��o tardia ou ineficiente do condutor;Sa�da de leito carro��vel;Sem V�timas;Plena Noite;Crescente;Nevoeiro/Neblina;M�ltipla;Reta;Sim;1;0;0;0;1;0;0;1;-27,01704974;-48,61144423;SPRF-SC;DEL04-SC;UOP03-DEL04-SC;;;
702842;06/07/2025;domingo;02:25:00;SP;116;51,9;LORENA;Condutor deixou de manter dist�ncia do ve�culo da frente;Colis�o traseira;Com V�timas Feridas;Plena Noite;Crescente;C�u Claro;Dupla;Reta;Sim;1;0;1;0;0;0;1;1;-22,74407789;-45,09588616;SPRF-SP;DEL08-SP;UOP02-DEL08-SP;;;
702844;06/07/2025;domingo;02:00:00;MG;40;530;CONTAGEM;Pedestre andava na pista;Atropelamento de Pedestre;Com V�timas Feridas;Plena Noite;Decrescente;C�u Claro;Dupla;"Declive;Curva";Sim;2;0;0;1;0;1;1;2;-19,91825293;-44,02822495;SPRF-MG;DEL01-MG;UOP02-DEL01-MG;;;
702845;06/07/2025;domingo;03:05:00;GO;153;426,2;ANAPOLIS;Ingest�o de �lcool pelo condutor;Colis�o com objeto;Com V�timas Feridas;Plena Noite;Crescente;C�u Claro;M�ltipla;"Reta;Declive";Sim;1;0;1;0;0;0;1;1;-16,24195257;-49,00362611;SPRF-GO;DEL02-GO;UOP01-DEL02-GO;;;
702846;06/07/2025;domingo;04:00:00;SC;101;205,1;SAO JOSE;Rea��o tardia ou ineficiente do condutor;Colis�o com objeto;Com V�timas Feridas;Plena Noite;Decrescente;C�u Claro;M�ltipla;Reta;Sim;1;0;0;1;0;0;1;1;-27,58401;-48,61556;SPRF-SC;DEL01-SC;UOP01-DEL01-SC;;;
702847;06/07/2025;domingo;02:55:00;PR;116;128;FAZENDA RIO GRANDE;Velocidade Incompat�vel;Sa�da de leito carro��vel;Com V�timas Feridas;Plena Noite;Decrescente;Nevoeiro/Neblina;M�ltipla;Reta;Sim;3;0;1;0;1;1;1;2;-25,65791442;-49,31212155;SPRF-PR;DEL01-PR;UOP03-DEL01-PR;;;
702848;06/07/2025;domingo;04:15:00;ES;101;151;LINHARES;Condutor Dormindo;Tombamento;Com V�timas Feridas;Amanhecer;Crescente;Nublado;Simples;Declive;N�o;1;0;1;0;0;0;1;1;-19,40692036;-40,06387241;SPRF-ES;DEL04-ES;UOP01-DEL04-ES;;;
702849;06/07/2025;domingo;04:07:00;PI;230;306;FLORIANO;Aus�ncia de rea��o do condutor;Colis�o com objeto;Com V�timas Feridas;Plena Noite;Crescente;C�u Claro;Simples;"Curva;Interse��o de Vias;Rotat�ria";Sim;1;0;1;0;0;0;1;1;-6,786792;-42,993305;SPRF-PI;DEL03-PI;UOP01-DEL03-PI;;;
702851;06/07/2025;domingo;03:40:00;AL;104;93,2;MACEIO;Transitar no Acostamento;Atropelamento de Pedestre;Com V�timas Fatais;Plena Noite;Decrescente;C�u Claro;Dupla;Reta;Sim;2;1;0;0;0;1;0;2;-9,52397524;-35,77884167;SPRF-AL;DEL01-AL;UOP01-DEL01-AL;;;
702852;06/07/2025;domingo;04:15:00;RJ;116;172;NOVA IGUACU;Aus�ncia de rea��o do condutor;Atropelamento de Pedestre;Com V�timas Feridas;Amanhecer;Crescente;C�u Claro;Dupla;Reta;Sim;4;0;0;1;3;0;1;4;-22,7424094;-43,5085515;SPRF-RJ;DEL06-RJ;UOP01-DEL06-RJ;;;
702853;06/07/2025;domingo;04:45:00;SP;459;18,1;PIQUETE;Ingest�o de �lcool pelo condutor;Sa�da de leito carro��vel;Sem V�timas;Plena Noite;Crescente;Ignorado;Simples;"Aclive;Curva";N�o;2;0;0;0;0;2;0;2;-22,6180349;-45,1706521;SPRF-SP;DEL08-SP;UOP02-DEL08-SP;;;
702854;06/07/2025;domingo;04:40:00;RS;480;68;BARAO DE COTEGIPE;Ingest�o de �lcool pelo condutor;Sa�da de leito carro��vel;Sem V�timas;Plena Noite;Decrescente;C�u Claro;Simples;Curva;N�o;1;0;0;0;1;0;0;1;-27,63528621;-52,35358732;SPRF-RS;DEL08-RS;UOP04-DEL08-RS;;;
702855;06/07/2025;domingo;03:00:00;MG;40;184,4;JOAO PINHEIRO;Ingest�o de �lcool pelo condutor;Sa�da de leito carro��vel;Com V�timas Feridas;Plena Noite;Crescente;C�u Claro;Simples;Curva;N�o;1;0;1;0;0;0;1;1;-17,98983574;-45,95752716;SPRF-MG;DEL14-MG;UOP02-DEL14-MG;;;
702856;06/07/2025;domingo;03:55:00;SC;101;437,5;SOMBRIO;Ingest�o de �lcool pelo condutor;Colis�o com objeto;Com V�timas Feridas;Plena Noite;Crescente;C�u Claro;M�ltipla;Reta;N�o;1;0;1;0;0;0;1;1;-29,12355129;-49,6495235;SPRF-SC;DEL02-SC;UOP02-DEL02-SC;;;
702857;05/07/2025;s�bado;11:45:00;GO;153;491;GOIANIA;Estacionar ou parar em local proibido;Colis�o traseira;Com V�timas Feridas;Pleno dia;Crescente;C�u Claro;Dupla;Reta;N�o;2;0;0;1;1;0;1;2;-16,623827;-49,2056179;SPRF-GO;DEL01-GO;UOP01-DEL01-GO;;;
702858;06/07/2025;domingo;03:00:00;PI;135;364,5;BOM JESUS;Transitar na contram�o;Colis�o frontal;Com V�timas Fatais;Plena Noite;Crescente;C�u Claro;Simples;Reta;N�o;3;2;0;0;0;1;0;2;-9,157375;-44,418155;SPRF-PI;DEL03-PI;UOP02-DEL03-PI;;;
702859;06/07/2025;domingo;04:25:00;PR;153;244,2;IPIRANGA;Condutor Dormindo;Sa�da de leito carro��vel;Com V�timas Feridas;Plena Noite;Crescente;C�u Claro;Simples;Curva;N�o;3;0;2;1;0;0;3;1;-24,80776944;-50,47451123;SPRF-PR;DEL03-PR;UOP02-DEL03-PR;;;
702862;06/07/2025;domingo;06:42:00;RS;290;90;PORTO ALEGRE;Aus�ncia de rea��o do condutor;Sa�da de leito carro��vel;Sem V�timas;Pleno dia;Decrescente;C�u Claro;M�ltipla;Reta;N�o;1;0;0;0;1;0;0;1;-29,9696128;-51,1705088;SPRF-RS;DEL01-RS;UOP01-DEL01-RS;;;
702863;06/07/2025;domingo;06:00:00;GO;60;70;ABADIANIA;Ingest�o de �lcool pelo condutor;Sa�da de leito carro��vel;Sem V�timas;Amanhecer;Crescente;C�u Claro;Dupla;"Reta;Declive";N�o;4;0;0;0;2;2;0;2;-16,2466017;-48,7615467;SPRF-GO;DEL02-GO;UOP01-DEL02-GO;;;
702864;06/07/2025;domingo;07:00:00;GO;70;301;ITAPIRAPUA;Aus�ncia de rea��o do condutor;Capotamento;Com V�timas Feridas;Amanhecer;Crescente;Ignorado;Simples;"Declive;Reta";N�o;1;0;1;0;0;0;1;1;-15,843125;-50,7180667;SPRF-GO;DEL04-GO;UOP02-DEL04-GO;;;
702866;06/07/2025;domingo;06:29:00;PE;232;9;JABOATAO DOS GUARARAPES;Aus�ncia de rea��o do condutor;Colis�o traseira;Com V�timas Feridas;Pleno dia;Decrescente;Sol;M�ltipla;"Desvio Tempor�rio;Em Obras;Reta";Sim;4;0;2;1;1;0;3;3;-8,07826;-34,98174;SPRF-PE;DEL01-PE;UOP01-DEL01-PE;;;
702868;06/07/2025;domingo;06:20:00;PE;232;56;POMBOS;Acessar a via sem observar a presen�a dos outros ve�culos;Colis�o traseira;Com V�timas Feridas;Pleno dia;Decrescente;C�u Claro;Dupla;Retorno Regulamentado;N�o;2;0;0;1;1;0;1;2;-8,141777;-35,382359;SPRF-PE;DEL02-PE;UOP02-DEL02PE;;;
702870;06/07/2025;domingo;07:30:00;PE;232;5;RECIFE;Ingest�o de �lcool pelo condutor;Sa�da de leito carro��vel;Sem V�timas;Pleno dia;Crescente;C�u Claro;Simples;Curva;Sim;1;0;0;0;1;0;0;1;-8,065;-34,944349;SPRF-PE;DEL01-PE;UOP01-DEL01-PE;;;
702871;06/07/2025;domingo;06:00:00;SC;101;125,9;ITAJAI;Ingest�o de �lcool pelo condutor;Colis�o lateral mesmo sentido;Sem V�timas;Amanhecer;Crescente;Nublado;Dupla;Reta;N�o;2;0;0;0;2;0;0;2;-26,95531;-48,67978;SPRF-SC;DEL04-SC;UOP04-DEL04-SC;;;
702874;06/07/2025;domingo;08:00:00;RS;392;97;MORRO REDONDO;Aus�ncia de rea��o do condutor;Sa�da de leito carro��vel;Com V�timas Feridas;Amanhecer;Decrescente;Nevoeiro/Neblina;Simples;"Curva;Declive";N�o;1;0;0;1;0;0;1;1;-31,54840464;-52,56048203;SPRF-RS;DEL07-RS;UOP01-DEL07-RS;;;
702875;06/07/2025;domingo;07:00:00;GO;60;114;TEREZOPOLIS DE GOIAS;Rea��o tardia ou ineficiente do condutor;Colis�o traseira;Com V�timas Feridas;Pleno dia;Crescente;C�u Claro;Dupla;Reta;N�o;3;0;1;0;2;0;1;2;-16,46936;-49,071683;SPRF-GO;DEL01-GO;UOP01-DEL01-GO;;;
702877;06/07/2025;domingo;06:40:00;GO;153;425;ANAPOLIS;Acessar a via sem observar a presen�a dos outros ve�culos;Colis�o traseira;Com V�timas Feridas;Amanhecer;Crescente;C�u Claro;Dupla;Reta;N�o;2;0;1;1;0;0;2;2;-16,22251408;-49,0153694;SPRF-GO;DEL02-GO;UOP01-DEL02-GO;;;
702878;03/07/2025;quinta-feira;06:45:00;BA;235;85,5;JEREMOABO;Modifica��o proibida;Colis�o transversal;Com V�timas Feridas;Pleno dia;Decrescente;C�u Claro;Simples;Reta;N�o;2;0;0;1;1;0;1;2;-10,097452;-38,391765;SPRF-BA;DEL07-BA;UOP01-DEL07-BA;;;
702880;06/07/2025;domingo;02:20:00;MT;163;1040;MATUPA;Acessar a via sem observar a presen�a dos outros ve�culos;Colis�o frontal;Sem V�timas;Plena Noite;Crescente;C�u Claro;Simples;Reta;N�o;1;0;0;0;0;1;0;1;-10,1641;-54,9363;SPRF-MT;DEL06-MT;UOP03-DEL06-MT;;;
702881;06/07/2025;domingo;07:30:00;PR;163;278;MARECHAL CANDIDO RONDON;Aus�ncia de rea��o do condutor;Colis�o com objeto;Sem V�timas;Pleno dia;Crescente;C�u Claro;Dupla;Reta;N�o;1;0;0;0;0;1;0;1;-24,569158;-54,040369;SPRF-PR;DEL06-PR;UOP02-DEL06-PR;;;
702882;06/07/2025;domingo;06:16:00;PE;232;512;SALGUEIRO;Condutor deixou de manter dist�ncia do ve�culo da frente;Colis�o traseira;Com V�timas Feridas;Amanhecer;Crescente;C�u Claro;Simples;Reta;N�o;1;0;0;1;0;0;1;1;-8,073535;-39,15605;SPRF-PE;DEL05-PE;UOP01-DEL05-PE;;;
702883;06/07/2025;domingo;08:00:00;CE;222;2,7;FORTALEZA;Condutor desrespeitou a ilumina��o vermelha do sem�foro;Colis�o transversal;Com V�timas Feridas;Pleno dia;Crescente;C�u Claro;Dupla;Interse��o de Vias;Sim;3;0;3;0;0;0;3;2;-3,73997772;-38,59464884;SPRF-CE;DEL01-CE;UOP01-DEL01-CE;;;
702884;06/07/2025;domingo;08:30:00;TO;153;147;ARAGUAINA;Ingest�o de �lcool pelo condutor;Queda de ocupante de ve�culo;Com V�timas Feridas;Pleno dia;Crescente;Sol;Dupla;Reta;Sim;1;0;1;0;0;0;1;1;-7,222445;-48,248737;SPRF-TO;DEL02-TO;UOP01-DEL02-TO;;;
702887;06/07/2025;domingo;05:35:00;PR;476;273;SAO MATEUS DO SUL;Ingest�o de �lcool pelo condutor;Colis�o com objeto;Com V�timas Feridas;Amanhecer;Decrescente;Nevoeiro/Neblina;Simples;"Curva;Declive;Viaduto";Sim;1;0;1;0;0;0;1;1;-25,89437534;-50,37631631;SPRF-PR;DEL02-PR;UOP03-DEL02-PR;;;
702890;06/07/2025;domingo;01:40:00;RJ;493;23;MAGE;Manobra de mudan�a de faixa;Colis�o lateral mesmo sentido;Sem V�timas;Plena Noite;Decrescente;C�u Claro;Simples;Reta;Sim;2;0;0;0;2;0;0;2;-22,65701882;-43,06845906;SPRF-RJ;DEL04-RJ;UOP02-DEL04-RJ;;;
702891;06/07/2025;domingo;09:51:00;SP;116;350;MIRACATU;Rea��o tardia ou ineficiente do condutor;Capotamento;Com V�timas Feridas;Pleno dia;Crescente;C�u Claro;Dupla;"Declive;Curva";N�o;1;0;1;0;0;0;1;1;-24,26757766;-47,393207;SPRF-SP;DEL04-SP;UOP03-DEL04-SP;;;
702892;06/07/2025;domingo;07:00:00;RS;290;385;SANTA MARGARIDA DO SUL;Rea��o tardia ou ineficiente do condutor;Colis�o com objeto;Com V�timas Fatais;Amanhecer;Crescente;Nevoeiro/Neblina;Simples;"Reta;Ponte";N�o;1;1;0;0;0;0;0;1;-30,343311;-54,007589;SPRF-RS;DEL09-RS;UOP02-DEL09-RS;;;
702893;06/07/2025;domingo;04:00:00;PB;361;112;ITAPORANGA;Ingest�o de �lcool pelo condutor;Sa�da de leito carro��vel;Com V�timas Feridas;Amanhecer;Crescente;C�u Claro;Simples;Reta;Sim;3;0;2;0;0;1;2;1;-7,299125;-38,13926;SPRF-PB;DEL03-PB;UOP01-DEL03-PB;;;
702894;06/07/2025;domingo;09:10:00;RJ;40;70;PETROPOLIS;Velocidade Incompat�vel;Queda de ocupante de ve�culo;Com V�timas Feridas;Pleno dia;Decrescente;C�u Claro;Dupla;Reta;Sim;1;0;0;1;0;0;1;1;-22,43959091;-43,18004608;SPRF-RJ;DEL05-RJ;UOP02-DEL05-RJ;;;
702895;06/07/2025;domingo;09:20:00;SC;282;50,7;AGUAS MORNAS;Rea��o tardia ou ineficiente do condutor;Tombamento;Com V�timas Fatais;Pleno dia;Decrescente;C�u Claro;Simples;"Declive;Curva";N�o;2;1;0;0;0;1;0;2;-27,703975;-48,957972;SPRF-SC;DEL01-SC;UOP03-DEL01-SC;;;
702896;06/07/2025;domingo;07:00:00;GO;153;655,8;GOIATUBA;Condutor Dormindo;Sa�da de leito carro��vel;Sem V�timas;Pleno dia;Crescente;C�u Claro;Dupla;Reta;N�o;1;0;0;0;0;1;0;1;-18,010083;-49,262002;SPRF-GO;DEL03-GO;UOP01-DEL03-GO;;;
702897;06/07/2025;domingo;08:30:00;CE;116;167;RUSSAS;Ingest�o de �lcool pelo condutor;Colis�o lateral sentido oposto;Com V�timas Feridas;Pleno dia;Crescente;C�u Claro;Simples;Reta;N�o;5;0;5;0;0;0;5;3;-4,975;-38,014;SPRF-CE;DEL03-CE;UOP01-DEL03-CE;;;
702900;06/07/2025;domingo;10:40:00;RS;290;85;PORTO ALEGRE;Avarias e/ou desgaste excessivo no pneu;Tombamento;Com V�timas Feridas;Pleno dia;Decrescente;C�u Claro;M�ltipla;Reta;N�o;2;0;1;0;1;0;1;1;-29,96591357;-51,10161304;SPRF-RS;DEL01-RS;UOP01-DEL01-RS;;;
702901;06/07/2025;domingo;08:30:00;PE;424;90;GARANHUNS;Aus�ncia de rea��o do condutor;Queda de ocupante de ve�culo;Com V�timas Feridas;Pleno dia;Crescente;C�u Claro;Simples;Curva;Sim;2;0;1;1;0;0;2;1;-8,896997;-36,501997;SPRF-PE;DEL03-PE;UOP01-DEL03-PE;;;
702903;06/07/2025;domingo;10:30:00;SC;470;54,4;BLUMENAU;Aus�ncia de rea��o do condutor;Colis�o transversal;Com V�timas Feridas;Pleno dia;Decrescente;Nublado;Simples;Interse��o de Vias;N�o;2;0;1;0;1;0;1;2;-26,87350639;-49,11393849;SPRF-SC;DEL04-SC;UOP01-DEL04-SC;;;
702904;06/07/2025;domingo;11:00:00;PE;101;68;RECIFE;Avarias e/ou desgaste excessivo no pneu;Tombamento;Com V�timas Feridas;Pleno dia;Decrescente;C�u Claro;M�ltipla;Reta;Sim;2;0;2;0;0;0;2;1;-8,059161;-34,945801;SPRF-PE;DEL01-PE;UOP01-DEL01-PE;;;
702905;06/07/2025;domingo;10:00:00;PA;316;91;SAO FRANCISCO DO PARA;Aus�ncia de rea��o do condutor;Sa�da de leito carro��vel;Com V�timas Feridas;Pleno dia;Decrescente;C�u Claro;Simples;Reta;N�o;4;0;3;0;1;0;3;1;-1,30378139;-47,78744494;SPRF-PA;DEL01-PA;UOP02-DEL01-PA;;;
702906;06/07/2025;domingo;10:50:00;MG;381;572,8;ITAGUARA;Rea��o tardia ou ineficiente do condutor;Sa�da de leito carro��vel;Com V�timas Feridas;Pleno dia;Decrescente;C�u Claro;Dupla;"Declive;Reta";N�o;2;0;2;0;0;0;2;1;-20,433105;-44,553732;SPRF-MG;DEL04-MG;UOP03-DEL04-MG;;;
702907;26/06/2025;quinta-feira;13:45:00;RJ;0;0;RIO DE JANEIRO;Frear bruscamente;Colis�o traseira;Com V�timas Feridas;Pleno dia;N�o Informado;C�u Claro;Dupla;"Reta;Interse��o de Vias";Sim;3;0;1;0;1;1;1;3;-22,90494439;-43,19066612;SPRF-RJ;N/A;N/A;;;
702908;06/07/2025;domingo;09:30:00;PB;230;127,2;RIACHAO DO BACAMARTE;Aus�ncia de rea��o do condutor;Sa�da de leito carro��vel;Com V�timas Feridas;Pleno dia;Decrescente;Nublado;Dupla;"Curva;Aclive";N�o;1;0;0;1;0;0;1;1;-7,260238;-35,703197;SPRF-PB;DEL02-PB;UOP01-DEL02-PB;;;
702911;06/07/2025;domingo;11:15:00;MG;381;618,5;OLIVEIRA;Demais falhas mec�nicas ou el�tricas;Inc�ndio;Sem V�timas;Pleno dia;Decrescente;C�u Claro;Dupla;Reta;N�o;1;0;0;0;1;0;0;1;-20,74347239;-44,77209806;SPRF-MG;DEL04-MG;UOP01-DEL04-MG;;;
702912;06/07/2025;domingo;12:05:00;SC;280;130,6;RIO NEGRINHO;Acesso irregular;Colis�o transversal;Com V�timas Feridas;Pleno dia;Crescente;C�u Claro;Simples;"Reta;Aclive";Sim;4;0;1;3;0;0;4;2;-26,25412;-49,5354;SPRF-SC;DEL06-SC;UOP03-DEL06-SC;;;
702914;06/07/2025;domingo;11:00:00;PR;277;345;GUARAPUAVA;Rea��o tardia ou ineficiente do condutor;Colis�o com objeto;Com V�timas Feridas;Pleno dia;Crescente;C�u Claro;Dupla;"Declive;Curva;Viaduto";Sim;1;0;1;0;0;0;1;1;-25,36735;-51,49356;SPRF-PR;DEL08-PR;UOP01-DEL08-PR;;;
702915;06/07/2025;domingo;09:00:00;MT;163;546;DIAMANTINO;Demais falhas mec�nicas ou el�tricas;Inc�ndio;Sem V�timas;Pleno dia;Decrescente;C�u Claro;Dupla;Reta;N�o;1;0;0;0;1;0;0;1;-14,24068171;-56,12404862;SPRF-MT;DEL01-MT;UOP01-DEL01-MT;;;
702916;06/07/2025;domingo;12:00:00;PR;116;150,7;MANDIRITUBA;Condutor deixou de manter dist�ncia do ve�culo da frente;Colis�o traseira;Com V�timas Feridas;Pleno dia;Decrescente;C�u Claro;Simples;"Declive;Reta";N�o;5;0;1;0;4;0;1;2;-25,848476;-49,35431;SPRF-PR;DEL01-PR;UOP03-DEL01-PR;;;
702917;06/07/2025;domingo;13:10:00;PE;232;7,7;RECIFE;Frear bruscamente;Colis�o traseira;Com V�timas Feridas;Pleno dia;Decrescente;C�u Claro;M�ltipla;Reta;N�o;3;0;2;0;1;0;2;2;-8,075398;-34,967843;SPRF-PE;DEL01-PE;UOP01-DEL01-PE;;;
702918;06/07/2025;domingo;13:05:00;PB;101;87,6;JOAO PESSOA;Mal s�bito do condutor;Tombamento;Com V�timas Feridas;Pleno dia;Decrescente;C�u Claro;Dupla;Reta;Sim;1;0;1;0;0;0;1;1;-7,162237;-34,902955;SPRF-PB;DEL01-PB;UOP01-DEL01-PB;;;
702919;06/07/2025;domingo;12:00:00;BA;324;518;FEIRA DE SANTANA;Condutor deixou de manter dist�ncia do ve�culo da frente;Colis�o traseira;Com V�timas Feridas;Pleno dia;Decrescente;Chuva;Simples;"Reta;Em Obras";Sim;2;0;0;1;1;0;1;2;-12,26775136;-38,93388961;SPRF-BA;DEL02-BA;UOP01-DEL02-BA;;;
702920;06/07/2025;domingo;13:30:00;RJ;101;562;PARATY;Acessar a via sem observar a presen�a dos outros ve�culos;Colis�o transversal;Com V�timas Feridas;Pleno dia;Decrescente;C�u Claro;Simples;Reta;N�o;6;0;3;1;2;0;4;2;-23,12316934;-44,70961137;SPRF-RJ;DEL03-RJ;UOP04-DEL03-RJ;;;
702921;06/07/2025;domingo;14:10:00;RJ;116;81;TERESOPOLIS;Retorno proibido;Colis�o transversal;Com V�timas Feridas;Pleno dia;Decrescente;Sol;Simples;Reta;N�o;2;0;1;0;1;0;1;2;-22,39146776;-42,95318723;SPRF-RJ;DEL04-RJ;UOP01-DEL04-RJ;;;
702922;06/07/2025;domingo;14:15:00;RJ;116;171;RIO DE JANEIRO;Acessar a via sem observar a presen�a dos outros ve�culos;Colis�o transversal;Com V�timas Feridas;Pleno dia;Crescente;Nublado;Dupla;Interse��o de Vias;Sim;2;0;1;0;1;0;1;2;-22,80500895;-43,34465358;SPRF-RJ;DEL06-RJ;UOP01-DEL06-RJ;;;
702924;16/06/2025;segunda-feira;12:00:00;TO;153;400;MIRANORTE;Aus�ncia de rea��o do condutor;Sa�da de leito carro��vel;Com V�timas Feridas;Pleno dia;Crescente;C�u Claro;Simples;Reta;N�o;1;0;1;0;0;0;1;1;-9,46434372;-48,58001947;SPRF-TO;DEL02-TO;UOP02-DEL02-TO;;;
702925;06/07/2025;domingo;14:00:00;SC;470;36,2;SALETE;Ultrapassagem Indevida;Colis�o lateral mesmo sentido;Com V�timas Feridas;Pleno dia;Crescente;C�u Claro;Dupla;Reta;N�o;5;0;1;0;4;0;1;2;-26,91319;-49,97154;SPRF-SC;DEL04-SC;UOP01-DEL04-SC;;;
702927;06/07/2025;domingo;11:40:00;RO;364;14;VILHENA;Acessar a via sem observar a presen�a dos outros ve�culos;Colis�o transversal;Com V�timas Feridas;Pleno dia;Crescente;C�u Claro;Dupla;Reta;Sim;3;0;1;0;2;0;1;2;-12,73943816;-60,13629945;SPRF-RO;DEL04-RO;UOP01-DEL04-RO;;;
702928;06/07/2025;domingo;14:50:00;PR;376;241;APUCARANA;Condutor Dormindo;Sa�da de leito carro��vel;Com V�timas Feridas;Pleno dia;Crescente;C�u Claro;Dupla;"Aclive;Reta";N�o;1;0;0;1;0;0;1;1;-23,58198064;-51,44377582;SPRF-PR;DEL07-PR;UOP03-DEL07-PR;;;
702930;06/07/2025;domingo;15:12:00;SP;116;304,5;SAO LOURENCO DA SERRA;Rea��o tardia ou ineficiente do condutor;Sa�da de leito carro��vel;Com V�timas Feridas;Pleno dia;Crescente;C�u Claro;Dupla;Reta;Sim;2;0;2;0;0;0;2;1;-23,84470784;-46,93393707;SPRF-SP;DEL04-SP;UOP01-DEL04-SP;;;
702931;06/07/2025;domingo;15:00:00;SC;101;221,5;PALHOCA;Rea��o tardia ou ineficiente do condutor;Colis�o traseira;Com V�timas Feridas;Pleno dia;Decrescente;Sol;Dupla;Reta;Sim;2;0;1;0;1;0;1;2;-27,70513998;-48,65809321;SPRF-SC;DEL01-SC;UOP02-DEL01-SC;;;
702932;06/07/2025;domingo;15:00:00;GO;153;438;ANAPOLIS;Acessar a via sem observar a presen�a dos outros ve�culos;Colis�o traseira;Com V�timas Feridas;Pleno dia;Crescente;Sol;Dupla;"Curva;Declive";Sim;6;0;2;0;4;0;2;2;-16,313933;-48,921665;SPRF-GO;DEL02-GO;UOP01-DEL02-GO;;;
702933;06/07/2025;domingo;12:00:00;MT;163;568,5;NOVA MUTUM;Demais falhas mec�nicas ou el�tricas;Queda de ocupante de ve�culo;Com V�timas Feridas;Pleno dia;Crescente;Sol;Dupla;Reta;N�o;2;0;2;0;0;0;2;1;-14,13524394;-56,10786438;SPRF-MT;DEL01-MT;UOP01-DEL01-MT;;;
702934;06/07/2025;domingo;14:22:00;RS;386;274,2;FONTOURA XAVIER;Convers�o proibida;Colis�o transversal;Com V�timas Feridas;Pleno dia;Decrescente;C�u Claro;Simples;"Aclive;Curva";N�o;6;0;1;0;5;0;1;2;-29,00434959;-52,34998655;SPRF-RS;DEL04-RS;UOP03-DEL04-RS;;;
702935;06/07/2025;domingo;15:10:00;RJ;116;283;BARRA MANSA;Rea��o tardia ou ineficiente do condutor;Colis�o lateral mesmo sentido;Com V�timas Feridas;Pleno dia;Decrescente;C�u Claro;Dupla;Aclive;N�o;3;0;2;0;1;0;2;2;-22,513715;-44,21082833;SPRF-RJ;DEL07-RJ;UOP02-DEL07-RJ;;;
702936;06/07/2025;domingo;15:35:00;SC;101;349,5;JAGUARUNA;Avarias e/ou desgaste excessivo no pneu;Tombamento;Com V�timas Feridas;Pleno dia;Crescente;C�u Claro;Dupla;"Curva;Aclive";N�o;2;0;2;0;0;0;2;1;-28,60457061;-49,05674122;SPRF-SC;DEL02-SC;UOP01-DEL02-SC;;;
702937;06/07/2025;domingo;15:00:00;SP;116;565;BARRA DO TURVO;Avarias e/ou desgaste excessivo no pneu;Tombamento;Com V�timas Feridas;Pleno dia;Crescente;C�u Claro;Dupla;Reta;N�o;2;0;1;0;1;0;1;1;-25,036;-48,543;SPRF-SP;DEL05-SP;UOP02-DEL05-SP;;;
702938;06/07/2025;domingo;14:45:00;MS;163;744;COXIM;Aus�ncia de rea��o do condutor;Sa�da de leito carro��vel;Com V�timas Feridas;Pleno dia;Crescente;C�u Claro;Simples;Reta;N�o;3;0;0;1;2;0;1;1;-18,371167;-54,66501;SPRF-MS;DEL06-MS;UOP01-DEL06-MS;;;
702939;06/07/2025;domingo;15:49:00;ES;101;259;SERRA;Convers�o proibida;Colis�o transversal;Com V�timas Feridas;Pleno dia;Decrescente;C�u Claro;Dupla;Reta;Sim;2;0;1;0;1;0;1;2;-20,138375;-40,292264;SPRF-ES;DEL02-ES;UOP01-DEL02-ES;;;
702940;06/07/2025;domingo;15:10:00;RJ;116;284;BARRA MANSA;Condutor deixou de manter dist�ncia do ve�culo da frente;Engavetamento;Com V�timas Feridas;Pleno dia;Decrescente;C�u Claro;Dupla;"Aclive;Reta";N�o;5;0;1;0;4;0;1;3;-22,51349759;-44,21192106;SPRF-RJ;DEL07-RJ;UOP02-DEL07-RJ;;;
702941;06/07/2025;domingo;15:15:00;SP;381;79;SAO PAULO;Transitar na contram�o;Colis�o transversal;Com V�timas Feridas;Pleno dia;Decrescente;C�u Claro;Simples;Interse��o de Vias;Sim;3;0;1;0;2;0;1;2;-23,40861;-46,58044;SPRF-SP;DEL03-SP;UOP01-DEL03-SP;;;