id;data_inversa;dia_semana;horario;uf;br;km;municipio;causa_acidente;tipo_acidente;classificacao_acidente;fase_dia;sentido_via;condicao_metereologica;tipo_pista;tracado_via;uso_solo;pessoas;mortos;feridos_leves;feridos_graves;ilesos;ignorados;feridos;veiculos;latitude;longitude;regional;delegacia;uop;;;
702942;06/07/2025;domingo;15:15:00;RS;285;511,3;VITORIA DAS MISSOES;Ultrapassagem Indevida;Colis�o frontal;Com V�timas Feridas;Pleno dia;Decrescente;Sol;Simples;Curva;N�o;3;0;3;0;0;0;3;2;-28,401757;-54,386332;SPRF-RS;DEL10-RS;UOP01-DEL10-RS;;;
702943;06/07/2025;domingo;15:50:00;BA;324;611;SIMOES FILHO;Ingest�o de �lcool pelo condutor;Sa�da de leito carro��vel;Com V�timas Feridas;Pleno dia;Decrescente;Nublado;Dupla;"Aclive;Reta";Sim;1;0;1;0;0;0;1;1;-12,8515101;-38,4181578;SPRF-BA;DEL01-BA;UOP01-DEL01-BA;;;
702945;06/07/2025;domingo;12:15:00;SC;101;149,7;ITAPEMA;Manobra de mudan�a de faixa;Colis�o lateral mesmo sentido;Com V�timas Feridas;Pleno dia;Crescente;Sol;Dupla;Reta;Sim;2;0;2;0;0;0;2;2;-27,115316;-48,610021;SPRF-SC;DEL04-SC;UOP03-DEL04-SC;;;
702947;06/07/2025;domingo;12:00:00;MG;381;216,4;BELO ORIENTE;Velocidade Incompat�vel;Capotamento;Com V�timas Feridas;Pleno dia;Crescente;C�u Claro;Simples;Curva;N�o;1;0;0;1;0;0;1;1;-19,29348406;-42,35606074;SPRF-MG;DEL06-MG;UOP01-DEL06-MG;;;
702948;06/07/2025;domingo;16:25:00;SC;101;83,5;BARRA VELHA;Rea��o tardia ou ineficiente do condutor;Sa�da de leito carro��vel;Com V�timas Feridas;Pleno dia;Decrescente;C�u Claro;M�ltipla;Reta;N�o;1;0;1;0;0;0;1;1;-26,62302;-48,7153;SPRF-SC;DEL03-SC;UOP02-DEL03-SC;;;
702949;06/07/2025;domingo;16:30:00;SC;158;114;CUNHA PORA;Ingest�o de �lcool pelo condutor;Colis�o lateral sentido oposto;Com V�timas Feridas;Pleno dia;Crescente;Sol;Simples;Reta;N�o;5;0;1;0;4;0;1;2;-26,91744666;-53,19238687;SPRF-SC;DEL07-SC;UOP02-DEL07-SC;;;
702950;06/07/2025;domingo;16:35:00;PB;230;152;CAMPINA GRANDE;Condutor deixou de manter dist�ncia do ve�culo da frente;Colis�o traseira;Com V�timas Feridas;Pleno dia;Crescente;C�u Claro;Simples;"Desvio Tempor�rio;Declive;Em Obras;Viaduto";N�o;5;0;1;0;4;0;1;2;-7,270328;-35,884427;SPRF-PB;DEL02-PB;UOP01-DEL02-PB;;;
702951;06/07/2025;domingo;15:50:00;PR;277;116;CAMPO LARGO;Mal s�bito do condutor;Sa�da de leito carro��vel;Com V�timas Feridas;Pleno dia;Decrescente;C�u Claro;Dupla;Reta;N�o;2;0;2;0;0;0;2;1;-25,4460648;-49,47057724;SPRF-PR;DEL03-PR;UOP03-DEL03-PR;;;
702952;06/07/2025;domingo;16:40:00;RJ;116;135;MAGE;Trafegar com motocicleta (ou similar) entre as faixas;Colis�o lateral mesmo sentido;Com V�timas Feridas;Pleno dia;Crescente;C�u Claro;Dupla;Reta;Sim;2;0;1;0;1;0;1;2;-22,650802;-43,168165;SPRF-RJ;DEL04-RJ;UOP02-DEL04-RJ;;;
702953;06/07/2025;domingo;16:40:00;MG;40;425,1;PARAOPEBA;Demais falhas mec�nicas ou el�tricas;Inc�ndio;Sem V�timas;Pleno dia;Decrescente;C�u Claro;Dupla;"Reta;Declive";N�o;1;0;0;0;1;0;0;1;-19,16459572;-44,51974578;SPRF-MG;DEL02-MG;UOP01-DEL02-MG;;;
702954;06/07/2025;domingo;17:50:00;MG;381;501;BETIM;Trafegar com motocicleta (ou similar) entre as faixas;Colis�o traseira;Com V�timas Feridas;Anoitecer;Decrescente;C�u Claro;Dupla;Reta;N�o;3;0;2;0;1;0;2;2;-20,0132944;-44,22048643;SPRF-MG;DEL01-MG;UOP03-DEL01-MG;;;
702955;06/07/2025;domingo;17:32:00;PE;101;76,5;RECIFE;Animais na Pista;Atropelamento de Animal;Com V�timas Feridas;Anoitecer;Decrescente;C�u Claro;Dupla;Reta;Sim;2;0;1;0;1;0;1;1;-8,124551;-34,943788;SPRF-PE;DEL01-PE;UOP01-DEL01-PE;;;
702957;06/07/2025;domingo;14:05:00;RJ;0;0;RIO DE JANEIRO;Aus�ncia de rea��o do condutor;Queda de ocupante de ve�culo;Com V�timas Feridas;Pleno dia;N�o Informado;C�u Claro;Dupla;Reta;Sim;2;0;1;0;1;0;1;2;-22,98335126;-43,18979549;SPRF-RJ;N/A;N/A;;;
702958;06/07/2025;domingo;17:00:00;PE;232;289,7;SERTANIA;Transitar na contram�o;Colis�o frontal;Com V�timas Fatais;Pleno dia;Decrescente;C�u Claro;Simples;"Declive;Reta";N�o;2;1;1;0;0;0;1;2;-8,30852;-37,365935;SPRF-PE;DEL04-PE;UOP02-DEL04-PE;;;
702960;06/07/2025;domingo;17:10:00;SC;101;123,3;ITAJAI;Velocidade Incompat�vel;Sa�da de leito carro��vel;Com V�timas Feridas;Anoitecer;Decrescente;C�u Claro;M�ltipla;Curva;Sim;2;0;2;0;0;0;2;1;-26,93870176;-48,69642425;SPRF-SC;DEL04-SC;UOP04-DEL04-SC;;;
702962;06/07/2025;domingo;17:00:00;PR;277;703;SAO MIGUEL DO IGUACU;Rea��o tardia ou ineficiente do condutor;Sa�da de leito carro��vel;Sem V�timas;Pleno dia;Crescente;C�u Claro;Dupla;Reta;N�o;1;0;0;0;1;0;0;1;-25,42180352;-54,35533047;SPRF-PR;DEL05-PR;UOP01-DEL05-PR;;;
702964;06/07/2025;domingo;17:20:00;SC;101;118,4;ITAJAI;Trafegar com motocicleta (ou similar) entre as faixas;Colis�o lateral mesmo sentido;Com V�timas Feridas;Pleno dia;Crescente;C�u Claro;Dupla;Reta;Sim;3;0;2;0;1;0;2;2;-26,897;-48,71857;SPRF-SC;DEL04-SC;UOP04-DEL04-SC;;;
702965;06/07/2025;domingo;18:00:00;RJ;116;333;RESENDE;Aus�ncia de rea��o do condutor;Tombamento;Com V�timas Feridas;Plena Noite;Decrescente;C�u Claro;Dupla;Reta;N�o;2;0;1;1;0;0;2;1;-22,49228833;-44,653435;SPRF-RJ;DEL07-RJ;UOP02-DEL07-RJ;;;
702966;06/07/2025;domingo;17:45:00;SC;101;162,7;TIJUCAS;Pedestre cruzava a pista fora da faixa;Atropelamento de Pedestre;Com V�timas Feridas;Plena Noite;Decrescente;C�u Claro;Dupla;"Reta;Interse��o de Vias";Sim;2;0;0;1;1;0;1;2;-27,233064;-48,629948;SPRF-SC;DEL04-SC;UOP03-DEL04-SC;;;
702968;06/07/2025;domingo;18:00:00;SC;282;28;SANTO AMARO DA IMPERATRIZ;Ingest�o de �lcool pelo condutor;Colis�o frontal;Com V�timas Feridas;Plena Noite;Crescente;C�u Claro;Simples;Reta;Sim;3;0;2;1;0;0;3;2;-27,676395;-48,782113;SPRF-SC;DEL01-SC;UOP03-DEL01-SC;;;
702969;06/07/2025;domingo;15:50:00;RJ;101;576;PARATY;Acessar a via sem observar a presen�a dos outros ve�culos;Colis�o lateral sentido oposto;Com V�timas Feridas;Pleno dia;Crescente;Nublado;Simples;Reta;Sim;2;0;1;0;1;0;1;2;-23,22784867;-44,72690129;SPRF-RJ;DEL03-RJ;UOP04-DEL03-RJ;;;
702970;06/07/2025;domingo;15:00:00;MG;116;255;TEOFILO OTONI;Afundamento ou ondula��o no pavimento;Queda de ocupante de ve�culo;Com V�timas Feridas;Pleno dia;Decrescente;C�u Claro;Simples;"Curva;Em Obras";N�o;2;0;0;2;0;0;2;1;-17,682956;-41,485025;SPRF-MG;DEL11-MG;UOP01-DEL11-MG;;;
702973;06/07/2025;domingo;18:30:00;RN;101;104;PARNAMIRIM;Ingest�o de �lcool pelo condutor;Colis�o transversal;Com V�timas Feridas;Plena Noite;Decrescente;C�u Claro;Dupla;Reta;Sim;4;0;2;0;0;2;2;3;-5,8953934;-35,2576493;SPRF-RN;DEL01-RN;UOP01-DEL01-RN;;;
702975;06/07/2025;domingo;18:00:00;RJ;493;57;DUQUE DE CAXIAS;Manobra de mudan�a de faixa;Colis�o traseira;Com V�timas Feridas;Plena Noite;Crescente;C�u Claro;Dupla;Reta;N�o;10;0;2;0;8;0;2;3;-22,66807637;-43,37561882;SPRF-RJ;DEL01-RJ;UOP03-DEL01-RJ;;;
702976;06/07/2025;domingo;18:30:00;PE;232;185;BELO JARDIM;Ultrapassagem Indevida;Colis�o frontal;Com V�timas Fatais;Pleno dia;Crescente;C�u Claro;Simples;Reta;N�o;7;2;2;3;0;0;5;2;-8,352071;-36,473851;SPRF-PE;DEL03-PE;UOP02-DEL03-PE;;;
702978;06/07/2025;domingo;19:00:00;TO;153;347;GUARAI;Ingest�o de �lcool pelo condutor;Sa�da de leito carro��vel;Com V�timas Feridas;Plena Noite;Crescente;C�u Claro;Simples;Curva;N�o;2;0;1;1;0;0;2;1;-8,9509344;-48,49997538;SPRF-TO;DEL02-TO;UOP02-DEL02-TO;;;
702979;06/07/2025;domingo;19:12:00;CE;116;4,5;FORTALEZA;Aus�ncia de rea��o do condutor;Colis�o traseira;Com V�timas Feridas;Plena Noite;Decrescente;C�u Claro;Dupla;Reta;Sim;3;0;2;0;1;0;2;2;-3,792637;-38,5079134;SPRF-CE;DEL01-CE;UOP02-DEL01-CE;;;
702980;06/07/2025;domingo;19:25:00;RS;386;341,6;LAJEADO;Rea��o tardia ou ineficiente do condutor;Sa�da de leito carro��vel;Com V�timas Fatais;Plena Noite;Decrescente;C�u Claro;Dupla;"Interse��o de Vias;Viaduto;Reta";N�o;1;1;0;0;0;0;0;1;-29,4269574;-52,0190379;SPRF-RS;DEL04-RS;UOP01-DEL04-RS;;;
702982;06/07/2025;domingo;19:04:00;PR;277;64;SAO JOSE DOS PINHAIS;Demais falhas mec�nicas ou el�tricas;Sa�da de leito carro��vel;Sem V�timas;Plena Noite;Decrescente;C�u Claro;Dupla;Reta;N�o;1;0;0;0;1;0;0;1;-25,53975464;-49,06508314;SPRF-PR;DEL01-PR;UOP01-DEL01-PR;;;
702983;06/07/2025;domingo;15:40:00;MA;226;245,3;TUNTUM;Manobra de mudan�a de faixa;Colis�o frontal;Com V�timas Feridas;Pleno dia;Crescente;C�u Claro;Simples;Curva;N�o;4;0;1;2;1;0;3;2;-5,401672;-44,833498;SPRF-MA;DEL06-MA;UOP01-DEL06-MA;;;
702984;06/07/2025;domingo;16:40:00;RS;285;568,8;SAO LUIZ GONZAGA;Acessar a via sem observar a presen�a dos outros ve�culos;Colis�o transversal;Com V�timas Feridas;Pleno dia;Crescente;C�u Claro;Simples;"Declive;Reta";Sim;3;0;1;0;2;0;1;2;-28,41791372;-54,96558515;SPRF-RS;DEL12-RS;UOP01-DEL12-RS;;;
702985;06/07/2025;domingo;18:30:00;RJ;116;282;BARRA MANSA;Pedestre cruzava a pista fora da faixa;Atropelamento de Pedestre;Com V�timas Feridas;Plena Noite;Crescente;C�u Claro;Simples;Reta;N�o;2;0;0;1;1;0;1;2;-22,52659;-44,19794;SPRF-RJ;DEL07-RJ;UOP02-DEL07-RJ;;;
702986;06/07/2025;domingo;19:50:00;MT;70;1,4;BARRA DO GARCAS;Convers�o proibida;Colis�o transversal;Sem V�timas;Pleno dia;Crescente;C�u Claro;Simples;Reta;Sim;2;0;0;0;2;0;0;2;-15,889848;-52,264757;SPRF-MT;DEL07-MT;UOP01-DEL07-MT;;;
702987;06/07/2025;domingo;18:20:00;PB;361;5;PATOS;Acessar a via sem observar a presen�a dos outros ve�culos;Colis�o lateral sentido oposto;Com V�timas Feridas;Plena Noite;Crescente;C�u Claro;Simples;Reta;Sim;4;0;1;0;1;2;1;3;-7,034733;-37,304605;SPRF-PB;DEL03-PB;UOP01-DEL03-PB;;;
702988;06/07/2025;domingo;19:42:00;PE;101;69;RECIFE;Acessar a via sem observar a presen�a dos outros ve�culos;Colis�o transversal;Com V�timas Feridas;Plena Noite;Crescente;C�u Claro;M�ltipla;Reta;Sim;5;0;1;1;3;0;2;2;-8,063961;-34,944261;SPRF-PE;DEL01-PE;UOP01-DEL01-PE;;;
702989;06/07/2025;domingo;19:20:00;PI;230;310;FLORIANO;Ingest�o de �lcool pelo condutor;Colis�o traseira;Sem V�timas;Plena Noite;Decrescente;C�u Claro;Simples;Reta;Sim;3;0;0;0;2;1;0;2;-6,764833;-43,009822;SPRF-PI;DEL03-PI;UOP01-DEL03-PI;;;
702990;06/07/2025;domingo;19:00:00;AL;316;236;ATALAIA;Condutor deixou de manter dist�ncia do ve�culo da frente;Colis�o traseira;Com V�timas Feridas;Plena Noite;Crescente;C�u Claro;Simples;Reta;N�o;7;0;0;3;3;1;3;4;-9,5076458;-36,03515625;SPRF-AL;DEL01-AL;UOP01-DEL01-AL;;;
702991;06/07/2025;domingo;19:50:00;MG;40;513,8;RIBEIRAO DAS NEVES;Velocidade Incompat�vel;Sa�da de leito carro��vel;Com V�timas Feridas;Plena Noite;Decrescente;C�u Claro;Dupla;Curva;N�o;1;0;0;1;0;0;1;1;-19,8003233;-44,1011479;SPRF-MG;DEL01-MG;UOP02-DEL01-MG;;;
702992;06/07/2025;domingo;19:40:00;PE;407;128;PETROLINA;Condutor deixou de manter dist�ncia do ve�culo da frente;Colis�o traseira;Com V�timas Feridas;Plena Noite;Crescente;C�u Claro;Simples;Reta;Sim;5;0;1;0;4;0;1;3;-9,399277;-40,505632;SPRF-PE;DEL06-PE;UOP01-DEL06-PE;;;
702993;06/07/2025;domingo;15:35:00;MG;116;608,1;SAO JOAO DO MANHUACU;Acessar a via sem observar a presen�a dos outros ve�culos;Colis�o transversal;Com V�timas Feridas;Pleno dia;Decrescente;C�u Claro;Simples;Reta;N�o;2;0;1;0;1;0;1;2;-20,40074355;-42,15032676;SPRF-MG;DEL06-MG;UOP03-DEL06-MG;;;
702994;06/07/2025;domingo;18:45:00;RS;158;437,5;ROSARIO DO SUL;Acostamento em desn�vel;Capotamento;Com V�timas Feridas;Plena Noite;Decrescente;Nublado;Simples;Declive;N�o;4;0;1;1;2;0;2;1;-30,175983;-54,696415;SPRF-RS;DEL11-RS;UOP02-DEL11-RS;;;
702995;06/07/2025;domingo;17:25:00;SC;101;117,3;ITAJAI;Velocidade Incompat�vel;Colis�o lateral mesmo sentido;Sem V�timas;Pleno dia;Crescente;C�u Claro;M�ltipla;Reta;Sim;2;0;0;0;2;0;0;2;-26,88495808;-48,72323761;SPRF-SC;DEL04-SC;UOP04-DEL04-SC;;;
702996;06/07/2025;domingo;20:10:00;SP;116;138,5;SAO JOSE DOS CAMPOS;Rea��o tardia ou ineficiente do condutor;Sa�da de leito carro��vel;Sem V�timas;Plena Noite;Decrescente;C�u Claro;Dupla;Reta;N�o;1;0;0;0;1;0;0;1;-23,15714842;-45,79464331;SPRF-SP;DEL02-SP;UOP01-DEL02-SP;;;
702997;06/07/2025;domingo;20:00:00;GO;414;439;ANAPOLIS;Acessar a via sem observar a presen�a dos outros ve�culos;Colis�o lateral mesmo sentido;Com V�timas Feridas;Plena Noite;Crescente;C�u Claro;Dupla;Rotat�ria;N�o;2;0;0;1;0;1;1;2;-16,28719653;-48,9432714;SPRF-GO;DEL02-GO;UOP01-DEL02-GO;;;
702999;06/07/2025;domingo;18:30:00;BA;116;814;VITORIA DA CONQUISTA;Aus�ncia de rea��o do condutor;Colis�o transversal;Com V�timas Feridas;Plena Noite;Crescente;C�u Claro;Simples;Reta;Sim;2;0;1;0;1;0;1;2;-14,8069;-40,7862;SPRF-BA;DEL08-BA;UOP01-DEL08-BA;;;
703001;06/07/2025;domingo;12:40:00;SC;282;608;MARAVILHA;Acessar a via sem observar a presen�a dos outros ve�culos;Colis�o transversal;Com V�timas Feridas;Pleno dia;Crescente;C�u Claro;Simples;Reta;N�o;2;0;1;0;1;0;1;2;-26,7641002;-53,21771979;SPRF-SC;DEL07-SC;UOP02-DEL07-SC;;;
703002;06/07/2025;domingo;20:15:00;MG;354;747,6;POUSO ALTO;Demais falhas mec�nicas ou el�tricas;Inc�ndio;Sem V�timas;Plena Noite;Crescente;C�u Claro;Simples;Reta;N�o;1;0;0;0;1;0;0;1;-22,262922;-44,91395;SPRF-MG;DEL17-MG;UOP01-DEL17-MG;;;
703003;06/07/2025;domingo;18:00:00;SC;282;259,7;SAO JOSE DO CERRITO;Ultrapassagem Indevida;Colis�o lateral sentido oposto;Com V�timas Feridas;Anoitecer;Crescente;C�u Claro;Simples;Reta;Sim;2;0;0;1;1;0;1;2;-27,63959547;-50,597185;SPRF-SC;DEL05-SC;UOP02-DEL05-SC;;;
703005;06/07/2025;domingo;21:00:00;RN;304;302;MACAIBA;Pista esburacada;Sa�da de leito carro��vel;Com V�timas Feridas;Plena Noite;Crescente;Nublado;Dupla;Desvio Tempor�rio;Sim;1;0;0;1;0;0;1;1;-5,878953;-35,299877;SPRF-RN;DEL01-RN;UOP02-DEL01-RN;;;
703007;06/07/2025;domingo;17:15:00;MG;50;73;UBERLANDIA;Velocidade Incompat�vel;Colis�o traseira;Sem V�timas;Pleno dia;Crescente;C�u Claro;Dupla;Reta;N�o;2;0;0;0;2;0;0;2;-18,90382814;-48,23408747;SPRF-MG;DEL15-MG;UOP01-DEL15-MG;;;
703008;06/07/2025;domingo;18:00:00;SC;282;83,7;ALFREDO WAGNER;Rea��o tardia ou ineficiente do condutor;Colis�o transversal;Com V�timas Feridas;Plena Noite;Crescente;C�u Claro;Simples;Reta;N�o;6;0;0;4;2;0;4;3;-27,6722787;-49,20776367;SPRF-SC;DEL01-SC;UOP03-DEL01-SC;;;
703009;06/07/2025;domingo;17:35:00;SC;470;64;INDAIAL;Convers�o proibida;Colis�o transversal;Com V�timas Feridas;Anoitecer;Crescente;Nublado;Simples;Reta;Sim;2;0;1;0;1;0;1;2;-26,8697931;-49,20209734;SPRF-SC;DEL04-SC;UOP01-DEL04-SC;;;
703010;06/07/2025;domingo;21:15:00;RJ;101;87;CAMPOS DOS GOYTACAZES;Demais falhas mec�nicas ou el�tricas;Inc�ndio;Sem V�timas;Plena Noite;Decrescente;Nublado;Dupla;Curva;N�o;1;0;0;0;1;0;0;1;-21,835802;-41,503548;SPRF-RJ;DEL08-RJ;UOP02-DEL08-RJ;;;
703011;06/07/2025;domingo;21:50:00;SC;101;140,5;BALNEARIO CAMBORIU;Rea��o tardia ou ineficiente do condutor;Colis�o com objeto;Com V�timas Feridas;Plena Noite;Decrescente;Nublado;Dupla;"Reta;T�nel";Sim;1;0;0;1;0;0;1;1;-27,04433;-48,59988;SPRF-SC;DEL04-SC;UOP03-DEL04-SC;;;
703012;06/07/2025;domingo;18:50:00;SC;116;137,5;SANTA CECILIA;Aus�ncia de rea��o do condutor;Colis�o com objeto;Com V�timas Feridas;Plena Noite;Crescente;C�u Claro;Simples;Curva;N�o;3;0;3;0;0;0;3;1;-26,947425;-50,429006;SPRF-SC;DEL06-SC;UOP02-DEL06-SC;;;
703013;06/07/2025;domingo;21:30:00;MA;226;305;BARRA DO CORDA;Manobra de mudan�a de faixa;Colis�o frontal;Sem V�timas;Plena Noite;Decrescente;C�u Claro;Simples;Reta;N�o;2;0;0;0;2;0;0;2;-5,47246593;-45,28121781;SPRF-MA;DEL06-MA;UOP01-DEL06-MA;;;
703014;06/07/2025;domingo;20:00:00;GO;60;112;GOIANAPOLIS;Velocidade Incompat�vel;Colis�o com objeto;Sem V�timas;Plena Noite;Decrescente;C�u Claro;Dupla;Reta;N�o;1;0;0;0;0;1;0;1;-16,41279057;-49,0052855;SPRF-GO;DEL01-GO;UOP01-DEL01-GO;;;
703015;06/07/2025;domingo;20:30:00;SC;470;90;ASCURRA;Acessar a via sem observar a presen�a dos outros ve�culos;Colis�o transversal;Com V�timas Feridas;Plena Noite;Crescente;C�u Claro;Simples;Rotat�ria;Sim;2;0;1;0;0;1;1;2;-26,96205771;-49,37103208;SPRF-SC;DEL04-SC;UOP01-DEL04-SC;;;
703017;06/07/2025;domingo;18:45:00;SC;101;204;SAO JOSE;Ingest�o de �lcool pelo condutor;Colis�o lateral mesmo sentido;Sem V�timas;Plena Noite;Decrescente;C�u Claro;M�ltipla;"Reta;Interse��o de Vias";Sim;2;0;0;0;2;0;0;2;-27,58343735;-48,61517636;SPRF-SC;DEL01-SC;UOP01-DEL01-SC;;;
703018;06/07/2025;domingo;21:10:00;SC;282;533,2;CORDILHEIRA ALTA;Ingest�o de �lcool pelo condutor;Colis�o com objeto;Sem V�timas;Plena Noite;Crescente;C�u Claro;Simples;"Aclive;Curva";N�o;1;0;0;0;1;0;0;1;-26,99503025;-52,62732837;SPRF-SC;DEL07-SC;UOP01-DEL07-SC;;;
703019;06/07/2025;domingo;17:59:00;MA;402;39;MORROS;Acessar a via sem observar a presen�a dos outros ve�culos;Colis�o lateral mesmo sentido;Com V�timas Feridas;Anoitecer;Decrescente;C�u Claro;Simples;Reta;N�o;2;0;1;0;1;0;1;2;-2,85869174;-44,01054382;SPRF-MA;DEL01-MA;UOP01-DEL01-MA;;;
703020;06/07/2025;domingo;19:50:00;MS;267;193;NOVA ALVORADA DO SUL;Aus�ncia de rea��o do condutor;Sa�da de leito carro��vel;Com V�timas Feridas;Plena Noite;Crescente;C�u Claro;Simples;Reta;N�o;1;0;0;1;0;0;1;1;-21,60125804;-53,87420654;SPRF-MS;DEL02-MS;UOP03-DEL02-MS;;;
703021;06/07/2025;domingo;20:46:00;PR;373;401;CANDOI;Acessar a via sem observar a presen�a dos outros ve�culos;Colis�o transversal;Sem V�timas;Plena Noite;Crescente;C�u Claro;Simples;"Reta;Interse��o de Vias;Rotat�ria";Sim;2;0;0;0;2;0;0;2;-25,57374335;-52,05418702;SPRF-PR;DEL08-PR;UOP01-DEL08-PR;;;
703022;06/07/2025;domingo;20:30:00;SE;101;166,3;SANTA LUZIA DO ITANHY;Avarias e/ou desgaste excessivo no pneu;Colis�o com objeto;Sem V�timas;Plena Noite;Crescente;Chuva;Simples;Curva;N�o;1;0;0;0;1;0;0;1;-11,322169;-37,558909;SPRF-SE;DEL02-SE;UOP01-DEL02-SE;;;
703023;06/07/2025;domingo;18:15:00;SC;101;208,6;SAO JOSE;Rea��o tardia ou ineficiente do condutor;Colis�o traseira;Sem V�timas;Anoitecer;Decrescente;C�u Claro;Simples;Reta;Sim;5;0;0;0;5;0;0;3;-27,60766;-48,63624;SPRF-SC;DEL01-SC;UOP01-DEL01-SC;;;
703024;06/07/2025;domingo;22:00:00;RJ;495;1;TERESOPOLIS;Convers�o proibida;Colis�o transversal;Com V�timas Feridas;Plena Noite;Crescente;Nublado;Simples;Reta;N�o;2;0;1;0;1;0;1;2;-22,39697234;-42,98503574;SPRF-RJ;DEL04-RJ;UOP01-DEL04-RJ;;;
703025;06/07/2025;domingo;18:30:00;PA;316;186;SANTA LUZIA DO PARA;Transitar no Acostamento;Colis�o com objeto;Com V�timas Fatais;Plena Noite;Crescente;Chuva;Simples;Declive;N�o;5;1;0;2;2;0;2;2;-1,47475168;-46,95831299;SPRF-PA;DEL01-PA;UOP03-DEL01-PA;;;
703026;06/07/2025;domingo;21:00:00;SC;116;167,6;PONTE ALTA DO NORTE;Aus�ncia de rea��o do condutor;Sa�da de leito carro��vel;Sem V�timas;Plena Noite;Crescente;C�u Claro;Simples;Reta;Sim;1;0;0;0;1;0;0;1;-27,17341;-50,46359;SPRF-SC;DEL05-SC;UOP03-DEL05-SC;;;
703028;06/07/2025;domingo;21:55:00;PR;277;584;CASCAVEL;Rea��o tardia ou ineficiente do condutor;Colis�o transversal;Com V�timas Feridas;Plena Noite;Decrescente;C�u Claro;Dupla;Reta;Sim;2;0;1;0;0;1;1;2;-24,96472893;-53,40740629;SPRF-PR;DEL04-PR;UOP01-DEL04-PR;;;
703029;06/07/2025;domingo;20:00:00;MG;116;622,9;ORIZANIA;Aus�ncia de rea��o do condutor;Sa�da de leito carro��vel;Com V�timas Feridas;Plena Noite;Decrescente;C�u Claro;Simples;Reta;N�o;1;0;1;0;0;0;1;1;-20,57043903;-42,20741272;SPRF-MG;DEL07-MG;UOP02-DEL07-MG;;;
703030;06/07/2025;domingo;20:40:00;PB;104;142,9;QUEIMADAS;Rea��o tardia ou ineficiente do condutor;Sa�da de leito carro��vel;Com V�timas Feridas;Plena Noite;Decrescente;C�u Claro;Simples;"Aclive;Reta";N�o;1;0;0;1;0;0;1;1;-7,394635;-35,89755;SPRF-PB;DEL02-PB;UOP03-DEL02-PB;;;
703034;06/07/2025;domingo;21:30:00;SC;282;398,7;JOACABA;Velocidade Incompat�vel;Sa�da de leito carro��vel;Com V�timas Fatais;Plena Noite;Crescente;C�u Claro;Simples;"Aclive;Reta";N�o;1;1;0;0;0;0;0;1;-27,1454761;-51,6130133;SPRF-SC;DEL07-SC;UOP05-DEL07-SC;;;
703035;06/07/2025;domingo;22:35:00;SC;101;132,7;BALNEARIO CAMBORIU;Acessar a via sem observar a presen�a dos outros ve�culos;Colis�o traseira;Com V�timas Feridas;Plena Noite;Decrescente;C�u Claro;Dupla;"Reta;Declive;Interse��o de Vias";Sim;2;0;1;0;1;0;1;2;-26,99843;-48,64833;SPRF-SC;DEL04-SC;UOP03-DEL04-SC;;;
703037;06/07/2025;domingo;21:45:00;PI;343;141;PIRACURUCA;Aus�ncia de rea��o do condutor;Colis�o lateral mesmo sentido;Com V�timas Feridas;Plena Noite;Crescente;C�u Claro;Dupla;Reta;Sim;2;0;1;1;0;0;2;2;-3,93196;-41,71436;SPRF-PI;DEL02-PI;UOP01-DEL02-PI;;;
703041;06/07/2025;domingo;22:50:00;MS;163;488;CAMPO GRANDE;Acumulo de areia ou detritos sobre o pavimento;Tombamento;Com V�timas Feridas;Plena Noite;Crescente;C�u Claro;M�ltipla;"Reta;Em Obras";N�o;1;0;1;0;0;0;1;1;-20,413407;-54,550313;SPRF-MS;DEL01-MS;UOP02-DEL01-MS;;;
703042;06/07/2025;domingo;22:35:00;MG;116;527,4;CARATINGA;Acessar a via sem observar a presen�a dos outros ve�culos;Colis�o transversal;Com V�timas Feridas;Plena Noite;Decrescente;C�u Claro;Dupla;Reta;Sim;3;0;1;0;2;0;1;2;-19,792353;-42,137433;SPRF-MG;DEL06-MG;UOP02-DEL06-MG;;;
703043;06/07/2025;domingo;23:10:00;PR;376;188;MARIALVA;Aus�ncia de rea��o do condutor;Sa�da de leito carro��vel;Com V�timas Feridas;Plena Noite;Decrescente;C�u Claro;Dupla;"Reta;Declive";N�o;4;0;1;0;3;0;1;1;-23,45587;-51,846073;SPRF-PR;DEL09-PR;UOP01-DEL09-PR;;;
703045;06/07/2025;domingo;21:50:00;PE;232;54,9;POMBOS;Aus�ncia de rea��o do condutor;Colis�o traseira;Com V�timas Feridas;Plena Noite;Decrescente;C�u Claro;Dupla;Declive;N�o;2;0;1;0;1;0;1;2;-8,13175024;-35,3642038;SPRF-PE;DEL02-PE;UOP02-DEL02PE;;;
703046;06/07/2025;domingo;22:00:00;PR;153;3,5;IMBITUVA;Ingest�o de �lcool pelo condutor;Sa�da de leito carro��vel;Com V�timas Feridas;Plena Noite;Decrescente;Nublado;Simples;Reta;N�o;1;0;0;1;0;0;1;1;-25,20482467;-50,59852123;SPRF-PR;DEL03-PR;UOP01-DEL03-PR;;;