id;data_inversa;dia_semana;horario;uf;br;km;municipio;causa_acidente;tipo_acidente;classificacao_acidente;fase_dia;sentido_via;condicao_metereologica;tipo_pista;tracado_via;uso_solo;pessoas;mortos;feridos_leves;feridos_graves;ilesos;ignorados;feridos;veiculos;latitude;longitude;regional;delegacia;uop;;;
703049;06/07/2025;domingo;22:35:00;MG;381;401,3;NOVA UNIAO;Demais falhas mec�nicas ou el�tricas;Inc�ndio;Com V�timas Feridas;Plena Noite;Crescente;C�u Claro;Dupla;Curva;N�o;2;0;2;0;0;0;2;1;-19,752496;-43,540083;SPRF-MG;DEL01-MG;UOP01-DEL01-MG;;;
703050;06/07/2025;domingo;22:45:00;RO;364;732;PORTO VELHO;Pedestre andava na pista;Atropelamento de Pedestre;Com V�timas Fatais;Plena Noite;Crescente;C�u Claro;Simples;Reta;N�o;5;1;0;0;4;0;0;2;-8,914142;-63,966415;SPRF-RO;DEL01-RO;UOP01-DEL01-RO;;;
703051;06/07/2025;domingo;18:12:00;BA;324;569;SAO SEBASTIAO DO PASSE;Condutor deixou de manter dist�ncia do ve�culo da frente;Colis�o traseira;Sem V�timas;Plena Noite;Crescente;Chuva;Dupla;Reta;N�o;2;0;0;0;2;0;0;2;-12,548782;-38,577695;SPRF-BA;DEL01-BA;UOP01-DEL01-BA;;;
703052;07/07/2025;segunda-feira;00:00:00;SC;101;200,5;SAO JOSE;Pedestre andava na pista;Atropelamento de Pedestre;Com V�timas Fatais;Plena Noite;Crescente;C�u Claro;M�ltipla;"Reta;Aclive";Sim;2;1;0;0;0;1;0;2;-27,5444173;-48,620612;SPRF-SC;DEL01-SC;UOP01-DEL01-SC;;;
703053;06/07/2025;domingo;23:30:00;PI;343;14;PARNAIBA;Ingest�o de �lcool pelo condutor;Colis�o traseira;Com V�timas Feridas;Plena Noite;Crescente;C�u Claro;Dupla;Reta;Sim;4;0;2;0;2;0;2;3;-2,96307094;-41,75954461;SPRF-PI;DEL05-PI;UOP01-DEL05-PI;;;
703054;07/07/2025;segunda-feira;00:30:00;MG;40;770,5;JUIZ DE FORA;Velocidade Incompat�vel;Sa�da de leito carro��vel;Com V�timas Feridas;Plena Noite;Crescente;C�u Claro;Simples;"Curva;Interse��o de Vias";N�o;2;0;1;0;1;0;1;1;-21,62685684;-43,44717175;SPRF-MG;DEL05-MG;UOP01-DEL05-MG;;;
703055;06/07/2025;domingo;19:00:00;RJ;356;0;ITAPERUNA;Rea��o tardia ou ineficiente do condutor;Queda de ocupante de ve�culo;Com V�timas Feridas;Plena Noite;Decrescente;C�u Claro;Simples;Reta;N�o;1;0;1;0;0;0;1;1;-21,13748101;-42,1784219;SPRF-RJ;DEL08-RJ;UOP03-DEL08-RJ;;;
703056;07/07/2025;segunda-feira;01:06:00;MG;116;411,4;GOVERNADOR VALADARES;Velocidade Incompat�vel;Tombamento;Com V�timas Feridas;Plena Noite;Crescente;C�u Claro;Dupla;"Reta;Declive";Sim;1;0;1;0;0;0;1;1;-18,869457;-41,971019;SPRF-MG;DEL06-MG;UOP01-DEL06-MG;;;
703057;07/07/2025;segunda-feira;00:30:00;PR;469;12;CURITIBA;Ilumina��o deficiente;Colis�o frontal;Com V�timas Feridas;Plena Noite;Decrescente;C�u Claro;Simples;Reta;Sim;2;0;0;1;1;0;1;2;-25,4476288;-49,2470272;SPRF-PR;DEL05-PR;UOP04-DEL05-PR;;;
703058;07/07/2025;segunda-feira;03:10:00;RJ;393;186;PARAIBA DO SUL;Pedestre - Ingest�o de �lcool/ subst�ncias psicoativas;Atropelamento de Pedestre;Com V�timas Fatais;Plena Noite;Crescente;C�u Claro;Simples;Reta;N�o;2;1;0;0;0;1;0;2;-22,168461;-43,323254;SPRF-RJ;DEL05-RJ;UOP03-DEL05-RJ;;;
703065;07/07/2025;segunda-feira;05:05:00;SP;381;75;SAO PAULO;Aus�ncia de sinaliza��o;Colis�o transversal;Com V�timas Feridas;Plena Noite;Decrescente;Ignorado;M�ltipla;Curva;N�o;6;0;2;1;3;0;3;2;-23,38111717;-46,56373215;SPRF-SP;DEL03-SP;UOP01-DEL03-SP;;;
703066;07/07/2025;segunda-feira;05:00:00;SP;116;436;REGISTRO;Aus�ncia de rea��o do condutor;Colis�o traseira;Com V�timas Feridas;Amanhecer;Decrescente;C�u Claro;Dupla;Reta;N�o;2;0;1;0;1;0;1;2;-24,47777583;-47,82879612;SPRF-SP;DEL05-SP;UOP01-DEL05-SP;;;
703067;07/07/2025;segunda-feira;01:15:00;SP;116;225;GUARULHOS;Rea��o tardia ou ineficiente do condutor;Tombamento;Com V�timas Feridas;Plena Noite;Decrescente;Ignorado;M�ltipla;"Reta;Declive;Em Obras;Desvio Tempor�rio";Sim;1;0;1;0;0;0;1;1;-23,490986;-46,548981;SPRF-SP;DEL01-SP;UOP01-DEL01-SP;;;
703069;07/07/2025;segunda-feira;05:00:00;AL;104;58;MURICI;Animais na Pista;Atropelamento de Animal;Com V�timas Feridas;Amanhecer;Crescente;Nublado;Simples;Reta;N�o;2;0;0;1;1;0;1;2;-9,29053054;-35,96104145;SPRF-AL;DEL01-AL;UOP02-DEL01-AL;;;
703070;06/07/2025;domingo;19:30:00;BA;135;445;COCOS;Defici�ncia do Sistema de Ilumina��o/Sinaliza��o;Colis�o traseira;Com V�timas Fatais;Plena Noite;Crescente;C�u Claro;Simples;Reta;N�o;2;1;0;0;0;1;0;2;-14,126675;-44,534348;SPRF-BA;DEL10-BA;UOP02-DEL10-BA;;;
703071;07/07/2025;segunda-feira;05:30:00;PR;376;161,4;MARINGA;Pedestre cruzava a pista fora da faixa;Atropelamento de Pedestre;Com V�timas Feridas;Amanhecer;Crescente;C�u Claro;Dupla;"Retorno Regulamentado;Reta";N�o;2;0;2;0;0;0;2;2;-23,36817702;-52,06658823;SPRF-PR;DEL09-PR;UOP02-DEL09-PR;;;
703072;07/07/2025;segunda-feira;05:27:00;ES;101;264;SERRA;Condutor desrespeitou a ilumina��o vermelha do sem�foro;Colis�o transversal;Com V�timas Feridas;Pleno dia;Decrescente;C�u Claro;M�ltipla;Interse��o de Vias;Sim;3;0;1;0;2;0;1;2;-20,178502;-40,265286;SPRF-ES;DEL02-ES;UOP01-DEL02-ES;;;
703075;07/07/2025;segunda-feira;06:00:00;RJ;101;300;SAO GONCALO;Pedestre cruzava a pista fora da faixa;Atropelamento de Pedestre;Com V�timas Fatais;Amanhecer;Decrescente;C�u Claro;Dupla;"Declive;Reta";N�o;2;1;0;0;1;0;0;2;-22,77702884;-42,95065284;SPRF-RJ;DEL02-RJ;UOP02-DEL02-RJ;;;
703076;07/07/2025;segunda-feira;07:20:00;RS;392;352;SANTA MARIA;Condutor deixou de manter dist�ncia do ve�culo da frente;Colis�o traseira;Com V�timas Feridas;Amanhecer;Decrescente;Nevoeiro/Neblina;Dupla;Reta;N�o;2;0;1;0;1;0;1;2;-29,72408961;-53,80613985;SPRF-RS;DEL09-RS;UOP01-DEL09-RS;;;
703077;07/07/2025;segunda-feira;00:00:00;RS;290;126;ELDORADO DO SUL;Ingest�o de �lcool pelo condutor;Capotamento;Com V�timas Feridas;Plena Noite;Decrescente;Nevoeiro/Neblina;Simples;Reta;N�o;1;0;1;0;0;0;1;1;-30,05606101;-51,47122622;SPRF-RS;DEL02-RS;UOP01-DEL02-RS;;;
703078;07/07/2025;segunda-feira;06:20:00;MG;116;702,2;MURIAE;Acesso irregular;Colis�o lateral mesmo sentido;Com V�timas Feridas;Pleno dia;Decrescente;C�u Claro;Simples;Interse��o de Vias;Sim;2;0;1;0;1;0;1;2;-21,12498177;-42,38142589;SPRF-MG;DEL07-MG;UOP02-DEL07-MG;;;
703079;07/07/2025;segunda-feira;07:40:00;RJ;116;179;MESQUITA;Rea��o tardia ou ineficiente do condutor;Colis�o lateral mesmo sentido;Com V�timas Feridas;Pleno dia;Decrescente;C�u Claro;Dupla;Reta;Sim;3;0;1;0;2;0;1;2;-22,77618151;-43,39960098;SPRF-RJ;DEL06-RJ;UOP01-DEL06-RJ;;;
703080;07/07/2025;segunda-feira;07:20:00;RJ;116;179;MESQUITA;Aus�ncia de rea��o do condutor;Colis�o lateral mesmo sentido;Sem V�timas;Pleno dia;Decrescente;C�u Claro;Dupla;Reta;N�o;2;0;0;0;2;0;0;2;-22,7763;-43,39939;SPRF-RJ;DEL06-RJ;UOP01-DEL06-RJ;;;
703081;07/07/2025;segunda-feira;07:00:00;BA;324;621;SALVADOR;Condutor deixou de manter dist�ncia do ve�culo da frente;Colis�o lateral mesmo sentido;Com V�timas Feridas;Plena Noite;Crescente;Chuva;Dupla;Reta;Sim;2;0;1;0;1;0;1;2;-12,861983;-38,423038;SPRF-BA;DEL01-BA;UOP01-DEL01-BA;;;
703084;07/07/2025;segunda-feira;07:52:00;RN;101;105;PARNAMIRIM;Aus�ncia de rea��o do condutor;Colis�o traseira;Com V�timas Feridas;Pleno dia;Decrescente;Chuva;Dupla;Reta;Sim;2;0;1;0;1;0;1;2;-5,900225;-35,258948;SPRF-RN;DEL01-RN;UOP01-DEL01-RN;;;
703085;07/07/2025;segunda-feira;08:00:00;DF;40;3;BRASILIA;Rea��o tardia ou ineficiente do condutor;Engavetamento;Com V�timas Feridas;Pleno dia;Decrescente;C�u Claro;Dupla;"Reta;Declive;Viaduto";Sim;5;0;1;0;4;0;1;5;-16,0020169;-47,9862456;SPRF-DF;DEL01-DF;UOP01-DEL01-DF;;;
703088;07/07/2025;segunda-feira;07:15:00;RN;304;304,3;PARNAMIRIM;Acessar a via sem observar a presen�a dos outros ve�culos;Sa�da de leito carro��vel;Com V�timas Feridas;Pleno dia;Crescente;Garoa/Chuvisco;Dupla;Reta;N�o;1;0;0;1;0;0;1;1;-5,88622964;-35,27772188;SPRF-RN;DEL01-RN;UOP02-DEL01-RN;;;
703089;07/07/2025;segunda-feira;08:00:00;SC;101;201,5;SAO JOSE;Condutor deixou de manter dist�ncia do ve�culo da frente;Queda de ocupante de ve�culo;Com V�timas Feridas;Pleno dia;Crescente;C�u Claro;M�ltipla;Reta;N�o;1;0;1;0;0;0;1;1;-27,553287;-48,619552;SPRF-SC;DEL01-SC;UOP01-DEL01-SC;;;
703090;07/07/2025;segunda-feira;07:00:00;GO;153;117;TEREZOPOLIS DE GOIAS;Rea��o tardia ou ineficiente do condutor;Colis�o traseira;Com V�timas Feridas;Pleno dia;Crescente;C�u Claro;Dupla;"Reta;Aclive";N�o;5;0;0;1;4;0;1;4;-16,471917;-49,076395;SPRF-GO;DEL07-GO;UOP01-DEL07-GO;;;
703091;07/07/2025;segunda-feira;07:53:00;MG;356;265,7;MURIAE;Desrespeitar a prefer�ncia no cruzamento;Colis�o transversal;Com V�timas Feridas;Pleno dia;Decrescente;Sol;Simples;"Reta;Interse��o de Vias";Sim;2;0;1;0;1;0;1;2;-21,127588;-42,368437;SPRF-MG;DEL07-MG;UOP02-DEL07-MG;;;
703093;07/07/2025;segunda-feira;07:40:00;PI;316;17,6;TERESINA;Aus�ncia de rea��o do condutor;Colis�o com objeto;Com V�timas Feridas;Pleno dia;Crescente;C�u Claro;Dupla;Reta;N�o;2;0;0;2;0;0;2;1;-5,24442673;-42,73548603;SPRF-PI;DEL01-PI;UOP02-DEL01-PI;;;
703094;07/07/2025;segunda-feira;08:10:00;SC;280;30,6;ARAQUARI;Acessar a via sem observar a presen�a dos outros ve�culos;Colis�o transversal;Com V�timas Feridas;Pleno dia;Decrescente;C�u Claro;Simples;Reta;N�o;2;0;1;0;1;0;1;2;-26,41482191;-48,76480071;SPRF-SC;DEL03-SC;UOP03-DEL03-SC;;;
703096;07/07/2025;segunda-feira;08:15:00;PB;230;15;JOAO PESSOA;Trafegar com motocicleta (ou similar) entre as faixas;Queda de ocupante de ve�culo;Com V�timas Feridas;Pleno dia;Crescente;Nublado;Dupla;"Aclive;Reta";Sim;1;0;1;0;0;0;1;1;-7,10145111;-34,84746907;SPRF-PB;DEL01-PB;UOP01-DEL01-PB;;;
703098;07/07/2025;segunda-feira;08:40:00;PE;101;66;RECIFE;Acumulo de �gua sobre o pavimento;Queda de ocupante de ve�culo;Com V�timas Feridas;Pleno dia;Decrescente;Chuva;Dupla;Reta;Sim;1;0;1;0;0;0;1;1;-8,040728;-34,942523;SPRF-PE;DEL01-PE;UOP01-DEL01-PE;;;
703100;07/07/2025;segunda-feira;07:30:00;AL;104;47;BRANQUINHA;Acessar a via sem observar a presen�a dos outros ve�culos;Colis�o lateral mesmo sentido;Com V�timas Feridas;Pleno dia;Decrescente;C�u Claro;Simples;Reta;N�o;3;0;1;1;1;0;2;2;-9,246884;-35,99946;SPRF-AL;DEL01-AL;UOP02-DEL01-AL;;;
703102;07/07/2025;segunda-feira;08:10:00;PB;104;132;QUEIMADAS;Mal s�bito do condutor;Colis�o com objeto;Com V�timas Feridas;Pleno dia;Crescente;Nublado;Simples;Reta;Sim;1;0;0;1;0;0;1;1;-7,30345;-35,892743;SPRF-PB;DEL02-PB;UOP03-DEL02-PB;;;
703104;06/07/2025;domingo;15:25:00;BA;242;301;IBIQUERA;Demais falhas na via;Colis�o com objeto;Com V�timas Feridas;Pleno dia;Decrescente;Nublado;Simples;Reta;N�o;5;0;3;2;0;0;5;1;-12,45517;-40,88711;SPRF-BA;DEL06-BA;UOP02-DEL06-BA;;;
703105;07/07/2025;segunda-feira;09:00:00;PR;376;595;CURITIBA;Demais falhas mec�nicas ou el�tricas;Tombamento;Com V�timas Feridas;Pleno dia;Decrescente;C�u Claro;Dupla;Reta;Sim;2;0;2;0;0;0;2;1;-25,45806162;-49,35981726;SPRF-PR;DEL01-PR;UOP03-DEL01-PR;;;
703106;07/07/2025;segunda-feira;07:30:00;RO;364;12;VILHENA;Desrespeitar a prefer�ncia no cruzamento;Colis�o transversal;Com V�timas Feridas;Pleno dia;Crescente;C�u Claro;Dupla;Rotat�ria;Sim;2;0;1;0;1;0;1;2;-12,74343775;-60,12329972;SPRF-RO;DEL04-RO;UOP01-DEL04-RO;;;
703107;06/07/2025;domingo;23:30:00;MT;163;746;SORRISO;Rea��o tardia ou ineficiente do condutor;Sa�da de leito carro��vel;Com V�timas Feridas;Plena Noite;Decrescente;C�u Claro;Dupla;Retorno Regulamentado;Sim;1;0;1;0;0;0;1;1;-12,59788489;-55,74716002;SPRF-MT;DEL06-MT;UOP01-DEL06-MT;;;
703108;07/07/2025;segunda-feira;08:00:00;MG;262;34;MANHUACU;Acessar a via sem observar a presen�a dos outros ve�culos;Atropelamento de Pedestre;Com V�timas Feridas;Pleno dia;Decrescente;C�u Claro;Simples;Reta;Sim;2;0;1;0;1;0;1;2;-20,25633692;-42,02707339;SPRF-MG;DEL06-MG;UOP03-DEL06-MG;;;
703109;07/07/2025;segunda-feira;08:30:00;SP;381;78;SAO PAULO;Animais na Pista;Atropelamento de Animal;Com V�timas Feridas;Pleno dia;Decrescente;C�u Claro;Dupla;"Curva;Aclive";N�o;1;0;0;1;0;0;1;1;-23,40072;-46,575945;SPRF-SP;DEL03-SP;UOP01-DEL03-SP;;;
703110;07/07/2025;segunda-feira;08:20:00;SC;470;115;IBIRAMA;Convers�o proibida;Colis�o traseira;Com V�timas Feridas;Pleno dia;Crescente;Nublado;Simples;Curva;N�o;3;0;1;1;1;0;2;2;-27,07890649;-49,49027002;SPRF-SC;DEL04-SC;UOP02-DEL04-SC;;;
703111;14/06/2025;s�bado;23:15:00;RS;290;107;ELDORADO DO SUL;Aus�ncia de rea��o do condutor;Colis�o com objeto;Com V�timas Feridas;Plena Noite;Decrescente;Chuva;Dupla;Curva;Sim;1;0;0;1;0;0;1;1;-30,00611118;-51,31272254;SPRF-RS;DEL02-RS;UOP01-DEL02-RS;;;
703112;24/06/2025;ter�a-feira;20:00:00;BA;407;208;CAEM;Animais na Pista;Atropelamento de Animal;Com V�timas Feridas;Pleno dia;Crescente;Ignorado;Simples;Reta;N�o;4;0;1;0;3;0;1;1;-11,16599018;-40,05215264;SPRF-BA;DEL04-BA;UOP02-DEL04-BA;;;
703113;07/07/2025;segunda-feira;08:00:00;AL;101;188;JUNQUEIRO;Acessar a via sem observar a presen�a dos outros ve�culos;Colis�o transversal;Com V�timas Feridas;Pleno dia;Crescente;Nublado;Dupla;Curva;N�o;3;0;2;0;1;0;2;2;-9,8972844;-36,4601162;SPRF-AL;DEL02-AL;UOP02-DEL02-AL;;;
703115;07/07/2025;segunda-feira;09:50:00;SE;235;109;CARIRA;Rea��o tardia ou ineficiente do condutor;Tombamento;Com V�timas Fatais;Pleno dia;Decrescente;Nublado;Simples;"Declive;Reta";Sim;1;1;0;0;0;0;0;1;-10,35189612;-37,70498928;SPRF-SE;DEL01-SE;UOP02-DEL01-SE;;;
703116;03/07/2025;quinta-feira;22:00:00;BA;330;842;IPIAU;Aus�ncia de rea��o do condutor;Colis�o com objeto;Sem V�timas;Plena Noite;Decrescente;Nevoeiro/Neblina;Simples;Reta;N�o;1;0;0;0;1;0;0;1;-14,1435348;-39,711605;SPRF-BA;DEL03-BA;UOP01-DEL03-BA;;;
703120;07/07/2025;segunda-feira;09:00:00;PE;408;58;PAUDALHO;Condutor Dormindo;Colis�o com objeto;Com V�timas Feridas;Pleno dia;Crescente;C�u Claro;Dupla;Reta;Sim;1;0;1;0;0;0;1;1;-7,85573;-35,22097;SPRF-PE;DEL01-PE;UOP01-DEL01-PE;;;
703121;19/06/2025;quinta-feira;21:10:00;RN;110;51;CEARA-MIRIM;Animais na Pista;Atropelamento de Animal;Com V�timas Feridas;Plena Noite;Decrescente;Chuva;Simples;Reta;N�o;1;0;0;1;0;0;1;1;-5,54245704;-35,31540155;SPRF-RN;DEL04-RN;UOP01-DEL04-RN;;;
703123;07/07/2025;segunda-feira;09:30:00;PR;163;267,2;TOLEDO;Rea��o tardia ou ineficiente do condutor;Colis�o com objeto;Com V�timas Feridas;Pleno dia;Crescente;C�u Claro;Dupla;Curva;N�o;1;0;0;1;0;0;1;1;-24,61578752;-53,93186465;SPRF-PR;DEL06-PR;UOP02-DEL06-PR;;;
703125;07/07/2025;segunda-feira;08:20:00;RJ;101;514;ANGRA DOS REIS;Condutor Dormindo;Sa�da de leito carro��vel;Com V�timas Feridas;Pleno dia;Decrescente;C�u Claro;Simples;Reta;N�o;1;0;1;0;0;0;1;1;-22,97999;-44,44201;SPRF-RJ;DEL03-RJ;UOP03-DEL03-RJ;;;
703127;07/07/2025;segunda-feira;09:30:00;MS;376;3;DOURADOS;Acessar a via sem observar a presen�a dos outros ve�culos;Colis�o transversal;Com V�timas Feridas;Pleno dia;Crescente;C�u Claro;Simples;"Interse��o de Vias;Retorno Regulamentado;Reta";N�o;2;0;1;1;0;0;2;2;-22,225231;-54,665816;SPRF-MS;DEL04-MS;UOP01-DEL04-MS;;;
703130;07/07/2025;segunda-feira;08:15:00;RS;290;97;PORTO ALEGRE;Demais falhas mec�nicas ou el�tricas;Tombamento;Com V�timas Feridas;Pleno dia;Decrescente;Nevoeiro/Neblina;Simples;Curva;Sim;1;0;1;0;0;0;1;1;-29,99884684;-51,20681405;SPRF-RS;DEL01-RS;UOP01-DEL01-RS;;;
703131;07/07/2025;segunda-feira;10:30:00;MG;50;73;UBERLANDIA;Aus�ncia de rea��o do condutor;Colis�o lateral mesmo sentido;Com V�timas Feridas;Pleno dia;Decrescente;Sol;Dupla;Reta;Sim;2;0;0;1;1;0;1;2;-18,90419;-48,23299;SPRF-MG;DEL15-MG;UOP01-DEL15-MG;;;
703132;07/07/2025;segunda-feira;07:30:00;MA;10;323,2;ACAILANDIA;Ultrapassagem Indevida;Sa�da de leito carro��vel;Com V�timas Feridas;Pleno dia;Crescente;C�u Claro;Simples;Reta;Sim;6;0;2;1;3;0;3;2;-4,92166917;-47,50445366;SPRF-MA;DEL04-MA;UOP03-DEL04-MA;;;
703133;07/07/2025;segunda-feira;10:20:00;BA;324;617;SALVADOR;Rea��o tardia ou ineficiente do condutor;Colis�o traseira;Com V�timas Feridas;Pleno dia;Decrescente;Chuva;M�ltipla;Reta;Sim;3;0;1;0;2;0;1;2;-12,89654;-38,448589;SPRF-BA;DEL01-BA;UOP01-DEL01-BA;;;
703134;07/07/2025;segunda-feira;10:00:00;PR;277;42,9;MORRETES;Demais falhas mec�nicas ou el�tricas;Inc�ndio;Sem V�timas;Pleno dia;Crescente;C�u Claro;M�ltipla;"Aclive;Reta";N�o;34;0;0;0;34;0;0;1;-25,59199418;-48,91525269;SPRF-PR;DEL01-PR;UOP05-DEL01-PR;;;
703135;07/07/2025;segunda-feira;11:00:00;MG;381;491;BETIM;Condutor deixou de manter dist�ncia do ve�culo da frente;Engavetamento;Com V�timas Feridas;Pleno dia;Decrescente;C�u Claro;Dupla;Reta;Sim;3;0;2;0;1;0;2;3;-19,95971986;-44,15275304;SPRF-MG;DEL01-MG;UOP03-DEL01-MG;;;
703138;07/07/2025;segunda-feira;10:30:00;MS;163;524,9;JARAGUARI;Ultrapassagem Indevida;Colis�o com objeto;Sem V�timas;Pleno dia;Crescente;C�u Claro;Simples;Reta;N�o;2;0;0;0;2;0;0;1;-20,11618745;-54,4440794;SPRF-MS;DEL01-MS;UOP02-DEL01-MS;;;
703140;07/07/2025;segunda-feira;11:30:00;RS;290;92;PORTO ALEGRE;Rea��o tardia ou ineficiente do condutor;Colis�o traseira;Com V�timas Feridas;Pleno dia;Crescente;C�u Claro;Dupla;Reta;N�o;2;0;1;0;1;0;1;2;-29,9694724;-51,1742519;SPRF-RS;DEL01-RS;UOP01-DEL01-RS;;;
703141;07/07/2025;segunda-feira;11:10:00;RJ;116;316;ITATIAIA;Condutor deixou de manter dist�ncia do ve�culo da frente;Colis�o traseira;Com V�timas Feridas;Pleno dia;Decrescente;C�u Claro;Dupla;Reta;N�o;3;0;1;0;2;0;1;3;-22,46790204;-44,49683636;SPRF-RJ;DEL07-RJ;UOP02-DEL07-RJ;;;
703142;07/07/2025;segunda-feira;08:30:00;RJ;393;281;VOLTA REDONDA;Acessar a via sem observar a presen�a dos outros ve�culos;Colis�o transversal;Com V�timas Feridas;Pleno dia;Crescente;C�u Claro;Simples;Reta;Sim;2;0;2;0;0;0;2;2;-22,47360025;-44,05800819;SPRF-RJ;DEL05-RJ;UOP04-DEL05-RJ;;;
703144;07/07/2025;segunda-feira;11:30:00;MG;40;514;RIBEIRAO DAS NEVES;Aus�ncia de rea��o do condutor;Colis�o lateral mesmo sentido;Com V�timas Feridas;Pleno dia;Decrescente;C�u Claro;Dupla;Reta;Sim;3;0;2;0;1;0;2;3;-19,810179;-44,094508;SPRF-MG;DEL01-MG;UOP02-DEL01-MG;;;
703145;07/07/2025;segunda-feira;10:00:00;PE;101;51,6;NAZARE DA MATA;Acessar a via sem observar a presen�a dos outros ve�culos;Colis�o transversal;Sem V�timas;Pleno dia;Crescente;Ignorado;Simples;Reta;Sim;2;0;0;0;1;1;0;2;-7,742721;-35,234154;SPRF-PE;DEL01-PE;UOP02-DEL01-PE;;;
703146;07/07/2025;segunda-feira;10:40:00;MG;116;722,4;MURIAE;Condutor Dormindo;Sa�da de leito carro��vel;Com V�timas Feridas;Pleno dia;Crescente;Sol;Simples;Reta;N�o;1;0;1;0;0;0;1;1;-21,268411;-42,404721;SPRF-MG;DEL07-MG;UOP02-DEL07-MG;;;
703147;07/07/2025;segunda-feira;11:00:00;GO;80;44;PADRE BERNARDO;Convers�o proibida;Colis�o frontal;Com V�timas Feridas;Pleno dia;Crescente;C�u Claro;Simples;Reta;N�o;3;0;1;0;2;0;1;2;-15,209771;-48,281973;SPRF-DF;DEL03-DF;UOP02-DEL03-DF;;;
703148;07/07/2025;segunda-feira;07:10:00;PR;369;419;UBIRATA;Ultrapassagem Indevida;Colis�o frontal;Com V�timas Fatais;Pleno dia;Decrescente;C�u Claro;Simples;"Declive;Interse��o de Vias";N�o;4;1;1;2;0;0;3;3;-24,488631;-52,893804;SPRF-PR;DEL04-PR;UOP03-DEL04-PR;;;
703149;07/07/2025;segunda-feira;11:30:00;SC;280;27,7;ARAQUARI;Condutor usando celular;Colis�o traseira;Com V�timas Feridas;Pleno dia;Decrescente;C�u Claro;Simples;Reta;Sim;2;0;1;0;1;0;1;2;-26,4066947;-48,7485038;SPRF-SC;DEL03-SC;UOP03-DEL03-SC;;;
703150;07/07/2025;segunda-feira;10:52:00;MT;163;750;SORRISO;Aus�ncia de rea��o do condutor;Colis�o traseira;Sem V�timas;Pleno dia;Crescente;C�u Claro;Simples;Reta;Sim;3;0;0;0;3;0;0;2;-12,57190508;-55,72681904;SPRF-MT;DEL06-MT;UOP01-DEL06-MT;;;
703152;07/07/2025;segunda-feira;11:49:00;MS;262;554,3;MIRANDA;Velocidade Incompat�vel;Sa�da de leito carro��vel;Com V�timas Fatais;Pleno dia;Crescente;C�u Claro;Simples;Reta;N�o;3;1;0;0;0;2;0;2;-20,255824;-56,348678;SPRF-MS;DEL03-MS;UOP02-DEL03-MS;;;
703153;07/07/2025;segunda-feira;11:10:00;MS;60;128,8;PARAISO DAS AGUAS;Rea��o tardia ou ineficiente do condutor;Sa�da de leito carro��vel;Com V�timas Feridas;Pleno dia;Crescente;C�u Claro;Simples;Curva;N�o;1;0;0;1;0;0;1;1;-19,339686;-53,474485;SPRF-MS;DEL06-MS;UOP02-DEL06-MS;;;
703154;07/07/2025;segunda-feira;12:03:00;MG;116;680,7;MIRADOURO;Aus�ncia de rea��o do condutor;Colis�o traseira;Com V�timas Feridas;Pleno dia;Decrescente;Sol;Simples;"Reta;Aclive";N�o;4;0;1;0;3;0;1;3;-20,944682;-42,345275;SPRF-MG;DEL07-MG;UOP02-DEL07-MG;;;
703155;07/07/2025;segunda-feira;12:40:00;RS;386;148,5;SARANDI;Condutor deixou de manter dist�ncia do ve�culo da frente;Colis�o traseira;Com V�timas Feridas;Pleno dia;Decrescente;C�u Claro;M�ltipla;"Reta;Aclive";N�o;3;0;2;0;1;0;2;2;-28,06324;-52,86847;SPRF-RS;DEL08-RS;UOP01-DEL08-RS;;;
703156;07/07/2025;segunda-feira;11:30:00;PR;373;261;PRUDENTOPOLIS;Acesso irregular;Colis�o frontal;Com V�timas Feridas;Pleno dia;Crescente;C�u Claro;Simples;"Declive;Reta";N�o;2;0;0;1;1;0;1;2;-25,20226;-50,948035;SPRF-PR;DEL08-PR;UOP01-DEL08-PR;;;
703158;07/07/2025;segunda-feira;11:00:00;SE;235;55;ITABAIANA;Acessar a via sem observar a presen�a dos outros ve�culos;Colis�o transversal;Com V�timas Feridas;Pleno dia;Decrescente;Chuva;Simples;Reta;N�o;6;0;2;0;4;0;2;2;-10,67124055;-37,44479874;SPRF-SE;DEL01-SE;UOP02-DEL01-SE;;;
703159;07/07/2025;segunda-feira;13:15:00;RJ;101;322;NITEROI;Manobra de mudan�a de faixa;Colis�o lateral mesmo sentido;Com V�timas Feridas;Pleno dia;Decrescente;C�u Claro;Dupla;Reta;N�o;3;0;1;0;2;0;1;2;-22,8851712;-43,1161344;SPRF-RJ;DEL02-RJ;UOP01-DEL02-RJ;;;
703160;07/07/2025;segunda-feira;13:45:00;PR;277;651;MATELANDIA;Acessar a via sem observar a presen�a dos outros ve�culos;Colis�o transversal;Com V�timas Feridas;Pleno dia;Decrescente;C�u Claro;Simples;Reta;Sim;2;0;1;0;1;0;1;2;-25,19465533;-53,94100277;SPRF-PR;DEL05-PR;UOP02-DEL05-PR;;;
703161;07/07/2025;segunda-feira;13:00:00;PR;158;532;PATO BRANCO;Acessar a via sem observar a presen�a dos outros ve�culos;Colis�o traseira;Com V�timas Feridas;Pleno dia;Crescente;C�u Claro;Simples;Rotat�ria;N�o;2;0;1;0;1;0;1;2;-26,21918222;-52,68210411;SPRF-PR;DEL02-PR;UOP01-DEL02-PR;;;