id;data_inversa;dia_semana;horario;uf;br;km;municipio;causa_acidente;tipo_acidente;classificacao_acidente;fase_dia;sentido_via;condicao_metereologica;tipo_pista;tracado_via;uso_solo;pessoas;mortos;feridos_leves;feridos_graves;ilesos;ignorados;feridos;veiculos;latitude;longitude;regional;delegacia;uop;;;
703162;07/07/2025;segunda-feira;08:50:00;RO;174;14;VILHENA;Desrespeitar a prefer�ncia no cruzamento;Colis�o transversal;Com V�timas Feridas;Pleno dia;Crescente;C�u Claro;Simples;Interse��o de Vias;Sim;2;0;2;0;0;0;2;2;-12,7239185;-60,12814915;SPRF-RO;DEL04-RO;UOP01-DEL04-RO;;;
703163;07/07/2025;segunda-feira;10:10:00;RJ;101;59;CAMPOS DOS GOYTACAZES;Acessar a via sem observar a presen�a dos outros ve�culos;Colis�o transversal;Com V�timas Feridas;Pleno dia;Decrescente;C�u Claro;Simples;Reta;Sim;2;0;1;0;1;0;1;2;-21,72048933;-41,3145636;SPRF-RJ;DEL08-RJ;UOP01-DEL08-RJ;;;
703165;07/07/2025;segunda-feira;14:36:00;MG;381;496;BETIM;Aus�ncia de sinaliza��o;Colis�o lateral mesmo sentido;Com V�timas Feridas;Pleno dia;Crescente;C�u Claro;Dupla;Reta;N�o;2;0;1;0;1;0;1;2;-19,9966124;-44,2090651;SPRF-MG;DEL01-MG;UOP03-DEL01-MG;;;
703166;17/05/2025;s�bado;20:17:00;CE;222;313;TIANGUA;Ingest�o de �lcool pelo condutor;Colis�o transversal;Com V�timas Feridas;Plena Noite;Decrescente;C�u Claro;Dupla;"Interse��o de Vias;Viaduto;Reta";Sim;3;0;1;1;1;0;2;2;-3,7334838;-41,00246429;SPRF-CE;DEL04-CE;UOP02-DEL04-CE;;;
703167;07/07/2025;segunda-feira;14:17:00;ES;101;335;GUARAPARI;Condutor Dormindo;Sa�da de leito carro��vel;Com V�timas Feridas;Pleno dia;Crescente;C�u Claro;Dupla;"Reta;Declive";N�o;1;0;1;0;0;0;1;1;-20,6281024;-40,5331143;SPRF-ES;DEL03-ES;UOP01-DEL03-ES;;;
703169;07/07/2025;segunda-feira;12:30:00;MG;146;483;POCOS DE CALDAS;Rea��o tardia ou ineficiente do condutor;Sa�da de leito carro��vel;Com V�timas Feridas;Pleno dia;Crescente;Sol;Simples;"Aclive;Curva";N�o;1;0;1;0;0;0;1;1;-21,801604;-46,445429;SPRF-MG;DEL09-MG;UOP01-DEL09-MG;;;
703170;07/07/2025;segunda-feira;14:45:00;ES;101;293,2;CARIACICA;Pista Escorregadia;Tombamento;Com V�timas Feridas;Pleno dia;Decrescente;C�u Claro;M�ltipla;Reta;Sim;1;0;1;0;0;0;1;1;-20,316122;-40,3954811;SPRF-ES;DEL01-ES;UOP01-DEL01-ES;;;
703172;07/07/2025;segunda-feira;14:00:00;MG;50;7,8;UBERLANDIA;Aus�ncia de rea��o do condutor;Sa�da de leito carro��vel;Com V�timas Feridas;Pleno dia;Crescente;C�u Claro;Simples;"Interse��o de Vias;Rotat�ria;Viaduto";N�o;1;0;1;0;0;0;1;1;-18,85433987;-48,22111543;SPRF-MG;DEL15-MG;UOP01-DEL15-MG;;;
703173;07/07/2025;segunda-feira;11:00:00;RJ;101;314;SAO GONCALO;Rea��o tardia ou ineficiente do condutor;Colis�o transversal;Com V�timas Feridas;Pleno dia;Crescente;C�u Claro;Dupla;Reta;Sim;2;0;0;1;1;0;1;2;-22,81210541;-43,07172775;SPRF-RJ;DEL02-RJ;UOP02-DEL02-RJ;;;
703175;07/07/2025;segunda-feira;14:45:00;SC;101;324,9;CAPIVARI DE BAIXO;Desrespeitar a prefer�ncia no cruzamento;Colis�o lateral sentido oposto;Com V�timas Feridas;Pleno dia;Decrescente;Sol;M�ltipla;Interse��o de Vias;Sim;3;0;2;0;1;0;2;2;-28,42565589;-48,94337486;SPRF-SC;DEL02-SC;UOP01-DEL02-SC;;;
703177;18/05/2025;domingo;10:50:00;ES;262;171;IBATIBA;Acumulo de areia ou detritos sobre o pavimento;Queda de ocupante de ve�culo;Com V�timas Feridas;Pleno dia;Decrescente;Ignorado;Simples;Curva;N�o;2;0;1;1;0;0;2;1;-20,26371314;-41,59707069;SPRF-ES;DEL01-ES;UOP02-DEL01-ES;;;
703182;07/07/2025;segunda-feira;15:20:00;SC;101;200,5;SAO JOSE;Pedestre andava na pista;Atropelamento de Pedestre;Com V�timas Feridas;Pleno dia;Decrescente;C�u Claro;M�ltipla;Reta;Sim;4;0;1;0;2;1;1;2;-27,550329;-48,619578;SPRF-SC;DEL01-SC;UOP01-DEL01-SC;;;
703183;07/07/2025;segunda-feira;17:00:00;MG;381;307;ANTONIO DIAS;Rea��o tardia ou ineficiente do condutor;Colis�o traseira;Com V�timas Feridas;Pleno dia;Crescente;Nublado;Simples;Interse��o de Vias;N�o;1;0;1;0;0;0;1;1;-19,65535912;-42,95963287;SPRF-MG;DEL03-MG;UOP02-DEL03-MG;;;
703185;07/07/2025;segunda-feira;15:30:00;SP;116;230,8;SAO PAULO;Avarias e/ou desgaste excessivo no pneu;Tombamento;Com V�timas Feridas;Pleno dia;Crescente;C�u Claro;M�ltipla;Reta;Sim;1;0;1;0;0;0;1;1;-23,51556645;-46,57932353;SPRF-SP;DEL01-SP;UOP01-DEL01-SP;;;
703186;07/07/2025;segunda-feira;15:45:00;SC;101;202,1;SAO JOSE;Manobra de mudan�a de faixa;Colis�o lateral mesmo sentido;Com V�timas Feridas;Pleno dia;Decrescente;C�u Claro;M�ltipla;Reta;N�o;3;0;1;0;2;0;1;2;-27,55725823;-48,61869371;SPRF-SC;DEL01-SC;UOP01-DEL01-SC;;;
703187;07/07/2025;segunda-feira;07:40:00;PR;376;269;MARILANDIA DO SUL;Acumulo de areia ou detritos sobre o pavimento;Tombamento;Com V�timas Feridas;Pleno dia;Crescente;C�u Claro;Dupla;Reta;N�o;1;0;1;0;0;0;1;1;-23,73217;-51,28612;SPRF-PR;DEL07-PR;UOP02-DEL07-PR;;;
703189;06/07/2025;domingo;22:00:00;MT;364;482;JANGADA;Ultrapassagem Indevida;Sa�da de leito carro��vel;Sem V�timas;Plena Noite;Decrescente;Chuva;Simples;"Reta;Declive";N�o;1;0;0;0;1;0;0;1;-15,33364;-56,42223;SPRF-MT;DEL01-MT;UOP02-DEL01-MT;;;
703191;07/07/2025;segunda-feira;15:00:00;MG;381;292;ANTONIO DIAS;Velocidade Incompat�vel;Queda de ocupante de ve�culo;Com V�timas Feridas;Pleno dia;Crescente;C�u Claro;Dupla;Curva;N�o;1;0;1;0;0;0;1;1;-19,61877956;-42,85125017;SPRF-MG;DEL03-MG;UOP02-DEL03-MG;;;
703192;07/07/2025;segunda-feira;15:30:00;SP;116;279;EMBU DAS ARTES;Trafegar com motocicleta (ou similar) entre as faixas;Colis�o lateral mesmo sentido;Com V�timas Feridas;Pleno dia;Crescente;C�u Claro;Dupla;Reta;Sim;2;0;1;0;1;0;1;2;-23,64025862;-46,83613897;SPRF-SP;DEL04-SP;UOP01-DEL04-SP;;;
703193;07/07/2025;segunda-feira;15:10:00;RJ;101;504;ANGRA DOS REIS;Rea��o tardia ou ineficiente do condutor;Colis�o transversal;Com V�timas Feridas;Pleno dia;Decrescente;Nublado;Simples;Reta;Sim;2;0;1;0;0;1;1;2;-22,931235;-44,386807;SPRF-RJ;DEL03-RJ;UOP03-DEL03-RJ;;;
703194;07/07/2025;segunda-feira;15:44:00;RS;290;577;ALEGRETE;Acessar a via sem observar a presen�a dos outros ve�culos;Colis�o transversal;Sem V�timas;Pleno dia;Crescente;Nublado;Simples;"Interse��o de Vias;Rotat�ria";Sim;4;0;0;0;4;0;0;2;-29,812097;-55,752015;SPRF-RS;DEL13-RS;UOP02-DEL13-RS;;;
703195;07/07/2025;segunda-feira;16:45:00;PR;469;19;FOZ DO IGUACU;Ingest�o de �lcool pelo condutor;Colis�o frontal;Com V�timas Feridas;Pleno dia;Decrescente;C�u Claro;Simples;"Reta;Em Obras";N�o;2;0;1;0;1;0;1;2;-25,60373529;-54,49850528;SPRF-PR;DEL05-PR;UOP04-DEL05-PR;;;
703196;07/07/2025;segunda-feira;15:20:00;PI;316;172;ELESBAO VELOSO;Aus�ncia de rea��o do condutor;Sa�da de leito carro��vel;Com V�timas Feridas;Pleno dia;Crescente;Sol;Simples;Reta;N�o;2;0;2;0;0;0;2;1;-6,234432;-42,026872;SPRF-PI;DEL04-PI;UOP02-DEL04-PI;;;
703198;07/07/2025;segunda-feira;15:50:00;PR;376;179;MARINGA;Manobra de mudan�a de faixa;Colis�o lateral mesmo sentido;Com V�timas Feridas;Pleno dia;Decrescente;Sol;Dupla;Reta;Sim;2;0;0;1;1;0;1;2;-23,419196;-51,912841;SPRF-PR;DEL09-PR;UOP01-DEL09-PR;;;
703202;03/07/2025;quinta-feira;17:00:00;RJ;101;310;SAO GONCALO;Trafegar com motocicleta (ou similar) entre as faixas;Colis�o lateral mesmo sentido;Com V�timas Feridas;Pleno dia;Decrescente;C�u Claro;Dupla;Reta;N�o;2;0;1;0;1;0;1;2;-22,79937797;-43,05052465;SPRF-RJ;DEL02-RJ;UOP02-DEL02-RJ;;;
703204;07/07/2025;segunda-feira;16:30:00;DF;20;4,9;BRASILIA;Ingest�o de �lcool pelo condutor;Engavetamento;Sem V�timas;Pleno dia;Decrescente;C�u Claro;Simples;Reta;Sim;3;0;0;0;3;0;0;3;-15,68713148;-47,85552084;SPRF-DF;DEL02-DF;UOP01-DEL02-DF;;;
703205;07/07/2025;segunda-feira;11:00:00;RJ;116;184;NOVA IGUACU;Manobra de mudan�a de faixa;Colis�o lateral mesmo sentido;Com V�timas Feridas;Pleno dia;Decrescente;C�u Claro;Dupla;Reta;Sim;3;0;1;0;2;0;1;2;-22,74713478;-43,44531655;SPRF-RJ;DEL06-RJ;UOP01-DEL06-RJ;;;
703206;07/07/2025;segunda-feira;14:30:00;RS;448;15;CANOAS;Demais falhas mec�nicas ou el�tricas;Inc�ndio;Sem V�timas;Pleno dia;Crescente;C�u Claro;Simples;Reta;N�o;1;0;0;0;1;0;0;1;-29,92313831;-51,2319088;SPRF-RS;DEL01-RS;UOP01-DEL01-RS;;;
703207;07/07/2025;segunda-feira;16:50:00;PR;369;156;LONDRINA;Rea��o tardia ou ineficiente do condutor;Colis�o traseira;Sem V�timas;Pleno dia;Decrescente;C�u Claro;Dupla;Reta;Sim;2;0;0;0;2;0;0;2;-23,28923385;-51,22237262;SPRF-PR;DEL07-PR;UOP01-DEL07-PR;;;
703209;07/07/2025;segunda-feira;17:45:00;RN;101;103;PARNAMIRIM;Condutor deixou de manter dist�ncia do ve�culo da frente;Colis�o traseira;Com V�timas Feridas;Plena Noite;Crescente;Nublado;M�ltipla;Reta;N�o;2;0;1;0;1;0;1;2;-5,890422;-35,250335;SPRF-RN;DEL01-RN;UOP01-DEL01-RN;;;
703211;07/07/2025;segunda-feira;17:46:00;SC;280;24;ARAQUARI;Transitar na contram�o;Colis�o transversal;Com V�timas Feridas;Plena Noite;Crescente;C�u Claro;Simples;Reta;N�o;2;0;0;1;1;0;1;2;-26,379263;-48,72213;SPRF-SC;DEL03-SC;UOP03-DEL03-SC;;;
703213;07/07/2025;segunda-feira;17:20:00;RN;101;84,3;NATAL;Rea��o tardia ou ineficiente do condutor;Colis�o traseira;Sem V�timas;Anoitecer;Decrescente;Nublado;Dupla;Viaduto;Sim;2;0;0;0;2;0;0;2;-5,775241;-35,254839;SPRF-RN;DEL02-RN;UOP01-DEL02-RN;;;
703214;04/07/2025;sexta-feira;06:00:00;MT;70;382;CAMPO VERDE;Condutor Dormindo;Sa�da de leito carro��vel;Com V�timas Fatais;Plena Noite;Crescente;Nublado;Simples;Reta;N�o;2;1;0;0;0;1;0;2;-15,5402758;-55,1456995;SPRF-MT;DEL05-MT;UOP02-DEL05-MT;;;
703215;07/07/2025;segunda-feira;17:00:00;SC;101;59,2;ARAQUARI;Aus�ncia de rea��o do condutor;Colis�o com objeto;Com V�timas Feridas;Pleno dia;Crescente;C�u Claro;Dupla;Curva;Sim;1;0;1;0;0;0;1;1;-26,44931637;-48,78749069;SPRF-SC;DEL03-SC;UOP02-DEL03-SC;;;
703216;07/07/2025;segunda-feira;17:14:00;PI;343;590;FLORIANO;Animais na Pista;Atropelamento de Animal;Com V�timas Feridas;Pleno dia;Crescente;C�u Claro;Dupla;Reta;Sim;1;0;1;0;0;0;1;1;-6,78285724;-43,01432848;SPRF-PI;DEL03-PI;UOP01-DEL03-PI;;;
703218;07/07/2025;segunda-feira;17:22:00;PR;376;173,9;MARINGA;Condutor desrespeitou a ilumina��o vermelha do sem�foro;Colis�o transversal;Com V�timas Feridas;Anoitecer;Decrescente;C�u Claro;Dupla;"Declive;Interse��o de Vias;Reta";Sim;4;0;3;0;1;0;3;2;-23,4176585;-51,96007339;SPRF-PR;DEL09-PR;UOP01-DEL09-PR;;;
703219;07/07/2025;segunda-feira;16:00:00;RJ;116;107;GUAPIMIRIM;Condutor deixou de manter dist�ncia do ve�culo da frente;Colis�o traseira;Com V�timas Feridas;Pleno dia;Decrescente;C�u Claro;Simples;"Reta;Aclive";Sim;2;0;1;0;1;0;1;2;-22,5131437;-43,00002098;SPRF-RJ;DEL04-RJ;UOP01-DEL04-RJ;;;
703220;07/07/2025;segunda-feira;17:55:00;ES;101;136;LINHARES;Velocidade Incompat�vel;Sa�da de leito carro��vel;Sem V�timas;Plena Noite;Crescente;C�u Claro;Simples;Reta;N�o;1;0;0;0;0;1;0;1;-19,28352607;-40,08687155;SPRF-ES;DEL04-ES;UOP01-DEL04-ES;;;
703221;07/07/2025;segunda-feira;18:25:00;RS;116;266;CANOAS;Rea��o tardia ou ineficiente do condutor;Colis�o traseira;Com V�timas Feridas;Plena Noite;Decrescente;C�u Claro;M�ltipla;Reta;Sim;2;0;1;0;1;0;1;2;-29,9288926;-51,1773982;SPRF-RS;DEL01-RS;UOP01-DEL01-RS;;;
703222;07/07/2025;segunda-feira;18:30:00;RN;101;108;PARNAMIRIM;Condutor deixou de manter dist�ncia do ve�culo da frente;Colis�o lateral mesmo sentido;Com V�timas Feridas;Plena Noite;Decrescente;Nublado;Dupla;Reta;Sim;2;0;1;0;1;0;1;2;-5,9268729;-35,26498902;SPRF-RN;DEL01-RN;UOP01-DEL01-RN;;;
703223;07/07/2025;segunda-feira;17:00:00;BA;116;379;SANTA BARBARA;Acostamento em desn�vel;Sa�da de leito carro��vel;Com V�timas Feridas;Pleno dia;Crescente;Nublado;Simples;Reta;N�o;3;0;1;0;2;0;1;1;-11,84431399;-38,97603036;SPRF-BA;DEL02-BA;UOP01-DEL02-BA;;;
703224;07/07/2025;segunda-feira;18:30:00;RJ;116;180;NOVA IGUACU;Manobra de mudan�a de faixa;Colis�o traseira;Com V�timas Feridas;Plena Noite;Crescente;C�u Claro;M�ltipla;Reta;Sim;2;0;0;1;1;0;1;2;-22,76374453;-43,41809146;SPRF-RJ;DEL06-RJ;UOP01-DEL06-RJ;;;
703225;07/07/2025;segunda-feira;17:20:00;MS;262;598;MIRANDA;Animais na Pista;Atropelamento de Animal;Sem V�timas;Anoitecer;Decrescente;C�u Claro;Simples;Reta;Sim;2;0;0;0;2;0;0;1;-20,10549316;-56,67590261;SPRF-MS;DEL03-MS;UOP02-DEL03-MS;;;
703226;07/07/2025;segunda-feira;12:50:00;SC;470;53;BLUMENAU;Acessar a via sem observar a presen�a dos outros ve�culos;Colis�o transversal;Com V�timas Feridas;Pleno dia;Crescente;C�u Claro;Simples;Interse��o de Vias;Sim;3;0;1;0;2;0;1;2;-26,88262447;-49,14166197;SPRF-SC;DEL04-SC;UOP01-DEL04-SC;;;
703227;05/07/2025;s�bado;12:00:00;RJ;0;0;RIO DE JANEIRO;Rea��o tardia ou ineficiente do condutor;Colis�o traseira;Sem V�timas;Pleno dia;N�o Informado;C�u Claro;Dupla;Reta;Sim;2;0;0;0;2;0;0;2;-22,98589362;-43,21422815;SPRF-RJ;DEL06-RJ;UOP01-DEL06-RJ;;;
703228;07/07/2025;segunda-feira;18:30:00;RJ;493;19;MAGE;Pedestre cruzava a pista fora da faixa;Colis�o transversal;Com V�timas Feridas;Plena Noite;Decrescente;C�u Claro;Simples;Reta;N�o;2;0;1;0;1;0;1;2;-22,66415922;-43,03280061;SPRF-RJ;DEL04-RJ;UOP02-DEL04-RJ;;;
703230;07/07/2025;segunda-feira;18:15:00;RS;470;217;BENTO GONCALVES;Desrespeitar a prefer�ncia no cruzamento;Colis�o transversal;Com V�timas Feridas;Plena Noite;Decrescente;C�u Claro;Dupla;"Reta;Aclive;Interse��o de Vias;Retorno Regulamentado";Sim;2;0;1;0;1;0;1;2;-29,17505341;-51,52302353;SPRF-RS;DEL06-RS;UOP01-DEL06-RS;;;
703234;07/07/2025;segunda-feira;19:20:00;SC;280;29,6;ARAQUARI;Ultrapassagem Indevida;Colis�o transversal;Com V�timas Feridas;Plena Noite;Decrescente;Nevoeiro/Neblina;Simples;Reta;N�o;3;0;1;0;2;0;1;2;-26,41332729;-48,75826534;SPRF-SC;DEL03-SC;UOP03-DEL03-SC;;;
703236;07/07/2025;segunda-feira;18:40:00;PE;101;77,4;RECIFE;Aus�ncia de rea��o do condutor;Colis�o traseira;Sem V�timas;Plena Noite;Crescente;Nublado;Dupla;Reta;Sim;3;0;0;0;2;1;0;3;-8,13068;-34,944928;SPRF-PE;DEL01-PE;UOP01-DEL01-PE;;;
703237;07/07/2025;segunda-feira;19:00:00;PR;116;140;MANDIRITUBA;Objeto est�tico sobre o leito carro��vel;Colis�o com objeto;Com V�timas Feridas;Plena Noite;Crescente;C�u Claro;Dupla;"Reta;Aclive";Sim;1;0;1;0;0;0;1;1;-25,75718375;-49,31944935;SPRF-PR;DEL01-PR;UOP03-DEL01-PR;;;
703238;07/07/2025;segunda-feira;18:05:00;MG;40;43,5;PARACATU;Acessar a via sem observar a presen�a dos outros ve�culos;Colis�o transversal;Com V�timas Feridas;Anoitecer;Crescente;C�u Claro;Simples;Reta;Sim;3;0;0;2;1;0;2;2;-17,22385278;-46,86464578;SPRF-MG;DEL14-MG;UOP01-DEL14-MG;;;
703239;07/07/2025;segunda-feira;18:30:00;SC;116;59,8;PAPANDUVA;Acessar a via sem observar a presen�a dos outros ve�culos;Colis�o transversal;Com V�timas Feridas;Plena Noite;Crescente;C�u Claro;Simples;"Reta;Interse��o de Vias";N�o;3;0;2;0;1;0;2;2;-26,381896;-50,215149;SPRF-SC;DEL06-SC;UOP02-DEL06-SC;;;
703242;07/07/2025;segunda-feira;16:40:00;MT;163;752;SORRISO;Rea��o tardia ou ineficiente do condutor;Colis�o traseira;Com V�timas Feridas;Anoitecer;Crescente;C�u Claro;Dupla;Retorno Regulamentado;Sim;2;0;1;0;1;0;1;2;-12,551917;-55,714049;SPRF-MT;DEL06-MT;UOP01-DEL06-MT;;;
703243;07/07/2025;segunda-feira;00:30:00;BA;324;570;SAO SEBASTIAO DO PASSE;Chuva;Sa�da de leito carro��vel;Sem V�timas;Plena Noite;Decrescente;Chuva;Dupla;Reta;N�o;1;0;0;0;1;0;0;1;-12,589791;-38,521895;SPRF-BA;DEL01-BA;UOP01-DEL01-BA;;;
703245;07/07/2025;segunda-feira;19:50:00;SC;101;136;BALNEARIO CAMBORIU;Rea��o tardia ou ineficiente do condutor;Colis�o traseira;Com V�timas Feridas;Plena Noite;Decrescente;C�u Claro;Simples;Reta;Sim;2;0;0;1;1;0;1;2;-27,00866896;-48,61584252;SPRF-SC;DEL04-SC;UOP03-DEL04-SC;;;
703249;07/07/2025;segunda-feira;20:00:00;BA;324;517;FEIRA DE SANTANA;Retorno proibido;Colis�o frontal;Com V�timas Feridas;Plena Noite;Crescente;Chuva;Simples;Reta;Sim;2;0;2;0;0;0;2;2;-12,25676117;-38,93223929;SPRF-BA;DEL02-BA;UOP01-DEL02-BA;;;
703251;07/07/2025;segunda-feira;18:50:00;PE;232;127,4;CARUARU;Velocidade Incompat�vel;Colis�o transversal;Com V�timas Feridas;Plena Noite;Crescente;C�u Claro;Simples;Interse��o de Vias;Sim;6;0;3;0;2;1;3;3;-8,30377851;-35,97183466;SPRF-PE;DEL02-PE;UOP03-DEL02-PE;;;
703252;07/07/2025;segunda-feira;19:20:00;PR;487;178;CAMPO MOURAO;Transitar na contram�o;Colis�o transversal;Sem V�timas;Plena Noite;Crescente;C�u Claro;Simples;Reta;Sim;2;0;0;0;2;0;0;2;-24,045003;-52,396758;SPRF-PR;DEL09-PR;UOP03-DEL09-PR;;;
703253;07/07/2025;segunda-feira;20:20:00;SP;116;224;GUARULHOS;Ultrapassagem Indevida;Colis�o com objeto;Com V�timas Feridas;Plena Noite;Decrescente;Nublado;M�ltipla;"Reta;Em Obras";Sim;1;0;0;1;0;0;1;1;-23,48623658;-46,5412488;SPRF-SP;DEL01-SP;UOP01-DEL01-SP;;;
703254;07/07/2025;segunda-feira;18:04:00;TO;153;138;ARAGUAINA;Aus�ncia de rea��o do condutor;Eventos at�picos;Sem V�timas;Anoitecer;Decrescente;C�u Claro;Dupla;Reta;Sim;1;0;0;0;0;1;0;1;-7,15237648;-48,2035017;SPRF-TO;DEL02-TO;UOP01-DEL02-TO;;;
703255;07/07/2025;segunda-feira;20:20:00;PI;343;6,5;PARNAIBA;Acessar a via sem observar a presen�a dos outros ve�culos;Colis�o transversal;Com V�timas Feridas;Plena Noite;Crescente;C�u Claro;Simples;"Reta;Interse��o de Vias";Sim;2;0;0;1;0;1;1;2;-2,897494;-41,711041;SPRF-PI;DEL05-PI;UOP01-DEL05-PI;;;
703258;07/07/2025;segunda-feira;16:15:00;MG;50;174;UBERABA;Velocidade Incompat�vel;Colis�o com objeto;Com V�timas Feridas;Pleno dia;Decrescente;C�u Claro;Simples;"Reta;Viaduto";Sim;2;0;1;0;1;0;1;1;-19,770714;-47,973625;SPRF-MG;DEL13-MG;UOP01-DEL13-MG;;;
703259;07/07/2025;segunda-feira;19:28:00;AC;364;135;RIO BRANCO;Demais falhas mec�nicas ou el�tricas;Inc�ndio;Sem V�timas;Plena Noite;Decrescente;C�u Claro;Dupla;Reta;Sim;1;0;0;0;1;0;0;1;-9,98565529;-67,84549761;SPRF-AC;DEL01-AC;UOP01-DEL01-AC;;;
703261;07/07/2025;segunda-feira;20:40:00;RJ;116;255;PIRAI;Animais na Pista;Atropelamento de Animal;Com V�timas Feridas;Plena Noite;Decrescente;C�u Claro;Dupla;Reta;N�o;2;0;2;0;0;0;2;2;-22,58626615;-44,01249345;SPRF-RJ;DEL07-RJ;UOP01-DEL07-RJ;;;
703263;07/07/2025;segunda-feira;19:30:00;MG;251;209;AGUAS VERMELHAS;Rea��o tardia ou ineficiente do condutor;Colis�o com objeto;Com V�timas Feridas;Plena Noite;Crescente;C�u Claro;Simples;Reta;N�o;4;0;2;0;2;0;2;1;-15,884369;-41,525702;SPRF-MG;DEL12-MG;UOP02-DEL12-MG;;;
703266;07/07/2025;segunda-feira;18:40:00;SP;116;448,8;REGISTRO;Aus�ncia de rea��o do condutor;Queda de ocupante de ve�culo;Com V�timas Feridas;Plena Noite;Crescente;C�u Claro;Dupla;Reta;N�o;1;0;1;0;0;0;1;1;-24,5039104;-47,8445568;SPRF-SP;DEL05-SP;UOP01-DEL05-SP;;;
703269;07/07/2025;segunda-feira;18:40:00;RO;429;110;SAO MIGUEL DO GUAPORE;Rea��o tardia ou ineficiente do condutor;Colis�o traseira;Com V�timas Feridas;Anoitecer;Decrescente;C�u Claro;Simples;Reta;N�o;3;0;2;0;0;1;2;2;-11,59266827;-62,60369048;SPRF-RO;DEL02-RO;UOP03-DEL02-RO;;;
703270;07/07/2025;segunda-feira;18:20:00;PE;0;0;OURICURI;Transtornos Mentais (exceto suicidio);Inc�ndio;Sem V�timas;Plena Noite;N�o Informado;C�u Claro;Simples;Reta;N�o;3;0;0;0;3;0;0;1;-7,88684766;-40,08413315;SPRF-PE;DEL05-PE;UOP02-DEL05-PE;;;
703273;08/07/2025;ter�a-feira;00:30:00;PI;343;16;PARNAIBA;Rea��o tardia ou ineficiente do condutor;Tombamento;Com V�timas Feridas;Plena Noite;Crescente;C�u Claro;Simples;Reta;Sim;1;0;0;1;0;0;1;1;-2,9463196;-41,7566514;SPRF-PI;DEL05-PI;UOP01-DEL05-PI;;;
703276;08/07/2025;ter�a-feira;00:50:00;SC;153;99;CONCORDIA;Animais na Pista;Atropelamento de Animal;Com V�timas Feridas;Plena Noite;Crescente;C�u Claro;Simples;Reta;Sim;2;0;1;1;0;0;2;1;-27,2432073;-51,9510932;SPRF-SC;DEL07-SC;UOP04-DEL07-SC;;;
703277;08/07/2025;ter�a-feira;00:30:00;PE;232;37,2;VITORIA DE SANTO ANTAO;Animais na Pista;Atropelamento de Animal;Com V�timas Feridas;Plena Noite;Decrescente;C�u Claro;Dupla;Reta;N�o;3;0;1;0;2;0;1;3;-8,113542;-35,212198;SPRF-PE;DEL02-PE;UOP02-DEL02PE;;;
703278;08/07/2025;ter�a-feira;01:10:00;SC;101;208;SAO JOSE;Rea��o tardia ou ineficiente do condutor;Colis�o traseira;Com V�timas Feridas;Plena Noite;Crescente;C�u Claro;M�ltipla;Reta;Sim;3;0;1;0;2;0;1;2;-27,60210028;-48,62888781;SPRF-SC;DEL01-SC;UOP01-DEL01-SC;;;
703279;08/07/2025;ter�a-feira;01:00:00;RJ;116;174;SAO JOAO DE MERITI;Ingest�o de �lcool pelo condutor;Sa�da de leito carro��vel;Com V�timas Feridas;Plena Noite;Decrescente;Nublado;M�ltipla;Reta;Sim;2;0;1;0;1;0;1;1;-22,79865932;-43,3570811;SPRF-RJ;DEL06-RJ;UOP01-DEL06-RJ;;;
703280;08/07/2025;ter�a-feira;01:30:00;SP;381;88;GUARULHOS;Velocidade Incompat�vel;Sa�da de leito carro��vel;Com V�timas Feridas;Plena Noite;Decrescente;C�u Claro;M�ltipla;Reta;Sim;2;0;0;1;1;0;1;1;-23,48003919;-46,55977654;SPRF-SP;DEL03-SP;UOP01-DEL03-SP;;;
703281;07/07/2025;segunda-feira;23:15:00;MT;174;157;GLORIA DOESTE;Animais na Pista;Atropelamento de Animal;Sem V�timas;Plena Noite;Crescente;C�u Claro;Simples;Reta;N�o;1;0;0;0;1;0;0;1;-15,80839;-58,36592;SPRF-MT;DEL03-MT;UOP01-DEL03-MT;;;
703286;08/07/2025;ter�a-feira;02:55:00;RJ;465;12;SEROPEDICA;Animais na Pista;Atropelamento de Animal;Com V�timas Feridas;Plena Noite;Crescente;C�u Claro;Simples;Reta;Sim;1;0;0;1;0;0;1;1;-22,794795;-43,648354;SPRF-RJ;DEL06-RJ;UOP02-DEL06-RJ;;;
703287;08/07/2025;ter�a-feira;05:50:00;SP;153;76,3;BADY BASSITT;Acessar a via sem observar a presen�a dos outros ve�culos;Colis�o traseira;Com V�timas Feridas;Plena Noite;Crescente;C�u Claro;Dupla;Reta;N�o;2;0;0;1;1;0;1;2;-20,899764;-49,444902;SPRF-SP;DEL09-SP;UOP01-DEL09-SP;;;
703289;08/07/2025;ter�a-feira;06:00:00;MG;116;704,2;MURIAE;Transitar na contram�o;Colis�o lateral sentido oposto;Com V�timas Feridas;Amanhecer;Crescente;Nublado;Simples;Interse��o de Vias;Sim;2;0;1;0;1;0;1;2;-21,1386057;-42,3850286;SPRF-MG;DEL07-MG;UOP02-DEL07-MG;;;