id;data_inversa;dia_semana;horario;uf;br;km;municipio;causa_acidente;tipo_acidente;classificacao_acidente;fase_dia;sentido_via;condicao_metereologica;tipo_pista;tracado_via;uso_solo;pessoas;mortos;feridos_leves;feridos_graves;ilesos;ignorados;feridos;veiculos;latitude;longitude;regional;delegacia;uop;;;
703290;08/07/2025;ter�a-feira;06:00:00;SC;101;209;SAO JOSE;Acesso irregular;Colis�o transversal;Com V�timas Feridas;Pleno dia;Decrescente;C�u Claro;M�ltipla;Reta;Sim;4;0;0;2;2;0;2;2;-27,610248;-48,638921;SPRF-SC;DEL01-SC;UOP01-DEL01-SC;;;
703292;08/07/2025;ter�a-feira;05:40:00;BA;324;515;FEIRA DE SANTANA;Animais na Pista;Atropelamento de Animal;Com V�timas Feridas;Amanhecer;Crescente;Garoa/Chuvisco;Simples;Reta;Sim;1;0;1;0;0;0;1;1;-12,23793515;-38,94118714;SPRF-BA;DEL02-BA;UOP01-DEL02-BA;;;
703293;08/07/2025;ter�a-feira;02:00:00;MG;381;622;OLIVEIRA;Aus�ncia de rea��o do condutor;Capotamento;Com V�timas Feridas;Plena Noite;Crescente;Nevoeiro/Neblina;Dupla;Reta;N�o;2;0;2;0;0;0;2;1;-20,80221112;-44,79031349;SPRF-MG;DEL04-MG;UOP01-DEL04-MG;;;
703294;08/07/2025;ter�a-feira;06:25:00;GO;40;26;LUZIANIA;Manobra de mudan�a de faixa;Colis�o traseira;Com V�timas Feridas;Pleno dia;Decrescente;C�u Claro;Dupla;Curva;N�o;2;0;1;0;1;0;1;2;-16,263043;-47,892159;SPRF-DF;DEL01-DF;UOP01-DEL01-DF;;;
703296;08/07/2025;ter�a-feira;06:50:00;SC;280;122,9;SAO BENTO DO SUL;Acessar a via sem observar a presen�a dos outros ve�culos;Colis�o traseira;Com V�timas Feridas;Pleno dia;Crescente;Nevoeiro/Neblina;Simples;"Reta;Interse��o de Vias";Sim;2;0;0;1;1;0;1;2;-26,244328;-49,465168;SPRF-SC;DEL06-SC;UOP03-DEL06-SC;;;
703298;08/07/2025;ter�a-feira;07:37:00;SP;116;221;GUARULHOS;Condutor deixou de manter dist�ncia do ve�culo da frente;Colis�o traseira;Com V�timas Feridas;Pleno dia;Decrescente;C�u Claro;M�ltipla;Reta;N�o;2;0;2;0;0;0;2;2;-23,45935879;-46,48482263;SPRF-SP;DEL01-SP;UOP01-DEL01-SP;;;
703299;08/07/2025;ter�a-feira;05:30:00;MT;70;648;POCONE;Rea��o tardia ou ineficiente do condutor;Colis�o traseira;Com V�timas Fatais;Amanhecer;Decrescente;C�u Claro;Simples;Reta;N�o;3;1;0;0;2;0;0;2;-15,9428492;-57,0795698;SPRF-MT;DEL03-MT;UOP02-DEL03-MT;;;
703300;14/06/2025;s�bado;18:00:00;ES;101;270,4;SERRA;Aus�ncia de rea��o do condutor;Colis�o traseira;Com V�timas Feridas;Plena Noite;Decrescente;C�u Claro;Simples;Reta;N�o;5;0;1;0;2;2;1;4;-20,22967735;-40,2719907;SPRF-ES;DEL02-ES;UOP01-DEL02-ES;;;
703302;08/07/2025;ter�a-feira;06:30:00;SP;116;86,9;PINDAMONHANGABA;Desvio tempor�rio;Colis�o com objeto;Com V�timas Feridas;Pleno dia;Crescente;Nublado;Dupla;"Reta;Desvio Tempor�rio";N�o;1;0;1;0;0;0;1;1;-22,92970219;-45,36007302;SPRF-SP;DEL08-SP;UOP01-DEL08-SP;;;
703303;08/07/2025;ter�a-feira;07:30:00;DF;40;6;BRASILIA;Manobra de mudan�a de faixa;Colis�o lateral mesmo sentido;Com V�timas Feridas;Pleno dia;Decrescente;C�u Claro;Dupla;Reta;Sim;2;0;1;0;1;0;1;2;-16,031492;-47,97862;SPRF-DF;DEL01-DF;UOP01-DEL01-DF;;;
703304;08/07/2025;ter�a-feira;05:50:00;RJ;116;180;NOVA IGUACU;Demais falhas mec�nicas ou el�tricas;Inc�ndio;Sem V�timas;Amanhecer;Decrescente;C�u Claro;Dupla;Reta;Sim;1;0;0;0;1;0;0;1;-22,7488366;-43,44294548;SPRF-RJ;DEL06-RJ;UOP01-DEL06-RJ;;;
703306;08/07/2025;ter�a-feira;07:58:00;SC;280;28,4;ARAQUARI;Transitar na contram�o;Colis�o transversal;Com V�timas Feridas;Pleno dia;Crescente;C�u Claro;Simples;Reta;Sim;2;0;0;1;1;0;1;2;-26,407325;-48,7487;SPRF-SC;DEL03-SC;UOP03-DEL03-SC;;;
703309;07/07/2025;segunda-feira;21:30:00;SC;470;57;BLUMENAU;Aus�ncia de rea��o do condutor;Colis�o lateral mesmo sentido;Com V�timas Feridas;Plena Noite;Decrescente;C�u Claro;Simples;"Reta;Em Obras";N�o;2;0;0;2;0;0;2;2;-26,87876407;-49,13367774;SPRF-SC;DEL04-SC;UOP01-DEL04-SC;;;
703312;08/07/2025;ter�a-feira;07:20:00;BA;415;53;ITABUNA;Velocidade Incompat�vel;Colis�o transversal;Com V�timas Feridas;Pleno dia;Decrescente;C�u Claro;Simples;"Reta;Declive";N�o;2;0;1;0;1;0;1;2;-14,844978;-39,338598;SPRF-BA;DEL05-BA;UOP01-DEL05-BA;;;
703313;08/07/2025;ter�a-feira;06:45:00;SC;163;68;SAO MIGUEL DO OESTE;Aus�ncia de rea��o do condutor;Colis�o traseira;Com V�timas Feridas;Amanhecer;Crescente;C�u Claro;Dupla;Retorno Regulamentado;Sim;2;0;1;0;1;0;1;2;-26,74227881;-53,50106762;SPRF-SC;DEL07-SC;UOP03-DEL07-SC;;;
703314;08/07/2025;ter�a-feira;07:55:00;PI;343;3;PARNAIBA;Desrespeitar a prefer�ncia no cruzamento;Colis�o transversal;Com V�timas Feridas;Pleno dia;Decrescente;Sol;Simples;Curva;N�o;4;0;1;0;3;0;1;3;-2,90234312;-41,68409944;SPRF-PI;DEL05-PI;UOP01-DEL05-PI;;;
703315;08/07/2025;ter�a-feira;08:20:00;RJ;116;183;NOVA IGUACU;Demais falhas na via;Colis�o lateral mesmo sentido;Com V�timas Feridas;Pleno dia;Decrescente;C�u Claro;Dupla;Reta;Sim;2;0;1;0;1;0;1;2;-22,75143422;-43,44017301;SPRF-RJ;DEL06-RJ;UOP01-DEL06-RJ;;;
703316;08/07/2025;ter�a-feira;07:30:00;RO;364;202,6;PIMENTA BUENO;Acessar a via sem observar a presen�a dos outros ve�culos;Colis�o transversal;Com V�timas Feridas;Pleno dia;Decrescente;C�u Claro;Simples;Interse��o de Vias;Sim;3;0;1;0;2;0;1;2;-11,63225;-61,203712;SPRF-RO;DEL02-RO;UOP02-DEL02-RO;;;
703317;25/05/2025;domingo;18:10:00;BA;330;797;JEQUIE;Defici�ncia do Sistema de Ilumina��o/Sinaliza��o;Colis�o traseira;Com V�timas Feridas;Plena Noite;Decrescente;C�u Claro;Simples;Reta;N�o;3;0;0;1;2;0;1;3;-13,924676;-40,003007;SPRF-BA;DEL03-BA;UOP01-DEL03-BA;;;
703318;08/07/2025;ter�a-feira;07:30:00;MG;116;250;TEOFILO OTONI;Rea��o tardia ou ineficiente do condutor;Sa�da de leito carro��vel;Com V�timas Feridas;Pleno dia;Crescente;C�u Claro;Simples;Reta;N�o;2;0;0;2;0;0;2;1;-17,8720324;-41,5199598;SPRF-MG;DEL11-MG;UOP01-DEL11-MG;;;
703321;08/07/2025;ter�a-feira;07:40:00;PR;376;617;SAO JOSE DOS PINHAIS;Velocidade Incompat�vel;Colis�o com objeto;Com V�timas Feridas;Pleno dia;Crescente;Nevoeiro/Neblina;Simples;"Curva;Retorno Regulamentado";N�o;1;0;1;0;0;0;1;1;-25,593738;-49,173226;SPRF-PR;DEL01-PR;UOP04-DEL01-PR;;;
703323;08/07/2025;ter�a-feira;09:00:00;MG;40;602;CONGONHAS;Manobra de mudan�a de faixa;Colis�o lateral mesmo sentido;Com V�timas Feridas;Pleno dia;Crescente;C�u Claro;Simples;"Aclive;Reta";N�o;4;0;1;0;3;0;1;2;-20,43934964;-43,84273785;SPRF-MG;DEL05-MG;UOP02-DEL05-MG;;;
703324;08/07/2025;ter�a-feira;09:00:00;RS;116;266;CANOAS;Ingest�o de �lcool pelo condutor;Colis�o traseira;Sem V�timas;Pleno dia;Crescente;C�u Claro;Dupla;Reta;N�o;3;0;0;0;3;0;0;3;-29,95981378;-51,17624458;SPRF-RS;DEL01-RS;UOP01-DEL01-RS;;;
703325;08/07/2025;ter�a-feira;07:50:00;BA;324;533;CONCEICAO DO JACUIPE;Pista esburacada;Queda de ocupante de ve�culo;Com V�timas Feridas;Pleno dia;Decrescente;Nublado;Dupla;Reta;N�o;1;0;1;0;0;0;1;1;-12,351658;-38,83331;SPRF-BA;DEL01-BA;UOP03-DEL01-BA;;;
703328;08/07/2025;ter�a-feira;08:20:00;RO;364;237;CACOAL;Manobra de mudan�a de faixa;Colis�o transversal;Com V�timas Feridas;Pleno dia;Decrescente;C�u Claro;Simples;Reta;Sim;3;0;2;0;1;0;2;2;-11,442677;-61,448282;SPRF-RO;DEL02-RO;UOP02-DEL02-RO;;;
703329;08/07/2025;ter�a-feira;09:10:00;MG;381;479;CONTAGEM;Condutor deixou de manter dist�ncia do ve�culo da frente;Engavetamento;Com V�timas Feridas;Pleno dia;Decrescente;C�u Claro;M�ltipla;"Declive;Reta";Sim;7;0;1;0;6;0;1;4;-19,962466;-44,049869;SPRF-MG;DEL01-MG;UOP03-DEL01-MG;;;
703330;08/07/2025;ter�a-feira;08:20:00;ES;259;83,5;COLATINA;Aus�ncia de rea��o do condutor;Capotamento;Com V�timas Feridas;Pleno dia;Decrescente;C�u Claro;Simples;Reta;N�o;1;0;1;0;0;0;1;1;-19,528948;-40,8170033;SPRF-ES;DEL02-ES;UOP01-DEL02-ES;;;
703331;08/07/2025;ter�a-feira;09:40:00;PE;101;45;IGARASSU;Trafegar com motocicleta (ou similar) entre as faixas;Colis�o lateral mesmo sentido;Sem V�timas;Pleno dia;Crescente;C�u Claro;Dupla;Reta;Sim;3;0;0;0;3;0;0;2;-7,855362;-34,908637;SPRF-PE;DEL01-PE;UOP02-DEL01-PE;;;
703332;08/07/2025;ter�a-feira;06:55:00;MG;262;445,4;NOVA SERRANA;Rea��o tardia ou ineficiente do condutor;Colis�o traseira;Sem V�timas;Pleno dia;Crescente;Sol;M�ltipla;"Reta;Aclive";Sim;2;0;0;0;2;0;0;2;-19,865329;-44,993695;SPRF-MG;DEL08-MG;UOP03-DEL08-MG;;;
703333;08/07/2025;ter�a-feira;09:34:00;SC;282;3,5;FLORIANOPOLIS;Trafegar com motocicleta (ou similar) entre as faixas;Colis�o lateral mesmo sentido;Com V�timas Feridas;Pleno dia;Decrescente;C�u Claro;M�ltipla;Reta;Sim;2;0;1;0;1;0;1;2;-27,5928227;-48,60376088;SPRF-SC;DEL01-SC;UOP01-DEL01-SC;;;
703335;08/07/2025;ter�a-feira;07:50:00;PI;343;2,3;TERESINA;Rea��o tardia ou ineficiente do condutor;Colis�o traseira;Com V�timas Feridas;Pleno dia;Decrescente;C�u Claro;M�ltipla;Reta;Sim;2;0;1;0;1;0;1;2;-5,081687;-42,770673;SPRF-PI;DEL01-PI;UOP01-DEL01-PI;;;
703336;08/07/2025;ter�a-feira;08:50:00;MG;381;448;SABARA;Velocidade Incompat�vel;Colis�o frontal;Com V�timas Feridas;Pleno dia;Decrescente;C�u Claro;Simples;Reta;Sim;2;0;1;0;1;0;1;2;-19,84193656;-43,86493651;SPRF-MG;DEL01-MG;UOP01-DEL01-MG;;;
703337;08/07/2025;ter�a-feira;07:15:00;RJ;40;45;AREAL;Condutor Dormindo;Colis�o com objeto;Com V�timas Feridas;Pleno dia;Crescente;C�u Claro;Dupla;"Curva;Aclive";N�o;3;0;2;1;0;0;3;1;-22,28031057;-43,11828017;SPRF-RJ;DEL05-RJ;UOP02-DEL05-RJ;;;
703339;08/07/2025;ter�a-feira;10:15:00;MG;40;814,5;MATIAS BARBOSA;Mal s�bito do condutor;Queda de ocupante de ve�culo;Com V�timas Feridas;Pleno dia;Decrescente;C�u Claro;Dupla;Reta;N�o;1;0;0;1;0;0;1;1;-21,90626068;-43,31331325;SPRF-MG;DEL05-MG;UOP01-DEL05-MG;;;
703340;08/07/2025;ter�a-feira;09:35:00;GO;153;622,9;MORRINHOS;Rea��o tardia ou ineficiente do condutor;Sa�da de leito carro��vel;Com V�timas Feridas;Pleno dia;Decrescente;C�u Claro;Dupla;Declive;N�o;1;0;1;0;0;0;1;1;-17,6357376;-49,1880448;SPRF-GO;DEL03-GO;UOP01-DEL03-GO;;;
703341;08/07/2025;ter�a-feira;09:46:00;PI;316;2,2;TERESINA;Manobra de mudan�a de faixa;Colis�o transversal;Com V�timas Feridas;Pleno dia;Decrescente;Sol;M�ltipla;Curva;Sim;2;0;1;0;1;0;1;2;-5,12294;-42,796;SPRF-PI;DEL01-PI;UOP02-DEL01-PI;;;
703343;08/07/2025;ter�a-feira;11:05:00;PE;232;10;JABOATAO DOS GUARARAPES;Frear bruscamente;Queda de ocupante de ve�culo;Com V�timas Feridas;Pleno dia;Crescente;Nublado;Dupla;Reta;N�o;1;0;1;0;0;0;1;1;-8,079352;-34,988337;SPRF-PE;DEL01-PE;UOP01-DEL01-PE;;;
703345;08/07/2025;ter�a-feira;02:00:00;MG;262;466,8;BOM DESPACHO;Rea��o tardia ou ineficiente do condutor;Sa�da de leito carro��vel;Com V�timas Feridas;Pleno dia;Decrescente;C�u Claro;Simples;"Declive;Reta";N�o;1;0;1;0;0;0;1;1;-19,79288;-45,16393;SPRF-MG;DEL08-MG;UOP03-DEL08-MG;;;
703346;08/07/2025;ter�a-feira;11:27:00;BA;235;349;JUAZEIRO;Acessar a via sem observar a presen�a dos outros ve�culos;Colis�o transversal;Sem V�timas;Pleno dia;Crescente;C�u Claro;Simples;Reta;Sim;2;0;0;0;2;0;0;2;-9,4416391;-40,4939523;SPRF-PE;DEL06-PE;UOP01-DEL06-PE;;;
703349;08/07/2025;ter�a-feira;11:00:00;MG;40;480;SETE LAGOAS;Objeto est�tico sobre o leito carro��vel;Sa�da de leito carro��vel;Com V�timas Feridas;Pleno dia;Crescente;Sol;Dupla;Curva;N�o;1;0;1;0;0;0;1;1;-19,50739979;-44,27385662;SPRF-MG;DEL02-MG;UOP01-DEL02-MG;;;
703350;08/07/2025;ter�a-feira;10:15:00;MG;116;117;ITAOBIM;Rea��o tardia ou ineficiente do condutor;Colis�o traseira;Sem V�timas;Pleno dia;Decrescente;C�u Claro;Simples;Reta;N�o;21;0;0;0;21;0;0;2;-16,5799438;-41,5026361;SPRF-MG;DEL11-MG;UOP02-DEL11-MG;;;
703351;08/07/2025;ter�a-feira;10:20:00;GO;153;605;MORRINHOS;Rea��o tardia ou ineficiente do condutor;Queda de ocupante de ve�culo;Com V�timas Feridas;Pleno dia;Crescente;C�u Claro;Dupla;"Aclive;Reta";N�o;1;0;0;1;0;0;1;1;-17,60128904;-49,18887913;SPRF-GO;DEL03-GO;UOP01-DEL03-GO;;;
703354;08/07/2025;ter�a-feira;11:20:00;MA;135;225;PERITORO;Desrespeitar a prefer�ncia no cruzamento;Colis�o transversal;Com V�timas Feridas;Pleno dia;Decrescente;Sol;Simples;Interse��o de Vias;Sim;6;0;0;3;3;0;3;2;-4,37642921;-44,34024096;SPRF-MA;DEL03-MA;UOP01-DEL03-MA;;;
703356;08/07/2025;ter�a-feira;12:03:00;MG;365;707,8;MONTE ALEGRE DE MINAS;Mal s�bito do condutor;Sa�da de leito carro��vel;Com V�timas Feridas;Pleno dia;Decrescente;C�u Claro;Simples;"Reta;Declive";N�o;2;0;0;1;0;1;1;2;-18,8800639;-49,0468337;SPRF-MG;DEL15-MG;UOP03-DEL15-MG;;;
703358;08/07/2025;ter�a-feira;12:15:00;SC;101;197,8;BIGUACU;Rea��o tardia ou ineficiente do condutor;Colis�o traseira;Com V�timas Feridas;Pleno dia;Crescente;C�u Claro;M�ltipla;Reta;N�o;2;0;2;0;0;0;2;2;-27,525031;-48,636187;SPRF-SC;DEL01-SC;UOP01-DEL01-SC;;;
703359;18/06/2025;quarta-feira;21:30:00;SC;282;36,8;AGUAS MORNAS;Condutor deixou de manter dist�ncia do ve�culo da frente;Colis�o lateral mesmo sentido;Com V�timas Feridas;Plena Noite;Decrescente;Nublado;Simples;Reta;N�o;3;0;0;1;2;0;1;2;-27,70676;-48,84093;SPRF-SC;DEL01-SC;UOP03-DEL01-SC;;;
703360;08/07/2025;ter�a-feira;12:15:00;PE;116;84;BELEM DE SAO FRANCISCO;Avarias e/ou desgaste excessivo no pneu;Capotamento;Com V�timas Feridas;Pleno dia;Decrescente;Nublado;Simples;Reta;N�o;2;0;1;0;1;0;1;1;-8,559623;-39,229777;SPRF-PE;DEL05-PE;UOP03-DEL05-PE;;;
703361;08/07/2025;ter�a-feira;12:30:00;CE;20;402;CAUCAIA;Acessar a via sem observar a presen�a dos outros ve�culos;Colis�o transversal;Com V�timas Feridas;Pleno dia;Crescente;C�u Claro;Simples;Reta;Sim;3;0;0;2;1;0;2;2;-3,78596943;-38,69726968;SPRF-CE;DEL01-CE;UOP01-DEL01-CE;;;
703367;08/07/2025;ter�a-feira;13:10:00;CE;116;12;FORTALEZA;Acesso irregular;Colis�o transversal;Com V�timas Feridas;Pleno dia;Crescente;C�u Claro;M�ltipla;"Reta;Interse��o de Vias";Sim;2;0;1;0;1;0;1;2;-3,856758;-38,495934;SPRF-CE;DEL01-CE;UOP02-DEL01-CE;;;
703368;08/07/2025;ter�a-feira;12:00:00;MG;365;620;UBERLANDIA;Manobra de mudan�a de faixa;Colis�o lateral mesmo sentido;Com V�timas Feridas;Pleno dia;Decrescente;C�u Claro;Dupla;"Reta;Aclive;Viaduto";Sim;2;0;1;0;1;0;1;2;-18,885274;-48,266467;SPRF-MG;DEL15-MG;UOP01-DEL15-MG;;;
703369;08/07/2025;ter�a-feira;10:40:00;PR;163;98,1;CAPANEMA;Velocidade Incompat�vel;Sa�da de leito carro��vel;Sem V�timas;Pleno dia;Decrescente;C�u Claro;Simples;Curva;N�o;1;0;0;0;0;1;0;1;-25,60545;-53,779802;SPRF-PR;DEL02-PR;UOP02-DEL02-PR;;;
703370;08/07/2025;ter�a-feira;12:40:00;PB;230;17;JOAO PESSOA;Suic�dio (presumido);Eventos at�picos;Com V�timas Feridas;Pleno dia;Crescente;C�u Claro;Dupla;Reta;N�o;2;0;0;1;0;1;1;2;-7,1196317;-34,8452698;SPRF-PB;DEL01-PB;UOP01-DEL01-PB;;;
703371;08/07/2025;ter�a-feira;13:04:00;SC;280;31;ARAQUARI;Acessar a via sem observar a presen�a dos outros ve�culos;Colis�o transversal;Com V�timas Feridas;Pleno dia;Crescente;C�u Claro;Simples;Reta;Sim;2;0;1;0;1;0;1;2;-26,413225;-48,758316;SPRF-SC;DEL03-SC;UOP03-DEL03-SC;;;
703373;08/07/2025;ter�a-feira;13:30:00;SC;101;200,8;SAO JOSE;Condutor deixou de manter dist�ncia do ve�culo da frente;Colis�o traseira;Com V�timas Feridas;Pleno dia;Crescente;C�u Claro;Dupla;Reta;Sim;2;0;1;0;1;0;1;2;-27,54636639;-48,6199522;SPRF-SC;DEL01-SC;UOP01-DEL01-SC;;;
703374;23/06/2025;segunda-feira;17:15:00;RJ;40;58;PETROPOLIS;Acessar a via sem observar a presen�a dos outros ve�culos;Colis�o transversal;Com V�timas Feridas;Plena Noite;Crescente;C�u Claro;Simples;Reta;Sim;2;0;0;1;1;0;1;2;-22,3789904;-43,1322745;SPRF-RJ;DEL05-RJ;UOP02-DEL05-RJ;;;
703375;04/07/2025;sexta-feira;18:15:00;SC;116;218,1;CORREIA PINTO;Acessar a via sem observar a presen�a dos outros ve�culos;Colis�o transversal;Com V�timas Feridas;Anoitecer;Crescente;Nublado;Simples;Reta;Sim;5;0;3;0;2;0;3;2;-27,56407739;-50,37522197;SPRF-SC;DEL05-SC;UOP03-DEL05-SC;;;
703376;08/07/2025;ter�a-feira;12:30:00;PR;158;380;MARQUINHO;Acessar a via sem observar a presen�a dos outros ve�culos;Colis�o transversal;Com V�timas Feridas;Pleno dia;Decrescente;C�u Claro;M�ltipla;"Curva;Aclive";N�o;4;0;3;0;1;0;3;2;-25,203924;-52,271731;SPRF-PR;DEL04-PR;UOP02-DEL04-PR;;;
703377;08/07/2025;ter�a-feira;08:50:00;PI;343;341,4;TERESINA;Pista Escorregadia;Tombamento;Com V�timas Feridas;Pleno dia;Decrescente;C�u Claro;Simples;Rotat�ria;Sim;1;0;0;1;0;0;1;1;-5,078437;-42,749488;SPRF-PI;DEL01-PI;UOP01-DEL01-PI;;;
703379;08/07/2025;ter�a-feira;13:10:00;RJ;116;324;ITATIAIA;Rea��o tardia ou ineficiente do condutor;Tombamento;Com V�timas Feridas;Pleno dia;Decrescente;C�u Claro;M�ltipla;Reta;N�o;1;0;1;0;0;0;1;1;-22,49512645;-44,56957553;SPRF-RJ;DEL07-RJ;UOP02-DEL07-RJ;;;
703381;08/07/2025;ter�a-feira;12:50:00;MA;135;48,9;SAO LUIS;Condutor deixou de manter dist�ncia do ve�culo da frente;Colis�o traseira;Com V�timas Feridas;Pleno dia;Decrescente;Chuva;Dupla;Reta;Sim;3;0;1;0;2;0;1;2;-2,6880002;-44,2998501;SPRF-MA;DEL01-MA;UOP01-DEL01-MA;;;
703382;08/07/2025;ter�a-feira;13:30:00;BA;116;457,5;SANTO ESTEVAO;Pista esburacada;Tombamento;Com V�timas Feridas;Pleno dia;Crescente;Nublado;Dupla;Reta;N�o;2;0;1;0;0;1;1;2;-12,4305535;-39,2138149;SPRF-BA;DEL02-BA;UOP01-DEL02-BA;;;
703384;08/07/2025;ter�a-feira;19:58:00;SP;116;231;GUARULHOS;Acessar a via sem observar a presen�a dos outros ve�culos;Colis�o lateral mesmo sentido;Com V�timas Feridas;Plena Noite;Crescente;C�u Claro;M�ltipla;Reta;Sim;3;0;1;0;2;0;1;3;-23,49659264;-46,55648754;SPRF-SP;DEL01-SP;UOP01-DEL01-SP;;;
703385;08/07/2025;ter�a-feira;12:35:00;RJ;393;235;VASSOURAS;Acessar a via sem observar a presen�a dos outros ve�culos;Colis�o transversal;Com V�timas Feridas;Pleno dia;Crescente;Sol;Simples;Interse��o de Vias;Sim;3;0;2;0;0;1;2;2;-22,41034069;-43,67183158;SPRF-RJ;DEL05-RJ;UOP03-DEL05-RJ;;;
703387;08/07/2025;ter�a-feira;14:30:00;RJ;116;176;SAO JOAO DE MERITI;Condutor deixou de manter dist�ncia do ve�culo da frente;Colis�o traseira;Com V�timas Feridas;Pleno dia;Crescente;Sol;M�ltipla;Reta;N�o;3;0;1;1;1;0;2;2;-22,78408966;-43,38116733;SPRF-RJ;DEL06-RJ;UOP01-DEL06-RJ;;;
703391;27/05/2025;ter�a-feira;10:00:00;GO;40;6;VALPARAISO DE GOIAS;Aus�ncia de rea��o do condutor;Engavetamento;Com V�timas Feridas;Pleno dia;Decrescente;C�u Claro;Dupla;Reta;Sim;4;0;1;0;3;0;1;3;-16,09895285;-47,97857834;SPRF-DF;DEL01-DF;UOP01-DEL01-DF;;;
703394;08/07/2025;ter�a-feira;14:15:00;PR;376;176,1;MARINGA;Manobra de mudan�a de faixa;Colis�o lateral mesmo sentido;Com V�timas Feridas;Pleno dia;Crescente;C�u Claro;Dupla;Reta;Sim;4;0;1;0;2;1;1;4;-23,41127624;-51,93981735;SPRF-PR;DEL09-PR;UOP01-DEL09-PR;;;
703395;08/07/2025;ter�a-feira;14:20:00;SC;101;234,4;PALHOCA;Velocidade Incompat�vel;Colis�o traseira;Com V�timas Feridas;Pleno dia;Crescente;C�u Claro;M�ltipla;"Reta;Declive";N�o;2;0;1;0;1;0;1;2;-27,80641477;-48,63870017;SPRF-SC;DEL01-SC;UOP02-DEL01-SC;;;
703396;08/07/2025;ter�a-feira;14:35:00;SP;381;30;ATIBAIA;Velocidade Incompat�vel;Capotamento;Com V�timas Feridas;Pleno dia;Decrescente;C�u Claro;Dupla;Reta;N�o;2;0;2;0;0;0;2;1;-23,04774642;-46,56373549;SPRF-SP;DEL03-SP;UOP02-DEL03-SP;;;
703397;01/06/2025;domingo;15:30:00;MG;381;0;BETIM;Velocidade Incompat�vel;Colis�o traseira;Com V�timas Feridas;Pleno dia;Decrescente;C�u Claro;Dupla;"Reta;Aclive";Sim;3;0;1;0;2;0;1;2;-19,99646103;-44,20917619;SPRF-MG;DEL01-MG;UOP03-DEL01-MG;;;
703398;08/07/2025;ter�a-feira;15:00:00;BA;135;148;RIACHAO DAS NEVES;Rea��o tardia ou ineficiente do condutor;Colis�o com objeto;Com V�timas Fatais;Pleno dia;Decrescente;C�u Claro;Simples;Reta;N�o;3;1;1;1;0;0;2;1;-11,943074;-44,901306;SPRF-BA;DEL10-BA;UOP01-DEL10-BA;;;
703399;08/07/2025;ter�a-feira;15:00:00;PI;343;23;PARNAIBA;Condutor deixou de manter dist�ncia do ve�culo da frente;Tombamento;Com V�timas Feridas;Pleno dia;Crescente;C�u Claro;Simples;Reta;N�o;3;0;0;1;2;0;1;3;-3,01507817;-41,76867096;SPRF-PI;DEL05-PI;UOP01-DEL05-PI;;;
703400;08/07/2025;ter�a-feira;13:50:00;MG;40;622,6;CONSELHEIRO LAFAIETE;Avarias e/ou desgaste excessivo no pneu;Sa�da de leito carro��vel;Sem V�timas;Pleno dia;Decrescente;Sol;Simples;Curva;Sim;2;0;0;0;2;0;0;1;-20,60347418;-43,80753838;SPRF-MG;DEL05-MG;UOP02-DEL05-MG;;;
703402;05/07/2025;s�bado;19:55:00;MS;262;758,8;LADARIO;Acessar a via sem observar a presen�a dos outros ve�culos;Atropelamento de Pedestre;Com V�timas Feridas;Plena Noite;Decrescente;C�u Claro;Simples;Reta;N�o;2;0;1;0;0;1;1;2;-19,154189;-57,630749;SPRF-MS;DEL03-MS;UOP03-DEL03-MS;;;
703403;08/07/2025;ter�a-feira;14:00:00;SC;280;25,9;ARAQUARI;Transitar na contram�o;Colis�o transversal;Com V�timas Feridas;Pleno dia;Decrescente;C�u Claro;Simples;Reta;N�o;3;0;1;1;1;0;2;2;-26,388852;-48,73311;SPRF-SC;DEL03-SC;UOP03-DEL03-SC;;;
703404;08/07/2025;ter�a-feira;13:15:00;MG;262;433,6;NOVA SERRANA;Objeto est�tico sobre o leito carro��vel;Sa�da de leito carro��vel;Com V�timas Feridas;Pleno dia;Crescente;C�u Claro;Dupla;Reta;N�o;1;0;1;0;0;0;1;1;-19,88213;-44,93154;SPRF-MG;DEL08-MG;UOP03-DEL08-MG;;;
703405;08/07/2025;ter�a-feira;15:25:00;PB;230;23,3;JOAO PESSOA;Aus�ncia de rea��o do condutor;Colis�o traseira;Com V�timas Feridas;Pleno dia;Decrescente;C�u Claro;Dupla;Reta;Sim;2;0;1;1;0;0;2;2;-7,162526;-34,840205;SPRF-PB;DEL01-PB;UOP01-DEL01-PB;;;
703406;08/07/2025;ter�a-feira;12:25:00;SC;101;400,2;MARACAJA;Desrespeitar a prefer�ncia no cruzamento;Colis�o transversal;Sem V�timas;Pleno dia;Decrescente;C�u Claro;M�ltipla;"Interse��o de Vias;Viaduto";Sim;2;0;0;0;2;0;0;2;-28,86622805;-49,44804065;SPRF-SC;DEL02-SC;UOP02-DEL02-SC;;;
703407;08/07/2025;ter�a-feira;15:30:00;SP;381;84;SAO PAULO;Demais falhas na via;Colis�o traseira;Sem V�timas;Pleno dia;Crescente;C�u Claro;M�ltipla;"Reta;Interse��o de Vias";Sim;2;0;0;0;2;0;0;2;-23,436507;-46,568307;SPRF-SP;DEL03-SP;UOP01-DEL03-SP;;;
703409;08/07/2025;ter�a-feira;15:00:00;MS;163;8,7;MUNDO NOVO;Aus�ncia de rea��o do condutor;Sa�da de leito carro��vel;Com V�timas Feridas;Pleno dia;Crescente;C�u Claro;Simples;Reta;N�o;2;0;1;0;1;0;1;1;-23,990842;-54,331177;SPRF-MS;DEL09-MS;UOP02-DEL09-MS;;;