id;data_inversa;dia_semana;horario;uf;br;km;municipio;causa_acidente;tipo_acidente;classificacao_acidente;fase_dia;sentido_via;condicao_metereologica;tipo_pista;tracado_via;uso_solo;pessoas;mortos;feridos_leves;feridos_graves;ilesos;ignorados;feridos;veiculos;latitude;longitude;regional;delegacia;uop;;;
703411;08/07/2025;ter�a-feira;16:30:00;RS;392;665,7;CERRO LARGO;Rea��o tardia ou ineficiente do condutor;Sa�da de leito carro��vel;Com V�timas Feridas;Pleno dia;Crescente;C�u Claro;Simples;Curva;N�o;2;0;2;0;0;0;2;1;-28,121028;-54,771056;SPRF-RS;DEL10-RS;UOP01-DEL10-RS;;;
703412;08/07/2025;ter�a-feira;15:00:00;RJ;465;8,1;SEROPEDICA;Convers�o proibida;Colis�o transversal;Com V�timas Feridas;Pleno dia;Crescente;C�u Claro;Simples;Reta;Sim;3;0;1;0;1;1;1;3;-22,765506;-43,681662;SPRF-RJ;DEL06-RJ;UOP02-DEL06-RJ;;;
703413;08/07/2025;ter�a-feira;13:05:00;SC;101;271;PAULO LOPES;Aus�ncia de rea��o do condutor;Sa�da de leito carro��vel;Com V�timas Feridas;Pleno dia;Crescente;Sol;Dupla;Reta;N�o;1;0;1;0;0;0;1;1;-28,082176;-48,709632;SPRF-SC;DEL02-SC;UOP03-DEL02-SC;;;
703416;08/07/2025;ter�a-feira;16:30:00;SC;280;24;ARAQUARI;Acessar a via sem observar a presen�a dos outros ve�culos;Colis�o transversal;Com V�timas Feridas;Pleno dia;Decrescente;C�u Claro;Simples;Reta;Sim;2;0;1;0;1;0;1;2;-26,375405;-48,717472;SPRF-SC;DEL03-SC;UOP03-DEL03-SC;;;
703418;08/07/2025;ter�a-feira;16:15:00;PR;376;4,1;MANDAGUARI;Retorno proibido;Colis�o transversal;Com V�timas Feridas;Pleno dia;Decrescente;C�u Claro;Simples;Reta;Sim;3;0;2;0;1;0;2;2;-23,51790531;-51,6813725;SPRF-PR;DEL09-PR;UOP01-DEL09-PR;;;
703421;08/07/2025;ter�a-feira;17:15:00;RN;101;105,8;PARNAMIRIM;Frear bruscamente;Colis�o traseira;Sem V�timas;Anoitecer;Crescente;Nublado;M�ltipla;Viaduto;Sim;3;0;0;0;3;0;0;2;-5,90522707;-35,26044756;SPRF-RN;DEL01-RN;UOP01-DEL01-RN;;;
703422;08/07/2025;ter�a-feira;14:50:00;TO;0;0;ARAGUAINA;Transitar na contram�o;Colis�o lateral mesmo sentido;Sem V�timas;Pleno dia;N�o Informado;C�u Claro;Dupla;Reta;Sim;3;0;0;0;3;0;0;2;-7,20783648;-48,23357373;SPRF-TO;DEL02-TO;UOP01-DEL02-TO;;;
703423;08/07/2025;ter�a-feira;16:00:00;PE;232;410;SERRA TALHADA;Acumulo de areia ou detritos sobre o pavimento;Tombamento;Com V�timas Feridas;Pleno dia;Decrescente;Nublado;Simples;"Reta;Ponte";N�o;2;0;0;1;1;0;1;1;-7,98251726;-38,29688609;SPRF-PE;DEL04-PE;UOP01-DEL04-PE;;;
703425;08/07/2025;ter�a-feira;17:10:00;SC;470;141;RIO DO SUL;Objeto est�tico sobre o leito carro��vel;Colis�o com objeto;Com V�timas Feridas;Pleno dia;Crescente;Sol;Simples;Reta;N�o;2;0;2;0;0;0;2;1;-27,21128704;-49,65161416;SPRF-SC;DEL04-SC;UOP02-DEL04-SC;;;
703427;08/07/2025;ter�a-feira;17:30:00;PB;101;89,8;JOAO PESSOA;Condutor deixou de manter dist�ncia do ve�culo da frente;Colis�o transversal;Com V�timas Feridas;Anoitecer;Decrescente;C�u Claro;Dupla;Retorno Regulamentado;Sim;3;0;2;0;1;0;2;2;-7,17796718;-34,8996377;SPRF-PB;DEL01-PB;UOP01-DEL01-PB;;;
703428;20/06/2025;sexta-feira;19:50:00;MG;381;484,5;BETIM;Aus�ncia de rea��o do condutor;Colis�o traseira;Com V�timas Feridas;Plena Noite;Crescente;C�u Claro;Dupla;"Reta;Declive";N�o;3;0;2;0;1;0;2;2;-19,95872913;-44,09108446;SPRF-MG;DEL01-MG;UOP03-DEL01-MG;;;
703429;08/07/2025;ter�a-feira;17:30:00;PB;230;20,7;JOAO PESSOA;Rea��o tardia ou ineficiente do condutor;Tombamento;Com V�timas Feridas;Anoitecer;Decrescente;C�u Claro;Dupla;Reta;Sim;2;0;2;0;0;0;2;1;-7,14184566;-34,85191852;SPRF-PB;DEL01-PB;UOP01-DEL01-PB;;;
703430;08/07/2025;ter�a-feira;17:40:00;SC;101;205;SAO JOSE;Condutor deixou de manter dist�ncia do ve�culo da frente;Colis�o transversal;Sem V�timas;Anoitecer;Crescente;C�u Claro;Dupla;"Curva;Interse��o de Vias";Sim;2;0;0;0;1;1;0;2;-27,58355;-48,615502;SPRF-SC;DEL01-SC;UOP01-DEL01-SC;;;
703431;08/07/2025;ter�a-feira;18:10:00;SC;282;15,6;PALHOCA;Acessar a via sem observar a presen�a dos outros ve�culos;Colis�o transversal;Com V�timas Feridas;Plena Noite;Crescente;C�u Claro;Simples;Interse��o de Vias;N�o;2;0;1;1;0;0;2;2;-27,655477;-48,679578;SPRF-SC;DEL01-SC;UOP02-DEL01-SC;;;
703434;08/07/2025;ter�a-feira;18:00:00;PR;0;0;SANTA TEREZINHA DE ITAIPU;Rea��o tardia ou ineficiente do condutor;Colis�o traseira;Sem V�timas;Anoitecer;N�o Informado;C�u Claro;Dupla;Reta;Sim;3;0;0;0;3;0;0;2;-25,44616607;-54,4044563;SPRF-PR;DEL05-PR;UOP01-DEL05-PR;;;
703436;08/07/2025;ter�a-feira;12:00:00;SC;282;230;LAGES;Animais na Pista;Atropelamento de Animal;Sem V�timas;Pleno dia;Crescente;Nublado;Simples;Reta;N�o;1;0;0;0;1;0;0;1;-27,7882034;-50,4290071;SPRF-SC;DEL05-SC;UOP02-DEL05-SC;;;
703438;08/07/2025;ter�a-feira;18:00:00;PR;163;352;GUAIRA;Condutor deixou de manter dist�ncia do ve�culo da frente;Colis�o traseira;Com V�timas Feridas;Anoitecer;Decrescente;C�u Claro;Simples;Reta;N�o;6;0;1;0;5;0;1;3;-24,06715515;-54,25254822;SPRF-PR;DEL06-PR;UOP01-DEL06-PR;;;
703439;08/07/2025;ter�a-feira;18:30:00;SC;153;94,3;CONCORDIA;Acesso irregular;Colis�o frontal;Com V�timas Feridas;Plena Noite;Crescente;C�u Claro;Simples;Curva;N�o;2;0;1;0;1;0;1;2;-27,20341;-51,94869;SPRF-SC;DEL07-SC;UOP04-DEL07-SC;;;
703440;08/07/2025;ter�a-feira;17:40:00;PR;376;602,1;CURITIBA;Trafegar com motocicleta (ou similar) entre as faixas;Colis�o traseira;Com V�timas Feridas;Anoitecer;Crescente;C�u Claro;Dupla;Viaduto;Sim;2;0;1;0;1;0;1;2;-25,51624;-49,336521;SPRF-PR;DEL01-PR;UOP03-DEL01-PR;;;
703441;08/07/2025;ter�a-feira;17:20:00;PR;277;134;BALSA NOVA;Acessar a via sem observar a presen�a dos outros ve�culos;Sa�da de leito carro��vel;Sem V�timas;Pleno dia;Decrescente;C�u Claro;Simples;"Declive;Reta";N�o;2;0;0;0;2;0;0;1;-25,470181;-49,606634;SPRF-PR;DEL03-PR;UOP03-DEL03-PR;;;
703442;08/07/2025;ter�a-feira;19:05:00;PE;101;51,2;ABREU E LIMA;Rea��o tardia ou ineficiente do condutor;Tombamento;Com V�timas Feridas;Plena Noite;Decrescente;C�u Claro;M�ltipla;Reta;N�o;1;0;1;0;0;0;1;1;-7,9173597;-34,896298;SPRF-PE;DEL01-PE;UOP02-DEL01-PE;;;
703443;08/07/2025;ter�a-feira;18:50:00;SC;101;333;TUBARAO;Rea��o tardia ou ineficiente do condutor;Queda de ocupante de ve�culo;Com V�timas Feridas;Plena Noite;Decrescente;C�u Claro;Dupla;Reta;Sim;3;0;1;0;2;0;1;2;-28,46766046;-49,00509445;SPRF-SC;DEL02-SC;UOP01-DEL02-SC;;;
703445;08/07/2025;ter�a-feira;18:30:00;PR;277;725,5;FOZ DO IGUACU;Entrada inopinada do pedestre;Atropelamento de Pedestre;Com V�timas Feridas;Anoitecer;Decrescente;C�u Claro;Dupla;Reta;Sim;3;0;2;1;0;0;3;2;-25,5095307;-54,5959824;SPRF-PR;DEL05-PR;UOP03-DEL05-PR;;;
703447;08/07/2025;ter�a-feira;18:30:00;RS;116;517;PELOTAS;Acessar a via sem observar a presen�a dos outros ve�culos;Colis�o transversal;Com V�timas Feridas;Plena Noite;Decrescente;Nublado;M�ltipla;Viaduto;Sim;3;0;1;0;2;0;1;2;-31,6789036;-52,3414572;SPRF-RS;DEL07-RS;UOP01-DEL07-RS;;;
703448;08/07/2025;ter�a-feira;18:16:00;MA;135;6;SAO LUIS;Entrada inopinada do pedestre;Atropelamento de Pedestre;Sem V�timas;Plena Noite;Decrescente;C�u Claro;Dupla;Declive;Sim;2;0;0;0;1;1;0;2;-2,634668;-44,267305;SPRF-MA;DEL01-MA;UOP01-DEL01-MA;;;
703451;08/07/2025;ter�a-feira;19:00:00;RJ;393;272;BARRA DO PIRAI;Ingest�o de �lcool pelo condutor;Tombamento;Com V�timas Feridas;Plena Noite;Decrescente;C�u Claro;Simples;Reta;N�o;1;0;1;0;0;0;1;1;-22,4815493;-43,9757628;SPRF-RJ;DEL05-RJ;UOP04-DEL05-RJ;;;
703452;08/07/2025;ter�a-feira;17:30:00;RO;364;710;PORTO VELHO;Acessar a via sem observar a presen�a dos outros ve�culos;Colis�o lateral mesmo sentido;Com V�timas Feridas;Anoitecer;Decrescente;C�u Claro;Dupla;"Reta;Interse��o de Vias";Sim;2;0;1;0;1;0;1;2;-8,784479;-63,860666;SPRF-RO;DEL01-RO;UOP01-DEL01-RO;;;
703454;08/07/2025;ter�a-feira;20:00:00;RS;386;427;MONTENEGRO;Demais falhas mec�nicas ou el�tricas;Tombamento;Com V�timas Feridas;Pleno dia;Decrescente;C�u Claro;Dupla;"Reta;Viaduto";N�o;2;0;2;0;0;0;2;1;-29,8224123;-51,35092042;SPRF-RS;DEL04-RS;UOP02-DEL04-RS;;;
703455;08/07/2025;ter�a-feira;19:15:00;GO;153;401;PIRENOPOLIS;Acessar a via sem observar a presen�a dos outros ve�culos;Colis�o transversal;Com V�timas Feridas;Plena Noite;Decrescente;C�u Claro;Simples;Interse��o de Vias;N�o;3;0;1;0;1;1;1;3;-16,047906;-49,074382;SPRF-GO;DEL02-GO;UOP02-DEL02-GO;;;
703456;09/05/2025;sexta-feira;19:50:00;ES;101;126;SOORETAMA;Aus�ncia de rea��o do condutor;Queda de ocupante de ve�culo;Com V�timas Feridas;Plena Noite;Crescente;C�u Claro;Simples;Reta;Sim;1;0;0;1;0;0;1;1;-19,201095;-40,095748;SPRF-ES;DEL04-ES;UOP01-DEL04-ES;;;
703457;08/07/2025;ter�a-feira;17:40:00;SC;116;250;LAGES;Suic�dio (presumido);Colis�o com objeto;Com V�timas Feridas;Pleno dia;Decrescente;Nublado;Simples;Curva;N�o;1;0;1;0;0;0;1;1;-27,8484869;-50,37991047;SPRF-SC;DEL05-SC;UOP02-DEL05-SC;;;
703458;08/07/2025;ter�a-feira;18:20:00;MG;116;699,9;MURIAE;Ingest�o de �lcool pelo condutor;Tombamento;Com V�timas Feridas;Plena Noite;Crescente;C�u Claro;Simples;Reta;Sim;1;0;0;1;0;0;1;1;-21,10134141;-42,37768153;SPRF-MG;DEL07-MG;UOP02-DEL07-MG;;;
703459;08/07/2025;ter�a-feira;18:50:00;RJ;116;138;MAGE;Acessar a via sem observar a presen�a dos outros ve�culos;Colis�o lateral mesmo sentido;Com V�timas Feridas;Plena Noite;Decrescente;Nublado;Dupla;"Reta;Desvio Tempor�rio";N�o;2;0;1;0;1;0;1;2;-22,64668094;-43,19489991;SPRF-RJ;DEL04-RJ;UOP02-DEL04-RJ;;;
703461;08/07/2025;ter�a-feira;18:44:00;RJ;40;111;DUQUE DE CAXIAS;Rea��o tardia ou ineficiente do condutor;Colis�o traseira;Com V�timas Feridas;Plena Noite;Crescente;C�u Claro;M�ltipla;Reta;Sim;4;0;1;0;3;0;1;2;-22,69393241;-43,28837514;SPRF-RJ;DEL01-RJ;UOP02-DEL01-RJ;;;
703462;09/05/2025;sexta-feira;18:30:00;ES;101;151;LINHARES;Acessar a via sem observar a presen�a dos outros ve�culos;Colis�o transversal;Com V�timas Feridas;Anoitecer;Decrescente;C�u Claro;Simples;Curva;N�o;3;0;0;2;1;0;2;2;-19,41701;-40,068199;SPRF-ES;DEL04-ES;UOP01-DEL04-ES;;;
703463;08/07/2025;ter�a-feira;20:40:00;SP;116;222;GUARULHOS;Sinaliza��o mal posicionada;Colis�o com objeto;Com V�timas Feridas;Plena Noite;Decrescente;C�u Claro;M�ltipla;"Reta;Em Obras;Desvio Tempor�rio";Sim;1;0;0;1;0;0;1;1;-23,47630074;-46,52602136;SPRF-SP;DEL01-SP;UOP01-DEL01-SP;;;
703464;08/07/2025;ter�a-feira;17:14:00;MT;163;119;RONDONOPOLIS;Rea��o tardia ou ineficiente do condutor;Colis�o lateral mesmo sentido;Com V�timas Feridas;Anoitecer;Crescente;C�u Claro;Dupla;Curva;Sim;2;0;1;0;1;0;1;2;-16,492152;-54,646817;SPRF-MT;DEL02-MT;UOP01-DEL02-MT;;;
703466;08/07/2025;ter�a-feira;21:10:00;PR;116;148;MANDIRITUBA;Aus�ncia de rea��o do condutor;Sa�da de leito carro��vel;Com V�timas Feridas;Plena Noite;Crescente;Nevoeiro/Neblina;Simples;Curva;N�o;1;0;1;0;0;0;1;1;-25,83160472;-49,3355535;SPRF-PR;DEL01-PR;UOP03-DEL01-PR;;;
703467;08/07/2025;ter�a-feira;18:00:00;RN;427;58,4;JARDIM DO SERIDO;Condutor deixou de manter dist�ncia do ve�culo da frente;Colis�o traseira;Com V�timas Feridas;Plena Noite;Decrescente;C�u Claro;Simples;Reta;N�o;2;0;0;1;1;0;1;2;-6,59238072;-36,80070878;SPRF-RN;DEL03-RN;UOP01-DEL03-RN;;;
703468;08/07/2025;ter�a-feira;21:15:00;SC;101;205,3;SAO JOSE;Rea��o tardia ou ineficiente do condutor;Tombamento;Com V�timas Feridas;Plena Noite;Crescente;Nublado;M�ltipla;Curva;Sim;1;0;1;0;0;0;1;1;-27,5880236;-48,61793518;SPRF-SC;DEL01-SC;UOP01-DEL01-SC;;;
703469;08/07/2025;ter�a-feira;19:15:00;MA;316;397,9;ALTO ALEGRE DO MARANHAO;Ilumina��o deficiente;Tombamento;Com V�timas Fatais;Plena Noite;Crescente;Nublado;Simples;Reta;N�o;1;1;0;0;0;0;0;1;-4,194647;-44,475333;SPRF-MA;DEL03-MA;UOP01-DEL03-MA;;;
703470;15/04/2025;ter�a-feira;19:15:00;GO;70;2;AGUAS LINDAS DE GOIAS;Ilumina��o deficiente;Atropelamento de Pedestre;Com V�timas Feridas;Plena Noite;Crescente;C�u Claro;Dupla;"Curva;Aclive";Sim;2;0;0;1;1;0;1;2;-15,7626;-48,23381;SPRF-DF;DEL03-DF;UOP02-DEL03-DF;;;
703471;08/07/2025;ter�a-feira;21:30:00;PE;101;67;RECIFE;Demais falhas mec�nicas ou el�tricas;Queda de ocupante de ve�culo;Com V�timas Feridas;Plena Noite;Crescente;Nublado;M�ltipla;Reta;Sim;2;0;2;0;0;0;2;1;-8,047742;-34,945375;SPRF-PE;DEL01-PE;UOP01-DEL01-PE;;;
703472;08/07/2025;ter�a-feira;18:40:00;GO;60;341;SANTO ANTONIO DA BARRA;Mal s�bito do condutor;Sa�da de leito carro��vel;Com V�timas Feridas;Anoitecer;Crescente;C�u Claro;Dupla;Reta;Sim;2;0;1;0;1;0;1;1;-17,561968;-50,636523;SPRF-GO;DEL04-GO;UOP02-DEL04-GO;;;
703473;08/07/2025;ter�a-feira;20:45:00;MG;40;622,9;CONGONHAS;Aus�ncia de rea��o do condutor;Sa�da de leito carro��vel;Com V�timas Feridas;Plena Noite;Crescente;C�u Claro;Simples;Curva;N�o;1;0;1;0;0;0;1;1;-20,58885873;-43,80614554;SPRF-MG;DEL05-MG;UOP02-DEL05-MG;;;
703476;08/07/2025;ter�a-feira;17:20:00;SC;280;52,6;GUARAMIRIM;Acessar a via sem observar a presen�a dos outros ve�culos;Colis�o transversal;Com V�timas Feridas;Anoitecer;Decrescente;C�u Claro;Simples;"Interse��o de Vias;Reta;Rotat�ria";N�o;3;0;2;0;1;0;2;2;-26,471472;-48,971027;SPRF-SC;DEL03-SC;UOP03-DEL03-SC;;;
703478;08/07/2025;ter�a-feira;18:20:00;RJ;101;571;PARATY;Pedestre andava na pista;Atropelamento de Pedestre;Com V�timas Feridas;Plena Noite;Decrescente;C�u Claro;Simples;Curva;N�o;2;0;0;1;1;0;1;2;-23,18627177;-44,72460687;SPRF-RJ;DEL03-RJ;UOP04-DEL03-RJ;;;
703479;08/07/2025;ter�a-feira;22:00:00;AP;210;1;MACAPA;Afundamento ou ondula��o no pavimento;Colis�o frontal;Com V�timas Feridas;Plena Noite;Decrescente;C�u Claro;Simples;Reta;Sim;3;0;0;2;0;1;2;3;0,08021462;-51,07418988;SPRF-AP;DEL01-AP;UOP01-DEL01-AP;;;
703480;08/07/2025;ter�a-feira;22:10:00;DF;70;16;BRASILIA;Aus�ncia de rea��o do condutor;Colis�o com objeto;Com V�timas Feridas;Plena Noite;Crescente;C�u Claro;Dupla;Rotat�ria;Sim;1;0;1;0;0;0;1;1;-15,79543;-48,196853;SPRF-DF;DEL03-DF;UOP02-DEL03-DF;;;
703484;08/07/2025;ter�a-feira;19:10:00;RJ;40;110;DUQUE DE CAXIAS;Rea��o tardia ou ineficiente do condutor;Colis�o traseira;Com V�timas Feridas;Plena Noite;Crescente;C�u Claro;M�ltipla;Reta;Sim;4;0;2;0;1;1;2;3;-22,68981175;-43,28705294;SPRF-RJ;DEL01-RJ;UOP02-DEL01-RJ;;;
703485;04/07/2025;sexta-feira;17:46:00;RO;364;341;JI-PARANA;Velocidade Incompat�vel;Colis�o traseira;Com V�timas Feridas;Anoitecer;Decrescente;C�u Claro;Dupla;Reta;Sim;2;0;1;0;1;0;1;2;-10,88236516;-61,939888;SPRF-RO;DEL02-RO;UOP01-DEL02-RO;;;
703487;08/07/2025;ter�a-feira;20:00:00;BA;110;220;NOVA SOURE;Acessar a via sem observar a presen�a dos outros ve�culos;Colis�o transversal;Com V�timas Feridas;Plena Noite;Crescente;C�u Claro;Simples;Interse��o de Vias;Sim;2;0;1;0;1;0;1;2;-11,24323518;-38,47618673;SPRF-BA;DEL07-BA;UOP02-DEL07-BA;;;
703488;08/07/2025;ter�a-feira;22:58:00;RS;448;0,6;ESTEIO;Rea��o tardia ou ineficiente do condutor;Tombamento;Com V�timas Feridas;Plena Noite;Decrescente;C�u Claro;Dupla;Curva;Sim;2;0;1;0;1;0;1;1;-29,830751;-51,17607;SPRF-RS;DEL01-RS;UOP02-DEL01-RS;;;
703490;08/07/2025;ter�a-feira;22:30:00;RJ;101;407,5;ITAGUAI;Aus�ncia de rea��o do condutor;Colis�o traseira;Com V�timas Feridas;Plena Noite;Decrescente;C�u Claro;Dupla;Reta;N�o;2;0;2;0;0;0;2;2;-22,884295;-43,83090941;SPRF-RJ;DEL03-RJ;UOP01-DEL03-RJ;;;
703491;08/07/2025;ter�a-feira;21:20:00;PI;316;334,2;GEMINIANO;Animais na Pista;Atropelamento de Animal;Com V�timas Feridas;Plena Noite;Decrescente;C�u Claro;Simples;Reta;N�o;1;0;1;0;0;0;1;1;-7,107842;-41,261108;SPRF-PI;DEL04-PI;UOP01-DEL04-PI;;;
703493;08/07/2025;ter�a-feira;22:10:00;RJ;116;321,2;ITATIAIA;Objeto est�tico sobre o leito carro��vel;Colis�o com objeto;Com V�timas Feridas;Plena Noite;Decrescente;C�u Claro;Simples;Reta;N�o;1;0;1;0;0;0;1;1;-22,48466202;-44,54543464;SPRF-RJ;DEL07-RJ;UOP02-DEL07-RJ;;;
703494;08/07/2025;ter�a-feira;23:40:00;SC;470;134;RIO DO SUL;Rea��o tardia ou ineficiente do condutor;Sa�da de leito carro��vel;Com V�timas Feridas;Plena Noite;Crescente;C�u Claro;Simples;Rotat�ria;N�o;2;0;0;1;1;0;1;1;-27,1892558;-49,61825562;SPRF-SC;DEL04-SC;UOP02-DEL04-SC;;;
703495;08/07/2025;ter�a-feira;22:40:00;BA;110;13,2;PAULO AFONSO;Animais na Pista;Atropelamento de Animal;Com V�timas Feridas;Plena Noite;Crescente;Nublado;Simples;Reta;N�o;1;0;0;1;0;0;1;1;-9,532515;-38,22104;SPRF-BA;DEL07-BA;UOP01-DEL07-BA;;;
703497;07/07/2025;segunda-feira;12:00:00;MG;381;288;ANTONIO DIAS;Rea��o tardia ou ineficiente do condutor;Colis�o traseira;Com V�timas Feridas;Pleno dia;Crescente;Nublado;Dupla;Reta;N�o;1;0;0;1;0;0;1;1;-19,63934838;-42,82228142;SPRF-MG;DEL03-MG;UOP02-DEL03-MG;;;
703501;09/07/2025;quarta-feira;00:30:00;MG;262;365;JUATUBA;Rea��o tardia ou ineficiente do condutor;Colis�o traseira;Sem V�timas;Plena Noite;Decrescente;Nublado;Dupla;Reta;N�o;2;0;0;0;2;0;0;2;-19,9717904;-44,28472845;SPRF-MG;DEL01-MG;UOP03-DEL01-MG;;;
703502;08/07/2025;ter�a-feira;23:45:00;SP;153;30;NOVA GRANADA;Velocidade Incompat�vel;Sa�da de leito carro��vel;Sem V�timas;Plena Noite;Decrescente;C�u Claro;Simples;Rotat�ria;Sim;1;0;0;0;0;1;0;1;-20,54123752;-49,33037975;SPRF-SP;DEL09-SP;UOP01-DEL09-SP;;;
703503;09/07/2025;quarta-feira;01:00:00;DF;70;19;BRASILIA;Aus�ncia de rea��o do condutor;Sa�da de leito carro��vel;Sem V�timas;Plena Noite;Crescente;C�u Claro;Dupla;Reta;N�o;1;0;0;0;0;1;0;1;-15,78512642;-48,23116064;SPRF-DF;DEL03-DF;UOP02-DEL03-DF;;;
703504;09/07/2025;quarta-feira;01:30:00;SP;153;107,3;JOSE BONIFACIO;Aus�ncia de rea��o do condutor;Tombamento;Com V�timas Feridas;Plena Noite;Crescente;C�u Claro;Simples;Reta;Sim;1;0;0;1;0;0;1;1;-21,066375;-49,663801;SPRF-SP;DEL09-SP;UOP01-DEL09-SP;;;
703509;09/07/2025;quarta-feira;05:50:00;GO;153;357;JARAGUA;Acessar a via sem observar a presen�a dos outros ve�culos;Colis�o transversal;Com V�timas Feridas;Amanhecer;Decrescente;C�u Claro;Simples;"Interse��o de Vias;Reta";Sim;3;0;0;1;2;0;1;2;-15,735645;-49,323022;SPRF-GO;DEL02-GO;UOP02-DEL02-GO;;;
703510;09/07/2025;quarta-feira;06:15:00;PI;316;13,5;TERESINA;Condutor deixou de manter dist�ncia do ve�culo da frente;Colis�o traseira;Com V�timas Feridas;Amanhecer;Decrescente;C�u Claro;M�ltipla;Reta;Sim;3;0;2;0;1;0;2;2;-5,21676;-42,752998;SPRF-PI;DEL01-PI;UOP02-DEL01-PI;;;
703512;09/07/2025;quarta-feira;03:55:00;MG;262;417,4;IGARATINGA;Condutor Dormindo;Sa�da de leito carro��vel;Com V�timas Feridas;Plena Noite;Decrescente;Vento;Dupla;Reta;N�o;1;0;1;0;0;0;1;1;-19,88745;-44,78924;SPRF-MG;DEL08-MG;UOP03-DEL08-MG;;;
703513;09/07/2025;quarta-feira;05:10:00;SP;116;25;LAVRINHAS;Condutor Dormindo;Colis�o traseira;Com V�timas Feridas;Plena Noite;Decrescente;C�u Claro;Dupla;Reta;N�o;1;0;1;0;0;0;1;1;-22,59282797;-44,88627076;SPRF-SP;DEL08-SP;UOP02-DEL08-SP;;;
703514;09/07/2025;quarta-feira;06:45:00;PB;101;89,4;JOAO PESSOA;Acessar a via sem observar a presen�a dos outros ve�culos;Colis�o transversal;Com V�timas Feridas;Pleno dia;Crescente;C�u Claro;M�ltipla;"Reta;Retorno Regulamentado";Sim;2;0;0;1;0;1;1;2;-7,17796824;-34,89962125;SPRF-PB;DEL01-PB;UOP01-DEL01-PB;;;
703515;09/07/2025;quarta-feira;06:30:00;BA;116;782;PLANALTO;Acessar a via sem observar a presen�a dos outros ve�culos;Colis�o transversal;Sem V�timas;Pleno dia;Decrescente;Nublado;Simples;"Retorno Regulamentado;Reta";N�o;2;0;0;0;2;0;0;2;-14,68196741;-40,52874181;SPRF-BA;DEL08-BA;UOP02-DEL08-BA;;;
703517;09/07/2025;quarta-feira;07:04:00;ES;101;320,8;GUARAPARI;Manobra de mudan�a de faixa;Colis�o lateral mesmo sentido;Com V�timas Feridas;Pleno dia;Crescente;C�u Claro;M�ltipla;Reta;N�o;2;0;0;1;1;0;1;2;-20,518841;-40,4783309;SPRF-ES;DEL03-ES;UOP01-DEL03-ES;;;
703518;31/05/2025;s�bado;23:20:00;RS;470;200;BENTO GONCALVES;Aus�ncia de rea��o do condutor;Colis�o com objeto;Com V�timas Feridas;Plena Noite;Decrescente;Nublado;Simples;"Declive;Curva";N�o;1;0;1;0;0;0;1;1;-29,07195845;-51,58277258;SPRF-RS;DEL06-RS;UOP02-DEL06-RS;;;
703519;09/07/2025;quarta-feira;07:30:00;ES;101;440;MIMOSO DO SUL;Transitar no Acostamento;Colis�o traseira;Com V�timas Feridas;Pleno dia;Crescente;Nevoeiro/Neblina;Simples;Curva;N�o;2;0;1;0;1;0;1;2;-21,11898171;-41,26993009;SPRF-ES;DEL03-ES;UOP02-DEL03-ES;;;
703521;09/07/2025;quarta-feira;07:15:00;RS;386;437;NOVA SANTA RITA;Transitar na contram�o;Colis�o frontal;Com V�timas Feridas;Pleno dia;Crescente;Nublado;Simples;Reta;Sim;2;0;0;1;1;0;1;2;-29,8540013;-51,2647349;SPRF-RS;DEL04-RS;UOP02-DEL04-RS;;;
703522;09/07/2025;quarta-feira;07:25:00;DF;40;7,5;BRASILIA;Manobra de mudan�a de faixa;Colis�o traseira;Com V�timas Feridas;Pleno dia;Decrescente;C�u Claro;Dupla;Reta;Sim;2;0;0;1;1;0;1;2;-16,038281;-47,979289;SPRF-DF;DEL01-DF;UOP01-DEL01-DF;;;
703523;09/07/2025;quarta-feira;07:20:00;SP;116;146,4;SAO JOSE DOS CAMPOS;Manobra de mudan�a de faixa;Colis�o com objeto;Com V�timas Feridas;Pleno dia;Crescente;C�u Claro;M�ltipla;Reta;Sim;4;0;2;0;2;0;2;2;-23,19220379;-45,8659029;SPRF-SP;DEL02-SP;UOP01-DEL02-SP;;;
703524;08/07/2025;ter�a-feira;21:10:00;MS;267;572;CARACOL;Aus�ncia de rea��o do condutor;Sa�da de leito carro��vel;Com V�timas Feridas;Plena Noite;Crescente;C�u Claro;Simples;Curva;N�o;3;0;0;2;1;0;2;1;-21,731829;-56,90098;SPRF-MS;DEL05-MS;UOP01-DEL05-MS;;;
703525;09/07/2025;quarta-feira;07:00:00;PB;230;11,3;CABEDELO;Acesso irregular;Colis�o transversal;Com V�timas Feridas;Amanhecer;Decrescente;Sol;Dupla;"Reta;Em Obras";Sim;2;0;1;0;1;0;1;2;-7,065125;-34,849925;SPRF-PB;DEL01-PB;UOP01-DEL01-PB;;;
703526;09/07/2025;quarta-feira;07:40:00;RS;116;265;CANOAS;Condutor deixou de manter dist�ncia do ve�culo da frente;Colis�o traseira;Com V�timas Feridas;Pleno dia;Crescente;Nublado;Dupla;Reta;Sim;2;0;1;0;1;0;1;2;-29,9214348;-51,1782062;SPRF-RS;DEL01-RS;UOP01-DEL01-RS;;;
703528;09/07/2025;quarta-feira;07:55:00;PR;277;726;FOZ DO IGUACU;Aus�ncia de rea��o do condutor;Colis�o lateral mesmo sentido;Sem V�timas;Pleno dia;Crescente;C�u Claro;Dupla;"Curva;Interse��o de Vias";Sim;2;0;0;0;2;0;0;2;-25,5095907;-54,5958249;SPRF-PR;DEL05-PR;UOP03-DEL05-PR;;;