id;data_inversa;dia_semana;horario;uf;br;km;municipio;causa_acidente;tipo_acidente;classificacao_acidente;fase_dia;sentido_via;condicao_metereologica;tipo_pista;tracado_via;uso_solo;pessoas;mortos;feridos_leves;feridos_graves;ilesos;ignorados;feridos;veiculos;latitude;longitude;regional;delegacia;uop;;;
703530;09/07/2025;quarta-feira;04:30:00;RS;293;414,9;SANTANA DO LIVRAMENTO;Animais na Pista;Atropelamento de Animal;Sem V�timas;Plena Noite;Crescente;Nevoeiro/Neblina;Simples;Reta;N�o;7;0;0;0;7;0;0;1;-30,507669;-56,18869312;SPRF-RS;DEL11-RS;UOP01-DEL11-RS;;;
703531;09/07/2025;quarta-feira;07:50:00;PE;101;69;RECIFE;Aus�ncia de rea��o do condutor;Queda de ocupante de ve�culo;Com V�timas Feridas;Pleno dia;Crescente;C�u Claro;M�ltipla;Reta;Sim;2;0;1;0;0;1;1;2;-8,06363;-34,94456;SPRF-PE;DEL01-PE;UOP01-DEL01-PE;;;
703533;09/07/2025;quarta-feira;07:20:00;ES;259;58;COLATINA;Condutor deixou de manter dist�ncia do ve�culo da frente;Colis�o traseira;Com V�timas Feridas;Pleno dia;Decrescente;Nublado;Simples;Reta;N�o;2;0;0;1;0;1;1;2;-19,522357;-40,668353;SPRF-ES;DEL02-ES;UOP01-DEL02-ES;;;
703535;09/07/2025;quarta-feira;08:20:00;PR;277;712;SANTA TEREZINHA DE ITAIPU;Avarias e/ou desgaste excessivo no pneu;Tombamento;Com V�timas Feridas;Pleno dia;Decrescente;C�u Claro;Dupla;"Declive;Reta";N�o;2;0;2;0;0;0;2;1;-25,45996543;-54,4309801;SPRF-PR;DEL05-PR;UOP01-DEL05-PR;;;
703538;09/07/2025;quarta-feira;08:20:00;PE;101;74,7;RECIFE;Condutor deixou de manter dist�ncia do ve�culo da frente;Colis�o traseira;Com V�timas Feridas;Pleno dia;Decrescente;C�u Claro;Dupla;Reta;Sim;2;0;1;0;0;1;1;2;-8,10724;-34,94795;SPRF-PE;DEL01-PE;UOP01-DEL01-PE;;;
703539;09/07/2025;quarta-feira;08:30:00;MG;153;33;CENTRALINA;Manobra de mudan�a de faixa;Sa�da de leito carro��vel;Com V�timas Feridas;Pleno dia;Crescente;C�u Claro;Dupla;Reta;Sim;2;0;2;0;0;0;2;1;-18,71770502;-49,12775517;SPRF-MG;DEL15-MG;UOP03-DEL15-MG;;;
703540;09/07/2025;quarta-feira;03:00:00;AC;364;134;RIO BRANCO;Demais falhas mec�nicas ou el�tricas;Inc�ndio;Sem V�timas;Pleno dia;Decrescente;C�u Claro;Dupla;Reta;N�o;1;0;0;0;0;1;0;1;-9,99276731;-67,8485534;SPRF-AC;DEL01-AC;UOP01-DEL01-AC;;;
703541;09/07/2025;quarta-feira;08:00:00;AL;104;92;RIO LARGO;Condutor deixou de manter dist�ncia do ve�culo da frente;Colis�o traseira;Com V�timas Feridas;Pleno dia;Crescente;C�u Claro;Dupla;Reta;Sim;2;0;1;0;1;0;1;2;-9,49274678;-35,81439972;SPRF-AL;DEL01-AL;UOP01-DEL01-AL;;;
703542;09/07/2025;quarta-feira;08:15:00;RS;153;51,8;ERECHIM;Desrespeitar a prefer�ncia no cruzamento;Colis�o transversal;Sem V�timas;Pleno dia;Crescente;C�u Claro;Simples;"Declive;Interse��o de Vias;Viaduto;Reta";N�o;2;0;0;0;2;0;0;2;-27,66220504;-52,28649978;SPRF-RS;DEL08-RS;UOP04-DEL08-RS;;;
703543;09/07/2025;quarta-feira;07:40:00;BA;324;620,4;SALVADOR;Rea��o tardia ou ineficiente do condutor;Colis�o traseira;Com V�timas Feridas;Pleno dia;Crescente;Sol;Dupla;Reta;Sim;4;0;1;0;3;0;1;3;-12,908132;-38,457653;SPRF-BA;DEL01-BA;UOP01-DEL01-BA;;;
703544;11/06/2025;quarta-feira;07:30:00;MA;230;334;SAO RAIMUNDO DAS MANGABEIRAS;Demais falhas mec�nicas ou el�tricas;Sa�da de leito carro��vel;Com V�timas Feridas;Pleno dia;Decrescente;C�u Claro;Simples;Reta;N�o;1;0;0;1;0;0;1;1;-7,097635;-45,628825;SPRF-MA;DEL05-MA;UOP01-DEL05-MA;;;
703545;09/07/2025;quarta-feira;09:00:00;SC;470;67,6;INDAIAL;Aus�ncia de rea��o do condutor;Colis�o transversal;Com V�timas Feridas;Pleno dia;Decrescente;C�u Claro;Simples;Interse��o de Vias;Sim;2;0;1;0;1;0;1;2;-26,87573966;-49,2356097;SPRF-SC;DEL04-SC;UOP01-DEL04-SC;;;
703546;09/07/2025;quarta-feira;08:31:00;SC;101;136;BALNEARIO CAMBORIU;Acessar a via sem observar a presen�a dos outros ve�culos;Colis�o traseira;Com V�timas Feridas;Pleno dia;Decrescente;C�u Claro;Simples;"Reta;Interse��o de Vias";Sim;2;0;1;0;1;0;1;2;-27,0095885;-48,61520898;SPRF-SC;DEL04-SC;UOP03-DEL04-SC;;;
703548;09/07/2025;quarta-feira;08:45:00;ES;101;262,1;SERRA;Condutor desrespeitou a ilumina��o vermelha do sem�foro;Colis�o transversal;Com V�timas Fatais;Pleno dia;Crescente;Chuva;M�ltipla;"Interse��o de Vias;Retorno Regulamentado;Reta";Sim;3;1;1;0;1;0;1;2;-20,1594149;-40,2761924;SPRF-ES;DEL02-ES;UOP01-DEL02-ES;;;
703549;09/07/2025;quarta-feira;08:00:00;PR;476;196;LAPA;Acessar a via sem observar a presen�a dos outros ve�culos;Colis�o transversal;Com V�timas Feridas;Pleno dia;Decrescente;Nublado;Simples;"Declive;Reta";Sim;3;0;1;0;1;1;1;3;-25,756178;-49,728937;SPRF-PR;DEL01-PR;UOP06-DEL01-PR;;;
703550;09/07/2025;quarta-feira;09:20:00;SP;116;111,2;TAUBATE;Afundamento ou ondula��o no pavimento;Tombamento;Com V�timas Feridas;Pleno dia;Decrescente;Nublado;Dupla;Reta;N�o;1;0;1;0;0;0;1;1;-23,03412614;-45,5526999;SPRF-SP;DEL02-SP;UOP02-DEL02-SP;;;
703551;21/06/2025;s�bado;20:30:00;BA;101;277;LAJE;Acesso irregular;Colis�o transversal;Com V�timas Feridas;Plena Noite;Crescente;C�u Claro;Simples;Reta;Sim;2;0;1;0;1;0;1;2;-13,083667;-39,27635;SPRF-BA;DEL01-BA;UOP02-DEL01-BA;;;
703553;09/07/2025;quarta-feira;09:15:00;PB;230;17,6;JOAO PESSOA;Suic�dio (presumido);Eventos at�picos;Com V�timas Fatais;Pleno dia;Crescente;Nublado;Dupla;Reta;Sim;2;1;0;0;0;1;0;2;-7,12095494;-34,84515095;SPRF-PB;DEL01-PB;UOP01-DEL01-PB;;;
703554;09/07/2025;quarta-feira;09:20:00;RJ;101;327;RIO DE JANEIRO;Condutor deixou de manter dist�ncia do ve�culo da frente;Colis�o traseira;Com V�timas Feridas;Pleno dia;Crescente;Nublado;Dupla;"Reta;Declive;Ponte";N�o;2;0;1;0;1;0;1;2;-22,86835502;-43,18587251;SPRF-RJ;DEL02-RJ;UOP01-DEL02-RJ;;;
703555;09/07/2025;quarta-feira;08:50:00;MS;163;366,8;NOVA ALVORADA DO SUL;Aus�ncia de rea��o do condutor;Colis�o traseira;Com V�timas Feridas;Pleno dia;Crescente;Sol;Simples;Reta;Sim;2;0;1;0;1;0;1;2;-21,450377;-54,378025;SPRF-MS;DEL02-MS;UOP01-DEL02-MS;;;
703557;09/07/2025;quarta-feira;06:00:00;MT;364;383;SANTO ANTONIO DO LEVERGER;Aus�ncia de rea��o do condutor;Queda de ocupante de ve�culo;Com V�timas Feridas;Amanhecer;Decrescente;C�u Claro;Dupla;Reta;N�o;1;0;1;0;0;0;1;1;-15,70193;-55,82821;SPRF-MT;DEL01-MT;UOP02-DEL01-MT;;;
703558;09/07/2025;quarta-feira;09:45:00;BA;116;678,7;JEQUIE;Pista esburacada;Tombamento;Com V�timas Feridas;Pleno dia;Crescente;Sol;Simples;Reta;N�o;1;0;1;0;0;0;1;1;-13,89045;-40,14183;SPRF-BA;DEL03-BA;UOP01-DEL03-BA;;;
703559;09/07/2025;quarta-feira;09:24:00;RJ;116;325;NITEROI;Demais falhas mec�nicas ou el�tricas;Inc�ndio;Sem V�timas;Pleno dia;Crescente;Nublado;Dupla;"Reta;Aclive;Ponte";N�o;2;0;0;0;2;0;0;1;-22,87181832;-43,15043986;SPRF-RJ;DEL07-RJ;UOP02-DEL07-RJ;;;
703563;09/07/2025;quarta-feira;09:40:00;RJ;101;303,7;SAO GONCALO;Aus�ncia de rea��o do condutor;Colis�o traseira;Com V�timas Feridas;Pleno dia;Decrescente;Sol;Dupla;Reta;N�o;2;0;1;0;1;0;1;2;-22,7929044;-43,0248162;SPRF-RJ;DEL02-RJ;UOP02-DEL02-RJ;;;
703564;09/07/2025;quarta-feira;07:10:00;PR;369;170,7;ROLANDIA;Acessar a via sem observar a presen�a dos outros ve�culos;Colis�o transversal;Com V�timas Feridas;Amanhecer;Decrescente;C�u Claro;Simples;Reta;Sim;2;0;1;1;0;0;2;2;-23,30201598;-51,35213614;SPRF-PR;DEL07-PR;UOP01-DEL07-PR;;;
703565;01/07/2025;ter�a-feira;17:00:00;CE;230;77,1;VARZEA ALEGRE;Manobra de mudan�a de faixa;Colis�o lateral sentido oposto;Com V�timas Feridas;Pleno dia;Decrescente;Nublado;Simples;Reta;N�o;4;0;0;1;3;0;1;2;-6,79314864;-39,28813934;SPRF-CE;DEL05-CE;UOP01-DEL05-CE;;;
703566;09/07/2025;quarta-feira;10:00:00;BA;101;106,2;ALAGOINHAS;Acessar a via sem observar a presen�a dos outros ve�culos;Colis�o traseira;Com V�timas Feridas;Pleno dia;Crescente;C�u Claro;Simples;Reta;N�o;2;0;1;0;1;0;1;2;-12,137942;-38,3923;SPRF-BA;DEL01-BA;UOP04-DEL01-BA;;;
703567;09/07/2025;quarta-feira;09:51:00;MA;230;0,6;BARAO DE GRAJAU;Acessar a via sem observar a presen�a dos outros ve�culos;Colis�o transversal;Com V�timas Feridas;Pleno dia;Crescente;Sol;Dupla;Curva;Sim;2;0;2;0;0;0;2;2;-6,756335;-43,013105;SPRF-PI;DEL03-PI;UOP01-DEL03-PI;;;
703568;09/07/2025;quarta-feira;10:00:00;PB;230;479;MARIZOPOLIS;Acessar a via sem observar a presen�a dos outros ve�culos;Tombamento;Com V�timas Feridas;Pleno dia;Decrescente;C�u Claro;Simples;Reta;Sim;1;0;0;1;0;0;1;1;-6,844265;-38,348793;SPRF-PB;DEL03-PB;UOP03-DEL03-PB;;;
703569;09/07/2025;quarta-feira;06:00:00;GO;158;37;BOM JARDIM DE GOIAS;Rea��o tardia ou ineficiente do condutor;Colis�o traseira;Com V�timas Fatais;Amanhecer;Crescente;C�u Claro;Simples;Reta;N�o;2;1;0;0;1;0;0;2;-16,18425044;-52,17262372;SPRF-GO;DEL04-GO;UOP02-DEL04-GO;;;
703571;09/07/2025;quarta-feira;09:15:00;SP;101;49;UBATUBA;Convers�o proibida;Colis�o transversal;Com V�timas Feridas;Pleno dia;Crescente;C�u Claro;Simples;Reta;Sim;3;0;2;0;1;0;2;2;-23,45700653;-45,070467;SPRF-SP;DEL06-SP;UOP01-DEL06-SP;;;
703572;09/07/2025;quarta-feira;09:20:00;PR;277;110;CURITIBA;Acumulo de areia ou detritos sobre o pavimento;Colis�o lateral mesmo sentido;Sem V�timas;Pleno dia;Decrescente;C�u Claro;Simples;"Reta;Interse��o de Vias;Declive";Sim;2;0;0;0;1;1;0;2;-25,43152854;-49,37676279;SPRF-PR;DEL01-PR;UOP06-DEL01-PR;;;
703577;09/07/2025;quarta-feira;11:10:00;MG;116;233,8;TEOFILO OTONI;Convers�o proibida;Colis�o traseira;Com V�timas Feridas;Pleno dia;Decrescente;C�u Claro;Simples;"Reta;Declive";N�o;3;0;1;1;1;0;2;2;-17,511747;-41,486257;SPRF-MG;DEL11-MG;UOP01-DEL11-MG;;;
703579;09/07/2025;quarta-feira;11:05:00;MT;364;199;RONDONOPOLIS;Condutor deixou de manter dist�ncia do ve�culo da frente;Colis�o traseira;Com V�timas Feridas;Pleno dia;Crescente;C�u Claro;Dupla;Retorno Regulamentado;Sim;2;0;0;1;1;0;1;2;-16,5005177;-54,63155357;SPRF-MT;DEL02-MT;UOP01-DEL02-MT;;;
703580;09/07/2025;quarta-feira;12:00:00;GO;153;503;GOIANIA;Condutor deixou de manter dist�ncia do ve�culo da frente;Colis�o lateral mesmo sentido;Com V�timas Feridas;Pleno dia;Crescente;Sol;Dupla;"Viaduto;Curva";Sim;3;0;2;0;1;0;2;2;-16,5824726;-49,1524917;SPRF-GO;DEL01-GO;UOP01-DEL01-GO;;;
703582;09/07/2025;quarta-feira;12:40:00;ES;101;266,4;SERRA;Desrespeitar a prefer�ncia no cruzamento;Colis�o transversal;Com V�timas Feridas;Pleno dia;Crescente;C�u Claro;M�ltipla;Interse��o de Vias;Sim;2;0;1;0;1;0;1;2;-20,19357;-40,26849;SPRF-ES;DEL02-ES;UOP01-DEL02-ES;;;
703584;09/07/2025;quarta-feira;12:20:00;MG;381;491,4;BETIM;Aus�ncia de rea��o do condutor;Colis�o traseira;Com V�timas Feridas;Pleno dia;Crescente;Sol;M�ltipla;Curva;Sim;2;0;1;0;1;0;1;2;-19,959404;-44,154233;SPRF-MG;DEL01-MG;UOP03-DEL01-MG;;;
703585;12/05/2025;segunda-feira;17:45:00;MG;40;748,3;SANTOS DUMONT;Convers�o proibida;Atropelamento de Pedestre;Com V�timas Feridas;Anoitecer;Decrescente;Garoa/Chuvisco;Simples;Reta;N�o;2;0;0;1;0;1;1;2;-21,42833866;-43,55631575;SPRF-MG;DEL05-MG;UOP01-DEL05-MG;;;
703589;09/07/2025;quarta-feira;12:50:00;RJ;40;57;PETROPOLIS;Transitar no Acostamento;Atropelamento de Pedestre;Com V�timas Fatais;Pleno dia;Decrescente;Nublado;Dupla;Reta;N�o;4;2;0;0;1;1;0;2;-22,37523791;-43,13013554;SPRF-RJ;DEL05-RJ;UOP02-DEL05-RJ;;;
703590;20/06/2025;sexta-feira;15:20:00;GO;60;338;SANTO ANTONIO DA BARRA;Falta de elemento de conten��o que evite a sa�da do leito carro��vel;Sa�da de leito carro��vel;Com V�timas Feridas;Pleno dia;Crescente;C�u Claro;Dupla;Curva;N�o;2;0;1;0;0;1;1;2;-17,55495;-50,610292;SPRF-GO;DEL04-GO;UOP02-DEL04-GO;;;
703593;09/07/2025;quarta-feira;13:30:00;DF;40;2;BRASILIA;Acumulo de �leo sobre o pavimento;Tombamento;Com V�timas Feridas;Pleno dia;Decrescente;C�u Claro;M�ltipla;"Curva;Interse��o de Vias";Sim;1;0;1;0;0;0;1;1;-16,00315757;-47,98364136;SPRF-DF;DEL01-DF;UOP01-DEL01-DF;;;
703594;09/07/2025;quarta-feira;13:15:00;BA;101;508;ITABUNA;Acessar a via sem observar a presen�a dos outros ve�culos;Colis�o transversal;Com V�timas Feridas;Pleno dia;Crescente;Nublado;Simples;Reta;Sim;2;0;0;1;1;0;1;2;-14,81575257;-39,29625034;SPRF-BA;DEL05-BA;UOP01-DEL05-BA;;;
703595;09/07/2025;quarta-feira;12:25:00;RJ;40;101;DUQUE DE CAXIAS;Ingest�o de �lcool pelo condutor;Colis�o traseira;Com V�timas Feridas;Pleno dia;Decrescente;C�u Claro;Dupla;Reta;Sim;3;0;0;1;2;0;1;2;-22,60640224;-43,28535805;SPRF-RJ;DEL01-RJ;UOP01-DEL01-RJ;;;
703596;09/07/2025;quarta-feira;13:50:00;PR;369;136,1;IBIPORA;Acessar a via sem observar a presen�a dos outros ve�culos;Colis�o transversal;Com V�timas Feridas;Pleno dia;Decrescente;C�u Claro;Simples;Interse��o de Vias;Sim;2;0;1;0;1;0;1;2;-23,26578;-51,0371;SPRF-PR;DEL07-PR;UOP01-DEL07-PR;;;
703597;09/07/2025;quarta-feira;13:00:00;RJ;101;300;ITABORAI;Manobra de mudan�a de faixa;Colis�o lateral mesmo sentido;Com V�timas Feridas;Pleno dia;Crescente;C�u Claro;M�ltipla;Reta;Sim;2;0;1;0;1;0;1;2;-22,77105537;-42,92967193;SPRF-RJ;DEL02-RJ;UOP02-DEL02-RJ;;;
703598;09/07/2025;quarta-feira;13:10:00;CE;116;40;HORIZONTE;Acessar a via sem observar a presen�a dos outros ve�culos;Colis�o transversal;Com V�timas Feridas;Pleno dia;Decrescente;Sol;Dupla;Reta;Sim;2;0;0;2;0;0;2;2;-4,096063;-38,503264;SPRF-CE;DEL01-CE;UOP02-DEL01-CE;;;
703599;09/07/2025;quarta-feira;13:20:00;RJ;493;24;MAGE;Trafegar com motocicleta (ou similar) entre as faixas;Colis�o lateral mesmo sentido;Sem V�timas;Pleno dia;Crescente;C�u Claro;Simples;Reta;Sim;2;0;0;0;2;0;0;2;-22,657701;-43,081833;SPRF-RJ;DEL04-RJ;UOP02-DEL04-RJ;;;
703600;09/07/2025;quarta-feira;14:35:00;DF;40;2;BRASILIA;Aus�ncia de rea��o do condutor;Colis�o lateral mesmo sentido;Com V�timas Feridas;Pleno dia;Decrescente;C�u Claro;Dupla;"Curva;Viaduto";Sim;3;0;1;0;2;0;1;2;-16,00250532;-47,98383772;SPRF-DF;DEL01-DF;UOP01-DEL01-DF;;;
703602;09/07/2025;quarta-feira;13:30:00;MG;267;206,7;BOM JARDIM DE MINAS;Condutor Dormindo;Sa�da de leito carro��vel;Com V�timas Feridas;Pleno dia;Crescente;C�u Claro;Simples;Curva;N�o;3;0;1;0;2;0;1;1;-21,94817;-44,13079;SPRF-MG;DEL05-MG;UOP01-DEL05-MG;;;
703606;09/07/2025;quarta-feira;10:50:00;MG;40;56,1;PARACATU;Acessar a via sem observar a presen�a dos outros ve�culos;Colis�o transversal;Com V�timas Feridas;Pleno dia;Decrescente;C�u Claro;Simples;Reta;N�o;4;0;1;3;0;0;4;2;-17,286163;-46,775016;SPRF-MG;DEL14-MG;UOP01-DEL14-MG;;;
703608;09/07/2025;quarta-feira;15:00:00;MG;50;72;UBERLANDIA;Trafegar com motocicleta (ou similar) entre as faixas;Colis�o lateral mesmo sentido;Com V�timas Feridas;Pleno dia;Crescente;C�u Claro;Dupla;Declive;Sim;3;0;1;0;2;0;1;2;-18,89995277;-48,24131012;SPRF-MG;DEL15-MG;UOP01-DEL15-MG;;;
703611;09/07/2025;quarta-feira;15:35:00;SP;116;105;TAUBATE;Trafegar com motocicleta (ou similar) entre as faixas;Colis�o traseira;Com V�timas Feridas;Pleno dia;Crescente;Sol;Dupla;"Aclive;Reta";N�o;7;0;4;0;3;0;4;3;-23,00676901;-45,51341269;SPRF-SP;DEL02-SP;UOP02-DEL02-SP;;;
703612;09/07/2025;quarta-feira;15:30:00;RJ;116;175;SAO JOAO DE MERITI;Trafegar com motocicleta (ou similar) entre as faixas;Tombamento;Com V�timas Feridas;Pleno dia;Decrescente;C�u Claro;M�ltipla;Reta;N�o;3;0;1;1;1;0;2;2;-22,7957645;-43,3601947;SPRF-RJ;DEL06-RJ;UOP01-DEL06-RJ;;;
703613;09/07/2025;quarta-feira;15:15:00;TO;242;437;FORMOSO DO ARAGUAIA;Condutor Dormindo;Sa�da de leito carro��vel;Com V�timas Feridas;Pleno dia;Crescente;C�u Claro;Simples;Reta;N�o;1;0;1;0;0;0;1;1;-11,8787341;-49,3873771;SPRF-TO;DEL01-TO;UOP02-DEL01-TO;;;
703617;26/06/2025;quinta-feira;08:20:00;MG;251;504;MONTES CLAROS;Acessar a via sem observar a presen�a dos outros ve�culos;Colis�o transversal;Com V�timas Feridas;Pleno dia;Decrescente;Sol;Simples;Reta;N�o;5;0;2;0;3;0;2;2;-16,6537006;-43,7179855;SPRF-MG;DEL12-MG;UOP01-DEL12-MG;;;
703619;03/06/2025;ter�a-feira;14:45:00;DF;20;2,3;BRASILIA;Rea��o tardia ou ineficiente do condutor;Colis�o lateral mesmo sentido;Com V�timas Feridas;Pleno dia;Decrescente;C�u Claro;Dupla;Reta;Sim;2;0;1;0;1;0;1;2;-15,6818148;-47,8380346;SPRF-DF;DEL02-DF;UOP01-DEL02-DF;;;
703620;06/07/2025;domingo;23:15:00;RJ;116;118;MAGE;Rea��o tardia ou ineficiente do condutor;Tombamento;Com V�timas Feridas;Plena Noite;Decrescente;Nublado;M�ltipla;Reta;Sim;1;0;1;0;0;0;1;1;-22,607386;-43,028839;SPRF-RJ;DEL04-RJ;UOP02-DEL04-RJ;;;
703621;09/07/2025;quarta-feira;14:20:00;SE;101;150,9;ESTANCIA;Transitar no Acostamento;Colis�o transversal;Com V�timas Feridas;Pleno dia;Decrescente;C�u Claro;Simples;"Interse��o de Vias;Reta";Sim;3;0;0;2;1;0;2;2;-11,262427;-37,441432;SPRF-SE;DEL02-SE;UOP01-DEL02-SE;;;
703622;09/07/2025;quarta-feira;16:30:00;DF;40;2;BRASILIA;Trafegar com motocicleta (ou similar) entre as faixas;Queda de ocupante de ve�culo;Com V�timas Feridas;Pleno dia;Crescente;C�u Claro;Dupla;Reta;Sim;1;0;1;0;0;0;1;1;-15,99077986;-47,98647702;SPRF-DF;DEL01-DF;UOP01-DEL01-DF;;;
703624;09/07/2025;quarta-feira;17:12:00;RN;101;103;PARNAMIRIM;Rea��o tardia ou ineficiente do condutor;Colis�o traseira;Sem V�timas;Anoitecer;Crescente;Chuva;M�ltipla;Aclive;Sim;3;0;0;0;3;0;0;3;-5,89129;-35,254175;SPRF-RN;DEL01-RN;UOP01-DEL01-RN;;;
703626;09/07/2025;quarta-feira;17:15:00;BA;116;19;VITORIA DA CONQUISTA;Aus�ncia de rea��o do condutor;Colis�o transversal;Com V�timas Feridas;Pleno dia;Crescente;Nublado;Simples;Reta;Sim;2;0;1;0;1;0;1;2;-14,8966;-40,827;SPRF-BA;DEL08-BA;UOP01-DEL08-BA;;;
703627;09/07/2025;quarta-feira;17:00:00;CE;116;3;FORTALEZA;Manobra de mudan�a de faixa;Colis�o lateral mesmo sentido;Com V�timas Feridas;Anoitecer;Decrescente;C�u Claro;Dupla;Viaduto;Sim;2;0;1;0;1;0;1;2;-3,7793583;-38,51410596;SPRF-CE;DEL01-CE;UOP02-DEL01-CE;;;
703628;09/07/2025;quarta-feira;17:15:00;PR;376;445,8;IPIRANGA;Objeto est�tico sobre o leito carro��vel;Colis�o com objeto;Sem V�timas;Pleno dia;Decrescente;C�u Claro;Dupla;"Declive;Reta";N�o;1;0;0;0;1;0;0;1;-24,82625311;-50,47916763;SPRF-PR;DEL03-PR;UOP02-DEL03-PR;;;
703629;09/07/2025;quarta-feira;17:00:00;SC;280;28,4;ARAQUARI;Condutor deixou de manter dist�ncia do ve�culo da frente;Colis�o traseira;Sem V�timas;Pleno dia;Crescente;Nublado;Simples;Reta;N�o;2;0;0;0;2;0;0;2;-26,407475;-48,748995;SPRF-SC;DEL03-SC;UOP03-DEL03-SC;;;
703630;09/07/2025;quarta-feira;17:30:00;RN;101;105;PARNAMIRIM;Aus�ncia de rea��o do condutor;Colis�o traseira;Com V�timas Feridas;Amanhecer;Crescente;Chuva;M�ltipla;Viaduto;Sim;2;0;1;0;1;0;1;2;-5,907663;-35,260667;SPRF-RN;DEL01-RN;UOP01-DEL01-RN;;;
703631;09/07/2025;quarta-feira;13:40:00;MA;135;79;SANTA RITA;Ultrapassagem Indevida;Colis�o frontal;Sem V�timas;Pleno dia;Crescente;C�u Claro;Simples;"Reta;Ponte";N�o;2;0;0;0;0;2;0;2;-3,21321;-44,36223;SPRF-MA;DEL01-MA;UOP02-DEL01-MA;;;
703633;09/07/2025;quarta-feira;17:30:00;SC;280;23,7;ARAQUARI;Acessar a via sem observar a presen�a dos outros ve�culos;Colis�o transversal;Com V�timas Feridas;Plena Noite;Crescente;C�u Claro;Simples;Reta;Sim;2;0;1;0;1;0;1;2;-26,37562658;-48,71754169;SPRF-SC;DEL03-SC;UOP03-DEL03-SC;;;
703634;09/07/2025;quarta-feira;14:46:00;MT;163;694;SORRISO;Acessar a via sem observar a presen�a dos outros ve�culos;Colis�o transversal;Com V�timas Feridas;Pleno dia;Decrescente;C�u Claro;Simples;"Reta;Interse��o de Vias";N�o;4;0;1;0;3;0;1;2;-13,02890422;-55,89789659;SPRF-MT;DEL06-MT;UOP01-DEL06-MT;;;
703636;09/07/2025;quarta-feira;17:13:00;PE;101;45;IGARASSU;Ultrapassagem Indevida;Atropelamento de Pedestre;Sem V�timas;Anoitecer;Crescente;C�u Claro;Dupla;Reta;Sim;2;0;0;0;1;1;0;2;-7,869033;-34,906651;SPRF-PE;DEL01-PE;UOP02-DEL01-PE;;;
703637;09/07/2025;quarta-feira;18:00:00;PB;230;17;JOAO PESSOA;Aus�ncia de rea��o do condutor;Sa�da de leito carro��vel;Com V�timas Feridas;Plena Noite;Crescente;C�u Claro;Dupla;Retorno Regulamentado;Sim;1;0;1;0;0;0;1;1;-7,11606055;-34,84219337;SPRF-PB;DEL01-PB;UOP01-DEL01-PB;;;
703638;09/07/2025;quarta-feira;17:00:00;MA;230;7,7;BARAO DE GRAJAU;Aus�ncia de rea��o do condutor;Sa�da de leito carro��vel;Com V�timas Feridas;Pleno dia;Decrescente;C�u Claro;Simples;Reta;N�o;1;0;1;0;0;0;1;1;-6,73735406;-43,07212383;SPRF-PI;DEL03-PI;UOP01-DEL03-PI;;;
703640;09/07/2025;quarta-feira;09:40:00;MG;116;608,5;SAO JOAO DO MANHUACU;Acumulo de areia ou detritos sobre o pavimento;Queda de ocupante de ve�culo;Com V�timas Feridas;Pleno dia;Crescente;C�u Claro;Simples;Reta;Sim;1;0;1;0;0;0;1;1;-20,40136;-42,149967;SPRF-MG;DEL06-MG;UOP03-DEL06-MG;;;
703641;09/07/2025;quarta-feira;17:30:00;DF;251;56;BRASILIA;Velocidade Incompat�vel;Colis�o com objeto;Com V�timas Feridas;Anoitecer;Crescente;C�u Claro;Simples;"Ponte;Reta";N�o;2;0;0;2;0;0;2;1;-15,979223;-47,956167;SPRF-DF;DEL01-DF;UOP01-DEL01-DF;;;
703642;09/07/2025;quarta-feira;17:50:00;SC;101;116;ITAJAI;Rea��o tardia ou ineficiente do condutor;Colis�o traseira;Com V�timas Feridas;Anoitecer;Decrescente;C�u Claro;Dupla;Reta;Sim;2;0;1;0;1;0;1;2;-26,87971958;-48,72579906;SPRF-SC;DEL04-SC;UOP04-DEL04-SC;;;
703643;09/07/2025;quarta-feira;18:10:00;MG;40;282;TRES MARIAS;Acessar a via sem observar a presen�a dos outros ve�culos;Colis�o transversal;Com V�timas Feridas;Plena Noite;Decrescente;C�u Claro;Simples;"Interse��o de Vias;Reta";Sim;2;0;0;1;1;0;1;2;-18,2513204;-45,19650936;SPRF-MG;DEL14-MG;UOP02-DEL14-MG;;;
703645;05/07/2025;s�bado;15:00:00;RN;304;297;MACAIBA;Condutor deixou de manter dist�ncia do ve�culo da frente;Colis�o traseira;Com V�timas Feridas;Pleno dia;Decrescente;C�u Claro;Dupla;"Reta;Em Obras;Declive";Sim;2;0;1;0;1;0;1;2;-5,86501761;-35,35111634;SPRF-RN;DEL01-RN;UOP02-DEL01-RN;;;
703647;09/07/2025;quarta-feira;18:37:00;PE;232;9;RECIFE;Aus�ncia de rea��o do condutor;Colis�o com objeto;Sem V�timas;Plena Noite;Decrescente;C�u Claro;Dupla;Viaduto;N�o;1;0;0;0;0;1;0;1;-8,077399;-34,976547;SPRF-PE;DEL01-PE;UOP01-DEL01-PE;;;