id;data_inversa;dia_semana;horario;uf;br;km;municipio;causa_acidente;tipo_acidente;classificacao_acidente;fase_dia;sentido_via;condicao_metereologica;tipo_pista;tracado_via;uso_solo;pessoas;mortos;feridos_leves;feridos_graves;ilesos;ignorados;feridos;veiculos;latitude;longitude;regional;delegacia;uop;;;
703648;30/06/2025;segunda-feira;16:00:00;RS;290;136;ELDORADO DO SUL;Animais na Pista;Atropelamento de Animal;Com V�timas Feridas;Pleno dia;Crescente;C�u Claro;Simples;Reta;N�o;1;0;0;1;0;0;1;1;-30,068192;-51,57123;SPRF-RS;DEL02-RS;UOP01-DEL02-RS;;;
703650;09/07/2025;quarta-feira;18:40:00;SC;101;212,8;PALHOCA;Trafegar com motocicleta (ou similar) entre as faixas;Colis�o lateral mesmo sentido;Com V�timas Feridas;Plena Noite;Crescente;C�u Claro;Dupla;Reta;Sim;2;0;1;0;1;0;1;2;-27,634872;-48,663783;SPRF-SC;DEL01-SC;UOP02-DEL01-SC;;;
703651;09/07/2025;quarta-feira;18:40:00;SC;282;16,3;PALHOCA;Acessar a via sem observar a presen�a dos outros ve�culos;Colis�o transversal;Com V�timas Feridas;Plena Noite;Decrescente;C�u Claro;Simples;"Reta;Interse��o de Vias";Sim;2;0;0;1;1;0;1;2;-27,6618252;-48,684626;SPRF-SC;DEL01-SC;UOP02-DEL01-SC;;;
703652;14/06/2025;s�bado;05:00:00;PR;277;688;SAO MIGUEL DO IGUACU;Condutor deixou de manter dist�ncia do ve�culo da frente;Colis�o traseira;Com V�timas Feridas;Amanhecer;Crescente;Nublado;Dupla;Reta;N�o;6;0;5;0;1;0;5;2;-25,33694515;-54,21070218;SPRF-PR;DEL05-PR;UOP01-DEL05-PR;;;
703653;09/07/2025;quarta-feira;19:00:00;RJ;116;171;RIO DE JANEIRO;Demais falhas na via;Tombamento;Com V�timas Feridas;Plena Noite;Crescente;C�u Claro;Dupla;Reta;N�o;1;0;1;0;0;0;1;1;-22,8052009;-43,3447035;SPRF-RJ;DEL06-RJ;UOP01-DEL06-RJ;;;
703654;09/07/2025;quarta-feira;19:25:00;SC;101;119,6;ITAJAI;Rea��o tardia ou ineficiente do condutor;Colis�o traseira;Com V�timas Feridas;Plena Noite;Decrescente;C�u Claro;M�ltipla;Reta;Sim;2;0;1;0;1;0;1;2;-26,9255487;-48,7061056;SPRF-SC;DEL04-SC;UOP04-DEL04-SC;;;
703658;09/07/2025;quarta-feira;18:30:00;SC;282;586;PINHALZINHO;Acumulo de �leo sobre o pavimento;Queda de ocupante de ve�culo;Com V�timas Feridas;Anoitecer;Decrescente;C�u Claro;Simples;Curva;N�o;1;0;1;0;0;0;1;1;-26,832248;-53,022066;SPRF-SC;DEL07-SC;UOP02-DEL07-SC;;;
703659;09/07/2025;quarta-feira;19:40:00;SC;280;24,3;ARAQUARI;Acessar a via sem observar a presen�a dos outros ve�culos;Colis�o transversal;Com V�timas Feridas;Plena Noite;Crescente;Nublado;Simples;Reta;N�o;2;0;1;0;1;0;1;2;-26,379418;-48,721937;SPRF-SC;DEL03-SC;UOP03-DEL03-SC;;;
703660;09/07/2025;quarta-feira;17:50:00;SC;282;584,4;PINHALZINHO;Acumulo de �leo sobre o pavimento;Tombamento;Com V�timas Feridas;Anoitecer;Decrescente;C�u Claro;Simples;"Curva;Aclive";N�o;2;0;1;1;0;0;2;1;-26,83228734;-53,02164862;SPRF-SC;DEL07-SC;UOP02-DEL07-SC;;;
703661;09/07/2025;quarta-feira;16:50:00;MA;10;255;IMPERATRIZ;Acessar a via sem observar a presen�a dos outros ve�culos;Colis�o transversal;Com V�timas Feridas;Pleno dia;Crescente;C�u Claro;Simples;Reta;Sim;3;0;0;2;1;0;2;2;-5,506807;-47,471738;SPRF-MA;DEL04-MA;UOP01-DEL04-MA;;;
703662;09/07/2025;quarta-feira;18:38:00;PI;343;349,1;TERESINA;Condutor deixou de manter dist�ncia do ve�culo da frente;Colis�o traseira;Com V�timas Feridas;Plena Noite;Crescente;C�u Claro;Simples;Rotat�ria;Sim;3;0;2;0;1;0;2;2;-5,122612;-42,795045;SPRF-PI;DEL01-PI;UOP02-DEL01-PI;;;
703663;09/07/2025;quarta-feira;18:15:00;MT;163;835;SINOP;Entrada inopinada do pedestre;Atropelamento de Pedestre;Com V�timas Feridas;Plena Noite;Crescente;C�u Claro;Dupla;Reta;Sim;2;0;0;1;1;0;1;2;-11,85530671;-55,49365696;SPRF-MT;DEL06-MT;UOP02-DEL06-MT;;;
703664;09/07/2025;quarta-feira;19:10:00;PB;230;158,8;CAMPINA GRANDE;Manobra de mudan�a de faixa;Colis�o transversal;Com V�timas Feridas;Plena Noite;Decrescente;Chuva;Simples;Reta;Sim;3;0;2;0;1;0;2;2;-7,257163;-35,928077;SPRF-PB;DEL02-PB;UOP01-DEL02-PB;;;
703665;09/07/2025;quarta-feira;19:35:00;ES;101;306;VIANA;Aus�ncia de rea��o do condutor;Colis�o frontal;Com V�timas Feridas;Plena Noite;Decrescente;Nublado;Dupla;Reta;N�o;2;0;1;0;1;0;1;2;-20,39556767;-40,45908158;SPRF-ES;DEL01-ES;UOP01-DEL01-ES;;;
703666;05/07/2025;s�bado;14:15:00;RS;116;191;NOVA PETROPOLIS;Aus�ncia de rea��o do condutor;Sa�da de leito carro��vel;Com V�timas Feridas;Pleno dia;Crescente;C�u Claro;Simples;Curva;N�o;2;0;2;0;0;0;2;1;-29,425962;-51,1344;SPRF-RS;DEL05-RS;UOP02-DEL05-RS;;;
703668;09/07/2025;quarta-feira;19:00:00;PR;116;145;MANDIRITUBA;Pedestre cruzava a pista fora da faixa;Atropelamento de Pedestre;Com V�timas Feridas;Plena Noite;Crescente;Garoa/Chuvisco;Simples;Reta;N�o;2;0;1;0;0;1;1;2;-25,812692;-49,328512;SPRF-PR;DEL01-PR;UOP03-DEL01-PR;;;
703669;09/07/2025;quarta-feira;13:25:00;MG;50;173;UBERABA;Aus�ncia de rea��o do condutor;Colis�o com objeto;Com V�timas Feridas;Pleno dia;Decrescente;C�u Claro;Dupla;Reta;Sim;1;0;1;0;0;0;1;1;-19,76432072;-47,97634006;SPRF-MG;DEL13-MG;UOP01-DEL13-MG;;;
703670;09/07/2025;quarta-feira;18:40:00;PR;369;172,5;ROLANDIA;Velocidade Incompat�vel;Colis�o frontal;Com V�timas Feridas;Plena Noite;Crescente;C�u Claro;Simples;Interse��o de Vias;Sim;2;0;1;0;1;0;1;2;-23,3127935;-51,37280909;SPRF-PR;DEL07-PR;UOP01-DEL07-PR;;;
703672;09/07/2025;quarta-feira;18:20:00;ES;393;0;CACHOEIRO DE ITAPEMIRIM;Condutor desrespeitou a ilumina��o vermelha do sem�foro;Atropelamento de Pedestre;Com V�timas Feridas;Plena Noite;Decrescente;C�u Claro;Simples;Reta;Sim;2;0;1;0;0;1;1;2;-20,84089484;-41,15981698;SPRF-ES;DEL03-ES;UOP02-DEL03-ES;;;
703673;09/07/2025;quarta-feira;19:45:00;ES;101;204,8;JOAO NEIVA;Desrespeitar a prefer�ncia no cruzamento;Colis�o transversal;Com V�timas Feridas;Plena Noite;Decrescente;Nublado;Simples;"Reta;Interse��o de Vias";Sim;2;0;0;1;1;0;1;2;-19,7559859;-40,3799067;SPRF-ES;DEL02-ES;UOP01-DEL02-ES;;;
703677;09/07/2025;quarta-feira;20:10:00;SC;101;113;ITAJAI;Transitar na contram�o;Colis�o transversal;Com V�timas Feridas;Plena Noite;Decrescente;C�u Claro;Dupla;Reta;Sim;2;0;2;0;0;0;2;2;-26,85883957;-48,72719765;SPRF-SC;DEL04-SC;UOP04-DEL04-SC;;;
703678;09/07/2025;quarta-feira;20:00:00;SC;470;64,9;INDAIAL;Condutor deixou de manter dist�ncia do ve�culo da frente;Colis�o traseira;Com V�timas Feridas;Plena Noite;Decrescente;Ignorado;Simples;"Desvio Tempor�rio;Curva;Em Obras";N�o;2;0;0;1;1;0;1;2;-26,87037256;-49,21139002;SPRF-SC;DEL04-SC;UOP01-DEL04-SC;;;
703679;09/07/2025;quarta-feira;20:30:00;SP;116;230;SAO PAULO;Pedestre andava na pista;Atropelamento de Pedestre;Com V�timas Feridas;Plena Noite;Crescente;Nublado;M�ltipla;Reta;Sim;2;0;1;0;0;1;1;2;-23,5159624;-46,57937972;SPRF-SP;DEL01-SP;UOP01-DEL01-SP;;;
703680;09/07/2025;quarta-feira;18:30:00;SC;282;1,5;FLORIANOPOLIS;Rea��o tardia ou ineficiente do condutor;Colis�o traseira;Com V�timas Feridas;Plena Noite;Crescente;Nublado;M�ltipla;Reta;Sim;3;0;0;1;2;0;1;3;-27,603564;-48,585279;SPRF-SC;DEL01-SC;UOP01-DEL01-SC;;;
703682;09/07/2025;quarta-feira;19:00:00;MT;163;829;SINOP;Acessar a via sem observar a presen�a dos outros ve�culos;Colis�o transversal;Com V�timas Feridas;Plena Noite;Decrescente;C�u Claro;Dupla;Rotat�ria;Sim;2;0;1;0;1;0;1;2;-11,91264208;-55,50873399;SPRF-MT;DEL06-MT;UOP02-DEL06-MT;;;
703684;09/05/2025;sexta-feira;17:18:00;SC;282;560;NOVA ITABERABA;Transitar na contram�o;Colis�o frontal;Com V�timas Feridas;Anoitecer;Decrescente;Chuva;Simples;Reta;N�o;3;0;1;0;2;0;1;2;-26,95745527;-52,77272925;SPRF-SC;DEL07-SC;UOP01-DEL07-SC;;;
703685;09/07/2025;quarta-feira;15:00:00;MG;116;421;ALPERCATA;Acessar a via sem observar a presen�a dos outros ve�culos;Colis�o transversal;Com V�timas Feridas;Pleno dia;Decrescente;C�u Claro;Simples;Reta;N�o;3;0;1;0;2;0;1;2;-18,94511594;-41,94994211;SPRF-MG;DEL06-MG;UOP01-DEL06-MG;;;
703687;09/07/2025;quarta-feira;20:40:00;MG;40;529,1;CONTAGEM;Pedestre cruzava a pista fora da faixa;Atropelamento de Pedestre;Com V�timas Fatais;Plena Noite;Decrescente;C�u Claro;Dupla;"Declive;Reta";Sim;2;1;0;0;0;1;0;2;-19,918081;-44,03929;SPRF-MG;DEL01-MG;UOP02-DEL01-MG;;;
703691;09/07/2025;quarta-feira;20:42:00;BA;324;620;SALVADOR;Aus�ncia de rea��o do condutor;Colis�o com objeto;Com V�timas Feridas;Plena Noite;Decrescente;C�u Claro;Dupla;Reta;N�o;1;0;1;0;0;0;1;1;-12,91967;-38,46567;SPRF-BA;DEL01-BA;UOP01-DEL01-BA;;;
703692;09/07/2025;quarta-feira;20:40:00;MG;40;529;CONTAGEM;Manobra de mudan�a de faixa;Colis�o lateral mesmo sentido;Com V�timas Feridas;Plena Noite;Decrescente;C�u Claro;Dupla;"Reta;Retorno Regulamentado";Sim;2;0;1;0;1;0;1;2;-19,91927676;-44,03578877;SPRF-MG;DEL01-MG;UOP02-DEL01-MG;;;
703697;09/07/2025;quarta-feira;20:00:00;MT;163;781;SORRISO;Ingest�o de �lcool pelo condutor;Sa�da de leito carro��vel;Sem V�timas;Plena Noite;Decrescente;C�u Claro;Simples;Reta;N�o;1;0;0;0;1;0;0;1;-12,3298133;-55,5871612;SPRF-MT;DEL06-MT;UOP02-DEL06-MT;;;
703699;09/07/2025;quarta-feira;19:00:00;RJ;493;2;ITABORAI;Aus�ncia de rea��o do condutor;Sa�da de leito carro��vel;Com V�timas Feridas;Plena Noite;Decrescente;C�u Claro;Dupla;Reta;Sim;1;0;1;0;0;0;1;1;-22,75346702;-42,94079304;SPRF-RJ;DEL02-RJ;UOP02-DEL02-RJ;;;
703700;09/07/2025;quarta-feira;21:50:00;DF;40;6;BRASILIA;Rea��o tardia ou ineficiente do condutor;Capotamento;Sem V�timas;Plena Noite;Crescente;C�u Claro;Dupla;Reta;N�o;1;0;0;0;0;1;0;1;-16,039078;-47,979934;SPRF-DF;DEL01-DF;UOP01-DEL01-DF;;;
703701;09/07/2025;quarta-feira;19:00:00;SC;101;435,5;SOMBRIO;Aus�ncia de rea��o do condutor;Atropelamento de Pedestre;Com V�timas Feridas;Plena Noite;Decrescente;C�u Claro;M�ltipla;Rotat�ria;Sim;2;0;0;1;1;0;1;2;-29,11144522;-49,63820156;SPRF-SC;DEL02-SC;UOP02-DEL02-SC;;;
703702;09/07/2025;quarta-feira;21:40:00;RS;472;577;URUGUAIANA;Desrespeitar a prefer�ncia no cruzamento;Colis�o transversal;Com V�timas Feridas;Plena Noite;Crescente;C�u Claro;Simples;Interse��o de Vias;Sim;3;0;1;1;1;0;2;2;-29,78009721;-57,06384659;SPRF-RS;DEL13-RS;UOP01-DEL13-RS;;;
703704;09/07/2025;quarta-feira;22:10:00;SC;101;215;PALHOCA;Acessar a via sem observar a presen�a dos outros ve�culos;Colis�o traseira;Com V�timas Feridas;Plena Noite;Crescente;C�u Claro;Dupla;Reta;Sim;2;0;1;0;1;0;1;2;-27,65384191;-48,67795367;SPRF-SC;DEL01-SC;UOP02-DEL01-SC;;;
703706;09/07/2025;quarta-feira;22:00:00;PR;116;116;CURITIBA;Velocidade Incompat�vel;Colis�o com objeto;Com V�timas Feridas;Plena Noite;Crescente;Nublado;M�ltipla;Reta;Sim;3;0;1;0;2;0;1;1;-25,554524;-49,30601;SPRF-PR;DEL01-PR;UOP03-DEL01-PR;;;
703707;09/07/2025;quarta-feira;23:20:00;MG;40;817;SIMAO PEREIRA;Convers�o proibida;Colis�o transversal;Com V�timas Feridas;Plena Noite;Crescente;C�u Claro;Simples;Interse��o de Vias;N�o;4;0;2;0;1;1;2;3;-21,93539;-43,3138;SPRF-MG;DEL05-MG;UOP01-DEL05-MG;;;
703708;09/07/2025;quarta-feira;22:00:00;MG;262;34,5;MANHUACU;Acessar a via sem observar a presen�a dos outros ve�culos;Colis�o transversal;Com V�timas Feridas;Plena Noite;Crescente;Nublado;Simples;Rotat�ria;N�o;2;0;1;0;1;0;1;2;-20,256083;-42,028765;SPRF-MG;DEL06-MG;UOP03-DEL06-MG;;;
703711;09/07/2025;quarta-feira;23:15:00;SC;101;208;SAO JOSE;Avarias e/ou desgaste excessivo no pneu;Tombamento;Com V�timas Feridas;Plena Noite;Crescente;C�u Claro;M�ltipla;Curva;Sim;2;0;1;1;0;0;2;1;-27,603146;-48,631812;SPRF-SC;DEL01-SC;UOP01-DEL01-SC;;;
703713;09/07/2025;quarta-feira;23:00:00;SC;101;417,5;ARARANGUA;Ingest�o de �lcool pelo condutor;Colis�o traseira;Com V�timas Feridas;Plena Noite;Crescente;Nublado;M�ltipla;Reta;Sim;2;0;1;0;1;0;1;2;-28,981661;-49,538555;SPRF-SC;DEL02-SC;UOP02-DEL02-SC;;;
703716;10/07/2025;quinta-feira;00:10:00;DF;20;23;BRASILIA;Aus�ncia de rea��o do condutor;Sa�da de leito carro��vel;Com V�timas Feridas;Plena Noite;Crescente;C�u Claro;Dupla;"Declive;Reta";Sim;1;0;1;0;0;0;1;1;-15,59579868;-47,66736031;SPRF-DF;DEL02-DF;UOP01-DEL02-DF;;;
703717;10/07/2025;quinta-feira;00:30:00;SC;101;205,5;SAO JOSE;Condutor deixou de manter dist�ncia do ve�culo da frente;Colis�o lateral mesmo sentido;Com V�timas Feridas;Plena Noite;Crescente;C�u Claro;Dupla;"Reta;Interse��o de Vias";Sim;3;0;1;1;1;0;2;2;-27,5872;-48,6166;SPRF-SC;DEL01-SC;UOP01-DEL01-SC;;;
703718;10/07/2025;quinta-feira;00:05:00;PR;369;135;IBIPORA;Acessar a via sem observar a presen�a dos outros ve�culos;Colis�o transversal;Sem V�timas;Plena Noite;Decrescente;C�u Claro;Simples;Reta;Sim;2;0;0;0;2;0;0;2;-23,2709436;-51,04819894;SPRF-PR;DEL07-PR;UOP01-DEL07-PR;;;
703721;09/07/2025;quarta-feira;23:42:00;MT;70;515;VARZEA GRANDE;Aus�ncia de rea��o do condutor;Sa�da de leito carro��vel;Com V�timas Feridas;Plena Noite;Crescente;C�u Claro;Simples;Reta;Sim;1;0;1;0;0;0;1;1;-15,703758;-56,149774;SPRF-MT;DEL01-MT;UOP02-DEL01-MT;;;
703728;03/07/2025;quinta-feira;21:50:00;MS;163;256,1;DOURADOS;Aus�ncia de rea��o do condutor;Tombamento;Com V�timas Feridas;Plena Noite;Crescente;C�u Claro;Dupla;"Reta;Declive";Sim;1;0;1;0;0;0;1;1;-22,25914735;-54,80198834;SPRF-MS;DEL04-MS;UOP01-DEL04-MS;;;
703729;10/07/2025;quinta-feira;05:00:00;PE;232;12;JABOATAO DOS GUARARAPES;Demais falhas mec�nicas ou el�tricas;Inc�ndio;Sem V�timas;Amanhecer;Crescente;Chuva;Dupla;Reta;N�o;1;0;0;0;0;1;0;1;-8,0858;-35,00359;SPRF-PE;DEL01-PE;UOP01-DEL01-PE;;;
703733;09/07/2025;quarta-feira;22:00:00;PI;316;63;MONSENHOR GIL;Animais na Pista;Atropelamento de Animal;Sem V�timas;Plena Noite;Crescente;C�u Claro;Simples;Declive;N�o;1;0;0;0;0;1;0;1;-5,62691931;-42,59674072;SPRF-PI;DEL01-PI;UOP02-DEL01-PI;;;
703736;10/07/2025;quinta-feira;02:00:00;SC;101;127;CAMBORIU;Rea��o tardia ou ineficiente do condutor;Tombamento;Com V�timas Feridas;Pleno dia;Decrescente;C�u Claro;Dupla;Curva;N�o;1;0;0;1;0;0;1;1;-26,97217786;-48,68314236;SPRF-SC;DEL04-SC;UOP04-DEL04-SC;;;
703737;10/07/2025;quinta-feira;06:45:00;RS;116;268;CANOAS;Aus�ncia de rea��o do condutor;Colis�o traseira;Com V�timas Feridas;Pleno dia;Decrescente;C�u Claro;M�ltipla;Reta;Sim;3;0;1;1;1;0;2;2;-29,9590682;-51,1759862;SPRF-RS;DEL01-RS;UOP01-DEL01-RS;;;
703738;09/07/2025;quarta-feira;16:45:00;BA;407;129;SENHOR DO BONFIM;Acessar a via sem observar a presen�a dos outros ve�culos;Colis�o transversal;Com V�timas Feridas;Pleno dia;Crescente;C�u Claro;Simples;Reta;Sim;2;0;1;0;1;0;1;2;-10,4558193;-40,18119143;SPRF-BA;DEL04-BA;UOP01-DEL04-BA;;;
703739;10/07/2025;quinta-feira;06:40:00;MG;153;228,4;FRONTEIRA;Manobra de mudan�a de faixa;Colis�o transversal;Com V�timas Feridas;Amanhecer;Decrescente;C�u Claro;Simples;Reta;N�o;2;0;0;1;1;0;1;2;-20,173688;-49,113617;SPRF-MG;DEL13-MG;UOP02-DEL13-MG;;;
703740;10/07/2025;quinta-feira;06:50:00;SE;235;52,6;ITABAIANA;Desrespeitar a prefer�ncia no cruzamento;Colis�o transversal;Com V�timas Feridas;Pleno dia;Decrescente;C�u Claro;Simples;"Reta;Interse��o de Vias";Sim;2;0;1;0;1;0;1;2;-10,68684999;-37,43996859;SPRF-SE;DEL01-SE;UOP02-DEL01-SE;;;
703741;10/07/2025;quinta-feira;06:55:00;SP;116;283;EMBU DAS ARTES;Trafegar com motocicleta (ou similar) entre as faixas;Sa�da de leito carro��vel;Com V�timas Feridas;Pleno dia;Decrescente;Nublado;Dupla;Reta;N�o;2;0;1;0;1;0;1;1;-23,66513483;-46,85426452;SPRF-SP;DEL04-SP;UOP01-DEL04-SP;;;
703742;10/07/2025;quinta-feira;07:00:00;ES;101;354,3;ANCHIETA;Avarias e/ou desgaste excessivo no pneu;Tombamento;Com V�timas Feridas;Pleno dia;Crescente;Nublado;Simples;Reta;Sim;1;0;1;0;0;0;1;1;-20,68517198;-40,6734666;SPRF-ES;DEL03-ES;UOP01-DEL03-ES;;;
703744;10/07/2025;quinta-feira;05:30:00;MG;354;752,8;ITAMONTE;Acessar a via sem observar a presen�a dos outros ve�culos;Colis�o frontal;Com V�timas Feridas;Plena Noite;Crescente;Nublado;Simples;"Reta;Interse��o de Vias";Sim;2;0;1;0;1;0;1;2;-22,27536746;-44,8756519;SPRF-MG;DEL17-MG;UOP01-DEL17-MG;;;
703746;10/07/2025;quinta-feira;06:50:00;MG;381;240;JOAO MONLEVADE;Aus�ncia de rea��o do condutor;Sa�da de leito carro��vel;Com V�timas Feridas;Pleno dia;Crescente;C�u Claro;Simples;"Aclive;Curva";N�o;1;0;0;1;0;0;1;1;-19,85878;-43,1071;SPRF-MG;DEL06-MG;UOP01-DEL06-MG;;;
703747;10/07/2025;quinta-feira;06:15:00;SP;116;285;ITAPECERICA DA SERRA;Aus�ncia de rea��o do condutor;Queda de ocupante de ve�culo;Com V�timas Feridas;Pleno dia;Crescente;Nublado;Dupla;Reta;Sim;2;0;1;0;0;1;1;1;-23,68725006;-46,85719136;SPRF-SP;DEL04-SP;UOP01-DEL04-SP;;;
703748;10/07/2025;quinta-feira;07:15:00;PB;230;310;SAO MAMEDE;Aus�ncia de rea��o do condutor;Colis�o traseira;Sem V�timas;Pleno dia;Crescente;C�u Claro;Simples;Reta;N�o;3;0;0;0;3;0;0;2;-6,927147;-37,06942;SPRF-PB;DEL03-PB;UOP01-DEL03-PB;;;
703749;10/07/2025;quinta-feira;07:20:00;SP;116;290;ITAPECERICA DA SERRA;Aus�ncia de rea��o do condutor;Colis�o lateral mesmo sentido;Com V�timas Feridas;Pleno dia;Decrescente;Nublado;Dupla;Curva;Sim;2;0;1;0;1;0;1;2;-23,72030882;-46,88524437;SPRF-SP;DEL04-SP;UOP01-DEL04-SP;;;
703750;10/07/2025;quinta-feira;07:20:00;PB;230;21,7;JOAO PESSOA;Trafegar com motocicleta (ou similar) entre as faixas;Colis�o lateral mesmo sentido;Com V�timas Feridas;Pleno dia;Decrescente;Chuva;Dupla;Reta;Sim;3;0;2;0;1;0;2;2;-7,1492825;-34,850874;SPRF-PB;DEL01-PB;UOP01-DEL01-PB;;;
703753;06/07/2025;domingo;16:30:00;MT;364;390;SANTO ANTONIO DO LEVERGER;Rea��o tardia ou ineficiente do condutor;Sa�da de leito carro��vel;Com V�timas Feridas;Plena Noite;Crescente;C�u Claro;Dupla;Reta;N�o;1;0;1;0;0;0;1;1;-15,70140036;-55,86941243;SPRF-MT;DEL01-MT;UOP02-DEL01-MT;;;
703754;10/07/2025;quinta-feira;07:30:00;GO;153;205;URUACU;Transitar na contram�o;Colis�o lateral sentido oposto;Com V�timas Fatais;Pleno dia;Decrescente;C�u Claro;Simples;"Declive;Reta";N�o;8;2;0;2;4;0;2;3;-14,575845;-49,1581767;SPRF-GO;DEL07-GO;UOP02-DEL07-GO;;;
703755;09/07/2025;quarta-feira;17:40:00;RO;364;344,5;JI-PARANA;Aus�ncia de rea��o do condutor;Colis�o transversal;Sem V�timas;Pleno dia;Decrescente;Sol;Simples;"Interse��o de Vias;Reta";Sim;3;0;0;0;3;0;0;2;-10,8704852;-61,95785729;SPRF-RO;DEL02-RO;UOP01-DEL02-RO;;;
703757;10/07/2025;quinta-feira;07:50:00;PR;163;267,1;TOLEDO;Rea��o tardia ou ineficiente do condutor;Sa�da de leito carro��vel;Sem V�timas;Pleno dia;Crescente;C�u Claro;Dupla;Curva;N�o;2;0;0;0;0;2;0;2;-24,616612;-53,930642;SPRF-PR;DEL06-PR;UOP02-DEL06-PR;;;
703758;10/07/2025;quinta-feira;07:50:00;RS;386;51,1;SEBERI;Acessar a via sem observar a presen�a dos outros ve�culos;Colis�o transversal;Com V�timas Feridas;Pleno dia;Decrescente;C�u Claro;Simples;Curva;Sim;2;0;1;0;1;0;1;2;-27,49453;-53,3905;SPRF-RS;DEL08-RS;UOP02-DEL08-RS;;;
703761;10/07/2025;quinta-feira;08:35:00;PB;230;1;CABEDELO;Animais na Pista;Atropelamento de Animal;Com V�timas Feridas;Pleno dia;Crescente;Nublado;Simples;"Reta;Interse��o de Vias";Sim;1;0;1;0;0;0;1;1;-6,9744588;-34,8319278;SPRF-PB;DEL01-PB;UOP01-DEL01-PB;;;
703762;10/07/2025;quinta-feira;08:40:00;ES;101;270;SERRA;Manobra de mudan�a de faixa;Colis�o lateral mesmo sentido;Com V�timas Feridas;Pleno dia;Crescente;Nublado;Dupla;Reta;Sim;2;0;1;0;1;0;1;2;-20,22608585;-40,27072194;SPRF-ES;DEL02-ES;UOP01-DEL02-ES;;;
703763;10/07/2025;quinta-feira;08:15:00;RS;285;483,4;ENTRE-IJUIS;Velocidade Incompat�vel;Sa�da de leito carro��vel;Com V�timas Feridas;Pleno dia;Decrescente;C�u Claro;Simples;"Aclive;Reta";N�o;1;0;0;1;0;0;1;1;-28,37364531;-54,12338376;SPRF-RS;DEL10-RS;UOP01-DEL10-RS;;;
703764;10/07/2025;quinta-feira;07:40:00;SC;101;431,1;SOMBRIO;Aus�ncia de rea��o do condutor;Colis�o traseira;Com V�timas Feridas;Pleno dia;Crescente;Nevoeiro/Neblina;Simples;Reta;Sim;2;0;1;0;1;0;1;2;-29,0722834;-49,62720679;SPRF-SC;DEL02-SC;UOP02-DEL02-SC;;;
703765;02/06/2025;segunda-feira;05:40:00;RJ;116;172;SAO JOAO DE MERITI;Manobra de mudan�a de faixa;Colis�o traseira;Com V�timas Feridas;Amanhecer;Crescente;Nublado;M�ltipla;Reta;Sim;4;0;2;0;2;0;2;2;-22,80308576;-43,34827423;SPRF-RJ;DEL06-RJ;UOP01-DEL06-RJ;;;
703766;10/07/2025;quinta-feira;08:43:00;PE;232;7;RECIFE;Manobra de mudan�a de faixa;Colis�o traseira;Com V�timas Feridas;Pleno dia;Decrescente;Chuva;M�ltipla;Reta;Sim;3;0;2;0;0;1;2;2;-8,07544;-34,967676;SPRF-PE;DEL01-PE;UOP01-DEL01-PE;;;
703767;16/06/2025;segunda-feira;01:20:00;ES;101;291,1;CARIACICA;Transitar na contram�o;Colis�o frontal;Com V�timas Feridas;Plena Noite;Decrescente;C�u Claro;Dupla;Reta;N�o;3;0;0;2;1;0;2;2;-20,29190589;-40,39200783;SPRF-ES;DEL01-ES;UOP01-DEL01-ES;;;
703768;10/07/2025;quinta-feira;08:40:00;RJ;101;68;CAMPOS DOS GOYTACAZES;Condutor deixou de manter dist�ncia do ve�culo da frente;Colis�o traseira;Com V�timas Feridas;Pleno dia;Crescente;C�u Claro;Simples;Reta;Sim;1;0;1;0;0;0;1;1;-21,776511;-41,365738;SPRF-RJ;DEL08-RJ;UOP02-DEL08-RJ;;;
703769;10/07/2025;quinta-feira;07:40:00;PR;369;78,7;SANTA MARIANA;Rea��o tardia ou ineficiente do condutor;Colis�o lateral mesmo sentido;Com V�timas Feridas;Pleno dia;Decrescente;C�u Claro;Simples;"Reta;Aclive";N�o;2;0;1;0;1;0;1;2;-23,15;-50,526;SPRF-PR;DEL07-PR;UOP05-DEL07-PR;;;
703771;10/07/2025;quinta-feira;07:30:00;RO;364;712;PORTO VELHO;Acesso irregular;Colis�o transversal;Com V�timas Feridas;Pleno dia;Crescente;C�u Claro;M�ltipla;Reta;Sim;2;0;2;0;0;0;2;2;-8,77697726;-63,87275219;SPRF-RO;DEL01-RO;UOP01-DEL01-RO;;;
703774;10/07/2025;quinta-feira;08:00:00;SP;381;89;GUARULHOS;Rea��o tardia ou ineficiente do condutor;Colis�o traseira;Com V�timas Feridas;Pleno dia;Decrescente;C�u Claro;M�ltipla;Reta;Sim;1;0;0;1;0;0;1;1;-23,48836178;-46,55892945;SPRF-SP;DEL03-SP;UOP01-DEL03-SP;;;
703776;10/07/2025;quinta-feira;06:30:00;MT;158;670;BARRA DO GARCAS;Aus�ncia de rea��o do condutor;Sa�da de leito carro��vel;Com V�timas Feridas;Pleno dia;Decrescente;C�u Claro;Simples;Reta;N�o;4;0;0;4;0;0;4;1;-15,8725028;-52,385547;SPRF-MT;DEL07-MT;UOP01-DEL07-MT;;;