id;data_inversa;dia_semana;horario;uf;br;km;municipio;causa_acidente;tipo_acidente;classificacao_acidente;fase_dia;sentido_via;condicao_metereologica;tipo_pista;tracado_via;uso_solo;pessoas;mortos;feridos_leves;feridos_graves;ilesos;ignorados;feridos;veiculos;latitude;longitude;regional;delegacia;uop;;;
703777;24/06/2025;ter�a-feira;18:20:00;ES;101;266,2;SERRA;Rea��o tardia ou ineficiente do condutor;Colis�o traseira;Com V�timas Feridas;Plena Noite;Decrescente;Nublado;Simples;Reta;N�o;3;0;2;0;0;1;2;2;-20,192634;-40,26846;SPRF-ES;DEL02-ES;UOP01-DEL02-ES;;;
703778;10/07/2025;quinta-feira;07:00:00;MT;70;521;VARZEA GRANDE;Aus�ncia de rea��o do condutor;Colis�o traseira;Com V�timas Feridas;Pleno dia;Decrescente;C�u Claro;Simples;Reta;Sim;2;0;1;0;1;0;1;2;-15,701451;-56,160197;SPRF-MT;DEL01-MT;UOP02-DEL01-MT;;;
703779;10/07/2025;quinta-feira;05:00:00;GO;80;110,8;VILA PROPICIO;Aus�ncia de rea��o do condutor;Sa�da de leito carro��vel;Com V�timas Feridas;Plena Noite;Crescente;C�u Claro;Simples;"Rotat�ria;Reta;Interse��o de Vias";N�o;3;0;1;0;2;0;1;1;-15,13872634;-48,82492661;SPRF-GO;DEL07-GO;UOP02-DEL07-GO;;;
703780;10/07/2025;quinta-feira;09:00:00;RJ;101;393;RIO DE JANEIRO;Demais falhas mec�nicas ou el�tricas;Inc�ndio;Sem V�timas;Pleno dia;Decrescente;Nublado;Dupla;"Ponte;Reta";N�o;3;0;0;0;3;0;0;1;-22,883974;-43,718355;SPRF-RJ;DEL03-RJ;UOP01-DEL03-RJ;;;
703781;10/07/2025;quinta-feira;08:10:00;SC;280;28,2;ARAQUARI;Convers�o proibida;Colis�o transversal;Com V�timas Feridas;Pleno dia;Crescente;Nublado;Simples;Reta;Sim;2;0;1;0;0;1;1;2;-26,406352;-48,747726;SPRF-SC;DEL03-SC;UOP03-DEL03-SC;;;
703787;10/07/2025;quinta-feira;10:50:00;DF;70;16;BRASILIA;Condutor deixou de manter dist�ncia do ve�culo da frente;Colis�o traseira;Sem V�timas;Pleno dia;Decrescente;Sol;Dupla;Rotat�ria;Sim;2;0;0;0;2;0;0;2;-15,796313;-48,195524;SPRF-DF;DEL03-DF;UOP02-DEL03-DF;;;
703788;10/07/2025;quinta-feira;10:10:00;PR;277;77;CURITIBA;Trafegar com motocicleta (ou similar) entre as faixas;Colis�o lateral mesmo sentido;Com V�timas Feridas;Pleno dia;Crescente;Sol;Dupla;Reta;N�o;3;0;1;0;2;0;1;3;-25,48372598;-49,19094086;SPRF-PR;DEL01-PR;UOP07-DEL01-PR;;;
703790;10/07/2025;quinta-feira;11:20:00;RN;101;103;PARNAMIRIM;Manobra de mudan�a de faixa;Colis�o lateral mesmo sentido;Com V�timas Feridas;Pleno dia;Decrescente;C�u Claro;Dupla;Reta;N�o;2;0;1;0;1;0;1;2;-5,8915509;-35,2529015;SPRF-RN;DEL01-RN;UOP01-DEL01-RN;;;
703792;10/07/2025;quinta-feira;11:30:00;PB;230;17,1;JOAO PESSOA;Manobra de mudan�a de faixa;Colis�o lateral mesmo sentido;Com V�timas Feridas;Pleno dia;Crescente;Nublado;Dupla;"Curva;Retorno Regulamentado";Sim;2;0;1;0;1;0;1;2;-7,1174098;-34,84295607;SPRF-PB;DEL01-PB;UOP01-DEL01-PB;;;
703793;10/07/2025;quinta-feira;08:02:00;PR;277;724;FOZ DO IGUACU;Manobra de mudan�a de faixa;Colis�o traseira;Com V�timas Feridas;Pleno dia;Decrescente;C�u Claro;Dupla;Reta;N�o;3;0;1;0;2;0;1;2;-25,501115;-54,535136;SPRF-PR;DEL05-PR;UOP03-DEL05-PR;;;
703794;10/07/2025;quinta-feira;11:30:00;ES;101;146,6;LINHARES;Rea��o tardia ou ineficiente do condutor;Colis�o traseira;Com V�timas Feridas;Pleno dia;Decrescente;C�u Claro;Dupla;Interse��o de Vias;Sim;2;0;1;0;0;1;1;2;-19,37572181;-40,06595979;SPRF-ES;DEL04-ES;UOP01-DEL04-ES;;;
703795;10/07/2025;quinta-feira;11:40:00;BA;101;264;SANTO ANTONIO DE JESUS;Rea��o tardia ou ineficiente do condutor;Queda de ocupante de ve�culo;Com V�timas Feridas;Pleno dia;Decrescente;Nublado;Simples;"Declive;Reta";Sim;1;0;1;0;0;0;1;1;-12,9816473;-39,2878285;SPRF-BA;DEL01-BA;UOP02-DEL01-BA;;;
703802;10/07/2025;quinta-feira;12:30:00;BA;116;422;FEIRA DE SANTANA;Condutor deixou de manter dist�ncia do ve�culo da frente;Colis�o traseira;Com V�timas Feridas;Pleno dia;Decrescente;C�u Claro;Dupla;Reta;Sim;3;0;0;1;1;1;1;2;-12,22305473;-38,96533227;SPRF-BA;DEL02-BA;UOP01-DEL02-BA;;;
703803;10/07/2025;quinta-feira;12:00:00;MG;365;604;UBERLANDIA;Aus�ncia de rea��o do condutor;Colis�o com objeto;Com V�timas Feridas;Pleno dia;Crescente;C�u Claro;Dupla;Reta;N�o;1;0;0;1;0;0;1;1;-18,89327827;-48,13732121;SPRF-MG;DEL15-MG;UOP01-DEL15-MG;;;
703805;10/07/2025;quinta-feira;12:45:00;MT;70;2;BARRA DO GARCAS;Aus�ncia de rea��o do condutor;Colis�o traseira;Com V�timas Feridas;Pleno dia;Crescente;C�u Claro;Simples;Reta;N�o;2;0;1;0;1;0;1;2;-15,88632814;-52,26980064;SPRF-MT;DEL07-MT;UOP01-DEL07-MT;;;
703807;27/06/2025;sexta-feira;07:55:00;SP;116;1;GUARULHOS;Acessar a via sem observar a presen�a dos outros ve�culos;Colis�o lateral mesmo sentido;Com V�timas Feridas;Pleno dia;Crescente;C�u Claro;M�ltipla;Reta;Sim;3;0;1;1;1;0;2;2;-23,45022016;-46,49139404;SPRF-SP;DEL01-SP;UOP01-DEL01-SP;;;
703809;10/07/2025;quinta-feira;13:00:00;PR;163;206;CASCAVEL;Aus�ncia de rea��o do condutor;Sa�da de leito carro��vel;Com V�timas Feridas;Pleno dia;Decrescente;Sol;Dupla;Curva;N�o;1;0;1;0;0;0;1;1;-24,92027118;-53,53648122;SPRF-PR;DEL05-PR;UOP05-DEL05-PR;;;
703810;10/07/2025;quinta-feira;12:51:00;PE;101;68;RECIFE;Manobra de mudan�a de faixa;Colis�o lateral mesmo sentido;Com V�timas Feridas;Pleno dia;Decrescente;C�u Claro;Dupla;Reta;N�o;1;0;1;0;0;0;1;1;-8,051814;-34,946292;SPRF-PE;DEL01-PE;UOP01-DEL01-PE;;;
703811;10/07/2025;quinta-feira;11:43:00;MS;267;12;BATAGUASSU;Condutor deixou de manter dist�ncia do ve�culo da frente;Colis�o traseira;Com V�timas Feridas;Pleno dia;Decrescente;C�u Claro;Dupla;Reta;Sim;2;0;1;0;1;0;1;2;-21,725563;-52,266688;SPRF-MS;DEL02-MS;UOP04-DEL02-MS;;;
703813;10/07/2025;quinta-feira;13:40:00;DF;40;0;BRASILIA;Acessar a via sem observar a presen�a dos outros ve�culos;Queda de ocupante de ve�culo;Com V�timas Feridas;Pleno dia;Crescente;C�u Claro;Dupla;Reta;Sim;2;0;1;0;1;0;1;2;-15,981018;-47,98914;SPRF-DF;DEL01-DF;UOP01-DEL01-DF;;;
703814;10/07/2025;quinta-feira;12:40:00;BA;101;891;CARAVELAS;Acumulo de �gua sobre o pavimento;Sa�da de leito carro��vel;Com V�timas Feridas;Pleno dia;Crescente;Chuva;Simples;"Reta;Aclive";N�o;1;0;1;0;0;0;1;1;-17,652406;-39,77127322;SPRF-BA;DEL09-BA;UOP02-DEL09-BA;;;
703815;10/07/2025;quinta-feira;08:00:00;PR;153;330;IRATI;Aus�ncia de rea��o do condutor;Colis�o traseira;Com V�timas Feridas;Pleno dia;Decrescente;C�u Claro;Dupla;Reta;Sim;4;0;1;0;3;0;1;2;-25,45704;-50,62358;SPRF-PR;DEL08-PR;UOP02-DEL08-PR;;;
703818;10/07/2025;quinta-feira;12:48:00;ES;101;61;SAO MATEUS;Acessar a via sem observar a presen�a dos outros ve�culos;Colis�o transversal;Com V�timas Feridas;Pleno dia;Decrescente;Nublado;Simples;"Interse��o de Vias;Rotat�ria";N�o;2;0;0;1;1;0;1;2;-18,68186864;-39,86338584;SPRF-ES;DEL04-ES;UOP02-DEL04-ES;;;
703820;10/07/2025;quinta-feira;14:10:00;SC;280;52;GUARAMIRIM;Avarias e/ou desgaste excessivo no pneu;Tombamento;Com V�timas Feridas;Pleno dia;Crescente;Nublado;Simples;Reta;N�o;2;0;2;0;0;0;2;1;-26,465494;-48,955845;SPRF-SC;DEL03-SC;UOP03-DEL03-SC;;;
703823;13/06/2025;sexta-feira;09:00:00;GO;70;474;ARAGARCAS;Aus�ncia de rea��o do condutor;Colis�o transversal;Com V�timas Feridas;Pleno dia;Decrescente;C�u Claro;Dupla;Reta;Sim;2;0;1;0;1;0;1;2;-15,895983;-52,250449;SPRF-GO;DEL04-GO;UOP02-DEL04-GO;;;
703825;10/07/2025;quinta-feira;13:30:00;SP;116;212;GUARULHOS;Manobra de mudan�a de faixa;Queda de ocupante de ve�culo;Com V�timas Feridas;Pleno dia;Crescente;C�u Claro;M�ltipla;Interse��o de Vias;Sim;1;0;1;0;0;0;1;1;-23,43409023;-46,42420276;SPRF-SP;DEL01-SP;UOP01-DEL01-SP;;;
703827;10/07/2025;quinta-feira;12:54:00;RJ;116;328;ITATIAIA;Fuma�a;Colis�o traseira;Com V�timas Feridas;Pleno dia;Decrescente;C�u Claro;Dupla;Reta;N�o;3;0;1;0;2;0;1;2;-22,49587779;-44,64602217;SPRF-RJ;DEL07-RJ;UOP02-DEL07-RJ;;;
703828;10/07/2025;quinta-feira;10:50:00;SC;282;504,8;XANXERE;Rea��o tardia ou ineficiente do condutor;Tombamento;Com V�timas Feridas;Pleno dia;Crescente;C�u Claro;Simples;"Reta;Interse��o de Vias";Sim;2;0;1;0;1;0;1;2;-26,88527436;-52,41429852;SPRF-SC;DEL07-SC;UOP01-DEL07-SC;;;
703832;10/07/2025;quinta-feira;14:55:00;SC;282;3;FLORIANOPOLIS;Rea��o tardia ou ineficiente do condutor;Colis�o traseira;Com V�timas Feridas;Pleno dia;Decrescente;C�u Claro;M�ltipla;Reta;N�o;2;0;1;0;1;0;1;2;-27,599283;-48,600289;SPRF-SC;DEL01-SC;UOP01-DEL01-SC;;;
703833;10/07/2025;quinta-feira;14:54:00;RS;290;101;PORTO ALEGRE;Aus�ncia de rea��o do condutor;Colis�o com objeto;Com V�timas Feridas;Pleno dia;Crescente;C�u Claro;M�ltipla;Curva;N�o;2;0;1;0;0;1;1;2;-29,9859699;-51,2474326;SPRF-RS;DEL01-RS;UOP01-DEL01-RS;;;
703834;07/07/2025;segunda-feira;04:00:00;RS;116;268;CANOAS;Rea��o tardia ou ineficiente do condutor;Tombamento;Com V�timas Feridas;Plena Noite;Decrescente;Nevoeiro/Neblina;M�ltipla;Reta;Sim;1;0;1;0;0;0;1;1;-29,94281227;-51,17706299;SPRF-RS;DEL01-RS;UOP01-DEL01-RS;;;
703835;10/07/2025;quinta-feira;14:13:00;SP;153;257;MARILIA;Manobra de mudan�a de faixa;Colis�o lateral mesmo sentido;Com V�timas Feridas;Pleno dia;Crescente;Sol;Dupla;"Reta;Rotat�ria";Sim;2;0;1;0;1;0;1;2;-22,24462;-49,92021773;SPRF-SP;DEL07-SP;UOP02-DEL07-SP;;;
703836;18/04/2025;sexta-feira;07:15:00;PA;163;104;NOVO PROGRESSO;Aus�ncia de rea��o do condutor;Tombamento;Com V�timas Feridas;Pleno dia;Decrescente;C�u Claro;Simples;Reta;N�o;1;0;1;0;0;0;1;1;-9,50561415;-54,85851288;SPRF-MT;DEL06-MT;UOP03-DEL06-MT;;;
703837;10/07/2025;quinta-feira;15:00:00;SC;470;46,9;BLUMENAU;Retorno proibido;Colis�o transversal;Com V�timas Feridas;Pleno dia;Decrescente;Nublado;Simples;Reta;N�o;2;0;1;0;1;0;1;2;-26,86394536;-49,04543487;SPRF-SC;DEL04-SC;UOP01-DEL04-SC;;;
703839;10/07/2025;quinta-feira;15:35:00;RS;448;0;SAPUCAIA DO SUL;Manobra de mudan�a de faixa;Queda de ocupante de ve�culo;Com V�timas Feridas;Pleno dia;Decrescente;C�u Claro;Dupla;Reta;Sim;2;0;1;0;1;0;1;2;-29,82478466;-51,17242813;SPRF-RS;DEL01-RS;UOP02-DEL01-RS;;;
703841;10/07/2025;quinta-feira;15:40:00;MG;381;342;JOAO MONLEVADE;Aus�ncia de rea��o do condutor;Sa�da de leito carro��vel;Com V�timas Feridas;Pleno dia;Crescente;C�u Claro;Simples;"Aclive;Reta";N�o;2;0;2;0;0;0;2;1;-19,859824;-43,11278;SPRF-MG;DEL03-MG;UOP01-DEL03-MG;;;
703843;10/07/2025;quinta-feira;15:00:00;RJ;40;70;PETROPOLIS;Rea��o tardia ou ineficiente do condutor;Colis�o traseira;Com V�timas Feridas;Pleno dia;Decrescente;Nublado;Dupla;Retorno Regulamentado;Sim;3;0;2;0;1;0;2;2;-22,45267012;-43,20655704;SPRF-RJ;DEL05-RJ;UOP02-DEL05-RJ;;;
703847;10/07/2025;quinta-feira;14:20:00;PR;277;497;GUARANIACU;Velocidade Incompat�vel;Sa�da de leito carro��vel;Com V�timas Feridas;Pleno dia;Decrescente;C�u Claro;Simples;Reta;N�o;1;0;1;0;0;0;1;1;-25,18342764;-52,66744314;SPRF-PR;DEL04-PR;UOP04-DEL04-PR;;;
703850;10/07/2025;quinta-feira;16:50:00;PB;101;85,6;BAYEUX;Trafegar com motocicleta (ou similar) entre as faixas;Colis�o transversal;Com V�timas Feridas;Pleno dia;Decrescente;Nublado;Dupla;Reta;Sim;3;0;0;2;1;0;2;2;-7,14737069;-34,9142316;SPRF-PB;DEL01-PB;UOP01-DEL01-PB;;;
703851;10/07/2025;quinta-feira;17:10:00;GO;40;10;LUZIANIA;Acessar a via sem observar a presen�a dos outros ve�culos;Colis�o lateral mesmo sentido;Com V�timas Feridas;Pleno dia;Crescente;C�u Claro;Dupla;"Retorno Regulamentado;Reta";Sim;3;0;2;0;1;0;2;2;-16,12597447;-47,9618454;SPRF-DF;DEL01-DF;UOP01-DEL01-DF;;;
703853;10/07/2025;quinta-feira;15:00:00;RS;290;459,2;SAO GABRIEL;Rea��o tardia ou ineficiente do condutor;Sa�da de leito carro��vel;Com V�timas Feridas;Pleno dia;Decrescente;C�u Claro;Simples;Curva;N�o;2;0;2;0;0;0;2;1;-30,22992019;-54,67240781;SPRF-RS;DEL11-RS;UOP02-DEL11-RS;;;
703858;10/07/2025;quinta-feira;15:45:00;MT;70;316;DOM AQUINO;Demais falhas mec�nicas ou el�tricas;Inc�ndio;Com V�timas Feridas;Pleno dia;Crescente;C�u Claro;Simples;Reta;N�o;2;0;1;0;1;0;1;1;-15,546697;-54,607418;SPRF-MT;DEL05-MT;UOP01-DEL05-MT;;;
703859;10/07/2025;quinta-feira;17:30:00;SP;116;146;SAO JOSE DOS CAMPOS;Condutor deixou de manter dist�ncia do ve�culo da frente;Colis�o traseira;Sem V�timas;Anoitecer;Decrescente;C�u Claro;Dupla;Aclive;Sim;2;0;0;0;2;0;0;2;-23,19012532;-45,86106603;SPRF-SP;DEL02-SP;UOP01-DEL02-SP;;;
703861;10/07/2025;quinta-feira;15:48:00;AC;364;136;RIO BRANCO;Pista Escorregadia;Tombamento;Com V�timas Feridas;Pleno dia;Decrescente;C�u Claro;Dupla;"Rotat�ria;Declive;Interse��o de Vias";Sim;3;0;1;0;0;2;1;2;-9,97746149;-67,84942813;SPRF-AC;DEL01-AC;UOP01-DEL01-AC;;;
703864;07/07/2025;segunda-feira;13:17:00;BA;116;583;NOVA ITARANA;Velocidade Incompat�vel;Sa�da de leito carro��vel;Com V�timas Feridas;Pleno dia;Crescente;Nublado;Simples;"Curva;Declive";N�o;4;0;4;0;0;0;4;1;-13,14475389;-40,00269413;SPRF-BA;DEL03-BA;UOP02-DEL03-BA;;;
703865;10/07/2025;quinta-feira;17:40:00;MG;50;20;UBERLANDIA;Rea��o tardia ou ineficiente do condutor;Colis�o traseira;Com V�timas Feridas;Anoitecer;Crescente;C�u Claro;Dupla;"Reta;Aclive";Sim;3;0;0;1;2;0;1;3;-18,935592;-48,209897;SPRF-MG;DEL15-MG;UOP01-DEL15-MG;;;
703866;10/07/2025;quinta-feira;18:00:00;RJ;116;175;SAO JOAO DE MERITI;Condutor deixou de manter dist�ncia do ve�culo da frente;Colis�o traseira;Com V�timas Feridas;Plena Noite;Crescente;C�u Claro;Dupla;Reta;N�o;3;0;0;2;1;0;2;2;-22,78823;-43,37431;SPRF-RJ;DEL06-RJ;UOP01-DEL06-RJ;;;
703868;10/07/2025;quinta-feira;18:00:00;MG;381;503;BETIM;Pedestre cruzava a pista fora da faixa;Atropelamento de Pedestre;Com V�timas Feridas;Plena Noite;Decrescente;C�u Claro;Dupla;"Reta;Declive";N�o;2;0;0;1;1;0;1;2;-20,02878827;-44,23458338;SPRF-MG;DEL01-MG;UOP03-DEL01-MG;;;
703869;10/07/2025;quinta-feira;18:10:00;ES;262;0,3;VITORIA;Pista esburacada;Tombamento;Com V�timas Feridas;Plena Noite;Crescente;C�u Claro;Dupla;"Reta;Ponte";Sim;2;0;2;0;0;0;2;1;-20,3219121;-40,3538621;SPRF-ES;DEL01-ES;UOP01-DEL01-ES;;;
703870;10/07/2025;quinta-feira;17:20:00;SE;235;4;NOSSA SENHORA DO SOCORRO;Condutor deixou de manter dist�ncia do ve�culo da frente;Colis�o traseira;Com V�timas Feridas;Anoitecer;Crescente;Nublado;Dupla;Declive;N�o;2;0;1;0;1;0;1;2;-10,9050625;-37,1230442;SPRF-SE;DEL01-SE;UOP01-DEL01-SE;;;
703871;10/07/2025;quinta-feira;17:40:00;AL;104;36;UNIAO DOS PALMARES;Condutor deixou de manter dist�ncia do ve�culo da frente;Colis�o traseira;Com V�timas Feridas;Plena Noite;Decrescente;Chuva;Simples;Reta;N�o;2;0;0;1;1;0;1;2;-9,1728501;-36,02690427;SPRF-AL;DEL01-AL;UOP02-DEL01-AL;;;
703873;10/07/2025;quinta-feira;17:15:00;PR;277;3;PARANAGUA;Trafegar com motocicleta (ou similar) entre as faixas;Colis�o lateral mesmo sentido;Com V�timas Feridas;Anoitecer;Decrescente;C�u Claro;Dupla;Reta;Sim;2;0;1;0;1;0;1;2;-25,545172;-48,542175;SPRF-PR;DEL01-PR;UOP05-DEL01-PR;;;
703876;28/06/2025;s�bado;16:21:00;BA;324;622;SALVADOR;Acessar a via sem observar a presen�a dos outros ve�culos;Colis�o lateral mesmo sentido;Com V�timas Feridas;Pleno dia;Crescente;Nublado;M�ltipla;Reta;Sim;2;0;1;0;1;0;1;2;-12,93162228;-38,47068787;SPRF-BA;DEL01-BA;UOP01-DEL01-BA;;;
703877;10/07/2025;quinta-feira;18:05:00;RS;153;45,8;ERECHIM;Acesso irregular;Colis�o lateral mesmo sentido;Com V�timas Feridas;Anoitecer;Crescente;Nublado;Simples;"Declive;Reta";Sim;2;0;1;0;1;0;1;2;-27,63459295;-52,2374532;SPRF-RS;DEL08-RS;UOP04-DEL08-RS;;;
703878;07/07/2025;segunda-feira;06:45:00;MG;40;796,5;JUIZ DE FORA;Rea��o tardia ou ineficiente do condutor;Sa�da de leito carro��vel;Com V�timas Feridas;Amanhecer;Decrescente;C�u Claro;Dupla;"Curva;Aclive";N�o;1;0;1;0;0;0;1;1;-21,81033006;-43,39730412;SPRF-MG;DEL05-MG;UOP01-DEL05-MG;;;
703879;10/07/2025;quinta-feira;18:30:00;RJ;393;168;TRES RIOS;Acessar a via sem observar a presen�a dos outros ve�culos;Colis�o transversal;Com V�timas Feridas;Plena Noite;Crescente;C�u Claro;Simples;Reta;Sim;2;0;1;0;1;0;1;2;-22,12292314;-43,1686513;SPRF-RJ;DEL05-RJ;UOP01-DEL05-RJ;;;
703881;10/07/2025;quinta-feira;18:26:00;DF;20;9,4;BRASILIA;Manobra de mudan�a de faixa;Colis�o lateral mesmo sentido;Com V�timas Feridas;Anoitecer;Crescente;C�u Claro;Dupla;Reta;Sim;3;0;1;0;1;1;1;3;-15,652487;-47,778825;SPRF-DF;DEL02-DF;UOP01-DEL02-DF;;;
703883;10/07/2025;quinta-feira;17:56:00;PE;232;32,3;MORENO;Avarias e/ou desgaste excessivo no pneu;Tombamento;Com V�timas Feridas;Plena Noite;Crescente;Nublado;Dupla;"Declive;Curva";N�o;2;0;1;1;0;0;2;1;-8,104512;-35,170244;SPRF-PE;DEL02-PE;UOP02-DEL02PE;;;
703884;10/07/2025;quinta-feira;19:15:00;MG;381;489;BETIM;Rea��o tardia ou ineficiente do condutor;Colis�o traseira;Com V�timas Feridas;Plena Noite;Decrescente;C�u Claro;M�ltipla;"Aclive;Reta";Sim;2;0;0;1;1;0;1;2;-19,956159;-44,133462;SPRF-MG;DEL01-MG;UOP03-DEL01-MG;;;
703885;10/07/2025;quinta-feira;19:10:00;RS;392;350;SANTA MARIA;Rea��o tardia ou ineficiente do condutor;Colis�o com objeto;Com V�timas Feridas;Plena Noite;Decrescente;C�u Claro;Simples;Reta;Sim;1;0;1;0;0;0;1;1;-29,74225045;-53,79389618;SPRF-RS;DEL09-RS;UOP01-DEL09-RS;;;
703886;10/07/2025;quinta-feira;18:13:00;MS;267;481,9;JARDIM;Convers�o proibida;Colis�o transversal;Com V�timas Feridas;Anoitecer;Crescente;C�u Claro;Simples;"Reta;Interse��o de Vias";Sim;3;0;0;2;1;0;2;2;-21,482818;-56,148535;SPRF-MS;DEL05-MS;UOP01-DEL05-MS;;;
703888;09/06/2025;segunda-feira;02:10:00;MT;364;73;ALTO GARCAS;Animais na Pista;Atropelamento de Animal;Com V�timas Feridas;Plena Noite;Decrescente;Ignorado;Simples;Reta;N�o;1;0;1;0;0;0;1;1;-16,909561;-53,638672;SPRF-MT;DEL02-MT;UOP02-DEL02-MT;;;
703890;10/07/2025;quinta-feira;19:18:00;RS;116;260;CANOAS;Manobra de mudan�a de faixa;Colis�o traseira;Com V�timas Feridas;Plena Noite;Crescente;C�u Claro;M�ltipla;Reta;Sim;4;0;1;0;3;0;1;4;-29,88444641;-51,18042088;SPRF-RS;DEL01-RS;UOP01-DEL01-RS;;;
703891;10/07/2025;quinta-feira;18:30:00;PE;428;185;PETROLINA;Condutor deixou de manter dist�ncia do ve�culo da frente;Colis�o traseira;Com V�timas Feridas;Plena Noite;Decrescente;C�u Claro;Dupla;Reta;Sim;3;0;2;0;1;0;2;2;-9,344459;-40,4726212;SPRF-PE;DEL06-PE;UOP01-DEL06-PE;;;
703892;10/07/2025;quinta-feira;13:45:00;RO;421;33;MONTE NEGRO;Rea��o tardia ou ineficiente do condutor;Sa�da de leito carro��vel;Com V�timas Feridas;Pleno dia;Crescente;C�u Claro;Simples;Reta;N�o;2;0;0;2;0;0;2;1;-10,141758;-63,231638;SPRF-RO;DEL03-RO;UOP01-DEL03-RO;;;
703893;10/07/2025;quinta-feira;19:30:00;RS;116;530;CAPAO DO LEAO;Acessar a via sem observar a presen�a dos outros ve�culos;Colis�o transversal;Com V�timas Feridas;Plena Noite;Decrescente;C�u Claro;Simples;Interse��o de Vias;Sim;3;0;1;0;2;0;1;2;-31,7603568;-52,437933;SPRF-RS;DEL07-RS;UOP01-DEL07-RS;;;
703894;10/07/2025;quinta-feira;19:00:00;MG;381;485;BETIM;Frear bruscamente;Eventos at�picos;Com V�timas Feridas;Plena Noite;Crescente;C�u Claro;M�ltipla;"Reta;Aclive";N�o;2;0;1;0;1;0;1;1;-19,95553021;-44,09766197;SPRF-MG;DEL01-MG;UOP03-DEL01-MG;;;
703896;10/07/2025;quinta-feira;19:00:00;RJ;116;210;SEROPEDICA;Retorno proibido;Colis�o traseira;Com V�timas Feridas;Plena Noite;Decrescente;C�u Claro;Dupla;Reta;N�o;2;0;1;0;1;0;1;2;-22,719932;-43,691415;SPRF-RJ;DEL06-RJ;UOP02-DEL06-RJ;;;
703897;10/07/2025;quinta-feira;16:45:00;PR;376;182,5;SARANDI;Velocidade Incompat�vel;Engavetamento;Com V�timas Feridas;Pleno dia;Decrescente;C�u Claro;Dupla;Reta;Sim;4;0;1;0;3;0;1;3;-23,435573;-51,880832;SPRF-PR;DEL09-PR;UOP01-DEL09-PR;;;
703899;10/07/2025;quinta-feira;19:15:00;SP;116;223;GUARULHOS;Objeto est�tico sobre o leito carro��vel;Colis�o com objeto;Com V�timas Feridas;Plena Noite;Decrescente;C�u Claro;M�ltipla;"Reta;Em Obras";Sim;1;0;1;0;0;0;1;1;-23,47912455;-46,53047768;SPRF-SP;DEL01-SP;UOP01-DEL01-SP;;;
703900;10/07/2025;quinta-feira;19:00:00;RN;226;111;SANTA CRUZ;Aus�ncia de rea��o do condutor;Colis�o lateral sentido oposto;Com V�timas Feridas;Pleno dia;Crescente;C�u Claro;Simples;Reta;Sim;2;0;1;0;1;0;1;2;-6,22737749;-36,01836847;SPRF-RN;DEL03-RN;UOP02-DEL03-RN;;;
703901;10/07/2025;quinta-feira;19:45:00;PB;230;148,2;CAMPINA GRANDE;Desrespeitar a prefer�ncia no cruzamento;Colis�o transversal;Com V�timas Feridas;Plena Noite;Crescente;C�u Claro;Simples;Rotat�ria;Sim;2;0;1;0;1;0;1;1;-7,236445;-35,867758;SPRF-PB;DEL02-PB;UOP01-DEL02-PB;;;
703902;10/07/2025;quinta-feira;19:30:00;SC;101;130,4;CAMBORIU;Acessar a via sem observar a presen�a dos outros ve�culos;Colis�o transversal;Com V�timas Feridas;Plena Noite;Crescente;Nublado;Simples;Reta;Sim;2;0;1;0;1;0;1;2;-26,986902;-48,666369;SPRF-SC;DEL04-SC;UOP03-DEL04-SC;;;
703903;10/07/2025;quinta-feira;18:45:00;PR;277;569;CASCAVEL;Transitar na contram�o;Colis�o frontal;Com V�timas Feridas;Plena Noite;Decrescente;C�u Claro;M�ltipla;Reta;N�o;3;0;2;0;1;0;2;2;-25,02192642;-53,27861081;SPRF-PR;DEL04-PR;UOP01-DEL04-PR;;;
703906;10/07/2025;quinta-feira;20:20:00;PI;343;2,6;TERESINA;Pedestre cruzava a pista fora da faixa;Atropelamento de Pedestre;Com V�timas Feridas;Plena Noite;Decrescente;Nublado;M�ltipla;Reta;Sim;2;0;1;1;0;0;2;2;-5,08207237;-42,773708;SPRF-PI;DEL01-PI;UOP01-DEL01-PI;;;
703907;20/06/2025;sexta-feira;18:00:00;PR;116;124;CURITIBA;Manobra de mudan�a de faixa;Colis�o traseira;Com V�timas Feridas;Anoitecer;Crescente;Nublado;Dupla;Reta;N�o;2;0;1;0;1;0;1;2;-25,58620703;-49,31436887;SPRF-PR;DEL01-PR;UOP03-DEL01-PR;;;
703911;10/07/2025;quinta-feira;20:30:00;PR;467;104,5;CASCAVEL;Aus�ncia de rea��o do condutor;Colis�o traseira;Com V�timas Feridas;Plena Noite;Crescente;C�u Claro;Dupla;"Declive;Reta";N�o;2;0;1;0;1;0;1;2;-24,91285739;-53,50302461;SPRF-PR;DEL04-PR;UOP01-DEL04-PR;;;
703912;10/07/2025;quinta-feira;19:50:00;SP;381;40;ATIBAIA;Aus�ncia de rea��o do condutor;Colis�o lateral mesmo sentido;Com V�timas Feridas;Plena Noite;Crescente;C�u Claro;M�ltipla;Curva;Sim;3;0;1;0;2;0;1;2;-23,12946201;-46,5767426;SPRF-SP;DEL03-SP;UOP01-DEL03-SP;;;