id;data_inversa;dia_semana;horario;uf;br;km;municipio;causa_acidente;tipo_acidente;classificacao_acidente;fase_dia;sentido_via;condicao_metereologica;tipo_pista;tracado_via;uso_solo;pessoas;mortos;feridos_leves;feridos_graves;ilesos;ignorados;feridos;veiculos;latitude;longitude;regional;delegacia;uop;;;
703913;10/07/2025;quinta-feira;20:10:00;RJ;493;104;SEROPEDICA;Aus�ncia de rea��o do condutor;Sa�da de leito carro��vel;Com V�timas Feridas;Plena Noite;Crescente;C�u Claro;Dupla;Reta;N�o;2;0;1;1;0;0;2;2;-22,78593715;-43,7669663;SPRF-RJ;DEL01-RJ;UOP03-DEL01-RJ;;;
703917;10/07/2025;quinta-feira;19:30:00;PR;277;722;FOZ DO IGUACU;Aus�ncia de rea��o do condutor;Colis�o traseira;Com V�timas Feridas;Plena Noite;Decrescente;C�u Claro;Dupla;Reta;N�o;3;0;3;0;0;0;3;2;-25,49387543;-54,5183444;SPRF-PR;DEL05-PR;UOP03-DEL05-PR;;;
703918;10/07/2025;quinta-feira;20:20:00;MG;365;754;ITUIUTABA;Aus�ncia de rea��o do condutor;Colis�o transversal;Com V�timas Feridas;Plena Noite;Crescente;C�u Claro;M�ltipla;Reta;Sim;2;0;1;0;0;1;1;2;-18,96576973;-49,48517416;SPRF-MG;DEL15-MG;UOP03-DEL15-MG;;;
703920;10/07/2025;quinta-feira;19:00:00;PR;376;490,9;PONTA GROSSA;Rea��o tardia ou ineficiente do condutor;Colis�o traseira;Com V�timas Feridas;Pleno dia;Crescente;Nublado;Dupla;"Reta;Aclive";N�o;2;0;1;0;1;0;1;2;-25,10663314;-50,19281801;SPRF-PR;DEL03-PR;UOP04-DEL03-PR;;;
703921;10/07/2025;quinta-feira;20:20:00;GO;60;95;ANAPOLIS;Velocidade Incompat�vel;Sa�da de leito carro��vel;Sem V�timas;Plena Noite;Decrescente;Ignorado;Dupla;"Reta;Declive";Sim;1;0;0;0;0;1;0;1;-16,366652;-48,937627;SPRF-GO;DEL02-GO;UOP01-DEL02-GO;;;
703923;10/07/2025;quinta-feira;19:03:00;PB;230;6,5;CABEDELO;Velocidade Incompat�vel;Sa�da de leito carro��vel;Com V�timas Feridas;Plena Noite;Decrescente;Garoa/Chuvisco;Dupla;Reta;Sim;2;0;2;0;0;0;2;1;-7,023846;-34,837221;SPRF-PB;DEL01-PB;UOP01-DEL01-PB;;;
703924;10/07/2025;quinta-feira;18:30:00;MS;163;259;DOURADOS;Ilumina��o deficiente;Tombamento;Com V�timas Feridas;Plena Noite;Decrescente;C�u Claro;Dupla;Reta;N�o;1;0;0;1;0;0;1;1;-22,25246;-54,776864;SPRF-MS;DEL04-MS;UOP01-DEL04-MS;;;
703925;10/07/2025;quinta-feira;22:10:00;SP;153;59,5;SAO JOSE DO RIO PRETO;Mal s�bito do condutor;Sa�da de leito carro��vel;Com V�timas Feridas;Plena Noite;Decrescente;C�u Claro;Dupla;Reta;Sim;1;0;1;0;0;0;1;1;-20,793192;-49,354448;SPRF-SP;DEL09-SP;UOP01-DEL09-SP;;;
703926;10/07/2025;quinta-feira;18:09:00;AC;364;19;ACRELANDIA;Acessar a via sem observar a presen�a dos outros ve�culos;Colis�o transversal;Com V�timas Fatais;Plena Noite;Decrescente;C�u Claro;Simples;"Reta;Aclive";N�o;3;1;0;0;2;0;0;2;-9,885349;-66,931292;SPRF-AC;DEL01-AC;UOP01-DEL01-AC;;;
703928;10/07/2025;quinta-feira;21:00:00;MT;364;400;CUIABA;Aus�ncia de rea��o do condutor;Sa�da de leito carro��vel;Sem V�timas;Plena Noite;Decrescente;C�u Claro;Dupla;Reta;N�o;1;0;0;0;1;0;0;1;-15,65363;-55,991182;SPRF-MT;DEL01-MT;UOP02-DEL01-MT;;;
703929;10/07/2025;quinta-feira;22:30:00;SC;101;151;ITAPEMA;Aus�ncia de rea��o do condutor;Colis�o com objeto;Com V�timas Feridas;Plena Noite;Decrescente;Nublado;M�ltipla;Reta;Sim;1;0;1;0;0;0;1;1;-27,126536;-48,609642;SPRF-SC;DEL04-SC;UOP03-DEL04-SC;;;
703931;10/07/2025;quinta-feira;22:40:00;SC;101;211,5;PALHOCA;Rea��o tardia ou ineficiente do condutor;Tombamento;Com V�timas Feridas;Plena Noite;Decrescente;C�u Claro;Simples;Aclive;N�o;2;0;1;1;0;0;2;1;-27,627443;-48,655782;SPRF-SC;DEL01-SC;UOP02-DEL01-SC;;;
703932;10/07/2025;quinta-feira;22:40:00;PR;476;151,5;ARAUCARIA;Aus�ncia de rea��o do condutor;Sa�da de leito carro��vel;Com V�timas Feridas;Plena Noite;Crescente;C�u Claro;Dupla;Interse��o de Vias;N�o;1;0;0;1;0;0;1;1;-25,56656097;-49,3809669;SPRF-PR;DEL01-PR;UOP06-DEL01-PR;;;
703935;10/07/2025;quinta-feira;21:45:00;PR;277;241,9;GUARAPUAVA;Velocidade Incompat�vel;Sa�da de leito carro��vel;Com V�timas Feridas;Plena Noite;Decrescente;Nublado;Dupla;"Reta;Aclive";N�o;1;0;1;0;0;0;1;1;-25,35327636;-51,45946419;SPRF-PR;DEL08-PR;UOP02-DEL08-PR;;;
703936;10/07/2025;quinta-feira;22:00:00;MG;116;409;GOVERNADOR VALADARES;Manobra de mudan�a de faixa;Colis�o lateral mesmo sentido;Com V�timas Feridas;Plena Noite;Crescente;C�u Claro;Dupla;Reta;Sim;2;0;1;0;1;0;1;2;-18,85640241;-41,97540419;SPRF-MG;DEL06-MG;UOP01-DEL06-MG;;;
703938;10/07/2025;quinta-feira;19:25:00;SC;153;39,8;VARGEM BONITA;Ingest�o de �lcool pelo condutor;Sa�da de leito carro��vel;Com V�timas Feridas;Plena Noite;Decrescente;C�u Claro;Simples;Reta;N�o;1;0;0;1;0;0;1;1;-26,846778;-51,747;SPRF-SC;DEL07-SC;UOP07-DEL07-SC;;;
703939;10/07/2025;quinta-feira;22:40:00;BA;135;161;BARREIRAS;Rea��o tardia ou ineficiente do condutor;Sa�da de leito carro��vel;Com V�timas Feridas;Pleno dia;Decrescente;C�u Claro;Simples;Reta;N�o;1;0;1;0;0;0;1;1;-12,026721;-44,954536;SPRF-BA;DEL10-BA;UOP01-DEL10-BA;;;
703940;10/07/2025;quinta-feira;22:00:00;PR;153;160,5;VENTANIA;Acessar a via sem observar a presen�a dos outros ve�culos;Colis�o transversal;Com V�timas Feridas;Plena Noite;Decrescente;C�u Claro;Simples;"Declive;Reta";N�o;2;0;0;1;0;1;1;2;-24,22899306;-50,22573709;SPRF-PR;DEL03-PR;UOP02-DEL03-PR;;;
703942;11/07/2025;sexta-feira;01:20:00;SC;101;347,1;JAGUARUNA;Pedestre andava na pista;Atropelamento de Pedestre;Com V�timas Feridas;Plena Noite;Crescente;Nublado;Dupla;Reta;Sim;2;0;0;1;1;0;1;2;-28,57718903;-49,05252663;SPRF-SC;DEL02-SC;UOP01-DEL02-SC;;;
703946;11/07/2025;sexta-feira;05:00:00;SP;116;416;JUQUIA;Condutor Dormindo;Colis�o traseira;Com V�timas Feridas;Plena Noite;Crescente;C�u Claro;Dupla;Reta;N�o;2;0;1;0;1;0;1;2;-24,33690919;-47,64306419;SPRF-SP;DEL05-SP;UOP01-DEL05-SP;;;
703948;10/07/2025;quinta-feira;20:00:00;GO;452;150;ITUMBIARA;Velocidade Incompat�vel;Sa�da de leito carro��vel;Com V�timas Feridas;Plena Noite;Crescente;C�u Claro;Dupla;"Reta;Rotat�ria;Interse��o de Vias";N�o;5;0;0;5;0;0;5;1;-18,29641539;-49,58468524;SPRF-GO;DEL03-GO;UOP02-DEL03-GO;;;
703949;11/07/2025;sexta-feira;05:25:00;PR;376;445,5;IPIRANGA;Velocidade Incompat�vel;Sa�da de leito carro��vel;Com V�timas Feridas;Plena Noite;Crescente;C�u Claro;Dupla;Curva;N�o;1;0;1;0;0;0;1;1;-24,84902282;-50,47318551;SPRF-PR;DEL03-PR;UOP02-DEL03-PR;;;
703951;11/07/2025;sexta-feira;06:38:00;SP;116;227,5;SAO PAULO;Objeto est�tico sobre o leito carro��vel;Colis�o com objeto;Com V�timas Feridas;Amanhecer;Crescente;Nublado;M�ltipla;Reta;N�o;1;0;1;0;0;0;1;1;-23,50126391;-46,56412331;SPRF-SP;DEL01-SP;UOP01-DEL01-SP;;;
703954;11/07/2025;sexta-feira;06:15:00;GO;60;167,2;GOIANIA;Frear bruscamente;Colis�o com objeto;Com V�timas Feridas;Amanhecer;Decrescente;C�u Claro;M�ltipla;"Reta;Aclive";N�o;2;0;2;0;0;0;2;1;-16,72774535;-49,38301964;SPRF-GO;DEL01-GO;UOP02-DEL01-GO;;;
703955;31/05/2025;s�bado;18:45:00;PR;277;45;MORRETES;Rea��o tardia ou ineficiente do condutor;Tombamento;Com V�timas Feridas;Plena Noite;Crescente;C�u Claro;Dupla;"Curva;Aclive";N�o;2;0;2;0;0;0;2;1;-25,59684794;-48,90150771;SPRF-PR;DEL01-PR;UOP05-DEL01-PR;;;
703956;28/06/2025;s�bado;21:58:00;BA;116;470;SANTO ESTEVAO;Acesso irregular;Colis�o transversal;Com V�timas Feridas;Plena Noite;Decrescente;C�u Claro;Dupla;Reta;N�o;2;0;0;1;1;0;1;2;-12,50809722;-39,36642551;SPRF-BA;DEL02-BA;UOP01-DEL02-BA;;;
703957;11/07/2025;sexta-feira;02:00:00;PA;153;149,8;SAO GERALDO DO ARAGUAIA;Animais na Pista;Atropelamento de Animal;Com V�timas Feridas;Plena Noite;Decrescente;C�u Claro;Simples;Reta;N�o;1;0;0;1;0;0;1;1;-6,381609;-48,574558;SPRF-PA;DEL03-PA;UOP01-DEL03-PA;;;
703958;11/07/2025;sexta-feira;06:50:00;ES;101;290,1;CARIACICA;Acostamento em desn�vel;Colis�o lateral mesmo sentido;Com V�timas Feridas;Pleno dia;Decrescente;Nublado;Dupla;Curva;N�o;2;0;0;1;1;0;1;2;-20,2908053;-40,3917302;SPRF-ES;DEL01-ES;UOP01-DEL01-ES;;;
703960;10/07/2025;quinta-feira;22:00:00;MG;40;239,7;SAO GONCALO DO ABAETE;Rea��o tardia ou ineficiente do condutor;Sa�da de leito carro��vel;Sem V�timas;Plena Noite;Crescente;C�u Claro;Simples;Curva;N�o;1;0;0;0;1;0;0;1;-18,062882;-45,512858;SPRF-MG;DEL14-MG;UOP02-DEL14-MG;;;
703961;11/07/2025;sexta-feira;06:30:00;SP;116;306;SAO LOURENCO DA SERRA;Rea��o tardia ou ineficiente do condutor;Tombamento;Com V�timas Feridas;Pleno dia;Decrescente;Nublado;M�ltipla;Curva;N�o;1;0;1;0;0;0;1;1;-23,84587239;-46,93705479;SPRF-SP;DEL04-SP;UOP01-DEL04-SP;;;
703962;11/07/2025;sexta-feira;06:55:00;RS;472;574,7;URUGUAIANA;Desrespeitar a prefer�ncia no cruzamento;Colis�o transversal;Com V�timas Feridas;Pleno dia;Crescente;Nevoeiro/Neblina;Simples;Rotat�ria;Sim;2;0;1;0;1;0;1;2;-29,76345956;-57,05216859;SPRF-RS;DEL13-RS;UOP01-DEL13-RS;;;
703965;11/07/2025;sexta-feira;07:10:00;MA;316;271,8;BELA VISTA DO MARANHAO;Transitar na contram�o;Colis�o frontal;Com V�timas Feridas;Pleno dia;Crescente;Sol;Simples;Reta;Sim;2;0;0;1;0;1;1;2;-3,708397;-45,303982;SPRF-MA;DEL02-MA;UOP01-DEL02-MA;;;
703966;11/07/2025;sexta-feira;07:10:00;SC;101;115;ITAJAI;Aus�ncia de rea��o do condutor;Colis�o traseira;Com V�timas Feridas;Pleno dia;Decrescente;Nublado;Dupla;Reta;N�o;2;0;1;0;1;0;1;2;-26,86371431;-48,72919019;SPRF-SC;DEL04-SC;UOP04-DEL04-SC;;;
703967;11/07/2025;sexta-feira;07:00:00;SP;116;146,6;SAO JOSE DOS CAMPOS;Demais falhas mec�nicas ou el�tricas;Inc�ndio;Sem V�timas;Pleno dia;Crescente;Sol;Dupla;"Aclive;Reta";Sim;1;0;0;0;1;0;0;1;-23,19184276;-45,86503029;SPRF-SP;DEL02-SP;UOP01-DEL02-SP;;;
703968;11/07/2025;sexta-feira;07:40:00;RJ;393;240,8;VASSOURAS;Avarias e/ou desgaste excessivo no pneu;Tombamento;Com V�timas Feridas;Amanhecer;Crescente;C�u Claro;Simples;Reta;N�o;2;0;2;0;0;0;2;1;-22,4297;-43,717312;SPRF-RJ;DEL05-RJ;UOP04-DEL05-RJ;;;
703969;05/06/2025;quinta-feira;16:28:00;BA;116;16,5;VITORIA DA CONQUISTA;Acessar a via sem observar a presen�a dos outros ve�culos;Tombamento;Com V�timas Feridas;Pleno dia;Crescente;Ignorado;Simples;Reta;Sim;2;0;1;0;0;1;1;2;-14,90243677;-40,84655225;SPRF-BA;DEL08-BA;UOP01-DEL08-BA;;;
703970;11/07/2025;sexta-feira;06:43:00;MT;163;819;SINOP;Rea��o tardia ou ineficiente do condutor;Capotamento;Com V�timas Feridas;Pleno dia;Crescente;C�u Claro;Simples;Reta;N�o;5;0;4;0;1;0;4;1;-11,93000484;-55,5121682;SPRF-MT;DEL06-MT;UOP02-DEL06-MT;;;
703975;29/06/2025;domingo;13:00:00;MG;459;68,3;SENADOR JOSE BENTO;Velocidade Incompat�vel;Tombamento;Com V�timas Feridas;Pleno dia;Crescente;Ignorado;Simples;"Curva;Aclive";N�o;2;0;2;0;0;0;2;1;-22,13119297;-46,18152514;SPRF-MG;DEL09-MG;UOP01-DEL09-MG;;;
703976;11/07/2025;sexta-feira;08:05:00;CE;222;2,9;FORTALEZA;Rea��o tardia ou ineficiente do condutor;Colis�o traseira;Com V�timas Feridas;Pleno dia;Decrescente;C�u Claro;Dupla;Reta;Sim;2;0;1;0;1;0;1;2;-3,74008963;-38,59373186;SPRF-CE;DEL01-CE;UOP01-DEL01-CE;;;
703977;09/07/2025;quarta-feira;09:30:00;CE;222;3;CAUCAIA;Ultrapassagem Indevida;Colis�o traseira;Com V�timas Feridas;Pleno dia;Decrescente;C�u Claro;M�ltipla;Viaduto;Sim;4;0;0;1;3;0;1;2;-3,74087702;-38,59894037;SPRF-CE;DEL01-CE;UOP01-DEL01-CE;;;
703980;11/07/2025;sexta-feira;09:00:00;SC;101;117,2;ITAJAI;Aus�ncia de rea��o do condutor;Colis�o traseira;Com V�timas Feridas;Pleno dia;Decrescente;Nublado;Dupla;"Viaduto;Reta";N�o;2;0;1;0;1;0;1;2;-26,88895357;-48,72176735;SPRF-SC;DEL04-SC;UOP04-DEL04-SC;;;
703982;11/07/2025;sexta-feira;08:35:00;RJ;40;120;DUQUE DE CAXIAS;Demais falhas mec�nicas ou el�tricas;Engavetamento;Com V�timas Feridas;Pleno dia;Decrescente;C�u Claro;M�ltipla;Reta;Sim;5;0;2;1;2;0;3;4;-22,77403562;-43,28588008;SPRF-RJ;DEL01-RJ;UOP02-DEL01-RJ;;;
703983;11/07/2025;sexta-feira;08:00:00;SC;101;105,9;PENHA;Aus�ncia de rea��o do condutor;Colis�o traseira;Com V�timas Feridas;Pleno dia;Crescente;C�u Claro;Dupla;Curva;Sim;2;0;1;0;1;0;1;2;-26,80718467;-48,68077246;SPRF-SC;DEL03-SC;UOP02-DEL03-SC;;;
703984;11/07/2025;sexta-feira;08:54:00;RN;101;79;NATAL;Demais falhas mec�nicas ou el�tricas;Queda de ocupante de ve�culo;Com V�timas Feridas;Pleno dia;Decrescente;C�u Claro;Dupla;Reta;N�o;2;0;2;0;0;0;2;1;-5,74832;-35,28947;SPRF-RN;DEL02-RN;UOP01-DEL02-RN;;;
703985;11/07/2025;sexta-feira;09:05:00;SP;116;219,8;GUARULHOS;Manobra de mudan�a de faixa;Engavetamento;Com V�timas Feridas;Pleno dia;Crescente;Sol;M�ltipla;Reta;Sim;5;0;1;0;4;0;1;4;-23,45794657;-46,48143005;SPRF-SP;DEL01-SP;UOP01-DEL01-SP;;;
703990;11/07/2025;sexta-feira;09:20:00;GO;153;490;GOIANIA;Acesso irregular;Colis�o traseira;Com V�timas Feridas;Pleno dia;Decrescente;Sol;M�ltipla;Reta;Sim;2;0;2;0;0;0;2;2;-16,616152;-49,205932;SPRF-GO;DEL01-GO;UOP01-DEL01-GO;;;
703991;11/07/2025;sexta-feira;09:50:00;SP;116;211;GUARULHOS;Rea��o tardia ou ineficiente do condutor;Colis�o lateral mesmo sentido;Com V�timas Feridas;Pleno dia;Crescente;C�u Claro;M�ltipla;"Reta;Aclive";Sim;3;0;1;0;2;0;1;2;-23,43166635;-46,41855764;SPRF-SP;DEL01-SP;UOP01-DEL01-SP;;;
703992;11/07/2025;sexta-feira;10:00:00;BA;324;625,9;SALVADOR;Demais falhas mec�nicas ou el�tricas;Colis�o com objeto;Com V�timas Feridas;Pleno dia;Crescente;Sol;Dupla;Reta;Sim;2;0;1;0;1;0;1;1;-12,961238;-38,475134;SPRF-BA;DEL01-BA;UOP01-DEL01-BA;;;
703995;11/07/2025;sexta-feira;10:45:00;RN;101;104;PARNAMIRIM;Manobra de mudan�a de faixa;Colis�o lateral mesmo sentido;Com V�timas Feridas;Pleno dia;Crescente;Chuva;Dupla;Curva;Sim;3;0;1;0;2;0;1;2;-5,891898;-35,257012;SPRF-RN;DEL01-RN;UOP01-DEL01-RN;;;
703997;11/07/2025;sexta-feira;07:30:00;PR;376;300;MAUA DA SERRA;Rea��o tardia ou ineficiente do condutor;Sa�da de leito carro��vel;Com V�timas Feridas;Pleno dia;Crescente;C�u Claro;Dupla;"Declive;Curva";N�o;1;0;0;1;0;0;1;1;-23,936208;-51,161859;SPRF-PR;DEL07-PR;UOP02-DEL07-PR;;;
704000;11/07/2025;sexta-feira;11:20:00;BA;324;476;TANQUINHO;Velocidade Incompat�vel;Tombamento;Com V�timas Feridas;Pleno dia;Decrescente;Nublado;Simples;Curva;N�o;1;0;0;1;0;0;1;1;-11,983217;-39,086153;SPRF-BA;DEL02-BA;UOP01-DEL02-BA;;;
704001;11/07/2025;sexta-feira;10:55:00;SP;116;228;SAO PAULO;Rea��o tardia ou ineficiente do condutor;Tombamento;Com V�timas Feridas;Pleno dia;Crescente;C�u Claro;M�ltipla;"Em Obras;Reta";Sim;1;0;1;0;0;0;1;1;-23,50337873;-46,56613541;SPRF-SP;DEL01-SP;UOP01-DEL01-SP;;;
704002;06/05/2025;ter�a-feira;06:00:00;BA;101;920;NOVA VICOSA;Aus�ncia de rea��o do condutor;Colis�o transversal;Com V�timas Feridas;Pleno dia;Decrescente;C�u Claro;Simples;Reta;Sim;2;0;1;0;1;0;1;2;-17,89268;-39,81826;SPRF-BA;DEL09-BA;UOP02-DEL09-BA;;;
704004;11/07/2025;sexta-feira;09:30:00;MA;10;272;IMPERATRIZ;Velocidade Incompat�vel;Colis�o traseira;Sem V�timas;Pleno dia;Crescente;C�u Claro;Simples;Reta;N�o;7;0;0;0;7;0;0;3;-5,3507;-47,48462;SPRF-MA;DEL04-MA;UOP01-DEL04-MA;;;
704007;11/07/2025;sexta-feira;10:50:00;PE;232;58;POMBOS;Acessar a via sem observar a presen�a dos outros ve�culos;Colis�o transversal;Com V�timas Feridas;Pleno dia;Decrescente;Nublado;Simples;"Reta;Interse��o de Vias";Sim;2;0;0;1;1;0;1;2;-8,144735;-35,389997;SPRF-PE;DEL02-PE;UOP02-DEL02PE;;;
704008;11/07/2025;sexta-feira;11:30:00;PR;376;225;APUCARANA;Rea��o tardia ou ineficiente do condutor;Colis�o traseira;Sem V�timas;Pleno dia;Decrescente;C�u Claro;Dupla;Reta;N�o;4;0;0;0;4;0;0;2;-23,585168;-51,568386;SPRF-PR;DEL07-PR;UOP03-DEL07-PR;;;
704009;11/07/2025;sexta-feira;10:30:00;RJ;116;142;DUQUE DE CAXIAS;Acumulo de �leo sobre o pavimento;Tombamento;Com V�timas Feridas;Pleno dia;Crescente;C�u Claro;Simples;Curva;Sim;2;0;1;0;1;0;1;1;-22,6689024;-43,2832512;SPRF-RJ;DEL01-RJ;UOP02-DEL01-RJ;;;
704011;11/07/2025;sexta-feira;09:20:00;RJ;101;56,9;CAMPOS DOS GOYTACAZES;Entrada inopinada do pedestre;Atropelamento de Pedestre;Com V�timas Feridas;Pleno dia;Decrescente;Nublado;Simples;Reta;Sim;2;0;1;0;1;0;1;2;-21,68392802;-41,31081931;SPRF-RJ;DEL08-RJ;UOP01-DEL08-RJ;;;
704012;11/07/2025;sexta-feira;11:50:00;SC;101;206,8;SAO JOSE;Rea��o tardia ou ineficiente do condutor;Queda de ocupante de ve�culo;Com V�timas Feridas;Pleno dia;Decrescente;C�u Claro;M�ltipla;"Declive;Reta";Sim;1;0;1;0;0;0;1;1;-27,598785;-48,621318;SPRF-SC;DEL01-SC;UOP01-DEL01-SC;;;
704017;11/07/2025;sexta-feira;12:00:00;ES;101;269,5;SERRA;Acessar a via sem observar a presen�a dos outros ve�culos;Atropelamento de Pedestre;Com V�timas Feridas;Pleno dia;Crescente;Garoa/Chuvisco;Dupla;Interse��o de Vias;Sim;2;0;1;0;1;0;1;2;-20,22174203;-40,27035266;SPRF-ES;DEL02-ES;UOP01-DEL02-ES;;;
704018;05/06/2025;quinta-feira;07:03:00;DF;70;19;BRASILIA;Rea��o tardia ou ineficiente do condutor;Colis�o traseira;Com V�timas Feridas;Amanhecer;Crescente;C�u Claro;Dupla;"Reta;Aclive";N�o;3;0;1;0;1;1;1;3;-15,78703;-48,228947;SPRF-DF;DEL03-DF;UOP02-DEL03-DF;;;
704019;11/07/2025;sexta-feira;12:30:00;PR;376;614;SAO JOSE DOS PINHAIS;Rea��o tardia ou ineficiente do condutor;Queda de ocupante de ve�culo;Com V�timas Feridas;Pleno dia;Crescente;C�u Claro;Dupla;"Reta;Declive";N�o;1;0;1;0;0;0;1;1;-25,57249402;-49,18087419;SPRF-PR;DEL01-PR;UOP03-DEL01-PR;;;
704020;11/07/2025;sexta-feira;12:25:00;SC;470;146;RIO DO SUL;Retorno proibido;Colis�o frontal;Sem V�timas;Pleno dia;Crescente;Sol;Simples;Reta;Sim;2;0;0;0;2;0;0;2;-27,2376293;-49,6833124;SPRF-SC;DEL04-SC;UOP02-DEL04-SC;;;
704022;11/07/2025;sexta-feira;11:42:00;MG;40;507,7;RIBEIRAO DAS NEVES;Transitar na contram�o;Colis�o frontal;Com V�timas Feridas;Pleno dia;Crescente;Sol;M�ltipla;Reta;Sim;2;0;1;1;0;0;2;2;-19,75861;-44,13778;SPRF-MG;DEL02-MG;UOP01-DEL02-MG;;;
704023;11/07/2025;sexta-feira;13:00:00;SC;101;216;PALHOCA;Acessar a via sem observar a presen�a dos outros ve�culos;Colis�o lateral mesmo sentido;Com V�timas Feridas;Pleno dia;Decrescente;C�u Claro;Dupla;Reta;Sim;2;0;1;0;1;0;1;2;-27,65420328;-48,67749564;SPRF-SC;DEL01-SC;UOP02-DEL01-SC;;;
704025;11/07/2025;sexta-feira;12:30:00;MG;40;787,8;JUIZ DE FORA;Aus�ncia de rea��o do condutor;Sa�da de leito carro��vel;Com V�timas Feridas;Pleno dia;Crescente;C�u Claro;Dupla;Reta;N�o;1;0;1;0;0;0;1;1;-21,755835;-43,442261;SPRF-MG;DEL05-MG;UOP01-DEL05-MG;;;
704026;11/07/2025;sexta-feira;12:45:00;ES;101;352;ANCHIETA;Ingest�o de �lcool pelo condutor;Sa�da de leito carro��vel;Sem V�timas;Pleno dia;Crescente;Nublado;Dupla;Reta;N�o;1;0;0;0;1;0;0;1;-20,674545;-40,664625;SPRF-ES;DEL03-ES;UOP01-DEL03-ES;;;
704027;11/07/2025;sexta-feira;12:35:00;PR;153;24,7;JACAREZINHO;Acessar a via sem observar a presen�a dos outros ve�culos;Colis�o transversal;Sem V�timas;Pleno dia;Crescente;C�u Claro;Simples;Interse��o de Vias;N�o;4;0;0;0;4;0;0;2;-23,18939314;-49,98588324;SPRF-PR;DEL07-PR;UOP04-DEL07-PR;;;
704028;11/07/2025;sexta-feira;13:05:00;RJ;116;186;NOVA IGUACU;Aus�ncia de rea��o do condutor;Colis�o traseira;Com V�timas Feridas;Pleno dia;Decrescente;C�u Claro;Dupla;Reta;N�o;3;0;1;0;2;0;1;2;-22,7398307;-43,46710078;SPRF-RJ;DEL06-RJ;UOP01-DEL06-RJ;;;
704029;11/07/2025;sexta-feira;11:20:00;ES;262;72;MARECHAL FLORIANO;Acumulo de �gua sobre o pavimento;Sa�da de leito carro��vel;Sem V�timas;Pleno dia;Decrescente;Chuva;Simples;Reta;N�o;1;0;0;0;1;0;0;1;-20,41166445;-40,88046074;SPRF-ES;DEL01-ES;UOP02-DEL01-ES;;;
704030;11/07/2025;sexta-feira;09:10:00;RJ;101;68;CAMPOS DOS GOYTACAZES;Ultrapassagem Indevida;Colis�o traseira;Sem V�timas;Pleno dia;Decrescente;C�u Claro;Simples;Reta;N�o;3;0;0;0;3;0;0;2;-21,78500629;-41,37863159;SPRF-RJ;DEL08-RJ;UOP02-DEL08-RJ;;;
704031;09/07/2025;quarta-feira;18:30:00;RJ;493;54;DUQUE DE CAXIAS;Demais falhas mec�nicas ou el�tricas;Queda de ocupante de ve�culo;Com V�timas Feridas;Plena Noite;Crescente;C�u Claro;Dupla;Reta;N�o;1;0;1;0;0;0;1;1;-22,66901096;-43,30990288;SPRF-RJ;DEL01-RJ;UOP03-DEL01-RJ;;;
704032;11/07/2025;sexta-feira;10:00:00;CE;116;521,6;JATI;Demais falhas mec�nicas ou el�tricas;Inc�ndio;Sem V�timas;Pleno dia;Decrescente;C�u Claro;Simples;Reta;N�o;1;0;0;0;1;0;0;1;-7,650257;-39,020605;SPRF-CE;DEL05-CE;UOP03-DEL05-CE;;;
704033;10/07/2025;quinta-feira;06:00:00;AM;174;924;MANAUS;Condutor Dormindo;Sa�da de leito carro��vel;Com V�timas Feridas;Amanhecer;Crescente;C�u Claro;Simples;Reta;N�o;1;0;1;0;0;0;1;1;-2,62381798;-60,03985047;SPRF-AM;DEL01-AM;UOP01-DEL01-AM;;;
704034;11/07/2025;sexta-feira;13:25:00;RJ;116;172;SAO JOAO DE MERITI;Aus�ncia de rea��o do condutor;Colis�o traseira;Com V�timas Feridas;Pleno dia;Decrescente;Sol;M�ltipla;Reta;Sim;5;0;1;0;4;0;1;4;-22,80087032;-43,3523941;SPRF-RJ;DEL06-RJ;UOP01-DEL06-RJ;;;
704038;11/07/2025;sexta-feira;13:00:00;SP;116;280;ITAPECERICA DA SERRA;Aus�ncia de rea��o do condutor;Colis�o lateral mesmo sentido;Com V�timas Feridas;Pleno dia;Crescente;C�u Claro;Dupla;Reta;Sim;2;0;1;0;1;0;1;2;-23,7002596;-46,8689654;SPRF-SP;DEL04-SP;UOP01-DEL04-SP;;;
704041;11/07/2025;sexta-feira;14:00:00;RS;470;245;BARAO;Acesso irregular;Colis�o transversal;Com V�timas Feridas;Pleno dia;Crescente;C�u Claro;Dupla;Reta;Sim;2;0;2;0;0;0;2;2;-29,37482158;-51,50150148;SPRF-RS;DEL06-RS;UOP01-DEL06-RS;;;
704043;11/07/2025;sexta-feira;13:40:00;PR;277;586,5;CASCAVEL;Desrespeitar a prefer�ncia no cruzamento;Colis�o frontal;Com V�timas Feridas;Pleno dia;Crescente;C�u Claro;Simples;Interse��o de Vias;Sim;2;0;1;0;1;0;1;2;-24,96748679;-53,42528556;SPRF-PR;DEL04-PR;UOP01-DEL04-PR;;;
704044;11/07/2025;sexta-feira;12:06:00;SC;101;44,3;JOINVILLE;Velocidade Incompat�vel;Colis�o transversal;Com V�timas Fatais;Pleno dia;Crescente;C�u Claro;M�ltipla;"Reta;Interse��o de Vias";Sim;2;1;0;0;1;0;0;2;-26,34324892;-48,85831475;SPRF-SC;DEL03-SC;UOP01-DEL03-SC;;;
704045;11/07/2025;sexta-feira;14:15:00;CE;20;405;CAUCAIA;Demais falhas mec�nicas ou el�tricas;Sa�da de leito carro��vel;Com V�timas Feridas;Pleno dia;Crescente;Sol;Simples;"Reta;Interse��o de Vias";N�o;1;0;0;1;0;0;1;1;-3,7661382;-38,663163;SPRF-CE;DEL01-CE;UOP01-DEL01-CE;;;