id;data_inversa;dia_semana;horario;uf;br;km;municipio;causa_acidente;tipo_acidente;classificacao_acidente;fase_dia;sentido_via;condicao_metereologica;tipo_pista;tracado_via;uso_solo;pessoas;mortos;feridos_leves;feridos_graves;ilesos;ignorados;feridos;veiculos;latitude;longitude;regional;delegacia;uop;;;
704614;13/07/2025;domingo;10:40:00;RJ;116;256;PIRAI;Aus�ncia de rea��o do condutor;Colis�o lateral mesmo sentido;Com V�timas Feridas;Pleno dia;Crescente;C�u Claro;Dupla;Reta;N�o;3;0;1;0;2;0;1;2;-22,58516751;-44,04830933;SPRF-RJ;DEL07-RJ;UOP01-DEL07-RJ;;;
704616;11/07/2025;sexta-feira;23:30:00;SC;470;58;BLUMENAU;Ingest�o de �lcool pelo condutor;Colis�o traseira;Com V�timas Feridas;Plena Noite;Crescente;C�u Claro;Simples;Reta;N�o;2;0;1;0;1;0;1;2;-26,87726547;-49,12852988;SPRF-SC;DEL04-SC;UOP01-DEL04-SC;;;
704617;13/07/2025;domingo;20:40:00;PB;230;44;SANTA RITA;Rea��o tardia ou ineficiente do condutor;Sa�da de leito carro��vel;Sem V�timas;Plena Noite;Decrescente;C�u Claro;Dupla;Reta;N�o;1;0;0;0;0;1;0;1;-7,157165;-35,015722;SPRF-PB;DEL01-PB;UOP02-DEL01-PB;;;
704618;13/07/2025;domingo;19:30:00;RO;364;667;CANDEIAS DO JAMARI;Falta de elemento de conten��o que evite a sa�da do leito carro��vel;Sa�da de leito carro��vel;Sem V�timas;Plena Noite;Crescente;C�u Claro;Dupla;Reta;N�o;1;0;0;0;0;1;0;1;-8,7743;-63,4843;SPRF-RO;DEL01-RO;UOP01-DEL01-RO;;;
704619;13/07/2025;domingo;22:30:00;RS;116;362;SENTINELA DO SUL;Rea��o tardia ou ineficiente do condutor;Colis�o com objeto;Com V�timas Feridas;Plena Noite;Decrescente;Nevoeiro/Neblina;Simples;Desvio Tempor�rio;N�o;3;0;1;0;2;0;1;1;-30,62861151;-51,54806042;SPRF-RS;DEL02-RS;UOP02-DEL02-RS;;;
704620;13/07/2025;domingo;23:38:00;SC;101;208;SAO JOSE;Aus�ncia de rea��o do condutor;Colis�o com objeto;Com V�timas Feridas;Plena Noite;Decrescente;Nublado;M�ltipla;Reta;N�o;2;0;2;0;0;0;2;1;-27,60834;-48,637303;SPRF-SC;DEL01-SC;UOP01-DEL01-SC;;;
704624;11/06/2025;quarta-feira;23:55:00;BA;324;534;CONCEICAO DO JACUIPE;Ilumina��o deficiente;Colis�o traseira;Com V�timas Feridas;Plena Noite;Decrescente;C�u Claro;Dupla;Reta;N�o;2;0;1;0;1;0;1;2;-12,361752;-38,823432;SPRF-BA;DEL01-BA;UOP03-DEL01-BA;;;
704625;13/07/2025;domingo;22:26:00;PE;101;45;PAULISTA;Aus�ncia de rea��o do condutor;Colis�o traseira;Com V�timas Feridas;Plena Noite;Decrescente;Chuva;M�ltipla;Reta;N�o;4;0;1;0;3;0;1;2;-7,9393267;-34,8822983;SPRF-PE;DEL01-PE;UOP02-DEL01-PE;;;
704626;14/07/2025;segunda-feira;00:00:00;RS;116;243;SAO LEOPOLDO;Velocidade Incompat�vel;Colis�o com objeto;Com V�timas Feridas;Plena Noite;Decrescente;Nublado;Dupla;Curva;Sim;2;0;1;0;1;0;1;1;-29,73046016;-51,14924181;SPRF-RS;DEL01-RS;UOP02-DEL01-RS;;;
704627;13/07/2025;domingo;23:30:00;MS;163;264,9;DOURADOS;Rea��o tardia ou ineficiente do condutor;Colis�o com objeto;Com V�timas Fatais;Plena Noite;Crescente;C�u Claro;Simples;Rotat�ria;Sim;2;1;1;0;0;0;1;1;-22,22303;-54,73173;SPRF-MS;DEL04-MS;UOP01-DEL04-MS;;;
704628;14/07/2025;segunda-feira;00:45:00;SC;101;198;BIGUACU;Aus�ncia de rea��o do condutor;Colis�o com objeto;Com V�timas Feridas;Plena Noite;Decrescente;C�u Claro;M�ltipla;Reta;Sim;2;0;2;0;0;0;2;1;-27,5269134;-48,6343557;SPRF-SC;DEL01-SC;UOP01-DEL01-SC;;;
704630;14/07/2025;segunda-feira;00:30:00;RJ;101;302;SAO GONCALO;Acessar a via sem observar a presen�a dos outros ve�culos;Colis�o transversal;Com V�timas Feridas;Plena Noite;Decrescente;C�u Claro;Dupla;Reta;Sim;2;0;1;0;1;0;1;2;-22,8538818;-43,0238139;SPRF-RJ;DEL02-RJ;UOP02-DEL02-RJ;;;
704632;13/07/2025;domingo;23:30:00;PB;361;112;ITAPORANGA;Ingest�o de �lcool pelo condutor;Colis�o frontal;Com V�timas Feridas;Plena Noite;Decrescente;C�u Claro;Simples;"Reta;Ponte";N�o;3;0;3;0;0;0;3;3;-7,297488;-38,145027;SPRF-PB;DEL03-PB;UOP01-DEL03-PB;;;
704633;14/07/2025;segunda-feira;03:00:00;MG;381;503,4;BETIM;Animais na Pista;Atropelamento de Animal;Com V�timas Feridas;Plena Noite;Decrescente;C�u Claro;Dupla;Curva;Sim;1;0;1;0;0;0;1;1;-20,01986536;-44,22824733;SPRF-MG;DEL01-MG;UOP03-DEL01-MG;;;
704635;14/07/2025;segunda-feira;03:30:00;MA;135;7;SAO LUIS;Rea��o tardia ou ineficiente do condutor;Colis�o com objeto;Com V�timas Feridas;Plena Noite;Crescente;C�u Claro;Dupla;"Reta;Desvio Tempor�rio";Sim;1;0;0;1;0;0;1;1;-2,6402005;-44,2724997;SPRF-MA;DEL01-MA;UOP01-DEL01-MA;;;
704637;14/07/2025;segunda-feira;04:10:00;GO;60;84;ANAPOLIS;Rea��o tardia ou ineficiente do condutor;Sa�da de leito carro��vel;Com V�timas Feridas;Plena Noite;Crescente;C�u Claro;Dupla;"Aclive;Reta";N�o;3;0;0;1;2;0;1;1;-16,31667;-48,860799;SPRF-GO;DEL02-GO;UOP01-DEL02-GO;;;
704638;14/07/2025;segunda-feira;05:00:00;SC;282;1,2;FLORIANOPOLIS;Rea��o tardia ou ineficiente do condutor;Colis�o com objeto;Com V�timas Feridas;Amanhecer;Crescente;Nublado;Dupla;Curva;Sim;2;0;1;1;0;0;2;1;-27,60354114;-48,58301282;SPRF-SC;DEL01-SC;UOP01-DEL01-SC;;;
704639;14/07/2025;segunda-feira;04:45:00;PR;277;338;GUARAPUAVA;Velocidade Incompat�vel;Colis�o com objeto;Sem V�timas;Plena Noite;Crescente;C�u Claro;Dupla;Reta;Sim;1;0;0;0;0;1;0;1;-25,340139;-51,42085223;SPRF-PR;DEL08-PR;UOP01-DEL08-PR;;;
704640;14/07/2025;segunda-feira;04:50:00;PB;230;5;CABEDELO;Aus�ncia de rea��o do condutor;Colis�o com objeto;Sem V�timas;Amanhecer;Crescente;Garoa/Chuvisco;M�ltipla;Reta;Sim;1;0;0;0;0;1;0;1;-7,01257556;-34,83217835;SPRF-PB;DEL01-PB;UOP01-DEL01-PB;;;
704641;13/07/2025;domingo;22:15:00;CE;20;360,3;MARANGUAPE;Animais na Pista;Atropelamento de Animal;Com V�timas Feridas;Plena Noite;Crescente;C�u Claro;Simples;Reta;N�o;1;0;0;1;0;0;1;1;-4,021539;-38,983361;SPRF-CE;DEL02-CE;UOP01-DEL02-CE;;;
704642;22/03/2025;s�bado;06:45:00;PR;376;178;MARINGA;Aus�ncia de rea��o do condutor;Colis�o traseira;Com V�timas Feridas;Pleno dia;Crescente;C�u Claro;M�ltipla;Reta;Sim;2;0;1;0;0;1;1;2;-23,4173729;-51,9188304;SPRF-PR;DEL09-PR;UOP01-DEL09-PR;;;
704643;14/07/2025;segunda-feira;01:30:00;MG;153;71;MONTE ALEGRE DE MINAS;Condutor Dormindo;Sa�da de leito carro��vel;Com V�timas Feridas;Plena Noite;Crescente;C�u Claro;Simples;Reta;N�o;1;0;1;0;0;0;1;1;-18,9286951;-49,03253556;SPRF-MG;DEL15-MG;UOP03-DEL15-MG;;;
704644;14/07/2025;segunda-feira;05:00:00;PE;101;173,8;JOAQUIM NABUCO;Aus�ncia de rea��o do condutor;Tombamento;Com V�timas Fatais;Amanhecer;Decrescente;Chuva;Dupla;Reta;N�o;1;1;0;0;0;0;0;1;-8,5989084;-35,5276467;SPRF-PE;DEL01-PE;UOP03-DEL01-PE;;;
704645;14/07/2025;segunda-feira;04:45:00;SC;101;66;ARAQUARI;Demais falhas mec�nicas ou el�tricas;Inc�ndio;Sem V�timas;Amanhecer;Crescente;C�u Claro;M�ltipla;Reta;N�o;1;0;0;0;1;0;0;1;-26,49469686;-48,73296332;SPRF-SC;DEL03-SC;UOP02-DEL03-SC;;;
704647;14/07/2025;segunda-feira;05:30:00;GO;60;391;RIO VERDE;Objeto est�tico sobre o leito carro��vel;Queda de ocupante de ve�culo;Com V�timas Feridas;Plena Noite;Crescente;C�u Claro;Dupla;"Declive;Curva";N�o;1;0;0;1;0;0;1;1;-17,82615331;-50,98241039;SPRF-GO;DEL04-GO;UOP02-DEL04-GO;;;
704648;10/07/2025;quinta-feira;20:10:00;RJ;101;6;ITABORAI;Acessar a via sem observar a presen�a dos outros ve�culos;Atropelamento de Pedestre;Com V�timas Feridas;Plena Noite;Crescente;C�u Claro;Simples;"Em Obras;Reta";Sim;2;0;2;0;0;0;2;2;-22,76668462;-42,92358398;SPRF-RJ;DEL08-RJ;UOP01-DEL08-RJ;;;
704650;13/07/2025;domingo;22:40:00;RJ;116;191;NOVA IGUACU;Ingest�o de �lcool pelo condutor;Colis�o com objeto;Com V�timas Feridas;Plena Noite;Crescente;C�u Claro;Dupla;Reta;Sim;2;0;0;2;0;0;2;1;-22,743733;-43,506406;SPRF-RJ;DEL06-RJ;UOP01-DEL06-RJ;;;
704653;14/07/2025;segunda-feira;06:00:00;MG;381;486;BETIM;Aus�ncia de rea��o do condutor;Engavetamento;Com V�timas Feridas;Pleno dia;Decrescente;C�u Claro;M�ltipla;Reta;Sim;5;0;1;0;4;0;1;4;-19,95624622;-44,10427094;SPRF-MG;DEL01-MG;UOP03-DEL01-MG;;;
704654;14/07/2025;segunda-feira;07:00:00;MG;381;487,5;BETIM;Trafegar com motocicleta (ou similar) entre as faixas;Colis�o lateral mesmo sentido;Com V�timas Feridas;Pleno dia;Decrescente;Nublado;Dupla;"Aclive;Curva";Sim;3;0;1;0;2;0;1;2;-19,95745;-44,12142;SPRF-MG;DEL01-MG;UOP03-DEL01-MG;;;
704655;13/07/2025;domingo;23:00:00;MG;356;264,4;MURIAE;Condutor Dormindo;Colis�o com objeto;Com V�timas Feridas;Plena Noite;Crescente;C�u Claro;Simples;Reta;Sim;1;0;1;0;0;0;1;1;-21,12479709;-42,37992167;SPRF-MG;DEL07-MG;UOP02-DEL07-MG;;;
704656;13/07/2025;domingo;18:00:00;MT;70;59;BARRA DO GARCAS;Rea��o tardia ou ineficiente do condutor;Colis�o traseira;Sem V�timas;Plena Noite;Decrescente;C�u Claro;Simples;Reta;N�o;2;0;0;0;2;0;0;2;-15,69871837;-52,68283367;SPRF-MT;DEL07-MT;UOP01-DEL07-MT;;;
704657;06/07/2025;domingo;07:00:00;SP;116;224;GUARULHOS;Ingest�o de �lcool pelo condutor;Colis�o com objeto;Com V�timas Feridas;Pleno dia;Crescente;Nublado;M�ltipla;"Reta;Em Obras";Sim;3;0;2;0;1;0;2;3;-23,48599307;-46,54156057;SPRF-SP;DEL01-SP;UOP01-DEL01-SP;;;
704658;14/07/2025;segunda-feira;06:40:00;PB;101;123;CAAPORA;Acumulo de �gua sobre o pavimento;Tombamento;Com V�timas Feridas;Pleno dia;Crescente;Chuva;M�ltipla;"Declive;Curva";N�o;1;0;1;0;0;0;1;1;-7,458167;-34,980915;SPRF-PB;DEL01-PB;UOP01-DEL01-PB;;;
704659;14/07/2025;segunda-feira;00:50:00;MG;356;267,2;MURIAE;Aus�ncia de rea��o do condutor;Colis�o com objeto;Com V�timas Feridas;Plena Noite;Decrescente;C�u Claro;Simples;"Reta;Interse��o de Vias";Sim;1;0;1;0;0;0;1;1;-21,125787;-42,355844;SPRF-MG;DEL07-MG;UOP02-DEL07-MG;;;
704660;14/07/2025;segunda-feira;07:20:00;PE;101;65;RECIFE;Pista Escorregadia;Queda de ocupante de ve�culo;Com V�timas Feridas;Pleno dia;Decrescente;Garoa/Chuvisco;Dupla;Reta;Sim;2;0;1;0;1;0;1;1;-8,0642048;-34,9372416;SPRF-PE;DEL01-PE;UOP01-DEL01-PE;;;
704661;14/07/2025;segunda-feira;05:30:00;PR;163;297;MERCEDES;Demais falhas mec�nicas ou el�tricas;Inc�ndio;Sem V�timas;Amanhecer;Crescente;Ignorado;Simples;Reta;N�o;1;0;0;0;0;1;0;1;-24,47117058;-54,14406745;SPRF-PR;DEL06-PR;UOP02-DEL06-PR;;;
704662;14/07/2025;segunda-feira;06:30:00;PR;116;119;CURITIBA;Manobra de mudan�a de faixa;Colis�o lateral mesmo sentido;Com V�timas Feridas;Pleno dia;Decrescente;Nevoeiro/Neblina;Dupla;Reta;Sim;2;0;1;0;1;0;1;2;-25,581954;-49,313269;SPRF-PR;DEL01-PR;UOP03-DEL01-PR;;;
704663;14/07/2025;segunda-feira;06:40:00;PE;101;56,3;RECIFE;Condutor deixou de manter dist�ncia do ve�culo da frente;Colis�o traseira;Com V�timas Feridas;Pleno dia;Crescente;C�u Claro;Dupla;Reta;Sim;2;0;1;0;1;0;1;2;-7,9585926;-34,9123401;SPRF-PE;DEL01-PE;UOP02-DEL01-PE;;;
704664;14/07/2025;segunda-feira;06:40:00;AL;423;100;DELMIRO GOUVEIA;Aus�ncia de rea��o do condutor;Atropelamento de Animal;Com V�timas Feridas;Pleno dia;Decrescente;C�u Claro;Simples;Reta;N�o;1;0;1;0;0;0;1;1;-9,396112;-38,168811;SPRF-BA;DEL07-BA;UOP01-DEL07-BA;;;
704665;13/07/2025;domingo;00:30:00;AL;423;96;DELMIRO GOUVEIA;Rea��o tardia ou ineficiente do condutor;Colis�o com objeto;Com V�timas Feridas;Plena Noite;Crescente;C�u Claro;Simples;Reta;N�o;1;0;1;0;0;0;1;1;-9,378473;-38,123052;SPRF-BA;DEL07-BA;UOP01-DEL07-BA;;;
704666;14/07/2025;segunda-feira;05:30:00;MG;262;0,4;MARTINS SOARES;Transitar na contram�o;Colis�o frontal;Com V�timas Fatais;Amanhecer;Decrescente;C�u Claro;Simples;Curva;N�o;2;1;0;0;1;0;0;2;-20,273166;-41,779367;SPRF-MG;DEL06-MG;UOP03-DEL06-MG;;;
704667;14/07/2025;segunda-feira;04:35:00;MS;267;448,1;GUIA LOPES DA LAGUNA;Animais na Pista;Atropelamento de Animal;Com V�timas Feridas;Plena Noite;Decrescente;C�u Claro;Simples;Reta;N�o;2;0;2;0;0;0;2;1;-21,469995;-55,880282;SPRF-MS;DEL05-MS;UOP01-DEL05-MS;;;
704669;14/07/2025;segunda-feira;06:16:00;PE;232;10;JABOATAO DOS GUARARAPES;Falta de elemento de conten��o que evite a sa�da do leito carro��vel;Sa�da de leito carro��vel;Sem V�timas;Pleno dia;Decrescente;Ignorado;Dupla;Aclive;Sim;1;0;0;0;0;1;0;1;-8,08043;-34,99248;SPRF-PE;DEL01-PE;UOP01-DEL01-PE;;;
704670;14/07/2025;segunda-feira;06:50:00;MG;381;487;BETIM;Manobra de mudan�a de faixa;Colis�o lateral mesmo sentido;Com V�timas Feridas;Pleno dia;Decrescente;C�u Claro;Dupla;Reta;Sim;3;0;3;0;0;0;3;2;-19,9961871;-44,2090052;SPRF-MG;DEL01-MG;UOP03-DEL01-MG;;;
704671;14/07/2025;segunda-feira;08:05:00;MG;356;264,6;MURIAE;Condutor deixou de manter dist�ncia do ve�culo da frente;Colis�o traseira;Com V�timas Feridas;Pleno dia;Crescente;Sol;Simples;Reta;Sim;2;0;1;0;1;0;1;2;-21,12460609;-42,37903603;SPRF-MG;DEL07-MG;UOP02-DEL07-MG;;;
704673;14/07/2025;segunda-feira;05:30:00;GO;153;84;SANTA TEREZA DE GOIAS;Rea��o tardia ou ineficiente do condutor;Colis�o traseira;Com V�timas Feridas;Pleno dia;Decrescente;Nublado;Simples;Reta;N�o;2;0;1;0;1;0;1;2;-13,55304651;-49,0861902;SPRF-GO;DEL07-GO;UOP01-DEL07-GO;;;
704677;14/07/2025;segunda-feira;07:40:00;ES;101;151;LINHARES;Rea��o tardia ou ineficiente do condutor;Colis�o lateral mesmo sentido;Com V�timas Feridas;Pleno dia;Crescente;C�u Claro;Simples;Declive;Sim;2;0;1;0;1;0;1;2;-19,40805131;-40,06434314;SPRF-ES;DEL04-ES;UOP01-DEL04-ES;;;
704678;14/07/2025;segunda-feira;07:35:00;CE;116;17;EUSEBIO;Velocidade Incompat�vel;Engavetamento;Com V�timas Feridas;Pleno dia;Crescente;C�u Claro;M�ltipla;Reta;Sim;7;0;1;1;5;0;2;4;-3,89231875;-38,5023585;SPRF-CE;DEL01-CE;UOP02-DEL01-CE;;;
704679;14/07/2025;segunda-feira;08:00:00;RN;101;96;NATAL;Aus�ncia de rea��o do condutor;Colis�o traseira;Sem V�timas;Pleno dia;Decrescente;Nublado;M�ltipla;Reta;Sim;2;0;0;0;2;0;0;2;-5,8496274;-35,20896999;SPRF-RN;DEL01-RN;UOP01-DEL01-RN;;;
704682;14/07/2025;segunda-feira;08:02:00;MG;356;264,6;MURIAE;Transitar no Acostamento;Colis�o traseira;Com V�timas Feridas;Pleno dia;Decrescente;Sol;Simples;Reta;Sim;2;0;1;0;1;0;1;2;-21,1245569;-42,37910628;SPRF-MG;DEL07-MG;UOP02-DEL07-MG;;;
704683;14/07/2025;segunda-feira;07:00:00;RN;226;2,3;NATAL;Acessar a via sem observar a presen�a dos outros ve�culos;Colis�o transversal;Sem V�timas;Pleno dia;Decrescente;C�u Claro;Simples;Reta;Sim;2;0;0;0;1;1;0;2;-5,816052;-35,249003;SPRF-RN;DEL01-RN;UOP02-DEL01-RN;;;
704684;14/07/2025;segunda-feira;03:00:00;MS;262;83;TRES LAGOAS;Animais na Pista;Atropelamento de Animal;Sem V�timas;Plena Noite;Decrescente;C�u Claro;Simples;Reta;N�o;1;0;0;0;0;1;0;1;-20,791296;-51,6816896;SPRF-MS;DEL07-MS;UOP02-DEL07-MS;;;
704686;14/07/2025;segunda-feira;07:50:00;SC;101;132,7;BALNEARIO CAMBORIU;Manobra de mudan�a de faixa;Colis�o lateral mesmo sentido;Com V�timas Feridas;Pleno dia;Decrescente;C�u Claro;M�ltipla;Reta;Sim;4;0;1;0;3;0;1;4;-26,99858;-48,64871;SPRF-SC;DEL04-SC;UOP03-DEL04-SC;;;
704687;14/07/2025;segunda-feira;06:45:00;MT;70;524;VARZEA GRANDE;Aus�ncia de rea��o do condutor;Colis�o traseira;Com V�timas Feridas;Amanhecer;Decrescente;C�u Claro;Simples;Reta;N�o;2;0;1;0;1;0;1;2;-15,65481311;-56,20713025;SPRF-MT;DEL01-MT;UOP02-DEL01-MT;;;
704688;14/07/2025;segunda-feira;06:40:00;RJ;116;187;NOVA IGUACU;Aus�ncia de rea��o do condutor;Capotamento;Com V�timas Feridas;Amanhecer;Decrescente;C�u Claro;M�ltipla;Reta;N�o;1;0;1;0;0;0;1;1;-22,7390116;-43,4743966;SPRF-RJ;DEL06-RJ;UOP01-DEL06-RJ;;;
704689;14/07/2025;segunda-feira;07:20:00;PR;376;170,5;MARINGA;Acessar a via sem observar a presen�a dos outros ve�culos;Colis�o lateral mesmo sentido;Com V�timas Feridas;Pleno dia;Crescente;C�u Claro;Simples;Aclive;Sim;2;0;1;0;1;0;1;2;-23,40894081;-51,98925988;SPRF-PR;DEL09-PR;UOP01-DEL09-PR;;;
704690;03/06/2025;ter�a-feira;13:30:00;GO;40;24;LUZIANIA;Pedestre - Ingest�o de �lcool/ subst�ncias psicoativas;Atropelamento de Pedestre;Com V�timas Feridas;Pleno dia;Crescente;C�u Claro;Dupla;Reta;Sim;2;0;1;0;0;1;1;2;-16,24643974;-47,90584356;SPRF-DF;DEL01-DF;UOP01-DEL01-DF;;;
704691;14/07/2025;segunda-feira;07:40:00;MG;50;39;ARAGUARI;Manobra de mudan�a de faixa;Colis�o lateral mesmo sentido;Com V�timas Feridas;Pleno dia;Decrescente;Sol;Dupla;Reta;Sim;2;0;1;0;1;0;1;2;-18,66530934;-48,17136381;SPRF-MG;DEL15-MG;UOP02-DEL15-MG;;;
704693;14/07/2025;segunda-feira;09:15:00;PR;277;661;MATELANDIA;Rea��o tardia ou ineficiente do condutor;Capotamento;Com V�timas Feridas;Pleno dia;Crescente;C�u Claro;Dupla;Reta;N�o;1;0;1;0;0;0;1;1;-25,25186349;-54,00573604;SPRF-PR;DEL05-PR;UOP02-DEL05-PR;;;
704694;14/07/2025;segunda-feira;08:10:00;SP;381;65;MAIRIPORA;Aus�ncia de rea��o do condutor;Colis�o lateral mesmo sentido;Sem V�timas;Pleno dia;Decrescente;Sol;M�ltipla;Reta;Sim;8;0;0;0;8;0;0;2;-23,32190914;-46,58138249;SPRF-SP;DEL03-SP;UOP01-DEL03-SP;;;
704697;14/07/2025;segunda-feira;09:00:00;DF;40;0,1;BRASILIA;Acumulo de �leo sobre o pavimento;Tombamento;Com V�timas Feridas;Pleno dia;Crescente;C�u Claro;Dupla;Interse��o de Vias;Sim;1;0;1;0;0;0;1;1;-15,97728511;-47,99043842;SPRF-DF;DEL01-DF;UOP01-DEL01-DF;;;
704700;14/07/2025;segunda-feira;09:50:00;MG;381;323;NOVA ERA;Aus�ncia de rea��o do condutor;Atropelamento de Pedestre;Com V�timas Feridas;Pleno dia;Decrescente;C�u Claro;Dupla;"Reta;Aclive";N�o;2;0;0;1;1;0;1;2;-19,761752;-43,045313;SPRF-MG;DEL03-MG;UOP02-DEL03-MG;;;
704702;14/07/2025;segunda-feira;09:13:00;SP;116;513;CAJATI;Condutor Dormindo;Sa�da de leito carro��vel;Com V�timas Feridas;Pleno dia;Crescente;C�u Claro;M�ltipla;"Aclive;Curva";N�o;2;0;1;0;1;0;1;1;-24,85148;-48,216622;SPRF-SP;DEL05-SP;UOP02-DEL05-SP;;;
704704;14/07/2025;segunda-feira;01:30:00;SP;116;194;SANTA ISABEL;Condutor Dormindo;Sa�da de leito carro��vel;Com V�timas Feridas;Plena Noite;Decrescente;Ignorado;Dupla;Retorno Regulamentado;N�o;1;0;1;0;0;0;1;1;-23,38375812;-46,26574206;SPRF-SP;DEL01-SP;UOP01-DEL01-SP;;;
704705;14/07/2025;segunda-feira;10:00:00;DF;70;10,8;BRASILIA;Acessar a via sem observar a presen�a dos outros ve�culos;Capotamento;Sem V�timas;Pleno dia;Crescente;C�u Claro;Dupla;Reta;Sim;7;0;0;0;6;1;0;3;-15,790555;-48,15262;SPRF-DF;DEL03-DF;UOP02-DEL03-DF;;;
704706;14/07/2025;segunda-feira;10:15:00;RJ;101;68;CAMPOS DOS GOYTACAZES;Condutor deixou de manter dist�ncia do ve�culo da frente;Colis�o traseira;Com V�timas Feridas;Pleno dia;Decrescente;C�u Claro;Simples;Reta;Sim;2;0;1;0;1;0;1;2;-21,772613;-41,358514;SPRF-RJ;DEL08-RJ;UOP02-DEL08-RJ;;;
704708;14/07/2025;segunda-feira;08:45:00;MG;116;415,1;GOVERNADOR VALADARES;Transitar no Acostamento;Colis�o transversal;Com V�timas Feridas;Pleno dia;Decrescente;Sol;Simples;"Reta;Retorno Regulamentado";N�o;3;0;1;0;2;0;1;2;-18,88765003;-41,94567204;SPRF-MG;DEL06-MG;UOP01-DEL06-MG;;;
704709;14/07/2025;segunda-feira;10:25:00;SC;280;57,8;GUARAMIRIM;Acessar a via sem observar a presen�a dos outros ve�culos;Colis�o transversal;Com V�timas Feridas;Pleno dia;Crescente;C�u Claro;Dupla;Rotat�ria;N�o;2;0;1;0;1;0;1;2;-26,474026;-49,020254;SPRF-SC;DEL03-SC;UOP03-DEL03-SC;;;
704710;14/07/2025;segunda-feira;10:30:00;RN;304;55,9;MOSSORO;Rea��o tardia ou ineficiente do condutor;Tombamento;Com V�timas Feridas;Pleno dia;Decrescente;Sol;Simples;Reta;N�o;1;0;1;0;0;0;1;1;-5,29035522;-37,28775859;SPRF-RN;DEL04-RN;UOP01-DEL04-RN;;;
704711;14/07/2025;segunda-feira;08:00:00;BA;116;12;VITORIA DA CONQUISTA;Acessar a via sem observar a presen�a dos outros ve�culos;Colis�o transversal;Com V�timas Feridas;Pleno dia;Crescente;C�u Claro;Simples;Reta;Sim;2;0;1;0;1;0;1;2;-14,88162635;-40,87088943;SPRF-BA;DEL08-BA;UOP01-DEL08-BA;;;
704712;14/07/2025;segunda-feira;09:30:00;PB;230;293,1;SANTA LUZIA;Acessar a via sem observar a presen�a dos outros ve�culos;Colis�o transversal;Com V�timas Feridas;Pleno dia;Decrescente;C�u Claro;Simples;Reta;Sim;2;0;2;0;0;0;2;2;-6,87157341;-36,92579985;SPRF-PB;DEL03-PB;UOP01-DEL03-PB;;;
704713;14/07/2025;segunda-feira;10:10:00;RJ;101;257;RIO BONITO;Rea��o tardia ou ineficiente do condutor;Sa�da de leito carro��vel;Com V�timas Feridas;Pleno dia;Crescente;C�u Claro;Dupla;Curva;N�o;3;0;2;0;1;0;2;1;-22,69937712;-42,58265857;SPRF-RJ;DEL02-RJ;UOP03-DEL02-RJ;;;
704715;14/07/2025;segunda-feira;08:30:00;PI;343;589;FLORIANO;Acessar a via sem observar a presen�a dos outros ve�culos;Colis�o traseira;Com V�timas Feridas;Pleno dia;Decrescente;C�u Claro;Simples;"Declive;Reta";N�o;2;0;1;0;1;0;1;2;-6,779457;-43,011445;SPRF-PI;DEL03-PI;UOP01-DEL03-PI;;;
704718;14/07/2025;segunda-feira;10:28:00;TO;153;240;COLINAS DO TOCANTINS;Aus�ncia de rea��o do condutor;Colis�o traseira;Com V�timas Feridas;Pleno dia;Crescente;C�u Claro;Simples;Reta;N�o;5;0;1;0;4;0;1;2;-8,02218;-48,46557;SPRF-TO;DEL02-TO;UOP01-DEL02-TO;;;
704719;14/07/2025;segunda-feira;06:30:00;PI;316;326;GEMINIANO;Rea��o tardia ou ineficiente do condutor;Colis�o traseira;Com V�timas Feridas;Pleno dia;Decrescente;C�u Claro;Simples;Reta;N�o;2;0;1;0;1;0;1;2;-7,100477;-41,327318;SPRF-PI;DEL04-PI;UOP01-DEL04-PI;;;
704720;14/07/2025;segunda-feira;11:00:00;RN;101;94,3;NATAL;Mal s�bito do condutor;Queda de ocupante de ve�culo;Com V�timas Feridas;Pleno dia;Crescente;C�u Claro;Dupla;Reta;Sim;2;0;0;1;1;0;1;1;-5,8278808;-35,2106598;SPRF-RN;DEL01-RN;UOP01-DEL01-RN;;;
704721;14/07/2025;segunda-feira;10:50:00;MG;40;758,7;EWBANK DA CAMARA;Rea��o tardia ou ineficiente do condutor;Colis�o traseira;Com V�timas Feridas;Pleno dia;Decrescente;Sol;Simples;"Declive;Reta";N�o;3;0;2;0;1;0;2;2;-21,5546;-43,50704;SPRF-MG;DEL05-MG;UOP01-DEL05-MG;;;
704723;14/07/2025;segunda-feira;10:35:00;PE;101;52;PAULISTA;Acostamento em desn�vel;Tombamento;Com V�timas Feridas;Pleno dia;Decrescente;Sol;Dupla;"Interse��o de Vias;Retorno Regulamentado";N�o;2;0;2;0;0;0;2;1;-7,924429;-34,89672;SPRF-PE;DEL01-PE;UOP02-DEL01-PE;;;
704724;14/07/2025;segunda-feira;10:00:00;GO;153;69;PORANGATU;Acessar a via sem observar a presen�a dos outros ve�culos;Colis�o transversal;Com V�timas Feridas;Pleno dia;Crescente;C�u Claro;Simples;Reta;Sim;2;0;1;0;1;0;1;2;-13,4086656;-49,1290624;SPRF-GO;DEL07-GO;UOP01-DEL07-GO;;;