id;data_inversa;dia_semana;horario;uf;br;km;municipio;causa_acidente;tipo_acidente;classificacao_acidente;fase_dia;sentido_via;condicao_metereologica;tipo_pista;tracado_via;uso_solo;pessoas;mortos;feridos_leves;feridos_graves;ilesos;ignorados;feridos;veiculos;latitude;longitude;regional;delegacia;uop;;;
704726;14/07/2025;segunda-feira;11:20:00;PE;101;66;RECIFE;Rea��o tardia ou ineficiente do condutor;Colis�o traseira;Com V�timas Feridas;Pleno dia;Crescente;Nublado;Dupla;Reta;Sim;3;0;1;0;2;0;1;3;-8,045005;-34,944352;SPRF-PE;DEL01-PE;UOP01-DEL01-PE;;;
704728;14/07/2025;segunda-feira;11:32:00;ES;101;392;CACHOEIRO DE ITAPEMIRIM;Desrespeitar a prefer�ncia no cruzamento;Colis�o transversal;Com V�timas Feridas;Pleno dia;Crescente;C�u Claro;Simples;Interse��o de Vias;N�o;2;0;0;1;1;0;1;2;-20,9246801;-41,0807224;SPRF-ES;DEL03-ES;UOP02-DEL03-ES;;;
704730;14/07/2025;segunda-feira;11:00:00;PR;376;502;PONTA GROSSA;Animais na Pista;Atropelamento de Animal;Com V�timas Feridas;Pleno dia;Crescente;C�u Claro;Dupla;Retorno Regulamentado;Sim;1;0;1;0;0;0;1;1;-25,17053662;-50,10967486;SPRF-PR;DEL03-PR;UOP04-DEL03-PR;;;
704731;14/07/2025;segunda-feira;09:20:00;SC;101;155;PORTO BELO;Pista Escorregadia;Tombamento;Com V�timas Feridas;Pleno dia;Crescente;C�u Claro;Dupla;Curva;Sim;1;0;1;0;0;0;1;1;-27,16438525;-48,61177683;SPRF-SC;DEL04-SC;UOP03-DEL04-SC;;;
704732;14/07/2025;segunda-feira;12:00:00;MG;40;700;BARBACENA;Acessar a via sem observar a presen�a dos outros ve�culos;Colis�o lateral mesmo sentido;Com V�timas Feridas;Pleno dia;Decrescente;C�u Claro;Dupla;"Declive;Reta";Sim;2;0;0;2;0;0;2;1;-21,20588045;-43,7492305;SPRF-MG;DEL05-MG;UOP02-DEL05-MG;;;
704734;14/07/2025;segunda-feira;09:15:00;PA;316;91;SAO FRANCISCO DO PARA;Aus�ncia de rea��o do condutor;Colis�o traseira;Sem V�timas;Pleno dia;Decrescente;C�u Claro;Simples;Reta;N�o;3;0;0;0;3;0;0;2;-1,322239;-47,675919;SPRF-PA;DEL01-PA;UOP02-DEL01-PA;;;
704735;14/07/2025;segunda-feira;12:10:00;SE;235;35,2;AREIA BRANCA;Aus�ncia de rea��o do condutor;Atropelamento de Pedestre;Com V�timas Fatais;Pleno dia;Decrescente;Sol;Simples;Reta;N�o;2;1;0;0;0;1;0;2;-10,76258;-37,319883;SPRF-SE;DEL01-SE;UOP02-DEL01-SE;;;
704736;14/07/2025;segunda-feira;12:40:00;PE;101;67;RECIFE;Aus�ncia de rea��o do condutor;Colis�o traseira;Com V�timas Feridas;Pleno dia;Crescente;C�u Claro;Dupla;Reta;Sim;3;0;2;0;1;0;2;2;-8,0642048;-34,9372416;SPRF-PE;DEL01-PE;UOP01-DEL01-PE;;;
704737;14/07/2025;segunda-feira;12:25:00;SP;116;219;GUARULHOS;Manobra de mudan�a de faixa;Colis�o lateral mesmo sentido;Com V�timas Feridas;Pleno dia;Decrescente;C�u Claro;M�ltipla;Reta;Sim;2;0;1;0;0;1;1;2;-23,4624044;-46,49151055;SPRF-SP;DEL01-SP;UOP01-DEL01-SP;;;
704738;14/07/2025;segunda-feira;12:10:00;BA;324;516;FEIRA DE SANTANA;Acessar a via sem observar a presen�a dos outros ve�culos;Colis�o transversal;Com V�timas Feridas;Pleno dia;Decrescente;Chuva;Simples;Reta;Sim;2;0;0;1;1;0;1;2;-12,233275;-38,947542;SPRF-BA;DEL02-BA;UOP01-DEL02-BA;;;
704741;14/07/2025;segunda-feira;12:45:00;RN;101;121;SAO JOSE DE MIPIBU;Trafegar com motocicleta (ou similar) entre as faixas;Tombamento;Com V�timas Feridas;Pleno dia;Decrescente;Nublado;Dupla;Reta;N�o;7;0;2;0;5;0;2;2;-6,044456;-35,245855;SPRF-RN;DEL01-RN;UOP01-DEL01-RN;;;
704742;14/07/2025;segunda-feira;11:30:00;MG;381;686;LAVRAS;Condutor Dormindo;Colis�o com objeto;Com V�timas Feridas;Pleno dia;Crescente;C�u Claro;Dupla;Curva;N�o;1;0;1;0;0;0;1;1;-21,1739612;-45,1252048;SPRF-MG;DEL04-MG;UOP02-DEL04-MG;;;
704743;14/07/2025;segunda-feira;13:00:00;SC;280;71;JARAGUA DO SUL;Ultrapassagem Indevida;Colis�o lateral mesmo sentido;Com V�timas Feridas;Pleno dia;Crescente;C�u Claro;Simples;"Em Obras;Rotat�ria";N�o;2;0;0;1;1;0;1;2;-26,45881705;-49,16081429;SPRF-SC;DEL03-SC;UOP03-DEL03-SC;;;
704744;14/07/2025;segunda-feira;13:10:00;PR;369;182;ARAPONGAS;Pedestre cruzava a pista fora da faixa;Atropelamento de Pedestre;Com V�timas Feridas;Pleno dia;Crescente;C�u Claro;Dupla;Reta;Sim;2;0;1;0;1;0;1;2;-23,37126752;-51,4100167;SPRF-PR;DEL07-PR;UOP03-DEL07-PR;;;
704745;14/07/2025;segunda-feira;12:55:00;RS;472;578;URUGUAIANA;Pedestre cruzava a pista fora da faixa;Atropelamento de Pedestre;Com V�timas Feridas;Pleno dia;Crescente;C�u Claro;Simples;Reta;Sim;4;0;1;0;1;2;1;2;-29,785887;-57,077492;SPRF-RS;DEL13-RS;UOP01-DEL13-RS;;;
704746;14/07/2025;segunda-feira;12:00:00;RN;226;175,8;CURRAIS NOVOS;Rea��o tardia ou ineficiente do condutor;Colis�o frontal;Sem V�timas;Pleno dia;Decrescente;C�u Claro;Dupla;Rotat�ria;Sim;2;0;0;0;2;0;0;2;-6,26059606;-36,51544869;SPRF-RN;DEL03-RN;UOP02-DEL03-RN;;;
704748;14/07/2025;segunda-feira;11:50:00;SP;116;115,1;TAUBATE;Avarias e/ou desgaste excessivo no pneu;Queda de ocupante de ve�culo;Com V�timas Feridas;Pleno dia;Crescente;C�u Claro;Dupla;"Reta;Declive";Sim;2;0;1;0;1;0;1;1;-23,05403137;-45,60986983;SPRF-SP;DEL02-SP;UOP02-DEL02-SP;;;
704750;14/07/2025;segunda-feira;13:10:00;RS;386;374,6;TAQUARI;Manobra de mudan�a de faixa;Colis�o traseira;Com V�timas Feridas;Pleno dia;Crescente;C�u Claro;Dupla;"Curva;Rotat�ria";N�o;7;0;5;0;2;0;5;2;-29,616905;-51,786785;SPRF-RS;DEL04-RS;UOP01-DEL04-RS;;;
704751;14/07/2025;segunda-feira;14:00:00;SC;282;4;SAO JOSE;Condutor deixou de manter dist�ncia do ve�culo da frente;Colis�o traseira;Com V�timas Feridas;Pleno dia;Decrescente;Sol;Dupla;Reta;Sim;2;0;1;0;1;0;1;2;-27,5907686;-48,60792828;SPRF-SC;DEL01-SC;UOP01-DEL01-SC;;;
704753;14/07/2025;segunda-feira;13:00:00;BA;235;351;JUAZEIRO;Ingest�o de �lcool pelo condutor;Colis�o traseira;Sem V�timas;Pleno dia;Decrescente;C�u Claro;Simples;Interse��o de Vias;Sim;2;0;0;0;2;0;0;2;-9,437877;-40,49781184;SPRF-PE;DEL06-PE;UOP01-DEL06-PE;;;
704754;14/07/2025;segunda-feira;13:20:00;PR;369;176;ROLANDIA;Acessar a via sem observar a presen�a dos outros ve�culos;Colis�o transversal;Com V�timas Feridas;Pleno dia;Crescente;C�u Claro;Simples;"Reta;Interse��o de Vias";Sim;2;0;2;0;0;0;2;2;-23,34622;-51,38691;SPRF-PR;DEL07-PR;UOP01-DEL07-PR;;;
704755;14/07/2025;segunda-feira;10:20:00;MG;116;496,1;INHAPIM;Condutor deixou de manter dist�ncia do ve�culo da frente;Colis�o traseira;Com V�timas Feridas;Pleno dia;Crescente;C�u Claro;Simples;"Aclive;Curva";N�o;8;0;1;0;7;0;1;3;-19,5325068;-42,12653339;SPRF-MG;DEL06-MG;UOP02-DEL06-MG;;;
704756;10/06/2025;ter�a-feira;14:02:00;MA;316;263;SANTA INES;Transitar no Acostamento;Colis�o transversal;Com V�timas Feridas;Pleno dia;Crescente;C�u Claro;Simples;Reta;N�o;2;0;0;1;0;1;1;2;-3,675652;-45,381695;SPRF-MA;DEL02-MA;UOP01-DEL02-MA;;;
704760;14/07/2025;segunda-feira;12:36:00;MT;70;143;BARRA DO GARCAS;Aus�ncia de rea��o do condutor;Sa�da de leito carro��vel;Com V�timas Feridas;Pleno dia;Crescente;C�u Claro;Simples;Reta;N�o;3;0;3;0;0;0;3;1;-15,572092;-52,385562;SPRF-MT;DEL07-MT;UOP01-DEL07-MT;;;
704761;14/07/2025;segunda-feira;08:10:00;RJ;101;320;NITEROI;Aus�ncia de rea��o do condutor;Queda de ocupante de ve�culo;Com V�timas Feridas;Pleno dia;Crescente;C�u Claro;Dupla;Reta;Sim;1;0;1;0;0;0;1;1;-22,98760562;-43,07384491;SPRF-RJ;DEL02-RJ;UOP01-DEL02-RJ;;;
704763;14/07/2025;segunda-feira;14:30:00;RS;116;238;NOVO HAMBURGO;Aus�ncia de rea��o do condutor;Colis�o traseira;Com V�timas Feridas;Pleno dia;Crescente;C�u Claro;M�ltipla;Reta;Sim;3;0;1;0;2;0;1;2;-29,69579382;-51,14464555;SPRF-RS;DEL01-RS;UOP02-DEL01-RS;;;
704764;14/07/2025;segunda-feira;14:05:00;MS;158;295;TRES LAGOAS;Aus�ncia de rea��o do condutor;Colis�o traseira;Com V�timas Feridas;Pleno dia;Crescente;C�u Claro;Dupla;Reta;N�o;2;0;0;1;1;0;1;2;-20,92166417;-51,79410903;SPRF-MS;DEL07-MS;UOP01-DEL07-MS;;;
704766;14/07/2025;segunda-feira;14:20:00;MG;40;471;SETE LAGOAS;Rea��o tardia ou ineficiente do condutor;Engavetamento;Sem V�timas;Pleno dia;Crescente;C�u Claro;Dupla;"Declive;Viaduto;Retorno Regulamentado";N�o;3;0;0;0;3;0;0;3;-19,47986327;-44,28657532;SPRF-MG;DEL02-MG;UOP01-DEL02-MG;;;
704767;14/07/2025;segunda-feira;13:10:00;PE;408;76,4;PAUDALHO;Problema com o freio;Colis�o transversal;Com V�timas Feridas;Pleno dia;Crescente;C�u Claro;Simples;Rotat�ria;N�o;2;0;1;0;1;0;1;2;-7,91785711;-35,1665175;SPRF-PE;DEL01-PE;UOP01-DEL01-PE;;;
704770;14/07/2025;segunda-feira;15:00:00;PI;343;268;CAMPO MAIOR;Acessar a via sem observar a presen�a dos outros ve�culos;Colis�o transversal;Com V�timas Feridas;Pleno dia;Crescente;C�u Claro;Simples;Reta;Sim;2;0;1;0;1;0;1;2;-4,84195559;-42,18696982;SPRF-PI;DEL01-PI;UOP03-DEL01-PI;;;
704771;14/07/2025;segunda-feira;15:20:00;PE;407;0;PETROLINA;Condutor deixou de manter dist�ncia do ve�culo da frente;Colis�o traseira;Com V�timas Feridas;Pleno dia;Crescente;C�u Claro;Dupla;Reta;Sim;2;0;1;0;1;0;1;2;-9,407055;-40,504765;SPRF-PE;DEL06-PE;UOP02-DEL06-PE;;;
704773;14/07/2025;segunda-feira;14:30:00;RJ;101;334;RIO DE JANEIRO;Avarias e/ou desgaste excessivo no pneu;Tombamento;Com V�timas Feridas;Pleno dia;Crescente;C�u Claro;Simples;"Reta;Viaduto";Sim;2;0;2;0;0;0;2;1;-22,89085808;-43,21688388;SPRF-RJ;DEL02-RJ;UOP01-DEL02-RJ;;;
704775;14/07/2025;segunda-feira;15:45:00;SC;470;138,5;RIO DO SUL;Trafegar com motocicleta (ou similar) entre as faixas;Colis�o com objeto;Com V�timas Feridas;Pleno dia;Crescente;C�u Claro;Simples;"Reta;Em Obras";N�o;1;0;1;0;0;0;1;1;-27,221211;-49,6515;SPRF-SC;DEL04-SC;UOP02-DEL04-SC;;;
704777;14/07/2025;segunda-feira;15:45:00;SC;470;35;GASPAR;Ingest�o de �lcool pelo condutor;Colis�o transversal;Com V�timas Feridas;Pleno dia;Crescente;C�u Claro;Dupla;"Em Obras;Reta";N�o;2;0;1;0;1;0;1;2;-26,90963333;-48,9477396;SPRF-SC;DEL04-SC;UOP01-DEL04-SC;;;
704779;14/07/2025;segunda-feira;15:30:00;RS;470;211;BENTO GONCALVES;Curva acentuada;Sa�da de leito carro��vel;Com V�timas Feridas;Pleno dia;Decrescente;C�u Claro;Simples;Curva;Sim;1;0;0;1;0;0;1;1;-29,13591276;-51,54495478;SPRF-RS;DEL06-RS;UOP01-DEL06-RS;;;
704780;14/07/2025;segunda-feira;16:10:00;SE;235;2,8;ARACAJU;Manobra de mudan�a de faixa;Colis�o lateral mesmo sentido;Com V�timas Feridas;Pleno dia;Crescente;Nublado;Dupla;Reta;Sim;3;0;2;0;1;0;2;2;-10,90682274;-37,09748117;SPRF-SE;DEL01-SE;UOP01-DEL01-SE;;;
704781;14/07/2025;segunda-feira;13:28:00;RO;364;344;JI-PARANA;Acessar a via sem observar a presen�a dos outros ve�culos;Colis�o traseira;Com V�timas Feridas;Pleno dia;Decrescente;C�u Claro;Dupla;"Retorno Regulamentado;Reta";Sim;2;0;1;0;1;0;1;2;-10,869183;-61,960353;SPRF-RO;DEL02-RO;UOP01-DEL02-RO;;;
704782;14/07/2025;segunda-feira;16:55:00;SP;153;117,2;UBARANA;Demais falhas mec�nicas ou el�tricas;Eventos at�picos;Com V�timas Feridas;Pleno dia;Crescente;Nublado;Simples;Reta;N�o;1;0;1;0;0;0;1;1;-21,14233442;-49,70160689;SPRF-SP;DEL09-SP;UOP01-DEL09-SP;;;
704785;14/07/2025;segunda-feira;15:30:00;RO;364;714;PORTO VELHO;Velocidade Incompat�vel;Queda de ocupante de ve�culo;Com V�timas Feridas;Pleno dia;Crescente;C�u Claro;Simples;Reta;Sim;1;0;1;0;0;0;1;1;-8,77692905;-63,88926236;SPRF-RO;DEL01-RO;UOP01-DEL01-RO;;;
704788;14/07/2025;segunda-feira;15:18:00;AC;364;138;RIO BRANCO;Aus�ncia de rea��o do condutor;Colis�o transversal;Com V�timas Feridas;Pleno dia;Decrescente;C�u Claro;Dupla;Reta;Sim;2;0;1;0;1;0;1;2;-9,95928169;-67,85730813;SPRF-AC;DEL01-AC;UOP01-DEL01-AC;;;
704790;14/07/2025;segunda-feira;17:15:00;RS;386;34,6;FREDERICO WESTPHALEN;Acessar a via sem observar a presen�a dos outros ve�culos;Colis�o transversal;Com V�timas Feridas;Pleno dia;Crescente;C�u Claro;Simples;"Reta;Interse��o de Vias";N�o;2;0;1;0;1;0;1;2;-27,36466832;-53,39376634;SPRF-RS;DEL08-RS;UOP02-DEL08-RS;;;
704791;14/07/2025;segunda-feira;17:15:00;PI;343;3,7;TERESINA;Aus�ncia de rea��o do condutor;Colis�o traseira;Com V�timas Feridas;Pleno dia;Decrescente;C�u Claro;M�ltipla;Interse��o de Vias;Sim;3;0;1;0;2;0;1;2;-5,08058459;-42,78347301;SPRF-PI;DEL01-PI;UOP01-DEL01-PI;;;
704792;14/06/2025;s�bado;00:40:00;SP;116;157;SAO JOSE DOS CAMPOS;Aus�ncia de rea��o do condutor;Colis�o com objeto;Sem V�timas;Plena Noite;Crescente;C�u Claro;M�ltipla;"Reta;Declive";Sim;1;0;0;0;1;0;0;1;-23,25601861;-45,94472766;SPRF-SP;DEL02-SP;UOP01-DEL02-SP;;;
704795;14/07/2025;segunda-feira;17:30:00;MG;381;499;BETIM;Aus�ncia de rea��o do condutor;Colis�o traseira;Com V�timas Feridas;Anoitecer;Crescente;C�u Claro;Dupla;Curva;Sim;2;0;1;0;1;0;1;2;-19,9966308;-44,2092023;SPRF-MG;DEL01-MG;UOP03-DEL01-MG;;;
704796;14/07/2025;segunda-feira;16:50:00;RJ;101;471;ANGRA DOS REIS;Manobra de mudan�a de faixa;Colis�o lateral mesmo sentido;Com V�timas Feridas;Pleno dia;Crescente;C�u Claro;Simples;Reta;N�o;1;0;1;0;0;0;1;1;-23,03348856;-44,2027925;SPRF-RJ;DEL03-RJ;UOP03-DEL03-RJ;;;
704798;14/07/2025;segunda-feira;16:30:00;BA;116;816;VITORIA DA CONQUISTA;Condutor deixou de manter dist�ncia do ve�culo da frente;Colis�o traseira;Com V�timas Feridas;Pleno dia;Decrescente;C�u Claro;Simples;Reta;N�o;2;0;2;0;0;0;2;2;-14,81791;-40,80768;SPRF-BA;DEL08-BA;UOP01-DEL08-BA;;;
704799;14/07/2025;segunda-feira;18:10:00;MG;262;50;MANHUACU;Acessar a via sem observar a presen�a dos outros ve�culos;Colis�o transversal;Com V�timas Feridas;Anoitecer;Crescente;C�u Claro;Simples;Interse��o de Vias;Sim;2;0;0;1;1;0;1;2;-20,2473207;-42,14379072;SPRF-MG;DEL06-MG;UOP03-DEL06-MG;;;
704800;14/07/2025;segunda-feira;18:10:00;SC;101;437,4;SOMBRIO;Avarias e/ou desgaste excessivo no pneu;Tombamento;Com V�timas Feridas;Plena Noite;Decrescente;C�u Claro;M�ltipla;Reta;N�o;1;0;0;1;0;0;1;1;-29,1237388;-49,6497397;SPRF-SC;DEL02-SC;UOP02-DEL02-SC;;;
704801;14/07/2025;segunda-feira;17:45:00;MG;50;10,9;UBERLANDIA;Retorno proibido;Colis�o transversal;Com V�timas Feridas;Anoitecer;Decrescente;C�u Claro;Dupla;"Retorno Regulamentado;Reta";Sim;3;0;0;1;2;0;1;2;-18,90218;-48,19785;SPRF-MG;DEL15-MG;UOP01-DEL15-MG;;;
704802;14/07/2025;segunda-feira;17:15:00;GO;153;184;URUACU;Demais falhas mec�nicas ou el�tricas;Inc�ndio;Sem V�timas;Anoitecer;Decrescente;C�u Claro;Simples;Reta;N�o;1;0;0;0;1;0;0;1;-14,40359071;-49,15729523;SPRF-GO;DEL07-GO;UOP02-DEL07-GO;;;
704803;14/07/2025;segunda-feira;17:00:00;RR;174;11,7;BOA VISTA;Acessar a via sem observar a presen�a dos outros ve�culos;Colis�o transversal;Com V�timas Feridas;Pleno dia;Crescente;C�u Claro;Simples;Reta;N�o;2;0;1;0;1;0;1;2;2,877214;-60,698127;SPRF-RR;DEL01-RR;UOP01-DEL01-RR;;;
704806;14/07/2025;segunda-feira;16:23:00;RO;364;513;ARIQUEMES;Rea��o tardia ou ineficiente do condutor;Colis�o traseira;Com V�timas Feridas;Pleno dia;Crescente;C�u Claro;Simples;Reta;N�o;3;0;1;2;0;0;3;2;-9,92985659;-63,05502176;SPRF-RO;DEL03-RO;UOP01-DEL03-RO;;;
704807;14/07/2025;segunda-feira;18:30:00;SP;116;51;LORENA;Falta de acostamento;Colis�o lateral mesmo sentido;Com V�timas Feridas;Pleno dia;Crescente;C�u Claro;Simples;Curva;Sim;1;0;1;0;0;0;1;1;-22,74092297;-45,09249812;SPRF-SP;DEL08-SP;UOP02-DEL08-SP;;;
704808;14/07/2025;segunda-feira;18:30:00;ES;101;355;ANCHIETA;Acesso irregular;Colis�o transversal;Com V�timas Feridas;Plena Noite;Crescente;C�u Claro;Dupla;Reta;N�o;2;0;2;0;0;0;2;2;-20,69180914;-40,68284512;SPRF-ES;DEL03-ES;UOP01-DEL03-ES;;;
704809;14/07/2025;segunda-feira;17:17:00;SC;163;67,9;SAO MIGUEL DO OESTE;Desrespeitar a prefer�ncia no cruzamento;Colis�o frontal;Com V�timas Feridas;Pleno dia;Crescente;C�u Claro;Dupla;"Interse��o de Vias;Reta";Sim;2;0;0;1;1;0;1;2;-26,75151479;-53,50072207;SPRF-SC;DEL07-SC;UOP03-DEL07-SC;;;
704810;14/07/2025;segunda-feira;18:45:00;SP;381;37;ATIBAIA;Rea��o tardia ou ineficiente do condutor;Colis�o lateral mesmo sentido;Com V�timas Feridas;Plena Noite;Decrescente;C�u Claro;Dupla;Reta;N�o;2;0;1;0;1;0;1;2;-23,10554092;-46,56882095;SPRF-SP;DEL03-SP;UOP01-DEL03-SP;;;
704812;14/07/2025;segunda-feira;19:05:00;MG;365;654,2;MONTE ALEGRE DE MINAS;Demais falhas mec�nicas ou el�tricas;Tombamento;Com V�timas Feridas;Plena Noite;Decrescente;C�u Claro;Dupla;Reta;N�o;2;0;2;0;0;0;2;1;-18,87331601;-48,59982491;SPRF-MG;DEL15-MG;UOP01-DEL15-MG;;;
704815;14/07/2025;segunda-feira;17:25:00;RS;153;47,8;ERECHIM;Acessar a via sem observar a presen�a dos outros ve�culos;Colis�o lateral mesmo sentido;Com V�timas Feridas;Anoitecer;Decrescente;C�u Claro;Simples;"Interse��o de Vias;Reta;Declive";Sim;3;0;2;0;1;0;2;2;-27,64692015;-52,25175474;SPRF-RS;DEL08-RS;UOP04-DEL08-RS;;;
704816;14/07/2025;segunda-feira;19:15:00;SP;116;225;GUARULHOS;Trafegar com motocicleta (ou similar) entre as faixas;Colis�o lateral mesmo sentido;Com V�timas Feridas;Plena Noite;Crescente;Nublado;M�ltipla;Reta;N�o;2;0;0;1;1;0;1;2;-23,48864001;-46,5457019;SPRF-SP;DEL01-SP;UOP01-DEL01-SP;;;
704818;14/07/2025;segunda-feira;19:20:00;CE;222;4;CAUCAIA;Pedestre cruzava a pista fora da faixa;Atropelamento de Pedestre;Com V�timas Feridas;Plena Noite;Crescente;C�u Claro;M�ltipla;Reta;N�o;2;0;0;1;0;1;1;2;-3,7415;-38,6054;SPRF-CE;DEL01-CE;UOP01-DEL01-CE;;;
704819;14/07/2025;segunda-feira;19:00:00;AP;210;105;PORTO GRANDE;Entrada inopinada do pedestre;Atropelamento de Pedestre;Com V�timas Feridas;Plena Noite;Crescente;C�u Claro;Simples;Reta;Sim;2;0;2;0;0;0;2;2;0,70235514;-51,40503591;SPRF-AP;DEL01-AP;UOP01-DEL01-AP;;;
704820;14/07/2025;segunda-feira;19:30:00;MG;40;628,6;CONSELHEIRO LAFAIETE;Aus�ncia de rea��o do condutor;Tombamento;Com V�timas Feridas;Plena Noite;Decrescente;C�u Claro;Simples;Reta;N�o;1;0;1;0;0;0;1;1;-20,6517928;-43,8090456;SPRF-MG;DEL05-MG;UOP02-DEL05-MG;;;
704821;14/07/2025;segunda-feira;19:44:00;MG;381;324;NOVA ERA;Acessar a via sem observar a presen�a dos outros ve�culos;Colis�o frontal;Com V�timas Fatais;Plena Noite;Crescente;C�u Claro;Simples;"Retorno Regulamentado;Interse��o de Vias;Rotat�ria";N�o;32;1;1;4;26;0;5;2;-19,77592457;-43,04521358;SPRF-MG;DEL03-MG;UOP02-DEL03-MG;;;
704822;04/06/2025;quarta-feira;05:56:00;ES;101;274;SERRA;Aus�ncia de rea��o do condutor;Colis�o frontal;Com V�timas Fatais;Amanhecer;Crescente;C�u Claro;Simples;Reta;N�o;2;1;1;0;0;0;1;2;-20,0488604;-40,3866836;SPRF-ES;DEL02-ES;UOP01-DEL02-ES;;;
704823;30/06/2025;segunda-feira;19:30:00;PB;230;419;POMBAL;Ultrapassagem Indevida;Sa�da de leito carro��vel;Com V�timas Fatais;Plena Noite;Crescente;C�u Claro;Simples;"Curva;Aclive";N�o;6;2;0;4;0;0;4;2;-6,719087;-37,851753;SPRF-PB;DEL03-PB;UOP02-DEL03-PB;;;
704824;14/07/2025;segunda-feira;19:46:00;GO;20;10;FORMOSA;Demais falhas mec�nicas ou el�tricas;Queda de ocupante de ve�culo;Com V�timas Feridas;Plena Noite;Decrescente;C�u Claro;Simples;Reta;N�o;2;0;0;2;0;0;2;1;-15,56065033;-47,26109147;SPRF-DF;DEL02-DF;UOP02-DEL02-DF;;;
704825;14/07/2025;segunda-feira;18:30:00;GO;60;391;RIO VERDE;Demais falhas mec�nicas ou el�tricas;Inc�ndio;Sem V�timas;Anoitecer;Decrescente;C�u Claro;Dupla;"Reta;Aclive";Sim;1;0;0;0;1;0;0;1;-17,82659;-50,98182;SPRF-GO;DEL04-GO;UOP02-DEL04-GO;;;
704826;14/07/2025;segunda-feira;20:15:00;GO;60;95;ANAPOLIS;Entrada inopinada do pedestre;Atropelamento de Pedestre;Com V�timas Feridas;Plena Noite;Crescente;C�u Claro;Simples;Reta;Sim;2;0;0;1;1;0;1;2;-16,36739591;-48,93817931;SPRF-GO;DEL02-GO;UOP01-DEL02-GO;;;
704829;14/07/2025;segunda-feira;17:45:00;RJ;393;244;VASSOURAS;Demais falhas mec�nicas ou el�tricas;Tombamento;Com V�timas Feridas;Anoitecer;Decrescente;C�u Claro;Simples;Curva;N�o;2;0;0;2;0;0;2;1;-22,429065;-43,747485;SPRF-RJ;DEL05-RJ;UOP04-DEL05-RJ;;;
704830;14/07/2025;segunda-feira;12:50:00;MG;40;785,4;JUIZ DE FORA;Objeto est�tico sobre o leito carro��vel;Colis�o traseira;Com V�timas Feridas;Pleno dia;Crescente;C�u Claro;Dupla;Reta;N�o;8;0;2;0;6;0;2;2;-21,737326;-43,443621;SPRF-MG;DEL05-MG;UOP01-DEL05-MG;;;
704831;14/07/2025;segunda-feira;17:00:00;RJ;116;81;TERESOPOLIS;Aus�ncia de rea��o do condutor;Colis�o traseira;Com V�timas Feridas;Anoitecer;Decrescente;C�u Claro;Simples;Reta;Sim;2;0;1;0;1;0;1;2;-22,42451705;-42,95371056;SPRF-RJ;DEL04-RJ;UOP01-DEL04-RJ;;;
704832;14/07/2025;segunda-feira;18:20:00;RJ;116;41;TERESOPOLIS;Aus�ncia de rea��o do condutor;Colis�o transversal;Com V�timas Feridas;Plena Noite;Crescente;Nublado;Simples;Curva;N�o;2;0;1;0;1;0;1;2;-22,20509612;-42,89768156;SPRF-RJ;DEL04-RJ;UOP01-DEL04-RJ;;;
704833;14/07/2025;segunda-feira;20:15:00;MT;364;402;CUIABA;Rea��o tardia ou ineficiente do condutor;Colis�o transversal;Com V�timas Feridas;Plena Noite;Decrescente;C�u Claro;M�ltipla;Reta;Sim;2;0;0;1;1;0;1;2;-15,6452928;-56,01142198;SPRF-MT;DEL01-MT;UOP02-DEL01-MT;;;
704835;14/07/2025;segunda-feira;18:50:00;MG;116;522,8;CARATINGA;Acessar a via sem observar a presen�a dos outros ve�culos;Colis�o transversal;Com V�timas Feridas;Plena Noite;Decrescente;C�u Claro;Simples;"Reta;Interse��o de Vias;Rotat�ria";N�o;4;0;3;0;1;0;3;2;-19,75249691;-42,13283658;SPRF-MG;DEL06-MG;UOP02-DEL06-MG;;;
704836;14/07/2025;segunda-feira;21:20:00;TO;153;141;ARAGUAINA;Velocidade Incompat�vel;Colis�o traseira;Com V�timas Fatais;Plena Noite;Decrescente;C�u Claro;Dupla;Reta;Sim;2;1;0;0;0;1;0;2;-7,175959;-48,219548;SPRF-TO;DEL02-TO;UOP01-DEL02-TO;;;
704838;14/07/2025;segunda-feira;18:50:00;MT;364;203;RONDONOPOLIS;Aus�ncia de rea��o do condutor;Tombamento;Com V�timas Feridas;Plena Noite;Crescente;C�u Claro;Dupla;Reta;Sim;1;0;0;1;0;0;1;1;-16,464473;-54,658348;SPRF-MT;DEL02-MT;UOP01-DEL02-MT;;;
704840;14/07/2025;segunda-feira;17:55:00;MG;116;487,9;INHAPIM;Condutor deixou de manter dist�ncia do ve�culo da frente;Colis�o traseira;Com V�timas Feridas;Anoitecer;Decrescente;C�u Claro;Simples;"Declive;Curva";N�o;2;0;2;0;0;0;2;2;-19,48356071;-42,12994179;SPRF-MG;DEL06-MG;UOP02-DEL06-MG;;;
704841;14/07/2025;segunda-feira;21:00:00;RJ;40;61;NOVA IGUACU;Aus�ncia de rea��o do condutor;Sa�da de leito carro��vel;Com V�timas Feridas;Plena Noite;Decrescente;C�u Claro;Dupla;Curva;N�o;1;0;1;0;0;0;1;1;-22,6774816;-43,40125832;SPRF-RJ;DEL05-RJ;UOP02-DEL05-RJ;;;