id;data_inversa;dia_semana;horario;uf;br;km;municipio;causa_acidente;tipo_acidente;classificacao_acidente;fase_dia;sentido_via;condicao_metereologica;tipo_pista;tracado_via;uso_solo;pessoas;mortos;feridos_leves;feridos_graves;ilesos;ignorados;feridos;veiculos;latitude;longitude;regional;delegacia;uop;;;
704844;14/07/2025;segunda-feira;22:38:00;PE;101;84;JABOATAO DOS GUARARAPES;Avarias e/ou desgaste excessivo no pneu;Tombamento;Com V�timas Feridas;Plena Noite;Crescente;C�u Claro;Dupla;"Reta;Ponte";N�o;2;0;2;0;0;0;2;1;-8,17757711;-34,95195;SPRF-PE;DEL01-PE;UOP01-DEL01-PE;;;
704845;14/07/2025;segunda-feira;22:30:00;SP;153;258,4;MARILIA;Animais na Pista;Atropelamento de Animal;Com V�timas Feridas;Plena Noite;Crescente;C�u Claro;Simples;"Declive;Reta";N�o;1;0;1;0;0;0;1;1;-22,25353267;-49,92166042;SPRF-SP;DEL07-SP;UOP02-DEL07-SP;;;
704846;14/07/2025;segunda-feira;21:20:00;MT;70;503;CUIABA;Rea��o tardia ou ineficiente do condutor;Queda de ocupante de ve�culo;Com V�timas Feridas;Plena Noite;Decrescente;C�u Claro;Simples;Reta;N�o;1;0;1;0;0;0;1;1;-15,69812039;-56,03178531;SPRF-MT;DEL01-MT;UOP02-DEL01-MT;;;
704847;14/07/2025;segunda-feira;21:15:00;GO;153;146;CAMPINORTE;Animais na Pista;Atropelamento de Animal;Com V�timas Feridas;Plena Noite;Decrescente;C�u Claro;Simples;"Curva;Ponte";N�o;4;0;3;0;1;0;3;1;-14,063807;-49,09321;SPRF-GO;DEL07-GO;UOP02-DEL07-GO;;;
704848;14/07/2025;segunda-feira;22:35:00;PI;316;309,7;PICOS;Acessar a via sem observar a presen�a dos outros ve�culos;Colis�o transversal;Com V�timas Feridas;Plena Noite;Crescente;C�u Claro;M�ltipla;"Reta;Interse��o de Vias";Sim;3;0;2;0;0;1;2;2;-7,077135;-41,478662;SPRF-PI;DEL04-PI;UOP01-DEL04-PI;;;
704849;15/07/2025;ter�a-feira;00:50:00;MG;381;501;BETIM;Aus�ncia de rea��o do condutor;Colis�o com objeto;Com V�timas Feridas;Plena Noite;Crescente;Nublado;Simples;Reta;N�o;3;0;2;0;0;1;2;1;-20,009047;-44,217677;SPRF-MG;DEL01-MG;UOP03-DEL01-MG;;;
704851;15/07/2025;ter�a-feira;00:15:00;PI;343;10;PARNAIBA;Rea��o tardia ou ineficiente do condutor;Colis�o com objeto;Com V�timas Feridas;Plena Noite;Crescente;C�u Claro;Simples;Reta;Sim;2;0;2;0;0;0;2;1;-2,902002;-41,741977;SPRF-PI;DEL05-PI;UOP01-DEL05-PI;;;
704853;15/07/2025;ter�a-feira;00:40:00;MT;174;570;COMODORO;Afundamento ou ondula��o no pavimento;Sa�da de leito carro��vel;Com V�timas Feridas;Plena Noite;Crescente;C�u Claro;Simples;Reta;N�o;3;0;3;0;0;0;3;1;-12,97780274;-60,00907665;SPRF-MT;DEL04-MT;UOP02-DEL04-MT;;;
704855;15/07/2025;ter�a-feira;04:15:00;SE;101;116,2;ITAPORANGA DAJUDA;Animais na Pista;Atropelamento de Animal;Com V�timas Feridas;Plena Noite;Crescente;Nublado;Dupla;"Reta;Aclive";N�o;1;0;1;0;0;0;1;1;-11,0114368;-37,3133083;SPRF-SE;DEL02-SE;UOP01-DEL02-SE;;;
704856;14/07/2025;segunda-feira;18:09:00;SE;101;93;NOSSA SENHORA DO SOCORRO;Transitar na contram�o;Colis�o transversal;Com V�timas Feridas;Plena Noite;Crescente;Nublado;Simples;Reta;Sim;2;0;0;1;1;0;1;2;-10,9035674;-37,14757411;SPRF-SE;DEL01-SE;UOP01-DEL01-SE;;;
704857;15/07/2025;ter�a-feira;05:00:00;MG;381;497;BETIM;Aus�ncia de rea��o do condutor;Tombamento;Com V�timas Feridas;Amanhecer;Decrescente;C�u Claro;Dupla;Reta;Sim;1;0;1;0;0;0;1;1;-19,9964768;-44,2091647;SPRF-MG;DEL01-MG;UOP03-DEL01-MG;;;
704859;15/07/2025;ter�a-feira;05:00:00;RS;116;222;DOIS IRMAOS;Acessar a via sem observar a presen�a dos outros ve�culos;Colis�o transversal;Com V�timas Feridas;Plena Noite;Decrescente;Nevoeiro/Neblina;Dupla;"Interse��o de Vias;Retorno Regulamentado";Sim;2;0;1;0;1;0;1;2;-29,58179477;-51,0958508;SPRF-RS;DEL01-RS;UOP02-DEL01-RS;;;
704864;11/07/2025;sexta-feira;21:07:00;PE;408;15,1;TIMBAUBA;Transitar na contram�o;Colis�o frontal;Com V�timas Feridas;Plena Noite;Crescente;Nublado;Simples;"Curva;Declive";N�o;2;0;1;0;0;1;1;2;-7,52735;-35,28982;SPRF-PE;DEL01-PE;UOP01-DEL01-PE;;;
704865;15/07/2025;ter�a-feira;06:20:00;ES;101;263,9;SERRA;Condutor desrespeitou a ilumina��o vermelha do sem�foro;Colis�o transversal;Com V�timas Feridas;Pleno dia;Crescente;C�u Claro;M�ltipla;Interse��o de Vias;Sim;3;0;2;0;1;0;2;2;-20,17328657;-40,26736383;SPRF-ES;DEL02-ES;UOP01-DEL02-ES;;;
704867;15/07/2025;ter�a-feira;07:15:00;RS;116;516,8;PELOTAS;Desrespeitar a prefer�ncia no cruzamento;Colis�o lateral mesmo sentido;Com V�timas Feridas;Amanhecer;Crescente;Nevoeiro/Neblina;Dupla;Interse��o de Vias;Sim;2;0;1;0;1;0;1;2;-31,675149;-52,341826;SPRF-RS;DEL07-RS;UOP01-DEL07-RS;;;
704868;15/07/2025;ter�a-feira;07:05:00;SC;101;197,5;BIGUACU;Rea��o tardia ou ineficiente do condutor;Queda de ocupante de ve�culo;Com V�timas Feridas;Pleno dia;Decrescente;C�u Claro;Dupla;"Reta;Interse��o de Vias";Sim;2;0;0;1;0;1;1;2;-27,522149;-48,637441;SPRF-SC;DEL01-SC;UOP01-DEL01-SC;;;
704869;15/07/2025;ter�a-feira;07:18:00;DF;20;13,7;BRASILIA;Trafegar com motocicleta (ou similar) entre as faixas;Colis�o lateral mesmo sentido;Com V�timas Feridas;Pleno dia;Decrescente;C�u Claro;Dupla;Reta;N�o;3;0;1;0;2;0;1;2;-15,63541;-47,742758;SPRF-DF;DEL02-DF;UOP01-DEL02-DF;;;
704872;15/07/2025;ter�a-feira;08:05:00;DF;20;15;BRASILIA;Condutor deixou de manter dist�ncia do ve�culo da frente;Queda de ocupante de ve�culo;Com V�timas Feridas;Pleno dia;Decrescente;Chuva;Dupla;"Reta;Em Obras;Desvio Tempor�rio";N�o;1;0;1;0;0;0;1;1;-15,62617;-47,72612;SPRF-DF;DEL02-DF;UOP01-DEL02-DF;;;
704873;13/06/2025;sexta-feira;16:45:00;SP;116;442;REGISTRO;Acesso irregular;Colis�o transversal;Com V�timas Fatais;Pleno dia;Decrescente;C�u Claro;Dupla;Reta;Sim;3;1;0;0;2;0;0;2;-24,48057551;-47,8307759;SPRF-SP;DEL05-SP;UOP01-DEL05-SP;;;
704874;15/07/2025;ter�a-feira;07:10:00;RJ;493;55;DUQUE DE CAXIAS;Neblina;Sa�da de leito carro��vel;Com V�timas Feridas;Amanhecer;Crescente;Nevoeiro/Neblina;Simples;Reta;N�o;2;0;1;0;1;0;1;1;-22,65956205;-43,35577047;SPRF-RJ;DEL01-RJ;UOP03-DEL01-RJ;;;
704875;15/07/2025;ter�a-feira;07:20:00;MS;262;350,1;CAMPO GRANDE;Ultrapassagem Indevida;Sa�da de leito carro��vel;Com V�timas Feridas;Amanhecer;Crescente;C�u Claro;Simples;Reta;N�o;1;0;1;0;0;0;1;1;-20,567839;-54,631756;SPRF-MS;DEL01-MS;UOP03-DEL01-MS;;;
704877;15/07/2025;ter�a-feira;08:20:00;ES;101;270;SERRA;Convers�o proibida;Colis�o lateral mesmo sentido;Com V�timas Feridas;Pleno dia;Decrescente;C�u Claro;M�ltipla;"Reta;Interse��o de Vias";Sim;2;0;2;0;0;0;2;2;-20,21368087;-40,26965261;SPRF-ES;DEL02-ES;UOP01-DEL02-ES;;;
704880;15/07/2025;ter�a-feira;06:30:00;PR;376;181,9;MARINGA;Aus�ncia de rea��o do condutor;Colis�o lateral mesmo sentido;Com V�timas Feridas;Amanhecer;Decrescente;Nublado;Dupla;Rotat�ria;Sim;2;0;1;0;1;0;1;2;-23,43154632;-51,88702997;SPRF-PR;DEL09-PR;UOP01-DEL09-PR;;;
704881;15/07/2025;ter�a-feira;08:30:00;PR;376;182,3;SARANDI;Trafegar com motocicleta (ou similar) entre as faixas;Colis�o traseira;Com V�timas Feridas;Pleno dia;Decrescente;C�u Claro;M�ltipla;"Curva;Interse��o de Vias;Rotat�ria";Sim;3;0;2;0;1;0;2;2;-23,43164076;-51,88697934;SPRF-PR;DEL09-PR;UOP01-DEL09-PR;;;
704882;15/07/2025;ter�a-feira;08:25:00;PB;101;83;BAYEUX;Manobra de mudan�a de faixa;Colis�o lateral mesmo sentido;Com V�timas Feridas;Pleno dia;Crescente;C�u Claro;Dupla;Reta;Sim;3;0;2;0;0;1;2;2;-7,13602493;-34,92722154;SPRF-PB;DEL01-PB;UOP01-DEL01-PB;;;
704883;15/07/2025;ter�a-feira;07:15:00;RJ;116;97;GUAPIMIRIM;Aus�ncia de rea��o do condutor;Queda de ocupante de ve�culo;Com V�timas Feridas;Pleno dia;Crescente;C�u Claro;Simples;"Declive;Curva";N�o;1;0;1;0;0;0;1;1;-22,47829943;-42,99615383;SPRF-RJ;DEL04-RJ;UOP01-DEL04-RJ;;;
704884;15/07/2025;ter�a-feira;07:15:00;BA;116;11;VITORIA DA CONQUISTA;Desrespeitar a prefer�ncia no cruzamento;Colis�o transversal;Com V�timas Feridas;Pleno dia;Crescente;C�u Claro;Simples;Interse��o de Vias;Sim;2;0;1;0;1;0;1;2;-14,873432;-40,871456;SPRF-BA;DEL08-BA;UOP01-DEL08-BA;;;
704885;15/07/2025;ter�a-feira;07:30:00;MG;40;518;RIBEIRAO DAS NEVES;Rea��o tardia ou ineficiente do condutor;Tombamento;Com V�timas Feridas;Pleno dia;Crescente;C�u Claro;Dupla;Reta;Sim;1;0;1;0;0;0;1;1;-19,8317804;-44,0819517;SPRF-MG;DEL01-MG;UOP02-DEL01-MG;;;
704886;15/07/2025;ter�a-feira;07:15:00;MT;364;204,7;RONDONOPOLIS;Condutor deixou de manter dist�ncia do ve�culo da frente;Colis�o traseira;Com V�timas Feridas;Pleno dia;Decrescente;C�u Claro;Simples;"Reta;Interse��o de Vias";Sim;2;0;1;0;1;0;1;2;-16,46184037;-54,65992212;SPRF-MT;DEL02-MT;UOP01-DEL02-MT;;;
704887;15/07/2025;ter�a-feira;07:45:00;SC;101;211,3;PALHOCA;Condutor deixou de manter dist�ncia do ve�culo da frente;Colis�o traseira;Sem V�timas;Pleno dia;Decrescente;C�u Claro;M�ltipla;Reta;N�o;3;0;0;0;2;1;0;3;-27,64473424;-48,67037622;SPRF-SC;DEL01-SC;UOP02-DEL01-SC;;;
704888;15/07/2025;ter�a-feira;06:30:00;RS;470;156,5;NOVA PRATA;Acessar a via sem observar a presen�a dos outros ve�culos;Colis�o transversal;Com V�timas Feridas;Amanhecer;Decrescente;C�u Claro;Simples;Interse��o de Vias;Sim;2;0;0;1;1;0;1;2;-28,78611883;-51,6140914;SPRF-RS;DEL06-RS;UOP02-DEL06-RS;;;
704889;15/07/2025;ter�a-feira;08:50:00;SP;153;60;SAO JOSE DO RIO PRETO;Aus�ncia de rea��o do condutor;Colis�o traseira;Com V�timas Feridas;Pleno dia;Crescente;C�u Claro;Dupla;Reta;Sim;2;0;1;0;1;0;1;2;-20,76423;-49,34715;SPRF-SP;DEL09-SP;UOP01-DEL09-SP;;;
704893;15/07/2025;ter�a-feira;08:36:00;GO;20;4;FORMOSA;Aus�ncia de rea��o do condutor;Sa�da de leito carro��vel;Com V�timas Feridas;Pleno dia;Crescente;C�u Claro;Simples;"Reta;Aclive";N�o;1;0;1;0;0;0;1;1;-15,55667109;-47,3078692;SPRF-DF;DEL02-DF;UOP02-DEL02-DF;;;
704895;15/07/2025;ter�a-feira;08:00:00;PB;101;76,7;SANTA RITA;Acessar a via sem observar a presen�a dos outros ve�culos;Colis�o lateral mesmo sentido;Com V�timas Feridas;Pleno dia;Decrescente;Sol;Dupla;Reta;N�o;2;0;0;1;1;0;1;2;-7,09175296;-34,96819317;SPRF-PB;DEL01-PB;UOP03-DEL01-PB;;;
704897;15/07/2025;ter�a-feira;08:00:00;BA;324;326;CONCEICAO DO JACUIPE;Chuva;Colis�o traseira;Sem V�timas;Pleno dia;Crescente;Chuva;Dupla;Reta;Sim;2;0;0;0;2;0;0;2;-12,35676851;-38,82770539;SPRF-BA;DEL04-BA;UOP02-DEL04-BA;;;
704899;15/07/2025;ter�a-feira;08:14:00;PI;343;313,2;ALTOS;Condutor deixou de manter dist�ncia do ve�culo da frente;Colis�o traseira;Sem V�timas;Pleno dia;Crescente;C�u Claro;Simples;"Reta;Aclive";N�o;2;0;0;0;2;0;0;2;-5,04679;-42,51194;SPRF-PI;DEL01-PI;UOP01-DEL01-PI;;;
704900;15/07/2025;ter�a-feira;07:45:00;AL;316;155,6;PALMEIRA DOS INDIOS;Desrespeitar a prefer�ncia no cruzamento;Colis�o transversal;Com V�timas Feridas;Pleno dia;Crescente;C�u Claro;Simples;Reta;Sim;5;0;1;2;1;1;3;3;-9,423401;-36,627868;SPRF-AL;DEL03-AL;UOP01-DEL03-AL;;;
704901;15/07/2025;ter�a-feira;09:45:00;ES;101;264;SERRA;Rea��o tardia ou ineficiente do condutor;Colis�o traseira;Com V�timas Feridas;Pleno dia;Crescente;Nublado;M�ltipla;Reta;Sim;2;0;1;0;1;0;1;2;-20,1767759;-40,2660588;SPRF-ES;DEL02-ES;UOP01-DEL02-ES;;;
704902;03/07/2025;quinta-feira;22:30:00;AM;174;981;RIO PRETO DA EVA;Condutor Dormindo;Sa�da de leito carro��vel;Com V�timas Feridas;Plena Noite;Crescente;Nublado;Simples;Reta;N�o;4;0;0;4;0;0;4;1;-2,132142;-59,996728;SPRF-AM;DEL01-AM;UOP02-DEL01-AM;;;
704905;15/07/2025;ter�a-feira;09:00:00;SC;101;389;CRICIUMA;Neblina;Tombamento;Com V�timas Feridas;Pleno dia;Crescente;Nevoeiro/Neblina;Simples;"Aclive;Curva";N�o;1;0;1;0;0;0;1;1;-28,80252064;-49,36530439;SPRF-SC;DEL02-SC;UOP02-DEL02-SC;;;
704906;15/07/2025;ter�a-feira;10:13:00;MG;354;752,9;ITAMONTE;Retorno proibido;Colis�o transversal;Com V�timas Feridas;Pleno dia;Decrescente;Sol;Simples;Reta;Sim;2;0;0;1;1;0;1;2;-22,277126;-44,874481;SPRF-MG;DEL17-MG;UOP01-DEL17-MG;;;
704908;15/07/2025;ter�a-feira;09:00:00;PI;316;388;ALEGRETE DO PIAUI;Condutor Dormindo;Sa�da de leito carro��vel;Com V�timas Feridas;Pleno dia;Decrescente;C�u Claro;Simples;Reta;N�o;1;0;0;1;0;0;1;1;-7,230669;-40,871487;SPRF-PI;DEL04-PI;UOP03-DEL04-PI;;;
704910;15/07/2025;ter�a-feira;08:40:00;PE;104;12;TAQUARITINGA DO NORTE;Acessar a via sem observar a presen�a dos outros ve�culos;Colis�o traseira;Com V�timas Feridas;Pleno dia;Crescente;C�u Claro;Simples;"Declive;Reta";N�o;3;0;2;0;1;0;2;2;-7,88852;-36,110472;SPRF-PE;DEL02-PE;UOP01-DEL02-PE;;;
704912;08/07/2025;ter�a-feira;19:00:00;MT;364;1183;CAMPOS DE JULIO;Acessar a via sem observar a presen�a dos outros ve�culos;Colis�o lateral mesmo sentido;Com V�timas Fatais;Plena Noite;Decrescente;Nublado;Simples;Reta;N�o;2;1;0;0;1;0;0;2;-13,700505;-59,24674;SPRF-MT;DEL04-MT;UOP02-DEL04-MT;;;
704913;15/07/2025;ter�a-feira;10:17:00;RN;101;101;PARNAMIRIM;Acessar a via sem observar a presen�a dos outros ve�culos;Engavetamento;Sem V�timas;Pleno dia;Crescente;C�u Claro;Dupla;Reta;Sim;3;0;0;0;3;0;0;3;-5,88631652;-35,23046362;SPRF-RN;DEL01-RN;UOP01-DEL01-RN;;;
704914;15/07/2025;ter�a-feira;07:40:00;SC;101;42,8;JOINVILLE;Manobra de mudan�a de faixa;Colis�o lateral mesmo sentido;Com V�timas Feridas;Pleno dia;Decrescente;C�u Claro;Dupla;Reta;N�o;2;0;1;0;1;0;1;2;-26,32850344;-48,86359183;SPRF-SC;DEL03-SC;UOP01-DEL03-SC;;;
704915;07/03/2025;sexta-feira;18:10:00;PA;230;114;MARABA;Rea��o tardia ou ineficiente do condutor;Colis�o lateral mesmo sentido;Com V�timas Feridas;Pleno dia;Crescente;C�u Claro;Dupla;Curva;Sim;2;0;0;1;0;1;1;2;-5,361153;-49,079116;SPRF-PA;DEL03-PA;UOP01-DEL03-PA;;;
704916;15/07/2025;ter�a-feira;08:00:00;MT;70;87;GENERAL CARNEIRO;Rea��o tardia ou ineficiente do condutor;Sa�da de leito carro��vel;Com V�timas Feridas;Pleno dia;Decrescente;C�u Claro;Simples;"Declive;Reta";N�o;1;0;1;0;0;0;1;1;-15,62111192;-52,8411648;SPRF-MT;DEL07-MT;UOP01-DEL07-MT;;;
704918;15/07/2025;ter�a-feira;11:15:00;DF;70;1;BRASILIA;Condutor deixou de manter dist�ncia do ve�culo da frente;Colis�o traseira;Com V�timas Feridas;Pleno dia;Decrescente;C�u Claro;Dupla;Reta;Sim;4;0;1;0;3;0;1;2;-15,79426107;-48,06046335;SPRF-DF;DEL03-DF;UOP02-DEL03-DF;;;
704919;15/07/2025;ter�a-feira;10:40:00;PI;343;3;TERESINA;Condutor desrespeitou a ilumina��o vermelha do sem�foro;Colis�o transversal;Com V�timas Feridas;Pleno dia;Crescente;C�u Claro;Dupla;"Reta;Interse��o de Vias";Sim;2;0;1;0;1;0;1;2;-5,080712;-42,78027;SPRF-PI;DEL01-PI;UOP01-DEL01-PI;;;
704920;15/07/2025;ter�a-feira;11:20:00;RS;290;121;ELDORADO DO SUL;Condutor Dormindo;Sa�da de leito carro��vel;Sem V�timas;Pleno dia;Crescente;C�u Claro;Simples;Reta;N�o;1;0;0;0;1;0;0;1;-30,050512;-51,409314;SPRF-RS;DEL02-RS;UOP01-DEL02-RS;;;
704922;15/07/2025;ter�a-feira;10:25:00;SC;101;114,9;ITAJAI;Ultrapassagem Indevida;Colis�o lateral mesmo sentido;Sem V�timas;Pleno dia;Decrescente;Nublado;Simples;Interse��o de Vias;N�o;2;0;0;0;2;0;0;2;-26,86955249;-48,72961935;SPRF-SC;DEL04-SC;UOP04-DEL04-SC;;;
704924;15/07/2025;ter�a-feira;09:10:00;PI;316;117;PASSAGEM FRANCA DO PIAUI;Acostamento em desn�vel;Sa�da de leito carro��vel;Sem V�timas;Pleno dia;Crescente;C�u Claro;Simples;Reta;N�o;1;0;0;0;1;0;0;1;-5,93214;-42,3812;SPRF-PI;DEL04-PI;UOP02-DEL04-PI;;;
704925;15/07/2025;ter�a-feira;08:25:00;MG;381;482;BETIM;Manobra de mudan�a de faixa;Colis�o lateral mesmo sentido;Com V�timas Feridas;Pleno dia;Decrescente;C�u Claro;Dupla;Reta;N�o;3;0;1;0;2;0;1;2;-19,96011866;-44,07062531;SPRF-MG;DEL01-MG;UOP03-DEL01-MG;;;
704926;15/07/2025;ter�a-feira;09:15:00;PI;343;255,4;CAMPO MAIOR;Condutor deixou de manter dist�ncia do ve�culo da frente;Colis�o traseira;Com V�timas Feridas;Pleno dia;Decrescente;C�u Claro;Simples;Ponte;N�o;6;0;1;0;5;0;1;2;-4,83099658;-42,16381073;SPRF-PI;DEL01-PI;UOP03-DEL01-PI;;;
704927;15/07/2025;ter�a-feira;12:10:00;MG;40;455,9;CAETANOPOLIS;Acumulo de �leo sobre o pavimento;Tombamento;Com V�timas Feridas;Pleno dia;Crescente;C�u Claro;Dupla;Reta;N�o;1;0;1;0;0;0;1;1;-19,36197;-44,34143;SPRF-MG;DEL02-MG;UOP01-DEL02-MG;;;
704929;15/07/2025;ter�a-feira;11:30:00;SP;116;4;GUARULHOS;Rea��o tardia ou ineficiente do condutor;Colis�o traseira;Com V�timas Feridas;Pleno dia;Decrescente;Sol;Dupla;"Reta;Aclive";Sim;2;0;1;0;1;0;1;2;-23,42200593;-46,48317372;SPRF-SP;DEL01-SP;UOP01-DEL01-SP;;;
704934;10/07/2025;quinta-feira;07:16:00;PR;369;202;APUCARANA;Pedestre andava na pista;Atropelamento de Pedestre;Com V�timas Feridas;Amanhecer;Crescente;C�u Claro;Dupla;"Reta;Interse��o de Vias";Sim;2;0;1;0;1;0;1;2;-23,54666611;-51,45214431;SPRF-PR;DEL07-PR;UOP03-DEL07-PR;;;
704935;30/06/2025;segunda-feira;23:30:00;SE;235;110,2;CARIRA;Manobra de mudan�a de faixa;Colis�o frontal;Com V�timas Fatais;Plena Noite;Decrescente;Nevoeiro/Neblina;Simples;Curva;N�o;2;2;0;0;0;0;0;2;-10,342855;-37,716105;SPRF-SE;DEL01-SE;UOP02-DEL01-SE;;;
704936;15/07/2025;ter�a-feira;08:00:00;AM;319;523;TAPAUA;Demais falhas na via;Sa�da de leito carro��vel;Com V�timas Fatais;Pleno dia;Decrescente;C�u Claro;Simples;Ponte;N�o;1;1;0;0;0;0;0;1;-6,43049118;-62,86434361;SPRF-AM;DEL01-AM;UOP04-DEL01-AM;;;
704937;15/07/2025;ter�a-feira;08:30:00;MA;135;21;SAO LUIS;Acessar a via sem observar a presen�a dos outros ve�culos;Atropelamento de Pedestre;Com V�timas Feridas;Pleno dia;Crescente;C�u Claro;Dupla;Reta;Sim;2;0;1;0;1;0;1;2;-2,744873;-44,341613;SPRF-MA;DEL01-MA;UOP01-DEL01-MA;;;
704940;15/07/2025;ter�a-feira;12:00:00;GO;40;54;LUZIANIA;Rea��o tardia ou ineficiente do condutor;Queda de ocupante de ve�culo;Com V�timas Feridas;Pleno dia;Crescente;C�u Claro;Dupla;Reta;N�o;2;0;2;0;0;0;2;2;-16,47931;-47,81184;SPRF-DF;DEL01-DF;UOP02-DEL01-DF;;;
704941;15/07/2025;ter�a-feira;12:20:00;MG;40;625,9;CONSELHEIRO LAFAIETE;Acessar a via sem observar a presen�a dos outros ve�culos;Colis�o transversal;Com V�timas Feridas;Pleno dia;Crescente;Sol;Simples;Reta;Sim;2;0;0;1;1;0;1;2;-20,631707;-43,8115629;SPRF-MG;DEL05-MG;UOP02-DEL05-MG;;;
704942;15/07/2025;ter�a-feira;13:10:00;MG;381;894,7;CAMBUI;Velocidade Incompat�vel;Sa�da de leito carro��vel;Com V�timas Feridas;Pleno dia;Crescente;C�u Claro;Dupla;Curva;N�o;1;0;1;0;0;0;1;1;-22,581313;-46,046093;SPRF-MG;DEL16-MG;UOP01-DEL16-MG;;;
704944;15/07/2025;ter�a-feira;12:30:00;RO;319;144;PORTO VELHO;Rea��o tardia ou ineficiente do condutor;Colis�o traseira;Com V�timas Feridas;Pleno dia;Crescente;C�u Claro;Dupla;Reta;Sim;2;0;1;0;1;0;1;2;-8,76661779;-63,88443589;SPRF-RO;DEL01-RO;UOP01-DEL01-RO;;;
704949;15/07/2025;ter�a-feira;13:10:00;RJ;116;173;SAO JOAO DE MERITI;Trafegar com motocicleta (ou similar) entre as faixas;Colis�o lateral mesmo sentido;Com V�timas Feridas;Pleno dia;Decrescente;C�u Claro;Dupla;Reta;N�o;2;0;1;0;1;0;1;2;-22,80198701;-43,35013803;SPRF-RJ;DEL06-RJ;UOP01-DEL06-RJ;;;
704950;15/07/2025;ter�a-feira;13:14:00;BA;101;884,4;TEIXEIRA DE FREITAS;Ultrapassagem Indevida;Colis�o lateral sentido oposto;Com V�timas Feridas;Pleno dia;Decrescente;C�u Claro;Simples;"Aclive;Curva";N�o;7;0;4;0;3;0;4;2;-17,600803;-39,748568;SPRF-BA;DEL09-BA;UOP02-DEL09-BA;;;
704951;15/07/2025;ter�a-feira;14:00:00;MG;381;401;NOVA UNIAO;Aus�ncia de rea��o do condutor;Queda de ocupante de ve�culo;Com V�timas Feridas;Pleno dia;Crescente;C�u Claro;Dupla;Curva;Sim;1;0;1;0;0;0;1;1;-19,7524846;-43,5381937;SPRF-MG;DEL01-MG;UOP01-DEL01-MG;;;
704952;15/07/2025;ter�a-feira;13:15:00;RJ;116;173;SAO JOAO DE MERITI;Condutor deixou de manter dist�ncia do ve�culo da frente;Colis�o traseira;Com V�timas Feridas;Pleno dia;Crescente;C�u Claro;M�ltipla;Reta;Sim;2;0;1;0;1;0;1;2;-22,80031645;-43,35342407;SPRF-RJ;DEL06-RJ;UOP01-DEL06-RJ;;;
704953;15/07/2025;ter�a-feira;13:50:00;MA;135;1;SAO LUIS;Condutor deixou de manter dist�ncia do ve�culo da frente;Engavetamento;Com V�timas Feridas;Pleno dia;Decrescente;Chuva;Dupla;Reta;Sim;13;0;2;0;10;1;2;4;-2,59348558;-44,24493369;SPRF-MA;DEL01-MA;UOP01-DEL01-MA;;;
704956;26/06/2025;quinta-feira;03:30:00;PR;116;67;CAMPINA GRANDE DO SUL;Velocidade Incompat�vel;Sa�da de leito carro��vel;Com V�timas Feridas;Plena Noite;Crescente;C�u Claro;Dupla;Curva;N�o;3;0;3;0;0;0;3;1;-25,31777263;-49,01912976;SPRF-PR;DEL01-PR;UOP02-DEL01-PR;;;
704970;15/07/2025;ter�a-feira;14:30:00;PA;230;118,8;MARABA;Aus�ncia de rea��o do condutor;Colis�o traseira;Sem V�timas;Pleno dia;Decrescente;C�u Claro;Simples;Declive;Sim;6;0;0;0;6;0;0;2;-5,350167;-49,103282;SPRF-PA;DEL03-PA;UOP01-DEL03-PA;;;
704976;15/07/2025;ter�a-feira;15:02:00;PI;343;13;PARNAIBA;Condutor usando celular;Colis�o com objeto;Com V�timas Feridas;Pleno dia;Decrescente;C�u Claro;Dupla;Curva;Sim;1;0;1;0;0;0;1;1;-2,91848705;-41,75409436;SPRF-PI;DEL05-PI;UOP01-DEL05-PI;;;
704977;15/07/2025;ter�a-feira;15:30:00;RJ;101;388;RIO DE JANEIRO;Manobra de mudan�a de faixa;Colis�o transversal;Com V�timas Feridas;Pleno dia;Crescente;Nublado;Dupla;Reta;Sim;4;0;0;2;2;0;2;3;-22,890739;-43,666881;SPRF-RJ;DEL03-RJ;UOP01-DEL03-RJ;;;
704978;15/07/2025;ter�a-feira;10:30:00;MT;364;271;JACIARA;Aus�ncia de rea��o do condutor;Queda de ocupante de ve�culo;Com V�timas Feridas;Pleno dia;Decrescente;C�u Claro;Dupla;Reta;Sim;1;0;1;0;0;0;1;1;-15,96964297;-54,95467544;SPRF-MT;DEL05-MT;UOP02-DEL05-MT;;;
704979;15/07/2025;ter�a-feira;16:25:00;PR;369;496,7;CASCAVEL;Condutor deixou de manter dist�ncia do ve�culo da frente;Colis�o traseira;Com V�timas Feridas;Pleno dia;Decrescente;C�u Claro;Simples;Reta;N�o;5;0;1;0;4;0;1;2;-24,88513711;-53,34655221;SPRF-PR;DEL04-PR;UOP01-DEL04-PR;;;
704982;15/07/2025;ter�a-feira;16:30:00;MA;135;7,6;SAO LUIS;Acessar a via sem observar a presen�a dos outros ve�culos;Colis�o transversal;Com V�timas Feridas;Pleno dia;Crescente;Garoa/Chuvisco;Dupla;"Retorno Regulamentado;Declive;Reta";Sim;2;0;1;0;1;0;1;2;-2,6408087;-44,2719199;SPRF-MA;DEL01-MA;UOP01-DEL01-MA;;;