id;data_inversa;dia_semana;horario;uf;br;km;municipio;causa_acidente;tipo_acidente;classificacao_acidente;fase_dia;sentido_via;condicao_metereologica;tipo_pista;tracado_via;uso_solo;pessoas;mortos;feridos_leves;feridos_graves;ilesos;ignorados;feridos;veiculos;latitude;longitude;regional;delegacia;uop;;;
704983;15/07/2025;ter�a-feira;17:00:00;SC;280;8,9;SAO FRANCISCO DO SUL;Acessar a via sem observar a presen�a dos outros ve�culos;Colis�o transversal;Com V�timas Feridas;Pleno dia;Crescente;C�u Claro;Simples;Reta;N�o;2;0;1;0;1;0;1;2;-26,286688;-48,646233;SPRF-SC;DEL03-SC;UOP03-DEL03-SC;;;
704984;15/07/2025;ter�a-feira;16:20:00;PE;428;191,9;PETROLINA;Retorno proibido;Colis�o transversal;Com V�timas Feridas;Pleno dia;Crescente;C�u Claro;Dupla;Reta;Sim;3;0;1;0;2;0;1;2;-9,386258;-40,523718;SPRF-PE;DEL06-PE;UOP01-DEL06-PE;;;
704988;15/07/2025;ter�a-feira;16:55:00;MS;60;593;JARDIM;Acessar a via sem observar a presen�a dos outros ve�culos;Colis�o transversal;Com V�timas Feridas;Pleno dia;Crescente;C�u Claro;Simples;Reta;Sim;3;0;0;1;2;0;1;3;-21,48658513;-56,15334099;SPRF-MS;DEL05-MS;UOP01-DEL05-MS;;;
704989;15/07/2025;ter�a-feira;17:45:00;ES;101;298,1;VIANA;Aus�ncia de rea��o do condutor;Colis�o traseira;Com V�timas Feridas;Anoitecer;Decrescente;C�u Claro;Dupla;Interse��o de Vias;Sim;3;0;1;0;2;0;1;3;-20,3547929;-40,4150631;SPRF-ES;DEL01-ES;UOP01-DEL01-ES;;;
704990;15/07/2025;ter�a-feira;17:00:00;SC;101;129,2;BALNEARIO CAMBORIU;Rea��o tardia ou ineficiente do condutor;Colis�o traseira;Com V�timas Feridas;Pleno dia;Decrescente;C�u Claro;Dupla;Reta;N�o;3;0;0;1;2;0;1;3;-26,98160112;-48,67582584;SPRF-SC;DEL04-SC;UOP03-DEL04-SC;;;
704992;15/07/2025;ter�a-feira;17:50:00;GO;60;385;RIO VERDE;Rea��o tardia ou ineficiente do condutor;Queda de ocupante de ve�culo;Com V�timas Feridas;Pleno dia;Crescente;C�u Claro;Dupla;"Ponte;Reta;Declive";Sim;1;0;1;0;0;0;1;1;-17,812408;-50,929402;SPRF-GO;DEL04-GO;UOP02-DEL04-GO;;;
704993;15/07/2025;ter�a-feira;17:45:00;RS;290;75;GRAVATAI;Avarias e/ou desgaste excessivo no pneu;Tombamento;Com V�timas Feridas;Anoitecer;Decrescente;C�u Claro;Dupla;Reta;Sim;2;0;1;0;1;0;1;2;-29,9549636;-51,00328446;SPRF-RS;DEL01-RS;UOP01-DEL01-RS;;;
704994;06/07/2025;domingo;15:10:00;MG;116;586;MANHUACU;Condutor Dormindo;Colis�o lateral sentido oposto;Com V�timas Feridas;Pleno dia;Decrescente;C�u Claro;Simples;"Aclive;Reta";N�o;3;0;2;0;1;0;2;2;-20,238633;-42,162108;SPRF-MG;DEL06-MG;UOP03-DEL06-MG;;;
704996;15/07/2025;ter�a-feira;06:00:00;MT;364;434;VARZEA GRANDE;Acessar a via sem observar a presen�a dos outros ve�culos;Colis�o transversal;Com V�timas Feridas;Pleno dia;Crescente;C�u Claro;Simples;Reta;N�o;2;0;1;0;1;0;1;2;-15,65213095;-56,19232178;SPRF-MT;DEL01-MT;UOP02-DEL01-MT;;;
704997;15/07/2025;ter�a-feira;16:35:00;MG;116;412,9;GOVERNADOR VALADARES;Mal s�bito do condutor;Sa�da de leito carro��vel;Com V�timas Feridas;Pleno dia;Decrescente;C�u Claro;Simples;Reta;Sim;1;0;1;0;0;0;1;1;-18,87966089;-41,96059702;SPRF-MG;DEL06-MG;UOP01-DEL06-MG;;;
704998;15/07/2025;ter�a-feira;10:30:00;GO;60;335;SANTO ANTONIO DA BARRA;Demais falhas mec�nicas ou el�tricas;Inc�ndio;Sem V�timas;Pleno dia;Decrescente;C�u Claro;Dupla;Reta;N�o;1;0;0;0;0;1;0;1;-17,541805;-50,58576;SPRF-GO;DEL04-GO;UOP02-DEL04-GO;;;
705000;15/07/2025;ter�a-feira;17:20:00;PR;369;81;SANTA MARIANA;Acessar a via sem observar a presen�a dos outros ve�culos;Colis�o frontal;Com V�timas Feridas;Pleno dia;Decrescente;C�u Claro;Simples;"Reta;Interse��o de Vias";N�o;2;0;1;0;1;0;1;2;-23,14495191;-50,58047382;SPRF-PR;DEL07-PR;UOP05-DEL07-PR;;;
705001;15/07/2025;ter�a-feira;17:35:00;SP;116;108;TAUBATE;Trafegar com motocicleta (ou similar) entre as faixas;Colis�o traseira;Com V�timas Feridas;Anoitecer;Crescente;Nublado;Dupla;Reta;N�o;2;0;1;0;1;0;1;2;-23,02421086;-45,5386734;SPRF-SP;DEL02-SP;UOP02-DEL02-SP;;;
705002;15/07/2025;ter�a-feira;18:00:00;ES;259;64,5;COLATINA;Transitar na contram�o;Colis�o frontal;Com V�timas Feridas;Plena Noite;Crescente;C�u Claro;Simples;Reta;N�o;3;0;3;0;0;0;3;2;-19,52067748;-40,71276695;SPRF-ES;DEL02-ES;UOP01-DEL02-ES;;;
705004;15/07/2025;ter�a-feira;17:30:00;RJ;40;121;DUQUE DE CAXIAS;Trafegar com motocicleta (ou similar) entre as faixas;Colis�o lateral mesmo sentido;Com V�timas Feridas;Anoitecer;Decrescente;C�u Claro;M�ltipla;Reta;Sim;2;0;1;0;1;0;1;2;-22,78457;-43,28555;SPRF-RJ;DEL01-RJ;UOP02-DEL01-RJ;;;
705005;15/07/2025;ter�a-feira;18:29:00;MG;381;430,3;SABARA;Convers�o proibida;Colis�o transversal;Com V�timas Feridas;Plena Noite;Decrescente;Nublado;Simples;"Declive;Curva";N�o;6;0;4;1;1;0;5;2;-19,791556;-43,744872;SPRF-MG;DEL01-MG;UOP01-DEL01-MG;;;
705006;15/07/2025;ter�a-feira;14:00:00;SP;381;22,4;BRAGANCA PAULISTA;Condutor deixou de manter dist�ncia do ve�culo da frente;Colis�o traseira;Com V�timas Feridas;Pleno dia;Decrescente;C�u Claro;Dupla;Reta;N�o;1;0;0;1;0;0;1;1;-23,00675219;-46,52057648;SPRF-SP;DEL03-SP;UOP02-DEL03-SP;;;
705010;15/07/2025;ter�a-feira;15:26:00;MT;364;271;JACIARA;Rea��o tardia ou ineficiente do condutor;Queda de ocupante de ve�culo;Com V�timas Feridas;Pleno dia;Crescente;C�u Claro;Dupla;Reta;N�o;1;0;1;0;0;0;1;1;-15,969842;-54,95505;SPRF-MT;DEL05-MT;UOP02-DEL05-MT;;;
705011;15/07/2025;ter�a-feira;18:25:00;RN;101;148;GOIANINHA;Ultrapassagem Indevida;Colis�o frontal;Com V�timas Feridas;Plena Noite;Crescente;C�u Claro;M�ltipla;Reta;Sim;3;0;0;1;1;1;1;3;-6,26877;-35,209825;SPRF-RN;DEL01-RN;UOP01-DEL01-RN;;;
705014;15/07/2025;ter�a-feira;18:10:00;PR;369;208;APUCARANA;Aus�ncia de rea��o do condutor;Engavetamento;Com V�timas Feridas;Anoitecer;Decrescente;C�u Claro;Simples;Reta;Sim;4;0;1;0;3;0;1;4;-23,564166;-51,4970676;SPRF-PR;DEL07-PR;UOP03-DEL07-PR;;;
705016;15/07/2025;ter�a-feira;18:30:00;BA;415;19;ILHEUS;Acessar a via sem observar a presen�a dos outros ve�culos;Colis�o transversal;Com V�timas Feridas;Plena Noite;Crescente;C�u Claro;Dupla;Reta;N�o;4;0;3;0;0;1;3;2;-14,80410435;-39,13500667;SPRF-BA;DEL05-BA;UOP01-DEL05-BA;;;
705018;15/07/2025;ter�a-feira;18:40:00;SC;282;2;FLORIANOPOLIS;Rea��o tardia ou ineficiente do condutor;Queda de ocupante de ve�culo;Com V�timas Feridas;Plena Noite;Decrescente;C�u Claro;M�ltipla;Reta;Sim;2;0;0;1;0;1;1;2;-27,60325649;-48,59081611;SPRF-SC;DEL01-SC;UOP01-DEL01-SC;;;
705019;15/07/2025;ter�a-feira;17:00:00;MG;381;714,5;CARMO DA CACHOEIRA;Condutor Dormindo;Sa�da de leito carro��vel;Com V�timas Feridas;Pleno dia;Crescente;C�u Claro;Dupla;Reta;N�o;1;0;1;0;0;0;1;1;-21,39240219;-45,19636355;SPRF-MG;DEL04-MG;UOP02-DEL04-MG;;;
705020;15/07/2025;ter�a-feira;17:30:00;SC;163;84;GUARACIABA;Retorno proibido;Colis�o transversal;Com V�timas Feridas;Anoitecer;Crescente;C�u Claro;Simples;Reta;N�o;2;0;0;1;1;0;1;2;-26,58914117;-53,51680756;SPRF-SC;DEL07-SC;UOP03-DEL07-SC;;;
705021;15/07/2025;ter�a-feira;15:20:00;BA;349;953;CORRENTINA;Velocidade Incompat�vel;Capotamento;Com V�timas Feridas;Pleno dia;Decrescente;C�u Claro;Simples;Reta;N�o;3;0;3;0;0;0;3;1;-13,46776066;-44,90730286;SPRF-BA;DEL10-BA;UOP02-DEL10-BA;;;
705022;15/07/2025;ter�a-feira;18:30:00;DF;70;11;BRASILIA;Manobra de mudan�a de faixa;Colis�o traseira;Com V�timas Feridas;Plena Noite;Decrescente;C�u Claro;Dupla;"Retorno Regulamentado;Reta";N�o;2;0;1;0;1;0;1;2;-15,79059;-48,151842;SPRF-DF;DEL03-DF;UOP02-DEL03-DF;;;
705023;15/07/2025;ter�a-feira;18:40:00;PE;101;73;RECIFE;Desrespeitar a prefer�ncia no cruzamento;Colis�o transversal;Com V�timas Feridas;Plena Noite;Crescente;Chuva;Dupla;Retorno Regulamentado;Sim;4;0;0;1;3;0;1;4;-8,099002;-34,949938;SPRF-PE;DEL01-PE;UOP01-DEL01-PE;;;
705024;15/07/2025;ter�a-feira;18:45:00;SP;101;37,4;UBATUBA;Ultrapassagem Indevida;Colis�o frontal;Com V�timas Feridas;Plena Noite;Decrescente;C�u Claro;Simples;Curva;N�o;3;0;0;1;2;0;1;2;-23,405807;-45,016565;SPRF-SP;DEL06-SP;UOP01-DEL06-SP;;;
705025;15/07/2025;ter�a-feira;18:14:00;RN;101;76;NATAL;Defici�ncia do Sistema de Ilumina��o/Sinaliza��o;Sa�da de leito carro��vel;Com V�timas Feridas;Plena Noite;Decrescente;C�u Claro;Dupla;Reta;Sim;2;0;1;1;0;0;2;1;-5,72595897;-35,28419137;SPRF-RN;DEL02-RN;UOP01-DEL02-RN;;;
705026;15/07/2025;ter�a-feira;16:45:00;RO;435;123;CEREJEIRAS;Acessar a via sem observar a presen�a dos outros ve�culos;Colis�o transversal;Com V�timas Feridas;Pleno dia;Decrescente;C�u Claro;Dupla;Reta;Sim;2;0;1;0;1;0;1;2;-13,18892746;-60,81399232;SPRF-RO;DEL04-RO;UOP02-DEL04-RO;;;
705027;15/07/2025;ter�a-feira;19:18:00;PB;230;25;JOAO PESSOA;Pedestre andava na pista;Tombamento;Com V�timas Feridas;Plena Noite;Crescente;C�u Claro;Dupla;Reta;Sim;1;0;0;1;0;0;1;1;-7,17053732;-34,86871028;SPRF-PB;DEL01-PB;UOP01-DEL01-PB;;;
705028;15/07/2025;ter�a-feira;19:10:00;RJ;116;173;SAO JOAO DE MERITI;Aus�ncia de rea��o do condutor;Colis�o traseira;Com V�timas Feridas;Plena Noite;Crescente;C�u Claro;Dupla;Reta;Sim;2;0;1;0;1;0;1;2;-22,7996286;-43,35455982;SPRF-RJ;DEL06-RJ;UOP01-DEL06-RJ;;;
705029;15/07/2025;ter�a-feira;19:00:00;SP;116;51;LORENA;Ultrapassagem Indevida;Colis�o lateral mesmo sentido;Com V�timas Feridas;Plena Noite;Crescente;C�u Claro;Simples;"Curva;Interse��o de Vias;Rotat�ria";Sim;2;0;1;0;1;0;1;2;-22,7412038;-45,0940208;SPRF-SP;DEL08-SP;UOP02-DEL08-SP;;;
705030;15/07/2025;ter�a-feira;17:50:00;RJ;356;38;ITAPERUNA;Acessar a via sem observar a presen�a dos outros ve�culos;Colis�o lateral mesmo sentido;Com V�timas Feridas;Plena Noite;Crescente;C�u Claro;Simples;Reta;N�o;2;0;1;0;1;0;1;2;-21,2584682;-41,7691534;SPRF-RJ;DEL08-RJ;UOP03-DEL08-RJ;;;
705031;15/07/2025;ter�a-feira;19:25:00;MG;50;152,5;UBERABA;Aus�ncia de rea��o do condutor;Colis�o traseira;Com V�timas Feridas;Plena Noite;Decrescente;C�u Claro;Dupla;"Retorno Regulamentado;Reta";N�o;3;0;1;0;2;0;1;2;-19,587106;-48,029778;SPRF-MG;DEL13-MG;UOP01-DEL13-MG;;;
705032;15/07/2025;ter�a-feira;14:30:00;RO;364;26;VILHENA;Acostamento em desn�vel;Sa�da de leito carro��vel;Com V�timas Feridas;Pleno dia;Crescente;C�u Claro;Simples;"Reta;Declive";N�o;2;0;2;0;0;0;2;1;-12,72474892;-60,22711086;SPRF-RO;DEL04-RO;UOP01-DEL04-RO;;;
705033;15/07/2025;ter�a-feira;19:00:00;SE;101;189;CRISTINAPOLIS;Demais falhas mec�nicas ou el�tricas;Inc�ndio;Sem V�timas;Plena Noite;Crescente;C�u Claro;Simples;Reta;N�o;1;0;0;0;1;0;0;1;-11,419106;-37,706265;SPRF-SE;DEL02-SE;UOP03-DEL02-SE;;;
705035;15/07/2025;ter�a-feira;18:52:00;PI;402;33,3;PARNAIBA;Convers�o proibida;Colis�o transversal;Com V�timas Feridas;Plena Noite;Crescente;C�u Claro;Simples;Reta;Sim;2;0;2;0;0;0;2;2;-2,965504;-41,7759232;SPRF-PI;DEL05-PI;UOP01-DEL05-PI;;;
705036;15/07/2025;ter�a-feira;15:30:00;PR;163;207;CASCAVEL;Objeto est�tico sobre o leito carro��vel;Colis�o com objeto;Sem V�timas;Pleno dia;Decrescente;C�u Claro;Dupla;Reta;N�o;1;0;0;0;1;0;0;1;-24,90076425;-53,53466009;SPRF-PR;DEL05-PR;UOP05-DEL05-PR;;;
705038;15/07/2025;ter�a-feira;19:17:00;SP;153;177;LINS;Afundamento ou ondula��o no pavimento;Sa�da de leito carro��vel;Com V�timas Feridas;Plena Noite;Decrescente;Nublado;Simples;Reta;N�o;2;0;2;0;0;0;2;1;-21,65117;-49,78878;SPRF-SP;DEL07-SP;UOP01-DEL07-SP;;;
705041;15/07/2025;ter�a-feira;12:30:00;MG;267;266,6;AIURUOCA;Velocidade Incompat�vel;Sa�da de leito carro��vel;Com V�timas Feridas;Pleno dia;Crescente;C�u Claro;Simples;Curva;N�o;3;0;3;0;0;0;3;1;-21,93004816;-44,6068418;SPRF-MG;DEL17-MG;UOP01-DEL17-MG;;;
705042;15/07/2025;ter�a-feira;20:15:00;PB;230;19;JOAO PESSOA;Aus�ncia de rea��o do condutor;Colis�o com objeto;Com V�timas Fatais;Plena Noite;Crescente;C�u Claro;Dupla;Reta;Sim;4;1;0;0;2;1;0;4;-7,129697;-34,850117;SPRF-PB;DEL01-PB;UOP01-DEL01-PB;;;
705043;15/07/2025;ter�a-feira;19:45:00;RS;116;234;SAO LEOPOLDO;Transitar no Acostamento;Atropelamento de Pedestre;Com V�timas Feridas;Plena Noite;Crescente;Ignorado;Dupla;Reta;Sim;2;0;1;0;0;1;1;2;-29,72664915;-51,14957705;SPRF-RS;DEL01-RS;UOP02-DEL01-RS;;;
705045;15/07/2025;ter�a-feira;19:00:00;SC;101;97,8;BALNEARIO PICARRAS;Velocidade Incompat�vel;Colis�o com objeto;Com V�timas Feridas;Anoitecer;Crescente;C�u Claro;Dupla;Reta;N�o;1;0;1;0;0;0;1;1;-26,74346422;-48,69792938;SPRF-SC;DEL03-SC;UOP02-DEL03-SC;;;
705046;15/07/2025;ter�a-feira;20:00:00;SP;116;149;SAO JOSE DOS CAMPOS;Condutor deixou de manter dist�ncia do ve�culo da frente;Colis�o traseira;Com V�timas Feridas;Plena Noite;Decrescente;C�u Claro;Dupla;Reta;N�o;3;0;1;0;2;0;1;2;-23,20632518;-45,8854723;SPRF-SP;DEL02-SP;UOP01-DEL02-SP;;;
705047;15/07/2025;ter�a-feira;20:00:00;PR;277;650,2;MATELANDIA;Pedestre - Ingest�o de �lcool/ subst�ncias psicoativas;Atropelamento de Pedestre;Com V�timas Feridas;Plena Noite;Decrescente;C�u Claro;Simples;Reta;Sim;2;0;1;0;1;0;1;2;-25,191975;-53,93878;SPRF-PR;DEL05-PR;UOP02-DEL05-PR;;;
705048;15/07/2025;ter�a-feira;20:35:00;PR;116;120;CURITIBA;Rea��o tardia ou ineficiente do condutor;Engavetamento;Sem V�timas;Plena Noite;Crescente;Nublado;Dupla;"Declive;Reta";Sim;4;0;0;0;3;1;0;4;-25,60499308;-49,31852667;SPRF-PR;DEL01-PR;UOP03-DEL01-PR;;;
705050;15/07/2025;ter�a-feira;18:40:00;GO;60;416;RIO VERDE;Rea��o tardia ou ineficiente do condutor;Colis�o traseira;Com V�timas Feridas;Anoitecer;Decrescente;C�u Claro;Dupla;Reta;N�o;7;0;2;0;5;0;2;2;-17,820285;-51,21696;SPRF-GO;DEL04-GO;UOP02-DEL04-GO;;;
705051;15/07/2025;ter�a-feira;19:00:00;BA;242;241;ITABERABA;Manobra de mudan�a de faixa;Colis�o lateral sentido oposto;Com V�timas Feridas;Plena Noite;Crescente;C�u Claro;Simples;Reta;N�o;2;0;0;1;1;0;1;2;-12,49766;-40,40701;SPRF-BA;DEL06-BA;UOP02-DEL06-BA;;;
705053;15/07/2025;ter�a-feira;18:10:00;SP;116;445;REGISTRO;Acessar a via sem observar a presen�a dos outros ve�culos;Atropelamento de Pedestre;Com V�timas Fatais;Plena Noite;Crescente;C�u Claro;Simples;Reta;N�o;2;1;0;0;1;0;0;2;-24,50120768;-47,84563065;SPRF-SP;DEL05-SP;UOP01-DEL05-SP;;;
705056;15/07/2025;ter�a-feira;18:30:00;PI;316;270;DOM EXPEDITO LOPES;Velocidade Incompat�vel;Sa�da de leito carro��vel;Com V�timas Feridas;Plena Noite;Decrescente;C�u Claro;Simples;Reta;N�o;1;0;1;0;0;0;1;1;-6,91687167;-41,743305;SPRF-PI;DEL04-PI;UOP02-DEL04-PI;;;
705058;15/07/2025;ter�a-feira;19:30:00;RJ;101;413,2;ITAGUAI;Rea��o tardia ou ineficiente do condutor;Colis�o traseira;Com V�timas Feridas;Plena Noite;Decrescente;Nublado;Dupla;Curva;N�o;3;0;1;0;2;0;1;2;-22,90353407;-43,87068272;SPRF-RJ;DEL03-RJ;UOP01-DEL03-RJ;;;
705059;15/07/2025;ter�a-feira;20:35:00;RO;364;711;PORTO VELHO;Manobra de mudan�a de faixa;Colis�o lateral mesmo sentido;Com V�timas Feridas;Plena Noite;Decrescente;C�u Claro;Dupla;Reta;Sim;2;0;2;0;0;0;2;2;-8,78386927;-63,86187315;SPRF-RO;DEL01-RO;UOP01-DEL01-RO;;;
705060;15/07/2025;ter�a-feira;21:00:00;SP;101;47,8;UBATUBA;Pista Escorregadia;Tombamento;Com V�timas Feridas;Plena Noite;Decrescente;C�u Claro;Simples;Rotat�ria;Sim;2;0;2;0;0;0;2;1;-23,43404715;-45,08607594;SPRF-SP;DEL06-SP;UOP01-DEL06-SP;;;
705061;15/07/2025;ter�a-feira;18:15:00;GO;452;70,4;MAURILANDIA;Rea��o tardia ou ineficiente do condutor;Colis�o com objeto;Sem V�timas;Plena Noite;Decrescente;C�u Claro;Simples;"Declive;Reta;Ponte";N�o;1;0;0;0;0;1;0;1;-18,033288;-50,299517;SPRF-GO;DEL04-GO;UOP01-DEL04-GO;;;
705063;15/07/2025;ter�a-feira;19:00:00;MT;364;612;DIAMANTINO;Ingest�o de �lcool pelo condutor;Colis�o lateral sentido oposto;Com V�timas Feridas;Plena Noite;Decrescente;C�u Claro;Simples;Reta;N�o;2;0;0;1;1;0;1;2;-14,443296;-56,293455;SPRF-MT;DEL01-MT;UOP01-DEL01-MT;;;
705064;15/07/2025;ter�a-feira;22:00:00;BA;324;531,5;FEIRA DE SANTANA;Acesso irregular;Atropelamento de Pedestre;Com V�timas Fatais;Plena Noite;Decrescente;C�u Claro;Dupla;Reta;N�o;2;1;0;0;0;1;0;2;-12,34506405;-38,83927472;SPRF-BA;DEL01-BA;UOP03-DEL01-BA;;;
705066;15/07/2025;ter�a-feira;22:30:00;BA;116;427;FEIRA DE SANTANA;Entrada inopinada do pedestre;Atropelamento de Pedestre;Com V�timas Feridas;Plena Noite;Decrescente;C�u Claro;Dupla;Reta;Sim;2;0;1;0;0;1;1;2;-12,258675;-38,989675;SPRF-BA;DEL02-BA;UOP01-DEL02-BA;;;
705067;15/07/2025;ter�a-feira;14:00:00;PA;230;514;ANAPU;Manobra de mudan�a de faixa;Colis�o lateral sentido oposto;Com V�timas Fatais;Pleno dia;Decrescente;Sol;Simples;"Reta;Declive";N�o;2;1;0;0;1;0;0;2;-3,41207302;-51,26635802;SPRF-PA;DEL04-PA;UOP01-DEL04-PA;;;
705068;15/07/2025;ter�a-feira;23:00:00;MG;381;489,5;BETIM;Aus�ncia de rea��o do condutor;Sa�da de leito carro��vel;Com V�timas Feridas;Plena Noite;Decrescente;C�u Claro;Dupla;Reta;N�o;1;0;1;0;0;0;1;1;-19,9568936;-44,135896;SPRF-MG;DEL01-MG;UOP03-DEL01-MG;;;
705069;15/07/2025;ter�a-feira;22:50:00;MG;381;489;BETIM;Manobra de mudan�a de faixa;Colis�o lateral mesmo sentido;Com V�timas Feridas;Plena Noite;Decrescente;C�u Claro;Dupla;Reta;Sim;2;0;1;0;1;0;1;2;-19,95642825;-44,13546717;SPRF-MG;DEL01-MG;UOP03-DEL01-MG;;;
705070;15/07/2025;ter�a-feira;18:10:00;PB;230;390;SAO BENTINHO;Transitar na contram�o;Colis�o frontal;Com V�timas Feridas;Plena Noite;Decrescente;C�u Claro;Simples;Reta;Sim;2;0;0;1;1;0;1;2;-6,89012;-37,726852;SPRF-PB;DEL03-PB;UOP02-DEL03-PB;;;
705072;15/07/2025;ter�a-feira;21:00:00;PA;163;988;SANTAREM;Avarias e/ou desgaste excessivo no pneu;Tombamento;Com V�timas Feridas;Plena Noite;Decrescente;C�u Claro;Simples;Reta;Sim;2;0;1;1;0;0;2;1;-2,57607591;-54,72087522;SPRF-PA;DEL05-PA;UOP01-DEL05-PA;;;
705073;15/07/2025;ter�a-feira;19:02:00;PR;277;475,1;NOVA LARANJEIRAS;Pedestre andava na pista;Atropelamento de Pedestre;Com V�timas Fatais;Plena Noite;Crescente;C�u Claro;Simples;Reta;N�o;2;1;0;0;1;0;0;2;-25,29856;-52,5643;SPRF-PR;DEL04-PR;UOP02-DEL04-PR;;;
705075;16/07/2025;quarta-feira;00:33:00;SP;116;89;PINDAMONHANGABA;Acessar a via sem observar a presen�a dos outros ve�culos;Atropelamento de Pedestre;Com V�timas Fatais;Plena Noite;Decrescente;Nublado;Dupla;Reta;Sim;2;1;0;0;0;1;0;2;-22,9392011;-45,3781385;SPRF-SP;DEL08-SP;UOP01-DEL08-SP;;;
705076;16/07/2025;quarta-feira;00:20:00;PR;376;211;MANDAGUARI;Aus�ncia de rea��o do condutor;Colis�o com objeto;Sem V�timas;Plena Noite;Crescente;C�u Claro;Dupla;Curva;N�o;1;0;0;0;0;1;0;1;-23,56732703;-51,65478453;SPRF-PR;DEL09-PR;UOP01-DEL09-PR;;;
705078;15/07/2025;ter�a-feira;22:50:00;MG;381;939,5;EXTREMA;Rea��o tardia ou ineficiente do condutor;Queda de ocupante de ve�culo;Com V�timas Feridas;Plena Noite;Decrescente;C�u Claro;Dupla;Reta;Sim;1;0;1;0;0;0;1;1;-22,8223748;-46,30179316;SPRF-MG;DEL16-MG;UOP03-DEL16-MG;;;
705079;16/07/2025;quarta-feira;00:40:00;RJ;101;265;RIO BONITO;Acessar a via sem observar a presen�a dos outros ve�culos;Colis�o transversal;Com V�timas Feridas;Plena Noite;Crescente;C�u Claro;Dupla;Reta;N�o;2;0;0;1;1;0;1;2;-22,70968943;-42,64961243;SPRF-RJ;DEL02-RJ;UOP03-DEL02-RJ;;;
705080;16/07/2025;quarta-feira;02:40:00;SP;116;214;GUARULHOS;Objeto est�tico sobre o leito carro��vel;Colis�o com objeto;Com V�timas Feridas;Plena Noite;Decrescente;C�u Claro;M�ltipla;Reta;Sim;1;0;1;0;0;0;1;1;-23,44573476;-46,4500122;SPRF-SP;DEL01-SP;UOP01-DEL01-SP;;;
705081;16/07/2025;quarta-feira;03:20:00;RS;448;22;PORTO ALEGRE;Demais falhas mec�nicas ou el�tricas;Capotamento;Com V�timas Feridas;Plena Noite;Crescente;C�u Claro;M�ltipla;"Curva;Declive;Viaduto";Sim;2;0;1;0;1;0;1;1;-29,97361388;-51,19948626;SPRF-RS;DEL01-RS;UOP01-DEL01-RS;;;
705085;16/07/2025;quarta-feira;03:30:00;PA;163;611;ITAITUBA;Ingest�o de �lcool pelo condutor;Sa�da de leito carro��vel;Sem V�timas;Plena Noite;Crescente;C�u Claro;Simples;Reta;N�o;1;0;0;0;1;0;0;1;-4,763581;-56,090028;SPRF-PA;DEL05-PA;UOP03-DEL05-PA;;;
705090;15/07/2025;ter�a-feira;21:00:00;SC;101;389;MARACAJA;Demais falhas mec�nicas ou el�tricas;Inc�ndio;Sem V�timas;Plena Noite;Decrescente;Nevoeiro/Neblina;Simples;"Aclive;Reta";N�o;1;0;0;0;1;0;0;1;-28,84;-49,427;SPRF-SC;DEL02-SC;UOP02-DEL02-SC;;;
705092;16/07/2025;quarta-feira;06:25:00;ES;101;290,7;CARIACICA;Acessar a via sem observar a presen�a dos outros ve�culos;Colis�o transversal;Com V�timas Fatais;Pleno dia;Decrescente;C�u Claro;Dupla;Reta;Sim;2;1;0;0;1;0;0;2;-20,29417999;-40,39407594;SPRF-ES;DEL01-ES;UOP01-DEL01-ES;;;
705093;23/06/2025;segunda-feira;02:05:00;BA;101;193;CONCEICAO DA FEIRA;Rea��o tardia ou ineficiente do condutor;Colis�o frontal;Com V�timas Fatais;Plena Noite;Crescente;C�u Claro;Simples;Reta;N�o;2;1;0;0;0;1;0;2;-12,53402456;-38,97638217;SPRF-BA;DEL01-BA;UOP03-DEL01-BA;;;
705094;16/07/2025;quarta-feira;04:10:00;MT;70;47;BARRA DO GARCAS;Animais na Pista;Atropelamento de Animal;Sem V�timas;Plena Noite;Decrescente;C�u Claro;Simples;Reta;N�o;2;0;0;0;2;0;0;1;-15,76248766;-52,58465409;SPRF-MT;DEL07-MT;UOP01-DEL07-MT;;;
705095;16/07/2025;quarta-feira;06:00:00;SC;101;11,7;JOINVILLE;Demais falhas mec�nicas ou el�tricas;Inc�ndio;Sem V�timas;Pleno dia;Crescente;Nublado;Dupla;Reta;N�o;1;0;0;0;1;0;0;1;-26,1903043;-48,912139;SPRF-SC;DEL03-SC;UOP01-DEL03-SC;;;
705099;15/07/2025;ter�a-feira;22:20:00;RJ;40;120;DUQUE DE CAXIAS;Avarias e/ou desgaste excessivo no pneu;Tombamento;Com V�timas Feridas;Plena Noite;Decrescente;C�u Claro;M�ltipla;Reta;Sim;2;0;1;1;0;0;2;1;-22,77908;-43,28561;SPRF-RJ;DEL01-RJ;UOP02-DEL01-RJ;;;
705100;16/07/2025;quarta-feira;00:30:00;PR;373;230;IMBITUVA;Ingest�o de �lcool pelo condutor;Sa�da de leito carro��vel;Sem V�timas;Plena Noite;Crescente;C�u Claro;Simples;Reta;N�o;1;0;0;0;0;1;0;1;-25,180197;-50,665915;SPRF-PR;DEL03-PR;UOP01-DEL03-PR;;;
705101;16/07/2025;quarta-feira;06:00:00;MS;163;513,1;JARAGUARI;Condutor Dormindo;Sa�da de leito carro��vel;Com V�timas Feridas;Amanhecer;Crescente;C�u Claro;Dupla;Reta;N�o;4;0;1;0;3;0;1;1;-20,2086867;-54,4685898;SPRF-MS;DEL01-MS;UOP02-DEL01-MS;;;
705102;16/07/2025;quarta-feira;05:50:00;SP;381;86;SAO PAULO;Aus�ncia de rea��o do condutor;Colis�o lateral mesmo sentido;Com V�timas Feridas;Plena Noite;Crescente;C�u Claro;M�ltipla;Reta;Sim;2;0;1;0;1;0;1;2;-23,46464877;-46,57133996;SPRF-SP;DEL03-SP;UOP01-DEL03-SP;;;