id;data_inversa;dia_semana;horario;uf;br;km;municipio;causa_acidente;tipo_acidente;classificacao_acidente;fase_dia;sentido_via;condicao_metereologica;tipo_pista;tracado_via;uso_solo;pessoas;mortos;feridos_leves;feridos_graves;ilesos;ignorados;feridos;veiculos;latitude;longitude;regional;delegacia;uop;;;
705105;16/07/2025;quarta-feira;01:10:00;MG;116;407,7;GOVERNADOR VALADARES;Acessar a via sem observar a presen�a dos outros ve�culos;Colis�o transversal;Sem V�timas;Plena Noite;Decrescente;C�u Claro;Simples;Reta;N�o;2;0;0;0;1;1;0;2;-18,831223;-41,9891;SPRF-MG;DEL06-MG;UOP01-DEL06-MG;;;
705106;16/07/2025;quarta-feira;07:35:00;MG;365;639;UBERLANDIA;Demais falhas mec�nicas ou el�tricas;Inc�ndio;Sem V�timas;Pleno dia;Crescente;C�u Claro;Dupla;"Reta;Aclive";N�o;1;0;0;0;1;0;0;1;-18,89979036;-48,37623596;SPRF-MG;DEL15-MG;UOP01-DEL15-MG;;;
705107;16/07/2025;quarta-feira;08:00:00;SC;101;334;TUBARAO;Condutor deixou de manter dist�ncia do ve�culo da frente;Sa�da de leito carro��vel;Com V�timas Feridas;Pleno dia;Crescente;C�u Claro;Dupla;Reta;Sim;1;0;1;0;0;0;1;1;-28,47514651;-49,02735678;SPRF-SC;DEL02-SC;UOP01-DEL02-SC;;;
705109;16/07/2025;quarta-feira;05:30:00;MT;364;1203;CAMPOS DE JULIO;Ultrapassagem Indevida;Colis�o frontal;Com V�timas Feridas;Amanhecer;Crescente;C�u Claro;Simples;Reta;N�o;3;0;2;1;0;0;3;2;-13,7914706;-59,3768023;SPRF-MT;DEL04-MT;UOP02-DEL04-MT;;;
705110;16/07/2025;quarta-feira;08:17:00;PE;232;14;JABOATAO DOS GUARARAPES;Manobra de mudan�a de faixa;Colis�o lateral mesmo sentido;Com V�timas Feridas;Pleno dia;Crescente;Sol;Dupla;"Declive;Curva";Sim;2;0;1;0;0;1;1;2;-8,088398;-35,016687;SPRF-PE;DEL01-PE;UOP01-DEL01-PE;;;
705111;16/07/2025;quarta-feira;05:30:00;CE;116;20;EUSEBIO;Aus�ncia de rea��o do condutor;Atropelamento de Pedestre;Com V�timas Fatais;Amanhecer;Decrescente;C�u Claro;M�ltipla;Reta;Sim;2;1;0;0;0;1;0;2;-3,923858;-38,507641;SPRF-CE;DEL01-CE;UOP02-DEL01-CE;;;
705112;16/07/2025;quarta-feira;06:12:00;PE;428;191;PETROLINA;Aus�ncia de rea��o do condutor;Colis�o traseira;Com V�timas Feridas;Pleno dia;Decrescente;C�u Claro;M�ltipla;Reta;Sim;3;0;3;0;0;0;3;2;-9,385237;-40,5212232;SPRF-PE;DEL06-PE;UOP01-DEL06-PE;;;
705113;15/07/2025;ter�a-feira;20:00:00;RJ;465;17;NOVA IGUACU;Acessar a via sem observar a presen�a dos outros ve�culos;Colis�o frontal;Sem V�timas;Plena Noite;Decrescente;C�u Claro;Simples;Reta;N�o;2;0;0;0;2;0;0;2;-22,82256825;-43,6204648;SPRF-RJ;DEL06-RJ;UOP02-DEL06-RJ;;;
705115;16/07/2025;quarta-feira;07:20:00;RN;110;49;MOSSORO;Acessar a via sem observar a presen�a dos outros ve�culos;Colis�o lateral mesmo sentido;Com V�timas Feridas;Pleno dia;Decrescente;C�u Claro;Dupla;Retorno Regulamentado;Sim;2;0;1;0;0;1;1;2;-5,218;-37,329;SPRF-RN;DEL04-RN;UOP01-DEL04-RN;;;
705116;16/07/2025;quarta-feira;08:45:00;GO;153;436,7;ANAPOLIS;Ingest�o de �lcool pelo condutor;Sa�da de leito carro��vel;Com V�timas Feridas;Pleno dia;Crescente;C�u Claro;Dupla;"Em Obras;Desvio Tempor�rio";Sim;1;0;1;0;0;0;1;1;-16,3005412;-48,9276575;SPRF-GO;DEL02-GO;UOP01-DEL02-GO;;;
705117;16/07/2025;quarta-feira;08:00:00;SP;116;212;GUARULHOS;Trafegar com motocicleta (ou similar) entre as faixas;Colis�o traseira;Com V�timas Feridas;Pleno dia;Crescente;C�u Claro;M�ltipla;Aclive;Sim;2;0;0;1;1;0;1;2;-23,43692562;-46,43281175;SPRF-SP;DEL01-SP;UOP01-DEL01-SP;;;
705119;16/07/2025;quarta-feira;08:40:00;SC;282;2;FLORIANOPOLIS;Condutor deixou de manter dist�ncia do ve�culo da frente;Colis�o traseira;Com V�timas Feridas;Pleno dia;Decrescente;C�u Claro;M�ltipla;Reta;Sim;4;0;3;0;1;0;3;3;-27,6035756;-48,58745322;SPRF-SC;DEL01-SC;UOP01-DEL01-SC;;;
705120;16/07/2025;quarta-feira;09:05:00;RJ;116;169;RIO DE JANEIRO;Manobra de mudan�a de faixa;Colis�o lateral mesmo sentido;Com V�timas Feridas;Amanhecer;Decrescente;C�u Claro;Dupla;Reta;Sim;3;0;2;0;0;1;2;2;-22,81704486;-43,32324093;SPRF-RJ;DEL06-RJ;UOP01-DEL06-RJ;;;
705122;16/07/2025;quarta-feira;07:25:00;RJ;101;408;ITAGUAI;Aus�ncia de rea��o do condutor;Sa�da de leito carro��vel;Com V�timas Feridas;Pleno dia;Decrescente;C�u Claro;Dupla;Reta;N�o;1;0;1;0;0;0;1;1;-22,8589435;-43,7591229;SPRF-RJ;DEL03-RJ;UOP01-DEL03-RJ;;;
705123;16/07/2025;quarta-feira;09:00:00;PE;232;79;GRAVATA;Rea��o tardia ou ineficiente do condutor;Colis�o transversal;Com V�timas Feridas;Pleno dia;Decrescente;C�u Claro;Simples;Reta;Sim;4;0;1;0;3;0;1;2;-8,1959;-35,56686;SPRF-PE;DEL02-PE;UOP02-DEL02PE;;;
705124;16/07/2025;quarta-feira;09:00:00;PR;116;95;SAO JOSE DOS PINHAIS;Aus�ncia de rea��o do condutor;Colis�o traseira;Com V�timas Feridas;Pleno dia;Crescente;Sol;Dupla;"Aclive;Reta";N�o;2;0;1;0;1;0;1;2;-25,531674;-49,144614;SPRF-PR;DEL01-PR;UOP07-DEL01-PR;;;
705126;16/07/2025;quarta-feira;09:00:00;PE;101;59,3;RECIFE;Demais falhas mec�nicas ou el�tricas;Tombamento;Com V�timas Feridas;Pleno dia;Crescente;C�u Claro;Dupla;Reta;Sim;2;0;1;1;0;0;2;1;-7,978852;-34,928527;SPRF-PE;DEL01-PE;UOP02-DEL01-PE;;;
705127;16/07/2025;quarta-feira;07:40:00;CE;116;17,5;EUSEBIO;Frear bruscamente;Engavetamento;Com V�timas Feridas;Pleno dia;Crescente;C�u Claro;Dupla;Reta;Sim;4;0;1;0;3;0;1;4;-3,90141;-38,50432;SPRF-CE;DEL01-CE;UOP02-DEL01-CE;;;
705129;16/07/2025;quarta-feira;09:20:00;ES;101;290;CARIACICA;Convers�o proibida;Colis�o transversal;Com V�timas Feridas;Pleno dia;Crescente;C�u Claro;Dupla;"Curva;Retorno Regulamentado;Aclive";N�o;3;0;2;0;1;0;2;2;-20,2960054;-40,3868236;SPRF-ES;DEL01-ES;UOP01-DEL01-ES;;;
705131;02/06/2025;segunda-feira;23:30:00;PR;376;8,1;MARINGA;Rea��o tardia ou ineficiente do condutor;Colis�o com objeto;Com V�timas Feridas;Plena Noite;Decrescente;Chuva;Dupla;Curva;N�o;4;0;2;0;1;1;2;2;-23,37201;-51,924198;SPRF-PR;DEL09-PR;UOP01-DEL09-PR;;;
705133;16/07/2025;quarta-feira;09:05:00;PI;316;10,8;TERESINA;Acumulo de �leo sobre o pavimento;Tombamento;Com V�timas Feridas;Pleno dia;Decrescente;Sol;M�ltipla;Curva;Sim;1;0;1;0;0;0;1;1;-5,19057;-42,76086;SPRF-PI;DEL01-PI;UOP02-DEL01-PI;;;
705134;16/07/2025;quarta-feira;09:30:00;GO;153;695;ITUMBIARA;Rea��o tardia ou ineficiente do condutor;Sa�da de leito carro��vel;Sem V�timas;Pleno dia;Crescente;C�u Claro;Dupla;Reta;N�o;1;0;0;0;1;0;0;1;-18,34384783;-49,22143791;SPRF-GO;DEL03-GO;UOP02-DEL03-GO;;;
705136;16/07/2025;quarta-feira;08:05:00;SC;101;93;BARRA VELHA;Avarias e/ou desgaste excessivo no pneu;Tombamento;Com V�timas Feridas;Pleno dia;Decrescente;C�u Claro;Dupla;Reta;N�o;1;0;1;0;0;0;1;1;-26,69306476;-48,69766887;SPRF-SC;DEL03-SC;UOP02-DEL03-SC;;;
705138;16/07/2025;quarta-feira;09:50:00;PA;316;65;CASTANHAL;Manobra de mudan�a de faixa;Colis�o lateral mesmo sentido;Com V�timas Feridas;Pleno dia;Decrescente;C�u Claro;Dupla;"Reta;Interse��o de Vias";Sim;2;0;1;0;1;0;1;2;-1,295158;-47,901005;SPRF-PA;DEL01-PA;UOP01-DEL01-PA;;;
705139;16/07/2025;quarta-feira;10:40:00;GO;40;15,7;LUZIANIA;Rea��o tardia ou ineficiente do condutor;Sa�da de leito carro��vel;Com V�timas Feridas;Pleno dia;Crescente;C�u Claro;Dupla;Reta;Sim;1;0;1;0;0;0;1;1;-16,178455;-47,929145;SPRF-DF;DEL01-DF;UOP01-DEL01-DF;;;
705140;16/07/2025;quarta-feira;07:15:00;RJ;101;317;SAO GONCALO;Rea��o tardia ou ineficiente do condutor;Engavetamento;Com V�timas Feridas;Pleno dia;Crescente;C�u Claro;Dupla;Reta;Sim;6;0;2;0;3;1;2;5;-22,83676253;-43,0949649;SPRF-RJ;DEL02-RJ;UOP02-DEL02-RJ;;;
705141;16/07/2025;quarta-feira;09:30:00;RJ;101;504,6;ANGRA DOS REIS;Desrespeitar a prefer�ncia no cruzamento;Colis�o transversal;Com V�timas Feridas;Pleno dia;Decrescente;C�u Claro;Simples;Retorno Regulamentado;Sim;2;0;1;0;1;0;1;2;-22,93275939;-44,3923494;SPRF-RJ;DEL03-RJ;UOP03-DEL03-RJ;;;
705143;16/07/2025;quarta-feira;10:03:00;PE;101;55;PAULISTA;Acessar a via sem observar a presen�a dos outros ve�culos;Colis�o lateral sentido oposto;Com V�timas Feridas;Pleno dia;Crescente;C�u Claro;Dupla;Reta;Sim;2;0;1;0;1;0;1;2;-7,9464548;-34,9045998;SPRF-PE;DEL01-PE;UOP02-DEL01-PE;;;
705144;16/07/2025;quarta-feira;05:30:00;MT;163;952;NOVA SANTA HELENA;Falta de acostamento;Sa�da de leito carro��vel;Com V�timas Feridas;Amanhecer;Crescente;C�u Claro;Simples;Reta;N�o;2;0;1;0;1;0;1;1;-10,874718;-55,196915;SPRF-MT;DEL06-MT;UOP02-DEL06-MT;;;
705145;16/07/2025;quarta-feira;11:05:00;PB;230;11,7;CABEDELO;Demais falhas mec�nicas ou el�tricas;Tombamento;Com V�timas Feridas;Pleno dia;Crescente;C�u Claro;Dupla;"Em Obras;Reta";Sim;2;0;1;1;0;0;2;1;-7,0689551;-34,8498352;SPRF-PB;DEL01-PB;UOP01-DEL01-PB;;;
705148;13/07/2025;domingo;03:10:00;PR;376;257;CALIFORNIA;Ultrapassagem Indevida;Colis�o frontal;Com V�timas Feridas;Plena Noite;Decrescente;C�u Claro;Simples;Reta;Sim;5;0;2;1;2;0;3;2;-23,67206427;-51,35581462;SPRF-PR;DEL07-PR;UOP03-DEL07-PR;;;
705149;15/07/2025;ter�a-feira;10:00:00;RJ;40;110;DUQUE DE CAXIAS;Suic�dio (presumido);Sinistro pessoal de tr�nsito;Com V�timas Feridas;Pleno dia;Decrescente;Sol;M�ltipla;Reta;Sim;1;0;0;1;0;0;1;1;-22,68626109;-43,28552127;SPRF-RJ;DEL01-RJ;UOP02-DEL01-RJ;;;
705150;16/07/2025;quarta-feira;10:50:00;CE;222;2;FORTALEZA;Condutor desrespeitou a ilumina��o vermelha do sem�foro;Colis�o transversal;Com V�timas Feridas;Pleno dia;Decrescente;C�u Claro;M�ltipla;Interse��o de Vias;Sim;2;0;1;0;1;0;1;2;-3,73907256;-38,58758423;SPRF-CE;DEL01-CE;UOP01-DEL01-CE;;;
705151;16/07/2025;quarta-feira;09:30:00;RS;470;101,5;LAGOA VERMELHA;Velocidade Incompat�vel;Sa�da de leito carro��vel;Com V�timas Feridas;Pleno dia;Crescente;Nublado;Simples;"Declive;Reta";N�o;2;0;1;0;1;0;1;1;-28,36345912;-51,4654541;SPRF-RS;DEL08-RS;UOP05-DEL08-RS;;;
705152;16/07/2025;quarta-feira;12:00:00;PR;369;136;IBIPORA;Convers�o proibida;Colis�o transversal;Com V�timas Feridas;Pleno dia;Crescente;Sol;Simples;"Declive;Reta";Sim;2;0;0;1;1;0;1;2;-23,26526981;-51,03658676;SPRF-PR;DEL07-PR;UOP01-DEL07-PR;;;
705153;16/07/2025;quarta-feira;11:00:00;SP;116;282;EMBU DAS ARTES;Objeto est�tico sobre o leito carro��vel;Colis�o com objeto;Com V�timas Feridas;Pleno dia;Crescente;Sol;Dupla;Reta;Sim;1;0;1;0;0;0;1;1;-23,66222762;-46,85309274;SPRF-SP;DEL04-SP;UOP01-DEL04-SP;;;
705154;08/07/2025;ter�a-feira;18:40:00;PR;376;257;CALIFORNIA;Condutor Dormindo;Colis�o lateral sentido oposto;Com V�timas Feridas;Plena Noite;Decrescente;C�u Claro;Simples;Reta;N�o;2;0;1;0;1;0;1;2;-23,646722;-51,376003;SPRF-PR;DEL07-PR;UOP03-DEL07-PR;;;
705155;16/07/2025;quarta-feira;11:30:00;MG;50;177;UBERABA;Mal s�bito do condutor;Sa�da de leito carro��vel;Com V�timas Feridas;Pleno dia;Decrescente;C�u Claro;Dupla;Reta;Sim;1;0;1;0;0;0;1;1;-19,778822;-47,940737;SPRF-MG;DEL13-MG;UOP01-DEL13-MG;;;
705156;16/07/2025;quarta-feira;11:00:00;MG;116;508,9;UBAPORANGA;Retorno proibido;Colis�o transversal;Com V�timas Feridas;Pleno dia;Decrescente;Sol;Simples;Retorno Regulamentado;Sim;2;0;1;0;1;0;1;2;-19,62776197;-42,10624519;SPRF-MG;DEL06-MG;UOP02-DEL06-MG;;;
705158;16/07/2025;quarta-feira;09:50:00;MG;116;653;MURIAE;Acesso irregular;Colis�o lateral mesmo sentido;Com V�timas Feridas;Pleno dia;Crescente;C�u Claro;Simples;Reta;N�o;2;0;1;0;1;0;1;2;-21,14670096;-42,38121555;SPRF-MG;DEL07-MG;UOP02-DEL07-MG;;;
705159;22/06/2025;domingo;12:20:00;PR;277;6,7;PARANAGUA;Aus�ncia de rea��o do condutor;Tombamento;Com V�timas Feridas;Pleno dia;Crescente;C�u Claro;Simples;"Retorno Regulamentado;Rotat�ria;Reta";Sim;1;0;1;0;0;0;1;1;-25,515068;-48,522698;SPRF-PR;DEL01-PR;UOP05-DEL01-PR;;;
705160;16/07/2025;quarta-feira;13:30:00;SC;101;121;ITAJAI;Trafegar com motocicleta (ou similar) entre as faixas;Colis�o traseira;Com V�timas Feridas;Pleno dia;Decrescente;C�u Claro;Dupla;Reta;N�o;2;0;0;1;1;0;1;2;-26,92451881;-48,70796084;SPRF-SC;DEL04-SC;UOP04-DEL04-SC;;;
705163;16/07/2025;quarta-feira;11:15:00;MS;267;28,9;BATAGUASSU;Aus�ncia de rea��o do condutor;Colis�o traseira;Com V�timas Feridas;Pleno dia;Decrescente;C�u Claro;Dupla;Reta;Sim;2;0;1;0;1;0;1;2;-21,72;-52,416;SPRF-MS;DEL02-MS;UOP04-DEL02-MS;;;
705165;16/07/2025;quarta-feira;07:45:00;BA;101;215;MURITIBA;Desvio tempor�rio;Colis�o lateral mesmo sentido;Com V�timas Feridas;Pleno dia;Crescente;C�u Claro;Simples;Reta;N�o;2;0;1;0;0;1;1;2;-12,6248284;-39,0901025;SPRF-BA;DEL01-BA;UOP02-DEL01-BA;;;
705166;16/07/2025;quarta-feira;13:30:00;SC;470;60,7;BLUMENAU;Trafegar com motocicleta (ou similar) entre as faixas;Colis�o lateral mesmo sentido;Com V�timas Feridas;Pleno dia;Decrescente;C�u Claro;Simples;Reta;N�o;2;0;1;0;1;0;1;2;-26,87966;-49,17153;SPRF-SC;DEL04-SC;UOP01-DEL04-SC;;;
705168;16/07/2025;quarta-feira;14:15:00;SC;101;199,1;SAO JOSE;Carga excessiva e/ou mal acondicionada;Derramamento de carga;Com V�timas Feridas;Pleno dia;Crescente;C�u Claro;Dupla;Reta;Sim;2;0;0;1;1;0;1;2;-27,53577;-48,628697;SPRF-SC;DEL01-SC;UOP01-DEL01-SC;;;
705169;16/07/2025;quarta-feira;09:40:00;RN;226;117,2;SANTA CRUZ;Acessar a via sem observar a presen�a dos outros ve�culos;Colis�o lateral mesmo sentido;Com V�timas Feridas;Pleno dia;Crescente;C�u Claro;Simples;Reta;N�o;2;0;1;0;0;1;1;2;-6,19386717;-36,05082035;SPRF-RN;DEL03-RN;UOP02-DEL03-RN;;;
705171;16/07/2025;quarta-feira;14:00:00;SP;381;16;BRAGANCA PAULISTA;Aus�ncia de rea��o do condutor;Colis�o traseira;Sem V�timas;Pleno dia;Crescente;C�u Claro;Dupla;"Aclive;Viaduto;Reta";N�o;2;0;0;0;2;0;0;2;-22,95324874;-46,47998393;SPRF-SP;DEL03-SP;UOP02-DEL03-SP;;;
705173;16/07/2025;quarta-feira;14:45:00;RJ;465;4;SEROPEDICA;Condutor deixou de manter dist�ncia do ve�culo da frente;Colis�o lateral mesmo sentido;Com V�timas Feridas;Pleno dia;Decrescente;C�u Claro;Simples;Reta;N�o;2;0;1;0;1;0;1;2;-22,74468145;-43,70202796;SPRF-RJ;DEL06-RJ;UOP02-DEL06-RJ;;;
705174;16/07/2025;quarta-feira;14:40:00;PR;116;155;MANDIRITUBA;Rea��o tardia ou ineficiente do condutor;Tombamento;Com V�timas Feridas;Pleno dia;Crescente;C�u Claro;Dupla;Curva;N�o;1;0;1;0;0;0;1;1;-25,86581742;-49,38217163;SPRF-PR;DEL01-PR;UOP03-DEL01-PR;;;
705175;16/07/2025;quarta-feira;14:20:00;GO;40;2,1;VALPARAISO DE GOIAS;Trafegar com motocicleta (ou similar) entre as faixas;Tombamento;Com V�timas Feridas;Pleno dia;Crescente;C�u Claro;Dupla;Reta;Sim;1;0;1;0;0;0;1;1;-16,070383;-47,98506;SPRF-DF;DEL01-DF;UOP01-DEL01-DF;;;
705177;16/07/2025;quarta-feira;12:15:00;RS;153;407,9;CACHOEIRA DO SUL;Aus�ncia de rea��o do condutor;Colis�o transversal;Com V�timas Feridas;Pleno dia;Decrescente;C�u Claro;Dupla;"Reta;Rotat�ria";Sim;2;0;0;1;1;0;1;2;-30,021841;-52,916363;SPRF-RS;DEL02-RS;UOP03-DEL02-RS;;;
705179;16/07/2025;quarta-feira;15:20:00;SP;381;35,8;ATIBAIA;Desrespeitar a prefer�ncia no cruzamento;Colis�o transversal;Com V�timas Feridas;Pleno dia;Crescente;C�u Claro;Dupla;"Interse��o de Vias;Reta";N�o;2;0;1;0;1;0;1;2;-23,09599131;-46,57259557;SPRF-SP;DEL03-SP;UOP02-DEL03-SP;;;
705180;16/07/2025;quarta-feira;14:30:00;DF;80;34,8;BRASILIA;Ultrapassagem Indevida;Sa�da de leito carro��vel;Com V�timas Feridas;Pleno dia;Decrescente;C�u Claro;Simples;Curva;N�o;1;0;1;0;0;0;1;1;-15,52220178;-48,19287301;SPRF-DF;DEL03-DF;UOP02-DEL03-DF;;;
705181;16/07/2025;quarta-feira;15:30:00;ES;101;265,7;SERRA;Aus�ncia de rea��o do condutor;Colis�o lateral mesmo sentido;Com V�timas Feridas;Pleno dia;Decrescente;C�u Claro;Simples;Reta;N�o;2;0;1;0;1;0;1;2;-20,19027243;-40,2682689;SPRF-ES;DEL02-ES;UOP01-DEL02-ES;;;
705182;16/07/2025;quarta-feira;12:20:00;RJ;40;116;DUQUE DE CAXIAS;Manobra de mudan�a de faixa;Colis�o lateral mesmo sentido;Com V�timas Feridas;Pleno dia;Crescente;C�u Claro;M�ltipla;Reta;N�o;1;0;1;0;0;0;1;1;-22,744541;-43,287954;SPRF-RJ;DEL01-RJ;UOP02-DEL01-RJ;;;
705183;16/07/2025;quarta-feira;12:57:00;RJ;40;109;DUQUE DE CAXIAS;Rea��o tardia ou ineficiente do condutor;Tombamento;Com V�timas Feridas;Pleno dia;Crescente;C�u Claro;M�ltipla;Curva;Sim;1;0;0;1;0;0;1;1;-22,676269;-43,286516;SPRF-RJ;DEL01-RJ;UOP02-DEL01-RJ;;;
705184;16/07/2025;quarta-feira;16:10:00;MG;50;69,8;UBERLANDIA;Aus�ncia de rea��o do condutor;Engavetamento;Sem V�timas;Pleno dia;Decrescente;C�u Claro;Dupla;Reta;Sim;3;0;0;0;3;0;0;3;-18,88785;-48,260127;SPRF-MG;DEL15-MG;UOP01-DEL15-MG;;;
705186;16/07/2025;quarta-feira;15:30:00;RJ;101;320;NITEROI;Manobra de mudan�a de faixa;Colis�o frontal;Com V�timas Feridas;Pleno dia;Decrescente;C�u Claro;M�ltipla;Curva;Sim;3;0;2;0;0;1;2;2;-22,86744107;-43,11014269;SPRF-RJ;DEL02-RJ;UOP01-DEL02-RJ;;;
705192;16/07/2025;quarta-feira;16:00:00;GO;153;504,8;APARECIDA DE GOIANIA;Aus�ncia de rea��o do condutor;Colis�o traseira;Com V�timas Feridas;Pleno dia;Crescente;C�u Claro;M�ltipla;Reta;Sim;3;0;0;1;2;0;1;2;-16,7428223;-49,2412984;SPRF-GO;DEL01-GO;UOP01-DEL01-GO;;;
705197;22/05/2025;quinta-feira;18:00:00;RO;364;346;JI-PARANA;Acessar a via sem observar a presen�a dos outros ve�culos;Colis�o transversal;Com V�timas Feridas;Anoitecer;Crescente;C�u Claro;Simples;Reta;Sim;2;0;1;0;1;0;1;2;-10,864648;-61,970482;SPRF-RO;DEL02-RO;UOP01-DEL02-RO;;;
705199;16/07/2025;quarta-feira;16:40:00;MG;40;506;RIBEIRAO DAS NEVES;Avarias e/ou desgaste excessivo no pneu;Queda de ocupante de ve�culo;Com V�timas Feridas;Pleno dia;Crescente;C�u Claro;Dupla;"Retorno Regulamentado;Reta";Sim;1;0;1;0;0;0;1;1;-19,747553;-44,147188;SPRF-MG;DEL02-MG;UOP01-DEL02-MG;;;
705200;16/07/2025;quarta-feira;17:00:00;PR;277;70;SAO JOSE DOS PINHAIS;Aus�ncia de rea��o do condutor;Colis�o traseira;Com V�timas Feridas;Pleno dia;Crescente;C�u Claro;Dupla;Reta;Sim;2;0;1;0;1;0;1;2;-25,51225681;-49,12664782;SPRF-PR;DEL01-PR;UOP01-DEL01-PR;;;
705203;16/07/2025;quarta-feira;16:38:00;RS;116;254;SAPUCAIA DO SUL;Acessar a via sem observar a presen�a dos outros ve�culos;Colis�o traseira;Com V�timas Feridas;Anoitecer;Decrescente;C�u Claro;M�ltipla;Interse��o de Vias;Sim;2;0;1;0;1;0;1;2;-29,824567;-51,171777;SPRF-RS;DEL01-RS;UOP02-DEL01-RS;;;
705205;16/07/2025;quarta-feira;17:45:00;PE;428;188;PETROLINA;Aus�ncia de rea��o do condutor;Queda de ocupante de ve�culo;Com V�timas Feridas;Anoitecer;Decrescente;C�u Claro;Dupla;Rotat�ria;Sim;1;0;1;0;0;0;1;1;-9,37535689;-40,48796151;SPRF-PE;DEL06-PE;UOP01-DEL06-PE;;;
705206;16/07/2025;quarta-feira;14:20:00;RO;319;61;PORTO VELHO;Desrespeitar a prefer�ncia no cruzamento;Colis�o transversal;Com V�timas Feridas;Pleno dia;Decrescente;C�u Claro;M�ltipla;Interse��o de Vias;Sim;2;0;1;0;1;0;1;2;-8,74456186;-63,88890982;SPRF-RO;DEL01-RO;UOP01-DEL01-RO;;;
705207;16/07/2025;quarta-feira;18:05:00;SC;101;136;BALNEARIO CAMBORIU;Trafegar com motocicleta (ou similar) entre as faixas;Colis�o lateral mesmo sentido;Com V�timas Feridas;Plena Noite;Decrescente;C�u Claro;M�ltipla;Reta;Sim;2;0;1;0;1;0;1;2;-27,00611917;-48,62257926;SPRF-SC;DEL04-SC;UOP03-DEL04-SC;;;
705209;16/07/2025;quarta-feira;18:10:00;PB;230;16;JOAO PESSOA;Manobra de mudan�a de faixa;Colis�o traseira;Com V�timas Feridas;Plena Noite;Crescente;C�u Claro;Dupla;Reta;Sim;2;0;1;0;1;0;1;2;-7,10491705;-34,84494209;SPRF-PB;DEL01-PB;UOP01-DEL01-PB;;;
705210;16/07/2025;quarta-feira;17:50:00;SP;101;38,5;UBATUBA;Condutor Dormindo;Colis�o frontal;Com V�timas Feridas;Anoitecer;Decrescente;C�u Claro;Simples;Curva;N�o;5;0;1;1;3;0;2;2;-23,39947175;-45,020416;SPRF-SP;DEL06-SP;UOP01-DEL06-SP;;;
705211;16/07/2025;quarta-feira;17:56:00;PE;428;188;PETROLINA;Acessar a via sem observar a presen�a dos outros ve�culos;Colis�o traseira;Com V�timas Feridas;Anoitecer;Decrescente;C�u Claro;Dupla;Rotat�ria;Sim;2;0;1;0;1;0;1;2;-9,3753288;-40,48801804;SPRF-PE;DEL06-PE;UOP01-DEL06-PE;;;
705212;16/07/2025;quarta-feira;18:20:00;SC;280;58,9;GUARAMIRIM;Trafegar com motocicleta (ou similar) entre as faixas;Colis�o traseira;Com V�timas Feridas;Anoitecer;Decrescente;C�u Claro;Dupla;Reta;Sim;3;0;1;0;2;0;1;3;-26,474338;-49,023248;SPRF-SC;DEL03-SC;UOP03-DEL03-SC;;;
705213;16/07/2025;quarta-feira;18:00:00;SP;116;100,8;PINDAMONHANGABA;Condutor deixou de manter dist�ncia do ve�culo da frente;Engavetamento;Com V�timas Feridas;Plena Noite;Crescente;C�u Claro;Dupla;Reta;N�o;5;0;2;0;3;0;2;3;-22,98928188;-45,47849791;SPRF-SP;DEL08-SP;UOP01-DEL08-SP;;;
705214;16/07/2025;quarta-feira;18:15:00;RJ;393;285;VOLTA REDONDA;Desrespeitar a prefer�ncia no cruzamento;Colis�o transversal;Com V�timas Feridas;Plena Noite;Crescente;C�u Claro;Simples;Interse��o de Vias;Sim;2;0;0;1;1;0;1;2;-22,50602528;-44,07638669;SPRF-RJ;DEL05-RJ;UOP04-DEL05-RJ;;;
705215;16/07/2025;quarta-feira;18:30:00;RN;304;38;MOSSORO;Acessar a via sem observar a presen�a dos outros ve�culos;Colis�o lateral mesmo sentido;Com V�timas Feridas;Plena Noite;Crescente;C�u Claro;Dupla;Reta;Sim;2;0;0;1;1;0;1;2;-5,182247;-37,369185;SPRF-RN;DEL04-RN;UOP02-DEL04-RN;;;
705216;16/07/2025;quarta-feira;17:40:00;RJ;40;105;DUQUE DE CAXIAS;Rea��o tardia ou ineficiente do condutor;Tombamento;Com V�timas Feridas;Plena Noite;Decrescente;C�u Claro;Dupla;Reta;Sim;1;0;1;0;0;0;1;1;-22,64145137;-43,28340197;SPRF-RJ;DEL01-RJ;UOP02-DEL01-RJ;;;
705217;16/07/2025;quarta-feira;17:30:00;MT;70;528;VARZEA GRANDE;Transitar no Acostamento;Colis�o transversal;Com V�timas Feridas;Anoitecer;Decrescente;C�u Claro;Simples;Reta;N�o;2;0;0;1;1;0;1;2;-15,651155;-56,1986467;SPRF-MT;DEL01-MT;UOP02-DEL01-MT;;;
705220;16/07/2025;quarta-feira;18:15:00;MG;354;740;POUSO ALTO;Velocidade Incompat�vel;Queda de ocupante de ve�culo;Com V�timas Feridas;Pleno dia;Crescente;C�u Claro;Simples;Curva;N�o;1;0;1;0;0;0;1;1;-22,20908681;-44,95393754;SPRF-MG;DEL17-MG;UOP01-DEL17-MG;;;
705225;16/07/2025;quarta-feira;19:02:00;PI;316;4;TERESINA;Manobra de mudan�a de faixa;Colis�o lateral mesmo sentido;Com V�timas Feridas;Plena Noite;Crescente;C�u Claro;Dupla;Reta;Sim;2;0;1;0;1;0;1;2;-5,14072486;-42,78411482;SPRF-PI;DEL01-PI;UOP02-DEL01-PI;;;