id;data_inversa;dia_semana;horario;uf;br;km;municipio;causa_acidente;tipo_acidente;classificacao_acidente;fase_dia;sentido_via;condicao_metereologica;tipo_pista;tracado_via;uso_solo;pessoas;mortos;feridos_leves;feridos_graves;ilesos;ignorados;feridos;veiculos;latitude;longitude;regional;delegacia;uop;;;
705505;03/04/2025;quinta-feira;10:00:00;PR;277;563,4;CASCAVEL;Acessar a via sem observar a presen�a dos outros ve�culos;Colis�o transversal;Com V�timas Feridas;Pleno dia;Decrescente;C�u Claro;Simples;Reta;N�o;3;0;1;1;1;0;2;2;-25,04679;-53,24072;SPRF-PR;DEL04-PR;UOP04-DEL04-PR;;;
705506;18/07/2025;sexta-feira;08:00:00;MG;262;811;UBERABA;Demais falhas mec�nicas ou el�tricas;Colis�o com objeto;Com V�timas Feridas;Pleno dia;Decrescente;C�u Claro;Dupla;Reta;Sim;2;0;2;0;0;0;2;1;-19,768678;-47,983894;SPRF-MG;DEL13-MG;UOP01-DEL13-MG;;;
705507;06/04/2025;domingo;19:30:00;GO;40;2;VALPARAISO DE GOIAS;Manobra de mudan�a de faixa;Colis�o traseira;Com V�timas Feridas;Plena Noite;Crescente;Nublado;Dupla;Reta;Sim;2;0;1;0;0;1;1;2;-16,06393704;-47,98371774;SPRF-DF;DEL01-DF;UOP01-DEL01-DF;;;
705509;18/07/2025;sexta-feira;09:50:00;PI;343;262;CAMPO MAIOR;Acessar a via sem observar a presen�a dos outros ve�culos;Atropelamento de Pedestre;Com V�timas Feridas;Pleno dia;Crescente;C�u Claro;Simples;Reta;Sim;3;0;1;2;0;0;3;2;-4,82058799;-42,15940555;SPRF-PI;DEL01-PI;UOP03-DEL01-PI;;;
705511;18/07/2025;sexta-feira;10:30:00;SP;153;112,9;JOSE BONIFACIO;Rea��o tardia ou ineficiente do condutor;Sa�da de leito carro��vel;Com V�timas Feridas;Pleno dia;Crescente;C�u Claro;Simples;Aclive;N�o;1;0;1;0;0;0;1;1;-21,112125;-49,686757;SPRF-SP;DEL09-SP;UOP01-DEL09-SP;;;
705512;18/07/2025;sexta-feira;10:00:00;PR;369;343;CAMPO MOURAO;Frear bruscamente;Eventos at�picos;Com V�timas Feridas;Pleno dia;Crescente;C�u Claro;Simples;Reta;N�o;2;0;0;1;1;0;1;1;-24,08895955;-52,39663124;SPRF-PR;DEL09-PR;UOP03-DEL09-PR;;;
705514;18/07/2025;sexta-feira;10:04:00;MT;163;830;SINOP;Manobra de mudan�a de faixa;Colis�o lateral mesmo sentido;Com V�timas Feridas;Pleno dia;Decrescente;C�u Claro;Dupla;Reta;Sim;3;0;1;0;0;2;1;3;-11,805;-55,4805;SPRF-MT;DEL06-MT;UOP02-DEL06-MT;;;
705515;18/07/2025;sexta-feira;10:50:00;RN;101;62,9;EXTREMOZ;Demais falhas mec�nicas ou el�tricas;Sa�da de leito carro��vel;Com V�timas Feridas;Pleno dia;Crescente;C�u Claro;Simples;Curva;N�o;2;0;1;0;1;0;1;1;-5,622148;-35,249382;SPRF-RN;DEL02-RN;UOP01-DEL02-RN;;;
705516;18/07/2025;sexta-feira;11:45:00;PR;376;489;PONTA GROSSA;Transitar no Acostamento;Atropelamento de Pedestre;Com V�timas Feridas;Pleno dia;Decrescente;C�u Claro;Dupla;Reta;Sim;2;0;1;0;1;0;1;2;-25,094427;-50,19661;SPRF-PR;DEL03-PR;UOP04-DEL03-PR;;;
705520;18/07/2025;sexta-feira;11:20:00;SC;101;108,4;PENHA;Rea��o tardia ou ineficiente do condutor;Colis�o traseira;Com V�timas Feridas;Pleno dia;Crescente;C�u Claro;Dupla;Reta;Sim;2;0;0;1;1;0;1;2;-26,830283;-48,693136;SPRF-SC;DEL03-SC;UOP02-DEL03-SC;;;
705523;18/07/2025;sexta-feira;11:50:00;RJ;101;284;ITABORAI;Demais falhas mec�nicas ou el�tricas;Inc�ndio;Sem V�timas;Pleno dia;Crescente;C�u Claro;Dupla;Reta;Sim;1;0;0;0;1;0;0;1;-22,74616513;-42,81124234;SPRF-RJ;DEL02-RJ;UOP02-DEL02-RJ;;;
705524;18/07/2025;sexta-feira;12:30:00;SC;101;116;ITAJAI;Manobra de mudan�a de faixa;Colis�o lateral mesmo sentido;Com V�timas Feridas;Pleno dia;Crescente;C�u Claro;M�ltipla;Reta;Sim;2;0;1;0;1;0;1;2;-26,88260892;-48,72461066;SPRF-SC;DEL04-SC;UOP04-DEL04-SC;;;
705525;18/07/2025;sexta-feira;12:50:00;SP;116;228;SAO PAULO;Manobra de mudan�a de faixa;Tombamento;Com V�timas Feridas;Pleno dia;Crescente;C�u Claro;M�ltipla;"Reta;Em Obras";Sim;1;0;1;0;0;0;1;1;-23,5051521;-46,56918335;SPRF-SP;DEL01-SP;UOP01-DEL01-SP;;;
705526;18/07/2025;sexta-feira;12:20:00;RJ;493;17;GUAPIMIRIM;Retorno proibido;Colis�o transversal;Sem V�timas;Pleno dia;Decrescente;C�u Claro;Simples;Reta;N�o;2;0;0;0;1;1;0;2;-22,66812286;-43,01126719;SPRF-RJ;DEL04-RJ;UOP02-DEL04-RJ;;;
705528;18/07/2025;sexta-feira;12:30:00;CE;222;222;SOBRAL;Acessar a via sem observar a presen�a dos outros ve�culos;Colis�o transversal;Sem V�timas;Pleno dia;Crescente;C�u Claro;Simples;"Curva;Interse��o de Vias";Sim;2;0;0;0;2;0;0;2;-3,71679;-40,33401;SPRF-CE;DEL04-CE;UOP01-DEL04-CE;;;
705531;18/07/2025;sexta-feira;09:20:00;SC;101;284;IMBITUBA;Pista esburacada;Colis�o com objeto;Com V�timas Feridas;Pleno dia;Decrescente;C�u Claro;M�ltipla;Reta;N�o;1;0;1;0;0;0;1;1;-28,22785861;-48,70126605;SPRF-SC;DEL02-SC;UOP03-DEL02-SC;;;
705532;18/07/2025;sexta-feira;12:30:00;BA;415;49;ITABUNA;Transitar no Acostamento;Colis�o lateral mesmo sentido;Com V�timas Feridas;Pleno dia;Crescente;Garoa/Chuvisco;Simples;Reta;Sim;2;0;1;0;1;0;1;2;-14,81959;-39,30533;SPRF-BA;DEL05-BA;UOP01-DEL05-BA;;;
705533;18/07/2025;sexta-feira;13:15:00;PR;277;385;CANDOI;Condutor deixou de manter dist�ncia do ve�culo da frente;Colis�o traseira;Sem V�timas;Pleno dia;Crescente;C�u Claro;Simples;Reta;N�o;5;0;0;0;5;0;0;2;-25,438;-51,827;SPRF-PR;DEL08-PR;UOP01-DEL08-PR;;;
705534;18/07/2025;sexta-feira;14:15:00;MG;381;491;BETIM;Trafegar com motocicleta (ou similar) entre as faixas;Colis�o traseira;Com V�timas Feridas;Pleno dia;Decrescente;C�u Claro;Dupla;"Declive;Curva";Sim;3;0;1;0;2;0;1;2;-19,961725;-44,157701;SPRF-MG;DEL01-MG;UOP03-DEL01-MG;;;
705535;18/07/2025;sexta-feira;13:15:00;SC;470;138;RIO DO SUL;Acessar a via sem observar a presen�a dos outros ve�culos;Colis�o transversal;Com V�timas Feridas;Pleno dia;Crescente;C�u Claro;Simples;Reta;Sim;2;0;0;1;1;0;1;2;-27,18382763;-49,60313201;SPRF-SC;DEL04-SC;UOP02-DEL04-SC;;;
705537;18/07/2025;sexta-feira;13:50:00;DF;251;29,5;BRASILIA;Convers�o proibida;Colis�o transversal;Com V�timas Feridas;Pleno dia;Crescente;C�u Claro;Simples;"Reta;Aclive";N�o;3;0;2;1;0;0;3;2;-15,943392;-47,728565;SPRF-DF;DEL01-DF;UOP01-DEL01-DF;;;
705539;18/07/2025;sexta-feira;14:32:00;ES;101;49;CONCEICAO DA BARRA;Acessar a via sem observar a presen�a dos outros ve�culos;Colis�o transversal;Com V�timas Feridas;Pleno dia;Crescente;Sol;Simples;Interse��o de Vias;N�o;3;0;2;0;0;1;2;3;-18,51586551;-39,91350174;SPRF-ES;DEL04-ES;UOP02-DEL04-ES;;;
705542;18/07/2025;sexta-feira;12:30:00;RO;319;64;PORTO VELHO;Rea��o tardia ou ineficiente do condutor;Colis�o lateral mesmo sentido;Com V�timas Feridas;Pleno dia;Decrescente;C�u Claro;Dupla;Reta;Sim;3;0;3;0;0;0;3;2;-8,76751328;-63,88429491;SPRF-RO;DEL01-RO;UOP01-DEL01-RO;;;
705543;18/07/2025;sexta-feira;10:50:00;MT;364;274,6;JACIARA;Rea��o tardia ou ineficiente do condutor;Colis�o transversal;Com V�timas Feridas;Pleno dia;Decrescente;C�u Claro;Dupla;"Reta;Interse��o de Vias";Sim;3;0;1;0;2;0;1;2;-15,950957;-54,980771;SPRF-MT;DEL05-MT;UOP02-DEL05-MT;;;
705544;18/07/2025;sexta-feira;13:20:00;BA;324;613;SIMOES FILHO;Trafegar com motocicleta (ou similar) entre as faixas;Colis�o lateral mesmo sentido;Com V�timas Feridas;Pleno dia;Decrescente;Nublado;Dupla;Reta;N�o;2;0;0;1;0;1;1;2;-12,84810167;-38,41774833;SPRF-BA;DEL01-BA;UOP01-DEL01-BA;;;
705545;18/07/2025;sexta-feira;14:55:00;MG;40;636,5;CONSELHEIRO LAFAIETE;Manobra de mudan�a de faixa;Colis�o lateral mesmo sentido;Com V�timas Fatais;Pleno dia;Crescente;C�u Claro;Simples;Reta;N�o;2;1;0;0;1;0;0;2;-20,71566;-43,79653;SPRF-MG;DEL05-MG;UOP02-DEL05-MG;;;
705546;18/07/2025;sexta-feira;13:20:00;RJ;101;331;NITEROI;Aus�ncia de rea��o do condutor;Queda de ocupante de ve�culo;Com V�timas Feridas;Pleno dia;Decrescente;C�u Claro;M�ltipla;Reta;Sim;1;0;1;0;0;0;1;1;-22,8818944;-43,1161344;SPRF-RJ;DEL02-RJ;UOP01-DEL02-RJ;;;
705549;18/07/2025;sexta-feira;12:12:00;RJ;101;574;PARATY;Rea��o tardia ou ineficiente do condutor;Colis�o transversal;Com V�timas Feridas;Pleno dia;Decrescente;C�u Claro;Simples;Reta;Sim;2;0;1;0;1;0;1;2;-23,213843;-44,734897;SPRF-RJ;DEL03-RJ;UOP04-DEL03-RJ;;;
705550;18/07/2025;sexta-feira;12:30:00;AC;364;138;RIO BRANCO;Transitar na contram�o;Colis�o frontal;Com V�timas Feridas;Pleno dia;Crescente;C�u Claro;Dupla;Reta;Sim;2;0;2;0;0;0;2;2;-9,96547094;-67,85449322;SPRF-AC;DEL01-AC;UOP01-DEL01-AC;;;
705551;18/07/2025;sexta-feira;14:45:00;SP;116;441;REGISTRO;Manobra de mudan�a de faixa;Colis�o traseira;Com V�timas Feridas;Pleno dia;Crescente;C�u Claro;Dupla;Reta;Sim;3;0;1;0;2;0;1;2;-24,46855959;-47,82233734;SPRF-SP;DEL05-SP;UOP01-DEL05-SP;;;
705552;18/07/2025;sexta-feira;15:15:00;SP;153;174;GUAICARA;Aus�ncia de rea��o do condutor;Colis�o traseira;Com V�timas Feridas;Pleno dia;Decrescente;C�u Claro;Simples;"Curva;Interse��o de Vias;Rotat�ria";Sim;4;0;1;0;3;0;1;2;-21,6333152;-49,78797913;SPRF-SP;DEL07-SP;UOP01-DEL07-SP;;;
705553;18/07/2025;sexta-feira;15:40:00;MG;381;853;POUSO ALEGRE;Aus�ncia de rea��o do condutor;Engavetamento;Com V�timas Feridas;Pleno dia;Decrescente;C�u Claro;Dupla;"Aclive;Reta";N�o;6;0;1;0;5;0;1;5;-22,26661;-45,89139;SPRF-MG;DEL16-MG;UOP01-DEL16-MG;;;
705554;18/07/2025;sexta-feira;16:00:00;MG;381;484;BETIM;Rea��o tardia ou ineficiente do condutor;Colis�o traseira;Com V�timas Feridas;Pleno dia;Decrescente;C�u Claro;M�ltipla;"Declive;Reta";Sim;2;0;1;0;0;1;1;2;-19,959527;-44,087027;SPRF-MG;DEL01-MG;UOP03-DEL01-MG;;;
705555;18/07/2025;sexta-feira;15:55:00;SP;116;155,5;SAO JOSE DOS CAMPOS;Trafegar com motocicleta (ou similar) entre as faixas;Colis�o lateral mesmo sentido;Com V�timas Feridas;Pleno dia;Crescente;C�u Claro;Simples;Aclive;N�o;2;0;1;0;1;0;1;2;-23,24731465;-45,93113272;SPRF-SP;DEL02-SP;UOP01-DEL02-SP;;;
705556;18/07/2025;sexta-feira;15:27:00;BA;324;610;SIMOES FILHO;Trafegar com motocicleta (ou similar) entre as faixas;Queda de ocupante de ve�culo;Com V�timas Feridas;Pleno dia;Decrescente;Nublado;Dupla;Reta;N�o;1;0;0;1;0;0;1;1;-12,81521601;-38,36424065;SPRF-BA;DEL01-BA;UOP01-DEL01-BA;;;
705559;18/07/2025;sexta-feira;16:45:00;PE;232;4;RECIFE;Manobra de mudan�a de faixa;Colis�o lateral mesmo sentido;Com V�timas Feridas;Anoitecer;Crescente;C�u Claro;Dupla;"Declive;Reta;Viaduto;Interse��o de Vias";Sim;3;0;3;0;0;0;3;2;-8,064473;-34,936928;SPRF-PE;DEL01-PE;UOP01-DEL01-PE;;;
705560;18/07/2025;sexta-feira;16:00:00;CE;116;8;FORTALEZA;Objeto est�tico sobre o leito carro��vel;Eventos at�picos;Com V�timas Feridas;Pleno dia;Crescente;C�u Claro;Dupla;Reta;Sim;2;0;1;0;0;1;1;2;-3,8236743;-38,5040766;SPRF-CE;DEL01-CE;UOP02-DEL01-CE;;;
705563;18/07/2025;sexta-feira;12:00:00;MG;116;602,3;SAO JOAO DO MANHUACU;Acessar a via sem observar a presen�a dos outros ve�culos;Sa�da de leito carro��vel;Sem V�timas;Pleno dia;Decrescente;C�u Claro;Simples;Reta;N�o;2;0;0;0;2;0;0;2;-20,3620377;-42,15066722;SPRF-MG;DEL06-MG;UOP03-DEL06-MG;;;
705564;18/07/2025;sexta-feira;16:50:00;MG;459;86,8;CONGONHAL;Condutor Dormindo;Sa�da de leito carro��vel;Com V�timas Feridas;Pleno dia;Crescente;Nublado;Simples;Reta;Sim;1;0;1;0;0;0;1;1;-22,1512723;-46,0488128;SPRF-MG;DEL09-MG;UOP01-DEL09-MG;;;
705566;18/07/2025;sexta-feira;16:50:00;ES;101;129,1;SOORETAMA;Condutor deixou de manter dist�ncia do ve�culo da frente;Colis�o traseira;Com V�timas Feridas;Pleno dia;Crescente;C�u Claro;Simples;"Declive;Reta";N�o;2;0;0;1;1;0;1;2;-19,21947659;-40,09376657;SPRF-ES;DEL04-ES;UOP01-DEL04-ES;;;
705567;18/07/2025;sexta-feira;17:15:00;SC;280;179,1;MAFRA;Condutor deixou de manter dist�ncia do ve�culo da frente;Colis�o traseira;Com V�timas Feridas;Pleno dia;Decrescente;C�u Claro;Simples;Reta;N�o;5;0;1;0;4;0;1;2;-26,1775525;-49,880135;SPRF-SC;DEL06-SC;UOP01-DEL06-SC;;;
705568;18/07/2025;sexta-feira;17:00:00;RN;406;162;CEARA-MIRIM;Rea��o tardia ou ineficiente do condutor;Tombamento;Com V�timas Feridas;Pleno dia;Crescente;C�u Claro;Simples;"Declive;Reta";N�o;1;0;0;1;0;0;1;1;-5,728023;-35,361082;SPRF-RN;DEL02-RN;UOP01-DEL02-RN;;;
705569;18/07/2025;sexta-feira;16:40:00;MS;262;562;MIRANDA;Rea��o tardia ou ineficiente do condutor;Queda de ocupante de ve�culo;Com V�timas Feridas;Pleno dia;Crescente;Sol;Simples;Reta;N�o;2;0;2;0;0;0;2;1;-20,093125;-56,7437817;SPRF-MS;DEL03-MS;UOP02-DEL03-MS;;;
705570;18/07/2025;sexta-feira;17:30:00;TO;153;354;FORTALEZA DO TABOCAO;Ultrapassagem Indevida;Colis�o frontal;Com V�timas Fatais;Anoitecer;Crescente;C�u Claro;Simples;Reta;N�o;4;1;3;0;0;0;3;2;-9,017295;-48,50252;SPRF-TO;DEL02-TO;UOP02-DEL02-TO;;;
705573;18/07/2025;sexta-feira;17:20:00;PB;101;82,7;BAYEUX;Manobra de mudan�a de faixa;Colis�o lateral mesmo sentido;Com V�timas Feridas;Anoitecer;Decrescente;C�u Claro;Dupla;"Reta;Viaduto";Sim;2;0;0;1;1;0;1;2;-7,1311082;-34,93288871;SPRF-PB;DEL01-PB;UOP01-DEL01-PB;;;
705574;18/07/2025;sexta-feira;15:40:00;SC;101;367,3;ICARA;Aus�ncia de rea��o do condutor;Colis�o traseira;Com V�timas Feridas;Pleno dia;Decrescente;Sol;Dupla;Declive;Sim;2;0;0;1;1;0;1;2;-28,69750922;-49,178569;SPRF-SC;DEL02-SC;UOP01-DEL02-SC;;;
705576;18/07/2025;sexta-feira;11:20:00;MA;316;237,6;BOM JARDIM;Velocidade Incompat�vel;Colis�o frontal;Com V�timas Feridas;Pleno dia;Decrescente;Sol;Simples;Reta;N�o;2;0;0;1;1;0;1;2;-3,582385;-45,561412;SPRF-MA;DEL02-MA;UOP01-DEL02-MA;;;
705578;18/07/2025;sexta-feira;17:40:00;MG;381;445,1;SABARA;Transitar no Acostamento;Atropelamento de Pedestre;Com V�timas Feridas;Plena Noite;Decrescente;C�u Claro;Simples;Curva;Sim;2;0;1;1;0;0;2;2;-19,83476;-43,86076;SPRF-MG;DEL01-MG;UOP01-DEL01-MG;;;
705579;18/07/2025;sexta-feira;17:30:00;MG;40;348;FELIXLANDIA;Transitar na contram�o;Colis�o frontal;Com V�timas Feridas;Anoitecer;Crescente;C�u Claro;Simples;Reta;N�o;10;0;8;2;0;0;10;2;-18,7043;-44,9595;SPRF-MG;DEL02-MG;UOP01-DEL02-MG;;;
705581;18/07/2025;sexta-feira;16:30:00;MG;116;554;SANTA BARBARA DO LESTE;Velocidade Incompat�vel;Tombamento;Com V�timas Feridas;Pleno dia;Crescente;C�u Claro;Simples;"Aclive;Curva";N�o;2;0;2;0;0;0;2;1;-20,00693675;-42,14215279;SPRF-MG;DEL06-MG;UOP02-DEL06-MG;;;
705583;18/07/2025;sexta-feira;18:30:00;SC;101;202;SAO JOSE;Rea��o tardia ou ineficiente do condutor;Queda de ocupante de ve�culo;Com V�timas Feridas;Plena Noite;Decrescente;C�u Claro;M�ltipla;Reta;Sim;1;0;0;1;0;0;1;1;-27,5579417;-48,61838277;SPRF-SC;DEL01-SC;UOP01-DEL01-SC;;;
705584;18/07/2025;sexta-feira;18:35:00;MG;153;16;CENTRALINA;Rea��o tardia ou ineficiente do condutor;Sa�da de leito carro��vel;Com V�timas Feridas;Plena Noite;Decrescente;C�u Claro;Dupla;"Reta;Aclive";N�o;1;0;1;0;0;0;1;1;-18,566141;-49,19430971;SPRF-MG;DEL15-MG;UOP03-DEL15-MG;;;
705585;18/07/2025;sexta-feira;17:35:00;PI;343;343,5;TERESINA;Condutor deixou de manter dist�ncia do ve�culo da frente;Colis�o traseira;Com V�timas Feridas;Plena Noite;Crescente;C�u Claro;Simples;Viaduto;Sim;2;0;1;0;1;0;1;2;-5,090227;-42,760576;SPRF-PI;DEL01-PI;UOP01-DEL01-PI;;;
705587;18/07/2025;sexta-feira;17:20:00;RN;101;0,7;BAIA FORMOSA;Demais falhas na via;Sa�da de leito carro��vel;Com V�timas Feridas;Anoitecer;Decrescente;C�u Claro;Dupla;"Reta;Declive";N�o;5;0;4;0;1;0;4;1;-6,4705969;-35,1115771;SPRF-RN;DEL02-RN;UOP01-DEL02-RN;;;
705588;18/07/2025;sexta-feira;17:00:00;MG;116;207,3;CATUJI;Acessar a via sem observar a presen�a dos outros ve�culos;Colis�o frontal;Com V�timas Feridas;Anoitecer;Decrescente;C�u Claro;Simples;Curva;Sim;3;0;1;1;1;0;2;2;-17,30318172;-41,51618449;SPRF-MG;DEL11-MG;UOP01-DEL11-MG;;;
705589;18/07/2025;sexta-feira;08:30:00;BA;324;587;CANDEIAS;Rea��o tardia ou ineficiente do condutor;Sa�da de leito carro��vel;Com V�timas Fatais;Pleno dia;Decrescente;Garoa/Chuvisco;Dupla;Reta;N�o;4;1;1;0;2;0;1;3;-12,66275103;-38,47082734;SPRF-BA;DEL01-BA;UOP01-DEL01-BA;;;
705594;18/07/2025;sexta-feira;15:31:00;RJ;116;315;RESENDE;Rea��o tardia ou ineficiente do condutor;Colis�o com objeto;Com V�timas Feridas;Pleno dia;Decrescente;C�u Claro;Dupla;Reta;Sim;2;0;1;0;1;0;1;2;-22,464575;-44,48710167;SPRF-RJ;DEL07-RJ;UOP02-DEL07-RJ;;;
705596;18/07/2025;sexta-feira;18:00:00;RN;101;94;NATAL;Condutor deixou de manter dist�ncia do ve�culo da frente;Colis�o traseira;Com V�timas Feridas;Plena Noite;Crescente;C�u Claro;Simples;Viaduto;Sim;3;0;1;0;2;0;1;2;-5,82734179;-35,21019308;SPRF-RN;DEL01-RN;UOP01-DEL01-RN;;;
705597;18/07/2025;sexta-feira;18:39:00;GO;70;10;AGUAS LINDAS DE GOIAS;Entrada inopinada do pedestre;Atropelamento de Pedestre;Com V�timas Fatais;Plena Noite;Decrescente;C�u Claro;M�ltipla;"Reta;Aclive";Sim;2;1;0;0;1;0;0;2;-15,73845;-48,297747;SPRF-DF;DEL03-DF;UOP02-DEL03-DF;;;
705598;18/07/2025;sexta-feira;18:30:00;MG;381;496;BETIM;Pedestre andava na pista;Atropelamento de Pedestre;Com V�timas Feridas;Anoitecer;Crescente;C�u Claro;Dupla;"Viaduto;Reta";Sim;2;0;1;0;1;0;1;2;-19,974803;-44,189548;SPRF-MG;DEL01-MG;UOP03-DEL01-MG;;;
705599;18/07/2025;sexta-feira;19:10:00;SC;280;75;GUARAMIRIM;Acessar a via sem observar a presen�a dos outros ve�culos;Colis�o transversal;Com V�timas Feridas;Plena Noite;Crescente;C�u Claro;Simples;Reta;N�o;2;0;1;0;1;0;1;2;-26,476544;-48,98816;SPRF-SC;DEL03-SC;UOP03-DEL03-SC;;;
705603;18/07/2025;sexta-feira;19:00:00;PR;476;197;LAPA;Pedestre cruzava a pista fora da faixa;Atropelamento de Pedestre;Com V�timas Fatais;Plena Noite;Decrescente;Nublado;Simples;Reta;N�o;2;1;0;0;1;0;0;2;-25,76071985;-49,73404594;SPRF-PR;DEL01-PR;UOP06-DEL01-PR;;;
705604;18/07/2025;sexta-feira;18:45:00;DF;60;0;BRASILIA;Manobra de mudan�a de faixa;Tombamento;Com V�timas Feridas;Plena Noite;Crescente;C�u Claro;M�ltipla;Reta;Sim;2;0;1;0;1;0;1;2;-15,882637;-48,06124;SPRF-DF;DEL03-DF;UOP01-DEL03-DF;;;
705606;18/07/2025;sexta-feira;18:40:00;SC;101;217;PALHOCA;Pedestre andava na pista;Atropelamento de Pedestre;Com V�timas Feridas;Plena Noite;Decrescente;C�u Claro;Dupla;Reta;Sim;2;0;0;1;1;0;1;2;-27,672992;-48,671673;SPRF-SC;DEL01-SC;UOP02-DEL01-SC;;;
705607;18/07/2025;sexta-feira;18:30:00;MG;40;709,3;BARBACENA;Pedestre andava na pista;Sa�da de leito carro��vel;Com V�timas Feridas;Plena Noite;Crescente;C�u Claro;Dupla;"Curva;Declive";N�o;4;0;3;0;1;0;3;1;-21,2421035;-43,691711;SPRF-MG;DEL05-MG;UOP02-DEL05-MG;;;
705608;18/07/2025;sexta-feira;18:30:00;PR;277;78,8;CURITIBA;Condutor deixou de manter dist�ncia do ve�culo da frente;Colis�o traseira;Com V�timas Feridas;Anoitecer;Decrescente;C�u Claro;Dupla;Reta;Sim;2;0;1;0;1;0;1;2;-25,478327;-49,202582;SPRF-PR;DEL01-PR;UOP07-DEL01-PR;;;
705610;18/07/2025;sexta-feira;18:34:00;SC;101;108;PENHA;Trafegar com motocicleta (ou similar) entre as faixas;Colis�o traseira;Com V�timas Feridas;Plena Noite;Crescente;Nublado;Dupla;Reta;Sim;5;0;1;2;2;0;3;4;-26,82523705;-48,68976943;SPRF-SC;DEL03-SC;UOP02-DEL03-SC;;;
705611;18/07/2025;sexta-feira;16:30:00;AC;364;131;RIO BRANCO;Aus�ncia de rea��o do condutor;Colis�o traseira;Sem V�timas;Pleno dia;Decrescente;C�u Claro;Dupla;Reta;Sim;2;0;0;0;2;0;0;2;-10,01225634;-67,84297943;SPRF-AC;DEL01-AC;UOP01-DEL01-AC;;;
705612;18/07/2025;sexta-feira;07:15:00;PI;135;539;SAO GONCALO DO GURGUEIA;Transitar na contram�o;Colis�o transversal;Com V�timas Feridas;Pleno dia;Crescente;C�u Claro;Simples;Reta;N�o;3;0;1;0;2;0;1;2;-10,038605;-45,297773;SPRF-PI;DEL03-PI;UOP02-DEL03-PI;;;
705613;18/07/2025;sexta-feira;18:50:00;MG;116;768,3;LEOPOLDINA;Aus�ncia de rea��o do condutor;Colis�o traseira;Com V�timas Feridas;Plena Noite;Crescente;C�u Claro;Simples;Reta;Sim;3;0;0;1;2;0;1;2;-21,5425388;-42,6556649;SPRF-MG;DEL07-MG;UOP01-DEL07-MG;;;
705614;18/07/2025;sexta-feira;19:00:00;MG;381;484;BETIM;Rea��o tardia ou ineficiente do condutor;Colis�o traseira;Com V�timas Feridas;Plena Noite;Crescente;C�u Claro;M�ltipla;"Declive;Reta";Sim;2;0;1;0;1;0;1;2;-19,959527;-44,087027;SPRF-MG;DEL01-MG;UOP03-DEL01-MG;;;
705615;18/07/2025;sexta-feira;19:55:00;RJ;116;181,2;NOVA IGUACU;Rea��o tardia ou ineficiente do condutor;Colis�o lateral mesmo sentido;Com V�timas Feridas;Plena Noite;Crescente;C�u Claro;Dupla;Reta;N�o;3;0;1;0;2;0;1;2;-22,7556;-43,43275;SPRF-RJ;DEL06-RJ;UOP01-DEL06-RJ;;;
705616;18/07/2025;sexta-feira;18:50:00;SP;116;115;TAUBATE;Mal s�bito do condutor;Sa�da de leito carro��vel;Com V�timas Feridas;Plena Noite;Crescente;C�u Claro;Dupla;Reta;Sim;1;0;1;0;0;0;1;1;-23,0480933;-45,5978277;SPRF-SP;DEL02-SP;UOP02-DEL02-SP;;;
705618;18/07/2025;sexta-feira;17:30:00;PE;316;25;ARARIPINA;Ingest�o de �lcool pelo condutor;Colis�o transversal;Com V�timas Feridas;Pleno dia;Decrescente;C�u Claro;Simples;Interse��o de Vias;Sim;2;0;0;1;1;0;1;2;-7,58818604;-40,49671825;SPRF-PE;DEL05-PE;UOP02-DEL05-PE;;;
705620;18/07/2025;sexta-feira;20:25:00;SC;101;129,4;CAMBORIU;Pedestre cruzava a pista fora da faixa;Atropelamento de Pedestre;Com V�timas Feridas;Plena Noite;Crescente;C�u Claro;Simples;Reta;Sim;2;0;0;1;1;0;1;2;-26,982322;-48,675212;SPRF-SC;DEL04-SC;UOP03-DEL04-SC;;;
705621;18/07/2025;sexta-feira;19:10:00;PE;232;82,1;GRAVATA;Aus�ncia de rea��o do condutor;Colis�o traseira;Com V�timas Feridas;Plena Noite;Crescente;C�u Claro;Dupla;Reta;Sim;3;0;1;1;0;1;2;2;-8,19941071;-35,5882558;SPRF-PE;DEL02-PE;UOP02-DEL02PE;;;
705622;18/07/2025;sexta-feira;18:30:00;PR;369;59;BANDEIRANTES;Convers�o proibida;Colis�o transversal;Com V�timas Feridas;Plena Noite;Crescente;Nublado;Simples;Aclive;Sim;3;0;3;0;0;0;3;2;-23,117445;-50,375086;SPRF-PR;DEL07-PR;UOP05-DEL07-PR;;;
705623;18/07/2025;sexta-feira;19:15:00;PB;230;393;SAO BENTINHO;Transitar na contram�o;Colis�o frontal;Com V�timas Fatais;Plena Noite;Crescente;C�u Claro;Simples;"Aclive;Reta";N�o;5;1;3;0;0;1;3;3;-6,868931;-37,734957;SPRF-PB;DEL03-PB;UOP02-DEL03-PB;;;
705624;18/07/2025;sexta-feira;18:30:00;RS;468;100;TRES PASSOS;Acessar a via sem observar a presen�a dos outros ve�culos;Colis�o transversal;Com V�timas Feridas;Plena Noite;Crescente;C�u Claro;M�ltipla;Interse��o de Vias;Sim;3;0;1;0;0;2;1;3;-27,473792;-53,919097;SPRF-RS;DEL08-RS;UOP02-DEL08-RS;;;