id;data_inversa;dia_semana;horario;uf;br;km;municipio;causa_acidente;tipo_acidente;classificacao_acidente;fase_dia;sentido_via;condicao_metereologica;tipo_pista;tracado_via;uso_solo;pessoas;mortos;feridos_leves;feridos_graves;ilesos;ignorados;feridos;veiculos;latitude;longitude;regional;delegacia;uop;;;
705627;18/07/2025;sexta-feira;21:00:00;PR;369;138;IBIPORA;Acessar a via sem observar a presen�a dos outros ve�culos;Colis�o transversal;Com V�timas Feridas;Plena Noite;Crescente;C�u Claro;Simples;"Reta;Declive";Sim;2;0;0;2;0;0;2;2;-23,27158224;-51,0493025;SPRF-PR;DEL07-PR;UOP01-DEL07-PR;;;
705628;18/07/2025;sexta-feira;17:30:00;RJ;493;17;GUAPIMIRIM;Pedestre cruzava a pista fora da faixa;Atropelamento de Pedestre;Com V�timas Feridas;Pleno dia;Crescente;C�u Claro;Simples;Reta;Sim;3;0;1;0;2;0;1;2;-22,66807587;-43,00967216;SPRF-RJ;DEL04-RJ;UOP02-DEL04-RJ;;;
705629;18/07/2025;sexta-feira;21:00:00;ES;101;270;SERRA;Acessar a via sem observar a presen�a dos outros ve�culos;Colis�o transversal;Com V�timas Feridas;Plena Noite;Crescente;C�u Claro;Dupla;Reta;Sim;2;0;0;1;1;0;1;2;-20,2265372;-40,2707054;SPRF-ES;DEL02-ES;UOP01-DEL02-ES;;;
705630;18/07/2025;sexta-feira;18:18:00;PI;316;284;DOM EXPEDITO LOPES;Entrada inopinada do pedestre;Atropelamento de Pedestre;Com V�timas Feridas;Plena Noite;Crescente;C�u Claro;Simples;Reta;N�o;2;0;0;2;0;0;2;2;-6,969694;-41,658917;SPRF-PI;DEL04-PI;UOP01-DEL04-PI;;;
705632;18/07/2025;sexta-feira;20:50:00;CE;116;7,9;FORTALEZA;Rea��o tardia ou ineficiente do condutor;Tombamento;Com V�timas Fatais;Plena Noite;Decrescente;Nublado;M�ltipla;Reta;Sim;3;1;0;0;1;1;0;3;-3,81774;-38,50223;SPRF-CE;DEL01-CE;UOP02-DEL01-CE;;;
705633;18/07/2025;sexta-feira;11:00:00;RO;364;842;PORTO VELHO;Aus�ncia de rea��o do condutor;Colis�o traseira;Sem V�timas;Pleno dia;Decrescente;C�u Claro;Simples;Reta;N�o;5;0;0;0;4;1;0;2;-9,428435;-64,699612;SPRF-RO;DEL01-RO;UOP02-DEL01-RO;;;
705634;18/07/2025;sexta-feira;18:45:00;PI;222;117,9;BATALHA;Aus�ncia de rea��o do condutor;Atropelamento de Pedestre;Com V�timas Fatais;Plena Noite;Decrescente;C�u Claro;Simples;Reta;N�o;2;1;0;0;0;1;0;2;-4,0673146;-42,06110002;SPRF-PI;DEL02-PI;UOP01-DEL02-PI;;;
705635;18/07/2025;sexta-feira;18:40:00;MS;163;375,7;NOVA ALVORADA DO SUL;Rea��o tardia ou ineficiente do condutor;Sa�da de leito carro��vel;Sem V�timas;Plena Noite;Crescente;C�u Claro;Simples;Aclive;N�o;1;0;0;0;0;1;0;1;-21,377885;-54,412349;SPRF-MS;DEL02-MS;UOP01-DEL02-MS;;;
705637;18/07/2025;sexta-feira;21:22:00;DF;70;18;BRASILIA;Rea��o tardia ou ineficiente do condutor;Queda de ocupante de ve�culo;Com V�timas Feridas;Plena Noite;Crescente;C�u Claro;Dupla;Curva;N�o;1;0;1;0;0;0;1;1;-15,789323;-48,225998;SPRF-DF;DEL03-DF;UOP02-DEL03-DF;;;
705638;18/07/2025;sexta-feira;19:35:00;SC;101;207;SAO JOSE;Condutor deixou de manter dist�ncia do ve�culo da frente;Colis�o lateral mesmo sentido;Com V�timas Feridas;Plena Noite;Decrescente;C�u Claro;M�ltipla;"Declive;Reta";N�o;2;0;1;0;1;0;1;2;-27,59568236;-48,61933915;SPRF-SC;DEL01-SC;UOP01-DEL01-SC;;;
705640;07/07/2025;segunda-feira;08:20:00;MG;381;354;JOAO MONLEVADE;Acessar a via sem observar a presen�a dos outros ve�culos;Colis�o transversal;Com V�timas Feridas;Pleno dia;Crescente;Chuva;Simples;Reta;Sim;3;0;0;1;2;0;1;2;-19,84350097;-43,2023803;SPRF-MG;DEL03-MG;UOP01-DEL03-MG;;;
705641;18/07/2025;sexta-feira;21:23:00;MA;222;663,2;ACAILANDIA;Transitar no Acostamento;Colis�o transversal;Com V�timas Feridas;Plena Noite;Crescente;C�u Claro;Simples;"Reta;Interse��o de Vias";Sim;3;0;1;0;2;0;1;2;-4,90547;-47,40479;SPRF-MA;DEL04-MA;UOP03-DEL04-MA;;;
705642;18/07/2025;sexta-feira;18:00:00;PA;230;1126;ITAITUBA;Ultrapassagem Indevida;Colis�o frontal;Com V�timas Feridas;Plena Noite;Decrescente;C�u Claro;Simples;"Aclive;Curva";N�o;5;0;0;1;4;0;1;2;-4,39129783;-55,8871261;SPRF-PA;DEL05-PA;UOP02-DEL05-PA;;;
705644;18/07/2025;sexta-feira;22:00:00;GO;153;379,5;SAO FRANCISCO DE GOIAS;Demais falhas mec�nicas ou el�tricas;Tombamento;Com V�timas Feridas;Plena Noite;Crescente;C�u Claro;Simples;"Declive;Reta";N�o;2;0;1;0;1;0;1;1;-15,915488;-49,220373;SPRF-GO;DEL02-GO;UOP02-DEL02-GO;;;
705646;18/07/2025;sexta-feira;21:00:00;RS;116;251;SAPUCAIA DO SUL;Manobra de mudan�a de faixa;Queda de ocupante de ve�culo;Com V�timas Feridas;Plena Noite;Decrescente;C�u Claro;M�ltipla;Reta;Sim;2;0;2;0;0;0;2;1;-29,80410591;-51,16614613;SPRF-RS;DEL01-RS;UOP02-DEL01-RS;;;
705647;18/07/2025;sexta-feira;19:00:00;RO;364;21;VILHENA;Velocidade Incompat�vel;Colis�o traseira;Com V�timas Feridas;Plena Noite;Decrescente;C�u Claro;Simples;Reta;N�o;3;0;1;0;0;2;1;3;-12,72576462;-60,19725529;SPRF-RO;DEL04-RO;UOP01-DEL04-RO;;;
705648;18/07/2025;sexta-feira;21:50:00;BA;101;718;EUNAPOLIS;Acessar a via sem observar a presen�a dos outros ve�culos;Colis�o lateral mesmo sentido;Com V�timas Feridas;Plena Noite;Crescente;Nublado;Simples;"Interse��o de Vias;Rotat�ria";Sim;3;0;1;0;1;1;1;2;-16,37501678;-39,58120734;SPRF-BA;DEL09-BA;UOP01-DEL09-BA;;;
705649;18/07/2025;sexta-feira;22:30:00;SC;101;102,7;BALNEARIO PICARRAS;Trafegar com motocicleta (ou similar) entre as faixas;Colis�o lateral mesmo sentido;Com V�timas Feridas;Pleno dia;Crescente;Nublado;M�ltipla;Reta;Sim;3;0;0;1;2;0;1;3;-26,78030221;-48,68433444;SPRF-SC;DEL03-SC;UOP02-DEL03-SC;;;
705650;18/07/2025;sexta-feira;21:10:00;RS;470;346,7;SAO JERONIMO;Acessar a via sem observar a presen�a dos outros ve�culos;Colis�o transversal;Com V�timas Feridas;Plena Noite;Crescente;Nublado;Simples;Reta;Sim;3;0;1;0;2;0;1;2;-29,98138;-51,734603;SPRF-RS;DEL02-RS;UOP01-DEL02-RS;;;
705651;18/07/2025;sexta-feira;22:30:00;PR;376;17;MARINGA;Ingest�o de �lcool pelo condutor;Colis�o com objeto;Com V�timas Feridas;Plena Noite;Crescente;C�u Claro;Dupla;Curva;Sim;1;0;1;0;0;0;1;1;-23,432088;-51,886717;SPRF-PR;DEL09-PR;UOP01-DEL09-PR;;;
705652;18/07/2025;sexta-feira;21:00:00;GO;60;119;TEREZOPOLIS DE GOIAS;Rea��o tardia ou ineficiente do condutor;Colis�o traseira;Sem V�timas;Plena Noite;Decrescente;C�u Claro;Dupla;"Reta;Aclive";Sim;3;0;0;0;3;0;0;2;-16,489844;-49,098312;SPRF-GO;DEL01-GO;UOP01-DEL01-GO;;;
705653;18/07/2025;sexta-feira;22:25:00;SP;116;201;ARUJA;Condutor Dormindo;Colis�o traseira;Com V�timas Feridas;Plena Noite;Decrescente;C�u Claro;Dupla;Reta;Sim;2;0;1;0;0;1;1;2;-23,40464071;-46,33305287;SPRF-SP;DEL01-SP;UOP01-DEL01-SP;;;
705654;18/07/2025;sexta-feira;22:39:00;SP;116;375;MIRACATU;Pedestre andava na pista;Atropelamento de Pedestre;Com V�timas Feridas;Plena Noite;Crescente;Nublado;Dupla;Reta;Sim;3;0;1;0;2;0;1;2;-24,17899017;-47,34812164;SPRF-SP;DEL04-SP;UOP02-DEL04-SP;;;
705655;18/07/2025;sexta-feira;22:05:00;BA;324;625,9;SALVADOR;Demais falhas mec�nicas ou el�tricas;Inc�ndio;Sem V�timas;Plena Noite;Decrescente;Chuva;Dupla;Reta;Sim;1;0;0;0;1;0;0;1;-12,97088895;-38,47534988;SPRF-BA;DEL01-BA;UOP01-DEL01-BA;;;
705656;18/07/2025;sexta-feira;22:00:00;MG;365;392;PATOS DE MINAS;Transitar na contram�o;Colis�o lateral sentido oposto;Com V�timas Feridas;Plena Noite;Crescente;C�u Claro;Simples;Curva;N�o;7;0;4;0;3;0;4;3;-18,63365142;-46,36825705;SPRF-MG;DEL10-MG;UOP01-DEL10-MG;;;
705658;18/07/2025;sexta-feira;20:30:00;RJ;493;105;SEROPEDICA;Manobra de mudan�a de faixa;Sa�da de leito carro��vel;Com V�timas Feridas;Plena Noite;Decrescente;C�u Claro;Dupla;Reta;N�o;2;0;1;0;1;0;1;1;-22,7805054;-43,750617;SPRF-RJ;DEL01-RJ;UOP03-DEL01-RJ;;;
705659;18/07/2025;sexta-feira;12:40:00;AM;0;0;MANAUS;Frear bruscamente;Engavetamento;Sem V�timas;Pleno dia;N�o Informado;C�u Claro;Dupla;Reta;N�o;11;0;0;0;10;1;0;4;-3,000892;-60,031755;SPRF-AM;DEL01-AM;UOP03-DEL01-AM;;;
705661;18/07/2025;sexta-feira;21:00:00;MG;381;610,9;OLIVEIRA;Entrada inopinada do pedestre;Atropelamento de Pedestre;Com V�timas Fatais;Plena Noite;Decrescente;Ignorado;Dupla;Reta;N�o;3;1;0;0;1;1;0;2;-20,686211;-44,740174;SPRF-MG;DEL04-MG;UOP01-DEL04-MG;;;
705663;18/07/2025;sexta-feira;23:15:00;PI;343;14;PARNAIBA;Desrespeitar a prefer�ncia no cruzamento;Colis�o transversal;Com V�timas Feridas;Plena Noite;Crescente;C�u Claro;Dupla;Rotat�ria;N�o;2;0;1;0;1;0;1;2;-2,965504;-41,7759232;SPRF-PI;DEL05-PI;UOP01-DEL05-PI;;;
705665;18/07/2025;sexta-feira;20:45:00;MG;262;418;PARA DE MINAS;Acessar a via sem observar a presen�a dos outros ve�culos;Colis�o transversal;Com V�timas Fatais;Plena Noite;Decrescente;C�u Claro;Dupla;Declive;N�o;2;1;0;0;1;0;0;2;-19,88411644;-44,73943306;SPRF-MG;DEL08-MG;UOP03-DEL08-MG;;;
705667;18/07/2025;sexta-feira;20:40:00;MT;163;781;SORRISO;Aus�ncia de rea��o do condutor;Colis�o traseira;Sem V�timas;Plena Noite;Decrescente;C�u Claro;Simples;Reta;N�o;2;0;0;0;0;2;0;2;-12,30152339;-55,57324648;SPRF-MT;DEL06-MT;UOP02-DEL06-MT;;;
705668;19/07/2025;s�bado;00:09:00;SC;470;126,7;LONTRAS;Acessar a via sem observar a presen�a dos outros ve�culos;Colis�o transversal;Com V�timas Fatais;Plena Noite;Decrescente;Ignorado;Simples;"Reta;Declive;Interse��o de Vias";N�o;2;1;1;0;0;0;1;2;-27,1359409;-49,542396;SPRF-SC;DEL04-SC;UOP02-DEL04-SC;;;
705670;18/07/2025;sexta-feira;20:50:00;MG;251;365,3;GRAO MOGOL;Acessar a via sem observar a presen�a dos outros ve�culos;Colis�o transversal;Com V�timas Feridas;Plena Noite;Decrescente;C�u Claro;Simples;Curva;N�o;4;0;3;0;0;1;3;2;-16,252286;-42,629087;SPRF-MG;DEL12-MG;UOP02-DEL12-MG;;;
705671;18/07/2025;sexta-feira;17:06:00;RO;435;51,7;VILHENA;Rea��o tardia ou ineficiente do condutor;Sa�da de leito carro��vel;Com V�timas Feridas;Pleno dia;Decrescente;C�u Claro;Simples;Reta;N�o;1;0;1;0;0;0;1;1;-12,98738154;-60,40331704;SPRF-RO;DEL04-RO;UOP02-DEL04-RO;;;
705673;19/07/2025;s�bado;00:15:00;PB;230;215,2;SOLEDADE;Condutor Dormindo;Colis�o frontal;Com V�timas Feridas;Plena Noite;Crescente;C�u Claro;Simples;Reta;Sim;2;0;1;0;1;0;1;2;-7,057587;-36,364376;SPRF-PB;DEL02-PB;UOP02-DEL02-PB;;;
705674;18/07/2025;sexta-feira;18:30:00;CE;402;198,4;MORRINHOS;Modifica��o proibida;Atropelamento de Pedestre;Com V�timas Fatais;Plena Noite;Crescente;Vento;Simples;Reta;N�o;2;1;0;1;0;0;1;2;-3,22484323;-40,10559082;SPRF-CE;DEL01-CE;UOP03-DEL01-CE;;;
705675;19/07/2025;s�bado;02:50:00;CE;116;23;AQUIRAZ;Rea��o tardia ou ineficiente do condutor;Sa�da de leito carro��vel;Com V�timas Feridas;Plena Noite;Decrescente;C�u Claro;Dupla;Retorno Regulamentado;N�o;2;0;1;1;0;0;2;1;-3,95138428;-38,51229429;SPRF-CE;DEL01-CE;UOP02-DEL01-CE;;;
705677;18/07/2025;sexta-feira;12:00:00;RJ;101;295;ITABORAI;Rea��o tardia ou ineficiente do condutor;Colis�o lateral mesmo sentido;Com V�timas Feridas;Pleno dia;Crescente;C�u Claro;Dupla;Reta;Sim;2;0;1;0;1;0;1;2;-22,76406745;-42,9027972;SPRF-RJ;DEL02-RJ;UOP02-DEL02-RJ;;;
705679;23/05/2025;sexta-feira;17:07:00;BA;324;600;SIMOES FILHO;Aus�ncia de rea��o do condutor;Queda de ocupante de ve�culo;Com V�timas Feridas;Pleno dia;Decrescente;Ignorado;Dupla;Reta;Sim;1;0;1;0;0;0;1;1;-12,77075662;-38,42161417;SPRF-BA;DEL01-BA;UOP01-DEL01-BA;;;
705680;19/07/2025;s�bado;03:30:00;PR;369;81;SANTA MARIANA;Demais falhas mec�nicas ou el�tricas;Sa�da de leito carro��vel;Com V�timas Feridas;Plena Noite;Crescente;C�u Claro;Simples;Reta;N�o;1;0;0;1;0;0;1;1;-23,14409572;-50,58736039;SPRF-PR;DEL07-PR;UOP05-DEL07-PR;;;
705683;18/07/2025;sexta-feira;17:00:00;RJ;40;123;DUQUE DE CAXIAS;Rea��o tardia ou ineficiente do condutor;Queda de ocupante de ve�culo;Com V�timas Feridas;Anoitecer;Decrescente;Nublado;Dupla;Reta;Sim;2;0;1;0;1;0;1;1;-22,79947993;-43,29020667;SPRF-RJ;DEL01-RJ;UOP02-DEL01-RJ;;;
705684;19/07/2025;s�bado;03:55:00;SC;101;62,5;ARAQUARI;Ingest�o de �lcool pelo condutor;Colis�o com objeto;Com V�timas Feridas;Plena Noite;Decrescente;Nublado;Dupla;Reta;Sim;1;0;1;0;0;0;1;1;-26,4668896;-48,7500522;SPRF-SC;DEL03-SC;UOP02-DEL03-SC;;;
705685;19/07/2025;s�bado;03:45:00;RJ;40;119;DUQUE DE CAXIAS;Pedestre cruzava a pista fora da faixa;Atropelamento de Pedestre;Com V�timas Fatais;Amanhecer;Crescente;C�u Claro;M�ltipla;Reta;Sim;2;1;0;0;1;0;0;2;-22,77107367;-43,28617024;SPRF-RJ;DEL01-RJ;UOP02-DEL01-RJ;;;
705686;18/07/2025;sexta-feira;15:30:00;CE;222;146;IRAUCUBA;Demais falhas mec�nicas ou el�tricas;Inc�ndio;Sem V�timas;Pleno dia;Decrescente;C�u Claro;Simples;Reta;N�o;1;0;0;0;0;1;0;1;-3,751283;-39,762588;SPRF-CE;DEL04-CE;UOP03-DEL04-CE;;;
705687;19/07/2025;s�bado;04:45:00;SC;101;199;SAO JOSE;Velocidade Incompat�vel;Colis�o com objeto;Com V�timas Feridas;Plena Noite;Decrescente;C�u Claro;Dupla;Reta;Sim;2;0;1;0;0;1;1;2;-27,53577318;-48,62755744;SPRF-SC;DEL01-SC;UOP01-DEL01-SC;;;
705689;19/07/2025;s�bado;01:40:00;MS;267;236,1;NOVA ALVORADA DO SUL;Animais na Pista;Atropelamento de Animal;Sem V�timas;Plena Noite;Decrescente;C�u Claro;Simples;Reta;N�o;1;0;0;0;0;1;0;1;-21,48671593;-54,28853273;SPRF-MS;DEL02-MS;UOP01-DEL02-MS;;;
705690;19/07/2025;s�bado;05:20:00;SC;101;148,7;ITAPEMA;Aus�ncia de rea��o do condutor;Colis�o traseira;Com V�timas Fatais;Amanhecer;Decrescente;C�u Claro;M�ltipla;"Reta;Aclive";Sim;3;1;0;1;1;0;1;3;-27,106543;-48,614373;SPRF-SC;DEL04-SC;UOP03-DEL04-SC;;;
705692;19/07/2025;s�bado;04:45:00;PR;277;2;PARANAGUA;Pista Escorregadia;Colis�o com objeto;Sem V�timas;Plena Noite;Decrescente;C�u Claro;Simples;Reta;N�o;1;0;0;0;1;0;0;1;-25,547643;-48,546619;SPRF-PR;DEL01-PR;UOP05-DEL01-PR;;;
705693;19/07/2025;s�bado;04:40:00;MG;381;488;BETIM;Rea��o tardia ou ineficiente do condutor;Colis�o traseira;Sem V�timas;Plena Noite;Crescente;C�u Claro;Dupla;Reta;Sim;2;0;0;0;2;0;0;2;-19,95586;-44,129111;SPRF-MG;DEL01-MG;UOP03-DEL01-MG;;;
705694;19/07/2025;s�bado;05:00:00;SC;101;219;PALHOCA;Rea��o tardia ou ineficiente do condutor;Colis�o com objeto;Com V�timas Feridas;Plena Noite;Decrescente;C�u Claro;Dupla;"Curva;Declive;Viaduto";N�o;2;0;0;1;1;0;1;1;-27,684382;-48,666793;SPRF-SC;DEL01-SC;UOP02-DEL01-SC;;;
705695;19/07/2025;s�bado;05:30:00;MG;381;354;JOAO MONLEVADE;Condutor Dormindo;Sa�da de leito carro��vel;Com V�timas Feridas;Amanhecer;Decrescente;C�u Claro;Simples;Reta;N�o;2;0;1;0;1;0;1;1;-19,847483;-43,205494;SPRF-MG;DEL03-MG;UOP01-DEL03-MG;;;
705696;19/07/2025;s�bado;05:20:00;SC;280;57,3;GUARAMIRIM;Pedestre cruzava a pista fora da faixa;Atropelamento de Pedestre;Com V�timas Feridas;Plena Noite;Decrescente;Nublado;Simples;"Declive;Viaduto;Reta";Sim;2;0;0;1;1;0;1;2;-26,478289;-48,999406;SPRF-SC;DEL03-SC;UOP03-DEL03-SC;;;
705697;19/07/2025;s�bado;05:00:00;RS;101;23,5;TRES CACHOEIRAS;Objeto est�tico sobre o leito carro��vel;Colis�o com objeto;Com V�timas Feridas;Plena Noite;Crescente;Nublado;Dupla;Reta;Sim;1;0;1;0;0;0;1;1;-29,44933022;-49,91511432;SPRF-RS;DEL03-RS;UOP02-DEL03-RS;;;
705698;18/07/2025;sexta-feira;17:30:00;GO;60;128;GOIANAPOLIS;Demais falhas mec�nicas ou el�tricas;Inc�ndio;Sem V�timas;Anoitecer;Decrescente;C�u Claro;Dupla;Reta;N�o;1;0;0;0;1;0;0;1;-16,57162635;-49,1573149;SPRF-GO;DEL01-GO;UOP01-DEL01-GO;;;
705700;18/07/2025;sexta-feira;23:15:00;SC;470;118;IBIRAMA;Condutor deixou de manter dist�ncia do ve�culo da frente;Colis�o traseira;Com V�timas Feridas;Plena Noite;Crescente;C�u Claro;Simples;Aclive;N�o;2;0;1;0;1;0;1;2;-27,08802421;-49,5191896;SPRF-SC;DEL04-SC;UOP02-DEL04-SC;;;
705701;19/07/2025;s�bado;04:45:00;PI;316;4;TERESINA;Pedestre andava na pista;Atropelamento de Pedestre;Com V�timas Fatais;Amanhecer;Crescente;C�u Claro;Simples;Reta;Sim;2;1;0;0;1;0;0;2;-5,139902;-42,785302;SPRF-PI;DEL01-PI;UOP02-DEL01-PI;;;
705705;19/07/2025;s�bado;00:10:00;BA;101;733;ITABELA;Ingest�o de �lcool pelo condutor;Queda de ocupante de ve�culo;Com V�timas Feridas;Plena Noite;Decrescente;Ignorado;Simples;Declive;N�o;1;0;1;0;0;0;1;1;-16,48517795;-39,57993508;SPRF-BA;DEL09-BA;UOP01-DEL09-BA;;;
705706;19/07/2025;s�bado;06:08:00;PR;277;449,5;LARANJEIRAS DO SUL;Transitar na contram�o;Colis�o frontal;Com V�timas Fatais;Amanhecer;Crescente;C�u Claro;Simples;Reta;N�o;4;2;1;0;1;0;1;2;-25,3708487;-52,3723838;SPRF-PR;DEL04-PR;UOP02-DEL04-PR;;;
705708;19/07/2025;s�bado;06:00:00;MG;381;767,9;CAMPANHA;Acessar a via sem observar a presen�a dos outros ve�culos;Atropelamento de Pedestre;Com V�timas Feridas;Amanhecer;Crescente;C�u Claro;Dupla;Reta;N�o;4;0;0;1;3;0;1;2;-21,75173;-45,38612;SPRF-MG;DEL16-MG;UOP02-DEL16-MG;;;
705709;19/07/2025;s�bado;07:00:00;MG;262;802;UBERABA;Ingest�o de �lcool pelo condutor;Sa�da de leito carro��vel;Sem V�timas;Pleno dia;Crescente;C�u Claro;Dupla;Reta;N�o;1;0;0;0;1;0;0;1;-19,7433373;-47,9906564;SPRF-MG;DEL13-MG;UOP01-DEL13-MG;;;
705710;19/07/2025;s�bado;06:30:00;SC;101;158,1;PORTO BELO;Demais falhas mec�nicas ou el�tricas;Inc�ndio;Sem V�timas;Amanhecer;Crescente;C�u Claro;M�ltipla;Reta;Sim;4;0;0;0;4;0;0;1;-27,19096301;-48,66625786;SPRF-SC;DEL04-SC;UOP03-DEL04-SC;;;
705712;19/07/2025;s�bado;06:50:00;PR;476;115;COLOMBO;Rea��o tardia ou ineficiente do condutor;Colis�o traseira;Sem V�timas;Amanhecer;Decrescente;C�u Claro;M�ltipla;Reta;N�o;2;0;0;0;1;1;0;2;-25,34588166;-49,17741346;SPRF-PR;DEL01-PR;UOP01-DEL01-PR;;;
705713;18/07/2025;sexta-feira;18:00:00;BA;101;550;ARATACA;Transitar na contram�o;Colis�o frontal;Com V�timas Feridas;Plena Noite;Crescente;Garoa/Chuvisco;Simples;Curva;N�o;3;0;2;1;0;0;3;2;-15,14116;-39,38088;SPRF-BA;DEL05-BA;UOP02-DEL05-BA;;;
705714;19/07/2025;s�bado;06:50:00;SP;116;399;MIRACATU;Velocidade Incompat�vel;Sa�da de leito carro��vel;Sem V�timas;Pleno dia;Decrescente;C�u Claro;Dupla;Reta;Sim;2;0;0;0;1;1;0;1;-24,27134431;-47,40239239;SPRF-SP;DEL04-SP;UOP02-DEL04-SP;;;
705716;19/07/2025;s�bado;06:30:00;SP;116;145;SAO JOSE DOS CAMPOS;Aus�ncia de rea��o do condutor;Colis�o traseira;Com V�timas Feridas;Pleno dia;Crescente;Nevoeiro/Neblina;Dupla;Declive;Sim;2;0;0;1;1;0;1;2;-23,1899018;-45,86232758;SPRF-SP;DEL02-SP;UOP01-DEL02-SP;;;
705717;19/07/2025;s�bado;04:40:00;BA;349;1097;CORRENTINA;Rea��o tardia ou ineficiente do condutor;Sa�da de leito carro��vel;Com V�timas Fatais;Plena Noite;Crescente;C�u Claro;Simples;Reta;N�o;4;1;1;2;0;0;3;1;-13,73004693;-45,95718384;SPRF-BA;DEL10-BA;UOP02-DEL10-BA;;;
705719;19/07/2025;s�bado;07:40:00;RJ;116;185;NOVA IGUACU;Acessar a via sem observar a presen�a dos outros ve�culos;Colis�o traseira;Com V�timas Feridas;Pleno dia;Decrescente;C�u Claro;Dupla;Reta;N�o;3;0;1;0;2;0;1;2;-22,74022;-43,45857;SPRF-RJ;DEL06-RJ;UOP01-DEL06-RJ;;;
705720;19/07/2025;s�bado;08:00:00;PR;376;2,4;APUCARANA;Condutor Dormindo;Colis�o com objeto;Sem V�timas;Pleno dia;Crescente;C�u Claro;Dupla;Reta;N�o;1;0;0;0;1;0;0;1;-23,56570402;-51,43347397;SPRF-PR;DEL07-PR;UOP03-DEL07-PR;;;
705721;19/07/2025;s�bado;00:10:00;RJ;40;104;DUQUE DE CAXIAS;Aus�ncia de rea��o do condutor;Tombamento;Com V�timas Feridas;Plena Noite;Decrescente;Nublado;Dupla;Reta;Sim;1;0;0;1;0;0;1;1;-22,6425056;-43,28389418;SPRF-RJ;DEL01-RJ;UOP02-DEL01-RJ;;;
705723;19/07/2025;s�bado;08:20:00;RN;304;33;MOSSORO;Ingest�o de �lcool pelo condutor;Colis�o traseira;Com V�timas Feridas;Pleno dia;Decrescente;Sol;Dupla;Reta;Sim;3;0;1;0;2;0;1;2;-5,143794;-37,346719;SPRF-RN;DEL04-RN;UOP02-DEL04-RN;;;
705724;19/07/2025;s�bado;07:30:00;SC;101;359,1;SANGAO;Aus�ncia de rea��o do condutor;Sa�da de leito carro��vel;Com V�timas Feridas;Pleno dia;Crescente;Nublado;M�ltipla;Curva;N�o;1;0;1;0;0;0;1;1;-28,66104046;-49,11102176;SPRF-SC;DEL02-SC;UOP01-DEL02-SC;;;
705725;19/07/2025;s�bado;07:30:00;MT;70;324;DOM AQUINO;Ultrapassagem Indevida;Sa�da de leito carro��vel;Com V�timas Feridas;Pleno dia;Decrescente;C�u Claro;Simples;Reta;N�o;9;0;2;0;7;0;2;2;-15,512109;-54,665065;SPRF-MT;DEL05-MT;UOP01-DEL05-MT;;;
705726;19/07/2025;s�bado;08:20:00;RJ;40;91;PETROPOLIS;Avarias e/ou desgaste excessivo no pneu;Tombamento;Com V�timas Feridas;Pleno dia;Decrescente;C�u Claro;Simples;Curva;N�o;1;0;1;0;0;0;1;1;-22,57042916;-43,25322903;SPRF-RJ;DEL01-RJ;UOP01-DEL01-RJ;;;
705727;19/07/2025;s�bado;07:45:00;SC;116;9,6;MAFRA;Retorno proibido;Colis�o transversal;Com V�timas Feridas;Amanhecer;Crescente;Nevoeiro/Neblina;Dupla;Curva;Sim;5;0;2;0;3;0;2;2;-26,166;-49,853;SPRF-SC;DEL06-SC;UOP01-DEL06-SC;;;
705734;19/07/2025;s�bado;09:00:00;SP;116;224,8;GUARULHOS;Aus�ncia de rea��o do condutor;Colis�o lateral mesmo sentido;Com V�timas Feridas;Pleno dia;Crescente;Sol;M�ltipla;"Reta;Em Obras";N�o;2;0;1;0;1;0;1;2;-23,48320853;-46,53697423;SPRF-SP;DEL01-SP;UOP01-DEL01-SP;;;
705736;19/07/2025;s�bado;08:50:00;MA;10;260;IMPERATRIZ;Condutor Dormindo;Colis�o traseira;Com V�timas Feridas;Pleno dia;Decrescente;C�u Claro;Simples;Reta;Sim;6;0;1;0;5;0;1;2;-5,45519999;-47,4724767;SPRF-MA;DEL04-MA;UOP01-DEL04-MA;;;
705737;19/07/2025;s�bado;07:20:00;SP;116;25,2;LAVRINHAS;Aus�ncia de rea��o do condutor;Queda de ocupante de ve�culo;Com V�timas Feridas;Pleno dia;Decrescente;C�u Claro;Dupla;Reta;N�o;1;0;0;1;0;0;1;1;-22,60436408;-44,89324808;SPRF-SP;DEL08-SP;UOP02-DEL08-SP;;;
705739;19/07/2025;s�bado;08:10:00;RJ;116;144;DUQUE DE CAXIAS;Rea��o tardia ou ineficiente do condutor;Queda de ocupante de ve�culo;Com V�timas Feridas;Pleno dia;Crescente;C�u Claro;M�ltipla;Reta;Sim;2;0;2;0;0;0;2;1;-22,66074963;-43,25351715;SPRF-RJ;DEL01-RJ;UOP02-DEL01-RJ;;;
705740;19/07/2025;s�bado;08:23:00;PB;230;19;JOAO PESSOA;Ingest�o de �lcool pelo condutor;Colis�o com objeto;Com V�timas Feridas;Pleno dia;Decrescente;C�u Claro;Dupla;Curva;Sim;4;0;2;1;0;1;3;3;-7,13234969;-34,85334188;SPRF-PB;DEL01-PB;UOP01-DEL01-PB;;;
705741;19/07/2025;s�bado;04:00:00;PR;153;353;REBOUCAS;Aus�ncia de rea��o do condutor;Sa�da de leito carro��vel;Sem V�timas;Plena Noite;Crescente;Ignorado;Simples;Reta;N�o;1;0;0;0;0;1;0;1;-25,627617;-50,723807;SPRF-PR;DEL08-PR;UOP02-DEL08-PR;;;
705744;19/07/2025;s�bado;09:00:00;RJ;101;393;RIO DE JANEIRO;Demais falhas mec�nicas ou el�tricas;Sa�da de leito carro��vel;Com V�timas Feridas;Pleno dia;Decrescente;C�u Claro;Dupla;Reta;N�o;1;0;1;0;0;0;1;1;-22,890796;-43,700476;SPRF-RJ;DEL03-RJ;UOP01-DEL03-RJ;;;