id;data_inversa;dia_semana;horario;uf;br;km;municipio;causa_acidente;tipo_acidente;classificacao_acidente;fase_dia;sentido_via;condicao_metereologica;tipo_pista;tracado_via;uso_solo;pessoas;mortos;feridos_leves;feridos_graves;ilesos;ignorados;feridos;veiculos;latitude;longitude;regional;delegacia;uop;;;
705745;19/07/2025;s�bado;09:10:00;ES;101;159;LINHARES;Acessar a via sem observar a presen�a dos outros ve�culos;Colis�o transversal;Com V�timas Feridas;Pleno dia;Crescente;C�u Claro;Simples;"Interse��o de Vias;Reta";N�o;3;0;1;0;2;0;1;2;-19,46991652;-40,11122469;SPRF-ES;DEL04-ES;UOP01-DEL04-ES;;;
705746;19/07/2025;s�bado;06:48:00;RS;470;159,8;NOVA PRATA;Transitar na contram�o;Colis�o frontal;Com V�timas Fatais;Amanhecer;Crescente;Ignorado;Simples;Curva;Sim;5;1;3;1;0;0;4;2;-28,809793;-51,601108;SPRF-RS;DEL06-RS;UOP02-DEL06-RS;;;
705747;18/07/2025;sexta-feira;15:40:00;AM;174;914;MANAUS;Demais falhas mec�nicas ou el�tricas;Eventos at�picos;Sem V�timas;Pleno dia;Decrescente;C�u Claro;Simples;"Reta;Aclive";N�o;3;0;0;0;3;0;0;1;-2,70941;-60,04852;SPRF-AM;DEL01-AM;UOP01-DEL01-AM;;;
705748;17/07/2025;quinta-feira;17:20:00;SC;280;127,8;RIO NEGRINHO;Convers�o proibida;Colis�o lateral mesmo sentido;Com V�timas Feridas;Pleno dia;Crescente;C�u Claro;Simples;"Reta;Interse��o de Vias";Sim;5;0;1;0;4;0;1;3;-26,243;-49,512;SPRF-SC;DEL06-SC;UOP03-DEL06-SC;;;
705749;19/07/2025;s�bado;07:23:00;BA;367;47;SANTA CRUZ CABRALIA;Velocidade Incompat�vel;Sa�da de leito carro��vel;Com V�timas Feridas;Pleno dia;Crescente;C�u Claro;Simples;Curva;N�o;2;0;0;2;0;0;2;1;-16,371;-39,263;SPRF-BA;DEL09-BA;UOP03-DEL09-BA;;;
705751;05/06/2025;quinta-feira;18:25:00;RJ;465;10;SEROPEDICA;Demais falhas mec�nicas ou el�tricas;Colis�o lateral mesmo sentido;Com V�timas Feridas;Plena Noite;Decrescente;C�u Claro;Simples;Declive;N�o;2;0;1;0;1;0;1;2;-22,8065671;-43,6390686;SPRF-RJ;DEL06-RJ;UOP02-DEL06-RJ;;;
705752;19/07/2025;s�bado;10:00:00;RJ;393;268;BARRA DO PIRAI;Acessar a via sem observar a presen�a dos outros ve�culos;Colis�o transversal;Com V�timas Feridas;Pleno dia;Crescente;Nublado;Simples;"Declive;Interse��o de Vias";N�o;5;0;1;0;4;0;1;2;-22,476744;-43,94410998;SPRF-RJ;DEL05-RJ;UOP04-DEL05-RJ;;;
705753;19/07/2025;s�bado;10:40:00;MG;267;297;BAEPENDI;Desrespeitar a prefer�ncia no cruzamento;Colis�o transversal;Com V�timas Feridas;Pleno dia;Crescente;C�u Claro;Simples;Interse��o de Vias;N�o;7;0;7;0;0;0;7;2;-21,93573756;-44,87289906;SPRF-MG;DEL17-MG;UOP01-DEL17-MG;;;
705754;19/07/2025;s�bado;07:53:00;RJ;101;304;SAO GONCALO;Avarias e/ou desgaste excessivo no pneu;Queda de ocupante de ve�culo;Com V�timas Feridas;Pleno dia;Decrescente;C�u Claro;Dupla;Reta;Sim;2;0;1;0;1;0;1;1;-22,78504467;-42,98624039;SPRF-RJ;DEL02-RJ;UOP02-DEL02-RJ;;;
705758;19/07/2025;s�bado;11:24:00;SP;116;215;GUARULHOS;Rea��o tardia ou ineficiente do condutor;Colis�o traseira;Com V�timas Feridas;Pleno dia;Crescente;C�u Claro;M�ltipla;Reta;Sim;5;0;2;0;3;0;2;2;-23,44954593;-46,46032333;SPRF-SP;DEL01-SP;UOP01-DEL01-SP;;;
705759;19/07/2025;s�bado;10:50:00;SC;101;206,8;SAO JOSE;Manobra de mudan�a de faixa;Colis�o lateral mesmo sentido;Com V�timas Feridas;Pleno dia;Crescente;C�u Claro;M�ltipla;Reta;N�o;2;0;1;0;1;0;1;2;-27,599183;-48,621763;SPRF-SC;DEL01-SC;UOP01-DEL01-SC;;;
705761;19/07/2025;s�bado;10:50:00;SC;280;132,5;RIO NEGRINHO;Acessar a via sem observar a presen�a dos outros ve�culos;Colis�o traseira;Sem V�timas;Pleno dia;Decrescente;C�u Claro;Simples;"Reta;Interse��o de Vias";Sim;5;0;0;0;5;0;0;2;-26,266;-49,551;SPRF-SC;DEL06-SC;UOP03-DEL06-SC;;;
705762;19/07/2025;s�bado;11:20:00;RS;116;265;CANOAS;Rea��o tardia ou ineficiente do condutor;Colis�o traseira;Com V�timas Feridas;Pleno dia;Crescente;C�u Claro;Dupla;Reta;Sim;2;0;1;0;1;0;1;2;-29,9200608;-51,17818737;SPRF-RS;DEL01-RS;UOP01-DEL01-RS;;;
705763;19/07/2025;s�bado;09:30:00;GO;60;258,2;INDIARA;Avarias e/ou desgaste excessivo no pneu;Colis�o traseira;Com V�timas Feridas;Pleno dia;Crescente;Sol;Dupla;Reta;N�o;3;0;1;0;2;0;1;2;-17,160598;-50,037825;SPRF-GO;DEL01-GO;UOP02-DEL01-GO;;;
705765;19/07/2025;s�bado;08:00:00;CE;116;46,1;PACAJUS;Aus�ncia de rea��o do condutor;Sa�da de leito carro��vel;Com V�timas Feridas;Pleno dia;Crescente;Nublado;Dupla;Curva;N�o;1;0;0;1;0;0;1;1;-4,14508;-38,478195;SPRF-CE;DEL01-CE;UOP02-DEL01-CE;;;
705766;19/07/2025;s�bado;11:35:00;SC;101;209,4;SAO JOSE;Acessar a via sem observar a presen�a dos outros ve�culos;Colis�o transversal;Com V�timas Feridas;Pleno dia;Crescente;C�u Claro;M�ltipla;"Reta;Interse��o de Vias";Sim;3;0;1;0;2;0;1;2;-27,613053;-48,642187;SPRF-SC;DEL01-SC;UOP01-DEL01-SC;;;
705767;19/07/2025;s�bado;10:00:00;MT;364;270,6;JACIARA;Rea��o tardia ou ineficiente do condutor;Colis�o traseira;Com V�timas Feridas;Pleno dia;Decrescente;C�u Claro;Dupla;Declive;N�o;3;0;1;0;2;0;1;2;-15,96967391;-54,95396733;SPRF-MT;DEL05-MT;UOP02-DEL05-MT;;;
705769;19/07/2025;s�bado;11:00:00;MA;230;145,7;PASTOS BONS;Aus�ncia de rea��o do condutor;Colis�o frontal;Com V�timas Fatais;Pleno dia;Crescente;C�u Claro;Simples;Reta;Sim;3;1;0;1;0;1;1;2;-6,617617;-44,10735;SPRF-MA;DEL05-MA;UOP01-DEL05-MA;;;
705771;19/07/2025;s�bado;10:20:00;RO;364;341;JI-PARANA;Condutor deixou de manter dist�ncia do ve�culo da frente;Colis�o traseira;Com V�timas Feridas;Pleno dia;Crescente;C�u Claro;Dupla;Reta;Sim;4;0;0;1;3;0;1;2;-10,885447;-61,934983;SPRF-RO;DEL02-RO;UOP01-DEL02-RO;;;
705772;19/07/2025;s�bado;11:15:00;ES;101;268,7;SERRA;Ingest�o de �lcool pelo condutor;Colis�o lateral mesmo sentido;Sem V�timas;Pleno dia;Crescente;C�u Claro;M�ltipla;Reta;Sim;2;0;0;0;1;1;0;2;-20,21415;-40,26961;SPRF-ES;DEL02-ES;UOP01-DEL02-ES;;;
705774;19/07/2025;s�bado;10:30:00;SC;470;67,6;INDAIAL;Desrespeitar a prefer�ncia no cruzamento;Colis�o transversal;Com V�timas Feridas;Pleno dia;Decrescente;Sol;Simples;Interse��o de Vias;Sim;4;0;3;0;1;0;3;2;-26,87533623;-49,23598973;SPRF-SC;DEL04-SC;UOP01-DEL04-SC;;;
705775;19/07/2025;s�bado;07:30:00;PA;10;85;ULIANOPOLIS;Rea��o tardia ou ineficiente do condutor;Colis�o traseira;Com V�timas Feridas;Pleno dia;Decrescente;C�u Claro;Simples;Reta;N�o;9;0;2;0;7;0;2;2;-3,829174;-47,514432;SPRF-PA;DEL02-PA;UOP02-DEL02-PA;;;
705776;19/07/2025;s�bado;03:20:00;MG;365;211;BURITIZEIRO;Rea��o tardia ou ineficiente do condutor;Sa�da de leito carro��vel;Com V�timas Feridas;Plena Noite;Decrescente;C�u Claro;Simples;Curva;N�o;1;0;1;0;0;0;1;1;-17,538539;-45,300246;SPRF-MG;DEL10-MG;UOP02-DEL010-MG;;;
705777;19/07/2025;s�bado;11:30:00;GO;60;92,6;ANAPOLIS;Convers�o proibida;Colis�o transversal;Com V�timas Feridas;Pleno dia;Crescente;C�u Claro;Dupla;"Retorno Regulamentado;Reta";Sim;3;0;2;0;1;0;2;2;-16,35251841;-48,91640134;SPRF-GO;DEL02-GO;UOP01-DEL02-GO;;;
705778;19/07/2025;s�bado;11:15:00;RS;386;233;SOLEDADE;Ultrapassagem Indevida;Colis�o lateral mesmo sentido;Com V�timas Feridas;Pleno dia;Crescente;C�u Claro;Simples;"Reta;Interse��o de Vias;Em Obras";N�o;2;0;1;0;1;0;1;2;-28,721;-52,561;SPRF-RS;DEL04-RS;UOP03-DEL04-RS;;;
705779;19/07/2025;s�bado;11:50:00;PE;101;19;GOIANA;Aus�ncia de rea��o do condutor;Sa�da de leito carro��vel;Com V�timas Feridas;Pleno dia;Decrescente;Chuva;Dupla;Reta;N�o;1;0;1;0;0;0;1;1;-7,58585002;-34,98756856;SPRF-PE;DEL01-PE;UOP02-DEL01-PE;;;
705780;19/07/2025;s�bado;12:00:00;MG;381;478;CONTAGEM;Condutor deixou de manter dist�ncia do ve�culo da frente;Engavetamento;Com V�timas Feridas;Pleno dia;Decrescente;C�u Claro;Dupla;Reta;Sim;3;0;2;0;1;0;2;3;-19,959051;-44,032482;SPRF-MG;DEL01-MG;UOP03-DEL01-MG;;;
705781;19/07/2025;s�bado;09:30:00;RO;319;143;PORTO VELHO;Rea��o tardia ou ineficiente do condutor;Colis�o traseira;Com V�timas Feridas;Pleno dia;Crescente;C�u Claro;Dupla;Reta;Sim;2;0;1;0;1;0;1;2;-8,75890897;-63,885777;SPRF-RO;DEL01-RO;UOP01-DEL01-RO;;;
705782;19/07/2025;s�bado;11:05:00;MG;50;164,5;UBERABA;Frear bruscamente;Colis�o traseira;Com V�timas Feridas;Pleno dia;Crescente;C�u Claro;Dupla;"Reta;Declive";N�o;3;0;1;0;0;2;1;2;-19,687788;-47,991858;SPRF-MG;DEL13-MG;UOP01-DEL13-MG;;;
705783;19/07/2025;s�bado;09:15:00;GO;80;176;URUACU;Aus�ncia de rea��o do condutor;Sa�da de leito carro��vel;Com V�timas Feridas;Pleno dia;Crescente;C�u Claro;Simples;"Reta;Aclive";N�o;1;0;1;0;0;0;1;1;-14,6666331;-49,14819717;SPRF-GO;DEL07-GO;UOP02-DEL07-GO;;;
705786;19/07/2025;s�bado;09:30:00;MG;116;435;SANTA RITA DE MINAS;Frear bruscamente;Queda de ocupante de ve�culo;Com V�timas Feridas;Pleno dia;Crescente;C�u Claro;Simples;Reta;N�o;2;0;2;0;0;0;2;1;-19,858002;-42,136816;SPRF-MG;DEL06-MG;UOP01-DEL06-MG;;;
705788;19/07/2025;s�bado;07:00:00;PA;10;261,2;AURORA DO PARA;Carga excessiva e/ou mal acondicionada;Sa�da de leito carro��vel;Com V�timas Feridas;Pleno dia;Crescente;Sol;Simples;Reta;N�o;41;0;34;5;0;2;39;2;-2,152283;-47,560865;SPRF-PA;DEL02-PA;UOP01-DEL02-PA;;;
705789;19/07/2025;s�bado;11:25:00;PR;158;533,9;PATO BRANCO;Acessar a via sem observar a presen�a dos outros ve�culos;Colis�o transversal;Com V�timas Feridas;Pleno dia;Decrescente;C�u Claro;Simples;Interse��o de Vias;Sim;3;0;1;0;2;0;1;2;-26,22937459;-52,69042969;SPRF-PR;DEL02-PR;UOP01-DEL02-PR;;;
705790;19/07/2025;s�bado;10:40:00;RJ;116;230;PARACAMBI;Demais falhas mec�nicas ou el�tricas;Inc�ndio;Sem V�timas;Pleno dia;Crescente;Sol;Dupla;Aclive;N�o;4;0;0;0;4;0;0;1;-22,653;-43,8252;SPRF-RJ;DEL07-RJ;UOP01-DEL07-RJ;;;
705791;19/07/2025;s�bado;12:45:00;PE;101;44,8;IGARASSU;Condutor deixou de manter dist�ncia do ve�culo da frente;Colis�o traseira;Com V�timas Feridas;Pleno dia;Decrescente;Chuva;Dupla;Reta;Sim;3;0;1;1;1;0;2;2;-7,863987;-34,907359;SPRF-PE;DEL01-PE;UOP02-DEL01-PE;;;
705792;19/07/2025;s�bado;13:40:00;RJ;356;27,2;ITAPERUNA;Aus�ncia de rea��o do condutor;Queda de ocupante de ve�culo;Com V�timas Feridas;Pleno dia;Decrescente;C�u Claro;Simples;Reta;N�o;1;0;1;0;0;0;1;1;-21,182423;-41,943636;SPRF-RJ;DEL08-RJ;UOP03-DEL08-RJ;;;
705793;19/07/2025;s�bado;10:10:00;RJ;101;312;SAO GONCALO;Demais falhas mec�nicas ou el�tricas;Queda de ocupante de ve�culo;Com V�timas Feridas;Pleno dia;Decrescente;C�u Claro;Dupla;Reta;N�o;2;0;2;0;0;0;2;1;-22,80785929;-43,06553721;SPRF-RJ;DEL02-RJ;UOP02-DEL02-RJ;;;
705796;19/07/2025;s�bado;14:30:00;RS;116;260;CANOAS;Demais falhas mec�nicas ou el�tricas;Inc�ndio;Sem V�timas;Pleno dia;Decrescente;C�u Claro;M�ltipla;"Em Obras;Reta";Sim;1;0;0;0;1;0;0;1;-29,88532584;-51,17987657;SPRF-RS;DEL01-RS;UOP01-DEL01-RS;;;
705797;19/07/2025;s�bado;12:20:00;MG;40;552;SANTA BARBARA;Aus�ncia de rea��o do condutor;Colis�o transversal;Com V�timas Feridas;Pleno dia;Crescente;C�u Claro;M�ltipla;"Reta;Interse��o de Vias";Sim;3;0;1;0;2;0;1;2;-20,03452;-43,58434;SPRF-MG;DEL01-MG;UOP02-DEL01-MG;;;
705798;19/07/2025;s�bado;14:35:00;BA;101;720;EUNAPOLIS;Condutor deixou de manter dist�ncia do ve�culo da frente;Engavetamento;Com V�timas Feridas;Pleno dia;Decrescente;Nublado;Simples;Reta;N�o;7;0;2;0;5;0;2;3;-16,39494;-39,582252;SPRF-BA;DEL09-BA;UOP01-DEL09-BA;;;
705799;19/07/2025;s�bado;13:55:00;SP;153;62,4;SAO JOSE DO RIO PRETO;Condutor deixou de manter dist�ncia do ve�culo da frente;Colis�o traseira;Sem V�timas;Pleno dia;Crescente;C�u Claro;Dupla;"Reta;Aclive";Sim;3;0;0;0;2;1;0;3;-20,815557;-49,357162;SPRF-SP;DEL09-SP;UOP01-DEL09-SP;;;
705804;19/07/2025;s�bado;14:30:00;MG;116;125;ITAOBIM;Ultrapassagem Indevida;Colis�o frontal;Com V�timas Feridas;Pleno dia;Crescente;C�u Claro;Simples;"Reta;Aclive";N�o;7;0;3;0;4;0;3;2;-16,646202;-41,501415;SPRF-MG;DEL11-MG;UOP02-DEL11-MG;;;
705805;19/07/2025;s�bado;14:30:00;RS;470;219;BENTO GONCALVES;Rea��o tardia ou ineficiente do condutor;Colis�o transversal;Com V�timas Feridas;Pleno dia;Crescente;C�u Claro;Simples;Curva;Sim;2;0;0;1;1;0;1;2;-29,19077636;-51,52220964;SPRF-RS;DEL06-RS;UOP01-DEL06-RS;;;
705807;19/07/2025;s�bado;12:35:00;PR;369;473,7;CORBELIA;Condutor deixou de manter dist�ncia do ve�culo da frente;Colis�o traseira;Com V�timas Feridas;Pleno dia;Decrescente;C�u Claro;Simples;Reta;Sim;3;0;3;0;0;0;3;2;-24,721;-53,246;SPRF-PR;DEL04-PR;UOP03-DEL04-PR;;;
705808;19/07/2025;s�bado;14:30:00;GO;40;12,4;LUZIANIA;Aus�ncia de rea��o do condutor;Colis�o traseira;Sem V�timas;Pleno dia;Crescente;C�u Claro;Dupla;Reta;Sim;2;0;0;0;1;1;0;2;-16,151295;-47,939863;SPRF-DF;DEL01-DF;UOP01-DEL01-DF;;;
705809;01/05/2025;quinta-feira;19:50:00;SE;101;98,6;SAO CRISTOVAO;Velocidade Incompat�vel;Colis�o traseira;Com V�timas Fatais;Plena Noite;Decrescente;Nublado;Simples;"Aclive;Reta";N�o;2;1;0;0;0;1;0;2;-10,930556;-37,185833;SPRF-SE;DEL02-SE;UOP01-DEL02-SE;;;
705810;19/07/2025;s�bado;14:20:00;MS;163;90;ITAQUIRAI;Ultrapassagem Indevida;Colis�o com objeto;Com V�timas Feridas;Pleno dia;Crescente;C�u Claro;Simples;"Declive;Reta";N�o;4;0;2;0;2;0;2;1;-23,3641405;-54,21413295;SPRF-MS;DEL09-MS;UOP01-DEL09-MS;;;
705813;19/07/2025;s�bado;12:00:00;ES;259;48,5;COLATINA;Acessar a via sem observar a presen�a dos outros ve�culos;Colis�o lateral mesmo sentido;Com V�timas Feridas;Pleno dia;Crescente;C�u Claro;Simples;Reta;Sim;2;0;1;0;1;0;1;2;-19,5189074;-40,6000022;SPRF-ES;DEL02-ES;UOP01-DEL02-ES;;;
705814;19/07/2025;s�bado;15:40:00;ES;101;264,2;SERRA;Condutor deixou de manter dist�ncia do ve�culo da frente;Colis�o traseira;Com V�timas Feridas;Pleno dia;Crescente;Nublado;M�ltipla;Reta;Sim;5;0;1;1;1;2;2;3;-20,17207897;-40,26804076;SPRF-ES;DEL02-ES;UOP01-DEL02-ES;;;
705815;19/07/2025;s�bado;11:30:00;MG;262;827;UBERABA;Demais falhas mec�nicas ou el�tricas;Inc�ndio;Sem V�timas;Pleno dia;Decrescente;C�u Claro;Dupla;Reta;N�o;1;0;0;0;1;0;0;1;-19,76300624;-48,13434497;SPRF-MG;DEL13-MG;UOP01-DEL13-MG;;;
705816;19/07/2025;s�bado;16:00:00;SC;101;124;ITAJAI;Aus�ncia de rea��o do condutor;Colis�o traseira;Com V�timas Feridas;Pleno dia;Crescente;Sol;Dupla;Reta;N�o;2;0;0;1;1;0;1;2;-26,94088781;-48,69447168;SPRF-SC;DEL04-SC;UOP04-DEL04-SC;;;
705817;19/07/2025;s�bado;14:34:00;PA;163;949;BELTERRA;Aus�ncia de rea��o do condutor;Atropelamento de Pedestre;Com V�timas Fatais;Pleno dia;Crescente;C�u Claro;Simples;Reta;N�o;2;1;0;0;1;0;0;2;-2,80916;-54,89834;SPRF-PA;DEL05-PA;UOP01-DEL05-PA;;;
705818;19/07/2025;s�bado;16:00:00;PE;232;7,6;RECIFE;Aus�ncia de rea��o do condutor;Colis�o lateral mesmo sentido;Com V�timas Feridas;Pleno dia;Decrescente;C�u Claro;M�ltipla;Reta;N�o;3;0;1;1;1;0;2;2;-8,0422187;-34,9416934;SPRF-PE;DEL01-PE;UOP01-DEL01-PE;;;
705819;19/07/2025;s�bado;15:40:00;PR;376;174,2;MARINGA;Condutor desrespeitou a ilumina��o vermelha do sem�foro;Colis�o transversal;Com V�timas Feridas;Pleno dia;Crescente;Sol;Dupla;Interse��o de Vias;Sim;2;0;0;1;1;0;1;2;-23,41666167;-51,95641486;SPRF-PR;DEL09-PR;UOP01-DEL09-PR;;;
705820;19/07/2025;s�bado;15:25:00;ES;262;106,7;VENDA NOVA DO IMIGRANTE;Transitar na contram�o;Colis�o lateral sentido oposto;Com V�timas Fatais;Pleno dia;Decrescente;C�u Claro;Simples;Reta;Sim;4;1;1;0;2;0;1;3;-20,32879742;-41,15072966;SPRF-ES;DEL01-ES;UOP02-DEL01-ES;;;
705821;19/07/2025;s�bado;14:15:00;RJ;40;77;PETROPOLIS;Avarias e/ou desgaste excessivo no pneu;Tombamento;Com V�timas Feridas;Pleno dia;Crescente;C�u Claro;Dupla;"Curva;Declive";N�o;2;0;2;0;0;0;2;1;-22,484967;-43,230536;SPRF-RJ;DEL01-RJ;UOP01-DEL01-RJ;;;
705822;19/07/2025;s�bado;16:15:00;SC;101;202,7;SAO JOSE;Manobra de mudan�a de faixa;Colis�o lateral mesmo sentido;Com V�timas Feridas;Pleno dia;Crescente;C�u Claro;M�ltipla;Reta;Sim;2;0;0;1;1;0;1;2;-27,563089;-48,615667;SPRF-SC;DEL01-SC;UOP01-DEL01-SC;;;
705823;19/07/2025;s�bado;14:00:00;MG;50;191;UBERABA;Rea��o tardia ou ineficiente do condutor;Engavetamento;Com V�timas Feridas;Pleno dia;Crescente;C�u Claro;Dupla;"Reta;Em Obras";N�o;6;0;2;2;2;0;4;3;-19,857637;-47,86872;SPRF-MG;DEL13-MG;UOP01-DEL13-MG;;;
705824;19/07/2025;s�bado;15:50:00;PR;116;98;SAO JOSE DOS PINHAIS;Manobra de mudan�a de faixa;Colis�o traseira;Com V�timas Feridas;Pleno dia;Decrescente;C�u Claro;Dupla;Reta;Sim;3;0;2;0;1;0;2;2;-25,5509722;-49,1499444;SPRF-PR;DEL01-PR;UOP07-DEL01-PR;;;
705825;19/07/2025;s�bado;07:40:00;SC;282;377,2;HERVAL DOESTE;Condutor Dormindo;Colis�o lateral sentido oposto;Com V�timas Feridas;Pleno dia;Crescente;Nublado;Simples;Curva;N�o;5;0;2;0;3;0;2;3;-27,21289422;-51,5002048;SPRF-SC;DEL07-SC;UOP05-DEL07-SC;;;
705827;19/07/2025;s�bado;16:05:00;ES;101;288,2;CARIACICA;Pedestre cruzava a pista fora da faixa;Atropelamento de Pedestre;Com V�timas Feridas;Pleno dia;Decrescente;Nublado;Dupla;Reta;Sim;2;0;0;1;1;0;1;2;-20,2738388;-40,39201705;SPRF-ES;DEL01-ES;UOP01-DEL01-ES;;;
705831;19/07/2025;s�bado;17:00:00;RJ;40;121;DUQUE DE CAXIAS;Rea��o tardia ou ineficiente do condutor;Colis�o lateral mesmo sentido;Com V�timas Feridas;Anoitecer;Crescente;C�u Claro;M�ltipla;Reta;Sim;8;0;4;1;3;0;5;3;-22,76907869;-43,28633666;SPRF-RJ;DEL01-RJ;UOP02-DEL01-RJ;;;
705832;19/07/2025;s�bado;16:33:00;DF;20;22;BRASILIA;Aus�ncia de rea��o do condutor;Colis�o lateral mesmo sentido;Com V�timas Feridas;Pleno dia;Crescente;C�u Claro;Dupla;Reta;N�o;3;0;1;0;2;0;1;2;-15,61092296;-47,69804746;SPRF-DF;DEL02-DF;UOP01-DEL02-DF;;;
705834;19/07/2025;s�bado;16:30:00;SC;101;111,8;NAVEGANTES;Aus�ncia de rea��o do condutor;Sa�da de leito carro��vel;Com V�timas Feridas;Pleno dia;Crescente;Nublado;Simples;Curva;N�o;1;0;0;1;0;0;1;1;-26,83963106;-48,71614393;SPRF-SC;DEL04-SC;UOP04-DEL04-SC;;;
705837;19/07/2025;s�bado;15:30:00;PR;272;389,3;FAROL;Demais falhas mec�nicas ou el�tricas;Inc�ndio;Sem V�timas;Pleno dia;Crescente;C�u Claro;Simples;"Reta;Aclive";N�o;1;0;0;0;1;0;0;1;-24,080285;-52,601251;SPRF-PR;DEL09-PR;UOP03-DEL09-PR;;;
705838;19/07/2025;s�bado;16:05:00;BA;101;721;EUNAPOLIS;Transitar na contram�o;Colis�o lateral sentido oposto;Com V�timas Feridas;Pleno dia;Crescente;C�u Claro;Simples;"Declive;Curva";N�o;4;0;3;0;1;0;3;2;-16,402733;-39,58587;SPRF-BA;DEL09-BA;UOP01-DEL09-BA;;;
705839;19/07/2025;s�bado;15:30:00;MG;40;629,1;CONSELHEIRO LAFAIETE;Acessar a via sem observar a presen�a dos outros ve�culos;Colis�o transversal;Com V�timas Feridas;Pleno dia;Crescente;Sol;Simples;Reta;N�o;2;0;1;0;1;0;1;2;-20,655973;-43,804682;SPRF-MG;DEL05-MG;UOP02-DEL05-MG;;;
705842;19/07/2025;s�bado;16:22:00;RJ;493;75;NOVA IGUACU;Acessar a via sem observar a presen�a dos outros ve�culos;Atropelamento de Pedestre;Com V�timas Feridas;Pleno dia;Decrescente;C�u Claro;Dupla;Curva;N�o;2;0;1;0;1;0;1;2;-22,68056;-43,53504;SPRF-RJ;DEL01-RJ;UOP03-DEL01-RJ;;;
705844;19/07/2025;s�bado;18:00:00;RS;386;342,1;LAJEADO;Ingest�o de �lcool pelo condutor;Sa�da de leito carro��vel;Sem V�timas;Anoitecer;Crescente;C�u Claro;Dupla;"Reta;Em Obras;Desvio Tempor�rio";Sim;1;0;0;0;1;0;0;1;-29,432827;-52,010053;SPRF-RS;DEL04-RS;UOP01-DEL04-RS;;;
705845;19/07/2025;s�bado;16:35:00;RS;116;207,5;PICADA CAFE;Velocidade Incompat�vel;Tombamento;Com V�timas Feridas;Pleno dia;Crescente;C�u Claro;Simples;Curva;N�o;4;0;0;2;2;0;2;2;-29,50445;-51,11777;SPRF-RS;DEL05-RS;UOP02-DEL05-RS;;;
705846;19/07/2025;s�bado;17:30:00;PI;316;10,4;TERESINA;Entrada inopinada do pedestre;Atropelamento de Pedestre;Com V�timas Fatais;Anoitecer;Crescente;C�u Claro;M�ltipla;Reta;Sim;2;1;0;0;1;0;0;2;-5,18641153;-42,762537;SPRF-PI;DEL01-PI;UOP02-DEL01-PI;;;
705847;19/07/2025;s�bado;15:30:00;MT;158;795;BARRA DO GARCAS;Acesso irregular;Queda de ocupante de ve�culo;Com V�timas Feridas;Pleno dia;Crescente;C�u Claro;Simples;Reta;N�o;1;0;0;1;0;0;1;1;-15,87350678;-52,31595039;SPRF-MT;DEL07-MT;UOP01-DEL07-MT;;;
705848;19/07/2025;s�bado;18:00:00;DF;70;5;BRASILIA;Condutor deixou de manter dist�ncia do ve�culo da frente;Colis�o traseira;Sem V�timas;Plena Noite;Decrescente;C�u Claro;Dupla;Reta;Sim;3;0;0;0;2;1;0;2;-15,78994569;-48,10907571;SPRF-DF;DEL03-DF;UOP02-DEL03-DF;;;
705849;19/07/2025;s�bado;17:40:00;RJ;116;185;NOVA IGUACU;Trafegar com motocicleta (ou similar) entre as faixas;Colis�o lateral mesmo sentido;Com V�timas Feridas;Plena Noite;Decrescente;C�u Claro;Dupla;Reta;Sim;3;0;2;0;1;0;2;2;-22,74088141;-43,45607758;SPRF-RJ;DEL06-RJ;UOP01-DEL06-RJ;;;
705850;19/07/2025;s�bado;17:30:00;DF;20;12,6;BRASILIA;Demais falhas mec�nicas ou el�tricas;Colis�o traseira;Com V�timas Feridas;Pleno dia;Crescente;C�u Claro;Dupla;"Em Obras;Retorno Regulamentado";Sim;3;0;1;0;2;0;1;3;-15,63722387;-47,74589092;SPRF-DF;DEL02-DF;UOP01-DEL02-DF;;;
705851;19/07/2025;s�bado;18:00:00;PR;277;80;CURITIBA;Demais falhas mec�nicas ou el�tricas;Inc�ndio;Sem V�timas;Anoitecer;Crescente;C�u Claro;Dupla;Curva;Sim;1;0;0;0;1;0;0;1;-25,47460054;-49,20865886;SPRF-PR;DEL01-PR;UOP03-DEL01-PR;;;
705852;19/07/2025;s�bado;15:30:00;RN;110;46,6;MOSSORO;Desrespeitar a prefer�ncia no cruzamento;Colis�o transversal;Com V�timas Feridas;Pleno dia;Crescente;C�u Claro;Simples;Rotat�ria;Sim;2;0;2;0;0;0;2;2;-5,201778;-37,323603;SPRF-RN;DEL04-RN;UOP01-DEL04-RN;;;
705854;19/07/2025;s�bado;18:30:00;SC;101;214;PALHOCA;Manobra de mudan�a de faixa;Colis�o lateral mesmo sentido;Com V�timas Feridas;Plena Noite;Decrescente;C�u Claro;M�ltipla;Reta;N�o;2;0;1;0;1;0;1;2;-27,63652437;-48,66444318;SPRF-SC;DEL01-SC;UOP02-DEL01-SC;;;
705855;19/07/2025;s�bado;17:43:00;PE;104;80;AGRESTINA;Transitar na contram�o;Colis�o frontal;Com V�timas Fatais;Plena Noite;Crescente;Chuva;Simples;Reta;N�o;2;1;0;0;1;0;0;2;-8,401202;-35,973093;SPRF-PE;DEL02-PE;UOP01-DEL02-PE;;;
705856;19/07/2025;s�bado;14:20:00;PR;158;537,9;PATO BRANCO;Ingest�o de �lcool pelo condutor;Sa�da de leito carro��vel;Com V�timas Feridas;Pleno dia;Crescente;C�u Claro;Simples;Reta;Sim;1;0;1;0;0;0;1;1;-26,25338474;-52,70845802;SPRF-PR;DEL02-PR;UOP01-DEL02-PR;;;