id;data_inversa;dia_semana;horario;uf;br;km;municipio;causa_acidente;tipo_acidente;classificacao_acidente;fase_dia;sentido_via;condicao_metereologica;tipo_pista;tracado_via;uso_solo;pessoas;mortos;feridos_leves;feridos_graves;ilesos;ignorados;feridos;veiculos;latitude;longitude;regional;delegacia;uop;;;
705857;19/07/2025;s�bado;17:45:00;SC;470;143;RIO DO SUL;Aus�ncia de rea��o do condutor;Colis�o traseira;Com V�timas Feridas;Pleno dia;Decrescente;Sol;Simples;Rotat�ria;Sim;3;0;1;0;1;1;1;2;-27,22119357;-49,66040802;SPRF-SC;DEL04-SC;UOP02-DEL04-SC;;;
705858;19/07/2025;s�bado;16:30:00;SC;101;272,8;IMBITUBA;Ingest�o de �lcool pelo condutor;Colis�o com objeto;Com V�timas Feridas;Pleno dia;Decrescente;C�u Claro;Simples;"Viaduto;Curva";Sim;2;0;0;2;0;0;2;1;-28,12983443;-48,69290829;SPRF-SC;DEL02-SC;UOP03-DEL02-SC;;;
705859;19/07/2025;s�bado;18:50:00;PB;230;20;JOAO PESSOA;Acumulo de �gua sobre o pavimento;Tombamento;Com V�timas Feridas;Plena Noite;Decrescente;Chuva;Dupla;"Curva;Retorno Regulamentado";Sim;1;0;1;0;0;0;1;1;-7,1362066;-34,853872;SPRF-PB;DEL01-PB;UOP01-DEL01-PB;;;
705860;19/07/2025;s�bado;14:15:00;GO;153;137,5;MARA ROSA;Rea��o tardia ou ineficiente do condutor;Colis�o lateral mesmo sentido;Com V�timas Feridas;Pleno dia;Decrescente;C�u Claro;Simples;"Reta;Aclive";N�o;3;0;2;1;0;0;3;1;-13,97795;-49,09034;SPRF-GO;DEL07-GO;UOP01-DEL07-GO;;;
705861;19/07/2025;s�bado;18:30:00;PR;277;708;SANTA TEREZINHA DE ITAIPU;Rea��o tardia ou ineficiente do condutor;Colis�o traseira;Com V�timas Fatais;Plena Noite;Crescente;C�u Claro;Dupla;Reta;Sim;3;1;0;0;0;2;0;3;-25,44523162;-54,40088511;SPRF-PR;DEL05-PR;UOP01-DEL05-PR;;;
705865;19/07/2025;s�bado;16:30:00;SC;280;240,1;CANOINHAS;Convers�o proibida;Colis�o transversal;Com V�timas Feridas;Pleno dia;Decrescente;C�u Claro;Simples;"Reta;Declive";N�o;2;0;1;0;1;0;1;2;-26,2231;-50,45907;SPRF-SC;DEL06-SC;UOP04-DEL06-SC;;;
705866;19/07/2025;s�bado;18:22:00;RN;101;52,3;CEARA-MIRIM;Avarias e/ou desgaste excessivo no pneu;Tombamento;Com V�timas Feridas;Anoitecer;Decrescente;Nublado;Simples;Reta;N�o;1;0;0;1;0;0;1;1;-5,549494;-35,310643;SPRF-RN;DEL02-RN;UOP01-DEL02-RN;;;
705868;19/07/2025;s�bado;17:40:00;MS;163;253,5;DOURADOS;Aus�ncia de rea��o do condutor;Colis�o com objeto;Com V�timas Feridas;Anoitecer;Crescente;C�u Claro;Dupla;Curva;N�o;1;0;1;0;0;0;1;1;-22,27656773;-54,82130762;SPRF-MS;DEL04-MS;UOP02-DEL04-MS;;;
705869;19/07/2025;s�bado;18:10:00;PE;407;126;PETROLINA;Ingest�o de �lcool pelo condutor;Colis�o com objeto;Com V�timas Feridas;Plena Noite;Crescente;C�u Claro;Dupla;"Ponte;Reta";Sim;1;0;1;0;0;0;1;1;-9,385251;-40,528062;SPRF-PE;DEL06-PE;UOP01-DEL06-PE;;;
705870;19/07/2025;s�bado;18:15:00;MG;116;257;TEOFILO OTONI;Transitar na contram�o;Colis�o frontal;Com V�timas Feridas;Plena Noite;Decrescente;C�u Claro;Simples;"Curva;Declive;Em Obras";N�o;4;0;2;0;2;0;2;2;-17,705585;-41,485627;SPRF-MG;DEL11-MG;UOP01-DEL11-MG;;;
705873;19/07/2025;s�bado;18:45:00;SC;101;208,8;SAO JOSE;Manobra de mudan�a de faixa;Colis�o lateral mesmo sentido;Com V�timas Feridas;Plena Noite;Decrescente;C�u Claro;M�ltipla;Reta;Sim;2;0;0;1;1;0;1;2;-27,607044;-48,6355182;SPRF-SC;DEL01-SC;UOP01-DEL01-SC;;;
705877;19/07/2025;s�bado;13:53:00;PI;135;624;CRISTALANDIA DO PIAUI;Ultrapassagem Indevida;Colis�o frontal;Com V�timas Feridas;Pleno dia;Crescente;C�u Claro;Simples;"Reta;Aclive";N�o;3;0;1;2;0;0;3;2;-10,7144862;-45,1830896;SPRF-PI;DEL03-PI;UOP02-DEL03-PI;;;
705880;19/07/2025;s�bado;19:30:00;PB;104;142;QUEIMADAS;Ingest�o de �lcool pelo condutor;Colis�o frontal;Com V�timas Feridas;Plena Noite;Crescente;C�u Claro;Simples;Reta;N�o;3;0;2;1;0;0;3;2;-7,391428;-35,8972;SPRF-PB;DEL02-PB;UOP03-DEL02-PB;;;
705881;19/07/2025;s�bado;19:46:00;PE;424;91;GARANHUNS;Transitar na contram�o;Colis�o frontal;Com V�timas Feridas;Plena Noite;Crescente;C�u Claro;Simples;Curva;Sim;3;0;1;0;1;1;1;2;-8,910322;-36,495583;SPRF-PE;DEL03-PE;UOP01-DEL03-PE;;;
705882;19/07/2025;s�bado;19:05:00;SC;282;535,3;CHAPECO;Transitar na contram�o;Colis�o frontal;Com V�timas Feridas;Plena Noite;Decrescente;Nublado;Simples;Reta;Sim;2;0;0;1;1;0;1;2;-26,99920351;-52,64544368;SPRF-SC;DEL07-SC;UOP01-DEL07-SC;;;
705883;22/06/2025;domingo;12:30:00;MG;354;764;ITAMONTE;Velocidade Incompat�vel;Sa�da de leito carro��vel;Com V�timas Feridas;Pleno dia;Decrescente;C�u Claro;Simples;"Declive;Curva";N�o;1;0;1;0;0;0;1;1;-22,34293799;-44,81667548;SPRF-MG;DEL17-MG;UOP01-DEL17-MG;;;
705884;19/07/2025;s�bado;19:20:00;RS;392;680,1;SAO PEDRO DO BUTIA;Retorno proibido;Colis�o transversal;Com V�timas Fatais;Plena Noite;Crescente;C�u Claro;Simples;"Declive;Reta";N�o;5;4;1;0;0;0;1;2;-28,1265292;-54,9182977;SPRF-RS;DEL10-RS;UOP01-DEL10-RS;;;
705886;19/07/2025;s�bado;19:19:00;SC;280;75,2;CORUPA;Acessar a via sem observar a presen�a dos outros ve�culos;Colis�o transversal;Com V�timas Feridas;Plena Noite;Decrescente;Nublado;Simples;Reta;N�o;2;0;2;0;0;0;2;2;-26,457967;-49,181665;SPRF-SC;DEL03-SC;UOP03-DEL03-SC;;;
705888;19/07/2025;s�bado;18:15:00;RS;386;419;MONTENEGRO;Retorno proibido;Colis�o transversal;Com V�timas Feridas;Plena Noite;Decrescente;C�u Claro;Simples;Reta;N�o;7;0;2;1;4;0;3;2;-29,81797111;-51,42949104;SPRF-RS;DEL04-RS;UOP02-DEL04-RS;;;
705889;19/07/2025;s�bado;20:30:00;MG;381;439,9;SANTA LUZIA;Aus�ncia de rea��o do condutor;Queda de ocupante de ve�culo;Com V�timas Feridas;Plena Noite;Decrescente;C�u Claro;Simples;"Aclive;Curva";Sim;1;0;1;0;0;0;1;1;-19,824032;-43,818964;SPRF-MG;DEL01-MG;UOP01-DEL01-MG;;;
705891;19/07/2025;s�bado;18:20:00;RS;116;72,4;CAMPESTRE DA SERRA;Rea��o tardia ou ineficiente do condutor;Sa�da de leito carro��vel;Com V�timas Feridas;Plena Noite;Crescente;C�u Claro;Simples;Reta;N�o;2;0;1;0;1;0;1;1;-28,737284;-51,092685;SPRF-RS;DEL05-RS;UOP03-DEL05-RS;;;
705892;19/07/2025;s�bado;16:28:00;SC;470;21,8;ILHOTA;Ingest�o de �lcool pelo condutor;Tombamento;Sem V�timas;Pleno dia;Crescente;C�u Claro;Simples;Reta;N�o;1;0;0;0;1;0;0;1;-26,88046535;-48,83816466;SPRF-SC;DEL04-SC;UOP04-DEL04-SC;;;
705893;19/07/2025;s�bado;19:30:00;PR;272;370,8;CAMPO MOURAO;Acessar a via sem observar a presen�a dos outros ve�culos;Colis�o transversal;Com V�timas Feridas;Plena Noite;Decrescente;C�u Claro;Simples;Reta;N�o;2;0;0;1;1;0;1;2;-24,0648711;-52,4327013;SPRF-PR;DEL09-PR;UOP03-DEL09-PR;;;
705894;19/07/2025;s�bado;20:00:00;PI;316;10,8;TERESINA;Ingest�o de �lcool pelo condutor;Sa�da de leito carro��vel;Sem V�timas;Plena Noite;Decrescente;C�u Claro;Simples;"Viaduto;Rotat�ria";Sim;4;0;0;0;4;0;0;3;-5,190623;-42,761218;SPRF-PI;DEL01-PI;UOP02-DEL01-PI;;;
705895;19/07/2025;s�bado;18:12:00;RS;470;146;NOVA PRATA;Ingest�o de �lcool pelo condutor;Colis�o lateral sentido oposto;Sem V�timas;Plena Noite;Decrescente;C�u Claro;Simples;"Aclive;Reta";N�o;2;0;0;0;1;1;0;2;-28,70430373;-51,60999147;SPRF-RS;DEL06-RS;UOP02-DEL06-RS;;;
705897;19/07/2025;s�bado;19:10:00;CE;116;378;ICO;Ingest�o de �lcool pelo condutor;Queda de ocupante de ve�culo;Com V�timas Feridas;Plena Noite;Decrescente;C�u Claro;Simples;"Viaduto;Curva";Sim;1;0;1;0;0;0;1;1;-6,4178036;-38,86076907;SPRF-CE;DEL05-CE;UOP01-DEL05-CE;;;
705898;19/07/2025;s�bado;19:20:00;RN;427;109;CAICO;Aus�ncia de rea��o do condutor;Colis�o com objeto;Com V�timas Feridas;Plena Noite;Crescente;C�u Claro;Simples;Rotat�ria;Sim;1;0;0;1;0;0;1;1;-6,45257271;-37,12601213;SPRF-RN;DEL03-RN;UOP01-DEL03-RN;;;
705899;19/07/2025;s�bado;19:00:00;RS;116;150,6;CAXIAS DO SUL;Rea��o tardia ou ineficiente do condutor;Atropelamento de Pedestre;Com V�timas Fatais;Plena Noite;Decrescente;C�u Claro;Dupla;"Aclive;Viaduto;Reta";Sim;2;1;0;1;0;0;1;2;-29,17477;-51,16101;SPRF-RS;DEL05-RS;UOP01-DEL05-RS;;;
705902;19/07/2025;s�bado;15:30:00;RJ;40;123;DUQUE DE CAXIAS;Rea��o tardia ou ineficiente do condutor;Tombamento;Com V�timas Feridas;Pleno dia;Crescente;C�u Claro;M�ltipla;Reta;Sim;1;0;1;0;0;0;1;1;-22,79637828;-43,28891735;SPRF-RJ;DEL01-RJ;UOP02-DEL01-RJ;;;
705903;19/07/2025;s�bado;19:20:00;GO;414;357;COCALZINHO DE GOIAS;Rea��o tardia ou ineficiente do condutor;Tombamento;Com V�timas Feridas;Plena Noite;Crescente;C�u Claro;Simples;Reta;N�o;1;0;0;1;0;0;1;1;-15,72242959;-48,69986929;SPRF-GO;DEL02-GO;UOP01-DEL02-GO;;;
705905;19/07/2025;s�bado;21:00:00;PE;232;408;SERRA TALHADA;Ingest�o de �lcool pelo condutor;Colis�o lateral mesmo sentido;Com V�timas Feridas;Plena Noite;Decrescente;Ignorado;Simples;"Declive;Reta";Sim;2;0;1;0;1;0;1;2;-7,98359;-38,282545;SPRF-PE;DEL04-PE;UOP01-DEL04-PE;;;
705906;19/07/2025;s�bado;19:20:00;RJ;40;105;DUQUE DE CAXIAS;Rea��o tardia ou ineficiente do condutor;Colis�o traseira;Com V�timas Feridas;Plena Noite;Decrescente;C�u Claro;Simples;Reta;Sim;3;0;2;0;1;0;2;2;-22,645678;-43,283403;SPRF-RJ;DEL01-RJ;UOP02-DEL01-RJ;;;
705907;19/07/2025;s�bado;17:50:00;RJ;40;105;DUQUE DE CAXIAS;Rea��o tardia ou ineficiente do condutor;Colis�o frontal;Com V�timas Feridas;Anoitecer;Crescente;C�u Claro;Dupla;"Curva;Viaduto;Interse��o de Vias";N�o;4;0;2;0;2;0;2;2;-22,638992;-43,28431;SPRF-RJ;DEL01-RJ;UOP02-DEL01-RJ;;;
705910;19/07/2025;s�bado;21:50:00;SP;116;202;ARUJA;Aus�ncia de rea��o do condutor;Colis�o traseira;Com V�timas Feridas;Plena Noite;Decrescente;C�u Claro;Dupla;"Aclive;Reta";N�o;6;0;0;1;5;0;1;2;-23,40882239;-46,33994269;SPRF-SP;DEL01-SP;UOP01-DEL01-SP;;;
705911;19/07/2025;s�bado;19:55:00;MS;163;420;CAMPO GRANDE;Velocidade Incompat�vel;Tombamento;Com V�timas Feridas;Plena Noite;Crescente;C�u Claro;Simples;Retorno Regulamentado;Sim;2;0;2;0;0;0;2;1;-20,988;-54,506;SPRF-MS;DEL01-MS;UOP01-DEL01-MS;;;
705912;19/07/2025;s�bado;17:30:00;MA;222;625;ACAILANDIA;Condutor deixou de manter dist�ncia do ve�culo da frente;Colis�o traseira;Sem V�timas;Pleno dia;Crescente;Sol;Simples;"Aclive;Reta";N�o;4;0;0;0;4;0;0;2;-4,931584;-47,4382336;SPRF-MA;DEL04-MA;UOP03-DEL04-MA;;;
705914;19/07/2025;s�bado;22:28:00;RS;386;347;LAJEADO;Entrada inopinada do pedestre;Atropelamento de Pedestre;Com V�timas Fatais;Plena Noite;Decrescente;C�u Claro;Dupla;"Reta;Viaduto";Sim;6;1;0;1;4;0;1;2;-29,45185546;-51,96584702;SPRF-RS;DEL04-RS;UOP01-DEL04-RS;;;
705915;19/07/2025;s�bado;20:40:00;MG;365;639,9;UBERLANDIA;Aus�ncia de rea��o do condutor;Colis�o lateral mesmo sentido;Sem V�timas;Plena Noite;Crescente;C�u Claro;Dupla;Reta;N�o;2;0;0;0;1;1;0;2;-18,88599444;-48,46159156;SPRF-MG;DEL15-MG;UOP01-DEL15-MG;;;
705916;19/07/2025;s�bado;22:20:00;MG;459;96;POUSO ALEGRE;Ingest�o de �lcool pelo condutor;Colis�o com objeto;Com V�timas Feridas;Plena Noite;Crescente;C�u Claro;Simples;"Declive;Curva";N�o;1;0;1;0;0;0;1;1;-22,18590939;-45,98427985;SPRF-MG;DEL09-MG;UOP01-DEL09-MG;;;
705917;19/07/2025;s�bado;21:40:00;ES;101;257,8;SERRA;Ingest�o de subst�ncias psicoativas pelo condutor;Colis�o lateral mesmo sentido;Com V�timas Feridas;Plena Noite;Decrescente;C�u Claro;Dupla;"Aclive;Reta";Sim;3;0;1;0;1;1;1;2;-20,1342461;-40,2976538;SPRF-ES;DEL02-ES;UOP01-DEL02-ES;;;
705918;19/07/2025;s�bado;20:20:00;RJ;116;131;MAGE;Trafegar com motocicleta (ou similar) entre as faixas;Colis�o lateral mesmo sentido;Com V�timas Feridas;Plena Noite;Decrescente;C�u Claro;Dupla;Curva;Sim;2;0;1;0;0;1;1;2;-22,6575715;-43,13136935;SPRF-RJ;DEL04-RJ;UOP02-DEL04-RJ;;;
705921;19/07/2025;s�bado;22:00:00;PR;376;248;APUCARANA;Ingest�o de �lcool pelo condutor;Sa�da de leito carro��vel;Com V�timas Feridas;Plena Noite;Decrescente;C�u Claro;Dupla;"Reta;Declive";N�o;2;0;0;1;1;0;1;1;-23,615818;-51,396382;SPRF-PR;DEL07-PR;UOP03-DEL07-PR;;;
705922;19/07/2025;s�bado;21:20:00;PR;376;227;CAMBIRA;Acessar a via sem observar a presen�a dos outros ve�culos;Colis�o transversal;Com V�timas Feridas;Plena Noite;Crescente;C�u Claro;Dupla;Retorno Regulamentado;N�o;2;0;1;0;1;0;1;2;-23,60001758;-51,58978648;SPRF-PR;DEL07-PR;UOP03-DEL07-PR;;;
705923;19/07/2025;s�bado;21:00:00;BA;101;218;CRUZ DAS ALMAS;Acessar a via sem observar a presen�a dos outros ve�culos;Colis�o transversal;Com V�timas Fatais;Plena Noite;Decrescente;C�u Claro;Simples;"Reta;Aclive";N�o;3;1;0;1;0;1;1;2;-12,6477957;-39,1131009;SPRF-BA;DEL01-BA;UOP02-DEL01-BA;;;
705924;19/07/2025;s�bado;21:56:00;RO;319;143;PORTO VELHO;Rea��o tardia ou ineficiente do condutor;Colis�o lateral mesmo sentido;Com V�timas Feridas;Pleno dia;Decrescente;C�u Claro;Dupla;Reta;Sim;2;0;1;1;0;0;2;2;-8,76401412;-63,88469188;SPRF-RO;DEL01-RO;UOP01-DEL01-RO;;;
705925;19/07/2025;s�bado;23:15:00;BA;116;317;ARACI;Aus�ncia de rea��o do condutor;Sa�da de leito carro��vel;Com V�timas Fatais;Plena Noite;Decrescente;C�u Claro;Simples;Reta;N�o;1;1;0;0;0;0;0;1;-11,305177;-38,939752;SPRF-BA;DEL02-BA;UOP01-DEL02-BA;;;
705929;20/07/2025;domingo;00:00:00;SP;153;86;MIRASSOL;Avarias e/ou desgaste excessivo no pneu;Colis�o com objeto;Sem V�timas;Plena Noite;Decrescente;C�u Claro;Dupla;Reta;N�o;1;0;0;0;1;0;0;1;-20,943497;-49,52956978;SPRF-SP;DEL09-SP;UOP01-DEL09-SP;;;
705930;19/07/2025;s�bado;21:30:00;PR;158;524,2;PATO BRANCO;Ultrapassagem Indevida;Sa�da de leito carro��vel;Com V�timas Fatais;Plena Noite;Crescente;C�u Claro;Simples;Reta;N�o;2;1;0;1;0;0;1;1;-26,14906;-52,662199;SPRF-PR;DEL02-PR;UOP01-DEL02-PR;;;
705931;19/07/2025;s�bado;19:30:00;MT;364;265;JACIARA;Rea��o tardia ou ineficiente do condutor;Colis�o lateral mesmo sentido;Com V�timas Fatais;Plena Noite;Decrescente;C�u Claro;Dupla;"Curva;Declive";N�o;2;1;1;0;0;0;1;2;-15,991403;-54,924135;SPRF-MT;DEL02-MT;UOP01-DEL02-MT;;;
705932;19/07/2025;s�bado;20:55:00;MG;50;170;UBERABA;Demais falhas mec�nicas ou el�tricas;Tombamento;Com V�timas Feridas;Plena Noite;Decrescente;C�u Claro;Dupla;"Declive;Reta";Sim;2;0;1;1;0;0;2;1;-19,736622;-47,982954;SPRF-MG;DEL13-MG;UOP01-DEL13-MG;;;
705933;19/07/2025;s�bado;23:45:00;MG;365;620,9;UBERLANDIA;Entrada inopinada do pedestre;Atropelamento de Pedestre;Com V�timas Fatais;Plena Noite;Crescente;C�u Claro;Dupla;Curva;Sim;4;1;0;0;2;1;0;2;-18,89169934;-48,27126939;SPRF-MG;DEL15-MG;UOP01-DEL15-MG;;;
705934;19/07/2025;s�bado;22:00:00;MG;365;849;SANTA VITORIA;Aus�ncia de rea��o do condutor;Colis�o com objeto;Com V�timas Feridas;Plena Noite;Decrescente;Nublado;Simples;"Ponte;Reta";N�o;2;0;2;0;0;0;2;1;-19,04863551;-50,48327744;SPRF-MG;DEL15-MG;UOP03-DEL15-MG;;;
705935;19/07/2025;s�bado;23:10:00;MG;116;284,2;TEOFILO OTONI;Aus�ncia de rea��o do condutor;Sa�da de leito carro��vel;Com V�timas Feridas;Plena Noite;Decrescente;C�u Claro;Simples;"Reta;Aclive";N�o;1;0;0;1;0;0;1;1;-17,920523;-41,527108;SPRF-MG;DEL11-MG;UOP01-DEL11-MG;;;
705936;20/07/2025;domingo;00:30:00;MG;381;495;BETIM;Aus�ncia de rea��o do condutor;Sa�da de leito carro��vel;Com V�timas Feridas;Plena Noite;Decrescente;C�u Claro;Simples;Viaduto;N�o;2;0;1;0;1;0;1;1;-19,99614329;-44,20876007;SPRF-MG;DEL01-MG;UOP03-DEL01-MG;;;
705937;19/07/2025;s�bado;23:40:00;PR;153;105;IBAITI;Rea��o tardia ou ineficiente do condutor;Colis�o transversal;Com V�timas Feridas;Plena Noite;Decrescente;C�u Claro;Simples;Reta;N�o;3;0;1;1;1;0;2;2;-23,82107058;-50,18467717;SPRF-PR;DEL07-PR;UOP04-DEL07-PR;;;
705938;19/07/2025;s�bado;21:00:00;CE;20;393;CAUCAIA;Ingest�o de �lcool pelo condutor;Colis�o traseira;Com V�timas Feridas;Plena Noite;Crescente;C�u Claro;Simples;Reta;N�o;2;0;0;1;0;1;1;2;-3,83285589;-38,75897303;SPRF-CE;DEL01-CE;UOP01-DEL01-CE;;;
705939;20/07/2025;domingo;01:00:00;CE;116;24;AQUIRAZ;Aus�ncia de rea��o do condutor;Colis�o com objeto;Com V�timas Feridas;Plena Noite;Decrescente;Nublado;Dupla;Reta;Sim;3;0;2;1;0;0;3;2;-3,9506173;-38,5130131;SPRF-CE;DEL01-CE;UOP02-DEL01-CE;;;
705940;20/07/2025;domingo;01:20:00;GO;50;137;IPAMERI;Ingest�o de �lcool pelo condutor;Colis�o traseira;Sem V�timas;Plena Noite;Decrescente;C�u Claro;Dupla;Reta;N�o;7;0;0;0;7;0;0;2;-17,16385525;-47,72338951;SPRF-GO;DEL06-GO;UOP01-DEL06-GO;;;
705941;19/07/2025;s�bado;22:05:00;RS;290;80;GRAVATAI;Aus�ncia de rea��o do condutor;Sa�da de leito carro��vel;Com V�timas Feridas;Plena Noite;Crescente;Nevoeiro/Neblina;M�ltipla;Curva;N�o;3;0;2;0;0;1;2;2;-29,95307032;-51,05626551;SPRF-RS;DEL01-RS;UOP01-DEL01-RS;;;
705943;20/07/2025;domingo;02:28:00;SE;101;92;NOSSA SENHORA DO SOCORRO;Animais na Pista;Atropelamento de Animal;Sem V�timas;Plena Noite;Decrescente;C�u Claro;Dupla;Reta;Sim;1;0;0;0;1;0;0;1;-10,90221413;-37,14506507;SPRF-SE;DEL01-SE;UOP01-DEL01-SE;;;
705944;19/07/2025;s�bado;23:15:00;SC;101;358,7;SANGAO;Aus�ncia de rea��o do condutor;Atropelamento de Pedestre;Com V�timas Feridas;Plena Noite;Crescente;Nevoeiro/Neblina;M�ltipla;Reta;N�o;3;0;0;2;1;0;2;2;-28,65564595;-49,10872579;SPRF-SC;DEL02-SC;UOP01-DEL02-SC;;;
705946;20/07/2025;domingo;02:49:00;PE;232;102;BEZERROS;Acessar a via sem observar a presen�a dos outros ve�culos;Atropelamento de Pedestre;Com V�timas Fatais;Plena Noite;Crescente;C�u Claro;Dupla;Reta;Sim;2;1;0;0;1;0;0;2;-8,23806366;-35,74179108;SPRF-PE;DEL02-PE;UOP03-DEL02-PE;;;
705948;20/07/2025;domingo;02:30:00;CE;116;13;FORTALEZA;Aus�ncia de rea��o do condutor;Colis�o com objeto;Com V�timas Feridas;Plena Noite;Crescente;Nublado;Dupla;Reta;N�o;1;0;1;0;0;0;1;1;-3,86550703;-38,49786401;SPRF-CE;DEL01-CE;UOP02-DEL01-CE;;;
705950;20/07/2025;domingo;03:15:00;BA;116;16,4;VITORIA DA CONQUISTA;Ingest�o de �lcool pelo condutor;Queda de ocupante de ve�culo;Com V�timas Feridas;Plena Noite;Decrescente;Nublado;Simples;Reta;N�o;1;0;1;0;0;0;1;1;-14,90242551;-40,84738255;SPRF-BA;DEL08-BA;UOP01-DEL08-BA;;;
705951;20/07/2025;domingo;03:20:00;BA;242;728;CRISTOPOLIS;Objeto est�tico sobre o leito carro��vel;Sa�da de leito carro��vel;Com V�timas Feridas;Plena Noite;Crescente;C�u Claro;Simples;Reta;N�o;1;0;1;0;0;0;1;1;-12,222566;-44,23899;SPRF-BA;DEL10-BA;UOP01-DEL10-BA;;;
705952;20/07/2025;domingo;02:00:00;PR;369;21;CAMBARA;Ingest�o de �lcool pelo condutor;Colis�o com objeto;Sem V�timas;Plena Noite;Decrescente;C�u Claro;Simples;Reta;N�o;2;0;0;0;1;1;0;2;-23,0402889;-50,0953969;SPRF-PR;DEL07-PR;UOP05-DEL07-PR;;;
705953;20/07/2025;domingo;03:15:00;SP;153;291;MARILIA;Ingest�o de �lcool pelo condutor;Capotamento;Sem V�timas;Plena Noite;Decrescente;C�u Claro;Simples;Reta;N�o;1;0;0;0;0;1;0;1;-22,31464862;-49,89820421;SPRF-SP;DEL07-SP;UOP02-DEL07-SP;;;
705954;20/07/2025;domingo;04:00:00;MG;381;423;CAETE;Aus�ncia de rea��o do condutor;Sa�da de leito carro��vel;Com V�timas Feridas;Plena Noite;Crescente;C�u Claro;Dupla;Curva;N�o;1;0;0;1;0;0;1;1;-19,78265549;-43,6610198;SPRF-MG;DEL01-MG;UOP01-DEL01-MG;;;
705955;20/07/2025;domingo;02:00:00;PR;163;23;SANTO ANTONIO DO SUDOESTE;Objeto est�tico sobre o leito carro��vel;Colis�o traseira;Com V�timas Feridas;Plena Noite;Crescente;Nublado;Simples;"Aclive;Reta";N�o;4;0;1;0;2;1;1;2;-26,147338;-53,685058;SPRF-PR;DEL02-PR;UOP02-DEL02-PR;;;
705956;20/07/2025;domingo;04:20:00;RS;116;243;SAO LEOPOLDO;Ingest�o de �lcool pelo condutor;Colis�o com objeto;Sem V�timas;Plena Noite;Crescente;C�u Claro;Simples;Curva;Sim;1;0;0;0;1;0;0;1;-29,73045574;-51,14963599;SPRF-RS;DEL01-RS;UOP02-DEL01-RS;;;
705957;20/07/2025;domingo;05:00:00;SP;116;193;SANTA ISABEL;Rea��o tardia ou ineficiente do condutor;Colis�o com objeto;Com V�timas Fatais;Plena Noite;Decrescente;Ignorado;Dupla;Curva;N�o;2;1;0;0;1;0;0;2;-23,38171592;-46,25998211;SPRF-SP;DEL01-SP;UOP01-DEL01-SP;;;
705958;20/07/2025;domingo;04:30:00;SC;101;296,8;LAGUNA;Ingest�o de �lcool pelo condutor;Colis�o com objeto;Com V�timas Feridas;Plena Noite;Crescente;C�u Claro;M�ltipla;Reta;Sim;1;0;0;1;0;0;1;1;-28,33408454;-48,73284101;SPRF-SC;DEL02-SC;UOP03-DEL02-SC;;;
705960;20/07/2025;domingo;04:55:00;RS;116;144,5;CAXIAS DO SUL;Ingest�o de �lcool pelo condutor;Colis�o com objeto;Com V�timas Feridas;Plena Noite;Crescente;C�u Claro;Dupla;"Reta;Aclive;Viaduto";Sim;1;0;1;0;0;0;1;1;-29,13207;-51,129048;SPRF-RS;DEL05-RS;UOP01-DEL05-RS;;;
705961;20/07/2025;domingo;04:30:00;ES;101;296,1;CARIACICA;Velocidade Incompat�vel;Sa�da de leito carro��vel;Com V�timas Feridas;Plena Noite;Decrescente;Nublado;M�ltipla;Curva;Sim;1;0;1;0;0;0;1;1;-20,34087468;-40,4041636;SPRF-ES;DEL01-ES;UOP01-DEL01-ES;;;
705962;20/07/2025;domingo;03:45:00;SC;116;247;LAGES;Aus�ncia de rea��o do condutor;Capotamento;Sem V�timas;Plena Noite;Crescente;Nublado;Simples;Rotat�ria;Sim;1;0;0;0;0;1;0;1;-27,81166175;-50,36839843;SPRF-SC;DEL05-SC;UOP02-DEL05-SC;;;
705964;20/07/2025;domingo;05:00:00;PR;376;140,3;NOVA ESPERANCA;Condutor Dormindo;Queda de ocupante de ve�culo;Com V�timas Feridas;Amanhecer;Decrescente;C�u Claro;Dupla;Reta;N�o;1;0;1;0;0;0;1;1;-23,23472123;-52,17381477;SPRF-PR;DEL09-PR;UOP02-DEL09-PR;;;
705965;20/07/2025;domingo;05:20:00;RS;116;39,7;VACARIA;Rea��o tardia ou ineficiente do condutor;Sa�da de leito carro��vel;Sem V�timas;Plena Noite;Crescente;C�u Claro;Simples;"Desvio Tempor�rio;Em Obras;Reta";Sim;1;0;0;0;1;0;0;1;-28,516441;-50,937298;SPRF-RS;DEL05-RS;UOP03-DEL05-RS;;;
705966;20/07/2025;domingo;05:15:00;DF;20;12;BRASILIA;Aus�ncia de rea��o do condutor;Capotamento;Sem V�timas;Plena Noite;Decrescente;C�u Claro;Dupla;"Em Obras;Reta";N�o;1;0;0;0;0;1;0;1;-15,62415381;-47,7229777;SPRF-DF;DEL02-DF;UOP01-DEL02-DF;;;
705967;20/07/2025;domingo;04:50:00;MT;70;12;BARRA DO GARCAS;Frear bruscamente;Engavetamento;Com V�timas Feridas;Amanhecer;Decrescente;C�u Claro;Simples;"Declive;Reta";N�o;5;0;1;0;3;1;1;5;-15,888111;-52,278416;SPRF-MT;DEL07-MT;UOP01-DEL07-MT;;;
705969;19/07/2025;s�bado;18:20:00;SC;101;435,5;SOMBRIO;Manobra de mudan�a de faixa;Colis�o lateral mesmo sentido;Com V�timas Feridas;Plena Noite;Crescente;C�u Claro;Dupla;Reta;Sim;2;0;1;0;1;0;1;2;-29,10694818;-49,63721601;SPRF-SC;DEL02-SC;UOP02-DEL02-SC;;;