id;data_inversa;dia_semana;horario;uf;br;km;municipio;causa_acidente;tipo_acidente;classificacao_acidente;fase_dia;sentido_via;condicao_metereologica;tipo_pista;tracado_via;uso_solo;pessoas;mortos;feridos_leves;feridos_graves;ilesos;ignorados;feridos;veiculos;latitude;longitude;regional;delegacia;uop;;;
705971;20/07/2025;domingo;05:10:00;RJ;356;149;CAMPOS DOS GOYTACAZES;Participar de racha;Colis�o frontal;Com V�timas Fatais;Plena Noite;Crescente;C�u Claro;Simples;Reta;Sim;3;2;0;0;1;0;0;2;-21,77465928;-41,28459183;SPRF-RJ;DEL08-RJ;UOP02-DEL08-RJ;;;
705972;20/07/2025;domingo;06:00:00;RS;290;112;ELDORADO DO SUL;Condutor Dormindo;Sa�da de leito carro��vel;Sem V�timas;Plena Noite;Decrescente;Nevoeiro/Neblina;Simples;"Curva;Aclive;Viaduto";N�o;1;0;0;0;1;0;0;1;-30,04272417;-51,32898867;SPRF-RS;DEL02-RS;UOP01-DEL02-RS;;;
705973;20/07/2025;domingo;02:45:00;SC;101;89;BARRA VELHA;Velocidade Incompat�vel;Capotamento;Com V�timas Feridas;Plena Noite;Crescente;C�u Claro;Dupla;"Reta;Interse��o de Vias";Sim;2;0;0;2;0;0;2;1;-26,66919457;-48,68985828;SPRF-SC;DEL03-SC;UOP02-DEL03-SC;;;
705974;19/07/2025;s�bado;19:30:00;SC;101;52;JOINVILLE;Pedestre andava na pista;Atropelamento de Pedestre;Com V�timas Feridas;Plena Noite;Decrescente;C�u Claro;Dupla;Reta;N�o;2;0;1;0;1;0;1;2;-26,40502061;-48,83852927;SPRF-SC;DEL03-SC;UOP01-DEL03-SC;;;
705975;20/07/2025;domingo;00:30:00;RS;153;24;TRES ARROIOS;Acostamento em desn�vel;Queda de ocupante de ve�culo;Com V�timas Feridas;Plena Noite;Crescente;C�u Claro;Simples;Reta;N�o;2;0;0;1;1;0;1;1;-27,48013747;-52,10952763;SPRF-RS;DEL08-RS;UOP04-DEL08-RS;;;
705976;19/07/2025;s�bado;21:00:00;SC;282;435;VARGEM BONITA;Aus�ncia de rea��o do condutor;Capotamento;Com V�timas Feridas;Plena Noite;Decrescente;Nublado;Simples;Aclive;N�o;1;0;1;0;0;0;1;1;-26,97014431;-51,85354519;SPRF-SC;DEL07-SC;UOP04-DEL07-SC;;;
705978;20/07/2025;domingo;07:30:00;BA;349;1066;CORRENTINA;Velocidade Incompat�vel;Sa�da de leito carro��vel;Com V�timas Feridas;Pleno dia;Crescente;C�u Claro;Simples;Reta;N�o;2;0;0;2;0;0;2;1;-13,6597;-45,7593;SPRF-BA;DEL10-BA;UOP02-DEL10-BA;;;
705982;20/07/2025;domingo;05:15:00;RS;287;302,2;SAO PEDRO DO SUL;Ingest�o de �lcool pelo condutor;Colis�o frontal;Com V�timas Fatais;Amanhecer;Crescente;Nevoeiro/Neblina;Simples;Reta;N�o;5;1;0;3;1;0;3;2;-29,646664;-54,397945;SPRF-RS;DEL09-RS;UOP01-DEL09-RS;;;
705983;20/07/2025;domingo;01:40:00;RJ;116;113,5;MAGE;Velocidade Incompat�vel;Queda de ocupante de ve�culo;Com V�timas Feridas;Plena Noite;Decrescente;C�u Claro;Dupla;Reta;N�o;2;0;0;2;0;0;2;1;-22,6593983;-43,0910128;SPRF-RJ;DEL04-RJ;UOP02-DEL04-RJ;;;
705984;20/07/2025;domingo;02:00:00;MG;365;759;ITUIUTABA;Rea��o tardia ou ineficiente do condutor;Colis�o com objeto;Sem V�timas;Plena Noite;Decrescente;C�u Claro;Simples;"Declive;Reta";N�o;1;0;0;0;1;0;0;1;-18,96531214;-49,51397449;SPRF-MG;DEL15-MG;UOP03-DEL15-MG;;;
705985;20/07/2025;domingo;03:30:00;MT;163;1046;MATUPA;Rea��o tardia ou ineficiente do condutor;Capotamento;Com V�timas Feridas;Amanhecer;Crescente;C�u Claro;Simples;"Aclive;Curva";N�o;1;0;1;0;0;0;1;1;-10,08709328;-54,91498947;SPRF-MT;DEL06-MT;UOP03-DEL06-MT;;;
705986;20/07/2025;domingo;07:20:00;RS;290;104,1;ELDORADO DO SUL;Velocidade Incompat�vel;Colis�o traseira;Com V�timas Feridas;Pleno dia;Decrescente;Nevoeiro/Neblina;Dupla;Reta;N�o;7;0;3;0;4;0;3;2;-29,99419783;-51,27902448;SPRF-RS;DEL02-RS;UOP01-DEL02-RS;;;
705990;20/07/2025;domingo;08:00:00;SC;282;201,8;LAGES;Aus�ncia de rea��o do condutor;Sa�da de leito carro��vel;Sem V�timas;Pleno dia;Decrescente;Nevoeiro/Neblina;Simples;"Declive;Reta";N�o;1;0;0;0;1;0;0;1;-27,76049441;-50,14323235;SPRF-SC;DEL05-SC;UOP01-DEL05-SC;;;
705993;20/07/2025;domingo;08:00:00;PR;476;197,1;LAPA;Ultrapassagem Indevida;Colis�o lateral sentido oposto;Com V�timas Feridas;Pleno dia;Decrescente;C�u Claro;Simples;"Declive;Reta";Sim;4;0;1;0;3;0;1;2;-25,76026616;-49,73344294;SPRF-PR;DEL01-PR;UOP06-DEL01-PR;;;
705994;20/07/2025;domingo;09:05:00;MG;381;885;ESTIVA;Acessar a via sem observar a presen�a dos outros ve�culos;Colis�o transversal;Sem V�timas;Pleno dia;Decrescente;C�u Claro;Dupla;Retorno Regulamentado;N�o;6;0;0;0;6;0;0;2;-22,496467;-46,013558;SPRF-MG;DEL16-MG;UOP01-DEL16-MG;;;
705995;20/07/2025;domingo;09:10:00;GO;60;91;ANAPOLIS;Velocidade Incompat�vel;Colis�o traseira;Com V�timas Feridas;Pleno dia;Crescente;C�u Claro;Dupla;"Declive;Reta";Sim;5;0;0;1;4;0;1;2;-16,34790161;-48,90832756;SPRF-GO;DEL02-GO;UOP01-DEL02-GO;;;
705997;20/07/2025;domingo;05:10:00;SC;101;365,5;SANGAO;Frear bruscamente;Sa�da de leito carro��vel;Com V�timas Fatais;Plena Noite;Decrescente;Nevoeiro/Neblina;Dupla;"Reta;Interse��o de Vias";N�o;3;2;1;0;0;0;1;1;-28,690621;-49,162653;SPRF-SC;DEL02-SC;UOP01-DEL02-SC;;;
705998;20/07/2025;domingo;09:59:00;BA;367;51,8;PORTO SEGURO;Pista Escorregadia;Colis�o frontal;Com V�timas Feridas;Pleno dia;Crescente;Garoa/Chuvisco;Simples;Curva;N�o;4;0;0;3;1;0;3;3;-16,373111;-39,307178;SPRF-BA;DEL09-BA;UOP03-DEL09-BA;;;
705999;20/07/2025;domingo;09:35:00;ES;101;264,5;SERRA;Aus�ncia de rea��o do condutor;Colis�o lateral mesmo sentido;Com V�timas Feridas;Pleno dia;Crescente;C�u Claro;Dupla;Reta;Sim;3;0;1;1;0;1;2;2;-20,17651907;-40,26599618;SPRF-ES;DEL02-ES;UOP01-DEL02-ES;;;
706000;20/07/2025;domingo;06:45:00;SC;101;355;SANGAO;Ingest�o de �lcool pelo condutor;Sa�da de leito carro��vel;Sem V�timas;Amanhecer;Decrescente;Nevoeiro/Neblina;Dupla;"Curva;Aclive";N�o;1;0;0;0;1;0;0;1;-28,63438958;-49,09385411;SPRF-SC;DEL02-SC;UOP01-DEL02-SC;;;
706002;01/05/2025;quinta-feira;03:10:00;MA;316;619,1;TIMON;Transitar na contram�o;Colis�o frontal;Com V�timas Fatais;Plena Noite;Crescente;C�u Claro;Simples;Reta;Sim;2;1;0;0;0;1;0;2;-5,110041;-42,827306;SPRF-MA;DEL03-MA;UOP02-DEL03-MA;;;
706003;20/07/2025;domingo;11:15:00;SC;101;119,5;ITAJAI;Condutor deixou de manter dist�ncia do ve�culo da frente;Colis�o traseira;Com V�timas Feridas;Pleno dia;Crescente;C�u Claro;Dupla;Reta;Sim;3;0;2;0;1;0;2;2;-26,90380201;-48,71612549;SPRF-SC;DEL04-SC;UOP04-DEL04-SC;;;
706004;20/07/2025;domingo;07:05:00;SC;163;71,5;SAO MIGUEL DO OESTE;Ingest�o de �lcool pelo condutor;Colis�o com objeto;Com V�timas Feridas;Pleno dia;Decrescente;C�u Claro;Dupla;Reta;Sim;1;0;1;0;0;0;1;1;-26,72408943;-53,51381421;SPRF-SC;DEL07-SC;UOP03-DEL07-SC;;;
706005;20/07/2025;domingo;11:15:00;RS;116;270;PORTO ALEGRE;Velocidade Incompat�vel;Tombamento;Com V�timas Feridas;Pleno dia;Crescente;C�u Claro;Simples;Curva;Sim;2;0;2;0;0;0;2;1;-29,9694719;-51,17683768;SPRF-RS;DEL01-RS;UOP01-DEL01-RS;;;
706007;20/07/2025;domingo;10:25:00;PR;376;75,7;GUAIRACA;Acessar a via sem observar a presen�a dos outros ve�culos;Colis�o transversal;Com V�timas Feridas;Pleno dia;Decrescente;C�u Claro;Simples;Interse��o de Vias;N�o;6;0;2;1;3;0;3;2;-22,95412553;-52,7013731;SPRF-PR;DEL09-PR;UOP02-DEL09-PR;;;
706008;20/07/2025;domingo;11:10:00;RS;392;115;CANGUCU;Condutor deixou de manter dist�ncia do ve�culo da frente;Colis�o traseira;Com V�timas Feridas;Pleno dia;Decrescente;C�u Claro;Simples;Reta;N�o;2;0;1;0;1;0;1;2;-31,421765;-52,662307;SPRF-RS;DEL07-RS;UOP01-DEL07-RS;;;
706009;20/07/2025;domingo;11:00:00;SP;381;66,7;MAIRIPORA;Demais falhas mec�nicas ou el�tricas;Colis�o lateral mesmo sentido;Com V�timas Feridas;Pleno dia;Decrescente;C�u Claro;Dupla;Reta;Sim;2;0;0;1;1;0;1;2;-23,33152257;-46,57678334;SPRF-SP;DEL03-SP;UOP01-DEL03-SP;;;
706010;20/07/2025;domingo;09:40:00;RJ;40;69,8;PETROPOLIS;Velocidade Incompat�vel;Colis�o traseira;Com V�timas Feridas;Pleno dia;Decrescente;C�u Claro;Dupla;Reta;N�o;3;0;1;0;2;0;1;2;-22,44954127;-43,20032928;SPRF-RJ;DEL05-RJ;UOP02-DEL05-RJ;;;
706011;20/07/2025;domingo;10:30:00;RR;432;122;CANTA;Ingest�o de �lcool pelo condutor;Tombamento;Com V�timas Feridas;Pleno dia;Crescente;Nublado;Simples;Reta;N�o;1;0;0;1;0;0;1;1;2,123137;-60,634052;SPRF-RR;DEL01-RR;UOP01-DEL01-RR;;;
706012;20/07/2025;domingo;11:50:00;MG;116;415,4;GOVERNADOR VALADARES;Ingest�o de �lcool pelo condutor;Colis�o traseira;Sem V�timas;Pleno dia;Crescente;Sol;Simples;Reta;Sim;3;0;0;0;3;0;0;3;-18,892194;-41,947064;SPRF-MG;DEL06-MG;UOP01-DEL06-MG;;;
706013;20/07/2025;domingo;11:20:00;PI;316;347;FRANCISCO SANTOS;Condutor Dormindo;Sa�da de leito carro��vel;Com V�timas Feridas;Pleno dia;Decrescente;C�u Claro;Simples;Reta;Sim;3;0;3;0;0;0;3;1;-7,120823;-41,143898;SPRF-PI;DEL04-PI;UOP03-DEL04-PI;;;
706014;20/07/2025;domingo;12:00:00;MG;381;438;SANTA LUZIA;Convers�o proibida;Colis�o transversal;Com V�timas Feridas;Pleno dia;Crescente;C�u Claro;Simples;Curva;N�o;3;0;0;1;2;0;1;2;-19,82225533;-43,8178809;SPRF-MG;DEL01-MG;UOP01-DEL01-MG;;;
706015;20/07/2025;domingo;11:35:00;RS;386;115;SARANDI;Aus�ncia de rea��o do condutor;Sa�da de leito carro��vel;Com V�timas Feridas;Pleno dia;Crescente;C�u Claro;Simples;"Curva;Aclive";N�o;1;0;0;1;0;0;1;1;-27,796625;-53,051252;SPRF-RS;DEL08-RS;UOP01-DEL08-RS;;;
706017;30/06/2025;segunda-feira;14:20:00;GO;153;519;HIDROLANDIA;Animais na Pista;Atropelamento de Animal;Com V�timas Feridas;Pleno dia;Decrescente;C�u Claro;Dupla;Aclive;N�o;1;0;1;0;0;0;1;1;-16,93341473;-49,25196648;SPRF-GO;DEL01-GO;UOP03-DEL01-GO;;;
706020;15/06/2025;domingo;18:21:00;AL;316;54,9;MARAVILHA;Animais na Pista;Atropelamento de Animal;Sem V�timas;Pleno dia;Crescente;Nublado;Simples;Reta;N�o;1;0;0;0;0;1;0;1;-9,22038796;-37,47196198;SPRF-AL;DEL03-AL;UOP02-DEL03-AL;;;
706021;20/07/2025;domingo;13:20:00;PR;277;154;PORTO AMAZONAS;Acessar a via sem observar a presen�a dos outros ve�culos;Colis�o transversal;Com V�timas Feridas;Pleno dia;Crescente;C�u Claro;Simples;"Reta;Interse��o de Vias";N�o;3;0;1;1;1;0;2;2;-25,47000594;-49,7908744;SPRF-PR;DEL03-PR;UOP03-DEL03-PR;;;
706022;18/07/2025;sexta-feira;23:00:00;MA;226;520,4;LAJEADO NOVO;Transitar na contram�o;Colis�o frontal;Com V�timas Feridas;Plena Noite;Decrescente;C�u Claro;Simples;Curva;N�o;4;0;0;4;0;0;4;2;-6,159545;-46,980615;SPRF-MA;DEL04-MA;UOP02-DEL04-MA;;;
706023;20/07/2025;domingo;12:20:00;MG;116;257,7;TEOFILO OTONI;Rea��o tardia ou ineficiente do condutor;Colis�o lateral mesmo sentido;Com V�timas Feridas;Pleno dia;Crescente;C�u Claro;Simples;Reta;N�o;1;0;0;1;0;0;1;1;-17,8716672;-41,5105024;SPRF-MG;DEL11-MG;UOP01-DEL11-MG;;;
706024;20/07/2025;domingo;10:00:00;RJ;40;96;PETROPOLIS;Rea��o tardia ou ineficiente do condutor;Colis�o com objeto;Com V�timas Feridas;Pleno dia;Decrescente;C�u Claro;Dupla;Curva;Sim;2;0;0;2;0;0;2;1;-22,52062943;-43,17404866;SPRF-RJ;DEL01-RJ;UOP01-DEL01-RJ;;;
706026;20/07/2025;domingo;14:25:00;ES;101;148;LINHARES;Manobra de mudan�a de faixa;Tombamento;Com V�timas Feridas;Pleno dia;Decrescente;C�u Claro;M�ltipla;Reta;Sim;2;0;1;0;0;1;1;2;-19,3875722;-40,06734579;SPRF-ES;DEL04-ES;UOP01-DEL04-ES;;;
706027;20/07/2025;domingo;14:20:00;ES;262;185;IUNA;Aus�ncia de rea��o do condutor;Tombamento;Com V�timas Feridas;Pleno dia;Crescente;Sol;Simples;Reta;N�o;1;0;0;1;0;0;1;1;-20,3006269;-41,7082346;SPRF-ES;DEL01-ES;UOP02-DEL01-ES;;;
706029;05/06/2025;quinta-feira;11:50:00;AM;319;733;HUMAITA;Pista esburacada;Tombamento;Com V�timas Feridas;Pleno dia;Decrescente;Nublado;Simples;Reta;N�o;2;0;1;0;1;0;1;1;-7,92136811;-63,32233715;SPRF-AM;DEL02-AM;UOP01-DEL02-AM;;;
706030;20/07/2025;domingo;13:50:00;RR;401;20;CANTA;Aus�ncia de rea��o do condutor;Colis�o traseira;Com V�timas Feridas;Pleno dia;Crescente;Nublado;Dupla;Reta;N�o;3;0;0;2;1;0;2;2;2,79831689;-60,63339293;SPRF-RR;DEL01-RR;UOP01-DEL01-RR;;;
706031;20/07/2025;domingo;13:45:00;PE;407;87,7;PETROLINA;Acessar a via sem observar a presen�a dos outros ve�culos;Colis�o transversal;Com V�timas Fatais;Pleno dia;Decrescente;Sol;Simples;"Interse��o de Vias;Aclive;Reta";N�o;3;1;0;1;1;0;1;2;-9,0771794;-40,66297531;SPRF-PE;DEL06-PE;UOP02-DEL06-PE;;;
706033;20/07/2025;domingo;14:54:00;SC;470;54,4;BLUMENAU;Acessar a via sem observar a presen�a dos outros ve�culos;Colis�o lateral mesmo sentido;Com V�timas Feridas;Pleno dia;Decrescente;C�u Claro;Simples;Interse��o de Vias;Sim;3;0;1;0;2;0;1;2;-26,86522952;-49,09940511;SPRF-SC;DEL04-SC;UOP01-DEL04-SC;;;
706034;20/07/2025;domingo;14:10:00;SP;381;7;VARGEM;Ingest�o de �lcool pelo condutor;Colis�o com objeto;Com V�timas Feridas;Pleno dia;Decrescente;C�u Claro;Dupla;Reta;Sim;1;0;1;0;0;0;1;1;-22,90669118;-46,42315714;SPRF-SP;DEL03-SP;UOP02-DEL03-SP;;;
706036;20/07/2025;domingo;12:16:00;MT;163;890;CLAUDIA;Acessar a via sem observar a presen�a dos outros ve�culos;Colis�o transversal;Com V�timas Feridas;Pleno dia;Crescente;C�u Claro;Simples;Reta;N�o;2;0;0;1;1;0;1;2;-11,39080814;-55,34425737;SPRF-MT;DEL06-MT;UOP02-DEL06-MT;;;
706037;20/07/2025;domingo;13:30:00;PI;230;201,5;OEIRAS;Rea��o tardia ou ineficiente do condutor;Sa�da de leito carro��vel;Com V�timas Feridas;Pleno dia;Decrescente;C�u Claro;Simples;"Declive;Curva";N�o;1;0;1;0;0;0;1;1;-7,0113567;-42,1629733;SPRF-PI;DEL03-PI;UOP01-DEL03-PI;;;
706038;20/07/2025;domingo;14:00:00;RJ;493;56;DUQUE DE CAXIAS;Demais falhas mec�nicas ou el�tricas;Tombamento;Com V�timas Feridas;Pleno dia;Crescente;C�u Claro;Dupla;Reta;N�o;2;0;1;1;0;0;2;1;-22,662381;-43,362391;SPRF-RJ;DEL01-RJ;UOP03-DEL01-RJ;;;
706039;20/07/2025;domingo;16:00:00;MG;381;434;SABARA;Manobra de mudan�a de faixa;Colis�o lateral mesmo sentido;Com V�timas Feridas;Pleno dia;Crescente;C�u Claro;Simples;Aclive;N�o;2;0;1;0;1;0;1;2;-19,8057151;-43,76205252;SPRF-MG;DEL01-MG;UOP01-DEL01-MG;;;
706040;20/07/2025;domingo;14:45:00;MG;116;698;MURIAE;Aus�ncia de rea��o do condutor;Colis�o lateral sentido oposto;Com V�timas Feridas;Pleno dia;Decrescente;C�u Claro;Simples;Reta;N�o;4;0;2;0;2;0;2;2;-21,1309;-42,3554;SPRF-MG;DEL07-MG;UOP02-DEL07-MG;;;
706041;20/07/2025;domingo;15:15:00;MG;40;524,7;CONTAGEM;Rea��o tardia ou ineficiente do condutor;Sa�da de leito carro��vel;Com V�timas Feridas;Pleno dia;Crescente;C�u Claro;M�ltipla;Reta;Sim;1;0;0;1;0;0;1;1;-19,88458892;-44,05071259;SPRF-MG;DEL01-MG;UOP02-DEL01-MG;;;
706043;20/07/2025;domingo;16:15:00;ES;262;191;IUNA;Mal s�bito do condutor;Colis�o com objeto;Com V�timas Feridas;Pleno dia;Crescente;C�u Claro;Simples;"Declive;Reta";N�o;2;0;2;0;0;0;2;1;-20,3022279;-41,7463857;SPRF-ES;DEL01-ES;UOP02-DEL01-ES;;;
706044;20/07/2025;domingo;16:20:00;MG;50;18;UBERLANDIA;Problema com o freio;Queda de ocupante de ve�culo;Com V�timas Feridas;Pleno dia;Crescente;C�u Claro;Dupla;Viaduto;N�o;2;0;1;0;1;0;1;1;-18,92794982;-48,19094745;SPRF-MG;DEL15-MG;UOP01-DEL15-MG;;;
706045;20/07/2025;domingo;14:45:00;PR;277;334;GUARAPUAVA;Rea��o tardia ou ineficiente do condutor;Sa�da de leito carro��vel;Com V�timas Feridas;Pleno dia;Crescente;C�u Claro;Dupla;"Curva;Aclive";N�o;2;0;2;0;0;0;2;1;-25,34842;-51,3897;SPRF-PR;DEL08-PR;UOP01-DEL08-PR;;;
706048;20/07/2025;domingo;17:00:00;SP;116;151;SAO JOSE DOS CAMPOS;Avarias e/ou desgaste excessivo no pneu;Queda de ocupante de ve�culo;Com V�timas Feridas;Pleno dia;Crescente;C�u Claro;Dupla;Reta;Sim;2;0;1;1;0;0;2;1;-23,220539;-45,901182;SPRF-SP;DEL02-SP;UOP01-DEL02-SP;;;
706049;20/07/2025;domingo;15:30:00;MG;267;12,5;LEOPOLDINA;Manobra de mudan�a de faixa;Colis�o traseira;Com V�timas Feridas;Pleno dia;Crescente;Sol;Simples;Curva;N�o;4;0;1;0;2;1;1;3;-21,579613;-42,721066;SPRF-MG;DEL07-MG;UOP01-DEL07-MG;;;
706050;20/07/2025;domingo;17:00:00;PR;376;188,9;MARIALVA;Rea��o tardia ou ineficiente do condutor;Colis�o traseira;Com V�timas Feridas;Pleno dia;Decrescente;Nublado;Dupla;Reta;N�o;3;0;1;0;2;0;1;2;-23,46465277;-51,83121856;SPRF-PR;DEL09-PR;UOP01-DEL09-PR;;;
706052;20/07/2025;domingo;17:15:00;SC;101;119;ITAJAI;Manobra de mudan�a de faixa;Colis�o lateral mesmo sentido;Com V�timas Feridas;Pleno dia;Crescente;C�u Claro;Dupla;Reta;Sim;3;0;2;0;1;0;2;2;-26,90380201;-48,71612549;SPRF-SC;DEL04-SC;UOP04-DEL04-SC;;;
706054;20/07/2025;domingo;17:15:00;RS;392;87;PELOTAS;Acessar a via sem observar a presen�a dos outros ve�culos;Colis�o transversal;Com V�timas Feridas;Anoitecer;Crescente;Nublado;Simples;Reta;Sim;3;0;0;2;1;0;2;2;-31,48474199;-52,46334314;SPRF-RS;DEL07-RS;UOP01-DEL07-RS;;;
706057;20/07/2025;domingo;17:00:00;PE;101;21;GOIANA;Aus�ncia de rea��o do condutor;Tombamento;Com V�timas Feridas;Anoitecer;Crescente;C�u Claro;Simples;"Curva;Declive";N�o;1;0;1;0;0;0;1;1;-7,6755026;-34,9291265;SPRF-PE;DEL01-PE;UOP02-DEL01-PE;;;
706059;20/07/2025;domingo;16:15:00;MG;116;277;TEOFILO OTONI;Aus�ncia de rea��o do condutor;Colis�o transversal;Com V�timas Feridas;Pleno dia;Decrescente;C�u Claro;Simples;Reta;Sim;2;0;1;0;1;0;1;2;-17,86478308;-41,51575182;SPRF-MG;DEL11-MG;UOP01-DEL11-MG;;;
706061;20/07/2025;domingo;17:40:00;SC;470;115;IBIRAMA;Transitar no Acostamento;Atropelamento de Pedestre;Com V�timas Feridas;Anoitecer;Decrescente;C�u Claro;Simples;Reta;Sim;9;0;0;1;8;0;1;2;-27,07839452;-49,49071594;SPRF-SC;DEL04-SC;UOP02-DEL04-SC;;;
706062;20/07/2025;domingo;16:40:00;PR;277;509,3;GUARANIACU;Convers�o proibida;Colis�o transversal;Com V�timas Feridas;Pleno dia;Decrescente;C�u Claro;Simples;Reta;N�o;6;0;4;0;2;0;4;2;-25,1223548;-52,7718269;SPRF-PR;DEL04-PR;UOP04-DEL04-PR;;;
706064;20/07/2025;domingo;18:10:00;PR;158;506,8;CORONEL VIVIDA;Rea��o tardia ou ineficiente do condutor;Colis�o com objeto;Sem V�timas;Plena Noite;Crescente;C�u Claro;Simples;Curva;Sim;4;0;0;0;4;0;0;4;-26,01139149;-52,56946055;SPRF-PR;DEL02-PR;UOP01-DEL02-PR;;;
706065;20/07/2025;domingo;18:10:00;SC;101;91;BARRA VELHA;Condutor deixou de manter dist�ncia do ve�culo da frente;Colis�o traseira;Com V�timas Feridas;Plena Noite;Crescente;C�u Claro;Simples;"Viaduto;Reta";N�o;3;0;2;0;1;0;2;2;-26,68042613;-48,69321791;SPRF-SC;DEL03-SC;UOP02-DEL03-SC;;;
706066;20/07/2025;domingo;18:00:00;MG;381;501;BETIM;Condutor deixou de manter dist�ncia do ve�culo da frente;Engavetamento;Sem V�timas;Anoitecer;Decrescente;C�u Claro;Dupla;Reta;N�o;3;0;0;0;2;1;0;3;-20,01451675;-44,22146952;SPRF-MG;DEL01-MG;UOP03-DEL01-MG;;;
706067;20/07/2025;domingo;18:40:00;PE;101;127,8;ESCADA;Condutor Dormindo;Sa�da de leito carro��vel;Com V�timas Feridas;Plena Noite;Decrescente;Chuva;Dupla;Reta;N�o;2;0;0;2;0;0;2;1;-8,37746834;-35,24057262;SPRF-PE;DEL01-PE;UOP03-DEL01-PE;;;
706070;20/07/2025;domingo;18:10:00;PR;116;106;SAO JOSE DOS PINHAIS;Aus�ncia de rea��o do condutor;Colis�o traseira;Com V�timas Feridas;Plena Noite;Crescente;C�u Claro;Dupla;Reta;Sim;2;0;1;0;1;0;1;2;-25,569621;-49,2228;SPRF-PR;DEL01-PR;UOP03-DEL01-PR;;;
706072;20/07/2025;domingo;18:40:00;RS;386;350,7;ESTRELA;Avarias e/ou desgaste excessivo no pneu;Tombamento;Com V�timas Feridas;Plena Noite;Decrescente;C�u Claro;Dupla;Reta;N�o;2;0;2;0;0;0;2;1;-29,481008;-51,953817;SPRF-RS;DEL04-RS;UOP01-DEL04-RS;;;
706073;20/07/2025;domingo;13:00:00;BA;101;108;ALAGOINHAS;Demais falhas mec�nicas ou el�tricas;Inc�ndio;Sem V�timas;Pleno dia;Crescente;Nublado;Simples;Reta;Sim;1;0;0;0;1;0;0;1;-12,15355863;-38,40288159;SPRF-BA;DEL01-BA;UOP04-DEL01-BA;;;
706074;20/07/2025;domingo;18:30:00;SC;101;145;ITAPEMA;Manobra de mudan�a de faixa;Colis�o lateral mesmo sentido;Com V�timas Feridas;Plena Noite;Decrescente;C�u Claro;Dupla;Curva;Sim;3;0;1;1;1;0;2;2;-27,08205079;-48,60166876;SPRF-SC;DEL04-SC;UOP03-DEL04-SC;;;
706075;20/07/2025;domingo;17:58:00;MG;381;752;TRES CORACOES;Aus�ncia de rea��o do condutor;Colis�o com objeto;Com V�timas Feridas;Plena Noite;Crescente;C�u Claro;Dupla;Viaduto;Sim;2;0;1;0;1;0;1;1;-21,6565031;-45,3046303;SPRF-MG;DEL16-MG;UOP02-DEL16-MG;;;
706076;20/07/2025;domingo;18:20:00;RS;386;386;TABAI;Manobra de mudan�a de faixa;Colis�o lateral mesmo sentido;Com V�timas Feridas;Plena Noite;Decrescente;C�u Claro;Dupla;"Aclive;Interse��o de Vias";Sim;4;0;0;1;2;1;1;3;-29,68994902;-51,71262;SPRF-RS;DEL04-RS;UOP01-DEL04-RS;;;
706077;20/07/2025;domingo;17:55:00;DF;20;3,8;BRASILIA;Condutor deixou de manter dist�ncia do ve�culo da frente;Colis�o traseira;Com V�timas Feridas;Anoitecer;Decrescente;C�u Claro;Dupla;"Reta;Aclive;Retorno Regulamentado";Sim;3;0;1;0;2;0;1;2;-15,68242023;-47,83979327;SPRF-DF;DEL02-DF;UOP01-DEL02-DF;;;
706078;20/07/2025;domingo;15:30:00;RJ;40;93;DUQUE DE CAXIAS;Rea��o tardia ou ineficiente do condutor;Tombamento;Com V�timas Feridas;Pleno dia;Crescente;C�u Claro;Dupla;"Declive;Curva";Sim;2;0;2;0;0;0;2;1;-22,556753;-43,263385;SPRF-RJ;DEL01-RJ;UOP01-DEL01-RJ;;;
706079;20/07/2025;domingo;18:30:00;PR;153;349;REBOUCAS;Rea��o tardia ou ineficiente do condutor;Queda de ocupante de ve�culo;Com V�timas Feridas;Anoitecer;Crescente;C�u Claro;Simples;Reta;N�o;1;0;1;0;0;0;1;1;-25,60233;-50,69123;SPRF-PR;DEL08-PR;UOP02-DEL08-PR;;;
706080;20/07/2025;domingo;18:00:00;MG;354;754,5;ITAMONTE;Ultrapassagem Indevida;Colis�o transversal;Com V�timas Feridas;Plena Noite;Decrescente;C�u Claro;Simples;Curva;Sim;2;0;1;0;1;0;1;2;-22,28876985;-44,86824542;SPRF-MG;DEL17-MG;UOP01-DEL17-MG;;;
706081;20/07/2025;domingo;18:40:00;SC;470;35,3;GASPAR;Ultrapassagem Indevida;Sa�da de leito carro��vel;Com V�timas Feridas;Plena Noite;Crescente;Nublado;Simples;"Reta;Desvio Tempor�rio;Declive;Em Obras";N�o;5;0;0;1;4;0;1;3;-26,91306788;-48,9627707;SPRF-SC;DEL04-SC;UOP01-DEL04-SC;;;
706082;20/07/2025;domingo;18:55:00;RJ;101;533;ANGRA DOS REIS;Acessar a via sem observar a presen�a dos outros ve�culos;Colis�o transversal;Com V�timas Feridas;Plena Noite;Crescente;C�u Claro;Simples;Retorno Regulamentado;Sim;2;0;1;0;1;0;1;2;-23,02093706;-44,53493563;SPRF-RJ;DEL03-RJ;UOP03-DEL03-RJ;;;