id;data_inversa;dia_semana;horario;uf;br;km;municipio;causa_acidente;tipo_acidente;classificacao_acidente;fase_dia;sentido_via;condicao_metereologica;tipo_pista;tracado_via;uso_solo;pessoas;mortos;feridos_leves;feridos_graves;ilesos;ignorados;feridos;veiculos;latitude;longitude;regional;delegacia;uop;;;
706083;20/07/2025;domingo;19:00:00;MG;381;501;BETIM;Rea��o tardia ou ineficiente do condutor;Engavetamento;Sem V�timas;Plena Noite;Decrescente;C�u Claro;Dupla;Reta;Sim;3;0;0;0;2;1;0;3;-20,01701349;-44,22329362;SPRF-MG;DEL01-MG;UOP03-DEL01-MG;;;
706084;20/07/2025;domingo;16:00:00;PE;424;33;VENTUROSA;Ultrapassagem Indevida;Colis�o frontal;Com V�timas Feridas;Pleno dia;Decrescente;Nublado;Simples;"Declive;Reta";N�o;4;0;2;2;0;0;4;3;-8,6043965;-36,8566496;SPRF-PE;DEL04-PE;UOP02-DEL04-PE;;;
706085;20/07/2025;domingo;19:10:00;SC;280;23,5;ARAQUARI;Acessar a via sem observar a presen�a dos outros ve�culos;Colis�o transversal;Com V�timas Feridas;Plena Noite;Decrescente;C�u Claro;Simples;"Reta;Interse��o de Vias";Sim;2;0;1;0;1;0;1;2;-26,374312;-48,715955;SPRF-SC;DEL03-SC;UOP03-DEL03-SC;;;
706086;20/07/2025;domingo;18:50:00;MG;459;96,2;POUSO ALEGRE;Convers�o proibida;Colis�o transversal;Com V�timas Feridas;Plena Noite;Crescente;C�u Claro;Simples;"Aclive;Reta";N�o;6;0;2;1;0;3;3;3;-22,188368;-45,983382;SPRF-MG;DEL09-MG;UOP01-DEL09-MG;;;
706088;20/07/2025;domingo;19:27:00;ES;447;14;VILA VELHA;Pedestre cruzava a pista fora da faixa;Atropelamento de Pedestre;Com V�timas Feridas;Plena Noite;Crescente;C�u Claro;Simples;Reta;Sim;3;0;1;0;1;1;1;2;-20,340489;-40,327832;SPRF-ES;DEL01-ES;UOP01-DEL01-ES;;;
706089;20/07/2025;domingo;18:45:00;MS;163;370,4;NOVA ALVORADA DO SUL;Aus�ncia de rea��o do condutor;Colis�o com objeto;Com V�timas Feridas;Plena Noite;Crescente;C�u Claro;Dupla;Reta;N�o;2;0;0;1;1;0;1;2;-21,41917;-54,388497;SPRF-MS;DEL02-MS;UOP01-DEL02-MS;;;
706090;20/07/2025;domingo;18:00:00;GO;60;176;ABADIA DE GOIAS;Condutor Dormindo;Sa�da de leito carro��vel;Com V�timas Feridas;Anoitecer;Decrescente;C�u Claro;Dupla;"Aclive;Reta";N�o;3;0;2;0;1;0;2;1;-16,7590866;-49,45424616;SPRF-GO;DEL01-GO;UOP02-DEL01-GO;;;
706091;20/07/2025;domingo;19:20:00;PR;277;22;MORRETES;Aus�ncia de rea��o do condutor;Tombamento;Com V�timas Feridas;Plena Noite;Decrescente;C�u Claro;Dupla;Reta;N�o;1;0;1;0;0;0;1;1;-25,53147323;-48,71789575;SPRF-PR;DEL01-PR;UOP05-DEL01-PR;;;
706093;20/07/2025;domingo;20:00:00;MG;50;69;UBERLANDIA;Demais falhas na via;Queda de ocupante de ve�culo;Com V�timas Feridas;Plena Noite;Crescente;C�u Claro;Dupla;Declive;Sim;1;0;1;0;0;0;1;1;-18,882338;-48,263891;SPRF-MG;DEL15-MG;UOP01-DEL15-MG;;;
706094;20/07/2025;domingo;18:40:00;MS;463;1;DOURADOS;Ingest�o de �lcool pelo condutor;Colis�o traseira;Sem V�timas;Plena Noite;Decrescente;C�u Claro;Simples;Reta;Sim;2;0;0;0;2;0;0;2;-22,25909771;-54,80601517;SPRF-MS;DEL04-MS;UOP01-DEL04-MS;;;
706095;20/07/2025;domingo;19:40:00;SC;101;204,9;SAO JOSE;Condutor deixou de manter dist�ncia do ve�culo da frente;Colis�o traseira;Com V�timas Feridas;Plena Noite;Crescente;C�u Claro;Dupla;Reta;Sim;3;0;0;1;2;0;1;3;-27,58169;-48,614772;SPRF-SC;DEL01-SC;UOP01-DEL01-SC;;;
706096;20/07/2025;domingo;19:00:00;RN;101;72,8;SAO GONCALO DO AMARANTE;Pedestre andava na pista;Atropelamento de Pedestre;Com V�timas Feridas;Plena Noite;Crescente;Nublado;Dupla;"Reta;Interse��o de Vias";N�o;3;0;1;1;0;1;2;2;-5,70443015;-35,26583433;SPRF-RN;DEL02-RN;UOP01-DEL02-RN;;;
706097;20/07/2025;domingo;19:30:00;BA;367;33;PORTO SEGURO;Rea��o tardia ou ineficiente do condutor;Tombamento;Com V�timas Feridas;Plena Noite;Decrescente;Nublado;Simples;Reta;N�o;1;0;1;0;0;0;1;1;-16,41676963;-39,1563596;SPRF-BA;DEL09-BA;UOP03-DEL09-BA;;;
706098;20/07/2025;domingo;20:00:00;MG;364;32,1;FRUTAL;Acessar a via sem observar a presen�a dos outros ve�culos;Colis�o traseira;Com V�timas Feridas;Plena Noite;Crescente;C�u Claro;Simples;Reta;Sim;2;0;1;0;1;0;1;2;-20,009024;-48,92977;SPRF-MG;DEL13-MG;UOP02-DEL13-MG;;;
706100;20/07/2025;domingo;20:30:00;RS;392;2;CAPAO DO LEAO;Animais na Pista;Atropelamento de Animal;Com V�timas Feridas;Plena Noite;Decrescente;Nevoeiro/Neblina;Simples;Reta;N�o;1;0;0;1;0;0;1;1;-31,763375;-52,415012;SPRF-RS;DEL07-RS;UOP01-DEL07-RS;;;
706102;20/07/2025;domingo;19:45:00;SP;116;159;JACAREI;Condutor deixou de manter dist�ncia do ve�culo da frente;Colis�o traseira;Com V�timas Feridas;Plena Noite;Decrescente;C�u Claro;M�ltipla;Reta;Sim;2;0;1;0;1;0;1;2;-23,266681;-45,961224;SPRF-SP;DEL02-SP;UOP01-DEL02-SP;;;
706103;20/07/2025;domingo;18:50:00;GO;153;400,9;PIRENOPOLIS;Acessar a via sem observar a presen�a dos outros ve�culos;Colis�o frontal;Com V�timas Feridas;Plena Noite;Decrescente;C�u Claro;Simples;"Reta;Interse��o de Vias";N�o;7;0;3;0;4;0;3;2;-16,048038;-49,074493;SPRF-GO;DEL02-GO;UOP02-DEL02-GO;;;
706104;20/07/2025;domingo;20:06:00;PI;316;4,6;TERESINA;Acessar a via sem observar a presen�a dos outros ve�culos;Colis�o traseira;Com V�timas Feridas;Plena Noite;Decrescente;C�u Claro;M�ltipla;"Declive;Interse��o de Vias";Sim;3;0;2;0;1;0;2;2;-5,141251;-42,782304;SPRF-PI;DEL01-PI;UOP02-DEL01-PI;;;
706106;20/07/2025;domingo;18:30:00;SC;282;103,8;ALFREDO WAGNER;Aus�ncia de rea��o do condutor;Colis�o frontal;Com V�timas Feridas;Anoitecer;Crescente;C�u Claro;Simples;Interse��o de Vias;Sim;2;0;2;0;0;0;2;2;-27,695955;-49,332487;SPRF-SC;DEL01-SC;UOP03-DEL01-SC;;;
706109;20/07/2025;domingo;18:00:00;PE;428;93;SANTA MARIA DA BOA VISTA;Transitar na contram�o;Colis�o lateral sentido oposto;Com V�timas Feridas;Plena Noite;Decrescente;C�u Claro;Simples;Reta;N�o;5;0;1;0;3;1;1;2;-8,805205;-39,902734;SPRF-PE;DEL06-PE;UOP03-DEL06-PE;;;
706111;20/07/2025;domingo;19:45:00;MG;116;440;ENGENHEIRO CALDAS;Acostamento em desn�vel;Tombamento;Com V�timas Feridas;Pleno dia;Decrescente;C�u Claro;Simples;Reta;N�o;2;0;2;0;0;0;2;1;-19,03291061;-41,99111938;SPRF-MG;DEL06-MG;UOP01-DEL06-MG;;;
706112;20/07/2025;domingo;21:15:00;ES;101;117;SOORETAMA;Acessar a via sem observar a presen�a dos outros ve�culos;Colis�o transversal;Com V�timas Feridas;Plena Noite;Decrescente;C�u Claro;Simples;"Reta;Interse��o de Vias";N�o;3;0;1;0;2;0;1;2;-19,11787173;-40,06231324;SPRF-ES;DEL04-ES;UOP01-DEL04-ES;;;
706113;20/07/2025;domingo;10:40:00;PA;155;278;ELDORADO DO CARAJAS;Rea��o tardia ou ineficiente do condutor;Atropelamento de Pedestre;Com V�timas Feridas;Pleno dia;Crescente;Nublado;Simples;Reta;Sim;2;0;0;1;1;0;1;2;-6,00946351;-49,25749076;SPRF-PA;DEL03-PA;UOP01-DEL03-PA;;;
706115;20/07/2025;domingo;21:20:00;SP;116;52,8;LORENA;Condutor deixou de manter dist�ncia do ve�culo da frente;Tombamento;Com V�timas Feridas;Plena Noite;Crescente;C�u Claro;Dupla;Reta;N�o;1;0;1;0;0;0;1;1;-22,75100875;-45,10553861;SPRF-SP;DEL08-SP;UOP02-DEL08-SP;;;
706116;20/07/2025;domingo;20:40:00;PE;407;115;PETROLINA;Desrespeitar a prefer�ncia no cruzamento;Colis�o transversal;Com V�timas Feridas;Plena Noite;Crescente;C�u Claro;Simples;Interse��o de Vias;N�o;2;0;0;1;1;0;1;2;-9,30886286;-40,57686064;SPRF-PE;DEL06-PE;UOP01-DEL06-PE;;;
706117;20/07/2025;domingo;17:21:00;PI;230;229,2;OEIRAS;Manobra de mudan�a de faixa;Colis�o frontal;Com V�timas Feridas;Pleno dia;Decrescente;Sol;Simples;Reta;N�o;6;0;2;2;1;1;4;3;-6,995588;-42,359202;SPRF-PI;DEL03-PI;UOP01-DEL03-PI;;;
706118;20/07/2025;domingo;18:41:00;PI;343;590;FLORIANO;Rea��o tardia ou ineficiente do condutor;Tombamento;Com V�timas Feridas;Plena Noite;Crescente;C�u Claro;Dupla;Reta;Sim;1;0;0;1;0;0;1;1;-6,78389531;-43,0173853;SPRF-PI;DEL03-PI;UOP01-DEL03-PI;;;
706119;20/07/2025;domingo;16:00:00;MT;163;948,8;NOVA SANTA HELENA;Rea��o tardia ou ineficiente do condutor;Sa�da de leito carro��vel;Sem V�timas;Pleno dia;Crescente;C�u Claro;Simples;Curva;N�o;1;0;0;0;0;1;0;1;-10,90979147;-55,19729197;SPRF-MT;DEL06-MT;UOP02-DEL06-MT;;;
706120;20/07/2025;domingo;21:15:00;MG;116;408,2;GOVERNADOR VALADARES;Rea��o tardia ou ineficiente do condutor;Colis�o lateral mesmo sentido;Com V�timas Feridas;Plena Noite;Crescente;C�u Claro;Simples;Curva;N�o;2;0;0;1;0;1;1;2;-18,835263;-41,989439;SPRF-MG;DEL06-MG;UOP01-DEL06-MG;;;
706123;20/07/2025;domingo;20:36:00;MT;163;817;SINOP;Aus�ncia de rea��o do condutor;Colis�o traseira;Com V�timas Feridas;Plena Noite;Crescente;C�u Claro;Simples;Reta;N�o;2;0;0;1;1;0;1;2;-12,01464024;-55,51734924;SPRF-MT;DEL06-MT;UOP02-DEL06-MT;;;
706124;20/07/2025;domingo;20:10:00;PR;277;346,7;GUARAPUAVA;Aus�ncia de rea��o do condutor;Colis�o traseira;Com V�timas Feridas;Plena Noite;Decrescente;Nublado;Dupla;"Reta;Aclive";Sim;2;0;1;0;0;1;1;2;-25,372464;-51,500171;SPRF-PR;DEL08-PR;UOP01-DEL08-PR;;;
706127;20/07/2025;domingo;16:10:00;RJ;40;109;DUQUE DE CAXIAS;Rea��o tardia ou ineficiente do condutor;Queda de ocupante de ve�culo;Com V�timas Feridas;Pleno dia;Crescente;Nublado;M�ltipla;Reta;N�o;2;0;1;0;1;0;1;1;-22,678697;-43,286135;SPRF-RJ;DEL01-RJ;UOP02-DEL01-RJ;;;
706128;20/07/2025;domingo;19:00:00;SC;470;317,5;CAMPOS NOVOS;Ingest�o de �lcool pelo condutor;Sa�da de leito carro��vel;Sem V�timas;Plena Noite;Crescente;Nublado;Simples;Reta;Sim;1;0;0;0;1;0;0;1;-27,408041;-51,212379;SPRF-SC;DEL07-SC;UOP06-DEL07-SC;;;
706130;20/07/2025;domingo;22:30:00;SC;101;209;SAO JOSE;Rea��o tardia ou ineficiente do condutor;Tombamento;Com V�timas Fatais;Plena Noite;Crescente;C�u Claro;M�ltipla;Reta;Sim;2;2;0;0;0;0;0;1;-27,609785;-48,638748;SPRF-SC;DEL01-SC;UOP01-DEL01-SC;;;
706131;20/07/2025;domingo;22:30:00;RS;116;240;NOVO HAMBURGO;Rea��o tardia ou ineficiente do condutor;Colis�o com objeto;Com V�timas Feridas;Plena Noite;Crescente;Nevoeiro/Neblina;M�ltipla;Reta;Sim;1;0;1;0;0;0;1;1;-29,7106977;-51,14752532;SPRF-RS;DEL01-RS;UOP02-DEL01-RS;;;
706132;20/07/2025;domingo;22:30:00;DF;251;38;BRASILIA;Rea��o tardia ou ineficiente do condutor;Sa�da de leito carro��vel;Com V�timas Feridas;Plena Noite;Crescente;C�u Claro;Simples;Reta;N�o;3;0;2;1;0;0;3;1;-15,94339;-47,72886;SPRF-DF;DEL01-DF;UOP01-DEL01-DF;;;
706134;20/07/2025;domingo;20:20:00;PR;376;386;IMBAU;Pedestre andava na pista;Atropelamento de Pedestre;Com V�timas Fatais;Plena Noite;Decrescente;C�u Claro;Dupla;"Reta;Aclive";Sim;3;1;0;0;2;0;0;2;-24,4484801;-50,75973557;SPRF-PR;DEL03-PR;UOP02-DEL03-PR;;;
706137;20/07/2025;domingo;21:50:00;RJ;101;504;ANGRA DOS REIS;Acessar a via sem observar a presen�a dos outros ve�culos;Colis�o transversal;Com V�timas Feridas;Plena Noite;Crescente;C�u Claro;Simples;Reta;Sim;3;0;0;2;1;0;2;2;-22,93179015;-44,38703386;SPRF-RJ;DEL03-RJ;UOP03-DEL03-RJ;;;
706138;20/07/2025;domingo;22:45:00;RJ;116;141;DUQUE DE CAXIAS;Rea��o tardia ou ineficiente do condutor;Colis�o com objeto;Com V�timas Feridas;Plena Noite;Crescente;C�u Claro;Dupla;Reta;Sim;3;0;1;0;2;0;1;1;-22,6468285;-43,2177697;SPRF-RJ;DEL01-RJ;UOP02-DEL01-RJ;;;
706139;20/07/2025;domingo;22:40:00;MS;163;482;CAMPO GRANDE;Aus�ncia de rea��o do condutor;Colis�o traseira;Com V�timas Feridas;Plena Noite;Crescente;C�u Claro;Simples;Reta;Sim;3;0;0;1;2;0;1;2;-20,460134;-54,549839;SPRF-MS;DEL01-MS;UOP02-DEL01-MS;;;
706141;20/07/2025;domingo;22:30:00;SC;280;57,8;GUARAMIRIM;Ingest�o de �lcool pelo condutor;Colis�o com objeto;Com V�timas Feridas;Plena Noite;Decrescente;Nublado;Dupla;"Curva;Rotat�ria";Sim;1;0;1;0;0;0;1;1;-26,474578;-49,019597;SPRF-SC;DEL03-SC;UOP03-DEL03-SC;;;
706142;20/07/2025;domingo;22:50:00;BA;110;220;NOVA SOURE;Aus�ncia de rea��o do condutor;Queda de ocupante de ve�culo;Com V�timas Feridas;Plena Noite;Decrescente;C�u Claro;Simples;Reta;Sim;2;0;0;2;0;0;2;2;-11,236618;-38,4818535;SPRF-BA;DEL07-BA;UOP02-DEL07-BA;;;
706143;20/07/2025;domingo;20:30:00;PR;467;108,8;CASCAVEL;Frear bruscamente;Sa�da de leito carro��vel;Com V�timas Feridas;Plena Noite;Crescente;C�u Claro;Dupla;"Retorno Regulamentado;Interse��o de Vias;Curva";N�o;3;0;1;0;1;1;1;3;-24,92535057;-53,46446352;SPRF-PR;DEL04-PR;UOP01-DEL04-PR;;;
706146;21/07/2025;segunda-feira;00:01:00;GO;40;11,5;LUZIANIA;Rea��o tardia ou ineficiente do condutor;Sa�da de leito carro��vel;Com V�timas Feridas;Plena Noite;Decrescente;C�u Claro;Dupla;Reta;Sim;2;0;1;0;1;0;1;1;-16,141426;-47,948505;SPRF-DF;DEL01-DF;UOP01-DEL01-DF;;;
706147;20/07/2025;domingo;23:20:00;MS;163;253;DOURADOS;Aus�ncia de rea��o do condutor;Tombamento;Sem V�timas;Plena Noite;Decrescente;Ignorado;Dupla;Reta;N�o;1;0;0;0;0;1;0;1;-22,273338;-54,818199;SPRF-MS;DEL04-MS;UOP02-DEL04-MS;;;
706149;20/07/2025;domingo;22:30:00;BA;110;399;SAO SEBASTIAO DO PASSE;Rea��o tardia ou ineficiente do condutor;Colis�o traseira;Com V�timas Feridas;Plena Noite;Decrescente;Nublado;Simples;Reta;N�o;5;0;4;0;0;1;4;3;-12,546606;-38,513951;SPRF-BA;DEL01-BA;UOP01-DEL01-BA;;;
706150;21/07/2025;segunda-feira;01:10:00;CE;116;35;AQUIRAZ;Retorno proibido;Colis�o traseira;Com V�timas Feridas;Plena Noite;Crescente;C�u Claro;M�ltipla;Reta;N�o;2;0;0;1;1;0;1;2;-4,05971393;-38,50447129;SPRF-CE;DEL01-CE;UOP02-DEL01-CE;;;
706151;20/07/2025;domingo;19:10:00;BA;116;440,3;FEIRA DE SANTANA;Ingest�o de �lcool pelo condutor;Sa�da de leito carro��vel;Sem V�timas;Plena Noite;Decrescente;C�u Claro;Dupla;Aclive;N�o;1;0;0;0;1;0;0;1;-12,34222;-39,08192;SPRF-BA;DEL02-BA;UOP01-DEL02-BA;;;
706152;21/07/2025;segunda-feira;01:00:00;MG;40;701;BARBACENA;Aus�ncia de rea��o do condutor;Queda de ocupante de ve�culo;Com V�timas Feridas;Plena Noite;Decrescente;Nublado;Dupla;"Reta;Aclive";N�o;1;0;0;1;0;0;1;1;-21,21550448;-43,7475121;SPRF-MG;DEL05-MG;UOP02-DEL05-MG;;;
706155;20/07/2025;domingo;23:00:00;SP;153;155;PROMISSAO;Ingest�o de �lcool pelo condutor;Colis�o lateral sentido oposto;Com V�timas Feridas;Plena Noite;Crescente;C�u Claro;Simples;Reta;N�o;2;0;1;1;0;0;2;1;-21,42835489;-49,7864221;SPRF-SP;DEL07-SP;UOP01-DEL07-SP;;;
706156;21/07/2025;segunda-feira;01:55:00;PR;376;135,9;NOVA ESPERANCA;Aus�ncia de rea��o do condutor;Tombamento;Com V�timas Feridas;Plena Noite;Decrescente;C�u Claro;Simples;Em Obras;Sim;1;0;1;0;0;0;1;1;-23,200438;-52,197934;SPRF-PR;DEL09-PR;UOP02-DEL09-PR;;;
706157;21/07/2025;segunda-feira;01:19:00;TO;153;202;NOVA OLINDA;Suic�dio (presumido);Atropelamento de Pedestre;Com V�timas Feridas;Plena Noite;Decrescente;C�u Claro;Simples;Reta;N�o;2;0;0;1;1;0;1;2;-7,67436;-48,42805;SPRF-TO;DEL02-TO;UOP01-DEL02-TO;;;
706158;21/07/2025;segunda-feira;01:45:00;RS;290;96;PORTO ALEGRE;Neblina;Colis�o com objeto;Sem V�timas;Plena Noite;Decrescente;Nevoeiro/Neblina;Dupla;"Declive;Curva";N�o;1;0;0;0;1;0;0;1;-29,98805876;-51,20312333;SPRF-RS;DEL01-RS;UOP01-DEL01-RS;;;
706161;21/07/2025;segunda-feira;01:00:00;MG;381;586;ITATIAIUCU;Ingest�o de �lcool pelo condutor;Colis�o lateral mesmo sentido;Com V�timas Feridas;Plena Noite;Decrescente;C�u Claro;Dupla;Curva;Sim;2;0;1;0;1;0;1;2;-20,20920384;-44,39061873;SPRF-MG;DEL04-MG;UOP01-DEL04-MG;;;
706162;21/07/2025;segunda-feira;01:00:00;MG;267;25,5;ARGIRITA;Transitar na contram�o;Colis�o frontal;Com V�timas Fatais;Plena Noite;Decrescente;C�u Claro;Simples;Reta;N�o;3;1;0;0;2;0;0;2;-21,62080291;-42,82103626;SPRF-MG;DEL07-MG;UOP01-DEL07-MG;;;
706164;21/07/2025;segunda-feira;03:30:00;SP;116;213,8;GUARULHOS;Velocidade Incompat�vel;Colis�o traseira;Com V�timas Feridas;Plena Noite;Decrescente;Nublado;M�ltipla;Reta;Sim;9;0;2;3;4;0;5;3;-23,442633;-46,443877;SPRF-SP;DEL01-SP;UOP01-DEL01-SP;;;
706165;21/07/2025;segunda-feira;03:00:00;AL;104;37,1;UNIAO DOS PALMARES;Animais na Pista;Atropelamento de Animal;Com V�timas Fatais;Plena Noite;Crescente;Nublado;Simples;Reta;N�o;2;1;1;0;0;0;1;1;-9,1753287;-36,0297938;SPRF-AL;DEL01-AL;UOP02-DEL01-AL;;;
706166;21/07/2025;segunda-feira;03:50:00;RN;304;295;MACAIBA;Aus�ncia de rea��o do condutor;Tombamento;Com V�timas Feridas;Plena Noite;Crescente;C�u Claro;Dupla;"Reta;Declive";Sim;1;0;1;0;0;0;1;1;-5,8670081;-35,3660764;SPRF-RN;DEL01-RN;UOP02-DEL01-RN;;;
706168;21/07/2025;segunda-feira;01:00:00;BA;101;524;BUERAREMA;Aus�ncia de rea��o do condutor;Sa�da de leito carro��vel;Com V�timas Fatais;Plena Noite;Decrescente;Nublado;Simples;Curva;Sim;2;1;0;0;0;1;0;1;-14,951457;-39,305437;SPRF-BA;DEL05-BA;UOP01-DEL05-BA;;;
706169;20/07/2025;domingo;18:30:00;MG;381;393;BOM JESUS DO AMPARO;Rea��o tardia ou ineficiente do condutor;Queda de ocupante de ve�culo;Com V�timas Feridas;Plena Noite;Crescente;C�u Claro;Dupla;"Curva;Aclive";N�o;2;0;1;0;1;0;1;2;-19,7589941;-43,46962712;SPRF-MG;DEL01-MG;UOP01-DEL01-MG;;;
706171;21/07/2025;segunda-feira;05:00:00;PB;230;80;RIACHAO DO POCO;Rea��o tardia ou ineficiente do condutor;Queda de ocupante de ve�culo;Com V�timas Feridas;Amanhecer;Crescente;C�u Claro;Dupla;Reta;N�o;1;0;1;0;0;0;1;1;-7,17888901;-35,32071996;SPRF-PB;DEL01-PB;UOP02-DEL01-PB;;;
706172;21/07/2025;segunda-feira;05:50:00;CE;222;241,5;SOBRAL;Condutor Dormindo;Sa�da de leito carro��vel;Com V�timas Feridas;Pleno dia;Decrescente;C�u Claro;Simples;Reta;N�o;1;0;0;1;0;0;1;1;-3,74504163;-40,50178528;SPRF-CE;DEL04-CE;UOP01-DEL04-CE;;;
706174;21/07/2025;segunda-feira;06:20:00;RJ;101;66;CAMPOS DOS GOYTACAZES;Aus�ncia de rea��o do condutor;Queda de ocupante de ve�culo;Sem V�timas;Amanhecer;Crescente;C�u Claro;M�ltipla;Curva;Sim;1;0;0;0;1;0;0;1;-21,76587;-41,346668;SPRF-RJ;DEL08-RJ;UOP02-DEL08-RJ;;;
706175;21/07/2025;segunda-feira;05:40:00;PR;376;179,2;MARINGA;Estacionar ou parar em local proibido;Colis�o traseira;Sem V�timas;Plena Noite;Crescente;Nublado;Dupla;Reta;Sim;2;0;0;0;1;1;0;2;-23,42055585;-51,90947771;SPRF-PR;DEL09-PR;UOP01-DEL09-PR;;;
706177;21/07/2025;segunda-feira;05:15:00;RS;290;43,2;GLORINHA;Estacionar ou parar em local proibido;Colis�o traseira;Com V�timas Feridas;Plena Noite;Decrescente;Nevoeiro/Neblina;M�ltipla;Reta;N�o;2;0;1;0;1;0;1;2;-29,8984204;-50,73825869;SPRF-RS;DEL03-RS;UOP01-DEL03-RS;;;
706178;21/07/2025;segunda-feira;04:25:00;AL;104;37;UNIAO DOS PALMARES;Ingest�o de �lcool pelo condutor;Colis�o traseira;Com V�timas Feridas;Amanhecer;Crescente;Nublado;Simples;Reta;N�o;3;0;0;1;2;0;1;2;-9,175328;-36,02979;SPRF-AL;DEL01-AL;UOP02-DEL01-AL;;;
706180;21/07/2025;segunda-feira;05:30:00;BA;367;51;PORTO SEGURO;Demais falhas mec�nicas ou el�tricas;Colis�o com objeto;Com V�timas Feridas;Amanhecer;Crescente;Nublado;Simples;Curva;N�o;3;0;1;0;2;0;1;1;-16,373703;-39,297;SPRF-BA;DEL09-BA;UOP03-DEL09-BA;;;
706182;21/07/2025;segunda-feira;06:30:00;PE;101;128,3;ESCADA;Acumulo de areia ou detritos sobre o pavimento;Queda de ocupante de ve�culo;Com V�timas Feridas;Pleno dia;Crescente;C�u Claro;Dupla;Reta;Sim;2;0;2;0;0;0;2;1;-8,38078;-35,24565;SPRF-PE;DEL01-PE;UOP03-DEL01-PE;;;
706183;20/07/2025;domingo;12:45:00;BA;324;513;FEIRA DE SANTANA;Ingest�o de �lcool pelo condutor;Colis�o traseira;Sem V�timas;Pleno dia;Crescente;Sol;Simples;Reta;Sim;3;0;0;0;3;0;0;2;-12,23271074;-38,94893935;SPRF-BA;DEL02-BA;UOP01-DEL02-BA;;;
706184;26/06/2025;quinta-feira;19:20:00;SC;280;231,7;CANOINHAS;Acessar a via sem observar a presen�a dos outros ve�culos;Colis�o transversal;Com V�timas Feridas;Plena Noite;Crescente;Nublado;Simples;Interse��o de Vias;Sim;2;0;1;0;1;0;1;1;-26,18997;-50,37875;SPRF-SC;DEL06-SC;UOP04-DEL06-SC;;;
706186;21/07/2025;segunda-feira;06:30:00;MG;40;513,4;RIBEIRAO DAS NEVES;Condutor deixou de manter dist�ncia do ve�culo da frente;Colis�o lateral mesmo sentido;Com V�timas Feridas;Amanhecer;Decrescente;C�u Claro;Dupla;Reta;Sim;2;0;1;0;1;0;1;2;-19,79883508;-44,10429478;SPRF-MG;DEL01-MG;UOP02-DEL01-MG;;;
706187;21/07/2025;segunda-feira;05:18:00;AL;423;101;DELMIRO GOUVEIA;Ultrapassagem Indevida;Colis�o lateral mesmo sentido;Com V�timas Feridas;Amanhecer;Crescente;C�u Claro;Simples;"Declive;Reta";N�o;2;0;1;0;0;1;1;2;-9,387503;-38,149715;SPRF-BA;DEL07-BA;UOP01-DEL07-BA;;;
706188;21/07/2025;segunda-feira;07:15:00;GO;414;440;ANAPOLIS;Manobra de mudan�a de faixa;Colis�o lateral mesmo sentido;Com V�timas Feridas;Pleno dia;Crescente;C�u Claro;Dupla;"Viaduto;Rotat�ria";Sim;2;0;1;0;1;0;1;2;-16,287522;-48,944028;SPRF-GO;DEL02-GO;UOP01-DEL02-GO;;;
706189;21/07/2025;segunda-feira;07:10:00;SP;116;68,9;APARECIDA;Rea��o tardia ou ineficiente do condutor;Tombamento;Com V�timas Feridas;Pleno dia;Decrescente;C�u Claro;M�ltipla;Reta;N�o;1;0;0;1;0;0;1;1;-22,8446064;-45,2301677;SPRF-SP;DEL08-SP;UOP01-DEL08-SP;;;
706190;21/07/2025;segunda-feira;06:50:00;RS;290;97;PORTO ALEGRE;Rea��o tardia ou ineficiente do condutor;Colis�o traseira;Com V�timas Feridas;Pleno dia;Crescente;Nevoeiro/Neblina;Dupla;"Ponte;Reta";N�o;2;0;1;0;1;0;1;2;-29,99680689;-51,21058909;SPRF-RS;DEL01-RS;UOP01-DEL01-RS;;;
706191;21/07/2025;segunda-feira;07:00:00;RS;470;207;BENTO GONCALVES;Acessar a via sem observar a presen�a dos outros ve�culos;Colis�o transversal;Com V�timas Feridas;Pleno dia;Crescente;C�u Claro;Simples;"Reta;Interse��o de Vias";Sim;3;0;1;0;2;0;1;2;-29,10470588;-51,54370872;SPRF-RS;DEL06-RS;UOP01-DEL06-RS;;;
706192;21/07/2025;segunda-feira;05:20:00;AL;316;258,6;PILAR;Ultrapassagem Indevida;Colis�o frontal;Com V�timas Fatais;Amanhecer;Crescente;C�u Claro;Simples;Reta;N�o;2;1;1;0;0;0;1;2;-9,592196;-35,916718;SPRF-AL;DEL02-AL;UOP01-DEL02-AL;;;
706193;21/07/2025;segunda-feira;07:00:00;PE;101;44;ITAPISSUMA;Rea��o tardia ou ineficiente do condutor;Colis�o traseira;Com V�timas Feridas;Pleno dia;Crescente;C�u Claro;M�ltipla;Reta;N�o;2;0;0;1;1;0;1;2;-7,7324747;-34,9414336;SPRF-PE;DEL01-PE;UOP02-DEL01-PE;;;
706195;18/07/2025;sexta-feira;12:10:00;MA;135;5;SAO LUIS;Rea��o tardia ou ineficiente do condutor;Colis�o traseira;Com V�timas Feridas;Pleno dia;Crescente;C�u Claro;Dupla;Reta;Sim;2;0;1;0;1;0;1;2;-2,62287;-44,25887;SPRF-MA;DEL01-MA;UOP01-DEL01-MA;;;