id;data_inversa;dia_semana;horario;uf;br;km;municipio;causa_acidente;tipo_acidente;classificacao_acidente;fase_dia;sentido_via;condicao_metereologica;tipo_pista;tracado_via;uso_solo;pessoas;mortos;feridos_leves;feridos_graves;ilesos;ignorados;feridos;veiculos;latitude;longitude;regional;delegacia;uop;;;
706196;21/07/2025;segunda-feira;06:45:00;RS;471;155,2;RIO PARDO;Acessar a via sem observar a presen�a dos outros ve�culos;Colis�o transversal;Com V�timas Feridas;Amanhecer;Crescente;Nevoeiro/Neblina;Simples;Reta;N�o;2;0;0;1;1;0;1;2;-29,9499534;-52,3738132;SPRF-RS;DEL02-RS;UOP03-DEL02-RS;;;
706197;21/07/2025;segunda-feira;07:00:00;SC;280;166,4;MAFRA;Acessar a via sem observar a presen�a dos outros ve�culos;Colis�o transversal;Com V�timas Feridas;Pleno dia;Decrescente;Nevoeiro/Neblina;Simples;"Interse��o de Vias;Curva";Sim;2;0;1;0;1;0;1;2;-26,17635293;-49,8169148;SPRF-SC;DEL06-SC;UOP01-DEL06-SC;;;
706198;21/07/2025;segunda-feira;07:40:00;SC;101;214;PALHOCA;Acessar a via sem observar a presen�a dos outros ve�culos;Colis�o traseira;Com V�timas Feridas;Pleno dia;Decrescente;C�u Claro;M�ltipla;Reta;Sim;2;0;1;0;1;0;1;2;-27,644551;-48,670514;SPRF-SC;DEL01-SC;UOP02-DEL01-SC;;;
706200;21/07/2025;segunda-feira;06:00:00;RJ;493;103;SEROPEDICA;Rea��o tardia ou ineficiente do condutor;Tombamento;Com V�timas Feridas;Pleno dia;Decrescente;C�u Claro;Dupla;Reta;N�o;1;0;1;0;0;0;1;1;-22,756507;-43,730807;SPRF-RJ;DEL01-RJ;UOP03-DEL01-RJ;;;
706201;21/07/2025;segunda-feira;08:00:00;GO;153;500,8;GOIANIA;Condutor deixou de manter dist�ncia do ve�culo da frente;Colis�o traseira;Com V�timas Feridas;Pleno dia;Crescente;C�u Claro;Dupla;Viaduto;Sim;3;0;1;0;1;1;1;3;-16,711011;-49,231908;SPRF-GO;DEL01-GO;UOP01-DEL01-GO;;;
706202;21/07/2025;segunda-feira;07:50:00;SC;101;414,9;ARARANGUA;Manobra de mudan�a de faixa;Tombamento;Com V�timas Feridas;Pleno dia;Decrescente;Nevoeiro/Neblina;M�ltipla;"Aclive;Curva;Viaduto";Sim;1;0;1;0;0;0;1;1;-28,96393226;-49,52226726;SPRF-SC;DEL02-SC;UOP02-DEL02-SC;;;
706204;21/07/2025;segunda-feira;06:45:00;RS;116;137,8;CAXIAS DO SUL;Entrada inopinada do pedestre;Atropelamento de Pedestre;Com V�timas Fatais;Amanhecer;Decrescente;C�u Claro;Simples;Reta;N�o;2;1;0;0;1;0;0;2;-29,0883238;-51,1130238;SPRF-RS;DEL05-RS;UOP01-DEL05-RS;;;
706205;21/07/2025;segunda-feira;07:41:00;RS;116;149,9;CAXIAS DO SUL;Manobra de mudan�a de faixa;Colis�o lateral mesmo sentido;Com V�timas Feridas;Pleno dia;Crescente;C�u Claro;Dupla;Interse��o de Vias;Sim;3;0;1;0;2;0;1;2;-29,168568;-51,158772;SPRF-RS;DEL05-RS;UOP01-DEL05-RS;;;
706206;20/07/2025;domingo;17:30:00;AM;317;517;LABREA;Aus�ncia de rea��o do condutor;Capotamento;Com V�timas Fatais;Plena Noite;Decrescente;C�u Claro;Simples;Reta;N�o;3;1;0;0;2;0;0;1;-9,528843;-67,294557;SPRF-AC;DEL01-AC;UOP01-DEL01-AC;;;
706207;21/07/2025;segunda-feira;06:00:00;MG;262;142,2;RIO CASCA;Velocidade Incompat�vel;Sa�da de leito carro��vel;Com V�timas Feridas;Amanhecer;Decrescente;Nublado;Simples;Curva;N�o;1;0;1;0;0;0;1;1;-20,06080233;-42,72099496;SPRF-MG;DEL03-MG;UOP03-DEL03-MG;;;
706208;21/07/2025;segunda-feira;08:00:00;MG;354;731;POUSO ALTO;Rea��o tardia ou ineficiente do condutor;Sa�da de leito carro��vel;Com V�timas Feridas;Pleno dia;Decrescente;C�u Claro;Simples;Curva;N�o;2;0;0;1;0;1;1;2;-22,164814;-44,962216;SPRF-MG;DEL17-MG;UOP01-DEL17-MG;;;
706210;21/07/2025;segunda-feira;07:30:00;MG;251;345;FRUTA DE LEITE;Demais falhas mec�nicas ou el�tricas;Inc�ndio;Sem V�timas;Pleno dia;Decrescente;C�u Claro;Simples;Reta;N�o;2;0;0;0;2;0;0;1;-16,257332;-42,488716;SPRF-MG;DEL12-MG;UOP02-DEL12-MG;;;
706213;21/07/2025;segunda-feira;08:40:00;DF;70;16;BRASILIA;Aus�ncia de rea��o do condutor;Sa�da de leito carro��vel;Sem V�timas;Pleno dia;Crescente;C�u Claro;Dupla;Rotat�ria;Sim;1;0;0;0;1;0;0;1;-15,79526247;-48,19653383;SPRF-DF;DEL03-DF;UOP02-DEL03-DF;;;
706215;21/07/2025;segunda-feira;08:00:00;SC;116;206;PONTE ALTA;Acessar a via sem observar a presen�a dos outros ve�culos;Colis�o transversal;Com V�timas Feridas;Pleno dia;Decrescente;C�u Claro;Simples;Rotat�ria;Sim;3;0;2;0;1;0;2;2;-27,47230503;-50,38186312;SPRF-SC;DEL05-SC;UOP03-DEL05-SC;;;
706216;21/07/2025;segunda-feira;07:40:00;MG;40;519,8;CONTAGEM;Condutor deixou de manter dist�ncia do ve�culo da frente;Colis�o traseira;Com V�timas Feridas;Pleno dia;Decrescente;C�u Claro;Dupla;Reta;N�o;3;0;1;0;2;0;1;3;-19,8472773;-44,0724601;SPRF-MG;DEL01-MG;UOP02-DEL01-MG;;;
706217;21/07/2025;segunda-feira;08:50:00;ES;101;292,1;CARIACICA;Acessar a via sem observar a presen�a dos outros ve�culos;Colis�o transversal;Com V�timas Feridas;Pleno dia;Decrescente;C�u Claro;Dupla;Interse��o de Vias;Sim;3;0;0;1;1;1;1;2;-20,30785364;-40,39462566;SPRF-ES;DEL01-ES;UOP01-DEL01-ES;;;
706218;21/07/2025;segunda-feira;05:20:00;AM;174;888;MANAUS;Entrada inopinada do pedestre;Atropelamento de Pedestre;Com V�timas Fatais;Amanhecer;Decrescente;C�u Claro;Simples;"Aclive;Reta";N�o;3;1;0;0;1;1;0;2;-2,94103845;-60,03378916;SPRF-AM;DEL01-AM;UOP01-DEL01-AM;;;
706219;21/07/2025;segunda-feira;06:50:00;MG;153;32,7;CENTRALINA;Condutor Dormindo;Sa�da de leito carro��vel;Com V�timas Feridas;Pleno dia;Crescente;Sol;Dupla;Reta;N�o;1;0;1;0;0;0;1;1;-18,694071;-49,147524;SPRF-MG;DEL15-MG;UOP03-DEL15-MG;;;
706220;21/07/2025;segunda-feira;08:20:00;ES;101;371,7;ANCHIETA;Condutor Dormindo;Sa�da de leito carro��vel;Com V�timas Feridas;Pleno dia;Decrescente;C�u Claro;Simples;Curva;N�o;1;0;0;1;0;0;1;1;-20,76906;-40,771342;SPRF-ES;DEL03-ES;UOP01-DEL03-ES;;;
706221;11/06/2025;quarta-feira;20:00:00;SP;116;151,2;SAO JOSE DOS CAMPOS;Pedestre cruzava a pista fora da faixa;Atropelamento de Pedestre;Com V�timas Fatais;Plena Noite;Crescente;C�u Claro;M�ltipla;Reta;Sim;2;1;0;0;1;0;0;2;-23,21910424;-45,89968516;SPRF-SP;DEL02-SP;UOP01-DEL02-SP;;;
706224;21/07/2025;segunda-feira;09:30:00;SC;101;212,9;PALHOCA;Condutor deixou de manter dist�ncia do ve�culo da frente;Engavetamento;Com V�timas Feridas;Pleno dia;Crescente;C�u Claro;Dupla;Reta;Sim;3;0;1;0;2;0;1;3;-27,63525401;-48,66410355;SPRF-SC;DEL01-SC;UOP02-DEL01-SC;;;
706227;21/07/2025;segunda-feira;09:00:00;MG;381;147;GOVERNADOR VALADARES;Condutor deixou de manter dist�ncia do ve�culo da frente;Colis�o traseira;Com V�timas Feridas;Pleno dia;Crescente;C�u Claro;Simples;Reta;N�o;2;0;1;0;0;1;1;2;-18,846107;-41,980652;SPRF-MG;DEL06-MG;UOP01-DEL06-MG;;;
706229;21/07/2025;segunda-feira;06:30:00;GO;153;578,2;PROFESSOR JAMIL;Condutor Dormindo;Sa�da de leito carro��vel;Com V�timas Feridas;Pleno dia;Decrescente;C�u Claro;Dupla;Reta;N�o;5;0;0;1;4;0;1;1;-17,34915252;-49,24835857;SPRF-GO;DEL03-GO;UOP01-DEL03-GO;;;
706230;21/07/2025;segunda-feira;08:29:00;MT;163;686;LUCAS DO RIO VERDE;Rea��o tardia ou ineficiente do condutor;Tombamento;Com V�timas Feridas;Pleno dia;Crescente;C�u Claro;Simples;"Reta;Interse��o de Vias";Sim;1;0;1;0;0;0;1;1;-13,0837463;-55,9408687;SPRF-MT;DEL06-MT;UOP01-DEL06-MT;;;
706231;21/07/2025;segunda-feira;09:10:00;PR;476;144;CURITIBA;Rea��o tardia ou ineficiente do condutor;Queda de ocupante de ve�culo;Sem V�timas;Pleno dia;Decrescente;C�u Claro;Dupla;Curva;N�o;1;0;0;0;0;1;0;1;-25,540223;-49,31109;SPRF-PR;DEL01-PR;UOP06-DEL01-PR;;;
706232;21/07/2025;segunda-feira;06:50:00;SC;101;316;PESCARIA BRAVA;Animais na Pista;Atropelamento de Animal;Com V�timas Feridas;Amanhecer;Crescente;C�u Claro;Dupla;"Reta;Declive";N�o;3;0;1;1;0;1;2;3;-28,425693;-48,858668;SPRF-SC;DEL02-SC;UOP01-DEL02-SC;;;
706233;20/05/2025;ter�a-feira;12:00:00;MA;10;320;ACAILANDIA;Acessar a via sem observar a presen�a dos outros ve�culos;Colis�o transversal;Com V�timas Feridas;Pleno dia;Crescente;C�u Claro;Simples;Reta;N�o;2;0;1;0;1;0;1;2;-4,8381807;-47,48874664;SPRF-MA;DEL04-MA;UOP03-DEL04-MA;;;
706234;21/07/2025;segunda-feira;07:00:00;MS;163;9;MUNDO NOVO;Falta de acostamento;Atropelamento de Pedestre;Com V�timas Fatais;Amanhecer;Crescente;C�u Claro;Simples;Reta;N�o;2;1;0;0;0;1;0;2;-23,987703;-54,331223;SPRF-MS;DEL09-MS;UOP02-DEL09-MS;;;
706236;20/07/2025;domingo;19:40:00;MG;381;316;NOVA ERA;Velocidade Incompat�vel;Sa�da de leito carro��vel;Com V�timas Fatais;Plena Noite;Crescente;C�u Claro;Simples;Curva;N�o;1;1;0;0;0;0;0;1;-19,711172;-43,000433;SPRF-MG;DEL03-MG;UOP02-DEL03-MG;;;
706237;21/07/2025;segunda-feira;07:30:00;MS;163;39,5;ELDORADO;Transitar na contram�o;Colis�o frontal;Com V�timas Feridas;Pleno dia;Decrescente;C�u Claro;Simples;Reta;Sim;2;0;0;2;0;0;2;2;-23,791327;-54,282432;SPRF-MS;DEL09-MS;UOP02-DEL09-MS;;;
706238;14/07/2025;segunda-feira;07:40:00;MG;50;71;UBERLANDIA;Manobra de mudan�a de faixa;Colis�o lateral mesmo sentido;Com V�timas Feridas;Pleno dia;Decrescente;C�u Claro;Dupla;Reta;Sim;2;0;1;0;1;0;1;2;-18,892206;-48,253101;SPRF-MG;DEL15-MG;UOP01-DEL15-MG;;;
706240;21/07/2025;segunda-feira;09:10:00;MG;381;521;BRUMADINHO;Transitar na contram�o;Colis�o frontal;Com V�timas Feridas;Pleno dia;Decrescente;C�u Claro;Dupla;"Aclive;Curva";N�o;3;0;2;0;1;0;2;2;-20,1182712;-44,3021731;SPRF-MG;DEL04-MG;UOP03-DEL04-MG;;;
706241;21/07/2025;segunda-feira;10:50:00;DF;20;4,5;BRASILIA;Aus�ncia de rea��o do condutor;Colis�o traseira;Com V�timas Feridas;Pleno dia;Crescente;C�u Claro;Simples;"Reta;Declive";Sim;3;0;2;0;1;0;2;2;-15,672895;-47,81937;SPRF-DF;DEL02-DF;UOP01-DEL02-DF;;;
706244;21/07/2025;segunda-feira;09:50:00;PA;230;65;SAO DOMINGOS DO ARAGUAIA;Pista esburacada;Sa�da de leito carro��vel;Com V�timas Feridas;Pleno dia;Crescente;Sol;Simples;Reta;N�o;3;0;2;0;1;0;2;1;-5,522155;-48,67698;SPRF-PA;DEL03-PA;UOP01-DEL03-PA;;;
706249;21/07/2025;segunda-feira;11:50:00;ES;262;160;IBATIBA;Rea��o tardia ou ineficiente do condutor;Colis�o lateral sentido oposto;Com V�timas Feridas;Pleno dia;Crescente;Sol;Simples;"Declive;Curva";Sim;2;0;1;0;1;0;1;2;-20,236898;-41,516178;SPRF-ES;DEL01-ES;UOP02-DEL01-ES;;;
706250;21/07/2025;segunda-feira;11:25:00;PR;116;108;CURITIBA;Transitar no Acostamento;Colis�o lateral mesmo sentido;Com V�timas Feridas;Pleno dia;Decrescente;C�u Claro;Dupla;Reta;N�o;3;0;2;0;1;0;2;2;-25,566355;-49,242366;SPRF-PR;DEL01-PR;UOP03-DEL01-PR;;;
706253;21/07/2025;segunda-feira;12:30:00;GO;60;96,8;ANAPOLIS;Acessar a via sem observar a presen�a dos outros ve�culos;Colis�o traseira;Com V�timas Feridas;Pleno dia;Crescente;C�u Claro;Dupla;Reta;Sim;2;0;2;0;0;0;2;2;-16,37600504;-48,94725347;SPRF-GO;DEL02-GO;UOP01-DEL02-GO;;;
706254;03/06/2025;ter�a-feira;13:30:00;PE;407;122;PETROLINA;Aus�ncia de rea��o do condutor;Atropelamento de Pedestre;Com V�timas Feridas;Pleno dia;Decrescente;C�u Claro;Dupla;Reta;N�o;2;0;0;1;0;1;1;2;-9,359155;-40,547288;SPRF-PE;DEL06-PE;UOP01-DEL06-PE;;;
706256;19/07/2025;s�bado;10:20:00;SC;470;45;BLUMENAU;Objeto est�tico sobre o leito carro��vel;Colis�o traseira;Sem V�timas;Pleno dia;Decrescente;C�u Claro;Simples;Reta;N�o;2;0;0;0;2;0;0;2;-26,86196579;-49,04148951;SPRF-SC;DEL04-SC;UOP01-DEL04-SC;;;
706257;13/07/2025;domingo;23:00:00;TO;153;134;ARAGUAINA;Acesso irregular;Sa�da de leito carro��vel;Com V�timas Feridas;Pleno dia;Crescente;C�u Claro;Simples;Curva;N�o;1;0;1;0;0;0;1;1;-7,1285;-48,19802;SPRF-TO;DEL02-TO;UOP01-DEL02-TO;;;
706258;21/07/2025;segunda-feira;13:40:00;SC;282;0,2;FLORIANOPOLIS;Mal s�bito do condutor;Colis�o com objeto;Com V�timas Feridas;Pleno dia;Crescente;C�u Claro;M�ltipla;Curva;Sim;1;0;0;1;0;0;1;1;-27,5989903;-48,5772279;SPRF-SC;DEL01-SC;UOP01-DEL01-SC;;;
706261;21/07/2025;segunda-feira;09:30:00;RJ;465;20;NOVA IGUACU;Acessar a via sem observar a presen�a dos outros ve�culos;Colis�o transversal;Com V�timas Feridas;Pleno dia;Crescente;C�u Claro;Simples;Curva;Sim;2;0;1;0;0;1;1;2;-22,850649;-43,602246;SPRF-RJ;DEL06-RJ;UOP02-DEL06-RJ;;;
706262;21/07/2025;segunda-feira;09:10:00;MS;267;525,8;JARDIM;Condutor Dormindo;Sa�da de leito carro��vel;Com V�timas Feridas;Pleno dia;Crescente;C�u Claro;Simples;Reta;N�o;2;0;2;0;0;0;2;1;-21,51696191;-56,51023865;SPRF-MS;DEL05-MS;UOP01-DEL05-MS;;;
706264;21/07/2025;segunda-feira;13:55:00;SC;101;214,6;PALHOCA;Manobra de mudan�a de faixa;Colis�o lateral mesmo sentido;Com V�timas Feridas;Pleno dia;Decrescente;C�u Claro;M�ltipla;Reta;Sim;3;0;2;0;1;0;2;2;-27,649094;-48,673788;SPRF-SC;DEL01-SC;UOP02-DEL01-SC;;;
706266;21/07/2025;segunda-feira;13:43:00;PE;232;83;GRAVATA;Aus�ncia de rea��o do condutor;Colis�o traseira;Sem V�timas;Pleno dia;Decrescente;Sol;Dupla;Reta;N�o;2;0;0;0;2;0;0;2;-8,21315648;-35,6209987;SPRF-PE;DEL02-PE;UOP02-DEL02PE;;;
706267;21/07/2025;segunda-feira;12:40:00;RJ;40;18,9;TRES RIOS;Velocidade Incompat�vel;Sa�da de leito carro��vel;Com V�timas Feridas;Pleno dia;Crescente;C�u Claro;Dupla;"Curva;Declive";N�o;4;0;1;0;3;0;1;1;-22,09790861;-43,17248058;SPRF-RJ;DEL05-RJ;UOP02-DEL05-RJ;;;
706268;21/07/2025;segunda-feira;12:45:00;RJ;40;18,9;TRES RIOS;Condutor deixou de manter dist�ncia do ve�culo da frente;Colis�o traseira;Com V�timas Feridas;Pleno dia;Crescente;C�u Claro;Dupla;Reta;N�o;3;0;1;0;2;0;1;2;-22,10423441;-43,16752553;SPRF-RJ;DEL05-RJ;UOP02-DEL05-RJ;;;
706269;21/07/2025;segunda-feira;13:00:00;RS;386;34;FREDERICO WESTPHALEN;Acessar a via sem observar a presen�a dos outros ve�culos;Colis�o transversal;Com V�timas Feridas;Pleno dia;Decrescente;Sol;Simples;Interse��o de Vias;N�o;3;0;1;0;2;0;1;2;-27,3618243;-53,38971226;SPRF-RS;DEL08-RS;UOP02-DEL08-RS;;;
706272;21/07/2025;segunda-feira;11:40:00;ES;101;270;SERRA;Pedestre cruzava a pista fora da faixa;Atropelamento de Pedestre;Com V�timas Feridas;Pleno dia;Crescente;C�u Claro;Dupla;Curva;Sim;2;0;0;1;1;0;1;2;-20,2262056;-40,2709164;SPRF-ES;DEL02-ES;UOP01-DEL02-ES;;;
706274;21/07/2025;segunda-feira;13:50:00;MT;163;674;LUCAS DO RIO VERDE;Rea��o tardia ou ineficiente do condutor;Colis�o traseira;Com V�timas Feridas;Pleno dia;Crescente;C�u Claro;Simples;"Reta;Em Obras";N�o;3;0;1;0;1;1;1;2;-13,1801;-55,9846;SPRF-MT;DEL06-MT;UOP01-DEL06-MT;;;
706275;21/07/2025;segunda-feira;14:20:00;PE;101;68,3;RECIFE;Pedestre cruzava a pista fora da faixa;Atropelamento de Pedestre;Com V�timas Feridas;Pleno dia;Crescente;Sol;M�ltipla;Reta;Sim;3;0;1;0;2;0;1;2;-8,054025;-34,946495;SPRF-PE;DEL01-PE;UOP01-DEL01-PE;;;
706276;21/07/2025;segunda-feira;05:55:00;SP;262;321,6;CASTILHO;Animais na Pista;Atropelamento de Animal;Sem V�timas;Pleno dia;Crescente;C�u Claro;M�ltipla;Curva;N�o;1;0;0;0;1;0;0;1;-20,791104;-51,616866;SPRF-MS;DEL07-MS;UOP01-DEL07-MS;;;
706277;21/07/2025;segunda-feira;14:30:00;PR;369;137,2;IBIPORA;Acessar a via sem observar a presen�a dos outros ve�culos;Colis�o frontal;Sem V�timas;Pleno dia;Crescente;C�u Claro;Simples;Reta;Sim;2;0;0;0;2;0;0;2;-23,2716808;-51,04188887;SPRF-PR;DEL07-PR;UOP01-DEL07-PR;;;
706278;06/07/2025;domingo;04:00:00;PB;101;11,8;MAMANGUAPE;Aus�ncia de rea��o do condutor;Colis�o com objeto;Com V�timas Fatais;Plena Noite;Decrescente;C�u Claro;Simples;"Em Obras;Reta";N�o;1;1;0;0;0;0;0;1;-6,6010638;-35,1437767;SPRF-PB;DEL01-PB;UOP03-DEL01-PB;;;
706280;21/07/2025;segunda-feira;15:30:00;SP;116;216;GUARULHOS;Trafegar com motocicleta (ou similar) entre as faixas;Colis�o traseira;Com V�timas Feridas;Pleno dia;Crescente;C�u Claro;M�ltipla;Reta;Sim;2;0;2;0;0;0;2;2;-23,45228504;-46,46764656;SPRF-SP;DEL01-SP;UOP01-DEL01-SP;;;
706281;21/07/2025;segunda-feira;15:10:00;CE;116;21;EUSEBIO;Aus�ncia de rea��o do condutor;Colis�o lateral mesmo sentido;Com V�timas Feridas;Pleno dia;Decrescente;C�u Claro;Dupla;Reta;N�o;2;0;1;0;0;1;1;2;-3,93351923;-38,50832161;SPRF-CE;DEL01-CE;UOP02-DEL01-CE;;;
706282;20/07/2025;domingo;23:00:00;RJ;101;316;SAO GONCALO;Aus�ncia de rea��o do condutor;Capotamento;Com V�timas Feridas;Plena Noite;Decrescente;C�u Claro;Dupla;Reta;N�o;2;0;1;1;0;0;2;1;-22,84517235;-43,09867859;SPRF-RJ;DEL02-RJ;UOP02-DEL02-RJ;;;
706284;17/07/2025;quinta-feira;23:30:00;SP;381;90;GUARULHOS;Rea��o tardia ou ineficiente do condutor;Colis�o traseira;Com V�timas Feridas;Plena Noite;Crescente;C�u Claro;Dupla;Reta;N�o;2;0;1;0;1;0;1;2;-23,495148;-46,559626;SPRF-SP;DEL03-SP;UOP01-DEL03-SP;;;
706286;21/07/2025;segunda-feira;15:40:00;ES;101;228,6;FUNDAO;Acessar a via sem observar a presen�a dos outros ve�culos;Colis�o transversal;Sem V�timas;Pleno dia;Decrescente;Nublado;Simples;Reta;N�o;2;0;0;0;2;0;0;2;-19,924132;-40,4065605;SPRF-ES;DEL02-ES;UOP01-DEL02-ES;;;
706287;02/07/2025;quarta-feira;07:10:00;RJ;393;283;VOLTA REDONDA;Rea��o tardia ou ineficiente do condutor;Tombamento;Com V�timas Feridas;Amanhecer;Crescente;Ignorado;Simples;"Em Obras;Reta";Sim;2;0;0;1;0;1;1;2;-22,49024198;-44,06476585;SPRF-RJ;DEL05-RJ;UOP04-DEL05-RJ;;;
706289;21/07/2025;segunda-feira;13:10:00;RN;110;95;UPANEMA;Ingest�o de �lcool pelo condutor;Capotamento;Com V�timas Feridas;Pleno dia;Decrescente;C�u Claro;Simples;Reta;N�o;1;0;1;0;0;0;1;1;-5,61021;-37,2826;SPRF-RN;DEL04-RN;UOP01-DEL04-RN;;;
706290;21/07/2025;segunda-feira;12:55:00;PI;343;589,6;FLORIANO;Manobra de mudan�a de faixa;Colis�o transversal;Com V�timas Feridas;Pleno dia;Crescente;Sol;Dupla;"Reta;Aclive;Interse��o de Vias";Sim;2;0;0;1;1;0;1;2;-6,781405;-43,013153;SPRF-PI;DEL03-PI;UOP01-DEL03-PI;;;
706291;21/07/2025;segunda-feira;16:15:00;PE;232;9,6;JABOATAO DOS GUARARAPES;Aus�ncia de rea��o do condutor;Tombamento;Com V�timas Feridas;Pleno dia;Crescente;Sol;M�ltipla;Reta;Sim;1;0;1;0;0;0;1;1;-8,078668;-34,984012;SPRF-PE;DEL01-PE;UOP01-DEL01-PE;;;
706292;21/07/2025;segunda-feira;09:50:00;RJ;465;3;SEROPEDICA;Convers�o proibida;Colis�o transversal;Com V�timas Feridas;Pleno dia;Decrescente;C�u Claro;Simples;Reta;N�o;2;0;1;0;1;0;1;2;-22,71738517;-43,69957495;SPRF-RJ;DEL06-RJ;UOP02-DEL06-RJ;;;
706293;21/07/2025;segunda-feira;14:04:00;RO;364;345;JI-PARANA;Convers�o proibida;Colis�o lateral mesmo sentido;Com V�timas Feridas;Pleno dia;Crescente;C�u Claro;Simples;Reta;N�o;2;0;1;0;1;0;1;2;-10,865403;-61,969972;SPRF-RO;DEL02-RO;UOP01-DEL02-RO;;;
706294;21/07/2025;segunda-feira;14:40:00;PR;277;112,9;CURITIBA;Trafegar com motocicleta (ou similar) entre as faixas;Colis�o traseira;Com V�timas Feridas;Pleno dia;Crescente;C�u Claro;Dupla;Reta;N�o;3;0;2;0;1;0;2;2;-25,43394158;-49,41563336;SPRF-PR;DEL03-PR;UOP03-DEL03-PR;;;
706295;21/07/2025;segunda-feira;10:59:00;PA;10;85,8;ULIANOPOLIS;Pista esburacada;Eventos at�picos;Com V�timas Feridas;Pleno dia;Decrescente;C�u Claro;Simples;Reta;N�o;5;0;1;0;1;3;1;3;-3,695812;-47,487097;SPRF-PA;DEL02-PA;UOP02-DEL02-PA;;;
706298;21/07/2025;segunda-feira;16:15:00;PR;369;398,5;JURANDA;Demais falhas mec�nicas ou el�tricas;Inc�ndio;Sem V�timas;Pleno dia;Crescente;C�u Claro;Simples;"Declive;Reta";N�o;4;0;0;0;4;0;0;1;-24,36346;-52,75323;SPRF-PR;DEL04-PR;UOP03-DEL04-PR;;;
706300;09/04/2025;quarta-feira;09:25:00;RN;304;21;MOSSORO;Ultrapassagem Indevida;Colis�o traseira;Com V�timas Fatais;Pleno dia;Decrescente;C�u Claro;Simples;Reta;N�o;3;1;0;1;0;1;1;3;-5,042325;-37,3464;SPRF-RN;DEL04-RN;UOP02-DEL04-RN;;;
706301;21/07/2025;segunda-feira;15:00:00;SC;101;14;GARUVA;Avarias e/ou desgaste excessivo no pneu;Queda de ocupante de ve�culo;Com V�timas Feridas;Pleno dia;Decrescente;C�u Claro;Dupla;Reta;N�o;2;0;1;0;1;0;1;1;-26,07862617;-48,8616702;SPRF-SC;DEL03-SC;UOP01-DEL03-SC;;;
706302;21/07/2025;segunda-feira;16:45:00;MG;459;93,9;CONGONHAL;Rea��o tardia ou ineficiente do condutor;Tombamento;Com V�timas Feridas;Pleno dia;Crescente;C�u Claro;Simples;"Curva;Aclive";N�o;1;0;0;1;0;0;1;1;-22,175462;-45,998872;SPRF-MG;DEL09-MG;UOP01-DEL09-MG;;;
706303;21/07/2025;segunda-feira;16:30:00;PR;116;119;CURITIBA;Retorno proibido;Colis�o transversal;Sem V�timas;Pleno dia;Decrescente;C�u Claro;Dupla;Reta;N�o;2;0;0;0;1;1;0;2;-25,575576;-49,311949;SPRF-PR;DEL01-PR;UOP03-DEL01-PR;;;
706304;29/01/2025;quarta-feira;22:11:00;RS;116;1;PORTO ALEGRE;Manobra de mudan�a de faixa;Colis�o lateral mesmo sentido;Com V�timas Feridas;Plena Noite;Crescente;C�u Claro;Simples;Reta;Sim;5;0;1;0;4;0;1;2;-29,98522047;-51,18119377;SPRF-RS;DEL01-RS;UOP01-DEL01-RS;;;
706305;21/07/2025;segunda-feira;17:40:00;SC;101;177;GOVERNADOR CELSO RAMOS;Rea��o tardia ou ineficiente do condutor;Colis�o traseira;Sem V�timas;Anoitecer;Decrescente;C�u Claro;M�ltipla;Reta;N�o;1;0;0;0;1;0;0;1;-27,356;-48,632;SPRF-SC;DEL01-SC;UOP01-DEL01-SC;;;
706310;21/07/2025;segunda-feira;16:30:00;SC;470;57;BLUMENAU;Rea��o tardia ou ineficiente do condutor;Atropelamento de Pedestre;Com V�timas Feridas;Pleno dia;Crescente;Sol;Simples;Interse��o de Vias;Sim;2;0;1;0;0;1;1;2;-26,88245417;-49,14194075;SPRF-SC;DEL04-SC;UOP01-DEL04-SC;;;
706311;21/07/2025;segunda-feira;10:00:00;ES;101;66;SAO MATEUS;Condutor deixou de manter dist�ncia do ve�culo da frente;Colis�o traseira;Com V�timas Feridas;Pleno dia;Crescente;C�u Claro;Dupla;Reta;N�o;2;0;1;0;1;0;1;2;-18,71539;-39,87622;SPRF-ES;DEL04-ES;UOP02-DEL04-ES;;;
706314;21/07/2025;segunda-feira;16:10:00;RS;293;337,9;SANTANA DO LIVRAMENTO;Entrada inopinada do pedestre;Atropelamento de Pedestre;Com V�timas Fatais;Pleno dia;Decrescente;C�u Claro;Simples;Reta;Sim;3;1;0;0;1;1;0;2;-30,85275;-55,51389;SPRF-RS;DEL11-RS;UOP01-DEL11-RS;;;
706315;21/07/2025;segunda-feira;17:50:00;RJ;393;269;BARRA DO PIRAI;Condutor deixou de manter dist�ncia do ve�culo da frente;Queda de ocupante de ve�culo;Sem V�timas;Anoitecer;Decrescente;C�u Claro;Simples;Reta;N�o;2;0;0;0;2;0;0;2;-22,4815164;-43,9548159;SPRF-RJ;DEL05-RJ;UOP04-DEL05-RJ;;;
706316;21/07/2025;segunda-feira;17:30:00;MG;50;28;ARAGUARI;Condutor deixou de manter dist�ncia do ve�culo da frente;Colis�o traseira;Com V�timas Feridas;Anoitecer;Crescente;C�u Claro;Dupla;Reta;N�o;3;0;3;0;0;0;3;2;-18,61842955;-48,1033802;SPRF-MG;DEL15-MG;UOP02-DEL15-MG;;;