id;data_inversa;dia_semana;horario;uf;br;km;municipio;causa_acidente;tipo_acidente;classificacao_acidente;fase_dia;sentido_via;condicao_metereologica;tipo_pista;tracado_via;uso_solo;pessoas;mortos;feridos_leves;feridos_graves;ilesos;ignorados;feridos;veiculos;latitude;longitude;regional;delegacia;uop;;;
706317;21/07/2025;segunda-feira;18:15:00;PR;476;157;ARAUCARIA;Rea��o tardia ou ineficiente do condutor;Engavetamento;Sem V�timas;Anoitecer;Crescente;C�u Claro;Simples;"Reta;Aclive";Sim;5;0;0;0;5;0;0;3;-25,60335796;-49,41972105;SPRF-PR;DEL01-PR;UOP06-DEL01-PR;;;
706318;21/07/2025;segunda-feira;17:45:00;CE;116;13;FORTALEZA;Ingest�o de �lcool pelo condutor;Colis�o com objeto;Com V�timas Feridas;Pleno dia;Crescente;C�u Claro;M�ltipla;Reta;Sim;1;0;0;1;0;0;1;1;-3,86523;-38,49812;SPRF-CE;DEL01-CE;UOP02-DEL01-CE;;;
706319;21/07/2025;segunda-feira;18:25:00;GO;153;499;GOIANIA;Condutor deixou de manter dist�ncia do ve�culo da frente;Engavetamento;Com V�timas Feridas;Plena Noite;Crescente;Ignorado;Dupla;Reta;Sim;3;0;1;0;2;0;1;2;-16,7019253;-49,2325099;SPRF-GO;DEL01-GO;UOP01-DEL01-GO;;;
706320;21/07/2025;segunda-feira;18:27:00;PE;101;65;RECIFE;Manobra de mudan�a de faixa;Colis�o lateral mesmo sentido;Com V�timas Feridas;Plena Noite;Crescente;Nublado;M�ltipla;Reta;Sim;2;0;0;1;1;0;1;2;-8,02883072;-34,9430643;SPRF-PE;DEL01-PE;UOP01-DEL01-PE;;;
706323;21/07/2025;segunda-feira;18:19:00;PB;104;98,3;ESPERANCA;Defici�ncia do Sistema de Ilumina��o/Sinaliza��o;Atropelamento de Pedestre;Com V�timas Feridas;Plena Noite;Crescente;C�u Claro;Simples;Aclive;N�o;2;0;1;1;0;0;2;2;-7,023446;-35,855908;SPRF-PB;DEL02-PB;UOP04-DEL02-PB;;;
706325;21/07/2025;segunda-feira;17:30:00;PR;277;77;CURITIBA;Manobra de mudan�a de faixa;Colis�o lateral mesmo sentido;Sem V�timas;Anoitecer;Decrescente;C�u Claro;Dupla;Reta;Sim;2;0;0;0;2;0;0;2;-25,483257;-49,191581;SPRF-PR;DEL01-PR;UOP07-DEL01-PR;;;
706326;21/07/2025;segunda-feira;18:15:00;SP;153;56;SAO JOSE DO RIO PRETO;Rea��o tardia ou ineficiente do condutor;Colis�o com objeto;Com V�timas Feridas;Plena Noite;Crescente;C�u Claro;Simples;"Interse��o de Vias;Aclive;Viaduto;Reta";Sim;2;0;0;2;0;0;2;1;-20,76402;-49,34776;SPRF-SP;DEL09-SP;UOP01-DEL09-SP;;;
706327;21/07/2025;segunda-feira;11:15:00;RJ;40;123;DUQUE DE CAXIAS;Manobra de mudan�a de faixa;Colis�o lateral mesmo sentido;Com V�timas Feridas;Pleno dia;Crescente;C�u Claro;Dupla;Reta;Sim;3;0;2;0;0;1;2;2;-22,8004264;-43,2901916;SPRF-RJ;DEL01-RJ;UOP02-DEL01-RJ;;;
706329;21/07/2025;segunda-feira;18:50:00;GO;70;1;AGUAS LINDAS DE GOIAS;Aus�ncia de rea��o do condutor;Colis�o traseira;Com V�timas Fatais;Plena Noite;Crescente;C�u Claro;Dupla;"Aclive;Reta";N�o;2;1;0;0;1;0;0;2;-15,7758722;-48,2334386;SPRF-DF;DEL03-DF;UOP02-DEL03-DF;;;
706330;21/07/2025;segunda-feira;19:00:00;RJ;101;510;ANGRA DOS REIS;Animais na Pista;Atropelamento de Animal;Com V�timas Feridas;Plena Noite;Crescente;Nublado;Simples;Reta;Sim;1;0;1;0;0;0;1;1;-22,98999436;-44,24216063;SPRF-RJ;DEL03-RJ;UOP03-DEL03-RJ;;;
706332;21/07/2025;segunda-feira;19:30:00;RN;110;44,7;MOSSORO;Ingest�o de �lcool pelo condutor;Colis�o frontal;Com V�timas Feridas;Plena Noite;Crescente;C�u Claro;Simples;Reta;Sim;3;0;2;0;1;0;2;2;-5,19148;-37,3098;SPRF-RN;DEL04-RN;UOP01-DEL04-RN;;;
706334;21/07/2025;segunda-feira;14:40:00;SC;282;509,4;XANXERE;Condutor deixou de manter dist�ncia do ve�culo da frente;Engavetamento;Com V�timas Feridas;Pleno dia;Crescente;Sol;Simples;Reta;N�o;4;0;1;0;2;1;1;4;-26,891867;-52,458655;SPRF-SC;DEL07-SC;UOP01-DEL07-SC;;;
706335;21/07/2025;segunda-feira;19:35:00;PR;376;311;MAUA DA SERRA;Aus�ncia de rea��o do condutor;Queda de ocupante de ve�culo;Com V�timas Feridas;Plena Noite;Crescente;C�u Claro;Dupla;Reta;N�o;1;0;1;0;0;0;1;1;-23,93668251;-51,16744995;SPRF-PR;DEL07-PR;UOP02-DEL07-PR;;;
706336;21/07/2025;segunda-feira;19:40:00;TO;153;335;GUARAI;Transitar na contram�o;Colis�o transversal;Com V�timas Feridas;Plena Noite;Crescente;C�u Claro;M�ltipla;Reta;Sim;3;0;2;0;1;0;2;2;-8,85059;-48,509842;SPRF-TO;DEL02-TO;UOP02-DEL02-TO;;;
706337;21/07/2025;segunda-feira;19:10:00;MG;40;520;CONTAGEM;Manobra de mudan�a de faixa;Colis�o lateral mesmo sentido;Com V�timas Feridas;Plena Noite;Decrescente;C�u Claro;Dupla;Curva;N�o;2;0;1;0;1;0;1;2;-19,84941511;-44,07242465;SPRF-MG;DEL01-MG;UOP02-DEL01-MG;;;
706339;21/07/2025;segunda-feira;19:15:00;PB;230;2;CABEDELO;Demais falhas na via;Tombamento;Com V�timas Feridas;Plena Noite;Decrescente;C�u Claro;Dupla;Reta;Sim;1;0;1;0;0;0;1;1;-6,98528547;-34,82890956;SPRF-PB;DEL01-PB;UOP01-DEL01-PB;;;
706340;21/07/2025;segunda-feira;20:15:00;PR;277;79;CURITIBA;Aus�ncia de rea��o do condutor;Colis�o traseira;Com V�timas Feridas;Plena Noite;Decrescente;C�u Claro;Dupla;"Declive;Reta";Sim;2;0;1;0;0;1;1;2;-25,4811;-49,1963;SPRF-PR;DEL01-PR;UOP07-DEL01-PR;;;
706341;21/07/2025;segunda-feira;18:30:00;AL;423;105;DELMIRO GOUVEIA;Rea��o tardia ou ineficiente do condutor;Colis�o lateral mesmo sentido;Com V�timas Feridas;Plena Noite;Crescente;C�u Claro;Simples;Reta;N�o;3;0;1;0;2;0;1;2;-9,415117;-38,19613;SPRF-BA;DEL07-BA;UOP01-DEL07-BA;;;
706344;21/07/2025;segunda-feira;18:45:00;RJ;101;169;MACAE;Ultrapassagem Indevida;Colis�o transversal;Com V�timas Feridas;Plena Noite;Crescente;C�u Claro;Simples;Curva;N�o;3;0;1;1;1;0;2;2;-22,33900145;-41,91721916;SPRF-RJ;DEL08-RJ;UOP04-DEL08-RJ;;;
706345;04/06/2025;quarta-feira;02:00:00;PB;101;64,8;SANTA RITA;Demais falhas mec�nicas ou el�tricas;Colis�o com objeto;Com V�timas Feridas;Plena Noite;Decrescente;C�u Claro;Dupla;Reta;N�o;2;0;1;1;0;0;2;1;-7,04091;-35,051453;SPRF-PB;DEL01-PB;UOP03-DEL01-PB;;;
706346;21/07/2025;segunda-feira;20:50:00;PR;116;126;FAZENDA RIO GRANDE;Rea��o tardia ou ineficiente do condutor;Colis�o traseira;Sem V�timas;Plena Noite;Crescente;Nublado;Dupla;Reta;Sim;2;0;0;0;1;1;0;2;-25,636508;-49,313505;SPRF-PR;DEL01-PR;UOP03-DEL01-PR;;;
706347;21/07/2025;segunda-feira;16:00:00;SC;101;156;PORTO BELO;Acessar a via sem observar a presen�a dos outros ve�culos;Colis�o traseira;Com V�timas Feridas;Pleno dia;Crescente;C�u Claro;Simples;Reta;Sim;2;0;1;0;1;0;1;2;-27,14580826;-48,61411572;SPRF-SC;DEL04-SC;UOP03-DEL04-SC;;;
706349;21/07/2025;segunda-feira;19:00:00;RO;364;517,4;ARIQUEMES;Animais na Pista;Atropelamento de Animal;Com V�timas Feridas;Plena Noite;Decrescente;C�u Claro;Dupla;"Aclive;Reta";N�o;1;0;0;1;0;0;1;1;-9,902923;-63,056267;SPRF-RO;DEL03-RO;UOP01-DEL03-RO;;;
706350;21/07/2025;segunda-feira;19:50:00;PR;277;587;CASCAVEL;Aus�ncia de rea��o do condutor;Tombamento;Com V�timas Feridas;Plena Noite;Decrescente;C�u Claro;Simples;Reta;N�o;2;0;2;0;0;0;2;1;-24,966139;-53,423287;SPRF-PR;DEL04-PR;UOP01-DEL04-PR;;;
706351;21/07/2025;segunda-feira;19:30:00;SE;101;197;CRISTINAPOLIS;Transitar no Acostamento;Eventos at�picos;Com V�timas Feridas;Plena Noite;Decrescente;Nublado;Simples;Curva;N�o;2;0;1;1;0;0;2;2;-11,471082;-37,747625;SPRF-SE;DEL02-SE;UOP03-DEL02-SE;;;
706352;21/07/2025;segunda-feira;18:45:00;RO;364;345;JI-PARANA;Aus�ncia de rea��o do condutor;Colis�o lateral mesmo sentido;Com V�timas Feridas;Anoitecer;Crescente;C�u Claro;Dupla;Reta;Sim;4;0;3;0;1;0;3;2;-10,866357;-61,968045;SPRF-RO;DEL02-RO;UOP01-DEL02-RO;;;
706353;21/07/2025;segunda-feira;22:00:00;ES;101;18,5;SERRA;Rea��o tardia ou ineficiente do condutor;Colis�o com objeto;Com V�timas Feridas;Plena Noite;Decrescente;C�u Claro;Dupla;Curva;N�o;1;0;0;1;0;0;1;1;-20,217911;-40,33605;SPRF-ES;DEL02-ES;UOP01-DEL02-ES;;;
706354;21/07/2025;segunda-feira;19:20:00;RJ;101;334;RIO DE JANEIRO;Manobra de mudan�a de faixa;Colis�o lateral mesmo sentido;Com V�timas Feridas;Anoitecer;Crescente;C�u Claro;Dupla;"Viaduto;Curva";N�o;2;0;1;0;1;0;1;2;-22,88237911;-43,21596891;SPRF-RJ;DEL02-RJ;UOP01-DEL02-RJ;;;
706357;21/07/2025;segunda-feira;21:30:00;MG;116;682,2;MURIAE;Velocidade Incompat�vel;Queda de ocupante de ve�culo;Com V�timas Feridas;Plena Noite;Crescente;C�u Claro;Simples;Reta;N�o;1;0;0;1;0;0;1;1;-20,96141958;-42,35229492;SPRF-MG;DEL07-MG;UOP02-DEL07-MG;;;
706358;21/07/2025;segunda-feira;22:00:00;RJ;101;485;ANGRA DOS REIS;Rea��o tardia ou ineficiente do condutor;Queda de ocupante de ve�culo;Com V�timas Feridas;Plena Noite;Decrescente;C�u Claro;Simples;Rotat�ria;Sim;1;0;0;1;0;0;1;1;-22,98997862;-44,24212663;SPRF-RJ;DEL03-RJ;UOP03-DEL03-RJ;;;
706359;21/07/2025;segunda-feira;19:40:00;MG;40;85,4;PARACATU;Afundamento ou ondula��o no pavimento;Queda de ocupante de ve�culo;Com V�timas Feridas;Plena Noite;Crescente;C�u Claro;Simples;Reta;N�o;1;0;1;0;0;0;1;1;-17,46022998;-46,66362047;SPRF-MG;DEL14-MG;UOP01-DEL14-MG;;;
706360;21/07/2025;segunda-feira;21:30:00;MG;50;50;ARAGUARI;Ingest�o de �lcool pelo condutor;Sa�da de leito carro��vel;Sem V�timas;Plena Noite;Crescente;C�u Claro;Dupla;Reta;N�o;1;0;0;0;1;0;0;1;-18,733729;-48,225201;SPRF-MG;DEL15-MG;UOP02-DEL15-MG;;;
706362;21/07/2025;segunda-feira;23:00:00;SC;101;206,5;SAO JOSE;Rea��o tardia ou ineficiente do condutor;Colis�o lateral mesmo sentido;Com V�timas Feridas;Plena Noite;Crescente;Nublado;M�ltipla;Curva;N�o;2;0;1;0;1;0;1;2;-27,59692;-48,61998;SPRF-SC;DEL01-SC;UOP01-DEL01-SC;;;
706363;21/07/2025;segunda-feira;23:00:00;SP;116;226;GUARULHOS;Aus�ncia de rea��o do condutor;Queda de ocupante de ve�culo;Com V�timas Feridas;Plena Noite;Crescente;Nublado;M�ltipla;Reta;Sim;4;0;3;0;1;0;3;3;-23,49372033;-46,5533485;SPRF-SP;DEL01-SP;UOP01-DEL01-SP;;;
706364;21/07/2025;segunda-feira;23:15:00;SC;101;188;BIGUACU;Objeto est�tico sobre o leito carro��vel;Colis�o com objeto;Com V�timas Feridas;Plena Noite;Decrescente;C�u Claro;M�ltipla;Reta;N�o;1;0;1;0;0;0;1;1;-27,488;-48,631;SPRF-SC;DEL01-SC;UOP01-DEL01-SC;;;
706366;21/07/2025;segunda-feira;23:35:00;PB;230;27;JOAO PESSOA;Aus�ncia de rea��o do condutor;Sa�da de leito carro��vel;Sem V�timas;Plena Noite;Decrescente;C�u Claro;Dupla;"Declive;Reta";Sim;1;0;0;0;0;1;0;1;-7,16551376;-34,89455134;SPRF-PB;DEL01-PB;UOP01-DEL01-PB;;;
706367;21/07/2025;segunda-feira;21:30:00;MG;381;364,6;SAO GONCALO DO RIO ABAIXO;Aus�ncia de rea��o do condutor;Colis�o traseira;Com V�timas Feridas;Plena Noite;Crescente;C�u Claro;Simples;Curva;Sim;2;0;1;0;1;0;1;2;-19,85108;-43,27278;SPRF-MG;DEL03-MG;UOP01-DEL03-MG;;;
706368;21/07/2025;segunda-feira;18:30:00;RR;174;625;AMAJARI;Demais falhas na via;Sa�da de leito carro��vel;Com V�timas Feridas;Plena Noite;Decrescente;Nublado;Simples;Reta;N�o;2;0;2;0;0;0;2;1;3,73146642;-61,00304604;SPRF-RR;DEL01-RR;UOP01-DEL01-RR;;;
706370;22/07/2025;ter�a-feira;02:20:00;SP;116;315,6;JUQUITIBA;Demais falhas mec�nicas ou el�tricas;Capotamento;Sem V�timas;Plena Noite;Crescente;Nevoeiro/Neblina;Dupla;Reta;N�o;1;0;0;0;1;0;0;1;-23,90513483;-46,99183001;SPRF-SP;DEL04-SP;UOP03-DEL04-SP;;;
706375;21/07/2025;segunda-feira;18:15:00;RS;386;246;SOLEDADE;Ingest�o de �lcool pelo condutor;Sa�da de leito carro��vel;Sem V�timas;Plena Noite;Decrescente;C�u Claro;Simples;"Em Obras;Reta";Sim;1;0;0;0;1;0;0;1;-28,81189966;-52,49679646;SPRF-RS;DEL04-RS;UOP03-DEL04-RS;;;
706376;22/07/2025;ter�a-feira;05:20:00;PB;230;145,7;CAMPINA GRANDE;Aus�ncia de rea��o do condutor;Tombamento;Com V�timas Feridas;Pleno dia;Crescente;C�u Claro;Dupla;Reta;Sim;1;0;0;1;0;0;1;1;-7,246325;-35,849132;SPRF-PB;DEL02-PB;UOP01-DEL02-PB;;;
706378;22/07/2025;ter�a-feira;04:30:00;RJ;40;124;DUQUE DE CAXIAS;Demais falhas mec�nicas ou el�tricas;Inc�ndio;Sem V�timas;Plena Noite;Decrescente;C�u Claro;Dupla;Reta;Sim;1;0;0;0;0;1;0;1;-22,80485956;-43,28965936;SPRF-RJ;DEL01-RJ;UOP02-DEL01-RJ;;;
706380;21/07/2025;segunda-feira;23:00:00;RS;158;411;PANAMBI;Afundamento ou ondula��o no pavimento;Inc�ndio;Sem V�timas;Plena Noite;Crescente;C�u Claro;Simples;Reta;N�o;1;0;0;0;0;1;0;1;-28,3515252;-53,49002838;SPRF-RS;DEL11-RS;UOP02-DEL11-RS;;;
706381;22/07/2025;ter�a-feira;05:00:00;SP;116;218;GUARULHOS;Rea��o tardia ou ineficiente do condutor;Colis�o traseira;Com V�timas Feridas;Amanhecer;Crescente;Nublado;M�ltipla;Reta;Sim;2;0;1;0;1;0;1;2;-23,46188278;-46,49078099;SPRF-SP;DEL01-SP;UOP01-DEL01-SP;;;
706383;22/07/2025;ter�a-feira;05:57:00;MG;116;314,8;ITAMBACURI;Transitar na contram�o;Colis�o frontal;Com V�timas Feridas;Amanhecer;Crescente;C�u Claro;Simples;Reta;N�o;62;0;2;4;56;0;6;3;-18,11002;-41,692162;SPRF-MG;DEL11-MG;UOP01-DEL11-MG;;;
706386;22/07/2025;ter�a-feira;06:53:00;PE;101;23;GOIANA;Manobra de mudan�a de faixa;Capotamento;Com V�timas Feridas;Pleno dia;Decrescente;C�u Claro;Dupla;Reta;N�o;2;0;1;0;1;0;1;1;-7,687178;-34,922473;SPRF-PE;DEL01-PE;UOP02-DEL01-PE;;;
706387;22/07/2025;ter�a-feira;07:25:00;SC;101;210,1;SAO JOSE;Rea��o tardia ou ineficiente do condutor;Colis�o traseira;Com V�timas Feridas;Pleno dia;Crescente;C�u Claro;Dupla;Reta;Sim;2;0;1;0;1;0;1;2;-27,61767807;-48,64668846;SPRF-SC;DEL01-SC;UOP01-DEL01-SC;;;
706388;19/07/2025;s�bado;05:55:00;RJ;101;322;NITEROI;Aus�ncia de rea��o do condutor;Colis�o traseira;Com V�timas Feridas;Amanhecer;Decrescente;C�u Claro;M�ltipla;Reta;N�o;2;0;1;0;1;0;1;2;-22,87668663;-43,1176657;SPRF-RJ;DEL02-RJ;UOP01-DEL02-RJ;;;
706389;22/07/2025;ter�a-feira;07:00:00;ES;101;265,5;SERRA;Condutor deixou de manter dist�ncia do ve�culo da frente;Colis�o traseira;Com V�timas Feridas;Pleno dia;Crescente;C�u Claro;Dupla;Reta;Sim;2;0;1;0;1;0;1;2;-20,18813439;-40,26843381;SPRF-ES;DEL02-ES;UOP01-DEL02-ES;;;
706390;22/07/2025;ter�a-feira;07:20:00;ES;101;203;JOAO NEIVA;Velocidade Incompat�vel;Sa�da de leito carro��vel;Sem V�timas;Pleno dia;Crescente;C�u Claro;Simples;Reta;N�o;1;0;0;0;0;1;0;1;-19,74554411;-40,37613837;SPRF-ES;DEL04-ES;UOP01-DEL04-ES;;;
706394;21/07/2025;segunda-feira;23:17:00;MG;381;723,1;CARMO DA CACHOEIRA;Aus�ncia de rea��o do condutor;Sa�da de leito carro��vel;Com V�timas Feridas;Plena Noite;Decrescente;Nublado;Dupla;"Declive;Reta";N�o;1;0;1;0;0;0;1;1;-21,454802;-45,211486;SPRF-MG;DEL04-MG;UOP02-DEL04-MG;;;
706395;22/07/2025;ter�a-feira;07:40:00;ES;101;144;LINHARES;Velocidade Incompat�vel;Atropelamento de Pedestre;Com V�timas Feridas;Pleno dia;Decrescente;C�u Claro;Dupla;Reta;N�o;3;0;3;0;0;0;3;2;-19,35402527;-40,06360143;SPRF-ES;DEL04-ES;UOP01-DEL04-ES;;;
706396;22/07/2025;ter�a-feira;07:38:00;SP;153;60,8;SAO JOSE DO RIO PRETO;Manobra de mudan�a de faixa;Colis�o lateral mesmo sentido;Com V�timas Feridas;Pleno dia;Crescente;C�u Claro;Dupla;Reta;Sim;2;0;1;0;1;0;1;2;-20,8013;-49,35464;SPRF-SP;DEL09-SP;UOP01-DEL09-SP;;;
706397;04/06/2025;quarta-feira;18:00:00;BA;101;104;ALAGOINHAS;Aus�ncia de rea��o do condutor;Queda de ocupante de ve�culo;Com V�timas Feridas;Plena Noite;Crescente;C�u Claro;Simples;Reta;N�o;1;0;0;1;0;0;1;1;-12,11775865;-38,39341026;SPRF-BA;DEL01-BA;UOP04-DEL01-BA;;;
706398;22/07/2025;ter�a-feira;08:02:00;PB;101;87,5;JOAO PESSOA;Trafegar com motocicleta (ou similar) entre as faixas;Colis�o lateral mesmo sentido;Com V�timas Feridas;Pleno dia;Decrescente;Sol;Dupla;"Reta;Aclive";Sim;2;0;1;0;1;0;1;2;-7,1612548;-34,9006552;SPRF-PB;DEL01-PB;UOP01-DEL01-PB;;;
706399;22/07/2025;ter�a-feira;07:40:00;SC;101;203;SAO JOSE;Manobra de mudan�a de faixa;Colis�o traseira;Com V�timas Feridas;Pleno dia;Crescente;C�u Claro;Simples;Reta;Sim;2;0;1;0;1;0;1;2;-27,56512;-48,614875;SPRF-SC;DEL01-SC;UOP01-DEL01-SC;;;
706400;22/07/2025;ter�a-feira;07:30:00;MG;381;493;BETIM;Aus�ncia de rea��o do condutor;Colis�o traseira;Com V�timas Feridas;Pleno dia;Crescente;C�u Claro;Dupla;Reta;Sim;3;0;2;0;1;0;2;2;-19,9965766;-44,209035;SPRF-MG;DEL01-MG;UOP03-DEL01-MG;;;
706401;22/07/2025;ter�a-feira;08:00:00;SE;235;2,9;ARACAJU;Entrada inopinada do pedestre;Atropelamento de Pedestre;Com V�timas Feridas;Pleno dia;Decrescente;C�u Claro;Dupla;Reta;Sim;2;0;1;1;0;0;2;2;-10,90762777;-37,1043892;SPRF-SE;DEL01-SE;UOP01-DEL01-SE;;;
706403;22/07/2025;ter�a-feira;07:25:00;PR;277;464,5;LARANJEIRAS DO SUL;Objeto est�tico sobre o leito carro��vel;Queda de ocupante de ve�culo;Com V�timas Feridas;Pleno dia;Decrescente;C�u Claro;Simples;Reta;N�o;1;0;1;0;0;0;1;1;-25,346959;-52,491563;SPRF-PR;DEL04-PR;UOP02-DEL04-PR;;;
706405;22/07/2025;ter�a-feira;07:50:00;SP;116;108;TAUBATE;Rea��o tardia ou ineficiente do condutor;Colis�o traseira;Com V�timas Feridas;Pleno dia;Crescente;C�u Claro;Dupla;Reta;Sim;2;0;1;0;0;1;1;2;-23,02024632;-45,53278863;SPRF-SP;DEL02-SP;UOP02-DEL02-SP;;;
706407;22/07/2025;ter�a-feira;07:30:00;MG;262;414,5;IGARATINGA;Rea��o tardia ou ineficiente do condutor;Sa�da de leito carro��vel;Com V�timas Feridas;Pleno dia;Decrescente;Sol;Dupla;Curva;N�o;1;0;0;1;0;0;1;1;-19,8825123;-44,76283559;SPRF-MG;DEL08-MG;UOP03-DEL08-MG;;;
706409;22/07/2025;ter�a-feira;09:00:00;SP;153;61;SAO JOSE DO RIO PRETO;Condutor deixou de manter dist�ncia do ve�culo da frente;Colis�o traseira;Com V�timas Feridas;Pleno dia;Crescente;C�u Claro;Dupla;Reta;N�o;9;0;1;0;8;0;1;4;-20,8036;-49,35558;SPRF-SP;DEL09-SP;UOP01-DEL09-SP;;;
706410;22/07/2025;ter�a-feira;05:50:00;SC;282;588;SAUDADES;Pedestre andava na pista;Atropelamento de Pedestre;Com V�timas Fatais;Plena Noite;Crescente;C�u Claro;Simples;Reta;N�o;3;1;0;0;1;1;0;2;-26,8262938;-53,0538963;SPRF-SC;DEL07-SC;UOP02-DEL07-SC;;;
706411;22/07/2025;ter�a-feira;09:05:00;PR;277;729,5;FOZ DO IGUACU;Manobra de mudan�a de faixa;Colis�o lateral mesmo sentido;Com V�timas Feridas;Pleno dia;Decrescente;C�u Claro;Dupla;Interse��o de Vias;Sim;3;0;2;0;1;0;2;2;-25,50617371;-54,58842516;SPRF-PR;DEL05-PR;UOP03-DEL05-PR;;;
706414;22/07/2025;ter�a-feira;07:15:00;RO;319;144;PORTO VELHO;Rea��o tardia ou ineficiente do condutor;Colis�o traseira;Com V�timas Feridas;Pleno dia;Crescente;C�u Claro;Dupla;Reta;Sim;2;0;1;0;1;0;1;2;-8,765766;-63,884623;SPRF-RO;DEL01-RO;UOP01-DEL01-RO;;;
706416;22/07/2025;ter�a-feira;05:40:00;BA;101;689;ITAGIMIRIM;Condutor Dormindo;Colis�o lateral sentido oposto;Com V�timas Feridas;Amanhecer;Crescente;C�u Claro;Simples;"Declive;Curva";N�o;2;0;1;1;0;0;2;2;-16,151213;-39,595012;SPRF-BA;DEL09-BA;UOP03-DEL09-BA;;;
706418;22/07/2025;ter�a-feira;07:15:00;PI;230;31,7;FRONTEIRAS;Mal s�bito do condutor;Colis�o com objeto;Com V�timas Fatais;Pleno dia;Decrescente;Sol;Simples;"Reta;Aclive";N�o;1;1;0;0;0;0;0;1;-7,10242;-40,739812;SPRF-PI;DEL04-PI;UOP03-DEL04-PI;;;
706421;22/07/2025;ter�a-feira;09:00:00;RS;116;524,5;PELOTAS;Convers�o proibida;Colis�o lateral mesmo sentido;Com V�timas Feridas;Pleno dia;Decrescente;C�u Claro;Dupla;"Reta;Interse��o de Vias";Sim;2;0;1;0;1;0;1;2;-31,731803;-52,390097;SPRF-RS;DEL07-RS;UOP01-DEL07-RS;;;
706423;22/07/2025;ter�a-feira;08:55:00;MG;40;532,7;BELO HORIZONTE;Manobra de mudan�a de faixa;Colis�o lateral mesmo sentido;Com V�timas Feridas;Pleno dia;Crescente;C�u Claro;Dupla;Reta;Sim;4;0;2;0;1;1;2;3;-19,92578777;-44,01054382;SPRF-MG;DEL01-MG;UOP02-DEL01-MG;;;
706424;22/07/2025;ter�a-feira;09:10:00;SP;116;228;SAO PAULO;Aus�ncia de rea��o do condutor;Colis�o lateral mesmo sentido;Com V�timas Feridas;Pleno dia;Crescente;C�u Claro;M�ltipla;Reta;Sim;3;0;0;1;2;0;1;3;-23,50607059;-46,56864166;SPRF-SP;DEL01-SP;UOP01-DEL01-SP;;;
706425;22/07/2025;ter�a-feira;08:20:00;PB;104;131;QUEIMADAS;Desrespeitar a prefer�ncia no cruzamento;Colis�o transversal;Com V�timas Feridas;Pleno dia;Decrescente;C�u Claro;Simples;Reta;Sim;2;0;0;1;0;1;1;2;-7,30278363;-35,89236885;SPRF-PB;DEL02-PB;UOP03-DEL02-PB;;;
706426;22/07/2025;ter�a-feira;08:07:00;PE;232;223;PESQUEIRA;Ultrapassagem Indevida;Colis�o frontal;Com V�timas Feridas;Pleno dia;Crescente;C�u Claro;Simples;Curva;N�o;4;0;3;1;0;0;4;3;-8,405402;-36,817502;SPRF-PE;DEL03-PE;UOP02-DEL03-PE;;;
706433;22/07/2025;ter�a-feira;11:00:00;SC;101;155,3;PORTO BELO;Condutor deixou de manter dist�ncia do ve�culo da frente;Colis�o transversal;Com V�timas Feridas;Pleno dia;Decrescente;Sol;Simples;"Reta;Interse��o de Vias";Sim;2;0;1;0;1;0;1;2;-27,1705228;-48,61125112;SPRF-SC;DEL04-SC;UOP03-DEL04-SC;;;
706434;22/07/2025;ter�a-feira;09:50:00;RJ;116;193;NOVA IGUACU;Aus�ncia de rea��o do condutor;Colis�o lateral mesmo sentido;Com V�timas Feridas;Pleno dia;Crescente;Sol;Dupla;Reta;N�o;2;0;0;1;1;0;1;2;-22,7421331;-43,5209173;SPRF-RJ;DEL06-RJ;UOP01-DEL06-RJ;;;
706436;22/07/2025;ter�a-feira;10:45:00;PE;116;24;SALGUEIRO;Acessar a via sem observar a presen�a dos outros ve�culos;Colis�o transversal;Com V�timas Feridas;Pleno dia;Decrescente;C�u Claro;Simples;Reta;Sim;2;0;1;0;1;0;1;2;-8,05278;-39,13757;SPRF-PE;DEL05-PE;UOP01-DEL05-PE;;;
706443;22/07/2025;ter�a-feira;11:00:00;MG;262;38,8;MANHUACU;Acessar a via sem observar a presen�a dos outros ve�culos;Colis�o transversal;Com V�timas Feridas;Pleno dia;Crescente;C�u Claro;Simples;Reta;Sim;3;0;1;2;0;0;3;2;-20,274369;-42,050453;SPRF-MG;DEL06-MG;UOP03-DEL06-MG;;;
706445;22/07/2025;ter�a-feira;10:00:00;MS;60;521;NIOAQUE;Aus�ncia de rea��o do condutor;Colis�o lateral sentido oposto;Com V�timas Feridas;Pleno dia;Crescente;C�u Claro;Simples;"Declive;Curva";N�o;2;0;1;0;1;0;1;2;-21,14991;-55,67045;SPRF-MS;DEL05-MS;UOP01-DEL05-MS;;;
706446;22/07/2025;ter�a-feira;10:20:00;BA;324;514;FEIRA DE SANTANA;Acessar a via sem observar a presen�a dos outros ve�culos;Colis�o frontal;Com V�timas Feridas;Pleno dia;Decrescente;C�u Claro;Simples;Reta;Sim;2;0;0;1;1;0;1;2;-12,2329817;-38,94843596;SPRF-BA;DEL02-BA;UOP01-DEL02-BA;;;
706447;22/07/2025;ter�a-feira;11:45:00;PR;116;102;SAO JOSE DOS PINHAIS;Aus�ncia de rea��o do condutor;Queda de ocupante de ve�culo;Com V�timas Feridas;Pleno dia;Crescente;Sol;Dupla;Reta;N�o;1;0;1;0;0;0;1;1;-25,56914877;-49,1794154;SPRF-PR;DEL01-PR;UOP07-DEL01-PR;;;
706450;22/07/2025;ter�a-feira;10:15:00;RS;116;510;PELOTAS;Aus�ncia de rea��o do condutor;Tombamento;Com V�timas Feridas;Pleno dia;Crescente;C�u Claro;M�ltipla;Reta;N�o;1;0;1;0;0;0;1;1;-31,62512851;-52,31817897;SPRF-RS;DEL07-RS;UOP01-DEL07-RS;;;