id;data_inversa;dia_semana;horario;uf;br;km;municipio;causa_acidente;tipo_acidente;classificacao_acidente;fase_dia;sentido_via;condicao_metereologica;tipo_pista;tracado_via;uso_solo;pessoas;mortos;feridos_leves;feridos_graves;ilesos;ignorados;feridos;veiculos;latitude;longitude;regional;delegacia;uop;;;
706451;18/07/2025;sexta-feira;18:40:00;SC;101;209,9;SAO JOSE;Rea��o tardia ou ineficiente do condutor;Colis�o traseira;Com V�timas Feridas;Plena Noite;Crescente;C�u Claro;Dupla;Reta;Sim;3;0;1;0;1;1;1;2;-27,616458;-48,645572;SPRF-SC;DEL01-SC;UOP01-DEL01-SC;;;
706453;22/07/2025;ter�a-feira;07:40:00;RS;470;186;VERANOPOLIS;Acessar a via sem observar a presen�a dos outros ve�culos;Colis�o transversal;Com V�timas Feridas;Pleno dia;Decrescente;Nublado;Simples;Reta;N�o;3;0;1;0;2;0;1;2;-28,997532;-51,557284;SPRF-RS;DEL06-RS;UOP02-DEL06-RS;;;
706454;22/07/2025;ter�a-feira;12:00:00;MG;459;73,9;SENADOR JOSE BENTO;Rea��o tardia ou ineficiente do condutor;Sa�da de leito carro��vel;Com V�timas Feridas;Pleno dia;Decrescente;C�u Claro;Dupla;Reta;N�o;1;0;1;0;0;0;1;1;-22,1295892;-46,1498006;SPRF-MG;DEL09-MG;UOP01-DEL09-MG;;;
706456;22/07/2025;ter�a-feira;12:30:00;PB;101;88;JOAO PESSOA;Rea��o tardia ou ineficiente do condutor;Colis�o traseira;Com V�timas Feridas;Pleno dia;Decrescente;C�u Claro;Dupla;Interse��o de Vias;Sim;2;0;1;0;1;0;1;2;-7,16755649;-34,89664435;SPRF-PB;DEL01-PB;UOP01-DEL01-PB;;;
706457;22/07/2025;ter�a-feira;08:20:00;PB;405;10;UIRAUNA;Aus�ncia de rea��o do condutor;Colis�o traseira;Com V�timas Feridas;Pleno dia;Decrescente;C�u Claro;Simples;"Reta;Aclive";Sim;3;0;2;1;0;0;3;2;-6,529197;-38,415008;SPRF-PB;DEL03-PB;UOP03-DEL03-PB;;;
706461;22/07/2025;ter�a-feira;11:40:00;RJ;101;482;ANGRA DOS REIS;Convers�o proibida;Colis�o lateral mesmo sentido;Com V�timas Feridas;Pleno dia;Decrescente;Sol;Simples;Curva;Sim;3;0;0;2;1;0;2;2;-22,99031843;-44,30408478;SPRF-RJ;DEL03-RJ;UOP03-DEL03-RJ;;;
706462;22/07/2025;ter�a-feira;12:51:00;MG;381;422,4;CAETE;Velocidade Incompat�vel;Sa�da de leito carro��vel;Com V�timas Feridas;Pleno dia;Crescente;C�u Claro;Dupla;"Curva;Declive";N�o;3;0;2;0;1;0;2;2;-19,786968;-43,682879;SPRF-MG;DEL01-MG;UOP01-DEL01-MG;;;
706464;22/07/2025;ter�a-feira;13:00:00;RS;386;136;SARANDI;Aus�ncia de rea��o do condutor;Colis�o transversal;Com V�timas Feridas;Pleno dia;Crescente;C�u Claro;Simples;Reta;Sim;2;0;1;0;1;0;1;2;-27,96501063;-52,90851474;SPRF-RS;DEL08-RS;UOP01-DEL08-RS;;;
706466;22/07/2025;ter�a-feira;13:45:00;SC;101;30;JOINVILLE;Rea��o tardia ou ineficiente do condutor;Tombamento;Com V�timas Feridas;Pleno dia;Decrescente;Sol;Dupla;Reta;Sim;2;0;2;0;0;0;2;1;-26,22559466;-48,91608685;SPRF-SC;DEL03-SC;UOP01-DEL03-SC;;;
706467;22/07/2025;ter�a-feira;11:45:00;BA;367;28;PORTO SEGURO;Condutor deixou de manter dist�ncia do ve�culo da frente;Colis�o traseira;Com V�timas Feridas;Pleno dia;Decrescente;Sol;Simples;Reta;Sim;2;0;1;0;1;0;1;2;-16,42527017;-39,10026924;SPRF-BA;DEL09-BA;UOP03-DEL09-BA;;;
706468;11/07/2025;sexta-feira;11:30:00;BA;101;444;UBAITABA;Retorno proibido;Colis�o transversal;Com V�timas Feridas;Pleno dia;Decrescente;Nublado;Simples;Aclive;N�o;2;0;0;1;1;0;1;2;-14,27284955;-39,32723254;SPRF-BA;DEL05-BA;UOP01-DEL05-BA;;;
706470;22/07/2025;ter�a-feira;13:20:00;ES;101;58,9;SAO MATEUS;Condutor deixou de manter dist�ncia do ve�culo da frente;Colis�o traseira;Com V�timas Feridas;Pleno dia;Crescente;Sol;Simples;"Reta;Aclive";N�o;2;0;1;0;1;0;1;2;-18,67188567;-39,86658303;SPRF-ES;DEL04-ES;UOP02-DEL04-ES;;;
706473;15/07/2025;ter�a-feira;21:30:00;GO;60;92;ANAPOLIS;Acessar a via sem observar a presen�a dos outros ve�culos;Colis�o transversal;Com V�timas Feridas;Plena Noite;Decrescente;C�u Claro;Dupla;"Declive;Reta";Sim;2;0;0;1;1;0;1;2;-16,353328;-48,919623;SPRF-GO;DEL02-GO;UOP01-DEL02-GO;;;
706474;22/07/2025;ter�a-feira;13:00:00;MT;70;98;BARRA DO GARCAS;Rea��o tardia ou ineficiente do condutor;Queda de ocupante de ve�culo;Com V�timas Feridas;Pleno dia;Crescente;C�u Claro;Simples;Curva;N�o;1;0;0;1;0;0;1;1;-15,81583376;-52,30273474;SPRF-MT;DEL07-MT;UOP01-DEL07-MT;;;
706479;19/07/2025;s�bado;21:00:00;RJ;40;123;DUQUE DE CAXIAS;Acessar a via sem observar a presen�a dos outros ve�culos;Colis�o traseira;Com V�timas Feridas;Plena Noite;Crescente;C�u Claro;M�ltipla;"Ponte;Reta";Sim;3;0;1;1;1;0;2;2;-22,80302473;-43,29029064;SPRF-RJ;DEL01-RJ;UOP02-DEL01-RJ;;;
706484;22/07/2025;ter�a-feira;15:00:00;RN;101;79,5;NATAL;Aus�ncia de rea��o do condutor;Colis�o traseira;Com V�timas Feridas;Pleno dia;Crescente;Sol;Dupla;Reta;Sim;3;0;0;1;1;1;1;3;-5,75416;-35,288775;SPRF-RN;DEL02-RN;UOP01-DEL02-RN;;;
706487;22/07/2025;ter�a-feira;16:20:00;PR;369;149;LONDRINA;Trafegar com motocicleta (ou similar) entre as faixas;Colis�o lateral mesmo sentido;Com V�timas Feridas;Pleno dia;Crescente;C�u Claro;Dupla;Reta;Sim;2;0;0;1;1;0;1;2;-23,29302078;-51,15096442;SPRF-PR;DEL07-PR;UOP01-DEL07-PR;;;
706488;22/07/2025;ter�a-feira;15:45:00;MG;40;530;CONTAGEM;Acessar a via sem observar a presen�a dos outros ve�culos;Colis�o traseira;Com V�timas Feridas;Pleno dia;Crescente;C�u Claro;Dupla;"Curva;Retorno Regulamentado";Sim;2;0;1;0;1;0;1;2;-19,9186684;-44,0271492;SPRF-MG;DEL01-MG;UOP02-DEL01-MG;;;
706489;22/07/2025;ter�a-feira;15:30:00;SC;282;531,2;CORDILHEIRA ALTA;Acessar a via sem observar a presen�a dos outros ve�culos;Queda de ocupante de ve�culo;Com V�timas Feridas;Pleno dia;Decrescente;C�u Claro;Simples;Reta;N�o;3;0;1;0;2;0;1;2;-26,9934677;-52,6115467;SPRF-SC;DEL07-SC;UOP01-DEL07-SC;;;
706490;22/07/2025;ter�a-feira;15:55:00;PR;277;11;PARANAGUA;Rea��o tardia ou ineficiente do condutor;Queda de ocupante de ve�culo;Com V�timas Feridas;Pleno dia;Crescente;C�u Claro;Dupla;Reta;Sim;1;0;1;0;0;0;1;1;-25,5651408;-48,6283387;SPRF-PR;DEL01-PR;UOP05-DEL01-PR;;;
706491;21/07/2025;segunda-feira;06:30:00;RS;158;474,1;ROSARIO DO SUL;Ultrapassagem Indevida;Colis�o frontal;Com V�timas Feridas;Amanhecer;Decrescente;Nevoeiro/Neblina;Simples;Reta;N�o;2;0;0;1;1;0;1;2;-30,30164;-54,991393;SPRF-RS;DEL11-RS;UOP02-DEL11-RS;;;
706492;22/07/2025;ter�a-feira;15:40:00;SC;101;213,1;PALHOCA;Rea��o tardia ou ineficiente do condutor;Colis�o lateral mesmo sentido;Com V�timas Feridas;Pleno dia;Decrescente;C�u Claro;M�ltipla;Reta;Sim;3;0;1;0;2;0;1;3;-27,638287;-48,665753;SPRF-SC;DEL01-SC;UOP02-DEL01-SC;;;
706495;22/07/2025;ter�a-feira;13:30:00;BA;116;656,8;JEQUIE;Demais falhas mec�nicas ou el�tricas;Inc�ndio;Com V�timas Feridas;Pleno dia;Crescente;C�u Claro;Simples;Reta;N�o;1;0;1;0;0;0;1;1;-13,71793;-40,09485;SPRF-BA;DEL03-BA;UOP01-DEL03-BA;;;
706496;22/07/2025;ter�a-feira;14:20:00;SP;116;39;CACHOEIRA PAULISTA;Acumulo de �leo sobre o pavimento;Queda de ocupante de ve�culo;Com V�timas Feridas;Pleno dia;Decrescente;C�u Claro;Simples;Curva;Sim;1;0;0;1;0;0;1;1;-22,67508527;-44,99861276;SPRF-SP;DEL08-SP;UOP02-DEL08-SP;;;
706498;22/07/2025;ter�a-feira;15:30:00;BA;349;929;CORRENTINA;Velocidade Incompat�vel;Colis�o traseira;Com V�timas Feridas;Pleno dia;Decrescente;C�u Claro;Simples;"Reta;Aclive;Interse��o de Vias";Sim;3;0;0;2;0;1;2;1;-13,345173;-44,633473;SPRF-BA;DEL10-BA;UOP02-DEL10-BA;;;
706499;22/07/2025;ter�a-feira;16:40:00;BA;367;82;EUNAPOLIS;Acessar a via sem observar a presen�a dos outros ve�culos;Colis�o transversal;Com V�timas Feridas;Pleno dia;Decrescente;C�u Claro;Simples;Reta;Sim;2;0;1;0;1;0;1;2;-16,3722698;-39,5625887;SPRF-BA;DEL09-BA;UOP03-DEL09-BA;;;
706501;22/07/2025;ter�a-feira;15:50:00;RJ;101;295;ITABORAI;Rea��o tardia ou ineficiente do condutor;Colis�o traseira;Com V�timas Feridas;Pleno dia;Decrescente;C�u Claro;Dupla;Curva;Sim;3;0;1;0;2;0;1;2;-22,76735734;-42,91397095;SPRF-RJ;DEL02-RJ;UOP02-DEL02-RJ;;;
706502;22/07/2025;ter�a-feira;17:45:00;RN;304;82;ACU;Manobra de mudan�a de faixa;Colis�o lateral sentido oposto;Com V�timas Feridas;Plena Noite;Crescente;C�u Claro;Simples;Reta;N�o;6;0;3;0;3;0;3;3;-5,49056;-37,155367;SPRF-RN;DEL04-RN;UOP01-DEL04-RN;;;
706503;22/07/2025;ter�a-feira;17:30:00;RN;101;94;NATAL;Manobra de mudan�a de faixa;Colis�o lateral mesmo sentido;Com V�timas Feridas;Plena Noite;Decrescente;C�u Claro;M�ltipla;Reta;Sim;3;0;2;0;1;0;2;3;-5,82629797;-35,21000147;SPRF-RN;DEL01-RN;UOP01-DEL01-RN;;;
706504;22/07/2025;ter�a-feira;17:30:00;GO;153;349;JARAGUA;Rea��o tardia ou ineficiente do condutor;Sa�da de leito carro��vel;Com V�timas Feridas;Plena Noite;Crescente;C�u Claro;Simples;Reta;N�o;2;0;1;0;1;0;1;1;-15,676004;-49,345349;SPRF-GO;DEL02-GO;UOP02-DEL02-GO;;;
706507;22/07/2025;ter�a-feira;14:00:00;BA;407;23;JUAZEIRO;Aus�ncia de rea��o do condutor;Colis�o traseira;Sem V�timas;Pleno dia;Crescente;Sol;Simples;Reta;N�o;2;0;0;0;2;0;0;2;-9,596214;-40,419479;SPRF-BA;DEL04-BA;UOP01-DEL04-BA;;;
706508;22/07/2025;ter�a-feira;17:40:00;PR;369;129,8;JATAIZINHO;Condutor deixou de manter dist�ncia do ve�culo da frente;Colis�o traseira;Com V�timas Feridas;Pleno dia;Crescente;Sol;Simples;"Declive;Reta";Sim;2;0;1;0;1;0;1;2;-23,259139;-50,980684;SPRF-PR;DEL07-PR;UOP01-DEL07-PR;;;
706510;22/07/2025;ter�a-feira;17:00:00;GO;20;2;FORMOSA;Acessar a via sem observar a presen�a dos outros ve�culos;Colis�o transversal;Com V�timas Feridas;Pleno dia;Crescente;C�u Claro;Simples;Reta;Sim;2;0;0;1;1;0;1;2;-15,56752;-47,320425;SPRF-DF;DEL02-DF;UOP02-DEL02-DF;;;
706512;22/07/2025;ter�a-feira;17:39:00;PE;232;195;SANHARO;Acessar a via sem observar a presen�a dos outros ve�culos;Colis�o transversal;Com V�timas Feridas;Anoitecer;Crescente;C�u Claro;Simples;Reta;Sim;2;0;0;1;1;0;1;2;-8,3684384;-36,5778374;SPRF-PE;DEL03-PE;UOP02-DEL03-PE;;;
706513;22/07/2025;ter�a-feira;17:40:00;ES;259;30;COLATINA;Ultrapassagem Indevida;Colis�o frontal;Com V�timas Feridas;Plena Noite;Decrescente;C�u Claro;Dupla;Reta;N�o;5;0;5;0;0;0;5;2;-19,57401021;-40,50709009;SPRF-ES;DEL02-ES;UOP01-DEL02-ES;;;
706516;22/07/2025;ter�a-feira;17:50:00;PR;376;3,5;MANDAGUARI;Acessar a via sem observar a presen�a dos outros ve�culos;Colis�o transversal;Com V�timas Feridas;Pleno dia;Crescente;C�u Claro;Simples;Rotat�ria;Sim;2;0;1;0;1;0;1;2;-23,51698553;-51,68701379;SPRF-PR;DEL09-PR;UOP01-DEL09-PR;;;
706517;22/07/2025;ter�a-feira;17:31:00;DF;20;4,5;BRASILIA;Trafegar com motocicleta (ou similar) entre as faixas;Colis�o lateral mesmo sentido;Com V�timas Feridas;Pleno dia;Crescente;C�u Claro;Dupla;"Declive;Reta";Sim;2;0;1;0;1;0;1;2;-15,67391181;-47,820822;SPRF-DF;DEL02-DF;UOP01-DEL02-DF;;;
706518;22/07/2025;ter�a-feira;17:40:00;MG;116;412,5;GOVERNADOR VALADARES;Acessar a via sem observar a presen�a dos outros ve�culos;Colis�o transversal;Com V�timas Feridas;Anoitecer;Decrescente;C�u Claro;Simples;"Retorno Regulamentado;Reta";Sim;2;0;1;0;1;0;1;2;-18,877005;-41,963227;SPRF-MG;DEL06-MG;UOP01-DEL06-MG;;;
706520;22/07/2025;ter�a-feira;14:20:00;SC;470;270,5;BRUNOPOLIS;Acessar a via sem observar a presen�a dos outros ve�culos;Colis�o com objeto;Sem V�timas;Pleno dia;Crescente;C�u Claro;Simples;"Interse��o de Vias;Reta";N�o;2;0;0;0;2;0;0;2;-27,324;-50,776825;SPRF-SC;DEL07-SC;UOP06-DEL07-SC;;;
706522;22/07/2025;ter�a-feira;17:52:00;PE;428;185,7;PETROLINA;Manobra de mudan�a de faixa;Colis�o traseira;Com V�timas Feridas;Anoitecer;Crescente;C�u Claro;Dupla;"Interse��o de Vias;Retorno Regulamentado";Sim;2;0;1;0;1;0;1;2;-9,34594826;-40,47349429;SPRF-PE;DEL06-PE;UOP01-DEL06-PE;;;
706523;22/07/2025;ter�a-feira;18:20:00;BA;324;622;SALVADOR;Condutor deixou de manter dist�ncia do ve�culo da frente;Colis�o traseira;Com V�timas Feridas;Plena Noite;Decrescente;C�u Claro;Dupla;Reta;Sim;2;0;1;0;0;1;1;2;-12,9353461;-38,4709075;SPRF-BA;DEL01-BA;UOP01-DEL01-BA;;;
706525;22/07/2025;ter�a-feira;18:10:00;PE;104;103,9;CUPIRA;Aus�ncia de rea��o do condutor;Colis�o lateral sentido oposto;Com V�timas Fatais;Plena Noite;Decrescente;Chuva;Simples;Reta;N�o;6;1;1;3;1;0;4;3;-8,60121;-35,95648;SPRF-PE;DEL02-PE;UOP01-DEL02-PE;;;
706530;22/07/2025;ter�a-feira;17:10:00;CE;222;201,8;FORQUILHA;Aus�ncia de rea��o do condutor;Sa�da de leito carro��vel;Com V�timas Feridas;Pleno dia;Crescente;C�u Claro;Simples;Curva;N�o;1;0;0;1;0;0;1;1;-3,79475452;-40,21904692;SPRF-CE;DEL04-CE;UOP01-DEL04-CE;;;
706531;22/07/2025;ter�a-feira;18:20:00;RJ;101;482;ANGRA DOS REIS;Rea��o tardia ou ineficiente do condutor;Colis�o transversal;Com V�timas Feridas;Anoitecer;Decrescente;C�u Claro;Simples;"Retorno Regulamentado;Interse��o de Vias";Sim;2;0;1;0;1;0;1;2;-23,00469;-44,297394;SPRF-RJ;DEL03-RJ;UOP03-DEL03-RJ;;;
706532;22/07/2025;ter�a-feira;15:00:00;MA;222;203;ITAPECURU MIRIM;Transitar na contram�o;Colis�o frontal;Com V�timas Fatais;Pleno dia;Decrescente;C�u Claro;Simples;"Declive;Reta";N�o;3;2;0;1;0;0;1;2;-3,42237666;-44,344535;SPRF-MA;DEL01-MA;UOP02-DEL01-MA;;;
706535;22/07/2025;ter�a-feira;12:40:00;SC;0;0;BALNEARIO CAMBORIU;Objeto est�tico sobre o leito carro��vel;Colis�o com objeto;Sem V�timas;Pleno dia;N�o Informado;Sol;Simples;"Reta;Interse��o de Vias";N�o;1;0;0;0;1;0;0;1;-27,02266971;-48,60898733;SPRF-SC;DEL04-SC;UOP03-DEL04-SC;;;
706536;22/07/2025;ter�a-feira;19:31:00;GO;40;3;VALPARAISO DE GOIAS;Faixas de tr�nsito com largura insuficiente;Colis�o traseira;Sem V�timas;Plena Noite;Decrescente;C�u Claro;Dupla;"Ponte;Reta";Sim;2;0;0;0;2;0;0;2;-16,07854084;-47,98607022;SPRF-DF;DEL01-DF;UOP01-DEL01-DF;;;
706538;22/07/2025;ter�a-feira;08:00:00;RJ;493;0;SAO GONCALO;Condutor deixou de manter dist�ncia do ve�culo da frente;Colis�o traseira;Com V�timas Feridas;Pleno dia;Decrescente;C�u Claro;Simples;Reta;Sim;2;0;1;0;0;1;1;2;-22,7934208;-43,0309376;SPRF-RJ;DEL02-RJ;UOP02-DEL02-RJ;;;
706539;22/07/2025;ter�a-feira;19:00:00;RS;285;550;SAO LUIZ GONZAGA;Rea��o tardia ou ineficiente do condutor;Sa�da de leito carro��vel;Com V�timas Feridas;Plena Noite;Crescente;C�u Claro;Simples;Reta;N�o;1;0;1;0;0;0;1;1;-28,415337;-54,775477;SPRF-RS;DEL10-RS;UOP01-DEL10-RS;;;
706540;22/07/2025;ter�a-feira;18:50:00;RJ;101;457;ANGRA DOS REIS;Pedestre andava na pista;Atropelamento de Pedestre;Com V�timas Feridas;Plena Noite;Decrescente;C�u Claro;Simples;Curva;N�o;2;0;2;0;0;0;2;2;-23,03466535;-44,18177001;SPRF-RJ;DEL03-RJ;UOP03-DEL03-RJ;;;
706541;22/07/2025;ter�a-feira;18:33:00;SC;282;0,9;FLORIANOPOLIS;Condutor deixou de manter dist�ncia do ve�culo da frente;Colis�o traseira;Com V�timas Feridas;Plena Noite;Crescente;C�u Claro;M�ltipla;Reta;Sim;2;0;1;0;1;0;1;2;-27,60137769;-48,57830135;SPRF-SC;DEL01-SC;UOP01-DEL01-SC;;;
706542;22/07/2025;ter�a-feira;18:30:00;PA;230;115;MARABA;Aus�ncia de rea��o do condutor;Colis�o traseira;Com V�timas Feridas;Anoitecer;Crescente;C�u Claro;Simples;Rotat�ria;Sim;2;0;1;0;1;0;1;2;-5,36136833;-49,07837486;SPRF-PA;DEL03-PA;UOP01-DEL03-PA;;;
706543;22/07/2025;ter�a-feira;18:15:00;BA;101;167,9;CONCEICAO DO JACUIPE;Acessar a via sem observar a presen�a dos outros ve�culos;Colis�o transversal;Com V�timas Fatais;Plena Noite;Decrescente;C�u Claro;Simples;Reta;Sim;2;1;0;0;1;0;0;2;-12,35909652;-38,83928895;SPRF-BA;DEL01-BA;UOP03-DEL01-BA;;;
706544;22/07/2025;ter�a-feira;18:20:00;PI;343;3,4;PARNAIBA;Desrespeitar a prefer�ncia no cruzamento;Colis�o frontal;Com V�timas Feridas;Anoitecer;Decrescente;C�u Claro;Simples;Curva;Sim;2;0;0;1;1;0;1;2;-2,90239334;-41,68410212;SPRF-PI;DEL05-PI;UOP01-DEL05-PI;;;
706548;22/07/2025;ter�a-feira;18:15:00;RJ;40;105;DUQUE DE CAXIAS;Aus�ncia de rea��o do condutor;Colis�o transversal;Com V�timas Feridas;Plena Noite;Crescente;C�u Claro;Simples;Interse��o de Vias;Sim;2;0;1;0;1;0;1;2;-22,63767635;-43,28448219;SPRF-RJ;DEL01-RJ;UOP02-DEL01-RJ;;;
706551;22/07/2025;ter�a-feira;19:34:00;SC;282;17,9;PALHOCA;Acessar a via sem observar a presen�a dos outros ve�culos;Colis�o transversal;Com V�timas Feridas;Plena Noite;Crescente;C�u Claro;Simples;Reta;N�o;3;0;1;1;1;0;2;2;-27,67257325;-48,69408846;SPRF-SC;DEL01-SC;UOP02-DEL01-SC;;;
706552;01/07/2025;ter�a-feira;18:45:00;BA;242;815;BARREIRAS;Condutor deixou de manter dist�ncia do ve�culo da frente;Colis�o traseira;Com V�timas Feridas;Plena Noite;Crescente;C�u Claro;Simples;Reta;N�o;2;0;2;0;0;0;2;2;-12,10339;-44,966605;SPRF-BA;DEL10-BA;UOP01-DEL10-BA;;;
706553;22/07/2025;ter�a-feira;19:57:00;PE;232;9;RECIFE;Demais falhas mec�nicas ou el�tricas;Inc�ndio;Sem V�timas;Plena Noite;Decrescente;C�u Claro;Dupla;"Reta;Viaduto";Sim;4;0;0;0;4;0;0;1;-8,07751599;-34,97666923;SPRF-PE;DEL01-PE;UOP01-DEL01-PE;;;
706554;22/07/2025;ter�a-feira;18:50:00;MT;364;269,9;JACIARA;Convers�o proibida;Colis�o frontal;Com V�timas Feridas;Plena Noite;Crescente;C�u Claro;Dupla;"Retorno Regulamentado;Reta;Aclive";N�o;5;0;0;2;3;0;2;2;-15,968661;-54,943843;SPRF-MT;DEL02-MT;UOP01-DEL02-MT;;;
706555;22/07/2025;ter�a-feira;19:32:00;TO;10;475;PALMAS;Aus�ncia de rea��o do condutor;Atropelamento de Pedestre;Com V�timas Feridas;Plena Noite;Crescente;C�u Claro;Simples;Reta;Sim;2;0;1;0;0;1;1;2;-10,23646135;-48,22125197;SPRF-TO;DEL01-TO;UOP03-DEL01-TO;;;
706556;22/07/2025;ter�a-feira;17:45:00;RJ;40;123;DUQUE DE CAXIAS;Rea��o tardia ou ineficiente do condutor;Queda de ocupante de ve�culo;Com V�timas Feridas;Anoitecer;Decrescente;Nublado;M�ltipla;Reta;Sim;1;0;1;0;0;0;1;1;-22,80620238;-43,28938041;SPRF-RJ;DEL01-RJ;UOP02-DEL01-RJ;;;
706559;22/07/2025;ter�a-feira;19:40:00;RJ;116;127;MAGE;Avarias e/ou desgaste excessivo no pneu;Queda de ocupante de ve�culo;Com V�timas Feridas;Plena Noite;Decrescente;Nublado;Dupla;Reta;N�o;4;0;0;3;1;0;3;3;-22,6602744;-43,09215546;SPRF-RJ;DEL04-RJ;UOP02-DEL04-RJ;;;
706560;22/07/2025;ter�a-feira;16:30:00;SE;101;93;NOSSA SENHORA DO SOCORRO;Animais na Pista;Atropelamento de Animal;Com V�timas Feridas;Pleno dia;Decrescente;C�u Claro;Dupla;Reta;N�o;1;0;1;0;0;0;1;1;-10,90238269;-37,14529037;SPRF-SE;DEL01-SE;UOP01-DEL01-SE;;;
706562;22/07/2025;ter�a-feira;19:00:00;BA;116;348;SERRINHA;Transitar na contram�o;Colis�o frontal;Com V�timas Feridas;Plena Noite;Crescente;C�u Claro;Simples;Reta;Sim;3;0;0;1;2;0;1;2;-11,62000587;-38,98265022;SPRF-BA;DEL02-BA;UOP01-DEL02-BA;;;
706563;22/07/2025;ter�a-feira;18:40:00;MT;70;5,2;BARRA DO GARCAS;Condutor deixou de manter dist�ncia do ve�culo da frente;Queda de ocupante de ve�culo;Com V�timas Feridas;Anoitecer;Crescente;C�u Claro;Simples;Reta;Sim;1;0;1;0;0;0;1;1;-15,877948;-52,2984;SPRF-MT;DEL07-MT;UOP01-DEL07-MT;;;
706564;22/07/2025;ter�a-feira;19:45:00;PI;343;326,2;TERESINA;Transitar na contram�o;Colis�o frontal;Com V�timas Feridas;Plena Noite;Decrescente;C�u Claro;Simples;Reta;N�o;2;0;0;1;1;0;1;2;-5,069978;-42,618512;SPRF-PI;DEL01-PI;UOP01-DEL01-PI;;;
706565;22/07/2025;ter�a-feira;18:00:00;MG;116;525,2;CARATINGA;Acessar a via sem observar a presen�a dos outros ve�culos;Colis�o frontal;Com V�timas Feridas;Anoitecer;Crescente;C�u Claro;Simples;Reta;Sim;2;0;1;0;1;0;1;2;-19,77462124;-42,13243783;SPRF-MG;DEL06-MG;UOP02-DEL06-MG;;;
706567;22/07/2025;ter�a-feira;19:00:00;RN;226;322;MESSIAS TARGINO;Aus�ncia de rea��o do condutor;Sa�da de leito carro��vel;Com V�timas Feridas;Plena Noite;Crescente;Ignorado;Simples;Curva;Sim;4;0;2;1;1;0;3;1;-6,07366676;-37,50771046;SPRF-RN;DEL04-RN;UOP01-DEL04-RN;;;
706568;22/07/2025;ter�a-feira;20:05:00;SC;470;144,6;RIO DO SUL;Rea��o tardia ou ineficiente do condutor;Sa�da de leito carro��vel;Com V�timas Feridas;Plena Noite;Crescente;C�u Claro;Simples;Reta;Sim;2;0;0;2;0;0;2;1;-27,229755;-49,669098;SPRF-SC;DEL04-SC;UOP02-DEL04-SC;;;
706569;22/07/2025;ter�a-feira;18:45:00;PR;376;40,1;NOVA LONDRINA;Ultrapassagem Indevida;Colis�o frontal;Com V�timas Fatais;Plena Noite;Decrescente;C�u Claro;Simples;Reta;N�o;3;1;0;2;0;0;2;2;-22,82618;-53,003033;SPRF-PR;DEL09-PR;UOP02-DEL09-PR;;;
706570;22/07/2025;ter�a-feira;18:42:00;PI;230;306;FLORIANO;Aus�ncia de rea��o do condutor;Colis�o lateral sentido oposto;Com V�timas Feridas;Plena Noite;Crescente;C�u Claro;Simples;Reta;Sim;3;0;3;0;0;0;3;2;-6,78918552;-42,98983455;SPRF-PI;DEL03-PI;UOP01-DEL03-PI;;;
706572;22/07/2025;ter�a-feira;20:33:00;GO;60;23;ALEXANIA;Ingest�o de �lcool pelo condutor;Colis�o transversal;Sem V�timas;Plena Noite;Crescente;C�u Claro;Dupla;Reta;N�o;1;0;0;0;1;0;0;1;-16,10226945;-48,45666945;SPRF-DF;DEL03-DF;UOP01-DEL03-DF;;;
706574;22/07/2025;ter�a-feira;21:30:00;SP;381;50;ATIBAIA;Acesso irregular;Colis�o frontal;Com V�timas Feridas;Anoitecer;Decrescente;C�u Claro;Dupla;Interse��o de Vias;Sim;4;0;0;1;1;2;1;3;-23,2155047;-46,5939589;SPRF-SP;DEL03-SP;UOP01-DEL03-SP;;;
706575;22/07/2025;ter�a-feira;20:20:00;PR;376;4;MARINGA;Demais falhas mec�nicas ou el�tricas;Inc�ndio;Sem V�timas;Plena Noite;Crescente;C�u Claro;Dupla;Curva;Sim;1;0;0;0;1;0;0;1;-23,37996;-51,95695;SPRF-PR;DEL09-PR;UOP01-DEL09-PR;;;
706576;22/07/2025;ter�a-feira;21:00:00;SC;101;199,7;SAO JOSE;Demais falhas mec�nicas ou el�tricas;Colis�o com objeto;Sem V�timas;Plena Noite;Decrescente;C�u Claro;Dupla;"Aclive;Curva";Sim;1;0;0;0;1;0;0;1;-27,538311;-48,624613;SPRF-SC;DEL01-SC;UOP01-DEL01-SC;;;
706579;22/07/2025;ter�a-feira;20:05:00;MG;116;176,4;PADRE PARAISO;Aus�ncia de rea��o do condutor;Sa�da de leito carro��vel;Com V�timas Feridas;Plena Noite;Decrescente;C�u Claro;Simples;Curva;N�o;1;0;1;0;0;0;1;1;-17,065318;-41,468703;SPRF-MG;DEL11-MG;UOP02-DEL11-MG;;;
706581;18/07/2025;sexta-feira;19:40:00;SC;101;204;SAO JOSE;Condutor deixou de manter dist�ncia do ve�culo da frente;Colis�o traseira;Com V�timas Feridas;Plena Noite;Decrescente;C�u Claro;Dupla;Reta;Sim;2;0;1;0;1;0;1;2;-27,58207;-48,61493;SPRF-SC;DEL01-SC;UOP01-DEL01-SC;;;