id;data_inversa;dia_semana;horario;uf;br;km;municipio;causa_acidente;tipo_acidente;classificacao_acidente;fase_dia;sentido_via;condicao_metereologica;tipo_pista;tracado_via;uso_solo;pessoas;mortos;feridos_leves;feridos_graves;ilesos;ignorados;feridos;veiculos;latitude;longitude;regional;delegacia;uop;;;
706582;22/07/2025;ter�a-feira;18:00:00;MT;163;830;SINOP;Condutor deixou de manter dist�ncia do ve�culo da frente;Colis�o traseira;Com V�timas Feridas;Plena Noite;Decrescente;C�u Claro;Dupla;Reta;Sim;3;0;1;1;1;0;2;3;-11,9009;-55,50567;SPRF-MT;DEL06-MT;UOP02-DEL06-MT;;;
706585;22/07/2025;ter�a-feira;21:40:00;MS;163;87,6;ITAQUIRAI;Velocidade Incompat�vel;Colis�o com objeto;Com V�timas Feridas;Plena Noite;Crescente;C�u Claro;Simples;"Declive;Reta;Ponte";N�o;2;0;2;0;0;0;2;1;-23,390973;-54,211087;SPRF-MS;DEL09-MS;UOP01-DEL09-MS;;;
706586;22/07/2025;ter�a-feira;21:00:00;MG;50;12,7;UBERLANDIA;Aus�ncia de rea��o do condutor;Sa�da de leito carro��vel;Com V�timas Feridas;Plena Noite;Crescente;C�u Claro;Simples;Rotat�ria;N�o;1;0;1;0;0;0;1;1;-18,90142362;-48,18695482;SPRF-MG;DEL15-MG;UOP01-DEL15-MG;;;
706589;22/07/2025;ter�a-feira;22:10:00;PI;316;10,9;TERESINA;Desrespeitar a prefer�ncia no cruzamento;Colis�o transversal;Com V�timas Feridas;Plena Noite;Crescente;C�u Claro;Dupla;Rotat�ria;Sim;3;0;2;0;0;1;2;2;-5,19089205;-42,76128173;SPRF-PI;DEL01-PI;UOP02-DEL01-PI;;;
706590;22/07/2025;ter�a-feira;23:40:00;SC;101;164,5;TIJUCAS;Rea��o tardia ou ineficiente do condutor;Tombamento;Com V�timas Feridas;Plena Noite;Crescente;C�u Claro;Simples;Interse��o de Vias;N�o;1;0;1;0;0;0;1;1;-27,23997867;-48,63063812;SPRF-SC;DEL04-SC;UOP03-DEL04-SC;;;
706591;23/06/2025;segunda-feira;13:12:00;PA;163;310;NOVO PROGRESSO;Convers�o proibida;Colis�o frontal;Com V�timas Feridas;Pleno dia;Crescente;C�u Claro;Simples;Reta;Sim;2;0;1;0;1;0;1;2;-7,052089;-55,409928;SPRF-PA;DEL05-PA;UOP03-DEL05-PA;;;
706592;22/07/2025;ter�a-feira;22:30:00;MG;365;3,2;MONTES CLAROS;Ingest�o de �lcool pelo condutor;Sa�da de leito carro��vel;Com V�timas Feridas;Plena Noite;Crescente;C�u Claro;Simples;Reta;N�o;2;0;1;1;0;0;2;1;-16,791;-43,895;SPRF-MG;DEL12-MG;UOP01-DEL12-MG;;;
706595;23/07/2025;quarta-feira;00:10:00;MG;262;359,9;JUATUBA;Rea��o tardia ou ineficiente do condutor;Colis�o traseira;Com V�timas Feridas;Plena Noite;Crescente;C�u Claro;Dupla;Reta;Sim;2;0;0;1;1;0;1;2;-19,972559;-44,31103;SPRF-MG;DEL01-MG;UOP03-DEL01-MG;;;
706596;22/07/2025;ter�a-feira;23:00:00;MS;163;501,7;JARAGUARI;Animais na Pista;Atropelamento de Animal;Sem V�timas;Plena Noite;Crescente;C�u Claro;Simples;"Reta;Aclive";N�o;3;0;0;0;3;0;0;1;-20,30530622;-54,50687377;SPRF-MS;DEL01-MS;UOP02-DEL01-MS;;;
706597;23/07/2025;quarta-feira;00:10:00;SC;280;18,6;BALNEARIO BARRA DO SUL;Rea��o tardia ou ineficiente do condutor;Capotamento;Com V�timas Feridas;Plena Noite;Decrescente;Nublado;Simples;Curva;Sim;1;0;1;0;0;0;1;1;-26,36898;-48,66983;SPRF-SC;DEL03-SC;UOP03-DEL03-SC;;;
706600;23/07/2025;quarta-feira;00:03:00;TO;153;569,9;FATIMA;Rea��o tardia ou ineficiente do condutor;Sa�da de leito carro��vel;Com V�timas Feridas;Plena Noite;Decrescente;C�u Claro;Simples;Reta;N�o;4;0;1;0;3;0;1;1;-10,825611;-48,90368;SPRF-TO;DEL01-TO;UOP01-DEL01-TO;;;
706602;22/07/2025;ter�a-feira;23:40:00;MG;381;448,8;BELO HORIZONTE;Retorno proibido;Colis�o transversal;Com V�timas Feridas;Plena Noite;Crescente;C�u Claro;Simples;"Aclive;Reta";N�o;2;0;0;1;1;0;1;2;-19,83435;-43,85963;SPRF-MG;DEL01-MG;UOP01-DEL01-MG;;;
706603;18/07/2025;sexta-feira;18:25:00;BA;324;611;SIMOES FILHO;Trafegar com motocicleta (ou similar) entre as faixas;Colis�o lateral mesmo sentido;Com V�timas Feridas;Plena Noite;Crescente;C�u Claro;Dupla;Reta;Sim;2;0;0;1;1;0;1;2;-12,8467139;-38,4180002;SPRF-BA;DEL01-BA;UOP01-DEL01-BA;;;
706605;23/07/2025;quarta-feira;03:20:00;SE;101;100;SAO CRISTOVAO;Ingest�o de �lcool pelo condutor;Colis�o com objeto;Com V�timas Feridas;Plena Noite;Crescente;Chuva;Dupla;"Reta;Declive";N�o;1;0;0;1;0;0;1;1;-10,9453333;-37,204235;SPRF-SE;DEL02-SE;UOP01-DEL02-SE;;;
706607;23/07/2025;quarta-feira;04:00:00;MG;50;76;UBERLANDIA;Pedestre cruzava a pista fora da faixa;Atropelamento de Pedestre;Com V�timas Fatais;Plena Noite;Decrescente;C�u Claro;Dupla;Reta;Sim;2;1;0;0;1;0;0;2;-18,91938965;-48,22241664;SPRF-MG;DEL15-MG;UOP01-DEL15-MG;;;
706608;23/07/2025;quarta-feira;04:15:00;MG;153;118;PRATA;Transitar na contram�o;Colis�o frontal;Com V�timas Feridas;Plena Noite;Crescente;C�u Claro;Simples;"Reta;Aclive";N�o;6;0;3;2;0;1;5;3;-19,38558051;-48,89759948;SPRF-MG;DEL15-MG;UOP03-DEL15-MG;;;
706610;23/07/2025;quarta-feira;05:31:00;PE;101;66;RECIFE;Pedestre cruzava a pista fora da faixa;Tombamento;Com V�timas Fatais;Pleno dia;Decrescente;Garoa/Chuvisco;M�ltipla;Reta;Sim;3;1;2;0;0;0;2;2;-8,03456;-34,941702;SPRF-PE;DEL01-PE;UOP01-DEL01-PE;;;
706612;23/07/2025;quarta-feira;05:15:00;PA;316;30;SANTA IZABEL DO PARA;Aus�ncia de rea��o do condutor;Sa�da de leito carro��vel;Com V�timas Fatais;Amanhecer;Crescente;C�u Claro;Dupla;Curva;N�o;1;1;0;0;0;0;0;1;-1,3003195;-48,1934059;SPRF-PA;DEL01-PA;UOP01-DEL01-PA;;;
706613;23/07/2025;quarta-feira;05:55:00;MG;50;69;UBERLANDIA;Aus�ncia de rea��o do condutor;Tombamento;Com V�timas Feridas;Amanhecer;Decrescente;C�u Claro;Simples;Curva;N�o;1;0;1;0;0;0;1;1;-18,88476153;-48,26498363;SPRF-MG;DEL15-MG;UOP01-DEL15-MG;;;
706614;23/07/2025;quarta-feira;06:40:00;SC;101;211,1;PALHOCA;Rea��o tardia ou ineficiente do condutor;Colis�o traseira;Com V�timas Feridas;Pleno dia;Decrescente;Nublado;M�ltipla;Reta;Sim;2;0;1;0;1;0;1;2;-27,624173;-48,653037;SPRF-SC;DEL01-SC;UOP02-DEL01-SC;;;
706615;23/07/2025;quarta-feira;06:04:00;PE;232;16;JABOATAO DOS GUARARAPES;Condutor Dormindo;Sa�da de leito carro��vel;Sem V�timas;Amanhecer;Decrescente;Chuva;Dupla;Reta;N�o;1;0;0;0;0;1;0;1;-8,0964838;-35,0475923;SPRF-PE;DEL01-PE;UOP01-DEL01-PE;;;
706616;23/07/2025;quarta-feira;06:45:00;PB;230;23,9;JOAO PESSOA;Rea��o tardia ou ineficiente do condutor;Queda de ocupante de ve�culo;Com V�timas Feridas;Pleno dia;Decrescente;Nublado;Dupla;"Viaduto;Reta";Sim;2;0;1;0;1;0;1;1;-7,16531;-34,862667;SPRF-PB;DEL01-PB;UOP01-DEL01-PB;;;
706617;23/07/2025;quarta-feira;06:30:00;MG;381;480;CONTAGEM;Condutor deixou de manter dist�ncia do ve�culo da frente;Colis�o traseira;Com V�timas Feridas;Amanhecer;Crescente;C�u Claro;M�ltipla;Reta;Sim;2;0;1;0;1;0;1;2;-19,961378;-44,051001;SPRF-MG;DEL01-MG;UOP03-DEL01-MG;;;
706618;22/07/2025;ter�a-feira;14:30:00;SC;470;80,2;RODEIO;Condutor Dormindo;Sa�da de leito carro��vel;Com V�timas Feridas;Pleno dia;Crescente;C�u Claro;Simples;Curva;Sim;1;0;1;0;0;0;1;1;-26,94822488;-49,31879489;SPRF-SC;DEL04-SC;UOP01-DEL04-SC;;;
706619;23/07/2025;quarta-feira;06:40:00;SP;381;49;ATIBAIA;Aus�ncia de rea��o do condutor;Colis�o com objeto;Com V�timas Feridas;Pleno dia;Decrescente;C�u Claro;Simples;"Reta;Aclive";N�o;1;0;1;0;0;0;1;1;-23,2093369;-46,5917117;SPRF-SP;DEL03-SP;UOP01-DEL03-SP;;;
706620;23/07/2025;quarta-feira;06:30:00;PB;101;111;ALHANDRA;Ingest�o de �lcool pelo condutor;Colis�o transversal;Com V�timas Feridas;Pleno dia;Crescente;C�u Claro;Dupla;"Reta;Retorno Regulamentado";N�o;5;0;1;0;3;1;1;2;-7,35982261;-34,95141816;SPRF-PB;DEL01-PB;UOP01-DEL01-PB;;;
706622;23/07/2025;quarta-feira;06:40:00;RS;101;71;OSORIO;Pedestre cruzava a pista fora da faixa;Atropelamento de Pedestre;Com V�timas Feridas;Amanhecer;Decrescente;Nevoeiro/Neblina;Dupla;Curva;Sim;2;0;0;1;1;0;1;2;-29,7637259;-50,21768229;SPRF-RS;DEL03-RS;UOP01-DEL03-RS;;;
706623;22/07/2025;ter�a-feira;15:30:00;RJ;101;386;ITAGUAI;Acumulo de areia ou detritos sobre o pavimento;Queda de ocupante de ve�culo;Com V�timas Feridas;Pleno dia;Decrescente;Nublado;M�ltipla;Retorno Regulamentado;Sim;1;0;1;0;0;0;1;1;-22,8589342;-43,7591329;SPRF-RJ;DEL03-RJ;UOP01-DEL03-RJ;;;
706624;23/07/2025;quarta-feira;01:10:00;MA;135;340,5;PRESIDENTE DUTRA;Transitar na contram�o;Colis�o frontal;Com V�timas Feridas;Plena Noite;Decrescente;C�u Claro;Dupla;Reta;Sim;2;0;0;1;0;1;1;2;-5,291955;-44,492932;SPRF-MA;DEL06-MA;UOP01-DEL06-MA;;;
706625;23/07/2025;quarta-feira;05:30:00;MT;163;905;CLAUDIA;Transitar na contram�o;Colis�o frontal;Com V�timas Fatais;Amanhecer;Crescente;C�u Claro;Simples;Aclive;N�o;5;1;1;2;1;0;3;2;-11,31578739;-55,32440186;SPRF-MT;DEL06-MT;UOP02-DEL06-MT;;;
706630;23/07/2025;quarta-feira;07:05:00;BA;324;616;SIMOES FILHO;Trafegar com motocicleta (ou similar) entre as faixas;Colis�o lateral mesmo sentido;Com V�timas Feridas;Pleno dia;Decrescente;C�u Claro;Dupla;Reta;Sim;2;0;1;0;1;0;1;2;-12,89246922;-38,44665527;SPRF-BA;DEL01-BA;UOP01-DEL01-BA;;;
706633;23/07/2025;quarta-feira;07:40:00;ES;101;290,3;CARIACICA;Avarias e/ou desgaste excessivo no pneu;Tombamento;Com V�timas Feridas;Pleno dia;Crescente;C�u Claro;Dupla;Reta;Sim;2;0;2;0;0;0;2;1;-20,29406848;-40,39324936;SPRF-ES;DEL01-ES;UOP01-DEL01-ES;;;
706635;23/07/2025;quarta-feira;06:45:00;DF;20;52,1;BRASILIA;Aus�ncia de rea��o do condutor;Sa�da de leito carro��vel;Com V�timas Feridas;Pleno dia;Crescente;C�u Claro;Dupla;"Declive;Rotat�ria";N�o;2;0;2;0;0;0;2;1;-15,580095;-47,404063;SPRF-DF;DEL02-DF;UOP01-DEL02-DF;;;
706638;22/07/2025;ter�a-feira;21:30:00;MS;163;75,9;ITAQUIRAI;Entrada inopinada do pedestre;Eventos at�picos;Com V�timas Feridas;Plena Noite;Crescente;C�u Claro;Simples;Reta;Sim;2;0;0;1;1;0;1;2;-23,49355984;-54,18557731;SPRF-MS;DEL09-MS;UOP01-DEL09-MS;;;
706639;23/07/2025;quarta-feira;07:55:00;MG;262;38,4;MANHUACU;Convers�o proibida;Colis�o lateral mesmo sentido;Com V�timas Feridas;Pleno dia;Crescente;C�u Claro;Simples;Reta;Sim;2;0;1;0;1;0;1;2;-20,273787;-42,049486;SPRF-MG;DEL06-MG;UOP03-DEL06-MG;;;
706643;23/07/2025;quarta-feira;09:20:00;SC;101;216,2;PALHOCA;Manobra de mudan�a de faixa;Colis�o lateral mesmo sentido;Com V�timas Feridas;Pleno dia;Decrescente;Nublado;M�ltipla;Reta;Sim;3;0;2;0;1;0;2;2;-27,6618877;-48,67626635;SPRF-SC;DEL01-SC;UOP02-DEL01-SC;;;
706644;23/07/2025;quarta-feira;06:39:00;AC;364;119;RIO BRANCO;Acessar a via sem observar a presen�a dos outros ve�culos;Colis�o lateral mesmo sentido;Com V�timas Feridas;Pleno dia;Decrescente;C�u Claro;Simples;"Reta;Interse��o de Vias";Sim;2;0;1;0;1;0;1;2;-10,01231474;-67,75292186;SPRF-AC;DEL01-AC;UOP01-DEL01-AC;;;
706645;18/05/2025;domingo;09:30:00;MG;267;26,3;ARGIRITA;Rea��o tardia ou ineficiente do condutor;Colis�o transversal;Com V�timas Feridas;Pleno dia;Decrescente;C�u Claro;Simples;Interse��o de Vias;N�o;2;0;0;1;1;0;1;2;-21,62641364;-42,82839775;SPRF-MG;DEL07-MG;UOP01-DEL07-MG;;;
706647;23/07/2025;quarta-feira;07:20:00;PI;343;531,6;AMARANTE;Transitar na contram�o;Colis�o traseira;Com V�timas Fatais;Pleno dia;Crescente;C�u Claro;Simples;"Reta;Declive";N�o;2;1;0;0;1;0;0;2;-6,4635453;-42,7989506;SPRF-PI;DEL03-PI;UOP01-DEL03-PI;;;
706649;23/07/2025;quarta-feira;09:38:00;PB;230;19,5;JOAO PESSOA;Acessar a via sem observar a presen�a dos outros ve�culos;Colis�o traseira;Com V�timas Feridas;Pleno dia;Crescente;Garoa/Chuvisco;Dupla;Reta;Sim;4;0;1;0;3;0;1;2;-7,131885;-34,853028;SPRF-PB;DEL01-PB;UOP01-DEL01-PB;;;
706651;23/07/2025;quarta-feira;09:30:00;MG;40;522;CONTAGEM;Velocidade Incompat�vel;Colis�o traseira;Com V�timas Feridas;Pleno dia;Crescente;C�u Claro;Dupla;Reta;Sim;3;0;0;1;1;1;1;3;-19,865301;-44,06621;SPRF-MG;DEL01-MG;UOP02-DEL01-MG;;;
706652;23/07/2025;quarta-feira;09:35:00;RS;101;6;MAQUINE;Acessar a via sem observar a presen�a dos outros ve�culos;Colis�o frontal;Com V�timas Feridas;Pleno dia;Decrescente;C�u Claro;Simples;Interse��o de Vias;N�o;2;0;1;0;1;0;1;2;-29,72204918;-50,19824689;SPRF-RS;DEL03-RS;UOP01-DEL03-RS;;;
706654;23/07/2025;quarta-feira;09:44:00;SP;381;65;MAIRIPORA;Aus�ncia de rea��o do condutor;Colis�o com objeto;Com V�timas Feridas;Pleno dia;Decrescente;C�u Claro;Dupla;Reta;N�o;2;0;1;0;1;0;1;1;-23,32342437;-46,58053491;SPRF-SP;DEL03-SP;UOP01-DEL03-SP;;;
706655;19/07/2025;s�bado;21:00:00;SP;101;52;UBATUBA;Acessar a via sem observar a presen�a dos outros ve�culos;Colis�o transversal;Com V�timas Feridas;Plena Noite;Decrescente;C�u Claro;Simples;Rotat�ria;Sim;6;0;1;0;5;0;1;2;-23,46254218;-45,06428216;SPRF-SP;DEL06-SP;UOP01-DEL06-SP;;;
706657;23/07/2025;quarta-feira;08:15:00;SC;101;128;CAMBORIU;Avarias e/ou desgaste excessivo no pneu;Tombamento;Com V�timas Feridas;Pleno dia;Crescente;Nublado;Dupla;Reta;Sim;1;0;1;0;0;0;1;1;-26,97501577;-48,68268625;SPRF-SC;DEL04-SC;UOP04-DEL04-SC;;;
706658;23/07/2025;quarta-feira;09:50:00;PE;424;20;PEDRA;Rea��o tardia ou ineficiente do condutor;Colis�o traseira;Sem V�timas;Pleno dia;Crescente;Chuva;Simples;Reta;N�o;3;0;0;0;3;0;0;2;-8,512437;-36,92775;SPRF-PE;DEL04-PE;UOP02-DEL04-PE;;;
706659;23/07/2025;quarta-feira;09:50:00;BA;367;84;EUNAPOLIS;Transitar na contram�o;Colis�o transversal;Com V�timas Feridas;Pleno dia;Crescente;C�u Claro;Simples;Reta;Sim;3;0;0;1;2;0;1;2;-16,37449974;-39,57856715;SPRF-BA;DEL09-BA;UOP03-DEL09-BA;;;
706660;23/07/2025;quarta-feira;09:40:00;DF;70;15,6;BRASILIA;Acessar a via sem observar a presen�a dos outros ve�culos;Colis�o transversal;Com V�timas Feridas;Pleno dia;Decrescente;C�u Claro;Dupla;"Interse��o de Vias;Rotat�ria";Sim;2;0;1;0;1;0;1;2;-15,796122;-48,19532;SPRF-DF;DEL03-DF;UOP02-DEL03-DF;;;
706662;11/06/2025;quarta-feira;21:41:00;PA;163;309;NOVO PROGRESSO;Rea��o tardia ou ineficiente do condutor;Queda de ocupante de ve�culo;Sem V�timas;Plena Noite;Crescente;Ignorado;Simples;Ponte;Sim;1;0;0;0;0;1;0;1;-7,04864733;-55,41151911;SPRF-PA;DEL05-PA;UOP03-DEL05-PA;;;
706663;23/07/2025;quarta-feira;10:00:00;PR;376;169,3;MARINGA;Rea��o tardia ou ineficiente do condutor;Colis�o traseira;Com V�timas Feridas;Pleno dia;Crescente;Sol;Dupla;"Reta;Declive";N�o;2;0;0;1;1;0;1;2;-23,401656;-51,998636;SPRF-PR;DEL09-PR;UOP01-DEL09-PR;;;
706664;23/07/2025;quarta-feira;07:29:00;AC;364;136;RIO BRANCO;Manobra de mudan�a de faixa;Colis�o traseira;Com V�timas Feridas;Pleno dia;Crescente;C�u Claro;Dupla;Rotat�ria;Sim;3;0;2;0;1;0;2;2;-9,9772982;-67,84887526;SPRF-AC;DEL01-AC;UOP01-DEL01-AC;;;
706667;23/07/2025;quarta-feira;11:05:00;RJ;116;181;NOVA IGUACU;Trafegar com motocicleta (ou similar) entre as faixas;Tombamento;Com V�timas Feridas;Pleno dia;Crescente;C�u Claro;Dupla;Reta;N�o;1;0;1;0;0;0;1;1;-22,76227044;-43,42178218;SPRF-RJ;DEL06-RJ;UOP01-DEL06-RJ;;;
706668;23/07/2025;quarta-feira;11:10:00;SE;101;109,3;SAO CRISTOVAO;Aus�ncia de rea��o do condutor;Sa�da de leito carro��vel;Com V�timas Feridas;Pleno dia;Decrescente;Chuva;Dupla;Curva;Sim;2;0;1;0;1;0;1;1;-10,98206017;-37,28888512;SPRF-SE;DEL02-SE;UOP01-DEL02-SE;;;
706671;23/07/2025;quarta-feira;11:30:00;DF;60;16;BRASILIA;Condutor Dormindo;Sa�da de leito carro��vel;Com V�timas Feridas;Pleno dia;Decrescente;C�u Claro;Dupla;Reta;N�o;1;0;1;0;0;0;1;1;-15,954319;-48,174961;SPRF-DF;DEL03-DF;UOP01-DEL03-DF;;;
706672;23/07/2025;quarta-feira;09:00:00;MT;163;760;SORRISO;Rea��o tardia ou ineficiente do condutor;Colis�o traseira;Sem V�timas;Pleno dia;Crescente;Sol;Simples;Declive;N�o;3;0;0;0;3;0;0;2;-12,48894723;-55,68243206;SPRF-MT;DEL06-MT;UOP01-DEL06-MT;;;
706674;23/07/2025;quarta-feira;12:00:00;SC;101;200;BIGUACU;Condutor deixou de manter dist�ncia do ve�culo da frente;Colis�o traseira;Com V�timas Feridas;Pleno dia;Decrescente;Sol;M�ltipla;Reta;Sim;9;0;1;0;8;0;1;2;-27,4704378;-48,6411222;SPRF-SC;DEL01-SC;UOP01-DEL01-SC;;;
706675;15/07/2025;ter�a-feira;05:30:00;MG;262;348;BETIM;Velocidade Incompat�vel;Tombamento;Com V�timas Feridas;Pleno dia;Crescente;C�u Claro;Dupla;Reta;N�o;1;0;1;0;0;0;1;1;-19,98437425;-44,20688001;SPRF-MG;DEL01-MG;UOP03-DEL01-MG;;;
706676;23/07/2025;quarta-feira;11:40:00;PR;116;103,9;SAO JOSE DOS PINHAIS;Rea��o tardia ou ineficiente do condutor;Colis�o traseira;Com V�timas Feridas;Pleno dia;Crescente;C�u Claro;Dupla;Reta;Sim;2;0;1;0;1;0;1;2;-25,57137668;-49,19666855;SPRF-PR;DEL01-PR;UOP07-DEL01-PR;;;
706678;23/07/2025;quarta-feira;10:00:00;MT;70;730;CACERES;Acessar a via sem observar a presen�a dos outros ve�culos;Colis�o transversal;Com V�timas Feridas;Pleno dia;Decrescente;C�u Claro;Simples;Reta;N�o;2;0;2;0;0;0;2;2;-16,104185;-57,677261;SPRF-MT;DEL03-MT;UOP01-DEL03-MT;;;
706681;23/07/2025;quarta-feira;12:20:00;SC;101;148;ITAPEMA;Rea��o tardia ou ineficiente do condutor;Colis�o traseira;Com V�timas Feridas;Pleno dia;Crescente;C�u Claro;Simples;Retorno Regulamentado;Sim;2;0;1;0;1;0;1;2;-27,0659471;-48,5955684;SPRF-SC;DEL04-SC;UOP03-DEL04-SC;;;
706682;23/07/2025;quarta-feira;11:35:00;TO;153;346,8;GUARAI;Ultrapassagem Indevida;Capotamento;Com V�timas Feridas;Pleno dia;Decrescente;C�u Claro;Simples;Reta;N�o;2;0;2;0;0;0;2;1;-8,94787049;-48,50167573;SPRF-TO;DEL02-TO;UOP02-DEL02-TO;;;
706683;23/07/2025;quarta-feira;12:15:00;TO;10;453;PALMAS;Acessar a via sem observar a presen�a dos outros ve�culos;Colis�o traseira;Com V�timas Feridas;Pleno dia;Decrescente;C�u Claro;M�ltipla;Rotat�ria;Sim;3;0;2;0;1;0;2;2;-10,328138;-48,298042;SPRF-TO;DEL01-TO;UOP03-DEL01-TO;;;
706685;23/07/2025;quarta-feira;11:40:00;SC;470;130;LONTRAS;Aus�ncia de rea��o do condutor;Colis�o traseira;Com V�timas Feridas;Pleno dia;Decrescente;C�u Claro;Simples;"Em Obras;Declive;Reta";Sim;4;0;1;0;3;0;1;2;-27,15949608;-49,55653064;SPRF-SC;DEL04-SC;UOP02-DEL04-SC;;;
706686;23/07/2025;quarta-feira;12:30:00;SC;280;23,5;ARAQUARI;Acessar a via sem observar a presen�a dos outros ve�culos;Colis�o transversal;Com V�timas Feridas;Pleno dia;Crescente;C�u Claro;Simples;Reta;Sim;2;0;1;0;1;0;1;2;-26,375832;-48,717422;SPRF-SC;DEL03-SC;UOP03-DEL03-SC;;;
706689;23/07/2025;quarta-feira;13:10:00;SP;116;217;GUARULHOS;Transitar no Acostamento;Colis�o traseira;Com V�timas Feridas;Pleno dia;Crescente;Sol;M�ltipla;Reta;Sim;2;0;1;0;1;0;1;2;-23,45436176;-46,47243364;SPRF-SP;DEL01-SP;UOP01-DEL01-SP;;;
706690;23/07/2025;quarta-feira;13:10:00;SP;116;224;GUARULHOS;Rea��o tardia ou ineficiente do condutor;Colis�o com objeto;Com V�timas Feridas;Pleno dia;Crescente;Sol;M�ltipla;Reta;Sim;1;0;1;0;0;0;1;1;-23,48550339;-46,54058646;SPRF-SP;DEL01-SP;UOP01-DEL01-SP;;;
706693;23/07/2025;quarta-feira;13:45:00;RS;158;324,7;SANTA MARIA;Ultrapassagem Indevida;Colis�o lateral mesmo sentido;Com V�timas Feridas;Pleno dia;Decrescente;Nublado;Dupla;Reta;Sim;3;0;1;0;2;0;1;3;-29,70261966;-53,79374027;SPRF-RS;DEL09-RS;UOP01-DEL09-RS;;;
706694;23/07/2025;quarta-feira;12:10:00;CE;222;312;TIANGUA;Acessar a via sem observar a presen�a dos outros ve�culos;Atropelamento de Pedestre;Com V�timas Feridas;Pleno dia;Crescente;C�u Claro;M�ltipla;Reta;Sim;2;0;0;1;1;0;1;2;-3,722988;-40,996286;SPRF-CE;DEL04-CE;UOP02-DEL04-CE;;;
706695;23/07/2025;quarta-feira;14:30:00;SC;101;217,8;PALHOCA;Manobra de mudan�a de faixa;Colis�o lateral mesmo sentido;Com V�timas Feridas;Pleno dia;Decrescente;C�u Claro;Dupla;Reta;N�o;2;0;2;0;0;0;2;2;-27,67622612;-48,67017237;SPRF-SC;DEL01-SC;UOP02-DEL01-SC;;;
706696;13/06/2025;sexta-feira;18:50:00;SC;282;559,8;NOVA ITABERABA;Acessar a via sem observar a presen�a dos outros ve�culos;Colis�o lateral sentido oposto;Com V�timas Feridas;Plena Noite;Decrescente;C�u Claro;Simples;Reta;N�o;5;0;4;1;0;0;5;2;-26,927185;-52,846452;SPRF-SC;DEL07-SC;UOP01-DEL07-SC;;;
706702;23/07/2025;quarta-feira;14:30:00;PR;277;650;MATELANDIA;Frear bruscamente;Colis�o transversal;Com V�timas Feridas;Pleno dia;Crescente;C�u Claro;Simples;Reta;Sim;3;0;1;0;2;0;1;3;-25,1950878;-53,9415172;SPRF-PR;DEL05-PR;UOP02-DEL05-PR;;;
706704;23/07/2025;quarta-feira;11:30:00;RO;425;51;NOVA MAMORE;Problema com o freio;Queda de ocupante de ve�culo;Com V�timas Feridas;Pleno dia;Decrescente;C�u Claro;Simples;"Em Obras;Reta";N�o;2;0;1;0;1;0;1;1;-10,15559758;-65,2941227;SPRF-RO;DEL01-RO;UOP03-DEL01-RO;;;
706706;23/07/2025;quarta-feira;15:25:00;RS;290;1;URUGUAIANA;Transitar na contram�o;Colis�o frontal;Sem V�timas;Pleno dia;Crescente;C�u Claro;Simples;"Declive;Curva;Rotat�ria";Sim;3;0;0;0;3;0;0;2;-29,77359771;-57,05194509;SPRF-RS;DEL13-RS;UOP01-DEL13-RS;;;
706708;21/07/2025;segunda-feira;22:00:00;SC;101;138;BALNEARIO CAMBORIU;Rea��o tardia ou ineficiente do condutor;Tombamento;Com V�timas Feridas;Plena Noite;Crescente;C�u Claro;Dupla;Reta;Sim;2;0;2;0;0;0;2;1;-27,02760129;-48,60685229;SPRF-SC;DEL04-SC;UOP03-DEL04-SC;;;
706709;23/07/2025;quarta-feira;16:15:00;ES;101;70,5;SAO MATEUS;Acesso irregular;Colis�o transversal;Com V�timas Feridas;Pleno dia;Crescente;C�u Claro;Simples;Reta;N�o;2;0;1;0;1;0;1;2;-18,7480909;-39,8618377;SPRF-ES;DEL04-ES;UOP02-DEL04-ES;;;
706712;23/07/2025;quarta-feira;08:00:00;RJ;101;316;SAO GONCALO;Acessar a via sem observar a presen�a dos outros ve�culos;Colis�o transversal;Com V�timas Feridas;Pleno dia;Crescente;Sol;Dupla;Reta;Sim;3;0;3;0;0;0;3;2;-22,82569758;-43,09029786;SPRF-RJ;DEL02-RJ;UOP02-DEL02-RJ;;;
706713;23/07/2025;quarta-feira;14:40:00;RJ;101;271;RIO BONITO;Trafegar com motocicleta (ou similar) entre as faixas;Colis�o traseira;Com V�timas Feridas;Pleno dia;Decrescente;C�u Claro;Dupla;Reta;N�o;3;0;1;0;2;0;1;3;-22,728206;-42,698296;SPRF-RJ;DEL02-RJ;UOP03-DEL02-RJ;;;
706714;08/07/2025;ter�a-feira;06:10:00;SP;381;90;GUARULHOS;Manobra de mudan�a de faixa;Colis�o lateral mesmo sentido;Com V�timas Feridas;Amanhecer;Crescente;Nublado;M�ltipla;Reta;Sim;1;0;1;0;0;0;1;1;-23,49635421;-46,55975316;SPRF-SP;DEL03-SP;UOP01-DEL03-SP;;;
706715;23/07/2025;quarta-feira;16:00:00;PE;101;124;ESCADA;Aus�ncia de rea��o do condutor;Queda de ocupante de ve�culo;Com V�timas Feridas;Pleno dia;Decrescente;C�u Claro;Dupla;Reta;Sim;1;0;1;0;0;0;1;1;-8,36351;-35,21278;SPRF-PE;DEL01-PE;UOP03-DEL01-PE;;;