id;data_inversa;dia_semana;horario;uf;br;km;municipio;causa_acidente;tipo_acidente;classificacao_acidente;fase_dia;sentido_via;condicao_metereologica;tipo_pista;tracado_via;uso_solo;pessoas;mortos;feridos_leves;feridos_graves;ilesos;ignorados;feridos;veiculos;latitude;longitude;regional;delegacia;uop;;;
706717;23/07/2025;quarta-feira;16:45:00;PI;343;343,3;TERESINA;Desrespeitar a prefer�ncia no cruzamento;Colis�o transversal;Com V�timas Feridas;Pleno dia;Decrescente;C�u Claro;Dupla;Interse��o de Vias;Sim;2;0;2;0;0;0;2;2;-5,09032543;-42,76038194;SPRF-PI;DEL01-PI;UOP01-DEL01-PI;;;
706718;22/02/2025;s�bado;04:40:00;RS;293;120;PINHEIRO MACHADO;Condutor Dormindo;Sa�da de leito carro��vel;Com V�timas Feridas;Plena Noite;Crescente;C�u Claro;Simples;Curva;N�o;2;0;0;1;1;0;1;1;-31,51841047;-53,5219574;SPRF-RS;DEL11-RS;UOP03-DEL11-RS;;;
706720;23/07/2025;quarta-feira;15:30:00;MT;163;85,9;RONDONOPOLIS;Condutor usando celular;Sa�da de leito carro��vel;Com V�timas Feridas;Pleno dia;Decrescente;C�u Claro;Dupla;"Reta;Aclive";N�o;3;0;3;0;0;0;3;1;-16,76337639;-54,65793226;SPRF-MT;DEL02-MT;UOP03-DEL02-MT;;;
706721;23/07/2025;quarta-feira;17:40:00;PR;376;200,9;MANDAGUARI;Aus�ncia de rea��o do condutor;Colis�o traseira;Com V�timas Feridas;Anoitecer;Crescente;C�u Claro;Dupla;Reta;Sim;2;0;1;0;1;0;1;2;-23,50696261;-51,73616409;SPRF-PR;DEL09-PR;UOP01-DEL09-PR;;;
706722;23/07/2025;quarta-feira;14:25:00;MT;163;781;SORRISO;Aus�ncia de rea��o do condutor;Sa�da de leito carro��vel;Sem V�timas;Pleno dia;Crescente;C�u Claro;Simples;Reta;N�o;1;0;0;0;1;0;0;1;-12,32488588;-55,58470622;SPRF-MT;DEL06-MT;UOP02-DEL06-MT;;;
706723;23/07/2025;quarta-feira;15:38:00;RJ;493;25;MAGE;Rea��o tardia ou ineficiente do condutor;Colis�o lateral mesmo sentido;Com V�timas Feridas;Pleno dia;Decrescente;Nublado;Simples;Reta;N�o;2;0;1;0;1;0;1;2;-22,65793686;-43,08232337;SPRF-RJ;DEL04-RJ;UOP02-DEL04-RJ;;;
706724;14/06/2025;s�bado;07:00:00;MG;40;41;PARACATU;Acessar a via sem observar a presen�a dos outros ve�culos;Queda de ocupante de ve�culo;Com V�timas Feridas;Pleno dia;Decrescente;C�u Claro;Simples;"Reta;Interse��o de Vias";Sim;2;0;1;0;1;0;1;2;-17,215589;-46,868822;SPRF-MG;DEL14-MG;UOP01-DEL14-MG;;;
706725;23/07/2025;quarta-feira;17:40:00;MG;50;175;UBERABA;Demais falhas mec�nicas ou el�tricas;Tombamento;Com V�timas Feridas;Pleno dia;Crescente;C�u Claro;Dupla;Reta;Sim;2;0;0;2;0;0;2;1;-19,77928808;-47,96357123;SPRF-MG;DEL13-MG;UOP01-DEL13-MG;;;
706727;23/07/2025;quarta-feira;15:00:00;SC;101;130;CAMBORIU;Trafegar com motocicleta (ou similar) entre as faixas;Colis�o lateral mesmo sentido;Sem V�timas;Pleno dia;Crescente;C�u Claro;Dupla;Reta;Sim;2;0;0;0;2;0;0;2;-26,98844852;-48,66659045;SPRF-SC;DEL04-SC;UOP03-DEL04-SC;;;
706728;23/07/2025;quarta-feira;17:00:00;MS;163;324;RIO BRILHANTE;Rea��o tardia ou ineficiente do condutor;Colis�o traseira;Sem V�timas;Pleno dia;Decrescente;C�u Claro;Simples;Reta;N�o;2;0;0;0;2;0;0;2;-21,77681134;-54,52601049;SPRF-MS;DEL02-MS;UOP02-DEL02-MS;;;
706729;23/07/2025;quarta-feira;17:20:00;PI;316;12;TERESINA;Condutor deixou de manter dist�ncia do ve�culo da frente;Colis�o traseira;Com V�timas Feridas;Pleno dia;Decrescente;C�u Claro;Simples;Reta;Sim;2;0;1;0;1;0;1;2;-5,19930801;-42,75826246;SPRF-PI;DEL01-PI;UOP02-DEL01-PI;;;
706730;23/07/2025;quarta-feira;18:00:00;RS;293;3;PELOTAS;Retorno proibido;Colis�o transversal;Com V�timas Feridas;Anoitecer;Decrescente;Nublado;Simples;Reta;Sim;3;0;2;0;0;1;2;3;-31,73192333;-52,37670645;SPRF-RS;DEL07-RS;UOP01-DEL07-RS;;;
706732;23/07/2025;quarta-feira;16:45:00;SC;116;5,5;MAFRA;Acesso irregular;Colis�o transversal;Sem V�timas;Pleno dia;Crescente;C�u Claro;Simples;"Interse��o de Vias;Em Obras";Sim;2;0;0;0;2;0;0;2;-26,14465879;-49,82049092;SPRF-SC;DEL06-SC;UOP01-DEL06-SC;;;
706734;23/07/2025;quarta-feira;16:00:00;MT;70;17;BARRA DO GARCAS;Desrespeitar a prefer�ncia no cruzamento;Colis�o traseira;Sem V�timas;Pleno dia;Decrescente;C�u Claro;Simples;Rotat�ria;N�o;2;0;0;0;2;0;0;2;-15,89135556;-52,26177547;SPRF-MT;DEL07-MT;UOP01-DEL07-MT;;;
706735;23/07/2025;quarta-feira;18:20:00;ES;101;260,5;SERRA;Condutor deixou de manter dist�ncia do ve�culo da frente;Colis�o traseira;Com V�timas Feridas;Anoitecer;Crescente;Ignorado;Dupla;Curva;N�o;3;0;1;0;2;0;1;2;-20,14704296;-40,28123975;SPRF-ES;DEL02-ES;UOP01-DEL02-ES;;;
706736;23/07/2025;quarta-feira;07:27:00;RJ;101;323;NITEROI;Condutor Dormindo;Colis�o com objeto;Com V�timas Feridas;Pleno dia;Crescente;C�u Claro;Dupla;Reta;N�o;1;0;1;0;0;0;1;1;-22,8818944;-43,1128576;SPRF-RJ;DEL02-RJ;UOP01-DEL02-RJ;;;
706737;23/07/2025;quarta-feira;18:30:00;MG;40;499,5;ESMERALDAS;Aus�ncia de rea��o do condutor;Tombamento;Com V�timas Feridas;Anoitecer;Crescente;C�u Claro;Simples;Curva;N�o;1;0;1;0;0;0;1;1;-19,696847;-44,17723;SPRF-MG;DEL02-MG;UOP01-DEL02-MG;;;
706738;23/07/2025;quarta-feira;18:45:00;MG;381;502;BETIM;Manobra de mudan�a de faixa;Colis�o lateral mesmo sentido;Com V�timas Feridas;Plena Noite;Decrescente;C�u Claro;Dupla;Reta;Sim;2;0;1;0;1;0;1;2;-20,019881;-44,22852805;SPRF-MG;DEL01-MG;UOP03-DEL01-MG;;;
706740;23/07/2025;quarta-feira;16:40:00;MT;163;833,8;SINOP;Acumulo de �leo sobre o pavimento;Queda de ocupante de ve�culo;Com V�timas Feridas;Anoitecer;Crescente;C�u Claro;Dupla;Desvio Tempor�rio;Sim;1;0;1;0;0;0;1;1;-11,87356;-55,49837;SPRF-MT;DEL06-MT;UOP02-DEL06-MT;;;
706741;23/07/2025;quarta-feira;18:40:00;RS;158;327;SANTA MARIA;Acessar a via sem observar a presen�a dos outros ve�culos;Colis�o traseira;Com V�timas Feridas;Plena Noite;Decrescente;Nublado;Dupla;"Reta;Interse��o de Vias";Sim;3;0;1;0;2;0;1;2;-29,71194261;-53,81847946;SPRF-RS;DEL09-RS;UOP01-DEL09-RS;;;
706742;23/07/2025;quarta-feira;17:50:00;MS;262;118,2;AGUA CLARA;Animais na Pista;Atropelamento de Animal;Com V�timas Feridas;Pleno dia;Decrescente;C�u Claro;Simples;"Reta;Declive";N�o;1;0;1;0;0;0;1;1;-20,509389;-52,656978;SPRF-MS;DEL07-MS;UOP02-DEL07-MS;;;
706743;23/07/2025;quarta-feira;16:15:00;RJ;40;77;PETROPOLIS;Velocidade Incompat�vel;Capotamento;Com V�timas Feridas;Pleno dia;Decrescente;C�u Claro;Dupla;Curva;Sim;1;0;1;0;0;0;1;1;-22,481684;-43,233257;SPRF-RJ;DEL01-RJ;UOP01-DEL01-RJ;;;
706745;23/07/2025;quarta-feira;18:43:00;SC;158;111,8;CUNHA PORA;Ilumina��o deficiente;Sa�da de leito carro��vel;Com V�timas Feridas;Plena Noite;Decrescente;C�u Claro;Dupla;Retorno Regulamentado;N�o;2;0;1;0;1;0;1;1;-26,90392912;-53,18833159;SPRF-SC;DEL07-SC;UOP02-DEL07-SC;;;
706746;23/07/2025;quarta-feira;18:00:00;MA;230;413;BALSAS;Demais falhas mec�nicas ou el�tricas;Inc�ndio;Sem V�timas;Anoitecer;Decrescente;C�u Claro;Simples;Reta;N�o;1;0;0;0;1;0;0;1;-7,49720298;-46,12887719;SPRF-MA;DEL05-MA;UOP01-DEL05-MA;;;
706748;23/07/2025;quarta-feira;18:00:00;MG;40;39,8;PARACATU;Acessar a via sem observar a presen�a dos outros ve�culos;Colis�o frontal;Com V�timas Feridas;Anoitecer;Crescente;C�u Claro;Simples;"Aclive;Reta";Sim;2;0;0;1;1;0;1;2;-17,21084137;-46,8846488;SPRF-MG;DEL14-MG;UOP01-DEL14-MG;;;
706750;23/07/2025;quarta-feira;18:40:00;PB;230;18;JOAO PESSOA;Condutor deixou de manter dist�ncia do ve�culo da frente;Colis�o lateral mesmo sentido;Com V�timas Feridas;Plena Noite;Decrescente;Nublado;Dupla;Reta;N�o;2;0;1;0;1;0;1;2;-7,12469938;-34,84532292;SPRF-PB;DEL01-PB;UOP01-DEL01-PB;;;
706751;23/07/2025;quarta-feira;18:10:00;RJ;493;53;DUQUE DE CAXIAS;Demais falhas mec�nicas ou el�tricas;Tombamento;Com V�timas Feridas;Plena Noite;Decrescente;C�u Claro;Dupla;Reta;N�o;2;0;1;0;1;0;1;1;-22,66059122;-43,35548401;SPRF-RJ;DEL01-RJ;UOP03-DEL01-RJ;;;
706752;23/07/2025;quarta-feira;18:15:00;RJ;465;5,6;SEROPEDICA;Aus�ncia de rea��o do condutor;Colis�o lateral sentido oposto;Com V�timas Feridas;Plena Noite;Crescente;C�u Claro;Simples;Reta;Sim;2;0;2;0;0;0;2;2;-22,74589705;-43,7009066;SPRF-RJ;DEL06-RJ;UOP02-DEL06-RJ;;;
706753;23/07/2025;quarta-feira;18:30:00;RS;287;398;SANTIAGO;Acessar a via sem observar a presen�a dos outros ve�culos;Colis�o transversal;Com V�timas Feridas;Plena Noite;Crescente;C�u Claro;Simples;Reta;Sim;2;0;1;0;1;0;1;2;-29,167535;-54,868362;SPRF-RS;DEL12-RS;UOP02-DEL12-RS;;;
706754;23/07/2025;quarta-feira;19:30:00;TO;153;143;ARAGUAINA;Acessar a via sem observar a presen�a dos outros ve�culos;Colis�o transversal;Com V�timas Feridas;Plena Noite;Crescente;C�u Claro;M�ltipla;"Interse��o de Vias;Rotat�ria";Sim;2;0;1;0;1;0;1;2;-7,193289;-48,23527;SPRF-TO;DEL02-TO;UOP01-DEL02-TO;;;
706757;23/07/2025;quarta-feira;20:00:00;RJ;116;192;NOVA IGUACU;Aus�ncia de rea��o do condutor;Queda de ocupante de ve�culo;Com V�timas Feridas;Plena Noite;Crescente;C�u Claro;Dupla;Reta;N�o;1;0;1;0;0;0;1;1;-22,73984492;-43,52849454;SPRF-RJ;DEL06-RJ;UOP01-DEL06-RJ;;;
706758;23/07/2025;quarta-feira;18:35:00;SC;101;47,9;JOINVILLE;Velocidade Incompat�vel;Colis�o traseira;Com V�timas Feridas;Plena Noite;Crescente;Nublado;Dupla;Curva;N�o;2;0;2;0;0;0;2;2;-26,37033987;-48,85757446;SPRF-SC;DEL03-SC;UOP01-DEL03-SC;;;
706760;23/07/2025;quarta-feira;18:15:00;SC;101;155,7;PORTO BELO;Condutor deixou de manter dist�ncia do ve�culo da frente;Tombamento;Com V�timas Feridas;Plena Noite;Crescente;Nublado;M�ltipla;Reta;Sim;1;0;1;0;0;0;1;1;-27,16997874;-48,61160517;SPRF-SC;DEL04-SC;UOP03-DEL04-SC;;;
706761;23/07/2025;quarta-feira;18:15:00;RO;429;7;PRESIDENTE MEDICI;Aus�ncia de rea��o do condutor;Tombamento;Com V�timas Feridas;Anoitecer;Decrescente;C�u Claro;Simples;"Aclive;Reta";N�o;1;0;1;0;0;0;1;1;-11,199975;-61,959882;SPRF-RO;DEL02-RO;UOP03-DEL02-RO;;;
706762;23/07/2025;quarta-feira;19:50:00;SP;116;143,7;SAO JOSE DOS CAMPOS;Ingest�o de �lcool pelo condutor;Colis�o traseira;Sem V�timas;Plena Noite;Decrescente;C�u Claro;Dupla;Reta;N�o;2;0;0;0;2;0;0;2;-23,18009292;-45,84148407;SPRF-SP;DEL02-SP;UOP01-DEL02-SP;;;
706763;23/07/2025;quarta-feira;20:30:00;RS;290;90;PORTO ALEGRE;Aus�ncia de rea��o do condutor;Colis�o com objeto;Com V�timas Feridas;Plena Noite;Decrescente;C�u Claro;Dupla;Reta;N�o;1;0;1;0;0;0;1;1;-29,9699889;-51,171168;SPRF-RS;DEL01-RS;UOP01-DEL01-RS;;;
706764;23/07/2025;quarta-feira;20:15:00;GO;364;195;JATAI;Entrada inopinada do pedestre;Atropelamento de Pedestre;Com V�timas Fatais;Plena Noite;Decrescente;C�u Claro;Dupla;Reta;Sim;2;1;0;0;1;0;0;2;-17,91925321;-51,72659615;SPRF-GO;DEL05-GO;UOP01-DEL05-GO;;;
706766;23/07/2025;quarta-feira;21:00:00;PR;376;176,8;MARINGA;Condutor desrespeitou a ilumina��o vermelha do sem�foro;Colis�o transversal;Com V�timas Feridas;Plena Noite;Crescente;C�u Claro;Dupla;Interse��o de Vias;Sim;2;0;1;0;1;0;1;2;-23,412705;-51,932376;SPRF-PR;DEL09-PR;UOP01-DEL09-PR;;;
706767;23/07/2025;quarta-feira;17:50:00;BA;324;549;AMELIA RODRIGUES;Aus�ncia de rea��o do condutor;Sa�da de leito carro��vel;Sem V�timas;Anoitecer;Crescente;C�u Claro;Dupla;Reta;N�o;1;0;0;0;1;0;0;1;-12,452021;-38,708517;SPRF-BA;DEL01-BA;UOP03-DEL01-BA;;;
706768;23/07/2025;quarta-feira;19:00:00;BA;418;84,4;NOVA VICOSA;Ingest�o de �lcool pelo condutor;Colis�o frontal;Com V�timas Feridas;Plena Noite;Crescente;C�u Claro;Simples;Interse��o de Vias;Sim;6;0;1;4;1;0;5;2;-17,892002;-39,816607;SPRF-BA;DEL09-BA;UOP02-DEL09-BA;;;
706769;23/07/2025;quarta-feira;16:12:00;RO;435;81;COLORADO DO OESTE;Demais falhas mec�nicas ou el�tricas;Sa�da de leito carro��vel;Com V�timas Feridas;Pleno dia;Decrescente;C�u Claro;Simples;Reta;N�o;1;0;1;0;0;0;1;1;-13,13699111;-60,54496765;SPRF-RO;DEL04-RO;UOP02-DEL04-RO;;;
706770;23/07/2025;quarta-feira;19:00:00;MA;316;438;PERITORO;Entrada inopinada do pedestre;Atropelamento de Pedestre;Com V�timas Fatais;Plena Noite;Crescente;C�u Claro;Simples;"Reta;Ponte";N�o;2;1;0;0;1;0;0;2;-4,42075;-44,220388;SPRF-MA;DEL03-MA;UOP01-DEL03-MA;;;
706771;23/07/2025;quarta-feira;21:00:00;SE;101;103,5;SAO CRISTOVAO;Aus�ncia de rea��o do condutor;Sa�da de leito carro��vel;Com V�timas Feridas;Plena Noite;Crescente;Chuva;Dupla;Retorno Regulamentado;N�o;1;0;1;0;0;0;1;1;-10,9559493;-37,22573519;SPRF-SE;DEL02-SE;UOP01-DEL02-SE;;;
706772;23/07/2025;quarta-feira;21:50:00;RS;392;92;PELOTAS;Aus�ncia de rea��o do condutor;Sa�da de leito carro��vel;Sem V�timas;Plena Noite;Crescente;Nublado;Simples;Aclive;N�o;1;0;0;0;1;0;0;1;-31,61473047;-52,50974655;SPRF-RS;DEL07-RS;UOP01-DEL07-RS;;;
706773;23/07/2025;quarta-feira;17:30:00;MG;364;2;PLANURA;Transitar no Acostamento;Atropelamento de Pedestre;Com V�timas Feridas;Anoitecer;Decrescente;C�u Claro;Simples;Curva;N�o;2;0;1;0;0;1;1;2;-20,15028995;-48,68775694;SPRF-MG;DEL13-MG;UOP02-DEL13-MG;;;
706774;23/07/2025;quarta-feira;22:00:00;RN;226;2;NATAL;Rea��o tardia ou ineficiente do condutor;Colis�o lateral mesmo sentido;Sem V�timas;Plena Noite;Crescente;C�u Claro;Simples;Reta;Sim;4;0;0;0;3;1;0;4;-5,81;-35,25;SPRF-RN;DEL01-RN;UOP02-DEL01-RN;;;
706780;23/07/2025;quarta-feira;22:15:00;MG;116;521;CARATINGA;Acesso irregular;Colis�o traseira;Com V�timas Feridas;Plena Noite;Crescente;C�u Claro;Simples;Reta;N�o;6;0;0;5;0;1;5;2;-19,78544186;-42,1346283;SPRF-MG;DEL06-MG;UOP02-DEL06-MG;;;
706781;23/07/2025;quarta-feira;23:25:00;RS;158;206;CRUZ ALTA;Ingest�o de �lcool pelo condutor;Sa�da de leito carro��vel;Com V�timas Feridas;Plena Noite;Crescente;Garoa/Chuvisco;Dupla;Interse��o de Vias;N�o;2;0;2;0;0;0;2;1;-28,73847852;-53,59703628;SPRF-RS;DEL10-RS;UOP02-DEL10-RS;;;
706782;23/07/2025;quarta-feira;23:00:00;SC;101;36,9;PALHOCA;Ingest�o de �lcool pelo condutor;Tombamento;Com V�timas Feridas;Plena Noite;Crescente;Ignorado;Dupla;Reta;N�o;1;0;1;0;0;0;1;1;-27,6337375;-48,70550243;SPRF-SC;DEL01-SC;UOP02-DEL01-SC;;;
706783;23/07/2025;quarta-feira;22:45:00;MT;70;98;GENERAL CARNEIRO;Rea��o tardia ou ineficiente do condutor;Sa�da de leito carro��vel;Com V�timas Fatais;Plena Noite;Crescente;C�u Claro;Simples;Reta;N�o;4;1;3;0;0;0;3;1;-15,57457;-52,90389;SPRF-MT;DEL07-MT;UOP01-DEL07-MT;;;
706784;23/07/2025;quarta-feira;17:00:00;PE;101;86;JABOATAO DOS GUARARAPES;Demais falhas mec�nicas ou el�tricas;Inc�ndio;Sem V�timas;Anoitecer;Decrescente;Nublado;Dupla;Viaduto;Sim;1;0;0;0;1;0;0;1;-8,1864976;-34,97150866;SPRF-PE;DEL01-PE;UOP01-DEL01-PE;;;
706785;23/07/2025;quarta-feira;23:50:00;MG;40;499,6;ESMERALDAS;Acessar a via sem observar a presen�a dos outros ve�culos;Atropelamento de Pedestre;Com V�timas Fatais;Plena Noite;Crescente;C�u Claro;Dupla;Curva;N�o;3;1;0;0;1;1;0;2;-19,69709;-44,17692;SPRF-MG;DEL02-MG;UOP01-DEL02-MG;;;
706786;23/07/2025;quarta-feira;23:50:00;CE;116;23,2;AQUIRAZ;Aus�ncia de rea��o do condutor;Sa�da de leito carro��vel;Com V�timas Feridas;Plena Noite;Decrescente;Nublado;Dupla;"Reta;Declive;Retorno Regulamentado";N�o;2;0;0;1;1;0;1;1;-3,95281425;-38,51254869;SPRF-CE;DEL01-CE;UOP02-DEL01-CE;;;
706787;23/07/2025;quarta-feira;16:45:00;AC;364;123;RIO BRANCO;Acumulo de �leo sobre o pavimento;Tombamento;Com V�timas Feridas;Pleno dia;Decrescente;C�u Claro;Dupla;Reta;Sim;1;0;1;0;0;0;1;1;-10,01179146;-67,79000044;SPRF-AC;DEL01-AC;UOP01-DEL01-AC;;;
706788;23/07/2025;quarta-feira;22:43:00;PI;343;472;ANGICAL DO PIAUI;Animais na Pista;Atropelamento de Animal;Com V�timas Fatais;Plena Noite;Decrescente;C�u Claro;Simples;Reta;Sim;2;1;1;0;0;0;1;1;-6,095005;-42,724235;SPRF-PI;DEL01-PI;UOP02-DEL01-PI;;;
706789;24/07/2025;quinta-feira;00:45:00;RS;158;337;SANTA MARIA;Ingest�o de �lcool pelo condutor;Capotamento;Com V�timas Feridas;Plena Noite;Decrescente;Garoa/Chuvisco;Simples;Reta;N�o;1;0;1;0;0;0;1;1;-29,722998;-53,905592;SPRF-RS;DEL09-RS;UOP01-DEL09-RS;;;
706791;24/07/2025;quinta-feira;01:10:00;PR;277;77,8;CURITIBA;Animais na Pista;Atropelamento de Animal;Com V�timas Feridas;Plena Noite;Decrescente;Nublado;Dupla;Reta;N�o;3;0;3;0;0;0;3;2;-25,47928536;-49,20063218;SPRF-PR;DEL01-PR;UOP07-DEL01-PR;;;
706792;24/07/2025;quinta-feira;00:00:00;MT;364;405;CUIABA;Aus�ncia de rea��o do condutor;Colis�o traseira;Sem V�timas;Plena Noite;Crescente;C�u Claro;Dupla;Rotat�ria;Sim;2;0;0;0;2;0;0;2;-15,64110749;-56,02104664;SPRF-MT;DEL01-MT;UOP02-DEL01-MT;;;
706793;24/07/2025;quinta-feira;01:40:00;RS;472;575;URUGUAIANA;Ingest�o de �lcool pelo condutor;Sa�da de leito carro��vel;Sem V�timas;Plena Noite;Decrescente;Nublado;Simples;Curva;Sim;1;0;0;0;0;1;0;1;-29,76305533;-57,05520666;SPRF-RS;DEL13-RS;UOP01-DEL13-RS;;;
706796;23/07/2025;quarta-feira;15:50:00;BA;101;504;ITABUNA;Condutor deixou de manter dist�ncia do ve�culo da frente;Colis�o traseira;Com V�timas Feridas;Pleno dia;Crescente;C�u Claro;Simples;Reta;Sim;2;0;1;0;0;1;1;2;-14,786888;-39,290522;SPRF-BA;DEL05-BA;UOP01-DEL05-BA;;;
706798;24/07/2025;quinta-feira;03:45:00;SC;101;197;BIGUACU;Aus�ncia de rea��o do condutor;Sa�da de leito carro��vel;Sem V�timas;Plena Noite;Decrescente;C�u Claro;M�ltipla;Reta;N�o;1;0;0;0;1;0;0;1;-27,52000196;-48,63773847;SPRF-SC;DEL01-SC;UOP01-DEL01-SC;;;
706799;24/07/2025;quinta-feira;03:00:00;SC;101;359,6;SANGAO;Condutor Dormindo;Colis�o com objeto;Com V�timas Feridas;Plena Noite;Decrescente;C�u Claro;M�ltipla;Reta;N�o;2;0;1;0;1;0;1;1;-28,66257498;-49,11266327;SPRF-SC;DEL02-SC;UOP01-DEL02-SC;;;
706801;24/07/2025;quinta-feira;03:30:00;ES;101;302,6;VIANA;Velocidade Incompat�vel;Sa�da de leito carro��vel;Com V�timas Feridas;Plena Noite;Decrescente;C�u Claro;Dupla;Curva;Sim;1;0;1;0;0;0;1;1;-20,37560324;-40,44286108;SPRF-ES;DEL01-ES;UOP01-DEL01-ES;;;
706802;23/07/2025;quarta-feira;22:50:00;BA;324;625;SALVADOR;Avarias e/ou desgaste excessivo no pneu;Queda de ocupante de ve�culo;Com V�timas Feridas;Plena Noite;Decrescente;Nublado;M�ltipla;Reta;Sim;2;0;2;0;0;0;2;1;-12,9592377;-38,472543;SPRF-BA;DEL01-BA;UOP01-DEL01-BA;;;
706803;24/07/2025;quinta-feira;04:40:00;RN;304;300;MACAIBA;Transitar no Acostamento;Colis�o lateral sentido oposto;Com V�timas Feridas;Plena Noite;Decrescente;Chuva;M�ltipla;Reta;N�o;3;0;0;1;2;0;1;2;-5,874031;-35,31449;SPRF-RN;DEL01-RN;UOP02-DEL01-RN;;;
706807;24/07/2025;quinta-feira;02:50:00;PR;277;3,5;PARANAGUA;Aus�ncia de rea��o do condutor;Colis�o com objeto;Com V�timas Feridas;Plena Noite;Crescente;Nublado;Dupla;"Rotat�ria;Reta";Sim;1;0;1;0;0;0;1;1;-25,54078883;-48,53605045;SPRF-PR;DEL01-PR;UOP05-DEL01-PR;;;
706811;24/07/2025;quinta-feira;06:30:00;MS;163;462;CAMPO GRANDE;Aus�ncia de rea��o do condutor;Tombamento;Com V�timas Feridas;Pleno dia;Decrescente;C�u Claro;Simples;Reta;N�o;1;0;1;0;0;0;1;1;-20,6315;-54,5723192;SPRF-MS;DEL01-MS;UOP01-DEL01-MS;;;
706813;24/07/2025;quinta-feira;07:00:00;SC;470;41,7;GASPAR;Acessar a via sem observar a presen�a dos outros ve�culos;Colis�o frontal;Com V�timas Feridas;Amanhecer;Decrescente;Nublado;Simples;"Aclive;Reta";N�o;2;0;0;1;1;0;1;2;-26,87695161;-49,00281994;SPRF-SC;DEL04-SC;UOP01-DEL04-SC;;;
706816;24/07/2025;quinta-feira;07:10:00;PR;277;592,9;CASCAVEL;Transitar na contram�o;Colis�o frontal;Com V�timas Feridas;Pleno dia;Crescente;Garoa/Chuvisco;Simples;"Reta;Aclive";Sim;2;0;2;0;0;0;2;2;-24,981;-53,482;SPRF-PR;DEL04-PR;UOP01-DEL04-PR;;;
706818;24/07/2025;quinta-feira;07:05:00;GO;60;176,7;ABADIA DE GOIAS;Aus�ncia de rea��o do condutor;Colis�o traseira;Com V�timas Feridas;Amanhecer;Decrescente;C�u Claro;Dupla;"Aclive;Reta";N�o;2;0;1;0;1;0;1;2;-16,76248484;-49,46403981;SPRF-GO;DEL01-GO;UOP02-DEL01-GO;;;
706819;24/07/2025;quinta-feira;07:10:00;PI;316;2,9;TERESINA;Condutor deixou de manter dist�ncia do ve�culo da frente;Colis�o traseira;Com V�timas Feridas;Pleno dia;Decrescente;Sol;M�ltipla;Reta;Sim;3;0;2;0;1;0;2;2;-5,2737;-42,79316;SPRF-PI;DEL01-PI;UOP02-DEL01-PI;;;
706820;24/07/2025;quinta-feira;07:15:00;MS;158;335,2;BRASILANDIA;Aus�ncia de rea��o do condutor;Sa�da de leito carro��vel;Com V�timas Feridas;Pleno dia;Decrescente;C�u Claro;Simples;Reta;N�o;1;0;1;0;0;0;1;1;-21,2240709;-52,0173548;SPRF-MS;DEL07-MS;UOP01-DEL07-MS;;;
706821;24/07/2025;quinta-feira;07:30:00;AL;104;56,6;MURICI;Ultrapassagem Indevida;Colis�o lateral mesmo sentido;Com V�timas Feridas;Pleno dia;Crescente;Nublado;Simples;Reta;N�o;7;0;6;1;0;0;7;2;-9,29614;-35,958163;SPRF-AL;DEL01-AL;UOP02-DEL01-AL;;;
706822;24/07/2025;quinta-feira;08:30:00;PE;101;45;IGARASSU;Pedestre cruzava a pista fora da faixa;Atropelamento de Pedestre;Com V�timas Feridas;Pleno dia;Decrescente;Garoa/Chuvisco;M�ltipla;Reta;Sim;2;0;1;0;1;0;1;2;-7,8664209;-34,9068245;SPRF-PE;DEL01-PE;UOP02-DEL01-PE;;;
706823;24/07/2025;quinta-feira;08:15:00;RN;101;98;NATAL;Condutor deixou de manter dist�ncia do ve�culo da frente;Colis�o traseira;Com V�timas Feridas;Pleno dia;Crescente;Nublado;Dupla;"Reta;Interse��o de Vias";Sim;2;0;1;0;1;0;1;2;-5,8560166;-35,2124844;SPRF-RN;DEL01-RN;UOP01-DEL01-RN;;;
706824;24/07/2025;quinta-feira;06:00:00;MG;40;564;NOVA LIMA;Retorno proibido;Colis�o frontal;Com V�timas Feridas;Amanhecer;Crescente;C�u Claro;Simples;Reta;N�o;4;0;1;0;3;0;1;2;-20,16412;-43,965041;SPRF-MG;DEL01-MG;UOP02-DEL01-MG;;;
706825;24/07/2025;quinta-feira;07:50:00;PE;408;67,7;PAUDALHO;Manobra de mudan�a de faixa;Colis�o traseira;Com V�timas Feridas;Pleno dia;Crescente;C�u Claro;Dupla;"Declive;Reta";N�o;2;0;1;0;1;0;1;2;-7,908;-35,1715;SPRF-PE;DEL01-PE;UOP01-DEL01-PE;;;
706827;24/07/2025;quinta-feira;06:00:00;RN;304;8,9;MOSSORO;Demais falhas mec�nicas ou el�tricas;Atropelamento de Pedestre;Com V�timas Feridas;Pleno dia;Decrescente;C�u Claro;Simples;Reta;Sim;2;0;0;2;0;0;2;2;-4,947826;-37,40412;SPRF-RN;DEL04-RN;UOP02-DEL04-RN;;;
706828;24/07/2025;quinta-feira;07:30:00;RJ;493;13,6;MAGE;Demais falhas na via;Colis�o lateral mesmo sentido;Com V�timas Feridas;Pleno dia;Decrescente;C�u Claro;M�ltipla;Reta;Sim;3;0;0;1;2;0;1;2;-22,66237;-43,1298855;SPRF-RJ;DEL04-RJ;UOP02-DEL04-RJ;;;