id;data_inversa;dia_semana;horario;uf;br;km;municipio;causa_acidente;tipo_acidente;classificacao_acidente;fase_dia;sentido_via;condicao_metereologica;tipo_pista;tracado_via;uso_solo;pessoas;mortos;feridos_leves;feridos_graves;ilesos;ignorados;feridos;veiculos;latitude;longitude;regional;delegacia;uop;;;
706960;24/07/2025;quinta-feira;19:00:00;BA;407;25;JUAZEIRO;Animais na Pista;Atropelamento de Animal;Com V�timas Feridas;Plena Noite;Crescente;C�u Claro;Simples;Reta;N�o;2;0;1;0;1;0;1;1;-9,65382398;-40,39172473;SPRF-BA;DEL04-BA;UOP01-DEL04-BA;;;
706961;24/07/2025;quinta-feira;19:50:00;PI;316;8,5;TERESINA;Aus�ncia de rea��o do condutor;Colis�o traseira;Com V�timas Feridas;Plena Noite;Crescente;C�u Claro;Dupla;Reta;Sim;2;0;0;1;0;1;1;2;-5,16998742;-42,76756525;SPRF-PI;DEL01-PI;UOP02-DEL01-PI;;;
706963;24/07/2025;quinta-feira;17:10:00;PI;343;341,8;TERESINA;Condutor deixou de manter dist�ncia do ve�culo da frente;Colis�o traseira;Sem V�timas;Pleno dia;Decrescente;C�u Claro;Dupla;Reta;Sim;2;0;0;0;2;0;0;2;-5,08285;-42,750307;SPRF-PI;DEL01-PI;UOP01-DEL01-PI;;;
706964;24/07/2025;quinta-feira;18:40:00;MG;116;702,6;MURIAE;Ultrapassagem Indevida;Colis�o lateral mesmo sentido;Com V�timas Feridas;Anoitecer;Decrescente;C�u Claro;Dupla;Reta;Sim;2;0;1;0;1;0;1;2;-21,14613225;-42,38042593;SPRF-MG;DEL07-MG;UOP02-DEL07-MG;;;
706965;24/07/2025;quinta-feira;17:30:00;PE;428;125,8;LAGOA GRANDE;Aus�ncia de rea��o do condutor;Sa�da de leito carro��vel;Com V�timas Fatais;Anoitecer;Crescente;C�u Claro;Simples;Reta;N�o;1;1;0;0;0;0;0;1;-8,94336;-40,153492;SPRF-PE;DEL06-PE;UOP03-DEL06-PE;;;
706967;24/07/2025;quinta-feira;20:20:00;SC;101;202;SAO JOSE;Condutor deixou de manter dist�ncia do ve�culo da frente;Colis�o traseira;Com V�timas Feridas;Plena Noite;Crescente;Chuva;Dupla;Reta;Sim;2;0;1;0;1;0;1;2;-27,557725;-48,618582;SPRF-SC;DEL01-SC;UOP01-DEL01-SC;;;
706968;24/07/2025;quinta-feira;20:30:00;PE;428;181;PETROLINA;Rea��o tardia ou ineficiente do condutor;Atropelamento de Animal;Com V�timas Feridas;Plena Noite;Decrescente;C�u Claro;Simples;Reta;N�o;1;0;1;0;0;0;1;1;-9,315612;-40,457705;SPRF-PE;DEL06-PE;UOP01-DEL06-PE;;;
706969;24/07/2025;quinta-feira;20:00:00;RO;364;163,2;PIMENTA BUENO;Ultrapassagem Indevida;Colis�o frontal;Com V�timas Feridas;Plena Noite;Crescente;C�u Claro;Simples;"Aclive;Reta";N�o;2;0;0;1;1;0;1;2;-11,896205;-60,979818;SPRF-RO;DEL02-RO;UOP02-DEL02-RO;;;
706971;24/07/2025;quinta-feira;19:16:00;PI;343;325;TERESINA;Manobra de mudan�a de faixa;Queda de ocupante de ve�culo;Com V�timas Feridas;Plena Noite;Decrescente;C�u Claro;Simples;Reta;N�o;2;0;0;2;0;0;2;2;-5,0598243;-42,66059875;SPRF-PI;DEL01-PI;UOP01-DEL01-PI;;;
706972;24/07/2025;quinta-feira;20:35:00;PE;101;43;IGARASSU;Acessar a via sem observar a presen�a dos outros ve�culos;Colis�o traseira;Com V�timas Feridas;Plena Noite;Crescente;C�u Claro;M�ltipla;Reta;Sim;2;0;1;0;1;0;1;2;-7,8454666;-34,9105858;SPRF-PE;DEL01-PE;UOP02-DEL01-PE;;;
706974;24/07/2025;quinta-feira;20:05:00;PR;277;292;PRUDENTOPOLIS;Acessar a via sem observar a presen�a dos outros ve�culos;Sa�da de leito carro��vel;Com V�timas Feridas;Plena Noite;Crescente;Garoa/Chuvisco;Simples;Reta;N�o;18;0;0;2;15;1;2;3;-25,318052;-51,026983;SPRF-PR;DEL08-PR;UOP02-DEL08-PR;;;
706975;24/07/2025;quinta-feira;17:50:00;RO;319;63;PORTO VELHO;Rea��o tardia ou ineficiente do condutor;Colis�o traseira;Com V�timas Feridas;Plena Noite;Crescente;Ignorado;M�ltipla;"Reta;Interse��o de Vias";Sim;1;0;0;1;0;0;1;1;-8,75662817;-63,88658937;SPRF-RO;DEL01-RO;UOP01-DEL01-RO;;;
706976;24/07/2025;quinta-feira;20:50:00;RS;392;42,4;RIO GRANDE;Transitar na contram�o;Colis�o frontal;Com V�timas Feridas;Plena Noite;Decrescente;C�u Claro;Simples;Reta;Sim;2;0;1;0;1;0;1;2;-31,94778259;-52,3096462;SPRF-RS;DEL07-RS;UOP02-DEL07-RS;;;
706978;24/07/2025;quinta-feira;20:50:00;CE;222;12;CAUCAIA;Aus�ncia de rea��o do condutor;Queda de ocupante de ve�culo;Com V�timas Feridas;Plena Noite;Crescente;C�u Claro;Dupla;Reta;N�o;2;0;2;0;0;0;2;1;-3,76488434;-38,66849039;SPRF-CE;DEL01-CE;UOP01-DEL01-CE;;;
706979;24/07/2025;quinta-feira;20:50:00;PB;230;336,6;PATOS;Transitar na contram�o;Colis�o transversal;Com V�timas Feridas;Plena Noite;Decrescente;C�u Claro;Simples;Reta;Sim;3;0;1;1;1;0;2;2;-7,00922613;-37,27999985;SPRF-PB;DEL03-PB;UOP01-DEL03-PB;;;
706982;24/07/2025;quinta-feira;20:55:00;GO;60;413;RIO VERDE;Rea��o tardia ou ineficiente do condutor;Sa�da de leito carro��vel;Com V�timas Feridas;Plena Noite;Crescente;C�u Claro;Dupla;Reta;N�o;5;0;2;1;2;0;3;1;-17,818965;-51,188882;SPRF-GO;DEL04-GO;UOP02-DEL04-GO;;;
706983;24/07/2025;quinta-feira;22:00:00;GO;153;683,2;ITUMBIARA;Entrada inopinada do pedestre;Atropelamento de Pedestre;Com V�timas Fatais;Plena Noite;Crescente;C�u Claro;Dupla;Reta;N�o;2;1;0;0;0;1;0;2;-18,241481;-49,256034;SPRF-GO;DEL03-GO;UOP02-DEL03-GO;;;
706987;02/06/2025;segunda-feira;14:04:00;PA;163;366;NOVO PROGRESSO;Aus�ncia de rea��o do condutor;Capotamento;Sem V�timas;Pleno dia;Decrescente;C�u Claro;Simples;Reta;N�o;1;0;0;0;0;1;0;1;-6,82007998;-55,46962738;SPRF-PA;DEL05-PA;UOP03-DEL05-PA;;;
706988;24/07/2025;quinta-feira;21:50:00;PI;343;12;PARNAIBA;Desrespeitar a prefer�ncia no cruzamento;Colis�o lateral mesmo sentido;Com V�timas Feridas;Plena Noite;Decrescente;C�u Claro;Dupla;Rotat�ria;Sim;2;0;1;0;1;0;1;2;-2,90952594;-41,75381327;SPRF-PI;DEL05-PI;UOP01-DEL05-PI;;;
706989;24/07/2025;quinta-feira;20:40:00;RJ;116;146;DUQUE DE CAXIAS;Demais falhas mec�nicas ou el�tricas;Tombamento;Com V�timas Feridas;Plena Noite;Decrescente;Nublado;Dupla;Reta;Sim;2;0;1;0;0;1;1;1;-22,66542263;-43,26016903;SPRF-RJ;DEL01-RJ;UOP02-DEL01-RJ;;;
706990;24/07/2025;quinta-feira;19:50:00;RJ;493;106;SEROPEDICA;Aus�ncia de rea��o do condutor;Colis�o com objeto;Com V�timas Feridas;Plena Noite;Decrescente;C�u Claro;Dupla;"Reta;Viaduto";N�o;1;0;1;0;0;0;1;1;-22,78262028;-43,75680383;SPRF-RJ;DEL01-RJ;UOP03-DEL01-RJ;;;
706991;24/07/2025;quinta-feira;21:40:00;TO;10;461;PALMAS;Rea��o tardia ou ineficiente do condutor;Colis�o com objeto;Sem V�timas;Plena Noite;Decrescente;C�u Claro;Simples;"Interse��o de Vias;Curva";Sim;1;0;0;0;1;0;0;1;-10,25365434;-48,31122492;SPRF-TO;DEL01-TO;UOP03-DEL01-TO;;;
706994;24/07/2025;quinta-feira;22:20:00;RS;386;402;TRIUNFO;Velocidade Incompat�vel;Sa�da de leito carro��vel;Com V�timas Feridas;Plena Noite;Decrescente;C�u Claro;Dupla;Rotat�ria;N�o;5;0;4;0;1;0;4;1;-29,7585406;-51,59333177;SPRF-RS;DEL04-RS;UOP02-DEL04-RS;;;
706995;24/07/2025;quinta-feira;22:25:00;BA;367;83,2;EUNAPOLIS;Animais na Pista;Atropelamento de Animal;Com V�timas Feridas;Plena Noite;Decrescente;C�u Claro;Simples;Reta;Sim;2;0;0;2;0;0;2;1;-16,37296019;-39,57209855;SPRF-BA;DEL09-BA;UOP03-DEL09-BA;;;
706997;24/07/2025;quinta-feira;22:40:00;SC;480;127,7;CHAPECO;Velocidade Incompat�vel;Colis�o com objeto;Com V�timas Feridas;Plena Noite;Crescente;C�u Claro;Simples;Reta;Sim;2;0;0;2;0;0;2;1;-27,0366885;-52,6342897;SPRF-SC;DEL07-SC;UOP01-DEL07-SC;;;
706998;24/07/2025;quinta-feira;23:30:00;SC;101;2;ARARANGUA;Ingest�o de �lcool pelo condutor;Colis�o com objeto;Sem V�timas;Plena Noite;Decrescente;Chuva;Simples;"Ponte;Reta";Sim;1;0;0;0;1;0;0;1;-28,93737161;-49,49588583;SPRF-SC;DEL02-SC;UOP02-DEL02-SC;;;
707003;24/07/2025;quinta-feira;23:00:00;GO;364;296;MINEIROS;Curva acentuada;Colis�o com objeto;Com V�timas Feridas;Plena Noite;Decrescente;C�u Claro;Dupla;Rotat�ria;N�o;2;0;1;0;0;1;1;1;-17,57677561;-52,52022743;SPRF-GO;DEL05-GO;UOP01-DEL05-GO;;;
707004;24/07/2025;quinta-feira;23:10:00;PI;343;347;TERESINA;Condutor deixou de manter dist�ncia do ve�culo da frente;Colis�o traseira;Com V�timas Feridas;Plena Noite;Crescente;C�u Claro;Dupla;Reta;Sim;2;0;0;1;1;0;1;2;-5,1188;-42,7868;SPRF-PI;DEL01-PI;UOP01-DEL01-PI;;;
707006;25/07/2025;sexta-feira;00:45:00;MG;381;504;BETIM;Demais falhas mec�nicas ou el�tricas;Inc�ndio;Sem V�timas;Plena Noite;Decrescente;C�u Claro;Dupla;"Reta;Aclive";Sim;1;0;0;0;1;0;0;1;-20,03334468;-44,24059904;SPRF-MG;DEL01-MG;UOP03-DEL01-MG;;;
707008;25/07/2025;sexta-feira;02:30:00;RJ;116;270;BARRA MANSA;Aus�ncia de rea��o do condutor;Colis�o com objeto;Com V�timas Feridas;Plena Noite;Decrescente;Nublado;Dupla;Reta;N�o;1;0;1;0;0;0;1;1;-22,56605678;-44,12243081;SPRF-RJ;DEL07-RJ;UOP02-DEL07-RJ;;;
707010;25/07/2025;sexta-feira;02:40:00;RS;386;237;SOLEDADE;Acostamento em desn�vel;Sa�da de leito carro��vel;Com V�timas Feridas;Plena Noite;Crescente;Nublado;Simples;"Curva;Em Obras";N�o;2;0;2;0;0;0;2;1;-28,746998;-52,547775;SPRF-RS;DEL04-RS;UOP03-DEL04-RS;;;
707011;25/07/2025;sexta-feira;03:15:00;SP;381;88;GUARULHOS;Rea��o tardia ou ineficiente do condutor;Colis�o com objeto;Com V�timas Fatais;Plena Noite;Decrescente;C�u Claro;Dupla;Curva;N�o;1;1;0;0;0;0;0;1;-23,48049668;-46,55989841;SPRF-SP;DEL03-SP;UOP01-DEL03-SP;;;
707013;25/07/2025;sexta-feira;05:00:00;SC;101;126;ITAJAI;Aus�ncia de rea��o do condutor;Sa�da de leito carro��vel;Sem V�timas;Plena Noite;Crescente;Chuva;Dupla;Curva;N�o;1;0;0;0;0;1;0;1;-26,95864467;-48,68033409;SPRF-SC;DEL04-SC;UOP04-DEL04-SC;;;
707014;25/07/2025;sexta-feira;00:00:00;SC;101;140;BALNEARIO CAMBORIU;Rea��o tardia ou ineficiente do condutor;Capotamento;Sem V�timas;Plena Noite;Crescente;C�u Claro;Dupla;Curva;Sim;1;0;0;0;0;1;0;1;-27,02913324;-48,60153372;SPRF-SC;DEL04-SC;UOP03-DEL04-SC;;;
707016;25/07/2025;sexta-feira;05:50:00;SC;116;0,2;MAFRA;Rea��o tardia ou ineficiente do condutor;Colis�o com objeto;Com V�timas Feridas;Amanhecer;Crescente;Nublado;Simples;"Reta;Aclive";Sim;1;0;1;0;0;0;1;1;-26,116125;-49,785908;SPRF-SC;DEL06-SC;UOP01-DEL06-SC;;;
707017;25/07/2025;sexta-feira;01:46:00;MA;10;288;IMPERATRIZ;Manobra de mudan�a de faixa;Sa�da de leito carro��vel;Com V�timas Feridas;Plena Noite;Crescente;C�u Claro;Simples;Curva;N�o;2;0;1;0;1;0;1;1;-5,260019;-47,508821;SPRF-MA;DEL04-MA;UOP01-DEL04-MA;;;
707019;24/07/2025;quinta-feira;19:30:00;MG;381;443;SANTA LUZIA;Acessar a via sem observar a presen�a dos outros ve�culos;Atropelamento de Pedestre;Com V�timas Feridas;Plena Noite;Decrescente;C�u Claro;Simples;Reta;Sim;2;0;1;0;1;0;1;2;-19,82513239;-43,83312033;SPRF-MG;DEL01-MG;UOP01-DEL01-MG;;;
707023;25/07/2025;sexta-feira;05:40:00;PR;376;169,6;MARINGA;Velocidade Incompat�vel;Atropelamento de Pedestre;Com V�timas Fatais;Plena Noite;Crescente;Nublado;Dupla;"Declive;Reta";N�o;2;1;0;0;1;0;0;2;-23,403748;-51,995791;SPRF-PR;DEL09-PR;UOP01-DEL09-PR;;;
707024;24/07/2025;quinta-feira;22:15:00;MT;163;602;NOVA MUTUM;Aus�ncia de rea��o do condutor;Sa�da de leito carro��vel;Com V�timas Feridas;Plena Noite;Crescente;C�u Claro;Dupla;Reta;N�o;1;0;1;0;0;0;1;1;-13,7905;-56,06523;SPRF-MT;DEL01-MT;UOP01-DEL01-MT;;;
707025;25/07/2025;sexta-feira;06:00:00;RJ;493;69;NOVA IGUACU;Demais falhas mec�nicas ou el�tricas;Inc�ndio;Sem V�timas;Pleno dia;Crescente;C�u Claro;Dupla;Reta;N�o;2;0;0;0;2;0;0;1;-22,684325;-43,478956;SPRF-RJ;DEL01-RJ;UOP03-DEL01-RJ;;;
707029;25/07/2025;sexta-feira;07:05:00;RS;470;213,3;BENTO GONCALVES;Condutor deixou de manter dist�ncia do ve�culo da frente;Colis�o traseira;Com V�timas Feridas;Pleno dia;Decrescente;Nublado;Dupla;"Reta;Aclive";Sim;2;0;1;0;1;0;1;2;-29,14577937;-51,53242048;SPRF-RS;DEL06-RS;UOP01-DEL06-RS;;;
707030;04/02/2025;ter�a-feira;03:00:00;RS;116;270;PORTO ALEGRE;Aus�ncia de rea��o do condutor;Colis�o com objeto;Com V�timas Feridas;Plena Noite;Decrescente;C�u Claro;Dupla;Reta;Sim;1;0;1;0;0;0;1;1;-29,98898526;-51,18261516;SPRF-RS;DEL01-RS;UOP01-DEL01-RS;;;
707032;25/07/2025;sexta-feira;07:00:00;GO;153;600,2;MORRINHOS;Condutor Dormindo;Sa�da de leito carro��vel;Sem V�timas;Amanhecer;Decrescente;C�u Claro;Dupla;Reta;N�o;1;0;0;0;0;1;0;1;-17,548689;-49,207105;SPRF-GO;DEL03-GO;UOP01-DEL03-GO;;;
707034;25/07/2025;sexta-feira;07:50:00;RS;290;130;ELDORADO DO SUL;Aus�ncia de rea��o do condutor;Capotamento;Com V�timas Feridas;Pleno dia;Decrescente;C�u Claro;Dupla;Reta;N�o;3;0;2;0;1;0;2;2;-30,0587683;-51,5128917;SPRF-RS;DEL02-RS;UOP01-DEL02-RS;;;
707036;25/07/2025;sexta-feira;07:15:00;PR;369;198;APUCARANA;Rea��o tardia ou ineficiente do condutor;Colis�o traseira;Com V�timas Feridas;Pleno dia;Crescente;C�u Claro;Dupla;"Declive;Reta";Sim;3;0;1;0;2;0;1;2;-23,52234252;-51,44053102;SPRF-PR;DEL07-PR;UOP03-DEL07-PR;;;
707039;25/07/2025;sexta-feira;07:56:00;MG;365;603;UBERLANDIA;Aus�ncia de rea��o do condutor;Sa�da de leito carro��vel;Sem V�timas;Pleno dia;Decrescente;C�u Claro;Simples;Reta;N�o;2;0;0;0;2;0;0;1;-18,8936;-48,1362;SPRF-MG;DEL15-MG;UOP01-DEL15-MG;;;
707041;25/07/2025;sexta-feira;09:00:00;MG;40;810;MATIAS BARBOSA;Acessar a via sem observar a presen�a dos outros ve�culos;Colis�o transversal;Com V�timas Feridas;Pleno dia;Crescente;Nublado;Simples;"Reta;Interse��o de Vias";Sim;2;0;0;1;1;0;1;2;-21,88182463;-43,32908604;SPRF-MG;DEL05-MG;UOP01-DEL05-MG;;;
707042;25/07/2025;sexta-feira;08:10:00;GO;153;502,7;GOIANIA;Rea��o tardia ou ineficiente do condutor;Colis�o com objeto;Com V�timas Feridas;Pleno dia;Decrescente;C�u Claro;Dupla;Reta;Sim;2;0;0;1;1;0;1;1;-16,72101441;-49,2391777;SPRF-GO;DEL01-GO;UOP01-DEL01-GO;;;
707043;25/07/2025;sexta-feira;06:50:00;SC;101;109,9;PENHA;Mal s�bito do condutor;Tombamento;Com V�timas Fatais;Amanhecer;Crescente;Garoa/Chuvisco;Dupla;Reta;N�o;1;1;0;0;0;0;0;1;-26,83481;-48,704165;SPRF-SC;DEL03-SC;UOP02-DEL03-SC;;;
707044;25/07/2025;sexta-feira;09:00:00;RJ;40;78;PETROPOLIS;Demais falhas mec�nicas ou el�tricas;Colis�o com objeto;Com V�timas Feridas;Pleno dia;Crescente;Nublado;Dupla;"Declive;Curva";Sim;3;0;3;0;0;0;3;1;-22,485309;-43,228295;SPRF-RJ;DEL01-RJ;UOP01-DEL01-RJ;;;
707045;25/07/2025;sexta-feira;09:00:00;SP;116;197;ARUJA;Aus�ncia de rea��o do condutor;Sa�da de leito carro��vel;Com V�timas Feridas;Pleno dia;Crescente;Nublado;Dupla;"Aclive;Reta";N�o;1;0;1;0;0;0;1;1;-23,399003;-46,300551;SPRF-SP;DEL01-SP;UOP01-DEL01-SP;;;
707047;15/03/2025;s�bado;10:30:00;ES;101;218,9;IBIRACU;Pedestre cruzava a pista fora da faixa;Atropelamento de Pedestre;Com V�timas Fatais;Pleno dia;Decrescente;C�u Claro;Dupla;Curva;N�o;3;1;0;0;1;1;0;2;-19,8121756;-40,36557075;SPRF-ES;DEL02-ES;UOP01-DEL02-ES;;;
707048;25/07/2025;sexta-feira;09:47:00;SC;101;191;BIGUACU;Velocidade Incompat�vel;Sa�da de leito carro��vel;Com V�timas Feridas;Pleno dia;Crescente;Garoa/Chuvisco;Dupla;Curva;Sim;2;0;1;1;0;0;2;1;-27,47768;-48,64177;SPRF-SC;DEL01-SC;UOP01-DEL01-SC;;;
707049;25/07/2025;sexta-feira;09:30:00;PA;155;305;MARABA;Rea��o tardia ou ineficiente do condutor;Colis�o traseira;Sem V�timas;Pleno dia;Crescente;C�u Claro;Simples;Reta;Sim;2;0;0;0;2;0;0;2;-5,69675;-49,12167;SPRF-PA;DEL03-PA;UOP01-DEL03-PA;;;
707052;25/07/2025;sexta-feira;09:20:00;PR;277;724;FOZ DO IGUACU;Acessar a via sem observar a presen�a dos outros ve�culos;Colis�o lateral mesmo sentido;Com V�timas Feridas;Pleno dia;Crescente;C�u Claro;Dupla;"Reta;Interse��o de Vias";Sim;7;0;1;0;6;0;1;3;-25,5050442;-54,54318593;SPRF-PR;DEL05-PR;UOP03-DEL05-PR;;;
707054;25/07/2025;sexta-feira;06:53:00;MT;364;202;RONDONOPOLIS;Acessar a via sem observar a presen�a dos outros ve�culos;Colis�o lateral sentido oposto;Com V�timas Feridas;Pleno dia;Decrescente;C�u Claro;Simples;"Reta;Interse��o de Vias";Sim;2;0;1;0;1;0;1;2;-16,43860535;-54,67952438;SPRF-MT;DEL02-MT;UOP01-DEL02-MT;;;
707056;25/07/2025;sexta-feira;06:15:00;MG;251;325,1;SALINAS;Aus�ncia de rea��o do condutor;Sa�da de leito carro��vel;Com V�timas Feridas;Amanhecer;Crescente;C�u Claro;Simples;"Curva;Declive";N�o;47;0;9;5;33;0;14;1;-16,18325593;-42,33631871;SPRF-MG;DEL12-MG;UOP02-DEL12-MG;;;
707057;25/07/2025;sexta-feira;09:30:00;SP;116;336,2;JUQUITIBA;Velocidade Incompat�vel;Sa�da de leito carro��vel;Com V�timas Feridas;Pleno dia;Crescente;C�u Claro;Dupla;Reta;Sim;4;0;4;0;0;0;4;1;-23,96920524;-47,133886;SPRF-SP;DEL04-SP;UOP03-DEL04-SP;;;
707059;15/07/2025;ter�a-feira;06:10:00;SC;282;5,6;SAO JOSE;Manobra de mudan�a de faixa;Colis�o lateral mesmo sentido;Com V�timas Feridas;Amanhecer;Decrescente;C�u Claro;Dupla;"Curva;Aclive";Sim;2;0;0;1;1;0;1;2;-27,584525;-48,617113;SPRF-SC;DEL01-SC;UOP01-DEL01-SC;;;
707060;25/07/2025;sexta-feira;09:07:00;RO;364;694;CANDEIAS DO JAMARI;Rea��o tardia ou ineficiente do condutor;Colis�o traseira;Sem V�timas;Pleno dia;Decrescente;C�u Claro;Simples;"Reta;Em Obras";Sim;5;0;0;0;5;0;0;2;-8,7977944;-63,711111;SPRF-RO;DEL01-RO;UOP01-DEL01-RO;;;
707061;25/07/2025;sexta-feira;10:25:00;SP;116;362;MIRACATU;Chuva;Sa�da de leito carro��vel;Sem V�timas;Pleno dia;Crescente;Chuva;Dupla;"Declive;Curva";Sim;1;0;0;0;1;0;0;1;-24,0717957;-47,2436857;SPRF-SP;DEL04-SP;UOP03-DEL04-SP;;;
707063;25/07/2025;sexta-feira;09:55:00;PR;116;116;CURITIBA;Manobra de mudan�a de faixa;Colis�o lateral mesmo sentido;Com V�timas Feridas;Pleno dia;Decrescente;C�u Claro;M�ltipla;Reta;Sim;2;0;1;0;1;0;1;2;-25,553206;-49,305277;SPRF-PR;DEL01-PR;UOP03-DEL01-PR;;;
707065;25/07/2025;sexta-feira;10:00:00;PR;277;729;FOZ DO IGUACU;Condutor deixou de manter dist�ncia do ve�culo da frente;Colis�o lateral mesmo sentido;Com V�timas Feridas;Pleno dia;Crescente;C�u Claro;Dupla;Reta;Sim;2;0;1;0;1;0;1;2;-25,507265;-54,584673;SPRF-PR;DEL05-PR;UOP03-DEL05-PR;;;
707066;25/07/2025;sexta-feira;07:00:00;BA;116;509;SANTA TERESINHA;Acostamento em desn�vel;Sa�da de leito carro��vel;Com V�timas Feridas;Pleno dia;Crescente;C�u Claro;Simples;Reta;N�o;1;0;0;1;0;0;1;1;-12,58741632;-39,52318668;SPRF-BA;DEL02-BA;UOP01-DEL02-BA;;;
707067;25/07/2025;sexta-feira;11:10:00;RS;116;592;ARROIO GRANDE;Animais na Pista;Atropelamento de Animal;Sem V�timas;Pleno dia;Crescente;C�u Claro;Simples;"Curva;Aclive";N�o;3;0;0;0;3;0;0;1;-32,15801615;-52,97362268;SPRF-RS;DEL07-RS;UOP03-DEL07-RS;;;
707068;25/07/2025;sexta-feira;08:15:00;MG;40;97;LAGOA GRANDE;Aus�ncia de rea��o do condutor;Sa�da de leito carro��vel;Com V�timas Feridas;Pleno dia;Crescente;C�u Claro;Simples;Reta;N�o;1;0;0;1;0;0;1;1;-17,54264;-46,528976;SPRF-MG;DEL14-MG;UOP01-DEL14-MG;;;
707069;25/07/2025;sexta-feira;11:20:00;SC;101;35;JOINVILLE;Mal s�bito do condutor;Colis�o lateral mesmo sentido;Com V�timas Feridas;Pleno dia;Crescente;Nublado;Dupla;Reta;N�o;2;0;0;1;1;0;1;2;-26,268175;-48,896153;SPRF-SC;DEL03-SC;UOP01-DEL03-SC;;;
707071;25/07/2025;sexta-feira;10:40:00;RS;392;311,6;FORMIGUEIRO;Acumulo de areia ou detritos sobre o pavimento;Sa�da de leito carro��vel;Com V�timas Feridas;Pleno dia;Decrescente;C�u Claro;Simples;Reta;N�o;2;0;1;0;1;0;1;1;-30,057458;-53,663925;SPRF-RS;DEL09-RS;UOP01-DEL09-RS;;;
707072;25/07/2025;sexta-feira;10:30:00;PB;230;512;CAJAZEIRAS;Animais na Pista;Colis�o frontal;Com V�timas Feridas;Pleno dia;Decrescente;C�u Claro;Simples;Reta;N�o;3;0;0;2;1;0;2;2;-6,89970887;-38,57125664;SPRF-PB;DEL03-PB;UOP03-DEL03-PB;;;
707074;25/07/2025;sexta-feira;09:30:00;MG;40;343;FELIXLANDIA;Aus�ncia de rea��o do condutor;Colis�o traseira;Com V�timas Feridas;Pleno dia;Crescente;C�u Claro;Simples;Reta;N�o;2;0;1;0;1;0;1;2;-18,686775;-44,986972;SPRF-MG;DEL02-MG;UOP01-DEL02-MG;;;
707077;25/07/2025;sexta-feira;11:20:00;BA;101;248;CONCEICAO DO ALMEIDA;Transitar na contram�o;Colis�o frontal;Com V�timas Feridas;Pleno dia;Decrescente;C�u Claro;Simples;"Declive;Curva";N�o;3;0;3;0;0;0;3;2;-12,8663599;-39,2149786;SPRF-BA;DEL01-BA;UOP02-DEL01-BA;;;
707078;25/07/2025;sexta-feira;11:20:00;RN;101;98;NATAL;Acessar a via sem observar a presen�a dos outros ve�culos;Atropelamento de Pedestre;Com V�timas Feridas;Pleno dia;Crescente;C�u Claro;M�ltipla;Reta;N�o;2;0;0;1;1;0;1;2;-5,872328;-35,220015;SPRF-RN;DEL01-RN;UOP01-DEL01-RN;;;
707083;25/07/2025;sexta-feira;11:20:00;TO;153;146;ARAGUAINA;Falta de elemento de conten��o que evite a sa�da do leito carro��vel;Sa�da de leito carro��vel;Com V�timas Feridas;Pleno dia;Decrescente;C�u Claro;Dupla;Reta;Sim;2;0;2;0;0;0;2;1;-7,211228;-48,243015;SPRF-TO;DEL02-TO;UOP01-DEL02-TO;;;
707085;25/07/2025;sexta-feira;11:15:00;SC;282;397,3;JOACABA;Aus�ncia de rea��o do condutor;Sa�da de leito carro��vel;Com V�timas Feridas;Pleno dia;Crescente;C�u Claro;Simples;"Aclive;Curva";N�o;1;0;1;0;0;0;1;1;-27,15316878;-51,60178542;SPRF-SC;DEL07-SC;UOP05-DEL07-SC;;;
707086;25/07/2025;sexta-feira;11:35:00;PE;428;185;PETROLINA;Animais na Pista;Atropelamento de Animal;Com V�timas Feridas;Pleno dia;Decrescente;C�u Claro;Simples;Reta;Sim;1;0;1;0;0;0;1;1;-9,356012;-40,478378;SPRF-PE;DEL06-PE;UOP01-DEL06-PE;;;
707087;25/07/2025;sexta-feira;12:00:00;SP;116;112,3;TAUBATE;Condutor deixou de manter dist�ncia do ve�culo da frente;Colis�o traseira;Com V�timas Feridas;Pleno dia;Decrescente;Nublado;Dupla;Reta;N�o;2;0;1;0;1;0;1;2;-23,04159343;-45,57065616;SPRF-SP;DEL02-SP;UOP02-DEL02-SP;;;
707091;25/07/2025;sexta-feira;12:15:00;SC;470;67;INDAIAL;Desrespeitar a prefer�ncia no cruzamento;Colis�o transversal;Com V�timas Feridas;Pleno dia;Decrescente;Nublado;Simples;"Reta;Interse��o de Vias;Viaduto";Sim;3;0;1;0;2;0;1;2;-26,872158;-49,23127;SPRF-SC;DEL04-SC;UOP01-DEL04-SC;;;
707092;16/07/2025;quarta-feira;13:20:00;PR;369;145;LONDRINA;Acessar a via sem observar a presen�a dos outros ve�culos;Colis�o lateral mesmo sentido;Com V�timas Feridas;Plena Noite;Crescente;C�u Claro;Dupla;Reta;N�o;2;0;1;0;1;0;1;2;-23,29369965;-51,112034;SPRF-PR;DEL07-PR;UOP01-DEL07-PR;;;
707093;25/07/2025;sexta-feira;13:05:00;RS;386;431,1;NOVA SANTA RITA;Condutor deixou de manter dist�ncia do ve�culo da frente;Colis�o traseira;Sem V�timas;Pleno dia;Decrescente;C�u Claro;Simples;Reta;N�o;2;0;0;0;2;0;0;2;-29,834793;-51,310623;SPRF-RS;DEL04-RS;UOP02-DEL04-RS;;;