id;data_inversa;dia_semana;horario;uf;br;km;municipio;causa_acidente;tipo_acidente;classificacao_acidente;fase_dia;sentido_via;condicao_metereologica;tipo_pista;tracado_via;uso_solo;pessoas;mortos;feridos_leves;feridos_graves;ilesos;ignorados;feridos;veiculos;latitude;longitude;regional;delegacia;uop;;;
707094;25/07/2025;sexta-feira;13:27:00;SC;101;195,7;BIGUACU;Aus�ncia de rea��o do condutor;Colis�o traseira;Com V�timas Feridas;Pleno dia;Decrescente;Garoa/Chuvisco;M�ltipla;Reta;Sim;2;0;1;0;1;0;1;2;-27,50877;-48,64508;SPRF-SC;DEL01-SC;UOP01-DEL01-SC;;;
707095;25/07/2025;sexta-feira;12:38:00;PB;104;131;QUEIMADAS;Condutor deixou de manter dist�ncia do ve�culo da frente;Colis�o traseira;Com V�timas Feridas;Pleno dia;Crescente;Nublado;Simples;Reta;Sim;3;0;1;1;1;0;2;2;-7,287927;-35,88996;SPRF-PB;DEL02-PB;UOP03-DEL02-PB;;;
707096;25/07/2025;sexta-feira;12:00:00;SC;470;135,7;RIO DO SUL;Retorno proibido;Colis�o transversal;Com V�timas Feridas;Pleno dia;Decrescente;Nublado;Simples;"Declive;Reta";Sim;2;0;0;1;1;0;1;2;-27,183;-49,602;SPRF-SC;DEL04-SC;UOP02-DEL04-SC;;;
707098;25/07/2025;sexta-feira;13:00:00;RJ;116;185;NOVA IGUACU;Trafegar com motocicleta (ou similar) entre as faixas;Colis�o traseira;Sem V�timas;Pleno dia;Crescente;Nublado;Dupla;"Reta;Em Obras";Sim;2;0;0;0;2;0;0;2;-22,74316956;-43,45330685;SPRF-RJ;DEL06-RJ;UOP01-DEL06-RJ;;;
707103;25/07/2025;sexta-feira;13:25:00;AP;210;3;MACAPA;Acessar a via sem observar a presen�a dos outros ve�culos;Colis�o transversal;Com V�timas Feridas;Pleno dia;Decrescente;Sol;Simples;Interse��o de Vias;Sim;2;0;2;0;0;0;2;2;0,08760678;-51,09265421;SPRF-AP;DEL01-AP;UOP01-DEL01-AP;;;
707104;25/07/2025;sexta-feira;13:45:00;MG;40;449;CAETANOPOLIS;Avarias e/ou desgaste excessivo no pneu;Queda de ocupante de ve�culo;Com V�timas Feridas;Pleno dia;Crescente;C�u Claro;Dupla;Reta;Sim;2;0;2;0;0;0;2;1;-19,309645;-44,372677;SPRF-MG;DEL02-MG;UOP01-DEL02-MG;;;
707107;25/07/2025;sexta-feira;13:00:00;PI;343;324;TERESINA;Aus�ncia de rea��o do condutor;Colis�o lateral sentido oposto;Com V�timas Fatais;Pleno dia;Crescente;C�u Claro;Simples;Reta;N�o;2;1;0;0;1;0;0;2;-5,0625219;-42,6037789;SPRF-PI;DEL01-PI;UOP01-DEL01-PI;;;
707109;25/07/2025;sexta-feira;14:15:00;BA;324;517;FEIRA DE SANTANA;Acessar a via sem observar a presen�a dos outros ve�culos;Colis�o transversal;Com V�timas Feridas;Pleno dia;Decrescente;Nublado;Dupla;"Em Obras;Reta";N�o;2;0;1;0;1;0;1;2;-12,2657699;-38,93294547;SPRF-BA;DEL02-BA;UOP01-DEL02-BA;;;
707110;25/07/2025;sexta-feira;13:10:00;BA;367;51;PORTO SEGURO;Acessar a via sem observar a presen�a dos outros ve�culos;Colis�o transversal;Com V�timas Feridas;Pleno dia;Crescente;C�u Claro;Simples;"Curva;Rotat�ria";N�o;5;0;3;0;2;0;3;2;-16,3757388;-39,2925942;SPRF-BA;DEL09-BA;UOP03-DEL09-BA;;;
707111;25/07/2025;sexta-feira;13:50:00;SP;116;339;JUQUITIBA;Aus�ncia de rea��o do condutor;Sa�da de leito carro��vel;Com V�timas Feridas;Pleno dia;Decrescente;Nublado;Dupla;Curva;N�o;3;0;1;0;2;0;1;2;-24,00240755;-47,15254021;SPRF-SP;DEL04-SP;UOP03-DEL04-SP;;;
707113;25/07/2025;sexta-feira;14:03:00;MG;381;922;CAMANDUCAIA;Aus�ncia de rea��o do condutor;Sa�da de leito carro��vel;Com V�timas Feridas;Pleno dia;Decrescente;Chuva;Dupla;"Curva;Aclive";N�o;3;0;2;0;1;0;2;1;-22,764821;-46,173111;SPRF-MG;DEL16-MG;UOP03-DEL16-MG;;;
707114;25/07/2025;sexta-feira;13:51:00;MG;381;500,5;BETIM;Manobra de mudan�a de faixa;Colis�o traseira;Com V�timas Feridas;Pleno dia;Crescente;Sol;Dupla;"Reta;Declive";Sim;2;0;0;1;1;0;1;2;-20,00561;-44,21434;SPRF-MG;DEL01-MG;UOP03-DEL01-MG;;;
707115;11/06/2025;quarta-feira;15:00:00;BA;101;835;PRADO;Rea��o tardia ou ineficiente do condutor;Colis�o frontal;Com V�timas Fatais;Pleno dia;Decrescente;Chuva;Simples;"Curva;Declive";N�o;3;2;1;0;0;0;1;2;-17,14538337;-39,56760406;SPRF-BA;DEL09-BA;UOP02-DEL09-BA;;;
707116;25/07/2025;sexta-feira;14:30:00;SP;116;228;SAO PAULO;Velocidade Incompat�vel;Colis�o com objeto;Com V�timas Feridas;Pleno dia;Decrescente;Chuva;M�ltipla;"Reta;Declive;Em Obras";Sim;1;0;0;1;0;0;1;1;-23,50920366;-46,57258485;SPRF-SP;DEL01-SP;UOP01-DEL01-SP;;;
707117;25/07/2025;sexta-feira;14:00:00;PB;230;22,7;JOAO PESSOA;Condutor deixou de manter dist�ncia do ve�culo da frente;Colis�o traseira;Sem V�timas;Pleno dia;Decrescente;Sol;Dupla;Reta;Sim;2;0;0;0;2;0;0;2;-7,156933;-34,857639;SPRF-PB;DEL01-PB;UOP01-DEL01-PB;;;
707118;25/07/2025;sexta-feira;13:15:00;SP;116;224;GUARULHOS;Rea��o tardia ou ineficiente do condutor;Queda de ocupante de ve�culo;Com V�timas Feridas;Pleno dia;Decrescente;Garoa/Chuvisco;M�ltipla;Reta;Sim;1;0;1;0;0;0;1;1;-23,485806;-46,541185;SPRF-SP;DEL01-SP;UOP01-DEL01-SP;;;
707122;25/07/2025;sexta-feira;15:00:00;CE;116;34;AQUIRAZ;Condutor Dormindo;Sa�da de leito carro��vel;Com V�timas Feridas;Pleno dia;Decrescente;C�u Claro;Dupla;Reta;N�o;1;0;1;0;0;0;1;1;-4,0507;-38,506076;SPRF-CE;DEL01-CE;UOP02-DEL01-CE;;;
707124;25/07/2025;sexta-feira;15:10:00;PR;116;205;RIO NEGRO;Acessar a via sem observar a presen�a dos outros ve�culos;Colis�o lateral sentido oposto;Com V�timas Feridas;Pleno dia;Crescente;Nublado;Simples;"Reta;Interse��o de Vias";N�o;2;0;0;1;1;0;1;2;-26,0760198;-49,7478986;SPRF-SC;DEL06-SC;UOP01-DEL06-SC;;;
707126;25/07/2025;sexta-feira;15:00:00;DF;70;12;BRASILIA;Manobra de mudan�a de faixa;Sa�da de leito carro��vel;Sem V�timas;Pleno dia;Decrescente;C�u Claro;Dupla;Reta;Sim;1;0;0;0;1;0;0;1;-15,8203904;-47,972352;SPRF-DF;DEL03-DF;UOP02-DEL03-DF;;;
707127;25/07/2025;sexta-feira;15:20:00;ES;101;81;JAGUARE;Avarias e/ou desgaste excessivo no pneu;Sa�da de leito carro��vel;Com V�timas Feridas;Pleno dia;Decrescente;C�u Claro;Simples;Reta;N�o;1;0;1;0;0;0;1;1;-18,94558273;-39,97650146;SPRF-ES;DEL04-ES;UOP02-DEL04-ES;;;
707129;25/07/2025;sexta-feira;14:55:00;GO;414;437,5;ANAPOLIS;Transitar no Acostamento;Colis�o transversal;Com V�timas Feridas;Pleno dia;Crescente;C�u Claro;Simples;"Reta;Retorno Regulamentado";Sim;3;0;1;0;2;0;1;2;-16,2587419;-48,93718243;SPRF-GO;DEL02-GO;UOP01-DEL02-GO;;;
707130;25/07/2025;sexta-feira;12:20:00;SC;282;53,8;AGUAS MORNAS;Velocidade Incompat�vel;Sa�da de leito carro��vel;Com V�timas Feridas;Pleno dia;Decrescente;Chuva;Simples;"Declive;Curva";N�o;3;0;3;0;0;0;3;1;-27,685098;-48,972953;SPRF-SC;DEL01-SC;UOP03-DEL01-SC;;;
707131;25/07/2025;sexta-feira;15:15:00;PE;101;75;RECIFE;Aus�ncia de rea��o do condutor;Engavetamento;Com V�timas Feridas;Pleno dia;Decrescente;C�u Claro;Dupla;Reta;Sim;7;0;4;2;1;0;6;4;-8,115;-34,9449;SPRF-PE;DEL01-PE;UOP01-DEL01-PE;;;
707133;25/07/2025;sexta-feira;15:20:00;MG;40;616;CONGONHAS;Aus�ncia de rea��o do condutor;Sa�da de leito carro��vel;Com V�timas Feridas;Pleno dia;Decrescente;C�u Claro;Simples;"Aclive;Curva";N�o;1;0;1;0;0;0;1;1;-20,54926527;-43,81602824;SPRF-MG;DEL05-MG;UOP02-DEL05-MG;;;
707134;25/07/2025;sexta-feira;10:40:00;MA;230;2;BARAO DE GRAJAU;Acessar a via sem observar a presen�a dos outros ve�culos;Atropelamento de Pedestre;Com V�timas Feridas;Pleno dia;Crescente;C�u Claro;Simples;Reta;Sim;2;0;1;0;1;0;1;2;-6,75390056;-43,0274756;SPRF-PI;DEL03-PI;UOP01-DEL03-PI;;;
707135;25/07/2025;sexta-feira;13:03:00;SC;280;29;ARAQUARI;Acesso irregular;Colis�o transversal;Com V�timas Feridas;Pleno dia;Decrescente;Garoa/Chuvisco;Simples;Reta;Sim;3;0;2;1;0;0;3;2;-26,41649381;-48,77133457;SPRF-SC;DEL03-SC;UOP03-DEL03-SC;;;
707139;25/07/2025;sexta-feira;15:45:00;SC;280;57;GUARAMIRIM;Condutor deixou de manter dist�ncia do ve�culo da frente;Colis�o traseira;Com V�timas Feridas;Pleno dia;Crescente;Nublado;Simples;Reta;Sim;2;0;1;0;1;0;1;2;-26,4735088;-48,97697934;SPRF-SC;DEL03-SC;UOP03-DEL03-SC;;;
707140;25/07/2025;sexta-feira;16:10:00;SP;116;331;JUQUITIBA;Condutor Dormindo;Colis�o com objeto;Com V�timas Feridas;Pleno dia;Decrescente;C�u Claro;Dupla;Reta;N�o;1;0;1;0;0;0;1;1;-23,94947227;-47,10054488;SPRF-SP;DEL04-SP;UOP03-DEL04-SP;;;
707141;25/07/2025;sexta-feira;16:10:00;SC;282;17,4;PALHOCA;Desrespeitar a prefer�ncia no cruzamento;Colis�o transversal;Com V�timas Feridas;Pleno dia;Decrescente;Chuva;Simples;"Retorno Regulamentado;Reta";Sim;2;0;1;0;1;0;1;2;-27,669218;-48,69113;SPRF-SC;DEL01-SC;UOP02-DEL01-SC;;;
707143;25/07/2025;sexta-feira;15:40:00;SC;101;186;BIGUACU;Acumulo de �gua sobre o pavimento;Colis�o com objeto;Com V�timas Feridas;Pleno dia;Crescente;Garoa/Chuvisco;Dupla;Curva;N�o;2;0;2;0;0;0;2;1;-27,43670601;-48,62621181;SPRF-SC;DEL01-SC;UOP01-DEL01-SC;;;
707144;25/07/2025;sexta-feira;16:27:00;MG;381;445;SABARA;Acessar a via sem observar a presen�a dos outros ve�culos;Colis�o transversal;Com V�timas Feridas;Pleno dia;Crescente;C�u Claro;Simples;"Reta;Aclive";N�o;2;0;0;1;1;0;1;2;-19,83417537;-43,85604858;SPRF-MG;DEL01-MG;UOP01-DEL01-MG;;;
707145;25/07/2025;sexta-feira;16:15:00;AP;156;453;TARTARUGALZINHO;Aus�ncia de rea��o do condutor;Sa�da de leito carro��vel;Com V�timas Feridas;Pleno dia;Crescente;Garoa/Chuvisco;Simples;Reta;N�o;4;0;3;1;0;0;4;1;1,375505;-50,919825;SPRF-AP;DEL01-AP;UOP02-DEL01-AP;;;
707146;25/07/2025;sexta-feira;16:01:00;RS;386;73;BOA VISTA DAS MISSOES;Aus�ncia de rea��o do condutor;Tombamento;Com V�timas Feridas;Pleno dia;Decrescente;C�u Claro;Simples;Reta;Sim;1;0;1;0;0;0;1;1;-27,67676868;-53,3104262;SPRF-RS;DEL08-RS;UOP02-DEL08-RS;;;
707149;25/07/2025;sexta-feira;15:20:00;MG;40;36,5;PARACATU;Condutor deixou de manter dist�ncia do ve�culo da frente;Colis�o traseira;Com V�timas Feridas;Pleno dia;Crescente;C�u Claro;Dupla;Reta;Sim;6;0;4;0;2;0;4;2;-17,200947;-46,907301;SPRF-MG;DEL14-MG;UOP01-DEL14-MG;;;
707150;25/07/2025;sexta-feira;14:15:00;SC;282;642;SAO MIGUEL DO OESTE;Acessar a via sem observar a presen�a dos outros ve�culos;Colis�o transversal;Com V�timas Fatais;Pleno dia;Crescente;C�u Claro;Simples;Reta;N�o;6;1;0;1;4;0;1;2;-26,77077537;-53,46302882;SPRF-SC;DEL07-SC;UOP03-DEL07-SC;;;
707151;25/07/2025;sexta-feira;15:30:00;BA;367;77,6;EUNAPOLIS;Demais falhas mec�nicas ou el�tricas;Tombamento;Com V�timas Feridas;Pleno dia;Crescente;C�u Claro;Simples;Reta;N�o;2;0;1;1;0;0;2;1;-16,365857;-39,524662;SPRF-BA;DEL09-BA;UOP03-DEL09-BA;;;
707152;25/07/2025;sexta-feira;16:45:00;ES;101;254,8;SERRA;Condutor deixou de manter dist�ncia do ve�culo da frente;Colis�o traseira;Com V�timas Feridas;Pleno dia;Crescente;C�u Claro;Simples;"Aclive;Reta";Sim;2;0;1;0;1;0;1;2;-20,114917;-40,319548;SPRF-ES;DEL02-ES;UOP01-DEL02-ES;;;
707155;25/07/2025;sexta-feira;15:40:00;SC;101;126;ITAJAI;Aus�ncia de rea��o do condutor;Queda de ocupante de ve�culo;Com V�timas Feridas;Pleno dia;Crescente;Chuva;Dupla;Reta;Sim;2;0;1;0;0;1;1;2;-26,96029128;-48,68099081;SPRF-SC;DEL04-SC;UOP04-DEL04-SC;;;
707156;25/07/2025;sexta-feira;16:10:00;MG;381;792;SAO GONCALO DO SAPUCAI;Velocidade Incompat�vel;Colis�o com objeto;Com V�timas Feridas;Pleno dia;Crescente;Chuva;Dupla;Curva;N�o;5;0;2;0;3;0;2;1;-21,89582883;-45,55007654;SPRF-MG;DEL16-MG;UOP02-DEL16-MG;;;
707157;25/07/2025;sexta-feira;17:10:00;SC;101;206,8;SAO JOSE;Aus�ncia de rea��o do condutor;Tombamento;Com V�timas Feridas;Anoitecer;Crescente;Garoa/Chuvisco;Dupla;"Retorno Regulamentado;Curva;T�nel;Viaduto";Sim;2;0;1;0;1;0;1;2;-27,5994;-48,62246;SPRF-SC;DEL01-SC;UOP01-DEL01-SC;;;
707158;25/07/2025;sexta-feira;16:45:00;PR;116;97;SAO JOSE DOS PINHAIS;Aus�ncia de rea��o do condutor;Tombamento;Com V�timas Feridas;Pleno dia;Decrescente;C�u Claro;Dupla;Reta;N�o;1;0;1;0;0;0;1;1;-25,547402;-49,150241;SPRF-PR;DEL01-PR;UOP07-DEL01-PR;;;
707160;25/07/2025;sexta-feira;17:40:00;ES;101;270,4;SERRA;Manobra de mudan�a de faixa;Colis�o lateral mesmo sentido;Com V�timas Feridas;Plena Noite;Decrescente;C�u Claro;Dupla;Reta;Sim;3;0;2;0;1;0;2;2;-20,231971;-40,273888;SPRF-ES;DEL02-ES;UOP01-DEL02-ES;;;
707161;25/07/2025;sexta-feira;16:40:00;SC;280;4,8;SAO FRANCISCO DO SUL;Velocidade Incompat�vel;Atropelamento de Pedestre;Com V�timas Feridas;Pleno dia;Decrescente;Nublado;Simples;Rotat�ria;Sim;2;0;1;0;0;1;1;2;-26,258047;-48,623221;SPRF-SC;DEL03-SC;UOP03-DEL03-SC;;;
707162;25/07/2025;sexta-feira;16:20:00;MG;116;408;GOVERNADOR VALADARES;Transitar na contram�o;Colis�o frontal;Com V�timas Feridas;Pleno dia;Decrescente;C�u Claro;Dupla;Reta;N�o;3;0;0;1;1;1;1;3;-18,844823;-41,981293;SPRF-MG;DEL06-MG;UOP01-DEL06-MG;;;
707163;25/07/2025;sexta-feira;17:56:00;DF;70;12;BRASILIA;Manobra de mudan�a de faixa;Colis�o lateral mesmo sentido;Com V�timas Feridas;Pleno dia;Crescente;C�u Claro;Dupla;Reta;Sim;3;0;1;0;0;2;1;3;-15,79328703;-48,1621626;SPRF-DF;DEL03-DF;UOP02-DEL03-DF;;;
707164;25/07/2025;sexta-feira;15:20:00;MG;381;586;CARMOPOLIS DE MINAS;Ultrapassagem Indevida;Colis�o lateral sentido oposto;Com V�timas Feridas;Pleno dia;Crescente;Nublado;Simples;Retorno Regulamentado;N�o;2;0;1;0;1;0;1;2;-20,521889;-44,627873;SPRF-MG;DEL04-MG;UOP01-DEL04-MG;;;
707166;25/07/2025;sexta-feira;17:30:00;GO;153;520;HIDROLANDIA;Rea��o tardia ou ineficiente do condutor;Colis�o traseira;Sem V�timas;Pleno dia;Crescente;C�u Claro;Dupla;Reta;N�o;3;0;0;0;3;0;0;3;-16,8797496;-49,2530652;SPRF-GO;DEL01-GO;UOP03-DEL01-GO;;;
707167;25/07/2025;sexta-feira;16:15:00;SP;116;500;CAJATI;Rea��o tardia ou ineficiente do condutor;Queda de ocupante de ve�culo;Com V�timas Feridas;Pleno dia;Decrescente;C�u Claro;Simples;Reta;N�o;1;0;1;0;0;0;1;1;-24,788486;-48,181472;SPRF-SP;DEL05-SP;UOP02-DEL05-SP;;;
707168;23/05/2025;sexta-feira;07:40:00;BA;324;523;FEIRA DE SANTANA;Demais falhas mec�nicas ou el�tricas;Colis�o com objeto;Sem V�timas;Pleno dia;Crescente;C�u Claro;Dupla;Reta;N�o;2;0;0;0;2;0;0;2;-12,29806;-38,90158;SPRF-BA;DEL01-BA;UOP03-DEL01-BA;;;
707169;25/07/2025;sexta-feira;17:25:00;BA;324;616,1;SALVADOR;Acessar a via sem observar a presen�a dos outros ve�culos;Colis�o frontal;Com V�timas Feridas;Anoitecer;Decrescente;Chuva;Dupla;Curva;Sim;2;0;1;0;1;0;1;2;-12,880788;-38,43261;SPRF-BA;DEL01-BA;UOP01-DEL01-BA;;;
707170;25/07/2025;sexta-feira;16:30:00;MG;251;440,8;GRAO MOGOL;Acessar a via sem observar a presen�a dos outros ve�culos;Colis�o transversal;Com V�timas Feridas;Pleno dia;Crescente;C�u Claro;Simples;Reta;N�o;2;0;0;1;1;0;1;2;-16,39623661;-43,204422;SPRF-MG;DEL12-MG;UOP01-DEL12-MG;;;
707171;25/07/2025;sexta-feira;16:44:00;RO;364;515;ARIQUEMES;Acessar a via sem observar a presen�a dos outros ve�culos;Colis�o transversal;Sem V�timas;Pleno dia;Decrescente;C�u Claro;Simples;Rotat�ria;Sim;2;0;0;0;1;1;0;2;-9,91624458;-63,05547237;SPRF-RO;DEL03-RO;UOP01-DEL03-RO;;;
707173;25/07/2025;sexta-feira;18:11:00;SC;101;205,4;SAO JOSE;Rea��o tardia ou ineficiente do condutor;Sa�da de leito carro��vel;Com V�timas Feridas;Anoitecer;Crescente;Garoa/Chuvisco;M�ltipla;Curva;Sim;1;0;0;1;0;0;1;1;-27,58656;-48,61728;SPRF-SC;DEL01-SC;UOP01-DEL01-SC;;;
707174;25/07/2025;sexta-feira;18:00:00;RS;290;107;ELDORADO DO SUL;Pedestre cruzava a pista fora da faixa;Capotamento;Com V�timas Feridas;Plena Noite;Decrescente;C�u Claro;Dupla;Curva;Sim;3;0;1;0;2;0;1;2;-30,00478818;-51,31175129;SPRF-RS;DEL02-RS;UOP01-DEL02-RS;;;
707177;25/07/2025;sexta-feira;16:00:00;MG;354;729,8;POUSO ALTO;Chuva;Tombamento;Com V�timas Feridas;Pleno dia;Decrescente;Chuva;Simples;Curva;N�o;2;0;1;1;0;0;2;1;-22,15951469;-44,96437311;SPRF-MG;DEL17-MG;UOP01-DEL17-MG;;;
707178;25/07/2025;sexta-feira;16:00:00;RS;470;53,8;BARRACAO;Ingest�o de �lcool pelo condutor;Sa�da de leito carro��vel;Com V�timas Feridas;Pleno dia;Crescente;C�u Claro;Simples;"Declive;Curva";N�o;1;0;1;0;0;0;1;1;-27,87738529;-51,45585917;SPRF-RS;DEL08-RS;UOP05-DEL08-RS;;;
707180;25/07/2025;sexta-feira;18:25:00;PR;272;368,8;CAMPO MOURAO;Desrespeitar a prefer�ncia no cruzamento;Colis�o transversal;Com V�timas Feridas;Plena Noite;Crescente;C�u Claro;Simples;"Reta;Interse��o de Vias";Sim;2;0;1;0;1;0;1;2;-24,05674166;-52,41516121;SPRF-PR;DEL09-PR;UOP03-DEL09-PR;;;
707181;25/07/2025;sexta-feira;18:29:00;RS;116;532;CAPAO DO LEAO;Acessar a via sem observar a presen�a dos outros ve�culos;Colis�o traseira;Sem V�timas;Plena Noite;Decrescente;C�u Claro;Simples;Reta;N�o;2;0;0;0;1;1;0;2;-31,76725228;-52,44782925;SPRF-RS;DEL07-RS;UOP01-DEL07-RS;;;
707182;25/07/2025;sexta-feira;18:40:00;PE;101;46,5;IGARASSU;Manobra de mudan�a de faixa;Colis�o transversal;Com V�timas Feridas;Plena Noite;Crescente;C�u Claro;M�ltipla;Reta;Sim;2;0;1;0;1;0;1;2;-7,876936;-34,905775;SPRF-PE;DEL01-PE;UOP02-DEL01-PE;;;
707183;25/07/2025;sexta-feira;18:00:00;BA;116;806;VITORIA DA CONQUISTA;Aus�ncia de rea��o do condutor;Tombamento;Com V�timas Feridas;Plena Noite;Decrescente;Nublado;Simples;Reta;N�o;2;0;2;0;0;0;2;1;-14,7770996;-40,7295843;SPRF-BA;DEL08-BA;UOP01-DEL08-BA;;;
707184;25/07/2025;sexta-feira;18:40:00;RS;470;169,4;VILA FLORES;Ingest�o de �lcool pelo condutor;Colis�o transversal;Sem V�timas;Pleno dia;Decrescente;C�u Claro;Simples;"Declive;Reta";Sim;3;0;0;0;3;0;0;2;-28,87549363;-51,5492785;SPRF-RS;DEL06-RS;UOP02-DEL06-RS;;;
707187;25/07/2025;sexta-feira;14:00:00;SC;116;103,4;MONTE CASTELO;Demais falhas mec�nicas ou el�tricas;Inc�ndio;Sem V�timas;Pleno dia;Decrescente;Nublado;Simples;"Declive;Reta";N�o;2;0;0;0;2;0;0;1;-26,7400916;-50,31418562;SPRF-SC;DEL06-SC;UOP02-DEL06-SC;;;
707188;25/07/2025;sexta-feira;18:50:00;MG;40;790,7;JUIZ DE FORA;Chuva;Tombamento;Com V�timas Fatais;Plena Noite;Decrescente;Chuva;Dupla;Curva;N�o;2;1;0;1;0;0;1;1;-21,77681461;-43,43248956;SPRF-MG;DEL05-MG;UOP01-DEL05-MG;;;
707189;25/07/2025;sexta-feira;18:15:00;RS;470;217,7;BENTO GONCALVES;Condutor deixou de manter dist�ncia do ve�culo da frente;Engavetamento;Com V�timas Feridas;Plena Noite;Crescente;Nublado;Simples;"Declive;Reta";Sim;4;0;1;0;3;0;1;3;-29,17907208;-51,51861398;SPRF-RS;DEL06-RS;UOP01-DEL06-RS;;;
707190;25/07/2025;sexta-feira;18:30:00;PB;230;16,2;JOAO PESSOA;Aus�ncia de rea��o do condutor;Engavetamento;Sem V�timas;Plena Noite;Crescente;C�u Claro;Dupla;Reta;Sim;5;0;0;0;4;1;0;4;-7,107828;-34,843587;SPRF-PB;DEL01-PB;UOP01-DEL01-PB;;;
707191;25/07/2025;sexta-feira;17:20:00;RJ;101;436;MANGARATIBA;Chuva;Colis�o traseira;Com V�timas Feridas;Anoitecer;Crescente;Chuva;Simples;Reta;N�o;8;0;6;0;2;0;6;3;-22,9462;-44,06188;SPRF-RJ;DEL03-RJ;UOP02-DEL03-RJ;;;
707192;25/07/2025;sexta-feira;19:00:00;GO;50;213,6;CAMPO ALEGRE DE GOIAS;Aus�ncia de rea��o do condutor;Inc�ndio;Sem V�timas;Plena Noite;Decrescente;C�u Claro;Dupla;Curva;N�o;1;0;0;0;0;1;0;1;-17,668093;-47,731513;SPRF-GO;DEL06-GO;UOP01-DEL06-GO;;;
707193;25/07/2025;sexta-feira;18:01:00;PI;343;337,1;TERESINA;Ingest�o de �lcool pelo condutor;Colis�o traseira;Com V�timas Feridas;Plena Noite;Crescente;C�u Claro;Dupla;Reta;Sim;2;0;1;0;1;0;1;2;-5,061893;-42,714738;SPRF-PI;DEL01-PI;UOP01-DEL01-PI;;;
707194;25/07/2025;sexta-feira;18:45:00;GO;70;315;JUSSARA;Aus�ncia de rea��o do condutor;Sa�da de leito carro��vel;Sem V�timas;Anoitecer;Crescente;C�u Claro;Dupla;"Reta;Declive";Sim;1;0;0;0;1;0;0;1;-15,87394021;-50,85969329;SPRF-GO;DEL04-GO;UOP02-DEL04-GO;;;
707195;26/05/2025;segunda-feira;01:00:00;MS;262;244;RIBAS DO RIO PARDO;Animais na Pista;Capotamento;Sem V�timas;Plena Noite;Crescente;C�u Claro;Simples;Curva;N�o;1;0;0;0;0;1;0;1;-20,4537144;-53,80708694;SPRF-MS;DEL01-MS;UOP05-DEL01-MS;;;
707196;25/07/2025;sexta-feira;19:35:00;SC;282;15,9;PALHOCA;Retorno proibido;Colis�o transversal;Com V�timas Feridas;Plena Noite;Crescente;Garoa/Chuvisco;Simples;Reta;Sim;2;0;1;0;1;0;1;2;-27,65847795;-48,68174019;SPRF-SC;DEL01-SC;UOP02-DEL01-SC;;;
707197;25/07/2025;sexta-feira;19:20:00;CE;20;204,5;BOA VIAGEM;Rea��o tardia ou ineficiente do condutor;Colis�o frontal;Com V�timas Feridas;Plena Noite;Decrescente;C�u Claro;Simples;Reta;Sim;3;0;1;0;2;0;1;2;-5,118763;-39,729018;SPRF-CE;DEL02-CE;UOP02-DEL02-CE;;;
707198;25/07/2025;sexta-feira;18:00:00;MT;163;829;SINOP;Acessar a via sem observar a presen�a dos outros ve�culos;Queda de ocupante de ve�culo;Com V�timas Feridas;Plena Noite;Crescente;C�u Claro;Dupla;Reta;Sim;4;0;2;0;2;0;2;2;-11,91229;-55,50842;SPRF-MT;DEL06-MT;UOP02-DEL06-MT;;;
707199;07/03/2025;sexta-feira;13:25:00;GO;153;548,2;HIDROLANDIA;Demais falhas mec�nicas ou el�tricas;Sa�da de leito carro��vel;Com V�timas Feridas;Pleno dia;Crescente;C�u Claro;Dupla;Reta;N�o;27;0;26;1;0;0;27;1;-16,9218322;-49,2525979;SPRF-GO;DEL01-GO;UOP03-DEL01-GO;;;
707200;25/07/2025;sexta-feira;18:20:00;RS;470;287;MONTENEGRO;Acessar a via sem observar a presen�a dos outros ve�culos;Colis�o traseira;Com V�timas Feridas;Anoitecer;Decrescente;C�u Claro;Simples;Retorno Regulamentado;Sim;4;0;2;0;2;0;2;3;-29,66248755;-51,45330755;SPRF-RS;DEL06-RS;UOP01-DEL06-RS;;;
707201;25/07/2025;sexta-feira;09:50:00;PR;163;79;PLANALTO;Aus�ncia de rea��o do condutor;Sa�da de leito carro��vel;Com V�timas Feridas;Plena Noite;Decrescente;C�u Claro;Simples;Reta;N�o;1;0;1;0;0;0;1;1;-25,729702;-53,788057;SPRF-PR;DEL02-PR;UOP02-DEL02-PR;;;
707202;25/07/2025;sexta-feira;18:10:00;MG;116;607;SAO JOAO DO MANHUACU;Acessar a via sem observar a presen�a dos outros ve�culos;Colis�o frontal;Com V�timas Feridas;Plena Noite;Decrescente;C�u Claro;Simples;Reta;Sim;2;0;2;0;0;0;2;2;-20,3988723;-42,1494701;SPRF-MG;DEL06-MG;UOP03-DEL06-MG;;;
707203;25/07/2025;sexta-feira;19:29:00;PE;104;48,7;CARUARU;Acessar a via sem observar a presen�a dos outros ve�culos;Colis�o traseira;Com V�timas Feridas;Plena Noite;Decrescente;C�u Claro;Dupla;Reta;N�o;3;0;1;0;2;0;1;2;-8,1404507;-35,9879163;SPRF-PE;DEL02-PE;UOP01-DEL02-PE;;;
707204;25/07/2025;sexta-feira;19:30:00;PR;277;12,5;GUARAQUECABA;Aus�ncia de rea��o do condutor;Sa�da de leito carro��vel;Com V�timas Feridas;Plena Noite;Crescente;C�u Claro;Dupla;Reta;N�o;2;0;1;0;1;0;1;1;-25,33432;-48,38194;SPRF-PR;DEL01-PR;UOP05-DEL01-PR;;;