id;data_inversa;dia_semana;horario;uf;br;km;municipio;causa_acidente;tipo_acidente;classificacao_acidente;fase_dia;sentido_via;condicao_metereologica;tipo_pista;tracado_via;uso_solo;pessoas;mortos;feridos_leves;feridos_graves;ilesos;ignorados;feridos;veiculos;latitude;longitude;regional;delegacia;uop;;;
707208;25/07/2025;sexta-feira;20:30:00;PR;277;725;FOZ DO IGUACU;Entrada inopinada do pedestre;Atropelamento de Pedestre;Com V�timas Feridas;Plena Noite;Crescente;C�u Claro;Dupla;Reta;Sim;2;0;1;0;1;0;1;2;-25,51066663;-54,55347061;SPRF-PR;DEL05-PR;UOP03-DEL05-PR;;;
707209;25/07/2025;sexta-feira;20:16:00;RN;101;124;SAO JOSE DE MIPIBU;Condutor desrespeitou a ilumina��o vermelha do sem�foro;Colis�o transversal;Sem V�timas;Plena Noite;Crescente;C�u Claro;Dupla;"Reta;Interse��o de Vias";Sim;2;0;0;0;1;1;0;2;-6,06974553;-35,23842065;SPRF-RN;DEL01-RN;UOP01-DEL01-RN;;;
707210;25/07/2025;sexta-feira;20:10:00;SC;282;3,9;FLORIANOPOLIS;Rea��o tardia ou ineficiente do condutor;Colis�o lateral mesmo sentido;Com V�timas Feridas;Plena Noite;Decrescente;Nublado;M�ltipla;"Reta;Declive";Sim;4;0;1;0;2;1;1;4;-27,59199307;-48,60548822;SPRF-SC;DEL01-SC;UOP01-DEL01-SC;;;
707211;25/07/2025;sexta-feira;10:20:00;MA;135;7;SAO LUIS;Acessar a via sem observar a presen�a dos outros ve�culos;Colis�o transversal;Com V�timas Feridas;Pleno dia;Crescente;C�u Claro;Dupla;"Retorno Regulamentado;Interse��o de Vias;Reta";Sim;2;0;1;0;1;0;1;2;-2,64073;-44,271698;SPRF-MA;DEL01-MA;UOP01-DEL01-MA;;;
707212;25/07/2025;sexta-feira;20:10:00;AP;156;250;MACAPA;Rea��o tardia ou ineficiente do condutor;Sa�da de leito carro��vel;Com V�timas Feridas;Plena Noite;Crescente;Nublado;Simples;Interse��o de Vias;N�o;2;0;1;0;1;0;1;1;0,20519928;-51,11753941;SPRF-AP;DEL01-AP;UOP01-DEL01-AP;;;
707213;25/07/2025;sexta-feira;18:30:00;RJ;116;76,7;TERESOPOLIS;Velocidade Incompat�vel;Queda de ocupante de ve�culo;Com V�timas Feridas;Anoitecer;Decrescente;Chuva;Simples;Curva;Sim;2;0;1;0;1;0;1;1;-22,362505;-42,949969;SPRF-RJ;DEL04-RJ;UOP01-DEL04-RJ;;;
707214;25/07/2025;sexta-feira;20:40:00;SC;101;208,7;SAO JOSE;Condutor deixou de manter dist�ncia do ve�culo da frente;Colis�o lateral mesmo sentido;Com V�timas Feridas;Plena Noite;Decrescente;Garoa/Chuvisco;Dupla;Reta;Sim;2;0;0;1;1;0;1;2;-27,615;-48,626;SPRF-SC;DEL01-SC;UOP01-DEL01-SC;;;
707215;10/07/2025;quinta-feira;07:10:00;PR;163;8;BARRACAO;Ingest�o de �lcool pelo condutor;Colis�o transversal;Com V�timas Feridas;Pleno dia;Crescente;C�u Claro;Dupla;Reta;Sim;2;0;1;0;1;0;1;2;-26,256462;-53,628392;SPRF-PR;DEL02-PR;UOP02-DEL02-PR;;;
707216;25/07/2025;sexta-feira;17:15:00;RO;364;342;JI-PARANA;Acessar a via sem observar a presen�a dos outros ve�culos;Colis�o transversal;Com V�timas Feridas;Pleno dia;Crescente;C�u Claro;Simples;Reta;Sim;2;0;1;0;1;0;1;2;-10,87959289;-61,94359839;SPRF-RO;DEL02-RO;UOP01-DEL02-RO;;;
707217;25/07/2025;sexta-feira;19:20:00;MG;381;652,3;PERDOES;Chuva;Sa�da de leito carro��vel;Com V�timas Feridas;Plena Noite;Decrescente;Chuva;Dupla;Curva;N�o;2;0;1;0;1;0;1;1;-21,12777939;-45,10020733;SPRF-MG;DEL04-MG;UOP02-DEL04-MG;;;
707218;25/07/2025;sexta-feira;17:40:00;MG;381;726,8;CARMO DA CACHOEIRA;Velocidade Incompat�vel;Sa�da de leito carro��vel;Com V�timas Feridas;Anoitecer;Decrescente;Chuva;Dupla;"Curva;Aclive";N�o;4;0;2;0;2;0;2;1;-21,4786075;-45,2012047;SPRF-MG;DEL04-MG;UOP02-DEL04-MG;;;
707219;25/07/2025;sexta-feira;20:30:00;PR;277;4,1;PARANAGUA;Acessar a via sem observar a presen�a dos outros ve�culos;Colis�o transversal;Sem V�timas;Plena Noite;Decrescente;Nublado;Dupla;"Reta;Interse��o de Vias";Sim;2;0;0;0;2;0;0;2;-25,5359;-48,5309;SPRF-PR;DEL01-PR;UOP05-DEL01-PR;;;
707220;25/07/2025;sexta-feira;20:50:00;ES;101;213;IBIRACU;Rea��o tardia ou ineficiente do condutor;Colis�o transversal;Com V�timas Feridas;Plena Noite;Crescente;C�u Claro;Simples;Reta;Sim;3;0;1;0;2;0;1;2;-19,82459;-40,369548;SPRF-ES;DEL02-ES;UOP01-DEL02-ES;;;
707222;25/07/2025;sexta-feira;20:40:00;AL;316;249;PILAR;Aus�ncia de rea��o do condutor;Colis�o lateral sentido oposto;Com V�timas Feridas;Plena Noite;Crescente;C�u Claro;Simples;Reta;N�o;3;0;2;0;1;0;2;2;-9,54967;-35,9799;SPRF-AL;DEL01-AL;UOP01-DEL01-AL;;;
707223;25/07/2025;sexta-feira;20:55:00;SP;116;139,1;SAO JOSE DOS CAMPOS;Manobra de mudan�a de faixa;Colis�o traseira;Com V�timas Feridas;Plena Noite;Crescente;Nublado;Dupla;Reta;N�o;2;0;1;0;1;0;1;2;-23,16153216;-45,80400592;SPRF-SP;DEL02-SP;UOP01-DEL02-SP;;;
707224;25/07/2025;sexta-feira;20:19:00;BA;101;389;UBATA;Ingest�o de �lcool pelo condutor;Colis�o frontal;Sem V�timas;Plena Noite;Crescente;C�u Claro;Simples;"Declive;Curva";N�o;2;0;0;0;1;1;0;2;-13,94051;-39,48825;SPRF-BA;DEL05-BA;UOP03-DEL05-BA;;;
707225;25/07/2025;sexta-feira;19:00:00;MG;365;421,9;PATOS DE MINAS;Demais falhas mec�nicas ou el�tricas;Inc�ndio;Sem V�timas;Plena Noite;Decrescente;C�u Claro;Simples;Reta;N�o;1;0;0;0;1;0;0;1;-18,701605;-46,603075;SPRF-MG;DEL10-MG;UOP01-DEL10-MG;;;
707231;25/07/2025;sexta-feira;20:40:00;SC;282;334;CAMPOS NOVOS;Transitar na contram�o;Colis�o frontal;Com V�timas Feridas;Plena Noite;Decrescente;C�u Claro;Simples;Reta;N�o;3;0;1;2;0;0;3;2;-27,39325961;-51,15371704;SPRF-SC;DEL07-SC;UOP06-DEL07-SC;;;
707232;25/07/2025;sexta-feira;19:25:00;PR;369;367,3;MAMBORE;Ultrapassagem Indevida;Sa�da de leito carro��vel;Com V�timas Feridas;Plena Noite;Crescente;C�u Claro;Simples;Curva;N�o;2;0;2;0;0;0;2;2;-24,22442396;-52,5170517;SPRF-PR;DEL04-PR;UOP03-DEL04-PR;;;
707233;25/07/2025;sexta-feira;22:00:00;SC;101;156;ITAPEMA;Condutor deixou de manter dist�ncia do ve�culo da frente;Colis�o traseira;Sem V�timas;Plena Noite;Crescente;C�u Claro;Dupla;Reta;N�o;2;0;0;0;2;0;0;2;-27,065944;-48,5955417;SPRF-SC;DEL04-SC;UOP03-DEL04-SC;;;
707234;25/07/2025;sexta-feira;19:30:00;SC;282;504,3;XANXERE;Pedestre cruzava a pista fora da faixa;Atropelamento de Pedestre;Com V�timas Fatais;Plena Noite;Decrescente;C�u Claro;Dupla;Curva;Sim;2;1;1;0;0;0;1;2;-26,884425;-52,408909;SPRF-SC;DEL07-SC;UOP01-DEL07-SC;;;
707236;25/07/2025;sexta-feira;21:45:00;MG;381;424,9;SABARA;Aus�ncia de rea��o do condutor;Sa�da de leito carro��vel;Com V�timas Feridas;Plena Noite;Crescente;Chuva;Simples;Curva;Sim;1;0;1;0;0;0;1;1;-19,78698294;-43,70151006;SPRF-MG;DEL01-MG;UOP01-DEL01-MG;;;
707239;25/07/2025;sexta-feira;21:00:00;MG;116;701,6;MURIAE;Convers�o proibida;Colis�o transversal;Com V�timas Feridas;Plena Noite;Crescente;Garoa/Chuvisco;Simples;Reta;Sim;3;0;2;0;0;1;2;2;-21,11881229;-42,38020062;SPRF-MG;DEL07-MG;UOP02-DEL07-MG;;;
707242;25/07/2025;sexta-feira;23:21:00;PI;343;2;PARNAIBA;Condutor deixou de manter dist�ncia do ve�culo da frente;Colis�o traseira;Com V�timas Feridas;Plena Noite;Decrescente;C�u Claro;Simples;Reta;N�o;3;0;2;0;1;0;2;2;-2,89792046;-41,67580962;SPRF-PI;DEL05-PI;UOP01-DEL05-PI;;;
707244;25/07/2025;sexta-feira;22:30:00;GO;153;437;ANAPOLIS;Ingest�o de �lcool pelo condutor;Colis�o com objeto;Com V�timas Feridas;Plena Noite;Crescente;C�u Claro;Dupla;"Desvio Tempor�rio;Declive;Curva";N�o;1;0;1;0;0;0;1;1;-16,304287;-48,924678;SPRF-GO;DEL02-GO;UOP01-DEL02-GO;;;
707245;25/07/2025;sexta-feira;23:00:00;SP;116;290;ITAPECERICA DA SERRA;Aus�ncia de rea��o do condutor;Capotamento;Com V�timas Feridas;Plena Noite;Decrescente;Nevoeiro/Neblina;Dupla;Curva;N�o;3;0;2;0;1;0;2;1;-23,722593;-46,890399;SPRF-SP;DEL04-SP;UOP01-DEL04-SP;;;
707246;26/07/2025;s�bado;00:02:00;RS;290;364,8;VILA NOVA DO SUL;Ingest�o de �lcool pelo condutor;Colis�o frontal;Com V�timas Feridas;Plena Noite;Crescente;C�u Claro;Simples;Reta;N�o;3;0;0;3;0;0;3;2;-30,358833;-53,819545;SPRF-RS;DEL09-RS;UOP02-DEL09-RS;;;
707247;19/02/2025;quarta-feira;23:40:00;RS;116;2,5;PORTO ALEGRE;Aus�ncia de rea��o do condutor;Colis�o traseira;Com V�timas Feridas;Plena Noite;Decrescente;C�u Claro;M�ltipla;Reta;Sim;2;0;1;0;1;0;1;2;-29,99259256;-51,18596256;SPRF-RS;DEL01-RS;UOP01-DEL01-RS;;;
707248;25/07/2025;sexta-feira;19:20:00;MG;116;408,9;GOVERNADOR VALADARES;Pedestre andava na pista;Atropelamento de Pedestre;Com V�timas Feridas;Plena Noite;Decrescente;Ignorado;Dupla;Reta;Sim;2;0;0;1;1;0;1;2;-18,848686;-41,979285;SPRF-MG;DEL06-MG;UOP01-DEL06-MG;;;
707249;25/07/2025;sexta-feira;22:20:00;PR;476;169;CONTENDA;Rea��o tardia ou ineficiente do condutor;Colis�o transversal;Com V�timas Feridas;Plena Noite;Decrescente;Nublado;Simples;Reta;N�o;2;0;1;0;0;1;1;2;-25,68485019;-49,532547;SPRF-PR;DEL01-PR;UOP06-DEL01-PR;;;
707250;25/07/2025;sexta-feira;23:30:00;PR;369;202,5;APUCARANA;Rea��o tardia ou ineficiente do condutor;Colis�o lateral mesmo sentido;Com V�timas Feridas;Plena Noite;Crescente;C�u Claro;Simples;Reta;Sim;3;0;1;0;2;0;1;2;-23,54653157;-51,45232964;SPRF-PR;DEL07-PR;UOP03-DEL07-PR;;;
707251;25/07/2025;sexta-feira;23:35:00;PI;316;27,2;DEMERVAL LOBAO;Animais na Pista;Atropelamento de Animal;Com V�timas Feridas;Plena Noite;Decrescente;C�u Claro;Dupla;"Reta;Aclive";N�o;2;0;0;2;0;0;2;1;-5,318779;-42,70072;SPRF-PI;DEL01-PI;UOP02-DEL01-PI;;;
707254;25/07/2025;sexta-feira;21:50:00;MG;0;0;RUBELITA;Rea��o tardia ou ineficiente do condutor;Sa�da de leito carro��vel;Com V�timas Feridas;Plena Noite;N�o Informado;C�u Claro;Simples;"Aclive;Curva";N�o;1;0;1;0;0;0;1;1;-16,437862;-42,251803;SPRF-MG;DEL12-MG;UOP02-DEL12-MG;;;
707256;25/07/2025;sexta-feira;22:50:00;PR;116;36,2;CAMPINA GRANDE DO SUL;Animais na Pista;Atropelamento de Animal;Sem V�timas;Plena Noite;Crescente;Nevoeiro/Neblina;Dupla;Curva;N�o;1;0;0;0;1;0;0;1;-25,15308712;-48,86059698;SPRF-PR;DEL01-PR;UOP02-DEL01-PR;;;
707257;26/07/2025;s�bado;00:37:00;SC;282;497;XANXERE;Ingest�o de �lcool pelo condutor;Sa�da de leito carro��vel;Com V�timas Feridas;Plena Noite;Crescente;Nublado;Simples;"Declive;Reta";N�o;1;0;1;0;0;0;1;1;-26,8796962;-52,3386305;SPRF-SC;DEL07-SC;UOP01-DEL07-SC;;;
707259;25/07/2025;sexta-feira;22:40:00;PR;116;130;FAZENDA RIO GRANDE;Velocidade Incompat�vel;Colis�o traseira;Com V�timas Fatais;Plena Noite;Decrescente;Nevoeiro/Neblina;Dupla;"Declive;Reta";Sim;3;1;1;0;1;0;1;2;-25,679891;-49,315995;SPRF-PR;DEL01-PR;UOP03-DEL01-PR;;;
707260;26/07/2025;s�bado;01:00:00;MG;381;484,8;BETIM;Ingest�o de �lcool pelo condutor;Colis�o com objeto;Com V�timas Feridas;Plena Noite;Decrescente;Nublado;M�ltipla;Reta;Sim;2;0;2;0;0;0;2;1;-19,9570333;-44,0937899;SPRF-MG;DEL01-MG;UOP03-DEL01-MG;;;
707261;26/07/2025;s�bado;00:30:00;MG;381;521,5;BRUMADINHO;Velocidade Incompat�vel;Sa�da de leito carro��vel;Com V�timas Feridas;Plena Noite;Decrescente;Nublado;Dupla;Curva;N�o;2;0;1;0;1;0;1;1;-20,12206;-44,300735;SPRF-MG;DEL04-MG;UOP03-DEL04-MG;;;
707263;26/07/2025;s�bado;02:15:00;SP;153;29;NOVA GRANADA;Demais falhas mec�nicas ou el�tricas;Inc�ndio;Sem V�timas;Plena Noite;Decrescente;C�u Claro;Simples;Reta;N�o;1;0;0;0;1;0;0;1;-20,528118;-49,329283;SPRF-SP;DEL09-SP;UOP01-DEL09-SP;;;
707264;26/07/2025;s�bado;01:45:00;RO;319;144;PORTO VELHO;Aus�ncia de rea��o do condutor;Colis�o com objeto;Com V�timas Feridas;Plena Noite;Crescente;C�u Claro;Dupla;"Reta;Interse��o de Vias";Sim;1;0;1;0;0;0;1;1;-8,8047616;-63,7599744;SPRF-RO;DEL01-RO;UOP01-DEL01-RO;;;
707266;26/07/2025;s�bado;03:00:00;BA;324;513;FEIRA DE SANTANA;Transitar na contram�o;Colis�o frontal;Com V�timas Feridas;Plena Noite;Crescente;Garoa/Chuvisco;Simples;Reta;Sim;2;0;0;1;1;0;1;2;-12,232203;-38,95293;SPRF-BA;DEL02-BA;UOP01-DEL02-BA;;;
707269;26/07/2025;s�bado;04:36:00;PR;277;135,5;BALSA NOVA;Aus�ncia de rea��o do condutor;Capotamento;Sem V�timas;Plena Noite;Decrescente;C�u Claro;Dupla;"Declive;Curva";N�o;1;0;0;0;0;1;0;1;-25,4686479;-49,6235084;SPRF-PR;DEL03-PR;UOP03-DEL03-PR;;;
707270;26/07/2025;s�bado;04:00:00;SC;116;2,4;MAFRA;Ingest�o de �lcool pelo condutor;Colis�o traseira;Com V�timas Feridas;Plena Noite;Crescente;Nevoeiro/Neblina;Simples;Reta;N�o;3;0;1;0;2;0;1;2;-26,13016554;-49,79878306;SPRF-SC;DEL06-SC;UOP01-DEL06-SC;;;
707272;26/07/2025;s�bado;04:23:00;PR;369;148;LONDRINA;Condutor desrespeitou a ilumina��o vermelha do sem�foro;Colis�o transversal;Com V�timas Feridas;Plena Noite;Crescente;C�u Claro;Dupla;Reta;Sim;3;0;1;0;2;0;1;2;-23,2929497;-51,14299583;SPRF-PR;DEL07-PR;UOP01-DEL07-PR;;;
707274;25/07/2025;sexta-feira;16:20:00;PR;272;558;TERRA ROXA;Manobra de mudan�a de faixa;Sa�da de leito carro��vel;Com V�timas Feridas;Pleno dia;Decrescente;Sol;Simples;Reta;N�o;3;0;2;1;0;0;3;1;-24,081918;-54,150712;SPRF-PR;DEL06-PR;UOP01-DEL06-PR;;;
707275;26/07/2025;s�bado;05:49:00;PR;376;176,5;MARINGA;Acessar a via sem observar a presen�a dos outros ve�culos;Colis�o transversal;Com V�timas Feridas;Amanhecer;Crescente;C�u Claro;M�ltipla;"Interse��o de Vias;Reta";Sim;2;0;0;1;0;1;1;2;-23,41252524;-51,93244368;SPRF-PR;DEL09-PR;UOP01-DEL09-PR;;;
707276;26/07/2025;s�bado;00:50:00;BA;101;108;ALAGOINHAS;Ingest�o de �lcool pelo condutor;Colis�o frontal;Com V�timas Feridas;Plena Noite;Decrescente;Nublado;Simples;Reta;Sim;2;0;0;1;1;0;1;2;-12,15336826;-38,40229637;SPRF-BA;DEL01-BA;UOP04-DEL01-BA;;;
707277;26/07/2025;s�bado;03:18:00;SP;116;113,7;TAUBATE;Animais na Pista;Atropelamento de Animal;Com V�timas Feridas;Plena Noite;Crescente;C�u Claro;Dupla;Reta;N�o;2;0;0;1;1;0;1;1;-23,04575165;-45,58765624;SPRF-SP;DEL02-SP;UOP02-DEL02-SP;;;
707278;26/07/2025;s�bado;05:30:00;BA;101;723;EUNAPOLIS;Rea��o tardia ou ineficiente do condutor;Colis�o com objeto;Com V�timas Feridas;Amanhecer;Decrescente;Nevoeiro/Neblina;Simples;Curva;N�o;1;0;1;0;0;0;1;1;-16,4150916;-39,58631516;SPRF-BA;DEL09-BA;UOP01-DEL09-BA;;;
707281;25/07/2025;sexta-feira;22:40:00;PR;163;8;BARRACAO;Acessar a via sem observar a presen�a dos outros ve�culos;Colis�o frontal;Sem V�timas;Plena Noite;Decrescente;C�u Claro;Simples;Curva;Sim;2;0;0;0;2;0;0;2;-26,254664;-53,63332272;SPRF-PR;DEL02-PR;UOP02-DEL02-PR;;;
707282;26/07/2025;s�bado;06:15:00;RJ;101;493;ANGRA DOS REIS;Convers�o proibida;Colis�o transversal;Com V�timas Feridas;Pleno dia;Crescente;C�u Claro;Dupla;Reta;Sim;2;0;1;0;1;0;1;2;-22,93862007;-44,31946349;SPRF-RJ;DEL03-RJ;UOP03-DEL03-RJ;;;
707283;26/07/2025;s�bado;05:10:00;PA;308;157,3;CAPANEMA;Aus�ncia de rea��o do condutor;Colis�o traseira;Com V�timas Feridas;Amanhecer;Decrescente;C�u Claro;Simples;"Declive;Reta";N�o;2;0;0;1;1;0;1;2;-1,2112677;-47,1296611;SPRF-PA;DEL01-PA;UOP03-DEL01-PA;;;
707284;26/07/2025;s�bado;05:30:00;MT;364;403;CUIABA;Aus�ncia de rea��o do condutor;Queda de ocupante de ve�culo;Sem V�timas;Amanhecer;Decrescente;C�u Claro;Dupla;Reta;Sim;1;0;0;0;0;1;0;1;-15,647418;-56,006405;SPRF-MT;DEL01-MT;UOP02-DEL01-MT;;;
707285;26/07/2025;s�bado;06:30:00;ES;101;373,9;ICONHA;Chuva;Colis�o com objeto;Com V�timas Feridas;Pleno dia;Decrescente;Chuva;Dupla;Curva;N�o;1;0;1;0;0;0;1;1;-20,78585639;-40,78216966;SPRF-ES;DEL03-ES;UOP01-DEL03-ES;;;
707286;26/07/2025;s�bado;04:56:00;MG;116;496;INHAPIM;Aus�ncia de rea��o do condutor;Tombamento;Com V�timas Feridas;Amanhecer;Decrescente;C�u Claro;Simples;Curva;N�o;1;0;0;1;0;0;1;1;-19,5414383;-42,12560892;SPRF-MG;DEL06-MG;UOP02-DEL06-MG;;;
707287;26/07/2025;s�bado;05:36:00;MT;163;578,4;NOVA MUTUM;Rea��o tardia ou ineficiente do condutor;Sa�da de leito carro��vel;Com V�timas Feridas;Amanhecer;Decrescente;C�u Claro;Dupla;Reta;N�o;1;0;1;0;0;0;1;1;-13,99025649;-56,09856606;SPRF-MT;DEL01-MT;UOP01-DEL01-MT;;;
707289;26/07/2025;s�bado;07:00:00;SP;116;335;JUQUITIBA;Aus�ncia de rea��o do condutor;Colis�o com objeto;Com V�timas Feridas;Pleno dia;Decrescente;Nublado;Dupla;Reta;N�o;2;0;1;0;1;0;1;1;-23,97345274;-47,13705206;SPRF-SP;DEL04-SP;UOP03-DEL04-SP;;;
707290;25/07/2025;sexta-feira;19:20:00;RJ;465;17;NOVA IGUACU;Aus�ncia de rea��o do condutor;Colis�o traseira;Com V�timas Feridas;Plena Noite;Crescente;C�u Claro;Simples;Reta;Sim;2;0;1;0;1;0;1;2;-22,8239428;-43,62111926;SPRF-RJ;DEL06-RJ;UOP02-DEL06-RJ;;;
707293;24/07/2025;quinta-feira;12:00:00;GO;0;0;GOIANIA;Curva acentuada;Colis�o com objeto;Sem V�timas;Pleno dia;N�o Informado;C�u Claro;Simples;Reta;Sim;1;0;0;0;1;0;0;1;-16,70853011;-49,26704591;SPRF-GO;DEL05-GO;UOP01-DEL05-GO;;;
707294;26/07/2025;s�bado;07:39:00;PI;343;343;TERESINA;Condutor deixou de manter dist�ncia do ve�culo da frente;Colis�o lateral mesmo sentido;Com V�timas Feridas;Pleno dia;Crescente;C�u Claro;Simples;Aclive;N�o;2;0;1;0;0;1;1;2;-5,08871989;-42,75931853;SPRF-PI;DEL01-PI;UOP01-DEL01-PI;;;
707295;26/07/2025;s�bado;06:45:00;MG;262;645,1;IBIA;Aus�ncia de rea��o do condutor;Colis�o lateral mesmo sentido;Sem V�timas;Amanhecer;Crescente;C�u Claro;Simples;Reta;N�o;5;0;0;0;5;0;0;2;-19,583772;-46,612504;SPRF-MG;DEL08-MG;UOP01-DEL08-MG;;;
707297;26/07/2025;s�bado;06:50:00;MT;70;776,9;CACERES;Velocidade Incompat�vel;Colis�o traseira;Com V�timas Feridas;Pleno dia;Decrescente;C�u Claro;Simples;Reta;Sim;2;0;0;1;1;0;1;2;-16,20284059;-58,07198525;SPRF-MT;DEL03-MT;UOP01-DEL03-MT;;;
707299;26/07/2025;s�bado;08:10:00;SP;116;120,7;CACAPAVA;Rea��o tardia ou ineficiente do condutor;Colis�o traseira;Sem V�timas;Pleno dia;Decrescente;C�u Claro;Dupla;Reta;N�o;4;0;0;0;4;0;0;2;-23,06873417;-45,6383168;SPRF-SP;DEL02-SP;UOP02-DEL02-SP;;;
707300;26/07/2025;s�bado;08:00:00;MG;381;382,9;BARAO DE COCAIS;Rea��o tardia ou ineficiente do condutor;Colis�o traseira;Com V�timas Feridas;Pleno dia;Decrescente;C�u Claro;Dupla;"Reta;Declive";N�o;5;0;3;1;1;0;4;2;-19,8025825;-43,4107471;SPRF-MG;DEL01-MG;UOP01-DEL01-MG;;;
707301;25/07/2025;sexta-feira;21:45:00;SC;282;30,2;SANTO AMARO DA IMPERATRIZ;Rea��o tardia ou ineficiente do condutor;Sa�da de leito carro��vel;Sem V�timas;Plena Noite;Decrescente;Chuva;Simples;"Curva;Declive";N�o;1;0;0;0;1;0;0;1;-27,68848;-48,79222;SPRF-SC;DEL01-SC;UOP03-DEL01-SC;;;
707302;26/07/2025;s�bado;06:50:00;SP;381;80;SAO PAULO;Aus�ncia de rea��o do condutor;Colis�o com objeto;Sem V�timas;Amanhecer;Crescente;C�u Claro;Dupla;Reta;Sim;1;0;0;0;0;1;0;1;-23,41948;-46,58035;SPRF-SP;DEL03-SP;UOP01-DEL03-SP;;;
707303;26/07/2025;s�bado;07:40:00;PI;343;347;TERESINA;Condutor deixou de manter dist�ncia do ve�culo da frente;Colis�o traseira;Com V�timas Feridas;Pleno dia;Decrescente;Sol;Simples;Reta;Sim;2;0;1;0;0;1;1;2;-5,11402663;-42,77663112;SPRF-PI;DEL01-PI;UOP01-DEL01-PI;;;
707304;26/07/2025;s�bado;09:00:00;MG;381;492;BETIM;Aus�ncia de rea��o do condutor;Colis�o traseira;Com V�timas Feridas;Pleno dia;Crescente;Sol;M�ltipla;Reta;Sim;2;0;1;0;1;0;1;2;-19,96266904;-44,1656154;SPRF-MG;DEL01-MG;UOP03-DEL01-MG;;;
707305;26/07/2025;s�bado;07:20:00;SP;116;442;REGISTRO;Rea��o tardia ou ineficiente do condutor;Colis�o traseira;Com V�timas Feridas;Pleno dia;Crescente;Nevoeiro/Neblina;Dupla;Reta;Sim;2;0;1;0;1;0;1;2;-24,47623656;-47,82780854;SPRF-SP;DEL05-SP;UOP01-DEL05-SP;;;
707310;26/07/2025;s�bado;05:30:00;PR;153;379;MALLET;Transitar na contram�o;Colis�o lateral sentido oposto;Sem V�timas;Plena Noite;Crescente;Nevoeiro/Neblina;Simples;Reta;N�o;2;0;0;0;2;0;0;2;-25,8071005;-50,8502587;SPRF-PR;DEL08-PR;UOP02-DEL08-PR;;;
707312;26/07/2025;s�bado;02:40:00;PR;277;4,7;PARANAGUA;Rea��o tardia ou ineficiente do condutor;Colis�o com objeto;Sem V�timas;Plena Noite;Decrescente;C�u Claro;Dupla;Curva;N�o;2;0;0;0;2;0;0;1;-25,5559728;-48,5646517;SPRF-PR;DEL01-PR;UOP05-DEL01-PR;;;
707313;26/07/2025;s�bado;09:40:00;PB;230;22;JOAO PESSOA;Rea��o tardia ou ineficiente do condutor;Colis�o traseira;Com V�timas Feridas;Pleno dia;Crescente;Nublado;Dupla;Reta;N�o;3;0;0;1;2;0;1;3;-7,15436;-34,855932;SPRF-PB;DEL01-PB;UOP01-DEL01-PB;;;
707314;26/07/2025;s�bado;03:30:00;RS;472;142,1;TRES DE MAIO;Aus�ncia de rea��o do condutor;Sa�da de leito carro��vel;Com V�timas Fatais;Plena Noite;Decrescente;Nublado;Simples;"Reta;Aclive";N�o;1;1;0;0;0;0;0;1;-27,7736039;-54,33472808;SPRF-RS;DEL10-RS;UOP01-DEL10-RS;;;
707315;26/07/2025;s�bado;09:30:00;PA;316;70;CASTANHAL;Aus�ncia de rea��o do condutor;Colis�o traseira;Sem V�timas;Pleno dia;Decrescente;C�u Claro;Simples;Reta;N�o;3;0;0;0;3;0;0;2;-1,29168166;-47,86747456;SPRF-PA;DEL01-PA;UOP01-DEL01-PA;;;
707316;26/07/2025;s�bado;08:20:00;MT;364;203;RONDONOPOLIS;Pista Escorregadia;Queda de ocupante de ve�culo;Com V�timas Feridas;Pleno dia;Decrescente;C�u Claro;Dupla;"Declive;Reta";Sim;1;0;1;0;0;0;1;1;-16,47438038;-54,6539294;SPRF-MT;DEL02-MT;UOP01-DEL02-MT;;;
707317;26/07/2025;s�bado;08:20:00;PI;343;347;TERESINA;Condutor deixou de manter dist�ncia do ve�culo da frente;Colis�o lateral mesmo sentido;Sem V�timas;Pleno dia;Crescente;C�u Claro;Simples;Reta;N�o;2;0;0;0;2;0;0;2;-5,11542502;-42,77986425;SPRF-PI;DEL01-PI;UOP01-DEL01-PI;;;
707319;26/07/2025;s�bado;09:17:00;SC;101;91;BARRA VELHA;Rea��o tardia ou ineficiente do condutor;Colis�o com objeto;Sem V�timas;Pleno dia;Crescente;C�u Claro;Dupla;Reta;Sim;1;0;0;0;0;1;0;1;-26,67085408;-48,69022608;SPRF-SC;DEL03-SC;UOP02-DEL03-SC;;;
707321;26/07/2025;s�bado;07:00:00;CE;116;367;ICO;Demais falhas na via;Engavetamento;Com V�timas Feridas;Pleno dia;Crescente;C�u Claro;Simples;Curva;N�o;4;0;1;1;1;1;2;3;-6,362575;-38,779793;SPRF-CE;DEL05-CE;UOP01-DEL05-CE;;;
707322;26/07/2025;s�bado;09:50:00;RS;116;211,2;MORRO REUTER;Acessar a via sem observar a presen�a dos outros ve�culos;Colis�o lateral mesmo sentido;Com V�timas Feridas;Pleno dia;Crescente;C�u Claro;Simples;Reta;N�o;4;0;1;1;2;0;2;2;-29,52289732;-51,08649778;SPRF-RS;DEL05-RS;UOP02-DEL05-RS;;;
707323;26/07/2025;s�bado;09:00:00;MG;262;10,6;MARTINS SOARES;Transitar no Acostamento;Colis�o traseira;Com V�timas Feridas;Pleno dia;Crescente;Nublado;Simples;"Curva;Retorno Regulamentado;Declive";N�o;6;0;4;1;1;0;5;2;-20,243565;-41,842752;SPRF-MG;DEL06-MG;UOP03-DEL06-MG;;;