id;data_inversa;dia_semana;horario;uf;br;km;municipio;causa_acidente;tipo_acidente;classificacao_acidente;fase_dia;sentido_via;condicao_metereologica;tipo_pista;tracado_via;uso_solo;pessoas;mortos;feridos_leves;feridos_graves;ilesos;ignorados;feridos;veiculos;latitude;longitude;regional;delegacia;uop;;;
707324;16/07/2025;quarta-feira;19:15:00;PE;407;129,9;PETROLINA;Condutor deixou de manter dist�ncia do ve�culo da frente;Colis�o traseira;Com V�timas Feridas;Plena Noite;Crescente;Ignorado;Simples;"Reta;Ponte";Sim;2;0;1;0;1;0;1;2;-9,406274;-40,50463;SPRF-PE;DEL06-PE;UOP01-DEL06-PE;;;
707325;26/07/2025;s�bado;09:30:00;BA;235;342,4;JUAZEIRO;Transitar na contram�o;Colis�o frontal;Com V�timas Feridas;Pleno dia;Crescente;C�u Claro;Simples;Reta;Sim;5;0;3;2;0;0;5;2;-9,4572647;-40,4188503;SPRF-PE;DEL06-PE;UOP01-DEL06-PE;;;
707331;26/07/2025;s�bado;09:00:00;PE;101;82;JABOATAO DOS GUARARAPES;Manobra de mudan�a de faixa;Colis�o lateral mesmo sentido;Sem V�timas;Pleno dia;Crescente;C�u Claro;M�ltipla;"Curva;Interse��o de Vias";Sim;2;0;0;0;1;1;0;2;-8,170963;-34,938903;SPRF-PE;DEL01-PE;UOP01-DEL01-PE;;;
707334;26/07/2025;s�bado;11:40:00;SC;116;7;MAFRA;Acessar a via sem observar a presen�a dos outros ve�culos;Colis�o transversal;Com V�timas Feridas;Pleno dia;Crescente;C�u Claro;Simples;Interse��o de Vias;Sim;3;0;1;0;2;0;1;2;-26,15235;-49,83193;SPRF-SC;DEL06-SC;UOP01-DEL06-SC;;;
707335;20/05/2025;ter�a-feira;18:20:00;PR;376;181;MARINGA;Manobra de mudan�a de faixa;Colis�o lateral mesmo sentido;Com V�timas Feridas;Anoitecer;Crescente;C�u Claro;Dupla;Reta;N�o;3;0;1;0;1;1;1;3;-23,42867227;-51,89303963;SPRF-PR;DEL09-PR;UOP01-DEL09-PR;;;
707337;26/07/2025;s�bado;11:35:00;SP;116;155;SAO JOSE DOS CAMPOS;Aus�ncia de rea��o do condutor;Colis�o traseira;Com V�timas Feridas;Pleno dia;Decrescente;Sol;M�ltipla;Reta;N�o;2;0;1;0;1;0;1;2;-23,23947031;-45,92094898;SPRF-SP;DEL02-SP;UOP01-DEL02-SP;;;
707338;26/07/2025;s�bado;11:50:00;SC;101;207;SAO JOSE;Manobra de mudan�a de faixa;Colis�o traseira;Com V�timas Feridas;Pleno dia;Crescente;C�u Claro;M�ltipla;Declive;Sim;2;0;1;0;1;0;1;2;-27,60211284;-48,6292135;SPRF-SC;DEL01-SC;UOP01-DEL01-SC;;;
707339;26/07/2025;s�bado;11:43:00;PE;408;60,4;PAUDALHO;Ingest�o de �lcool pelo condutor;Colis�o traseira;Com V�timas Feridas;Pleno dia;Decrescente;C�u Claro;Dupla;Curva;N�o;4;0;3;0;1;0;3;2;-7,86274;-35,20782;SPRF-PE;DEL01-PE;UOP01-DEL01-PE;;;
707341;26/07/2025;s�bado;12:22:00;CE;116;3;FORTALEZA;Manobra de mudan�a de faixa;Colis�o lateral mesmo sentido;Com V�timas Feridas;Pleno dia;Decrescente;C�u Claro;M�ltipla;"Viaduto;Reta";Sim;2;0;2;0;0;0;2;1;-3,77931015;-38,51446152;SPRF-CE;DEL01-CE;UOP02-DEL01-CE;;;
707342;26/07/2025;s�bado;08:00:00;MG;262;736;PERDIZES;Aus�ncia de rea��o do condutor;Colis�o traseira;Com V�timas Feridas;Pleno dia;Crescente;C�u Claro;Simples;"Reta;Em Obras";N�o;3;0;1;0;2;0;1;2;-19,6180115;-47,3440361;SPRF-MG;DEL08-MG;UOP01-DEL08-MG;;;
707344;26/07/2025;s�bado;11:45:00;PR;376;180;MARINGA;Condutor deixou de manter dist�ncia do ve�culo da frente;Colis�o traseira;Sem V�timas;Pleno dia;Crescente;C�u Claro;Dupla;Reta;Sim;6;0;0;0;6;0;0;2;-23,42179;-51,906031;SPRF-PR;DEL09-PR;UOP01-DEL09-PR;;;
707346;26/07/2025;s�bado;12:30:00;CE;116;49,8;PACAJUS;Acessar a via sem observar a presen�a dos outros ve�culos;Colis�o transversal;Com V�timas Fatais;Pleno dia;Decrescente;C�u Claro;Dupla;Reta;N�o;4;1;0;0;3;0;0;2;-4,1706589;-38,494162;SPRF-CE;DEL01-CE;UOP02-DEL01-CE;;;
707347;26/07/2025;s�bado;12:20:00;MG;40;421,5;CURVELO;Demais falhas mec�nicas ou el�tricas;Tombamento;Com V�timas Feridas;Pleno dia;Decrescente;C�u Claro;Simples;"Declive;Reta";N�o;2;0;1;0;1;0;1;1;-19,15384089;-44,5498452;SPRF-MG;DEL02-MG;UOP01-DEL02-MG;;;
707348;26/07/2025;s�bado;12:00:00;PR;277;121;CAMPO LARGO;Rea��o tardia ou ineficiente do condutor;Atropelamento de Pedestre;Com V�timas Feridas;Pleno dia;Crescente;C�u Claro;Dupla;"Reta;Retorno Regulamentado";Sim;2;0;1;0;1;0;1;2;-25,44650515;-49,48723761;SPRF-PR;DEL03-PR;UOP03-DEL03-PR;;;
707351;26/07/2025;s�bado;13:00:00;RS;386;351;ESTRELA;Trafegar com motocicleta (ou similar) entre as faixas;Colis�o lateral mesmo sentido;Com V�timas Feridas;Pleno dia;Decrescente;Sol;Dupla;"Em Obras;Reta";N�o;3;0;1;0;2;0;1;3;-29,48187218;-51,9541618;SPRF-RS;DEL04-RS;UOP01-DEL04-RS;;;
707352;26/07/2025;s�bado;13:10:00;SP;381;80;MAIRIPORA;Rea��o tardia ou ineficiente do condutor;Queda de ocupante de ve�culo;Com V�timas Feridas;Pleno dia;Decrescente;C�u Claro;M�ltipla;"Aclive;Curva";N�o;1;0;1;0;0;0;1;1;-23,29098744;-46,58605416;SPRF-SP;DEL03-SP;UOP01-DEL03-SP;;;
707354;26/07/2025;s�bado;03:00:00;MG;356;266;MURIAE;Ingest�o de �lcool pelo condutor;Sa�da de leito carro��vel;Com V�timas Feridas;Plena Noite;Crescente;C�u Claro;Simples;Reta;Sim;1;0;1;0;0;0;1;1;-21,12828;-42,364132;SPRF-MG;DEL07-MG;UOP02-DEL07-MG;;;
707355;26/07/2025;s�bado;13:40:00;ES;101;239;FUNDAO;Ingest�o de �lcool pelo condutor;Colis�o traseira;Com V�timas Feridas;Pleno dia;Decrescente;C�u Claro;Dupla;Reta;N�o;6;0;2;1;3;0;3;4;-20,01375833;-40,40522575;SPRF-ES;DEL02-ES;UOP01-DEL02-ES;;;
707356;26/07/2025;s�bado;13:10:00;DF;20;3,5;BRASILIA;Aus�ncia de rea��o do condutor;Eventos at�picos;Com V�timas Feridas;Pleno dia;Decrescente;C�u Claro;Dupla;Declive;Sim;4;0;0;1;3;0;1;2;-15,67856;-47,8278;SPRF-DF;DEL02-DF;UOP01-DEL02-DF;;;
707357;26/07/2025;s�bado;13:25:00;SC;158;103,5;CUNHA PORA;Ingest�o de �lcool pelo condutor;Colis�o traseira;Com V�timas Feridas;Pleno dia;Decrescente;Nublado;Simples;"Reta;Aclive";N�o;2;0;1;0;0;1;1;2;-26,84290314;-53,17150116;SPRF-SC;DEL07-SC;UOP02-DEL07-SC;;;
707359;26/07/2025;s�bado;08:30:00;MA;135;194,7;ALTO ALEGRE DO MARANHAO;Transitar no Acostamento;Atropelamento de Pedestre;Com V�timas Feridas;Pleno dia;Decrescente;Sol;Simples;Reta;N�o;2;0;0;1;0;1;1;2;-4,15197;-44,46992;SPRF-MA;DEL03-MA;UOP01-DEL03-MA;;;
707360;26/07/2025;s�bado;13:00:00;ES;262;36;DOMINGOS MARTINS;Acesso irregular;Colis�o lateral mesmo sentido;Com V�timas Feridas;Pleno dia;Crescente;C�u Claro;Simples;Curva;N�o;2;0;2;0;0;0;2;2;-20,382063;-40,607021;SPRF-ES;DEL01-ES;UOP01-DEL01-ES;;;
707363;26/07/2025;s�bado;15:00:00;PB;101;89,3;JOAO PESSOA;Condutor deixou de manter dist�ncia do ve�culo da frente;Tombamento;Com V�timas Feridas;Pleno dia;Decrescente;C�u Claro;Dupla;Reta;N�o;1;0;1;0;0;0;1;1;-7,17725009;-34,89929718;SPRF-PB;DEL01-PB;UOP01-DEL01-PB;;;
707365;26/07/2025;s�bado;13:10:00;AC;364;132;RIO BRANCO;Ingest�o de �lcool pelo condutor;Queda de ocupante de ve�culo;Com V�timas Feridas;Pleno dia;Crescente;C�u Claro;Simples;Reta;Sim;1;0;0;1;0;0;1;1;-10,01268585;-67,84190001;SPRF-AC;DEL01-AC;UOP01-DEL01-AC;;;
707368;26/07/2025;s�bado;15:10:00;RS;116;260;CANOAS;Rea��o tardia ou ineficiente do condutor;Colis�o lateral mesmo sentido;Com V�timas Feridas;Pleno dia;Decrescente;Nublado;Dupla;Reta;Sim;2;0;1;0;1;0;1;2;-29,87375292;-51,17974413;SPRF-RS;DEL01-RS;UOP01-DEL01-RS;;;
707369;26/07/2025;s�bado;14:40:00;MG;40;508,7;RIBEIRAO DAS NEVES;Manobra de mudan�a de faixa;Colis�o lateral mesmo sentido;Sem V�timas;Pleno dia;Decrescente;C�u Claro;Dupla;"Declive;Retorno Regulamentado";Sim;2;0;0;0;2;0;0;2;-19,76503099;-44,13049247;SPRF-MG;DEL01-MG;UOP02-DEL01-MG;;;
707370;26/07/2025;s�bado;15:23:00;BA;324;621;SALVADOR;Demais falhas mec�nicas ou el�tricas;Inc�ndio;Sem V�timas;Pleno dia;Decrescente;C�u Claro;Dupla;Reta;N�o;1;0;0;0;1;0;0;1;-12,917635;-38,46360333;SPRF-BA;DEL01-BA;UOP01-DEL01-BA;;;
707371;26/07/2025;s�bado;15:40:00;SP;116;282,1;EMBU DAS ARTES;Avarias e/ou desgaste excessivo no pneu;Queda de ocupante de ve�culo;Com V�timas Feridas;Pleno dia;Decrescente;C�u Claro;Dupla;Reta;Sim;2;0;1;0;1;0;1;1;-23,66191889;-46,85265541;SPRF-SP;DEL04-SP;UOP01-DEL04-SP;;;
707372;26/07/2025;s�bado;13:30:00;PB;104;153;QUEIMADAS;Demais falhas mec�nicas ou el�tricas;Inc�ndio;Sem V�timas;Pleno dia;Crescente;C�u Claro;Simples;Reta;N�o;1;0;0;0;1;0;0;1;-7,3743447;-35,8986011;SPRF-PB;DEL02-PB;UOP03-DEL02-PB;;;
707374;26/07/2025;s�bado;15:40:00;ES;101;251;SERRA;Rea��o tardia ou ineficiente do condutor;Tombamento;Com V�timas Feridas;Pleno dia;Decrescente;C�u Claro;Simples;"Reta;Aclive";N�o;1;0;1;0;0;0;1;1;-20,0852763;-40,3452301;SPRF-ES;DEL02-ES;UOP01-DEL02-ES;;;
707375;26/07/2025;s�bado;14:37:00;MG;381;447,2;BELO HORIZONTE;Aus�ncia de rea��o do condutor;Colis�o traseira;Com V�timas Feridas;Pleno dia;Decrescente;C�u Claro;Simples;Reta;Sim;3;0;2;0;1;0;2;2;-19,841503;-43,874715;SPRF-MG;DEL01-MG;UOP01-DEL01-MG;;;
707380;26/07/2025;s�bado;14:40:00;SC;280;56,1;GUARAMIRIM;Aus�ncia de rea��o do condutor;Colis�o com objeto;Com V�timas Feridas;Pleno dia;Decrescente;C�u Claro;Dupla;Reta;N�o;1;0;0;1;0;0;1;1;-26,47953;-49,00813;SPRF-SC;DEL03-SC;UOP03-DEL03-SC;;;
707381;26/07/2025;s�bado;16:00:00;MG;40;788,4;JUIZ DE FORA;Velocidade Incompat�vel;Colis�o com objeto;Com V�timas Feridas;Pleno dia;Crescente;C�u Claro;Dupla;Curva;N�o;1;0;0;1;0;0;1;1;-21,762931;-43,441131;SPRF-MG;DEL05-MG;UOP01-DEL05-MG;;;
707382;26/07/2025;s�bado;16:10:00;RJ;116;312;RESENDE;Demais falhas mec�nicas ou el�tricas;Colis�o com objeto;Sem V�timas;Pleno dia;Crescente;C�u Claro;Dupla;"Aclive;Curva";N�o;1;0;0;0;1;0;0;1;-22,459593;-44,45973;SPRF-RJ;DEL07-RJ;UOP02-DEL07-RJ;;;
707384;26/07/2025;s�bado;14:20:00;MA;10;316,2;ACAILANDIA;Acesso irregular;Colis�o transversal;Com V�timas Fatais;Pleno dia;Crescente;C�u Claro;Simples;Reta;N�o;3;1;1;0;1;0;1;2;-4,97999;-47,52029;SPRF-MA;DEL04-MA;UOP03-DEL04-MA;;;
707385;26/07/2025;s�bado;15:50:00;SC;101;399;MARACAJA;Transtornos Mentais (exceto suicidio);Sa�da de leito carro��vel;Com V�timas Feridas;Pleno dia;Decrescente;Nublado;M�ltipla;Reta;Sim;1;0;1;0;0;0;1;1;-28,8563168;-49,44034338;SPRF-SC;DEL02-SC;UOP02-DEL02-SC;;;
707388;26/07/2025;s�bado;16:30:00;PR;277;78,6;CURITIBA;Acessar a via sem observar a presen�a dos outros ve�culos;Colis�o lateral mesmo sentido;Com V�timas Feridas;Pleno dia;Crescente;Sol;Dupla;"Reta;Declive";Sim;6;0;1;1;4;0;2;2;-25,478855;-49,201092;SPRF-PR;DEL01-PR;UOP07-DEL01-PR;;;
707389;26/07/2025;s�bado;17:15:00;SC;470;245;CURITIBANOS;Acessar a via sem observar a presen�a dos outros ve�culos;Colis�o lateral mesmo sentido;Sem V�timas;Pleno dia;Crescente;C�u Claro;Simples;Aclive;N�o;7;0;0;0;7;0;0;2;-27,315242;-50,541507;SPRF-SC;DEL05-SC;UOP03-DEL05-SC;;;
707390;26/07/2025;s�bado;17:40:00;DF;40;3,2;BRASILIA;Rea��o tardia ou ineficiente do condutor;Sa�da de leito carro��vel;Com V�timas Feridas;Anoitecer;Crescente;C�u Claro;Dupla;Reta;N�o;2;0;1;0;1;0;1;1;-16,00765965;-47,98356056;SPRF-DF;DEL01-DF;UOP01-DEL01-DF;;;
707391;26/07/2025;s�bado;16:05:00;RS;386;74,8;JABOTICABA;Desrespeitar a prefer�ncia no cruzamento;Colis�o transversal;Com V�timas Feridas;Pleno dia;Decrescente;Garoa/Chuvisco;Simples;Interse��o de Vias;N�o;8;0;6;0;2;0;6;2;-27,68540067;-53,3074865;SPRF-RS;DEL08-RS;UOP02-DEL08-RS;;;
707392;26/07/2025;s�bado;15:00:00;BA;324;584;CANDEIAS;Objeto est�tico sobre o leito carro��vel;Engavetamento;Com V�timas Feridas;Pleno dia;Decrescente;C�u Claro;M�ltipla;Reta;N�o;6;0;2;0;4;0;2;4;-12,63345498;-38,47911;SPRF-BA;DEL01-BA;UOP01-DEL01-BA;;;
707393;26/07/2025;s�bado;18:00:00;SC;470;126;LONTRAS;Retorno proibido;Colis�o transversal;Com V�timas Feridas;Pleno dia;Crescente;C�u Claro;Simples;Reta;N�o;4;0;2;0;2;0;2;2;-27,13440523;-49,54078523;SPRF-SC;DEL04-SC;UOP02-DEL04-SC;;;
707394;26/07/2025;s�bado;18:05:00;DF;70;3,2;BRASILIA;Acessar a via sem observar a presen�a dos outros ve�culos;Colis�o lateral mesmo sentido;Com V�timas Feridas;Plena Noite;Crescente;C�u Claro;Dupla;"Reta;Retorno Regulamentado";Sim;5;0;2;0;3;0;2;2;-15,801837;-48,083988;SPRF-DF;DEL03-DF;UOP02-DEL03-DF;;;
707396;26/07/2025;s�bado;16:45:00;RS;293;4,6;PELOTAS;Convers�o proibida;Colis�o transversal;Com V�timas Feridas;Pleno dia;Decrescente;Chuva;Simples;"Reta;Interse��o de Vias";N�o;3;0;2;0;1;0;2;2;-31,72961309;-52,37967817;SPRF-RS;DEL07-RS;UOP01-DEL07-RS;;;
707398;26/07/2025;s�bado;16:30:00;MT;70;324;DOM AQUINO;Rea��o tardia ou ineficiente do condutor;Sa�da de leito carro��vel;Com V�timas Feridas;Pleno dia;Decrescente;C�u Claro;Simples;Reta;N�o;6;0;2;4;0;0;6;1;-15,51258;-54,66892;SPRF-MT;DEL05-MT;UOP01-DEL05-MT;;;
707399;26/07/2025;s�bado;17:40:00;RO;364;708;PORTO VELHO;Demais Fen�menos da natureza;Eventos at�picos;Com V�timas Feridas;Pleno dia;Crescente;C�u Claro;Dupla;Reta;Sim;1;0;1;0;0;0;1;1;-8,79403161;-63,84362189;SPRF-RO;DEL01-RO;UOP01-DEL01-RO;;;
707401;26/07/2025;s�bado;18:35:00;MG;381;350;JOAO MONLEVADE;Convers�o proibida;Colis�o frontal;Com V�timas Feridas;Plena Noite;Crescente;C�u Claro;Simples;"Reta;Interse��o de Vias";Sim;6;0;2;2;2;0;4;2;-19,84189636;-43,17442095;SPRF-MG;DEL03-MG;UOP01-DEL03-MG;;;
707403;26/07/2025;s�bado;18:30:00;SC;101;137;BALNEARIO CAMBORIU;Trafegar com motocicleta (ou similar) entre as faixas;Colis�o lateral mesmo sentido;Com V�timas Feridas;Anoitecer;Decrescente;C�u Claro;Dupla;Reta;Sim;2;0;1;0;1;0;1;2;-27,01408582;-48,61254629;SPRF-SC;DEL04-SC;UOP03-DEL04-SC;;;
707404;26/07/2025;s�bado;18:55:00;SC;101;130,5;CAMBORIU;Manobra de mudan�a de faixa;Colis�o lateral mesmo sentido;Com V�timas Feridas;Plena Noite;Crescente;Nublado;Dupla;Reta;Sim;2;0;1;0;1;0;1;2;-26,98765548;-48,66548793;SPRF-SC;DEL04-SC;UOP03-DEL04-SC;;;
707405;26/07/2025;s�bado;17:30:00;CE;116;39,9;HORIZONTE;Transitar na contram�o;Colis�o frontal;Sem V�timas;Plena Noite;Crescente;C�u Claro;Dupla;Reta;Sim;2;0;0;0;1;1;0;2;-4,095965;-38,50359;SPRF-CE;DEL01-CE;UOP02-DEL01-CE;;;
707406;26/07/2025;s�bado;17:40:00;PE;104;46;CARUARU;Manobra de mudan�a de faixa;Colis�o traseira;Com V�timas Feridas;Anoitecer;Crescente;Nublado;Dupla;"Declive;Reta";N�o;3;0;1;1;1;0;2;3;-8,12576;-35,995;SPRF-PE;DEL02-PE;UOP01-DEL02-PE;;;
707407;26/07/2025;s�bado;17:20:00;RJ;40;114;DUQUE DE CAXIAS;Manobra de mudan�a de faixa;Colis�o lateral mesmo sentido;Com V�timas Feridas;Anoitecer;Decrescente;Nublado;M�ltipla;Reta;Sim;3;0;2;0;0;1;2;2;-22,7202972;-43,28943428;SPRF-RJ;DEL01-RJ;UOP02-DEL01-RJ;;;
707408;26/07/2025;s�bado;14:40:00;RJ;40;30;AREAL;Aus�ncia de rea��o do condutor;Colis�o com objeto;Com V�timas Feridas;Pleno dia;Crescente;C�u Claro;Dupla;Curva;Sim;1;0;1;0;0;0;1;1;-22,19245158;-43,16105604;SPRF-RJ;DEL05-RJ;UOP02-DEL05-RJ;;;
707411;26/07/2025;s�bado;19:00:00;RJ;101;392;RIO DE JANEIRO;Condutor deixou de manter dist�ncia do ve�culo da frente;Colis�o traseira;Com V�timas Feridas;Plena Noite;Crescente;C�u Claro;Dupla;Reta;Sim;2;0;1;0;1;0;1;2;-22,88279612;-43,7208163;SPRF-RJ;DEL03-RJ;UOP01-DEL03-RJ;;;
707416;26/07/2025;s�bado;15:00:00;RS;290;267;CACHOEIRA DO SUL;Mal s�bito do condutor;Sa�da de leito carro��vel;Com V�timas Feridas;Pleno dia;Crescente;C�u Claro;Simples;Reta;N�o;2;0;1;0;1;0;1;1;-30,27195225;-52,90106893;SPRF-RS;DEL02-RS;UOP03-DEL02-RS;;;
707417;26/07/2025;s�bado;18:50:00;SC;101;398,3;MARACAJA;Condutor deixou de manter dist�ncia do ve�culo da frente;Colis�o traseira;Com V�timas Feridas;Plena Noite;Decrescente;Nublado;M�ltipla;Reta;N�o;6;0;2;0;4;0;2;2;-28,851643;-49,436784;SPRF-SC;DEL02-SC;UOP02-DEL02-SC;;;
707420;26/07/2025;s�bado;19:40:00;MG;40;558,3;NOVA LIMA;Acessar a via sem observar a presen�a dos outros ve�culos;Colis�o traseira;Com V�timas Feridas;Plena Noite;Decrescente;C�u Claro;Dupla;Curva;Sim;4;0;1;2;1;0;3;2;-20,1134087;-43,9696963;SPRF-MG;DEL01-MG;UOP02-DEL01-MG;;;
707423;26/07/2025;s�bado;20:10:00;SC;101;206;SAO JOSE;Manobra de mudan�a de faixa;Colis�o lateral mesmo sentido;Com V�timas Feridas;Plena Noite;Crescente;C�u Claro;M�ltipla;Reta;N�o;2;0;1;0;0;1;1;2;-27,60097616;-48,62409449;SPRF-SC;DEL01-SC;UOP01-DEL01-SC;;;
707425;26/07/2025;s�bado;20:00:00;SP;116;287;ITAPECERICA DA SERRA;Rea��o tardia ou ineficiente do condutor;Colis�o traseira;Sem V�timas;Plena Noite;Decrescente;C�u Claro;Dupla;Reta;Sim;3;0;0;0;3;0;0;2;-23,6943042;-46,8639636;SPRF-SP;DEL04-SP;UOP01-DEL04-SP;;;
707426;26/07/2025;s�bado;19:45:00;ES;101;294,8;CARIACICA;Rea��o tardia ou ineficiente do condutor;Colis�o com objeto;Com V�timas Feridas;Plena Noite;Decrescente;Nublado;M�ltipla;"Declive;Reta";Sim;1;0;1;0;0;0;1;1;-20,33093023;-40,39923833;SPRF-ES;DEL01-ES;UOP01-DEL01-ES;;;
707427;26/07/2025;s�bado;20:10:00;BA;110;320;ALAGOINHAS;Demais falhas mec�nicas ou el�tricas;Inc�ndio;Sem V�timas;Plena Noite;Decrescente;C�u Claro;Simples;Reta;N�o;1;0;0;0;1;0;0;1;-12,012;-38,363;SPRF-BA;DEL01-BA;UOP04-DEL01-BA;;;
707428;26/07/2025;s�bado;19:38:00;RS;287;249;SANTA MARIA;Pedestre andava na pista;Atropelamento de Pedestre;Com V�timas Fatais;Plena Noite;Decrescente;Garoa/Chuvisco;Dupla;Reta;Sim;3;1;0;0;2;0;0;2;-29,6954551;-53,8554598;SPRF-RS;DEL09-RS;UOP01-DEL09-RS;;;
707429;26/07/2025;s�bado;16:30:00;RO;364;366;OURO PRETO DO OESTE;Demais falhas mec�nicas ou el�tricas;Inc�ndio;Sem V�timas;Pleno dia;Crescente;C�u Claro;Simples;Reta;N�o;4;0;0;0;4;0;0;1;-10,769803;-62,109209;SPRF-RO;DEL02-RO;UOP01-DEL02-RO;;;
707430;26/07/2025;s�bado;20:15:00;RS;116;253;SAPUCAIA DO SUL;Aus�ncia de rea��o do condutor;Tombamento;Com V�timas Feridas;Plena Noite;Decrescente;Chuva;Dupla;Reta;Sim;2;0;1;0;1;0;1;1;-29,81686849;-51,16957934;SPRF-RS;DEL01-RS;UOP02-DEL01-RS;;;
707432;26/07/2025;s�bado;20:38:00;PE;101;65;RECIFE;Pedestre - Ingest�o de �lcool/ subst�ncias psicoativas;Atropelamento de Pedestre;Com V�timas Feridas;Plena Noite;Decrescente;Chuva;M�ltipla;Reta;Sim;2;0;0;2;0;0;2;2;-8,028852;-34,943007;SPRF-PE;DEL01-PE;UOP01-DEL01-PE;;;
707433;26/07/2025;s�bado;18:20:00;PI;343;332;TERESINA;Acessar a via sem observar a presen�a dos outros ve�culos;Colis�o transversal;Com V�timas Fatais;Plena Noite;Decrescente;C�u Claro;Simples;Reta;N�o;3;1;0;0;0;2;0;3;-5,05862735;-42,6651144;SPRF-PI;DEL01-PI;UOP01-DEL01-PI;;;
707434;26/07/2025;s�bado;18:40:00;SC;282;488;FAXINAL DOS GUEDES;Pedestre cruzava a pista fora da faixa;Atropelamento de Pedestre;Com V�timas Feridas;Anoitecer;Crescente;Nublado;Simples;"Declive;Reta";Sim;2;0;0;1;1;0;1;2;-26,85681;-52,260575;SPRF-SC;DEL07-SC;UOP01-DEL07-SC;;;
707435;26/07/2025;s�bado;15:44:00;MT;158;522;CANARANA;Aus�ncia de rea��o do condutor;Sa�da de leito carro��vel;Sem V�timas;Pleno dia;Crescente;C�u Claro;Simples;Reta;N�o;1;0;0;0;0;1;0;1;-13,723203;-52,034561;SPRF-MT;DEL07-MT;UOP02-DEL07-MT;;;
707436;26/07/2025;s�bado;19:50:00;PE;110;99;SERTANIA;Ingest�o de �lcool pelo condutor;Tombamento;Com V�timas Feridas;Plena Noite;Crescente;C�u Claro;Simples;Reta;N�o;3;0;1;1;1;0;2;2;-8,376108;-37,301037;SPRF-PE;DEL04-PE;UOP02-DEL04-PE;;;
707437;26/07/2025;s�bado;12:30:00;MG;381;237,1;SANTANA DO PARAISO;Ultrapassagem Indevida;Colis�o lateral sentido oposto;Com V�timas Feridas;Pleno dia;Crescente;Sol;Simples;Reta;N�o;1;0;0;1;0;0;1;1;-19,408991;-42,487741;SPRF-MG;DEL06-MG;UOP01-DEL06-MG;;;
707439;26/07/2025;s�bado;20:01:00;SC;282;386;JOACABA;Aus�ncia de rea��o do condutor;Tombamento;Com V�timas Feridas;Plena Noite;Decrescente;C�u Claro;Simples;"Declive;Reta";N�o;1;0;1;0;0;0;1;1;-27,186891;-51,518451;SPRF-SC;DEL07-SC;UOP05-DEL07-SC;;;
707441;26/07/2025;s�bado;18:15:00;RJ;101;393;RIO DE JANEIRO;Rea��o tardia ou ineficiente do condutor;Colis�o traseira;Com V�timas Feridas;Plena Noite;Crescente;C�u Claro;Dupla;Reta;N�o;1;0;1;0;0;0;1;1;-22,886224;-43,711888;SPRF-RJ;DEL03-RJ;UOP01-DEL03-RJ;;;
707442;26/07/2025;s�bado;19:45:00;MG;40;628,2;CONSELHEIRO LAFAIETE;Acesso irregular;Colis�o transversal;Com V�timas Feridas;Plena Noite;Decrescente;C�u Claro;Simples;Reta;Sim;2;0;1;0;1;0;1;2;-20,6492233;-43,80937833;SPRF-MG;DEL05-MG;UOP02-DEL05-MG;;;
707443;26/07/2025;s�bado;21:15:00;PR;369;161;CAMBE;Acessar a via sem observar a presen�a dos outros ve�culos;Colis�o transversal;Com V�timas Feridas;Pleno dia;Decrescente;C�u Claro;Dupla;Reta;Sim;3;0;0;1;1;1;1;2;-23,28866795;-51,26165785;SPRF-PR;DEL07-PR;UOP01-DEL07-PR;;;
707444;26/07/2025;s�bado;10:45:00;RJ;101;325;NITEROI;Condutor deixou de manter dist�ncia do ve�culo da frente;Colis�o traseira;Com V�timas Feridas;Pleno dia;Decrescente;C�u Claro;M�ltipla;Reta;Sim;2;0;1;0;1;0;1;2;-22,8783903;-43,1086724;SPRF-RJ;DEL02-RJ;UOP01-DEL02-RJ;;;
707445;26/07/2025;s�bado;21:41:00;GO;60;469,8;JATAI;Velocidade Incompat�vel;Queda de ocupante de ve�culo;Com V�timas Feridas;Plena Noite;Crescente;C�u Claro;Dupla;"Reta;Aclive;Viaduto";N�o;1;0;1;0;0;0;1;1;-17,915732;-51,692922;SPRF-GO;DEL05-GO;UOP01-DEL05-GO;;;
707446;14/07/2025;segunda-feira;11:19:00;SP;116;306;SAO LOURENCO DA SERRA;Condutor deixou de manter dist�ncia do ve�culo da frente;Colis�o traseira;Com V�timas Feridas;Pleno dia;Crescente;C�u Claro;Dupla;"Declive;Curva";N�o;2;0;1;0;1;0;1;2;-23,84612091;-46,93745613;SPRF-SP;DEL04-SP;UOP01-DEL04-SP;;;
707448;26/07/2025;s�bado;21:45:00;PB;101;86;JOAO PESSOA;Aus�ncia de rea��o do condutor;Tombamento;Com V�timas Feridas;Plena Noite;Crescente;Chuva;Dupla;"Aclive;Reta";Sim;1;0;1;0;0;0;1;1;-7,1568;-34,90706;SPRF-PB;DEL01-PB;UOP01-DEL01-PB;;;
707450;26/07/2025;s�bado;21:00:00;ES;101;32,3;CONCEICAO DA BARRA;Condutor deixou de manter dist�ncia do ve�culo da frente;Colis�o traseira;Com V�timas Feridas;Plena Noite;Crescente;Nublado;Simples;"Reta;Aclive";Sim;2;0;1;0;1;0;1;2;-18,43157039;-39,93394939;SPRF-ES;DEL04-ES;UOP02-DEL04-ES;;;
707451;26/07/2025;s�bado;21:40:00;BA;116;829;VITORIA DA CONQUISTA;Rea��o tardia ou ineficiente do condutor;Colis�o traseira;Com V�timas Feridas;Pleno dia;Crescente;C�u Claro;Dupla;Reta;Sim;4;0;2;0;2;0;2;2;-14,9001;-40,8681;SPRF-BA;DEL08-BA;UOP01-DEL08-BA;;;