id;data_inversa;dia_semana;horario;uf;br;km;municipio;causa_acidente;tipo_acidente;classificacao_acidente;fase_dia;sentido_via;condicao_metereologica;tipo_pista;tracado_via;uso_solo;pessoas;mortos;feridos_leves;feridos_graves;ilesos;ignorados;feridos;veiculos;latitude;longitude;regional;delegacia;uop;;;
707453;26/07/2025;s�bado;18:10:00;PR;153;100,1;JAPIRA;Ultrapassagem Indevida;Colis�o frontal;Com V�timas Fatais;Plena Noite;Crescente;C�u Claro;Simples;Reta;N�o;5;1;0;4;0;0;4;2;-23,7735114;-50,185161;SPRF-PR;DEL07-PR;UOP04-DEL07-PR;;;
707454;26/07/2025;s�bado;19:44:00;SP;116;92;PINDAMONHANGABA;Aus�ncia de rea��o do condutor;Tombamento;Com V�timas Feridas;Plena Noite;Crescente;C�u Claro;Dupla;"Curva;Retorno Regulamentado";Sim;1;0;0;1;0;0;1;1;-22,95222869;-45,40477753;SPRF-SP;DEL08-SP;UOP01-DEL08-SP;;;
707455;26/07/2025;s�bado;20:40:00;PR;163;13,7;BARRACAO;Aus�ncia de rea��o do condutor;Colis�o frontal;Com V�timas Feridas;Plena Noite;Decrescente;C�u Claro;Simples;"Declive;Curva";N�o;5;0;2;3;0;0;5;2;-26,2194667;-53,63907191;SPRF-PR;DEL02-PR;UOP02-DEL02-PR;;;
707457;26/07/2025;s�bado;13:20:00;RJ;101;325;NITEROI;Aus�ncia de rea��o do condutor;Colis�o lateral mesmo sentido;Com V�timas Feridas;Pleno dia;Decrescente;C�u Claro;Dupla;Reta;Sim;3;0;2;0;1;0;2;3;-22,8794991;-43,1139956;SPRF-RJ;DEL02-RJ;UOP01-DEL02-RJ;;;
707458;26/07/2025;s�bado;19:00:00;SC;280;81;CORUPA;Acesso irregular;Sa�da de leito carro��vel;Sem V�timas;Plena Noite;Crescente;C�u Claro;Simples;Reta;N�o;1;0;0;0;0;1;0;1;-26,43783;-49,235901;SPRF-SC;DEL06-SC;UOP03-DEL06-SC;;;
707459;26/07/2025;s�bado;21:40:00;SP;153;337,2;OURINHOS;Ingest�o de �lcool pelo condutor;Colis�o frontal;Com V�timas Feridas;Plena Noite;Decrescente;C�u Claro;Dupla;Reta;N�o;3;0;1;0;2;0;1;2;-22,91917608;-49,89440314;SPRF-SP;DEL07-SP;UOP03-DEL07-SP;;;
707460;26/07/2025;s�bado;22:00:00;MA;230;3,6;BARAO DE GRAJAU;Ingest�o de �lcool pelo condutor;Colis�o com objeto;Com V�timas Feridas;Plena Noite;Crescente;C�u Claro;Simples;Rotat�ria;Sim;2;0;1;0;0;1;1;2;-6,74610042;-43,00907135;SPRF-PI;DEL03-PI;UOP01-DEL03-PI;;;
707461;26/07/2025;s�bado;22:35:00;SC;101;137,5;BALNEARIO CAMBORIU;Rea��o tardia ou ineficiente do condutor;Sa�da de leito carro��vel;Com V�timas Feridas;Plena Noite;Decrescente;C�u Claro;M�ltipla;Reta;Sim;1;0;1;0;0;0;1;1;-27,01924716;-48,6096495;SPRF-SC;DEL04-SC;UOP03-DEL04-SC;;;
707463;26/07/2025;s�bado;21:40:00;PR;369;505,7;CASCAVEL;Ingest�o de �lcool pelo condutor;Colis�o transversal;Com V�timas Feridas;Plena Noite;Decrescente;C�u Claro;Simples;Reta;Sim;4;0;1;0;3;0;1;2;-24,94606348;-53,39821097;SPRF-PR;DEL04-PR;UOP01-DEL04-PR;;;
707464;26/07/2025;s�bado;22:10:00;PR;153;59;GUAPIRAMA;Demais falhas mec�nicas ou el�tricas;Queda de ocupante de ve�culo;Com V�timas Feridas;Plena Noite;Crescente;Nublado;Simples;Reta;N�o;1;0;1;0;0;0;1;1;-23,436603;-50,084606;SPRF-PR;DEL07-PR;UOP04-DEL07-PR;;;
707466;26/07/2025;s�bado;20:20:00;PE;104;30,9;TORITAMA;Condutor desrespeitou a ilumina��o vermelha do sem�foro;Colis�o transversal;Sem V�timas;Plena Noite;Decrescente;C�u Claro;Simples;Interse��o de Vias;Sim;2;0;0;0;2;0;0;2;-8,01072;-36,05773;SPRF-PE;DEL02-PE;UOP01-DEL02-PE;;;
707468;26/07/2025;s�bado;19:10:00;MA;226;6,9;TIMON;Manobra de mudan�a de faixa;Colis�o transversal;Com V�timas Fatais;Plena Noite;Crescente;C�u Claro;Simples;"Reta;Interse��o de Vias;Em Obras";N�o;2;1;0;0;1;0;0;2;-5,132834;-42,87311;SPRF-MA;DEL03-MA;UOP02-DEL03-MA;;;
707469;26/07/2025;s�bado;23:11:00;RJ;116;280,1;BARRA MANSA;Rea��o tardia ou ineficiente do condutor;Sa�da de leito carro��vel;Com V�timas Feridas;Plena Noite;Decrescente;Nublado;Dupla;"Aclive;Reta";N�o;1;0;1;0;0;0;1;1;-22,541688;-44,191143;SPRF-RJ;DEL07-RJ;UOP02-DEL07-RJ;;;
707472;26/07/2025;s�bado;22:41:00;MT;364;201;RONDONOPOLIS;Aus�ncia de rea��o do condutor;Queda de ocupante de ve�culo;Com V�timas Feridas;Plena Noite;Crescente;C�u Claro;Dupla;Reta;Sim;1;0;1;0;0;0;1;1;-16,48766319;-54,64775261;SPRF-MT;DEL02-MT;UOP01-DEL02-MT;;;
707475;27/07/2025;domingo;00:05:00;MG;381;4;BETIM;Aus�ncia de rea��o do condutor;Capotamento;Com V�timas Feridas;Plena Noite;Crescente;C�u Claro;Dupla;Curva;Sim;1;0;1;0;0;0;1;1;-19,98687356;-44,17500019;SPRF-MG;DEL01-MG;UOP03-DEL01-MG;;;
707477;26/07/2025;s�bado;23:50:00;MG;381;425,9;SABARA;Rea��o tardia ou ineficiente do condutor;Tombamento;Com V�timas Feridas;Plena Noite;Decrescente;C�u Claro;Simples;"Curva;Aclive";N�o;1;0;1;0;0;0;1;1;-19,787351;-43,710298;SPRF-MG;DEL01-MG;UOP01-DEL01-MG;;;
707479;27/07/2025;domingo;00:30:00;ES;262;185;IUNA;Acesso irregular;Colis�o frontal;Com V�timas Feridas;Plena Noite;Crescente;C�u Claro;Simples;"Reta;Interse��o de Vias";Sim;2;0;0;1;0;1;1;2;-20,300513;-41,708798;SPRF-ES;DEL01-ES;UOP02-DEL01-ES;;;
707480;27/07/2025;domingo;00:10:00;RJ;465;14;SEROPEDICA;Suic�dio (presumido);Atropelamento de Pedestre;Com V�timas Fatais;Plena Noite;Decrescente;C�u Claro;Simples;Reta;Sim;2;1;0;0;1;0;0;2;-22,805631;-43,6379;SPRF-RJ;DEL06-RJ;UOP02-DEL06-RJ;;;
707481;26/07/2025;s�bado;23:40:00;PR;476;110;COLOMBO;Desrespeitar a prefer�ncia no cruzamento;Colis�o transversal;Com V�timas Feridas;Plena Noite;Decrescente;Ignorado;Simples;"Reta;Interse��o de Vias";Sim;3;0;0;1;1;1;1;3;-25,313519;-49,14962;SPRF-PR;DEL01-PR;UOP01-DEL01-PR;;;
707482;27/07/2025;domingo;01:00:00;PR;376;373;ORTIGUEIRA;Condutor Dormindo;Tombamento;Sem V�timas;Plena Noite;Crescente;C�u Claro;Dupla;Curva;N�o;2;0;0;0;2;0;0;1;-24,36269138;-50,80815247;SPRF-PR;DEL07-PR;UOP02-DEL07-PR;;;
707483;27/07/2025;domingo;00:20:00;PE;428;188;PETROLINA;Condutor desrespeitou a ilumina��o vermelha do sem�foro;Colis�o transversal;Com V�timas Feridas;Plena Noite;Crescente;C�u Claro;M�ltipla;"Reta;Interse��o de Vias";Sim;2;0;1;1;0;0;2;2;-9,375597;-40,4924257;SPRF-PE;DEL06-PE;UOP01-DEL06-PE;;;
707484;27/07/2025;domingo;01:00:00;MG;381;509,5;SAO JOAQUIM DE BICAS;Aus�ncia de rea��o do condutor;Colis�o com objeto;Sem V�timas;Plena Noite;Crescente;C�u Claro;Dupla;Reta;Sim;3;0;0;0;0;3;0;1;-20,05377262;-44,28317897;SPRF-MG;DEL01-MG;UOP03-DEL01-MG;;;
707485;27/07/2025;domingo;01:30:00;ES;262;162,6;IBATIBA;Aus�ncia de rea��o do condutor;Sa�da de leito carro��vel;Com V�timas Feridas;Plena Noite;Crescente;C�u Claro;Simples;Curva;N�o;1;0;1;0;0;0;1;1;-20,234369;-41,527972;SPRF-ES;DEL01-ES;UOP02-DEL01-ES;;;
707486;05/05/2025;segunda-feira;21:13:00;PA;163;165;ALTAMIRA;Rea��o tardia ou ineficiente do condutor;Tombamento;Sem V�timas;Plena Noite;Decrescente;Ignorado;Simples;Reta;N�o;2;0;0;0;0;2;0;1;-8,254419;-55,111021;SPRF-PA;DEL05-PA;UOP03-DEL05-PA;;;
707487;27/07/2025;domingo;01:42:00;RN;101;76;NATAL;Ingest�o de �lcool pelo condutor;Colis�o com objeto;Com V�timas Fatais;Plena Noite;Crescente;Nevoeiro/Neblina;Dupla;"Declive;Rotat�ria";Sim;5;2;0;0;2;1;0;1;-5,72646225;-35,28317022;SPRF-RN;DEL02-RN;UOP01-DEL02-RN;;;
707489;27/07/2025;domingo;01:45:00;MS;163;187,9;JUTI;Animais na Pista;Atropelamento de Animal;Com V�timas Feridas;Plena Noite;Crescente;C�u Claro;Simples;Reta;N�o;1;0;1;0;0;0;1;1;-22,797527;-54,74232;SPRF-MS;DEL09-MS;UOP01-DEL09-MS;;;
707490;27/07/2025;domingo;01:10:00;SC;101;155;PORTO BELO;Rea��o tardia ou ineficiente do condutor;Colis�o com objeto;Sem V�timas;Plena Noite;Crescente;Nublado;M�ltipla;Reta;Sim;1;0;0;0;1;0;0;1;-27,16354572;-48,61146824;SPRF-SC;DEL04-SC;UOP03-DEL04-SC;;;
707491;27/07/2025;domingo;02:00:00;RS;158;326;SANTA MARIA;Rea��o tardia ou ineficiente do condutor;Sa�da de leito carro��vel;Com V�timas Feridas;Plena Noite;Decrescente;Nublado;Simples;Reta;Sim;2;0;0;2;0;0;2;1;-29,71341113;-53,80701935;SPRF-RS;DEL09-RS;UOP01-DEL09-RS;;;
707492;27/07/2025;domingo;01:45:00;MG;262;822,2;UBERABA;Aus�ncia de rea��o do condutor;Colis�o traseira;Com V�timas Feridas;Plena Noite;Decrescente;C�u Claro;Dupla;Reta;N�o;2;0;1;0;1;0;1;2;-19,762019;-48,088983;SPRF-MG;DEL13-MG;UOP01-DEL13-MG;;;
707493;27/07/2025;domingo;03:30:00;ES;101;338,5;GUARAPARI;Afundamento ou ondula��o no pavimento;Colis�o com objeto;Com V�timas Feridas;Plena Noite;Decrescente;C�u Claro;Dupla;Curva;N�o;2;0;2;0;0;0;2;1;-20,64374884;-40,55453897;SPRF-ES;DEL03-ES;UOP01-DEL03-ES;;;
707494;27/07/2025;domingo;05:20:00;ES;101;372,1;ICONHA;Ingest�o de �lcool pelo condutor;Colis�o lateral sentido oposto;Sem V�timas;Plena Noite;Crescente;C�u Claro;Simples;Curva;N�o;3;0;0;0;3;0;0;2;-20,7717528;-40,77659067;SPRF-ES;DEL03-ES;UOP01-DEL03-ES;;;
707495;27/07/2025;domingo;01:30:00;BA;101;161;CONCEICAO DO JACUIPE;Demais falhas mec�nicas ou el�tricas;Inc�ndio;Sem V�timas;Plena Noite;Decrescente;C�u Claro;Dupla;Reta;Sim;1;0;0;0;1;0;0;1;-12,35493223;-38,79004981;SPRF-BA;DEL01-BA;UOP03-DEL01-BA;;;
707496;27/07/2025;domingo;02:25:00;MG;381;152,7;GOVERNADOR VALADARES;Rea��o tardia ou ineficiente do condutor;Sa�da de leito carro��vel;Com V�timas Feridas;Plena Noite;Decrescente;C�u Claro;Simples;Curva;N�o;1;0;1;0;0;0;1;1;-18,88841042;-42,00484224;SPRF-MG;DEL06-MG;UOP01-DEL06-MG;;;
707497;27/07/2025;domingo;01:30:00;SC;101;404;ARARANGUA;Ingest�o de �lcool pelo condutor;Engavetamento;Com V�timas Feridas;Plena Noite;Crescente;Nublado;M�ltipla;Reta;N�o;5;0;2;1;2;0;3;3;-28,89289158;-49,4693327;SPRF-SC;DEL02-SC;UOP02-DEL02-SC;;;
707498;27/07/2025;domingo;04:00:00;PB;230;20,1;JOAO PESSOA;Aus�ncia de rea��o do condutor;Queda de ocupante de ve�culo;Com V�timas Feridas;Plena Noite;Decrescente;Chuva;Dupla;"Curva;Retorno Regulamentado";Sim;2;0;1;0;1;0;1;1;-7,13690852;-34,85385776;SPRF-PB;DEL01-PB;UOP01-DEL01-PB;;;
707500;27/07/2025;domingo;04:30:00;BA;116;6;VITORIA DA CONQUISTA;Rea��o tardia ou ineficiente do condutor;Sa�da de leito carro��vel;Com V�timas Feridas;Plena Noite;Decrescente;C�u Claro;Simples;"Declive;Reta";N�o;1;0;1;0;0;0;1;1;-14,827805;-40,886015;SPRF-BA;DEL08-BA;UOP01-DEL08-BA;;;
707502;27/07/2025;domingo;04:30:00;PI;343;252,2;CAMPO MAIOR;Condutor Dormindo;Colis�o frontal;Com V�timas Fatais;Plena Noite;Decrescente;C�u Claro;Simples;Reta;N�o;8;2;1;0;5;0;1;2;-4,74592;-42,108742;SPRF-PI;DEL01-PI;UOP03-DEL01-PI;;;
707503;27/07/2025;domingo;05:10:00;DF;20;12,5;BRASILIA;Ingest�o de �lcool pelo condutor;Sa�da de leito carro��vel;Com V�timas Feridas;Plena Noite;Decrescente;C�u Claro;Dupla;Reta;N�o;1;0;1;0;0;0;1;1;-15,64571402;-47,76469052;SPRF-DF;DEL02-DF;UOP01-DEL02-DF;;;
707504;26/07/2025;s�bado;22:35:00;BA;367;68;PORTO SEGURO;Ingest�o de �lcool pelo condutor;Colis�o lateral sentido oposto;Sem V�timas;Plena Noite;Decrescente;C�u Claro;Simples;Reta;N�o;2;0;0;0;2;0;0;2;-16,387;-39,45;SPRF-BA;DEL09-BA;UOP03-DEL09-BA;;;
707505;27/07/2025;domingo;06:00:00;ES;101;142,3;LINHARES;Rea��o tardia ou ineficiente do condutor;Colis�o traseira;Com V�timas Feridas;Amanhecer;Crescente;Garoa/Chuvisco;M�ltipla;Reta;N�o;3;0;1;0;1;1;1;2;-19,33698667;-40,06665667;SPRF-ES;DEL04-ES;UOP01-DEL04-ES;;;
707506;27/07/2025;domingo;06:00:00;BA;116;426;FEIRA DE SANTANA;Rea��o tardia ou ineficiente do condutor;Colis�o com objeto;Com V�timas Feridas;Pleno dia;Crescente;C�u Claro;Dupla;"Viaduto;Curva";Sim;1;0;1;0;0;0;1;1;-12,26721193;-38,98927689;SPRF-BA;DEL02-BA;UOP01-DEL02-BA;;;
707508;27/07/2025;domingo;05:45:00;MS;163;273,7;DOURADOS;Aus�ncia de rea��o do condutor;Sa�da de leito carro��vel;Com V�timas Feridas;Amanhecer;Decrescente;C�u Claro;Dupla;Reta;N�o;2;0;1;0;1;0;1;1;-22,1741;-54,665453;SPRF-MS;DEL04-MS;UOP01-DEL04-MS;;;
707509;27/07/2025;domingo;04:30:00;SP;116;210;GUARULHOS;Condutor Dormindo;Colis�o com objeto;Com V�timas Feridas;Plena Noite;Decrescente;Ignorado;M�ltipla;Reta;Sim;1;0;1;0;0;0;1;1;-23,43049345;-46,41478864;SPRF-SP;DEL01-SP;UOP01-DEL01-SP;;;
707510;27/07/2025;domingo;04:20:00;GO;153;655;GOIATUBA;Ingest�o de �lcool pelo condutor;Colis�o lateral mesmo sentido;Sem V�timas;Pleno dia;Decrescente;C�u Claro;Dupla;Curva;N�o;5;0;0;0;4;1;0;2;-18,00790446;-49,26199051;SPRF-GO;DEL03-GO;UOP01-DEL03-GO;;;
707511;27/07/2025;domingo;05:00:00;BA;407;121;SENHOR DO BONFIM;Ingest�o de �lcool pelo condutor;Colis�o frontal;Com V�timas Feridas;Amanhecer;Crescente;C�u Claro;Simples;"Declive;Ponte";N�o;6;0;2;0;1;3;2;2;-10,41457688;-40,18393979;SPRF-BA;DEL04-BA;UOP01-DEL04-BA;;;
707514;27/07/2025;domingo;06:00:00;RJ;101;476;ANGRA DOS REIS;Acessar a via sem observar a presen�a dos outros ve�culos;Queda de ocupante de ve�culo;Com V�timas Feridas;Amanhecer;Decrescente;C�u Claro;Simples;Reta;Sim;2;0;1;0;1;0;1;2;-22,99801842;-44,26744287;SPRF-RJ;DEL03-RJ;UOP03-DEL03-RJ;;;
707515;27/07/2025;domingo;06:40:00;SP;116;228;SAO PAULO;Aus�ncia de rea��o do condutor;Colis�o com objeto;Com V�timas Feridas;Pleno dia;Decrescente;Nublado;M�ltipla;Reta;Sim;2;0;1;0;1;0;1;1;-23,504772;-46,568372;SPRF-SP;DEL01-SP;UOP01-DEL01-SP;;;
707516;27/07/2025;domingo;01:30:00;PR;277;115;CAMPO LARGO;Rea��o tardia ou ineficiente do condutor;Sa�da de leito carro��vel;Sem V�timas;Plena Noite;Crescente;C�u Claro;Dupla;Curva;N�o;1;0;0;0;1;0;0;1;-25,4377;-49,4456;SPRF-PR;DEL03-PR;UOP03-DEL03-PR;;;
707517;27/07/2025;domingo;05:20:00;PR;116;16;COLOMBO;Aus�ncia de rea��o do condutor;Sa�da de leito carro��vel;Sem V�timas;Amanhecer;Crescente;Nublado;Dupla;Reta;Sim;1;0;0;0;0;1;0;1;-25,387988;-49,181183;SPRF-PR;DEL01-PR;UOP02-DEL01-PR;;;
707518;27/07/2025;domingo;06:45:00;SC;470;128;LONTRAS;Rea��o tardia ou ineficiente do condutor;Sa�da de leito carro��vel;Com V�timas Feridas;Amanhecer;Crescente;Nublado;Simples;Curva;N�o;1;0;1;0;0;0;1;1;-27,14730191;-49,55475066;SPRF-SC;DEL04-SC;UOP02-DEL04-SC;;;
707519;27/07/2025;domingo;04:50:00;SC;282;426;VARGEM BONITA;Avarias e/ou desgaste excessivo no pneu;Capotamento;Com V�timas Feridas;Plena Noite;Crescente;C�u Claro;Simples;"Declive;Reta";N�o;3;0;1;0;1;1;1;1;-26,97891;-51,757995;SPRF-SC;DEL07-SC;UOP05-DEL07-SC;;;
707521;27/07/2025;domingo;07:20:00;BA;407;1;JUAZEIRO;Acessar a via sem observar a presen�a dos outros ve�culos;Colis�o traseira;Com V�timas Feridas;Pleno dia;Crescente;C�u Claro;Simples;Reta;Sim;4;0;2;0;2;0;2;2;-9,4136441;-40,5060875;SPRF-PE;DEL06-PE;UOP01-DEL06-PE;;;
707522;26/07/2025;s�bado;17:19:00;RN;226;117,5;SANTA CRUZ;Aus�ncia de rea��o do condutor;Colis�o lateral mesmo sentido;Com V�timas Feridas;Anoitecer;Crescente;C�u Claro;Simples;Reta;N�o;2;0;1;0;1;0;1;2;-6,19291654;-36,05450928;SPRF-RN;DEL03-RN;UOP02-DEL03-RN;;;
707523;27/07/2025;domingo;02:00:00;MG;381;893;CAMBUI;Ingest�o de �lcool pelo condutor;Sa�da de leito carro��vel;Sem V�timas;Plena Noite;Decrescente;C�u Claro;Dupla;Retorno Regulamentado;N�o;1;0;0;0;1;0;0;1;-22,56629625;-46,04084641;SPRF-MG;DEL16-MG;UOP01-DEL16-MG;;;
707524;27/07/2025;domingo;06:30:00;SP;116;146;SAO JOSE DOS CAMPOS;Manobra de mudan�a de faixa;Engavetamento;Com V�timas Feridas;Amanhecer;Decrescente;C�u Claro;Dupla;Reta;Sim;4;0;1;0;2;1;1;3;-23,18889403;-45,85837126;SPRF-SP;DEL02-SP;UOP01-DEL02-SP;;;
707525;27/07/2025;domingo;06:48:00;SC;101;188;BIGUACU;Pista Escorregadia;Sa�da de leito carro��vel;Sem V�timas;Pleno dia;Decrescente;Chuva;Dupla;Curva;Sim;1;0;0;0;1;0;0;1;-27,46071625;-48,63912329;SPRF-SC;DEL01-SC;UOP01-DEL01-SC;;;
707528;27/07/2025;domingo;06:00:00;MG;116;490,5;INHAPIM;Ingest�o de �lcool pelo condutor;Sa�da de leito carro��vel;Com V�timas Feridas;Pleno dia;Decrescente;C�u Claro;Simples;"Reta;Aclive";N�o;1;0;1;0;0;0;1;1;-19,49984869;-42,12788185;SPRF-MG;DEL06-MG;UOP02-DEL06-MG;;;
707529;27/07/2025;domingo;08:10:00;ES;101;243;SERRA;Demais falhas mec�nicas ou el�tricas;Inc�ndio;Sem V�timas;Pleno dia;Crescente;C�u Claro;Simples;Reta;N�o;4;0;0;0;4;0;0;1;-20,0442;-40,3897;SPRF-ES;DEL02-ES;UOP01-DEL02-ES;;;
707530;27/07/2025;domingo;07:50:00;RS;392;105;PELOTAS;Rea��o tardia ou ineficiente do condutor;Sa�da de leito carro��vel;Com V�timas Feridas;Pleno dia;Decrescente;Chuva;Simples;"Reta;Aclive";N�o;2;0;1;0;1;0;1;1;-31,61272;-52,3051926;SPRF-RS;DEL07-RS;UOP01-DEL07-RS;;;
707531;27/07/2025;domingo;07:10:00;MG;50;10,6;ARAGUARI;Animais na Pista;Atropelamento de Animal;Com V�timas Feridas;Pleno dia;Crescente;C�u Claro;Dupla;Aclive;N�o;1;0;1;0;0;0;1;1;-18,53924625;-48,04681174;SPRF-MG;DEL15-MG;UOP02-DEL15-MG;;;
707532;26/07/2025;s�bado;23:20:00;RJ;116;148;DUQUE DE CAXIAS;Pedestre cruzava a pista fora da faixa;Atropelamento de Pedestre;Com V�timas Feridas;Plena Noite;Decrescente;C�u Claro;M�ltipla;Reta;Sim;2;0;1;0;1;0;1;2;-22,67064087;-43,27576876;SPRF-RJ;DEL01-RJ;UOP02-DEL01-RJ;;;
707533;27/07/2025;domingo;08:30:00;GO;20;3;FORMOSA;Rea��o tardia ou ineficiente do condutor;Colis�o traseira;Com V�timas Feridas;Pleno dia;Crescente;C�u Claro;Simples;Reta;N�o;2;0;1;0;1;0;1;2;-15,55972853;-47,31127158;SPRF-DF;DEL02-DF;UOP02-DEL02-DF;;;
707534;27/07/2025;domingo;07:05:00;PR;369;194,5;ARAPONGAS;Velocidade Incompat�vel;Sa�da de leito carro��vel;Com V�timas Feridas;Pleno dia;Decrescente;C�u Claro;Dupla;Reta;Sim;1;0;1;0;0;0;1;1;-23,4946;-51,4232;SPRF-PR;DEL07-PR;UOP03-DEL07-PR;;;
707535;27/07/2025;domingo;05:30:00;AL;423;57,4;AGUA BRANCA;Animais na Pista;Sa�da de leito carro��vel;Com V�timas Feridas;Amanhecer;Crescente;Nublado;Simples;Reta;N�o;2;0;2;0;0;0;2;1;-9,28327;-37,7864;SPRF-AL;DEL03-AL;UOP02-DEL03-AL;;;
707536;27/07/2025;domingo;09:10:00;SP;116;87,2;PINDAMONHANGABA;Rea��o tardia ou ineficiente do condutor;Colis�o traseira;Com V�timas Feridas;Pleno dia;Decrescente;C�u Claro;Dupla;Reta;N�o;2;0;1;0;1;0;1;2;-22,931588;-45,363123;SPRF-SP;DEL08-SP;UOP01-DEL08-SP;;;
707537;27/07/2025;domingo;00:20:00;RJ;40;114;DUQUE DE CAXIAS;Demais falhas mec�nicas ou el�tricas;Queda de ocupante de ve�culo;Com V�timas Feridas;Plena Noite;Decrescente;C�u Claro;Dupla;Reta;Sim;2;0;2;0;0;0;2;1;-22,72558363;-43,28951645;SPRF-RJ;DEL01-RJ;UOP02-DEL01-RJ;;;
707538;27/07/2025;domingo;06:52:00;MA;316;404;ALTO ALEGRE DO MARANHAO;Ultrapassagem Indevida;Colis�o transversal;Com V�timas Feridas;Pleno dia;Decrescente;C�u Claro;Simples;Reta;N�o;4;0;1;1;2;0;2;2;-4,236412;-44,440488;SPRF-MA;DEL03-MA;UOP01-DEL03-MA;;;
707539;01/06/2025;domingo;13:11:00;PA;163;288;NOVO PROGRESSO;Avarias e/ou desgaste excessivo no pneu;Queda de ocupante de ve�culo;Sem V�timas;Pleno dia;Decrescente;C�u Claro;Simples;Reta;N�o;2;0;0;0;1;1;0;1;-7,2267;-55,35;SPRF-PA;DEL05-PA;UOP03-DEL05-PA;;;
707541;23/07/2025;quarta-feira;23:55:00;RJ;101;331;RIO DE JANEIRO;Condutor deixou de manter dist�ncia do ve�culo da frente;Colis�o traseira;Com V�timas Feridas;Plena Noite;Decrescente;C�u Claro;Dupla;Reta;N�o;3;0;2;0;1;0;2;2;-22,872333;-43,205009;SPRF-RJ;DEL02-RJ;UOP01-DEL02-RJ;;;
707542;27/07/2025;domingo;09:00:00;AP;210;0;MACAPA;Rea��o tardia ou ineficiente do condutor;Colis�o transversal;Com V�timas Feridas;Pleno dia;Decrescente;C�u Claro;Dupla;Curva;Sim;2;0;1;0;1;0;1;2;0,0778018;-51,0695983;SPRF-AP;DEL01-AP;UOP01-DEL01-AP;;;
707543;27/07/2025;domingo;09:45:00;RS;290;498;SANTA MARGARIDA DO SUL;Chuva;Capotamento;Com V�timas Feridas;Pleno dia;Decrescente;Chuva;Simples;Reta;N�o;3;0;1;2;0;0;3;1;-30,364408;-54,200447;SPRF-RS;DEL11-RS;UOP02-DEL11-RS;;;
707544;27/07/2025;domingo;10:15:00;PB;230;9;CABEDELO;Aus�ncia de rea��o do condutor;Colis�o traseira;Com V�timas Feridas;Pleno dia;Crescente;Nublado;M�ltipla;Reta;Sim;2;0;1;0;1;0;1;2;-7,02753;-34,839352;SPRF-PB;DEL01-PB;UOP01-DEL01-PB;;;
707545;27/07/2025;domingo;03:30:00;RS;470;221,6;GARIBALDI;Rea��o tardia ou ineficiente do condutor;Sa�da de leito carro��vel;Sem V�timas;Plena Noite;Crescente;Ignorado;Simples;"Curva;Retorno Regulamentado";Sim;1;0;0;0;0;1;0;1;-29,20913687;-51,5178415;SPRF-RS;DEL06-RS;UOP01-DEL06-RS;;;
707546;27/07/2025;domingo;10:35:00;SC;101;192;BIGUACU;Ingest�o de �lcool pelo condutor;Colis�o traseira;Com V�timas Feridas;Pleno dia;Crescente;Nublado;M�ltipla;Reta;Sim;2;0;1;0;1;0;1;2;-27,48799552;-48,65229813;SPRF-SC;DEL01-SC;UOP01-DEL01-SC;;;
707548;27/07/2025;domingo;10:40:00;SC;101;228,8;PALHOCA;Acumulo de areia ou detritos sobre o pavimento;Tombamento;Com V�timas Feridas;Pleno dia;Crescente;Nublado;Simples;Reta;Sim;1;0;1;0;0;0;1;1;-27,76104506;-48,63030553;SPRF-SC;DEL01-SC;UOP02-DEL01-SC;;;
707549;27/07/2025;domingo;07:00:00;PR;153;244;IPIRANGA;Rea��o tardia ou ineficiente do condutor;Capotamento;Sem V�timas;Amanhecer;Decrescente;C�u Claro;Simples;Curva;N�o;1;0;0;0;0;1;0;1;-24,80821;-50,4775933;SPRF-PR;DEL03-PR;UOP02-DEL03-PR;;;
707550;27/07/2025;domingo;10:05:00;RS;386;410,9;TRIUNFO;Acumulo de �gua sobre o pavimento;Sa�da de leito carro��vel;Com V�timas Feridas;Pleno dia;Decrescente;Chuva;Dupla;Rotat�ria;Sim;2;0;2;0;0;0;2;1;-29,80265232;-51,51126534;SPRF-RS;DEL04-RS;UOP02-DEL04-RS;;;
707551;27/07/2025;domingo;10:00:00;MG;365;431,1;PATOS DE MINAS;Acessar a via sem observar a presen�a dos outros ve�culos;Colis�o transversal;Com V�timas Fatais;Pleno dia;Crescente;C�u Claro;Simples;"Reta;Interse��o de Vias";N�o;2;1;1;0;0;0;1;2;-18,75903;-46,66381;SPRF-MG;DEL10-MG;UOP01-DEL10-MG;;;
707552;27/07/2025;domingo;11:00:00;SP;381;67;MAIRIPORA;Frear bruscamente;Colis�o com objeto;Com V�timas Feridas;Pleno dia;Decrescente;C�u Claro;Dupla;"Declive;Curva";N�o;6;0;2;0;4;0;2;1;-23,3428107;-46,57330348;SPRF-SP;DEL03-SP;UOP01-DEL03-SP;;;
707553;27/07/2025;domingo;05:00:00;RN;427;90;CAICO;Condutor Dormindo;Sa�da de leito carro��vel;Sem V�timas;Amanhecer;Decrescente;C�u Claro;Simples;Reta;N�o;1;0;0;0;0;1;0;1;-6,48253163;-37,04956056;SPRF-RN;DEL03-RN;UOP01-DEL03-RN;;;
707554;27/07/2025;domingo;11:05:00;RS;293;31;CAPAO DO LEAO;Rea��o tardia ou ineficiente do condutor;Sa�da de leito carro��vel;Com V�timas Feridas;Pleno dia;Decrescente;Chuva;Simples;Curva;N�o;2;0;0;1;1;0;1;1;-31,729;-52,628;SPRF-RS;DEL07-RS;UOP01-DEL07-RS;;;