id;data_inversa;dia_semana;horario;uf;br;km;municipio;causa_acidente;tipo_acidente;classificacao_acidente;fase_dia;sentido_via;condicao_metereologica;tipo_pista;tracado_via;uso_solo;pessoas;mortos;feridos_leves;feridos_graves;ilesos;ignorados;feridos;veiculos;latitude;longitude;regional;delegacia;uop;;;
707555;27/07/2025;domingo;10:00:00;MT;70;167;GENERAL CARNEIRO;Velocidade Incompat�vel;Capotamento;Com V�timas Feridas;Pleno dia;Decrescente;C�u Claro;Simples;Reta;N�o;3;0;2;1;0;0;3;1;-15,680422;-53,601397;SPRF-MT;DEL05-MT;UOP01-DEL05-MT;;;
707556;27/07/2025;domingo;10:00:00;MT;163;684;LUCAS DO RIO VERDE;Aus�ncia de rea��o do condutor;Queda de ocupante de ve�culo;Com V�timas Feridas;Pleno dia;Decrescente;C�u Claro;Simples;Reta;N�o;1;0;1;0;0;0;1;1;-13,10273999;-55,94965696;SPRF-MT;DEL06-MT;UOP01-DEL06-MT;;;
707558;27/07/2025;domingo;11:40:00;RJ;116;143;DUQUE DE CAXIAS;Avarias e/ou desgaste excessivo no pneu;Tombamento;Com V�timas Feridas;Pleno dia;Crescente;Sol;Dupla;Reta;Sim;2;0;2;0;0;0;2;1;-22,65163088;-43,23762774;SPRF-RJ;DEL01-RJ;UOP02-DEL01-RJ;;;
707559;27/07/2025;domingo;11:30:00;PI;316;24;TERESINA;Transitar na contram�o;Colis�o transversal;Com V�timas Feridas;Pleno dia;Decrescente;C�u Claro;M�ltipla;Reta;N�o;3;0;2;0;1;0;2;2;-5,29130602;-42,71570206;SPRF-PI;DEL01-PI;UOP02-DEL01-PI;;;
707562;27/07/2025;domingo;10:19:00;MG;381;583,2;CARMOPOLIS DE MINAS;Aus�ncia de rea��o do condutor;Tombamento;Com V�timas Feridas;Pleno dia;Crescente;C�u Claro;Dupla;Reta;Sim;1;0;1;0;0;0;1;1;-20,52147106;-44,62648764;SPRF-MG;DEL04-MG;UOP01-DEL04-MG;;;
707563;26/07/2025;s�bado;23:00:00;GO;70;322;JUSSARA;Aus�ncia de rea��o do condutor;Sa�da de leito carro��vel;Sem V�timas;Plena Noite;Decrescente;C�u Claro;Dupla;"Retorno Regulamentado;Reta";Sim;1;0;0;0;1;0;0;1;-15,8751188;-50,89766085;SPRF-GO;DEL04-GO;UOP02-DEL04-GO;;;
707566;27/07/2025;domingo;11:25:00;PR;277;109;CURITIBA;Manobra de mudan�a de faixa;Colis�o lateral mesmo sentido;Com V�timas Feridas;Pleno dia;Decrescente;C�u Claro;Dupla;"Aclive;Curva";N�o;3;0;0;1;1;1;1;3;-25,43040469;-49,37801909;SPRF-PR;DEL01-PR;UOP06-DEL01-PR;;;
707567;20/07/2025;domingo;00:45:00;MG;116;580,7;MANHUACU;Ingest�o de �lcool pelo condutor;Colis�o traseira;Com V�timas Feridas;Plena Noite;Decrescente;C�u Claro;Simples;Reta;Sim;2;0;1;0;1;0;1;2;-20,198979;-42,183102;SPRF-MG;DEL06-MG;UOP03-DEL06-MG;;;
707568;27/07/2025;domingo;10:00:00;CE;116;373,3;ICO;Velocidade Incompat�vel;Colis�o traseira;Com V�timas Feridas;Pleno dia;Decrescente;Sol;Simples;Reta;N�o;5;0;3;2;0;0;5;2;-6,39335;-38,828552;SPRF-CE;DEL05-CE;UOP01-DEL05-CE;;;
707569;27/07/2025;domingo;11:50:00;RS;386;355,7;ESTRELA;Avarias e/ou desgaste excessivo no pneu;Sa�da de leito carro��vel;Com V�timas Feridas;Pleno dia;Decrescente;Chuva;Dupla;Curva;N�o;1;0;1;0;0;0;1;1;-29,520896;-51,935769;SPRF-RS;DEL04-RS;UOP01-DEL04-RS;;;
707570;27/07/2025;domingo;09:50:00;MG;40;602,9;CONGONHAS;Convers�o proibida;Colis�o transversal;Com V�timas Fatais;Pleno dia;Crescente;Sol;Simples;Reta;N�o;4;2;1;1;0;0;2;2;-20,446868;-43,839723;SPRF-MG;DEL05-MG;UOP02-DEL05-MG;;;
707571;27/07/2025;domingo;12:50:00;MG;50;82,4;UBERLANDIA;Aus�ncia de rea��o do condutor;Tombamento;Com V�timas Feridas;Pleno dia;Decrescente;Sol;Dupla;"Aclive;Reta";N�o;1;0;1;0;0;0;1;1;-18,98681759;-48,21204185;SPRF-MG;DEL15-MG;UOP01-DEL15-MG;;;
707572;27/07/2025;domingo;10:00:00;MT;364;345;SANTO ANTONIO DO LEVERGER;Velocidade Incompat�vel;Sa�da de leito carro��vel;Com V�timas Fatais;Pleno dia;Decrescente;C�u Claro;Dupla;"Reta;Aclive";N�o;1;1;0;0;0;0;0;1;-15,804274;-55,551954;SPRF-MT;DEL05-MT;UOP02-DEL05-MT;;;
707573;27/07/2025;domingo;08:30:00;PR;158;537;PATO BRANCO;Demais falhas mec�nicas ou el�tricas;Sa�da de leito carro��vel;Com V�timas Feridas;Pleno dia;Crescente;Nublado;Simples;Rotat�ria;N�o;2;0;1;0;1;0;1;1;-26,25443743;-52,70875303;SPRF-PR;DEL02-PR;UOP01-DEL02-PR;;;
707574;27/07/2025;domingo;11:38:00;MG;381;703,9;LAVRAS;Acessar a via sem observar a presen�a dos outros ve�culos;Colis�o transversal;Com V�timas Feridas;Pleno dia;Decrescente;Sol;Dupla;"Reta;Aclive";N�o;3;0;1;0;2;0;1;2;-21,30362894;-45,1550746;SPRF-MG;DEL04-MG;UOP02-DEL04-MG;;;
707575;27/07/2025;domingo;09:00:00;PR;373;437;CHOPINZINHO;Rea��o tardia ou ineficiente do condutor;Sa�da de leito carro��vel;Com V�timas Feridas;Pleno dia;Crescente;C�u Claro;Simples;Curva;N�o;2;0;1;0;1;0;1;1;-25,788763;-52,271955;SPRF-PR;DEL02-PR;UOP01-DEL02-PR;;;
707576;27/07/2025;domingo;11:40:00;MT;364;244;JUSCIMEIRA;Aus�ncia de rea��o do condutor;Sa�da de leito carro��vel;Com V�timas Feridas;Pleno dia;Crescente;C�u Claro;Dupla;Reta;N�o;1;0;0;1;0;0;1;1;-16,15032872;-54,80837131;SPRF-MT;DEL02-MT;UOP01-DEL02-MT;;;
707577;27/07/2025;domingo;10:30:00;RJ;116;90,4;TERESOPOLIS;Aus�ncia de rea��o do condutor;Tombamento;Com V�timas Feridas;Pleno dia;Decrescente;C�u Claro;Simples;Reta;N�o;1;0;1;0;0;0;1;1;-22,4606234;-42,9624955;SPRF-RJ;DEL04-RJ;UOP01-DEL04-RJ;;;
707580;27/07/2025;domingo;13:00:00;PR;369;162,2;CAMBE;Demais falhas mec�nicas ou el�tricas;Sa�da de leito carro��vel;Com V�timas Feridas;Pleno dia;Crescente;C�u Claro;Dupla;Reta;Sim;2;0;1;0;1;0;1;1;-23,294188;-51,269233;SPRF-PR;DEL07-PR;UOP01-DEL07-PR;;;
707581;27/07/2025;domingo;10:50:00;RS;386;56,8;SEBERI;Aus�ncia de rea��o do condutor;Sa�da de leito carro��vel;Com V�timas Feridas;Pleno dia;Decrescente;Chuva;Simples;Curva;N�o;2;0;2;0;0;0;2;1;-27,53896752;-53,36651217;SPRF-RS;DEL08-RS;UOP02-DEL08-RS;;;
707584;27/07/2025;domingo;14:00:00;MG;262;801;UBERABA;Velocidade Incompat�vel;Colis�o traseira;Com V�timas Feridas;Pleno dia;Crescente;C�u Claro;Dupla;Reta;N�o;8;0;0;2;6;0;2;2;-19,76875774;-47,89450971;SPRF-MG;DEL13-MG;UOP01-DEL13-MG;;;
707585;27/07/2025;domingo;14:35:00;MG;381;321;NOVA ERA;Acessar a via sem observar a presen�a dos outros ve�culos;Colis�o transversal;Com V�timas Feridas;Pleno dia;Decrescente;C�u Claro;Dupla;"Reta;Aclive";Sim;4;0;2;0;2;0;2;2;-19,75488244;-43,02700996;SPRF-MG;DEL03-MG;UOP02-DEL03-MG;;;
707586;27/07/2025;domingo;12:15:00;MG;116;675,5;MIRADOURO;Desrespeitar a prefer�ncia no cruzamento;Colis�o transversal;Com V�timas Feridas;Pleno dia;Crescente;Sol;Simples;Reta;N�o;6;0;3;0;3;0;3;2;-20,91013902;-42,35038016;SPRF-MG;DEL07-MG;UOP02-DEL07-MG;;;
707588;26/07/2025;s�bado;14:00:00;SC;116;98;MONTE CASTELO;Aus�ncia de rea��o do condutor;Sa�da de leito carro��vel;Sem V�timas;Pleno dia;Crescente;Sol;Simples;Reta;N�o;1;0;0;0;0;1;0;1;-26,6964429;-50,2935971;SPRF-SC;DEL06-SC;UOP02-DEL06-SC;;;
707589;27/07/2025;domingo;14:40:00;DF;40;5,5;BRASILIA;Condutor deixou de manter dist�ncia do ve�culo da frente;Colis�o traseira;Com V�timas Feridas;Pleno dia;Decrescente;Sol;Dupla;Reta;Sim;3;0;1;0;2;0;1;2;-16,025922;-47,97921;SPRF-DF;DEL01-DF;UOP01-DEL01-DF;;;
707590;27/07/2025;domingo;14:35:00;MG;381;825;CAREACU;Aus�ncia de rea��o do condutor;Sa�da de leito carro��vel;Com V�timas Feridas;Pleno dia;Crescente;C�u Claro;Dupla;Curva;N�o;1;0;1;0;0;0;1;1;-22,10339147;-45,72464061;SPRF-MG;DEL16-MG;UOP02-DEL16-MG;;;
707591;27/07/2025;domingo;15:00:00;PR;277;697;SAO MIGUEL DO IGUACU;Acumulo de �gua sobre o pavimento;Capotamento;Com V�timas Feridas;Pleno dia;Decrescente;Chuva;Dupla;Reta;N�o;1;0;1;0;0;0;1;1;-25,391569;-54,303339;SPRF-PR;DEL05-PR;UOP01-DEL05-PR;;;
707592;27/07/2025;domingo;12:30:00;RJ;101;482;ANGRA DOS REIS;Desrespeitar a prefer�ncia no cruzamento;Colis�o transversal;Com V�timas Feridas;Pleno dia;Decrescente;C�u Claro;Dupla;Retorno Regulamentado;N�o;3;0;2;0;1;0;2;2;-23,004622;-44,297998;SPRF-RJ;DEL03-RJ;UOP03-DEL03-RJ;;;
707593;27/07/2025;domingo;14:45:00;SP;116;94;PINDAMONHANGABA;Manobra de mudan�a de faixa;Colis�o traseira;Com V�timas Feridas;Pleno dia;Crescente;C�u Claro;Dupla;Reta;N�o;3;0;2;0;1;0;2;2;-22,96106;-45,4223;SPRF-SP;DEL08-SP;UOP01-DEL08-SP;;;
707594;27/07/2025;domingo;14:20:00;MG;40;452,8;CAETANOPOLIS;Rea��o tardia ou ineficiente do condutor;Sa�da de leito carro��vel;Sem V�timas;Pleno dia;Crescente;C�u Claro;Dupla;"Curva;Retorno Regulamentado";N�o;1;0;0;0;0;1;0;1;-19,339167;-44,357939;SPRF-MG;DEL02-MG;UOP01-DEL02-MG;;;
707595;27/07/2025;domingo;14:40:00;MG;40;275;TRES MARIAS;Pedestre cruzava a pista fora da faixa;Atropelamento de Pedestre;Com V�timas Feridas;Pleno dia;Decrescente;C�u Claro;Simples;"Reta;Declive";N�o;3;0;0;1;2;0;1;2;-18,21355509;-45,22381687;SPRF-MG;DEL14-MG;UOP02-DEL14-MG;;;
707596;27/07/2025;domingo;15:02:00;SC;470;63,1;INDAIAL;Ultrapassagem Indevida;Colis�o lateral mesmo sentido;Com V�timas Feridas;Pleno dia;Crescente;C�u Claro;Simples;Reta;N�o;3;0;0;1;2;0;1;3;-26,87435814;-49,1838154;SPRF-SC;DEL04-SC;UOP01-DEL04-SC;;;
707597;27/07/2025;domingo;15:40:00;BA;135;198;SAO DESIDERIO;Rea��o tardia ou ineficiente do condutor;Tombamento;Com V�timas Feridas;Pleno dia;Crescente;C�u Claro;Simples;Reta;N�o;6;0;0;1;4;1;1;3;-12,35033324;-44,99055505;SPRF-BA;DEL10-BA;UOP01-DEL10-BA;;;
707598;27/07/2025;domingo;15:00:00;SP;488;5,5;APARECIDA;Desrespeitar a prefer�ncia no cruzamento;Colis�o transversal;Com V�timas Feridas;Pleno dia;Decrescente;Sol;Dupla;"Retorno Regulamentado;Interse��o de Vias;Aclive;Viaduto";N�o;6;0;2;2;2;0;4;2;-22,87356553;-45,25698781;SPRF-SP;DEL08-SP;UOP01-DEL08-SP;;;
707599;27/07/2025;domingo;16:00:00;PR;376;213,1;MANDAGUARI;Aus�ncia de rea��o do condutor;Sa�da de leito carro��vel;Com V�timas Feridas;Pleno dia;Decrescente;C�u Claro;Dupla;Curva;N�o;1;0;0;1;0;0;1;1;-23,565668;-51,655858;SPRF-PR;DEL09-PR;UOP01-DEL09-PR;;;
707601;27/07/2025;domingo;15:30:00;PR;277;144;BALSA NOVA;Rea��o tardia ou ineficiente do condutor;Colis�o traseira;Sem V�timas;Pleno dia;Decrescente;C�u Claro;Dupla;Reta;N�o;4;0;0;0;4;0;0;2;-25,47153104;-49,69227187;SPRF-PR;DEL03-PR;UOP03-DEL03-PR;;;
707603;27/07/2025;domingo;15:40:00;MG;40;514;RIBEIRAO DAS NEVES;Rea��o tardia ou ineficiente do condutor;Colis�o traseira;Sem V�timas;Pleno dia;Crescente;C�u Claro;Dupla;Reta;Sim;2;0;0;0;2;0;0;2;-19,80373;-44,0983467;SPRF-MG;DEL01-MG;UOP02-DEL01-MG;;;
707604;27/07/2025;domingo;13:00:00;MG;381;318;NOVA ERA;Transitar na contram�o;Colis�o frontal;Com V�timas Feridas;Pleno dia;Crescente;C�u Claro;Simples;Reta;N�o;2;0;0;1;1;0;1;2;-19,7293179;-43,0141283;SPRF-MG;DEL03-MG;UOP02-DEL03-MG;;;
707605;27/07/2025;domingo;14:00:00;BA;116;910,5;ENCRUZILHADA;Transitar na contram�o;Colis�o frontal;Com V�timas Feridas;Pleno dia;Decrescente;Sol;Simples;"Reta;Aclive;Em Obras";N�o;2;0;2;0;0;0;2;2;-15,51883;-41,24165;SPRF-BA;DEL08-BA;UOP03-DEL08-BA;;;
707606;27/07/2025;domingo;16:10:00;MG;40;712;BARBACENA;Acessar a via sem observar a presen�a dos outros ve�culos;Colis�o transversal;Com V�timas Feridas;Pleno dia;Crescente;C�u Claro;Dupla;"Curva;Retorno Regulamentado";Sim;3;0;0;2;1;0;2;2;-21,25229754;-43,67489622;SPRF-MG;DEL05-MG;UOP02-DEL05-MG;;;
707607;27/07/2025;domingo;15:40:00;PA;316;73;CASTANHAL;Transitar na contram�o;Colis�o frontal;Com V�timas Feridas;Pleno dia;Decrescente;C�u Claro;Simples;Reta;N�o;4;0;0;1;3;0;1;2;-1,2898483;-47,838287;SPRF-PA;DEL01-PA;UOP01-DEL01-PA;;;
707608;27/07/2025;domingo;16:15:00;PB;230;15,6;JOAO PESSOA;Acumulo de �gua sobre o pavimento;Tombamento;Com V�timas Feridas;Pleno dia;Decrescente;Chuva;Dupla;Reta;Sim;1;0;0;1;0;0;1;1;-7,10373;-34,846002;SPRF-PB;DEL01-PB;UOP01-DEL01-PB;;;
707610;27/07/2025;domingo;16:20:00;RS;386;308;POUSO NOVO;Condutor deixou de manter dist�ncia do ve�culo da frente;Colis�o traseira;Sem V�timas;Pleno dia;Decrescente;Chuva;Simples;"Reta;Aclive;Em Obras";N�o;2;0;0;0;2;0;0;2;-29,212977;-52,172374;SPRF-RS;DEL04-RS;UOP01-DEL04-RS;;;
707611;27/07/2025;domingo;16:30:00;DF;70;17;BRASILIA;Aus�ncia de rea��o do condutor;Colis�o traseira;Sem V�timas;Pleno dia;Crescente;C�u Claro;Dupla;Reta;Sim;3;0;0;0;2;1;0;3;-15,792578;-48,207613;SPRF-DF;DEL03-DF;UOP02-DEL03-DF;;;
707613;27/07/2025;domingo;16:00:00;MG;381;501;BETIM;Condutor deixou de manter dist�ncia do ve�culo da frente;Colis�o traseira;Com V�timas Feridas;Pleno dia;Decrescente;C�u Claro;Dupla;Reta;Sim;5;0;2;0;3;0;2;2;-20,016075;-44,222522;SPRF-MG;DEL01-MG;UOP03-DEL01-MG;;;
707614;27/07/2025;domingo;16:20:00;SP;381;33;ATIBAIA;Condutor deixou de manter dist�ncia do ve�culo da frente;Colis�o traseira;Com V�timas Feridas;Pleno dia;Decrescente;C�u Claro;Dupla;Reta;N�o;2;0;1;0;1;0;1;2;-23,0938576;-46,57239407;SPRF-SP;DEL03-SP;UOP02-DEL03-SP;;;
707615;27/07/2025;domingo;16:05:00;GO;153;295,8;RIALMA;Acessar a via sem observar a presen�a dos outros ve�culos;Colis�o traseira;Com V�timas Feridas;Pleno dia;Decrescente;Sol;Simples;Reta;N�o;3;0;1;0;2;0;1;3;-15,26994391;-49,55005646;SPRF-GO;DEL02-GO;UOP02-DEL02-GO;;;
707616;27/07/2025;domingo;10:35:00;RO;435;88;COLORADO DO OESTE;Acesso irregular;Colis�o lateral mesmo sentido;Com V�timas Feridas;Pleno dia;Crescente;C�u Claro;Simples;Reta;N�o;3;0;2;0;1;0;2;2;-13,10173788;-60,40720296;SPRF-RO;DEL04-RO;UOP02-DEL04-RO;;;
707617;27/07/2025;domingo;16:15:00;SP;116;87,3;PINDAMONHANGABA;Rea��o tardia ou ineficiente do condutor;Engavetamento;Sem V�timas;Pleno dia;Decrescente;C�u Claro;Dupla;Reta;N�o;4;0;0;0;4;0;0;3;-22,932086;-45,364329;SPRF-SP;DEL08-SP;UOP01-DEL08-SP;;;
707618;23/07/2025;quarta-feira;21:10:00;PR;277;115;CAMPO LARGO;Ultrapassagem Indevida;Colis�o lateral mesmo sentido;Com V�timas Feridas;Plena Noite;Decrescente;Ignorado;Dupla;Reta;Sim;2;0;1;0;1;0;1;2;-25,44761664;-49,48608138;SPRF-PR;DEL03-PR;UOP03-DEL03-PR;;;
707619;27/07/2025;domingo;16:15:00;PR;369;88;CORNELIO PROCOPIO;Aus�ncia de rea��o do condutor;Colis�o traseira;Com V�timas Feridas;Pleno dia;Crescente;C�u Claro;Dupla;"Reta;Aclive";N�o;2;0;1;0;1;0;1;2;-23,1817421;-50,63144;SPRF-PR;DEL07-PR;UOP05-DEL07-PR;;;
707621;27/07/2025;domingo;17:25:00;PB;101;77;SANTA RITA;Ingest�o de �lcool pelo condutor;Sa�da de leito carro��vel;Sem V�timas;Anoitecer;Crescente;Chuva;Dupla;Desvio Tempor�rio;N�o;1;0;0;0;1;0;0;1;-7,10464772;-34,96416662;SPRF-PB;DEL01-PB;UOP03-DEL01-PB;;;
707622;27/07/2025;domingo;15:45:00;RJ;116;236;PIRAI;Demais falhas mec�nicas ou el�tricas;Inc�ndio;Sem V�timas;Pleno dia;Crescente;C�u Claro;Dupla;Reta;N�o;45;0;0;0;45;0;0;1;-22,64506619;-43,89690399;SPRF-RJ;DEL07-RJ;UOP01-DEL07-RJ;;;
707623;27/07/2025;domingo;16:30:00;PR;277;288,7;PRUDENTOPOLIS;Condutor deixou de manter dist�ncia do ve�culo da frente;Colis�o traseira;Sem V�timas;Pleno dia;Decrescente;C�u Claro;Simples;Reta;N�o;5;0;0;0;5;0;0;2;-25,317857;-50,995319;SPRF-PR;DEL08-PR;UOP02-DEL08-PR;;;
707624;27/07/2025;domingo;15:10:00;SC;101;13,3;GARUVA;Rea��o tardia ou ineficiente do condutor;Colis�o traseira;Com V�timas Feridas;Pleno dia;Crescente;Nublado;Dupla;"Retorno Regulamentado;Reta";N�o;6;0;2;0;4;0;2;2;-26,09221773;-48,86477351;SPRF-SC;DEL03-SC;UOP01-DEL03-SC;;;
707625;27/07/2025;domingo;16:50:00;ES;101;141,7;LINHARES;Demais falhas mec�nicas ou el�tricas;Sa�da de leito carro��vel;Com V�timas Feridas;Pleno dia;Crescente;Nublado;M�ltipla;Reta;N�o;2;0;2;0;0;0;2;1;-19,33189509;-40,06938863;SPRF-ES;DEL04-ES;UOP01-DEL04-ES;;;
707626;27/07/2025;domingo;13:30:00;MG;354;729,6;POUSO ALTO;Ultrapassagem Indevida;Colis�o frontal;Com V�timas Feridas;Pleno dia;Decrescente;Sol;Simples;"Curva;Declive";N�o;4;0;2;2;0;0;4;2;-22,166275;-44,966912;SPRF-MG;DEL17-MG;UOP01-DEL17-MG;;;
707627;27/07/2025;domingo;16:20:00;MS;163;476;CAMPO GRANDE;Acessar a via sem observar a presen�a dos outros ve�culos;Colis�o transversal;Com V�timas Fatais;Pleno dia;Crescente;C�u Claro;Simples;"Rotat�ria;Reta";Sim;3;1;0;0;2;0;0;2;-20,5139;-54,5623;SPRF-MS;DEL01-MS;UOP01-DEL01-MS;;;
707628;27/07/2025;domingo;16:40:00;RJ;40;119;DUQUE DE CAXIAS;Trafegar com motocicleta (ou similar) entre as faixas;Queda de ocupante de ve�culo;Com V�timas Feridas;Anoitecer;Crescente;C�u Claro;M�ltipla;Reta;Sim;1;0;1;0;0;0;1;1;-22,76528896;-43,28689537;SPRF-RJ;DEL01-RJ;UOP02-DEL01-RJ;;;
707630;27/07/2025;domingo;17:15:00;PR;116;144;MANDIRITUBA;Condutor deixou de manter dist�ncia do ve�culo da frente;Colis�o lateral mesmo sentido;Com V�timas Feridas;Anoitecer;Decrescente;C�u Claro;Simples;Reta;N�o;4;0;1;0;3;0;1;2;-25,83405933;-49,33779113;SPRF-PR;DEL01-PR;UOP03-DEL01-PR;;;
707631;27/07/2025;domingo;18:00:00;PB;116;12;CACHOEIRA DOS INDIOS;Demais falhas mec�nicas ou el�tricas;Inc�ndio;Sem V�timas;Plena Noite;Crescente;C�u Claro;Simples;Reta;N�o;1;0;0;0;0;1;0;1;-6,98629703;-38,74448061;SPRF-CE;DEL05-CE;UOP03-DEL05-CE;;;
707632;27/07/2025;domingo;17:18:00;GO;70;337;JUSSARA;Transitar na contram�o;Colis�o frontal;Com V�timas Feridas;Anoitecer;Crescente;C�u Claro;Simples;Reta;N�o;4;0;2;0;2;0;2;2;-15,88242282;-51,00377083;SPRF-GO;DEL04-GO;UOP02-DEL04-GO;;;
707634;27/07/2025;domingo;16:35:00;PR;163;219;CASCAVEL;Ingest�o de �lcool pelo condutor;Sa�da de leito carro��vel;Com V�timas Feridas;Pleno dia;Decrescente;Chuva;Dupla;Curva;N�o;3;0;2;0;1;0;2;1;-24,8620357;-53,5846839;SPRF-PR;DEL04-PR;UOP01-DEL04-PR;;;
707636;27/07/2025;domingo;17:20:00;RJ;101;419;MANGARATIBA;Rea��o tardia ou ineficiente do condutor;Colis�o traseira;Com V�timas Feridas;Anoitecer;Decrescente;Nublado;Simples;"Aclive;Reta";Sim;4;0;3;0;1;0;3;2;-22,91904113;-43,92008591;SPRF-RJ;DEL03-RJ;UOP02-DEL03-RJ;;;
707637;27/07/2025;domingo;18:30:00;SP;116;101;PINDAMONHANGABA;Aus�ncia de rea��o do condutor;Queda de ocupante de ve�culo;Com V�timas Feridas;Plena Noite;Crescente;C�u Claro;Dupla;"Declive;Reta";N�o;1;0;1;0;0;0;1;1;-22,99489;-45,48974;SPRF-SP;DEL08-SP;UOP01-DEL08-SP;;;
707638;27/07/2025;domingo;17:30:00;RJ;101;385;RIO DE JANEIRO;Manobra de mudan�a de faixa;Colis�o transversal;Com V�timas Feridas;Plena Noite;Decrescente;C�u Claro;Dupla;Reta;N�o;3;0;1;2;0;0;3;2;-22,88352;-43,641541;SPRF-RJ;DEL03-RJ;UOP01-DEL03-RJ;;;
707640;27/07/2025;domingo;18:15:00;MG;40;696,9;BARBACENA;Falta de acostamento;Colis�o traseira;Sem V�timas;Plena Noite;Decrescente;C�u Claro;Simples;Curva;N�o;2;0;0;0;2;0;0;2;-21,18337581;-43,75344175;SPRF-MG;DEL05-MG;UOP02-DEL05-MG;;;
707641;27/07/2025;domingo;18:40:00;BA;116;16,5;VITORIA DA CONQUISTA;Acessar a via sem observar a presen�a dos outros ve�culos;Colis�o transversal;Com V�timas Feridas;Pleno dia;Crescente;C�u Claro;Simples;"Reta;Interse��o de Vias";Sim;2;0;2;0;0;0;2;2;-14,9024;-40,8442;SPRF-BA;DEL08-BA;UOP01-DEL08-BA;;;
707642;27/07/2025;domingo;15:45:00;SC;101;6,2;BIGUACU;Demais falhas mec�nicas ou el�tricas;Queda de ocupante de ve�culo;Com V�timas Feridas;Pleno dia;Decrescente;C�u Claro;Dupla;Reta;N�o;1;0;1;0;0;0;1;1;-27,381147;-48,68464;SPRF-SC;DEL01-SC;UOP01-DEL01-SC;;;
707643;27/07/2025;domingo;18:30:00;TO;10;453;PALMAS;Aus�ncia de rea��o do condutor;Colis�o traseira;Com V�timas Feridas;Anoitecer;Decrescente;C�u Claro;M�ltipla;Reta;Sim;7;0;3;0;4;0;3;2;-10,324088;-48,297445;SPRF-TO;DEL01-TO;UOP03-DEL01-TO;;;
707644;27/07/2025;domingo;18:25:00;RS;116;143,9;CAXIAS DO SUL;Rea��o tardia ou ineficiente do condutor;Sa�da de leito carro��vel;Sem V�timas;Pleno dia;Decrescente;Chuva;Dupla;Curva;Sim;2;0;0;0;2;0;0;2;-29,12647968;-51,12775175;SPRF-RS;DEL05-RS;UOP01-DEL05-RS;;;
707646;27/07/2025;domingo;15:45:00;MG;262;58,8;MANHUACU;Acessar a via sem observar a presen�a dos outros ve�culos;Colis�o transversal;Com V�timas Feridas;Pleno dia;Decrescente;C�u Claro;Simples;Reta;N�o;2;0;0;1;1;0;1;2;-20,281222;-42,202073;SPRF-MG;DEL06-MG;UOP03-DEL06-MG;;;
707647;27/07/2025;domingo;17:55:00;PE;101;58,9;RECIFE;Condutor deixou de manter dist�ncia do ve�culo da frente;Engavetamento;Sem V�timas;Anoitecer;Crescente;Chuva;Dupla;Reta;N�o;5;0;0;0;4;1;0;4;-7,97789275;-34,92711425;SPRF-PE;DEL01-PE;UOP02-DEL01-PE;;;
707649;27/07/2025;domingo;18:30:00;BA;324;626;SALVADOR;Aus�ncia de rea��o do condutor;Colis�o com objeto;Com V�timas Feridas;Plena Noite;Crescente;C�u Claro;Dupla;Curva;Sim;1;0;0;1;0;0;1;1;-12,9661399;-38,4753373;SPRF-BA;DEL01-BA;UOP01-DEL01-BA;;;
707650;27/07/2025;domingo;18:42:00;PR;153;111,6;IBAITI;Pedestre - Ingest�o de �lcool/ subst�ncias psicoativas;Atropelamento de Pedestre;Com V�timas Feridas;Plena Noite;Crescente;Nublado;Simples;Interse��o de Vias;Sim;2;0;1;1;0;0;2;2;-23,86670151;-50,2013704;SPRF-PR;DEL07-PR;UOP04-DEL07-PR;;;
707652;27/07/2025;domingo;18:10:00;PR;369;188;ARAPONGAS;Rea��o tardia ou ineficiente do condutor;Colis�o traseira;Com V�timas Feridas;Anoitecer;Crescente;C�u Claro;Simples;"Reta;Interse��o de Vias";Sim;5;0;3;0;2;0;3;2;-23,433329;-51,4227312;SPRF-PR;DEL07-PR;UOP03-DEL07-PR;;;
707656;27/07/2025;domingo;08:00:00;RO;364;1043;PORTO VELHO;Rea��o tardia ou ineficiente do condutor;Sa�da de leito carro��vel;Com V�timas Fatais;Pleno dia;Decrescente;C�u Claro;Simples;Reta;N�o;3;1;2;0;0;0;2;1;-9,77552;-66,38569;SPRF-RO;DEL01-RO;UOP03-DEL01-RO;;;
707657;27/07/2025;domingo;18:40:00;MG;267;241,9;SERITINGA;Aus�ncia de rea��o do condutor;Colis�o frontal;Com V�timas Feridas;Plena Noite;Decrescente;C�u Claro;Simples;"Declive;Curva";N�o;6;0;6;0;0;0;6;2;-21,92513983;-44,44123507;SPRF-MG;DEL17-MG;UOP01-DEL17-MG;;;
707659;27/07/2025;domingo;06:15:00;MG;262;445,4;NOVA SERRANA;Rea��o tardia ou ineficiente do condutor;Queda de ocupante de ve�culo;Com V�timas Feridas;Anoitecer;Decrescente;C�u Claro;Simples;Reta;N�o;1;0;1;0;0;0;1;1;-19,84881538;-45,03908159;SPRF-MG;DEL08-MG;UOP03-DEL08-MG;;;
707660;27/07/2025;domingo;19:30:00;ES;259;60;COLATINA;Rea��o tardia ou ineficiente do condutor;Colis�o com objeto;Com V�timas Feridas;Plena Noite;Crescente;C�u Claro;Simples;Rotat�ria;Sim;1;0;1;0;0;0;1;1;-19,52477054;-40,67318559;SPRF-ES;DEL02-ES;UOP01-DEL02-ES;;;