id;data_inversa;dia_semana;horario;uf;br;km;municipio;causa_acidente;tipo_acidente;classificacao_acidente;fase_dia;sentido_via;condicao_metereologica;tipo_pista;tracado_via;uso_solo;pessoas;mortos;feridos_leves;feridos_graves;ilesos;ignorados;feridos;veiculos;latitude;longitude;regional;delegacia;uop;;;
707662;27/07/2025;domingo;19:05:00;SC;470;116;IBIRAMA;Ingest�o de �lcool pelo condutor;Colis�o lateral sentido oposto;Sem V�timas;Plena Noite;Decrescente;Chuva;Simples;Reta;Sim;3;0;0;0;3;0;0;2;-27,0777005;-49,4927355;SPRF-SC;DEL04-SC;UOP02-DEL04-SC;;;
707663;27/07/2025;domingo;17:42:00;SC;470;49,4;BLUMENAU;Manobra de mudan�a de faixa;Colis�o lateral mesmo sentido;Sem V�timas;Anoitecer;Decrescente;Nublado;Dupla;"Reta;Interse��o de Vias";N�o;6;0;0;0;3;3;0;3;-26,86146564;-49,07052781;SPRF-SC;DEL04-SC;UOP01-DEL04-SC;;;
707664;27/07/2025;domingo;19:20:00;RJ;116;186;NOVA IGUACU;Manobra de mudan�a de faixa;Colis�o lateral mesmo sentido;Com V�timas Feridas;Plena Noite;Crescente;C�u Claro;Dupla;Reta;N�o;1;0;1;0;0;0;1;1;-22,74361235;-43,51444244;SPRF-RJ;DEL06-RJ;UOP01-DEL06-RJ;;;
707665;27/07/2025;domingo;16:15:00;GO;60;268;JANDAIA;Ingest�o de �lcool pelo condutor;Sa�da de leito carro��vel;Sem V�timas;Pleno dia;Crescente;C�u Claro;Dupla;"Em Obras;Reta";N�o;1;0;0;0;1;0;0;1;-17,20649234;-50,11478758;SPRF-GO;DEL01-GO;UOP02-DEL01-GO;;;
707666;27/07/2025;domingo;18:35:00;MS;163;11;MUNDO NOVO;Aus�ncia de rea��o do condutor;Sa�da de leito carro��vel;Com V�timas Feridas;Plena Noite;Crescente;Chuva;Simples;Declive;N�o;2;0;2;0;0;0;2;1;-23,968728;-54,3285;SPRF-MS;DEL09-MS;UOP02-DEL09-MS;;;
707667;27/07/2025;domingo;12:11:00;PA;230;1120;ITAITUBA;Transitar no Acostamento;Colis�o frontal;Com V�timas Feridas;Pleno dia;Decrescente;C�u Claro;Simples;Curva;N�o;2;0;0;1;1;0;1;2;-4,37551373;-55,85096285;SPRF-PA;DEL05-PA;UOP02-DEL05-PA;;;
707668;27/07/2025;domingo;19:50:00;SC;101;331,6;TUBARAO;Ingest�o de �lcool pelo condutor;Colis�o transversal;Sem V�timas;Plena Noite;Crescente;Chuva;Simples;Interse��o de Vias;Sim;2;0;0;0;2;0;0;2;-28,46570059;-48,99599489;SPRF-SC;DEL02-SC;UOP01-DEL02-SC;;;
707669;27/07/2025;domingo;19:50:00;MG;381;447;BELO HORIZONTE;Condutor deixou de manter dist�ncia do ve�culo da frente;Colis�o transversal;Sem V�timas;Plena Noite;Decrescente;C�u Claro;Simples;Reta;Sim;3;0;0;0;0;3;0;3;-19,83956681;-43,87763566;SPRF-MG;DEL01-MG;UOP01-DEL01-MG;;;
707670;27/07/2025;domingo;20:19:00;RJ;40;104;DUQUE DE CAXIAS;Acumulo de areia ou detritos sobre o pavimento;Tombamento;Com V�timas Feridas;Plena Noite;Decrescente;C�u Claro;M�ltipla;"Declive;Curva";Sim;1;0;1;0;0;0;1;1;-22,63250033;-43,28493118;SPRF-RJ;DEL01-RJ;UOP02-DEL01-RJ;;;
707671;27/07/2025;domingo;20:10:00;MG;40;622;CONSELHEIRO LAFAIETE;Ingest�o de �lcool pelo condutor;Colis�o frontal;Sem V�timas;Plena Noite;Decrescente;C�u Claro;Simples;Reta;Sim;2;0;0;0;2;0;0;2;-20,62993267;-43,81027937;SPRF-MG;DEL05-MG;UOP02-DEL05-MG;;;
707672;27/07/2025;domingo;20:00:00;MG;40;514;RIBEIRAO DAS NEVES;Pedestre cruzava a pista fora da faixa;Atropelamento de Pedestre;Com V�timas Feridas;Plena Noite;Decrescente;C�u Claro;Dupla;Reta;N�o;2;0;1;0;1;0;1;2;-19,80547003;-44,09809113;SPRF-MG;DEL01-MG;UOP02-DEL01-MG;;;
707673;27/07/2025;domingo;19:00:00;MG;40;432,9;PARAOPEBA;Ingest�o de �lcool pelo condutor;Sa�da de leito carro��vel;Com V�timas Feridas;Plena Noite;Decrescente;C�u Claro;Dupla;Retorno Regulamentado;N�o;2;0;1;0;0;1;1;1;-19,20998;-44,46347;SPRF-MG;DEL02-MG;UOP01-DEL02-MG;;;
707675;27/07/2025;domingo;20:30:00;MG;381;444;SABARA;Transitar no Acostamento;Tombamento;Com V�timas Feridas;Plena Noite;Decrescente;C�u Claro;Simples;"Reta;Declive";Sim;4;0;2;0;2;0;2;2;-19,8343768;-43,8589756;SPRF-MG;DEL01-MG;UOP01-DEL01-MG;;;
707676;27/07/2025;domingo;17:30:00;AC;317;278;EPITACIOLANDIA;Ingest�o de �lcool pelo condutor;Sa�da de leito carro��vel;Com V�timas Feridas;Anoitecer;Decrescente;C�u Claro;Simples;Curva;N�o;1;0;0;1;0;0;1;1;-11,01973902;-68,66041661;SPRF-AC;DEL01-AC;UOP02-DEL01-AC;;;
707677;27/07/2025;domingo;18:20:00;SC;280;24;ARAQUARI;Convers�o proibida;Colis�o transversal;Com V�timas Feridas;Plena Noite;Decrescente;Nublado;Simples;Reta;N�o;2;0;1;0;1;0;1;2;-26,37819;-48,720535;SPRF-SC;DEL03-SC;UOP03-DEL03-SC;;;
707678;27/07/2025;domingo;20:00:00;MS;60;179;CAMAPUA;Aus�ncia de rea��o do condutor;Sa�da de leito carro��vel;Com V�timas Feridas;Plena Noite;Crescente;C�u Claro;Simples;Reta;N�o;1;0;0;1;0;0;1;1;-19,523837;-53,89401;SPRF-MS;DEL06-MS;UOP02-DEL06-MS;;;
707679;27/07/2025;domingo;18:45:00;MS;262;352;CAMPO GRANDE;Acessar a via sem observar a presen�a dos outros ve�culos;Colis�o transversal;Sem V�timas;Plena Noite;Crescente;C�u Claro;Simples;"Reta;Interse��o de Vias";N�o;3;0;0;0;1;2;0;2;-20,5654071;-54,6532069;SPRF-MS;DEL01-MS;UOP03-DEL01-MS;;;
707682;27/07/2025;domingo;18:45:00;RO;364;516,4;ARIQUEMES;Acesso irregular;Sa�da de leito carro��vel;Sem V�timas;Plena Noite;Decrescente;C�u Claro;M�ltipla;Reta;Sim;2;0;0;0;1;1;0;1;-9,9117911;-63,0556228;SPRF-RO;DEL03-RO;UOP01-DEL03-RO;;;
707683;27/07/2025;domingo;18:59:00;PE;408;28,4;ALIANCA;Transitar na contram�o;Colis�o lateral sentido oposto;Com V�timas Feridas;Plena Noite;Crescente;Chuva;Simples;"Reta;Aclive";N�o;2;0;0;1;1;0;1;2;-7,557;-35,257;SPRF-PE;DEL01-PE;UOP01-DEL01-PE;;;
707685;27/07/2025;domingo;20:15:00;PR;376;109;PARANAVAI;Aus�ncia de rea��o do condutor;Colis�o traseira;Com V�timas Feridas;Plena Noite;Crescente;Chuva;Dupla;Reta;Sim;3;0;1;0;1;1;1;3;-23,07359057;-52,41868369;SPRF-PR;DEL09-PR;UOP02-DEL09-PR;;;
707686;27/07/2025;domingo;19:50:00;CE;222;88,9;UMIRIM;Acessar a via sem observar a presen�a dos outros ve�culos;Colis�o transversal;Com V�timas Feridas;Plena Noite;Crescente;C�u Claro;Dupla;Reta;Sim;5;0;0;1;3;1;1;2;-3,67616187;-39,34164975;SPRF-CE;DEL01-CE;UOP03-DEL01-CE;;;
707688;27/07/2025;domingo;21:30:00;MG;381;494;BETIM;Velocidade Incompat�vel;Colis�o lateral mesmo sentido;Com V�timas Feridas;Plena Noite;Decrescente;C�u Claro;Dupla;Reta;Sim;4;0;3;0;1;0;3;2;-19,9965703;-44,2090305;SPRF-MG;DEL01-MG;UOP03-DEL01-MG;;;
707689;27/07/2025;domingo;21:00:00;PR;153;348,9;REBOUCAS;Pista Escorregadia;Sa�da de leito carro��vel;Com V�timas Feridas;Plena Noite;Crescente;Chuva;Simples;Reta;Sim;1;0;1;0;0;0;1;1;-25,6006638;-50,69023132;SPRF-PR;DEL08-PR;UOP02-DEL08-PR;;;
707690;27/07/2025;domingo;17:00:00;MG;40;165;JOAO PINHEIRO;Velocidade Incompat�vel;Colis�o traseira;Com V�timas Feridas;Pleno dia;Decrescente;C�u Claro;Dupla;"Reta;Declive";N�o;4;0;2;2;0;0;4;2;-17,912124;-46,095276;SPRF-MG;DEL14-MG;UOP02-DEL14-MG;;;
707691;27/07/2025;domingo;21:30:00;SC;101;151,8;ITAPEMA;Rea��o tardia ou ineficiente do condutor;Colis�o traseira;Com V�timas Feridas;Plena Noite;Crescente;Chuva;Simples;"T�nel;Curva";Sim;2;0;1;0;1;0;1;2;-27,13293811;-48,6098671;SPRF-SC;DEL04-SC;UOP03-DEL04-SC;;;
707694;27/07/2025;domingo;21:55:00;RS;116;301;GUAIBA;Aus�ncia de rea��o do condutor;Colis�o transversal;Com V�timas Feridas;Plena Noite;Crescente;Nublado;Dupla;Reta;Sim;1;0;1;0;0;0;1;1;-30,12351722;-51,34919322;SPRF-RS;DEL02-RS;UOP01-DEL02-RS;;;
707696;27/07/2025;domingo;20:45:00;PR;376;487,9;PONTA GROSSA;Aus�ncia de rea��o do condutor;Colis�o com objeto;Com V�timas Feridas;Plena Noite;Decrescente;Chuva;Dupla;Curva;Sim;3;0;2;0;1;0;2;1;-25,08289758;-50,1905787;SPRF-PR;DEL03-PR;UOP04-DEL03-PR;;;
707697;27/07/2025;domingo;21:00:00;RS;285;340;CARAZINHO;Demais falhas mec�nicas ou el�tricas;Inc�ndio;Sem V�timas;Plena Noite;Decrescente;Chuva;Simples;Reta;Sim;1;0;0;0;0;1;0;1;-28,31849223;-52,8158927;SPRF-RS;DEL08-RS;UOP03-DEL08-RS;;;
707700;27/07/2025;domingo;22:10:00;DF;20;15;BRASILIA;Aus�ncia de rea��o do condutor;Colis�o com objeto;Sem V�timas;Plena Noite;Decrescente;C�u Claro;Dupla;"Em Obras;Reta";Sim;1;0;0;0;0;1;0;1;-15,627477;-47,728524;SPRF-DF;DEL02-DF;UOP01-DEL02-DF;;;
707701;27/07/2025;domingo;22:20:00;RJ;356;66,5;ITAPERUNA;Condutor Dormindo;Sa�da de leito carro��vel;Com V�timas Feridas;Plena Noite;Decrescente;C�u Claro;Simples;Reta;N�o;2;0;0;2;0;0;2;1;-21,3612729;-41,7081356;SPRF-RJ;DEL08-RJ;UOP03-DEL08-RJ;;;
707702;27/07/2025;domingo;21:50:00;SP;116;282;EMBU DAS ARTES;Aus�ncia de rea��o do condutor;Colis�o lateral mesmo sentido;Com V�timas Feridas;Plena Noite;Crescente;C�u Claro;Dupla;Reta;Sim;2;0;1;0;1;0;1;2;-23,65960864;-46,85129352;SPRF-SP;DEL04-SP;UOP01-DEL04-SP;;;
707703;27/07/2025;domingo;22:04:00;PI;316;313,6;PICOS;Manobra de mudan�a de faixa;Colis�o transversal;Com V�timas Fatais;Plena Noite;Crescente;C�u Claro;Dupla;Reta;Sim;2;1;0;0;1;0;0;2;-7,077525;-41,444227;SPRF-PI;DEL04-PI;UOP01-DEL04-PI;;;
707704;27/07/2025;domingo;17:35:00;MA;135;10;SAO LUIS;Demais falhas mec�nicas ou el�tricas;Capotamento;Com V�timas Feridas;Pleno dia;Crescente;C�u Claro;Dupla;Reta;Sim;2;0;1;0;1;0;1;1;-2,65305231;-44,28466693;SPRF-MA;DEL01-MA;UOP01-DEL01-MA;;;
707705;27/07/2025;domingo;20:00:00;RR;432;70;CANTA;Demais falhas na via;Sa�da de leito carro��vel;Com V�timas Fatais;Plena Noite;Crescente;Nublado;Simples;"Declive;Reta;Ponte";N�o;4;1;1;0;2;0;1;1;1,75368;-60,5127;SPRF-RR;DEL01-RR;UOP01-DEL01-RR;;;
707706;27/07/2025;domingo;21:40:00;PR;277;442,8;LARANJEIRAS DO SUL;Aus�ncia de rea��o do condutor;Sa�da de leito carro��vel;Com V�timas Feridas;Plena Noite;Crescente;Chuva;Simples;"Declive;Curva";N�o;1;0;1;0;0;0;1;1;-25,37055;-52,30543;SPRF-PR;DEL04-PR;UOP02-DEL04-PR;;;
707707;27/07/2025;domingo;21:00:00;RJ;40;104;DUQUE DE CAXIAS;Transitar na contram�o;Colis�o transversal;Com V�timas Feridas;Plena Noite;Decrescente;C�u Claro;M�ltipla;Curva;Sim;3;0;0;2;1;0;2;2;-22,62916225;-43,28550806;SPRF-RJ;DEL01-RJ;UOP02-DEL01-RJ;;;
707708;27/07/2025;domingo;17:30:00;RR;432;192,7;CANTA;Ingest�o de �lcool pelo condutor;Colis�o com objeto;Com V�timas Feridas;Pleno dia;Decrescente;C�u Claro;Simples;Curva;N�o;4;0;1;3;0;0;4;1;2,617465;-60,595692;SPRF-RR;DEL01-RR;UOP01-DEL01-RR;;;
707709;27/07/2025;domingo;22:20:00;PR;376;158;MANDAGUACU;Aus�ncia de rea��o do condutor;Capotamento;Com V�timas Feridas;Plena Noite;Decrescente;Chuva;Dupla;Reta;Sim;2;0;1;1;0;0;2;1;-23,35691291;-52,08944321;SPRF-PR;DEL09-PR;UOP02-DEL09-PR;;;
707710;27/07/2025;domingo;22:00:00;PR;376;189,9;MARIALVA;Rea��o tardia ou ineficiente do condutor;Sa�da de leito carro��vel;Sem V�timas;Plena Noite;Decrescente;Chuva;Dupla;Reta;N�o;2;0;0;0;1;1;0;2;-23,469923;-51,822011;SPRF-PR;DEL09-PR;UOP01-DEL09-PR;;;
707712;27/07/2025;domingo;20:15:00;BA;116;571;BREJOES;Demais falhas mec�nicas ou el�tricas;Inc�ndio;Sem V�timas;Plena Noite;Crescente;C�u Claro;Simples;Aclive;N�o;1;0;0;0;1;0;0;1;-13,0457;-39,962387;SPRF-BA;DEL03-BA;UOP02-DEL03-BA;;;
707713;27/07/2025;domingo;22:30:00;PI;316;3;TERESINA;Pedestre cruzava a pista fora da faixa;Atropelamento de Pedestre;Com V�timas Feridas;Plena Noite;Decrescente;Ignorado;Dupla;Reta;Sim;2;0;2;0;0;0;2;2;-5,12544899;-42,79411979;SPRF-PI;DEL01-PI;UOP02-DEL01-PI;;;
707714;27/07/2025;domingo;21:15:00;PR;369;57;BANDEIRANTES;Ingest�o de �lcool pelo condutor;Colis�o frontal;Com V�timas Feridas;Plena Noite;Crescente;Nublado;Simples;Reta;Sim;3;0;2;0;1;0;2;2;-23,121309;-50,379375;SPRF-PR;DEL07-PR;UOP05-DEL07-PR;;;
707715;27/07/2025;domingo;22:38:00;PE;232;245,3;ARCOVERDE;Transitar na contram�o;Colis�o frontal;Com V�timas Fatais;Plena Noite;Crescente;Nublado;Simples;"Reta;Aclive";N�o;4;1;2;0;1;0;2;2;-8,419293;-37,011452;SPRF-PE;DEL04-PE;UOP02-DEL04-PE;;;
707717;27/07/2025;domingo;17:52:00;MT;364;500;JANGADA;Ultrapassagem Indevida;Colis�o frontal;Com V�timas Feridas;Plena Noite;Decrescente;C�u Claro;Simples;Reta;N�o;7;0;5;2;0;0;7;2;-15,190748;-56,514327;SPRF-MT;DEL01-MT;UOP01-DEL01-MT;;;
707718;27/07/2025;domingo;23:00:00;ES;101;298;VIANA;Objeto est�tico sobre o leito carro��vel;Queda de ocupante de ve�culo;Com V�timas Feridas;Plena Noite;Crescente;C�u Claro;Dupla;Reta;Sim;2;0;1;1;0;0;2;1;-20,351398;-40,413696;SPRF-ES;DEL01-ES;UOP01-DEL01-ES;;;
707719;27/07/2025;domingo;18:30:00;MT;163;536;DIAMANTINO;Aus�ncia de rea��o do condutor;Sa�da de leito carro��vel;Com V�timas Feridas;Plena Noite;Crescente;C�u Claro;Dupla;Reta;N�o;1;0;1;0;0;0;1;1;-14,327898;-56,14438;SPRF-MT;DEL01-MT;UOP01-DEL01-MT;;;
707720;27/07/2025;domingo;21:50:00;BA;101;504;ITABUNA;Ingest�o de �lcool pelo condutor;Colis�o transversal;Sem V�timas;Plena Noite;Crescente;C�u Claro;Simples;"Reta;Interse��o de Vias";Sim;2;0;0;0;2;0;0;2;-14,78358826;-39,29177856;SPRF-BA;DEL05-BA;UOP01-DEL05-BA;;;
707721;27/07/2025;domingo;22:50:00;MG;365;624;UBERLANDIA;Velocidade Incompat�vel;Sa�da de leito carro��vel;Com V�timas Feridas;Plena Noite;Crescente;C�u Claro;Simples;Curva;Sim;2;0;2;0;0;0;2;1;-18,89459327;-48,27186584;SPRF-MG;DEL15-MG;UOP01-DEL15-MG;;;
707722;27/07/2025;domingo;22:30:00;PR;376;223;CAMBIRA;Rea��o tardia ou ineficiente do condutor;Sa�da de leito carro��vel;Com V�timas Feridas;Plena Noite;Decrescente;Chuva;Dupla;Reta;Sim;1;0;1;0;0;0;1;1;-23,597754;-51,583321;SPRF-PR;DEL07-PR;UOP03-DEL07-PR;;;
707723;27/07/2025;domingo;23:20:00;SP;116;42,7;CACHOEIRA PAULISTA;Avarias e/ou desgaste excessivo no pneu;Tombamento;Com V�timas Feridas;Plena Noite;Decrescente;C�u Claro;Dupla;Reta;N�o;2;0;2;0;0;0;2;1;-22,6956933;-45,02781;SPRF-SP;DEL08-SP;UOP02-DEL08-SP;;;
707724;27/07/2025;domingo;23:50:00;PR;376;547,5;PALMEIRA;Rea��o tardia ou ineficiente do condutor;Sa�da de leito carro��vel;Sem V�timas;Plena Noite;Decrescente;Chuva;Dupla;"Retorno Regulamentado;Reta";N�o;2;0;0;0;2;0;0;1;-25,407346;-49,7817682;SPRF-PR;DEL03-PR;UOP03-DEL03-PR;;;
707725;27/07/2025;domingo;23:40:00;SC;101;206,8;SAO JOSE;Ingest�o de �lcool pelo condutor;Colis�o com objeto;Com V�timas Feridas;Plena Noite;Decrescente;Garoa/Chuvisco;M�ltipla;Curva;Sim;1;0;0;1;0;0;1;1;-27,60143904;-48,6247557;SPRF-SC;DEL01-SC;UOP01-DEL01-SC;;;
707726;27/07/2025;domingo;19:30:00;BA;420;312;SANTA INES;Rea��o tardia ou ineficiente do condutor;Sa�da de leito carro��vel;Com V�timas Fatais;Plena Noite;Decrescente;C�u Claro;Simples;Curva;N�o;4;1;1;2;0;0;3;1;-13,31843;-39,84843;SPRF-BA;DEL03-BA;UOP01-DEL03-BA;;;
707729;27/07/2025;domingo;23:00:00;RJ;116;204;SEROPEDICA;Transtornos Mentais (exceto suicidio);Atropelamento de Pedestre;Com V�timas Fatais;Plena Noite;Crescente;C�u Claro;Dupla;Reta;N�o;2;1;0;0;1;0;0;2;-22,7201762;-43,69330153;SPRF-RJ;DEL06-RJ;UOP02-DEL06-RJ;;;
707730;28/07/2025;segunda-feira;02:15:00;SC;282;220;LAGES;Aus�ncia de rea��o do condutor;Colis�o com objeto;Sem V�timas;Plena Noite;Decrescente;Nublado;Simples;Rotat�ria;Sim;1;0;0;0;0;1;0;1;-27,79479264;-50,32711698;SPRF-SC;DEL05-SC;UOP01-DEL05-SC;;;
707731;28/07/2025;segunda-feira;03:00:00;CE;116;161;RUSSAS;Desrespeitar a prefer�ncia no cruzamento;Colis�o transversal;Com V�timas Feridas;Plena Noite;Decrescente;C�u Claro;Simples;Interse��o de Vias;N�o;6;0;3;0;3;0;3;2;-4,92841892;-37,99008463;SPRF-CE;DEL03-CE;UOP01-DEL03-CE;;;
707732;28/07/2025;segunda-feira;02:53:00;PA;316;93;SAO FRANCISCO DO PARA;Transitar na contram�o;Colis�o lateral sentido oposto;Com V�timas Feridas;Plena Noite;Crescente;C�u Claro;Simples;Reta;N�o;3;0;0;3;0;0;3;2;-1,32426833;-47,66475;SPRF-PA;DEL01-PA;UOP02-DEL01-PA;;;
707733;28/07/2025;segunda-feira;00:00:00;MT;163;698;SORRISO;Aus�ncia de rea��o do condutor;Queda de ocupante de ve�culo;Com V�timas Feridas;Plena Noite;Decrescente;C�u Claro;Simples;Reta;N�o;1;0;1;0;0;0;1;1;-13,02446258;-55,89630699;SPRF-MT;DEL06-MT;UOP01-DEL06-MT;;;
707734;28/07/2025;segunda-feira;03:35:00;RS;116;249;SAO LEOPOLDO;Avarias e/ou desgaste excessivo no pneu;Sa�da de leito carro��vel;Com V�timas Feridas;Plena Noite;Crescente;Garoa/Chuvisco;Dupla;Reta;Sim;2;0;2;0;0;0;2;1;-29,78119612;-51,15934675;SPRF-RS;DEL01-RS;UOP02-DEL01-RS;;;
707735;28/07/2025;segunda-feira;03:20:00;RJ;40;108;DUQUE DE CAXIAS;Entrada inopinada do pedestre;Atropelamento de Pedestre;Com V�timas Feridas;Plena Noite;Decrescente;C�u Claro;M�ltipla;Reta;Sim;2;0;0;1;0;1;1;2;-22,665942;-43,284953;SPRF-RJ;DEL01-RJ;UOP02-DEL01-RJ;;;
707737;28/07/2025;segunda-feira;04:50:00;MG;267;61;BICAS;Entrada inopinada do pedestre;Atropelamento de Pedestre;Com V�timas Feridas;Plena Noite;Crescente;C�u Claro;Simples;Curva;Sim;3;0;0;1;1;1;1;2;-21,729913;-43,075224;SPRF-MG;DEL05-MG;UOP01-DEL05-MG;;;
707738;28/07/2025;segunda-feira;04:30:00;SP;381;44;ATIBAIA;Manobra de mudan�a de faixa;Sa�da de leito carro��vel;Com V�timas Feridas;Plena Noite;Crescente;Chuva;Dupla;Reta;Sim;2;0;1;1;0;0;2;1;-23,17508256;-46,5782547;SPRF-SP;DEL03-SP;UOP01-DEL03-SP;;;
707739;27/07/2025;domingo;18:10:00;MG;365;792;GURINHATA;Ingest�o de �lcool pelo condutor;Colis�o transversal;Sem V�timas;Plena Noite;Decrescente;C�u Claro;Simples;Reta;N�o;2;0;0;0;1;1;0;2;-18,93428;-49,83031333;SPRF-MG;DEL15-MG;UOP03-DEL15-MG;;;
707740;28/07/2025;segunda-feira;04:50:00;RJ;101;458;ANGRA DOS REIS;Animais na Pista;Atropelamento de Animal;Com V�timas Feridas;Amanhecer;Decrescente;C�u Claro;Simples;Declive;N�o;1;0;1;0;0;0;1;1;-23,03568863;-44,18267576;SPRF-RJ;DEL03-RJ;UOP03-DEL03-RJ;;;
707741;28/07/2025;segunda-feira;06:00:00;RN;101;81;SAO GONCALO DO AMARANTE;Aus�ncia de rea��o do condutor;Colis�o traseira;Com V�timas Feridas;Amanhecer;Crescente;Chuva;Dupla;Reta;Sim;2;0;0;1;1;0;1;2;-5,76457191;-35,28370254;SPRF-RN;DEL02-RN;UOP01-DEL02-RN;;;
707742;28/07/2025;segunda-feira;06:10:00;PB;101;89,9;JOAO PESSOA;Chuva;Tombamento;Com V�timas Feridas;Pleno dia;Decrescente;Chuva;Dupla;Reta;N�o;1;0;0;1;0;0;1;1;-7,178552;-34,899693;SPRF-PB;DEL01-PB;UOP01-DEL01-PB;;;
707743;27/07/2025;domingo;23:35:00;PI;316;12,9;TERESINA;Aus�ncia de rea��o do condutor;Colis�o com objeto;Com V�timas Feridas;Plena Noite;Crescente;C�u Claro;Dupla;Reta;Sim;1;0;0;1;0;0;1;1;-5,210453;-42,755105;SPRF-PI;DEL01-PI;UOP02-DEL01-PI;;;
707744;28/07/2025;segunda-feira;06:00:00;RJ;101;85;CAMPOS DOS GOYTACAZES;Demais falhas mec�nicas ou el�tricas;Inc�ndio;Sem V�timas;Amanhecer;Crescente;C�u Claro;Dupla;Reta;N�o;5;0;0;0;5;0;0;1;-21,8216024;-41,47701636;SPRF-RJ;DEL08-RJ;UOP02-DEL08-RJ;;;
707747;28/07/2025;segunda-feira;06:30:00;GO;70;415;MONTES CLAROS DE GOIAS;Transitar na contram�o;Colis�o frontal;Com V�timas Fatais;Amanhecer;Crescente;C�u Claro;Simples;Reta;N�o;5;2;0;0;3;0;0;2;-15,90028777;-51,43323172;SPRF-GO;DEL04-GO;UOP02-DEL04-GO;;;
707749;28/07/2025;segunda-feira;05:50:00;MG;262;470,4;BOM DESPACHO;Acessar a via sem observar a presen�a dos outros ve�culos;Colis�o transversal;Sem V�timas;Amanhecer;Decrescente;C�u Claro;Simples;"Interse��o de Vias;Rotat�ria";N�o;2;0;0;0;2;0;0;2;-19,78279788;-45,26002318;SPRF-MG;DEL08-MG;UOP03-DEL08-MG;;;
707750;28/07/2025;segunda-feira;07:00:00;RS;153;45,8;ERECHIM;Acessar a via sem observar a presen�a dos outros ve�culos;Colis�o transversal;Com V�timas Feridas;Amanhecer;Crescente;Garoa/Chuvisco;Simples;"Reta;Interse��o de Vias";Sim;2;0;0;1;1;0;1;2;-27,63439572;-52,23733518;SPRF-RS;DEL08-RS;UOP04-DEL08-RS;;;
707751;28/07/2025;segunda-feira;06:45:00;GO;20;7,3;FORMOSA;Pista Escorregadia;Queda de ocupante de ve�culo;Com V�timas Feridas;Amanhecer;Crescente;C�u Claro;Dupla;Reta;N�o;2;0;2;0;0;0;2;1;-15,548367;-47,289777;SPRF-DF;DEL02-DF;UOP02-DEL02-DF;;;
707752;28/07/2025;segunda-feira;07:10:00;DF;70;11;BRASILIA;Manobra de mudan�a de faixa;Colis�o traseira;Com V�timas Feridas;Pleno dia;Decrescente;C�u Claro;Dupla;Reta;N�o;2;0;1;0;1;0;1;2;-15,791048;-48,15326;SPRF-DF;DEL03-DF;UOP02-DEL03-DF;;;
707753;28/07/2025;segunda-feira;07:05:00;ES;101;146,6;LINHARES;Manobra de mudan�a de faixa;Colis�o lateral mesmo sentido;Com V�timas Feridas;Pleno dia;Crescente;C�u Claro;M�ltipla;Reta;Sim;3;0;1;0;1;1;1;3;-19,37623298;-40,06660283;SPRF-ES;DEL04-ES;UOP01-DEL04-ES;;;
707755;28/07/2025;segunda-feira;05:50:00;RJ;493;91;SEROPEDICA;Objeto est�tico sobre o leito carro��vel;Colis�o com objeto;Com V�timas Feridas;Amanhecer;Decrescente;C�u Claro;Dupla;Reta;N�o;2;0;1;0;1;0;1;2;-22,67613243;-43,65781657;SPRF-RJ;DEL01-RJ;UOP03-DEL01-RJ;;;
707756;28/07/2025;segunda-feira;07:10:00;RS;116;265;CANOAS;Manobra de mudan�a de faixa;Colis�o lateral mesmo sentido;Com V�timas Feridas;Pleno dia;Decrescente;C�u Claro;M�ltipla;Reta;N�o;2;0;1;0;0;1;1;2;-29,91531785;-51,17755651;SPRF-RS;DEL01-RS;UOP01-DEL01-RS;;;
707757;28/07/2025;segunda-feira;07:21:00;ES;101;290,8;CARIACICA;Acessar a via sem observar a presen�a dos outros ve�culos;Colis�o transversal;Com V�timas Feridas;Pleno dia;Crescente;C�u Claro;Dupla;"Reta;Retorno Regulamentado";Sim;2;0;1;0;1;0;1;2;-20,295806;-40,393701;SPRF-ES;DEL01-ES;UOP01-DEL01-ES;;;
707759;28/07/2025;segunda-feira;06:30:00;GO;20;0,1;FORMOSA;Pista Escorregadia;Queda de ocupante de ve�culo;Com V�timas Feridas;Pleno dia;Crescente;C�u Claro;Simples;"Curva;Aclive;Em Obras";Sim;2;0;2;0;0;0;2;1;-15,58104145;-47,33940125;SPRF-DF;DEL02-DF;UOP02-DEL02-DF;;;
707761;27/07/2025;domingo;22:00:00;GO;364;386;SANTA RITA DO ARAGUAIA;Ingest�o de �lcool pelo condutor;Colis�o traseira;Com V�timas Feridas;Plena Noite;Crescente;C�u Claro;Dupla;Reta;Sim;2;0;1;0;1;0;1;2;-17,32226767;-53,20908442;SPRF-GO;DEL05-GO;UOP01-DEL05-GO;;;
707763;28/07/2025;segunda-feira;07:35:00;RN;101;81;NATAL;Condutor deixou de manter dist�ncia do ve�culo da frente;Colis�o traseira;Com V�timas Feridas;Pleno dia;Crescente;Chuva;Dupla;Reta;Sim;3;0;1;0;2;0;1;2;-5,772417;-35,26275;SPRF-RN;DEL02-RN;UOP01-DEL02-RN;;;
707764;28/07/2025;segunda-feira;06:20:00;MG;50;103;UBERABA;Rea��o tardia ou ineficiente do condutor;Colis�o traseira;Com V�timas Feridas;Amanhecer;Decrescente;C�u Claro;Dupla;Reta;N�o;3;0;1;0;2;0;1;2;-19,7031785;-47,9852668;SPRF-MG;DEL13-MG;UOP01-DEL13-MG;;;