id;data_inversa;dia_semana;horario;uf;br;km;municipio;causa_acidente;tipo_acidente;classificacao_acidente;fase_dia;sentido_via;condicao_metereologica;tipo_pista;tracado_via;uso_solo;pessoas;mortos;feridos_leves;feridos_graves;ilesos;ignorados;feridos;veiculos;latitude;longitude;regional;delegacia;uop;;;
707765;27/07/2025;domingo;23:40:00;RJ;116;299;RESENDE;Condutor Dormindo;Colis�o com objeto;Com V�timas Feridas;Plena Noite;Decrescente;Nublado;Simples;Reta;N�o;1;0;1;0;0;0;1;1;-22,45421601;-44,37298235;SPRF-RJ;DEL07-RJ;UOP02-DEL07-RJ;;;
707766;28/07/2025;segunda-feira;07:51:00;RN;405;0,3;MOSSORO;Desrespeitar a prefer�ncia no cruzamento;Colis�o transversal;Com V�timas Feridas;Pleno dia;Crescente;C�u Claro;Simples;"Reta;Interse��o de Vias";Sim;2;0;1;0;1;0;1;2;-5,190974;-37,355008;SPRF-RN;DEL04-RN;UOP02-DEL04-RN;;;
707768;28/07/2025;segunda-feira;05:10:00;MT;174;325;PONTES E LACERDA;Animais na Pista;Atropelamento de Animal;Com V�timas Feridas;Amanhecer;Crescente;C�u Claro;Simples;"Reta;Aclive";N�o;1;0;0;1;0;0;1;1;-14,944014;-59,290873;SPRF-MT;DEL04-MT;UOP01-DEL04-MT;;;
707769;28/07/2025;segunda-feira;08:10:00;ES;101;125;SOORETAMA;Condutor deixou de manter dist�ncia do ve�culo da frente;Colis�o traseira;Com V�timas Feridas;Pleno dia;Crescente;C�u Claro;M�ltipla;"Reta;Aclive";Sim;2;0;1;0;1;0;1;2;-19,18919522;-40,09490146;SPRF-ES;DEL04-ES;UOP01-DEL04-ES;;;
707770;28/07/2025;segunda-feira;05:00:00;MT;163;542,3;DIAMANTINO;Condutor Dormindo;Sa�da de leito carro��vel;Com V�timas Feridas;Plena Noite;Crescente;C�u Claro;Dupla;Reta;N�o;3;0;2;0;1;0;2;1;-14,279119;-56,152903;SPRF-MT;DEL01-MT;UOP01-DEL01-MT;;;
707771;04/07/2025;sexta-feira;19:45:00;SE;235;36;AREIA BRANCA;Animais na Pista;Atropelamento de Animal;Com V�timas Feridas;Plena Noite;Decrescente;C�u Claro;Simples;Reta;N�o;1;0;1;0;0;0;1;1;-10,767232;-37,327058;SPRF-SE;DEL01-SE;UOP02-DEL01-SE;;;
707773;28/07/2025;segunda-feira;06:20:00;MT;364;575;NOBRES;Rea��o tardia ou ineficiente do condutor;Sa�da de leito carro��vel;Com V�timas Feridas;Pleno dia;Crescente;C�u Claro;Dupla;Reta;N�o;1;0;1;0;0;0;1;1;-14,626073;-56,267209;SPRF-MT;DEL01-MT;UOP01-DEL01-MT;;;
707774;28/07/2025;segunda-feira;07:12:00;SC;101;380,4;ICARA;Desrespeitar a prefer�ncia no cruzamento;Colis�o transversal;Com V�timas Feridas;Pleno dia;Crescente;C�u Claro;M�ltipla;Interse��o de Vias;Sim;2;0;1;0;1;0;1;2;-28,76081431;-49,28773429;SPRF-SC;DEL02-SC;UOP02-DEL02-SC;;;
707775;28/07/2025;segunda-feira;06:50:00;MT;163;804;SINOP;Pista Escorregadia;Sa�da de leito carro��vel;Com V�timas Feridas;Amanhecer;Crescente;C�u Claro;Simples;Reta;N�o;5;0;1;1;3;0;2;1;-12,1367375;-55,51484004;SPRF-MT;DEL06-MT;UOP02-DEL06-MT;;;
707776;11/07/2025;sexta-feira;19:15:00;MT;158;629;AGUA BOA;Transitar na contram�o;Colis�o frontal;Com V�timas Fatais;Plena Noite;Decrescente;C�u Claro;Simples;Reta;N�o;3;1;0;1;0;1;1;2;-14,526521;-52,303866;SPRF-MT;DEL07-MT;UOP02-DEL07-MT;;;
707778;27/07/2025;domingo;21:00:00;MG;262;658;IBIA;Animais na Pista;Atropelamento de Animal;Com V�timas Feridas;Plena Noite;Crescente;C�u Claro;Simples;Reta;N�o;4;0;2;0;2;0;2;1;-19,57937;-46,711476;SPRF-MG;DEL08-MG;UOP01-DEL08-MG;;;
707779;28/07/2025;segunda-feira;09:00:00;RN;101;94;NATAL;Condutor deixou de manter dist�ncia do ve�culo da frente;Colis�o traseira;Com V�timas Feridas;Pleno dia;Crescente;Sol;Dupla;Viaduto;Sim;3;0;2;0;0;1;2;2;-5,83384185;-35,21226374;SPRF-RN;DEL01-RN;UOP01-DEL01-RN;;;
707781;28/07/2025;segunda-feira;08:40:00;PR;277;724;FOZ DO IGUACU;Manobra de mudan�a de faixa;Colis�o lateral mesmo sentido;Com V�timas Feridas;Pleno dia;Decrescente;C�u Claro;Dupla;Reta;N�o;2;0;1;0;1;0;1;2;-25,5095414;-54,5958285;SPRF-PR;DEL05-PR;UOP03-DEL05-PR;;;
707784;28/07/2025;segunda-feira;08:55:00;BA;242;226;ITABERABA;Rea��o tardia ou ineficiente do condutor;Queda de ocupante de ve�culo;Com V�timas Feridas;Pleno dia;Decrescente;C�u Claro;Simples;"Curva;Rotat�ria";Sim;2;0;2;0;0;0;2;1;-12,51891072;-40,28249718;SPRF-BA;DEL06-BA;UOP02-DEL06-BA;;;
707787;28/07/2025;segunda-feira;09:40:00;MG;381;896;CAMBUI;Acumulo de �gua sobre o pavimento;Colis�o com objeto;Com V�timas Feridas;Pleno dia;Crescente;Chuva;Dupla;Curva;N�o;1;0;1;0;0;0;1;1;-22,59582259;-46,05640411;SPRF-MG;DEL16-MG;UOP01-DEL16-MG;;;
707788;28/07/2025;segunda-feira;09:00:00;RJ;101;415,4;MANGARATIBA;Acessar a via sem observar a presen�a dos outros ve�culos;Colis�o traseira;Com V�timas Feridas;Pleno dia;Crescente;Nublado;Dupla;Reta;Sim;2;0;1;0;1;0;1;2;-22,90961845;-43,89239788;SPRF-RJ;DEL03-RJ;UOP02-DEL03-RJ;;;
707789;28/07/2025;segunda-feira;09:30:00;ES;101;267,1;SERRA;Manobra de mudan�a de faixa;Queda de ocupante de ve�culo;Com V�timas Feridas;Pleno dia;Crescente;C�u Claro;M�ltipla;Reta;Sim;1;0;1;0;0;0;1;1;-20,19859505;-40,26896864;SPRF-ES;DEL02-ES;UOP01-DEL02-ES;;;
707792;28/07/2025;segunda-feira;09:30:00;MG;50;80,8;UBERLANDIA;Rea��o tardia ou ineficiente do condutor;Sa�da de leito carro��vel;Com V�timas Feridas;Pleno dia;Crescente;C�u Claro;Dupla;"Em Obras;Declive;Reta";N�o;1;0;1;0;0;0;1;1;-18,966668;-48,215132;SPRF-MG;DEL15-MG;UOP01-DEL15-MG;;;
707793;28/07/2025;segunda-feira;09:37:00;ES;101;294;CARIACICA;Entrada inopinada do pedestre;Atropelamento de Pedestre;Com V�timas Feridas;Pleno dia;Decrescente;C�u Claro;Dupla;Reta;Sim;2;0;0;1;1;0;1;2;-20,3296923;-40,3997527;SPRF-ES;DEL01-ES;UOP01-DEL01-ES;;;
707794;28/07/2025;segunda-feira;09:50:00;GO;153;657;GOIATUBA;Aus�ncia de rea��o do condutor;Sa�da de leito carro��vel;Com V�timas Feridas;Pleno dia;Decrescente;C�u Claro;Dupla;Declive;N�o;2;0;2;0;0;0;2;1;-18,032816;-49,2684089;SPRF-GO;DEL03-GO;UOP01-DEL03-GO;;;
707795;28/07/2025;segunda-feira;09:15:00;MG;381;478;CONTAGEM;Aus�ncia de rea��o do condutor;Colis�o traseira;Com V�timas Feridas;Pleno dia;Crescente;C�u Claro;Dupla;Reta;N�o;2;0;1;0;1;0;1;2;-19,96190264;-44,03890785;SPRF-MG;DEL01-MG;UOP03-DEL01-MG;;;
707796;28/07/2025;segunda-feira;10:29:00;ES;101;292,9;CARIACICA;Aus�ncia de rea��o do condutor;Colis�o traseira;Com V�timas Feridas;Pleno dia;Decrescente;C�u Claro;Dupla;Declive;Sim;4;0;1;0;3;0;1;4;-20,31855038;-40,39638519;SPRF-ES;DEL01-ES;UOP01-DEL01-ES;;;
707798;28/07/2025;segunda-feira;07:30:00;PB;104;114;LAGOA SECA;Condutor deixou de manter dist�ncia do ve�culo da frente;Colis�o traseira;Com V�timas Feridas;Pleno dia;Crescente;Chuva;Simples;Reta;Sim;2;0;1;0;1;0;1;2;-7,1592012;-35,85593373;SPRF-PB;DEL02-PB;UOP04-DEL02-PB;;;
707799;28/07/2025;segunda-feira;08:30:00;MG;40;644,6;CRISTIANO OTONI;Estacionar ou parar em local proibido;Colis�o traseira;Com V�timas Feridas;Pleno dia;Decrescente;C�u Claro;Simples;Reta;N�o;2;0;0;1;0;1;1;2;-20,78199665;-43,8115325;SPRF-MG;DEL05-MG;UOP02-DEL05-MG;;;
707800;28/03/2025;sexta-feira;22:56:00;PE;428;144;PETROLINA;Condutor Dormindo;Sa�da de leito carro��vel;Com V�timas Feridas;Plena Noite;Crescente;C�u Claro;Simples;Aclive;N�o;1;0;0;1;0;0;1;1;-9,026788;-40,285783;SPRF-PE;DEL06-PE;UOP01-DEL06-PE;;;
707801;28/07/2025;segunda-feira;09:00:00;RS;480;67;BARAO DE COTEGIPE;Avarias e/ou desgaste excessivo no pneu;Sa�da de leito carro��vel;Sem V�timas;Pleno dia;Crescente;Chuva;Dupla;"Aclive;Curva";N�o;1;0;0;0;0;1;0;1;-27,63629001;-52,35102296;SPRF-RS;DEL08-RS;UOP04-DEL08-RS;;;
707803;28/07/2025;segunda-feira;09:45:00;PR;153;49,3;SANTO ANTONIO DA PLATINA;Rea��o tardia ou ineficiente do condutor;Queda de ocupante de ve�culo;Com V�timas Feridas;Pleno dia;Decrescente;C�u Claro;Simples;Reta;N�o;1;0;1;0;0;0;1;1;-23,35941962;-50,06258905;SPRF-PR;DEL07-PR;UOP04-DEL07-PR;;;
707805;28/07/2025;segunda-feira;11:12:00;SC;280;74,7;JARAGUA DO SUL;Rea��o tardia ou ineficiente do condutor;Colis�o traseira;Com V�timas Feridas;Pleno dia;Crescente;C�u Claro;Simples;Reta;N�o;2;0;1;0;1;0;1;2;-26,459205;-49,154488;SPRF-SC;DEL03-SC;UOP03-DEL03-SC;;;
707810;28/07/2025;segunda-feira;11:30:00;SC;101;151;ITAPEMA;Condutor deixou de manter dist�ncia do ve�culo da frente;Colis�o traseira;Com V�timas Feridas;Pleno dia;Crescente;C�u Claro;Dupla;Reta;Sim;3;0;1;0;1;1;1;2;-27,13175056;-48,60968336;SPRF-SC;DEL04-SC;UOP03-DEL04-SC;;;
707811;28/07/2025;segunda-feira;06:50:00;MG;116;511,5;UBAPORANGA;Demais falhas mec�nicas ou el�tricas;Inc�ndio;Sem V�timas;Pleno dia;Crescente;Sol;Simples;Reta;N�o;1;0;0;0;1;0;0;1;-19,659585;-42,116423;SPRF-MG;DEL06-MG;UOP02-DEL06-MG;;;
707815;28/07/2025;segunda-feira;12:30:00;RS;290;725;URUGUAIANA;Acessar a via sem observar a presen�a dos outros ve�culos;Colis�o transversal;Com V�timas Feridas;Pleno dia;Decrescente;Nublado;Simples;"Interse��o de Vias;Rotat�ria";Sim;2;0;1;0;1;0;1;2;-29,74808966;-57,07821947;SPRF-RS;DEL13-RS;UOP01-DEL13-RS;;;
707816;28/07/2025;segunda-feira;11:50:00;CE;222;35,2;CAUCAIA;Demais falhas mec�nicas ou el�tricas;Queda de ocupante de ve�culo;Com V�timas Feridas;Pleno dia;Crescente;C�u Claro;Dupla;Reta;N�o;1;0;1;0;0;0;1;1;-3,69989144;-38,86857319;SPRF-CE;DEL01-CE;UOP01-DEL01-CE;;;
707818;28/07/2025;segunda-feira;10:00:00;PE;232;136;CARUARU;Pista esburacada;Colis�o lateral mesmo sentido;Com V�timas Feridas;Pleno dia;Decrescente;Chuva;Dupla;Reta;N�o;3;0;2;0;1;0;2;2;-8,313655;-36,041954;SPRF-PE;DEL02-PE;UOP03-DEL02-PE;;;
707819;28/07/2025;segunda-feira;11:20:00;PE;232;73;GRAVATA;Demais falhas mec�nicas ou el�tricas;Inc�ndio;Sem V�timas;Pleno dia;Crescente;Chuva;Dupla;Reta;Sim;1;0;0;0;1;0;0;1;-8,1931;-35,51495;SPRF-PE;DEL02-PE;UOP02-DEL02PE;;;
707820;12/07/2025;s�bado;13:30:00;SC;280;80,6;CORUPA;Aus�ncia de rea��o do condutor;Sa�da de leito carro��vel;Com V�timas Feridas;Pleno dia;Crescente;C�u Claro;Simples;"Interse��o de Vias;Reta";N�o;1;0;1;0;0;0;1;1;-26,44052234;-49,22268597;SPRF-SC;DEL06-SC;UOP03-DEL06-SC;;;
707821;28/07/2025;segunda-feira;04:30:00;RJ;116;136;MAGE;Aus�ncia de rea��o do condutor;Sa�da de leito carro��vel;Com V�timas Feridas;Plena Noite;Crescente;C�u Claro;Dupla;Reta;N�o;3;0;2;1;0;0;3;1;-22,64918525;-43,17451;SPRF-RJ;DEL04-RJ;UOP02-DEL04-RJ;;;
707822;28/07/2025;segunda-feira;09:00:00;PR;163;151;SANTA LUCIA;Pista Escorregadia;Sa�da de leito carro��vel;Com V�timas Feridas;Pleno dia;Crescente;Nevoeiro/Neblina;Dupla;Reta;N�o;1;0;1;0;0;0;1;1;-25,39105934;-53,57650548;SPRF-PR;DEL05-PR;UOP05-DEL05-PR;;;
707824;28/07/2025;segunda-feira;12:30:00;SC;280;42,8;GUARAMIRIM;Demais falhas mec�nicas ou el�tricas;Inc�ndio;Sem V�timas;Pleno dia;Decrescente;C�u Claro;Dupla;"Em Obras;Aclive;Rotat�ria";N�o;1;0;0;0;1;0;0;1;-26,451434;-48,875733;SPRF-SC;DEL03-SC;UOP03-DEL03-SC;;;
707827;28/07/2025;segunda-feira;12:55:00;DF;20;10;BRASILIA;Manobra de mudan�a de faixa;Colis�o traseira;Com V�timas Feridas;Pleno dia;Crescente;C�u Claro;Dupla;"Em Obras;Aclive;Reta";Sim;2;0;1;0;1;0;1;2;-15,65028638;-47,77380679;SPRF-DF;DEL02-DF;UOP01-DEL02-DF;;;
707828;28/07/2025;segunda-feira;08:20:00;PI;230;192;OEIRAS;Mal s�bito do condutor;Sa�da de leito carro��vel;Com V�timas Feridas;Pleno dia;Decrescente;C�u Claro;Simples;"Declive;Curva";Sim;3;0;2;0;1;0;2;1;-6,987123;-42,091558;SPRF-PI;DEL04-PI;UOP01-DEL04-PI;;;
707831;28/07/2025;segunda-feira;13:10:00;PR;116;15,6;COLOMBO;Rea��o tardia ou ineficiente do condutor;Colis�o transversal;Com V�timas Feridas;Pleno dia;Crescente;C�u Claro;Dupla;Reta;Sim;2;0;1;0;1;0;1;2;-25,37953325;-49,15930688;SPRF-PR;DEL01-PR;UOP02-DEL01-PR;;;
707832;28/07/2025;segunda-feira;13:45:00;SC;101;133,7;BALNEARIO CAMBORIU;Acessar a via sem observar a presen�a dos outros ve�culos;Colis�o transversal;Com V�timas Feridas;Pleno dia;Decrescente;C�u Claro;Simples;Interse��o de Vias;Sim;2;0;1;0;1;0;1;2;-27,00204647;-48,63835028;SPRF-SC;DEL04-SC;UOP03-DEL04-SC;;;
707833;28/07/2025;segunda-feira;13:40:00;SC;101;202,8;SAO JOSE;Trafegar com motocicleta (ou similar) entre as faixas;Colis�o traseira;Com V�timas Feridas;Pleno dia;Crescente;C�u Claro;Dupla;Reta;Sim;2;0;1;0;1;0;1;2;-27,5636601;-48,615325;SPRF-SC;DEL01-SC;UOP01-DEL01-SC;;;
707835;28/07/2025;segunda-feira;12:30:00;SC;280;274,4;IRINEOPOLIS;Ultrapassagem Indevida;Colis�o lateral mesmo sentido;Com V�timas Feridas;Pleno dia;Crescente;Nublado;Simples;"Reta;Aclive";N�o;7;0;1;2;3;1;3;4;-26,28522135;-50,77842089;SPRF-SC;DEL06-SC;UOP04-DEL06-SC;;;
707837;28/07/2025;segunda-feira;13:20:00;PR;369;181,7;ARAPONGAS;Rea��o tardia ou ineficiente do condutor;Sa�da de leito carro��vel;Com V�timas Feridas;Pleno dia;Decrescente;C�u Claro;Dupla;Reta;Sim;1;0;1;0;0;0;1;1;-23,38216;-51,417924;SPRF-PR;DEL07-PR;UOP03-DEL07-PR;;;
707838;28/07/2025;segunda-feira;08:50:00;MG;116;669,2;MIRADOURO;Transitar na contram�o;Colis�o lateral sentido oposto;Com V�timas Feridas;Pleno dia;Crescente;C�u Claro;Simples;Curva;N�o;7;0;3;0;4;0;3;2;-20,86406139;-42,32882291;SPRF-MG;DEL07-MG;UOP02-DEL07-MG;;;
707841;28/07/2025;segunda-feira;14:15:00;MG;50;82;UBERLANDIA;Entrada inopinada do pedestre;Atropelamento de Pedestre;Com V�timas Feridas;Pleno dia;Crescente;C�u Claro;Dupla;Declive;N�o;1;0;0;1;0;0;1;1;-18,985251;-48,212391;SPRF-MG;DEL15-MG;UOP01-DEL15-MG;;;
707842;28/07/2025;segunda-feira;13:30:00;PE;232;7;RECIFE;Chuva;Sa�da de leito carro��vel;Sem V�timas;Pleno dia;Decrescente;Chuva;Dupla;Reta;Sim;1;0;0;0;1;0;0;1;-8,07379;-34,96333;SPRF-PE;DEL01-PE;UOP01-DEL01-PE;;;
707846;28/07/2025;segunda-feira;14:40:00;MG;381;550;ITAGUARA;Condutor Dormindo;Sa�da de leito carro��vel;Com V�timas Feridas;Pleno dia;Crescente;Sol;Dupla;Reta;N�o;3;0;2;0;1;0;2;1;-20,32949663;-44,45549011;SPRF-MG;DEL04-MG;UOP03-DEL04-MG;;;
707848;28/07/2025;segunda-feira;15:00:00;SC;101;31;JOINVILLE;Aus�ncia de rea��o do condutor;Sa�da de leito carro��vel;Sem V�timas;Pleno dia;Decrescente;C�u Claro;Dupla;"Reta;Aclive";N�o;5;0;0;0;5;0;0;1;-26,23479194;-48,91597923;SPRF-SC;DEL03-SC;UOP01-DEL03-SC;;;
707850;28/07/2025;segunda-feira;11:15:00;MT;364;206,4;RONDONOPOLIS;Condutor deixou de manter dist�ncia do ve�culo da frente;Colis�o traseira;Com V�timas Feridas;Pleno dia;Decrescente;C�u Claro;Dupla;Rotat�ria;Sim;2;0;1;0;1;0;1;2;-16,44757923;-54,66726065;SPRF-MT;DEL02-MT;UOP01-DEL02-MT;;;
707851;28/07/2025;segunda-feira;15:20:00;SC;101;213,5;PALHOCA;Desrespeitar a prefer�ncia no cruzamento;Colis�o transversal;Com V�timas Feridas;Pleno dia;Decrescente;C�u Claro;Dupla;Interse��o de Vias;Sim;2;0;0;1;1;0;1;2;-27,64363518;-48,66964214;SPRF-SC;DEL01-SC;UOP02-DEL01-SC;;;
707852;28/07/2025;segunda-feira;13:58:00;RS;290;183,3;MINAS DO LEAO;Acessar a via sem observar a presen�a dos outros ve�culos;Colis�o transversal;Com V�timas Fatais;Pleno dia;Decrescente;C�u Claro;Simples;Interse��o de Vias;Sim;3;1;0;1;1;0;1;2;-30,144317;-52,046268;SPRF-RS;DEL02-RS;UOP03-DEL02-RS;;;
707853;28/07/2025;segunda-feira;15:10:00;RN;405;121,1;TABOLEIRO GRANDE;Pista esburacada;Colis�o frontal;Com V�timas Fatais;Pleno dia;Decrescente;C�u Claro;Simples;"Reta;Declive";N�o;2;1;0;1;0;0;1;2;-5,908432;-38,071488;SPRF-RN;DEL04-RN;UOP02-DEL04-RN;;;
707854;28/07/2025;segunda-feira;14:30:00;MT;70;381;CAMPO VERDE;Ingest�o de �lcool pelo condutor;Colis�o traseira;Sem V�timas;Pleno dia;Crescente;C�u Claro;Simples;Reta;Sim;2;0;0;0;2;0;0;2;-15,535367;-55,139083;SPRF-MT;DEL05-MT;UOP02-DEL05-MT;;;
707855;19/07/2025;s�bado;08:30:00;MS;163;829;SONORA;Demais falhas mec�nicas ou el�tricas;Inc�ndio;Sem V�timas;Pleno dia;Crescente;C�u Claro;Dupla;Reta;N�o;1;0;0;0;1;0;0;1;-17,60631149;-54,74598885;SPRF-MS;DEL06-MS;UOP01-DEL06-MS;;;
707859;28/07/2025;segunda-feira;16:00:00;RJ;116;173;SAO JOAO DE MERITI;Rea��o tardia ou ineficiente do condutor;Atropelamento de Pedestre;Com V�timas Feridas;Pleno dia;Crescente;C�u Claro;M�ltipla;Reta;Sim;3;0;3;0;0;0;3;2;-22,80077589;-43,35206;SPRF-RJ;DEL06-RJ;UOP01-DEL06-RJ;;;
707860;28/07/2025;segunda-feira;14:20:00;SC;101;199;BIGUACU;Avarias e/ou desgaste excessivo no pneu;Tombamento;Com V�timas Feridas;Pleno dia;Crescente;C�u Claro;M�ltipla;Reta;Sim;1;0;1;0;0;0;1;1;-27,530254;-48,632997;SPRF-SC;DEL01-SC;UOP01-DEL01-SC;;;
707861;28/07/2025;segunda-feira;15:30:00;ES;101;386,5;RIO NOVO DO SUL;Aus�ncia de rea��o do condutor;Sa�da de leito carro��vel;Com V�timas Feridas;Pleno dia;Decrescente;C�u Claro;Simples;Curva;N�o;2;0;1;1;0;0;2;1;-20,844807;-40,877143;SPRF-ES;DEL03-ES;UOP01-DEL03-ES;;;
707862;28/07/2025;segunda-feira;10:50:00;SC;282;186;BOCAINA DO SUL;Aus�ncia de rea��o do condutor;Engavetamento;Sem V�timas;Pleno dia;Crescente;Garoa/Chuvisco;Simples;"Reta;Declive";N�o;6;0;0;0;6;0;0;6;-27,738278;-50,008743;SPRF-SC;DEL05-SC;UOP01-DEL05-SC;;;
707864;28/07/2025;segunda-feira;11:30:00;RJ;101;381,7;RIO DE JANEIRO;Rea��o tardia ou ineficiente do condutor;Colis�o traseira;Com V�timas Feridas;Pleno dia;Decrescente;Nublado;Dupla;Reta;Sim;3;0;1;0;2;0;1;3;-22,87288402;-43,6065495;SPRF-RJ;DEL03-RJ;UOP01-DEL03-RJ;;;
707866;28/07/2025;segunda-feira;16:13:00;RS;158;332;SANTA MARIA;Acessar a via sem observar a presen�a dos outros ve�culos;Colis�o transversal;Com V�timas Feridas;Pleno dia;Crescente;C�u Claro;Simples;Reta;Sim;2;0;1;0;1;0;1;2;-29,70847614;-53,86440609;SPRF-RS;DEL09-RS;UOP01-DEL09-RS;;;
707867;28/07/2025;segunda-feira;15:00:00;PR;369;174,6;ROLANDIA;Aus�ncia de rea��o do condutor;Colis�o traseira;Com V�timas Feridas;Pleno dia;Crescente;C�u Claro;Simples;Reta;Sim;2;0;1;0;1;0;1;2;-23,319;-51,38;SPRF-PR;DEL07-PR;UOP01-DEL07-PR;;;
707868;28/07/2025;segunda-feira;16:10:00;MG;365;625;UBERLANDIA;Chuva;Colis�o com objeto;Sem V�timas;Pleno dia;Decrescente;Chuva;Dupla;Curva;Sim;1;0;0;0;1;0;0;1;-18,908032;-48,300956;SPRF-MG;DEL15-MG;UOP01-DEL15-MG;;;
707869;28/07/2025;segunda-feira;14:20:00;MG;40;268;SAO GONCALO DO ABAETE;Pista Escorregadia;Tombamento;Com V�timas Feridas;Pleno dia;Crescente;Sol;Simples;Curva;N�o;2;0;2;0;0;0;2;1;-18,17031867;-45,2866745;SPRF-MG;DEL14-MG;UOP02-DEL14-MG;;;
707871;28/07/2025;segunda-feira;14:40:00;TO;153;142;ARAGUAINA;Aus�ncia de rea��o do condutor;Colis�o traseira;Com V�timas Feridas;Pleno dia;Decrescente;C�u Claro;Simples;Reta;Sim;1;0;1;0;0;0;1;1;-7,1856;-48,2286;SPRF-TO;DEL02-TO;UOP01-DEL02-TO;;;
707872;28/07/2025;segunda-feira;16:35:00;MG;262;478,1;BOM DESPACHO;Velocidade Incompat�vel;Sa�da de leito carro��vel;Com V�timas Feridas;Pleno dia;Decrescente;Chuva;Simples;"Reta;Declive";N�o;2;0;2;0;0;0;2;1;-19,78368;-45,3326;SPRF-MG;DEL08-MG;UOP03-DEL08-MG;;;
707873;28/07/2025;segunda-feira;11:30:00;RO;364;767;PORTO VELHO;Avarias e/ou desgaste excessivo no pneu;Eventos at�picos;Com V�timas Feridas;Pleno dia;Decrescente;C�u Claro;Simples;Reta;N�o;1;0;1;0;0;0;1;1;-8,781824;-63,8844928;SPRF-RO;DEL01-RO;UOP02-DEL01-RO;;;
707875;28/07/2025;segunda-feira;16:26:00;RS;290;19;SANTO ANTONIO DA PATRULHA;Velocidade Incompat�vel;Capotamento;Com V�timas Feridas;Pleno dia;Crescente;Chuva;Dupla;Curva;N�o;1;0;1;0;0;0;1;1;-29,885064;-50,47661;SPRF-RS;DEL03-RS;UOP01-DEL03-RS;;;
707876;28/07/2025;segunda-feira;14:25:00;PE;232;285;SERTANIA;Rea��o tardia ou ineficiente do condutor;Sa�da de leito carro��vel;Com V�timas Feridas;Pleno dia;Crescente;Nublado;Simples;Reta;N�o;1;0;1;0;0;0;1;1;-8,336;-37,32200861;SPRF-PE;DEL04-PE;UOP02-DEL04-PE;;;
707878;28/07/2025;segunda-feira;16:10:00;GO;70;9;AGUAS LINDAS DE GOIAS;Rea��o tardia ou ineficiente do condutor;Atropelamento de Pedestre;Com V�timas Feridas;Pleno dia;Crescente;C�u Claro;Dupla;Reta;Sim;3;0;1;0;2;0;1;2;-15,74230568;-48,2689476;SPRF-DF;DEL03-DF;UOP02-DEL03-DF;;;
707879;02/05/2025;sexta-feira;20:30:00;PI;316;15;TERESINA;Condutor Dormindo;Sa�da de leito carro��vel;Com V�timas Feridas;Plena Noite;Crescente;C�u Claro;Dupla;Reta;N�o;1;0;0;1;0;0;1;1;-5,230805;-42,747833;SPRF-PI;DEL01-PI;UOP02-DEL01-PI;;;
707881;10/06/2025;ter�a-feira;08:50:00;BA;324;619;SALVADOR;Objeto est�tico sobre o leito carro��vel;Queda de ocupante de ve�culo;Com V�timas Feridas;Pleno dia;Crescente;Nublado;M�ltipla;"Reta;Em Obras";Sim;1;0;1;0;0;0;1;1;-12,91059716;-38,45857568;SPRF-BA;DEL01-BA;UOP01-DEL01-BA;;;
707885;28/07/2025;segunda-feira;17:00:00;CE;116;15,9;FORTALEZA;Rea��o tardia ou ineficiente do condutor;Engavetamento;Com V�timas Feridas;Pleno dia;Decrescente;Sol;Dupla;"Reta;Aclive";Sim;7;0;1;0;4;2;1;4;-3,88627755;-38,50153327;SPRF-CE;DEL01-CE;UOP02-DEL01-CE;;;
707886;28/07/2025;segunda-feira;16:10:00;PE;101;34,8;ITAPISSUMA;Demais falhas mec�nicas ou el�tricas;Sa�da de leito carro��vel;Com V�timas Feridas;Pleno dia;Decrescente;Chuva;Dupla;Reta;N�o;2;0;1;0;1;0;1;1;-7,777653;-34,932678;SPRF-PE;DEL01-PE;UOP02-DEL01-PE;;;
707887;28/07/2025;segunda-feira;17:00:00;TO;153;393;RIO DOS BOIS;Rea��o tardia ou ineficiente do condutor;Colis�o traseira;Com V�timas Feridas;Pleno dia;Crescente;C�u Claro;Simples;Aclive;N�o;5;0;1;0;4;0;1;2;-9,355968;-48,545753;SPRF-TO;DEL02-TO;UOP02-DEL02-TO;;;
707888;28/07/2025;segunda-feira;17:30:00;RN;101;101,7;PARNAMIRIM;Manobra de mudan�a de faixa;Colis�o lateral mesmo sentido;Com V�timas Feridas;Anoitecer;Crescente;C�u Claro;M�ltipla;Interse��o de Vias;Sim;3;0;2;0;1;0;2;2;-5,887902;-35,238352;SPRF-RN;DEL01-RN;UOP01-DEL01-RN;;;
707889;28/07/2025;segunda-feira;17:30:00;SP;116;280;EMBU DAS ARTES;Condutor deixou de manter dist�ncia do ve�culo da frente;Colis�o traseira;Com V�timas Feridas;Plena Noite;Decrescente;Nublado;Dupla;Reta;Sim;2;0;1;0;1;0;1;2;-23,65369911;-46,84828029;SPRF-SP;DEL04-SP;UOP01-DEL04-SP;;;
707891;28/07/2025;segunda-feira;17:45:00;ES;101;297;CARIACICA;Condutor deixou de manter dist�ncia do ve�culo da frente;Colis�o traseira;Com V�timas Feridas;Plena Noite;Crescente;C�u Claro;Dupla;Reta;Sim;2;0;1;0;0;1;1;2;-20,34817903;-40,41180575;SPRF-ES;DEL01-ES;UOP01-DEL01-ES;;;